# https://github.com/mikedh/trimesh
mtllib material.mtl
usemtl Ground_Dirt
v 78.30542109 31.48301483 -12.07668050
v 77.43230555 30.62073346 -11.60950201
v 78.85574457 30.37043585 -11.99805178
v 77.43230555 30.62073346 -11.60950201
v 76.45065424 29.71563561 -10.94583610
v 78.85574457 30.37043585 -11.99805178
v 81.05216334 24.12146565 -10.15324790
v 78.85295985 24.79980280 -9.79988498
v 79.85389826 23.34484679 -9.49824900
v 80.32887385 25.13475596 -10.69571328
v 78.85295985 24.79980280 -9.79988498
v 81.05216334 24.12146565 -10.15324790
v 78.24412653 26.97283737 -10.38220650
v 78.85295985 24.79980280 -9.79988498
v 80.32887385 25.13475596 -10.69571328
v 76.83551142 26.05290795 -9.88560906
v 77.19413111 24.01728644 -9.04893881
v 78.24412653 26.97283737 -10.38220650
v 76.83551142 26.05290795 -9.88560906
v 79.76381037 28.69264005 -11.46699987
v 78.24412653 26.97283737 -10.38220650
v 81.73513911 25.34247284 -11.08725384
v 81.73513911 25.34247284 -11.08725384
v 77.23191950 28.44574531 -10.87982637
v 78.24412653 26.97283737 -10.38220650
v 79.76381037 28.69264005 -11.46699987
v 79.31919977 29.52264185 -11.69063282
v 78.85574457 30.37043585 -11.99805178
v 77.23191950 28.44574531 -10.87982637
v 78.85574457 30.37043585 -11.99805178
v 76.45065424 29.71563561 -10.94583610
v 77.23191950 28.44574531 -10.87982637
v 79.31919977 29.52264185 -11.69063282
v 79.76381037 28.69264005 -11.46699987
v 78.30542109 31.48301483 -12.07668050
v 76.73738215 31.87930109 -12.00893154
v 77.43230555 30.62073346 -11.60950201
v 84.26426050 20.18858056 -9.63846150
v 83.26644251 18.93481848 -8.61896056
v 84.58599207 19.24430569 -9.43223881
v 84.26426050 20.18858056 -9.63846150
v 81.20343134 21.47508064 -8.99074137
v 83.26644251 18.93481848 -8.61896056
v 76.99680445 19.46806186 -7.39702156
v 77.51262781 18.29077000 -7.30794056
v 79.01733515 18.37423557 -7.39244375
v 78.18743250 11.64278485 -5.44442934
v 79.60356257 9.84022589 -5.81416477
v 79.98344538 11.26746429 -6.19679439
v 78.07456324 9.42356948 -5.32306057
v 79.49640009 9.07921665 -5.96420432
v 79.60356257 9.84022589 -5.81416477
v 84.91502497 18.37324919 -9.11358937
v 83.26644251 18.93481848 -8.61896056
v 84.07982752 18.06148931 -8.65500168
v 77.77205012 14.45555179 -5.99189989
v 78.75458643 12.64833899 -5.78674518
v 80.45227167 13.50676783 -6.49193026
v 76.95308802 12.54326702 -5.46399126
v 78.18743250 11.64278485 -5.44442934
v 78.75458643 12.64833899 -5.78674518
v 82.46791956 16.43277774 -7.88763691
v 81.31356165 16.47506757 -7.25625874
v 82.25666926 15.46884957 -7.52244815
v 80.63787195 22.14895453 -9.06175588
v 77.69177363 22.63207836 -8.75021727
v 81.20343134 21.47508064 -8.99074137
v 83.32275507 22.83729259 -10.44569765
v 80.63787195 22.14895453 -9.06175588
v 83.94468043 21.14483357 -9.86809117
v 78.18743250 11.64278485 -5.44442934
v 78.07456324 9.42356948 -5.32306057
v 79.60356257 9.84022589 -5.81416477
v 79.21308253 7.08824988 -5.78729359
v 78.99655268 6.39997929 -5.93408303
v 80.23308680 6.98407808 -6.06153979
v 82.97981379 16.90666991 -8.14224514
v 80.87397883 17.79276888 -7.47239971
v 82.46791956 16.43277774 -7.88763691
v 78.48442194 19.87433469 -7.73022780
v 76.99680445 19.46806186 -7.39702156
v 80.49569056 19.13943325 -7.84653017
v 81.20343134 21.47508064 -8.99074137
v 77.87669489 21.59746381 -8.67407574
v 78.48442194 19.87433469 -7.73022780
v 83.26644251 18.93481848 -8.61896056
v 82.36179468 18.21833452 -7.92648608
v 84.07982752 18.06148931 -8.65500168
v 80.63787195 22.14895453 -9.06175588
v 81.20343134 21.47508064 -8.99074137
v 83.94468043 21.14483357 -9.86809117
v 77.69177363 22.63207836 -8.75021727
v 77.87669489 21.59746381 -8.67407574
v 84.74569819 17.69794865 -8.71025369
v 84.91502497 18.37324919 -9.11358937
v 84.07982752 18.06148931 -8.65500168
v 79.85389826 23.34484679 -9.49824900
v 77.69177363 22.63207836 -8.75021727
v 80.63787195 22.14895453 -9.06175588
v 82.36179468 18.21833452 -7.92648608
v 78.48442194 19.87433469 -7.73022780
v 80.37549708 19.82127983 -8.04605421
v 80.37549708 19.82127983 -8.04605421
v 78.48442194 19.87433469 -7.73022780
v 80.49569056 19.13943325 -7.84653017
v 83.26644251 18.93481848 -8.61896056
v 81.20343134 21.47508064 -8.99074137
v 82.36179468 18.21833452 -7.92648608
v 82.36179468 18.21833452 -7.92648608
v 81.35316584 18.21726837 -7.61288745
v 77.58459589 7.47950822 -5.20349239
v 79.21308253 7.08824988 -5.78729359
v 79.39072535 8.04984349 -5.89123662
v 80.49569056 19.13943325 -7.84653017
v 79.01733515 18.37423557 -7.39244375
v 80.87397883 17.79276888 -7.47239971
v 76.77559778 5.64696577 -5.37881557
v 78.99655268 6.39997929 -5.93408303
v 79.21308253 7.08824988 -5.78729359
v 84.74569819 17.69794865 -8.71025369
v 84.07982752 18.06148931 -8.65500168
v 83.89513514 17.20504783 -8.54605378
v 81.35316584 18.21726837 -7.61288745
v 80.49569056 19.13943325 -7.84653017
v 80.87397883 17.79276888 -7.47239971
v 77.58459589 7.47950822 -5.20349239
v 76.77559778 5.64696577 -5.37881557
v 79.21308253 7.08824988 -5.78729359
v 81.31356165 16.47506757 -7.25625874
v 81.65755579 15.00889631 -7.27203609
v 82.25666926 15.46884957 -7.52244815
v 80.49569056 19.13943325 -7.84653017
v 76.99680445 19.46806186 -7.39702156
v 79.01733515 18.37423557 -7.39244375
v 84.07982752 18.06148931 -8.65500168
v 83.89513514 17.20504783 -8.54605378
v 81.31356165 16.47506757 -7.25625874
v 79.53205988 16.24292043 -6.79596207
v 81.65755579 15.00889631 -7.27203609
v 78.75458643 12.64833899 -5.78674518
v 78.18743250 11.64278485 -5.44442934
v 80.08754847 12.15705932 -6.22845653
v 80.87397883 17.79276888 -7.47239971
v 79.01733515 18.37423557 -7.39244375
v 81.31356165 16.47506757 -7.25625874
v 80.45227167 13.50676783 -6.49193026
v 82.12326929 12.98465012 -7.06694238
v 82.36077235 13.51151322 -7.07934786
v 80.87397883 17.79276888 -7.47239971
v 78.08008692 8.58519058 -5.27914564
v 77.58459589 7.47950822 -5.20349239
v 79.39072535 8.04984349 -5.89123662
v 76.95308802 12.54326702 -5.46399126
v 76.95399592 11.92157059 -5.19453620
v 78.18743250 11.64278485 -5.44442934
v 77.77205012 14.45555179 -5.99189989
v 80.45227167 13.50676783 -6.49193026
v 80.67624781 14.34693200 -6.61393967
v 76.95308802 12.54326702 -5.46399126
v 78.75458643 12.64833899 -5.78674518
v 76.86802027 13.76763222 -5.71293860
v 78.18743250 11.64278485 -5.44442934
v 79.98344538 11.26746429 -6.19679439
v 80.08754847 12.15705932 -6.22845653
v 79.98344538 11.26746429 -6.19679439
v 81.32843897 10.85617119 -6.65846425
v 81.48819849 11.49221094 -6.55372802
v 81.05624506 9.59427697 -6.57731780
v 81.20188257 10.23013360 -6.56312723
v 83.32275507 22.83729259 -10.44569765
v 79.85389826 23.34484679 -9.49824900
v 80.63787195 22.14895453 -9.06175588
v 79.01733515 18.37423557 -7.39244375
v 77.51262781 18.29077000 -7.30794056
v 78.32785151 17.34585525 -6.93335239
v 79.53205988 16.24292043 -6.79596207
v 77.39491389 16.49920705 -6.78361776
v 78.10741541 15.62907468 -6.33810675
v 84.58599207 19.24430569 -9.43223881
v 83.26644251 18.93481848 -8.61896056
v 84.91502497 18.37324919 -9.11358937
v 83.94468043 21.14483357 -9.86809117
v 84.26426050 20.18858056 -9.63846150
v 76.77559778 5.64696577 -5.37881557
v 76.77797816 4.84011151 -5.42103651
v 78.26119349 5.57401346 -5.62863246
v 76.77559778 5.64696577 -5.37881557
v 78.26119349 5.57401346 -5.62863246
v 78.99655268 6.39997929 -5.93408303
v 63.75077936 53.73834099 -17.85692705
v 64.39408991 52.74122115 -17.49036499
v 64.34150812 54.23879109 -18.07875940
v 65.60233424 51.17476539 -16.99779577
v 66.39869044 50.82417949 -16.76485504
v 66.15442774 51.67508578 -17.25490645
v 60.25980494 52.75989981 -17.50821778
v 61.41777155 52.39674451 -17.13214961
v 61.30710718 53.59647429 -17.94522963
v 65.61542628 49.88249100 -16.48990676
v 66.39869044 50.82417949 -16.76485504
v 65.60233424 51.17476539 -16.99779577
v 60.25980494 52.75989981 -17.50821778
v 61.30710718 53.59647429 -17.94522963
v 60.32485316 54.11164910 -18.31400413
v 60.76473353 51.84286956 -17.00043565
v 61.41777155 52.39674451 -17.13214961
v 60.25980494 52.75989981 -17.50821778
v 63.75077936 53.73834099 -17.85692705
v 64.34150812 54.23879109 -18.07875940
v 63.91652796 54.68105942 -18.36672334
v 65.60233424 51.17476539 -16.99779577
v 66.15442774 51.67508578 -17.25490645
v 65.29972193 52.42455930 -17.57500544
v 62.34685633 52.15412215 -16.99681937
v 64.39408991 52.74122115 -17.49036499
v 63.75077936 53.73834099 -17.85692705
v 60.41608546 54.92617846 -18.67189916
v 61.17558405 55.69259681 -19.31995532
v 60.23888514 56.11535681 -19.42405085
v 62.34685633 52.15412215 -16.99681937
v 63.91075251 51.52770123 -16.68813396
v 64.39408991 52.74122115 -17.49036499
v 61.60038111 54.61269051 -18.33493927
v 61.30710718 53.59647429 -17.94522963
v 62.99035761 55.06174328 -18.55887733
v 64.69673273 50.58322801 -16.40715847
v 65.60233424 51.17476539 -16.99779577
v 64.88572809 51.89932131 -17.31090624
v 64.39408991 52.74122115 -17.49036499
v 64.88572809 51.89932131 -17.31090624
v 65.29972193 52.42455930 -17.57500544
v 64.88572809 51.89932131 -17.31090624
v 65.60233424 51.17476539 -16.99779577
v 65.29972193 52.42455930 -17.57500544
v 63.91075251 51.52770123 -16.68813396
v 63.35275385 50.05994696 -16.10170794
v 64.69673273 50.58322801 -16.40715847
v 64.69673273 50.58322801 -16.40715847
v 65.61542628 49.88249100 -16.48990676
v 65.60233424 51.17476539 -16.99779577
v 61.83516810 51.04011236 -16.63980930
v 61.80825922 50.13126080 -16.22240497
v 63.35275385 50.05994696 -16.10170794
v 67.01399348 47.59216502 -15.62722023
v 66.07347224 46.23306478 -14.97431169
v 67.08760950 47.08374602 -15.39539337
v 61.00650141 49.62498562 -16.23169749
v 63.04463312 49.24389838 -15.84941899
v 61.80825922 50.13126080 -16.22240497
v 64.62055323 48.89684105 -15.79915648
v 66.91105006 48.33960529 -16.03055593
v 65.68550989 49.07188220 -16.07393678
v 75.49238703 35.07259931 -12.76112933
v 75.93165705 35.52202415 -12.90996363
v 74.64755366 36.83563032 -13.44049668
v 74.09759638 35.28243070 -12.52110861
v 74.34173701 36.14349170 -13.15387547
v 73.46272394 36.80248068 -12.97575974
v 74.09759638 35.28243070 -12.52110861
v 75.49238703 35.07259931 -12.76112933
v 74.34173701 36.14349170 -13.15387547
v 66.07347224 46.23306478 -14.97431169
v 67.18351862 46.32777221 -15.34801471
v 67.08760950 47.08374602 -15.39539337
v 64.05495570 42.38872378 -13.27980728
v 63.76642725 41.41435859 -12.98122313
v 65.38070032 42.59801330 -13.48146747
v 61.83952448 47.50870332 -15.26261146
v 63.63630030 46.71420112 -14.89933008
v 63.04463312 49.24389838 -15.84941899
v 61.83952448 47.50870332 -15.26261146
v 60.95116541 45.77485867 -14.60697152
v 62.34821436 46.58215153 -15.03493491
v 61.83952448 47.50870332 -15.26261146
v 62.34821436 46.58215153 -15.03493491
v 63.63630030 46.71420112 -14.89933008
v 63.76642725 41.41435859 -12.98122313
v 62.71197626 39.67878587 -12.41490815
v 63.95766566 39.87290817 -12.49393345
v 64.66343806 47.26142703 -15.14846041
v 64.77780268 46.01674476 -14.90828687
v 66.07347224 46.23306478 -14.97431169
v 70.05500910 41.46900017 -13.91010193
v 70.09454462 39.63293306 -13.37190888
v 70.66291926 40.79731588 -14.02034657
v 63.76642725 41.41435859 -12.98122313
v 63.95766566 39.87290817 -12.49393345
v 64.98593256 40.65619514 -12.97690477
v 68.19760248 42.97140337 -14.23250513
v 69.15747187 42.52610520 -14.11382219
v 68.72683070 43.12602832 -14.20972378
v 66.87012598 44.98422063 -15.02603878
v 67.66941187 43.59619736 -14.33237400
v 67.77578089 44.69249166 -14.98386344
v 67.66941187 43.59619736 -14.33237400
v 68.19760248 42.97140337 -14.23250513
v 68.10752985 43.93143674 -14.51845499
v 66.22152827 44.27282166 -14.31615402
v 65.38070032 42.59801330 -13.48146747
v 66.10391352 43.11677390 -13.98928005
v 66.22152827 44.27282166 -14.31615402
v 66.10391352 43.11677390 -13.98928005
v 66.78942225 41.99169766 -13.62265694
v 61.13995478 44.76556994 -14.24286614
v 60.95116541 45.77485867 -14.60697152
v 60.19175074 44.66412568 -14.30448111
v 66.10391352 43.11677390 -13.98928005
v 65.38070032 42.59801330 -13.48146747
v 66.78942225 41.99169766 -13.62265694
v 65.38070032 42.59801330 -13.48146747
v 63.76642725 41.41435859 -12.98122313
v 64.98593256 40.65619514 -12.97690477
v 66.78942225 41.99169766 -13.62265694
v 66.37667200 41.44691318 -13.25768188
v 67.55062983 41.68306578 -13.50389774
v 65.61542628 49.88249100 -16.48990676
v 66.72548029 49.68727389 -16.34029431
v 66.39869044 50.82417949 -16.76485504
v 68.64293024 41.70768579 -13.83016117
v 69.65335963 41.83459978 -14.03656683
v 69.15747187 42.52610520 -14.11382219
v 60.89560053 44.00338586 -13.83417461
v 61.13995478 44.76556994 -14.24286614
v 59.99319575 42.39254611 -13.25936050
v 60.83417628 43.28764188 -13.58852324
v 60.04374049 43.22501219 -13.54920133
v 61.83952448 47.50870332 -15.26261146
v 61.16993830 48.29264642 -15.71579762
v 60.51080439 47.97518353 -15.52631392
v 60.35086176 49.04147146 -15.88417848
v 61.00650141 49.62498562 -16.23169749
v 59.69478724 50.05193029 -16.61585284
v 61.13995478 44.76556994 -14.24286614
v 60.89560053 44.00338586 -13.83417461
v 62.33523676 43.61205132 -13.89003697
v 62.68924830 44.90980745 -14.28780329
v 62.33523676 43.61205132 -13.89003697
v 64.20319483 44.59362628 -14.21854360
v 60.83417628 43.28764188 -13.58852324
v 59.99319575 42.39254611 -13.25936050
v 61.46472285 42.35049290 -13.19213027
v 63.54367945 43.19648967 -13.73906644
v 62.79338190 42.19051211 -13.29909435
v 64.05495570 42.38872378 -13.27980728
v 60.68496821 41.49754186 -13.09868531
v 60.21129725 40.45191817 -12.55318343
v 61.23709223 40.62457137 -12.58983507
v 73.14187739 34.57220282 -12.01398264
v 74.10869715 34.44759956 -11.94513496
v 74.09759638 35.28243070 -12.52110861
v 72.64642451 35.91879091 -12.25313386
v 73.46272394 36.80248068 -12.97575974
v 61.47637293 36.01677639 -10.98413668
v 61.30732844 34.33012337 -10.23998052
v 62.23347590 35.14152455 -10.67554279
v 71.89183161 38.54690402 -13.27966932
v 72.06106684 39.54463804 -13.56442901
v 71.32909510 39.61977231 -13.63703034
v 74.34173701 36.14349170 -13.15387547
v 75.49238703 35.07259931 -12.76112933
v 74.64755366 36.83563032 -13.44049668
v 60.35819361 35.64311918 -10.89592556
v 59.72940943 34.82374528 -10.47113600
v 61.30732844 34.33012337 -10.23998052
v 71.70868799 36.85978514 -12.45763230
v 72.64642451 35.91879091 -12.25313386
v 73.46272394 36.80248068 -12.97575974
v 72.23624537 37.93487404 -12.96460575
v 73.51561091 38.18389645 -13.40627144
v 71.89183161 38.54690402 -13.27966932
v 75.85823176 34.35049990 -12.65953619
v 76.30819056 34.89024138 -12.86276809
v 75.49238703 35.07259931 -12.76112933
v 64.02691004 36.19716570 -11.54257787
v 64.90052912 35.35289675 -11.04985618
v 65.40828821 36.10047791 -11.50679600
v 62.38021204 36.27190329 -11.32970252
v 63.00643275 35.39990170 -10.96367455
v 63.48455164 35.41597683 -10.96401024
v 61.01793024 36.39336328 -11.10857217
v 61.47637293 36.01677639 -10.98413668
v 62.23347590 35.14152455 -10.67554279
v 62.89574549 34.52049945 -10.77547250
v 69.62451289 35.36233397 -11.64053916
v 70.37411616 34.60878608 -11.52243601
v 71.70868799 36.85978514 -12.45763230
v 66.36308405 35.42496373 -11.27037621
v 66.87751887 33.67088207 -10.88356562
v 68.03208277 35.27725096 -11.67888449
v 69.40199396 36.40186179 -12.07620828
v 69.62451289 35.36233397 -11.64053916
v 70.63592646 36.63473379 -12.14755841
v 66.70986292 37.86398183 -12.18265383
v 65.58684656 36.91422147 -11.71343065
v 66.97619746 36.91213098 -11.94553209
v 61.01793024 36.39336328 -11.10857217
v 61.47637293 36.01677639 -10.98413668
v 61.85506556 37.91266508 -11.66022342
v 62.99761317 38.24709194 -11.82272958
v 62.66320154 37.22847673 -11.59424430
v 63.40088770 38.33944575 -11.85068369
v 65.72575495 39.57823039 -12.80184051
v 64.84266016 37.95723595 -12.01816410
v 66.27219507 38.77706772 -12.48087175
v 64.98593256 40.65619514 -12.97690477
v 64.76487086 39.64742143 -12.41612885
v 65.72575495 39.57823039 -12.80184051
v 67.25523493 40.38471841 -12.89949689
v 67.17839930 38.83863694 -12.43164691
v 68.35067866 39.03370528 -12.55434286
v 71.89183161 38.54690402 -13.27966932
v 71.70868799 36.85978514 -12.45763230
v 72.23624537 37.93487404 -12.96460575
v 68.86792872 38.02043779 -12.38252873
v 68.32592890 37.13320793 -12.06830435
v 69.63290522 37.41200124 -12.18782649
v 70.11753199 38.86739205 -12.94057330
v 68.86792872 38.02043779 -12.38252873
v 71.89183161 38.54690402 -13.27966932
v 70.11753199 38.86739205 -12.94057330
v 71.89183161 38.54690402 -13.27966932
v 71.32909510 39.61977231 -13.63703034
v 70.09454462 39.63293306 -13.37190888
v 71.32909510 39.61977231 -13.63703034
v 70.84788630 40.02125390 -13.83746985
v 70.05500910 41.46900017 -13.91010193
v 68.83393214 39.99816747 -13.09906653
v 70.09454462 39.63293306 -13.37190888
v 70.09454462 39.63293306 -13.37190888
v 70.84788630 40.02125390 -13.83746985
v 70.66291926 40.79731588 -14.02034657
v 61.23709223 40.62457137 -12.58983507
v 60.88744471 39.78663500 -12.40068698
v 61.60123560 39.21058524 -12.12093225
v 66.78942225 41.99169766 -13.62265694
v 67.55062983 41.68306578 -13.50389774
v 67.66941187 43.59619736 -14.33237400
v 71.32909510 39.61977231 -13.63703034
v 72.06106684 39.54463804 -13.56442901
v 71.57704279 39.95906672 -13.77913549
v 67.66941187 43.59619736 -14.33237400
v 66.22152827 44.27282166 -14.31615402
v 67.66941187 43.59619736 -14.33237400
v 66.87012598 44.98422063 -15.02603878
v 67.66941187 43.59619736 -14.33237400
v 68.10752985 43.93143674 -14.51845499
v 67.77578089 44.69249166 -14.98386344
v 60.88744471 39.78663500 -12.40068698
v 60.25348780 38.68804042 -11.81853348
v 61.60123560 39.21058524 -12.12093225
v 66.87012598 44.98422063 -15.02603878
v 67.77578089 44.69249166 -14.98386344
v 67.18351862 46.32777221 -15.34801471
v 62.71197626 39.67878587 -12.41490815
v 62.15808985 38.84580100 -12.12311419
v 62.99761317 38.24709194 -11.82272958
v 68.64293024 41.70768579 -13.83016117
v 69.15747187 42.52610520 -14.11382219
v 60.68496821 41.49754186 -13.09868531
v 61.23709223 40.62457137 -12.58983507
v 62.39509699 41.15172430 -13.07269953
v 62.39509699 41.15172430 -13.07269953
v 62.71197626 39.67878587 -12.41490815
v 63.76642725 41.41435859 -12.98122313
v 60.95116541 45.77485867 -14.60697152
v 61.13995478 44.76556994 -14.24286614
v 62.68924830 44.90980745 -14.28780329
v 61.13995478 44.76556994 -14.24286614
v 62.33523676 43.61205132 -13.89003697
v 62.68924830 44.90980745 -14.28780329
v 64.20319483 44.59362628 -14.21854360
v 64.97345087 44.26786643 -13.96529342
v 65.47806666 45.21070309 -14.60425537
v 62.15808985 38.84580100 -12.12311419
v 61.85506556 37.91266508 -11.66022342
v 62.99761317 38.24709194 -11.82272958
v 60.63357661 38.15105316 -11.58949897
v 60.09463618 36.66372615 -11.02289411
v 61.01793024 36.39336328 -11.10857217
v 68.19760248 42.97140337 -14.23250513
v 68.72683070 43.12602832 -14.20972378
v 68.10752985 43.93143674 -14.51845499
v 68.83393214 39.99816747 -13.09906653
v 70.05500910 41.46900017 -13.91010193
v 69.65335963 41.83459978 -14.03656683
v 60.63357661 38.15105316 -11.58949897
v 61.01793024 36.39336328 -11.10857217
v 61.85506556 37.91266508 -11.66022342
v 60.89560053 44.00338586 -13.83417461
v 60.83417628 43.28764188 -13.58852324
v 62.33523676 43.61205132 -13.89003697
v 62.33523676 43.61205132 -13.89003697
v 63.54367945 43.19648967 -13.73906644
v 64.20319483 44.59362628 -14.21854360
v 62.33523676 43.61205132 -13.89003697
v 62.79338190 42.19051211 -13.29909435
v 63.54367945 43.19648967 -13.73906644
v 59.99319575 42.39254611 -13.25936050
v 60.68496821 41.49754186 -13.09868531
v 61.46472285 42.35049290 -13.19213027
v 65.68550989 49.07188220 -16.07393678
v 66.91105006 48.33960529 -16.03055593
v 66.72548029 49.68727389 -16.34029431
v 65.68550989 49.07188220 -16.07393678
v 63.04463312 49.24389838 -15.84941899
v 63.35275385 50.05994696 -16.10170794
v 61.80825922 50.13126080 -16.22240497
v 64.66343806 47.26142703 -15.14846041
v 66.07347224 46.23306478 -14.97431169
v 67.01399348 47.59216502 -15.62722023
v 60.95116541 45.77485867 -14.60697152
v 62.68924830 44.90980745 -14.28780329
v 62.34821436 46.58215153 -15.03493491
v 60.09463618 36.66372615 -11.02289411
v 60.35819361 35.64311918 -10.89592556
v 61.47637293 36.01677639 -10.98413668
v 62.38021204 36.27190329 -11.32970252
v 60.35819361 35.64311918 -10.89592556
v 61.30732844 34.33012337 -10.23998052
v 61.47637293 36.01677639 -10.98413668
v 59.72940943 34.82374528 -10.47113600
v 59.52375147 34.20547447 -10.09619693
v 65.90424464 37.94096247 -11.86949771
v 65.58684656 36.91422147 -11.71343065
v 66.70986292 37.86398183 -12.18265383
v 64.34064600 38.68629325 -12.10616165
v 64.21798823 36.94477002 -11.86083056
v 64.84266016 37.95723595 -12.01816410
v 64.84266016 37.95723595 -12.01816410
v 65.90424464 37.94096247 -11.86949771
v 66.27219507 38.77706772 -12.48087175
v 64.98593256 40.65619514 -12.97690477
v 65.72575495 39.57823039 -12.80184051
v 67.25523493 40.38471841 -12.89949689
v 63.95766566 39.87290817 -12.49393345
v 64.76487086 39.64742143 -12.41612885
v 64.98593256 40.65619514 -12.97690477
v 66.97619746 36.91213098 -11.94553209
v 68.32592890 37.13320793 -12.06830435
v 68.86792872 38.02043779 -12.38252873
v 69.02544520 38.89731460 -12.51317463
v 68.86792872 38.02043779 -12.38252873
v 70.11753199 38.86739205 -12.94057330
v 70.09454462 39.63293306 -13.37190888
v 70.11753199 38.86739205 -12.94057330
v 71.32909510 39.61977231 -13.63703034
v 70.63592646 36.63473379 -12.14755841
v 69.62451289 35.36233397 -11.64053916
v 71.70868799 36.85978514 -12.45763230
v 68.35067866 39.03370528 -12.55434286
v 68.83393214 39.99816747 -13.09906653
v 69.62451289 35.36233397 -11.64053916
v 69.00301478 33.87528863 -11.22148680
v 70.37411616 34.60878608 -11.52243601
v 71.89183161 38.54690402 -13.27966932
v 73.51561091 38.18389645 -13.40627144
v 72.06106684 39.54463804 -13.56442901
v 64.50547144 49.82997028 -16.27889296
v 65.61542628 49.88249100 -16.48990676
v 64.69673273 50.58322801 -16.40715847
v 63.35275385 50.05994696 -16.10170794
v 64.50547144 49.82997028 -16.27889296
v 64.69673273 50.58322801 -16.40715847
v 75.49238703 35.07259931 -12.76112933
v 76.30819056 34.89024138 -12.86276809
v 75.93165705 35.52202415 -12.90996363
v 65.40828821 36.10047791 -11.50679600
v 64.90052912 35.35289675 -11.04985618
v 66.36308405 35.42496373 -11.27037621
v 62.66320154 37.22847673 -11.59424430
v 62.38021204 36.27190329 -11.32970252
v 63.48455164 35.41597683 -10.96401024
v 62.38021204 36.27190329 -11.32970252
v 62.23347590 35.14152455 -10.67554279
v 63.00643275 35.39990170 -10.96367455
v 64.02691004 36.19716570 -11.54257787
v 63.48455164 35.41597683 -10.96401024
v 64.90052912 35.35289675 -11.04985618
v 65.58684656 36.91422147 -11.71343065
v 65.40828821 36.10047791 -11.50679600
v 66.36308405 35.42496373 -11.27037621
v 62.66320154 37.22847673 -11.59424430
v 62.99761317 38.24709194 -11.82272958
v 60.25348780 38.68804042 -11.81853348
v 61.60123560 39.21058524 -12.12093225
v 61.60123560 39.21058524 -12.12093225
v 62.15808985 38.84580100 -12.12311419
v 62.71197626 39.67878587 -12.41490815
v 60.21129725 40.45191817 -12.55318343
v 60.25348780 38.68804042 -11.81853348
v 60.88744471 39.78663500 -12.40068698
v 60.21129725 40.45191817 -12.55318343
v 60.88744471 39.78663500 -12.40068698
v 61.23709223 40.62457137 -12.58983507
v 51.21944353 50.40666642 -17.81717736
v 51.85590288 50.71071684 -17.97718107
v 50.78003619 50.67330607 -18.21175443
v 56.16549036 51.62206337 -17.38750531
v 55.27098200 50.69027779 -17.38462125
v 55.77413294 50.42760159 -17.15831811
v 51.93154833 50.00990361 -17.61905718
v 52.55300066 50.60253206 -17.77050075
v 51.85590288 50.71071684 -17.97718107
v 54.79018519 50.14974666 -17.20308735
v 53.68692896 50.53196020 -17.53101405
v 54.21399805 50.13115764 -17.20899250
v 55.38354609 51.35661384 -17.48111794
v 54.38027308 51.21363131 -17.74410315
v 55.27098200 50.69027779 -17.38462125
v 54.70267603 51.95906890 -17.96576770
v 53.63288996 51.77704679 -18.04679184
v 55.38354609 51.35661384 -17.48111794
v 53.59491083 52.73878533 -18.32332703
v 53.63288996 51.77704679 -18.04679184
v 54.70267603 51.95906890 -17.96576770
v 54.05095789 52.67976434 -18.29670043
v 53.59491083 52.73878533 -18.32332703
v 53.20752833 52.13480431 -18.35759817
v 53.16855738 51.67984067 -18.08312300
v 53.63288996 51.77704679 -18.04679184
v 51.85590288 50.71071684 -17.97718107
v 52.72907183 51.27266749 -18.22867652
v 52.15734789 51.77551323 -18.31995468
v 52.72907183 51.27266749 -18.22867652
v 52.72791216 51.88691002 -18.35241014
v 52.15734789 51.77551323 -18.31995468
v 53.10759089 50.65158908 -17.73027859
v 53.40596125 51.14777436 -17.82677526
v 52.72907183 51.27266749 -18.22867652
v 52.72907183 51.27266749 -18.22867652
v 53.40596125 51.14777436 -17.82677526
v 52.72791216 51.88691002 -18.35241014
v 56.44992945 53.41973172 -18.09749706
v 55.83356592 52.01240600 -17.90563282
v 57.03609583 52.26283326 -17.82019890
v 55.88468287 52.93844662 -18.09764957
v 55.51009486 52.61299193 -17.98828978
v 55.83356592 52.01240600 -17.90563282
v 55.51009486 52.61299193 -17.98828978
v 55.17155573 52.29751645 -18.05048455
v 55.83356592 52.01240600 -17.90563282
v 52.55300066 50.60253206 -17.77050075
v 53.10759089 50.65158908 -17.73027859
v 52.72907183 51.27266749 -18.22867652
v 56.51041529 51.91437595 -17.67620165
v 56.16549036 51.62206337 -17.38750531
v 56.90345118 51.47555992 -17.45018840
v 57.03609583 52.26283326 -17.82019890
v 56.90345118 51.47555992 -17.45018840
v 57.86802027 51.97904275 -17.34041675
v 58.92588923 51.68239665 -17.25727156
v 59.12611506 50.96142656 -16.84384981
v 60.01950953 50.91086654 -17.01419892
v 59.12611506 50.96142656 -16.84384981
v 58.79952357 50.32762988 -16.75408225
v 59.69478724 50.05193029 -16.61585284
v 56.16549036 51.62206337 -17.38750531
v 55.77413294 50.42760159 -17.15831811
v 56.80101893 50.14492111 -16.98113300
v 60.01950953 50.91086654 -17.01419892
v 59.12611506 50.96142656 -16.84384981
v 59.69478724 50.05193029 -16.61585284
v 56.90345118 51.47555992 -17.45018840
v 56.80101893 50.14492111 -16.98113300
v 57.89389155 50.56369096 -16.88745937
v 56.90345118 51.47555992 -17.45018840
v 56.80101893 50.14492111 -16.98113300
v 57.66310999 52.88905396 -17.82668399
v 57.03609583 52.26283326 -17.82019890
v 57.86802027 51.97904275 -17.34041675
v 57.03609583 52.26283326 -17.82019890
v 56.51041529 51.91437595 -17.67620165
v 56.90345118 51.47555992 -17.45018840
v 51.85590288 50.71071684 -17.97718107
v 52.55300066 50.60253206 -17.77050075
v 52.72907183 51.27266749 -18.22867652
v 51.21944353 50.40666642 -17.81717736
v 51.93154833 50.00990361 -17.61905718
v 51.85590288 50.71071684 -17.97718107
v 56.44992945 53.41973172 -18.09749706
v 57.66310999 52.88905396 -17.82668399
v 57.38880274 53.95815331 -18.32660787
v 58.82781336 52.66355201 -17.48041625
v 60.25980494 52.75989981 -17.50821778
v 59.04633448 54.45969064 -18.29073454
v 54.52655146 53.53715185 -18.49689589
v 54.32142756 52.99870357 -18.18050481
v 55.17155573 52.29751645 -18.05048455
v 54.52655146 53.53715185 -18.49689589
v 55.17155573 52.29751645 -18.05048455
v 55.23220942 53.72283987 -18.46422685
v 55.88468287 52.93844662 -18.09764957
v 55.83356592 52.01240600 -17.90563282
v 56.44992945 53.41973172 -18.09749706
v 55.83356592 52.01240600 -17.90563282
v 56.16549036 51.62206337 -17.38750531
v 56.51041529 51.91437595 -17.67620165
v 57.66310999 52.88905396 -17.82668399
v 57.86802027 51.97904275 -17.34041675
v 58.82781336 52.66355201 -17.48041625
v 54.38027308 51.21363131 -17.74410315
v 53.40596125 51.14777436 -17.82677526
v 53.68692896 50.53196020 -17.53101405
v 53.10759089 50.65158908 -17.73027859
v 53.68692896 50.53196020 -17.53101405
v 53.40596125 51.14777436 -17.82677526
v 55.83356592 52.01240600 -17.90563282
v 56.51041529 51.91437595 -17.67620165
v 57.03609583 52.26283326 -17.82019890
v 52.72791216 51.88691002 -18.35241014
v 53.40596125 51.14777436 -17.82677526
v 53.16855738 51.67984067 -18.08312300
v 51.37084887 51.53734644 -18.20768047
v 52.15734789 51.77551323 -18.31995468
v 57.86802027 51.97904275 -17.34041675
v 58.92588923 51.68239665 -17.25727156
v 59.04633448 54.45969064 -18.29073454
v 60.25980494 52.75989981 -17.50821778
v 60.32485316 54.11164910 -18.31400413
v 58.82781336 52.66355201 -17.48041625
v 60.76473353 51.84286956 -17.00043565
v 60.25980494 52.75989981 -17.50821778
v 53.20752833 52.13480431 -18.35759817
v 52.72791216 51.88691002 -18.35241014
v 53.16855738 51.67984067 -18.08312300
v 56.44992945 53.41973172 -18.09749706
v 57.03609583 52.26283326 -17.82019890
v 57.66310999 52.88905396 -17.82668399
v 54.32142756 52.99870357 -18.18050481
v 54.05095789 52.67976434 -18.29670043
v 54.70267603 51.95906890 -17.96576770
v 54.32142756 52.99870357 -18.18050481
v 54.70267603 51.95906890 -17.96576770
v 55.83356592 52.01240600 -17.90563282
v 55.38354609 51.35661384 -17.48111794
v 56.16549036 51.62206337 -17.38750531
v 55.38354609 51.35661384 -17.48111794
v 53.63288996 51.77704679 -18.04679184
v 54.38027308 51.21363131 -17.74410315
v 53.63288996 51.77704679 -18.04679184
v 53.40596125 51.14777436 -17.82677526
v 54.38027308 51.21363131 -17.74410315
v 53.16855738 51.67984067 -18.08312300
v 53.40596125 51.14777436 -17.82677526
v 54.38027308 51.21363131 -17.74410315
v 53.68692896 50.53196020 -17.53101405
v 54.79018519 50.14974666 -17.20308735
v 54.79018519 50.14974666 -17.20308735
v 55.27098200 50.69027779 -17.38462125
v 53.20752833 52.13480431 -18.35759817
v 55.38354609 51.35661384 -17.48111794
v 55.27098200 50.69027779 -17.38462125
v 55.27098200 50.69027779 -17.38462125
v 54.79018519 50.14974666 -17.20308735
v 57.38880274 53.95815331 -18.32660787
v 57.66310999 52.88905396 -17.82668399
v 58.57755396 54.91872457 -18.52744421
v 54.75194666 54.65498017 -18.76567964
v 55.78391382 53.83714347 -18.39019122
v 55.36439631 54.76105546 -18.78914767
v 54.75194666 54.65498017 -18.76567964
v 55.36439631 54.76105546 -18.78914767
v 55.50379298 55.39410439 -19.26812116
v 54.91587183 56.17055161 -19.73442988
v 55.50379298 55.39410439 -19.26812116
v 55.70397303 56.71257043 -20.15599980
v 55.50379298 55.39410439 -19.26812116
v 56.39306757 54.74134106 -19.02448397
v 56.40663264 55.71428336 -19.33875415
v 56.40663264 55.71428336 -19.33875415
v 57.15031550 55.49906200 -19.10961288
v 57.43073389 56.28775056 -19.66591794
v 53.78868983 56.58839437 -20.38218081
v 54.07839320 57.24749392 -20.54302381
v 52.55152056 57.18737804 -20.93058178
v 51.93879626 56.46231854 -20.88172302
v 52.53749010 56.84817136 -20.84218756
v 51.55851671 56.96586618 -21.09838265
v 52.53749010 56.84817136 -20.84218756
v 52.55152056 57.18737804 -20.93058178
v 52.20764086 57.11064540 -20.99099132
v 51.97953722 55.94214648 -20.55634452
v 53.24096796 55.49388154 -19.68283981
v 53.32601282 56.52855703 -20.37760316
v 53.24096796 55.49388154 -19.68283981
v 53.66599390 54.32143445 -19.02321742
v 54.06338618 55.42406117 -19.47565596
v 51.57469103 54.96205927 -20.09609350
v 52.23202441 54.23689309 -19.25074121
v 52.29661486 55.09932738 -19.81621682
v 54.00566981 56.21454646 -20.06627804
v 55.50379298 55.39410439 -19.26812116
v 54.91587183 56.17055161 -19.73442988
v 55.78391382 53.83714347 -18.39019122
v 56.39306757 54.74134106 -19.02448397
v 55.36439631 54.76105546 -18.78914767
v 51.34545061 52.29695937 -18.86232842
v 52.17742083 52.15730336 -18.55849539
v 51.84255907 52.59908340 -18.87561888
v 58.97828028 55.77595559 -19.21045826
v 59.32017634 56.50103793 -19.61580811
v 58.20108912 55.92379033 -19.47748709
v 53.10102198 52.65233663 -18.49138732
v 53.20752833 52.13480431 -18.35759817
v 53.59491083 52.73878533 -18.32332703
v 55.70397303 56.71257043 -20.15599980
v 55.96438715 57.08770774 -20.26102610
v 55.13160059 57.23169346 -20.42827771
v 51.48774645 53.32722128 -19.40372568
v 51.84255907 52.59908340 -18.87561888
v 51.88918230 53.16525690 -19.16291145
v 53.59461329 53.18132832 -18.57982735
v 53.59491083 52.73878533 -18.32332703
v 54.05095789 52.67976434 -18.29670043
v 51.88918230 53.16525690 -19.16291145
v 51.84255907 52.59908340 -18.87561888
v 52.29190752 52.82052659 -18.74959657
v 51.88918230 53.16525690 -19.16291145
v 52.29190752 52.82052659 -18.74959657
v 52.64662859 52.98100328 -18.71804142
v 51.97953722 55.94214648 -20.55634452
v 53.12373469 55.03723942 -19.53608070
v 53.24096796 55.49388154 -19.68283981
v 52.64662859 52.98100328 -18.71804142
v 52.29190752 52.82052659 -18.74959657
v 52.81948015 52.58992437 -18.46515745
v 52.19913409 53.42289777 -19.00754650
v 51.88918230 53.16525690 -19.16291145
v 52.64662859 52.98100328 -18.71804142
v 52.64662859 52.98100328 -18.71804142
v 52.81948015 52.58992437 -18.46515745
v 53.10102198 52.65233663 -18.49138732
v 52.29190752 52.82052659 -18.74959657
v 52.35924456 52.44875385 -18.59067623
v 52.81948015 52.58992437 -18.46515745
v 52.19913409 53.42289777 -19.00754650
v 52.64662859 52.98100328 -18.71804142
v 53.59461329 53.18132832 -18.57982735
v 52.64662859 52.98100328 -18.71804142
v 53.10102198 52.65233663 -18.49138732
v 52.64662859 52.98100328 -18.71804142
v 53.59491083 52.73878533 -18.32332703
v 54.52655146 53.53715185 -18.49689589
v 54.02744410 53.48210957 -18.57781323
v 54.32142756 52.99870357 -18.18050481
v 53.66599390 54.32143445 -19.02321742
v 54.21793482 53.93679096 -18.60404317
v 54.75194666 54.65498017 -18.76567964
v 54.21793482 53.93679096 -18.60404317
v 54.52655146 53.53715185 -18.49689589
v 55.23220942 53.72283987 -18.46422685
v 52.19913409 53.42289777 -19.00754650
v 53.59461329 53.18132832 -18.57982735
v 52.96644518 53.69749496 -18.86890519
v 55.36439631 54.76105546 -18.78914767
v 56.39306757 54.74134106 -19.02448397
v 55.50379298 55.39410439 -19.26812116
v 52.15734789 51.77551323 -18.31995468
v 52.72791216 51.88691002 -18.35241014
v 52.17742083 52.15730336 -18.55849539
v 53.59461329 53.18132832 -18.57982735
v 54.02744410 53.48210957 -18.57781323
v 52.96644518 53.69749496 -18.86890519
v 52.17742083 52.15730336 -18.55849539
v 54.52655146 53.53715185 -18.49689589
v 54.21793482 53.93679096 -18.60404317
v 54.02744410 53.48210957 -18.57781323
v 53.10102198 52.65233663 -18.49138732
v 52.19913409 53.42289777 -19.00754650
v 52.96644518 53.69749496 -18.86890519
v 52.23202441 54.23689309 -19.25074121
v 52.96644518 53.69749496 -18.86890519
v 53.49526331 53.87521786 -19.01783100
v 52.23202441 54.23689309 -19.25074121
v 51.64294359 54.42684208 -19.54387784
v 52.23202441 54.23689309 -19.25074121
v 51.57469103 54.96205927 -20.09609350
v 59.04633448 54.45969064 -18.29073454
v 60.32485316 54.11164910 -18.31400413
v 60.41608546 54.92617846 -18.67189916
v 52.23202441 54.23689309 -19.25074121
v 52.98519060 54.67188302 -19.25711946
v 52.29661486 55.09932738 -19.81621682
v 57.38880274 53.95815331 -18.32660787
v 58.57755396 54.91872457 -18.52744421
v 57.91671870 55.21118588 -19.04935587
v 52.53749010 56.84817136 -20.84218756
v 51.55851671 56.96586618 -21.09838265
v 53.32601282 56.52855703 -20.37760316
v 52.55152056 57.18737804 -20.93058178
v 52.53749010 56.84817136 -20.84218756
v 53.78868983 56.58839437 -20.38218081
v 52.55152056 57.18737804 -20.93058178
v 53.32601282 56.52855703 -20.37760316
v 54.00566981 56.21454646 -20.06627804
v 53.78868983 56.58839437 -20.38218081
v 53.66599390 54.32143445 -19.02321742
v 54.06338618 55.42406117 -19.47565596
v 52.96644518 53.69749496 -18.86890519
v 54.02744410 53.48210957 -18.57781323
v 53.49526331 53.87521786 -19.01783100
v 56.39306757 54.74134106 -19.02448397
v 57.15031550 55.49906200 -19.10961288
v 56.40663264 55.71428336 -19.33875415
v 53.12373469 55.03723942 -19.53608070
v 53.24096796 55.49388154 -19.68283981
v 52.98519060 54.67188302 -19.25711946
v 53.66599390 54.32143445 -19.02321742
v 47.03130266 51.10898633 -18.99471348
v 47.68444750 50.79718828 -18.73851836
v 47.25465319 51.69480933 -19.38192061
v 48.74510119 56.15872957 -21.51633601
v 48.36043474 55.99835586 -21.69481804
v 48.91779253 55.89339452 -21.30715323
v 49.97527239 55.26296252 -20.51094951
v 51.57469103 54.96205927 -20.09609350
v 50.68830797 55.98552716 -20.87111809
v 44.90537188 54.24709702 -21.58008692
v 44.60706255 55.18755331 -22.19963968
v 44.40644762 55.08467473 -22.27291237
v 48.23512957 52.66062199 -19.48317809
v 48.63941119 52.36404838 -19.35373773
v 48.98382494 52.83060110 -19.43024538
v 51.34545061 52.29695937 -18.86232842
v 51.84255907 52.59908340 -18.87561888
v 50.92613146 52.90236703 -19.24462222
v 45.13344500 52.39700725 -20.01773921
v 45.84725878 52.46572138 -20.11969844
v 45.72027514 53.11787434 -20.44207099
v 44.99198839 53.82644661 -21.16104998
v 45.72027514 53.11787434 -20.44207099
v 44.90537188 54.24709702 -21.58008692
v 49.77635119 50.72419027 -18.51789152
v 50.78003619 50.67330607 -18.21175443
v 50.64791033 51.00862176 -18.29349581
v 47.25465319 51.69480933 -19.38192061
v 47.85025713 52.27238500 -19.44963921
v 47.11435625 52.55710633 -19.70867246
v 46.34754870 50.89340248 -19.29673066
v 47.03130266 51.10898633 -18.99471348
v 46.32734606 51.49744836 -19.25150371
v 45.72027514 53.11787434 -20.44207099
v 46.81482622 52.97119929 -20.04398442
v 47.21211932 53.48684716 -20.15837964
v 47.74825976 55.42919163 -21.37992232
v 47.20536730 55.73707195 -21.85314319
v 46.64832995 55.50384520 -21.70771164
v 50.68830797 55.98552716 -20.87111809
v 52.29661486 55.09932738 -19.81621682
v 51.97953722 55.94214648 -20.55634452
v 49.31477282 50.35020498 -18.49031883
v 50.28234026 50.04911860 -18.20162249
v 49.77635119 50.72419027 -18.51789152
v 47.68444750 50.79718828 -18.73851836
v 48.46842119 51.90771146 -18.98058397
v 47.25465319 51.69480933 -19.38192061
v 48.53731463 55.17471325 -20.93755472
v 49.06555102 54.70069140 -20.51975374
v 48.70875475 55.48253638 -21.25145858
v 46.42209551 52.35800582 -19.83582392
v 47.11435625 52.55710633 -19.70867246
v 46.81482622 52.97119929 -20.04398442
v 43.17607043 51.88216804 -20.28008348
v 44.80935595 52.00052670 -19.98476490
v 43.43144915 52.64964308 -20.81087584
v 49.90830920 52.85830727 -19.29174136
v 50.47473070 52.42646831 -19.10521785
v 50.27768633 53.20756951 -19.27748970
v 46.26148913 51.93753848 -19.56896289
v 46.42209551 52.35800582 -19.83582392
v 45.84725878 52.46572138 -20.11969844
v 49.81605456 54.53070856 -20.14505889
v 50.67320177 54.10235626 -19.75936241
v 49.84451983 55.04202290 -20.40805946
v 44.45087359 52.88153090 -20.79079531
v 45.13344500 52.39700725 -20.01773921
v 44.99198839 53.82644661 -21.16104998
v 45.89742968 54.69325257 -21.59189729
v 47.06350634 54.19692240 -21.00342675
v 46.01586840 55.02812956 -21.74327979
v 47.85025713 52.27238500 -19.44963921
v 48.46842119 51.90771146 -18.98058397
v 48.63941119 52.36404838 -19.35373773
v 48.55787585 54.43445983 -20.75274015
v 49.06555102 54.70069140 -20.51975374
v 48.53731463 55.17471325 -20.93755472
v 48.42349169 49.96531349 -18.38831376
v 48.64016650 50.69612935 -18.52877103
v 47.68444750 50.79718828 -18.73851836
v 43.74449084 54.00151821 -21.88605612
v 43.18367693 54.58850845 -22.59656647
v 43.00344775 54.14981831 -22.28191491
v 49.79657671 54.02430756 -19.72640341
v 50.67320177 54.10235626 -19.75936241
v 49.81605456 54.53070856 -20.14505889
v 50.40280840 53.57605014 -19.54900466
v 43.40611956 49.99770778 -19.09079790
v 44.62871477 50.07815595 -18.97260333
v 43.96725390 51.10240968 -19.66750401
v 50.73212359 51.59549763 -18.55307843
v 51.34545061 52.29695937 -18.86232842
v 50.47473070 52.42646831 -19.10521785
v 49.89798662 52.24456448 -19.02303398
v 50.47473070 52.42646831 -19.10521785
v 49.90830920 52.85830727 -19.29174136
v 45.44325945 51.16244542 -19.47312230
v 46.34754870 50.89340248 -19.29673066
v 46.32734606 51.49744836 -19.25150371
v 44.90537188 54.24709702 -21.58008692
v 46.58866808 53.68595903 -20.57972062
v 44.60706255 55.18755331 -22.19963968
v 48.55787585 54.43445983 -20.75274015
v 49.25216601 53.76268416 -19.85436357
v 49.06555102 54.70069140 -20.51975374
v 51.93879626 56.46231854 -20.88172302
v 51.09735796 56.89705666 -21.11231391
v 42.95232317 51.43176296 -20.03189920
v 43.96725390 51.10240968 -19.66750401
v 43.17607043 51.88216804 -20.28008348
v 47.25465319 51.69480933 -19.38192061
v 48.46842119 51.90771146 -18.98058397
v 47.85025713 52.27238500 -19.44963921
v 49.86443255 51.80524488 -18.94872361
v 50.73212359 51.59549763 -18.55307843
v 49.89798662 52.24456448 -19.02303398
v 49.88117144 51.33046770 -18.68993447
v 50.73212359 51.59549763 -18.55307843
v 49.86443255 51.80524488 -18.94872361
v 49.24648211 52.07508893 -18.97712026
v 49.89798662 52.24456448 -19.02303398
v 48.98382494 52.83060110 -19.43024538
v 48.46842119 51.90771146 -18.98058397
v 49.24648211 52.07508893 -18.97712026
v 48.76707384 53.11276658 -19.67882636
v 49.90830920 52.85830727 -19.29174136
v 48.97976610 53.41983064 -19.66877087
v 48.08428118 54.51781477 -20.83753325
v 48.55787585 54.43445983 -20.75274015
v 47.74825976 55.42919163 -21.37992232
v 49.25216601 53.76268416 -19.85436357
v 49.79657671 54.02430756 -19.72640341
v 49.06555102 54.70069140 -20.51975374
v 43.43144915 52.64964308 -20.81087584
v 43.86442492 53.24076848 -21.31180673
v 43.08655474 53.61741637 -21.68523513
v 49.97527239 55.26296252 -20.51094951
v 51.64294359 54.42684208 -19.54387784
v 51.57469103 54.96205927 -20.09609350
v 45.13344500 52.39700725 -20.01773921
v 46.26148913 51.93753848 -19.56896289
v 47.74825976 55.42919163 -21.37992232
v 47.87821886 55.88372801 -21.71808767
v 47.20536730 55.73707195 -21.85314319
v 44.62871477 50.07815595 -18.97260333
v 45.71477434 50.71944468 -19.12648832
v 43.96725390 51.10240968 -19.66750401
v 51.34545061 52.29695937 -18.86232842
v 50.92613146 52.90236703 -19.24462222
v 47.06350634 54.19692240 -21.00342675
v 45.89742968 54.69325257 -21.59189729
v 49.53319475 56.39287571 -21.38762816
v 49.55741808 55.80447014 -21.13817738
v 50.12091753 56.08966839 -20.94838861
v 45.13344500 52.39700725 -20.01773921
v 45.72027514 53.11787434 -20.44207099
v 44.99198839 53.82644661 -21.16104998
v 50.73212359 51.59549763 -18.55307843
v 51.37084887 51.53734644 -18.20768047
v 51.34545061 52.29695937 -18.86232842
v 43.17607043 51.88216804 -20.28008348
v 43.96725390 51.10240968 -19.66750401
v 44.80935595 52.00052670 -19.98476490
v 45.44325945 51.16244542 -19.47312230
v 46.32734606 51.49744836 -19.25150371
v 46.26148913 51.93753848 -19.56896289
v 43.96725390 51.10240968 -19.66750401
v 45.71477434 50.71944468 -19.12648832
v 45.44325945 51.16244542 -19.47312230
v 50.00812456 56.54158025 -21.32245790
v 49.53319475 56.39287571 -21.38762816
v 50.12091753 56.08966839 -20.94838861
v 49.53319475 56.39287571 -21.38762816
v 48.91779253 55.89339452 -21.30715323
v 49.55741808 55.80447014 -21.13817738
v 46.01586840 55.02812956 -21.74327979
v 45.77181170 55.48859781 -21.99959701
v 44.99156878 55.29579154 -22.14487591
v 43.96725390 51.10240968 -19.66750401
v 45.44325945 51.16244542 -19.47312230
v 44.80935595 52.00052670 -19.98476490
v 46.64832995 55.50384520 -21.70771164
v 46.65846941 55.65205761 -21.87680956
v 45.77181170 55.48859781 -21.99959701
v 49.25216601 53.76268416 -19.85436357
v 49.81241534 53.46511110 -19.66710767
v 49.79657671 54.02430756 -19.72640341
v 48.14855120 55.97925567 -21.65097953
v 48.70875475 55.48253638 -21.25145858
v 49.84451983 55.04202290 -20.40805946
v 50.27768633 53.20756951 -19.27748970
v 50.92613146 52.90236703 -19.24462222
v 50.40280840 53.57605014 -19.54900466
v 50.64791033 51.00862176 -18.29349581
v 51.37084887 51.53734644 -18.20768047
v 50.73212359 51.59549763 -18.55307843
v 49.24648211 52.07508893 -18.97712026
v 49.86443255 51.80524488 -18.94872361
v 50.92613146 52.90236703 -19.24462222
v 51.48774645 53.32722128 -19.40372568
v 47.21211932 53.48684716 -20.15837964
v 48.22583697 53.24404171 -19.99800973
v 48.07784960 53.75008416 -20.16265215
v 48.07784960 53.75008416 -20.16265215
v 48.12393877 54.11184713 -20.38489647
v 47.06350634 54.19692240 -21.00342675
v 46.96542284 55.14258577 -21.54970682
v 47.74825976 55.42919163 -21.37992232
v 46.64832995 55.50384520 -21.70771164
v 46.64832995 55.50384520 -21.70771164
v 47.20536730 55.73707195 -21.85314319
v 46.65846941 55.65205761 -21.87680956
v 47.48596880 54.56064614 -21.09908416
v 48.08428118 54.51781477 -20.83753325
v 47.74825976 55.42919163 -21.37992232
v 44.60706255 55.18755331 -22.19963968
v 45.89742968 54.69325257 -21.59189729
v 49.89798662 52.24456448 -19.02303398
v 50.73212359 51.59549763 -18.55307843
v 50.67320177 54.10235626 -19.75936241
v 49.97527239 55.26296252 -20.51094951
v 47.48596880 54.56064614 -21.09908416
v 47.74825976 55.42919163 -21.37992232
v 46.96542284 55.14258577 -21.54970682
v 47.53919146 53.22238187 -19.94843392
v 48.23512957 52.66062199 -19.48317809
v 48.22583697 53.24404171 -19.99800973
v 49.06555102 54.70069140 -20.51975374
v 49.79657671 54.02430756 -19.72640341
v 49.81605456 54.53070856 -20.14505889
v 51.48774645 53.32722128 -19.40372568
v 51.58800432 53.66051518 -19.46273148
v 50.67320177 54.10235626 -19.75936241
v 48.14855120 55.97925567 -21.65097953
v 47.87821886 55.88372801 -21.71808767
v 48.70875475 55.48253638 -21.25145858
v 50.67320177 54.10235626 -19.75936241
v 51.58800432 53.66051518 -19.46273148
v 51.14718554 54.14888416 -19.55640526
v 48.63941119 52.36404838 -19.35373773
v 49.24648211 52.07508893 -18.97712026
v 48.98382494 52.83060110 -19.43024538
v 48.91779253 55.89339452 -21.30715323
v 48.14855120 55.97925567 -21.65097953
v 49.84451983 55.04202290 -20.40805946
v 50.28234026 50.04911860 -18.20162249
v 50.78003619 50.67330607 -18.21175443
v 49.77635119 50.72419027 -18.51789152
v 44.80935595 52.00052670 -19.98476490
v 45.13344500 52.39700725 -20.01773921
v 44.45087359 52.88153090 -20.79079531
v 50.47473070 52.42646831 -19.10521785
v 50.92613146 52.90236703 -19.24462222
v 50.27768633 53.20756951 -19.27748970
v 51.14718554 54.14888416 -19.55640526
v 51.58800432 53.66051518 -19.46273148
v 51.64294359 54.42684208 -19.54387784
v 49.31477282 50.35020498 -18.49031883
v 49.88117144 51.33046770 -18.68993447
v 48.46842119 51.90771146 -18.98058397
v 49.26148913 51.71967362 -18.77999190
v 49.24648211 52.07508893 -18.97712026
v 49.55741808 55.80447014 -21.13817738
v 49.97527239 55.26296252 -20.51094951
v 50.12091753 56.08966839 -20.94838861
v 43.74449084 54.00151821 -21.88605612
v 43.91236803 54.92666233 -22.32221349
v 43.18367693 54.58850845 -22.59656647
v 51.57469103 54.96205927 -20.09609350
v 52.29661486 55.09932738 -19.81621682
v 50.68830797 55.98552716 -20.87111809
v 47.74825976 55.42919163 -21.37992232
v 48.55787585 54.43445983 -20.75274015
v 48.53731463 55.17471325 -20.93755472
v 49.90830920 52.85830727 -19.29174136
v 49.81241534 53.46511110 -19.66710767
v 50.00812456 56.54158025 -21.32245790
v 50.12091753 56.08966839 -20.94838861
v 50.66483996 56.79994210 -21.09678045
v 48.74510119 56.15872957 -21.51633601
v 48.91779253 55.89339452 -21.30715323
v 49.53319475 56.39287571 -21.38762816
v 50.12091753 56.08966839 -20.94838861
v 48.36043474 55.99835586 -21.69481804
v 48.14855120 55.97925567 -21.65097953
v 48.91779253 55.89339452 -21.30715323
v 48.91779253 55.89339452 -21.30715323
v 49.55741808 55.80447014 -21.13817738
v 47.59641955 52.77507429 -19.89688966
v 48.23512957 52.66062199 -19.48317809
v 47.53919146 53.22238187 -19.94843392
v 47.53919146 53.22238187 -19.94843392
v 48.22583697 53.24404171 -19.99800973
v 47.21211932 53.48684716 -20.15837964
v 49.84451983 55.04202290 -20.40805946
v 49.97527239 55.26296252 -20.51094951
v 49.55741808 55.80447014 -21.13817738
v 56.22104761 35.29830150 -10.38585471
v 55.55301020 35.49690240 -10.32837488
v 55.55398676 33.89607994 -9.68343138
v 56.22104761 35.29830150 -10.38585471
v 56.10987971 36.10700976 -10.71716892
v 55.55301020 35.49690240 -10.32837488
v 58.28751490 34.24679541 -9.97018986
v 57.09932825 35.23875409 -10.32886312
v 57.29851649 33.79276264 -9.88289426
v 59.52375147 34.20547447 -10.09619693
v 59.72940943 34.82374528 -10.47113600
v 58.28751490 34.24679541 -9.97018986
v 54.48546717 37.21792581 -11.23099357
v 53.41923640 39.12364925 -12.04509605
v 52.46900866 37.58364085 -11.19119871
v 52.71129534 34.26386280 -9.88342839
v 52.04819414 35.32309742 -10.21170615
v 50.74941180 34.70106539 -10.14217175
v 53.26644251 35.71930684 -10.57698637
v 51.87325213 36.03179920 -10.61014377
v 52.04819414 35.32309742 -10.21170615
v 53.26644251 35.71930684 -10.57698637
v 53.25389216 36.45282729 -10.92845743
v 51.87325213 36.03179920 -10.61014377
v 53.79408381 34.60044855 -10.30441843
v 53.26644251 35.71930684 -10.57698637
v 52.71129534 34.26386280 -9.88342839
v 54.81453821 36.50753769 -10.86174602
v 54.48546717 37.21792581 -11.23099357
v 53.26644251 35.71930684 -10.57698637
v 49.27692339 38.05692263 -11.65424200
v 49.38249895 38.77259031 -11.94092424
v 48.49383471 37.85272954 -11.49161379
v 52.46900866 37.58364085 -11.19119871
v 51.37483141 38.50575986 -11.94100049
v 50.71665118 38.41689269 -11.87828685
v 49.41359637 34.55938768 -9.92391001
v 48.26364062 35.90857733 -10.63057526
v 48.19416735 33.75530296 -9.60909054
v 50.00715563 37.09968595 -11.14215688
v 49.27692339 38.05692263 -11.65424200
v 49.28391955 35.66894568 -10.61774258
v 50.74941180 34.70106539 -10.14217175
v 50.52681658 35.68357887 -10.52957730
v 49.41359637 34.55938768 -9.92391001
v 46.25204394 39.43190819 -12.50141019
v 45.24248431 39.69033864 -12.67688630
v 45.27832720 38.85523279 -12.37103900
v 46.26552508 37.97367163 -11.63799137
v 45.13940356 38.07869785 -11.79602667
v 45.29142687 37.31822273 -11.58075555
v 46.92443774 36.57337219 -10.97398968
v 46.26552508 37.97367163 -11.63799137
v 45.72082445 36.43811828 -11.01665323
v 48.26364062 35.90857733 -10.63057526
v 47.94737170 37.01168852 -11.06918934
v 46.92443774 36.57337219 -10.97398968
v 48.49383471 37.85272954 -11.49161379
v 48.28430102 38.78926053 -11.98535784
v 47.83078692 38.05732699 -11.66293951
v 54.73574183 38.69344298 -11.85376603
v 54.29818079 39.62597615 -12.43878815
v 53.41923640 39.12364925 -12.04509605
v 51.76665423 40.97606611 -12.88388725
v 53.22252772 41.53539986 -13.16994386
v 51.97771380 41.64722387 -13.35187442
v 51.76665423 40.97606611 -12.88388725
v 51.97771380 41.64722387 -13.35187442
v 51.21748278 41.79771367 -13.35761175
v 50.43324969 40.60913036 -12.96434678
v 51.21748278 41.79771367 -13.35761175
v 49.96417925 42.03871095 -13.62389291
v 51.21748278 41.79771367 -13.35761175
v 52.05310747 43.13916713 -13.97359402
v 51.35177538 43.74160692 -14.48068946
v 55.20369074 40.46798660 -12.72527205
v 55.70902369 42.22411290 -13.40439526
v 54.79160425 41.75438639 -13.07063969
v 55.20369074 40.46798660 -12.72527205
v 54.79160425 41.75438639 -13.07063969
v 54.03309748 41.30441999 -12.84947873
v 54.48546717 37.21792581 -11.23099357
v 53.25389216 36.45282729 -10.92845743
v 55.55301020 35.49690240 -10.32837488
v 56.10987971 36.10700976 -10.71716892
v 54.81453821 36.50753769 -10.86174602
v 56.10987971 36.10700976 -10.71716892
v 56.11985132 37.65669230 -11.16147460
v 54.81453821 36.50753769 -10.86174602
v 56.33142969 41.12534286 -12.77034662
v 56.99042628 42.56111750 -13.78971026
v 55.70902369 42.22411290 -13.40439526
v 52.96102831 43.07936414 -13.82195216
v 53.64642451 42.85539943 -13.96469810
v 53.65423701 43.64227224 -14.25286046
v 52.05310747 43.13916713 -13.97359402
v 53.32763789 42.09762516 -13.45227732
v 52.96102831 43.07936414 -13.82195216
v 51.19333575 44.65148464 -14.86290701
v 52.50031206 43.83973618 -14.57630104
v 52.76367876 45.10143959 -15.05730406
v 50.28923724 44.03119200 -14.69177959
v 51.35177538 43.74160692 -14.48068946
v 51.19333575 44.65148464 -14.86290701
v 50.60111925 45.54705338 -15.52710699
v 52.76367876 45.10143959 -15.05730406
v 51.92110369 46.36242582 -15.68102252
v 57.39349482 44.15673280 -14.29932356
v 58.25205347 44.42651964 -14.26055102
v 56.36448786 44.71016236 -14.59107169
v 55.69631312 44.25741506 -14.27407028
v 56.36448786 44.71016236 -14.59107169
v 55.15769312 45.77685462 -15.13048532
v 55.11013911 43.52693873 -14.01209201
v 55.80789301 43.36390236 -14.15485321
v 55.69631312 44.25741506 -14.27407028
v 55.11013911 43.52693873 -14.01209201
v 55.69631312 44.25741506 -14.27407028
v 54.39275477 43.64132241 -14.09366551
v 55.04298518 42.69544923 -13.61405110
v 55.11013911 43.52693873 -14.01209201
v 54.39275477 43.64132241 -14.09366551
v 54.39275477 43.64132241 -14.09366551
v 55.15769312 45.77685462 -15.13048532
v 53.82212946 44.30039519 -14.66794541
v 54.48546717 37.21792581 -11.23099357
v 54.73574183 38.69344298 -11.85376603
v 53.41923640 39.12364925 -12.04509605
v 56.75602076 45.74349034 -15.05641915
v 56.08661768 45.73379817 -14.87787606
v 56.36448786 44.71016236 -14.59107169
v 56.08661768 45.73379817 -14.87787606
v 55.15769312 45.77685462 -15.13048532
v 59.07537958 39.88766441 -12.29987218
v 59.60514185 41.88945623 -13.09178840
v 57.98783991 41.69740147 -13.18282230
v 55.51387903 39.56171377 -12.38933440
v 55.20369074 40.46798660 -12.72527205
v 54.29818079 39.62597615 -12.43878815
v 55.68038294 38.49678776 -11.58090833
v 54.73574183 38.69344298 -11.85376603
v 54.48546717 37.21792581 -11.23099357
v 60.04374049 43.22501219 -13.54920133
v 59.22060511 43.50657112 -13.92851962
v 43.92739794 45.98519030 -16.35794812
v 44.80902026 46.53038674 -16.91353598
v 43.35095141 46.63663462 -17.07457726
v 60.04374049 43.22501219 -13.54920133
v 59.22060511 43.50657112 -13.92851962
v 59.99319575 42.39254611 -13.25936050
v 59.22060511 43.50657112 -13.92851962
v 58.37456629 42.97143398 -13.69068078
v 55.68038294 38.49678776 -11.58090833
v 55.51387903 39.56171377 -12.38933440
v 54.73574183 38.69344298 -11.85376603
v 60.95116541 45.77485867 -14.60697152
v 59.27028773 45.57551020 -14.69939398
v 58.25205347 44.42651964 -14.26055102
v 58.26598475 45.22002241 -14.50885742
v 57.45301173 45.57200827 -14.94837164
v 56.61916468 40.10458334 -12.38483315
v 55.94255183 40.33216053 -12.50238690
v 55.51387903 39.56171377 -12.38933440
v 60.21129725 40.45191817 -12.55318343
v 59.60514185 41.88945623 -13.09178840
v 59.07537958 39.88766441 -12.29987218
v 59.36003992 46.42285360 -14.97595967
v 60.51080439 47.97518353 -15.52631392
v 59.74585841 48.10994912 -15.73343675
v 59.27028773 45.57551020 -14.69939398
v 60.95116541 45.77485867 -14.60697152
v 59.36003992 46.42285360 -14.97595967
v 59.36003992 46.42285360 -14.97595967
v 59.74585841 48.10994912 -15.73343675
v 58.57483790 47.73162648 -15.94577800
v 58.57483790 47.73162648 -15.94577800
v 58.80346796 48.65994068 -16.02599360
v 58.03920100 48.38515656 -16.23712942
v 58.08007929 46.31715595 -15.08167254
v 58.11287043 46.98888210 -15.54503630
v 56.98034022 47.07144740 -15.58177948
v 57.45301173 45.57200827 -14.94837164
v 58.26598475 45.22002241 -14.50885742
v 56.61916468 40.10458334 -12.38483315
v 56.33142969 41.12534286 -12.77034662
v 55.94255183 40.33216053 -12.50238690
v 56.75602076 45.74349034 -15.05641915
v 56.98034022 47.07144740 -15.58177948
v 56.75602076 45.74349034 -15.05641915
v 57.45301173 45.57200827 -14.94837164
v 56.16420862 46.74285417 -15.43311304
v 56.98034022 47.07144740 -15.58177948
v 56.11930201 47.49299524 -15.88538367
v 56.16420862 46.74285417 -15.43311304
v 56.75602076 45.74349034 -15.05641915
v 56.98034022 47.07144740 -15.58177948
v 59.34496424 38.04267092 -11.67395635
v 58.90850184 39.13838926 -11.96045555
v 58.09391901 38.61511201 -11.73404555
v 50.43324969 40.60913036 -12.96434678
v 49.96417925 42.03871095 -13.62389291
v 49.56570360 39.86209828 -12.46216465
v 52.71538470 38.90002410 -11.87705097
v 51.76665423 40.97606611 -12.88388725
v 51.59532854 39.57458459 -12.17424652
v 59.34496424 38.04267092 -11.67395635
v 58.09391901 38.61511201 -11.73404555
v 58.26748011 37.65016153 -11.24582518
v 59.38815424 35.73802123 -10.81165129
v 59.72940943 34.82374528 -10.47113600
v 60.35819361 35.64311918 -10.89592556
v 46.06336138 35.27050844 -10.45534323
v 45.19098589 35.91567315 -10.59642610
v 44.69395373 34.63035653 -10.06233775
v 55.20884058 47.35451790 -16.01398472
v 56.11930201 47.49299524 -15.88538367
v 55.81684992 48.29522983 -16.29015370
v 59.34496424 38.04267092 -11.67395635
v 60.09463618 36.66372615 -11.02289411
v 60.63357661 38.15105316 -11.58949897
v 43.18659899 44.84124755 -15.84609186
v 43.92739794 45.98519030 -16.35794812
v 42.35772631 45.96056351 -16.72565442
v 54.21000025 48.92644388 -16.85105163
v 54.05247614 48.23653304 -16.54767627
v 55.13401911 49.01112638 -16.65581544
v 43.35095141 46.63663462 -17.07457726
v 43.79922411 47.48025487 -17.37895972
v 42.86699602 47.43135042 -17.54708105
v 56.26418421 49.31795392 -16.68039739
v 55.94782374 48.83203016 -16.59082822
v 57.15116236 49.10809891 -16.24617800
v 42.86699602 47.43135042 -17.54708105
v 43.79922411 47.48025487 -17.37895972
v 43.20602343 48.38553201 -18.02915213
v 55.59691737 49.61766510 -16.93346446
v 55.13401911 49.01112638 -16.65581544
v 55.94782374 48.83203016 -16.59082822
v 43.20602343 48.38553201 -18.02915213
v 44.00220415 48.65229661 -18.30783869
v 43.82703326 49.71918915 -18.82724805
v 56.02713129 49.89559252 -16.79337356
v 55.59691737 49.61766510 -16.93346446
v 56.26418421 49.31795392 -16.68039739
v 56.02713129 49.89559252 -16.79337356
v 56.80101893 50.14492111 -16.98113300
v 57.15116236 49.10809891 -16.24617800
v 57.96064112 49.21436111 -16.28693424
v 58.78213618 49.38702286 -16.44583930
v 51.65243456 48.96885183 -17.09694702
v 52.25644610 49.25629306 -17.24495732
v 51.65895006 49.42383071 -17.47173347
v 52.83523485 49.05716971 -17.03073915
v 53.28202936 49.56333804 -17.27498667
v 52.55300066 50.60253206 -17.77050075
v 48.68578265 49.56190360 -17.94611399
v 49.38603899 49.63346539 -18.12238353
v 48.42349169 49.96531349 -18.38831376
v 43.82703326 49.71918915 -18.82724805
v 44.62871477 50.07815595 -18.97260333
v 43.40611956 49.99770778 -19.09079790
v 49.38603899 49.63346539 -18.12238353
v 50.28234026 50.04911860 -18.20162249
v 49.31477282 50.35020498 -18.49031883
v 50.40327380 49.10911438 -17.40004763
v 50.93918536 49.32826111 -17.39751471
v 50.28234026 50.04911860 -18.20162249
v 50.93918536 49.32826111 -17.39751471
v 51.04854510 49.94157473 -17.74982499
v 50.28234026 50.04911860 -18.20162249
v 54.08917353 45.94009309 -15.45874767
v 55.15769312 45.77685462 -15.13048532
v 54.95050928 46.39561751 -15.62583149
v 54.45440028 47.77387136 -16.13735210
v 55.81684992 48.29522983 -16.29015370
v 55.13401911 49.01112638 -16.65581544
v 47.64416430 40.95822855 -13.11156364
v 47.50545428 41.69854677 -13.59348209
v 47.18496630 41.00117440 -13.13358208
v 49.48956988 41.76390018 -13.46097478
v 48.65647051 42.78412943 -14.01785971
v 48.60503313 40.87194010 -13.08821767
v 47.65850756 45.67158409 -16.00797248
v 48.68155596 45.76008127 -15.91017892
v 47.65405962 46.94093213 -16.67093656
v 46.50179217 43.40207977 -14.65183198
v 48.45649645 45.04661847 -15.71376767
v 47.65850756 45.67158409 -16.00797248
v 43.26399920 43.20509356 -14.68167814
v 44.00025103 43.47490991 -14.97974337
v 42.77169726 44.02102669 -15.27460430
v 47.47092364 43.23800587 -14.36045012
v 48.72376940 43.90836258 -14.61128946
v 46.50179217 43.40207977 -14.65183198
v 48.45649645 45.04661847 -15.71376767
v 47.65850756 45.67158409 -16.00797248
v 49.05695269 44.32363809 -14.99657395
v 49.41348955 44.86570652 -15.28203546
v 48.45649645 45.04661847 -15.71376767
v 48.72376940 43.90836258 -14.61128946
v 49.78722307 43.85237806 -14.71683449
v 49.05695269 44.32363809 -14.99657395
v 49.49139330 42.77010657 -14.22629477
v 50.28923724 44.03119200 -14.69177959
v 49.78722307 43.85237806 -14.71683449
v 54.05247614 48.23653304 -16.54767627
v 54.45440028 47.77387136 -16.13735210
v 55.13401911 49.01112638 -16.65581544
v 52.81548235 47.32499593 -16.15898899
v 54.45440028 47.77387136 -16.13735210
v 54.05247614 48.23653304 -16.54767627
v 52.85190508 46.54125116 -15.91811362
v 54.08917353 45.94009309 -15.45874767
v 53.98330042 47.03243923 -15.77288054
v 52.03849718 46.51797391 -15.70597067
v 52.85190508 46.54125116 -15.91811362
v 52.81548235 47.32499593 -16.15898899
v 48.62840960 49.07873028 -17.66420778
v 48.68578265 49.56190360 -17.94611399
v 47.36388323 49.28957617 -17.99164617
v 49.68110583 48.69866824 -17.23932674
v 50.40327380 49.10911438 -17.40004763
v 49.38603899 49.63346539 -18.12238353
v 44.00220415 48.65229661 -18.30783869
v 44.93277666 49.23301560 -18.33853947
v 44.62871477 50.07815595 -18.97260333
v 50.16268084 46.88834659 -16.26725003
v 48.99783251 47.02670559 -16.73880767
v 50.16268084 46.88834659 -16.26725003
v 50.94821093 46.79080861 -16.21314234
v 50.30026934 47.52073943 -16.56746680
v 50.30026934 47.52073943 -16.56746680
v 52.08943102 47.54240694 -16.35334022
v 51.65243456 48.96885183 -17.09694702
v 50.94821093 46.79080861 -16.21314234
v 51.92110369 46.36242582 -15.68102252
v 52.08943102 47.54240694 -16.35334022
v 52.25644610 49.25629306 -17.24495732
v 52.81548235 47.32499593 -16.15898899
v 52.83523485 49.05716971 -17.03073915
v 50.16268084 46.88834659 -16.26725003
v 50.60111925 45.54705338 -15.52710699
v 50.94821093 46.79080861 -16.21314234
v 49.68110583 48.69866824 -17.23932674
v 50.30026934 47.52073943 -16.56746680
v 50.40327380 49.10911438 -17.40004763
v 50.30026934 47.52073943 -16.56746680
v 51.65243456 48.96885183 -17.09694702
v 50.60111925 45.54705338 -15.52710699
v 50.94821093 46.79080861 -16.21314234
v 50.94821093 46.79080861 -16.21314234
v 52.08943102 47.54240694 -16.35334022
v 50.30026934 47.52073943 -16.56746680
v 49.03293536 47.79228857 -17.08879864
v 50.30026934 47.52073943 -16.56746680
v 49.68110583 48.69866824 -17.23932674
v 52.03849718 46.51797391 -15.70597067
v 52.08943102 47.54240694 -16.35334022
v 52.08943102 47.54240694 -16.35334022
v 52.25644610 49.25629306 -17.24495732
v 51.65243456 48.96885183 -17.09694702
v 48.99783251 47.02670559 -16.73880767
v 47.17098925 48.32552217 -17.32080861
v 48.54641650 48.28454467 -17.49112721
v 48.62840960 49.07873028 -17.66420778
v 52.03849718 46.51797391 -15.70597067
v 52.81548235 47.32499593 -16.15898899
v 49.41348955 44.86570652 -15.28203546
v 51.19333575 44.65148464 -14.86290701
v 50.60111925 45.54705338 -15.52710699
v 49.05695269 44.32363809 -14.99657395
v 49.78722307 43.85237806 -14.71683449
v 47.83953020 42.64256982 -14.07831501
v 48.65647051 42.78412943 -14.01785971
v 48.72376940 43.90836258 -14.61128946
v 46.50179217 43.40207977 -14.65183198
v 49.05695269 44.32363809 -14.99657395
v 48.45649645 45.04661847 -15.71376767
v 49.05695269 44.32363809 -14.99657395
v 52.08943102 47.54240694 -16.35334022
v 52.81548235 47.32499593 -16.15898899
v 52.25644610 49.25629306 -17.24495732
v 52.85190508 46.54125116 -15.91811362
v 53.98330042 47.03243923 -15.77288054
v 52.81548235 47.32499593 -16.15898899
v 44.00025103 43.47490991 -14.97974337
v 44.85618517 44.33611972 -15.33623460
v 43.69508288 44.62386708 -15.49657400
v 59.07537958 39.88766441 -12.29987218
v 57.98783991 41.69740147 -13.18282230
v 58.04861567 40.07663686 -12.43277626
v 53.24144862 45.86130433 -15.51512889
v 54.08917353 45.94009309 -15.45874767
v 52.85190508 46.54125116 -15.91811362
v 53.98330042 47.03243923 -15.77288054
v 54.45440028 47.77387136 -16.13735210
v 55.81684992 48.29522983 -16.29015370
v 55.13401911 49.01112638 -16.65581544
v 53.98330042 47.03243923 -15.77288054
v 55.20884058 47.35451790 -16.01398472
v 54.45440028 47.77387136 -16.13735210
v 45.20632860 45.82114308 -16.22339609
v 45.46938250 46.31589018 -16.56499468
v 44.80902026 46.53038674 -16.91353598
v 54.95050928 46.39561751 -15.62583149
v 56.16420862 46.74285417 -15.43311304
v 55.20884058 47.35451790 -16.01398472
v 55.81684992 48.29522983 -16.29015370
v 54.45440028 47.77387136 -16.13735210
v 56.11930201 47.49299524 -15.88538367
v 55.20884058 47.35451790 -16.01398472
v 58.26748011 37.65016153 -11.24582518
v 58.09391901 38.61511201 -11.73404555
v 57.55215571 37.67288947 -11.42409362
v 58.04861567 40.07663686 -12.43277626
v 57.98783991 41.69740147 -13.18282230
v 57.40130732 39.76574671 -12.14342379
v 56.08661768 45.73379817 -14.87787606
v 56.16420862 46.74285417 -15.43311304
v 56.11930201 47.49299524 -15.88538367
v 56.85063288 48.21590608 -16.16956348
v 55.81684992 48.29522983 -16.29015370
v 48.26364062 35.90857733 -10.63057526
v 47.94737170 37.01168852 -11.06918934
v 49.41359637 34.55938768 -9.92391001
v 49.28391955 35.66894568 -10.61774258
v 50.00715563 37.09968595 -11.14215688
v 50.17861101 37.92210358 -11.76793521
v 49.27692339 38.05692263 -11.65424200
v 49.41359637 34.55938768 -9.92391001
v 50.52681658 35.68357887 -10.52957730
v 49.28391955 35.66894568 -10.61774258
v 51.00053332 36.27623019 -10.83774390
v 51.09374163 37.31689479 -11.23728021
v 50.00715563 37.09968595 -11.14215688
v 52.46900866 37.58364085 -11.19119871
v 50.71665118 38.41689269 -11.87828685
v 50.74941180 34.70106539 -10.14217175
v 52.04819414 35.32309742 -10.21170615
v 50.52681658 35.68357887 -10.52957730
v 46.65871355 38.66880097 -12.02493912
v 47.18496630 41.00117440 -13.13358208
v 46.25204394 39.43190819 -12.50141019
v 45.13940356 38.07869785 -11.79602667
v 46.25204394 39.43190819 -12.50141019
v 45.27832720 38.85523279 -12.37103900
v 45.19098589 35.91567315 -10.59642610
v 45.72082445 36.43811828 -11.01665323
v 45.72082445 36.43811828 -11.01665323
v 46.26552508 37.97367163 -11.63799137
v 46.92443774 36.57337219 -10.97398968
v 47.04806444 37.72917146 -11.70775452
v 46.26552508 37.97367163 -11.63799137
v 48.19416735 33.75530296 -9.60909054
v 48.26364062 35.90857733 -10.63057526
v 46.92443774 36.57337219 -10.97398968
v 48.49383471 37.85272954 -11.49161379
v 47.83078692 38.05732699 -11.66293951
v 54.29818079 39.62597615 -12.43878815
v 54.03309748 41.30441999 -12.84947873
v 53.08324358 40.67365221 -12.61731615
v 54.29818079 39.62597615 -12.43878815
v 55.20369074 40.46798660 -12.72527205
v 54.03309748 41.30441999 -12.84947873
v 54.73574183 38.69344298 -11.85376603
v 55.51387903 39.56171377 -12.38933440
v 54.29818079 39.62597615 -12.43878815
v 55.51387903 39.56171377 -12.38933440
v 55.94255183 40.33216053 -12.50238690
v 55.20369074 40.46798660 -12.72527205
v 56.11985132 37.65669230 -11.16147460
v 56.57833979 38.60640688 -11.66615920
v 55.68038294 38.49678776 -11.58090833
v 47.41230700 49.76741463 -18.32601209
v 47.36388323 49.28957617 -17.99164617
v 43.20602343 48.38553201 -18.02915213
v 43.79922411 47.48025487 -17.37895972
v 44.00220415 48.65229661 -18.30783869
v 43.82703326 49.71918915 -18.82724805
v 44.00220415 48.65229661 -18.30783869
v 44.00220415 48.65229661 -18.30783869
v 44.96654436 48.36455022 -18.08181020
v 44.93277666 49.23301560 -18.33853947
v 44.93277666 49.23301560 -18.33853947
v 44.96654436 48.36455022 -18.08181020
v 45.47106859 49.85657171 -18.51148269
v 44.75174639 41.37241400 -13.55988218
v 45.00750658 42.01878289 -14.10462106
v 44.30745623 41.93475277 -13.91699898
v 45.29142687 37.31822273 -11.58075555
v 45.13940356 38.07869785 -11.79602667
v 44.58299944 37.38852759 -11.65489801
v 51.59532854 39.57458459 -12.17424652
v 51.76665423 40.97606611 -12.88388725
v 50.43324969 40.60913036 -12.96434678
v 44.93277666 49.23301560 -18.33853947
v 45.47106859 49.85657171 -18.51148269
v 44.62871477 50.07815595 -18.97260333
v 51.37483141 38.50575986 -11.94100049
v 52.71538470 38.90002410 -11.87705097
v 45.04434130 47.06602741 -17.17192840
v 46.31295702 48.06778976 -17.45961777
v 44.96654436 48.36455022 -18.08181020
v 45.46938250 46.31589018 -16.56499468
v 46.54467699 47.06897241 -16.88665008
v 46.31295702 48.06778976 -17.45961777
v 46.31295702 48.06778976 -17.45961777
v 47.17098925 48.32552217 -17.32080861
v 46.61285326 48.85077535 -18.03673582
v 46.95723650 46.46330916 -16.55341329
v 47.16998980 47.54147224 -16.97428138
v 47.17098925 48.32552217 -17.32080861
v 44.80902026 46.53038674 -16.91353598
v 45.46938250 46.31589018 -16.56499468
v 45.04434130 47.06602741 -17.17192840
v 46.18157885 46.31318178 -16.35446917
v 46.54467699 47.06897241 -16.88665008
v 44.80601427 43.56586759 -14.75995578
v 46.27909777 44.44178305 -15.17272143
v 44.85618517 44.33611972 -15.33623460
v 47.04545519 45.94370168 -16.19739514
v 46.18157885 46.31318178 -16.35446917
v 47.04545519 45.94370168 -16.19739514
v 47.65850756 45.67158409 -16.00797248
v 52.71538470 38.90002410 -11.87705097
v 53.08324358 40.67365221 -12.61731615
v 51.76665423 40.97606611 -12.88388725
v 43.19015429 41.81600980 -14.04039678
v 44.00025103 43.47490991 -14.97974337
v 43.11233446 42.71283743 -14.48955464
v 45.04434130 47.06602741 -17.17192840
v 45.46938250 46.31589018 -16.56499468
v 46.31295702 48.06778976 -17.45961777
v 44.96654436 48.36455022 -18.08181020
v 46.31295702 48.06778976 -17.45961777
v 46.61285326 48.85077535 -18.03673582
v 46.54467699 47.06897241 -16.88665008
v 47.16998980 47.54147224 -16.97428138
v 47.65850756 45.67158409 -16.00797248
v 44.00025103 43.47490991 -14.97974337
v 43.26399920 43.20509356 -14.68167814
v 43.11233446 42.71283743 -14.48955464
v 60.51080439 47.97518353 -15.52631392
v 60.35086176 49.04147146 -15.88417848
v 59.74585841 48.10994912 -15.73343675
v 59.27028773 45.57551020 -14.69939398
v 58.26598475 45.22002241 -14.50885742
v 44.30745623 41.93475277 -13.91699898
v 44.00025103 43.47490991 -14.97974337
v 43.19015429 41.81600980 -14.04039678
v 58.37456629 42.97143398 -13.69068078
v 57.87606165 43.31297908 -13.74872527
v 57.98783991 41.69740147 -13.18282230
v 58.25205347 44.42651964 -14.26055102
v 57.87606165 43.31297908 -13.74872527
v 44.26557848 39.85611772 -12.86597325
v 44.03072283 40.93696633 -13.37546439
v 43.53623888 39.65467123 -12.59107087
v 43.64124224 38.12979950 -12.00458380
v 42.96820757 38.66561950 -12.06386429
v 42.64434740 37.75119848 -11.69940796
v 59.22060511 43.50657112 -13.92851962
v 58.37456629 42.97143398 -13.69068078
v 59.99319575 42.39254611 -13.25936050
v 59.60514185 41.88945623 -13.09178840
v 58.09391901 38.61511201 -11.73404555
v 57.40130732 39.76574671 -12.14342379
v 56.57833979 38.60640688 -11.66615920
v 49.56570360 39.86209828 -12.46216465
v 48.60503313 40.87194010 -13.08821767
v 48.57076189 39.95156057 -12.43080786
v 47.18496630 41.00117440 -13.13358208
v 45.86056444 41.22424355 -13.41039180
v 45.30553362 40.42232557 -13.12601362
v 56.11985132 37.65669230 -11.16147460
v 55.68038294 38.49678776 -11.58090833
v 54.81453821 36.50753769 -10.86174602
v 44.34673998 38.22847809 -12.00800179
v 44.24471209 39.14917810 -12.39942040
v 43.64124224 38.12979950 -12.00458380
v 44.58299944 37.38852759 -11.65489801
v 44.34673998 38.22847809 -12.00800179
v 43.65366289 36.97080307 -11.12465503
v 57.98783991 41.69740147 -13.18282230
v 56.99042628 42.56111750 -13.78971026
v 56.33142969 41.12534286 -12.77034662
v 55.15769312 45.77685462 -15.13048532
v 54.08917353 45.94009309 -15.45874767
v 53.82212946 44.30039519 -14.66794541
v 54.39275477 43.64132241 -14.09366551
v 53.82212946 44.30039519 -14.66794541
v 53.65423701 43.64227224 -14.25286046
v 55.69631312 44.25741506 -14.27407028
v 55.15769312 45.77685462 -15.13048532
v 54.39275477 43.64132241 -14.09366551
v 54.79160425 41.75438639 -13.07063969
v 55.70902369 42.22411290 -13.40439526
v 55.04298518 42.69544923 -13.61405110
v 57.39349482 44.15673280 -14.29932356
v 52.76367876 45.10143959 -15.05730406
v 53.24144862 45.86130433 -15.51512889
v 51.92110369 46.36242582 -15.68102252
v 52.76367876 45.10143959 -15.05730406
v 50.60111925 45.54705338 -15.52710699
v 52.05310747 43.13916713 -13.97359402
v 52.50031206 43.83973618 -14.57630104
v 51.35177538 43.74160692 -14.48068946
v 51.35177538 43.74160692 -14.48068946
v 52.50031206 43.83973618 -14.57630104
v 51.19333575 44.65148464 -14.86290701
v 44.85618517 44.33611972 -15.33623460
v 46.27909777 44.44178305 -15.17272143
v 47.04545519 45.94370168 -16.19739514
v 44.80601427 43.56586759 -14.75995578
v 46.50179217 43.40207977 -14.65183198
v 46.27909777 44.44178305 -15.17272143
v 55.59691737 49.61766510 -16.93346446
v 55.13401911 49.01112638 -16.65581544
v 53.32763789 42.09762516 -13.45227732
v 53.64642451 42.85539943 -13.96469810
v 52.96102831 43.07936414 -13.82195216
v 53.65423701 43.64227224 -14.25286046
v 53.82212946 44.30039519 -14.66794541
v 52.50031206 43.83973618 -14.57630104
v 53.82212946 44.30039519 -14.66794541
v 52.76367876 45.10143959 -15.05730406
v 54.03309748 41.30441999 -12.84947873
v 53.22252772 41.53539986 -13.16994386
v 53.08324358 40.67365221 -12.61731615
v 51.97771380 41.64722387 -13.35187442
v 51.21748278 41.79771367 -13.35761175
v 51.76665423 40.97606611 -12.88388725
v 51.21748278 41.79771367 -13.35761175
v 50.43324969 40.60913036 -12.96434678
v 53.08324358 40.67365221 -12.61731615
v 53.22252772 41.53539986 -13.16994386
v 51.76665423 40.97606611 -12.88388725
v 43.18659899 44.84124755 -15.84609186
v 43.69508288 44.62386708 -15.49657400
v 43.88696215 45.27033135 -15.97725648
v 47.47092364 43.23800587 -14.36045012
v 47.83953020 42.64256982 -14.07831501
v 48.72376940 43.90836258 -14.61128946
v 49.40618822 45.73541166 -15.66536690
v 49.41348955 44.86570652 -15.28203546
v 50.16268084 46.88834659 -16.26725003
v 48.68155596 45.76008127 -15.91017892
v 49.40618822 45.73541166 -15.66536690
v 45.27832720 38.85523279 -12.37103900
v 45.24248431 39.69033864 -12.67688630
v 44.24471209 39.14917810 -12.39942040
v 44.00025103 43.47490991 -14.97974337
v 44.80601427 43.56586759 -14.75995578
v 44.85618517 44.33611972 -15.33623460
v 43.92739794 45.98519030 -16.35794812
v 45.20632860 45.82114308 -16.22339609
v 44.80902026 46.53038674 -16.91353598
v 43.18659899 44.84124755 -15.84609186
v 43.88696215 45.27033135 -15.97725648
v 43.92739794 45.98519030 -16.35794812
v 45.28787157 34.20925214 -9.81139164
v 46.06336138 35.27050844 -10.45534323
v 44.69395373 34.63035653 -10.06233775
v 56.26418421 49.31795392 -16.68039739
v 55.59691737 49.61766510 -16.93346446
v 55.94782374 48.83203016 -16.59082822
v 56.80101893 50.14492111 -16.98113300
v 56.02713129 49.89559252 -16.79337356
v 56.26418421 49.31795392 -16.68039739
v 49.41348955 44.86570652 -15.28203546
v 50.16268084 46.88834659 -16.26725003
v 44.58299944 37.38852759 -11.65489801
v 45.13940356 38.07869785 -11.79602667
v 44.34673998 38.22847809 -12.00800179
v 47.64416430 40.95822855 -13.11156364
v 48.60503313 40.87194010 -13.08821767
v 47.50545428 41.69854677 -13.59348209
v 47.50545428 41.69854677 -13.59348209
v 47.83953020 42.64256982 -14.07831501
v 46.49774096 42.38876271 -14.36057205
v 49.48956988 41.76390018 -13.46097478
v 49.49139330 42.77010657 -14.22629477
v 48.65647051 42.78412943 -14.01785971
v 43.34142992 36.18594440 -10.91322912
v 43.65366289 36.97080307 -11.12465503
v 43.30917284 36.82244186 -11.09580063
v 43.53623888 39.65467123 -12.59107087
v 44.03072283 40.93696633 -13.37546439
v 43.15898821 40.93638650 -13.38576407
v 44.24471209 39.14917810 -12.39942040
v 43.53623888 39.65467123 -12.59107087
v 44.24471209 39.14917810 -12.39942040
v 45.24248431 39.69033864 -12.67688630
v 45.86056444 41.22424355 -13.41039180
v 46.49774096 42.38876271 -14.36057205
v 45.37152788 42.66793750 -14.45081257
v 45.46938250 46.31589018 -16.56499468
v 46.18157885 46.31318178 -16.35446917
v 46.54467699 47.06897241 -16.88665008
v 43.30917284 36.82244186 -11.09580063
v 43.64124224 38.12979950 -12.00458380
v 42.64434740 37.75119848 -11.69940796
v 53.25389216 36.45282729 -10.92845743
v 54.48546717 37.21792581 -11.23099357
v 52.46900866 37.58364085 -11.19119871
v 52.71129534 34.26386280 -9.88342839
v 52.04819414 35.32309742 -10.21170615
v 47.41230700 49.76741463 -18.32601209
v 48.42349169 49.96531349 -18.38831376
v 47.68444750 50.79718828 -18.73851836
v 50.40327380 49.10911438 -17.40004763
v 50.28234026 50.04911860 -18.20162249
v 43.34142992 36.18594440 -10.91322912
v 42.89583514 35.50519646 -10.59059717
v 43.98548052 35.58604518 -10.46654323
v 52.46900866 37.58364085 -11.19119871
v 45.47106859 49.85657171 -18.51148269
v 46.81874010 49.22001895 -18.14965092
v 46.84439013 50.05872775 -18.66655779
v 48.60503313 40.87194010 -13.08821767
v 47.64416430 40.95822855 -13.11156364
v 46.87198565 34.48512328 -9.93507943
v 46.92443774 36.57337219 -10.97398968
v 46.06336138 35.27050844 -10.45534323
v 48.28430102 38.78926053 -11.98535784
v 48.57076189 39.95156057 -12.43080786
v 47.64416430 40.95822855 -13.11156364
v 48.28430102 38.78926053 -11.98535784
v 47.64416430 40.95822855 -13.11156364
v 47.18496630 41.00117440 -13.13358208
v 44.62871477 50.07815595 -18.97260333
v 45.71477434 50.71944468 -19.12648832
v 44.69395373 34.63035653 -10.06233775
v 45.19098589 35.91567315 -10.59642610
v 43.98548052 35.58604518 -10.46654323
v 52.46900866 37.58364085 -11.19119871
v 52.71538470 38.90002410 -11.87705097
v 51.37483141 38.50575986 -11.94100049
v 51.65243456 48.96885183 -17.09694702
v 50.93918536 49.32826111 -17.39751471
v 56.57833979 38.60640688 -11.66615920
v 57.40130732 39.76574671 -12.14342379
v 56.61916468 40.10458334 -12.38483315
v 58.79952357 50.32762988 -16.75408225
v 57.89389155 50.56369096 -16.88745937
v 57.15116236 49.10809891 -16.24617800
v 48.49383471 37.85272954 -11.49161379
v 49.38249895 38.77259031 -11.94092424
v 48.28430102 38.78926053 -11.98535784
v 57.55215571 37.67288947 -11.42409362
v 58.09391901 38.61511201 -11.73404555
v 56.57833979 38.60640688 -11.66615920
v 58.09391901 38.61511201 -11.73404555
v 58.90850184 39.13838926 -11.96045555
v 57.40130732 39.76574671 -12.14342379
v 59.34496424 38.04267092 -11.67395635
v 60.25348780 38.68804042 -11.81853348
v 58.90850184 39.13838926 -11.96045555
v 57.61652491 36.34979233 -10.84685341
v 56.57833979 38.60640688 -11.66615920
v 56.11985132 37.65669230 -11.16147460
v 57.61652491 36.34979233 -10.84685341
v 57.55215571 37.67288947 -11.42409362
v 56.57833979 38.60640688 -11.66615920
v 56.10987971 36.10700976 -10.71716892
v 57.61652491 36.34979233 -10.84685341
v 56.11985132 37.65669230 -11.16147460
v 44.30745623 41.93475277 -13.91699898
v 44.80601427 43.56586759 -14.75995578
v 44.00025103 43.47490991 -14.97974337
v 46.87198565 34.48512328 -9.93507943
v 46.92443774 36.57337219 -10.97398968
v 44.03072283 40.93696633 -13.37546439
v 44.75174639 41.37241400 -13.55988218
v 44.30745623 41.93475277 -13.91699898
v 50.93918536 49.32826111 -17.39751471
v 51.65243456 48.96885183 -17.09694702
v 51.65895006 49.42383071 -17.47173347
v 42.35772631 45.96056351 -16.72565442
v 43.92739794 45.98519030 -16.35794812
v 43.35095141 46.63663462 -17.07457726
v 51.04854510 49.94157473 -17.74982499
v 51.21944353 50.40666642 -17.81717736
v 51.65895006 49.42383071 -17.47173347
v 52.25644610 49.25629306 -17.24495732
v 51.93154833 50.00990361 -17.61905718
v 60.25348780 38.68804042 -11.81853348
v 60.63357661 38.15105316 -11.58949897
v 52.83523485 49.05716971 -17.03073915
v 54.21000025 48.92644388 -16.85105163
v 53.28202936 49.56333804 -17.27498667
v 57.29851649 33.79276264 -9.88289426
v 57.09932825 35.23875409 -10.32886312
v 56.22104761 35.29830150 -10.38585471
v 58.28751490 34.24679541 -9.97018986
v 59.72940943 34.82374528 -10.47113600
v 60.21129725 40.45191817 -12.55318343
v 60.68496821 41.49754186 -13.09868531
v 59.72940943 34.82374528 -10.47113600
v 59.38815424 35.73802123 -10.81165129
v 58.05014155 36.69163448 -10.98363325
v 52.46900866 37.58364085 -11.19119871
v 53.41923640 39.12364925 -12.04509605
v 52.71538470 38.90002410 -11.87705097
v 52.55300066 50.60253206 -17.77050075
v 53.28202936 49.56333804 -17.27498667
v 53.28202936 49.56333804 -17.27498667
v 54.21000025 48.92644388 -16.85105163
v 54.21399805 50.13115764 -17.20899250
v 47.36388323 49.28957617 -17.99164617
v 48.68578265 49.56190360 -17.94611399
v 48.42349169 49.96531349 -18.38831376
v 55.68038294 38.49678776 -11.58090833
v 62.55588648 33.72220544 -10.41994258
v 61.25020716 33.23171188 -9.80475390
v 63.21342585 32.84371123 -10.07892376
v 66.89547083 24.95490208 -7.55289098
v 65.89383051 25.07339425 -7.30756019
v 65.93312952 23.88818310 -7.11737445
v 64.36199305 28.32308890 -8.37201385
v 63.21705744 27.80888304 -7.92126913
v 62.74253962 27.19740238 -7.57465038
v 67.58136866 23.29238082 -6.93709176
v 65.93312952 23.88818310 -7.11737445
v 66.71758387 22.56013449 -6.53326779
v 65.37075159 26.23370301 -7.77840084
v 63.58208582 26.12087198 -7.26297418
v 63.74251673 25.34070538 -7.07536724
v 68.83760950 32.17340729 -10.79071565
v 66.78535578 32.18820076 -10.37564607
v 67.80663416 31.64573552 -10.56642662
v 59.52375147 34.20547447 -10.09619693
v 61.25020716 33.23171188 -9.80475390
v 70.15399287 19.72291435 -6.20874340
v 68.21405909 19.53014341 -6.07170419
v 68.14100764 18.61664649 -5.75653375
v 62.07525751 24.51209218 -6.56471647
v 60.78529475 24.02580988 -6.26950460
v 61.31977961 23.25938382 -6.12356942
v 64.48367426 24.74054670 -6.99826448
v 62.97097895 23.55503046 -6.27432630
v 62.07525751 24.51209218 -6.56471647
v 60.67749140 24.78390461 -6.65623873
v 60.78529475 24.02580988 -6.26950460
v 68.83760950 32.17340729 -10.79071565
v 67.80663416 31.64573552 -10.56642662
v 68.13039515 30.79230402 -10.06406137
v 69.66830561 31.45794561 -10.51138814
v 68.83760950 32.17340729 -10.79071565
v 68.13039515 30.79230402 -10.06406137
v 63.04885218 28.63646629 -8.28390965
v 62.16185114 28.73638085 -8.24345862
v 63.21705744 27.80888304 -7.92126913
v 62.16185114 28.73638085 -8.24345862
v 61.34735224 29.80571721 -8.59509759
v 60.57167933 28.08575375 -8.02376247
v 68.66713831 23.81697026 -7.51993181
v 66.89547083 24.95490208 -7.55289098
v 67.58136866 23.29238082 -6.93709176
v 69.81941340 25.73354934 -8.56993518
v 67.77980158 24.74374330 -7.74457186
v 69.86315272 24.75233295 -8.30188387
v 63.87070582 19.81272105 -5.30870375
v 62.52904627 19.84570293 -5.28927931
v 62.71531794 18.80638203 -4.96342770
v 75.22815058 33.60520745 -12.08563775
v 76.34330103 33.15873525 -12.28423082
v 75.85823176 34.35049990 -12.65953619
v 71.74504969 33.62312159 -11.59811945
v 70.44635126 32.60237758 -11.08798745
v 72.98144648 33.52759389 -11.87305229
v 72.61055872 18.93643054 -6.49406737
v 70.15399287 19.72291435 -6.20874340
v 71.05989191 17.84306973 -5.92381573
v 71.57679865 19.87647874 -6.58864150
v 70.15399287 19.72291435 -6.20874340
v 72.61055872 18.93643054 -6.49406737
v 66.29963801 20.10523958 -5.83546771
v 65.77171442 19.27840403 -5.30575871
v 68.21405909 19.53014341 -6.07170419
v 65.77171442 19.27840403 -5.30575871
v 63.87070582 19.81272105 -5.30870375
v 65.48557398 18.19496235 -5.01387316
v 62.58685419 21.38297245 -5.70839272
v 62.09516260 20.45603159 -5.36702294
v 63.70305750 20.47728707 -5.41958947
v 62.89574549 34.52049945 -10.77547250
v 62.55588648 33.72220544 -10.41994258
v 64.01841852 33.46353833 -10.37967460
v 64.01841852 33.46353833 -10.37967460
v 63.21342585 32.84371123 -10.07892376
v 64.58355830 32.38760312 -10.16782139
v 69.81483576 33.67008842 -11.30461665
v 69.44691584 32.51361721 -11.05263282
v 70.44635126 32.60237758 -11.08798745
v 69.00301478 33.87528863 -11.22148680
v 66.78535578 32.18820076 -10.37564607
v 68.83760950 32.17340729 -10.79071565
v 59.91599390 21.75595069 -5.54727523
v 59.65100214 20.97883586 -5.26781038
v 62.09516260 20.45603159 -5.36702294
v 61.32444117 22.61119051 -5.85144407
v 59.91599390 21.75595069 -5.54727523
v 62.58685419 21.38297245 -5.70839272
v 62.97097895 23.55503046 -6.27432630
v 63.34100458 22.04013792 -6.08099720
v 65.18119166 21.95917476 -6.24779101
v 64.58355830 32.38760312 -10.16782139
v 65.88696406 32.78196625 -10.42340618
v 62.55588648 33.72220544 -10.41994258
v 63.21342585 32.84371123 -10.07892376
v 64.01841852 33.46353833 -10.37967460
v 64.01841852 33.46353833 -10.37967460
v 65.88696406 32.78196625 -10.42340618
v 65.29735682 34.29583648 -10.84084111
v 64.90052912 35.35289675 -11.04985618
v 73.38350031 29.80921020 -10.56117730
v 73.84095118 29.03429213 -10.46936504
v 75.22083399 29.18451490 -10.54092878
v 78.24412653 26.97283737 -10.38220650
v 75.46122095 28.03185839 -10.25760340
v 76.83551142 26.05290795 -9.88560906
v 70.44349024 21.90236519 -7.09198350
v 68.63629267 22.29407452 -7.11795403
v 69.29734156 21.05704362 -6.60611301
v 75.55781672 25.81941802 -9.49991261
v 77.19413111 24.01728644 -9.04893881
v 69.55097315 29.86967372 -9.98433405
v 68.46378443 29.07670504 -9.53610699
v 69.23115656 28.13052283 -9.30997158
v 69.55097315 29.86967372 -9.98433405
v 68.23576472 29.91409969 -9.93072993
v 68.46378443 29.07670504 -9.53610699
v 72.94243738 22.14820707 -7.69723867
v 71.52304957 22.09678503 -7.25923512
v 73.63315699 20.53096622 -7.36642786
v 72.94243738 22.14820707 -7.69723867
v 73.63315699 20.53096622 -7.36642786
v 75.67045710 20.52793732 -7.55839869
v 77.87669489 21.59746381 -8.67407574
v 76.03885004 22.34944749 -8.42894342
v 78.48442194 19.87433469 -7.73022780
v 77.69177363 22.63207836 -8.75021727
v 76.03885004 22.34944749 -8.42894342
v 77.87669489 21.59746381 -8.67407574
v 74.97635767 31.97385227 -11.40720121
v 76.73738215 31.87930109 -12.00893154
v 68.63629267 22.29407452 -7.11795403
v 66.82944605 21.53517876 -6.39931072
v 68.26481745 20.80319175 -6.43159819
v 64.81980250 20.62381717 -5.74046657
v 65.77171442 19.27840403 -5.30575871
v 70.88292048 27.08225929 -9.22726877
v 69.08040736 27.35514753 -8.86873305
v 69.77097437 26.83416575 -8.83054022
v 74.95564387 24.69727149 -9.04794709
v 72.34992335 25.52429026 -8.87843734
v 72.60855219 24.50159288 -8.43791593
v 75.55781672 25.81941802 -9.49991261
v 72.28402827 27.14380461 -9.53839549
v 74.95564387 24.69727149 -9.04794709
v 69.29734156 21.05704362 -6.60611301
v 68.63629267 22.29407452 -7.11795403
v 68.26481745 20.80319175 -6.43159819
v 76.03885004 22.34944749 -8.42894342
v 75.67045710 20.52793732 -7.55839869
v 75.67045710 20.52793732 -7.55839869
v 75.44258997 19.43281411 -7.07065132
v 76.99680445 19.46806186 -7.39702156
v 72.76143763 28.03367423 -9.98947596
v 74.08783839 28.06384084 -10.11398768
v 72.37233851 20.46176007 -6.83531518
v 71.57679865 19.87647874 -6.58864150
v 72.61055872 18.93643054 -6.49406737
v 68.26481745 20.80319175 -6.43159819
v 66.02346918 21.00776642 -5.90729098
v 66.29963801 20.10523958 -5.83546771
v 72.28402827 27.14380461 -9.53839549
v 72.34992335 25.52429026 -8.87843734
v 74.95564387 24.69727149 -9.04794709
v 69.23115656 28.13052283 -9.30997158
v 69.08040736 27.35514753 -8.86873305
v 70.88292048 27.08225929 -9.22726877
v 70.88292048 27.08225929 -9.22726877
v 71.62840388 26.38124672 -8.99733397
v 77.19413111 24.01728644 -9.04893881
v 74.95564387 24.69727149 -9.04794709
v 74.55761072 23.85014173 -8.67932513
v 76.34330103 33.15873525 -12.28423082
v 77.25873682 33.37761479 -12.51097646
v 75.85823176 34.35049990 -12.65953619
v 72.28402827 27.14380461 -9.53839549
v 70.88292048 27.08225929 -9.22726877
v 71.62840388 26.38124672 -8.99733397
v 75.55781672 25.81941802 -9.49991261
v 74.95564387 24.69727149 -9.04794709
v 77.19413111 24.01728644 -9.04893881
v 72.60855219 24.50159288 -8.43791593
v 72.20185969 22.94859919 -7.89812076
v 74.55761072 23.85014173 -8.67932513
v 74.55761072 23.85014173 -8.67932513
v 72.20185969 22.94859919 -7.89812076
v 72.94243738 22.14820707 -7.69723867
v 72.98144648 33.52759389 -11.87305229
v 70.44635126 32.60237758 -11.08798745
v 71.68419764 31.57881016 -10.98164878
v 77.43230555 30.62073346 -11.60950201
v 75.84329340 31.00409535 -11.18823743
v 76.45065424 29.71563561 -10.94583610
v 74.55761072 23.85014173 -8.67932513
v 72.94243738 22.14820707 -7.69723867
v 75.67045710 20.52793732 -7.55839869
v 74.08783839 28.06384084 -10.11398768
v 72.28402827 27.14380461 -9.53839549
v 75.55781672 25.81941802 -9.49991261
v 77.23191950 28.44574531 -10.87982637
v 75.46122095 28.03185839 -10.25760340
v 78.24412653 26.97283737 -10.38220650
v 71.68419764 31.57881016 -10.98164878
v 71.87198756 30.66245875 -10.85403938
v 74.19935725 31.04867394 -10.94734693
v 75.22815058 33.60520745 -12.08563775
v 75.85823176 34.35049990 -12.65953619
v 75.49238703 35.07259931 -12.76112933
v 69.81941340 25.73354934 -8.56993518
v 69.86315272 24.75233295 -8.30188387
v 71.37891505 24.65601947 -8.31239716
v 75.44258997 19.43281411 -7.07065132
v 73.90241358 19.18355419 -6.86917422
v 76.08606837 18.04143384 -6.79745773
v 73.99850580 33.32524699 -11.73630299
v 74.97635767 31.97385227 -11.40720121
v 75.22815058 33.60520745 -12.08563775
v 61.32444117 22.61119051 -5.85144407
v 59.64005396 22.31680270 -5.77881219
v 59.91599390 21.75595069 -5.54727523
v 63.34100458 22.04013792 -6.08099720
v 61.32444117 22.61119051 -5.85144407
v 62.58685419 21.38297245 -5.70839272
v 62.58685419 21.38297245 -5.70839272
v 59.91599390 21.75595069 -5.54727523
v 62.09516260 20.45603159 -5.36702294
v 64.90052912 35.35289675 -11.04985618
v 65.29735682 34.29583648 -10.84084111
v 74.10869715 34.44759956 -11.94513496
v 73.99850580 33.32524699 -11.73630299
v 70.70218775 28.08615021 -9.70334315
v 70.88292048 27.08225929 -9.22726877
v 76.45065424 29.71563561 -10.94583610
v 73.38350031 29.80921020 -10.56117730
v 75.22083399 29.18451490 -10.54092878
v 77.61196253 32.82838222 -12.33197552
v 77.25873682 33.37761479 -12.51097646
v 68.41051600 26.57573536 -8.26799440
v 67.37561915 26.57425525 -8.32448243
v 67.71489832 25.74677881 -7.93982349
v 63.21342585 32.84371123 -10.07892376
v 62.74046442 31.30553394 -9.61884051
v 63.62299464 32.01615851 -9.65002959
v 60.40039179 33.04111448 -9.73036728
v 61.25020716 33.23171188 -9.80475390
v 63.91896937 29.47722547 -8.90671252
v 62.99275324 29.51061939 -8.55801868
v 63.79676935 31.03929099 -9.41000867
v 62.74046442 31.30553394 -9.61884051
v 63.11559412 30.40279354 -9.12473025
v 64.95904658 29.54290692 -8.98010731
v 63.11559412 30.40279354 -9.12473025
v 63.91896937 29.47722547 -8.90671252
v 67.11232874 30.92668107 -9.76735424
v 66.06689570 31.72641670 -9.97789514
v 66.72309229 29.91431385 -9.58722407
v 65.19962427 31.75474465 -9.92723596
v 63.79676935 31.03929099 -9.41000867
v 64.95904658 29.54290692 -8.98010731
v 65.19962427 31.75474465 -9.92723596
v 64.58355830 32.38760312 -10.16782139
v 63.79676935 31.03929099 -9.41000867
v 64.58355830 32.38760312 -10.16782139
v 63.62299464 32.01615851 -9.65002959
v 63.79676935 31.03929099 -9.41000867
v 66.78535578 32.18820076 -10.37564607
v 65.88696406 32.78196625 -10.42340618
v 66.06689570 31.72641670 -9.97789514
v 64.58355830 32.38760312 -10.16782139
v 63.21342585 32.84371123 -10.07892376
v 63.62299464 32.01615851 -9.65002959
v 64.48367426 24.74054670 -6.99826448
v 62.97097895 23.55503046 -6.27432630
v 65.93312952 23.88818310 -7.11737445
v 69.81483576 33.67008842 -11.30461665
v 70.44635126 32.60237758 -11.08798745
v 71.74504969 33.62312159 -11.59811945
v 74.95564387 24.69727149 -9.04794709
v 72.60855219 24.50159288 -8.43791593
v 69.00301478 33.87528863 -11.22148680
v 69.81483576 33.67008842 -11.30461665
v 70.37411616 34.60878608 -11.52243601
v 66.87751887 33.67088207 -10.88356562
v 66.78535578 32.18820076 -10.37564607
v 69.00301478 33.87528863 -11.22148680
v 62.23347590 35.14152455 -10.67554279
v 62.55588648 33.72220544 -10.41994258
v 62.89574549 34.52049945 -10.77547250
v 74.97635767 31.97385227 -11.40720121
v 76.34330103 33.15873525 -12.28423082
v 75.22815058 33.60520745 -12.08563775
v 75.85823176 34.35049990 -12.65953619
v 77.25873682 33.37761479 -12.51097646
v 76.30819056 34.89024138 -12.86276809
v 61.81614802 25.54019883 -6.84508163
v 63.74251673 25.34070538 -7.07536724
v 62.74253962 27.19740238 -7.57465038
v 61.81614802 25.54019883 -6.84508163
v 63.58208582 26.12087198 -7.26297418
v 60.02733729 27.37105506 -7.39310134
v 59.54753229 26.54686017 -7.26793336
v 61.48387263 27.14688819 -7.38325938
v 60.57167933 28.08575375 -8.02376247
v 60.02733729 27.37105506 -7.39310134
v 61.48387263 27.14688819 -7.38325938
v 62.16185114 28.73638085 -8.24345862
v 60.57167933 28.08575375 -8.02376247
v 63.21705744 27.80888304 -7.92126913
v 71.62840388 26.38124672 -8.99733397
v 72.34992335 25.52429026 -8.87843734
v 62.14353297 29.63732124 -8.43054678
v 61.34735224 29.80571721 -8.59509759
v 62.16185114 28.73638085 -8.24345862
v 66.89547083 24.95490208 -7.55289098
v 65.93312952 23.88818310 -7.11737445
v 67.58136866 23.29238082 -6.93709176
v 64.81980250 20.62381717 -5.74046657
v 63.70305750 20.47728707 -5.41958947
v 61.31668970 30.46461459 -8.71901432
v 59.72551844 29.79678325 -8.20749382
v 61.34735224 29.80571721 -8.59509759
v 65.93312952 23.88818310 -7.11737445
v 65.51571009 22.63398704 -6.45537169
v 66.71758387 22.56013449 -6.53326779
v 66.71758387 22.56013449 -6.53326779
v 66.82944605 21.53517876 -6.39931072
v 70.44349024 21.90236519 -7.09198350
v 69.29734156 21.05704362 -6.60611301
v 71.57679865 19.87647874 -6.58864150
v 68.26481745 20.80319175 -6.43159819
v 66.29963801 20.10523958 -5.83546771
v 68.21405909 19.53014341 -6.07170419
v 65.51571009 22.63398704 -6.45537169
v 65.18119166 21.95917476 -6.24779101
v 64.81980250 20.62381717 -5.74046657
v 66.29963801 20.10523958 -5.83546771
v 67.24620173 28.22791974 -8.94501188
v 65.88171503 28.25114367 -8.60281828
v 67.07392237 27.49010396 -8.48752274
v 67.07392237 27.49010396 -8.48752274
v 67.99549982 27.31875532 -8.88225233
v 59.47783015 30.80100222 -8.75194284
v 59.72551844 29.79678325 -8.20749382
v 61.31668970 30.46461459 -8.71901432
v 67.37561915 26.57425525 -8.32448243
v 66.37541315 26.04531704 -7.79762688
v 67.71489832 25.74677881 -7.93982349
v 68.41051600 26.57573536 -8.26799440
v 67.71489832 25.74677881 -7.93982349
v 67.77980158 24.74374330 -7.74457186
v 61.01674006 32.25799507 -9.53159090
v 59.47783015 30.80100222 -8.75194284
v 61.31668970 30.46461459 -8.71901432
v 60.40039179 33.04111448 -9.73036728
v 59.75821039 32.21934482 -9.39110323
v 61.01674006 32.25799507 -9.53159090
v 61.01674006 32.25799507 -9.53159090
v 59.75821039 32.21934482 -9.39110323
v 59.47783015 30.80100222 -8.75194284
v 65.37075159 26.23370301 -7.77840084
v 63.74251673 25.34070538 -7.07536724
v 65.89383051 25.07339425 -7.30756019
v 67.77980158 24.74374330 -7.74457186
v 66.89547083 24.95490208 -7.55289098
v 68.66713831 23.81697026 -7.51993181
v 62.74253962 27.19740238 -7.57465038
v 63.58208582 26.12087198 -7.26297418
v 65.37075159 26.23370301 -7.77840084
v 62.74046442 31.30553394 -9.61884051
v 62.03121302 31.22174033 -9.40651444
v 72.76143763 28.03367423 -9.98947596
v 71.70458338 28.00681971 -9.99103235
v 72.28402827 27.14380461 -9.53839549
v 75.67045710 20.52793732 -7.55839869
v 69.44691584 32.51361721 -11.05263282
v 68.83760950 32.17340729 -10.79071565
v 69.66830561 31.45794561 -10.51138814
v 70.44635126 32.60237758 -11.08798745
v 70.67288325 31.66998934 -10.67921959
v 71.68419764 31.57881016 -10.98164878
v 70.67288325 31.66998934 -10.67921959
v 69.66830561 31.45794561 -10.51138814
v 70.17070124 30.35664266 -10.31738771
v 68.13039515 30.79230402 -10.06406137
v 68.23576472 29.91409969 -9.93072993
v 69.55097315 29.86967372 -9.98433405
v 72.16019556 29.76862944 -10.62457756
v 71.37371180 29.28042504 -10.13139816
v 72.48133204 28.95309254 -10.15684977
v 71.57679865 19.87647874 -6.58864150
v 69.29734156 21.05704362 -6.60611301
v 70.15399287 19.72291435 -6.20874340
v 66.78535578 32.18820076 -10.37564607
v 66.06689570 31.72641670 -9.97789514
v 67.11232874 30.92668107 -9.76735424
v 63.79676935 31.03929099 -9.41000867
v 63.11559412 30.40279354 -9.12473025
v 64.95904658 29.54290692 -8.98010731
v 65.51571009 22.63398704 -6.45537169
v 62.97097895 23.55503046 -6.27432630
v 65.18119166 21.95917476 -6.24779101
v 66.72309229 29.91431385 -9.58722407
v 64.95904658 29.54290692 -8.98010731
v 66.97564051 29.15520394 -9.18378156
v 64.95904658 29.54290692 -8.98010731
v 64.36199305 28.32308890 -8.37201385
v 64.95904658 29.54290692 -8.98010731
v 64.36199305 28.32308890 -8.37201385
v 65.88171503 28.25114367 -8.60281828
v 63.62299464 32.01615851 -9.65002959
v 62.74046442 31.30553394 -9.61884051
v 63.79676935 31.03929099 -9.41000867
v 63.11559412 30.40279354 -9.12473025
v 62.99275324 29.51061939 -8.55801868
v 61.25020716 33.23171188 -9.80475390
v 60.40039179 33.04111448 -9.73036728
v 61.01674006 32.25799507 -9.53159090
v 74.18725703 31.78487984 -11.13469447
v 71.68419764 31.57881016 -10.98164878
v 74.19935725 31.04867394 -10.94734693
v 74.97635767 31.97385227 -11.40720121
v 73.99850580 33.32524699 -11.73630299
v 74.18725703 31.78487984 -11.13469447
v 76.03885004 22.34944749 -8.42894342
v 74.55761072 23.85014173 -8.67932513
v 73.63315699 20.53096622 -7.36642786
v 71.52304957 22.09678503 -7.25923512
v 72.37233851 20.46176007 -6.83531518
v 65.88171503 28.25114367 -8.60281828
v 64.36199305 28.32308890 -8.37201385
v 65.12918970 27.59961631 -8.31160418
v 62.97097895 23.55503046 -6.27432630
v 62.07525751 24.51209218 -6.56471647
v 61.31977961 23.25938382 -6.12356942
v 65.86085627 13.66050810 -4.41397313
v 66.26973078 15.81211939 -4.66563669
v 64.57716486 15.60414977 -4.38481390
v 70.73644373 12.41090479 -4.62971694
v 73.91076014 12.40062795 -4.95182998
v 70.41497919 13.18830960 -4.48599454
v 58.85294459 15.65311718 -4.04924262
v 62.48929713 16.71798986 -4.45399743
v 58.96811793 16.99262522 -4.18684660
v 72.27176020 5.06251613 -4.55044634
v 72.42636988 6.04872222 -4.35398959
v 69.89216730 6.25101571 -3.79374792
v 68.50521967 12.15062044 -4.21733287
v 70.41497919 13.18830960 -4.48599454
v 67.51759455 13.93433470 -4.41133340
v 65.10879633 6.98728288 -3.31614794
v 67.91588709 5.66587167 -3.77439968
v 69.89216730 6.25101571 -3.79374792
v 65.86085627 13.66050810 -4.41397313
v 67.51759455 13.93433470 -4.41133340
v 66.26973078 15.81211939 -4.66563669
v 70.41497919 13.18830960 -4.48599454
v 70.87487147 14.62373433 -4.98645253
v 70.23324702 14.98401722 -5.00795223
v 60.18542597 15.78616618 -4.11743417
v 62.48929713 16.71798986 -4.45399743
v 58.85294459 15.65311718 -4.04924262
v 60.39109156 14.52631666 -3.97169727
v 61.66130183 13.94753553 -4.00044473
v 61.59453699 15.21345801 -4.39934020
v 63.35966608 12.69707588 -3.85383808
v 64.29795191 12.11136723 -4.02276804
v 64.70012018 13.05976962 -4.10827845
v 61.89112208 12.09099108 -3.71183969
v 64.29795191 12.11136723 -4.02276804
v 63.35966608 12.69707588 -3.85383808
v 61.59453699 15.21345801 -4.39934020
v 63.01923487 16.07940761 -4.54576368
v 62.48929713 16.71798986 -4.45399743
v 73.26323054 13.42668230 -5.12762665
v 75.04554102 13.66047739 -5.60631016
v 73.37115595 14.29598313 -5.17892685
v 63.92343256 15.12466522 -4.32455686
v 64.57716486 15.60414977 -4.38481390
v 63.01923487 16.07940761 -4.54576368
v 73.26323054 13.42668230 -5.12762665
v 73.37115595 14.29598313 -5.17892685
v 71.87174341 14.40699083 -5.16562120
v 60.39109156 14.52631666 -3.97169727
v 60.18542597 15.78616618 -4.11743417
v 69.51534388 9.18987370 -4.04031517
v 67.84314844 8.80945690 -3.63466020
v 71.92492029 7.99539277 -4.24119694
v 68.35247919 17.53294353 -5.26384253
v 66.61016199 17.94274978 -5.27730085
v 67.03270075 16.98365860 -5.24649320
v 72.44556544 17.31961890 -5.78663913
v 71.05989191 17.84306973 -5.92381573
v 72.60765955 16.46600412 -5.60834004
v 69.83605311 16.35900955 -5.23829913
v 68.35247919 17.53294353 -5.26384253
v 68.67147181 15.85887228 -4.86775461
v 72.26060602 11.52525417 -4.53325073
v 73.77603266 11.24755179 -4.83117855
v 73.91076014 12.40062795 -4.95182998
v 71.92076227 4.02989283 -4.65191712
v 69.86390040 4.18869876 -4.13678042
v 72.94784663 3.79122248 -4.66400204
v 76.21318934 10.80802997 -5.06967335
v 78.08008692 8.58519058 -5.27914564
v 78.07456324 9.42356948 -5.32306057
v 76.21318934 10.80802997 -5.06967335
v 75.42254755 9.92697989 -4.89047399
v 78.08008692 8.58519058 -5.27914564
v 64.28662226 9.04994309 -3.35124350
v 65.69766352 7.79686082 -3.29097107
v 67.84314844 8.80945690 -3.63466020
v 71.92492029 7.99539277 -4.24119694
v 72.15683863 9.03987978 -4.17611837
v 69.51534388 9.18987370 -4.04031517
v 76.95399592 11.92157059 -5.19453620
v 76.21318934 10.80802997 -5.06967335
v 78.18743250 11.64278485 -5.44442934
v 73.93185541 17.69927846 -6.34475992
v 71.05989191 17.84306973 -5.92381573
v 72.44556544 17.31961890 -5.78663913
v 73.89711115 7.85289086 -4.71212892
v 76.17751429 7.79685295 -4.80603150
v 74.68090937 8.93229762 -4.58743427
v 73.91076014 12.40062795 -4.95182998
v 76.95399592 11.92157059 -5.19453620
v 75.23464320 12.64343336 -5.34030353
v 75.04554102 13.66047739 -5.60631016
v 76.95308802 12.54326702 -5.46399126
v 76.86802027 13.76763222 -5.71293860
v 67.54605219 10.04614357 -3.82304542
v 67.84314844 8.80945690 -3.63466020
v 63.17949030 13.98909856 -4.01933512
v 65.86085627 13.66050810 -4.41397313
v 63.92343256 15.12466522 -4.32455686
v 78.10741541 15.62907468 -6.33810675
v 76.29042933 15.86380064 -6.28532664
v 77.77205012 14.45555179 -5.99189989
v 70.87487147 14.62373433 -4.98645253
v 74.46148035 15.52917551 -5.59773503
v 72.76189539 15.79443434 -5.32725778
v 76.08606837 18.04143384 -6.79745773
v 73.90241358 19.18355419 -6.86917422
v 75.22133753 17.72205218 -6.48233317
v 72.15683863 9.03987978 -4.17611837
v 74.68090937 8.93229762 -4.58743427
v 73.79676173 9.61512842 -4.68272552
v 63.17437861 10.91393383 -3.58606130
v 64.77127192 9.67943676 -3.58201752
v 64.65957758 11.57359409 -4.06318849
v 60.71141169 10.54027855 -3.38310409
v 61.70078394 10.15699303 -3.35141152
v 61.68370936 10.78093249 -3.67724781
v 67.36526606 15.59705439 -4.64540350
v 68.67147181 15.85887228 -4.86775461
v 67.24215052 16.23837360 -5.01086686
v 67.84314844 8.80945690 -3.63466020
v 65.69766352 7.79686082 -3.29097107
v 65.48557398 18.19496235 -5.01387316
v 64.36739466 17.24060142 -4.81015291
v 65.16665766 17.02426993 -4.84573637
v 60.56739161 18.02998437 -4.69542220
v 58.96811793 16.99262522 -4.18684660
v 62.48929713 16.71798986 -4.45399743
v 76.17751429 7.79685295 -4.80603150
v 77.58459589 7.47950822 -5.20349239
v 78.08008692 8.58519058 -5.27914564
v 74.30339930 5.82876675 -4.54013152
v 74.65974543 4.92091452 -4.85194473
v 74.71612665 6.49871912 -4.63496500
v 74.71612665 6.49871912 -4.63496500
v 77.58459589 7.47950822 -5.20349239
v 76.17751429 7.79685295 -4.80603150
v 64.70012018 13.05976962 -4.10827845
v 66.08689997 12.39085485 -3.96301467
v 65.86085627 13.66050810 -4.41397313
v 63.73292658 6.34156143 -3.37718300
v 63.19103358 5.57879747 -3.26483241
v 64.30568812 5.18942366 -3.43864521
v 68.14100764 18.61664649 -5.75653375
v 66.61016199 17.94274978 -5.27730085
v 68.35247919 17.53294353 -5.26384253
v 68.14100764 18.61664649 -5.75653375
v 68.35247919 17.53294353 -5.26384253
v 69.62474940 17.50755283 -5.72084326
v 69.62474940 17.50755283 -5.72084326
v 68.35247919 17.53294353 -5.26384253
v 69.83605311 16.35900955 -5.23829913
v 72.60765955 16.46600412 -5.60834004
v 69.83605311 16.35900955 -5.23829913
v 72.76189539 15.79443434 -5.32725778
v 77.51262781 18.29077000 -7.30794056
v 76.08606837 18.04143384 -6.79745773
v 78.32785151 17.34585525 -6.93335239
v 75.22133753 17.72205218 -6.48233317
v 73.93185541 17.69927846 -6.34475992
v 75.12374995 16.19554964 -6.08093521
v 60.23135493 13.62591078 -3.92025974
v 61.66130183 13.94753553 -4.00044473
v 60.39109156 14.52631666 -3.97169727
v 68.35199091 4.40654089 -3.93539496
v 69.30725214 4.09567357 -4.02754274
v 69.86390040 4.18869876 -4.13678042
v 66.33465693 4.63662822 -3.62278819
v 67.27011988 4.45913798 -3.70001289
v 65.14025996 4.98512372 -3.52780228
v 74.71612665 6.49871912 -4.63496500
v 76.17751429 7.79685295 -4.80603150
v 73.89711115 7.85289086 -4.71212892
v 70.32480738 4.28750702 -4.30160588
v 69.86390040 4.18869876 -4.13678042
v 71.92076227 4.02989283 -4.65191712
v 68.35199091 4.40654089 -3.93539496
v 69.86390040 4.18869876 -4.13678042
v 70.32480738 4.28750702 -4.30160588
v 67.27011988 4.45913798 -3.70001289
v 68.35199091 4.40654089 -3.93539496
v 66.49100611 4.82734019 -3.64825514
v 65.14025996 4.98512372 -3.52780228
v 66.49100611 4.82734019 -3.64825514
v 64.30568812 5.18942366 -3.43864521
v 67.51759455 13.93433470 -4.41133340
v 70.41497919 13.18830960 -4.48599454
v 70.23324702 14.98401722 -5.00795223
v 69.89216730 6.25101571 -3.79374792
v 72.42636988 6.04872222 -4.35398959
v 71.94567988 7.15716648 -4.08761709
v 65.10879633 6.98728288 -3.31614794
v 70.41497919 13.18830960 -4.48599454
v 73.91076014 12.40062795 -4.95182998
v 61.66130183 13.94753553 -4.00044473
v 63.35966608 12.69707588 -3.85383808
v 63.17949030 13.98909856 -4.01933512
v 68.50521967 12.15062044 -4.21733287
v 70.73644373 12.41090479 -4.62971694
v 70.41497919 13.18830960 -4.48599454
v 67.91588709 5.66587167 -3.77439968
v 62.48929713 16.71798986 -4.45399743
v 63.01923487 16.07940761 -4.54576368
v 64.36739466 17.24060142 -4.81015291
v 67.91588709 5.66587167 -3.77439968
v 66.49100611 4.82734019 -3.64825514
v 68.45192835 4.64617255 -3.90036082
v 68.35199091 4.40654089 -3.93539496
v 68.29167292 4.27977086 -3.99519413
v 69.30725214 4.09567357 -4.02754274
v 67.27011988 4.45913798 -3.70001289
v 68.29167292 4.27977086 -3.99519413
v 68.35199091 4.40654089 -3.93539496
v 60.18542597 15.78616618 -4.11743417
v 61.59453699 15.21345801 -4.39934020
v 62.48929713 16.71798986 -4.45399743
v 61.59453699 15.21345801 -4.39934020
v 63.92343256 15.12466522 -4.32455686
v 63.01923487 16.07940761 -4.54576368
v 69.30725214 4.09567357 -4.02754274
v 70.28714869 3.91772553 -4.25361693
v 65.14025996 4.98512372 -3.52780228
v 67.27011988 4.45913798 -3.70001289
v 66.49100611 4.82734019 -3.64825514
v 68.35199091 4.40654089 -3.93539496
v 70.32480738 4.28750702 -4.30160588
v 71.92076227 4.02989283 -4.65191712
v 72.94784663 3.79122248 -4.66400204
v 74.64304468 3.78903279 -4.99475155
v 66.49100611 4.82734019 -3.64825514
v 70.32480738 4.28750702 -4.30160588
v 68.45192835 4.64617255 -3.90036082
v 66.26973078 15.81211939 -4.66563669
v 67.51759455 13.93433470 -4.41133340
v 67.36526606 15.59705439 -4.64540350
v 74.68090937 8.93229762 -4.58743427
v 75.42254755 9.92697989 -4.89047399
v 76.21318934 10.80802997 -5.06967335
v 78.07456324 9.42356948 -5.32306057
v 78.18743250 11.64278485 -5.44442934
v 68.67147181 15.85887228 -4.86775461
v 70.23324702 14.98401722 -5.00795223
v 64.28662226 9.04994309 -3.35124350
v 64.04779932 8.07868300 -3.46652349
v 65.69766352 7.79686082 -3.29097107
v 70.32480738 4.28750702 -4.30160588
v 71.92076227 4.02989283 -4.65191712
v 72.27176020 5.06251613 -4.55044634
v 72.61055872 18.93643054 -6.49406737
v 71.05989191 17.84306973 -5.92381573
v 73.93185541 17.69927846 -6.34475992
v 65.48557398 18.19496235 -5.01387316
v 63.87070582 19.81272105 -5.30870375
v 64.36739466 17.24060142 -4.81015291
v 66.26973078 15.81211939 -4.66563669
v 67.36526606 15.59705439 -4.64540350
v 67.24215052 16.23837360 -5.01086686
v 70.79946253 11.58973782 -4.48974794
v 70.73644373 12.41090479 -4.62971694
v 62.71531794 18.80638203 -4.96342770
v 64.36739466 17.24060142 -4.81015291
v 63.92343256 15.12466522 -4.32455686
v 65.86085627 13.66050810 -4.41397313
v 64.57716486 15.60414977 -4.38481390
v 65.69766352 7.79686082 -3.29097107
v 65.10879633 6.98728288 -3.31614794
v 65.48557398 18.19496235 -5.01387316
v 66.61016199 17.94274978 -5.27730085
v 60.26715967 7.63544764 -3.19645811
v 61.09150049 7.11428372 -3.10287587
v 61.21611903 7.84424127 -3.27528505
v 63.06821558 7.28411973 -3.28700371
v 62.27517054 6.75643457 -3.30520736
v 66.28760645 11.47749426 -3.96917907
v 67.54605219 10.04614357 -3.82304542
v 68.50521967 12.15062044 -4.21733287
v 67.54605219 10.04614357 -3.82304542
v 70.60865137 10.34092803 -4.37487957
v 62.71531794 18.80638203 -4.96342770
v 61.47403071 18.74517904 -4.93622127
v 60.56739161 18.02998437 -4.69542220
v 64.57716486 15.60414977 -4.38481390
v 66.26973078 15.81211939 -4.66563669
v 65.16665766 17.02426993 -4.84573637
v 63.18250391 9.97225295 -3.46069494
v 63.17437861 10.91393383 -3.58606130
v 63.17437861 10.91393383 -3.58606130
v 61.70617792 11.46857745 -3.65240661
v 64.65957758 11.57359409 -4.06318849
v 64.29795191 12.11136723 -4.02276804
v 60.24553797 12.35318289 -3.47630507
v 61.89112208 12.09099108 -3.71183969
v 59.66937372 13.06946095 -3.59233302
v 61.89112208 12.09099108 -3.71183969
v 63.35966608 12.69707588 -3.85383808
v 61.66130183 13.94753553 -4.00044473
v 64.29795191 12.11136723 -4.02276804
v 66.08689997 12.39085485 -3.96301467
v 64.70012018 13.05976962 -4.10827845
v 60.64940760 6.45076293 -2.95338541
v 61.09150049 7.11428372 -3.10287587
v 60.26715967 7.63544764 -3.19645811
v 69.51534388 9.18987370 -4.04031517
v 72.15683863 9.03987978 -4.17611837
v 70.60865137 10.34092803 -4.37487957
v 66.15235255 10.25897318 -3.71693583
v 76.95399592 11.92157059 -5.19453620
v 76.95308802 12.54326702 -5.46399126
v 75.23464320 12.64343336 -5.34030353
v 75.23464320 12.64343336 -5.34030353
v 75.04554102 13.66047739 -5.60631016
v 69.51534388 9.18987370 -4.04031517
v 70.60865137 10.34092803 -4.37487957
v 67.54605219 10.04614357 -3.82304542
v 67.54605219 10.04614357 -3.82304542
v 66.28760645 11.47749426 -3.96917907
v 67.54605219 10.04614357 -3.82304542
v 70.79946253 11.58973782 -4.48974794
v 68.50521967 12.15062044 -4.21733287
v 62.70775721 8.33975517 -3.38639963
v 63.06821558 7.28411973 -3.28700371
v 66.28760645 11.47749426 -3.96917907
v 66.08689997 12.39085485 -3.96301467
v 63.06821558 7.28411973 -3.28700371
v 57.46920130 24.52046932 -6.19121184
v 58.56771204 24.41502343 -6.36674893
v 58.07499049 25.53659015 -6.66414291
v 59.65100214 20.97883586 -5.26781038
v 58.24312708 21.17508679 -5.18873937
v 57.75102351 20.31005842 -5.14030783
v 56.96690485 19.14973441 -4.58781741
v 55.34304926 19.39736264 -4.48184516
v 55.15815851 18.28095340 -4.12959583
v 51.56337664 33.70369751 -9.54131099
v 50.74941180 34.70106539 -10.14217175
v 50.23219225 33.87873877 -9.86383604
v 57.68965266 27.80089608 -7.52264853
v 58.64283869 28.13462866 -7.68047024
v 58.52871821 29.37078125 -8.04163072
v 45.76642535 31.83549602 -8.73967494
v 46.76534197 33.25440283 -9.47894824
v 45.56719897 33.02739796 -9.38327560
v 42.96786425 29.25438055 -7.94435592
v 43.54071734 29.86480072 -8.27559381
v 42.77193377 30.17736177 -8.21138488
v 43.30251238 30.79021572 -8.54013559
v 43.71277544 31.50628003 -8.68073019
v 42.88783190 32.08350469 -9.11328643
v 43.85571978 33.12249849 -9.31917344
v 44.69395373 34.63035653 -10.06233775
v 43.11505816 34.19380273 -10.21758060
v 43.33747790 18.68297666 -4.47468867
v 44.98812029 18.85880370 -4.37419431
v 43.09905932 19.43914974 -4.79747322
v 43.71277544 31.50628003 -8.68073019
v 44.59127734 32.24274544 -8.93600985
v 42.88783190 32.08350469 -9.11328643
v 44.76777575 31.08095668 -8.55656935
v 45.76642535 31.83549602 -8.73967494
v 44.59127734 32.24274544 -8.93600985
v 49.43791125 34.14592788 -9.74077395
v 49.41359637 34.55938768 -9.92391001
v 45.76642535 31.83549602 -8.73967494
v 45.56719897 33.02739796 -9.38327560
v 44.59127734 32.24274544 -8.93600985
v 59.54753229 26.54686017 -7.26793336
v 58.49868891 26.63992358 -6.97597170
v 59.58204005 25.76019337 -6.86293445
v 52.56545183 28.17063943 -7.49355008
v 52.16865465 29.52990756 -7.85991382
v 51.20199511 29.39701874 -8.06070421
v 48.24275133 31.26425242 -8.51537065
v 46.76534197 33.25440283 -9.47894824
v 45.76642535 31.83549602 -8.73967494
v 56.30297968 26.87002609 -7.15953497
v 58.07499049 25.53659015 -6.66414291
v 57.59055445 26.93424272 -7.01005989
v 43.09905932 19.43914974 -4.79747322
v 44.08963702 20.14018332 -4.87808551
v 42.10298083 20.83954033 -5.00210906
v 59.47783015 30.80100222 -8.75194284
v 58.77695582 30.27610755 -8.45695984
v 59.72551844 29.79678325 -8.20749382
v 49.62573931 31.92756704 -8.98524991
v 49.43791125 34.14592788 -9.74077395
v 48.19416735 33.75530296 -9.60909054
v 49.62573931 31.92756704 -8.98524991
v 48.67248461 32.61116076 -9.19247963
v 48.24275133 31.26425242 -8.51537065
v 55.42963526 28.00373882 -7.38931726
v 56.67870447 27.90363354 -7.35001061
v 57.01616022 28.93714177 -7.78989114
v 51.02103350 27.16381883 -7.05144176
v 50.51331255 28.16402473 -7.58324124
v 53.39463923 25.49979457 -6.44438582
v 53.42598078 27.42942856 -7.11334671
v 52.40408251 27.00058029 -7.11711556
v 54.60376856 27.44097946 -7.11168350
v 55.81689570 27.23648877 -7.27974377
v 55.42963526 28.00373882 -7.38931726
v 50.51331255 28.16402473 -7.58324124
v 51.20199511 29.39701874 -8.06070421
v 49.11045000 29.42762791 -7.77724169
v 53.20764277 28.49248543 -7.59769137
v 53.98206446 29.16215551 -7.73608869
v 52.92496416 30.19163590 -8.13287841
v 45.23937151 29.10067879 -7.81827252
v 44.40022967 29.87962466 -8.14679437
v 43.85131762 29.00587595 -7.72591105
v 46.02738879 27.62185805 -7.40085284
v 45.23937151 29.10067879 -7.81827252
v 44.31913683 27.52942034 -7.24364153
v 49.91017840 33.18587538 -9.42468798
v 49.62573931 31.92756704 -8.98524991
v 44.08963702 20.14018332 -4.87808551
v 43.89749071 21.38658216 -5.39122353
v 42.10298083 20.83954033 -5.00210906
v 50.52172015 32.98458147 -9.16963729
v 49.91017840 33.18587538 -9.42468798
v 49.62573931 31.92756704 -8.98524991
v 49.44163439 27.56403392 -7.39741961
v 50.51331255 28.16402473 -7.58324124
v 48.44550249 27.91066021 -7.35759422
v 49.88439104 26.22444203 -6.85220760
v 49.44163439 27.56403392 -7.39741961
v 48.44550249 27.91066021 -7.35759422
v 46.44102404 30.78067088 -8.48944589
v 45.62011645 30.18401414 -8.10184203
v 46.44102404 30.78067088 -8.48944589
v 44.76777575 31.08095668 -8.55656935
v 53.27098963 33.35363024 -9.56809011
v 52.71129534 34.26386280 -9.88342839
v 51.56337664 33.70369751 -9.54131099
v 54.44451258 26.60925341 -6.94737673
v 54.60376856 27.44097946 -7.11168350
v 43.31753466 27.64557022 -7.34587543
v 43.85131762 29.00587595 -7.72591105
v 45.56719897 33.02739796 -9.38327560
v 44.59127734 32.24274544 -8.93600985
v 46.02738879 27.62185805 -7.40085284
v 46.27663348 29.52670414 -8.06630420
v 45.23937151 29.10067879 -7.81827252
v 60.57167933 28.08575375 -8.02376247
v 58.64283869 28.13462866 -7.68047024
v 60.02733729 27.37105506 -7.39310134
v 54.68100092 33.84975436 -9.75121091
v 53.79408381 34.60044855 -10.30441843
v 53.27098963 33.35363024 -9.56809011
v 58.58258936 33.20828226 -9.74605334
v 59.52375147 34.20547447 -10.09619693
v 58.28751490 34.24679541 -9.97018986
v 59.58204005 25.76019337 -6.86293445
v 58.49868891 26.63992358 -6.97597170
v 58.56771204 24.41502343 -6.36674893
v 54.68100092 33.84975436 -9.75121091
v 54.59836695 34.76554104 -10.17645826
v 53.79408381 34.60044855 -10.30441843
v 59.52375147 34.20547447 -10.09619693
v 58.58258936 33.20828226 -9.74605334
v 59.70766566 33.18453945 -9.87141955
v 59.52375147 34.20547447 -10.09619693
v 59.70766566 33.18453945 -9.87141955
v 45.56719897 33.02739796 -9.38327560
v 46.05897448 34.08962319 -9.67612245
v 45.28787157 34.20925214 -9.81139164
v 53.98206446 29.16215551 -7.73608869
v 54.50776026 30.47641065 -8.29234806
v 52.92496416 30.19163590 -8.13287841
v 51.61762926 21.50116811 -4.92914164
v 53.64336512 21.94361951 -5.38438769
v 50.51328203 22.58323742 -5.49914914
v 52.16731951 33.07048819 -9.34071884
v 51.56337664 33.70369751 -9.54131099
v 50.52172015 32.98458147 -9.16963729
v 52.06874773 31.13785571 -8.82198074
v 51.92199633 31.89530994 -9.10490933
v 50.24102709 31.36785182 -8.67844135
v 45.02556536 25.53308925 -6.45554000
v 43.84264300 26.68520403 -7.02090884
v 43.28703997 25.59992368 -6.59862168
v 44.68711779 24.73059140 -6.33852022
v 45.02556536 25.53308925 -6.45554000
v 43.28703997 25.59992368 -6.59862168
v 59.72551844 29.79678325 -8.20749382
v 58.77695582 30.27610755 -8.45695984
v 58.52871821 29.37078125 -8.04163072
v 45.74954912 24.41762605 -6.09079373
v 44.68711779 24.73059140 -6.33852022
v 44.08402178 23.37190313 -5.83067698
v 52.92496416 30.19163590 -8.13287841
v 52.06874773 31.13785571 -8.82198074
v 51.52969286 30.42326429 -8.29915347
v 48.24275133 31.26425242 -8.51537065
v 48.67248461 32.61116076 -9.19247963
v 49.62573931 31.92756704 -8.98524991
v 48.19416735 33.75530296 -9.60909054
v 56.96690485 19.14973441 -4.58781741
v 56.56945154 19.71730792 -4.81378491
v 55.34304926 19.39736264 -4.48184516
v 49.12257311 30.73262860 -8.35774727
v 49.62573931 31.92756704 -8.98524991
v 48.24275133 31.26425242 -8.51537065
v 49.91017840 33.18587538 -9.42468798
v 50.23219225 33.87873877 -9.86383604
v 49.43791125 34.14592788 -9.74077395
v 51.61762926 21.50116811 -4.92914164
v 49.63496325 22.03515703 -5.15486500
v 56.56945154 19.71730792 -4.81378491
v 59.70014307 19.31127917 -4.84002996
v 57.75102351 20.31005842 -5.14030783
v 48.24475024 19.69448941 -4.50834972
v 47.29318163 21.42826922 -5.06369363
v 46.46532366 20.76161277 -4.83487272
v 47.81384203 18.98176669 -4.14082641
v 48.24475024 19.69448941 -4.50834972
v 47.26544878 18.99701784 -4.20180054
v 49.94213793 19.67834567 -4.14824230
v 48.47743151 20.96655357 -4.81022981
v 48.24475024 19.69448941 -4.50834972
v 49.37148211 21.23939596 -4.89499243
v 48.47743151 20.96655357 -4.81022981
v 49.45474932 18.63916115 -3.81122125
v 49.94213793 19.67834567 -4.14824230
v 48.65390703 18.93830209 -3.79538268
v 59.72551844 29.79678325 -8.20749382
v 58.52871821 29.37078125 -8.04163072
v 58.64283869 28.13462866 -7.68047024
v 46.23270342 19.59126369 -4.53923349
v 44.98812029 18.85880370 -4.37419431
v 46.17417834 18.85817045 -4.45843809
v 49.11045000 29.42762791 -7.77724169
v 51.02103350 27.16381883 -7.05144176
v 50.51331255 28.16402473 -7.58324124
v 49.44163439 27.56403392 -7.39741961
v 51.20199511 29.39701874 -8.06070421
v 49.55982897 30.31750565 -8.15607179
v 49.11045000 29.42762791 -7.77724169
v 50.24102709 31.36785182 -8.67844135
v 50.52172015 32.98458147 -9.16963729
v 49.62573931 31.92756704 -8.98524991
v 51.63576433 26.34506276 -6.85174985
v 51.02103350 27.16381883 -7.05144176
v 50.63709185 26.08195545 -6.91765252
v 51.56337664 33.70369751 -9.54131099
v 50.74941180 34.70106539 -10.14217175
v 53.79408381 34.60044855 -10.30441843
v 52.71129534 34.26386280 -9.88342839
v 50.24102709 31.36785182 -8.67844135
v 51.92199633 31.89530994 -9.10490933
v 50.52172015 32.98458147 -9.16963729
v 51.92199633 31.89530994 -9.10490933
v 52.16731951 33.07048819 -9.34071884
v 50.52172015 32.98458147 -9.16963729
v 52.16731951 33.07048819 -9.34071884
v 53.27098963 33.35363024 -9.56809011
v 51.56337664 33.70369751 -9.54131099
v 52.56545183 28.17063943 -7.49355008
v 50.51331255 28.16402473 -7.58324124
v 53.81590388 32.15004758 -8.95677704
v 51.92199633 31.89530994 -9.10490933
v 51.44110796 24.67307340 -6.31309907
v 51.63576433 26.34506276 -6.85174985
v 50.63709185 26.08195545 -6.91765252
v 53.64336512 21.94361951 -5.38438769
v 51.99378893 22.99198983 -5.67439640
v 52.40408251 27.00058029 -7.11711556
v 51.02103350 27.16381883 -7.05144176
v 51.63576433 26.34506276 -6.85174985
v 52.40408251 27.00058029 -7.11711556
v 52.56545183 28.17063943 -7.49355008
v 51.02103350 27.16381883 -7.05144176
v 53.50975916 30.86699748 -8.48561595
v 52.06874773 31.13785571 -8.82198074
v 53.81590388 32.15004758 -8.95677704
v 54.68100092 33.84975436 -9.75121091
v 53.27098963 33.35363024 -9.56809011
v 53.42598078 27.42942856 -7.11334671
v 52.40408251 27.00058029 -7.11711556
v 53.42598078 27.42942856 -7.11334671
v 53.20764277 28.49248543 -7.59769137
v 52.56545183 28.17063943 -7.49355008
v 46.44102404 30.78067088 -8.48944589
v 45.76642535 31.83549602 -8.73967494
v 44.76777575 31.08095668 -8.55656935
v 54.50776026 30.47641065 -8.29234806
v 54.89072535 32.68079374 -9.35043863
v 53.81590388 32.15004758 -8.95677704
v 55.88975642 30.17470577 -8.27994262
v 55.21037409 31.59854894 -8.87465415
v 54.50776026 30.47641065 -8.29234806
v 55.21037409 31.59854894 -8.87465415
v 55.91533015 32.05854037 -9.04022735
v 54.89072535 32.68079374 -9.35043863
v 55.91533015 32.05854037 -9.04022735
v 55.55398676 33.89607994 -9.68343138
v 54.89072535 32.68079374 -9.35043863
v 55.88975642 30.17470577 -8.27994262
v 56.46070216 31.18019126 -8.57364395
v 55.21037409 31.59854894 -8.87465415
v 58.58258936 33.20828226 -9.74605334
v 58.28751490 34.24679541 -9.97018986
v 57.29851649 33.79276264 -9.88289426
v 57.80754969 32.21652984 -9.21013399
v 58.83879206 31.76809673 -8.92761744
v 58.58258936 33.20828226 -9.74605334
v 46.62264178 23.23894569 -5.71202462
v 46.84821245 24.24060886 -5.94050989
v 45.74954912 24.41762605 -6.09079373
v 55.88975642 30.17470577 -8.27994262
v 57.01616022 28.93714177 -7.78989114
v 57.34593317 30.29277063 -8.43576539
v 46.28073809 25.25249538 -6.46295573
v 43.84264300 26.68520403 -7.02090884
v 55.55398676 33.89607994 -9.68343138
v 54.59836695 34.76554104 -10.17645826
v 54.68100092 33.84975436 -9.75121091
v 54.89072535 32.68079374 -9.35043863
v 54.68100092 33.84975436 -9.75121091
v 48.02567980 26.14849905 -6.74025385
v 47.16113970 27.02114916 -6.97508676
v 46.20307848 26.68296102 -6.81050540
v 46.02738879 27.62185805 -7.40085284
v 46.20307848 26.68296102 -6.81050540
v 46.20307848 26.68296102 -6.81050540
v 46.02738879 27.62185805 -7.40085284
v 44.31913683 27.52942034 -7.24364153
v 46.23270342 19.59126369 -4.53923349
v 46.17417834 18.85817045 -4.45843809
v 47.26544878 18.99701784 -4.20180054
v 51.99378893 22.99198983 -5.67439640
v 52.99743578 24.05242222 -5.93947226
v 51.65311358 23.94424501 -6.09534077
v 51.65311358 23.94424501 -6.09534077
v 51.44110796 24.67307340 -6.31309907
v 50.37440417 24.39086214 -6.04707729
v 50.33451006 25.41698510 -6.59392194
v 49.88439104 26.22444203 -6.85220760
v 48.19515154 24.73713746 -6.09552401
v 47.68620226 30.36398388 -8.39856447
v 48.24275133 31.26425242 -8.51537065
v 46.44102404 30.78067088 -8.48944589
v 49.47371599 24.49413360 -6.21155180
v 48.19515154 24.73713746 -6.09552401
v 48.09096453 23.22371739 -5.89932625
v 48.19515154 24.73713746 -6.09552401
v 48.02567980 26.14849905 -6.74025385
v 47.16760180 24.93423521 -6.27392980
v 48.09096453 23.22371739 -5.89932625
v 46.84821245 24.24060886 -5.94050989
v 46.62264178 23.23894569 -5.71202462
v 49.88439104 26.22444203 -6.85220760
v 48.44550249 27.91066021 -7.35759422
v 48.02567980 26.14849905 -6.74025385
v 48.44550249 27.91066021 -7.35759422
v 49.11045000 29.42762791 -7.77724169
v 47.80931780 28.88604010 -7.69267739
v 48.44550249 27.91066021 -7.35759422
v 47.80931780 28.88604010 -7.69267739
v 47.23779986 28.10559121 -7.50719142
v 48.44550249 27.91066021 -7.35759422
v 47.16113970 27.02114916 -6.97508676
v 47.16113970 27.02114916 -6.97508676
v 47.23779986 28.10559121 -7.50719142
v 46.02738879 27.62185805 -7.40085284
v 59.65100214 20.97883586 -5.26781038
v 57.75102351 20.31005842 -5.14030783
v 59.70014307 19.31127917 -4.84002996
v 53.81590388 32.15004758 -8.95677704
v 51.92199633 31.89530994 -9.10490933
v 49.55982897 30.31750565 -8.15607179
v 50.13832781 30.73686293 -8.28091927
v 49.12257311 30.73262860 -8.35774727
v 56.46070216 31.18019126 -8.57364395
v 57.80754969 32.21652984 -9.21013399
v 55.91533015 32.05854037 -9.04022735
v 61.47403071 18.74517904 -4.93622127
v 59.70014307 19.31127917 -4.84002996
v 58.80465052 18.72313015 -4.51620784
v 47.80931780 28.88604010 -7.69267739
v 47.68620226 30.36398388 -8.39856447
v 46.27663348 29.52670414 -8.06630420
v 58.56771204 24.41502343 -6.36674893
v 58.49868891 26.63992358 -6.97597170
v 45.65061114 22.80848765 -5.54953370
v 45.74954912 24.41762605 -6.09079373
v 44.08402178 23.37190313 -5.83067698
v 60.40039179 33.04111448 -9.73036728
v 59.75821039 32.21934482 -9.39110323
v 53.64336512 21.94361951 -5.38438769
v 53.92331049 22.78102946 -5.56329712
v 51.99378893 22.99198983 -5.67439640
v 49.37148211 21.23939596 -4.89499243
v 51.61762926 21.50116811 -4.92914164
v 49.63496325 22.03515703 -5.15486500
v 44.59127734 32.24274544 -8.93600985
v 43.85571978 33.12249849 -9.31917344
v 42.88783190 32.08350469 -9.11328643
v 44.76777575 31.08095668 -8.55656935
v 44.59127734 32.24274544 -8.93600985
v 43.71277544 31.50628003 -8.68073019
v 48.24475024 19.69448941 -4.50834972
v 48.47743151 20.96655357 -4.81022981
v 47.29318163 21.42826922 -5.06369363
v 48.47743151 20.96655357 -4.81022981
v 48.52382586 22.23265149 -5.40378165
v 46.62264178 23.23894569 -5.71202462
v 47.29318163 21.42826922 -5.06369363
v 48.47743151 20.96655357 -4.81022981
v 46.62264178 23.23894569 -5.71202462
v 53.81590388 32.15004758 -8.95677704
v 53.27098963 33.35363024 -9.56809011
v 52.16731951 33.07048819 -9.34071884
v 53.50975916 30.86699748 -8.48561595
v 52.92496416 30.19163590 -8.13287841
v 54.50776026 30.47641065 -8.29234806
v 53.81590388 32.15004758 -8.95677704
v 53.50975916 30.86699748 -8.48561595
v 54.89072535 32.68079374 -9.35043863
v 54.68100092 33.84975436 -9.75121091
v 53.81590388 32.15004758 -8.95677704
v 57.80754969 32.21652984 -9.21013399
v 58.58258936 33.20828226 -9.74605334
v 48.02567980 26.14849905 -6.74025385
v 48.44550249 27.91066021 -7.35759422
v 53.92331049 22.78102946 -5.56329712
v 56.81379053 21.71385173 -5.26201216
v 55.50528071 23.27427739 -5.89375680
v 56.27256129 24.27374328 -6.18916712
v 58.35844538 22.98871584 -5.81738651
v 57.46920130 24.52046932 -6.19121184
v 46.23270342 19.59126369 -4.53923349
v 46.46532366 20.76161277 -4.83487272
v 44.75535509 21.42584304 -5.30034219
v 55.21037409 31.59854894 -8.87465415
v 54.89072535 32.68079374 -9.35043863
v 56.46070216 31.18019126 -8.57364395
v 55.91533015 32.05854037 -9.04022735
v 55.21037409 31.59854894 -8.87465415
v 55.91533015 32.05854037 -9.04022735
v 57.34593317 30.29277063 -8.43576539
v 57.93413660 31.64134221 -8.91908775
v 56.46070216 31.18019126 -8.57364395
v 56.46070216 31.18019126 -8.57364395
v 57.93413660 31.64134221 -8.91908775
v 57.80754969 32.21652984 -9.21013399
v 58.52871821 29.37078125 -8.04163072
v 58.77695582 30.27610755 -8.45695984
v 57.34593317 30.29277063 -8.43576539
v 57.34593317 30.29277063 -8.43576539
v 58.77695582 30.27610755 -8.45695984
v 57.93413660 31.64134221 -8.91908775
v 47.80931780 28.88604010 -7.69267739
v 49.11045000 29.42762791 -7.77724169
v 47.68620226 30.36398388 -8.39856447
v 49.11045000 29.42762791 -7.77724169
v 49.12257311 30.73262860 -8.35774727
v 47.68620226 30.36398388 -8.39856447
v 49.11045000 29.42762791 -7.77724169
v 49.12257311 30.73262860 -8.35774727
v 57.93413660 31.64134221 -8.91908775
v 58.83879206 31.76809673 -8.92761744
v 57.80754969 32.21652984 -9.21013399
v 47.68620226 30.36398388 -8.39856447
v 46.44102404 30.78067088 -8.48944589
v 46.27663348 29.52670414 -8.06630420
v 46.27663348 29.52670414 -8.06630420
v 46.44102404 30.78067088 -8.48944589
v 45.62011645 30.18401414 -8.10184203
v 46.27663348 29.52670414 -8.06630420
v 45.62011645 30.18401414 -8.10184203
v 45.23937151 29.10067879 -7.81827252
v 49.12257311 30.73262860 -8.35774727
v 47.68620226 30.36398388 -8.39856447
v 50.33451006 25.41698510 -6.59392194
v 49.88439104 26.22444203 -6.85220760
v 49.88439104 26.22444203 -6.85220760
v 48.02567980 26.14849905 -6.74025385
v 48.90000078 22.90465612 -5.82609927
v 49.47371599 24.49413360 -6.21155180
v 48.09096453 23.22371739 -5.89932625
v 55.88975642 30.17470577 -8.27994262
v 53.98206446 29.16215551 -7.73608869
v 54.44451258 26.60925341 -6.94737673
v 55.81689570 27.23648877 -7.27974377
v 56.81379053 21.71385173 -5.26201216
v 59.64005396 22.31680270 -5.77881219
v 58.35844538 22.98871584 -5.81738651
v 55.42963526 28.00373882 -7.38931726
v 57.01616022 28.93714177 -7.78989114
v 55.88975642 30.17470577 -8.27994262
v 49.47371599 24.49413360 -6.21155180
v 50.33451006 25.41698510 -6.59392194
v 48.19515154 24.73713746 -6.09552401
v 53.39463923 25.49979457 -6.44438582
v 54.44451258 26.60925341 -6.94737673
v 53.42598078 27.42942856 -7.11334671
v 57.01616022 28.93714177 -7.78989114
v 57.68965266 27.80089608 -7.52264853
v 58.52871821 29.37078125 -8.04163072
v 56.41679499 25.43974358 -6.63464766
v 58.07499049 25.53659015 -6.66414291
v 56.30297968 26.87002609 -7.15953497
v 56.67870447 27.90363354 -7.35001061
v 57.68965266 27.80089608 -7.52264853
v 57.01616022 28.93714177 -7.78989114
v 58.07499049 25.53659015 -6.66414291
v 58.49868891 26.63992358 -6.97597170
v 57.59055445 26.93424272 -7.01005989
v 52.85736773 19.81234831 -4.43564161
v 53.64336512 21.94361951 -5.38438769
v 51.61762926 21.50116811 -4.92914164
v 57.93413660 31.64134221 -8.91908775
v 58.77695582 30.27610755 -8.45695984
v 51.44110796 24.67307340 -6.31309907
v 50.63709185 26.08195545 -6.91765252
v 50.33451006 25.41698510 -6.59392194
v 57.01616022 28.93714177 -7.78989114
v 58.52871821 29.37078125 -8.04163072
v 57.34593317 30.29277063 -8.43576539
v 55.34304926 19.39736264 -4.48184516
v 54.24448511 20.92615590 -4.95711091
v 52.85736773 19.81234831 -4.43564161
v 55.34304926 19.39736264 -4.48184516
v 54.24448511 20.92615590 -4.95711091
v 56.56945154 19.71730792 -4.81378491
v 55.92548487 20.86125264 -4.94186737
v 54.24448511 20.92615590 -4.95711091
v 51.99378893 22.99198983 -5.67439640
v 50.37440417 24.39086214 -6.04707729
v 53.92331049 22.78102946 -5.56329712
v 55.50528071 23.27427739 -5.89375680
v 53.93236658 23.55151434 -5.83095167
v 53.64336512 21.94361951 -5.38438769
v 56.81379053 21.71385173 -5.26201216
v 53.92331049 22.78102946 -5.56329712
v 55.50528071 23.27427739 -5.89375680
v 56.27256129 24.27374328 -6.18916712
v 55.18908045 24.14164035 -5.98054893
v 56.27256129 24.27374328 -6.18916712
v 55.26262018 24.83039912 -6.49037571
v 56.81379053 21.71385173 -5.26201216
v 58.35844538 22.98871584 -5.81738651
v 55.50528071 23.27427739 -5.89375680
v 55.50528071 23.27427739 -5.89375680
v 58.35844538 22.98871584 -5.81738651
v 56.27256129 24.27374328 -6.18916712
v 58.24312708 21.17508679 -5.18873937
v 59.64005396 22.31680270 -5.77881219
v 56.81379053 21.71385173 -5.26201216
v 56.56945154 19.71730792 -4.81378491
v 57.75102351 20.31005842 -5.14030783
v 55.92548487 20.86125264 -4.94186737
v 52.85736773 19.81234831 -4.43564161
v 51.61762926 21.50116811 -4.92914164
v 50.66750262 19.77806184 -4.24129041
v 54.24448511 20.92615590 -4.95711091
v 53.64336512 21.94361951 -5.38438769
v 51.99378893 22.99198983 -5.67439640
v 51.65311358 23.94424501 -6.09534077
v 50.37440417 24.39086214 -6.04707729
v 55.15815851 18.28095340 -4.12959583
v 55.34304926 19.39736264 -4.48184516
v 53.47066614 18.83242126 -4.30762021
v 57.34593317 30.29277063 -8.43576539
v 51.63576433 26.34506276 -6.85174985
v 53.39463923 25.49979457 -6.44438582
v 52.40408251 27.00058029 -7.11711556
v 46.62264178 23.23894569 -5.71202462
v 45.74954912 24.41762605 -6.09079373
v 45.65061114 22.80848765 -5.54953370
v 58.44374201 7.14211578 -2.91455190
v 60.26715967 7.63544764 -3.19645811
v 58.89297602 8.85441894 -2.90861651
v 59.04572413 9.66228790 -2.94546662
v 60.71141169 10.54027855 -3.38310409
v 58.74900172 10.52628629 -3.08889938
v 58.32374689 13.89395436 -3.56161721
v 58.85294459 15.65311718 -4.04924262
v 48.65390703 18.93830209 -3.79538268
v 47.81384203 18.98176669 -4.14082641
v 48.58513567 18.22083384 -3.70936877
v 49.96743700 14.03616634 -3.14187846
v 49.87502978 14.98706357 -3.08738948
v 48.52888415 14.39288628 -3.35637132
v 49.87502978 14.98706357 -3.08738948
v 49.02041552 16.23976432 -3.44655106
v 48.76483843 15.29034719 -3.48634583
v 48.65390703 18.93830209 -3.79538268
v 48.58513567 18.22083384 -3.70936877
v 49.45474932 18.63916115 -3.81122125
v 58.32374689 13.89395436 -3.56161721
v 60.23135493 13.62591078 -3.92025974
v 60.39109156 14.52631666 -3.97169727
v 49.87502978 14.98706357 -3.08738948
v 50.43223498 14.30450744 -2.95967331
v 50.87811205 14.61809080 -3.00534291
v 49.96743700 14.03616634 -3.14187846
v 50.43223498 14.30450744 -2.95967331
v 49.87502978 14.98706357 -3.08738948
v 49.13484118 12.98688042 -3.33069055
v 49.96743700 14.03616634 -3.14187846
v 48.52888415 14.39288628 -3.35637132
v 46.17417834 18.85817045 -4.45843809
v 44.98812029 18.85880370 -4.37419431
v 46.07622454 18.14862155 -4.14631944
v 46.17417834 18.85817045 -4.45843809
v 46.07622454 18.14862155 -4.14631944
v 47.26544878 18.99701784 -4.20180054
v 48.52888415 14.39288628 -3.35637132
v 49.87502978 14.98706357 -3.08738948
v 48.76483843 15.29034719 -3.48634583
v 49.02041552 16.23976432 -3.44655106
v 49.94129870 16.07301630 -3.24992628
v 50.27374956 16.82667077 -3.29832728
v 47.41889880 14.19813834 -3.45006025
v 48.52888415 14.39288628 -3.35637132
v 47.39623949 15.68509970 -3.44914497
v 52.54943011 9.21681520 -2.83322289
v 54.16779444 8.60460203 -3.02154677
v 53.81640742 9.04259795 -2.98764181
v 43.14150927 13.07145974 -4.28695887
v 45.14298937 12.12918375 -4.17469981
v 44.53112719 13.93250562 -4.00692972
v 43.40467760 15.63769822 -3.81570685
v 45.72363970 15.08981614 -3.81259397
v 44.95856402 16.29837331 -3.51228594
v 44.23130724 17.65128419 -4.27081582
v 43.49943468 16.97965528 -3.96628080
v 45.76748583 16.67447956 -3.61439781
v 47.39623949 15.68509970 -3.44914497
v 48.42187426 16.54160604 -3.49540976
v 47.77680132 17.61860755 -3.89937111
v 57.20465967 7.64509890 -2.74566771
v 58.44374201 7.14211578 -2.91455190
v 57.08920405 8.21805114 -2.91633735
v 47.54223559 11.13312061 -3.59973321
v 48.16134569 10.88109886 -3.40834218
v 47.69934008 12.20413502 -3.61294750
v 50.87811205 14.61809080 -3.00534291
v 51.19418261 14.92005462 -2.95662165
v 50.84838030 15.69035643 -3.00398506
v 47.81384203 18.98176669 -4.14082641
v 47.77680132 17.61860755 -3.89937111
v 48.58513567 18.22083384 -3.70936877
v 47.26544878 18.99701784 -4.20180054
v 46.07622454 18.14862155 -4.14631944
v 47.81384203 18.98176669 -4.14082641
v 47.81384203 18.98176669 -4.14082641
v 46.07622454 18.14862155 -4.14631944
v 47.77680132 17.61860755 -3.89937111
v 46.07622454 18.14862155 -4.14631944
v 45.76748583 16.67447956 -3.61439781
v 47.77680132 17.61860755 -3.89937111
v 54.98272059 9.76053161 -2.96170199
v 57.25180170 8.86769409 -2.93412921
v 56.47273371 10.38339536 -3.05607770
v 55.15815851 18.28095340 -4.12959583
v 53.47066614 18.83242126 -4.30762021
v 53.12298701 18.14772894 -3.95901780
v 44.12264178 12.60452553 -4.28775225
v 45.14298937 12.12918375 -4.17469981
v 43.14150927 13.07145974 -4.28695887
v 43.33747790 18.68297666 -4.47468867
v 44.23130724 17.65128419 -4.27081582
v 44.98812029 18.85880370 -4.37419431
v 44.53112719 13.93250562 -4.00692972
v 45.72518084 14.47765639 -3.89151232
v 43.12473223 14.71462535 -4.14454886
v 61.47403071 18.74517904 -4.93622127
v 58.80465052 18.72313015 -4.51620784
v 60.56739161 18.02998437 -4.69542220
v 43.14150927 13.07145974 -4.28695887
v 44.53112719 13.93250562 -4.00692972
v 43.12473223 14.71462535 -4.14454886
v 56.87459681 16.86092661 -4.19906886
v 56.96690485 19.14973441 -4.58781741
v 55.15815851 18.28095340 -4.12959583
v 49.07717058 10.39137565 -3.40626691
v 51.22888109 10.09208980 -3.19612282
v 50.74923632 10.37096702 -3.39489911
v 52.69463274 10.36947171 -3.10571454
v 54.98272059 9.76053161 -2.96170199
v 54.51793024 10.64810481 -3.21158006
v 55.62999079 8.16757508 -2.85109076
v 53.81640742 9.04259795 -2.98764181
v 51.71354601 9.83161468 -2.95303500
v 52.99891588 9.80424800 -3.19232333
v 51.22888109 10.09208980 -3.19612282
v 52.99891588 9.80424800 -3.19232333
v 54.98272059 9.76053161 -2.96170199
v 52.69463274 10.36947171 -3.10571454
v 54.98272059 9.76053161 -2.96170199
v 56.47273371 10.38339536 -3.05607770
v 54.51793024 10.64810481 -3.21158006
v 50.74923632 10.37096702 -3.39489911
v 50.27392504 10.81215204 -3.24871998
v 56.92086909 14.72648913 -3.71270987
v 57.08581660 15.50050645 -3.74289189
v 55.41521570 15.70102221 -3.71191658
v 53.82776758 14.71966853 -3.19946524
v 53.77549860 15.97214805 -3.40930432
v 52.09837267 16.15707694 -3.44797012
v 53.54509089 16.67203814 -3.70949059
v 55.12513850 16.51656633 -3.71896627
v 53.10358546 17.01224046 -3.74977385
v 55.12513850 16.51656633 -3.71896627
v 56.87459681 16.86092661 -4.19906886
v 55.15815851 18.28095340 -4.12959583
v 49.73557970 17.78033553 -3.40780925
v 51.64214251 17.95926769 -3.64660933
v 49.45474932 18.63916115 -3.81122125
v 57.08581660 15.50050645 -3.74289189
v 58.85294459 15.65311718 -4.04924262
v 56.98729822 16.16861248 -4.07547256
v 46.26866839 11.66897873 -3.80635256
v 47.69934008 12.20413502 -3.61294750
v 46.40206835 13.20102985 -3.62391873
v 45.14298937 12.12918375 -4.17469981
v 46.40206835 13.20102985 -3.62391873
v 44.53112719 13.93250562 -4.00692972
v 49.73557970 17.78033553 -3.40780925
v 49.45474932 18.63916115 -3.81122125
v 48.58513567 18.22083384 -3.70936877
v 44.23130724 17.65128419 -4.27081582
v 45.76748583 16.67447956 -3.61439781
v 46.07622454 18.14862155 -4.14631944
v 46.40206835 13.20102985 -3.62391873
v 47.08551714 13.35727988 -3.43887542
v 45.72518084 14.47765639 -3.89151232
v 47.08551714 13.35727988 -3.43887542
v 47.97618029 13.47949516 -3.37307954
v 47.41889880 14.19813834 -3.45006025
v 47.97618029 13.47949516 -3.37307954
v 48.52888415 14.39288628 -3.35637132
v 47.41889880 14.19813834 -3.45006025
v 47.69934008 12.20413502 -3.61294750
v 49.13484118 12.98688042 -3.33069055
v 47.97618029 13.47949516 -3.37307954
v 47.97618029 13.47949516 -3.37307954
v 49.13484118 12.98688042 -3.33069055
v 48.52888415 14.39288628 -3.35637132
v 60.39109156 14.52631666 -3.97169727
v 60.18542597 15.78616618 -4.11743417
v 56.47273371 10.38339536 -3.05607770
v 59.04572413 9.66228790 -2.94546662
v 58.74900172 10.52628629 -3.08889938
v 55.72306177 14.27235709 -3.43290939
v 58.32374689 13.89395436 -3.56161721
v 56.92086909 14.72648913 -3.71270987
v 55.72306177 14.27235709 -3.43290939
v 56.92086909 14.72648913 -3.71270987
v 58.44374201 7.14211578 -2.91455190
v 60.64940760 6.45076293 -2.95338541
v 60.26715967 7.63544764 -3.19645811
v 58.61245081 11.60592952 -3.15991396
v 60.71141169 10.54027855 -3.38310409
v 60.22420618 11.66066274 -3.51135439
v 58.74900172 10.52628629 -3.08889938
v 60.71141169 10.54027855 -3.38310409
v 58.61245081 11.60592952 -3.15991396
v 59.66937372 13.06946095 -3.59233302
v 60.23135493 13.62591078 -3.92025974
v 58.32374689 13.89395436 -3.56161721
v 47.39623949 15.68509970 -3.44914497
v 45.76748583 16.67447956 -3.61439781
v 55.62999079 8.16757508 -2.85109076
v 57.20465967 7.64509890 -2.74566771
v 57.08920405 8.21805114 -2.91633735
v 45.72518084 14.47765639 -3.89151232
v 47.08551714 13.35727988 -3.43887542
v 47.08551714 13.35727988 -3.43887542
v 47.69934008 12.20413502 -3.61294750
v 47.97618029 13.47949516 -3.37307954
v 44.53112719 13.93250562 -4.00692972
v 46.40206835 13.20102985 -3.62391873
v 45.72518084 14.47765639 -3.89151232
v 46.40206835 13.20102985 -3.62391873
v 47.69934008 12.20413502 -3.61294750
v 47.08551714 13.35727988 -3.43887542
v 45.14298937 12.12918375 -4.17469981
v 46.26866839 11.66897873 -3.80635256
v 46.40206835 13.20102985 -3.62391873
v 50.27374956 16.82667077 -3.29832728
v 52.09837267 16.15707694 -3.44797012
v 53.10358546 17.01224046 -3.74977385
v 48.76483843 15.29034719 -3.48634583
v 49.02041552 16.23976432 -3.44655106
v 48.42187426 16.54160604 -3.49540976
v 46.26866839 11.66897873 -3.80635256
v 47.54223559 11.13312061 -3.59973321
v 47.69934008 12.20413502 -3.61294750
v 56.87459681 16.86092661 -4.19906886
v 58.96811793 16.99262522 -4.18684660
v 58.71235773 17.36863132 -4.32907383
v 51.64214251 17.95926769 -3.64660933
v 53.10358546 17.01224046 -3.74977385
v 53.12298701 18.14772894 -3.95901780
v 44.98812029 18.85880370 -4.37419431
v 44.23130724 17.65128419 -4.27081582
v 46.07622454 18.14862155 -4.14631944
v 55.12513850 16.51656633 -3.71896627
v 56.98729822 16.16861248 -4.07547256
v 56.87459681 16.86092661 -4.19906886
v 41.65746233 17.16257763 -4.08453644
v 43.49943468 16.97965528 -3.96628080
v 44.23130724 17.65128419 -4.27081582
v 38.86987994 16.15576453 -4.36464187
v 40.11608050 16.09891030 -4.28204604
v 40.38153765 18.03374571 -4.41366867
v 42.17169115 13.53910343 -4.52490451
v 43.14150927 13.07145974 -4.28695887
v 41.63767168 14.32232185 -4.30514755
v 39.20745776 15.68881504 -4.53679145
v 40.11608050 16.09891030 -4.28204604
v 38.86987994 16.15576453 -4.36464187
v 40.90476916 15.28143592 -4.37507874
v 43.40467760 15.63769822 -3.81570685
v 41.73258135 16.15802290 -3.97597000
v 43.12473223 14.71462535 -4.14454886
v 43.40467760 15.63769822 -3.81570685
v 40.90476916 15.28143592 -4.37507874
v 41.63767168 14.32232185 -4.30514755
v 43.12473223 14.71462535 -4.14454886
v 40.90476916 15.28143592 -4.37507874
v 40.20555804 14.50406926 -4.51964038
v 41.16773150 14.00953955 -4.38173136
v 41.63767168 14.32232185 -4.30514755
v 41.63767168 14.32232185 -4.30514755
v 43.14150927 13.07145974 -4.28695887
v 41.16773150 14.00953955 -4.38173136
v 42.17169115 13.53910343 -4.52490451
v 41.63767168 14.32232185 -4.30514755
v 43.33747790 18.68297666 -4.47468867
v 40.08331988 51.84916681 -21.98806077
v 39.16620562 52.26852403 -22.48333061
v 38.59243700 51.78788745 -22.38062363
v 41.17885515 53.12088764 -22.35521796
v 40.81200335 53.45449814 -22.57869824
v 39.94876025 52.63784777 -22.40371031
v 42.95232317 51.43176296 -20.03189920
v 43.17607043 51.88216804 -20.28008348
v 42.24475786 53.08460997 -21.70476629
v 39.75384447 51.21975711 -21.41820593
v 41.49307940 51.09692022 -20.33432835
v 40.72731707 51.97852323 -21.78148731
v 42.33464739 53.87216556 -22.36196247
v 42.01558611 54.14646896 -22.59531517
v 41.59742663 53.89141066 -22.67839924
v 41.49307940 51.09692022 -20.33432835
v 42.95232317 51.43176296 -20.03189920
v 41.47215197 52.29705810 -21.64840020
v 43.00344775 54.14981831 -22.28191491
v 42.37135241 54.25542433 -22.65883753
v 42.01558611 54.14646896 -22.59531517
v 42.24475786 53.08460997 -21.70476629
v 42.33464739 53.87216556 -22.36196247
v 41.59742663 53.89141066 -22.67839924
v 39.75384447 51.21975711 -21.41820593
v 40.08331988 51.84916681 -21.98806077
v 38.18691942 51.38661183 -22.31794046
v 38.42081377 49.54762288 -20.42295114
v 38.97240374 50.27932754 -20.75478415
v 38.03912279 51.21571340 -22.27689429
v 37.61407397 50.25214761 -22.00350241
v 37.50192187 50.59038342 -22.27751979
v 37.06157610 50.22153654 -22.20363668
v 39.75384447 51.21975711 -21.41820593
v 40.72731707 51.97852323 -21.78148731
v 40.08331988 51.84916681 -21.98806077
v 41.47215197 52.29705810 -21.64840020
v 42.95232317 51.43176296 -20.03189920
v 42.24475786 53.08460997 -21.70476629
v 41.09832690 50.34820204 -19.89008384
v 41.98611376 50.20964084 -19.53301290
v 41.49307940 51.09692022 -20.33432835
v 38.03912279 51.21571340 -22.27689429
v 38.97240374 50.27932754 -20.75478415
v 38.18691942 51.38661183 -22.31794046
v 42.51316759 50.78408845 -19.68518889
v 43.16247484 50.60488924 -19.61284695
v 42.95232317 51.43176296 -20.03189920
v 42.24475786 53.08460997 -21.70476629
v 43.17607043 51.88216804 -20.28008348
v 43.43144915 52.64964308 -20.81087584
v 41.49307940 51.09692022 -20.33432835
v 41.47215197 52.29705810 -21.64840020
v 40.72731707 51.97852323 -21.78148731
v 38.03912279 51.21571340 -22.27689429
v 37.50192187 50.59038342 -22.27751979
v 37.61407397 50.25214761 -22.00350241
v 42.33464739 53.87216556 -22.36196247
v 43.00344775 54.14981831 -22.28191491
v 42.01558611 54.14646896 -22.59531517
v 40.08331988 51.84916681 -21.98806077
v 39.94876025 52.63784777 -22.40371031
v 39.77320788 52.79053482 -22.56397340
v 39.77320788 52.79053482 -22.56397340
v 39.16620562 52.26852403 -22.48333061
v 39.94876025 52.63784777 -22.40371031
v 40.10629198 53.06551728 -22.50066473
v 39.77320788 52.79053482 -22.56397340
v 40.08331988 51.84916681 -21.98806077
v 38.59243700 51.78788745 -22.38062363
v 40.72731707 51.97852323 -21.78148731
v 41.17885515 53.12088764 -22.35521796
v 41.17885515 53.12088764 -22.35521796
v 41.24666521 53.65929396 -22.66433060
v 40.81200335 53.45449814 -22.57869824
v 41.47215197 52.29705810 -21.64840020
v 42.24475786 53.08460997 -21.70476629
v 41.17885515 53.12088764 -22.35521796
v 39.94876025 52.63784777 -22.40371031
v 40.81200335 53.45449814 -22.57869824
v 40.10629198 53.06551728 -22.50066473
v 30.87547228 35.50063464 -13.02728845
v 31.03906176 34.89312123 -12.21132461
v 31.89931414 35.11866905 -12.02866168
v 40.78484270 40.52223243 -13.47524154
v 40.14963457 42.12519096 -14.37538829
v 39.79144976 41.19453463 -13.76424312
v 31.89931414 35.11866905 -12.02866168
v 31.67696307 34.01326145 -11.28745057
v 32.54227373 34.28276970 -11.25023442
v 40.14963457 42.12519096 -14.37538829
v 41.54291460 42.82105272 -14.72676780
v 40.57273791 43.50675592 -15.21356906
v 41.54291460 42.82105272 -14.72676780
v 41.71401903 43.60514079 -15.16893711
v 40.57273791 43.50675592 -15.21356906
v 41.54463885 40.99327120 -13.78838249
v 42.02293322 41.89969664 -14.01962958
v 40.14963457 42.12519096 -14.37538829
v 33.64385912 36.59146217 -12.64960309
v 33.60355303 35.87161367 -11.80760773
v 34.31279681 36.02130239 -11.82228671
v 36.05805132 36.43586845 -11.67552774
v 36.35782549 35.04622018 -10.64879412
v 36.69243548 35.48776372 -10.94206812
v 40.78484270 40.52223243 -13.47524154
v 35.01687548 39.19863163 -13.67354455
v 35.75670550 40.83691424 -14.66481679
v 34.57936022 40.58769240 -14.93833054
v 34.67465899 37.26060584 -12.69936211
v 33.98277972 38.73638283 -13.66388566
v 33.49626849 37.80649702 -13.31633607
v 35.01687548 39.19863163 -13.67354455
v 33.15003130 39.29360309 -14.85196559
v 33.15003130 39.29360309 -14.85196559
v 33.92504046 40.52102001 -15.34525192
v 40.25046465 36.37117843 -11.12312905
v 39.22927019 35.05516925 -10.47257036
v 40.01241991 35.62172021 -10.58255581
v 39.22927019 35.05516925 -10.47257036
v 37.80540392 34.07020699 -10.01117494
v 39.59799120 34.35790369 -10.08583624
v 39.97661516 36.88308024 -11.38687730
v 38.76611254 37.23005029 -11.57581169
v 40.25046465 36.37117843 -11.12312905
v 38.79686663 35.80625280 -10.85692412
v 37.97352526 35.28673671 -10.75508688
v 37.20036242 34.59410981 -10.40770518
v 37.80540392 34.07020699 -10.01117494
v 42.02293322 41.89969664 -14.01962958
v 42.36708758 42.59820961 -14.36562274
v 41.54291460 42.82105272 -14.72676780
v 38.76611254 37.23005029 -11.57581169
v 37.88000414 36.59092831 -11.43875714
v 38.21247027 35.78804141 -11.06786162
v 40.57273791 43.50675592 -15.21356906
v 40.49828265 44.98500053 -16.28269161
v 39.66287920 43.94089510 -15.68724772
v 38.76731798 43.80683134 -15.89833778
v 39.23831103 44.98141848 -16.57259334
v 38.26084063 44.45046599 -16.79256396
v 37.88000414 36.59092831 -11.43875714
v 37.30431292 35.87824375 -10.97777375
v 38.21247027 35.78804141 -11.06786162
v 36.78498003 40.68354058 -14.30704394
v 37.03629229 42.28966528 -15.45221632
v 36.22638628 41.96882638 -15.25995552
v 37.22463152 41.54636399 -14.78948121
v 37.85398791 42.67416009 -15.24887776
v 37.03629229 42.28966528 -15.45221632
v 37.85398791 42.67416009 -15.24887776
v 38.76731798 43.80683134 -15.89833778
v 37.59818194 43.73851005 -16.30435889
v 37.72421953 40.56600983 -13.87067307
v 38.74246142 41.35607174 -14.13622190
v 37.22463152 41.54636399 -14.78948121
v 38.74246142 41.35607174 -14.13622190
v 38.86579058 42.99997338 -15.25560694
v 37.85398791 42.67416009 -15.24887776
v 38.86579058 42.99997338 -15.25560694
v 39.66287920 43.94089510 -15.68724772
v 38.76731798 43.80683134 -15.89833778
v 38.72089312 40.65174899 -13.74050035
v 39.50148699 42.27132436 -14.54177015
v 39.50148699 42.27132436 -14.54177015
v 39.80359576 42.89423001 -15.03348473
v 38.86579058 42.99997338 -15.25560694
v 40.01241991 35.62172021 -10.58255581
v 39.22927019 35.05516925 -10.47257036
v 40.62317583 34.95805457 -10.47188370
v 39.97661516 36.88308024 -11.38687730
v 38.07498858 38.15050564 -12.24878547
v 38.76611254 37.23005029 -11.57581169
v 39.92822954 38.60870417 -12.35550551
v 38.07498858 38.15050564 -12.24878547
v 40.75700304 38.29700531 -12.00899362
v 39.92822954 38.60870417 -12.35550551
v 39.97661516 36.88308024 -11.38687730
v 40.75700304 38.29700531 -12.00899362
v 40.65025255 38.91604666 -12.59572468
v 39.92822954 38.60870417 -12.35550551
v 31.24464342 38.62584794 -15.04387527
v 29.56568072 38.13712396 -16.40280768
v 28.45077441 36.95029544 -15.82900073
v 30.26648638 37.28881188 -14.57445366
v 31.24464342 38.62584794 -15.04387527
v 28.45077441 36.95029544 -15.82900073
v 40.78800890 37.17681194 -11.34326773
v 40.75700304 38.29700531 -12.00899362
v 39.97661516 36.88308024 -11.38687730
v 41.93128893 38.14231936 -11.89740607
v 40.65025255 38.91604666 -12.59572468
v 40.75700304 38.29700531 -12.00899362
v 37.72421953 40.56600983 -13.87067307
v 37.22463152 41.54636399 -14.78948121
v 36.78498003 40.68354058 -14.30704394
v 34.98680804 38.17113541 -12.97307441
v 35.01687548 39.19863163 -13.67354455
v 36.12561724 40.03663660 -14.27034644
v 35.75670550 40.83691424 -14.66481679
v 35.01687548 39.19863163 -13.67354455
v 35.95037768 37.96817832 -12.56241459
v 34.98680804 38.17113541 -12.97307441
v 34.67465899 37.26060584 -12.69936211
v 37.72421953 40.56600983 -13.87067307
v 36.78498003 40.68354058 -14.30704394
v 36.88284991 38.81414840 -13.03500994
v 37.20127032 38.20295767 -12.62142036
v 36.88284991 38.81414840 -13.03500994
v 36.54670641 38.22065786 -12.66936348
v 37.20127032 38.20295767 -12.62142036
v 37.72421953 40.56600983 -13.87067307
v 36.88284991 38.81414840 -13.03500994
v 37.88729021 37.66819061 -12.04315795
v 37.20127032 38.20295767 -12.62142036
v 37.03658984 36.89827080 -11.66768480
v 43.26399920 43.20509356 -14.68167814
v 42.77169726 44.02102669 -15.27460430
v 43.11233446 42.71283743 -14.48955464
v 42.00970385 44.77302550 -15.84725151
v 43.18659899 44.84124755 -15.84609186
v 42.35772631 45.96056351 -16.72565442
v 42.77169726 44.02102669 -15.27460430
v 43.18659899 44.84124755 -15.84609186
v 42.00970385 44.77302550 -15.84725151
v 43.11233446 42.71283743 -14.48955464
v 42.77169726 44.02102669 -15.27460430
v 41.71401903 43.60514079 -15.16893711
v 39.79144976 41.19453463 -13.76424312
v 39.50148699 42.27132436 -14.54177015
v 38.72089312 40.65174899 -13.74050035
v 42.02293322 41.89969664 -14.01962958
v 41.54291460 42.82105272 -14.72676780
v 38.76731798 43.80683134 -15.89833778
v 38.26084063 44.45046599 -16.79256396
v 37.59818194 43.73851005 -16.30435889
v 39.66287920 43.94089510 -15.68724772
v 39.23831103 44.98141848 -16.57259334
v 38.76731798 43.80683134 -15.89833778
v 36.78498003 40.68354058 -14.30704394
v 36.22638628 41.96882638 -15.25995552
v 35.75670550 40.83691424 -14.66481679
v 37.22463152 41.54636399 -14.78948121
v 37.03629229 42.28966528 -15.45221632
v 36.78498003 40.68354058 -14.30704394
v 37.85398791 42.67416009 -15.24887776
v 37.59818194 43.73851005 -16.30435889
v 37.03629229 42.28966528 -15.45221632
v 38.74246142 41.35607174 -14.13622190
v 37.85398791 42.67416009 -15.24887776
v 37.22463152 41.54636399 -14.78948121
v 38.86579058 42.99997338 -15.25560694
v 38.76731798 43.80683134 -15.89833778
v 37.85398791 42.67416009 -15.24887776
v 38.72089312 40.65174899 -13.74050035
v 38.74246142 41.35607174 -14.13622190
v 37.72421953 40.56600983 -13.87067307
v 37.30431292 35.87824375 -10.97777375
v 36.69243548 35.48776372 -10.94206812
v 37.20036242 34.59410981 -10.40770518
v 36.35782549 35.04622018 -10.64879412
v 37.20036242 34.59410981 -10.40770518
v 27.96633074 35.77488822 -14.65918547
v 27.12441180 34.75733327 -14.39002027
v 28.76955340 34.99299767 -13.42990678
v 27.12441180 34.75733327 -14.39002027
v 27.78019640 34.43531944 -13.49384102
v 28.76955340 34.99299767 -13.42990678
v 42.89583514 35.50519646 -10.59059717
v 42.17061541 34.21566865 -10.09337406
v 43.11505816 34.19380273 -10.21758060
v 41.89570544 35.30323879 -10.43224143
v 41.53618548 34.35714812 -10.23668463
v 42.17061541 34.21566865 -10.09337406
v 41.76178667 36.05897604 -10.73924838
v 40.87209246 34.58888347 -10.21184336
v 41.89570544 35.30323879 -10.43224143
v 33.00772784 40.22899727 -15.51526530
v 33.79357073 42.05045305 -16.59555734
v 32.65313647 41.17401969 -16.52994441
v 39.50148699 42.27132436 -14.54177015
v 38.74246142 41.35607174 -14.13622190
v 38.71915362 40.21236459 -13.38027079
v 37.72421953 40.56600983 -13.87067307
v 31.33989641 37.89090084 -14.36821597
v 31.24464342 38.62584794 -15.04387527
v 30.26648638 37.28881188 -14.57445366
v 41.38659594 36.58207013 -11.30696698
v 41.01525042 36.03672108 -10.87087069
v 41.76178667 36.05897604 -10.73924838
v 33.15003130 39.29360309 -14.85196559
v 33.00772784 40.22899727 -15.51526530
v 31.33989641 37.89090084 -14.36821597
v 33.49626849 37.80649702 -13.31633607
v 32.92406390 37.95337807 -13.65994877
v 32.15394518 36.96695083 -13.25481250
v 33.49626849 37.80649702 -13.31633607
v 33.98277972 38.73638283 -13.66388566
v 32.92406390 37.95337807 -13.65994877
v 34.57936022 40.58769240 -14.93833054
v 33.15003130 39.29360309 -14.85196559
v 41.54128191 39.88324021 -12.92845799
v 41.54463885 40.99327120 -13.78838249
v 40.78484270 40.52223243 -13.47524154
v 42.51623461 41.00907170 -13.62311455
v 41.54463885 40.99327120 -13.78838249
v 41.54128191 39.88324021 -12.92845799
v 36.05805132 36.43586845 -11.67552774
v 37.30431292 35.87824375 -10.97777375
v 33.60355303 35.87161367 -11.80760773
v 33.88765642 34.69561139 -11.18956554
v 34.31279681 36.02130239 -11.82228671
v 33.49626849 37.80649702 -13.31633607
v 33.64385912 36.59146217 -12.64960309
v 34.67465899 37.26060584 -12.69936211
v 29.55846331 35.82840858 -13.68767364
v 30.87547228 35.50063464 -13.02728845
v 30.64895556 36.23629131 -13.44913306
v 31.30058977 39.56414885 -16.10056182
v 30.05495379 39.28848342 -17.02919642
v 31.63658068 39.20890911 -15.28941980
v 32.65313647 41.17401969 -16.52994441
v 31.75365374 40.53022081 -16.87462509
v 33.00772784 40.22899727 -15.51526530
v 39.22927019 35.05516925 -10.47257036
v 39.59799120 34.35790369 -10.08583624
v 40.62317583 34.95805457 -10.47188370
v 41.53618548 34.35714812 -10.23668463
v 41.89570544 35.30323879 -10.43224143
v 41.76178667 36.05897604 -10.73924838
v 41.89570544 35.30323879 -10.43224143
v 43.30917284 36.82244186 -11.09580063
v 41.89570544 35.30323879 -10.43224143
v 42.17061541 34.21566865 -10.09337406
v 42.89583514 35.50519646 -10.59059717
v 37.03658984 36.89827080 -11.66768480
v 37.30431292 35.87824375 -10.97777375
v 37.88000414 36.59092831 -11.43875714
v 30.64895556 36.23629131 -13.44913306
v 30.87547228 35.50063464 -13.02728845
v 31.50370714 36.28756088 -13.23392310
v 26.05256579 34.21226647 -14.54074650
v 27.12441180 34.75733327 -14.39002027
v 27.96633074 35.77488822 -14.65918547
v 38.21247027 35.78804141 -11.06786162
v 37.97352526 35.28673671 -10.75508688
v 38.79686663 35.80625280 -10.85692412
v 38.21247027 35.78804141 -11.06786162
v 38.79686663 35.80625280 -10.85692412
v 38.76611254 37.23005029 -11.57581169
v 37.97352526 35.28673671 -10.75508688
v 37.80540392 34.07020699 -10.01117494
v 39.22927019 35.05516925 -10.47257036
v 39.97661516 36.88308024 -11.38687730
v 40.25046465 36.37117843 -11.12312905
v 40.78800890 37.17681194 -11.34326773
v 31.03906176 34.89312123 -12.21132461
v 31.67696307 34.01326145 -11.28745057
v 31.89931414 35.11866905 -12.02866168
v 31.89931414 35.11866905 -12.02866168
v 32.54227373 34.28276970 -11.25023442
v 32.88791582 35.85144912 -12.22327240
v 29.55846331 35.82840858 -13.68767364
v 29.87670061 34.48333122 -12.73518929
v 32.15394518 36.96695083 -13.25481250
v 32.92406390 37.95337807 -13.65994877
v 32.22342608 37.75874450 -14.15497437
v 33.15003130 39.29360309 -14.85196559
v 33.92504046 40.52102001 -15.34525192
v 33.00772784 40.22899727 -15.51526530
v 32.22342608 37.75874450 -14.15497437
v 31.33989641 37.89090084 -14.36821597
v 30.86650774 36.95960360 -13.99094226
v 31.33989641 37.89090084 -14.36821597
v 30.26648638 37.28881188 -14.57445366
v 38.07498858 38.15050564 -12.24878547
v 38.71915362 40.21236459 -13.38027079
v 37.20127032 38.20295767 -12.62142036
v 37.88729021 37.66819061 -12.04315795
v 38.07498858 38.15050564 -12.24878547
v 36.78498003 40.68354058 -14.30704394
v 35.95037768 37.96817832 -12.56241459
v 36.54670641 38.22065786 -12.66936348
v 34.98680804 38.17113541 -12.97307441
v 34.98680804 38.17113541 -12.97307441
v 36.12561724 40.03663660 -14.27034644
v 35.01687548 39.19863163 -13.67354455
v 26.72909472 36.18113789 -16.66196264
v 25.48458025 34.99527863 -16.33226579
v 27.24980852 35.74865824 -15.43157011
v 34.67465899 37.26060584 -12.69936211
v 34.98680804 38.17113541 -12.97307441
v 36.12561724 40.03663660 -14.27034644
v 36.78498003 40.68354058 -14.30704394
v 35.75670550 40.83691424 -14.66481679
v 40.65025255 38.91604666 -12.59572468
v 42.43421099 39.46330312 -12.63701505
v 41.54128191 39.88324021 -12.92845799
v 40.78800890 37.17681194 -11.34326773
v 41.93128893 38.14231936 -11.89740607
v 40.75700304 38.29700531 -12.00899362
v 40.65025255 38.91604666 -12.59572468
v 41.54128191 39.88324021 -12.92845799
v 40.65621111 39.84928942 -12.83789707
v 39.92822954 38.60870417 -12.35550551
v 40.65025255 38.91604666 -12.59572468
v 39.47908709 39.34493304 -12.80924098
v 39.47908709 39.34493304 -12.80924098
v 40.01254198 39.89570662 -13.04801061
v 39.36875078 39.94227641 -13.25647619
v 38.07498858 38.15050564 -12.24878547
v 39.92822954 38.60870417 -12.35550551
v 39.47908709 39.34493304 -12.80924098
v 42.43421099 39.46330312 -12.63701505
v 42.51623461 41.00907170 -13.62311455
v 41.54128191 39.88324021 -12.92845799
v 39.47908709 39.34493304 -12.80924098
v 39.36875078 39.94227641 -13.25647619
v 38.71915362 40.21236459 -13.38027079
v 34.89209673 36.04818078 -11.62854587
v 34.67929003 35.18201583 -11.07761189
v 35.54680559 35.19059880 -10.94299885
v 33.60355303 35.87161367 -11.80760773
v 32.54227373 34.28276970 -11.25023442
v 33.88765642 34.69561139 -11.18956554
v 28.05026934 36.92964263 -16.09575487
v 27.24980852 35.74865824 -15.43157011
v 38.76611254 37.23005029 -11.57581169
v 38.07498858 38.15050564 -12.24878547
v 37.88729021 37.66819061 -12.04315795
v 41.93128893 38.14231936 -11.89740607
v 42.31349871 38.71432551 -12.32271439
v 40.65025255 38.91604666 -12.59572468
v 41.38659594 36.58207013 -11.30696698
v 41.69179461 37.33202431 -11.55624993
v 40.78800890 37.17681194 -11.34326773
v 42.43421099 39.46330312 -12.63701505
v 43.15898821 40.93638650 -13.38576407
v 42.51623461 41.00907170 -13.62311455
v 28.45077441 36.95029544 -15.82900073
v 27.96633074 35.77488822 -14.65918547
v 30.26648638 37.28881188 -14.57445366
v 43.15898821 40.93638650 -13.38576407
v 43.19015429 41.81600980 -14.04039678
v 42.51623461 41.00907170 -13.62311455
v 40.97415087 44.77867884 -16.10919915
v 42.00970385 44.77302550 -15.84725151
v 42.35772631 45.96056351 -16.72565442
v 40.97415087 44.77867884 -16.10919915
v 42.77169726 44.02102669 -15.27460430
v 42.00970385 44.77302550 -15.84725151
v 43.53623888 39.65467123 -12.59107087
v 43.15898821 40.93638650 -13.38576407
v 42.43421099 39.46330312 -12.63701505
v 41.69179461 37.33202431 -11.55624993
v 41.93128893 38.14231936 -11.89740607
v 42.31349871 38.71432551 -12.32271439
v 42.43421099 39.46330312 -12.63701505
v 40.65025255 38.91604666 -12.59572468
v 42.64434740 37.75119848 -11.69940796
v 41.93128893 38.14231936 -11.89740607
v 41.69179461 37.33202431 -11.55624993
v 43.30917284 36.82244186 -11.09580063
v 42.64434740 37.75119848 -11.69940796
v 41.76178667 36.05897604 -10.73924838
v 40.65621111 39.84928942 -12.83789707
v 40.78484270 40.52223243 -13.47524154
v 40.01254198 39.89570662 -13.04801061
v 41.54128191 39.88324021 -12.92845799
v 40.78484270 40.52223243 -13.47524154
v 40.65621111 39.84928942 -12.83789707
v 35.75670550 40.83691424 -14.66481679
v 36.22638628 41.96882638 -15.25995552
v 35.56275103 42.59642024 -16.06700824
v 36.22638628 41.96882638 -15.25995552
v 36.92872546 43.69288627 -16.29279272
v 35.56275103 42.59642024 -16.06700824
v 40.49828265 44.98500053 -16.28269161
v 39.23831103 44.98141848 -16.57259334
v 39.47908709 39.34493304 -12.80924098
v 38.71915362 40.21236459 -13.38027079
v 38.07498858 38.15050564 -12.24878547
v 38.71915362 40.21236459 -13.38027079
v 38.72089312 40.65174899 -13.74050035
v 28.05026934 36.92964263 -16.09575487
v 26.72909472 36.18113789 -16.66196264
v 27.24980852 35.74865824 -15.43157011
v 28.45077441 36.95029544 -15.82900073
v 27.24980852 35.74865824 -15.43157011
v 27.96633074 35.77488822 -14.65918547
v 35.84880755 34.04905838 -10.27989747
v 36.35782549 35.04622018 -10.64879412
v 33.64385912 36.59146217 -12.64960309
v 32.88791582 35.85144912 -12.22327240
v 33.60355303 35.87161367 -11.80760773
v 32.88791582 35.85144912 -12.22327240
v 32.54227373 34.28276970 -11.25023442
v 32.15394518 36.96695083 -13.25481250
v 31.50370714 36.28756088 -13.23392310
v 32.30323717 36.42974996 -12.90112894
v 29.87670061 34.48333122 -12.73518929
v 31.03906176 34.89312123 -12.21132461
v 40.57273791 43.50675592 -15.21356906
v 40.97415087 44.77867884 -16.10919915
v 40.49828265 44.98500053 -16.28269161
v 39.79144976 41.19453463 -13.76424312
v 40.14963457 42.12519096 -14.37538829
v 39.50148699 42.27132436 -14.54177015
v 40.19233630 47.97452498 -18.65785994
v 41.23152849 47.20971268 -17.66341402
v 41.31767199 48.47192339 -18.46489738
v 33.89578173 43.54255264 -17.68578281
v 34.08386919 44.68701885 -18.81102713
v 33.08916399 43.24278220 -18.17835173
v 40.93054125 49.03185217 -19.15830262
v 42.03050158 48.99393795 -18.85080750
v 41.69403002 49.75830498 -19.28644605
v 41.31767199 48.47192339 -18.46489738
v 41.94230578 47.87594186 -18.03199018
v 42.03050158 48.99393795 -18.85080750
v 41.69403002 49.75830498 -19.28644605
v 42.03050158 48.99393795 -18.85080750
v 41.98611376 50.20964084 -19.53301290
v 42.86699602 47.43135042 -17.54708105
v 43.20602343 48.38553201 -18.02915213
v 26.72909472 36.18113789 -16.66196264
v 25.71026537 36.21265517 -18.09920324
v 25.48458025 34.99527863 -16.33226579
v 32.30904314 44.15536049 -19.96486616
v 31.42919085 44.21978288 -21.29285384
v 31.57696459 43.87699053 -20.36173196
v 34.08386919 44.68701885 -18.81102713
v 33.27156756 44.15171761 -19.03504133
v 33.08916399 43.24278220 -18.17835173
v 33.27156756 44.15171761 -19.03504133
v 33.31603930 45.23063589 -20.12409180
v 32.33428881 43.65741672 -19.32880346
v 32.44809649 45.04993738 -20.79408994
v 31.42919085 44.21978288 -21.29285384
v 32.30904314 44.15536049 -19.96486616
v 27.54547808 37.07417364 -17.53150014
v 27.54547808 37.07417364 -17.53150014
v 26.55866930 36.77401785 -18.44530319
v 29.46669695 40.36761512 -19.32555280
v 30.90042803 41.32265525 -18.39862729
v 30.53574297 41.72735634 -19.30272587
v 31.00414965 42.10206642 -19.27196421
v 31.11800310 43.02349113 -20.24886256
v 30.62599871 42.41803384 -20.13773270
v 27.63342974 37.97898917 -18.43512577
v 27.04909441 38.27004275 -19.57668161
v 27.26854632 37.43827108 -18.48116145
v 29.74693224 41.48540513 -20.65145020
v 29.88610766 42.48342512 -21.78044816
v 29.42819903 41.63517765 -21.41974551
v 33.31603930 45.23063589 -20.12409180
v 32.44809649 45.04993738 -20.79408994
v 32.30904314 44.15536049 -19.96486616
v 36.32942126 49.01985836 -21.65998109
v 37.16153643 48.65631023 -20.71038081
v 37.26168749 49.25222311 -21.05439030
v 38.16305468 48.79382259 -19.77832822
v 39.58148882 48.57822360 -19.34166742
v 38.42081377 49.54762288 -20.42295114
v 40.73953936 45.81820277 -17.00948313
v 40.97415087 44.77867884 -16.10919915
v 41.70734331 46.85820745 -17.31549831
v 33.65763209 46.90892310 -21.93320462
v 33.58078120 46.26421270 -21.09757219
v 34.50919268 46.34285282 -20.22444903
v 35.27403185 43.93504310 -17.24423929
v 34.96236346 44.14609879 -17.62775373
v 34.50179217 43.11280036 -17.25186855
v 35.56275103 42.59642024 -16.06700824
v 35.27403185 43.93504310 -17.24423929
v 34.96445391 42.27637477 -16.05396192
v 41.23152849 47.20971268 -17.66341402
v 41.70734331 46.85820745 -17.31549831
v 41.94230578 47.87594186 -18.03199018
v 36.32942126 49.01985836 -21.65998109
v 36.42233965 49.57669058 -22.21994822
v 36.02994463 49.31023685 -22.11423528
v 32.26869890 42.69446519 -18.50075459
v 30.90042803 41.32265525 -18.39862729
v 31.60441515 41.43269413 -17.64720824
v 29.07547686 41.60797880 -21.77283388
v 28.79068682 40.93607335 -21.36121268
v 28.58364794 40.44184122 -21.03685652
v 32.33428881 43.65741672 -19.32880346
v 31.00414965 42.10206642 -19.27196421
v 32.26869890 42.69446519 -18.50075459
v 31.26907275 44.54536326 -22.64337880
v 31.59022448 44.61637016 -21.86505849
v 31.66080401 45.05990878 -22.14626279
v 30.18501208 42.90214916 -21.87552574
v 29.88610766 42.48342512 -21.78044816
v 29.74693224 41.48540513 -20.65145020
v 30.62599871 42.41803384 -20.13773270
v 29.74693224 41.48540513 -20.65145020
v 30.53574297 41.72735634 -19.30272587
v 31.11800310 43.02349113 -20.24886256
v 30.18501208 42.90214916 -21.87552574
v 30.62599871 42.41803384 -20.13773270
v 30.37766955 43.73635462 -22.93392127
v 30.01038286 43.45414717 -22.65657747
v 30.38423083 43.48676294 -21.97345675
v 30.38423083 43.48676294 -21.97345675
v 30.01038286 43.45414717 -22.65657747
v 30.18501208 42.90214916 -21.87552574
v 31.42919085 44.21978288 -21.29285384
v 30.38423083 43.48676294 -21.97345675
v 31.57696459 43.87699053 -20.36173196
v 32.31674883 41.75469179 -17.52953252
v 32.26869890 42.69446519 -18.50075459
v 31.60441515 41.43269413 -17.64720824
v 36.12401507 44.49404498 -17.50392871
v 37.31104967 44.49908046 -16.99401050
v 37.47762987 46.02944913 -17.84880811
v 35.75774309 46.98493892 -19.79909513
v 37.80976031 47.01077223 -18.70885466
v 37.47019884 47.69792116 -19.42264567
v 34.92574236 45.95266286 -19.20616894
v 35.30625841 45.18999058 -18.31009643
v 35.75774309 46.98493892 -19.79909513
v 39.44615862 47.11418871 -18.49604035
v 40.19233630 47.97452498 -18.65785994
v 39.37300799 47.67356822 -18.86267862
v 38.26084063 44.45046599 -16.79256396
v 38.11476061 45.39633916 -17.38213321
v 37.31104967 44.49908046 -16.99401050
v 35.56275103 42.59642024 -16.06700824
v 36.12401507 44.49404498 -17.50392871
v 35.27403185 43.93504310 -17.24423929
v 31.75365374 40.53022081 -16.87462509
v 30.99607775 40.61888188 -17.59578599
v 30.05495379 39.28848342 -17.02919642
v 30.05495379 39.28848342 -17.02919642
v 29.78429339 40.08955439 -18.21231728
v 29.40108416 38.99321050 -17.54335653
v 29.56568072 38.13712396 -16.40280768
v 30.05495379 39.28848342 -17.02919642
v 29.40108416 38.99321050 -17.54335653
v 28.95458910 40.76844802 -20.76364796
v 28.58364794 40.44184122 -21.03685652
v 28.30840227 39.80149861 -20.43570590
v 38.82498858 45.86075947 -17.42931346
v 39.46839831 45.90531901 -17.02591686
v 39.72930071 46.43294876 -17.67995442
v 28.73889849 39.78028895 -20.05837130
v 28.30840227 39.80149861 -20.43570590
v 27.78587267 39.37161277 -20.25266140
v 28.73889849 39.78028895 -20.05837130
v 27.78587267 39.37161277 -20.25266140
v 27.72582171 38.92973358 -19.76187764
v 28.30840227 39.80149861 -20.43570590
v 28.35457537 40.10330215 -20.71770363
v 27.78587267 39.37161277 -20.25266140
v 27.72582171 38.92973358 -19.76187764
v 27.58750841 39.03752162 -20.05577719
v 38.11476061 45.39633916 -17.38213321
v 38.82498858 45.86075947 -17.42931346
v 38.53047869 46.28221096 -17.89217363
v 35.27403185 43.93504310 -17.24423929
v 36.12401507 44.49404498 -17.50392871
v 34.96236346 44.14609879 -17.62775373
v 38.82498858 45.86075947 -17.42931346
v 39.72930071 46.43294876 -17.67995442
v 39.44615862 47.11418871 -18.49604035
v 37.48872301 49.81035425 -21.53943678
v 37.61407397 50.25214761 -22.00350241
v 37.06157610 50.22153654 -22.20363668
v 40.73953936 45.81820277 -17.00948313
v 41.23152849 47.20971268 -17.66341402
v 40.62360308 46.82007568 -17.65416713
v 40.49828265 44.98500053 -16.28269161
v 40.73953936 45.81820277 -17.00948313
v 40.10102007 45.80328351 -16.90222910
v 34.96236346 44.14609879 -17.62775373
v 36.12401507 44.49404498 -17.50392871
v 35.30625841 45.18999058 -18.31009643
v 36.92872546 43.69288627 -16.29279272
v 37.31104967 44.49908046 -16.99401050
v 36.12401507 44.49404498 -17.50392871
v 33.79357073 42.05045305 -16.59555734
v 32.94922564 41.74921394 -17.19354924
v 32.65313647 41.17401969 -16.52994441
v 37.47019884 47.69792116 -19.42264567
v 38.33351061 47.65914865 -18.98558816
v 38.16305468 48.79382259 -19.77832822
v 34.50179217 43.11280036 -17.25186855
v 34.96236346 44.14609879 -17.62775373
v 33.89578173 43.54255264 -17.68578281
v 34.08980486 42.47977048 -16.87961503
v 34.50179217 43.11280036 -17.25186855
v 33.89578173 43.54255264 -17.68578281
v 34.50919268 46.34285282 -20.22444903
v 33.58078120 46.26421270 -21.09757219
v 33.86740801 45.89263082 -20.14884166
v 36.32942126 49.01985836 -21.65998109
v 37.48872301 49.81035425 -21.53943678
v 36.42233965 49.57669058 -22.21994822
v 41.70734331 46.85820745 -17.31549831
v 42.35772631 45.96056351 -16.72565442
v 42.86699602 47.43135042 -17.54708105
v 36.22464678 48.17681797 -21.15619677
v 36.32942126 49.01985836 -21.65998109
v 35.29073260 48.71292393 -22.09172847
v 33.25659869 45.98308471 -21.45023328
v 33.03075335 46.13588231 -22.05062088
v 32.46388933 45.36572938 -21.33716555
v 40.73953936 45.81820277 -17.00948313
v 40.62360308 46.82007568 -17.65416713
v 40.10102007 45.80328351 -16.90222910
v 39.72930071 46.43294876 -17.67995442
v 40.62360308 46.82007568 -17.65416713
v 39.44615862 47.11418871 -18.49604035
v 39.23831103 44.98141848 -16.57259334
v 38.11476061 45.39633916 -17.38213321
v 38.53047869 46.28221096 -17.89217363
v 38.33351061 47.65914865 -18.98558816
v 37.47762987 46.02944913 -17.84880811
v 40.62360308 46.82007568 -17.65416713
v 40.19233630 47.97452498 -18.65785994
v 39.44615862 47.11418871 -18.49604035
v 39.37300799 47.67356822 -18.86267862
v 38.33351061 47.65914865 -18.98558816
v 36.92872546 43.69288627 -16.29279272
v 36.12401507 44.49404498 -17.50392871
v 35.56275103 42.59642024 -16.06700824
v 34.92574236 45.95266286 -19.20616894
v 34.08386919 44.68701885 -18.81102713
v 34.96236346 44.14609879 -17.62775373
v 35.75774309 46.98493892 -19.79909513
v 37.47019884 47.69792116 -19.42264567
v 36.22464678 48.17681797 -21.15619677
v 34.96236346 44.14609879 -17.62775373
v 35.30625841 45.18999058 -18.31009643
v 34.92574236 45.95266286 -19.20616894
v 34.92574236 45.95266286 -19.20616894
v 35.75774309 46.98493892 -19.79909513
v 34.79507372 46.87003251 -20.42505642
v 34.50919268 46.34285282 -20.22444903
v 34.79507372 46.87003251 -20.42505642
v 34.93060992 47.54698090 -21.39553077
v 34.79507372 46.87003251 -20.42505642
v 34.50919268 46.34285282 -20.22444903
v 34.92574236 45.95266286 -19.20616894
v 33.81256983 47.53072631 -22.39754493
v 33.65763209 46.90892310 -21.93320462
v 34.59805224 48.05641069 -22.21553818
v 36.12401507 44.49404498 -17.50392871
v 37.47762987 46.02944913 -17.84880811
v 35.30625841 45.18999058 -18.31009643
v 31.26907275 44.54536326 -22.64337880
v 30.60227129 44.06478095 -23.10160015
v 30.37766955 43.73635462 -22.93392127
v 37.80976031 47.01077223 -18.70885466
v 35.75774309 46.98493892 -19.79909513
v 42.35772631 45.96056351 -16.72565442
v 43.35095141 46.63663462 -17.07457726
v 42.86699602 47.43135042 -17.54708105
v 37.47762987 46.02944913 -17.84880811
v 37.05148241 46.07390558 -17.99089797
v 35.30625841 45.18999058 -18.31009643
v 37.80976031 47.01077223 -18.70885466
v 38.33351061 47.65914865 -18.98558816
v 37.47019884 47.69792116 -19.42264567
v 37.05148241 46.07390558 -17.99089797
v 37.47762987 46.02944913 -17.84880811
v 37.80976031 47.01077223 -18.70885466
v 37.06157610 50.22153654 -22.20363668
v 36.68515703 49.97705259 -22.25644731
v 36.42233965 49.57669058 -22.21994822
v 33.58078120 46.26421270 -21.09757219
v 33.31603930 45.23063589 -20.12409180
v 33.86740801 45.89263082 -20.14884166
v 33.86740801 45.89263082 -20.14884166
v 33.31603930 45.23063589 -20.12409180
v 33.27156756 44.15171761 -19.03504133
v 33.23970148 46.95212061 -22.67498014
v 33.65763209 46.90892310 -21.93320462
v 33.81256983 47.53072631 -22.39754493
v 33.58078120 46.26421270 -21.09757219
v 33.25659869 45.98308471 -21.45023328
v 33.31603930 45.23063589 -20.12409180
v 33.03075335 46.13588231 -22.05062088
v 33.25659869 45.98308471 -21.45023328
v 33.23970148 46.95212061 -22.67498014
v 32.33428881 43.65741672 -19.32880346
v 32.30904314 44.15536049 -19.96486616
v 31.00414965 42.10206642 -19.27196421
v 32.94922564 41.74921394 -17.19354924
v 32.31674883 41.75469179 -17.52953252
v 32.65313647 41.17401969 -16.52994441
v 32.87882159 42.43215908 -17.91223831
v 32.31674883 41.75469179 -17.52953252
v 32.94922564 41.74921394 -17.19354924
v 26.55866930 36.77401785 -18.44530319
v 27.26854632 37.43827108 -18.48116145
v 32.87882159 42.43215908 -17.91223831
v 32.26869890 42.69446519 -18.50075459
v 32.31674883 41.75469179 -17.52953252
v 27.78587267 39.37161277 -20.25266140
v 27.58750841 39.03752162 -20.05577719
v 28.58364794 40.44184122 -21.03685652
v 28.35457537 40.10330215 -20.71770363
v 28.73889849 39.78028895 -20.05837130
v 28.95458910 40.76844802 -20.76364796
v 28.30840227 39.80149861 -20.43570590
v 28.95458910 40.76844802 -20.76364796
v 28.73889849 39.78028895 -20.05837130
v 28.95458910 40.76844802 -20.76364796
v 29.07547686 41.60797880 -21.77283388
v 28.58364794 40.44184122 -21.03685652
v 36.22464678 48.17681797 -21.15619677
v 35.29073260 48.71292393 -22.09172847
v 34.94554064 48.36992542 -22.10253164
v 36.32942126 49.01985836 -21.65998109
v 36.02994463 49.31023685 -22.11423528
v 35.29073260 48.71292393 -22.09172847
v 37.48872301 49.81035425 -21.53943678
v 36.42233965 49.57669058 -22.21994822
v 40.97415087 44.77867884 -16.10919915
v 41.70734331 46.85820745 -17.31549831
v 40.73953936 45.81820277 -17.00948313
v 41.70734331 46.85820745 -17.31549831
v 41.23152849 47.20971268 -17.66341402
v 40.49828265 44.98500053 -16.28269161
v 40.97415087 44.77867884 -16.10919915
v 40.73953936 45.81820277 -17.00948313
v 30.99607775 40.61888188 -17.59578599
v 30.90042803 41.32265525 -18.39862729
v 37.26168749 49.25222311 -21.05439030
v 37.48872301 49.81035425 -21.53943678
v 36.32942126 49.01985836 -21.65998109
v 37.47019884 47.69792116 -19.42264567
v 38.16305468 48.79382259 -19.77832822
v 37.16153643 48.65631023 -20.71038081
v 29.88610766 42.48342512 -21.78044816
v 29.56912920 42.79296101 -22.33739401
v 29.44646380 42.34797658 -22.25290602
v 37.26168749 49.25222311 -21.05439030
v 37.84606097 49.37634289 -20.88607062
v 37.48872301 49.81035425 -21.53943678
v 38.42081377 49.54762288 -20.42295114
v 37.84606097 49.37634289 -20.88607062
v 31.63039324 45.37201578 -22.67552920
v 31.26907275 44.54536326 -22.64337880
v 31.66080401 45.05990878 -22.14626279
v 38.42081377 49.54762288 -20.42295114
v 38.03912279 51.21571340 -22.27689429
v 37.84606097 49.37634289 -20.88607062
v 41.70734331 46.85820745 -17.31549831
v 42.86699602 47.43135042 -17.54708105
v 41.94230578 47.87594186 -18.03199018
v 41.23152849 47.20971268 -17.66341402
v 40.19233630 47.97452498 -18.65785994
v 40.62360308 46.82007568 -17.65416713
v 39.58148882 48.57822360 -19.34166742
v 40.15013811 49.40291626 -19.75524177
v 38.42081377 49.54762288 -20.42295114
v 39.37300799 47.67356822 -18.86267862
v 40.19233630 47.97452498 -18.65785994
v 39.58148882 48.57822360 -19.34166742
v 33.27156756 44.15171761 -19.03504133
v 32.26869890 42.69446519 -18.50075459
v 41.31767199 48.47192339 -18.46489738
v 40.93054125 49.03185217 -19.15830262
v 41.69403002 49.75830498 -19.28644605
v 41.98611376 50.20964084 -19.53301290
v 41.09832690 50.34820204 -19.89008384
v 37.80976031 47.01077223 -18.70885466
v 37.47762987 46.02944913 -17.84880811
v 38.33351061 47.65914865 -18.98558816
v 34.59805224 48.05641069 -22.21553818
v 33.65763209 46.90892310 -21.93320462
v 34.50919268 46.34285282 -20.22444903
v 29.78429339 40.08955439 -18.21231728
v 30.90042803 41.32265525 -18.39862729
v 29.46669695 40.36761512 -19.32555280
v 31.30058977 39.56414885 -16.10056182
v 31.75365374 40.53022081 -16.87462509
v 30.05495379 39.28848342 -17.02919642
v 31.75365374 40.53022081 -16.87462509
v 32.65313647 41.17401969 -16.52994441
v 32.31674883 41.75469179 -17.52953252
v 32.33428881 43.65741672 -19.32880346
v 34.92574236 45.95266286 -19.20616894
v 34.50919268 46.34285282 -20.22444903
v 34.08386919 44.68701885 -18.81102713
v 33.89578173 43.54255264 -17.68578281
v 32.44809649 45.04993738 -20.79408994
v 31.59022448 44.61637016 -21.86505849
v 33.03075335 46.13588231 -22.05062088
v 32.63761828 46.11940658 -22.34618362
v 32.46388933 45.36572938 -21.33716555
v 30.62599871 42.41803384 -20.13773270
v 30.18501208 42.90214916 -21.87552574
v 29.74693224 41.48540513 -20.65145020
v 31.42919085 44.21978288 -21.29285384
v 30.37766955 43.73635462 -22.93392127
v 30.38423083 43.48676294 -21.97345675
v 35.57389757 47.44065774 -20.86287695
v 35.30625841 45.18999058 -18.31009643
v 37.05148241 46.07390558 -17.99089797
v 37.80976031 47.01077223 -18.70885466
v 41.23152849 47.20971268 -17.66341402
v 41.31767199 48.47192339 -18.46489738
v 31.46993182 45.54679371 -23.04633306
v 31.63039324 45.37201578 -22.67552920
v 32.23171351 46.25245170 -22.82118974
v 26.55866930 36.77401785 -18.44530319
v 26.02976153 37.05268184 -19.18813160
v 25.71026537 36.21265517 -18.09920324
v 32.26869890 42.69446519 -18.50075459
v 31.00414965 42.10206642 -19.27196421
v 30.90042803 41.32265525 -18.39862729
v 25.71026537 36.21265517 -18.09920324
v 24.80737231 36.19150637 -18.81960119
v 24.32210467 35.21572978 -17.59029195
v 23.82335589 35.36621187 -18.81944847
v 22.68211291 34.63133335 -18.68773448
v 22.22325060 34.24848280 -18.46967106
v 24.24763415 34.56476718 -16.88127695
v 24.32210467 35.21572978 -17.59029195
v 22.84783099 34.31332510 -18.01222784
v 25.48458025 34.99527863 -16.33226579
v 24.24763415 34.56476718 -16.88127695
v 23.81442950 34.12818273 -16.40331057
v 26.02976153 37.05268184 -19.18813160
v 25.40393755 36.45285889 -18.92052286
v 24.32210467 35.21572978 -17.59029195
v 24.80737231 36.19150637 -18.81960119
v 24.14557574 35.67953585 -18.79791837
v 22.84783099 34.31332510 -18.01222784
v 22.22325060 34.24848280 -18.46967106
v 25.71026537 36.21265517 -18.09920324
v 25.40393755 36.45285889 -18.92052286
v 24.80737231 36.19150637 -18.81960119
v 30.41766856 20.28745531 -5.60309164
v 28.94017527 19.30283616 -5.68594670
v 29.12273142 18.59375263 -5.49228204
v 29.95780108 21.63947549 -6.12997785
v 32.14549753 20.96026014 -5.63479951
v 31.91520617 22.77785647 -6.25378785
v 41.36334917 28.01990642 -7.61986231
v 39.90983507 29.32676822 -8.06372544
v 39.55975268 28.79319130 -7.83896339
v 37.88673327 26.04000995 -7.14268913
v 37.71590349 27.12834305 -7.34828624
v 36.15711901 26.56569810 -7.26392030
v 38.84889147 27.81901686 -7.47211142
v 38.21520159 28.35135014 -8.00754242
v 37.57015154 27.79058970 -7.66663046
v 38.84889147 27.81901686 -7.47211142
v 39.55975268 28.79319130 -7.83896339
v 38.21520159 28.35135014 -8.00754242
v 39.08739397 25.55780176 -6.76752121
v 39.05131457 26.30840441 -7.20354123
v 37.88673327 26.04000995 -7.14268913
v 40.65492174 27.46268600 -7.38716568
v 39.55975268 28.79319130 -7.83896339
v 39.31114886 27.19352097 -7.29253063
v 40.65492174 27.46268600 -7.38716568
v 41.36334917 28.01990642 -7.61986231
v 39.55975268 28.79319130 -7.83896339
v 40.63144610 25.93208456 -7.00568045
v 40.65492174 27.46268600 -7.38716568
v 39.05131457 26.30840441 -7.20354123
v 41.63404009 27.34439990 -7.20088637
v 41.36334917 28.01990642 -7.61986231
v 40.65492174 27.46268600 -7.38716568
v 31.35123369 31.21745493 -9.80708817
v 32.93740771 31.29114680 -9.63313799
v 32.93492815 31.74984918 -10.01950586
v 32.08218310 30.41388903 -9.29950442
v 32.93740771 31.29114680 -9.63313799
v 31.35123369 31.21745493 -9.80708817
v 36.62966082 30.25740979 -8.57404053
v 37.21715472 30.73665779 -8.89070626
v 36.29347155 30.95750586 -8.97110485
v 34.56986925 32.31763616 -9.74602268
v 34.96330950 32.12454386 -9.46664948
v 35.74453661 32.59340804 -9.60289528
v 35.74453661 32.59340804 -9.60289528
v 34.98810503 31.76664899 -9.33150232
v 41.92760393 26.27175954 -6.81253475
v 41.63404009 27.34439990 -7.20088637
v 40.63144610 25.93208456 -7.00568045
v 37.29029772 16.97798620 -4.93353544
v 36.87089464 15.96867075 -4.67376965
v 38.86987994 16.15576453 -4.36464187
v 39.18979571 17.99312679 -4.57826522
v 38.86987994 16.15576453 -4.36464187
v 40.38153765 18.03374571 -4.41366867
v 33.88120768 18.08725815 -5.20270066
v 36.10255358 17.42394622 -5.06054967
v 35.39832995 18.70691762 -4.94674983
v 32.00217173 17.53806671 -5.00805945
v 33.86985514 16.91070256 -4.94546780
v 32.83084605 18.30258256 -5.16269215
v 34.91442034 16.59360206 -4.80885581
v 35.88877032 16.25075232 -4.85432694
v 37.50846789 15.71950235 -4.65382637
v 40.90476916 15.28143592 -4.37507874
v 39.20745776 15.68881504 -4.53679145
v 39.44856188 14.82040684 -4.55397271
v 41.63767168 14.32232185 -4.30514755
v 40.90476916 15.28143592 -4.37507874
v 42.96786425 29.25438055 -7.94435592
v 41.63404009 27.34439990 -7.20088637
v 39.55975268 28.79319130 -7.83896339
v 39.90983507 29.32676822 -8.06372544
v 38.49132464 30.07081008 -8.44737729
v 27.56751177 32.46122147 -12.05147314
v 29.70711443 32.95745239 -11.55716475
v 29.29938433 33.76216280 -12.13799069
v 28.27503130 26.87551329 -8.63750128
v 29.19383929 26.47552710 -8.14629028
v 29.34391711 27.41563630 -8.43971695
v 32.83084605 18.30258256 -5.16269215
v 33.88120768 18.08725815 -5.20270066
v 33.10539744 19.33009511 -5.17123724
v 32.83084605 18.30258256 -5.16269215
v 33.10539744 19.33009511 -5.17123724
v 32.83098337 19.47078876 -5.29280403
v 41.99373553 32.67402740 -9.47322610
v 41.48962328 32.11301519 -9.12131256
v 41.36334917 28.01990642 -7.61986231
v 41.34821245 29.77620864 -8.45631889
v 39.90983507 29.32676822 -8.06372544
v 43.30251238 30.79021572 -8.54013559
v 41.74236986 31.19071309 -8.96176651
v 42.77193377 30.17736177 -8.21138488
v 43.30251238 30.79021572 -8.54013559
v 41.24008868 30.59781048 -8.62035101
v 33.10539744 19.33009511 -5.17123724
v 34.40817187 20.07071857 -5.24040545
v 32.83098337 19.47078876 -5.29280403
v 35.89077685 20.78424239 -5.52174712
v 36.87779925 19.43544944 -5.05388191
v 35.99574206 21.71206830 -5.67093245
v 43.85571978 33.12249849 -9.31917344
v 43.11505816 34.19380273 -10.21758060
v 41.89390490 33.60370735 -9.67096490
v 32.54227373 34.28276970 -11.25023442
v 33.49380419 33.77707812 -10.86115048
v 33.88765642 34.69561139 -11.18956554
v 31.67696307 34.01326145 -11.28745057
v 32.17986224 33.12381909 -10.82239305
v 33.49380419 33.77707812 -10.86115048
v 31.27397845 33.15532847 -10.89858019
v 32.17986224 33.12381909 -10.82239305
v 31.67696307 34.01326145 -11.28745057
v 28.86787340 32.08233039 -11.10548919
v 29.76603625 31.86713573 -10.86591091
v 29.81021044 32.55047766 -11.15431739
v 31.41176531 31.83678610 -10.24840297
v 31.96459124 32.02319510 -10.21207182
v 32.00559161 32.60234238 -10.57791664
v 28.89873431 31.04662505 -10.45255018
v 28.93855974 30.24386069 -10.08878052
v 30.25873492 30.99158666 -10.06230664
v 31.41176531 31.83678610 -10.24840297
v 31.35123369 31.21745493 -9.80708817
v 31.96459124 32.02319510 -10.21207182
v 28.93855974 30.24386069 -10.08878052
v 30.22838518 30.37294204 -9.50835146
v 30.25873492 30.99158666 -10.06230664
v 44.08402178 23.37190313 -5.83067698
v 42.86580584 24.37087407 -6.13203823
v 41.45026324 23.62009590 -5.95935439
v 31.47762224 27.36504586 -8.01302016
v 33.60005114 27.50335154 -7.87993303
v 32.90210650 28.37576512 -8.23317413
v 41.45026324 23.62009590 -5.95935439
v 40.76928637 24.79907381 -6.26869601
v 40.13389513 23.46244973 -5.90413281
v 42.10298083 20.83954033 -5.00210906
v 42.03252337 22.56554579 -5.59025937
v 40.29123614 21.85758377 -5.46301621
v 43.89749071 21.38658216 -5.39122353
v 42.03252337 22.56554579 -5.59025937
v 42.10298083 20.83954033 -5.00210906
v 43.89749071 21.38658216 -5.39122353
v 43.43197558 22.75961470 -5.58914551
v 42.03252337 22.56554579 -5.59025937
v 29.29938433 33.76216280 -12.13799069
v 29.70711443 32.95745239 -11.55716475
v 30.36579821 33.76397853 -11.84711239
v 38.80903551 30.87443703 -8.83920787
v 38.49132464 30.07081008 -8.44737729
v 39.40376971 30.54640364 -8.48097722
v 37.08071062 31.65364219 -9.14536034
v 37.21715472 30.73665779 -8.89070626
v 38.80903551 30.87443703 -8.83920787
v 36.10255358 17.42394622 -5.06054967
v 37.29029772 16.97798620 -4.93353544
v 38.02068255 19.06746088 -4.87947389
v 29.12273142 18.59375263 -5.49228204
v 28.65357706 18.00390890 -5.39088729
v 29.75532267 17.86947136 -5.22781659
v 33.88120768 18.08725815 -5.20270066
v 39.44856188 14.82040684 -4.55397271
v 40.90476916 15.28143592 -4.37507874
v 37.50846789 15.71950235 -4.65382637
v 40.20555804 14.50406926 -4.51964038
v 41.63767168 14.32232185 -4.30514755
v 39.44856188 14.82040684 -4.55397271
v 28.94017527 19.30283616 -5.68594670
v 26.87381480 19.40827434 -5.97690131
v 29.12273142 18.59375263 -5.49228204
v 29.95780108 21.63947549 -6.12997785
v 30.41766856 20.28745531 -5.60309164
v 32.14549753 20.96026014 -5.63479951
v 41.63404009 27.34439990 -7.20088637
v 42.96786425 29.25438055 -7.94435592
v 41.36334917 28.01990642 -7.61986231
v 37.71590349 27.12834305 -7.34828624
v 38.84889147 27.81901686 -7.47211142
v 37.57015154 27.79058970 -7.66663046
v 37.88673327 26.04000995 -7.14268913
v 39.05131457 26.30840441 -7.20354123
v 37.71590349 27.12834305 -7.34828624
v 39.31114886 27.19352097 -7.29253063
v 39.55975268 28.79319130 -7.83896339
v 38.84889147 27.81901686 -7.47211142
v 39.05131457 26.30840441 -7.20354123
v 40.65492174 27.46268600 -7.38716568
v 39.31114886 27.19352097 -7.29253063
v 40.63144610 25.93208456 -7.00568045
v 41.63404009 27.34439990 -7.20088637
v 32.54227373 34.28276970 -11.25023442
v 39.59799120 34.35790369 -10.08583624
v 38.88664934 33.70599485 -9.86749812
v 39.54331896 33.47003294 -9.85925834
v 41.40718767 25.56305080 -6.64778549
v 41.92760393 26.27175954 -6.81253475
v 40.63144610 25.93208456 -7.00568045
v 27.93894884 30.04284139 -10.18480404
v 27.47750780 28.48966414 -9.52400667
v 28.93855974 30.24386069 -10.08878052
v 39.90983507 29.32676822 -8.06372544
v 41.34821245 29.77620864 -8.45631889
v 39.99832079 30.49974990 -8.42493168
v 41.24008868 30.59781048 -8.62035101
v 43.30251238 30.79021572 -8.54013559
v 41.74236986 31.19071309 -8.96176651
v 41.36334917 28.01990642 -7.61986231
v 42.96786425 29.25438055 -7.94435592
v 41.34821245 29.77620864 -8.45631889
v 33.10539744 19.33009511 -5.17123724
v 34.40817187 20.07071857 -5.24040545
v 35.89077685 20.78424239 -5.52174712
v 35.64015887 19.76753409 -5.09324964
v 36.87779925 19.43544944 -5.05388191
v 32.14549753 20.96026014 -5.63479951
v 32.83098337 19.47078876 -5.29280403
v 33.24822161 21.40928813 -5.77249490
v 38.63204882 31.96474600 -9.20558683
v 38.80903551 30.87443703 -8.83920787
v 39.16247484 31.71775201 -9.03597009
v 38.30564043 32.96164836 -9.82311018
v 38.63204882 31.96474600 -9.20558683
v 39.08149645 32.96453994 -9.57869490
v 37.80540392 34.07020699 -10.01117494
v 38.88664934 33.70599485 -9.86749812
v 38.02068255 19.06746088 -4.87947389
v 39.18979571 17.99312679 -4.57826522
v 39.04324267 19.18905054 -4.88405154
v 40.99049303 19.22750272 -4.70927738
v 43.33747790 18.68297666 -4.47468867
v 43.09905932 19.43914974 -4.79747322
v 37.46599505 25.17674404 -6.65802408
v 36.44721911 25.47635032 -6.93349104
v 39.97425768 25.21389156 -6.65877176
v 39.08739397 25.55780176 -6.76752121
v 38.40814898 24.67492826 -6.56169526
v 31.27334521 24.52795552 -7.05162444
v 31.37045214 25.72567978 -7.58366809
v 29.54408953 24.14420550 -7.42566307
v 34.94174883 24.32061150 -6.84618007
v 34.56503985 24.98711537 -7.07173559
v 33.33118365 24.93225241 -7.00130101
v 37.05538866 22.73715371 -5.90336975
v 36.78051684 24.22909698 -6.46626672
v 34.90270159 22.78952183 -6.14854798
v 38.40814898 24.67492826 -6.56169526
v 37.46599505 25.17674404 -6.65802408
v 36.78051684 24.22909698 -6.46626672
v 38.94727251 23.36373296 -6.13560862
v 38.40814898 24.67492826 -6.56169526
v 37.05538866 22.73715371 -5.90336975
v 34.56503985 24.98711537 -7.07173559
v 34.94732592 26.11354968 -7.20683710
v 33.33118365 24.93225241 -7.00130101
v 33.33118365 24.93225241 -7.00130101
v 34.94732592 26.11354968 -7.20683710
v 33.41985247 26.11987538 -7.33940546
v 38.94727251 23.36373296 -6.13560862
v 38.02946398 22.27204295 -5.78912712
v 31.37045214 25.72567978 -7.58366809
v 33.60005114 27.50335154 -7.87993303
v 31.47762224 27.36504586 -8.01302016
v 27.78019640 34.43531944 -13.49384102
v 28.02400133 33.74392091 -12.93927547
v 42.17061541 34.21566865 -10.09337406
v 41.89390490 33.60370735 -9.67096490
v 43.11505816 34.19380273 -10.21758060
v 40.71803973 33.85216632 -9.79855894
v 42.86580584 24.37087407 -6.13203823
v 41.40718767 25.56305080 -6.64778549
v 40.76928637 24.79907381 -6.26869601
v 26.73952410 33.26614542 -13.16759266
v 26.81291125 32.62812987 -12.63846352
v 28.02400133 33.74392091 -12.93927547
v 30.44621966 29.72780046 -9.38789848
v 30.22838518 30.37294204 -9.50835146
v 29.36361620 29.06440935 -9.34871380
v 30.37053606 27.69043944 -8.57284993
v 29.19383929 26.47552710 -8.14629028
v 33.24822161 21.40928813 -5.77249490
v 34.56177447 21.13408065 -5.52510411
v 33.97647784 22.17364660 -6.10283255
v 36.87779925 19.43544944 -5.05388191
v 36.10255358 17.42394622 -5.06054967
v 38.02068255 19.06746088 -4.87947389
v 34.67929003 35.18201583 -11.07761189
v 34.36669085 33.57917933 -10.41272515
v 34.82632372 34.22046801 -10.50310307
v 32.00559161 32.60234238 -10.57791664
v 31.96459124 32.02319510 -10.21207182
v 32.94744036 32.17620261 -10.23006196
v 29.70711443 32.95745239 -11.55716475
v 28.86787340 32.08233039 -11.10548919
v 29.81021044 32.55047766 -11.15431739
v 30.36579821 33.76397853 -11.84711239
v 30.53501055 32.84029551 -10.91751629
v 31.27397845 33.15532847 -10.89858019
v 29.76603625 31.86713573 -10.86591091
v 30.25873492 30.99158666 -10.06230664
v 30.30463335 31.44616870 -10.39304097
v 41.45026324 23.62009590 -5.95935439
v 42.86580584 24.37087407 -6.13203823
v 42.03252337 22.56554579 -5.59025937
v 43.43197558 22.75961470 -5.58914551
v 43.43197558 22.75961470 -5.58914551
v 41.45026324 23.62009590 -5.95935439
v 29.87670061 34.48333122 -12.73518929
v 29.29938433 33.76216280 -12.13799069
v 30.36579821 33.76397853 -11.84711239
v 31.03906176 34.89312123 -12.21132461
v 29.87670061 34.48333122 -12.73518929
v 37.21715472 30.73665779 -8.89070626
v 38.49132464 30.07081008 -8.44737729
v 39.88295672 32.79881402 -9.42207866
v 39.16247484 31.71775201 -9.03597009
v 39.80359576 31.93236685 -9.18498746
v 38.63204882 31.96474600 -9.20558683
v 37.08071062 31.65364219 -9.14536034
v 38.80903551 30.87443703 -8.83920787
v 38.30564043 32.96164836 -9.82311018
v 37.08071062 31.65364219 -9.14536034
v 37.20036242 34.59410981 -10.40770518
v 36.87105486 33.91102729 -10.07967162
v 39.86972735 20.01574884 -4.91566789
v 39.04324267 19.18905054 -4.88405154
v 40.99049303 19.22750272 -4.70927738
v 42.10298083 20.83954033 -5.00210906
v 40.99049303 19.22750272 -4.70927738
v 43.09905932 19.43914974 -4.79747322
v 34.90270159 22.78952183 -6.14854798
v 36.78051684 24.22909698 -6.46626672
v 34.94174883 24.32061150 -6.84618007
v 40.71803973 33.85216632 -9.79855894
v 40.64812395 33.25851554 -9.56021656
v 41.89390490 33.60370735 -9.67096490
v 27.12441180 34.75733327 -14.39002027
v 26.96842882 33.79664763 -13.84168027
v 27.78019640 34.43531944 -13.49384102
v 37.05538866 22.73715371 -5.90336975
v 38.40814898 24.67492826 -6.56169526
v 36.78051684 24.22909698 -6.46626672
v 38.02946398 22.27204295 -5.78912712
v 38.94727251 23.36373296 -6.13560862
v 37.05538866 22.73715371 -5.90336975
v 38.94727251 23.36373296 -6.13560862
v 39.97425768 25.21389156 -6.65877176
v 38.40814898 24.67492826 -6.56169526
v 40.13389513 23.46244973 -5.90413281
v 38.94727251 23.36373296 -6.13560862
v 41.40718767 25.56305080 -6.64778549
v 43.28703997 25.59992368 -6.59862168
v 42.86580584 24.37087407 -6.13203823
v 43.28703997 25.59992368 -6.59862168
v 41.40718767 25.56305080 -6.64778549
v 29.36361620 29.06440935 -9.34871380
v 30.22838518 30.37294204 -9.50835146
v 28.02400133 33.74392091 -12.93927547
v 26.81291125 32.62812987 -12.63846352
v 27.56751177 32.46122147 -12.05147314
v 25.78938219 32.12096583 -12.90131134
v 26.48796770 31.92537117 -12.14178982
v 26.81291125 32.62812987 -12.63846352
v 30.26962969 28.75319111 -9.19458472
v 28.70288012 28.53338061 -9.29060824
v 29.34391711 27.41563630 -8.43971695
v 30.26962969 28.75319111 -9.19458472
v 29.36361620 29.06440935 -9.34871380
v 28.70288012 28.53338061 -9.29060824
v 31.61592791 28.66684167 -8.91383824
v 30.26962969 28.75319111 -9.19458472
v 30.37053606 27.69043944 -8.57284993
v 31.17521593 29.70560656 -9.31958487
v 30.44621966 29.72780046 -9.38789848
v 30.26962969 28.75319111 -9.19458472
v 33.27107928 29.47252866 -8.71121692
v 32.87808153 30.21840828 -8.85873901
v 32.37575457 29.34786433 -8.85518357
v 25.78938219 32.12096583 -12.90131134
v 25.63411639 30.68004055 -11.71068305
v 26.48796770 31.92537117 -12.14178982
v 33.60005114 27.50335154 -7.87993303
v 34.51660082 28.97184874 -8.35248270
v 32.90210650 28.37576512 -8.23317413
v 27.32154772 31.06380633 -11.15414930
v 28.13265154 31.28601246 -11.08928423
v 28.14758227 32.02343166 -11.35530608
v 35.41602251 25.84390402 -6.98503529
v 34.94732592 26.11354968 -7.20683710
v 33.60005114 27.50335154 -7.87993303
v 36.15711901 26.56569810 -7.26392030
v 34.51660082 28.97184874 -8.35248270
v 37.57411883 29.09562045 -8.09531109
v 37.71936724 29.69616870 -8.20442679
v 36.62966082 30.25740979 -8.57404053
v 37.57411883 29.09562045 -8.09531109
v 38.49132464 30.07081008 -8.44737729
v 37.71936724 29.69616870 -8.20442679
v 35.41286394 33.25694417 -9.97755970
v 34.56986925 32.31763616 -9.74602268
v 34.82632372 34.22046801 -10.50310307
v 34.36669085 33.57917933 -10.41272515
v 35.84880755 34.04905838 -10.27989747
v 27.32154772 31.06380633 -11.15414930
v 27.61879656 30.38170088 -10.61009707
v 28.13265154 31.28601246 -11.08928423
v 25.96477434 30.10742405 -11.21269712
v 26.31519244 29.27600280 -10.40976425
v 27.61879656 30.38170088 -10.61009707
v 26.31519244 29.27600280 -10.40976425
v 27.47750780 28.48966414 -9.52400667
v 27.93894884 30.04284139 -10.18480404
v 27.47750780 28.48966414 -9.52400667
v 29.36361620 29.06440935 -9.34871380
v 28.93855974 30.24386069 -10.08878052
v 26.13030932 28.03905682 -9.65166163
v 26.28049395 27.26371200 -9.47636853
v 27.47750780 28.48966414 -9.52400667
v 26.28049395 27.26371200 -9.47636853
v 28.27503130 26.87551329 -8.63750128
v 28.70288012 28.53338061 -9.29060824
v 26.34377215 26.57560933 -9.16954469
v 26.56365893 26.00615141 -8.60225334
v 28.27503130 26.87551329 -8.63750128
v 29.54408953 24.14420550 -7.42566307
v 29.97316668 25.72995982 -7.91072497
v 27.61656878 24.86014781 -7.84535618
v 27.43702624 25.73906164 -8.20915637
v 27.61656878 24.86014781 -7.84535618
v 29.19383929 26.47552710 -8.14629028
v 34.51233599 30.23793953 -8.85167419
v 34.82119677 30.87392582 -9.11346934
v 33.66239092 30.79887546 -9.16602060
v 34.51233599 30.23793953 -8.85167419
v 33.66239092 30.79887546 -9.16602060
v 33.80586932 29.81620186 -8.86989312
v 33.66239092 30.79887546 -9.16602060
v 32.08218310 30.41388903 -9.29950442
v 32.87808153 30.21840828 -8.85873901
v 34.98810503 31.76664899 -9.33150232
v 34.96330950 32.12454386 -9.46664948
v 33.98100207 31.73955698 -9.47824609
v 33.66239092 30.79887546 -9.16602060
v 33.98100207 31.73955698 -9.47824609
v 32.93740771 31.29114680 -9.63313799
v 35.41286394 33.25694417 -9.97755970
v 35.74453661 32.59340804 -9.60289528
v 36.64764330 33.47891379 -9.88689201
v 35.84880755 34.04905838 -10.27989747
v 36.64764330 33.47891379 -9.88689201
v 36.87105486 33.91102729 -10.07967162
v 35.74453661 32.59340804 -9.60289528
v 36.01639483 32.15855546 -9.50449128
v 36.31055376 32.71091599 -9.49863199
v 36.64764330 33.47891379 -9.88689201
v 37.08071062 31.65364219 -9.14536034
v 38.30564043 32.96164836 -9.82311018
v 36.33666155 27.59692516 -7.58374469
v 36.46177599 28.55534490 -7.99040683
v 35.88641283 28.91516236 -8.26973428
v 36.33666155 27.59692516 -7.58374469
v 37.02274248 28.14183936 -7.91385342
v 36.46177599 28.55534490 -7.99040683
v 28.01282427 23.28610466 -7.10377877
v 29.45377276 22.79229978 -6.80865845
v 36.42148516 31.94181203 -9.25696317
v 36.29347155 30.95750586 -8.97110485
v 37.08071062 31.65364219 -9.14536034
v 32.93492815 31.74984918 -10.01950586
v 33.98100207 31.73955698 -9.47824609
v 32.94744036 32.17620261 -10.23006196
v 32.93492815 31.74984918 -10.01950586
v 33.79286883 32.63961948 -9.89136270
v 32.94744036 32.17620261 -10.23006196
v 33.61353991 32.97119292 -10.13533553
v 34.36669085 33.57917933 -10.41272515
v 35.41286394 33.25694417 -9.97755970
v 35.88641283 28.91516236 -8.26973428
v 35.04973528 29.49664426 -8.42203235
v 34.51660082 28.97184874 -8.35248270
v 37.02274248 28.14183936 -7.91385342
v 37.57411883 29.09562045 -8.09531109
v 36.46177599 28.55534490 -7.99040683
v 36.46177599 28.55534490 -7.99040683
v 37.57411883 29.09562045 -8.09531109
v 35.88641283 28.91516236 -8.26973428
v 33.49380419 33.77707812 -10.86115048
v 33.61353991 32.97119292 -10.13533553
v 34.36669085 33.57917933 -10.41272515
v 37.57411883 29.09562045 -8.09531109
v 36.62966082 30.25740979 -8.57404053
v 35.75544665 29.92178510 -8.58859736
v 34.94732592 26.11354968 -7.20683710
v 36.15711901 26.56569810 -7.26392030
v 33.60005114 27.50335154 -7.87993303
v 35.41602251 25.84390402 -6.98503529
v 36.15711901 26.56569810 -7.26392030
v 34.94732592 26.11354968 -7.20683710
v 34.94732592 26.11354968 -7.20683710
v 33.41985247 26.11987538 -7.33940546
v 33.41985247 26.11987538 -7.33940546
v 33.60005114 27.50335154 -7.87993303
v 31.37045214 25.72567978 -7.58366809
v 33.41985247 26.11987538 -7.33940546
v 31.27334521 24.52795552 -7.05162444
v 33.33118365 24.93225241 -7.00130101
v 31.59987566 23.65577845 -6.75711441
v 32.80007098 23.51135405 -6.53439710
v 31.37045214 25.72567978 -7.58366809
v 29.97316668 25.72995982 -7.91072497
v 29.54408953 24.14420550 -7.42566307
v 33.61353991 32.97119292 -10.13533553
v 33.79286883 32.63961948 -9.89136270
v 34.36669085 33.57917933 -10.41272515
v 34.56986925 32.31763616 -9.74602268
v 35.41286394 33.25694417 -9.97755970
v 33.79286883 32.63961948 -9.89136270
v 32.93492815 31.74984918 -10.01950586
v 34.56986925 32.31763616 -9.74602268
v 32.93492815 31.74984918 -10.01950586
v 32.93740771 31.29114680 -9.63313799
v 33.98100207 31.73955698 -9.47824609
v 33.98100207 31.73955698 -9.47824609
v 34.96330950 32.12454386 -9.46664948
v 37.08071062 31.65364219 -9.14536034
v 36.29347155 30.95750586 -8.97110485
v 32.80007098 23.51135405 -6.53439710
v 31.59987566 23.65577845 -6.75711441
v 31.91520617 22.77785647 -6.25378785
v 31.37045214 25.72567978 -7.58366809
v 31.47762224 27.36504586 -8.01302016
v 30.37053606 27.69043944 -8.57284993
v 37.71590349 27.12834305 -7.34828624
v 36.33666155 27.59692516 -7.58374469
v 36.42148516 31.94181203 -9.25696317
v 36.01639483 32.15855546 -9.50449128
v 35.24754259 31.36249710 -9.14769488
v 28.01282427 23.28610466 -7.10377877
v 28.12625048 22.09866576 -6.69913075
v 29.45377276 22.79229978 -6.80865845
v 36.87105486 33.91102729 -10.07967162
v 36.64764330 33.47891379 -9.88689201
v 38.30564043 32.96164836 -9.82311018
v 26.46149370 23.33998337 -7.55290598
v 26.43482134 22.44935847 -6.94220332
v 28.01282427 23.28610466 -7.10377877
v 27.61656878 24.86014781 -7.84535618
v 28.01282427 23.28610466 -7.10377877
v 29.54408953 24.14420550 -7.42566307
v 36.64764330 33.47891379 -9.88689201
v 36.31055376 32.71091599 -9.49863199
v 37.08071062 31.65364219 -9.14536034
v 36.64764330 33.47891379 -9.88689201
v 36.31055376 32.71091599 -9.49863199
v 35.84880755 34.04905838 -10.27989747
v 35.41286394 33.25694417 -9.97755970
v 36.64764330 33.47891379 -9.88689201
v 32.08218310 30.41388903 -9.29950442
v 33.66239092 30.79887546 -9.16602060
v 32.93740771 31.29114680 -9.63313799
v 33.66239092 30.79887546 -9.16602060
v 33.98100207 31.73955698 -9.47824609
v 34.51233599 30.23793953 -8.85167419
v 35.58619616 31.04419104 -8.96733595
v 34.82119677 30.87392582 -9.11346934
v 33.66239092 30.79887546 -9.16602060
v 34.82119677 30.87392582 -9.11346934
v 35.75544665 29.92178510 -8.58859736
v 36.29347155 30.95750586 -8.97110485
v 35.58619616 31.04419104 -8.96733595
v 34.82119677 30.87392582 -9.11346934
v 35.58619616 31.04419104 -8.96733595
v 35.24754259 31.36249710 -9.14769488
v 34.82119677 30.87392582 -9.11346934
v 35.24754259 31.36249710 -9.14769488
v 34.98810503 31.76664899 -9.33150232
v 35.58619616 31.04419104 -8.96733595
v 36.42148516 31.94181203 -9.25696317
v 36.42148516 31.94181203 -9.25696317
v 35.75544665 29.92178510 -8.58859736
v 29.45377276 22.79229978 -6.80865845
v 31.59987566 23.65577845 -6.75711441
v 31.27334521 24.52795552 -7.05162444
v 29.45377276 22.79229978 -6.80865845
v 31.27334521 24.52795552 -7.05162444
v 29.97316668 25.72995982 -7.91072497
v 29.19383929 26.47552710 -8.14629028
v 26.56365893 26.00615141 -8.60225334
v 26.45395586 25.28302218 -8.38161113
v 27.43702624 25.73906164 -8.20915637
v 26.28049395 27.26371200 -9.47636853
v 26.34377215 26.57560933 -9.16954469
v 28.27503130 26.87551329 -8.63750128
v 25.06342242 29.00309932 -10.66866008
v 26.13030932 28.03905682 -9.65166163
v 27.47750780 28.48966414 -9.52400667
v 29.34391711 27.41563630 -8.43971695
v 26.31519244 29.27600280 -10.40976425
v 25.06342242 29.00309932 -10.66866008
v 27.47750780 28.48966414 -9.52400667
v 27.61879656 30.38170088 -10.61009707
v 26.31519244 29.27600280 -10.40976425
v 27.93894884 30.04284139 -10.18480404
v 27.56751177 32.46122147 -12.05147314
v 28.14758227 32.02343166 -11.35530608
v 28.14758227 32.02343166 -11.35530608
v 28.13265154 31.28601246 -11.08928423
v 28.86787340 32.08233039 -11.10548919
v 26.48796770 31.92537117 -12.14178982
v 27.56751177 32.46122147 -12.05147314
v 32.90210650 28.37576512 -8.23317413
v 33.27107928 29.47252866 -8.71121692
v 32.37575457 29.34786433 -8.85518357
v 32.08218310 30.41388903 -9.29950442
v 31.17521593 29.70560656 -9.31958487
v 32.90210650 28.37576512 -8.23317413
v 32.37575457 29.34786433 -8.85518357
v 31.61592791 28.66684167 -8.91383824
v 31.61592791 28.66684167 -8.91383824
v 31.17521593 29.70560656 -9.31958487
v 30.26962969 28.75319111 -9.19458472
v 30.26962969 28.75319111 -9.19458472
v 30.44621966 29.72780046 -9.38789848
v 29.36361620 29.06440935 -9.34871380
v 30.37053606 27.69043944 -8.57284993
v 30.26962969 28.75319111 -9.19458472
v 29.34391711 27.41563630 -8.43971695
v 23.26666949 25.36322988 -9.15359906
v 24.50202105 24.78849242 -8.59639376
v 24.38705370 25.85341083 -9.24844777
v 22.24069903 26.65013307 -10.30711794
v 23.17214892 26.96804996 -10.18169075
v 23.66707537 28.00145902 -10.54848169
v 21.36555407 25.77088344 -10.65167652
v 22.24255297 25.14798172 -9.43863320
v 22.24069903 26.65013307 -10.30711794
v 19.15075609 24.68986689 -10.72877900
v 19.31565020 23.50551031 -10.05795667
v 20.35372851 25.20031155 -10.59660745
v 22.24255297 25.14798172 -9.43863320
v 23.35535357 26.11271860 -9.82979242
v 19.45171282 22.50324447 -9.51756649
v 21.24726794 22.83842681 -8.60100160
v 20.32784197 23.68567092 -9.54147720
v 21.31178210 24.01907554 -9.03801351
v 22.25633929 22.95395878 -8.25749576
v 22.38370440 24.39496818 -9.03636562
v 23.28802416 29.46618050 -11.76413440
v 23.19898150 28.84104325 -11.31039894
v 23.97566912 29.72300166 -11.77243522
v 20.77101824 28.01977790 -12.10240625
v 20.76199267 28.97366573 -12.73849955
v 18.30840990 27.66623912 -13.75043171
v 20.76199267 28.97366573 -12.73849955
v 20.77101824 28.01977790 -12.10240625
v 22.54874346 29.45723114 -12.26762866
v 25.04593584 23.61239851 -7.73006057
v 26.46149370 23.33998337 -7.55290598
v 26.44128344 24.34729228 -7.89912807
v 19.02444384 26.00134438 -11.75624504
v 20.12832567 26.43377086 -11.60417602
v 18.76857683 26.57373961 -12.37352418
v 20.77101824 28.01977790 -12.10240625
v 18.30840990 27.66623912 -13.75043171
v 23.28802416 29.46618050 -11.76413440
v 23.97566912 29.72300166 -11.77243522
v 25.12916300 19.50712072 -6.33635262
v 23.49705241 18.77706391 -6.61152950
v 24.67434428 18.61169686 -6.15605462
v 24.03468249 31.95014355 -13.74945584
v 24.96646807 32.20340134 -13.48467012
v 25.14554522 32.78023685 -14.24010234
v 20.53010485 26.85518046 -11.66409735
v 22.24069903 26.65013307 -10.30711794
v 23.66707537 28.00145902 -10.54848169
v 26.87381480 19.40827434 -5.97690131
v 24.67434428 18.61169686 -6.15605462
v 26.38474772 18.73537699 -6.01629939
v 23.19898150 28.84104325 -11.31039894
v 25.06342242 29.00309932 -10.66866008
v 25.96477434 30.10742405 -11.21269712
v 25.12916300 19.50712072 -6.33635262
v 22.84816477 18.90075163 -6.75986021
v 18.63785479 32.16992325 -18.32117219
v 18.22087786 30.32751649 -16.19606508
v 18.87204668 31.32164175 -16.84647112
v 18.22087786 30.32751649 -16.19606508
v 18.12366411 29.22173510 -15.15280623
v 18.87204668 31.32164175 -16.84647112
v 25.36814043 27.17283065 -9.52881298
v 26.13030932 28.03905682 -9.65166163
v 25.06342242 29.00309932 -10.66866008
v 25.36814043 27.17283065 -9.52881298
v 26.28049395 27.26371200 -9.47636853
v 26.13030932 28.03905682 -9.65166163
v 19.60769579 29.86590027 -14.35152155
v 20.67763445 29.61525907 -13.43800832
v 21.45581744 30.57455616 -14.01062505
v 23.17214892 26.96804996 -10.18169075
v 24.98719713 26.22654927 -9.16669124
v 25.36814043 27.17283065 -9.52881298
v 21.46588824 32.05564276 -15.57283538
v 21.45581744 30.57455616 -14.01062505
v 22.28136370 31.53892698 -14.18672690
v 18.12366411 29.22173510 -15.15280623
v 18.10729143 28.13592743 -14.37297512
v 19.60769579 29.86590027 -14.35152155
v 20.67763445 29.61525907 -13.43800832
v 23.23204729 30.17249490 -12.79150878
v 21.45581744 30.57455616 -14.01062505
v 21.45581744 30.57455616 -14.01062505
v 23.23204729 30.17249490 -12.79150878
v 23.52621386 31.23659698 -13.33868913
v 22.84783099 34.31332510 -18.01222784
v 22.22325060 34.24848280 -18.46967106
v 21.43345568 33.88557550 -18.16815733
v 21.46588824 32.05564276 -15.57283538
v 22.28136370 31.53892698 -14.18672690
v 24.03468249 31.95014355 -13.74945584
v 23.66707537 28.00145902 -10.54848169
v 23.17214892 26.96804996 -10.18169075
v 25.36814043 27.17283065 -9.52881298
v 25.06342242 29.00309932 -10.66866008
v 23.66707537 28.00145902 -10.54848169
v 25.36814043 27.17283065 -9.52881298
v 19.60769579 29.86590027 -14.35152155
v 18.10729143 28.13592743 -14.37297512
v 20.67763445 29.61525907 -13.43800832
v 26.31519244 29.27600280 -10.40976425
v 23.97566912 29.72300166 -11.77243522
v 23.19898150 28.84104325 -11.31039894
v 25.96477434 30.10742405 -11.21269712
v 26.05256579 34.21226647 -14.54074650
v 25.48458025 34.99527863 -16.33226579
v 24.85335467 33.88045641 -15.28996824
v 25.14554522 32.78023685 -14.24010234
v 24.96646807 32.20340134 -13.48467012
v 25.97513506 33.40943295 -13.91646353
v 23.35535357 26.11271860 -9.82979242
v 24.38705370 25.85341083 -9.24844777
v 24.98719713 26.22654927 -9.16669124
v 21.75685618 19.67292259 -7.09762889
v 22.18616984 19.36114740 -6.99417425
v 22.50664446 21.91503371 -7.66226549
v 24.32464335 20.61718231 -6.64958522
v 22.84816477 18.90075163 -6.75986021
v 25.12916300 19.50712072 -6.33635262
v 19.87198565 21.42417360 -8.40459024
v 21.06469652 21.47146066 -7.96521341
v 19.60939715 22.07408347 -9.07625172
v 22.25633929 22.95395878 -8.25749576
v 22.50664446 21.91503371 -7.66226549
v 23.30824969 23.29295571 -8.01118844
v 19.60939715 22.07408347 -9.07625172
v 21.24726794 22.83842681 -8.60100160
v 19.45171282 22.50324447 -9.51756649
v 24.96646807 32.20340134 -13.48467012
v 24.71752093 31.73135554 -12.91623437
v 25.78938219 32.12096583 -12.90131134
v 23.26666949 25.36322988 -9.15359906
v 23.30824969 23.29295571 -8.01118844
v 24.50202105 24.78849242 -8.59639376
v 22.18616984 19.36114740 -6.99417425
v 24.32464335 20.61718231 -6.64958522
v 23.52621386 31.23659698 -13.33868913
v 23.23204729 30.17249490 -12.79150878
v 24.71752093 31.73135554 -12.91623437
v 21.43345568 33.88557550 -18.16815733
v 22.22325060 34.24848280 -18.46967106
v 21.19833300 33.92533984 -18.58502746
v 17.06624529 30.26388724 -16.77509034
v 17.40082476 29.94563476 -16.25548274
v 17.37827227 30.36752492 -16.89772524
v 17.40082476 29.94563476 -16.25548274
v 18.22087786 30.32751649 -16.19606508
v 17.79912493 30.83246783 -17.00610849
v 17.37827227 30.36752492 -16.89772524
v 17.40082476 29.94563476 -16.25548274
v 17.79912493 30.83246783 -17.00610849
v 21.90672228 32.76773223 -15.98727946
v 23.81442950 34.12818273 -16.40331057
v 22.09907458 33.66858799 -17.56271906
v 22.50664446 21.91503371 -7.66226549
v 23.49435351 21.44050833 -7.19363748
v 21.31178210 24.01907554 -9.03801351
v 21.24726794 22.83842681 -8.60100160
v 19.60939715 22.07408347 -9.07625172
v 21.06469652 21.47146066 -7.96521341
v 21.24726794 22.83842681 -8.60100160
v 21.06469652 21.47146066 -7.96521341
v 21.20137522 20.00496905 -7.44325578
v 22.50664446 21.91503371 -7.66226549
v 19.87198565 21.42417360 -8.40459024
v 21.20137522 20.00496905 -7.44325578
v 20.16249583 20.68193278 -7.91678189
v 21.20137522 20.00496905 -7.44325578
v 17.59299395 29.03713426 -15.21605388
v 17.80990526 28.61635797 -14.77798924
v 18.12366411 29.22173510 -15.15280623
v 21.20137522 20.00496905 -7.44325578
v 21.75685618 19.67292259 -7.09762889
v 22.22325060 34.24848280 -18.46967106
v 22.68211291 34.63133335 -18.68773448
v 22.00521014 34.17279160 -18.70076541
v 23.82117388 33.28534850 -15.27498402
v 23.81442950 34.12818273 -16.40331057
v 21.90672228 32.76773223 -15.98727946
v 23.17214892 26.96804996 -10.18169075
v 23.35535357 26.11271860 -9.82979242
v 17.80990526 28.61635797 -14.77798924
v 18.10729143 28.13592743 -14.37297512
v 18.12366411 29.22173510 -15.15280623
v 23.35535357 26.11271860 -9.82979242
v 23.26666949 25.36322988 -9.15359906
v 24.38705370 25.85341083 -9.24844777
v 20.53010485 26.85518046 -11.66409735
v 21.36555407 25.77088344 -10.65167652
v 22.24069903 26.65013307 -10.30711794
v 19.11511919 25.30079056 -11.32185772
v 19.15075609 24.68986689 -10.72877900
v 20.35372851 25.20031155 -10.59660745
v 20.79206774 32.98817568 -17.67896041
v 19.85472796 33.04358794 -18.57820663
v 19.14567492 32.66549053 -18.56314615
v 22.00521014 34.17279160 -18.70076541
v 21.19833300 33.92533984 -18.58502746
v 23.23204729 30.17249490 -12.79150878
v 22.54874346 29.45723114 -12.26762866
v 23.97566912 29.72300166 -11.77243522
v 24.50202105 24.78849242 -8.59639376
v 25.04593584 23.61239851 -7.73006057
v 23.30824969 23.29295571 -8.01118844
v 23.49435351 21.44050833 -7.19363748
v 21.36555407 25.77088344 -10.65167652
v 21.33167956 24.66881755 -9.75082795
v 22.24255297 25.14798172 -9.43863320
v 17.06624529 30.26388724 -16.77509034
v 17.37827227 30.36752492 -16.89772524
v 17.15940020 30.65783858 -17.24654121
v 17.15940020 30.65783858 -17.24654121
v 17.37827227 30.36752492 -16.89772524
v 17.19803545 30.85421153 -17.46657298
v 17.19803545 30.85421153 -17.46657298
v 17.79912493 30.83246783 -17.00610849
v 18.06205675 31.64209127 -17.98442589
v 17.59299395 29.03713426 -15.21605388
v 17.21320269 29.75019257 -16.19258598
v 17.19803545 30.85421153 -17.46657298
v 17.37827227 30.36752492 -16.89772524
v 17.79912493 30.83246783 -17.00610849
v 23.19898150 28.84104325 -11.31039894
v 23.66707537 28.00145902 -10.54848169
v 25.06342242 29.00309932 -10.66866008
v 20.32784197 23.68567092 -9.54147720
v 21.24726794 22.83842681 -8.60100160
v 21.31178210 24.01907554 -9.03801351
v 22.24255297 25.14798172 -9.43863320
v 22.38370440 24.39496818 -9.03636562
v 79.85389826 23.34484679 -9.49824900
v 83.32275507 22.83729259 -10.44569765
v 82.61420557 24.02564705 -10.62991720
v 81.05216334 24.12146565 -10.15324790
v 77.69177363 22.63207836 -8.75021727
v 79.85389826 23.34484679 -9.49824900
v 78.85295985 24.79980280 -9.79988498
v 77.19413111 24.01728644 -9.04893881
v 81.05216334 24.12146565 -10.15324790
v 82.61420557 24.02564705 -10.62991720
v 81.73513911 25.34247284 -11.08725384
v 80.32887385 25.13475596 -10.69571328
v 76.73738215 31.87930109 -12.00893154
v 78.30542109 31.48301483 -12.07668050
v 77.61196253 32.82838222 -12.33197552
v 76.34330103 33.15873525 -12.28423082
v 80.23308680 6.98407808 -6.06153979
v 80.81817744 8.34741271 -6.26793039
v 79.39072535 8.04984349 -5.89123662
v 79.21308253 7.08824988 -5.78729359
v 80.81817744 8.34741271 -6.26793039
v 80.93966028 8.97334347 -6.42479085
v 79.49640009 9.07921665 -5.96420432
v 79.39072535 8.04984349 -5.89123662
v 79.39072535 8.04984349 -5.89123662
v 79.49640009 9.07921665 -5.96420432
v 78.07456324 9.42356948 -5.32306057
v 78.08008692 8.58519058 -5.27914564
v 80.93966028 8.97334347 -6.42479085
v 81.05624506 9.59427697 -6.57731780
v 79.60356257 9.84022589 -5.81416477
v 79.49640009 9.07921665 -5.96420432
v 83.89513514 17.20504783 -8.54605378
v 84.04898951 16.83279446 -8.25860866
v 84.64772913 17.29769158 -8.46664706
v 84.74569819 17.69794865 -8.71025369
v 81.20188257 10.23013360 -6.56312723
v 81.32843897 10.85617119 -6.65846425
v 79.98344538 11.26746429 -6.19679439
v 79.60356257 9.84022589 -5.81416477
v 82.94840357 14.54504433 -7.59379810
v 83.50751612 15.39225801 -7.95582827
v 82.46791956 16.43277774 -7.88763691
v 82.36077235 13.51151322 -7.07934786
v 82.56726954 13.98489423 -7.26573405
v 80.67624781 14.34693200 -6.61393967
v 81.48819849 11.49221094 -6.55372802
v 81.68974421 11.97639517 -6.78009224
v 81.65755579 15.00889631 -7.27203609
v 82.56726954 13.98489423 -7.26573405
v 82.94840357 14.54504433 -7.59379810
v 82.25666926 15.46884957 -7.52244815
v 81.92172358 12.49633077 -6.83125504
v 82.12326929 12.98465012 -7.06694238
v 80.45227167 13.50676783 -6.49193026
v 78.75458643 12.64833899 -5.78674518
v 82.46791956 16.43277774 -7.88763691
v 83.50751612 15.39225801 -7.95582827
v 84.16169092 16.38105802 -8.20437885
v 84.04898951 16.83279446 -8.25860866
v 84.04898951 16.83279446 -8.25860866
v 84.16169092 16.38105802 -8.20437885
v 84.55674860 16.96090722 -8.49643216
v 84.64772913 17.29769158 -8.46664706
v 81.68974421 11.97639517 -6.78009224
v 81.92172358 12.49633077 -6.83125504
v 78.75458643 12.64833899 -5.78674518
v 80.08754847 12.15705932 -6.22845653
v 82.36179468 18.21833452 -7.92648608
v 81.35316584 18.21726837 -7.61288745
v 80.49569056 19.13943325 -7.84653017
v 80.37549708 19.82127983 -8.04605421
v 82.46791956 16.43277774 -7.88763691
v 84.04898951 16.83279446 -8.25860866
v 83.89513514 17.20504783 -8.54605378
v 79.53205988 16.24292043 -6.79596207
v 81.31356165 16.47506757 -7.25625874
v 79.01733515 18.37423557 -7.39244375
v 78.32785151 17.34585525 -6.93335239
v 77.39491389 16.49920705 -6.78361776
v 79.53205988 16.24292043 -6.79596207
v 78.32785151 17.34585525 -6.93335239
v 76.08606837 18.04143384 -6.79745773
v 77.77205012 14.45555179 -5.99189989
v 76.88533900 14.42280647 -5.74077074
v 76.86802027 13.76763222 -5.71293860
v 78.75458643 12.64833899 -5.78674518
v 80.67624781 14.34693200 -6.61393967
v 79.53205988 16.24292043 -6.79596207
v 78.10741541 15.62907468 -6.33810675
v 80.67624781 14.34693200 -6.61393967
v 82.56726954 13.98489423 -7.26573405
v 81.65755579 15.00889631 -7.27203609
v 79.53205988 16.24292043 -6.79596207
v 79.98106501 6.41565005 -6.04766946
v 80.23308680 6.98407808 -6.06153979
v 78.99655268 6.39997929 -5.93408303
v 78.26119349 5.57401346 -5.62863246
v 65.92482874 52.49506257 -17.38707821
v 65.27721522 53.19754665 -17.69454292
v 65.29972193 52.42455930 -17.57500544
v 66.15442774 51.67508578 -17.25490645
v 63.35275385 50.05994696 -16.10170794
v 63.91075251 51.52770123 -16.68813396
v 62.34685633 52.15412215 -16.99681937
v 61.83516810 51.04011236 -16.63980930
v 63.75077936 53.73834099 -17.85692705
v 61.30710718 53.59647429 -17.94522963
v 61.41777155 52.39674451 -17.13214961
v 62.34685633 52.15412215 -16.99681937
v 62.34685633 52.15412215 -16.99681937
v 61.41777155 52.39674451 -17.13214961
v 60.76473353 51.84286956 -17.00043565
v 61.83516810 51.04011236 -16.63980930
v 61.83516810 51.04011236 -16.63980930
v 60.76473353 51.84286956 -17.00043565
v 60.01950953 50.91086654 -17.01419892
v 61.80825922 50.13126080 -16.22240497
v 61.60038111 54.61269051 -18.33493927
v 60.41608546 54.92617846 -18.67189916
v 60.32485316 54.11164910 -18.31400413
v 61.30710718 53.59647429 -17.94522963
v 62.99035761 55.06174328 -18.55887733
v 61.30710718 53.59647429 -17.94522963
v 63.75077936 53.73834099 -17.85692705
v 63.91652796 54.68105942 -18.36672334
v 65.27721522 53.19754665 -17.69454292
v 64.34150812 54.23879109 -18.07875940
v 65.29972193 52.42455930 -17.57500544
v 64.88572809 51.89932131 -17.31090624
v 63.91075251 51.52770123 -16.68813396
v 62.99035761 55.06174328 -18.55887733
v 61.17558405 55.69259681 -19.31995532
v 60.41608546 54.92617846 -18.67189916
v 61.60038111 54.61269051 -18.33493927
v 63.35275385 50.05994696 -16.10170794
v 63.04463312 49.24389838 -15.84941899
v 64.62055323 48.89684105 -15.79915648
v 64.50547144 49.82997028 -16.27889296
v 64.62055323 48.89684105 -15.79915648
v 65.68550989 49.07188220 -16.07393678
v 63.04463312 49.24389838 -15.84941899
v 61.16993830 48.29264642 -15.71579762
v 61.83952448 47.50870332 -15.26261146
v 64.62055323 48.89684105 -15.79915648
v 63.04463312 49.24389838 -15.84941899
v 63.63630030 46.71420112 -14.89933008
v 64.66343806 47.26142703 -15.14846041
v 67.01399348 47.59216502 -15.62722023
v 66.91105006 48.33960529 -16.03055593
v 64.62055323 48.89684105 -15.79915648
v 64.66343806 47.26142703 -15.14846041
v 63.57053492 45.88896387 -14.70925121
v 63.63630030 46.71420112 -14.89933008
v 62.34821436 46.58215153 -15.03493491
v 62.68924830 44.90980745 -14.28780329
v 64.77780268 46.01674476 -14.90828687
v 64.66343806 47.26142703 -15.14846041
v 63.63630030 46.71420112 -14.89933008
v 63.57053492 45.88896387 -14.70925121
v 68.83393214 39.99816747 -13.09906653
v 69.65335963 41.83459978 -14.03656683
v 68.64293024 41.70768579 -13.83016117
v 68.35067866 39.03370528 -12.55434286
v 63.40088770 38.33944575 -11.85068369
v 63.95766566 39.87290817 -12.49393345
v 62.71197626 39.67878587 -12.41490815
v 62.99761317 38.24709194 -11.82272958
v 67.25523493 40.38471841 -12.89949689
v 67.55062983 41.68306578 -13.50389774
v 66.37667200 41.44691318 -13.25768188
v 64.98593256 40.65619514 -12.97690477
v 68.35067866 39.03370528 -12.55434286
v 68.64293024 41.70768579 -13.83016117
v 67.55062983 41.68306578 -13.50389774
v 67.25523493 40.38471841 -12.89949689
v 67.55062983 41.68306578 -13.50389774
v 68.64293024 41.70768579 -13.83016117
v 66.37667200 41.44691318 -13.25768188
v 65.38070032 42.59801330 -13.48146747
v 64.98593256 40.65619514 -12.97690477
v 60.04374049 43.22501219 -13.54920133
v 60.35086176 49.04147146 -15.88417848
v 60.51080439 47.97518353 -15.52631392
v 61.16993830 48.29264642 -15.71579762
v 61.00650141 49.62498562 -16.23169749
v 60.51080439 47.97518353 -15.52631392
v 59.36003992 46.42285360 -14.97595967
v 60.95116541 45.77485867 -14.60697152
v 65.58684656 36.91422147 -11.71343065
v 65.90424464 37.94096247 -11.86949771
v 64.84266016 37.95723595 -12.01816410
v 64.21798823 36.94477002 -11.86083056
v 64.77780268 46.01674476 -14.90828687
v 63.57053492 45.88896387 -14.70925121
v 62.68924830 44.90980745 -14.28780329
v 65.47806666 45.21070309 -14.60425537
v 66.07347224 46.23306478 -14.97431169
v 64.77780268 46.01674476 -14.90828687
v 64.20319483 44.59362628 -14.21854360
v 64.05495570 42.38872378 -13.27980728
v 64.97345087 44.26786643 -13.96529342
v 63.54367945 43.19648967 -13.73906644
v 73.46272394 36.80248068 -12.97575974
v 73.51561091 38.18389645 -13.40627144
v 72.23624537 37.93487404 -12.96460575
v 71.70868799 36.85978514 -12.45763230
v 62.79338190 42.19051211 -13.29909435
v 62.33523676 43.61205132 -13.89003697
v 60.83417628 43.28764188 -13.58852324
v 61.46472285 42.35049290 -13.19213027
v 62.39509699 41.15172430 -13.07269953
v 62.79338190 42.19051211 -13.29909435
v 61.46472285 42.35049290 -13.19213027
v 60.68496821 41.49754186 -13.09868531
v 65.38070032 42.59801330 -13.48146747
v 66.22152827 44.27282166 -14.31615402
v 64.97345087 44.26786643 -13.96529342
v 64.05495570 42.38872378 -13.27980728
v 66.22152827 44.27282166 -14.31615402
v 66.87012598 44.98422063 -15.02603878
v 65.47806666 45.21070309 -14.60425537
v 64.97345087 44.26786643 -13.96529342
v 73.14187739 34.57220282 -12.01398264
v 74.09759638 35.28243070 -12.52110861
v 72.20743677 34.79775077 -11.75108900
v 67.18351862 46.32777221 -15.34801471
v 66.07347224 46.23306478 -14.97431169
v 65.47806666 45.21070309 -14.60425537
v 62.38021204 36.27190329 -11.32970252
v 62.66320154 37.22847673 -11.59424430
v 61.85506556 37.91266508 -11.66022342
v 61.47637293 36.01677639 -10.98413668
v 72.20743677 34.79775077 -11.75108900
v 72.64642451 35.91879091 -12.25313386
v 71.70868799 36.85978514 -12.45763230
v 70.37411616 34.60878608 -11.52243601
v 68.19648096 36.25412626 -11.69891944
v 68.32592890 37.13320793 -12.06830435
v 66.97619746 36.91213098 -11.94553209
v 66.95690272 36.01699706 -11.63884555
v 69.40199396 36.40186179 -12.07620828
v 69.63290522 37.41200124 -12.18782649
v 68.32592890 37.13320793 -12.06830435
v 68.19648096 36.25412626 -11.69891944
v 70.63592646 36.63473379 -12.14755841
v 71.70868799 36.85978514 -12.45763230
v 69.63290522 37.41200124 -12.18782649
v 69.40199396 36.40186179 -12.07620828
v 68.03208277 35.27725096 -11.67888449
v 68.19648096 36.25412626 -11.69891944
v 66.95690272 36.01699706 -11.63884555
v 66.36308405 35.42496373 -11.27037621
v 64.21798823 36.94477002 -11.86083056
v 63.40088770 38.33944575 -11.85068369
v 62.66320154 37.22847673 -11.59424430
v 66.70986292 37.86398183 -12.18265383
v 67.17839930 38.83863694 -12.43164691
v 66.27219507 38.77706772 -12.48087175
v 65.90424464 37.94096247 -11.86949771
v 67.17839930 38.83863694 -12.43164691
v 67.25523493 40.38471841 -12.89949689
v 66.27219507 38.77706772 -12.48087175
v 64.84266016 37.95723595 -12.01816410
v 65.72575495 39.57823039 -12.80184051
v 64.76487086 39.64742143 -12.41612885
v 64.76487086 39.64742143 -12.41612885
v 63.95766566 39.87290817 -12.49393345
v 63.40088770 38.33944575 -11.85068369
v 66.70986292 37.86398183 -12.18265383
v 71.89183161 38.54690402 -13.27966932
v 68.86792872 38.02043779 -12.38252873
v 69.63290522 37.41200124 -12.18782649
v 68.86792872 38.02043779 -12.38252873
v 69.02544520 38.89731460 -12.51317463
v 68.35067866 39.03370528 -12.55434286
v 66.97619746 36.91213098 -11.94553209
v 70.11753199 38.86739205 -12.94057330
v 70.09454462 39.63293306 -13.37190888
v 68.83393214 39.99816747 -13.09906653
v 69.02544520 38.89731460 -12.51317463
v 71.57704279 39.95906672 -13.77913549
v 70.84788630 40.02125390 -13.83746985
v 71.32909510 39.61977231 -13.63703034
v 62.71197626 39.67878587 -12.41490815
v 61.23709223 40.62457137 -12.58983507
v 61.60123560 39.21058524 -12.12093225
v 61.00650141 49.62498562 -16.23169749
v 61.80825922 50.13126080 -16.22240497
v 60.01950953 50.91086654 -17.01419892
v 61.85506556 37.91266508 -11.66022342
v 62.15808985 38.84580100 -12.12311419
v 61.60123560 39.21058524 -12.12093225
v 60.63357661 38.15105316 -11.58949897
v 69.40199396 36.40186179 -12.07620828
v 68.19648096 36.25412626 -11.69891944
v 68.03208277 35.27725096 -11.67888449
v 66.87751887 33.67088207 -10.88356562
v 63.76642725 41.41435859 -12.98122313
v 64.05495570 42.38872378 -13.27980728
v 62.79338190 42.19051211 -13.29909435
v 62.39509699 41.15172430 -13.07269953
v 74.64755366 36.83563032 -13.44049668
v 73.51561091 38.18389645 -13.40627144
v 73.46272394 36.80248068 -12.97575974
v 66.87751887 33.67088207 -10.88356562
v 66.36308405 35.42496373 -11.27037621
v 64.90052912 35.35289675 -11.04985618
v 65.29735682 34.29583648 -10.84084111
v 65.40828821 36.10047791 -11.50679600
v 65.58684656 36.91422147 -11.71343065
v 64.21798823 36.94477002 -11.86083056
v 64.02691004 36.19716570 -11.54257787
v 64.02691004 36.19716570 -11.54257787
v 64.21798823 36.94477002 -11.86083056
v 62.66320154 37.22847673 -11.59424430
v 66.95690272 36.01699706 -11.63884555
v 66.97619746 36.91213098 -11.94553209
v 65.58684656 36.91422147 -11.71343065
v 66.36308405 35.42496373 -11.27037621
v 55.38354609 51.35661384 -17.48111794
v 55.17155573 52.29751645 -18.05048455
v 54.70267603 51.95906890 -17.96576770
v 55.88468287 52.93844662 -18.09764957
v 56.44992945 53.41973172 -18.09749706
v 55.78391382 53.83714347 -18.39019122
v 55.23220942 53.72283987 -18.46422685
v 55.51009486 52.61299193 -17.98828978
v 55.23220942 53.72283987 -18.46422685
v 55.17155573 52.29751645 -18.05048455
v 58.79952357 50.32762988 -16.75408225
v 59.12611506 50.96142656 -16.84384981
v 58.92588923 51.68239665 -17.25727156
v 57.89389155 50.56369096 -16.88745937
v 57.89389155 50.56369096 -16.88745937
v 58.92588923 51.68239665 -17.25727156
v 57.86802027 51.97904275 -17.34041675
v 51.37084887 51.53734644 -18.20768047
v 50.64791033 51.00862176 -18.29349581
v 50.78003619 50.67330607 -18.21175443
v 51.85590288 50.71071684 -17.97718107
v 59.04633448 54.45969064 -18.29073454
v 57.66310999 52.88905396 -17.82668399
v 58.82781336 52.66355201 -17.48041625
v 58.82781336 52.66355201 -17.48041625
v 58.92588923 51.68239665 -17.25727156
v 60.01950953 50.91086654 -17.01419892
v 51.21944353 50.40666642 -17.81717736
v 50.78003619 50.67330607 -18.21175443
v 50.28234026 50.04911860 -18.20162249
v 51.04854510 49.94157473 -17.74982499
v 57.43073389 56.28775056 -19.66591794
v 55.70397303 56.71257043 -20.15599980
v 56.40663264 55.71428336 -19.33875415
v 57.38880274 53.95815331 -18.32660787
v 56.39306757 54.74134106 -19.02448397
v 55.78391382 53.83714347 -18.39019122
v 56.44992945 53.41973172 -18.09749706
v 54.07839320 57.24749392 -20.54302381
v 53.78868983 56.58839437 -20.38218081
v 55.70397303 56.71257043 -20.15599980
v 55.13160059 57.23169346 -20.42827771
v 57.91671870 55.21118588 -19.04935587
v 57.15031550 55.49906200 -19.10961288
v 56.39306757 54.74134106 -19.02448397
v 57.38880274 53.95815331 -18.32660787
v 58.20108912 55.92379033 -19.47748709
v 57.43073389 56.28775056 -19.66591794
v 57.15031550 55.49906200 -19.10961288
v 57.91671870 55.21118588 -19.04935587
v 58.97828028 55.77595559 -19.21045826
v 58.20108912 55.92379033 -19.47748709
v 57.91671870 55.21118588 -19.04935587
v 58.57755396 54.91872457 -18.52744421
v 52.53749010 56.84817136 -20.84218756
v 51.93879626 56.46231854 -20.88172302
v 51.97953722 55.94214648 -20.55634452
v 54.00566981 56.21454646 -20.06627804
v 53.32601282 56.52855703 -20.37760316
v 53.24096796 55.49388154 -19.68283981
v 54.06338618 55.42406117 -19.47565596
v 55.50379298 55.39410439 -19.26812116
v 54.00566981 56.21454646 -20.06627804
v 54.06338618 55.42406117 -19.47565596
v 55.70397303 56.71257043 -20.15599980
v 53.78868983 56.58839437 -20.38218081
v 54.91587183 56.17055161 -19.73442988
v 55.23220942 53.72283987 -18.46422685
v 55.78391382 53.83714347 -18.39019122
v 54.75194666 54.65498017 -18.76567964
v 54.21793482 53.93679096 -18.60404317
v 53.12373469 55.03723942 -19.53608070
v 51.97953722 55.94214648 -20.55634452
v 52.29661486 55.09932738 -19.81621682
v 52.98519060 54.67188302 -19.25711946
v 51.64294359 54.42684208 -19.54387784
v 51.58800432 53.66051518 -19.46273148
v 52.19913409 53.42289777 -19.00754650
v 60.41608546 54.92617846 -18.67189916
v 58.97828028 55.77595559 -19.21045826
v 59.04633448 54.45969064 -18.29073454
v 53.66599390 54.32143445 -19.02321742
v 53.49526331 53.87521786 -19.01783100
v 52.19913409 53.42289777 -19.00754650
v 51.58800432 53.66051518 -19.46273148
v 51.48774645 53.32722128 -19.40372568
v 51.88918230 53.16525690 -19.16291145
v 51.34545061 52.29695937 -18.86232842
v 51.37084887 51.53734644 -18.20768047
v 52.15734789 51.77551323 -18.31995468
v 53.59461329 53.18132832 -18.57982735
v 54.05095789 52.67976434 -18.29670043
v 54.32142756 52.99870357 -18.18050481
v 54.02744410 53.48210957 -18.57781323
v 52.35924456 52.44875385 -18.59067623
v 52.72791216 51.88691002 -18.35241014
v 53.20752833 52.13480431 -18.35759817
v 52.81948015 52.58992437 -18.46515745
v 56.99426386 56.89227320 -20.10775153
v 55.96438715 57.08770774 -20.26102610
v 55.70397303 56.71257043 -20.15599980
v 57.43073389 56.28775056 -19.66591794
v 56.99426386 56.89227320 -20.10775153
v 57.43073389 56.28775056 -19.66591794
v 58.20108912 55.92379033 -19.47748709
v 59.32017634 56.50103793 -19.61580811
v 53.66599390 54.32143445 -19.02321742
v 52.98519060 54.67188302 -19.25711946
v 52.23202441 54.23689309 -19.25074121
v 53.49526331 53.87521786 -19.01783100
v 52.35924456 52.44875385 -18.59067623
v 52.29190752 52.82052659 -18.74959657
v 51.84255907 52.59908340 -18.87561888
v 52.17742083 52.15730336 -18.55849539
v 60.23888514 56.11535681 -19.42405085
v 59.32017634 56.50103793 -19.61580811
v 58.97828028 55.77595559 -19.21045826
v 60.41608546 54.92617846 -18.67189916
v 48.97976610 53.41983064 -19.66877087
v 48.07784960 53.75008416 -20.16265215
v 48.22583697 53.24404171 -19.99800973
v 48.76707384 53.11276658 -19.67882636
v 48.08428118 54.51781477 -20.83753325
v 47.48596880 54.56064614 -21.09908416
v 47.06350634 54.19692240 -21.00342675
v 48.12393877 54.11184713 -20.38489647
v 48.07784960 53.75008416 -20.16265215
v 47.06350634 54.19692240 -21.00342675
v 46.58866808 53.68595903 -20.57972062
v 47.21211932 53.48684716 -20.15837964
v 48.23512957 52.66062199 -19.48317809
v 47.59641955 52.77507429 -19.89688966
v 47.85025713 52.27238500 -19.44963921
v 48.63941119 52.36404838 -19.35373773
v 50.67320177 54.10235626 -19.75936241
v 50.40280840 53.57605014 -19.54900466
v 50.92613146 52.90236703 -19.24462222
v 46.81482622 52.97119929 -20.04398442
v 45.72027514 53.11787434 -20.44207099
v 45.84725878 52.46572138 -20.11969844
v 46.42209551 52.35800582 -19.83582392
v 44.90537188 54.24709702 -21.58008692
v 43.74449084 54.00151821 -21.88605612
v 43.89825365 53.84510038 -21.78475299
v 44.99198839 53.82644661 -21.16104998
v 49.81241534 53.46511110 -19.66710767
v 48.97976610 53.41983064 -19.66877087
v 49.90830920 52.85830727 -19.29174136
v 46.58866808 53.68595903 -20.57972062
v 45.72027514 53.11787434 -20.44207099
v 47.21211932 53.48684716 -20.15837964
v 45.77181170 55.48859781 -21.99959701
v 46.01586840 55.02812956 -21.74327979
v 47.68444750 50.79718828 -18.73851836
v 47.03130266 51.10898633 -18.99471348
v 46.84439013 50.05872775 -18.66655779
v 47.41230700 49.76741463 -18.32601209
v 50.67320177 54.10235626 -19.75936241
v 51.14718554 54.14888416 -19.55640526
v 47.59641955 52.77507429 -19.89688966
v 46.81482622 52.97119929 -20.04398442
v 47.11435625 52.55710633 -19.70867246
v 47.85025713 52.27238500 -19.44963921
v 47.53919146 53.22238187 -19.94843392
v 47.21211932 53.48684716 -20.15837964
v 47.59641955 52.77507429 -19.89688966
v 44.40644762 55.08467473 -22.27291237
v 43.91236803 54.92666233 -22.32221349
v 43.74449084 54.00151821 -21.88605612
v 44.90537188 54.24709702 -21.58008692
v 47.11435625 52.55710633 -19.70867246
v 46.42209551 52.35800582 -19.83582392
v 46.26148913 51.93753848 -19.56896289
v 47.25465319 51.69480933 -19.38192061
v 46.26148913 51.93753848 -19.56896289
v 45.13344500 52.39700725 -20.01773921
v 44.80935595 52.00052670 -19.98476490
v 45.44325945 51.16244542 -19.47312230
v 49.84451983 55.04202290 -20.40805946
v 48.70875475 55.48253638 -21.25145858
v 49.81605456 54.53070856 -20.14505889
v 44.99156878 55.29579154 -22.14487591
v 44.60706255 55.18755331 -22.19963968
v 45.89742968 54.69325257 -21.59189729
v 46.01586840 55.02812956 -21.74327979
v 48.70875475 55.48253638 -21.25145858
v 47.87821886 55.88372801 -21.71808767
v 47.74825976 55.42919163 -21.37992232
v 48.53731463 55.17471325 -20.93755472
v 49.25216601 53.76268416 -19.85436357
v 48.12393877 54.11184713 -20.38489647
v 48.07784960 53.75008416 -20.16265215
v 48.97976610 53.41983064 -19.66877087
v 47.25465319 51.69480933 -19.38192061
v 46.26148913 51.93753848 -19.56896289
v 46.32734606 51.49744836 -19.25150371
v 47.03130266 51.10898633 -18.99471348
v 48.55787585 54.43445983 -20.75274015
v 48.08428118 54.51781477 -20.83753325
v 49.25216601 53.76268416 -19.85436357
v 49.88117144 51.33046770 -18.68993447
v 49.26148913 51.71967362 -18.77999190
v 48.64016650 50.69612935 -18.52877103
v 49.31477282 50.35020498 -18.49031883
v 47.03130266 51.10898633 -18.99471348
v 46.28166125 50.51870391 -18.90343531
v 46.84439013 50.05872775 -18.66655779
v 46.34754870 50.89340248 -19.29673066
v 45.44325945 51.16244542 -19.47312230
v 45.71477434 50.71944468 -19.12648832
v 46.28166125 50.51870391 -18.90343531
v 49.26148913 51.71967362 -18.77999190
v 48.46842119 51.90771146 -18.98058397
v 47.68444750 50.79718828 -18.73851836
v 48.64016650 50.69612935 -18.52877103
v 50.73212359 51.59549763 -18.55307843
v 49.88117144 51.33046770 -18.68993447
v 49.77635119 50.72419027 -18.51789152
v 50.64791033 51.00862176 -18.29349581
v 50.40280840 53.57605014 -19.54900466
v 49.79657671 54.02430756 -19.72640341
v 49.81241534 53.46511110 -19.66710767
v 50.27768633 53.20756951 -19.27748970
v 44.45087359 52.88153090 -20.79079531
v 43.86442492 53.24076848 -21.31180673
v 44.80935595 52.00052670 -19.98476490
v 48.76707384 53.11276658 -19.67882636
v 48.22583697 53.24404171 -19.99800973
v 48.23512957 52.66062199 -19.48317809
v 48.98382494 52.83060110 -19.43024538
v 49.86443255 51.80524488 -18.94872361
v 49.24648211 52.07508893 -18.97712026
v 49.26148913 51.71967362 -18.77999190
v 49.88117144 51.33046770 -18.68993447
v 46.96542284 55.14258577 -21.54970682
v 45.77181170 55.48859781 -21.99959701
v 47.48596880 54.56064614 -21.09908416
v 49.90830920 52.85830727 -19.29174136
v 48.76707384 53.11276658 -19.67882636
v 48.98382494 52.83060110 -19.43024538
v 49.89798662 52.24456448 -19.02303398
v 43.89825365 53.84510038 -21.78475299
v 43.86442492 53.24076848 -21.31180673
v 44.45087359 52.88153090 -20.79079531
v 43.89825365 53.84510038 -21.78475299
v 43.08655474 53.61741637 -21.68523513
v 43.86442492 53.24076848 -21.31180673
v 50.68830797 55.98552716 -20.87111809
v 51.09735796 56.89705666 -21.11231391
v 50.66483996 56.79994210 -21.09678045
v 50.12091753 56.08966839 -20.94838861
v 51.93879626 56.46231854 -20.88172302
v 51.09735796 56.89705666 -21.11231391
v 50.68830797 55.98552716 -20.87111809
v 51.97953722 55.94214648 -20.55634452
v 43.96725390 51.10240968 -19.66750401
v 42.95232317 51.43176296 -20.03189920
v 43.16247484 50.60488924 -19.61284695
v 43.40611956 49.99770778 -19.09079790
v 52.05310747 43.13916713 -13.97359402
v 51.97771380 41.64722387 -13.35187442
v 53.22252772 41.53539986 -13.16994386
v 53.32763789 42.09762516 -13.45227732
v 50.28923724 44.03119200 -14.69177959
v 49.96417925 42.03871095 -13.62389291
v 51.21748278 41.79771367 -13.35761175
v 51.35177538 43.74160692 -14.48068946
v 53.32763789 42.09762516 -13.45227732
v 54.03309748 41.30441999 -12.84947873
v 54.79160425 41.75438639 -13.07063969
v 44.03072283 40.93696633 -13.37546439
v 45.24248431 39.69033864 -12.67688630
v 45.30553362 40.42232557 -13.12601362
v 58.82317469 36.69985133 -11.02087996
v 58.05014155 36.69163448 -10.98363325
v 59.38815424 35.73802123 -10.81165129
v 59.54451868 36.65173276 -10.89296552
v 53.26644251 35.71930684 -10.57698637
v 53.79408381 34.60044855 -10.30441843
v 54.59836695 34.76554104 -10.17645826
v 54.81453821 36.50753769 -10.86174602
v 54.81453821 36.50753769 -10.86174602
v 54.59836695 34.76554104 -10.17645826
v 55.55398676 33.89607994 -9.68343138
v 55.55301020 35.49690240 -10.32837488
v 53.65423701 43.64227224 -14.25286046
v 52.50031206 43.83973618 -14.57630104
v 52.05310747 43.13916713 -13.97359402
v 52.96102831 43.07936414 -13.82195216
v 55.69631312 44.25741506 -14.27407028
v 55.80789301 43.36390236 -14.15485321
v 57.06444666 43.20238333 -13.99208768
v 57.39349482 44.15673280 -14.29932356
v 57.06444666 43.20238333 -13.99208768
v 55.80789301 43.36390236 -14.15485321
v 55.70902369 42.22411290 -13.40439526
v 56.99042628 42.56111750 -13.78971026
v 55.11013911 43.52693873 -14.01209201
v 55.04298518 42.69544923 -13.61405110
v 55.70902369 42.22411290 -13.40439526
v 53.65423701 43.64227224 -14.25286046
v 53.64642451 42.85539943 -13.96469810
v 55.04298518 42.69544923 -13.61405110
v 55.04298518 42.69544923 -13.61405110
v 53.32763789 42.09762516 -13.45227732
v 54.79160425 41.75438639 -13.07063969
v 58.26598475 45.22002241 -14.50885742
v 59.22060511 43.50657112 -13.92851962
v 58.37456629 42.97143398 -13.69068078
v 57.98783991 41.69740147 -13.18282230
v 59.60514185 41.88945623 -13.09178840
v 59.99319575 42.39254611 -13.25936050
v 57.39349482 44.15673280 -14.29932356
v 57.06444666 43.20238333 -13.99208768
v 57.87606165 43.31297908 -13.74872527
v 58.25205347 44.42651964 -14.26055102
v 57.06444666 43.20238333 -13.99208768
v 56.99042628 42.56111750 -13.78971026
v 58.80346796 48.65994068 -16.02599360
v 58.57483790 47.73162648 -15.94577800
v 59.74585841 48.10994912 -15.73343675
v 60.35086176 49.04147146 -15.88417848
v 58.11287043 46.98888210 -15.54503630
v 59.36003992 46.42285360 -14.97595967
v 58.26598475 45.22002241 -14.50885742
v 59.27028773 45.57551020 -14.69939398
v 56.85063288 48.21590608 -16.16956348
v 58.57483790 47.73162648 -15.94577800
v 58.03920100 48.38515656 -16.23712942
v 56.98034022 47.07144740 -15.58177948
v 58.57483790 47.73162648 -15.94577800
v 58.78213618 49.38702286 -16.44583930
v 58.80346796 48.65994068 -16.02599360
v 60.35086176 49.04147146 -15.88417848
v 59.69478724 50.05193029 -16.61585284
v 57.96064112 49.21436111 -16.28693424
v 58.03920100 48.38515656 -16.23712942
v 58.80346796 48.65994068 -16.02599360
v 58.78213618 49.38702286 -16.44583930
v 57.15116236 49.10809891 -16.24617800
v 56.85063288 48.21590608 -16.16956348
v 57.96064112 49.21436111 -16.28693424
v 56.16420862 46.74285417 -15.43311304
v 54.95050928 46.39561751 -15.62583149
v 55.15769312 45.77685462 -15.13048532
v 56.08661768 45.73379817 -14.87787606
v 45.04434130 47.06602741 -17.17192840
v 43.79922411 47.48025487 -17.37895972
v 43.35095141 46.63663462 -17.07457726
v 44.80902026 46.53038674 -16.91353598
v 55.20884058 47.35451790 -16.01398472
v 53.98330042 47.03243923 -15.77288054
v 54.08917353 45.94009309 -15.45874767
v 54.95050928 46.39561751 -15.62583149
v 55.94782374 48.83203016 -16.59082822
v 55.81684992 48.29522983 -16.29015370
v 56.85063288 48.21590608 -16.16956348
v 52.85190508 46.54125116 -15.91811362
v 52.03849718 46.51797391 -15.70597067
v 51.92110369 46.36242582 -15.68102252
v 53.24144862 45.86130433 -15.51512889
v 54.21000025 48.92644388 -16.85105163
v 52.81548235 47.32499593 -16.15898899
v 54.05247614 48.23653304 -16.54767627
v 49.03293536 47.79228857 -17.08879864
v 48.99783251 47.02670559 -16.73880767
v 49.68110583 48.69866824 -17.23932674
v 48.62840960 49.07873028 -17.66420778
v 48.54641650 48.28454467 -17.49112721
v 49.03293536 47.79228857 -17.08879864
v 48.54641650 48.28454467 -17.49112721
v 47.17098925 48.32552217 -17.32080861
v 47.16998980 47.54147224 -16.97428138
v 49.03293536 47.79228857 -17.08879864
v 49.03293536 47.79228857 -17.08879864
v 47.16998980 47.54147224 -16.97428138
v 48.99783251 47.02670559 -16.73880767
v 49.38603899 49.63346539 -18.12238353
v 48.68578265 49.56190360 -17.94611399
v 48.62840960 49.07873028 -17.66420778
v 49.68110583 48.69866824 -17.23932674
v 51.19333575 44.65148464 -14.86290701
v 49.41348955 44.86570652 -15.28203546
v 49.78722307 43.85237806 -14.71683449
v 50.28923724 44.03119200 -14.69177959
v 49.78722307 43.85237806 -14.71683449
v 48.72376940 43.90836258 -14.61128946
v 48.65647051 42.78412943 -14.01785971
v 49.49139330 42.77010657 -14.22629477
v 49.40618822 45.73541166 -15.66536690
v 48.68155596 45.76008127 -15.91017892
v 48.45649645 45.04661847 -15.71376767
v 49.41348955 44.86570652 -15.28203546
v 49.48956988 41.76390018 -13.46097478
v 48.60503313 40.87194010 -13.08821767
v 49.56570360 39.86209828 -12.46216465
v 49.96417925 42.03871095 -13.62389291
v 49.38249895 38.77259031 -11.94092424
v 49.27692339 38.05692263 -11.65424200
v 50.17861101 37.92210358 -11.76793521
v 50.71665118 38.41689269 -11.87828685
v 48.49383471 37.85272954 -11.49161379
v 47.94737170 37.01168852 -11.06918934
v 49.28391955 35.66894568 -10.61774258
v 49.27692339 38.05692263 -11.65424200
v 50.00715563 37.09968595 -11.14215688
v 49.28391955 35.66894568 -10.61774258
v 50.52681658 35.68357887 -10.52957730
v 51.00053332 36.27623019 -10.83774390
v 50.17861101 37.92210358 -11.76793521
v 50.00715563 37.09968595 -11.14215688
v 51.09374163 37.31689479 -11.23728021
v 50.71665118 38.41689269 -11.87828685
v 51.00053332 36.27623019 -10.83774390
v 50.52681658 35.68357887 -10.52957730
v 52.04819414 35.32309742 -10.21170615
v 51.87325213 36.03179920 -10.61014377
v 51.09374163 37.31689479 -11.23728021
v 51.00053332 36.27623019 -10.83774390
v 47.18496630 41.00117440 -13.13358208
v 46.65871355 38.66880097 -12.02493912
v 47.83078692 38.05732699 -11.66293951
v 48.28430102 38.78926053 -11.98535784
v 59.34496424 38.04267092 -11.67395635
v 58.82317469 36.69985133 -11.02087996
v 59.54451868 36.65173276 -10.89296552
v 60.09463618 36.66372615 -11.02289411
v 46.25204394 39.43190819 -12.50141019
v 46.26552508 37.97367163 -11.63799137
v 46.65871355 38.66880097 -12.02493912
v 46.81874010 49.22001895 -18.14965092
v 44.96654436 48.36455022 -18.08181020
v 46.61285326 48.85077535 -18.03673582
v 46.06336138 35.27050844 -10.45534323
v 46.05897448 34.08962319 -9.67612245
v 46.87198565 34.48512328 -9.93507943
v 45.72082445 36.43811828 -11.01665323
v 45.19098589 35.91567315 -10.59642610
v 46.06336138 35.27050844 -10.45534323
v 46.92443774 36.57337219 -10.97398968
v 46.65871355 38.66880097 -12.02493912
v 46.26552508 37.97367163 -11.63799137
v 47.04806444 37.72917146 -11.70775452
v 47.83078692 38.05732699 -11.66293951
v 47.83078692 38.05732699 -11.66293951
v 53.08324358 40.67365221 -12.61731615
v 52.71538470 38.90002410 -11.87705097
v 54.29818079 39.62597615 -12.43878815
v 55.20369074 40.46798660 -12.72527205
v 55.94255183 40.33216053 -12.50238690
v 56.33142969 41.12534286 -12.77034662
v 55.51387903 39.56171377 -12.38933440
v 55.68038294 38.49678776 -11.58090833
v 56.57833979 38.60640688 -11.66615920
v 56.61916468 40.10458334 -12.38483315
v 44.96654436 48.36455022 -18.08181020
v 44.00220415 48.65229661 -18.30783869
v 43.79922411 47.48025487 -17.37895972
v 45.04434130 47.06602741 -17.17192840
v 44.67237017 45.06750772 -15.90009275
v 43.88696215 45.27033135 -15.97725648
v 43.69508288 44.62386708 -15.49657400
v 44.85618517 44.33611972 -15.33623460
v 53.24144862 45.86130433 -15.51512889
v 52.76367876 45.10143959 -15.05730406
v 45.20632860 45.82114308 -16.22339609
v 43.92739794 45.98519030 -16.35794812
v 43.88696215 45.27033135 -15.97725648
v 44.67237017 45.06750772 -15.90009275
v 45.00750658 42.01878289 -14.10462106
v 44.75174639 41.37241400 -13.55988218
v 45.86056444 41.22424355 -13.41039180
v 45.37152788 42.66793750 -14.45081257
v 49.56570360 39.86209828 -12.46216465
v 49.38249895 38.77259031 -11.94092424
v 50.71665118 38.41689269 -11.87828685
v 50.65913317 39.58749353 -12.15799591
v 50.43324969 40.60913036 -12.96434678
v 49.56570360 39.86209828 -12.46216465
v 50.65913317 39.58749353 -12.15799591
v 51.59532854 39.57458459 -12.17424652
v 50.65913317 39.58749353 -12.15799591
v 51.37483141 38.50575986 -11.94100049
v 51.59532854 39.57458459 -12.17424652
v 46.54467699 47.06897241 -16.88665008
v 47.16998980 47.54147224 -16.97428138
v 44.80601427 43.56586759 -14.75995578
v 45.37152788 42.66793750 -14.45081257
v 46.49774096 42.38876271 -14.36057205
v 47.65850756 45.67158409 -16.00797248
v 47.04545519 45.94370168 -16.19739514
v 46.27909777 44.44178305 -15.17272143
v 46.50179217 43.40207977 -14.65183198
v 55.13401911 49.01112638 -16.65581544
v 54.79018519 50.14974666 -17.20308735
v 54.21399805 50.13115764 -17.20899250
v 43.19015429 41.81600980 -14.04039678
v 44.03072283 40.93696633 -13.37546439
v 44.30745623 41.93475277 -13.91699898
v 43.18659899 44.84124755 -15.84609186
v 42.77169726 44.02102669 -15.27460430
v 44.00025103 43.47490991 -14.97974337
v 47.83953020 42.64256982 -14.07831501
v 47.50545428 41.69854677 -13.59348209
v 48.60503313 40.87194010 -13.08821767
v 46.49774096 42.38876271 -14.36057205
v 45.86056444 41.22424355 -13.41039180
v 47.18496630 41.00117440 -13.13358208
v 47.50545428 41.69854677 -13.59348209
v 44.80601427 43.56586759 -14.75995578
v 44.30745623 41.93475277 -13.91699898
v 45.00750658 42.01878289 -14.10462106
v 45.37152788 42.66793750 -14.45081257
v 44.75174639 41.37241400 -13.55988218
v 44.03072283 40.93696633 -13.37546439
v 45.30553362 40.42232557 -13.12601362
v 45.86056444 41.22424355 -13.41039180
v 46.18157885 46.31318178 -16.35446917
v 45.46938250 46.31589018 -16.56499468
v 45.20632860 45.82114308 -16.22339609
v 47.04545519 45.94370168 -16.19739514
v 45.20632860 45.82114308 -16.22339609
v 44.67237017 45.06750772 -15.90009275
v 42.89583514 35.50519646 -10.59059717
v 43.98548052 35.58604518 -10.46654323
v 44.58299944 37.38852759 -11.65489801
v 43.98548052 35.58604518 -10.46654323
v 45.19098589 35.91567315 -10.59642610
v 45.29142687 37.31822273 -11.58075555
v 44.24471209 39.14917810 -12.39942040
v 45.27832720 38.85523279 -12.37103900
v 46.50179217 43.40207977 -14.65183198
v 46.49774096 42.38876271 -14.36057205
v 47.83953020 42.64256982 -14.07831501
v 47.47092364 43.23800587 -14.36045012
v 43.65366289 36.97080307 -11.12465503
v 43.34142992 36.18594440 -10.91322912
v 43.98548052 35.58604518 -10.46654323
v 44.58299944 37.38852759 -11.65489801
v 43.53623888 39.65467123 -12.59107087
v 42.96820757 38.66561950 -12.06386429
v 43.64124224 38.12979950 -12.00458380
v 44.24471209 39.14917810 -12.39942040
v 47.36388323 49.28957617 -17.99164617
v 46.81874010 49.22001895 -18.14965092
v 46.61285326 48.85077535 -18.03673582
v 47.17098925 48.32552217 -17.32080861
v 43.64124224 38.12979950 -12.00458380
v 43.30917284 36.82244186 -11.09580063
v 43.65366289 36.97080307 -11.12465503
v 44.34673998 38.22847809 -12.00800179
v 49.31477282 50.35020498 -18.49031883
v 48.64016650 50.69612935 -18.52877103
v 48.42349169 49.96531349 -18.38831376
v 49.38603899 49.63346539 -18.12238353
v 45.30553362 40.42232557 -13.12601362
v 45.24248431 39.69033864 -12.67688630
v 46.25204394 39.43190819 -12.50141019
v 47.41230700 49.76741463 -18.32601209
v 46.84439013 50.05872775 -18.66655779
v 46.81874010 49.22001895 -18.14965092
v 47.36388323 49.28957617 -17.99164617
v 55.59691737 49.61766510 -16.93346446
v 56.02713129 49.89559252 -16.79337356
v 55.77413294 50.42760159 -17.15831811
v 54.79018519 50.14974666 -17.20308735
v 46.28166125 50.51870391 -18.90343531
v 45.71477434 50.71944468 -19.12648832
v 46.84439013 50.05872775 -18.66655779
v 56.26418421 49.31795392 -16.68039739
v 57.15116236 49.10809891 -16.24617800
v 56.80101893 50.14492111 -16.98113300
v 56.75602076 45.74349034 -15.05641915
v 56.36448786 44.71016236 -14.59107169
v 58.25205347 44.42651964 -14.26055102
v 57.45301173 45.57200827 -14.94837164
v 59.69478724 50.05193029 -16.61585284
v 58.79952357 50.32762988 -16.75408225
v 57.15116236 49.10809891 -16.24617800
v 48.57076189 39.95156057 -12.43080786
v 49.38249895 38.77259031 -11.94092424
v 49.56570360 39.86209828 -12.46216465
v 60.35819361 35.64311918 -10.89592556
v 59.54451868 36.65173276 -10.89296552
v 59.38815424 35.73802123 -10.81165129
v 56.61916468 40.10458334 -12.38483315
v 57.40130732 39.76574671 -12.14342379
v 57.98783991 41.69740147 -13.18282230
v 58.04861567 40.07663686 -12.43277626
v 57.40130732 39.76574671 -12.14342379
v 58.90850184 39.13838926 -11.96045555
v 59.07537958 39.88766441 -12.29987218
v 59.07537958 39.88766441 -12.29987218
v 58.90850184 39.13838926 -11.96045555
v 60.25348780 38.68804042 -11.81853348
v 60.21129725 40.45191817 -12.55318343
v 57.55215571 37.67288947 -11.42409362
v 57.61652491 36.34979233 -10.84685341
v 58.05014155 36.69163448 -10.98363325
v 58.26748011 37.65016153 -11.24582518
v 49.49139330 42.77010657 -14.22629477
v 49.48956988 41.76390018 -13.46097478
v 49.96417925 42.03871095 -13.62389291
v 50.28923724 44.03119200 -14.69177959
v 51.93154833 50.00990361 -17.61905718
v 50.93918536 49.32826111 -17.39751471
v 51.65895006 49.42383071 -17.47173347
v 58.26748011 37.65016153 -11.24582518
v 58.05014155 36.69163448 -10.98363325
v 58.82317469 36.69985133 -11.02087996
v 59.34496424 38.04267092 -11.67395635
v 56.10987971 36.10700976 -10.71716892
v 56.22104761 35.29830150 -10.38585471
v 57.09932825 35.23875409 -10.32886312
v 57.61652491 36.34979233 -10.84685341
v 57.61652491 36.34979233 -10.84685341
v 57.09932825 35.23875409 -10.32886312
v 59.72940943 34.82374528 -10.47113600
v 58.05014155 36.69163448 -10.98363325
v 52.55300066 50.60253206 -17.77050075
v 51.93154833 50.00990361 -17.61905718
v 52.25644610 49.25629306 -17.24495732
v 52.83523485 49.05716971 -17.03073915
v 53.68692896 50.53196020 -17.53101405
v 53.10759089 50.65158908 -17.73027859
v 54.21399805 50.13115764 -17.20899250
v 65.18119166 21.95917476 -6.24779101
v 63.34100458 22.04013792 -6.08099720
v 61.32444117 22.61119051 -5.85144407
v 63.34100458 22.04013792 -6.08099720
v 62.97097895 23.55503046 -6.27432630
v 61.31977961 23.25938382 -6.12356942
v 66.87751887 33.67088207 -10.88356562
v 65.29735682 34.29583648 -10.84084111
v 65.88696406 32.78196625 -10.42340618
v 72.28402827 27.14380461 -9.53839549
v 71.70458338 28.00681971 -9.99103235
v 70.70218775 28.08615021 -9.70334315
v 61.31668970 30.46461459 -8.71901432
v 62.07676050 30.39948240 -9.00052371
v 62.03121302 31.22174033 -9.40651444
v 68.66713831 23.81697026 -7.51993181
v 69.92629359 23.71138611 -7.59718705
v 69.86315272 24.75233295 -8.30188387
v 67.77980158 24.74374330 -7.74457186
v 69.66830561 31.45794561 -10.51138814
v 70.67288325 31.66998934 -10.67921959
v 70.44635126 32.60237758 -11.08798745
v 65.18119166 21.95917476 -6.24779101
v 66.82944605 21.53517876 -6.39931072
v 66.71758387 22.56013449 -6.53326779
v 65.51571009 22.63398704 -6.45537169
v 67.99549982 27.31875532 -8.88225233
v 69.08040736 27.35514753 -8.86873305
v 69.23115656 28.13052283 -9.30997158
v 67.24620173 28.22791974 -8.94501188
v 68.63629267 22.29407452 -7.11795403
v 70.44349024 21.90236519 -7.09198350
v 69.92629359 23.71138611 -7.59718705
v 68.66713831 23.81697026 -7.51993181
v 66.82944605 21.53517876 -6.39931072
v 68.63629267 22.29407452 -7.11795403
v 67.58136866 23.29238082 -6.93709176
v 63.21705744 27.80888304 -7.92126913
v 64.36199305 28.32308890 -8.37201385
v 63.04885218 28.63646629 -8.28390965
v 62.07525751 24.51209218 -6.56471647
v 64.48367426 24.74054670 -6.99826448
v 61.81614802 25.54019883 -6.84508163
v 70.17070124 30.35664266 -10.31738771
v 71.87198756 30.66245875 -10.85403938
v 70.67288325 31.66998934 -10.67921959
v 61.15539667 26.52834269 -7.19575928
v 61.81614802 25.54019883 -6.84508163
v 60.67749140 24.78390461 -6.65623873
v 62.07525751 24.51209218 -6.56471647
v 61.81614802 25.54019883 -6.84508163
v 61.15539667 26.52834269 -7.19575928
v 59.58204005 25.76019337 -6.86293445
v 61.15539667 26.52834269 -7.19575928
v 61.48387263 27.14688819 -7.38325938
v 59.54753229 26.54686017 -7.26793336
v 67.77980158 24.74374330 -7.74457186
v 69.81941340 25.73354934 -8.56993518
v 69.77097437 26.83416575 -8.83054022
v 68.41051600 26.57573536 -8.26799440
v 62.16185114 28.73638085 -8.24345862
v 63.04885218 28.63646629 -8.28390965
v 62.99275324 29.51061939 -8.55801868
v 62.14353297 29.63732124 -8.43054678
v 66.61016199 17.94274978 -5.27730085
v 68.14100764 18.61664649 -5.75653375
v 68.21405909 19.53014341 -6.07170419
v 65.77171442 19.27840403 -5.30575871
v 61.48387263 27.14688819 -7.38325938
v 62.74253962 27.19740238 -7.57465038
v 63.21705744 27.80888304 -7.92126913
v 62.14353297 29.63732124 -8.43054678
v 62.99275324 29.51061939 -8.55801868
v 63.11559412 30.40279354 -9.12473025
v 62.07676050 30.39948240 -9.00052371
v 68.41051600 26.57573536 -8.26799440
v 69.77097437 26.83416575 -8.83054022
v 69.08040736 27.35514753 -8.86873305
v 67.99549982 27.31875532 -8.88225233
v 61.34735224 29.80571721 -8.59509759
v 62.14353297 29.63732124 -8.43054678
v 61.31668970 30.46461459 -8.71901432
v 69.92629359 23.71138611 -7.59718705
v 72.60855219 24.50159288 -8.43791593
v 71.37891505 24.65601947 -8.31239716
v 69.86315272 24.75233295 -8.30188387
v 69.44691584 32.51361721 -11.05263282
v 69.81483576 33.67008842 -11.30461665
v 69.00301478 33.87528863 -11.22148680
v 68.83760950 32.17340729 -10.79071565
v 61.47403071 18.74517904 -4.93622127
v 62.71531794 18.80638203 -4.96342770
v 62.52904627 19.84570293 -5.28927931
v 62.09516260 20.45603159 -5.36702294
v 71.74504969 33.62312159 -11.59811945
v 72.20743677 34.79775077 -11.75108900
v 70.37411616 34.60878608 -11.52243601
v 59.70014307 19.31127917 -4.84002996
v 61.47403071 18.74517904 -4.93622127
v 62.09516260 20.45603159 -5.36702294
v 59.65100214 20.97883586 -5.26781038
v 63.87070582 19.81272105 -5.30870375
v 65.77171442 19.27840403 -5.30575871
v 64.81980250 20.62381717 -5.74046657
v 63.70305750 20.47728707 -5.41958947
v 72.16019556 29.76862944 -10.62457756
v 73.38350031 29.80921020 -10.56117730
v 74.19935725 31.04867394 -10.94734693
v 71.87198756 30.66245875 -10.85403938
v 72.48133204 28.95309254 -10.15684977
v 73.84095118 29.03429213 -10.46936504
v 73.38350031 29.80921020 -10.56117730
v 72.16019556 29.76862944 -10.62457756
v 72.76143763 28.03367423 -9.98947596
v 74.08783839 28.06384084 -10.11398768
v 73.84095118 29.03429213 -10.46936504
v 72.48133204 28.95309254 -10.15684977
v 67.11232874 30.92668107 -9.76735424
v 68.13039515 30.79230402 -10.06406137
v 67.80663416 31.64573552 -10.56642662
v 66.78535578 32.18820076 -10.37564607
v 70.70218775 28.08615021 -9.70334315
v 71.70458338 28.00681971 -9.99103235
v 71.37371180 29.28042504 -10.13139816
v 70.17070124 30.35664266 -10.31738771
v 69.23115656 28.13052283 -9.30997158
v 70.17070124 30.35664266 -10.31738771
v 69.55097315 29.86967372 -9.98433405
v 71.37371180 29.28042504 -10.13139816
v 72.16019556 29.76862944 -10.62457756
v 71.87198756 30.66245875 -10.85403938
v 70.17070124 30.35664266 -10.31738771
v 69.55097315 29.86967372 -9.98433405
v 70.17070124 30.35664266 -10.31738771
v 69.66830561 31.45794561 -10.51138814
v 68.13039515 30.79230402 -10.06406137
v 71.05244562 22.96787108 -7.65700138
v 72.20185969 22.94859919 -7.89812076
v 69.92629359 23.71138611 -7.59718705
v 75.55781672 25.81941802 -9.49991261
v 76.83551142 26.05290795 -9.88560906
v 75.46122095 28.03185839 -10.25760340
v 74.08783839 28.06384084 -10.11398768
v 68.21405909 19.53014341 -6.07170419
v 70.15399287 19.72291435 -6.20874340
v 68.26481745 20.80319175 -6.43159819
v 75.46122095 28.03185839 -10.25760340
v 77.23191950 28.44574531 -10.87982637
v 76.45065424 29.71563561 -10.94583610
v 75.22083399 29.18451490 -10.54092878
v 69.81941340 25.73354934 -8.56993518
v 72.34992335 25.52429026 -8.87843734
v 71.62840388 26.38124672 -8.99733397
v 69.77097437 26.83416575 -8.83054022
v 75.46122095 28.03185839 -10.25760340
v 75.22083399 29.18451490 -10.54092878
v 73.84095118 29.03429213 -10.46936504
v 62.74253962 27.19740238 -7.57465038
v 65.37075159 26.23370301 -7.77840084
v 65.12918970 27.59961631 -8.31160418
v 71.37891505 24.65601947 -8.31239716
v 72.60855219 24.50159288 -8.43791593
v 72.34992335 25.52429026 -8.87843734
v 69.81941340 25.73354934 -8.56993518
v 73.38350031 29.80921020 -10.56117730
v 76.45065424 29.71563561 -10.94583610
v 75.84329340 31.00409535 -11.18823743
v 74.19935725 31.04867394 -10.94734693
v 75.84329340 31.00409535 -11.18823743
v 77.43230555 30.62073346 -11.60950201
v 76.73738215 31.87930109 -12.00893154
v 74.97635767 31.97385227 -11.40720121
v 74.19935725 31.04867394 -10.94734693
v 75.84329340 31.00409535 -11.18823743
v 74.97635767 31.97385227 -11.40720121
v 74.18725703 31.78487984 -11.13469447
v 62.07676050 30.39948240 -9.00052371
v 63.11559412 30.40279354 -9.12473025
v 62.74046442 31.30553394 -9.61884051
v 62.03121302 31.22174033 -9.40651444
v 64.48367426 24.74054670 -6.99826448
v 65.93312952 23.88818310 -7.11737445
v 65.89383051 25.07339425 -7.30756019
v 63.74251673 25.34070538 -7.07536724
v 71.57679865 19.87647874 -6.58864150
v 72.37233851 20.46176007 -6.83531518
v 70.44349024 21.90236519 -7.09198350
v 64.01841852 33.46353833 -10.37967460
v 63.00643275 35.39990170 -10.96367455
v 62.89574549 34.52049945 -10.77547250
v 66.89547083 24.95490208 -7.55289098
v 67.71489832 25.74677881 -7.93982349
v 66.37541315 26.04531704 -7.79762688
v 66.02346918 21.00776642 -5.90729098
v 68.26481745 20.80319175 -6.43159819
v 66.82944605 21.53517876 -6.39931072
v 77.69177363 22.63207836 -8.75021727
v 77.19413111 24.01728644 -9.04893881
v 74.55761072 23.85014173 -8.67932513
v 65.89383051 25.07339425 -7.30756019
v 66.89547083 24.95490208 -7.55289098
v 62.55588648 33.72220544 -10.41994258
v 62.23347590 35.14152455 -10.67554279
v 61.25020716 33.23171188 -9.80475390
v 61.01674006 32.25799507 -9.53159090
v 62.74046442 31.30553394 -9.61884051
v 63.21342585 32.84371123 -10.07892376
v 61.25020716 33.23171188 -9.80475390
v 65.88171503 28.25114367 -8.60281828
v 67.24620173 28.22791974 -8.94501188
v 66.97564051 29.15520394 -9.18378156
v 64.95904658 29.54290692 -8.98010731
v 64.95904658 29.54290692 -8.98010731
v 65.19962427 31.75474465 -9.92723596
v 65.19962427 31.75474465 -9.92723596
v 66.06689570 31.72641670 -9.97789514
v 64.58355830 32.38760312 -10.16782139
v 67.24620173 28.22791974 -8.94501188
v 69.23115656 28.13052283 -9.30997158
v 68.46378443 29.07670504 -9.53610699
v 66.97564051 29.15520394 -9.18378156
v 66.97564051 29.15520394 -9.18378156
v 68.46378443 29.07670504 -9.53610699
v 68.23576472 29.91409969 -9.93072993
v 66.72309229 29.91431385 -9.58722407
v 66.72309229 29.91431385 -9.58722407
v 68.23576472 29.91409969 -9.93072993
v 68.13039515 30.79230402 -10.06406137
v 67.11232874 30.92668107 -9.76735424
v 67.37561915 26.57425525 -8.32448243
v 68.41051600 26.57573536 -8.26799440
v 67.99549982 27.31875532 -8.88225233
v 67.07392237 27.49010396 -8.48752274
v 73.99850580 33.32524699 -11.73630299
v 74.10869715 34.44759956 -11.94513496
v 73.14187739 34.57220282 -12.01398264
v 72.98144648 33.52759389 -11.87305229
v 72.98144648 33.52759389 -11.87305229
v 73.14187739 34.57220282 -12.01398264
v 72.20743677 34.79775077 -11.75108900
v 71.74504969 33.62312159 -11.59811945
v 66.37541315 26.04531704 -7.79762688
v 67.37561915 26.57425525 -8.32448243
v 67.07392237 27.49010396 -8.48752274
v 65.88171503 28.25114367 -8.60281828
v 75.49238703 35.07259931 -12.76112933
v 74.09759638 35.28243070 -12.52110861
v 74.10869715 34.44759956 -11.94513496
v 75.22815058 33.60520745 -12.08563775
v 71.70458338 28.00681971 -9.99103235
v 72.76143763 28.03367423 -9.98947596
v 72.48133204 28.95309254 -10.15684977
v 62.52904627 19.84570293 -5.28927931
v 63.87070582 19.81272105 -5.30870375
v 63.70305750 20.47728707 -5.41958947
v 70.44349024 21.90236519 -7.09198350
v 71.52304957 22.09678503 -7.25923512
v 71.05244562 22.96787108 -7.65700138
v 69.92629359 23.71138611 -7.59718705
v 59.64005396 22.31680270 -5.77881219
v 61.32444117 22.61119051 -5.85144407
v 61.31977961 23.25938382 -6.12356942
v 59.69285700 23.28417171 -6.23012155
v 71.52304957 22.09678503 -7.25923512
v 72.94243738 22.14820707 -7.69723867
v 72.20185969 22.94859919 -7.89812076
v 71.05244562 22.96787108 -7.65700138
v 73.90241358 19.18355419 -6.86917422
v 75.44258997 19.43281411 -7.07065132
v 75.67045710 20.52793732 -7.55839869
v 73.63315699 20.53096622 -7.36642786
v 71.68419764 31.57881016 -10.98164878
v 74.18725703 31.78487984 -11.13469447
v 73.99850580 33.32524699 -11.73630299
v 72.98144648 33.52759389 -11.87305229
v 77.51262781 18.29077000 -7.30794056
v 76.99680445 19.46806186 -7.39702156
v 75.44258997 19.43281411 -7.07065132
v 72.61055872 18.93643054 -6.49406737
v 73.90241358 19.18355419 -6.86917422
v 73.63315699 20.53096622 -7.36642786
v 72.37233851 20.46176007 -6.83531518
v 65.37075159 26.23370301 -7.77840084
v 66.37541315 26.04531704 -7.79762688
v 65.88171503 28.25114367 -8.60281828
v 65.12918970 27.59961631 -8.31160418
v 61.66130183 13.94753553 -4.00044473
v 60.23135493 13.62591078 -3.92025974
v 59.66937372 13.06946095 -3.59233302
v 61.89112208 12.09099108 -3.71183969
v 60.24553797 12.35318289 -3.47630507
v 60.22420618 11.66066274 -3.51135439
v 61.70617792 11.46857745 -3.65240661
v 67.24215052 16.23837360 -5.01086686
v 68.67147181 15.85887228 -4.86775461
v 68.35247919 17.53294353 -5.26384253
v 67.03270075 16.98365860 -5.24649320
v 67.03270075 16.98365860 -5.24649320
v 66.61016199 17.94274978 -5.27730085
v 65.48557398 18.19496235 -5.01387316
v 67.24215052 16.23837360 -5.01086686
v 67.03270075 16.98365860 -5.24649320
v 65.16665766 17.02426993 -4.84573637
v 73.77603266 11.24755179 -4.83117855
v 72.26060602 11.52525417 -4.53325073
v 72.15683863 9.03987978 -4.17611837
v 73.79676173 9.61512842 -4.68272552
v 74.30339930 5.82876675 -4.54013152
v 72.27176020 5.06251613 -4.55044634
v 74.65974543 4.92091452 -4.85194473
v 74.71612665 6.49871912 -4.63496500
v 72.42636988 6.04872222 -4.35398959
v 74.30339930 5.82876675 -4.54013152
v 73.89711115 7.85289086 -4.71212892
v 71.92492029 7.99539277 -4.24119694
v 71.94567988 7.15716648 -4.08761709
v 74.71612665 6.49871912 -4.63496500
v 74.68090937 8.93229762 -4.58743427
v 72.15683863 9.03987978 -4.17611837
v 71.92492029 7.99539277 -4.24119694
v 73.89711115 7.85289086 -4.71212892
v 69.83605311 16.35900955 -5.23829913
v 72.60765955 16.46600412 -5.60834004
v 71.05989191 17.84306973 -5.92381573
v 69.62474940 17.50755283 -5.72084326
v 64.29795191 12.11136723 -4.02276804
v 61.89112208 12.09099108 -3.71183969
v 61.70617792 11.46857745 -3.65240661
v 63.17437861 10.91393383 -3.58606130
v 76.17751429 7.79685295 -4.80603150
v 78.08008692 8.58519058 -5.27914564
v 75.42254755 9.92697989 -4.89047399
v 74.68090937 8.93229762 -4.58743427
v 76.21318934 10.80802997 -5.06967335
v 73.77603266 11.24755179 -4.83117855
v 75.42254755 9.92697989 -4.89047399
v 72.76189539 15.79443434 -5.32725778
v 74.46148035 15.52917551 -5.59773503
v 75.12374995 16.19554964 -6.08093521
v 72.60765955 16.46600412 -5.60834004
v 76.95399592 11.92157059 -5.19453620
v 73.91076014 12.40062795 -4.95182998
v 73.77603266 11.24755179 -4.83117855
v 76.77797816 4.84011151 -5.42103651
v 76.77559778 5.64696577 -5.37881557
v 74.65974543 4.92091452 -4.85194473
v 74.64304468 3.78903279 -4.99475155
v 72.60765955 16.46600412 -5.60834004
v 75.12374995 16.19554964 -6.08093521
v 72.44556544 17.31961890 -5.78663913
v 65.86085627 13.66050810 -4.41397313
v 63.17949030 13.98909856 -4.01933512
v 63.35966608 12.69707588 -3.85383808
v 64.70012018 13.05976962 -4.10827845
v 75.04554102 13.66047739 -5.60631016
v 73.26323054 13.42668230 -5.12762665
v 73.91076014 12.40062795 -4.95182998
v 76.29042933 15.86380064 -6.28532664
v 78.10741541 15.62907468 -6.33810675
v 75.12374995 16.19554964 -6.08093521
v 76.88533900 14.42280647 -5.74077074
v 75.04777643 14.71116709 -5.56282279
v 75.04554102 13.66047739 -5.60631016
v 76.86802027 13.76763222 -5.71293860
v 75.04777643 14.71116709 -5.56282279
v 74.46148035 15.52917551 -5.59773503
v 73.37115595 14.29598313 -5.17892685
v 75.04554102 13.66047739 -5.60631016
v 77.77205012 14.45555179 -5.99189989
v 74.46148035 15.52917551 -5.59773503
v 75.04777643 14.71116709 -5.56282279
v 76.88533900 14.42280647 -5.74077074
v 74.46148035 15.52917551 -5.59773503
v 70.87487147 14.62373433 -4.98645253
v 71.87174341 14.40699083 -5.16562120
v 73.37115595 14.29598313 -5.17892685
v 73.93185541 17.69927846 -6.34475992
v 75.22133753 17.72205218 -6.48233317
v 73.90241358 19.18355419 -6.86917422
v 72.61055872 18.93643054 -6.49406737
v 74.65974543 4.92091452 -4.85194473
v 72.27176020 5.06251613 -4.55044634
v 71.92076227 4.02989283 -4.65191712
v 74.64304468 3.78903279 -4.99475155
v 61.70617792 11.46857745 -3.65240661
v 60.22420618 11.66066274 -3.51135439
v 60.71141169 10.54027855 -3.38310409
v 61.68370936 10.78093249 -3.67724781
v 75.12374995 16.19554964 -6.08093521
v 77.39491389 16.49920705 -6.78361776
v 76.08606837 18.04143384 -6.79745773
v 75.22133753 17.72205218 -6.48233317
v 74.46148035 15.52917551 -5.59773503
v 77.77205012 14.45555179 -5.99189989
v 76.29042933 15.86380064 -6.28532664
v 75.12374995 16.19554964 -6.08093521
v 76.77559778 5.64696577 -5.37881557
v 74.65974543 4.92091452 -4.85194473
v 63.17437861 10.91393383 -3.58606130
v 61.68370936 10.78093249 -3.67724781
v 61.70078394 10.15699303 -3.35141152
v 63.18250391 9.97225295 -3.46069494
v 67.84314844 8.80945690 -3.63466020
v 67.54605219 10.04614357 -3.82304542
v 64.28662226 9.04994309 -3.35124350
v 71.94567988 7.15716648 -4.08761709
v 71.92492029 7.99539277 -4.24119694
v 69.89216730 6.25101571 -3.79374792
v 68.67147181 15.85887228 -4.86775461
v 67.36526606 15.59705439 -4.64540350
v 67.51759455 13.93433470 -4.41133340
v 65.16665766 17.02426993 -4.84573637
v 64.57716486 15.60414977 -4.38481390
v 71.87174341 14.40699083 -5.16562120
v 70.87487147 14.62373433 -4.98645253
v 73.26323054 13.42668230 -5.12762665
v 67.51759455 13.93433470 -4.41133340
v 65.86085627 13.66050810 -4.41397313
v 66.08689997 12.39085485 -3.96301467
v 68.50521967 12.15062044 -4.21733287
v 63.92343256 15.12466522 -4.32455686
v 61.59453699 15.21345801 -4.39934020
v 61.66130183 13.94753553 -4.00044473
v 63.17949030 13.98909856 -4.01933512
v 71.29560206 3.71495145 -4.44532832
v 72.94784663 3.79122248 -4.66400204
v 70.28714869 3.91772553 -4.25361693
v 66.49100611 4.82734019 -3.64825514
v 67.91588709 5.66587167 -3.77439968
v 64.30568812 5.18942366 -3.43864521
v 72.27176020 5.06251613 -4.55044634
v 67.91588709 5.66587167 -3.77439968
v 68.45192835 4.64617255 -3.90036082
v 70.32480738 4.28750702 -4.30160588
v 65.69766352 7.79686082 -3.29097107
v 64.04779932 8.07868300 -3.46652349
v 63.06821558 7.28411973 -3.28700371
v 61.57089350 9.42722624 -3.00888211
v 61.70078394 10.15699303 -3.35141152
v 60.71141169 10.54027855 -3.38310409
v 62.94657252 9.15614425 -3.39410545
v 63.18250391 9.97225295 -3.46069494
v 61.70078394 10.15699303 -3.35141152
v 61.57089350 9.42722624 -3.00888211
v 64.28662226 9.04994309 -3.35124350
v 63.18250391 9.97225295 -3.46069494
v 62.94657252 9.15614425 -3.39410545
v 61.39055750 8.62883297 -3.13499587
v 61.57089350 9.42722624 -3.00888211
v 58.89297602 8.85441894 -2.90861651
v 62.94657252 9.15614425 -3.39410545
v 61.57089350 9.42722624 -3.00888211
v 61.39055750 8.62883297 -3.13499587
v 64.04779932 8.07868300 -3.46652349
v 64.28662226 9.04994309 -3.35124350
v 62.94657252 9.15614425 -3.39410545
v 63.06821558 7.28411973 -3.28700371
v 61.39055750 8.62883297 -3.13499587
v 61.21611903 7.84424127 -3.27528505
v 70.79946253 11.58973782 -4.48974794
v 72.26060602 11.52525417 -4.53325073
v 72.76189539 15.79443434 -5.32725778
v 69.83605311 16.35900955 -5.23829913
v 70.23324702 14.98401722 -5.00795223
v 63.06821558 7.28411973 -3.28700371
v 61.21611903 7.84424127 -3.27528505
v 62.27517054 6.75643457 -3.30520736
v 62.48929713 16.71798986 -4.45399743
v 64.36739466 17.24060142 -4.81015291
v 62.71531794 18.80638203 -4.96342770
v 60.56739161 18.02998437 -4.69542220
v 70.60865137 10.34092803 -4.37487957
v 69.62474940 17.50755283 -5.72084326
v 71.05989191 17.84306973 -5.92381573
v 70.15399287 19.72291435 -6.20874340
v 68.14100764 18.61664649 -5.75653375
v 62.27517054 6.75643457 -3.30520736
v 61.09150049 7.11428372 -3.10287587
v 60.64940760 6.45076293 -2.95338541
v 62.04551813 5.94864191 -3.24867341
v 63.19103358 5.57879747 -3.26483241
v 62.27517054 6.75643457 -3.30520736
v 62.04551813 5.94864191 -3.24867341
v 66.08689997 12.39085485 -3.96301467
v 64.29795191 12.11136723 -4.02276804
v 64.65957758 11.57359409 -4.06318849
v 66.28760645 11.47749426 -3.96917907
v 64.65957758 11.57359409 -4.06318849
v 66.15235255 10.25897318 -3.71693583
v 43.54071734 29.86480072 -8.27559381
v 44.40022967 29.87962466 -8.14679437
v 43.30251238 30.79021572 -8.54013559
v 44.40022967 29.87962466 -8.14679437
v 44.76777575 31.08095668 -8.55656935
v 43.30251238 30.79021572 -8.54013559
v 42.77193377 30.17736177 -8.21138488
v 43.54071734 29.86480072 -8.27559381
v 44.40022967 29.87962466 -8.14679437
v 46.27663348 29.52670414 -8.06630420
v 46.02738879 27.62185805 -7.40085284
v 47.80931780 28.88604010 -7.69267739
v 57.68965266 27.80089608 -7.52264853
v 56.67870447 27.90363354 -7.35001061
v 56.30297968 26.87002609 -7.15953497
v 57.59055445 26.93424272 -7.01005989
v 56.67870447 27.90363354 -7.35001061
v 55.42963526 28.00373882 -7.38931726
v 55.81689570 27.23648877 -7.27974377
v 56.30297968 26.87002609 -7.15953497
v 55.81689570 27.23648877 -7.27974377
v 55.36401484 25.68345698 -6.50197252
v 58.83879206 31.76809673 -8.92761744
v 59.75821039 32.21934482 -9.39110323
v 59.70766566 33.18453945 -9.87141955
v 58.58258936 33.20828226 -9.74605334
v 52.16865465 29.52990756 -7.85991382
v 52.56545183 28.17063943 -7.49355008
v 52.92496416 30.19163590 -8.13287841
v 55.81689570 27.23648877 -7.27974377
v 54.44451258 26.60925341 -6.94737673
v 53.39463923 25.49979457 -6.44438582
v 55.36401484 25.68345698 -6.50197252
v 49.44163439 27.56403392 -7.39741961
v 49.88439104 26.22444203 -6.85220760
v 51.02103350 27.16381883 -7.05144176
v 53.20764277 28.49248543 -7.59769137
v 55.42963526 28.00373882 -7.38931726
v 55.88975642 30.17470577 -8.27994262
v 56.22104761 35.29830150 -10.38585471
v 57.80754969 32.21652984 -9.21013399
v 60.67749140 24.78390461 -6.65623873
v 61.15539667 26.52834269 -7.19575928
v 59.58204005 25.76019337 -6.86293445
v 58.49868891 26.63992358 -6.97597170
v 59.54753229 26.54686017 -7.26793336
v 60.02733729 27.37105506 -7.39310134
v 58.64283869 28.13462866 -7.68047024
v 58.83309290 24.16904414 -6.27316674
v 60.78529475 24.02580988 -6.26950460
v 60.67749140 24.78390461 -6.65623873
v 58.56771204 24.41502343 -6.36674893
v 43.85131762 29.00587595 -7.72591105
v 43.31753466 27.64557022 -7.34587543
v 44.31913683 27.52942034 -7.24364153
v 44.76777575 31.08095668 -8.55656935
v 44.40022967 29.87962466 -8.14679437
v 45.23937151 29.10067879 -7.81827252
v 45.62011645 30.18401414 -8.10184203
v 59.69285700 23.28417171 -6.23012155
v 60.78529475 24.02580988 -6.26950460
v 58.83309290 24.16904414 -6.27316674
v 47.16760180 24.93423521 -6.27392980
v 48.09096453 23.22371739 -5.89932625
v 48.19515154 24.73713746 -6.09552401
v 46.05897448 34.08962319 -9.67612245
v 46.87198565 34.48512328 -9.93507943
v 44.69395373 34.63035653 -10.06233775
v 43.85571978 33.12249849 -9.31917344
v 44.59127734 32.24274544 -8.93600985
v 45.28787157 34.20925214 -9.81139164
v 50.13832781 30.73686293 -8.28091927
v 49.55982897 30.31750565 -8.15607179
v 51.20199511 29.39701874 -8.06070421
v 51.52969286 30.42326429 -8.29915347
v 58.64283869 28.13462866 -7.68047024
v 59.72551844 29.79678325 -8.20749382
v 58.77695582 30.27610755 -8.45695984
v 59.47783015 30.80100222 -8.75194284
v 59.75821039 32.21934482 -9.39110323
v 58.83879206 31.76809673 -8.92761744
v 49.43791125 34.14592788 -9.74077395
v 50.23219225 33.87873877 -9.86383604
v 50.74941180 34.70106539 -10.14217175
v 46.87198565 34.48512328 -9.93507943
v 46.76534197 33.25440283 -9.47894824
v 48.67248461 32.61116076 -9.19247963
v 48.19416735 33.75530296 -9.60909054
v 49.62573931 31.92756704 -8.98524991
v 50.13832781 30.73686293 -8.28091927
v 50.24102709 31.36785182 -8.67844135
v 48.90000078 22.90465612 -5.82609927
v 48.52382586 22.23265149 -5.40378165
v 49.63496325 22.03515703 -5.15486500
v 50.23219225 33.87873877 -9.86383604
v 50.52172015 32.98458147 -9.16963729
v 51.56337664 33.70369751 -9.54131099
v 50.24102709 31.36785182 -8.67844135
v 50.13832781 30.73686293 -8.28091927
v 51.52969286 30.42326429 -8.29915347
v 53.42598078 27.42942856 -7.11334671
v 54.60376856 27.44097946 -7.11168350
v 55.42963526 28.00373882 -7.38931726
v 51.63576433 26.34506276 -6.85174985
v 51.44110796 24.67307340 -6.31309907
v 53.07110522 24.85423339 -6.26051731
v 45.02556536 25.53308925 -6.45554000
v 44.68711779 24.73059140 -6.33852022
v 51.52969286 30.42326429 -8.29915347
v 51.20199511 29.39701874 -8.06070421
v 52.16865465 29.52990756 -7.85991382
v 52.92496416 30.19163590 -8.13287841
v 46.28073809 25.25249538 -6.46295573
v 45.74954912 24.41762605 -6.09079373
v 46.84821245 24.24060886 -5.94050989
v 47.16760180 24.93423521 -6.27392980
v 58.24312708 21.17508679 -5.18873937
v 59.65100214 20.97883586 -5.26781038
v 59.91599390 21.75595069 -5.54727523
v 59.64005396 22.31680270 -5.77881219
v 43.28703997 25.59992368 -6.59862168
v 42.86580584 24.37087407 -6.13203823
v 44.08402178 23.37190313 -5.83067698
v 44.68711779 24.73059140 -6.33852022
v 44.31913683 27.52942034 -7.24364153
v 43.84264300 26.68520403 -7.02090884
v 46.28073809 25.25249538 -6.46295573
v 46.20307848 26.68296102 -6.81050540
v 46.20307848 26.68296102 -6.81050540
v 46.28073809 25.25249538 -6.46295573
v 47.16760180 24.93423521 -6.27392980
v 58.64283869 28.13462866 -7.68047024
v 57.68965266 27.80089608 -7.52264853
v 57.59055445 26.93424272 -7.01005989
v 58.49868891 26.63992358 -6.97597170
v 53.39463923 25.49979457 -6.44438582
v 53.07110522 24.85423339 -6.26051731
v 55.26262018 24.83039912 -6.49037571
v 56.41679499 25.43974358 -6.63464766
v 55.36401484 25.68345698 -6.50197252
v 55.26262018 24.83039912 -6.49037571
v 56.27256129 24.27374328 -6.18916712
v 58.07499049 25.53659015 -6.66414291
v 56.41679499 25.43974358 -6.63464766
v 53.93236658 23.55151434 -5.83095167
v 52.99743578 24.05242222 -5.93947226
v 51.99378893 22.99198983 -5.67439640
v 53.92331049 22.78102946 -5.56329712
v 43.43197558 22.75961470 -5.58914551
v 43.89749071 21.38658216 -5.39122353
v 44.75535509 21.42584304 -5.30034219
v 44.88854143 22.28501963 -5.58879448
v 58.35844538 22.98871584 -5.81738651
v 59.64005396 22.31680270 -5.77881219
v 59.69285700 23.28417171 -6.23012155
v 58.83309290 24.16904414 -6.27316674
v 44.08402178 23.37190313 -5.83067698
v 43.43197558 22.75961470 -5.58914551
v 44.88854143 22.28501963 -5.58879448
v 45.65061114 22.80848765 -5.54953370
v 49.37148211 21.23939596 -4.89499243
v 49.94213793 19.67834567 -4.14824230
v 50.66750262 19.77806184 -4.24129041
v 51.61762926 21.50116811 -4.92914164
v 48.24475024 19.69448941 -4.50834972
v 48.65390703 18.93830209 -3.79538268
v 49.94213793 19.67834567 -4.14824230
v 48.52382586 22.23265149 -5.40378165
v 49.37148211 21.23939596 -4.89499243
v 49.63496325 22.03515703 -5.15486500
v 44.88854143 22.28501963 -5.58879448
v 44.75535509 21.42584304 -5.30034219
v 46.46532366 20.76161277 -4.83487272
v 55.18908045 24.14164035 -5.98054893
v 52.99743578 24.05242222 -5.93947226
v 53.93236658 23.55151434 -5.83095167
v 55.26262018 24.83039912 -6.49037571
v 53.07110522 24.85423339 -6.26051731
v 52.99743578 24.05242222 -5.93947226
v 55.18908045 24.14164035 -5.98054893
v 58.56771204 24.41502343 -6.36674893
v 57.46920130 24.52046932 -6.19121184
v 58.35844538 22.98871584 -5.81738651
v 58.83309290 24.16904414 -6.27316674
v 46.46532366 20.76161277 -4.83487272
v 46.23270342 19.59126369 -4.53923349
v 47.26544878 18.99701784 -4.20180054
v 49.47371599 24.49413360 -6.21155180
v 48.90000078 22.90465612 -5.82609927
v 50.37440417 24.39086214 -6.04707729
v 53.64336512 21.94361951 -5.38438769
v 55.92548487 20.86125264 -4.94186737
v 56.81379053 21.71385173 -5.26201216
v 57.75102351 20.31005842 -5.14030783
v 58.24312708 21.17508679 -5.18873937
v 49.94213793 19.67834567 -4.14824230
v 51.64214251 17.95926769 -3.64660933
v 50.66750262 19.77806184 -4.24129041
v 50.66750262 19.77806184 -4.24129041
v 53.12298701 18.14772894 -3.95901780
v 53.47066614 18.83242126 -4.30762021
v 50.33451006 25.41698510 -6.59392194
v 49.47371599 24.49413360 -6.21155180
v 51.44110796 24.67307340 -6.31309907
v 46.23270342 19.59126369 -4.53923349
v 44.08963702 20.14018332 -4.87808551
v 44.98812029 18.85880370 -4.37419431
v 52.85736773 19.81234831 -4.43564161
v 50.66750262 19.77806184 -4.24129041
v 53.47066614 18.83242126 -4.30762021
v 55.34304926 19.39736264 -4.48184516
v 53.07110522 24.85423339 -6.26051731
v 51.44110796 24.67307340 -6.31309907
v 51.65311358 23.94424501 -6.09534077
v 43.89749071 21.38658216 -5.39122353
v 44.08963702 20.14018332 -4.87808551
v 44.75535509 21.42584304 -5.30034219
v 59.70014307 19.31127917 -4.84002996
v 56.96690485 19.14973441 -4.58781741
v 58.80465052 18.72313015 -4.51620784
v 48.09096453 23.22371739 -5.89932625
v 46.62264178 23.23894569 -5.71202462
v 48.52382586 22.23265149 -5.40378165
v 48.90000078 22.90465612 -5.82609927
v 45.65061114 22.80848765 -5.54953370
v 46.46532366 20.76161277 -4.83487272
v 47.29318163 21.42826922 -5.06369363
v 46.62264178 23.23894569 -5.71202462
v 55.15815851 18.28095340 -4.12959583
v 53.12298701 18.14772894 -3.95901780
v 53.10358546 17.01224046 -3.74977385
v 55.12513850 16.51656633 -3.71896627
v 58.85294459 15.65311718 -4.04924262
v 57.08581660 15.50050645 -3.74289189
v 56.92086909 14.72648913 -3.71270987
v 57.25180170 8.86769409 -2.93412921
v 54.98272059 9.76053161 -2.96170199
v 55.62999079 8.16757508 -2.85109076
v 57.08920405 8.21805114 -2.91633735
v 49.02041552 16.23976432 -3.44655106
v 49.87502978 14.98706357 -3.08738948
v 50.87811205 14.61809080 -3.00534291
v 48.42187426 16.54160604 -3.49540976
v 47.39623949 15.68509970 -3.44914497
v 48.76483843 15.29034719 -3.48634583
v 49.73557970 17.78033553 -3.40780925
v 48.42187426 16.54160604 -3.49540976
v 49.02041552 16.23976432 -3.44655106
v 50.27374956 16.82667077 -3.29832728
v 54.98272059 9.76053161 -2.96170199
v 52.99891588 9.80424800 -3.19232333
v 53.81640742 9.04259795 -2.98764181
v 55.62999079 8.16757508 -2.85109076
v 52.99891588 9.80424800 -3.19232333
v 51.71354601 9.83161468 -2.95303500
v 52.54943011 9.21681520 -2.83322289
v 53.81640742 9.04259795 -2.98764181
v 51.71354601 9.83161468 -2.95303500
v 49.94104693 10.02233423 -3.26303259
v 51.04228136 9.68007203 -2.87803803
v 52.54943011 9.21681520 -2.83322289
v 49.07717058 10.39137565 -3.40626691
v 49.94104693 10.02233423 -3.26303259
v 51.71354601 9.83161468 -2.95303500
v 52.69463274 10.36947171 -3.10571454
v 51.22888109 10.09208980 -3.19612282
v 52.99891588 9.80424800 -3.19232333
v 45.72363970 15.08981614 -3.81259397
v 43.40467760 15.63769822 -3.81570685
v 43.12473223 14.71462535 -4.14454886
v 44.95856402 16.29837331 -3.51228594
v 45.76748583 16.67447956 -3.61439781
v 43.49943468 16.97965528 -3.96628080
v 43.40467760 15.63769822 -3.81570685
v 48.58513567 18.22083384 -3.70936877
v 47.77680132 17.61860755 -3.89937111
v 48.42187426 16.54160604 -3.49540976
v 49.73557970 17.78033553 -3.40780925
v 45.76748583 16.67447956 -3.61439781
v 44.95856402 16.29837331 -3.51228594
v 45.72363970 15.08981614 -3.81259397
v 47.39623949 15.68509970 -3.44914497
v 50.84838030 15.69035643 -3.00398506
v 50.27374956 16.82667077 -3.29832728
v 49.94129870 16.07301630 -3.24992628
v 50.87811205 14.61809080 -3.00534291
v 58.71235773 17.36863132 -4.32907383
v 60.56739161 18.02998437 -4.69542220
v 58.80465052 18.72313015 -4.51620784
v 50.27392504 10.81215204 -3.24871998
v 48.16134569 10.88109886 -3.40834218
v 49.07717058 10.39137565 -3.40626691
v 50.74923632 10.37096702 -3.39489911
v 58.89297602 8.85441894 -2.90861651
v 57.25180170 8.86769409 -2.93412921
v 57.08920405 8.21805114 -2.91633735
v 58.44374201 7.14211578 -2.91455190
v 56.47273371 10.38339536 -3.05607770
v 57.25180170 8.86769409 -2.93412921
v 58.89297602 8.85441894 -2.90861651
v 53.82776758 14.71966853 -3.19946524
v 50.84838030 15.69035643 -3.00398506
v 51.19418261 14.92005462 -2.95662165
v 52.68801806 14.70828550 -3.04588553
v 58.80465052 18.72313015 -4.51620784
v 58.71235773 17.36863132 -4.32907383
v 55.41521570 15.70102221 -3.71191658
v 53.77549860 15.97214805 -3.40930432
v 53.82776758 14.71966853 -3.19946524
v 56.92086909 14.72648913 -3.71270987
v 52.09837267 16.15707694 -3.44797012
v 50.27374956 16.82667077 -3.29832728
v 50.84838030 15.69035643 -3.00398506
v 53.82776758 14.71966853 -3.19946524
v 56.98729822 16.16861248 -4.07547256
v 55.12513850 16.51656633 -3.71896627
v 55.41521570 15.70102221 -3.71191658
v 53.54509089 16.67203814 -3.70949059
v 53.77549860 15.97214805 -3.40930432
v 55.41521570 15.70102221 -3.71191658
v 61.39055750 8.62883297 -3.13499587
v 58.89297602 8.85441894 -2.90861651
v 60.26715967 7.63544764 -3.19645811
v 61.21611903 7.84424127 -3.27528505
v 53.54509089 16.67203814 -3.70949059
v 52.09837267 16.15707694 -3.44797012
v 53.77549860 15.97214805 -3.40930432
v 60.24553797 12.35318289 -3.47630507
v 59.66937372 13.06946095 -3.59233302
v 58.61245081 11.60592952 -3.15991396
v 60.22420618 11.66066274 -3.51135439
v 51.64214251 17.95926769 -3.64660933
v 49.73557970 17.78033553 -3.40780925
v 50.27374956 16.82667077 -3.29832728
v 53.10358546 17.01224046 -3.74977385
v 47.39623949 15.68509970 -3.44914497
v 45.72363970 15.08981614 -3.81259397
v 45.72518084 14.47765639 -3.89151232
v 47.41889880 14.19813834 -3.45006025
v 58.96811793 16.99262522 -4.18684660
v 56.87459681 16.86092661 -4.19906886
v 56.98729822 16.16861248 -4.07547256
v 58.85294459 15.65311718 -4.04924262
v 43.33747790 18.68297666 -4.47468867
v 40.38153765 18.03374571 -4.41366867
v 41.73258135 16.15802290 -3.97597000
v 40.11608050 16.09891030 -4.28204604
v 39.20745776 15.68881504 -4.53679145
v 40.90476916 15.28143592 -4.37507874
v 43.40467760 15.63769822 -3.81570685
v 43.49943468 16.97965528 -3.96628080
v 41.73258135 16.15802290 -3.97597000
v 40.11608050 16.09891030 -4.28204604
v 43.16247484 50.60488924 -19.61284695
v 42.51316759 50.78408845 -19.68518889
v 41.98611376 50.20964084 -19.53301290
v 43.40611956 49.99770778 -19.09079790
v 41.49307940 51.09692022 -20.33432835
v 39.75384447 51.21975711 -21.41820593
v 39.81722948 49.76129557 -20.09061475
v 41.09832690 50.34820204 -19.89008384
v 41.24666521 53.65929396 -22.66433060
v 41.17885515 53.12088764 -22.35521796
v 42.24475786 53.08460997 -21.70476629
v 41.59742663 53.89141066 -22.67839924
v 43.08655474 53.61741637 -21.68523513
v 42.33464739 53.87216556 -22.36196247
v 42.24475786 53.08460997 -21.70476629
v 43.43144915 52.64964308 -20.81087584
v 39.75384447 51.21975711 -21.41820593
v 38.18691942 51.38661183 -22.31794046
v 38.97240374 50.27932754 -20.75478415
v 39.81722948 49.76129557 -20.09061475
v 42.95232317 51.43176296 -20.03189920
v 41.49307940 51.09692022 -20.33432835
v 41.98611376 50.20964084 -19.53301290
v 43.00344775 54.14981831 -22.28191491
v 42.33464739 53.87216556 -22.36196247
v 43.08655474 53.61741637 -21.68523513
v 43.74449084 54.00151821 -21.88605612
v 42.86077807 54.51119980 -22.57494475
v 42.37135241 54.25542433 -22.65883753
v 43.00344775 54.14981831 -22.28191491
v 43.18367693 54.58850845 -22.59656647
v 40.08331988 51.84916681 -21.98806077
v 40.72731707 51.97852323 -21.78148731
v 41.17885515 53.12088764 -22.35521796
v 40.97415087 44.77867884 -16.10919915
v 40.57273791 43.50675592 -15.21356906
v 41.71401903 43.60514079 -15.16893711
v 42.77169726 44.02102669 -15.27460430
v 34.89209673 36.04818078 -11.62854587
v 36.05805132 36.43586845 -11.67552774
v 33.64385912 36.59146217 -12.64960309
v 34.31279681 36.02130239 -11.82228671
v 37.30431292 35.87824375 -10.97777375
v 37.03658984 36.89827080 -11.66768480
v 35.95037768 37.96817832 -12.56241459
v 36.05805132 36.43586845 -11.67552774
v 36.05805132 36.43586845 -11.67552774
v 35.95037768 37.96817832 -12.56241459
v 34.67465899 37.26060584 -12.69936211
v 33.64385912 36.59146217 -12.64960309
v 40.25046465 36.37117843 -11.12312905
v 38.76611254 37.23005029 -11.57581169
v 38.21247027 35.78804141 -11.06786162
v 37.30431292 35.87824375 -10.97777375
v 37.20036242 34.59410981 -10.40770518
v 39.80359576 42.89423001 -15.03348473
v 39.50148699 42.27132436 -14.54177015
v 40.14963457 42.12519096 -14.37538829
v 40.57273791 43.50675592 -15.21356906
v 41.71401903 43.60514079 -15.16893711
v 41.54291460 42.82105272 -14.72676780
v 42.36708758 42.59820961 -14.36562274
v 43.11233446 42.71283743 -14.48955464
v 42.02293322 41.89969664 -14.01962958
v 41.54463885 40.99327120 -13.78838249
v 43.19015429 41.81600980 -14.04039678
v 42.36708758 42.59820961 -14.36562274
v 42.02293322 41.89969664 -14.01962958
v 43.19015429 41.81600980 -14.04039678
v 43.11233446 42.71283743 -14.48955464
v 36.92872546 43.69288627 -16.29279272
v 36.22638628 41.96882638 -15.25995552
v 37.03629229 42.28966528 -15.45221632
v 37.59818194 43.73851005 -16.30435889
v 33.79357073 42.05045305 -16.59555734
v 33.00772784 40.22899727 -15.51526530
v 33.92504046 40.52102001 -15.34525192
v 34.42059252 41.68721003 -16.09599979
v 34.08980486 42.47977048 -16.87961503
v 33.79357073 42.05045305 -16.59555734
v 34.42059252 41.68721003 -16.09599979
v 34.96445391 42.27637477 -16.05396192
v 34.42059252 41.68721003 -16.09599979
v 34.57936022 40.58769240 -14.93833054
v 34.96445391 42.27637477 -16.05396192
v 34.96445391 42.27637477 -16.05396192
v 34.57936022 40.58769240 -14.93833054
v 35.56275103 42.59642024 -16.06700824
v 39.66287920 43.94089510 -15.68724772
v 38.86579058 42.99997338 -15.25560694
v 39.80359576 42.89423001 -15.03348473
v 40.57273791 43.50675592 -15.21356906
v 37.88000414 36.59092831 -11.43875714
v 37.88729021 37.66819061 -12.04315795
v 37.03658984 36.89827080 -11.66768480
v 41.01525042 36.03672108 -10.87087069
v 41.38659594 36.58207013 -11.30696698
v 40.78800890 37.17681194 -11.34326773
v 40.25046465 36.37117843 -11.12312905
v 40.62317583 34.95805457 -10.47188370
v 41.01525042 36.03672108 -10.87087069
v 40.25046465 36.37117843 -11.12312905
v 40.01241991 35.62172021 -10.58255581
v 31.30058977 39.56414885 -16.10056182
v 31.63658068 39.20890911 -15.28941980
v 31.75365374 40.53022081 -16.87462509
v 29.56568072 38.13712396 -16.40280768
v 31.24464342 38.62584794 -15.04387527
v 31.63658068 39.20890911 -15.28941980
v 42.89583514 35.50519646 -10.59059717
v 43.34142992 36.18594440 -10.91322912
v 43.30917284 36.82244186 -11.09580063
v 41.89570544 35.30323879 -10.43224143
v 40.87209246 34.58888347 -10.21184336
v 41.76178667 36.05897604 -10.73924838
v 41.01525042 36.03672108 -10.87087069
v 40.62317583 34.95805457 -10.47188370
v 33.15003130 39.29360309 -14.85196559
v 32.22342608 37.75874450 -14.15497437
v 32.92406390 37.95337807 -13.65994877
v 33.98277972 38.73638283 -13.66388566
v 31.33989641 37.89090084 -14.36821597
v 32.15394518 36.96695083 -13.25481250
v 32.22342608 37.75874450 -14.15497437
v 31.63658068 39.20890911 -15.28941980
v 31.24464342 38.62584794 -15.04387527
v 31.33989641 37.89090084 -14.36821597
v 36.54670641 38.22065786 -12.66936348
v 35.95037768 37.96817832 -12.56241459
v 37.03658984 36.89827080 -11.66768480
v 37.20127032 38.20295767 -12.62142036
v 34.67929003 35.18201583 -11.07761189
v 34.89209673 36.04818078 -11.62854587
v 33.88765642 34.69561139 -11.18956554
v 36.12561724 40.03663660 -14.27034644
v 34.98680804 38.17113541 -12.97307441
v 36.54670641 38.22065786 -12.66936348
v 40.65025255 38.91604666 -12.59572468
v 40.65621111 39.84928942 -12.83789707
v 36.35782549 35.04622018 -10.64879412
v 35.54680559 35.19059880 -10.94299885
v 35.84880755 34.04905838 -10.27989747
v 35.54680559 35.19059880 -10.94299885
v 34.67929003 35.18201583 -11.07761189
v 34.82632372 34.22046801 -10.50310307
v 39.79144976 41.19453463 -13.76424312
v 39.36875078 39.94227641 -13.25647619
v 40.01254198 39.89570662 -13.04801061
v 40.78484270 40.52223243 -13.47524154
v 38.71915362 40.21236459 -13.38027079
v 39.36875078 39.94227641 -13.25647619
v 39.79144976 41.19453463 -13.76424312
v 42.43421099 39.46330312 -12.63701505
v 42.31349871 38.71432551 -12.32271439
v 42.96820757 38.66561950 -12.06386429
v 43.53623888 39.65467123 -12.59107087
v 42.31349871 38.71432551 -12.32271439
v 42.64434740 37.75119848 -11.69940796
v 42.96820757 38.66561950 -12.06386429
v 41.69179461 37.33202431 -11.55624993
v 41.38659594 36.58207013 -11.30696698
v 41.76178667 36.05897604 -10.73924838
v 42.64434740 37.75119848 -11.69940796
v 29.55846331 35.82840858 -13.68767364
v 30.26648638 37.28881188 -14.57445366
v 28.76955340 34.99299767 -13.42990678
v 29.55846331 35.82840858 -13.68767364
v 28.02400133 33.74392091 -12.93927547
v 30.64895556 36.23629131 -13.44913306
v 30.86650774 36.95960360 -13.99094226
v 30.26648638 37.28881188 -14.57445366
v 26.05256579 34.21226647 -14.54074650
v 27.96633074 35.77488822 -14.65918547
v 27.24980852 35.74865824 -15.43157011
v 31.50370714 36.28756088 -13.23392310
v 32.15394518 36.96695083 -13.25481250
v 30.86650774 36.95960360 -13.99094226
v 33.64385912 36.59146217 -12.64960309
v 33.49626849 37.80649702 -13.31633607
v 32.30323717 36.42974996 -12.90112894
v 31.89931414 35.11866905 -12.02866168
v 32.30323717 36.42974996 -12.90112894
v 31.50370714 36.28756088 -13.23392310
v 30.87547228 35.50063464 -13.02728845
v 32.88791582 35.85144912 -12.22327240
v 31.89931414 35.11866905 -12.02866168
v 41.09832690 50.34820204 -19.89008384
v 39.81722948 49.76129557 -20.09061475
v 40.15013811 49.40291626 -19.75524177
v 41.69403002 49.75830498 -19.28644605
v 40.15013811 49.40291626 -19.75524177
v 40.31147692 49.02939163 -19.53687318
v 40.93054125 49.03185217 -19.15830262
v 43.82703326 49.71918915 -18.82724805
v 42.03050158 48.99393795 -18.85080750
v 43.20602343 48.38553201 -18.02915213
v 42.03050158 48.99393795 -18.85080750
v 40.93054125 49.03185217 -19.15830262
v 40.31147692 49.02939163 -19.53687318
v 40.19233630 47.97452498 -18.65785994
v 31.59022448 44.61637016 -21.86505849
v 32.44809649 45.04993738 -20.79408994
v 32.46388933 45.36572938 -21.33716555
v 31.66080401 45.05990878 -22.14626279
v 40.31147692 49.02939163 -19.53687318
v 40.15013811 49.40291626 -19.75524177
v 39.58148882 48.57822360 -19.34166742
v 40.19233630 47.97452498 -18.65785994
v 29.07547686 41.60797880 -21.77283388
v 28.95458910 40.76844802 -20.76364796
v 29.42819903 41.63517765 -21.41974551
v 37.16153643 48.65631023 -20.71038081
v 36.32942126 49.01985836 -21.65998109
v 36.22464678 48.17681797 -21.15619677
v 32.87882159 42.43215908 -17.91223831
v 34.08980486 42.47977048 -16.87961503
v 33.89578173 43.54255264 -17.68578281
v 33.08916399 43.24278220 -18.17835173
v 37.31104967 44.49908046 -16.99401050
v 36.92872546 43.69288627 -16.29279272
v 37.59818194 43.73851005 -16.30435889
v 38.26084063 44.45046599 -16.79256396
v 34.93060992 47.54698090 -21.39553077
v 34.94554064 48.36992542 -22.10253164
v 34.59805224 48.05641069 -22.21553818
v 34.50919268 46.34285282 -20.22444903
v 36.22464678 48.17681797 -21.15619677
v 34.94554064 48.36992542 -22.10253164
v 34.93060992 47.54698090 -21.39553077
v 35.57389757 47.44065774 -20.86287695
v 38.33351061 47.65914865 -18.98558816
v 38.53047869 46.28221096 -17.89217363
v 38.82498858 45.86075947 -17.42931346
v 39.44615862 47.11418871 -18.49604035
v 34.50179217 43.11280036 -17.25186855
v 34.08980486 42.47977048 -16.87961503
v 35.27403185 43.93504310 -17.24423929
v 38.53047869 46.28221096 -17.89217363
v 37.47762987 46.02944913 -17.84880811
v 37.31104967 44.49908046 -16.99401050
v 38.11476061 45.39633916 -17.38213321
v 39.72930071 46.43294876 -17.67995442
v 39.46839831 45.90531901 -17.02591686
v 40.10102007 45.80328351 -16.90222910
v 38.82498858 45.86075947 -17.42931346
v 38.11476061 45.39633916 -17.38213321
v 39.23831103 44.98141848 -16.57259334
v 33.58078120 46.26421270 -21.09757219
v 33.23970148 46.95212061 -22.67498014
v 33.25659869 45.98308471 -21.45023328
v 35.57389757 47.44065774 -20.86287695
v 34.93060992 47.54698090 -21.39553077
v 40.10102007 45.80328351 -16.90222910
v 39.46839831 45.90531901 -17.02591686
v 39.23831103 44.98141848 -16.57259334
v 37.61407397 50.25214761 -22.00350241
v 37.84606097 49.37634289 -20.88607062
v 38.03912279 51.21571340 -22.27689429
v 39.58148882 48.57822360 -19.34166742
v 38.16305468 48.79382259 -19.77832822
v 38.33351061 47.65914865 -18.98558816
v 39.37300799 47.67356822 -18.86267862
v 37.84606097 49.37634289 -20.88607062
v 37.26168749 49.25222311 -21.05439030
v 37.16153643 48.65631023 -20.71038081
v 38.16305468 48.79382259 -19.77832822
v 39.81722948 49.76129557 -20.09061475
v 38.97240374 50.27932754 -20.75478415
v 38.42081377 49.54762288 -20.42295114
v 40.15013811 49.40291626 -19.75524177
v 32.94922564 41.74921394 -17.19354924
v 33.79357073 42.05045305 -16.59555734
v 34.08980486 42.47977048 -16.87961503
v 32.87882159 42.43215908 -17.91223831
v 31.42919085 44.21978288 -21.29285384
v 31.59022448 44.61637016 -21.86505849
v 31.26907275 44.54536326 -22.64337880
v 32.26869890 42.69446519 -18.50075459
v 32.87882159 42.43215908 -17.91223831
v 33.27156756 44.15171761 -19.03504133
v 26.02976153 37.05268184 -19.18813160
v 26.55866930 36.77401785 -18.44530319
v 27.26854632 37.43827108 -18.48116145
v 27.04909441 38.27004275 -19.57668161
v 31.26907275 44.54536326 -22.64337880
v 31.63039324 45.37201578 -22.67552920
v 31.46993182 45.54679371 -23.04633306
v 30.60227129 44.06478095 -23.10160015
v 31.60441515 41.43269413 -17.64720824
v 30.99607775 40.61888188 -17.59578599
v 31.75365374 40.53022081 -16.87462509
v 32.31674883 41.75469179 -17.52953252
v 29.07547686 41.60797880 -21.77283388
v 29.42819903 41.63517765 -21.41974551
v 29.88610766 42.48342512 -21.78044816
v 29.44646380 42.34797658 -22.25290602
v 29.56912920 42.79296101 -22.33739401
v 29.88610766 42.48342512 -21.78044816
v 30.18501208 42.90214916 -21.87552574
v 30.01038286 43.45414717 -22.65657747
v 29.46669695 40.36761512 -19.32555280
v 29.74693224 41.48540513 -20.65145020
v 32.44809649 45.04993738 -20.79408994
v 33.31603930 45.23063589 -20.12409180
v 33.25659869 45.98308471 -21.45023328
v 32.46388933 45.36572938 -21.33716555
v 27.72582171 38.92973358 -19.76187764
v 27.04909441 38.27004275 -19.57668161
v 27.63342974 37.97898917 -18.43512577
v 28.34366534 38.70336968 -18.35103470
v 28.73889849 39.78028895 -20.05837130
v 29.40108416 38.99321050 -17.54335653
v 29.46669695 40.36761512 -19.32555280
v 29.40108416 38.99321050 -17.54335653
v 29.78429339 40.08955439 -18.21231728
v 29.40108416 38.99321050 -17.54335653
v 28.21729204 37.73329235 -17.16206970
v 28.45077441 36.95029544 -15.82900073
v 29.56568072 38.13712396 -16.40280768
v 28.34366534 38.70336968 -18.35103470
v 27.63342974 37.97898917 -18.43512577
v 28.21729204 37.73329235 -17.16206970
v 29.40108416 38.99321050 -17.54335653
v 29.78429339 40.08955439 -18.21231728
v 30.53574297 41.72735634 -19.30272587
v 30.90042803 41.32265525 -18.39862729
v 33.27156756 44.15171761 -19.03504133
v 34.08386919 44.68701885 -18.81102713
v 34.50919268 46.34285282 -20.22444903
v 33.86740801 45.89263082 -20.14884166
v 27.54547808 37.07417364 -17.53150014
v 28.21729204 37.73329235 -17.16206970
v 27.63342974 37.97898917 -18.43512577
v 28.05026934 36.92964263 -16.09575487
v 28.45077441 36.95029544 -15.82900073
v 28.21729204 37.73329235 -17.16206970
v 30.18501208 42.90214916 -21.87552574
v 31.11800310 43.02349113 -20.24886256
v 31.57696459 43.87699053 -20.36173196
v 33.23970148 46.95212061 -22.67498014
v 32.82003138 46.60568505 -22.76366416
v 32.63761828 46.11940658 -22.34618362
v 32.63761828 46.11940658 -22.34618362
v 32.82003138 46.60568505 -22.76366416
v 32.23171351 46.25245170 -22.82118974
v 31.63039324 45.37201578 -22.67552920
v 31.11800310 43.02349113 -20.24886256
v 31.00414965 42.10206642 -19.27196421
v 32.30904314 44.15536049 -19.96486616
v 31.57696459 43.87699053 -20.36173196
v 32.46388933 45.36572938 -21.33716555
v 32.63761828 46.11940658 -22.34618362
v 31.63039324 45.37201578 -22.67552920
v 22.84783099 34.31332510 -18.01222784
v 24.32210467 35.21572978 -17.59029195
v 24.14557574 35.67953585 -18.79791837
v 25.71026537 36.21265517 -18.09920324
v 24.32210467 35.21572978 -17.59029195
v 38.86987994 16.15576453 -4.36464187
v 39.18979571 17.99312679 -4.57826522
v 38.02068255 19.06746088 -4.87947389
v 37.29029772 16.97798620 -4.93353544
v 26.41724894 18.19340773 -5.78032213
v 27.53955576 18.09639238 -5.62739853
v 26.96679423 18.35174817 -5.88434132
v 25.68925211 18.45330305 -5.80395804
v 36.87089464 15.96867075 -4.67376965
v 37.29029772 16.97798620 -4.93353544
v 36.10255358 17.42394622 -5.06054967
v 35.88877032 16.25075232 -4.85432694
v 27.53955576 18.09639238 -5.62739853
v 28.65357706 18.00390890 -5.39088729
v 29.12273142 18.59375263 -5.49228204
v 26.96679423 18.35174817 -5.88434132
v 30.89957163 17.68233758 -5.16723916
v 32.00217173 17.53806671 -5.00805945
v 32.83084605 18.30258256 -5.16269215
v 29.75532267 17.86947136 -5.22781659
v 36.10255358 17.42394622 -5.06054967
v 33.88120768 18.08725815 -5.20270066
v 33.86985514 16.91070256 -4.94546780
v 34.91442034 16.59360206 -4.80885581
v 38.86987994 16.15576453 -4.36464187
v 36.87089464 15.96867075 -4.67376965
v 37.50846789 15.71950235 -4.65382637
v 39.20745776 15.68881504 -4.53679145
v 37.21715472 30.73665779 -8.89070626
v 36.62966082 30.25740979 -8.57404053
v 37.71936724 29.69616870 -8.20442679
v 38.49132464 30.07081008 -8.44737729
v 26.96679423 18.35174817 -5.88434132
v 29.12273142 18.59375263 -5.49228204
v 26.87381480 19.40827434 -5.97690131
v 26.38474772 18.73537699 -6.01629939
v 26.87381480 19.40827434 -5.97690131
v 28.35061381 20.93437445 -6.27336457
v 26.68385813 20.49326574 -6.31480737
v 28.94017527 19.30283616 -5.68594670
v 30.41766856 20.28745531 -5.60309164
v 29.95780108 21.63947549 -6.12997785
v 28.35061381 20.93437445 -6.27336457
v 29.75532267 17.86947136 -5.22781659
v 32.83084605 18.30258256 -5.16269215
v 32.83098337 19.47078876 -5.29280403
v 29.12273142 18.59375263 -5.49228204
v 32.83098337 19.47078876 -5.29280403
v 32.14549753 20.96026014 -5.63479951
v 30.41766856 20.28745531 -5.60309164
v 29.12273142 18.59375263 -5.49228204
v 29.95780108 21.63947549 -6.12997785
v 29.45377276 22.79229978 -6.80865845
v 28.12625048 22.09866576 -6.69913075
v 28.35061381 20.93437445 -6.27336457
v 28.35061381 20.93437445 -6.27336457
v 28.12625048 22.09866576 -6.69913075
v 26.43927691 21.48913821 -6.49118388
v 26.68385813 20.49326574 -6.31480737
v 38.84889147 27.81901686 -7.47211142
v 37.71590349 27.12834305 -7.34828624
v 39.05131457 26.30840441 -7.20354123
v 39.31114886 27.19352097 -7.29253063
v 39.05131457 26.30840441 -7.20354123
v 39.08739397 25.55780176 -6.76752121
v 39.97425768 25.21389156 -6.65877176
v 40.63144610 25.93208456 -7.00568045
v 40.63144610 25.93208456 -7.00568045
v 39.97425768 25.21389156 -6.65877176
v 40.76928637 24.79907381 -6.26869601
v 41.40718767 25.56305080 -6.64778549
v 37.20036242 34.59410981 -10.40770518
v 36.35782549 35.04622018 -10.64879412
v 35.84880755 34.04905838 -10.27989747
v 31.59987566 23.65577845 -6.75711441
v 29.45377276 22.79229978 -6.80865845
v 29.95780108 21.63947549 -6.12997785
v 31.91520617 22.77785647 -6.25378785
v 36.87779925 19.43544944 -5.05388191
v 35.64015887 19.76753409 -5.09324964
v 35.39832995 18.70691762 -4.94674983
v 36.10255358 17.42394622 -5.06054967
v 40.48007891 31.05733607 -8.62552381
v 39.99832079 30.49974990 -8.42493168
v 41.34821245 29.77620864 -8.45631889
v 41.24008868 30.59781048 -8.62035101
v 40.62470171 32.12870148 -9.00560517
v 40.48007891 31.05733607 -8.62552381
v 41.24008868 30.59781048 -8.62035101
v 41.74236986 31.19071309 -8.96176651
v 41.48962328 32.11301519 -9.12131256
v 40.62470171 32.12870148 -9.00560517
v 41.74236986 31.19071309 -8.96176651
v 42.88783190 32.08350469 -9.11328643
v 41.24008868 30.59781048 -8.62035101
v 41.34821245 29.77620864 -8.45631889
v 42.96786425 29.25438055 -7.94435592
v 42.77193377 30.17736177 -8.21138488
v 35.64015887 19.76753409 -5.09324964
v 34.40817187 20.07071857 -5.24040545
v 33.88120768 18.08725815 -5.20270066
v 35.39832995 18.70691762 -4.94674983
v 35.89077685 20.78424239 -5.52174712
v 34.56177447 21.13408065 -5.52510411
v 34.40817187 20.07071857 -5.24040545
v 35.64015887 19.76753409 -5.09324964
v 34.56177447 21.13408065 -5.52510411
v 33.24822161 21.40928813 -5.77249490
v 34.40817187 20.07071857 -5.24040545
v 35.99574206 21.71206830 -5.67093245
v 33.97647784 22.17364660 -6.10283255
v 34.56177447 21.13408065 -5.52510411
v 35.89077685 20.78424239 -5.52174712
v 30.37053606 27.69043944 -8.57284993
v 29.19383929 26.47552710 -8.14629028
v 31.37045214 25.72567978 -7.58366809
v 33.97647784 22.17364660 -6.10283255
v 31.91520617 22.77785647 -6.25378785
v 32.14549753 20.96026014 -5.63479951
v 33.24822161 21.40928813 -5.77249490
v 38.02068255 19.06746088 -4.87947389
v 39.04324267 19.18905054 -4.88405154
v 35.99574206 21.71206830 -5.67093245
v 36.87779925 19.43544944 -5.05388191
v 39.04324267 19.18905054 -4.88405154
v 38.93792651 21.21494461 -5.50697668
v 37.54430315 21.49848339 -5.74203837
v 35.99574206 21.71206830 -5.67093245
v 41.89390490 33.60370735 -9.67096490
v 41.99373553 32.67402740 -9.47322610
v 42.88783190 32.08350469 -9.11328643
v 43.85571978 33.12249849 -9.31917344
v 34.36669085 33.57917933 -10.41272515
v 34.67929003 35.18201583 -11.07761189
v 33.88765642 34.69561139 -11.18956554
v 33.49380419 33.77707812 -10.86115048
v 31.35123369 31.21745493 -9.80708817
v 30.53501055 32.84029551 -10.91751629
v 30.36579821 33.76397853 -11.84711239
v 29.70711443 32.95745239 -11.55716475
v 30.30463335 31.44616870 -10.39304097
v 30.53501055 32.84029551 -10.91751629
v 29.81021044 32.55047766 -11.15431739
v 29.76603625 31.86713573 -10.86591091
v 31.41176531 31.83678610 -10.24840297
v 30.53501055 32.84029551 -10.91751629
v 30.30463335 31.44616870 -10.39304097
v 32.00559161 32.60234238 -10.57791664
v 32.17986224 33.12381909 -10.82239305
v 31.27397845 33.15532847 -10.89858019
v 31.41176531 31.83678610 -10.24840297
v 29.76603625 31.86713573 -10.86591091
v 28.86787340 32.08233039 -11.10548919
v 28.89873431 31.04662505 -10.45255018
v 31.35123369 31.21745493 -9.80708817
v 31.41176531 31.83678610 -10.24840297
v 30.30463335 31.44616870 -10.39304097
v 30.25873492 30.99158666 -10.06230664
v 31.03592608 30.59531599 -9.60429876
v 31.35123369 31.21745493 -9.80708817
v 30.25873492 30.99158666 -10.06230664
v 30.22838518 30.37294204 -9.50835146
v 40.13389513 23.46244973 -5.90413281
v 42.03252337 22.56554579 -5.59025937
v 41.45026324 23.62009590 -5.95935439
v 31.27397845 33.15532847 -10.89858019
v 31.67696307 34.01326145 -11.28745057
v 30.36579821 33.76397853 -11.84711239
v 39.90983507 29.32676822 -8.06372544
v 39.99832079 30.49974990 -8.42493168
v 39.40376971 30.54640364 -8.48097722
v 38.49132464 30.07081008 -8.44737729
v 41.48962328 32.11301519 -9.12131256
v 41.99373553 32.67402740 -9.47322610
v 41.89390490 33.60370735 -9.67096490
v 40.62470171 32.12870148 -9.00560517
v 40.62470171 32.12870148 -9.00560517
v 41.89390490 33.60370735 -9.67096490
v 40.64812395 33.25851554 -9.56021656
v 40.48007891 31.05733607 -8.62552381
v 39.88295672 32.79881402 -9.42207866
v 40.48007891 31.05733607 -8.62552381
v 39.80359576 31.93236685 -9.18498746
v 39.16247484 31.71775201 -9.03597009
v 39.40376971 30.54640364 -8.48097722
v 39.99832079 30.49974990 -8.42493168
v 39.16247484 31.71775201 -9.03597009
v 38.80903551 30.87443703 -8.83920787
v 39.88295672 32.79881402 -9.42207866
v 40.64812395 33.25851554 -9.56021656
v 39.54331896 33.47003294 -9.85925834
v 39.08149645 32.96453994 -9.57869490
v 39.16247484 31.71775201 -9.03597009
v 39.88295672 32.79881402 -9.42207866
v 39.08149645 32.96453994 -9.57869490
v 39.08149645 32.96453994 -9.57869490
v 39.54331896 33.47003294 -9.85925834
v 38.30564043 32.96164836 -9.82311018
v 40.38153765 18.03374571 -4.41366867
v 40.99049303 19.22750272 -4.70927738
v 39.04324267 19.18905054 -4.88405154
v 39.18979571 17.99312679 -4.57826522
v 40.99049303 19.22750272 -4.70927738
v 42.10298083 20.83954033 -5.00210906
v 39.86972735 20.01574884 -4.91566789
v 39.86972735 20.01574884 -4.91566789
v 38.93792651 21.21494461 -5.50697668
v 39.04324267 19.18905054 -4.88405154
v 36.15711901 26.56569810 -7.26392030
v 35.41602251 25.84390402 -6.98503529
v 36.44721911 25.47635032 -6.93349104
v 37.88673327 26.04000995 -7.14268913
v 38.40814898 24.67492826 -6.56169526
v 39.08739397 25.55780176 -6.76752121
v 32.80007098 23.51135405 -6.53439710
v 31.91520617 22.77785647 -6.25378785
v 34.90270159 22.78952183 -6.14854798
v 33.33118365 24.93225241 -7.00130101
v 32.80007098 23.51135405 -6.53439710
v 34.90270159 22.78952183 -6.14854798
v 34.94174883 24.32061150 -6.84618007
v 35.41602251 25.84390402 -6.98503529
v 34.56503985 24.98711537 -7.07173559
v 34.94174883 24.32061150 -6.84618007
v 36.44721911 25.47635032 -6.93349104
v 34.94174883 24.32061150 -6.84618007
v 36.78051684 24.22909698 -6.46626672
v 37.46599505 25.17674404 -6.65802408
v 34.90270159 22.78952183 -6.14854798
v 33.97647784 22.17364660 -6.10283255
v 35.99574206 21.71206830 -5.67093245
v 37.05538866 22.73715371 -5.90336975
v 29.29938433 33.76216280 -12.13799069
v 28.02400133 33.74392091 -12.93927547
v 27.56751177 32.46122147 -12.05147314
v 27.12441180 34.75733327 -14.39002027
v 26.05256579 34.21226647 -14.54074650
v 25.97513506 33.40943295 -13.91646353
v 37.54430315 21.49848339 -5.74203837
v 38.02946398 22.27204295 -5.78912712
v 38.02946398 22.27204295 -5.78912712
v 38.93792651 21.21494461 -5.50697668
v 26.73952410 33.26614542 -13.16759266
v 24.96646807 32.20340134 -13.48467012
v 28.02400133 33.74392091 -12.93927547
v 27.78019640 34.43531944 -13.49384102
v 26.96842882 33.79664763 -13.84168027
v 26.73952410 33.26614542 -13.16759266
v 40.64812395 33.25851554 -9.56021656
v 40.71803973 33.85216632 -9.79855894
v 39.59799120 34.35790369 -10.08583624
v 39.54331896 33.47003294 -9.85925834
v 41.89390490 33.60370735 -9.67096490
v 42.17061541 34.21566865 -10.09337406
v 41.53618548 34.35714812 -10.23668463
v 40.71803973 33.85216632 -9.79855894
v 40.71803973 33.85216632 -9.79855894
v 40.87209246 34.58888347 -10.21184336
v 40.62317583 34.95805457 -10.47188370
v 39.59799120 34.35790369 -10.08583624
v 38.94727251 23.36373296 -6.13560862
v 40.13389513 23.46244973 -5.90413281
v 40.76928637 24.79907381 -6.26869601
v 41.63404009 27.34439990 -7.20088637
v 41.92760393 26.27175954 -6.81253475
v 43.84264300 26.68520403 -7.02090884
v 43.31753466 27.64557022 -7.34587543
v 41.63404009 27.34439990 -7.20088637
v 43.84264300 26.68520403 -7.02090884
v 44.31913683 27.52942034 -7.24364153
v 30.22838518 30.37294204 -9.50835146
v 30.44621966 29.72780046 -9.38789848
v 31.17521593 29.70560656 -9.31958487
v 31.03592608 30.59531599 -9.60429876
v 31.03592608 30.59531599 -9.60429876
v 31.17521593 29.70560656 -9.31958487
v 31.35123369 31.21745493 -9.80708817
v 31.27334521 24.52795552 -7.05162444
v 31.59987566 23.65577845 -6.75711441
v 33.33118365 24.93225241 -7.00130101
v 33.41985247 26.11987538 -7.33940546
v 33.61353991 32.97119292 -10.13533553
v 33.49380419 33.77707812 -10.86115048
v 32.17986224 33.12381909 -10.82239305
v 38.21520159 28.35135014 -8.00754242
v 39.55975268 28.79319130 -7.83896339
v 35.75544665 29.92178510 -8.58859736
v 35.04973528 29.49664426 -8.42203235
v 35.88641283 28.91516236 -8.26973428
v 37.57411883 29.09562045 -8.09531109
v 37.57015154 27.79058970 -7.66663046
v 38.21520159 28.35135014 -8.00754242
v 37.02274248 28.14183936 -7.91385342
v 36.33666155 27.59692516 -7.58374469
v 37.71590349 27.12834305 -7.34828624
v 37.57015154 27.79058970 -7.66663046
v 35.88641283 28.91516236 -8.26973428
v 34.51660082 28.97184874 -8.35248270
v 36.15711901 26.56569810 -7.26392030
v 36.33666155 27.59692516 -7.58374469
v 33.79286883 32.63961948 -9.89136270
v 34.98810503 31.76664899 -9.33150232
v 35.24754259 31.36249710 -9.14769488
v 36.01639483 32.15855546 -9.50449128
v 38.30564043 32.96164836 -9.82311018
v 38.88664934 33.70599485 -9.86749812
v 37.80540392 34.07020699 -10.01117494
v 36.87105486 33.91102729 -10.07967162
v 28.12625048 22.09866576 -6.69913075
v 28.01282427 23.28610466 -7.10377877
v 26.43482134 22.44935847 -6.94220332
v 26.43927691 21.48913821 -6.49118388
v 28.01282427 23.28610466 -7.10377877
v 27.61656878 24.86014781 -7.84535618
v 26.44128344 24.34729228 -7.89912807
v 26.46149370 23.33998337 -7.55290598
v 36.42148516 31.94181203 -9.25696317
v 36.31055376 32.71091599 -9.49863199
v 36.01639483 32.15855546 -9.50449128
v 33.27107928 29.47252866 -8.71121692
v 32.90210650 28.37576512 -8.23317413
v 34.51660082 28.97184874 -8.35248270
v 33.80586932 29.81620186 -8.86989312
v 32.87808153 30.21840828 -8.85873901
v 33.27107928 29.47252866 -8.71121692
v 33.80586932 29.81620186 -8.86989312
v 33.66239092 30.79887546 -9.16602060
v 33.80586932 29.81620186 -8.86989312
v 34.51660082 28.97184874 -8.35248270
v 35.04973528 29.49664426 -8.42203235
v 34.51233599 30.23793953 -8.85167419
v 34.51233599 30.23793953 -8.85167419
v 35.04973528 29.49664426 -8.42203235
v 35.75544665 29.92178510 -8.58859736
v 35.58619616 31.04419104 -8.96733595
v 27.61656878 24.86014781 -7.84535618
v 26.45395586 25.28302218 -8.38161113
v 29.19383929 26.47552710 -8.14629028
v 28.27503130 26.87551329 -8.63750128
v 26.56365893 26.00615141 -8.60225334
v 27.43702624 25.73906164 -8.20915637
v 28.70288012 28.53338061 -9.29060824
v 29.36361620 29.06440935 -9.34871380
v 27.47750780 28.48966414 -9.52400667
v 26.28049395 27.26371200 -9.47636853
v 27.61879656 30.38170088 -10.61009707
v 27.32154772 31.06380633 -11.15414930
v 25.63411639 30.68004055 -11.71068305
v 25.96477434 30.10742405 -11.21269712
v 27.56751177 32.46122147 -12.05147314
v 26.48796770 31.92537117 -12.14178982
v 28.89873431 31.04662505 -10.45255018
v 27.61879656 30.38170088 -10.61009707
v 28.89873431 31.04662505 -10.45255018
v 28.86787340 32.08233039 -11.10548919
v 28.86787340 32.08233039 -11.10548919
v 29.70711443 32.95745239 -11.55716475
v 27.56751177 32.46122147 -12.05147314
v 28.14758227 32.02343166 -11.35530608
v 31.17521593 29.70560656 -9.31958487
v 32.37575457 29.34786433 -8.85518357
v 32.87808153 30.21840828 -8.85873901
v 30.37053606 27.69043944 -8.57284993
v 31.47762224 27.36504586 -8.01302016
v 32.90210650 28.37576512 -8.23317413
v 25.63411639 30.68004055 -11.71068305
v 25.78938219 32.12096583 -12.90131134
v 24.71752093 31.73135554 -12.91623437
v 24.62229082 30.59552206 -12.04242437
v 25.96477434 30.10742405 -11.21269712
v 25.63411639 30.68004055 -11.71068305
v 24.62229082 30.59552206 -12.04242437
v 23.97566912 29.72300166 -11.77243522
v 22.54874346 29.45723114 -12.26762866
v 23.23204729 30.17249490 -12.79150878
v 20.67763445 29.61525907 -13.43800832
v 23.52621386 31.23659698 -13.33868913
v 24.03468249 31.95014355 -13.74945584
v 22.28136370 31.53892698 -14.18672690
v 21.45581744 30.57455616 -14.01062505
v 23.66707537 28.00145902 -10.54848169
v 20.77101824 28.01977790 -12.10240625
v 20.53010485 26.85518046 -11.66409735
v 20.77101824 28.01977790 -12.10240625
v 20.12832567 26.43377086 -11.60417602
v 20.53010485 26.85518046 -11.66409735
v 23.19898150 28.84104325 -11.31039894
v 23.28802416 29.46618050 -11.76413440
v 22.54874346 29.45723114 -12.26762866
v 20.77101824 28.01977790 -12.10240625
v 18.22087786 30.32751649 -16.19606508
v 17.40082476 29.94563476 -16.25548274
v 17.21320269 29.75019257 -16.19258598
v 18.12366411 29.22173510 -15.15280623
v 24.67434428 18.61169686 -6.15605462
v 26.87381480 19.40827434 -5.97690131
v 26.68385813 20.49326574 -6.31480737
v 25.68925211 18.45330305 -5.80395804
v 26.96679423 18.35174817 -5.88434132
v 26.38474772 18.73537699 -6.01629939
v 24.67434428 18.61169686 -6.15605462
v 25.14554522 32.78023685 -14.24010234
v 24.85335467 33.88045641 -15.28996824
v 24.71752093 31.73135554 -12.91623437
v 24.96646807 32.20340134 -13.48467012
v 24.03468249 31.95014355 -13.74945584
v 23.52621386 31.23659698 -13.33868913
v 20.79206774 32.98817568 -17.67896041
v 19.14567492 32.66549053 -18.56314615
v 18.63785479 32.16992325 -18.32117219
v 18.87204668 31.32164175 -16.84647112
v 26.34377215 26.57560933 -9.16954469
v 26.28049395 27.26371200 -9.47636853
v 25.36814043 27.17283065 -9.52881298
v 24.98719713 26.22654927 -9.16669124
v 18.87204668 31.32164175 -16.84647112
v 21.90672228 32.76773223 -15.98727946
v 21.90672228 32.76773223 -15.98727946
v 18.87204668 31.32164175 -16.84647112
v 19.93786547 31.36875330 -15.87750751
v 21.46588824 32.05564276 -15.57283538
v 24.03468249 31.95014355 -13.74945584
v 23.82117388 33.28534850 -15.27498402
v 21.90672228 32.76773223 -15.98727946
v 21.46588824 32.05564276 -15.57283538
v 19.60769579 29.86590027 -14.35152155
v 19.93786547 31.36875330 -15.87750751
v 18.12366411 29.22173510 -15.15280623
v 21.45581744 30.57455616 -14.01062505
v 21.46588824 32.05564276 -15.57283538
v 19.60769579 29.86590027 -14.35152155
v 22.84783099 34.31332510 -18.01222784
v 22.09907458 33.66858799 -17.56271906
v 23.81442950 34.12818273 -16.40331057
v 24.24763415 34.56476718 -16.88127695
v 21.43345568 33.88557550 -18.16815733
v 20.79206774 32.98817568 -17.67896041
v 22.09907458 33.66858799 -17.56271906
v 22.84783099 34.31332510 -18.01222784
v 25.97513506 33.40943295 -13.91646353
v 26.05256579 34.21226647 -14.54074650
v 25.14554522 32.78023685 -14.24010234
v 26.81291125 32.62812987 -12.63846352
v 26.73952410 33.26614542 -13.16759266
v 24.96646807 32.20340134 -13.48467012
v 25.78938219 32.12096583 -12.90131134
v 26.68385813 20.49326574 -6.31480737
v 26.43927691 21.48913821 -6.49118388
v 24.32464335 20.61718231 -6.64958522
v 25.12916300 19.50712072 -6.33635262
v 18.22087786 30.32751649 -16.19606508
v 18.63785479 32.16992325 -18.32117219
v 18.06205675 31.64209127 -17.98442589
v 21.19833300 33.92533984 -18.58502746
v 19.85472796 33.04358794 -18.57820663
v 20.79206774 32.98817568 -17.67896041
v 21.43345568 33.88557550 -18.16815733
v 17.40082476 29.94563476 -16.25548274
v 17.06624529 30.26388724 -16.77509034
v 17.05008623 30.04799829 -16.63158139
v 17.21320269 29.75019257 -16.19258598
v 23.82117388 33.28534850 -15.27498402
v 24.85335467 33.88045641 -15.28996824
v 23.49435351 21.44050833 -7.19363748
v 22.18616984 19.36114740 -6.99417425
v 24.32464335 20.61718231 -6.64958522
v 22.50664446 21.91503371 -7.66226549
v 21.24726794 22.83842681 -8.60100160
v 21.06469652 21.47146066 -7.96521341
v 20.35372851 25.20031155 -10.59660745
v 20.12832567 26.43377086 -11.60417602
v 19.02444384 26.00134438 -11.75624504
v 19.11511919 25.30079056 -11.32185772
v 25.36096117 25.62677976 -8.66173204
v 24.98719713 26.22654927 -9.16669124
v 24.38705370 25.85341083 -9.24844777
v 24.50202105 24.78849242 -8.59639376
v 26.56365893 26.00615141 -8.60225334
v 26.34377215 26.57560933 -9.16954469
v 24.98719713 26.22654927 -9.16669124
v 25.36096117 25.62677976 -8.66173204
v 26.45395586 25.28302218 -8.38161113
v 26.56365893 26.00615141 -8.60225334
v 25.36096117 25.62677976 -8.66173204
v 24.50202105 24.78849242 -8.59639376
v 20.67763445 29.61525907 -13.43800832
v 18.10729143 28.13592743 -14.37297512
v 18.30840990 27.66623912 -13.75043171
v 20.76199267 28.97366573 -12.73849955
v 24.62229082 30.59552206 -12.04242437
v 24.71752093 31.73135554 -12.91623437
v 23.97566912 29.72300166 -11.77243522
v 26.44128344 24.34729228 -7.89912807
v 26.45395586 25.28302218 -8.38161113
v 25.04593584 23.61239851 -7.73006057
v 26.43927691 21.48913821 -6.49118388
v 26.43482134 22.44935847 -6.94220332
v 23.49435351 21.44050833 -7.19363748
v 24.32464335 20.61718231 -6.64958522
v 26.43482134 22.44935847 -6.94220332
v 26.46149370 23.33998337 -7.55290598
v 25.04593584 23.61239851 -7.73006057
v 23.49435351 21.44050833 -7.19363748
v 21.36555407 25.77088344 -10.65167652
v 20.53010485 26.85518046 -11.66409735
v 20.12832567 26.43377086 -11.60417602
v 23.17214892 26.96804996 -10.18169075
v 22.24069903 26.65013307 -10.30711794
v 23.30824969 23.29295571 -8.01118844
v 23.26666949 25.36322988 -9.15359906
v 22.25633929 22.95395878 -8.25749576
v 22.38370440 24.39496818 -9.03636562
v 22.24255297 25.14798172 -9.43863320
v 21.33167956 24.66881755 -9.75082795
v 21.33167956 24.66881755 -9.75082795
v 19.31565020 23.50551031 -10.05795667
v 20.32784197 23.68567092 -9.54147720
v 21.31178210 24.01907554 -9.03801351
v 21.33167956 24.66881755 -9.75082795
v 21.36555407 25.77088344 -10.65167652
v 19.31565020 23.50551031 -10.05795667
v 59.66937372 13.06946095 -3.59233302
v 58.32374689 13.89395436 -3.56161721
v 55.72306177 14.27235709 -3.43290939
v 53.82776758 14.71966853 -3.19946524
v 52.68801806 14.70828550 -3.04588553
v 51.19418261 14.92005462 -2.95662165
v 50.87811205 14.61809080 -3.00534291
v 50.43223498 14.30450744 -2.95967331
v 49.96743700 14.03616634 -3.14187846
v 49.13484118 12.98688042 -3.33069055
v 48.16134569 10.88109886 -3.40834218
v 52.69463274 10.36947171 -3.10571454
v 54.51793024 10.64810481 -3.21158006
v 56.47273371 10.38339536 -3.05607770
v 58.74900172 10.52628629 -3.08889938
v 58.61245081 11.60592952 -3.15991396
vt 1.04511476 3.09905481
vt 0.91919070 3.03992891
vt 0.95325714 3.20106816
vt 0.91919070 3.03992891
vt 0.78796494 2.97690582
vt 0.95325714 3.20106816
vt 0.39249611 3.64946961
vt 0.39574531 3.42097497
vt 0.24580473 3.56881309
vt 0.48111066 3.54045844
vt 0.39574531 3.42097497
vt 0.39249611 3.64946961
vt 0.53762305 3.26450777
vt 0.39574531 3.42097497
vt 0.48111066 3.54045844
vt 0.43015784 3.15875602
vt 0.22290760 3.25986218
vt 0.53762305 3.26450777
vt 0.43015784 3.15875602
vt 0.80885363 3.35168743
vt 0.53762305 3.26450777
vt 0.55503905 3.67296839
vt 0.55503905 3.67296839
vt 0.69360453 3.10826921
vt 0.53762305 3.26450777
vt 0.80885363 3.35168743
vt 0.88313383 3.27381945
vt 0.95325714 3.20106816
vt 0.69360453 3.10826921
vt 0.95325714 3.20106816
vt 0.78796494 2.97690582
vt 0.69360453 3.10826921
vt 0.88313383 3.27381945
vt 0.80885363 3.35168743
vt 1.04511476 3.09905481
vt 1.03028226 2.92802525
vt 0.91919070 3.03992891
vt 0.10814840 4.11758137
vt -0.05979154 4.07553482
vt 0.02644483 4.18362904
vt 0.10814840 4.11758137
vt 0.09743777 3.75551581
vt -0.05979154 4.07553482
vt -0.28719300 3.42340279
vt -0.36861259 3.51477623
vt -0.31769550 3.65329742
vt -1.03265512 3.85318923
vt -1.16081953 4.04822111
vt -1.00353611 4.01498556
vt -1.26308656 3.91105509
vt -1.23841083 4.06461716
vt -1.16081953 4.04822111
vt -0.05570842 4.24852848
vt -0.05979154 4.07553482
vt -0.15103132 4.14381790
vt -0.74841726 3.72662687
vt -0.89461344 3.83952355
vt -0.75630581 3.98583007
vt -0.99925601 3.66591716
vt -1.03265512 3.85318923
vt -0.89461344 3.83952355
vt -0.39659733 4.12388229
vt -0.42402607 3.97104907
vt -0.47420076 4.09153938
vt 0.17882474 3.67651272
vt 0.13387570 3.41048765
vt 0.09743777 3.75551581
vt 0.35471699 3.92396975
vt 0.17882474 3.67651272
vt 0.18977731 4.05133533
vt -1.03265512 3.85318923
vt -1.26308656 3.91105509
vt -1.16081953 4.04822111
vt -1.45113432 4.10626888
vt -1.52535379 4.12026930
vt -1.41874921 4.21860933
vt -0.27944809 4.11937523
vt -0.33676273 3.89371681
vt -0.39659733 4.12388229
vt -0.12396526 3.51823974
vt -0.28719300 3.42340279
vt -0.17961499 3.79173255
vt 0.09743777 3.75551581
vt 0.00685172 3.42782497
vt -0.12396526 3.51823974
vt -0.05979154 4.07553482
vt -0.17587841 4.00857449
vt -0.15103132 4.14381790
vt 0.17882474 3.67651272
vt 0.09743777 3.75551581
vt 0.18977731 4.05133533
vt 0.13387570 3.41048765
vt 0.00685172 3.42782497
vt -0.14019807 4.25587177
vt -0.05570842 4.24852848
vt -0.15103132 4.14381790
vt 0.24580473 3.56881309
vt 0.13387570 3.41048765
vt 0.17882474 3.67651272
vt -0.17587841 4.00857449
vt -0.12396526 3.51823974
vt -0.09693676 3.74136686
vt -0.09693676 3.74136686
vt -0.12396526 3.51823974
vt -0.17961499 3.79173255
vt -0.05979154 4.07553482
vt 0.09743777 3.75551581
vt -0.17587841 4.00857449
vt -0.17587841 4.00857449
vt -0.22965059 3.89834118
vt -1.48307145 3.96444273
vt -1.45113432 4.10626888
vt -1.34765232 4.08674908
vt -0.17961499 3.79173255
vt -0.31769550 3.65329742
vt -0.33676273 3.89371681
vt -1.68908012 3.92810917
vt -1.52535379 4.12026930
vt -1.45113432 4.10626888
vt -0.14019807 4.25587177
vt -0.15103132 4.14381790
vt -0.21955943 4.18995333
vt -0.22965059 3.89834118
vt -0.17961499 3.79173255
vt -0.33676273 3.89371681
vt -1.48307145 3.96444273
vt -1.68908012 3.92810917
vt -1.45113432 4.10626888
vt -0.42402607 3.97104907
vt -0.54516608 4.04936647
vt -0.47420076 4.09153938
vt -0.17961499 3.79173255
vt -0.28719300 3.42340279
vt -0.31769550 3.65329742
vt -0.15103132 4.14381790
vt -0.21955943 4.18995333
vt -0.42402607 3.97104907
vt -0.53370202 3.77481318
vt -0.54516608 4.04936647
vt -0.89461344 3.83952355
vt -1.03265512 3.85318923
vt -0.90784657 4.00143719
vt -0.33676273 3.89371681
vt -0.31769550 3.65329742
vt -0.42402607 3.97104907
vt -0.75630581 3.98583007
vt -0.73948860 4.17325783
vt -0.67931628 4.17571688
vt -0.33676273 3.89371681
vt -1.35396433 3.94054031
vt -1.48307145 3.96444273
vt -1.34765232 4.08674908
vt -0.99925601 3.66591716
vt -1.06640744 3.69767404
vt -1.03265512 3.85318923
vt -0.74841726 3.72662687
vt -0.75630581 3.98583007
vt -0.66146916 3.97606277
vt -0.99925601 3.66591716
vt -0.89461344 3.83952355
vt -0.87499660 3.61973524
vt -1.03265512 3.85318923
vt -1.00353611 4.01498556
vt -0.90784657 4.00143719
vt -1.00353611 4.01498556
vt -0.98762530 4.17749405
vt -0.92000544 4.16587973
vt -1.12286496 4.20072174
vt -1.05524516 4.18910789
vt 0.35471699 3.92396975
vt 0.24580473 3.56881309
vt 0.17882474 3.67651272
vt -0.31769550 3.65329742
vt -0.36861259 3.51477623
vt -0.44182670 3.63009787
vt -0.53370202 3.77481318
vt -0.55889356 3.57028198
vt -0.63134396 3.67211580
vt 0.02644483 4.18362904
vt -0.05979154 4.07553482
vt -0.05570842 4.24852848
vt 0.18977731 4.05133533
vt 0.10814840 4.11758137
vt -1.68908012 3.92810917
vt -1.77148223 3.95905495
vt -1.63974702 4.07726622
vt -1.68908012 3.92810917
vt -1.63974702 4.07726622
vt -1.52535379 4.12026930
vt 2.81090498 0.80217206
vt 2.74604249 0.90490663
vt 2.90076423 0.84993517
vt 2.62008238 1.08630967
vt 2.60582566 1.18513846
vt 2.69350505 1.12496233
vt 2.65053678 0.49421954
vt 2.61160135 0.62304175
vt 2.75424409 0.54940683
vt 2.48409891 1.13830423
vt 2.60582566 1.18513846
vt 2.62008238 1.08630967
vt 2.65053678 0.49421954
vt 2.75424409 0.54940683
vt 2.76843119 0.43931574
vt 2.51813316 0.56948900
vt 2.61160135 0.62304175
vt 2.65053678 0.49421954
vt 2.81090498 0.80217206
vt 2.90076423 0.84993517
vt 2.93748093 0.78812528
vt 2.62008238 1.08630967
vt 2.69350505 1.12496233
vt 2.74544954 1.00960898
vt 2.64157963 0.73760700
vt 2.74604249 0.90490663
vt 2.81090498 0.80217206
vt 2.87295437 0.42519832
vt 2.96963167 0.46384615
vt 2.98034859 0.35575306
vt 2.64157963 0.73760700
vt 2.59700680 0.90778679
vt 2.74604249 0.90490663
vt 2.85343647 0.55646408
vt 2.75424409 0.54940683
vt 2.94822931 0.67971611
vt 2.52331448 1.01363730
vt 2.62008238 1.08630967
vt 2.67826462 0.98687911
vt 2.74604249 0.90490663
vt 2.67826462 0.98687911
vt 2.74544954 1.00960898
vt 2.67826462 0.98687911
vt 2.62008238 1.08630967
vt 2.74544954 1.00960898
vt 2.59700680 0.90778679
vt 2.42364192 0.91113710
vt 2.52331448 1.01363730
vt 2.52331448 1.01363730
vt 2.48409891 1.13830423
vt 2.62008238 1.08630967
vt 2.47833085 0.71317613
vt 2.37709069 0.74663079
vt 2.42364192 0.91113710
vt 2.29726815 1.36237562
vt 2.10281396 1.31589651
vt 2.23074937 1.39601779
vt 2.28238750 0.67056561
vt 2.30742931 0.89899147
vt 2.37709069 0.74663079
vt 2.34119368 1.07149720
vt 2.36355782 1.32815504
vt 2.39671469 1.17801893
vt 1.33381557 2.68679857
vt 1.36900592 2.71110892
vt 1.46403408 2.53444123
vt 1.28308201 2.53737402
vt 1.38028097 2.52975583
vt 1.40641904 2.41724515
vt 1.28308201 2.53737402
vt 1.33381557 2.68679857
vt 1.38028097 2.52975583
vt 2.10281396 1.31589651
vt 2.16110635 1.43262053
vt 2.23074937 1.39601779
vt 1.62795806 1.26477695
vt 1.49954212 1.28057778
vt 1.69185615 1.35798073
vt 2.10671687 0.85540783
vt 2.07250905 1.04967415
vt 2.30742931 0.89899147
vt 2.10671687 0.85540783
vt 1.88911426 0.83491540
vt 2.02301621 0.93291289
vt 2.10671687 0.85540783
vt 2.02301621 0.93291289
vt 2.07250905 1.04967415
vt 1.49954212 1.28057778
vt 1.29796839 1.23936701
vt 1.35909200 1.34595215
vt 2.17021894 1.14566612
vt 2.04801917 1.19867647
vt 2.10281396 1.31589651
vt 1.75575781 1.90309525
vt 1.57241118 1.97890186
vt 1.71669054 1.98856366
vt 1.49954212 1.28057778
vt 1.35909200 1.34595215
vt 1.50644445 1.44717646
vt 1.84723628 1.66673744
vt 1.83129358 1.77406108
vt 1.87573278 1.70859480
vt 2.01308012 1.45104289
vt 1.88714719 1.58067286
vt 2.01472020 1.55300748
vt 1.88714719 1.58067286
vt 1.84723628 1.66673744
vt 1.93915176 1.61505508
vt 1.90126264 1.41498184
vt 1.69185615 1.35798073
vt 1.78728914 1.44574118
vt 1.90126264 1.41498184
vt 1.78728914 1.44574118
vt 1.69299805 1.53079164
vt 1.78515339 0.88062155
vt 1.88911426 0.83491540
vt 1.74557173 0.79814738
vt 1.78728914 1.44574118
vt 1.69185615 1.35798073
vt 1.69299805 1.53079164
vt 1.69185615 1.35798073
vt 1.49954212 1.28057778
vt 1.50644445 1.44717646
vt 1.69299805 1.53079164
vt 1.61954999 1.53594732
vt 1.68324804 1.63750839
vt 2.48409891 1.13830423
vt 2.49532509 1.26079607
vt 2.60582566 1.18513846
vt 1.72564304 1.74542260
vt 1.78037894 1.84906709
vt 1.83129358 1.77406108
vt 1.68703830 0.88878036
vt 1.78515339 0.88062155
vt 1.48347294 0.85972989
vt 1.59660935 0.91452885
vt 1.57335579 0.83258063
vt 2.10671687 0.85540783
vt 2.16619420 0.74789387
vt 2.10205650 0.68238074
vt 2.21700692 0.63668633
vt 2.28238750 0.67056561
vt 2.31027842 0.52610695
vt 1.78515339 0.88062155
vt 1.68703830 0.88878036
vt 1.69801617 1.04309571
vt 1.89623213 1.05154800
vt 1.69801617 1.04309571
vt 1.87336314 1.19122982
vt 1.59660935 0.91452885
vt 1.48347294 0.85972989
vt 1.52898622 1.01019239
vt 1.70140004 1.18389809
vt 1.57433617 1.14477348
vt 1.62795806 1.26477695
vt 1.41255093 0.96343875
vt 1.28474295 0.96403366
vt 1.33893609 1.05300057
vt 1.16763401 2.46946025
vt 1.18586147 2.57041907
vt 1.28308201 2.53737402
vt 1.28322494 2.37000751
vt 1.40641904 2.41724515
vt 0.86031854 1.26959980
vt 0.71621186 1.28897786
vt 0.79175580 1.36479020
vt 1.52201998 2.18804145
vt 1.63367069 2.17507744
vt 1.62402093 2.09600830
vt 1.38028097 2.52975583
vt 1.33381557 2.68679857
vt 1.46403408 2.53444123
vt 0.77829468 1.15688634
vt 0.67123199 1.12363029
vt 0.71621186 1.28897786
vt 1.32026112 2.22059822
vt 1.28322494 2.37000751
vt 1.40641904 2.41724515
vt 1.47364807 2.25323439
vt 1.55155599 2.37104607
vt 1.52201998 2.18804145
vt 1.25186050 2.75177813
vt 1.32081008 2.77255034
vt 1.33381557 2.68679857
vt 0.97702807 1.50419426
vt 0.91609418 1.62181365
vt 1.02255189 1.64314151
vt 0.92509937 1.33374512
vt 0.85320139 1.43023288
vt 0.89148796 1.49052215
vt 0.87865752 1.18693829
vt 0.86031854 1.26959980
vt 0.79175580 1.36479020
vt 0.76097047 1.45270705
vt 1.12379193 2.08100128
vt 1.06160319 2.19210935
vt 1.32026112 2.22059822
vt 0.99215519 1.75588059
vt 0.84297365 1.87484872
vt 1.04315376 1.93482757
vt 1.21119630 2.02864313
vt 1.12379193 2.08100128
vt 1.27981198 2.14293337
vt 1.25684810 1.70600426
vt 1.11713946 1.62835002
vt 1.16804063 1.77448916
vt 0.87865752 1.18693829
vt 0.86031854 1.26959980
vt 1.07301652 1.22875202
vt 1.14633036 1.29547822
vt 1.02212870 1.32888150
vt 1.17504168 1.36847389
vt 1.40825486 1.54036808
vt 1.19469082 1.53983629
vt 1.33762884 1.62727022
vt 1.50644445 1.44717646
vt 1.36479998 1.44416296
vt 1.40825486 1.54036808
vt 1.53883505 1.66487861
vt 1.37432837 1.71567667
vt 1.44972014 1.82034731
vt 1.52201998 2.18804145
vt 1.32026112 2.22059822
vt 1.47364807 2.25323439
vt 1.35471153 1.91441369
vt 1.24200749 1.89387894
vt 1.31922102 2.01366401
vt 1.49029982 2.00732493
vt 1.35471153 1.91441369
vt 1.52201998 2.18804145
vt 1.49029982 2.00732493
vt 1.52201998 2.18804145
vt 1.62402093 2.09600830
vt 1.57241118 1.97890186
vt 1.62402093 2.09600830
vt 1.64438987 2.03560925
vt 1.75575781 1.90309525
vt 1.58075726 1.88077354
vt 1.57241118 1.97890186
vt 1.57241118 1.97890186
vt 1.64438987 2.03560925
vt 1.71669054 1.98856366
vt 1.33893609 1.05300057
vt 1.23985505 1.04974997
vt 1.19944525 1.13379943
vt 1.69299805 1.53079164
vt 1.68324804 1.63750839
vt 1.88714719 1.58067286
vt 1.62402093 2.09600830
vt 1.63367069 2.17507744
vt 1.66108990 2.11034536
vt 1.88714719 1.58067286
vt 1.90126264 1.41498184
vt 1.88714719 1.58067286
vt 2.01308012 1.45104289
vt 1.88714719 1.58067286
vt 1.93915176 1.61505508
vt 2.01472020 1.55300748
vt 1.23985505 1.04974997
vt 1.13294911 1.01806915
vt 1.19944525 1.13379943
vt 2.01308012 1.45104289
vt 2.01472020 1.55300748
vt 2.16110635 1.43262053
vt 1.29796839 1.23936701
vt 1.18657899 1.21311522
vt 1.14633036 1.29547822
vt 1.72564304 1.74542260
vt 1.83129358 1.77406108
vt 1.41255093 0.96343875
vt 1.33893609 1.05300057
vt 1.43731618 1.15707362
vt 1.43731618 1.15707362
vt 1.29796839 1.23936701
vt 1.49954212 1.28057778
vt 1.88911426 0.83491540
vt 1.78515339 0.88062155
vt 1.89623213 1.05154800
vt 1.78515339 0.88062155
vt 1.69801617 1.04309571
vt 1.89623213 1.05154800
vt 1.87336314 1.19122982
vt 1.86024010 1.28883886
vt 1.98321164 1.30157733
vt 1.18657899 1.21311522
vt 1.07301652 1.22875202
vt 1.14633036 1.29547822
vt 1.05377197 1.08722758
vt 0.95235312 1.07017338
vt 0.87865752 1.18693829
vt 1.84723628 1.66673744
vt 1.87573278 1.70859480
vt 1.93915176 1.61505508
vt 1.58075726 1.88077354
vt 1.75575781 1.90309525
vt 1.78037894 1.84906709
vt 1.05377197 1.08722758
vt 0.87865752 1.18693829
vt 1.07301652 1.22875202
vt 1.68703830 0.88878036
vt 1.59660935 0.91452885
vt 1.69801617 1.04309571
vt 1.69801617 1.04309571
vt 1.70140004 1.18389809
vt 1.87336314 1.19122982
vt 1.69801617 1.04309571
vt 1.57433617 1.14477348
vt 1.70140004 1.18389809
vt 1.48347294 0.85972989
vt 1.41255093 0.96343875
vt 1.52898622 1.01019239
vt 2.39671469 1.17801893
vt 2.36355782 1.32815504
vt 2.49532509 1.26079607
vt 2.39671469 1.17801893
vt 2.30742931 0.89899147
vt 2.42364192 0.91113710
vt 2.37709069 0.74663079
vt 2.17021894 1.14566612
vt 2.10281396 1.31589651
vt 2.29726815 1.36237562
vt 1.88911426 0.83491540
vt 1.89623213 1.05154800
vt 2.02301621 0.93291289
vt 0.95235312 1.07017338
vt 0.77829468 1.15688634
vt 0.86031854 1.26959980
vt 0.92509937 1.33374512
vt 0.77829468 1.15688634
vt 0.71621186 1.28897786
vt 0.86031854 1.26959980
vt 0.67123199 1.12363029
vt 0.57542622 1.13302290
vt 1.22578526 1.62292016
vt 1.11713946 1.62835002
vt 1.25684810 1.70600426
vt 1.24927056 1.45139372
vt 1.07248163 1.49177086
vt 1.19469082 1.53983629
vt 1.19469082 1.53983629
vt 1.22578526 1.62292016
vt 1.33762884 1.62727022
vt 1.50644445 1.44717646
vt 1.40825486 1.54036808
vt 1.53883505 1.66487861
vt 1.35909200 1.34595215
vt 1.36479998 1.44416296
vt 1.50644445 1.44717646
vt 1.16804063 1.77448916
vt 1.24200749 1.89387894
vt 1.35471153 1.91441369
vt 1.44748938 1.89756513
vt 1.35471153 1.91441369
vt 1.49029982 2.00732493
vt 1.57241118 1.97890186
vt 1.49029982 2.00732493
vt 1.62402093 2.09600830
vt 1.27981198 2.14293337
vt 1.12379193 2.08100128
vt 1.32026112 2.22059822
vt 1.44972014 1.82034731
vt 1.58075726 1.88077354
vt 1.12379193 2.08100128
vt 0.94525319 2.04314613
vt 1.06160319 2.19210935
vt 1.52201998 2.18804145
vt 1.55155599 2.37104607
vt 1.63367069 2.17507744
vt 2.44233704 1.02762127
vt 2.48409891 1.13830423
vt 2.52331448 1.01363730
vt 2.42364192 0.91113710
vt 2.44233704 1.02762127
vt 2.52331448 1.01363730
vt 1.33381557 2.68679857
vt 1.32081008 2.77255034
vt 1.36900592 2.71110892
vt 1.02255189 1.64314151
vt 0.91609418 1.62181365
vt 0.99215519 1.75588059
vt 1.02212870 1.32888150
vt 0.92509937 1.33374512
vt 0.89148796 1.49052215
vt 0.92509937 1.33374512
vt 0.79175580 1.36479020
vt 0.85320139 1.43023288
vt 0.97702807 1.50419426
vt 0.89148796 1.49052215
vt 0.91609418 1.62181365
vt 1.11713946 1.62835002
vt 1.02255189 1.64314151
vt 0.99215519 1.75588059
vt 1.02212870 1.32888150
vt 1.14633036 1.29547822
vt 1.13294911 1.01806915
vt 1.19944525 1.13379943
vt 1.19944525 1.13379943
vt 1.18657899 1.21311522
vt 1.29796839 1.23936701
vt 1.28474295 0.96403366
vt 1.13294911 1.01806915
vt 1.23985505 1.04974997
vt 1.28474295 0.96403366
vt 1.23985505 1.04974997
vt 1.33893609 1.05300057
vt 2.08718300 -0.36137533
vt 2.14904761 -0.31218648
vt 2.11161613 -0.42238283
vt 2.35909867 0.11076045
vt 2.24725986 0.04359126
vt 2.21631074 0.11458820
vt 2.07219315 -0.28107834
vt 2.15279222 -0.23202944
vt 2.14904761 -0.31218648
vt 2.15957952 0.02866900
vt 2.17492270 -0.11069155
vt 2.14711881 -0.04154527
vt 2.31157780 0.03880966
vt 2.25930762 -0.06090117
vt 2.24725986 0.04359126
vt 2.35446596 -0.07191086
vt 2.32121468 -0.15772295
vt 2.31157780 0.03880966
vt 2.40831828 -0.20275736
vt 2.32121468 -0.15772295
vt 2.35446596 -0.07191086
vt 2.41764998 -0.15376842
vt 2.40831828 -0.20275736
vt 2.33922982 -0.22652972
vt 2.29382467 -0.21788204
vt 2.32121468 -0.15772295
vt 2.14904761 -0.31218648
vt 2.22517991 -0.24513078
vt 2.27099371 -0.32326293
vt 2.22517991 -0.24513078
vt 2.29059505 -0.26818919
vt 2.27099371 -0.32326293
vt 2.17222118 -0.18181658
vt 2.23384595 -0.16615713
vt 2.22517991 -0.24513078
vt 2.22517991 -0.24513078
vt 2.23384595 -0.16615713
vt 2.29059505 -0.26818919
vt 2.57167029 0.07315469
vt 2.40519810 0.04924285
vt 2.46550322 0.16818637
vt 2.49939060 0.02761179
vt 2.45219374 0.00186479
vt 2.40519810 0.04924285
vt 2.45219374 0.00186479
vt 2.41456866 -0.02202356
vt 2.40519810 0.04924285
vt 2.15279222 -0.23202944
vt 2.17222118 -0.18181658
vt 2.22517991 -0.24513078
vt 2.40986824 0.12900358
vt 2.35909867 0.11076045
vt 2.37128782 0.19526267
vt 2.46550322 0.16818637
vt 2.37128782 0.19526267
vt 2.45509458 0.26956427
vt 2.45626426 0.39176327
vt 2.38435793 0.43856543
vt 2.41915488 0.52698720
vt 2.38435793 0.43856543
vt 2.31375742 0.42816734
vt 2.31027842 0.52610695
vt 2.35909867 0.11076045
vt 2.21631074 0.11458820
vt 2.22953749 0.21414262
vt 2.41915488 0.52698720
vt 2.38435793 0.43856543
vt 2.31027842 0.52610695
vt 2.37128782 0.19526267
vt 2.22953749 0.21414262
vt 2.29901457 0.32311797
vt 2.37128782 0.19526267
vt 2.22953749 0.21414262
vt 2.54903889 0.21921718
vt 2.46550322 0.16818637
vt 2.45509458 0.26956427
vt 2.46550322 0.16818637
vt 2.40986824 0.12900358
vt 2.37128782 0.19526267
vt 2.14904761 -0.31218648
vt 2.15279222 -0.23202944
vt 2.22517991 -0.24513078
vt 2.08718300 -0.36137533
vt 2.07219315 -0.28107834
vt 2.14904761 -0.31218648
vt 2.57167029 0.07315469
vt 2.54903889 0.21921718
vt 2.65274382 0.13687634
vt 2.58630896 0.35467070
vt 2.65053678 0.49421954
vt 2.75526142 0.33445972
vt 2.51600146 -0.11731064
vt 2.45345116 -0.13242161
vt 2.41456866 -0.02202356
vt 2.51600146 -0.11731064
vt 2.41456866 -0.02202356
vt 2.55973125 -0.06786573
vt 2.49939060 0.02761179
vt 2.40519810 0.04924285
vt 2.57167029 0.07315469
vt 2.40519810 0.04924285
vt 2.35909867 0.11076045
vt 2.40986824 0.12900358
vt 2.54903889 0.21921718
vt 2.45509458 0.26956427
vt 2.58630896 0.35467070
vt 2.25930762 -0.06090117
vt 2.23384595 -0.16615713
vt 2.17492270 -0.11069155
vt 2.17222118 -0.18181658
vt 2.17492270 -0.11069155
vt 2.23384595 -0.16615713
vt 2.40519810 0.04924285
vt 2.40986824 0.12900358
vt 2.46550322 0.16818637
vt 2.29059505 -0.26818919
vt 2.23384595 -0.16615713
vt 2.29382467 -0.21788204
vt 2.21496153 -0.38545728
vt 2.27099371 -0.32326293
vt 2.45509458 0.26956427
vt 2.45626426 0.39176327
vt 2.75526142 0.33445972
vt 2.65053678 0.49421954
vt 2.76843119 0.43931574
vt 2.58630896 0.35467070
vt 2.51813316 0.56948900
vt 2.65053678 0.49421954
vt 2.33922982 -0.22652972
vt 2.29059505 -0.26818919
vt 2.29382467 -0.21788204
vt 2.57167029 0.07315469
vt 2.46550322 0.16818637
vt 2.54903889 0.21921718
vt 2.45345116 -0.13242161
vt 2.41764998 -0.15376842
vt 2.35446596 -0.07191086
vt 2.45345116 -0.13242161
vt 2.35446596 -0.07191086
vt 2.40519810 0.04924285
vt 2.31157780 0.03880966
vt 2.35909867 0.11076045
vt 2.31157780 0.03880966
vt 2.32121468 -0.15772295
vt 2.25930762 -0.06090117
vt 2.32121468 -0.15772295
vt 2.23384595 -0.16615713
vt 2.25930762 -0.06090117
vt 2.29382467 -0.21788204
vt 2.23384595 -0.16615713
vt 2.25930762 -0.06090117
vt 2.17492270 -0.11069155
vt 2.15957952 0.02866900
vt 2.15957952 0.02866900
vt 2.24725986 0.04359126
vt 2.33922982 -0.22652972
vt 2.31157780 0.03880966
vt 2.24725986 0.04359126
vt 2.24725986 0.04359126
vt 2.15957952 0.02866900
vt 2.65274382 0.13687634
vt 2.54903889 0.21921718
vt 2.79039598 0.23474765
vt 2.64334059 -0.16033995
vt 2.59320307 -0.01399064
vt 2.67821074 -0.08980191
vt 2.64334059 -0.16033995
vt 2.67821074 -0.08980191
vt 2.75044537 -0.10615468
vt 2.81638885 -0.18941915
vt 2.75044537 -0.10615468
vt 2.88235641 -0.13297033
vt 2.75044537 -0.10615468
vt 2.72174716 -0.00550210
vt 2.81358457 -0.01926386
vt 2.81358457 -0.01926386
vt 2.81218243 0.06581390
vt 2.89169073 0.06284589
vt 2.84432840 -0.32342911
vt 2.91037536 -0.31893599
vt 2.86348557 -0.47982335
vt 2.77104664 -0.51935530
vt 2.82794499 -0.46978068
vt 2.81428337 -0.57801652
vt 2.82794499 -0.46978068
vt 2.86348557 -0.47982335
vt 2.84630847 -0.51378691
vt 2.71086049 -0.45510292
vt 2.69774628 -0.34320855
vt 2.81266880 -0.37762475
vt 2.69774628 -0.34320855
vt 2.58451009 -0.25823689
vt 2.71396089 -0.25340676
vt 2.60200977 -0.50859749
vt 2.54055524 -0.39154029
vt 2.63002348 -0.43314755
vt 2.80356383 -0.25791454
vt 2.75044537 -0.10615468
vt 2.81638885 -0.18941915
vt 2.59320307 -0.01399064
vt 2.72174716 -0.00550210
vt 2.67821074 -0.08980191
vt 2.28970265 -0.42314577
vt 2.31384349 -0.34390128
vt 2.35664964 -0.39539158
vt 2.90022182 0.24181461
vt 2.99110913 0.24806428
vt 2.89600992 0.15345812
vt 2.38409233 -0.24665952
vt 2.33922982 -0.22652972
vt 2.40831828 -0.20275736
vt 2.88235641 -0.13297033
vt 2.95176291 -0.11888123
vt 2.94193697 -0.21051645
vt 2.42400408 -0.46086848
vt 2.35664964 -0.39539158
vt 2.41584682 -0.40213263
vt 2.44343710 -0.22390020
vt 2.40831828 -0.20275736
vt 2.41764998 -0.15376842
vt 2.41584682 -0.40213263
vt 2.35664964 -0.39539158
vt 2.38443851 -0.34667778
vt 2.41584682 -0.40213263
vt 2.38443851 -0.34667778
vt 2.41281462 -0.31232262
vt 2.71086049 -0.45510292
vt 2.64768982 -0.34153843
vt 2.69774628 -0.34320855
vt 2.41281462 -0.31232262
vt 2.38443851 -0.34667778
vt 2.36857700 -0.28208065
vt 2.44714117 -0.37504530
vt 2.41584682 -0.40213263
vt 2.41281462 -0.31232262
vt 2.41281462 -0.31232262
vt 2.36857700 -0.28208065
vt 2.38409233 -0.24665952
vt 2.38443851 -0.34667778
vt 2.33742738 -0.32522404
vt 2.36857700 -0.28208065
vt 2.44714117 -0.37504530
vt 2.41281462 -0.31232262
vt 2.44343710 -0.22390020
vt 2.41281462 -0.31232262
vt 2.38409233 -0.24665952
vt 2.41281462 -0.31232262
vt 2.40831828 -0.20275736
vt 2.51600146 -0.11731064
vt 2.50420570 -0.19201589
vt 2.45345116 -0.13242161
vt 2.58451009 -0.25823689
vt 2.55352259 -0.17838180
vt 2.64334059 -0.16033995
vt 2.55352259 -0.17838180
vt 2.51600146 -0.11731064
vt 2.55973125 -0.06786573
vt 2.44714117 -0.37504530
vt 2.44343710 -0.22390020
vt 2.50259137 -0.30415964
vt 2.67821074 -0.08980191
vt 2.72174716 -0.00550210
vt 2.75044537 -0.10615468
vt 2.27099371 -0.32326293
vt 2.29059505 -0.26818919
vt 2.31384349 -0.34390128
vt 2.44343710 -0.22390020
vt 2.50420570 -0.19201589
vt 2.50259137 -0.30415964
vt 2.31384349 -0.34390128
vt 2.51600146 -0.11731064
vt 2.55352259 -0.17838180
vt 2.50420570 -0.19201589
vt 2.38409233 -0.24665952
vt 2.44714117 -0.37504530
vt 2.50259137 -0.30415964
vt 2.54055524 -0.39154029
vt 2.50259137 -0.30415964
vt 2.53571129 -0.26303113
vt 2.54055524 -0.39154029
vt 2.54208064 -0.47422791
vt 2.54055524 -0.39154029
vt 2.60200977 -0.50859749
vt 2.75526142 0.33445972
vt 2.76843119 0.43931574
vt 2.87295437 0.42519832
vt 2.54055524 -0.39154029
vt 2.60171533 -0.33937860
vt 2.63002348 -0.43314755
vt 2.65274382 0.13687634
vt 2.79039598 0.23474765
vt 2.81078029 0.15089142
vt 2.82794499 -0.46978068
vt 2.81428337 -0.57801652
vt 2.81266880 -0.37762475
vt 2.86348557 -0.47982335
vt 2.82794499 -0.46978068
vt 2.84432840 -0.32342911
vt 2.86348557 -0.47982335
vt 2.81266880 -0.37762475
vt 2.80356383 -0.25791454
vt 2.84432840 -0.32342911
vt 2.58451009 -0.25823689
vt 2.71396089 -0.25340676
vt 2.50259137 -0.30415964
vt 2.50420570 -0.19201589
vt 2.53571129 -0.26303113
vt 2.72174716 -0.00550210
vt 2.81218243 0.06581390
vt 2.81358457 -0.01926386
vt 2.64768982 -0.34153843
vt 2.69774628 -0.34320855
vt 2.60171533 -0.33937860
vt 2.58451009 -0.25823689
vt 2.04755878 -0.84283352
vt 2.04897499 -0.74914265
vt 2.12444210 -0.83724678
vt 2.65312767 -0.84943736
vt 2.63019204 -0.88998961
vt 2.62956190 -0.82251859
vt 2.61107349 -0.67295039
vt 2.60200977 -0.50859749
vt 2.67699337 -0.62225807
vt 2.33693576 -1.19094300
vt 2.45249128 -1.24406767
vt 2.42856836 -1.28060889
vt 2.25433874 -0.77273917
vt 2.24198437 -0.71895838
vt 2.28636813 -0.69528079
vt 2.28970265 -0.42314577
vt 2.35664964 -0.39539158
vt 2.36518908 -0.49444735
vt 2.14765716 -1.07762718
vt 2.17834711 -1.01936054
vt 2.24382782 -1.05467010
vt 2.28780413 -1.16385245
vt 2.24382782 -1.05467010
vt 2.33693576 -1.19094300
vt 2.09827280 -0.52254891
vt 2.11161613 -0.42238283
vt 2.14658642 -0.45347500
vt 2.12444210 -0.83724678
vt 2.19415259 -0.82062197
vt 2.20885229 -0.89668572
vt 2.01880217 -0.90409076
vt 2.04755878 -0.84283352
vt 2.07169485 -0.91958332
vt 2.24382782 -1.05467010
vt 2.25685787 -0.93473387
vt 2.32633877 -0.91319656
vt 2.54513574 -0.92975366
vt 2.57181263 -1.00312996
vt 2.52231646 -1.04473400
vt 2.67699337 -0.62225807
vt 2.63002348 -0.43314755
vt 2.71086049 -0.45510292
vt 2.04219794 -0.56812358
vt 2.02800226 -0.45996130
vt 2.09827280 -0.52254891
vt 2.04897499 -0.74914265
vt 2.17733288 -0.71115923
vt 2.12444210 -0.83724678
vt 2.53888178 -0.83170223
vt 2.50898409 -0.74752688
vt 2.57799435 -0.83171058
vt 2.17748070 -0.95056868
vt 2.20885229 -0.89668572
vt 2.25685787 -0.93473387
vt 2.03008103 -1.26506925
vt 2.08013773 -1.10850358
vt 2.14487147 -1.27969122
vt 2.32097006 -0.61147058
vt 2.29247999 -0.53547764
vt 2.37141991 -0.56736290
vt 2.12460613 -0.94738364
vt 2.17748070 -0.95056868
vt 2.17834711 -1.01936054
vt 2.50344348 -0.67301631
vt 2.48018932 -0.57938361
vt 2.55096197 -0.69341373
vt 2.19305372 -1.17985487
vt 2.14765716 -1.07762718
vt 2.28780413 -1.16385245
vt 2.42339206 -1.10161829
vt 2.41025543 -0.96420026
vt 2.46133018 -1.10480547
vt 2.19415259 -0.82062197
vt 2.17733288 -0.71115923
vt 2.24198437 -0.71895838
vt 2.47353649 -0.80161595
vt 2.50898409 -0.74752688
vt 2.53888178 -0.83170223
vt 1.97087514 -0.64870405
vt 2.05416846 -0.63903105
vt 2.04897499 -0.74914265
vt 2.31539011 -1.31043768
vt 2.35423970 -1.39466858
vt 2.30278993 -1.41578937
vt 2.44420052 -0.65398312
vt 2.48018932 -0.57938361
vt 2.50344348 -0.67301631
vt 2.41807723 -0.57810235
vt 1.82928681 -1.16736746
vt 1.87930322 -1.04443789
vt 1.96531224 -1.15182853
vt 2.21020532 -0.45722246
vt 2.28970265 -0.42314577
vt 2.29247999 -0.53547764
vt 2.25473332 -0.58436656
vt 2.29247999 -0.53547764
vt 2.32097006 -0.61147058
vt 2.02403879 -1.00414538
vt 2.01880217 -0.90409076
vt 2.07169485 -0.91958332
vt 2.33693576 -1.19094300
vt 2.35198617 -0.99589276
vt 2.45249128 -1.24406767
vt 2.47353649 -0.80161595
vt 2.40256453 -0.71506798
vt 2.50898409 -0.74752688
vt 2.77104664 -0.51935530
vt 2.79206085 -0.62258518
vt 1.96045160 -1.30494189
vt 1.96531224 -1.15182853
vt 2.03008103 -1.26506925
vt 2.12444210 -0.83724678
vt 2.17733288 -0.71115923
vt 2.19415259 -0.82062197
vt 2.21216631 -0.56694841
vt 2.21020532 -0.45722246
vt 2.25473332 -0.58436656
vt 2.17127562 -0.55741644
vt 2.21020532 -0.45722246
vt 2.21216631 -0.56694841
vt 2.21868324 -0.63303888
vt 2.25473332 -0.58436656
vt 2.28636813 -0.69528079
vt 2.17733288 -0.71115923
vt 2.21868324 -0.63303888
vt 2.32426810 -0.73147941
vt 2.32097006 -0.61147058
vt 2.35976124 -0.71736145
vt 2.46105313 -0.86186123
vt 2.47353649 -0.80161595
vt 2.54513574 -0.92975366
vt 2.40256453 -0.71506798
vt 2.44420052 -0.65398312
vt 2.50898409 -0.74752688
vt 2.14487147 -1.27969122
vt 2.21423149 -1.27247477
vt 2.23177290 -1.35988283
vt 2.61107349 -0.67295039
vt 2.54208064 -0.47422791
vt 2.60200977 -0.50859749
vt 2.14765716 -1.07762718
vt 2.12460613 -0.94738364
vt 2.54513574 -0.92975366
vt 2.60437465 -0.93563724
vt 2.57181263 -1.00312996
vt 1.87930322 -1.04443789
vt 1.96377921 -0.95652819
vt 1.96531224 -1.15182853
vt 2.28970265 -0.42314577
vt 2.36518908 -0.49444735
vt 2.41025543 -0.96420026
vt 2.42339206 -1.10161829
vt 2.68569088 -0.77155757
vt 2.63769913 -0.75565004
vt 2.67850280 -0.69328129
vt 2.14765716 -1.07762718
vt 2.24382782 -1.05467010
vt 2.28780413 -1.16385245
vt 2.21020532 -0.45722246
vt 2.21496153 -0.38545728
vt 2.28970265 -0.42314577
vt 2.03008103 -1.26506925
vt 1.96531224 -1.15182853
vt 2.08013773 -1.10850358
vt 2.02403879 -1.00414538
vt 2.07169485 -0.91958332
vt 2.12460613 -0.94738364
vt 1.96531224 -1.15182853
vt 1.96377921 -0.95652819
vt 2.02403879 -1.00414538
vt 2.72682142 -0.72797775
vt 2.68569088 -0.77155757
vt 2.67850280 -0.69328129
vt 2.68569088 -0.77155757
vt 2.62956190 -0.82251859
vt 2.63769913 -0.75565004
vt 2.46133018 -1.10480547
vt 2.50529504 -1.14221454
vt 2.46434689 -1.21972752
vt 1.96531224 -1.15182853
vt 2.02403879 -1.00414538
vt 2.08013773 -1.10850358
vt 2.52231646 -1.04473400
vt 2.54625225 -1.05546165
vt 2.50529504 -1.14221454
vt 2.40256453 -0.71506798
vt 2.39151001 -0.63705516
vt 2.44420052 -0.65398312
vt 2.61677194 -0.90963542
vt 2.57799435 -0.83171058
vt 2.55096197 -0.69341373
vt 2.37141991 -0.56736290
vt 2.36518908 -0.49444735
vt 2.41807723 -0.57810235
vt 2.14658642 -0.45347500
vt 2.21496153 -0.38545728
vt 2.21020532 -0.45722246
vt 2.21868324 -0.63303888
vt 2.21216631 -0.56694841
vt 2.36518908 -0.49444735
vt 2.42400408 -0.46086848
vt 2.32633877 -0.91319656
vt 2.32738066 -0.79898047
vt 2.36887622 -0.82950234
vt 2.36887622 -0.82950234
vt 2.41327929 -0.83726931
vt 2.41025543 -0.96420026
vt 2.49906349 -1.00430369
vt 2.54513574 -0.92975366
vt 2.52231646 -1.04473400
vt 2.52231646 -1.04473400
vt 2.57181263 -1.00312996
vt 2.54625225 -1.05546165
vt 2.46349406 -0.92819297
vt 2.46105313 -0.86186123
vt 2.54513574 -0.92975366
vt 2.45249128 -1.24406767
vt 2.42339206 -1.10161829
vt 2.25473332 -0.58436656
vt 2.21020532 -0.45722246
vt 2.48018932 -0.57938361
vt 2.61107349 -0.67295039
vt 2.46349406 -0.92819297
vt 2.54513574 -0.92975366
vt 2.49906349 -1.00430369
vt 2.29996586 -0.86452961
vt 2.25433874 -0.77273917
vt 2.32738066 -0.79898047
vt 2.50898409 -0.74752688
vt 2.44420052 -0.65398312
vt 2.50344348 -0.67301631
vt 2.42400408 -0.46086848
vt 2.46313405 -0.45616257
vt 2.48018932 -0.57938361
vt 2.61677194 -0.90963542
vt 2.60437465 -0.93563724
vt 2.57799435 -0.83171058
vt 2.48018932 -0.57938361
vt 2.46313405 -0.45616257
vt 2.49834132 -0.51791441
vt 2.24198437 -0.71895838
vt 2.21868324 -0.63303888
vt 2.28636813 -0.69528079
vt 2.62956190 -0.82251859
vt 2.61677194 -0.90963542
vt 2.55096197 -0.69341373
vt 2.02800226 -0.45996130
vt 2.11161613 -0.42238283
vt 2.09827280 -0.52254891
vt 2.08013773 -1.10850358
vt 2.14765716 -1.07762718
vt 2.19305372 -1.17985487
vt 2.29247999 -0.53547764
vt 2.36518908 -0.49444735
vt 2.37141991 -0.56736290
vt 2.49834132 -0.51791441
vt 2.46313405 -0.45616257
vt 2.54208064 -0.47422791
vt 2.04219794 -0.56812358
vt 2.17127562 -0.55741644
vt 2.17733288 -0.71115923
vt 2.17568016 -0.61670256
vt 2.21868324 -0.63303888
vt 2.63769913 -0.75565004
vt 2.61107349 -0.67295039
vt 2.67850280 -0.69328129
vt 2.31539011 -1.31043768
vt 2.40117168 -1.32000422
vt 2.35423970 -1.39466858
vt 2.60200977 -0.50859749
vt 2.63002348 -0.43314755
vt 2.67699337 -0.62225807
vt 2.54513574 -0.92975366
vt 2.47353649 -0.80161595
vt 2.53888178 -0.83170223
vt 2.32097006 -0.61147058
vt 2.39151001 -0.63705516
vt 2.72682142 -0.72797775
vt 2.67850280 -0.69328129
vt 2.76743245 -0.66237175
vt 2.65312767 -0.84943736
vt 2.62956190 -0.82251859
vt 2.68569088 -0.77155757
vt 2.67850280 -0.69328129
vt 2.63019204 -0.88998961
vt 2.61677194 -0.90963542
vt 2.62956190 -0.82251859
vt 2.62956190 -0.82251859
vt 2.63769913 -0.75565004
vt 2.25856018 -0.84734809
vt 2.25433874 -0.77273917
vt 2.29996586 -0.86452961
vt 2.29996586 -0.86452961
vt 2.32738066 -0.79898047
vt 2.32633877 -0.91319656
vt 2.55096197 -0.69341373
vt 2.61107349 -0.67295039
vt 2.63769913 -0.75565004
vt 0.58158582 0.76215744
vt 0.57325745 0.68297553
vt 0.40007669 0.75455332
vt 0.58158582 0.76215744
vt 0.67577243 0.71131378
vt 0.57325745 0.68297553
vt 0.54512006 1.00267744
vt 0.60839611 0.84628600
vt 0.45910144 0.91979432
vt 0.57542622 1.13302290
vt 0.67123199 1.12363029
vt 0.54512006 1.00267744
vt 0.74845082 0.49790025
vt 0.90609801 0.32409918
vt 0.68996644 0.28792292
vt 0.34267551 0.44555730
vt 0.42038876 0.34099710
vt 0.30985048 0.23253107
vt 0.51767445 0.45270187
vt 0.50702810 0.29193377
vt 0.42038876 0.34099710
vt 0.51767445 0.45270187
vt 0.62204772 0.40924621
vt 0.50702810 0.29193377
vt 0.42690250 0.53495216
vt 0.51767445 0.45270187
vt 0.34267551 0.44555730
vt 0.66147923 0.59213245
vt 0.74845082 0.49790025
vt 0.51767445 0.45270187
vt 0.63627487 -0.03419268
vt 0.73874736 -0.07020140
vt 0.58269888 -0.11141348
vt 0.68996644 0.28792292
vt 0.76897901 0.13965404
vt 0.72282660 0.07115757
vt 0.29191303 0.09309322
vt 0.36524361 -0.06430197
vt 0.12448930 0.01932722
vt 0.55363488 0.04516816
vt 0.63627487 -0.03419268
vt 0.38012826 0.04910320
vt 0.30985048 0.23253107
vt 0.39654887 0.17363650
vt 0.29191303 0.09309322
vt 0.68730277 -0.41043591
vt 0.68193507 -0.52307630
vt 0.59460205 -0.48717761
vt 0.51886743 -0.33820713
vt 0.50529397 -0.46668863
vt 0.42217720 -0.41549635
vt 0.37592846 -0.21938026
vt 0.51886743 -0.33820713
vt 0.33495983 -0.34079158
vt 0.36524361 -0.06430197
vt 0.44977397 -0.13616574
vt 0.37592846 -0.21938026
vt 0.58269888 -0.11141348
vt 0.67880750 -0.19476175
vt 0.56718320 -0.21354139
vt 0.91751945 0.46937287
vt 0.99687684 0.38789511
vt 0.90609801 0.32409918
vt 1.03490686 0.09331346
vt 1.15107524 0.20813459
vt 1.13132560 0.07503784
vt 1.03490686 0.09331346
vt 1.13132560 0.07503784
vt 1.11931562 -0.00590062
vt 0.96377897 -0.05749464
vt 1.11931562 -0.00590062
vt 1.10542619 -0.14629972
vt 1.11931562 -0.00590062
vt 1.29053748 0.03574407
vt 1.35597718 -0.06494391
vt 1.10298204 0.44993353
vt 1.31825089 0.42280543
vt 1.23996735 0.35945594
vt 1.10298204 0.44993353
vt 1.23996735 0.35945594
vt 1.15240896 0.29770178
vt 0.74845082 0.49790025
vt 0.62204772 0.40924621
vt 0.57325745 0.68297553
vt 0.67577243 0.71131378
vt 0.66147923 0.59213245
vt 0.67577243 0.71131378
vt 0.82452750 0.65207630
vt 0.66147923 0.59213245
vt 1.21519852 0.53966999
vt 1.40159941 0.53217691
vt 1.31825089 0.42280543
vt 1.31688011 0.12011182
vt 1.32780135 0.19245112
vt 1.40939677 0.16353858
vt 1.29053748 0.03574407
vt 1.24178100 0.19198269
vt 1.31688011 0.12011182
vt 1.45037854 -0.12894917
vt 1.40788412 0.03329039
vt 1.55757225 0.00978816
vt 1.34607565 -0.18243754
vt 1.35597718 -0.06494391
vt 1.45037854 -0.12894917
vt 1.52754831 -0.21422338
vt 1.55757225 0.00978816
vt 1.62610340 -0.12882972
vt 1.58150196 0.52515328
vt 1.64515162 0.60547507
vt 1.64030647 0.39043576
vt 1.54001653 0.34969795
vt 1.64030647 0.39043576
vt 1.68190241 0.22782576
vt 1.44327474 0.31814653
vt 1.45938420 0.39001012
vt 1.54001653 0.34969795
vt 1.44327474 0.31814653
vt 1.54001653 0.34969795
vt 1.43244565 0.24511671
vt 1.35965896 0.34267265
vt 1.44327474 0.31814653
vt 1.43244565 0.24511671
vt 1.43244565 0.24511671
vt 1.68190241 0.22782576
vt 1.49637234 0.15594089
vt 0.74845082 0.49790025
vt 0.91751945 0.46937287
vt 0.90609801 0.32409918
vt 1.74860954 0.39531517
vt 1.71597171 0.33120382
vt 1.64030647 0.39043576
vt 1.71597171 0.33120382
vt 1.68190241 0.22782576
vt 1.21022475 0.86664259
vt 1.41249418 0.85840052
vt 1.34108901 0.66754687
vt 1.02058947 0.51528537
vt 1.10298204 0.44993353
vt 0.99687684 0.38789511
vt 0.90090460 0.56339264
vt 0.91751945 0.46937287
vt 0.74845082 0.49790025
vt 1.57335579 0.83258063
vt 1.58807087 0.75036931
vt 1.36369586 -0.92847478
vt 1.45781839 -0.86945128
vt 1.44144654 -1.02579927
vt 1.57335579 0.83258063
vt 1.58807087 0.75036931
vt 1.48347294 0.85972989
vt 1.58807087 0.75036931
vt 1.49998975 0.69034243
vt 0.90090460 0.56339264
vt 1.02058947 0.51528537
vt 0.91751945 0.46937287
vt 1.88911426 0.83491540
vt 1.81209958 0.65851992
vt 1.64515162 0.60547507
vt 1.75059438 0.58632827
vt 1.75274086 0.47179037
vt 1.11674166 0.60684836
vt 1.11830330 0.53026062
vt 1.02058947 0.51528537
vt 1.28474295 0.96403366
vt 1.41249418 0.85840052
vt 1.21022475 0.86664259
vt 1.90077567 0.63664091
vt 2.10205650 0.68238074
vt 2.09425688 0.59591794
vt 1.81209958 0.65851992
vt 1.88911426 0.83491540
vt 1.90077567 0.63664091
vt 1.90077567 0.63664091
vt 2.09425688 0.59591794
vt 2.01062703 0.49002904
vt 2.01062703 0.49002904
vt 2.12832117 0.49137902
vt 2.08317804 0.41741449
vt 1.85104132 0.50896114
vt 1.93003821 0.48259920
vt 1.88406980 0.36994082
vt 1.75274086 0.47179037
vt 1.75059438 0.58632827
vt 1.11674166 0.60684836
vt 1.21519852 0.53966999
vt 1.11830330 0.53026062
vt 1.74860954 0.39531517
vt 1.88406980 0.36994082
vt 1.74860954 0.39531517
vt 1.75274086 0.47179037
vt 1.82095838 0.28430456
vt 1.88406980 0.36994082
vt 1.92860520 0.25688946
vt 1.82095838 0.28430456
vt 1.74860954 0.39531517
vt 1.88406980 0.36994082
vt 1.01145923 0.95201176
vt 1.09876740 0.87498796
vt 0.98922980 0.81925714
vt 0.96377897 -0.05749464
vt 1.10542619 -0.14629972
vt 0.86212933 -0.07834411
vt 0.85164410 0.25454187
vt 1.03490686 0.09331346
vt 0.85845464 0.10486454
vt 1.01145923 0.95201176
vt 0.98922980 0.81925714
vt 0.90416014 0.87132627
vt 0.75048518 1.05540514
vt 0.67123199 1.12363029
vt 0.77829468 1.15688634
vt 0.21853024 -0.26905048
vt 0.23983040 -0.36811912
vt 0.07134622 -0.37171078
vt 1.87981844 0.15832436
vt 1.92860520 0.25688946
vt 1.98861825 0.19936401
vt 1.01145923 0.95201176
vt 0.95235312 1.07017338
vt 1.05377197 1.08722758
vt 1.21923053 -0.96611357
vt 1.36369586 -0.92847478
vt 1.31684375 -1.09260988
vt 2.04077339 -0.01960635
vt 1.95041156 -0.00184035
vt 2.05409575 0.09050059
vt 1.44144654 -1.02579927
vt 1.53598011 -1.00923586
vt 1.51388359 -1.12106252
vt 2.12862873 0.20114100
vt 2.06356764 0.18619466
vt 2.11765718 0.30829436
vt 1.51388359 -1.12106252
vt 1.53598011 -1.00923586
vt 1.63046551 -1.11309767
vt 2.13499093 0.11925924
vt 2.05409575 0.09050059
vt 2.06356764 0.18619466
vt 1.63046551 -1.11309767
vt 1.69267142 -1.04096437
vt 1.75536013 -1.16578698
vt 2.17315173 0.15960097
vt 2.13499093 0.11925924
vt 2.12862873 0.20114100
vt 2.17315173 0.15960097
vt 2.22953749 0.21414262
vt 2.11765718 0.30829436
vt 2.15974832 0.38482213
vt 2.21013761 0.45827937
vt 1.94151258 -0.25785172
vt 1.99582899 -0.21217358
vt 1.99955368 -0.28192508
vt 1.99183643 -0.14091396
vt 2.06428170 -0.11535192
vt 2.15279222 -0.23202944
vt 1.92603040 -0.59547102
vt 1.96209335 -0.53926969
vt 1.97087514 -0.64870405
vt 1.75536013 -1.16578698
vt 1.87930322 -1.04443789
vt 1.82928681 -1.16736746
vt 1.96209335 -0.53926969
vt 2.02800226 -0.45996130
vt 2.04219794 -0.56812358
vt 1.93416309 -0.40065706
vt 1.97719669 -0.34382319
vt 2.02800226 -0.45996130
vt 1.97719669 -0.34382319
vt 2.03674531 -0.36464906
vt 2.02800226 -0.45996130
vt 1.68694472 0.11079156
vt 1.68190241 0.22782576
vt 1.75238752 0.18419778
vt 1.90168595 0.06528991
vt 1.98861825 0.19936401
vt 2.05409575 0.09050059
vt 0.88841176 -0.33391535
vt 0.97781861 -0.37756610
vt 0.87970477 -0.41686058
vt 1.05348206 -0.21557593
vt 1.14289188 -0.29718888
vt 0.93270850 -0.22830880
vt 1.46030772 -0.53115559
vt 1.49738574 -0.42706907
vt 1.59727144 -0.57605994
vt 1.14443839 -0.54868054
vt 1.41459072 -0.43295288
vt 1.46030772 -0.53115559
vt 1.01196480 -0.87128854
vt 1.08245099 -0.80853510
vt 1.09382594 -0.95952034
vt 1.15495121 -0.44519734
vt 1.25295162 -0.34375978
vt 1.14443839 -0.54868054
vt 1.41459072 -0.43295288
vt 1.46030772 -0.53115559
vt 1.33964539 -0.33436847
vt 1.42563474 -0.33350348
vt 1.41459072 -0.43295288
vt 1.25295162 -0.34375978
vt 1.30971360 -0.24944687
vt 1.33964539 -0.33436847
vt 1.18125534 -0.22694242
vt 1.34607565 -0.18243754
vt 1.30971360 -0.24944687
vt 1.95041156 -0.00184035
vt 1.90168595 0.06528991
vt 2.05409575 0.09050059
vt 1.80017078 -0.06763458
vt 1.90168595 0.06528991
vt 1.95041156 -0.00184035
vt 1.70617270 -0.03995264
vt 1.68694472 0.11079156
vt 1.79291701 0.06195605
vt 1.67983174 -0.10594451
vt 1.70617270 -0.03995264
vt 1.80017078 -0.06763458
vt 1.85645950 -0.57932770
vt 1.92603040 -0.59547102
vt 1.85135734 -0.71493697
vt 1.85432160 -0.44642818
vt 1.93416309 -0.40065706
vt 1.96209335 -0.53926969
vt 1.69267142 -1.04096437
vt 1.77496910 -0.98620856
vt 1.87930322 -1.04443789
vt 1.65469599 -0.36252832
vt 1.65397644 -0.46151471
vt 1.65469599 -0.36252832
vt 1.68187070 -0.25095224
vt 1.74202943 -0.34589338
vt 1.74202943 -0.34589338
vt 1.81161737 -0.16476583
vt 1.94151258 -0.25785172
vt 1.68187070 -0.25095224
vt 1.62610340 -0.12882972
vt 1.81161737 -0.16476583
vt 1.99582899 -0.21217358
vt 1.80017078 -0.06763458
vt 1.99183643 -0.14091396
vt 1.65469599 -0.36252832
vt 1.52754831 -0.21422338
vt 1.68187070 -0.25095224
vt 1.85432160 -0.44642818
vt 1.74202943 -0.34589338
vt 1.93416309 -0.40065706
vt 1.74202943 -0.34589338
vt 1.94151258 -0.25785172
vt 1.52754831 -0.21422338
vt 1.68187070 -0.25095224
vt 1.68187070 -0.25095224
vt 1.81161737 -0.16476583
vt 1.74202943 -0.34589338
vt 1.74736917 -0.48883867
vt 1.74202943 -0.34589338
vt 1.85432160 -0.44642818
vt 1.67983174 -0.10594451
vt 1.81161737 -0.16476583
vt 1.81161737 -0.16476583
vt 1.99582899 -0.21217358
vt 1.94151258 -0.25785172
vt 1.65397644 -0.46151471
vt 1.72663748 -0.68284154
vt 1.78696132 -0.56212807
vt 1.85645950 -0.57932770
vt 1.67983174 -0.10594451
vt 1.80017078 -0.06763458
vt 1.42563474 -0.33350348
vt 1.45037854 -0.12894917
vt 1.52754831 -0.21422338
vt 1.33964539 -0.33436847
vt 1.30971360 -0.24944687
vt 1.08707047 -0.36576271
vt 1.14289188 -0.29718888
vt 1.25295162 -0.34375978
vt 1.14443839 -0.54868054
vt 1.33964539 -0.33436847
vt 1.41459072 -0.43295288
vt 1.33964539 -0.33436847
vt 1.81161737 -0.16476583
vt 1.80017078 -0.06763458
vt 1.99582899 -0.21217358
vt 1.70617270 -0.03995264
vt 1.79291701 0.06195605
vt 1.80017078 -0.06763458
vt 1.08245099 -0.80853510
vt 1.19214737 -0.77763832
vt 1.19120324 -0.88987660
vt 1.21022475 0.86664259
vt 1.34108901 0.66754687
vt 1.16714334 0.75244844
vt 1.64626908 0.02768695
vt 1.68694472 0.11079156
vt 1.70617270 -0.03995264
vt 1.79291701 0.06195605
vt 1.90168595 0.06528991
vt 1.98861825 0.19936401
vt 2.05409575 0.09050059
vt 1.79291701 0.06195605
vt 1.87981844 0.15832436
vt 1.90168595 0.06528991
vt 1.37773919 -0.79108644
vt 1.45811152 -0.78251958
vt 1.45781839 -0.86945128
vt 1.75238752 0.18419778
vt 1.82095838 0.28430456
vt 1.87981844 0.15832436
vt 1.98861825 0.19936401
vt 1.90168595 0.06528991
vt 1.92860520 0.25688946
vt 1.87981844 0.15832436
vt 0.90416014 0.87132627
vt 0.98922980 0.81925714
vt 0.88771510 0.79700100
vt 1.16714334 0.75244844
vt 1.34108901 0.66754687
vt 1.11910534 0.71488225
vt 1.71597171 0.33120382
vt 1.82095838 0.28430456
vt 1.92860520 0.25688946
vt 2.02452087 0.30404508
vt 1.98861825 0.19936401
vt 0.36524361 -0.06430197
vt 0.44977397 -0.13616574
vt 0.29191303 0.09309322
vt 0.38012826 0.04910320
vt 0.55363488 0.04516816
vt 0.66107666 0.04275036
vt 0.63627487 -0.03419268
vt 0.29191303 0.09309322
vt 0.39654887 0.17363650
vt 0.38012826 0.04910320
vt 0.49369749 0.19483054
vt 0.58429801 0.16734147
vt 0.55363488 0.04516816
vt 0.68996644 0.28792292
vt 0.72282660 0.07115757
vt 0.30985048 0.23253107
vt 0.42038876 0.34099710
vt 0.39654887 0.17363650
vt 0.61250591 -0.33689129
vt 0.87970477 -0.41686058
vt 0.68730277 -0.41043591
vt 0.50529397 -0.46668863
vt 0.68730277 -0.41043591
vt 0.59460205 -0.48717761
vt 0.23983040 -0.36811912
vt 0.33495983 -0.34079158
vt 0.33495983 -0.34079158
vt 0.51886743 -0.33820713
vt 0.37592846 -0.21938026
vt 0.52863741 -0.26258838
vt 0.51886743 -0.33820713
vt 0.12448930 0.01932722
vt 0.36524361 -0.06430197
vt 0.37592846 -0.21938026
vt 0.58269888 -0.11141348
vt 0.56718320 -0.21354139
vt 0.99687684 0.38789511
vt 1.15240896 0.29770178
vt 1.05209064 0.23509514
vt 0.99687684 0.38789511
vt 1.10298204 0.44993353
vt 1.15240896 0.29770178
vt 0.91751945 0.46937287
vt 1.02058947 0.51528537
vt 0.99687684 0.38789511
vt 1.02058947 0.51528537
vt 1.11830330 0.53026062
vt 1.10298204 0.44993353
vt 0.82452750 0.65207630
vt 0.93995416 0.66611308
vt 0.90090460 0.56339264
vt 1.91731238 -0.73264515
vt 1.85135734 -0.71493697
vt 1.63046551 -1.11309767
vt 1.53598011 -1.00923586
vt 1.69267142 -1.04096437
vt 1.75536013 -1.16578698
vt 1.69267142 -1.04096437
vt 1.69267142 -1.04096437
vt 1.68760216 -0.93590951
vt 1.77496910 -0.98620856
vt 1.77496910 -0.98620856
vt 1.68760216 -0.93590951
vt 1.86211157 -0.93309820
vt 0.85327411 -0.64223063
vt 0.94530439 -0.64877820
vt 0.90262985 -0.71837068
vt 0.42217720 -0.41549635
vt 0.50529397 -0.46668863
vt 0.40698007 -0.49170947
vt 0.85845464 0.10486454
vt 1.03490686 0.09331346
vt 0.96377897 -0.05749464
vt 1.77496910 -0.98620856
vt 1.86211157 -0.93309820
vt 1.87930322 -1.04443789
vt 0.76897901 0.13965404
vt 0.85164410 0.25454187
vt 1.54993272 -0.86684680
vt 1.67934752 -0.78431904
vt 1.68760216 -0.93590951
vt 1.45811152 -0.78251958
vt 1.57426906 -0.72841263
vt 1.67934752 -0.78431904
vt 1.67934752 -0.78431904
vt 1.72663748 -0.68284154
vt 1.77224779 -0.78490615
vt 1.52373672 -0.64769983
vt 1.64510262 -0.66304374
vt 1.72663748 -0.68284154
vt 1.45781839 -0.86945128
vt 1.45811152 -0.78251958
vt 1.54993272 -0.86684680
vt 1.47281051 -0.71237648
vt 1.57426906 -0.72841263
vt 1.10750937 -0.73075843
vt 1.26297379 -0.62325788
vt 1.19214737 -0.77763832
vt 1.39648926 -0.60514021
vt 1.47281051 -0.71237648
vt 1.39648926 -0.60514021
vt 1.46030772 -0.53115559
vt 0.85164410 0.25454187
vt 1.05209064 0.23509514
vt 1.03490686 0.09331346
vt 0.83229482 -0.81895590
vt 1.08245099 -0.80853510
vt 0.93995142 -0.88347912
vt 1.54993272 -0.86684680
vt 1.45811152 -0.78251958
vt 1.67934752 -0.78431904
vt 1.68760216 -0.93590951
vt 1.67934752 -0.78431904
vt 1.77224779 -0.78490615
vt 1.57426906 -0.72841263
vt 1.64510262 -0.66304374
vt 1.46030772 -0.53115559
vt 1.08245099 -0.80853510
vt 1.01196480 -0.87128854
vt 0.93995142 -0.88347912
vt 2.10205650 0.68238074
vt 2.21700692 0.63668633
vt 2.09425688 0.59591794
vt 1.81209958 0.65851992
vt 1.75059438 0.58632827
vt 0.90262985 -0.71837068
vt 1.08245099 -0.80853510
vt 0.83229482 -0.81895590
vt 1.49998975 0.69034243
vt 1.51204157 0.60844815
vt 1.34108901 0.66754687
vt 1.64515162 0.60547507
vt 1.51204157 0.60844815
vt 0.66921353 -0.62913537
vt 0.75435376 -0.69342220
vt 0.61206549 -0.70206118
vt 0.45461744 -0.63333726
vt 0.47952130 -0.70434892
vt 0.37030786 -0.70623398
vt 1.58807087 0.75036931
vt 1.49998975 0.69034243
vt 1.48347294 0.85972989
vt 1.41249418 0.85840052
vt 0.98922980 0.81925714
vt 1.11910534 0.71488225
vt 0.93995416 0.66611308
vt 0.86212933 -0.07834411
vt 0.93270850 -0.22830880
vt 0.81507909 -0.19436800
vt 0.87970477 -0.41686058
vt 0.86738759 -0.52334189
vt 0.77158135 -0.54905367
vt 0.82452750 0.65207630
vt 0.90090460 0.56339264
vt 0.66147923 0.59213245
vt 0.48893681 -0.56118011
vt 0.58183396 -0.59927559
vt 0.45461744 -0.63333726
vt 0.40698007 -0.49170947
vt 0.48893681 -0.56118011
vt 0.31208286 -0.56504941
vt 1.34108901 0.66754687
vt 1.40159941 0.53217691
vt 1.21519852 0.53966999
vt 1.68190241 0.22782576
vt 1.68694472 0.11079156
vt 1.49637234 0.15594089
vt 1.43244565 0.24511671
vt 1.49637234 0.15594089
vt 1.40939677 0.16353858
vt 1.54001653 0.34969795
vt 1.68190241 0.22782576
vt 1.43244565 0.24511671
vt 1.23996735 0.35945594
vt 1.31825089 0.42280543
vt 1.35965896 0.34267265
vt 1.58150196 0.52515328
vt 1.55757225 0.00978816
vt 1.64626908 0.02768695
vt 1.62610340 -0.12882972
vt 1.55757225 0.00978816
vt 1.52754831 -0.21422338
vt 1.29053748 0.03574407
vt 1.40788412 0.03329039
vt 1.35597718 -0.06494391
vt 1.35597718 -0.06494391
vt 1.40788412 0.03329039
vt 1.45037854 -0.12894917
vt 1.19214737 -0.77763832
vt 1.26297379 -0.62325788
vt 1.39648926 -0.60514021
vt 1.10750937 -0.73075843
vt 1.14443839 -0.54868054
vt 1.26297379 -0.62325788
vt 2.13499093 0.11925924
vt 2.05409575 0.09050059
vt 1.24178100 0.19198269
vt 1.32780135 0.19245112
vt 1.31688011 0.12011182
vt 1.40939677 0.16353858
vt 1.49637234 0.15594089
vt 1.40788412 0.03329039
vt 1.49637234 0.15594089
vt 1.55757225 0.00978816
vt 1.15240896 0.29770178
vt 1.15107524 0.20813459
vt 1.05209064 0.23509514
vt 1.13132560 0.07503784
vt 1.11931562 -0.00590062
vt 1.03490686 0.09331346
vt 1.11931562 -0.00590062
vt 0.96377897 -0.05749464
vt 1.05209064 0.23509514
vt 1.15107524 0.20813459
vt 1.03490686 0.09331346
vt 1.21923053 -0.96611357
vt 1.19120324 -0.88987660
vt 1.27826869 -0.90199304
vt 1.15495121 -0.44519734
vt 1.08707047 -0.36576271
vt 1.25295162 -0.34375978
vt 1.50819325 -0.35657001
vt 1.42563474 -0.33350348
vt 1.65469599 -0.36252832
vt 1.49738574 -0.42706907
vt 1.50819325 -0.35657001
vt 0.59460205 -0.48717761
vt 0.68193507 -0.52307630
vt 0.58183396 -0.59927559
vt 1.08245099 -0.80853510
vt 1.10750937 -0.73075843
vt 1.19214737 -0.77763832
vt 1.36369586 -0.92847478
vt 1.37773919 -0.79108644
vt 1.45781839 -0.86945128
vt 1.21923053 -0.96611357
vt 1.27826869 -0.90199304
vt 1.36369586 -0.92847478
vt 0.06600062 -0.28804827
vt 0.21853024 -0.26905048
vt 0.07134622 -0.37171078
vt 2.12862873 0.20114100
vt 2.13499093 0.11925924
vt 2.06356764 0.18619466
vt 2.22953749 0.21414262
vt 2.17315173 0.15960097
vt 2.12862873 0.20114100
vt 1.42563474 -0.33350348
vt 1.65469599 -0.36252832
vt 0.40698007 -0.49170947
vt 0.50529397 -0.46668863
vt 0.48893681 -0.56118011
vt 0.88841176 -0.33391535
vt 0.93270850 -0.22830880
vt 0.97781861 -0.37756610
vt 0.97781861 -0.37756610
vt 1.08707047 -0.36576271
vt 1.04702461 -0.51588285
vt 1.05348206 -0.21557593
vt 1.18125534 -0.22694242
vt 1.14289188 -0.29718888
vt 0.22063845 -0.56704998
vt 0.31208286 -0.56504941
vt 0.28572524 -0.63664436
vt 0.61206549 -0.70206118
vt 0.75435376 -0.69342220
vt 0.74821669 -0.78010428
vt 0.58183396 -0.59927559
vt 0.61206549 -0.70206118
vt 0.58183396 -0.59927559
vt 0.68193507 -0.52307630
vt 0.86738759 -0.52334189
vt 1.04702461 -0.51588285
vt 1.02696478 -0.64557242
vt 1.45811152 -0.78251958
vt 1.47281051 -0.71237648
vt 1.57426906 -0.72841263
vt 0.28572524 -0.63664436
vt 0.45461744 -0.63333726
vt 0.37030786 -0.70623398
vt 0.62204772 0.40924621
vt 0.74845082 0.49790025
vt 0.68996644 0.28792292
vt 0.34267551 0.44555730
vt 0.42038876 0.34099710
vt 1.91731238 -0.73264515
vt 1.97087514 -0.64870405
vt 2.04897499 -0.74914265
vt 1.93416309 -0.40065706
vt 2.02800226 -0.45996130
vt 0.22063845 -0.56704998
vt 0.13462391 -0.58378685
vt 0.18326509 -0.46082985
vt 0.68996644 0.28792292
vt 1.86211157 -0.93309820
vt 1.84491944 -0.77956533
vt 1.93693161 -0.80722785
vt 0.93270850 -0.22830880
vt 0.88841176 -0.33391535
vt 0.14038758 -0.15841889
vt 0.37592846 -0.21938026
vt 0.21853024 -0.26905048
vt 0.67880750 -0.19476175
vt 0.81507909 -0.19436800
vt 0.88841176 -0.33391535
vt 0.67880750 -0.19476175
vt 0.88841176 -0.33391535
vt 0.87970477 -0.41686058
vt 1.87930322 -1.04443789
vt 1.96377921 -0.95652819
vt 0.07134622 -0.37171078
vt 0.23983040 -0.36811912
vt 0.18326509 -0.46082985
vt 0.68996644 0.28792292
vt 0.85164410 0.25454187
vt 0.76897901 0.13965404
vt 1.94151258 -0.25785172
vt 1.97719669 -0.34382319
vt 0.93995416 0.66611308
vt 1.11910534 0.71488225
vt 1.11674166 0.60684836
vt 2.31375742 0.42816734
vt 2.29901457 0.32311797
vt 2.11765718 0.30829436
vt 0.58269888 -0.11141348
vt 0.73874736 -0.07020140
vt 0.67880750 -0.19476175
vt 0.88771510 0.79700100
vt 0.98922980 0.81925714
vt 0.93995416 0.66611308
vt 0.98922980 0.81925714
vt 1.09876740 0.87498796
vt 1.11910534 0.71488225
vt 1.01145923 0.95201176
vt 1.13294911 1.01806915
vt 1.09876740 0.87498796
vt 0.72938579 0.84613836
vt 0.93995416 0.66611308
vt 0.82452750 0.65207630
vt 0.72938579 0.84613836
vt 0.88771510 0.79700100
vt 0.93995416 0.66611308
vt 0.67577243 0.71131378
vt 0.72938579 0.84613836
vt 0.82452750 0.65207630
vt 0.90262985 -0.71837068
vt 1.10750937 -0.73075843
vt 1.08245099 -0.80853510
vt 0.14038758 -0.15841889
vt 0.37592846 -0.21938026
vt 0.75435376 -0.69342220
vt 0.85327411 -0.64223063
vt 0.90262985 -0.71837068
vt 1.97719669 -0.34382319
vt 1.94151258 -0.25785172
vt 1.99955368 -0.28192508
vt 1.31684375 -1.09260988
vt 1.36369586 -0.92847478
vt 1.44144654 -1.02579927
vt 2.03674531 -0.36464906
vt 2.08718300 -0.36137533
vt 1.99955368 -0.28192508
vt 1.99582899 -0.21217358
vt 2.07219315 -0.28107834
vt 1.13294911 1.01806915
vt 1.05377197 1.08722758
vt 1.99183643 -0.14091396
vt 2.04077339 -0.01960635
vt 2.06428170 -0.11535192
vt 0.45910144 0.91979432
vt 0.60839611 0.84628600
vt 0.58158582 0.76215744
vt 0.54512006 1.00267744
vt 0.67123199 1.12363029
vt 1.28474295 0.96403366
vt 1.41255093 0.96343875
vt 0.67123199 1.12363029
vt 0.75048518 1.05540514
vt 0.80583549 0.89233649
vt 0.68996644 0.28792292
vt 0.90609801 0.32409918
vt 0.85164410 0.25454187
vt 2.15279222 -0.23202944
vt 2.06428170 -0.11535192
vt 2.06428170 -0.11535192
vt 2.04077339 -0.01960635
vt 2.14711881 -0.04154527
vt 1.85135734 -0.71493697
vt 1.92603040 -0.59547102
vt 1.97087514 -0.64870405
vt 0.90090460 0.56339264
vt 0.66173398 1.44949400
vt 0.55978191 1.34124398
vt 0.59321916 1.54826880
vt -0.09540363 2.21453762
vt -0.13097799 2.10593390
vt -0.24128044 2.16089964
vt 0.14621684 1.86070490
vt 0.05188125 1.73759413
vt -0.04953065 1.71833920
vt -0.25421789 2.33975124
vt -0.24128044 2.16089964
vt -0.36692429 2.28136730
vt -0.02230280 2.02391052
vt -0.11498240 1.83709919
vt -0.19880092 1.88546705
vt 0.74061108 2.11442399
vt 0.68245888 1.94719851
vt 0.66081786 2.05015850
vt 0.57542622 1.13302290
vt 0.55978191 1.34124398
vt -0.52641881 2.73280644
vt -0.62187618 2.54710507
vt -0.70646888 2.60926485
vt -0.34001496 1.75109696
vt -0.44598165 1.63838220
vt -0.51632094 1.72279692
vt -0.26497018 1.99166322
vt -0.41604328 1.88214231
vt -0.34001496 1.75109696
vt -0.36469793 1.59919524
vt -0.44598165 1.63838220
vt 0.74061108 2.11442399
vt 0.66081786 2.05015850
vt 0.57972044 2.11209273
vt 0.71221530 2.25196838
vt 0.74061108 2.11442399
vt 0.57972044 2.11209273
vt 0.13589382 1.69011235
vt 0.11205702 1.59802437
vt 0.05188125 1.73759413
vt 0.11205702 1.59802437
vt 0.18735844 1.48974514
vt -0.01764402 1.46573305
vt -0.16384317 2.40847611
vt -0.09540363 2.21453762
vt -0.25421789 2.33975124
vt 0.08972809 2.47949696
vt -0.08542414 2.31762028
vt -0.00053294 2.51711869
vt -0.77315050 2.09663725
vt -0.81520140 1.96688056
vt -0.92062002 2.02198029
vt 1.14020753 2.69667816
vt 1.13760710 2.83128166
vt 1.25186050 2.75177813
vt 1.01558816 2.36699533
vt 0.84990853 2.27955294
vt 1.05707240 2.47846961
vt -0.49810135 2.97311258
vt -0.52641881 2.73280644
vt -0.70809650 2.91933727
vt -0.46685565 2.84815025
vt -0.52641881 2.73280644
vt -0.49810135 2.97311258
vt -0.63590646 2.33108854
vt -0.73179674 2.30304480
vt -0.62187618 2.54710507
vt -0.73179674 2.30304480
vt -0.77315050 2.09663725
vt -0.88049126 2.31760502
vt -0.65175796 1.91531229
vt -0.76843232 1.90170920
vt -0.70827675 2.05970263
vt 0.76097047 1.45270705
vt 0.66173398 1.44949400
vt 0.69995499 1.58605576
vt 0.69995499 1.58605576
vt 0.59321916 1.54826880
vt 0.59295094 1.67716503
vt 0.93284971 2.17802238
vt 0.81332141 2.18087006
vt 0.84990853 2.27955294
vt 0.94525319 2.04314613
vt 0.68245888 1.94719851
vt 0.74061108 2.11442399
vt -0.71817362 1.63731837
vt -0.79996562 1.66173339
vt -0.76843232 1.90170920
vt -0.60043859 1.75049400
vt -0.71817362 1.63731837
vt -0.65175796 1.91531229
vt -0.41604328 1.88214231
vt -0.54885465 1.96507180
vt -0.49929398 2.15531826
vt 0.59295094 1.67716503
vt 0.68909013 1.81404674
vt 0.66173398 1.44949400
vt 0.59321916 1.54826880
vt 0.69995499 1.58605576
vt 0.69995499 1.58605576
vt 0.68909013 1.81404674
vt 0.83249313 1.70408607
vt 0.91609418 1.62181365
vt 0.69301468 2.66682816
vt 0.62174416 2.74683928
vt 0.68709153 2.87858415
vt 0.53762305 3.26450777
vt 0.59691668 2.96207476
vt 0.43015784 3.15875602
vt -0.28442428 2.67282057
vt -0.32021129 2.51118565
vt -0.39644295 2.61688137
vt 0.34679019 3.03729057
vt 0.22290760 3.25986218
vt 0.51803315 2.26400018
vt 0.40865213 2.21188116
vt 0.34488982 2.32131815
vt 0.51803315 2.26400018
vt 0.49270734 2.15797353
vt 0.40865213 2.21188116
vt -0.16203406 2.91914868
vt -0.21939377 2.77750492
vt -0.29922226 3.03520513
vt -0.16203406 2.91914868
vt -0.29922226 3.03520513
vt -0.23400670 3.24923348
vt 0.00685172 3.42782497
vt 0.00513245 3.21605754
vt -0.12396526 3.51823974
vt 0.13387570 3.41048765
vt 0.00513245 3.21605754
vt 0.00685172 3.42782497
vt 0.99604595 2.78113842
vt 1.03028226 2.92802525
vt -0.32021129 2.51118565
vt -0.46351606 2.33002138
vt -0.49058604 2.50292015
vt -0.64105135 2.16867971
vt -0.73179674 2.30304480
vt 0.31266189 2.51986122
vt 0.24633406 2.33709955
vt 0.17961568 2.44043064
vt 0.18547876 3.00162339
vt 0.18061340 2.73316383
vt 0.08913367 2.78571987
vt 0.34679019 3.03729057
vt 0.35314864 2.66484213
vt 0.18547876 3.00162339
vt -0.39644295 2.61688137
vt -0.32021129 2.51118565
vt -0.49058604 2.50292015
vt 0.00513245 3.21605754
vt -0.23400670 3.24923348
vt -0.23400670 3.24923348
vt -0.34154224 3.26478052
vt -0.28719300 3.42340279
vt 0.47505346 2.67749548
vt 0.51269007 2.81416321
vt -0.36040735 2.92081404
vt -0.46685565 2.84815025
vt -0.49810135 2.97311258
vt -0.49058604 2.50292015
vt -0.55948794 2.27036476
vt -0.63590646 2.33108854
vt 0.35314864 2.66484213
vt 0.18061340 2.73316383
vt 0.18547876 3.00162339
vt 0.34488982 2.32131815
vt 0.24633406 2.33709955
vt 0.31266189 2.51986122
vt 0.31266189 2.51986122
vt 0.24676420 2.62667632
vt 0.22290760 3.25986218
vt 0.18547876 3.00162339
vt 0.08464113 3.05392003
vt 1.13760710 2.83128166
vt 1.20060384 2.92342567
vt 1.25186050 2.75177813
vt 0.35314864 2.66484213
vt 0.31266189 2.51986122
vt 0.24676420 2.62667632
vt 0.34679019 3.03729057
vt 0.18547876 3.00162339
vt 0.22290760 3.25986218
vt 0.08913367 2.78571987
vt -0.09197795 2.81642079
vt 0.08464113 3.05392003
vt 0.08464113 3.05392003
vt -0.09197795 2.81642079
vt -0.16203406 2.91914868
vt 1.05707240 2.47846961
vt 0.84990853 2.27955294
vt 0.80427384 2.43626189
vt 0.91919070 3.03992891
vt 0.89935851 2.87210417
vt 0.78796494 2.97690582
vt 0.08464113 3.05392003
vt -0.16203406 2.91914868
vt -0.23400670 3.24923348
vt 0.51269007 2.81416321
vt 0.35314864 2.66484213
vt 0.34679019 3.03729057
vt 0.69360453 3.10826921
vt 0.59691668 2.96207476
vt 0.53762305 3.26450777
vt 0.80427384 2.43626189
vt 0.71908331 2.49029183
vt 0.82484818 2.71429539
vt 1.14020753 2.69667816
vt 1.25186050 2.75177813
vt 1.33381557 2.68679857
vt 0.08972809 2.47949696
vt -0.00053294 2.51711869
vt 0.05262436 2.66637135
vt -0.34154224 3.26478052
vt -0.39847636 3.14340401
vt -0.43625489 3.39790535
vt 1.07045543 2.59455657
vt 0.99604595 2.78113842
vt 1.14020753 2.69667816
vt -0.60043859 1.75049400
vt -0.65642166 1.57770848
vt -0.71817362 1.63731837
vt -0.54885465 1.96507180
vt -0.60043859 1.75049400
vt -0.65175796 1.91531229
vt -0.65175796 1.91531229
vt -0.71817362 1.63731837
vt -0.76843232 1.90170920
vt 0.91609418 1.62181365
vt 0.83249313 1.70408607
vt 1.18586147 2.57041907
vt 1.07045543 2.59455657
vt 0.39982519 2.47164249
vt 0.31266189 2.51986122
vt 0.78796494 2.97690582
vt 0.69301468 2.66682816
vt 0.68709153 2.87858415
vt 1.15595019 2.97947216
vt 1.20060384 2.92342567
vt 0.12872474 2.29927754
vt 0.09670839 2.19704270
vt 0.01668010 2.26140785
vt 0.59321916 1.54826880
vt 0.42167395 1.56528592
vt 0.51589155 1.62006247
vt 0.50058919 1.26832652
vt 0.55978191 1.34124398
vt 0.26301488 1.73906147
vt 0.22401674 1.65162098
vt 0.43192461 1.67189622
vt 0.42167395 1.56528592
vt 0.31902388 1.63441360
vt 0.30431479 1.83475757
vt 0.31902388 1.63441360
vt 0.26301488 1.73906147
vt 0.54118246 2.00750971
vt 0.58841902 1.87755597
vt 0.43858504 2.00406289
vt 0.56077319 1.79336190
vt 0.43192461 1.67189622
vt 0.30431479 1.83475757
vt 0.56077319 1.79336190
vt 0.59295094 1.67716503
vt 0.43192461 1.67189622
vt 0.59295094 1.67716503
vt 0.51589155 1.62006247
vt 0.43192461 1.67189622
vt 0.68245888 1.94719851
vt 0.68909013 1.81404674
vt 0.58841902 1.87755597
vt 0.59295094 1.67716503
vt 0.59321916 1.54826880
vt 0.51589155 1.62006247
vt -0.26497018 1.99166322
vt -0.41604328 1.88214231
vt -0.24128044 2.16089964
vt 0.93284971 2.17802238
vt 0.84990853 2.27955294
vt 1.01558816 2.36699533
vt 0.18547876 3.00162339
vt 0.08913367 2.78571987
vt 0.94525319 2.04314613
vt 0.93284971 2.17802238
vt 1.06160319 2.19210935
vt 0.84297365 1.87484872
vt 0.68245888 1.94719851
vt 0.94525319 2.04314613
vt 0.79175580 1.36479020
vt 0.66173398 1.44949400
vt 0.76097047 1.45270705
vt 0.99604595 2.78113842
vt 1.13760710 2.83128166
vt 1.14020753 2.69667816
vt 1.25186050 2.75177813
vt 1.20060384 2.92342567
vt 1.32081008 2.77255034
vt -0.24446790 1.68384099
vt -0.19880092 1.88546705
vt -0.04953065 1.71833920
vt -0.24446790 1.68384099
vt -0.11498240 1.83709919
vt -0.11997694 1.43765485
vt -0.21909305 1.42104220
vt -0.08689755 1.58522308
vt -0.01764402 1.46573305
vt -0.11997694 1.43765485
vt -0.08689755 1.58522308
vt 0.11205702 1.59802437
vt -0.01764402 1.46573305
vt 0.05188125 1.73759413
vt 0.24676420 2.62667632
vt 0.18061340 2.73316383
vt 0.20071247 1.56238627
vt 0.18735844 1.48974514
vt 0.11205702 1.59802437
vt -0.09540363 2.21453762
vt -0.24128044 2.16089964
vt -0.25421789 2.33975124
vt -0.64105135 2.16867971
vt -0.70827675 2.05970263
vt 0.26289567 1.43850982
vt 0.11539710 1.29930329
vt 0.18735844 1.48974514
vt -0.24128044 2.16089964
vt -0.40350348 2.15960860
vt -0.36692429 2.28136730
vt -0.36692429 2.28136730
vt -0.46351606 2.33002138
vt -0.28442428 2.67282057
vt -0.39644295 2.61688137
vt -0.46685565 2.84815025
vt -0.49058604 2.50292015
vt -0.63590646 2.33108854
vt -0.62187618 2.54710507
vt -0.40350348 2.15960860
vt -0.49929398 2.15531826
vt -0.64105135 2.16867971
vt -0.63590646 2.33108854
vt 0.27348268 2.12062097
vt 0.21035796 1.98586965
vt 0.17673670 2.13267756
vt 0.17673670 2.13267756
vt 0.20785376 2.23106980
vt 0.21789724 1.25563407
vt 0.11539710 1.29930329
vt 0.26289567 1.43850982
vt 0.09670839 2.19704270
vt 0.00832129 2.13696575
vt 0.01668010 2.26140785
vt 0.12872474 2.29927754
vt 0.01668010 2.26140785
vt -0.08542414 2.31762028
vt 0.41457769 1.40866923
vt 0.21789724 1.25563407
vt 0.26289567 1.43850982
vt 0.50058919 1.26832652
vt 0.38458201 1.21854103
vt 0.41457769 1.40866923
vt 0.41457769 1.40866923
vt 0.38458201 1.21854103
vt 0.21789724 1.25563407
vt -0.02230280 2.02391052
vt -0.19880092 1.88546705
vt -0.13097799 2.10593390
vt -0.08542414 2.31762028
vt -0.09540363 2.21453762
vt -0.16384317 2.40847611
vt -0.04953065 1.71833920
vt -0.11498240 1.83709919
vt -0.02230280 2.02391052
vt 0.42167395 1.56528592
vt 0.37802339 1.49111009
vt 0.47505346 2.67749548
vt 0.43743932 2.57456899
vt 0.35314864 2.66484213
vt -0.23400670 3.24923348
vt 0.81332141 2.18087006
vt 0.74061108 2.11442399
vt 0.71221530 2.25196838
vt 0.84990853 2.27955294
vt 0.76552439 2.33345747
vt 0.80427384 2.43626189
vt 0.76552439 2.33345747
vt 0.71221530 2.25196838
vt 0.60137391 2.37230825
vt 0.57972044 2.11209273
vt 0.49270734 2.15797353
vt 0.51803315 2.26400018
vt 0.63774002 2.55269313
vt 0.54814374 2.49321175
vt 0.55639672 2.61509442
vt -0.46685565 2.84815025
vt -0.39644295 2.61688137
vt -0.52641881 2.73280644
vt 0.68245888 1.94719851
vt 0.58841902 1.87755597
vt 0.54118246 2.00750971
vt 0.43192461 1.67189622
vt 0.31902388 1.63441360
vt 0.30431479 1.83475757
vt -0.40350348 2.15960860
vt -0.41604328 1.88214231
vt -0.49929398 2.15531826
vt 0.43858504 2.00406289
vt 0.30431479 1.83475757
vt 0.35523677 2.05981517
vt 0.30431479 1.83475757
vt 0.14621684 1.86070490
vt 0.30431479 1.83475757
vt 0.14621684 1.86070490
vt 0.21035796 1.98586965
vt 0.51589155 1.62006247
vt 0.42167395 1.56528592
vt 0.43192461 1.67189622
vt 0.31902388 1.63441360
vt 0.22401674 1.65162098
vt 0.55978191 1.34124398
vt 0.50058919 1.26832652
vt 0.41457769 1.40866923
vt 0.91535437 2.67795801
vt 0.80427384 2.43626189
vt 0.82484818 2.71429539
vt 0.99604595 2.78113842
vt 1.07045543 2.59455657
vt 0.91535437 2.67795801
vt 0.00513245 3.21605754
vt 0.08464113 3.05392003
vt -0.29922226 3.03520513
vt -0.21939377 2.77750492
vt -0.36040735 2.92081404
vt 0.21035796 1.98586965
vt 0.14621684 1.86070490
vt 0.11450255 1.93589270
vt -0.41604328 1.88214231
vt -0.34001496 1.75109696
vt -0.51632094 1.72279692
vt -1.33782101 2.51768589
vt -1.11075032 2.45152354
vt -1.18545604 2.32058764
vt -1.25862908 3.06155276
vt -1.12504768 3.34652710
vt -1.20374894 2.98746777
vt -1.37749910 1.74364269
vt -1.18510532 1.99060512
vt -1.27077246 1.73447037
vt -1.92941296 3.50136709
vt -1.82817304 3.47817183
vt -1.90265179 3.21213102
vt -1.36397004 2.86528826
vt -1.20374894 2.98746777
vt -1.23293006 2.68754220
vt -2.03562570 2.70890570
vt -2.05051088 3.04135180
vt -1.90265179 3.21213102
vt -1.33782101 2.51768589
vt -1.23293006 2.68754220
vt -1.11075032 2.45152354
vt -1.20374894 2.98746777
vt -1.01952815 2.98037577
vt -0.99831140 2.89455748
vt -1.33069181 1.88567054
vt -1.18510532 1.99060512
vt -1.37749910 1.74364269
vt -1.45730269 1.93570232
vt -1.45853543 2.10489798
vt -1.32717824 2.04999113
vt -1.53026044 2.30205011
vt -1.53108227 2.42146587
vt -1.43339849 2.43581128
vt -1.64823353 2.17564702
vt -1.53108227 2.42146587
vt -1.53026044 2.30205011
vt -1.32717824 2.04999113
vt -1.18797576 2.15595388
vt -1.18510532 1.99060512
vt -1.03927553 3.26938510
vt -0.95113993 3.45063066
vt -0.96533531 3.25072002
vt -1.29138565 2.20157623
vt -1.18545604 2.32058764
vt -1.18797576 2.15595388
vt -1.03927553 3.26938510
vt -0.96533531 3.25072002
vt -1.00962245 3.09830976
vt -1.45730269 1.93570232
vt -1.33069181 1.88567054
vt -1.61310983 3.07071376
vt -1.77089787 2.91929317
vt -1.64836466 3.34882021
vt -0.83350223 2.62819290
vt -0.84081310 2.46120691
vt -0.93076801 2.52113652
vt -0.69045150 3.04486942
vt -0.70809650 2.91933727
vt -0.76496655 3.09126210
vt -0.87867349 2.83902597
vt -0.83350223 2.62819290
vt -0.98857772 2.73438907
vt -1.29095411 3.24746323
vt -1.25658965 3.40882969
vt -1.12504768 3.34652710
vt -2.04911590 3.50813651
vt -2.11880827 3.29437780
vt -2.03499627 3.61844611
vt -1.21381450 3.65995884
vt -1.35396433 3.94054031
vt -1.26308656 3.91105509
vt -1.21381450 3.65995884
vt -1.32888520 3.60372734
vt -1.35396433 3.94054031
vt -1.86642277 2.54826593
vt -1.92601824 2.73502946
vt -1.77089787 2.91929317
vt -1.64836466 3.34882021
vt -1.53860593 3.33946466
vt -1.61310983 3.07071376
vt -1.06640744 3.69767404
vt -1.21381450 3.65995884
vt -1.03265512 3.85318923
vt -0.59640861 3.16703200
vt -0.70809650 2.91933727
vt -0.69045150 3.04486942
vt -1.58921564 3.55616140
vt -1.49253607 3.77198100
vt -1.46535301 3.59140611
vt -1.12504768 3.34652710
vt -1.06640744 3.69767404
vt -1.05188704 3.50073171
vt -0.95113993 3.45063066
vt -0.99925601 3.66591716
vt -0.87499660 3.61973524
vt -1.61095214 2.85099339
vt -1.77089787 2.91929317
vt -1.40024281 2.24960160
vt -1.33782101 2.51768589
vt -1.29138565 2.20157623
vt -0.63134396 3.67211580
vt -0.67443287 3.48349047
vt -0.74841726 3.72662687
vt -1.01952815 2.98037577
vt -0.81716180 3.32765722
vt -0.84062815 3.13361812
vt -0.43625489 3.39790535
vt -0.39847636 3.14340401
vt -0.53105944 3.30679846
vt -1.53860593 3.33946466
vt -1.46535301 3.59140611
vt -1.41924250 3.46967483
vt -1.71163297 2.36703181
vt -1.77526164 2.55892324
vt -1.58249712 2.48945236
vt -1.86326981 2.08350229
vt -1.84654367 2.24640512
vt -1.77895474 2.22228909
vt -1.07328701 2.60553217
vt -0.98857772 2.73438907
vt -1.00408995 2.56998491
vt -1.77089787 2.91929317
vt -1.92601824 2.73502946
vt -0.88049126 2.31760502
vt -1.01309347 2.21836662
vt -1.01232505 2.33828044
vt -1.09863818 1.84430587
vt -1.27077246 1.73447037
vt -1.18510532 1.99060512
vt -1.49253607 3.77198100
vt -1.48307145 3.96444273
vt -1.35396433 3.94054031
vt -1.77595055 3.67182088
vt -1.85001266 3.74808049
vt -1.65314627 3.66750813
vt -1.65314627 3.66750813
vt -1.48307145 3.96444273
vt -1.49253607 3.77198100
vt -1.43339849 2.43581128
vt -1.44699919 2.60930228
vt -1.33782101 2.51768589
vt -2.15067983 2.59621572
vt -2.25001812 2.57110763
vt -2.24307084 2.69873285
vt -0.70646888 2.60926485
vt -0.84081310 2.46120691
vt -0.83350223 2.62819290
vt -0.70646888 2.60926485
vt -0.83350223 2.62819290
vt -0.77394879 2.75857878
vt -0.77394879 2.75857878
vt -0.83350223 2.62819290
vt -0.87867349 2.83902597
vt -0.76496655 3.09126210
vt -0.87867349 2.83902597
vt -0.84062815 3.13361812
vt -0.36861259 3.51477623
vt -0.43625489 3.39790535
vt -0.44182670 3.63009787
vt -0.53105944 3.30679846
vt -0.59640861 3.16703200
vt -0.67316496 3.33361959
vt -1.54619920 1.97083092
vt -1.45853543 2.10489798
vt -1.45730269 1.93570232
vt -2.15982628 3.13471413
vt -2.15103912 3.24133348
vt -2.11880827 3.29437780
vt -2.21951199 2.92349124
vt -2.19633007 3.02341843
vt -2.23336244 2.79135346
vt -1.65314627 3.66750813
vt -1.49253607 3.77198100
vt -1.58921564 3.55616140
vt -2.08729339 3.33618164
vt -2.11880827 3.29437780
vt -2.04911590 3.50813651
vt -2.15982628 3.13471413
vt -2.11880827 3.29437780
vt -2.08729339 3.33618164
vt -2.19633007 3.02341843
vt -2.15982628 3.13471413
vt -2.18831468 2.93161178
vt -2.23336244 2.79135346
vt -2.18831468 2.93161178
vt -2.24307084 2.69873285
vt -1.23293006 2.68754220
vt -1.20374894 2.98746777
vt -0.99831140 2.89455748
vt -1.90265179 3.21213102
vt -1.82817304 3.47817183
vt -1.74559784 3.38646603
vt -2.03562570 2.70890570
vt -1.20374894 2.98746777
vt -1.12504768 3.34652710
vt -1.45853543 2.10489798
vt -1.53026044 2.30205011
vt -1.40024281 2.24960160
vt -1.36397004 2.86528826
vt -1.25862908 3.06155276
vt -1.20374894 2.98746777
vt -2.05051088 3.04135180
vt -1.18510532 1.99060512
vt -1.18797576 2.15595388
vt -1.01309347 2.21836662
vt -2.05051088 3.04135180
vt -2.18831468 2.93161178
vt -2.13091683 3.13423204
vt -2.15982628 3.13471413
vt -2.17441368 3.13495731
vt -2.15103912 3.24133348
vt -2.19633007 3.02341843
vt -2.17441368 3.13495731
vt -2.15982628 3.13471413
vt -1.33069181 1.88567054
vt -1.32717824 2.04999113
vt -1.18510532 1.99060512
vt -1.32717824 2.04999113
vt -1.29138565 2.20157623
vt -1.18797576 2.15595388
vt -2.15103912 3.24133348
vt -2.12823677 3.34758139
vt -2.23336244 2.79135346
vt -2.19633007 3.02341843
vt -2.18831468 2.93161178
vt -2.15982628 3.13471413
vt -2.08729339 3.33618164
vt -2.04911590 3.50813651
vt -2.03499627 3.61844611
vt -1.96199918 3.78708196
vt -2.18831468 2.93161178
vt -2.08729339 3.33618164
vt -2.13091683 3.13423204
vt -1.11075032 2.45152354
vt -1.23293006 2.68754220
vt -1.07328701 2.60553217
vt -1.46535301 3.59140611
vt -1.32888520 3.60372734
vt -1.21381450 3.65995884
vt -1.26308656 3.91105509
vt -1.03265512 3.85318923
vt -0.98857772 2.73438907
vt -0.99831140 2.89455748
vt -1.86642277 2.54826593
vt -1.96053648 2.56205964
vt -1.92601824 2.73502946
vt -2.08729339 3.33618164
vt -2.04911590 3.50813651
vt -1.92941296 3.50136709
vt -0.49810135 2.97311258
vt -0.70809650 2.91933727
vt -0.59640861 3.16703200
vt -0.88049126 2.31760502
vt -0.77315050 2.09663725
vt -1.01309347 2.21836662
vt -1.11075032 2.45152354
vt -1.07328701 2.60553217
vt -1.00408995 2.56998491
vt -1.34599102 3.09632969
vt -1.25862908 3.06155276
vt -0.92062002 2.02198029
vt -1.01309347 2.21836662
vt -1.29138565 2.20157623
vt -1.33782101 2.51768589
vt -1.18545604 2.32058764
vt -1.92601824 2.73502946
vt -2.03562570 2.70890570
vt -0.88049126 2.31760502
vt -0.84081310 2.46120691
vt -2.16675091 2.16208744
vt -2.18043852 2.30196667
vt -2.09696484 2.28807640
vt -2.06761026 2.49168777
vt -2.16698122 2.43502903
vt -1.53726542 2.64191294
vt -1.61095214 2.85099339
vt -1.36397004 2.86528826
vt -1.61095214 2.85099339
vt -1.46823442 3.13888097
vt -0.92062002 2.02198029
vt -0.97549748 1.89259219
vt -1.09863818 1.84430587
vt -1.18545604 2.32058764
vt -1.11075032 2.45152354
vt -1.01232505 2.33828044
vt -1.80704606 2.40121651
vt -1.71163297 2.36703181
vt -1.71163297 2.36703181
vt -1.71136582 2.19817305
vt -1.58249712 2.48945236
vt -1.53108227 2.42146587
vt -1.68213594 2.01913619
vt -1.64823353 2.17564702
vt -1.63981652 1.94706380
vt -1.64823353 2.17564702
vt -1.53026044 2.30205011
vt -1.45853543 2.10489798
vt -1.53108227 2.42146587
vt -1.44699919 2.60930228
vt -1.43339849 2.43581128
vt -2.26569533 2.28309965
vt -2.18043852 2.30196667
vt -2.16675091 2.16208744
vt -1.61310983 3.07071376
vt -1.53860593 3.33946466
vt -1.46823442 3.13888097
vt -1.66160047 2.68683195
vt -1.06640744 3.69767404
vt -0.99925601 3.66591716
vt -1.05188704 3.50073171
vt -1.05188704 3.50073171
vt -0.95113993 3.45063066
vt -1.61310983 3.07071376
vt -1.46823442 3.13888097
vt -1.61095214 2.85099339
vt -1.61095214 2.85099339
vt -1.53726542 2.64191294
vt -1.61095214 2.85099339
vt -1.34599102 3.09632969
vt -1.36397004 2.86528826
vt -1.98701382 2.41812277
vt -2.06761026 2.49168777
vt -1.53726542 2.64191294
vt -1.44699919 2.60930228
vt -2.06761026 2.49168777
vt -0.52356046 1.29058921
vt -0.45529494 1.43117821
vt -0.40717605 1.25351894
vt -0.79996562 1.66173339
vt -0.84081340 1.49177945
vt -0.92859042 1.47174501
vt -1.10137725 1.45299172
vt -1.14127278 1.27379918
vt -1.26584435 1.29335690
vt 0.23527050 0.35446072
vt 0.30985048 0.23253107
vt 0.21539278 0.21066689
vt -0.16429757 1.18283474
vt -0.07352281 1.26669621
vt 0.01415382 1.21666956
vt -0.18420255 -0.15007746
vt -0.00171590 -0.09320021
vt -0.04769472 -0.22340059
vt -0.54665512 -0.32973492
vt -0.45549026 -0.29988623
vt -0.45644289 -0.38524675
vt -0.36942798 -0.35744786
vt -0.28270355 -0.34218884
vt -0.24030843 -0.44327044
vt -0.11134153 -0.38995624
vt 0.07134622 -0.37171078
vt -0.01039204 -0.50986052
vt -1.65097511 0.10262048
vt -1.56306410 0.28899336
vt -1.56755042 0.04701358
vt -0.28270355 -0.34218884
vt -0.16506022 -0.28641057
vt -0.24030843 -0.44327044
vt -0.28646094 -0.21730340
vt -0.18420255 -0.15007746
vt -0.16506022 -0.28641057
vt 0.20490083 0.12475675
vt 0.29191303 0.09309322
vt -0.18420255 -0.15007746
vt -0.04769472 -0.22340059
vt -0.16506022 -0.28641057
vt -0.21909305 1.42104220
vt -0.25712788 1.32103395
vt -0.30563962 1.45413625
vt -0.34029576 0.65492660
vt -0.19256654 0.57575142
vt -0.23276013 0.47901469
vt -0.15394729 0.11199689
vt -0.00171590 -0.09320021
vt -0.18420255 -0.15007746
vt -0.30584592 1.11245906
vt -0.40717605 1.25351894
vt -0.26484245 1.21209598
vt -1.56755042 0.04701358
vt -1.46440041 0.12188226
vt -1.45043421 -0.08959734
vt 0.21789724 1.25563407
vt 0.13767555 1.19739425
vt 0.11539710 1.29930329
vt -0.01896746 0.20355088
vt 0.20490083 0.12475675
vt 0.12448930 0.01932722
vt -0.01896746 0.20355088
vt 0.02056054 0.10658509
vt -0.15394729 0.11199689
vt -0.22118288 0.95562661
vt -0.19647507 1.08524632
vt -0.10547880 1.05856192
vt -0.46668836 0.54874492
vt -0.38850895 0.46055883
vt -0.57209146 0.83613241
vt -0.36614236 0.79515755
vt -0.44513050 0.69654036
vt -0.32400766 0.89729983
vt -0.29783344 1.00089633
vt -0.22118288 0.95562661
vt -0.38850895 0.46055883
vt -0.23276013 0.47901469
vt -0.32392702 0.27666277
vt -0.26320013 0.71763694
vt -0.16511436 0.77013528
vt -0.10444038 0.61847365
vt -0.47759646 -0.12221456
vt -0.43817398 -0.22684300
vt -0.54338288 -0.23288965
vt -0.60623074 0.01781750
vt -0.47759646 -0.12221456
vt -0.68345881 -0.13367319
vt 0.12338296 0.20783156
vt -0.01896746 0.20355088
vt -1.46440041 0.12188226
vt -1.35633790 0.05271095
vt -1.45043421 -0.08959734
vt 0.11666895 0.29220235
vt 0.12338296 0.20783156
vt -0.01896746 0.20355088
vt -0.48945245 0.37642181
vt -0.38850895 0.46055883
vt -0.49454123 0.27014136
vt -0.61730015 0.37436986
vt -0.48945245 0.37642181
vt -0.49454123 0.27014136
vt -0.26435810 -0.04394007
vt -0.35729030 -0.10106266
vt -0.26435810 -0.04394007
vt -0.28646094 -0.21730340
vt 0.26439381 0.53631127
vt 0.34267551 0.44555730
vt 0.23527050 0.35446072
vt -0.41290903 0.91201651
vt -0.32400766 0.89729983
vt -0.69497532 -0.26782990
vt -0.54338288 -0.23288965
vt -0.04769472 -0.22340059
vt -0.16506022 -0.28641057
vt -0.60623074 0.01781750
vt -0.39645228 -0.01286423
vt -0.47759646 -0.12221456
vt -0.01764402 1.46573305
vt -0.07352281 1.26669621
vt -0.11997694 1.43765485
vt 0.36372420 0.62451994
vt 0.42690250 0.53495216
vt 0.26439381 0.53631127
vt 0.46230018 1.06911039
vt 0.57542622 1.13302290
vt 0.54512006 1.00267744
vt -0.30563962 1.45413625
vt -0.25712788 1.32103395
vt -0.45529494 1.43117821
vt 0.36372420 0.62451994
vt 0.46588022 0.61351669
vt 0.42690250 0.53495216
vt 0.57542622 1.13302290
vt 0.46230018 1.06911039
vt 0.49181199 1.18636942
vt 0.57542622 1.13302290
vt 0.49181199 1.18636942
vt -0.04769472 -0.22340059
vt 0.07797766 -0.20889473
vt 0.06600062 -0.28804827
vt -0.16511436 0.77013528
vt -0.00751839 0.75117993
vt -0.10444038 0.61847365
vt -1.06384242 0.82776284
vt -0.94331813 0.99374980
vt -0.97559577 0.67192090
vt 0.15671943 0.44330859
vt 0.23527050 0.35446072
vt 0.11666895 0.29220235
vt -0.02014856 0.50146735
vt 0.06599495 0.45667362
vt -0.04856494 0.30979097
vt -0.87362289 0.01588315
vt -0.79880011 -0.14653623
vt -0.92492294 -0.16458130
vt -0.96119183 0.01015449
vt -0.87362289 0.01588315
vt -0.92492294 -0.16458130
vt 0.11539710 1.29930329
vt 0.13767555 1.19739425
vt 0.01415382 1.21666956
vt -0.96057308 0.12786078
vt -0.96119183 0.01015449
vt -1.12474298 -0.01581585
vt -0.10444038 0.61847365
vt -0.02014856 0.50146735
vt -0.11660734 0.47701681
vt -0.15394729 0.11199689
vt 0.02056054 0.10658509
vt -0.01896746 0.20355088
vt 0.12448930 0.01932722
vt -1.10137725 1.45299172
vt -1.03282285 1.37678933
vt -1.14127278 1.27379918
vt -0.16935141 0.19792062
vt -0.01896746 0.20355088
vt -0.15394729 0.11199689
vt 0.12338296 0.20783156
vt 0.21539278 0.21066689
vt 0.20490083 0.12475675
vt -1.06384242 0.82776284
vt -1.07457757 0.60717130
vt -1.03282285 1.37678933
vt -0.96280015 1.70194626
vt -0.92859042 1.47174501
vt -1.35366857 0.55021292
vt -1.27201629 0.39672738
vt -1.33642566 0.32460129
vt -1.46086979 0.53926969
vt -1.35366857 0.55021292
vt -1.48676801 0.45388055
vt -1.32401454 0.72029084
vt -1.22607446 0.53192115
vt -1.35366857 0.55021292
vt -1.16573143 0.60991955
vt -1.22607446 0.53192115
vt -1.44508922 0.71870768
vt -1.32401454 0.72029084
vt -1.44580495 0.62726355
vt 0.11539710 1.29930329
vt 0.01415382 1.21666956
vt -0.07352281 1.26669621
vt -1.44794488 0.35385889
vt -1.56306410 0.28899336
vt -1.52669334 0.37186426
vt -0.32392702 0.27666277
vt -0.46668836 0.54874492
vt -0.38850895 0.46055883
vt -0.48945245 0.37642181
vt -0.23276013 0.47901469
vt -0.23289138 0.29021871
vt -0.32392702 0.27666277
vt -0.04856494 0.30979097
vt 0.11666895 0.29220235
vt -0.01896746 0.20355088
vt -0.56990385 0.62660533
vt -0.46668836 0.54874492
vt -0.60513735 0.54941785
vt 0.23527050 0.35446072
vt 0.30985048 0.23253107
vt 0.42690250 0.53495216
vt 0.34267551 0.44555730
vt -0.04856494 0.30979097
vt 0.06599495 0.45667362
vt 0.11666895 0.29220235
vt 0.06599495 0.45667362
vt 0.15671943 0.44330859
vt 0.11666895 0.29220235
vt 0.15671943 0.44330859
vt 0.26439381 0.53631127
vt 0.23527050 0.35446072
vt -0.34029576 0.65492660
vt -0.38850895 0.46055883
vt 0.14100932 0.61280966
vt 0.06599495 0.45667362
vt -0.71324742 0.68350881
vt -0.56990385 0.62660533
vt -0.60513735 0.54941785
vt -0.94331813 0.99374980
vt -0.87187099 0.80288762
vt -0.44513050 0.69654036
vt -0.46668836 0.54874492
vt -0.56990385 0.62660533
vt -0.44513050 0.69654036
vt -0.34029576 0.65492660
vt -0.46668836 0.54874492
vt 0.00287544 0.65677059
vt -0.02014856 0.50146735
vt 0.14100932 0.61280966
vt 0.36372420 0.62451994
vt 0.26439381 0.53631127
vt -0.36614236 0.79515755
vt -0.44513050 0.69654036
vt -0.36614236 0.79515755
vt -0.26320013 0.71763694
vt -0.34029576 0.65492660
vt -0.26435810 -0.04394007
vt -0.18420255 -0.15007746
vt -0.28646094 -0.21730340
vt -0.00751839 0.75117993
vt 0.25182772 0.72140878
vt 0.14100932 0.61280966
vt 0.02110999 0.92897338
vt 0.15014707 0.82310891
vt -0.00751839 0.75117993
vt 0.15014707 0.82310891
vt 0.22620457 0.85022205
vt 0.25182772 0.72140878
vt 0.22620457 0.85022205
vt 0.40007669 0.75455332
vt 0.25182772 0.72140878
vt 0.02110999 0.92897338
vt 0.14924133 0.93840450
vt 0.15014707 0.82310891
vt 0.46230018 1.06911039
vt 0.54512006 1.00267744
vt 0.45910144 0.91979432
vt 0.34371316 1.01162565
vt 0.29593813 1.15516412
vt 0.46230018 1.06911039
vt -1.05163586 0.26176620
vt -0.94306117 0.24715328
vt -0.96057308 0.12786078
vt 0.02110999 0.92897338
vt -0.10547880 1.05856192
vt 0.07886609 1.06171536
vt -0.86571574 0.13858688
vt -0.79880011 -0.14653623
vt 0.40007669 0.75455332
vt 0.46588022 0.61351669
vt 0.36372420 0.62451994
vt 0.25182772 0.72140878
vt 0.36372420 0.62451994
vt -0.69419789 0.25972795
vt -0.63534093 0.15840042
vt -0.72280455 0.07829249
vt -0.60623074 0.01781750
vt -0.72280455 0.07829249
vt -0.72280455 0.07829249
vt -0.60623074 0.01781750
vt -0.68345881 -0.13367319
vt -1.44794488 0.35385889
vt -1.52669334 0.37186426
vt -1.48676801 0.45388055
vt -0.87187099 0.80288762
vt -0.75316089 0.87880617
vt -0.79381263 0.73331726
vt -0.79381263 0.73331726
vt -0.71324742 0.68350881
vt -0.79824549 0.61210376
vt -0.68842727 0.48839468
vt -0.61730015 0.37436986
vt -0.84305882 0.37197590
vt -0.25697023 0.09870064
vt -0.15394729 0.11199689
vt -0.26435810 -0.04394007
vt -0.81681091 0.49220765
vt -0.84305882 0.37197590
vt -0.99553961 0.37035894
vt -0.84305882 0.37197590
vt -0.69419789 0.25972795
vt -0.85566926 0.25156903
vt -0.99553961 0.37035894
vt -0.94306117 0.24715328
vt -1.05163586 0.26176620
vt -0.61730015 0.37436986
vt -0.49454123 0.27014136
vt -0.69419789 0.25972795
vt -0.49454123 0.27014136
vt -0.32392702 0.27666277
vt -0.42272127 0.16571540
vt -0.49454123 0.27014136
vt -0.42272127 0.16571540
vt -0.51410627 0.13653338
vt -0.49454123 0.27014136
vt -0.63534093 0.15840042
vt -0.63534093 0.15840042
vt -0.51410627 0.13653338
vt -0.60623074 0.01781750
vt -0.79996562 1.66173339
vt -0.92859042 1.47174501
vt -0.96280015 1.70194626
vt 0.14100932 0.61280966
vt 0.06599495 0.45667362
vt -0.23289138 0.29021871
vt -0.13818258 0.32789469
vt -0.16935141 0.19792062
vt 0.14924133 0.93840450
vt 0.34371316 1.01162565
vt 0.22620457 0.85022205
vt -0.97549748 1.89259219
vt -0.96280015 1.70194626
vt -1.09736013 1.64456749
vt -0.42272127 0.16571540
vt -0.25697023 0.09870064
vt -0.39645228 -0.01286423
vt -0.45529494 1.43117821
vt -0.25712788 1.32103395
vt -1.15236306 0.16970313
vt -0.96057308 0.12786078
vt -1.12474298 -0.01581585
vt 0.50058919 1.26832652
vt 0.38458201 1.21854103
vt -0.94331813 0.99374980
vt -0.83908540 1.00503933
vt -0.87187099 0.80288762
vt -1.16573143 0.60991955
vt -1.06384242 0.82776284
vt -1.07457757 0.60717130
vt -0.16506022 -0.28641057
vt -0.11134153 -0.38995624
vt -0.24030843 -0.44327044
vt -0.28646094 -0.21730340
vt -0.16506022 -0.28641057
vt -0.28270355 -0.34218884
vt -1.35366857 0.55021292
vt -1.22607446 0.53192115
vt -1.27201629 0.39672738
vt -1.22607446 0.53192115
vt -1.08775043 0.48694330
vt -1.05163586 0.26176620
vt -1.27201629 0.39672738
vt -1.22607446 0.53192115
vt -1.05163586 0.26176620
vt 0.14100932 0.61280966
vt 0.26439381 0.53631127
vt 0.15671943 0.44330859
vt 0.00287544 0.65677059
vt -0.10444038 0.61847365
vt -0.00751839 0.75117993
vt 0.14100932 0.61280966
vt 0.00287544 0.65677059
vt 0.25182772 0.72140878
vt 0.36372420 0.62451994
vt 0.14100932 0.61280966
vt 0.34371316 1.01162565
vt 0.46230018 1.06911039
vt -0.69419789 0.25972795
vt -0.49454123 0.27014136
vt -0.83908540 1.00503933
vt -0.81580108 1.31490433
vt -0.72662205 1.14252937
vt -0.58886552 1.18745160
vt -0.66412026 1.43850148
vt -0.52356046 1.29058921
vt -1.44794488 0.35385889
vt -1.33642566 0.32460129
vt -1.30423784 0.14000267
vt 0.15014707 0.82310891
vt 0.25182772 0.72140878
vt 0.14924133 0.93840450
vt 0.22620457 0.85022205
vt 0.15014707 0.82310891
vt 0.22620457 0.85022205
vt 0.07886609 1.06171536
vt 0.25269222 1.07547510
vt 0.14924133 0.93840450
vt 0.14924133 0.93840450
vt 0.25269222 1.07547510
vt 0.34371316 1.01162565
vt 0.01415382 1.21666956
vt 0.13767555 1.19739425
vt 0.07886609 1.06171536
vt 0.07886609 1.06171536
vt 0.13767555 1.19739425
vt 0.25269222 1.07547510
vt -0.42272127 0.16571540
vt -0.32392702 0.27666277
vt -0.25697023 0.09870064
vt -0.32392702 0.27666277
vt -0.16935141 0.19792062
vt -0.25697023 0.09870064
vt -0.32392702 0.27666277
vt -0.16935141 0.19792062
vt 0.25269222 1.07547510
vt 0.29593813 1.15516412
vt 0.34371316 1.01162565
vt -0.25697023 0.09870064
vt -0.26435810 -0.04394007
vt -0.39645228 -0.01286423
vt -0.39645228 -0.01286423
vt -0.26435810 -0.04394007
vt -0.35729030 -0.10106266
vt -0.39645228 -0.01286423
vt -0.35729030 -0.10106266
vt -0.47759646 -0.12221456
vt -0.16935141 0.19792062
vt -0.25697023 0.09870064
vt -0.68842727 0.48839468
vt -0.61730015 0.37436986
vt -0.61730015 0.37436986
vt -0.69419789 0.25972795
vt -0.99787897 0.49758530
vt -0.81681091 0.49220765
vt -0.99553961 0.37035894
vt 0.02110999 0.92897338
vt -0.16511436 0.77013528
vt -0.41290903 0.91201651
vt -0.29783344 1.00089633
vt -0.81580108 1.31490433
vt -0.65642166 1.57770848
vt -0.66412026 1.43850148
vt -0.22118288 0.95562661
vt -0.10547880 1.05856192
vt 0.02110999 0.92897338
vt -0.81681091 0.49220765
vt -0.68842727 0.48839468
vt -0.84305882 0.37197590
vt -0.57209146 0.83613241
vt -0.41290903 0.91201651
vt -0.36614236 0.79515755
vt -0.10547880 1.05856192
vt -0.16429757 1.18283474
vt 0.01415382 1.21666956
vt -0.46074244 1.15099919
vt -0.40717605 1.25351894
vt -0.30584592 1.11245906
vt -0.19647507 1.08524632
vt -0.16429757 1.18283474
vt -0.10547880 1.05856192
vt -0.40717605 1.25351894
vt -0.25712788 1.32103395
vt -0.26484245 1.21209598
vt -1.17843866 0.95741117
vt -0.94331813 0.99374980
vt -1.06384242 0.82776284
vt 0.25269222 1.07547510
vt 0.13767555 1.19739425
vt -0.71324742 0.68350881
vt -0.60513735 0.54941785
vt -0.68842727 0.48839468
vt -0.10547880 1.05856192
vt 0.01415382 1.21666956
vt 0.07886609 1.06171536
vt -1.14127278 1.27379918
vt -1.02152371 1.13057733
vt -1.17843866 0.95741117
vt -1.14127278 1.27379918
vt -1.02152371 1.13057733
vt -1.03282285 1.37678933
vt -0.96622241 1.27543569
vt -1.02152371 1.13057733
vt -0.87187099 0.80288762
vt -0.79824549 0.61210376
vt -0.83908540 1.00503933
vt -0.72662205 1.14252937
vt -0.75632739 0.97669154
vt -0.94331813 0.99374980
vt -0.81580108 1.31490433
vt -0.83908540 1.00503933
vt -0.72662205 1.14252937
vt -0.58886552 1.18745160
vt -0.64996314 1.07937467
vt -0.58886552 1.18745160
vt -0.56561977 1.05912042
vt -0.81580108 1.31490433
vt -0.66412026 1.43850148
vt -0.72662205 1.14252937
vt -0.72662205 1.14252937
vt -0.66412026 1.43850148
vt -0.58886552 1.18745160
vt -0.84081340 1.49177945
vt -0.65642166 1.57770848
vt -0.81580108 1.31490433
vt -1.03282285 1.37678933
vt -0.92859042 1.47174501
vt -0.96622241 1.27543569
vt -1.17843866 0.95741117
vt -1.06384242 0.82776284
vt -1.25563741 0.80568498
vt -1.02152371 1.13057733
vt -0.94331813 0.99374980
vt -0.87187099 0.80288762
vt -0.79381263 0.73331726
vt -0.79824549 0.61210376
vt -1.26584435 1.29335690
vt -1.14127278 1.27379918
vt -1.26525593 1.11091959
vt 0.07886609 1.06171536
vt -0.56990385 0.62660533
vt -0.57209146 0.83613241
vt -0.44513050 0.69654036
vt -1.05163586 0.26176620
vt -0.96057308 0.12786078
vt -1.15236306 0.16970313
vt -2.27019763 2.05793190
vt -2.16675091 2.16208744
vt -2.09725523 2.02759695
vt -1.98836362 1.99609149
vt -1.86326981 2.08350229
vt -1.92553866 1.93678296
vt -1.55515146 1.74556839
vt -1.37749910 1.74364269
vt -1.44580495 0.62726355
vt -1.46086979 0.53926969
vt -1.52454627 0.64619672
vt -1.90347958 0.94598818
vt -1.80720389 0.89310759
vt -1.90402532 0.78768444
vt -1.80720389 0.89310759
vt -1.71830845 0.75664276
vt -1.81404972 0.76891571
vt -1.44580495 0.62726355
vt -1.52454627 0.64619672
vt -1.44508922 0.71870768
vt -1.55515146 1.74556839
vt -1.54619920 1.97083092
vt -1.45730269 1.93570232
vt -1.80720389 0.89310759
vt -1.85483253 0.97516316
vt -1.81010056 1.00485682
vt -1.90347958 0.94598818
vt -1.85483253 0.97516316
vt -1.80720389 0.89310759
vt -2.03035092 0.88896364
vt -1.90347958 0.94598818
vt -1.90402532 0.78768444
vt -1.52669334 0.37186426
vt -1.56306410 0.28899336
vt -1.61036241 0.39202952
vt -1.52669334 0.37186426
vt -1.61036241 0.39202952
vt -1.48676801 0.45388055
vt -1.90402532 0.78768444
vt -1.80720389 0.89310759
vt -1.81404972 0.76891571
vt -1.71830845 0.75664276
vt -1.69495201 0.86022878
vt -1.59369802 0.86305511
vt -1.94072914 0.66126180
vt -1.90402532 0.78768444
vt -1.79524136 0.58720523
vt -2.28373218 1.37077665
vt -2.28479719 1.55272412
vt -2.25508118 1.50142980
vt -2.23125648 0.28181976
vt -2.25380278 0.51212847
vt -2.09703755 0.39299905
vt -1.95764494 0.22750807
vt -1.88865924 0.43997705
vt -1.84237421 0.35615295
vt -1.71124637 0.22435689
vt -1.81541085 0.18052465
vt -1.76297796 0.42091340
vt -1.79524136 0.58720523
vt -1.70600247 0.66542482
vt -1.60213411 0.57539153
vt -2.28013682 1.89131236
vt -2.27019763 2.05793190
vt -2.22326231 1.85770440
vt -2.27219701 0.79490399
vt -2.27675748 0.86922544
vt -2.15288234 0.76730448
vt -1.81010056 1.00485682
vt -1.76227891 1.03067029
vt -1.69884109 0.96827775
vt -1.46086979 0.53926969
vt -1.60213411 0.57539153
vt -1.52454627 0.64619672
vt -1.48676801 0.45388055
vt -1.61036241 0.39202952
vt -1.46086979 0.53926969
vt -1.46086979 0.53926969
vt -1.61036241 0.39202952
vt -1.60213411 0.57539153
vt -1.61036241 0.39202952
vt -1.76297796 0.42091340
vt -1.60213411 0.57539153
vt -2.14518380 1.58741152
vt -2.16647577 1.82414842
vt -2.01240349 1.73310494
vt -1.26584435 1.29335690
vt -1.26525593 1.11091959
vt -1.35582161 1.10361516
vt -2.24228501 0.39638066
vt -2.25380278 0.51212847
vt -2.23125648 0.28181976
vt -1.65097511 0.10262048
vt -1.71124637 0.22435689
vt -1.56306410 0.28899336
vt -2.09703755 0.39299905
vt -1.98116720 0.48284209
vt -2.05886555 0.21357489
vt -0.97549748 1.89259219
vt -1.09736013 1.64456749
vt -1.09863818 1.84430587
vt -2.23125648 0.28181976
vt -2.09703755 0.39299905
vt -2.05886555 0.21357489
vt -1.33894873 1.52345061
vt -1.10137725 1.45299172
vt -1.26584435 1.29335690
vt -2.28063369 0.97615600
vt -2.23871684 1.20301759
vt -2.22257996 1.14288008
vt -2.16175866 1.34034133
vt -2.14518380 1.58741152
vt -2.06599092 1.50976276
vt -2.27918053 1.71879601
vt -2.25508118 1.50142980
vt -2.25485373 1.26315498
vt -2.19408131 1.39613521
vt -2.23871684 1.20301759
vt -2.19408131 1.39613521
vt -2.14518380 1.58741152
vt -2.16175866 1.34034133
vt -2.14518380 1.58741152
vt -2.01240349 1.73310494
vt -2.06599092 1.50976276
vt -2.22257996 1.14288008
vt -2.20644331 1.08274257
vt -1.55409026 1.60205364
vt -1.47831881 1.59069145
vt -1.51758981 1.41948986
vt -1.68513513 1.28879905
vt -1.55686104 1.24828839
vt -1.59613216 1.07708681
vt -1.48984790 1.20006394
vt -1.44148743 1.37398338
vt -1.44659412 1.12324595
vt -1.44148743 1.37398338
vt -1.33894873 1.52345061
vt -1.26584435 1.29335690
vt -1.52025342 0.77086550
vt -1.44830239 0.95173353
vt -1.44508922 0.71870768
vt -1.47831881 1.59069145
vt -1.37749910 1.74364269
vt -1.40773058 1.55663526
vt -2.26029778 0.65810305
vt -2.15288234 0.76730448
vt -2.11698389 0.60673946
vt -2.25380278 0.51212847
vt -2.11698389 0.60673946
vt -2.09703755 0.39299905
vt -1.52025342 0.77086550
vt -1.44508922 0.71870768
vt -1.52454627 0.64619672
vt -1.71124637 0.22435689
vt -1.76297796 0.42091340
vt -1.61036241 0.39202952
vt -2.11698389 0.60673946
vt -2.06203485 0.67326641
vt -1.98116720 0.48284209
vt -2.06203485 0.67326641
vt -2.01785612 0.75803947
vt -1.94072914 0.66126180
vt -2.01785612 0.75803947
vt -1.90402532 0.78768444
vt -1.94072914 0.66126180
vt -2.15288234 0.76730448
vt -2.03035092 0.88896364
vt -2.01785612 0.75803947
vt -2.01785612 0.75803947
vt -2.03035092 0.88896364
vt -1.90402532 0.78768444
vt -1.45730269 1.93570232
vt -1.33069181 1.88567054
vt -2.01240349 1.73310494
vt -1.98836362 1.99609149
vt -1.92553866 1.93678296
vt -1.65519130 1.50177062
vt -1.55515146 1.74556839
vt -1.55409026 1.60205364
vt -1.65519130 1.50177062
vt -1.55409026 1.60205364
vt -2.27019763 2.05793190
vt -2.26569533 2.28309965
vt -2.16675091 2.16208744
vt -1.81805634 1.89874363
vt -1.86326981 2.08350229
vt -1.75010443 2.04328871
vt -1.92553866 1.93678296
vt -1.86326981 2.08350229
vt -1.81805634 1.89874363
vt -1.63981652 1.94706380
vt -1.54619920 1.97083092
vt -1.55515146 1.74556839
vt -1.79524136 0.58720523
vt -1.76297796 0.42091340
vt -2.27918053 1.71879601
vt -2.28013682 1.89131236
vt -2.22326231 1.85770440
vt -1.98116720 0.48284209
vt -2.06203485 0.67326641
vt -2.06203485 0.67326641
vt -2.15288234 0.76730448
vt -2.01785612 0.75803947
vt -2.09703755 0.39299905
vt -2.11698389 0.60673946
vt -1.98116720 0.48284209
vt -2.11698389 0.60673946
vt -2.15288234 0.76730448
vt -2.06203485 0.67326641
vt -2.25380278 0.51212847
vt -2.26029778 0.65810305
vt -2.11698389 0.60673946
vt -1.59369802 0.86305511
vt -1.59613216 1.07708681
vt -1.44659412 1.12324595
vt -1.81404972 0.76891571
vt -1.71830845 0.75664276
vt -1.70600247 0.66542482
vt -2.26029778 0.65810305
vt -2.27219701 0.79490399
vt -2.15288234 0.76730448
vt -1.33894873 1.52345061
vt -1.27077246 1.73447037
vt -1.22192025 1.68097639
vt -1.44830239 0.95173353
vt -1.44659412 1.12324595
vt -1.35582161 1.10361516
vt -1.56306410 0.28899336
vt -1.71124637 0.22435689
vt -1.61036241 0.39202952
vt -1.44148743 1.37398338
vt -1.40773058 1.55663526
vt -1.33894873 1.52345061
vt -1.85686481 0.02272117
vt -1.81541085 0.18052465
vt -1.71124637 0.22435689
vt -2.06109905 -0.28811038
vt -2.02474189 -0.12675035
vt -1.81199872 -0.13905001
vt -2.21658278 0.16642720
vt -2.23125648 0.28181976
vt -2.16696620 0.08272600
vt -2.10385036 -0.20235217
vt -2.02474189 -0.12675035
vt -2.06109905 -0.28811038
vt -2.08167171 -0.02131033
vt -1.95764494 0.22750807
vt -1.96395266 0.03421742
vt -2.05886555 0.21357489
vt -1.95764494 0.22750807
vt -2.08167171 -0.02131033
vt -2.16696620 0.08272600
vt -2.05886555 0.21357489
vt -2.08167171 -0.02131033
vt -2.19088054 -0.06352627
vt -2.20373154 0.05145049
vt -2.16696620 0.08272600
vt -2.16696620 0.08272600
vt -2.23125648 0.28181976
vt -2.20373154 0.05145049
vt -2.21658278 0.16642720
vt -2.16696620 0.08272600
vt -1.65097511 0.10262048
vt 1.97550344 -1.64986253
vt 1.99669576 -1.73923016
vt 1.92861521 -1.78119111
vt 2.13490200 -1.55528498
vt 2.16677046 -1.60653925
vt 2.06292033 -1.67212462
vt 1.96045160 -1.30494189
vt 2.03008103 -1.26506925
vt 2.15373683 -1.43304372
vt 1.88912034 -1.62846756
vt 1.90512526 -1.43599916
vt 2.00046992 -1.56490278
vt 2.24354601 -1.44334674
vt 2.27069545 -1.50280905
vt 2.23799562 -1.54220819
vt 1.90512526 -1.43599916
vt 1.96045160 -1.30494189
vt 2.06867552 -1.48559499
vt 2.30278993 -1.41578937
vt 2.29526567 -1.47320461
vt 2.27069545 -1.50280905
vt 2.15373683 -1.43304372
vt 2.24354601 -1.44334674
vt 2.23799562 -1.54220819
vt 1.88912034 -1.62846756
vt 1.97550344 -1.64986253
vt 1.89354253 -1.81036448
vt 1.63591373 -1.69784284
vt 1.75016975 -1.66381979
vt 1.85118580 -1.82663798
vt 1.74029565 -1.84136295
vt 1.77770686 -1.86689806
vt 1.72373223 -1.89676380
vt 1.88912034 -1.62846756
vt 2.00046992 -1.56490278
vt 1.97550344 -1.64986253
vt 2.06867552 -1.48559499
vt 1.96045160 -1.30494189
vt 2.15373683 -1.43304372
vt 1.80651355 -1.43321705
vt 1.81763923 -1.33067751
vt 1.90512526 -1.43599916
vt 1.85118580 -1.82663798
vt 1.75016975 -1.66381979
vt 1.89354253 -1.81036448
vt 1.88758969 -1.29439116
vt 1.89247119 -1.22406030
vt 1.96045160 -1.30494189
vt 2.15373683 -1.43304372
vt 2.03008103 -1.26506925
vt 2.14487147 -1.27969122
vt 1.90512526 -1.43599916
vt 2.06867552 -1.48559499
vt 2.00046992 -1.56490278
vt 1.85118580 -1.82663798
vt 1.77770686 -1.86689806
vt 1.74029565 -1.84136295
vt 2.24354601 -1.44334674
vt 2.30278993 -1.41578937
vt 2.27069545 -1.50280905
vt 1.97550344 -1.64986253
vt 2.06292033 -1.67212462
vt 2.06953859 -1.69433141
vt 2.06953859 -1.69433141
vt 1.99669576 -1.73923016
vt 2.06292033 -1.67212462
vt 2.10330296 -1.66386366
vt 2.06953859 -1.69433141
vt 1.97550344 -1.64986253
vt 1.92861521 -1.78119111
vt 2.00046992 -1.56490278
vt 2.13490200 -1.55528498
vt 2.13490200 -1.55528498
vt 2.20432234 -1.57262206
vt 2.16677046 -1.60653925
vt 2.06867552 -1.48559499
vt 2.15373683 -1.43304372
vt 2.13490200 -1.55528498
vt 2.06292033 -1.67212462
vt 2.16677046 -1.60653925
vt 2.10330296 -1.66386366
vt -0.21125039 -1.85296631
vt -0.28837422 -1.79060268
vt -0.24567816 -1.70974755
vt 0.62027043 -1.00883651
vt 0.79084867 -1.12434506
vt 0.66357577 -1.13190055
vt -0.24567816 -1.70974755
vt -0.36616021 -1.66208410
vt -0.29861408 -1.60890341
vt 0.79084867 -1.12434506
vt 0.89793444 -1.03042507
vt 0.94835198 -1.18157339
vt 0.89793444 -1.03042507
vt 0.98933506 -1.04663873
vt 0.94835198 -1.18157339
vt 0.72080141 -0.95812607
vt 0.81654811 -0.94040823
vt 0.79084867 -1.12434506
vt -0.03328476 -1.59043217
vt -0.12627660 -1.54765606
vt -0.08609321 -1.47924495
vt 0.00467960 -1.31848717
vt -0.15212652 -1.21993232
vt -0.08499785 -1.20493603
vt 0.62027043 -1.00883651
vt 0.30515125 -1.55526614
vt 0.51794302 -1.56459761
vt 0.45174301 -1.67193460
vt 0.07340050 -1.50511456
vt 0.23175402 -1.63980508
vt 0.10957702 -1.64590287
vt 0.30515125 -1.55526614
vt 0.30012050 -1.79020667
vt 0.30012050 -1.79020667
vt 0.46345356 -1.77439404
vt 0.11176694 -0.88067412
vt -0.03882203 -0.92667770
vt 0.03332052 -0.87248099
vt -0.03882203 -0.92667770
vt -0.20969555 -1.02586222
vt -0.12792829 -0.86365271
vt 0.18803817 -0.93147683
vt 0.15037519 -1.07639170
vt 0.11176694 -0.88067412
vt 0.01687042 -1.00406384
vt -0.06894124 -1.06660652
vt -0.14275648 -1.09213543
vt -0.20969555 -1.02586222
vt 0.81654811 -0.94040823
vt 0.91048950 -0.93529868
vt 0.89793444 -1.03042507
vt 0.15037519 -1.07639170
vt 0.07836954 -1.13070321
vt 0.00376348 -1.07025170
vt 0.94835198 -1.18157339
vt 1.12518573 -1.24746132
vt 0.98912978 -1.29423380
vt 0.94604629 -1.36991215
vt 1.10783577 -1.37495589
vt 1.02789044 -1.46738291
vt 0.07836954 -1.13070321
vt -0.00781416 -1.16067457
vt 0.00376348 -1.07025170
vt 0.51897204 -1.45303798
vt 0.73786628 -1.49040294
vt 0.67749882 -1.55952144
vt 0.64840674 -1.41564131
vt 0.78592128 -1.41913986
vt 0.73786628 -1.49040294
vt 0.78592128 -1.41913986
vt 0.94604629 -1.36991215
vt 0.92568862 -1.49849343
vt 0.51946092 -1.32647562
vt 0.67815185 -1.26009822
vt 0.64840674 -1.41564131
vt 0.67815185 -1.26009822
vt 0.85080445 -1.29981804
vt 0.78592128 -1.41913986
vt 0.85080445 -1.29981804
vt 0.98912978 -1.29423380
vt 0.94604629 -1.36991215
vt 0.58860409 -1.22922492
vt 0.78391349 -1.21122289
vt 0.78391349 -1.21122289
vt 0.87328029 -1.21722603
vt 0.85080445 -1.29981804
vt 0.03332052 -0.87248099
vt -0.03882203 -0.92667770
vt -0.00590320 -0.80842066
vt 0.18803817 -0.93147683
vt 0.28783861 -1.15302515
vt 0.15037519 -1.07639170
vt 0.35200450 -1.00770760
vt 0.28783861 -1.15302515
vt 0.36293024 -0.91824162
vt 0.35200450 -1.00770760
vt 0.18803817 -0.93147683
vt 0.36293024 -0.91824162
vt 0.44872355 -0.95638382
vt 0.35200450 -1.00770760
vt 0.17833017 -1.96883154
vt 0.14501749 -2.20788598
vt -0.00968144 -2.21068907
vt 0.00280505 -2.00845408
vt 0.17833017 -1.96883154
vt -0.00968144 -2.21068907
vt 0.23423940 -0.85053325
vt 0.36293024 -0.91824162
vt 0.18803817 -0.93147683
vt 0.38077205 -0.78680670
vt 0.44872355 -0.95638382
vt 0.36293024 -0.91824162
vt 0.51946092 -1.32647562
vt 0.64840674 -1.41564131
vt 0.51897204 -1.45303798
vt 0.18158254 -1.48405886
vt 0.30515125 -1.55526614
vt 0.44954267 -1.48270535
vt 0.51794302 -1.56459761
vt 0.30515125 -1.55526614
vt 0.17886576 -1.40774584
vt 0.18158254 -1.48405886
vt 0.07340050 -1.50511456
vt 0.51946092 -1.32647562
vt 0.51897204 -1.45303798
vt 0.30414528 -1.34761477
vt 0.25202107 -1.26762819
vt 0.30414528 -1.34761477
vt 0.22054516 -1.35514855
vt 0.25202107 -1.26762819
vt 0.51946092 -1.32647562
vt 0.30414528 -1.34761477
vt 0.20237811 -1.19494224
vt 0.25202107 -1.26762819
vt 0.09225134 -1.22420073
vt 1.01196480 -0.87128854
vt 1.09382594 -0.95952034
vt 0.93995142 -0.88347912
vt 1.16888487 -1.07265973
vt 1.21923053 -0.96611357
vt 1.31684375 -1.09260988
vt 1.09382594 -0.95952034
vt 1.21923053 -0.96611357
vt 1.16888487 -1.07265973
vt 0.93995142 -0.88347912
vt 1.09382594 -0.95952034
vt 0.98933506 -1.04663873
vt 0.66357577 -1.13190055
vt 0.78391349 -1.21122289
vt 0.58860409 -1.22922492
vt 0.81654811 -0.94040823
vt 0.89793444 -1.03042507
vt 0.94604629 -1.36991215
vt 1.02789044 -1.46738291
vt 0.92568862 -1.49849343
vt 0.98912978 -1.29423380
vt 1.10783577 -1.37495589
vt 0.94604629 -1.36991215
vt 0.51897204 -1.45303798
vt 0.67749882 -1.55952144
vt 0.51794302 -1.56459761
vt 0.64840674 -1.41564131
vt 0.73786628 -1.49040294
vt 0.51897204 -1.45303798
vt 0.78592128 -1.41913986
vt 0.92568862 -1.49849343
vt 0.73786628 -1.49040294
vt 0.67815185 -1.26009822
vt 0.78592128 -1.41913986
vt 0.64840674 -1.41564131
vt 0.85080445 -1.29981804
vt 0.94604629 -1.36991215
vt 0.78592128 -1.41913986
vt 0.58860409 -1.22922492
vt 0.67815185 -1.26009822
vt 0.51946092 -1.32647562
vt -0.00781416 -1.16067457
vt -0.08499785 -1.20493603
vt -0.14275648 -1.09213543
vt -0.15212652 -1.21993232
vt -0.14275648 -1.09213543
vt -0.21611440 -2.21484661
vt -0.36067852 -2.25688004
vt -0.30787140 -2.06913042
vt -0.36067852 -2.25688004
vt -0.39075983 -2.15522337
vt -0.30787140 -2.06913042
vt 0.13462391 -0.58378685
vt -0.03485999 -0.60512912
vt -0.01039204 -0.50986052
vt 0.06548661 -0.65963221
vt -0.03931550 -0.67483675
vt -0.03485999 -0.60512912
vt 0.14376044 -0.71808767
vt -0.04399820 -0.74456298
vt 0.06548661 -0.65963221
vt 0.38726249 -1.89863944
vt 0.61307549 -1.85254502
vt 0.52721339 -1.95331097
vt 0.78391349 -1.21122289
vt 0.67815185 -1.26009822
vt 0.51916224 -1.19777226
vt 0.51946092 -1.32647562
vt 0.08602610 -1.90804052
vt 0.17833017 -1.96883154
vt 0.00280505 -2.00845408
vt 0.20161100 -0.78002906
vt 0.11944929 -0.79127026
vt 0.14376044 -0.71808767
vt 0.30012050 -1.79020667
vt 0.38726249 -1.89863944
vt 0.08602610 -1.90804052
vt 0.10957702 -1.64590287
vt 0.11807264 -1.73266983
vt 0.00711789 -1.77606869
vt 0.10957702 -1.64590287
vt 0.23175402 -1.63980508
vt 0.11807264 -1.73266983
vt 0.45174301 -1.67193460
vt 0.30012050 -1.79020667
vt 0.57428300 -0.91649652
vt 0.72080141 -0.95812607
vt 0.62027043 -1.00883651
vt 0.74271119 -0.85238385
vt 0.72080141 -0.95812607
vt 0.57428300 -0.91649652
vt 0.00467960 -1.31848717
vt -0.00781416 -1.16067457
vt -0.12627660 -1.54765606
vt -0.24716425 -1.47401452
vt -0.08609321 -1.47924495
vt 0.10957702 -1.64590287
vt -0.03328476 -1.59043217
vt 0.07340050 -1.50511456
vt -0.18662919 -1.99062324
vt -0.21125039 -1.85296631
vt -0.12721449 -1.90876007
vt 0.31809679 -2.04009485
vt 0.26648468 -2.21607399
vt 0.27845022 -1.96847153
vt 0.52721339 -1.95331097
vt 0.45554557 -2.06375313
vt 0.38726249 -1.89863944
vt -0.03882203 -0.92667770
vt -0.12792829 -0.86365271
vt -0.00590320 -0.80842066
vt -0.03931550 -0.67483675
vt 0.06548661 -0.65963221
vt 0.14376044 -0.71808767
vt 0.06548661 -0.65963221
vt 0.28572524 -0.63664436
vt 0.06548661 -0.65963221
vt -0.03485999 -0.60512912
vt 0.13462391 -0.58378685
vt 0.09225134 -1.22420073
vt -0.00781416 -1.16067457
vt 0.07836954 -1.13070321
vt -0.12721449 -1.90876007
vt -0.21125039 -1.85296631
vt -0.10097511 -1.81979656
vt -0.42374012 -2.36667442
vt -0.36067852 -2.25688004
vt -0.21611440 -2.21484661
vt 0.00376348 -1.07025170
vt -0.06894124 -1.06660652
vt 0.01687042 -1.00406384
vt 0.00376348 -1.07025170
vt 0.01687042 -1.00406384
vt 0.15037519 -1.07639170
vt -0.06894124 -1.06660652
vt -0.20969555 -1.02586222
vt -0.03882203 -0.92667770
vt 0.18803817 -0.93147683
vt 0.11176694 -0.88067412
vt 0.23423940 -0.85053325
vt -0.28837422 -1.79060268
vt -0.36616021 -1.66208410
vt -0.24567816 -1.70974755
vt -0.24567816 -1.70974755
vt -0.29861408 -1.60890341
vt -0.13533509 -1.63419724
vt -0.18662919 -1.99062324
vt -0.33892483 -1.91247845
vt 0.00711789 -1.77606869
vt 0.11807264 -1.73266983
vt 0.09902903 -1.82084394
vt 0.30012050 -1.79020667
vt 0.46345356 -1.77439404
vt 0.38726249 -1.89863944
vt 0.09902903 -1.82084394
vt 0.08602610 -1.90804052
vt -0.03008452 -1.92681932
vt 0.08602610 -1.90804052
vt 0.00280505 -2.00845408
vt 0.28783861 -1.15302515
vt 0.51916224 -1.19777226
vt 0.25202107 -1.26762819
vt 0.20237811 -1.19494224
vt 0.28783861 -1.15302515
vt 0.51897204 -1.45303798
vt 0.17886576 -1.40774584
vt 0.22054516 -1.35514855
vt 0.18158254 -1.48405886
vt 0.18158254 -1.48405886
vt 0.44954267 -1.48270535
vt 0.30515125 -1.55526614
vt -0.14871828 -2.45584559
vt -0.30038393 -2.52795839
vt -0.19321834 -2.33808851
vt 0.07340050 -1.50511456
vt 0.18158254 -1.48405886
vt 0.44954267 -1.48270535
vt 0.51897204 -1.45303798
vt 0.51794302 -1.56459761
vt 0.44872355 -0.95638382
vt 0.55959439 -0.79452896
vt 0.57428300 -0.91649652
vt 0.23423940 -0.85053325
vt 0.38077205 -0.78680670
vt 0.36293024 -0.91824162
vt 0.44872355 -0.95638382
vt 0.57428300 -0.91649652
vt 0.53387702 -0.98697090
vt 0.35200450 -1.00770760
vt 0.44872355 -0.95638382
vt 0.42414036 -1.08188629
vt 0.42414036 -1.08188629
vt 0.52397954 -1.05719328
vt 0.51408213 -1.12741613
vt 0.28783861 -1.15302515
vt 0.35200450 -1.00770760
vt 0.42414036 -1.08188629
vt 0.55959439 -0.79452896
vt 0.74271119 -0.85238385
vt 0.57428300 -0.91649652
vt 0.42414036 -1.08188629
vt 0.51408213 -1.12741613
vt 0.51916224 -1.19777226
vt -0.06877580 -1.41779423
vt -0.17911735 -1.40412784
vt -0.15338555 -1.31012917
vt -0.12627660 -1.54765606
vt -0.29861408 -1.60890341
vt -0.24716425 -1.47401452
vt -0.02751764 -2.31589055
vt -0.19321834 -2.33808851
vt 0.15037519 -1.07639170
vt 0.28783861 -1.15302515
vt 0.20237811 -1.19494224
vt 0.38077205 -0.78680670
vt 0.47179618 -0.77599943
vt 0.44872355 -0.95638382
vt 0.20161100 -0.78002906
vt 0.29167274 -0.77868593
vt 0.23423940 -0.85053325
vt 0.55959439 -0.79452896
vt 0.74821669 -0.78010428
vt 0.74271119 -0.85238385
vt -0.00968144 -2.21068907
vt -0.21611440 -2.21484661
vt 0.00280505 -2.00845408
vt 0.74821669 -0.78010428
vt 0.83229482 -0.81895590
vt 0.74271119 -0.85238385
vt 1.13507128 -1.16829658
vt 1.16888487 -1.07265973
vt 1.31684375 -1.09260988
vt 1.13507128 -1.16829658
vt 1.09382594 -0.95952034
vt 1.16888487 -1.07265973
vt 0.61206549 -0.70206118
vt 0.74821669 -0.78010428
vt 0.55959439 -0.79452896
vt 0.29167274 -0.77868593
vt 0.38077205 -0.78680670
vt 0.47179618 -0.77599943
vt 0.55959439 -0.79452896
vt 0.44872355 -0.95638382
vt 0.37030786 -0.70623398
vt 0.38077205 -0.78680670
vt 0.29167274 -0.77868593
vt 0.28572524 -0.63664436
vt 0.37030786 -0.70623398
vt 0.14376044 -0.71808767
vt 0.53387702 -0.98697090
vt 0.62027043 -1.00883651
vt 0.52397954 -1.05719328
vt 0.57428300 -0.91649652
vt 0.62027043 -1.00883651
vt 0.53387702 -0.98697090
vt 0.51794302 -1.56459761
vt 0.67749882 -1.55952144
vt 0.72788978 -1.68814969
vt 0.67749882 -1.55952144
vt 0.90600419 -1.56768179
vt 0.72788978 -1.68814969
vt 1.12518573 -1.24746132
vt 1.10783577 -1.37495589
vt 0.42414036 -1.08188629
vt 0.51916224 -1.19777226
vt 0.28783861 -1.15302515
vt 0.51916224 -1.19777226
vt 0.58860409 -1.22922492
vt -0.02751764 -2.31589055
vt -0.14871828 -2.45584559
vt -0.19321834 -2.33808851
vt -0.00968144 -2.21068907
vt -0.19321834 -2.33808851
vt -0.21611440 -2.21484661
vt -0.27315080 -1.22915077
vt -0.15212652 -1.21993232
vt -0.03328476 -1.59043217
vt -0.13533509 -1.63419724
vt -0.12627660 -1.54765606
vt -0.13533509 -1.63419724
vt -0.29861408 -1.60890341
vt 0.00711789 -1.77606869
vt -0.10097511 -1.81979656
vt -0.07473572 -1.73083282
vt -0.33892483 -1.91247845
vt -0.28837422 -1.79060268
vt 0.94835198 -1.18157339
vt 1.13507128 -1.16829658
vt 1.12518573 -1.24746132
vt 0.66357577 -1.13190055
vt 0.79084867 -1.12434506
vt 0.78391349 -1.21122289
vt 1.50008941 -1.42420864
vt 1.42842257 -1.27895498
vt 1.57718825 -1.31673384
vt 0.83667690 -1.90171313
vt 0.99345893 -1.98861647
vt 0.80797166 -2.02292299
vt 1.64986253 -1.39492798
vt 1.66693950 -1.26755619
vt 1.73044574 -1.33812761
vt 1.57718825 -1.31673384
vt 1.53281212 -1.22334027
vt 1.66693950 -1.26755619
vt 1.73044574 -1.33812761
vt 1.66693950 -1.26755619
vt 1.81763923 -1.33067751
vt 1.51388359 -1.12106252
vt 1.63046551 -1.11309767
vt -0.14871828 -2.45584559
vt -0.10811895 -2.61654377
vt -0.30038393 -2.52795839
vt 0.94300044 -2.21425676
vt 0.95978665 -2.35286951
vt 0.90823954 -2.28909373
vt 0.99345893 -1.98861647
vt 0.92729187 -2.06819797
vt 0.80797166 -2.02292299
vt 0.92729187 -2.06819797
vt 1.08494687 -2.12305593
vt 0.86934721 -2.15787268
vt 1.04556346 -2.23706627
vt 0.95978665 -2.35286951
vt 0.94300044 -2.21425676
vt 0.01445009 -2.42413950
vt 0.01445009 -2.42413950
vt -0.00320403 -2.56357956
vt 0.45078415 -2.39958692
vt 0.57191586 -2.23568344
vt 0.63505083 -2.31558847
vt 0.67816472 -2.24376011
vt 0.80962795 -2.32895613
vt 0.72435272 -2.35564685
vt 0.14036484 -2.47730541
vt 0.19101137 -2.59095788
vt 0.08541662 -2.51032519
vt 0.63873112 -2.44539022
vt 0.77336311 -2.50147057
vt 0.66678572 -2.52118373
vt 1.08494687 -2.12305593
vt 1.04556346 -2.23706627
vt 0.94300044 -2.21425676
vt 1.57932878 -1.93174744
vt 1.53535283 -1.81604290
vt 1.60366714 -1.82448292
vt 1.54287791 -1.68365693
vt 1.55741942 -1.52329516
vt 1.63591373 -1.69784284
vt 1.25966752 -1.25643325
vt 1.13507128 -1.16829658
vt 1.39962864 -1.20390153
vt 1.29790628 -2.18203115
vt 1.22224069 -2.15153527
vt 1.21258593 -2.03785634
vt 0.90082169 -1.76725459
vt 0.93780780 -1.82816863
vt 0.80167377 -1.83486438
vt 0.72788978 -1.68814969
vt 0.90082169 -1.76725459
vt 0.67435956 -1.73696613
vt 1.42842257 -1.27895498
vt 1.39962864 -1.20390153
vt 1.53281212 -1.22334027
vt 1.57932878 -1.93174744
vt 1.64162803 -1.95146251
vt 1.60188985 -1.98292923
vt 0.74866968 -2.09928513
vt 0.57191586 -2.23568344
vt 0.56707561 -2.11500692
vt 0.66510737 -2.57253790
vt 0.57761234 -2.57102561
vt 0.51264465 -2.57148051
vt 0.86934721 -2.15787268
vt 0.67816472 -2.24376011
vt 0.74866968 -2.09928513
vt 1.04561675 -2.45145941
vt 1.03480315 -2.36854124
vt 1.08588636 -2.37528992
vt 0.83613265 -2.48491073
vt 0.77336311 -2.50147057
vt 0.63873112 -2.44539022
vt 0.72435272 -2.35564685
vt 0.63873112 -2.44539022
vt 0.63505083 -2.31558847
vt 0.80962795 -2.32895613
vt 0.83613265 -2.48491073
vt 0.72435272 -2.35564685
vt 0.95231682 -2.53879046
vt 0.90277344 -2.54740000
vt 0.88792062 -2.47317362
vt 0.88792062 -2.47317362
vt 0.90277344 -2.54740000
vt 0.83613265 -2.48491073
vt 0.95978665 -2.35286951
vt 0.88792062 -2.47317362
vt 0.90823954 -2.28909373
vt 0.61583090 -2.04279780
vt 0.74866968 -2.09928513
vt 0.56707561 -2.11500692
vt 0.99484813 -1.70304871
vt 1.01119483 -1.58020091
vt 1.19280148 -1.61213827
vt 1.29953861 -1.88928318
vt 1.27997661 -1.64833689
vt 1.41977227 -1.75076365
vt 1.15305305 -1.92582417
vt 1.08263862 -1.85556889
vt 1.29953861 -1.88928318
vt 1.38733339 -1.47404885
vt 1.50008941 -1.42420864
vt 1.47262526 -1.50972342
vt 1.02789044 -1.46738291
vt 1.11104143 -1.51905465
vt 1.01119483 -1.58020091
vt 0.72788978 -1.68814969
vt 0.99484813 -1.70304871
vt 0.90082169 -1.76725459
vt 0.45554557 -2.06375313
vt 0.47207052 -2.16456413
vt 0.26648468 -2.21607399
vt 0.26648468 -2.21607399
vt 0.40654981 -2.30113316
vt 0.24492335 -2.33386612
vt 0.14501749 -2.20788598
vt 0.26648468 -2.21607399
vt 0.24492335 -2.33386612
vt 0.51349235 -2.49662304
vt 0.51264465 -2.57148051
vt 0.41714525 -2.55206966
vt 1.21230173 -1.45796800
vt 1.21850681 -1.38951635
vt 1.30703497 -1.40116358
vt 0.41922954 -2.48973227
vt 0.41714525 -2.55206966
vt 0.34717304 -2.57765961
vt 0.41922954 -2.48973227
vt 0.34717304 -2.57765961
vt 0.29034126 -2.52763128
vt 0.41714525 -2.55206966
vt 0.45700243 -2.57017994
vt 0.34717304 -2.57765961
vt 0.29034126 -2.52763128
vt 0.30211857 -2.58267164
vt 1.11104143 -1.51905465
vt 1.21230173 -1.45796800
vt 1.25816131 -1.53316593
vt 0.90082169 -1.76725459
vt 0.99484813 -1.70304871
vt 0.93780780 -1.82816863
vt 1.21230173 -1.45796800
vt 1.30703497 -1.40116358
vt 1.38733339 -1.47404885
vt 1.67463005 -1.82725430
vt 1.74029565 -1.84136295
vt 1.72373223 -1.89676380
vt 1.25966752 -1.25643325
vt 1.42842257 -1.27895498
vt 1.37025285 -1.34034514
vt 1.12518573 -1.24746132
vt 1.25966752 -1.25643325
vt 1.22764277 -1.32144785
vt 0.93780780 -1.82816863
vt 0.99484813 -1.70304871
vt 1.08263862 -1.85556889
vt 0.90600419 -1.56768179
vt 1.01119483 -1.58020091
vt 0.99484813 -1.70304871
vt 0.61307549 -1.85254502
vt 0.62301898 -1.97427487
vt 0.52721339 -1.95331097
vt 1.41977227 -1.75076365
vt 1.40887165 -1.62043428
vt 1.54287791 -1.68365693
vt 0.80167377 -1.83486438
vt 0.93780780 -1.82816863
vt 0.83667690 -1.90171313
vt 0.70709968 -1.84677362
vt 0.80167377 -1.83486438
vt 0.83667690 -1.90171313
vt 1.21258593 -2.03785634
vt 1.22224069 -2.15153527
vt 1.15524566 -2.07668495
vt 1.57932878 -1.93174744
vt 1.67463005 -1.82725430
vt 1.64162803 -1.95146251
vt 1.39962864 -1.20390153
vt 1.31684375 -1.09260988
vt 1.51388359 -1.12106252
vt 1.47331882 -1.91707802
vt 1.57932878 -1.93174744
vt 1.52497649 -2.04531455
vt 1.19234586 -2.19904494
vt 1.21939826 -2.25768614
vt 1.10870862 -2.26223445
vt 1.25966752 -1.25643325
vt 1.37025285 -1.34034514
vt 1.22764277 -1.32144785
vt 1.30703497 -1.40116358
vt 1.37025285 -1.34034514
vt 1.38733339 -1.47404885
vt 1.10783577 -1.37495589
vt 1.11104143 -1.51905465
vt 1.25816131 -1.53316593
vt 1.40887165 -1.62043428
vt 1.19280148 -1.61213827
vt 1.37025285 -1.34034514
vt 1.50008941 -1.42420864
vt 1.38733339 -1.47404885
vt 1.47262526 -1.50972342
vt 1.40887165 -1.62043428
vt 0.90600419 -1.56768179
vt 0.99484813 -1.70304871
vt 0.72788978 -1.68814969
vt 1.15305305 -1.92582417
vt 0.99345893 -1.98861647
vt 0.93780780 -1.82816863
vt 1.29953861 -1.88928318
vt 1.41977227 -1.75076365
vt 1.47331882 -1.91707802
vt 0.93780780 -1.82816863
vt 1.08263862 -1.85556889
vt 1.15305305 -1.92582417
vt 1.15305305 -1.92582417
vt 1.29953861 -1.88928318
vt 1.28273880 -2.00563669
vt 1.21258593 -2.03785634
vt 1.28273880 -2.00563669
vt 1.38261962 -2.04138374
vt 1.28273880 -2.00563669
vt 1.21258593 -2.03785634
vt 1.15305305 -1.92582417
vt 1.38281095 -2.19692945
vt 1.29790628 -2.18203115
vt 1.44809031 -2.11848187
vt 0.99484813 -1.70304871
vt 1.19280148 -1.61213827
vt 1.08263862 -1.85556889
vt 1.04561675 -2.45145941
vt 0.99932969 -2.52991295
vt 0.95231682 -2.53879046
vt 1.27997661 -1.64833689
vt 1.29953861 -1.88928318
vt 1.31684375 -1.09260988
vt 1.44144654 -1.02579927
vt 1.51388359 -1.12106252
vt 1.19280148 -1.61213827
vt 1.18945062 -1.66895652
vt 1.08263862 -1.85556889
vt 1.27997661 -1.64833689
vt 1.40887165 -1.62043428
vt 1.41977227 -1.75076365
vt 1.18945062 -1.66895652
vt 1.19280148 -1.61213827
vt 1.27997661 -1.64833689
vt 1.72373223 -1.89676380
vt 1.68148279 -1.92012787
vt 1.64162803 -1.95146251
vt 1.22224069 -2.15153527
vt 1.08494687 -2.12305593
vt 1.15524566 -2.07668495
vt 1.15524566 -2.07668495
vt 1.08494687 -2.12305593
vt 0.92729187 -2.06819797
vt 1.32469833 -2.26655364
vt 1.29790628 -2.18203115
vt 1.38281095 -2.19692945
vt 1.22224069 -2.15153527
vt 1.19234586 -2.19904494
vt 1.08494687 -2.12305593
vt 1.21939826 -2.25768614
vt 1.19234586 -2.19904494
vt 1.32469833 -2.26655364
vt 0.86934721 -2.15787268
vt 0.94300044 -2.21425676
vt 0.67816472 -2.24376011
vt 0.62301898 -1.97427487
vt 0.61583090 -2.04279780
vt 0.52721339 -1.95331097
vt 0.72089559 -2.02529979
vt 0.61583090 -2.04279780
vt 0.62301898 -1.97427487
vt -0.00320403 -2.56357956
vt 0.08541662 -2.51032519
vt 0.72089559 -2.02529979
vt 0.74866968 -2.09928513
vt 0.61583090 -2.04279780
vt 0.34717304 -2.57765961
vt 0.30211857 -2.58267164
vt 0.51264465 -2.57148051
vt 0.45700243 -2.57017994
vt 0.41922954 -2.48973227
vt 0.51349235 -2.49662304
vt 0.41714525 -2.55206966
vt 0.51349235 -2.49662304
vt 0.41922954 -2.48973227
vt 0.51349235 -2.49662304
vt 0.66510737 -2.57253790
vt 0.51264465 -2.57148051
vt 1.47331882 -1.91707802
vt 1.52497649 -2.04531455
vt 1.48250043 -2.07713079
vt 1.57932878 -1.93174744
vt 1.60188985 -1.98292923
vt 1.52497649 -2.04531455
vt 1.67463005 -1.82725430
vt 1.64162803 -1.95146251
vt 1.13507128 -1.16829658
vt 1.39962864 -1.20390153
vt 1.25966752 -1.25643325
vt 1.39962864 -1.20390153
vt 1.42842257 -1.27895498
vt 1.12518573 -1.24746132
vt 1.13507128 -1.16829658
vt 1.25966752 -1.25643325
vt 0.47207052 -2.16456413
vt 0.57191586 -2.23568344
vt 1.60366714 -1.82448292
vt 1.67463005 -1.82725430
vt 1.57932878 -1.93174744
vt 1.41977227 -1.75076365
vt 1.54287791 -1.68365693
vt 1.53535283 -1.81604290
vt 0.77336311 -2.50147057
vt 0.81330955 -2.56335163
vt 0.76698500 -2.57161140
vt 1.60366714 -1.82448292
vt 1.63173914 -1.76516819
vt 1.67463005 -1.82725430
vt 1.63591373 -1.69784284
vt 1.63173914 -1.76516819
vt 1.13695598 -2.40158892
vt 1.04561675 -2.45145941
vt 1.08588636 -2.37528992
vt 1.63591373 -1.69784284
vt 1.85118580 -1.82663798
vt 1.63173914 -1.76516819
vt 1.39962864 -1.20390153
vt 1.51388359 -1.12106252
vt 1.53281212 -1.22334027
vt 1.42842257 -1.27895498
vt 1.50008941 -1.42420864
vt 1.37025285 -1.34034514
vt 1.55741942 -1.52329516
vt 1.69050765 -1.51560116
vt 1.63591373 -1.69784284
vt 1.47262526 -1.50972342
vt 1.50008941 -1.42420864
vt 1.55741942 -1.52329516
vt 0.92729187 -2.06819797
vt 0.74866968 -2.09928513
vt 1.57718825 -1.31673384
vt 1.64986253 -1.39492798
vt 1.73044574 -1.33812761
vt 1.81763923 -1.33067751
vt 1.80651355 -1.43321705
vt 1.27997661 -1.64833689
vt 1.19280148 -1.61213827
vt 1.40887165 -1.62043428
vt 1.44809031 -2.11848187
vt 1.29790628 -2.18203115
vt 1.21258593 -2.03785634
vt 0.40654981 -2.30113316
vt 0.57191586 -2.23568344
vt 0.45078415 -2.39958692
vt 0.31809679 -2.04009485
vt 0.45554557 -2.06375313
vt 0.26648468 -2.21607399
vt 0.45554557 -2.06375313
vt 0.52721339 -1.95331097
vt 0.61583090 -2.04279780
vt 0.86934721 -2.15787268
vt 1.15305305 -1.92582417
vt 1.21258593 -2.03785634
vt 0.99345893 -1.98861647
vt 0.83667690 -1.90171313
vt 1.04556346 -2.23706627
vt 1.03480315 -2.36854124
vt 1.21939826 -2.25768614
vt 1.21678054 -2.30206227
vt 1.10870862 -2.26223445
vt 0.72435272 -2.35564685
vt 0.83613265 -2.48491073
vt 0.63873112 -2.44539022
vt 0.95978665 -2.35286951
vt 0.95231682 -2.53879046
vt 0.88792062 -2.47317362
vt 1.37973297 -1.95641088
vt 1.08263862 -1.85556889
vt 1.18945062 -1.66895652
vt 1.27997661 -1.64833689
vt 1.42842257 -1.27895498
vt 1.57718825 -1.31673384
vt 1.15643167 -2.44329453
vt 1.13695598 -2.40158892
vt 1.23463273 -2.36168909
vt -0.00320403 -2.56357956
vt 0.03102993 -2.65010095
vt -0.10811895 -2.61654377
vt 0.74866968 -2.09928513
vt 0.67816472 -2.24376011
vt 0.57191586 -2.23568344
vt -0.10811895 -2.61654377
vt -0.11267697 -2.72616267
vt -0.26818091 -2.69460416
vt -0.21885797 -2.80969119
vt -0.33211651 -2.89499664
vt -0.39721841 -2.91750813
vt -0.33781013 -2.66858149
vt -0.26818091 -2.69460416
vt -0.38578767 -2.85072708
vt -0.30038393 -2.52795839
vt -0.33781013 -2.66858149
vt -0.42151955 -2.67504907
vt 0.03102993 -2.65010095
vt -0.05891734 -2.68335295
vt -0.26818091 -2.69460416
vt -0.11267697 -2.72616267
vt -0.18164617 -2.76791883
vt -0.38578767 -2.85072708
vt -0.39721841 -2.91750813
vt -0.10811895 -2.61654377
vt -0.05891734 -2.68335295
vt -0.11267697 -2.72616267
vt -1.91305542 -1.26116180
vt -2.05118084 -1.36130047
vt -2.12947488 -1.33946562
vt -1.77175307 -1.34116650
vt -1.79283750 -1.12955189
vt -1.60168326 -1.20135355
vt -0.70455003 -0.45021570
vt -0.62774944 -0.63881707
vt -0.71519220 -0.66194773
vt -1.06423402 -0.72158837
vt -0.97417843 -0.77675593
vt -1.05312872 -0.90971363
vt -0.83904141 -0.69638026
vt -0.79931712 -0.77565575
vt -0.88541919 -0.81654310
vt -0.83904141 -0.69638026
vt -0.71519220 -0.66194773
vt -0.79931712 -0.77565575
vt -1.06950593 -0.58064687
vt -0.97951627 -0.61469388
vt -1.06423402 -0.72158837
vt -0.81563860 -0.49261451
vt -0.71519220 -0.66194773
vt -0.89099073 -0.61865449
vt -0.81563860 -0.49261451
vt -0.70455003 -0.45021570
vt -0.71519220 -0.66194773
vt -0.97126234 -0.44356382
vt -0.81563860 -0.49261451
vt -0.97951627 -0.61469388
vt -0.79351360 -0.38641024
vt -0.70455003 -0.45021570
vt -0.81563860 -0.49261451
vt -0.71296233 -1.57683468
vt -0.65641963 -1.42267656
vt -0.60117835 -1.44770360
vt -0.77871227 -1.47623801
vt -0.65641963 -1.42267656
vt -0.71296233 -1.57683468
vt -0.65647119 -1.00104547
vt -0.58278620 -0.96346354
vt -0.59178472 -1.07035089
vt -0.49913922 -1.29778719
vt -0.51204783 -1.24302649
vt -0.44276679 -1.18229365
vt -0.44276679 -1.18229365
vt -0.55024308 -1.22630668
vt -0.89934796 -0.32182121
vt -0.79351360 -0.38641024
vt -0.97126234 -0.44356382
vt -2.02252269 -0.44625592
vt -2.14632058 -0.44868588
vt -2.06109905 -0.28811038
vt -1.85595822 -0.29140353
vt -2.06109905 -0.28811038
vt -1.81199872 -0.13905001
vt -2.01976442 -0.80295813
vt -2.02559209 -0.57752848
vt -1.91230965 -0.69710422
vt -2.15335584 -0.99413347
vt -2.15064120 -0.78366387
vt -2.03969002 -0.93980110
vt -2.14913464 -0.66686487
vt -2.14772749 -0.55777538
vt -2.15481114 -0.37529731
vt -2.08167171 -0.02131033
vt -2.10385036 -0.20235217
vt -2.18317437 -0.14899492
vt -2.16696620 0.08272600
vt -2.08167171 -0.02131033
vt -0.54665512 -0.32973492
vt -0.79351360 -0.38641024
vt -0.71519220 -0.66194773
vt -0.62774944 -0.63881707
vt -0.61409748 -0.79882836
vt -0.64356148 -2.05533004
vt -0.52762294 -1.85887003
vt -0.45513493 -1.93315840
vt -1.28097868 -1.74998260
vt -1.29035187 -1.62132645
vt -1.18708873 -1.65032053
vt -2.03969002 -0.93980110
vt -2.01976442 -0.80295813
vt -1.92589462 -0.95038247
vt -2.03969002 -0.93980110
vt -1.92589462 -0.95038247
vt -1.87730694 -1.03358912
vt -0.20758203 -0.56249702
vt -0.29148823 -0.58877397
vt -0.70455003 -0.45021570
vt -0.54326808 -0.51650822
vt -0.62774944 -0.63881707
vt -0.36942798 -0.35744786
vt -0.37345403 -0.53127301
vt -0.45644289 -0.38524675
vt -0.36942798 -0.35744786
vt -0.45835444 -0.55653572
vt -1.92589462 -0.95038247
vt -1.80338228 -0.84763777
vt -1.87730694 -1.03358912
vt -1.67548490 -0.72734356
vt -1.78441215 -0.57681012
vt -1.56011307 -0.73790348
vt -0.11134153 -0.38995624
vt -0.01039204 -0.50986052
vt -0.13519540 -0.59913206
vt -0.29861408 -1.60890341
vt -0.35116976 -1.47869825
vt -0.24716425 -1.47401452
vt -0.36616021 -1.66208410
vt -0.46187395 -1.59063029
vt -0.35116976 -1.47869825
vt -0.49294189 -1.67124820
vt -0.46187395 -1.59063029
vt -0.36616021 -1.66208410
vt -0.66449285 -1.87977076
vt -0.66561335 -1.79400730
vt -0.59067386 -1.81526518
vt -0.64034724 -1.63242340
vt -0.59978002 -1.55974889
vt -0.53394449 -1.58036637
vt -0.78747725 -1.84374952
vt -0.86199993 -1.81338835
vt -0.76207477 -1.69662070
vt -0.64034724 -1.63242340
vt -0.71296233 -1.57683468
vt -0.59978002 -1.55974889
vt -0.86199993 -1.81338835
vt -0.83971739 -1.66310334
vt -0.76207477 -1.69662070
vt -1.12474298 -0.01581585
vt -1.06114089 -0.15681291
vt -1.19499087 -0.26096714
vt -1.15096211 -1.42068100
vt -1.05116928 -1.18881130
vt -0.97481191 -1.31256557
vt -1.19499087 -0.26096714
vt -1.09811854 -0.37197828
vt -1.25738931 -0.39593434
vt -1.45043421 -0.08959734
vt -1.32344580 -0.16892958
vt -1.44818377 -0.35325158
vt -1.35633790 0.05271095
vt -1.32344580 -0.16892958
vt -1.45043421 -0.08959734
vt -1.35633790 0.05271095
vt -1.22443485 -0.03894961
vt -1.32344580 -0.16892958
vt -0.45513493 -1.93315840
vt -0.52762294 -1.85887003
vt -0.43772632 -1.82341766
vt -0.52461815 -0.81097329
vt -0.61409748 -0.79882836
vt -0.53451383 -0.73465109
vt -0.47979838 -1.00258541
vt -0.58278620 -0.96346354
vt -0.52461815 -0.81097329
vt -2.02559209 -0.57752848
vt -2.02252269 -0.44625592
vt -1.78538966 -0.44160163
vt -2.12947488 -1.33946562
vt -2.21463203 -1.35235333
vt -2.19531393 -1.23367095
vt -2.01976442 -0.80295813
vt -2.18317437 -0.14899492
vt -2.08167171 -0.02131033
vt -2.15481114 -0.37529731
vt -2.19088054 -0.06352627
vt -2.16696620 0.08272600
vt -2.18317437 -0.14899492
vt -2.05118084 -1.36130047
vt -2.07943368 -1.57083988
vt -2.12947488 -1.33946562
vt -1.77175307 -1.34116650
vt -1.91305542 -1.26116180
vt -1.79283750 -1.12955189
vt -0.79351360 -0.38641024
vt -0.54665512 -0.32973492
vt -0.70455003 -0.45021570
vt -0.97417843 -0.77675593
vt -0.83904141 -0.69638026
vt -0.88541919 -0.81654310
vt -1.06423402 -0.72158837
vt -0.97951627 -0.61469388
vt -0.97417843 -0.77675593
vt -0.89099073 -0.61865449
vt -0.71519220 -0.66194773
vt -0.83904141 -0.69638026
vt -0.97951627 -0.61469388
vt -0.81563860 -0.49261451
vt -0.89099073 -0.61865449
vt -0.97126234 -0.44356382
vt -0.79351360 -0.38641024
vt -0.29861408 -1.60890341
vt -0.12792829 -0.86365271
vt -0.21011120 -0.90992844
vt -0.20919755 -0.83623481
vt -0.98860353 -0.34816170
vt -0.89934796 -0.32182121
vt -0.97126234 -0.44356382
vt -0.92373931 -1.90574169
vt -1.07798028 -1.92604160
vt -0.86199993 -1.81338835
vt -0.62774944 -0.63881707
vt -0.54326808 -0.51650822
vt -0.52137667 -0.67754173
vt -0.45835444 -0.55653572
vt -0.36942798 -0.35744786
vt -0.37345403 -0.53127301
vt -0.70455003 -0.45021570
vt -0.54665512 -0.32973492
vt -0.54326808 -0.51650822
vt -1.92589462 -0.95038247
vt -1.80338228 -0.84763777
vt -1.67548490 -0.72734356
vt -1.79389715 -0.71222389
vt -1.78441215 -0.57681012
vt -1.79283750 -1.12955189
vt -1.87730694 -1.03358912
vt -1.69984019 -1.01572084
vt -0.40906671 -0.86046910
vt -0.52461815 -0.81097329
vt -0.41015190 -0.79444695
vt -0.29754904 -0.94065976
vt -0.40906671 -0.86046910
vt -0.28400683 -0.86112380
vt -0.20969555 -1.02586222
vt -0.21011120 -0.90992844
vt -1.78538966 -0.44160163
vt -1.85595822 -0.29140353
vt -1.71468186 -0.33611655
vt -1.66772628 -0.14739108
vt -1.65097511 0.10262048
vt -1.56755042 0.04701358
vt -1.16682458 -0.72831511
vt -1.16663003 -0.84362006
vt -1.07504356 -0.47514248
vt -1.06950593 -0.58064687
vt -1.18352509 -0.61848819
vt -1.43293774 -1.33498764
vt -1.30138588 -1.36746454
vt -1.48331988 -1.53540993
vt -1.34475124 -0.93042469
vt -1.27524722 -1.01953197
vt -1.33822107 -1.14903307
vt -1.42880774 -0.69989395
vt -1.28188574 -0.77577794
vt -1.47445166 -0.90262580
vt -1.18352509 -0.61848819
vt -1.16682458 -0.72831511
vt -1.28188574 -0.77577794
vt -1.29843533 -0.52982724
vt -1.18352509 -0.61848819
vt -1.42880774 -0.69989395
vt -1.27524722 -1.01953197
vt -1.13918650 -1.03733897
vt -1.33822107 -1.14903307
vt -1.33822107 -1.14903307
vt -1.13918650 -1.03733897
vt -1.19799030 -1.17534399
vt -1.29843533 -0.52982724
vt -1.44845510 -0.56655109
vt -1.30138588 -1.36746454
vt -1.05116928 -1.18881130
vt -1.15096211 -1.42068100
vt -0.39075983 -2.15522337
vt -0.46067357 -2.10059428
vt -0.03485999 -0.60512912
vt -0.13519540 -0.59913206
vt -0.01039204 -0.50986052
vt -0.12489119 -0.73209047
vt -1.06114089 -0.15681291
vt -0.98860353 -0.34816170
vt -1.09811854 -0.37197828
vt -0.54725659 -2.21966934
vt -0.62361169 -2.17753410
vt -0.46067357 -2.10059428
vt -0.89712763 -1.62192440
vt -0.83971739 -1.66310334
vt -0.98242974 -1.72627831
vt -1.11641967 -1.54885483
vt -1.29035187 -1.62132645
vt -1.69984019 -1.01572084
vt -1.68766260 -0.87153220
vt -1.57962179 -0.97441840
vt -1.78441215 -0.57681012
vt -2.02559209 -0.57752848
vt -1.78538966 -0.44160163
vt -0.17911735 -1.40412784
vt -0.35177809 -1.36072874
vt -0.28598651 -1.34158564
vt -0.53394449 -1.58036637
vt -0.59978002 -1.55974889
vt -0.54271901 -1.47144461
vt -0.52762294 -1.85887003
vt -0.66449285 -1.87977076
vt -0.59067386 -1.81526518
vt -0.43772632 -1.82341766
vt -0.54839176 -1.74152255
vt -0.49294189 -1.67124820
vt -0.66561335 -1.79400730
vt -0.76207477 -1.69662070
vt -0.69916987 -1.70023155
vt -1.19499087 -0.26096714
vt -1.06114089 -0.15681291
vt -1.32344580 -0.16892958
vt -1.22443485 -0.03894961
vt -1.22443485 -0.03894961
vt -1.19499087 -0.26096714
vt -0.33892483 -1.91247845
vt -0.45513493 -1.93315840
vt -0.43772632 -1.82341766
vt -0.28837422 -1.79060268
vt -0.33892483 -1.91247845
vt -0.58278620 -0.96346354
vt -0.61409748 -0.79882836
vt -0.28638026 -0.77472258
vt -0.41015190 -0.79444695
vt -0.36710531 -0.75053179
vt -0.40906671 -0.86046910
vt -0.47979838 -1.00258541
vt -0.52461815 -0.81097329
vt -0.29754904 -0.94065976
vt -0.47979838 -1.00258541
vt -0.14275648 -1.09213543
vt -0.22634181 -1.11383057
vt -1.62638545 -0.29508901
vt -1.71468186 -0.33611655
vt -1.66772628 -0.14739108
vt -1.45043421 -0.08959734
vt -1.66772628 -0.14739108
vt -1.56755042 0.04701358
vt -1.47445166 -0.90262580
vt -1.28188574 -0.77577794
vt -1.34475124 -0.93042469
vt -0.12489119 -0.73209047
vt -0.20848678 -0.71580088
vt -0.13519540 -0.59913206
vt -0.36067852 -2.25688004
vt -0.45913267 -2.24473429
vt -0.39075983 -2.15522337
vt -1.42880774 -0.69989395
vt -1.18352509 -0.61848819
vt -1.28188574 -0.77577794
vt -1.44845510 -0.56655109
vt -1.29843533 -0.52982724
vt -1.42880774 -0.69989395
vt -1.29843533 -0.52982724
vt -1.07504356 -0.47514248
vt -1.18352509 -0.61848819
vt -1.25738931 -0.39593434
vt -1.29843533 -0.52982724
vt -0.98860353 -0.34816170
vt -0.92492294 -0.16458130
vt -1.06114089 -0.15681291
vt -0.92492294 -0.16458130
vt -0.98860353 -0.34816170
vt -0.98242974 -1.72627831
vt -0.83971739 -1.66310334
vt -0.46067357 -2.10059428
vt -0.62361169 -2.17753410
vt -0.64356148 -2.05533004
vt -0.69513404 -2.28185654
vt -0.72350442 -2.16954017
vt -0.62361169 -2.17753410
vt -0.99157226 -1.60155630
vt -1.09367096 -1.74483418
vt -1.18708873 -1.65032053
vt -0.99157226 -1.60155630
vt -0.98242974 -1.72627831
vt -1.09367096 -1.74483418
vt -0.96803892 -1.46035171
vt -0.99157226 -1.60155630
vt -1.11641967 -1.54885483
vt -0.86747336 -1.53455806
vt -0.89712763 -1.62192440
vt -0.99157226 -1.60155630
vt -0.84642833 -1.31692839
vt -0.78111565 -1.38158083
vt -0.88475865 -1.40679955
vt -0.69513404 -2.28185654
vt -0.85937059 -2.20427418
vt -0.72350442 -2.16954017
vt -1.05116928 -1.18881130
vt -0.86628509 -1.18115473
vt -0.97481191 -1.31256557
vt -0.81712067 -2.03934383
vt -0.76768541 -1.95167327
vt -0.68965858 -1.97463870
vt -1.16643524 -0.95892489
vt -1.13918650 -1.03733897
vt -1.05116928 -1.18881130
vt -1.05312872 -0.90971363
vt -0.86628509 -1.18115473
vt -0.77336699 -0.87531972
vt -0.68436742 -0.87013936
vt -0.65647119 -1.00104547
vt -0.77336699 -0.87531972
vt -0.61409748 -0.79882836
vt -0.68436742 -0.87013936
vt -0.37016749 -1.23912358
vt -0.49913922 -1.29778719
vt -0.28598651 -1.34158564
vt -0.35177809 -1.36072874
vt -0.27315080 -1.22915077
vt -0.81712067 -2.03934383
vt -0.87475365 -1.97107553
vt -0.76768541 -1.95167327
vt -0.95910060 -2.15116453
vt -1.03364396 -2.06337070
vt -0.87475365 -1.97107553
vt -1.03364396 -2.06337070
vt -1.07798028 -1.92604160
vt -0.92373931 -1.90574169
vt -1.07798028 -1.92604160
vt -0.98242974 -1.72627831
vt -0.86199993 -1.81338835
vt -1.19414794 -2.01572704
vt -1.26598537 -1.97873855
vt -1.07798028 -1.92604160
vt -1.26598537 -1.97873855
vt -1.28097868 -1.74998260
vt -1.09367096 -1.74483418
vt -1.33984041 -1.94448853
vt -1.40021098 -1.89250731
vt -1.28097868 -1.74998260
vt -1.48331988 -1.53540993
vt -1.33850539 -1.51911640
vt -1.50587916 -1.72747278
vt -1.41459227 -1.78168559
vt -1.50587916 -1.72747278
vt -1.29035187 -1.62132645
vt -0.73140121 -1.22232580
vt -0.64861524 -1.21207547
vt -0.68662238 -1.33593822
vt -0.73140121 -1.22232580
vt -0.68662238 -1.33593822
vt -0.78604996 -1.27281833
vt -0.68662238 -1.33593822
vt -0.77871227 -1.47623801
vt -0.78111565 -1.38158083
vt -0.55024308 -1.22630668
vt -0.51204783 -1.24302649
vt -0.58160770 -1.32958364
vt -0.68662238 -1.33593822
vt -0.58160770 -1.32958364
vt -0.65641963 -1.42267656
vt -0.37016749 -1.23912358
vt -0.44276679 -1.18229365
vt -0.30925229 -1.11639643
vt -0.27315080 -1.22915077
vt -0.30925229 -1.11639643
vt -0.22634181 -1.11383057
vt -0.44276679 -1.18229365
vt -0.47040614 -1.13824224
vt -0.40967232 -1.12593818
vt -0.30925229 -1.11639643
vt -0.47979838 -1.00258541
vt -0.29754904 -0.94065976
vt -0.94585854 -0.93055010
vt -0.84274518 -0.95585740
vt -0.82255113 -1.02617621
vt -0.94585854 -0.93055010
vt -0.86408222 -0.88620031
vt -0.84274518 -0.95585740
vt -1.66884851 -1.63652182
vt -1.64808023 -1.43574643
vt -0.48339733 -1.09392118
vt -0.59178472 -1.07035089
vt -0.47979838 -1.00258541
vt -0.60117835 -1.44770360
vt -0.58160770 -1.32958364
vt -0.54271901 -1.47144461
vt -0.60117835 -1.44770360
vt -0.49090660 -1.38299608
vt -0.54271901 -1.47144461
vt -0.44606245 -1.42220736
vt -0.35177809 -1.36072874
vt -0.37016749 -1.23912358
vt -0.82255113 -1.02617621
vt -0.78875959 -1.13209963
vt -0.86628509 -1.18115473
vt -0.86408222 -0.88620031
vt -0.77336699 -0.87531972
vt -0.84274518 -0.95585740
vt -0.84274518 -0.95585740
vt -0.77336699 -0.87531972
vt -0.82255113 -1.02617621
vt -0.35116976 -1.47869825
vt -0.44606245 -1.42220736
vt -0.35177809 -1.36072874
vt -0.77336699 -0.87531972
vt -0.65647119 -1.00104547
vt -0.72046465 -1.07849550
vt -1.13918650 -1.03733897
vt -1.05312872 -0.90971363
vt -1.05116928 -1.18881130
vt -1.16643524 -0.95892489
vt -1.05312872 -0.90971363
vt -1.13918650 -1.03733897
vt -1.13918650 -1.03733897
vt -1.19799030 -1.17534399
vt -1.19799030 -1.17534399
vt -1.05116928 -1.18881130
vt -1.30138588 -1.36746454
vt -1.19799030 -1.17534399
vt -1.43293774 -1.33498764
vt -1.33822107 -1.14903307
vt -1.51493812 -1.26793694
vt -1.49287128 -1.14074636
vt -1.30138588 -1.36746454
vt -1.33850539 -1.51911640
vt -1.48331988 -1.53540993
vt -0.44606245 -1.42220736
vt -0.49090660 -1.38299608
vt -0.35177809 -1.36072874
vt -0.49913922 -1.29778719
vt -0.37016749 -1.23912358
vt -0.49090660 -1.38299608
vt -0.60117835 -1.44770360
vt -0.49913922 -1.29778719
vt -0.60117835 -1.44770360
vt -0.65641963 -1.42267656
vt -0.58160770 -1.32958364
vt -0.58160770 -1.32958364
vt -0.51204783 -1.24302649
vt -0.47979838 -1.00258541
vt -0.59178472 -1.07035089
vt -1.49287128 -1.14074636
vt -1.51493812 -1.26793694
vt -1.60168326 -1.20135355
vt -1.30138588 -1.36746454
vt -1.15096211 -1.42068100
vt -1.11641967 -1.54885483
vt -0.97417843 -0.77675593
vt -0.94585854 -0.93055010
vt -0.48339733 -1.09392118
vt -0.47040614 -1.13824224
vt -0.57748157 -1.19320393
vt -1.66884851 -1.63652182
vt -1.78435278 -1.57057619
vt -1.64808023 -1.43574643
vt -0.22634181 -1.11383057
vt -0.30925229 -1.11639643
vt -0.29754904 -0.94065976
vt -1.69705868 -1.79435825
vt -1.80282187 -1.75491309
vt -1.66884851 -1.63652182
vt -1.50587916 -1.72747278
vt -1.66884851 -1.63652182
vt -1.48331988 -1.53540993
vt -0.30925229 -1.11639643
vt -0.40967232 -1.12593818
vt -0.47979838 -1.00258541
vt -0.30925229 -1.11639643
vt -0.40967232 -1.12593818
vt -0.27315080 -1.22915077
vt -0.37016749 -1.23912358
vt -0.30925229 -1.11639643
vt -0.77871227 -1.47623801
vt -0.68662238 -1.33593822
vt -0.65641963 -1.42267656
vt -0.68662238 -1.33593822
vt -0.58160770 -1.32958364
vt -0.73140121 -1.22232580
vt -0.61506486 -1.14853382
vt -0.64861524 -1.21207547
vt -0.68662238 -1.33593822
vt -0.64861524 -1.21207547
vt -0.72046465 -1.07849550
vt -0.59178472 -1.07035089
vt -0.61506486 -1.14853382
vt -0.64861524 -1.21207547
vt -0.61506486 -1.14853382
vt -0.57748157 -1.19320393
vt -0.64861524 -1.21207547
vt -0.57748157 -1.19320393
vt -0.55024308 -1.22630668
vt -0.61506486 -1.14853382
vt -0.48339733 -1.09392118
vt -0.48339733 -1.09392118
vt -0.72046465 -1.07849550
vt -1.64808023 -1.43574643
vt -1.51493812 -1.26793694
vt -1.43293774 -1.33498764
vt -1.64808023 -1.43574643
vt -1.43293774 -1.33498764
vt -1.33850539 -1.51911640
vt -1.29035187 -1.62132645
vt -1.40021098 -1.89250731
vt -1.48553276 -1.87324977
vt -1.41459227 -1.78168559
vt -1.26598537 -1.97873855
vt -1.33984041 -1.94448853
vt -1.28097868 -1.74998260
vt -1.12163043 -2.17672968
vt -1.19414794 -2.01572704
vt -1.07798028 -1.92604160
vt -1.18708873 -1.65032053
vt -1.03364396 -2.06337070
vt -1.12163043 -2.17672968
vt -1.07798028 -1.92604160
vt -0.87475365 -1.97107553
vt -1.03364396 -2.06337070
vt -0.92373931 -1.90574169
vt -0.64356148 -2.05533004
vt -0.68965858 -1.97463870
vt -0.68965858 -1.97463870
vt -0.76768541 -1.95167327
vt -0.66449285 -1.87977076
vt -0.72350442 -2.16954017
vt -0.64356148 -2.05533004
vt -0.97481191 -1.31256557
vt -0.84642833 -1.31692839
vt -0.88475865 -1.40679955
vt -0.77871227 -1.47623801
vt -0.86747336 -1.53455806
vt -0.97481191 -1.31256557
vt -0.88475865 -1.40679955
vt -0.96803892 -1.46035171
vt -0.96803892 -1.46035171
vt -0.86747336 -1.53455806
vt -0.99157226 -1.60155630
vt -0.99157226 -1.60155630
vt -0.89712763 -1.62192440
vt -0.98242974 -1.72627831
vt -1.11641967 -1.54885483
vt -0.99157226 -1.60155630
vt -1.18708873 -1.65032053
vt -1.55937433 -2.20866084
vt -1.57016945 -2.04618931
vt -1.47278333 -2.12179375
vt -1.43721771 -2.39213562
vt -1.39022458 -2.29255915
vt -1.27292299 -2.32729673
vt -1.54168463 -2.47318292
vt -1.60446191 -2.31409788
vt -1.43721771 -2.39213562
vt -1.73490977 -2.63890290
vt -1.81614423 -2.60000110
vt -1.64989650 -2.55074644
vt -1.60446191 -2.31409788
vt -1.46335626 -2.25138164
vt -1.97221005 -2.51301003
vt -1.92361176 -2.32689834
vt -1.82443297 -2.46183610
vt -1.76695013 -2.36323023
vt -1.85757804 -2.21826196
vt -1.68726575 -2.27546072
vt -1.07959723 -2.41005611
vt -1.15935254 -2.38543081
vt -0.99989879 -2.35120058
vt -1.26396167 -2.62428665
vt -1.17742002 -2.68540621
vt -1.35500562 -2.92373753
vt -1.17742002 -2.68540621
vt -1.26396167 -2.62428665
vt -1.10949981 -2.55318046
vt -1.71179819 -1.93075347
vt -1.69705868 -1.79435825
vt -1.59129584 -1.83380437
vt -1.57680297 -2.72278166
vt -1.49711323 -2.63168526
vt -1.46277070 -2.81184292
vt -1.26396167 -2.62428665
vt -1.35500562 -2.92373753
vt -1.07959723 -2.41005611
vt -0.99989879 -2.35120058
vt -2.16564131 -1.77435637
vt -2.28322554 -1.91885328
vt -2.28780246 -1.76562309
vt -0.75038886 -2.52845526
vt -0.67709428 -2.39823103
vt -0.59587824 -2.42375565
vt -1.41643226 -2.52516174
vt -1.43721771 -2.39213562
vt -1.27292299 -2.32729673
vt -2.07943368 -1.57083988
vt -2.28780246 -1.76562309
vt -2.20179558 -1.61675358
vt -1.15935254 -2.38543081
vt -1.12163043 -2.17672968
vt -0.95910060 -2.15116453
vt -2.16564131 -1.77435637
vt -2.28945780 -1.99246693
vt -0.73562527 -3.18333149
vt -1.01193500 -3.10978889
vt -0.87443119 -3.07623005
vt -1.01193500 -3.10978889
vt -1.16187930 -3.03072262
vt -0.87443119 -3.07623005
vt -1.30996156 -2.07698298
vt -1.19414794 -2.01572704
vt -1.12163043 -2.17672968
vt -1.30996156 -2.07698298
vt -1.26598537 -1.97873855
vt -1.19414794 -2.01572704
vt -1.07578719 -2.89380455
vt -1.08645213 -2.73411655
vt -0.90785933 -2.71155286
vt -1.39022458 -2.29255915
vt -1.40329468 -2.06690884
vt -1.30996156 -2.07698298
vt -0.77560192 -2.80432630
vt -0.90785933 -2.71155286
vt -0.82189769 -2.66163254
vt -1.16187930 -3.03072262
vt -1.29404497 -2.98155117
vt -1.07578719 -2.89380455
vt -1.08645213 -2.73411655
vt -0.94755435 -2.49801993
vt -0.90785933 -2.71155286
vt -0.90785933 -2.71155286
vt -0.94755435 -2.49801993
vt -0.83805639 -2.49937367
vt -0.38578767 -2.85072708
vt -0.39721841 -2.91750813
vt -0.48065785 -2.96255445
vt -0.77560192 -2.80432630
vt -0.82189769 -2.66163254
vt -0.75038886 -2.52845526
vt -1.27292299 -2.32729673
vt -1.39022458 -2.29255915
vt -1.30996156 -2.07698298
vt -1.12163043 -2.17672968
vt -1.27292299 -2.32729673
vt -1.30996156 -2.07698298
vt -1.07578719 -2.89380455
vt -1.29404497 -2.98155117
vt -1.08645213 -2.73411655
vt -1.03364396 -2.06337070
vt -0.99989879 -2.35120058
vt -1.15935254 -2.38543081
vt -0.95910060 -2.15116453
vt -0.42374012 -2.36667442
vt -0.30038393 -2.52795839
vt -0.44608325 -2.47521734
vt -0.59587824 -2.42375565
vt -0.67709428 -2.39823103
vt -0.52750546 -2.33424497
vt -1.46335626 -2.25138164
vt -1.47278333 -2.12179375
vt -1.40329468 -2.06690884
vt -2.24450374 -2.13107467
vt -2.25932217 -2.06292439
vt -1.99207640 -2.17000747
vt -2.06664562 -1.89981246
vt -2.28945780 -1.99246693
vt -2.16564131 -1.77435637
vt -2.10153103 -2.40324306
vt -2.07133698 -2.28369951
vt -2.02498817 -2.46814394
vt -1.85757804 -2.21826196
vt -1.99207640 -2.17000747
vt -1.79094410 -2.13231277
vt -2.02498817 -2.46814394
vt -1.92361176 -2.32689834
vt -1.97221005 -2.51301003
vt -0.67709428 -2.39823103
vt -0.76789629 -2.36465883
vt -0.69513404 -2.28185654
vt -1.55937433 -2.20866084
vt -1.79094410 -2.13231277
vt -1.57016945 -2.04618931
vt -2.25932217 -2.06292439
vt -2.06664562 -1.89981246
vt -0.83805639 -2.49937367
vt -0.94755435 -2.49801993
vt -0.76789629 -2.36465883
vt -0.48065785 -2.96255445
vt -0.39721841 -2.91750813
vt -0.46524891 -3.00833225
vt -1.04268062 -3.22822714
vt -1.06867480 -3.18593550
vt -1.01100039 -3.20584774
vt -1.06867480 -3.18593550
vt -1.01193500 -3.10978889
vt -0.95014888 -3.17682791
vt -1.01100039 -3.20584774
vt -1.06867480 -3.18593550
vt -0.95014888 -3.17682791
vt -0.63575399 -2.77679253
vt -0.42151955 -2.67504907
vt -0.49234554 -2.87692213
vt -1.99207640 -2.17000747
vt -1.98903537 -2.02030778
vt -1.76695013 -2.36323023
vt -1.92361176 -2.32689834
vt -2.02498817 -2.46814394
vt -2.07133698 -2.28369951
vt -1.92361176 -2.32689834
vt -2.07133698 -2.28369951
vt -2.21628690 -2.21291757
vt -1.99207640 -2.17000747
vt -2.10153103 -2.40324306
vt -2.21628690 -2.21291757
vt -2.17707276 -2.33898687
vt -2.21628690 -2.21291757
vt -1.20230269 -3.07912588
vt -1.24960017 -3.03006077
vt -1.16187930 -3.03072262
vt -2.21628690 -2.21291757
vt -2.24450374 -2.13107467
vt -0.39721841 -2.91750813
vt -0.33211651 -2.89499664
vt -0.39860368 -2.95155692
vt -0.55153114 -2.59442139
vt -0.42151955 -2.67504907
vt -0.63575399 -2.77679253
vt -1.39022458 -2.29255915
vt -1.46335626 -2.25138164
vt -1.24960017 -3.03006077
vt -1.29404497 -2.98155117
vt -1.16187930 -3.03072262
vt -1.46335626 -2.25138164
vt -1.55937433 -2.20866084
vt -1.47278333 -2.12179375
vt -1.41643226 -2.52516174
vt -1.54168463 -2.47318292
vt -1.43721771 -2.39213562
vt -1.65585637 -2.68084240
vt -1.73490977 -2.63890290
vt -1.64989650 -2.55074644
vt -0.58668709 -3.01979637
vt -0.59494627 -3.11882162
vt -0.66039371 -3.17457628
vt -0.39860368 -2.95155692
vt -0.46524891 -3.00833225
vt -0.94755435 -2.49801993
vt -1.10949981 -2.55318046
vt -0.99989879 -2.35120058
vt -1.57016945 -2.04618931
vt -1.71179819 -1.93075347
vt -1.79094410 -2.13231277
vt -1.98903537 -2.02030778
vt -1.54168463 -2.47318292
vt -1.67749119 -2.40689540
vt -1.60446191 -2.31409788
vt -1.04268062 -3.22822714
vt -1.01100039 -3.20584774
vt -0.98119515 -3.25176907
vt -0.98119515 -3.25176907
vt -1.01100039 -3.20584774
vt -0.95165622 -3.26335764
vt -0.95165622 -3.26335764
vt -0.95014888 -3.17682791
vt -0.82067078 -3.22305870
vt -1.20230269 -3.07912588
vt -1.11408639 -3.17252922
vt -0.95165622 -3.26335764
vt -1.01100039 -3.20584774
vt -0.95014888 -3.17682791
vt -1.15935254 -2.38543081
vt -1.27292299 -2.32729673
vt -1.12163043 -2.17672968
vt -1.82443297 -2.46183610
vt -1.92361176 -2.32689834
vt -1.76695013 -2.36323023
vt -1.60446191 -2.31409788
vt -1.68726575 -2.27546072
vt 0.24580473 3.56881309
vt 0.35471699 3.92396975
vt 0.44665492 3.80873990
vt 0.39249611 3.64946961
vt 0.13387570 3.41048765
vt 0.24580473 3.56881309
vt 0.39574531 3.42097497
vt 0.22290760 3.25986218
vt 0.39249611 3.64946961
vt 0.44665492 3.80873990
vt 0.55503905 3.67296839
vt 0.48111066 3.54045844
vt 1.03028226 2.92802525
vt 1.04511476 3.09905481
vt 1.15595019 2.97947216
vt 1.13760710 2.83128166
vt -1.41874921 4.21860933
vt -1.26023030 4.22387886
vt -1.34765232 4.08674908
vt -1.45113432 4.10626888
vt -1.26023030 4.22387886
vt -1.19048476 4.21233559
vt -1.23841083 4.06461716
vt -1.34765232 4.08674908
vt -1.34765232 4.08674908
vt -1.23841083 4.06461716
vt -1.26308656 3.91105509
vt -1.35396433 3.94054031
vt -1.19048476 4.21233559
vt -1.12286496 4.20072174
vt -1.16081953 4.04822111
vt -1.23841083 4.06461716
vt -0.21955943 4.18995333
vt -0.26130480 4.21805763
vt -0.19033948 4.26023054
vt -0.14019807 4.25587177
vt -1.05524516 4.18910789
vt -0.98762530 4.17749405
vt -1.00353611 4.01498556
vt -1.16081953 4.04822111
vt -0.54012048 4.19517231
vt -0.42814937 4.21925497
vt -0.39659733 4.12388229
vt -0.67931628 4.17571688
vt -0.61914396 4.17817593
vt -0.66146916 3.97606277
vt -0.92000544 4.16587973
vt -0.85983312 4.16833878
vt -0.54516608 4.04936647
vt -0.61914396 4.17817593
vt -0.54012048 4.19517231
vt -0.47420076 4.09153938
vt -0.79966086 4.17079830
vt -0.73948860 4.17325783
vt -0.75630581 3.98583007
vt -0.89461344 3.83952355
vt -0.39659733 4.12388229
vt -0.42814937 4.21925497
vt -0.30305016 4.24616194
vt -0.26130480 4.21805763
vt -0.26130480 4.21805763
vt -0.30305016 4.24616194
vt -0.22402671 4.26315832
vt -0.19033948 4.26023054
vt -0.85983312 4.16833878
vt -0.79966086 4.17079830
vt -0.89461344 3.83952355
vt -0.90784657 4.00143719
vt -0.17587841 4.00857449
vt -0.22965059 3.89834118
vt -0.17961499 3.79173255
vt -0.09693676 3.74136686
vt -0.39659733 4.12388229
vt -0.26130480 4.21805763
vt -0.21955943 4.18995333
vt -0.53370202 3.77481318
vt -0.42402607 3.97104907
vt -0.31769550 3.65329742
vt -0.44182670 3.63009787
vt -0.55889356 3.57028198
vt -0.53370202 3.77481318
vt -0.44182670 3.63009787
vt -0.43625489 3.39790535
vt -0.74841726 3.72662687
vt -0.81055814 3.59578562
vt -0.87499660 3.61973524
vt -0.89461344 3.83952355
vt -0.66146916 3.97606277
vt -0.53370202 3.77481318
vt -0.63134396 3.67211580
vt -0.66146916 3.97606277
vt -0.61914396 4.17817593
vt -0.54516608 4.04936647
vt -0.53370202 3.77481318
vt -1.48467720 4.21641731
vt -1.41874921 4.21860933
vt -1.52535379 4.12026930
vt -1.63974702 4.07726622
vt 2.76759577 1.07411265
vt 2.82209539 0.98236728
vt 2.74544954 1.00960898
vt 2.69350505 1.12496233
vt 2.42364192 0.91113710
vt 2.59700680 0.90778679
vt 2.64157963 0.73760700
vt 2.47833085 0.71317613
vt 2.81090498 0.80217206
vt 2.75424409 0.54940683
vt 2.61160135 0.62304175
vt 2.64157963 0.73760700
vt 2.64157963 0.73760700
vt 2.61160135 0.62304175
vt 2.51813316 0.56948900
vt 2.47833085 0.71317613
vt 2.47833085 0.71317613
vt 2.51813316 0.56948900
vt 2.41915488 0.52698720
vt 2.37709069 0.74663079
vt 2.85343647 0.55646408
vt 2.87295437 0.42519832
vt 2.76843119 0.43931574
vt 2.75424409 0.54940683
vt 2.94822931 0.67971611
vt 2.75424409 0.54940683
vt 2.81090498 0.80217206
vt 2.93748093 0.78812528
vt 2.82209539 0.98236728
vt 2.90076423 0.84993517
vt 2.74544954 1.00960898
vt 2.67826462 0.98687911
vt 2.59700680 0.90778679
vt 2.94822931 0.67971611
vt 2.96963167 0.46384615
vt 2.87295437 0.42519832
vt 2.85343647 0.55646408
vt 2.42364192 0.91113710
vt 2.30742931 0.89899147
vt 2.34119368 1.07149720
vt 2.44233704 1.02762127
vt 2.34119368 1.07149720
vt 2.39671469 1.17801893
vt 2.30742931 0.89899147
vt 2.16619420 0.74789387
vt 2.10671687 0.85540783
vt 2.34119368 1.07149720
vt 2.30742931 0.89899147
vt 2.07250905 1.04967415
vt 2.17021894 1.14566612
vt 2.29726815 1.36237562
vt 2.36355782 1.32815504
vt 2.34119368 1.07149720
vt 2.17021894 1.14566612
vt 1.98985529 1.08303702
vt 2.07250905 1.04967415
vt 2.02301621 0.93291289
vt 1.89623213 1.05154800
vt 2.04801917 1.19867647
vt 2.17021894 1.14566612
vt 2.07250905 1.04967415
vt 1.98985529 1.08303702
vt 1.58075726 1.88077354
vt 1.78037894 1.84906709
vt 1.72564304 1.74542260
vt 1.44972014 1.82034731
vt 1.17504168 1.36847389
vt 1.35909200 1.34595215
vt 1.29796839 1.23936701
vt 1.14633036 1.29547822
vt 1.53883505 1.66487861
vt 1.68324804 1.63750839
vt 1.61954999 1.53594732
vt 1.50644445 1.44717646
vt 1.44972014 1.82034731
vt 1.72564304 1.74542260
vt 1.68324804 1.63750839
vt 1.53883505 1.66487861
vt 1.68324804 1.63750839
vt 1.72564304 1.74542260
vt 1.61954999 1.53594732
vt 1.69185615 1.35798073
vt 1.50644445 1.44717646
vt 1.57335579 0.83258063
vt 2.21700692 0.63668633
vt 2.10205650 0.68238074
vt 2.16619420 0.74789387
vt 2.28238750 0.67056561
vt 2.10205650 0.68238074
vt 1.90077567 0.63664091
vt 1.88911426 0.83491540
vt 1.11713946 1.62835002
vt 1.22578526 1.62292016
vt 1.19469082 1.53983629
vt 1.07248163 1.49177086
vt 2.04801917 1.19867647
vt 1.98985529 1.08303702
vt 1.89623213 1.05154800
vt 1.98321164 1.30157733
vt 2.10281396 1.31589651
vt 2.04801917 1.19867647
vt 1.87336314 1.19122982
vt 1.62795806 1.26477695
vt 1.86024010 1.28883886
vt 1.70140004 1.18389809
vt 1.40641904 2.41724515
vt 1.55155599 2.37104607
vt 1.47364807 2.25323439
vt 1.32026112 2.22059822
vt 1.57433617 1.14477348
vt 1.69801617 1.04309571
vt 1.59660935 0.91452885
vt 1.52898622 1.01019239
vt 1.43731618 1.15707362
vt 1.57433617 1.14477348
vt 1.52898622 1.01019239
vt 1.41255093 0.96343875
vt 1.69185615 1.35798073
vt 1.90126264 1.41498184
vt 1.86024010 1.28883886
vt 1.62795806 1.26477695
vt 1.90126264 1.41498184
vt 2.01308012 1.45104289
vt 1.98321164 1.30157733
vt 1.86024010 1.28883886
vt 1.16763401 2.46946025
vt 1.28308201 2.53737402
vt 1.14940655 2.36850142
vt 2.16110635 1.43262053
vt 2.10281396 1.31589651
vt 1.98321164 1.30157733
vt 0.92509937 1.33374512
vt 1.02212870 1.32888150
vt 1.07301652 1.22875202
vt 0.86031854 1.26959980
vt 1.14940655 2.36850142
vt 1.28322494 2.37000751
vt 1.32026112 2.22059822
vt 1.06160319 2.19210935
vt 1.14258063 1.91435325
vt 1.24200749 1.89387894
vt 1.16804063 1.77448916
vt 1.07396495 1.80006325
vt 1.21119630 2.02864313
vt 1.31922102 2.01366401
vt 1.24200749 1.89387894
vt 1.14258063 1.91435325
vt 1.27981198 2.14293337
vt 1.32026112 2.22059822
vt 1.31922102 2.01366401
vt 1.21119630 2.02864313
vt 1.04315376 1.93482757
vt 1.14258063 1.91435325
vt 1.07396495 1.80006325
vt 0.99215519 1.75588059
vt 1.07248163 1.49177086
vt 1.17504168 1.36847389
vt 1.02212870 1.32888150
vt 1.25684810 1.70600426
vt 1.37432837 1.71567667
vt 1.33762884 1.62727022
vt 1.22578526 1.62292016
vt 1.37432837 1.71567667
vt 1.53883505 1.66487861
vt 1.33762884 1.62727022
vt 1.19469082 1.53983629
vt 1.40825486 1.54036808
vt 1.36479998 1.44416296
vt 1.36479998 1.44416296
vt 1.35909200 1.34595215
vt 1.17504168 1.36847389
vt 1.25684810 1.70600426
vt 1.52201998 2.18804145
vt 1.35471153 1.91441369
vt 1.31922102 2.01366401
vt 1.35471153 1.91441369
vt 1.44748938 1.89756513
vt 1.44972014 1.82034731
vt 1.16804063 1.77448916
vt 1.49029982 2.00732493
vt 1.57241118 1.97890186
vt 1.58075726 1.88077354
vt 1.44748938 1.89756513
vt 1.66108990 2.11034536
vt 1.64438987 2.03560925
vt 1.62402093 2.09600830
vt 1.29796839 1.23936701
vt 1.33893609 1.05300057
vt 1.19944525 1.13379943
vt 2.28238750 0.67056561
vt 2.37709069 0.74663079
vt 2.41915488 0.52698720
vt 1.07301652 1.22875202
vt 1.18657899 1.21311522
vt 1.19944525 1.13379943
vt 1.05377197 1.08722758
vt 1.21119630 2.02864313
vt 1.14258063 1.91435325
vt 1.04315376 1.93482757
vt 0.84297365 1.87484872
vt 1.49954212 1.28057778
vt 1.62795806 1.26477695
vt 1.57433617 1.14477348
vt 1.43731618 1.15707362
vt 1.46403408 2.53444123
vt 1.55155599 2.37104607
vt 1.40641904 2.41724515
vt 0.84297365 1.87484872
vt 0.99215519 1.75588059
vt 0.91609418 1.62181365
vt 0.83249313 1.70408607
vt 1.02255189 1.64314151
vt 1.11713946 1.62835002
vt 1.07248163 1.49177086
vt 0.97702807 1.50419426
vt 0.97702807 1.50419426
vt 1.07248163 1.49177086
vt 1.02212870 1.32888150
vt 1.07396495 1.80006325
vt 1.16804063 1.77448916
vt 1.11713946 1.62835002
vt 0.99215519 1.75588059
vt 2.31157780 0.03880966
vt 2.41456866 -0.02202356
vt 2.35446596 -0.07191086
vt 2.49939060 0.02761179
vt 2.57167029 0.07315469
vt 2.59320307 -0.01399064
vt 2.55973125 -0.06786573
vt 2.45219374 0.00186479
vt 2.55973125 -0.06786573
vt 2.41456866 -0.02202356
vt 2.31375742 0.42816734
vt 2.38435793 0.43856543
vt 2.45626426 0.39176327
vt 2.29901457 0.32311797
vt 2.29901457 0.32311797
vt 2.45626426 0.39176327
vt 2.45509458 0.26956427
vt 2.21496153 -0.38545728
vt 2.14658642 -0.45347500
vt 2.11161613 -0.42238283
vt 2.14904761 -0.31218648
vt 2.75526142 0.33445972
vt 2.54903889 0.21921718
vt 2.58630896 0.35467070
vt 2.58630896 0.35467070
vt 2.45626426 0.39176327
vt 2.41915488 0.52698720
vt 2.08718300 -0.36137533
vt 2.11161613 -0.42238283
vt 2.02800226 -0.45996130
vt 2.03674531 -0.36464906
vt 2.89169073 0.06284589
vt 2.88235641 -0.13297033
vt 2.81358457 -0.01926386
vt 2.65274382 0.13687634
vt 2.72174716 -0.00550210
vt 2.59320307 -0.01399064
vt 2.57167029 0.07315469
vt 2.91037536 -0.31893599
vt 2.84432840 -0.32342911
vt 2.88235641 -0.13297033
vt 2.94193697 -0.21051645
vt 2.81078029 0.15089142
vt 2.81218243 0.06581390
vt 2.72174716 -0.00550210
vt 2.65274382 0.13687634
vt 2.89600992 0.15345812
vt 2.89169073 0.06284589
vt 2.81218243 0.06581390
vt 2.81078029 0.15089142
vt 2.90022182 0.24181461
vt 2.89600992 0.15345812
vt 2.81078029 0.15089142
vt 2.79039598 0.23474765
vt 2.82794499 -0.46978068
vt 2.77104664 -0.51935530
vt 2.71086049 -0.45510292
vt 2.80356383 -0.25791454
vt 2.81266880 -0.37762475
vt 2.69774628 -0.34320855
vt 2.71396089 -0.25340676
vt 2.75044537 -0.10615468
vt 2.80356383 -0.25791454
vt 2.71396089 -0.25340676
vt 2.88235641 -0.13297033
vt 2.84432840 -0.32342911
vt 2.81638885 -0.18941915
vt 2.55973125 -0.06786573
vt 2.59320307 -0.01399064
vt 2.64334059 -0.16033995
vt 2.55352259 -0.17838180
vt 2.64768982 -0.34153843
vt 2.71086049 -0.45510292
vt 2.63002348 -0.43314755
vt 2.60171533 -0.33937860
vt 2.54208064 -0.47422791
vt 2.46313405 -0.45616257
vt 2.44714117 -0.37504530
vt 2.87295437 0.42519832
vt 2.90022182 0.24181461
vt 2.75526142 0.33445972
vt 2.58451009 -0.25823689
vt 2.53571129 -0.26303113
vt 2.44714117 -0.37504530
vt 2.46313405 -0.45616257
vt 2.42400408 -0.46086848
vt 2.41584682 -0.40213263
vt 2.28970265 -0.42314577
vt 2.21496153 -0.38545728
vt 2.27099371 -0.32326293
vt 2.44343710 -0.22390020
vt 2.41764998 -0.15376842
vt 2.45345116 -0.13242161
vt 2.50420570 -0.19201589
vt 2.33742738 -0.32522404
vt 2.29059505 -0.26818919
vt 2.33922982 -0.22652972
vt 2.36857700 -0.28208065
vt 2.96376038 -0.00699115
vt 2.95176291 -0.11888123
vt 2.88235641 -0.13297033
vt 2.89169073 0.06284589
vt 2.96376038 -0.00699115
vt 2.89169073 0.06284589
vt 2.89600992 0.15345812
vt 2.99110913 0.24806428
vt 2.58451009 -0.25823689
vt 2.60171533 -0.33937860
vt 2.54055524 -0.39154029
vt 2.53571129 -0.26303113
vt 2.33742738 -0.32522404
vt 2.38443851 -0.34667778
vt 2.35664964 -0.39539158
vt 2.31384349 -0.34390128
vt 2.98034859 0.35575306
vt 2.99110913 0.24806428
vt 2.90022182 0.24181461
vt 2.87295437 0.42519832
vt 2.35976124 -0.71736145
vt 2.36887622 -0.82950234
vt 2.32738066 -0.79898047
vt 2.32426810 -0.73147941
vt 2.46105313 -0.86186123
vt 2.46349406 -0.92819297
vt 2.41025543 -0.96420026
vt 2.41327929 -0.83726931
vt 2.36887622 -0.82950234
vt 2.41025543 -0.96420026
vt 2.35198617 -0.99589276
vt 2.32633877 -0.91319656
vt 2.25433874 -0.77273917
vt 2.25856018 -0.84734809
vt 2.19415259 -0.82062197
vt 2.24198437 -0.71895838
vt 2.48018932 -0.57938361
vt 2.41807723 -0.57810235
vt 2.36518908 -0.49444735
vt 2.25685787 -0.93473387
vt 2.24382782 -1.05467010
vt 2.17834711 -1.01936054
vt 2.17748070 -0.95056868
vt 2.33693576 -1.19094300
vt 2.31539011 -1.31043768
vt 2.28343558 -1.28871822
vt 2.28780413 -1.16385245
vt 2.39151001 -0.63705516
vt 2.35976124 -0.71736145
vt 2.32097006 -0.61147058
vt 2.35198617 -0.99589276
vt 2.24382782 -1.05467010
vt 2.32633877 -0.91319656
vt 2.50529504 -1.14221454
vt 2.46133018 -1.10480547
vt 2.04897499 -0.74914265
vt 2.04755878 -0.84283352
vt 1.93693161 -0.80722785
vt 1.91731238 -0.73264515
vt 2.48018932 -0.57938361
vt 2.49834132 -0.51791441
vt 2.25856018 -0.84734809
vt 2.25685787 -0.93473387
vt 2.20885229 -0.89668572
vt 2.19415259 -0.82062197
vt 2.29996586 -0.86452961
vt 2.32633877 -0.91319656
vt 2.25856018 -0.84734809
vt 2.42856836 -1.28060889
vt 2.40117168 -1.32000422
vt 2.31539011 -1.31043768
vt 2.33693576 -1.19094300
vt 2.20885229 -0.89668572
vt 2.17748070 -0.95056868
vt 2.12460613 -0.94738364
vt 2.12444210 -0.83724678
vt 2.12460613 -0.94738364
vt 2.14765716 -1.07762718
vt 2.08013773 -1.10850358
vt 2.02403879 -1.00414538
vt 2.55096197 -0.69341373
vt 2.57799435 -0.83171058
vt 2.50344348 -0.67301631
vt 2.46434689 -1.21972752
vt 2.45249128 -1.24406767
vt 2.42339206 -1.10161829
vt 2.46133018 -1.10480547
vt 2.57799435 -0.83171058
vt 2.60437465 -0.93563724
vt 2.54513574 -0.92975366
vt 2.53888178 -0.83170223
vt 2.40256453 -0.71506798
vt 2.41327929 -0.83726931
vt 2.36887622 -0.82950234
vt 2.35976124 -0.71736145
vt 2.12444210 -0.83724678
vt 2.12460613 -0.94738364
vt 2.07169485 -0.91958332
vt 2.04755878 -0.84283352
vt 2.47353649 -0.80161595
vt 2.46105313 -0.86186123
vt 2.40256453 -0.71506798
vt 2.17127562 -0.55741644
vt 2.17568016 -0.61670256
vt 2.05416846 -0.63903105
vt 2.04219794 -0.56812358
vt 2.04755878 -0.84283352
vt 1.96590924 -0.88859820
vt 1.93693161 -0.80722785
vt 2.01880217 -0.90409076
vt 2.02403879 -1.00414538
vt 1.96377921 -0.95652819
vt 1.96590924 -0.88859820
vt 2.17568016 -0.61670256
vt 2.17733288 -0.71115923
vt 2.04897499 -0.74914265
vt 2.05416846 -0.63903105
vt 2.21020532 -0.45722246
vt 2.17127562 -0.55741644
vt 2.09827280 -0.52254891
vt 2.14658642 -0.45347500
vt 2.41807723 -0.57810235
vt 2.44420052 -0.65398312
vt 2.39151001 -0.63705516
vt 2.37141991 -0.56736290
vt 2.19305372 -1.17985487
vt 2.21423149 -1.27247477
vt 2.08013773 -1.10850358
vt 2.32426810 -0.73147941
vt 2.32738066 -0.79898047
vt 2.25433874 -0.77273917
vt 2.28636813 -0.69528079
vt 2.21216631 -0.56694841
vt 2.21868324 -0.63303888
vt 2.17568016 -0.61670256
vt 2.17127562 -0.55741644
vt 2.49906349 -1.00430369
vt 2.50529504 -1.14221454
vt 2.46349406 -0.92819297
vt 2.32097006 -0.61147058
vt 2.32426810 -0.73147941
vt 2.28636813 -0.69528079
vt 2.25473332 -0.58436656
vt 2.28343558 -1.28871822
vt 2.21423149 -1.27247477
vt 2.19305372 -1.17985487
vt 2.28343558 -1.28871822
vt 2.23177290 -1.35988283
vt 2.21423149 -1.27247477
vt 2.67699337 -0.62225807
vt 2.79206085 -0.62258518
vt 2.76743245 -0.66237175
vt 2.67850280 -0.69328129
vt 2.77104664 -0.51935530
vt 2.79206085 -0.62258518
vt 2.67699337 -0.62225807
vt 2.71086049 -0.45510292
vt 1.96531224 -1.15182853
vt 1.96045160 -1.30494189
vt 1.89247119 -1.22406030
vt 1.82928681 -1.16736746
vt 1.29053748 0.03574407
vt 1.13132560 0.07503784
vt 1.15107524 0.20813459
vt 1.24178100 0.19198269
vt 1.34607565 -0.18243754
vt 1.10542619 -0.14629972
vt 1.11931562 -0.00590062
vt 1.35597718 -0.06494391
vt 1.24178100 0.19198269
vt 1.15240896 0.29770178
vt 1.23996735 0.35945594
vt 0.75435376 -0.69342220
vt 0.68193507 -0.52307630
vt 0.77158135 -0.54905367
vt 0.82720792 0.96213120
vt 0.80583549 0.89233649
vt 0.75048518 1.05540514
vt 0.84376764 1.03769100
vt 0.51767445 0.45270187
vt 0.42690250 0.53495216
vt 0.46588022 0.61351669
vt 0.66147923 0.59213245
vt 0.66147923 0.59213245
vt 0.46588022 0.61351669
vt 0.40007669 0.75455332
vt 0.57325745 0.68297553
vt 1.40939677 0.16353858
vt 1.40788412 0.03329039
vt 1.29053748 0.03574407
vt 1.31688011 0.12011182
vt 1.54001653 0.34969795
vt 1.45938420 0.39001012
vt 1.48935723 0.52371764
vt 1.58150196 0.52515328
vt 1.48935723 0.52371764
vt 1.45938420 0.39001012
vt 1.31825089 0.42280543
vt 1.40159941 0.53217691
vt 1.44327474 0.31814653
vt 1.35965896 0.34267265
vt 1.31825089 0.42280543
vt 1.40939677 0.16353858
vt 1.32780135 0.19245112
vt 1.35965896 0.34267265
vt 1.35965896 0.34267265
vt 1.24178100 0.19198269
vt 1.23996735 0.35945594
vt 1.75059438 0.58632827
vt 1.58807087 0.75036931
vt 1.49998975 0.69034243
vt 1.34108901 0.66754687
vt 1.41249418 0.85840052
vt 1.48347294 0.85972989
vt 1.58150196 0.52515328
vt 1.48935723 0.52371764
vt 1.51204157 0.60844815
vt 1.64515162 0.60547507
vt 1.48935723 0.52371764
vt 1.40159941 0.53217691
vt 2.12832117 0.49137902
vt 2.01062703 0.49002904
vt 2.09425688 0.59591794
vt 2.21700692 0.63668633
vt 1.93003821 0.48259920
vt 1.90077567 0.63664091
vt 1.75059438 0.58632827
vt 1.81209958 0.65851992
vt 2.02452087 0.30404508
vt 2.01062703 0.49002904
vt 2.08317804 0.41741449
vt 1.88406980 0.36994082
vt 2.01062703 0.49002904
vt 2.21013761 0.45827937
vt 2.12832117 0.49137902
vt 2.21700692 0.63668633
vt 2.31027842 0.52610695
vt 2.15974832 0.38482213
vt 2.08317804 0.41741449
vt 2.12832117 0.49137902
vt 2.21013761 0.45827937
vt 2.11765718 0.30829436
vt 2.02452087 0.30404508
vt 2.15974832 0.38482213
vt 1.82095838 0.28430456
vt 1.75238752 0.18419778
vt 1.68190241 0.22782576
vt 1.71597171 0.33120382
vt 1.54993272 -0.86684680
vt 1.53598011 -1.00923586
vt 1.44144654 -1.02579927
vt 1.45781839 -0.86945128
vt 1.87981844 0.15832436
vt 1.79291701 0.06195605
vt 1.68694472 0.11079156
vt 1.75238752 0.18419778
vt 2.06356764 0.18619466
vt 1.98861825 0.19936401
vt 2.02452087 0.30404508
vt 1.70617270 -0.03995264
vt 1.67983174 -0.10594451
vt 1.62610340 -0.12882972
vt 1.64626908 0.02768695
vt 2.04077339 -0.01960635
vt 1.80017078 -0.06763458
vt 1.95041156 -0.00184035
vt 1.74736917 -0.48883867
vt 1.65397644 -0.46151471
vt 1.85432160 -0.44642818
vt 1.85645950 -0.57932770
vt 1.78696132 -0.56212807
vt 1.74736917 -0.48883867
vt 1.78696132 -0.56212807
vt 1.72663748 -0.68284154
vt 1.64510262 -0.66304374
vt 1.74736917 -0.48883867
vt 1.74736917 -0.48883867
vt 1.64510262 -0.66304374
vt 1.65397644 -0.46151471
vt 1.96209335 -0.53926969
vt 1.92603040 -0.59547102
vt 1.85645950 -0.57932770
vt 1.85432160 -0.44642818
vt 1.45037854 -0.12894917
vt 1.42563474 -0.33350348
vt 1.30971360 -0.24944687
vt 1.34607565 -0.18243754
vt 1.30971360 -0.24944687
vt 1.25295162 -0.34375978
vt 1.14289188 -0.29718888
vt 1.18125534 -0.22694242
vt 1.50819325 -0.35657001
vt 1.49738574 -0.42706907
vt 1.41459072 -0.43295288
vt 1.42563474 -0.33350348
vt 1.05348206 -0.21557593
vt 0.93270850 -0.22830880
vt 0.86212933 -0.07834411
vt 1.10542619 -0.14629972
vt 0.73874736 -0.07020140
vt 0.63627487 -0.03419268
vt 0.66107666 0.04275036
vt 0.72282660 0.07115757
vt 0.58269888 -0.11141348
vt 0.44977397 -0.13616574
vt 0.38012826 0.04910320
vt 0.63627487 -0.03419268
vt 0.55363488 0.04516816
vt 0.38012826 0.04910320
vt 0.39654887 0.17363650
vt 0.49369749 0.19483054
vt 0.66107666 0.04275036
vt 0.55363488 0.04516816
vt 0.58429801 0.16734147
vt 0.72282660 0.07115757
vt 0.49369749 0.19483054
vt 0.39654887 0.17363650
vt 0.42038876 0.34099710
vt 0.50702810 0.29193377
vt 0.58429801 0.16734147
vt 0.49369749 0.19483054
vt 0.87970477 -0.41686058
vt 0.61250591 -0.33689129
vt 0.56718320 -0.21354139
vt 0.67880750 -0.19476175
vt 1.01145923 0.95201176
vt 0.82720792 0.96213120
vt 0.84376764 1.03769100
vt 0.95235312 1.07017338
vt 0.68730277 -0.41043591
vt 0.51886743 -0.33820713
vt 0.61250591 -0.33689129
vt 1.84491944 -0.77956533
vt 1.68760216 -0.93590951
vt 1.77224779 -0.78490615
vt 0.21853024 -0.26905048
vt 0.07797766 -0.20889473
vt 0.14038758 -0.15841889
vt 0.33495983 -0.34079158
vt 0.23983040 -0.36811912
vt 0.21853024 -0.26905048
vt 0.37592846 -0.21938026
vt 0.61250591 -0.33689129
vt 0.51886743 -0.33820713
vt 0.52863741 -0.26258838
vt 0.56718320 -0.21354139
vt 0.56718320 -0.21354139
vt 1.05209064 0.23509514
vt 0.85164410 0.25454187
vt 0.99687684 0.38789511
vt 1.10298204 0.44993353
vt 1.11830330 0.53026062
vt 1.21519852 0.53966999
vt 1.02058947 0.51528537
vt 0.90090460 0.56339264
vt 0.93995416 0.66611308
vt 1.11674166 0.60684836
vt 1.68760216 -0.93590951
vt 1.69267142 -1.04096437
vt 1.53598011 -1.00923586
vt 1.54993272 -0.86684680
vt 1.28744292 -0.81560731
vt 1.27826869 -0.90199304
vt 1.19120324 -0.88987660
vt 1.19214737 -0.77763832
vt 1.64626908 0.02768695
vt 1.55757225 0.00978816
vt 1.37773919 -0.79108644
vt 1.36369586 -0.92847478
vt 1.27826869 -0.90199304
vt 1.28744292 -0.81560731
vt 0.94530439 -0.64877820
vt 0.85327411 -0.64223063
vt 0.86738759 -0.52334189
vt 1.02696478 -0.64557242
vt 0.86212933 -0.07834411
vt 0.73874736 -0.07020140
vt 0.72282660 0.07115757
vt 0.84613907 0.03085017
vt 0.96377897 -0.05749464
vt 0.86212933 -0.07834411
vt 0.84613907 0.03085017
vt 0.85845464 0.10486454
vt 0.84613907 0.03085017
vt 0.76897901 0.13965404
vt 0.85845464 0.10486454
vt 1.57426906 -0.72841263
vt 1.64510262 -0.66304374
vt 1.10750937 -0.73075843
vt 1.02696478 -0.64557242
vt 1.04702461 -0.51588285
vt 1.46030772 -0.53115559
vt 1.39648926 -0.60514021
vt 1.26297379 -0.62325788
vt 1.14443839 -0.54868054
vt 2.05409575 0.09050059
vt 2.15957952 0.02866900
vt 2.14711881 -0.04154527
vt 0.83229482 -0.81895590
vt 0.75435376 -0.69342220
vt 0.90262985 -0.71837068
vt 1.21923053 -0.96611357
vt 1.09382594 -0.95952034
vt 1.08245099 -0.80853510
vt 1.08707047 -0.36576271
vt 0.97781861 -0.37756610
vt 0.93270850 -0.22830880
vt 1.04702461 -0.51588285
vt 0.86738759 -0.52334189
vt 0.87970477 -0.41686058
vt 0.97781861 -0.37756610
vt 1.10750937 -0.73075843
vt 0.90262985 -0.71837068
vt 0.94530439 -0.64877820
vt 1.02696478 -0.64557242
vt 0.85327411 -0.64223063
vt 0.75435376 -0.69342220
vt 0.77158135 -0.54905367
vt 0.86738759 -0.52334189
vt 1.47281051 -0.71237648
vt 1.45811152 -0.78251958
vt 1.37773919 -0.79108644
vt 1.39648926 -0.60514021
vt 1.37773919 -0.79108644
vt 1.28744292 -0.81560731
vt 0.13462391 -0.58378685
vt 0.18326509 -0.46082985
vt 0.40698007 -0.49170947
vt 0.18326509 -0.46082985
vt 0.23983040 -0.36811912
vt 0.42217720 -0.41549635
vt 0.58183396 -0.59927559
vt 0.59460205 -0.48717761
vt 1.14443839 -0.54868054
vt 1.04702461 -0.51588285
vt 1.08707047 -0.36576271
vt 1.15495121 -0.44519734
vt 0.31208286 -0.56504941
vt 0.22063845 -0.56704998
vt 0.18326509 -0.46082985
vt 0.40698007 -0.49170947
vt 0.61206549 -0.70206118
vt 0.47952130 -0.70434892
vt 0.45461744 -0.63333726
vt 0.58183396 -0.59927559
vt 1.85135734 -0.71493697
vt 1.84491944 -0.77956533
vt 1.77224779 -0.78490615
vt 1.72663748 -0.68284154
vt 0.45461744 -0.63333726
vt 0.28572524 -0.63664436
vt 0.31208286 -0.56504941
vt 0.48893681 -0.56118011
vt 2.04219794 -0.56812358
vt 2.05416846 -0.63903105
vt 1.97087514 -0.64870405
vt 1.96209335 -0.53926969
vt 0.77158135 -0.54905367
vt 0.68193507 -0.52307630
vt 0.68730277 -0.41043591
vt 1.91731238 -0.73264515
vt 1.93693161 -0.80722785
vt 1.84491944 -0.77956533
vt 1.85135734 -0.71493697
vt 2.13499093 0.11925924
vt 2.17315173 0.15960097
vt 2.21631074 0.11458820
vt 2.15957952 0.02866900
vt 1.96590924 -0.88859820
vt 1.96377921 -0.95652819
vt 1.93693161 -0.80722785
vt 2.12862873 0.20114100
vt 2.11765718 0.30829436
vt 2.22953749 0.21414262
vt 1.74860954 0.39531517
vt 1.64030647 0.39043576
vt 1.64515162 0.60547507
vt 1.75274086 0.47179037
vt 2.31027842 0.52610695
vt 2.31375742 0.42816734
vt 2.11765718 0.30829436
vt 0.81507909 -0.19436800
vt 0.73874736 -0.07020140
vt 0.86212933 -0.07834411
vt 0.77829468 1.15688634
vt 0.84376764 1.03769100
vt 0.75048518 1.05540514
vt 1.11674166 0.60684836
vt 1.11910534 0.71488225
vt 1.34108901 0.66754687
vt 1.16714334 0.75244844
vt 1.11910534 0.71488225
vt 1.09876740 0.87498796
vt 1.21022475 0.86664259
vt 1.21022475 0.86664259
vt 1.09876740 0.87498796
vt 1.13294911 1.01806915
vt 1.28474295 0.96403366
vt 0.88771510 0.79700100
vt 0.72938579 0.84613836
vt 0.80583549 0.89233649
vt 0.90416014 0.87132627
vt 1.18125534 -0.22694242
vt 1.05348206 -0.21557593
vt 1.10542619 -0.14629972
vt 1.34607565 -0.18243754
vt 2.07219315 -0.28107834
vt 1.97719669 -0.34382319
vt 1.99955368 -0.28192508
vt 0.90416014 0.87132627
vt 0.80583549 0.89233649
vt 0.82720792 0.96213120
vt 1.01145923 0.95201176
vt 0.67577243 0.71131378
vt 0.58158582 0.76215744
vt 0.60839611 0.84628600
vt 0.72938579 0.84613836
vt 0.72938579 0.84613836
vt 0.60839611 0.84628600
vt 0.67123199 1.12363029
vt 0.80583549 0.89233649
vt 2.15279222 -0.23202944
vt 2.07219315 -0.28107834
vt 1.99582899 -0.21217358
vt 1.99183643 -0.14091396
vt 2.17492270 -0.11069155
vt 2.17222118 -0.18181658
vt 2.14711881 -0.04154527
vt -0.49929398 2.15531826
vt -0.54885465 1.96507180
vt -0.60043859 1.75049400
vt -0.54885465 1.96507180
vt -0.41604328 1.88214231
vt -0.51632094 1.72279692
vt 0.84297365 1.87484872
vt 0.83249313 1.70408607
vt 0.68909013 1.81404674
vt 0.35314864 2.66484213
vt 0.43743932 2.57456899
vt 0.39982519 2.47164249
vt 0.26289567 1.43850982
vt 0.28936794 1.52674818
vt 0.37802339 1.49111009
vt -0.16384317 2.40847611
vt -0.10423188 2.54500508
vt -0.00053294 2.51711869
vt -0.08542414 2.31762028
vt 0.71221530 2.25196838
vt 0.76552439 2.33345747
vt 0.84990853 2.27955294
vt -0.49929398 2.15531826
vt -0.46351606 2.33002138
vt -0.36692429 2.28136730
vt -0.40350348 2.15960860
vt 0.20785376 2.23106980
vt 0.24633406 2.33709955
vt 0.34488982 2.32131815
vt 0.27348268 2.12062097
vt -0.32021129 2.51118565
vt -0.28442428 2.67282057
vt -0.10423188 2.54500508
vt -0.16384317 2.40847611
vt -0.46351606 2.33002138
vt -0.32021129 2.51118565
vt -0.25421789 2.33975124
vt 0.05188125 1.73759413
vt 0.14621684 1.86070490
vt 0.13589382 1.69011235
vt -0.34001496 1.75109696
vt -0.26497018 1.99166322
vt -0.24446790 1.68384099
vt 0.60137391 2.37230825
vt 0.71908331 2.49029183
vt 0.76552439 2.33345747
vt -0.18693209 1.61716282
vt -0.24446790 1.68384099
vt -0.36469793 1.59919524
vt -0.34001496 1.75109696
vt -0.24446790 1.68384099
vt -0.18693209 1.61716282
vt -0.30563962 1.45413625
vt -0.18693209 1.61716282
vt -0.08689755 1.58522308
vt -0.21909305 1.42104220
vt -0.08542414 2.31762028
vt 0.08972809 2.47949696
vt 0.17961568 2.44043064
vt 0.12872474 2.29927754
vt 0.11205702 1.59802437
vt 0.13589382 1.69011235
vt 0.22401674 1.65162098
vt 0.20071247 1.56238627
vt -0.84081310 2.46120691
vt -0.70646888 2.60926485
vt -0.62187618 2.54710507
vt -0.73179674 2.30304480
vt -0.08689755 1.58522308
vt -0.04953065 1.71833920
vt 0.05188125 1.73759413
vt 0.20071247 1.56238627
vt 0.22401674 1.65162098
vt 0.31902388 1.63441360
vt 0.28936794 1.52674818
vt 0.12872474 2.29927754
vt 0.17961568 2.44043064
vt 0.24633406 2.33709955
vt 0.20785376 2.23106980
vt 0.18735844 1.48974514
vt 0.20071247 1.56238627
vt 0.26289567 1.43850982
vt -0.10423188 2.54500508
vt 0.08913367 2.78571987
vt 0.05262436 2.66637135
vt -0.00053294 2.51711869
vt 0.81332141 2.18087006
vt 0.93284971 2.17802238
vt 0.94525319 2.04314613
vt 0.74061108 2.11442399
vt -0.97549748 1.89259219
vt -0.92062002 2.02198029
vt -0.81520140 1.96688056
vt -0.76843232 1.90170920
vt 1.01558816 2.36699533
vt 1.14940655 2.36850142
vt 1.06160319 2.19210935
vt -0.96280015 1.70194626
vt -0.97549748 1.89259219
vt -0.76843232 1.90170920
vt -0.79996562 1.66173339
vt -0.77315050 2.09663725
vt -0.73179674 2.30304480
vt -0.64105135 2.16867971
vt -0.70827675 2.05970263
vt 0.63774002 2.55269313
vt 0.69301468 2.66682816
vt 0.82484818 2.71429539
vt 0.71908331 2.49029183
vt 0.55639672 2.61509442
vt 0.62174416 2.74683928
vt 0.69301468 2.66682816
vt 0.63774002 2.55269313
vt 0.47505346 2.67749548
vt 0.51269007 2.81416321
vt 0.62174416 2.74683928
vt 0.55639672 2.61509442
vt 0.54118246 2.00750971
vt 0.57972044 2.11209273
vt 0.66081786 2.05015850
vt 0.68245888 1.94719851
vt 0.39982519 2.47164249
vt 0.43743932 2.57456899
vt 0.54814374 2.49321175
vt 0.60137391 2.37230825
vt 0.34488982 2.32131815
vt 0.60137391 2.37230825
vt 0.51803315 2.26400018
vt 0.54814374 2.49321175
vt 0.63774002 2.55269313
vt 0.71908331 2.49029183
vt 0.60137391 2.37230825
vt 0.51803315 2.26400018
vt 0.60137391 2.37230825
vt 0.71221530 2.25196838
vt 0.57972044 2.11209273
vt -0.14013979 2.69696045
vt -0.09197795 2.81642079
vt -0.10423188 2.54500508
vt 0.34679019 3.03729057
vt 0.43015784 3.15875602
vt 0.59691668 2.96207476
vt 0.51269007 2.81416321
vt -0.62187618 2.54710507
vt -0.52641881 2.73280644
vt -0.49058604 2.50292015
vt 0.59691668 2.96207476
vt 0.69360453 3.10826921
vt 0.78796494 2.97690582
vt 0.68709153 2.87858415
vt 0.08972809 2.47949696
vt 0.18061340 2.73316383
vt 0.24676420 2.62667632
vt 0.17961568 2.44043064
vt 0.59691668 2.96207476
vt 0.68709153 2.87858415
vt 0.62174416 2.74683928
vt -0.04953065 1.71833920
vt -0.02230280 2.02391052
vt 0.11450255 1.93589270
vt 0.05262436 2.66637135
vt 0.08913367 2.78571987
vt 0.18061340 2.73316383
vt 0.08972809 2.47949696
vt 0.69301468 2.66682816
vt 0.78796494 2.97690582
vt 0.89935851 2.87210417
vt 0.82484818 2.71429539
vt 0.89935851 2.87210417
vt 0.91919070 3.03992891
vt 1.03028226 2.92802525
vt 0.99604595 2.78113842
vt 0.82484818 2.71429539
vt 0.89935851 2.87210417
vt 0.99604595 2.78113842
vt 0.91535437 2.67795801
vt 0.28936794 1.52674818
vt 0.31902388 1.63441360
vt 0.42167395 1.56528592
vt 0.37802339 1.49111009
vt -0.26497018 1.99166322
vt -0.24128044 2.16089964
vt -0.13097799 2.10593390
vt -0.19880092 1.88546705
vt -0.46685565 2.84815025
vt -0.36040735 2.92081404
vt -0.28442428 2.67282057
vt 0.69995499 1.58605576
vt 0.85320139 1.43023288
vt 0.76097047 1.45270705
vt -0.09540363 2.21453762
vt 0.01668010 2.26140785
vt 0.00832129 2.13696575
vt -0.55948794 2.27036476
vt -0.49058604 2.50292015
vt -0.46351606 2.33002138
vt 0.13387570 3.41048765
vt 0.22290760 3.25986218
vt 0.08464113 3.05392003
vt -0.13097799 2.10593390
vt -0.09540363 2.21453762
vt 0.66173398 1.44949400
vt 0.79175580 1.36479020
vt 0.55978191 1.34124398
vt 0.41457769 1.40866923
vt 0.42167395 1.56528592
vt 0.59321916 1.54826880
vt 0.55978191 1.34124398
vt 0.21035796 1.98586965
vt 0.27348268 2.12062097
vt 0.35523677 2.05981517
vt 0.30431479 1.83475757
vt 0.30431479 1.83475757
vt 0.56077319 1.79336190
vt 0.56077319 1.79336190
vt 0.58841902 1.87755597
vt 0.59295094 1.67716503
vt 0.27348268 2.12062097
vt 0.34488982 2.32131815
vt 0.40865213 2.21188116
vt 0.35523677 2.05981517
vt 0.35523677 2.05981517
vt 0.40865213 2.21188116
vt 0.49270734 2.15797353
vt 0.43858504 2.00406289
vt 0.43858504 2.00406289
vt 0.49270734 2.15797353
vt 0.57972044 2.11209273
vt 0.54118246 2.00750971
vt 0.09670839 2.19704270
vt 0.12872474 2.29927754
vt 0.20785376 2.23106980
vt 0.17673670 2.13267756
vt 1.07045543 2.59455657
vt 1.18586147 2.57041907
vt 1.16763401 2.46946025
vt 1.05707240 2.47846961
vt 1.05707240 2.47846961
vt 1.16763401 2.46946025
vt 1.14940655 2.36850142
vt 1.01558816 2.36699533
vt 0.00832129 2.13696575
vt 0.09670839 2.19704270
vt 0.17673670 2.13267756
vt 0.21035796 1.98586965
vt 1.33381557 2.68679857
vt 1.28308201 2.53737402
vt 1.18586147 2.57041907
vt 1.14020753 2.69667816
vt 0.43743932 2.57456899
vt 0.47505346 2.67749548
vt 0.55639672 2.61509442
vt -0.81520140 1.96688056
vt -0.77315050 2.09663725
vt -0.70827675 2.05970263
vt -0.28442428 2.67282057
vt -0.21939377 2.77750492
vt -0.14013979 2.69696045
vt -0.10423188 2.54500508
vt -0.65642166 1.57770848
vt -0.60043859 1.75049400
vt -0.51632094 1.72279692
vt -0.55632627 1.55747569
vt -0.21939377 2.77750492
vt -0.16203406 2.91914868
vt -0.09197795 2.81642079
vt -0.14013979 2.69696045
vt -0.39847636 3.14340401
vt -0.34154224 3.26478052
vt -0.23400670 3.24923348
vt -0.29922226 3.03520513
vt 0.80427384 2.43626189
vt 0.91535437 2.67795801
vt 1.07045543 2.59455657
vt 1.05707240 2.47846961
vt -0.36861259 3.51477623
vt -0.28719300 3.42340279
vt -0.34154224 3.26478052
vt -0.49810135 2.97311258
vt -0.39847636 3.14340401
vt -0.29922226 3.03520513
vt -0.36040735 2.92081404
vt -0.02230280 2.02391052
vt 0.00832129 2.13696575
vt 0.21035796 1.98586965
vt 0.11450255 1.93589270
vt -1.45853543 2.10489798
vt -1.54619920 1.97083092
vt -1.63981652 1.94706380
vt -1.64823353 2.17564702
vt -1.68213594 2.01913619
vt -1.75010443 2.04328871
vt -1.71136582 2.19817305
vt -1.00408995 2.56998491
vt -0.98857772 2.73438907
vt -0.83350223 2.62819290
vt -0.93076801 2.52113652
vt -0.93076801 2.52113652
vt -0.84081310 2.46120691
vt -0.88049126 2.31760502
vt -1.00408995 2.56998491
vt -0.93076801 2.52113652
vt -1.01232505 2.33828044
vt -1.25658965 3.40882969
vt -1.29095411 3.24746323
vt -1.53860593 3.33946466
vt -1.41924250 3.46967483
vt -1.77595055 3.67182088
vt -1.92941296 3.50136709
vt -1.85001266 3.74808049
vt -1.65314627 3.66750813
vt -1.82817304 3.47817183
vt -1.77595055 3.67182088
vt -1.58921564 3.55616140
vt -1.64836466 3.34882021
vt -1.74559784 3.38646603
vt -1.65314627 3.66750813
vt -1.46535301 3.59140611
vt -1.53860593 3.33946466
vt -1.64836466 3.34882021
vt -1.58921564 3.55616140
vt -0.87867349 2.83902597
vt -0.76496655 3.09126210
vt -0.70809650 2.91933727
vt -0.77394879 2.75857878
vt -1.53108227 2.42146587
vt -1.64823353 2.17564702
vt -1.71136582 2.19817305
vt -1.71163297 2.36703181
vt -1.49253607 3.77198100
vt -1.35396433 3.94054031
vt -1.32888520 3.60372734
vt -1.46535301 3.59140611
vt -1.21381450 3.65995884
vt -1.25658965 3.40882969
vt -1.32888520 3.60372734
vt -0.84062815 3.13361812
vt -0.81716180 3.32765722
vt -0.67316496 3.33361959
vt -0.76496655 3.09126210
vt -1.06640744 3.69767404
vt -1.12504768 3.34652710
vt -1.25658965 3.40882969
vt -1.77148223 3.95905495
vt -1.68908012 3.92810917
vt -1.85001266 3.74808049
vt -1.96199918 3.78708196
vt -0.76496655 3.09126210
vt -0.67316496 3.33361959
vt -0.69045150 3.04486942
vt -1.33782101 2.51768589
vt -1.40024281 2.24960160
vt -1.53026044 2.30205011
vt -1.43339849 2.43581128
vt -0.95113993 3.45063066
vt -1.03927553 3.26938510
vt -1.12504768 3.34652710
vt -0.67443287 3.48349047
vt -0.63134396 3.67211580
vt -0.67316496 3.33361959
vt -0.81055814 3.59578562
vt -0.85430539 3.40247536
vt -0.95113993 3.45063066
vt -0.87499660 3.61973524
vt -0.85430539 3.40247536
vt -0.81716180 3.32765722
vt -0.96533531 3.25072002
vt -0.95113993 3.45063066
vt -0.74841726 3.72662687
vt -0.81716180 3.32765722
vt -0.85430539 3.40247536
vt -0.81055814 3.59578562
vt -0.81716180 3.32765722
vt -1.01952815 2.98037577
vt -1.00962245 3.09830976
vt -0.96533531 3.25072002
vt -0.59640861 3.16703200
vt -0.53105944 3.30679846
vt -0.39847636 3.14340401
vt -0.49810135 2.97311258
vt -1.85001266 3.74808049
vt -1.92941296 3.50136709
vt -2.04911590 3.50813651
vt -1.96199918 3.78708196
vt -1.71136582 2.19817305
vt -1.75010443 2.04328871
vt -1.86326981 2.08350229
vt -1.77895474 2.22228909
vt -0.67316496 3.33361959
vt -0.55889356 3.57028198
vt -0.43625489 3.39790535
vt -0.53105944 3.30679846
vt -0.81716180 3.32765722
vt -0.74841726 3.72662687
vt -0.67443287 3.48349047
vt -0.67316496 3.33361959
vt -1.68908012 3.92810917
vt -1.85001266 3.74808049
vt -1.71163297 2.36703181
vt -1.77895474 2.22228909
vt -1.84654367 2.24640512
vt -1.80704606 2.40121651
vt -1.77089787 2.91929317
vt -1.61095214 2.85099339
vt -1.86642277 2.54826593
vt -1.74559784 3.38646603
vt -1.64836466 3.34882021
vt -1.90265179 3.21213102
vt -0.98857772 2.73438907
vt -1.07328701 2.60553217
vt -1.23293006 2.68754220
vt -1.01232505 2.33828044
vt -1.18545604 2.32058764
vt -1.00962245 3.09830976
vt -1.01952815 2.98037577
vt -1.03927553 3.26938510
vt -1.23293006 2.68754220
vt -1.33782101 2.51768589
vt -1.44699919 2.60930228
vt -1.36397004 2.86528826
vt -1.29138565 2.20157623
vt -1.32717824 2.04999113
vt -1.45853543 2.10489798
vt -1.40024281 2.24960160
vt -2.10423779 3.45658588
vt -2.03499627 3.61844611
vt -2.12823677 3.34758139
vt -2.18831468 2.93161178
vt -2.05051088 3.04135180
vt -2.24307084 2.69873285
vt -1.92941296 3.50136709
vt -2.05051088 3.04135180
vt -2.13091683 3.13423204
vt -2.08729339 3.33618164
vt -1.92601824 2.73502946
vt -1.96053648 2.56205964
vt -2.06761026 2.49168777
vt -1.93001735 2.26029563
vt -1.84654367 2.24640512
vt -1.86326981 2.08350229
vt -1.89702988 2.40966964
vt -1.80704606 2.40121651
vt -1.84654367 2.24640512
vt -1.93001735 2.26029563
vt -1.86642277 2.54826593
vt -1.80704606 2.40121651
vt -1.89702988 2.40966964
vt -2.01349115 2.27418613
vt -1.93001735 2.26029563
vt -2.09725523 2.02759695
vt -1.89702988 2.40966964
vt -1.93001735 2.26029563
vt -2.01349115 2.27418613
vt -1.96053648 2.56205964
vt -1.86642277 2.54826593
vt -1.89702988 2.40966964
vt -2.06761026 2.49168777
vt -2.01349115 2.27418613
vt -2.09696484 2.28807640
vt -1.34599102 3.09632969
vt -1.29095411 3.24746323
vt -0.84062815 3.13361812
vt -0.87867349 2.83902597
vt -0.99831140 2.89455748
vt -2.06761026 2.49168777
vt -2.09696484 2.28807640
vt -2.16698122 2.43502903
vt -1.18510532 1.99060512
vt -1.01309347 2.21836662
vt -0.92062002 2.02198029
vt -1.09863818 1.84430587
vt -1.46823442 3.13888097
vt -0.77394879 2.75857878
vt -0.70809650 2.91933727
vt -0.52641881 2.73280644
vt -0.70646888 2.60926485
vt -2.16698122 2.43502903
vt -2.18043852 2.30196667
vt -2.26569533 2.28309965
vt -2.25696516 2.44348240
vt -2.25001812 2.57110763
vt -2.16698122 2.43502903
vt -2.25696516 2.44348240
vt -1.44699919 2.60930228
vt -1.53108227 2.42146587
vt -1.58249712 2.48945236
vt -1.53726542 2.64191294
vt -1.58249712 2.48945236
vt -1.66160047 2.68683195
vt -0.45549026 -0.29988623
vt -0.43817398 -0.22684300
vt -0.36942798 -0.35744786
vt -0.43817398 -0.22684300
vt -0.28646094 -0.21730340
vt -0.36942798 -0.35744786
vt -0.45644289 -0.38524675
vt -0.45549026 -0.29988623
vt -0.43817398 -0.22684300
vt -0.39645228 -0.01286423
vt -0.60623074 0.01781750
vt -0.42272127 0.16571540
vt -0.16429757 1.18283474
vt -0.19647507 1.08524632
vt -0.30584592 1.11245906
vt -0.26484245 1.21209598
vt -0.19647507 1.08524632
vt -0.22118288 0.95562661
vt -0.29783344 1.00089633
vt -0.30584592 1.11245906
vt -0.29783344 1.00089633
vt -0.48127642 1.03886628
vt 0.29593813 1.15516412
vt 0.38458201 1.21854103
vt 0.49181199 1.18636942
vt 0.46230018 1.06911039
vt -0.19256654 0.57575142
vt -0.34029576 0.65492660
vt -0.10444038 0.61847365
vt -0.29783344 1.00089633
vt -0.41290903 0.91201651
vt -0.57209146 0.83613241
vt -0.48127642 1.03886628
vt -0.48945245 0.37642181
vt -0.61730015 0.37436986
vt -0.46668836 0.54874492
vt -0.26320013 0.71763694
vt -0.22118288 0.95562661
vt 0.02110999 0.92897338
vt 0.58158582 0.76215744
vt 0.34371316 1.01162565
vt -0.36469793 1.59919524
vt -0.18693209 1.61716282
vt -0.30563962 1.45413625
vt -0.25712788 1.32103395
vt -0.21909305 1.42104220
vt -0.11997694 1.43765485
vt -0.07352281 1.26669621
vt -0.53288478 1.47752547
vt -0.44598165 1.63838220
vt -0.36469793 1.59919524
vt -0.45529494 1.43117821
vt -0.54338288 -0.23288965
vt -0.69497532 -0.26782990
vt -0.68345881 -0.13367319
vt -0.28646094 -0.21730340
vt -0.43817398 -0.22684300
vt -0.47759646 -0.12221456
vt -0.35729030 -0.10106266
vt -0.55632627 1.55747569
vt -0.44598165 1.63838220
vt -0.53288478 1.47752547
vt -0.85566926 0.25156903
vt -0.99553961 0.37035894
vt -0.84305882 0.37197590
vt 0.07797766 -0.20889473
vt 0.14038758 -0.15841889
vt 0.07134622 -0.37171078
vt -0.11134153 -0.38995624
vt -0.16506022 -0.28641057
vt 0.06600062 -0.28804827
vt -0.13818258 0.32789469
vt -0.23289138 0.29021871
vt -0.23276013 0.47901469
vt -0.11660734 0.47701681
vt -0.07352281 1.26669621
vt 0.11539710 1.29930329
vt 0.13767555 1.19739425
vt 0.21789724 1.25563407
vt 0.38458201 1.21854103
vt 0.29593813 1.15516412
vt 0.20490083 0.12475675
vt 0.21539278 0.21066689
vt 0.30985048 0.23253107
vt 0.14038758 -0.15841889
vt -0.00171590 -0.09320021
vt 0.02056054 0.10658509
vt 0.12448930 0.01932722
vt -0.01896746 0.20355088
vt -0.13818258 0.32789469
vt -0.04856494 0.30979097
vt -0.99787897 0.49758530
vt -1.08775043 0.48694330
vt -1.07457757 0.60717130
vt 0.21539278 0.21066689
vt 0.11666895 0.29220235
vt 0.23527050 0.35446072
vt -0.04856494 0.30979097
vt -0.13818258 0.32789469
vt -0.11660734 0.47701681
vt -0.36614236 0.79515755
vt -0.32400766 0.89729983
vt -0.22118288 0.95562661
vt -0.56990385 0.62660533
vt -0.71324742 0.68350881
vt -0.67074645 0.86219960
vt -0.87362289 0.01588315
vt -0.96119183 0.01015449
vt -0.11660734 0.47701681
vt -0.23276013 0.47901469
vt -0.19256654 0.57575142
vt -0.10444038 0.61847365
vt -0.86571574 0.13858688
vt -0.96057308 0.12786078
vt -0.94306117 0.24715328
vt -0.85566926 0.25156903
vt -0.84081340 1.49177945
vt -0.79996562 1.66173339
vt -0.71817362 1.63731837
vt -0.65642166 1.57770848
vt -0.92492294 -0.16458130
vt -1.06114089 -0.15681291
vt -1.12474298 -0.01581585
vt -0.96119183 0.01015449
vt -0.68345881 -0.13367319
vt -0.79880011 -0.14653623
vt -0.86571574 0.13858688
vt -0.72280455 0.07829249
vt -0.72280455 0.07829249
vt -0.86571574 0.13858688
vt -0.85566926 0.25156903
vt -0.07352281 1.26669621
vt -0.16429757 1.18283474
vt -0.26484245 1.21209598
vt -0.25712788 1.32103395
vt -0.57209146 0.83613241
vt -0.67074645 0.86219960
vt -0.56561977 1.05912042
vt -0.46074244 1.15099919
vt -0.48127642 1.03886628
vt -0.56561977 1.05912042
vt -0.58886552 1.18745160
vt -0.40717605 1.25351894
vt -0.46074244 1.15099919
vt -0.75632739 0.97669154
vt -0.75316089 0.87880617
vt -0.87187099 0.80288762
vt -0.83908540 1.00503933
vt -1.22443485 -0.03894961
vt -1.35633790 0.05271095
vt -1.30423784 0.14000267
vt -1.20966899 0.12100297
vt -0.66412026 1.43850148
vt -0.65642166 1.57770848
vt -0.55632627 1.55747569
vt -0.53288478 1.47752547
vt -1.12474298 -0.01581585
vt -1.22443485 -0.03894961
vt -1.20966899 0.12100297
vt -1.15236306 0.16970313
vt -1.16573143 0.60991955
vt -1.32401454 0.72029084
vt -1.25563741 0.80568498
vt -1.06384242 0.82776284
vt -1.35366857 0.55021292
vt -1.44580495 0.62726355
vt -1.32401454 0.72029084
vt -1.08775043 0.48694330
vt -1.16573143 0.60991955
vt -1.07457757 0.60717130
vt -1.20966899 0.12100297
vt -1.30423784 0.14000267
vt -1.33642566 0.32460129
vt -0.64996314 1.07937467
vt -0.75316089 0.87880617
vt -0.75632739 0.97669154
vt -0.56561977 1.05912042
vt -0.67074645 0.86219960
vt -0.75316089 0.87880617
vt -0.64996314 1.07937467
vt -0.45529494 1.43117821
vt -0.52356046 1.29058921
vt -0.66412026 1.43850148
vt -0.53288478 1.47752547
vt -1.33642566 0.32460129
vt -1.44794488 0.35385889
vt -1.48676801 0.45388055
vt -0.81681091 0.49220765
vt -0.99787897 0.49758530
vt -0.79824549 0.61210376
vt -0.94331813 0.99374980
vt -0.96622241 1.27543569
vt -0.81580108 1.31490433
vt -0.92859042 1.47174501
vt -0.84081340 1.49177945
vt -1.32401454 0.72029084
vt -1.44830239 0.95173353
vt -1.25563741 0.80568498
vt -1.25563741 0.80568498
vt -1.35582161 1.10361516
vt -1.26525593 1.11091959
vt -0.68842727 0.48839468
vt -0.81681091 0.49220765
vt -0.71324742 0.68350881
vt -1.44794488 0.35385889
vt -1.46440041 0.12188226
vt -1.56306410 0.28899336
vt -1.17843866 0.95741117
vt -1.25563741 0.80568498
vt -1.26525593 1.11091959
vt -1.14127278 1.27379918
vt -0.67074645 0.86219960
vt -0.71324742 0.68350881
vt -0.79381263 0.73331726
vt -1.35633790 0.05271095
vt -1.46440041 0.12188226
vt -1.30423784 0.14000267
vt -0.96280015 1.70194626
vt -1.10137725 1.45299172
vt -1.09736013 1.64456749
vt -0.99553961 0.37035894
vt -1.05163586 0.26176620
vt -1.08775043 0.48694330
vt -0.99787897 0.49758530
vt -1.15236306 0.16970313
vt -1.33642566 0.32460129
vt -1.27201629 0.39672738
vt -1.05163586 0.26176620
vt -1.26584435 1.29335690
vt -1.35582161 1.10361516
vt -1.44659412 1.12324595
vt -1.44148743 1.37398338
vt -1.37749910 1.74364269
vt -1.47831881 1.59069145
vt -1.55409026 1.60205364
vt -2.16647577 1.82414842
vt -2.14518380 1.58741152
vt -2.27918053 1.71879601
vt -2.22326231 1.85770440
vt -1.71830845 0.75664276
vt -1.80720389 0.89310759
vt -1.81010056 1.00485682
vt -1.70600247 0.66542482
vt -1.79524136 0.58720523
vt -1.81404972 0.76891571
vt -1.52025342 0.77086550
vt -1.70600247 0.66542482
vt -1.71830845 0.75664276
vt -1.59369802 0.86305511
vt -2.14518380 1.58741152
vt -2.19408131 1.39613521
vt -2.25508118 1.50142980
vt -2.27918053 1.71879601
vt -2.19408131 1.39613521
vt -2.25485373 1.26315498
vt -2.28373218 1.37077665
vt -2.25508118 1.50142980
vt -2.25485373 1.26315498
vt -2.28434229 1.07617450
vt -2.28902197 1.20238614
vt -2.28373218 1.37077665
vt -2.28063369 0.97615600
vt -2.28434229 1.07617450
vt -2.25485373 1.26315498
vt -2.16175866 1.34034133
vt -2.23871684 1.20301759
vt -2.19408131 1.39613521
vt -1.88865924 0.43997705
vt -1.95764494 0.22750807
vt -2.05886555 0.21357489
vt -1.84237421 0.35615295
vt -1.76297796 0.42091340
vt -1.81541085 0.18052465
vt -1.95764494 0.22750807
vt -1.52454627 0.64619672
vt -1.60213411 0.57539153
vt -1.70600247 0.66542482
vt -1.52025342 0.77086550
vt -1.76297796 0.42091340
vt -1.84237421 0.35615295
vt -1.88865924 0.43997705
vt -1.79524136 0.58720523
vt -1.69884109 0.96827775
vt -1.59369802 0.86305511
vt -1.69495201 0.86022878
vt -1.81010056 1.00485682
vt -1.22192025 1.68097639
vt -1.09863818 1.84430587
vt -1.09736013 1.64456749
vt -2.20644331 1.08274257
vt -2.27675748 0.86922544
vt -2.28063369 0.97615600
vt -2.22257996 1.14288008
vt -2.09725523 2.02759695
vt -2.16647577 1.82414842
vt -2.22326231 1.85770440
vt -2.27019763 2.05793190
vt -2.01240349 1.73310494
vt -2.16647577 1.82414842
vt -2.09725523 2.02759695
vt -1.68513513 1.28879905
vt -1.69884109 0.96827775
vt -1.76227891 1.03067029
vt -1.72658300 1.18770373
vt -1.09736013 1.64456749
vt -1.22192025 1.68097639
vt -1.51758981 1.41948986
vt -1.55686104 1.24828839
vt -1.68513513 1.28879905
vt -1.55409026 1.60205364
vt -1.59613216 1.07708681
vt -1.59369802 0.86305511
vt -1.69884109 0.96827775
vt -1.68513513 1.28879905
vt -1.40773058 1.55663526
vt -1.44148743 1.37398338
vt -1.51758981 1.41948986
vt -1.48984790 1.20006394
vt -1.55686104 1.24828839
vt -1.51758981 1.41948986
vt -2.01349115 2.27418613
vt -2.09725523 2.02759695
vt -2.16675091 2.16208744
vt -2.09696484 2.28807640
vt -1.48984790 1.20006394
vt -1.59613216 1.07708681
vt -1.55686104 1.24828839
vt -1.68213594 2.01913619
vt -1.63981652 1.94706380
vt -1.81805634 1.89874363
vt -1.75010443 2.04328871
vt -1.44830239 0.95173353
vt -1.52025342 0.77086550
vt -1.59369802 0.86305511
vt -1.44659412 1.12324595
vt -1.79524136 0.58720523
vt -1.88865924 0.43997705
vt -1.98116720 0.48284209
vt -1.94072914 0.66126180
vt -1.27077246 1.73447037
vt -1.33894873 1.52345061
vt -1.40773058 1.55663526
vt -1.37749910 1.74364269
vt -1.65097511 0.10262048
vt -1.81199872 -0.13905001
vt -1.96395266 0.03421742
vt -2.02474189 -0.12675035
vt -2.10385036 -0.20235217
vt -2.08167171 -0.02131033
vt -1.95764494 0.22750807
vt -1.81541085 0.18052465
vt -1.96395266 0.03421742
vt -2.02474189 -0.12675035
vt 1.89247119 -1.22406030
vt 1.88758969 -1.29439116
vt 1.81763923 -1.33067751
vt 1.82928681 -1.16736746
vt 1.90512526 -1.43599916
vt 1.88912034 -1.62846756
vt 1.73426688 -1.56421089
vt 1.80651355 -1.43321705
vt 2.20432234 -1.57262206
vt 2.13490200 -1.55528498
vt 2.15373683 -1.43304372
vt 2.23799562 -1.54220819
vt 2.23177290 -1.35988283
vt 2.24354601 -1.44334674
vt 2.15373683 -1.43304372
vt 2.14487147 -1.27969122
vt 1.88912034 -1.62846756
vt 1.89354253 -1.81036448
vt 1.75016975 -1.66381979
vt 1.73426688 -1.56421089
vt 1.96045160 -1.30494189
vt 1.90512526 -1.43599916
vt 1.81763923 -1.33067751
vt 2.30278993 -1.41578937
vt 2.24354601 -1.44334674
vt 2.23177290 -1.35988283
vt 2.31539011 -1.31043768
vt 2.33314514 -1.42756462
vt 2.29526567 -1.47320461
vt 2.30278993 -1.41578937
vt 2.35423970 -1.39466858
vt 1.97550344 -1.64986253
vt 2.00046992 -1.56490278
vt 2.13490200 -1.55528498
vt 1.13507128 -1.16829658
vt 0.94835198 -1.18157339
vt 0.98933506 -1.04663873
vt 1.09382594 -0.95952034
vt -0.06877580 -1.41779423
vt 0.00467960 -1.31848717
vt -0.03328476 -1.59043217
vt -0.08609321 -1.47924495
vt -0.00781416 -1.16067457
vt 0.09225134 -1.22420073
vt 0.17886576 -1.40774584
vt 0.00467960 -1.31848717
vt 0.00467960 -1.31848717
vt 0.17886576 -1.40774584
vt 0.07340050 -1.50511456
vt -0.03328476 -1.59043217
vt 0.11176694 -0.88067412
vt 0.15037519 -1.07639170
vt 0.00376348 -1.07025170
vt -0.00781416 -1.16067457
vt -0.14275648 -1.09213543
vt 0.87328029 -1.21722603
vt 0.78391349 -1.21122289
vt 0.79084867 -1.12434506
vt 0.94835198 -1.18157339
vt 0.98933506 -1.04663873
vt 0.89793444 -1.03042507
vt 0.91048950 -0.93529868
vt 0.93995142 -0.88347912
vt 0.81654811 -0.94040823
vt 0.72080141 -0.95812607
vt 0.83229482 -0.81895590
vt 0.91048950 -0.93529868
vt 0.81654811 -0.94040823
vt 0.83229482 -0.81895590
vt 0.93995142 -0.88347912
vt 0.90600419 -1.56768179
vt 0.67749882 -1.55952144
vt 0.73786628 -1.49040294
vt 0.92568862 -1.49849343
vt 0.61307549 -1.85254502
vt 0.38726249 -1.89863944
vt 0.46345356 -1.77439404
vt 0.61849040 -1.76679778
vt 0.70709968 -1.84677362
vt 0.61307549 -1.85254502
vt 0.61849040 -1.76679778
vt 0.67435956 -1.73696613
vt 0.61849040 -1.76679778
vt 0.45174301 -1.67193460
vt 0.67435956 -1.73696613
vt 0.67435956 -1.73696613
vt 0.45174301 -1.67193460
vt 0.72788978 -1.68814969
vt 0.98912978 -1.29423380
vt 0.85080445 -1.29981804
vt 0.87328029 -1.21722603
vt 0.94835198 -1.18157339
vt 0.07836954 -1.13070321
vt 0.20237811 -1.19494224
vt 0.09225134 -1.22420073
vt 0.11944929 -0.79127026
vt 0.20161100 -0.78002906
vt 0.23423940 -0.85053325
vt 0.11176694 -0.88067412
vt -0.00590320 -0.80842066
vt 0.11944929 -0.79127026
vt 0.11176694 -0.88067412
vt 0.03332052 -0.87248099
vt 0.31809679 -2.04009485
vt 0.27845022 -1.96847153
vt 0.45554557 -2.06375313
vt 0.14501749 -2.20788598
vt 0.17833017 -1.96883154
vt 0.27845022 -1.96847153
vt 0.13462391 -0.58378685
vt 0.22063845 -0.56704998
vt 0.28572524 -0.63664436
vt 0.06548661 -0.65963221
vt -0.04399820 -0.74456298
vt 0.14376044 -0.71808767
vt 0.11944929 -0.79127026
vt -0.00590320 -0.80842066
vt 0.30012050 -1.79020667
vt 0.09902903 -1.82084394
vt 0.11807264 -1.73266983
vt 0.23175402 -1.63980508
vt 0.08602610 -1.90804052
vt 0.00711789 -1.77606869
vt 0.09902903 -1.82084394
vt 0.27845022 -1.96847153
vt 0.17833017 -1.96883154
vt 0.08602610 -1.90804052
vt 0.22054516 -1.35514855
vt 0.17886576 -1.40774584
vt 0.09225134 -1.22420073
vt 0.25202107 -1.26762819
vt -0.17911735 -1.40412784
vt -0.06877580 -1.41779423
vt -0.24716425 -1.47401452
vt 0.44954267 -1.48270535
vt 0.18158254 -1.48405886
vt 0.22054516 -1.35514855
vt 0.44872355 -0.95638382
vt 0.53387702 -0.98697090
vt -0.15212652 -1.21993232
vt -0.15338555 -1.31012917
vt -0.27315080 -1.22915077
vt -0.15338555 -1.31012917
vt -0.17911735 -1.40412784
vt -0.28598651 -1.34158564
vt 0.66357577 -1.13190055
vt 0.51408213 -1.12741613
vt 0.52397954 -1.05719328
vt 0.62027043 -1.00883651
vt 0.51916224 -1.19777226
vt 0.51408213 -1.12741613
vt 0.66357577 -1.13190055
vt 0.55959439 -0.79452896
vt 0.47179618 -0.77599943
vt 0.47952130 -0.70434892
vt 0.61206549 -0.70206118
vt 0.47179618 -0.77599943
vt 0.37030786 -0.70623398
vt 0.47952130 -0.70434892
vt 0.29167274 -0.77868593
vt 0.20161100 -0.78002906
vt 0.14376044 -0.71808767
vt 0.37030786 -0.70623398
vt -0.18662919 -1.99062324
vt 0.00280505 -2.00845408
vt -0.30787140 -2.06913042
vt -0.18662919 -1.99062324
vt -0.46067357 -2.10059428
vt -0.12721449 -1.90876007
vt -0.03008452 -1.92681932
vt 0.00280505 -2.00845408
vt -0.42374012 -2.36667442
vt -0.21611440 -2.21484661
vt -0.19321834 -2.33808851
vt -0.10097511 -1.81979656
vt 0.00711789 -1.77606869
vt -0.03008452 -1.92681932
vt -0.03328476 -1.59043217
vt 0.10957702 -1.64590287
vt -0.07473572 -1.73083282
vt -0.24567816 -1.70974755
vt -0.07473572 -1.73083282
vt -0.10097511 -1.81979656
vt -0.21125039 -1.85296631
vt -0.13533509 -1.63419724
vt -0.24567816 -1.70974755
vt 1.80651355 -1.43321705
vt 1.73426688 -1.56421089
vt 1.69050765 -1.51560116
vt 1.73044574 -1.33812761
vt 1.69050765 -1.51560116
vt 1.64524269 -1.47067547
vt 1.64986253 -1.39492798
vt 1.75536013 -1.16578698
vt 1.66693950 -1.26755619
vt 1.63046551 -1.11309767
vt 1.66693950 -1.26755619
vt 1.64986253 -1.39492798
vt 1.64524269 -1.47067547
vt 1.50008941 -1.42420864
vt 1.03480315 -2.36854124
vt 1.04556346 -2.23706627
vt 1.10870862 -2.26223445
vt 1.08588636 -2.37528992
vt 1.64524269 -1.47067547
vt 1.69050765 -1.51560116
vt 1.55741942 -1.52329516
vt 1.50008941 -1.42420864
vt 0.66510737 -2.57253790
vt 0.51349235 -2.49662304
vt 0.66678572 -2.52118373
vt 1.53535283 -1.81604290
vt 1.57932878 -1.93174744
vt 1.47331882 -1.91707802
vt 0.72089559 -2.02529979
vt 0.70709968 -1.84677362
vt 0.83667690 -1.90171313
vt 0.80797166 -2.02292299
vt 1.01119483 -1.58020091
vt 0.90600419 -1.56768179
vt 0.92568862 -1.49849343
vt 1.02789044 -1.46738291
vt 1.38261962 -2.04138374
vt 1.48250043 -2.07713079
vt 1.44809031 -2.11848187
vt 1.21258593 -2.03785634
vt 1.47331882 -1.91707802
vt 1.48250043 -2.07713079
vt 1.38261962 -2.04138374
vt 1.37973297 -1.95641088
vt 1.40887165 -1.62043428
vt 1.25816131 -1.53316593
vt 1.21230173 -1.45796800
vt 1.38733339 -1.47404885
vt 0.80167377 -1.83486438
vt 0.70709968 -1.84677362
vt 0.90082169 -1.76725459
vt 1.25816131 -1.53316593
vt 1.19280148 -1.61213827
vt 1.01119483 -1.58020091
vt 1.11104143 -1.51905465
vt 1.30703497 -1.40116358
vt 1.21850681 -1.38951635
vt 1.22764277 -1.32144785
vt 1.21230173 -1.45796800
vt 1.11104143 -1.51905465
vt 1.10783577 -1.37495589
vt 1.22224069 -2.15153527
vt 1.32469833 -2.26655364
vt 1.19234586 -2.19904494
vt 1.37973297 -1.95641088
vt 1.38261962 -2.04138374
vt 1.22764277 -1.32144785
vt 1.21850681 -1.38951635
vt 1.10783577 -1.37495589
vt 1.74029565 -1.84136295
vt 1.63173914 -1.76516819
vt 1.85118580 -1.82663798
vt 1.55741942 -1.52329516
vt 1.54287791 -1.68365693
vt 1.40887165 -1.62043428
vt 1.47262526 -1.50972342
vt 1.63173914 -1.76516819
vt 1.60366714 -1.82448292
vt 1.53535283 -1.81604290
vt 1.54287791 -1.68365693
vt 1.73426688 -1.56421089
vt 1.75016975 -1.66381979
vt 1.63591373 -1.69784284
vt 1.69050765 -1.51560116
vt 0.62301898 -1.97427487
vt 0.61307549 -1.85254502
vt 0.70709968 -1.84677362
vt 0.72089559 -2.02529979
vt 0.95978665 -2.35286951
vt 1.03480315 -2.36854124
vt 1.04561675 -2.45145941
vt 0.74866968 -2.09928513
vt 0.72089559 -2.02529979
vt 0.92729187 -2.06819797
vt 0.03102993 -2.65010095
vt -0.00320403 -2.56357956
vt 0.08541662 -2.51032519
vt 0.19101137 -2.59095788
vt 1.04561675 -2.45145941
vt 1.13695598 -2.40158892
vt 1.15643167 -2.44329453
vt 0.99932969 -2.52991295
vt 0.56707561 -2.11500692
vt 0.47207052 -2.16456413
vt 0.45554557 -2.06375313
vt 0.61583090 -2.04279780
vt 0.66510737 -2.57253790
vt 0.66678572 -2.52118373
vt 0.77336311 -2.50147057
vt 0.76698500 -2.57161140
vt 0.81330955 -2.56335163
vt 0.77336311 -2.50147057
vt 0.83613265 -2.48491073
vt 0.90277344 -2.54740000
vt 0.45078415 -2.39958692
vt 0.63873112 -2.44539022
vt 1.04556346 -2.23706627
vt 1.08494687 -2.12305593
vt 1.19234586 -2.19904494
vt 1.10870862 -2.26223445
vt 0.29034126 -2.52763128
vt 0.19101137 -2.59095788
vt 0.14036484 -2.47730541
vt 0.22909316 -2.41858125
vt 0.41922954 -2.48973227
vt 0.24492335 -2.33386612
vt 0.45078415 -2.39958692
vt 0.24492335 -2.33386612
vt 0.40654981 -2.30113316
vt 0.24492335 -2.33386612
vt 0.09205026 -2.36279035
vt -0.00968144 -2.21068907
vt 0.14501749 -2.20788598
vt 0.22909316 -2.41858125
vt 0.14036484 -2.47730541
vt 0.09205026 -2.36279035
vt 0.24492335 -2.33386612
vt 0.40654981 -2.30113316
vt 0.63505083 -2.31558847
vt 0.57191586 -2.23568344
vt 0.92729187 -2.06819797
vt 0.99345893 -1.98861647
vt 1.21258593 -2.03785634
vt 1.15524566 -2.07668495
vt 0.01445009 -2.42413950
vt 0.09205026 -2.36279035
vt 0.14036484 -2.47730541
vt -0.02751764 -2.31589055
vt -0.00968144 -2.21068907
vt 0.09205026 -2.36279035
vt 0.83613265 -2.48491073
vt 0.80962795 -2.32895613
vt 0.90823954 -2.28909373
vt 1.32469833 -2.26655364
vt 1.28431106 -2.31008077
vt 1.21678054 -2.30206227
vt 1.21678054 -2.30206227
vt 1.28431106 -2.31008077
vt 1.23463273 -2.36168909
vt 1.13695598 -2.40158892
vt 0.80962795 -2.32895613
vt 0.67816472 -2.24376011
vt 0.94300044 -2.21425676
vt 0.90823954 -2.28909373
vt 1.10870862 -2.26223445
vt 1.21678054 -2.30206227
vt 1.13695598 -2.40158892
vt -0.38578767 -2.85072708
vt -0.26818091 -2.69460416
vt -0.18164617 -2.76791883
vt -0.10811895 -2.61654377
vt -0.26818091 -2.69460416
vt -2.06109905 -0.28811038
vt -1.85595822 -0.29140353
vt -1.78538966 -0.44160163
vt -2.02252269 -0.44625592
vt -2.25548315 -1.59116650
vt -2.23505759 -1.47175980
vt -2.21842670 -1.54425669
vt -2.26227808 -1.67142653
vt -2.14632058 -0.44868588
vt -2.02252269 -0.44625592
vt -2.02559209 -0.57752848
vt -2.14772749 -0.55777538
vt -2.23505759 -1.47175980
vt -2.21463203 -1.35235333
vt -2.12947488 -1.33946562
vt -2.21842670 -1.54425669
vt -2.17378139 -1.11354017
vt -2.15335584 -0.99413347
vt -2.03969002 -0.93980110
vt -2.19531393 -1.23367095
vt -2.02559209 -0.57752848
vt -2.01976442 -0.80295813
vt -2.15064120 -0.78366387
vt -2.14913464 -0.66686487
vt -2.06109905 -0.28811038
vt -2.14632058 -0.44868588
vt -2.15481114 -0.37529731
vt -2.10385036 -0.20235217
vt -0.58278620 -0.96346354
vt -0.65647119 -1.00104547
vt -0.68436742 -0.87013936
vt -0.61409748 -0.79882836
vt -2.21842670 -1.54425669
vt -2.12947488 -1.33946562
vt -2.07943368 -1.57083988
vt -2.20179558 -1.61675358
vt -2.07943368 -1.57083988
vt -1.89795065 -1.49881148
vt -2.02098751 -1.66529179
vt -2.05118084 -1.36130047
vt -1.91305542 -1.26116180
vt -1.77175307 -1.34116650
vt -1.89795065 -1.49881148
vt -2.19531393 -1.23367095
vt -2.03969002 -0.93980110
vt -1.87730694 -1.03358912
vt -2.12947488 -1.33946562
vt -1.87730694 -1.03358912
vt -1.79283750 -1.12955189
vt -1.91305542 -1.26116180
vt -2.12947488 -1.33946562
vt -1.77175307 -1.34116650
vt -1.64808023 -1.43574643
vt -1.78435278 -1.57057619
vt -1.89795065 -1.49881148
vt -1.89795065 -1.49881148
vt -1.78435278 -1.57057619
vt -1.90858483 -1.71546721
vt -2.02098751 -1.66529179
vt -0.83904141 -0.69638026
vt -0.97417843 -0.77675593
vt -0.97951627 -0.61469388
vt -0.89099073 -0.61865449
vt -0.97951627 -0.61469388
vt -1.06950593 -0.58064687
vt -1.07504356 -0.47514248
vt -0.97126234 -0.44356382
vt -0.97126234 -0.44356382
vt -1.07504356 -0.47514248
vt -1.09811854 -0.37197828
vt -0.98860353 -0.34816170
vt -0.14275648 -1.09213543
vt -0.15212652 -1.21993232
vt -0.27315080 -1.22915077
vt -1.51493812 -1.26793694
vt -1.64808023 -1.43574643
vt -1.77175307 -1.34116650
vt -1.60168326 -1.20135355
vt -1.78441215 -0.57681012
vt -1.79389715 -0.71222389
vt -1.91230965 -0.69710422
vt -2.02559209 -0.57752848
vt -0.44400278 -0.64853156
vt -0.52137667 -0.67754173
vt -0.54326808 -0.51650822
vt -0.45835444 -0.55653572
vt -0.31172135 -0.64608741
vt -0.44400278 -0.64853156
vt -0.45835444 -0.55653572
vt -0.37345403 -0.53127301
vt -0.29148823 -0.58877397
vt -0.31172135 -0.64608741
vt -0.37345403 -0.53127301
vt -0.24030843 -0.44327044
vt -0.45835444 -0.55653572
vt -0.54326808 -0.51650822
vt -0.54665512 -0.32973492
vt -0.45644289 -0.38524675
vt -1.79389715 -0.71222389
vt -1.80338228 -0.84763777
vt -2.01976442 -0.80295813
vt -1.91230965 -0.69710422
vt -1.67548490 -0.72734356
vt -1.68766260 -0.87153220
vt -1.80338228 -0.84763777
vt -1.79389715 -0.71222389
vt -1.68766260 -0.87153220
vt -1.69984019 -1.01572084
vt -1.80338228 -0.84763777
vt -1.56011307 -0.73790348
vt -1.57962179 -0.97441840
vt -1.68766260 -0.87153220
vt -1.67548490 -0.72734356
vt -1.11641967 -1.54885483
vt -1.29035187 -1.62132645
vt -1.30138588 -1.36746454
vt -1.57962179 -0.97441840
vt -1.60168326 -1.20135355
vt -1.79283750 -1.12955189
vt -1.69984019 -1.01572084
vt -1.78538966 -0.44160163
vt -1.71468186 -0.33611655
vt -1.56011307 -0.73790348
vt -1.78441215 -0.57681012
vt -1.71468186 -0.33611655
vt -1.52733159 -0.43653631
vt -1.54220200 -0.58949971
vt -1.56011307 -0.73790348
vt -0.13519540 -0.59913206
vt -0.20758203 -0.56249702
vt -0.24030843 -0.44327044
vt -0.11134153 -0.38995624
vt -0.35177809 -1.36072874
vt -0.17911735 -1.40412784
vt -0.24716425 -1.47401452
vt -0.35116976 -1.47869825
vt -0.71296233 -1.57683468
vt -0.54839176 -1.74152255
vt -0.43772632 -1.82341766
vt -0.52762294 -1.85887003
vt -0.69916987 -1.70023155
vt -0.54839176 -1.74152255
vt -0.59067386 -1.81526518
vt -0.66561335 -1.79400730
vt -0.64034724 -1.63242340
vt -0.54839176 -1.74152255
vt -0.69916987 -1.70023155
vt -0.53394449 -1.58036637
vt -0.46187395 -1.59063029
vt -0.49294189 -1.67124820
vt -0.64034724 -1.63242340
vt -0.66561335 -1.79400730
vt -0.66449285 -1.87977076
vt -0.78747725 -1.84374952
vt -0.71296233 -1.57683468
vt -0.64034724 -1.63242340
vt -0.69916987 -1.70023155
vt -0.76207477 -1.69662070
vt -0.78729910 -1.59371805
vt -0.71296233 -1.57683468
vt -0.76207477 -1.69662070
vt -0.83971739 -1.66310334
vt -1.25738931 -0.39593434
vt -1.32344580 -0.16892958
vt -1.19499087 -0.26096714
vt -0.49294189 -1.67124820
vt -0.36616021 -1.66208410
vt -0.43772632 -1.82341766
vt -0.62774944 -0.63881707
vt -0.52137667 -0.67754173
vt -0.53451383 -0.73465109
vt -0.61409748 -0.79882836
vt -0.29148823 -0.58877397
vt -0.20758203 -0.56249702
vt -0.13519540 -0.59913206
vt -0.31172135 -0.64608741
vt -0.31172135 -0.64608741
vt -0.13519540 -0.59913206
vt -0.20848678 -0.71580088
vt -0.44400278 -0.64853156
vt -0.28638026 -0.77472258
vt -0.44400278 -0.64853156
vt -0.36710531 -0.75053179
vt -0.41015190 -0.79444695
vt -0.53451383 -0.73465109
vt -0.52137667 -0.67754173
vt -0.41015190 -0.79444695
vt -0.52461815 -0.81097329
vt -0.28638026 -0.77472258
vt -0.20848678 -0.71580088
vt -0.20919755 -0.83623481
vt -0.28400683 -0.86112380
vt -0.41015190 -0.79444695
vt -0.28638026 -0.77472258
vt -0.28400683 -0.86112380
vt -0.28400683 -0.86112380
vt -0.20919755 -0.83623481
vt -0.29754904 -0.94065976
vt -1.81199872 -0.13905001
vt -1.66772628 -0.14739108
vt -1.71468186 -0.33611655
vt -1.85595822 -0.29140353
vt -1.66772628 -0.14739108
vt -1.45043421 -0.08959734
vt -1.62638545 -0.29508901
vt -1.62638545 -0.29508901
vt -1.52733159 -0.43653631
vt -1.71468186 -0.33611655
vt -1.05312872 -0.90971363
vt -1.16643524 -0.95892489
vt -1.16663003 -0.84362006
vt -1.06423402 -0.72158837
vt -1.18352509 -0.61848819
vt -1.06950593 -0.58064687
vt -1.49287128 -1.14074636
vt -1.60168326 -1.20135355
vt -1.47445166 -0.90262580
vt -1.33822107 -1.14903307
vt -1.49287128 -1.14074636
vt -1.47445166 -0.90262580
vt -1.34475124 -0.93042469
vt -1.16643524 -0.95892489
vt -1.27524722 -1.01953197
vt -1.34475124 -0.93042469
vt -1.16663003 -0.84362006
vt -1.34475124 -0.93042469
vt -1.28188574 -0.77577794
vt -1.16682458 -0.72831511
vt -1.47445166 -0.90262580
vt -1.57962179 -0.97441840
vt -1.56011307 -0.73790348
vt -1.42880774 -0.69989395
vt -0.45513493 -1.93315840
vt -0.46067357 -2.10059428
vt -0.64356148 -2.05533004
vt -0.36067852 -2.25688004
vt -0.42374012 -2.36667442
vt -0.52750546 -2.33424497
vt -1.54220200 -0.58949971
vt -1.44845510 -0.56655109
vt -1.44845510 -0.56655109
vt -1.52733159 -0.43653631
vt -0.54725659 -2.21966934
vt -0.67709428 -2.39823103
vt -0.46067357 -2.10059428
vt -0.39075983 -2.15522337
vt -0.45913267 -2.24473429
vt -0.54725659 -2.21966934
vt -0.20848678 -0.71580088
vt -0.12489119 -0.73209047
vt -0.12792829 -0.86365271
vt -0.20919755 -0.83623481
vt -0.13519540 -0.59913206
vt -0.03485999 -0.60512912
vt -0.03931550 -0.67483675
vt -0.12489119 -0.73209047
vt -0.12489119 -0.73209047
vt -0.04399820 -0.74456298
vt -0.00590320 -0.80842066
vt -0.12792829 -0.86365271
vt -1.29843533 -0.52982724
vt -1.25738931 -0.39593434
vt -1.09811854 -0.37197828
vt -0.79351360 -0.38641024
vt -0.89934796 -0.32182121
vt -0.79880011 -0.14653623
vt -0.69497532 -0.26782990
vt -0.79351360 -0.38641024
vt -0.79880011 -0.14653623
vt -0.68345881 -0.13367319
vt -0.83971739 -1.66310334
vt -0.89712763 -1.62192440
vt -0.86747336 -1.53455806
vt -0.78729910 -1.59371805
vt -0.78729910 -1.59371805
vt -0.86747336 -1.53455806
vt -0.71296233 -1.57683468
vt -1.43293774 -1.33498764
vt -1.51493812 -1.26793694
vt -1.33822107 -1.14903307
vt -1.19799030 -1.17534399
vt -0.44606245 -1.42220736
vt -0.35116976 -1.47869825
vt -0.46187395 -1.59063029
vt -0.79931712 -0.77565575
vt -0.71519220 -0.66194773
vt -0.72046465 -1.07849550
vt -0.78875959 -1.13209963
vt -0.82255113 -1.02617621
vt -0.77336699 -0.87531972
vt -0.88541919 -0.81654310
vt -0.79931712 -0.77565575
vt -0.86408222 -0.88620031
vt -0.94585854 -0.93055010
vt -0.97417843 -0.77675593
vt -0.88541919 -0.81654310
vt -0.82255113 -1.02617621
vt -0.86628509 -1.18115473
vt -1.05312872 -0.90971363
vt -0.94585854 -0.93055010
vt -0.49090660 -1.38299608
vt -0.55024308 -1.22630668
vt -0.57748157 -1.19320393
vt -0.47040614 -1.13824224
vt -0.29754904 -0.94065976
vt -0.21011120 -0.90992844
vt -0.20969555 -1.02586222
vt -0.22634181 -1.11383057
vt -1.78435278 -1.57057619
vt -1.66884851 -1.63652182
vt -1.80282187 -1.75491309
vt -1.90858483 -1.71546721
vt -1.66884851 -1.63652182
vt -1.50587916 -1.72747278
vt -1.59129584 -1.83380437
vt -1.69705868 -1.79435825
vt -0.48339733 -1.09392118
vt -0.40967232 -1.12593818
vt -0.47040614 -1.13824224
vt -0.84642833 -1.31692839
vt -0.97481191 -1.31256557
vt -0.86628509 -1.18115473
vt -0.78604996 -1.27281833
vt -0.78111565 -1.38158083
vt -0.84642833 -1.31692839
vt -0.78604996 -1.27281833
vt -0.68662238 -1.33593822
vt -0.78604996 -1.27281833
vt -0.86628509 -1.18115473
vt -0.78875959 -1.13209963
vt -0.73140121 -1.22232580
vt -0.73140121 -1.22232580
vt -0.78875959 -1.13209963
vt -0.72046465 -1.07849550
vt -0.61506486 -1.14853382
vt -1.50587916 -1.72747278
vt -1.48553276 -1.87324977
vt -1.29035187 -1.62132645
vt -1.28097868 -1.74998260
vt -1.40021098 -1.89250731
vt -1.41459227 -1.78168559
vt -1.09367096 -1.74483418
vt -0.98242974 -1.72627831
vt -1.07798028 -1.92604160
vt -1.26598537 -1.97873855
vt -0.87475365 -1.97107553
vt -0.81712067 -2.03934383
vt -0.85937059 -2.20427418
vt -0.95910060 -2.15116453
vt -0.64356148 -2.05533004
vt -0.72350442 -2.16954017
vt -0.78747725 -1.84374952
vt -0.87475365 -1.97107553
vt -0.78747725 -1.84374952
vt -0.66449285 -1.87977076
vt -0.66449285 -1.87977076
vt -0.52762294 -1.85887003
vt -0.64356148 -2.05533004
vt -0.68965858 -1.97463870
vt -0.86747336 -1.53455806
vt -0.88475865 -1.40679955
vt -0.78111565 -1.38158083
vt -1.11641967 -1.54885483
vt -1.15096211 -1.42068100
vt -0.97481191 -1.31256557
vt -0.85937059 -2.20427418
vt -0.69513404 -2.28185654
vt -0.76789629 -2.36465883
vt -0.91646922 -2.31716418
vt -0.95910060 -2.15116453
vt -0.85937059 -2.20427418
vt -0.91646922 -2.31716418
vt -0.99989879 -2.35120058
vt -1.10949981 -2.55318046
vt -0.94755435 -2.49801993
vt -1.08645213 -2.73411655
vt -0.83805639 -2.49937367
vt -0.75038886 -2.52845526
vt -0.82189769 -2.66163254
vt -0.90785933 -2.71155286
vt -1.27292299 -2.32729673
vt -1.26396167 -2.62428665
vt -1.41643226 -2.52516174
vt -1.26396167 -2.62428665
vt -1.49711323 -2.63168526
vt -1.41643226 -2.52516174
vt -1.15935254 -2.38543081
vt -1.07959723 -2.41005611
vt -1.10949981 -2.55318046
vt -1.26396167 -2.62428665
vt -1.01193500 -3.10978889
vt -1.06867480 -3.18593550
vt -1.11408639 -3.17252922
vt -1.16187930 -3.03072262
vt -2.28780246 -1.76562309
vt -2.07943368 -1.57083988
vt -2.02098751 -1.66529179
vt -2.26227808 -1.67142653
vt -2.21842670 -1.54425669
vt -2.20179558 -1.61675358
vt -2.28780246 -1.76562309
vt -0.59587824 -2.42375565
vt -0.44608325 -2.47521734
vt -0.76789629 -2.36465883
vt -0.67709428 -2.39823103
vt -0.75038886 -2.52845526
vt -0.83805639 -2.49937367
vt -0.58668709 -3.01979637
vt -0.66039371 -3.17457628
vt -0.73562527 -3.18333149
vt -0.87443119 -3.07623005
vt -1.33984041 -1.94448853
vt -1.26598537 -1.97873855
vt -1.30996156 -2.07698298
vt -1.40329468 -2.06690884
vt -0.87443119 -3.07623005
vt -0.63575399 -2.77679253
vt -0.63575399 -2.77679253
vt -0.87443119 -3.07623005
vt -0.85057539 -2.96308517
vt -0.77560192 -2.80432630
vt -0.75038886 -2.52845526
vt -0.55153114 -2.59442139
vt -0.63575399 -2.77679253
vt -0.77560192 -2.80432630
vt -1.07578719 -2.89380455
vt -0.85057539 -2.96308517
vt -1.16187930 -3.03072262
vt -0.90785933 -2.71155286
vt -0.77560192 -2.80432630
vt -1.07578719 -2.89380455
vt -0.38578767 -2.85072708
vt -0.49234554 -2.87692213
vt -0.42151955 -2.67504907
vt -0.33781013 -2.66858149
vt -0.48065785 -2.96255445
vt -0.58668709 -3.01979637
vt -0.49234554 -2.87692213
vt -0.38578767 -2.85072708
vt -0.52750546 -2.33424497
vt -0.42374012 -2.36667442
vt -0.59587824 -2.42375565
vt -0.62361169 -2.17753410
vt -0.54725659 -2.21966934
vt -0.67709428 -2.39823103
vt -0.69513404 -2.28185654
vt -2.02098751 -1.66529179
vt -1.90858483 -1.71546721
vt -2.06664562 -1.89981246
vt -2.16564131 -1.77435637
vt -1.01193500 -3.10978889
vt -0.73562527 -3.18333149
vt -0.82067078 -3.22305870
vt -0.46524891 -3.00833225
vt -0.59494627 -3.11882162
vt -0.58668709 -3.01979637
vt -0.48065785 -2.96255445
vt -1.06867480 -3.18593550
vt -1.04268062 -3.22822714
vt -1.06786776 -3.21858406
vt -1.11408639 -3.17252922
vt -0.55153114 -2.59442139
vt -0.44608325 -2.47521734
vt -1.98903537 -2.02030778
vt -2.25932217 -2.06292439
vt -2.06664562 -1.89981246
vt -1.99207640 -2.17000747
vt -1.92361176 -2.32689834
vt -2.07133698 -2.28369951
vt -1.64989650 -2.55074644
vt -1.49711323 -2.63168526
vt -1.57680297 -2.72278166
vt -1.65585637 -2.68084240
vt -1.48139262 -1.99897766
vt -1.40329468 -2.06690884
vt -1.47278333 -2.12179375
vt -1.57016945 -2.04618931
vt -1.40021098 -1.89250731
vt -1.33984041 -1.94448853
vt -1.40329468 -2.06690884
vt -1.48139262 -1.99897766
vt -1.48553276 -1.87324977
vt -1.40021098 -1.89250731
vt -1.48139262 -1.99897766
vt -1.57016945 -2.04618931
vt -1.08645213 -2.73411655
vt -1.29404497 -2.98155117
vt -1.35500562 -2.92373753
vt -1.17742002 -2.68540621
vt -0.91646922 -2.31716418
vt -0.76789629 -2.36465883
vt -0.99989879 -2.35120058
vt -1.59129584 -1.83380437
vt -1.48553276 -1.87324977
vt -1.71179819 -1.93075347
vt -1.90858483 -1.71546721
vt -1.80282187 -1.75491309
vt -1.98903537 -2.02030778
vt -2.06664562 -1.89981246
vt -1.80282187 -1.75491309
vt -1.69705868 -1.79435825
vt -1.71179819 -1.93075347
vt -1.98903537 -2.02030778
vt -1.54168463 -2.47318292
vt -1.41643226 -2.52516174
vt -1.49711323 -2.63168526
vt -1.39022458 -2.29255915
vt -1.43721771 -2.39213562
vt -1.79094410 -2.13231277
vt -1.55937433 -2.20866084
vt -1.85757804 -2.21826196
vt -1.68726575 -2.27546072
vt -1.60446191 -2.31409788
vt -1.67749119 -2.40689540
vt -1.67749119 -2.40689540
vt -1.81614423 -2.60000110
vt -1.82443297 -2.46183610
vt -1.76695013 -2.36323023
vt -1.67749119 -2.40689540
vt -1.54168463 -2.47318292
vt -1.81614423 -2.60000110
vt -1.63981652 1.94706380
vt -1.55515146 1.74556839
vt -1.65519130 1.50177062
vt -1.68513513 1.28879905
vt -1.72658300 1.18770373
vt -1.76227891 1.03067029
vt -1.81010056 1.00485682
vt -1.85483253 0.97516316
vt -1.90347958 0.94598818
vt -2.03035092 0.88896364
vt -2.27675748 0.86922544
vt -2.16175866 1.34034133
vt -2.06599092 1.50976276
vt -2.01240349 1.73310494
vt -1.92553866 1.93678296
vt -1.81805634 1.89874363
f 1/1 2/2 3/3
f 4/4 5/5 6/6
f 7/7 8/8 9/9
f 10/10 11/11 12/12
f 13/13 14/14 15/15
f 8/8 16/16 17/17
f 18/18 19/19 11/11
f 20/20 21/21 22/22
f 23/23 13/13 15/15
f 24/24 25/25 26/26
f 27/27 28/28 29/29
f 30/30 31/31 32/32
f 33/33 24/24 34/34
f 35/35 36/36 37/37
f 38/38 39/39 40/40
f 41/41 42/42 43/43
f 44/44 45/45 46/46
f 47/47 48/48 49/49
f 50/50 51/51 52/52
f 53/53 54/54 55/55
f 56/56 57/57 58/58
f 59/59 60/60 61/61
f 62/62 63/63 64/64
f 65/65 66/66 67/67
f 68/68 69/69 70/70
f 71/71 72/72 73/73
f 74/74 75/75 76/76
f 77/77 78/78 79/79
f 80/80 81/81 82/82
f 83/83 84/84 85/85
f 86/86 87/87 88/88
f 89/89 90/90 91/91
f 92/92 93/93 83/83
f 94/94 95/95 96/96
f 97/97 98/98 99/99
f 96/96 100/100 77/77
f 83/83 101/101 102/102
f 103/103 104/104 105/105
f 106/106 107/107 108/108
f 109/109 82/82 110/110
f 111/111 112/112 113/113
f 114/114 115/115 116/116
f 117/117 118/118 119/119
f 120/120 121/121 122/122
f 123/123 124/124 125/125
f 126/126 127/127 128/128
f 129/129 130/130 131/131
f 132/132 133/133 134/134
f 135/135 77/77 136/136
f 137/137 138/138 139/139
f 140/140 141/141 142/142
f 143/143 144/144 145/145
f 146/146 147/147 148/148
f 149/149 129/129 79/79
f 150/150 151/151 152/152
f 153/153 154/154 155/155
f 156/156 157/157 158/158
f 159/159 160/160 161/161
f 162/162 163/163 164/164
f 165/165 166/166 167/167
f 52/52 168/168 169/169
f 170/170 171/171 172/172
f 173/173 174/174 175/175
f 176/176 177/177 178/178
f 179/179 180/180 181/181
f 182/182 90/90 183/183
f 184/184 185/185 186/186
f 187/187 188/188 189/189
f 190/190 191/191 192/192
f 193/193 194/194 195/195
f 196/196 197/197 198/198
f 199/199 200/200 201/201
f 202/202 203/203 204/204
f 205/205 206/206 207/207
f 208/208 209/209 210/210
f 211/211 212/212 213/213
f 214/214 215/215 216/216
f 217/217 218/218 219/219
f 220/220 221/221 222/222
f 223/223 224/224 225/225
f 226/226 227/227 228/228
f 229/229 230/230 231/231
f 232/232 233/233 234/234
f 235/235 236/236 237/237
f 238/238 239/239 240/240
f 241/241 242/242 243/243
f 244/244 245/245 246/246
f 247/247 248/248 249/249
f 250/250 251/251 252/252
f 253/253 254/254 255/255
f 256/256 257/257 258/258
f 259/259 260/260 261/261
f 262/262 263/263 264/264
f 265/265 266/266 267/267
f 268/268 269/269 270/270
f 271/271 272/272 273/273
f 274/274 275/275 276/276
f 277/277 278/278 279/279
f 280/280 281/281 282/282
f 283/283 284/284 285/285
f 286/286 287/287 288/288
f 289/289 290/290 291/291
f 292/292 293/293 294/294
f 295/295 296/296 297/297
f 298/298 299/299 300/300
f 301/301 302/302 303/303
f 304/304 305/305 306/306
f 307/307 308/308 309/309
f 310/310 311/311 312/312
f 313/313 314/314 315/315
f 316/316 317/317 318/318
f 319/319 320/320 321/321
f 322/322 323/323 306/306
f 324/324 325/325 326/326
f 327/327 328/328 329/329
f 330/330 331/331 332/332
f 333/333 334/334 335/335
f 336/336 337/337 338/338
f 339/339 340/340 341/341
f 342/342 343/343 344/344
f 345/345 346/346 347/347
f 348/348 349/349 350/350
f 351/351 256/256 352/352
f 353/353 354/354 355/355
f 356/356 357/357 358/358
f 359/359 360/360 361/361
f 362/362 363/363 364/364
f 365/365 366/366 367/367
f 368/368 369/369 370/370
f 371/371 372/372 373/373
f 374/374 375/375 376/376
f 377/377 378/378 379/379
f 380/380 362/362 381/381
f 382/382 383/383 378/378
f 384/384 385/385 386/386
f 387/387 388/388 389/389
f 390/390 391/391 392/392
f 393/393 394/394 395/395
f 396/396 397/397 398/398
f 399/399 400/400 401/401
f 402/402 403/403 404/404
f 405/405 406/406 407/407
f 408/408 409/409 410/410
f 411/411 412/412 413/413
f 414/414 415/415 416/416
f 417/417 418/418 419/419
f 420/420 421/421 422/422
f 423/423 424/424 425/425
f 426/426 427/427 428/428
f 429/429 430/430 431/431
f 432/432 433/433 434/434
f 435/435 436/436 437/437
f 438/438 439/439 440/440
f 313/313 441/441 298/298
f 442/442 443/443 444/444
f 445/445 446/446 447/447
f 448/448 449/449 450/450
f 451/451 452/452 453/453
f 454/454 455/455 456/456
f 457/457 458/458 289/289
f 459/459 460/460 461/461
f 462/462 463/463 464/464
f 465/465 466/466 467/467
f 468/468 469/469 470/470
f 471/471 472/472 473/473
f 474/474 475/475 476/476
f 477/477 478/478 479/479
f 480/480 481/481 482/482
f 483/483 484/484 485/485
f 486/486 487/487 488/488
f 489/489 490/490 491/491
f 492/492 493/493 494/494
f 495/495 496/496 497/497
f 498/498 499/499 500/500
f 501/501 317/317 199/199
f 502/502 503/503 504/504
f 505/505 506/506 507/507
f 508/508 509/509 510/510
f 511/511 512/512 513/513
f 514/514 515/515 487/487
f 516/516 382/382 517/517
f 518/518 519/519 520/520
f 521/521 522/522 364/364
f 523/523 524/524 525/525
f 526/526 527/527 528/528
f 529/529 530/530 531/531
f 532/532 533/533 534/534
f 535/535 536/536 537/537
f 538/538 539/539 540/540
f 541/541 542/542 543/543
f 544/544 545/545 546/546
f 547/547 548/548 549/549
f 550/550 541/541 551/551
f 552/552 553/553 554/554
f 555/555 556/556 557/557
f 558/558 559/559 560/560
f 561/561 562/562 563/563
f 564/564 565/565 566/566
f 567/567 568/568 569/569
f 570/570 571/571 572/572
f 573/573 574/574 575/575
f 576/576 577/577 578/578
f 579/579 580/580 581/581
f 398/398 582/582 583/583
f 584/584 486/486 585/585
f 586/586 587/587 588/588
f 589/589 590/590 591/591
f 592/592 593/593 594/594
f 595/595 596/596 597/597
f 598/598 599/599 600/600
f 601/601 602/602 603/603
f 604/604 605/605 606/606
f 607/607 608/608 609/609
f 610/610 611/611 612/612
f 613/613 614/614 615/615
f 616/616 617/617 615/615
f 618/618 619/619 620/620
f 621/621 622/622 623/623
f 624/624 625/625 626/626
f 627/627 628/628 629/629
f 630/630 631/631 632/632
f 633/633 634/634 635/635
f 636/636 637/637 638/638
f 639/639 640/640 641/641
f 642/642 643/643 644/644
f 645/645 646/646 647/647
f 648/648 649/649 650/650
f 651/651 652/652 653/653
f 654/654 655/655 656/656
f 657/657 658/658 659/659
f 660/660 661/661 662/662
f 663/663 664/664 665/665
f 666/666 657/657 667/667
f 668/668 669/669 670/670
f 671/671 672/672 673/673
f 674/674 675/675 676/676
f 677/677 678/678 679/679
f 680/680 681/681 682/682
f 683/683 684/684 685/685
f 686/686 687/687 688/688
f 689/689 690/690 691/691
f 692/692 693/693 694/694
f 695/695 696/696 697/697
f 698/698 699/699 700/700
f 701/701 702/702 703/703
f 704/704 705/705 706/706
f 707/707 708/708 709/709
f 710/710 711/711 712/712
f 713/713 679/679 714/714
f 715/715 716/716 700/700
f 717/717 718/718 719/719
f 720/720 721/721 722/722
f 723/723 724/724 725/725
f 726/726 727/727 728/728
f 729/729 730/730 731/731
f 732/732 733/733 640/640
f 734/734 735/735 736/736
f 737/737 738/738 739/739
f 740/740 741/741 742/742
f 738/738 743/743 744/744
f 745/745 746/746 747/747
f 745/745 748/748 749/749
f 613/613 750/750 740/740
f 751/751 752/752 736/736
f 753/753 754/754 600/600
f 755/755 756/756 757/757
f 758/758 759/759 760/760
f 761/761 762/762 763/763
f 764/764 765/765 766/766
f 767/767 768/768 769/769
f 770/770 771/771 772/772
f 773/773 774/774 775/775
f 776/776 777/777 778/778
f 779/779 780/780 781/781
f 782/782 783/783 784/784
f 785/785 786/786 787/787
f 788/788 789/789 790/790
f 791/791 792/792 793/793
f 794/794 795/795 796/796
f 797/797 798/798 799/799
f 800/800 801/801 802/802
f 803/803 804/804 805/805
f 806/806 807/807 808/808
f 809/809 810/810 811/811
f 812/812 813/813 814/814
f 815/815 816/816 817/817
f 818/818 819/819 820/820
f 821/821 822/822 823/823
f 824/824 825/825 826/826
f 827/827 828/828 829/829
f 830/830 831/831 832/832
f 833/833 834/834 835/835
f 836/836 837/837 838/838
f 839/839 840/840 805/805
f 838/838 841/841 842/842
f 843/843 844/844 845/845
f 846/846 847/847 848/848
f 849/849 850/850 851/851
f 852/852 853/853 854/854
f 855/855 856/856 857/857
f 858/858 859/859 860/860
f 861/861 862/862 863/863
f 864/864 625/625 834/834
f 865/865 866/866 867/867
f 868/868 831/831 750/750
f 869/869 870/870 871/871
f 872/872 873/873 874/874
f 875/875 876/876 877/877
f 878/878 879/879 880/880
f 881/881 882/882 883/883
f 884/884 885/885 886/886
f 887/887 781/781 888/888
f 889/889 890/890 891/891
f 892/892 893/893 894/894
f 889/889 895/895 896/896
f 897/897 848/848 898/898
f 899/899 900/900 901/901
f 902/902 903/903 904/904
f 905/905 786/786 906/906
f 907/907 908/908 905/905
f 909/909 910/910 911/911
f 912/912 913/913 914/914
f 915/915 916/916 917/917
f 918/918 919/919 920/920
f 921/921 922/922 923/923
f 924/924 925/925 926/926
f 927/927 928/928 929/929
f 930/930 931/931 932/932
f 933/933 934/934 935/935
f 936/936 937/937 938/938
f 939/939 940/940 941/941
f 942/942 943/943 944/944
f 945/945 946/946 947/947
f 948/948 949/949 950/950
f 951/951 952/952 953/953
f 954/954 955/955 956/956
f 957/957 958/958 959/959
f 960/960 961/961 962/962
f 963/963 964/964 965/965
f 966/966 967/967 968/968
f 969/969 970/970 971/971
f 972/972 973/973 974/974
f 975/975 976/976 977/977
f 978/978 979/979 980/980
f 981/981 982/982 983/983
f 984/984 985/985 986/986
f 987/987 988/988 989/989
f 990/990 991/991 992/992
f 993/993 994/994 995/995
f 993/993 996/996 994/994
f 997/997 998/998 999/999
f 1000/1000 1001/1001 1002/1002
f 1003/1003 1004/1004 1005/1005
f 1006/1006 1007/1007 1008/1008
f 1009/1009 1010/1010 1011/1011
f 1012/1012 1013/1013 1014/1014
f 1015/1015 888/888 1016/1016
f 1017/1017 1018/1018 1019/1019
f 1020/1020 1021/1021 1022/1022
f 1023/1023 1024/1024 1025/1025
f 1026/1026 1027/1027 1028/1028
f 1029/1029 1030/1030 1031/1031
f 1032/1032 1033/1033 983/983
f 1034/1034 1035/1035 1036/1036
f 1037/1037 1038/1038 1039/1039
f 1040/1040 1041/1041 1042/1042
f 1043/1043 1044/1044 1045/1045
f 1046/1046 1047/1047 1048/1048
f 1049/1049 1050/1050 971/971
f 1051/1051 1052/1052 1053/1053
f 1054/1054 1055/1055 1056/1056
f 1004/1004 1057/1057 1058/1058
f 1010/1010 1059/1059 1060/1060
f 1061/1061 1062/1062 1063/1063
f 1064/1064 1065/1065 1066/1066
f 1067/1067 1068/1068 1069/1069
f 1070/1070 1071/1071 1072/1072
f 1073/1073 1074/1074 1075/1075
f 1076/1076 1077/1077 1078/1078
f 1079/1079 1080/1080 1081/1081
f 1082/1082 1083/1083 1084/1084
f 1085/1085 1086/1086 1087/1087
f 1088/1088 1089/1089 1090/1090
f 1091/1091 1092/1092 1093/1093
f 1094/1094 1095/1095 1096/1096
f 1097/1097 1098/1098 1099/1099
f 1100/1100 1101/1101 1102/1102
f 1103/1103 1104/1104 1105/1105
f 1106/1106 1107/1107 1025/1025
f 1108/1108 816/816 1109/1109
f 1110/1110 1111/1111 1112/1112
f 1113/1113 1114/1114 1115/1115
f 1116/1116 1117/1117 1118/1118
f 1119/1119 1120/1120 1121/1121
f 1122/1122 1123/1123 1124/1124
f 1125/1125 1010/1010 1126/1126
f 1127/1127 1128/1128 1004/1004
f 1099/1099 1129/1129 1130/1130
f 1131/1131 1132/1132 1133/1133
f 1134/1134 1135/1135 1136/1136
f 1137/1137 1138/1138 1139/1139
f 1140/1140 1141/1141 1142/1142
f 1143/1143 1144/1144 1145/1145
f 1146/1146 1147/1147 1148/1148
f 1149/1149 1150/1150 1151/1151
f 1152/1152 1153/1153 1154/1154
f 1155/1155 1156/1156 1157/1157
f 1158/1158 1159/1159 1160/1160
f 1161/1161 1162/1162 1163/1163
f 1164/1164 1165/1165 1166/1166
f 1167/1167 933/933 1168/1168
f 1169/1169 1170/1170 1171/1171
f 1172/1172 1173/1173 1174/1174
f 1175/1175 1176/1176 1177/1177
f 1178/1178 1179/1179 1180/1180
f 1181/1181 1182/1182 1183/1183
f 1184/1184 1163/1163 1185/1185
f 1186/1186 1187/1187 1188/1188
f 1189/1189 1190/1190 1191/1191
f 1046/1046 1180/1180 1192/1192
f 1193/1193 1194/1194 1195/1195
f 1196/1196 1099/1099 1197/1197
f 1198/1198 1199/1199 1200/1200
f 1201/1201 1202/1202 1203/1203
f 1204/1204 1205/1205 1206/1206
f 1207/1207 1208/1208 1209/1209
f 1210/1210 1211/1211 1212/1212
f 1213/1213 1214/1214 1215/1215
f 1216/1216 1217/1217 1218/1218
f 1219/1219 1220/1220 1221/1221
f 1222/1222 1223/1223 1224/1224
f 1225/1225 1226/1226 1227/1227
f 1228/1228 1229/1229 1230/1230
f 1231/1231 1232/1232 1233/1233
f 1234/1234 1235/1235 1236/1236
f 1237/1237 1238/1238 1239/1239
f 1240/1240 1241/1241 1242/1242
f 1243/1243 1244/1244 1245/1245
f 1246/1246 1247/1247 1248/1248
f 1249/1249 1250/1250 1251/1251
f 1252/1252 1253/1253 1254/1254
f 1255/1255 1256/1256 1257/1257
f 1258/1258 1259/1259 1260/1260
f 1261/1261 1262/1262 1263/1263
f 1264/1264 1265/1265 1266/1266
f 1267/1267 1268/1268 1269/1269
f 1270/1270 1271/1271 1272/1272
f 1273/1273 1274/1274 1275/1275
f 1276/1276 1277/1277 1278/1278
f 1279/1279 1280/1280 1281/1281
f 1282/1282 1283/1283 1284/1284
f 1285/1285 1286/1286 1287/1287
f 1232/1232 1288/1288 1289/1289
f 1290/1290 1291/1291 1292/1292
f 1293/1293 1294/1294 1295/1295
f 1296/1296 1297/1297 1298/1298
f 1299/1299 1300/1300 1301/1301
f 1302/1302 1303/1303 1304/1304
f 1305/1305 1306/1306 1307/1307
f 1308/1308 1309/1309 1310/1310
f 1311/1311 1312/1312 1313/1313
f 1314/1314 1315/1315 1316/1316
f 1317/1317 1318/1318 1319/1319
f 1320/1320 1321/1321 1322/1322
f 1323/1323 1324/1324 1325/1325
f 1326/1326 1327/1327 1328/1328
f 1329/1329 1330/1330 1331/1331
f 1332/1332 1333/1333 1334/1334
f 1318/1318 1335/1335 1336/1336
f 1337/1337 1338/1338 1339/1339
f 1340/1340 1341/1341 1342/1342
f 1343/1343 1344/1344 1345/1345
f 1346/1346 1347/1347 1348/1348
f 1349/1349 306/306 1350/1350
f 1351/1351 1352/1352 1353/1353
f 340/340 1354/1354 1355/1355
f 1356/1356 1357/1357 1358/1358
f 1359/1359 1360/1360 1361/1361
f 306/306 1362/1362 1363/1363
f 1364/1364 1365/1365 1366/1366
f 1367/1367 1368/1368 1369/1369
f 1370/1370 1371/1371 1372/1372
f 1373/1373 1374/1374 1375/1375
f 1376/1376 1377/1377 1378/1378
f 1379/1379 1380/1380 1381/1381
f 1382/1382 1383/1383 1384/1384
f 1385/1385 1386/1386 1387/1387
f 1388/1388 1389/1389 1385/1385
f 1390/1390 1391/1391 1392/1392
f 1393/1393 1385/1385 1394/1394
f 1395/1395 1396/1396 1385/1385
f 1397/1397 1398/1398 1399/1399
f 1400/1400 1401/1401 1402/1402
f 1403/1403 1404/1404 1405/1405
f 1406/1406 1407/1407 1408/1408
f 1409/1409 1410/1410 1411/1411
f 1412/1412 1413/1413 1414/1414
f 1415/1415 1416/1416 1417/1417
f 1418/1418 1419/1419 1420/1420
f 1421/1421 1422/1422 1423/1423
f 1424/1424 1425/1425 1426/1426
f 1427/1427 1428/1428 1429/1429
f 1430/1430 1431/1431 1432/1432
f 1433/1433 1434/1434 1435/1435
f 1436/1436 1437/1437 1438/1438
f 1439/1439 1440/1440 1441/1441
f 1442/1442 1443/1443 1444/1444
f 1445/1445 1446/1446 1447/1447
f 1448/1448 1449/1449 1450/1450
f 658/658 1451/1451 1452/1452
f 1453/1453 1454/1454 1455/1455
f 1456/1456 1457/1457 1458/1458
f 1459/1459 1460/1460 1461/1461
f 1462/1462 1463/1463 1464/1464
f 1465/1465 1466/1466 1467/1467
f 1468/1468 1469/1469 1470/1470
f 1471/1471 1472/1472 1473/1473
f 1474/1474 1475/1475 1476/1476
f 1477/1477 1478/1478 1479/1479
f 1480/1480 1481/1481 1482/1482
f 1483/1483 1484/1484 1485/1485
f 1486/1486 1487/1487 1488/1488
f 1489/1489 1490/1490 1491/1491
f 1492/1492 1493/1493 1494/1494
f 1495/1495 1496/1496 1497/1497
f 1498/1498 1499/1499 1500/1500
f 1501/1501 1490/1490 1502/1502
f 1503/1503 1504/1504 1505/1505
f 1506/1506 1507/1507 1508/1508
f 1509/1509 1510/1510 1511/1511
f 1512/1512 1513/1513 1514/1514
f 1515/1515 1516/1516 1517/1517
f 1518/1518 1519/1519 1520/1520
f 1521/1521 1522/1522 1523/1523
f 1524/1524 1525/1525 1526/1526
f 1527/1527 1528/1528 1529/1529
f 1530/1530 1531/1531 1532/1532
f 1490/1490 1533/1533 1534/1534
f 1535/1535 1536/1536 1537/1537
f 1538/1538 1539/1539 1540/1540
f 1541/1541 1542/1542 1543/1543
f 1544/1544 1545/1545 1546/1546
f 1547/1547 1548/1548 1549/1549
f 1550/1550 1551/1551 1552/1552
f 1553/1553 1554/1554 1471/1471
f 1555/1555 1313/1313 1556/1556
f 1557/1557 1558/1558 1559/1559
f 1560/1560 1561/1561 1562/1562
f 1542/1542 1563/1563 1564/1564
f 1565/1565 1566/1566 1567/1567
f 1491/1491 1490/1490 1568/1568
f 1569/1569 1570/1570 1571/1571
f 1572/1572 1573/1573 1539/1539
f 1574/1574 1575/1575 1576/1576
f 1577/1577 1578/1578 1504/1504
f 1579/1579 1580/1580 1581/1581
f 1582/1582 1583/1583 1584/1584
f 1500/1500 1499/1499 1585/1585
f 1586/1586 1587/1587 1588/1588
f 1589/1589 1590/1590 1591/1591
f 1592/1592 1593/1593 1594/1594
f 1595/1595 1596/1596 1597/1597
f 1598/1598 1599/1599 1600/1600
f 1601/1601 1602/1602 1587/1587
f 1603/1603 1437/1437 1604/1604
f 1605/1605 1606/1606 1607/1607
f 1608/1608 1609/1609 1610/1610
f 1611/1611 1612/1612 1421/1421
f 1613/1613 1614/1614 1615/1615
f 1612/1612 1616/1616 1617/1617
f 1618/1618 1619/1619 1620/1620
f 1621/1621 1622/1622 1623/1623
f 1624/1624 1401/1401 1625/1625
f 1626/1626 1627/1627 1628/1628
f 1629/1629 1248/1248 1630/1630
f 1631/1631 1632/1632 1261/1261
f 1633/1633 1634/1634 1635/1635
f 1636/1636 1637/1637 1638/1638
f 1639/1639 1640/1640 1641/1641
f 1640/1640 1642/1642 1643/1643
f 1644/1644 1645/1645 1646/1646
f 1647/1647 1648/1648 1649/1649
f 1650/1650 1651/1651 1652/1652
f 1653/1653 1654/1654 1257/1257
f 1655/1655 1656/1656 1257/1257
f 1657/1657 1658/1658 1659/1659
f 1660/1660 1661/1661 1662/1662
f 1630/1630 1663/1663 1664/1664
f 1665/1665 1666/1666 1667/1667
f 1668/1668 1669/1669 1670/1670
f 1671/1671 1672/1672 1673/1673
f 1674/1674 1675/1675 1676/1676
f 1677/1677 1678/1678 1679/1679
f 1680/1680 1681/1681 987/987
f 1682/1682 1683/1683 1684/1684
f 1685/1685 1686/1686 998/998
f 1687/1687 1688/1688 1689/1689
f 1690/1690 1691/1691 1692/1692
f 1693/1693 1694/1694 1695/1695
f 1696/1696 1697/1697 1698/1698
f 1699/1699 1700/1700 1701/1701
f 1702/1702 1703/1703 1704/1704
f 1705/1705 1706/1706 1411/1411
f 1707/1707 1708/1708 1709/1709
f 1710/1710 1711/1711 1712/1712
f 1713/1713 1714/1714 1715/1715
f 1716/1716 1491/1491 1717/1717
f 1718/1718 1571/1571 1526/1526
f 1719/1719 1720/1720 1721/1721
f 1722/1722 1716/1716 1723/1723
f 1724/1724 1725/1725 1726/1726
f 1727/1727 1716/1716 1728/1728
f 1729/1729 1730/1730 1716/1716
f 1731/1731 1732/1732 1733/1733
f 1734/1734 1735/1735 1736/1736
f 1737/1737 1738/1738 1739/1739
f 1740/1740 1741/1741 1742/1742
f 1743/1743 1716/1716 1744/1744
f 1716/1716 1745/1745 1491/1491
f 1746/1746 1747/1747 1748/1748
f 1749/1749 1750/1750 1751/1751
f 306/306 1752/1752 1753/1753
f 1754/1754 1755/1755 1756/1756
f 1757/1757 1758/1758 1759/1759
f 1358/1358 1760/1760 1761/1761
f 1762/1762 1763/1763 1764/1764
f 1765/1765 1766/1766 1767/1767
f 1768/1768 1364/1364 1769/1769
f 499/499 1770/1770 1771/1771
f 1772/1772 1773/1773 1774/1774
f 1775/1775 1776/1776 1777/1777
f 1778/1778 1779/1779 1780/1780
f 1781/1781 1782/1782 1783/1783
f 1784/1784 1785/1785 1786/1786
f 1787/1787 1788/1788 1789/1789
f 1790/1790 1791/1791 1792/1792
f 1793/1793 1794/1794 1795/1795
f 1796/1796 1797/1797 1798/1798
f 1799/1799 1800/1800 1801/1801
f 1802/1802 1803/1803 1804/1804
f 1805/1805 1316/1316 1324/1324
f 1806/1806 1807/1807 1808/1808
f 1310/1310 1809/1809 1810/1810
f 1811/1811 1812/1812 1813/1813
f 1814/1814 1815/1815 1816/1816
f 1817/1817 1818/1818 1819/1819
f 1820/1820 1821/1821 1822/1822
f 1823/1823 747/747 1824/1824
f 1825/1825 1826/1826 1827/1827
f 1828/1828 1829/1829 1830/1830
f 1830/1830 1831/1831 1832/1832
f 1833/1833 1834/1834 1835/1835
f 1836/1836 1280/1280 1837/1837
f 1838/1838 1839/1839 1840/1840
f 1841/1841 1842/1842 1843/1843
f 1844/1844 1845/1845 1846/1846
f 1847/1847 1848/1848 1849/1849
f 1850/1850 1851/1851 1852/1852
f 1853/1853 1854/1854 1547/1547
f 1855/1855 1856/1856 1857/1857
f 1858/1858 1859/1859 1860/1860
f 1861/1861 1862/1862 1863/1863
f 1864/1864 1865/1865 1866/1866
f 1867/1867 1868/1868 1869/1869
f 1870/1870 1871/1871 1872/1872
f 1873/1873 1874/1874 1875/1875
f 1876/1876 1311/1311 1877/1877
f 1878/1878 1879/1879 1880/1880
f 1881/1881 1882/1882 1883/1883
f 1884/1884 1885/1885 1886/1886
f 1887/1887 1888/1888 1889/1889
f 1890/1890 1891/1891 1892/1892
f 1893/1893 1894/1894 1895/1895
f 1896/1896 1762/1762 1897/1897
f 1898/1898 1899/1899 1762/1762
f 1900/1900 1901/1901 1902/1902
f 1903/1903 1904/1904 1905/1905
f 1906/1906 1907/1907 1908/1908
f 1909/1909 1910/1910 1911/1911
f 1912/1912 1225/1225 1913/1913
f 1914/1914 1915/1915 1916/1916
f 1468/1468 1917/1917 1918/1918
f 1919/1919 1920/1920 1921/1921
f 1230/1230 1289/1289 1922/1922
f 1923/1923 1924/1924 1925/1925
f 1777/1777 1926/1926 1927/1927
f 1928/1928 1929/1929 1930/1930
f 1931/1931 1932/1932 1933/1933
f 1934/1934 1935/1935 1936/1936
f 1937/1937 1692/1692 1938/1938
f 1939/1939 1940/1940 1941/1941
f 1942/1942 1943/1943 1944/1944
f 1917/1917 1945/1945 1946/1946
f 1947/1947 1948/1948 1949/1949
f 1950/1950 1951/1951 1952/1952
f 1953/1953 1954/1954 1955/1955
f 1956/1956 1957/1957 1958/1958
f 1959/1959 1960/1960 1961/1961
f 1962/1962 1963/1963 1964/1964
f 1965/1965 1966/1966 1967/1967
f 1968/1968 1969/1969 1970/1970
f 1971/1971 1972/1972 1973/1973
f 1974/1974 1975/1975 1976/1976
f 1977/1977 1660/1660 1978/1978
f 1979/1979 1980/1980 1981/1981
f 1982/1982 1983/1983 1984/1984
f 1985/1985 1986/1986 1987/1987
f 1988/1988 601/601 1989/1989
f 1990/1990 1991/1991 1992/1992
f 1993/1993 1403/1403 1994/1994
f 1995/1995 1996/1996 1997/1997
f 1998/1998 1999/1999 2000/2000
f 2001/2001 2002/2002 1214/1214
f 2003/2003 2004/2004 1371/1371
f 2005/2005 2006/2006 2007/2007
f 2008/2008 2009/2009 2010/2010
f 2011/2011 2012/2012 627/627
f 2013/2013 2014/2014 2015/2015
f 2016/2016 2017/2017 2018/2018
f 1783/1783 2019/2019 1332/1332
f 2020/2020 2021/2021 2022/2022
f 2023/2023 2024/2024 2025/2025
f 2026/2026 2027/2027 2028/2028
f 2029/2029 2030/2030 2031/2031
f 2032/2032 2033/2033 2034/2034
f 2035/2035 2036/2036 2037/2037
f 364/364 2038/2038 2039/2039
f 2040/2040 2041/2041 2042/2042
f 2043/2043 2044/2044 2045/2045
f 2046/2046 2043/2043 2047/2047
f 2048/2048 2049/2049 2050/2050
f 2051/2051 2052/2052 2053/2053
f 2054/2054 2055/2055 2056/2056
f 2057/2057 2058/2058 2059/2059
f 2060/2060 2061/2061 2062/2062
f 2063/2063 2064/2064 2065/2065
f 2066/2066 2067/2067 2068/2068
f 2069/2069 2070/2070 2071/2071
f 2072/2072 2073/2073 2074/2074
f 2075/2075 2076/2076 2077/2077
f 2078/2078 2079/2079 2080/2080
f 2081/2081 2082/2082 2083/2083
f 2084/2084 2085/2085 2086/2086
f 2087/2087 2088/2088 2089/2089
f 2090/2090 2091/2091 2092/2092
f 2093/2093 2094/2094 2095/2095
f 2096/2096 2097/2097 2098/2098
f 2099/2099 2100/2100 2101/2101
f 2102/2102 2103/2103 2104/2104
f 2105/2105 2106/2106 2107/2107
f 2108/2108 2109/2109 2110/2110
f 2111/2111 2112/2112 2113/2113
f 2095/2095 2114/2114 2115/2115
f 2116/2116 2117/2117 2118/2118
f 2119/2119 2120/2120 2121/2121
f 379/379 2096/2096 2122/2122
f 2123/2123 2124/2124 2125/2125
f 2126/2126 2127/2127 2128/2128
f 2129/2129 2130/2130 2131/2131
f 16/16 2132/2132 2133/2133
f 2134/2134 2135/2135 2136/2136
f 2137/2137 2138/2138 2139/2139
f 2140/2140 2141/2141 2142/2142
f 2143/2143 2144/2144 2145/2145
f 2146/2146 2147/2147 2148/2148
f 2149/2149 2150/2150 2151/2151
f 2073/2073 2152/2152 2153/2153
f 2154/2154 2155/2155 2156/2156
f 2084/2084 2157/2157 2158/2158
f 2159/2159 2160/2160 2161/2161
f 2162/2162 2163/2163 2164/2164
f 2165/2165 2166/2166 2167/2167
f 2168/2168 2169/2169 2170/2170
f 2171/2171 2172/2172 80/80
f 2173/2173 2174/2174 2175/2175
f 2176/2176 2166/2166 2177/2177
f 2178/2178 2179/2179 2180/2180
f 2181/2181 2182/2182 2183/2183
f 2184/2184 2185/2185 2186/2186
f 2187/2187 2188/2188 2189/2189
f 2190/2190 2161/2161 2191/2191
f 2192/2192 2193/2193 2194/2194
f 2195/2195 2196/2196 2197/2197
f 2198/2198 2199/2199 2200/2200
f 2201/2201 2202/2202 2203/2203
f 2204/2204 2205/2205 2206/2206
f 2207/2207 2208/2208 2209/2209
f 2210/2210 2211/2211 2212/2212
f 2213/2213 2214/2214 2215/2215
f 2216/2216 2217/2217 2218/2218
f 2219/2219 2220/2220 2221/2221
f 2222/2222 2223/2223 2224/2224
f 2225/2225 2226/2226 2227/2227
f 2228/2228 2229/2229 2230/2230
f 2231/2231 2232/2232 2233/2233
f 2234/2234 2235/2235 2236/2236
f 2237/2237 2238/2238 2239/2239
f 2240/2240 2241/2241 2242/2242
f 2243/2243 2244/2244 2245/2245
f 2246/2246 2247/2247 2248/2248
f 2249/2249 2118/2118 2250/2250
f 2251/2251 2252/2252 2228/2228
f 2253/2253 2187/2187 2254/2254
f 2255/2255 2256/2256 2257/2257
f 2073/2073 2258/2258 2259/2259
f 2260/2260 2261/2261 2262/2262
f 2263/2263 2264/2264 2265/2265
f 2038/2038 2266/2266 2267/2267
f 2268/2268 2269/2269 2057/2057
f 2270/2270 2271/2271 2272/2272
f 2273/2273 2274/2274 2275/2275
f 2276/2276 2277/2277 2278/2278
f 2279/2279 2280/2280 2281/2281
f 2282/2282 2283/2283 2284/2284
f 2285/2285 2286/2286 2287/2287
f 2288/2288 2289/2289 2290/2290
f 2291/2291 2292/2292 2293/2293
f 2294/2294 2295/2295 2296/2296
f 2297/2297 2298/2298 2299/2299
f 2300/2300 2301/2301 2206/2206
f 2302/2302 2303/2303 2304/2304
f 2305/2305 2306/2306 2307/2307
f 2308/2308 2309/2309 2310/2310
f 2311/2311 2312/2312 2313/2313
f 2314/2314 2315/2315 2316/2316
f 2033/2033 2317/2317 2318/2318
f 2319/2319 2320/2320 2321/2321
f 2322/2322 2323/2323 2324/2324
f 2325/2325 2326/2326 2327/2327
f 2328/2328 2329/2329 2330/2330
f 2184/2184 2331/2331 2332/2332
f 2333/2333 2334/2334 2335/2335
f 2336/2336 2337/2337 2338/2338
f 2339/2339 2090/2090 2340/2340
f 2341/2341 2342/2342 2343/2343
f 2344/2344 2345/2345 2346/2346
f 2029/2029 2347/2347 2348/2348
f 2349/2349 2350/2350 2351/2351
f 2352/2352 2353/2353 2354/2354
f 2030/2030 2111/2111 2355/2355
f 2356/2356 2357/2357 2182/2182
f 2182/2182 2339/2339 2358/2358
f 2359/2359 2360/2360 2361/2361
f 2359/2359 2362/2362 2363/2363
f 2364/2364 2365/2365 2366/2366
f 2367/2367 2368/2368 2369/2369
f 2370/2370 2371/2371 2372/2372
f 2373/2373 2374/2374 2375/2375
f 2376/2376 2377/2377 2378/2378
f 2379/2379 2380/2380 2381/2381
f 2382/2382 2383/2383 2384/2384
f 2385/2385 2386/2386 2387/2387
f 2388/2388 2389/2389 2390/2390
f 2391/2391 2378/2378 2392/2392
f 2393/2393 2394/2394 2395/2395
f 2148/2148 2396/2396 2175/2175
f 2397/2397 2398/2398 2399/2399
f 2400/2400 2401/2401 2402/2402
f 2403/2403 2404/2404 2405/2405
f 2406/2406 2407/2407 2408/2408
f 2409/2409 2410/2410 2411/2411
f 2412/2412 2413/2413 2414/2414
f 2415/2415 2416/2416 2417/2417
f 2418/2418 2419/2419 2420/2420
f 2421/2421 2422/2422 2423/2423
f 2424/2424 2425/2425 2426/2426
f 2427/2427 2268/2268 2428/2428
f 2429/2429 2430/2430 2431/2431
f 2432/2432 2433/2433 2434/2434
f 2435/2435 2436/2436 2275/2275
f 2437/2437 2438/2438 2439/2439
f 2440/2440 2441/2441 2442/2442
f 2443/2443 2444/2444 2445/2445
f 2446/2446 2447/2447 2396/2396
f 2448/2448 2449/2449 2450/2450
f 2451/2451 2452/2452 2453/2453
f 2454/2454 2455/2455 2456/2456
f 2457/2457 2458/2458 2459/2459
f 2460/2460 2461/2461 2462/2462
f 2463/2463 2464/2464 2465/2465
f 2466/2466 2467/2467 2468/2468
f 2469/2469 2470/2470 2471/2471
f 2472/2472 2473/2473 2474/2474
f 2475/2475 2476/2476 2477/2477
f 2478/2478 2479/2479 2480/2480
f 2481/2481 2482/2482 2483/2483
f 2484/2484 2485/2485 2486/2486
f 2487/2487 2488/2488 2489/2489
f 2490/2490 2491/2491 2492/2492
f 2493/2493 2494/2494 2495/2495
f 2496/2496 2497/2497 2498/2498
f 2499/2499 2500/2500 2501/2501
f 2502/2502 2503/2503 2504/2504
f 2505/2505 2486/2486 2506/2506
f 2507/2507 2508/2508 2509/2509
f 2510/2510 2511/2511 2512/2512
f 2513/2513 2514/2514 2515/2515
f 2516/2516 2517/2517 2518/2518
f 2519/2519 2520/2520 2521/2521
f 2522/2522 2523/2523 2524/2524
f 2525/2525 2526/2526 2527/2527
f 2528/2528 2529/2529 2530/2530
f 2531/2531 2532/2532 2533/2533
f 2534/2534 2535/2535 2536/2536
f 2537/2537 2538/2538 2539/2539
f 2540/2540 2541/2541 2542/2542
f 2543/2543 2544/2544 2545/2545
f 2546/2546 2547/2547 2548/2548
f 2549/2549 2550/2550 2551/2551
f 2552/2552 2553/2553 2536/2536
f 2554/2554 2555/2555 2556/2556
f 2557/2557 2558/2558 2559/2559
f 2560/2560 2561/2561 2562/2562
f 2563/2563 2564/2564 2565/2565
f 2566/2566 2567/2567 2568/2568
f 2569/2569 2570/2570 2571/2571
f 2572/2572 2573/2573 2574/2574
f 2575/2575 2576/2576 2577/2577
f 2578/2578 2579/2579 2474/2474
f 2580/2580 2581/2581 2582/2582
f 2583/2583 2584/2584 2585/2585
f 2586/2586 2587/2587 2588/2588
f 2589/2589 2590/2590 2591/2591
f 2592/2592 2593/2593 2594/2594
f 2595/2595 2596/2596 2597/2597
f 2598/2598 2599/2599 2600/2600
f 2601/2601 2602/2602 2603/2603
f 2604/2604 2605/2605 2606/2606
f 2607/2607 2608/2608 2609/2609
f 2610/2610 2611/2611 2612/2612
f 2613/2613 2614/2614 2615/2615
f 2616/2616 2617/2617 2618/2618
f 2619/2619 2620/2620 2621/2621
f 2622/2622 2623/2623 2624/2624
f 2625/2625 2626/2626 2627/2627
f 2628/2628 2629/2629 2630/2630
f 2631/2631 2632/2632 2633/2633
f 2634/2634 2635/2635 2636/2636
f 2637/2637 2638/2638 2639/2639
f 2640/2640 2641/2641 2642/2642
f 2643/2643 2644/2644 2645/2645
f 2646/2646 2647/2647 2648/2648
f 2649/2649 2598/2598 2473/2473
f 2650/2650 2651/2651 2502/2502
f 2652/2652 2653/2653 2654/2654
f 2655/2655 2656/2656 2657/2657
f 2658/2658 2466/2466 2468/2468
f 2659/2659 2660/2660 2661/2661
f 2662/2662 2663/2663 2664/2664
f 2665/2665 2666/2666 2667/2667
f 2668/2668 2669/2669 2670/2670
f 2671/2671 2672/2672 2673/2673
f 2674/2674 2675/2675 2676/2676
f 2635/2635 2677/2677 2678/2678
f 2679/2679 2680/2680 2681/2681
f 2663/2663 2682/2682 2683/2683
f 2684/2684 2685/2685 2686/2686
f 2687/2687 2688/2688 2689/2689
f 2690/2690 2691/2691 2692/2692
f 2693/2693 2694/2694 2568/2568
f 2695/2695 2696/2696 2697/2697
f 2698/2698 2699/2699 2609/2609
f 2700/2700 2701/2701 2702/2702
f 2703/2703 2704/2704 2705/2705
f 2706/2706 2707/2707 2708/2708
f 2709/2709 2710/2710 2711/2711
f 2712/2712 2713/2713 2714/2714
f 2469/2469 2715/2715 2716/2716
f 2069/2069 2717/2717 2718/2718
f 2719/2719 2720/2720 2721/2721
f 2722/2722 2723/2723 2646/2646
f 2158/2158 2724/2724 2725/2725
f 2726/2726 2727/2727 2728/2728
f 2729/2729 2730/2730 2598/2598
f 2731/2731 2732/2732 2733/2733
f 2734/2734 2735/2735 2715/2715
f 2736/2736 2737/2737 2738/2738
f 2739/2739 2740/2740 2741/2741
f 2742/2742 2570/2570 2743/2743
f 2574/2574 2744/2744 2745/2745
f 2743/2743 2746/2746 2747/2747
f 2748/2748 2749/2749 2750/2750
f 2751/2751 2752/2752 2753/2753
f 2754/2754 2755/2755 2756/2756
f 2757/2757 2758/2758 2759/2759
f 2760/2760 2761/2761 2762/2762
f 2570/2570 2732/2732 2763/2763
f 2764/2764 2765/2765 2766/2766
f 2767/2767 159/159 2768/2768
f 2769/2769 2770/2770 2771/2771
f 2763/2763 2772/2772 2773/2773
f 2774/2774 2775/2775 2776/2776
f 2777/2777 2778/2778 2701/2701
f 2779/2779 2655/2655 2780/2780
f 2781/2781 2598/2598 2649/2649
f 2782/2782 2783/2783 2784/2784
f 2785/2785 2786/2786 2787/2787
f 2788/2788 2789/2789 2790/2790
f 2791/2791 2792/2792 2793/2793
f 2794/2794 2795/2795 2796/2796
f 2797/2797 2798/2798 2799/2799
f 2800/2800 2801/2801 2802/2802
f 2803/2803 2804/2804 2805/2805
f 2806/2806 2807/2807 2808/2808
f 2809/2809 2810/2810 2811/2811
f 2812/2812 2813/2813 2814/2814
f 2815/2815 2816/2816 2817/2817
f 2818/2818 2819/2819 1660/1660
f 2820/2820 2821/2821 2822/2822
f 2823/2823 2824/2824 2825/2825
f 2826/2826 2827/2827 2828/2828
f 2829/2829 2830/2830 2831/2831
f 2832/2832 2833/2833 2834/2834
f 2835/2835 2836/2836 2837/2837
f 2838/2838 2839/2839 2840/2840
f 2841/2841 2842/2842 2843/2843
f 2844/2844 2845/2845 2846/2846
f 2847/2847 2848/2848 2849/2849
f 2850/2850 2826/2826 2851/2851
f 2852/2852 2853/2853 2854/2854
f 2855/2855 2856/2856 2857/2857
f 2858/2858 2859/2859 2860/2860
f 2861/2861 2862/2862 2863/2863
f 2864/2864 2865/2865 2866/2866
f 2867/2867 2868/2868 2869/2869
f 2870/2870 2842/2842 2871/2871
f 2872/2872 2873/2873 2874/2874
f 2875/2875 2876/2876 2877/2877
f 2878/2878 2879/2879 2880/2880
f 2881/2881 2882/2882 2883/2883
f 2884/2884 2829/2829 2831/2831
f 2885/2885 2886/2886 2887/2887
f 2888/2888 2889/2889 2890/2890
f 2891/2891 2892/2892 2853/2853
f 2893/2893 2894/2894 2800/2800
f 2895/2895 1867/1867 2896/2896
f 2897/2897 2898/2898 2899/2899
f 2900/2900 2901/2901 2902/2902
f 2903/2903 2904/2904 2905/2905
f 2906/2906 2907/2907 2908/2908
f 2909/2909 2910/2910 2911/2911
f 2912/2912 2913/2913 2914/2914
f 2915/2915 2916/2916 2917/2917
f 2918/2918 2919/2919 2266/2266
f 2920/2920 2921/2921 2922/2922
f 2923/2923 2924/2924 2925/2925
f 2926/2926 2927/2927 2928/2928
f 2929/2929 2930/2930 2931/2931
f 2932/2932 2933/2933 2934/2934
f 2935/2935 2936/2936 2937/2937
f 2938/2938 2939/2939 2940/2940
f 2941/2941 2942/2942 2943/2943
f 2944/2944 2945/2945 2946/2946
f 2947/2947 2948/2948 2949/2949
f 2950/2950 2845/2845 2798/2798
f 2951/2951 2952/2952 2953/2953
f 2954/2954 2955/2955 2956/2956
f 2957/2957 2958/2958 2959/2959
f 2960/2960 2961/2961 2962/2962
f 2963/2963 2928/2928 2964/2964
f 2965/2965 2966/2966 2967/2967
f 2968/2968 2969/2969 2970/2970
f 2971/2971 2972/2972 2973/2973
f 2974/2974 2975/2975 2976/2976
f 2974/2974 2977/2977 2978/2978
f 2979/2979 2980/2980 2981/2981
f 2982/2982 2983/2983 2984/2984
f 2985/2985 2986/2986 2987/2987
f 2879/2879 2988/2988 2883/2883
f 2989/2989 2990/2990 2991/2991
f 2992/2992 2993/2993 2994/2994
f 2995/2995 2996/2996 2997/2997
f 2998/2998 2999/2999 3000/3000
f 3001/3001 1222/1222 3002/3002
f 2905/2905 3003/3003 3004/3004
f 3005/3005 3006/3006 3007/3007
f 3008/3008 3009/3009 3010/3010
f 3011/3011 3012/3012 3013/3013
f 3014/3014 2859/2859 3015/3015
f 2932/2932 3016/3016 3017/3017
f 3018/3018 3019/3019 3020/3020
f 2928/2928 3021/3021 3022/3022
f 3023/3023 3024/3024 3025/3025
f 3026/3026 3027/3027 3028/3028
f 2947/2947 3029/3029 3030/3030
f 3031/3031 3032/3032 3033/3033
f 3034/3034 3014/3014 3035/3035
f 3036/3036 3037/3037 3038/3038
f 3039/3039 3040/3040 3041/3041
f 3042/3042 3043/3043 3044/3044
f 3045/3045 3046/3046 3047/3047
f 3048/3048 3049/3049 3050/3050
f 3051/3051 3052/3052 3053/3053
f 3054/3054 3055/3055 3056/3056
f 3057/3057 3058/3058 3059/3059
f 3060/3060 3061/3061 3062/3062
f 3063/3063 3064/3064 3065/3065
f 3066/3066 3067/3067 3068/3068
f 2939/2939 3069/3069 3070/3070
f 3071/3071 3072/3072 3073/3073
f 3074/3074 3071/3071 3075/3075
f 3076/3076 3077/3077 3078/3078
f 3077/3077 3079/3079 3080/3080
f 3081/3081 3082/3082 3083/3083
f 3084/3084 3085/3085 3086/3086
f 3087/3087 3088/3088 3089/3089
f 3090/3090 3091/3091 3092/3092
f 3093/3093 3094/3094 3095/3095
f 3096/3096 3097/3097 3098/3098
f 3099/3099 3100/3100 3101/3101
f 3102/3102 3103/3103 3104/3104
f 3105/3105 3106/3106 3107/3107
f 3108/3108 3109/3109 3110/3110
f 3111/3111 3112/3112 3113/3113
f 3114/3114 3115/3115 3116/3116
f 3117/3117 3116/3116 3118/3118
f 3119/3119 3120/3120 3121/3121
f 3122/3122 3123/3123 3124/3124
f 3125/3125 2929/2929 3126/3126
f 3127/3127 3128/3128 3129/3129
f 3130/3130 3131/3131 3132/3132
f 3133/3133 3134/3134 3135/3135
f 3136/3136 3137/3137 3138/3138
f 2784/2784 3139/3139 3140/3140
f 3141/3141 3142/3142 3143/3143
f 3144/3144 2919/2919 3145/3145
f 3146/3146 3147/3147 3148/3148
f 3149/3149 3150/3150 3151/3151
f 3152/3152 3153/3153 3154/3154
f 3155/3155 3156/3156 3157/3157
f 3158/3158 3159/3159 3160/3160
f 3161/3161 3162/3162 3163/3163
f 3164/3164 3165/3165 3166/3166
f 3167/3167 3168/3168 3169/3169
f 3029/3029 3167/3167 2948/2948
f 3042/3042 3170/3170 3171/3171
f 3172/3172 3173/3173 3174/3174
f 3175/3175 3176/3176 3177/3177
f 3178/3178 3179/3179 3059/3059
f 3180/3180 3181/3181 3119/3119
f 3182/3182 3183/3183 3184/3184
f 3185/3185 3186/3186 3187/3187
f 3188/3188 3189/3189 3190/3190
f 3191/3191 3192/3192 3042/3042
f 3193/3193 3194/3194 3195/3195
f 3178/3178 3052/3052 3196/3196
f 3197/3197 3198/3198 3199/3199
f 3200/3200 3201/3201 3202/3202
f 3203/3203 3204/3204 3205/3205
f 3206/3206 3207/3207 3208/3208
f 3209/3209 3210/3210 3211/3211
f 3212/3212 3213/3213 3214/3214
f 3215/3215 2993/2993 3216/3216
f 3217/3217 3218/3218 3219/3219
f 3220/3220 3221/3221 3222/3222
f 3223/3223 3224/3224 3225/3225
f 3226/3226 3227/3227 3228/3228
f 3229/3229 3097/3097 3230/3230
f 3231/3231 3020/3020 3232/3232
f 3095/3095 3233/3233 3234/3234
f 3235/3235 3236/3236 3237/3237
f 3238/3238 2924/2924 3239/3239
f 3240/3240 3241/3241 2892/2892
f 3242/3242 3243/3243 3244/3244
f 3245/3245 3246/3246 3247/3247
f 3248/3248 3249/3249 3250/3250
f 3251/3251 3252/3252 3253/3253
f 3254/3254 3255/3255 3256/3256
f 3257/3257 3258/3258 3259/3259
f 3260/3260 3261/3261 3262/3262
f 3263/3263 3264/3264 3265/3265
f 3266/3266 3267/3267 3268/3268
f 3269/3269 3270/3270 3061/3061
f 3271/3271 3272/3272 3273/3273
f 3274/3274 3275/3275 3276/3276
f 3277/3277 3278/3278 3279/3279
f 3280/3280 2955/2955 3281/3281
f 3282/3282 3283/3283 3284/3284
f 2928/2928 3285/3285 3286/3286
f 3287/3287 3288/3288 3289/3289
f 3290/3290 3291/3291 3292/3292
f 3293/3293 3294/3294 3295/3295
f 3295/3295 3296/3296 3297/3297
f 3298/3298 3299/3299 3300/3300
f 3301/3301 3302/3302 3303/3303
f 3304/3304 3305/3305 3306/3306
f 3307/3307 3308/3308 3309/3309
f 3310/3310 3311/3311 3312/3312
f 3313/3313 3314/3314 3279/3279
f 3315/3315 3316/3316 3317/3317
f 3318/3318 3319/3319 3320/3320
f 3054/3054 3321/3321 3200/3200
f 3322/3322 3323/3323 3324/3324
f 3325/3325 3326/3326 3327/3327
f 3328/3328 3329/3329 3330/3330
f 3331/3331 3332/3332 3333/3333
f 3334/3334 2505/2505 3335/3335
f 3336/3336 3337/3337 3338/3338
f 3339/3339 3340/3340 3341/3341
f 3342/3342 3343/3343 3344/3344
f 3345/3345 3346/3346 3347/3347
f 3348/3348 3349/3349 3350/3350
f 3351/3351 3352/3352 3353/3353
f 3354/3354 3355/3355 3356/3356
f 3357/3357 3358/3358 3359/3359
f 3360/3360 3361/3361 3362/3362
f 3363/3363 3364/3364 3365/3365
f 3366/3366 3367/3367 3368/3368
f 3369/3369 3370/3370 3371/3371
f 3372/3372 3373/3373 3374/3374
f 3375/3375 3376/3376 3377/3377
f 3378/3378 3379/3379 3380/3380
f 3381/3381 3382/3382 3383/3383
f 3384/3384 3385/3385 3386/3386
f 3387/3387 3388/3388 3389/3389
f 3390/3390 3391/3391 3392/3392
f 3393/3393 3394/3394 3395/3395
f 3396/3396 3397/3397 3398/3398
f 3399/3399 3400/3400 3401/3401
f 3402/3402 3403/3403 3404/3404
f 3405/3405 3406/3406 3407/3407
f 3408/3408 3409/3409 3410/3410
f 3411/3411 3412/3412 3413/3413
f 3414/3414 3415/3415 3416/3416
f 3417/3417 3418/3418 3419/3419
f 3420/3420 3421/3421 3422/3422
f 3423/3423 3424/3424 3425/3425
f 3426/3426 3427/3427 3428/3428
f 3429/3429 3430/3430 3431/3431
f 3432/3432 3433/3433 3434/3434
f 3435/3435 3436/3436 3437/3437
f 3438/3438 3439/3439 3440/3440
f 3376/3376 3441/3441 3442/3442
f 3443/3443 3444/3444 3445/3445
f 3446/3446 3447/3447 3448/3448
f 3449/3449 3450/3450 3451/3451
f 3452/3452 3448/3448 3453/3453
f 3454/3454 3455/3455 3456/3456
f 3457/3457 3458/3458 3459/3459
f 3460/3460 3461/3461 3462/3462
f 3463/3463 3464/3464 3465/3465
f 3466/3466 3467/3467 3468/3468
f 3469/3469 3470/3470 3471/3471
f 3472/3472 3473/3473 3474/3474
f 3475/3475 3476/3476 3477/3477
f 3478/3478 3479/3479 3480/3480
f 3481/3481 3482/3482 3483/3483
f 3484/3484 3485/3485 3486/3486
f 3487/3487 3488/3488 3489/3489
f 3490/3490 3491/3491 3492/3492
f 3493/3493 3494/3494 3495/3495
f 3496/3496 3497/3497 3498/3498
f 2463/2463 3499/3499 3500/3500
f 3501/3501 3502/3502 3503/3503
f 3504/3504 3505/3505 3506/3506
f 3457/3457 3507/3507 3508/3508
f 3509/3509 3510/3510 3511/3511
f 3512/3512 3513/3513 3514/3514
f 3515/3515 3516/3516 3517/3517
f 3518/3518 3519/3519 3520/3520
f 3521/3521 3410/3410 3522/3522
f 3523/3523 3524/3524 3525/3525
f 3526/3526 3527/3527 3372/3372
f 3528/3528 3529/3529 3530/3530
f 3531/3531 3532/3532 3533/3533
f 3534/3534 3535/3535 3536/3536
f 3537/3537 3538/3538 3539/3539
f 3540/3540 3541/3541 3542/3542
f 3543/3543 3544/3544 3545/3545
f 3546/3546 3547/3547 3548/3548
f 3549/3549 3550/3550 3551/3551
f 3552/3552 3553/3553 3554/3554
f 3555/3555 3556/3556 3557/3557
f 3558/3558 3559/3559 3560/3560
f 3561/3561 3562/3562 3563/3563
f 3564/3564 3565/3565 3566/3566
f 3567/3567 3568/3568 3569/3569
f 3570/3570 3571/3571 3572/3572
f 3573/3573 3574/3574 3575/3575
f 3576/3576 3577/3577 3578/3578
f 3579/3579 3580/3580 3581/3581
f 3582/3582 3583/3583 3584/3584
f 3585/3585 3586/3586 3580/3580
f 3587/3587 3588/3588 3589/3589
f 3590/3590 3561/3561 3556/3556
f 3591/3591 3592/3592 3593/3593
f 3594/3594 3595/3595 3596/3596
f 3597/3597 3598/3598 3599/3599
f 3600/3600 3601/3601 3602/3602
f 3603/3603 3604/3604 3605/3605
f 3606/3606 3607/3607 3608/3608
f 3609/3609 3610/3610 3611/3611
f 3612/3612 3613/3613 3614/3614
f 3615/3615 3616/3616 3617/3617
f 3618/3618 3619/3619 3620/3620
f 3621/3621 3622/3622 3623/3623
f 3624/3624 3625/3625 3626/3626
f 3627/3627 3628/3628 3629/3629
f 3630/3630 3631/3631 3632/3632
f 3633/3633 3634/3634 3635/3635
f 3636/3636 3637/3637 3638/3638
f 3639/3639 3640/3640 3641/3641
f 3642/3642 3643/3643 3644/3644
f 3645/3645 3646/3646 3647/3647
f 3648/3648 3649/3649 3650/3650
f 3651/3651 3652/3652 3653/3653
f 3651/3651 3654/3654 3655/3655
f 3656/3656 3657/3657 3658/3658
f 3617/3617 3659/3659 3660/3660
f 3661/3661 3627/3627 3662/3662
f 3663/3663 3664/3664 3665/3665
f 3666/3666 3667/3667 3668/3668
f 3669/3669 3670/3670 3671/3671
f 3672/3672 3673/3673 3674/3674
f 3675/3675 3676/3676 3677/3677
f 3678/3678 3679/3679 3680/3680
f 3681/3681 3682/3682 3683/3683
f 3684/3684 3685/3685 3686/3686
f 3687/3687 3688/3688 3689/3689
f 3690/3690 3691/3691 3692/3692
f 3693/3693 3694/3694 3695/3695
f 3696/3696 3687/3687 3689/3689
f 3697/3697 3698/3698 3699/3699
f 3700/3700 3701/3701 3702/3702
f 3701/3701 3703/3703 3704/3704
f 3705/3705 3699/3699 3706/3706
f 3707/3707 3708/3708 3709/3709
f 3710/3710 3711/3711 3712/3712
f 3713/3713 3714/3714 3715/3715
f 3716/3716 3717/3717 3708/3708
f 3717/3717 3718/3718 3719/3719
f 3720/3720 3721/3721 3722/3722
f 3723/3723 3724/3724 3725/3725
f 3726/3726 3727/3727 3728/3728
f 3729/3729 3730/3730 3731/3731
f 3732/3732 3733/3733 3734/3734
f 3735/3735 3736/3736 3737/3737
f 3738/3738 3739/3739 3740/3740
f 3741/3741 3742/3742 3743/3743
f 3744/3744 3745/3745 3746/3746
f 3747/3747 3748/3748 3749/3749
f 3750/3750 3751/3751 3752/3752
f 3753/3753 3754/3754 3745/3745
f 3755/3755 3756/3756 3757/3757
f 3758/3758 3759/3759 3760/3760
f 3761/3761 3762/3762 3763/3763
f 3761/3761 3764/3764 3765/3765
f 3766/3766 3767/3767 3768/3768
f 3769/3769 3770/3770 3771/3771
f 3772/3772 3773/3773 3774/3774
f 3775/3775 3776/3776 3777/3777
f 3778/3778 3779/3779 3780/3780
f 3781/3781 3782/3782 3783/3783
f 3784/3784 3785/3785 3786/3786
f 3787/3787 3788/3788 3701/3701
f 3789/3789 3790/3790 3791/3791
f 3792/3792 3793/3793 3794/3794
f 3795/3795 3796/3796 3797/3797
f 3798/3798 3799/3799 3800/3800
f 3801/3801 3802/3802 3803/3803
f 3804/3804 3805/3805 3806/3806
f 3807/3807 3808/3808 3809/3809
f 3810/3810 3811/3811 3812/3812
f 3813/3813 3814/3814 3815/3815
f 3816/3816 3817/3817 3818/3818
f 3819/3819 3820/3820 3821/3821
f 3822/3822 3823/3823 3689/3689
f 3824/3824 3825/3825 3826/3826
f 3827/3827 3828/3828 3829/3829
f 3830/3830 3831/3831 3832/3832
f 3833/3833 3834/3834 3835/3835
f 3836/3836 3837/3837 3838/3838
f 3839/3839 3840/3840 3841/3841
f 3842/3842 3843/3843 3844/3844
f 3845/3845 3846/3846 3847/3847
f 3848/3848 3849/3849 3850/3850
f 3695/3695 3851/3851 3852/3852
f 3853/3853 3854/3854 3855/3855
f 3856/3856 3857/3857 3858/3858
f 3859/3859 3860/3860 3861/3861
f 3862/3862 3863/3863 3864/3864
f 3865/3865 3866/3866 3867/3867
f 3868/3868 3869/3869 3870/3870
f 3871/3871 3757/3757 3872/3872
f 3873/3873 3874/3874 3801/3801
f 3875/3875 3876/3876 3877/3877
f 3878/3878 3879/3879 3880/3880
f 3881/3881 3882/3882 3883/3883
f 3884/3884 3885/3885 3886/3886
f 3887/3887 3888/3888 3889/3889
f 3697/3697 3890/3890 3891/3891
f 3892/3892 3893/3893 3894/3894
f 3895/3895 3896/3896 3897/3897
f 3898/3898 3849/3849 3899/3899
f 3900/3900 3901/3901 3902/3902
f 3903/3903 3904/3904 3905/3905
f 3906/3906 3907/3907 3908/3908
f 3909/3909 3910/3910 3911/3911
f 3912/3912 3913/3913 3914/3914
f 3915/3915 3916/3916 3917/3917
f 3866/3866 3918/3918 3919/3919
f 3920/3920 3921/3921 3922/3922
f 3923/3923 3924/3924 3925/3925
f 3926/3926 3927/3927 3928/3928
f 3929/3929 3930/3930 3931/3931
f 3932/3932 3933/3933 3934/3934
f 3935/3935 3936/3936 3937/3937
f 3938/3938 3939/3939 3940/3940
f 3941/3941 3942/3942 3943/3943
f 3944/3944 3945/3945 3946/3946
f 3947/3947 3948/3948 3949/3949
f 3950/3950 3951/3951 3952/3952
f 3953/3953 3954/3954 3672/3672
f 3955/3955 3956/3956 3957/3957
f 3958/3958 3959/3959 3960/3960
f 3961/3961 3881/3881 3962/3962
f 3963/3963 3964/3964 3965/3965
f 3966/3966 3967/3967 3968/3968
f 3969/3969 3970/3970 3801/3801
f 3797/3797 3971/3971 3789/3789
f 3972/3972 3973/3973 3974/3974
f 3975/3975 3976/3976 3977/3977
f 3978/3978 3979/3979 3980/3980
f 3981/3981 3982/3982 3701/3701
f 3983/3983 3984/3984 3985/3985
f 3986/3986 3987/3987 3988/3988
f 3989/3989 3990/3990 3991/3991
f 3992/3992 3993/3993 3994/3994
f 3995/3995 3996/3996 3997/3997
f 3998/3998 3999/3999 4000/4000
f 4001/4001 4002/4002 4003/4003
f 4004/4004 4005/4005 4006/4006
f 4007/4007 4008/4008 4009/4009
f 4010/4010 4011/4011 4012/4012
f 4013/4013 4014/4014 4015/4015
f 4016/4016 4017/4017 3774/3774
f 4018/4018 4019/4019 4020/4020
f 4021/4021 4022/4022 4023/4023
f 4024/4024 4025/4025 4026/4026
f 4027/4027 4028/4028 4029/4029
f 4030/4030 4031/4031 4032/4032
f 4033/4033 4034/4034 4035/4035
f 4036/4036 4037/4037 4038/4038
f 4039/4039 4040/4040 4041/4041
f 4042/4042 4043/4043 4044/4044
f 4045/4045 4046/4046 3778/3778
f 4047/4047 4048/4048 4049/4049
f 4050/4050 4051/4051 4052/4052
f 4053/4053 4054/4054 4055/4055
f 4056/4056 4057/4057 4058/4058
f 4059/4059 4060/4060 4061/4061
f 4062/4062 4063/4063 4064/4064
f 4065/4065 4066/4066 4067/4067
f 3728/3728 4068/4068 4069/4069
f 4070/4070 4071/4071 4072/4072
f 4073/4073 4074/4074 3744/3744
f 4075/4075 4076/4076 4077/4077
f 4078/4078 4079/4079 4080/4080
f 4012/4012 4081/4081 4082/4082
f 4083/4083 4084/4084 4085/4085
f 4086/4086 4087/4087 4085/4085
f 4088/4088 4089/4089 4090/4090
f 3672/3672 4091/4091 4092/4092
f 4093/4093 4094/4094 4095/4095
f 4096/4096 4097/4097 4098/4098
f 4099/4099 4100/4100 4101/4101
f 4102/4102 4103/4103 4104/4104
f 4105/4105 4106/4106 4107/4107
f 4108/4108 4109/4109 4110/4110
f 4111/4111 4112/4112 4113/4113
f 4109/4109 4114/4114 4115/4115
f 4116/4116 4117/4117 4118/4118
f 4119/4119 4120/4120 4121/4121
f 4122/4122 4123/4123 4124/4124
f 4125/4125 4126/4126 4127/4127
f 4128/4128 4129/4129 4130/4130
f 4131/4131 4076/4076 4075/4075
f 4132/4132 4133/4133 3978/3978
f 4134/4134 4135/4135 4136/4136
f 4137/4137 4138/4138 4139/4139
f 4140/4140 4141/4141 4142/4142
f 4143/4143 4144/4144 4145/4145
f 4146/4146 4147/4147 4148/4148
f 4149/4149 4150/4150 4151/4151
f 4152/4152 4153/4153 4154/4154
f 4155/4155 4156/4156 4157/4157
f 4158/4158 4159/4159 4160/4160
f 4161/4161 4162/4162 4163/4163
f 4164/4164 4165/4165 4166/4166
f 4167/4167 4168/4168 4169/4169
f 4170/4170 4171/4171 4172/4172
f 4173/4173 4174/4174 4175/4175
f 4176/4176 4177/4177 4178/4178
f 4179/4179 4180/4180 4181/4181
f 4182/4182 4183/4183 4184/4184
f 4185/4185 4186/4186 4187/4187
f 4188/4188 4189/4189 4190/4190
f 4191/4191 4192/4192 4193/4193
f 4194/4194 4195/4195 4196/4196
f 4197/4197 4198/4198 4199/4199
f 4200/4200 4201/4201 4202/4202
f 4203/4203 4204/4204 4205/4205
f 4206/4206 4207/4207 4208/4208
f 4209/4209 4210/4210 4211/4211
f 4212/4212 4213/4213 4214/4214
f 4215/4215 4216/4216 4217/4217
f 4218/4218 4219/4219 4220/4220
f 4221/4221 4222/4222 4223/4223
f 4224/4224 4225/4225 4226/4226
f 4227/4227 4228/4228 4229/4229
f 4230/4230 4231/4231 4232/4232
f 4233/4233 4234/4234 4235/4235
f 4236/4236 4237/4237 4238/4238
f 4239/4239 4240/4240 4241/4241
f 4242/4242 4243/4243 4244/4244
f 4245/4245 4246/4246 4247/4247
f 4248/4248 4249/4249 4141/4141
f 4250/4250 4251/4251 4252/4252
f 4253/4253 4254/4254 4255/4255
f 4256/4256 4257/4257 4258/4258
f 4259/4259 4260/4260 4261/4261
f 4262/4262 4263/4263 4264/4264
f 4265/4265 4266/4266 4267/4267
f 4268/4268 4269/4269 4270/4270
f 4271/4271 4272/4272 4273/4273
f 4274/4274 4275/4275 4276/4276
f 4277/4277 4278/4278 4279/4279
f 4280/4280 4281/4281 4282/4282
f 4283/4283 4284/4284 4285/4285
f 4286/4286 4287/4287 4288/4288
f 4289/4289 4290/4290 4291/4291
f 4292/4292 4293/4293 4294/4294
f 4295/4295 4296/4296 4297/4297
f 4298/4298 4299/4299 4300/4300
f 4301/4301 4302/4302 4303/4303
f 4304/4304 4305/4305 4306/4306
f 4307/4307 4308/4308 3825/3825
f 4309/4309 4310/4310 4311/4311
f 4312/4312 4313/4313 4215/4215
f 4314/4314 4315/4315 4316/4316
f 4317/4317 4318/4318 4319/4319
f 4320/4320 4321/4321 4322/4322
f 4323/4323 4324/4324 4325/4325
f 4326/4326 4327/4327 4328/4328
f 4329/4329 4330/4330 4331/4331
f 4332/4332 4333/4333 4334/4334
f 4335/4335 4336/4336 4337/4337
f 4338/4338 4339/4339 4340/4340
f 4341/4341 4342/4342 4343/4343
f 4344/4344 4345/4345 4346/4346
f 4213/4213 4347/4347 4348/4348
f 4349/4349 4350/4350 4351/4351
f 4352/4352 4353/4353 4354/4354
f 4355/4355 4356/4356 4357/4357
f 4358/4358 4359/4359 4360/4360
f 4361/4361 4362/4362 4363/4363
f 4364/4364 4365/4365 4366/4366
f 4367/4367 4368/4368 4369/4369
f 4370/4370 4371/4371 4372/4372
f 4373/4373 4374/4374 4375/4375
f 4376/4376 4377/4377 4378/4378
f 4379/4379 4380/4380 4381/4381
f 4382/4382 4383/4383 4384/4384
f 4385/4385 4386/4386 4387/4387
f 4076/4076 4388/4388 4117/4117
f 4389/4389 4133/4133 4131/4131
f 4390/4390 4391/4391 4392/4392
f 4244/4244 4393/4393 4394/4394
f 4235/4235 4395/4395 4396/4396
f 4397/4397 4398/4398 4399/4399
f 4134/4134 4400/4400 4401/4401
f 4402/4402 4403/4403 4404/4404
f 4405/4405 4406/4406 4407/4407
f 4408/4408 4409/4409 4410/4410
f 4411/4411 4361/4361 4412/4412
f 4413/4413 3812/3812 4414/4414
f 4415/4415 4416/4416 4417/4417
f 4418/4418 4419/4419 4420/4420
f 4421/4421 4205/4205 4422/4422
f 4423/4423 4424/4424 4425/4425
f 4426/4426 4427/4427 4428/4428
f 4429/4429 4430/4430 4431/4431
f 4432/4432 4433/4433 4434/4434
f 4427/4427 4435/4435 4436/4436
f 4437/4437 4438/4438 4439/4439
f 4440/4440 4441/4441 4442/4442
f 4443/4443 4444/4444 4445/4445
f 4446/4446 4447/4447 4448/4448
f 4449/4449 4450/4450 4451/4451
f 4452/4452 4453/4453 4454/4454
f 4455/4455 4379/4379 4456/4456
f 4457/4457 4110/4110 4458/4458
f 4459/4459 4460/4460 4461/4461
f 4462/4462 4463/4463 4464/4464
f 4465/4465 4466/4466 4467/4467
f 4468/4468 4469/4469 4470/4470
f 4471/4471 4472/4472 4473/4473
f 4474/4474 4475/4475 4476/4476
f 4477/4477 4146/4146 4119/4119
f 4478/4478 4479/4479 4480/4480
f 4481/4481 4268/4268 4103/4103
f 4482/4482 4483/4483 4129/4129
f 4484/4484 4485/4485 4486/4486
f 4487/4487 4488/4488 4489/4489
f 4490/4490 4491/4491 4492/4492
f 4493/4493 4214/4214 4325/4325
f 4494/4494 4495/4495 4496/4496
f 4497/4497 4109/4109 4498/4498
f 4499/4499 4500/4500 4501/4501
f 4502/4502 4503/4503 4504/4504
f 4505/4505 4506/4506 4507/4507
f 4508/4508 4509/4509 4510/4510
f 4511/4511 4512/4512 4513/4513
f 4514/4514 4515/4515 4516/4516
f 4517/4517 4518/4518 4519/4519
f 4117/4117 4520/4520 4521/4521
f 4522/4522 4523/4523 4524/4524
f 4525/4525 4511/4511 4526/4526
f 4527/4527 4528/4528 4529/4529
f 4530/4530 4531/4531 4532/4532
f 4533/4533 4534/4534 4535/4535
f 4536/4536 4537/4537 4538/4538
f 4539/4539 4540/4540 4541/4541
f 4542/4542 4543/4543 4544/4544
f 4545/4545 4546/4546 4547/4547
f 4548/4548 4549/4549 4550/4550
f 4551/4551 4552/4552 4553/4553
f 4554/4554 4555/4555 4556/4556
f 4557/4557 4558/4558 4559/4559
f 4560/4560 4561/4561 4562/4562
f 4563/4563 4564/4564 4565/4565
f 4566/4566 4567/4567 4568/4568
f 4569/4569 4570/4570 4571/4571
f 4572/4572 4573/4573 4574/4574
f 4575/4575 4573/4573 4576/4576
f 4577/4577 4578/4578 4579/4579
f 4580/4580 4581/4581 4582/4582
f 4583/4583 4584/4584 4585/4585
f 4586/4586 4587/4587 4588/4588
f 4589/4589 4590/4590 4591/4591
f 4592/4592 4593/4593 4587/4587
f 4594/4594 4595/4595 4596/4596
f 4597/4597 4598/4598 4599/4599
f 2893/2893 4600/4600 4601/4601
f 4602/4602 4603/4603 4604/4604
f 4605/4605 4606/4606 4607/4607
f 4608/4608 4609/4609 4610/4610
f 4611/4611 4612/4612 4613/4613
f 4614/4614 4615/4615 4616/4616
f 2805/2805 4617/4617 4618/4618
f 4619/4619 4620/4620 4621/4621
f 4622/4622 2805/2805 4623/4623
f 4624/4624 4625/4625 4626/4626
f 4627/4627 4628/4628 4629/4629
f 4630/4630 4631/4631 4632/4632
f 4633/4633 4634/4634 4635/4635
f 4636/4636 4637/4637 4638/4638
f 4639/4639 4640/4640 4641/4641
f 4642/4642 4643/4643 4644/4644
f 4645/4645 4646/4646 4647/4647
f 4648/4648 4649/4649 4650/4650
f 4651/4651 4652/4652 4653/4653
f 4654/4654 4655/4655 4656/4656
f 4657/4657 4658/4658 4659/4659
f 4660/4660 4661/4661 4662/4662
f 4663/4663 4664/4664 4665/4665
f 4666/4666 4667/4667 4668/4668
f 4669/4669 4670/4670 4671/4671
f 4672/4672 4673/4673 4674/4674
f 4675/4675 4676/4676 4677/4677
f 4678/4678 4679/4679 4680/4680
f 4681/4681 4682/4682 4683/4683
f 4684/4684 4685/4685 4686/4686
f 4687/4687 4688/4688 4689/4689
f 4690/4690 4691/4691 4692/4692
f 4590/4590 4693/4693 4614/4614
f 4694/4694 4695/4695 4696/4696
f 4697/4697 4698/4698 4699/4699
f 4700/4700 4701/4701 4702/4702
f 4703/4703 4704/4704 4705/4705
f 4706/4706 4707/4707 4708/4708
f 4709/4709 4710/4710 4711/4711
f 4712/4712 4713/4713 4714/4714
f 4715/4715 4716/4716 4717/4717
f 4718/4718 4719/4719 4720/4720
f 4721/4721 4722/4722 4551/4551
f 4723/4723 4644/4644 4641/4641
f 4724/4724 4725/4725 4726/4726
f 4727/4727 4728/4728 4729/4729
f 4730/4730 4731/4731 4732/4732
f 4733/4733 4734/4734 4735/4735
f 4736/4736 4737/4737 4738/4738
f 4739/4739 4740/4740 4741/4741
f 4742/4742 4586/4586 4743/4743
f 4744/4744 4745/4745 4746/4746
f 4747/4747 4748/4748 4749/4749
f 4750/4750 4751/4751 4752/4752
f 4753/4753 4754/4754 4755/4755
f 4756/4756 4757/4757 3916/3916
f 4758/4758 4759/4759 4760/4760
f 4761/4761 4762/4762 4763/4763
f 4764/4764 4712/4712 4765/4765
f 4766/4766 4767/4767 4768/4768
f 4769/4769 4770/4770 4771/4771
f 4772/4772 4773/4773 4774/4774
f 4775/4775 4776/4776 4777/4777
f 4778/4778 4779/4779 4780/4780
f 4781/4781 4782/4782 4783/4783
f 4784/4784 4785/4785 4786/4786
f 4787/4787 4788/4788 4789/4789
f 4671/4671 4790/4790 4791/4791
f 4792/4792 4793/4793 4794/4794
f 4795/4795 4796/4796 3858/3858
f 4797/4797 4798/4798 4799/4799
f 3866/3866 4800/4800 3918/3918
f 4801/4801 4802/4802 4803/4803
f 4804/4804 4805/4805 4806/4806
f 4807/4807 4808/4808 4809/4809
f 4810/4810 4610/4610 4811/4811
f 4812/4812 4813/4813 4814/4814
f 4815/4815 4816/4816 4817/4817
f 4818/4818 4819/4819 4820/4820
f 4821/4821 4822/4822 4823/4823
f 4824/4824 4825/4825 4826/4826
f 4827/4827 4828/4828 4829/4829
f 4830/4830 4831/4831 4832/4832
f 4833/4833 4834/4834 4667/4667
f 4835/4835 4836/4836 4833/4833
f 4837/4837 4660/4660 4838/4838
f 4839/4839 4840/4840 4841/4841
f 4842/4842 4843/4843 4639/4639
f 4751/4751 4844/4844 4845/4845
f 4846/4846 4847/4847 4848/4848
f 4849/4849 4850/4850 4851/4851
f 4852/4852 4853/4853 4849/4849
f 4854/4854 4855/4855 3942/3942
f 4856/4856 4857/4857 4858/4858
f 4859/4859 4860/4860 4861/4861
f 4862/4862 4863/4863 4864/4864
f 4865/4865 4866/4866 4867/4867
f 4868/4868 4869/4869 4870/4870
f 4871/4871 4872/4872 4873/4873
f 4874/4874 4875/4875 4876/4876
f 4877/4877 4878/4878 4879/4879
f 4671/4671 4880/4880 4881/4881
f 4882/4882 4883/4883 4728/4728
f 4884/4884 4885/4885 4886/4886
f 4887/4887 4888/4888 4652/4652
f 4889/4889 4890/4890 4891/4891
f 4892/4892 4893/4893 4894/4894
f 4895/4895 4896/4896 4897/4897
f 4898/4898 4899/4899 4900/4900
f 4901/4901 4902/4902 4903/4903
f 4904/4904 4905/4905 4906/4906
f 4907/4907 4908/4908 4909/4909
f 4910/4910 4911/4911 4912/4912
f 4913/4913 4914/4914 4915/4915
f 4916/4916 4917/4917 4918/4918
f 4784/4784 4919/4919 4920/4920
f 4921/4921 4922/4922 4923/4923
f 4924/4924 4925/4925 4926/4926
f 4927/4927 4928/4928 4929/4929
f 4930/4930 4931/4931 4574/4574
f 4932/4932 4933/4933 4934/4934
f 4935/4935 4936/4936 4937/4937
f 4938/4938 4939/4939 4940/4940
f 4941/4941 4942/4942 4943/4943
f 4944/4944 4945/4945 4946/4946
f 4947/4947 4948/4948 4949/4949
f 4950/4950 4951/4951 4952/4952
f 4953/4953 4954/4954 4955/4955
f 4956/4956 4957/4957 4958/4958
f 4959/4959 4960/4960 4961/4961
f 4962/4962 4963/4963 4964/4964
f 4965/4965 4966/4966 4967/4967
f 4968/4968 4969/4969 4970/4970
f 4971/4971 4972/4972 4973/4973
f 4974/4974 4975/4975 4976/4976
f 4977/4977 4978/4978 4979/4979
f 4980/4980 4981/4981 4982/4982
f 4983/4983 4984/4984 4985/4985
f 4986/4986 4987/4987 4988/4988
f 4989/4989 4990/4990 4991/4991
f 4992/4992 4993/4993 4994/4994
f 4995/4995 4996/4996 4771/4771
f 4997/4997 4998/4998 4999/4999
f 5000/5000 5001/5001 4931/4931
f 5002/5002 5003/5003 5004/5004
f 4821/4821 5005/5005 5006/5006
f 5007/5007 5008/5008 4934/4934
f 5009/5009 5010/5010 5011/5011
f 5012/5012 5013/5013 5014/5014
f 5015/5015 5016/5016 5017/5017
f 5018/5018 5019/5019 5020/5020
f 5021/5021 5022/5022 5023/5023
f 5024/5024 5025/5025 5026/5026
f 5027/5027 5028/5028 5029/5029
f 5030/5030 4793/4793 5031/5031
f 5032/5032 5033/5033 5034/5034
f 5035/5035 4770/4770 5036/5036
f 5037/5037 5038/5038 5039/5039
f 5040/5040 5041/5041 5042/5042
f 5043/5043 5005/5005 5044/5044
f 5045/5045 5046/5046 5047/5047
f 5048/5048 5049/5049 5050/5050
f 5051/5051 5052/5052 5053/5053
f 4572/4572 5054/5054 5055/5055
f 5056/5056 5057/5057 4570/4570
f 5058/5058 5059/5059 5060/5060
f 5061/5061 5062/5062 5063/5063
f 5025/5025 5064/5064 5065/5065
f 5066/5066 5067/5067 5068/5068
f 5069/5069 5070/5070 5071/5071
f 5072/5072 5073/5073 5074/5074
f 5075/5075 5076/5076 5077/5077
f 5078/5078 5079/5079 5080/5080
f 5081/5081 5082/5082 5083/5083
f 5084/5084 4983/4983 5085/5085
f 5086/5086 5087/5087 5088/5088
f 5089/5089 5090/5090 5091/5091
f 5092/5092 4971/4971 5093/5093
f 5094/5094 5095/5095 5096/5096
f 5097/5097 5098/5098 4971/4971
f 5099/5099 5100/5100 5101/5101
f 5102/5102 5103/5103 5104/5104
f 5105/5105 5106/5106 5107/5107
f 5108/5108 4571/4571 5109/5109
f 5108/5108 5110/5110 5068/5068
f 5111/5111 5022/5022 4571/4571
f 5112/5112 5113/5113 5114/5114
f 5115/5115 5116/5116 5080/5080
f 4960/4960 5117/5117 5118/5118
f 5119/5119 5120/5120 5121/5121
f 5122/5122 5123/5123 5124/5124
f 5125/5125 5126/5126 5127/5127
f 4896/4896 4608/4608 5128/5128
f 5129/5129 5130/5130 5131/5131
f 5132/5132 5133/5133 5134/5134
f 5135/5135 4935/4935 5136/5136
f 5137/5137 5138/5138 5139/5139
f 4894/4894 5140/5140 5141/5141
f 5142/5142 5143/5143 5144/5144
f 4908/4908 5145/5145 5146/5146
f 5147/5147 5148/5148 5149/5149
f 5150/5150 5151/5151 5152/5152
f 5153/5153 5154/5154 5155/5155
f 5156/5156 5157/5157 5158/5158
f 5159/5159 5160/5160 5161/5161
f 5162/5162 5163/5163 5164/5164
f 5165/5165 5166/5166 5167/5167
f 5168/5168 5169/5169 5170/5170
f 5171/5171 5159/5159 5172/5172
f 5173/5173 5174/5174 5175/5175
f 5176/5176 5177/5177 5178/5178
f 5179/5179 5180/5180 5181/5181
f 5182/5182 5183/5183 5184/5184
f 5185/5185 5186/5186 5187/5187
f 5188/5188 5189/5189 5190/5190
f 5191/5191 5192/5192 5193/5193
f 5193/5193 5194/5194 5195/5195
f 5187/5187 5196/5196 5197/5197
f 5198/5198 5199/5199 5200/5200
f 5201/5201 5202/5202 5203/5203
f 5204/5204 5205/5205 5206/5206
f 5207/5207 5208/5208 5209/5209
f 5210/5210 5211/5211 5212/5212
f 5213/5213 5214/5214 5199/5199
f 5215/5215 5216/5216 5217/5217
f 5218/5218 5219/5219 5220/5220
f 5221/5221 5222/5222 5223/5223
f 5224/5224 5225/5225 5226/5226
f 5227/5227 5228/5228 5229/5229
f 5230/5230 5231/5231 5232/5232
f 5233/5233 5234/5234 5235/5235
f 5236/5236 5237/5237 5238/5238
f 5239/5239 5240/5240 5241/5241
f 5242/5242 5243/5243 5244/5244
f 5245/5245 5246/5246 5247/5247
f 5248/5248 5249/5249 5250/5250
f 5251/5251 5252/5252 5253/5253
f 5254/5254 5255/5255 5256/5256
f 5257/5257 5258/5258 5259/5259
f 5212/5212 5125/5125 5260/5260
f 5261/5261 5262/5262 5263/5263
f 5264/5264 5265/5265 5266/5266
f 5267/5267 5268/5268 5269/5269
f 5270/5270 5271/5271 5272/5272
f 5273/5273 5274/5274 5275/5275
f 5276/5276 5277/5277 5278/5278
f 5279/5279 5280/5280 5281/5281
f 5282/5282 5283/5283 5284/5284
f 5285/5285 5286/5286 5287/5287
f 5288/5288 5289/5289 5290/5290
f 5291/5291 5292/5292 5293/5293
f 5294/5294 5214/5214 5295/5295
f 5296/5296 5297/5297 5298/5298
f 5299/5299 5300/5300 5301/5301
f 5302/5302 5303/5303 5304/5304
f 5305/5305 5306/5306 5307/5307
f 5308/5308 5309/5309 5310/5310
f 5311/5311 5312/5312 5313/5313
f 5284/5284 5314/5314 5315/5315
f 5316/5316 5317/5317 5177/5177
f 5318/5318 5319/5319 5320/5320
f 5321/5321 5322/5322 5323/5323
f 5324/5324 5325/5325 5319/5319
f 5326/5326 5327/5327 5324/5324
f 5328/5328 5329/5329 5330/5330
f 5331/5331 5332/5332 5275/5275
f 5333/5333 5334/5334 5335/5335
f 5336/5336 5337/5337 5338/5338
f 5339/5339 5340/5340 5272/5272
f 5341/5341 5342/5342 5343/5343
f 5344/5344 5345/5345 5346/5346
f 5347/5347 5348/5348 5349/5349
f 5350/5350 5351/5351 5352/5352
f 5353/5353 5354/5354 5355/5355
f 5300/5300 5356/5356 5357/5357
f 5358/5358 5359/5359 5360/5360
f 5361/5361 5292/5292 5362/5362
f 5363/5363 5364/5364 5188/5188
f 5365/5365 5366/5366 5367/5367
f 5368/5368 5369/5369 5370/5370
f 5371/5371 5372/5372 5373/5373
f 5374/5374 5375/5375 5376/5376
f 5377/5377 5236/5236 5378/5378
f 5379/5379 5380/5380 5381/5381
f 5382/5382 5383/5383 5384/5384
f 5385/5385 5386/5386 5387/5387
f 5388/5388 5389/5389 5159/5159
f 5169/5169 5173/5173 5385/5385
f 5390/5390 5391/5391 5392/5392
f 5390/5390 5392/5392 5393/5393
f 5394/5394 5395/5395 5396/5396
f 5394/5394 5396/5396 5397/5397
f 5398/5398 5399/5399 5400/5400
f 5398/5398 5400/5400 5401/5401
f 5402/5402 5403/5403 5404/5404
f 5402/5402 5404/5404 5405/5405
f 5406/5406 5407/5407 5408/5408
f 5406/5406 5408/5408 5409/5409
f 5410/5410 5411/5411 5412/5412
f 5410/5410 5412/5412 5413/5413
f 5414/5414 5415/5415 5416/5416
f 5414/5414 5416/5416 5417/5417
f 5418/5418 5419/5419 5420/5420
f 5418/5418 5420/5420 5421/5421
f 5422/5422 5423/5423 5424/5424
f 5422/5422 5424/5424 5425/5425
f 5426/5426 5427/5427 5428/5428
f 5426/5426 5428/5428 5429/5429
f 131/131 5430/5430 5431/5431
f 131/131 5431/5431 5432/5432
f 5433/5433 5434/5434 5435/5435
f 5433/5433 5435/5435 157/157
f 5436/5436 5437/5437 164/164
f 5436/5436 164/164 5428/5428
f 5438/5438 5439/5439 5440/5440
f 5438/5438 5440/5440 5441/5441
f 5442/5442 5443/5443 5444/5444
f 5442/5442 5444/5444 5445/5445
f 5446/5446 5447/5447 5448/5448
f 5446/5446 5448/5448 5449/5449
f 5450/5450 5451/5451 5452/5452
f 5450/5450 5452/5452 5453/5453
f 5454/5454 5455/5455 5456/5456
f 5454/5454 5456/5456 5457/5457
f 116/116 77/77 5458/5458
f 116/116 5458/5458 5459/5459
f 5460/5460 87/87 42/42
f 5460/5460 42/42 5461/5461
f 77/77 5462/5462 5463/5463
f 77/77 5463/5463 5464/5464
f 5465/5465 5466/5466 5467/5467
f 5465/5465 5467/5467 5468/5468
f 5469/5469 5470/5470 5471/5471
f 5469/5469 5471/5471 5472/5472
f 5473/5473 5474/5474 5475/5475
f 5473/5473 5475/5475 5476/5476
f 156/156 5477/5477 5478/5478
f 156/156 5478/5478 5479/5479
f 5480/5480 5481/5481 5482/5482
f 5480/5480 5482/5482 5483/5483
f 5484/5484 5485/5485 5486/5486
f 5484/5484 5486/5486 5487/5487
f 5488/5488 5489/5489 5490/5490
f 5488/5488 5490/5490 5491/5491
f 5492/5492 5493/5493 5494/5494
f 5492/5492 5494/5494 5495/5495
f 5496/5496 5497/5497 5498/5498
f 5496/5496 5498/5498 5499/5499
f 5500/5500 5501/5501 5502/5502
f 5500/5500 5502/5502 5503/5503
f 5504/5504 5505/5505 5506/5506
f 5504/5504 5506/5506 5507/5507
f 5508/5508 5509/5509 5510/5510
f 5508/5508 5510/5510 5511/5511
f 5512/5512 5513/5513 5514/5514
f 5512/5512 5514/5514 5515/5515
f 5516/5516 5517/5517 222/222
f 5516/5516 222/222 5518/5518
f 5519/5519 191/191 5520/5520
f 5519/5519 5520/5520 226/226
f 5521/5521 5522/5522 5523/5523
f 5521/5521 5523/5523 5524/5524
f 562/562 5525/5525 5526/5526
f 562/562 5526/5526 5527/5527
f 559/559 5528/5528 5529/5529
f 559/559 5529/5529 5530/5530
f 5531/5531 331/331 5532/5532
f 5531/5531 5532/5532 5533/5533
f 5534/5534 5535/5535 5536/5536
f 5534/5534 5536/5536 5537/5537
f 5538/5538 5539/5539 5540/5540
f 5538/5538 5540/5540 5541/5541
f 5542/5542 5543/5543 5544/5544
f 5542/5542 5544/5544 5545/5545
f 5546/5546 5547/5547 5548/5548
f 5546/5546 5548/5548 5549/5549
f 5550/5550 5551/5551 5552/5552
f 5550/5550 5552/5552 5553/5553
f 5554/5554 5555/5555 5556/5556
f 5554/5554 5556/5556 5557/5557
f 5558/5558 5559/5559 5560/5560
f 5558/5558 5560/5560 5561/5561
f 5562/5562 5563/5563 5564/5564
f 5562/5562 5564/5564 5565/5565
f 296/296 437/437 5566/5566
f 296/296 5566/5566 5567/5567
f 5568/5568 303/303 5569/5569
f 5568/5568 5569/5569 5570/5570
f 306/306 5571/5571 325/325
f 306/306 325/325 489/489
f 5572/5572 5573/5573 5574/5574
f 5572/5572 5574/5574 5575/5575
f 5576/5576 5577/5577 5578/5578
f 5576/5576 5578/5578 274/274
f 5579/5579 5580/5580 5581/5581
f 5579/5579 5581/5581 5582/5582
f 494/494 5583/5583 5584/5584
f 494/494 5584/5584 5585/5585
f 5586/5586 5587/5587 5588/5588
f 5586/5586 5588/5588 5589/5589
f 5590/5590 5591/5591 471/471
f 5590/5590 471/471 5592/5592
f 5593/5593 5594/5594 5595/5595
f 5593/5593 5595/5595 5596/5596
f 5597/5597 5598/5598 5599/5599
f 5597/5597 5599/5599 5600/5600
f 5601/5601 5602/5602 5603/5603
f 5601/5601 5603/5603 5604/5604
f 5605/5605 5606/5606 5607/5607
f 5605/5605 5607/5607 5608/5608
f 5609/5609 5610/5610 5611/5611
f 5609/5609 5611/5611 5612/5612
f 5613/5613 5614/5614 351/351
f 5613/5613 351/351 5615/5615
f 444/444 5616/5616 5617/5617
f 444/444 5617/5617 5618/5618
f 5619/5619 5620/5620 5621/5621
f 5619/5619 5621/5621 5622/5622
f 5623/5623 5624/5624 5625/5625
f 5623/5623 5625/5625 5626/5626
f 5627/5627 5628/5628 5629/5629
f 5627/5627 5629/5629 5630/5630
f 5631/5631 5632/5632 5633/5633
f 5631/5631 5633/5633 5634/5634
f 5635/5635 5636/5636 5637/5637
f 5635/5635 5637/5637 5638/5638
f 5639/5639 5640/5640 5641/5641
f 5639/5639 5641/5641 5642/5642
f 5643/5643 526/526 5644/5644
f 5643/5643 5644/5644 5645/5645
f 5646/5646 5647/5647 5648/5648
f 5646/5646 5648/5648 5649/5649
f 5650/5650 5651/5651 533/533
f 5650/5650 533/533 5652/5652
f 5653/5653 5654/5654 5655/5655
f 5653/5653 5655/5655 526/526
f 526/526 5656/5656 5657/5657
f 526/526 5657/5657 5658/5658
f 395/395 410/410 409/409
f 395/395 409/409 5659/5659
f 365/365 5660/5660 5661/5661
f 365/365 5661/5661 5662/5662
f 5663/5663 5664/5664 5665/5665
f 5663/5663 5665/5665 5666/5666
f 5667/5667 5668/5668 5669/5669
f 5667/5667 5669/5669 5670/5670
f 5671/5671 431/431 5672/5672
f 5671/5671 5672/5672 5673/5673
f 5674/5674 462/462 5675/5675
f 5674/5674 5675/5675 5676/5676
f 5677/5677 5678/5678 5679/5679
f 5677/5677 5679/5679 332/332
f 5680/5680 5681/5681 5682/5682
f 5680/5680 5682/5682 5683/5683
f 384/384 5684/5684 5685/5685
f 384/384 5685/5685 5686/5686
f 553/553 552/552 5639/5639
f 553/553 5639/5639 5687/5687
f 5688/5688 5689/5689 5690/5690
f 5688/5688 5690/5690 5691/5691
f 5692/5692 5693/5693 5694/5694
f 5692/5692 5694/5694 257/257
f 5695/5695 5696/5696 5697/5697
f 5695/5695 5697/5697 5698/5698
f 5699/5699 5700/5700 5701/5701
f 5699/5699 5701/5701 5702/5702
f 5703/5703 5704/5704 5705/5705
f 5703/5703 5705/5705 572/572
f 5706/5706 5707/5707 5708/5708
f 5706/5706 5708/5708 5709/5709
f 5710/5710 634/634 5711/5711
f 5710/5710 5711/5711 5712/5712
f 5713/5713 5714/5714 5715/5715
f 5713/5713 5715/5715 5716/5716
f 5717/5717 636/636 5718/5718
f 5717/5717 5718/5718 5719/5719
f 5720/5720 5721/5721 5722/5722
f 5720/5720 5722/5722 5723/5723
f 5724/5724 5725/5725 5726/5726
f 5724/5724 5726/5726 647/647
f 5727/5727 5728/5728 5729/5729
f 5727/5727 5729/5729 5730/5730
f 5731/5731 885/885 5732/5732
f 5731/5731 5732/5732 5733/5733
f 5505/5505 5734/5734 5735/5735
f 5505/5505 5735/5735 5736/5736
f 5737/5737 5738/5738 5739/5739
f 5737/5737 5739/5739 5740/5740
f 5741/5741 5742/5742 765/765
f 5741/5741 765/765 5743/5743
f 5744/5744 5745/5745 5746/5746
f 5744/5744 5746/5746 5747/5747
f 5748/5748 5749/5749 5750/5750
f 5748/5748 5750/5750 5751/5751
f 5752/5752 5753/5753 5754/5754
f 5752/5752 5754/5754 5755/5755
f 5756/5756 5757/5757 5758/5758
f 5756/5756 5758/5758 5759/5759
f 5760/5760 5761/5761 5762/5762
f 5760/5760 5762/5762 5763/5763
f 5764/5764 5765/5765 5766/5766
f 5764/5764 5766/5766 889/889
f 5767/5767 5768/5768 5769/5769
f 5767/5767 5769/5769 5770/5770
f 5771/5771 5772/5772 5773/5773
f 5771/5771 5773/5773 761/761
f 5774/5774 5775/5775 5772/5772
f 5774/5774 5772/5772 5776/5776
f 5777/5777 5778/5778 5779/5779
f 5777/5777 5779/5779 5780/5780
f 5781/5781 5782/5782 5783/5783
f 5781/5781 5783/5783 5784/5784
f 876/876 5785/5785 5786/5786
f 876/876 5786/5786 5787/5787
f 5788/5788 5789/5789 5763/5763
f 5788/5788 5763/5763 5790/5790
f 866/866 5791/5791 5792/5792
f 866/866 5792/5792 844/844
f 5793/5793 5794/5794 5795/5795
f 5793/5793 5795/5795 5796/5796
f 798/798 5797/5797 5798/5798
f 798/798 5798/5798 5799/5799
f 5800/5800 5801/5801 5802/5802
f 5800/5800 5802/5802 5803/5803
f 5804/5804 5805/5805 5806/5806
f 5804/5804 5806/5806 5807/5807
f 5808/5808 5809/5809 5810/5810
f 5808/5808 5810/5810 5811/5811
f 5812/5812 5813/5813 5814/5814
f 5812/5812 5814/5814 5815/5815
f 5816/5816 5817/5817 5818/5818
f 5816/5816 5818/5818 5819/5819
f 5820/5820 5821/5821 5822/5822
f 5820/5820 5822/5822 5823/5823
f 5824/5824 5825/5825 5826/5826
f 5824/5824 5826/5826 5827/5827
f 5828/5828 5829/5829 5830/5830
f 5828/5828 5830/5830 5831/5831
f 5832/5832 5833/5833 5834/5834
f 5832/5832 5834/5834 5835/5835
f 5836/5836 5837/5837 5838/5838
f 5836/5836 5838/5838 5839/5839
f 5840/5840 5841/5841 5842/5842
f 5840/5840 5842/5842 5843/5843
f 5795/5795 5844/5844 5845/5845
f 5795/5795 5845/5845 5846/5846
f 5847/5847 5848/5848 5849/5849
f 5847/5847 5849/5849 5850/5850
f 5851/5851 5852/5852 5853/5853
f 5851/5851 5853/5853 5854/5854
f 5855/5855 1013/1013 5856/5856
f 5855/5855 5856/5856 5857/5857
f 5858/5858 932/932 5859/5859
f 5858/5858 5859/5859 5860/5860
f 1131/1131 5861/5861 5862/5862
f 1131/1131 5862/5862 1059/1059
f 5863/5863 5864/5864 5865/5865
f 5863/5863 5865/5865 5866/5866
f 875/875 1173/1173 5867/5867
f 875/875 5867/5867 5868/5868
f 5869/5869 5870/5870 5871/5871
f 5869/5869 5871/5871 5872/5872
f 5873/5873 5874/5874 5847/5847
f 5873/5873 5847/5847 5875/5875
f 5876/5876 5877/5877 5878/5878
f 5876/5876 5878/5878 5879/5879
f 5880/5880 5881/5881 5882/5882
f 5880/5880 5882/5882 5883/5883
f 5884/5884 5885/5885 5886/5886
f 5884/5884 5886/5886 5887/5887
f 5888/5888 5889/5889 985/985
f 5888/5888 985/985 5890/5890
f 5891/5891 5892/5892 5893/5893
f 5891/5891 5893/5893 5894/5894
f 5895/5895 5896/5896 5897/5897
f 5895/5895 5897/5897 5898/5898
f 5899/5899 5900/5900 5901/5901
f 5899/5899 5901/5901 5902/5902
f 5903/5903 5904/5904 5905/5905
f 5903/5903 5905/5905 5906/5906
f 5907/5907 5908/5908 5900/5900
f 5907/5907 5900/5900 5909/5909
f 5910/5910 5911/5911 5912/5912
f 5910/5910 5912/5912 5913/5913
f 5914/5914 1007/1007 5915/5915
f 5914/5914 5915/5915 5916/5916
f 5917/5917 5918/5918 5919/5919
f 5917/5917 5919/5919 5920/5920
f 5921/5921 5922/5922 5923/5923
f 5921/5921 5923/5923 5924/5924
f 5925/5925 5926/5926 5927/5927
f 5925/5925 5927/5927 5928/5928
f 5929/5929 5930/5930 5931/5931
f 5929/5929 5931/5931 5932/5932
f 5933/5933 5934/5934 3641/3641
f 5933/5933 3641/3641 5935/5935
f 5936/5936 5937/5937 5938/5938
f 5936/5936 5938/5938 5939/5939
f 5940/5940 5941/5941 5942/5942
f 5940/5940 5942/5942 5943/5943
f 5944/5944 1118/1118 5945/5945
f 5944/5944 5945/5945 5946/5946
f 5947/5947 5948/5948 5949/5949
f 5947/5947 5949/5949 5950/5950
f 5854/5854 5951/5951 5952/5952
f 5854/5854 5952/5952 5953/5953
f 5954/5954 990/990 5955/5955
f 5954/5954 5955/5955 5956/5956
f 5957/5957 5958/5958 5959/5959
f 5957/5957 5959/5959 5960/5960
f 5961/5961 5962/5962 5963/5963
f 5961/5961 5963/5963 5964/5964
f 5965/5965 5966/5966 5967/5967
f 5965/5965 5967/5967 5968/5968
f 5969/5969 5970/5970 5971/5971
f 5969/5969 5971/5971 5972/5972
f 5973/5973 5974/5974 5975/5975
f 5973/5973 5975/5975 5976/5976
f 5977/5977 1834/1834 5978/5978
f 5977/5977 5978/5978 5979/5979
f 5980/5980 1762/1762 5981/5981
f 5980/5980 5981/5981 5982/5982
f 5983/5983 5984/5984 5985/5985
f 5983/5983 5985/5985 5986/5986
f 5987/5987 5988/5988 5989/5989
f 5987/5987 5989/5989 5990/5990
f 5991/5991 5992/5992 5993/5993
f 5991/5991 5993/5993 5994/5994
f 5995/5995 5996/5996 5997/5997
f 5995/5995 5997/5997 5998/5998
f 5999/5999 6000/6000 6001/6001
f 5999/5999 6001/6001 6002/6002
f 6003/6003 6004/6004 6005/6005
f 6003/6003 6005/6005 6006/6006
f 6007/6007 6008/6008 6009/6009
f 6007/6007 6009/6009 1321/1321
f 6010/6010 6011/6011 6012/6012
f 6010/6010 6012/6012 1801/1801
f 6013/6013 6011/6011 6014/6014
f 6013/6013 6014/6014 6015/6015
f 6016/6016 1760/1760 6017/6017
f 6016/6016 6017/6017 306/306
f 6018/6018 6019/6019 6020/6020
f 6018/6018 6020/6020 6021/6021
f 6022/6022 6023/6023 6024/6024
f 6022/6022 6024/6024 6025/6025
f 6026/6026 6027/6027 1759/1759
f 6026/6026 1759/1759 1758/1758
f 6028/6028 6029/6029 6030/6030
f 6028/6028 6030/6030 6031/6031
f 6032/6032 1385/1385 1379/1379
f 6032/6032 1379/1379 1381/1381
f 6033/6033 1385/1385 6034/6034
f 6033/6033 6034/6034 6035/6035
f 6036/6036 1422/1422 6037/6037
f 6036/6036 6037/6037 6038/6038
f 1626/1626 6039/6039 6032/6032
f 1626/1626 6032/6032 6040/6040
f 6041/6041 6042/6042 6043/6043
f 6041/6041 6043/6043 6044/6044
f 6045/6045 6046/6046 6047/6047
f 6045/6045 6047/6047 6048/6048
f 6049/6049 6050/6050 6046/6046
f 6049/6049 6046/6046 6051/6051
f 6052/6052 6053/6053 6054/6054
f 6052/6052 6054/6054 6055/6055
f 6056/6056 6057/6057 6058/6058
f 6056/6056 6058/6058 6059/6059
f 6060/6060 6061/6061 6062/6062
f 6060/6060 6062/6062 6063/6063
f 1438/1438 6064/6064 6065/6065
f 1438/1438 6065/6065 6066/6066
f 6067/6067 6068/6068 6069/6069
f 6067/6067 6069/6069 6070/6070
f 6071/6071 1459/1459 6072/6072
f 6071/6071 6072/6072 6073/6073
f 1538/1538 6074/6074 6075/6075
f 1538/1538 6075/6075 1535/1535
f 6076/6076 6077/6077 6078/6078
f 6076/6076 6078/6078 6079/6079
f 6080/6080 6081/6081 6082/6082
f 6080/6080 6082/6082 6083/6083
f 6084/6084 6085/6085 1491/1491
f 6084/6084 1491/1491 6086/6086
f 6087/6087 6088/6088 6089/6089
f 6087/6087 6089/6089 6090/6090
f 6091/6091 6092/6092 6093/6093
f 6091/6091 6093/6093 6094/6094
f 6095/6095 6096/6096 6097/6097
f 6095/6095 6097/6097 6098/6098
f 6099/6099 6100/6100 6101/6101
f 6099/6099 6101/6101 6102/6102
f 6103/6103 6104/6104 6105/6105
f 6103/6103 6105/6105 6106/6106
f 6107/6107 6108/6108 6109/6109
f 6107/6107 6109/6109 6110/6110
f 6111/6111 6112/6112 6113/6113
f 6111/6111 6113/6113 6114/6114
f 6115/6115 6116/6116 6117/6117
f 6115/6115 6117/6117 6118/6118
f 6119/6119 6120/6120 6121/6121
f 6119/6119 6121/6121 6122/6122
f 6123/6123 6124/6124 6125/6125
f 6123/6123 6125/6125 6126/6126
f 6127/6127 6128/6128 1230/1230
f 6127/6127 1230/1230 1911/1911
f 6129/6129 6130/6130 6131/6131
f 6129/6129 6131/6131 6132/6132
f 6133/6133 6134/6134 6135/6135
f 6133/6133 6135/6135 6136/6136
f 6137/6137 1650/1650 6138/6138
f 6137/6137 6138/6138 6139/6139
f 6140/6140 1692/1692 6141/6141
f 6140/6140 6141/6141 6142/6142
f 6143/6143 2922/2922 6144/6144
f 6143/6143 6144/6144 6145/6145
f 6146/6146 6147/6147 6148/6148
f 6146/6146 6148/6148 6149/6149
f 6150/6150 6151/6151 6152/6152
f 6150/6150 6152/6152 6153/6153
f 1658/1658 1263/1263 6112/6112
f 1658/1658 6112/6112 6154/6154
f 6155/6155 6156/6156 1334/1334
f 6155/6155 1334/1334 6157/6157
f 1803/1803 6158/6158 6159/6159
f 1803/1803 6159/6159 6160/6160
f 6161/6161 6162/6162 6163/6163
f 6161/6161 6163/6163 6164/6164
f 6165/6165 6166/6166 6167/6167
f 6165/6165 6167/6167 6168/6168
f 6169/6169 6170/6170 6171/6171
f 6169/6169 6171/6171 6172/6172
f 1599/1599 6173/6173 6174/6174
f 1599/1599 6174/6174 1829/1829
f 6175/6175 6176/6176 6177/6177
f 6175/6175 6177/6177 6178/6178
f 6179/6179 6180/6180 6181/6181
f 6179/6179 6181/6181 6182/6182
f 6183/6183 6184/6184 6185/6185
f 6183/6183 6185/6185 6186/6186
f 6187/6187 6188/6188 6189/6189
f 6187/6187 6189/6189 6190/6190
f 6191/6191 1242/1242 6192/6192
f 6191/6191 6192/6192 6193/6193
f 1718/1718 1708/1708 6194/6194
f 1718/1718 6194/6194 6195/6195
f 6196/6196 6197/6197 6198/6198
f 6196/6196 6198/6198 1492/1492
f 6199/6199 6200/6200 6201/6201
f 6199/6199 6201/6201 6202/6202
f 1996/1996 6203/6203 6204/6204
f 1996/1996 6204/6204 6205/6205
f 6206/6206 4028/4028 6207/6207
f 6206/6206 6207/6207 6208/6208
f 6171/6171 6209/6209 6210/6210
f 6171/6171 6210/6210 6211/6211
f 6212/6212 6213/6213 6214/6214
f 6212/6212 6214/6214 1487/1487
f 6215/6215 6216/6216 6217/6217
f 6215/6215 6217/6217 6218/6218
f 6219/6219 6220/6220 6221/6221
f 6219/6219 6221/6221 6222/6222
f 6223/6223 6224/6224 6225/6225
f 6223/6223 6225/6225 6226/6226
f 6227/6227 6228/6228 6229/6229
f 6227/6227 6229/6229 6230/6230
f 6200/6200 6231/6231 6232/6232
f 6200/6200 6232/6232 1860/1860
f 6233/6233 2808/2808 1939/1939
f 6233/6233 1939/1939 6234/6234
f 6235/6235 6236/6236 6237/6237
f 6235/6235 6237/6237 6238/6238
f 6239/6239 1784/1784 1256/1256
f 6239/6239 1256/1256 6240/6240
f 6241/6241 6242/6242 6243/6243
f 6241/6241 6243/6243 6244/6244
f 6245/6245 6246/6246 6247/6247
f 6245/6245 6247/6247 6248/6248
f 6249/6249 6250/6250 6251/6251
f 6249/6249 6251/6251 6252/6252
f 6253/6253 6254/6254 6255/6255
f 6253/6253 6255/6255 6256/6256
f 6257/6257 6258/6258 6259/6259
f 6257/6257 6259/6259 6260/6260
f 6261/6261 6262/6262 6263/6263
f 6261/6261 6263/6263 6264/6264
f 6265/6265 6266/6266 6267/6267
f 6265/6265 6267/6267 1648/1648
f 6268/6268 6269/6269 6270/6270
f 6268/6268 6270/6270 6271/6271
f 6272/6272 6273/6273 6274/6274
f 6272/6272 6274/6274 6275/6275
f 6276/6276 6277/6277 1923/1923
f 6276/6276 1923/1923 6278/6278
f 6279/6279 6280/6280 665/665
f 6279/6279 665/665 6281/6281
f 6282/6282 6283/6283 6284/6284
f 6282/6282 6284/6284 6285/6285
f 6041/6041 6286/6286 6287/6287
f 6041/6041 6287/6287 6288/6288
f 6289/6289 1955/1955 6290/6290
f 6289/6289 6290/6290 6291/6291
f 6292/6292 514/514 6293/6293
f 6292/6292 6293/6293 6294/6294
f 1296/1296 6295/6295 6296/6296
f 1296/1296 6296/6296 6297/6297
f 6298/6298 6299/6299 6300/6300
f 6298/6298 6300/6300 6301/6301
f 6302/6302 6303/6303 6304/6304
f 6302/6302 6304/6304 6305/6305
f 6306/6306 6307/6307 6308/6308
f 6306/6306 6308/6308 6309/6309
f 6310/6310 6311/6311 6312/6312
f 6310/6310 6312/6312 6313/6313
f 6314/6314 1475/1475 6315/6315
f 6314/6314 6315/6315 6316/6316
f 6317/6317 6318/6318 6319/6319
f 6317/6317 6319/6319 6320/6320
f 6321/6321 6322/6322 6323/6323
f 6321/6321 6323/6323 6324/6324
f 6325/6325 6326/6326 6327/6327
f 6325/6325 6327/6327 6328/6328
f 6329/6329 6330/6330 6331/6331
f 6329/6329 6331/6331 6332/6332
f 6333/6333 6334/6334 2013/2013
f 6333/6333 2013/2013 6335/6335
f 2110/2110 2357/2357 6336/6336
f 2110/2110 6336/6336 6337/6337
f 6338/6338 6339/6339 6340/6340
f 6338/6338 6340/6340 6341/6341
f 2415/2415 6342/6342 6343/6343
f 2415/2415 6343/6343 6344/6344
f 2159/2159 6345/6345 6346/6346
f 2159/2159 6346/6346 6347/6347
f 6348/6348 6349/6349 6350/6350
f 6348/6348 6350/6350 2373/2373
f 6351/6351 6352/6352 6353/6353
f 6351/6351 6353/6353 6354/6354
f 6355/6355 6356/6356 6357/6357
f 6355/6355 6357/6357 2100/2100
f 6358/6358 6359/6359 6360/6360
f 6358/6358 6360/6360 6361/6361
f 6362/6362 6363/6363 6364/6364
f 6362/6362 6364/6364 6365/6365
f 6366/6366 6367/6367 6368/6368
f 6366/6366 6368/6368 6369/6369
f 6370/6370 6371/6371 6369/6369
f 6370/6370 6369/6369 6372/6372
f 6373/6373 6374/6374 2275/2275
f 6373/6373 2275/2275 6375/6375
f 6376/6376 6377/6377 2034/2034
f 6376/6376 2034/2034 6378/6378
f 6379/6379 6380/6380 2225/2225
f 6379/6379 2225/2225 6381/6381
f 6382/6382 6383/6383 2319/2319
f 6382/6382 2319/2319 2327/2327
f 6384/6384 6385/6385 6386/6386
f 6384/6384 6386/6386 6387/6387
f 6388/6388 6389/6389 6390/6390
f 6388/6388 6390/6390 6391/6391
f 6392/6392 6393/6393 6394/6394
f 6392/6392 6394/6394 6395/6395
f 6396/6396 6397/6397 6398/6398
f 6396/6396 6398/6398 6399/6399
f 6400/6400 6401/6401 6402/6402
f 6400/6400 6402/6402 6403/6403
f 6404/6404 6405/6405 6406/6406
f 6404/6404 6406/6406 2900/2900
f 6407/6407 6408/6408 6409/6409
f 6407/6407 6409/6409 6410/6410
f 6411/6411 6412/6412 6413/6413
f 6411/6411 6413/6413 6414/6414
f 6415/6415 6416/6416 6410/6410
f 6415/6415 6410/6410 6417/6417
f 6418/6418 6419/6419 6420/6420
f 6418/6418 6420/6420 6421/6421
f 6422/6422 6423/6423 6424/6424
f 6422/6422 6424/6424 6425/6425
f 6426/6426 6427/6427 6428/6428
f 6426/6426 6428/6428 6429/6429
f 6430/6430 6431/6431 6432/6432
f 6430/6430 6432/6432 6423/6423
f 6433/6433 6434/6434 6435/6435
f 6433/6433 6435/6435 6436/6436
f 6437/6437 6438/6438 6439/6439
f 6437/6437 6439/6439 6440/6440
f 6441/6441 6442/6442 6443/6443
f 6441/6441 6443/6443 6444/6444
f 6445/6445 6446/6446 6447/6447
f 6445/6445 6447/6447 6448/6448
f 6449/6449 6450/6450 6451/6451
f 6449/6449 6451/6451 6452/6452
f 6453/6453 6454/6454 6455/6455
f 6453/6453 6455/6455 6456/6456
f 6457/6457 6458/6458 6459/6459
f 6457/6457 6459/6459 6460/6460
f 6461/6461 6457/6457 6462/6462
f 6461/6461 6462/6462 6463/6463
f 6464/6464 6465/6465 6466/6466
f 6464/6464 6466/6466 6467/6467
f 6468/6468 6469/6469 6470/6470
f 6468/6468 6470/6470 6471/6471
f 6472/6472 6473/6473 6419/6419
f 6472/6472 6419/6419 6474/6474
f 6475/6475 6476/6476 6477/6477
f 6475/6475 6477/6477 6478/6478
f 6479/6479 6480/6480 2131/2131
f 6479/6479 2131/2131 6481/6481
f 6482/6482 6483/6483 6484/6484
f 6482/6482 6484/6484 6485/6485
f 6486/6486 6487/6487 6488/6488
f 6486/6486 6488/6488 6489/6489
f 2219/2219 6490/6490 6491/6491
f 2219/2219 6491/6491 6492/6492
f 6493/6493 6494/6494 6495/6495
f 6493/6493 6495/6495 2428/2428
f 6496/6496 6497/6497 6498/6498
f 6496/6496 6498/6498 6499/6499
f 6500/6500 6501/6501 6502/6502
f 6500/6500 6502/6502 6503/6503
f 6504/6504 6505/6505 6506/6506
f 6504/6504 6506/6506 6507/6507
f 6508/6508 6509/6509 6510/6510
f 6508/6508 6510/6510 6511/6511
f 6512/6512 6513/6513 6514/6514
f 6512/6512 6514/6514 6515/6515
f 6516/6516 6517/6517 6518/6518
f 6516/6516 6518/6518 6519/6519
f 6520/6520 6521/6521 2141/2141
f 6520/6520 2141/2141 6522/6522
f 6523/6523 577/577 6524/6524
f 6523/6523 6524/6524 6525/6525
f 6526/6526 2385/2385 6527/6527
f 6526/6526 6527/6527 6528/6528
f 6529/6529 6530/6530 6531/6531
f 6529/6529 6531/6531 6358/6358
f 2150/2150 6532/6532 6533/6533
f 2150/2150 6533/6533 6534/6534
f 6535/6535 6536/6536 6528/6528
f 6535/6535 6528/6528 2390/2390
f 6537/6537 6538/6538 354/354
f 6537/6537 354/354 6539/6539
f 6540/6540 6541/6541 6542/6542
f 6540/6540 6542/6542 6543/6543
f 6544/6544 6545/6545 6546/6546
f 6544/6544 6546/6546 6547/6547
f 6548/6548 2278/2278 2277/2277
f 6548/6548 2277/2277 6549/6549
f 6550/6550 6551/6551 2115/2115
f 6550/6550 2115/2115 6552/6552
f 6553/6553 6554/6554 6555/6555
f 6553/6553 6555/6555 6556/6556
f 6557/6557 6558/6558 6559/6559
f 6557/6557 6559/6559 6560/6560
f 6561/6561 6562/6562 6563/6563
f 6561/6561 6563/6563 6564/6564
f 6565/6565 6566/6566 6567/6567
f 6565/6565 6567/6567 6568/6568
f 6569/6569 6570/6570 6571/6571
f 6569/6569 6571/6571 6572/6572
f 6573/6573 6574/6574 6575/6575
f 6573/6573 6575/6575 6576/6576
f 6577/6577 6578/6578 6579/6579
f 6577/6577 6579/6579 6580/6580
f 6581/6581 6582/6582 6583/6583
f 6581/6581 6583/6583 6584/6584
f 6585/6585 6586/6586 6587/6587
f 6585/6585 6587/6587 6459/6459
f 6588/6588 6589/6589 6590/6590
f 6588/6588 6590/6590 2091/2091
f 6591/6591 6592/6592 6593/6593
f 6591/6591 6593/6593 6594/6594
f 6595/6595 6596/6596 6597/6597
f 6595/6595 6597/6597 6598/6598
f 6599/6599 6600/6600 6601/6601
f 6599/6599 6601/6601 6602/6602
f 6603/6603 6604/6604 6605/6605
f 6603/6603 6605/6605 6606/6606
f 6607/6607 6608/6608 6609/6609
f 6607/6607 6609/6609 6610/6610
f 2236/2236 6611/6611 6612/6612
f 2236/2236 6612/6612 6613/6613
f 6614/6614 6615/6615 6616/6616
f 6614/6614 6616/6616 6617/6617
f 6618/6618 6619/6619 6620/6620
f 6618/6618 6620/6620 6621/6621
f 6622/6622 6623/6623 6624/6624
f 6622/6622 6624/6624 6625/6625
f 2490/2490 6626/6626 6627/6627
f 2490/2490 6627/6627 6628/6628
f 6629/6629 6630/6630 6631/6631
f 6629/6629 6631/6631 6632/6632
f 2741/2741 6633/6633 6634/6634
f 2741/2741 6634/6634 6635/6635
f 2477/2477 6636/6636 6637/6637
f 2477/2477 6637/6637 6638/6638
f 6639/6639 6640/6640 6641/6641
f 6639/6639 6641/6641 6642/6642
f 6643/6643 2647/2647 6644/6644
f 6643/6643 6644/6644 6645/6645
f 6646/6646 2648/2648 6647/6647
f 6646/6646 6647/6647 6648/6648
f 6649/6649 6650/6650 6651/6651
f 6649/6649 6651/6651 6652/6652
f 6653/6653 6654/6654 6655/6655
f 6653/6653 6655/6655 6656/6656
f 6657/6657 6658/6658 6659/6659
f 6657/6657 6659/6659 6660/6660
f 6661/6661 6662/6662 6663/6663
f 6661/6661 6663/6663 6664/6664
f 6665/6665 6666/6666 6667/6667
f 6665/6665 6667/6667 6668/6668
f 6669/6669 6670/6670 2568/2568
f 6669/6669 2568/2568 6671/6671
f 6672/6672 6673/6673 6674/6674
f 6672/6672 6674/6674 6675/6675
f 6676/6676 6677/6677 6678/6678
f 6676/6676 6678/6678 2538/2538
f 6679/6679 6680/6680 6681/6681
f 6679/6679 6681/6681 6682/6682
f 6683/6683 6684/6684 2708/2708
f 6683/6683 2708/2708 6685/6685
f 6686/6686 6687/6687 6688/6688
f 6686/6686 6688/6688 6689/6689
f 6690/6690 6691/6691 6692/6692
f 6690/6690 6692/6692 2766/2766
f 6693/6693 6694/6694 5469/5469
f 6693/6693 5469/5469 6695/6695
f 6696/6696 6697/6697 6698/6698
f 6696/6696 6698/6698 6699/6699
f 6700/6700 6701/6701 6702/6702
f 6700/6700 6702/6702 6703/6703
f 6704/6704 6705/6705 6706/6706
f 6704/6704 6706/6706 6707/6707
f 6708/6708 6709/6709 6710/6710
f 6708/6708 6710/6710 6711/6711
f 6712/6712 6713/6713 6714/6714
f 6712/6712 6714/6714 6715/6715
f 6716/6716 6717/6717 6718/6718
f 6716/6716 6718/6718 6719/6719
f 6720/6720 6721/6721 6722/6722
f 6720/6720 6722/6722 6723/6723
f 6724/6724 6725/6725 6726/6726
f 6724/6724 6726/6726 6727/6727
f 6728/6728 6729/6729 6730/6730
f 6728/6728 6730/6730 6731/6731
f 6732/6732 2593/2593 6646/6646
f 6732/6732 6646/6646 6733/6733
f 6734/6734 6735/6735 6736/6736
f 6734/6734 6736/6736 6737/6737
f 6738/6738 6739/6739 2570/2570
f 6738/6738 2570/2570 6740/6740
f 6741/6741 6742/6742 2578/2578
f 6741/6741 2578/2578 6743/6743
f 6744/6744 6745/6745 6746/6746
f 6744/6744 6746/6746 2480/2480
f 6747/6747 2718/2718 2676/2676
f 6747/6747 2676/2676 6748/6748
f 6749/6749 6750/6750 2470/2470
f 6749/6749 2470/2470 6751/6751
f 6752/6752 6753/6753 6754/6754
f 6752/6752 6754/6754 6755/6755
f 6756/6756 6757/6757 6758/6758
f 6756/6756 6758/6758 6759/6759
f 6760/6760 6761/6761 2632/2632
f 6760/6760 2632/2632 6762/6762
f 6763/6763 6764/6764 2598/2598
f 6763/6763 2598/2598 6765/6765
f 6766/6766 6767/6767 6768/6768
f 6766/6766 6768/6768 6769/6769
f 2723/2723 6770/6770 6771/6771
f 2723/2723 6771/6771 6772/6772
f 6773/6773 6774/6774 6775/6775
f 6773/6773 6775/6775 3331/3331
f 6776/6776 6777/6777 6778/6778
f 6776/6776 6778/6778 6779/6779
f 6780/6780 2570/2570 6781/6781
f 6780/6780 6781/6781 6782/6782
f 6783/6783 6784/6784 3331/3331
f 6783/6783 3331/3331 6785/6785
f 2777/2777 6786/6786 6787/6787
f 2777/2777 6787/6787 6788/6788
f 6789/6789 6790/6790 6791/6791
f 6789/6789 6791/6791 2777/2777
f 6792/6792 2777/2777 6793/6793
f 6792/6792 6793/6793 6794/6794
f 2461/2461 2460/2460 6795/6795
f 2461/2461 6795/6795 6796/6796
f 6797/6797 6798/6798 6799/6799
f 6797/6797 6799/6799 6709/6709
f 6800/6800 6801/6801 2727/2727
f 6800/6800 2727/2727 6802/6802
f 6803/6803 6804/6804 6805/6805
f 6803/6803 6805/6805 6806/6806
f 2519/2519 2775/2775 6807/6807
f 2519/2519 6807/6807 2566/2566
f 6808/6808 6809/6809 6810/6810
f 6808/6808 6810/6810 6811/6811
f 6812/6812 6813/6813 6814/6814
f 6812/6812 6814/6814 6815/6815
f 6816/6816 2598/2598 6817/6817
f 6816/6816 6817/6817 6818/6818
f 6819/6819 6820/6820 6821/6821
f 6819/6819 6821/6821 6822/6822
f 2779/2779 6823/6823 2570/2570
f 2779/2779 2570/2570 6824/6824
f 6825/6825 2800/2800 2894/2894
f 6825/6825 2894/2894 6826/6826
f 3157/3157 6827/6827 6828/6828
f 3157/3157 6828/6828 6829/6829
f 6830/6830 6831/6831 6832/6832
f 6830/6830 6832/6832 6833/6833
f 6834/6834 6835/6835 3116/3116
f 6834/6834 3116/3116 6836/6836
f 6837/6837 6838/6838 6839/6839
f 6837/6837 6839/6839 6840/6840
f 6841/6841 6842/6842 6843/6843
f 6841/6841 6843/6843 3259/3259
f 6844/6844 6845/6845 6846/6846
f 6844/6844 6846/6846 3257/3257
f 6847/6847 6848/6848 6849/6849
f 6847/6847 6849/6849 6850/6850
f 6851/6851 6852/6852 3037/3037
f 6851/6851 3037/3037 6853/6853
f 6854/6854 6855/6855 6856/6856
f 6854/6854 6856/6856 6857/6857
f 6858/6858 6859/6859 3020/3020
f 6858/6858 3020/3020 6860/6860
f 3239/3239 6861/6861 6862/6862
f 3239/3239 6862/6862 6863/6863
f 6864/6864 1209/1209 6865/6865
f 6864/6864 6865/6865 1215/1215
f 2911/2911 6866/6866 6867/6867
f 2911/2911 6867/6867 6868/6868
f 6869/6869 6870/6870 6871/6871
f 6869/6869 6871/6871 6872/6872
f 6873/6873 6874/6874 6875/6875
f 6873/6873 6875/6875 6876/6876
f 6877/6877 6878/6878 6879/6879
f 6877/6877 6879/6879 2868/2868
f 6880/6880 6881/6881 6882/6882
f 6880/6880 6882/6882 6883/6883
f 6884/6884 6341/6341 6885/6885
f 6884/6884 6885/6885 6886/6886
f 6887/6887 3064/3064 6888/6888
f 6887/6887 6888/6888 6889/6889
f 6890/6890 2895/2895 2798/2798
f 6890/6890 2798/2798 6891/6891
f 6892/6892 6893/6893 6894/6894
f 6892/6892 6894/6894 6895/6895
f 6896/6896 6897/6897 6898/6898
f 6896/6896 6898/6898 6899/6899
f 6900/6900 2329/2329 2343/2343
f 6900/6900 2343/2343 6901/6901
f 6902/6902 6903/6903 6904/6904
f 6902/6902 6904/6904 6905/6905
f 2819/2819 6906/6906 6907/6907
f 2819/2819 6907/6907 6908/6908
f 6909/6909 6910/6910 6911/6911
f 6909/6909 6911/6911 6912/6912
f 6913/6913 3213/3213 6914/6914
f 6913/6913 6914/6914 6915/6915
f 6916/6916 6917/6917 6918/6918
f 6916/6916 6918/6918 2928/2928
f 6919/6919 2876/2876 6920/6920
f 6919/6919 6920/6920 6921/6921
f 6922/6922 6923/6923 6924/6924
f 6922/6922 6924/6924 2948/2948
f 2861/2861 6925/6925 6926/6926
f 2861/2861 6926/6926 6927/6927
f 3323/3323 6928/6928 6929/6929
f 3323/3323 6929/6929 6930/6930
f 6931/6931 6932/6932 3065/3065
f 6931/6931 3065/3065 3069/3069
f 6933/6933 6934/6934 6935/6935
f 6933/6933 6935/6935 6936/6936
f 6937/6937 6938/6938 6939/6939
f 6937/6937 6939/6939 6940/6940
f 6941/6941 6942/6942 6943/6943
f 6941/6941 6943/6943 6944/6944
f 6945/6945 6946/6946 6947/6947
f 6945/6945 6947/6947 6948/6948
f 6949/6949 6950/6950 6951/6951
f 6949/6949 6951/6951 6952/6952
f 6953/6953 6954/6954 6955/6955
f 6953/6953 6955/6955 3234/3234
f 6956/6956 6957/6957 6958/6958
f 6956/6956 6958/6958 6959/6959
f 6857/6857 6960/6960 6961/6961
f 6857/6857 6961/6961 6962/6962
f 6963/6963 6964/6964 6965/6965
f 6963/6963 6965/6965 6966/6966
f 6967/6967 6968/6968 3303/3303
f 6967/6967 3303/3303 2782/2782
f 6969/6969 6970/6970 6971/6971
f 6969/6969 6971/6971 6972/6972
f 6973/6973 6974/6974 6975/6975
f 6973/6973 6975/6975 6976/6976
f 6977/6977 6978/6978 6979/6979
f 6977/6977 6979/6979 6980/6980
f 6981/6981 6982/6982 6983/6983
f 6981/6981 6983/6983 6984/6984
f 6985/6985 6986/6986 6987/6987
f 6985/6985 6987/6987 6988/6988
f 6989/6989 2971/2971 6990/6990
f 6989/6989 6990/6990 6991/6991
f 6992/6992 2978/2978 6993/6993
f 6992/6992 6993/6993 6994/6994
f 6995/6995 6996/6996 6997/6997
f 6995/6995 6997/6997 3327/3327
f 6998/6998 6999/6999 7000/7000
f 6998/6998 7000/7000 3293/3293
f 7001/7001 7002/7002 7003/7003
f 7001/7001 7003/7003 7004/7004
f 7005/7005 7006/7006 7007/7007
f 7005/7005 7007/7007 7008/7008
f 7009/7009 7010/7010 7011/7011
f 7009/7009 7011/7011 2968/2968
f 7012/7012 7013/7013 2928/2928
f 7012/7012 2928/2928 7014/7014
f 7015/7015 3313/3313 7016/7016
f 7015/7015 7016/7016 3183/3183
f 7017/7017 3309/3309 7018/7018
f 7017/7017 7018/7018 7019/7019
f 7020/7020 3468/3468 7021/7021
f 7020/7020 7021/7021 7022/7022
f 7023/7023 3552/3552 7024/7024
f 7023/7023 7024/7024 7025/7025
f 7026/7026 7027/7027 7014/7014
f 7026/7026 7014/7014 7028/7028
f 7029/7029 7030/7030 2835/2835
f 7029/7029 2835/2835 7031/7031
f 7032/7032 7033/7033 7034/7034
f 7032/7032 7034/7034 7035/7035
f 7036/7036 7037/7037 7038/7038
f 7036/7036 7038/7038 3088/3088
f 7039/7039 7040/7040 7029/7029
f 7039/7039 7029/7029 7041/7041
f 7042/7042 2955/2955 7043/7043
f 7042/7042 7043/7043 7044/7044
f 7045/7045 7046/7046 7047/7047
f 7045/7045 7047/7047 7048/7048
f 7049/7049 7050/7050 7051/7051
f 7049/7049 7051/7051 7052/7052
f 7053/7053 7054/7054 7055/7055
f 7053/7053 7055/7055 7056/7056
f 7057/7057 7058/7058 7059/7059
f 7057/7057 7059/7059 3334/3334
f 7060/7060 7061/7061 7062/7062
f 7060/7060 7062/7062 7063/7063
f 3370/3370 7064/7064 7065/7065
f 3370/3370 7065/7065 7066/7066
f 7067/7067 7068/7068 3341/3341
f 7067/7067 3341/3341 7069/7069
f 7070/7070 7071/7071 7072/7072
f 7070/7070 7072/7072 7073/7073
f 7074/7074 7075/7075 7076/7076
f 7074/7074 7076/7076 7077/7077
f 7078/7078 7079/7079 7080/7080
f 7078/7078 7080/7080 7081/7081
f 7082/7082 7083/7083 7084/7084
f 7082/7082 7084/7084 7085/7085
f 3436/3436 7086/7086 7087/7087
f 3436/3436 7087/7087 7088/7088
f 7089/7089 3452/3452 7090/7090
f 7089/7089 7090/7090 7091/7091
f 7092/7092 7093/7093 7094/7094
f 7092/7092 7094/7094 3424/3424
f 7095/7095 7096/7096 7097/7097
f 7095/7095 7097/7097 7098/7098
f 7099/7099 7100/7100 7101/7101
f 7099/7099 7101/7101 7102/7102
f 7103/7103 7104/7104 7105/7105
f 7103/7103 7105/7105 7106/7106
f 7107/7107 7108/7108 7109/7109
f 7107/7107 7109/7109 7110/7110
f 7111/7111 2465/2465 7112/7112
f 7111/7111 7112/7112 7113/7113
f 7114/7114 7115/7115 7116/7116
f 7114/7114 7116/7116 7117/7117
f 7118/7118 7119/7119 7120/7120
f 7118/7118 7120/7120 7121/7121
f 3502/3502 7122/7122 7123/7123
f 3502/3502 7123/7123 7124/7124
f 7125/7125 7126/7126 7127/7127
f 7125/7125 7127/7127 7128/7128
f 7129/7129 2788/2788 3549/3549
f 7129/7129 3549/3549 7130/7130
f 7131/7131 7132/7132 7133/7133
f 7131/7131 7133/7133 7134/7134
f 7135/7135 7136/7136 7137/7137
f 7135/7135 7137/7137 7138/7138
f 7139/7139 7140/7140 7141/7141
f 7139/7139 7141/7141 7058/7058
f 7056/7056 7142/7142 7143/7143
f 7056/7056 7143/7143 7144/7144
f 7145/7145 7146/7146 7147/7147
f 7145/7145 7147/7147 7148/7148
f 7149/7149 3462/3462 7150/7150
f 7149/7149 7150/7150 7151/7151
f 7152/7152 7153/7153 7154/7154
f 7152/7152 7154/7154 7155/7155
f 7156/7156 7157/7157 7158/7158
f 7156/7156 7158/7158 7159/7159
f 7160/7160 7161/7161 7162/7162
f 7160/7160 7162/7162 7163/7163
f 7164/7164 7165/7165 7166/7166
f 7164/7164 7166/7166 7167/7167
f 3561/3561 7168/7168 4860/4860
f 3561/3561 4860/4860 7169/7169
f 7170/7170 7171/7171 7172/7172
f 7170/7170 7172/7172 7173/7173
f 7174/7174 7175/7175 3561/3561
f 7174/7174 3561/3561 7176/7176
f 7176/7176 3561/3561 4585/4585
f 7176/7176 4585/4585 7177/7177
f 7178/7178 7179/7179 7180/7180
f 7178/7178 7180/7180 7181/7181
f 7182/7182 7183/7183 7184/7184
f 7182/7182 7184/7184 7185/7185
f 7186/7186 7187/7187 7188/7188
f 7186/7186 7188/7188 7189/7189
f 7190/7190 7191/7191 7192/7192
f 7190/7190 7192/7192 7193/7193
f 7194/7194 7195/7195 7196/7196
f 7194/7194 7196/7196 7197/7197
f 7198/7198 7199/7199 7200/7200
f 7198/7198 7200/7200 7179/7179
f 7201/7201 7202/7202 7203/7203
f 7201/7201 7203/7203 7204/7204
f 7205/7205 7206/7206 7207/7207
f 7205/7205 7207/7207 7208/7208
f 3669/3669 7209/7209 7210/7210
f 3669/3669 7210/7210 7211/7211
f 7212/7212 7213/7213 7214/7214
f 7212/7212 7214/7214 7215/7215
f 7216/7216 7217/7217 7218/7218
f 7216/7216 7218/7218 7219/7219
f 7220/7220 7221/7221 7222/7222
f 7220/7220 7222/7222 7223/7223
f 7224/7224 7225/7225 7226/7226
f 7224/7224 7226/7226 7227/7227
f 3708/3708 7228/7228 7229/7229
f 3708/3708 7229/7229 3716/3716
f 3717/3717 7230/7230 7231/7231
f 3717/3717 7231/7231 7232/7232
f 7233/7233 7234/7234 7235/7235
f 7233/7233 7235/7235 7236/7236
f 7237/7237 7238/7238 7239/7239
f 7237/7237 7239/7239 7240/7240
f 7241/7241 7242/7242 3895/3895
f 7241/7241 3895/3895 7243/7243
f 7244/7244 7245/7245 7246/7246
f 7244/7244 7246/7246 7247/7247
f 7248/7248 7249/7249 7250/7250
f 7248/7248 7250/7250 7251/7251
f 7252/7252 7253/7253 7254/7254
f 7252/7252 7254/7254 7255/7255
f 7256/7256 7257/7257 7258/7258
f 7256/7256 7258/7258 7259/7259
f 7260/7260 3706/3706 7261/7261
f 7260/7260 7261/7261 7262/7262
f 7263/7263 7264/7264 3832/3832
f 7263/7263 3832/3832 7265/7265
f 7266/7266 7267/7267 7268/7268
f 7266/7266 7268/7268 7269/7269
f 7270/7270 3763/3763 7271/7271
f 7270/7270 7271/7271 7272/7272
f 7273/7273 7274/7274 7275/7275
f 7273/7273 7275/7275 7276/7276
f 7277/7277 7278/7278 7279/7279
f 7277/7277 7279/7279 7280/7280
f 7281/7281 7282/7282 3882/3882
f 7281/7281 3882/3882 7283/7283
f 7284/7284 7285/7285 7286/7286
f 7284/7284 7286/7286 4227/4227
f 7287/7287 7288/7288 7289/7289
f 7287/7287 7289/7289 7290/7290
f 7291/7291 7292/7292 7293/7293
f 7291/7291 7293/7293 7294/7294
f 7295/7295 7296/7296 7297/7297
f 7295/7295 7297/7297 7298/7298
f 7299/7299 3963/3963 7300/7300
f 7299/7299 7300/7300 7301/7301
f 7302/7302 7303/7303 7304/7304
f 7302/7302 7304/7304 3868/3868
f 7305/7305 7306/7306 7307/7307
f 7305/7305 7307/7307 7308/7308
f 7309/7309 7310/7310 3902/3902
f 7309/7309 3902/3902 7311/7311
f 7312/7312 7313/7313 7314/7314
f 7312/7312 7314/7314 3797/3797
f 3999/3999 4007/4007 7315/7315
f 3999/3999 7315/7315 7316/7316
f 7317/7317 3898/3898 7216/7216
f 7317/7317 7216/7216 7318/7318
f 7319/7319 7320/7320 7321/7321
f 7319/7319 7321/7321 7322/7322
f 7323/7323 7324/7324 7325/7325
f 7323/7323 7325/7325 7326/7326
f 4074/4074 7327/7327 7328/7328
f 4074/4074 7328/7328 7329/7329
f 7330/7330 7331/7331 7332/7332
f 7330/7330 7332/7332 7333/7333
f 7334/7334 4021/4021 7335/7335
f 7334/7334 7335/7335 7336/7336
f 7337/7337 7338/7338 7339/7339
f 7337/7337 7339/7339 7340/7340
f 7341/7341 7342/7342 3853/3853
f 7341/7341 3853/3853 7343/7343
f 3954/3954 7344/7344 7343/7343
f 3954/3954 7343/7343 7345/7345
f 7346/7346 7347/7347 7348/7348
f 7346/7346 7348/7348 7344/7344
f 7349/7349 7350/7350 7351/7351
f 7349/7349 7351/7351 5265/5265
f 7352/7352 7353/7353 7354/7354
f 7352/7352 7354/7354 7346/7346
f 7355/7355 7356/7356 3955/3955
f 7355/7355 3955/3955 7357/7357
f 7358/7358 7359/7359 7360/7360
f 7358/7358 7360/7360 7361/7361
f 7362/7362 3690/3690 7359/7359
f 7362/7362 7359/7359 7363/7363
f 7364/7364 7365/7365 7366/7366
f 7364/7364 7366/7366 4459/4459
f 7367/7367 7368/7368 7369/7369
f 7367/7367 7369/7369 7370/7370
f 7371/7371 7372/7372 4109/4109
f 7371/7371 4109/4109 7373/7373
f 5968/5968 4460/4460 7374/7374
f 5968/5968 7374/7374 1447/1447
f 7375/7375 7376/7376 7377/7377
f 7375/7375 7377/7377 4457/4457
f 7378/7378 7379/7379 7380/7380
f 7378/7378 7380/7380 7381/7381
f 7382/7382 7383/7383 7384/7384
f 7382/7382 7384/7384 7385/7385
f 7386/7386 7387/7387 4187/4187
f 7386/7386 4187/4187 7388/7388
f 7389/7389 7390/7390 7391/7391
f 7389/7389 7391/7391 4211/4211
f 7392/7392 7393/7393 7394/7394
f 7392/7392 7394/7394 7395/7395
f 7396/7396 7397/7397 7398/7398
f 7396/7396 7398/7398 7399/7399
f 7400/7400 7401/7401 7402/7402
f 7400/7400 7402/7402 7403/7403
f 7404/7404 7405/7405 7406/7406
f 7404/7404 7406/7406 7407/7407
f 7408/7408 7409/7409 7410/7410
f 7408/7408 7410/7410 7411/7411
f 7412/7412 7413/7413 7263/7263
f 7412/7412 7263/7263 7414/7414
f 7415/7415 7416/7416 7417/7417
f 7415/7415 7417/7417 7418/7418
f 7419/7419 7420/7420 7421/7421
f 7419/7419 7421/7421 4264/4264
f 7422/7422 7423/7423 7424/7424
f 7422/7422 7424/7424 7420/7420
f 7425/7425 4371/4371 7426/7426
f 7425/7425 7426/7426 7427/7427
f 7428/7428 7429/7429 4333/4333
f 7428/7428 4333/4333 4348/4348
f 7430/7430 7431/7431 7432/7432
f 7430/7430 7432/7432 4095/4095
f 7433/7433 4259/4259 7434/7434
f 7433/7433 7434/7434 7435/7435
f 7436/7436 7437/7437 7438/7438
f 7436/7436 7438/7438 7439/7439
f 7440/7440 7441/7441 7442/7442
f 7440/7440 7442/7442 7443/7443
f 7444/7444 7445/7445 7446/7446
f 7444/7444 7446/7446 7447/7447
f 7448/7448 7449/7449 7450/7450
f 7448/7448 7450/7450 7451/7451
f 4194/4194 7452/7452 7453/7453
f 4194/4194 7453/7453 7454/7454
f 7455/7455 7456/7456 4104/4104
f 7455/7455 4104/4104 7457/7457
f 7458/7458 7459/7459 7460/7460
f 7458/7458 7460/7460 7461/7461
f 7462/7462 7463/7463 7464/7464
f 7462/7462 7464/7464 7465/7465
f 7466/7466 7467/7467 7468/7468
f 7466/7466 7468/7468 7469/7469
f 7470/7470 7471/7471 7472/7472
f 7470/7470 7472/7472 7473/7473
f 7474/7474 7475/7475 7476/7476
f 7474/7474 7476/7476 7477/7477
f 4398/4398 7478/7478 4136/4136
f 4398/4398 4136/4136 7479/7479
f 7480/7480 7481/7481 7482/7482
f 7480/7480 7482/7482 7483/7483
f 7484/7484 7485/7485 7486/7486
f 7484/7484 7486/7486 7487/7487
f 7488/7488 4248/4248 7487/7487
f 7488/7488 7487/7487 7489/7489
f 7490/7490 7488/7488 7491/7491
f 7490/7490 7491/7491 7492/7492
f 7493/7493 7494/7494 7495/7495
f 7493/7493 7495/7495 7496/7496
f 7497/7497 7498/7498 7499/7499
f 7497/7497 7499/7499 7500/7500
f 4174/4174 7501/7501 4226/4226
f 4174/4174 4226/4226 7467/7467
f 7502/7502 7503/7503 4381/4381
f 7502/7502 4381/4381 4139/4139
f 7504/7504 7505/7505 7506/7506
f 7504/7504 7506/7506 7507/7507
f 7508/7508 7509/7509 7510/7510
f 7508/7508 7510/7510 4389/4389
f 7511/7511 7512/7512 7513/7513
f 7511/7511 7513/7513 4132/4132
f 7514/7514 7515/7515 7516/7516
f 7514/7514 7516/7516 4201/4201
f 4376/4376 7517/7517 7518/7518
f 4376/4376 7518/7518 7519/7519
f 7520/7520 7521/7521 7522/7522
f 7520/7520 7522/7522 7523/7523
f 7524/7524 7525/7525 7526/7526
f 7524/7524 7526/7526 7527/7527
f 7528/7528 7529/7529 7530/7530
f 7528/7528 7530/7530 4439/4439
f 4511/4511 7531/7531 7532/7532
f 4511/4511 7532/7532 7533/7533
f 4514/4514 4517/4517 7534/7534
f 4514/4514 7534/7534 7535/7535
f 7536/7536 7537/7537 7538/7538
f 7536/7536 7538/7538 7539/7539
f 7540/7540 7541/7541 7542/7542
f 7540/7540 7542/7542 7543/7543
f 7544/7544 7545/7545 7546/7546
f 7544/7544 7546/7546 7547/7547
f 7548/7548 7549/7549 7550/7550
f 7548/7548 7550/7550 7551/7551
f 7552/7552 7553/7553 7554/7554
f 7552/7552 7554/7554 7555/7555
f 7556/7556 7557/7557 7558/7558
f 7556/7556 7558/7558 7559/7559
f 7560/7560 7561/7561 7562/7562
f 7560/7560 7562/7562 7563/7563
f 7564/7564 7565/7565 7566/7566
f 7564/7564 7566/7566 7567/7567
f 7568/7568 7569/7569 7570/7570
f 7568/7568 7570/7570 7571/7571
f 7572/7572 4700/4700 7573/7573
f 7572/7572 7573/7573 7574/7574
f 7575/7575 7576/7576 7577/7577
f 7575/7575 7577/7577 7578/7578
f 7579/7579 7580/7580 7581/7581
f 7579/7579 7581/7581 7582/7582
f 7583/7583 7584/7584 7585/7585
f 7583/7583 7585/7585 7586/7586
f 7587/7587 7588/7588 7589/7589
f 7587/7587 7589/7589 7590/7590
f 7591/7591 7592/7592 7593/7593
f 7591/7591 7593/7593 7594/7594
f 7595/7595 7596/7596 7597/7597
f 7595/7595 7597/7597 7598/7598
f 7599/7599 7600/7600 7601/7601
f 7599/7599 7601/7601 7602/7602
f 7603/7603 7604/7604 7605/7605
f 7603/7603 7605/7605 7606/7606
f 4982/4982 7607/7607 7608/7608
f 4982/4982 7608/7608 7609/7609
f 7610/7610 7611/7611 7612/7612
f 7610/7610 7612/7612 7613/7613
f 7614/7614 7615/7615 7616/7616
f 7614/7614 7616/7616 7617/7617
f 7618/7618 7619/7619 7620/7620
f 7618/7618 7620/7620 7621/7621
f 7622/7622 7623/7623 7624/7624
f 7622/7622 7624/7624 7625/7625
f 7626/7626 7627/7627 7628/7628
f 7626/7626 7628/7628 7629/7629
f 7630/7630 7631/7631 7632/7632
f 7630/7630 7632/7632 7633/7633
f 7634/7634 7635/7635 7636/7636
f 7634/7634 7636/7636 7637/7637
f 7638/7638 7639/7639 7640/7640
f 7638/7638 7640/7640 7641/7641
f 7642/7642 7643/7643 4748/4748
f 7642/7642 4748/4748 7644/7644
f 7645/7645 7646/7646 7647/7647
f 7645/7645 7647/7647 7648/7648
f 7649/7649 7650/7650 4957/4957
f 7649/7649 4957/4957 7651/7651
f 7652/7652 7653/7653 7654/7654
f 7652/7652 7654/7654 7655/7655
f 7656/7656 7657/7657 7658/7658
f 7656/7656 7658/7658 7659/7659
f 7660/7660 7661/7661 7662/7662
f 7660/7660 7662/7662 7663/7663
f 7664/7664 7665/7665 7666/7666
f 7664/7664 7666/7666 7667/7667
f 7668/7668 7669/7669 7670/7670
f 7668/7668 7670/7670 7671/7671
f 5003/5003 5002/5002 4822/4822
f 5003/5003 4822/4822 7672/7672
f 7673/7673 7674/7674 7675/7675
f 7673/7673 7675/7675 4826/4826
f 7676/7676 7677/7677 7678/7678
f 7676/7676 7678/7678 7679/7679
f 7680/7680 4642/4642 7681/7681
f 7680/7680 7681/7681 7682/7682
f 7683/7683 7684/7684 7685/7685
f 7683/7683 7685/7685 7686/7686
f 4831/4831 7687/7687 7688/7688
f 4831/4831 7688/7688 7689/7689
f 7690/7690 7691/7691 7692/7692
f 7690/7690 7692/7692 7693/7693
f 7694/7694 7695/7695 7696/7696
f 7694/7694 7696/7696 7697/7697
f 7698/7698 4671/4671 7699/7699
f 7698/7698 7699/7699 7700/7700
f 7701/7701 7702/7702 4091/4091
f 7701/7701 4091/4091 7703/7703
f 7704/7704 7705/7705 7706/7706
f 7704/7704 7706/7706 7707/7707
f 7708/7708 7709/7709 7710/7710
f 7708/7708 7710/7710 7711/7711
f 7712/7712 7713/7713 7714/7714
f 7712/7712 7714/7714 4846/4846
f 7715/7715 7622/7622 7716/7716
f 7715/7715 7716/7716 4848/4848
f 7705/7705 7717/7717 7718/7718
f 7705/7705 7718/7718 7719/7719
f 7720/7720 7721/7721 7722/7722
f 7720/7720 7722/7722 7723/7723
f 7724/7724 7725/7725 7726/7726
f 7724/7724 7726/7726 7727/7727
f 7728/7728 7729/7729 7730/7730
f 7728/7728 7730/7730 4849/4849
f 7731/7731 7732/7732 4725/4725
f 7731/7731 4725/4725 7733/7733
f 7734/7734 7735/7735 7736/7736
f 7734/7734 7736/7736 7737/7737
f 7738/7738 7739/7739 4671/4671
f 7738/7738 4671/4671 7740/7740
f 7741/7741 4671/4671 7742/7742
f 7741/7741 7742/7742 7743/7743
f 7744/7744 7745/7745 7746/7746
f 7744/7744 7746/7746 4550/4550
f 7747/7747 4779/4779 7748/7748
f 7747/7747 7748/7748 7749/7749
f 7750/7750 7751/7751 7652/7652
f 7750/7750 7652/7652 7752/7752
f 7753/7753 7754/7754 7755/7755
f 7753/7753 7755/7755 7756/7756
f 7757/7757 7758/7758 7759/7759
f 7757/7757 7759/7759 7760/7760
f 7760/7760 7761/7761 7762/7762
f 7760/7760 7762/7762 7763/7763
f 7764/7764 7765/7765 7766/7766
f 7764/7764 7766/7766 7767/7767
f 7768/7768 4839/4839 7769/7769
f 7768/7768 7769/7769 7770/7770
f 4869/4869 7771/7771 7772/7772
f 4869/4869 7772/7772 7773/7773
f 7767/7767 7658/7658 7774/7774
f 7767/7767 7774/7774 7775/7775
f 7776/7776 7662/7662 7777/7777
f 7776/7776 7777/7777 4671/4671
f 7778/7778 4869/4869 7773/7773
f 7778/7778 7773/7773 7779/7779
f 7780/7780 7781/7781 7782/7782
f 7780/7780 7782/7782 7783/7783
f 7784/7784 7785/7785 7786/7786
f 7784/7784 7786/7786 7787/7787
f 7788/7788 7789/7789 7790/7790
f 7788/7788 7790/7790 7791/7791
f 7792/7792 7793/7793 7794/7794
f 7792/7792 7794/7794 7795/7795
f 4766/4766 7796/7796 7797/7797
f 4766/4766 7797/7797 7798/7798
f 7799/7799 7800/7800 2940/2940
f 7799/7799 2940/2940 7801/7801
f 7802/7802 7803/7803 7804/7804
f 7802/7802 7804/7804 7805/7805
f 7806/7806 7807/7807 7808/7808
f 7806/7806 7808/7808 7809/7809
f 7810/7810 7811/7811 4566/4566
f 7810/7810 4566/4566 7812/7812
f 7813/7813 7814/7814 7815/7815
f 7813/7813 7815/7815 7816/7816
f 7817/7817 7818/7818 7819/7819
f 7817/7817 7819/7819 4821/4821
f 4845/4845 5013/5013 7820/7820
f 4845/4845 7820/7820 7821/7821
f 7822/7822 7823/7823 7824/7824
f 7822/7822 7824/7824 4927/4927
f 7825/7825 4993/4993 7826/7826
f 7825/7825 7826/7826 7827/7827
f 7828/7828 7829/7829 7830/7830
f 7828/7828 7830/7830 7831/7831
f 7832/7832 7833/7833 7834/7834
f 7832/7832 7834/7834 7835/7835
f 4931/4931 4933/4933 5043/5043
f 4931/4931 5043/5043 7836/7836
f 7837/7837 7838/7838 7839/7839
f 7837/7837 7839/7839 4575/4575
f 7840/7840 7841/7841 7842/7842
f 7840/7840 7842/7842 7843/7843
f 7844/7844 7845/7845 7846/7846
f 7844/7844 7846/7846 7847/7847
f 7848/7848 7849/7849 7850/7850
f 7848/7848 7850/7850 7851/7851
f 7852/7852 4987/4987 7853/7853
f 7852/7852 7853/7853 7854/7854
f 7855/7855 7856/7856 7857/7857
f 7855/7855 7857/7857 7858/7858
f 7859/7859 7860/7860 7861/7861
f 7859/7859 7861/7861 7862/7862
f 7863/7863 7864/7864 7865/7865
f 7863/7863 7865/7865 7866/7866
f 7867/7867 7868/7868 7869/7869
f 7867/7867 7869/7869 7870/7870
f 7871/7871 5121/5121 7872/7872
f 7871/7871 7872/7872 7850/7850
f 7873/7873 7874/7874 7875/7875
f 7873/7873 7875/7875 7876/7876
f 7877/7877 7878/7878 7879/7879
f 7877/7877 7879/7879 7880/7880
f 7881/7881 7882/7882 7883/7883
f 7881/7881 7883/7883 7884/7884
f 7882/7882 7885/7885 7886/7886
f 7882/7882 7886/7886 7883/7883
f 4657/4657 7887/7887 7888/7888
f 4657/4657 7888/7888 5134/5134
f 7889/7889 7890/7890 4937/4937
f 7889/7889 4937/4937 7881/7881
f 7891/7891 7892/7892 7893/7893
f 7891/7891 7893/7893 7894/7894
f 7895/7895 4901/4901 7896/7896
f 7895/7895 7896/7896 7897/7897
f 7898/7898 7899/7899 7900/7900
f 7898/7898 7900/7900 5150/5150
f 7901/7901 7902/7902 7903/7903
f 7901/7901 7903/7903 7904/7904
f 7905/7905 7906/7906 7907/7907
f 7905/7905 7907/7907 7908/7908
f 7909/7909 7910/7910 7911/7911
f 7909/7909 7911/7911 5183/5183
f 7912/7912 7913/7913 7914/7914
f 7912/7912 7914/7914 7915/7915
f 7916/7916 5262/5262 7917/7917
f 7916/7916 7917/7917 7918/7918
f 7919/7919 5193/5193 7920/7920
f 7919/7919 7920/7920 7921/7921
f 7922/7922 7923/7923 7924/7924
f 7922/7922 7924/7924 7925/7925
f 7926/7926 7927/7927 7928/7928
f 7926/7926 7928/7928 7929/7929
f 7930/7930 7931/7931 7932/7932
f 7930/7930 7932/7932 5198/5198
f 7933/7933 7934/7934 7935/7935
f 7933/7933 7935/7935 7936/7936
f 7937/7937 7938/7938 5336/5336
f 7937/7937 5336/5336 5250/5250
f 7939/7939 7940/7940 7941/7941
f 7939/7939 7941/7941 7942/7942
f 7943/7943 7944/7944 7945/7945
f 7943/7943 7945/7945 7946/7946
f 7947/7947 7948/7948 7949/7949
f 7947/7947 7949/7949 7950/7950
f 5313/5313 7943/7943 7951/7951
f 5313/5313 7951/7951 7952/7952
f 7953/7953 7954/7954 7955/7955
f 7953/7953 7955/7955 7956/7956
f 7957/7957 7958/7958 7959/7959
f 7957/7957 7959/7959 7960/7960
f 7961/7961 7962/7962 5217/5217
f 7961/7961 5217/5217 7963/7963
f 7964/7964 7965/7965 7955/7955
f 7964/7964 7955/7955 7966/7966
f 7967/7967 7968/7968 7969/7969
f 7967/7967 7969/7969 7970/7970
f 7971/7971 7972/7972 7973/7973
f 7971/7971 7973/7973 7974/7974
f 7975/7975 7976/7976 7938/7938
f 7975/7975 7938/7938 7977/7977
f 7978/7978 7979/7979 7980/7980
f 7978/7978 7980/7980 7981/7981
f 7982/7982 7983/7983 7984/7984
f 7982/7982 7984/7984 7985/7985
f 7986/7986 7987/7987 7988/7988
f 7986/7986 7988/7988 5375/5375
f 7989/7989 7990/7990 7991/7991
f 7989/7989 7991/7991 7992/7992
f 7993/7993 7994/7994 7995/7995
f 7993/7993 7995/7995 7996/7996
f 7997/7997 7998/7998 4517/4517
f 7997/7997 4517/4517 5337/5337
f 7999/7999 5283/5283 8000/8000
f 7999/7999 8000/8000 8001/8001
f 8002/8002 5282/5282 8003/8003
f 8002/8002 8003/8003 8004/8004
f 8005/8005 8006/8006 8007/8007
f 8005/8005 8007/8007 8008/8008
f 8009/8009 8010/8010 8011/8011
f 8009/8009 8011/8011 8012/8012
f 8013/8013 8014/8014 8015/8015
f 8013/8013 8015/8015 8016/8016
f 8017/8017 8018/8018 8019/8019
f 8017/8017 8019/8019 8020/8020
f 8021/8021 8022/8022 8023/8023
f 8021/8021 8023/8023 8024/8024
f 8025/8025 8026/8026 5358/5358
f 8025/8025 5358/5358 8027/8027
f 8028/8028 8029/8029 5361/5361
f 8028/8028 5361/5361 8030/8030
f 8031/8031 8032/8032 8033/8033
f 8031/8031 8033/8033 8034/8034
f 8035/8035 8036/8036 8037/8037
f 8035/8035 8037/8037 8038/8038
f 8039/8039 8040/8040 8041/8041
f 8039/8039 8041/8041 8005/8005
f 5340/5340 8042/8042 8043/8043
f 5340/5340 8043/8043 5367/5367
f 8044/8044 8045/8045 5178/5178
f 8044/8044 5178/5178 8046/8046
f 8047/8047 8048/8048 8049/8049
f 8047/8047 8049/8049 5176/5176
f 8050/8050 8051/8051 8052/8052
f 8050/8050 8052/8052 8053/8053
f 8054/8054 8055/8055 5170/5170
f 8054/8054 5170/5170 8056/8056
f 8067/8067 8066/8066 3548/3548
f 8066/8066 8067/8067 3453/3453
f 8066/8066 3453/3453 8065/8065
f 8065/8065 3453/3453 8064/8064
f 8064/8064 3453/3453 8068/8068
f 8064/8064 8068/8068 8063/8063
f 8063/8063 8068/8068 8062/8062
f 8062/8062 8068/8068 8061/8061
f 8061/8061 8068/8068 8060/8060
f 8060/8060 8068/8068 8069/8069
f 8060/8060 8069/8069 8059/8059
f 8059/8059 8069/8069 8070/8070
f 8059/8059 8070/8070 8058/8058
f 8058/8058 8070/8070 8072/8072
f 8072/8072 8070/8070 8071/8071
f 8057/8057 8058/8058 8072/8072

