# https://github.com/mikedh/trimesh
mtllib material.mtl
usemtl Broken_Rocks
v 53.89308283 66.52462522 -25.06058819
v 54.30771754 67.06815081 -25.68778554
v 54.06601069 67.23577239 -25.90017265
v 49.85068629 66.43191646 -26.14365702
v 50.92047236 66.70175673 -25.93485579
v 50.37645075 66.58938336 -26.07461102
v 53.89308283 66.52462522 -25.06058819
v 54.54502985 66.35690445 -24.90621499
v 54.30771754 67.06815081 -25.68778554
v 53.36518976 66.57485334 -25.04827435
v 53.89308283 66.52462522 -25.06058819
v 53.31160090 67.09244287 -25.31156484
v 53.10107539 66.78317385 -25.71511399
v 52.87657282 67.11155438 -26.06273977
v 52.40207026 67.03471873 -26.15455189
v 55.40028498 65.99698783 -24.46865390
v 56.12715266 65.97977973 -24.50742648
v 55.76428339 66.59425873 -24.91633161
v 52.85084650 66.27912279 -24.77592018
v 53.36518976 66.57485334 -25.04827435
v 53.10107539 66.78317385 -25.71511399
v 51.85691950 66.30106482 -25.48745277
v 52.40207026 67.03471873 -26.15455189
v 51.97274897 66.88642998 -26.27613390
v 51.85691950 66.30106482 -25.48745277
v 51.97274897 66.88642998 -26.27613390
v 51.17855189 66.70562097 -26.22043929
v 51.20773432 66.21277377 -24.71731116
v 50.92047236 66.70175673 -25.93485579
v 50.49322626 65.98670338 -24.62705538
v 51.85691950 66.30106482 -25.48745277
v 51.17855189 66.70562097 -26.22043929
v 52.79461787 66.07702023 -24.17740940
v 53.47606013 66.14071036 -24.52918554
v 53.47606013 66.14071036 -24.52918554
v 53.89308283 66.52462522 -25.06058819
v 53.47606013 66.14071036 -24.52918554
v 53.36518976 66.57485334 -25.04827435
v 52.85084650 66.27912279 -24.77592018
v 55.17784235 66.73173655 -25.24715743
v 55.04851649 67.03206384 -25.28376332
v 54.81108210 67.01934561 -25.45301380
v 53.10107539 66.78317385 -25.71511399
v 53.25832484 67.26834231 -25.71741814
v 52.87657282 67.11155438 -26.06273977
v 56.12715266 65.97977973 -24.50742648
v 56.04174921 66.50981280 -24.78400737
v 53.31160090 67.09244287 -25.31156484
v 53.10107539 66.78317385 -25.71511399
v 53.36518976 66.57485334 -25.04827435
v 52.14712641 65.99018998 -24.85894320
v 52.85084650 66.27912279 -24.77592018
v 53.10107539 66.78317385 -25.71511399
v 53.31160090 67.09244287 -25.31156484
v 53.25832484 67.26834231 -25.71741814
v 53.10107539 66.78317385 -25.71511399
v 54.06601069 67.23577239 -25.90017265
v 53.76783869 67.61967973 -25.74750853
v 53.25832484 67.26834231 -25.71741814
v 52.14712641 65.99018998 -24.85894320
v 52.79461787 66.07702023 -24.17740940
v 50.49322626 65.98670338 -24.62705538
v 50.92047236 66.70175673 -25.93485579
v 49.85068629 66.43191646 -26.14365702
v 49.41013453 66.03457372 -26.50196384
v 49.11747858 66.26220815 -26.44950416
v 48.81315729 66.07095451 -26.31638645
v 53.10107539 66.78317385 -25.71511399
v 51.85691950 66.30106482 -25.48745277
v 54.54502985 66.35690445 -24.90621499
v 55.40028498 65.99698783 -24.46865390
v 55.17784235 66.73173655 -25.24715743
v 53.31160090 67.09244287 -25.31156484
v 54.06601069 67.23577239 -25.90017265
v 53.25832484 67.26834231 -25.71741814
v 51.97274897 66.88642998 -26.27613390
v 51.68066523 66.96260948 -26.32139148
v 51.17855189 66.70562097 -26.22043929
v 53.89308283 66.52462522 -25.06058819
v 54.06601069 67.23577239 -25.90017265
v 54.54502985 66.35690445 -24.90621499
v 54.81108210 67.01934561 -25.45301380
v 54.54502985 66.35690445 -24.90621499
v 54.81108210 67.01934561 -25.45301380
v 55.40028498 65.99698783 -24.46865390
v 55.56073115 66.72438948 -25.02785812
v 55.17784235 66.73173655 -25.24715743
v 55.40028498 65.99698783 -24.46865390
v 55.76428339 66.59425873 -24.91633161
v 55.56073115 66.72438948 -25.02785812
v 52.14712641 65.99018998 -24.85894320
v 53.10107539 66.78317385 -25.71511399
v 51.85691950 66.30106482 -25.48745277
v 51.20773432 66.21277377 -24.71731116
v 51.85691950 66.30106482 -25.48745277
v 54.38527033 59.43612873 -20.90436755
v 54.44789240 60.07603273 -21.09707090
v 53.54345057 59.52860461 -21.00940907
v 51.96139643 61.23087107 -22.45299760
v 52.70984766 61.48901557 -21.67298361
v 53.10785792 61.74062528 -22.22893763
v 54.42530939 65.87525333 -23.75019379
v 54.93858454 65.45775378 -23.83709253
v 54.54502985 66.35690445 -24.90621499
v 54.08571741 64.93739852 -24.00867753
v 54.93858454 65.45775378 -23.83709253
v 54.42530939 65.87525333 -23.75019379
v 52.21200678 60.22630499 -21.75969910
v 53.26039240 60.81707191 -21.67670664
v 52.14348719 60.96973223 -21.99047315
v 53.54345057 59.52860461 -21.00940907
v 52.50277827 59.34648330 -21.21439561
v 53.02703974 58.62251867 -20.81151769
v 53.26039240 60.81707191 -21.67670664
v 53.10785792 61.74062528 -22.22893763
v 52.70984766 61.48901557 -21.67298361
v 51.89431879 64.01954807 -23.77509584
v 52.12008784 64.01503534 -23.38788880
v 52.51094172 64.43589554 -23.97645088
v 54.61920283 62.45287124 -22.15696203
v 54.58029291 63.01700387 -22.50261948
v 53.62458918 62.84179860 -22.72225446
v 52.12008784 64.01503534 -23.38788880
v 52.70326350 63.74300550 -23.18714413
v 52.51094172 64.43589554 -23.97645088
v 53.10785792 61.74062528 -22.22893763
v 53.82907984 61.25390051 -21.73136369
v 54.61920283 62.45287124 -22.15696203
v 54.69864008 59.11893283 -21.01110273
v 53.54345057 59.52860461 -21.00940907
v 53.71888850 58.65492832 -20.91100500
v 54.26523707 60.74429897 -21.41846688
v 55.16346857 61.26361278 -21.40571062
v 55.06144831 62.04580876 -21.82688384
v 53.82907984 61.25390051 -21.73136369
v 54.26523707 60.74429897 -21.41846688
v 55.06144831 62.04580876 -21.82688384
v 51.18652460 60.54137606 -21.96361761
v 52.21200678 60.22630499 -21.75969910
v 51.56074641 60.65951718 -22.27187568
v 55.30095026 60.70182997 -21.27311165
v 55.60414240 60.00556761 -21.23992367
v 56.33459589 60.71389961 -21.63106759
v 54.06826899 57.99039283 -20.75884424
v 54.50807307 58.36468711 -20.76262848
v 54.06118128 58.22913946 -20.84185209
v 51.89431879 64.01954807 -23.77509584
v 52.51094172 64.43589554 -23.97645088
v 52.11863825 64.71881638 -23.91961194
v 56.30987665 63.39780226 -22.22527579
v 56.78682062 63.32153494 -22.65285756
v 55.94719050 63.85790044 -22.75791441
v 55.71238825 64.28095794 -23.07096380
v 57.25221369 63.38220769 -22.71949270
v 57.13142512 63.82499482 -23.00918089
v 56.78682062 63.32153494 -22.65285756
v 55.94719050 63.85790044 -22.75791441
v 57.13142512 63.82499482 -23.00918089
v 57.10005305 64.01928499 -22.91938294
v 56.91726801 64.34449934 -23.14324469
v 54.81578181 63.73349935 -22.71918759
v 55.71238825 64.28095794 -23.07096380
v 53.88586542 64.81246734 -23.05666640
v 53.54345057 59.52860461 -21.00940907
v 53.29076502 60.10978893 -21.38598082
v 52.50277827 59.34648330 -21.21439561
v 53.45773432 57.45929542 -20.71503617
v 54.06118128 58.22913946 -20.84185209
v 53.71888850 58.65492832 -20.91100500
v 53.54345057 59.52860461 -21.00940907
v 53.83459589 60.34938628 -21.26476504
v 53.29076502 60.10978893 -21.38598082
v 54.69864008 59.11893283 -21.01110273
v 55.50770685 59.36588107 -21.02121934
v 54.87401697 59.98393830 -21.14592953
v 54.65188715 58.46864903 -20.87691683
v 54.87100336 58.70551121 -20.90738867
v 54.06118128 58.22913946 -20.84185209
v 54.06118128 58.22913946 -20.84185209
v 53.71888850 58.65492832 -20.91100500
v 54.87401697 59.98393830 -21.14592953
v 54.44789240 60.07603273 -21.09707090
v 54.38527033 59.43612873 -20.90436755
v 54.87401697 59.98393830 -21.14592953
v 54.38527033 59.43612873 -20.90436755
v 54.50807307 58.36468711 -20.76262848
v 54.65188715 58.46864903 -20.87691683
v 54.06118128 58.22913946 -20.84185209
v 53.88586542 64.81246734 -23.05666640
v 55.71238825 64.28095794 -23.07096380
v 54.97805140 64.76096124 -23.42954542
v 54.81578181 63.73349935 -22.71918759
v 55.87760279 63.45229516 -22.50701408
v 55.71238825 64.28095794 -23.07096380
v 55.49867365 63.13731947 -22.19190477
v 55.87760279 63.45229516 -22.50701408
v 54.81578181 63.73349935 -22.71918759
v 53.85279963 65.73386151 -24.17942351
v 54.42530939 65.87525333 -23.75019379
v 54.54502985 66.35690445 -24.90621499
v 53.02703974 58.62251867 -20.81151769
v 53.71888850 58.65492832 -20.91100500
v 53.54345057 59.52860461 -21.00940907
v 54.08571741 64.93739852 -24.00867753
v 54.42530939 65.87525333 -23.75019379
v 53.85279963 65.73386151 -24.17942351
v 54.87100336 58.70551121 -20.90738867
v 55.09501765 59.01401341 -20.89304546
v 54.69864008 59.11893283 -21.01110273
v 53.28505060 57.32303444 -20.70231032
v 53.71888850 58.65492832 -20.91100500
v 53.02703974 58.62251867 -20.81151769
v 52.51094172 64.43589554 -23.97645088
v 53.33092615 64.91496434 -23.68804459
v 52.79461787 66.07702023 -24.17740940
v 55.09501765 59.01401341 -20.89304546
v 55.50770685 59.36588107 -21.02121934
v 54.69864008 59.11893283 -21.01110273
v 55.87760279 63.45229516 -22.50701408
v 56.30987665 63.39780226 -22.22527579
v 55.94719050 63.85790044 -22.75791441
v 53.45773432 57.45929542 -20.71503617
v 53.28505060 57.32303444 -20.70231032
v 55.50770685 59.36588107 -21.02121934
v 55.77507136 59.69373904 -20.99659171
v 55.60414240 60.00556761 -21.23992367
v 54.97805140 64.76096124 -23.42954542
v 55.71238825 64.28095794 -23.07096380
v 55.47727320 65.01699987 -23.65034014
v 52.14348719 60.96973223 -21.99047315
v 53.26039240 60.81707191 -21.67670664
v 52.70984766 61.48901557 -21.67298361
v 52.21200678 60.22630499 -21.75969910
v 53.29076502 60.10978893 -21.38598082
v 53.26039240 60.81707191 -21.67670664
v 55.97548792 61.55680273 -21.77840659
v 56.85615656 62.29534329 -22.32192478
v 55.81767390 62.44374268 -22.06081640
v 52.14944575 65.21225120 -24.46305379
v 52.51094172 64.43589554 -23.97645088
v 52.79461787 66.07702023 -24.17740940
v 52.30399439 62.79621674 -22.99927776
v 52.70326350 63.74300550 -23.18714413
v 52.12008784 64.01503534 -23.38788880
v 53.47606013 66.14071036 -24.52918554
v 53.85279963 65.73386151 -24.17942351
v 54.93858454 65.45775378 -23.83709253
v 55.53556940 65.59360275 -23.97634426
v 55.40028498 65.99698783 -24.46865390
v 53.33092615 64.91496434 -23.68804459
v 53.88586542 64.81246734 -23.05666640
v 54.08571741 64.93739852 -24.00867753
v 51.93252680 62.18108160 -22.70812471
v 53.10785792 61.74062528 -22.22893763
v 53.06512568 62.34081445 -22.47861729
v 55.40028498 65.99698783 -24.46865390
v 56.16718409 65.65789944 -24.21021573
v 56.12715266 65.97977973 -24.50742648
v 54.87401697 59.98393830 -21.14592953
v 55.60414240 60.00556761 -21.23992367
v 55.30095026 60.70182997 -21.27311165
v 54.08571741 64.93739852 -24.00867753
v 54.97805140 64.76096124 -23.42954542
v 54.93858454 65.45775378 -23.83709253
v 55.16346857 61.26361278 -21.40571062
v 55.30095026 60.70182997 -21.27311165
v 55.97548792 61.55680273 -21.77840659
v 53.82907984 61.25390051 -21.73136369
v 55.06144831 62.04580876 -21.82688384
v 54.61920283 62.45287124 -22.15696203
v 53.26039240 60.81707191 -21.67670664
v 54.26523707 60.74429897 -21.41846688
v 53.82907984 61.25390051 -21.73136369
v 51.76072809 58.12623036 -20.89800442
v 52.73199580 57.60493294 -20.70173053
v 52.34227106 58.31213583 -20.80307952
v 53.06512568 62.34081445 -22.47861729
v 54.61920283 62.45287124 -22.15696203
v 53.62458918 62.84179860 -22.72225446
v 52.14944575 65.21225120 -24.46305379
v 52.14712641 65.99018998 -24.85894320
v 51.59839747 65.75003954 -24.80718535
v 51.27555964 65.28104540 -24.77018271
v 52.14944575 65.21225120 -24.46305379
v 52.30399439 62.79621674 -22.99927776
v 53.06512568 62.34081445 -22.47861729
v 53.24370692 63.19280416 -22.73209643
v 53.24370692 63.19280416 -22.73209643
v 53.82537958 63.87613852 -22.66143309
v 52.70326350 63.74300550 -23.18714413
v 55.49867365 63.13731947 -22.19190477
v 54.81578181 63.73349935 -22.71918759
v 54.58029291 63.01700387 -22.50261948
v 53.83459589 60.34938628 -21.26476504
v 54.44789240 60.07603273 -21.09707090
v 54.26523707 60.74429897 -21.41846688
v 51.25410578 56.98538033 -20.69143075
v 52.73199580 57.60493294 -20.70173053
v 51.76072809 58.12623036 -20.89800442
v 55.06144831 62.04580876 -21.82688384
v 55.97548792 61.55680273 -21.77840659
v 55.81767390 62.44374268 -22.06081640
v 52.34227106 58.31213583 -20.80307952
v 52.50277827 59.34648330 -21.21439561
v 51.55183527 59.00989346 -21.39821819
v 53.29076502 60.10978893 -21.38598082
v 53.26039240 60.81707191 -21.67670664
v 53.29076502 60.10978893 -21.38598082
v 53.83459589 60.34938628 -21.26476504
v 54.26523707 60.74429897 -21.41846688
v 52.14348719 60.96973223 -21.99047315
v 52.70984766 61.48901557 -21.67298361
v 51.96139643 61.23087107 -22.45299760
v 55.81767390 62.44374268 -22.06081640
v 55.87760279 63.45229516 -22.50701408
v 55.49867365 63.13731947 -22.19190477
v 52.40388605 56.53299921 -20.59667359
v 52.90160487 57.05805793 -20.74703379
v 52.14279291 56.31279961 -20.66768796
v 51.96139643 61.23087107 -22.45299760
v 53.10785792 61.74062528 -22.22893763
v 51.93252680 62.18108160 -22.70812471
v 55.53556940 65.59360275 -23.97634426
v 56.16718409 65.65789944 -24.21021573
v 55.47727320 65.01699987 -23.65034014
v 56.53601191 64.94637072 -23.80665116
v 55.53556940 65.59360275 -23.97634426
v 51.54312250 62.75800107 -23.22564189
v 51.93252680 62.18108160 -22.70812471
v 52.30399439 62.79621674 -22.99927776
v 51.56074641 60.65951718 -22.27187568
v 52.14348719 60.96973223 -21.99047315
v 51.96139643 61.23087107 -22.45299760
v 51.27285883 59.89375491 -21.94872492
v 52.50277827 59.34648330 -21.21439561
v 52.21200678 60.22630499 -21.75969910
v 54.97805140 64.76096124 -23.42954542
v 55.47727320 65.01699987 -23.65034014
v 54.93858454 65.45775378 -23.83709253
v 54.93858454 65.45775378 -23.83709253
v 54.54502985 66.35690445 -24.90621499
v 51.27285883 59.89375491 -21.94872492
v 51.97337458 59.47852522 -21.28425037
v 52.50277827 59.34648330 -21.21439561
v 52.34227106 58.31213583 -20.80307952
v 53.02703974 58.62251867 -20.81151769
v 52.50277827 59.34648330 -21.21439561
v 52.70326350 63.74300550 -23.18714413
v 53.82537958 63.87613852 -22.66143309
v 53.88586542 64.81246734 -23.05666640
v 51.27285883 59.89375491 -21.94872492
v 51.18652460 60.54137606 -21.96361761
v 51.55183527 59.00989346 -21.39821819
v 52.50277827 59.34648330 -21.21439561
v 51.97337458 59.47852522 -21.28425037
v 52.51094172 64.43589554 -23.97645088
v 53.01373408 64.78885435 -23.15488722
v 51.27555964 65.28104540 -24.77018271
v 52.11863825 64.71881638 -23.91961194
v 52.14944575 65.21225120 -24.46305379
v 51.87254450 63.13629313 -23.35918688
v 52.30399439 62.79621674 -22.99927776
v 52.12008784 64.01503534 -23.38788880
v 51.54312250 62.75800107 -23.22564189
v 52.30399439 62.79621674 -22.99927776
v 51.87254450 63.13629313 -23.35918688
v 53.54345057 59.52860461 -21.00940907
v 54.44789240 60.07603273 -21.09707090
v 53.83459589 60.34938628 -21.26476504
v 53.06512568 62.34081445 -22.47861729
v 52.30399439 62.79621674 -22.99927776
v 52.30399439 62.79621674 -22.99927776
v 53.24370692 63.19280416 -22.73209643
v 52.70326350 63.74300550 -23.18714413
v 54.06118128 58.22913946 -20.84185209
v 53.76589320 57.66270271 -20.71428852
v 53.76589320 57.66270271 -20.71428852
v 52.50277827 59.34648330 -21.21439561
v 53.29076502 60.10978893 -21.38598082
v 55.60414240 60.00556761 -21.23992367
v 56.22654078 60.29958543 -21.09597230
v 53.10785792 61.74062528 -22.22893763
v 54.61920283 62.45287124 -22.15696203
v 53.06512568 62.34081445 -22.47861729
v 56.33459589 60.71389961 -21.63106759
v 56.84736750 62.03066818 -22.14003997
v 55.97548792 61.55680273 -21.77840659
v 53.28505060 57.32303444 -20.70231032
v 52.73199580 57.60493294 -20.70173053
v 52.90160487 57.05805793 -20.74703379
v 54.87401697 59.98393830 -21.14592953
v 54.44789240 60.07603273 -21.09707090
v 56.85615656 62.29534329 -22.32192478
v 56.30987665 63.39780226 -22.22527579
v 55.81767390 62.44374268 -22.06081640
v 56.84736750 62.03066818 -22.14003997
v 56.85615656 62.29534329 -22.32192478
v 55.97548792 61.55680273 -21.77840659
v 55.97548792 61.55680273 -21.77840659
v 55.30095026 60.70182997 -21.27311165
v 55.06144831 62.04580876 -21.82688384
v 55.81767390 62.44374268 -22.06081640
v 55.49867365 63.13731947 -22.19190477
v 54.26523707 60.74429897 -21.41846688
v 55.30095026 60.70182997 -21.27311165
v 55.16346857 61.26361278 -21.40571062
v 54.61920283 62.45287124 -22.15696203
v 55.49867365 63.13731947 -22.19190477
v 54.58029291 63.01700387 -22.50261948
v 53.62458918 62.84179860 -22.72225446
v 54.58029291 63.01700387 -22.50261948
v 53.24370692 63.19280416 -22.73209643
v 53.26039240 60.81707191 -21.67670664
v 53.82907984 61.25390051 -21.73136369
v 53.10785792 61.74062528 -22.22893763
v 53.06512568 62.34081445 -22.47861729
v 53.62458918 62.84179860 -22.72225446
v 53.24370692 63.19280416 -22.73209643
v 52.90160487 57.05805793 -20.74703379
v 52.73199580 57.60493294 -20.70173053
v 51.25410578 56.98538033 -20.69143075
v 52.73199580 57.60493294 -20.70173053
v 53.02703974 58.62251867 -20.81151769
v 52.34227106 58.31213583 -20.80307952
v 51.56074641 60.65951718 -22.27187568
v 52.21200678 60.22630499 -21.75969910
v 55.50770685 59.36588107 -21.02121934
v 55.60414240 60.00556761 -21.23992367
v 54.87401697 59.98393830 -21.14592953
v 54.08571741 64.93739852 -24.00867753
v 53.82537958 63.87613852 -22.66143309
v 54.81578181 63.73349935 -22.71918759
v 53.88586542 64.81246734 -23.05666640
v 53.47606013 66.14071036 -24.52918554
v 52.79461787 66.07702023 -24.17740940
v 53.28505060 57.32303444 -20.70231032
v 53.02703974 58.62251867 -20.81151769
v 52.73199580 57.60493294 -20.70173053
v 53.33092615 64.91496434 -23.68804459
v 54.08571741 64.93739852 -24.00867753
v 53.85279963 65.73386151 -24.17942351
v 57.13142512 63.82499482 -23.00918089
v 56.53601191 64.94637072 -23.80665116
v 56.53601191 64.94637072 -23.80665116
v 56.36421320 65.45368344 -24.14210046
v 56.16718409 65.65789944 -24.21021573
v 55.53556940 65.59360275 -23.97634426
v 56.53601191 64.94637072 -23.80665116
v 56.16718409 65.65789944 -24.21021573
v 53.33092615 64.91496434 -23.68804459
v 52.79461787 66.07702023 -24.17740940
v 51.76072809 58.12623036 -20.89800442
v 52.34227106 58.31213583 -20.80307952
v 51.55183527 59.00989346 -21.39821819
v 53.01373408 64.78885435 -23.15488722
v 53.33092615 64.91496434 -23.68804459
v 52.14279291 56.31279961 -20.66768796
v 52.90160487 57.05805793 -20.74703379
v 51.25410578 56.98538033 -20.69143075
v 52.14712641 65.99018998 -24.85894320
v 51.59839747 65.75003954 -24.80718535
v 51.87254450 63.13629313 -23.35918688
v 52.12008784 64.01503534 -23.38788880
v 51.56018183 55.93345468 -20.58175040
v 52.14279291 56.31279961 -20.66768796
v 52.79461787 66.07702023 -24.17740940
v 52.14712641 65.99018998 -24.85894320
v 52.14944575 65.21225120 -24.46305379
v 54.61920283 62.45287124 -22.15696203
v 55.06144831 62.04580876 -21.82688384
v 55.49867365 63.13731947 -22.19190477
v 52.11863825 64.71881638 -23.91961194
v 52.51094172 64.43589554 -23.97645088
v 52.14944575 65.21225120 -24.46305379
v 55.97548792 61.55680273 -21.77840659
v 55.06144831 62.04580876 -21.82688384
v 55.16346857 61.26361278 -21.40571062
v 53.01373408 64.78885435 -23.15488722
v 52.70326350 63.74300550 -23.18714413
v 53.88586542 64.81246734 -23.05666640
v 53.24370692 63.19280416 -22.73209643
v 51.81858179 56.03620738 -20.51571038
v 52.14279291 56.31279961 -20.66768796
v 51.56018183 55.93345468 -20.58175040
v 53.82537958 63.87613852 -22.66143309
v 54.58029291 63.01700387 -22.50261948
v 54.81578181 63.73349935 -22.71918759
v 52.70326350 63.74300550 -23.18714413
v 53.01373408 64.78885435 -23.15488722
v 52.51094172 64.43589554 -23.97645088
v 57.13142512 63.82499482 -23.00918089
v 56.91726801 64.34449934 -23.14324469
v 56.53601191 64.94637072 -23.80665116
v 56.30987665 63.39780226 -22.22527579
v 55.87760279 63.45229516 -22.50701408
v 56.33459589 60.71389961 -21.63106759
v 56.53407404 61.12336158 -21.69541397
v 56.84736750 62.03066818 -22.14003997
v 55.71238825 64.28095794 -23.07096380
v 56.53601191 64.94637072 -23.80665116
v 55.47727320 65.01699987 -23.65034014
v 56.85615656 62.29534329 -22.32192478
v 56.78682062 63.32153494 -22.65285756
v 56.30987665 63.39780226 -22.22527579
v 56.78682062 63.32153494 -22.65285756
v 57.25221369 63.38220769 -22.71949270
v 55.71238825 64.28095794 -23.07096380
v 57.08467982 62.77748668 -22.39963787
v 56.78682062 63.32153494 -22.65285756
v 56.85615656 62.29534329 -22.32192478
v 55.47727320 65.01699987 -23.65034014
v 55.53556940 65.59360275 -23.97634426
v 54.93858454 65.45775378 -23.83709253
v 54.44789240 60.07603273 -21.09707090
v 55.30095026 60.70182997 -21.27311165
v 54.26523707 60.74429897 -21.41846688
v 54.87100336 58.70551121 -20.90738867
v 54.69864008 59.11893283 -21.01110273
v 54.06118128 58.22913946 -20.84185209
v 54.69864008 59.11893283 -21.01110273
v 54.38527033 59.43612873 -20.90436755
v 53.54345057 59.52860461 -21.00940907
v 55.87760279 63.45229516 -22.50701408
v 55.94719050 63.85790044 -22.75791441
v 55.77507136 59.69373904 -20.99659171
v 56.22654078 60.29958543 -21.09597230
v 55.60414240 60.00556761 -21.23992367
v 56.78682062 63.32153494 -22.65285756
v 57.08467982 62.77748668 -22.39963787
v 52.40388605 56.53299921 -20.59667359
v 52.85579798 56.86321847 -20.66370551
v 52.90160487 57.05805793 -20.74703379
v 43.93087885 59.26499901 -23.94465072
v 44.04370234 58.73460924 -23.84888648
v 44.35241816 59.37725412 -23.88956651
v 43.19886896 59.53378442 -24.39272511
v 43.93087885 59.26499901 -23.94465072
v 43.97210810 59.76887658 -24.41691033
v 43.17897913 58.80184704 -24.19779396
v 43.50557825 59.09139020 -24.16037946
v 43.19886896 59.53378442 -24.39272511
v 48.09990046 58.43279063 -22.37858003
v 48.49182246 58.45672411 -21.99065584
v 48.46296046 58.73380076 -22.43808936
v 46.57130549 56.59962648 -22.00263369
v 47.47838709 57.21657745 -22.10410474
v 46.61635706 57.24645414 -22.26262830
v 46.42453882 55.00363733 -21.51737342
v 47.24383662 54.99015240 -21.36016211
v 46.64584467 55.60718348 -21.50170274
v 51.56018183 55.93345468 -20.58175040
v 50.73198054 56.22553079 -20.61211544
v 48.09990046 58.43279063 -22.37858003
v 48.33213160 57.32099722 -21.73278212
v 48.49075434 57.61102867 -21.62482624
v 46.42453882 55.00363733 -21.51737342
v 46.79073450 54.92542462 -21.37346777
v 47.24383662 54.99015240 -21.36016211
v 46.95776484 54.09924131 -21.29413719
v 47.07730219 54.58703807 -21.42168548
v 46.69102595 54.29449657 -21.39556239
v 47.39706538 54.49804121 -21.25818755
v 47.37146113 54.77229125 -21.19445163
v 47.07730219 54.58703807 -21.42168548
v 44.02694819 60.35424760 -24.36228396
v 44.37037012 59.98869280 -24.31154843
v 44.67476008 60.69634962 -24.55454476
v 46.71713373 58.84013152 -23.07760048
v 48.09990046 58.43279063 -22.37858003
v 48.05101893 59.04211981 -22.70171551
v 50.39314387 61.99540116 -22.98838286
v 50.84593317 62.47422954 -23.32674658
v 50.20037958 62.41959159 -23.53681432
v 50.44748041 58.94162559 -21.65854838
v 50.72105524 58.38143352 -21.43096345
v 51.55183527 59.00989346 -21.39821819
v 49.68634913 59.67997159 -22.30489554
v 50.44748041 58.94162559 -21.65854838
v 50.72827265 59.73156540 -22.06655327
v 48.66914484 55.17243015 -20.95946634
v 49.43536494 55.39679540 -20.87886945
v 48.67918513 55.50623904 -20.97525924
v 44.91652033 59.97682910 -24.23942013
v 45.26458857 60.17048992 -23.77945922
v 45.34634516 60.60991628 -24.14173346
v 49.77062342 56.14900794 -20.72980647
v 49.81096766 55.73105446 -20.69201038
v 50.20138666 55.97563760 -20.64971305
v 49.73291132 59.17407981 -22.16758162
v 50.20163080 58.66280170 -21.90868566
v 49.68634913 59.67997159 -22.30489554
v 47.65740320 54.27949343 -21.04786036
v 47.74763605 54.29293259 -21.15281031
v 47.39706538 54.49804121 -21.25818755
v 43.55445978 54.68670457 -22.05118684
v 44.17108271 54.39869875 -21.99303555
v 44.29852412 54.64325138 -21.88474397
v 48.01293299 54.23490342 -21.09557459
v 48.18492243 54.56401262 -21.08738067
v 47.74763605 54.29293259 -21.15281031
v 45.74297449 57.45854743 -22.60517289
v 46.61635706 57.24645414 -22.26262830
v 46.45810816 57.65166649 -22.54918843
v 43.95177576 62.61680153 -25.82136025
v 44.54888270 62.31552442 -25.53725681
v 44.32618830 63.69940686 -26.06280025
v 50.20163080 58.66280170 -21.90868566
v 50.72105524 58.38143352 -21.43096345
v 50.44748041 58.94162559 -21.65854838
v 48.95778773 60.55193493 -23.23618536
v 49.57760737 60.69623923 -23.09011299
v 49.22339747 61.50377252 -22.97768637
v 49.57760737 60.69623923 -23.09011299
v 49.99745295 60.47352201 -22.68355778
v 49.71772883 61.68796513 -23.27500390
v 49.71772883 61.68796513 -23.27500390
v 50.48161433 61.38004093 -22.84243244
v 50.39314387 61.99540116 -22.98838286
v 49.43536494 55.39679540 -20.87886945
v 49.81096766 55.73105446 -20.69201038
v 49.77062342 56.14900794 -20.72980647
v 48.09990046 58.43279063 -22.37858003
v 48.49075434 57.61102867 -21.62482624
v 48.49182246 58.45672411 -21.99065584
v 45.57116816 59.16386765 -23.49514204
v 45.69020197 58.32551360 -23.12235443
v 46.04892847 59.03486414 -23.39461712
v 46.00601313 56.65086545 -22.29493106
v 46.61635706 57.24645414 -22.26262830
v 46.76224634 59.91625187 -23.25940913
v 47.16458247 59.60878346 -23.21801199
v 47.68777582 59.61363958 -23.15194143
v 45.91941950 60.07641191 -23.43567869
v 46.19801447 60.21329081 -23.80001282
v 45.58986780 60.06608738 -23.72747251
v 50.45657465 55.59608664 -20.79711290
v 50.69683955 55.33951013 -20.63173810
v 50.88508723 55.33736247 -20.50954571
v 45.60781214 60.92066721 -24.32413708
v 45.66899226 61.27805470 -24.66604082
v 45.29269526 61.35326716 -24.75823444
v 47.08583185 60.50888599 -23.78144292
v 48.18737147 60.61515016 -23.39467841
v 47.48296473 61.46863136 -23.96703573
v 46.19801447 60.21329081 -23.80001282
v 46.57500574 59.96735158 -23.68891353
v 49.09771845 57.67642023 -21.53922444
v 49.96952936 58.00567438 -21.49213587
v 49.17922327 58.23493380 -21.93569365
v 48.89792750 57.19209102 -21.41983960
v 49.79452631 57.39011199 -21.22684646
v 49.09771845 57.67642023 -21.53922444
v 48.49182246 58.45672411 -21.99065584
v 49.17922327 58.23493380 -21.93569365
v 49.22001002 58.58448595 -22.00014683
v 48.49182246 58.45672411 -21.99065584
v 49.22001002 58.58448595 -22.00014683
v 48.46296046 58.73380076 -22.43808936
v 49.09771845 57.67642023 -21.53922444
v 49.17922327 58.23493380 -21.93569365
v 48.49182246 58.45672411 -21.99065584
v 48.49075434 57.61102867 -21.62482624
v 49.09771845 57.67642023 -21.53922444
v 48.49182246 58.45672411 -21.99065584
v 49.22001002 58.58448595 -22.00014683
v 49.79339716 58.55906486 -21.65084263
v 49.73291132 59.17407981 -22.16758162
v 51.23772547 61.90337543 -22.81383756
v 51.54312250 62.75800107 -23.22564189
v 50.20037958 62.41959159 -23.53681432
v 50.84593317 62.47422954 -23.32674658
v 50.49548456 63.31634293 -23.92095449
v 50.39314387 61.99540116 -22.98838286
v 50.84153864 61.45545368 -22.81612630
v 50.84593317 62.47422954 -23.32674658
v 49.46259424 62.48326840 -23.71052039
v 50.20037958 62.41959159 -23.53681432
v 49.59731409 62.99213943 -23.99775192
v 49.71772883 61.68796513 -23.27500390
v 50.20037958 62.41959159 -23.53681432
v 49.46259424 62.48326840 -23.71052039
v 49.22339747 61.50377252 -22.97768637
v 49.71772883 61.68796513 -23.27500390
v 49.46259424 62.48326840 -23.71052039
v 44.69885371 53.65545080 -21.74601089
v 44.92562220 53.69679831 -21.72680009
v 44.36447260 53.78368946 -21.85524859
v 47.47838709 57.21657745 -22.10410474
v 48.33213160 57.32099722 -21.73278212
v 46.92325709 57.58642375 -22.39283160
v 44.35128901 53.45641135 -21.69339856
v 44.69885371 53.65545080 -21.74601089
v 44.20176813 53.49873159 -21.75049695
v 46.61635706 57.24645414 -22.26262830
v 47.47838709 57.21657745 -22.10410474
v 46.92325709 57.58642375 -22.39283160
v 48.60451624 56.70295529 -21.37926640
v 49.43128321 56.59958469 -20.95128786
v 48.89792750 57.19209102 -21.41983960
v 44.00869105 53.18150899 -21.77869514
v 43.95202753 53.78789710 -21.67150225
v 43.60346339 53.68358803 -21.64527237
v 43.90565607 62.02089629 -25.47176604
v 44.10513422 61.44958436 -25.33844991
v 44.30931208 61.84242569 -25.38456203
v 51.08029291 55.82299630 -20.61803578
v 51.24054835 55.64781018 -20.40500780
v 51.38411066 55.74225826 -20.50206897
v 51.55183527 59.00989346 -21.39821819
v 50.72827265 59.73156540 -22.06655327
v 44.30265925 61.08012336 -24.97474135
v 44.67476008 60.69634962 -24.55454476
v 45.15684626 61.66078131 -24.99289941
v 49.79339716 58.55906486 -21.65084263
v 50.20163080 58.66280170 -21.90868566
v 49.73291132 59.17407981 -22.16758162
v 44.30931208 61.84242569 -25.38456203
v 45.15684626 61.66078131 -24.99289941
v 44.67476008 60.69634962 -24.55454476
v 45.29269526 61.35326716 -24.75823444
v 45.15684626 61.66078131 -24.99289941
v 48.57923243 54.47664464 -20.89014555
v 48.69299433 54.60462771 -20.98653534
v 48.18492243 54.56401262 -21.08738067
v 44.30931208 61.84242569 -25.38456203
v 43.95177576 62.61680153 -25.82136025
v 47.37146113 54.77229125 -21.19445163
v 47.88913080 54.95613680 -21.02289709
v 47.85518763 55.10306365 -21.19796120
v 43.97210810 59.76887658 -24.41691033
v 44.35241816 59.37725412 -23.88956651
v 44.37037012 59.98869280 -24.31154843
v 44.28697321 57.30303740 -23.11440443
v 45.73161433 56.96790110 -22.42539376
v 44.80345270 57.68737197 -23.08736592
v 49.09771845 57.67642023 -21.53922444
v 49.79452631 57.39011199 -21.22684646
v 49.96952936 58.00567438 -21.49213587
v 44.10513422 61.44958436 -25.33844991
v 45.15684626 61.66078131 -24.99289941
v 44.30931208 61.84242569 -25.38456203
v 44.02694819 60.35424760 -24.36228396
v 44.67476008 60.69634962 -24.55454476
v 44.30265925 61.08012336 -24.97474135
v 43.50131342 61.60475481 -25.28902672
v 44.10513422 61.44958436 -25.33844991
v 43.90565607 62.02089629 -25.47176604
v 51.56074641 60.65951718 -22.27187568
v 51.23772547 61.90337543 -22.81383756
v 50.84153864 61.45545368 -22.81612630
v 48.61970637 63.35527184 -24.44192007
v 49.59731409 62.99213943 -23.99775192
v 48.85029719 63.64070465 -24.46366389
v 51.18652460 60.54137606 -21.96361761
v 51.56074641 60.65951718 -22.27187568
v 46.25399134 60.67367130 -24.23082954
v 46.99434778 60.93703421 -24.09340893
v 46.13464472 61.16203073 -24.32811966
v 50.45657465 55.59608664 -20.79711290
v 50.61847040 55.14671152 -20.57949197
v 50.69683955 55.33951013 -20.63173810
v 44.30265925 61.08012336 -24.97474135
v 44.10513422 61.44958436 -25.33844991
v 43.50131342 61.60475481 -25.28902672
v 46.76224634 59.91625187 -23.25940913
v 47.30149958 60.29988452 -23.32776857
v 47.97484705 59.81243111 -23.00461785
v 48.92967341 59.94267444 -22.84218807
v 47.93725703 60.23248068 -23.61576294
v 43.46222040 55.20878401 -22.19475688
v 44.29852412 54.64325138 -21.88474397
v 43.96482966 55.36124220 -22.22078839
v 44.20176813 53.49873159 -21.75049695
v 44.69885371 53.65545080 -21.74601089
v 44.36447260 53.78368946 -21.85524859
v 44.84336207 53.60743139 -21.75148879
v 44.92562220 53.69679831 -21.72680009
v 44.69885371 53.65545080 -21.74601089
v 42.88061640 58.23574600 -23.97414580
v 43.90465662 57.93827597 -23.58828149
v 43.17897913 58.80184704 -24.19779396
v 44.02694819 60.35424760 -24.36228396
v 43.71264765 60.27635525 -24.66779542
v 48.18492243 54.56401262 -21.08738067
v 47.88913080 54.95613680 -21.02289709
v 48.30163691 54.36579717 -20.85669827
v 48.57923243 54.47664464 -20.89014555
v 42.95377466 57.39753501 -23.58327652
v 43.68710444 57.23907634 -23.30875562
v 43.90465662 57.93827597 -23.58828149
v 43.68710444 57.23907634 -23.30875562
v 44.49040339 56.71069508 -22.77160038
v 44.28697321 57.30303740 -23.11440443
v 49.81096766 55.73105446 -20.69201038
v 50.45657465 55.59608664 -20.79711290
v 50.20138666 55.97563760 -20.64971305
v 47.39706538 54.49804121 -21.25818755
v 48.18492243 54.56401262 -21.08738067
v 49.43536494 55.39679540 -20.87886945
v 49.77062342 56.14900794 -20.72980647
v 48.73729059 56.23039445 -21.07152706
v 44.67476008 60.69634962 -24.55454476
v 45.60781214 60.92066721 -24.32413708
v 45.29269526 61.35326716 -24.75823444
v 44.92562220 53.69679831 -21.72680009
v 45.09284327 54.15696522 -21.83902855
v 44.36447260 53.78368946 -21.85524859
v 44.92562220 53.69679831 -21.72680009
v 45.37326166 53.83823204 -21.62049213
v 45.09284327 54.15696522 -21.83902855
v 44.49040339 56.71069508 -22.77160038
v 44.76197932 56.04700650 -22.27687981
v 45.19562647 56.59899698 -22.45182192
v 44.53589747 58.14449090 -23.42943753
v 44.80345270 57.68737197 -23.08736592
v 45.69020197 58.32551360 -23.12235443
v 43.60346339 53.68358803 -21.64527237
v 43.95202753 53.78789710 -21.67150225
v 43.30371973 53.86900134 -21.90320697
v 46.92325709 57.58642375 -22.39283160
v 47.74839136 58.06819714 -22.31063259
v 46.52211115 58.15677433 -22.80397977
v 43.37895319 53.21280094 -21.85544686
v 43.60346339 53.68358803 -21.64527237
v 43.30371973 53.86900134 -21.90320697
v 48.37172053 62.52092318 -24.32059730
v 49.46259424 62.48326840 -23.71052039
v 48.61970637 63.35527184 -24.44192007
v 51.56074641 60.65951718 -22.27187568
v 50.84153864 61.45545368 -22.81612630
v 45.69020197 58.32551360 -23.12235443
v 45.13099787 58.66848536 -23.36188696
v 44.69358179 58.58947530 -23.67371556
v 51.56074641 60.65951718 -22.27187568
v 51.96139643 61.23087107 -22.45299760
v 51.23772547 61.90337543 -22.81383756
v 47.24383662 54.99015240 -21.36016211
v 47.37146113 54.77229125 -21.19445163
v 47.85518763 55.10306365 -21.19796120
v 47.39706538 54.49804121 -21.25818755
v 47.37146113 54.77229125 -21.19445163
v 45.83395502 53.99112129 -21.63080709
v 46.30745051 54.02586177 -21.46642416
v 46.01197169 54.59595298 -21.66883209
v 47.24383662 54.99015240 -21.36016211
v 47.85518763 55.10306365 -21.19796120
v 47.24627802 55.34556013 -21.28991071
v 49.59731409 62.99213943 -23.99775192
v 49.78411219 63.48995165 -24.31695061
v 48.85029719 63.64070465 -24.46366389
v 43.37895319 53.21280094 -21.85544686
v 43.30371973 53.86900134 -21.90320697
v 42.97523615 53.62421225 -21.69851028
v 43.19886896 59.53378442 -24.39272511
v 43.50557825 59.09139020 -24.16037946
v 43.93087885 59.26499901 -23.94465072
v 48.67918513 55.50623904 -20.97525924
v 49.43536494 55.39679540 -20.87886945
v 48.73729059 56.23039445 -21.07152706
v 49.77062342 56.14900794 -20.72980647
v 50.20138666 55.97563760 -20.64971305
v 50.39564631 56.81088461 -20.78431097
v 45.88791773 55.25186727 -21.76583232
v 46.42453882 55.00363733 -21.51737342
v 45.92324946 55.84100530 -21.80637502
v 47.38916132 55.94845012 -21.45604850
v 48.67918513 55.50623904 -20.97525924
v 48.73729059 56.23039445 -21.07152706
v 50.45657465 55.59608664 -20.79711290
v 51.07903406 55.45744533 -20.51654952
v 51.08029291 55.82299630 -20.61803578
v 45.00010035 55.20053290 -21.73580302
v 45.92324946 55.84100530 -21.80637502
v 44.76197932 56.04700650 -22.27687981
v 47.88913080 54.95613680 -21.02289709
v 48.69299433 54.60462771 -20.98653534
v 48.66914484 55.17243015 -20.95946634
v 44.80345270 57.68737197 -23.08736592
v 45.73161433 56.96790110 -22.42539376
v 45.74297449 57.45854743 -22.60517289
v 46.57130549 56.59962648 -22.00263369
v 47.62270472 56.51483726 -21.65126954
v 47.47838709 57.21657745 -22.10410474
v 45.68982813 57.79776171 -22.87650473
v 45.74297449 57.45854743 -22.60517289
v 46.70778010 59.39859741 -23.50676928
v 46.57500574 59.96735158 -23.68891353
v 45.91941950 60.07641191 -23.43567869
v 47.93725703 60.23248068 -23.61576294
v 48.18737147 60.61515016 -23.39467841
v 45.83395502 53.99112129 -21.63080709
v 46.01197169 54.59595298 -21.66883209
v 45.09284327 54.15696522 -21.83902855
v 48.18492243 54.56401262 -21.08738067
v 47.88913080 54.95613680 -21.02289709
v 47.39706538 54.49804121 -21.25818755
v 45.66899226 61.27805470 -24.66604082
v 45.60781214 60.92066721 -24.32413708
v 46.13464472 61.16203073 -24.32811966
v 47.65740320 54.27949343 -21.04786036
v 47.39706538 54.49804121 -21.25818755
v 47.30387995 54.20851331 -21.34870264
v 47.63688776 61.88332514 -24.33437588
v 47.96938441 61.85739485 -23.62545254
v 48.19056818 62.09300762 -24.20052582
v 50.45657465 55.59608664 -20.79711290
v 50.88508723 55.33736247 -20.50954571
v 51.07903406 55.45744533 -20.51654952
v 47.24383662 54.99015240 -21.36016211
v 47.07730219 54.58703807 -21.42168548
v 50.45657465 55.59608664 -20.79711290
v 51.08029291 55.82299630 -20.61803578
v 51.07903406 55.45744533 -20.51654952
v 51.24054835 55.64781018 -20.40500780
v 44.35241816 59.37725412 -23.88956651
v 44.69358179 58.58947530 -23.67371556
v 45.28102228 59.55141792 -23.98940480
v 49.73291132 59.17407981 -22.16758162
v 48.61644099 59.57506352 -22.76441396
v 48.33213160 57.32099722 -21.73278212
v 48.60451624 56.70295529 -21.37926640
v 48.89792750 57.19209102 -21.41983960
v 48.61644099 59.57506352 -22.76441396
v 48.92967341 59.94267444 -22.84218807
v 48.92967341 59.94267444 -22.84218807
v 49.57760737 60.69623923 -23.09011299
v 48.95778773 60.55193493 -23.23618536
v 48.73729059 56.23039445 -21.07152706
v 49.77062342 56.14900794 -20.72980647
v 49.43128321 56.59958469 -20.95128786
v 45.73161433 56.96790110 -22.42539376
v 46.00601313 56.65086545 -22.29493106
v 45.74297449 57.45854743 -22.60517289
v 47.47838709 57.21657745 -22.10410474
v 48.60451624 56.70295529 -21.37926640
v 48.33213160 57.32099722 -21.73278212
v 51.55183527 59.00989346 -21.39821819
v 51.97337458 59.47852522 -21.28425037
v 51.27285883 59.89375491 -21.94872492
v 45.68982813 57.79776171 -22.87650473
v 45.69020197 58.32551360 -23.12235443
v 48.05101893 59.04211981 -22.70171551
v 48.61644099 59.57506352 -22.76441396
v 47.97484705 59.81243111 -23.00461785
v 45.13099787 58.66848536 -23.36188696
v 45.28102228 59.55141792 -23.98940480
v 46.42862055 62.37237501 -24.54241429
v 47.50285456 62.97482444 -24.50139877
v 46.07854578 63.01763862 -24.96319076
v 48.05101893 59.04211981 -22.70171551
v 48.46296046 58.73380076 -22.43808936
v 48.61644099 59.57506352 -22.76441396
v 48.19056818 62.09300762 -24.20052582
v 47.96938441 61.85739485 -23.62545254
v 48.37172053 62.52092318 -24.32059730
v 47.63688776 61.88332514 -24.33437588
v 48.19056818 62.09300762 -24.20052582
v 48.37172053 62.52092318 -24.32059730
v 50.45657465 55.59608664 -20.79711290
v 50.10506556 54.92020622 -20.71390661
v 50.61847040 55.14671152 -20.57949197
v 49.68634913 59.67997159 -22.30489554
v 51.54312250 62.75800107 -23.22564189
v 51.87254450 63.13629313 -23.35918688
v 50.49548456 63.31634293 -23.92095449
v 49.57760737 60.69623923 -23.09011299
v 49.71772883 61.68796513 -23.27500390
v 50.73198054 56.22553079 -20.61211544
v 50.20138666 55.97563760 -20.64971305
v 50.45657465 55.59608664 -20.79711290
v 49.22001002 58.58448595 -22.00014683
v 49.73291132 59.17407981 -22.16758162
v 48.61644099 59.57506352 -22.76441396
v 50.64889643 57.60536778 -20.91044025
v 51.76072809 58.12623036 -20.89800442
v 50.72105524 58.38143352 -21.43096345
v 49.81096766 55.73105446 -20.69201038
v 50.10506556 54.92020622 -20.71390661
v 50.45657465 55.59608664 -20.79711290
v 46.07854578 63.01763862 -24.96319076
v 47.50285456 62.97482444 -24.50139877
v 46.68820307 63.24820082 -25.01127125
v 47.30387995 54.20851331 -21.34870264
v 47.07730219 54.58703807 -21.42168548
v 46.95776484 54.09924131 -21.29413719
v 48.69299433 54.60462771 -20.98653534
v 49.08955500 54.59087574 -20.93573883
v 47.30387995 54.20851331 -21.34870264
v 47.39706538 54.49804121 -21.25818755
v 48.33213160 57.32099722 -21.73278212
v 50.84593317 62.47422954 -23.32674658
v 51.54312250 62.75800107 -23.22564189
v 50.49548456 63.31634293 -23.92095449
v 50.84153864 61.45545368 -22.81612630
v 51.23772547 61.90337543 -22.81383756
v 45.56388972 53.94662666 -21.66039388
v 45.83395502 53.99112129 -21.63080709
v 45.09284327 54.15696522 -21.83902855
v 49.43128321 56.59958469 -20.95128786
v 48.89792750 57.19209102 -21.41983960
v 46.69102595 54.29449657 -21.39556239
v 47.07730219 54.58703807 -21.42168548
v 46.42453882 55.00363733 -21.51737342
v 49.43536494 55.39679540 -20.87886945
v 49.08955500 54.59087574 -20.93573883
v 49.48612330 54.79626287 -20.82958347
v 47.62270472 56.51483726 -21.65126954
v 47.47838709 57.21657745 -22.10410474
v 45.19079706 53.72494315 -21.69490922
v 45.37326166 53.83823204 -21.62049213
v 44.92562220 53.69679831 -21.72680009
v 47.38916132 55.94845012 -21.45604850
v 45.92324946 55.84100530 -21.80637502
v 45.15684626 61.66078131 -24.99289941
v 46.42862055 62.37237501 -24.54241429
v 45.01196406 62.91494693 -25.21370955
v 44.36447260 53.78368946 -21.85524859
v 45.09284327 54.15696522 -21.83902855
v 44.20552943 54.03006167 -21.93834799
v 44.20552943 54.03006167 -21.93834799
v 43.95202753 53.78789710 -21.67150225
v 44.20176813 53.49873159 -21.75049695
v 44.36447260 53.78368946 -21.85524859
v 44.20176813 53.49873159 -21.75049695
v 43.95202753 53.78789710 -21.67150225
v 44.00869105 53.18150899 -21.77869514
v 43.95202753 53.78789710 -21.67150225
v 44.20552943 54.03006167 -21.93834799
v 43.30371973 53.86900134 -21.90320697
v 42.98426935 60.02940510 -24.68624326
v 43.19886896 59.53378442 -24.39272511
v 43.97210810 59.76887658 -24.41691033
v 46.92325709 57.58642375 -22.39283160
v 48.33213160 57.32099722 -21.73278212
v 47.74839136 58.06819714 -22.31063259
v 43.00855372 60.60447256 -25.06316596
v 43.71264765 60.27635525 -24.66779542
v 43.73046992 60.88180680 -24.84101329
v 43.30371973 53.86900134 -21.90320697
v 44.17108271 54.39869875 -21.99303555
v 43.55445978 54.68670457 -22.05118684
v 43.47445795 52.81608772 -21.65136049
v 43.37895319 53.21280094 -21.85544686
v 43.00158808 52.82400321 -21.71537111
v 49.43128321 56.59958469 -20.95128786
v 50.39564631 56.81088461 -20.78431097
v 49.79452631 57.39011199 -21.22684646
v 46.04892847 59.03486414 -23.39461712
v 46.71713373 58.84013152 -23.07760048
v 46.15045283 59.40246555 -23.29465685
v 47.96938441 61.85739485 -23.62545254
v 49.22339747 61.50377252 -22.97768637
v 49.46259424 62.48326840 -23.71052039
v 45.57116816 59.16386765 -23.49514204
v 46.15045283 59.40246555 -23.29465685
v 45.91941950 60.07641191 -23.43567869
v 48.18737147 60.61515016 -23.39467841
v 48.95778773 60.55193493 -23.23618536
v 49.22339747 61.50377252 -22.97768637
v 45.01196406 62.91494693 -25.21370955
v 46.42862055 62.37237501 -24.54241429
v 46.07854578 63.01763862 -24.96319076
v 45.28102228 59.55141792 -23.98940480
v 45.58986780 60.06608738 -23.72747251
v 45.26458857 60.17048992 -23.77945922
v 45.13099787 58.66848536 -23.36188696
v 45.09284327 54.15696522 -21.83902855
v 44.29852412 54.64325138 -21.88474397
v 44.20552943 54.03006167 -21.93834799
v 46.66881678 61.76822231 -24.68157435
v 47.24967310 62.12893057 -24.54067475
v 46.42862055 62.37237501 -24.54241429
v 45.26458857 60.17048992 -23.77945922
v 45.58986780 60.06608738 -23.72747251
v 46.25399134 60.67367130 -24.23082954
v 46.19801447 60.21329081 -23.80001282
v 46.25399134 60.67367130 -24.23082954
v 45.47196314 54.82081412 -21.67987949
v 46.01197169 54.59595298 -21.66883209
v 45.88791773 55.25186727 -21.76583232
v 47.68777582 59.61363958 -23.15194143
v 47.97484705 59.81243111 -23.00461785
v 47.93725703 60.23248068 -23.61576294
v 46.99434778 60.93703421 -24.09340893
v 47.48296473 61.46863136 -23.96703573
v 47.06757471 61.16406015 -24.32088700
v 48.92967341 59.94267444 -22.84218807
v 49.99745295 60.47352201 -22.68355778
v 49.57760737 60.69623923 -23.09011299
v 45.60781214 60.92066721 -24.32413708
v 46.13464472 61.16203073 -24.32811966
v 47.08583185 60.50888599 -23.78144292
v 47.48296473 61.46863136 -23.96703573
v 46.99434778 60.93703421 -24.09340893
v 45.47196314 54.82081412 -21.67987949
v 45.00010035 55.20053290 -21.73580302
v 45.62092707 53.83900263 -21.48607745
v 45.83395502 53.99112129 -21.63080709
v 45.56388972 53.94662666 -21.66039388
v 45.57116816 59.16386765 -23.49514204
v 45.58986780 60.06608738 -23.72747251
v 45.28102228 59.55141792 -23.98940480
v 46.42862055 62.37237501 -24.54241429
v 47.24967310 62.12893057 -24.54067475
v 47.50285456 62.97482444 -24.50139877
v 45.66899226 61.27805470 -24.66604082
v 46.67910883 61.55633502 -24.24541709
v 45.92324946 55.84100530 -21.80637502
v 46.42453882 55.00363733 -21.51737342
v 46.64584467 55.60718348 -21.50170274
v 46.67910883 61.55633502 -24.24541709
v 47.24967310 62.12893057 -24.54067475
v 45.57116816 59.16386765 -23.49514204
v 46.04892847 59.03486414 -23.39461712
v 46.15045283 59.40246555 -23.29465685
v 46.71713373 58.84013152 -23.07760048
v 46.52211115 58.15677433 -22.80397977
v 48.09990046 58.43279063 -22.37858003
v 48.73729059 56.23039445 -21.07152706
v 47.85518763 55.10306365 -21.19796120
v 47.88913080 54.95613680 -21.02289709
v 48.67918513 55.50623904 -20.97525924
v 50.84153864 61.45545368 -22.81612630
v 50.39314387 61.99540116 -22.98838286
v 50.72105524 58.38143352 -21.43096345
v 51.76072809 58.12623036 -20.89800442
v 51.55183527 59.00989346 -21.39821819
v 47.88913080 54.95613680 -21.02289709
v 48.66914484 55.17243015 -20.95946634
v 48.67918513 55.50623904 -20.97525924
v 47.85518763 55.10306365 -21.19796120
v 48.67918513 55.50623904 -20.97525924
v 47.38916132 55.94845012 -21.45604850
v 44.67476008 60.69634962 -24.55454476
v 45.34634516 60.60991628 -24.14173346
v 45.60781214 60.92066721 -24.32413708
v 46.70778010 59.39859741 -23.50676928
v 46.76224634 59.91625187 -23.25940913
v 46.57500574 59.96735158 -23.68891353
v 43.38679621 62.28974084 -25.80607089
v 43.90565607 62.02089629 -25.47176604
v 43.95177576 62.61680153 -25.82136025
v 48.92967341 59.94267444 -22.84218807
v 49.68634913 59.67997159 -22.30489554
v 49.99745295 60.47352201 -22.68355778
v 42.80543635 61.43654567 -25.62995381
v 43.23507807 61.01131572 -25.17457044
v 43.50131342 61.60475481 -25.28902672
v 43.23507807 61.01131572 -25.17457044
v 43.73046992 60.88180680 -24.84101329
v 43.50131342 61.60475481 -25.28902672
v 47.24627802 55.34556013 -21.28991071
v 47.85518763 55.10306365 -21.19796120
v 44.54888270 62.31552442 -25.53725681
v 45.01196406 62.91494693 -25.21370955
v 44.83583185 63.39503795 -25.63120535
v 46.00601313 56.65086545 -22.29493106
v 46.61635706 57.24645414 -22.26262830
v 45.74297449 57.45854743 -22.60517289
v 47.48296473 61.46863136 -23.96703573
v 47.63688776 61.88332514 -24.33437588
v 44.35241816 59.37725412 -23.88956651
v 45.28102228 59.55141792 -23.98940480
v 44.91652033 59.97682910 -24.23942013
v 45.92324946 55.84100530 -21.80637502
v 46.57130549 56.59962648 -22.00263369
v 46.00601313 56.65086545 -22.29493106
v 47.38916132 55.94845012 -21.45604850
v 45.74297449 57.45854743 -22.60517289
v 45.68982813 57.79776171 -22.87650473
v 44.80345270 57.68737197 -23.08736592
v 47.06757471 61.16406015 -24.32088700
v 47.48296473 61.46863136 -23.96703573
v 46.67910883 61.55633502 -24.24541709
v 45.66899226 61.27805470 -24.66604082
v 45.29269526 61.35326716 -24.75823444
v 46.13464472 61.16203073 -24.32811966
v 46.67910883 61.55633502 -24.24541709
v 45.66899226 61.27805470 -24.66604082
v 44.67476008 60.69634962 -24.55454476
v 44.91652033 59.97682910 -24.23942013
v 45.34634516 60.60991628 -24.14173346
v 45.19562647 56.59899698 -22.45182192
v 46.00601313 56.65086545 -22.29493106
v 45.73161433 56.96790110 -22.42539376
v 49.71772883 61.68796513 -23.27500390
v 49.99745295 60.47352201 -22.68355778
v 50.72827265 59.73156540 -22.06655327
v 51.55183527 59.00989346 -21.39821819
v 45.34634516 60.60991628 -24.14173346
v 46.25399134 60.67367130 -24.23082954
v 45.60781214 60.92066721 -24.32413708
v 44.29852412 54.64325138 -21.88474397
v 45.47196314 54.82081412 -21.67987949
v 45.00010035 55.20053290 -21.73580302
v 45.26458857 60.17048992 -23.77945922
v 46.25399134 60.67367130 -24.23082954
v 45.34634516 60.60991628 -24.14173346
v 44.53940699 55.57764621 -21.90923447
v 44.76197932 56.04700650 -22.27687981
v 44.06892512 56.07050499 -22.57554010
v 44.29852412 54.64325138 -21.88474397
v 45.00010035 55.20053290 -21.73580302
v 44.53940699 55.57764621 -21.90923447
v 50.64080927 60.31486317 -21.86770082
v 51.27285883 59.89375491 -21.94872492
v 51.18652460 60.54137606 -21.96361761
v 42.98426935 60.02940510 -24.68624326
v 43.97210810 59.76887658 -24.41691033
v 43.71264765 60.27635525 -24.66779542
v 50.64889643 57.60536778 -20.91044025
v 51.25410578 56.98538033 -20.69143075
v 51.76072809 58.12623036 -20.89800442
v 43.18380854 55.63781913 -22.63831468
v 44.06892512 56.07050499 -22.57554010
v 43.36226008 56.27288607 -22.91127927
v 45.29269526 61.35326716 -24.75823444
v 46.42862055 62.37237501 -24.54241429
v 42.84195826 55.22604928 -22.54099406
v 43.96482966 55.36124220 -22.22078839
v 43.18380854 55.63781913 -22.63831468
v 46.19801447 60.21329081 -23.80001282
v 46.99434778 60.93703421 -24.09340893
v 44.06892512 56.07050499 -22.57554010
v 43.36226008 56.27288607 -22.91127927
v 43.36226008 56.27288607 -22.91127927
v 43.68710444 57.23907634 -23.30875562
v 42.95377466 57.39753501 -23.58327652
v 49.17922327 58.23493380 -21.93569365
v 49.79339716 58.55906486 -21.65084263
v 49.22001002 58.58448595 -22.00014683
v 48.10034296 63.09236674 -24.29995225
v 48.61970637 63.35527184 -24.44192007
v 47.89208338 63.37747906 -24.65099600
v 46.67910883 61.55633502 -24.24541709
v 46.99434778 60.93703421 -24.09340893
v 47.06757471 61.16406015 -24.32088700
v 47.50285456 62.97482444 -24.50139877
v 47.89208338 63.37747906 -24.65099600
v 46.68820307 63.24820082 -25.01127125
v 46.61635706 57.24645414 -22.26262830
v 46.45810816 57.65166649 -22.54918843
v 49.48612330 54.79626287 -20.82958347
v 50.10506556 54.92020622 -20.71390661
v 49.43536494 55.39679540 -20.87886945
v 50.10506556 54.92020622 -20.71390661
v 49.81096766 55.73105446 -20.69201038
v 48.66914484 55.17243015 -20.95946634
v 49.08955500 54.59087574 -20.93573883
v 47.63688776 61.88332514 -24.33437588
v 48.37172053 62.52092318 -24.32059730
v 47.50285456 62.97482444 -24.50139877
v 51.23772547 61.90337543 -22.81383756
v 51.96139643 61.23087107 -22.45299760
v 51.93252680 62.18108160 -22.70812471
v 46.13464472 61.16203073 -24.32811966
v 46.99434778 60.93703421 -24.09340893
v 46.67910883 61.55633502 -24.24541709
v 50.20163080 58.66280170 -21.90868566
v 49.96952936 58.00567438 -21.49213587
v 50.72105524 58.38143352 -21.43096345
v 46.76224634 59.91625187 -23.25940913
v 47.68777582 59.61363958 -23.15194143
v 46.57500574 59.96735158 -23.68891353
v 46.76224634 59.91625187 -23.25940913
v 46.67910883 61.55633502 -24.24541709
v 47.48296473 61.46863136 -23.96703573
v 46.67910883 61.55633502 -24.24541709
v 47.63688776 61.88332514 -24.33437588
v 47.68777582 59.61363958 -23.15194143
v 47.93725703 60.23248068 -23.61576294
v 47.63688776 61.88332514 -24.33437588
v 47.97484705 59.81243111 -23.00461785
v 48.92967341 59.94267444 -22.84218807
v 47.93725703 60.23248068 -23.61576294
v 48.92967341 59.94267444 -22.84218807
v 48.95778773 60.55193493 -23.23618536
v 47.68777582 59.61363958 -23.15194143
v 48.05101893 59.04211981 -22.70171551
v 47.97484705 59.81243111 -23.00461785
v 45.57116816 59.16386765 -23.49514204
v 45.91941950 60.07641191 -23.43567869
v 48.61970637 63.35527184 -24.44192007
v 49.46259424 62.48326840 -23.71052039
v 49.59731409 62.99213943 -23.99775192
v 45.68982813 57.79776171 -22.87650473
v 46.45810816 57.65166649 -22.54918843
v 46.52211115 58.15677433 -22.80397977
v 45.69020197 58.32551360 -23.12235443
v 46.71713373 58.84013152 -23.07760048
v 46.04892847 59.03486414 -23.39461712
v 51.08029291 55.82299630 -20.61803578
v 51.38411066 55.74225826 -20.50206897
v 51.56018183 55.93345468 -20.58175040
v 51.23772547 61.90337543 -22.81383756
v 51.93252680 62.18108160 -22.70812471
v 51.54312250 62.75800107 -23.22564189
v 43.28822443 64.68174266 -27.56608105
v 44.53282282 64.86167437 -27.11707595
v 43.79465601 64.85462283 -27.53182510
v 44.88383601 65.21775534 -27.37407979
v 44.31853602 65.06308651 -27.47732074
v 44.53282282 64.86167437 -27.11707595
v 45.44598505 65.26821809 -27.21055136
v 45.14843867 65.46234229 -27.29766382
v 44.88383601 65.21775534 -27.37407979
v 45.44598505 65.26821809 -27.21055136
v 44.88383601 65.21775534 -27.37407979
v 44.53282282 64.86167437 -27.11707595
v 43.28822443 64.68174266 -27.56608105
v 42.99236414 64.92848487 -27.77764420
v 42.94348261 64.79605193 -27.76043227
v 43.48098109 63.78724976 -26.26798520
v 44.76097224 64.42688292 -26.41955086
v 44.04319880 64.56278341 -26.46413706
v 44.32618830 63.69940686 -26.06280025
v 45.10414240 64.25009846 -26.05149358
v 44.76097224 64.42688292 -26.41955086
v 44.32618830 63.69940686 -26.06280025
v 44.83583185 63.39503795 -25.63120535
v 45.11662409 63.75654726 -25.74166379
v 44.04319880 64.56278341 -26.46413706
v 50.64080927 60.31486317 -21.86770082
v 51.18652460 60.54137606 -21.96361761
v 44.76097224 64.42688292 -26.41955086
v 45.46907923 64.71455497 -26.36136914
v 43.26945612 63.03644687 -25.65986130
v 44.32618830 63.69940686 -26.06280025
v 43.48098109 63.78724976 -26.26798520
v 44.76097224 64.42688292 -26.41955086
v 44.04319880 64.56278341 -26.46413706
v 43.49108240 64.22062606 -26.35691349
v 43.11666987 64.47243023 -27.47310921
v 42.96695063 64.01152144 -26.83997620
v 44.53282282 64.86167437 -27.11707595
v 44.31853602 65.06308651 -27.47732074
v 43.79465601 64.85462283 -27.53182510
v 47.93725703 60.23248068 -23.61576294
v 48.95778773 60.55193493 -23.23618536
v 48.18737147 60.61515016 -23.39467841
v 44.76097224 64.42688292 -26.41955086
v 45.10414240 64.25009846 -26.05149358
v 45.46907923 64.71455497 -26.36136914
v 43.73046992 60.88180680 -24.84101329
v 43.94801447 60.58645579 -24.75020819
v 44.30265925 61.08012336 -24.97474135
v 45.11662409 63.75654726 -25.74166379
v 45.10414240 64.25009846 -26.05149358
v 43.49108240 64.22062606 -26.35691349
v 43.48098109 63.78724976 -26.26798520
v 44.04319880 64.56278341 -26.46413706
v 43.48098109 63.78724976 -26.26798520
v 43.49108240 64.22062606 -26.35691349
v 42.96695063 64.01152144 -26.83997620
v 43.94801447 60.58645579 -24.75020819
v 44.02694819 60.35424760 -24.36228396
v 44.30265925 61.08012336 -24.97474135
v 42.95377466 57.39753501 -23.58327652
v 43.90465662 57.93827597 -23.58828149
v 42.88061640 58.23574600 -23.97414580
v 44.28697321 57.30303740 -23.11440443
v 44.80345270 57.68737197 -23.08736592
v 43.90465662 57.93827597 -23.58828149
v 48.18737147 60.61515016 -23.39467841
v 49.22339747 61.50377252 -22.97768637
v 47.96938441 61.85739485 -23.62545254
v 45.15684626 61.66078131 -24.99289941
v 45.29269526 61.35326716 -24.75823444
v 46.42862055 62.37237501 -24.54241429
v 44.53282282 64.86167437 -27.11707595
v 45.46907923 64.71455497 -26.36136914
v 45.44598505 65.26821809 -27.21055136
v 43.79465601 64.85462283 -27.53182510
v 44.31853602 65.06308651 -27.47732074
v 43.97668574 65.19373226 -27.52456197
v 43.26945612 63.03644687 -25.65986130
v 43.38679621 62.28974084 -25.80607089
v 43.95177576 62.61680153 -25.82136025
v 44.54888270 62.31552442 -25.53725681
v 45.15684626 61.66078131 -24.99289941
v 45.01196406 62.91494693 -25.21370955
v 44.53589747 58.14449090 -23.42943753
v 45.69020197 58.32551360 -23.12235443
v 44.69358179 58.58947530 -23.67371556
v 43.48098109 63.78724976 -26.26798520
v 44.32618830 63.69940686 -26.06280025
v 44.83583185 63.39503795 -25.63120535
v 45.01196406 62.91494693 -25.21370955
v 45.11662409 63.75654726 -25.74166379
v 45.69020197 58.32551360 -23.12235443
v 46.52211115 58.15677433 -22.80397977
v 46.71713373 58.84013152 -23.07760048
v 49.71772883 61.68796513 -23.27500390
v 50.39314387 61.99540116 -22.98838286
v 50.20037958 62.41959159 -23.53681432
v 49.59731409 62.99213943 -23.99775192
v 50.20037958 62.41959159 -23.53681432
v 50.49548456 63.31634293 -23.92095449
v 48.10034296 63.09236674 -24.29995225
v 47.89208338 63.37747906 -24.65099600
v 49.59731409 62.99213943 -23.99775192
v 50.49548456 63.31634293 -23.92095449
v 49.78411219 63.48995165 -24.31695061
v 46.71713373 58.84013152 -23.07760048
v 48.05101893 59.04211981 -22.70171551
v 47.68777582 59.61363958 -23.15194143
v 46.64584467 55.60718348 -21.50170274
v 47.24627802 55.34556013 -21.28991071
v 47.38916132 55.94845012 -21.45604850
v 46.71713373 58.84013152 -23.07760048
v 46.70778010 59.39859741 -23.50676928
v 46.15045283 59.40246555 -23.29465685
v 44.04319880 64.56278341 -26.46413706
v 43.28822443 64.68174266 -27.56608105
v 43.49108240 64.22062606 -26.35691349
v 43.28822443 64.68174266 -27.56608105
v 43.11666987 64.47243023 -27.47310921
v 46.79073450 54.92542462 -21.37346777
v 47.07730219 54.58703807 -21.42168548
v 47.24383662 54.99015240 -21.36016211
v 46.70778010 59.39859741 -23.50676928
v 46.71713373 58.84013152 -23.07760048
v 47.16458247 59.60878346 -23.21801199
v 46.57130549 56.59962648 -22.00263369
v 47.62270472 56.51483726 -21.65126954
v 43.18380854 55.63781913 -22.63831468
v 43.96482966 55.36124220 -22.22078839
v 44.06892512 56.07050499 -22.57554010
v 43.79465601 64.85462283 -27.53182510
v 43.41220972 64.94488998 -27.73939042
v 43.28822443 64.68174266 -27.56608105
v 43.41220972 64.94488998 -27.73939042
v 43.07481501 64.79377646 -27.78425123
v 42.99236414 64.92848487 -27.77764420
v 43.28822443 64.68174266 -27.56608105
v 43.07481501 64.79377646 -27.78425123
v 47.24778864 65.17089018 -25.48012837
v 47.46928522 65.48452103 -26.77155603
v 46.92633173 65.57582201 -26.67243496
v 45.11662409 63.75654726 -25.74166379
v 46.07854578 63.01763862 -24.96319076
v 45.10414240 64.25009846 -26.05149358
v 46.31667445 63.90276467 -25.33217895
v 45.87762568 64.22283675 -25.93546574
v 49.68634913 59.67997159 -22.30489554
v 50.72827265 59.73156540 -22.06655327
v 49.99745295 60.47352201 -22.68355778
v 49.99745295 60.47352201 -22.68355778
v 46.68820307 63.24820082 -25.01127125
v 46.31667445 63.90276467 -25.33217895
v 49.37945673 65.56179165 -26.07644191
v 49.41013453 66.03457372 -26.50196384
v 48.81315729 66.07095451 -26.31638645
v 46.68820307 63.24820082 -25.01127125
v 47.47455714 63.92508641 -25.09463012
v 47.89208338 63.37747906 -24.65099600
v 48.37172053 62.52092318 -24.32059730
v 48.10034296 63.09236674 -24.29995225
v 47.50285456 62.97482444 -24.50139877
v 47.96938441 61.85739485 -23.62545254
v 49.46259424 62.48326840 -23.71052039
v 48.37172053 62.52092318 -24.32059730
v 48.85029719 63.64070465 -24.46366389
v 48.69964716 64.16730064 -24.95061771
v 48.02887080 63.77026502 -25.04610715
v 45.87762568 64.22283675 -25.93546574
v 46.20190546 64.85361973 -26.51571182
v 48.56191370 65.54240539 -25.91028895
v 49.37945673 65.56179165 -26.07644191
v 48.81315729 66.07095451 -26.31638645
v 49.69928095 64.45103785 -24.76848885
v 50.87849543 64.87479924 -24.61426834
v 49.94185755 65.55783989 -24.41631618
v 49.93527338 64.21484333 -24.22126286
v 50.45137141 64.09404903 -24.23879519
v 49.69928095 64.45103785 -24.76848885
v 47.48296473 61.46863136 -23.96703573
v 47.30149958 60.29988452 -23.32776857
v 47.93725703 60.23248068 -23.61576294
v 50.87849543 64.87479924 -24.61426834
v 51.20773432 66.21277377 -24.71731116
v 50.49322626 65.98670338 -24.62705538
v 48.49075434 57.61102867 -21.62482624
v 48.33213160 57.32099722 -21.73278212
v 49.09771845 57.67642023 -21.53922444
v 45.28102228 59.55141792 -23.98940480
v 45.26458857 60.17048992 -23.77945922
v 44.91652033 59.97682910 -24.23942013
v 47.62270472 56.51483726 -21.65126954
v 48.60451624 56.70295529 -21.37926640
v 44.76197932 56.04700650 -22.27687981
v 45.92324946 55.84100530 -21.80637502
v 45.19562647 56.59899698 -22.45182192
v 44.37037012 59.98869280 -24.31154843
v 44.91652033 59.97682910 -24.23942013
v 44.67476008 60.69634962 -24.55454476
v 46.71713373 58.84013152 -23.07760048
v 47.68777582 59.61363958 -23.15194143
v 47.16458247 59.60878346 -23.21801199
v 46.92325709 57.58642375 -22.39283160
v 46.52211115 58.15677433 -22.80397977
v 46.45810816 57.65166649 -22.54918843
v 44.04370234 58.73460924 -23.84888648
v 44.53589747 58.14449090 -23.42943753
v 44.69358179 58.58947530 -23.67371556
v 47.07730219 54.58703807 -21.42168548
v 46.79073450 54.92542462 -21.37346777
v 46.42453882 55.00363733 -21.51737342
v 46.01197169 54.59595298 -21.66883209
v 46.42453882 55.00363733 -21.51737342
v 44.49040339 56.71069508 -22.77160038
v 45.19562647 56.59899698 -22.45182192
v 45.73161433 56.96790110 -22.42539376
v 43.95177576 62.61680153 -25.82136025
v 44.32618830 63.69940686 -26.06280025
v 43.26945612 63.03644687 -25.65986130
v 49.96952936 58.00567438 -21.49213587
v 50.20163080 58.66280170 -21.90868566
v 49.79339716 58.55906486 -21.65084263
v 50.49548456 63.31634293 -23.92095449
v 50.45137141 64.09404903 -24.23879519
v 49.93527338 64.21484333 -24.22126286
v 48.69964716 64.16730064 -24.95061771
v 49.69928095 64.45103785 -24.76848885
v 49.49208185 64.90310994 -25.11478714
v 46.52211115 58.15677433 -22.80397977
v 45.69020197 58.32551360 -23.12235443
v 49.96952936 58.00567438 -21.49213587
v 50.64889643 57.60536778 -20.91044025
v 46.01197169 54.59595298 -21.66883209
v 46.69102595 54.29449657 -21.39556239
v 46.42453882 55.00363733 -21.51737342
v 45.93516657 64.93386943 -27.05813126
v 46.59608576 65.38686474 -27.01824486
v 46.00286982 65.55989177 -27.04145351
v 46.01197169 54.59595298 -21.66883209
v 46.30745051 54.02586177 -21.46642416
v 46.69102595 54.29449657 -21.39556239
v 43.71264765 60.27635525 -24.66779542
v 43.94801447 60.58645579 -24.75020819
v 43.73046992 60.88180680 -24.84101329
v 49.96952936 58.00567438 -21.49213587
v 49.79339716 58.55906486 -21.65084263
v 49.37945673 65.56179165 -26.07644191
v 49.85068629 66.43191646 -26.14365702
v 49.41013453 66.03457372 -26.50196384
v 49.69928095 64.45103785 -24.76848885
v 50.45137141 64.09404903 -24.23879519
v 50.87849543 64.87479924 -24.61426834
v 49.99745295 60.47352201 -22.68355778
v 50.64080927 60.31486317 -21.86770082
v 45.37326166 53.83823204 -21.62049213
v 45.56388972 53.94662666 -21.66039388
v 45.09284327 54.15696522 -21.83902855
v 48.73729059 56.23039445 -21.07152706
v 49.43128321 56.59958469 -20.95128786
v 48.60451624 56.70295529 -21.37926640
v 45.00010035 55.20053290 -21.73580302
v 45.88791773 55.25186727 -21.76583232
v 47.01104090 64.70101298 -25.19980908
v 48.23530695 65.06089715 -25.76803119
v 47.24778864 65.17089018 -25.48012837
v 46.31667445 63.90276467 -25.33217895
v 46.84055445 64.11681305 -25.39762393
v 45.87762568 64.22283675 -25.93546574
v 46.84055445 64.11681305 -25.39762393
v 49.38020441 64.03641846 -24.40020265
v 49.78411219 63.48995165 -24.31695061
v 49.69928095 64.45103785 -24.76848885
v 45.46907923 64.71455497 -26.36136914
v 46.20190546 64.85361973 -26.51571182
v 45.93516657 64.93386943 -27.05813126
v 45.10414240 64.25009846 -26.05149358
v 46.07854578 63.01763862 -24.96319076
v 46.31667445 63.90276467 -25.33217895
v 46.01197169 54.59595298 -21.66883209
v 43.73046992 60.88180680 -24.84101329
v 43.23507807 61.01131572 -25.17457044
v 45.87091181 65.29032425 -27.26656638
v 45.44598505 65.26821809 -27.21055136
v 45.93516657 64.93386943 -27.05813126
v 46.20190546 64.85361973 -26.51571182
v 46.59608576 65.38686474 -27.01824486
v 45.93516657 64.93386943 -27.05813126
v 47.47455714 63.92508641 -25.09463012
v 48.02887080 63.77026502 -25.04610715
v 43.93087885 59.26499901 -23.94465072
v 48.23530695 65.06089715 -25.76803119
v 47.46928522 65.48452103 -26.77155603
v 47.24778864 65.17089018 -25.48012837
v 46.69416926 65.49608719 -26.79609217
v 46.59608576 65.38686474 -27.01824486
v 50.87849543 64.87479924 -24.61426834
v 51.27555964 65.28104540 -24.77018271
v 51.20773432 66.21277377 -24.71731116
v 46.20190546 64.85361973 -26.51571182
v 46.06373713 64.58196190 -25.81531809
v 46.69416926 65.49608719 -26.79609217
v 48.09990046 58.43279063 -22.37858003
v 48.46296046 58.73380076 -22.43808936
v 48.05101893 59.04211981 -22.70171551
v 48.03276179 65.68834028 -26.90119474
v 48.56191370 65.54240539 -25.91028895
v 48.62861750 65.96847647 -26.39376376
v 48.23530695 65.06089715 -25.76803119
v 48.03276179 65.68834028 -26.90119474
v 46.84055445 64.11681305 -25.39762393
v 46.06373713 64.58196190 -25.81531809
v 45.87762568 64.22283675 -25.93546574
v 46.06373713 64.58196190 -25.81531809
v 46.20190546 64.85361973 -26.51571182
v 45.87762568 64.22283675 -25.93546574
v 45.93516657 64.93386943 -27.05813126
v 45.44598505 65.26821809 -27.21055136
v 45.46907923 64.71455497 -26.36136914
v 47.01104090 64.70101298 -25.19980908
v 47.24778864 65.17089018 -25.48012837
v 46.06373713 64.58196190 -25.81531809
v 47.24778864 65.17089018 -25.48012837
v 46.69416926 65.49608719 -26.79609217
v 49.79452631 57.39011199 -21.22684646
v 50.39564631 56.81088461 -20.78431097
v 50.64889643 57.60536778 -20.91044025
v 50.73198054 56.22553079 -20.61211544
v 51.25410578 56.98538033 -20.69143075
v 50.39564631 56.81088461 -20.78431097
v 48.23530695 65.06089715 -25.76803119
v 48.69964716 64.16730064 -24.95061771
v 49.49208185 64.90310994 -25.11478714
v 45.10414240 64.25009846 -26.05149358
v 45.87762568 64.22283675 -25.93546574
v 45.46907923 64.71455497 -26.36136914
v 46.68820307 63.24820082 -25.01127125
v 47.47455714 63.92508641 -25.09463012
v 44.53940699 55.57764621 -21.90923447
v 45.00010035 55.20053290 -21.73580302
v 44.76197932 56.04700650 -22.27687981
v 45.09284327 54.15696522 -21.83902855
v 45.47196314 54.82081412 -21.67987949
v 43.96482966 55.36124220 -22.22078839
v 44.53940699 55.57764621 -21.90923447
v 44.06892512 56.07050499 -22.57554010
v 47.01104090 64.70101298 -25.19980908
v 46.06373713 64.58196190 -25.81531809
v 46.69416926 65.49608719 -26.79609217
v 47.24778864 65.17089018 -25.48012837
v 46.92633173 65.57582201 -26.67243496
v 48.23530695 65.06089715 -25.76803119
v 48.03276179 65.68834028 -26.90119474
v 47.46928522 65.48452103 -26.77155603
v 44.29852412 54.64325138 -21.88474397
v 44.53940699 55.57764621 -21.90923447
v 45.11662409 63.75654726 -25.74166379
v 46.07854578 63.01763862 -24.96319076
v 45.10414240 64.25009846 -26.05149358
v 47.59647486 64.16784984 -25.61899845
v 46.84055445 64.11681305 -25.39762393
v 47.47455714 63.92508641 -25.09463012
v 47.59647486 64.16784984 -25.61899845
v 48.23530695 65.06089715 -25.76803119
v 47.01104090 64.70101298 -25.19980908
v 42.99343226 54.44880860 -22.04229093
v 43.55445978 54.68670457 -22.05118684
v 43.19159052 54.95851320 -22.02219519
v 43.19159052 54.95851320 -22.02219519
v 43.55445978 54.68670457 -22.05118684
v 43.46222040 55.20878401 -22.19475688
v 43.19159052 54.95851320 -22.02219519
v 43.46222040 55.20878401 -22.19475688
v 42.84195826 55.22604928 -22.54099406
v 47.47455714 63.92508641 -25.09463012
v 48.02887080 63.77026502 -25.04610715
v 47.59647486 64.16784984 -25.61899845
v 47.89208338 63.37747906 -24.65099600
v 48.85029719 63.64070465 -24.46366389
v 48.02887080 63.77026502 -25.04610715
v 43.36226008 56.27288607 -22.91127927
v 44.49040339 56.71069508 -22.77160038
v 43.68710444 57.23907634 -23.30875562
v 50.72827265 59.73156540 -22.06655327
v 51.27285883 59.89375491 -21.94872492
v 50.64080927 60.31486317 -21.86770082
v 43.90565607 62.02089629 -25.47176604
v 42.80543635 61.43654567 -25.62995381
v 43.47445795 52.81608772 -21.65136049
v 43.60346339 53.68358803 -21.64527237
v 43.37895319 53.21280094 -21.85544686
v 48.23530695 65.06089715 -25.76803119
v 49.49208185 64.90310994 -25.11478714
v 49.37945673 65.56179165 -26.07644191
v 48.85029719 63.64070465 -24.46366389
v 49.78411219 63.48995165 -24.31695061
v 49.38020441 64.03641846 -24.40020265
v 50.45137141 64.09404903 -24.23879519
v 51.89431879 64.01954807 -23.77509584
v 44.30265925 61.08012336 -24.97474135
v 45.15684626 61.66078131 -24.99289941
v 44.10513422 61.44958436 -25.33844991
v 47.74839136 58.06819714 -22.31063259
v 48.09990046 58.43279063 -22.37858003
v 45.19562647 56.59899698 -22.45182192
v 45.92324946 55.84100530 -21.80637502
v 46.00601313 56.65086545 -22.29493106
v 48.46296046 58.73380076 -22.43808936
v 49.22001002 58.58448595 -22.00014683
v 48.61644099 59.57506352 -22.76441396
v 48.02887080 63.77026502 -25.04610715
v 48.00979731 64.53625433 -25.04401682
v 47.59647486 64.16784984 -25.61899845
v 49.79452631 57.39011199 -21.22684646
v 50.64889643 57.60536778 -20.91044025
v 49.96952936 58.00567438 -21.49213587
v 50.39564631 56.81088461 -20.78431097
v 51.25410578 56.98538033 -20.69143075
v 50.49548456 63.31634293 -23.92095449
v 51.87254450 63.13629313 -23.35918688
v 51.89431879 64.01954807 -23.77509584
v 43.55445978 54.68670457 -22.05118684
v 43.46222040 55.20878401 -22.19475688
v 42.99343226 54.44880860 -22.04229093
v 43.55445978 54.68670457 -22.05118684
v 47.59647486 64.16784984 -25.61899845
v 48.00979731 64.53625433 -25.04401682
v 48.23530695 65.06089715 -25.76803119
v 45.73161433 56.96790110 -22.42539376
v 44.28697321 57.30303740 -23.11440443
v 48.00979731 64.53625433 -25.04401682
v 48.69964716 64.16730064 -24.95061771
v 48.23530695 65.06089715 -25.76803119
v 44.30931208 61.84242569 -25.38456203
v 43.95177576 62.61680153 -25.82136025
v 49.77062342 56.14900794 -20.72980647
v 50.39564631 56.81088461 -20.78431097
v 45.93516657 64.93386943 -27.05813126
v 46.00286982 65.55989177 -27.04145351
v 45.87091181 65.29032425 -27.26656638
v 44.37037012 59.98869280 -24.31154843
v 44.35241816 59.37725412 -23.88956651
v 44.91652033 59.97682910 -24.23942013
v 42.98426935 60.02940510 -24.68624326
v 43.71264765 60.27635525 -24.66779542
v 51.20773432 66.21277377 -24.71731116
v 51.27555964 65.28104540 -24.77018271
v 51.59839747 65.75003954 -24.80718535
v 43.47445795 52.81608772 -21.65136049
v 44.00869105 53.18150899 -21.77869514
v 43.60346339 53.68358803 -21.64527237
v 44.20552943 54.03006167 -21.93834799
v 44.29852412 54.64325138 -21.88474397
v 44.17108271 54.39869875 -21.99303555
v 46.84055445 64.11681305 -25.39762393
v 47.01104090 64.70101298 -25.19980908
v 43.97210810 59.76887658 -24.41691033
v 44.37037012 59.98869280 -24.31154843
v 43.71264765 60.27635525 -24.66779542
v 43.17897913 58.80184704 -24.19779396
v 44.04370234 58.73460924 -23.84888648
v 48.02887080 63.77026502 -25.04610715
v 48.69964716 64.16730064 -24.95061771
v 48.00979731 64.53625433 -25.04401682
v 50.39564631 56.81088461 -20.78431097
v 43.30371973 53.86900134 -21.90320697
v 44.20552943 54.03006167 -21.93834799
v 44.17108271 54.39869875 -21.99303555
v 43.68710444 57.23907634 -23.30875562
v 43.90465662 57.93827597 -23.58828149
v 43.90465662 57.93827597 -23.58828149
v 48.33213160 57.32099722 -21.73278212
v 48.09990046 58.43279063 -22.37858003
v 47.74839136 58.06819714 -22.31063259
v 44.54888270 62.31552442 -25.53725681
v 44.83583185 63.39503795 -25.63120535
v 44.32618830 63.69940686 -26.06280025
v 43.90465662 57.93827597 -23.58828149
v 44.53589747 58.14449090 -23.42943753
v 44.04370234 58.73460924 -23.84888648
v 43.90465662 57.93827597 -23.58828149
v 44.04370234 58.73460924 -23.84888648
v 43.17897913 58.80184704 -24.19779396
v 45.13099787 58.66848536 -23.36188696
v 45.69020197 58.32551360 -23.12235443
v 45.57116816 59.16386765 -23.49514204
v 49.78411219 63.48995165 -24.31695061
v 49.93527338 64.21484333 -24.22126286
v 50.87849543 64.87479924 -24.61426834
v 52.11863825 64.71881638 -23.91961194
v 51.59839747 65.75003954 -24.80718535
v 51.85691950 66.30106482 -25.48745277
v 51.20773432 66.21277377 -24.71731116
v 47.24383662 54.99015240 -21.36016211
v 47.24627802 55.34556013 -21.28991071
v 51.89431879 64.01954807 -23.77509584
v 52.11863825 64.71881638 -23.91961194
v 50.87849543 64.87479924 -24.61426834
v 49.94185755 65.55783989 -24.41631618
v 50.49322626 65.98670338 -24.62705538
v 49.85068629 66.43191646 -26.14365702
v 42.84195826 55.22604928 -22.54099406
v 43.46222040 55.20878401 -22.19475688
v 43.96482966 55.36124220 -22.22078839
v 42.80543635 61.43654567 -25.62995381
v 43.38679621 62.28974084 -25.80607089
v 49.94185755 65.55783989 -24.41631618
v 49.85068629 66.43191646 -26.14365702
v 49.37945673 65.56179165 -26.07644191
v 43.73046992 60.88180680 -24.84101329
v 44.30265925 61.08012336 -24.97474135
v 43.50131342 61.60475481 -25.28902672
v 51.08029291 55.82299630 -20.61803578
v 51.56018183 55.93345468 -20.58175040
v 50.73198054 56.22553079 -20.61211544
v 44.04370234 58.73460924 -23.84888648
v 44.69358179 58.58947530 -23.67371556
v 44.35241816 59.37725412 -23.88956651
v 46.19801447 60.21329081 -23.80001282
v 46.99434778 60.93703421 -24.09340893
v 43.71264765 60.27635525 -24.66779542
v 43.94801447 60.58645579 -24.75020819
v 43.93087885 59.26499901 -23.94465072
v 43.50557825 59.09139020 -24.16037946
v 44.04370234 58.73460924 -23.84888648
v 44.06892512 56.07050499 -22.57554010
v 44.76197932 56.04700650 -22.27687981
v 44.49040339 56.71069508 -22.77160038
v 49.78411219 63.48995165 -24.31695061
v 49.93527338 64.21484333 -24.22126286
v 49.69928095 64.45103785 -24.76848885
v 49.38020441 64.03641846 -24.40020265
v 49.69928095 64.45103785 -24.76848885
v 48.69964716 64.16730064 -24.95061771
v 48.85029719 63.64070465 -24.46366389
v 49.38020441 64.03641846 -24.40020265
v 48.69964716 64.16730064 -24.95061771
v 50.87849543 64.87479924 -24.61426834
v 50.49322626 65.98670338 -24.62705538
v 46.70778010 59.39859741 -23.50676928
v 47.16458247 59.60878346 -23.21801199
v 46.76224634 59.91625187 -23.25940913
v 45.91941950 60.07641191 -23.43567869
v 46.57500574 59.96735158 -23.68891353
v 46.19801447 60.21329081 -23.80001282
v 51.89431879 64.01954807 -23.77509584
v 49.49208185 64.90310994 -25.11478714
v 49.94185755 65.55783989 -24.41631618
v 49.37945673 65.56179165 -26.07644191
v 49.94185755 65.55783989 -24.41631618
v 49.49208185 64.90310994 -25.11478714
v 48.56191370 65.54240539 -25.91028895
v 48.81315729 66.07095451 -26.31638645
v 46.15045283 59.40246555 -23.29465685
v 46.70778010 59.39859741 -23.50676928
v 48.23530695 65.06089715 -25.76803119
v 48.37172053 62.52092318 -24.32059730
v 48.61970637 63.35527184 -24.44192007
v 48.10034296 63.09236674 -24.29995225
v 41.26774714 60.51092276 -25.50036077
v 41.80630610 60.03941669 -25.14486142
v 42.47513697 60.47570744 -25.10587529
v 42.98426935 60.02940510 -24.68624326
v 40.30551264 52.17810258 -21.09468924
v 39.58573267 51.86872676 -21.46085435
v 40.05012629 51.58902937 -21.29219891
v 42.33031580 60.99925549 -25.56017530
v 42.80543635 61.43654567 -25.62995381
v 43.23507807 61.01131572 -25.17457044
v 42.23204920 61.75154807 -25.90015650
v 42.80543635 61.43654567 -25.62995381
v 42.54384730 62.51705669 -26.08606971
v 41.70195887 58.73765328 -24.42754554
v 42.39544794 58.61840585 -24.36982152
v 41.87709162 59.05562351 -24.70551495
v 36.53261587 54.66563183 -24.19873933
v 37.10443232 54.56637341 -24.17113617
v 36.67523978 55.09983967 -24.66860329
v 35.60212729 53.06140664 -24.36367132
v 35.14707968 53.33932635 -24.72281748
v 35.03501913 52.86190558 -24.53043459
v 41.82669947 57.72078473 -24.16640645
v 42.27127192 58.21357876 -24.20136442
v 41.97114680 58.17525252 -24.07013883
v 37.35800288 54.07180948 -23.37450523
v 37.29795191 53.57174078 -23.61231337
v 37.42909357 53.23187417 -23.45887093
v 38.18532679 61.78183276 -27.09987880
v 38.28892634 62.57242291 -27.94120278
v 37.70204279 62.32237332 -27.88695774
v 35.55977652 58.72530861 -26.32425879
v 35.54220602 59.21409716 -26.64447982
v 35.08709738 58.89857218 -26.17319681
v 35.60212729 53.06140664 -24.36367132
v 35.17155478 52.28297571 -24.34467400
v 35.08709738 58.89857218 -26.17319681
v 35.38878653 58.41722603 -26.33373445
v 35.55977652 58.72530861 -26.32425879
v 34.71054861 51.12434160 -23.85221165
v 35.42047140 51.60634006 -23.77826764
v 34.59666464 51.69552772 -23.53717879
v 35.25344107 52.16563188 -23.87825858
v 35.17155478 52.28297571 -24.34467400
v 34.87983725 52.26625597 -23.88361443
v 35.42047140 51.60634006 -23.77826764
v 35.83379385 52.28751913 -23.60549248
v 35.25344107 52.16563188 -23.87825858
v 35.83379385 52.28751913 -23.60549248
v 35.60212729 53.06140664 -24.36367132
v 35.25344107 52.16563188 -23.87825858
v 35.68677542 59.73864471 -26.80776420
v 36.00377676 60.24968062 -26.87162232
v 35.16697714 60.35005672 -27.07386233
v 35.35258505 61.06536581 -27.34987868
v 36.27654288 61.44878104 -27.32990499
v 35.84597037 61.39834684 -27.88854450
v 36.98885367 59.73769491 -26.47263542
v 37.63421747 60.01747444 -25.84662839
v 37.46655390 60.11450311 -26.25348875
v 37.63421747 60.01747444 -25.84662839
v 38.07859156 60.05302350 -26.50284787
v 37.46655390 60.11450311 -26.25348875
v 38.07859156 60.05302350 -26.50284787
v 39.01246760 60.05404977 -25.78176328
v 39.04478571 60.41993641 -26.09095218
v 38.72150538 58.49152886 -25.36197848
v 38.22881434 58.67804465 -25.43128393
v 38.31214258 58.06196727 -25.17525661
v 39.41317866 59.20683036 -25.42148787
v 40.51200983 59.09441893 -25.01404767
v 39.68650172 59.47498264 -25.15468799
v 40.59307978 58.23741292 -24.59554472
v 41.70195887 58.73765328 -24.42754554
v 41.84358332 59.51268144 -24.85453236
v 40.59307978 58.23741292 -24.59554472
v 40.35765192 58.10476442 -24.80887783
v 40.11701319 57.65562201 -24.50789814
v 42.27127192 58.21357876 -24.20136442
v 41.70195887 58.73765328 -24.42754554
v 41.97114680 58.17525252 -24.07013883
v 42.39544794 58.61840585 -24.36982152
v 42.88061640 58.23574600 -23.97414580
v 43.17897913 58.80184704 -24.19779396
v 40.03550837 56.43182907 -23.98955688
v 40.37220881 56.81249007 -24.03475347
v 40.10854456 57.21729043 -24.40908215
v 39.26458857 51.38749512 -21.14811013
v 39.58573267 51.86872676 -21.46085435
v 39.13062403 51.89148527 -21.31621630
v 41.16634486 51.30253799 -21.18673012
v 40.62483332 51.40101056 -21.34150003
v 40.58844111 51.12546741 -20.97194737
v 41.98080561 51.94782454 -21.25553210
v 42.11703608 52.10731321 -21.29274831
v 41.67247126 52.02703289 -21.42343983
v 42.24554560 52.30280497 -21.50537957
v 41.54082606 52.45567131 -21.64411251
v 41.52494929 52.18157771 -21.44045340
v 37.67644617 60.95252338 -26.56376111
v 38.46737788 60.89872282 -26.45984874
v 37.98220942 61.31158752 -26.34595721
v 42.54384730 62.51705669 -26.08606971
v 43.26945612 63.03644687 -25.65986130
v 38.64313624 62.60797780 -27.90688577
v 39.29382441 62.89906018 -27.89052839
v 39.17172358 62.90131085 -27.94668074
v 39.34132502 63.07659431 -27.75789903
v 39.29382441 62.89906018 -27.89052839
v 39.65939448 63.07767005 -27.76467393
v 39.10295222 62.28697880 -27.03161106
v 40.04454157 62.41278180 -26.95943700
v 38.64313624 62.60797780 -27.90688577
v 40.04454157 62.41278180 -26.95943700
v 39.78514216 62.75179194 -27.58616130
v 38.64313624 62.60797780 -27.90688577
v 39.78514216 62.75179194 -27.58616130
v 40.04454157 62.41278180 -26.95943700
v 41.15116236 62.88593971 -26.79816694
v 39.94471094 63.07314200 -27.77796433
v 41.15116236 62.88593971 -26.79816694
v 41.10422632 63.28550629 -27.24654652
v 41.49577448 61.15226678 -25.76310196
v 42.33031580 60.99925549 -25.56017530
v 42.80543635 61.43654567 -25.62995381
v 41.15116236 62.88593971 -26.79816694
v 41.95320246 62.44123381 -26.40981543
v 41.53674433 63.30848226 -26.91392018
v 38.45175288 54.98063433 -23.83289466
v 38.85277674 55.29673923 -23.79212322
v 37.67524836 55.52478555 -24.38449997
v 37.49830744 55.03309018 -24.16834388
v 38.45175288 54.98063433 -23.83289466
v 37.67524836 55.52478555 -24.38449997
v 35.46157858 54.28208684 -24.62210963
v 36.53261587 54.66563183 -24.19873933
v 35.92521689 54.92331450 -25.02207311
v 36.75668356 53.64648973 -23.87839615
v 37.29795191 53.57174078 -23.61231337
v 37.43907282 54.50782929 -23.95397307
v 36.26004050 51.43283632 -22.90715860
v 35.97071097 52.11418315 -23.33417593
v 35.70108053 51.47833418 -23.16613078
v 37.43907282 54.50782929 -23.95397307
v 37.75946162 54.86073081 -23.55887730
v 38.45175288 54.98063433 -23.83289466
v 38.24337122 53.43881777 -22.92670544
v 39.19537470 53.48287752 -22.94898328
v 38.43826411 54.25286659 -22.58677027
v 38.43826411 54.25286659 -22.58677027
v 39.23904536 54.45792935 -23.21849943
v 37.75946162 54.86073081 -23.55887730
v 38.45175288 54.98063433 -23.83289466
v 37.75946162 54.86073081 -23.55887730
v 38.45175288 54.98063433 -23.83289466
v 39.32952997 55.10861365 -23.60456216
v 38.85277674 55.29673923 -23.79212322
v 35.92521689 54.92331450 -25.02207311
v 36.82125876 55.72107456 -24.71622607
v 35.84509299 55.79343169 -25.00585316
v 36.82125876 55.72107456 -24.71622607
v 37.44271204 56.18073800 -24.38512569
v 37.29581568 56.55352539 -24.90451967
v 36.88205740 57.33553446 -25.26490187
v 38.18338129 57.37193435 -24.94605422
v 37.69696162 57.62412777 -25.16860370
v 37.44271204 56.18073800 -24.38512569
v 38.02218745 55.87405160 -24.37204885
v 37.73247645 56.57836678 -24.38602602
v 35.97071097 52.11418315 -23.33417593
v 35.42047140 51.60634006 -23.77826764
v 35.70108053 51.47833418 -23.16613078
v 37.06647513 56.71363586 -24.96044316
v 38.19097254 56.63516758 -24.66396487
v 38.18338129 57.37193435 -24.94605422
v 38.52190516 55.73840484 -24.01078174
v 38.85277674 55.29673923 -23.79212322
v 38.83890650 56.26387553 -24.26304013
v 38.27430842 56.30777125 -24.27462156
v 38.57536433 56.82260656 -24.56301275
v 38.19097254 56.63516758 -24.66396487
v 35.54220602 59.21409716 -26.64447982
v 35.85230276 59.34295384 -26.49332627
v 35.68677542 59.73864471 -26.80776420
v 41.38997767 53.61900895 -22.06653701
v 41.81453059 54.90283378 -22.59690221
v 41.29052088 54.32978616 -22.48911403
v 35.85230276 59.34295384 -26.49332627
v 36.71872732 59.32327389 -26.06032761
v 36.98885367 59.73769491 -26.47263542
v 37.47270319 59.22234852 -25.60642440
v 38.11398432 59.41971148 -25.26229296
v 38.35820124 59.95686468 -25.47863216
v 35.57314322 57.90201310 -25.79960045
v 36.17175314 57.29951986 -25.49740004
v 36.55439017 57.92519505 -25.58640466
v 40.11701319 57.65562201 -24.50789814
v 40.35765192 58.10476442 -24.80887783
v 39.64596674 57.85596990 -24.58893760
v 35.38878653 58.41722603 -26.33373445
v 35.57314322 57.90201310 -25.79960045
v 35.84013388 58.36281328 -25.75089447
v 35.30960104 50.69399048 -23.04015409
v 35.42047140 51.60634006 -23.77826764
v 34.71054861 51.12434160 -23.85221165
v 35.38878653 58.41722603 -26.33373445
v 35.84013388 58.36281328 -25.75089447
v 35.55977652 58.72530861 -26.32425879
v 35.84013388 58.36281328 -25.75089447
v 36.18254874 58.41118362 -25.87824434
v 35.55977652 58.72530861 -26.32425879
v 35.55977652 58.72530861 -26.32425879
v 36.18254874 58.41118362 -25.87824434
v 36.71872732 59.32327389 -26.06032761
v 36.55439017 57.92519505 -25.58640466
v 36.88205740 57.33553446 -25.26490187
v 36.78662131 58.38527041 -25.69993012
v 36.18254874 58.41118362 -25.87824434
v 36.55439017 57.92519505 -25.58640466
v 36.78662131 58.38527041 -25.69993012
v 36.18254874 58.41118362 -25.87824434
v 36.56787894 58.81436662 -25.74163246
v 36.71872732 59.32327389 -26.06032761
v 37.11937067 58.93671921 -25.82294657
v 37.74979517 58.86171463 -25.86382485
v 37.47270319 59.22234852 -25.60642440
v 37.64589045 58.14290367 -25.39418973
v 37.69696162 57.62412777 -25.16860370
v 38.31214258 58.06196727 -25.17525661
v 38.22881434 58.67804465 -25.43128393
v 37.74979517 58.86171463 -25.86382485
v 37.69696162 57.62412777 -25.16860370
v 38.18338129 57.37193435 -24.94605422
v 38.74246332 57.99134582 -24.96351038
v 37.69696162 57.62412777 -25.16860370
v 38.74246332 57.99134582 -24.96351038
v 38.31214258 58.06196727 -25.17525661
v 39.41317866 59.20683036 -25.42148787
v 40.35608027 58.63644928 -24.92002294
v 40.51200983 59.09441893 -25.01404767
v 38.72150538 58.49152886 -25.36197848
v 39.37389490 58.28046172 -24.98717681
v 38.92581293 58.97280631 -25.42960551
v 39.37389490 58.28046172 -24.98717681
v 40.35765192 58.10476442 -24.80887783
v 40.35608027 58.63644928 -24.92002294
v 40.35608027 58.63644928 -24.92002294
v 39.43525812 58.82211056 -25.13364601
v 39.43525812 58.82211056 -25.13364601
v 40.35608027 58.63644928 -24.92002294
v 39.41317866 59.20683036 -25.42148787
v 40.10854456 57.21729043 -24.40908215
v 41.08590052 57.34553296 -24.17539382
v 40.41450617 57.55520014 -24.29102496
v 40.59307978 58.23741292 -24.59554472
v 41.97114680 58.17525252 -24.07013883
v 40.59307978 58.23741292 -24.59554472
v 42.39544794 58.61840585 -24.36982152
v 42.34838984 58.95316080 -24.34343913
v 41.87709162 59.05562351 -24.70551495
v 41.70133326 57.33329545 -23.92310500
v 42.19114039 56.97313086 -23.58196419
v 41.82669947 57.72078473 -24.16640645
v 41.82669947 57.72078473 -24.16640645
v 42.19114039 56.97313086 -23.58196419
v 42.95377466 57.39753501 -23.58327652
v 42.19114039 56.97313086 -23.58196419
v 42.72731898 56.74928828 -23.31609502
v 42.95377466 57.39753501 -23.58327652
v 37.35800288 54.07180948 -23.37450523
v 37.43907282 54.50782929 -23.95397307
v 37.29795191 53.57174078 -23.61231337
v 38.85277674 55.29673923 -23.79212322
v 38.52190516 55.73840484 -24.01078174
v 37.67524836 55.52478555 -24.38449997
v 38.11398432 59.41971148 -25.26229296
v 38.76818964 59.44784101 -25.53215991
v 38.35820124 59.95686468 -25.47863216
v 34.84589407 56.42672091 -25.72072753
v 34.84294913 57.21470760 -26.10671399
v 34.22444079 56.85180022 -25.91346137
v 42.44069025 52.40651896 -21.51010981
v 42.28808710 52.97861669 -21.79769230
v 41.54082606 52.45567131 -21.64411251
v 39.34239313 53.02289001 -22.10691167
v 38.24337122 53.43881777 -22.92670544
v 38.26507685 53.28832423 -22.39327341
v 41.83027766 56.26111385 -23.30773312
v 42.19114039 56.97313086 -23.58196419
v 41.70133326 57.33329545 -23.92310500
v 34.77969382 53.94975792 -25.35085408
v 35.36325095 54.66124475 -25.31046418
v 34.35803149 54.42944079 -25.66483426
v 36.75668356 53.64648973 -23.87839615
v 37.43907282 54.50782929 -23.95397307
v 37.10443232 54.56637341 -24.17113617
v 37.43907282 54.50782929 -23.95397307
v 37.49830744 55.03309018 -24.16834388
v 37.10443232 54.56637341 -24.17113617
v 37.10443232 54.56637341 -24.17113617
v 37.49830744 55.03309018 -24.16834388
v 36.67523978 55.09983967 -24.66860329
v 38.24337122 53.43881777 -22.92670544
v 38.43826411 54.25286659 -22.58677027
v 37.35800288 54.07180948 -23.37450523
v 35.83379385 52.28751913 -23.60549248
v 36.08309195 52.76559604 -23.80634400
v 35.60212729 53.06140664 -24.36367132
v 35.42047140 51.60634006 -23.77826764
v 35.97071097 52.11418315 -23.33417593
v 34.60356161 50.30772940 -23.61492209
v 35.30960104 50.69399048 -23.04015409
v 34.71054861 51.12434160 -23.85221165
v 36.15876791 53.36389691 -24.15743358
v 35.46157858 54.28208684 -24.62210963
v 35.28211996 53.72554535 -24.87618364
v 38.07859156 60.05302350 -26.50284787
v 39.04478571 60.41993641 -26.09095218
v 38.46737788 60.89872282 -26.45984874
v 37.43907282 54.50782929 -23.95397307
v 38.45175288 54.98063433 -23.83289466
v 37.49830744 55.03309018 -24.16834388
v 36.82125876 55.72107456 -24.71622607
v 37.06647513 56.71363586 -24.96044316
v 35.84509299 55.79343169 -25.00585316
v 35.84509299 55.79343169 -25.00585316
v 37.06647513 56.71363586 -24.96044316
v 35.65960715 56.62103018 -25.46611941
v 36.08309195 52.76559604 -23.80634400
v 36.49214194 52.97100603 -23.83858586
v 36.15876791 53.36389691 -24.15743358
v 36.49214194 52.97100603 -23.83858586
v 37.29795191 53.57174078 -23.61231337
v 36.75668356 53.64648973 -23.87839615
v 40.64283869 60.13201079 -25.44368956
v 41.84358332 59.51268144 -24.85453236
v 41.80630610 60.03941669 -25.14486142
v 36.30565665 51.37460888 -22.31414102
v 36.78097555 51.60942633 -22.65023114
v 36.26004050 51.43283632 -22.90715860
v 39.04478571 60.41993641 -26.09095218
v 39.54820368 59.99725276 -25.69591732
v 40.86390040 60.84908991 -25.74347911
v 36.26004050 51.43283632 -22.90715860
v 36.48800680 52.03684026 -22.75882801
v 35.97071097 52.11418315 -23.33417593
v 36.81052420 52.50174128 -22.45519345
v 36.48800680 52.03684026 -22.75882801
v 36.78097555 51.60942633 -22.65023114
v 43.28822443 64.68174266 -27.56608105
v 42.94348261 64.79605193 -27.76043227
v 42.74971888 64.65632529 -27.78710461
v 36.48800680 52.03684026 -22.75882801
v 36.81052420 52.50174128 -22.45519345
v 36.69732687 52.36103602 -23.36188593
v 41.66493342 55.37598211 -22.73215619
v 43.18380854 55.63781913 -22.63831468
v 41.83027766 56.26111385 -23.30773312
v 39.52047083 57.13387825 -24.46640941
v 39.64596674 57.85596990 -24.58893760
v 38.85277674 55.29673923 -23.79212322
v 39.68788264 56.02209245 -23.91872551
v 38.83890650 56.26387553 -24.26304013
v 40.86666224 56.09124915 -23.56264642
v 41.70133326 57.33329545 -23.92310500
v 41.08590052 57.34553296 -24.17539382
v 42.99343226 54.44880860 -22.04229093
v 43.19159052 54.95851320 -22.02219519
v 42.84195826 55.22604928 -22.54099406
v 40.74951289 63.60626119 -27.88053400
v 40.49199793 63.49140637 -27.91381340
v 40.24627802 63.31963056 -27.84588124
v 41.29811213 63.91710178 -27.97243774
v 42.18549464 63.77272706 -27.19665036
v 42.96695063 64.01152144 -26.83997620
v 43.11666987 64.47243023 -27.47310921
v 41.70271418 64.25466816 -27.96166509
v 42.43372462 64.51843924 -27.80518625
v 42.06765101 64.47635549 -27.88285348
v 42.43372462 64.51843924 -27.80518625
v 43.28822443 64.68174266 -27.56608105
v 42.74971888 64.65632529 -27.78710461
v 38.18532679 61.78183276 -27.09987880
v 39.47680018 61.70154110 -26.52022790
v 39.10295222 62.28697880 -27.03161106
v 35.65960715 56.62103018 -25.46611941
v 37.06647513 56.71363586 -24.96044316
v 36.88205740 57.33553446 -25.26490187
v 36.77500937 56.09626165 -23.63323358
v 37.44271204 56.18073800 -24.38512569
v 36.82125876 55.72107456 -24.71622607
v 37.06647513 56.71363586 -24.96044316
v 38.18338129 57.37193435 -24.94605422
v 36.88205740 57.33553446 -25.26490187
v 37.67524836 55.52478555 -24.38449997
v 38.02218745 55.87405160 -24.37204885
v 36.77500937 56.09626165 -23.63323358
v 42.84195826 55.22604928 -22.54099406
v 43.18380854 55.63781913 -22.63831468
v 41.66493342 55.37598211 -22.73215619
v 42.22401545 53.97019004 -21.65282552
v 42.99343226 54.44880860 -22.04229093
v 42.13002131 54.22173110 -22.15862390
v 35.12989065 60.81469441 -27.43715891
v 34.63449881 60.84233188 -27.51413951
v 34.25154803 60.56097119 -27.89498358
v 38.27430842 56.30777125 -24.27462156
v 38.19097254 56.63516758 -24.66396487
v 38.02218745 55.87405160 -24.37204885
v 40.04504511 61.45332261 -26.25631185
v 41.49577448 61.15226678 -25.76310196
v 40.70220301 62.01113052 -26.33811431
v 37.73247645 56.57836678 -24.38602602
v 38.19097254 56.63516758 -24.66396487
v 37.29581568 56.55352539 -24.90451967
v 38.52190516 55.73840484 -24.01078174
v 38.83890650 56.26387553 -24.26304013
v 38.02218745 55.87405160 -24.37204885
v 38.57536433 56.82260656 -24.56301275
v 39.52047083 57.13387825 -24.46640941
v 38.18338129 57.37193435 -24.94605422
v 35.85230276 59.34295384 -26.49332627
v 36.98885367 59.73769491 -26.47263542
v 36.70767996 60.08573262 -26.48592588
v 37.47270319 59.22234852 -25.60642440
v 36.71872732 59.32327389 -26.06032761
v 35.57314322 57.90201310 -25.79960045
v 36.18254874 58.41118362 -25.87824434
v 35.84013388 58.36281328 -25.75089447
v 39.34239313 53.02289001 -22.10691167
v 39.90913508 52.73414416 -21.93100830
v 39.43953059 53.79133785 -22.34525408
v 39.90913508 52.73414416 -21.93100830
v 40.29923365 52.88227650 -21.83725833
v 39.43953059 53.79133785 -22.34525408
v 40.29923365 52.88227650 -21.83725833
v 40.24997828 53.49571789 -22.32439527
v 37.63421747 60.01747444 -25.84662839
v 38.35820124 59.95686468 -25.47863216
v 38.07859156 60.05302350 -26.50284787
v 37.46655390 60.11450311 -26.25348875
v 38.07859156 60.05302350 -26.50284787
v 37.67644617 60.95252338 -26.56376111
v 36.27654288 61.44878104 -27.32990499
v 36.48072073 60.87511930 -26.90456615
v 37.04394553 61.62066748 -27.37015770
v 36.48072073 60.87511930 -26.90456615
v 37.67644617 60.95252338 -26.56376111
v 37.04394553 61.62066748 -27.37015770
v 36.98885367 59.73769491 -26.47263542
v 37.46655390 60.11450311 -26.25348875
v 37.19586298 60.72357670 -26.51706917
v 37.04394553 61.62066748 -27.37015770
v 37.70204279 62.32237332 -27.88695774
v 37.22096369 62.31326765 -27.83065281
v 36.02568075 61.98474973 -27.84865813
v 36.52063010 61.85383325 -27.19916775
v 36.89492056 62.19846054 -27.70937593
v 39.19537470 53.48287752 -22.94898328
v 39.34239313 53.02289001 -22.10691167
v 39.43953059 53.79133785 -22.34525408
v 35.05126974 61.32008447 -28.11979144
v 35.84597037 61.39834684 -27.88854450
v 36.02568075 61.98474973 -27.84865813
v 40.12134669 50.57563221 -20.93688259
v 40.15284846 50.82960711 -21.02449859
v 39.68461726 50.91684159 -21.11977449
v 41.87709162 59.05562351 -24.70551495
v 42.34838984 58.95316080 -24.34343913
v 41.84358332 59.51268144 -24.85453236
v 40.30551264 52.17810258 -21.09468924
v 40.84784052 52.37138176 -21.61022272
v 40.05024836 52.57693678 -21.29534238
v 39.58573267 51.86872676 -21.46085435
v 40.05024836 52.57693678 -21.29534238
v 39.90913508 52.73414416 -21.93100830
v 40.64283869 60.13201079 -25.44368956
v 40.51200983 59.09441893 -25.01404767
v 41.84358332 59.51268144 -24.85453236
v 40.68118403 51.01687825 -20.88369052
v 40.58844111 51.12546741 -20.97194737
v 40.62483332 51.40101056 -21.34150003
v 40.68118403 51.01687825 -20.88369052
v 40.62483332 51.40101056 -21.34150003
v 40.15284846 50.82960711 -21.02449859
v 42.18549464 63.77272706 -27.19665036
v 42.46371577 63.52579611 -26.44109612
v 42.42105219 63.89942279 -26.58462035
v 43.26945612 63.03644687 -25.65986130
v 43.48098109 63.78724976 -26.26798520
v 42.46371577 63.52579611 -26.44109612
v 42.42105219 63.89942279 -26.58462035
v 43.48098109 63.78724976 -26.26798520
v 42.96695063 64.01152144 -26.83997620
v 41.10422632 63.28550629 -27.24654652
v 41.29811213 63.91710178 -27.97243774
v 40.74951289 63.60626119 -27.88053400
v 38.31214258 58.06196727 -25.17525661
v 38.22881434 58.67804465 -25.43128393
v 37.64589045 58.14290367 -25.39418973
v 41.16634486 51.30253799 -21.18673012
v 41.11815760 51.77808577 -21.28096847
v 40.62483332 51.40101056 -21.34150003
v 36.78662131 58.38527041 -25.69993012
v 37.64589045 58.14290367 -25.39418973
v 37.11937067 58.93671921 -25.82294657
v 41.53674433 63.30848226 -26.91392018
v 42.18549464 63.77272706 -27.19665036
v 41.29811213 63.91710178 -27.97243774
v 40.62483332 51.40101056 -21.34150003
v 41.11815760 51.77808577 -21.28096847
v 41.09249232 51.96328546 -21.53475268
v 41.09249232 51.96328546 -21.53475268
v 41.52494929 52.18157771 -21.44045340
v 40.84784052 52.37138176 -21.61022272
v 41.57803461 51.74100309 -21.29041366
v 41.67247126 52.02703289 -21.42343983
v 41.11815760 51.77808577 -21.28096847
v 40.98268244 54.75855808 -22.82892733
v 41.81453059 54.90283378 -22.59690221
v 41.66493342 55.37598211 -22.73215619
v 41.67247126 52.02703289 -21.42343983
v 42.11703608 52.10731321 -21.29274831
v 41.52494929 52.18157771 -21.44045340
v 41.70195887 58.73765328 -24.42754554
v 41.87709162 59.05562351 -24.70551495
v 41.84358332 59.51268144 -24.85453236
v 39.19537470 53.48287752 -22.94898328
v 38.24337122 53.43881777 -22.92670544
v 36.75668356 53.64648973 -23.87839615
v 36.53261587 54.66563183 -24.19873933
v 36.49214194 52.97100603 -23.83858586
v 36.75668356 53.64648973 -23.87839615
v 36.15876791 53.36389691 -24.15743358
v 36.49214194 52.97100603 -23.83858586
v 36.69732687 52.36103602 -23.36188593
v 37.42909357 53.23187417 -23.45887093
v 35.94416830 50.23449128 -22.07512716
v 36.68628714 50.77996249 -21.92845977
v 36.30565665 51.37460888 -22.31414102
v 39.32952997 55.10861365 -23.60456216
v 40.22079584 56.12231603 -23.68352656
v 39.68788264 56.02209245 -23.91872551
v 35.86140463 50.88938700 -22.41144623
v 35.94416830 50.23449128 -22.07512716
v 35.30960104 50.69399048 -23.04015409
v 35.86140463 50.88938700 -22.41144623
v 36.30565665 51.37460888 -22.31414102
v 35.97071097 52.11418315 -23.33417593
v 36.08309195 52.76559604 -23.80634400
v 36.68628714 50.77996249 -21.92845977
v 37.01634238 50.27369507 -21.16024069
v 37.01502249 51.07375907 -21.70621555
v 37.01634238 50.27369507 -21.16024069
v 37.93822596 50.40086941 -21.39298302
v 37.94030115 51.08352855 -21.45636814
v 35.68677542 59.73864471 -26.80776420
v 35.85230276 59.34295384 -26.49332627
v 36.00377676 60.24968062 -26.87162232
v 36.26004050 51.43283632 -22.90715860
v 36.78097555 51.60942633 -22.65023114
v 36.48800680 52.03684026 -22.75882801
v 36.48800680 52.03684026 -22.75882801
v 36.69732687 52.36103602 -23.36188593
v 35.97071097 52.11418315 -23.33417593
v 41.38997767 53.61900895 -22.06653701
v 41.72906611 53.20313451 -21.80794625
v 42.42349360 53.41024588 -21.71352489
v 34.77719137 59.81542306 -27.16033380
v 35.16697714 60.35005672 -27.07386233
v 34.53974840 60.33288671 -27.38607241
v 40.73207209 54.05386147 -22.55968589
v 41.29052088 54.32978616 -22.48911403
v 40.98268244 54.75855808 -22.82892733
v 41.72906611 53.20313451 -21.80794625
v 42.28808710 52.97861669 -21.79769230
v 42.42349360 53.41024588 -21.71352489
v 38.64313624 62.60797780 -27.90688577
v 39.78514216 62.75179194 -27.58616130
v 40.04454157 62.41278180 -26.95943700
v 40.12950251 62.06373515 -26.58614593
v 41.15116236 62.88593971 -26.79816694
v 36.17175314 57.29951986 -25.49740004
v 36.55439017 57.92519505 -25.58640466
v 37.29581568 56.55352539 -24.90451967
v 38.19097254 56.63516758 -24.66396487
v 37.06647513 56.71363586 -24.96044316
v 36.88205740 57.33553446 -25.26490187
v 37.64589045 58.14290367 -25.39418973
v 36.78662131 58.38527041 -25.69993012
v 39.41317866 59.20683036 -25.42148787
v 39.01246760 60.05404977 -25.78176328
v 38.74246332 57.99134582 -24.96351038
v 39.09780237 57.48874042 -24.73668840
v 39.37389490 58.28046172 -24.98717681
v 38.92581293 58.97280631 -25.42960551
v 39.41317866 59.20683036 -25.42148787
v 40.59307978 58.23741292 -24.59554472
v 41.97114680 58.17525252 -24.07013883
v 41.70195887 58.73765328 -24.42754554
v 41.08590052 57.34553296 -24.17539382
v 41.70133326 57.33329545 -23.92310500
v 41.82669947 57.72078473 -24.16640645
v 42.54384730 62.51705669 -26.08606971
v 42.46371577 63.52579611 -26.44109612
v 42.54384730 62.51705669 -26.08606971
v 43.26945612 63.03644687 -25.65986130
v 42.46371577 63.52579611 -26.44109612
v 36.33916495 50.41403008 -21.62352807
v 36.76371786 50.22312734 -21.81224874
v 36.68628714 50.77996249 -21.92845977
v 41.49577448 61.15226678 -25.76310196
v 42.80543635 61.43654567 -25.62995381
v 42.23204920 61.75154807 -25.90015650
v 37.49830744 55.03309018 -24.16834388
v 38.02218745 55.87405160 -24.37204885
v 37.73247645 56.57836678 -24.38602602
v 38.02218745 55.87405160 -24.37204885
v 38.83890650 56.26387553 -24.26304013
v 38.27430842 56.30777125 -24.27462156
v 39.13062403 51.89148527 -21.31621630
v 39.58573267 51.86872676 -21.46085435
v 39.21087763 52.73070720 -21.45598694
v 39.21087763 52.73070720 -21.45598694
v 39.58573267 51.86872676 -21.46085435
v 39.90913508 52.73414416 -21.93100830
v 40.62483332 51.40101056 -21.34150003
v 40.05012629 51.58902937 -21.29219891
v 39.68461726 50.91684159 -21.11977449
v 39.68461726 50.91684159 -21.11977449
v 40.05012629 51.58902937 -21.29219891
v 39.26458857 51.38749512 -21.14811013
v 39.50943110 50.36907017 -20.88460594
v 40.84784052 52.37138176 -21.61022272
v 40.29923365 52.88227650 -21.83725833
v 40.05024836 52.57693678 -21.29534238
v 36.33916495 50.41403008 -21.62352807
v 36.68628714 50.77996249 -21.92845977
v 35.94416830 50.23449128 -22.07512716
v 40.40270350 54.79272632 -22.86237461
v 40.86666224 56.09124915 -23.56264642
v 40.22079584 56.12231603 -23.68352656
v 43.37895319 53.21280094 -21.85544686
v 42.97523615 53.62421225 -21.69851028
v 42.42349360 53.41024588 -21.71352489
v 41.66493342 55.37598211 -22.73215619
v 41.83027766 56.26111385 -23.30773312
v 40.86666224 56.09124915 -23.56264642
v 39.50943110 50.36907017 -20.88460594
v 39.68461726 50.91684159 -21.11977449
v 38.52378962 50.67146882 -21.08068143
v 36.78097555 51.60942633 -22.65023114
v 37.02964041 51.36418713 -22.30875466
v 36.81052420 52.50174128 -22.45519345
v 38.24337122 53.43881777 -22.92670544
v 37.35800288 54.07180948 -23.37450523
v 37.42909357 53.23187417 -23.45887093
v 39.58573267 51.86872676 -21.46085435
v 40.30551264 52.17810258 -21.09468924
v 40.05024836 52.57693678 -21.29534238
v 40.62483332 51.40101056 -21.34150003
v 40.15284846 50.82960711 -21.02449859
v 40.05012629 51.58902937 -21.29219891
v 39.58573267 51.86872676 -21.46085435
v 39.26458857 51.38749512 -21.14811013
v 40.84784052 52.37138176 -21.61022272
v 41.54082606 52.45567131 -21.64411251
v 41.72906611 53.20313451 -21.80794625
v 41.72906611 53.20313451 -21.80794625
v 40.88454554 53.17328073 -21.52065376
v 40.84784052 52.37138176 -21.61022272
v 40.88454554 53.17328073 -21.52065376
v 40.29923365 52.88227650 -21.83725833
v 41.52494929 52.18157771 -21.44045340
v 41.54082606 52.45567131 -21.64411251
v 42.27127192 58.21357876 -24.20136442
v 42.88061640 58.23574600 -23.97414580
v 42.39544794 58.61840585 -24.36982152
v 42.24554560 52.30280497 -21.50537957
v 42.44069025 52.40651896 -21.51010981
v 41.54082606 52.45567131 -21.64411251
v 37.42909357 53.23187417 -23.45887093
v 36.81052420 52.50174128 -22.45519345
v 38.26507685 53.28832423 -22.39327341
v 36.30565665 51.37460888 -22.31414102
v 37.01502249 51.07375907 -21.70621555
v 37.02964041 51.36418713 -22.30875466
v 36.81052420 52.50174128 -22.45519345
v 37.71867487 51.45172305 -21.95226359
v 38.26507685 53.28832423 -22.39327341
v 37.71867487 51.45172305 -21.95226359
v 38.48620722 51.86871147 -21.66851121
v 39.21087763 52.73070720 -21.45598694
v 42.19114039 56.97313086 -23.58196419
v 42.29887507 56.51374220 -23.16692506
v 42.72731898 56.74928828 -23.31609502
v 35.54220602 59.21409716 -26.64447982
v 34.77719137 59.81542306 -27.16033380
v 34.16985247 59.93401835 -26.18151302
v 42.97523615 53.62421225 -21.69851028
v 42.22401545 53.97019004 -21.65282552
v 39.09780237 57.48874042 -24.73668840
v 39.52047083 57.13387825 -24.46640941
v 39.64596674 57.85596990 -24.58893760
v 41.08590052 57.34553296 -24.17539382
v 41.97114680 58.17525252 -24.07013883
v 40.41450617 57.55520014 -24.29102496
v 39.78514216 62.75179194 -27.58616130
v 39.94471094 63.07314200 -27.77796433
v 39.29382441 62.89906018 -27.89052839
v 38.02218745 55.87405160 -24.37204885
v 37.44271204 56.18073800 -24.38512569
v 36.77500937 56.09626165 -23.63323358
v 38.11398432 59.41971148 -25.26229296
v 38.55165217 59.05904893 -25.76178936
v 40.10854456 57.21729043 -24.40908215
v 40.11701319 57.65562201 -24.50789814
v 38.46737788 60.89872282 -26.45984874
v 38.93032954 61.46258465 -26.54250570
v 38.18532679 61.78183276 -27.09987880
v 40.35765192 58.10476442 -24.80887783
v 40.59307978 58.23741292 -24.59554472
v 40.35608027 58.63644928 -24.92002294
v 38.83890650 56.26387553 -24.26304013
v 39.68788264 56.02209245 -23.91872551
v 39.25573847 56.46980437 -24.03771362
v 38.92581293 58.97280631 -25.42960551
v 39.43525812 58.82211056 -25.13364601
v 39.41317866 59.20683036 -25.42148787
v 39.68788264 56.02209245 -23.91872551
v 40.22079584 56.12231603 -23.68352656
v 40.03550837 56.43182907 -23.98955688
v 39.37389490 58.28046172 -24.98717681
v 39.43525812 58.82211056 -25.13364601
v 38.92581293 58.97280631 -25.42960551
v 38.92581293 58.97280631 -25.42960551
v 38.55165217 59.05904893 -25.76178936
v 36.70767996 60.08573262 -26.48592588
v 37.19586298 60.72357670 -26.51706917
v 36.48072073 60.87511930 -26.90456615
v 37.04394553 61.62066748 -27.37015770
v 36.52063010 61.85383325 -27.19916775
v 36.27654288 61.44878104 -27.32990499
v 37.47270319 59.22234852 -25.60642440
v 38.35820124 59.95686468 -25.47863216
v 37.63421747 60.01747444 -25.84662839
v 38.27430842 56.30777125 -24.27462156
v 38.83890650 56.26387553 -24.26304013
v 38.43826411 54.25286659 -22.58677027
v 37.75946162 54.86073081 -23.55887730
v 37.67644617 60.95252338 -26.56376111
v 37.70204279 62.32237332 -27.88695774
v 37.04394553 61.62066748 -27.37015770
v 37.75946162 54.86073081 -23.55887730
v 37.43907282 54.50782929 -23.95397307
v 37.67644617 60.95252338 -26.56376111
v 37.98220942 61.31158752 -26.34595721
v 38.18532679 61.78183276 -27.09987880
v 35.05126974 61.32008447 -28.11979144
v 35.12913534 61.66099252 -28.13425683
v 34.80027792 61.44807133 -28.38207479
v 41.95320246 62.44123381 -26.40981543
v 42.54384730 62.51705669 -26.08606971
v 41.53674433 63.30848226 -26.91392018
v 36.53261587 54.66563183 -24.19873933
v 36.67523978 55.09983967 -24.66860329
v 35.92521689 54.92331450 -25.02207311
v 36.75668356 53.64648973 -23.87839615
v 36.53261587 54.66563183 -24.19873933
v 35.46157858 54.28208684 -24.62210963
v 42.80543635 61.43654567 -25.62995381
v 42.54384730 62.51705669 -26.08606971
v 40.70220301 62.01113052 -26.33811431
v 41.95320246 62.44123381 -26.40981543
v 41.15116236 62.88593971 -26.79816694
v 40.12950251 62.06373515 -26.58614593
v 39.10295222 62.28697880 -27.03161106
v 35.16697714 60.35005672 -27.07386233
v 35.12989065 60.81469441 -27.43715891
v 34.53974840 60.33288671 -27.38607241
v 40.24627802 63.31963056 -27.84588124
v 40.02942011 63.29106801 -27.89916493
v 39.94471094 63.07314200 -27.77796433
v 39.46004603 56.75370555 -24.26978459
v 40.03550837 56.43182907 -23.98955688
v 40.10854456 57.21729043 -24.40908215
v 42.23204920 61.75154807 -25.90015650
v 42.54384730 62.51705669 -26.08606971
v 41.95320246 62.44123381 -26.40981543
v 34.63449881 60.84233188 -27.51413951
v 35.05126974 61.32008447 -28.11979144
v 34.48183367 61.19198694 -28.09653702
v 41.82669947 57.72078473 -24.16640645
v 42.88061640 58.23574600 -23.97414580
v 42.27127192 58.21357876 -24.20136442
v 38.35820124 59.95686468 -25.47863216
v 39.01246760 60.05404977 -25.78176328
v 39.01246760 60.05404977 -25.78176328
v 38.35820124 59.95686468 -25.47863216
v 39.41317866 59.20683036 -25.42148787
v 39.54820368 59.99725276 -25.69591732
v 39.01246760 60.05404977 -25.78176328
v 38.18532679 61.78183276 -27.09987880
v 38.64313624 62.60797780 -27.90688577
v 36.27654288 61.44878104 -27.32990499
v 35.35258505 61.06536581 -27.34987868
v 35.16697714 60.35005672 -27.07386233
v 36.76371786 50.22312734 -21.81224874
v 37.01634238 50.27369507 -21.16024069
v 36.68628714 50.77996249 -21.92845977
v 42.72731898 56.74928828 -23.31609502
v 43.36226008 56.27288607 -22.91127927
v 42.95377466 57.39753501 -23.58327652
v 37.04394553 61.62066748 -27.37015770
v 37.22096369 62.31326765 -27.83065281
v 36.89492056 62.19846054 -27.70937593
v 38.64313624 62.60797780 -27.90688577
v 39.17172358 62.90131085 -27.94668074
v 38.76680872 62.78895467 -27.89612835
v 39.94471094 63.07314200 -27.77796433
v 39.65939448 63.07767005 -27.76467393
v 39.29382441 62.89906018 -27.89052839
v 40.86390040 60.84908991 -25.74347911
v 38.93032954 61.46258465 -26.54250570
v 40.12950251 62.06373515 -26.58614593
v 40.70220301 62.01113052 -26.33811431
v 41.15116236 62.88593971 -26.79816694
v 41.15116236 62.88593971 -26.79816694
v 39.94471094 63.07314200 -27.77796433
v 39.78514216 62.75179194 -27.58616130
v 37.46655390 60.11450311 -26.25348875
v 37.67644617 60.95252338 -26.56376111
v 37.19586298 60.72357670 -26.51706917
v 35.35258505 61.06536581 -27.34987868
v 35.84597037 61.39834684 -27.88854450
v 35.12989065 60.81469441 -27.43715891
v 35.85230276 59.34295384 -26.49332627
v 36.00377676 60.24968062 -26.87162232
v 38.93032954 61.46258465 -26.54250570
v 40.04504511 61.45332261 -26.25631185
v 39.47680018 61.70154110 -26.52022790
v 39.68650172 59.47498264 -25.15468799
v 40.64283869 60.13201079 -25.44368956
v 39.54820368 59.99725276 -25.69591732
v 39.04478571 60.41993641 -26.09095218
v 38.93032954 61.46258465 -26.54250570
v 38.46737788 60.89872282 -26.45984874
v 40.12950251 62.06373515 -26.58614593
v 40.12950251 62.06373515 -26.58614593
v 39.10295222 62.28697880 -27.03161106
v 34.77719137 59.81542306 -27.16033380
v 35.68677542 59.73864471 -26.80776420
v 35.16697714 60.35005672 -27.07386233
v 38.18532679 61.78183276 -27.09987880
v 39.10295222 62.28697880 -27.03161106
v 38.64313624 62.60797780 -27.90688577
v 36.69732687 52.36103602 -23.36188593
v 36.81052420 52.50174128 -22.45519345
v 37.42909357 53.23187417 -23.45887093
v 42.39544794 58.61840585 -24.36982152
v 42.34838984 58.95316080 -24.34343913
v 41.82669947 57.72078473 -24.16640645
v 41.97114680 58.17525252 -24.07013883
v 40.41450617 57.55520014 -24.29102496
v 40.59307978 58.23741292 -24.59554472
v 40.11701319 57.65562201 -24.50789814
v 37.44271204 56.18073800 -24.38512569
v 37.73247645 56.57836678 -24.38602602
v 37.29581568 56.55352539 -24.90451967
v 39.64596674 57.85596990 -24.58893760
v 40.35765192 58.10476442 -24.80887783
v 38.74246332 57.99134582 -24.96351038
v 38.72150538 58.49152886 -25.36197848
v 37.47270319 59.22234852 -25.60642440
v 36.71872732 59.32327389 -26.06032761
v 35.05126974 61.32008447 -28.11979144
v 34.80027792 61.44807133 -28.38207479
v 34.48183367 61.19198694 -28.09653702
v 35.55977652 58.72530861 -26.32425879
v 36.71872732 59.32327389 -26.06032761
v 35.85230276 59.34295384 -26.49332627
v 41.53674433 63.30848226 -26.91392018
v 36.78662131 58.38527041 -25.69993012
v 36.56787894 58.81436662 -25.74163246
v 36.56787894 58.81436662 -25.74163246
v 37.11937067 58.93671921 -25.82294657
v 36.71872732 59.32327389 -26.06032761
v 36.08309195 52.76559604 -23.80634400
v 36.49214194 52.97100603 -23.83858586
v 38.26507685 53.28832423 -22.39327341
v 38.24337122 53.43881777 -22.92670544
v 40.59307978 58.23741292 -24.59554472
v 41.84358332 59.51268144 -24.85453236
v 40.51200983 59.09441893 -25.01404767
v 35.92521689 54.92331450 -25.02207311
v 35.84509299 55.79343169 -25.00585316
v 35.33896658 55.73264061 -25.36004016
v 34.84294913 57.21470760 -26.10671399
v 35.57314322 57.90201310 -25.79960045
v 38.22881434 58.67804465 -25.43128393
v 38.92581293 58.97280631 -25.42960551
v 38.55165217 59.05904893 -25.76178936
v 42.13002131 54.22173110 -22.15862390
v 42.13121149 54.82794365 -22.54123814
v 41.38997767 53.61900895 -22.06653701
v 40.25851557 53.79314216 -22.61946978
v 41.38997767 53.61900895 -22.06653701
v 40.73207209 54.05386147 -22.55968589
v 40.29923365 52.88227650 -21.83725833
v 41.38997767 53.61900895 -22.06653701
v 40.24997828 53.49571789 -22.32439527
v 34.02828905 59.40944027 -26.05306444
v 35.08709738 58.89857218 -26.17319681
v 34.16985247 59.93401835 -26.18151302
v 39.19537470 53.48287752 -22.94898328
v 39.43953059 53.79133785 -22.34525408
v 39.39535639 54.08513047 -23.01140708
v 40.98268244 54.75855808 -22.82892733
v 41.66493342 55.37598211 -22.73215619
v 40.86666224 56.09124915 -23.56264642
v 42.33031580 60.99925549 -25.56017530
v 42.80543635 61.43654567 -25.62995381
v 41.39135859 51.60259061 -21.32044293
v 41.57803461 51.74100309 -21.29041366
v 41.11815760 51.77808577 -21.28096847
v 36.02568075 61.98474973 -27.84865813
v 35.84471152 62.05323116 -27.98188262
v 35.12913534 61.66099252 -28.13425683
v 35.16697714 60.35005672 -27.07386233
v 36.00377676 60.24968062 -26.87162232
v 36.48072073 60.87511930 -26.90456615
v 36.00377676 60.24968062 -26.87162232
v 36.70767996 60.08573262 -26.48592588
v 36.48072073 60.87511930 -26.90456615
v 35.57314322 57.90201310 -25.79960045
v 34.33977434 57.48164100 -26.36704423
v 34.84294913 57.21470760 -26.10671399
v 34.33977434 57.48164100 -26.36704423
v 35.38878653 58.41722603 -26.33373445
v 35.08709738 58.89857218 -26.17319681
v 38.46737788 60.89872282 -26.45984874
v 37.98220942 61.31158752 -26.34595721
v 38.45175288 54.98063433 -23.83289466
v 39.32952997 55.10861365 -23.60456216
v 35.57314322 57.90201310 -25.79960045
v 35.38878653 58.41722603 -26.33373445
v 34.33977434 57.48164100 -26.36704423
v 37.06647513 56.71363586 -24.96044316
v 36.82125876 55.72107456 -24.71622607
v 37.29581568 56.55352539 -24.90451967
v 39.09780237 57.48874042 -24.73668840
v 39.64596674 57.85596990 -24.58893760
v 39.37389490 58.28046172 -24.98717681
v 41.70195887 58.73765328 -24.42754554
v 42.39544794 58.61840585 -24.36982152
v 41.11815760 51.77808577 -21.28096847
v 41.52494929 52.18157771 -21.44045340
v 41.09249232 51.96328546 -21.53475268
v 40.70220301 62.01113052 -26.33811431
v 42.23204920 61.75154807 -25.90015650
v 37.19586298 60.72357670 -26.51706917
v 37.67644617 60.95252338 -26.56376111
v 36.48072073 60.87511930 -26.90456615
v 37.29795191 53.57174078 -23.61231337
v 39.21087763 52.73070720 -21.45598694
v 39.34239313 53.02289001 -22.10691167
v 38.26507685 53.28832423 -22.39327341
v 42.22401545 53.97019004 -21.65282552
v 43.30371973 53.86900134 -21.90320697
v 42.99343226 54.44880860 -22.04229093
v 41.38997767 53.61900895 -22.06653701
v 42.22401545 53.97019004 -21.65282552
v 42.13002131 54.22173110 -22.15862390
v 38.18532679 61.78183276 -27.09987880
v 42.46402857 59.42059276 -24.68772326
v 41.84358332 59.51268144 -24.85453236
v 42.34838984 58.95316080 -24.34343913
v 43.17897913 58.80184704 -24.19779396
v 42.46402857 59.42059276 -24.68772326
v 34.26686022 52.72390501 -25.05228516
v 35.03501913 52.86190558 -24.53043459
v 35.14707968 53.33932635 -24.72281748
v 38.07859156 60.05302350 -26.50284787
v 38.46737788 60.89872282 -26.45984874
v 37.67644617 60.95252338 -26.56376111
v 34.77969382 53.94975792 -25.35085408
v 35.46157858 54.28208684 -24.62210963
v 35.36325095 54.66124475 -25.31046418
v 42.46402857 59.42059276 -24.68772326
v 41.84358332 59.51268144 -24.85453236
v 40.86666224 56.09124915 -23.56264642
v 34.63204977 52.82732918 -24.40612123
v 35.17155478 52.28297571 -24.34467400
v 35.03501913 52.86190558 -24.53043459
v 41.38997767 53.61900895 -22.06653701
v 41.29052088 54.32978616 -22.48911403
v 34.22444079 56.85180022 -25.91346137
v 34.84294913 57.21470760 -26.10671399
v 34.33977434 57.48164100 -26.36704423
v 40.62483332 51.40101056 -21.34150003
v 41.09249232 51.96328546 -21.53475268
v 40.30551264 52.17810258 -21.09468924
v 39.90913508 52.73414416 -21.93100830
v 40.05024836 52.57693678 -21.29534238
v 40.29923365 52.88227650 -21.83725833
v 39.21087763 52.73070720 -21.45598694
v 39.90913508 52.73414416 -21.93100830
v 39.34239313 53.02289001 -22.10691167
v 35.42047140 51.60634006 -23.77826764
v 35.25344107 52.16563188 -23.87825858
v 34.87983725 52.26625597 -23.88361443
v 34.80027792 61.44807133 -28.38207479
v 35.12913534 61.66099252 -28.13425683
v 34.82487509 61.82587137 -28.10698940
v 42.28808710 52.97861669 -21.79769230
v 41.95320246 62.44123381 -26.40981543
v 40.70220301 62.01113052 -26.33811431
v 38.22881434 58.67804465 -25.43128393
v 38.55165217 59.05904893 -25.76178936
v 37.74979517 58.86171463 -25.86382485
v 34.33148882 55.27435048 -25.58985271
v 35.65960715 56.62103018 -25.46611941
v 34.84589407 56.42672091 -25.72072753
v 37.11937067 58.93671921 -25.82294657
v 37.11937067 58.93671921 -25.82294657
v 36.56787894 58.81436662 -25.74163246
v 37.64589045 58.14290367 -25.39418973
v 36.88205740 57.33553446 -25.26490187
v 36.67523978 55.09983967 -24.66860329
v 36.77500937 56.09626165 -23.63323358
v 36.82125876 55.72107456 -24.71622607
v 40.40270350 54.79272632 -22.86237461
v 40.73207209 54.05386147 -22.55968589
v 40.98268244 54.75855808 -22.82892733
v 41.38997767 53.61900895 -22.06653701
v 42.13121149 54.82794365 -22.54123814
v 41.81453059 54.90283378 -22.59690221
v 42.28808710 52.97861669 -21.79769230
v 43.37895319 53.21280094 -21.85544686
v 42.42349360 53.41024588 -21.71352489
v 41.82669947 57.72078473 -24.16640645
v 42.95377466 57.39753501 -23.58327652
v 42.88061640 58.23574600 -23.97414580
v 42.13121149 54.82794365 -22.54123814
v 42.99343226 54.44880860 -22.04229093
v 42.84195826 55.22604928 -22.54099406
v 40.37220881 56.81249007 -24.03475347
v 41.08590052 57.34553296 -24.17539382
v 40.86666224 56.09124915 -23.56264642
v 41.83027766 56.26111385 -23.30773312
v 41.70133326 57.33329545 -23.92310500
v 40.03550837 56.43182907 -23.98955688
v 40.22079584 56.12231603 -23.68352656
v 40.37220881 56.81249007 -24.03475347
v 36.67523978 55.09983967 -24.66860329
v 37.67524836 55.52478555 -24.38449997
v 36.77500937 56.09626165 -23.63323358
v 38.57536433 56.82260656 -24.56301275
v 39.46004603 56.75370555 -24.26978459
v 39.52047083 57.13387825 -24.46640941
v 39.32952997 55.10861365 -23.60456216
v 39.68788264 56.02209245 -23.91872551
v 38.22881434 58.67804465 -25.43128393
v 38.72150538 58.49152886 -25.36197848
v 38.92581293 58.97280631 -25.42960551
v 36.17175314 57.29951986 -25.49740004
v 34.84294913 57.21470760 -26.10671399
v 36.75668356 53.64648973 -23.87839615
v 35.46157858 54.28208684 -24.62210963
v 36.15876791 53.36389691 -24.15743358
v 35.36325095 54.66124475 -25.31046418
v 34.33148882 55.27435048 -25.58985271
v 34.35803149 54.42944079 -25.66483426
v 35.14707968 53.33932635 -24.72281748
v 34.41129992 53.33040748 -25.40284068
v 34.26686022 52.72390501 -25.05228516
v 36.08309195 52.76559604 -23.80634400
v 36.15876791 53.36389691 -24.15743358
v 34.63204977 52.82732918 -24.40612123
v 35.03501913 52.86190558 -24.53043459
v 34.26686022 52.72390501 -25.05228516
v 35.28211996 53.72554535 -24.87618364
v 34.57331774 53.69421521 -25.09098160
v 35.14707968 53.33932635 -24.72281748
v 35.57314322 57.90201310 -25.79960045
v 36.55439017 57.92519505 -25.58640466
v 36.18254874 58.41118362 -25.87824434
v 35.54220602 59.21409716 -26.64447982
v 35.68677542 59.73864471 -26.80776420
v 34.77719137 59.81542306 -27.16033380
v 35.60212729 53.06140664 -24.36367132
v 35.14707968 53.33932635 -24.72281748
v 38.31214258 58.06196727 -25.17525661
v 38.74246332 57.99134582 -24.96351038
v 38.72150538 58.49152886 -25.36197848
v 41.81453059 54.90283378 -22.59690221
v 42.13121149 54.82794365 -22.54123814
v 41.66493342 55.37598211 -22.73215619
v 38.18338129 57.37193435 -24.94605422
v 39.09780237 57.48874042 -24.73668840
v 38.74246332 57.99134582 -24.96351038
v 43.11666987 64.47243023 -27.47310921
v 42.43372462 64.51843924 -27.80518625
v 41.70271418 64.25466816 -27.96166509
v 43.28822443 64.68174266 -27.56608105
v 42.43372462 64.51843924 -27.80518625
v 41.29811213 63.91710178 -27.97243774
v 43.11666987 64.47243023 -27.47310921
v 41.70271418 64.25466816 -27.96166509
v 42.46371577 63.52579611 -26.44109612
v 43.48098109 63.78724976 -26.26798520
v 42.42105219 63.89942279 -26.58462035
v 40.74951289 63.60626119 -27.88053400
v 40.24627802 63.31963056 -27.84588124
v 42.46371577 63.52579611 -26.44109612
v 42.18549464 63.77272706 -27.19665036
v 40.29923365 52.88227650 -21.83725833
v 40.88454554 53.17328073 -21.52065376
v 41.38997767 53.61900895 -22.06653701
v 39.39535639 54.08513047 -23.01140708
v 40.25851557 53.79314216 -22.61946978
v 40.40270350 54.79272632 -22.86237461
v 39.23904536 54.45792935 -23.21849943
v 39.39535639 54.08513047 -23.01140708
v 40.64283869 60.13201079 -25.44368956
v 41.80630610 60.03941669 -25.14486142
v 35.08709738 58.89857218 -26.17319681
v 35.54220602 59.21409716 -26.64447982
v 34.16985247 59.93401835 -26.18151302
v 35.92521689 54.92331450 -25.02207311
v 35.33896658 55.73264061 -25.36004016
v 35.36325095 54.66124475 -25.31046418
v 35.12989065 60.81469441 -27.43715891
v 35.05126974 61.32008447 -28.11979144
v 34.63449881 60.84233188 -27.51413951
v 35.65960715 56.62103018 -25.46611941
v 35.33896658 55.73264061 -25.36004016
v 35.28211996 53.72554535 -24.87618364
v 35.60212729 53.06140664 -24.36367132
v 35.46157858 54.28208684 -24.62210963
v 35.92521689 54.92331450 -25.02207311
v 35.36325095 54.66124475 -25.31046418
v 34.33148882 55.27435048 -25.58985271
v 34.84589407 56.42672091 -25.72072753
v 35.65960715 56.62103018 -25.46611941
v 35.14707968 53.33932635 -24.72281748
v 34.57331774 53.69421521 -25.09098160
v 34.41129992 53.33040748 -25.40284068
v 35.30960104 50.69399048 -23.04015409
v 35.03821585 50.04767019 -22.70571184
v 35.26743338 50.28771007 -22.36862997
v 34.60356161 50.30772940 -23.61492209
v 35.03821585 50.04767019 -22.70571184
v 34.57331774 53.69421521 -25.09098160
v 34.77969382 53.94975792 -25.35085408
v 34.41129992 53.33040748 -25.40284068
v 35.28211996 53.72554535 -24.87618364
v 35.46157858 54.28208684 -24.62210963
v 34.77969382 53.94975792 -25.35085408
v 35.28211996 53.72554535 -24.87618364
v 34.77969382 53.94975792 -25.35085408
v 34.57331774 53.69421521 -25.09098160
v 38.93032954 61.46258465 -26.54250570
v 39.47680018 61.70154110 -26.52022790
v 38.18532679 61.78183276 -27.09987880
v 34.38902972 52.28300238 -24.56038750
v 35.17155478 52.28297571 -24.34467400
v 34.63204977 52.82732918 -24.40612123
v 40.62483332 51.40101056 -21.34150003
v 40.30551264 52.17810258 -21.09468924
v 40.05012629 51.58902937 -21.29219891
v 41.09249232 51.96328546 -21.53475268
v 40.84784052 52.37138176 -21.61022272
v 40.30551264 52.17810258 -21.09468924
v 40.83165095 51.14381229 -20.92681188
v 41.16634486 51.30253799 -21.18673012
v 40.58844111 51.12546741 -20.97194737
v 41.67247126 52.02703289 -21.42343983
v 41.52494929 52.18157771 -21.44045340
v 41.11815760 51.77808577 -21.28096847
v 39.41317866 59.20683036 -25.42148787
v 39.68650172 59.47498264 -25.15468799
v 39.54820368 59.99725276 -25.69591732
v 39.01246760 60.05404977 -25.78176328
v 39.54820368 59.99725276 -25.69591732
v 39.04478571 60.41993641 -26.09095218
v 35.30960104 50.69399048 -23.04015409
v 35.86140463 50.88938700 -22.41144623
v 39.54820368 59.99725276 -25.69591732
v 40.64283869 60.13201079 -25.44368956
v 40.86390040 60.84908991 -25.74347911
v 42.11703608 52.10731321 -21.29274831
v 42.24554560 52.30280497 -21.50537957
v 41.52494929 52.18157771 -21.44045340
v 35.30960104 50.69399048 -23.04015409
v 36.30565665 51.37460888 -22.31414102
v 36.26004050 51.43283632 -22.90715860
v 40.64283869 60.13201079 -25.44368956
v 41.26774714 60.51092276 -25.50036077
v 40.86390040 60.84908991 -25.74347911
v 40.86390040 60.84908991 -25.74347911
v 41.26774714 60.51092276 -25.50036077
v 40.86390040 60.84908991 -25.74347911
v 35.30960104 50.69399048 -23.04015409
v 36.26004050 51.43283632 -22.90715860
v 35.70108053 51.47833418 -23.16613078
v 35.97071097 52.11418315 -23.33417593
v 36.69732687 52.36103602 -23.36188593
v 36.08309195 52.76559604 -23.80634400
v 35.42047140 51.60634006 -23.77826764
v 35.70108053 51.47833418 -23.16613078
v 36.68628714 50.77996249 -21.92845977
v 37.01502249 51.07375907 -21.70621555
v 36.30565665 51.37460888 -22.31414102
v 37.02964041 51.36418713 -22.30875466
v 36.78097555 51.60942633 -22.65023114
v 34.53974840 60.33288671 -27.38607241
v 35.12989065 60.81469441 -27.43715891
v 34.25154803 60.56097119 -27.89498358
v 35.16697714 60.35005672 -27.07386233
v 35.35258505 61.06536581 -27.34987868
v 35.12989065 60.81469441 -27.43715891
v 34.38902972 52.28300238 -24.56038750
v 34.87983725 52.26625597 -23.88361443
v 37.01634238 50.27369507 -21.16024069
v 37.94030115 51.08352855 -21.45636814
v 37.01502249 51.07375907 -21.70621555
v 37.94030115 51.08352855 -21.45636814
v 37.71867487 51.45172305 -21.95226359
v 35.17155478 52.28297571 -24.34467400
v 35.25344107 52.16563188 -23.87825858
v 35.60212729 53.06140664 -24.36367132
v 37.01502249 51.07375907 -21.70621555
v 37.02964041 51.36418713 -22.30875466
v 37.02964041 51.36418713 -22.30875466
v 37.71867487 51.45172305 -21.95226359
v 36.81052420 52.50174128 -22.45519345
v 37.93822596 50.40086941 -21.39298302
v 38.45439265 50.97022826 -21.24803988
v 37.94030115 51.08352855 -21.45636814
v 38.45439265 50.97022826 -21.24803988
v 38.48620722 51.86871147 -21.66851121
v 37.71867487 51.45172305 -21.95226359
v 39.21087763 52.73070720 -21.45598694
v 39.35952875 50.05092824 -20.87361956
v 38.52378962 50.67146882 -21.08068143
v 38.52378962 50.67146882 -21.08068143
v 38.45439265 50.97022826 -21.24803988
v 38.45439265 50.97022826 -21.24803988
v 39.13062403 51.89148527 -21.31621630
v 38.48620722 51.86871147 -21.66851121
v 43.18380854 55.63781913 -22.63831468
v 42.68057368 56.18499160 -23.07126765
v 41.83027766 56.26111385 -23.30773312
v 41.83027766 56.26111385 -23.30773312
v 42.68057368 56.18499160 -23.07126765
v 42.29887507 56.51374220 -23.16692506
v 36.98885367 59.73769491 -26.47263542
v 37.19586298 60.72357670 -26.51706917
v 36.70767996 60.08573262 -26.48592588
v 36.71872732 59.32327389 -26.06032761
v 37.63421747 60.01747444 -25.84662839
v 36.98885367 59.73769491 -26.47263542
v 42.29887507 56.51374220 -23.16692506
v 42.19114039 56.97313086 -23.58196419
v 35.36325095 54.66124475 -25.31046418
v 34.33148882 55.27435048 -25.58985271
v 37.04394553 61.62066748 -27.37015770
v 36.89492056 62.19846054 -27.70937593
v 36.52063010 61.85383325 -27.19916775
v 43.18380854 55.63781913 -22.63831468
v 43.36226008 56.27288607 -22.91127927
v 42.68057368 56.18499160 -23.07126765
v 40.37220881 56.81249007 -24.03475347
v 41.08590052 57.34553296 -24.17539382
v 40.10854456 57.21729043 -24.40908215
v 40.41450617 57.55520014 -24.29102496
v 35.42047140 51.60634006 -23.77826764
v 34.87983725 52.26625597 -23.88361443
v 34.59666464 51.69552772 -23.53717879
v 39.46004603 56.75370555 -24.26978459
v 38.57536433 56.82260656 -24.56301275
v 39.25573847 56.46980437 -24.03771362
v 39.46004603 56.75370555 -24.26978459
v 38.83890650 56.26387553 -24.26304013
v 39.52047083 57.13387825 -24.46640941
v 39.09780237 57.48874042 -24.73668840
v 38.18338129 57.37193435 -24.94605422
v 39.68788264 56.02209245 -23.91872551
v 40.03550837 56.43182907 -23.98955688
v 39.25573847 56.46980437 -24.03771362
v 39.25573847 56.46980437 -24.03771362
v 40.03550837 56.43182907 -23.98955688
v 39.46004603 56.75370555 -24.26978459
v 39.46004603 56.75370555 -24.26978459
v 40.22079584 56.12231603 -23.68352656
v 40.86666224 56.09124915 -23.56264642
v 40.37220881 56.81249007 -24.03475347
v 42.13121149 54.82794365 -22.54123814
v 42.84195826 55.22604928 -22.54099406
v 43.00158808 52.82400321 -21.71537111
v 43.37895319 53.21280094 -21.85544686
v 42.28808710 52.97861669 -21.79769230
v 36.27654288 61.44878104 -27.32990499
v 36.52063010 61.85383325 -27.19916775
v 35.84597037 61.39834684 -27.88854450
v 36.52063010 61.85383325 -27.19916775
v 36.02568075 61.98474973 -27.84865813
v 35.84597037 61.39834684 -27.88854450
v 43.00158808 52.82400321 -21.71537111
v 42.28808710 52.97861669 -21.79769230
v 42.44069025 52.40651896 -21.51010981
v 42.42349360 53.41024588 -21.71352489
v 42.97523615 53.62421225 -21.69851028
v 42.22401545 53.97019004 -21.65282552
v 42.13002131 54.22173110 -22.15862390
v 42.99343226 54.44880860 -22.04229093
v 42.13121149 54.82794365 -22.54123814
v 39.19537470 53.48287752 -22.94898328
v 39.39535639 54.08513047 -23.01140708
v 38.43826411 54.25286659 -22.58677027
v 40.25851557 53.79314216 -22.61946978
v 39.39535639 54.08513047 -23.01140708
v 39.43953059 53.79133785 -22.34525408
v 38.43826411 54.25286659 -22.58677027
v 39.39535639 54.08513047 -23.01140708
v 39.23904536 54.45792935 -23.21849943
v 39.43953059 53.79133785 -22.34525408
v 40.24997828 53.49571789 -22.32439527
v 40.25851557 53.79314216 -22.61946978
v 39.39535639 54.08513047 -23.01140708
v 40.40270350 54.79272632 -22.86237461
v 39.32952997 55.10861365 -23.60456216
v 39.32952997 55.10861365 -23.60456216
v 40.40270350 54.79272632 -22.86237461
v 40.22079584 56.12231603 -23.68352656
v 40.24997828 53.49571789 -22.32439527
v 41.38997767 53.61900895 -22.06653701
v 40.25851557 53.79314216 -22.61946978
v 40.73207209 54.05386147 -22.55968589
v 42.42105219 63.89942279 -26.58462035
v 42.18549464 63.77272706 -27.19665036
v 37.47270319 59.22234852 -25.60642440
v 37.74979517 58.86171463 -25.86382485
v 38.11398432 59.41971148 -25.26229296
v 37.74979517 58.86171463 -25.86382485
v 38.55165217 59.05904893 -25.76178936
v 38.11398432 59.41971148 -25.26229296
v 38.19097254 56.63516758 -24.66396487
v 38.57536433 56.82260656 -24.56301275
v 35.65960715 56.62103018 -25.46611941
v 36.17175314 57.29951986 -25.49740004
v 41.84358332 59.51268144 -24.85453236
v 42.98426935 60.02940510 -24.68624326
v 41.80630610 60.03941669 -25.14486142
v 41.80630610 60.03941669 -25.14486142
v 42.98426935 60.02940510 -24.68624326
v 42.46402857 59.42059276 -24.68772326
v 43.17897913 58.80184704 -24.19779396
v 43.19886896 59.53378442 -24.39272511
v 42.46402857 59.42059276 -24.68772326
v 42.98426935 60.02940510 -24.68624326
v 39.47680018 61.70154110 -26.52022790
v 40.04504511 61.45332261 -26.25631185
v 40.12950251 62.06373515 -26.58614593
v 37.67524836 55.52478555 -24.38449997
v 38.52190516 55.73840484 -24.01078174
v 35.92521689 54.92331450 -25.02207311
v 36.67523978 55.09983967 -24.66860329
v 40.86390040 60.84908991 -25.74347911
v 41.49577448 61.15226678 -25.76310196
v 38.93032954 61.46258465 -26.54250570
v 40.86390040 60.84908991 -25.74347911
v 40.04504511 61.45332261 -26.25631185
v 39.68650172 59.47498264 -25.15468799
v 40.51200983 59.09441893 -25.01404767
v 40.64283869 60.13201079 -25.44368956
v 41.10422632 63.28550629 -27.24654652
v 40.74951289 63.60626119 -27.88053400
v 39.94471094 63.07314200 -27.77796433
v 40.88454554 53.17328073 -21.52065376
v 41.72906611 53.20313451 -21.80794625
v 41.38997767 53.61900895 -22.06653701
v 41.29052088 54.32978616 -22.48911403
v 41.81453059 54.90283378 -22.59690221
v 35.05126974 61.32008447 -28.11979144
v 36.02568075 61.98474973 -27.84865813
v 35.12913534 61.66099252 -28.13425683
v 35.12989065 60.81469441 -27.43715891
v 35.84597037 61.39834684 -27.88854450
v 35.05126974 61.32008447 -28.11979144
v 35.26743338 50.28771007 -22.36862997
v 35.94416830 50.23449128 -22.07512716
v 42.68057368 56.18499160 -23.07126765
v 42.72731898 56.74928828 -23.31609502
v 42.68057368 56.18499160 -23.07126765
v 42.72731898 56.74928828 -23.31609502
v 39.13062403 51.89148527 -21.31621630
v 39.21087763 52.73070720 -21.45598694
v 38.45439265 50.97022826 -21.24803988
v 39.26458857 51.38749512 -21.14811013
v 38.52378962 50.67146882 -21.08068143
v 39.26458857 51.38749512 -21.14811013
v 37.71867487 51.45172305 -21.95226359
v 37.94030115 51.08352855 -21.45636814
v 38.48620722 51.86871147 -21.66851121
v 41.29811213 63.91710178 -27.97243774
v 41.10422632 63.28550629 -27.24654652
v 35.55977652 58.72530861 -26.32425879
v 35.85230276 59.34295384 -26.49332627
v 35.54220602 59.21409716 -26.64447982
v 41.49577448 61.15226678 -25.76310196
v 42.33031580 60.99925549 -25.56017530
v 37.93822596 50.40086941 -21.39298302
v 33.30939410 55.38118480 -26.14693586
v 33.62087176 54.90320703 -26.21199926
v 33.25574419 56.21085091 -26.30158382
v 31.89028857 56.19810965 -27.34259944
v 32.40595171 56.33498109 -26.74598081
v 32.26056597 57.04059320 -27.16805429
v 31.65454790 55.18040570 -26.96582926
v 31.31646654 55.48313235 -27.55234664
v 30.92089770 54.91793532 -27.80442174
v 31.31508562 53.89202220 -27.07276264
v 30.89178393 54.34274004 -27.61710476
v 30.38391039 54.03825086 -27.84896201
v 30.05335161 53.94064040 -27.79642598
v 30.25778124 54.43155759 -27.86283231
v 30.18336413 54.15285587 -27.48281212
v 31.89499590 55.86977874 -26.82969045
v 32.63259814 55.26625172 -26.53875103
v 32.94106219 56.16879382 -26.62763362
v 30.32209704 54.72296238 -27.47893648
v 30.92089770 54.91793532 -27.80442174
v 30.69745562 55.36529630 -27.90438214
v 33.99008105 59.34035974 -27.13860520
v 34.16985247 59.93401835 -26.18151302
v 34.77719137 59.81542306 -27.16033380
v 33.75502703 59.71624091 -27.30867973
v 34.53974840 60.33288671 -27.38607241
v 33.74228594 60.07124036 -27.86860105
v 32.88992235 54.08450050 -26.34786338
v 33.62087176 54.90320703 -26.21199926
v 32.28886339 54.60760226 -26.65212372
v 31.89499590 55.86977874 -26.82969045
v 32.40595171 56.33498109 -26.74598081
v 31.89028857 56.19810965 -27.34259944
v 33.51332018 57.39283105 -26.23302627
v 34.33977434 57.48164100 -26.36704423
v 33.78997729 57.86354566 -25.98887047
v 33.80064318 58.54546091 -26.19849582
v 33.23572466 58.30838502 -26.74277679
v 33.44731066 57.59680669 -26.48529987
v 34.22444079 56.85180022 -25.91346137
v 33.51332018 57.39283105 -26.23302627
v 33.91088793 55.92096830 -25.97557975
v 33.99729845 56.49500393 -26.07216797
v 33.53754351 56.45077245 -26.45398864
v 32.41140673 52.04319883 -25.99082264
v 32.70205614 52.97652551 -26.24305058
v 31.74365160 52.51597325 -26.48391049
v 32.25309679 51.40479777 -26.18879007
v 31.74264452 51.27266806 -26.39280006
v 31.64996264 51.04597975 -25.96671359
v 31.89028857 56.19810965 -27.34259944
v 32.26056597 57.04059320 -27.16805429
v 31.50044176 56.85361571 -27.79898993
v 33.73726580 52.48204170 -25.38695614
v 32.70205614 52.97652551 -26.24305058
v 33.00430987 52.01846818 -25.76639637
v 33.75000689 51.36528161 -24.37714455
v 34.38902972 52.28300238 -24.56038750
v 34.22425005 52.08348222 -24.82047353
v 33.36021349 52.87514237 -25.79119204
v 33.30104754 53.43059278 -26.02047070
v 32.70205614 52.97652551 -26.24305058
v 34.60356161 50.30772940 -23.61492209
v 34.05094073 50.87134696 -24.50965180
v 34.26686022 52.72390501 -25.05228516
v 33.73726580 52.48204170 -25.38695614
v 33.89897082 52.39246885 -25.04964533
v 33.55071947 51.14653530 -25.15110082
v 34.22425005 52.08348222 -24.82047353
v 33.65155718 51.68489594 -24.87343672
v 32.28886339 54.60760226 -26.65212372
v 33.62087176 54.90320703 -26.21199926
v 32.63259814 55.26625172 -26.53875103
v 32.51726458 51.73962910 -25.60880355
v 33.00430987 52.01846818 -25.76639637
v 32.41140673 52.04319883 -25.99082264
v 34.05094073 50.87134696 -24.50965180
v 33.55071947 51.14653530 -25.15110082
v 33.19958422 50.89592881 -24.84092011
v 33.65155718 51.68489594 -24.87343672
v 33.29558489 51.75607431 -25.30878524
v 33.55071947 51.14653530 -25.15110082
v 32.88992235 54.08450050 -26.34786338
v 32.47597430 54.39841194 -26.31722378
v 32.09848711 53.88843644 -26.72252766
v 34.10729143 50.21345292 -23.93656209
v 33.78445360 50.47332147 -24.33286340
v 34.63449881 60.84233188 -27.51413951
v 34.48183367 61.19198694 -28.09653702
v 34.25261614 61.05740441 -28.16494215
v 34.02828905 59.40944027 -26.05306444
v 33.56426928 58.96558868 -26.78660014
v 32.23389361 59.29066937 -27.90662583
v 33.18132708 59.83274173 -27.53673761
v 32.35292742 59.48488325 -27.86237537
v 33.55071947 51.14653530 -25.15110082
v 33.29558489 51.75607431 -25.30878524
v 32.85233996 51.39050428 -25.04308389
v 33.19958422 50.89592881 -24.84092011
v 33.55071947 51.14653530 -25.15110082
v 34.22425005 52.08348222 -24.82047353
v 34.26686022 52.72390501 -25.05228516
v 33.89897082 52.39246885 -25.04964533
v 31.56814501 50.24722410 -25.99248556
v 32.09516070 50.84639863 -25.76007904
v 31.64594958 50.61586114 -26.23362026
v 33.89897082 52.39246885 -25.04964533
v 33.73726580 52.48204170 -25.38695614
v 33.29558489 51.75607431 -25.30878524
v 32.14472887 58.56678479 -27.91160007
v 32.85911486 58.12435254 -26.95284451
v 32.30599139 58.89898384 -28.16358377
v 32.85233996 51.39050428 -25.04308389
v 32.51726458 51.73962910 -25.60880355
v 32.09516070 50.84639863 -25.76007904
v 32.25077746 57.69122033 -27.22419148
v 32.85911486 58.12435254 -26.95284451
v 31.75952074 57.51588149 -27.75826433
v 29.14451525 51.70709130 -27.67333296
v 29.23499987 52.90570730 -27.83094119
v 28.72165606 52.29066740 -28.32541741
v 33.28918383 58.94592766 -27.24508097
v 33.74228594 60.07124036 -27.86860105
v 28.72165606 52.29066740 -28.32541741
v 29.23499987 52.90570730 -27.83094119
v 29.20274279 52.51009264 -28.08597653
v 34.77969382 53.94975792 -25.35085408
v 34.35803149 54.42944079 -25.66483426
v 33.68763659 53.73906066 -25.87450517
v 34.77719137 59.81542306 -27.16033380
v 34.53974840 60.33288671 -27.38607241
v 33.75502703 59.71624091 -27.30867973
v 32.28886339 54.60760226 -26.65212372
v 31.48657152 54.62576776 -27.16809968
v 31.59405443 54.11428942 -26.65915794
v 32.15546343 55.28527178 -26.66256084
v 31.89499590 55.86977874 -26.82969045
v 31.65454790 55.18040570 -26.96582926
v 34.53974840 60.33288671 -27.38607241
v 34.25154803 60.56097119 -27.89498358
v 33.74228594 60.07124036 -27.86860105
v 33.83346484 54.68722653 -26.02265291
v 33.62087176 54.90320703 -26.21199926
v 33.68763659 53.73906066 -25.87450517
v 33.99729845 56.49500393 -26.07216797
v 34.84589407 56.42672091 -25.72072753
v 34.22444079 56.85180022 -25.91346137
v 31.74365160 52.51597325 -26.48391049
v 32.70205614 52.97652551 -26.24305058
v 31.72351000 52.93722260 -26.74387455
v 33.83346484 54.68722653 -26.02265291
v 34.33148882 55.27435048 -25.58985271
v 33.30939410 55.38118480 -26.14693586
v 33.25574419 56.21085091 -26.30158382
v 32.94106219 56.16879382 -26.62763362
v 32.28886339 54.60760226 -26.65212372
v 32.63259814 55.26625172 -26.53875103
v 32.15546343 55.28527178 -26.66256084
v 32.89456866 57.32591739 -26.59966445
v 33.51332018 57.39283105 -26.23302627
v 33.44731066 57.59680669 -26.48529987
v 33.99729845 56.49500393 -26.07216797
v 34.22444079 56.85180022 -25.91346137
v 33.51332018 57.39283105 -26.23302627
v 31.74365160 52.51597325 -26.48391049
v 31.41943285 51.88707079 -26.68671495
v 32.70205614 52.97652551 -26.24305058
v 32.14498064 53.26788442 -26.45612436
v 31.72351000 52.93722260 -26.74387455
v 32.40595171 56.33498109 -26.74598081
v 33.11530993 56.82217135 -26.66355291
v 32.26056597 57.04059320 -27.16805429
v 33.00430987 52.01846818 -25.76639637
v 32.70205614 52.97652551 -26.24305058
v 32.41140673 52.04319883 -25.99082264
v 33.73726580 52.48204170 -25.38695614
v 33.36021349 52.87514237 -25.79119204
v 33.30129931 50.48745102 -24.92200525
v 33.19958422 50.89592881 -24.84092011
v 32.61370776 50.44600807 -25.37502343
v 31.89028857 56.19810965 -27.34259944
v 31.50044176 56.85361571 -27.79898993
v 31.18105242 56.06314559 -27.80550531
v 32.09516070 50.84639863 -25.76007904
v 31.64996264 51.04597975 -25.96671359
v 31.64594958 50.61586114 -26.23362026
v 33.65155718 51.68489594 -24.87343672
v 34.22425005 52.08348222 -24.82047353
v 33.89897082 52.39246885 -25.04964533
v 30.19534991 52.35433677 -27.26825800
v 29.90677569 53.12038127 -28.02164557
v 29.48335192 52.90563486 -27.59136295
v 31.31508562 53.89202220 -27.07276264
v 32.09848711 53.88843644 -26.72252766
v 31.59405443 54.11428942 -26.65915794
v 30.78360674 50.52633775 -26.72666224
v 29.66425249 50.76480966 -27.17623198
v 30.01106188 50.12444790 -26.99385883
v 33.78445360 50.47332147 -24.33286340
v 33.19958422 50.89592881 -24.84092011
v 33.30129931 50.48745102 -24.92200525
v 33.80064318 58.54546091 -26.19849582
v 33.28918383 58.94592766 -27.24508097
v 33.23572466 58.30838502 -26.74277679
v 33.78997729 57.86354566 -25.98887047
v 33.80064318 58.54546091 -26.19849582
v 33.44731066 57.59680669 -26.48529987
v 33.28918383 58.94592766 -27.24508097
v 32.30599139 58.89898384 -28.16358377
v 32.85911486 58.12435254 -26.95284451
v 32.89456866 57.32591739 -26.59966445
v 32.25077746 57.69122033 -27.22419148
v 32.26056597 57.04059320 -27.16805429
v 32.85911486 58.12435254 -26.95284451
v 31.75952074 57.51588149 -27.75826433
v 31.75952074 57.51588149 -27.75826433
v 31.50044176 56.85361571 -27.79898993
v 33.28918383 58.94592766 -27.24508097
v 32.99847338 59.27379709 -27.13747604
v 34.25154803 60.56097119 -27.89498358
v 33.81463549 61.00059212 -28.19158399
v 33.54902575 60.82945713 -28.39795908
v 34.25154803 60.56097119 -27.89498358
v 33.96259234 61.07154167 -28.20513381
v 33.81463549 61.00059212 -28.19158399
v 33.18132708 59.83274173 -27.53673761
v 32.68103716 59.93941204 -27.96860713
v 32.35292742 59.48488325 -27.86237537
v 33.18132708 59.83274173 -27.53673761
v 32.94219134 60.21853725 -28.00315308
v 33.18132708 59.83274173 -27.53673761
v 33.48790667 60.45886312 -28.31084660
v 32.94219134 60.21853725 -28.00315308
v 30.38391039 54.03825086 -27.84896201
v 30.05335161 53.94064040 -27.79642598
v 29.76483843 53.66637510 -27.87604630
v 30.92089770 54.91793532 -27.80442174
v 30.25778124 54.43155759 -27.86283231
v 30.38391039 54.03825086 -27.84896201
v 31.31508562 53.89202220 -27.07276264
v 30.17589495 53.56099791 -27.78055678
v 30.46893236 53.11687187 -27.27953437
v 31.48657152 54.62576776 -27.16809968
v 30.89178393 54.34274004 -27.61710476
v 31.31508562 53.89202220 -27.07276264
v 31.89028857 56.19810965 -27.34259944
v 31.18105242 56.06314559 -27.80550531
v 31.89499590 55.86977874 -26.82969045
v 30.19534991 52.35433677 -27.26825800
v 30.46893236 53.11687187 -27.27953437
v 29.90677569 53.12038127 -28.02164557
v 30.85601733 51.04853928 -26.77584140
v 30.89078448 51.73651992 -26.84954147
v 29.77412340 51.73670103 -27.34638290
v 30.89078448 51.73651992 -26.84954147
v 29.76333544 52.20864202 -27.40316093
v 31.31508562 53.89202220 -27.07276264
v 30.38391039 54.03825086 -27.84896201
v 30.17589495 53.56099791 -27.78055678
v 30.89078448 51.73651992 -26.84954147
v 30.95735857 52.50201522 -26.85445492
v 29.76333544 52.20864202 -27.40316093
v 31.74264452 51.27266806 -26.39280006
v 30.85601733 51.04853928 -26.77584140
v 30.78360674 50.52633775 -26.72666224
v 32.88992235 54.08450050 -26.34786338
v 32.09848711 53.88843644 -26.72252766
v 32.45872423 53.82753868 -26.33339801
v 31.41943285 51.88707079 -26.68671495
v 30.89078448 51.73651992 -26.84954147
v 30.85601733 51.04853928 -26.77584140
v 27.42874071 50.33575910 -27.89937644
v 26.83476946 50.79591839 -27.91877044
v 27.01586077 50.11330124 -27.72263385
v 29.77412340 51.73670103 -27.34638290
v 28.55067370 50.85570621 -27.49854340
v 29.66425249 50.76480966 -27.17623198
v 29.14451525 51.70709130 -27.67333296
v 28.72165606 52.29066740 -28.32541741
v 28.55067370 50.85570621 -27.49854340
v 31.41943285 51.88707079 -26.68671495
v 31.74365160 52.51597325 -26.48391049
v 30.95735857 52.50201522 -26.85445492
v 29.66425249 50.76480966 -27.17623198
v 30.89178393 54.34274004 -27.61710476
v 30.92089770 54.91793532 -27.80442174
v 30.38391039 54.03825086 -27.84896201
v 30.18336413 54.15285587 -27.48281212
v 30.32209704 54.72296238 -27.47893648
v 29.90677569 53.12038127 -28.02164557
v 29.76483843 53.66637510 -27.87604630
v 29.59554217 53.52540868 -27.91089735
v 28.55067370 50.85570621 -27.49854340
v 28.36964342 51.47976198 -28.08518290
v 27.42874071 50.33575910 -27.89937644
v 26.83476946 50.79591839 -27.91877044
v 27.42874071 50.33575910 -27.89937644
v 27.51000140 51.15560421 -28.39826268
v 32.26056597 57.04059320 -27.16805429
v 32.25077746 57.69122033 -27.22419148
v 33.44731066 57.59680669 -26.48529987
v 33.02658770 57.82474249 -26.42125877
v 32.89456866 57.32591739 -26.59966445
v 34.22425005 52.08348222 -24.82047353
v 34.63204977 52.82732918 -24.40612123
v 34.26686022 52.72390501 -25.05228516
v 31.74264452 51.27266806 -26.39280006
v 31.41943285 51.88707079 -26.68671495
v 30.85601733 51.04853928 -26.77584140
v 31.72351000 52.93722260 -26.74387455
v 31.06553576 53.06203567 -26.79985906
v 28.36964342 51.47976198 -28.08518290
v 28.03651354 51.83832824 -28.24343186
v 27.51000140 51.15560421 -28.39826268
v 29.77412340 51.73670103 -27.34638290
v 29.14451525 51.70709130 -27.67333296
v 28.55067370 50.85570621 -27.49854340
v 31.36289904 50.91708870 -26.33440461
v 31.64996264 51.04597975 -25.96671359
v 31.74264452 51.27266806 -26.39280006
v 31.31646654 55.48313235 -27.55234664
v 31.89499590 55.86977874 -26.82969045
v 31.18105242 56.06314559 -27.80550531
v 30.17589495 53.56099791 -27.78055678
v 30.33188555 53.84876722 -27.88514056
v 30.83242724 54.86972905 -27.41236241
v 33.48790667 60.45886312 -28.31084660
v 33.30770037 60.34543692 -28.28992678
v 32.94219134 60.21853725 -28.00315308
v 29.76333544 52.20864202 -27.40316093
v 29.23499987 52.90570730 -27.83094119
v 29.14451525 51.70709130 -27.67333296
v 30.33188555 53.84876722 -27.88514056
v 30.83242724 54.86972905 -27.41236241
v 30.77143786 54.40009012 -28.10276150
v 30.78568194 52.28313172 -26.72394646
v 30.95735857 52.50201522 -26.85445492
v 30.89078448 51.73651992 -26.84954147
v 28.72165606 52.29066740 -28.32541741
v 28.03651354 51.83832824 -28.24343186
v 28.36964342 51.47976198 -28.08518290
v 28.36964342 51.47976198 -28.08518290
v 32.99847338 59.27379709 -27.13747604
v 33.18132708 59.83274173 -27.53673761
v 32.23389361 59.29066937 -27.90662583
v 33.28918383 58.94592766 -27.24508097
v 32.99847338 59.27379709 -27.13747604
v 33.74228594 60.07124036 -27.86860105
v 33.48790667 60.45886312 -28.31084660
v 33.18132708 59.83274173 -27.53673761
v 34.63449881 60.84233188 -27.51413951
v 34.25261614 61.05740441 -28.16494215
v 34.25154803 60.56097119 -27.89498358
v 30.69745562 55.36529630 -27.90438214
v 30.71885607 54.96163651 -27.71338782
v 31.74264452 51.27266806 -26.39280006
v 32.41140673 52.04319883 -25.99082264
v 31.41943285 51.88707079 -26.68671495
v 31.36289904 50.91708870 -26.33440461
v 31.74264452 51.27266806 -26.39280006
v 30.78360674 50.52633775 -26.72666224
v 29.90677569 53.12038127 -28.02164557
v 29.59554217 53.52540868 -27.91089735
v 29.45040819 52.93371476 -28.14440250
v 31.31646654 55.48313235 -27.55234664
v 30.69745562 55.36529630 -27.90438214
v 30.92089770 54.91793532 -27.80442174
v 31.65454790 55.18040570 -26.96582926
v 30.92089770 54.91793532 -27.80442174
v 31.48657152 54.62576776 -27.16809968
v 29.76333544 52.20864202 -27.40316093
v 29.48335192 52.90563486 -27.59136295
v 29.23499987 52.90570730 -27.83094119
v 33.56426928 58.96558868 -26.78660014
v 34.16985247 59.93401835 -26.18151302
v 33.99008105 59.34035974 -27.13860520
v 33.25574419 56.21085091 -26.30158382
v 33.68763659 53.73906066 -25.87450517
v 32.88992235 54.08450050 -26.34786338
v 33.30104754 53.43059278 -26.02047070
v 30.46893236 53.11687187 -27.27953437
v 30.17589495 53.56099791 -27.78055678
v 29.90677569 53.12038127 -28.02164557
v 31.31646654 55.48313235 -27.55234664
v 31.18105242 56.06314559 -27.80550531
v 30.88093493 55.59408659 -27.84252305
v 31.31646654 55.48313235 -27.55234664
v 30.88093493 55.59408659 -27.84252305
v 30.69745562 55.36529630 -27.90438214
v 29.23499987 52.90570730 -27.83094119
v 29.48335192 52.90563486 -27.59136295
v 29.45040819 52.93371476 -28.14440250
v 30.05335161 53.94064040 -27.79642598
v 29.65452502 54.09024905 -27.57190818
v 30.38391039 54.03825086 -27.84896201
v 30.25778124 54.43155759 -27.86283231
v 30.05335161 53.94064040 -27.79642598
v 30.17589495 53.56099791 -27.78055678
v 30.38391039 54.03825086 -27.84896201
v 29.76483843 53.66637510 -27.87604630
v 30.92089770 54.91793532 -27.80442174
v 30.89178393 54.34274004 -27.61710476
v 31.31508562 53.89202220 -27.07276264
v 31.59405443 54.11428942 -26.65915794
v 31.48657152 54.62576776 -27.16809968
v 31.65454790 55.18040570 -26.96582926
v 31.89499590 55.86977874 -26.82969045
v 31.06553576 53.06203567 -26.79985906
v 30.97016070 53.13953499 -27.24265388
v 30.46893236 53.11687187 -27.27953437
v 30.97016070 53.13953499 -27.24265388
v 31.06553576 53.06203567 -26.79985906
v 30.46893236 53.11687187 -27.27953437
v 30.97016070 53.13953499 -27.24265388
v 31.31508562 53.89202220 -27.07276264
v 32.14498064 53.26788442 -26.45612436
v 32.09848711 53.88843644 -26.72252766
v 31.31508562 53.89202220 -27.07276264
v 29.77412340 51.73670103 -27.34638290
v 29.66425249 50.76480966 -27.17623198
v 29.77412340 51.73670103 -27.34638290
v 29.76333544 52.20864202 -27.40316093
v 29.14451525 51.70709130 -27.67333296
v 30.95735857 52.50201522 -26.85445492
v 30.19534991 52.35433677 -27.26825800
v 29.76333544 52.20864202 -27.40316093
v 30.78568194 52.28313172 -26.72394646
v 30.89078448 51.73651992 -26.84954147
v 30.78568194 52.28313172 -26.72394646
v 31.41943285 51.88707079 -26.68671495
v 30.95735857 52.50201522 -26.85445492
v 34.25154803 60.56097119 -27.89498358
v 33.54902575 60.82945713 -28.39795908
v 33.74228594 60.07124036 -27.86860105
v 33.99008105 59.34035974 -27.13860520
v 34.77719137 59.81542306 -27.16033380
v 33.75502703 59.71624091 -27.30867973
v 32.70205614 52.97652551 -26.24305058
v 33.30104754 53.43059278 -26.02047070
v 32.14498064 53.26788442 -26.45612436
v 33.02658770 57.82474249 -26.42125877
v 32.25077746 57.69122033 -27.22419148
v 32.99847338 59.27379709 -27.13747604
v 32.23389361 59.29066937 -27.90662583
v 32.30599139 58.89898384 -28.16358377
v 33.30104754 53.43059278 -26.02047070
v 32.88992235 54.08450050 -26.34786338
v 32.25309679 51.40479777 -26.18879007
v 32.41140673 52.04319883 -25.99082264
v 31.74264452 51.27266806 -26.39280006
v 32.28886339 54.60760226 -26.65212372
v 32.15546343 55.28527178 -26.66256084
v 31.65454790 55.18040570 -26.96582926
v 31.59405443 54.11428942 -26.65915794
v 32.09848711 53.88843644 -26.72252766
v 32.61370776 50.44600807 -25.37502343
v 32.85233996 51.39050428 -25.04308389
v 32.09516070 50.84639863 -25.76007904
v 33.19958422 50.89592881 -24.84092011
v 32.85233996 51.39050428 -25.04308389
v 32.61370776 50.44600807 -25.37502343
v 32.01578448 49.95273335 -25.58174943
v 32.09516070 50.84639863 -25.76007904
v 31.56814501 50.24722410 -25.99248556
v 32.09516070 50.84639863 -25.76007904
v 32.25309679 51.40479777 -26.18879007
v 31.64996264 51.04597975 -25.96671359
v 34.87983725 52.26625597 -23.88361443
v 34.38902972 52.28300238 -24.56038750
v 33.75000689 51.36528161 -24.37714455
v 34.60356161 50.30772940 -23.61492209
v 34.05094073 50.87134696 -24.50965180
v 33.78445360 50.47332147 -24.33286340
v 34.05094073 50.87134696 -24.50965180
v 33.75000689 51.36528161 -24.37714455
v 33.55071947 51.14653530 -25.15110082
v 34.05094073 50.87134696 -24.50965180
v 34.59666464 51.69552772 -23.53717879
v 33.75000689 51.36528161 -24.37714455
v 33.19958422 50.89592881 -24.84092011
v 33.78445360 50.47332147 -24.33286340
v 34.05094073 50.87134696 -24.50965180
v 32.09848711 53.88843644 -26.72252766
v 32.47597430 54.39841194 -26.31722378
v 32.28886339 54.60760226 -26.65212372
v 32.85233996 51.39050428 -25.04308389
v 33.29558489 51.75607431 -25.30878524
v 32.51726458 51.73962910 -25.60880355
v 33.65155718 51.68489594 -24.87343672
v 33.89897082 52.39246885 -25.04964533
v 33.29558489 51.75607431 -25.30878524
v 33.29558489 51.75607431 -25.30878524
v 33.73726580 52.48204170 -25.38695614
v 34.41129992 53.33040748 -25.40284068
v 34.77969382 53.94975792 -25.35085408
v 33.36021349 52.87514237 -25.79119204
v 33.68763659 53.73906066 -25.87450517
v 33.30104754 53.43059278 -26.02047070
v 34.26686022 52.72390501 -25.05228516
v 33.68763659 53.73906066 -25.87450517
v 33.36021349 52.87514237 -25.79119204
v 33.73726580 52.48204170 -25.38695614
v 33.36021349 52.87514237 -25.79119204
v 32.70205614 52.97652551 -26.24305058
v 34.35803149 54.42944079 -25.66483426
v 33.83346484 54.68722653 -26.02265291
v 33.78087542 54.18179827 -25.68618127
v 33.83346484 54.68722653 -26.02265291
v 33.68763659 53.73906066 -25.87450517
v 32.14498064 53.26788442 -26.45612436
v 32.45872423 53.82753868 -26.33339801
v 32.09848711 53.88843644 -26.72252766
v 32.88992235 54.08450050 -26.34786338
v 32.45872423 53.82753868 -26.33339801
v 32.14498064 53.26788442 -26.45612436
v 33.78087542 54.18179827 -25.68618127
v 34.35803149 54.42944079 -25.66483426
v 33.83346484 54.68722653 -26.02265291
v 33.91088793 55.92096830 -25.97557975
v 34.33148882 55.27435048 -25.58985271
v 34.84589407 56.42672091 -25.72072753
v 33.53754351 56.45077245 -26.45398864
v 33.99729845 56.49500393 -26.07216797
v 33.11530993 56.82217135 -26.66355291
v 33.25574419 56.21085091 -26.30158382
v 33.91088793 55.92096830 -25.97557975
v 33.53754351 56.45077245 -26.45398864
v 32.40595171 56.33498109 -26.74598081
v 32.94106219 56.16879382 -26.62763362
v 33.11530993 56.82217135 -26.66355291
v 32.63259814 55.26625172 -26.53875103
v 33.30939410 55.38118480 -26.14693586
v 32.94106219 56.16879382 -26.62763362
v 31.89499590 55.86977874 -26.82969045
v 32.40595171 56.33498109 -26.74598081
v 32.61370776 50.44600807 -25.37502343
v 32.09516070 50.84639863 -25.76007904
v 32.01578448 49.95273335 -25.58174943
v 32.63259814 55.26625172 -26.53875103
v 33.62087176 54.90320703 -26.21199926
v 33.30939410 55.38118480 -26.14693586
v 32.47597430 54.39841194 -26.31722378
v 32.88992235 54.08450050 -26.34786338
v 32.28886339 54.60760226 -26.65212372
v 33.99729845 56.49500393 -26.07216797
v 33.51332018 57.39283105 -26.23302627
v 32.89456866 57.32591739 -26.59966445
v 33.29558489 51.75607431 -25.30878524
v 33.00430987 52.01846818 -25.76639637
v 32.51726458 51.73962910 -25.60880355
v 29.76333544 52.20864202 -27.40316093
v 30.19534991 52.35433677 -27.26825800
v 29.48335192 52.90563486 -27.59136295
v 31.64594958 50.61586114 -26.23362026
v 31.36289904 50.91708870 -26.33440461
v 30.78360674 50.52633775 -26.72666224
v 31.64996264 51.04597975 -25.96671359
v 31.36289904 50.91708870 -26.33440461
v 32.09516070 50.84639863 -25.76007904
v 32.51726458 51.73962910 -25.60880355
v 32.25309679 51.40479777 -26.18879007
v 34.87983725 52.26625597 -23.88361443
v 33.75000689 51.36528161 -24.37714455
v 34.59666464 51.69552772 -23.53717879
v 33.78997729 57.86354566 -25.98887047
v 34.33977434 57.48164100 -26.36704423
v 35.08709738 58.89857218 -26.17319681
v 34.71054861 51.12434160 -23.85221165
v 34.59666464 51.69552772 -23.53717879
v 34.05094073 50.87134696 -24.50965180
v 34.25154803 60.56097119 -27.89498358
v 34.25261614 61.05740441 -28.16494215
v 33.96259234 61.07154167 -28.20513381
v 33.74228594 60.07124036 -27.86860105
v 33.54902575 60.82945713 -28.39795908
v 33.48790667 60.45886312 -28.31084660
v 33.68763659 53.73906066 -25.87450517
v 33.62087176 54.90320703 -26.21199926
v 32.88992235 54.08450050 -26.34786338
v 33.28918383 58.94592766 -27.24508097
v 33.74228594 60.07124036 -27.86860105
v 33.18132708 59.83274173 -27.53673761
v 33.25574419 56.21085091 -26.30158382
v 33.11530993 56.82217135 -26.66355291
v 32.94106219 56.16879382 -26.62763362
v 33.25574419 56.21085091 -26.30158382
v 33.53754351 56.45077245 -26.45398864
v 33.11530993 56.82217135 -26.66355291
v 33.11530993 56.82217135 -26.66355291
v 32.89456866 57.32591739 -26.59966445
v 30.19534991 52.35433677 -27.26825800
v 31.06553576 53.06203567 -26.79985906
v 30.46893236 53.11687187 -27.27953437
v 33.55071947 51.14653530 -25.15110082
v 33.75000689 51.36528161 -24.37714455
v 31.74365160 52.51597325 -26.48391049
v 30.95735857 52.50201522 -26.85445492
v 28.36964342 51.47976198 -28.08518290
v 27.51000140 51.15560421 -28.39826268
v 27.42874071 50.33575910 -27.89937644
v 26.83476946 50.79591839 -27.91877044
v 26.58798144 50.80231564 -27.90442718
v 26.57147906 50.61548702 -27.94942532
v 33.80064318 58.54546091 -26.19849582
v 35.08709738 58.89857218 -26.17319681
v 34.02828905 59.40944027 -26.05306444
v 32.51726458 51.73962910 -25.60880355
v 32.41140673 52.04319883 -25.99082264
v 33.99729845 56.49500393 -26.07216797
v 32.89456866 57.32591739 -26.59966445
v 33.11530993 56.82217135 -26.66355291
v 33.78997729 57.86354566 -25.98887047
v 35.08709738 58.89857218 -26.17319681
v 33.80064318 58.54546091 -26.19849582
v 34.22425005 52.08348222 -24.82047353
v 34.38902972 52.28300238 -24.56038750
v 33.80064318 58.54546091 -26.19849582
v 33.56426928 58.96558868 -26.78660014
v 33.28918383 58.94592766 -27.24508097
v 33.44731066 57.59680669 -26.48529987
v 33.23572466 58.30838502 -26.74277679
v 33.02658770 57.82474249 -26.42125877
v 33.51332018 57.39283105 -26.23302627
v 33.44731066 57.59680669 -26.48529987
v 33.68763659 53.73906066 -25.87450517
v 34.35803149 54.42944079 -25.66483426
v 33.78087542 54.18179827 -25.68618127
v 33.23572466 58.30838502 -26.74277679
v 33.28918383 58.94592766 -27.24508097
v 30.33188555 53.84876722 -27.88514056
v 30.95735857 52.50201522 -26.85445492
v 31.72351000 52.93722260 -26.74387455
v 31.06553576 53.06203567 -26.79985906
v 31.06553576 53.06203567 -26.79985906
v 30.19534991 52.35433677 -27.26825800
v 32.85911486 58.12435254 -26.95284451
v 33.02658770 57.82474249 -26.42125877
v 33.23572466 58.30838502 -26.74277679
v 32.25077746 57.69122033 -27.22419148
v 33.02658770 57.82474249 -26.42125877
v 30.33188555 53.84876722 -27.88514056
v 30.77143786 54.40009012 -28.10276150
v 30.38195727 54.46219721 -28.06733061
v 31.75952074 57.51588149 -27.75826433
v 31.81116411 58.05622952 -27.90850246
v 34.02828905 59.40944027 -26.05306444
v 34.16985247 59.93401835 -26.18151302
v 33.56426928 58.96558868 -26.78660014
v 34.41129992 53.33040748 -25.40284068
v 33.68763659 53.73906066 -25.87450517
v 30.25778124 54.43155759 -27.86283231
v 30.92089770 54.91793532 -27.80442174
v 33.99008105 59.34035974 -27.13860520
v 33.75502703 59.71624091 -27.30867973
v 33.28918383 58.94592766 -27.24508097
v 30.83242724 54.86972905 -27.41236241
v 33.91088793 55.92096830 -25.97557975
v 33.99729845 56.49500393 -26.07216797
v 33.62087176 54.90320703 -26.21199926
v 34.33148882 55.27435048 -25.58985271
v 33.91088793 55.92096830 -25.97557975
v 29.90677569 53.12038127 -28.02164557
v 29.45040819 52.93371476 -28.14440250
v 29.48335192 52.90563486 -27.59136295
v 29.59554217 53.52540868 -27.91089735
v 29.34386370 53.45081226 -27.99846753
v 29.45040819 52.93371476 -28.14440250
v 33.56426928 58.96558868 -26.78660014
v 33.99008105 59.34035974 -27.13860520
v 33.28918383 58.94592766 -27.24508097
v 29.65452502 54.09024905 -27.57190818
v 30.18336413 54.15285587 -27.48281212
v 30.00365374 53.93131353 -27.36460225
v 29.65452502 54.09024905 -27.57190818
v 30.05335161 53.94064040 -27.79642598
v 30.18336413 54.15285587 -27.48281212
v 32.14498064 53.26788442 -26.45612436
v 31.31508562 53.89202220 -27.07276264
v 31.06553576 53.06203567 -26.79985906
v 27.01586077 50.11330124 -27.72263385
v 26.83476946 50.79591839 -27.91877044
v 26.57147906 50.61548702 -27.94942532
v 32.15546343 55.28527178 -26.66256084
v 32.63259814 55.26625172 -26.53875103
v 31.89499590 55.86977874 -26.82969045
v 27.45409319 47.49755679 -26.83177954
v 26.75093767 47.30226335 -26.95182041
v 27.24896929 46.71299950 -26.54209131
v 28.52789233 45.63841474 -25.28029609
v 28.53127978 45.36054084 -24.74977846
v 28.95188067 45.43791053 -24.73955509
v 28.52789233 45.63841474 -25.28029609
v 28.88185046 46.07259982 -24.95088942
v 28.72128222 46.24515375 -25.51886735
v 27.46049425 49.55374241 -27.48018686
v 27.01586077 50.11330124 -27.72263385
v 27.00312731 49.68972106 -27.78626293
v 28.02195666 46.17816378 -25.91622147
v 27.07528612 45.86315749 -26.18024424
v 27.55417559 45.47615746 -25.80963871
v 26.33718035 45.88116758 -26.47138194
v 25.91721270 46.01193920 -26.53850538
v 25.82892535 45.61475293 -26.51911139
v 35.03821585 50.04767019 -22.70571184
v 33.85711596 49.39189697 -23.03839912
v 34.58467886 49.01741301 -22.39781983
v 26.13237688 46.99596695 -27.22347258
v 26.06329272 46.66960446 -26.53801720
v 26.38574908 44.70147252 -26.03195914
v 27.49556658 44.78434313 -25.24515496
v 26.93548510 45.04478765 -25.96724667
v 32.28948901 49.38906614 -25.06557502
v 31.58552477 48.90405119 -25.27637511
v 31.90585253 48.33331538 -24.48737355
v 26.64226458 42.50634712 -24.91435930
v 27.21408007 43.04681729 -24.65419703
v 26.57713244 42.93792667 -25.15309838
v 26.60611651 44.08004317 -25.43738507
v 27.49556658 44.78434313 -25.24515496
v 26.38574908 44.70147252 -26.03195914
v 33.72854540 48.98809696 -23.04956848
v 33.46161578 49.24328485 -23.65349614
v 33.11594317 48.39863850 -23.04181692
v 33.73751757 47.93611045 -21.91318526
v 33.95104906 47.32205870 -21.47046665
v 34.27043841 48.27620598 -21.85347767
v 33.84092638 48.50964631 -22.26564812
v 33.72854540 48.98809696 -23.04956848
v 33.73751757 47.93611045 -21.91318526
v 34.60356161 50.30772940 -23.61492209
v 34.10729143 50.21345292 -23.93656209
v 34.99328635 49.45170388 -22.51993599
v 35.03821585 50.04767019 -22.70571184
v 34.58467886 49.01741301 -22.39781983
v 35.48228476 49.08987332 -21.60886415
v 35.13798544 48.46513282 -20.99901603
v 35.69047568 48.35679922 -21.07759878
v 26.00869677 43.65425428 -25.52925817
v 26.60611651 44.08004317 -25.43738507
v 25.95517657 44.08433844 -25.92017315
v 27.49556658 44.78434313 -25.24515496
v 28.32051012 45.01593631 -24.97479977
v 28.11833880 45.59318385 -25.44173407
v 27.21408007 43.04681729 -24.65419703
v 28.31072161 43.78277827 -24.53034156
v 27.92815325 43.99811884 -24.80327556
v 32.81375048 49.74265046 -24.88086743
v 32.28948901 49.38906614 -25.06557502
v 31.90585253 48.33331538 -24.48737355
v 31.54787371 46.60209542 -22.76584617
v 31.48443529 45.59756361 -22.45815253
v 31.82032702 46.85835537 -22.59137722
v 31.90585253 48.33331538 -24.48737355
v 31.80727312 47.93107474 -23.79578413
v 32.30762408 47.67628358 -23.20893106
v 37.69143793 49.17083564 -20.75977359
v 38.31050989 49.50297751 -20.79161874
v 37.48236201 49.76622210 -21.02567335
v 30.88783190 47.81184238 -24.93163311
v 31.90585253 48.33331538 -24.48737355
v 31.58552477 48.90405119 -25.27637511
v 30.14797900 48.03178241 -25.88379684
v 30.88783190 47.81184238 -24.93163311
v 31.06082842 48.66770013 -25.52442195
v 34.72467062 48.03412159 -21.16747299
v 35.13798544 48.46513282 -20.99901603
v 33.22154162 46.37828736 -21.36264789
v 33.17837450 46.04198373 -20.88483412
v 33.57675860 46.31308278 -21.13074481
v 34.99328635 49.45170388 -22.51993599
v 35.26743338 50.28771007 -22.36862997
v 35.26743338 50.28771007 -22.36862997
v 34.99328635 49.45170388 -22.51993599
v 35.09713766 49.26696680 -21.77855718
v 30.38666460 48.73730300 -26.11685970
v 29.81867907 48.99819008 -26.52544434
v 30.14797900 48.03178241 -25.88379684
v 28.99047015 48.60817159 -26.67739130
v 28.31856463 48.09219945 -26.71024339
v 28.86215136 47.79485149 -26.33867657
v 26.41266558 49.62687005 -28.14505809
v 26.41844103 50.27612766 -28.41120199
v 25.97098467 49.94432912 -28.33658646
v 27.45409319 47.49755679 -26.83177954
v 27.84927294 48.70147138 -27.16622188
v 27.07892535 47.79331022 -27.15785992
v 31.49955675 49.95499161 -25.86226701
v 30.92598650 50.00476187 -26.39345598
v 30.74941180 49.49776192 -26.28139535
v 27.92815325 43.99811884 -24.80327556
v 28.31072161 43.78277827 -24.53034156
v 28.06217882 44.31173944 -24.60788681
v 31.58552477 48.90405119 -25.27637511
v 31.49955675 49.95499161 -25.86226701
v 30.90320513 49.10151506 -25.99732241
v 28.86215136 47.79485149 -26.33867657
v 28.31856463 48.09219945 -26.71024339
v 28.67240069 46.84256959 -25.99042507
v 31.58552477 48.90405119 -25.27637511
v 30.90320513 49.10151506 -25.99732241
v 31.06082842 48.66770013 -25.52442195
v 27.07892535 47.79331022 -27.15785992
v 26.83119128 48.63669398 -27.35007502
v 26.55767748 47.93267253 -27.29424299
v 30.00717089 49.45889389 -26.75821724
v 30.01106188 50.12444790 -26.99385883
v 29.41326067 49.36698258 -26.74196662
v 26.41266558 49.62687005 -28.14505809
v 25.97098467 49.94432912 -28.33658646
v 25.62650225 49.52764210 -28.43581430
v 30.68001482 44.74453620 -22.85222587
v 30.69482348 44.57390485 -22.50281483
v 30.82263872 44.68460736 -22.52228507
v 35.26743338 50.28771007 -22.36862997
v 35.09713766 49.26696680 -21.77855718
v 35.94416830 50.23449128 -22.07512716
v 34.68582175 46.95120917 -21.03836820
v 34.89352438 47.21197044 -20.97570040
v 34.57833884 47.61056428 -21.33420571
v 34.89352438 47.21197044 -20.97570040
v 35.21987173 47.42642129 -20.87694555
v 35.52426169 47.66294394 -21.00452432
v 34.72467062 48.03412159 -21.16747299
v 34.57833884 47.61056428 -21.33420571
v 35.13798544 48.46513282 -20.99901603
v 31.80727312 47.93107474 -23.79578413
v 31.64356921 47.10945003 -23.51251984
v 32.30762408 47.67628358 -23.20893106
v 32.46807024 47.24968991 -22.54343417
v 32.52699206 46.66692633 -21.94152062
v 31.48519060 45.06346790 -22.11563840
v 31.60679552 45.04429147 -21.79529538
v 32.00367663 45.30121132 -21.86568422
v 30.01106188 50.12444790 -26.99385883
v 29.13046191 49.78850658 -27.03339430
v 29.41326067 49.36698258 -26.74196662
v 32.00367663 45.30121132 -21.86568422
v 31.25503466 44.99297605 -22.45993771
v 31.48519060 45.06346790 -22.11563840
v 26.67213366 43.50182284 -25.20162142
v 27.49054644 43.65539115 -24.97757665
v 27.23322222 43.93698064 -25.05368753
v 32.32920763 48.83819066 -23.91213255
v 32.30762408 47.67628358 -23.20893106
v 32.41937945 48.51880906 -23.20681023
v 26.93548510 45.04478765 -25.96724667
v 27.49556658 44.78434313 -25.24515496
v 27.55417559 45.47615746 -25.80963871
v 29.20838854 44.17153032 -24.08701277
v 29.44312975 44.39182913 -23.82366136
v 29.14350817 44.47440580 -24.33801990
v 30.88783190 47.81184238 -24.93163311
v 30.10260699 46.80977864 -24.88275905
v 30.99293444 47.37377789 -24.43033604
v 30.54202959 44.97794603 -23.15611995
v 30.28099749 44.73663974 -23.07273063
v 30.53048632 44.72531008 -23.12636527
v 29.09551165 44.18047956 -24.34174299
v 29.14350817 44.47440580 -24.33801990
v 28.72385332 44.69091654 -24.57863578
v 30.30020067 50.08069721 -26.57138873
v 30.78360674 50.52633775 -26.72666224
v 30.01106188 50.12444790 -26.99385883
v 33.50403521 49.85369258 -24.28380630
v 32.80163500 48.90904482 -24.07834655
v 33.11594317 48.39863850 -23.04181692
v 32.36654589 45.55592247 -21.84505437
v 32.83759234 45.68210893 -21.31159187
v 33.22154162 46.37828736 -21.36264789
v 37.34701655 48.65814419 -20.46598078
v 36.98616049 49.16566762 -21.09938846
v 36.76064322 48.59196674 -20.94211603
v 31.90585253 48.33331538 -24.48737355
v 32.32920763 48.83819066 -23.91213255
v 32.80163500 48.90904482 -24.07834655
v 33.85711596 49.39189697 -23.03839912
v 33.46161578 49.24328485 -23.65349614
v 33.72854540 48.98809696 -23.04956848
v 34.27043841 48.27620598 -21.85347767
v 34.57833884 47.61056428 -21.33420571
v 33.95104906 47.32205870 -21.47046665
v 34.57833884 47.61056428 -21.33420571
v 34.27043841 48.27620598 -21.85347767
v 33.06938097 50.00183632 -24.46056413
v 32.81375048 49.74265046 -24.88086743
v 33.50403521 49.85369258 -24.28380630
v 30.66068957 44.66917308 -22.64858206
v 30.69482348 44.57390485 -22.50281483
v 30.68001482 44.74453620 -22.85222587
v 33.02809069 47.34626669 -21.95764927
v 33.22154162 46.37828736 -21.36264789
v 33.95104906 47.32205870 -21.47046665
v 30.14797900 48.03178241 -25.88379684
v 31.06082842 48.66770013 -25.52442195
v 30.38666460 48.73730300 -26.11685970
v 31.06082842 48.66770013 -25.52442195
v 30.90320513 49.10151506 -25.99732241
v 30.38666460 48.73730300 -26.11685970
v 32.00367663 45.30121132 -21.86568422
v 31.94155810 45.20930007 -21.45552795
v 32.09365771 45.33625319 -21.48764772
v 30.74941180 49.49776192 -26.28139535
v 30.08209154 49.18567106 -26.22466312
v 30.08209154 49.18567106 -26.22466312
v 30.74941180 49.49776192 -26.28139535
v 30.00717089 49.45889389 -26.75821724
v 34.10729143 50.21345292 -23.93656209
v 33.50403521 49.85369258 -24.28380630
v 33.46161578 49.24328485 -23.65349614
v 33.11594317 48.39863850 -23.04181692
v 33.73751757 47.93611045 -21.91318526
v 33.72854540 48.98809696 -23.04956848
v 30.74941180 49.49776192 -26.28139535
v 30.30020067 50.08069721 -26.57138873
v 30.00717089 49.45889389 -26.75821724
v 32.01578448 49.95273335 -25.58174943
v 31.56814501 50.24722410 -25.99248556
v 31.49955675 49.95499161 -25.86226701
v 31.56814501 50.24722410 -25.99248556
v 31.64594958 50.61586114 -26.23362026
v 31.49955675 49.95499161 -25.86226701
v 26.55767748 47.93267253 -27.29424299
v 25.58515093 47.04659943 -27.22757720
v 26.13237688 46.99596695 -27.22347258
v 28.31856463 48.09219945 -26.71024339
v 27.84927294 48.70147138 -27.16622188
v 27.45409319 47.49755679 -26.83177954
v 29.41326067 49.36698258 -26.74196662
v 29.13046191 49.78850658 -27.03339430
v 28.48528979 48.93581969 -27.08892089
v 27.72785876 46.76346417 -26.29320521
v 27.45409319 47.49755679 -26.83177954
v 27.24896929 46.71299950 -26.54209131
v 27.72785876 46.76346417 -26.29320521
v 28.31856463 48.09219945 -26.71024339
v 27.45409319 47.49755679 -26.83177954
v 29.81867907 48.99819008 -26.52544434
v 29.53982470 48.24000762 -26.13483448
v 30.38666460 48.73730300 -26.11685970
v 30.08209154 49.18567106 -26.22466312
v 29.81867907 48.99819008 -26.52544434
v 26.41869280 46.51259538 -26.21544638
v 26.75093767 47.30226335 -26.95182041
v 33.02809069 47.34626669 -21.95764927
v 33.95104906 47.32205870 -21.47046665
v 33.73751757 47.93611045 -21.91318526
v 33.22154162 46.37828736 -21.36264789
v 32.83759234 45.68210893 -21.31159187
v 32.96942828 45.93220048 -21.30777721
v 38.31050989 49.50297751 -20.79161874
v 38.50596735 49.47919669 -20.73397103
v 38.27154658 49.80568896 -20.97637221
v 37.51028559 48.74170895 -20.43596676
v 37.48336909 48.97633948 -20.78920776
v 37.34701655 48.65814419 -20.46598078
v 26.65161059 49.25136376 -27.46419560
v 27.00312731 49.68972106 -27.78626293
v 26.41266558 49.62687005 -28.14505809
v 26.37338946 45.22969746 -26.07433289
v 26.33718035 45.88116758 -26.47138194
v 25.82892535 45.61475293 -26.51911139
v 26.65161059 49.25136376 -27.46419560
v 26.41266558 49.62687005 -28.14505809
v 26.28673479 49.01561543 -27.68372376
v 32.62895891 45.63862516 -21.50919318
v 32.25573656 45.27066708 -21.58489197
v 32.57612536 45.42003539 -21.43955203
v 26.83119128 48.63669398 -27.35007502
v 26.65161059 49.25136376 -27.46419560
v 26.28673479 49.01561543 -27.68372376
v 26.75093767 47.30226335 -26.95182041
v 26.13237688 46.99596695 -27.22347258
v 27.07528612 45.86315749 -26.18024424
v 26.33718035 45.88116758 -26.47138194
v 26.37338946 45.22969746 -26.07433289
v 26.41869280 46.51259538 -26.21544638
v 26.06329272 46.66960446 -26.53801720
v 25.91721270 46.01193920 -26.53850538
v 27.55417559 45.47615746 -25.80963871
v 27.07528612 45.86315749 -26.18024424
v 26.93548510 45.04478765 -25.96724667
v 36.83525107 48.34313412 -20.45192739
v 37.34701655 48.65814419 -20.46598078
v 36.76064322 48.59196674 -20.94211603
v 28.52789233 45.63841474 -25.28029609
v 28.95188067 45.43791053 -24.73955509
v 28.88185046 46.07259982 -24.95088942
v 29.79533312 44.51541009 -23.67031055
v 30.54202959 44.97794603 -23.15611995
v 30.13021776 45.87556707 -23.88462047
v 29.61367724 47.17489462 -25.69947053
v 30.88783190 47.81184238 -24.93163311
v 27.49054644 43.65539115 -24.97757665
v 27.92815325 43.99811884 -24.80327556
v 27.23322222 43.93698064 -25.05368753
v 26.67213366 43.50182284 -25.20162142
v 27.23322222 43.93698064 -25.05368753
v 26.60611651 44.08004317 -25.43738507
v 37.06277487 49.25406945 -20.88669621
v 37.48236201 49.76622210 -21.02567335
v 36.98616049 49.16566762 -21.09938846
v 36.79427359 49.67620281 -21.43495983
v 36.76371786 50.22312734 -21.81224874
v 36.06696341 49.38182261 -21.49808539
v 27.72785876 46.76346417 -26.29320521
v 27.07528612 45.86315749 -26.18024424
v 26.55767748 47.93267253 -27.29424299
v 26.23954699 48.43997003 -27.39945243
v 25.85433886 47.84913446 -27.37079633
v 31.25503466 44.99297605 -22.45993771
v 30.82263872 44.68460736 -22.52228507
v 31.02462694 44.67867175 -22.18102225
v 27.07892535 47.79331022 -27.15785992
v 26.55767748 47.93267253 -27.29424299
v 26.75093767 47.30226335 -26.95182041
v 31.25503466 44.99297605 -22.45993771
v 30.68001482 44.74453620 -22.85222587
v 30.82263872 44.68460736 -22.52228507
v 30.68001482 44.74453620 -22.85222587
v 30.53048632 44.72531008 -23.12636527
v 30.53399584 44.62766150 -22.88956411
v 31.48443529 45.59756361 -22.45815253
v 30.54202959 44.97794603 -23.15611995
v 30.68001482 44.74453620 -22.85222587
v 27.92815325 43.99811884 -24.80327556
v 28.06217882 44.31173944 -24.60788681
v 28.29077074 44.89488839 -24.65183222
v 28.32051012 45.01593631 -24.97479977
v 28.63507006 44.15624478 -24.40920210
v 28.72385332 44.69091654 -24.57863578
v 28.29077074 44.89488839 -24.65183222
v 36.30616019 49.66773042 -21.10990185
v 36.79427359 49.67620281 -21.43495983
v 36.06696341 49.38182261 -21.49808539
v 36.06696341 49.38182261 -21.49808539
v 36.03697226 49.78941151 -21.86800428
v 35.48228476 49.08987332 -21.60886415
v 28.72385332 44.69091654 -24.57863578
v 28.95188067 45.43791053 -24.73955509
v 28.29077074 44.89488839 -24.65183222
v 36.35849020 48.65816028 -21.18129756
v 36.06696341 49.38182261 -21.49808539
v 35.69047568 48.35679922 -21.07759878
v 28.95188067 45.43791053 -24.73955509
v 29.57038042 45.26106125 -24.16959351
v 29.23562548 45.87597894 -24.58603648
v 36.06696341 49.38182261 -21.49808539
v 35.69047568 48.35679922 -21.07759878
v 35.80298636 47.94724573 -20.84116377
v 35.69047568 48.35679922 -21.07759878
v 35.52426169 47.66294394 -21.00452432
v 28.88185046 46.07259982 -24.95088942
v 29.81729815 46.18606805 -24.57993302
v 30.10260699 46.80977864 -24.88275905
v 28.32051012 45.01593631 -24.97479977
v 28.52789233 45.63841474 -25.28029609
v 28.11833880 45.59318385 -25.44173407
v 29.81729815 46.18606805 -24.57993302
v 30.13021776 45.87556707 -23.88462047
v 30.33703539 46.52031572 -24.09746542
v 28.63507006 44.15624478 -24.40920210
v 28.29077074 44.89488839 -24.65183222
v 28.06217882 44.31173944 -24.60788681
v 30.13021776 45.87556707 -23.88462047
v 30.54202959 44.97794603 -23.15611995
v 31.48443529 45.59756361 -22.45815253
v 31.02876208 46.44173308 -23.33321370
v 30.13021776 45.87556707 -23.88462047
v 31.48443529 45.59756361 -22.45815253
v 30.88783190 47.81184238 -24.93163311
v 30.99293444 47.37377789 -24.43033604
v 31.90585253 48.33331538 -24.48737355
v 31.64356921 47.10945003 -23.51251984
v 29.61367724 47.17489462 -25.69947053
v 30.10260699 46.80977864 -24.88275905
v 30.88783190 47.81184238 -24.93163311
v 28.72128222 46.24515375 -25.51886735
v 28.11833880 45.59318385 -25.44173407
v 28.52789233 45.63841474 -25.28029609
v 28.32051012 45.01593631 -24.97479977
v 28.29077074 44.89488839 -24.65183222
v 28.53127978 45.36054084 -24.74977846
v 28.32051012 45.01593631 -24.97479977
v 28.53127978 45.36054084 -24.74977846
v 28.52789233 45.63841474 -25.28029609
v 29.61367724 47.17489462 -25.69947053
v 29.36256335 46.81981125 -25.12239833
v 30.10260699 46.80977864 -24.88275905
v 29.23562548 45.87597894 -24.58603648
v 29.57038042 45.26106125 -24.16959351
v 29.68238756 45.93792588 -24.15705090
v 29.09551165 44.18047956 -24.34174299
v 29.20838854 44.17153032 -24.08701277
v 29.14350817 44.47440580 -24.33801990
v 25.84812853 41.95928898 -25.15340340
v 26.64226458 42.50634712 -24.91435930
v 26.57713244 42.93792667 -25.15309838
v 32.00367663 45.30121132 -21.86568422
v 31.48443529 45.59756361 -22.45815253
v 31.64356921 47.10945003 -23.51251984
v 31.02876208 46.44173308 -23.33321370
v 27.49054644 43.65539115 -24.97757665
v 34.10729143 50.21345292 -23.93656209
v 33.85711596 49.39189697 -23.03839912
v 26.57713244 42.93792667 -25.15309838
v 26.67213366 43.50182284 -25.20162142
v 26.00869677 43.65425428 -25.52925817
v 26.67213366 43.50182284 -25.20162142
v 26.60611651 44.08004317 -25.43738507
v 29.14350817 44.47440580 -24.33801990
v 29.44312975 44.39182913 -23.82366136
v 29.85814593 45.25533926 -23.85619324
v 29.09551165 44.18047956 -24.34174299
v 28.72385332 44.69091654 -24.57863578
v 32.81375048 49.74265046 -24.88086743
v 33.30129931 50.48745102 -24.92200525
v 32.61370776 50.44600807 -25.37502343
v 32.81375048 49.74265046 -24.88086743
v 32.28948901 49.38906614 -25.06557502
v 32.28948901 49.38906614 -25.06557502
v 32.61370776 50.44600807 -25.37502343
v 32.01578448 49.95273335 -25.58174943
v 29.14350817 44.47440580 -24.33801990
v 28.95188067 45.43791053 -24.73955509
v 31.94155810 45.20930007 -21.45552795
v 31.79617235 45.04029369 -21.65616574
v 31.91846392 45.15174005 -21.76782958
v 29.36256335 46.81981125 -25.12239833
v 28.88185046 46.07259982 -24.95088942
v 34.10729143 50.21345292 -23.93656209
v 35.94416830 50.23449128 -22.07512716
v 35.48228476 49.08987332 -21.60886415
v 36.03697226 49.78941151 -21.86800428
v 28.88185046 46.07259982 -24.95088942
v 29.23562548 45.87597894 -24.58603648
v 29.81729815 46.18606805 -24.57993302
v 33.50403521 49.85369258 -24.28380630
v 33.06938097 50.00183632 -24.46056413
v 32.46807024 47.24968991 -22.54343417
v 32.52699206 46.66692633 -21.94152062
v 33.02809069 47.34626669 -21.95764927
v 32.32920763 48.83819066 -23.91213255
v 33.11594317 48.39863850 -23.04181692
v 32.80163500 48.90904482 -24.07834655
v 33.22154162 46.37828736 -21.36264789
v 33.08067248 45.86871631 -21.22991160
v 33.21118853 46.02279576 -21.13657362
v 28.88185046 46.07259982 -24.95088942
v 28.95188067 45.43791053 -24.73955509
v 29.23562548 45.87597894 -24.58603648
v 32.36654589 45.55592247 -21.84505437
v 33.22154162 46.37828736 -21.36264789
v 32.52699206 46.66692633 -21.94152062
v 33.84092638 48.50964631 -22.26564812
v 34.27043841 48.27620598 -21.85347767
v 35.09713766 49.26696680 -21.77855718
v 34.99328635 49.45170388 -22.51993599
v 33.57675860 46.31308278 -21.13074481
v 33.77240679 46.39166937 -21.06244648
v 34.68582175 46.95120917 -21.03836820
v 32.46807024 47.24968991 -22.54343417
v 32.30762408 47.67628358 -23.20893106
v 32.81375048 49.74265046 -24.88086743
v 31.90585253 48.33331538 -24.48737355
v 32.80163500 48.90904482 -24.07834655
v 38.94802973 49.69339962 -20.47997326
v 39.35952875 50.05092824 -20.87361956
v 38.27154658 49.80568896 -20.97637221
v 30.33703539 46.52031572 -24.09746542
v 31.02876208 46.44173308 -23.33321370
v 30.99293444 47.37377789 -24.43033604
v 30.10260699 46.80977864 -24.88275905
v 30.99293444 47.37377789 -24.43033604
v 30.68001482 44.74453620 -22.85222587
v 31.25503466 44.99297605 -22.45993771
v 39.35952875 50.05092824 -20.87361956
v 39.51400873 50.15519920 -20.71181538
v 39.50943110 50.36907017 -20.88460594
v 31.90585253 48.33331538 -24.48737355
v 32.30762408 47.67628358 -23.20893106
v 31.25503466 44.99297605 -22.45993771
v 31.26663897 44.89824573 -22.14833796
v 31.48519060 45.06346790 -22.11563840
v 30.54202959 44.97794603 -23.15611995
v 30.53048632 44.72531008 -23.12636527
v 30.68001482 44.74453620 -22.85222587
v 31.25503466 44.99297605 -22.45993771
v 31.02462694 44.67867175 -22.18102225
v 31.26663897 44.89824573 -22.14833796
v 25.62650225 49.52764210 -28.43581430
v 26.28673479 49.01561543 -27.68372376
v 26.28673479 49.01561543 -27.68372376
v 25.62650225 49.52764210 -28.43581430
v 25.64049456 48.89327038 -28.15750914
v 25.85433886 47.84913446 -27.37079633
v 25.58515093 47.04659943 -27.22757720
v 35.48228476 49.08987332 -21.60886415
v 35.13798544 48.46513282 -20.99901603
v 34.57833884 47.61056428 -21.33420571
v 35.52426169 47.66294394 -21.00452432
v 36.83525107 48.34313412 -20.45192739
v 36.76064322 48.59196674 -20.94211603
v 36.20714590 48.00663299 -20.50315109
v 36.98616049 49.16566762 -21.09938846
v 36.79427359 49.67620281 -21.43495983
v 36.30616019 49.66773042 -21.10990185
v 36.06696341 49.38182261 -21.49808539
v 36.33916495 50.41403008 -21.62352807
v 36.03697226 49.78941151 -21.86800428
v 33.22154162 46.37828736 -21.36264789
v 33.57675860 46.31308278 -21.13074481
v 33.22154162 46.37828736 -21.36264789
v 34.68582175 46.95120917 -21.03836820
v 37.01634238 50.27369507 -21.16024069
v 36.76371786 50.22312734 -21.81224874
v 36.79427359 49.67620281 -21.43495983
v 37.48336909 48.97633948 -20.78920776
v 37.06277487 49.25406945 -20.88669621
v 37.34701655 48.65814419 -20.46598078
v 38.31050989 49.50297751 -20.79161874
v 38.02262232 49.80340012 -21.15006300
v 37.48236201 49.76622210 -21.02567335
v 34.68582175 46.95120917 -21.03836820
v 34.57833884 47.61056428 -21.33420571
v 35.09713766 49.26696680 -21.77855718
v 35.13798544 48.46513282 -20.99901603
v 35.09713766 49.26696680 -21.77855718
v 34.58467886 49.01741301 -22.39781983
v 34.27043841 48.27620598 -21.85347767
v 35.09713766 49.26696680 -21.77855718
v 35.13798544 48.46513282 -20.99901603
v 34.58467886 49.01741301 -22.39781983
v 34.27043841 48.27620598 -21.85347767
v 34.58467886 49.01741301 -22.39781983
v 33.85711596 49.39189697 -23.03839912
v 33.50403521 49.85369258 -24.28380630
v 33.11594317 48.39863850 -23.04181692
v 31.48443529 45.59756361 -22.45815253
v 32.00367663 45.30121132 -21.86568422
v 32.36654589 45.55592247 -21.84505437
v 34.57833884 47.61056428 -21.33420571
v 34.89352438 47.21197044 -20.97570040
v 35.52426169 47.66294394 -21.00452432
v 35.13798544 48.46513282 -20.99901603
v 35.52426169 47.66294394 -21.00452432
v 35.69047568 48.35679922 -21.07759878
v 36.98616049 49.16566762 -21.09938846
v 37.48236201 49.76622210 -21.02567335
v 36.79427359 49.67620281 -21.43495983
v 36.35849020 48.65816028 -21.18129756
v 36.98616049 49.16566762 -21.09938846
v 36.30616019 49.66773042 -21.10990185
v 32.32920763 48.83819066 -23.91213255
v 32.41937945 48.51880906 -23.20681023
v 31.48443529 45.59756361 -22.45815253
v 32.52699206 46.66692633 -21.94152062
v 32.52699206 46.66692633 -21.94152062
v 31.48443529 45.59756361 -22.45815253
v 32.36654589 45.55592247 -21.84505437
v 33.50403521 49.85369258 -24.28380630
v 34.10729143 50.21345292 -23.93656209
v 33.78445360 50.47332147 -24.33286340
v 35.80298636 47.94724573 -20.84116377
v 36.35849020 48.65816028 -21.18129756
v 35.69047568 48.35679922 -21.07759878
v 33.22154162 46.37828736 -21.36264789
v 33.21118853 46.02279576 -21.13657362
v 33.17837450 46.04198373 -20.88483412
v 36.20714590 48.00663299 -20.50315109
v 35.80298636 47.94724573 -20.84116377
v 38.27154658 49.80568896 -20.97637221
v 38.02262232 49.80340012 -21.15006300
v 38.02262232 49.80340012 -21.15006300
v 38.52378962 50.67146882 -21.08068143
v 37.93822596 50.40086941 -21.39298302
v 37.69143793 49.17083564 -20.75977359
v 37.48236201 49.76622210 -21.02567335
v 37.06277487 49.25406945 -20.88669621
v 37.48236201 49.76622210 -21.02567335
v 37.01634238 50.27369507 -21.16024069
v 36.79427359 49.67620281 -21.43495983
v 36.35849020 48.65816028 -21.18129756
v 36.76064322 48.59196674 -20.94211603
v 36.98616049 49.16566762 -21.09938846
v 38.02262232 49.80340012 -21.15006300
v 36.30616019 49.66773042 -21.10990185
v 36.06696341 49.38182261 -21.49808539
v 36.35849020 48.65816028 -21.18129756
v 32.28948901 49.38906614 -25.06557502
v 32.01578448 49.95273335 -25.58174943
v 31.58552477 48.90405119 -25.27637511
v 33.06938097 50.00183632 -24.46056413
v 33.30129931 50.48745102 -24.92200525
v 32.81375048 49.74265046 -24.88086743
v 33.30129931 50.48745102 -24.92200525
v 25.95517657 44.08433844 -25.92017315
v 26.60611651 44.08004317 -25.43738507
v 27.46049425 49.55374241 -27.48018686
v 26.65161059 49.25136376 -27.46419560
v 27.32727740 48.77950102 -27.10289792
v 27.01586077 50.11330124 -27.72263385
v 26.57147906 50.61548702 -27.94942532
v 27.00312731 49.68972106 -27.78626293
v 33.02809069 47.34626669 -21.95764927
v 33.22154162 46.37828736 -21.36264789
v 27.21408007 43.04681729 -24.65419703
v 27.50510332 43.21397353 -24.51497587
v 28.31072161 43.78277827 -24.53034156
v 26.28673479 49.01561543 -27.68372376
v 25.64049456 48.89327038 -28.15750914
v 26.23954699 48.43997003 -27.39945243
v 36.83525107 48.34313412 -20.45192739
v 37.09803889 48.53130553 -20.32726311
v 37.34701655 48.65814419 -20.46598078
v 37.34701655 48.65814419 -20.46598078
v 37.06277487 49.25406945 -20.88669621
v 36.98616049 49.16566762 -21.09938846
v 37.48336909 48.97633948 -20.78920776
v 37.69143793 49.17083564 -20.75977359
v 37.06277487 49.25406945 -20.88669621
v 28.53127978 45.36054084 -24.74977846
v 28.55067370 50.85570621 -27.49854340
v 27.46049425 49.55374241 -27.48018686
v 28.20210955 49.54967979 -27.26177255
v 29.66425249 50.76480966 -27.17623198
v 28.55067370 50.85570621 -27.49854340
v 29.13046191 49.78850658 -27.03339430
v 30.01106188 50.12444790 -26.99385883
v 29.66425249 50.76480966 -27.17623198
v 29.13046191 49.78850658 -27.03339430
v 31.49955675 49.95499161 -25.86226701
v 31.58552477 48.90405119 -25.27637511
v 31.64594958 50.61586114 -26.23362026
v 30.78360674 50.52633775 -26.72666224
v 31.49955675 49.95499161 -25.86226701
v 29.79533312 44.51541009 -23.67031055
v 30.28099749 44.73663974 -23.07273063
v 30.54202959 44.97794603 -23.15611995
v 28.06217882 44.31173944 -24.60788681
v 28.31072161 43.78277827 -24.53034156
v 28.63507006 44.15624478 -24.40920210
v 27.45409319 47.49755679 -26.83177954
v 27.07892535 47.79331022 -27.15785992
v 26.75093767 47.30226335 -26.95182041
v 38.50596735 49.47919669 -20.73397103
v 38.79373286 49.72375691 -20.87606091
v 38.27154658 49.80568896 -20.97637221
v 29.85814593 45.25533926 -23.85619324
v 29.79533312 44.51541009 -23.67031055
v 30.13021776 45.87556707 -23.88462047
v 28.95188067 45.43791053 -24.73955509
v 29.14350817 44.47440580 -24.33801990
v 29.57038042 45.26106125 -24.16959351
v 29.14350817 44.47440580 -24.33801990
v 29.85814593 45.25533926 -23.85619324
v 29.85814593 45.25533926 -23.85619324
v 29.44312975 44.39182913 -23.82366136
v 29.79533312 44.51541009 -23.67031055
v 31.90585253 48.33331538 -24.48737355
v 31.64356921 47.10945003 -23.51251984
v 31.80727312 47.93107474 -23.79578413
v 30.88783190 47.81184238 -24.93163311
v 31.58552477 48.90405119 -25.27637511
v 30.99293444 47.37377789 -24.43033604
v 31.64356921 47.10945003 -23.51251984
v 33.08067248 45.86871631 -21.22991160
v 33.22154162 46.37828736 -21.36264789
v 32.96942828 45.93220048 -21.30777721
v 27.24896929 46.71299950 -26.54209131
v 26.41869280 46.51259538 -26.21544638
v 27.07528612 45.86315749 -26.18024424
v 26.41869280 46.51259538 -26.21544638
v 25.91721270 46.01193920 -26.53850538
v 26.33718035 45.88116758 -26.47138194
v 31.60679552 45.04429147 -21.79529538
v 31.48519060 45.06346790 -22.11563840
v 31.45319292 44.89870353 -21.88553584
v 28.31856463 48.09219945 -26.71024339
v 28.48528979 48.93581969 -27.08892089
v 27.84927294 48.70147138 -27.16622188
v 28.99047015 48.60817159 -26.67739130
v 29.41326067 49.36698258 -26.74196662
v 28.48528979 48.93581969 -27.08892089
v 28.67240069 46.84256959 -25.99042507
v 27.72785876 46.76346417 -26.29320521
v 36.03697226 49.78941151 -21.86800428
v 36.33916495 50.41403008 -21.62352807
v 35.94416830 50.23449128 -22.07512716
v 29.81867907 48.99819008 -26.52544434
v 28.99047015 48.60817159 -26.67739130
v 32.62895891 45.63862516 -21.50919318
v 32.09365771 45.33625319 -21.48764772
v 32.25573656 45.27066708 -21.58489197
v 32.36654589 45.55592247 -21.84505437
v 32.09365771 45.33625319 -21.48764772
v 25.82892535 45.61475293 -26.51911139
v 25.94256518 45.00903626 -26.30673947
v 26.93548510 45.04478765 -25.96724667
v 27.07528612 45.86315749 -26.18024424
v 26.37338946 45.22969746 -26.07433289
v 27.24896929 46.71299950 -26.54209131
v 29.68238756 45.93792588 -24.15705090
v 32.30762408 47.67628358 -23.20893106
v 37.51028559 48.74170895 -20.43596676
v 37.69143793 49.17083564 -20.75977359
v 27.84927294 48.70147138 -27.16622188
v 27.32727740 48.77950102 -27.10289792
v 26.83119128 48.63669398 -27.35007502
v 26.93548510 45.04478765 -25.96724667
v 26.37338946 45.22969746 -26.07433289
v 26.38574908 44.70147252 -26.03195914
v 27.00312731 49.68972106 -27.78626293
v 26.41844103 50.27612766 -28.41120199
v 26.41266558 49.62687005 -28.14505809
v 27.46049425 49.55374241 -27.48018686
v 27.32727740 48.77950102 -27.10289792
v 27.00312731 49.68972106 -27.78626293
v 27.46049425 49.55374241 -27.48018686
v 27.01586077 50.11330124 -27.72263385
v 26.37338946 45.22969746 -26.07433289
v 25.94256518 45.00903626 -26.30673947
v 26.38574908 44.70147252 -26.03195914
v 28.48528979 48.93581969 -27.08892089
v 29.13046191 49.78850658 -27.03339430
v 28.20210955 49.54967979 -27.26177255
v 29.13046191 49.78850658 -27.03339430
v 28.20210955 49.54967979 -27.26177255
v 31.49955675 49.95499161 -25.86226701
v 30.78360674 50.52633775 -26.72666224
v 30.92598650 50.00476187 -26.39345598
v 29.61367724 47.17489462 -25.69947053
v 28.86215136 47.79485149 -26.33867657
v 28.67240069 46.84256959 -25.99042507
v 29.53982470 48.24000762 -26.13483448
v 29.81867907 48.99819008 -26.52544434
v 37.69143793 49.17083564 -20.75977359
v 38.19003413 49.39707011 -20.50536384
v 38.31050989 49.50297751 -20.79161874
v 30.92598650 50.00476187 -26.39345598
v 30.78360674 50.52633775 -26.72666224
v 30.30020067 50.08069721 -26.57138873
v 30.00717089 49.45889389 -26.75821724
v 29.41326067 49.36698258 -26.74196662
v 29.81867907 48.99819008 -26.52544434
v 29.53982470 48.24000762 -26.13483448
v 28.86215136 47.79485149 -26.33867657
v 29.61367724 47.17489462 -25.69947053
v 30.08209154 49.18567106 -26.22466312
v 30.00717089 49.45889389 -26.75821724
v 29.81867907 48.99819008 -26.52544434
v 29.53982470 48.24000762 -26.13483448
v 28.99047015 48.60817159 -26.67739130
v 27.72785876 46.76346417 -26.29320521
v 28.02195666 46.17816378 -25.91622147
v 31.94155810 45.20930007 -21.45552795
v 31.79617235 45.04029369 -21.65616574
v 31.48519060 45.06346790 -22.11563840
v 31.26663897 44.89824573 -22.14833796
v 31.45319292 44.89870353 -21.88553584
v 30.90320513 49.10151506 -25.99732241
v 30.08209154 49.18567106 -26.22466312
v 30.38666460 48.73730300 -26.11685970
v 33.50403521 49.85369258 -24.28380630
v 32.81375048 49.74265046 -24.88086743
v 28.02195666 46.17816378 -25.91622147
v 28.72128222 46.24515375 -25.51886735
v 26.57713244 42.93792667 -25.15309838
v 27.21408007 43.04681729 -24.65419703
v 28.99047015 48.60817159 -26.67739130
v 28.31856463 48.09219945 -26.71024339
v 27.84927294 48.70147138 -27.16622188
v 26.83119128 48.63669398 -27.35007502
v 28.20210955 49.54967979 -27.26177255
v 27.46049425 49.55374241 -27.48018686
v 25.63403246 42.09744964 -25.43540110
v 25.84812853 41.95928898 -25.15340340
v 30.92598650 50.00476187 -26.39345598
v 30.30020067 50.08069721 -26.57138873
v 30.74941180 49.49776192 -26.28139535
v 26.83119128 48.63669398 -27.35007502
v 26.28673479 49.01561543 -27.68372376
v 26.23954699 48.43997003 -27.39945243
v 38.31050989 49.50297751 -20.79161874
v 38.27154658 49.80568896 -20.97637221
v 38.02262232 49.80340012 -21.15006300
v 36.76064322 48.59196674 -20.94211603
v 36.35849020 48.65816028 -21.18129756
v 35.80298636 47.94724573 -20.84116377
v 36.06696341 49.38182261 -21.49808539
v 36.76371786 50.22312734 -21.81224874
v 36.33916495 50.41403008 -21.62352807
v 31.79617235 45.04029369 -21.65616574
v 32.00367663 45.30121132 -21.86568422
v 31.60679552 45.04429147 -21.79529538
v 32.62895891 45.63862516 -21.50919318
v 32.09365771 45.33625319 -21.48764772
v 26.83119128 48.63669398 -27.35007502
v 26.23954699 48.43997003 -27.39945243
v 26.55767748 47.93267253 -27.29424299
v 32.36654589 45.55592247 -21.84505437
v 32.62895891 45.63862516 -21.50919318
v 32.83759234 45.68210893 -21.31159187
v 33.11594317 48.39863850 -23.04181692
v 32.46807024 47.24968991 -22.54343417
v 39.35952875 50.05092824 -20.87361956
v 38.52378962 50.67146882 -21.08068143
v 28.67240069 46.84256959 -25.99042507
v 28.72128222 46.24515375 -25.51886735
v 29.61367724 47.17489462 -25.69947053
v 27.55417559 45.47615746 -25.80963871
v 27.49556658 44.78434313 -25.24515496
v 28.11833880 45.59318385 -25.44173407
v 28.02195666 46.17816378 -25.91622147
v 27.55417559 45.47615746 -25.80963871
v 28.72128222 46.24515375 -25.51886735
v 29.68238756 45.93792588 -24.15705090
v 29.57038042 45.26106125 -24.16959351
v 29.81729815 46.18606805 -24.57993302
v 29.68238756 45.93792588 -24.15705090
v 30.13021776 45.87556707 -23.88462047
v 27.92815325 43.99811884 -24.80327556
v 28.29077074 44.89488839 -24.65183222
v 28.32051012 45.01593631 -24.97479977
v 30.30020067 50.08069721 -26.57138873
v 30.01106188 50.12444790 -26.99385883
v 30.00717089 49.45889389 -26.75821724
v 27.32727740 48.77950102 -27.10289792
v 26.65161059 49.25136376 -27.46419560
v 26.83119128 48.63669398 -27.35007502
v 28.72128222 46.24515375 -25.51886735
v 29.36256335 46.81981125 -25.12239833
v 33.11594317 48.39863850 -23.04181692
v 32.41937945 48.51880906 -23.20681023
v 32.30762408 47.67628358 -23.20893106
v 28.88185046 46.07259982 -24.95088942
v 29.36256335 46.81981125 -25.12239833
v 27.55417559 45.47615746 -25.80963871
v 28.11833880 45.59318385 -25.44173407
v 27.00312731 49.68972106 -27.78626293
v 26.57147906 50.61548702 -27.94942532
v 26.41844103 50.27612766 -28.41120199
v 29.85814593 45.25533926 -23.85619324
v 30.14797900 48.03178241 -25.88379684
v 29.53982470 48.24000762 -26.13483448
v 29.61367724 47.17489462 -25.69947053
v 29.81729815 46.18606805 -24.57993302
v 30.33703539 46.52031572 -24.09746542
v 30.10260699 46.80977864 -24.88275905
v 31.49955675 49.95499161 -25.86226701
v 30.74941180 49.49776192 -26.28139535
v 30.90320513 49.10151506 -25.99732241
v 27.72785876 46.76346417 -26.29320521
v 27.07528612 45.86315749 -26.18024424
v 26.33718035 45.88116758 -26.47138194
v 38.79373286 49.72375691 -20.87606091
v 38.94802973 49.69339962 -20.47997326
v 38.27154658 49.80568896 -20.97637221
v 33.85711596 49.39189697 -23.03839912
v 33.72854540 48.98809696 -23.04956848
v 33.84092638 48.50964631 -22.26564812
v 33.73751757 47.93611045 -21.91318526
v 26.60611651 44.08004317 -25.43738507
v 27.23322222 43.93698064 -25.05368753
v 28.20210955 49.54967979 -27.26177255
v 27.84927294 48.70147138 -27.16622188
v 28.55067370 50.85570621 -27.49854340
v 27.42874071 50.33575910 -27.89937644
v 27.23322222 43.93698064 -25.05368753
v 26.67213366 43.50182284 -25.20162142
v 27.49054644 43.65539115 -24.97757665
v 30.99293444 47.37377789 -24.43033604
v 31.64356921 47.10945003 -23.51251984
v 31.90585253 48.33331538 -24.48737355
v 31.02876208 46.44173308 -23.33321370
v 30.33703539 46.52031572 -24.09746542
v 31.02876208 46.44173308 -23.33321370
v 20.50729201 35.61888149 -20.03566555
v 20.91007063 36.07987230 -20.59747898
v 19.79900191 35.80373400 -20.56097991
v 21.24677775 35.15015440 -19.88817402
v 21.34711191 35.59154533 -20.27403835
v 21.19463274 35.65679184 -20.66892056
v 21.34711191 35.59154533 -20.27403835
v 21.51081583 35.54374717 -20.24368861
v 21.70420763 36.00438707 -20.61745272
v 21.28529856 34.62312353 -19.42854869
v 21.54338572 34.66223948 -19.14989269
v 21.34698221 34.81700936 -19.22788038
v 20.65299818 34.42916148 -19.10614570
v 21.28529856 34.62312353 -19.42854869
v 20.96196577 35.00010720 -19.24133867
v 21.34711191 35.59154533 -20.27403835
v 21.70420763 36.00438707 -20.61745272
v 21.19463274 35.65679184 -20.66892056
v 20.86326430 35.02537561 -20.15518755
v 21.24677775 35.15015440 -19.88817402
v 21.19463274 35.65679184 -20.66892056
v 18.12100050 34.39278438 -20.05394538
v 18.67066786 34.84940357 -20.50034133
v 18.10920546 35.32317361 -21.10928916
v 18.67066786 34.84940357 -20.50034133
v 18.91444227 35.27487959 -20.78496359
v 19.84261153 34.61848490 -19.12909495
v 20.07790968 35.02288855 -19.38902849
v 19.20634291 34.38148533 -19.52889044
v 20.07790968 35.02288855 -19.38902849
v 19.68768141 35.09366631 -20.17488665
v 21.28529856 34.62312353 -19.42854869
v 21.45572398 35.09715302 -19.72044940
v 21.24677775 35.15015440 -19.88817402
v 20.32977888 35.30813624 -20.10153769
v 20.96196577 35.00010720 -19.24133867
v 20.86326430 35.02537561 -20.15518755
v 18.89323256 34.33998144 -19.43182928
v 19.20634291 34.38148533 -19.52889044
v 19.00002882 34.90134456 -20.03482620
v 19.20634291 34.38148533 -19.52889044
v 19.68768141 35.09366631 -20.17488665
v 19.00002882 34.90134456 -20.03482620
v 20.65299818 34.42916148 -19.10614570
v 20.07790968 35.02288855 -19.38902849
v 19.84261153 34.61848490 -19.12909495
v 18.12100050 34.39278438 -20.05394538
v 19.00002882 34.90134456 -20.03482620
v 18.67066786 34.84940357 -20.50034133
v 21.24677775 35.15015440 -19.88817402
v 21.51081583 35.54374717 -20.24368861
v 21.34711191 35.59154533 -20.27403835
v 21.28529856 34.62312353 -19.42854869
v 21.24677775 35.15015440 -19.88817402
v 20.96196577 35.00010720 -19.24133867
v 20.50729201 35.61888149 -20.03566555
v 20.86326430 35.02537561 -20.15518755
v 20.91007063 36.07987230 -20.59747898
v 20.32977888 35.30813624 -20.10153769
v 20.50729201 35.61888149 -20.03566555
v 19.79900191 35.80373400 -20.56097991
v 19.68768141 35.09366631 -20.17488665
v 19.69427321 35.48635878 -20.79637720
v 18.91444227 35.27487959 -20.78496359
v 16.63344405 34.67471326 -20.86070812
v 16.83254072 34.39854458 -19.95427497
v 17.19515822 34.74582685 -20.82480420
v 19.68768141 35.09366631 -20.17488665
v 20.32977888 35.30813624 -20.10153769
v 19.69427321 35.48635878 -20.79637720
v 18.91444227 35.27487959 -20.78496359
v 21.24677775 35.15015440 -19.88817402
v 20.96196577 35.00010720 -19.24133867
v 21.24677775 35.15015440 -19.88817402
v 20.86326430 35.02537561 -20.15518755
v 20.96196577 35.00010720 -19.24133867
v 20.07790968 35.02288855 -19.38902849
v 18.12100050 34.39278438 -20.05394538
v 18.89323256 34.33998144 -19.43182928
v 19.00002882 34.90134456 -20.03482620
v 17.19515822 34.74582685 -20.82480420
v 18.12100050 34.39278438 -20.05394538
v 18.10920546 35.32317361 -21.10928916
v 16.83254072 34.39854458 -19.95427497
v 18.12100050 34.39278438 -20.05394538
v 17.19515822 34.74582685 -20.82480420
v 20.32977888 35.30813624 -20.10153769
v 19.79900191 35.80373400 -20.56097991
v 19.69427321 35.48635878 -20.79637720
v 20.07790968 35.02288855 -19.38902849
v 20.32977888 35.30813624 -20.10153769
v 19.68768141 35.09366631 -20.17488665
v 20.07790968 35.02288855 -19.38902849
v 20.96196577 35.00010720 -19.24133867
v 20.32977888 35.30813624 -20.10153769
v 20.86326430 35.02537561 -20.15518755
v 20.50729201 35.61888149 -20.03566555
v 20.86326430 35.02537561 -20.15518755
v 21.19463274 35.65679184 -20.66892056
v 20.91007063 36.07987230 -20.59747898
v 18.67066786 34.84940357 -20.50034133
v 18.91444227 35.27487959 -20.78496359
v 21.50109026 36.54224394 -21.76618023
v 21.85944292 36.45013431 -21.46135538
v 21.80849383 36.54150391 -21.59908123
v 23.85193560 40.90219063 -24.90480703
v 24.32775042 40.36222791 -24.60019574
v 24.39714739 41.09249826 -24.84496209
v 20.69641707 37.03436269 -22.23618153
v 20.15923140 37.60085277 -22.83237302
v 20.26308272 37.23742660 -22.60643608
v 20.74686262 38.02214022 -23.36591191
v 20.09460280 38.23573271 -23.62055062
v 19.03397963 38.08927888 -23.43833014
v 19.12766096 37.90460166 -24.05298465
v 19.24901411 38.49771071 -24.54886487
v 18.53149245 38.25362349 -24.50638436
v 20.97627089 41.88660353 -26.39592658
v 20.14994643 41.82383648 -26.52562628
v 20.23835585 41.19201586 -26.16663264
v 26.57713244 42.93792667 -25.15309838
v 26.00869677 43.65425428 -25.52925817
v 25.12245104 42.47731717 -25.53212663
v 20.30876086 44.70294845 -28.22162589
v 19.94758532 45.05423626 -28.39554563
v 19.35713122 44.62804305 -28.24101980
v 25.30786822 47.28000930 -27.32714084
v 24.87453387 47.68547722 -27.70827494
v 24.71710131 46.86128139 -27.49985500
v 26.13237688 46.99596695 -27.22347258
v 25.55352709 46.42204577 -27.11605061
v 21.20197222 45.82781110 -28.36273936
v 20.54595110 45.46769604 -28.41223881
v 21.05100176 45.16050997 -28.07060973
v 21.39084551 43.06466968 -27.03795558
v 21.73024676 44.02765944 -27.35076091
v 21.13169787 43.23898229 -26.94553312
v 21.39781115 44.39781860 -27.26480821
v 21.05847094 44.71086403 -27.68912467
v 20.67514727 43.98168469 -27.46186015
v 22.36142657 44.05113511 -27.20439861
v 21.73024676 44.02765944 -27.35076091
v 22.04405138 43.66539296 -26.97782079
v 21.62778399 45.23288247 -27.67308777
v 21.05847094 44.71086403 -27.68912467
v 21.98814318 45.65923207 -27.93437934
v 21.62778399 45.23288247 -27.67308777
v 24.17627642 45.99510098 -27.47159558
v 23.96682665 46.56219387 -27.46898642
v 23.17883990 45.93367292 -27.40933971
v 23.82990954 47.40717207 -28.28331762
v 23.22357867 47.53531536 -28.44718177
v 23.09726641 46.75596514 -28.07213587
v 22.45366595 42.61424180 -26.28842853
v 21.52883074 42.46771164 -26.31946488
v 22.32929919 41.55158165 -25.85443788
v 23.16377947 42.79195329 -26.21131064
v 22.92872546 42.35143212 -25.81420058
v 23.56931994 42.25402001 -25.83408277
v 24.80438158 44.35126417 -26.45987657
v 24.56776354 44.84363471 -26.86775934
v 24.38516161 43.87000958 -26.51210732
v 20.30876086 44.70294845 -28.22162589
v 19.35713122 44.62804305 -28.24101980
v 18.40355608 43.56625264 -27.88846531
v 23.50506518 41.89329466 -25.46651374
v 24.13706133 41.89845213 -25.48932563
v 23.56931994 42.25402001 -25.83408277
v 21.77950213 41.11329581 -25.91008661
v 20.23835585 41.19201586 -26.16663264
v 20.68593428 40.43995601 -25.65679060
v 24.18142626 41.39150945 -25.09595396
v 24.75499651 41.68964328 -25.17783268
v 25.12245104 42.47731717 -25.53212663
v 18.77489302 40.88832781 -26.19893545
v 17.98678419 39.77223140 -25.67786288
v 19.11643050 39.74212586 -25.34888338
v 19.11643050 39.74212586 -25.34888338
v 17.98678419 39.77223140 -25.67786288
v 18.52390120 39.59589326 -25.30535003
v 19.25485060 39.38087411 -24.87720364
v 18.52390120 39.59589326 -25.30535003
v 19.45789931 39.00790353 -24.85700094
v 25.55352709 46.42204577 -27.11605061
v 24.87942431 45.95245652 -27.19611340
v 24.56751177 45.71119602 -27.00484444
v 25.26695940 44.38196867 -26.42681078
v 24.80438158 44.35126417 -26.45987657
v 24.91162035 43.33088992 -26.15262542
v 24.87942431 45.95245652 -27.19611340
v 24.17627642 45.99510098 -27.47159558
v 24.56751177 45.71119602 -27.00484444
v 24.28369829 47.46679967 -27.90482336
v 23.82990954 47.40717207 -28.28331762
v 24.14816973 47.13335701 -27.74030304
v 25.58515093 47.04659943 -27.22757720
v 25.30786822 47.28000930 -27.32714084
v 25.64049456 48.89327038 -28.15750914
v 25.25384447 48.13627905 -27.80153673
v 25.48368761 48.28325558 -27.48361988
v 26.06329272 46.66960446 -26.53801720
v 26.13237688 46.99596695 -27.22347258
v 25.55352709 46.42204577 -27.11605061
v 25.95517657 44.08433844 -25.92017315
v 26.38574908 44.70147252 -26.03195914
v 25.40833208 43.80529714 -25.99828285
v 25.94256518 45.00903626 -26.30673947
v 25.82892535 45.61475293 -26.51911139
v 25.26695940 44.38196867 -26.42681078
v 24.80438158 44.35126417 -26.45987657
v 25.37733385 45.32007898 -26.68302126
v 24.56776354 44.84363471 -26.86775934
v 21.95651934 37.32959731 -22.63165887
v 21.83202288 36.77398674 -22.12724899
v 21.86703417 37.14530170 -22.36482840
v 20.43896315 38.95471917 -23.94275533
v 21.11305926 38.60237853 -23.55361037
v 21.34184191 39.40392256 -24.52626675
v 19.55415938 35.82495887 -21.20993621
v 20.05971358 36.33251193 -21.45886818
v 19.67319319 36.62461088 -21.75642987
v 20.90630934 38.28478208 -23.62589120
v 19.86262343 38.05248984 -24.04793401
v 20.74686262 38.02214022 -23.36591191
v 21.07654497 36.75455470 -21.90050338
v 20.94540236 37.63036328 -22.77832640
v 20.69641707 37.03436269 -22.23618153
v 21.95651934 37.32959731 -22.63165887
v 20.94540236 37.63036328 -22.77832640
v 18.33164046 37.38561976 -23.80620417
v 19.03397963 38.08927888 -23.43833014
v 19.12766096 37.90460166 -24.05298465
v 18.33164046 37.38561976 -23.80620417
v 19.12766096 37.90460166 -24.05298465
v 19.21638319 37.41490151 -22.98801264
v 20.15923140 37.60085277 -22.83237302
v 19.03397963 38.08927888 -23.43833014
v 19.03397963 38.08927888 -23.43833014
v 19.86262343 38.05248984 -24.04793401
v 19.21638319 37.41490151 -22.98801264
v 19.68793318 37.29467753 -22.88251336
v 20.15923140 37.60085277 -22.83237302
v 26.38574908 44.70147252 -26.03195914
v 25.94256518 45.00903626 -26.30673947
v 25.40833208 43.80529714 -25.99828285
v 20.15923140 37.60085277 -22.83237302
v 19.03397963 38.08927888 -23.43833014
v 20.69641707 37.03436269 -22.23618153
v 20.94540236 37.63036328 -22.77832640
v 20.15923140 37.60085277 -22.83237302
v 18.21845076 36.82692695 -23.05969834
v 18.74935744 37.19284033 -23.15743094
v 18.33164046 37.38561976 -23.80620417
v 19.02243635 36.03124235 -21.76410495
v 19.21249220 36.47302998 -22.32968729
v 18.64569685 36.63444506 -22.45770856
v 21.52883074 42.46771164 -26.31946488
v 21.39084551 43.06466968 -27.03795558
v 20.97627089 41.88660353 -26.39592658
v 20.51118395 43.40122133 -27.15991914
v 19.50282976 43.41650680 -27.25553071
v 19.66817400 42.89285955 -26.92592552
v 23.50506518 41.89329466 -25.46651374
v 23.65885851 41.39432469 -25.07936766
v 24.13706133 41.89845213 -25.48932563
v 20.26383135 44.17641733 -27.63123274
v 20.30876086 44.70294845 -28.22162589
v 19.27448962 43.93430994 -27.59824320
v 20.67514727 43.98168469 -27.46186015
v 20.26383135 44.17641733 -27.63123274
v 20.27268145 43.64109331 -27.13082066
v 19.50282976 43.41650680 -27.25553071
v 17.64581129 42.93529416 -27.40335778
v 18.79070875 42.83756930 -27.08663108
v 19.26589796 41.61601940 -26.57550722
v 20.14994643 41.82383648 -26.52562628
v 18.86073134 42.27770148 -26.85143201
v 19.27448962 43.93430994 -27.59824320
v 20.30876086 44.70294845 -28.22162589
v 18.40355608 43.56625264 -27.88846531
v 19.21249220 36.47302998 -22.32968729
v 19.14736769 37.25232681 -22.56296379
v 18.74935744 37.19284033 -23.15743094
v 21.60475085 38.00789616 -23.24736638
v 22.15573809 38.06294988 -23.17771001
v 21.84413836 38.55924958 -23.48641066
v 21.78866503 40.46977171 -25.49388777
v 22.75636217 40.50478309 -24.92063033
v 22.43710253 40.69105468 -25.40686694
v 21.72378466 39.32382158 -24.37157313
v 22.56974718 39.07747607 -24.27146018
v 22.03237841 39.96148630 -24.81438330
v 24.80984423 42.91702583 -25.88387230
v 24.91162035 43.33088992 -26.15262542
v 24.24272845 43.11117864 -26.03099758
v 19.14736769 37.25232681 -22.56296379
v 19.68793318 37.29467753 -22.88251336
v 19.21638319 37.41490151 -22.98801264
v 23.56931994 42.25402001 -25.83408277
v 22.92872546 42.35143212 -25.81420058
v 23.02993700 41.67259151 -25.63805301
v 22.41470263 44.79272368 -27.30942498
v 21.62778399 45.23288247 -27.67308777
v 21.39781115 44.39781860 -27.26480821
v 19.67319319 36.62461088 -21.75642987
v 19.77816603 36.66110221 -22.17886945
v 19.21249220 36.47302998 -22.32968729
v 22.43051073 45.59015560 -27.52007269
v 22.10673449 46.80213434 -28.55217738
v 22.22219012 46.00782679 -27.54773694
v 19.77816603 36.66110221 -22.17886945
v 20.26308272 37.23742660 -22.60643608
v 19.68793318 37.29467753 -22.88251336
v 20.14994643 41.82383648 -26.52562628
v 19.66817400 42.89285955 -26.92592552
v 18.86073134 42.27770148 -26.85143201
v 21.38024065 40.04368534 -25.14368324
v 22.03237841 39.96148630 -24.81438330
v 21.78866503 40.46977171 -25.49388777
v 19.66817400 42.89285955 -26.92592552
v 18.79070875 42.83756930 -27.08663108
v 18.86073134 42.27770148 -26.85143201
v 21.13169787 43.23898229 -26.94553312
v 20.51118395 43.40122133 -27.15991914
v 20.61227343 42.69513998 -26.90692830
v 21.65633318 38.76778372 -24.05165727
v 22.72937701 38.74188956 -24.04808671
v 22.56974718 39.07747607 -24.27146018
v 20.69854567 39.66706793 -25.02878449
v 20.17793104 38.80657915 -24.35851153
v 21.34184191 39.40392256 -24.52626675
v 19.69427321 35.48635878 -20.79637720
v 19.55415938 35.82495887 -21.20993621
v 18.91444227 35.27487959 -20.78496359
v 21.11305926 38.60237853 -23.55361037
v 21.72378466 39.32382158 -24.37157313
v 21.34184191 39.40392256 -24.52626675
v 21.11305926 38.60237853 -23.55361037
v 21.84413836 38.55924958 -23.48641066
v 21.65633318 38.76778372 -24.05165727
v 18.91444227 35.27487959 -20.78496359
v 19.02243635 36.03124235 -21.76410495
v 21.60475085 38.00789616 -23.24736638
v 21.11305926 38.60237853 -23.55361037
v 20.17793104 38.80657915 -24.35851153
v 19.86262343 38.05248984 -24.04793401
v 20.43896315 38.95471917 -23.94275533
v 23.02993700 41.67259151 -25.63805301
v 23.16497729 41.35631503 -25.19287779
v 25.26695940 44.38196867 -26.42681078
v 25.37733385 45.32007898 -26.68302126
v 24.80438158 44.35126417 -26.45987657
v 25.58515093 47.04659943 -27.22757720
v 25.85433886 47.84913446 -27.37079633
v 25.30786822 47.28000930 -27.32714084
v 25.55352709 46.42204577 -27.11605061
v 25.04408190 46.79261690 -27.13574977
v 24.87942431 45.95245652 -27.19611340
v 19.55415938 35.82495887 -21.20993621
v 19.67319319 36.62461088 -21.75642987
v 19.02243635 36.03124235 -21.76410495
v 25.62650225 49.52764210 -28.43581430
v 25.18952868 49.33078941 -28.47090948
v 24.78480456 48.80313762 -28.47655515
v 20.28560469 36.65196985 -21.99568769
v 20.69641707 37.03436269 -22.23618153
v 20.26308272 37.23742660 -22.60643608
v 25.12245104 42.47731717 -25.53212663
v 25.63403246 42.09744964 -25.43540110
v 19.86262343 38.05248984 -24.04793401
v 21.11305926 38.60237853 -23.55361037
v 20.43896315 38.95471917 -23.94275533
v 20.28560469 36.65196985 -21.99568769
v 21.07654497 36.75455470 -21.90050338
v 25.82892535 45.61475293 -26.51911139
v 25.91721270 46.01193920 -26.53850538
v 25.37733385 45.32007898 -26.68302126
v 19.21249220 36.47302998 -22.32968729
v 19.77816603 36.66110221 -22.17886945
v 19.14736769 37.25232681 -22.56296379
v 20.15923140 37.60085277 -22.83237302
v 20.94540236 37.63036328 -22.77832640
v 20.74686262 38.02214022 -23.36591191
v 19.12766096 37.90460166 -24.05298465
v 19.86262343 38.05248984 -24.04793401
v 19.44215224 38.49298053 -24.27768567
v 19.24901411 38.49771071 -24.54886487
v 19.45789931 39.00790353 -24.85700094
v 18.05454848 38.78528542 -24.87406023
v 20.11022780 40.18614139 -25.19313700
v 19.69188521 40.14996272 -25.70435220
v 19.11643050 39.74212586 -25.34888338
v 23.82990954 47.40717207 -28.28331762
v 23.81346819 48.08647807 -28.50234238
v 23.22357867 47.53531536 -28.44718177
v 24.18142626 41.39150945 -25.09595396
v 24.13706133 41.89845213 -25.48932563
v 20.97627089 41.88660353 -26.39592658
v 21.39084551 43.06466968 -27.03795558
v 23.09726641 46.75596514 -28.07213587
v 23.22357867 47.53531536 -28.44718177
v 22.67811510 47.16087228 -28.59032441
v 23.19007036 40.46577401 -24.85845076
v 24.32775042 40.36222791 -24.60019574
v 23.85193560 40.90219063 -24.90480703
v 24.18142626 41.39150945 -25.09595396
v 24.39714739 41.09249826 -24.84496209
v 24.75499651 41.68964328 -25.17783268
v 21.78866503 40.46977171 -25.49388777
v 22.51560137 41.15931637 -25.61368464
v 22.56974718 39.07747607 -24.27146018
v 23.73271105 39.81702378 -24.38300205
v 23.19007036 40.46577401 -24.85845076
v 21.83202288 36.77398674 -22.12724899
v 21.94296191 37.07728568 -22.14389638
v 21.86703417 37.14530170 -22.36482840
v 23.16497729 41.35631503 -25.19287779
v 23.50506518 41.89329466 -25.46651374
v 21.50109026 36.54224394 -21.76618023
v 21.86051104 36.77604673 -21.74909042
v 21.83202288 36.77398674 -22.12724899
v 22.51560137 41.15931637 -25.61368464
v 23.16497729 41.35631503 -25.19287779
v 23.02993700 41.67259151 -25.63805301
v 22.72937701 38.74188956 -24.04808671
v 22.41313097 38.47020690 -23.55734875
v 22.60858843 38.59432190 -23.52194838
v 19.69427321 35.48635878 -20.79637720
v 20.24111769 35.90532692 -21.15459260
v 20.54387495 36.34729771 -21.36017433
v 21.25600359 36.32083133 -21.46340004
v 21.07654497 36.75455470 -21.90050338
v 21.84413836 38.55924958 -23.48641066
v 22.15573809 38.06294988 -23.17771001
v 22.41313097 38.47020690 -23.55734875
v 21.78866503 40.46977171 -25.49388777
v 22.03237841 39.96148630 -24.81438330
v 22.75636217 40.50478309 -24.92063033
v 19.79900191 35.80373400 -20.56097991
v 20.91007063 36.07987230 -20.59747898
v 20.24111769 35.90532692 -21.15459260
v 20.24111769 35.90532692 -21.15459260
v 21.07723162 35.98173532 -21.04686556
v 20.54387495 36.34729771 -21.36017433
v 20.91741011 40.15582213 -25.47009927
v 20.69854567 39.66706793 -25.02878449
v 21.38024065 40.04368534 -25.14368324
v 21.38024065 40.04368534 -25.14368324
v 21.72378466 39.32382158 -24.37157313
v 22.03237841 39.96148630 -24.81438330
v 21.25600359 36.32083133 -21.46340004
v 21.07654497 36.75455470 -21.90050338
v 20.17793104 38.80657915 -24.35851153
v 20.43896315 38.95471917 -23.94275533
v 21.34184191 39.40392256 -24.52626675
v 21.07723162 35.98173532 -21.04686556
v 21.19463274 35.65679184 -20.66892056
v 21.63744280 36.13050848 -21.26019871
v 21.19463274 35.65679184 -20.66892056
v 20.91007063 36.07987230 -20.59747898
v 19.45789931 39.00790353 -24.85700094
v 19.24901411 38.49771071 -24.54886487
v 19.44215224 38.49298053 -24.27768567
v 19.45789931 39.00790353 -24.85700094
v 20.17793104 38.80657915 -24.35851153
v 20.90630934 38.28478208 -23.62589120
v 20.74686262 38.02214022 -23.36591191
v 21.60475085 38.00789616 -23.24736638
v 21.07723162 35.98173532 -21.04686556
v 21.63744280 36.13050848 -21.26019871
v 21.25600359 36.32083133 -21.46340004
v 20.90630934 38.28478208 -23.62589120
v 21.60475085 38.00789616 -23.24736638
v 20.17793104 38.80657915 -24.35851153
v 19.44215224 38.49298053 -24.27768567
v 19.86262343 38.05248984 -24.04793401
v 19.86262343 38.05248984 -24.04793401
v 20.90630934 38.28478208 -23.62589120
v 20.74686262 38.02214022 -23.36591191
v 20.94540236 37.63036328 -22.77832640
v 21.36072466 37.90809610 -22.94740909
v 23.73271105 39.81702378 -24.38300205
v 24.32775042 40.36222791 -24.60019574
v 22.43710253 40.69105468 -25.40686694
v 22.75636217 40.50478309 -24.92063033
v 22.51560137 41.15931637 -25.61368464
v 21.07654497 36.75455470 -21.90050338
v 21.50109026 36.54224394 -21.76618023
v 21.83202288 36.77398674 -22.12724899
v 21.50109026 36.54224394 -21.76618023
v 21.85944292 36.45013431 -21.46135538
v 20.24111769 35.90532692 -21.15459260
v 20.91007063 36.07987230 -20.59747898
v 21.07723162 35.98173532 -21.04686556
v 20.74686262 38.02214022 -23.36591191
v 21.60475085 38.00789616 -23.24736638
v 21.65633318 38.76778372 -24.05165727
v 21.84413836 38.55924958 -23.48641066
v 22.72937701 38.74188956 -24.04808671
v 21.72378466 39.32382158 -24.37157313
v 21.65633318 38.76778372 -24.05165727
v 22.56974718 39.07747607 -24.27146018
v 21.60475085 38.00789616 -23.24736638
v 22.19156573 37.66456585 -22.79157103
v 22.15573809 38.06294988 -23.17771001
v 21.84413836 38.55924958 -23.48641066
v 22.41313097 38.47020690 -23.55734875
v 22.72937701 38.74188956 -24.04808671
v 22.72937701 38.74188956 -24.04808671
v 23.73271105 39.81702378 -24.38300205
v 19.24901411 38.49771071 -24.54886487
v 18.05454848 38.78528542 -24.87406023
v 18.53149245 38.25362349 -24.50638436
v 19.21249220 36.47302998 -22.32968729
v 18.74935744 37.19284033 -23.15743094
v 18.21845076 36.82692695 -23.05969834
v 19.67319319 36.62461088 -21.75642987
v 20.28560469 36.65196985 -21.99568769
v 21.89408037 37.42720778 -22.66440425
v 22.19156573 37.66456585 -22.79157103
v 20.69854567 39.66706793 -25.02878449
v 21.34184191 39.40392256 -24.52626675
v 21.38024065 40.04368534 -25.14368324
v 24.32775042 40.36222791 -24.60019574
v 24.68421862 40.74169110 -24.66586963
v 24.73184893 41.06694743 -24.75987908
v 21.63744280 36.13050848 -21.26019871
v 21.50109026 36.54224394 -21.76618023
v 21.36072466 37.90809610 -22.94740909
v 21.89408037 37.42720778 -22.66440425
v 21.60475085 38.00789616 -23.24736638
v 21.95651934 37.32959731 -22.63165887
v 21.89408037 37.42720778 -22.66440425
v 21.36072466 37.90809610 -22.94740909
v 19.77816603 36.66110221 -22.17886945
v 19.68793318 37.29467753 -22.88251336
v 19.86262343 38.05248984 -24.04793401
v 19.03397963 38.08927888 -23.43833014
v 20.09460280 38.23573271 -23.62055062
v 19.12766096 37.90460166 -24.05298465
v 19.44215224 38.49298053 -24.27768567
v 19.24901411 38.49771071 -24.54886487
v 21.38024065 40.04368534 -25.14368324
v 21.78866503 40.46977171 -25.49388777
v 20.91741011 40.15582213 -25.47009927
v 21.07723162 35.98173532 -21.04686556
v 21.25600359 36.32083133 -21.46340004
v 21.95651934 37.32959731 -22.63165887
v 22.03237841 39.96148630 -24.81438330
v 23.19007036 40.46577401 -24.85845076
v 22.75636217 40.50478309 -24.92063033
v 19.44215224 38.49298053 -24.27768567
v 20.17793104 38.80657915 -24.35851153
v 21.72378466 39.32382158 -24.37157313
v 20.05971358 36.33251193 -21.45886818
v 20.28560469 36.65196985 -21.99568769
v 19.67319319 36.62461088 -21.75642987
v 21.05847094 44.71086403 -27.68912467
v 21.05100176 45.16050997 -28.07060973
v 20.30876086 44.70294845 -28.22162589
v 21.98814318 45.65923207 -27.93437934
v 21.54401324 46.16901286 -28.46195206
v 21.20197222 45.82781110 -28.36273936
v 21.98814318 45.65923207 -27.93437934
v 21.99322436 46.69865311 -28.14180749
v 21.54401324 46.16901286 -28.46195206
v 22.66180346 46.28374375 -28.12630449
v 22.67811510 47.16087228 -28.59032441
v 22.10673449 46.80213434 -28.55217738
v 21.39781115 44.39781860 -27.26480821
v 20.51118395 43.40122133 -27.15991914
v 20.67514727 43.98168469 -27.46186015
v 20.30876086 44.70294845 -28.22162589
v 20.26383135 44.17641733 -27.63123274
v 21.73024676 44.02765944 -27.35076091
v 22.41470263 44.79272368 -27.30942498
v 21.39781115 44.39781860 -27.26480821
v 21.05847094 44.71086403 -27.68912467
v 21.62778399 45.23288247 -27.67308777
v 21.05100176 45.16050997 -28.07060973
v 22.36142657 44.05113511 -27.20439861
v 22.41470263 44.79272368 -27.30942498
v 21.73024676 44.02765944 -27.35076091
v 22.41470263 44.79272368 -27.30942498
v 22.43051073 45.59015560 -27.52007269
v 21.62778399 45.23288247 -27.67308777
v 22.43051073 45.59015560 -27.52007269
v 21.98814318 45.65923207 -27.93437934
v 21.62778399 45.23288247 -27.67308777
v 22.43051073 45.59015560 -27.52007269
v 22.22219012 46.00782679 -27.54773694
v 21.98814318 45.65923207 -27.93437934
v 22.88680956 44.65332703 -27.21602591
v 22.41470263 44.79272368 -27.30942498
v 23.38571856 45.41799453 -27.28804752
v 22.66180346 46.28374375 -28.12630449
v 22.43051073 45.59015560 -27.52007269
v 23.92648241 45.10256867 -27.19383970
v 24.17627642 45.99510098 -27.47159558
v 23.38571856 45.41799453 -27.28804752
v 21.39084551 43.06466968 -27.03795558
v 21.13169787 43.23898229 -26.94553312
v 20.61227343 42.69513998 -26.90692830
v 17.63470290 36.84543587 -23.00000596
v 17.57133314 37.37599148 -23.75331720
v 21.99818346 42.89556041 -26.60587242
v 22.04405138 43.66539296 -26.97782079
v 23.10793230 43.76054299 -26.76097815
v 23.19847796 44.26468571 -26.99834396
v 22.04405138 43.66539296 -26.97782079
v 23.19847796 44.26468571 -26.99834396
v 22.36142657 44.05113511 -27.20439861
v 22.04405138 43.66539296 -26.97782079
v 22.51560137 41.15931637 -25.61368464
v 22.32929919 41.55158165 -25.85443788
v 21.77950213 41.11329581 -25.91008661
v 18.53149245 38.25362349 -24.50638436
v 18.05454848 38.78528542 -24.87406023
v 17.75348494 38.22809553 -24.54544686
v 21.52883074 42.46771164 -26.31946488
v 19.26589796 41.61601940 -26.57550722
v 18.77489302 40.88832781 -26.19893545
v 17.98678419 39.77223140 -25.67786288
v 17.21323225 38.80513708 -25.01958330
v 24.38516161 43.87000958 -26.51210732
v 24.56776354 44.84363471 -26.86775934
v 23.10793230 43.76054299 -26.76097815
v 18.52390120 39.59589326 -25.30535003
v 17.98678419 39.77223140 -25.67786288
v 17.57013533 35.48222351 -21.65427209
v 18.18895552 36.03533165 -22.06986056
v 17.62560866 35.89915455 -22.31136140
v 23.16377947 42.79195329 -26.21131064
v 24.38516161 43.87000958 -26.51210732
v 23.10793230 43.76054299 -26.76097815
v 23.02993700 41.67259151 -25.63805301
v 22.32929919 41.55158165 -25.85443788
v 22.51560137 41.15931637 -25.61368464
v 23.02993700 41.67259151 -25.63805301
v 22.92872546 42.35143212 -25.81420058
v 22.45366595 42.61424180 -26.28842853
v 23.02993700 41.67259151 -25.63805301
v 22.45366595 42.61424180 -26.28842853
v 22.32929919 41.55158165 -25.85443788
v 22.45366595 42.61424180 -26.28842853
v 21.99818346 42.89556041 -26.60587242
v 21.52883074 42.46771164 -26.31946488
v 23.16377947 42.79195329 -26.21131064
v 23.10793230 43.76054299 -26.76097815
v 23.56931994 42.25402001 -25.83408277
v 23.16377947 42.79195329 -26.21131064
v 22.45366595 42.61424180 -26.28842853
v 23.10793230 43.76054299 -26.76097815
v 23.19847796 44.26468571 -26.99834396
v 22.88680956 44.65332703 -27.21602591
v 24.14816973 47.13335701 -27.74030304
v 23.82990954 47.40717207 -28.28331762
v 23.09726641 46.75596514 -28.07213587
v 24.38516161 43.87000958 -26.51210732
v 23.16377947 42.79195329 -26.21131064
v 24.24272845 43.11117864 -26.03099758
v 24.91162035 43.33088992 -26.15262542
v 24.38516161 43.87000958 -26.51210732
v 18.53149245 38.25362349 -24.50638436
v 17.75348494 38.22809553 -24.54544686
v 17.95459578 37.58935508 -24.04196775
v 23.17883990 45.93367292 -27.40933971
v 23.09726641 46.75596514 -28.07213587
v 22.66180346 46.28374375 -28.12630449
v 23.92648241 45.10256867 -27.19383970
v 23.38571856 45.41799453 -27.28804752
v 22.88680956 44.65332703 -27.21602591
v 24.56776354 44.84363471 -26.86775934
v 24.16065142 44.83683690 -26.98296319
v 23.19847796 44.26468571 -26.99834396
v 17.76879713 36.28836041 -22.79340186
v 17.63470290 36.84543587 -23.00000596
v 17.20482466 36.55152868 -23.18724651
v 21.77950213 41.11329581 -25.91008661
v 20.23835585 41.19201586 -26.16663264
v 18.91043017 43.70741173 -27.72005407
v 19.27448962 43.93430994 -27.59824320
v 18.40355608 43.56625264 -27.88846531
v 19.35713122 44.62804305 -28.24101980
v 18.47527239 44.21764648 -28.21205855
v 24.87453387 47.68547722 -27.70827494
v 25.25384447 48.13627905 -27.80153673
v 24.26431200 48.36767466 -28.53812429
v 18.33164046 37.38561976 -23.80620417
v 17.57133314 37.37599148 -23.75331720
v 24.71710131 46.86128139 -27.49985500
v 24.17627642 45.99510098 -27.47159558
v 21.19463274 35.65679184 -20.66892056
v 21.70420763 36.00438707 -20.61745272
v 21.58141253 35.97953804 -21.13524446
v 26.00869677 43.65425428 -25.52925817
v 25.40833208 43.80529714 -25.99828285
v 18.74935744 37.19284033 -23.15743094
v 19.03397963 38.08927888 -23.43833014
v 18.33164046 37.38561976 -23.80620417
v 19.02243635 36.03124235 -21.76410495
v 18.64569685 36.63444506 -22.45770856
v 18.18895552 36.03533165 -22.06986056
v 19.14736769 37.25232681 -22.56296379
v 19.21638319 37.41490151 -22.98801264
v 18.74935744 37.19284033 -23.15743094
v 18.91444227 35.27487959 -20.78496359
v 19.02243635 36.03124235 -21.76410495
v 18.10920546 35.32317361 -21.10928916
v 19.02243635 36.03124235 -21.76410495
v 19.67319319 36.62461088 -21.75642987
v 19.21249220 36.47302998 -22.32968729
v 21.78866503 40.46977171 -25.49388777
v 20.68593428 40.43995601 -25.65679060
v 19.69188521 40.14996272 -25.70435220
v 20.23835585 41.19201586 -26.16663264
v 20.68593428 40.43995601 -25.65679060
v 20.23835585 41.19201586 -26.16663264
v 19.69188521 40.14996272 -25.70435220
v 20.26308272 37.23742660 -22.60643608
v 19.68793318 37.29467753 -22.88251336
v 19.45789931 39.00790353 -24.85700094
v 18.52390120 39.59589326 -25.30535003
v 18.05454848 38.78528542 -24.87406023
v 19.25485060 39.38087411 -24.87720364
v 19.11643050 39.74212586 -25.34888338
v 18.52390120 39.59589326 -25.30535003
v 20.69854567 39.66706793 -25.02878449
v 20.11022780 40.18614139 -25.19313700
v 19.25485060 39.38087411 -24.87720364
v 25.94256518 45.00903626 -26.30673947
v 25.26695940 44.38196867 -26.42681078
v 25.37733385 45.32007898 -26.68302126
v 25.91721270 46.01193920 -26.53850538
v 24.56751177 45.71119602 -27.00484444
v 25.91721270 46.01193920 -26.53850538
v 25.55352709 46.42204577 -27.11605061
v 22.04405138 43.66539296 -26.97782079
v 21.39084551 43.06466968 -27.03795558
v 21.39781115 44.39781860 -27.26480821
v 20.67514727 43.98168469 -27.46186015
v 20.51118395 43.40122133 -27.15991914
v 23.85193560 40.90219063 -24.90480703
v 23.19007036 40.46577401 -24.85845076
v 23.65885851 41.39432469 -25.07936766
v 23.65885851 41.39432469 -25.07936766
v 24.18142626 41.39150945 -25.09595396
v 24.13706133 41.89845213 -25.48932563
v 24.80984423 42.91702583 -25.88387230
v 24.39714739 41.09249826 -24.84496209
v 25.40374682 41.63639683 -24.89598757
v 25.63403246 42.09744964 -25.43540110
v 18.77489302 40.88832781 -26.19893545
v 18.43235609 41.88406289 -26.72704230
v 18.21092055 40.86191482 -26.37534231
v 20.51118395 43.40122133 -27.15991914
v 20.27268145 43.64109331 -27.13082066
v 19.50282976 43.41650680 -27.25553071
v 20.26383135 44.17641733 -27.63123274
v 19.27448962 43.93430994 -27.59824320
v 19.50282976 43.41650680 -27.25553071
v 19.66817400 42.89285955 -26.92592552
v 20.61227343 42.69513998 -26.90692830
v 18.91043017 43.70741173 -27.72005407
v 19.50282976 43.41650680 -27.25553071
v 19.50282976 43.41650680 -27.25553071
v 18.79070875 42.83756930 -27.08663108
v 20.61227343 42.69513998 -26.90692830
v 19.66817400 42.89285955 -26.92592552
v 20.14994643 41.82383648 -26.52562628
v 20.28560469 36.65196985 -21.99568769
v 19.77816603 36.66110221 -22.17886945
v 18.10920546 35.32317361 -21.10928916
v 18.18895552 36.03533165 -22.06986056
v 19.21638319 37.41490151 -22.98801264
v 22.03237841 39.96148630 -24.81438330
v 24.73184893 41.06694743 -24.75987908
v 20.05971358 36.33251193 -21.45886818
v 20.54387495 36.34729771 -21.36017433
v 20.28560469 36.65196985 -21.99568769
v 20.24111769 35.90532692 -21.15459260
v 20.05971358 36.33251193 -21.45886818
v 21.95651934 37.32959731 -22.63165887
v 21.36072466 37.90809610 -22.94740909
v 20.94540236 37.63036328 -22.77832640
v 21.19463274 35.65679184 -20.66892056
v 21.58141253 35.97953804 -21.13524446
v 21.63744280 36.13050848 -21.26019871
v 18.91043017 43.70741173 -27.72005407
v 17.64581129 42.93529416 -27.40335778
v 19.26589796 41.61601940 -26.57550722
v 18.86073134 42.27770148 -26.85143201
v 18.77489302 40.88832781 -26.19893545
v 21.52883074 42.46771164 -26.31946488
v 20.97627089 41.88660353 -26.39592658
v 24.56776354 44.84363471 -26.86775934
v 23.19847796 44.26468571 -26.99834396
v 23.10793230 43.76054299 -26.76097815
v 18.18895552 36.03533165 -22.06986056
v 18.64569685 36.63444506 -22.45770856
v 17.76879713 36.28836041 -22.79340186
v 17.62560866 35.89915455 -22.31136140
v 17.62560866 35.89915455 -22.31136140
v 17.76879713 36.28836041 -22.79340186
v 17.11515639 35.58751671 -22.10404018
v 18.33164046 37.38561976 -23.80620417
v 17.95459578 37.58935508 -24.04196775
v 17.57133314 37.37599148 -23.75331720
v 24.80984423 42.91702583 -25.88387230
v 24.24272845 43.11117864 -26.03099758
v 23.56931994 42.25402001 -25.83408277
v 17.63470290 36.84543587 -23.00000596
v 17.57133314 37.37599148 -23.75331720
v 17.20482466 36.55152868 -23.18724651
v 23.16377947 42.79195329 -26.21131064
v 23.96682665 46.56219387 -27.46898642
v 23.09726641 46.75596514 -28.07213587
v 23.17883990 45.93367292 -27.40933971
v 24.17627642 45.99510098 -27.47159558
v 23.17883990 45.93367292 -27.40933971
v 23.38571856 45.41799453 -27.28804752
v 22.66180346 46.28374375 -28.12630449
v 22.10673449 46.80213434 -28.55217738
v 22.43051073 45.59015560 -27.52007269
v 22.36142657 44.05113511 -27.20439861
v 18.43235609 41.88406289 -26.72704230
v 18.02637312 41.54587479 -26.26482301
v 18.21092055 40.86191482 -26.37534231
v 21.05847094 44.71086403 -27.68912467
v 20.30876086 44.70294845 -28.22162589
v 20.67514727 43.98168469 -27.46186015
v 21.73024676 44.02765944 -27.35076091
v 20.51118395 43.40122133 -27.15991914
v 23.09726641 46.75596514 -28.07213587
v 22.67811510 47.16087228 -28.59032441
v 22.66180346 46.28374375 -28.12630449
v 22.22219012 46.00782679 -27.54773694
v 21.99322436 46.69865311 -28.14180749
v 21.98814318 45.65923207 -27.93437934
v 22.10673449 46.80213434 -28.55217738
v 21.99322436 46.69865311 -28.14180749
v 22.22219012 46.00782679 -27.54773694
v 18.40355608 43.56625264 -27.88846531
v 17.85288164 43.69767656 -28.06148474
v 17.64581129 42.93529416 -27.40335778
v 18.64569685 36.63444506 -22.45770856
v 19.21249220 36.47302998 -22.32968729
v 18.21845076 36.82692695 -23.05969834
v 21.98814318 45.65923207 -27.93437934
v 21.20197222 45.82781110 -28.36273936
v 18.21092055 40.86191482 -26.37534231
v 16.86994002 41.15814130 -26.46674250
v 17.25665114 40.29585192 -26.16020855
v 21.05100176 45.16050997 -28.07060973
v 20.54595110 45.46769604 -28.41223881
v 20.30876086 44.70294845 -28.22162589
v 18.86073134 42.27770148 -26.85143201
v 17.55012343 42.55733400 -27.15404436
v 18.43235609 41.88406289 -26.72704230
v 20.54595110 45.46769604 -28.41223881
v 19.94758532 45.05423626 -28.39554563
v 20.30876086 44.70294845 -28.22162589
v 17.55012343 42.55733400 -27.15404436
v 17.14113447 41.80848609 -26.81354436
v 18.91043017 43.70741173 -27.72005407
v 18.40355608 43.56625264 -27.88846531
v 20.68593428 40.43995601 -25.65679060
v 20.91741011 40.15582213 -25.47009927
v 17.98678419 39.77223140 -25.67786288
v 17.01532576 39.31755767 -25.42964808
v 17.21323225 38.80513708 -25.01958330
v 20.69854567 39.66706793 -25.02878449
v 19.25485060 39.38087411 -24.87720364
v 19.45789931 39.00790353 -24.85700094
v 18.53149245 38.25362349 -24.50638436
v 17.95459578 37.58935508 -24.04196775
v 18.33164046 37.38561976 -23.80620417
v 17.21323225 38.80513708 -25.01958330
v 17.75348494 38.22809553 -24.54544686
v 18.47527239 44.21764648 -28.21205855
v 17.85288164 43.69767656 -28.06148474
v 20.91741011 40.15582213 -25.47009927
v 20.68593428 40.43995601 -25.65679060
v 20.11022780 40.18614139 -25.19313700
v 17.95459578 37.58935508 -24.04196775
v 17.57133314 37.37599148 -23.75331720
v 22.51560137 41.15931637 -25.61368464
v 21.78866503 40.46977171 -25.49388777
v 20.11022780 40.18614139 -25.19313700
v 19.11643050 39.74212586 -25.34888338
v 19.25485060 39.38087411 -24.87720364
v 18.21092055 40.86191482 -26.37534231
v 18.02637312 41.54587479 -26.26482301
v 16.86994002 41.15814130 -26.46674250
v 19.69188521 40.14996272 -25.70435220
v 18.77489302 40.88832781 -26.19893545
v 19.11643050 39.74212586 -25.34888338
v 20.11022780 40.18614139 -25.19313700
v 20.69854567 39.66706793 -25.02878449
v 20.68593428 40.43995601 -25.65679060
v 19.69188521 40.14996272 -25.70435220
v 20.11022780 40.18614139 -25.19313700
v 18.02637312 41.54587479 -26.26482301
v 17.14113447 41.80848609 -26.81354436
v 16.86994002 41.15814130 -26.46674250
v 17.55012343 42.55733400 -27.15404436
v 18.79070875 42.83756930 -27.08663108
v 21.72378466 39.32382158 -24.37157313
v 21.11305926 38.60237853 -23.55361037
v 21.65633318 38.76778372 -24.05165727
v 18.02637312 41.54587479 -26.26482301
v 18.43235609 41.88406289 -26.72704230
v 17.14113447 41.80848609 -26.81354436
v 19.86262343 38.05248984 -24.04793401
v 20.09460280 38.23573271 -23.62055062
v 20.74686262 38.02214022 -23.36591191
v 19.69427321 35.48635878 -20.79637720
v 19.79900191 35.80373400 -20.56097991
v 20.24111769 35.90532692 -21.15459260
v 17.25665114 40.29585192 -26.16020855
v 17.01532576 39.31755767 -25.42964808
v 24.75499651 41.68964328 -25.17783268
v 25.63403246 42.09744964 -25.43540110
v 25.63403246 42.09744964 -25.43540110
v 25.40374682 41.63639683 -24.89598757
v 25.84812853 41.95928898 -25.15340340
v 21.86051104 36.77604673 -21.74909042
v 24.39714739 41.09249826 -24.84496209
v 24.73184893 41.06694743 -24.75987908
v 25.40374682 41.63639683 -24.89598757
v 24.56751177 45.71119602 -27.00484444
v 24.56776354 44.84363471 -26.86775934
v 25.82892535 45.61475293 -26.51911139
v 25.37733385 45.32007898 -26.68302126
v 25.26695940 44.38196867 -26.42681078
v 24.38516161 43.87000958 -26.51210732
v 24.91162035 43.33088992 -26.15262542
v 25.26695940 44.38196867 -26.42681078
v 24.91162035 43.33088992 -26.15262542
v 25.91721270 46.01193920 -26.53850538
v 25.55352709 46.42204577 -27.11605061
v 24.56751177 45.71119602 -27.00484444
v 20.51118395 43.40122133 -27.15991914
v 20.67514727 43.98168469 -27.46186015
v 20.27268145 43.64109331 -27.13082066
v 18.43235609 41.88406289 -26.72704230
v 18.77489302 40.88832781 -26.19893545
v 23.10793230 43.76054299 -26.76097815
v 22.04405138 43.66539296 -26.97782079
v 21.99818346 42.89556041 -26.60587242
v 24.13706133 41.89845213 -25.48932563
v 25.12245104 42.47731717 -25.53212663
v 25.12245104 42.47731717 -25.53212663
v 24.75499651 41.68964328 -25.17783268
v 25.63403246 42.09744964 -25.43540110
v 23.56931994 42.25402001 -25.83408277
v 23.02993700 41.67259151 -25.63805301
v 23.50506518 41.89329466 -25.46651374
v 23.85193560 40.90219063 -24.90480703
v 23.85193560 40.90219063 -24.90480703
v 24.39714739 41.09249826 -24.84496209
v 24.18142626 41.39150945 -25.09595396
v 24.56751177 45.71119602 -27.00484444
v 24.16065142 44.83683690 -26.98296319
v 24.56776354 44.84363471 -26.86775934
v 23.16497729 41.35631503 -25.19287779
v 22.75636217 40.50478309 -24.92063033
v 23.19007036 40.46577401 -24.85845076
v 22.51560137 41.15931637 -25.61368464
v 22.75636217 40.50478309 -24.92063033
v 26.23954699 48.43997003 -27.39945243
v 25.64049456 48.89327038 -28.15750914
v 25.48368761 48.28325558 -27.48361988
v 24.71710131 46.86128139 -27.49985500
v 24.14816973 47.13335701 -27.74030304
v 23.96682665 46.56219387 -27.46898642
v 25.85433886 47.84913446 -27.37079633
v 25.25384447 48.13627905 -27.80153673
v 25.30786822 47.28000930 -27.32714084
v 24.87453387 47.68547722 -27.70827494
v 24.28369829 47.46679967 -27.90482336
v 24.71710131 46.86128139 -27.49985500
v 24.71710131 46.86128139 -27.49985500
v 25.04408190 46.79261690 -27.13574977
v 24.87453387 47.68547722 -27.70827494
v 24.28369829 47.46679967 -27.90482336
v 17.76879713 36.28836041 -22.79340186
v 18.21845076 36.82692695 -23.05969834
v 17.63470290 36.84543587 -23.00000596
v 17.11515639 35.58751671 -22.10404018
v 17.76879713 36.28836041 -22.79340186
v 17.20482466 36.55152868 -23.18724651
v 17.98678419 39.77223140 -25.67786288
v 18.77489302 40.88832781 -26.19893545
v 17.25665114 40.29585192 -26.16020855
v 17.19515822 34.74582685 -20.82480420
v 18.10920546 35.32317361 -21.10928916
v 17.57013533 35.48222351 -21.65427209
v 18.86073134 42.27770148 -26.85143201
v 18.79070875 42.83756930 -27.08663108
v 17.55012343 42.55733400 -27.15404436
v 18.64569685 36.63444506 -22.45770856
v 18.21845076 36.82692695 -23.05969834
v 17.76879713 36.28836041 -22.79340186
v 24.16065142 44.83683690 -26.98296319
v 23.92648241 45.10256867 -27.19383970
v 22.88680956 44.65332703 -27.21602591
v 20.97627089 41.88660353 -26.39592658
v 20.61227343 42.69513998 -26.90692830
v 24.14816973 47.13335701 -27.74030304
v 23.09726641 46.75596514 -28.07213587
v 25.55352709 46.42204577 -27.11605061
v 25.04408190 46.79261690 -27.13574977
v 19.94758532 45.05423626 -28.39554563
v 19.53269884 44.89552199 -28.26306879
v 19.35713122 44.62804305 -28.24101980
v 23.81346819 48.08647807 -28.50234238
v 23.41910479 47.69601325 -28.71285257
v 23.22357867 47.53531536 -28.44718177
v 24.91162035 43.33088992 -26.15262542
v 24.80984423 42.91702583 -25.88387230
v 25.40833208 43.80529714 -25.99828285
v 25.40833208 43.80529714 -25.99828285
v 26.00869677 43.65425428 -25.52925817
v 25.95517657 44.08433844 -25.92017315
v 24.28369829 47.46679967 -27.90482336
v 24.26431200 48.36767466 -28.53812429
v 23.81346819 48.08647807 -28.50234238
v 24.28369829 47.46679967 -27.90482336
v 23.81346819 48.08647807 -28.50234238
v 23.82990954 47.40717207 -28.28331762
v 25.25384447 48.13627905 -27.80153673
v 24.78480456 48.80313762 -28.47655515
v 24.26431200 48.36767466 -28.53812429
v 25.64049456 48.89327038 -28.15750914
v 25.62650225 49.52764210 -28.43581430
v 24.78480456 48.80313762 -28.47655515
v 25.25384447 48.13627905 -27.80153673
v 25.64049456 48.89327038 -28.15750914
v 24.78480456 48.80313762 -28.47655515
v 23.92648241 45.10256867 -27.19383970
v 24.17627642 45.99510098 -27.47159558
v 24.71710131 46.86128139 -27.49985500
v 23.96682665 46.56219387 -27.46898642
v 24.17627642 45.99510098 -27.47159558
v 24.87942431 45.95245652 -27.19611340
v 25.04408190 46.79261690 -27.13574977
v 24.71710131 46.86128139 -27.49985500
v 24.71710131 46.86128139 -27.49985500
v 24.28369829 47.46679967 -27.90482336
v 24.14816973 47.13335701 -27.74030304
v 25.85433886 47.84913446 -27.37079633
v 25.48368761 48.28325558 -27.48361988
v 25.25384447 48.13627905 -27.80153673
v 25.30786822 47.28000930 -27.32714084
v 25.25384447 48.13627905 -27.80153673
v 24.87453387 47.68547722 -27.70827494
v 25.85433886 47.84913446 -27.37079633
v 26.23954699 48.43997003 -27.39945243
v 25.48368761 48.28325558 -27.48361988
v 23.38571856 45.41799453 -27.28804752
v 22.43051073 45.59015560 -27.52007269
v 22.88680956 44.65332703 -27.21602591
v 23.17883990 45.93367292 -27.40933971
v 22.66180346 46.28374375 -28.12630449
v 23.38571856 45.41799453 -27.28804752
v 21.99818346 42.89556041 -26.60587242
v 21.39084551 43.06466968 -27.03795558
v 21.52883074 42.46771164 -26.31946488
v 24.16065142 44.83683690 -26.98296319
v 22.88680956 44.65332703 -27.21602591
v 23.19847796 44.26468571 -26.99834396
v 19.26589796 41.61601940 -26.57550722
v 20.23835585 41.19201586 -26.16663264
v 18.77489302 40.88832781 -26.19893545
v 18.21092055 40.86191482 -26.37534231
v 17.25665114 40.29585192 -26.16020855
v 24.16065142 44.83683690 -26.98296319
v 24.56751177 45.71119602 -27.00484444
v 23.92648241 45.10256867 -27.19383970
v 20.24111769 35.90532692 -21.15459260
v 20.05971358 36.33251193 -21.45886818
v 19.55415938 35.82495887 -21.20993621
v 20.54387495 36.34729771 -21.36017433
v 21.07654497 36.75455470 -21.90050338
v 20.28560469 36.65196985 -21.99568769
v 12.33547804 37.96704047 -25.00177616
v 12.43210432 39.02621401 -25.23058188
v 11.30001662 38.12234535 -25.12821051
v 16.14959547 39.10771881 -25.39200462
v 16.08012984 40.62010880 -26.28676500
v 15.28976271 40.16705251 -25.99104959
v 14.49299452 36.29231234 -23.35068336
v 12.94814131 36.90702781 -23.99063707
v 13.04734633 36.26224486 -23.57343116
v 17.01532576 39.31755767 -25.42964808
v 16.14959547 39.10771881 -25.39200462
v 16.86830733 39.90614251 -25.79619481
v 17.25665114 40.29585192 -26.16020855
v 16.08012984 40.62010880 -26.28676500
v 15.66066572 35.78865796 -22.76361663
v 14.21458266 35.39067827 -22.44676781
v 11.91067335 39.64476806 -25.67754243
v 10.87916395 39.34092741 -25.74687831
v 11.05611250 38.96955145 -25.28365193
v 16.86994002 41.15814130 -26.46674250
v 16.43001482 41.99391852 -26.89185250
v 15.67308638 41.19260327 -26.53009700
v 14.96316359 37.38548236 -24.25353083
v 14.38324568 37.47238876 -24.45180355
v 13.68925307 37.01307640 -23.99652698
v 14.85259840 38.68434083 -25.33736283
v 14.46758101 39.94392325 -25.93007543
v 14.05570051 38.85781800 -25.34766254
v 15.59534285 39.05795989 -25.44379294
v 14.85222456 39.50529418 -25.44339628
v 14.85259840 38.68434083 -25.33736283
v 13.00568220 37.49079082 -24.72554622
v 12.99149916 38.94388520 -25.32201253
v 12.33547804 37.96704047 -25.00177616
v 17.11515639 35.58751671 -22.10404018
v 17.20482466 36.55152868 -23.18724651
v 16.84728834 36.44362614 -23.23332804
v 8.93279097 34.93506699 -22.78867142
v 9.21114180 34.77625359 -22.33026685
v 9.76074812 34.19748012 -22.11937503
v 11.04576037 40.37865467 -26.34924970
v 10.23267958 41.28730023 -26.77834225
v 9.99561140 39.88904594 -26.08161046
v 13.33184740 40.48425222 -25.95863997
v 12.78105089 40.42147752 -26.25675093
v 13.35977003 39.77091150 -25.75498080
v 14.32074663 41.40005411 -26.65416625
v 14.46758101 39.94392325 -25.93007543
v 10.04361651 44.16295128 -28.64826155
v 10.87470934 43.49657331 -28.33072604
v 10.58129809 44.29256321 -28.88500168
v 15.49613879 42.25938322 -27.35742872
v 14.56728289 42.77172747 -28.04402853
v 14.90480635 41.86330328 -26.91025458
v 10.04361651 44.16295128 -28.64826155
v 10.58129809 44.29256321 -28.88500168
v 10.26530382 44.72608830 -28.88658866
v 10.32485030 42.61582853 -27.41527484
v 10.40008375 43.19816874 -27.60175260
v 9.72573683 42.77464582 -27.41336752
v 11.41377184 42.95202545 -27.28758935
v 11.73102495 42.49292280 -27.36298295
v 11.79897997 42.86907474 -27.95650413
v 13.33184740 40.48425222 -25.95863997
v 13.75671313 40.83804244 -26.39533132
v 12.78105089 40.42147752 -26.25675093
v 10.40008375 43.19816874 -27.60175260
v 10.87470934 43.49657331 -28.33072604
v 9.97490618 43.61622899 -27.90952244
v 17.55012343 42.55733400 -27.15404436
v 16.71965620 42.63817498 -27.66178058
v 16.43001482 41.99391852 -26.89185250
v 17.85288164 43.69767656 -28.06148474
v 16.97917864 43.42040529 -28.08635652
v 16.81145403 43.23766604 -28.04668364
v 14.46758101 39.94392325 -25.93007543
v 13.75671313 40.83804244 -26.39533132
v 13.35977003 39.77091150 -25.75498080
v 10.32485030 42.61582853 -27.41527484
v 9.72573683 42.77464582 -27.41336752
v 9.07698653 42.32276156 -27.33269423
v 10.40008375 43.19816874 -27.60175260
v 11.41377184 42.95202545 -27.28758935
v 10.83179400 43.44454092 -27.85855806
v 10.87916395 39.34092741 -25.74687831
v 11.04576037 40.37865467 -26.34924970
v 9.99561140 39.88904594 -26.08161046
v 15.49613879 42.25938322 -27.35742872
v 15.15811846 42.91489690 -27.90184716
v 14.56728289 42.77172747 -28.04402853
v 15.49613879 42.25938322 -27.35742872
v 16.03313372 42.99210255 -27.96272974
v 16.43001482 41.99391852 -26.89185250
v 15.49613879 42.25938322 -27.35742872
v 15.64949629 41.90653144 -26.82700263
v 17.14113447 41.80848609 -26.81354436
v 16.43001482 41.99391852 -26.89185250
v 16.86994002 41.15814130 -26.46674250
v 15.59534285 39.05795989 -25.44379294
v 14.85222456 39.50529418 -25.44339628
v 16.03313372 42.99210255 -27.96272974
v 16.43001482 41.99391852 -26.89185250
v 16.71965620 42.63817498 -27.66178058
v 17.55012343 42.55733400 -27.15404436
v 17.64581129 42.93529416 -27.40335778
v 16.71965620 42.63817498 -27.66178058
v 12.49592516 43.14547623 -28.16522915
v 13.24632189 43.14041035 -27.91986782
v 12.90183947 43.36753359 -28.05744110
v 8.59502241 39.62926507 -26.01961396
v 9.99561140 39.88904594 -26.08161046
v 9.09712813 40.26777669 -26.27532085
v 14.88516829 34.92330162 -22.07485001
v 14.21458266 35.39067827 -22.44676781
v 13.40544722 34.76869958 -22.02466382
v 12.53438399 34.85724630 -22.25545302
v 11.77620528 34.70607845 -22.14955700
v 12.10606978 34.50738623 -21.50867257
v 9.99561140 39.88904594 -26.08161046
v 10.23267958 41.28730023 -26.77834225
v 9.09712813 40.26777669 -26.27532085
v 12.78105089 40.42147752 -26.25675093
v 11.04576037 40.37865467 -26.34924970
v 11.91067335 39.64476806 -25.67754243
v 12.19981310 41.71907055 -26.79643925
v 12.28126452 42.38214017 -27.42764968
v 11.73102495 42.49292280 -27.36298295
v 13.05732653 42.45886130 -27.77910538
v 12.20088122 42.93859382 -27.76142053
v 12.28126452 42.38214017 -27.42764968
v 12.28126452 42.38214017 -27.42764968
v 11.79897997 42.86907474 -27.95650413
v 11.73102495 42.49292280 -27.36298295
v 10.87470934 43.49657331 -28.33072604
v 11.79897997 42.86907474 -27.95650413
v 11.43498156 43.67190821 -28.53429357
v 13.05732653 42.45886130 -27.77910538
v 13.86714861 42.72838489 -28.00908590
v 13.58986590 42.84758652 -28.14249351
v 12.20088122 42.93859382 -27.76142053
v 13.05732653 42.45886130 -27.77910538
v 12.49592516 43.14547623 -28.16522915
v 12.49592516 43.14547623 -28.16522915
v 12.90183947 43.36753359 -28.05744110
v 12.66264269 43.36153305 -28.20845734
v 16.86994002 41.15814130 -26.46674250
v 16.08012984 40.62010880 -26.28676500
v 16.86830733 39.90614251 -25.79619481
v 16.08012984 40.62010880 -26.28676500
v 16.14959547 39.10771881 -25.39200462
v 16.08012984 40.62010880 -26.28676500
v 15.67308638 41.19260327 -26.53009700
v 15.28976271 40.16705251 -25.99104959
v 9.61655257 38.02459756 -25.06819768
v 10.39757368 38.75894962 -25.39642961
v 9.10654280 39.09491758 -25.77966941
v 9.76074812 34.19748012 -22.11937503
v 10.99280379 34.61820309 -22.07172190
v 10.57440016 34.89569936 -22.48946182
v 11.20112440 35.24626997 -22.91502950
v 10.57440016 34.89569936 -22.48946182
v 10.99280379 34.61820309 -22.07172190
v 11.79019854 40.87435165 -26.57323354
v 11.29574511 41.91184146 -27.05950080
v 10.23267958 41.28730023 -26.77834225
v 10.40008375 43.19816874 -27.60175260
v 10.83179400 43.44454092 -27.85855806
v 10.87470934 43.49657331 -28.33072604
v 13.68925307 37.01307640 -23.99652698
v 12.49767897 37.34211685 -24.45253595
v 12.94814131 36.90702781 -23.99063707
v 13.68925307 37.01307640 -23.99652698
v 13.67996809 37.39469871 -24.01773676
v 13.49317000 37.59317729 -24.70961607
v 16.14959547 39.10771881 -25.39200462
v 15.88712141 38.26735635 -24.86084603
v 13.11461565 41.35721506 -26.67356016
v 11.79019854 40.87435165 -26.57323354
v 11.29574511 41.91184146 -27.05950080
v 11.04437945 42.58130179 -26.87869952
v 10.32485030 42.61582853 -27.41527484
v 8.59502241 39.62926507 -26.01961396
v 9.10654280 39.09491758 -25.77966941
v 9.99561140 39.88904594 -26.08161046
v 10.87734911 44.01979712 -28.72075603
v 11.43498156 43.67190821 -28.53429357
v 11.24868700 44.07529335 -28.64620159
v 14.05570051 38.85781800 -25.34766254
v 13.35977003 39.77091150 -25.75498080
v 13.32569716 38.39052524 -25.17503978
v 12.99149916 38.94388520 -25.32201253
v 11.96915266 39.15226015 -25.48598351
v 12.43210432 39.02621401 -25.23058188
v 13.49317000 37.59317729 -24.70961607
v 13.32569716 38.39052524 -25.17503978
v 13.00568220 37.49079082 -24.72554622
v 12.43210432 39.02621401 -25.23058188
v 11.96915266 39.15226015 -25.48598351
v 11.30001662 38.12234535 -25.12821051
v 11.96915266 39.15226015 -25.48598351
v 11.05611250 38.96955145 -25.28365193
v 11.30001662 38.12234535 -25.12821051
v 11.18781874 37.09030201 -24.45636586
v 10.76803419 37.52181294 -24.43932186
v 9.98758528 36.51266534 -24.16698283
v 8.90016768 41.26970683 -26.82666684
v 9.09712813 40.26777669 -26.27532085
v 9.60946486 41.67200480 -26.88857181
v 7.73042128 43.35575479 -27.84842621
v 9.07698653 42.32276156 -27.33269423
v 9.97490618 43.61622899 -27.90952244
v 8.27852557 44.04955283 -27.99542950
v 9.97490618 43.61622899 -27.90952244
v 8.79424975 44.70817929 -28.58675346
v 17.25665114 40.29585192 -26.16020855
v 14.02828142 41.96333987 -27.08739388
v 13.11461565 41.35721506 -26.67356016
v 14.02828142 41.96333987 -27.08739388
v 13.05732653 42.45886130 -27.77910538
v 12.19981310 41.71907055 -26.79643925
v 14.90480635 41.86330328 -26.91025458
v 14.32074663 41.40005411 -26.65416625
v 15.64829848 36.40415927 -23.33188455
v 14.49299452 36.29231234 -23.35068336
v 15.66066572 35.78865796 -22.76361663
v 13.75671313 40.83804244 -26.39533132
v 11.04437945 42.58130179 -26.87869952
v 10.40008375 43.19816874 -27.60175260
v 10.32485030 42.61582853 -27.41527484
v 13.58986590 42.84758652 -28.14249351
v 13.24632189 43.14041035 -27.91986782
v 13.05732653 42.45886130 -27.77910538
v 11.79897997 42.86907474 -27.95650413
v 11.68408892 43.38610349 -28.33295380
v 11.43498156 43.67190821 -28.53429357
v 12.20088122 42.93859382 -27.76142053
v 11.79897997 42.86907474 -27.95650413
v 12.28126452 42.38214017 -27.42764968
v 11.73102495 42.49292280 -27.36298295
v 11.41377184 42.95202545 -27.28758935
v 11.04437945 42.58130179 -26.87869952
v 10.04361651 44.16295128 -28.64826155
v 10.26530382 44.72608830 -28.88658866
v 9.53818438 44.88748808 -29.21642267
v 14.32074663 41.40005411 -26.65416625
v 13.11461565 41.35721506 -26.67356016
v 13.75671313 40.83804244 -26.39533132
v 13.75671313 40.83804244 -26.39533132
v 13.11461565 41.35721506 -26.67356016
v 12.78105089 40.42147752 -26.25675093
v 8.58529589 45.14735770 -28.96628539
v 9.27722094 45.30242797 -29.19603700
v 8.77523730 45.60575073 -29.38393378
v 9.07698653 42.32276156 -27.33269423
v 9.72573683 42.77464582 -27.41336752
v 9.97490618 43.61622899 -27.90952244
v 11.20112440 35.24626997 -22.91502950
v 9.94341109 35.60675879 -23.37479213
v 15.59534285 39.05795989 -25.44379294
v 11.91067335 39.64476806 -25.67754243
v 11.04576037 40.37865467 -26.34924970
v 10.87916395 39.34092741 -25.74687831
v 11.17307112 36.33855495 -23.99519936
v 11.18781874 37.09030201 -24.45636586
v 9.98758528 36.51266534 -24.16698283
v 9.60946486 41.67200480 -26.88857181
v 10.23267958 41.28730023 -26.77834225
v 11.79897997 42.86907474 -27.95650413
v 12.25779650 43.24353680 -28.41684660
v 11.68408892 43.38610349 -28.33295380
v 12.20088122 42.93859382 -27.76142053
v 12.49592516 43.14547623 -28.16522915
v 11.79897997 42.86907474 -27.95650413
v 11.77620528 34.70607845 -22.14955700
v 11.20112440 35.24626997 -22.91502950
v 10.99280379 34.61820309 -22.07172190
v 11.18781874 37.09030201 -24.45636586
v 11.30001662 38.12234535 -25.12821051
v 10.76803419 37.52181294 -24.43932186
v 17.19515822 34.74582685 -20.82480420
v 17.57013533 35.48222351 -21.65427209
v 17.00666640 35.15715036 -21.05084797
v 14.96316359 37.38548236 -24.25353083
v 15.88712141 38.26735635 -24.86084603
v 14.45408461 38.08956855 -24.97077032
v 12.53438399 34.85724630 -22.25545302
v 12.50966475 35.52878550 -22.89352991
v 11.77620528 34.70607845 -22.14955700
v 11.20112440 35.24626997 -22.91502950
v 11.21159956 35.89965127 -23.23000153
v 9.94341109 35.60675879 -23.37479213
v 12.94814131 36.90702781 -23.99063707
v 12.49767897 37.34211685 -24.45253595
v 11.89429304 36.79004721 -24.28748154
v 11.21159956 35.89965127 -23.23000153
v 11.17307112 36.33855495 -23.99519936
v 9.94341109 35.60675879 -23.37479213
v 15.64829848 36.40415927 -23.33188455
v 15.90500471 36.98282587 -23.85783984
v 14.96316359 37.38548236 -24.25353083
v 16.14959547 39.10771881 -25.39200462
v 15.59534285 39.05795989 -25.44379294
v 14.85259840 38.68434083 -25.33736283
v 14.05570051 38.85781800 -25.34766254
v 14.46758101 39.94392325 -25.93007543
v 13.35977003 39.77091150 -25.75498080
v 13.32569716 38.39052524 -25.17503978
v 13.35977003 39.77091150 -25.75498080
v 12.99149916 38.94388520 -25.32201253
v 11.96915266 39.15226015 -25.48598351
v 11.91067335 39.64476806 -25.67754243
v 11.05611250 38.96955145 -25.28365193
v 15.67308638 41.19260327 -26.53009700
v 14.90480635 41.86330328 -26.91025458
v 15.28976271 40.16705251 -25.99104959
v 10.76803419 37.52181294 -24.43932186
v 11.30001662 38.12234535 -25.12821051
v 10.38088820 37.72139021 -24.77910461
v 8.82800886 35.54872960 -23.46384242
v 8.93279097 34.93506699 -22.78867142
v 9.94341109 35.60675879 -23.37479213
v 9.61655257 38.02459756 -25.06819768
v 9.29158613 37.53025863 -24.72482907
v 9.10654280 39.09491758 -25.77966941
v 8.34478590 38.56825292 -25.29056410
v 9.61655257 38.02459756 -25.06819768
v 9.99561140 39.88904594 -26.08161046
v 10.39757368 38.75894962 -25.39642961
v 8.85900709 36.72961480 -24.14317916
v 9.08093855 36.27449856 -23.96323218
v 9.98758528 36.51266534 -24.16698283
v 9.08093855 36.27449856 -23.96323218
v 9.94341109 35.60675879 -23.37479213
v 9.98758528 36.51266534 -24.16698283
v 8.34478590 38.56825292 -25.29056410
v 9.61655257 38.02459756 -25.06819768
v 10.38088820 37.72139021 -24.77910461
v 10.39757368 38.75894962 -25.39642961
v 9.61655257 38.02459756 -25.06819768
v 16.24252150 37.65109209 -24.30908812
v 15.88712141 38.26735635 -24.86084603
v 14.96316359 37.38548236 -24.25353083
v 17.21323225 38.80513708 -25.01958330
v 16.24252150 37.65109209 -24.30908812
v 17.01532576 39.31755767 -25.42964808
v 16.86830733 39.90614251 -25.79619481
v 13.04734633 36.26224486 -23.57343116
v 12.94814131 36.90702781 -23.99063707
v 11.89429304 36.79004721 -24.28748154
v 13.49317000 37.59317729 -24.70961607
v 12.49767897 37.34211685 -24.45253595
v 11.94575331 36.07138888 -23.57358371
v 11.20112440 35.24626997 -22.91502950
v 14.49299452 36.29231234 -23.35068336
v 13.68925307 37.01307640 -23.99652698
v 12.94814131 36.90702781 -23.99063707
v 15.88712141 38.26735635 -24.86084603
v 16.14959547 39.10771881 -25.39200462
v 14.45408461 38.08956855 -24.97077032
v 16.02190230 35.08542630 -21.79497332
v 16.68087599 35.07195282 -21.65913958
v 17.11515639 35.58751671 -22.10404018
v 15.89841292 34.31114976 -20.65936834
v 16.02190230 35.08542630 -21.79497332
v 14.40451643 34.21439368 -21.25279789
v 10.23267958 41.28730023 -26.77834225
v 11.29574511 41.91184146 -27.05950080
v 9.60946486 41.67200480 -26.88857181
v 15.64829848 36.40415927 -23.33188455
v 14.96316359 37.38548236 -24.25353083
v 14.49299452 36.29231234 -23.35068336
v 10.87470934 43.49657331 -28.33072604
v 11.43498156 43.67190821 -28.53429357
v 10.87734911 44.01979712 -28.72075603
v 17.75348494 38.22809553 -24.54544686
v 16.66569350 36.94496122 -23.65132739
v 16.66569350 36.94496122 -23.65132739
v 15.90500471 36.98282587 -23.85783984
v 15.64829848 36.40415927 -23.33188455
v 11.30001662 38.12234535 -25.12821051
v 10.38088820 37.72139021 -24.77910461
v 14.02828142 41.96333987 -27.08739388
v 14.56728289 42.77172747 -28.04402853
v 13.86714861 42.72838489 -28.00908590
v 15.28976271 40.16705251 -25.99104959
v 14.90480635 41.86330328 -26.91025458
v 13.35977003 39.77091150 -25.75498080
v 13.75671313 40.83804244 -26.39533132
v 13.33184740 40.48425222 -25.95863997
v 13.40544722 34.76869958 -22.02466382
v 13.38160536 35.77208687 -23.00423247
v 12.53438399 34.85724630 -22.25545302
v 13.38160536 35.77208687 -23.00423247
v 13.04734633 36.26224486 -23.57343116
v 12.50966475 35.52878550 -22.89352991
v 14.40451643 34.21439368 -21.25279789
v 14.88516829 34.92330162 -22.07485001
v 13.62374708 34.16706851 -21.45931033
v 17.85288164 43.69767656 -28.06148474
v 16.81145403 43.23766604 -28.04668364
v 9.94341109 35.60675879 -23.37479213
v 8.93279097 34.93506699 -22.78867142
v 9.76074812 34.19748012 -22.11937503
v 8.82800886 35.54872960 -23.46384242
v 9.94341109 35.60675879 -23.37479213
v 9.08093855 36.27449856 -23.96323218
v 14.38324568 37.47238876 -24.45180355
v 14.45408461 38.08956855 -24.97077032
v 13.49317000 37.59317729 -24.70961607
v 10.57440016 34.89569936 -22.48946182
v 9.94341109 35.60675879 -23.37479213
v 8.50993941 37.80583997 -24.81081239
v 8.85900709 36.72961480 -24.14317916
v 9.29158613 37.53025863 -24.72482907
v 16.71965620 42.63817498 -27.66178058
v 16.39261553 42.98453037 -27.98676233
v 16.03313372 42.99210255 -27.96272974
v 8.85900709 36.72961480 -24.14317916
v 9.98758528 36.51266534 -24.16698283
v 9.29158613 37.53025863 -24.72482907
v 13.00568220 37.49079082 -24.72554622
v 12.33547804 37.96704047 -25.00177616
v 13.32569716 38.39052524 -25.17503978
v 13.00568220 37.49079082 -24.72554622
v 17.20482466 36.55152868 -23.18724651
v 16.66569350 36.94496122 -23.65132739
v 16.84728834 36.44362614 -23.23332804
v 17.75348494 38.22809553 -24.54544686
v 16.24252150 37.65109209 -24.30908812
v 16.66569350 36.94496122 -23.65132739
v 16.24252150 37.65109209 -24.30908812
v 9.53818438 44.88748808 -29.21642267
v 9.27722094 45.30242797 -29.19603700
v 8.58529589 45.14735770 -28.96628539
v 13.49317000 37.59317729 -24.70961607
v 13.00568220 37.49079082 -24.72554622
v 12.49767897 37.34211685 -24.45253595
v 16.71965620 42.63817498 -27.66178058
v 16.81145403 43.23766604 -28.04668364
v 16.39261553 42.98453037 -27.98676233
v 14.96316359 37.38548236 -24.25353083
v 14.49299452 36.29231234 -23.35068336
v 17.64581129 42.93529416 -27.40335778
v 16.81145403 43.23766604 -28.04668364
v 14.02828142 41.96333987 -27.08739388
v 13.86714861 42.72838489 -28.00908590
v 13.05732653 42.45886130 -27.77910538
v 8.27852557 44.04955283 -27.99542950
v 7.73042128 43.35575479 -27.84842621
v 9.97490618 43.61622899 -27.90952244
v 12.28126452 42.38214017 -27.42764968
v 16.63344405 34.67471326 -20.86070812
v 16.68087599 35.07195282 -21.65913958
v 15.89841292 34.31114976 -20.65936834
v 11.79897997 42.86907474 -27.95650413
v 10.87470934 43.49657331 -28.33072604
v 11.41377184 42.95202545 -27.28758935
v 12.19981310 41.71907055 -26.79643925
v 11.73102495 42.49292280 -27.36298295
v 11.29574511 41.91184146 -27.05950080
v 11.41377184 42.95202545 -27.28758935
v 10.87470934 43.49657331 -28.33072604
v 10.83179400 43.44454092 -27.85855806
v 13.05732653 42.45886130 -27.77910538
v 13.24632189 43.14041035 -27.91986782
v 12.49592516 43.14547623 -28.16522915
v 11.41377184 42.95202545 -27.28758935
v 11.04437945 42.58130179 -26.87869952
v 11.73102495 42.49292280 -27.36298295
v 11.04437945 42.58130179 -26.87869952
v 11.29574511 41.91184146 -27.05950080
v 11.29574511 41.91184146 -27.05950080
v 11.29574511 41.91184146 -27.05950080
v 10.32485030 42.61582853 -27.41527484
v 9.60946486 41.67200480 -26.88857181
v 9.99561140 39.88904594 -26.08161046
v 10.39757368 38.75894962 -25.39642961
v 11.89429304 36.79004721 -24.28748154
v 11.18781874 37.09030201 -24.45636586
v 11.17307112 36.33855495 -23.99519936
v 11.79019854 40.87435165 -26.57323354
v 12.78105089 40.42147752 -26.25675093
v 16.86830733 39.90614251 -25.79619481
v 14.49299452 36.29231234 -23.35068336
v 13.04734633 36.26224486 -23.57343116
v 13.38160536 35.77208687 -23.00423247
v 11.17307112 36.33855495 -23.99519936
v 9.98758528 36.51266534 -24.16698283
v 10.76803419 37.52181294 -24.43932186
v 9.29158613 37.53025863 -24.72482907
v 10.38088820 37.72139021 -24.77910461
v 9.29158613 37.53025863 -24.72482907
v 11.63878462 37.67646839 -24.46369018
v 11.30001662 38.12234535 -25.12821051
v 11.18781874 37.09030201 -24.45636586
v 11.05611250 38.96955145 -25.28365193
v 11.30001662 38.12234535 -25.12821051
v 11.05611250 38.96955145 -25.28365193
v 10.87916395 39.34092741 -25.74687831
v 10.39757368 38.75894962 -25.39642961
v 12.49767897 37.34211685 -24.45253595
v 11.89429304 36.79004721 -24.28748154
v 12.49767897 37.34211685 -24.45253595
v 11.63878462 37.67646839 -24.46369018
v 11.18781874 37.09030201 -24.45636586
v 12.33547804 37.96704047 -25.00177616
v 12.49767897 37.34211685 -24.45253595
v 12.33547804 37.96704047 -25.00177616
v 11.30001662 38.12234535 -25.12821051
v 11.63878462 37.67646839 -24.46369018
v 13.35977003 39.77091150 -25.75498080
v 12.99149916 38.94388520 -25.32201253
v 14.45408461 38.08956855 -24.97077032
v 13.32569716 38.39052524 -25.17503978
v 13.49317000 37.59317729 -24.70961607
v 14.45408461 38.08956855 -24.97077032
v 14.38324568 37.47238876 -24.45180355
v 14.85259840 38.68434083 -25.33736283
v 14.45408461 38.08956855 -24.97077032
v 16.84728834 36.44362614 -23.23332804
v 15.64829848 36.40415927 -23.33188455
v 15.66066572 35.78865796 -22.76361663
v 16.84728834 36.44362614 -23.23332804
v 16.66569350 36.94496122 -23.65132739
v 15.64829848 36.40415927 -23.33188455
v 12.33547804 37.96704047 -25.00177616
v 12.99149916 38.94388520 -25.32201253
v 12.43210432 39.02621401 -25.23058188
v 14.45408461 38.08956855 -24.97077032
v 14.05570051 38.85781800 -25.34766254
v 13.32569716 38.39052524 -25.17503978
v 15.90500471 36.98282587 -23.85783984
v 11.68408892 43.38610349 -28.33295380
v 11.55897448 43.76424296 -28.52701514
v 11.43498156 43.67190821 -28.53429357
v 14.02828142 41.96333987 -27.08739388
v 8.79424975 44.70817929 -28.58675346
v 9.53818438 44.88748808 -29.21642267
v 8.58529589 45.14735770 -28.96628539
v 14.38324568 37.47238876 -24.45180355
v 13.49317000 37.59317729 -24.70961607
v 13.67996809 37.39469871 -24.01773676
v 9.07698653 42.32276156 -27.33269423
v 8.90016768 41.26970683 -26.82666684
v 9.60946486 41.67200480 -26.88857181
v 15.67308638 41.19260327 -26.53009700
v 15.64949629 41.90653144 -26.82700263
v 14.90480635 41.86330328 -26.91025458
v 15.64949629 41.90653144 -26.82700263
v 15.49613879 42.25938322 -27.35742872
v 15.67308638 41.19260327 -26.53009700
v 15.64949629 41.90653144 -26.82700263
v 14.85222456 39.50529418 -25.44339628
v 15.28976271 40.16705251 -25.99104959
v 16.03313372 42.99210255 -27.96272974
v 14.90480635 41.86330328 -26.91025458
v 14.56728289 42.77172747 -28.04402853
v 9.53818438 44.88748808 -29.21642267
v 8.79424975 44.70817929 -28.58675346
v 10.04361651 44.16295128 -28.64826155
v 17.55012343 42.55733400 -27.15404436
v 16.43001482 41.99391852 -26.89185250
v 16.24252150 37.65109209 -24.30908812
v 15.90500471 36.98282587 -23.85783984
v 16.66569350 36.94496122 -23.65132739
v 13.35977003 39.77091150 -25.75498080
v 11.91067335 39.64476806 -25.67754243
v 10.87470934 43.49657331 -28.33072604
v 10.04361651 44.16295128 -28.64826155
v 9.97490618 43.61622899 -27.90952244
v 10.87470934 43.49657331 -28.33072604
v 10.87734911 44.01979712 -28.72075603
v 10.58129809 44.29256321 -28.88500168
v 10.32485030 42.61582853 -27.41527484
v 9.60946486 41.67200480 -26.88857181
v 11.94575331 36.07138888 -23.57358371
v 11.89429304 36.79004721 -24.28748154
v 11.17307112 36.33855495 -23.99519936
v 11.94575331 36.07138888 -23.57358371
v 11.17307112 36.33855495 -23.99519936
v 11.21159956 35.89965127 -23.23000153
v 13.04734633 36.26224486 -23.57343116
v 11.94575331 36.07138888 -23.57358371
v 12.50966475 35.52878550 -22.89352991
v 11.94575331 36.07138888 -23.57358371
v 11.77620528 34.70607845 -22.14955700
v 11.94575331 36.07138888 -23.57358371
v 11.21159956 35.89965127 -23.23000153
v 13.38160536 35.77208687 -23.00423247
v 12.53438399 34.85724630 -22.25545302
v 11.79019854 40.87435165 -26.57323354
v 11.79897997 42.86907474 -27.95650413
v 12.49592516 43.14547623 -28.16522915
v 12.25779650 43.24353680 -28.41684660
v 9.97490618 43.61622899 -27.90952244
v 10.04361651 44.16295128 -28.64826155
v 8.79424975 44.70817929 -28.58675346
v 10.40008375 43.19816874 -27.60175260
v 9.97490618 43.61622899 -27.90952244
v 9.72573683 42.77464582 -27.41336752
v 16.02190230 35.08542630 -21.79497332
v 15.66066572 35.78865796 -22.76361663
v 17.57013533 35.48222351 -21.65427209
v 17.62560866 35.89915455 -22.31136140
v 17.00666640 35.15715036 -21.05084797
v 17.11515639 35.58751671 -22.10404018
v 16.68087599 35.07195282 -21.65913958
v 17.00666640 35.15715036 -21.05084797
v 17.57013533 35.48222351 -21.65427209
v 17.11515639 35.58751671 -22.10404018
v 14.40451643 34.21439368 -21.25279789
v 14.88516829 34.92330162 -22.07485001
v 16.63344405 34.67471326 -20.86070812
v 17.00666640 35.15715036 -21.05084797
v 16.63344405 34.67471326 -20.86070812
v 17.19515822 34.74582685 -20.82480420
v 17.00666640 35.15715036 -21.05084797
v 15.89841292 34.31114976 -20.65936834
v 16.68087599 35.07195282 -21.65913958
v 16.02190230 35.08542630 -21.79497332
v 16.02190230 35.08542630 -21.79497332
v 15.66066572 35.78865796 -22.76361663
v 14.88516829 34.92330162 -22.07485001
v 16.84728834 36.44362614 -23.23332804
v 15.66066572 35.78865796 -22.76361663
v 14.85222456 39.50529418 -25.44339628
v 14.46758101 39.94392325 -25.93007543
v 14.85259840 38.68434083 -25.33736283
v 14.05570051 38.85781800 -25.34766254
v 14.38324568 37.47238876 -24.45180355
v 13.67996809 37.39469871 -24.01773676
v 13.68925307 37.01307640 -23.99652698
v 14.21458266 35.39067827 -22.44676781
v 14.88516829 34.92330162 -22.07485001
v 13.38160536 35.77208687 -23.00423247
v 14.21458266 35.39067827 -22.44676781
v 14.88516829 34.92330162 -22.07485001
v 13.40544722 34.76869958 -22.02466382
v 13.62374708 34.16706851 -21.45931033
v 13.04734633 36.26224486 -23.57343116
v 12.50966475 35.52878550 -22.89352991
v 14.21458266 35.39067827 -22.44676781
v 13.38160536 35.77208687 -23.00423247
v 13.40544722 34.76869958 -22.02466382
v 11.27145884 33.83458809 -21.41307615
v 10.99280379 34.61820309 -22.07172190
v 9.76074812 34.19748012 -22.11937503
v 8.94998762 33.15040598 -21.03412401
v 9.81772444 32.73558063 -20.47203593
v 9.76074812 34.19748012 -22.11937503
v 17.85570357 34.07786598 -19.31845644
v 18.89323256 34.33998144 -19.43182928
v 18.12100050 34.39278438 -20.05394538
v 13.62374708 34.16706851 -21.45931033
v 12.72896406 34.20535280 -21.55315189
v 13.54399607 31.61724895 -19.10863243
v 13.80157206 31.98066760 -18.63763944
v 14.40897105 32.04386181 -19.07715361
v 14.40451643 34.21439368 -21.25279789
v 13.62374708 34.16706851 -21.45931033
v 13.89839670 33.84967818 -20.78142332
v 13.40544722 34.76869958 -22.02466382
v 12.53438399 34.85724630 -22.25545302
v 12.72896406 34.20535280 -21.55315189
v 20.36585829 33.54149687 -18.02065056
v 19.60767958 33.67692623 -18.11421748
v 19.47032759 33.23826655 -18.22104419
v 20.88609907 33.69199425 -18.36465999
v 20.44988081 33.60899402 -18.59627313
v 20.44285414 33.40743313 -18.12970511
v 21.02301523 33.97010850 -18.77835632
v 20.38292525 34.17209669 -18.96753482
v 20.44988081 33.60899402 -18.59627313
v 21.02301523 33.97010850 -18.77835632
v 21.09630320 34.41282699 -18.82881721
v 20.65299818 34.42916148 -19.10614570
v 20.36585829 33.54149687 -18.02065056
v 20.44988081 33.60899402 -18.59627313
v 19.60767958 33.67692623 -18.11421748
v 20.00681898 33.41674099 -18.14807669
v 20.36585829 33.54149687 -18.02065056
v 19.47032759 33.23826655 -18.22104419
v 19.60767958 33.67692623 -18.11421748
v 19.64558241 34.09623007 -18.45488527
v 19.47032759 33.23826655 -18.22104419
v 18.51700423 33.53768971 -18.55475395
v 19.15093825 33.56076098 -18.65617913
v 18.77376387 33.95354505 -18.95441223
v 19.47032759 33.23826655 -18.22104419
v 18.94450209 33.13795528 -18.17458116
v 19.64558241 34.09623007 -18.45488527
v 19.84261153 34.61848490 -19.12909495
v 19.20634291 34.38148533 -19.52889044
v 19.47032759 33.23826655 -18.22104419
v 19.64558241 34.09623007 -18.45488527
v 19.15093825 33.56076098 -18.65617913
v 19.51927016 32.99470583 -17.74403914
v 19.49197218 33.02467406 -17.96092758
v 18.79390547 32.75804198 -17.95216899
v 19.49197218 33.02467406 -17.96092758
v 18.94450209 33.13795528 -18.17458116
v 19.15093825 33.56076098 -18.65617913
v 19.20634291 34.38148533 -19.52889044
v 18.77376387 33.95354505 -18.95441223
v 18.77376387 33.95354505 -18.95441223
v 18.89323256 34.33998144 -19.43182928
v 18.51109907 32.68032129 -18.26082376
v 18.79390547 32.75804198 -17.95216899
v 18.94450209 33.13795528 -18.17458116
v 18.51700423 33.53768971 -18.55475395
v 18.77376387 33.95354505 -18.95441223
v 18.32323286 33.64026683 -19.09941645
v 20.38292525 34.17209669 -18.96753482
v 20.65299818 34.42916148 -19.10614570
v 19.84261153 34.61848490 -19.12909495
v 21.02301523 33.97010850 -18.77835632
v 20.65299818 34.42916148 -19.10614570
v 20.88609907 33.69199425 -18.36465999
v 21.02301523 33.97010850 -18.77835632
v 20.44988081 33.60899402 -18.59627313
v 21.09630320 34.41282699 -18.82881721
v 21.54338572 34.66223948 -19.14989269
v 21.28529856 34.62312353 -19.42854869
v 17.85570357 34.07786598 -19.31845644
v 18.89323256 34.33998144 -19.43182928
v 12.13085673 31.54969056 -19.73511252
v 14.68845198 33.05199463 -19.76546249
v 11.87534830 32.50635553 -20.14529944
v 18.10807631 32.76884515 -18.31433635
v 18.51700423 33.53768971 -18.55475395
v 17.46390364 33.75030564 -18.77048275
v 14.68845198 33.05199463 -19.76546249
v 15.31172011 33.72273277 -20.21449825
v 13.89839670 33.84967818 -20.78142332
v 21.28529856 34.62312353 -19.42854869
v 20.65299818 34.42916148 -19.10614570
v 18.32323286 33.64026683 -19.09941645
v 18.77376387 33.95354505 -18.95441223
v 17.85570357 34.07786598 -19.31845644
v 15.36562178 34.30170460 -20.42751104
v 14.40451643 34.21439368 -21.25279789
v 15.36562178 34.30170460 -20.42751104
v 15.31172011 33.72273277 -20.21449825
v 15.89841292 34.31114976 -20.65936834
v 13.89839670 33.84967818 -20.78142332
v 15.31172011 33.72273277 -20.21449825
v 16.11733744 32.34583327 -18.92230747
v 15.31172011 33.72273277 -20.21449825
v 15.13571760 32.56046334 -19.22330238
v 17.73083327 32.16014921 -18.00571198
v 18.10807631 32.76884515 -18.31433635
v 17.26129744 32.59997623 -17.67787697
v 12.72896406 34.20535280 -21.55315189
v 12.53438399 34.85724630 -22.25545302
v 12.10606978 34.50738623 -21.50867257
v 11.17125437 31.49811580 -20.01501974
v 11.58413431 31.71934544 -19.48766076
v 11.87534830 32.50635553 -20.14529944
v 13.77760050 33.23645802 -20.40463794
v 11.29141733 33.24407210 -20.75526965
v 11.87534830 32.50635553 -20.14529944
v 12.72896406 34.20535280 -21.55315189
v 12.10606978 34.50738623 -21.50867257
v 11.29141733 33.24407210 -20.75526965
v 18.51109907 32.68032129 -18.26082376
v 18.94450209 33.13795528 -18.17458116
v 19.15093825 33.56076098 -18.65617913
v 20.44988081 33.60899402 -18.59627313
v 19.64558241 34.09623007 -18.45488527
v 19.60767958 33.67692623 -18.11421748
v 20.44285414 33.40743313 -18.12970511
v 20.44988081 33.60899402 -18.59627313
v 20.36585829 33.54149687 -18.02065056
v 12.85119364 33.81922162 -20.84807370
v 19.64558241 34.09623007 -18.45488527
v 20.38292525 34.17209669 -18.96753482
v 18.51109907 32.68032129 -18.26082376
v 18.10807631 32.76884515 -18.31433635
v 18.34588454 32.19544281 -17.85576387
v 15.13571760 32.56046334 -19.22330238
v 14.68845198 33.05199463 -19.76546249
v 12.13085673 31.54969056 -19.73511252
v 12.10606978 34.50738623 -21.50867257
v 11.77620528 34.70607845 -22.14955700
v 11.27145884 33.83458809 -21.41307615
v 12.13085673 31.54969056 -19.73511252
v 11.87534830 32.50635553 -20.14529944
v 11.58413431 31.71934544 -19.48766076
v 16.35828993 33.89953638 -20.11424803
v 16.63344405 34.67471326 -20.86070812
v 15.89841292 34.31114976 -20.65936834
v 16.93964979 33.74324830 -19.68388912
v 17.62479231 33.73683962 -19.66077205
v 16.83254072 34.39854458 -19.95427497
v 9.01455519 32.15132160 -20.49199433
v 10.38822768 32.19478627 -20.39320894
v 9.81772444 32.73558063 -20.47203593
v 8.94998762 33.15040598 -21.03412401
v 9.76074812 34.19748012 -22.11937503
v 8.92532942 33.77872465 -21.72975705
v 8.93279097 34.93506699 -22.78867142
v 8.92532942 33.77872465 -21.72975705
v 9.21114180 34.77625359 -22.33026685
v 9.81772444 32.73558063 -20.47203593
v 11.29141733 33.24407210 -20.75526965
v 10.75868723 33.63429268 -21.13507624
v 9.81772444 32.73558063 -20.47203593
v 10.38822768 32.19478627 -20.39320894
v 11.29141733 33.24407210 -20.75526965
v 10.27635023 31.50835443 -20.14432272
v 11.17125437 31.49811580 -20.01501974
v 10.38822768 32.19478627 -20.39320894
v 9.20738051 31.62384819 -20.24199424
v 9.70302412 32.07377648 -20.19034332
v 11.27145884 33.83458809 -21.41307615
v 11.77620528 34.70607845 -22.14955700
v 10.99280379 34.61820309 -22.07172190
v 14.82850477 32.60150202 -18.21904518
v 15.70509074 32.32544000 -18.27478550
v 15.04429457 33.21482902 -18.37692797
v 18.34588454 32.19544281 -17.85576387
v 18.10807631 32.76884515 -18.31433635
v 17.73083327 32.16014921 -18.00571198
v 18.51700423 33.53768971 -18.55475395
v 18.32323286 33.64026683 -19.09941645
v 17.46390364 33.75030564 -18.77048275
v 13.77760050 33.23645802 -20.40463794
v 11.87534830 32.50635553 -20.14529944
v 13.89839670 33.84967818 -20.78142332
v 12.85119364 33.81922162 -20.84807370
v 12.85119364 33.81922162 -20.84807370
v 12.72896406 34.20535280 -21.55315189
v 11.29141733 33.24407210 -20.75526965
v 14.40897105 32.04386181 -19.07715361
v 15.13571760 32.56046334 -19.22330238
v 13.54399607 31.61724895 -19.10863243
v 14.40671274 32.12497762 -18.54343170
v 14.40897105 32.04386181 -19.07715361
v 14.40671274 32.12497762 -18.54343170
v 15.04429457 33.21482902 -18.37692797
v 14.40897105 32.04386181 -19.07715361
v 13.54399607 31.61724895 -19.10863243
v 12.13085673 31.54969056 -19.73511252
v 13.00517771 31.67716256 -19.25162255
v 11.27145884 33.83458809 -21.41307615
v 10.75868723 33.63429268 -21.13507624
v 9.20738051 31.62384819 -20.24199424
v 9.70302412 32.07377648 -20.19034332
v 9.01455519 32.15132160 -20.49199433
v 9.01455519 32.15132160 -20.49199433
v 9.70302412 32.07377648 -20.19034332
v 10.38822768 32.19478627 -20.39320894
v 18.79390547 32.75804198 -17.95216899
v 18.51109907 32.68032129 -18.26082376
v 18.34588454 32.19544281 -17.85576387
v 20.44988081 33.60899402 -18.59627313
v 20.38292525 34.17209669 -18.96753482
v 19.64558241 34.09623007 -18.45488527
v 14.82850477 32.60150202 -18.21904518
v 15.04429457 33.21482902 -18.37692797
v 14.40671274 32.12497762 -18.54343170
v 14.40897105 32.04386181 -19.07715361
v 15.04429457 33.21482902 -18.37692797
v 15.13571760 32.56046334 -19.22330238
v 15.04429457 33.21482902 -18.37692797
v 16.11733744 32.34583327 -18.92230747
v 15.13571760 32.56046334 -19.22330238
v 18.51109907 32.68032129 -18.26082376
v 19.15093825 33.56076098 -18.65617913
v 18.51700423 33.53768971 -18.55475395
v 15.13571760 32.56046334 -19.22330238
v 15.31172011 33.72273277 -20.21449825
v 14.68845198 33.05199463 -19.76546249
v 16.44243452 32.89025156 -19.19099958
v 16.35828993 33.89953638 -20.11424803
v 19.49197218 33.02467406 -17.96092758
v 18.94450209 33.13795528 -18.17458116
v 18.79390547 32.75804198 -17.95216899
v 13.77760050 33.23645802 -20.40463794
v 15.36562178 34.30170460 -20.42751104
v 15.89841292 34.31114976 -20.65936834
v 14.40451643 34.21439368 -21.25279789
v 16.83254072 34.39854458 -19.95427497
v 16.63344405 34.67471326 -20.86070812
v 16.35828993 33.89953638 -20.11424803
v 16.35828993 33.89953638 -20.11424803
v 15.89841292 34.31114976 -20.65936834
v 16.31700632 31.64033560 -18.45511375
v 16.11733744 32.34583327 -18.92230747
v 15.70509074 32.32544000 -18.27478550
v 16.44243452 32.89025156 -19.19099958
v 15.31172011 33.72273277 -20.21449825
v 16.11733744 32.34583327 -18.92230747
v 17.25326369 32.72098591 -18.59598307
v 16.93964979 33.74324830 -19.68388912
v 16.44243452 32.89025156 -19.19099958
v 16.83254072 34.39854458 -19.95427497
v 16.35828993 33.89953638 -20.11424803
v 17.26129744 32.59997623 -17.67787697
v 18.10807631 32.76884515 -18.31433635
v 17.25326369 32.72098591 -18.59598307
v 19.64558241 34.09623007 -18.45488527
v 19.20634291 34.38148533 -19.52889044
v 19.15093825 33.56076098 -18.65617913
v 17.46390364 33.75030564 -18.77048275
v 17.62479231 33.73683962 -19.66077205
v 16.93964979 33.74324830 -19.68388912
v 20.00681898 33.41674099 -18.14807669
v 19.47032759 33.23826655 -18.22104419
v 19.49197218 33.02467406 -17.96092758
v 10.75868723 33.63429268 -21.13507624
v 11.27145884 33.83458809 -21.41307615
v 9.76074812 34.19748012 -22.11937503
v 17.62479231 33.73683962 -19.66077205
v 18.12100050 34.39278438 -20.05394538
v 16.83254072 34.39854458 -19.95427497
v 18.32323286 33.64026683 -19.09941645
v 17.85570357 34.07786598 -19.31845644
v 17.62479231 33.73683962 -19.66077205
v 16.31700632 31.64033560 -18.45511375
v 16.44243452 32.89025156 -19.19099958
v 16.11733744 32.34583327 -18.92230747
v 16.31700632 31.64033560 -18.45511375
v 16.53103373 32.38394231 -17.60197972
v 17.26129744 32.59997623 -17.67787697
v 16.93964979 33.74324830 -19.68388912
v 16.35828993 33.89953638 -20.11424803
v 17.26129744 32.59997623 -17.67787697
v 17.25326369 32.72098591 -18.59598307
v 17.46390364 33.75030564 -18.77048275
v 18.32323286 33.64026683 -19.09941645
v 17.62479231 33.73683962 -19.66077205
v 12.10606978 34.50738623 -21.50867257
v 11.27145884 33.83458809 -21.41307615
v 11.29141733 33.24407210 -20.75526965
v 10.27635023 31.50835443 -20.14432272
v 9.81772444 32.73558063 -20.47203593
v 10.75868723 33.63429268 -21.13507624
v 8.92532942 33.77872465 -21.72975705
v 9.76074812 34.19748012 -22.11937503
v 9.21114180 34.77625359 -22.33026685
v 11.17125437 31.49811580 -20.01501974
v 11.87534830 32.50635553 -20.14529944
v 10.38822768 32.19478627 -20.39320894
v 9.01455519 32.15132160 -20.49199433
v 8.94998762 33.15040598 -21.03412401
v 16.31700632 31.64033560 -18.45511375
v 17.25326369 32.72098591 -18.59598307
v 16.44243452 32.89025156 -19.19099958
v 17.62479231 33.73683962 -19.66077205
v 17.85570357 34.07786598 -19.31845644
v 18.12100050 34.39278438 -20.05394538
v 18.10807631 32.76884515 -18.31433635
v 17.46390364 33.75030564 -18.77048275
v 17.25326369 32.72098591 -18.59598307
v 17.25326369 32.72098591 -18.59598307
v 17.46390364 33.75030564 -18.77048275
v 16.93964979 33.74324830 -19.68388912
v 15.70509074 32.32544000 -18.27478550
v 16.11733744 32.34583327 -18.92230747
v 15.04429457 33.21482902 -18.37692797
v 13.54399607 31.61724895 -19.10863243
v 15.13571760 32.56046334 -19.22330238
v 12.13085673 31.54969056 -19.73511252
v 18.51109907 32.68032129 -18.26082376
v 18.51700423 33.53768971 -18.55475395
v 18.10807631 32.76884515 -18.31433635
v 13.62374708 34.16706851 -21.45931033
v 12.85119364 33.81922162 -20.84807370
v 13.77760050 33.23645802 -20.40463794
v -18.57615545 68.51845217 -30.38779798
v -18.93990972 67.95689064 -30.09136540
v -18.48361089 67.79731422 -30.07363466
v -18.20614507 68.57207155 -30.40386550
v -18.40266302 67.30618720 -30.11742730
v -17.84527471 68.12929205 -30.18731269
v -17.82118108 67.10065142 -29.42982046
v -18.72914007 66.83340903 -29.17960679
v -18.06458929 66.04964134 -29.12446140
v -18.57615545 68.51845217 -30.38779798
v -18.48361089 67.79731422 -30.07363466
v -18.20614507 68.57207155 -30.40386550
v -14.40476873 67.04680292 -30.89030019
v -16.48145941 67.41392187 -30.19327876
v -15.38450506 66.22266439 -30.20475318
v -14.40476873 67.04680292 -30.89030019
v -15.38450506 66.22266439 -30.20475318
v -13.69282415 66.11071816 -30.95185399
v -18.27096441 69.04394198 -30.37929892
v -18.48768499 68.83044101 -30.31220599
v -18.20614507 68.57207155 -30.40386550
v -19.59443548 66.63952698 -29.60453352
v -19.82867315 66.03125068 -29.14515232
v -19.43492010 65.85533586 -29.50100251
v -17.82118108 67.10065142 -29.42982046
v -17.28538397 66.39553132 -29.52883463
v -17.63714483 67.17895184 -29.79749625
v -19.10400274 67.13562448 -29.97762625
v -19.18707159 66.76698743 -29.76250778
v -18.72914007 66.83340903 -29.17960679
v -18.72914007 66.83340903 -29.17960679
v -18.88450506 66.03045719 -29.39713596
v -18.06458929 66.04964134 -29.12446140
v -19.10400274 67.13562448 -29.97762625
v -18.40266302 67.30618720 -30.11742730
v -18.48361089 67.79731422 -30.07363466
v -18.40266302 67.30618720 -30.11742730
v -17.63714483 67.17895184 -29.79749625
v -17.84527471 68.12929205 -30.18731269
v -18.27096441 69.04394198 -30.37929892
v -18.53719976 69.05656866 -30.18630576
v -18.48768499 68.83044101 -30.31220599
v -18.93990972 67.95689064 -30.09136540
v -19.35774114 67.66929307 -29.55112792
v -19.10400274 67.13562448 -29.97762625
v -15.95104864 67.98213620 -30.69538457
v -17.84527471 68.12929205 -30.18731269
v -16.48145941 67.41392187 -30.19327876
v -17.63714483 67.17895184 -29.79749625
v -16.48145941 67.41392187 -30.19327876
v -17.95979192 68.70345735 -30.47114152
v -18.20614507 68.57207155 -30.40386550
v -17.84527471 68.12929205 -30.18731269
v -16.48145941 67.41392187 -30.19327876
v -17.28538397 66.39553132 -29.52883463
v -16.47988775 66.47549496 -29.79944926
v -16.86102178 68.41831632 -30.67144360
v -17.84527471 68.12929205 -30.18731269
v -15.95104864 67.98213620 -30.69538457
v -17.63714483 67.17895184 -29.79749625
v -16.48145941 67.41392187 -30.19327876
v -19.59443548 66.63952698 -29.60453352
v -19.43492010 65.85533586 -29.50100251
v -19.18707159 66.76698743 -29.76250778
v -17.28538397 66.39553132 -29.52883463
v -17.34046819 65.73713750 -29.29528349
v -16.47988775 66.47549496 -29.79944926
v -18.93990972 67.95689064 -30.09136540
v -19.10400274 67.13562448 -29.97762625
v -18.10041692 69.00111435 -30.51792502
v -18.27096441 69.04394198 -30.37929892
v -18.20614507 68.57207155 -30.40386550
v -18.40266302 67.30618720 -30.11742730
v -18.72914007 66.83340903 -29.17960679
v -17.82118108 67.10065142 -29.42982046
v -18.48768499 68.83044101 -30.31220599
v -18.57615545 68.51845217 -30.38779798
v -18.20614507 68.57207155 -30.40386550
v -15.95104864 67.98213620 -30.69538457
v -15.35783270 67.63610120 -30.68195678
v -15.35783270 67.63610120 -30.68195678
v -18.10041692 69.00111435 -30.51792502
v -17.95979192 68.70345735 -30.47114152
v -16.48145941 67.41392187 -30.19327876
v -16.47988775 66.47549496 -29.79944926
v -15.38450506 66.22266439 -30.20475318
v -16.86102178 68.41831632 -30.67144360
v -17.95979192 68.70345735 -30.47114152
v -17.84527471 68.12929205 -30.18731269
v -17.57784918 69.01194425 -30.66581320
v -18.10041692 69.00111435 -30.51792502
v -17.95979192 68.70345735 -30.47114152
v -18.40266302 67.30618720 -30.11742730
v -17.82118108 67.10065142 -29.42982046
v -17.63714483 67.17895184 -29.79749625
v -18.20614507 68.57207155 -30.40386550
v -18.48361089 67.79731422 -30.07363466
v -18.40266302 67.30618720 -30.11742730
v -19.18707159 66.76698743 -29.76250778
v -18.88450506 66.03045719 -29.39713596
v -18.72914007 66.83340903 -29.17960679
v -19.43492010 65.85533586 -29.50100251
v -19.18707159 66.76698743 -29.76250778
v -19.10400274 67.13562448 -29.97762625
v -18.72914007 66.83340903 -29.17960679
v -18.40266302 67.30618720 -30.11742730
v -17.57784918 69.01194425 -30.66581320
v -17.95979192 68.70345735 -30.47114152
v -16.86102178 68.41831632 -30.67144360
v -17.28538397 66.39553132 -29.52883463
v -17.82118108 67.10065142 -29.42982046
v 1.36705897 50.71875042 -30.76779997
v 1.61873743 51.30405077 -31.31937477
v 1.38694880 51.54035982 -31.33623577
v 0.01133082 50.33723123 -29.99817710
v 0.63034174 50.38124519 -30.06136375
v 1.36705897 50.71875042 -30.76779997
v -0.35128668 52.72282459 -30.31513306
v 0.29124567 52.17076162 -30.21395194
v 0.87348292 52.33388170 -31.36861505
v 2.18089411 50.00433389 -30.90087175
v 1.98964045 50.74809682 -31.14316618
v 1.36705897 50.71875042 -30.76779997
v 0.57273218 51.57664531 -30.83054425
v 1.15535090 51.84576065 -31.48026353
v 0.87348292 52.33388170 -31.36861505
v 1.36705897 50.71875042 -30.76779997
v 1.98964045 50.74809682 -31.14316618
v 1.92852137 51.01305807 -31.14461581
v 0.57273218 51.57664531 -30.83054425
v 1.36705897 50.71875042 -30.76779997
v 1.15535090 51.84576065 -31.48026353
v 1.15535090 51.84576065 -31.48026353
v 1.36705897 50.71875042 -30.76779997
v 1.38694880 51.54035982 -31.33623577
v 0.01233790 51.24048283 -30.27930518
v 0.01133082 50.33723123 -29.99817710
v 0.57273218 51.57664531 -30.83054425
v 1.36705897 50.71875042 -30.76779997
v 1.92852137 51.01305807 -31.14461581
v 1.61873743 51.30405077 -31.31937477
v 2.18089411 50.00433389 -30.90087175
v 2.58386156 50.39324224 -31.14740807
v 1.98964045 50.74809682 -31.14316618
v -0.35128668 52.72282459 -30.31513306
v 0.87348292 52.33388170 -31.36861505
v -0.08624151 52.74251967 -31.52842041
v 0.42872736 53.39359308 -31.86274059
v -0.08624151 52.74251967 -31.52842041
v 0.83752558 52.56027632 -31.59510129
v 1.45640681 50.16578725 -30.25045063
v 1.36705897 50.71875042 -30.76779997
v 0.57273218 51.57664531 -30.83054425
v 0.87348292 52.33388170 -31.36861505
v 0.29124567 52.17076162 -30.21395194
v -0.08624151 52.74251967 -31.52842041
v 0.87348292 52.33388170 -31.36861505
v 0.83752558 52.56027632 -31.59510129
v 0.57273218 51.57664531 -30.83054425
v 0.01133082 50.33723123 -29.99817710
v 1.36705897 50.71875042 -30.76779997
v 1.36705897 50.71875042 -30.76779997
v 0.63034174 50.38124519 -30.06136375
v 1.45640681 50.16578725 -30.25045063
v 1.61873743 51.30405077 -31.31937477
v 1.63787958 51.52834735 -31.25663067
v 1.38694880 51.54035982 -31.33623577
v -2.54507330 52.16667227 -30.16591727
v -1.08449438 51.97423987 -30.14881213
v -1.29539373 52.39851810 -30.33670893
v -2.09466436 51.61415920 -29.85643842
v 0.01233790 51.24048283 -30.27930518
v -1.08449438 51.97423987 -30.14881213
v -1.08449438 51.97423987 -30.14881213
v 0.57273218 51.57664531 -30.83054425
v 0.29124567 52.17076162 -30.21395194
v -3.58863714 57.94171178 -31.15117822
v -3.14143255 58.15205408 -31.83405484
v -3.62301519 59.08330555 -32.17618756
v -3.13421514 55.83888670 -30.63276052
v -2.40376165 55.33081478 -30.77762738
v -1.47026708 55.16564221 -30.75687540
v -0.95027807 55.79012700 -32.09064625
v -1.47026708 55.16564221 -30.75687540
v -0.92749670 55.10160866 -30.99617898
v -3.60275152 54.40605592 -30.44478726
v -4.25042608 53.41380364 -30.04787548
v -3.52436712 53.61685991 -30.44535171
v -1.63027075 54.77019922 -30.88390475
v -1.17133978 54.70099673 -31.29982881
v -1.47026708 55.16564221 -30.75687540
v -1.47026708 55.16564221 -30.75687540
v -0.92749670 55.10160866 -30.99617898
v -7.78462103 58.02862986 -29.92850672
v -7.53138616 57.55053381 -30.14727191
v -6.56123235 58.03496599 -30.41968715
v -7.43606451 58.87153676 -30.24158670
v -6.56123235 58.03496599 -30.41968715
v -7.94470098 59.56422666 -30.23702443
v -7.43606451 58.87153676 -30.24158670
v -7.26426580 59.40814832 -30.19500170
v -1.88885381 52.98329212 -30.31607914
v -2.54507330 52.16667227 -30.16591727
v -1.16493871 52.74618572 -30.79949280
v -3.97483709 57.55550802 -31.10894183
v -4.99674871 57.13908045 -30.84049388
v -4.25205877 56.66597029 -30.60712589
v -0.26544836 53.71839935 -31.46801103
v 0.15433619 54.20224025 -31.72583886
v -0.23300817 54.74546073 -31.96135836
v -6.97724798 58.84680984 -30.57940102
v -6.56123235 58.03496599 -30.41968715
v -6.40437200 59.00149585 -30.36928752
v -6.61720159 53.65357652 -29.49868118
v -6.53048589 52.60458063 -29.00162596
v -5.73409918 53.40852419 -29.44371898
v -8.42069891 55.34650877 -28.80381146
v -8.44599798 54.72282857 -29.30999117
v -7.05932501 55.37473357 -29.68506757
v -8.44599798 54.72282857 -29.30999117
v -7.08944586 54.40680766 -28.96764493
v -6.62818792 54.48907532 -29.54970671
v -5.60214117 60.17128586 -31.93058227
v -5.83305242 60.42265916 -31.84575870
v -6.62405279 60.73323276 -31.70374520
v -6.26437261 59.56466908 -30.70635426
v -5.60214117 60.17128586 -31.93058227
v -6.96043279 59.71150629 -30.87203422
v -5.52445867 59.53554754 -31.58565724
v -6.26437261 59.56466908 -30.70635426
v -7.72457769 60.22761196 -30.80115723
v -8.02319219 61.15799179 -31.01426163
v -8.23634222 60.05524683 -30.39863035
v -7.28509405 60.77406532 -31.45621713
v -7.56777837 61.28439173 -31.32401507
v -8.00663641 61.63717498 -31.07020043
v -5.60214117 60.17128586 -31.93058227
v -6.62405279 60.73323276 -31.70374520
v -6.96043279 59.71150629 -30.87203422
v -6.62405279 60.73323276 -31.70374520
v -6.88734319 60.24083556 -31.06440186
v -8.02319219 61.15799179 -31.01426163
v -7.28509405 60.77406532 -31.45621713
v -8.00663641 61.63717498 -31.07020043
v -7.72457769 60.22761196 -30.80115723
v -7.26426580 59.40814832 -30.19500170
v -6.96043279 59.71150629 -30.87203422
v -5.52445867 59.53554754 -31.58565724
v -4.61059454 59.76285957 -31.97023979
v -5.60214117 60.17128586 -31.93058227
v -4.61059454 59.76285957 -31.97023979
v -4.00991705 59.47692318 -32.14975940
v -4.41502264 59.71937962 -32.16898552
v -7.28509405 60.77406532 -31.45621713
v -6.62405279 60.73323276 -31.70374520
v -6.91770818 60.87734249 -31.69094310
v -8.23634222 60.05524683 -30.39863035
v -7.94470098 59.56422666 -30.23702443
v -7.72457769 60.22761196 -30.80115723
v -7.72457769 60.22761196 -30.80115723
v -8.02319219 61.15799179 -31.01426163
v -6.96043279 59.71150629 -30.87203422
v -6.88734319 60.24083556 -31.06440186
v -7.94470098 59.56422666 -30.23702443
v -7.26426580 59.40814832 -30.19500170
v -7.72457769 60.22761196 -30.80115723
v -6.88734319 60.24083556 -31.06440186
v -7.28509405 60.77406532 -31.45621713
v -5.96513250 55.98134666 -30.09638359
v -5.92767217 54.84529933 -29.91350682
v -4.84483221 55.34730968 -29.85935346
v -6.88734319 60.24083556 -31.06440186
v -6.62405279 60.73323276 -31.70374520
v -7.28509405 60.77406532 -31.45621713
v -4.95759466 53.56650607 -29.42852126
v -4.49972418 53.80849510 -30.08367266
v -4.80674627 54.50509702 -29.74543120
v -7.84580877 53.56379007 -29.03060255
v -7.59036138 53.13165739 -28.75901130
v -7.33785894 53.45452188 -29.03160962
v -7.33785894 53.45452188 -29.03160962
v -7.70255926 52.57074429 -28.84874814
v -6.53048589 52.60458063 -29.00162596
v -6.06019476 54.16577596 -29.26821252
v -4.88229253 52.95290052 -29.72771549
v -4.95759466 53.56650607 -29.42852126
v -8.67451360 50.77398004 -28.11472380
v -9.07459905 49.91816041 -27.65654801
v -7.37293890 51.13143236 -28.52100438
v -1.17133978 54.70099673 -31.29982881
v -0.48481634 55.22144338 -32.07842387
v -0.92749670 55.10160866 -30.99617898
v -4.22984197 51.83122324 -29.01093369
v -3.87588384 51.34766447 -29.68869851
v -2.83302191 52.18644389 -29.89365470
v -8.67451360 50.77398004 -28.11472380
v -7.37293890 51.13143236 -28.52100438
v -7.61012151 51.70927886 -28.72573165
v -7.61012151 51.70927886 -28.72573165
v -7.37293890 51.13143236 -28.52100438
v -4.73986700 51.45434257 -29.13858866
v -4.41776922 50.80849147 -28.96366180
v -3.87588384 51.34766447 -29.68869851
v -6.53048589 52.60458063 -29.00162596
v -5.61456182 51.59780954 -29.02727582
v -5.64066961 52.56960743 -29.36298459
v -5.18273809 51.90764689 -28.97867663
v -4.94787481 52.44188755 -29.37101070
v -5.64066961 52.56960743 -29.36298459
v -5.64066961 52.56960743 -29.36298459
v -4.94787481 52.44188755 -29.37101070
v -4.88229253 52.95290052 -29.72771549
v -0.95027807 55.79012700 -32.09064625
v -0.92749670 55.10160866 -30.99617898
v -0.69457891 55.43825555 -31.86783736
v -7.37293890 51.13143236 -28.52100438
v -6.74351385 50.69045718 -28.49945890
v -6.02418401 51.31972954 -29.09092018
v -5.61456182 51.59780954 -29.02727582
v -4.41776922 50.80849147 -28.96366180
v -4.73986700 51.45434257 -29.13858866
v -2.78483465 54.98706096 -30.78296790
v -2.81130865 54.29246567 -30.53539393
v -1.63027075 54.77019922 -30.88390475
v -2.40376165 55.33081478 -30.77762738
v -2.78483465 54.98706096 -30.78296790
v -1.63027075 54.77019922 -30.88390475
v -7.26426580 59.40814832 -30.19500170
v -7.43606451 58.87153676 -30.24158670
v -6.97724798 58.84680984 -30.57940102
v -4.44595220 54.81952716 -30.31549961
v -4.49972418 53.80849510 -30.08367266
v -3.60275152 54.40605592 -30.44478726
v -2.23553350 56.37169300 -31.25641783
v -3.13421514 55.83888670 -30.63276052
v -1.47026708 55.16564221 -30.75687540
v -3.13421514 55.83888670 -30.63276052
v -2.78483465 54.98706096 -30.78296790
v -2.40376165 55.33081478 -30.77762738
v -5.15086248 58.65958445 -30.83422277
v -4.61059454 59.76285957 -31.97023979
v -4.80674627 54.50509702 -29.74543120
v -4.49972418 53.80849510 -30.08367266
v -4.44595220 54.81952716 -30.31549961
v -5.15086248 58.65958445 -30.83422277
v -4.61067083 58.25104178 -31.08394804
v -4.00991705 59.47692318 -32.14975940
v -5.06822088 56.52886249 -30.34209596
v -4.25205877 56.66597029 -30.60712589
v -4.99674871 57.13908045 -30.84049388
v -7.98397711 56.35800231 -29.66350706
v -7.08662298 56.76915413 -30.03638616
v -7.53138616 57.55053381 -30.14727191
v -3.13421514 55.83888670 -30.63276052
v -3.66216924 55.49012035 -30.76189559
v -2.78483465 54.98706096 -30.78296790
v -4.25205877 56.66597029 -30.60712589
v -3.66216924 55.49012035 -30.76189559
v -3.13421514 55.83888670 -30.63276052
v -3.69969061 55.08504918 -30.26151406
v -4.44595220 54.81952716 -30.31549961
v -3.60275152 54.40605592 -30.44478726
v -3.46452215 56.86209910 -30.85244147
v -2.23553350 56.37169300 -31.25641783
v -2.84274175 57.30722839 -31.49460768
v -3.05496099 57.63855013 -31.32579975
v -2.84274175 57.30722839 -31.49460768
v -2.62281683 57.74528909 -31.86188680
v -3.05496099 57.63855013 -31.32579975
v -2.62281683 57.74528909 -31.86188680
v -3.14143255 58.15205408 -31.83405484
v -3.05496099 57.63855013 -31.32579975
v -3.14143255 58.15205408 -31.83405484
v -6.56123235 58.03496599 -30.41968715
v -5.83061102 57.27501344 -30.47542738
v -6.40437200 59.00149585 -30.36928752
v -7.53138616 57.55053381 -30.14727191
v -7.08662298 56.76915413 -30.03638616
v -6.56123235 58.03496599 -30.41968715
v -5.83061102 57.27501344 -30.47542738
v -5.33006170 58.03813593 -30.86110865
v -5.15086248 58.65958445 -30.83422277
v -5.59002569 56.50441025 -30.54651795
v -5.06822088 56.52886249 -30.34209596
v -4.99674871 57.13908045 -30.84049388
v -2.54507330 52.16667227 -30.16591727
v -2.64108160 51.07861008 -29.58651035
v -2.09466436 51.61415920 -29.85643842
v -2.54507330 52.16667227 -30.16591727
v -2.09466436 51.61415920 -29.85643842
v -1.08449438 51.97423987 -30.14881213
v -6.75305059 56.12062894 -29.75180964
v -5.96513250 55.98134666 -30.09638359
v -5.83061102 57.27501344 -30.47542738
v -4.49972418 53.80849510 -30.08367266
v -4.88229253 52.95290052 -29.72771549
v -4.25042608 53.41380364 -30.04787548
v -8.63773992 54.32768700 -29.08419155
v -7.08944586 54.40680766 -28.96764493
v -8.44599798 54.72282857 -29.30999117
v -4.94787481 52.44188755 -29.37101070
v -4.05634954 52.47980948 -29.22379391
v -4.88229253 52.95290052 -29.72771549
v -6.02418401 51.31972954 -29.09092018
v -5.35861089 50.90248558 -29.15004792
v -5.61456182 51.59780954 -29.02727582
v -5.35861089 50.90248558 -29.15004792
v -5.61456182 51.59780954 -29.02727582
v -5.78285101 50.31522062 -28.76654868
v -5.26713445 50.42970350 -28.77831323
v -5.35861089 50.90248558 -29.15004792
v -5.92767217 54.84529933 -29.91350682
v -5.35792425 54.75856456 -29.85787326
v -4.84483221 55.34730968 -29.85935346
v -8.61910894 52.44407734 -28.40711299
v -7.70255926 52.57074429 -28.84874814
v -7.59036138 53.13165739 -28.75901130
v -5.15086248 58.65958445 -30.83422277
v -5.52445867 59.53554754 -31.58565724
v -6.26437261 59.56466908 -30.70635426
v -1.68147161 53.58454937 -30.75304518
v -1.16493871 52.74618572 -30.79949280
v -0.52860906 53.03849071 -30.77726079
v -1.68147161 53.58454937 -30.75304518
v -0.52860906 53.03849071 -30.77726079
v -1.19480779 54.03849451 -30.90273398
v -1.29539373 52.39851810 -30.33670893
v -1.08449438 51.97423987 -30.14881213
v -0.35128668 52.72282459 -30.31513306
v -3.97483709 57.55550802 -31.10894183
v -3.78013494 58.46176943 -31.33677095
v -4.61067083 58.25104178 -31.08394804
v -8.44599798 54.72282857 -29.30999117
v -6.62818792 54.48907532 -29.54970671
v -7.05932501 55.37473357 -29.68506757
v -7.05932501 55.37473357 -29.68506757
v -5.92767217 54.84529933 -29.91350682
v -6.75305059 56.12062894 -29.75180964
v -8.76725652 53.18161850 -28.67093758
v -7.59036138 53.13165739 -28.75901130
v -7.84580877 53.56379007 -29.03060255
v -7.59036138 53.13165739 -28.75901130
v -7.70255926 52.57074429 -28.84874814
v -7.33785894 53.45452188 -29.03160962
v -6.06019476 54.16577596 -29.26821252
v -4.80674627 54.50509702 -29.74543120
v -5.35792425 54.75856456 -29.85787326
v -8.61910894 52.44407734 -28.40711299
v -7.61012151 51.70927886 -28.72573165
v -7.70255926 52.57074429 -28.84874814
v -5.73409918 53.40852419 -29.44371898
v -5.64066961 52.56960743 -29.36298459
v -6.06019476 54.16577596 -29.26821252
v -4.95759466 53.56650607 -29.42852126
v -4.80674627 54.50509702 -29.74543120
v -5.73409918 53.40852419 -29.44371898
v -4.88229253 52.95290052 -29.72771549
v -8.23634222 60.05524683 -30.39863035
v -8.19763067 58.75248008 -30.09700965
v -7.94470098 59.56422666 -30.23702443
v -3.46452215 56.86209910 -30.85244147
v -2.84274175 57.30722839 -31.49460768
v -3.97483709 57.55550802 -31.10894183
v -8.19763067 58.75248008 -30.09700965
v -7.43606451 58.87153676 -30.24158670
v -7.94470098 59.56422666 -30.23702443
v -6.97724798 58.84680984 -30.57940102
v -6.96043279 59.71150629 -30.87203422
v -7.26426580 59.40814832 -30.19500170
v -5.35861089 50.90248558 -29.15004792
v -4.66750982 50.21092296 -28.89858297
v -4.41776922 50.80849147 -28.96366180
v -6.40437200 59.00149585 -30.36928752
v -6.26437261 59.56466908 -30.70635426
v -6.96043279 59.71150629 -30.87203422
v -2.84274175 57.30722839 -31.49460768
v -1.48802068 56.46439760 -32.28652344
v -2.62281683 57.74528909 -31.86188680
v -4.41776922 50.80849147 -28.96366180
v -3.55964544 50.72495332 -29.53318083
v -3.87588384 51.34766447 -29.68869851
v -1.29539373 52.39851810 -30.33670893
v -0.52860906 53.03849071 -30.77726079
v -1.16493871 52.74618572 -30.79949280
v -8.28642156 57.37627468 -29.83774734
v -7.53138616 57.55053381 -30.14727191
v -7.78462103 58.02862986 -29.92850672
v -1.08449438 51.97423987 -30.14881213
v 0.01233790 51.24048283 -30.27930518
v 0.57273218 51.57664531 -30.83054425
v -8.28642156 57.37627468 -29.83774734
v -7.98397711 56.35800231 -29.66350706
v -7.53138616 57.55053381 -30.14727191
v -7.43606451 58.87153676 -30.24158670
v -6.56123235 58.03496599 -30.41968715
v -6.97724798 58.84680984 -30.57940102
v -1.19480779 54.03849451 -30.90273398
v -0.26544836 53.71839935 -31.46801103
v -1.17133978 54.70099673 -31.29982881
v 0.01233790 51.24048283 -30.27930518
v -2.09466436 51.61415920 -29.85643842
v -0.99439123 50.68374308 -29.91466581
v -3.14143255 58.15205408 -31.83405484
v -2.80717352 58.51733416 -32.25399203
v -3.13107183 58.75076314 -32.13045692
v 0.21093104 53.90957671 -31.54468647
v 0.15433619 54.20224025 -31.72583886
v -4.25205877 56.66597029 -30.60712589
v -3.46452215 56.86209910 -30.85244147
v -3.97483709 57.55550802 -31.10894183
v -3.97483709 57.55550802 -31.10894183
v -2.84274175 57.30722839 -31.49460768
v -3.05496099 57.63855013 -31.32579975
v -3.97483709 57.55550802 -31.10894183
v -3.58863714 57.94171178 -31.15117822
v -3.78013494 58.46176943 -31.33677095
v -2.62281683 57.74528909 -31.86188680
v -2.36536291 58.21167010 -32.25295439
v -2.80717352 58.51733416 -32.25399203
v -3.62301519 59.08330555 -32.17618756
v -3.78013494 58.46176943 -31.33677095
v -3.58863714 57.94171178 -31.15117822
v -0.26544836 53.71839935 -31.46801103
v 0.42872736 53.39359308 -31.86274059
v 0.21093104 53.90957671 -31.54468647
v -2.62281683 57.74528909 -31.86188680
v -1.94532659 57.46863189 -32.47330644
v -2.36536291 58.21167010 -32.25295439
v -0.35128668 52.72282459 -30.31513306
v 0.29124567 52.17076162 -30.21395194
v -3.87588384 51.34766447 -29.68869851
v -3.55964544 50.72495332 -29.53318083
v -2.64108160 51.07861008 -29.58651035
v -3.87588384 51.34766447 -29.68869851
v -2.54507330 52.16667227 -30.16591727
v -2.83302191 52.18644389 -29.89365470
v -2.55799749 52.95235870 -30.53752995
v -2.54507330 52.16667227 -30.16591727
v -1.88885381 52.98329212 -30.31607914
v -4.05634954 52.47980948 -29.22379391
v -4.22984197 51.83122324 -29.01093369
v -2.83302191 52.18644389 -29.89365470
v -3.52436712 53.61685991 -30.44535171
v -3.40164068 53.48116369 -29.23836621
v -2.55799749 52.95235870 -30.53752995
v -4.88229253 52.95290052 -29.72771549
v -4.05634954 52.47980948 -29.22379391
v -3.40164068 53.48116369 -29.23836621
v -3.40164068 53.48116369 -29.23836621
v -3.52436712 53.61685991 -30.44535171
v -4.25042608 53.41380364 -30.04787548
v -0.26544836 53.71839935 -31.46801103
v -0.08624151 52.74251967 -31.52842041
v 0.42872736 53.39359308 -31.86274059
v -0.52860906 53.03849071 -30.77726079
v -0.08624151 52.74251967 -31.52842041
v -0.26544836 53.71839935 -31.46801103
v -0.52860906 53.03849071 -30.77726079
v -0.35128668 52.72282459 -30.31513306
v -0.08624151 52.74251967 -31.52842041
v -4.18762090 55.75212142 -30.61219166
v -3.66216924 55.49012035 -30.76189559
v -3.52436712 53.61685991 -30.44535171
v -2.81130865 54.29246567 -30.53539393
v -3.69969061 55.08504918 -30.26151406
v -3.60275152 54.40605592 -30.44478726
v -2.81130865 54.29246567 -30.53539393
v -2.81130865 54.29246567 -30.53539393
v -1.68147161 53.58454937 -30.75304518
v -1.63027075 54.77019922 -30.88390475
v -3.52436712 53.61685991 -30.44535171
v -2.55799749 52.95235870 -30.53752995
v -2.81130865 54.29246567 -30.53539393
v -1.19480779 54.03849451 -30.90273398
v -0.52860906 53.03849071 -30.77726079
v -4.66750982 50.21092296 -28.89858297
v -3.79769781 49.97998497 -29.09493303
v -6.40437200 59.00149585 -30.36928752
v -5.15086248 58.65958445 -30.83422277
v -6.26437261 59.56466908 -30.70635426
v -7.37293890 51.13143236 -28.52100438
v -6.02418401 51.31972954 -29.09092018
v -5.61456182 51.59780954 -29.02727582
v -5.61456182 51.59780954 -29.02727582
v -5.18273809 51.90764689 -28.97867663
v -5.64066961 52.56960743 -29.36298459
v -5.35861089 50.90248558 -29.15004792
v -6.02418401 51.31972954 -29.09092018
v -5.26713445 50.42970350 -28.77831323
v -4.66750982 50.21092296 -28.89858297
v -5.35861089 50.90248558 -29.15004792
v -4.61067083 58.25104178 -31.08394804
v -3.78013494 58.46176943 -31.33677095
v -3.82380560 59.24904268 -32.28617294
v -5.35792425 54.75856456 -29.85787326
v -4.44595220 54.81952716 -30.31549961
v -4.18762090 55.75212142 -30.61219166
v -8.71009710 55.89306709 -29.13923025
v -7.98397711 56.35800231 -29.66350706
v -5.83061102 57.27501344 -30.47542738
v -4.99674871 57.13908045 -30.84049388
v -5.33006170 58.03813593 -30.86110865
v -8.63773992 54.32768700 -29.08419155
v -7.33785894 53.45452188 -29.03160962
v -7.08944586 54.40680766 -28.96764493
v -5.96513250 55.98134666 -30.09638359
v -4.84483221 55.34730968 -29.85935346
v -5.06822088 56.52886249 -30.34209596
v -1.68147161 53.58454937 -30.75304518
v -1.63027075 54.77019922 -30.88390475
v -1.63027075 54.77019922 -30.88390475
v -1.19480779 54.03849451 -30.90273398
v -1.17133978 54.70099673 -31.29982881
v -6.61720159 53.65357652 -29.49868118
v -5.73409918 53.40852419 -29.44371898
v -4.05634954 52.47980948 -29.22379391
v -2.83302191 52.18644389 -29.89365470
v -3.40164068 53.48116369 -29.23836621
v -3.40164068 53.48116369 -29.23836621
v -2.83302191 52.18644389 -29.89365470
v -2.55799749 52.95235870 -30.53752995
v -2.55799749 52.95235870 -30.53752995
v -1.88885381 52.98329212 -30.31607914
v -1.68147161 53.58454937 -30.75304518
v -1.16493871 52.74618572 -30.79949280
v -1.68147161 53.58454937 -30.75304518
v -1.88885381 52.98329212 -30.31607914
v -6.53048589 52.60458063 -29.00162596
v -7.78462103 58.02862986 -29.92850672
v -6.96043279 59.71150629 -30.87203422
v -2.54507330 52.16667227 -30.16591727
v -1.29539373 52.39851810 -30.33670893
v -1.16493871 52.74618572 -30.79949280
v -0.26544836 53.71839935 -31.46801103
v -0.48481634 55.22144338 -32.07842387
v -1.17133978 54.70099673 -31.29982881
v -0.26544836 53.71839935 -31.46801103
v -0.23300817 54.74546073 -31.96135836
v -0.48481634 55.22144338 -32.07842387
v -0.35128668 52.72282459 -30.31513306
v -0.52860906 53.03849071 -30.77726079
v -1.29539373 52.39851810 -30.33670893
v -3.79769781 49.97998497 -29.09493303
v -3.55964544 50.72495332 -29.53318083
v -3.55964544 50.72495332 -29.53318083
v -0.99439123 50.68374308 -29.91466581
v -2.64108160 51.07861008 -29.58651035
v -2.23553350 56.37169300 -31.25641783
v -1.47026708 55.16564221 -30.75687540
v -0.95027807 55.79012700 -32.09064625
v -2.64108160 51.07861008 -29.58651035
v -0.99439123 50.68374308 -29.91466581
v -2.09466436 51.61415920 -29.85643842
v -1.48802068 56.46439760 -32.28652344
v -1.94532659 57.46863189 -32.47330644
v -2.62281683 57.74528909 -31.86188680
v -3.14143255 58.15205408 -31.83405484
v -3.13107183 58.75076314 -32.13045692
v -3.62301519 59.08330555 -32.17618756
v -0.99439123 50.68374308 -29.91466581
v 0.01133082 50.33723123 -29.99817710
v 0.01233790 51.24048283 -30.27930518
v -3.97483709 57.55550802 -31.10894183
v -3.05496099 57.63855013 -31.32579975
v -3.58863714 57.94171178 -31.15117822
v -4.25205877 56.66597029 -30.60712589
v -3.13421514 55.83888670 -30.63276052
v -3.46452215 56.86209910 -30.85244147
v -3.13421514 55.83888670 -30.63276052
v -2.23553350 56.37169300 -31.25641783
v -3.46452215 56.86209910 -30.85244147
v -2.23553350 56.37169300 -31.25641783
v -1.48802068 56.46439760 -32.28652344
v -2.84274175 57.30722839 -31.49460768
v -4.18762090 55.75212142 -30.61219166
v -3.69969061 55.08504918 -30.26151406
v -3.66216924 55.49012035 -30.76189559
v -3.66216924 55.49012035 -30.76189559
v -3.69969061 55.08504918 -30.26151406
v -2.78483465 54.98706096 -30.78296790
v -0.95027807 55.79012700 -32.09064625
v -1.48802068 56.46439760 -32.28652344
v -4.49972418 53.80849510 -30.08367266
v -4.25042608 53.41380364 -30.04787548
v -3.60275152 54.40605592 -30.44478726
v -3.69969061 55.08504918 -30.26151406
v -2.81130865 54.29246567 -30.53539393
v -2.78483465 54.98706096 -30.78296790
v -2.40376165 55.33081478 -30.77762738
v -1.63027075 54.77019922 -30.88390475
v -1.47026708 55.16564221 -30.75687540
v -7.64558294 50.36404121 -28.19843345
v -2.55799749 52.95235870 -30.53752995
v -1.68147161 53.58454937 -30.75304518
v -2.83302191 52.18644389 -29.89365470
v -2.54507330 52.16667227 -30.16591727
v -2.55799749 52.95235870 -30.53752995
v -2.64108160 51.07861008 -29.58651035
v -2.54507330 52.16667227 -30.16591727
v -4.88229253 52.95290052 -29.72771549
v -3.40164068 53.48116369 -29.23836621
v -4.25042608 53.41380364 -30.04787548
v -4.22984197 51.83122324 -29.01093369
v -4.05634954 52.47980948 -29.22379391
v -1.94532659 57.46863189 -32.47330644
v -2.13225439 57.97101610 -32.30213342
v -2.36536291 58.21167010 -32.25295439
v -1.48802068 56.46439760 -32.28652344
v -1.60015753 56.98038879 -32.42887276
v -1.94532659 57.46863189 -32.47330644
v -3.78013494 58.46176943 -31.33677095
v -3.62301519 59.08330555 -32.17618756
v -3.82380560 59.24904268 -32.28617294
v -6.74351385 50.69045718 -28.49945890
v -5.78285101 50.31522062 -28.76654868
v -5.35861089 50.90248558 -29.15004792
v -4.94787481 52.44188755 -29.37101070
v -4.73986700 51.45434257 -29.13858866
v -4.22984197 51.83122324 -29.01093369
v -4.18762090 55.75212142 -30.61219166
v -4.44595220 54.81952716 -30.31549961
v -3.69969061 55.08504918 -30.26151406
v -4.73986700 51.45434257 -29.13858866
v -3.87588384 51.34766447 -29.68869851
v -4.22984197 51.83122324 -29.01093369
v -6.53048589 52.60458063 -29.00162596
v -7.37293890 51.13143236 -28.52100438
v -7.64558294 50.36404121 -28.19843345
v -6.74351385 50.69045718 -28.49945890
v -8.71009710 55.89306709 -29.13923025
v -8.42069891 55.34650877 -28.80381146
v -7.05932501 55.37473357 -29.68506757
v -8.63773992 54.32768700 -29.08419155
v -7.84580877 53.56379007 -29.03060255
v -7.33785894 53.45452188 -29.03160962
v -4.94787481 52.44188755 -29.37101070
v -5.18273809 51.90764689 -28.97867663
v -4.73986700 51.45434257 -29.13858866
v -5.18273809 51.90764689 -28.97867663
v -5.61456182 51.59780954 -29.02727582
v -4.73986700 51.45434257 -29.13858866
v -5.15086248 58.65958445 -30.83422277
v -5.33006170 58.03813593 -30.86110865
v -4.61059454 59.76285957 -31.97023979
v -5.15086248 58.65958445 -30.83422277
v -4.00991705 59.47692318 -32.14975940
v -5.33006170 58.03813593 -30.86110865
v -4.99674871 57.13908045 -30.84049388
v -4.61067083 58.25104178 -31.08394804
v -4.61067083 58.25104178 -31.08394804
v -4.99674871 57.13908045 -30.84049388
v -3.97483709 57.55550802 -31.10894183
v -4.84483221 55.34730968 -29.85935346
v -4.25205877 56.66597029 -30.60712589
v -5.35792425 54.75856456 -29.85787326
v -4.44595220 54.81952716 -30.31549961
v -4.25205877 56.66597029 -30.60712589
v -4.84483221 55.34730968 -29.85935346
v -4.18762090 55.75212142 -30.61219166
v -4.84483221 55.34730968 -29.85935346
v -5.35792425 54.75856456 -29.85787326
v -4.18762090 55.75212142 -30.61219166
v -7.98397711 56.35800231 -29.66350706
v -7.05932501 55.37473357 -29.68506757
v -7.08662298 56.76915413 -30.03638616
v -5.83061102 57.27501344 -30.47542738
v -6.40437200 59.00149585 -30.36928752
v -5.83061102 57.27501344 -30.47542738
v -7.08662298 56.76915413 -30.03638616
v -7.05932501 55.37473357 -29.68506757
v -6.75305059 56.12062894 -29.75180964
v -5.83061102 57.27501344 -30.47542738
v -5.59002569 56.50441025 -30.54651795
v -4.99674871 57.13908045 -30.84049388
v -5.83061102 57.27501344 -30.47542738
v -5.59002569 56.50441025 -30.54651795
v -7.05932501 55.37473357 -29.68506757
v -6.62818792 54.48907532 -29.54970671
v -5.92767217 54.84529933 -29.91350682
v -5.96513250 55.98134666 -30.09638359
v -6.75305059 56.12062894 -29.75180964
v -5.92767217 54.84529933 -29.91350682
v -5.96513250 55.98134666 -30.09638359
v -5.06822088 56.52886249 -30.34209596
v -8.76725652 53.18161850 -28.67093758
v -8.61910894 52.44407734 -28.40711299
v -7.59036138 53.13165739 -28.75901130
v -7.08944586 54.40680766 -28.96764493
v -6.61720159 53.65357652 -29.49868118
v -6.62818792 54.48907532 -29.54970671
v -7.08944586 54.40680766 -28.96764493
v -7.33785894 53.45452188 -29.03160962
v -6.61720159 53.65357652 -29.49868118
v -6.62818792 54.48907532 -29.54970671
v -6.61720159 53.65357652 -29.49868118
v -6.62818792 54.48907532 -29.54970671
v -6.06019476 54.16577596 -29.26821252
v -5.92767217 54.84529933 -29.91350682
v -6.06019476 54.16577596 -29.26821252
v -5.35792425 54.75856456 -29.85787326
v -7.08662298 56.76915413 -30.03638616
v -6.75305059 56.12062894 -29.75180964
v -5.83061102 57.27501344 -30.47542738
v -4.00991705 59.47692318 -32.14975940
v -4.61067083 58.25104178 -31.08394804
v -3.82380560 59.24904268 -32.28617294
v -0.48481634 55.22144338 -32.07842387
v -0.69457891 55.43825555 -31.86783736
v -3.14143255 58.15205408 -31.83405484
v -2.80717352 58.51733416 -32.25399203
v -3.55964544 50.72495332 -29.53318083
v -3.79769781 49.97998497 -29.09493303
v -0.99439123 50.68374308 -29.91466581
v -7.33785894 53.45452188 -29.03160962
v -6.53048589 52.60458063 -29.00162596
v -6.61720159 53.65357652 -29.49868118
v -8.61910894 52.44407734 -28.40711299
v -8.67451360 50.77398004 -28.11472380
v -7.61012151 51.70927886 -28.72573165
v -4.95759466 53.56650607 -29.42852126
v -4.88229253 52.95290052 -29.72771549
v -7.61012151 51.70927886 -28.72573165
v -6.53048589 52.60458063 -29.00162596
v 2.79839060 38.45134780 -24.73097851
v 2.78603098 38.09259852 -24.04352423
v 3.23787424 37.73916675 -24.49397888
v 3.66462633 48.04498637 -29.67578903
v 4.15914080 48.29935411 -30.19940968
v 3.67648241 48.85871457 -30.49433165
v 2.56792567 48.93367345 -30.00040466
v 2.37829706 46.62549950 -28.89817039
v 2.37829706 46.62549950 -28.89817039
v 1.90487025 45.49900895 -28.62270329
v 2.76620409 46.14061332 -28.94788345
v 1.96202967 38.69082684 -24.91058976
v 1.77981684 37.74037222 -24.30876770
v 2.31775019 38.22729534 -24.90630196
v 4.81647990 38.61173289 -24.99201064
v 5.21211073 37.93972825 -24.64598697
v 5.27968428 38.67183722 -25.24771744
v 4.28921244 35.11882099 -22.56767841
v 4.56342051 34.43781366 -22.25337776
v 5.13957045 34.79773796 -22.33241834
v 7.96164534 37.16629082 -24.21568899
v 7.67526839 36.84687098 -24.06300950
v 8.85900709 36.72961480 -24.14317916
v 7.55567000 37.71734664 -24.76065674
v 7.96164534 37.16629082 -24.21568899
v 8.50993941 37.80583997 -24.81081239
v 6.75563643 37.42538505 -24.22402034
v 6.56319258 37.01638082 -24.38553455
v 8.34478590 38.56825292 -25.29056410
v 9.10654280 39.09491758 -25.77966941
v 8.54144118 39.26007875 -25.52065149
v 6.96044752 39.30838801 -25.94303004
v 6.89851210 38.57547033 -25.30460219
v 7.73826430 39.14408903 -25.75331749
v 6.71880171 39.93723321 -26.02292516
v 6.89851210 38.57547033 -25.30460219
v 6.96044752 39.30838801 -25.94303004
v 5.72381422 39.22485380 -25.75096765
v 5.88859389 38.94312326 -25.05911885
v 6.42533705 40.07404347 -26.26830177
v 0.78030131 35.12796862 -22.65665241
v 1.37069437 34.49643791 -22.31833443
v 2.11312601 35.16030963 -22.61960407
v 5.07613108 36.55779329 -23.61768169
v 4.35905192 36.22188639 -23.12427344
v 5.12702009 35.25846177 -22.76804159
v 5.07613108 36.55779329 -23.61768169
v 5.12702009 35.25846177 -22.76804159
v 5.85703108 35.08689200 -22.44055743
v 4.72154734 39.71559168 -25.98387789
v 4.66871378 39.34603914 -25.53177516
v 5.72381422 39.22485380 -25.75096765
v 0.78030131 35.12796862 -22.65665241
v 0.83570597 34.93924803 -21.94798844
v 1.37069437 34.49643791 -22.31833443
v 1.28661463 39.65772277 -25.66591523
v 1.12986872 38.63992350 -24.98433547
v 1.42396662 39.04823339 -25.28517783
v 0.61797449 39.42139468 -25.43594998
v 0.65499995 38.25320479 -24.73641061
v 1.12986872 38.63992350 -24.98433547
v 6.71880171 39.93723321 -26.02292516
v 6.96044752 39.30838801 -25.94303004
v 7.73826430 39.14408903 -25.75331749
v 7.03229353 37.53916976 -24.73534238
v 6.75563643 37.42538505 -24.22402034
v 7.55567000 37.71734664 -24.76065674
v 7.55567000 37.71734664 -24.76065674
v 7.67526839 36.84687098 -24.06300950
v 7.05167982 36.26847138 -23.71825232
v 6.65473769 35.26077343 -23.03771017
v 8.03286574 35.85105197 -23.57947357
v 5.12702009 35.25846177 -22.76804159
v 4.28921244 35.11882099 -22.56767841
v 5.13957045 34.79773796 -22.33241834
v 2.34184382 37.30453555 -23.57199700
v 1.94320414 36.84751953 -23.76584458
v 3.09544108 37.04638732 -23.80373219
v 4.44633219 37.38302669 -23.99706110
v 5.07613108 36.55779329 -23.61768169
v 5.45713637 36.96958218 -23.94295337
v 2.83968088 39.46673615 -25.58128995
v 3.94573710 39.13420900 -25.52548851
v 3.62741587 39.74321774 -25.81886935
v 0.93440745 37.13944307 -23.64092092
v 0.54330179 36.38980167 -23.54514138
v 1.94320414 36.84751953 -23.76584458
v 0.39659998 37.46346337 -24.14078365
v -0.10506704 37.03278414 -23.62572315
v 0.93440745 37.13944307 -23.64092092
v 0.36333964 36.17747572 -22.93799413
v -0.11517599 35.68584516 -22.93936734
v 0.78030131 35.12796862 -22.65665241
v 0.54330179 36.38980167 -23.54514138
v 0.36333964 36.17747572 -22.93799413
v 1.28391764 35.90335153 -23.20743378
v 0.61853907 42.11547953 -27.13663401
v 0.66886256 41.55762495 -26.64188295
v 1.28140375 41.82043464 -27.03293524
v 2.42034266 49.49375204 -30.16158334
v 2.62778399 50.28030815 -30.98261313
v 2.04768488 49.52346471 -30.24590341
v 3.62741587 39.74321774 -25.81886935
v 4.66871378 39.34603914 -25.53177516
v 4.72154734 39.71559168 -25.98387789
v 1.77981684 37.74037222 -24.30876770
v 2.78603098 38.09259852 -24.04352423
v 2.79839060 38.45134780 -24.73097851
v 7.67526839 36.84687098 -24.06300950
v 8.03286574 35.85105197 -23.57947357
v 8.85900709 36.72961480 -24.14317916
v 4.66871378 39.34603914 -25.53177516
v 5.27968428 38.67183722 -25.24771744
v 5.72381422 39.22485380 -25.75096765
v 1.96202967 38.69082684 -24.91058976
v 1.42396662 39.04823339 -25.28517783
v 6.75563643 37.42538505 -24.22402034
v 7.67526839 36.84687098 -24.06300950
v 7.55567000 37.71734664 -24.76065674
v 5.13957045 34.79773796 -22.33241834
v 6.12169478 34.15758602 -22.08049563
v 5.85703108 35.08689200 -22.44055743
v 3.45881388 41.02571123 -26.44005486
v 2.67126200 40.93165605 -26.46860404
v 4.04662821 40.64162463 -26.40795030
v 3.83416483 38.53096049 -24.99089674
v 4.21830485 38.09185074 -24.66889044
v 4.81647990 38.61173289 -24.99201064
v 2.34184382 37.30453555 -23.57199700
v 3.09544108 37.04638732 -23.80373219
v 3.45924876 37.50610410 -23.91525875
v 2.34184382 37.30453555 -23.57199700
v 3.45924876 37.50610410 -23.91525875
v 2.78603098 38.09259852 -24.04352423
v 4.47758410 47.84823571 -29.80260480
v 5.22453234 47.04710356 -29.45249175
v 4.93896410 48.34289500 -30.57439443
v 3.45924876 37.50610410 -23.91525875
v 4.21830485 38.09185074 -24.66889044
v 3.23787424 37.73916675 -24.49397888
v 4.21830485 38.09185074 -24.66889044
v 4.44633219 37.38302669 -23.99706110
v 5.21211073 37.93972825 -24.64598697
v 4.35905192 36.22188639 -23.12427344
v 4.44633219 37.38302669 -23.99706110
v 3.67127726 37.01527462 -23.95087269
v 2.18540690 34.14759152 -22.06250552
v 2.46463511 35.21306693 -22.37470052
v 2.11312601 35.16030963 -22.61960407
v 3.00890848 34.98514643 -22.19141191
v 3.35019419 34.75958334 -22.43796338
v 3.28506205 35.41332321 -22.79437828
v 2.11312601 35.16030963 -22.61960407
v 1.28391764 35.90335153 -23.20743378
v 1.45640681 50.16578725 -30.25045063
v 0.79743311 48.77281154 -29.64714840
v 1.42164728 49.61123332 -29.91342967
v 0.63034174 50.38124519 -30.06136375
v 0.01133082 50.33723123 -29.99817710
v 0.79743311 48.77281154 -29.64714840
v 1.42164728 49.61123332 -29.91342967
v 2.04768488 49.52346471 -30.24590341
v 1.45640681 50.16578725 -30.25045063
v -0.05681493 42.57972819 -27.09371112
v 0.61853907 42.11547953 -27.13663401
v 1.30054591 42.45142462 -27.34654923
v 0.19078944 38.72647139 -24.75905473
v 0.65499995 38.25320479 -24.73641061
v 0.61797449 39.42139468 -25.43594998
v -0.02148321 41.70048533 -26.87595279
v 0.66886256 41.55762495 -26.64188295
v 0.61853907 42.11547953 -27.13663401
v 1.01291010 48.60723462 -29.52240778
v 1.72817347 48.38372768 -29.61078665
v 0.79743311 48.77281154 -29.64714840
v 1.17260096 46.25322035 -28.78237138
v 2.37829706 46.62549950 -28.89817039
v 1.95813868 48.91631280 -29.77626830
v 3.66462633 48.04498637 -29.67578903
v 4.47758410 47.84823571 -29.80260480
v 4.15914080 48.29935411 -30.19940968
v 4.04662821 40.64162463 -26.40795030
v 4.72154734 39.71559168 -25.98387789
v 5.27121565 40.23441334 -26.31203349
v 2.37829706 46.62549950 -28.89817039
v 3.53881762 46.91672491 -29.02599332
v 3.66462633 48.04498637 -29.67578903
v 0.63711664 46.98074792 -29.08135221
v 1.17260096 46.25322035 -28.78237138
v 1.72817347 48.38372768 -29.61078665
v 0.79743311 48.77281154 -29.64714840
v 0.63711664 46.98074792 -29.08135221
v 1.01291010 48.60723462 -29.52240778
v 3.97824023 46.05037284 -28.96826918
v 5.24724505 46.36733603 -28.95040119
v 5.22453234 47.04710356 -29.45249175
v 0.61847803 45.58789900 -28.75958990
v 1.17260096 46.25322035 -28.78237138
v 0.63711664 46.98074792 -29.08135221
v 1.17260096 46.25322035 -28.78237138
v 1.90487025 45.49900895 -28.62270329
v 2.37829706 46.62549950 -28.89817039
v 3.66462633 48.04498637 -29.67578903
v 3.53881762 46.91672491 -29.02599332
v 4.47758410 47.84823571 -29.80260480
v 4.80556223 42.00529483 -27.31737435
v 5.49309370 42.48136138 -27.52385636
v 4.20124552 42.31848910 -27.31229323
v 1.30054591 42.45142462 -27.34654923
v 1.28140375 41.82043464 -27.03293524
v 2.47825739 42.06523231 -27.26215281
v 3.66462633 48.04498637 -29.67578903
v 3.67648241 48.85871457 -30.49433165
v 2.56792567 48.93367345 -30.00040466
v 0.32111475 46.41177072 -28.10515583
v 0.61847803 45.58789900 -28.75958990
v 0.63711664 46.98074792 -29.08135221
v 1.84795496 40.98935716 -26.48554130
v 2.67126200 40.93165605 -26.46860404
v 3.04831431 41.57185373 -26.92868715
v 0.66886256 41.55762495 -26.64188295
v 1.84795496 40.98935716 -26.48554130
v 1.28140375 41.82043464 -27.03293524
v 3.48999522 43.27973553 -27.72165618
v 4.20124552 42.31848910 -27.31229323
v 4.52570841 42.91821285 -27.71224145
v 1.28140375 41.82043464 -27.03293524
v 2.25895808 41.85132704 -26.87334357
v 2.47825739 42.06523231 -27.26215281
v 4.04662821 40.64162463 -26.40795030
v 4.70767710 41.27835857 -26.80763913
v 1.30054591 42.45142462 -27.34654923
v 2.47825739 42.06523231 -27.26215281
v 2.35476801 42.95994280 -27.60762719
v 1.69478724 44.59562386 -28.15863759
v 2.61805651 44.73848050 -27.90363273
v 3.18266222 45.16989881 -28.54267089
v 0.25705073 41.02137774 -26.40004631
v 0.66886256 41.55762495 -26.64188295
v -0.02148321 41.70048533 -26.87595279
v 2.37829706 46.62549950 -28.89817039
v 2.76620409 46.14061332 -28.94788345
v 0.61847803 45.58789900 -28.75958990
v 1.11367914 45.69538200 -28.19602180
v 1.17260096 46.25322035 -28.78237138
v 0.31371424 39.21089209 -25.25592675
v 0.19078944 38.72647139 -24.75905473
v 0.16838572 35.23165220 -22.02437398
v 0.83570597 34.93924803 -21.94798844
v 0.78030131 35.12796862 -22.65665241
v -0.10506704 37.03278414 -23.62572315
v 0.54330179 36.38980167 -23.54514138
v 0.93440745 37.13944307 -23.64092092
v 0.39659998 37.46346337 -24.14078365
v 0.93440745 37.13944307 -23.64092092
v 0.83602259 37.77500205 -24.28378907
v -0.13499334 37.78800254 -24.27004090
v 0.83602259 37.77500205 -24.28378907
v 0.65499995 38.25320479 -24.73641061
v 1.23390314 38.35711720 -24.44080210
v 1.12986872 38.63992350 -24.98433547
v 3.62741587 39.74321774 -25.81886935
v 3.94573710 39.13420900 -25.52548851
v 1.96202967 38.69082684 -24.91058976
v 2.79839060 38.45134780 -24.73097851
v 2.29867670 39.35261568 -25.51599758
v 1.42396662 39.04823339 -25.28517783
v 2.29867670 39.35261568 -25.51599758
v 1.28661463 39.65772277 -25.66591523
v 2.83968088 39.46673615 -25.58128995
v 4.46748087 35.50321270 -23.04169275
v 4.35905192 36.22188639 -23.12427344
v 3.28506205 35.41332321 -22.79437828
v 3.85506174 35.17188338 -22.90405842
v 3.64567301 35.88851996 -23.36461457
v 0.63034174 50.38124519 -30.06136375
v 0.79743311 48.77281154 -29.64714840
v 1.45640681 50.16578725 -30.25045063
v 0.79743311 48.77281154 -29.64714840
v 1.72817347 48.38372768 -29.61078665
v 1.95813868 48.91631280 -29.77626830
v 3.85506174 35.17188338 -22.90405842
v 4.46748087 35.50321270 -23.04169275
v 3.64567301 35.88851996 -23.36461457
v 4.69575426 48.60235926 -30.61707330
v 4.03440020 49.09696143 -30.81142458
v 3.79263232 49.10052435 -30.85999331
v 2.46463511 35.21306693 -22.37470052
v 3.00890848 34.98514643 -22.19141191
v 2.63248942 35.85436319 -23.18764313
v 3.79263232 49.10052435 -30.85999331
v 3.43095324 49.42013207 -30.95777168
v 3.39625475 49.55326885 -30.77574961
v 3.28506205 35.41332321 -22.79437828
v 3.64567301 35.88851996 -23.36461457
v 3.37140391 36.40135261 -23.31821267
v 3.64567301 35.88851996 -23.36461457
v 4.35905192 36.22188639 -23.12427344
v 2.63248942 35.85436319 -23.18764313
v 3.64567301 35.88851996 -23.36461457
v 3.37140391 36.40135261 -23.31821267
v 1.28391764 35.90335153 -23.20743378
v 2.63248942 35.85436319 -23.18764313
v 1.94320414 36.84751953 -23.76584458
v 1.28391764 35.90335153 -23.20743378
v 2.11312601 35.16030963 -22.61960407
v 2.63248942 35.85436319 -23.18764313
v 3.45924876 37.50610410 -23.91525875
v 3.67127726 37.01527462 -23.95087269
v 4.44633219 37.38302669 -23.99706110
v 3.23787424 37.73916675 -24.49397888
v 4.21830485 38.09185074 -24.66889044
v 3.52438090 38.22282454 -24.78945015
v 3.94573710 39.13420900 -25.52548851
v 4.81647990 38.61173289 -24.99201064
v 4.66871378 39.34603914 -25.53177516
v 5.45713637 36.96958218 -23.94295337
v 5.21211073 37.93972825 -24.64598697
v 0.16600153 45.31731885 -27.87715883
v 0.87336085 44.86222162 -28.11272394
v 0.61847803 45.58789900 -28.75958990
v 1.37069437 34.49643791 -22.31833443
v 2.18540690 34.14759152 -22.06250552
v 2.11312601 35.16030963 -22.61960407
v 3.35019419 34.75958334 -22.43796338
v 4.56342051 34.43781366 -22.25337776
v 3.35019419 34.75958334 -22.43796338
v 4.28921244 35.11882099 -22.56767841
v 6.65473769 35.26077343 -23.03771017
v 7.41047499 34.93238145 -22.75653641
v 8.03286574 35.85105197 -23.57947357
v 0.61853907 42.11547953 -27.13663401
v 6.12169478 34.15758602 -22.08049563
v 6.57963393 34.60585867 -22.44679820
v 7.05167982 36.26847138 -23.71825232
v 8.03286574 35.85105197 -23.57947357
v 7.25466749 36.72732605 -23.72376082
v 5.85703108 35.08689200 -22.44055743
v 6.65473769 35.26077343 -23.03771017
v 6.31903670 36.61925566 -23.81368085
v 7.25466749 36.72732605 -23.72376082
v 8.03286574 35.85105197 -23.57947357
v 7.67526839 36.84687098 -24.06300950
v 6.56319258 37.01638082 -24.38553455
v 7.25466749 36.72732605 -23.72376082
v 7.67526839 36.84687098 -24.06300950
v 6.31903670 36.61925566 -23.81368085
v 7.25466749 36.72732605 -23.72376082
v 6.56319258 37.01638082 -24.38553455
v 9.29158613 37.53025863 -24.72482907
v 8.34478590 38.56825292 -25.29056410
v 6.56319258 37.01638082 -24.38553455
v 6.75563643 37.42538505 -24.22402034
v 6.57134840 37.90251970 -24.58505862
v 5.45713637 36.96958218 -23.94295337
v 6.56319258 37.01638082 -24.38553455
v 5.45713637 36.96958218 -23.94295337
v 6.56319258 37.01638082 -24.38553455
v 6.89851210 38.57547033 -25.30460219
v 7.73826430 39.14408903 -25.75331749
v 5.88859389 38.94312326 -25.05911885
v 6.57134840 37.90251970 -24.58505862
v 6.89851210 38.57547033 -25.30460219
v 6.57134840 37.90251970 -24.58505862
v 5.88859389 38.94312326 -25.05911885
v 5.88859389 38.94312326 -25.05911885
v 6.71880171 39.93723321 -26.02292516
v 6.42533705 40.07404347 -26.26830177
v 0.61797449 39.42139468 -25.43594998
v 1.12986872 38.63992350 -24.98433547
v 1.28661463 39.65772277 -25.66591523
v 0.27719233 43.83720873 -27.60059304
v 1.00331232 43.28040408 -27.55042205
v 1.06247828 43.68716520 -27.86415807
v 4.81647990 38.61173289 -24.99201064
v 4.66871378 39.34603914 -25.53177516
v 9.10654280 39.09491758 -25.77966941
v 8.59502241 39.62926507 -26.01961396
v 7.73826430 39.14408903 -25.75331749
v 8.54144118 39.26007875 -25.52065149
v 8.59502241 39.62926507 -26.01961396
v 6.57134840 37.90251970 -24.58505862
v 7.03229353 37.53916976 -24.73534238
v 6.89851210 38.57547033 -25.30460219
v 8.03286574 35.85105197 -23.57947357
v 9.08093855 36.27449856 -23.96323218
v 8.85900709 36.72961480 -24.14317916
v 0.36333964 36.17747572 -22.93799413
v 1.28391764 35.90335153 -23.20743378
v 0.65499995 38.25320479 -24.73641061
v -0.13499334 37.78800254 -24.27004090
v 0.83602259 37.77500205 -24.28378907
v 0.83602259 37.77500205 -24.28378907
v 0.93440745 37.13944307 -23.64092092
v 1.94320414 36.84751953 -23.76584458
v 1.23390314 38.35711720 -24.44080210
v 0.83602259 37.77500205 -24.28378907
v 1.77981684 37.74037222 -24.30876770
v 2.34184382 37.30453555 -23.57199700
v 2.78603098 38.09259852 -24.04352423
v 1.77981684 37.74037222 -24.30876770
v 0.65499995 38.25320479 -24.73641061
v 1.23390314 38.35711720 -24.44080210
v 2.78603098 38.09259852 -24.04352423
v 3.45924876 37.50610410 -23.91525875
v 3.23787424 37.73916675 -24.49397888
v 2.83968088 39.46673615 -25.58128995
v 3.52438090 38.22282454 -24.78945015
v 3.94573710 39.13420900 -25.52548851
v 3.09544108 37.04638732 -23.80373219
v 3.37140391 36.40135261 -23.31821267
v 2.29867670 39.35261568 -25.51599758
v 2.83968088 39.46673615 -25.58128995
v 3.09544108 37.04638732 -23.80373219
v 4.35905192 36.22188639 -23.12427344
v 3.67127726 37.01527462 -23.95087269
v 1.28661463 39.65772277 -25.66591523
v 1.42396662 39.04823339 -25.28517783
v 4.46748087 35.50321270 -23.04169275
v 3.85506174 35.17188338 -22.90405842
v 3.28506205 35.41332321 -22.79437828
v 3.35019419 34.75958334 -22.43796338
v 3.85506174 35.17188338 -22.90405842
v 2.11312601 35.16030963 -22.61960407
v 2.46463511 35.21306693 -22.37470052
v 2.63248942 35.85436319 -23.18764313
v 3.09544108 37.04638732 -23.80373219
v 3.37140391 36.40135261 -23.31821267
v 4.35905192 36.22188639 -23.12427344
v 1.94320414 36.84751953 -23.76584458
v 2.63248942 35.85436319 -23.18764313
v 3.09544108 37.04638732 -23.80373219
v 3.67127726 37.01527462 -23.95087269
v 3.45924876 37.50610410 -23.91525875
v 1.72817347 48.38372768 -29.61078665
v 1.17260096 46.25322035 -28.78237138
v 1.95813868 48.91631280 -29.77626830
v 0.61847803 45.58789900 -28.75958990
v 0.87336085 44.86222162 -28.11272394
v 1.11367914 45.69538200 -28.19602180
v 2.56792567 48.93367345 -30.00040466
v 3.39625475 49.55326885 -30.77574961
v 2.42034266 49.49375204 -30.16158334
v 1.94320414 36.84751953 -23.76584458
v 2.34184382 37.30453555 -23.57199700
v 1.77981684 37.74037222 -24.30876770
v 1.42164728 49.61123332 -29.91342967
v 1.95813868 48.91631280 -29.77626830
v 2.04768488 49.52346471 -30.24590341
v 4.81647990 38.61173289 -24.99201064
v 3.23787424 37.73916675 -24.49397888
v 3.52438090 38.22282454 -24.78945015
v 1.96202967 38.69082684 -24.91058976
v 2.31775019 38.22729534 -24.90630196
v 2.79839060 38.45134780 -24.73097851
v 1.96202967 38.69082684 -24.91058976
v 1.23390314 38.35711720 -24.44080210
v 1.77981684 37.74037222 -24.30876770
v 4.81647990 38.61173289 -24.99201064
v 5.21211073 37.93972825 -24.64598697
v 3.00890848 34.98514643 -22.19141191
v 3.28506205 35.41332321 -22.79437828
v 2.63248942 35.85436319 -23.18764313
v 1.94320414 36.84751953 -23.76584458
v 1.77981684 37.74037222 -24.30876770
v 0.92450068 40.98404708 -26.59162040
v 0.61797449 39.42139468 -25.43594998
v 1.28661463 39.65772277 -25.66591523
v 2.54790613 43.62908262 -27.84241429
v 2.35476801 42.95994280 -27.60762719
v 3.48999522 43.27973553 -27.72165618
v 0.25705073 41.02137774 -26.40004631
v 0.61797449 39.42139468 -25.43594998
v 0.92450068 40.98404708 -26.59162040
v 1.88027308 43.90266133 -27.45310159
v 1.30054591 42.45142462 -27.34654923
v 2.35476801 42.95994280 -27.60762719
v 2.94020006 44.11986152 -28.01065778
v 4.16554186 44.27930439 -28.19020798
v 3.97824023 46.05037284 -28.96826918
v 3.18266222 45.16989881 -28.54267089
v 3.88392565 45.32580553 -28.30045290
v 3.18266222 45.16989881 -28.54267089
v 2.94020006 44.11986152 -28.01065778
v 4.16554186 44.27930439 -28.19020798
v 0.16838572 35.23165220 -22.02437398
v 0.48714182 34.18145846 -21.68565921
v 0.83570597 34.93924803 -21.94798844
v 4.15914080 48.29935411 -30.19940968
v 3.79263232 49.10052435 -30.85999331
v 3.67648241 48.85871457 -30.49433165
v 4.04662821 40.64162463 -26.40795030
v 4.72154734 39.71559168 -25.98387789
v 2.61805651 44.73848050 -27.90363273
v 2.94020006 44.11986152 -28.01065778
v 3.18266222 45.16989881 -28.54267089
v 3.61473582 41.56769571 -26.91002565
v 4.04662821 40.64162463 -26.40795030
v 4.70767710 41.27835857 -26.80763913
v 2.67126200 40.93165605 -26.46860404
v 2.83968088 39.46673615 -25.58128995
v 3.18266222 45.16989881 -28.54267089
v 4.16554186 44.27930439 -28.19020798
v 3.88392565 45.32580553 -28.30045290
v 3.39581225 46.07743051 -28.81119521
v 3.97824023 46.05037284 -28.96826918
v 3.88392565 45.32580553 -28.30045290
v 4.96575854 44.47117984 -28.26555591
v 4.84578631 45.48041132 -28.76267216
v 2.67126200 40.93165605 -26.46860404
v 1.84795496 40.98935716 -26.48554130
v 0.92450068 40.98404708 -26.59162040
v 6.71880171 39.93723321 -26.02292516
v 6.89851210 38.57547033 -25.30460219
v 6.54687426 46.38101554 -28.96517170
v 6.27668688 47.14969593 -30.04279328
v 5.99783251 46.79656950 -29.45421595
v 7.17711565 45.88473866 -29.09087352
v 7.60323260 46.67503699 -29.91805260
v 6.62073443 47.26621202 -30.18375399
v 6.42031786 45.40517787 -28.72887393
v 7.17711565 45.88473866 -29.09087352
v 5.54096911 45.44387796 -28.82863590
v 6.12087939 44.62411485 -28.37015493
v 6.42031786 45.40517787 -28.72887393
v 4.52570841 42.91821285 -27.71224145
v 5.49309370 42.48136138 -27.52385636
v 6.01088640 43.64477912 -28.00225011
v 4.20124552 42.31848910 -27.31229323
v 3.61473582 41.56769571 -26.91002565
v 4.80556223 42.00529483 -27.31737435
v 2.42034266 49.49375204 -30.16158334
v 2.98876879 49.71101801 -30.86867566
v 2.83604357 50.00028649 -30.94498491
v 7.31572649 44.18190373 -28.16893721
v 8.27852557 44.04955283 -27.99542950
v 7.61823199 45.03659803 -28.56536069
v 6.01088640 43.64477912 -28.00225011
v 6.93546889 42.47718430 -27.42899247
v 7.31572649 44.18190373 -28.16893721
v 5.38955519 41.36577614 -26.97626402
v 7.32174513 41.33792124 -26.86527158
v 6.16631148 41.80499276 -26.99391851
v 6.93546889 42.47718430 -27.42899247
v 7.70858595 41.93609626 -27.04450142
v 7.58723280 42.45457079 -27.37735673
v 5.27121565 40.23441334 -26.31203349
v 6.42533705 40.07404347 -26.26830177
v 7.32174513 41.33792124 -26.86527158
v 4.80556223 42.00529483 -27.31737435
v 4.70767710 41.27835857 -26.80763913
v 6.27668688 47.14969593 -30.04279328
v 7.17711565 45.88473866 -29.09087352
v 6.62073443 47.26621202 -30.18375399
v 7.34477827 40.08598348 -26.25878029
v 8.33160994 40.17954274 -26.26712686
v 8.33160994 40.17954274 -26.26712686
v 9.09712813 40.26777669 -26.27532085
v 8.90016768 41.26970683 -26.82666684
v 5.22453234 47.04710356 -29.45249175
v 6.27668688 47.14969593 -30.04279328
v 5.65736315 47.92263364 -30.46779646
v 7.66429064 45.54797339 -28.94608282
v 7.82034228 46.45606193 -29.85706319
v 7.17711565 45.88473866 -29.09087352
v 4.80556223 42.00529483 -27.31737435
v 5.49309370 42.48136138 -27.52385636
v 7.58723280 42.45457079 -27.37735673
v 7.70858595 41.93609626 -27.04450142
v 6.42533705 40.07404347 -26.26830177
v 6.71880171 39.93723321 -26.02292516
v 8.33160994 40.17954274 -26.26712686
v 9.09712813 40.26777669 -26.27532085
v 0.79743311 48.77281154 -29.64714840
v -0.05448797 47.39702675 -29.10021215
v 0.63711664 46.98074792 -29.08135221
v 1.95813868 48.91631280 -29.77626830
v 2.37829706 46.62549950 -28.89817039
v 2.56792567 48.93367345 -30.00040466
v 5.27968428 38.67183722 -25.24771744
v 5.88859389 38.94312326 -25.05911885
v 7.73826430 39.14408903 -25.75331749
v 8.34478590 38.56825292 -25.29056410
v 8.54144118 39.26007875 -25.52065149
v 6.57134840 37.90251970 -24.58505862
v 5.21211073 37.93972825 -24.64598697
v 6.56319258 37.01638082 -24.38553455
v 7.03229353 37.53916976 -24.73534238
v 7.55567000 37.71734664 -24.76065674
v 1.96202967 38.69082684 -24.91058976
v 1.12986872 38.63992350 -24.98433547
v 1.01291010 48.60723462 -29.52240778
v 0.63711664 46.98074792 -29.08135221
v 3.79263232 49.10052435 -30.85999331
v 2.56792567 48.93367345 -30.00040466
v 3.67648241 48.85871457 -30.49433165
v 8.50993941 37.80583997 -24.81081239
v 2.80692789 33.93653965 -21.63237548
v 2.46463511 35.21306693 -22.37470052
v 2.35476801 42.95994280 -27.60762719
v 2.47825739 42.06523231 -27.26215281
v 3.61473582 41.56769571 -26.91002565
v 0.01133082 50.33723123 -29.99817710
v -0.09295538 48.87763278 -29.41768675
v 7.31572649 44.18190373 -28.16893721
v 7.73042128 43.35575479 -27.84842621
v 6.93546889 42.47718430 -27.42899247
v 7.32174513 41.33792124 -26.86527158
v 5.72381422 39.22485380 -25.75096765
v 6.42533705 40.07404347 -26.26830177
v 8.33160994 40.17954274 -26.26712686
v 7.73826430 39.14408903 -25.75331749
v 2.47825739 42.06523231 -27.26215281
v 3.04831431 41.57185373 -26.92868715
v 5.99783251 46.79656950 -29.45421595
v 5.22453234 47.04710356 -29.45249175
v 6.62073443 47.26621202 -30.18375399
v 7.18182299 46.96828038 -29.99614713
v 6.94776842 47.17770725 -30.09609224
v 4.69575426 48.60235926 -30.61707330
v 3.79263232 49.10052435 -30.85999331
v 2.62778399 50.28030815 -30.98261313
v 2.18089411 50.00433389 -30.90087175
v 2.18089411 50.00433389 -30.90087175
v 2.62778399 50.28030815 -30.98261313
v 2.58386156 50.39324224 -31.14740807
v 2.42034266 49.49375204 -30.16158334
v 2.62778399 50.28030815 -30.98261313
v 1.11367914 45.69538200 -28.19602180
v 1.69478724 44.59562386 -28.15863759
v 1.90487025 45.49900895 -28.62270329
v 3.61473582 41.56769571 -26.91002565
v 4.70767710 41.27835857 -26.80763913
v 3.83416483 38.53096049 -24.99089674
v 4.21830485 38.09185074 -24.66889044
v 4.21830485 38.09185074 -24.66889044
v 3.45924876 37.50610410 -23.91525875
v 4.44633219 37.38302669 -23.99706110
v 4.44633219 37.38302669 -23.99706110
v 5.07613108 36.55779329 -23.61768169
v 3.53881762 46.91672491 -29.02599332
v 4.47758410 47.84823571 -29.80260480
v 1.90487025 45.49900895 -28.62270329
v 1.69478724 44.59562386 -28.15863759
v 3.18266222 45.16989881 -28.54267089
v 1.01542017 44.43521975 -27.60094408
v 1.06247828 43.68716520 -27.86415807
v 1.69478724 44.59562386 -28.15863759
v 1.69478724 44.59562386 -28.15863759
v 2.54790613 43.62908262 -27.84241429
v 2.61805651 44.73848050 -27.90363273
v 3.88392565 45.32580553 -28.30045290
v 4.16554186 44.27930439 -28.19020798
v 4.96575854 44.47117984 -28.26555591
v 2.83968088 39.46673615 -25.58128995
v 2.79839060 38.45134780 -24.73097851
v 3.52438090 38.22282454 -24.78945015
v 2.94020006 44.11986152 -28.01065778
v 2.54790613 43.62908262 -27.84241429
v 3.48999522 43.27973553 -27.72165618
v 2.35476801 42.95994280 -27.60762719
v 1.69478724 44.59562386 -28.15863759
v 1.11367914 45.69538200 -28.19602180
v 3.39581225 46.07743051 -28.81119521
v 3.52438090 38.22282454 -24.78945015
v 4.84578631 45.48041132 -28.76267216
v 5.24724505 46.36733603 -28.95040119
v 1.06247828 43.68716520 -27.86415807
v 1.88027308 43.90266133 -27.45310159
v 1.69478724 44.59562386 -28.15863759
v 1.06247828 43.68716520 -27.86415807
v 1.00331232 43.28040408 -27.55042205
v 1.88027308 43.90266133 -27.45310159
v 0.54330179 36.38980167 -23.54514138
v 1.28391764 35.90335153 -23.20743378
v 1.94320414 36.84751953 -23.76584458
v -0.11517599 35.68584516 -22.93936734
v 0.16838572 35.23165220 -22.02437398
v 0.78030131 35.12796862 -22.65665241
v 3.48999522 43.27973553 -27.72165618
v 3.61473582 41.56769571 -26.91002565
v 4.20124552 42.31848910 -27.31229323
v 4.52570841 42.91821285 -27.71224145
v 4.20124552 42.31848910 -27.31229323
v 5.49309370 42.48136138 -27.52385636
v 0.25705073 41.02137774 -26.40004631
v 0.92450068 40.98404708 -26.59162040
v 0.66886256 41.55762495 -26.64188295
v 4.16554186 44.27930439 -28.19020798
v 3.48999522 43.27973553 -27.72165618
v -0.05681493 42.57972819 -27.09371112
v -0.02148321 41.70048533 -26.87595279
v 0.61853907 42.11547953 -27.13663401
v 4.47758410 47.84823571 -29.80260480
v 4.93896410 48.34289500 -30.57439443
v 4.15914080 48.29935411 -30.19940968
v 4.93896410 48.34289500 -30.57439443
v 4.69575426 48.60235926 -30.61707330
v -0.05681493 42.57972819 -27.09371112
v 1.30054591 42.45142462 -27.34654923
v 0.28547785 42.96970466 -27.29770593
v 1.88027308 43.90266133 -27.45310159
v 2.35476801 42.95994280 -27.60762719
v 2.54790613 43.62908262 -27.84241429
v 1.69478724 44.59562386 -28.15863759
v 1.88027308 43.90266133 -27.45310159
v 2.54790613 43.62908262 -27.84241429
v 0.27719233 43.83720873 -27.60059304
v 0.28547785 42.96970466 -27.29770593
v 1.00331232 43.28040408 -27.55042205
v 1.01542017 44.43521975 -27.60094408
v 0.27719233 43.83720873 -27.60059304
v 1.06247828 43.68716520 -27.86415807
v 1.00331232 43.28040408 -27.55042205
v 0.28547785 42.96970466 -27.29770593
v 3.39581225 46.07743051 -28.81119521
v 3.18266222 45.16989881 -28.54267089
v 3.97824023 46.05037284 -28.96826918
v 2.76620409 46.14061332 -28.94788345
v 3.39581225 46.07743051 -28.81119521
v 1.11367914 45.69538200 -28.19602180
v 1.90487025 45.49900895 -28.62270329
v 1.17260096 46.25322035 -28.78237138
v 2.18089411 50.00433389 -30.90087175
v 1.45640681 50.16578725 -30.25045063
v 2.04768488 49.52346471 -30.24590341
v 2.42034266 49.49375204 -30.16158334
v 3.39625475 49.55326885 -30.77574961
v 2.98876879 49.71101801 -30.86867566
v 1.42164728 49.61123332 -29.91342967
v 0.79743311 48.77281154 -29.64714840
v 2.04768488 49.52346471 -30.24590341
v 2.56792567 48.93367345 -30.00040466
v 2.42034266 49.49375204 -30.16158334
v 2.56792567 48.93367345 -30.00040466
v 3.79263232 49.10052435 -30.85999331
v 3.39625475 49.55326885 -30.77574961
v 3.61473582 41.56769571 -26.91002565
v 3.45881388 41.02571123 -26.44005486
v 4.04662821 40.64162463 -26.40795030
v 3.04831431 41.57185373 -26.92868715
v 3.45881388 41.02571123 -26.44005486
v 3.61473582 41.56769571 -26.91002565
v 3.04831431 41.57185373 -26.92868715
v 3.45881388 41.02571123 -26.44005486
v 3.64567301 35.88851996 -23.36461457
v 4.46748087 35.50321270 -23.04169275
v 0.48714182 34.18145846 -21.68565921
v 1.37069437 34.49643791 -22.31833443
v 0.83570597 34.93924803 -21.94798844
v 2.46463511 35.21306693 -22.37470052
v 2.80692789 33.93653965 -21.63237548
v 3.00890848 34.98514643 -22.19141191
v 5.12702009 35.25846177 -22.76804159
v 5.13957045 34.79773796 -22.33241834
v 5.85703108 35.08689200 -22.44055743
v 5.13957045 34.79773796 -22.33241834
v 4.56342051 34.43781366 -22.25337776
v 5.38610670 34.22463314 -22.10715275
v 7.41047499 34.93238145 -22.75653641
v 8.93279097 34.93506699 -22.78867142
v 3.62741587 39.74321774 -25.81886935
v 8.03286574 35.85105197 -23.57947357
v 7.41047499 34.93238145 -22.75653641
v 8.82800886 35.54872960 -23.46384242
v 6.65473769 35.26077343 -23.03771017
v 6.57963393 34.60585867 -22.44679820
v 7.41047499 34.93238145 -22.75653641
v 5.85703108 35.08689200 -22.44055743
v 6.57963393 34.60585867 -22.44679820
v 2.25895808 41.85132704 -26.87334357
v 1.84795496 40.98935716 -26.48554130
v 3.04831431 41.57185373 -26.92868715
v 1.90487025 45.49900895 -28.62270329
v 3.39581225 46.07743051 -28.81119521
v 2.76620409 46.14061332 -28.94788345
v 0.66886256 41.55762495 -26.64188295
v 0.92450068 40.98404708 -26.59162040
v 1.84795496 40.98935716 -26.48554130
v 3.97824023 46.05037284 -28.96826918
v 5.22453234 47.04710356 -29.45249175
v 8.82800886 35.54872960 -23.46384242
v 6.31903670 36.61925566 -23.81368085
v 7.05167982 36.26847138 -23.71825232
v 0.16600153 45.31731885 -27.87715883
v 1.01542017 44.43521975 -27.60094408
v 6.31903670 36.61925566 -23.81368085
v 6.31903670 36.61925566 -23.81368085
v 1.01542017 44.43521975 -27.60094408
v 1.69478724 44.59562386 -28.15863759
v 5.45713637 36.96958218 -23.94295337
v 5.07613108 36.55779329 -23.61768169
v 3.97824023 46.05037284 -28.96826918
v 3.88392565 45.32580553 -28.30045290
v 4.84578631 45.48041132 -28.76267216
v -0.05448797 47.39702675 -29.10021215
v 0.32111475 46.41177072 -28.10515583
v 0.63711664 46.98074792 -29.08135221
v 8.50993941 37.80583997 -24.81081239
v 7.96164534 37.16629082 -24.21568899
v 8.85900709 36.72961480 -24.14317916
v 1.84795496 40.98935716 -26.48554130
v 1.28661463 39.65772277 -25.66591523
v 2.83968088 39.46673615 -25.58128995
v 6.57134840 37.90251970 -24.58505862
v 6.75563643 37.42538505 -24.22402034
v 7.03229353 37.53916976 -24.73534238
v 2.04768488 49.52346471 -30.24590341
v 1.95813868 48.91631280 -29.77626830
v 2.56792567 48.93367345 -30.00040466
v 7.73826430 39.14408903 -25.75331749
v 7.55567000 37.71734664 -24.76065674
v 1.77981684 37.74037222 -24.30876770
v 2.79839060 38.45134780 -24.73097851
v 2.31775019 38.22729534 -24.90630196
v 2.25895808 41.85132704 -26.87334357
v 1.28140375 41.82043464 -27.03293524
v 2.47825739 42.06523231 -27.26215281
v 3.04831431 41.57185373 -26.92868715
v 2.54790613 43.62908262 -27.84241429
v 2.94020006 44.11986152 -28.01065778
v 2.61805651 44.73848050 -27.90363273
v 1.00331232 43.28040408 -27.55042205
v 1.88027308 43.90266133 -27.45310159
v 5.27968428 38.67183722 -25.24771744
v 5.21211073 37.93972825 -24.64598697
v 5.88859389 38.94312326 -25.05911885
v 6.27668688 47.14969593 -30.04279328
v 6.62073443 47.26621202 -30.18375399
v 6.21525500 47.56019165 -30.27964027
v 6.27668688 47.14969593 -30.04279328
v 6.21525500 47.56019165 -30.27964027
v 5.65736315 47.92263364 -30.46779646
v 8.77523730 45.60575073 -29.38393378
v 8.44436571 45.91831936 -29.58971386
v 8.58529589 45.14735770 -28.96628539
v 8.44436571 45.91831936 -29.58971386
v 7.66429064 45.54797339 -28.94608282
v 7.60323260 46.67503699 -29.91805260
v 7.18182299 46.96828038 -29.99614713
v 6.62073443 47.26621202 -30.18375399
v 7.32174513 41.33792124 -26.86527158
v 7.70858595 41.93609626 -27.04450142
v 7.32174513 41.33792124 -26.86527158
v 8.90016768 41.26970683 -26.82666684
v 4.80556223 42.00529483 -27.31737435
v 5.38955519 41.36577614 -26.97626402
v 6.16631148 41.80499276 -26.99391851
v 5.27121565 40.23441334 -26.31203349
v 5.38955519 41.36577614 -26.97626402
v 7.61823199 45.03659803 -28.56536069
v 8.27852557 44.04955283 -27.99542950
v 8.79424975 44.70817929 -28.58675346
v 7.61823199 45.03659803 -28.56536069
v 8.58529589 45.14735770 -28.96628539
v 6.42031786 45.40517787 -28.72887393
v 7.31572649 44.18190373 -28.16893721
v 7.61823199 45.03659803 -28.56536069
v 4.84578631 45.48041132 -28.76267216
v 5.54096911 45.44387796 -28.82863590
v 5.24724505 46.36733603 -28.95040119
v 6.12087939 44.62411485 -28.37015493
v 6.01088640 43.64477912 -28.00225011
v 7.31572649 44.18190373 -28.16893721
v 5.51066515 44.87030017 -28.23638117
v 4.96575854 44.47117984 -28.26555591
v 6.12087939 44.62411485 -28.37015493
v 4.96575854 44.47117984 -28.26555591
v 6.01088640 43.64477912 -28.00225011
v 6.12087939 44.62411485 -28.37015493
v 6.42031786 45.40517787 -28.72887393
v 7.66429064 45.54797339 -28.94608282
v 7.61823199 45.03659803 -28.56536069
v 7.66429064 45.54797339 -28.94608282
v 5.99783251 46.79656950 -29.45421595
v 6.27668688 47.14969593 -30.04279328
v 6.71880171 39.93723321 -26.02292516
v 7.73826430 39.14408903 -25.75331749
v 7.34477827 40.08598348 -26.25878029
v 8.33160994 40.17954274 -26.26712686
v 6.16631148 41.80499276 -26.99391851
v 7.32174513 41.33792124 -26.86527158
v 6.93546889 42.47718430 -27.42899247
v 6.12087939 44.62411485 -28.37015493
v 7.31572649 44.18190373 -28.16893721
v 6.42031786 45.40517787 -28.72887393
v 6.54687426 46.38101554 -28.96517170
v 7.17711565 45.88473866 -29.09087352
v 6.27668688 47.14969593 -30.04279328
v 7.34477827 40.08598348 -26.25878029
v 7.70858595 41.93609626 -27.04450142
v 8.90016768 41.26970683 -26.82666684
v 9.07698653 42.32276156 -27.33269423
v 7.17711565 45.88473866 -29.09087352
v 7.82034228 46.45606193 -29.85706319
v 7.60323260 46.67503699 -29.91805260
v 8.44436571 45.91831936 -29.58971386
v 8.18948290 46.25559961 -29.73281084
v 7.82034228 46.45606193 -29.85706319
v 4.84578631 45.48041132 -28.76267216
v 5.51066515 44.87030017 -28.23638117
v 5.54096911 45.44387796 -28.82863590
v 5.80093310 45.95769860 -28.83187085
v 5.24724505 46.36733603 -28.95040119
v 8.44436571 45.91831936 -29.58971386
v 8.77523730 45.60575073 -29.38393378
v 8.60154650 45.91909757 -29.52594738
v 5.27121565 40.23441334 -26.31203349
v 4.72154734 39.71559168 -25.98387789
v 5.72381422 39.22485380 -25.75096765
v 5.38955519 41.36577614 -26.97626402
v 5.27121565 40.23441334 -26.31203349
v 7.32174513 41.33792124 -26.86527158
v 7.73042128 43.35575479 -27.84842621
v 7.58723280 42.45457079 -27.37735673
v 5.49309370 42.48136138 -27.52385636
v 6.16631148 41.80499276 -26.99391851
v 6.93546889 42.47718430 -27.42899247
v 4.93896410 48.34289500 -30.57439443
v 5.22453234 47.04710356 -29.45249175
v 5.65736315 47.92263364 -30.46779646
v 7.82034228 46.45606193 -29.85706319
v 7.66429064 45.54797339 -28.94608282
v 8.44436571 45.91831936 -29.58971386
v 5.80093310 45.95769860 -28.83187085
v 6.54687426 46.38101554 -28.96517170
v 5.99783251 46.79656950 -29.45421595
v 5.24724505 46.36733603 -28.95040119
v 5.54096911 45.44387796 -28.82863590
v 5.80093310 45.95769860 -28.83187085
v 5.80093310 45.95769860 -28.83187085
v 5.54096911 45.44387796 -28.82863590
v 6.42031786 45.40517787 -28.72887393
v 5.80093310 45.95769860 -28.83187085
v 6.54687426 46.38101554 -28.96517170
v 4.96575854 44.47117984 -28.26555591
v 4.16554186 44.27930439 -28.19020798
v 6.01088640 43.64477912 -28.00225011
v 7.73042128 43.35575479 -27.84842621
v 8.27852557 44.04955283 -27.99542950
v 7.58723280 42.45457079 -27.37735673
v 4.84578631 45.48041132 -28.76267216
v 4.96575854 44.47117984 -28.26555591
v 5.51066515 44.87030017 -28.23638117
v 5.54096911 45.44387796 -28.82863590
v 5.51066515 44.87030017 -28.23638117
v 6.12087939 44.62411485 -28.37015493
v 7.61823199 45.03659803 -28.56536069
v 7.66429064 45.54797339 -28.94608282
v 4.16554186 44.27930439 -28.19020798
v 6.01088640 43.64477912 -28.00225011
v 5.49309370 42.48136138 -27.52385636
v -8.75727728 43.74323398 -25.64014380
v -7.47051885 43.43241620 -26.02172029
v -8.05708196 44.32357145 -25.98966172
v -5.65879705 45.16033654 -27.20380370
v -5.24993780 44.51029690 -27.00327259
v -4.93118170 45.00514709 -26.80310787
v -5.65879705 45.16033654 -27.20380370
v -5.52314642 44.72287858 -26.69933280
v -5.24993780 44.51029690 -27.00327259
v -6.94531133 44.53590884 -26.59108692
v -7.47051885 43.43241620 -26.02172029
v -6.28439214 44.14838519 -26.61508894
v -4.99116399 46.37656116 -27.49022663
v -5.65879705 45.16033654 -27.20380370
v -4.46909979 45.82903004 -27.45200327
v -5.73835638 45.92745688 -27.30637341
v -5.65879705 45.16033654 -27.20380370
v -5.32240179 45.68694789 -27.08663154
v -8.44291570 48.18048573 -27.44916552
v -7.64213445 48.22794440 -27.33179492
v -7.19656255 48.50856108 -27.79940056
v -8.71705511 48.49396233 -27.20154594
v -8.44291570 48.18048573 -27.44916552
v -7.64707830 49.26051037 -27.92440068
v -8.59025457 49.63075347 -27.74575084
v -7.64707830 49.26051037 -27.92440068
v -7.64558294 50.36404121 -28.19843345
v -1.48997381 48.92942114 -29.24362975
v -0.80300787 49.01913521 -29.09926636
v -1.17886236 49.66533722 -29.57305187
v -3.34216192 46.93514716 -28.28418729
v -2.21100500 46.13441549 -28.31661209
v -2.41110113 47.50915991 -28.30620582
v -1.15671423 47.30224301 -28.82355503
v -0.54598882 47.31913073 -28.51392368
v -0.05448797 47.39702675 -29.10021215
v -2.70332220 45.82540980 -28.03424814
v -2.09673956 45.10853663 -28.06850401
v -2.21100500 46.13441549 -28.31661209
v -6.06483343 45.61282458 -26.65413642
v -6.91738775 45.27996936 -26.57488221
v -6.02279546 44.46700392 -26.85581164
v -5.30628851 47.68935099 -28.04532633
v -4.99116399 46.37656116 -27.49022663
v -4.55349615 46.74203198 -27.92765039
v -4.56623724 48.32174000 -28.41111012
v -3.52519109 48.11216047 -28.79080980
v -3.24320867 49.42809366 -29.00644722
v -6.46316412 46.61070733 -27.20143882
v -6.46554449 46.12539016 -26.85376724
v -5.73835638 45.92745688 -27.30637341
v -6.46316412 46.61070733 -27.20143882
v -5.73835638 45.92745688 -27.30637341
v -5.70002630 46.91302202 -27.61495206
v -7.21656683 45.93469724 -26.90975170
v -6.91738775 45.27996936 -26.57488221
v -6.46554449 46.12539016 -26.85376724
v -7.42570379 45.49688833 -26.46683476
v -6.91738775 45.27996936 -26.57488221
v -7.21656683 45.93469724 -26.90975170
v -7.00460699 46.53574093 -27.00556174
v -6.46554449 46.12539016 -26.85376724
v -6.46316412 46.61070733 -27.20143882
v -7.00460699 46.53574093 -27.00556174
v -7.21656683 45.93469724 -26.90975170
v -6.22138860 48.47108546 -28.03714775
v -6.24360540 47.77219861 -27.88249980
v -5.30628851 47.68935099 -28.04532633
v -4.14939764 47.40474020 -28.29738622
v -3.96455267 46.69202891 -28.05347436
v -3.34216192 46.93514716 -28.28418729
v -0.54598882 47.31913073 -28.51392368
v -0.92906835 46.57909858 -28.21506492
v 0.32111475 46.41177072 -28.10515583
v -1.45859411 46.55425723 -28.48300925
v -2.21100500 46.13441549 -28.31661209
v -1.33579900 45.72823415 -28.33826424
v -2.21100500 46.13441549 -28.31661209
v -2.09673956 45.10853663 -28.06850401
v -1.33579900 45.72823415 -28.33826424
v -1.10632971 48.11730646 -29.03600328
v -1.15671423 47.30224301 -28.82355503
v -0.05448797 47.39702675 -29.10021215
v -3.91227606 46.24238298 -27.65251909
v -3.69888189 45.65589614 -27.79921699
v -2.70332220 45.82540980 -28.03424814
v -3.96455267 46.69202891 -28.05347436
v -3.91227606 46.24238298 -27.65251909
v -3.34216192 46.93514716 -28.28418729
v -1.05211523 48.79245459 -28.28017453
v -1.10632971 48.11730646 -29.03600328
v -0.36936071 48.47805089 -29.32993339
v -0.80300787 49.01913521 -29.09926636
v -1.05211523 48.79245459 -28.28017453
v -0.36936071 48.47805089 -29.32993339
v -7.95768621 47.79712776 -27.23531353
v -8.20077398 46.78610334 -26.94889063
v -7.60912969 47.52139766 -27.08741004
v -0.36936071 48.47805089 -29.32993339
v -1.10632971 48.11730646 -29.03600328
v -0.05448797 47.39702675 -29.10021215
v -2.07057073 48.08552622 -28.98793809
v -2.41110113 47.50915991 -28.30620582
v -1.15671423 47.30224301 -28.82355503
v 0.01133082 50.33723123 -29.99817710
v -1.17886236 49.66533722 -29.57305187
v -0.09295538 48.87763278 -29.41768675
v -1.17886236 49.66533722 -29.57305187
v -0.80300787 49.01913521 -29.09926636
v -0.09295538 48.87763278 -29.41768675
v -2.07057073 48.08552622 -28.98793809
v -1.05211523 48.79245459 -28.28017453
v -1.48997381 48.92942114 -29.24362975
v -7.00460699 46.53574093 -27.00556174
v -7.01484564 47.40231418 -27.53292089
v -3.24320867 49.42809366 -29.00644722
v -2.07057073 48.08552622 -28.98793809
v -1.48997381 48.92942114 -29.24362975
v -0.09295538 48.87763278 -29.41768675
v -0.36936071 48.47805089 -29.32993339
v -3.24320867 49.42809366 -29.00644722
v -1.17886236 49.66533722 -29.57305187
v -0.99439123 50.68374308 -29.91466581
v -3.69184759 44.58024311 -27.50464589
v -2.89482000 45.34689422 -27.73557253
v -3.59628179 45.22932917 -27.10231751
v -0.54598882 47.31913073 -28.51392368
v 0.32111475 46.41177072 -28.10515583
v -4.40385320 44.38899331 -27.18035082
v -3.90217474 43.33007156 -26.78246246
v -3.69184759 44.58024311 -27.50464589
v -3.90217474 43.33007156 -26.78246246
v -3.08927801 43.83686166 -27.18196816
v -2.75785711 44.86729905 -27.64311945
v -7.84518316 44.71855659 -26.34444389
v -6.91738775 45.27996936 -26.57488221
v -7.42570379 45.49688833 -26.46683476
v -7.64558294 50.36404121 -28.19843345
v -6.66546514 49.83573234 -28.24083754
v -6.74351385 50.69045718 -28.49945890
v -6.74044683 48.91399089 -28.01244384
v -6.22138860 48.47108546 -28.03714775
v -6.24398687 49.27910696 -28.31058538
v -4.46909979 45.82903004 -27.45200327
v -3.59628179 45.22932917 -27.10231751
v -3.69888189 45.65589614 -27.79921699
v -7.64707830 49.26051037 -27.92440068
v -6.66546514 49.83573234 -28.24083754
v -6.66546514 49.83573234 -28.24083754
v -5.78285101 50.31522062 -28.76654868
v -6.24398687 49.27910696 -28.31058538
v -7.64213445 48.22794440 -27.33179492
v -7.95768621 47.79712776 -27.23531353
v -7.01484564 47.40231418 -27.53292089
v -4.56623724 48.32174000 -28.41111012
v -4.14939764 47.40474020 -28.29738622
v -3.52519109 48.11216047 -28.79080980
v -7.47051885 43.43241620 -26.02172029
v -8.24468878 42.56392799 -25.41500018
v -7.48017767 42.61803179 -25.69783710
v -7.47051885 43.43241620 -26.02172029
v -6.34751775 42.97053264 -26.12696008
v -6.28439214 44.14838519 -26.61508894
v -1.95982244 44.73536777 -27.50914726
v -1.99778631 44.16385363 -27.59302473
v -1.51927068 45.02937033 -27.35263791
v -2.05996587 43.87067514 -27.13341470
v -2.18107488 42.89415848 -26.75852135
v -1.79034307 43.12371165 -27.10729153
v -5.24993780 44.51029690 -27.00327259
v -4.91549566 43.89977370 -26.84531350
v -4.40385320 44.38899331 -27.18035082
v -4.55349615 46.74203198 -27.92765039
v -3.96455267 46.69202891 -28.05347436
v -4.14939764 47.40474020 -28.29738622
v -4.14939764 47.40474020 -28.29738622
v -3.34216192 46.93514716 -28.28418729
v -2.41110113 47.50915991 -28.30620582
v -7.64707830 49.26051037 -27.92440068
v -7.27900579 48.93194291 -27.64850646
v -6.74044683 48.91399089 -28.01244384
v -2.05996587 43.87067514 -27.13341470
v -1.79034307 43.12371165 -27.10729153
v -1.99778631 44.16385363 -27.59302473
v -4.46909979 45.82903004 -27.45200327
v -3.69888189 45.65589614 -27.79921699
v -3.91227606 46.24238298 -27.65251909
v -4.46909979 45.82903004 -27.45200327
v -3.91227606 46.24238298 -27.65251909
v -3.96455267 46.69202891 -28.05347436
v -5.70002630 46.91302202 -27.61495206
v -5.73835638 45.92745688 -27.30637341
v -4.99116399 46.37656116 -27.49022663
v -5.65879705 45.16033654 -27.20380370
v -5.73835638 45.92745688 -27.30637341
v -6.06483343 45.61282458 -26.65413642
v -6.22138860 48.47108546 -28.03714775
v -5.25727728 48.96377641 -28.60112793
v -3.79769781 49.97998497 -29.09493303
v -3.24320867 49.42809366 -29.00644722
v -3.20561102 42.71560780 -26.50676656
v -2.93360784 42.86892041 -26.97277000
v -3.03054693 43.64499388 -26.90792027
v -8.20077398 46.78610334 -26.94889063
v -7.00460699 46.53574093 -27.00556174
v -7.91369512 46.19136154 -26.80982193
v -7.21656683 45.93469724 -26.90975170
v -7.00460699 46.53574093 -27.00556174
v -6.46316412 46.61070733 -27.20143882
v -5.70002630 46.91302202 -27.61495206
v -6.24360540 47.77219861 -27.88249980
v -1.33579900 45.72823415 -28.33826424
v -0.29675939 45.74385916 -28.30841805
v -0.92906835 46.57909858 -28.21506492
v -1.45859411 46.55425723 -28.48300925
v -1.33579900 45.72823415 -28.33826424
v -0.92906835 46.57909858 -28.21506492
v -3.34216192 46.93514716 -28.28418729
v -2.70332220 45.82540980 -28.03424814
v -2.21100500 46.13441549 -28.31661209
v -6.24398687 49.27910696 -28.31058538
v -5.25727728 48.96377641 -28.60112793
v -7.84518316 44.71855659 -26.34444389
v -8.05708196 44.32357145 -25.98966172
v -6.94531133 44.53590884 -26.59108692
v -8.20077398 46.78610334 -26.94889063
v -7.91369512 46.19136154 -26.80982193
v -7.00460699 46.53574093 -27.00556174
v -3.69888189 45.65589614 -27.79921699
v -2.89482000 45.34689422 -27.73557253
v -2.70332220 45.82540980 -28.03424814
v -3.91227606 46.24238298 -27.65251909
v -2.70332220 45.82540980 -28.03424814
v -3.34216192 46.93514716 -28.28418729
v -3.90217474 43.33007156 -26.78246246
v -4.05540350 42.06507986 -26.40993418
v -3.86007574 43.01679719 -26.73981409
v -5.64153936 43.39601629 -26.45008027
v -5.21185186 42.65110897 -26.07575153
v -3.20561102 42.71560780 -26.50676656
v -2.69013860 42.17973433 -26.87296215
v -2.93360784 42.86892041 -26.97277000
v -6.34751775 42.97053264 -26.12696008
v -5.64236334 42.13699462 -25.92099681
v -5.64153936 43.39601629 -26.45008027
v -6.34751775 42.97053264 -26.12696008
v -6.35491827 42.36623513 -25.32173843
v -5.64236334 42.13699462 -25.92099681
v -4.40385320 44.38899331 -27.18035082
v -4.91549566 43.89977370 -26.84531350
v -3.90217474 43.33007156 -26.78246246
v -5.64153936 43.39601629 -26.45008027
v -5.64236334 42.13699462 -25.92099681
v -5.21185186 42.65110897 -26.07575153
v -8.05708196 44.32357145 -25.98966172
v -7.47051885 43.43241620 -26.02172029
v -6.94531133 44.53590884 -26.59108692
v -4.05540350 42.06507986 -26.40993418
v -7.48017767 42.61803179 -25.69783710
v -6.64393499 42.81519826 -25.52230002
v -6.34751775 42.97053264 -26.12696008
v -0.80300787 49.01913521 -29.09926636
v -0.36936071 48.47805089 -29.32993339
v -0.09295538 48.87763278 -29.41768675
v -3.86007574 43.01679719 -26.73981409
v -3.20561102 42.71560780 -26.50676656
v -3.03054693 43.64499388 -26.90792027
v -3.90217474 43.33007156 -26.78246246
v -3.03054693 43.64499388 -26.90792027
v -3.08927801 43.83686166 -27.18196816
v -2.18107488 42.89415848 -26.75852135
v -2.13902929 42.29577740 -27.00980299
v -1.79034307 43.12371165 -27.10729153
v -1.52397802 43.83557987 -27.47046608
v -1.17321661 42.96103013 -26.75148706
v -0.67349889 43.41989232 -27.42931306
v -5.24993780 44.51029690 -27.00327259
v -5.64153936 43.39601629 -26.45008027
v -4.91549566 43.89977370 -26.84531350
v -6.02279546 44.46700392 -26.85581164
v -5.64153936 43.39601629 -26.45008027
v -5.24993780 44.51029690 -27.00327259
v -2.07057073 48.08552622 -28.98793809
v -1.05211523 48.79245459 -28.28017453
v -8.24468878 42.56392799 -25.41500018
v -7.47051885 43.43241620 -26.02172029
v -2.07057073 48.08552622 -28.98793809
v -1.15671423 47.30224301 -28.82355503
v -1.10632971 48.11730646 -29.03600328
v -0.29675939 45.74385916 -28.30841805
v 0.61847803 45.58789900 -28.75958990
v 0.32111475 46.41177072 -28.10515583
v -1.17886236 49.66533722 -29.57305187
v 0.01133082 50.33723123 -29.99817710
v -0.99439123 50.68374308 -29.91466581
v -6.64393499 42.81519826 -25.52230002
v -6.35491827 42.36623513 -25.32173843
v -0.36936071 48.47805089 -29.32993339
v -0.05448797 47.39702675 -29.10021215
v 0.79743311 48.77281154 -29.64714840
v -7.48017767 42.61803179 -25.69783710
v -7.29475286 42.18717324 -25.32060925
v -6.64393499 42.81519826 -25.52230002
v -7.64213445 48.22794440 -27.33179492
v -7.01484564 47.40231418 -27.53292089
v -6.24360540 47.77219861 -27.88249980
v -3.24320867 49.42809366 -29.00644722
v -3.52519109 48.11216047 -28.79080980
v -2.07057073 48.08552622 -28.98793809
v -4.93118170 45.00514709 -26.80310787
v -4.40385320 44.38899331 -27.18035082
v -3.59628179 45.22932917 -27.10231751
v -5.70002630 46.91302202 -27.61495206
v -5.30628851 47.68935099 -28.04532633
v -1.51927068 45.02937033 -27.35263791
v -0.29675939 45.74385916 -28.30841805
v -1.33579900 45.72823415 -28.33826424
v -2.09673956 45.10853663 -28.06850401
v -1.51927068 45.02937033 -27.35263791
v -1.33579900 45.72823415 -28.33826424
v -2.75785711 44.86729905 -27.64311945
v -2.09673956 45.10853663 -28.06850401
v -4.93118170 45.00514709 -26.80310787
v -4.46909979 45.82903004 -27.45200327
v -6.94531133 44.53590884 -26.59108692
v -6.28439214 44.14838519 -26.61508894
v -6.02279546 44.46700392 -26.85581164
v -1.99778631 44.16385363 -27.59302473
v -1.52397802 43.83557987 -27.47046608
v -1.51927068 45.02937033 -27.35263791
v -7.64707830 49.26051037 -27.92440068
v -6.74044683 48.91399089 -28.01244384
v -8.57870367 45.74007528 -26.47711922
v -7.42570379 45.49688833 -26.46683476
v -7.91369512 46.19136154 -26.80982193
v -5.24993780 44.51029690 -27.00327259
v -4.40385320 44.38899331 -27.18035082
v -4.93118170 45.00514709 -26.80310787
v -4.99116399 46.37656116 -27.49022663
v -4.46909979 45.82903004 -27.45200327
v -3.96455267 46.69202891 -28.05347436
v -4.14939764 47.40474020 -28.29738622
v -2.41110113 47.50915991 -28.30620582
v -6.02279546 44.46700392 -26.85581164
v -5.52314642 44.72287858 -26.69933280
v -0.92906835 46.57909858 -28.21506492
v -0.54598882 47.31913073 -28.51392368
v -1.15671423 47.30224301 -28.82355503
v -3.24320867 49.42809366 -29.00644722
v -1.48997381 48.92942114 -29.24362975
v -1.17886236 49.66533722 -29.57305187
v -7.64707830 49.26051037 -27.92440068
v -8.44291570 48.18048573 -27.44916552
v -7.19656255 48.50856108 -27.79940056
v -8.44291570 48.18048573 -27.44916552
v -7.95768621 47.79712776 -27.23531353
v -7.64213445 48.22794440 -27.33179492
v -8.42182806 47.96024807 -27.03714766
v -8.55586126 47.36145887 -26.94057469
v -7.95768621 47.79712776 -27.23531353
v -7.91369512 46.19136154 -26.80982193
v -7.42570379 45.49688833 -26.46683476
v -7.21656683 45.93469724 -26.90975170
v -8.57870367 45.74007528 -26.47711922
v -7.95260503 45.34295002 -26.54288454
v -7.42570379 45.49688833 -26.46683476
v -3.69184759 44.58024311 -27.50464589
v -0.67349889 43.41989232 -27.42931306
v -0.62505987 42.54331306 -27.27388689
v 0.28547785 42.96970466 -27.29770593
v -2.13902929 42.29577740 -27.00980299
v -1.49329260 42.40856279 -26.69354935
v -1.79034307 43.12371165 -27.10729153
v -2.93360784 42.86892041 -26.97277000
v -2.69013860 42.17973433 -26.87296215
v -2.18107488 42.89415848 -26.75852135
v -6.02279546 44.46700392 -26.85581164
v -5.24993780 44.51029690 -27.00327259
v -5.52314642 44.72287858 -26.69933280
v -4.93118170 45.00514709 -26.80310787
v -3.59628179 45.22932917 -27.10231751
v -4.46909979 45.82903004 -27.45200327
v -0.92906835 46.57909858 -28.21506492
v -0.29675939 45.74385916 -28.30841805
v 0.32111475 46.41177072 -28.10515583
v -8.20077398 46.78610334 -26.94889063
v -8.57870367 45.74007528 -26.47711922
v -7.91369512 46.19136154 -26.80982193
v -3.59628179 45.22932917 -27.10231751
v -3.69184759 44.58024311 -27.50464589
v -5.25727728 48.96377641 -28.60112793
v -4.94561651 48.19797219 -28.14475268
v -4.56623724 48.32174000 -28.41111012
v -1.99778631 44.16385363 -27.59302473
v -1.79034307 43.12371165 -27.10729153
v -1.52397802 43.83557987 -27.47046608
v -3.90217474 43.33007156 -26.78246246
v -3.86007574 43.01679719 -26.73981409
v -6.24398687 49.27910696 -28.31058538
v -5.78285101 50.31522062 -28.76654868
v -1.51927068 45.02937033 -27.35263791
v -1.52397802 43.83557987 -27.47046608
v -0.87039831 44.20484637 -27.55905867
v -1.99778631 44.16385363 -27.59302473
v -1.95982244 44.73536777 -27.50914726
v -1.99778631 44.16385363 -27.59302473
v -2.05996587 43.87067514 -27.13341470
v -7.95768621 47.79712776 -27.23531353
v -7.60912969 47.52139766 -27.08741004
v -7.01484564 47.40231418 -27.53292089
v -5.25727728 48.96377641 -28.60112793
v -5.30628851 47.68935099 -28.04532633
v -4.94561651 48.19797219 -28.14475268
v -6.24360540 47.77219861 -27.88249980
v -5.30628851 47.68935099 -28.04532633
v -3.08927801 43.83686166 -27.18196816
v -1.99778631 44.16385363 -27.59302473
v -4.05540350 42.06507986 -26.40993418
v -3.20561102 42.71560780 -26.50676656
v -7.48017767 42.61803179 -25.69783710
v -6.34751775 42.97053264 -26.12696008
v -0.87039831 44.20484637 -27.55905867
v 1.01542017 44.43521975 -27.60094408
v 0.16600153 45.31731885 -27.87715883
v -6.28439214 44.14838519 -26.61508894
v -6.34751775 42.97053264 -26.12696008
v -5.64153936 43.39601629 -26.45008027
v -0.67349889 43.41989232 -27.42931306
v 0.28547785 42.96970466 -27.29770593
v 0.27719233 43.83720873 -27.60059304
v -7.84518316 44.71855659 -26.34444389
v -6.91738775 45.27996936 -26.57488221
v -2.89482000 45.34689422 -27.73557253
v -2.75785711 44.86729905 -27.64311945
v -2.70332220 45.82540980 -28.03424814
v -7.64707830 49.26051037 -27.92440068
v -7.19656255 48.50856108 -27.79940056
v -7.27900579 48.93194291 -27.64850646
v -1.51927068 45.02937033 -27.35263791
v -0.87039831 44.20484637 -27.55905867
v 0.16600153 45.31731885 -27.87715883
v -2.09673956 45.10853663 -28.06850401
v -2.75785711 44.86729905 -27.64311945
v -1.95982244 44.73536777 -27.50914726
v -2.89482000 45.34689422 -27.73557253
v 0.27719233 43.83720873 -27.60059304
v 1.01542017 44.43521975 -27.60094408
v -0.29675939 45.74385916 -28.30841805
v 0.61847803 45.58789900 -28.75958990
v -7.60912969 47.52139766 -27.08741004
v -8.20077398 46.78610334 -26.94889063
v -7.01484564 47.40231418 -27.53292089
v -7.01484564 47.40231418 -27.53292089
v -6.24360540 47.77219861 -27.88249980
v -4.66750982 50.21092296 -28.89858297
v -3.24320867 49.42809366 -29.00644722
v -6.28439214 44.14838519 -26.61508894
v -5.64153936 43.39601629 -26.45008027
v -6.02279546 44.46700392 -26.85581164
v -5.64153936 43.39601629 -26.45008027
v -1.48997381 48.92942114 -29.24362975
v -1.05211523 48.79245459 -28.28017453
v -0.80300787 49.01913521 -29.09926636
v -2.41110113 47.50915991 -28.30620582
v -1.45859411 46.55425723 -28.48300925
v -1.15671423 47.30224301 -28.82355503
v -1.45859411 46.55425723 -28.48300925
v -0.92906835 46.57909858 -28.21506492
v -1.15671423 47.30224301 -28.82355503
v -5.30628851 47.68935099 -28.04532633
v -4.55349615 46.74203198 -27.92765039
v -4.56623724 48.32174000 -28.41111012
v -6.46554449 46.12539016 -26.85376724
v -5.73835638 45.92745688 -27.30637341
v -5.32240179 45.68694789 -27.08663154
v -4.99116399 46.37656116 -27.49022663
v -6.02279546 44.46700392 -26.85581164
v -5.65879705 45.16033654 -27.20380370
v -3.24320867 49.42809366 -29.00644722
v -3.79769781 49.97998497 -29.09493303
v -5.39431646 49.52363666 -28.45737497
v -5.26713445 50.42970350 -28.77831323
v -6.24398687 49.27910696 -28.31058538
v -5.39431646 49.52363666 -28.45737497
v -5.26713445 50.42970350 -28.77831323
v -5.25727728 48.96377641 -28.60112793
v -4.66750982 50.21092296 -28.89858297
v -5.39431646 49.52363666 -28.45737497
v -5.25727728 48.96377641 -28.60112793
v -5.26713445 50.42970350 -28.77831323
v 0.28547785 42.96970466 -27.29770593
v -0.62505987 42.54331306 -27.27388689
v -0.05681493 42.57972819 -27.09371112
v -1.49329260 42.40856279 -26.69354935
v -0.62505987 42.54331306 -27.27388689
v -1.17321661 42.96103013 -26.75148706
v -2.18107488 42.89415848 -26.75852135
v -2.69013860 42.17973433 -26.87296215
v -2.13902929 42.29577740 -27.00980299
v -6.91738775 45.27996936 -26.57488221
v -6.06483343 45.61282458 -26.65413642
v -6.46554449 46.12539016 -26.85376724
v -0.87039831 44.20484637 -27.55905867
v -0.67349889 43.41989232 -27.42931306
v -1.17321661 42.96103013 -26.75148706
v -1.52397802 43.83557987 -27.47046608
v -7.19656255 48.50856108 -27.79940056
v -5.32240179 45.68694789 -27.08663154
v -5.65879705 45.16033654 -27.20380370
v -4.99116399 46.37656116 -27.49022663
v -3.03054693 43.64499388 -26.90792027
v -2.93360784 42.86892041 -26.97277000
v -2.05996587 43.87067514 -27.13341470
v -7.19656255 48.50856108 -27.79940056
v -6.22138860 48.47108546 -28.03714775
v -6.74044683 48.91399089 -28.01244384
v -1.17321661 42.96103013 -26.75148706
v -0.62505987 42.54331306 -27.27388689
v -0.67349889 43.41989232 -27.42931306
v -0.29675939 45.74385916 -28.30841805
v -1.51927068 45.02937033 -27.35263791
v 0.16600153 45.31731885 -27.87715883
v -1.95982244 44.73536777 -27.50914726
v -2.09673956 45.10853663 -28.06850401
v -1.79034307 43.12371165 -27.10729153
v -1.49329260 42.40856279 -26.69354935
v -1.17321661 42.96103013 -26.75148706
v -0.67349889 43.41989232 -27.42931306
v -0.87039831 44.20484637 -27.55905867
v -8.44291570 48.18048573 -27.44916552
v -8.42182806 47.96024807 -27.03714766
v -7.95768621 47.79712776 -27.23531353
v -8.55586126 47.36145887 -26.94057469
v -8.20077398 46.78610334 -26.94889063
v -7.95768621 47.79712776 -27.23531353
v -2.93360784 42.86892041 -26.97277000
v -2.18107488 42.89415848 -26.75852135
v -2.05996587 43.87067514 -27.13341470
v -7.64213445 48.22794440 -27.33179492
v -6.24360540 47.77219861 -27.88249980
v -4.56623724 48.32174000 -28.41111012
v -4.66750982 50.21092296 -28.89858297
v -3.69888189 45.65589614 -27.79921699
v -3.59628179 45.22932917 -27.10231751
v -2.89482000 45.34689422 -27.73557253
v -8.71705511 48.49396233 -27.20154594
v -7.64707830 49.26051037 -27.92440068
v -7.95260503 45.34295002 -26.54288454
v -7.84518316 44.71855659 -26.34444389
v -7.42570379 45.49688833 -26.46683476
v -3.52519109 48.11216047 -28.79080980
v -2.41110113 47.50915991 -28.30620582
v -2.07057073 48.08552622 -28.98793809
v -3.03054693 43.64499388 -26.90792027
v -1.99778631 44.16385363 -27.59302473
v -3.08927801 43.83686166 -27.18196816
v -6.24398687 49.27910696 -28.31058538
v -5.39431646 49.52363666 -28.45737497
v -7.27900579 48.93194291 -27.64850646
v -7.19656255 48.50856108 -27.79940056
v -6.74044683 48.91399089 -28.01244384
v -6.91738775 45.27996936 -26.57488221
v -6.94531133 44.53590884 -26.59108692
v -6.02279546 44.46700392 -26.85581164
v -4.55349615 46.74203198 -27.92765039
v -4.56623724 48.32174000 -28.41111012
v -4.55349615 46.74203198 -27.92765039
v -4.14939764 47.40474020 -28.29738622
v -4.94561651 48.19797219 -28.14475268
v -5.30628851 47.68935099 -28.04532633
v -4.56623724 48.32174000 -28.41111012
v -2.41110113 47.50915991 -28.30620582
v -2.21100500 46.13441549 -28.31661209
v -1.45859411 46.55425723 -28.48300925
v -6.27278021 38.91994622 -24.38768635
v -5.07009771 38.65014792 -24.55031448
v -5.09651067 39.19626761 -24.51190820
v -1.98071935 38.63173812 -24.93894058
v -2.41298559 38.25873712 -24.36766671
v -2.02991369 37.92097618 -24.45928043
v -1.65148046 37.95643762 -24.34187931
v -1.20258978 38.17379149 -24.05464790
v -1.36121252 38.60753004 -25.01523452
v 0.19078944 38.72647139 -24.75905473
v -0.84461096 37.97361146 -23.92195744
v -0.13499334 37.78800254 -24.27004090
v -6.00610235 38.34428556 -24.11101389
v -5.52647283 38.24993284 -24.12837838
v -5.07009771 38.65014792 -24.55031448
v -6.11660650 37.78926999 -24.15665284
v -6.00610235 38.34428556 -24.11101389
v -6.27278021 38.91994622 -24.38768635
v -4.12500265 35.09085250 -23.06664080
v -3.48170736 34.50345785 -22.66950021
v -3.43043783 35.08480244 -22.80431170
v -5.61537435 36.21972055 -23.43703283
v -5.17100790 35.70674299 -23.19164090
v -4.82557943 35.57537240 -23.46115687
v -4.41915777 38.37483360 -24.46810008
v -3.58367803 38.07689052 -24.21991583
v -3.70521429 38.63696429 -24.73293167
v -1.38775518 37.40990596 -24.26164851
v -2.03480795 36.80697026 -23.71147751
v -0.65373495 36.37713783 -23.52783791
v -7.19718816 38.67039639 -24.15216690
v -6.65869024 39.55008840 -24.60939666
v -6.43197515 40.45859666 -24.81978499
v -5.61537435 36.21972055 -23.43703283
v -4.82557943 35.57537240 -23.46115687
v -5.59436300 36.58666382 -23.95181866
v -4.51315572 35.04367995 -23.08830828
v -4.12500265 35.09085250 -23.06664080
v -4.36061361 35.55076765 -23.16708949
v -5.01112631 35.40475631 -23.08577538
v -4.36061361 35.55076765 -23.16708949
v -5.17100790 35.70674299 -23.19164090
v -5.17100790 35.70674299 -23.19164090
v -4.36061361 35.55076765 -23.16708949
v -4.82557943 35.57537240 -23.46115687
v -4.36061361 35.55076765 -23.16708949
v -4.29875448 35.96791238 -23.45245943
v -4.82557943 35.57537240 -23.46115687
v -4.46885946 34.86654068 -23.04515639
v -4.11879232 34.64394553 -22.63605296
v -4.12500265 35.09085250 -23.06664080
v -7.10462835 37.72464140 -24.05623474
v -6.27278021 38.91994622 -24.38768635
v -7.19718816 38.67039639 -24.15216690
v -5.09651067 39.19626761 -24.51190820
v -4.61825445 39.27331680 -24.93459193
v -5.40473821 39.63272996 -24.86119721
v -3.70521429 38.63696429 -24.73293167
v -3.23530462 38.21231220 -24.66304634
v -2.70263555 38.80761091 -25.05180987
v -6.11660650 37.78926999 -24.15665284
v -6.27278021 38.91994622 -24.38768635
v -7.10462835 37.72464140 -24.05623474
v -4.46885946 34.86654068 -23.04515639
v -4.12500265 35.09085250 -23.06664080
v -4.51315572 35.04367995 -23.08830828
v -2.70263555 38.80761091 -25.05180987
v -2.41298559 38.25873712 -24.36766671
v -1.98071935 38.63173812 -24.93894058
v -4.61825445 39.27331680 -24.93459193
v -2.70263555 38.80761091 -25.05180987
v -3.08381536 39.78543980 -25.61493564
v -8.24468878 42.56392799 -25.41500018
v -8.01823309 41.44791548 -24.99285034
v -7.61810186 41.39105358 -25.17011168
v -3.46345403 40.34240083 -25.75742230
v -3.08381536 39.78543980 -25.61493564
v -2.60517767 40.39401368 -25.78420148
v -5.64236334 42.13699462 -25.92099681
v -6.07833746 41.00795114 -25.29645439
v -5.03483465 41.55977754 -25.76517396
v -0.83701971 39.64856089 -25.20961640
v -0.08598974 39.89456211 -25.38791539
v 0.25705073 41.02137774 -26.40004631
v -3.43043783 35.08480244 -22.80431170
v -3.44876363 35.51851060 -22.97234156
v -4.36061361 35.55076765 -23.16708949
v -2.02972295 41.90990558 -26.56111823
v -1.61672094 40.92678183 -26.39690299
v -0.59681585 41.14775197 -26.48966120
v -3.39932134 40.92304354 -25.72547049
v -2.92256048 41.21443291 -26.31520748
v -3.40045049 42.04892844 -26.35767282
v -1.63435247 41.77980909 -26.90912541
v -2.02972295 41.90990558 -26.56111823
v -0.90647772 41.81184494 -26.81404791
v -4.64103582 41.29872253 -25.86676694
v -3.39932134 40.92304354 -25.72547049
v -3.40045049 42.04892844 -26.35767282
v -2.69013860 42.17973433 -26.87296215
v -2.92256048 41.21443291 -26.31520748
v -2.02972295 41.90990558 -26.56111823
v -3.34831503 34.01577942 -22.11562134
v -2.80403402 34.71965973 -22.07907666
v -3.43043783 35.08480244 -22.80431170
v -1.82912328 39.42312759 -24.95198697
v -2.29922369 40.29501474 -25.31378826
v -2.80403402 34.71965973 -22.07907666
v -2.97006490 35.29954701 -22.75867270
v -3.43043783 35.08480244 -22.80431170
v -5.85287740 36.46303710 -24.01128214
v -5.61537435 36.21972055 -23.43703283
v -5.59436300 36.58666382 -23.95181866
v -5.85287740 36.46303710 -24.01128214
v -5.59436300 36.58666382 -23.95181866
v -6.17352560 36.68100128 -23.95857832
v -5.59436300 36.58666382 -23.95181866
v -4.29875448 35.96791238 -23.45245943
v -4.81146124 37.41369028 -23.37737116
v -3.93223455 38.11823428 -23.78916022
v -2.62312582 37.17722480 -23.55510550
v -3.14500311 37.76178128 -24.16394654
v -3.40045049 42.04892844 -26.35767282
v -2.92256048 41.21443291 -26.31520748
v -4.81146124 37.41369028 -23.37737116
v -4.29875448 35.96791238 -23.45245943
v -3.87050131 36.78885818 -23.07141708
v -3.87050131 36.78885818 -23.07141708
v -3.44876363 35.51851060 -22.97234156
v -3.34894064 36.55728319 -22.92940349
v -3.08381536 39.78543980 -25.61493564
v -1.82912328 39.42312759 -24.95198697
v -2.29922369 40.29501474 -25.31378826
v -2.69013860 42.17973433 -26.87296215
v -2.02972295 41.90990558 -26.56111823
v -2.13902929 42.29577740 -27.00980299
v -2.13902929 42.29577740 -27.00980299
v -1.63435247 41.77980909 -26.90912541
v -1.49329260 42.40856279 -26.69354935
v -0.02148321 41.70048533 -26.87595279
v -0.59681585 41.14775197 -26.48966120
v 0.25705073 41.02137774 -26.40004631
v -2.62312582 37.17722480 -23.55510550
v -3.34894064 36.55728319 -22.92940349
v -2.77762106 36.20392772 -23.29692663
v -3.39932134 40.92304354 -25.72547049
v -3.46345403 40.34240083 -25.75742230
v -2.92256048 41.21443291 -26.31520748
v -3.08381536 39.78543980 -25.61493564
v -2.29922369 40.29501474 -25.31378826
v -2.60517767 40.39401368 -25.78420148
v -6.78958013 41.75823340 -25.47057255
v -7.40481451 40.83381793 -24.73689931
v -6.07833746 41.00795114 -25.29645439
v -0.83701971 39.64856089 -25.20961640
v -0.94293096 38.93930187 -25.16702900
v -0.08598974 39.89456211 -25.38791539
v -2.29922369 40.29501474 -25.31378826
v -1.34458044 40.78341796 -25.90569202
v -2.60517767 40.39401368 -25.78420148
v -1.82912328 39.42312759 -24.95198697
v -1.36121252 38.60753004 -25.01523452
v -0.88615682 34.19001190 -22.09303836
v 0.16838572 35.23165220 -22.02437398
v -0.47133138 35.21577629 -22.54639241
v -2.92256048 41.21443291 -26.31520748
v -1.61672094 40.92678183 -26.39690299
v -2.02972295 41.90990558 -26.56111823
v -7.40481451 40.83381793 -24.73689931
v -7.19718816 38.67039639 -24.15216690
v -6.43197515 40.45859666 -24.81978499
v -1.56595876 35.27707083 -22.69742392
v -1.27355459 34.77993955 -22.27957716
v -0.71258810 35.61023120 -22.86916164
v -2.53421667 40.77921410 -26.30481617
v -2.60517767 40.39401368 -25.78420148
v -1.61672094 40.92678183 -26.39690299
v -1.34458044 40.78341796 -25.90569202
v -0.59681585 41.14775197 -26.48966120
v -2.97006490 35.29954701 -22.75867270
v -2.24231985 34.45952790 -22.07265266
v -2.12962606 35.99238753 -23.11791048
v -1.38775518 37.40990596 -24.26164851
v -0.10506704 37.03278414 -23.62572315
v -0.09088018 37.62976896 -23.84540404
v -6.59217718 37.23863371 -24.09024650
v -6.11660650 37.78926999 -24.15665284
v -7.10462835 37.72464140 -24.05623474
v -6.65869024 39.55008840 -24.60939666
v -7.19718816 38.67039639 -24.15216690
v -6.27278021 38.91994622 -24.38768635
v -3.14500311 37.76178128 -24.16394654
v -2.02991369 37.92097618 -24.45928043
v -2.41298559 38.25873712 -24.36766671
v -5.52647283 38.24993284 -24.12837838
v -4.41915777 38.37483360 -24.46810008
v -5.07009771 38.65014792 -24.55031448
v -5.07009771 38.65014792 -24.55031448
v -3.70521429 38.63696429 -24.73293167
v -4.61825445 39.27331680 -24.93459193
v -4.81146124 37.41369028 -23.37737116
v -5.52647283 38.24993284 -24.12837838
v -6.11660650 37.78926999 -24.15665284
v -5.59436300 36.58666382 -23.95181866
v -4.81146124 37.41369028 -23.37737116
v -6.11660650 37.78926999 -24.15665284
v -1.38775518 37.40990596 -24.26164851
v -0.09088018 37.62976896 -23.84540404
v -0.13499334 37.78800254 -24.27004090
v -7.48017767 42.61803179 -25.69783710
v -8.24468878 42.56392799 -25.41500018
v -7.61810186 41.39105358 -25.17011168
v -1.65148046 37.95643762 -24.34187931
v -2.03480795 36.80697026 -23.71147751
v -1.38775518 37.40990596 -24.26164851
v -0.65373495 36.37713783 -23.52783791
v 0.16838572 35.23165220 -22.02437398
v -0.11517599 35.68584516 -22.93936734
v -2.02991369 37.92097618 -24.45928043
v -1.65148046 37.95643762 -24.34187931
v -1.98071935 38.63173812 -24.93894058
v -1.20258978 38.17379149 -24.05464790
v -0.84461096 37.97361146 -23.92195744
v -0.94293096 38.93930187 -25.16702900
v -6.17352560 36.68100128 -23.95857832
v -5.59436300 36.58666382 -23.95181866
v -6.59217718 37.23863371 -24.09024650
v -5.19872930 40.56364571 -25.36078537
v -3.46345403 40.34240083 -25.75742230
v -7.29475286 42.18717324 -25.32060925
v -7.61810186 41.39105358 -25.17011168
v -6.78958013 41.75823340 -25.47057255
v -7.61810186 41.39105358 -25.17011168
v -6.78958013 41.75823340 -25.47057255
v -7.48017767 42.61803179 -25.69783710
v -7.61810186 41.39105358 -25.17011168
v -7.29475286 42.18717324 -25.32060925
v -8.26910284 40.72242880 -24.52976123
v -7.40481451 40.83381793 -24.73689931
v -7.95172003 39.43213036 -24.41896695
v -7.70689275 38.29735714 -24.19896555
v -7.19718816 38.67039639 -24.15216690
v -1.65148046 37.95643762 -24.34187931
v -1.38775518 37.40990596 -24.26164851
v -1.20258978 38.17379149 -24.05464790
v -3.34831503 34.01577942 -22.11562134
v -3.43043783 35.08480244 -22.80431170
v -3.23530462 38.21231220 -24.66304634
v -2.41298559 38.25873712 -24.36766671
v -2.70263555 38.80761091 -25.05180987
v -3.14500311 37.76178128 -24.16394654
v -2.03480795 36.80697026 -23.71147751
v 0.25705073 41.02137774 -26.40004631
v -6.78958013 41.75823340 -25.47057255
v -6.07833746 41.00795114 -25.29645439
v -5.64236334 42.13699462 -25.92099681
v -0.94293096 38.93930187 -25.16702900
v 0.19078944 38.72647139 -24.75905473
v 0.31371424 39.21089209 -25.25592675
v -0.84461096 37.97361146 -23.92195744
v -2.62312582 37.17722480 -23.55510550
v -2.77762106 36.20392772 -23.29692663
v -2.12962606 35.99238753 -23.11791048
v -0.94293096 38.93930187 -25.16702900
v -1.36121252 38.60753004 -25.01523452
v -2.03480795 36.80697026 -23.71147751
v -2.12962606 35.99238753 -23.11791048
v -1.13073995 35.78856826 -23.11362273
v -6.78958013 41.75823340 -25.47057255
v -6.35491827 42.36623513 -25.32173843
v -0.09088018 37.62976896 -23.84540404
v -0.10506704 37.03278414 -23.62572315
v 0.39659998 37.46346337 -24.14078365
v -2.77762106 36.20392772 -23.29692663
v -2.97006490 35.29954701 -22.75867270
v -2.12962606 35.99238753 -23.11791048
v -1.98071935 38.63173812 -24.93894058
v -1.36121252 38.60753004 -25.01523452
v -2.03480795 36.80697026 -23.71147751
v -1.13073995 35.78856826 -23.11362273
v -0.65373495 36.37713783 -23.52783791
v -2.70263555 38.80761091 -25.05180987
v -1.98071935 38.63173812 -24.93894058
v -1.82912328 39.42312759 -24.95198697
v -6.27278021 38.91994622 -24.38768635
v -6.00610235 38.34428556 -24.11101389
v -5.07009771 38.65014792 -24.55031448
v -3.58367803 38.07689052 -24.21991583
v -3.14500311 37.76178128 -24.16394654
v -3.23530462 38.21231220 -24.66304634
v -6.85684087 37.34462889 -24.06276544
v -6.59217718 37.23863371 -24.09024650
v -7.10462835 37.72464140 -24.05623474
v -6.00610235 38.34428556 -24.11101389
v -5.52647283 38.24993284 -24.12837838
v -5.07009771 38.65014792 -24.55031448
v -4.41915777 38.37483360 -24.46810008
v -3.70521429 38.63696429 -24.73293167
v -4.61825445 39.27331680 -24.93459193
v -2.70263555 38.80761091 -25.05180987
v -3.70521429 38.63696429 -24.73293167
v -3.58367803 38.07689052 -24.21991583
v -4.41915777 38.37483360 -24.46810008
v -5.01112631 35.40475631 -23.08577538
v -4.51315572 35.04367995 -23.08830828
v -4.36061361 35.55076765 -23.16708949
v -4.29875448 35.96791238 -23.45245943
v -4.36061361 35.55076765 -23.16708949
v -5.09651067 39.19626761 -24.51190820
v -5.07009771 38.65014792 -24.55031448
v -4.61825445 39.27331680 -24.93459193
v -3.77550008 34.39743221 -22.37262519
v -3.48170736 34.50345785 -22.66950021
v -4.12500265 35.09085250 -23.06664080
v -2.60517767 40.39401368 -25.78420148
v -1.34458044 40.78341796 -25.90569202
v -1.61672094 40.92678183 -26.39690299
v -7.70689275 38.29735714 -24.19896555
v -8.24418524 38.74006037 -24.31394059
v -8.18257024 38.42574461 -24.10034801
v -3.93223455 38.11823428 -23.78916022
v -3.87050131 36.78885818 -23.07141708
v -2.62312582 37.17722480 -23.55510550
v -5.52647283 38.24993284 -24.12837838
v -4.81146124 37.41369028 -23.37737116
v -3.93223455 38.11823428 -23.78916022
v -2.92256048 41.21443291 -26.31520748
v -2.53421667 40.77921410 -26.30481617
v -1.61672094 40.92678183 -26.39690299
v -6.78958013 41.75823340 -25.47057255
v -6.64393499 42.81519826 -25.52230002
v -2.92256048 41.21443291 -26.31520748
v -2.60517767 40.39401368 -25.78420148
v -2.53421667 40.77921410 -26.30481617
v -5.40473821 39.63272996 -24.86119721
v -3.46345403 40.34240083 -25.75742230
v -0.08598974 39.89456211 -25.38791539
v 0.61797449 39.42139468 -25.43594998
v -1.36121252 38.60753004 -25.01523452
v -0.94293096 38.93930187 -25.16702900
v -3.44876363 35.51851060 -22.97234156
v -3.43043783 35.08480244 -22.80431170
v -2.97006490 35.29954701 -22.75867270
v -3.08381536 39.78543980 -25.61493564
v -0.71258810 35.61023120 -22.86916164
v -0.47133138 35.21577629 -22.54639241
v -0.11517599 35.68584516 -22.93936734
v 0.54330179 36.38980167 -23.54514138
v -0.11517599 35.68584516 -22.93936734
v 0.36333964 36.17747572 -22.93799413
v -0.65373495 36.37713783 -23.52783791
v -0.71258810 35.61023120 -22.86916164
v -0.11517599 35.68584516 -22.93936734
v -0.13499334 37.78800254 -24.27004090
v -0.09088018 37.62976896 -23.84540404
v 0.39659998 37.46346337 -24.14078365
v -1.20258978 38.17379149 -24.05464790
v -1.38775518 37.40990596 -24.26164851
v -0.84461096 37.97361146 -23.92195744
v -8.26910284 40.72242880 -24.52976123
v -7.95172003 39.43213036 -24.41896695
v -4.12500265 35.09085250 -23.06664080
v -3.43043783 35.08480244 -22.80431170
v -4.36061361 35.55076765 -23.16708949
v -6.27278021 38.91994622 -24.38768635
v -5.09651067 39.19626761 -24.51190820
v -5.40473821 39.63272996 -24.86119721
v -5.59436300 36.58666382 -23.95181866
v -4.82557943 35.57537240 -23.46115687
v -4.29875448 35.96791238 -23.45245943
v -4.05540350 42.06507986 -26.40993418
v -3.40045049 42.04892844 -26.35767282
v -3.20561102 42.71560780 -26.50676656
v -3.23530462 38.21231220 -24.66304634
v -3.14500311 37.76178128 -24.16394654
v -2.41298559 38.25873712 -24.36766671
v -3.14500311 37.76178128 -24.16394654
v -2.62312582 37.17722480 -23.55510550
v -2.03480795 36.80697026 -23.71147751
v -0.84461096 37.97361146 -23.92195744
v -1.38775518 37.40990596 -24.26164851
v -0.13499334 37.78800254 -24.27004090
v -1.82912328 39.42312759 -24.95198697
v -1.98071935 38.63173812 -24.93894058
v -1.36121252 38.60753004 -25.01523452
v -2.13902929 42.29577740 -27.00980299
v -2.02972295 41.90990558 -26.56111823
v -1.63435247 41.77980909 -26.90912541
v -4.05540350 42.06507986 -26.40993418
v -4.64103582 41.29872253 -25.86676694
v -3.40045049 42.04892844 -26.35767282
v -8.26910284 40.72242880 -24.52976123
v -8.51293829 39.98161461 -24.45279578
v -7.95172003 39.43213036 -24.41896695
v -8.01823309 41.44791548 -24.99285034
v -7.40481451 40.83381793 -24.73689931
v -3.46345403 40.34240083 -25.75742230
v -4.61825445 39.27331680 -24.93459193
v -3.08381536 39.78543980 -25.61493564
v -1.63435247 41.77980909 -26.90912541
v -0.90647772 41.81184494 -26.81404791
v -6.65869024 39.55008840 -24.60939666
v -5.40473821 39.63272996 -24.86119721
v -5.19872930 40.56364571 -25.36078537
v -1.49329260 42.40856279 -26.69354935
v -0.90647772 41.81184494 -26.81404791
v -0.62505987 42.54331306 -27.27388689
v -5.52647283 38.24993284 -24.12837838
v -3.93223455 38.11823428 -23.78916022
v -4.41915777 38.37483360 -24.46810008
v -2.60517767 40.39401368 -25.78420148
v -5.59436300 36.58666382 -23.95181866
v -6.11660650 37.78926999 -24.15665284
v -6.59217718 37.23863371 -24.09024650
v -3.93223455 38.11823428 -23.78916022
v -3.14500311 37.76178128 -24.16394654
v -3.58367803 38.07689052 -24.21991583
v -7.30837896 37.85472259 -23.99228518
v -7.10462835 37.72464140 -24.05623474
v -7.19718816 38.67039639 -24.15216690
v -7.30837896 37.85472259 -23.99228518
v -7.19718816 38.67039639 -24.15216690
v -3.44876363 35.51851060 -22.97234156
v -2.77762106 36.20392772 -23.29692663
v -3.34894064 36.55728319 -22.92940349
v -2.77762106 36.20392772 -23.29692663
v -3.44876363 35.51851060 -22.97234156
v -2.97006490 35.29954701 -22.75867270
v -5.64236334 42.13699462 -25.92099681
v -5.03483465 41.55977754 -25.76517396
v -5.21185186 42.65110897 -26.07575153
v -7.40481451 40.83381793 -24.73689931
v -6.43197515 40.45859666 -24.81978499
v -6.07833746 41.00795114 -25.29645439
v -6.07833746 41.00795114 -25.29645439
v -5.19872930 40.56364571 -25.36078537
v -5.03483465 41.55977754 -25.76517396
v -7.95172003 39.43213036 -24.41896695
v -8.24418524 38.74006037 -24.31394059
v -7.70689275 38.29735714 -24.19896555
v -5.19872930 40.56364571 -25.36078537
v -5.40473821 39.63272996 -24.86119721
v -3.46345403 40.34240083 -25.75742230
v -3.87050131 36.78885818 -23.07141708
v -4.29875448 35.96791238 -23.45245943
v -3.44876363 35.51851060 -22.97234156
v -3.87050131 36.78885818 -23.07141708
v -3.34894064 36.55728319 -22.92940349
v -0.62505987 42.54331306 -27.27388689
v -0.90647772 41.81184494 -26.81404791
v -0.02148321 41.70048533 -26.87595279
v -6.27278021 38.91994622 -24.38768635
v -5.40473821 39.63272996 -24.86119721
v -4.11879232 34.64394553 -22.63605296
v -3.77550008 34.39743221 -22.37262519
v -4.12500265 35.09085250 -23.06664080
v -0.65373495 36.37713783 -23.52783791
v -1.13073995 35.78856826 -23.11362273
v -0.65373495 36.37713783 -23.52783791
v -2.97006490 35.29954701 -22.75867270
v -2.80403402 34.71965973 -22.07907666
v -2.24231985 34.45952790 -22.07265266
v -2.12962606 35.99238753 -23.11791048
v -2.24231985 34.45952790 -22.07265266
v -1.56595876 35.27707083 -22.69742392
v -1.56595876 35.27707083 -22.69742392
v -2.24231985 34.45952790 -22.07265266
v -1.27355459 34.77993955 -22.27957716
v -1.56595876 35.27707083 -22.69742392
v -0.71258810 35.61023120 -22.86916164
v -1.27355459 34.77993955 -22.27957716
v -0.88615682 34.19001190 -22.09303836
v -3.20561102 42.71560780 -26.50676656
v -2.69013860 42.17973433 -26.87296215
v -5.03483465 41.55977754 -25.76517396
v -4.64103582 41.29872253 -25.86676694
v -0.08598974 39.89456211 -25.38791539
v -0.94293096 38.93930187 -25.16702900
v 0.31371424 39.21089209 -25.25592675
v 0.31371424 39.21089209 -25.25592675
v -0.13499334 37.78800254 -24.27004090
v 0.19078944 38.72647139 -24.75905473
v -5.03483465 41.55977754 -25.76517396
v -4.64103582 41.29872253 -25.86676694
v -4.05540350 42.06507986 -26.40993418
v -6.07833746 41.00795114 -25.29645439
v -6.43197515 40.45859666 -24.81978499
v -5.19872930 40.56364571 -25.36078537
v -0.47133138 35.21577629 -22.54639241
v 0.54330179 36.38980167 -23.54514138
v -7.95172003 39.43213036 -24.41896695
v -7.19718816 38.67039639 -24.15216690
v -0.59681585 41.14775197 -26.48966120
v -5.21185186 42.65110897 -26.07575153
v -5.03483465 41.55977754 -25.76517396
v -1.56595876 35.27707083 -22.69742392
v -1.13073995 35.78856826 -23.11362273
v -2.62312582 37.17722480 -23.55510550
v -2.03480795 36.80697026 -23.71147751
v -6.35491827 42.36623513 -25.32173843
v -6.78958013 41.75823340 -25.47057255
v -5.64236334 42.13699462 -25.92099681
v -2.02991369 37.92097618 -24.45928043
v -1.65148046 37.95643762 -24.34187931
v -0.05681493 42.57972819 -27.09371112
v -6.65869024 39.55008840 -24.60939666
v -5.19872930 40.56364571 -25.36078537
v -4.64103582 41.29872253 -25.86676694
v -3.39932134 40.92304354 -25.72547049
v -0.59681585 41.14775197 -26.48966120
v -0.90647772 41.81184494 -26.81404791
v -0.59681585 41.14775197 -26.48966120
v -0.02148321 41.70048533 -26.87595279
v -0.90647772 41.81184494 -26.81404791
v -2.29922369 40.29501474 -25.31378826
v -0.83701971 39.64856089 -25.20961640
v -1.34458044 40.78341796 -25.90569202
v -0.88615682 34.19001190 -22.09303836
v 0.48714182 34.18145846 -21.68565921
v -18.57070806 58.10844126 -28.02733791
v -16.32740667 57.04830630 -28.50858469
v -16.85568121 58.42033464 -28.55809968
v -17.83756902 59.85764393 -28.38994806
v -16.68263128 59.81330568 -28.55005853
v -17.48655584 60.66652376 -28.54622871
v -13.26682928 51.98819443 -27.73159107
v -11.92755010 51.01068972 -27.55901400
v -11.97372320 52.34086696 -28.00475397
v -18.77458074 61.31321035 -28.31026690
v -17.62077215 61.63413699 -28.47690819
v -18.62315252 62.57809147 -28.44082131
v -11.97372320 52.34086696 -28.00475397
v -11.92755010 51.01068972 -27.55901400
v -11.32002142 52.13366022 -28.05335318
v -11.67065313 53.25272453 -28.22708993
v -11.97372320 52.34086696 -28.00475397
v -11.32002142 52.13366022 -28.05335318
v -12.60766485 54.05467306 -28.29265708
v -11.97372320 52.34086696 -28.00475397
v -11.67065313 53.25272453 -28.22708993
v -19.04752996 55.32543265 -28.28376141
v -18.34437444 54.62148383 -27.34456757
v -18.38534429 56.40721214 -28.18551024
v -19.98905828 57.27178271 -28.47713636
v -19.69602850 58.20402227 -28.30758085
v -20.27154424 58.07367785 -28.47834194
v -19.97355535 56.78916252 -28.17814031
v -19.81159857 55.70840921 -28.07035205
v -19.28727606 57.37396706 -28.15766311
v -19.67010381 54.22535789 -28.21308252
v -19.04752996 55.32543265 -28.28376141
v -19.63772466 54.79140175 -28.19225437
v -19.98905828 57.27178271 -28.47713636
v -19.28727606 57.37396706 -28.15766311
v -19.69602850 58.20402227 -28.30758085
v -20.27154424 58.07367785 -28.47834194
v -19.69602850 58.20402227 -28.30758085
v -20.15055731 58.86352622 -28.26970864
v -19.81159857 55.70840921 -28.07035205
v -19.04752996 55.32543265 -28.28376141
v -18.38534429 56.40721214 -28.18551024
v -19.17829778 57.72072684 -28.27959615
v -18.57070806 58.10844126 -28.02733791
v -19.11674383 59.20575416 -28.22269637
v -20.15055731 58.86352622 -28.26970864
v -19.11674383 59.20575416 -28.22269637
v -19.67405584 59.32665716 -28.33454331
v -20.31898382 59.47729570 -28.55278980
v -19.67405584 59.32665716 -28.33454331
v -19.91482427 60.44960108 -28.07602909
v -18.38534429 56.40721214 -28.18551024
v -17.17054632 56.74860081 -28.38678899
v -18.57070806 58.10844126 -28.02733791
v -19.91972234 60.89267438 -27.88537059
v -19.36396673 61.29758914 -28.44993060
v -20.11668279 61.24506455 -28.60338823
v -20.11668279 61.24506455 -28.60338823
v -19.36396673 61.29758914 -28.44993060
v -20.15991094 62.17335202 -28.82828767
v -16.85568121 58.42033464 -28.55809968
v -16.53015020 59.23286141 -28.18308456
v -17.83756902 59.85764393 -28.38994806
v -18.57070806 58.10844126 -28.02733791
v -16.85568121 58.42033464 -28.55809968
v -18.07305792 58.96981132 -28.19379618
v -20.15991094 62.17335202 -28.82828767
v -18.77458074 61.31321035 -28.31026690
v -19.64024236 63.41099619 -28.99402884
v -20.11825445 63.43445659 -28.90461234
v -19.64024236 63.41099619 -28.99402884
v -20.02349737 64.24394678 -29.03644841
v -17.48655584 60.66652376 -28.54622871
v -16.68263128 59.81330568 -28.55005853
v -16.66493108 60.80292976 -28.20022043
v -17.48655584 60.66652376 -28.54622871
v -16.66493108 60.80292976 -28.20022043
v -17.62077215 61.63413699 -28.47690819
v -17.63801458 53.89695829 -27.84529987
v -16.48164251 53.14481444 -27.80216316
v -16.65513494 53.90884485 -28.10881916
v -19.64024236 63.41099619 -28.99402884
v -18.62315252 62.57809147 -28.44082131
v -20.02349737 64.24394678 -29.03644841
v -19.34263494 52.29432004 -27.92000664
v -19.03253057 51.77509018 -27.73886947
v -18.71351507 52.37084289 -27.74962702
v -16.32740667 57.04830630 -28.50858469
v -16.32044866 56.30711830 -28.17679746
v -15.24613836 57.33178414 -28.17089247
v -17.17054632 56.74860081 -28.38678899
v -16.32044866 56.30711830 -28.17679746
v -16.32740667 57.04830630 -28.50858469
v -15.24613836 57.33178414 -28.17089247
v -14.86494329 56.71102218 -28.68190922
v -14.89958074 58.16914445 -28.58529080
v -15.67126348 58.52748189 -28.35286899
v -16.26887396 60.09525373 -28.80709288
v -18.56625250 51.22649855 -27.78777380
v -18.71351507 52.37084289 -27.74962702
v -18.71351507 52.37084289 -27.74962702
v -18.56625250 51.22649855 -27.78777380
v -16.79168585 52.02600955 -27.53063282
v -16.26887396 60.09525373 -28.80709288
v -14.28861883 59.96172023 -28.96038265
v -14.80578497 61.26561808 -28.99611895
v -16.66493108 60.80292976 -28.20022043
v -16.68263128 59.81330568 -28.55005853
v -16.26887396 60.09525373 -28.80709288
v -18.56625250 51.22649855 -27.78777380
v -17.40937689 50.73355197 -27.51474821
v -16.69103887 51.21637442 -27.32105322
v -17.40937689 50.73355197 -27.51474821
v -17.09493902 49.89396002 -27.35782669
v -16.69103887 51.21637442 -27.32105322
v -17.62077215 61.63413699 -28.47690819
v -15.60412481 61.29377828 -28.34662859
v -16.82763555 62.20122219 -28.90217073
v -11.25288274 56.11598278 -28.91202692
v -10.71237066 55.24182582 -28.96225871
v -10.32139471 56.12311240 -29.17948298
v -17.89051702 63.25108415 -28.57143665
v -17.62077215 61.63413699 -28.47690819
v -16.82763555 62.20122219 -28.90217073
v -18.88450506 66.03045719 -29.39713596
v -18.82113531 64.65040281 -28.79102611
v -18.21693304 65.30036619 -28.77846824
v -10.32139471 56.12311240 -29.17948298
v -10.04969671 54.79227906 -28.58666355
v -9.58303716 56.83227223 -29.33016363
v -20.03912237 65.04856181 -28.98845965
v -20.02349737 64.24394678 -29.03644841
v -18.82113531 64.65040281 -28.79102611
v -11.25288274 56.11598278 -28.91202692
v -11.42562750 55.04920276 -28.47611366
v -10.71237066 55.24182582 -28.96225871
v -12.64192083 54.61533436 -28.41996125
v -12.60766485 54.05467306 -28.29265708
v -11.42562750 55.04920276 -28.47611366
v -15.42622259 62.71677466 -29.21171061
v -16.82763555 62.20122219 -28.90217073
v -14.80578497 61.26561808 -28.99611895
v -17.41802862 64.15676191 -28.77764408
v -17.06996038 64.83361120 -29.25118545
v -15.42622259 62.71677466 -29.21171061
v -18.06458929 66.04964134 -29.12446140
v -18.21693304 65.30036619 -28.77846824
v -17.34046819 65.73713750 -29.29528349
v -10.78101995 51.45679947 -27.72129130
v -9.89364507 50.03831195 -27.54126787
v -9.63204839 51.52712718 -28.01491619
v -11.10981634 50.92981812 -27.68265596
v -10.78101995 51.45679947 -27.72129130
v -10.38137701 52.67351233 -28.27372070
v -10.74938848 54.03094567 -28.15134543
v -10.88618353 53.45139395 -28.31096753
v -10.38137701 52.67351233 -28.27372070
v -10.88618353 53.45139395 -28.31096753
v -10.38137701 52.67351233 -28.27372070
v -15.42622259 62.71677466 -29.21171061
v -14.80578497 61.26561808 -28.99611895
v -12.72946050 60.61448355 -29.22635871
v -16.72473028 55.52231680 -28.27623886
v -16.32044866 56.30711830 -28.17679746
v -16.19306829 65.19531690 -29.73668965
v -17.06996038 64.83361120 -29.25118545
v -15.25907781 64.73618000 -29.38529493
v -18.21693304 65.30036619 -28.77846824
v -18.82113531 64.65040281 -28.79102611
v -17.06996038 64.83361120 -29.25118545
v -13.85415533 64.95226343 -29.95598893
v -13.14686468 63.55849894 -29.88788873
v -12.58752325 63.76436096 -30.06083188
v -14.56106451 65.45232070 -29.62101282
v -14.40551641 64.64683973 -29.72053051
v -13.85415533 64.95226343 -29.95598893
v -16.47988775 66.47549496 -29.79944926
v -15.52982977 65.53402768 -29.75309291
v -11.71182134 64.34242098 -30.84255499
v -12.58752325 63.76436096 -30.06083188
v -11.20770147 63.72878495 -30.97165951
v -10.01431158 62.53497351 -31.11567177
v -9.90844610 60.73389675 -30.29860909
v -9.61366155 61.75921673 -30.76276637
v -12.66677740 65.24139639 -30.61516867
v -12.58752325 63.76436096 -30.06083188
v -11.71182134 64.34242098 -30.84255499
v -13.69282415 66.11071816 -30.95185399
v -14.56106451 65.45232070 -29.62101282
v -13.85415533 64.95226343 -29.95598893
v -15.25907781 64.73618000 -29.38529493
v -15.42622259 62.71677466 -29.21171061
v -14.52862432 63.17311161 -29.39168810
v -10.38137701 52.67351233 -28.27372070
v -9.63204839 51.52712718 -28.01491619
v -8.76725652 53.18161850 -28.67093758
v -9.84205511 53.83845986 -28.17073932
v -9.82354620 53.15625078 -28.55211738
v -9.69209173 54.11735607 -28.92783470
v -10.74938848 54.03094567 -28.15134543
v -10.38137701 52.67351233 -28.27372070
v -9.84205511 53.83845986 -28.17073932
v -10.04969671 54.79227906 -28.58666355
v -9.84205511 53.83845986 -28.17073932
v -9.69209173 54.11735607 -28.92783470
v -17.06996038 64.83361120 -29.25118545
v -15.42622259 62.71677466 -29.21171061
v -15.25907781 64.73618000 -29.38529493
v -13.85966375 63.99400394 -29.37937440
v -14.52862432 63.17311161 -29.39168810
v -13.14686468 63.55849894 -29.88788873
v -19.81159857 55.70840921 -28.07035205
v -18.38534429 56.40721214 -28.18551024
v -19.28727606 57.37396706 -28.15766311
v -18.38534429 56.40721214 -28.18551024
v -16.72473028 55.52231680 -28.27623886
v -17.17054632 56.74860081 -28.38678899
v -12.82125738 53.35768592 -28.22342784
v -13.26682928 51.98819443 -27.73159107
v -11.97372320 52.34086696 -28.00475397
v -10.45667913 57.55610338 -29.47585467
v -9.58303716 56.83227223 -29.33016363
v -9.22531011 57.86842023 -29.78870567
v -11.42562750 55.04920276 -28.47611366
v -10.50016668 54.93041312 -28.24916967
v -10.71237066 55.24182582 -28.96225871
v -10.71237066 55.24182582 -28.96225871
v -10.04969671 54.79227906 -28.58666355
v -10.32139471 56.12311240 -29.17948298
v -18.12602117 52.84143922 -27.63947390
v -16.79168585 52.02600955 -27.53063282
v -16.48164251 53.14481444 -27.80216316
v -18.71351507 52.37084289 -27.74962702
v -16.79168585 52.02600955 -27.53063282
v -18.12602117 52.84143922 -27.63947390
v -11.67065313 53.25272453 -28.22708993
v -10.88618353 53.45139395 -28.31096753
v -11.27935674 53.82776337 -28.61133685
v -10.38137701 52.67351233 -28.27372070
v -9.82354620 53.15625078 -28.55211738
v -9.84205511 53.83845986 -28.17073932
v -10.50016668 54.93041312 -28.24916967
v -9.84205511 53.83845986 -28.17073932
v -10.04969671 54.79227906 -28.58666355
v -9.22531011 57.86842023 -29.78870567
v -8.28642156 57.37627468 -29.83774734
v -8.88610723 58.29826410 -29.95778838
v -19.88595464 65.70615834 -29.28518217
v -20.03912237 65.04856181 -28.98845965
v -19.43492010 65.85533586 -29.50100251
v -8.93629339 59.04635672 -30.18335918
v -8.88610723 58.29826410 -29.95778838
v -8.19763067 58.75248008 -30.09700965
v -9.22531011 57.86842023 -29.78870567
v -8.88610723 58.29826410 -29.95778838
v -9.29452398 59.22967783 -29.48221786
v -20.03912237 65.04856181 -28.98845965
v -18.82113531 64.65040281 -28.79102611
v -19.43492010 65.85533586 -29.50100251
v -19.53443792 53.54591838 -28.03414259
v -18.71351507 52.37084289 -27.74962702
v -18.57554510 53.80048458 -27.97228350
v -9.90844610 60.73389675 -30.29860909
v -9.21577337 61.35928967 -30.29566425
v -9.61366155 61.75921673 -30.76276637
v -9.21577337 61.35928967 -30.29566425
v -8.67144659 61.89687958 -30.97706082
v -9.04302862 61.89951170 -31.09206631
v -9.61366155 61.75921673 -30.76276637
v -9.04302862 61.89951170 -31.09206631
v -9.57475164 62.35855902 -31.07854710
v -10.92213323 58.88213408 -29.65264322
v -10.18165472 58.48513862 -29.15163607
v -10.08207586 59.52621516 -29.87688648
v -11.99249151 57.16384578 -28.95447704
v -10.45667913 57.55610338 -29.47585467
v -10.92213323 58.88213408 -29.65264322
v -11.20406988 60.33713782 -29.69431521
v -10.08207586 59.52621516 -29.87688648
v -10.59026983 61.36603980 -30.12066120
v -11.54240301 59.49132414 -29.24877369
v -10.92213323 58.88213408 -29.65264322
v -11.20406988 60.33713782 -29.69431521
v -10.18165472 58.48513862 -29.15163607
v -9.22531011 57.86842023 -29.78870567
v -9.29452398 59.22967783 -29.48221786
v -10.08207586 59.52621516 -29.87688648
v -9.29452398 59.22967783 -29.48221786
v -9.46488836 60.21081788 -29.99096130
v -14.89958074 58.16914445 -28.58529080
v -14.86494329 56.71102218 -28.68190922
v -13.34370306 58.24452282 -28.88068571
v -11.27935674 53.82776337 -28.61133685
v -12.64192083 54.61533436 -28.41996125
v -11.42562750 55.04920276 -28.47611366
v -12.12136724 55.43288878 -28.75585310
v -17.09493902 49.89396002 -27.35782669
v -16.15296819 50.71338372 -27.22715055
v -16.69103887 51.21637442 -27.32105322
v -18.12602117 52.84143922 -27.63947390
v -18.57554510 53.80048458 -27.97228350
v -16.69103887 51.21637442 -27.32105322
v -15.77836492 51.42391683 -27.42435526
v -16.79168585 52.02600955 -27.53063282
v -18.12602117 52.84143922 -27.63947390
v -16.48164251 53.14481444 -27.80216316
v -17.74400213 53.36501791 -27.35239512
v -18.57554510 53.80048458 -27.97228350
v -17.74400213 53.36501791 -27.35239512
v -18.57554510 53.80048458 -27.97228350
v -17.74400213 53.36501791 -27.35239512
v -17.63801458 53.89695829 -27.84529987
v -16.79168585 52.02600955 -27.53063282
v -15.77836492 51.42391683 -27.42435526
v -15.29157903 53.14031307 -27.96666816
v -15.77836492 51.42391683 -27.42435526
v -14.84261968 52.17067429 -27.71933829
v -16.65513494 53.90884485 -28.10881916
v -16.48164251 53.14481444 -27.80216316
v -15.24601629 54.36852349 -28.12809109
v -15.29157903 53.14031307 -27.96666816
v -14.19142034 53.41022957 -28.15754040
v -15.24601629 54.36852349 -28.12809109
v -15.51928594 55.41185078 -28.38775007
v -15.24601629 54.36852349 -28.12809109
v -14.62707403 55.47744832 -28.34914535
v -16.65513494 53.90884485 -28.10881916
v -15.24601629 54.36852349 -28.12809109
v -16.60243108 54.99614803 -27.98394141
v -14.19142034 53.41022957 -28.15754040
v -13.66302374 54.74002918 -28.42560702
v -14.19142034 53.41022957 -28.15754040
v -12.82125738 53.35768592 -28.22342784
v -12.60766485 54.05467306 -28.29265708
v -14.62707403 55.47744832 -28.34914535
v -13.21650579 55.41629487 -28.62316267
v -14.13720586 56.57143103 -28.26137697
v -15.51928594 55.41185078 -28.38775007
v -14.62707403 55.47744832 -28.34914535
v -14.86494329 56.71102218 -28.68190922
v -16.69103887 51.21637442 -27.32105322
v -16.15296819 50.71338372 -27.22715055
v -15.77836492 51.42391683 -27.42435526
v -14.42753484 51.57388017 -27.66814495
v -13.36138799 52.63687602 -28.02155394
v -12.82125738 53.35768592 -28.22342784
v -10.78101995 51.45679947 -27.72129130
v -9.63204839 51.52712718 -28.01491619
v -11.27935674 53.82776337 -28.61133685
v -10.88618353 53.45139395 -28.31096753
v -10.04969671 54.79227906 -28.58666355
v -9.69209173 54.11735607 -28.92783470
v -9.34986761 54.72231749 -28.76162081
v -10.04969671 54.79227906 -28.58666355
v -9.34986761 54.72231749 -28.76162081
v -8.42069891 55.34650877 -28.80381146
v -9.82354620 53.15625078 -28.55211738
v -8.76725652 53.18161850 -28.67093758
v -8.91709783 53.94497755 -28.79250447
v -9.34986761 54.72231749 -28.76162081
v -8.91709783 53.94497755 -28.79250447
v -8.44599798 54.72282857 -29.30999117
v -8.63773992 54.32768700 -29.08419155
v -8.44599798 54.72282857 -29.30999117
v -9.34986761 54.72231749 -28.76162081
v -8.44599798 54.72282857 -29.30999117
v -8.42069891 55.34650877 -28.80381146
v -9.63204839 51.52712718 -28.01491619
v -8.61910894 52.44407734 -28.40711299
v -8.93629339 59.04635672 -30.18335918
v -8.23634222 60.05524683 -30.39863035
v -9.46488836 60.21081788 -29.99096130
v -8.76725652 53.18161850 -28.67093758
v -8.61910894 52.44407734 -28.40711299
v -11.67065313 53.25272453 -28.22708993
v -9.58303716 56.83227223 -29.33016363
v -10.04969671 54.79227906 -28.58666355
v -8.42069891 55.34650877 -28.80381146
v -12.66137579 56.30919340 -28.78318174
v -12.64192083 54.61533436 -28.41996125
v -12.12136724 55.43288878 -28.75585310
v -14.86494329 56.71102218 -28.68190922
v -14.13720586 56.57143103 -28.26137697
v -13.65284612 56.99310758 -28.78281564
v -18.62315252 62.57809147 -28.44082131
v -17.62077215 61.63413699 -28.47690819
v -19.67010381 54.22535789 -28.21308252
v -19.53443792 53.54591838 -28.03414259
v -19.04752996 55.32543265 -28.28376141
v -16.32044866 56.30711830 -28.17679746
v -16.72473028 55.52231680 -28.27623886
v -15.33958318 56.68596727 -28.57744755
v -15.60412481 61.29377828 -28.34662859
v -16.26887396 60.09525373 -28.80709288
v -14.80578497 61.26561808 -28.99611895
v -12.66677740 65.24139639 -30.61516867
v -13.26501348 65.71392480 -30.95847624
v -12.58752325 63.76436096 -30.06083188
v -11.20770147 63.72878495 -30.97165951
v -11.39362982 62.32643566 -29.84702549
v -10.01431158 62.53497351 -31.11567177
v -19.53443792 53.54591838 -28.03414259
v -18.57554510 53.80048458 -27.97228350
v -19.04752996 55.32543265 -28.28376141
v -14.89958074 58.16914445 -28.58529080
v -13.34370306 58.24452282 -28.88068571
v -14.41606024 59.01123120 -28.87890056
v -12.33961370 59.81863862 -28.63059442
v -12.44427374 58.63199683 -29.18103978
v -11.54240301 59.49132414 -29.24877369
v -10.08207586 59.52621516 -29.87688648
v -18.56625250 51.22649855 -27.78777380
v -17.98489263 50.37266639 -27.29335838
v -17.40937689 50.73355197 -27.51474821
v -16.60243108 54.99614803 -27.98394141
v -14.86494329 56.71102218 -28.68190922
v -14.62707403 55.47744832 -28.34914535
v -14.13720586 56.57143103 -28.26137697
v -16.15296819 50.71338372 -27.22715055
v -17.09493902 49.89396002 -27.35782669
v -16.33726385 49.96003824 -27.16622208
v -16.15296819 50.71338372 -27.22715055
v -14.42753484 51.57388017 -27.66814495
v -14.19142034 53.41022957 -28.15754040
v -13.36138799 52.63687602 -28.02155394
v -9.00514105 57.15902009 -29.54902050
v -9.22531011 57.86842023 -29.78870567
v -9.58303716 56.83227223 -29.33016363
v -8.71009710 55.89306709 -29.13923025
v -9.00514105 57.15902009 -29.54902050
v -12.77677801 50.55814841 -27.34230861
v -11.92755010 51.01068972 -27.55901400
v -15.34528997 50.05980784 -27.09627581
v -14.14555242 49.83127697 -27.04349562
v -14.42753484 51.57388017 -27.66814495
v -16.33726385 49.96003824 -27.16622208
v -15.34528997 50.05980784 -27.09627581
v -14.42753484 51.57388017 -27.66814495
v -14.42753484 51.57388017 -27.66814495
v -13.26682928 51.98819443 -27.73159107
v -13.36138799 52.63687602 -28.02155394
v -8.93629339 59.04635672 -30.18335918
v -8.19763067 58.75248008 -30.09700965
v -8.23634222 60.05524683 -30.39863035
v -9.21577337 61.35928967 -30.29566425
v -9.46488836 60.21081788 -29.99096130
v -9.21577337 61.35928967 -30.29566425
v -9.90844610 60.73389675 -30.29860909
v -9.04302862 61.89951170 -31.09206631
v -9.07736089 62.29499282 -31.06737766
v -9.57475164 62.35855902 -31.07854710
v -9.61366155 61.75921673 -30.76276637
v -9.57475164 62.35855902 -31.07854710
v -10.01431158 62.53497351 -31.11567177
v -10.78101995 51.45679947 -27.72129130
v -10.88543585 49.65751364 -27.36444896
v -9.89364507 50.03831195 -27.54126787
v -9.82354620 53.15625078 -28.55211738
v -10.38137701 52.67351233 -28.27372070
v -11.25288274 56.11598278 -28.91202692
v -10.74857977 56.73811409 -29.09671940
v -13.66302374 54.74002918 -28.42560702
v -12.64192083 54.61533436 -28.41996125
v -13.21650579 55.41629487 -28.62316267
v -8.67451360 50.77398004 -28.11472380
v -15.38450506 66.22266439 -30.20475318
v -14.56106451 65.45232070 -29.62101282
v -13.69282415 66.11071816 -30.95185399
v -20.02349737 64.24394678 -29.03644841
v -18.62315252 62.57809147 -28.44082131
v -18.82113531 64.65040281 -28.79102611
v -9.69209173 54.11735607 -28.92783470
v -9.82354620 53.15625078 -28.55211738
v -8.91709783 53.94497755 -28.79250447
v -16.32044866 56.30711830 -28.17679746
v -15.33958318 56.68596727 -28.57744755
v -15.24613836 57.33178414 -28.17089247
v -19.17829778 57.72072684 -28.27959615
v -18.38534429 56.40721214 -28.18551024
v -18.57070806 58.10844126 -28.02733791
v -19.67405584 59.32665716 -28.33454331
v -19.11674383 59.20575416 -28.22269637
v -19.13932684 60.30363562 -27.32892824
v -18.07305792 58.96981132 -28.19379618
v -16.85568121 58.42033464 -28.55809968
v -17.83756902 59.85764393 -28.38994806
v -16.85568121 58.42033464 -28.55809968
v -15.67126348 58.52748189 -28.35286899
v -16.53015020 59.23286141 -28.18308456
v -18.06269720 61.03397838 -27.97028578
v -17.48655584 60.66652376 -28.54622871
v -17.62077215 61.63413699 -28.47690819
v -18.50494268 60.18834772 -28.05457519
v -17.83756902 59.85764393 -28.38994806
v -18.06269720 61.03397838 -27.97028578
v -18.34437444 54.62148383 -27.34456757
v -18.38534429 56.40721214 -28.18551024
v -14.52862432 63.17311161 -29.39168810
v -12.72946050 60.61448355 -29.22635871
v -12.85677984 62.17335572 -29.55114229
v -9.46488836 60.21081788 -29.99096130
v -9.21577337 61.35928967 -30.29566425
v -16.15296819 50.71338372 -27.22715055
v -14.42753484 51.57388017 -27.66814495
v -9.21577337 61.35928967 -30.29566425
v -8.02319219 61.15799179 -31.01426163
v -8.67144659 61.89687958 -30.97706082
v -14.62707403 55.47744832 -28.34914535
v -13.66302374 54.74002918 -28.42560702
v -14.19142034 53.41022957 -28.15754040
v -13.66302374 54.74002918 -28.42560702
v -12.85677984 62.17335572 -29.55114229
v -11.39362982 62.32643566 -29.84702549
v -13.14686468 63.55849894 -29.88788873
v -9.58303716 56.83227223 -29.33016363
v -8.42069891 55.34650877 -28.80381146
v -10.71237066 55.24182582 -28.96225871
v -10.50016668 54.93041312 -28.24916967
v -10.04969671 54.79227906 -28.58666355
v -14.40551641 64.64683973 -29.72053051
v -13.85966375 63.99400394 -29.37937440
v -13.14686468 63.55849894 -29.88788873
v -14.40551641 64.64683973 -29.72053051
v -14.52862432 63.17311161 -29.39168810
v -13.85966375 63.99400394 -29.37937440
v -13.69282415 66.11071816 -30.95185399
v -13.85415533 64.95226343 -29.95598893
v -13.26501348 65.71392480 -30.95847624
v -12.85677984 62.17335572 -29.55114229
v -11.64625433 61.83412992 -29.75835659
v -11.39362982 62.32643566 -29.84702549
v -14.84261968 52.17067429 -27.71933829
v -14.42753484 51.57388017 -27.66814495
v -15.77836492 51.42391683 -27.42435526
v -15.24613836 57.33178414 -28.17089247
v -15.33958318 56.68596727 -28.57744755
v -14.86494329 56.71102218 -28.68190922
v -8.88610723 58.29826410 -29.95778838
v -8.28642156 57.37627468 -29.83774734
v -7.78462103 58.02862986 -29.92850672
v -8.28642156 57.37627468 -29.83774734
v -9.00514105 57.15902009 -29.54902050
v -8.71009710 55.89306709 -29.13923025
v -7.98397711 56.35800231 -29.66350706
v -8.91709783 53.94497755 -28.79250447
v -8.76725652 53.18161850 -28.67093758
v -8.88610723 58.29826410 -29.95778838
v -7.78462103 58.02862986 -29.92850672
v -8.19763067 58.75248008 -30.09700965
v -7.84580877 53.56379007 -29.03060255
v -8.63773992 54.32768700 -29.08419155
v -8.00663641 61.63717498 -31.07020043
v -8.67144659 61.89687958 -30.97706082
v -10.40785101 63.19233552 -30.91839099
v -11.20770147 63.72878495 -30.97165951
v -10.01431158 62.53497351 -31.11567177
v -12.85677984 62.17335572 -29.55114229
v -11.64625433 61.83412992 -29.75835659
v -11.64625433 61.83412992 -29.75835659
v -11.20406988 60.33713782 -29.69431521
v -10.59026983 61.36603980 -30.12066120
v -12.72946050 60.61448355 -29.22635871
v -11.54585149 60.08003486 -29.62935850
v -11.68508795 60.91489284 -29.38259350
v -14.28861883 59.96172023 -28.96038265
v -12.96006658 59.18836472 -29.10039717
v -12.72946050 60.61448355 -29.22635871
v -13.26501348 65.71392480 -30.95847624
v -13.85415533 64.95226343 -29.95598893
v -12.58752325 63.76436096 -30.06083188
v -14.56106451 65.45232070 -29.62101282
v -15.52982977 65.53402768 -29.75309291
v -15.25907781 64.73618000 -29.38529493
v -15.52982977 65.53402768 -29.75309291
v -14.56106451 65.45232070 -29.62101282
v -14.56106451 65.45232070 -29.62101282
v -14.40551641 64.64683973 -29.72053051
v -14.40551641 64.64683973 -29.72053051
v -15.25907781 64.73618000 -29.38529493
v -14.52862432 63.17311161 -29.39168810
v -13.85415533 64.95226343 -29.95598893
v -14.40551641 64.64683973 -29.72053051
v -13.14686468 63.55849894 -29.88788873
v -12.97543218 63.00842921 -29.44413254
v -14.52862432 63.17311161 -29.39168810
v -12.85677984 62.17335572 -29.55114229
v -12.58752325 63.76436096 -30.06083188
v -13.14686468 63.55849894 -29.88788873
v -11.39362982 62.32643566 -29.84702549
v -13.14686468 63.55849894 -29.88788873
v -12.97543218 63.00842921 -29.44413254
v -12.85677984 62.17335572 -29.55114229
v -17.28538397 66.39553132 -29.52883463
v -18.06458929 66.04964134 -29.12446140
v -17.34046819 65.73713750 -29.29528349
v -16.47988775 66.47549496 -29.79944926
v -17.34046819 65.73713750 -29.29528349
v -16.19306829 65.19531690 -29.73668965
v -15.52982977 65.53402768 -29.75309291
v -16.19306829 65.19531690 -29.73668965
v -15.25907781 64.73618000 -29.38529493
v -14.52862432 63.17311161 -29.39168810
v -18.06458929 66.04964134 -29.12446140
v -18.88450506 66.03045719 -29.39713596
v -18.21693304 65.30036619 -28.77846824
v -17.34046819 65.73713750 -29.29528349
v -17.06996038 64.83361120 -29.25118545
v -18.88450506 66.03045719 -29.39713596
v -19.43492010 65.85533586 -29.50100251
v -18.82113531 64.65040281 -28.79102611
v -18.82113531 64.65040281 -28.79102611
v -18.62315252 62.57809147 -28.44082131
v -17.89051702 63.25108415 -28.57143665
v -17.41802862 64.15676191 -28.77764408
v -18.82113531 64.65040281 -28.79102611
v -17.89051702 63.25108415 -28.57143665
v -16.66493108 60.80292976 -28.20022043
v -15.60412481 61.29377828 -28.34662859
v -16.66493108 60.80292976 -28.20022043
v -15.60412481 61.29377828 -28.34662859
v -16.32740667 57.04830630 -28.50858469
v -15.67126348 58.52748189 -28.35286899
v -15.24613836 57.33178414 -28.17089247
v -14.89958074 58.16914445 -28.58529080
v -18.38534429 56.40721214 -28.18551024
v -16.60243108 54.99614803 -27.98394141
v -16.72473028 55.52231680 -28.27623886
v -19.04752996 55.32543265 -28.28376141
v -18.57554510 53.80048458 -27.97228350
v -18.34437444 54.62148383 -27.34456757
v -18.34437444 54.62148383 -27.34456757
v -17.63801458 53.89695829 -27.84529987
v -16.60243108 54.99614803 -27.98394141
v -19.64024236 63.41099619 -28.99402884
v -18.77458074 61.31321035 -28.31026690
v -18.62315252 62.57809147 -28.44082131
v -17.48655584 60.66652376 -28.54622871
v -17.83756902 59.85764393 -28.38994806
v -16.53015020 59.23286141 -28.18308456
v -16.68263128 59.81330568 -28.55005853
v -16.53015020 59.23286141 -28.18308456
v -16.26887396 60.09525373 -28.80709288
v -15.67126348 58.52748189 -28.35286899
v -16.26887396 60.09525373 -28.80709288
v -20.11825445 63.43445659 -28.90461234
v -20.15991094 62.17335202 -28.82828767
v -19.64024236 63.41099619 -28.99402884
v -19.13932684 60.30363562 -27.32892824
v -18.77458074 61.31321035 -28.31026690
v -16.72473028 55.52231680 -28.27623886
v -16.60243108 54.99614803 -27.98394141
v -15.51928594 55.41185078 -28.38775007
v -16.72473028 55.52231680 -28.27623886
v -15.51928594 55.41185078 -28.38775007
v -15.33958318 56.68596727 -28.57744755
v -10.50016668 54.93041312 -28.24916967
v -11.10981634 50.92981812 -27.68265596
v -10.88543585 49.65751364 -27.36444896
v -10.78101995 51.45679947 -27.72129130
v -18.77458074 61.31321035 -28.31026690
v -18.50494268 60.18834772 -28.05457519
v -18.06269720 61.03397838 -27.97028578
v -18.50494268 60.18834772 -28.05457519
v -18.07305792 58.96981132 -28.19379618
v -17.83756902 59.85764393 -28.38994806
v -19.11674383 59.20575416 -28.22269637
v -18.07305792 58.96981132 -28.19379618
v -18.50494268 60.18834772 -28.05457519
v -19.91972234 60.89267438 -27.88537059
v -19.13932684 60.30363562 -27.32892824
v -19.36396673 61.29758914 -28.44993060
v -19.11674383 59.20575416 -28.22269637
v -18.57070806 58.10844126 -28.02733791
v -18.07305792 58.96981132 -28.19379618
v -19.91972234 60.89267438 -27.88537059
v -19.91482427 60.44960108 -28.07602909
v -19.13932684 60.30363562 -27.32892824
v -19.34263494 52.29432004 -27.92000664
v -18.71351507 52.37084289 -27.74962702
v -19.53443792 53.54591838 -28.03414259
v -19.91482427 60.44960108 -28.07602909
v -19.67405584 59.32665716 -28.33454331
v -20.15055731 58.86352622 -28.26970864
v -19.69602850 58.20402227 -28.30758085
v -19.11674383 59.20575416 -28.22269637
v -19.69602850 58.20402227 -28.30758085
v -19.17829778 57.72072684 -28.27959615
v -19.11674383 59.20575416 -28.22269637
v -19.28727606 57.37396706 -28.15766311
v -18.38534429 56.40721214 -28.18551024
v -19.17829778 57.72072684 -28.27959615
v -20.31898382 59.47729570 -28.55278980
v -19.98905828 57.27178271 -28.47713636
v -19.97355535 56.78916252 -28.17814031
v -19.28727606 57.37396706 -28.15766311
v -19.93238714 55.32389151 -28.29940167
v -19.63772466 54.79140175 -28.19225437
v -19.04752996 55.32543265 -28.28376141
v -19.93238714 55.32389151 -28.29940167
v -19.04752996 55.32543265 -28.28376141
v -19.69602850 58.20402227 -28.30758085
v -19.17829778 57.72072684 -28.27959615
v -16.32740667 57.04830630 -28.50858469
v -18.50494268 60.18834772 -28.05457519
v -19.13932684 60.30363562 -27.32892824
v -19.11674383 59.20575416 -28.22269637
v -18.50494268 60.18834772 -28.05457519
v -19.36396673 61.29758914 -28.44993060
v -16.85568121 58.42033464 -28.55809968
v -18.77458074 61.31321035 -28.31026690
v -18.06269720 61.03397838 -27.97028578
v -17.62077215 61.63413699 -28.47690819
v -18.34437444 54.62148383 -27.34456757
v -18.57554510 53.80048458 -27.97228350
v -17.63801458 53.89695829 -27.84529987
v -16.26887396 60.09525373 -28.80709288
v -14.41606024 59.01123120 -28.87890056
v -14.28861883 59.96172023 -28.96038265
v -15.51928594 55.41185078 -28.38775007
v -15.33958318 56.68596727 -28.57744755
v -14.80578497 61.26561808 -28.99611895
v -14.28861883 59.96172023 -28.96038265
v -14.23628118 60.83642269 -28.92452464
v -16.48164251 53.14481444 -27.80216316
v -15.29157903 53.14031307 -27.96666816
v -12.22654607 56.27603229 -28.43776852
v -10.74857977 56.73811409 -29.09671940
v -11.99249151 57.16384578 -28.95447704
v -14.84261968 52.17067429 -27.71933829
v -14.19142034 53.41022957 -28.15754040
v -16.60243108 54.99614803 -27.98394141
v -17.63801458 53.89695829 -27.84529987
v -14.42753484 51.57388017 -27.66814495
v -13.49391058 50.64211370 -27.39247952
v -13.26682928 51.98819443 -27.73159107
v -14.14555242 49.83127697 -27.04349562
v -13.49391058 50.64211370 -27.39247952
v -14.42753484 51.57388017 -27.66814495
v -9.21577337 61.35928967 -30.29566425
v -9.04302862 61.89951170 -31.09206631
v -9.61366155 61.75921673 -30.76276637
v -9.29452398 59.22967783 -29.48221786
v -8.88610723 58.29826410 -29.95778838
v -8.93629339 59.04635672 -30.18335918
v -8.93629339 59.04635672 -30.18335918
v -9.46488836 60.21081788 -29.99096130
v -11.92755010 51.01068972 -27.55901400
v -16.82763555 62.20122219 -28.90217073
v -15.60412481 61.29377828 -28.34662859
v -14.80578497 61.26561808 -28.99611895
v -17.41802862 64.15676191 -28.77764408
v -18.82113531 64.65040281 -28.79102611
v -14.80578497 61.26561808 -28.99611895
v -14.23628118 60.83642269 -28.92452464
v -13.36138799 52.63687602 -28.02155394
v -13.26682928 51.98819443 -27.73159107
v -16.19306829 65.19531690 -29.73668965
v -17.34046819 65.73713750 -29.29528349
v -17.06996038 64.83361120 -29.25118545
v -14.62707403 55.47744832 -28.34914535
v -13.66302374 54.74002918 -28.42560702
v -13.21650579 55.41629487 -28.62316267
v -14.86494329 56.71102218 -28.68190922
v -14.20741155 57.32190402 -28.46210646
v -13.34370306 58.24452282 -28.88068571
v -14.52862432 63.17311161 -29.39168810
v -12.97543218 63.00842921 -29.44413254
v -13.14686468 63.55849894 -29.88788873
v -12.66137579 56.30919340 -28.78318174
v -12.22654607 56.27603229 -28.43776852
v -11.99249151 57.16384578 -28.95447704
v -13.65284612 56.99310758 -28.78281564
v -11.99249151 57.16384578 -28.95447704
v -13.34370306 58.24452282 -28.88068571
v -12.66137579 56.30919340 -28.78318174
v -15.52982977 65.53402768 -29.75309291
v -13.21650579 55.41629487 -28.62316267
v -13.65284612 56.99310758 -28.78281564
v -14.20741155 57.32190402 -28.46210646
v -13.65284612 56.99310758 -28.78281564
v -11.20770147 63.72878495 -30.97165951
v -14.41606024 59.01123120 -28.87890056
v -13.34370306 58.24452282 -28.88068571
v -12.96006658 59.18836472 -29.10039717
v -12.72946050 60.61448355 -29.22635871
v -12.33961370 59.81863862 -28.63059442
v -11.54585149 60.08003486 -29.62935850
v -11.25288274 56.11598278 -28.91202692
v -12.22654607 56.27603229 -28.43776852
v -11.25288274 56.11598278 -28.91202692
v -13.34370306 58.24452282 -28.88068571
v -12.44427374 58.63199683 -29.18103978
v -12.96006658 59.18836472 -29.10039717
v -10.01431158 62.53497351 -31.11567177
v -10.59026983 61.36603980 -30.12066120
v -11.99249151 57.16384578 -28.95447704
v -11.54240301 59.49132414 -29.24877369
v -10.32139471 56.12311240 -29.17948298
v -10.45667913 57.55610338 -29.47585467
v -19.82867315 66.03125068 -29.14515232
v -19.88595464 65.70615834 -29.28518217
v -11.64625433 61.83412992 -29.75835659
v -11.42562750 55.04920276 -28.47611366
v -11.27935674 53.82776337 -28.61133685
v -11.42562750 55.04920276 -28.47611366
v -10.74938848 54.03094567 -28.15134543
v -10.50016668 54.93041312 -28.24916967
v -14.89958074 58.16914445 -28.58529080
v -14.41606024 59.01123120 -28.87890056
v -12.96006658 59.18836472 -29.10039717
v -12.44427374 58.63199683 -29.18103978
v -12.33961370 59.81863862 -28.63059442
v -10.74857977 56.73811409 -29.09671940
v -10.32139471 56.12311240 -29.17948298
v -10.59026983 61.36603980 -30.12066120
v -9.90844610 60.73389675 -30.29860909
v -10.01431158 62.53497351 -31.11567177
v -12.60766485 54.05467306 -28.29265708
v -18.56625250 51.22649855 -27.78777380
v -16.69103887 51.21637442 -27.32105322
v -17.74400213 53.36501791 -27.35239512
v -17.63801458 53.89695829 -27.84529987
v -16.48164251 53.14481444 -27.80216316
v -13.26682928 51.98819443 -27.73159107
v -12.77677801 50.55814841 -27.34230861
v -13.66302374 54.74002918 -28.42560702
v -13.65284612 56.99310758 -28.78281564
v -13.21650579 55.41629487 -28.62316267
v -12.66137579 56.30919340 -28.78318174
v -12.22654607 56.27603229 -28.43776852
v -12.12136724 55.43288878 -28.75585310
v -11.25288274 56.11598278 -28.91202692
v -12.66137579 56.30919340 -28.78318174
v -13.34370306 58.24452282 -28.88068571
v -12.44427374 58.63199683 -29.18103978
v -12.66137579 56.30919340 -28.78318174
v -12.12136724 55.43288878 -28.75585310
v -12.22654607 56.27603229 -28.43776852
v -11.54240301 59.49132414 -29.24877369
v -11.99249151 57.16384578 -28.95447704
v -14.20741155 57.32190402 -28.46210646
v -14.86494329 56.71102218 -28.68190922
v -13.65284612 56.99310758 -28.78281564
v -12.72946050 60.61448355 -29.22635871
v -12.96006658 59.18836472 -29.10039717
v -12.33961370 59.81863862 -28.63059442
v -12.72946050 60.61448355 -29.22635871
v -9.89364507 50.03831195 -27.54126787
v -9.07459905 49.91816041 -27.65654801
v -8.67451360 50.77398004 -28.11472380
v -9.34986761 54.72231749 -28.76162081
v -9.69209173 54.11735607 -28.92783470
v -8.91709783 53.94497755 -28.79250447
v -11.54585149 60.08003486 -29.62935850
v -10.92213323 58.88213408 -29.65264322
v -10.45667913 57.55610338 -29.47585467
v -10.18165472 58.48513862 -29.15163607
v -11.99249151 57.16384578 -28.95447704
v -10.74857977 56.73811409 -29.09671940
v -10.45667913 57.55610338 -29.47585467
v -11.54240301 59.49132414 -29.24877369
v -11.20406988 60.33713782 -29.69431521
v -11.68508795 60.91489284 -29.38259350
v -11.20406988 60.33713782 -29.69431521
v -9.22531011 57.86842023 -29.78870567
v -9.58303716 56.83227223 -29.33016363
v -9.00514105 57.15902009 -29.54902050
v -10.18165472 58.48513862 -29.15163607
v -10.45667913 57.55610338 -29.47585467
v -9.22531011 57.86842023 -29.78870567
v -10.08207586 59.52621516 -29.87688648
v -10.18165472 58.48513862 -29.15163607
v -9.29452398 59.22967783 -29.48221786
v -9.90844610 60.73389675 -30.29860909
v -10.08207586 59.52621516 -29.87688648
v -10.08207586 59.52621516 -29.87688648
v -9.90844610 60.73389675 -30.29860909
v -11.68508795 60.91489284 -29.38259350
v -11.64625433 61.83412992 -29.75835659
v -11.68508795 60.91489284 -29.38259350
v -11.20406988 60.33713782 -29.69431521
v -11.64625433 61.83412992 -29.75835659
v -9.31510809 45.42802167 -26.02254459
v -8.87399175 44.75066112 -26.12743339
v -8.57870367 45.74007528 -26.47711922
v -11.15624883 44.63584639 -25.93636282
v -10.33212164 43.82131705 -25.44515175
v -10.20147588 45.07839707 -25.78691831
v -8.87399175 44.75066112 -26.12743339
v -8.05708196 44.32357145 -25.98966172
v -7.84518316 44.71855659 -26.34444389
v -10.73521307 46.07366681 -26.04872878
v -10.20147588 45.07839707 -25.78691831
v -9.81118658 46.29332084 -26.38565813
v -11.29417303 45.69718288 -26.13578011
v -11.15624883 44.63584639 -25.93636282
v -10.73521307 46.07366681 -26.04872878
v -8.51293829 39.98161461 -24.45279578
v -8.78784063 39.22133019 -24.43823877
v -8.66868475 39.00898128 -24.26390707
v -9.25575140 40.48392629 -24.61875045
v -9.71650579 40.64753862 -24.82843675
v -9.39692571 39.61850883 -24.47980377
v -9.71650579 40.64753862 -24.82843675
v -9.99503973 40.46593616 -24.72635543
v -9.82906988 40.14968251 -24.62270242
v -9.84074285 48.98597819 -27.12177307
v -9.34597662 48.18204216 -27.24814623
v -9.07189825 49.18860343 -27.33464847
v -9.86703375 41.26285691 -24.85869503
v -9.99503973 40.46593616 -24.72635543
v -9.71650579 40.64753862 -24.82843675
v -9.86703375 41.26285691 -24.85869503
v -10.40127447 41.14806506 -24.75549982
v -9.99503973 40.46593616 -24.72635543
v -9.28172186 42.49737301 -25.14314958
v -9.32125738 41.50771471 -24.76369385
v -8.67997625 42.00451032 -25.05623544
v -9.32125738 41.50771471 -24.76369385
v -9.25575140 40.48392629 -24.61875045
v -8.26910284 40.72242880 -24.52976123
v -8.24468878 42.56392799 -25.41500018
v -12.46040228 45.87563056 -26.39427928
v -12.02455023 45.36525080 -26.17679568
v -11.29417303 45.69718288 -26.13578011
v -12.56524542 46.04660908 -26.50736219
v -11.29417303 45.69718288 -26.13578011
v -11.32949712 46.77239343 -26.26052088
v -12.95722845 46.68261449 -26.49219506
v -12.86599615 46.34452170 -26.38866412
v -12.56524542 46.04660908 -26.50736219
v -12.36427191 47.37354008 -26.53121190
v -12.95722845 46.68261449 -26.49219506
v -11.32949712 46.77239343 -26.26052088
v -11.08610418 48.72662077 -26.86702755
v -10.86515691 47.73284638 -26.72333537
v -10.56133917 48.58386713 -27.11524225
v -10.38069036 47.33371843 -26.68470005
v -9.52160528 47.62825880 -26.89781960
v -9.34597662 48.18204216 -27.24814623
v -8.55586126 47.36145887 -26.94057469
v -8.42182806 47.96024807 -27.03714766
v -8.67997625 42.00451032 -25.05623544
v -8.01823309 41.44791548 -24.99285034
v -8.01823309 41.44791548 -24.99285034
v -9.32125738 41.50771471 -24.76369385
v -8.26910284 40.72242880 -24.52976123
v -9.81118658 46.29332084 -26.38565813
v -9.31510809 45.42802167 -26.02254459
v -8.57870367 45.74007528 -26.47711922
v -17.09493902 49.89396002 -27.35782669
v -17.00923040 49.08794216 -27.28049501
v -16.33726385 49.96003824 -27.16622208
v -8.78784063 39.22133019 -24.43823877
v -9.39692571 39.61850883 -24.47980377
v -9.08238104 39.27106620 -24.49248377
v -16.16689947 48.67620282 -27.18689753
v -15.95431402 48.36980253 -27.11919424
v -15.44053533 48.08579833 -27.05736558
v -15.17335394 49.24773225 -26.93280827
v -15.83997991 49.01805312 -27.09653504
v -15.44053533 48.08579833 -27.05736558
v -15.17335394 49.24773225 -26.93280827
v -15.44053533 48.08579833 -27.05736558
v -14.57975652 48.85158359 -26.82871275
v -7.95172003 39.43213036 -24.41896695
v -8.51293829 39.98161461 -24.45279578
v -8.66868475 39.00898128 -24.26390707
v -15.83997991 49.01805312 -27.09653504
v -17.00923040 49.08794216 -27.28049501
v -16.16689947 48.67620282 -27.18689753
v -16.33726385 49.96003824 -27.16622208
v -15.83997991 49.01805312 -27.09653504
v -15.17335394 49.24773225 -26.93280827
v -7.95172003 39.43213036 -24.41896695
v -8.66868475 39.00898128 -24.26390707
v -8.24418524 38.74006037 -24.31394059
v -14.57975652 48.85158359 -26.82871275
v -13.26450994 49.50749308 -27.09038583
v -13.45997503 48.33682360 -26.65364858
v -12.84760931 48.53472248 -26.56916070
v -13.45997503 48.33682360 -26.65364858
v -13.92887762 48.37225926 -26.77780935
v -13.87573126 47.61726104 -26.84497842
v -13.49391058 50.64211370 -27.39247952
v -13.26450994 49.50749308 -27.09038583
v -12.77677801 50.55814841 -27.34230861
v -10.80354192 42.15158218 -24.93505016
v -10.36042669 41.76192607 -25.17653569
v -10.08627203 42.35096874 -25.13545913
v -9.28172186 42.49737301 -25.14314958
v -8.67997625 42.00451032 -25.05623544
v -8.24468878 42.56392799 -25.41500018
v -10.20147588 45.07839707 -25.78691831
v -10.33212164 43.82131705 -25.44515175
v -9.85217169 44.98636747 -25.96823849
v -9.25575140 40.48392629 -24.61875045
v -8.51293829 39.98161461 -24.45279578
v -8.26910284 40.72242880 -24.52976123
v -14.51606634 48.14887058 -26.79076403
v -14.59049871 47.61163913 -26.80568703
v -14.13764837 47.25396452 -26.89386752
v -13.87573126 47.61726104 -26.84497842
v -14.51606634 48.14887058 -26.79076403
v -14.13764837 47.25396452 -26.89386752
v -12.36427191 47.37354008 -26.53121190
v -13.87573126 47.61726104 -26.84497842
v -13.03333929 47.26168178 -26.08881381
v -11.79351690 45.04906199 -26.16115537
v -11.57942083 44.34386184 -25.86170152
v -11.15624883 44.63584639 -25.93636282
v -9.25575140 40.48392629 -24.61875045
v -9.39692571 39.61850883 -24.47980377
v -8.78784063 39.22133019 -24.43823877
v -13.03333929 47.26168178 -26.08881381
v -12.95722845 46.68261449 -26.49219506
v -12.36427191 47.37354008 -26.53121190
v -12.06608465 48.87413132 -26.73949461
v -10.86515691 47.73284638 -26.72333537
v -11.08610418 48.72662077 -26.86702755
v -8.20077398 46.78610334 -26.94889063
v -8.55586126 47.36145887 -26.94057469
v -9.89364507 50.03831195 -27.54126787
v -10.86515691 47.73284638 -26.72333537
v -10.11312750 48.54270280 -26.70037102
v -12.36427191 47.37354008 -26.53121190
v -11.32949712 46.77239343 -26.26052088
v -10.86515691 47.73284638 -26.72333537
v -11.29417303 45.69718288 -26.13578011
v -10.73521307 46.07366681 -26.04872878
v -11.32949712 46.77239343 -26.26052088
v -9.85217169 44.98636747 -25.96823849
v -9.31510809 45.42802167 -26.02254459
v -11.15624883 44.63584639 -25.93636282
v -10.20147588 45.07839707 -25.78691831
v -10.73521307 46.07366681 -26.04872878
v -11.14878729 42.85308583 -25.55625083
v -10.08627203 42.35096874 -25.13545913
v -13.87573126 47.61726104 -26.84497842
v -14.13764837 47.25396452 -26.89386752
v -13.73580816 47.19221988 -26.56905366
v -14.14555242 49.83127697 -27.04349562
v -13.92887762 48.37225926 -26.77780935
v -13.45997503 48.33682360 -26.65364858
v -15.34528997 50.05980784 -27.09627581
v -13.45997503 48.33682360 -26.65364858
v -13.87573126 47.61726104 -26.84497842
v -12.84760931 48.53472248 -26.56916070
v -14.57975652 48.85158359 -26.82871275
v -13.92887762 48.37225926 -26.77780935
v -14.14555242 49.83127697 -27.04349562
v -14.57975652 48.85158359 -26.82871275
v -15.44053533 48.08579833 -27.05736558
v -14.51606634 48.14887058 -26.79076403
v -15.83997991 49.01805312 -27.09653504
v -16.16689947 48.67620282 -27.18689753
v -10.36042669 41.76192607 -25.17653569
v -9.86703375 41.26285691 -24.85869503
v -15.24049261 47.84981735 -27.02690900
v -14.59049871 47.61163913 -26.80568703
v -10.36042669 41.76192607 -25.17653569
v -10.72090032 41.41472000 -24.90260985
v -9.71650579 40.64753862 -24.82843675
v -9.82906988 40.14968251 -24.62270242
v -9.39692571 39.61850883 -24.47980377
v -10.88543585 49.65751364 -27.36444896
v -11.08610418 48.72662077 -26.86702755
v -10.56133917 48.58386713 -27.11524225
v -12.36427191 47.37354008 -26.53121190
v -12.06608465 48.87413132 -26.73949461
v -11.71395757 49.33937174 -27.11351813
v -11.10981634 50.92981812 -27.68265596
v -12.77677801 50.55814841 -27.34230861
v -11.71395757 49.33937174 -27.11351813
v -13.26450994 49.50749308 -27.09038583
v -12.06608465 48.87413132 -26.73949461
v -11.71395757 49.33937174 -27.11351813
v -9.52160528 47.62825880 -26.89781960
v -8.55586126 47.36145887 -26.94057469
v -9.84074285 48.98597819 -27.12177307
v -9.52160528 47.62825880 -26.89781960
v -9.34597662 48.18204216 -27.24814623
v -8.51293829 39.98161461 -24.45279578
v -9.25575140 40.48392629 -24.61875045
v -8.78784063 39.22133019 -24.43823877
v -9.34597662 48.18204216 -27.24814623
v -9.52160528 47.62825880 -26.89781960
v -8.55586126 47.36145887 -26.94057469
v -10.38069036 47.33371843 -26.68470005
v -9.52160528 47.62825880 -26.89781960
v -11.32949712 46.77239343 -26.26052088
v -10.73521307 46.07366681 -26.04872878
v -9.52160528 47.62825880 -26.89781960
v -9.81118658 46.29332084 -26.38565813
v -9.85217169 44.98636747 -25.96823849
v -9.59854009 44.06738025 -25.62369488
v -9.28172186 42.49737301 -25.14314958
v -10.33212164 43.82131705 -25.44515175
v -10.08627203 42.35096874 -25.13545913
v -11.36758306 43.80723315 -25.70288795
v -11.14878729 42.85308583 -25.55625083
v -11.15624883 44.63584639 -25.93636282
v -9.59854009 44.06738025 -25.62369488
v -11.14878729 42.85308583 -25.55625083
v -10.80354192 42.15158218 -24.93505016
v -10.33212164 43.82131705 -25.44515175
v -9.59854009 44.06738025 -25.62369488
v -9.85217169 44.98636747 -25.96823849
v -9.59854009 44.06738025 -25.62369488
v -8.75727728 43.74323398 -25.64014380
v -8.87399175 44.75066112 -26.12743339
v -9.85217169 44.98636747 -25.96823849
v -9.45722845 44.56799061 -25.63063771
v -8.87399175 44.75066112 -26.12743339
v -8.20077398 46.78610334 -26.94889063
v -12.56524542 46.04660908 -26.50736219
v -12.46040228 45.87563056 -26.39427928
v -11.29417303 45.69718288 -26.13578011
v -10.36042669 41.76192607 -25.17653569
v -9.32125738 41.50771471 -24.76369385
v -9.28172186 42.49737301 -25.14314958
v -9.86703375 41.26285691 -24.85869503
v -9.71650579 40.64753862 -24.82843675
v -12.95722845 46.68261449 -26.49219506
v -11.32949712 46.77239343 -26.26052088
v -10.72090032 41.41472000 -24.90260985
v -10.40127447 41.14806506 -24.75549982
v -9.86703375 41.26285691 -24.85869503
v -12.84760931 48.53472248 -26.56916070
v -11.71395757 49.33937174 -27.11351813
v -11.92755010 51.01068972 -27.55901400
v -10.11312750 48.54270280 -26.70037102
v -9.52160528 47.62825880 -26.89781960
v -9.84074285 48.98597819 -27.12177307
v -10.88543585 49.65751364 -27.36444896
v -10.56133917 48.58386713 -27.11524225
v -9.89364507 50.03831195 -27.54126787
v -10.80354192 42.15158218 -24.93505016
v -10.72090032 41.41472000 -24.90260985
v -10.36042669 41.76192607 -25.17653569
v -11.71395757 49.33937174 -27.11351813
v -10.88543585 49.65751364 -27.36444896
v -11.10981634 50.92981812 -27.68265596
v -11.71395757 49.33937174 -27.11351813
v -10.88543585 49.65751364 -27.36444896
v -8.71705511 48.49396233 -27.20154594
v -9.34597662 48.18204216 -27.24814623
v -8.71705511 48.49396233 -27.20154594
v -9.07189825 49.18860343 -27.33464847
v -9.34597662 48.18204216 -27.24814623
v -8.44291570 48.18048573 -27.44916552
v -8.71705511 48.49396233 -27.20154594
v -9.34597662 48.18204216 -27.24814623
v -8.42182806 47.96024807 -27.03714766
v -8.44291570 48.18048573 -27.44916552
v -9.39692571 39.61850883 -24.47980377
v -9.62357977 39.81588125 -24.54483676
v -9.59577825 39.63356163 -24.44725678
v -10.56133917 48.58386713 -27.11524225
v -9.84074285 48.98597819 -27.12177307
v -9.89364507 50.03831195 -27.54126787
v -9.39692571 39.61850883 -24.47980377
v -9.82906988 40.14968251 -24.62270242
v -9.62357977 39.81588125 -24.54483676
v -13.45997503 48.33682360 -26.65364858
v -13.26450994 49.50749308 -27.09038583
v -12.06608465 48.87413132 -26.73949461
v -11.71395757 49.33937174 -27.11351813
v -9.07189825 49.18860343 -27.33464847
v -9.07459905 49.91816041 -27.65654801
v -10.56133917 48.58386713 -27.11524225
v -10.11312750 48.54270280 -26.70037102
v -9.84074285 48.98597819 -27.12177307
v -10.38069036 47.33371843 -26.68470005
v -10.86515691 47.73284638 -26.72333537
v -9.71650579 40.64753862 -24.82843675
v -9.25575140 40.48392629 -24.61875045
v -17.00923040 49.08794216 -27.28049501
v -16.39700201 48.67533688 -27.23360469
v -16.16689947 48.67620282 -27.18689753
v -11.07731512 42.51480996 -25.30361101
v -10.80354192 42.15158218 -24.93505016
v -11.14878729 42.85308583 -25.55625083
v -10.36042669 41.76192607 -25.17653569
v -10.73521307 46.07366681 -26.04872878
v -9.81118658 46.29332084 -26.38565813
v -9.52160528 47.62825880 -26.89781960
v -10.86515691 47.73284638 -26.72333537
v -10.11312750 48.54270280 -26.70037102
v -10.56133917 48.58386713 -27.11524225
v -16.33726385 49.96003824 -27.16622208
v -17.00923040 49.08794216 -27.28049501
v -15.83997991 49.01805312 -27.09653504
v -14.57975652 48.85158359 -26.82871275
v -14.51606634 48.14887058 -26.79076403
v -13.92887762 48.37225926 -26.77780935
v -15.44053533 48.08579833 -27.05736558
v -15.24049261 47.84981735 -27.02690900
v -12.02455023 45.36525080 -26.17679568
v -11.79351690 45.04906199 -26.16115537
v -14.14555242 49.83127697 -27.04349562
v -13.49391058 50.64211370 -27.39247952
v -13.87573126 47.61726104 -26.84497842
v -13.73580816 47.19221988 -26.56905366
v -13.36051824 46.96044271 -26.43474577
v -7.95260503 45.34295002 -26.54288454
v -12.36427191 47.37354008 -26.53121190
v -12.06608465 48.87413132 -26.73949461
v -13.92887762 48.37225926 -26.77780935
v -14.51606634 48.14887058 -26.79076403
v -8.67997625 42.00451032 -25.05623544
v -8.01823309 41.44791548 -24.99285034
v -8.24468878 42.56392799 -25.41500018
v -13.03333929 47.26168178 -26.08881381
v -13.36051824 46.96044271 -26.43474577
v -13.08819463 46.81580851 -26.17911525
v -13.87573126 47.61726104 -26.84497842
v -13.36051824 46.96044271 -26.43474577
v -13.03333929 47.26168178 -26.08881381
v -12.95722845 46.68261449 -26.49219506
v -12.84760931 48.53472248 -26.56916070
v -13.87573126 47.61726104 -26.84497842
v -12.36427191 47.37354008 -26.53121190
v -11.57942083 44.34386184 -25.86170152
v -11.36758306 43.80723315 -25.70288795
v -11.15624883 44.63584639 -25.93636282
v -11.15624883 44.63584639 -25.93636282
v -9.85217169 44.98636747 -25.96823849
v -9.59854009 44.06738025 -25.62369488
v -9.45722845 44.56799061 -25.63063771
v -9.45722845 44.56799061 -25.63063771
v -9.59854009 44.06738025 -25.62369488
v -8.87399175 44.75066112 -26.12743339
v -9.31510809 45.42802167 -26.02254459
v -9.85217169 44.98636747 -25.96823849
v -8.87399175 44.75066112 -26.12743339
v -7.84518316 44.71855659 -26.34444389
v -7.95260503 45.34295002 -26.54288454
v -17.57897833 49.73582554 -27.48450513
v -17.00923040 49.08794216 -27.28049501
v -17.40937689 50.73355197 -27.51474821
v -17.57897833 49.73582554 -27.48450513
v -17.40937689 50.73355197 -27.51474821
v -17.98489263 50.37266639 -27.29335838
v -17.57897833 49.73582554 -27.48450513
v 2.18540690 34.14759152 -22.06250552
v 2.36443064 34.09269053 -21.23811891
v 2.80692789 33.93653965 -21.63237548
v 2.36443064 34.09269053 -21.23811891
v 3.48510477 32.81221211 -20.91684490
v 2.80692789 33.93653965 -21.63237548
v 3.78309367 32.92850693 -21.17160566
v 3.80599711 33.93493753 -21.28655028
v -1.10382345 33.78598215 -21.53684018
v -0.66182974 33.59197425 -21.69661493
v -2.24231985 34.45952790 -22.07265266
v -1.61032369 34.13905517 -22.13625125
v -0.88615682 34.19001190 -22.09303836
v -2.24231985 34.45952790 -22.07265266
v -2.39510610 33.80462070 -21.86632321
v -1.61032369 34.13905517 -22.13625125
v -2.80403402 34.71965973 -22.07907666
v -3.00551107 33.98304166 -22.23775268
v -2.24231985 34.45952790 -22.07265266
v 0.48243449 33.34743693 -21.47641530
v 1.60323832 33.47207074 -21.32494132
v 1.72352335 33.66475101 -21.89528437
v -2.49971273 33.13200566 -21.82426988
v -1.60649374 33.80398747 -21.81195615
v -2.39510610 33.80462070 -21.86632321
v -0.84699514 33.00640300 -21.42474899
v 0.48243449 33.34743693 -21.47641530
v -0.66182974 33.59197425 -21.69661493
v 2.80692789 33.93653965 -21.63237548
v 3.48510477 32.81221211 -20.91684490
v 3.78309367 32.92850693 -21.17160566
v -1.97143820 32.58452034 -21.63944008
v -1.16393545 33.10427287 -21.46172105
v -2.28316763 32.99344060 -21.78818282
v -0.79754904 32.16185198 -21.01851411
v 0.34570811 32.57950031 -20.97156288
v -1.54098776 32.49641616 -21.20628882
v -3.00551107 33.98304166 -22.23775268
v -2.39510610 33.80462070 -21.86632321
v -2.24231985 34.45952790 -22.07265266
v 0.05318186 31.97255910 -20.86787931
v 1.38801310 31.68909662 -20.56711327
v 0.16436503 33.33532913 -21.16786733
v 0.34570811 32.57950031 -20.97156288
v 1.74780772 32.60127463 -20.77330544
v -1.65405538 32.55339249 -21.12721778
v -1.54098776 32.49641616 -21.20628882
v -1.16393545 33.10427287 -21.46172105
v -0.97192648 33.03466996 -21.12465439
v 0.16436503 33.33532913 -21.16786733
v -0.84699514 33.00640300 -21.42474899
v -1.16393545 33.10427287 -21.46172105
v -0.97192648 33.03466996 -21.12465439
v -0.84699514 33.00640300 -21.42474899
v -1.16393545 33.10427287 -21.46172105
v -1.54098776 32.49641616 -21.20628882
v -0.97192648 33.03466996 -21.12465439
v -0.66182974 33.59197425 -21.69661493
v 0.20565531 33.54711339 -21.80241936
v 0.48714182 34.18145846 -21.68565921
v -0.66182974 33.59197425 -21.69661493
v 0.20565531 33.54711339 -21.80241936
v 0.48243449 33.34743693 -21.47641530
v 0.16436503 33.33532913 -21.16786733
v 1.60323832 33.47207074 -21.32494132
v 0.16436503 33.33532913 -21.16786733
v 1.74780772 32.60127463 -20.77330544
v 1.60323832 33.47207074 -21.32494132
v 4.39896128 33.29168132 -21.42781605
v 3.78309367 32.92850693 -21.17160566
v 4.66682932 32.52413380 -20.92456580
v 3.68087504 32.15852560 -20.80775971
v 4.13886759 31.36752523 -20.83398944
v 4.66682932 32.52413380 -20.92456580
v 3.48510477 32.81221211 -20.91684490
v 2.30243418 31.52536216 -20.73485311
v 3.25663492 31.40833488 -20.71643574
v -1.61032369 34.13905517 -22.13625125
v -1.10382345 33.78598215 -21.53684018
v -0.88615682 34.19001190 -22.09303836
v 1.37069437 34.49643791 -22.31833443
v 0.20565531 33.54711339 -21.80241936
v 1.72352335 33.66475101 -21.89528437
v 3.48510477 32.81221211 -20.91684490
v 3.68087504 32.15852560 -20.80775971
v 3.94064829 32.76698508 -20.75015788
v 1.74780772 32.60127463 -20.77330544
v 2.30243418 31.52536216 -20.73485311
v 2.58247874 32.72318473 -20.76756815
v 4.39896128 33.29168132 -21.42781605
v 4.66682932 32.52413380 -20.92456580
v 5.05567667 33.13205153 -21.22682725
v 3.78309367 32.92850693 -21.17160566
v 4.39896128 33.29168132 -21.42781605
v 3.80599711 33.93493753 -21.28655028
v 2.80692789 33.93653965 -21.63237548
v 3.35019419 34.75958334 -22.43796338
v 3.00890848 34.98514643 -22.19141191
v 8.05150435 31.66123219 -20.43150841
v 9.20738051 31.62384819 -20.24199424
v 7.97833845 32.05699937 -20.65045684
v 5.46253035 33.42057230 -21.53052298
v 7.16481612 32.57456983 -20.84084083
v 6.88985274 33.81336971 -21.85555051
v 6.88985274 33.81336971 -21.85555051
v 8.92532942 33.77872465 -21.72975705
v 8.93279097 34.93506699 -22.78867142
v 6.88985274 33.81336971 -21.85555051
v 6.57963393 34.60585867 -22.44679820
v 1.37069437 34.49643791 -22.31833443
v -1.83282736 33.33249854 -21.66780629
v -1.16393545 33.10427287 -21.46172105
v -1.60649374 33.80398747 -21.81195615
v -2.49971273 33.13200566 -21.82426988
v -1.83282736 33.33249854 -21.66780629
v -1.60649374 33.80398747 -21.81195615
v 3.25663492 31.40833488 -20.71643574
v 4.13886759 31.36752523 -20.83398944
v 4.60722086 33.78418162 -21.48988888
v 4.39896128 33.29168132 -21.42781605
v 5.05567667 33.13205153 -21.22682725
v 4.60722086 33.78418162 -21.48988888
v 4.84722636 33.99651429 -21.79234863
v 5.05567667 33.13205153 -21.22682725
v 4.66682932 32.52413380 -20.92456580
v 5.71101210 32.66049393 -21.15936807
v 7.97833845 32.05699937 -20.65045684
v 9.01455519 32.15132160 -20.49199433
v 8.94998762 33.15040598 -21.03412401
v 5.46253035 33.42057230 -21.53052298
v 5.71101210 32.66049393 -21.15936807
v 7.16481612 32.57456983 -20.84084083
v 6.12169478 34.15758602 -22.08049563
v 5.46253035 33.42057230 -21.53052298
v 4.13886759 31.36752523 -20.83398944
v 4.79407999 31.40598504 -20.63329059
v 5.52672407 31.52384393 -20.63766989
v 1.38801310 31.68909662 -20.56711327
v 1.74780772 32.60127463 -20.77330544
v 5.84554884 31.46393790 -20.75920613
v 4.13886759 31.36752523 -20.83398944
v 5.52672407 31.52384393 -20.63766989
v 7.16481612 32.57456983 -20.84084083
v 5.84554884 31.46393790 -20.75920613
v 7.41517470 31.50311297 -20.56604513
v 5.13957045 34.79773796 -22.33241834
v 5.38610670 34.22463314 -22.10715275
v 6.12169478 34.15758602 -22.08049563
v 5.46253035 33.42057230 -21.53052298
v 5.71101210 32.66049393 -21.15936807
v 4.11621592 34.00231262 -21.85153748
v 4.56342051 34.43781366 -22.25337776
v 2.80692789 33.93653965 -21.63237548
v 3.80599711 33.93493753 -21.28655028
v 3.11451456 33.81957430 -21.94649289
v 2.36443064 34.09269053 -21.23811891
v 2.58247874 32.72318473 -20.76756815
v 3.48510477 32.81221211 -20.91684490
v -1.10382345 33.78598215 -21.53684018
v -0.88615682 34.19001190 -22.09303836
v -0.66182974 33.59197425 -21.69661493
v 0.48714182 34.18145846 -21.68565921
v 4.84722636 33.99651429 -21.79234863
v 5.46253035 33.42057230 -21.53052298
v 0.20565531 33.54711339 -21.80241936
v 1.37069437 34.49643791 -22.31833443
v 0.48714182 34.18145846 -21.68565921
v -2.49971273 33.13200566 -21.82426988
v -1.83282736 33.33249854 -21.66780629
v -0.97192648 33.03466996 -21.12465439
v 0.34570811 32.57950031 -20.97156288
v -1.61032369 34.13905517 -22.13625125
v -1.60649374 33.80398747 -21.81195615
v 3.11451456 33.81957430 -21.94649289
v 4.11621592 34.00231262 -21.85153748
v 2.80692789 33.93653965 -21.63237548
v 3.11451456 33.81957430 -21.94649289
v -3.78402975 34.22590050 -22.52409916
v -3.48170736 34.50345785 -22.66950021
v -3.77550008 34.39743221 -22.37262519
v -3.38795736 33.93030730 -22.17305541
v -3.00551107 33.98304166 -22.23775268
v -3.34831503 34.01577942 -22.11562134
v -3.78402975 34.22590050 -22.52409916
v -3.34831503 34.01577942 -22.11562134
v -3.48170736 34.50345785 -22.66950021
v -3.38795736 33.93030730 -22.17305541
v -2.92137411 33.48949620 -21.79457633
v -3.00551107 33.98304166 -22.23775268
v -3.34831503 34.01577942 -22.11562134
v -3.00551107 33.98304166 -22.23775268
v -2.80403402 34.71965973 -22.07907666
v -0.84699514 33.00640300 -21.42474899
v -1.16393545 33.10427287 -21.46172105
v 7.97833845 32.05699937 -20.65045684
v 8.94998762 33.15040598 -21.03412401
v 7.41517470 31.50311297 -20.56604513
v 8.05150435 31.66123219 -20.43150841
v 9.20738051 31.62384819 -20.24199424
v 5.38610670 34.22463314 -22.10715275
v -2.24231985 34.45952790 -22.07265266
v -0.88615682 34.19001190 -22.09303836
v -2.39510610 33.80462070 -21.86632321
v -2.92137411 33.48949620 -21.79457633
v -3.00551107 33.98304166 -22.23775268
v 0.05318186 31.97255910 -20.86787931
v -0.79754904 32.16185198 -21.01851411
v -1.30794027 32.28034410 -21.08157870
v -0.79754904 32.16185198 -21.01851411
v -1.54098776 32.49641616 -21.20628882
v 0.34570811 32.57950031 -20.97156288
v -0.97192648 33.03466996 -21.12465439
v 4.56342051 34.43781366 -22.25337776
v 4.84722636 33.99651429 -21.79234863
v -1.65405538 32.55339249 -21.12721778
v -1.97143820 32.58452034 -21.63944008
v 0.16436503 33.33532913 -21.16786733
v 0.48243449 33.34743693 -21.47641530
v -0.84699514 33.00640300 -21.42474899
v 2.36443064 34.09269053 -21.23811891
v 1.60323832 33.47207074 -21.32494132
v 2.58247874 32.72318473 -20.76756815
v -2.28316763 32.99344060 -21.78818282
v -1.16393545 33.10427287 -21.46172105
v -2.49971273 33.13200566 -21.82426988
v -0.84699514 33.00640300 -21.42474899
v -0.66182974 33.59197425 -21.69661493
v -2.73897054 33.36057472 -21.64311757
v -2.39510610 33.80462070 -21.86632321
v -2.92137411 33.48949620 -21.79457633
v -2.73897054 33.36057472 -21.64311757
v -2.49971273 33.13200566 -21.82426988
v -2.39510610 33.80462070 -21.86632321
v 0.20565531 33.54711339 -21.80241936
v 0.48243449 33.34743693 -21.47641530
v 3.48510477 32.81221211 -20.91684490
v 3.68087504 32.15852560 -20.80775971
v 2.58247874 32.72318473 -20.76756815
v 3.78309367 32.92850693 -21.17160566
v 3.94064829 32.76698508 -20.75015788
v 4.66682932 32.52413380 -20.92456580
v 3.68087504 32.15852560 -20.80775971
v 4.66682932 32.52413380 -20.92456580
v 3.94064829 32.76698508 -20.75015788
v 3.48510477 32.81221211 -20.91684490
v 3.94064829 32.76698508 -20.75015788
v 3.78309367 32.92850693 -21.17160566
v 1.60323832 33.47207074 -21.32494132
v 1.74780772 32.60127463 -20.77330544
v 2.58247874 32.72318473 -20.76756815
v 3.80599711 33.93493753 -21.28655028
v 4.39896128 33.29168132 -21.42781605
v 4.11621592 34.00231262 -21.85153748
v 4.60722086 33.78418162 -21.48988888
v 4.11621592 34.00231262 -21.85153748
v 4.39896128 33.29168132 -21.42781605
v 4.60722086 33.78418162 -21.48988888
v 4.11621592 34.00231262 -21.85153748
v 3.11451456 33.81957430 -21.94649289
v 1.60323832 33.47207074 -21.32494132
v 2.36443064 34.09269053 -21.23811891
v 1.72352335 33.66475101 -21.89528437
v 5.46253035 33.42057230 -21.53052298
v 8.94998762 33.15040598 -21.03412401
v 8.92532942 33.77872465 -21.72975705
v 6.88985274 33.81336971 -21.85555051
v 7.16481612 32.57456983 -20.84084083
v 8.92532942 33.77872465 -21.72975705
v 7.41047499 34.93238145 -22.75653641
v 6.88985274 33.81336971 -21.85555051
v 8.93279097 34.93506699 -22.78867142
v 6.57963393 34.60585867 -22.44679820
v 7.41047499 34.93238145 -22.75653641
v 4.13886759 31.36752523 -20.83398944
v 5.84554884 31.46393790 -20.75920613
v 4.66682932 32.52413380 -20.92456580
v 5.71101210 32.66049393 -21.15936807
v 5.84554884 31.46393790 -20.75920613
v 7.16481612 32.57456983 -20.84084083
v 5.46253035 33.42057230 -21.53052298
v 4.66682932 32.52413380 -20.92456580
v 5.84554884 31.46393790 -20.75920613
v 1.72352335 33.66475101 -21.89528437
v 2.36443064 34.09269053 -21.23811891
v 2.18540690 34.14759152 -22.06250552
vt 1.26392198 -0.11975515
vt 1.27633691 -0.13305688
vt 1.26813269 -0.13817430
vt 1.16327298 -0.13903570
vt 1.19323123 -0.14288163
vt 1.17882562 -0.14120913
vt 1.26392198 -0.11975515
vt 1.27961528 -0.11192310
vt 1.27633691 -0.13305688
vt 1.25067127 -0.12180293
vt 1.26392198 -0.11975515
vt 1.25226259 -0.13290215
vt 1.24159122 -0.13492858
vt 1.23888063 -0.14330626
vt 1.22670150 -0.14338970
vt 1.29956162 -0.09740961
vt 1.31529355 -0.09403884
vt 1.30851841 -0.11270690
vt 1.23826373 -0.11447704
vt 1.25067127 -0.12180293
vt 1.24159122 -0.13492858
vt 1.21457219 -0.12715650
vt 1.22670150 -0.14338970
vt 1.21413326 -0.14295149
vt 1.21457219 -0.12715650
vt 1.21413326 -0.14295149
vt 1.20084238 -0.14296615
vt 1.19873154 -0.11548197
vt 1.19323123 -0.14288163
vt 1.17807972 -0.11031055
vt 1.21457219 -0.12715650
vt 1.20084238 -0.14296615
vt 1.23948896 -0.10327172
vt 1.25160170 -0.10943139
vt 1.25160170 -0.10943139
vt 1.26392198 -0.11975515
vt 1.25160170 -0.10943139
vt 1.25067127 -0.12180293
vt 1.23826373 -0.11447704
vt 1.29544711 -0.12086678
vt 1.29072642 -0.12398434
vt 1.28622055 -0.12676418
vt 1.24159122 -0.13492858
vt 1.24940598 -0.14344728
vt 1.23888063 -0.14330626
vt 1.31529355 -0.09403884
vt 1.31245160 -0.10572779
vt 1.25226259 -0.13290215
vt 1.24159122 -0.13492858
vt 1.25067127 -0.12180293
vt 1.22006512 -0.11172497
vt 1.23826373 -0.11447704
vt 1.24159122 -0.13492858
vt 1.25226259 -0.13290215
vt 1.24940598 -0.14344728
vt 1.24159122 -0.13492858
vt 1.26813269 -0.13817430
vt 1.26195836 -0.14226007
vt 1.24940598 -0.14344728
vt 1.22006512 -0.11172497
vt 1.23948896 -0.10327172
vt 1.17807972 -0.11031055
vt 1.19323123 -0.14288163
vt 1.16327298 -0.13903570
vt 1.15082741 -0.13597882
vt 1.14751697 -0.13669896
vt 1.14273763 -0.13611138
vt 1.24159122 -0.13492858
vt 1.21457219 -0.12715650
vt 1.27961528 -0.11192310
vt 1.29956162 -0.09740961
vt 1.29544711 -0.12086678
vt 1.25226259 -0.13290215
vt 1.26813269 -0.13817430
vt 1.24940598 -0.14344728
vt 1.21413326 -0.14295149
vt 1.21042120 -0.14341223
vt 1.20084238 -0.14296615
vt 1.26392198 -0.11975515
vt 1.26813269 -0.13817430
vt 1.27961528 -0.11192310
vt 1.28622055 -0.12676418
vt 1.27961528 -0.11192310
vt 1.28622055 -0.12676418
vt 1.29956162 -0.09740961
vt 1.30310583 -0.11610997
vt 1.29544711 -0.12086678
vt 1.29956162 -0.09740961
vt 1.30851841 -0.11270690
vt 1.30310583 -0.11610997
vt 1.22006512 -0.11172497
vt 1.24159122 -0.13492858
vt 1.21457219 -0.12715650
vt 1.19873154 -0.11548197
vt 1.21457219 -0.12715650
vt 1.25458479 0.08315015
vt 1.25744390 0.06374478
vt 1.23424292 0.07591498
vt 1.20071578 0.01859236
vt 1.22112727 0.02377522
vt 1.22816288 0.01369625
vt 1.27486801 -0.08985209
vt 1.28543305 -0.08005965
vt 1.27961528 -0.11192310
vt 1.26282120 -0.07468081
vt 1.28543305 -0.08005965
vt 1.27486801 -0.08985209
vt 1.20286345 0.04711777
vt 1.23138702 0.03814745
vt 1.20470786 0.03020906
vt 1.23424292 0.07591498
vt 1.20991182 0.07294625
vt 1.21853220 0.09896743
vt 1.23138702 0.03814745
vt 1.22816288 0.01369625
vt 1.22112727 0.02377522
vt 1.20824409 -0.05687928
vt 1.21447062 -0.05196440
vt 1.22484243 -0.06661272
vt 1.26990831 0.00201869
vt 1.27014768 -0.01666427
vt 1.24636602 -0.01713109
vt 1.21447062 -0.05196440
vt 1.22668076 -0.04307079
vt 1.22484243 -0.06661272
vt 1.22816288 0.01369625
vt 1.24515128 0.02931547
vt 1.26990831 0.00201869
vt 1.25999713 0.09033942
vt 1.23424292 0.07591498
vt 1.23535883 0.09762108
vt 1.25417519 0.04524171
vt 1.27624631 0.03520620
vt 1.27956033 0.01791310
vt 1.24515128 0.02931547
vt 1.25417519 0.04524171
vt 1.27956033 0.01791310
vt 1.18171954 0.03698695
vt 1.20286345 0.04711777
vt 1.18943667 0.03123605
vt 1.27981520 0.05240285
vt 1.28510261 0.06795633
vt 1.30678844 0.05230892
vt 1.24110067 0.11675501
vt 1.25158000 0.10989267
vt 1.24170649 0.10948539
vt 1.20824409 -0.05687928
vt 1.22484243 -0.06661272
vt 1.21636975 -0.07378185
vt 1.31167841 -0.01336145
vt 1.32496893 -0.01262724
vt 1.30535710 -0.03157496
vt 1.30238545 -0.04371870
vt 1.33584523 -0.01218975
vt 1.33091867 -0.02466321
vt 1.32496893 -0.01262724
vt 1.30535710 -0.03157496
vt 1.33091867 -0.02466321
vt 1.33201301 -0.02731824
vt 1.32916856 -0.03874469
vt 1.27828228 -0.03020716
vt 1.30238545 -0.04371870
vt 1.25979614 -0.05898905
vt 1.23424292 0.07591498
vt 1.22897840 0.05782425
vt 1.20991182 0.07294625
vt 1.22514915 0.12727505
vt 1.24170649 0.10948539
vt 1.23535883 0.09762108
vt 1.23424292 0.07591498
vt 1.24449635 0.05642468
vt 1.22897840 0.05782425
vt 1.25999713 0.09033942
vt 1.27976704 0.08630431
vt 1.26950693 0.06914747
vt 1.25781941 0.10518706
vt 1.26271248 0.10101724
vt 1.24170649 0.10948539
vt 1.24170649 0.10948539
vt 1.23535883 0.09762108
vt 1.26950693 0.06914747
vt 1.25744390 0.06374478
vt 1.25458479 0.08315015
vt 1.26950693 0.06914747
vt 1.25458479 0.08315015
vt 1.25158000 0.10989267
vt 1.25781941 0.10518706
vt 1.24170649 0.10948539
vt 1.25979614 -0.05898905
vt 1.30238545 -0.04371870
vt 1.28228080 -0.06009066
vt 1.27828228 -0.03020716
vt 1.30153894 -0.02031231
vt 1.30238545 -0.04371870
vt 1.29206920 -0.01090991
vt 1.30153894 -0.02031231
vt 1.27828228 -0.03020716
vt 1.26008320 -0.09385514
vt 1.27486801 -0.08985209
vt 1.27961528 -0.11192310
vt 1.21853220 0.09896743
vt 1.23535883 0.09762108
vt 1.23424292 0.07591498
vt 1.26282120 -0.07468081
vt 1.27486801 -0.08985209
vt 1.26008320 -0.09385514
vt 1.26271248 0.10101724
vt 1.26941538 0.09524745
vt 1.25999713 0.09033942
vt 1.21949375 0.13095713
vt 1.23535883 0.09762108
vt 1.21853220 0.09896743
vt 1.22484243 -0.06661272
vt 1.24578476 -0.07264733
vt 1.23948896 -0.10327172
vt 1.26941538 0.09524745
vt 1.27976704 0.08630431
vt 1.25999713 0.09033942
vt 1.30153894 -0.02031231
vt 1.31167841 -0.01336145
vt 1.30535710 -0.03157496
vt 1.22514915 0.12727505
vt 1.21949375 0.13095713
vt 1.27976704 0.08630431
vt 1.28535223 0.08149713
vt 1.28510261 0.06795633
vt 1.28228080 -0.06009066
vt 1.30238545 -0.04371870
vt 1.29703999 -0.06730533
vt 1.20470786 0.03020906
vt 1.23138702 0.03814745
vt 1.22112727 0.02377522
vt 1.20286345 0.04711777
vt 1.22897840 0.05782425
vt 1.23138702 0.03814745
vt 1.29884696 0.03077221
vt 1.32317173 0.01328903
vt 1.29761624 0.00616372
vt 1.21712089 -0.08922887
vt 1.22484243 -0.06661272
vt 1.23948896 -0.10327172
vt 1.21200013 -0.02186263
vt 1.22668076 -0.04307079
vt 1.21447062 -0.05196440
vt 1.25160170 -0.10943139
vt 1.26008320 -0.09385514
vt 1.28543305 -0.08005965
vt 1.30124831 -0.08169556
vt 1.29956162 -0.09740961
vt 1.24578476 -0.07264733
vt 1.25979614 -0.05898905
vt 1.26282120 -0.07468081
vt 1.20295548 -0.00458550
vt 1.22816288 0.01369625
vt 1.23185468 -0.00425792
vt 1.29956162 -0.09740961
vt 1.31813395 -0.08291435
vt 1.31529355 -0.09403884
vt 1.26950693 0.06914747
vt 1.28510261 0.06795633
vt 1.27981520 0.05240285
vt 1.26282120 -0.07468081
vt 1.28228080 -0.06009066
vt 1.28543305 -0.08005965
vt 1.27624631 0.03520620
vt 1.27981520 0.05240285
vt 1.29884696 0.03077221
vt 1.24515128 0.02931547
vt 1.27956033 0.01791310
vt 1.26990831 0.00201869
vt 1.23138702 0.03814745
vt 1.25417519 0.04524171
vt 1.24515128 0.02931547
vt 1.18380260 0.10254133
vt 1.20679057 0.11893380
vt 1.19924927 0.09955668
vt 1.23185468 -0.00425792
vt 1.26990831 0.00201869
vt 1.24636602 -0.01713109
vt 1.21712089 -0.08922887
vt 1.22006512 -0.11172497
vt 1.20734549 -0.10695076
vt 1.19806910 -0.09705079
vt 1.21712089 -0.08922887
vt 1.21200013 -0.02186263
vt 1.23185468 -0.00425792
vt 1.23894632 -0.02369678
vt 1.23894632 -0.02369678
vt 1.25483847 -0.03677785
vt 1.22668076 -0.04307079
vt 1.29206920 -0.01090991
vt 1.27828228 -0.03020716
vt 1.27014768 -0.01666427
vt 1.24449635 0.05642468
vt 1.25744390 0.06374478
vt 1.25417519 0.04524171
vt 1.17057621 0.13001788
vt 1.20679057 0.11893380
vt 1.18380260 0.10254133
vt 1.27956033 0.01791310
vt 1.29884696 0.03077221
vt 1.29761624 0.00616372
vt 1.19924927 0.09955668
vt 1.20991182 0.07294625
vt 1.18469691 0.07653892
vt 1.22897840 0.05782425
vt 1.23138702 0.03814745
vt 1.22897840 0.05782425
vt 1.24449635 0.05642468
vt 1.25417519 0.04524171
vt 1.20470786 0.03020906
vt 1.22112727 0.02377522
vt 1.20071578 0.01859236
vt 1.29761624 0.00616372
vt 1.30153894 -0.02031231
vt 1.29206920 -0.01090991
vt 1.19545078 0.14610887
vt 1.21073091 0.13552678
vt 1.18863261 0.15003836
vt 1.20071578 0.01859236
vt 1.22816288 0.01369625
vt 1.20295548 -0.00458550
vt 1.30124831 -0.08169556
vt 1.31813395 -0.08291435
vt 1.29703999 -0.06730533
vt 1.32351327 -0.06089044
vt 1.30124831 -0.08169556
vt 1.19529819 -0.02356732
vt 1.20295548 -0.00458550
vt 1.21200013 -0.02186263
vt 1.18943667 0.03123605
vt 1.20470786 0.03020906
vt 1.20071578 0.01859236
vt 1.17966926 0.05219382
vt 1.20991182 0.07294625
vt 1.20286345 0.04711777
vt 1.28228080 -0.06009066
vt 1.29703999 -0.06730533
vt 1.28543305 -0.08005965
vt 1.28543305 -0.08005965
vt 1.27961528 -0.11192310
vt 1.17966926 0.05219382
vt 1.19687903 0.07010823
vt 1.20991182 0.07294625
vt 1.19924927 0.09955668
vt 1.21853220 0.09896743
vt 1.20991182 0.07294625
vt 1.22668076 -0.04307079
vt 1.25483847 -0.03677785
vt 1.25979614 -0.05898905
vt 1.17966926 0.05219382
vt 1.18171954 0.03698695
vt 1.18469691 0.07653892
vt 1.20991182 0.07294625
vt 1.19687903 0.07010823
vt 1.22484243 -0.06661272
vt 1.23937058 -0.06160665
vt 1.19806910 -0.09705079
vt 1.21636975 -0.07378185
vt 1.21712089 -0.08922887
vt 1.20194733 -0.03439093
vt 1.21200013 -0.02186263
vt 1.21447062 -0.05196440
vt 1.19529819 -0.02356732
vt 1.21200013 -0.02186263
vt 1.20194733 -0.03439093
vt 1.23424292 0.07591498
vt 1.25744390 0.06374478
vt 1.24449635 0.05642468
vt 1.23185468 -0.00425792
vt 1.21200013 -0.02186263
vt 1.21200013 -0.02186263
vt 1.23894632 -0.02369678
vt 1.22668076 -0.04307079
vt 1.24170649 0.10948539
vt 1.23221707 0.12260091
vt 1.23221707 0.12260091
vt 1.20991182 0.07294625
vt 1.22897840 0.05782425
vt 1.28510261 0.06795633
vt 1.29995239 0.06690228
vt 1.22816288 0.01369625
vt 1.26990831 0.00201869
vt 1.23185468 -0.00425792
vt 1.30678844 0.05230892
vt 1.32083821 0.02117014
vt 1.29884696 0.03077221
vt 1.21949375 0.13095713
vt 1.20679057 0.11893380
vt 1.21073091 0.13552678
vt 1.26950693 0.06914747
vt 1.25744390 0.06374478
vt 1.32317173 0.01328903
vt 1.31167841 -0.01336145
vt 1.29761624 0.00616372
vt 1.32083821 0.02117014
vt 1.32317173 0.01328903
vt 1.29884696 0.03077221
vt 1.29884696 0.03077221
vt 1.27981520 0.05240285
vt 1.27956033 0.01791310
vt 1.29761624 0.00616372
vt 1.29206920 -0.01090991
vt 1.25417519 0.04524171
vt 1.27981520 0.05240285
vt 1.27624631 0.03520620
vt 1.26990831 0.00201869
vt 1.29206920 -0.01090991
vt 1.27014768 -0.01666427
vt 1.24636602 -0.01713109
vt 1.27014768 -0.01666427
vt 1.23894632 -0.02369678
vt 1.23138702 0.03814745
vt 1.24515128 0.02931547
vt 1.22816288 0.01369625
vt 1.23185468 -0.00425792
vt 1.24636602 -0.01713109
vt 1.23894632 -0.02369678
vt 1.21073091 0.13552678
vt 1.20679057 0.11893380
vt 1.17057621 0.13001788
vt 1.20679057 0.11893380
vt 1.21853220 0.09896743
vt 1.19924927 0.09955668
vt 1.18943667 0.03123605
vt 1.20286345 0.04711777
vt 1.27976704 0.08630431
vt 1.28510261 0.06795633
vt 1.26950693 0.06914747
vt 1.26282120 -0.07468081
vt 1.25483847 -0.03677785
vt 1.27828228 -0.03020716
vt 1.25979614 -0.05898905
vt 1.25160170 -0.10943139
vt 1.23948896 -0.10327172
vt 1.21949375 0.13095713
vt 1.21853220 0.09896743
vt 1.20679057 0.11893380
vt 1.24578476 -0.07264733
vt 1.26282120 -0.07468081
vt 1.26008320 -0.09385514
vt 1.33091867 -0.02466321
vt 1.32351327 -0.06089044
vt 1.32351327 -0.06089044
vt 1.32009888 -0.07468557
vt 1.31813395 -0.08291435
vt 1.30124831 -0.08169556
vt 1.32351327 -0.06089044
vt 1.31813395 -0.08291435
vt 1.24578476 -0.07264733
vt 1.23948896 -0.10327172
vt 1.18380260 0.10254133
vt 1.19924927 0.09955668
vt 1.18469691 0.07653892
vt 1.23937058 -0.06160665
vt 1.24578476 -0.07264733
vt 1.18863261 0.15003836
vt 1.21073091 0.13552678
vt 1.17057621 0.13001788
vt 1.22006512 -0.11172497
vt 1.20734549 -0.10695076
vt 1.20194733 -0.03439093
vt 1.21447062 -0.05196440
vt 1.17327130 0.15964359
vt 1.18863261 0.15003836
vt 1.23948896 -0.10327172
vt 1.22006512 -0.11172497
vt 1.21712089 -0.08922887
vt 1.26990831 0.00201869
vt 1.27956033 0.01791310
vt 1.29206920 -0.01090991
vt 1.21636975 -0.07378185
vt 1.22484243 -0.06661272
vt 1.21712089 -0.08922887
vt 1.29884696 0.03077221
vt 1.27956033 0.01791310
vt 1.27624631 0.03520620
vt 1.23937058 -0.06160665
vt 1.22668076 -0.04307079
vt 1.25979614 -0.05898905
vt 1.23894632 -0.02369678
vt 1.18035936 0.15541422
vt 1.18863261 0.15003836
vt 1.17327130 0.15964359
vt 1.25483847 -0.03677785
vt 1.27014768 -0.01666427
vt 1.27828228 -0.03020716
vt 1.22668076 -0.04307079
vt 1.23937058 -0.06160665
vt 1.22484243 -0.06661272
vt 1.33091867 -0.02466321
vt 1.32916856 -0.03874469
vt 1.32351327 -0.06089044
vt 1.31167841 -0.01336145
vt 1.30153894 -0.02031231
vt 1.30678844 0.05230892
vt 1.31032836 0.04449099
vt 1.32083821 0.02117014
vt 1.30238545 -0.04371870
vt 1.32351327 -0.06089044
vt 1.29703999 -0.06730533
vt 1.32317173 0.01328903
vt 1.32496893 -0.01262724
vt 1.31167841 -0.01336145
vt 1.32496893 -0.01262724
vt 1.33584523 -0.01218975
vt 1.30238545 -0.04371870
vt 1.32925344 0.00253665
vt 1.32496893 -0.01262724
vt 1.32317173 0.01328903
vt 1.29703999 -0.06730533
vt 1.30124831 -0.08169556
vt 1.28543305 -0.08005965
vt 1.25744390 0.06374478
vt 1.27981520 0.05240285
vt 1.25417519 0.04524171
vt 1.26271248 0.10101724
vt 1.25999713 0.09033942
vt 1.24170649 0.10948539
vt 1.25999713 0.09033942
vt 1.25458479 0.08315015
vt 1.23424292 0.07591498
vt 1.30153894 -0.02031231
vt 1.30535710 -0.03157496
vt 1.28535223 0.08149713
vt 1.29995239 0.06690228
vt 1.28510261 0.06795633
vt 1.32496893 -0.01262724
vt 1.32925344 0.00253665
vt 1.19545078 0.14610887
vt 1.20764899 0.13866997
vt 1.21073091 0.13552678
vt 0.99939007 0.02567375
vt 0.99786115 0.03909469
vt 1.01148498 0.02641177
vt 0.98234320 0.01345396
vt 0.99939007 0.02567375
vt 1.00060689 0.01055062
vt 0.97947389 0.03206575
vt 0.98861659 0.02671623
vt 0.98234320 0.01345396
vt 1.09512305 0.07347703
vt 1.10846019 0.07756490
vt 1.10790324 0.06671327
vt 1.05526590 0.11379546
vt 1.07902443 0.10076779
vt 1.06015277 0.09486175
vt 1.04481244 0.15360785
vt 1.06441247 0.15617120
vt 1.05232215 0.13960814
vt 1.17327130 0.15964359
vt 1.15407634 0.14776468
vt 1.09512305 0.07347703
vt 1.10128021 0.10268307
vt 1.10588205 0.09869987
vt 1.04481244 0.15360785
vt 1.05385280 0.15734440
vt 1.06441247 0.15617120
vt 1.05618215 0.17627645
vt 1.05824518 0.16658849
vt 1.04727829 0.17520201
vt 1.06863177 0.17250156
vt 1.06744659 0.16560066
vt 1.05824518 0.16658849
vt 1.00609541 -0.00265336
vt 1.01211512 0.00750601
vt 1.02125418 -0.01072741
vt 1.06536579 0.05282539
vt 1.09512305 0.07347703
vt 1.09828603 0.05462444
vt 1.16534531 -0.00565720
vt 1.17736888 -0.01897049
vt 1.15991926 -0.02256846
vt 1.15653157 0.07399094
vt 1.16098833 0.08946317
vt 1.18469691 0.07653892
vt 1.14080822 0.05026519
vt 1.15653157 0.07399094
vt 1.16625166 0.05328512
vt 1.10128939 0.16238737
vt 1.11977506 0.15994132
vt 1.10148680 0.15272009
vt 1.02466500 0.00981283
vt 1.03563595 0.01166016
vt 1.03885710 -0.00284600
vt 1.13065529 0.14303422
vt 1.13066292 0.15456462
vt 1.14096427 0.15071511
vt 1.14029408 0.06200731
vt 1.14902449 0.07702672
vt 1.14080822 0.05026519
vt 1.07072031 0.17681009
vt 1.07419157 0.17691720
vt 1.06863177 0.17250156
vt 0.97465014 0.14608705
vt 0.98595691 0.15427226
vt 0.99269032 0.15057993
vt 1.08045244 0.17721307
vt 1.08490777 0.17698240
vt 1.07419157 0.17691720
vt 1.03927779 0.08641541
vt 1.06015277 0.09486175
vt 1.05401945 0.08362460
vt 1.01053667 -0.07013130
vt 1.02354717 -0.05804038
vt 1.02185822 -0.09456396
vt 1.14902449 0.07702672
vt 1.16098833 0.08946317
vt 1.15653157 0.07399094
vt 1.12450671 0.02032578
vt 1.13992262 0.01810777
vt 1.13729370 0.00025374
vt 1.13992262 0.01810777
vt 1.15208578 0.02861893
vt 1.14816439 -0.00508690
vt 1.14816439 -0.00508690
vt 1.16305566 0.01181710
vt 1.16534531 -0.00565720
vt 1.11977506 0.15994132
vt 1.13066292 0.15456462
vt 1.13065529 0.14303422
vt 1.09512305 0.07347703
vt 1.10588205 0.09869987
vt 1.10846019 0.07756490
vt 1.04062510 0.03803700
vt 1.03937137 0.05992436
vt 1.05020380 0.04533744
vt 1.04069018 0.10650641
vt 1.06015277 0.09486175
vt 1.07155561 0.02735806
vt 1.07812417 0.03679168
vt 1.08887696 0.03760087
vt 1.05164552 0.02034819
vt 1.05925083 0.01260978
vt 1.04321432 0.01731086
vt 1.14635682 0.16015404
vt 1.14997077 0.16994238
vt 1.15449083 0.16813624
vt 1.04501176 -0.01089787
vt 1.04750609 -0.02021420
vt 1.03848004 -0.02792752
vt 1.07984269 0.00885487
vt 1.10717952 0.01243049
vt 1.09115124 -0.01251233
vt 1.05925083 0.01260978
vt 1.06650162 0.02127022
vt 1.12072289 0.09938967
vt 1.14049160 0.09504336
vt 1.12315464 0.08301347
vt 1.11613894 0.11192966
vt 1.13557422 0.11075103
vt 1.12072289 0.09938967
vt 1.10846019 0.07756490
vt 1.12315464 0.08301347
vt 1.12479889 0.07259518
vt 1.10846019 0.07756490
vt 1.12479889 0.07259518
vt 1.10790324 0.06671327
vt 1.12072289 0.09938967
vt 1.12315464 0.08301347
vt 1.10846019 0.07756490
vt 1.10588205 0.09869987
vt 1.12072289 0.09938967
vt 1.10846019 0.07756490
vt 1.12479889 0.07259518
vt 1.14082897 0.08118284
vt 1.14029408 0.06200731
vt 1.18492103 -0.00045133
vt 1.19529819 -0.02356732
vt 1.15991926 -0.02256846
vt 1.17736888 -0.01897049
vt 1.17175293 -0.04633141
vt 1.16534531 -0.00565720
vt 1.17504334 0.00775909
vt 1.17736888 -0.01897049
vt 1.14478421 -0.02786911
vt 1.15991926 -0.02256846
vt 1.14985442 -0.04378319
vt 1.14816439 -0.00508690
vt 1.15991926 -0.02256846
vt 1.14478421 -0.02786911
vt 1.13729370 0.00025374
vt 1.14816439 -0.00508690
vt 1.14478421 -0.02786911
vt 0.99705458 0.17803836
vt 1.00362241 0.17743921
vt 0.99115676 0.17175055
vt 1.07902443 0.10076779
vt 1.10128021 0.10268307
vt 1.06647527 0.08785027
vt 0.99060023 0.17978746
vt 0.99705458 0.17803836
vt 0.98644346 0.18119538
vt 1.06015277 0.09486175
vt 1.07902443 0.10076779
vt 1.06647527 0.08785027
vt 1.10243583 0.12179387
vt 1.12392569 0.12988234
vt 1.11613894 0.11192966
vt 0.97833365 0.18385893
vt 0.98313165 0.17136246
vt 0.97013152 0.17365205
vt 1.00368345 -0.05403078
vt 1.00926042 -0.03948069
vt 1.01476312 -0.04723334
vt 1.16005015 0.15937698
vt 1.16201568 0.16483277
vt 1.16753280 0.16242170
vt 1.18469691 0.07653892
vt 1.16625166 0.05328512
vt 1.01294041 -0.02377510
vt 1.02125418 -0.01072741
vt 1.03354502 -0.03508472
vt 1.14082897 0.08118284
vt 1.14902449 0.07702672
vt 1.14029408 0.06200731
vt 1.01476312 -0.04723334
vt 1.03354502 -0.03508472
vt 1.02125418 -0.01072741
vt 1.03848004 -0.02792752
vt 1.03354502 -0.03508472
vt 1.09618962 0.17788059
vt 1.09978211 0.17773545
vt 1.08490777 0.17698240
vt 1.01476312 -0.04723334
vt 1.01053667 -0.07013130
vt 1.06744659 0.16560066
vt 1.08017826 0.16398156
vt 1.07694149 0.15485597
vt 1.00060689 0.01055062
vt 1.01148498 0.02641177
vt 1.01211512 0.00750601
vt 1.00237930 0.07971394
vt 1.03510177 0.09834790
vt 1.01580286 0.07331157
vt 1.12072289 0.09938967
vt 1.13557422 0.11075103
vt 1.14049160 0.09504336
vt 1.00926042 -0.03948069
vt 1.03354502 -0.03508472
vt 1.01476312 -0.04723334
vt 1.00609541 -0.00265336
vt 1.02125418 -0.01072741
vt 1.01294041 -0.02377510
vt 0.99530220 -0.04140496
vt 1.00926042 -0.03948069
vt 1.00368345 -0.05403078
vt 1.18943667 0.03123605
vt 1.18492103 -0.00045133
vt 1.17504334 0.00775909
vt 1.12669039 -0.05477691
vt 1.14985442 -0.04378319
vt 1.13269067 -0.06284368
vt 1.18171954 0.03698695
vt 1.18943667 0.03123605
vt 1.05735683 0.00056118
vt 1.07880282 -0.00304294
vt 1.05950069 -0.01465797
vt 1.14635682 0.16015404
vt 1.14712691 0.17108798
vt 1.14997077 0.16994238
vt 1.01294041 -0.02377510
vt 1.00926042 -0.03948069
vt 0.99530220 -0.04140496
vt 1.07155561 0.02735806
vt 1.08465612 0.02014148
vt 1.09975243 0.03538394
vt 1.12267089 0.03577065
vt 1.09827423 0.02013731
vt 0.97411704 0.13181460
vt 0.99269032 0.15057993
vt 0.98539025 0.12922329
vt 0.98644346 0.18119538
vt 0.99705458 0.17803836
vt 0.99115676 0.17175055
vt 1.00143099 0.17776048
vt 1.00362241 0.17743921
vt 0.99705458 0.17803836
vt 0.96998161 0.04493076
vt 0.99259990 0.05852741
vt 0.97947389 0.03206575
vt 1.00609541 -0.00265336
vt 0.99603212 -0.00488341
vt 1.08490777 0.17698240
vt 1.08017826 0.16398156
vt 1.08843958 0.17755044
vt 1.09618962 0.17788059
vt 0.96881211 0.06726778
vt 0.98521018 0.07705176
vt 0.99259990 0.05852741
vt 0.98521018 0.07705176
vt 1.00413799 0.09527028
vt 1.00237930 0.07971394
vt 1.13066292 0.15456462
vt 1.14635682 0.16015404
vt 1.14096427 0.15071511
vt 1.06863177 0.17250156
vt 1.08490777 0.17698240
vt 1.11977506 0.15994132
vt 1.13065529 0.14303422
vt 1.10547519 0.13494390
vt 1.02125418 -0.01072741
vt 1.04501176 -0.01089787
vt 1.03848004 -0.02792752
vt 1.00362241 0.17743921
vt 1.00936079 0.16633838
vt 0.99115676 0.17175055
vt 1.00362241 0.17743921
vt 1.01471853 0.17621458
vt 1.00936079 0.16633838
vt 1.00413799 0.09527028
vt 1.00966370 0.11680686
vt 1.02007532 0.10390532
vt 1.01052058 0.05781794
vt 1.01580286 0.07331157
vt 1.03937137 0.05992436
vt 0.97013152 0.17365205
vt 0.98313165 0.17136246
vt 0.96412933 0.16455507
vt 1.06647527 0.08785027
vt 1.08813417 0.08164167
vt 1.06040835 0.07040906
vt 0.96277392 0.18248808
vt 0.97013152 0.17365205
vt 0.96412933 0.16455507
vt 1.11731255 -0.03844976
vt 1.14478421 -0.02786911
vt 1.12669039 -0.05477691
vt 1.18943667 0.03123605
vt 1.17504334 0.00775909
vt 1.03937137 0.05992436
vt 1.02734470 0.05002379
vt 1.01568222 0.04686457
vt 1.18943667 0.03123605
vt 1.20071578 0.01859236
vt 1.18492103 -0.00045133
vt 1.06441247 0.15617120
vt 1.06744659 0.16560066
vt 1.07694149 0.15485597
vt 1.06863177 0.17250156
vt 1.06744659 0.16560066
vt 1.02644873 0.17520535
vt 1.03820622 0.17560840
vt 1.03174078 0.16013569
vt 1.06441247 0.15617120
vt 1.07694149 0.15485597
vt 1.06685650 0.14874005
vt 1.14985442 -0.04378319
vt 1.15495539 -0.05846310
vt 1.13269067 -0.06284368
vt 0.96277392 0.18248808
vt 0.96412933 0.16455507
vt 0.95463169 0.17167234
vt 0.98234320 0.01345396
vt 0.98861659 0.02671623
vt 0.99939007 0.02567375
vt 1.10148680 0.15272009
vt 1.11977506 0.15994132
vt 1.10547519 0.13494390
vt 1.13065529 0.14303422
vt 1.14096427 0.15071511
vt 1.14848411 0.13136160
vt 1.03228295 0.14395916
vt 1.04481244 0.15360785
vt 1.03581166 0.12768006
vt 1.07259333 0.13499570
vt 1.10148680 0.15272009
vt 1.10547519 0.13494390
vt 1.14635682 0.16015404
vt 1.15859425 0.16631770
vt 1.16005015 0.15937698
vt 1.01147056 0.13945889
vt 1.03581166 0.12768006
vt 1.00966370 0.11680686
vt 1.08017826 0.16398156
vt 1.09978211 0.17773545
vt 1.10128939 0.16238737
vt 1.01580286 0.07331157
vt 1.03510177 0.09834790
vt 1.03927779 0.08641541
vt 1.05526590 0.11379546
vt 1.08012307 0.12029767
vt 1.07902443 0.10076779
vt 1.03655410 0.07492959
vt 1.03927779 0.08641541
vt 1.06565070 0.03605604
vt 1.06650162 0.02127022
vt 1.05164552 0.02034819
vt 1.09827423 0.02013731
vt 1.10717952 0.01243049
vt 1.02644873 0.17520535
vt 1.03174078 0.16013569
vt 1.00936079 0.16633838
vt 1.08490777 0.17698240
vt 1.08017826 0.16398156
vt 1.06863177 0.17250156
vt 1.04750609 -0.02021420
vt 1.04501176 -0.01089787
vt 1.05950069 -0.01465797
vt 1.07072031 0.17681009
vt 1.06863177 0.17250156
vt 1.06319547 0.17653167
vt 1.09833491 -0.02643943
vt 1.10870945 -0.01584101
vt 1.11121607 -0.02838111
vt 1.14635682 0.16015404
vt 1.15449083 0.16813624
vt 1.15859425 0.16631770
vt 1.06441247 0.15617120
vt 1.05824518 0.16658849
vt 1.14635682 0.16015404
vt 1.16005015 0.15937698
vt 1.15859425 0.16631770
vt 1.16201568 0.16483277
vt 1.01148498 0.02641177
vt 1.01568222 0.04686457
vt 1.03271914 0.02539694
vt 1.14029408 0.06200731
vt 1.11412895 0.04559237
vt 1.10128021 0.10268307
vt 1.10243583 0.12179387
vt 1.11613894 0.11192966
vt 1.11412895 0.04559237
vt 1.12267089 0.03577065
vt 1.12267089 0.03577065
vt 1.13992262 0.01810777
vt 1.12450671 0.02032578
vt 1.10547519 0.13494390
vt 1.13065529 0.14303422
vt 1.12392569 0.12988234
vt 1.03510177 0.09834790
vt 1.04069018 0.10650641
vt 1.03927779 0.08641541
vt 1.07902443 0.10076779
vt 1.10243583 0.12179387
vt 1.10128021 0.10268307
vt 1.18469691 0.07653892
vt 1.19687903 0.07010823
vt 1.17966926 0.05219382
vt 1.03655410 0.07492959
vt 1.03937137 0.05992436
vt 1.09828603 0.05462444
vt 1.11412895 0.04559237
vt 1.09975243 0.03538394
vt 1.02734470 0.05002379
vt 1.03271914 0.02539694
vt 1.07088900 -0.04393148
vt 1.09692514 -0.05025613
vt 1.06379509 -0.06174052
vt 1.09828603 0.05462444
vt 1.10790324 0.06671327
vt 1.11412895 0.04559237
vt 1.11121607 -0.02838111
vt 1.10870945 -0.01584101
vt 1.11731255 -0.03844976
vt 1.09833491 -0.02643943
vt 1.11121607 -0.02838111
vt 1.11731255 -0.03844976
vt 1.14635682 0.16015404
vt 1.13351047 0.17332679
vt 1.14712691 0.17108798
vt 1.14080822 0.05026519
vt 1.19529819 -0.02356732
vt 1.20194733 -0.03439093
vt 1.17175293 -0.04633141
vt 1.13992262 0.01810777
vt 1.14816439 -0.00508690
vt 1.15407634 0.14776468
vt 1.14096427 0.15071511
vt 1.14635682 0.16015404
vt 1.12479889 0.07259518
vt 1.14029408 0.06200731
vt 1.11412895 0.04559237
vt 1.15646231 0.11236918
vt 1.18380260 0.10254133
vt 1.16098833 0.08946317
vt 1.13066292 0.15456462
vt 1.13351047 0.17332679
vt 1.14635682 0.16015404
vt 1.06379509 -0.06174052
vt 1.09692514 -0.05025613
vt 1.08085728 -0.06873035
vt 1.06319547 0.17653167
vt 1.05824518 0.16658849
vt 1.05618215 0.17627645
vt 1.09978211 0.17773545
vt 1.10753930 0.17705345
vt 1.06319547 0.17653167
vt 1.06863177 0.17250156
vt 1.10128021 0.10268307
vt 1.17736888 -0.01897049
vt 1.19529819 -0.02356732
vt 1.17175293 -0.04633141
vt 1.17504334 0.00775909
vt 1.18492103 -0.00045133
vt 1.01813900 0.17573690
vt 1.02644873 0.17520535
vt 1.00936079 0.16633838
vt 1.12392569 0.12988234
vt 1.11613894 0.11192966
vt 1.04727829 0.17520201
vt 1.05824518 0.16658849
vt 1.04481244 0.15360785
vt 1.11977506 0.15994132
vt 1.10753930 0.17705345
vt 1.11783040 0.17534888
vt 1.08012307 0.12029767
vt 1.07902443 0.10076779
vt 1.00954938 0.17682433
vt 1.01471853 0.17621458
vt 1.00362241 0.17743921
vt 1.07259333 0.13499570
vt 1.03581166 0.12768006
vt 1.03354502 -0.03508472
vt 1.07088900 -0.04393148
vt 1.03827024 -0.06636941
vt 0.99115676 0.17175055
vt 1.00936079 0.16633838
vt 0.98702800 0.16294754
vt 0.98702800 0.16294754
vt 0.98313165 0.17136246
vt 0.98644346 0.18119538
vt 0.99115676 0.17175055
vt 0.98644346 0.18119538
vt 0.98313165 0.17136246
vt 0.97833365 0.18385893
vt 0.98313165 0.17136246
vt 0.98702800 0.16294754
vt 0.96412933 0.16455507
vt 0.97793901 -0.00260615
vt 0.98234320 0.01345396
vt 1.00060689 0.01055062
vt 1.06647527 0.08785027
vt 1.10128021 0.10268307
vt 1.08813417 0.08164167
vt 0.98077381 -0.02178669
vt 0.99603212 -0.00488341
vt 0.99880350 -0.01967382
vt 0.96412933 0.16455507
vt 0.98595691 0.15427226
vt 0.97465014 0.14608705
vt 0.96487838 0.18826264
vt 0.96277392 0.18248808
vt 0.95465845 0.19158000
vt 1.12392569 0.12988234
vt 1.14848411 0.13136160
vt 1.13557422 0.11075103
vt 1.05020380 0.04533744
vt 1.06536579 0.05282539
vt 1.05576622 0.03769153
vt 1.10870945 -0.01584101
vt 1.13729370 0.00025374
vt 1.14478421 -0.02786911
vt 1.04062510 0.03803700
vt 1.05576622 0.03769153
vt 1.05164552 0.02034819
vt 1.10717952 0.01243049
vt 1.12450671 0.02032578
vt 1.13729370 0.00025374
vt 1.03827024 -0.06636941
vt 1.07088900 -0.04393148
vt 1.06379509 -0.06174052
vt 1.03271914 0.02539694
vt 1.04321432 0.01731086
vt 1.03563595 0.01166016
vt 1.02734470 0.05002379
vt 1.00936079 0.16633838
vt 0.99269032 0.15057993
vt 0.98702800 0.16294754
vt 1.07237411 -0.02902985
vt 1.08705163 -0.03390312
vt 1.07088900 -0.04393148
vt 1.03563595 0.01166016
vt 1.04321432 0.01731086
vt 1.05735683 0.00056118
vt 1.05925083 0.01260978
vt 1.05735683 0.00056118
vt 1.02136528 0.15215194
vt 1.03174078 0.16013569
vt 1.03228295 0.14395916
vt 1.08887696 0.03760087
vt 1.09975243 0.03538394
vt 1.09827423 0.02013731
vt 1.07880282 -0.00304294
vt 1.09115124 -0.01251233
vt 1.07996535 -0.01151764
vt 1.12267089 0.03577065
vt 1.15208578 0.02861893
vt 1.13992262 0.01810777
vt 1.04501176 -0.01089787
vt 1.05950069 -0.01465797
vt 1.07984269 0.00885487
vt 1.09115124 -0.01251233
vt 1.07880282 -0.00304294
vt 1.02136528 0.15215194
vt 1.01147056 0.13945889
vt 1.02087176 0.17552644
vt 1.02644873 0.17520535
vt 1.01813900 0.17573690
vt 1.04062510 0.03803700
vt 1.04321432 0.01731086
vt 1.03271914 0.02539694
vt 1.07088900 -0.04393148
vt 1.08705163 -0.03390312
vt 1.09692514 -0.05025613
vt 1.04750609 -0.02021420
vt 1.07282090 -0.01906538
vt 1.03581166 0.12768006
vt 1.04481244 0.15360785
vt 1.05232215 0.13960814
vt 1.07282090 -0.01906538
vt 1.08705163 -0.03390312
vt 1.04062510 0.03803700
vt 1.05020380 0.04533744
vt 1.05576622 0.03769153
vt 1.06536579 0.05282539
vt 1.06040835 0.07040906
vt 1.09512305 0.07347703
vt 1.10547519 0.13494390
vt 1.07694149 0.15485597
vt 1.08017826 0.16398156
vt 1.10148680 0.15272009
vt 1.17504334 0.00775909
vt 1.16534531 -0.00565720
vt 1.16098833 0.08946317
vt 1.18380260 0.10254133
vt 1.18469691 0.07653892
vt 1.08017826 0.16398156
vt 1.10128939 0.16238737
vt 1.10148680 0.15272009
vt 1.07694149 0.15485597
vt 1.10148680 0.15272009
vt 1.07259333 0.13499570
vt 1.02125418 -0.01072741
vt 1.03885710 -0.00284600
vt 1.04501176 -0.01089787
vt 1.06565070 0.03605604
vt 1.07155561 0.02735806
vt 1.06650162 0.02127022
vt 0.99552917 -0.06313396
vt 1.00368345 -0.05403078
vt 1.01053667 -0.07013130
vt 1.12267089 0.03577065
vt 1.14080822 0.05026519
vt 1.15208578 0.02861893
vt 0.97668195 -0.04506874
vt 0.98701161 -0.02886462
vt 0.99530220 -0.04140496
vt 0.98701161 -0.02886462
vt 0.99880350 -0.01967382
vt 0.99530220 -0.04140496
vt 1.06685650 0.14874005
vt 1.07694149 0.15485597
vt 1.02354717 -0.05804038
vt 1.03827024 -0.06636941
vt 1.03316331 -0.08197010
vt 1.04069018 0.10650641
vt 1.06015277 0.09486175
vt 1.03927779 0.08641541
vt 1.09115124 -0.01251233
vt 1.09833491 -0.02643943
vt 1.01148498 0.02641177
vt 1.03271914 0.02539694
vt 1.02466500 0.00981283
vt 1.03581166 0.12768006
vt 1.05526590 0.11379546
vt 1.04069018 0.10650641
vt 1.07259333 0.13499570
vt 1.03927779 0.08641541
vt 1.03655410 0.07492959
vt 1.01580286 0.07331157
vt 1.07996535 -0.01151764
vt 1.09115124 -0.01251233
vt 1.07282090 -0.01906538
vt 1.04750609 -0.02021420
vt 1.03848004 -0.02792752
vt 1.05950069 -0.01465797
vt 1.07282090 -0.01906538
vt 1.04750609 -0.02021420
vt 1.02125418 -0.01072741
vt 1.02466500 0.00981283
vt 1.03885710 -0.00284600
vt 1.02007532 0.10390532
vt 1.04069018 0.10650641
vt 1.03510177 0.09834790
vt 1.14816439 -0.00508690
vt 1.15208578 0.02861893
vt 1.16625166 0.05328512
vt 1.18469691 0.07653892
vt 1.03885710 -0.00284600
vt 1.05735683 0.00056118
vt 1.04501176 -0.01089787
vt 0.99269032 0.15057993
vt 1.02136528 0.15215194
vt 1.01147056 0.13945889
vt 1.03563595 0.01166016
vt 1.05735683 0.00056118
vt 1.03885710 -0.00284600
vt 1.00208628 0.13182628
vt 1.00966370 0.11680686
vt 0.99143964 0.11083734
vt 0.99269032 0.15057993
vt 1.01147056 0.13945889
vt 1.00208628 0.13182628
vt 1.16824460 0.04132521
vt 1.17966926 0.05219382
vt 1.18171954 0.03698695
vt 0.97793901 -0.00260615
vt 1.00060689 0.01055062
vt 0.99603212 -0.00488341
vt 1.15646231 0.11236918
vt 1.17057621 0.13001788
vt 1.18380260 0.10254133
vt 0.96795630 0.11696762
vt 0.99143964 0.11083734
vt 0.97458613 0.10076606
vt 1.03848004 -0.02792752
vt 1.07088900 -0.04393148
vt 0.95743090 0.12706345
vt 0.98539025 0.12922329
vt 0.96795630 0.11696762
vt 1.05925083 0.01260978
vt 1.07880282 -0.00304294
vt 0.99143964 0.11083734
vt 0.97458613 0.10076606
vt 0.97458613 0.10076606
vt 0.98521018 0.07705176
vt 0.96881211 0.06726778
vt 1.12315464 0.08301347
vt 1.14082897 0.08118284
vt 1.12479889 0.07259518
vt 1.11323965 -0.05146849
vt 1.12669039 -0.05477691
vt 1.10907662 -0.06345212
vt 1.07282090 -0.01906538
vt 1.07880282 -0.00304294
vt 1.07996535 -0.01151764
vt 1.09692514 -0.05025613
vt 1.10907662 -0.06345212
vt 1.08085728 -0.06873035
vt 1.06015277 0.09486175
vt 1.05401945 0.08362460
vt 1.11783040 0.17534888
vt 1.13351047 0.17332679
vt 1.11977506 0.15994132
vt 1.13351047 0.17332679
vt 1.13066292 0.15456462
vt 1.10128939 0.16238737
vt 1.10753930 0.17705345
vt 1.09833491 -0.02643943
vt 1.11731255 -0.03844976
vt 1.09692514 -0.05025613
vt 1.18492103 -0.00045133
vt 1.20071578 0.01859236
vt 1.20295548 -0.00458550
vt 1.05950069 -0.01465797
vt 1.07880282 -0.00304294
vt 1.07282090 -0.01906538
vt 1.14902449 0.07702672
vt 1.14049160 0.09504336
vt 1.16098833 0.08946317
vt 1.07155561 0.02735806
vt 1.08887696 0.03760087
vt 1.06650162 0.02127022
vt 1.07155561 0.02735806
vt 1.07282090 -0.01906538
vt 1.09115124 -0.01251233
vt 1.07282090 -0.01906538
vt 1.09833491 -0.02643943
vt 1.08887696 0.03760087
vt 1.09827423 0.02013731
vt 1.09833491 -0.02643943
vt 1.09975243 0.03538394
vt 1.12267089 0.03577065
vt 1.09827423 0.02013731
vt 1.12267089 0.03577065
vt 1.12450671 0.02032578
vt 1.08887696 0.03760087
vt 1.09828603 0.05462444
vt 1.09975243 0.03538394
vt 1.04062510 0.03803700
vt 1.05164552 0.02034819
vt 1.12669039 -0.05477691
vt 1.14478421 -0.02786911
vt 1.14985442 -0.04378319
vt 1.03655410 0.07492959
vt 1.05401945 0.08362460
vt 1.06040835 0.07040906
vt 1.03937137 0.05992436
vt 1.06536579 0.05282539
vt 1.05020380 0.04533744
vt 1.16005015 0.15937698
vt 1.16753280 0.16242170
vt 1.17327130 0.15964359
vt 1.18492103 -0.00045133
vt 1.20295548 -0.00458550
vt 1.19529819 -0.02356732
vt 0.99780148 -0.13661647
vt 1.02975404 -0.13181067
vt 1.00948954 -0.14029264
vt 1.03715205 -0.13827813
vt 1.02315903 -0.13949788
vt 1.02975404 -0.13181067
vt 1.05532825 -0.13686991
vt 1.04639745 -0.13772655
vt 1.03715205 -0.13827813
vt 1.05532825 -0.13686991
vt 1.03715205 -0.13827813
vt 1.02975404 -0.13181067
vt 0.99780148 -0.13661647
vt 0.99280691 -0.13987541
vt 0.99128556 -0.13961840
vt 1.00250566 -0.10284948
vt 1.03284097 -0.11511266
vt 1.01883698 -0.11832309
vt 1.02185822 -0.09456396
vt 1.04389763 -0.10420847
vt 1.03284097 -0.11511266
vt 1.02185822 -0.09456396
vt 1.03316331 -0.08197010
vt 1.04105139 -0.08989155
vt 1.01883698 -0.11832309
vt 1.16824460 0.04132521
vt 1.18171954 0.03698695
vt 1.03284097 -0.11511266
vt 1.05227482 -0.11691833
vt 0.99617344 -0.08055747
vt 1.02185822 -0.09456396
vt 1.00250566 -0.10284948
vt 1.03284097 -0.11511266
vt 1.01883698 -0.11832309
vt 1.00481188 -0.11170936
vt 0.99181622 -0.13066196
vt 0.98965234 -0.11235356
vt 1.02975404 -0.13181067
vt 1.02315903 -0.13949788
vt 1.00948954 -0.14029264
vt 1.09827423 0.02013731
vt 1.12450671 0.02032578
vt 1.10717952 0.01243049
vt 1.03284097 -0.11511266
vt 1.04389763 -0.10420847
vt 1.05227482 -0.11691833
vt 0.99880350 -0.01967382
vt 1.00224829 -0.01100278
vt 1.01294041 -0.02377510
vt 1.04105139 -0.08989155
vt 1.04389763 -0.10420847
vt 1.00481188 -0.11170936
vt 1.00250566 -0.10284948
vt 1.01883698 -0.11832309
vt 1.00250566 -0.10284948
vt 1.00481188 -0.11170936
vt 0.98965234 -0.11235356
vt 1.00224829 -0.01100278
vt 1.00609541 -0.00265336
vt 1.01294041 -0.02377510
vt 0.96881211 0.06726778
vt 0.99259990 0.05852741
vt 0.96998161 0.04493076
vt 1.00237930 0.07971394
vt 1.01580286 0.07331157
vt 0.99259990 0.05852741
vt 1.10717952 0.01243049
vt 1.13729370 0.00025374
vt 1.10870945 -0.01584101
vt 1.03354502 -0.03508472
vt 1.03848004 -0.02792752
vt 1.07088900 -0.04393148
vt 1.02975404 -0.13181067
vt 1.05227482 -0.11691833
vt 1.05532825 -0.13686991
vt 1.00948954 -0.14029264
vt 1.02315903 -0.13949788
vt 1.01809132 -0.13992500
vt 0.99617344 -0.08055747
vt 0.99552917 -0.06313396
vt 1.01053667 -0.07013130
vt 1.02354717 -0.05804038
vt 1.03354502 -0.03508472
vt 1.03827024 -0.06636941
vt 1.01052058 0.05781794
vt 1.03937137 0.05992436
vt 1.01568222 0.04686457
vt 1.00250566 -0.10284948
vt 1.02185822 -0.09456396
vt 1.03316331 -0.08197010
vt 1.03827024 -0.06636941
vt 1.04105139 -0.08989155
vt 1.03937137 0.05992436
vt 1.06040835 0.07040906
vt 1.06536579 0.05282539
vt 1.14816439 -0.00508690
vt 1.16534531 -0.00565720
vt 1.15991926 -0.02256846
vt 1.14985442 -0.04378319
vt 1.15991926 -0.02256846
vt 1.17175293 -0.04633141
vt 1.11323965 -0.05146849
vt 1.10907662 -0.06345212
vt 1.14985442 -0.04378319
vt 1.17175293 -0.04633141
vt 1.15495539 -0.05846310
vt 1.06536579 0.05282539
vt 1.09828603 0.05462444
vt 1.08887696 0.03760087
vt 1.05232215 0.13960814
vt 1.06685650 0.14874005
vt 1.07259333 0.13499570
vt 1.06536579 0.05282539
vt 1.06565070 0.03605604
vt 1.05576622 0.03769153
vt 1.01883698 -0.11832309
vt 0.99780148 -0.13661647
vt 1.00481188 -0.11170936
vt 0.99780148 -0.13661647
vt 0.99181622 -0.13066196
vt 1.05385280 0.15734440
vt 1.05824518 0.16658849
vt 1.06441247 0.15617120
vt 1.06565070 0.03605604
vt 1.06536579 0.05282539
vt 1.07812417 0.03679168
vt 1.05526590 0.11379546
vt 1.08012307 0.12029767
vt 0.96795630 0.11696762
vt 0.98539025 0.12922329
vt 0.99143964 0.11083734
vt 1.00948954 -0.14029264
vt 1.00056338 -0.14117920
vt 0.99780148 -0.13661647
vt 1.00056338 -0.14117920
vt 0.99485946 -0.14022243
vt 0.99280691 -0.13987541
vt 0.99780148 -0.13661647
vt 0.99485946 -0.14022243
vt 1.09824812 -0.11264586
vt 1.10591614 -0.13508117
vt 1.09208775 -0.13542366
vt 1.04105139 -0.08989155
vt 1.06379509 -0.06174052
vt 1.04389763 -0.10420847
vt 1.07158446 -0.08534837
vt 1.06300426 -0.10077906
vt 1.14080822 0.05026519
vt 1.16625166 0.05328512
vt 1.15208578 0.02861893
vt 1.15208578 0.02861893
vt 1.08085728 -0.06873035
vt 1.07158446 -0.08534837
vt 1.14820445 -0.12190723
vt 1.15082741 -0.13597882
vt 1.14273763 -0.13611138
vt 1.08085728 -0.06873035
vt 1.09966648 -0.08060825
vt 1.10907662 -0.06345212
vt 1.11731255 -0.03844976
vt 1.11323965 -0.05146849
vt 1.09692514 -0.05025613
vt 1.10870945 -0.01584101
vt 1.14478421 -0.02786911
vt 1.11731255 -0.03844976
vt 1.13269067 -0.06284368
vt 1.13103485 -0.08102572
vt 1.11235929 -0.07530093
vt 1.06300426 -0.10077906
vt 1.06790411 -0.11996174
vt 1.12972975 -0.12004983
vt 1.14820445 -0.12190723
vt 1.14273763 -0.13611138
vt 1.15519333 -0.08357775
vt 1.18642378 -0.08863902
vt 1.16697288 -0.10035348
vt 1.16180968 -0.07037413
vt 1.17306817 -0.06705558
vt 1.15519333 -0.08357775
vt 1.09115124 -0.01251233
vt 1.08465612 0.02014148
vt 1.09827423 0.02013731
vt 1.18642378 -0.08863902
vt 1.19873154 -0.11548197
vt 1.17807972 -0.11031055
vt 1.10588205 0.09869987
vt 1.10128021 0.10268307
vt 1.12072289 0.09938967
vt 1.03271914 0.02539694
vt 1.03563595 0.01166016
vt 1.02466500 0.00981283
vt 1.08012307 0.12029767
vt 1.10243583 0.12179387
vt 1.00966370 0.11680686
vt 1.03581166 0.12768006
vt 1.02007532 0.10390532
vt 1.01211512 0.00750601
vt 1.02466500 0.00981283
vt 1.02125418 -0.01072741
vt 1.06536579 0.05282539
vt 1.08887696 0.03760087
vt 1.07812417 0.03679168
vt 1.06647527 0.08785027
vt 1.06040835 0.07040906
vt 1.05401945 0.08362460
vt 0.99786115 0.03909469
vt 1.01052058 0.05781794
vt 1.01568222 0.04686457
vt 1.05824518 0.16658849
vt 1.05385280 0.15734440
vt 1.04481244 0.15360785
vt 1.03174078 0.16013569
vt 1.04481244 0.15360785
vt 1.00413799 0.09527028
vt 1.02007532 0.10390532
vt 1.03510177 0.09834790
vt 1.01053667 -0.07013130
vt 1.02185822 -0.09456396
vt 0.99617344 -0.08055747
vt 1.14049160 0.09504336
vt 1.14902449 0.07702672
vt 1.14082897 0.08118284
vt 1.17175293 -0.04633141
vt 1.17306817 -0.06705558
vt 1.16180968 -0.07037413
vt 1.13103485 -0.08102572
vt 1.15519333 -0.08357775
vt 1.14959800 -0.10371125
vt 1.06040835 0.07040906
vt 1.03937137 0.05992436
vt 1.14049160 0.09504336
vt 1.15646231 0.11236918
vt 1.03174078 0.16013569
vt 1.04727829 0.17520201
vt 1.04481244 0.15360785
vt 1.06433833 -0.12848079
vt 1.07546818 -0.13459253
vt 1.07080889 -0.13584971
vt 1.03174078 0.16013569
vt 1.03820622 0.17560840
vt 1.04727829 0.17520201
vt 0.99603212 -0.00488341
vt 1.00224829 -0.01100278
vt 0.99880350 -0.01967382
vt 1.14049160 0.09504336
vt 1.14082897 0.08118284
vt 1.14820445 -0.12190723
vt 1.16327298 -0.13903570
vt 1.15082741 -0.13597882
vt 1.15519333 -0.08357775
vt 1.17306817 -0.06705558
vt 1.18642378 -0.08863902
vt 1.15208578 0.02861893
vt 1.16824460 0.04132521
vt 1.01471853 0.17621458
vt 1.01813900 0.17573690
vt 1.00936079 0.16633838
vt 1.10547519 0.13494390
vt 1.12392569 0.12988234
vt 1.10243583 0.12179387
vt 1.01147056 0.13945889
vt 1.03228295 0.14395916
vt 1.09238493 -0.10052228
vt 1.12020838 -0.10956740
vt 1.09824812 -0.11264586
vt 1.07158446 -0.08534837
vt 1.08473217 -0.09081101
vt 1.06300426 -0.10077906
vt 1.08473217 -0.09081101
vt 1.14654088 -0.07078123
vt 1.15495539 -0.05846310
vt 1.15519333 -0.08357775
vt 1.05227482 -0.11691833
vt 1.06790411 -0.11996174
vt 1.06433833 -0.12848079
vt 1.04389763 -0.10420847
vt 1.06379509 -0.06174052
vt 1.07158446 -0.08534837
vt 1.03174078 0.16013569
vt 0.99880350 -0.01967382
vt 0.98701161 -0.02886462
vt 1.06102538 -0.13547873
vt 1.05532825 -0.13686991
vt 1.06433833 -0.12848079
vt 1.06790411 -0.11996174
vt 1.07546818 -0.13459253
vt 1.06433833 -0.12848079
vt 1.09966648 -0.08060825
vt 1.11235929 -0.07530093
vt 0.99939007 0.02567375
vt 1.12020838 -0.10956740
vt 1.10591614 -0.13508117
vt 1.09824812 -0.11264586
vt 1.08211815 -0.13578916
vt 1.07546818 -0.13459253
vt 1.18642378 -0.08863902
vt 1.19806910 -0.09705079
vt 1.19873154 -0.11548197
vt 1.06790411 -0.11996174
vt 1.06922054 -0.10593081
vt 1.08211815 -0.13578916
vt 1.09512305 0.07347703
vt 1.10790324 0.06671327
vt 1.09828603 0.05462444
vt 1.11594284 -0.13474917
vt 1.12972975 -0.12004983
vt 1.12891793 -0.13449776
vt 1.12020838 -0.10956740
vt 1.11594284 -0.13474917
vt 1.08473217 -0.09081101
vt 1.06922054 -0.10593081
vt 1.06300426 -0.10077906
vt 1.06922054 -0.10593081
vt 1.06790411 -0.11996174
vt 1.06300426 -0.10077906
vt 1.06433833 -0.12848079
vt 1.05532825 -0.13686991
vt 1.05227482 -0.11691833
vt 1.09238493 -0.10052228
vt 1.09824812 -0.11264586
vt 1.06922054 -0.10593081
vt 1.09824812 -0.11264586
vt 1.08211815 -0.13578916
vt 1.13557422 0.11075103
vt 1.14848411 0.13136160
vt 1.15646231 0.11236918
vt 1.15407634 0.14776468
vt 1.17057621 0.13001788
vt 1.14848411 0.13136160
vt 1.12020838 -0.10956740
vt 1.13103485 -0.08102572
vt 1.14959800 -0.10371125
vt 1.04389763 -0.10420847
vt 1.06300426 -0.10077906
vt 1.05227482 -0.11691833
vt 1.08085728 -0.06873035
vt 1.09966648 -0.08060825
vt 1.00208628 0.13182628
vt 1.01147056 0.13945889
vt 1.00966370 0.11680686
vt 1.00936079 0.16633838
vt 1.02136528 0.15215194
vt 0.98539025 0.12922329
vt 1.00208628 0.13182628
vt 0.99143964 0.11083734
vt 1.09238493 -0.10052228
vt 1.06922054 -0.10593081
vt 1.08211815 -0.13578916
vt 1.09824812 -0.11264586
vt 1.09208775 -0.13542366
vt 1.12020838 -0.10956740
vt 1.11594284 -0.13474917
vt 1.10591614 -0.13508117
vt 0.99269032 0.15057993
vt 1.00208628 0.13182628
vt 1.04105139 -0.08989155
vt 1.06379509 -0.06174052
vt 1.04389763 -0.10420847
vt 1.10232162 -0.09113467
vt 1.08473217 -0.09081101
vt 1.09966648 -0.08060825
vt 1.10232162 -0.09113467
vt 1.12020838 -0.10956740
vt 1.09238493 -0.10052228
vt 0.96001768 0.14754885
vt 0.97465014 0.14608705
vt 0.96518975 0.13797545
vt 0.96518975 0.13797545
vt 0.97465014 0.14608705
vt 0.97411704 0.13181460
vt 0.96518975 0.13797545
vt 0.97411704 0.13181460
vt 0.95743090 0.12706345
vt 1.09966648 -0.08060825
vt 1.11235929 -0.07530093
vt 1.10232162 -0.09113467
vt 1.10907662 -0.06345212
vt 1.13269067 -0.06284368
vt 1.11235929 -0.07530093
vt 0.97458613 0.10076606
vt 1.00413799 0.09527028
vt 0.98521018 0.07705176
vt 1.16625166 0.05328512
vt 1.17966926 0.05219382
vt 1.16824460 0.04132521
vt 1.00368345 -0.05403078
vt 0.97668195 -0.04506874
vt 0.96487838 0.18826264
vt 0.97013152 0.17365205
vt 0.96277392 0.18248808
vt 1.12020838 -0.10956740
vt 1.14959800 -0.10371125
vt 1.14820445 -0.12190723
vt 1.13269067 -0.06284368
vt 1.15495539 -0.05846310
vt 1.14654088 -0.07078123
vt 1.17306817 -0.06705558
vt 1.20824409 -0.05687928
vt 1.01294041 -0.02377510
vt 1.03354502 -0.03508472
vt 1.00926042 -0.03948069
vt 1.08813417 0.08164167
vt 1.09512305 0.07347703
vt 1.02007532 0.10390532
vt 1.03581166 0.12768006
vt 1.04069018 0.10650641
vt 1.10790324 0.06671327
vt 1.12479889 0.07259518
vt 1.11412895 0.04559237
vt 1.11235929 -0.07530093
vt 1.11632729 -0.09152079
vt 1.10232162 -0.09113467
vt 1.13557422 0.11075103
vt 1.15646231 0.11236918
vt 1.14049160 0.09504336
vt 1.14848411 0.13136160
vt 1.17057621 0.13001788
vt 1.17175293 -0.04633141
vt 1.20194733 -0.03439093
vt 1.20824409 -0.05687928
vt 0.97465014 0.14608705
vt 0.97411704 0.13181460
vt 0.96001768 0.14754885
vt 0.97465014 0.14608705
vt 1.10232162 -0.09113467
vt 1.11632729 -0.09152079
vt 1.12020838 -0.10956740
vt 1.03510177 0.09834790
vt 1.00237930 0.07971394
vt 1.11632729 -0.09152079
vt 1.13103485 -0.08102572
vt 1.12020838 -0.10956740
vt 1.01476312 -0.04723334
vt 1.01053667 -0.07013130
vt 1.13065529 0.14303422
vt 1.14848411 0.13136160
vt 1.06433833 -0.12848079
vt 1.07080889 -0.13584971
vt 1.06102538 -0.13547873
vt 1.01211512 0.00750601
vt 1.01148498 0.02641177
vt 1.02466500 0.00981283
vt 0.97793901 -0.00260615
vt 0.99603212 -0.00488341
vt 1.19873154 -0.11548197
vt 1.19806910 -0.09705079
vt 1.20734549 -0.10695076
vt 0.96487838 0.18826264
vt 0.97833365 0.18385893
vt 0.97013152 0.17365205
vt 0.98702800 0.16294754
vt 0.99269032 0.15057993
vt 0.98595691 0.15427226
vt 1.08473217 -0.09081101
vt 1.09238493 -0.10052228
vt 1.00060689 0.01055062
vt 1.01211512 0.00750601
vt 0.99603212 -0.00488341
vt 0.97947389 0.03206575
vt 0.99786115 0.03909469
vt 1.11235929 -0.07530093
vt 1.13103485 -0.08102572
vt 1.11632729 -0.09152079
vt 1.14848411 0.13136160
vt 0.96412933 0.16455507
vt 0.98702800 0.16294754
vt 0.98595691 0.15427226
vt 0.98521018 0.07705176
vt 0.99259990 0.05852741
vt 0.99259990 0.05852741
vt 1.10128021 0.10268307
vt 1.09512305 0.07347703
vt 1.08813417 0.08164167
vt 1.02354717 -0.05804038
vt 1.03316331 -0.08197010
vt 1.02185822 -0.09456396
vt 0.99259990 0.05852741
vt 1.01052058 0.05781794
vt 0.99786115 0.03909469
vt 0.99259990 0.05852741
vt 0.99786115 0.03909469
vt 0.97947389 0.03206575
vt 1.02734470 0.05002379
vt 1.03937137 0.05992436
vt 1.04062510 0.03803700
vt 1.15495539 -0.05846310
vt 1.16180968 -0.07037413
vt 1.18642378 -0.08863902
vt 1.21636975 -0.07378185
vt 1.20734549 -0.10695076
vt 1.21457219 -0.12715650
vt 1.19873154 -0.11548197
vt 1.06441247 0.15617120
vt 1.06685650 0.14874005
vt 1.20824409 -0.05687928
vt 1.21636975 -0.07378185
vt 1.18642378 -0.08863902
vt 1.16697288 -0.10035348
vt 1.17807972 -0.11031055
vt 1.16327298 -0.13903570
vt 0.95743090 0.12706345
vt 0.97411704 0.13181460
vt 0.98539025 0.12922329
vt 0.97668195 -0.04506874
vt 0.99552917 -0.06313396
vt 1.16697288 -0.10035348
vt 1.16327298 -0.13903570
vt 1.14820445 -0.12190723
vt 0.99880350 -0.01967382
vt 1.01294041 -0.02377510
vt 0.99530220 -0.04140496
vt 1.16005015 0.15937698
vt 1.17327130 0.15964359
vt 1.15407634 0.14776468
vt 0.99786115 0.03909469
vt 1.01568222 0.04686457
vt 1.01148498 0.02641177
vt 1.05925083 0.01260978
vt 1.07880282 -0.00304294
vt 0.99603212 -0.00488341
vt 1.00224829 -0.01100278
vt 0.99939007 0.02567375
vt 0.98861659 0.02671623
vt 0.99786115 0.03909469
vt 0.99143964 0.11083734
vt 1.00966370 0.11680686
vt 1.00413799 0.09527028
vt 1.15495539 -0.05846310
vt 1.16180968 -0.07037413
vt 1.15519333 -0.08357775
vt 1.14654088 -0.07078123
vt 1.15519333 -0.08357775
vt 1.13103485 -0.08102572
vt 1.13269067 -0.06284368
vt 1.14654088 -0.07078123
vt 1.13103485 -0.08102572
vt 1.18642378 -0.08863902
vt 1.17807972 -0.11031055
vt 1.06565070 0.03605604
vt 1.07812417 0.03679168
vt 1.07155561 0.02735806
vt 1.05164552 0.02034819
vt 1.06650162 0.02127022
vt 1.05925083 0.01260978
vt 1.20824409 -0.05687928
vt 1.14959800 -0.10371125
vt 1.16697288 -0.10035348
vt 1.14820445 -0.12190723
vt 1.16697288 -0.10035348
vt 1.14959800 -0.10371125
vt 1.12972975 -0.12004983
vt 1.14273763 -0.13611138
vt 1.05576622 0.03769153
vt 1.06565070 0.03605604
vt 1.12020838 -0.10956740
vt 1.11731255 -0.03844976
vt 1.12669039 -0.05477691
vt 1.11323965 -0.05146849
vt 0.93728435 -0.02823591
vt 0.94796729 -0.01253200
vt 0.96594787 -0.01781654
vt 0.97793901 -0.00260615
vt 0.88939059 0.19891745
vt 0.86999005 0.20041031
vt 0.87620068 0.20870674
vt 0.96395946 -0.03635573
vt 0.97668195 -0.04506874
vt 0.98701161 -0.02886462
vt 0.96353114 -0.05781221
vt 0.97668195 -0.04506874
vt 0.97591043 -0.07481372
vt 0.94261712 0.02428269
vt 0.95807850 0.02960509
vt 0.94757867 0.01562917
vt 0.79551518 0.09836030
vt 0.80953127 0.10064036
vt 0.80135494 0.08100796
vt 0.76601589 0.12920499
vt 0.75454152 0.11595929
vt 0.75246167 0.12959242
vt 0.94204366 0.04980820
vt 0.95495826 0.04069608
vt 0.94602370 0.04111272
vt 0.82036191 0.12272388
vt 0.81202519 0.12899894
vt 0.81263947 0.13909322
vt 0.86429054 -0.08531475
vt 0.86926615 -0.10881698
vt 0.85608071 -0.10699582
vt 0.78852016 -0.02366996
vt 0.78764254 -0.03621185
vt 0.77450317 -0.02608478
vt 0.76601589 0.12920499
vt 0.75148654 0.14467108
vt 0.77450317 -0.02608478
vt 0.77980626 -0.01513338
vt 0.78852016 -0.02366996
vt 0.73694813 0.17580593
vt 0.75582886 0.16697651
vt 0.74238658 0.16524196
vt 0.75752944 0.15313607
vt 0.75148654 0.14467108
vt 0.74885428 0.15161085
vt 0.75582886 0.16697651
vt 0.77156961 0.15458059
vt 0.75752944 0.15313607
vt 0.77156961 0.15458059
vt 0.76601589 0.12920499
vt 0.75752944 0.15313607
vt 0.79488397 -0.05100393
vt 0.80859405 -0.05791235
vt 0.78532642 -0.06733942
vt 0.79285151 -0.08366919
vt 0.81568408 -0.08723164
vt 0.80337477 -0.09471869
vt 0.82646847 -0.04119730
vt 0.84637272 -0.03409767
vt 0.84156358 -0.04614544
vt 0.84637272 -0.03409767
vt 0.85499835 -0.04336298
vt 0.84156358 -0.04614544
vt 0.85499835 -0.04336298
vt 0.87830067 -0.02982402
vt 0.87988019 -0.04105330
vt 0.86570227 0.00679278
vt 0.85480946 0.00046301
vt 0.85474741 0.01458102
vt 0.88784713 -0.00781250
vt 0.91407031 0.00396883
vt 0.89680481 -0.00718057
vt 0.91204774 0.03049922
vt 0.94261712 0.02428269
vt 0.94708169 0.00402999
vt 0.91204774 0.03049922
vt 0.90512323 0.02905470
vt 0.89740384 0.04124886
vt 0.95495826 0.04069608
vt 0.94261712 0.02428269
vt 0.94602370 0.04111272
vt 0.95807850 0.02960509
vt 0.96998161 0.04493076
vt 0.97947389 0.03206575
vt 0.89117885 0.07292986
vt 0.90249133 0.06458485
vt 0.89788222 0.05451959
vt 0.85779667 0.21120101
vt 0.86999005 0.20041031
vt 0.85663432 0.19547987
vt 0.90297246 0.21812201
vt 0.89223176 0.21472412
vt 0.89078569 0.22474247
vt 0.92597008 0.20557404
vt 0.92880863 0.20404172
vt 0.91906810 0.20929396
vt 0.93458641 0.20092022
vt 0.91787308 0.19114196
vt 0.91618288 0.20102561
vt 0.85100770 -0.06443632
vt 0.86727452 -0.06026173
vt 0.85898733 -0.06837273
vt 0.97591043 -0.07481372
vt 0.99617344 -0.08055747
vt 0.87625939 -0.10968268
vt 0.89379495 -0.11363113
vt 0.89099044 -0.11322284
vt 0.89633679 -0.11431158
vt 0.89379495 -0.11363113
vt 0.90509051 -0.11582196
vt 0.88669389 -0.09206784
vt 0.91020560 -0.09140635
vt 0.87625939 -0.10968268
vt 0.91020560 -0.09140635
vt 0.90575624 -0.10533547
vt 0.87625939 -0.10968268
vt 0.90575624 -0.10533547
vt 0.91020560 -0.09140635
vt 0.94004136 -0.09527230
vt 0.90893459 -0.11601996
vt 0.94004136 -0.09527230
vt 0.93917602 -0.11051273
vt 0.94448769 -0.04590690
vt 0.96395946 -0.03635573
vt 0.97668195 -0.04506874
vt 0.94004136 -0.09527230
vt 0.95890868 -0.07693386
vt 0.95190692 -0.10509396
vt 0.84616327 0.10101599
vt 0.85922784 0.09523338
vt 0.82829869 0.07981586
vt 0.82278860 0.09076321
vt 0.84616327 0.10101599
vt 0.82829869 0.07981586
vt 0.77083409 0.09646380
vt 0.79551518 0.09836030
vt 0.77969152 0.07833314
vt 0.79989684 0.12242645
vt 0.81202519 0.12899894
vt 0.82019091 0.10518211
vt 0.77926362 0.18189281
vt 0.77572638 0.16149604
vt 0.76718032 0.17779303
vt 0.82019091 0.10518211
vt 0.83264911 0.10486984
vt 0.84616327 0.10101599
vt 0.84045088 0.14245123
vt 0.86106956 0.14365208
vt 0.84843814 0.12969851
vt 0.84843814 0.12969851
vt 0.86254388 0.11882132
vt 0.83264911 0.10486984
vt 0.84616327 0.10101599
vt 0.83264911 0.10486984
vt 0.84616327 0.10101599
vt 0.86867046 0.10240710
vt 0.85922784 0.09523338
vt 0.77969152 0.07833314
vt 0.80767262 0.06673586
vt 0.78531241 0.05819678
vt 0.80767262 0.06673586
vt 0.82774621 0.06337011
vt 0.82423782 0.04939044
vt 0.81552404 0.02521646
vt 0.84846580 0.03380543
vt 0.83746576 0.02416348
vt 0.82774621 0.06337011
vt 0.83912897 0.07288873
vt 0.83542824 0.05569190
vt 0.77572638 0.16149604
vt 0.75582886 0.16697651
vt 0.76718032 0.17779303
vt 0.81937677 0.04375708
vt 0.84340501 0.05480051
vt 0.84846580 0.03380543
vt 0.85126984 0.08078623
vt 0.85922784 0.09523338
vt 0.86382270 0.06848586
vt 0.84774697 0.06559908
vt 0.85504472 0.05177456
vt 0.84340501 0.05480051
vt 0.78764254 -0.03621185
vt 0.80022198 -0.03623080
vt 0.79488397 -0.05100393
vt 0.91443729 0.15606487
vt 0.92954290 0.13018966
vt 0.91639721 0.13906038
vt 0.80022198 -0.03623080
vt 0.82012379 -0.02783847
vt 0.82646847 -0.04119730
vt 0.83926326 -0.01778471
vt 0.85731274 -0.01420093
vt 0.86502075 -0.02575374
vt 0.78630227 0.00055724
vt 0.79807788 0.02094191
vt 0.80862415 0.00777853
vt 0.89740384 0.04124886
vt 0.90512323 0.02905470
vt 0.88914442 0.03524446
vt 0.77980626 -0.01513338
vt 0.78630227 0.00055724
vt 0.79536426 -0.00709939
vt 0.75380450 0.19383150
vt 0.75582886 0.16697651
vt 0.73694813 0.17580593
vt 0.77980626 -0.01513338
vt 0.79536426 -0.00709939
vt 0.78852016 -0.02366996
vt 0.79536426 -0.00709939
vt 0.80175602 -0.00776017
vt 0.78852016 -0.02366996
vt 0.78852016 -0.02366996
vt 0.80175602 -0.00776017
vt 0.82012379 -0.02783847
vt 0.80862415 0.00777853
vt 0.81552404 0.02521646
vt 0.81902480 -0.00373340
vt 0.80175602 -0.00776017
vt 0.80862415 0.00777853
vt 0.81902480 -0.00373340
vt 0.80175602 -0.00776017
vt 0.81536353 -0.01364362
vt 0.82012379 -0.02783847
vt 0.82963711 -0.01476324
vt 0.84290814 -0.00915074
vt 0.83926326 -0.01778471
vt 0.83875561 0.00952613
vt 0.83746576 0.02416348
vt 0.85474741 0.01458102
vt 0.85480946 0.00046301
vt 0.84290814 -0.00915074
vt 0.83746576 0.02416348
vt 0.84846580 0.03380543
vt 0.86580724 0.02246416
vt 0.83746576 0.02416348
vt 0.86580724 0.02246416
vt 0.85474741 0.01458102
vt 0.88784713 -0.00781250
vt 0.90608788 0.01465774
vt 0.91407031 0.00396883
vt 0.86570227 0.00679278
vt 0.88244528 0.01937002
vt 0.87143958 -0.00168979
vt 0.88244528 0.01937002
vt 0.90512323 0.02905470
vt 0.90608788 0.01465774
vt 0.90608788 0.01465774
vt 0.88810623 0.00393140
vt 0.88810623 0.00393140
vt 0.90608788 0.01465774
vt 0.88784713 -0.00781250
vt 0.89788222 0.05451959
vt 0.92217720 0.05672830
vt 0.90564752 0.04674959
vt 0.91204774 0.03049922
vt 0.94602370 0.04111272
vt 0.91204774 0.03049922
vt 0.95807850 0.02960509
vt 0.95897150 0.02298844
vt 0.94757867 0.01562917
vt 0.93670171 0.06087935
vt 0.94882154 0.07392699
vt 0.94204366 0.04980820
vt 0.94204366 0.04980820
vt 0.94882154 0.07392699
vt 0.96881211 0.06726778
vt 0.94882154 0.07392699
vt 0.96046233 0.08488977
vt 0.96881211 0.06726778
vt 0.82036191 0.12272388
vt 0.82019091 0.10518211
vt 0.81202519 0.12899894
vt 0.85922784 0.09523338
vt 0.85126984 0.08078623
vt 0.82829869 0.07981586
vt 0.85731274 -0.01420093
vt 0.87088001 -0.01457369
vt 0.86502075 -0.02575374
vt 0.75785887 0.02865326
vt 0.76517951 0.00931835
vt 0.74674904 0.01540226
vt 0.93964291 0.19817686
vt 0.93682659 0.18180847
vt 0.91787308 0.19114196
vt 0.86388248 0.16272551
vt 0.84045088 0.14245123
vt 0.83986467 0.15535802
vt 0.93639523 0.09157991
vt 0.94882154 0.07392699
vt 0.93670171 0.06087935
vt 0.74561167 0.09499693
vt 0.76349348 0.07935405
vt 0.73725116 0.07859772
vt 0.79989684 0.12242645
vt 0.82019091 0.10518211
vt 0.80953127 0.10064036
vt 0.82019091 0.10518211
vt 0.82278860 0.09076321
vt 0.80953127 0.10064036
vt 0.80953127 0.10064036
vt 0.82278860 0.09076321
vt 0.80135494 0.08100796
vt 0.84045088 0.14245123
vt 0.84843814 0.12969851
vt 0.82036191 0.12272388
vt 0.77156961 0.15458059
vt 0.77640784 0.14446467
vt 0.76601589 0.12920499
vt 0.75582886 0.16697651
vt 0.77572638 0.16149604
vt 0.73034298 0.19400305
vt 0.75380450 0.19383150
vt 0.73694813 0.17580593
vt 0.78151190 0.12574542
vt 0.77083409 0.09646380
vt 0.75880080 0.10837913
vt 0.85499835 -0.04336298
vt 0.87988019 -0.04105330
vt 0.86727452 -0.06026173
vt 0.82019091 0.10518211
vt 0.84616327 0.10101599
vt 0.82278860 0.09076321
vt 0.80767262 0.06673586
vt 0.81937677 0.04375708
vt 0.78531241 0.05819678
vt 0.78531241 0.05819678
vt 0.81937677 0.04375708
vt 0.78269601 0.03375334
vt 0.77640784 0.14446467
vt 0.78858566 0.13959157
vt 0.78151190 0.12574542
vt 0.78858566 0.13959157
vt 0.81202519 0.12899894
vt 0.79989684 0.12242645
vt 0.91935372 -0.02073932
vt 0.94708169 0.00402999
vt 0.94796729 -0.01253200
vt 0.78335494 0.19188702
vt 0.79490304 0.18082285
vt 0.77926362 0.18189281
vt 0.87988019 -0.04105330
vt 0.89285213 -0.02578115
vt 0.92858678 -0.03894842
vt 0.77926362 0.18189281
vt 0.78937316 0.17089403
vt 0.77572638 0.16149604
vt 0.80395252 0.16701722
vt 0.78937316 0.17089403
vt 0.79490304 0.18082285
vt 0.99780148 -0.13661647
vt 0.99128556 -0.13961840
vt 0.98403311 -0.13839269
vt 0.78937316 0.17089403
vt 0.80395252 0.16701722
vt 0.79360074 0.15710747
vt 0.93033087 0.11650658
vt 0.96795630 0.11696762
vt 0.93639523 0.09157991
vt 0.88106453 0.04906857
vt 0.88914442 0.03524446
vt 0.85922784 0.09523338
vt 0.88001978 0.08175802
vt 0.86382270 0.06848586
vt 0.91359884 0.08878946
vt 0.93670171 0.06087935
vt 0.92217720 0.05672830
vt 0.96001768 0.14754885
vt 0.96518975 0.13797545
vt 0.95743090 0.12706345
vt 0.93143076 -0.12429953
vt 0.92457706 -0.12223816
vt 0.91754639 -0.11982000
vt 0.94564199 -0.12900436
vt 0.97025871 -0.11575675
vt 0.98965234 -0.11235356
vt 0.99181622 -0.13066196
vt 0.95704150 -0.13324928
vt 0.97614837 -0.13709044
vt 0.96603394 -0.13535404
vt 0.97614837 -0.13709044
vt 0.99780148 -0.13661647
vt 0.98403311 -0.13839269
vt 0.86429054 -0.08531475
vt 0.89745706 -0.07378244
vt 0.88669389 -0.09206784
vt 0.78269601 0.03375334
vt 0.81937677 0.04375708
vt 0.81552404 0.02521646
vt 0.81762385 0.07065326
vt 0.82774621 0.06337011
vt 0.80767262 0.06673586
vt 0.81937677 0.04375708
vt 0.84846580 0.03380543
vt 0.81552404 0.02521646
vt 0.82829869 0.07981586
vt 0.83912897 0.07288873
vt 0.81762385 0.07065326
vt 0.95743090 0.12706345
vt 0.96795630 0.11696762
vt 0.93033087 0.11650658
vt 0.94038546 0.15846789
vt 0.96001768 0.14754885
vt 0.93724608 0.14857149
vt 0.78354710 -0.08052540
vt 0.77458310 -0.08375442
vt 0.76036054 -0.08226931
vt 0.84774697 0.06559908
vt 0.84340501 0.05480051
vt 0.83912897 0.07288873
vt 0.91035557 -0.06160963
vt 0.94448769 -0.04590690
vt 0.92848611 -0.07360744
vt 0.83542824 0.05569190
vt 0.84340501 0.05480051
vt 0.82423782 0.04939044
vt 0.85126984 0.08078623
vt 0.86382270 0.06848586
vt 0.83912897 0.07288873
vt 0.85504472 0.05177456
vt 0.88106453 0.04906857
vt 0.84846580 0.03380543
vt 0.80022198 -0.03623080
vt 0.82646847 -0.04119730
vt 0.81951463 -0.05088711
vt 0.83926326 -0.01778471
vt 0.82012379 -0.02783847
vt 0.78630227 0.00055724
vt 0.80175602 -0.00776017
vt 0.79536426 -0.00709939
vt 0.86388248 0.16272551
vt 0.87606454 0.17440569
vt 0.87091053 0.14711308
vt 0.87606454 0.17440569
vt 0.89048755 0.17404735
vt 0.87091053 0.14711308
vt 0.89048755 0.17404735
vt 0.88814735 0.15622151
vt 0.84637272 -0.03409767
vt 0.86502075 -0.02575374
vt 0.85499835 -0.04336298
vt 0.84156358 -0.04614544
vt 0.85499835 -0.04336298
vt 0.85100770 -0.06443632
vt 0.81568408 -0.08723164
vt 0.82079309 -0.07241166
vt 0.83496553 -0.09008193
vt 0.82079309 -0.07241166
vt 0.85100770 -0.06443632
vt 0.83496553 -0.09008193
vt 0.82646847 -0.04119730
vt 0.84156358 -0.04614544
vt 0.83769238 -0.06036055
vt 0.83496553 -0.09008193
vt 0.85608071 -0.10699582
vt 0.84491646 -0.10734713
vt 0.81248665 -0.10630679
vt 0.82445300 -0.09360421
vt 0.83537894 -0.10688078
vt 0.86106956 0.14365208
vt 0.86388248 0.16272551
vt 0.87091053 0.14711308
vt 0.78516662 -0.09672606
vt 0.80337477 -0.09471869
vt 0.81248665 -0.10630679
vt 0.87461329 0.23466980
vt 0.88007987 0.23111725
vt 0.86802167 0.22553128
vt 0.94757867 0.01562917
vt 0.95897150 0.02298844
vt 0.94708169 0.00402999
vt 0.88939059 0.19891745
vt 0.89910281 0.19143784
vt 0.88292527 0.18665004
vt 0.86999005 0.20041031
vt 0.88292527 0.18665004
vt 0.87606454 0.17440569
vt 0.91935372 -0.02073932
vt 0.91407031 0.00396883
vt 0.94708169 0.00402999
vt 0.88780397 0.22699833
vt 0.89078569 0.22474247
vt 0.89223176 0.21472412
vt 0.88780397 0.22699833
vt 0.89223176 0.21472412
vt 0.88007987 0.23111725
vt 0.97025871 -0.11575675
vt 0.97606456 -0.10063052
vt 0.97715497 -0.11042106
vt 0.99617344 -0.08055747
vt 1.00250566 -0.10284948
vt 0.97606456 -0.10063052
vt 0.97715497 -0.11042106
vt 1.00250566 -0.10284948
vt 0.98965234 -0.11235356
vt 0.93917602 -0.11051273
vt 0.94564199 -0.12900436
vt 0.93143076 -0.12429953
vt 0.85474741 0.01458102
vt 0.85480946 0.00046301
vt 0.83875561 0.00952613
vt 0.90297246 0.21812201
vt 0.90808040 0.21448570
vt 0.89223176 0.21472412
vt 0.81902480 -0.00373340
vt 0.83875561 0.00952613
vt 0.82963711 -0.01476324
vt 0.95190692 -0.10509396
vt 0.97025871 -0.11575675
vt 0.94564199 -0.12900436
vt 0.89223176 0.21472412
vt 0.90808040 0.21448570
vt 0.90393782 0.20301861
vt 0.90393782 0.20301861
vt 0.91618288 0.20102561
vt 0.89910281 0.19143784
vt 0.91558719 0.21118277
vt 0.91906810 0.20929396
vt 0.90808040 0.21448570
vt 0.91079670 0.12558520
vt 0.92954290 0.13018966
vt 0.93033087 0.11650658
vt 0.91906810 0.20929396
vt 0.92880863 0.20404172
vt 0.91618288 0.20102561
vt 0.94261712 0.02428269
vt 0.94757867 0.01562917
vt 0.94708169 0.00402999
vt 0.86106956 0.14365208
vt 0.84045088 0.14245123
vt 0.79989684 0.12242645
vt 0.79551518 0.09836030
vt 0.78858566 0.13959157
vt 0.79989684 0.12242645
vt 0.78151190 0.12574542
vt 0.78858566 0.13959157
vt 0.79360074 0.15710747
vt 0.81263947 0.13909322
vt 0.76824588 0.21558809
vt 0.78847325 0.20950484
vt 0.78335494 0.19188702
vt 0.86867046 0.10240710
vt 0.89532208 0.08480716
vt 0.88001978 0.08175802
vt 0.77151406 0.19755542
vt 0.76824588 0.21558809
vt 0.75380450 0.19383150
vt 0.77151406 0.19755542
vt 0.78335494 0.19188702
vt 0.77572638 0.16149604
vt 0.77640784 0.14446467
vt 0.78847325 0.20950484
vt 0.79983276 0.22721565
vt 0.80285931 0.20412588
vt 0.79983276 0.22721565
vt 0.82157457 0.22417426
vt 0.82225621 0.20743853
vt 0.79488397 -0.05100393
vt 0.80022198 -0.03623080
vt 0.80859405 -0.05791235
vt 0.77926362 0.18189281
vt 0.79490304 0.18082285
vt 0.78937316 0.17089403
vt 0.78937316 0.17089403
vt 0.79360074 0.15710747
vt 0.77572638 0.16149604
vt 0.91443729 0.15606487
vt 0.92285895 0.17421460
vt 0.94076478 0.17187035
vt 0.77112031 -0.05815184
vt 0.78532642 -0.06733942
vt 0.76813757 -0.07177687
vt 0.90145028 0.13929558
vt 0.91639721 0.13906038
vt 0.91079670 0.12558520
vt 0.92285895 0.17421460
vt 0.93682659 0.18180847
vt 0.94076478 0.17187035
vt 0.87625939 -0.10968268
vt 0.90575624 -0.10533547
vt 0.91020560 -0.09140635
vt 0.91201186 -0.07829618
vt 0.94004136 -0.09527230
vt 0.79807788 0.02094191
vt 0.80862415 0.00777853
vt 0.82423782 0.04939044
vt 0.84340501 0.05480051
vt 0.81937677 0.04375708
vt 0.81552404 0.02521646
vt 0.83875561 0.00952613
vt 0.81902480 -0.00373340
vt 0.88784713 -0.00781250
vt 0.87830067 -0.02982402
vt 0.86580724 0.02246416
vt 0.87426031 0.03727287
vt 0.88244528 0.01937002
vt 0.87143958 -0.00168979
vt 0.88784713 -0.00781250
vt 0.91204774 0.03049922
vt 0.94602370 0.04111272
vt 0.94261712 0.02428269
vt 0.92217720 0.05672830
vt 0.93670171 0.06087935
vt 0.94204366 0.04980820
vt 0.97591043 -0.07481372
vt 0.97606456 -0.10063052
vt 0.97591043 -0.07481372
vt 0.99617344 -0.08055747
vt 0.97606456 -0.10063052
vt 0.78281379 0.21809226
vt 0.79089171 0.22115070
vt 0.78847325 0.20950484
vt 0.94448769 -0.04590690
vt 0.97668195 -0.04506874
vt 0.96353114 -0.05781221
vt 0.82278860 0.09076321
vt 0.83912897 0.07288873
vt 0.83542824 0.05569190
vt 0.83912897 0.07288873
vt 0.86382270 0.06848586
vt 0.84774697 0.06559908
vt 0.85663432 0.19547987
vt 0.86999005 0.20041031
vt 0.86332321 0.17790341
vt 0.86332321 0.17790341
vt 0.86999005 0.20041031
vt 0.87606454 0.17440569
vt 0.89223176 0.21472412
vt 0.87620068 0.20870674
vt 0.86802167 0.22553128
vt 0.86802167 0.22553128
vt 0.87620068 0.20870674
vt 0.85779667 0.21120101
vt 0.86500454 0.24013025
vt 0.89910281 0.19143784
vt 0.89048755 0.17404735
vt 0.88292527 0.18665004
vt 0.78281379 0.21809226
vt 0.78847325 0.20950484
vt 0.76824588 0.21558809
vt 0.89401209 0.12176919
vt 0.91359884 0.08878946
vt 0.89532208 0.08480716
vt 0.96277392 0.18248808
vt 0.95463169 0.17167234
vt 0.94076478 0.17187035
vt 0.93033087 0.11650658
vt 0.93639523 0.09157991
vt 0.91359884 0.08878946
vt 0.86500454 0.24013025
vt 0.86802167 0.22553128
vt 0.83897513 0.22505111
vt 0.79490304 0.18082285
vt 0.80069125 0.18918991
vt 0.80395252 0.16701722
vt 0.84045088 0.14245123
vt 0.82036191 0.12272388
vt 0.81263947 0.13909322
vt 0.86999005 0.20041031
vt 0.88939059 0.19891745
vt 0.88292527 0.18665004
vt 0.89223176 0.21472412
vt 0.88007987 0.23111725
vt 0.87620068 0.20870674
vt 0.86999005 0.20041031
vt 0.85779667 0.21120101
vt 0.89910281 0.19143784
vt 0.91787308 0.19114196
vt 0.92285895 0.17421460
vt 0.92285895 0.17421460
vt 0.90443045 0.17473435
vt 0.89910281 0.19143784
vt 0.90443045 0.17473435
vt 0.89048755 0.17404735
vt 0.91618288 0.20102561
vt 0.91787308 0.19114196
vt 0.95495826 0.04069608
vt 0.96998161 0.04493076
vt 0.95807850 0.02960509
vt 0.93458641 0.20092022
vt 0.93964291 0.19817686
vt 0.91787308 0.19114196
vt 0.81263947 0.13909322
vt 0.80395252 0.16701722
vt 0.83986467 0.15535802
vt 0.78335494 0.19188702
vt 0.80285931 0.20412588
vt 0.80069125 0.18918991
vt 0.80395252 0.16701722
vt 0.81921351 0.19471592
vt 0.83986467 0.15535802
vt 0.81921351 0.19471592
vt 0.83991474 0.19092661
vt 0.86332321 0.17790341
vt 0.94882154 0.07392699
vt 0.95053703 0.08951998
vt 0.96046233 0.08488977
vt 0.78764254 -0.03621185
vt 0.77112031 -0.05815184
vt 0.76444894 -0.05115414
vt 0.95463169 0.17167234
vt 0.94038546 0.15846789
vt 0.87426031 0.03727287
vt 0.88106453 0.04906857
vt 0.88914442 0.03524446
vt 0.92217720 0.05672830
vt 0.94602370 0.04111272
vt 0.90564752 0.04674959
vt 0.90575624 -0.10533547
vt 0.90893459 -0.11601996
vt 0.89379495 -0.11363113
vt 0.83912897 0.07288873
vt 0.82774621 0.06337011
vt 0.81762385 0.07065326
vt 0.85731274 -0.01420093
vt 0.86311734 -0.01043844
vt 0.89788222 0.05451959
vt 0.89740384 0.04124886
vt 0.86727452 -0.06026173
vt 0.88105965 -0.06891847
vt 0.86429054 -0.08531475
vt 0.90512323 0.02905470
vt 0.91204774 0.03049922
vt 0.90608788 0.01465774
vt 0.86382270 0.06848586
vt 0.88001978 0.08175802
vt 0.87548566 0.06869519
vt 0.87143958 -0.00168979
vt 0.88810623 0.00393140
vt 0.88784713 -0.00781250
vt 0.88001978 0.08175802
vt 0.89532208 0.08480716
vt 0.89117885 0.07292986
vt 0.88244528 0.01937002
vt 0.88810623 0.00393140
vt 0.87143958 -0.00168979
vt 0.87143958 -0.00168979
vt 0.86311734 -0.01043844
vt 0.81951463 -0.05088711
vt 0.83769238 -0.06036055
vt 0.82079309 -0.07241166
vt 0.83496553 -0.09008193
vt 0.82445300 -0.09360421
vt 0.81568408 -0.08723164
vt 0.83926326 -0.01778471
vt 0.86502075 -0.02575374
vt 0.84637272 -0.03409767
vt 0.84774697 0.06559908
vt 0.86382270 0.06848586
vt 0.84843814 0.12969851
vt 0.83264911 0.10486984
vt 0.85100770 -0.06443632
vt 0.85608071 -0.10699582
vt 0.83496553 -0.09008193
vt 0.83264911 0.10486984
vt 0.82019091 0.10518211
vt 0.85100770 -0.06443632
vt 0.85898733 -0.06837273
vt 0.86429054 -0.08531475
vt 0.78516662 -0.09672606
vt 0.78869891 -0.10458446
vt 0.77749681 -0.10207117
vt 0.95890868 -0.07693386
vt 0.97591043 -0.07481372
vt 0.95190692 -0.10509396
vt 0.79551518 0.09836030
vt 0.80135494 0.08100796
vt 0.77969152 0.07833314
vt 0.79989684 0.12242645
vt 0.79551518 0.09836030
vt 0.77083409 0.09646380
vt 0.97668195 -0.04506874
vt 0.97591043 -0.07481372
vt 0.92848611 -0.07360744
vt 0.95890868 -0.07693386
vt 0.94004136 -0.09527230
vt 0.91201186 -0.07829618
vt 0.88669389 -0.09206784
vt 0.78532642 -0.06733942
vt 0.78354710 -0.08052540
vt 0.76813757 -0.07177687
vt 0.91754639 -0.11982000
vt 0.91363925 -0.11850464
vt 0.90893459 -0.11601996
vt 0.87790293 0.06057119
vt 0.89117885 0.07292986
vt 0.89788222 0.05451959
vt 0.96353114 -0.05781221
vt 0.97591043 -0.07481372
vt 0.95890868 -0.07693386
vt 0.77458310 -0.08375442
vt 0.78516662 -0.09672606
vt 0.76997375 -0.09972692
vt 0.94204366 0.04980820
vt 0.96998161 0.04493076
vt 0.95495826 0.04069608
vt 0.86502075 -0.02575374
vt 0.87830067 -0.02982402
vt 0.87830067 -0.02982402
vt 0.86502075 -0.02575374
vt 0.88784713 -0.00781250
vt 0.89285213 -0.02578115
vt 0.87830067 -0.02982402
vt 0.86429054 -0.08531475
vt 0.87625939 -0.10968268
vt 0.81568408 -0.08723164
vt 0.79285151 -0.08366919
vt 0.78532642 -0.06733942
vt 0.79089171 0.22115070
vt 0.79983276 0.22721565
vt 0.78847325 0.20950484
vt 0.96046233 0.08488977
vt 0.97458613 0.10076606
vt 0.96881211 0.06726778
vt 0.83496553 -0.09008193
vt 0.84491646 -0.10734713
vt 0.83537894 -0.10688078
vt 0.87625939 -0.10968268
vt 0.89099044 -0.11322284
vt 0.88049275 -0.11109328
vt 0.90893459 -0.11601996
vt 0.90509051 -0.11582196
vt 0.89379495 -0.11363113
vt 0.92858678 -0.03894842
vt 0.88105965 -0.06891847
vt 0.91201186 -0.07829618
vt 0.92848611 -0.07360744
vt 0.94004136 -0.09527230
vt 0.94004136 -0.09527230
vt 0.90893459 -0.11601996
vt 0.90575624 -0.10533547
vt 0.84156358 -0.04614544
vt 0.85100770 -0.06443632
vt 0.83769238 -0.06036055
vt 0.79285151 -0.08366919
vt 0.80337477 -0.09471869
vt 0.78354710 -0.08052540
vt 0.80022198 -0.03623080
vt 0.80859405 -0.05791235
vt 0.88105965 -0.06891847
vt 0.91035557 -0.06160963
vt 0.89745706 -0.07378244
vt 0.89680481 -0.00718057
vt 0.91935372 -0.02073932
vt 0.89285213 -0.02578115
vt 0.87988019 -0.04105330
vt 0.88105965 -0.06891847
vt 0.86727452 -0.06026173
vt 0.91201186 -0.07829618
vt 0.91201186 -0.07829618
vt 0.88669389 -0.09206784
vt 0.77112031 -0.05815184
vt 0.79488397 -0.05100393
vt 0.78532642 -0.06733942
vt 0.86429054 -0.08531475
vt 0.88669389 -0.09206784
vt 0.87625939 -0.10968268
vt 0.79360074 0.15710747
vt 0.80395252 0.16701722
vt 0.81263947 0.13909322
vt 0.95807850 0.02960509
vt 0.95897150 0.02298844
vt 0.94204366 0.04980820
vt 0.94602370 0.04111272
vt 0.90564752 0.04674959
vt 0.91204774 0.03049922
vt 0.89740384 0.04124886
vt 0.82774621 0.06337011
vt 0.83542824 0.05569190
vt 0.82423782 0.04939044
vt 0.88914442 0.03524446
vt 0.90512323 0.02905470
vt 0.86580724 0.02246416
vt 0.86570227 0.00679278
vt 0.83926326 -0.01778471
vt 0.82012379 -0.02783847
vt 0.78516662 -0.09672606
vt 0.77749681 -0.10207117
vt 0.76997375 -0.09972692
vt 0.78852016 -0.02366996
vt 0.82012379 -0.02783847
vt 0.80022198 -0.03623080
vt 0.95190692 -0.10509396
vt 0.81902480 -0.00373340
vt 0.81536353 -0.01364362
vt 0.81536353 -0.01364362
vt 0.82963711 -0.01476324
vt 0.82012379 -0.02783847
vt 0.77640784 0.14446467
vt 0.78858566 0.13959157
vt 0.83986467 0.15535802
vt 0.84045088 0.14245123
vt 0.91204774 0.03049922
vt 0.94708169 0.00402999
vt 0.91407031 0.00396883
vt 0.77969152 0.07833314
vt 0.78531241 0.05819678
vt 0.76976657 0.05443680
vt 0.76517951 0.00931835
vt 0.78630227 0.00055724
vt 0.85480946 0.00046301
vt 0.87143958 -0.00168979
vt 0.86311734 -0.01043844
vt 0.93724608 0.14857149
vt 0.94087982 0.13259166
vt 0.91443729 0.15606487
vt 0.88806772 0.14442527
vt 0.91443729 0.15606487
vt 0.90145028 0.13929558
vt 0.89048755 0.17404735
vt 0.91443729 0.15606487
vt 0.88814735 0.15622151
vt 0.75852031 -0.04118276
vt 0.77450317 -0.02608478
vt 0.76444894 -0.05115414
vt 0.86106956 0.14365208
vt 0.87091053 0.14711308
vt 0.86813343 0.13215780
vt 0.91079670 0.12558520
vt 0.93033087 0.11650658
vt 0.91359884 0.08878946
vt 0.96395946 -0.03635573
vt 0.97668195 -0.04506874
vt 0.91227371 0.21300846
vt 0.91558719 0.21118277
vt 0.90808040 0.21448570
vt 0.81248665 -0.10630679
vt 0.80497420 -0.10603034
vt 0.78869891 -0.10458446
vt 0.78532642 -0.06733942
vt 0.80859405 -0.05791235
vt 0.82079309 -0.07241166
vt 0.80859405 -0.05791235
vt 0.81951463 -0.05088711
vt 0.82079309 -0.07241166
vt 0.78630227 0.00055724
vt 0.75035787 -0.00208199
vt 0.76517951 0.00931835
vt 0.75035787 -0.00208199
vt 0.77980626 -0.01513338
vt 0.77450317 -0.02608478
vt 0.86727452 -0.06026173
vt 0.85898733 -0.06837273
vt 0.84616327 0.10101599
vt 0.86867046 0.10240710
vt 0.78630227 0.00055724
vt 0.77980626 -0.01513338
vt 0.75035787 -0.00208199
vt 0.81937677 0.04375708
vt 0.80767262 0.06673586
vt 0.82423782 0.04939044
vt 0.87426031 0.03727287
vt 0.88914442 0.03524446
vt 0.88244528 0.01937002
vt 0.94261712 0.02428269
vt 0.95807850 0.02960509
vt 0.90808040 0.21448570
vt 0.91618288 0.20102561
vt 0.90393782 0.20301861
vt 0.92848611 -0.07360744
vt 0.96353114 -0.05781221
vt 0.83769238 -0.06036055
vt 0.85100770 -0.06443632
vt 0.82079309 -0.07241166
vt 0.81202519 0.12899894
vt 0.86332321 0.17790341
vt 0.86388248 0.16272551
vt 0.83986467 0.15535802
vt 0.94038546 0.15846789
vt 0.96412933 0.16455507
vt 0.96001768 0.14754885
vt 0.91443729 0.15606487
vt 0.94038546 0.15846789
vt 0.93724608 0.14857149
vt 0.86429054 -0.08531475
vt 0.96267939 0.01070678
vt 0.94708169 0.00402999
vt 0.95897150 0.02298844
vt 0.97947389 0.03206575
vt 0.96267939 0.01070678
vt 0.73007357 0.12230110
vt 0.75246167 0.12959242
vt 0.75454152 0.11595929
vt 0.85499835 -0.04336298
vt 0.86727452 -0.06026173
vt 0.85100770 -0.06443632
vt 0.74561167 0.09499693
vt 0.77083409 0.09646380
vt 0.76349348 0.07935405
vt 0.96267939 0.01070678
vt 0.94708169 0.00402999
vt 0.91359884 0.08878946
vt 0.74311376 0.13298309
vt 0.75148654 0.14467108
vt 0.75246167 0.12959242
vt 0.91443729 0.15606487
vt 0.91639721 0.13906038
vt 0.74674904 0.01540226
vt 0.76517951 0.00931835
vt 0.75035787 -0.00208199
vt 0.89223176 0.21472412
vt 0.90393782 0.20301861
vt 0.88939059 0.19891745
vt 0.87606454 0.17440569
vt 0.88292527 0.18665004
vt 0.89048755 0.17404735
vt 0.86332321 0.17790341
vt 0.87606454 0.17440569
vt 0.86388248 0.16272551
vt 0.75582886 0.16697651
vt 0.75752944 0.15313607
vt 0.74885428 0.15161085
vt 0.77749681 -0.10207117
vt 0.78869891 -0.10458446
vt 0.78075606 -0.10322201
vt 0.93682659 0.18180847
vt 0.95890868 -0.07693386
vt 0.92848611 -0.07360744
vt 0.85480946 0.00046301
vt 0.86311734 -0.01043844
vt 0.84290814 -0.00915074
vt 0.74394369 0.06152475
vt 0.78269601 0.03375334
vt 0.75785887 0.02865326
vt 0.82963711 -0.01476324
vt 0.82963711 -0.01476324
vt 0.81536353 -0.01364362
vt 0.83875561 0.00952613
vt 0.81552404 0.02521646
vt 0.80135494 0.08100796
vt 0.81762385 0.07065326
vt 0.80767262 0.06673586
vt 0.89401209 0.12176919
vt 0.90145028 0.13929558
vt 0.91079670 0.12558520
vt 0.91443729 0.15606487
vt 0.94087982 0.13259166
vt 0.92954290 0.13018966
vt 0.93682659 0.18180847
vt 0.96277392 0.18248808
vt 0.94076478 0.17187035
vt 0.94204366 0.04980820
vt 0.96881211 0.06726778
vt 0.96998161 0.04493076
vt 0.94087982 0.13259166
vt 0.96001768 0.14754885
vt 0.95743090 0.12706345
vt 0.90249133 0.06458485
vt 0.92217720 0.05672830
vt 0.91359884 0.08878946
vt 0.93639523 0.09157991
vt 0.93670171 0.06087935
vt 0.89117885 0.07292986
vt 0.89532208 0.08480716
vt 0.90249133 0.06458485
vt 0.80135494 0.08100796
vt 0.82829869 0.07981586
vt 0.81762385 0.07065326
vt 0.85504472 0.05177456
vt 0.87790293 0.06057119
vt 0.88106453 0.04906857
vt 0.86867046 0.10240710
vt 0.88001978 0.08175802
vt 0.85480946 0.00046301
vt 0.86570227 0.00679278
vt 0.87143958 -0.00168979
vt 0.79807788 0.02094191
vt 0.76517951 0.00931835
vt 0.79989684 0.12242645
vt 0.77083409 0.09646380
vt 0.78151190 0.12574542
vt 0.76349348 0.07935405
vt 0.74394369 0.06152475
vt 0.73725116 0.07859772
vt 0.75454152 0.11595929
vt 0.73356366 0.10831302
vt 0.73007357 0.12230110
vt 0.77640784 0.14446467
vt 0.78151190 0.12574542
vt 0.74311376 0.13298309
vt 0.75246167 0.12959242
vt 0.73007357 0.12230110
vt 0.75880080 0.10837913
vt 0.74215806 0.10366154
vt 0.75454152 0.11595929
vt 0.78630227 0.00055724
vt 0.80862415 0.00777853
vt 0.80175602 -0.00776017
vt 0.78764254 -0.03621185
vt 0.79488397 -0.05100393
vt 0.77112031 -0.05815184
vt 0.76601589 0.12920499
vt 0.75454152 0.11595929
vt 0.85474741 0.01458102
vt 0.86580724 0.02246416
vt 0.86570227 0.00679278
vt 0.92954290 0.13018966
vt 0.94087982 0.13259166
vt 0.93033087 0.11650658
vt 0.84846580 0.03380543
vt 0.87426031 0.03727287
vt 0.86580724 0.02246416
vt 0.99181622 -0.13066196
vt 0.97614837 -0.13709044
vt 0.95704150 -0.13324928
vt 0.99780148 -0.13661647
vt 0.97614837 -0.13709044
vt 0.94564199 -0.12900436
vt 0.99181622 -0.13066196
vt 0.95704150 -0.13324928
vt 0.97606456 -0.10063052
vt 1.00250566 -0.10284948
vt 0.97715497 -0.11042106
vt 0.93143076 -0.12429953
vt 0.91754639 -0.11982000
vt 0.97606456 -0.10063052
vt 0.97025871 -0.11575675
vt 0.89048755 0.17404735
vt 0.90443045 0.17473435
vt 0.91443729 0.15606487
vt 0.86813343 0.13215780
vt 0.88806772 0.14442527
vt 0.89401209 0.12176919
vt 0.86254388 0.11882132
vt 0.86813343 0.13215780
vt 0.91935372 -0.02073932
vt 0.94796729 -0.01253200
vt 0.77450317 -0.02608478
vt 0.78764254 -0.03621185
vt 0.76444894 -0.05115414
vt 0.77969152 0.07833314
vt 0.76976657 0.05443680
vt 0.76349348 0.07935405
vt 0.78354710 -0.08052540
vt 0.78516662 -0.09672606
vt 0.77458310 -0.08375442
vt 0.78269601 0.03375334
vt 0.76976657 0.05443680
vt 0.75880080 0.10837913
vt 0.76601589 0.12920499
vt 0.77083409 0.09646380
vt 0.77969152 0.07833314
vt 0.76349348 0.07935405
vt 0.74394369 0.06152475
vt 0.75785887 0.02865326
vt 0.78269601 0.03375334
vt 0.75454152 0.11595929
vt 0.74215806 0.10366154
vt 0.73356366 0.10831302
vt 0.75380450 0.19383150
vt 0.74611974 0.21175355
vt 0.75486523 0.21233737
vt 0.73034298 0.19400305
vt 0.74611974 0.21175355
vt 0.74215806 0.10366154
vt 0.74561167 0.09499693
vt 0.73356366 0.10831302
vt 0.75880080 0.10837913
vt 0.77083409 0.09646380
vt 0.74561167 0.09499693
vt 0.75880080 0.10837913
vt 0.74561167 0.09499693
vt 0.74215806 0.10366154
vt 0.88105965 -0.06891847
vt 0.89745706 -0.07378244
vt 0.86429054 -0.08531475
vt 0.73427826 0.14266431
vt 0.75148654 0.14467108
vt 0.74311376 0.13298309
vt 0.89223176 0.21472412
vt 0.88939059 0.19891745
vt 0.87620068 0.20870674
vt 0.90393782 0.20301861
vt 0.89910281 0.19143784
vt 0.88939059 0.19891745
vt 0.89702940 0.22166294
vt 0.90297246 0.21812201
vt 0.89078569 0.22474247
vt 0.91906810 0.20929396
vt 0.91618288 0.20102561
vt 0.90808040 0.21448570
vt 0.88784713 -0.00781250
vt 0.89680481 -0.00718057
vt 0.89285213 -0.02578115
vt 0.87830067 -0.02982402
vt 0.89285213 -0.02578115
vt 0.87988019 -0.04105330
vt 0.75380450 0.19383150
vt 0.77151406 0.19755542
vt 0.89285213 -0.02578115
vt 0.91935372 -0.02073932
vt 0.92858678 -0.03894842
vt 0.92880863 0.20404172
vt 0.93458641 0.20092022
vt 0.91618288 0.20102561
vt 0.75380450 0.19383150
vt 0.78335494 0.19188702
vt 0.77926362 0.18189281
vt 0.91935372 -0.02073932
vt 0.93728435 -0.02823591
vt 0.92858678 -0.03894842
vt 0.92858678 -0.03894842
vt 0.93728435 -0.02823591
vt 0.92858678 -0.03894842
vt 0.75380450 0.19383150
vt 0.77926362 0.18189281
vt 0.76718032 0.17779303
vt 0.77572638 0.16149604
vt 0.79360074 0.15710747
vt 0.77640784 0.14446467
vt 0.75582886 0.16697651
vt 0.76718032 0.17779303
vt 0.78847325 0.20950484
vt 0.80285931 0.20412588
vt 0.78335494 0.19188702
vt 0.80069125 0.18918991
vt 0.79490304 0.18082285
vt 0.76813757 -0.07177687
vt 0.78354710 -0.08052540
vt 0.76036054 -0.08226931
vt 0.78532642 -0.06733942
vt 0.79285151 -0.08366919
vt 0.78354710 -0.08052540
vt 0.73427826 0.14266431
vt 0.74885428 0.15161085
vt 0.79983276 0.22721565
vt 0.82225621 0.20743853
vt 0.80285931 0.20412588
vt 0.82225621 0.20743853
vt 0.81921351 0.19471592
vt 0.75148654 0.14467108
vt 0.75752944 0.15313607
vt 0.76601589 0.12920499
vt 0.80285931 0.20412588
vt 0.80069125 0.18918991
vt 0.80069125 0.18918991
vt 0.81921351 0.19471592
vt 0.80395252 0.16701722
vt 0.82157457 0.22417426
vt 0.83598036 0.21331263
vt 0.82225621 0.20743853
vt 0.83598036 0.21331263
vt 0.83991474 0.19092661
vt 0.81921351 0.19471592
vt 0.86332321 0.17790341
vt 0.85520476 0.24457395
vt 0.83897513 0.22505111
vt 0.83897513 0.22505111
vt 0.83598036 0.21331263
vt 0.83598036 0.21331263
vt 0.85663432 0.19547987
vt 0.83991474 0.19092661
vt 0.96795630 0.11696762
vt 0.95759714 0.09823811
vt 0.93639523 0.09157991
vt 0.93639523 0.09157991
vt 0.95759714 0.09823811
vt 0.95053703 0.08951998
vt 0.82646847 -0.04119730
vt 0.83769238 -0.06036055
vt 0.81951463 -0.05088711
vt 0.82012379 -0.02783847
vt 0.84637272 -0.03409767
vt 0.82646847 -0.04119730
vt 0.95053703 0.08951998
vt 0.94882154 0.07392699
vt 0.76349348 0.07935405
vt 0.74394369 0.06152475
vt 0.83496553 -0.09008193
vt 0.83537894 -0.10688078
vt 0.82445300 -0.09360421
vt 0.96795630 0.11696762
vt 0.97458613 0.10076606
vt 0.95759714 0.09823811
vt 0.90249133 0.06458485
vt 0.92217720 0.05672830
vt 0.89788222 0.05451959
vt 0.90564752 0.04674959
vt 0.75582886 0.16697651
vt 0.74885428 0.15161085
vt 0.74238658 0.16524196
vt 0.87790293 0.06057119
vt 0.85504472 0.05177456
vt 0.87548566 0.06869519
vt 0.87790293 0.06057119
vt 0.86382270 0.06848586
vt 0.88106453 0.04906857
vt 0.87426031 0.03727287
vt 0.84846580 0.03380543
vt 0.88001978 0.08175802
vt 0.89117885 0.07292986
vt 0.87548566 0.06869519
vt 0.87548566 0.06869519
vt 0.89117885 0.07292986
vt 0.87790293 0.06057119
vt 0.87790293 0.06057119
vt 0.89532208 0.08480716
vt 0.91359884 0.08878946
vt 0.90249133 0.06458485
vt 0.94087982 0.13259166
vt 0.95743090 0.12706345
vt 0.95465845 0.19158000
vt 0.96277392 0.18248808
vt 0.93682659 0.18180847
vt 0.81568408 -0.08723164
vt 0.82445300 -0.09360421
vt 0.80337477 -0.09471869
vt 0.82445300 -0.09360421
vt 0.81248665 -0.10630679
vt 0.80337477 -0.09471869
vt 0.95465845 0.19158000
vt 0.93682659 0.18180847
vt 0.93964291 0.19817686
vt 0.94076478 0.17187035
vt 0.95463169 0.17167234
vt 0.94038546 0.15846789
vt 0.93724608 0.14857149
vt 0.96001768 0.14754885
vt 0.94087982 0.13259166
vt 0.86106956 0.14365208
vt 0.86813343 0.13215780
vt 0.84843814 0.12969851
vt 0.88806772 0.14442527
vt 0.86813343 0.13215780
vt 0.87091053 0.14711308
vt 0.84843814 0.12969851
vt 0.86813343 0.13215780
vt 0.86254388 0.11882132
vt 0.87091053 0.14711308
vt 0.88814735 0.15622151
vt 0.88806772 0.14442527
vt 0.86813343 0.13215780
vt 0.89401209 0.12176919
vt 0.86867046 0.10240710
vt 0.86867046 0.10240710
vt 0.89401209 0.12176919
vt 0.89532208 0.08480716
vt 0.88814735 0.15622151
vt 0.91443729 0.15606487
vt 0.88806772 0.14442527
vt 0.90145028 0.13929558
vt 0.97715497 -0.11042106
vt 0.97025871 -0.11575675
vt 0.83926326 -0.01778471
vt 0.84290814 -0.00915074
vt 0.85731274 -0.01420093
vt 0.84290814 -0.00915074
vt 0.86311734 -0.01043844
vt 0.85731274 -0.01420093
vt 0.84340501 0.05480051
vt 0.85504472 0.05177456
vt 0.78269601 0.03375334
vt 0.79807788 0.02094191
vt 0.94708169 0.00402999
vt 0.97793901 -0.00260615
vt 0.94796729 -0.01253200
vt 0.94796729 -0.01253200
vt 0.97793901 -0.00260615
vt 0.96267939 0.01070678
vt 0.97947389 0.03206575
vt 0.98234320 0.01345396
vt 0.96267939 0.01070678
vt 0.97793901 -0.00260615
vt 0.89745706 -0.07378244
vt 0.91035557 -0.06160963
vt 0.91201186 -0.07829618
vt 0.82829869 0.07981586
vt 0.85126984 0.08078623
vt 0.77969152 0.07833314
vt 0.80135494 0.08100796
vt 0.92858678 -0.03894842
vt 0.94448769 -0.04590690
vt 0.88105965 -0.06891847
vt 0.92858678 -0.03894842
vt 0.91035557 -0.06160963
vt 0.89680481 -0.00718057
vt 0.91407031 0.00396883
vt 0.91935372 -0.02073932
vt 0.93917602 -0.11051273
vt 0.93143076 -0.12429953
vt 0.90893459 -0.11601996
vt 0.90443045 0.17473435
vt 0.92285895 0.17421460
vt 0.91443729 0.15606487
vt 0.91639721 0.13906038
vt 0.92954290 0.13018966
vt 0.78516662 -0.09672606
vt 0.81248665 -0.10630679
vt 0.78869891 -0.10458446
vt 0.78354710 -0.08052540
vt 0.80337477 -0.09471869
vt 0.78516662 -0.09672606
vt 0.75486523 0.21233737
vt 0.76824588 0.21558809
vt 0.95759714 0.09823811
vt 0.96046233 0.08488977
vt 0.95759714 0.09823811
vt 0.96046233 0.08488977
vt 0.85663432 0.19547987
vt 0.86332321 0.17790341
vt 0.83598036 0.21331263
vt 0.85779667 0.21120101
vt 0.83897513 0.22505111
vt 0.85779667 0.21120101
vt 0.81921351 0.19471592
vt 0.82225621 0.20743853
vt 0.83991474 0.19092661
vt 0.94564199 -0.12900436
vt 0.93917602 -0.11051273
vt 0.78852016 -0.02366996
vt 0.80022198 -0.03623080
vt 0.78764254 -0.03621185
vt 0.94448769 -0.04590690
vt 0.96395946 -0.03635573
vt 0.82157457 0.22417426
vt 0.71551931 0.04606366
vt 0.71708131 0.05566961
vt 0.71818578 0.02517766
vt 0.68098593 0.01040828
vt 0.69882655 0.01313895
vt 0.69747078 -0.00838625
vt 0.67184365 0.03575146
vt 0.66324347 0.02134311
vt 0.64759833 0.03393501
vt 0.65087152 0.06641543
vt 0.64497340 0.04765910
vt 0.62875628 0.05005944
vt 0.62177610 0.05386984
vt 0.62857795 0.04356432
vt 0.62285441 0.04771870
vt 0.68283367 0.02192950
vt 0.69921649 0.04062510
vt 0.70903862 0.02152818
vt 0.63540077 0.03500795
vt 0.64759833 0.03393501
vt 0.64789170 0.02174193
vt 0.75101870 -0.05099630
vt 0.76444894 -0.05115414
vt 0.77112031 -0.05815184
vt 0.74761802 -0.06125355
vt 0.76813757 -0.07177687
vt 0.74634874 -0.07462835
vt 0.69542444 0.07478517
vt 0.71708131 0.05566961
vt 0.68317878 0.05542350
vt 0.68283367 0.02192950
vt 0.69882655 0.01313895
vt 0.68098593 0.01040828
vt 0.73411000 -0.00013220
vt 0.75035787 -0.00208199
vt 0.74378526 -0.00896192
vt 0.74881530 -0.02601469
vt 0.72861016 -0.02641177
vt 0.72972226 -0.00909042
vt 0.74674904 0.01540226
vt 0.73411000 -0.00013220
vt 0.73459303 0.03611416
vt 0.73859680 0.02339673
vt 0.72505546 0.01976144
vt 0.67673892 0.12407041
vt 0.68463731 0.10284072
vt 0.66146308 0.10587043
vt 0.66665947 0.13714230
vt 0.65235823 0.13544416
vt 0.65365797 0.14692301
vt 0.68098593 0.01040828
vt 0.69747078 -0.00838625
vt 0.67450750 -0.00864434
vt 0.71262991 0.12524021
vt 0.68463731 0.10284072
vt 0.69031489 0.12997848
vt 0.71549141 0.16270065
vt 0.73427826 0.14266431
vt 0.72477818 0.14243734
vt 0.70481163 0.11119223
vt 0.70418596 0.09572101
vt 0.68463731 0.10284072
vt 0.73034298 0.19400305
vt 0.71500516 0.17193311
vt 0.73007357 0.12230110
vt 0.71262991 0.12524021
vt 0.71881950 0.13392675
vt 0.70109582 0.15685213
vt 0.72477818 0.14243734
vt 0.71092904 0.14995646
vt 0.68317878 0.05542350
vt 0.71708131 0.05566961
vt 0.69921649 0.04062510
vt 0.68184400 0.13816786
vt 0.69031489 0.12997848
vt 0.67673892 0.12407041
vt 0.71500516 0.17193311
vt 0.70109582 0.15685213
vt 0.69467884 0.16795301
vt 0.71092904 0.14995646
vt 0.69916493 0.14288676
vt 0.70109582 0.15685213
vt 0.69542444 0.07478517
vt 0.69010717 0.06462085
vt 0.67630416 0.07083988
vt 0.71574152 0.19397062
vt 0.70880103 0.18039775
vt 0.77458310 -0.08375442
vt 0.76997375 -0.09972692
vt 0.76580703 -0.09694982
vt 0.75852031 -0.04118276
vt 0.74299806 -0.04256988
vt 0.70690328 -0.05945396
vt 0.73535091 -0.06847203
vt 0.71231157 -0.06495881
vt 0.70109582 0.15685213
vt 0.69916493 0.14288676
vt 0.69080800 0.15220863
vt 0.69467884 0.16795301
vt 0.70109582 0.15685213
vt 0.72477818 0.14243734
vt 0.73007357 0.12230110
vt 0.71881950 0.13392675
vt 0.64775985 0.16425705
vt 0.66192091 0.15370667
vt 0.64792287 0.15380156
vt 0.71881950 0.13392675
vt 0.71262991 0.12524021
vt 0.69916493 0.14288676
vt 0.69905519 -0.04745054
vt 0.71740913 -0.02742124
vt 0.70329171 -0.05422342
vt 0.69080800 0.15220863
vt 0.68184400 0.13816786
vt 0.66192091 0.15370667
vt 0.70073199 -0.02191257
vt 0.71740913 -0.02742124
vt 0.68550611 -0.02566767
vt 0.58652854 0.10232121
vt 0.59662557 0.06987840
vt 0.57596987 0.08214009
vt 0.73155493 -0.04538631
vt 0.74634874 -0.07462835
vt 0.57596987 0.08214009
vt 0.59662557 0.06987840
vt 0.58437771 0.07769859
vt 0.74561167 0.09499693
vt 0.73725116 0.07859772
vt 0.72014058 0.09071970
vt 0.77112031 -0.05815184
vt 0.76813757 -0.07177687
vt 0.74761802 -0.06125355
vt 0.68317878 0.05542350
vt 0.66008669 0.04804218
vt 0.66418022 0.06438231
vt 0.68595582 0.03677255
vt 0.68283367 0.02192950
vt 0.67184365 0.03575146
vt 0.76813757 -0.07177687
vt 0.76036054 -0.08226931
vt 0.74634874 -0.07462835
vt 0.72425878 0.06742156
vt 0.71708131 0.05566961
vt 0.72014058 0.09071970
vt 0.73859680 0.02339673
vt 0.75785887 0.02865326
vt 0.74674904 0.01540226
vt 0.66146308 0.10587043
vt 0.68463731 0.10284072
vt 0.65983534 0.09412766
vt 0.72425878 0.06742156
vt 0.74394369 0.06152475
vt 0.71551931 0.04606366
vt 0.71818578 0.02517766
vt 0.70903862 0.02152818
vt 0.68317878 0.05542350
vt 0.69921649 0.04062510
vt 0.68595582 0.03677255
vt 0.71672249 -0.00606215
vt 0.73411000 -0.00013220
vt 0.72972226 -0.00909042
vt 0.73859680 0.02339673
vt 0.74674904 0.01540226
vt 0.73411000 -0.00013220
vt 0.66146308 0.10587043
vt 0.64690506 0.11577928
vt 0.68463731 0.10284072
vt 0.67317671 0.08780164
vt 0.65983534 0.09412766
vt 0.69882655 0.01313895
vt 0.71617186 0.00633943
vt 0.69747078 -0.00838625
vt 0.69031489 0.12997848
vt 0.68463731 0.10284072
vt 0.67673892 0.12407041
vt 0.71262991 0.12524021
vt 0.70481163 0.11119223
vt 0.69342399 0.17496133
vt 0.69467884 0.16795301
vt 0.67353427 0.16891062
vt 0.68098593 0.01040828
vt 0.67450750 -0.00864434
vt 0.66237128 0.00528020
vt 0.66192091 0.15370667
vt 0.65365797 0.14692301
vt 0.64792287 0.15380156
vt 0.71092904 0.14995646
vt 0.72477818 0.14243734
vt 0.71881950 0.13392675
vt 0.61797345 0.09267426
vt 0.61049795 0.07070225
vt 0.60347843 0.07603782
vt 0.65087152 0.06641543
vt 0.67630416 0.07083988
vt 0.66418022 0.06438231
vt 0.62359381 0.14444607
vt 0.59498608 0.13076007
vt 0.59938806 0.14891183
vt 0.70880103 0.18039775
vt 0.69467884 0.16795301
vt 0.69342399 0.17496133
vt 0.74881530 -0.02601469
vt 0.73155493 -0.04538631
vt 0.72861016 -0.02641177
vt 0.74378526 -0.00896192
vt 0.74881530 -0.02601469
vt 0.72972226 -0.00909042
vt 0.73155493 -0.04538631
vt 0.70329171 -0.05422342
vt 0.71740913 -0.02742124
vt 0.71672249 -0.00606215
vt 0.70073199 -0.02191257
vt 0.69747078 -0.00838625
vt 0.71740913 -0.02742124
vt 0.68550611 -0.02566767
vt 0.68550611 -0.02566767
vt 0.67450750 -0.00864434
vt 0.73155493 -0.04538631
vt 0.72823572 -0.05308521
vt 0.76036054 -0.08226931
vt 0.75111127 -0.09365308
vt 0.74462104 -0.09119976
vt 0.76036054 -0.08226931
vt 0.76019758 -0.09636807
vt 0.75111127 -0.09365308
vt 0.73535091 -0.06847203
vt 0.72268301 -0.07536411
vt 0.71231157 -0.06495881
vt 0.73535091 -0.06847203
vt 0.72978926 -0.08199775
vt 0.73535091 -0.06847203
vt 0.74246001 -0.08822632
vt 0.72978926 -0.08199775
vt 0.62875628 0.05005944
vt 0.62177610 0.05386984
vt 0.61100543 0.05834448
vt 0.64759833 0.03393501
vt 0.62857795 0.04356432
vt 0.62875628 0.05005944
vt 0.65087152 0.06641543
vt 0.62058532 0.06373322
vt 0.62728727 0.07872891
vt 0.66008669 0.04804218
vt 0.64497340 0.04765910
vt 0.65087152 0.06641543
vt 0.68098593 0.01040828
vt 0.66237128 0.00528020
vt 0.68283367 0.02192950
vt 0.61797345 0.09267426
vt 0.62728727 0.07872891
vt 0.61049795 0.07070225
vt 0.62790078 0.13188183
vt 0.63172793 0.11615002
vt 0.60257792 0.10637838
vt 0.63172793 0.11615002
vt 0.60541773 0.09534663
vt 0.65087152 0.06641543
vt 0.62875628 0.05005944
vt 0.62058532 0.06373322
vt 0.63172793 0.11615002
vt 0.63898736 0.09809130
vt 0.60541773 0.09534663
vt 0.65235823 0.13544416
vt 0.62790078 0.13188183
vt 0.62359381 0.14444607
vt 0.69542444 0.07478517
vt 0.67630416 0.07083988
vt 0.68599218 0.07918155
vt 0.64690506 0.11577928
vt 0.63172793 0.11615002
vt 0.62790078 0.13188183
vt 0.53582424 0.12128937
vt 0.52747357 0.10654515
vt 0.52473438 0.12609512
vt 0.60257792 0.10637838
vt 0.56588840 0.11924148
vt 0.59498608 0.13076007
vt 0.58652854 0.10232121
vt 0.57596987 0.08214009
vt 0.56588840 0.11924148
vt 0.64690506 0.11577928
vt 0.66146308 0.10587043
vt 0.63898736 0.09809130
vt 0.59498608 0.13076007
vt 0.64497340 0.04765910
vt 0.64759833 0.03393501
vt 0.62875628 0.05005944
vt 0.62285441 0.04771870
vt 0.63540077 0.03500795
vt 0.61049795 0.07070225
vt 0.61100543 0.05834448
vt 0.60601658 0.06227410
vt 0.56588840 0.11924148
vt 0.56261766 0.10015070
vt 0.53582424 0.12128937
vt 0.52747357 0.10654515
vt 0.53582424 0.12128937
vt 0.54074228 0.09963459
vt 0.69747078 -0.00838625
vt 0.70073199 -0.02191257
vt 0.72972226 -0.00909042
vt 0.72172832 -0.01521361
vt 0.71672249 -0.00606215
vt 0.72477818 0.14243734
vt 0.74311376 0.13298309
vt 0.73007357 0.12230110
vt 0.65235823 0.13544416
vt 0.64690506 0.11577928
vt 0.62790078 0.13188183
vt 0.65983534 0.09412766
vt 0.64561987 0.08627486
vt 0.56261766 0.10015070
vt 0.55795670 0.09076411
vt 0.54074228 0.09963459
vt 0.60257792 0.10637838
vt 0.58652854 0.10232121
vt 0.56588840 0.11924148
vt 0.64201176 0.14401680
vt 0.65365797 0.14692301
vt 0.65235823 0.13544416
vt 0.66324347 0.02134311
vt 0.68283367 0.02192950
vt 0.66237128 0.00528020
vt 0.62058532 0.06373322
vt 0.62278843 0.04773015
vt 0.63916790 0.03076494
vt 0.74246001 -0.08822632
vt 0.73594874 -0.08872294
vt 0.72978926 -0.08199775
vt 0.60541773 0.09534663
vt 0.59662557 0.06987840
vt 0.58652854 0.10232121
vt 0.62278843 0.04773015
vt 0.63916790 0.03076494
vt 0.63259202 0.03688520
vt 0.63436091 0.10412669
vt 0.63898736 0.09809130
vt 0.63172793 0.11615002
vt 0.57596987 0.08214009
vt 0.55795670 0.09076411
vt 0.56261766 0.10015070
vt 0.56261766 0.10015070
vt 0.72823572 -0.05308521
vt 0.73535091 -0.06847203
vt 0.70690328 -0.05945396
vt 0.73155493 -0.04538631
vt 0.72823572 -0.05308521
vt 0.74634874 -0.07462835
vt 0.74246001 -0.08822632
vt 0.73535091 -0.06847203
vt 0.77458310 -0.08375442
vt 0.76580703 -0.09694982
vt 0.76036054 -0.08226931
vt 0.64789170 0.02174193
vt 0.64356494 0.02628529
vt 0.65235823 0.13544416
vt 0.67673892 0.12407041
vt 0.64690506 0.11577928
vt 0.64201176 0.14401680
vt 0.65235823 0.13544416
vt 0.62359381 0.14444607
vt 0.61049795 0.07070225
vt 0.60601658 0.06227410
vt 0.59885204 0.06825578
vt 0.66324347 0.02134311
vt 0.64789170 0.02174193
vt 0.64759833 0.03393501
vt 0.67184365 0.03575146
vt 0.64759833 0.03393501
vt 0.66008669 0.04804218
vt 0.60541773 0.09534663
vt 0.60347843 0.07603782
vt 0.59662557 0.06987840
vt 0.74299806 -0.04256988
vt 0.76444894 -0.05115414
vt 0.75101870 -0.05099630
vt 0.71818578 0.02517766
vt 0.72014058 0.09071970
vt 0.69542444 0.07478517
vt 0.70418596 0.09572101
vt 0.62728727 0.07872891
vt 0.62058532 0.06373322
vt 0.61049795 0.07070225
vt 0.66324347 0.02134311
vt 0.66237128 0.00528020
vt 0.65240967 0.01698720
vt 0.66324347 0.02134311
vt 0.65240967 0.01698720
vt 0.64789170 0.02174193
vt 0.59662557 0.06987840
vt 0.60347843 0.07603782
vt 0.59885204 0.06825578
vt 0.62177610 0.05386984
vt 0.61636668 0.05357003
vt 0.62875628 0.05005944
vt 0.62857795 0.04356432
vt 0.62177610 0.05386984
vt 0.62058532 0.06373322
vt 0.62875628 0.05005944
vt 0.61100543 0.05834448
vt 0.64759833 0.03393501
vt 0.64497340 0.04765910
vt 0.65087152 0.06641543
vt 0.66418022 0.06438231
vt 0.66008669 0.04804218
vt 0.67184365 0.03575146
vt 0.68283367 0.02192950
vt 0.64561987 0.08627486
vt 0.63984227 0.08123565
vt 0.62728727 0.07872891
vt 0.63984227 0.08123565
vt 0.64561987 0.08627486
vt 0.62728727 0.07872891
vt 0.63984227 0.08123565
vt 0.65087152 0.06641543
vt 0.67317671 0.08780164
vt 0.67630416 0.07083988
vt 0.65087152 0.06641543
vt 0.60257792 0.10637838
vt 0.59498608 0.13076007
vt 0.60257792 0.10637838
vt 0.60541773 0.09534663
vt 0.58652854 0.10232121
vt 0.63898736 0.09809130
vt 0.61797345 0.09267426
vt 0.60541773 0.09534663
vt 0.63436091 0.10412669
vt 0.63172793 0.11615002
vt 0.63436091 0.10412669
vt 0.64690506 0.11577928
vt 0.63898736 0.09809130
vt 0.76036054 -0.08226931
vt 0.74462104 -0.09119976
vt 0.74634874 -0.07462835
vt 0.75101870 -0.05099630
vt 0.77112031 -0.05815184
vt 0.74761802 -0.06125355
vt 0.68463731 0.10284072
vt 0.70418596 0.09572101
vt 0.67317671 0.08780164
vt 0.72172832 -0.01521361
vt 0.70073199 -0.02191257
vt 0.72823572 -0.05308521
vt 0.70690328 -0.05945396
vt 0.70329171 -0.05422342
vt 0.70418596 0.09572101
vt 0.69542444 0.07478517
vt 0.66665947 0.13714230
vt 0.67673892 0.12407041
vt 0.65235823 0.13544416
vt 0.68317878 0.05542350
vt 0.68595582 0.03677255
vt 0.67184365 0.03575146
vt 0.66418022 0.06438231
vt 0.67630416 0.07083988
vt 0.67353427 0.16891062
vt 0.69080800 0.15220863
vt 0.66192091 0.15370667
vt 0.69467884 0.16795301
vt 0.69080800 0.15220863
vt 0.67353427 0.16891062
vt 0.65464729 0.17649841
vt 0.66192091 0.15370667
vt 0.64775985 0.16425705
vt 0.66192091 0.15370667
vt 0.66665947 0.13714230
vt 0.65365797 0.14692301
vt 0.74885428 0.15161085
vt 0.73427826 0.14266431
vt 0.71549141 0.16270065
vt 0.73034298 0.19400305
vt 0.71500516 0.17193311
vt 0.70880103 0.18039775
vt 0.71500516 0.17193311
vt 0.71549141 0.16270065
vt 0.70109582 0.15685213
vt 0.71500516 0.17193311
vt 0.74238658 0.16524196
vt 0.71549141 0.16270065
vt 0.69467884 0.16795301
vt 0.70880103 0.18039775
vt 0.71500516 0.17193311
vt 0.67630416 0.07083988
vt 0.69010717 0.06462085
vt 0.68317878 0.05542350
vt 0.69080800 0.15220863
vt 0.69916493 0.14288676
vt 0.68184400 0.13816786
vt 0.71092904 0.14995646
vt 0.71881950 0.13392675
vt 0.69916493 0.14288676
vt 0.69916493 0.14288676
vt 0.71262991 0.12524021
vt 0.73356366 0.10831302
vt 0.74561167 0.09499693
vt 0.70481163 0.11119223
vt 0.72014058 0.09071970
vt 0.70418596 0.09572101
vt 0.73007357 0.12230110
vt 0.72014058 0.09071970
vt 0.70481163 0.11119223
vt 0.71262991 0.12524021
vt 0.70481163 0.11119223
vt 0.68463731 0.10284072
vt 0.73725116 0.07859772
vt 0.72425878 0.06742156
vt 0.72305793 0.08344442
vt 0.72425878 0.06742156
vt 0.72014058 0.09071970
vt 0.67317671 0.08780164
vt 0.68599218 0.07918155
vt 0.67630416 0.07083988
vt 0.69542444 0.07478517
vt 0.68599218 0.07918155
vt 0.67317671 0.08780164
vt 0.72305793 0.08344442
vt 0.73725116 0.07859772
vt 0.72425878 0.06742156
vt 0.73459303 0.03611416
vt 0.74394369 0.06152475
vt 0.75785887 0.02865326
vt 0.72505546 0.01976144
vt 0.73859680 0.02339673
vt 0.71617186 0.00633943
vt 0.71818578 0.02517766
vt 0.73459303 0.03611416
vt 0.72505546 0.01976144
vt 0.69882655 0.01313895
vt 0.70903862 0.02152818
vt 0.71617186 0.00633943
vt 0.69921649 0.04062510
vt 0.71551931 0.04606366
vt 0.70903862 0.02152818
vt 0.68283367 0.02192950
vt 0.69882655 0.01313895
vt 0.67353427 0.16891062
vt 0.66192091 0.15370667
vt 0.65464729 0.17649841
vt 0.69921649 0.04062510
vt 0.71708131 0.05566961
vt 0.71551931 0.04606366
vt 0.69010717 0.06462085
vt 0.69542444 0.07478517
vt 0.68317878 0.05542350
vt 0.73859680 0.02339673
vt 0.73411000 -0.00013220
vt 0.71672249 -0.00606215
vt 0.69916493 0.14288676
vt 0.69031489 0.12997848
vt 0.68184400 0.13816786
vt 0.60541773 0.09534663
vt 0.61797345 0.09267426
vt 0.60347843 0.07603782
vt 0.64792287 0.15380156
vt 0.64201176 0.14401680
vt 0.62359381 0.14444607
vt 0.65365797 0.14692301
vt 0.64201176 0.14401680
vt 0.66192091 0.15370667
vt 0.68184400 0.13816786
vt 0.66665947 0.13714230
vt 0.74885428 0.15161085
vt 0.71549141 0.16270065
vt 0.74238658 0.16524196
vt 0.74378526 -0.00896192
vt 0.75035787 -0.00208199
vt 0.77450317 -0.02608478
vt 0.73694813 0.17580593
vt 0.74238658 0.16524196
vt 0.71500516 0.17193311
vt 0.76036054 -0.08226931
vt 0.76580703 -0.09694982
vt 0.76019758 -0.09636807
vt 0.74634874 -0.07462835
vt 0.74462104 -0.09119976
vt 0.74246001 -0.08822632
vt 0.72014058 0.09071970
vt 0.71708131 0.05566961
vt 0.69542444 0.07478517
vt 0.73155493 -0.04538631
vt 0.74634874 -0.07462835
vt 0.73535091 -0.06847203
vt 0.71818578 0.02517766
vt 0.71617186 0.00633943
vt 0.70903862 0.02152818
vt 0.71818578 0.02517766
vt 0.72505546 0.01976144
vt 0.71617186 0.00633943
vt 0.71617186 0.00633943
vt 0.71672249 -0.00606215
vt 0.61797345 0.09267426
vt 0.64561987 0.08627486
vt 0.62728727 0.07872891
vt 0.70109582 0.15685213
vt 0.71549141 0.16270065
vt 0.66146308 0.10587043
vt 0.63898736 0.09809130
vt 0.56261766 0.10015070
vt 0.54074228 0.09963459
vt 0.53582424 0.12128937
vt 0.52747357 0.10654515
vt 0.52133834 0.10869968
vt 0.51197308 0.11318129
vt 0.74881530 -0.02601469
vt 0.77450317 -0.02608478
vt 0.75852031 -0.04118276
vt 0.68184400 0.13816786
vt 0.67673892 0.12407041
vt 0.73859680 0.02339673
vt 0.71672249 -0.00606215
vt 0.71617186 0.00633943
vt 0.74378526 -0.00896192
vt 0.77450317 -0.02608478
vt 0.74881530 -0.02601469
vt 0.72477818 0.14243734
vt 0.73427826 0.14266431
vt 0.74881530 -0.02601469
vt 0.74299806 -0.04256988
vt 0.73155493 -0.04538631
vt 0.72972226 -0.00909042
vt 0.72861016 -0.02641177
vt 0.72172832 -0.01521361
vt 0.73411000 -0.00013220
vt 0.72972226 -0.00909042
vt 0.72014058 0.09071970
vt 0.73725116 0.07859772
vt 0.72305793 0.08344442
vt 0.72861016 -0.02641177
vt 0.73155493 -0.04538631
vt 0.62278843 0.04773015
vt 0.63898736 0.09809130
vt 0.65983534 0.09412766
vt 0.64561987 0.08627486
vt 0.64561987 0.08627486
vt 0.61797345 0.09267426
vt 0.71740913 -0.02742124
vt 0.72172832 -0.01521361
vt 0.72861016 -0.02641177
vt 0.70073199 -0.02191257
vt 0.72172832 -0.01521361
vt 0.62278843 0.04773015
vt 0.63259202 0.03688520
vt 0.62898630 0.04041559
vt 0.68550611 -0.02566767
vt 0.69203317 -0.03619838
vt 0.75852031 -0.04118276
vt 0.76444894 -0.05115414
vt 0.74299806 -0.04256988
vt 0.73356366 0.10831302
vt 0.72014058 0.09071970
vt 0.62857795 0.04356432
vt 0.64759833 0.03393501
vt 0.75101870 -0.05099630
vt 0.74761802 -0.06125355
vt 0.73155493 -0.04538631
vt 0.63916790 0.03076494
vt 0.73459303 0.03611416
vt 0.73859680 0.02339673
vt 0.71708131 0.05566961
vt 0.74394369 0.06152475
vt 0.73459303 0.03611416
vt 0.61049795 0.07070225
vt 0.59885204 0.06825578
vt 0.60347843 0.07603782
vt 0.60601658 0.06227410
vt 0.60063958 0.06660521
vt 0.59885204 0.06825578
vt 0.74299806 -0.04256988
vt 0.75101870 -0.05099630
vt 0.73155493 -0.04538631
vt 0.61636668 0.05357003
vt 0.62285441 0.04771870
vt 0.61837190 0.05173945
vt 0.61636668 0.05357003
vt 0.62177610 0.05386984
vt 0.62285441 0.04771870
vt 0.67317671 0.08780164
vt 0.65087152 0.06641543
vt 0.64561987 0.08627486
vt 0.52473438 0.12609512
vt 0.52747357 0.10654515
vt 0.51197308 0.11318129
vt 0.68595582 0.03677255
vt 0.69921649 0.04062510
vt 0.68283367 0.02192950
vt 0.52147174 0.19214153
vt 0.50220442 0.19137943
vt 0.51495069 0.21156669
vt 0.54500437 0.25244904
vt 0.54771352 0.26629865
vt 0.55668879 0.26558006
vt 0.54500437 0.25244904
vt 0.56293607 0.24969220
vt 0.55246824 0.23840880
vt 0.53350300 0.14153612
vt 0.52473438 0.12609512
vt 0.51984328 0.13429481
vt 0.53177226 0.23079228
vt 0.50645620 0.23033798
vt 0.51954353 0.24497128
vt 0.48755896 0.22612321
vt 0.47833148 0.21866852
vt 0.47323978 0.22986841
vt 0.74611974 0.21175355
vt 0.71276832 0.22191221
vt 0.72955680 0.23616695
vt 0.48646331 0.19451290
vt 0.48647606 0.20692462
vt 0.48303276 0.25545424
vt 0.51577389 0.26576972
vt 0.49940526 0.24830997
vt 0.66049564 0.19381368
vt 0.64247215 0.20044065
vt 0.65197581 0.22379488
vt 0.48489487 0.31901634
vt 0.50305092 0.31361246
vt 0.48458856 0.30724496
vt 0.48987502 0.27562761
vt 0.51577389 0.26576972
vt 0.48303276 0.25545424
vt 0.70577830 0.22912449
vt 0.69987226 0.21708375
vt 0.68781710 0.23987556
vt 0.70851672 0.26327181
vt 0.71141785 0.28093630
vt 0.72500801 0.25865924
vt 0.71425879 0.24808478
vt 0.70577830 0.22912449
vt 0.70851672 0.26327181
vt 0.73034298 0.19400305
vt 0.71574152 0.19397062
vt 0.74054635 0.22590768
vt 0.74611974 0.21175355
vt 0.72955680 0.23616695
vt 0.75675964 0.24515772
vt 0.75165761 0.26768231
vt 0.76342154 0.26918840
vt 0.47162497 0.28094614
vt 0.48987502 0.27562761
vt 0.47199300 0.26878333
vt 0.51577389 0.26576972
vt 0.53985029 0.26919806
vt 0.53231734 0.24999338
vt 0.50305092 0.31361246
vt 0.53348511 0.30440712
vt 0.52424735 0.29282653
vt 0.67953706 0.19206983
vt 0.66049564 0.19381368
vt 0.65197581 0.22379488
vt 0.64154887 0.27618152
vt 0.63665843 0.30025041
vt 0.65393639 0.27624869
vt 0.65197581 0.22379488
vt 0.65221214 0.23845291
vt 0.66569501 0.25023323
vt 0.81574106 0.26262105
vt 0.83261675 0.25535899
vt 0.80698347 0.24288088
vt 0.61963391 0.22373962
vt 0.65197581 0.22379488
vt 0.64247215 0.20044065
vt 0.59659028 0.20471269
vt 0.61963391 0.22373962
vt 0.62525296 0.20071995
vt 0.73757279 0.27407467
vt 0.75165761 0.26768231
vt 0.69166911 0.30246216
vt 0.69450873 0.31375158
vt 0.70197278 0.31079423
vt 0.74054635 0.22590768
vt 0.75486523 0.21233737
vt 0.75486523 0.21233737
vt 0.74054635 0.22590768
vt 0.74835348 0.23881233
vt 0.60628545 0.18887341
vt 0.58795428 0.17672884
vt 0.59659028 0.20471269
vt 0.56945121 0.18022978
vt 0.54831958 0.18574560
vt 0.55912399 0.19968402
vt 0.50447416 0.12990344
vt 0.50635475 0.11790276
vt 0.49682486 0.12016737
vt 0.52147174 0.19214153
vt 0.53519577 0.16457719
vt 0.51228267 0.18078673
vt 0.63895601 0.17103732
vt 0.62558705 0.16099441
vt 0.61807841 0.17099273
vt 0.52424735 0.29282653
vt 0.53348511 0.30440712
vt 0.53077412 0.29035294
vt 0.64247215 0.20044065
vt 0.63895601 0.17103732
vt 0.62204146 0.18441689
vt 0.55912399 0.19968402
vt 0.54831958 0.18574560
vt 0.55230451 0.22072864
vt 0.64247215 0.20044065
vt 0.62204146 0.18441689
vt 0.62525296 0.20071995
vt 0.51228267 0.18078673
vt 0.51125300 0.15908593
vt 0.50056225 0.17382038
vt 0.59677887 0.16395688
vt 0.59938806 0.14891183
vt 0.58235842 0.16435504
vt 0.50447416 0.12990344
vt 0.49682486 0.12016737
vt 0.48390085 0.12705374
vt 0.60876703 0.31282359
vt 0.61487472 0.31499994
vt 0.61804008 0.31596696
vt 0.75486523 0.21233737
vt 0.74835348 0.23881233
vt 0.76824588 0.21558809
vt 0.73071265 0.29804379
vt 0.73839843 0.29511309
vt 0.72947890 0.27985859
vt 0.73839843 0.29511309
vt 0.74675083 0.29138792
vt 0.75353801 0.28733075
vt 0.73757279 0.27407467
vt 0.72947890 0.27985859
vt 0.75165761 0.26768231
vt 0.65221214 0.23845291
vt 0.64314497 0.25673211
vt 0.66569501 0.25023323
vt 0.67296731 0.26697022
vt 0.67286372 0.28785205
vt 0.63712645 0.31775594
vt 0.64412194 0.32209748
vt 0.65033722 0.31610656
vt 0.59938806 0.14891183
vt 0.57713675 0.14989960
vt 0.58235842 0.16435504
vt 0.65033722 0.31610656
vt 0.62829393 0.31351489
vt 0.63712645 0.31775594
vt 0.48982021 0.29351413
vt 0.51131797 0.29582947
vt 0.50681317 0.28866541
vt 0.67044705 0.22277570
vt 0.66569501 0.25023323
vt 0.67607433 0.23800462
vt 0.49940526 0.24830997
vt 0.51577389 0.26576972
vt 0.51954353 0.24497128
vt 0.56172013 0.30170047
vt 0.57004452 0.30334520
vt 0.55955148 0.29518855
vt 0.61963391 0.22373962
vt 0.59201455 0.24161828
vt 0.62172109 0.23982161
vt 0.60414100 0.30703270
vt 0.59810781 0.30933279
vt 0.60313827 0.31100571
vt 0.55542636 0.30034769
vt 0.55955148 0.29518855
vt 0.55217814 0.28560829
vt 0.61013460 0.15555555
vt 0.62359381 0.14444607
vt 0.59938806 0.14891183
vt 0.69900030 0.19415909
vt 0.67813683 0.21727407
vt 0.68781710 0.23987556
vt 0.66294485 0.31304461
vt 0.67756766 0.31722772
vt 0.69166911 0.30246216
vt 0.80247551 0.26858228
vt 0.79309207 0.25315702
vt 0.78648877 0.26738429
vt 0.65197581 0.22379488
vt 0.67044705 0.22277570
vt 0.67813683 0.21727407
vt 0.71276832 0.22191221
vt 0.69987226 0.21708375
vt 0.70577830 0.22912449
vt 0.72500801 0.25865924
vt 0.72947890 0.27985859
vt 0.71141785 0.28093630
vt 0.72947890 0.27985859
vt 0.72500801 0.25865924
vt 0.68922734 0.19101226
vt 0.67953706 0.19206983
vt 0.69900030 0.19415909
vt 0.61103112 0.31360716
vt 0.61487472 0.31499994
vt 0.60876703 0.31282359
vt 0.68795520 0.27420515
vt 0.69166911 0.30246216
vt 0.71141785 0.28093630
vt 0.59659028 0.20471269
vt 0.62525296 0.20071995
vt 0.60628545 0.18887341
vt 0.62525296 0.20071995
vt 0.62204146 0.18441689
vt 0.60628545 0.18887341
vt 0.65033722 0.31610656
vt 0.65426719 0.32226366
vt 0.65825367 0.32100946
vt 0.61807841 0.17099273
vt 0.60232508 0.17855501
vt 0.60232508 0.17855501
vt 0.61807841 0.17099273
vt 0.59677887 0.16395688
vt 0.71574152 0.19397062
vt 0.69900030 0.19415909
vt 0.69987226 0.21708375
vt 0.68781710 0.23987556
vt 0.70851672 0.26327181
vt 0.70577830 0.22912449
vt 0.61807841 0.17099273
vt 0.61013460 0.15555555
vt 0.59677887 0.16395688
vt 0.65464729 0.17649841
vt 0.64775985 0.16425705
vt 0.63895601 0.17103732
vt 0.64775985 0.16425705
vt 0.64792287 0.15380156
vt 0.63895601 0.17103732
vt 0.50056225 0.17382038
vt 0.47478634 0.18941683
vt 0.48646331 0.19451290
vt 0.54831958 0.18574560
vt 0.53519577 0.16457719
vt 0.52147174 0.19214153
vt 0.58235842 0.16435504
vt 0.57713675 0.14989960
vt 0.55532730 0.16458744
vt 0.52663147 0.21489102
vt 0.52147174 0.19214153
vt 0.51495069 0.21156669
vt 0.52663147 0.21489102
vt 0.54831958 0.18574560
vt 0.52147174 0.19214153
vt 0.58795428 0.17672884
vt 0.58284986 0.19476140
vt 0.60628545 0.18887341
vt 0.60232508 0.17855501
vt 0.58795428 0.17672884
vt 0.49737418 0.21585113
vt 0.50220442 0.19137943
vt 0.68795520 0.27420515
vt 0.71141785 0.28093630
vt 0.70851672 0.26327181
vt 0.69166911 0.30246216
vt 0.67756766 0.31722772
vt 0.68413311 0.31592309
vt 0.83261675 0.25535899
vt 0.83554476 0.25402117
vt 0.82884848 0.24397480
vt 0.80689740 0.26706296
vt 0.80781579 0.26469249
vt 0.80247551 0.26858228
vt 0.51146269 0.14383954
vt 0.51984328 0.13429481
vt 0.50447416 0.12990344
vt 0.48561364 0.24181485
vt 0.48755896 0.22612321
vt 0.47323978 0.22986841
vt 0.51146269 0.14383954
vt 0.50447416 0.12990344
vt 0.49937230 0.14435852
vt 0.67087573 0.31851256
vt 0.66387856 0.31981230
vt 0.66796315 0.31939745
vt 0.51125300 0.15908593
vt 0.51146269 0.14383954
vt 0.49937230 0.14435852
vt 0.50220442 0.19137943
vt 0.48646331 0.19451290
vt 0.50645620 0.23033798
vt 0.48755896 0.22612321
vt 0.48561364 0.24181485
vt 0.49737418 0.21585113
vt 0.48647606 0.20692462
vt 0.47833148 0.21866852
vt 0.51954353 0.24497128
vt 0.50645620 0.23033798
vt 0.49940526 0.24830997
vt 0.78937531 0.27394438
vt 0.80247551 0.26858228
vt 0.78648877 0.26738429
vt 0.54500437 0.25244904
vt 0.55668879 0.26558006
vt 0.56293607 0.24969220
vt 0.58161640 0.30577344
vt 0.60414100 0.30703270
vt 0.59661281 0.27154696
vt 0.57850945 0.22370666
vt 0.61963391 0.22373962
vt 0.51131797 0.29582947
vt 0.52424735 0.29282653
vt 0.50681317 0.28866541
vt 0.48982021 0.29351413
vt 0.50681317 0.28866541
vt 0.48987502 0.27562761
vt 0.79829299 0.25499648
vt 0.80698347 0.24288088
vt 0.79309207 0.25315702
vt 0.79019397 0.23636991
vt 0.79089171 0.22115070
vt 0.77170205 0.24073714
vt 0.52663147 0.21489102
vt 0.50645620 0.23033798
vt 0.50056225 0.17382038
vt 0.49598283 0.15896761
vt 0.48263264 0.17055416
vt 0.62829393 0.31351489
vt 0.61804008 0.31596696
vt 0.62519062 0.31851262
vt 0.51228267 0.18078673
vt 0.50056225 0.17382038
vt 0.50220442 0.19137943
vt 0.62829393 0.31351489
vt 0.60876703 0.31282359
vt 0.61804008 0.31596696
vt 0.60876703 0.31282359
vt 0.60313827 0.31100571
vt 0.60514432 0.31168866
vt 0.63665843 0.30025041
vt 0.60414100 0.30703270
vt 0.60876703 0.31282359
vt 0.52424735 0.29282653
vt 0.53077412 0.29035294
vt 0.54095197 0.27666098
vt 0.53985029 0.26919806
vt 0.54756367 0.30038822
vt 0.55217814 0.28560829
vt 0.54095197 0.27666098
vt 0.78226137 0.24049562
vt 0.79019397 0.23636991
vt 0.77170205 0.24073714
vt 0.77170205 0.24073714
vt 0.76971745 0.22701895
vt 0.75675964 0.24515772
vt 0.55217814 0.28560829
vt 0.55668879 0.26558006
vt 0.54095197 0.27666098
vt 0.77729487 0.26282018
vt 0.77170205 0.24073714
vt 0.76342154 0.26918840
vt 0.55668879 0.26558006
vt 0.57574821 0.27545524
vt 0.56926095 0.26077962
vt 0.77170205 0.24073714
vt 0.76342154 0.26918840
vt 0.76265967 0.28365815
vt 0.76342154 0.26918840
vt 0.75353801 0.28733075
vt 0.56293607 0.24969220
vt 0.58493209 0.25561452
vt 0.59201455 0.24161828
vt 0.53985029 0.26919806
vt 0.54500437 0.25244904
vt 0.53231734 0.24999338
vt 0.58493209 0.25561452
vt 0.59661281 0.27154696
vt 0.60418499 0.25808799
vt 0.54756367 0.30038822
vt 0.54095197 0.27666098
vt 0.53077412 0.29035294
vt 0.59661281 0.27154696
vt 0.60414100 0.30703270
vt 0.63665843 0.30025041
vt 0.62516469 0.27008653
vt 0.59661281 0.27154696
vt 0.63665843 0.30025041
vt 0.61963391 0.22373962
vt 0.62172109 0.23982161
vt 0.65197581 0.22379488
vt 0.64314497 0.25673211
vt 0.57850945 0.22370666
vt 0.59201455 0.24161828
vt 0.61963391 0.22373962
vt 0.55246824 0.23840880
vt 0.53231734 0.24999338
vt 0.54500437 0.25244904
vt 0.53985029 0.26919806
vt 0.54095197 0.27666098
vt 0.54771352 0.26629865
vt 0.53985029 0.26919806
vt 0.54771352 0.26629865
vt 0.54500437 0.25244904
vt 0.57850945 0.22370666
vt 0.57652855 0.23544902
vt 0.59201455 0.24161828
vt 0.56926095 0.26077962
vt 0.57574821 0.27545524
vt 0.58436894 0.26593673
vt 0.55542636 0.30034769
vt 0.56172013 0.30170047
vt 0.55955148 0.29518855
vt 0.46254340 0.32569009
vt 0.48489487 0.31901634
vt 0.48458856 0.30724496
vt 0.65033722 0.31610656
vt 0.63665843 0.30025041
vt 0.64314497 0.25673211
vt 0.62516469 0.27008653
vt 0.51131797 0.29582947
vt 0.71574152 0.19397062
vt 0.71276832 0.22191221
vt 0.48458856 0.30724496
vt 0.48982021 0.29351413
vt 0.47162497 0.28094614
vt 0.48982021 0.29351413
vt 0.48987502 0.27562761
vt 0.55955148 0.29518855
vt 0.57004452 0.30334520
vt 0.58680648 0.28608161
vt 0.55542636 0.30034769
vt 0.55217814 0.28560829
vt 0.67953706 0.19206983
vt 0.69342399 0.17496133
vt 0.67353427 0.16891062
vt 0.67953706 0.19206983
vt 0.66049564 0.19381368
vt 0.66049564 0.19381368
vt 0.67353427 0.16891062
vt 0.65464729 0.17649841
vt 0.55955148 0.29518855
vt 0.55668879 0.26558006
vt 0.65426719 0.32226366
vt 0.64836234 0.32230341
vt 0.64925897 0.32296008
vt 0.57652855 0.23544902
vt 0.56293607 0.24969220
vt 0.71574152 0.19397062
vt 0.76824588 0.21558809
vt 0.75675964 0.24515772
vt 0.76971745 0.22701895
vt 0.56293607 0.24969220
vt 0.56926095 0.26077962
vt 0.58493209 0.25561452
vt 0.69900030 0.19415909
vt 0.68922734 0.19101226
vt 0.67296731 0.26697022
vt 0.67286372 0.28785205
vt 0.68795520 0.27420515
vt 0.67044705 0.22277570
vt 0.68781710 0.23987556
vt 0.67813683 0.21727407
vt 0.69166911 0.30246216
vt 0.68671727 0.31539941
vt 0.69034123 0.31467438
vt 0.56293607 0.24969220
vt 0.55668879 0.26558006
vt 0.56926095 0.26077962
vt 0.66294485 0.31304461
vt 0.69166911 0.30246216
vt 0.67286372 0.28785205
vt 0.71425879 0.24808478
vt 0.72500801 0.25865924
vt 0.74835348 0.23881233
vt 0.74054635 0.22590768
vt 0.70197278 0.31079423
vt 0.70712733 0.30862236
vt 0.73071265 0.29804379
vt 0.67296731 0.26697022
vt 0.66569501 0.25023323
vt 0.67953706 0.19206983
vt 0.65197581 0.22379488
vt 0.67813683 0.21727407
vt 0.84391809 0.25019634
vt 0.85520476 0.24457395
vt 0.82884848 0.24397480
vt 0.60418499 0.25808799
vt 0.62516469 0.27008653
vt 0.62172109 0.23982161
vt 0.59201455 0.24161828
vt 0.62172109 0.23982161
vt 0.60876703 0.31282359
vt 0.62829393 0.31351489
vt 0.85520476 0.24457395
vt 0.86054569 0.24257272
vt 0.86500454 0.24013025
vt 0.65197581 0.22379488
vt 0.66569501 0.25023323
vt 0.62829393 0.31351489
vt 0.63110358 0.31962055
vt 0.63712645 0.31775594
vt 0.60414100 0.30703270
vt 0.60313827 0.31100571
vt 0.60876703 0.31282359
vt 0.62829393 0.31351489
vt 0.62519062 0.31851262
vt 0.63110358 0.31962055
vt 0.48390085 0.12705374
vt 0.49937230 0.14435852
vt 0.49937230 0.14435852
vt 0.48390085 0.12705374
vt 0.48186147 0.14235830
vt 0.48263264 0.17055416
vt 0.47478634 0.18941683
vt 0.75675964 0.24515772
vt 0.75165761 0.26768231
vt 0.72947890 0.27985859
vt 0.75353801 0.28733075
vt 0.78937531 0.27394438
vt 0.78648877 0.26738429
vt 0.77335048 0.28048027
vt 0.79309207 0.25315702
vt 0.79019397 0.23636991
vt 0.78226137 0.24049562
vt 0.77170205 0.24073714
vt 0.78281379 0.21809226
vt 0.76971745 0.22701895
vt 0.69166911 0.30246216
vt 0.70197278 0.31079423
vt 0.69166911 0.30246216
vt 0.73071265 0.29804379
vt 0.79983276 0.22721565
vt 0.79089171 0.22115070
vt 0.79019397 0.23636991
vt 0.80781579 0.26469249
vt 0.79829299 0.25499648
vt 0.80247551 0.26858228
vt 0.83261675 0.25535899
vt 0.81960940 0.23906803
vt 0.80698347 0.24288088
vt 0.73071265 0.29804379
vt 0.72947890 0.27985859
vt 0.74835348 0.23881233
vt 0.75165761 0.26768231
vt 0.74835348 0.23881233
vt 0.72955680 0.23616695
vt 0.72500801 0.25865924
vt 0.74835348 0.23881233
vt 0.75165761 0.26768231
vt 0.72955680 0.23616695
vt 0.72500801 0.25865924
vt 0.72955680 0.23616695
vt 0.71276832 0.22191221
vt 0.69900030 0.19415909
vt 0.68781710 0.23987556
vt 0.63665843 0.30025041
vt 0.65033722 0.31610656
vt 0.66294485 0.31304461
vt 0.72947890 0.27985859
vt 0.73839843 0.29511309
vt 0.75353801 0.28733075
vt 0.75165761 0.26768231
vt 0.75353801 0.28733075
vt 0.76342154 0.26918840
vt 0.79309207 0.25315702
vt 0.80698347 0.24288088
vt 0.79019397 0.23636991
vt 0.77729487 0.26282018
vt 0.79309207 0.25315702
vt 0.78226137 0.24049562
vt 0.67044705 0.22277570
vt 0.67607433 0.23800462
vt 0.63665843 0.30025041
vt 0.67286372 0.28785205
vt 0.67286372 0.28785205
vt 0.63665843 0.30025041
vt 0.66294485 0.31304461
vt 0.69900030 0.19415909
vt 0.71574152 0.19397062
vt 0.70880103 0.18039775
vt 0.76265967 0.28365815
vt 0.77729487 0.26282018
vt 0.76342154 0.26918840
vt 0.69166911 0.30246216
vt 0.69034123 0.31467438
vt 0.69450873 0.31375158
vt 0.77335048 0.28048027
vt 0.76265967 0.28365815
vt 0.82884848 0.24397480
vt 0.81960940 0.23906803
vt 0.81960940 0.23906803
vt 0.83897513 0.22505111
vt 0.82157457 0.22417426
vt 0.81574106 0.26262105
vt 0.80698347 0.24288088
vt 0.79829299 0.25499648
vt 0.80698347 0.24288088
vt 0.79983276 0.22721565
vt 0.79019397 0.23636991
vt 0.77729487 0.26282018
vt 0.78648877 0.26738429
vt 0.79309207 0.25315702
vt 0.81960940 0.23906803
vt 0.78226137 0.24049562
vt 0.77170205 0.24073714
vt 0.77729487 0.26282018
vt 0.66049564 0.19381368
vt 0.65464729 0.17649841
vt 0.64247215 0.20044065
vt 0.68922734 0.19101226
vt 0.69342399 0.17496133
vt 0.67953706 0.19206983
vt 0.69342399 0.17496133
vt 0.47199300 0.26878333
vt 0.48987502 0.27562761
vt 0.53350300 0.14153612
vt 0.51146269 0.14383954
vt 0.52651048 0.15991294
vt 0.52473438 0.12609512
vt 0.51197308 0.11318129
vt 0.51984328 0.13429481
vt 0.68795520 0.27420515
vt 0.69166911 0.30246216
vt 0.50305092 0.31361246
vt 0.51380050 0.31050092
vt 0.53348511 0.30440712
vt 0.49937230 0.14435852
vt 0.48186147 0.14235830
vt 0.49598283 0.15896761
vt 0.78937531 0.27394438
vt 0.79669333 0.27109885
vt 0.80247551 0.26858228
vt 0.80247551 0.26858228
vt 0.79829299 0.25499648
vt 0.79309207 0.25315702
vt 0.80781579 0.26469249
vt 0.81574106 0.26262105
vt 0.79829299 0.25499648
vt 0.54771352 0.26629865
vt 0.56588840 0.11924148
vt 0.53350300 0.14153612
vt 0.55101728 0.14859200
vt 0.59498608 0.13076007
vt 0.56588840 0.11924148
vt 0.57713675 0.14989960
vt 0.59938806 0.14891183
vt 0.59498608 0.13076007
vt 0.57713675 0.14989960
vt 0.63895601 0.17103732
vt 0.64247215 0.20044065
vt 0.64792287 0.15380156
vt 0.62359381 0.14444607
vt 0.63895601 0.17103732
vt 0.58161640 0.30577344
vt 0.59810781 0.30933279
vt 0.60414100 0.30703270
vt 0.53077412 0.29035294
vt 0.53348511 0.30440712
vt 0.54756367 0.30038822
vt 0.52147174 0.19214153
vt 0.51228267 0.18078673
vt 0.50220442 0.19137943
vt 0.83554476 0.25402117
vt 0.84021336 0.25178403
vt 0.82884848 0.24397480
vt 0.58680648 0.28608161
vt 0.58161640 0.30577344
vt 0.59661281 0.27154696
vt 0.55668879 0.26558006
vt 0.55955148 0.29518855
vt 0.57574821 0.27545524
vt 0.55955148 0.29518855
vt 0.58680648 0.28608161
vt 0.58680648 0.28608161
vt 0.57004452 0.30334520
vt 0.58161640 0.30577344
vt 0.65197581 0.22379488
vt 0.64314497 0.25673211
vt 0.65221214 0.23845291
vt 0.61963391 0.22373962
vt 0.64247215 0.20044065
vt 0.62172109 0.23982161
vt 0.64314497 0.25673211
vt 0.68671727 0.31539941
vt 0.69166911 0.30246216
vt 0.68413311 0.31592309
vt 0.51495069 0.21156669
vt 0.49737418 0.21585113
vt 0.50645620 0.23033798
vt 0.49737418 0.21585113
vt 0.47833148 0.21866852
vt 0.48755896 0.22612321
vt 0.64412194 0.32209748
vt 0.63712645 0.31775594
vt 0.63667107 0.32110250
vt 0.54831958 0.18574560
vt 0.55532730 0.16458744
vt 0.53519577 0.16457719
vt 0.56945121 0.18022978
vt 0.58235842 0.16435504
vt 0.55532730 0.16458744
vt 0.55230451 0.22072864
vt 0.52663147 0.21489102
vt 0.76971745 0.22701895
vt 0.78281379 0.21809226
vt 0.76824588 0.21558809
vt 0.58795428 0.17672884
vt 0.56945121 0.18022978
vt 0.67087573 0.31851256
vt 0.65825367 0.32100946
vt 0.66387856 0.31981230
vt 0.66294485 0.31304461
vt 0.65825367 0.32100946
vt 0.47323978 0.22986841
vt 0.47260648 0.24280691
vt 0.49940526 0.24830997
vt 0.50645620 0.23033798
vt 0.48561364 0.24181485
vt 0.51495069 0.21156669
vt 0.58436894 0.26593673
vt 0.66569501 0.25023323
vt 0.80689740 0.26706296
vt 0.81574106 0.26262105
vt 0.53519577 0.16457719
vt 0.52651048 0.15991294
vt 0.51125300 0.15908593
vt 0.49940526 0.24830997
vt 0.48561364 0.24181485
vt 0.48303276 0.25545424
vt 0.51984328 0.13429481
vt 0.50635475 0.11790276
vt 0.50447416 0.12990344
vt 0.53350300 0.14153612
vt 0.52651048 0.15991294
vt 0.51984328 0.13429481
vt 0.53350300 0.14153612
vt 0.52473438 0.12609512
vt 0.48561364 0.24181485
vt 0.47260648 0.24280691
vt 0.48303276 0.25545424
vt 0.55532730 0.16458744
vt 0.57713675 0.14989960
vt 0.55101728 0.14859200
vt 0.57713675 0.14989960
vt 0.55101728 0.14859200
vt 0.63895601 0.17103732
vt 0.62359381 0.14444607
vt 0.62558705 0.16099441
vt 0.57850945 0.22370666
vt 0.55912399 0.19968402
vt 0.55230451 0.22072864
vt 0.58284986 0.19476140
vt 0.58795428 0.17672884
vt 0.81574106 0.26262105
vt 0.82694703 0.25796664
vt 0.83261675 0.25535899
vt 0.62558705 0.16099441
vt 0.62359381 0.14444607
vt 0.61013460 0.15555555
vt 0.59677887 0.16395688
vt 0.58235842 0.16435504
vt 0.58795428 0.17672884
vt 0.58284986 0.19476140
vt 0.55912399 0.19968402
vt 0.57850945 0.22370666
vt 0.60232508 0.17855501
vt 0.59677887 0.16395688
vt 0.58795428 0.17672884
vt 0.58284986 0.19476140
vt 0.56945121 0.18022978
vt 0.52663147 0.21489102
vt 0.53177226 0.23079228
vt 0.65426719 0.32226366
vt 0.64836234 0.32230341
vt 0.63712645 0.31775594
vt 0.63110358 0.31962055
vt 0.63667107 0.32110250
vt 0.62204146 0.18441689
vt 0.60232508 0.17855501
vt 0.60628545 0.18887341
vt 0.69900030 0.19415909
vt 0.67953706 0.19206983
vt 0.53177226 0.23079228
vt 0.55246824 0.23840880
vt 0.48458856 0.30724496
vt 0.50305092 0.31361246
vt 0.56945121 0.18022978
vt 0.54831958 0.18574560
vt 0.53519577 0.16457719
vt 0.51125300 0.15908593
vt 0.55101728 0.14859200
vt 0.53350300 0.14153612
vt 0.45652747 0.31939530
vt 0.46254340 0.32569009
vt 0.62558705 0.16099441
vt 0.61013460 0.15555555
vt 0.61807841 0.17099273
vt 0.51125300 0.15908593
vt 0.49937230 0.14435852
vt 0.49598283 0.15896761
vt 0.83261675 0.25535899
vt 0.82884848 0.24397480
vt 0.81960940 0.23906803
vt 0.78648877 0.26738429
vt 0.77729487 0.26282018
vt 0.76265967 0.28365815
vt 0.77170205 0.24073714
vt 0.79089171 0.22115070
vt 0.78281379 0.21809226
vt 0.64836234 0.32230341
vt 0.65033722 0.31610656
vt 0.64412194 0.32209748
vt 0.67087573 0.31851256
vt 0.65825367 0.32100946
vt 0.51125300 0.15908593
vt 0.49598283 0.15896761
vt 0.50056225 0.17382038
vt 0.66294485 0.31304461
vt 0.67087573 0.31851256
vt 0.67756766 0.31722772
vt 0.68781710 0.23987556
vt 0.67296731 0.26697022
vt 0.85520476 0.24457395
vt 0.83897513 0.22505111
vt 0.55230451 0.22072864
vt 0.55246824 0.23840880
vt 0.57850945 0.22370666
vt 0.51954353 0.24497128
vt 0.51577389 0.26576972
vt 0.53231734 0.24999338
vt 0.53177226 0.23079228
vt 0.51954353 0.24497128
vt 0.55246824 0.23840880
vt 0.58436894 0.26593673
vt 0.57574821 0.27545524
vt 0.58493209 0.25561452
vt 0.58436894 0.26593673
vt 0.59661281 0.27154696
vt 0.52424735 0.29282653
vt 0.54095197 0.27666098
vt 0.53985029 0.26919806
vt 0.61013460 0.15555555
vt 0.59938806 0.14891183
vt 0.59677887 0.16395688
vt 0.52651048 0.15991294
vt 0.51146269 0.14383954
vt 0.51125300 0.15908593
vt 0.55246824 0.23840880
vt 0.57652855 0.23544902
vt 0.68781710 0.23987556
vt 0.67607433 0.23800462
vt 0.66569501 0.25023323
vt 0.56293607 0.24969220
vt 0.57652855 0.23544902
vt 0.51954353 0.24497128
vt 0.53231734 0.24999338
vt 0.51984328 0.13429481
vt 0.51197308 0.11318129
vt 0.50635475 0.11790276
vt 0.58680648 0.28608161
vt 0.59659028 0.20471269
vt 0.58284986 0.19476140
vt 0.57850945 0.22370666
vt 0.58493209 0.25561452
vt 0.60418499 0.25808799
vt 0.59201455 0.24161828
vt 0.63895601 0.17103732
vt 0.61807841 0.17099273
vt 0.62204146 0.18441689
vt 0.52663147 0.21489102
vt 0.50645620 0.23033798
vt 0.48755896 0.22612321
vt 0.84021336 0.25178403
vt 0.84391809 0.25019634
vt 0.82884848 0.24397480
vt 0.71276832 0.22191221
vt 0.70577830 0.22912449
vt 0.71425879 0.24808478
vt 0.70851672 0.26327181
vt 0.48987502 0.27562761
vt 0.50681317 0.28866541
vt 0.55101728 0.14859200
vt 0.53519577 0.16457719
vt 0.56588840 0.11924148
vt 0.53582424 0.12128937
vt 0.50681317 0.28866541
vt 0.48982021 0.29351413
vt 0.51131797 0.29582947
vt 0.62172109 0.23982161
vt 0.64314497 0.25673211
vt 0.65197581 0.22379488
vt 0.62516469 0.27008653
vt 0.60418499 0.25808799
vt 0.62516469 0.27008653
vt 0.32279658 0.51412261
vt 0.33594888 0.50043106
vt 0.30765277 0.50057358
vt 0.33793473 0.52810699
vt 0.34116796 0.51606590
vt 0.33858484 0.50674063
vt 0.34116796 0.51606590
vt 0.34783730 0.51979542
vt 0.35005885 0.50267589
vt 0.34213459 0.54801041
vt 0.34152234 0.55341876
vt 0.34349516 0.55016863
vt 0.32225287 0.55348474
vt 0.34213459 0.54801041
vt 0.33526373 0.54346478
vt 0.34116796 0.51606590
vt 0.35005885 0.50267589
vt 0.33858484 0.50674063
vt 0.33058158 0.52245873
vt 0.33793473 0.52810699
vt 0.33858484 0.50674063
vt 0.25935286 0.52940392
vt 0.27327326 0.51443166
vt 0.26077265 0.49443948
vt 0.27327326 0.51443166
vt 0.28018868 0.50313264
vt 0.30441651 0.54557037
vt 0.31260559 0.53630543
vt 0.28758988 0.54014248
vt 0.31260559 0.53630543
vt 0.29904002 0.51707578
vt 0.34213459 0.54801041
vt 0.34595877 0.53495485
vt 0.33793473 0.52810699
vt 0.31690928 0.51758993
vt 0.33526373 0.54346478
vt 0.33058158 0.52245873
vt 0.28007382 0.54238713
vt 0.28758988 0.54014248
vt 0.28346676 0.52338713
vt 0.28758988 0.54014248
vt 0.29904002 0.51707578
vt 0.28346676 0.52338713
vt 0.32225287 0.55348474
vt 0.31260559 0.53630543
vt 0.30441651 0.54557037
vt 0.25935286 0.52940392
vt 0.28346676 0.52338713
vt 0.27327326 0.51443166
vt 0.33793473 0.52810699
vt 0.34783730 0.51979542
vt 0.34116796 0.51606590
vt 0.34213459 0.54801041
vt 0.33793473 0.52810699
vt 0.33526373 0.54346478
vt 0.32279658 0.51412261
vt 0.33058158 0.52245873
vt 0.33594888 0.50043106
vt 0.31690928 0.51758993
vt 0.32279658 0.51412261
vt 0.30765277 0.50057358
vt 0.29904002 0.51707578
vt 0.30004281 0.50029391
vt 0.28018868 0.50313264
vt 0.22349057 0.50908685
vt 0.23080847 0.52973258
vt 0.23672952 0.50846213
vt 0.29904002 0.51707578
vt 0.31690928 0.51758993
vt 0.30004281 0.50029391
vt 0.28018868 0.50313264
vt 0.33793473 0.52810699
vt 0.33526373 0.54346478
vt 0.33793473 0.52810699
vt 0.33058158 0.52245873
vt 0.33526373 0.54346478
vt 0.31260559 0.53630543
vt 0.25935286 0.52940392
vt 0.28007382 0.54238713
vt 0.28346676 0.52338713
vt 0.23672952 0.50846213
vt 0.25935286 0.52940392
vt 0.26077265 0.49443948
vt 0.23080847 0.52973258
vt 0.25935286 0.52940392
vt 0.23672952 0.50846213
vt 0.31690928 0.51758993
vt 0.30765277 0.50057358
vt 0.30004281 0.50029391
vt 0.31260559 0.53630543
vt 0.31690928 0.51758993
vt 0.29904002 0.51707578
vt 0.31260559 0.53630543
vt 0.33526373 0.54346478
vt 0.31690928 0.51758993
vt 0.33058158 0.52245873
vt 0.32279658 0.51412261
vt 0.33058158 0.52245873
vt 0.33858484 0.50674063
vt 0.33594888 0.50043106
vt 0.27327326 0.51443166
vt 0.28018868 0.50313264
vt 0.34665912 0.47306943
vt 0.35241348 0.48271692
vt 0.35327515 0.47597611
vt 0.41172841 0.34512621
vt 0.41945636 0.36194688
vt 0.42665496 0.34346575
vt 0.32662225 0.45028830
vt 0.31605542 0.42855477
vt 0.31714350 0.43996531
vt 0.32863036 0.41322994
vt 0.31330189 0.40510261
vt 0.29022244 0.41072708
vt 0.28820175 0.40158534
vt 0.29167286 0.38342410
vt 0.27325696 0.38728702
vt 0.34370056 0.29458117
vt 0.32419857 0.29341882
vt 0.32207310 0.30978078
vt 0.48458856 0.30724496
vt 0.47162497 0.28094614
vt 0.44815093 0.30817980
vt 0.33456343 0.21472967
vt 0.32942289 0.20768762
vt 0.31183541 0.21445179
vt 0.46764764 0.18235791
vt 0.45790276 0.16836339
vt 0.45166898 0.18782687
vt 0.48646331 0.19451290
vt 0.46944007 0.20399427
vt 0.35993916 0.19204670
vt 0.34399569 0.19991195
vt 0.35418475 0.20789564
vt 0.35649613 0.26344007
vt 0.36651033 0.23993146
vt 0.35046566 0.25807536
vt 0.36212435 0.23112154
vt 0.35420078 0.22088182
vt 0.34307832 0.23784310
vt 0.38128588 0.24206251
vt 0.36651033 0.23993146
vt 0.37475413 0.25204253
vt 0.36923969 0.21256208
vt 0.35420078 0.22088182
vt 0.37743610 0.20079577
vt 0.36923969 0.21256208
vt 0.43304431 0.20444191
vt 0.43054721 0.19053805
vt 0.41086555 0.20358014
vt 0.43105972 0.16654408
vt 0.41569105 0.15988946
vt 0.41008833 0.17984986
vt 0.38242394 0.28471339
vt 0.35838503 0.28434151
vt 0.37618768 0.31316817
vt 0.39906180 0.28348118
vt 0.39297187 0.29568827
vt 0.40668875 0.30148673
vt 0.44449356 0.25204670
vt 0.44076186 0.23916662
vt 0.43110529 0.26157969
vt 0.33456343 0.21472967
vt 0.31183541 0.21445179
vt 0.28751832 0.23727834
vt 0.40759659 0.31422454
vt 0.41921070 0.31402892
vt 0.40668875 0.30148673
vt 0.36038244 0.31704646
vt 0.32207310 0.30978078
vt 0.33194503 0.33125317
vt 0.42366216 0.33129668
vt 0.43579525 0.32701266
vt 0.44815093 0.30817980
vt 0.28594095 0.31160498
vt 0.26907501 0.34095955
vt 0.29202402 0.34598356
vt 0.29202402 0.34598356
vt 0.26907501 0.34095955
vt 0.27905077 0.34998381
vt 0.29530767 0.35858297
vt 0.27905077 0.34998381
vt 0.29836681 0.36941427
vt 0.46944007 0.20399427
vt 0.45190838 0.21057177
vt 0.44427037 0.21624863
vt 0.45383257 0.25372767
vt 0.44449356 0.25204670
vt 0.43952963 0.27890956
vt 0.45190838 0.21057177
vt 0.43304431 0.20444191
vt 0.44427037 0.21624863
vt 0.44217387 0.17021936
vt 0.43105972 0.16654408
vt 0.43751627 0.17909348
vt 0.47478634 0.18941683
vt 0.46764764 0.18235791
vt 0.48186147 0.14235830
vt 0.47009498 0.15981662
vt 0.47792679 0.15932900
vt 0.48647606 0.20692462
vt 0.48646331 0.19451290
vt 0.46944007 0.20399427
vt 0.47199300 0.26878333
vt 0.48303276 0.25545424
vt 0.45711607 0.27077734
vt 0.47260648 0.24280691
vt 0.47323978 0.22986841
vt 0.45383257 0.25372767
vt 0.44449356 0.25204670
vt 0.45977142 0.23222172
vt 0.44076186 0.23916662
vt 0.35678175 0.44764763
vt 0.35501844 0.46260244
vt 0.35640711 0.45357502
vt 0.32494488 0.38662219
vt 0.34100780 0.40137863
vt 0.34142971 0.37059242
vt 0.29775846 0.48600012
vt 0.31170189 0.47517943
vt 0.30209255 0.46347111
vt 0.33384585 0.40552688
vt 0.30664605 0.40021908
vt 0.32863036 0.41322994
vt 0.33702460 0.46503103
vt 0.33471692 0.43131024
vt 0.32662225 0.45028830
vt 0.35678175 0.44764763
vt 0.33471692 0.43131024
vt 0.26974845 0.41227484
vt 0.29022244 0.41072708
vt 0.28820175 0.40158534
vt 0.26974845 0.41227484
vt 0.28820175 0.40158534
vt 0.29152256 0.42772293
vt 0.31605542 0.42855477
vt 0.29022244 0.41072708
vt 0.29022244 0.41072708
vt 0.30664605 0.40021908
vt 0.29152256 0.42772293
vt 0.30134887 0.43311638
vt 0.31605542 0.42855477
vt 0.48303276 0.25545424
vt 0.47260648 0.24280691
vt 0.45711607 0.27077734
vt 0.31605542 0.42855477
vt 0.29022244 0.41072708
vt 0.32662225 0.45028830
vt 0.33471692 0.43131024
vt 0.31605542 0.42855477
vt 0.26512644 0.43476170
vt 0.27826715 0.42959338
vt 0.26974845 0.41227484
vt 0.28319615 0.47333115
vt 0.28813067 0.45601434
vt 0.27499717 0.44996321
vt 0.35838503 0.28434151
vt 0.35649613 0.26344007
vt 0.34370056 0.29458117
vt 0.33685362 0.25235456
vt 0.31171778 0.24928379
vt 0.31525168 0.26334560
vt 0.40759659 0.31422454
vt 0.40880215 0.33133662
vt 0.41921070 0.31402892
vt 0.33289742 0.23012257
vt 0.33456343 0.21472967
vt 0.31036365 0.23311466
vt 0.34307832 0.23784310
vt 0.33289742 0.23012257
vt 0.33122063 0.24599773
vt 0.31171778 0.24928379
vt 0.26654688 0.25355524
vt 0.29282659 0.26137900
vt 0.30030984 0.29221010
vt 0.32419857 0.29341882
vt 0.29455733 0.27392459
vt 0.31036365 0.23311466
vt 0.33456343 0.21472967
vt 0.28751832 0.23727834
vt 0.28813067 0.45601434
vt 0.29063517 0.43915951
vt 0.27826715 0.42959338
vt 0.35196885 0.41978770
vt 0.36653236 0.42565346
vt 0.35896209 0.40675622
vt 0.35687155 0.33808553
vt 0.38079527 0.34574914
vt 0.37437522 0.33416057
vt 0.35608715 0.37579149
vt 0.37411153 0.38786680
vt 0.36324108 0.35533780
vt 0.43902615 0.29090869
vt 0.43952963 0.27890956
vt 0.42499033 0.28151888
vt 0.29063517 0.43915951
vt 0.30134887 0.43311638
vt 0.29152256 0.42772293
vt 0.40668875 0.30148673
vt 0.39297187 0.29568827
vt 0.39185077 0.31271654
vt 0.38662434 0.22498846
vt 0.36923969 0.21256208
vt 0.36212435 0.23112154
vt 0.30209255 0.46347111
vt 0.30371970 0.45481288
vt 0.28813067 0.45601434
vt 0.39152777 0.20672786
vt 0.39121169 0.17389727
vt 0.38696274 0.19796968
vt 0.30371970 0.45481288
vt 0.31714350 0.43996531
vt 0.30134887 0.43311638
vt 0.32419857 0.29341882
vt 0.31525168 0.26334560
vt 0.29455733 0.27392459
vt 0.34443840 0.34845906
vt 0.36324108 0.35533780
vt 0.35687155 0.33808553
vt 0.31525168 0.26334560
vt 0.29282659 0.26137900
vt 0.29455733 0.27392459
vt 0.35046566 0.25807536
vt 0.33685362 0.25235456
vt 0.33478934 0.26967436
vt 0.35325909 0.39154810
vt 0.37891072 0.39779127
vt 0.37411153 0.38786680
vt 0.32875118 0.35722971
vt 0.31750536 0.38299698
vt 0.34142971 0.37059242
vt 0.30004281 0.50029391
vt 0.29775846 0.48600012
vt 0.28018868 0.50313264
vt 0.34100780 0.40137863
vt 0.35608715 0.37579149
vt 0.34142971 0.37059242
vt 0.34100780 0.40137863
vt 0.35896209 0.40675622
vt 0.35325909 0.39154810
vt 0.28018868 0.50313264
vt 0.28319615 0.47333115
vt 0.35196885 0.41978770
vt 0.34100780 0.40137863
vt 0.31750536 0.38299698
vt 0.30664605 0.40021908
vt 0.32494488 0.38662219
vt 0.39185077 0.31271654
vt 0.39538148 0.32589900
vt 0.45383257 0.25372767
vt 0.45977142 0.23222172
vt 0.44449356 0.25204670
vt 0.47478634 0.18941683
vt 0.48263264 0.17055416
vt 0.46764764 0.18235791
vt 0.46944007 0.20399427
vt 0.45912009 0.19351405
vt 0.45190838 0.21057177
vt 0.29775846 0.48600012
vt 0.30209255 0.46347111
vt 0.28319615 0.47333115
vt 0.48390085 0.12705374
vt 0.47395039 0.13085938
vt 0.46087560 0.13722229
vt 0.31608319 0.46002686
vt 0.32662225 0.45028830
vt 0.31714350 0.43996531
vt 0.44815093 0.30817980
vt 0.45652747 0.31939530
vt 0.30664605 0.40021908
vt 0.34100780 0.40137863
vt 0.32494488 0.38662219
vt 0.31608319 0.46002686
vt 0.33702460 0.46503103
vt 0.47323978 0.22986841
vt 0.47833148 0.21866852
vt 0.45977142 0.23222172
vt 0.28813067 0.45601434
vt 0.30371970 0.45481288
vt 0.29063517 0.43915951
vt 0.31605542 0.42855477
vt 0.33471692 0.43131024
vt 0.32863036 0.41322994
vt 0.28820175 0.40158534
vt 0.30664605 0.40021908
vt 0.29796228 0.38841039
vt 0.29167286 0.38342410
vt 0.29836681 0.36941427
vt 0.26589704 0.37104219
vt 0.31771636 0.34385300
vt 0.30818588 0.33618128
vt 0.29202402 0.34598356
vt 0.43105972 0.16654408
vt 0.43319154 0.15038759
vt 0.41569105 0.15988946
vt 0.42366216 0.33129668
vt 0.41921070 0.31402892
vt 0.34370056 0.29458117
vt 0.35649613 0.26344007
vt 0.41008833 0.17984986
vt 0.41569105 0.15988946
vt 0.40032014 0.16833055
vt 0.39318058 0.35038066
vt 0.41945636 0.36194688
vt 0.41172841 0.34512621
vt 0.42366216 0.33129668
vt 0.42665496 0.34346575
vt 0.43579525 0.32701266
vt 0.35687155 0.33808553
vt 0.37750542 0.32167363
vt 0.37411153 0.38786680
vt 0.40598139 0.37454104
vt 0.39318058 0.35038066
vt 0.35501844 0.46260244
vt 0.35570601 0.45879787
vt 0.35640711 0.45357502
vt 0.39538148 0.32589900
vt 0.40759659 0.31422454
vt 0.34665912 0.47306943
vt 0.35408238 0.47081923
vt 0.35501844 0.46260244
vt 0.37750542 0.32167363
vt 0.39538148 0.32589900
vt 0.39185077 0.31271654
vt 0.37891072 0.39779127
vt 0.37261713 0.41218567
vt 0.37542391 0.40597558
vt 0.30004281 0.50029391
vt 0.31451106 0.48534721
vt 0.32446373 0.47708815
vt 0.34027600 0.48140788
vt 0.33702460 0.46503103
vt 0.35896209 0.40675622
vt 0.36653236 0.42565346
vt 0.37261713 0.41218567
vt 0.35687155 0.33808553
vt 0.36324108 0.35533780
vt 0.38079527 0.34574914
vt 0.30765277 0.50057358
vt 0.33594888 0.50043106
vt 0.31451106 0.48534721
vt 0.31451106 0.48534721
vt 0.33535984 0.49219853
vt 0.32446373 0.47708815
vt 0.33655307 0.34069204
vt 0.32875118 0.35722971
vt 0.34443840 0.34845906
vt 0.34443840 0.34845906
vt 0.35608715 0.37579149
vt 0.36324108 0.35533780
vt 0.34027600 0.48140788
vt 0.33702460 0.46503103
vt 0.31750536 0.38299698
vt 0.32494488 0.38662219
vt 0.34142971 0.37059242
vt 0.33535984 0.49219853
vt 0.33858484 0.50674063
vt 0.34926003 0.48990625
vt 0.33858484 0.50674063
vt 0.33594888 0.50043106
vt 0.29836681 0.36941427
vt 0.29167286 0.38342410
vt 0.29796228 0.38841039
vt 0.29836681 0.36941427
vt 0.31750536 0.38299698
vt 0.33384585 0.40552688
vt 0.32863036 0.41322994
vt 0.35196885 0.41978770
vt 0.33535984 0.49219853
vt 0.34926003 0.48990625
vt 0.34027600 0.48140788
vt 0.33384585 0.40552688
vt 0.35196885 0.41978770
vt 0.31750536 0.38299698
vt 0.29796228 0.38841039
vt 0.30664605 0.40021908
vt 0.30664605 0.40021908
vt 0.33384585 0.40552688
vt 0.32863036 0.41322994
vt 0.33471692 0.43131024
vt 0.34636286 0.42771053
vt 0.40598139 0.37454104
vt 0.41945636 0.36194688
vt 0.37437522 0.33416057
vt 0.38079527 0.34574914
vt 0.37750542 0.32167363
vt 0.33702460 0.46503103
vt 0.34665912 0.47306943
vt 0.35501844 0.46260244
vt 0.34665912 0.47306943
vt 0.35241348 0.48271692
vt 0.31451106 0.48534721
vt 0.33594888 0.50043106
vt 0.33535984 0.49219853
vt 0.32863036 0.41322994
vt 0.35196885 0.41978770
vt 0.35325909 0.39154810
vt 0.35896209 0.40675622
vt 0.37891072 0.39779127
vt 0.35608715 0.37579149
vt 0.35325909 0.39154810
vt 0.37411153 0.38786680
vt 0.35196885 0.41978770
vt 0.36189267 0.43573016
vt 0.36653236 0.42565346
vt 0.35896209 0.40675622
vt 0.37261713 0.41218567
vt 0.37891072 0.39779127
vt 0.37891072 0.39779127
vt 0.40598139 0.37454104
vt 0.29167286 0.38342410
vt 0.26589704 0.37104219
vt 0.27325696 0.38728702
vt 0.28813067 0.45601434
vt 0.27826715 0.42959338
vt 0.26512644 0.43476170
vt 0.30209255 0.46347111
vt 0.31608319 0.46002686
vt 0.35763061 0.44440532
vt 0.36189267 0.43573016
vt 0.32875118 0.35722971
vt 0.34142971 0.37059242
vt 0.34443840 0.34845906
vt 0.41945636 0.36194688
vt 0.42936596 0.35439265
vt 0.43651861 0.34798712
vt 0.34926003 0.48990625
vt 0.34665912 0.47306943
vt 0.34636286 0.42771053
vt 0.35763061 0.44440532
vt 0.35196885 0.41978770
vt 0.35678175 0.44764763
vt 0.35763061 0.44440532
vt 0.34636286 0.42771053
vt 0.30371970 0.45481288
vt 0.30134887 0.43311638
vt 0.30664605 0.40021908
vt 0.29022244 0.41072708
vt 0.31330189 0.40510261
vt 0.28820175 0.40158534
vt 0.29796228 0.38841039
vt 0.29167286 0.38342410
vt 0.34443840 0.34845906
vt 0.35687155 0.33808553
vt 0.33655307 0.34069204
vt 0.33535984 0.49219853
vt 0.34027600 0.48140788
vt 0.35678175 0.44764763
vt 0.36324108 0.35533780
vt 0.39318058 0.35038066
vt 0.38079527 0.34574914
vt 0.29796228 0.38841039
vt 0.31750536 0.38299698
vt 0.35608715 0.37579149
vt 0.31170189 0.47517943
vt 0.31608319 0.46002686
vt 0.30209255 0.46347111
vt 0.35420078 0.22088182
vt 0.35418475 0.20789564
vt 0.33456343 0.21472967
vt 0.37743610 0.20079577
vt 0.37039590 0.18538409
vt 0.35993916 0.19204670
vt 0.37743610 0.20079577
vt 0.38269782 0.17795688
vt 0.37039590 0.18538409
vt 0.39824486 0.18794656
vt 0.40032014 0.16833055
vt 0.39121169 0.17389727
vt 0.36212435 0.23112154
vt 0.33685362 0.25235456
vt 0.34307832 0.23784310
vt 0.33456343 0.21472967
vt 0.33289742 0.23012257
vt 0.36651033 0.23993146
vt 0.38662434 0.22498846
vt 0.36212435 0.23112154
vt 0.35420078 0.22088182
vt 0.36923969 0.21256208
vt 0.35418475 0.20789564
vt 0.38128588 0.24206251
vt 0.38662434 0.22498846
vt 0.36651033 0.23993146
vt 0.38662434 0.22498846
vt 0.39152777 0.20672786
vt 0.36923969 0.21256208
vt 0.39152777 0.20672786
vt 0.37743610 0.20079577
vt 0.36923969 0.21256208
vt 0.39152777 0.20672786
vt 0.38696274 0.19796968
vt 0.37743610 0.20079577
vt 0.39864936 0.23100978
vt 0.38662434 0.22498846
vt 0.41110164 0.21615148
vt 0.39824486 0.18794656
vt 0.39152777 0.20672786
vt 0.42405313 0.22464341
vt 0.43304431 0.20444191
vt 0.41110164 0.21615148
vt 0.35649613 0.26344007
vt 0.35046566 0.25807536
vt 0.33478934 0.26967436
vt 0.25176442 0.43448013
vt 0.25013986 0.41198146
vt 0.37171197 0.27265549
vt 0.37475413 0.25204253
vt 0.40012756 0.25724852
vt 0.40399820 0.24498057
vt 0.37475413 0.25204253
vt 0.40399820 0.24498057
vt 0.38128588 0.24206251
vt 0.37475413 0.25204253
vt 0.37750542 0.32167363
vt 0.37618768 0.31316817
vt 0.36038244 0.31704646
vt 0.27325696 0.38728702
vt 0.26589704 0.37104219
vt 0.25515488 0.38480401
vt 0.35838503 0.28434151
vt 0.30030984 0.29221010
vt 0.28594095 0.31160498
vt 0.26907501 0.34095955
vt 0.24562126 0.36613482
vt 0.43110529 0.26157969
vt 0.44076186 0.23916662
vt 0.40012756 0.25724852
vt 0.27905077 0.34998381
vt 0.26907501 0.34095955
vt 0.24740875 0.48149669
vt 0.26555663 0.46527636
vt 0.24762884 0.46391797
vt 0.39906180 0.28348118
vt 0.43110529 0.26157969
vt 0.40012756 0.25724852
vt 0.39185077 0.31271654
vt 0.37618768 0.31316817
vt 0.37750542 0.32167363
vt 0.39185077 0.31271654
vt 0.39297187 0.29568827
vt 0.38242394 0.28471339
vt 0.39185077 0.31271654
vt 0.38242394 0.28471339
vt 0.37618768 0.31316817
vt 0.38242394 0.28471339
vt 0.37171197 0.27265549
vt 0.35838503 0.28434151
vt 0.39906180 0.28348118
vt 0.40012756 0.25724852
vt 0.40668875 0.30148673
vt 0.39906180 0.28348118
vt 0.38242394 0.28471339
vt 0.40012756 0.25724852
vt 0.40399820 0.24498057
vt 0.39864936 0.23100978
vt 0.43751627 0.17909348
vt 0.43105972 0.16654408
vt 0.41008833 0.17984986
vt 0.43110529 0.26157969
vt 0.39906180 0.28348118
vt 0.42499033 0.28151888
vt 0.43952963 0.27890956
vt 0.43110529 0.26157969
vt 0.27325696 0.38728702
vt 0.25515488 0.38480401
vt 0.25965017 0.40386057
vt 0.41086555 0.20358014
vt 0.41008833 0.17984986
vt 0.39824486 0.18794656
vt 0.42405313 0.22464341
vt 0.41110164 0.21615148
vt 0.39864936 0.23100978
vt 0.44076186 0.23916662
vt 0.42859405 0.23435038
vt 0.40399820 0.24498057
vt 0.25232127 0.44743288
vt 0.25176442 0.43448013
vt 0.23968399 0.43617344
vt 0.36038244 0.31704646
vt 0.32207310 0.30978078
vt 0.29815561 0.23734784
vt 0.31036365 0.23311466
vt 0.28751832 0.23727834
vt 0.31183541 0.21445179
vt 0.29076380 0.22279161
vt 0.45790276 0.16836339
vt 0.47009498 0.15981662
vt 0.44694856 0.14421594
vt 0.26974845 0.41227484
vt 0.25013986 0.41198146
vt 0.45166898 0.18782687
vt 0.43304431 0.20444191
vt 0.33858484 0.50674063
vt 0.35005885 0.50267589
vt 0.35036242 0.49437654
vt 0.47162497 0.28094614
vt 0.45711607 0.27077734
vt 0.27826715 0.42959338
vt 0.29022244 0.41072708
vt 0.26974845 0.41227484
vt 0.28319615 0.47333115
vt 0.27499717 0.44996321
vt 0.26555663 0.46527636
vt 0.29063517 0.43915951
vt 0.29152256 0.42772293
vt 0.27826715 0.42959338
vt 0.28018868 0.50313264
vt 0.28319615 0.47333115
vt 0.26077265 0.49443948
vt 0.28319615 0.47333115
vt 0.30209255 0.46347111
vt 0.28813067 0.45601434
vt 0.35687155 0.33808553
vt 0.33194503 0.33125317
vt 0.30818588 0.33618128
vt 0.32207310 0.30978078
vt 0.33194503 0.33125317
vt 0.32207310 0.30978078
vt 0.30818588 0.33618128
vt 0.31714350 0.43996531
vt 0.30134887 0.43311638
vt 0.29836681 0.36941427
vt 0.27905077 0.34998381
vt 0.26589704 0.37104219
vt 0.29530767 0.35858297
vt 0.29202402 0.34598356
vt 0.27905077 0.34998381
vt 0.32875118 0.35722971
vt 0.31771636 0.34385300
vt 0.29530767 0.35858297
vt 0.47260648 0.24280691
vt 0.45383257 0.25372767
vt 0.45977142 0.23222172
vt 0.47833148 0.21866852
vt 0.44427037 0.21624863
vt 0.47833148 0.21866852
vt 0.46944007 0.20399427
vt 0.37475413 0.25204253
vt 0.35649613 0.26344007
vt 0.36212435 0.23112154
vt 0.34307832 0.23784310
vt 0.33685362 0.25235456
vt 0.41172841 0.34512621
vt 0.39318058 0.35038066
vt 0.40880215 0.33133662
vt 0.40880215 0.33133662
vt 0.42366216 0.33129668
vt 0.41921070 0.31402892
vt 0.43902615 0.29090869
vt 0.42665496 0.34346575
vt 0.45249063 0.33363074
vt 0.45652747 0.31939530
vt 0.28594095 0.31160498
vt 0.28007925 0.28317088
vt 0.27129471 0.30608869
vt 0.33685362 0.25235456
vt 0.33122063 0.24599773
vt 0.31171778 0.24928379
vt 0.33289742 0.23012257
vt 0.31036365 0.23311466
vt 0.31171778 0.24928379
vt 0.31525168 0.26334560
vt 0.33478934 0.26967436
vt 0.29815561 0.23734784
vt 0.31171778 0.24928379
vt 0.31171778 0.24928379
vt 0.29282659 0.26137900
vt 0.33478934 0.26967436
vt 0.31525168 0.26334560
vt 0.32419857 0.29341882
vt 0.31608319 0.46002686
vt 0.30371970 0.45481288
vt 0.26077265 0.49443948
vt 0.26555663 0.46527636
vt 0.29152256 0.42772293
vt 0.36324108 0.35533780
vt 0.43651861 0.34798712
vt 0.31170189 0.47517943
vt 0.32446373 0.47708815
vt 0.31608319 0.46002686
vt 0.31451106 0.48534721
vt 0.31170189 0.47517943
vt 0.35678175 0.44764763
vt 0.34636286 0.42771053
vt 0.33471692 0.43131024
vt 0.33858484 0.50674063
vt 0.35036242 0.49437654
vt 0.34926003 0.48990625
vt 0.29815561 0.23734784
vt 0.26654688 0.25355524
vt 0.30030984 0.29221010
vt 0.29455733 0.27392459
vt 0.28594095 0.31160498
vt 0.35838503 0.28434151
vt 0.34370056 0.29458117
vt 0.44076186 0.23916662
vt 0.40399820 0.24498057
vt 0.40012756 0.25724852
vt 0.26555663 0.46527636
vt 0.27499717 0.44996321
vt 0.25232127 0.44743288
vt 0.24762884 0.46391797
vt 0.24762884 0.46391797
vt 0.25232127 0.44743288
vt 0.23639069 0.47079515
vt 0.26974845 0.41227484
vt 0.25965017 0.40386057
vt 0.25013986 0.41198146
vt 0.43902615 0.29090869
vt 0.42499033 0.28151888
vt 0.40668875 0.30148673
vt 0.25176442 0.43448013
vt 0.25013986 0.41198146
vt 0.23968399 0.43617344
vt 0.39906180 0.28348118
vt 0.43054721 0.19053805
vt 0.41008833 0.17984986
vt 0.41086555 0.20358014
vt 0.43304431 0.20444191
vt 0.41086555 0.20358014
vt 0.41110164 0.21615148
vt 0.39824486 0.18794656
vt 0.39121169 0.17389727
vt 0.39152777 0.20672786
vt 0.38128588 0.24206251
vt 0.28007925 0.28317088
vt 0.26979873 0.29371315
vt 0.27129471 0.30608869
vt 0.35420078 0.22088182
vt 0.33456343 0.21472967
vt 0.34307832 0.23784310
vt 0.36651033 0.23993146
vt 0.33685362 0.25235456
vt 0.41008833 0.17984986
vt 0.40032014 0.16833055
vt 0.39824486 0.18794656
vt 0.38696274 0.19796968
vt 0.38269782 0.17795688
vt 0.37743610 0.20079577
vt 0.39121169 0.17389727
vt 0.38269782 0.17795688
vt 0.38696274 0.19796968
vt 0.28751832 0.23727834
vt 0.27259099 0.23060155
vt 0.26654688 0.25355524
vt 0.27499717 0.44996321
vt 0.28813067 0.45601434
vt 0.26512644 0.43476170
vt 0.37743610 0.20079577
vt 0.35993916 0.19204670
vt 0.27129471 0.30608869
vt 0.24383613 0.29771161
vt 0.24851017 0.32001948
vt 0.35418475 0.20789564
vt 0.34399569 0.19991195
vt 0.33456343 0.21472967
vt 0.29455733 0.27392459
vt 0.26206416 0.26419145
vt 0.28007925 0.28317088
vt 0.34399569 0.19991195
vt 0.32942289 0.20768762
vt 0.33456343 0.21472967
vt 0.26206416 0.26419145
vt 0.25201267 0.28194231
vt 0.29815561 0.23734784
vt 0.28751832 0.23727834
vt 0.33194503 0.33125317
vt 0.33655307 0.34069204
vt 0.26907501 0.34095955
vt 0.24018994 0.34966785
vt 0.24562126 0.36613482
vt 0.32875118 0.35722971
vt 0.29530767 0.35858297
vt 0.29836681 0.36941427
vt 0.27325696 0.38728702
vt 0.25965017 0.40386057
vt 0.26974845 0.41227484
vt 0.24562126 0.36613482
vt 0.25515488 0.38480401
vt 0.29076380 0.22279161
vt 0.27259099 0.23060155
vt 0.33655307 0.34069204
vt 0.33194503 0.33125317
vt 0.31771636 0.34385300
vt 0.25965017 0.40386057
vt 0.25013986 0.41198146
vt 0.37750542 0.32167363
vt 0.35687155 0.33808553
vt 0.31771636 0.34385300
vt 0.29202402 0.34598356
vt 0.29530767 0.35858297
vt 0.27129471 0.30608869
vt 0.26979873 0.29371315
vt 0.24383613 0.29771161
vt 0.30818588 0.33618128
vt 0.28594095 0.31160498
vt 0.29202402 0.34598356
vt 0.31771636 0.34385300
vt 0.32875118 0.35722971
vt 0.33194503 0.33125317
vt 0.30818588 0.33618128
vt 0.31771636 0.34385300
vt 0.26979873 0.29371315
vt 0.25201267 0.28194231
vt 0.24383613 0.29771161
vt 0.26206416 0.26419145
vt 0.29282659 0.26137900
vt 0.35608715 0.37579149
vt 0.34100780 0.40137863
vt 0.35325909 0.39154810
vt 0.26979873 0.29371315
vt 0.28007925 0.28317088
vt 0.25201267 0.28194231
vt 0.30664605 0.40021908
vt 0.31330189 0.40510261
vt 0.32863036 0.41322994
vt 0.30004281 0.50029391
vt 0.30765277 0.50057358
vt 0.31451106 0.48534721
vt 0.24851017 0.32001948
vt 0.24018994 0.34966785
vt 0.43579525 0.32701266
vt 0.45652747 0.31939530
vt 0.45652747 0.31939530
vt 0.45249063 0.33363074
vt 0.46254340 0.32569009
vt 0.35408238 0.47081923
vt 0.42665496 0.34346575
vt 0.43651861 0.34798712
vt 0.45249063 0.33363074
vt 0.44427037 0.21624863
vt 0.44076186 0.23916662
vt 0.47323978 0.22986841
vt 0.45977142 0.23222172
vt 0.45383257 0.25372767
vt 0.43110529 0.26157969
vt 0.43952963 0.27890956
vt 0.45383257 0.25372767
vt 0.43952963 0.27890956
vt 0.47833148 0.21866852
vt 0.46944007 0.20399427
vt 0.44427037 0.21624863
vt 0.33685362 0.25235456
vt 0.34307832 0.23784310
vt 0.33122063 0.24599773
vt 0.28007925 0.28317088
vt 0.28594095 0.31160498
vt 0.40012756 0.25724852
vt 0.37475413 0.25204253
vt 0.37171197 0.27265549
vt 0.41921070 0.31402892
vt 0.44815093 0.30817980
vt 0.44815093 0.30817980
vt 0.43579525 0.32701266
vt 0.45652747 0.31939530
vt 0.40668875 0.30148673
vt 0.39185077 0.31271654
vt 0.40759659 0.31422454
vt 0.41172841 0.34512621
vt 0.41172841 0.34512621
vt 0.42665496 0.34346575
vt 0.42366216 0.33129668
vt 0.44427037 0.21624863
vt 0.42859405 0.23435038
vt 0.44076186 0.23916662
vt 0.39538148 0.32589900
vt 0.38079527 0.34574914
vt 0.39318058 0.35038066
vt 0.37750542 0.32167363
vt 0.38079527 0.34574914
vt 0.49598283 0.15896761
vt 0.48186147 0.14235830
vt 0.47792679 0.15932900
vt 0.45166898 0.18782687
vt 0.43751627 0.17909348
vt 0.43054721 0.19053805
vt 0.48263264 0.17055416
vt 0.47009498 0.15981662
vt 0.46764764 0.18235791
vt 0.45790276 0.16836339
vt 0.44217387 0.17021936
vt 0.45166898 0.18782687
vt 0.45166898 0.18782687
vt 0.45912009 0.19351405
vt 0.45790276 0.16836339
vt 0.44217387 0.17021936
vt 0.25232127 0.44743288
vt 0.26512644 0.43476170
vt 0.25176442 0.43448013
vt 0.23639069 0.47079515
vt 0.25232127 0.44743288
vt 0.23968399 0.43617344
vt 0.26907501 0.34095955
vt 0.28594095 0.31160498
vt 0.24851017 0.32001948
vt 0.23672952 0.50846213
vt 0.26077265 0.49443948
vt 0.24740875 0.48149669
vt 0.29455733 0.27392459
vt 0.29282659 0.26137900
vt 0.26206416 0.26419145
vt 0.27499717 0.44996321
vt 0.26512644 0.43476170
vt 0.25232127 0.44743288
vt 0.42859405 0.23435038
vt 0.42405313 0.22464341
vt 0.39864936 0.23100978
vt 0.34370056 0.29458117
vt 0.33478934 0.26967436
vt 0.43751627 0.17909348
vt 0.41008833 0.17984986
vt 0.46944007 0.20399427
vt 0.45912009 0.19351405
vt 0.32942289 0.20768762
vt 0.31907284 0.21165502
vt 0.31183541 0.21445179
vt 0.43319154 0.15038759
vt 0.42362124 0.15560377
vt 0.41569105 0.15988946
vt 0.43952963 0.27890956
vt 0.43902615 0.29090869
vt 0.45711607 0.27077734
vt 0.45711607 0.27077734
vt 0.47162497 0.28094614
vt 0.47199300 0.26878333
vt 0.44217387 0.17021936
vt 0.44694856 0.14421594
vt 0.43319154 0.15038759
vt 0.44217387 0.17021936
vt 0.43319154 0.15038759
vt 0.43105972 0.16654408
vt 0.47009498 0.15981662
vt 0.46087560 0.13722229
vt 0.44694856 0.14421594
vt 0.48186147 0.14235830
vt 0.48390085 0.12705374
vt 0.46087560 0.13722229
vt 0.47009498 0.15981662
vt 0.48186147 0.14235830
vt 0.46087560 0.13722229
vt 0.42405313 0.22464341
vt 0.43304431 0.20444191
vt 0.45166898 0.18782687
vt 0.43054721 0.19053805
vt 0.43304431 0.20444191
vt 0.45190838 0.21057177
vt 0.45912009 0.19351405
vt 0.45166898 0.18782687
vt 0.45166898 0.18782687
vt 0.44217387 0.17021936
vt 0.43751627 0.17909348
vt 0.48263264 0.17055416
vt 0.47792679 0.15932900
vt 0.47009498 0.15981662
vt 0.46764764 0.18235791
vt 0.47009498 0.15981662
vt 0.45790276 0.16836339
vt 0.48263264 0.17055416
vt 0.49598283 0.15896761
vt 0.47792679 0.15932900
vt 0.41110164 0.21615148
vt 0.39152777 0.20672786
vt 0.39864936 0.23100978
vt 0.41086555 0.20358014
vt 0.39824486 0.18794656
vt 0.41110164 0.21615148
vt 0.37171197 0.27265549
vt 0.35649613 0.26344007
vt 0.35838503 0.28434151
vt 0.42859405 0.23435038
vt 0.39864936 0.23100978
vt 0.40399820 0.24498057
vt 0.30030984 0.29221010
vt 0.32207310 0.30978078
vt 0.28594095 0.31160498
vt 0.27129471 0.30608869
vt 0.24851017 0.32001948
vt 0.42859405 0.23435038
vt 0.44427037 0.21624863
vt 0.42405313 0.22464341
vt 0.31451106 0.48534721
vt 0.31170189 0.47517943
vt 0.29775846 0.48600012
vt 0.32446373 0.47708815
vt 0.33702460 0.46503103
vt 0.31608319 0.46002686
vt 0.12389884 0.37207031
vt 0.12945867 0.34641767
vt 0.10006016 0.36530447
vt 0.22036961 0.35157287
vt 0.22241437 0.31123590
vt 0.20335856 0.31943303
vt 0.17200822 0.43271303
vt 0.13804248 0.41068947
vt 0.13906202 0.42802697
vt 0.24018994 0.34966785
vt 0.22036961 0.35157287
vt 0.23848349 0.33244908
vt 0.24851017 0.32001948
vt 0.22241437 0.31123590
vt 0.19962969 0.45285738
vt 0.16509767 0.46280473
vt 0.11919770 0.32744646
vt 0.09333161 0.33102244
vt 0.09645846 0.34477270
vt 0.24383613 0.29771161
vt 0.23550060 0.27450776
vt 0.21428379 0.29319990
vt 0.19145146 0.40271485
vt 0.17616135 0.39469481
vt 0.15622374 0.40907633
vt 0.18789627 0.35757875
vt 0.17996882 0.32409161
vt 0.16860236 0.35286623
vt 0.20686275 0.35087013
vt 0.18928239 0.34056574
vt 0.18789627 0.35757875
vt 0.14024666 0.38633186
vt 0.14253384 0.34893227
vt 0.12389884 0.37207031
vt 0.23639069 0.47079515
vt 0.23968399 0.43617344
vt 0.22850165 0.43775731
vt 0.03687654 0.45727253
vt 0.04236002 0.46752524
vt 0.05353292 0.48222870
vt 0.10312196 0.30498683
vt 0.08322807 0.27812248
vt 0.07097691 0.31392837
vt 0.15384278 0.30959511
vt 0.14221023 0.30731118
vt 0.15261069 0.32872200
vt 0.18133163 0.28361946
vt 0.17996882 0.32409161
vt 0.08723864 0.19478524
vt 0.10476790 0.21428019
vt 0.09856599 0.19360709
vt 0.21317707 0.26208907
vt 0.19292897 0.24407381
vt 0.19634250 0.27516007
vt 0.08723864 0.19478524
vt 0.09856599 0.19360709
vt 0.08977053 0.18538010
vt 0.08810431 0.24138260
vt 0.09091789 0.22908139
vt 0.07420310 0.23679107
vt 0.11443008 0.23845756
vt 0.12140330 0.24711251
vt 0.12578188 0.23373795
vt 0.15384278 0.30959511
vt 0.16845974 0.30092216
vt 0.14221023 0.30731118
vt 0.09091789 0.22908139
vt 0.10476790 0.21428019
vt 0.08059891 0.21339798
vt 0.26206416 0.26419145
vt 0.24144366 0.25480741
vt 0.23550060 0.27450776
vt 0.27259099 0.23060155
vt 0.25370088 0.23764372
vt 0.24544199 0.24107897
vt 0.17996882 0.32409161
vt 0.16845974 0.30092216
vt 0.15261069 0.32872200
vt 0.08810431 0.24138260
vt 0.07420310 0.23679107
vt 0.05602700 0.24490261
vt 0.09091789 0.22908139
vt 0.11443008 0.23845756
vt 0.10208927 0.22234470
vt 0.09333161 0.33102244
vt 0.10312196 0.30498683
vt 0.07097691 0.31392837
vt 0.21317707 0.26208907
vt 0.20521006 0.24396586
vt 0.19292897 0.24407381
vt 0.21317707 0.26208907
vt 0.22690889 0.24448144
vt 0.23550060 0.27450776
vt 0.21317707 0.26208907
vt 0.21491252 0.27506703
vt 0.25201267 0.28194231
vt 0.23550060 0.27450776
vt 0.24383613 0.29771161
vt 0.20686275 0.35087013
vt 0.18928239 0.34056574
vt 0.22690889 0.24448144
vt 0.23550060 0.27450776
vt 0.24144366 0.25480741
vt 0.26206416 0.26419145
vt 0.26654688 0.25355524
vt 0.24144366 0.25480741
vt 0.14045061 0.22699451
vt 0.16218442 0.23699164
vt 0.14852439 0.23022038
vt 0.03798715 0.31837773
vt 0.07097691 0.31392837
vt 0.05408557 0.30072862
vt 0.17643583 0.47993976
vt 0.16509767 0.46280473
vt 0.14420454 0.47843474
vt 0.12357476 0.47415817
vt 0.10439452 0.47710872
vt 0.11267657 0.49333632
vt 0.07097691 0.31392837
vt 0.08322807 0.27812248
vt 0.05408557 0.30072862
vt 0.14221023 0.30731118
vt 0.10312196 0.30498683
vt 0.11919770 0.32744646
vt 0.13276556 0.27329582
vt 0.13565961 0.25119412
vt 0.12140330 0.24711251
vt 0.15390068 0.24769527
vt 0.13384242 0.23697692
vt 0.13565961 0.25119412
vt 0.13565961 0.25119412
vt 0.12578188 0.23373795
vt 0.12140330 0.24711251
vt 0.10476790 0.21428019
vt 0.12578188 0.23373795
vt 0.11850435 0.21231562
vt 0.15390068 0.24769527
vt 0.17251234 0.24234593
vt 0.16860804 0.24048716
vt 0.13384242 0.23697692
vt 0.15390068 0.24769527
vt 0.14045061 0.22699451
vt 0.14045061 0.22699451
vt 0.14852439 0.23022038
vt 0.14326271 0.22766119
vt 0.24383613 0.29771161
vt 0.22241437 0.31123590
vt 0.23848349 0.33244908
vt 0.22241437 0.31123590
vt 0.22036961 0.35157287
vt 0.22241437 0.31123590
vt 0.21428379 0.29319990
vt 0.20335856 0.31943303
vt 0.06272404 0.36224890
vt 0.08040421 0.34743071
vt 0.04937766 0.33318710
vt 0.05353292 0.48222870
vt 0.08483921 0.48083210
vt 0.07623580 0.46584064
vt 0.09455714 0.45680559
vt 0.07623580 0.46584064
vt 0.08483921 0.48083210
vt 0.12073950 0.28945553
vt 0.11004515 0.26240444
vt 0.08322807 0.27812248
vt 0.09091789 0.22908139
vt 0.10208927 0.22234470
vt 0.10476790 0.21428019
vt 0.15622374 0.40907633
vt 0.12861824 0.39310181
vt 0.13804248 0.41068947
vt 0.15622374 0.40907633
vt 0.15778181 0.40068424
vt 0.15370472 0.38776165
vt 0.22036961 0.35157287
vt 0.21235794 0.37476504
vt 0.15234897 0.28230464
vt 0.12073950 0.28945553
vt 0.11004515 0.26240444
vt 0.10567636 0.24863726
vt 0.08810431 0.24138260
vt 0.03798715 0.31837773
vt 0.04937766 0.33318710
vt 0.07097691 0.31392837
vt 0.10512863 0.20008767
vt 0.11850435 0.21231562
vt 0.11036700 0.20461899
vt 0.16860236 0.35286623
vt 0.15261069 0.32872200
vt 0.15008508 0.36291754
vt 0.14253384 0.34893227
vt 0.11998364 0.34134257
vt 0.12945867 0.34641767
vt 0.15370472 0.38776165
vt 0.15008508 0.36291754
vt 0.14024666 0.38633186
vt 0.12945867 0.34641767
vt 0.11998364 0.34134257
vt 0.10006016 0.36530447
vt 0.11998364 0.34134257
vt 0.09645846 0.34477270
vt 0.10006016 0.36530447
vt 0.09587930 0.39309335
vt 0.08558328 0.38452023
vt 0.06348935 0.40618932
vt 0.04997273 0.27308875
vt 0.05408557 0.30072862
vt 0.06852526 0.26583713
vt 0.02918345 0.21521103
vt 0.05602700 0.24490261
vt 0.08059891 0.21339798
vt 0.04312952 0.19795656
vt 0.08059891 0.21339798
vt 0.05492991 0.18276012
vt 0.24851017 0.32001948
vt 0.17580767 0.26694584
vt 0.15234897 0.28230464
vt 0.17580767 0.26694584
vt 0.15390068 0.24769527
vt 0.13276556 0.27329582
vt 0.19634250 0.27516007
vt 0.18133163 0.28361946
vt 0.20178029 0.43350816
vt 0.17200822 0.43271303
vt 0.19962969 0.45285738
vt 0.16845974 0.30092216
vt 0.10567636 0.24863726
vt 0.09091789 0.22908139
vt 0.08810431 0.24138260
vt 0.16860804 0.24048716
vt 0.16218442 0.23699164
vt 0.15390068 0.24769527
vt 0.12578188 0.23373795
vt 0.12534742 0.21857369
vt 0.11850435 0.21231562
vt 0.13384242 0.23697692
vt 0.12578188 0.23373795
vt 0.13565961 0.25119412
vt 0.12140330 0.24711251
vt 0.11443008 0.23845756
vt 0.10567636 0.24863726
vt 0.08723864 0.19478524
vt 0.08977053 0.18538010
vt 0.07703082 0.17344296
vt 0.18133163 0.28361946
vt 0.15234897 0.28230464
vt 0.16845974 0.30092216
vt 0.16845974 0.30092216
vt 0.15234897 0.28230464
vt 0.14221023 0.30731118
vt 0.05205515 0.16618931
vt 0.06984729 0.16622013
vt 0.05915528 0.15478039
vt 0.05602700 0.24490261
vt 0.07420310 0.23679107
vt 0.08059891 0.21339798
vt 0.09455714 0.45680559
vt 0.06302470 0.43795395
vt 0.20686275 0.35087013
vt 0.11919770 0.32744646
vt 0.10312196 0.30498683
vt 0.09333161 0.33102244
vt 0.09281750 0.42167383
vt 0.09587930 0.39309335
vt 0.06348935 0.40618932
vt 0.06852526 0.26583713
vt 0.08322807 0.27812248
vt 0.12578188 0.23373795
vt 0.13588384 0.22424740
vt 0.12534742 0.21857369
vt 0.13384242 0.23697692
vt 0.14045061 0.22699451
vt 0.12578188 0.23373795
vt 0.10439452 0.47710872
vt 0.09455714 0.45680559
vt 0.08483921 0.48083210
vt 0.09587930 0.39309335
vt 0.10006016 0.36530447
vt 0.08558328 0.38452023
vt 0.23672952 0.50846213
vt 0.24740875 0.48149669
vt 0.23339297 0.49734294
vt 0.19145146 0.40271485
vt 0.21235794 0.37476504
vt 0.17655022 0.37383825
vt 0.12357476 0.47415817
vt 0.12442911 0.45147705
vt 0.10439452 0.47710872
vt 0.09455714 0.45680559
vt 0.09324024 0.43797112
vt 0.06302470 0.43795395
vt 0.13804248 0.41068947
vt 0.12861824 0.39310181
vt 0.11185224 0.40699077
vt 0.09324024 0.43797112
vt 0.09281750 0.42167383
vt 0.06302470 0.43795395
vt 0.20178029 0.43350816
vt 0.20756626 0.41596663
vt 0.19145146 0.40271485
vt 0.22036961 0.35157287
vt 0.20686275 0.35087013
vt 0.18789627 0.35757875
vt 0.16860236 0.35286623
vt 0.17996882 0.32409161
vt 0.15261069 0.32872200
vt 0.15008508 0.36291754
vt 0.15261069 0.32872200
vt 0.14253384 0.34893227
vt 0.11998364 0.34134257
vt 0.11919770 0.32744646
vt 0.09645846 0.34477270
vt 0.21428379 0.29319990
vt 0.19634250 0.27516007
vt 0.20335856 0.31943303
vt 0.08558328 0.38452023
vt 0.10006016 0.36530447
vt 0.07852496 0.37474614
vt 0.03561420 0.43076694
vt 0.03687654 0.45727253
vt 0.06302470 0.43795395
vt 0.06272404 0.36224890
vt 0.05175236 0.37586498
vt 0.04937766 0.33318710
vt 0.03152333 0.34785736
vt 0.06272404 0.36224890
vt 0.07097691 0.31392837
vt 0.08040421 0.34743071
vt 0.03616014 0.39734590
vt 0.04491081 0.41100752
vt 0.06348935 0.40618932
vt 0.04491081 0.41100752
vt 0.06302470 0.43795395
vt 0.06348935 0.40618932
vt 0.03152333 0.34785736
vt 0.06272404 0.36224890
vt 0.07852496 0.37474614
vt 0.08040421 0.34743071
vt 0.06272404 0.36224890
vt 0.22134241 0.39767271
vt 0.21235794 0.37476504
vt 0.19145146 0.40271485
vt 0.24562126 0.36613482
vt 0.22134241 0.39767271
vt 0.24018994 0.34966785
vt 0.23848349 0.33244908
vt 0.13906202 0.42802697
vt 0.13804248 0.41068947
vt 0.11185224 0.40699077
vt 0.15370472 0.38776165
vt 0.12861824 0.39310181
vt 0.11457966 0.43076020
vt 0.09455714 0.45680559
vt 0.17200822 0.43271303
vt 0.15622374 0.40907633
vt 0.13804248 0.41068947
vt 0.21235794 0.37476504
vt 0.22036961 0.35157287
vt 0.17655022 0.37383825
vt 0.20947266 0.48429292
vt 0.22527678 0.48471850
vt 0.23639069 0.47079515
vt 0.20469540 0.51464355
vt 0.20947266 0.48429292
vt 0.17078513 0.50504327
vt 0.08322807 0.27812248
vt 0.11004515 0.26240444
vt 0.06852526 0.26583713
vt 0.20178029 0.43350816
vt 0.19145146 0.40271485
vt 0.17200822 0.43271303
vt 0.10476790 0.21428019
vt 0.11850435 0.21231562
vt 0.10512863 0.20008767
vt 0.25515488 0.38480401
vt 0.22614510 0.42116201
vt 0.22614510 0.42116201
vt 0.20756626 0.41596663
vt 0.20178029 0.43350816
vt 0.10006016 0.36530447
vt 0.07852496 0.37474614
vt 0.17580767 0.26694584
vt 0.19292897 0.24407381
vt 0.17251234 0.24234593
vt 0.20335856 0.31943303
vt 0.19634250 0.27516007
vt 0.15261069 0.32872200
vt 0.16845974 0.30092216
vt 0.15384278 0.30959511
vt 0.14420454 0.47843474
vt 0.14551802 0.44818139
vt 0.12357476 0.47415817
vt 0.14551802 0.44818139
vt 0.13906202 0.42802697
vt 0.12442911 0.45147705
vt 0.17078513 0.50504327
vt 0.17643583 0.47993976
vt 0.14715207 0.50092888
vt 0.27259099 0.23060155
vt 0.24544199 0.24107897
vt 0.06302470 0.43795395
vt 0.03687654 0.45727253
vt 0.05353292 0.48222870
vt 0.03561420 0.43076694
vt 0.06302470 0.43795395
vt 0.04491081 0.41100752
vt 0.17616135 0.39469481
vt 0.17655022 0.37383825
vt 0.15370472 0.38776165
vt 0.07623580 0.46584064
vt 0.06302470 0.43795395
vt 0.03355499 0.37031734
vt 0.03616014 0.39734590
vt 0.05175236 0.37586498
vt 0.24144366 0.25480741
vt 0.23590158 0.24470812
vt 0.22690889 0.24448144
vt 0.03616014 0.39734590
vt 0.06348935 0.40618932
vt 0.05175236 0.37586498
vt 0.14024666 0.38633186
vt 0.12389884 0.37207031
vt 0.15008508 0.36291754
vt 0.14024666 0.38633186
vt 0.23968399 0.43617344
vt 0.22614510 0.42116201
vt 0.22850165 0.43775731
vt 0.25515488 0.38480401
vt 0.22134241 0.39767271
vt 0.22614510 0.42116201
vt 0.22134241 0.39767271
vt 0.07703082 0.17344296
vt 0.06984729 0.16622013
vt 0.05205515 0.16618931
vt 0.15370472 0.38776165
vt 0.14024666 0.38633186
vt 0.12861824 0.39310181
vt 0.24144366 0.25480741
vt 0.24544199 0.24107897
vt 0.23590158 0.24470812
vt 0.19145146 0.40271485
vt 0.17200822 0.43271303
vt 0.26654688 0.25355524
vt 0.24544199 0.24107897
vt 0.17580767 0.26694584
vt 0.17251234 0.24234593
vt 0.15390068 0.24769527
vt 0.04312952 0.19795656
vt 0.02918345 0.21521103
vt 0.08059891 0.21339798
vt 0.13565961 0.25119412
vt 0.22349057 0.50908685
vt 0.22527678 0.48471850
vt 0.20469540 0.51464355
vt 0.12578188 0.23373795
vt 0.10476790 0.21428019
vt 0.11443008 0.23845756
vt 0.13276556 0.27329582
vt 0.12140330 0.24711251
vt 0.11004515 0.26240444
vt 0.11443008 0.23845756
vt 0.10476790 0.21428019
vt 0.10208927 0.22234470
vt 0.15390068 0.24769527
vt 0.16218442 0.23699164
vt 0.14045061 0.22699451
vt 0.11443008 0.23845756
vt 0.10567636 0.24863726
vt 0.12140330 0.24711251
vt 0.10567636 0.24863726
vt 0.11004515 0.26240444
vt 0.11004515 0.26240444
vt 0.11004515 0.26240444
vt 0.08810431 0.24138260
vt 0.06852526 0.26583713
vt 0.07097691 0.31392837
vt 0.08040421 0.34743071
vt 0.11185224 0.40699077
vt 0.09587930 0.39309335
vt 0.09281750 0.42167383
vt 0.12073950 0.28945553
vt 0.14221023 0.30731118
vt 0.23848349 0.33244908
vt 0.17200822 0.43271303
vt 0.13906202 0.42802697
vt 0.14551802 0.44818139
vt 0.09281750 0.42167383
vt 0.06348935 0.40618932
vt 0.08558328 0.38452023
vt 0.05175236 0.37586498
vt 0.07852496 0.37474614
vt 0.05175236 0.37586498
vt 0.10753947 0.38319576
vt 0.10006016 0.36530447
vt 0.09587930 0.39309335
vt 0.09645846 0.34477270
vt 0.10006016 0.36530447
vt 0.09645846 0.34477270
vt 0.09333161 0.33102244
vt 0.08040421 0.34743071
vt 0.12861824 0.39310181
vt 0.11185224 0.40699077
vt 0.12861824 0.39310181
vt 0.10753947 0.38319576
vt 0.09587930 0.39309335
vt 0.12389884 0.37207031
vt 0.12861824 0.39310181
vt 0.12389884 0.37207031
vt 0.10006016 0.36530447
vt 0.10753947 0.38319576
vt 0.15261069 0.32872200
vt 0.14253384 0.34893227
vt 0.17655022 0.37383825
vt 0.15008508 0.36291754
vt 0.15370472 0.38776165
vt 0.17655022 0.37383825
vt 0.17616135 0.39469481
vt 0.18789627 0.35757875
vt 0.17655022 0.37383825
vt 0.22850165 0.43775731
vt 0.20178029 0.43350816
vt 0.19962969 0.45285738
vt 0.22850165 0.43775731
vt 0.22614510 0.42116201
vt 0.20178029 0.43350816
vt 0.12389884 0.37207031
vt 0.14253384 0.34893227
vt 0.12945867 0.34641767
vt 0.17655022 0.37383825
vt 0.16860236 0.35286623
vt 0.15008508 0.36291754
vt 0.20756626 0.41596663
vt 0.12534742 0.21857369
vt 0.12125911 0.21482706
vt 0.11850435 0.21231562
vt 0.17580767 0.26694584
vt 0.05492991 0.18276012
vt 0.07703082 0.17344296
vt 0.05205515 0.16618931
vt 0.17616135 0.39469481
vt 0.15370472 0.38776165
vt 0.15778181 0.40068424
vt 0.05602700 0.24490261
vt 0.04997273 0.27308875
vt 0.06852526 0.26583713
vt 0.21428379 0.29319990
vt 0.21491252 0.27506703
vt 0.19634250 0.27516007
vt 0.21491252 0.27506703
vt 0.21317707 0.26208907
vt 0.21428379 0.29319990
vt 0.21491252 0.27506703
vt 0.18928239 0.34056574
vt 0.20335856 0.31943303
vt 0.22690889 0.24448144
vt 0.19634250 0.27516007
vt 0.19292897 0.24407381
vt 0.07703082 0.17344296
vt 0.05492991 0.18276012
vt 0.08723864 0.19478524
vt 0.26206416 0.26419145
vt 0.23550060 0.27450776
vt 0.22134241 0.39767271
vt 0.20756626 0.41596663
vt 0.22614510 0.42116201
vt 0.15261069 0.32872200
vt 0.11919770 0.32744646
vt 0.10476790 0.21428019
vt 0.08723864 0.19478524
vt 0.08059891 0.21339798
vt 0.10476790 0.21428019
vt 0.10512863 0.20008767
vt 0.09856599 0.19360709
vt 0.08810431 0.24138260
vt 0.06852526 0.26583713
vt 0.11457966 0.43076020
vt 0.11185224 0.40699077
vt 0.09281750 0.42167383
vt 0.11457966 0.43076020
vt 0.09281750 0.42167383
vt 0.09324024 0.43797112
vt 0.13906202 0.42802697
vt 0.11457966 0.43076020
vt 0.12442911 0.45147705
vt 0.11457966 0.43076020
vt 0.10439452 0.47710872
vt 0.11457966 0.43076020
vt 0.09324024 0.43797112
vt 0.14551802 0.44818139
vt 0.12357476 0.47415817
vt 0.12073950 0.28945553
vt 0.12578188 0.23373795
vt 0.14045061 0.22699451
vt 0.13588384 0.22424740
vt 0.08059891 0.21339798
vt 0.08723864 0.19478524
vt 0.05492991 0.18276012
vt 0.09091789 0.22908139
vt 0.08059891 0.21339798
vt 0.07420310 0.23679107
vt 0.20947266 0.48429292
vt 0.19962969 0.45285738
vt 0.24740875 0.48149669
vt 0.24762884 0.46391797
vt 0.23339297 0.49734294
vt 0.23639069 0.47079515
vt 0.22527678 0.48471850
vt 0.23339297 0.49734294
vt 0.24740875 0.48149669
vt 0.23639069 0.47079515
vt 0.17078513 0.50504327
vt 0.17643583 0.47993976
vt 0.22349057 0.50908685
vt 0.23339297 0.49734294
vt 0.22349057 0.50908685
vt 0.23672952 0.50846213
vt 0.23339297 0.49734294
vt 0.20469540 0.51464355
vt 0.22527678 0.48471850
vt 0.20947266 0.48429292
vt 0.20947266 0.48429292
vt 0.19962969 0.45285738
vt 0.17643583 0.47993976
vt 0.22850165 0.43775731
vt 0.19962969 0.45285738
vt 0.18928239 0.34056574
vt 0.17996882 0.32409161
vt 0.18789627 0.35757875
vt 0.16860236 0.35286623
vt 0.17616135 0.39469481
vt 0.15778181 0.40068424
vt 0.15622374 0.40907633
vt 0.16509767 0.46280473
vt 0.17643583 0.47993976
vt 0.14551802 0.44818139
vt 0.16509767 0.46280473
vt 0.17643583 0.47993976
vt 0.14420454 0.47843474
vt 0.14715207 0.50092888
vt 0.13906202 0.42802697
vt 0.12442911 0.45147705
vt 0.16509767 0.46280473
vt 0.14551802 0.44818139
vt 0.14420454 0.47843474
vt 0.09078848 0.50366783
vt 0.08483921 0.48083210
vt 0.05353292 0.48222870
vt 0.02941395 0.51721543
vt 0.05090841 0.53453040
vt 0.05353292 0.48222870
vt 0.25563863 0.54594207
vt 0.28007382 0.54238713
vt 0.25935286 0.52940392
vt 0.14715207 0.50092888
vt 0.12721556 0.49857616
vt 0.14203583 0.58936083
vt 0.14970320 0.59104449
vt 0.16294198 0.58153963
vt 0.17078513 0.50504327
vt 0.14715207 0.50092888
vt 0.15459162 0.51883352
vt 0.14420454 0.47843474
vt 0.12357476 0.47415817
vt 0.12721556 0.49857616
vt 0.31701079 0.59265435
vt 0.29864481 0.58294439
vt 0.29019153 0.58574671
vt 0.32593524 0.57904065
vt 0.31809825 0.57759058
vt 0.32112175 0.58716494
vt 0.33001637 0.57187301
vt 0.31632596 0.56032407
vt 0.31809825 0.57759058
vt 0.33001637 0.57187301
vt 0.33694163 0.56089115
vt 0.32225287 0.55348474
vt 0.31701079 0.59265435
vt 0.31809825 0.57759058
vt 0.29864481 0.58294439
vt 0.30610833 0.59616482
vt 0.31701079 0.59265435
vt 0.29019153 0.58574671
vt 0.29864481 0.58294439
vt 0.29944724 0.56637108
vt 0.29019153 0.58574671
vt 0.26939806 0.57038641
vt 0.28349718 0.56999356
vt 0.27595857 0.55781430
vt 0.29019153 0.58574671
vt 0.28103855 0.59131157
vt 0.29944724 0.56637108
vt 0.30441651 0.54557037
vt 0.28758988 0.54014248
vt 0.29019153 0.58574671
vt 0.29944724 0.56637108
vt 0.28349718 0.56999356
vt 0.29009131 0.60087788
vt 0.29328546 0.59986424
vt 0.27495059 0.60514587
vt 0.29328546 0.59986424
vt 0.28103855 0.59131157
vt 0.28349718 0.56999356
vt 0.28758988 0.54014248
vt 0.27595857 0.55781430
vt 0.27595857 0.55781430
vt 0.28007382 0.54238713
vt 0.26689467 0.59476423
vt 0.27495059 0.60514587
vt 0.28103855 0.59131157
vt 0.26939806 0.57038641
vt 0.27595857 0.55781430
vt 0.26343766 0.55779469
vt 0.31632596 0.56032407
vt 0.32225287 0.55348474
vt 0.30441651 0.54557037
vt 0.33001637 0.57187301
vt 0.32225287 0.55348474
vt 0.32593524 0.57904065
vt 0.33001637 0.57187301
vt 0.31809825 0.57759058
vt 0.33694163 0.56089115
vt 0.34152234 0.55341876
vt 0.34213459 0.54801041
vt 0.25563863 0.54594207
vt 0.28007382 0.54238713
vt 0.10810894 0.58092171
vt 0.17394909 0.55057847
vt 0.10412166 0.55924034
vt 0.25722253 0.59091312
vt 0.26939806 0.57038641
vt 0.24583369 0.56200761
vt 0.17394909 0.55057847
vt 0.19295685 0.53249240
vt 0.15459162 0.51883352
vt 0.34213459 0.54801041
vt 0.32225287 0.55348474
vt 0.26343766 0.55779469
vt 0.27595857 0.55781430
vt 0.25563863 0.54594207
vt 0.19355163 0.52023768
vt 0.17078513 0.50504327
vt 0.19355163 0.52023768
vt 0.19295685 0.53249240
vt 0.20469540 0.51464355
vt 0.15459162 0.51883352
vt 0.19295685 0.53249240
vt 0.20707949 0.58308154
vt 0.19295685 0.53249240
vt 0.18200538 0.56875670
vt 0.25029853 0.61212975
vt 0.25722253 0.59091312
vt 0.24161881 0.61046362
vt 0.12721556 0.49857616
vt 0.12357476 0.47415817
vt 0.11267657 0.49333632
vt 0.07968514 0.57496762
vt 0.09301753 0.57839614
vt 0.10412166 0.55924034
vt 0.15137753 0.53489059
vt 0.08750165 0.52598035
vt 0.10412166 0.55924034
vt 0.12721556 0.49857616
vt 0.11267657 0.49333632
vt 0.08750165 0.52598035
vt 0.26689467 0.59476423
vt 0.28103855 0.59131157
vt 0.28349718 0.56999356
vt 0.31809825 0.57759058
vt 0.29944724 0.56637108
vt 0.29864481 0.58294439
vt 0.32112175 0.58716494
vt 0.31809825 0.57759058
vt 0.31701079 0.59265435
vt 0.12965532 0.51754248
vt 0.29944724 0.56637108
vt 0.31632596 0.56032407
vt 0.26689467 0.59476423
vt 0.25722253 0.59091312
vt 0.26099607 0.60939831
vt 0.18200538 0.56875670
vt 0.17394909 0.55057847
vt 0.10810894 0.58092171
vt 0.11267657 0.49333632
vt 0.10439452 0.47710872
vt 0.09078848 0.50366783
vt 0.10810894 0.58092171
vt 0.10412166 0.55924034
vt 0.09301753 0.57839614
vt 0.21496117 0.53367448
vt 0.22349057 0.50908685
vt 0.20469540 0.51464355
vt 0.22991434 0.54517227
vt 0.24953189 0.54663038
vt 0.23080847 0.52973258
vt 0.03281196 0.54686987
vt 0.06664554 0.55101711
vt 0.05090841 0.53453040
vt 0.02941395 0.51721543
vt 0.05353292 0.48222870
vt 0.03341522 0.49191880
vt 0.03687654 0.45727253
vt 0.03341522 0.49191880
vt 0.04236002 0.46752524
vt 0.05090841 0.53453040
vt 0.08750165 0.52598035
vt 0.07838033 0.51220042
vt 0.05090841 0.53453040
vt 0.06664554 0.55101711
vt 0.08750165 0.52598035
vt 0.06228917 0.57201266
vt 0.07968514 0.57496762
vt 0.06664554 0.55101711
vt 0.03325313 0.56663167
vt 0.05016643 0.55700177
vt 0.09078848 0.50366783
vt 0.10439452 0.47710872
vt 0.08483921 0.48083210
vt 0.17773569 0.59725612
vt 0.20173381 0.60256004
vt 0.18674333 0.58093166
vt 0.26099607 0.60939831
vt 0.25722253 0.59091312
vt 0.25029853 0.61212975
vt 0.26939806 0.57038641
vt 0.26343766 0.55779469
vt 0.24583369 0.56200761
vt 0.15137753 0.53489059
vt 0.10412166 0.55924034
vt 0.15459162 0.51883352
vt 0.12965532 0.51754248
vt 0.12965532 0.51754248
vt 0.12721556 0.49857616
vt 0.08750165 0.52598035
vt 0.16294198 0.58153963
vt 0.18200538 0.56875670
vt 0.14203583 0.58936083
vt 0.16236962 0.59233969
vt 0.16294198 0.58153963
vt 0.16236962 0.59233969
vt 0.18674333 0.58093166
vt 0.16294198 0.58153963
vt 0.14203583 0.58936083
vt 0.10810894 0.58092171
vt 0.12848747 0.58629608
vt 0.09078848 0.50366783
vt 0.07838033 0.51220042
vt 0.03325313 0.56663167
vt 0.05016643 0.55700177
vt 0.03281196 0.54686987
vt 0.03281196 0.54686987
vt 0.05016643 0.55700177
vt 0.06664554 0.55101711
vt 0.27495059 0.60514587
vt 0.26689467 0.59476423
vt 0.26099607 0.60939831
vt 0.31809825 0.57759058
vt 0.31632596 0.56032407
vt 0.29944724 0.56637108
vt 0.17773569 0.59725612
vt 0.18674333 0.58093166
vt 0.16236962 0.59233969
vt 0.16294198 0.58153963
vt 0.18674333 0.58093166
vt 0.18200538 0.56875670
vt 0.18674333 0.58093166
vt 0.20707949 0.58308154
vt 0.18200538 0.56875670
vt 0.26689467 0.59476423
vt 0.28349718 0.56999356
vt 0.26939806 0.57038641
vt 0.18200538 0.56875670
vt 0.19295685 0.53249240
vt 0.17394909 0.55057847
vt 0.21673496 0.56703389
vt 0.21496117 0.53367448
vt 0.29328546 0.59986424
vt 0.28103855 0.59131157
vt 0.27495059 0.60514587
vt 0.15137753 0.53489059
vt 0.19355163 0.52023768
vt 0.20469540 0.51464355
vt 0.17078513 0.50504327
vt 0.23080847 0.52973258
vt 0.22349057 0.50908685
vt 0.21496117 0.53367448
vt 0.21496117 0.53367448
vt 0.20469540 0.51464355
vt 0.21091715 0.60454452
vt 0.20707949 0.58308154
vt 0.20173381 0.60256004
vt 0.21673496 0.56703389
vt 0.19295685 0.53249240
vt 0.20707949 0.58308154
vt 0.22952132 0.57989049
vt 0.22991434 0.54517227
vt 0.21673496 0.56703389
vt 0.23080847 0.52973258
vt 0.21496117 0.53367448
vt 0.24161881 0.61046362
vt 0.25722253 0.59091312
vt 0.22952132 0.57989049
vt 0.29944724 0.56637108
vt 0.28758988 0.54014248
vt 0.28349718 0.56999356
vt 0.24583369 0.56200761
vt 0.24953189 0.54663038
vt 0.22991434 0.54517227
vt 0.30610833 0.59616482
vt 0.29019153 0.58574671
vt 0.29328546 0.59986424
vt 0.07838033 0.51220042
vt 0.09078848 0.50366783
vt 0.05353292 0.48222870
vt 0.24953189 0.54663038
vt 0.25935286 0.52940392
vt 0.23080847 0.52973258
vt 0.26343766 0.55779469
vt 0.25563863 0.54594207
vt 0.24953189 0.54663038
vt 0.21091715 0.60454452
vt 0.21673496 0.56703389
vt 0.20707949 0.58308154
vt 0.21091715 0.60454452
vt 0.21948130 0.60639822
vt 0.24161881 0.61046362
vt 0.22991434 0.54517227
vt 0.21496117 0.53367448
vt 0.24161881 0.61046362
vt 0.22952132 0.57989049
vt 0.24583369 0.56200761
vt 0.26343766 0.55779469
vt 0.24953189 0.54663038
vt 0.11267657 0.49333632
vt 0.09078848 0.50366783
vt 0.08750165 0.52598035
vt 0.06228917 0.57201266
vt 0.05090841 0.53453040
vt 0.07838033 0.51220042
vt 0.03341522 0.49191880
vt 0.05353292 0.48222870
vt 0.04236002 0.46752524
vt 0.07968514 0.57496762
vt 0.10412166 0.55924034
vt 0.06664554 0.55101711
vt 0.03281196 0.54686987
vt 0.02941395 0.51721543
vt 0.21091715 0.60454452
vt 0.22952132 0.57989049
vt 0.21673496 0.56703389
vt 0.24953189 0.54663038
vt 0.25563863 0.54594207
vt 0.25935286 0.52940392
vt 0.25722253 0.59091312
vt 0.24583369 0.56200761
vt 0.22952132 0.57989049
vt 0.22952132 0.57989049
vt 0.24583369 0.56200761
vt 0.22991434 0.54517227
vt 0.20173381 0.60256004
vt 0.20707949 0.58308154
vt 0.18674333 0.58093166
vt 0.14203583 0.58936083
vt 0.18200538 0.56875670
vt 0.10810894 0.58092171
vt 0.26689467 0.59476423
vt 0.26939806 0.57038641
vt 0.25722253 0.59091312
vt 0.14715207 0.50092888
vt 0.12965532 0.51754248
vt 0.15137753 0.53489059
vt -0.60237843 -0.42318964
vt -0.60749996 -0.41011369
vt -0.59747255 -0.40458584
vt -0.59186077 -0.42462516
vt -0.59448093 -0.39747488
vt -0.58179587 -0.41383481
vt -0.58366311 -0.38846338
vt -0.60672045 -0.38128614
vt -0.58930326 -0.36164343
vt -0.60237843 -0.42318964
vt -0.59747255 -0.40458584
vt -0.59186077 -0.42462516
vt -0.49680910 -0.38618851
vt -0.54919910 -0.39389133
vt -0.51992851 -0.36927032
vt -0.49680910 -0.38618851
vt -0.51992851 -0.36927032
vt -0.47737008 -0.36605930
vt -0.59222031 -0.43477142
vt -0.60058182 -0.42815709
vt -0.59186077 -0.42462516
vt -0.62242615 -0.37528193
vt -0.62936503 -0.35848939
vt -0.62113291 -0.35823894
vt -0.58366311 -0.38846338
vt -0.56918180 -0.37109447
vt -0.57548708 -0.39207768
vt -0.61581403 -0.39087069
vt -0.61940235 -0.38162732
vt -0.60672045 -0.38128614
vt -0.60672045 -0.38128614
vt -0.61024946 -0.36080933
vt -0.58930326 -0.36164343
vt -0.61581403 -0.39087069
vt -0.59448093 -0.39747488
vt -0.59747255 -0.40458584
vt -0.59448093 -0.39747488
vt -0.57548708 -0.39207768
vt -0.58179587 -0.41383481
vt -0.59222031 -0.43477142
vt -0.59588188 -0.43356669
vt -0.60058182 -0.42815709
vt -0.60749996 -0.41011369
vt -0.61301267 -0.39806211
vt -0.61581403 -0.39087069
vt -0.53537333 -0.41076303
vt -0.58179587 -0.41383481
vt -0.54919910 -0.39389133
vt -0.57548708 -0.39207768
vt -0.54919910 -0.39389133
vt -0.58279949 -0.42867422
vt -0.59186077 -0.42462516
vt -0.58179587 -0.41383481
vt -0.54919910 -0.39389133
vt -0.56918180 -0.37109447
vt -0.54910761 -0.37179661
vt -0.56015980 -0.42436135
vt -0.58179587 -0.41383481
vt -0.53537333 -0.41076303
vt -0.57548708 -0.39207768
vt -0.54919910 -0.39389133
vt -0.62242615 -0.37528193
vt -0.62113291 -0.35823894
vt -0.61940235 -0.38162732
vt -0.56918180 -0.37109447
vt -0.57168341 -0.35496974
vt -0.54910761 -0.37179661
vt -0.60749996 -0.41011369
vt -0.61581403 -0.39087069
vt -0.58696419 -0.43643916
vt -0.59222031 -0.43477142
vt -0.59186077 -0.42462516
vt -0.59448093 -0.39747488
vt -0.60672045 -0.38128614
vt -0.58366311 -0.38846338
vt -0.60058182 -0.42815709
vt -0.60237843 -0.42318964
vt -0.59186077 -0.42462516
vt -0.53537333 -0.41076303
vt -0.52072722 -0.40261889
vt -0.52072722 -0.40261889
vt -0.58696419 -0.43643916
vt -0.58279949 -0.42867422
vt -0.54919910 -0.39389133
vt -0.54910761 -0.37179661
vt -0.51992851 -0.36927032
vt -0.56015980 -0.42436135
vt -0.58279949 -0.42867422
vt -0.58179587 -0.41383481
vt -0.57564610 -0.43328679
vt -0.58696419 -0.43643916
vt -0.58279949 -0.42867422
vt -0.59448093 -0.39747488
vt -0.58366311 -0.38846338
vt -0.57548708 -0.39207768
vt -0.59186077 -0.42462516
vt -0.59747255 -0.40458584
vt -0.59448093 -0.39747488
vt -0.61940235 -0.38162732
vt -0.61024946 -0.36080933
vt -0.60672045 -0.38128614
vt -0.62113291 -0.35823894
vt -0.61940235 -0.38162732
vt -0.61581403 -0.39087069
vt -0.60672045 -0.38128614
vt -0.59448093 -0.39747488
vt -0.57564610 -0.43328679
vt -0.58279949 -0.42867422
vt -0.56015980 -0.42436135
vt -0.56918180 -0.37109447
vt -0.58366311 -0.38846338
vt -0.11275337 0.01200414
vt -0.10495334 -0.00183117
vt -0.11103006 -0.00962365
vt -0.14898087 0.02476680
vt -0.13351479 0.02288783
vt -0.11275337 0.01200414
vt -0.15680070 -0.03243542
vt -0.14304462 -0.01918793
vt -0.12080981 -0.02960253
vt -0.09429015 0.02579975
vt -0.09541935 0.01070327
vt -0.11275337 0.01200414
vt -0.13337834 -0.00840592
vt -0.11629023 -0.01747561
vt -0.12080981 -0.02960253
vt -0.11275337 0.01200414
vt -0.09541935 0.01070327
vt -0.09976664 0.00519812
vt -0.13337834 -0.00840592
vt -0.11275337 0.01200414
vt -0.11629023 -0.01747561
vt -0.11629023 -0.01747561
vt -0.11275337 0.01200414
vt -0.11103006 -0.00962365
vt -0.14734130 0.00322962
vt -0.14898087 0.02476680
vt -0.13337834 -0.00840592
vt -0.11275337 0.01200414
vt -0.09976664 0.00519812
vt -0.10495334 -0.00183117
vt -0.09429015 0.02579975
vt -0.08777120 0.02014047
vt -0.09541935 0.01070327
vt -0.15680070 -0.03243542
vt -0.12080981 -0.02960253
vt -0.14232515 -0.04408729
vt -0.13219734 -0.05464530
vt -0.14232515 -0.04408729
vt -0.12473956 -0.03832030
vt -0.11391532 0.03139734
vt -0.11275337 0.01200414
vt -0.13337834 -0.00840592
vt -0.12080981 -0.02960253
vt -0.14304462 -0.01918793
vt -0.14232515 -0.04408729
vt -0.12080981 -0.02960253
vt -0.12473956 -0.03832030
vt -0.13337834 -0.00840592
vt -0.14898087 0.02476680
vt -0.11275337 0.01200414
vt -0.11275337 0.01200414
vt -0.13351479 0.02288783
vt -0.11391532 0.03139734
vt -0.10495334 -0.00183117
vt -0.10852923 -0.00642264
vt -0.11103006 -0.00962365
vt -0.20807374 -0.02375400
vt -0.17324600 -0.01460373
vt -0.17897813 -0.02897596
vt -0.20106381 -0.00563776
vt -0.14734130 0.00322962
vt -0.17324600 -0.01460373
vt -0.17324600 -0.01460373
vt -0.13337834 -0.00840592
vt -0.14304462 -0.01918793
vt -0.23018463 -0.16531563
vt -0.21752940 -0.17475593
vt -0.22666456 -0.19811583
vt -0.22490175 -0.11509633
vt -0.20449488 -0.10051227
vt -0.18357804 -0.09542024
vt -0.16395310 -0.11877990
vt -0.18357804 -0.09542024
vt -0.16882698 -0.09430087
vt -0.23402724 -0.07933235
vt -0.25268659 -0.05458152
vt -0.23127525 -0.05934012
vt -0.18625993 -0.08679986
vt -0.17208683 -0.08676291
vt -0.18357804 -0.09542024
vt -0.18357804 -0.09542024
vt -0.16882698 -0.09430087
vt -0.33817637 -0.16486859
vt -0.32935676 -0.15481353
vt -0.30565691 -0.16598904
vt -0.32857811 -0.18678737
vt -0.30565691 -0.16598904
vt -0.33968306 -0.20380950
vt -0.32857811 -0.18678737
vt -0.32421070 -0.19929934
vt -0.19437473 -0.04346681
vt -0.20807374 -0.02375400
vt -0.17271191 -0.04124689
vt -0.24117950 -0.15759528
vt -0.26415348 -0.14794588
vt -0.24652694 -0.13208616
vt -0.14923504 -0.06321716
vt -0.14225230 -0.07693243
vt -0.14778307 -0.08912396
vt -0.31349069 -0.18766570
vt -0.30565691 -0.16598904
vt -0.30275044 -0.18999660
vt -0.30773816 -0.05960655
vt -0.31162196 -0.02996397
vt -0.29056197 -0.05187070
vt -0.35962868 -0.09798503
vt -0.35409793 -0.08410347
vt -0.31998667 -0.09893715
vt -0.35409793 -0.08410347
vt -0.32557172 -0.07224596
vt -0.31341314 -0.07745337
vt -0.27811742 -0.22387040
vt -0.28352234 -0.22808647
vt -0.30402696 -0.23607409
vt -0.29753831 -0.20527101
vt -0.27811742 -0.22387040
vt -0.31254587 -0.20900226
vt -0.27628702 -0.20828307
vt -0.29753831 -0.20527101
vt -0.33377060 -0.22032332
vt -0.34017593 -0.24381173
vt -0.35028160 -0.21573865
vt -0.31834483 -0.24086308
vt -0.32616180 -0.24688578
vt -0.34046239 -0.25468409
vt -0.27811742 -0.22387040
vt -0.30402696 -0.23607409
vt -0.31254587 -0.20900226
vt -0.30402696 -0.23607409
vt -0.31262892 -0.22344923
vt -0.34017593 -0.24381173
vt -0.31834483 -0.24086308
vt -0.34046239 -0.25468409
vt -0.33377060 -0.22032332
vt -0.32421070 -0.19929934
vt -0.31254587 -0.20900226
vt -0.27628702 -0.20828307
vt -0.25193474 -0.21484685
vt -0.27811742 -0.22387040
vt -0.25193474 -0.21484685
vt -0.23856696 -0.20743728
vt -0.24552111 -0.21239877
vt -0.31834483 -0.24086308
vt -0.30402696 -0.23607409
vt -0.31068191 -0.23935652
vt -0.35028160 -0.21573865
vt -0.33968306 -0.20380950
vt -0.33377060 -0.22032332
vt -0.33377060 -0.22032332
vt -0.34017593 -0.24381173
vt -0.31254587 -0.20900226
vt -0.31262892 -0.22344923
vt -0.33968306 -0.20380950
vt -0.32421070 -0.19929934
vt -0.33377060 -0.22032332
vt -0.31262892 -0.22344923
vt -0.31834483 -0.24086308
vt -0.29314286 -0.11671102
vt -0.29293096 -0.08857584
vt -0.26688001 -0.09962618
vt -0.31262892 -0.22344923
vt -0.30402696 -0.23607409
vt -0.31834483 -0.24086308
vt -0.27212128 -0.05658877
vt -0.25634348 -0.06364691
vt -0.26800478 -0.07628381
vt -0.34399381 -0.05473137
vt -0.33729964 -0.04303467
vt -0.32985321 -0.05191207
vt -0.32985321 -0.05191207
vt -0.33714575 -0.02861857
vt -0.31162196 -0.02996397
vt -0.29843825 -0.06940293
vt -0.26780730 -0.04119778
vt -0.27212128 -0.05658877
vt -0.36537582 0.01480424
vt -0.37843901 0.03622055
vt -0.33200443 0.00712013
vt -0.17208683 -0.08676291
vt -0.15351662 -0.09910905
vt -0.16882698 -0.09430087
vt -0.25736201 -0.01022530
vt -0.24102670 -0.00183976
vt -0.22061250 -0.02471578
vt -0.36537582 0.01480424
vt -0.33200443 0.00712013
vt -0.33735105 -0.00793636
vt -0.33735105 -0.00793636
vt -0.33200443 0.00712013
vt -0.26494700 -0.00368094
vt -0.26012787 0.01474434
vt -0.24102670 -0.00183976
vt -0.31162196 -0.02996397
vt -0.28771263 -0.00775599
vt -0.28911188 -0.02721620
vt -0.27831352 -0.01345229
vt -0.27115697 -0.02719486
vt -0.28911188 -0.02721620
vt -0.28911188 -0.02721620
vt -0.27115697 -0.02719486
vt -0.26780730 -0.04119778
vt -0.16395310 -0.11877990
vt -0.16882698 -0.09430087
vt -0.15745206 -0.10711956
vt -0.33200443 0.00712013
vt -0.31659994 0.01806736
vt -0.29774246 -0.00002337
vt -0.28771263 -0.00775599
vt -0.26012787 0.01474434
vt -0.26494700 -0.00368094
vt -0.21193181 -0.09538960
vt -0.21301417 -0.07508111
vt -0.18625993 -0.08679986
vt -0.20449488 -0.10051227
vt -0.21193181 -0.09538960
vt -0.18625993 -0.08679986
vt -0.32421070 -0.19929934
vt -0.32857811 -0.18678737
vt -0.31349069 -0.18766570
vt -0.25290322 -0.08602571
vt -0.25634348 -0.06364691
vt -0.23402724 -0.07933235
vt -0.19936800 -0.12982321
vt -0.22490175 -0.11509633
vt -0.18357804 -0.09542024
vt -0.22490175 -0.11509633
vt -0.21193181 -0.09538960
vt -0.20449488 -0.10051227
vt -0.27015626 -0.18275177
vt -0.25193474 -0.21484685
vt -0.26800478 -0.07628381
vt -0.25634348 -0.06364691
vt -0.25290322 -0.08602571
vt -0.27015626 -0.18275177
vt -0.25164399 -0.17590153
vt -0.23856696 -0.20743728
vt -0.26911315 -0.12916744
vt -0.24652694 -0.13208616
vt -0.26415348 -0.14794588
vt -0.34193215 -0.12477744
vt -0.31879577 -0.13304591
vt -0.32935676 -0.15481353
vt -0.22490175 -0.11509633
vt -0.23468518 -0.10588920
vt -0.21193181 -0.09538960
vt -0.24652694 -0.13208616
vt -0.23468518 -0.10588920
vt -0.22490175 -0.11509633
vt -0.23727238 -0.09443891
vt -0.25290322 -0.08602571
vt -0.23402724 -0.07933235
vt -0.23073545 -0.13796067
vt -0.19936800 -0.12982321
vt -0.21212445 -0.15159941
vt -0.21767139 -0.15996301
vt -0.21212445 -0.15159941
vt -0.20381193 -0.16444075
vt -0.21767139 -0.15996301
vt -0.20381193 -0.16444075
vt -0.21752940 -0.17475593
vt -0.21767139 -0.15996301
vt -0.21752940 -0.17475593
vt -0.30565691 -0.16598904
vt -0.29139224 -0.15046048
vt -0.30275044 -0.18999660
vt -0.32935676 -0.15481353
vt -0.31879577 -0.13304591
vt -0.30565691 -0.16598904
vt -0.29139224 -0.15046048
vt -0.27192700 -0.17074883
vt -0.27015626 -0.18275177
vt -0.28174716 -0.13088024
vt -0.26911315 -0.12916744
vt -0.26415348 -0.14794588
vt -0.20807374 -0.02375400
vt -0.21261925 0.00506264
vt -0.20106381 -0.00563776
vt -0.20807374 -0.02375400
vt -0.20106381 -0.00563776
vt -0.17324600 -0.01460373
vt -0.31446236 -0.11938906
vt -0.29314286 -0.11671102
vt -0.29139224 -0.15046048
vt -0.25634348 -0.06364691
vt -0.26780730 -0.04119778
vt -0.25268659 -0.05458152
vt -0.36081758 -0.07140899
vt -0.32557172 -0.07224596
vt -0.35409793 -0.08410347
vt -0.27115697 -0.02719486
vt -0.24934772 -0.02414584
vt -0.26780730 -0.04119778
vt -0.29774246 -0.00002337
vt -0.28192842 0.00929886
vt -0.28771263 -0.00775599
vt -0.28192842 0.00929886
vt -0.28771263 -0.00775599
vt -0.29350287 0.02570629
vt -0.27978843 0.02243912
vt -0.28192842 0.00929886
vt -0.29293096 -0.08857584
vt -0.27912259 -0.08598232
vt -0.26688001 -0.09962618
vt -0.36458954 -0.02631760
vt -0.33714575 -0.02861857
vt -0.33729964 -0.04303467
vt -0.27015626 -0.18275177
vt -0.27628702 -0.20828307
vt -0.29753831 -0.20527101
vt -0.18712957 -0.05650270
vt -0.17271191 -0.04124689
vt -0.15992229 -0.04510570
vt -0.18712957 -0.05650270
vt -0.15992229 -0.04510570
vt -0.17285481 -0.06748736
vt -0.17897813 -0.02897596
vt -0.17324600 -0.01460373
vt -0.15680070 -0.03243542
vt -0.24117950 -0.15759528
vt -0.23768792 -0.17746496
vt -0.25164399 -0.17590153
vt -0.35409793 -0.08410347
vt -0.31341314 -0.07745337
vt -0.31998667 -0.09893715
vt -0.31998667 -0.09893715
vt -0.29293096 -0.08857584
vt -0.31446236 -0.11938906
vt -0.36710054 -0.04354453
vt -0.33729964 -0.04303467
vt -0.34399381 -0.05473137
vt -0.33729964 -0.04303467
vt -0.33714575 -0.02861857
vt -0.32985321 -0.05191207
vt -0.29843825 -0.06940293
vt -0.26800478 -0.07628381
vt -0.27912259 -0.08598232
vt -0.36458954 -0.02631760
vt -0.33735105 -0.00793636
vt -0.33714575 -0.02861857
vt -0.29056197 -0.05187070
vt -0.28911188 -0.02721620
vt -0.29843825 -0.06940293
vt -0.27212128 -0.05658877
vt -0.26800478 -0.07628381
vt -0.29056197 -0.05187070
vt -0.26780730 -0.04119778
vt -0.35028160 -0.21573865
vt -0.34646022 -0.18419945
vt -0.33968306 -0.20380950
vt -0.23073545 -0.13796067
vt -0.21212445 -0.15159941
vt -0.24117950 -0.15759528
vt -0.34646022 -0.18419945
vt -0.32857811 -0.18678737
vt -0.33968306 -0.20380950
vt -0.31349069 -0.18766570
vt -0.31254587 -0.20900226
vt -0.32421070 -0.19929934
vt -0.28192842 0.00929886
vt -0.26517689 0.02931607
vt -0.26012787 0.01474434
vt -0.30275044 -0.18999660
vt -0.29753831 -0.20527101
vt -0.31254587 -0.20900226
vt -0.21212445 -0.15159941
vt -0.17536609 -0.13719487
vt -0.20381193 -0.16444075
vt -0.26012787 0.01474434
vt -0.23694244 0.01404881
vt -0.24102670 -0.00183976
vt -0.17897813 -0.02897596
vt -0.15992229 -0.04510570
vt -0.17271191 -0.04124689
vt -0.34948194 -0.15147007
vt -0.32935676 -0.15481353
vt -0.33817637 -0.16486859
vt -0.17324600 -0.01460373
vt -0.14734130 0.00322962
vt -0.13337834 -0.00840592
vt -0.34948194 -0.15147007
vt -0.34193215 -0.12477744
vt -0.32935676 -0.15481353
vt -0.32857811 -0.18678737
vt -0.30565691 -0.16598904
vt -0.31349069 -0.18766570
vt -0.17285481 -0.06748736
vt -0.14923504 -0.06321716
vt -0.17208683 -0.08676291
vt -0.14734130 0.00322962
vt -0.20106381 -0.00563776
vt -0.17314632 0.01546633
vt -0.21752940 -0.17475593
vt -0.20844537 -0.18444204
vt -0.21585183 -0.19021845
vt -0.13753262 -0.06539202
vt -0.14225230 -0.07693243
vt -0.24652694 -0.13208616
vt -0.23073545 -0.13796067
vt -0.24117950 -0.15759528
vt -0.24117950 -0.15759528
vt -0.21212445 -0.15159941
vt -0.21767139 -0.15996301
vt -0.24117950 -0.15759528
vt -0.23018463 -0.16531563
vt -0.23768792 -0.17746496
vt -0.20381193 -0.16444075
vt -0.19785064 -0.17638361
vt -0.20844537 -0.18444204
vt -0.22666456 -0.19811583
vt -0.23768792 -0.17746496
vt -0.23018463 -0.16531563
vt -0.14923504 -0.06321716
vt -0.13219734 -0.05464530
vt -0.13753262 -0.06539202
vt -0.20381193 -0.16444075
vt -0.18655959 -0.15606785
vt -0.19785064 -0.17638361
vt -0.15680070 -0.03243542
vt -0.14304462 -0.01918793
vt -0.24102670 -0.00183976
vt -0.23694244 0.01404881
vt -0.21261925 0.00506264
vt -0.24102670 -0.00183976
vt -0.20807374 -0.02375400
vt -0.22061250 -0.02471578
vt -0.20798850 -0.04604077
vt -0.20807374 -0.02375400
vt -0.19437473 -0.04346681
vt -0.24934772 -0.02414584
vt -0.25736201 -0.01022530
vt -0.22061250 -0.02471578
vt -0.23127525 -0.05934012
vt -0.23519954 -0.04576540
vt -0.20798850 -0.04604077
vt -0.26780730 -0.04119778
vt -0.24934772 -0.02414584
vt -0.23519954 -0.04576540
vt -0.23519954 -0.04576540
vt -0.23127525 -0.05934012
vt -0.25268659 -0.05458152
vt -0.14923504 -0.06321716
vt -0.14232515 -0.04408729
vt -0.13219734 -0.05464530
vt -0.15992229 -0.04510570
vt -0.14232515 -0.04408729
vt -0.14923504 -0.06321716
vt -0.15992229 -0.04510570
vt -0.15680070 -0.03243542
vt -0.14232515 -0.04408729
vt -0.24798468 -0.11257601
vt -0.23468518 -0.10588920
vt -0.23127525 -0.05934012
vt -0.21301417 -0.07508111
vt -0.23727238 -0.09443891
vt -0.23402724 -0.07933235
vt -0.21301417 -0.07508111
vt -0.21301417 -0.07508111
vt -0.18712957 -0.05650270
vt -0.18625993 -0.08679986
vt -0.23127525 -0.05934012
vt -0.20798850 -0.04604077
vt -0.21301417 -0.07508111
vt -0.17285481 -0.06748736
vt -0.15992229 -0.04510570
vt -0.26517689 0.02931607
vt -0.24407573 0.03248465
vt -0.30275044 -0.18999660
vt -0.27015626 -0.18275177
vt -0.29753831 -0.20527101
vt -0.33200443 0.00712013
vt -0.29774246 -0.00002337
vt -0.28771263 -0.00775599
vt -0.28771263 -0.00775599
vt -0.27831352 -0.01345229
vt -0.28911188 -0.02721620
vt -0.28192842 0.00929886
vt -0.29774246 -0.00002337
vt -0.27978843 0.02243912
vt -0.26517689 0.02931607
vt -0.28192842 0.00929886
vt -0.25164399 -0.17590153
vt -0.23768792 -0.17746496
vt -0.23318250 -0.20307958
vt -0.27912259 -0.08598232
vt -0.25290322 -0.08602571
vt -0.24798468 -0.11257601
vt -0.36239040 -0.11071074
vt -0.34193215 -0.12477744
vt -0.29139224 -0.15046048
vt -0.26415348 -0.14794588
vt -0.27192700 -0.17074883
vt -0.36081758 -0.07140899
vt -0.32985321 -0.05191207
vt -0.32557172 -0.07224596
vt -0.29314286 -0.11671102
vt -0.26688001 -0.09962618
vt -0.26911315 -0.12916744
vt -0.18712957 -0.05650270
vt -0.18625993 -0.08679986
vt -0.18625993 -0.08679986
vt -0.17285481 -0.06748736
vt -0.17208683 -0.08676291
vt -0.30773816 -0.05960655
vt -0.29056197 -0.05187070
vt -0.24934772 -0.02414584
vt -0.22061250 -0.02471578
vt -0.23519954 -0.04576540
vt -0.23519954 -0.04576540
vt -0.22061250 -0.02471578
vt -0.20798850 -0.04604077
vt -0.20798850 -0.04604077
vt -0.19437473 -0.04346681
vt -0.18712957 -0.05650270
vt -0.17271191 -0.04124689
vt -0.18712957 -0.05650270
vt -0.19437473 -0.04346681
vt -0.31162196 -0.02996397
vt -0.33817637 -0.16486859
vt -0.31254587 -0.20900226
vt -0.20807374 -0.02375400
vt -0.17897813 -0.02897596
vt -0.17271191 -0.04124689
vt -0.14923504 -0.06321716
vt -0.15351662 -0.09910905
vt -0.17208683 -0.08676291
vt -0.14923504 -0.06321716
vt -0.14778307 -0.08912396
vt -0.15351662 -0.09910905
vt -0.15680070 -0.03243542
vt -0.15992229 -0.04510570
vt -0.17897813 -0.02897596
vt -0.24407573 0.03248465
vt -0.23694244 0.01404881
vt -0.23694244 0.01404881
vt -0.17314632 0.01546633
vt -0.21261925 0.00506264
vt -0.19936800 -0.12982321
vt -0.18357804 -0.09542024
vt -0.16395310 -0.11877990
vt -0.21261925 0.00506264
vt -0.17314632 0.01546633
vt -0.20106381 -0.00563776
vt -0.17536609 -0.13719487
vt -0.18655959 -0.15606785
vt -0.20381193 -0.16444075
vt -0.21752940 -0.17475593
vt -0.21585183 -0.19021845
vt -0.22666456 -0.19811583
vt -0.17314632 0.01546633
vt -0.14898087 0.02476680
vt -0.14734130 0.00322962
vt -0.24117950 -0.15759528
vt -0.21767139 -0.15996301
vt -0.23018463 -0.16531563
vt -0.24652694 -0.13208616
vt -0.22490175 -0.11509633
vt -0.23073545 -0.13796067
vt -0.22490175 -0.11509633
vt -0.19936800 -0.12982321
vt -0.23073545 -0.13796067
vt -0.19936800 -0.12982321
vt -0.17536609 -0.13719487
vt -0.21212445 -0.15159941
vt -0.24798468 -0.11257601
vt -0.23727238 -0.09443891
vt -0.23468518 -0.10588920
vt -0.23468518 -0.10588920
vt -0.23727238 -0.09443891
vt -0.21193181 -0.09538960
vt -0.16395310 -0.11877990
vt -0.17536609 -0.13719487
vt -0.25634348 -0.06364691
vt -0.25268659 -0.05458152
vt -0.23402724 -0.07933235
vt -0.23727238 -0.09443891
vt -0.21301417 -0.07508111
vt -0.21193181 -0.09538960
vt -0.20449488 -0.10051227
vt -0.18625993 -0.08679986
vt -0.18357804 -0.09542024
vt -0.33965501 0.02874255
vt -0.20798850 -0.04604077
vt -0.18712957 -0.05650270
vt -0.22061250 -0.02471578
vt -0.20807374 -0.02375400
vt -0.20798850 -0.04604077
vt -0.21261925 0.00506264
vt -0.20807374 -0.02375400
vt -0.26780730 -0.04119778
vt -0.23519954 -0.04576540
vt -0.25268659 -0.05458152
vt -0.25736201 -0.01022530
vt -0.24934772 -0.02414584
vt -0.18655959 -0.15606785
vt -0.19224286 -0.16767120
vt -0.19785064 -0.17638361
vt -0.17536609 -0.13719487
vt -0.17997444 -0.14629889
vt -0.18655959 -0.15606785
vt -0.23768792 -0.17746496
vt -0.22666456 -0.19811583
vt -0.23318250 -0.20307958
vt -0.31659994 0.01806736
vt -0.29350287 0.02570629
vt -0.28192842 0.00929886
vt -0.27115697 -0.02719486
vt -0.26494700 -0.00368094
vt -0.25736201 -0.01022530
vt -0.24798468 -0.11257601
vt -0.25290322 -0.08602571
vt -0.23727238 -0.09443891
vt -0.26494700 -0.00368094
vt -0.24102670 -0.00183976
vt -0.25736201 -0.01022530
vt -0.31162196 -0.02996397
vt -0.33200443 0.00712013
vt -0.33965501 0.02874255
vt -0.31659994 0.01806736
vt -0.36239040 -0.11071074
vt -0.35962868 -0.09798503
vt -0.31998667 -0.09893715
vt -0.36081758 -0.07140899
vt -0.34399381 -0.05473137
vt -0.32985321 -0.05191207
vt -0.27115697 -0.02719486
vt -0.27831352 -0.01345229
vt -0.26494700 -0.00368094
vt -0.27831352 -0.01345229
vt -0.28771263 -0.00775599
vt -0.26494700 -0.00368094
vt -0.27015626 -0.18275177
vt -0.27192700 -0.17074883
vt -0.25193474 -0.21484685
vt -0.27015626 -0.18275177
vt -0.23856696 -0.20743728
vt -0.27192700 -0.17074883
vt -0.26415348 -0.14794588
vt -0.25164399 -0.17590153
vt -0.25164399 -0.17590153
vt -0.26415348 -0.14794588
vt -0.24117950 -0.15759528
vt -0.26688001 -0.09962618
vt -0.24652694 -0.13208616
vt -0.27912259 -0.08598232
vt -0.25290322 -0.08602571
vt -0.24652694 -0.13208616
vt -0.26688001 -0.09962618
vt -0.24798468 -0.11257601
vt -0.26688001 -0.09962618
vt -0.27912259 -0.08598232
vt -0.24798468 -0.11257601
vt -0.34193215 -0.12477744
vt -0.31998667 -0.09893715
vt -0.31879577 -0.13304591
vt -0.29139224 -0.15046048
vt -0.30275044 -0.18999660
vt -0.29139224 -0.15046048
vt -0.31879577 -0.13304591
vt -0.31998667 -0.09893715
vt -0.31446236 -0.11938906
vt -0.29139224 -0.15046048
vt -0.28174716 -0.13088024
vt -0.26415348 -0.14794588
vt -0.29139224 -0.15046048
vt -0.28174716 -0.13088024
vt -0.31998667 -0.09893715
vt -0.31341314 -0.07745337
vt -0.29293096 -0.08857584
vt -0.29314286 -0.11671102
vt -0.31446236 -0.11938906
vt -0.29293096 -0.08857584
vt -0.29314286 -0.11671102
vt -0.26911315 -0.12916744
vt -0.36710054 -0.04354453
vt -0.36458954 -0.02631760
vt -0.33729964 -0.04303467
vt -0.32557172 -0.07224596
vt -0.30773816 -0.05960655
vt -0.31341314 -0.07745337
vt -0.32557172 -0.07224596
vt -0.32985321 -0.05191207
vt -0.30773816 -0.05960655
vt -0.31341314 -0.07745337
vt -0.30773816 -0.05960655
vt -0.31341314 -0.07745337
vt -0.29843825 -0.06940293
vt -0.29293096 -0.08857584
vt -0.29843825 -0.06940293
vt -0.27912259 -0.08598232
vt -0.31879577 -0.13304591
vt -0.31446236 -0.11938906
vt -0.29139224 -0.15046048
vt -0.23856696 -0.20743728
vt -0.25164399 -0.17590153
vt -0.23318250 -0.20307958
vt -0.15351662 -0.09910905
vt -0.15745206 -0.10711956
vt -0.21752940 -0.17475593
vt -0.20844537 -0.18444204
vt -0.23694244 0.01404881
vt -0.24407573 0.03248465
vt -0.17314632 0.01546633
vt -0.32985321 -0.05191207
vt -0.31162196 -0.02996397
vt -0.30773816 -0.05960655
vt -0.36458954 -0.02631760
vt -0.36537582 0.01480424
vt -0.33735105 -0.00793636
vt -0.27212128 -0.05658877
vt -0.26780730 -0.04119778
vt -0.33735105 -0.00793636
vt -0.31162196 -0.02996397
vt -0.10393042 0.34074378
vt -0.10466960 0.35631120
vt -0.09387518 0.35706210
vt -0.06271263 0.08477449
vt -0.04770543 0.07633507
vt -0.06074212 0.06218511
vt -0.08450708 0.06156993
vt -0.09862424 0.12137461
vt -0.09862424 0.12137461
vt -0.11162507 0.14779961
vt -0.08997099 0.13306832
vt -0.12394787 0.33354551
vt -0.12980290 0.35619509
vt -0.11702730 0.34236050
vt -0.05398648 0.33997232
vt -0.04367043 0.35672897
vt -0.04174005 0.33528036
vt -0.07274967 0.43543899
vt -0.07100911 0.45650923
vt -0.05511988 0.44860208
vt 0.01903290 0.38764012
vt 0.01076754 0.39314502
vt 0.03616014 0.39734590
vt 0.00982445 0.36972475
vt 0.01903290 0.38764012
vt 0.03355499 0.37031734
vt -0.00947078 0.37675613
vt -0.01464758 0.38128740
vt 0.03152333 0.34785736
vt 0.04937766 0.33318710
vt 0.03726273 0.33080953
vt -0.00091768 0.32132924
vt -0.00487377 0.34256458
vt 0.01894181 0.32689428
vt -0.00574180 0.30729437
vt -0.00487377 0.34256458
vt -0.00091768 0.32132924
vt -0.03341801 0.31964362
vt -0.02802362 0.33617628
vt -0.01023730 0.30021799
vt -0.15879571 0.42805821
vt -0.14950234 0.44473869
vt -0.12883714 0.42713040
vt -0.05213342 0.39632481
vt -0.06894343 0.40625304
vt -0.05575791 0.43104172
vt -0.05213342 0.39632481
vt -0.05575791 0.43104172
vt -0.03885610 0.44236451
vt -0.05175457 0.30349219
vt -0.05485303 0.31594026
vt -0.03341801 0.31964362
vt -0.15879571 0.42805821
vt -0.16082148 0.44033504
vt -0.14950234 0.44473869
vt -0.14034012 0.30361354
vt -0.14262891 0.33200353
vt -0.13304576 0.31865257
vt -0.15310937 0.31016988
vt -0.15485328 0.34213501
vt -0.14262891 0.33200353
vt -0.00574180 0.30729437
vt -0.00091768 0.32132924
vt 0.01894181 0.32689428
vt -0.00261958 0.36976278
vt -0.00947078 0.37675613
vt 0.00982445 0.36972475
vt 0.00982445 0.36972475
vt 0.01076754 0.39314502
vt -0.00275221 0.40878701
vt -0.01819722 0.43474233
vt 0.01706123 0.42067635
vt -0.05575791 0.43104172
vt -0.07274967 0.43543899
vt -0.05511988 0.44860208
vt -0.11668975 0.37665898
vt -0.12985083 0.38111222
vt -0.09895229 0.38000590
vt -0.06644719 0.37380713
vt -0.05213342 0.39632481
vt -0.04211609 0.38497227
vt -0.09853207 0.31023294
vt -0.07218757 0.32050973
vt -0.08180343 0.30449700
vt -0.15296337 0.37468994
vt -0.16229397 0.39125717
vt -0.12985083 0.38111222
vt -0.16445494 0.36311883
vt -0.17942090 0.37644339
vt -0.15296337 0.37468994
vt -0.16794308 0.40401614
vt -0.17754155 0.41204131
vt -0.15879571 0.42805821
vt -0.16229397 0.39125717
vt -0.16794308 0.40401614
vt -0.14589480 0.40567434
vt -0.14678928 0.23607838
vt -0.14725852 0.25347424
vt -0.13252449 0.24545002
vt -0.09024534 0.04687786
vt -0.08523027 0.02333689
vt -0.10044213 0.04413211
vt -0.08180343 0.30449700
vt -0.05485303 0.31594026
vt -0.05175457 0.30349219
vt -0.12980290 0.35619509
vt -0.10466960 0.35631120
vt -0.10393042 0.34074378
vt 0.01076754 0.39314502
vt 0.01706123 0.42067635
vt 0.03616014 0.39734590
vt -0.05485303 0.31594026
vt -0.04174005 0.33528036
vt -0.03341801 0.31964362
vt -0.12394787 0.33354551
vt -0.13304576 0.31865257
vt -0.00947078 0.37675613
vt 0.01076754 0.39314502
vt 0.00982445 0.36972475
vt -0.05511988 0.44860208
vt -0.03415456 0.46868765
vt -0.03885610 0.44236451
vt -0.08225217 0.27147961
vt -0.09856519 0.27069980
vt -0.06937815 0.28026980
vt -0.07625003 0.33732212
vt -0.06712317 0.35353941
vt -0.05398648 0.33997232
vt -0.11668975 0.37665898
vt -0.09895229 0.38000590
vt -0.08996570 0.36856532
vt -0.11668975 0.37665898
vt -0.08996570 0.36856532
vt -0.10466960 0.35631120
vt -0.04221054 0.09206003
vt -0.02836558 0.11414516
vt -0.02908519 0.07501239
vt -0.08996570 0.36856532
vt -0.06712317 0.35353941
vt -0.09387518 0.35706210
vt -0.06712317 0.35353941
vt -0.06644719 0.37380713
vt -0.04367043 0.35672897
vt -0.06894343 0.40625304
vt -0.06644719 0.37380713
vt -0.08335741 0.37791276
vt -0.12669858 0.45739990
vt -0.11853636 0.43287933
vt -0.12883714 0.42713040
vt -0.10750026 0.44006753
vt -0.09860283 0.44316691
vt -0.09814572 0.42409885
vt -0.12883714 0.42713040
vt -0.14589480 0.40567434
vt -0.11391532 0.03139734
vt -0.13178560 0.06355959
vt -0.11479807 0.04391098
vt -0.13351479 0.02288783
vt -0.14898087 0.02476680
vt -0.13178560 0.06355959
vt -0.11479807 0.04391098
vt -0.10044213 0.04413211
vt -0.11391532 0.03139734
vt -0.16319780 0.22535765
vt -0.14678928 0.23607838
vt -0.12964837 0.22679216
vt -0.16728038 0.33239287
vt -0.15485328 0.34213501
vt -0.15310937 0.31016988
vt -0.16497447 0.24735993
vt -0.14725852 0.25347424
vt -0.14678928 0.23607838
vt -0.12721916 0.07009858
vt -0.11045929 0.07429349
vt -0.13178560 0.06355959
vt -0.12290954 0.13021576
vt -0.09862424 0.12137461
vt -0.10372388 0.06296933
vt -0.06271263 0.08477449
vt -0.04221054 0.09206003
vt -0.04770543 0.07633507
vt -0.06937815 0.28026980
vt -0.05175457 0.30349219
vt -0.04014097 0.29303378
vt -0.09862424 0.12137461
vt -0.06745306 0.11540145
vt -0.06271263 0.08477449
vt -0.13603480 0.10893756
vt -0.12290954 0.13021576
vt -0.11045929 0.07429349
vt -0.13178560 0.06355959
vt -0.13603480 0.10893756
vt -0.12721916 0.07009858
vt -0.05794039 0.13535666
vt -0.02804129 0.13219929
vt -0.02836558 0.11414516
vt -0.14271100 0.14554560
vt -0.12290954 0.13021576
vt -0.13603480 0.10893756
vt -0.12290954 0.13021576
vt -0.11162507 0.14779961
vt -0.09862424 0.12137461
vt -0.06271263 0.08477449
vt -0.06745306 0.11540145
vt -0.04221054 0.09206003
vt -0.04501065 0.24458599
vt -0.02937878 0.23349047
vt -0.06162481 0.23500210
vt -0.12964837 0.22679216
vt -0.13252449 0.24545002
vt -0.10321108 0.23948252
vt -0.06271263 0.08477449
vt -0.06074212 0.06218511
vt -0.08450708 0.06156993
vt -0.15048757 0.12841588
vt -0.14271100 0.14554560
vt -0.13603480 0.10893756
vt -0.12024767 0.26733130
vt -0.09856519 0.27069980
vt -0.09148306 0.25190341
vt -0.14725852 0.25347424
vt -0.12024767 0.26733130
vt -0.13252449 0.24545002
vt -0.07666145 0.21029276
vt -0.06162481 0.23500210
vt -0.05177224 0.22083849
vt -0.13252449 0.24545002
vt -0.10895260 0.24767232
vt -0.10321108 0.23948252
vt -0.06937815 0.28026980
vt -0.05089770 0.26493490
vt -0.12964837 0.22679216
vt -0.10321108 0.23948252
vt -0.10334472 0.21612543
vt -0.11503932 0.17496383
vt -0.09428671 0.17463994
vt -0.07908318 0.15816224
vt -0.15902475 0.26806492
vt -0.14725852 0.25347424
vt -0.16497447 0.24735993
vt -0.09862424 0.12137461
vt -0.08997099 0.13306832
vt -0.14271100 0.14554560
vt -0.12834768 0.14585727
vt -0.12290954 0.13021576
vt -0.16464844 0.31489712
vt -0.16728038 0.33239287
vt -0.17866828 0.43457824
vt -0.16082148 0.44033504
vt -0.15879571 0.42805821
vt -0.17942090 0.37644339
vt -0.16229397 0.39125717
vt -0.15296337 0.37468994
vt -0.16445494 0.36311883
vt -0.15296337 0.37468994
vt -0.15275139 0.35775656
vt -0.17610493 0.35492426
vt -0.15275139 0.35775656
vt -0.15485328 0.34213501
vt -0.14257218 0.34384078
vt -0.14262891 0.33200353
vt -0.08180343 0.30449700
vt -0.07218757 0.32050973
vt -0.12394787 0.33354551
vt -0.10393042 0.34074378
vt -0.11237673 0.31439197
vt -0.13304576 0.31865257
vt -0.11237673 0.31439197
vt -0.14034012 0.30361354
vt -0.09853207 0.31023294
vt -0.06974734 0.42295927
vt -0.06894343 0.40625304
vt -0.09814572 0.42409885
vt -0.08440742 0.42842001
vt -0.08859921 0.40839624
vt -0.13351479 0.02288783
vt -0.13178560 0.06355959
vt -0.11391532 0.03139734
vt -0.13178560 0.06355959
vt -0.11045929 0.07429349
vt -0.10372388 0.06296933
vt -0.08440742 0.42842001
vt -0.06974734 0.42295927
vt -0.08859921 0.40839624
vt -0.03554334 0.06970596
vt -0.05150664 0.05634302
vt -0.05639414 0.05393571
vt -0.11853636 0.43287933
vt -0.10750026 0.44006753
vt -0.11388806 0.40891182
vt -0.05639414 0.05393571
vt -0.06123823 0.04809350
vt -0.06586589 0.04490459
vt -0.09814572 0.42409885
vt -0.08859921 0.40839624
vt -0.09442770 0.39837480
vt -0.08859921 0.40839624
vt -0.06894343 0.40625304
vt -0.11388806 0.40891182
vt -0.08859921 0.40839624
vt -0.09442770 0.39837480
vt -0.14589480 0.40567434
vt -0.11388806 0.40891182
vt -0.12985083 0.38111222
vt -0.14589480 0.40567434
vt -0.12883714 0.42713040
vt -0.11388806 0.40891182
vt -0.08996570 0.36856532
vt -0.08335741 0.37791276
vt -0.06644719 0.37380713
vt -0.09387518 0.35706210
vt -0.06712317 0.35353941
vt -0.08642537 0.34652871
vt -0.07218757 0.32050973
vt -0.05398648 0.33997232
vt -0.05485303 0.31594026
vt -0.04211609 0.38497227
vt -0.04367043 0.35672897
vt -0.15625738 0.15770674
vt -0.13642786 0.16484785
vt -0.14271100 0.14554560
vt -0.14950234 0.44473869
vt -0.12669858 0.45739990
vt -0.12883714 0.42713040
vt -0.09860283 0.44316691
vt -0.07100911 0.45650923
vt -0.09860283 0.44316691
vt -0.07274967 0.43543899
vt -0.01819722 0.43474233
vt 0.00291745 0.45158732
vt 0.01706123 0.42067635
vt -0.14678928 0.23607838
vt -0.03415456 0.46868765
vt -0.02172224 0.45840156
vt -0.00275221 0.40878701
vt 0.01706123 0.42067635
vt -0.00103438 0.40110981
vt -0.03885610 0.44236451
vt -0.01819722 0.43474233
vt -0.01919639 0.39597213
vt -0.00103438 0.40110981
vt 0.01706123 0.42067635
vt 0.01076754 0.39314502
vt -0.01464758 0.38128740
vt -0.00103438 0.40110981
vt 0.01076754 0.39314502
vt -0.01919639 0.39597213
vt -0.00103438 0.40110981
vt -0.01464758 0.38128740
vt 0.05175236 0.37586498
vt 0.03152333 0.34785736
vt -0.01464758 0.38128740
vt -0.00947078 0.37675613
vt -0.01311335 0.36315376
vt -0.04211609 0.38497227
vt -0.01464758 0.38128740
vt -0.04211609 0.38497227
vt -0.01464758 0.38128740
vt -0.00487377 0.34256458
vt 0.01894181 0.32689428
vt -0.02802362 0.33617628
vt -0.01311335 0.36315376
vt -0.00487377 0.34256458
vt -0.01311335 0.36315376
vt -0.02802362 0.33617628
vt -0.02802362 0.33617628
vt -0.00574180 0.30729437
vt -0.01023730 0.30021799
vt -0.15310937 0.31016988
vt -0.14262891 0.33200353
vt -0.14034012 0.30361354
vt -0.15282705 0.19084555
vt -0.13879545 0.20796287
vt -0.13034540 0.19493574
vt -0.05398648 0.33997232
vt -0.05485303 0.31594026
vt 0.04937766 0.33318710
vt 0.03798715 0.31837773
vt 0.01894181 0.32689428
vt 0.03726273 0.33080953
vt 0.03798715 0.31837773
vt -0.01311335 0.36315376
vt -0.00261958 0.36976278
vt -0.00487377 0.34256458
vt 0.01706123 0.42067635
vt 0.04491081 0.41100752
vt 0.03616014 0.39734590
vt -0.16794308 0.40401614
vt -0.14589480 0.40567434
vt -0.15485328 0.34213501
vt -0.17610493 0.35492426
vt -0.15275139 0.35775656
vt -0.15275139 0.35775656
vt -0.15296337 0.37468994
vt -0.12985083 0.38111222
vt -0.14257218 0.34384078
vt -0.15275139 0.35775656
vt -0.12980290 0.35619509
vt -0.11668975 0.37665898
vt -0.10466960 0.35631120
vt -0.12980290 0.35619509
vt -0.15485328 0.34213501
vt -0.14257218 0.34384078
vt -0.10466960 0.35631120
vt -0.08996570 0.36856532
vt -0.09387518 0.35706210
vt -0.09853207 0.31023294
vt -0.08642537 0.34652871
vt -0.07218757 0.32050973
vt -0.09895229 0.38000590
vt -0.09442770 0.39837480
vt -0.11237673 0.31439197
vt -0.09853207 0.31023294
vt -0.09895229 0.38000590
vt -0.06894343 0.40625304
vt -0.08335741 0.37791276
vt -0.14034012 0.30361354
vt -0.13304576 0.31865257
vt -0.06974734 0.42295927
vt -0.08440742 0.42842001
vt -0.09814572 0.42409885
vt -0.09860283 0.44316691
vt -0.08440742 0.42842001
vt -0.12883714 0.42713040
vt -0.11853636 0.43287933
vt -0.11388806 0.40891182
vt -0.09895229 0.38000590
vt -0.09442770 0.39837480
vt -0.06894343 0.40625304
vt -0.12985083 0.38111222
vt -0.11388806 0.40891182
vt -0.09895229 0.38000590
vt -0.08335741 0.37791276
vt -0.08996570 0.36856532
vt -0.11045929 0.07429349
vt -0.12290954 0.13021576
vt -0.10372388 0.06296933
vt -0.14271100 0.14554560
vt -0.13642786 0.16484785
vt -0.12834768 0.14585727
vt -0.08450708 0.06156993
vt -0.06586589 0.04490459
vt -0.09024534 0.04687786
vt -0.12985083 0.38111222
vt -0.11668975 0.37665898
vt -0.12980290 0.35619509
vt -0.11479807 0.04391098
vt -0.10372388 0.06296933
vt -0.10044213 0.04413211
vt -0.05398648 0.33997232
vt -0.09387518 0.35706210
vt -0.08642537 0.34652871
vt -0.12394787 0.33354551
vt -0.11702730 0.34236050
vt -0.10393042 0.34074378
vt -0.12394787 0.33354551
vt -0.14257218 0.34384078
vt -0.12980290 0.35619509
vt -0.05398648 0.33997232
vt -0.04367043 0.35672897
vt -0.10750026 0.44006753
vt -0.09814572 0.42409885
vt -0.11388806 0.40891182
vt -0.12985083 0.38111222
vt -0.12980290 0.35619509
vt -0.14072567 0.26759863
vt -0.15310937 0.31016988
vt -0.14034012 0.30361354
vt -0.09770338 0.19801283
vt -0.10334472 0.21612543
vt -0.07666145 0.21029276
vt -0.15902475 0.26806492
vt -0.15310937 0.31016988
vt -0.14072567 0.26759863
vt -0.11454353 0.19584751
vt -0.12964837 0.22679216
vt -0.10334472 0.21612543
vt -0.08737335 0.18687189
vt -0.05858288 0.18399525
vt -0.05794039 0.13535666
vt -0.07908318 0.15816224
vt -0.06038909 0.15930903
vt -0.07908318 0.15816224
vt -0.08737335 0.18687189
vt -0.05858288 0.18399525
vt -0.17866828 0.43457824
vt -0.16969906 0.46052253
vt -0.16082148 0.44033504
vt -0.04770543 0.07633507
vt -0.05639414 0.05393571
vt -0.06074212 0.06218511
vt -0.06937815 0.28026980
vt -0.05175457 0.30349219
vt -0.09428671 0.17463994
vt -0.08737335 0.18687189
vt -0.07908318 0.15816224
vt -0.07461166 0.25513422
vt -0.06937815 0.28026980
vt -0.05089770 0.26493490
vt -0.09856519 0.27069980
vt -0.09853207 0.31023294
vt -0.07908318 0.15816224
vt -0.05858288 0.18399525
vt -0.06038909 0.15930903
vt -0.07375614 0.13555050
vt -0.05794039 0.13535666
vt -0.06038909 0.15930903
vt -0.03813557 0.18089736
vt -0.04260287 0.15474576
vt -0.09856519 0.27069980
vt -0.12024767 0.26733130
vt -0.14072567 0.26759863
vt -0.00574180 0.30729437
vt -0.00487377 0.34256458
vt 0.00389086 0.13471568
vt -0.00097706 0.10996068
vt -0.00706211 0.12016690
vt 0.01908595 0.14588630
vt 0.03141474 0.12626308
vt 0.00852772 0.10631621
vt 0.00143293 0.15785480
vt 0.01908595 0.14588630
vt -0.02219978 0.15666097
vt -0.01249491 0.17782593
vt 0.00143293 0.15785480
vt -0.05177224 0.22083849
vt -0.02937878 0.23349047
vt -0.01481033 0.20383275
vt -0.06162481 0.23500210
vt -0.07461166 0.25513422
vt -0.04501065 0.24458599
vt -0.09024534 0.04687786
vt -0.07347658 0.03795695
vt -0.07930931 0.03089839
vt 0.01900823 0.19417220
vt 0.04312952 0.19795656
vt 0.02942611 0.17090434
vt -0.01481033 0.20383275
vt 0.00361888 0.23800969
vt 0.01900823 0.19417220
vt -0.03379851 0.26259243
vt 0.01193777 0.27018017
vt -0.01579106 0.25406915
vt 0.00361888 0.23800969
vt 0.02334016 0.25556856
vt 0.02162361 0.23878098
vt -0.04014097 0.29303378
vt -0.01023730 0.30021799
vt 0.01193777 0.27018017
vt -0.04501065 0.24458599
vt -0.05089770 0.26493490
vt -0.00097706 0.10996068
vt 0.01908595 0.14588630
vt 0.00852772 0.10631621
vt 0.01192030 0.30173182
vt 0.03431925 0.30125535
vt 0.03431925 0.30125535
vt 0.05408557 0.30072862
vt 0.04997273 0.27308875
vt -0.02836558 0.11414516
vt -0.00097706 0.10996068
vt -0.01367613 0.08787727
vt 0.03050745 0.15373415
vt 0.03588498 0.13140285
vt 0.01908595 0.14588630
vt -0.04501065 0.24458599
vt -0.02937878 0.23349047
vt 0.02162361 0.23878098
vt 0.02334016 0.25556856
vt -0.01023730 0.30021799
vt -0.00574180 0.30729437
vt 0.03431925 0.30125535
vt 0.05408557 0.30072862
vt -0.13178560 0.06355959
vt -0.15463024 0.09794497
vt -0.13603480 0.10893756
vt -0.10372388 0.06296933
vt -0.09862424 0.12137461
vt -0.08450708 0.06156993
vt -0.04174005 0.33528036
vt -0.02802362 0.33617628
vt 0.01894181 0.32689428
vt 0.03152333 0.34785736
vt 0.03726273 0.33080953
vt -0.01311335 0.36315376
vt -0.04367043 0.35672897
vt -0.01464758 0.38128740
vt -0.00261958 0.36976278
vt 0.00982445 0.36972475
vt -0.12394787 0.33354551
vt -0.14262891 0.33200353
vt -0.12721916 0.07009858
vt -0.13603480 0.10893756
vt -0.05639414 0.05393571
vt -0.08450708 0.06156993
vt -0.06074212 0.06218511
vt 0.03355499 0.37031734
vt -0.11323385 0.46814805
vt -0.11853636 0.43287933
vt -0.10334472 0.21612543
vt -0.10321108 0.23948252
vt -0.07461166 0.25513422
vt -0.14898087 0.02476680
vt -0.15252542 0.05962890
vt 0.01900823 0.19417220
vt 0.02918345 0.21521103
vt 0.00361888 0.23800969
vt 0.01193777 0.27018017
vt -0.03341801 0.31964362
vt -0.01023730 0.30021799
vt 0.03431925 0.30125535
vt 0.01894181 0.32689428
vt -0.10321108 0.23948252
vt -0.09148306 0.25190341
vt -0.00706211 0.12016690
vt -0.02836558 0.11414516
vt 0.00852772 0.10631621
vt 0.02077065 0.11649996
vt 0.01438183 0.11118817
vt -0.03554334 0.06970596
vt -0.05639414 0.05393571
vt -0.08523027 0.02333689
vt -0.09429015 0.02579975
vt -0.09429015 0.02579975
vt -0.08523027 0.02333689
vt -0.08777120 0.02014047
vt -0.09024534 0.04687786
vt -0.08523027 0.02333689
vt -0.12834768 0.14585727
vt -0.11503932 0.17496383
vt -0.11162507 0.14779961
vt -0.07461166 0.25513422
vt -0.05089770 0.26493490
vt -0.07625003 0.33732212
vt -0.06712317 0.35353941
vt -0.06712317 0.35353941
vt -0.08996570 0.36856532
vt -0.06644719 0.37380713
vt -0.06644719 0.37380713
vt -0.05213342 0.39632481
vt -0.06745306 0.11540145
vt -0.04221054 0.09206003
vt -0.11162507 0.14779961
vt -0.11503932 0.17496383
vt -0.07908318 0.15816224
vt -0.13710192 0.18052351
vt -0.13034540 0.19493574
vt -0.11503932 0.17496383
vt -0.11503932 0.17496383
vt -0.09770338 0.19801283
vt -0.09428671 0.17463994
vt -0.06038909 0.15930903
vt -0.05858288 0.18399525
vt -0.03813557 0.18089736
vt -0.09853207 0.31023294
vt -0.10393042 0.34074378
vt -0.08642537 0.34652871
vt -0.08737335 0.18687189
vt -0.09770338 0.19801283
vt -0.07666145 0.21029276
vt -0.10334472 0.21612543
vt -0.11503932 0.17496383
vt -0.12834768 0.14585727
vt -0.07375614 0.13555050
vt -0.08642537 0.34652871
vt -0.04260287 0.15474576
vt -0.02804129 0.13219929
vt -0.13034540 0.19493574
vt -0.11454353 0.19584751
vt -0.11503932 0.17496383
vt -0.13034540 0.19493574
vt -0.13879545 0.20796287
vt -0.11454353 0.19584751
vt -0.16229397 0.39125717
vt -0.14589480 0.40567434
vt -0.12985083 0.38111222
vt -0.17754155 0.41204131
vt -0.17866828 0.43457824
vt -0.15879571 0.42805821
vt -0.07666145 0.21029276
vt -0.07461166 0.25513422
vt -0.06162481 0.23500210
vt -0.05177224 0.22083849
vt -0.06162481 0.23500210
vt -0.02937878 0.23349047
vt -0.15902475 0.26806492
vt -0.14072567 0.26759863
vt -0.14725852 0.25347424
vt -0.05858288 0.18399525
vt -0.07666145 0.21029276
vt -0.16319780 0.22535765
vt -0.16497447 0.24735993
vt -0.14678928 0.23607838
vt -0.04221054 0.09206003
vt -0.02908519 0.07501239
vt -0.04770543 0.07633507
vt -0.02908519 0.07501239
vt -0.03554334 0.06970596
vt -0.16319780 0.22535765
vt -0.12964837 0.22679216
vt -0.15487105 0.21495521
vt -0.11454353 0.19584751
vt -0.10334472 0.21612543
vt -0.09770338 0.19801283
vt -0.11503932 0.17496383
vt -0.11454353 0.19584751
vt -0.09770338 0.19801283
vt -0.15282705 0.19084555
vt -0.15487105 0.21495521
vt -0.13879545 0.20796287
vt -0.13710192 0.18052351
vt -0.15282705 0.19084555
vt -0.13034540 0.19493574
vt -0.13879545 0.20796287
vt -0.15487105 0.21495521
vt -0.07375614 0.13555050
vt -0.07908318 0.15816224
vt -0.05794039 0.13535666
vt -0.08997099 0.13306832
vt -0.07375614 0.13555050
vt -0.12834768 0.14585727
vt -0.11162507 0.14779961
vt -0.12290954 0.13021576
vt -0.09429015 0.02579975
vt -0.11391532 0.03139734
vt -0.10044213 0.04413211
vt -0.09024534 0.04687786
vt -0.06586589 0.04490459
vt -0.07347658 0.03795695
vt -0.11479807 0.04391098
vt -0.13178560 0.06355959
vt -0.10044213 0.04413211
vt -0.08450708 0.06156993
vt -0.09024534 0.04687786
vt -0.08450708 0.06156993
vt -0.05639414 0.05393571
vt -0.06586589 0.04490459
vt -0.07461166 0.25513422
vt -0.08225217 0.27147961
vt -0.06937815 0.28026980
vt -0.09148306 0.25190341
vt -0.08225217 0.27147961
vt -0.07461166 0.25513422
vt -0.09148306 0.25190341
vt -0.08225217 0.27147961
vt -0.08859921 0.40839624
vt -0.06974734 0.42295927
vt -0.16969906 0.46052253
vt -0.14950234 0.44473869
vt -0.16082148 0.44033504
vt -0.11853636 0.43287933
vt -0.11323385 0.46814805
vt -0.10750026 0.44006753
vt -0.05575791 0.43104172
vt -0.05511988 0.44860208
vt -0.03885610 0.44236451
vt -0.05511988 0.44860208
vt -0.07100911 0.45650923
vt -0.05148341 0.46412897
vt 0.00291745 0.45158732
vt 0.03687654 0.45727253
vt -0.08180343 0.30449700
vt 0.01706123 0.42067635
vt 0.00291745 0.45158732
vt 0.03561420 0.43076694
vt -0.01819722 0.43474233
vt -0.02172224 0.45840156
vt 0.00291745 0.45158732
vt -0.03885610 0.44236451
vt -0.02172224 0.45840156
vt -0.10895260 0.24767232
vt -0.12024767 0.26733130
vt -0.09148306 0.25190341
vt -0.11162507 0.14779961
vt -0.07375614 0.13555050
vt -0.08997099 0.13306832
vt -0.14725852 0.25347424
vt -0.14072567 0.26759863
vt -0.12024767 0.26733130
vt -0.05794039 0.13535666
vt -0.02836558 0.11414516
vt 0.03561420 0.43076694
vt -0.01919639 0.39597213
vt -0.00275221 0.40878701
vt -0.15625738 0.15770674
vt -0.13710192 0.18052351
vt -0.01919639 0.39597213
vt -0.01919639 0.39597213
vt -0.13710192 0.18052351
vt -0.11503932 0.17496383
vt -0.04211609 0.38497227
vt -0.05213342 0.39632481
vt -0.05794039 0.13535666
vt -0.06038909 0.15930903
vt -0.04260287 0.15474576
vt -0.15463024 0.09794497
vt -0.15048757 0.12841588
vt -0.13603480 0.10893756
vt 0.03355499 0.37031734
vt 0.01903290 0.38764012
vt 0.03616014 0.39734590
vt -0.12024767 0.26733130
vt -0.14034012 0.30361354
vt -0.09853207 0.31023294
vt -0.01311335 0.36315376
vt -0.00947078 0.37675613
vt -0.00261958 0.36976278
vt -0.10044213 0.04413211
vt -0.10372388 0.06296933
vt -0.08450708 0.06156993
vt 0.01894181 0.32689428
vt 0.00982445 0.36972475
vt -0.12980290 0.35619509
vt -0.10393042 0.34074378
vt -0.11702730 0.34236050
vt -0.10895260 0.24767232
vt -0.13252449 0.24545002
vt -0.10321108 0.23948252
vt -0.09148306 0.25190341
vt -0.09770338 0.19801283
vt -0.08737335 0.18687189
vt -0.09428671 0.17463994
vt -0.13879545 0.20796287
vt -0.11454353 0.19584751
vt -0.04174005 0.33528036
vt -0.04367043 0.35672897
vt -0.02802362 0.33617628
vt -0.00097706 0.10996068
vt 0.00852772 0.10631621
vt -0.00056155 0.09877557
vt -0.00097706 0.10996068
vt -0.00056155 0.09877557
vt -0.01367613 0.08787727
vt 0.05915528 0.15478039
vt 0.05012007 0.14557201
vt 0.05205515 0.16618931
vt 0.05012007 0.14557201
vt 0.03050745 0.15373415
vt 0.03141474 0.12626308
vt 0.02077065 0.11649996
vt 0.00852772 0.10631621
vt 0.01193777 0.27018017
vt 0.02334016 0.25556856
vt 0.01193777 0.27018017
vt 0.04997273 0.27308875
vt -0.04501065 0.24458599
vt -0.03379851 0.26259243
vt -0.01579106 0.25406915
vt -0.04014097 0.29303378
vt -0.03379851 0.26259243
vt 0.02942611 0.17090434
vt 0.04312952 0.19795656
vt 0.05492991 0.18276012
vt 0.02942611 0.17090434
vt 0.05205515 0.16618931
vt 0.00143293 0.15785480
vt 0.01900823 0.19417220
vt 0.02942611 0.17090434
vt -0.04260287 0.15474576
vt -0.02219978 0.15666097
vt -0.02804129 0.13219929
vt -0.01249491 0.17782593
vt -0.01481033 0.20383275
vt 0.01900823 0.19417220
vt -0.02481574 0.17331958
vt -0.03813557 0.18089736
vt -0.01249491 0.17782593
vt -0.03813557 0.18089736
vt -0.01481033 0.20383275
vt -0.01249491 0.17782593
vt 0.00143293 0.15785480
vt 0.03050745 0.15373415
vt 0.02942611 0.17090434
vt 0.03050745 0.15373415
vt -0.00706211 0.12016690
vt -0.00097706 0.10996068
vt -0.00574180 0.30729437
vt 0.01894181 0.32689428
vt 0.01192030 0.30173182
vt 0.03431925 0.30125535
vt -0.01579106 0.25406915
vt 0.01193777 0.27018017
vt 0.00361888 0.23800969
vt -0.01249491 0.17782593
vt 0.01900823 0.19417220
vt 0.00143293 0.15785480
vt 0.00389086 0.13471568
vt 0.01908595 0.14588630
vt -0.00097706 0.10996068
vt 0.01192030 0.30173182
vt 0.02334016 0.25556856
vt 0.04997273 0.27308875
vt 0.05602700 0.24490261
vt 0.01908595 0.14588630
vt 0.03588498 0.13140285
vt 0.03141474 0.12626308
vt 0.05012007 0.14557201
vt 0.04298810 0.13806748
vt 0.03588498 0.13140285
vt -0.04260287 0.15474576
vt -0.02481574 0.17331958
vt -0.02219978 0.15666097
vt -0.01420530 0.14303708
vt -0.02804129 0.13219929
vt 0.05012007 0.14557201
vt 0.05915528 0.15478039
vt 0.05315545 0.14858276
vt -0.04014097 0.29303378
vt -0.05175457 0.30349219
vt -0.03341801 0.31964362
vt -0.03379851 0.26259243
vt -0.04014097 0.29303378
vt 0.01193777 0.27018017
vt 0.02918345 0.21521103
vt 0.02162361 0.23878098
vt -0.02937878 0.23349047
vt -0.01579106 0.25406915
vt 0.00361888 0.23800969
vt -0.02908519 0.07501239
vt -0.02836558 0.11414516
vt -0.01367613 0.08787727
vt 0.03588498 0.13140285
vt 0.03050745 0.15373415
vt 0.05012007 0.14557201
vt -0.01420530 0.14303708
vt 0.00389086 0.13471568
vt -0.00706211 0.12016690
vt -0.02804129 0.13219929
vt -0.02219978 0.15666097
vt -0.01420530 0.14303708
vt -0.01420530 0.14303708
vt -0.02219978 0.15666097
vt 0.00143293 0.15785480
vt -0.01420530 0.14303708
vt 0.00389086 0.13471568
vt -0.03813557 0.18089736
vt -0.05858288 0.18399525
vt -0.01481033 0.20383275
vt 0.02918345 0.21521103
vt 0.04312952 0.19795656
vt 0.02162361 0.23878098
vt -0.04260287 0.15474576
vt -0.03813557 0.18089736
vt -0.02481574 0.17331958
vt -0.02219978 0.15666097
vt -0.02481574 0.17331958
vt -0.01249491 0.17782593
vt 0.02942611 0.17090434
vt 0.03050745 0.15373415
vt -0.05858288 0.18399525
vt -0.01481033 0.20383275
vt -0.02937878 0.23349047
vt -0.38040888 0.19783354
vt -0.34653717 0.20311767
vt -0.36119547 0.18296438
vt -0.29751566 0.15515262
vt -0.29062280 0.17299032
vt -0.28127417 0.16291100
vt -0.29751566 0.15515262
vt -0.29750392 0.17112947
vt -0.29062280 0.17299032
vt -0.33091599 0.17362112
vt -0.34653717 0.20311767
vt -0.31550521 0.18853188
vt -0.27915731 0.12827253
vt -0.29751566 0.15515262
vt -0.26747373 0.14048266
vt -0.29882398 0.13839447
vt -0.29751566 0.15515262
vt -0.28971794 0.14582741
vt -0.36318082 0.08075178
vt -0.34411308 0.08269286
vt -0.33161968 0.07491285
vt -0.37140030 0.07304990
vt -0.36318082 0.08075178
vt -0.34062737 0.05438554
vt -0.36594439 0.04854321
vt -0.34062737 0.05438554
vt -0.33965501 0.02874255
vt -0.18656658 0.05898106
vt -0.17216289 0.05965835
vt -0.17936495 0.04117525
vt -0.23871149 0.11163473
vt -0.20936692 0.12921607
vt -0.21588583 0.10250080
vt -0.18122713 0.10052097
vt -0.16801506 0.10417438
vt -0.15463024 0.09794497
vt -0.22383699 0.13824773
vt -0.20816121 0.15608317
vt -0.20936692 0.12921607
vt -0.30965582 0.14950669
vt -0.33289084 0.15751648
vt -0.30841237 0.17464793
vt -0.28460523 0.09296948
vt -0.27915731 0.12827253
vt -0.26856995 0.11500251
vt -0.26650399 0.07517523
vt -0.24009880 0.07801086
vt -0.22954792 0.04487085
vt -0.31672281 0.12239707
vt -0.31904328 0.13625211
vt -0.29882398 0.13839447
vt -0.31672281 0.12239707
vt -0.29882398 0.13839447
vt -0.29800564 0.11308026
vt -0.33752239 0.13960481
vt -0.33289084 0.15751648
vt -0.31904328 0.13625211
vt -0.34588709 0.15197420
vt -0.33289084 0.15751648
vt -0.33752239 0.13960481
vt -0.33089381 0.12482047
vt -0.31904328 0.13625211
vt -0.31672281 0.12239707
vt -0.33089381 0.12482047
vt -0.33752239 0.13960481
vt -0.30741912 0.07274127
vt -0.30749714 0.09037566
vt -0.28460523 0.09296948
vt -0.25554276 0.09854168
vt -0.25248396 0.11605072
vt -0.23871149 0.11163473
vt -0.16801506 0.10417438
vt -0.17925599 0.12240911
vt -0.15048757 0.12841588
vt -0.19387740 0.11930084
vt -0.20936692 0.12921607
vt -0.18929642 0.14048928
vt -0.20936692 0.12921607
vt -0.20816121 0.15608317
vt -0.18929642 0.14048928
vt -0.18068473 0.08337796
vt -0.18122713 0.10052097
vt -0.15463024 0.09794497
vt -0.25289881 0.13159573
vt -0.24752562 0.14419651
vt -0.22383699 0.13824773
vt -0.25248396 0.11605072
vt -0.25289881 0.13159573
vt -0.23871149 0.11163473
vt -0.18222572 0.07178342
vt -0.18068473 0.08337796
vt -0.16015439 0.07136834
vt -0.17216289 0.05965835
vt -0.18222572 0.07178342
vt -0.16015439 0.07136834
vt -0.35308462 0.09312314
vt -0.35853517 0.11579514
vt -0.34471458 0.09937322
vt -0.16015439 0.07136834
vt -0.18068473 0.08337796
vt -0.15463024 0.09794497
vt -0.20069359 0.07978988
vt -0.21588583 0.10250080
vt -0.18122713 0.10052097
vt -0.14898087 0.02476680
vt -0.17936495 0.04117525
vt -0.15252542 0.05962890
vt -0.17936495 0.04117525
vt -0.17216289 0.05965835
vt -0.15252542 0.05962890
vt -0.20069359 0.07978988
vt -0.18222572 0.07178342
vt -0.18656658 0.05898106
vt -0.33089381 0.12482047
vt -0.32866618 0.09941137
vt -0.22954792 0.04487085
vt -0.20069359 0.07978988
vt -0.18656658 0.05898106
vt -0.15252542 0.05962890
vt -0.16015439 0.07136834
vt -0.22954792 0.04487085
vt -0.17936495 0.04117525
vt -0.17314632 0.01546633
vt -0.24900652 0.17193103
vt -0.23130547 0.15286839
vt -0.25197595 0.15974879
vt -0.16801506 0.10417438
vt -0.15048757 0.12841588
vt -0.26729655 0.17791033
vt -0.26147911 0.20350397
vt -0.24900652 0.17193103
vt -0.26147911 0.20350397
vt -0.23573689 0.19057709
vt -0.22440675 0.16611087
vt -0.35393983 0.17115617
vt -0.33289084 0.15751648
vt -0.34588709 0.15197420
vt -0.33965501 0.02874255
vt -0.31751055 0.03829521
vt -0.31659994 0.01806736
vt -0.32054847 0.06223452
vt -0.30741912 0.07274127
vt -0.30742902 0.05263531
vt -0.26747373 0.14048266
vt -0.25197595 0.15974879
vt -0.24752562 0.14419651
vt -0.34062737 0.05438554
vt -0.31751055 0.03829521
vt -0.31751055 0.03829521
vt -0.29350287 0.02570629
vt -0.30742902 0.05263531
vt -0.34411308 0.08269286
vt -0.35308462 0.09312314
vt -0.32866618 0.09941137
vt -0.26650399 0.07517523
vt -0.25554276 0.09854168
vt -0.24009880 0.07801086
vt -0.34653717 0.20311767
vt -0.36956832 0.23063427
vt -0.34759840 0.22485626
vt -0.34653717 0.20311767
vt -0.31786019 0.21412498
vt -0.31550521 0.18853188
vt -0.20858812 0.17010361
vt -0.20797825 0.18178773
vt -0.19449627 0.16536707
vt -0.21072029 0.19267625
vt -0.21603492 0.21795166
vt -0.20676830 0.20918226
vt -0.29062280 0.17299032
vt -0.28158340 0.19294393
vt -0.26729655 0.17791033
vt -0.26856995 0.11500251
vt -0.25248396 0.11605072
vt -0.25554276 0.09854168
vt -0.25554276 0.09854168
vt -0.23871149 0.11163473
vt -0.21588583 0.10250080
vt -0.34062737 0.05438554
vt -0.33454517 0.06393421
vt -0.32054847 0.06223452
vt -0.21072029 0.19267625
vt -0.20676830 0.20918226
vt -0.20797825 0.18178773
vt -0.26747373 0.14048266
vt -0.24752562 0.14419651
vt -0.25289881 0.13159573
vt -0.26747373 0.14048266
vt -0.25289881 0.13159573
vt -0.25248396 0.11605072
vt -0.29800564 0.11308026
vt -0.29882398 0.13839447
vt -0.27915731 0.12827253
vt -0.29751566 0.15515262
vt -0.29882398 0.13839447
vt -0.30965582 0.14950669
vt -0.30741912 0.07274127
vt -0.28216451 0.05874848
vt -0.24407573 0.03248465
vt -0.22954792 0.04487085
vt -0.24209416 0.22122699
vt -0.23370092 0.21526957
vt -0.23461892 0.20002782
vt -0.35853517 0.11579514
vt -0.33089381 0.12482047
vt -0.35295665 0.13275135
vt -0.33752239 0.13960481
vt -0.33089381 0.12482047
vt -0.31672281 0.12239707
vt -0.29800564 0.11308026
vt -0.30749714 0.09037566
vt -0.18929642 0.14048928
vt -0.16314974 0.14217043
vt -0.17925599 0.12240911
vt -0.19387740 0.11930084
vt -0.18929642 0.14048928
vt -0.17925599 0.12240911
vt -0.23871149 0.11163473
vt -0.22383699 0.13824773
vt -0.20936692 0.12921607
vt -0.30742902 0.05263531
vt -0.28216451 0.05874848
vt -0.35393983 0.17115617
vt -0.36119547 0.18296438
vt -0.33091599 0.17362112
vt -0.35853517 0.11579514
vt -0.35295665 0.13275135
vt -0.33089381 0.12482047
vt -0.24752562 0.14419651
vt -0.23130547 0.15286839
vt -0.22383699 0.13824773
vt -0.25289881 0.13159573
vt -0.22383699 0.13824773
vt -0.23871149 0.11163473
vt -0.26147911 0.20350397
vt -0.26329425 0.23546356
vt -0.25545245 0.21163976
vt -0.29755247 0.20687497
vt -0.29220682 0.22572583
vt -0.24209416 0.22122699
vt -0.22858410 0.23335618
vt -0.23370092 0.21526957
vt -0.31786019 0.21412498
vt -0.30482620 0.23667455
vt -0.29755247 0.20687497
vt -0.31786019 0.21412498
vt -0.32282802 0.23857951
vt -0.30482620 0.23667455
vt -0.26729655 0.17791033
vt -0.28158340 0.19294393
vt -0.26147911 0.20350397
vt -0.29755247 0.20687497
vt -0.30482620 0.23667455
vt -0.29220682 0.22572583
vt -0.36119547 0.18296438
vt -0.34653717 0.20311767
vt -0.33091599 0.17362112
vt -0.26329425 0.23546356
vt -0.34759840 0.22485626
vt -0.32944101 0.22555995
vt -0.31786019 0.21412498
vt -0.17216289 0.05965835
vt -0.16015439 0.07136834
vt -0.15252542 0.05962890
vt -0.25545245 0.21163976
vt -0.24209416 0.22122699
vt -0.23461892 0.20002782
vt -0.26147911 0.20350397
vt -0.23461892 0.20002782
vt -0.23573689 0.19057709
vt -0.21603492 0.21795166
vt -0.21251722 0.22929156
vt -0.20676830 0.20918226
vt -0.19704765 0.19133151
vt -0.19112054 0.21583092
vt -0.17573854 0.20395851
vt -0.29062280 0.17299032
vt -0.29755247 0.20687497
vt -0.28158340 0.19294393
vt -0.30841237 0.17464793
vt -0.29755247 0.20687497
vt -0.29062280 0.17299032
vt -0.20069359 0.07978988
vt -0.18222572 0.07178342
vt -0.36956832 0.23063427
vt -0.34653717 0.20311767
vt -0.20069359 0.07978988
vt -0.18122713 0.10052097
vt -0.18068473 0.08337796
vt -0.16314974 0.14217043
vt -0.14271100 0.14554560
vt -0.15048757 0.12841588
vt -0.17936495 0.04117525
vt -0.14898087 0.02476680
vt -0.17314632 0.01546633
vt -0.32944101 0.22555995
vt -0.32282802 0.23857951
vt -0.16015439 0.07136834
vt -0.15463024 0.09794497
vt -0.13178560 0.06355959
vt -0.34759840 0.22485626
vt -0.34609926 0.23972869
vt -0.32944101 0.22555995
vt -0.34411308 0.08269286
vt -0.32866618 0.09941137
vt -0.30749714 0.09037566
vt -0.22954792 0.04487085
vt -0.24009880 0.07801086
vt -0.20069359 0.07978988
vt -0.28127417 0.16291100
vt -0.26729655 0.17791033
vt -0.25197595 0.15974879
vt -0.29800564 0.11308026
vt -0.28460523 0.09296948
vt -0.19449627 0.16536707
vt -0.16314974 0.14217043
vt -0.18929642 0.14048928
vt -0.20816121 0.15608317
vt -0.19449627 0.16536707
vt -0.18929642 0.14048928
vt -0.22440675 0.16611087
vt -0.20816121 0.15608317
vt -0.28127417 0.16291100
vt -0.26747373 0.14048266
vt -0.33091599 0.17362112
vt -0.31550521 0.18853188
vt -0.30841237 0.17464793
vt -0.20797825 0.18178773
vt -0.19704765 0.19133151
vt -0.19449627 0.16536707
vt -0.34062737 0.05438554
vt -0.32054847 0.06223452
vt -0.36934233 0.14459968
vt -0.34588709 0.15197420
vt -0.35295665 0.13275135
vt -0.29062280 0.17299032
vt -0.26729655 0.17791033
vt -0.28127417 0.16291100
vt -0.27915731 0.12827253
vt -0.26747373 0.14048266
vt -0.25248396 0.11605072
vt -0.25554276 0.09854168
vt -0.21588583 0.10250080
vt -0.30841237 0.17464793
vt -0.29750392 0.17112947
vt -0.17925599 0.12240911
vt -0.16801506 0.10417438
vt -0.18122713 0.10052097
vt -0.22954792 0.04487085
vt -0.18656658 0.05898106
vt -0.17936495 0.04117525
vt -0.34062737 0.05438554
vt -0.36318082 0.08075178
vt -0.33161968 0.07491285
vt -0.36318082 0.08075178
vt -0.35308462 0.09312314
vt -0.34411308 0.08269286
vt -0.36467618 0.09037054
vt -0.36832982 0.10449815
vt -0.35308462 0.09312314
vt -0.35295665 0.13275135
vt -0.34588709 0.15197420
vt -0.33752239 0.13960481
vt -0.36934233 0.14459968
vt -0.35446897 0.15438199
vt -0.34588709 0.15197420
vt -0.24900652 0.17193103
vt -0.17573854 0.20395851
vt -0.17574987 0.22464252
vt -0.15487105 0.21495521
vt -0.21251722 0.22929156
vt -0.19857481 0.22783899
vt -0.20676830 0.20918226
vt -0.23370092 0.21526957
vt -0.22858410 0.23335618
vt -0.21603492 0.21795166
vt -0.30841237 0.17464793
vt -0.29062280 0.17299032
vt -0.29750392 0.17112947
vt -0.28127417 0.16291100
vt -0.25197595 0.15974879
vt -0.26747373 0.14048266
vt -0.17925599 0.12240911
vt -0.16314974 0.14217043
vt -0.15048757 0.12841588
vt -0.35853517 0.11579514
vt -0.36934233 0.14459968
vt -0.35295665 0.13275135
vt -0.25197595 0.15974879
vt -0.24900652 0.17193103
vt -0.28216451 0.05874848
vt -0.27627131 0.08149600
vt -0.26650399 0.07517523
vt -0.20797825 0.18178773
vt -0.20676830 0.20918226
vt -0.19704765 0.19133151
vt -0.26147911 0.20350397
vt -0.25545245 0.21163976
vt -0.30742902 0.05263531
vt -0.29350287 0.02570629
vt -0.19449627 0.16536707
vt -0.19704765 0.19133151
vt -0.17949921 0.18218035
vt -0.20797825 0.18178773
vt -0.20858812 0.17010361
vt -0.20797825 0.18178773
vt -0.21072029 0.19267625
vt -0.35308462 0.09312314
vt -0.34471458 0.09937322
vt -0.32866618 0.09941137
vt -0.28216451 0.05874848
vt -0.28460523 0.09296948
vt -0.27627131 0.08149600
vt -0.30749714 0.09037566
vt -0.28460523 0.09296948
vt -0.23573689 0.19057709
vt -0.20797825 0.18178773
vt -0.26329425 0.23546356
vt -0.24209416 0.22122699
vt -0.34759840 0.22485626
vt -0.31786019 0.21412498
vt -0.17949921 0.18218035
vt -0.13710192 0.18052351
vt -0.15625738 0.15770674
vt -0.31550521 0.18853188
vt -0.31786019 0.21412498
vt -0.29755247 0.20687497
vt -0.17573854 0.20395851
vt -0.15487105 0.21495521
vt -0.15282705 0.19084555
vt -0.35393983 0.17115617
vt -0.33289084 0.15751648
vt -0.23130547 0.15286839
vt -0.22440675 0.16611087
vt -0.22383699 0.13824773
vt -0.34062737 0.05438554
vt -0.33161968 0.07491285
vt -0.33454517 0.06393421
vt -0.19449627 0.16536707
vt -0.17949921 0.18218035
vt -0.15625738 0.15770674
vt -0.20816121 0.15608317
vt -0.22440675 0.16611087
vt -0.20858812 0.17010361
vt -0.23130547 0.15286839
vt -0.15282705 0.19084555
vt -0.13710192 0.18052351
vt -0.16314974 0.14217043
vt -0.14271100 0.14554560
vt -0.34471458 0.09937322
vt -0.35853517 0.11579514
vt -0.32866618 0.09941137
vt -0.32866618 0.09941137
vt -0.30749714 0.09037566
vt -0.26517689 0.02931607
vt -0.22954792 0.04487085
vt -0.31550521 0.18853188
vt -0.29755247 0.20687497
vt -0.30841237 0.17464793
vt -0.29755247 0.20687497
vt -0.18656658 0.05898106
vt -0.18222572 0.07178342
vt -0.17216289 0.05965835
vt -0.21588583 0.10250080
vt -0.19387740 0.11930084
vt -0.18122713 0.10052097
vt -0.19387740 0.11930084
vt -0.17925599 0.12240911
vt -0.18122713 0.10052097
vt -0.28460523 0.09296948
vt -0.26856995 0.11500251
vt -0.26650399 0.07517523
vt -0.31904328 0.13625211
vt -0.29882398 0.13839447
vt -0.28971794 0.14582741
vt -0.27915731 0.12827253
vt -0.30841237 0.17464793
vt -0.29751566 0.15515262
vt -0.22954792 0.04487085
vt -0.24407573 0.03248465
vt -0.28520048 0.04753315
vt -0.27978843 0.02243912
vt -0.30742902 0.05263531
vt -0.28520048 0.04753315
vt -0.27978843 0.02243912
vt -0.28216451 0.05874848
vt -0.26517689 0.02931607
vt -0.28520048 0.04753315
vt -0.28216451 0.05874848
vt -0.27978843 0.02243912
vt -0.15487105 0.21495521
vt -0.17574987 0.22464252
vt -0.16319780 0.22535765
vt -0.19857481 0.22783899
vt -0.17574987 0.22464252
vt -0.19112054 0.21583092
vt -0.21603492 0.21795166
vt -0.22858410 0.23335618
vt -0.21251722 0.22929156
vt -0.33289084 0.15751648
vt -0.30965582 0.14950669
vt -0.31904328 0.13625211
vt -0.17949921 0.18218035
vt -0.17573854 0.20395851
vt -0.19112054 0.21583092
vt -0.19704765 0.19133151
vt -0.33161968 0.07491285
vt -0.28971794 0.14582741
vt -0.29751566 0.15515262
vt -0.27915731 0.12827253
vt -0.23461892 0.20002782
vt -0.23370092 0.21526957
vt -0.21072029 0.19267625
vt -0.33161968 0.07491285
vt -0.30741912 0.07274127
vt -0.32054847 0.06223452
vt -0.19112054 0.21583092
vt -0.17574987 0.22464252
vt -0.17573854 0.20395851
vt -0.16314974 0.14217043
vt -0.19449627 0.16536707
vt -0.15625738 0.15770674
vt -0.20858812 0.17010361
vt -0.20816121 0.15608317
vt -0.20676830 0.20918226
vt -0.19857481 0.22783899
vt -0.19112054 0.21583092
vt -0.17573854 0.20395851
vt -0.17949921 0.18218035
vt -0.36318082 0.08075178
vt -0.36467618 0.09037054
vt -0.35308462 0.09312314
vt -0.36832982 0.10449815
vt -0.35853517 0.11579514
vt -0.35308462 0.09312314
vt -0.23370092 0.21526957
vt -0.21603492 0.21795166
vt -0.21072029 0.19267625
vt -0.34411308 0.08269286
vt -0.30749714 0.09037566
vt -0.26650399 0.07517523
vt -0.26517689 0.02931607
vt -0.24752562 0.14419651
vt -0.25197595 0.15974879
vt -0.23130547 0.15286839
vt -0.37140030 0.07304990
vt -0.34062737 0.05438554
vt -0.35446897 0.15438199
vt -0.35393983 0.17115617
vt -0.34588709 0.15197420
vt -0.24009880 0.07801086
vt -0.21588583 0.10250080
vt -0.20069359 0.07978988
vt -0.23461892 0.20002782
vt -0.20797825 0.18178773
vt -0.23573689 0.19057709
vt -0.30742902 0.05263531
vt -0.28520048 0.04753315
vt -0.33454517 0.06393421
vt -0.33161968 0.07491285
vt -0.32054847 0.06223452
vt -0.33289084 0.15751648
vt -0.33091599 0.17362112
vt -0.30841237 0.17464793
vt -0.26856995 0.11500251
vt -0.26650399 0.07517523
vt -0.26856995 0.11500251
vt -0.25554276 0.09854168
vt -0.27627131 0.08149600
vt -0.28460523 0.09296948
vt -0.26650399 0.07517523
vt -0.21588583 0.10250080
vt -0.20936692 0.12921607
vt -0.19387740 0.11930084
vt -0.32584798 0.32701486
vt -0.29645380 0.32936138
vt -0.29705161 0.32035208
vt -0.21880022 0.32921779
vt -0.23279046 0.34479326
vt -0.22328770 0.34964621
vt -0.21374911 0.34924459
vt -0.20417985 0.34923983
vt -0.20408252 0.32963991
vt -0.16728038 0.33239287
vt -0.19695969 0.35481369
vt -0.17610493 0.35492426
vt -0.31988215 0.34371305
vt -0.30690047 0.34485012
vt -0.29645380 0.32936138
vt -0.32317707 0.35543668
vt -0.31988215 0.34371305
vt -0.32584798 0.32701486
vt -0.28275168 0.42960507
vt -0.26804906 0.44533443
vt -0.26288399 0.43032962
vt -0.31475121 0.39709002
vt -0.30314979 0.41348946
vt -0.29512614 0.41210419
vt -0.28159845 0.33844447
vt -0.26117089 0.34689045
vt -0.26214013 0.33267540
vt -0.20860840 0.36475742
vt -0.22323260 0.38019031
vt -0.19111946 0.39393747
vt -0.35027042 0.33288270
vt -0.33061537 0.30892122
vt -0.32814342 0.28572387
vt -0.31475121 0.39709002
vt -0.29512614 0.41210419
vt -0.31339088 0.38565385
vt -0.29150385 0.43019986
vt -0.28275168 0.42960507
vt -0.28661019 0.41868055
vt -0.29804382 0.42086166
vt -0.28661019 0.41868055
vt -0.30314979 0.41348946
vt -0.30314979 0.41348946
vt -0.28661019 0.41868055
vt -0.29512614 0.41210419
vt -0.28661019 0.41868055
vt -0.28398061 0.40593904
vt -0.29512614 0.41210419
vt -0.28871864 0.43546581
vt -0.28293145 0.44242692
vt -0.28275168 0.42960507
vt -0.34865606 0.35964215
vt -0.32584798 0.32701486
vt -0.35027042 0.33288270
vt -0.29705161 0.32035208
vt -0.28359455 0.31547111
vt -0.30134007 0.30385792
vt -0.26214013 0.33267540
vt -0.25025398 0.34104669
vt -0.23700914 0.32398152
vt -0.32317707 0.35543668
vt -0.32584798 0.32701486
vt -0.34865606 0.35964215
vt -0.28871864 0.43546581
vt -0.28275168 0.42960507
vt -0.29150385 0.43019986
vt -0.23700914 0.32398152
vt -0.23279046 0.34479326
vt -0.21880022 0.32921779
vt -0.28359455 0.31547111
vt -0.23700914 0.32398152
vt -0.24314673 0.29830104
vt -0.36956832 0.23063427
vt -0.36336493 0.26065743
vt -0.35314870 0.25902617
vt -0.25215346 0.28235871
vt -0.24314673 0.29830104
vt -0.23022996 0.28303826
vt -0.30482620 0.23667455
vt -0.31667447 0.26777554
vt -0.28745288 0.25336766
vt -0.19337608 0.30543494
vt -0.17286775 0.29904354
vt -0.15902475 0.26806492
vt -0.26288399 0.43032962
vt -0.26334527 0.41739088
vt -0.28661019 0.41868055
vt -0.21437883 0.24411523
vt -0.20591077 0.26623714
vt -0.17993665 0.26218957
vt -0.24997547 0.27038389
vt -0.23570272 0.26010668
vt -0.24770688 0.24017417
vt -0.20333779 0.24246871
vt -0.21437883 0.24411523
vt -0.18704826 0.24180430
vt -0.27736643 0.26039517
vt -0.24997547 0.27038389
vt -0.24770688 0.24017417
vt -0.22858410 0.23335618
vt -0.23570272 0.26010668
vt -0.21437883 0.24411523
vt -0.26908940 0.46318859
vt -0.25201842 0.44860739
vt -0.26288399 0.43032962
vt -0.21490818 0.31277239
vt -0.22404656 0.29106408
vt -0.25201842 0.44860739
vt -0.24998969 0.42443126
vt -0.26288399 0.43032962
vt -0.32011953 0.38960958
vt -0.31475121 0.39709002
vt -0.31339088 0.38565385
vt -0.32011953 0.38960958
vt -0.31339088 0.38565385
vt -0.32557765 0.38262165
vt -0.31339088 0.38565385
vt -0.28398061 0.40593904
vt -0.29594204 0.37114799
vt -0.27246255 0.35418689
vt -0.24041170 0.37764037
vt -0.24818340 0.35557389
vt -0.24770688 0.24017417
vt -0.23570272 0.26010668
vt -0.29594204 0.37114799
vt -0.28398061 0.40593904
vt -0.27401656 0.39068586
vt -0.27401656 0.39068586
vt -0.26334527 0.41739088
vt -0.26061881 0.39565724
vt -0.24314673 0.29830104
vt -0.21490818 0.31277239
vt -0.22404656 0.29106408
vt -0.22858410 0.23335618
vt -0.21437883 0.24411523
vt -0.21251722 0.22929156
vt -0.21251722 0.22929156
vt -0.20333779 0.24246871
vt -0.19857481 0.22783899
vt -0.16497447 0.24735993
vt -0.17993665 0.26218957
vt -0.15902475 0.26806492
vt -0.24041170 0.37764037
vt -0.26061881 0.39565724
vt -0.24430650 0.39847624
vt -0.24997547 0.27038389
vt -0.25215346 0.28235871
vt -0.23570272 0.26010668
vt -0.24314673 0.29830104
vt -0.22404656 0.29106408
vt -0.23022996 0.28303826
vt -0.33217603 0.24963081
vt -0.34946489 0.27532721
vt -0.31667447 0.26777554
vt -0.19337608 0.30543494
vt -0.19193114 0.32211691
vt -0.17286775 0.29904354
vt -0.22404656 0.29106408
vt -0.19891205 0.27612507
vt -0.23022996 0.28303826
vt -0.21490818 0.31277239
vt -0.20408252 0.32963991
vt -0.20188500 0.44984400
vt -0.17866828 0.43457824
vt -0.19013354 0.42690915
vt -0.23570272 0.26010668
vt -0.20591077 0.26623714
vt -0.21437883 0.24411523
vt -0.34946489 0.27532721
vt -0.35027042 0.33288270
vt -0.32814342 0.28572387
vt -0.22176328 0.42275906
vt -0.21178681 0.43900669
vt -0.19548824 0.41552085
vt -0.22578461 0.26972842
vt -0.23022996 0.28303826
vt -0.20591077 0.26623714
vt -0.19891205 0.27612507
vt -0.17993665 0.26218957
vt -0.24998969 0.42443126
vt -0.23754826 0.45085764
vt -0.23062131 0.40433395
vt -0.20860840 0.36475742
vt -0.17942090 0.37644339
vt -0.17691940 0.36404872
vt -0.33676285 0.37170744
vt -0.32317707 0.35543668
vt -0.34865606 0.35964215
vt -0.33061537 0.30892122
vt -0.35027042 0.33288270
vt -0.32584798 0.32701486
vt -0.24818340 0.35557389
vt -0.22328770 0.34964621
vt -0.23279046 0.34479326
vt -0.30690047 0.34485012
vt -0.28159845 0.33844447
vt -0.29645380 0.32936138
vt -0.29645380 0.32936138
vt -0.26214013 0.33267540
vt -0.28359455 0.31547111
vt -0.29594204 0.37114799
vt -0.30690047 0.34485012
vt -0.32317707 0.35543668
vt -0.31339088 0.38565385
vt -0.29594204 0.37114799
vt -0.32317707 0.35543668
vt -0.20860840 0.36475742
vt -0.17691940 0.36404872
vt -0.17610493 0.35492426
vt -0.34759840 0.22485626
vt -0.36956832 0.23063427
vt -0.35314870 0.25902617
vt -0.21374911 0.34924459
vt -0.22323260 0.38019031
vt -0.20860840 0.36475742
vt -0.19111946 0.39393747
vt -0.17866828 0.43457824
vt -0.17754155 0.41204131
vt -0.22328770 0.34964621
vt -0.21374911 0.34924459
vt -0.21880022 0.32921779
vt -0.20417985 0.34923983
vt -0.19695969 0.35481369
vt -0.19193114 0.32211691
vt -0.32557765 0.38262165
vt -0.31339088 0.38565385
vt -0.33676285 0.37170744
vt -0.29583305 0.27851862
vt -0.25215346 0.28235871
vt -0.34609926 0.23972869
vt -0.35314870 0.25902617
vt -0.33217603 0.24963081
vt -0.35314870 0.25902617
vt -0.33217603 0.24963081
vt -0.34759840 0.22485626
vt -0.35314870 0.25902617
vt -0.34609926 0.23972869
vt -0.37002969 0.27826381
vt -0.34946489 0.27532721
vt -0.36650479 0.31210309
vt -0.36522308 0.34386212
vt -0.35027042 0.33288270
vt -0.21374911 0.34924459
vt -0.20860840 0.36475742
vt -0.20417985 0.34923983
vt -0.26908940 0.46318859
vt -0.26288399 0.43032962
vt -0.25025398 0.34104669
vt -0.23279046 0.34479326
vt -0.23700914 0.32398152
vt -0.24818340 0.35557389
vt -0.22323260 0.38019031
vt -0.15902475 0.26806492
vt -0.33217603 0.24963081
vt -0.31667447 0.26777554
vt -0.30482620 0.23667455
vt -0.19193114 0.32211691
vt -0.16728038 0.33239287
vt -0.16464844 0.31489712
vt -0.19695969 0.35481369
vt -0.24041170 0.37764037
vt -0.24430650 0.39847624
vt -0.23062131 0.40433395
vt -0.19193114 0.32211691
vt -0.20408252 0.32963991
vt -0.22323260 0.38019031
vt -0.23062131 0.40433395
vt -0.20686612 0.41014761
vt -0.33217603 0.24963081
vt -0.32282802 0.23857951
vt -0.17691940 0.36404872
vt -0.17942090 0.37644339
vt -0.16445494 0.36311883
vt -0.24430650 0.39847624
vt -0.24998969 0.42443126
vt -0.23062131 0.40433395
vt -0.21880022 0.32921779
vt -0.20408252 0.32963991
vt -0.22323260 0.38019031
vt -0.20686612 0.41014761
vt -0.19111946 0.39393747
vt -0.23700914 0.32398152
vt -0.21880022 0.32921779
vt -0.21490818 0.31277239
vt -0.32584798 0.32701486
vt -0.31988215 0.34371305
vt -0.29645380 0.32936138
vt -0.26117089 0.34689045
vt -0.24818340 0.35557389
vt -0.25025398 0.34104669
vt -0.34204689 0.36657035
vt -0.33676285 0.37170744
vt -0.34865606 0.35964215
vt -0.31988215 0.34371305
vt -0.30690047 0.34485012
vt -0.29645380 0.32936138
vt -0.28159845 0.33844447
vt -0.26214013 0.33267540
vt -0.28359455 0.31547111
vt -0.23700914 0.32398152
vt -0.26214013 0.33267540
vt -0.26117089 0.34689045
vt -0.28159845 0.33844447
vt -0.29804382 0.42086166
vt -0.29150385 0.43019986
vt -0.28661019 0.41868055
vt -0.28398061 0.40593904
vt -0.28661019 0.41868055
vt -0.29705161 0.32035208
vt -0.29645380 0.32936138
vt -0.28359455 0.31547111
vt -0.27563688 0.45094669
vt -0.26804906 0.44533443
vt -0.28275168 0.42960507
vt -0.23022996 0.28303826
vt -0.19891205 0.27612507
vt -0.20591077 0.26623714
vt -0.36522308 0.34386212
vt -0.37756079 0.33251721
vt -0.36975583 0.33947861
vt -0.27246255 0.35418689
vt -0.27401656 0.39068586
vt -0.24041170 0.37764037
vt -0.30690047 0.34485012
vt -0.29594204 0.37114799
vt -0.27246255 0.35418689
vt -0.23570272 0.26010668
vt -0.22578461 0.26972842
vt -0.20591077 0.26623714
vt -0.33217603 0.24963081
vt -0.32944101 0.22555995
vt -0.23570272 0.26010668
vt -0.23022996 0.28303826
vt -0.22578461 0.26972842
vt -0.30134007 0.30385792
vt -0.25215346 0.28235871
vt -0.17286775 0.29904354
vt -0.15310937 0.31016988
vt -0.20408252 0.32963991
vt -0.19193114 0.32211691
vt -0.26334527 0.41739088
vt -0.26288399 0.43032962
vt -0.24998969 0.42443126
vt -0.24314673 0.29830104
vt -0.19548824 0.41552085
vt -0.19013354 0.42690915
vt -0.17754155 0.41204131
vt -0.16229397 0.39125717
vt -0.17754155 0.41204131
vt -0.16794308 0.40401614
vt -0.19111946 0.39393747
vt -0.19548824 0.41552085
vt -0.17754155 0.41204131
vt -0.17610493 0.35492426
vt -0.17691940 0.36404872
vt -0.16445494 0.36311883
vt -0.20417985 0.34923983
vt -0.20860840 0.36475742
vt -0.19695969 0.35481369
vt -0.37002969 0.27826381
vt -0.36650479 0.31210309
vt -0.28275168 0.42960507
vt -0.26288399 0.43032962
vt -0.28661019 0.41868055
vt -0.32584798 0.32701486
vt -0.29705161 0.32035208
vt -0.30134007 0.30385792
vt -0.31339088 0.38565385
vt -0.29512614 0.41210419
vt -0.28398061 0.40593904
vt -0.26329425 0.23546356
vt -0.24770688 0.24017417
vt -0.24209416 0.22122699
vt -0.25025398 0.34104669
vt -0.24818340 0.35557389
vt -0.23279046 0.34479326
vt -0.24818340 0.35557389
vt -0.24041170 0.37764037
vt -0.22323260 0.38019031
vt -0.19695969 0.35481369
vt -0.20860840 0.36475742
vt -0.17610493 0.35492426
vt -0.21490818 0.31277239
vt -0.21880022 0.32921779
vt -0.20408252 0.32963991
vt -0.21251722 0.22929156
vt -0.21437883 0.24411523
vt -0.20333779 0.24246871
vt -0.26329425 0.23546356
vt -0.27736643 0.26039517
vt -0.24770688 0.24017417
vt -0.37002969 0.27826381
vt -0.38077176 0.29909140
vt -0.36650479 0.31210309
vt -0.36336493 0.26065743
vt -0.34946489 0.27532721
vt -0.25215346 0.28235871
vt -0.28359455 0.31547111
vt -0.24314673 0.29830104
vt -0.20333779 0.24246871
vt -0.18704826 0.24180430
vt -0.33061537 0.30892122
vt -0.30134007 0.30385792
vt -0.29583305 0.27851862
vt -0.19857481 0.22783899
vt -0.18704826 0.24180430
vt -0.17574987 0.22464252
vt -0.30690047 0.34485012
vt -0.27246255 0.35418689
vt -0.28159845 0.33844447
vt -0.23022996 0.28303826
vt -0.31339088 0.38565385
vt -0.32317707 0.35543668
vt -0.33676285 0.37170744
vt -0.27246255 0.35418689
vt -0.24818340 0.35557389
vt -0.26117089 0.34689045
vt -0.35344172 0.35545099
vt -0.34865606 0.35964215
vt -0.35027042 0.33288270
vt -0.35344172 0.35545099
vt -0.35027042 0.33288270
vt -0.26334527 0.41739088
vt -0.24430650 0.39847624
vt -0.26061881 0.39565724
vt -0.24430650 0.39847624
vt -0.26334527 0.41739088
vt -0.24998969 0.42443126
vt -0.30482620 0.23667455
vt -0.28745288 0.25336766
vt -0.29220682 0.22572583
vt -0.34946489 0.27532721
vt -0.32814342 0.28572387
vt -0.31667447 0.26777554
vt -0.31667447 0.26777554
vt -0.29583305 0.27851862
vt -0.28745288 0.25336766
vt -0.36650479 0.31210309
vt -0.37756079 0.33251721
vt -0.36522308 0.34386212
vt -0.29583305 0.27851862
vt -0.30134007 0.30385792
vt -0.25215346 0.28235871
vt -0.27401656 0.39068586
vt -0.28398061 0.40593904
vt -0.26334527 0.41739088
vt -0.27401656 0.39068586
vt -0.26061881 0.39565724
vt -0.17574987 0.22464252
vt -0.18704826 0.24180430
vt -0.16497447 0.24735993
vt -0.32584798 0.32701486
vt -0.30134007 0.30385792
vt -0.28293145 0.44242692
vt -0.27563688 0.45094669
vt -0.28275168 0.42960507
vt -0.19111946 0.39393747
vt -0.20686612 0.41014761
vt -0.19111946 0.39393747
vt -0.24998969 0.42443126
vt -0.25201842 0.44860739
vt -0.23754826 0.45085764
vt -0.23062131 0.40433395
vt -0.23754826 0.45085764
vt -0.22176328 0.42275906
vt -0.22176328 0.42275906
vt -0.23754826 0.45085764
vt -0.21178681 0.43900669
vt -0.22176328 0.42275906
vt -0.19548824 0.41552085
vt -0.21178681 0.43900669
vt -0.20188500 0.44984400
vt -0.24209416 0.22122699
vt -0.22858410 0.23335618
vt -0.28745288 0.25336766
vt -0.27736643 0.26039517
vt -0.17286775 0.29904354
vt -0.19193114 0.32211691
vt -0.16464844 0.31489712
vt -0.16464844 0.31489712
vt -0.17610493 0.35492426
vt -0.16728038 0.33239287
vt -0.28745288 0.25336766
vt -0.27736643 0.26039517
vt -0.26329425 0.23546356
vt -0.31667447 0.26777554
vt -0.32814342 0.28572387
vt -0.29583305 0.27851862
vt -0.19013354 0.42690915
vt -0.16229397 0.39125717
vt -0.36650479 0.31210309
vt -0.35027042 0.33288270
vt -0.17993665 0.26218957
vt -0.29220682 0.22572583
vt -0.28745288 0.25336766
vt -0.22176328 0.42275906
vt -0.20686612 0.41014761
vt -0.24041170 0.37764037
vt -0.22323260 0.38019031
vt -0.32282802 0.23857951
vt -0.33217603 0.24963081
vt -0.30482620 0.23667455
vt -0.22328770 0.34964621
vt -0.21374911 0.34924459
vt -0.16319780 0.22535765
vt -0.33061537 0.30892122
vt -0.29583305 0.27851862
vt -0.27736643 0.26039517
vt -0.24997547 0.27038389
vt -0.17993665 0.26218957
vt -0.18704826 0.24180430
vt -0.17993665 0.26218957
vt -0.16497447 0.24735993
vt -0.18704826 0.24180430
vt -0.22404656 0.29106408
vt -0.19337608 0.30543494
vt -0.19891205 0.27612507
vt -0.20188500 0.44984400
vt -0.16969906 0.46052253
vt -0.60432899 -0.16603434
vt -0.55105454 -0.14121556
vt -0.56464362 -0.17326355
vt -0.58624083 -0.20973504
vt -0.55917567 -0.20985126
vt -0.57676280 -0.23026967
vt -0.47912905 -0.01070797
vt -0.44522542 0.01229525
vt -0.44603014 -0.02277744
vt -0.60866106 -0.24553561
vt -0.58172536 -0.25423455
vt -0.60197794 -0.27313042
vt -0.44603014 -0.02277744
vt -0.44522542 0.01229525
vt -0.43021244 -0.01728475
vt -0.43894860 -0.04525566
vt -0.44603014 -0.02277744
vt -0.43021244 -0.01728475
vt -0.46043319 -0.06355476
vt -0.44603014 -0.02277744
vt -0.43894860 -0.04525566
vt -0.61968249 -0.09778559
vt -0.60474408 -0.07628262
vt -0.60219067 -0.12307239
vt -0.64350843 -0.14796448
vt -0.63692522 -0.16810751
vt -0.64569646 -0.16506302
vt -0.64203149 -0.13343668
vt -0.63910508 -0.10404694
vt -0.62621498 -0.14605594
vt -0.63503623 -0.06992221
vt -0.61968249 -0.09778559
vt -0.63547373 -0.08308911
vt -0.64350843 -0.14796448
vt -0.62621498 -0.14605594
vt -0.63692522 -0.16810751
vt -0.64569646 -0.16506302
vt -0.63692522 -0.16810751
vt -0.64447010 -0.18583679
vt -0.63910508 -0.10404694
vt -0.61968249 -0.09778559
vt -0.60219067 -0.12307239
vt -0.62020957 -0.15687108
vt -0.60432899 -0.16603434
vt -0.61754137 -0.19318867
vt -0.64447010 -0.18583679
vt -0.61754137 -0.19318867
vt -0.63577640 -0.19644165
vt -0.64500898 -0.19903994
vt -0.63577640 -0.19644165
vt -0.64388043 -0.21908021
vt -0.60219067 -0.12307239
vt -0.56990153 -0.13314903
vt -0.60432899 -0.16603434
vt -0.64304483 -0.23304951
vt -0.62438256 -0.24679899
vt -0.64129812 -0.24795938
vt -0.64129812 -0.24795938
vt -0.62438256 -0.24679899
vt -0.64125168 -0.26695514
vt -0.56464362 -0.17326355
vt -0.55758256 -0.19260955
vt -0.58624083 -0.20973504
vt -0.60432899 -0.16603434
vt -0.56464362 -0.17326355
vt -0.59348190 -0.18640018
vt -0.64125168 -0.26695514
vt -0.60866106 -0.24553561
vt -0.63022971 -0.29543114
vt -0.63960391 -0.29642451
vt -0.63022971 -0.29543114
vt -0.63790286 -0.31698370
vt -0.57676280 -0.23026967
vt -0.55917567 -0.20985126
vt -0.55972725 -0.22896111
vt -0.57676280 -0.23026967
vt -0.55972725 -0.22896111
vt -0.58172536 -0.25423455
vt -0.58503306 -0.06173038
vt -0.55958176 -0.04224765
vt -0.56094599 -0.06263256
vt -0.63022971 -0.29543114
vt -0.60197794 -0.27313042
vt -0.63790286 -0.31698370
vt -0.62965989 -0.02171230
vt -0.62114471 -0.00811422
vt -0.61328858 -0.02471149
vt -0.55105454 -0.14121556
vt -0.55368197 -0.12476778
vt -0.52550846 -0.14461541
vt -0.56990153 -0.13314903
vt -0.55368197 -0.12476778
vt -0.55105454 -0.14121556
vt -0.52550846 -0.14461541
vt -0.51184165 -0.13144231
vt -0.51413500 -0.16689122
vt -0.53674686 -0.17537808
vt -0.54285789 -0.21502101
vt -0.61150312 0.00590205
vt -0.61328858 -0.02471149
vt -0.61328858 -0.02471149
vt -0.61150312 0.00590205
vt -0.56572342 -0.01767671
vt -0.54285789 -0.21502101
vt -0.50153029 -0.21189022
vt -0.51173723 -0.24366903
vt -0.55972725 -0.22896111
vt -0.55917567 -0.20985126
vt -0.54285789 -0.21502101
vt -0.61150312 0.00590205
vt -0.58475542 0.01993906
vt -0.56508207 0.00683689
vt -0.58475542 0.01993906
vt -0.57713777 0.03874469
vt -0.56508207 0.00683689
vt -0.58172536 -0.25423455
vt -0.53248537 -0.24145842
vt -0.55879885 -0.26742899
vt -0.42706409 -0.11616516
vt -0.41203409 -0.09446108
vt -0.40256041 -0.11908484
vt -0.58711779 -0.28946412
vt -0.58172536 -0.25423455
vt -0.55879885 -0.26742899
vt -0.61024946 -0.36080933
vt -0.60851610 -0.32825136
vt -0.59421301 -0.34062362
vt -0.40256041 -0.11908484
vt -0.39702368 -0.08384812
vt -0.38495192 -0.13583100
vt -0.63703370 -0.33621407
vt -0.63790286 -0.31698370
vt -0.60851610 -0.32825136
vt -0.42706409 -0.11616516
vt -0.43160409 -0.08836102
vt -0.41203409 -0.09446108
vt -0.46124032 -0.08124185
vt -0.46043319 -0.06355476
vt -0.43160409 -0.08836102
vt -0.52515328 -0.27909636
vt -0.55879885 -0.26742899
vt -0.51173723 -0.24366903
vt -0.57593465 -0.31173861
vt -0.56418043 -0.33143330
vt -0.52515328 -0.27909636
vt -0.58930326 -0.36164343
vt -0.59421301 -0.34062362
vt -0.57168341 -0.35496974
vt -0.41951978 -0.00063944
vt -0.39878470 0.03748989
vt -0.39130241 -0.00440955
vt -0.42959338 0.01278019
vt -0.41951978 -0.00063944
vt -0.40650198 -0.03165984
vt -0.41609049 -0.06350172
vt -0.41837895 -0.05062926
vt -0.40650198 -0.03165984
vt -0.41837895 -0.05062926
vt -0.40650198 -0.03165984
vt -0.52515328 -0.27909636
vt -0.51173723 -0.24366903
vt -0.46130031 -0.22710776
vt -0.56345493 -0.10794163
vt -0.55368197 -0.12476778
vt -0.54175448 -0.34227514
vt -0.56418043 -0.33143330
vt -0.52034009 -0.32896709
vt -0.59421301 -0.34062362
vt -0.60851610 -0.32825136
vt -0.56418043 -0.33143330
vt -0.48564726 -0.33570862
vt -0.46806085 -0.29928255
vt -0.45134050 -0.30823421
vt -0.50286269 -0.34574306
vt -0.49879503 -0.32476902
vt -0.48564726 -0.33570862
vt -0.54910761 -0.37179661
vt -0.52852476 -0.34798300
vt -0.43090194 -0.32244480
vt -0.45134050 -0.30823421
vt -0.41578370 -0.30638647
vt -0.38690487 -0.28057754
vt -0.39190975 -0.23392844
vt -0.38036823 -0.25996089
vt -0.45483774 -0.34497452
vt -0.45134050 -0.30823421
vt -0.43090194 -0.32244480
vt -0.47737008 -0.36605930
vt -0.50286269 -0.34574306
vt -0.48564726 -0.33570862
vt -0.52034009 -0.32896709
vt -0.52515328 -0.27909636
vt -0.50078374 -0.29495490
vt -0.40650198 -0.03165984
vt -0.39130241 -0.00440955
vt -0.36710054 -0.04354453
vt -0.39495611 -0.05968738
vt -0.39124268 -0.04551935
vt -0.38725382 -0.06915367
vt -0.41609049 -0.06350172
vt -0.40650198 -0.03165984
vt -0.39495611 -0.05968738
vt -0.39702368 -0.08384812
vt -0.39495611 -0.05968738
vt -0.38725382 -0.06915367
vt -0.56418043 -0.33143330
vt -0.52515328 -0.27909636
vt -0.52034009 -0.32896709
vt -0.48689923 -0.31166172
vt -0.50078374 -0.29495490
vt -0.46806085 -0.29928255
vt -0.63910508 -0.10404694
vt -0.60219067 -0.12307239
vt -0.62621498 -0.14605594
vt -0.60219067 -0.12307239
vt -0.56345493 -0.10794163
vt -0.56990153 -0.13314903
vt -0.46679187 -0.04840362
vt -0.47912905 -0.01070797
vt -0.44603014 -0.02277744
vt -0.39953834 -0.15540063
vt -0.38495192 -0.13583100
vt -0.37326041 -0.16305029
vt -0.43160409 -0.08836102
vt -0.41110951 -0.08349669
vt -0.41203409 -0.09446108
vt -0.41203409 -0.09446108
vt -0.39702368 -0.08384812
vt -0.40256041 -0.11908484
vt -0.59924519 -0.03513753
vt -0.56572342 -0.01767671
vt -0.55958176 -0.04224765
vt -0.61328858 -0.02471149
vt -0.56572342 -0.01767671
vt -0.59924519 -0.03513753
vt -0.43894860 -0.04525566
vt -0.41837895 -0.05062926
vt -0.42639232 -0.06113410
vt -0.40650198 -0.03165984
vt -0.39124268 -0.04551935
vt -0.39495611 -0.05968738
vt -0.41110951 -0.08349669
vt -0.39495611 -0.05968738
vt -0.39702368 -0.08384812
vt -0.37326041 -0.16305029
vt -0.34948194 -0.15147007
vt -0.36175641 -0.17354012
vt -0.63146579 -0.35339642
vt -0.63703370 -0.33621407
vt -0.62113291 -0.35823894
vt -0.36268812 -0.19383955
vt -0.36175641 -0.17354012
vt -0.34646022 -0.18419945
vt -0.37326041 -0.16305029
vt -0.36175641 -0.17354012
vt -0.37698022 -0.19378805
vt -0.63703370 -0.33621407
vt -0.60851610 -0.32825136
vt -0.62113291 -0.35823894
vt -0.63305014 -0.05276704
vt -0.61328858 -0.02471149
vt -0.60853100 -0.05831277
vt -0.39190975 -0.23392844
vt -0.37204710 -0.24808860
vt -0.38036823 -0.25996089
vt -0.37204710 -0.24808860
vt -0.35717785 -0.26387453
vt -0.36341017 -0.26737022
vt -0.38036823 -0.25996089
vt -0.36341017 -0.26737022
vt -0.38131377 -0.27738774
vt -0.41539481 -0.18589044
vt -0.39846772 -0.17485547
vt -0.39424789 -0.20331371
vt -0.43889165 -0.14560151
vt -0.39953834 -0.15540063
vt -0.41539481 -0.18589044
vt -0.42042401 -0.22405434
vt -0.39424789 -0.20331371
vt -0.40652245 -0.24780869
vt -0.43189901 -0.19941795
vt -0.41539481 -0.18589044
vt -0.42042401 -0.22405434
vt -0.39846772 -0.17485547
vt -0.37326041 -0.16305029
vt -0.37698022 -0.19378805
vt -0.39424789 -0.20331371
vt -0.37698022 -0.19378805
vt -0.37595665 -0.21929097
vt -0.51413500 -0.16689122
vt -0.51184165 -0.13144231
vt -0.47688812 -0.16727495
vt -0.42639232 -0.06113410
vt -0.46124032 -0.08124185
vt -0.43160409 -0.08836102
vt -0.44591266 -0.10016203
vt -0.57713777 0.03874469
vt -0.55299211 0.01739770
vt -0.56508207 0.00683689
vt -0.59924519 -0.03513753
vt -0.60853100 -0.05831277
vt -0.56508207 0.00683689
vt -0.54349828 0.00024116
vt -0.56572342 -0.01767671
vt -0.59924519 -0.03513753
vt -0.55958176 -0.04224765
vt -0.59117794 -0.04652524
vt -0.60853100 -0.05831277
vt -0.59117794 -0.04652524
vt -0.60853100 -0.05831277
vt -0.59117794 -0.04652524
vt -0.58503306 -0.06173038
vt -0.56572342 -0.01767671
vt -0.54349828 0.00024116
vt -0.52832055 -0.04107261
vt -0.54349828 0.00024116
vt -0.51790589 -0.01807332
vt -0.56094599 -0.06263256
vt -0.55958176 -0.04224765
vt -0.52644324 -0.07137299
vt -0.52832055 -0.04107261
vt -0.50079137 -0.04937959
vt -0.52644324 -0.07137299
vt -0.53186965 -0.09845436
vt -0.52644324 -0.07137299
vt -0.50945646 -0.09694767
vt -0.56094599 -0.06263256
vt -0.52644324 -0.07137299
vt -0.55835909 -0.08811128
vt -0.50079137 -0.04937959
vt -0.48720476 -0.08150196
vt -0.50079137 -0.04937959
vt -0.46679187 -0.04840362
vt -0.46043319 -0.06355476
vt -0.50945646 -0.09694767
vt -0.47472167 -0.10416961
vt -0.49933740 -0.12246966
vt -0.53186965 -0.09845436
vt -0.50945646 -0.09694767
vt -0.51184165 -0.13144231
vt -0.56508207 0.00683689
vt -0.55299211 0.01739770
vt -0.54349828 0.00024116
vt -0.50827587 -0.00254035
vt -0.48127487 -0.02952123
vt -0.46679187 -0.04840362
vt -0.41951978 -0.00063944
vt -0.39130241 -0.00440955
vt -0.42639232 -0.06113410
vt -0.41837895 -0.05062926
vt -0.39702368 -0.08384812
vt -0.38725382 -0.06915367
vt -0.37960684 -0.08159447
vt -0.39702368 -0.08384812
vt -0.37960684 -0.08159447
vt -0.35962868 -0.09798503
vt -0.39124268 -0.04551935
vt -0.36710054 -0.04354453
vt -0.36927783 -0.06364977
vt -0.37960684 -0.08159447
vt -0.36927783 -0.06364977
vt -0.35409793 -0.08410347
vt -0.36081758 -0.07140899
vt -0.35409793 -0.08410347
vt -0.37960684 -0.08159447
vt -0.35409793 -0.08410347
vt -0.35962868 -0.09798503
vt -0.39130241 -0.00440955
vt -0.36458954 -0.02631760
vt -0.36268812 -0.19383955
vt -0.35028160 -0.21573865
vt -0.37595665 -0.21929097
vt -0.36710054 -0.04354453
vt -0.36458954 -0.02631760
vt -0.43894860 -0.04525566
vt -0.38495192 -0.13583100
vt -0.39702368 -0.08384812
vt -0.35962868 -0.09798503
vt -0.46041599 -0.12287724
vt -0.46124032 -0.08124185
vt -0.44591266 -0.10016203
vt -0.51184165 -0.13144231
vt -0.49933740 -0.12246966
vt -0.48483121 -0.13982391
vt -0.60197794 -0.27313042
vt -0.58172536 -0.25423455
vt -0.63503623 -0.06992221
vt -0.63305014 -0.05276704
vt -0.61968249 -0.09778559
vt -0.55368197 -0.12476778
vt -0.56345493 -0.10794163
vt -0.52656811 -0.12801635
vt -0.53248537 -0.24145842
vt -0.54285789 -0.21502101
vt -0.51173723 -0.24366903
vt -0.45483774 -0.34497452
vt -0.46709353 -0.35735667
vt -0.45134050 -0.30823421
vt -0.41578370 -0.30638647
vt -0.42530331 -0.27253175
vt -0.38690487 -0.28057754
vt -0.63305014 -0.05276704
vt -0.60853100 -0.05831277
vt -0.61968249 -0.09778559
vt -0.51413500 -0.16689122
vt -0.47688812 -0.16727495
vt -0.50204188 -0.18642879
vt -0.45315230 -0.20621610
vt -0.45179027 -0.18011689
vt -0.43189901 -0.19941795
vt -0.39424789 -0.20331371
vt -0.61150312 0.00590205
vt -0.59712493 0.02786875
vt -0.58475542 0.01993906
vt -0.55835909 -0.08811128
vt -0.51184165 -0.13144231
vt -0.50945646 -0.09694767
vt -0.49933740 -0.12246966
vt -0.55299211 0.01739770
vt -0.57713777 0.03874469
vt -0.55309016 0.04009718
vt -0.55299211 0.01739770
vt -0.50827587 -0.00254035
vt -0.50079137 -0.04937959
vt -0.48127487 -0.02952123
vt -0.36842775 -0.14432740
vt -0.37326041 -0.16305029
vt -0.38495192 -0.13583100
vt -0.36239040 -0.11071074
vt -0.36842775 -0.14432740
vt -0.47053319 0.02633929
vt -0.44522542 0.01229525
vt -0.53222018 0.03497082
vt -0.50352275 0.04129064
vt -0.50827587 -0.00254035
vt -0.55309016 0.04009718
vt -0.53222018 0.03497082
vt -0.50827587 -0.00254035
vt -0.50827587 -0.00254035
vt -0.47912905 -0.01070797
vt -0.48127487 -0.02952123
vt -0.36268812 -0.19383955
vt -0.34646022 -0.18419945
vt -0.35028160 -0.21573865
vt -0.37204710 -0.24808860
vt -0.37595665 -0.21929097
vt -0.37204710 -0.24808860
vt -0.39190975 -0.23392844
vt -0.36341017 -0.26737022
vt -0.37017226 -0.27120996
vt -0.38131377 -0.27738774
vt -0.38036823 -0.25996089
vt -0.38131377 -0.27738774
vt -0.38690487 -0.28057754
vt -0.41951978 -0.00063944
vt -0.42232943 0.04493445
vt -0.39878470 0.03748989
vt -0.39124268 -0.04551935
vt -0.40650198 -0.03165984
vt -0.42706409 -0.11616516
vt -0.41745526 -0.13735032
vt -0.48720476 -0.08150196
vt -0.46124032 -0.08124185
vt -0.47472167 -0.10416961
vt -0.36537582 0.01480424
vt -0.51992851 -0.36927032
vt -0.50286269 -0.34574306
vt -0.47737008 -0.36605930
vt -0.63790286 -0.31698370
vt -0.60197794 -0.27313042
vt -0.60851610 -0.32825136
vt -0.38725382 -0.06915367
vt -0.39124268 -0.04551935
vt -0.36927783 -0.06364977
vt -0.55368197 -0.12476778
vt -0.52656811 -0.12801635
vt -0.52550846 -0.14461541
vt -0.62020957 -0.15687108
vt -0.60219067 -0.12307239
vt -0.60432899 -0.16603434
vt -0.63577640 -0.19644165
vt -0.61754137 -0.19318867
vt -0.62172008 -0.21757793
vt -0.59348190 -0.18640018
vt -0.56464362 -0.17326355
vt -0.58624083 -0.20973504
vt -0.56464362 -0.17326355
vt -0.53674686 -0.17537808
vt -0.55758256 -0.19260955
vt -0.59352148 -0.23655868
vt -0.57676280 -0.23026967
vt -0.58172536 -0.25423455
vt -0.60318476 -0.21691310
vt -0.58624083 -0.20973504
vt -0.59352148 -0.23655868
vt -0.60474408 -0.07628262
vt -0.60219067 -0.12307239
vt -0.50078374 -0.29495490
vt -0.46130031 -0.22710776
vt -0.46045983 -0.26917577
vt -0.37595665 -0.21929097
vt -0.37204710 -0.24808860
vt -0.55299211 0.01739770
vt -0.50827587 -0.00254035
vt -0.37204710 -0.24808860
vt -0.34017593 -0.24381173
vt -0.35717785 -0.26387453
vt -0.50945646 -0.09694767
vt -0.48720476 -0.08150196
vt -0.50079137 -0.04937959
vt -0.48720476 -0.08150196
vt -0.46045983 -0.26917577
vt -0.42530331 -0.27253175
vt -0.46806085 -0.29928255
vt -0.38495192 -0.13583100
vt -0.35962868 -0.09798503
vt -0.41203409 -0.09446108
vt -0.41110951 -0.08349669
vt -0.39702368 -0.08384812
vt -0.49879503 -0.32476902
vt -0.48689923 -0.31166172
vt -0.46806085 -0.29928255
vt -0.49879503 -0.32476902
vt -0.50078374 -0.29495490
vt -0.48689923 -0.31166172
vt -0.47737008 -0.36605930
vt -0.48564726 -0.33570862
vt -0.46709353 -0.35735667
vt -0.46045983 -0.26917577
vt -0.43098575 -0.25938082
vt -0.42530331 -0.27253175
vt -0.51790589 -0.01807332
vt -0.50827587 -0.00254035
vt -0.54349828 0.00024116
vt -0.52550846 -0.14461541
vt -0.52656811 -0.12801635
vt -0.51184165 -0.13144231
vt -0.36175641 -0.17354012
vt -0.34948194 -0.15147007
vt -0.33817637 -0.16486859
vt -0.34948194 -0.15147007
vt -0.36842775 -0.14432740
vt -0.36239040 -0.11071074
vt -0.34193215 -0.12477744
vt -0.36927783 -0.06364977
vt -0.36710054 -0.04354453
vt -0.36175641 -0.17354012
vt -0.33817637 -0.16486859
vt -0.34646022 -0.18419945
vt -0.34399381 -0.05473137
vt -0.36081758 -0.07140899
vt -0.34046239 -0.25468409
vt -0.35717785 -0.26387453
vt -0.39973491 -0.29261351
vt -0.41578370 -0.30638647
vt -0.38690487 -0.28057754
vt -0.46045983 -0.26917577
vt -0.43098575 -0.25938082
vt -0.43098575 -0.25938082
vt -0.42042401 -0.22405434
vt -0.40652245 -0.24780869
vt -0.46130031 -0.22710776
vt -0.43111300 -0.21595263
vt -0.43452820 -0.23626685
vt -0.50153029 -0.21189022
vt -0.46183556 -0.19361484
vt -0.46130031 -0.22710776
vt -0.46709353 -0.35735667
vt -0.48564726 -0.33570862
vt -0.45134050 -0.30823421
vt -0.50286269 -0.34574306
vt -0.52852476 -0.34798300
vt -0.52034009 -0.32896709
vt -0.52852476 -0.34798300
vt -0.50286269 -0.34574306
vt -0.50286269 -0.34574306
vt -0.49879503 -0.32476902
vt -0.49879503 -0.32476902
vt -0.52034009 -0.32896709
vt -0.50078374 -0.29495490
vt -0.48564726 -0.33570862
vt -0.49879503 -0.32476902
vt -0.46806085 -0.29928255
vt -0.46611127 -0.28603995
vt -0.50078374 -0.29495490
vt -0.46045983 -0.26917577
vt -0.45134050 -0.30823421
vt -0.46806085 -0.29928255
vt -0.42530331 -0.27253175
vt -0.46806085 -0.29928255
vt -0.46611127 -0.28603995
vt -0.46045983 -0.26917577
vt -0.56918180 -0.37109447
vt -0.58930326 -0.36164343
vt -0.57168341 -0.35496974
vt -0.54910761 -0.37179661
vt -0.57168341 -0.35496974
vt -0.54175448 -0.34227514
vt -0.52852476 -0.34798300
vt -0.54175448 -0.34227514
vt -0.52034009 -0.32896709
vt -0.50078374 -0.29495490
vt -0.58930326 -0.36164343
vt -0.61024946 -0.36080933
vt -0.59421301 -0.34062362
vt -0.57168341 -0.35496974
vt -0.56418043 -0.33143330
vt -0.61024946 -0.36080933
vt -0.62113291 -0.35823894
vt -0.60851610 -0.32825136
vt -0.60851610 -0.32825136
vt -0.60197794 -0.27313042
vt -0.58711779 -0.28946412
vt -0.57593465 -0.31173861
vt -0.60851610 -0.32825136
vt -0.58711779 -0.28946412
vt -0.55972725 -0.22896111
vt -0.53248537 -0.24145842
vt -0.55972725 -0.22896111
vt -0.53248537 -0.24145842
vt -0.55105454 -0.14121556
vt -0.53674686 -0.17537808
vt -0.52550846 -0.14461541
vt -0.51413500 -0.16689122
vt -0.60219067 -0.12307239
vt -0.55835909 -0.08811128
vt -0.56345493 -0.10794163
vt -0.61968249 -0.09778559
vt -0.60853100 -0.05831277
vt -0.60474408 -0.07628262
vt -0.60474408 -0.07628262
vt -0.58503306 -0.06173038
vt -0.55835909 -0.08811128
vt -0.63022971 -0.29543114
vt -0.60866106 -0.24553561
vt -0.60197794 -0.27313042
vt -0.57676280 -0.23026967
vt -0.58624083 -0.20973504
vt -0.55758256 -0.19260955
vt -0.55917567 -0.20985126
vt -0.55758256 -0.19260955
vt -0.54285789 -0.21502101
vt -0.53674686 -0.17537808
vt -0.54285789 -0.21502101
vt -0.63960391 -0.29642451
vt -0.64125168 -0.26695514
vt -0.63022971 -0.29543114
vt -0.62172008 -0.21757793
vt -0.60866106 -0.24553561
vt -0.56345493 -0.10794163
vt -0.55835909 -0.08811128
vt -0.53186965 -0.09845436
vt -0.56345493 -0.10794163
vt -0.53186965 -0.09845436
vt -0.52656811 -0.12801635
vt -0.41110951 -0.08349669
vt -0.42959338 0.01278019
vt -0.42232943 0.04493445
vt -0.41951978 -0.00063944
vt -0.60866106 -0.24553561
vt -0.60318476 -0.21691310
vt -0.59352148 -0.23655868
vt -0.60318476 -0.21691310
vt -0.59348190 -0.18640018
vt -0.58624083 -0.20973504
vt -0.61754137 -0.19318867
vt -0.59348190 -0.18640018
vt -0.60318476 -0.21691310
vt -0.64304483 -0.23304951
vt -0.62172008 -0.21757793
vt -0.62438256 -0.24679899
vt -0.61754137 -0.19318867
vt -0.60432899 -0.16603434
vt -0.59348190 -0.18640018
vt -0.64304483 -0.23304951
vt -0.64388043 -0.21908021
vt -0.62172008 -0.21757793
vt -0.62965989 -0.02171230
vt -0.61328858 -0.02471149
vt -0.63305014 -0.05276704
vt -0.64388043 -0.21908021
vt -0.63577640 -0.19644165
vt -0.64447010 -0.18583679
vt -0.63692522 -0.16810751
vt -0.61754137 -0.19318867
vt -0.63692522 -0.16810751
vt -0.62020957 -0.15687108
vt -0.61754137 -0.19318867
vt -0.62621498 -0.14605594
vt -0.60219067 -0.12307239
vt -0.62020957 -0.15687108
vt -0.64500898 -0.19903994
vt -0.64350843 -0.14796448
vt -0.64203149 -0.13343668
vt -0.62621498 -0.14605594
vt -0.63773286 -0.09653676
vt -0.63547373 -0.08308911
vt -0.61968249 -0.09778559
vt -0.63773286 -0.09653676
vt -0.61968249 -0.09778559
vt -0.63692522 -0.16810751
vt -0.62020957 -0.15687108
vt -0.55105454 -0.14121556
vt -0.60318476 -0.21691310
vt -0.62172008 -0.21757793
vt -0.61754137 -0.19318867
vt -0.60318476 -0.21691310
vt -0.62438256 -0.24679899
vt -0.56464362 -0.17326355
vt -0.60866106 -0.24553561
vt -0.59352148 -0.23655868
vt -0.58172536 -0.25423455
vt -0.60474408 -0.07628262
vt -0.60853100 -0.05831277
vt -0.58503306 -0.06173038
vt -0.54285789 -0.21502101
vt -0.50204188 -0.18642879
vt -0.50153029 -0.21189022
vt -0.53186965 -0.09845436
vt -0.52656811 -0.12801635
vt -0.51173723 -0.24366903
vt -0.50153029 -0.21189022
vt -0.49496934 -0.23188972
vt -0.55958176 -0.04224765
vt -0.52832055 -0.04107261
vt -0.45163667 -0.11854219
vt -0.41745526 -0.13735032
vt -0.43889165 -0.14560151
vt -0.51790589 -0.01807332
vt -0.50079137 -0.04937959
vt -0.55835909 -0.08811128
vt -0.58503306 -0.06173038
vt -0.50827587 -0.00254035
vt -0.48778528 0.01853037
vt -0.47912905 -0.01070797
vt -0.50352275 0.04129064
vt -0.48778528 0.01853037
vt -0.50827587 -0.00254035
vt -0.37204710 -0.24808860
vt -0.36341017 -0.26737022
vt -0.38036823 -0.25996089
vt -0.37698022 -0.19378805
vt -0.36175641 -0.17354012
vt -0.36268812 -0.19383955
vt -0.36268812 -0.19383955
vt -0.37595665 -0.21929097
vt -0.44522542 0.01229525
vt -0.55879885 -0.26742899
vt -0.53248537 -0.24145842
vt -0.51173723 -0.24366903
vt -0.57593465 -0.31173861
vt -0.60851610 -0.32825136
vt -0.51173723 -0.24366903
vt -0.49496934 -0.23188972
vt -0.48127487 -0.02952123
vt -0.47912905 -0.01070797
vt -0.54175448 -0.34227514
vt -0.57168341 -0.35496974
vt -0.56418043 -0.33143330
vt -0.50945646 -0.09694767
vt -0.48720476 -0.08150196
vt -0.47472167 -0.10416961
vt -0.51184165 -0.13144231
vt -0.49952126 -0.14556086
vt -0.47688812 -0.16727495
vt -0.50078374 -0.29495490
vt -0.46611127 -0.28603995
vt -0.46806085 -0.29928255
vt -0.46041599 -0.12287724
vt -0.45163667 -0.11854219
vt -0.43889165 -0.14560151
vt -0.48483121 -0.13982391
vt -0.43889165 -0.14560151
vt -0.47688812 -0.16727495
vt -0.46041599 -0.12287724
vt -0.52852476 -0.34798300
vt -0.47472167 -0.10416961
vt -0.48483121 -0.13982391
vt -0.49952126 -0.14556086
vt -0.48483121 -0.13982391
vt -0.41578370 -0.30638647
vt -0.50204188 -0.18642879
vt -0.47688812 -0.16727495
vt -0.46183556 -0.19361484
vt -0.46130031 -0.22710776
vt -0.45315230 -0.20621610
vt -0.43111300 -0.21595263
vt -0.42706409 -0.11616516
vt -0.45163667 -0.11854219
vt -0.42706409 -0.11616516
vt -0.47688812 -0.16727495
vt -0.45179027 -0.18011689
vt -0.46183556 -0.19361484
vt -0.38690487 -0.28057754
vt -0.40652245 -0.24780869
vt -0.43889165 -0.14560151
vt -0.43189901 -0.19941795
vt -0.40256041 -0.11908484
vt -0.39953834 -0.15540063
vt -0.62936503 -0.35848939
vt -0.63146579 -0.35339642
vt -0.43098575 -0.25938082
vt -0.43160409 -0.08836102
vt -0.42639232 -0.06113410
vt -0.43160409 -0.08836102
vt -0.41609049 -0.06350172
vt -0.41110951 -0.08349669
vt -0.51413500 -0.16689122
vt -0.50204188 -0.18642879
vt -0.46183556 -0.19361484
vt -0.45179027 -0.18011689
vt -0.45315230 -0.20621610
vt -0.41745526 -0.13735032
vt -0.40256041 -0.11908484
vt -0.40652245 -0.24780869
vt -0.39190975 -0.23392844
vt -0.38690487 -0.28057754
vt -0.46043319 -0.06355476
vt -0.61150312 0.00590205
vt -0.56508207 0.00683689
vt -0.59117794 -0.04652524
vt -0.58503306 -0.06173038
vt -0.55958176 -0.04224765
vt -0.47912905 -0.01070797
vt -0.47053319 0.02633929
vt -0.48720476 -0.08150196
vt -0.48483121 -0.13982391
vt -0.47472167 -0.10416961
vt -0.46041599 -0.12287724
vt -0.45163667 -0.11854219
vt -0.44591266 -0.10016203
vt -0.42706409 -0.11616516
vt -0.46041599 -0.12287724
vt -0.47688812 -0.16727495
vt -0.45179027 -0.18011689
vt -0.46041599 -0.12287724
vt -0.44591266 -0.10016203
vt -0.45163667 -0.11854219
vt -0.43189901 -0.19941795
vt -0.43889165 -0.14560151
vt -0.49952126 -0.14556086
vt -0.51184165 -0.13144231
vt -0.48483121 -0.13982391
vt -0.46130031 -0.22710776
vt -0.46183556 -0.19361484
vt -0.45315230 -0.20621610
vt -0.46130031 -0.22710776
vt -0.39878470 0.03748989
vt -0.37843901 0.03622055
vt -0.36537582 0.01480424
vt -0.37960684 -0.08159447
vt -0.38725382 -0.06915367
vt -0.36927783 -0.06364977
vt -0.43111300 -0.21595263
vt -0.41539481 -0.18589044
vt -0.39953834 -0.15540063
vt -0.39846772 -0.17485547
vt -0.43889165 -0.14560151
vt -0.41745526 -0.13735032
vt -0.39953834 -0.15540063
vt -0.43189901 -0.19941795
vt -0.42042401 -0.22405434
vt -0.43452820 -0.23626685
vt -0.42042401 -0.22405434
vt -0.37326041 -0.16305029
vt -0.38495192 -0.13583100
vt -0.36842775 -0.14432740
vt -0.39846772 -0.17485547
vt -0.39953834 -0.15540063
vt -0.37326041 -0.16305029
vt -0.39424789 -0.20331371
vt -0.39846772 -0.17485547
vt -0.37698022 -0.19378805
vt -0.39190975 -0.23392844
vt -0.39424789 -0.20331371
vt -0.39424789 -0.20331371
vt -0.39190975 -0.23392844
vt -0.43452820 -0.23626685
vt -0.43098575 -0.25938082
vt -0.43452820 -0.23626685
vt -0.42042401 -0.22405434
vt -0.43098575 -0.25938082
vt -0.39090794 0.15344948
vt -0.37936047 0.17046010
vt -0.36934233 0.14459968
vt -0.43573678 0.17489851
vt -0.41825747 0.19726634
vt -0.41333812 0.16478539
vt -0.37936047 0.17046010
vt -0.36119547 0.18296438
vt -0.35393983 0.17115617
vt -0.42217165 0.13815069
vt -0.41333812 0.16478539
vt -0.39738816 0.13272512
vt -0.43900993 0.14663804
vt -0.43573678 0.17489851
vt -0.42217165 0.13815069
vt -0.38077176 0.29909140
vt -0.39034554 0.31828332
vt -0.38475057 0.32440019
vt -0.39693075 0.28488541
vt -0.40726459 0.27952117
vt -0.40143391 0.30819595
vt -0.40726459 0.27952117
vt -0.41589075 0.28310037
vt -0.41103038 0.29289782
vt -0.39749315 0.06239754
vt -0.38664091 0.08240986
vt -0.37888414 0.05712390
vt -0.41326427 0.26297748
vt -0.41589075 0.28310037
vt -0.40726459 0.27952117
vt -0.41326427 0.26297748
vt -0.42401850 0.26647007
vt -0.41589075 0.28310037
vt -0.39336324 0.23091316
vt -0.39623511 0.25847453
vt -0.37944800 0.24466425
vt -0.39623511 0.25847453
vt -0.39693075 0.28488541
vt -0.37002969 0.27826381
vt -0.36956832 0.23063427
vt -0.46578068 0.14119244
vt -0.45677230 0.15518606
vt -0.43900993 0.14663804
vt -0.46943825 0.13568038
vt -0.43900993 0.14663804
vt -0.43743521 0.11873829
vt -0.47521675 0.12599468
vt -0.47252715 0.13101113
vt -0.46943825 0.13568038
vt -0.46231097 0.10603523
vt -0.47521675 0.12599468
vt -0.43743521 0.11873829
vt -0.43017077 0.06940675
vt -0.42367405 0.09444010
vt -0.41552305 0.07264179
vt -0.41278791 0.10323191
vt -0.39370602 0.09687573
vt -0.38664091 0.08240986
vt -0.36832982 0.10449815
vt -0.36467618 0.09037054
vt -0.37944800 0.24466425
vt -0.36336493 0.26065743
vt -0.36336493 0.26065743
vt -0.39623511 0.25847453
vt -0.37002969 0.27826381
vt -0.39738816 0.13272512
vt -0.39090794 0.15344948
vt -0.36934233 0.14459968
vt -0.57713777 0.03874469
vt -0.57451338 0.05952704
vt -0.55309016 0.04009718
vt -0.39034554 0.31828332
vt -0.40143391 0.30819595
vt -0.39454827 0.31509930
vt -0.55533230 0.07206345
vt -0.54865044 0.07657373
vt -0.53675562 0.08443993
vt -0.53016782 0.05709118
vt -0.54506338 0.06199861
vt -0.53675562 0.08443993
vt -0.53016782 0.05709118
vt -0.53675562 0.08443993
vt -0.51599544 0.06650621
vt -0.36650479 0.31210309
vt -0.38077176 0.29909140
vt -0.38475057 0.32440019
vt -0.54506338 0.06199861
vt -0.57451338 0.05952704
vt -0.55533230 0.07206345
vt -0.55309016 0.04009718
vt -0.54506338 0.06199861
vt -0.53016782 0.05709118
vt -0.36650479 0.31210309
vt -0.38475057 0.32440019
vt -0.37756079 0.33251721
vt -0.51599544 0.06650621
vt -0.48238990 0.04993552
vt -0.48884284 0.07841611
vt -0.47451633 0.07619119
vt -0.48884284 0.07841611
vt -0.49852851 0.07800734
vt -0.49880067 0.09697735
vt -0.48778528 0.01853037
vt -0.48238990 0.04993552
vt -0.47053319 0.02633929
vt -0.43321711 0.24133998
vt -0.42041698 0.25016427
vt -0.41610491 0.23182935
vt -0.39336324 0.23091316
vt -0.37944800 0.24466425
vt -0.36956832 0.23063427
vt -0.41333812 0.16478539
vt -0.41825747 0.19726634
vt -0.40290770 0.16545069
vt -0.39693075 0.28488541
vt -0.38077176 0.29909140
vt -0.37002969 0.27826381
vt -0.51390755 0.08531344
vt -0.51467305 0.09770250
vt -0.50592411 0.10520184
vt -0.49880067 0.09697735
vt -0.51390755 0.08531344
vt -0.50592411 0.10520184
vt -0.46231097 0.10603523
vt -0.49880067 0.09697735
vt -0.48014003 0.10775566
vt -0.45147544 0.16325951
vt -0.44692421 0.18184781
vt -0.43573678 0.17489851
vt -0.39693075 0.28488541
vt -0.40143391 0.30819595
vt -0.39034554 0.31828332
vt -0.48014003 0.10775566
vt -0.47521675 0.12599468
vt -0.46231097 0.10603523
vt -0.45593446 0.06529099
vt -0.42367405 0.09444010
vt -0.43017077 0.06940675
vt -0.35853517 0.11579514
vt -0.36832982 0.10449815
vt -0.39878470 0.03748989
vt -0.42367405 0.09444010
vt -0.40474641 0.07754737
vt -0.46231097 0.10603523
vt -0.43743521 0.11873829
vt -0.42367405 0.09444010
vt -0.43900993 0.14663804
vt -0.42217165 0.13815069
vt -0.43743521 0.11873829
vt -0.40290770 0.16545069
vt -0.39090794 0.15344948
vt -0.43573678 0.17489851
vt -0.41333812 0.16478539
vt -0.42217165 0.13815069
vt -0.43819177 0.21923423
vt -0.41610491 0.23182935
vt -0.49880067 0.09697735
vt -0.50592411 0.10520184
vt -0.49502105 0.11254793
vt -0.50352275 0.04129064
vt -0.49852851 0.07800734
vt -0.48884284 0.07841611
vt -0.53222018 0.03497082
vt -0.48884284 0.07841611
vt -0.49880067 0.09697735
vt -0.47451633 0.07619119
vt -0.51599544 0.06650621
vt -0.49852851 0.07800734
vt -0.50352275 0.04129064
vt -0.51599544 0.06650621
vt -0.53675562 0.08443993
vt -0.51390755 0.08531344
vt -0.54506338 0.06199861
vt -0.55533230 0.07206345
vt -0.42041698 0.25016427
vt -0.41326427 0.26297748
vt -0.53061974 0.08847618
vt -0.51467305 0.09770250
vt -0.42041698 0.25016427
vt -0.42811742 0.25815934
vt -0.40726459 0.27952117
vt -0.41103038 0.29289782
vt -0.40143391 0.30819595
vt -0.42232943 0.04493445
vt -0.43017077 0.06940675
vt -0.41552305 0.07264179
vt -0.46231097 0.10603523
vt -0.45593446 0.06529099
vt -0.44506985 0.05369920
vt -0.42959338 0.01278019
vt -0.47053319 0.02633929
vt -0.44506985 0.05369920
vt -0.48238990 0.04993552
vt -0.45593446 0.06529099
vt -0.44506985 0.05369920
vt -0.39370602 0.09687573
vt -0.36832982 0.10449815
vt -0.39749315 0.06239754
vt -0.39370602 0.09687573
vt -0.38664091 0.08240986
vt -0.38077176 0.29909140
vt -0.39693075 0.28488541
vt -0.39034554 0.31828332
vt -0.38664091 0.08240986
vt -0.39370602 0.09687573
vt -0.36832982 0.10449815
vt -0.41278791 0.10323191
vt -0.39370602 0.09687573
vt -0.43743521 0.11873829
vt -0.42217165 0.13815069
vt -0.39370602 0.09687573
vt -0.39738816 0.13272512
vt -0.40290770 0.16545069
vt -0.39956659 0.19077802
vt -0.39336324 0.23091316
vt -0.41825747 0.19726634
vt -0.41610491 0.23182935
vt -0.44365653 0.19600493
vt -0.43819177 0.21923423
vt -0.43573678 0.17489851
vt -0.39956659 0.19077802
vt -0.43819177 0.21923423
vt -0.43321711 0.24133998
vt -0.41825747 0.19726634
vt -0.39956659 0.19077802
vt -0.40290770 0.16545069
vt -0.39956659 0.19077802
vt -0.38040888 0.19783354
vt -0.37936047 0.17046010
vt -0.40290770 0.16545069
vt -0.39570343 0.17923117
vt -0.37936047 0.17046010
vt -0.35853517 0.11579514
vt -0.46943825 0.13568038
vt -0.46578068 0.14119244
vt -0.43900993 0.14663804
vt -0.42041698 0.25016427
vt -0.39623511 0.25847453
vt -0.39336324 0.23091316
vt -0.41326427 0.26297748
vt -0.40726459 0.27952117
vt -0.47521675 0.12599468
vt -0.43743521 0.11873829
vt -0.42811742 0.25815934
vt -0.42401850 0.26647007
vt -0.41326427 0.26297748
vt -0.47451633 0.07619119
vt -0.44506985 0.05369920
vt -0.44522542 0.01229525
vt -0.40474641 0.07754737
vt -0.39370602 0.09687573
vt -0.39749315 0.06239754
vt -0.42232943 0.04493445
vt -0.41552305 0.07264179
vt -0.39878470 0.03748989
vt -0.43321711 0.24133998
vt -0.42811742 0.25815934
vt -0.42041698 0.25016427
vt -0.44506985 0.05369920
vt -0.42232943 0.04493445
vt -0.42959338 0.01278019
vt -0.44506985 0.05369920
vt -0.42232943 0.04493445
vt -0.37140030 0.07304990
vt -0.38664091 0.08240986
vt -0.37140030 0.07304990
vt -0.37888414 0.05712390
vt -0.38664091 0.08240986
vt -0.36318082 0.08075178
vt -0.37140030 0.07304990
vt -0.38664091 0.08240986
vt -0.36467618 0.09037054
vt -0.36318082 0.08075178
vt -0.40143391 0.30819595
vt -0.40712038 0.30095863
vt -0.40547615 0.30434680
vt -0.41552305 0.07264179
vt -0.39749315 0.06239754
vt -0.39878470 0.03748989
vt -0.40143391 0.30819595
vt -0.41103038 0.29289782
vt -0.40712038 0.30095863
vt -0.48884284 0.07841611
vt -0.48238990 0.04993552
vt -0.45593446 0.06529099
vt -0.44506985 0.05369920
vt -0.37888414 0.05712390
vt -0.37843901 0.03622055
vt -0.41552305 0.07264179
vt -0.40474641 0.07754737
vt -0.39749315 0.06239754
vt -0.41278791 0.10323191
vt -0.42367405 0.09444010
vt -0.40726459 0.27952117
vt -0.39693075 0.28488541
vt -0.57451338 0.05952704
vt -0.56031573 0.06887841
vt -0.55533230 0.07206345
vt -0.43638384 0.22777027
vt -0.43321711 0.24133998
vt -0.43819177 0.21923423
vt -0.42041698 0.25016427
vt -0.42217165 0.13815069
vt -0.39738816 0.13272512
vt -0.39370602 0.09687573
vt -0.42367405 0.09444010
vt -0.40474641 0.07754737
vt -0.41552305 0.07264179
vt -0.55309016 0.04009718
vt -0.57451338 0.05952704
vt -0.54506338 0.06199861
vt -0.51599544 0.06650621
vt -0.51390755 0.08531344
vt -0.49852851 0.07800734
vt -0.53675562 0.08443993
vt -0.53061974 0.08847618
vt -0.45677230 0.15518606
vt -0.45147544 0.16325951
vt -0.50352275 0.04129064
vt -0.48778528 0.01853037
vt -0.49880067 0.09697735
vt -0.49502105 0.11254793
vt -0.48931459 0.11600953
vt -0.35446897 0.15438199
vt -0.46231097 0.10603523
vt -0.45593446 0.06529099
vt -0.49852851 0.07800734
vt -0.51390755 0.08531344
vt -0.37944800 0.24466425
vt -0.36336493 0.26065743
vt -0.36956832 0.23063427
vt -0.48014003 0.10775566
vt -0.48931459 0.11600953
vt -0.47919831 0.12338936
vt -0.49880067 0.09697735
vt -0.48931459 0.11600953
vt -0.48014003 0.10775566
vt -0.47521675 0.12599468
vt -0.47451633 0.07619119
vt -0.49880067 0.09697735
vt -0.46231097 0.10603523
vt -0.44692421 0.18184781
vt -0.44365653 0.19600493
vt -0.43573678 0.17489851
vt -0.43573678 0.17489851
vt -0.40290770 0.16545069
vt -0.39956659 0.19077802
vt -0.39570343 0.17923117
vt -0.39570343 0.17923117
vt -0.39956659 0.19077802
vt -0.37936047 0.17046010
vt -0.39090794 0.15344948
vt -0.40290770 0.16545069
vt -0.37936047 0.17046010
vt -0.35393983 0.17115617
vt -0.35446897 0.15438199
vt -0.58752096 0.04233646
vt -0.57451338 0.05952704
vt -0.58475542 0.01993906
vt -0.58752096 0.04233646
vt -0.58475542 0.01993906
vt -0.59712493 0.02786875
vt -0.58752096 0.04233646
vt -0.12669858 0.45739990
vt -0.12379447 0.47211826
vt -0.11323385 0.46814805
vt -0.12379447 0.47211826
vt -0.10296892 0.50642651
vt -0.11323385 0.46814805
vt -0.09307478 0.49867690
vt -0.09098795 0.47707033
vt -0.21035162 0.47134149
vt -0.19707596 0.47240418
vt -0.23754826 0.45085764
vt -0.22035906 0.45648265
vt -0.20188500 0.44984400
vt -0.23754826 0.45085764
vt -0.24211653 0.46962106
vt -0.22035906 0.45648265
vt -0.25201842 0.44860739
vt -0.25602877 0.46290994
vt -0.23754826 0.45085764
vt -0.17171985 0.48006576
vt -0.14473240 0.47881806
vt -0.14062947 0.46801370
vt -0.24590848 0.48976338
vt -0.22234990 0.46851468
vt -0.24211653 0.46962106
vt -0.20528316 0.48983467
vt -0.17171985 0.48006576
vt -0.19707596 0.47240418
vt -0.11323385 0.46814805
vt -0.10296892 0.50642651
vt -0.09307478 0.49867690
vt -0.23421831 0.50025648
vt -0.21458383 0.48673534
vt -0.24305400 0.49282312
vt -0.20734972 0.51819861
vt -0.18055506 0.50813448
vt -0.22131972 0.50973129
vt -0.25602877 0.46290994
vt -0.24211653 0.46962106
vt -0.23754826 0.45085764
vt -0.18752503 0.52548242
vt -0.15487708 0.53717870
vt -0.17745009 0.48698521
vt -0.18055506 0.50813448
vt -0.14512572 0.50788748
vt -0.22803771 0.50591063
vt -0.22131972 0.50973129
vt -0.21458383 0.48673534
vt -0.21000567 0.49341881
vt -0.17745009 0.48698521
vt -0.20528316 0.48983467
vt -0.21458383 0.48673534
vt -0.21000567 0.49341881
vt -0.20528316 0.48983467
vt -0.21458383 0.48673534
vt -0.22131972 0.50973129
vt -0.21000567 0.49341881
vt -0.19707596 0.47240418
vt -0.17421292 0.47297651
vt -0.16969906 0.46052253
vt -0.19707596 0.47240418
vt -0.17421292 0.47297651
vt -0.17171985 0.48006576
vt -0.17745009 0.48698521
vt -0.14473240 0.47881806
vt -0.17745009 0.48698521
vt -0.14512572 0.50788748
vt -0.14473240 0.47881806
vt -0.07627285 0.48979807
vt -0.09307478 0.49867690
vt -0.07319301 0.51566851
vt -0.09745221 0.52618676
vt -0.08757431 0.54674143
vt -0.07319301 0.51566851
vt -0.10296892 0.50642651
vt -0.13458019 0.53622514
vt -0.10950654 0.54162973
vt -0.22035906 0.45648265
vt -0.21035162 0.47134149
vt -0.20188500 0.44984400
vt -0.14950234 0.44473869
vt -0.17421292 0.47297651
vt -0.14062947 0.46801370
vt -0.10296892 0.50642651
vt -0.09745221 0.52618676
vt -0.09043223 0.51118338
vt -0.14512572 0.50788748
vt -0.13458019 0.53622514
vt -0.12222704 0.50786310
vt -0.07627285 0.48979807
vt -0.07319301 0.51566851
vt -0.06279615 0.50052774
vt -0.09307478 0.49867690
vt -0.07627285 0.48979807
vt -0.09098795 0.47707033
vt -0.11323385 0.46814805
vt -0.09860283 0.44316691
vt -0.10750026 0.44006753
vt 0.00764422 0.56164944
vt 0.03325313 0.56663167
vt 0.00932261 0.54309648
vt -0.05084170 0.49040103
vt -0.01223984 0.52563906
vt -0.01446385 0.48424220
vt -0.01446385 0.48424220
vt 0.03341522 0.49191880
vt 0.03687654 0.45727253
vt -0.01446385 0.48424220
vt -0.02172224 0.45840156
vt -0.14950234 0.44473869
vt -0.22753638 0.48029518
vt -0.21458383 0.48673534
vt -0.22234990 0.46851468
vt -0.24590848 0.48976338
vt -0.22753638 0.48029518
vt -0.22234990 0.46851468
vt -0.10950654 0.54162973
vt -0.08757431 0.54674143
vt -0.07102194 0.48121691
vt -0.07627285 0.48979807
vt -0.06279615 0.50052774
vt -0.07102194 0.48121691
vt -0.06372307 0.47212279
vt -0.06279615 0.50052774
vt -0.07319301 0.51566851
vt -0.04681712 0.51254880
vt 0.00932261 0.54309648
vt 0.03281196 0.54686987
vt 0.02941395 0.51721543
vt -0.05084170 0.49040103
vt -0.04681712 0.51254880
vt -0.01223984 0.52563906
vt -0.03415456 0.46868765
vt -0.05084170 0.49040103
vt -0.08757431 0.54674143
vt -0.07337164 0.54730302
vt -0.05448510 0.54874289
vt -0.15487708 0.53717870
vt -0.14512572 0.50788748
vt -0.04088294 0.54279250
vt -0.08757431 0.54674143
vt -0.05448510 0.54874289
vt -0.01223984 0.52563906
vt -0.04088294 0.54279250
vt -0.00920941 0.55826348
vt -0.05511988 0.44860208
vt -0.05148341 0.46412897
vt -0.03415456 0.46868765
vt -0.05084170 0.49040103
vt -0.04681712 0.51254880
vt -0.08436361 0.46890813
vt -0.07100911 0.45650923
vt -0.11323385 0.46814805
vt -0.09098795 0.47707033
vt -0.10475174 0.46664369
vt -0.12379447 0.47211826
vt -0.12222704 0.50786310
vt -0.10296892 0.50642651
vt -0.21035162 0.47134149
vt -0.20188500 0.44984400
vt -0.19707596 0.47240418
vt -0.16969906 0.46052253
vt -0.06372307 0.47212279
vt -0.05084170 0.49040103
vt -0.17421292 0.47297651
vt -0.14950234 0.44473869
vt -0.16969906 0.46052253
vt -0.24590848 0.48976338
vt -0.22753638 0.48029518
vt -0.21000567 0.49341881
vt -0.18055506 0.50813448
vt -0.22035906 0.45648265
vt -0.22234990 0.46851468
vt -0.10475174 0.46664369
vt -0.08436361 0.46890813
vt -0.11323385 0.46814805
vt -0.10475174 0.46664369
vt -0.27264813 0.45802873
vt -0.26804906 0.44533443
vt -0.27563688 0.45094669
vt -0.26565439 0.46878350
vt -0.25602877 0.46290994
vt -0.26908940 0.46318859
vt -0.27264813 0.45802873
vt -0.26908940 0.46318859
vt -0.26804906 0.44533443
vt -0.26565439 0.46878350
vt -0.25898471 0.47821522
vt -0.25602877 0.46290994
vt -0.26908940 0.46318859
vt -0.25602877 0.46290994
vt -0.25201842 0.44860739
vt -0.20528316 0.48983467
vt -0.21458383 0.48673534
vt 0.00932261 0.54309648
vt 0.02941395 0.51721543
vt -0.00920941 0.55826348
vt 0.00764422 0.56164944
vt 0.03325313 0.56663167
vt -0.05148341 0.46412897
vt -0.23754826 0.45085764
vt -0.20188500 0.44984400
vt -0.24211653 0.46962106
vt -0.25898471 0.47821522
vt -0.25602877 0.46290994
vt -0.18752503 0.52548242
vt -0.20734972 0.51819861
vt -0.21850595 0.51407170
vt -0.20734972 0.51819861
vt -0.22131972 0.50973129
vt -0.18055506 0.50813448
vt -0.21000567 0.49341881
vt -0.07100911 0.45650923
vt -0.06372307 0.47212279
vt -0.22803771 0.50591063
vt -0.23421831 0.50025648
vt -0.17745009 0.48698521
vt -0.17171985 0.48006576
vt -0.20528316 0.48983467
vt -0.12379447 0.47211826
vt -0.14473240 0.47881806
vt -0.12222704 0.50786310
vt -0.24305400 0.49282312
vt -0.21458383 0.48673534
vt -0.24590848 0.48976338
vt -0.20528316 0.48983467
vt -0.19707596 0.47240418
vt -0.25083464 0.48640078
vt -0.24211653 0.46962106
vt -0.25898471 0.47821522
vt -0.25083464 0.48640078
vt -0.24590848 0.48976338
vt -0.24211653 0.46962106
vt -0.17421292 0.47297651
vt -0.17171985 0.48006576
vt -0.10296892 0.50642651
vt -0.09745221 0.52618676
vt -0.12222704 0.50786310
vt -0.09307478 0.49867690
vt -0.09043223 0.51118338
vt -0.07319301 0.51566851
vt -0.09745221 0.52618676
vt -0.07319301 0.51566851
vt -0.09043223 0.51118338
vt -0.10296892 0.50642651
vt -0.09043223 0.51118338
vt -0.09307478 0.49867690
vt -0.14473240 0.47881806
vt -0.14512572 0.50788748
vt -0.12222704 0.50786310
vt -0.09098795 0.47707033
vt -0.07627285 0.48979807
vt -0.08436361 0.46890813
vt -0.07102194 0.48121691
vt -0.08436361 0.46890813
vt -0.07627285 0.48979807
vt -0.07102194 0.48121691
vt -0.08436361 0.46890813
vt -0.10475174 0.46664369
vt -0.14473240 0.47881806
vt -0.12379447 0.47211826
vt -0.14062947 0.46801370
vt -0.05084170 0.49040103
vt 0.02941395 0.51721543
vt 0.03341522 0.49191880
vt -0.01446385 0.48424220
vt -0.01223984 0.52563906
vt 0.03341522 0.49191880
vt 0.00291745 0.45158732
vt -0.01446385 0.48424220
vt 0.03687654 0.45727253
vt -0.02172224 0.45840156
vt 0.00291745 0.45158732
vt -0.08757431 0.54674143
vt -0.04088294 0.54279250
vt -0.07319301 0.51566851
vt -0.04681712 0.51254880
vt -0.04088294 0.54279250
vt -0.01223984 0.52563906
vt -0.05084170 0.49040103
vt -0.07319301 0.51566851
vt -0.04088294 0.54279250
vt -0.14062947 0.46801370
vt -0.12379447 0.47211826
vt -0.12669858 0.45739990
f 1/1 2/2 3/3
f 4/4 5/5 6/6
f 7/7 8/8 9/9
f 10/10 11/11 12/12
f 13/13 14/14 15/15
f 16/16 17/17 18/18
f 19/19 20/20 21/21
f 22/22 23/23 24/24
f 25/25 26/26 27/27
f 28/28 29/29 30/30
f 31/31 32/32 5/5
f 33/33 34/34 19/19
f 35/35 8/8 36/36
f 37/37 38/38 39/39
f 40/40 41/41 42/42
f 43/43 44/44 45/45
f 46/46 47/47 18/18
f 48/48 49/49 50/50
f 51/51 52/52 53/53
f 54/54 55/55 56/56
f 57/57 58/58 59/59
f 60/60 61/61 52/52
f 62/62 63/63 64/64
f 65/65 66/66 67/67
f 68/68 23/23 69/69
f 70/70 71/71 72/72
f 73/73 74/74 75/75
f 76/76 77/77 78/78
f 79/79 80/80 73/73
f 81/81 72/72 82/82
f 83/83 84/84 9/9
f 85/85 86/86 87/87
f 88/88 89/89 90/90
f 35/35 7/7 10/10
f 91/91 92/92 93/93
f 94/94 95/95 5/5
f 96/96 97/97 98/98
f 99/99 100/100 101/101
f 102/102 103/103 104/104
f 105/105 106/106 107/107
f 108/108 109/109 110/110
f 111/111 112/112 113/113
f 114/114 115/115 116/116
f 117/117 118/118 119/119
f 120/120 121/121 122/122
f 123/123 124/124 125/125
f 126/126 127/127 128/128
f 129/129 130/130 131/131
f 132/132 133/133 134/134
f 135/135 136/136 137/137
f 138/138 139/139 140/140
f 141/141 142/142 143/143
f 144/144 145/145 146/146
f 147/147 148/148 149/149
f 150/150 151/151 152/152
f 153/153 154/154 155/155
f 156/156 153/153 157/157
f 158/158 159/159 160/160
f 161/161 162/162 163/163
f 164/164 165/165 166/166
f 167/167 168/168 169/169
f 170/170 171/171 172/172
f 173/173 174/174 175/175
f 176/176 177/177 178/178
f 179/179 129/129 180/180
f 181/181 182/182 183/183
f 173/173 184/184 185/185
f 186/186 187/187 188/188
f 189/189 190/190 191/191
f 192/192 193/193 194/194
f 195/195 196/196 197/197
f 198/198 199/199 200/200
f 201/201 202/202 203/203
f 204/204 205/205 206/206
f 207/207 208/208 209/209
f 210/210 211/211 212/212
f 213/213 214/214 215/215
f 216/216 217/217 218/218
f 219/219 220/220 221/221
f 222/222 211/211 223/223
f 224/224 225/225 226/226
f 227/227 228/228 229/229
f 230/230 231/231 232/232
f 233/233 234/234 235/235
f 236/236 237/237 238/238
f 239/239 240/240 241/241
f 242/242 243/243 244/244
f 245/245 246/246 8/8
f 247/247 248/248 249/249
f 250/250 251/251 252/252
f 253/253 254/254 255/255
f 256/256 257/257 258/258
f 259/259 260/260 261/261
f 262/262 263/263 264/264
f 265/265 266/266 267/267
f 268/268 269/269 270/270
f 271/271 272/272 273/273
f 274/274 275/275 276/276
f 277/277 278/278 279/279
f 280/280 281/281 282/282
f 283/283 284/284 282/282
f 285/285 286/286 287/287
f 288/288 289/289 290/290
f 291/291 292/292 293/293
f 294/294 295/295 296/296
f 297/297 298/298 299/299
f 300/300 301/301 302/302
f 303/303 304/304 305/305
f 306/306 132/132 307/307
f 308/308 309/309 310/310
f 311/311 312/312 313/313
f 314/314 315/315 316/316
f 317/317 318/318 319/319
f 320/320 321/321 322/322
f 323/323 324/324 88/88
f 325/325 326/326 327/327
f 328/328 329/329 330/330
f 331/331 332/332 333/333
f 334/334 335/335 336/336
f 337/337 338/338 339/339
f 340/340 256/256 341/341
f 342/342 343/343 344/344
f 345/345 346/346 347/347
f 348/348 349/349 350/350
f 351/351 336/336 352/352
f 353/353 354/354 355/355
f 356/356 357/357 214/214
f 358/358 359/359 360/360
f 361/361 362/362 363/363
f 364/364 365/365 366/366
f 367/367 368/368 369/369
f 253/253 370/370 371/371
f 372/372 373/373 374/374
f 144/144 375/375 376/376
f 377/377 179/179 222/222
f 378/378 379/379 233/233
f 380/380 381/381 143/143
f 382/382 383/383 384/384
f 385/385 386/386 387/387
f 388/388 389/389 390/390
f 391/391 261/261 392/392
f 393/393 394/394 395/395
f 396/396 397/397 398/398
f 143/143 399/399 400/400
f 401/401 402/402 403/403
f 404/404 405/405 406/406
f 407/407 408/408 409/409
f 410/410 411/411 412/412
f 413/413 414/414 415/415
f 416/416 417/417 418/418
f 419/419 420/420 421/421
f 422/422 423/423 424/424
f 425/425 426/426 110/110
f 427/427 428/428 429/429
f 189/189 227/227 430/430
f 431/431 432/432 433/433
f 246/246 434/434 435/435
f 436/436 437/437 438/438
f 439/439 440/440 441/441
f 153/153 442/442 443/443
f 444/444 445/445 446/446
f 447/447 448/448 449/449
f 450/450 246/246 451/451
f 452/452 453/453 454/454
f 455/455 251/251 456/456
f 457/457 458/458 459/459
f 460/460 95/95 461/461
f 462/462 463/463 117/117
f 464/464 465/465 459/459
f 466/466 467/467 468/468
f 469/469 470/470 471/471
f 472/472 473/473 474/474
f 475/475 476/476 477/477
f 478/478 479/479 480/480
f 481/481 411/411 289/289
f 482/482 483/483 484/484
f 485/485 486/486 487/487
f 488/488 489/489 490/490
f 491/491 492/492 493/493
f 494/494 495/495 302/302
f 496/496 497/497 498/498
f 499/499 500/500 501/501
f 502/502 503/503 504/504
f 505/505 506/506 507/507
f 508/508 509/509 510/510
f 511/511 512/512 513/513
f 514/514 515/515 516/516
f 517/517 518/518 519/519
f 520/520 521/521 522/522
f 523/523 524/524 162/162
f 525/525 526/526 527/527
f 528/528 529/529 154/154
f 530/530 531/531 532/532
f 533/533 534/534 535/535
f 536/536 537/537 538/538
f 539/539 540/540 541/541
f 542/542 543/543 544/544
f 545/545 546/546 547/547
f 548/548 549/549 550/550
f 551/551 421/421 552/552
f 553/553 554/554 555/555
f 556/556 557/557 558/558
f 559/559 560/560 561/561
f 562/562 563/563 564/564
f 565/565 566/566 567/567
f 568/568 569/569 570/570
f 571/571 572/572 573/573
f 574/574 575/575 576/576
f 577/577 578/578 579/579
f 580/580 581/581 582/582
f 583/583 584/584 585/585
f 586/586 587/587 588/588
f 589/589 590/590 591/591
f 592/592 593/593 594/594
f 595/595 596/596 597/597
f 598/598 599/599 600/600
f 601/601 602/602 603/603
f 604/604 605/605 606/606
f 607/607 608/608 609/609
f 610/610 611/611 612/612
f 613/613 614/614 615/615
f 616/616 617/617 618/618
f 619/619 620/620 621/621
f 622/622 623/623 624/624
f 625/625 626/626 627/627
f 628/628 545/545 629/629
f 630/630 631/631 632/632
f 633/633 634/634 635/635
f 636/636 637/637 638/638
f 639/639 640/640 641/641
f 642/642 643/643 644/644
f 645/645 646/646 642/642
f 647/647 648/648 649/649
f 650/650 651/651 652/652
f 653/653 654/654 655/655
f 656/656 657/657 658/658
f 659/659 660/660 661/661
f 662/662 663/663 664/664
f 665/665 666/666 667/667
f 668/668 669/669 572/572
f 670/670 671/671 672/672
f 673/673 674/674 675/675
f 676/676 677/677 678/678
f 679/679 680/680 681/681
f 682/682 683/683 684/684
f 685/685 686/686 687/687
f 688/688 689/689 690/690
f 691/691 692/692 693/693
f 694/694 695/695 696/696
f 697/697 698/698 699/699
f 700/700 701/701 702/702
f 703/703 704/704 705/705
f 706/706 707/707 708/708
f 578/578 709/709 710/710
f 711/711 712/712 713/713
f 714/714 715/715 716/716
f 717/717 718/718 605/605
f 719/719 720/720 721/721
f 722/722 723/723 724/724
f 725/725 605/605 726/726
f 727/727 728/728 729/729
f 730/730 731/731 732/732
f 733/733 734/734 735/735
f 736/736 737/737 738/738
f 739/739 740/740 741/741
f 742/742 743/743 744/744
f 745/745 746/746 747/747
f 748/748 749/749 750/750
f 751/751 752/752 753/753
f 754/754 755/755 617/617
f 756/756 757/757 758/758
f 759/759 760/760 761/761
f 762/762 763/763 764/764
f 765/765 766/766 642/642
f 767/767 768/768 769/769
f 770/770 771/771 772/772
f 773/773 774/774 775/775
f 776/776 777/777 778/778
f 779/779 780/780 781/781
f 566/566 782/782 783/783
f 784/784 723/723 785/785
f 786/786 787/787 724/724
f 788/788 789/789 790/790
f 791/791 792/792 793/793
f 794/794 795/795 796/796
f 797/797 600/600 798/798
f 799/799 800/800 801/801
f 802/802 803/803 804/804
f 805/805 806/806 807/807
f 808/808 809/809 810/810
f 811/811 812/812 813/813
f 814/814 815/815 816/816
f 817/817 818/818 819/819
f 820/820 821/821 822/822
f 823/823 824/824 825/825
f 826/826 827/827 828/828
f 617/617 829/829 830/830
f 831/831 832/832 833/833
f 834/834 835/835 836/836
f 837/837 838/838 839/839
f 840/840 785/785 841/841
f 842/842 843/843 844/844
f 845/845 846/846 847/847
f 848/848 849/849 850/850
f 851/851 852/852 853/853
f 854/854 855/855 856/856
f 857/857 858/858 859/859
f 860/860 861/861 862/862
f 863/863 864/864 865/865
f 866/866 867/867 868/868
f 869/869 870/870 871/871
f 872/872 873/873 874/874
f 875/875 876/876 877/877
f 878/878 879/879 880/880
f 881/881 882/882 883/883
f 884/884 885/885 603/603
f 886/886 887/887 888/888
f 642/642 889/889 890/890
f 891/891 892/892 893/893
f 894/894 895/895 896/896
f 897/897 898/898 899/899
f 900/900 901/901 902/902
f 903/903 904/904 905/905
f 906/906 907/907 908/908
f 563/563 909/909 910/910
f 552/552 911/911 871/871
f 912/912 913/913 914/914
f 915/915 916/916 917/917
f 918/918 591/591 919/919
f 920/920 921/921 922/922
f 923/923 577/577 924/924
f 925/925 926/926 927/927
f 928/928 929/929 930/930
f 931/931 932/932 933/933
f 934/934 935/935 936/936
f 937/937 938/938 939/939
f 735/735 940/940 941/941
f 942/942 943/943 944/944
f 833/833 945/945 946/946
f 947/947 948/948 949/949
f 950/950 951/951 952/952
f 953/953 954/954 955/955
f 956/956 957/957 958/958
f 959/959 960/960 961/961
f 590/590 609/609 962/962
f 963/963 964/964 965/965
f 682/682 966/966 967/967
f 968/968 969/969 970/970
f 971/971 972/972 973/973
f 974/974 975/975 976/976
f 977/977 978/978 979/979
f 980/980 981/981 982/982
f 983/983 984/984 985/985
f 986/986 987/987 877/877
f 988/988 989/989 564/564
f 990/990 650/650 736/736
f 991/991 992/992 993/993
f 994/994 995/995 671/671
f 996/996 997/997 998/998
f 999/999 737/737 1000/1000
f 1001/1001 1002/1002 1003/1003
f 1004/1004 1005/1005 1006/1006
f 1007/1007 921/921 1008/1008
f 1009/1009 1010/1010 1011/1011
f 550/550 1012/1012 1013/1013
f 1014/1014 1015/1015 1016/1016
f 1017/1017 1018/1018 1019/1019
f 1017/1017 1020/1020 1021/1021
f 1022/1022 1023/1023 701/701
f 1024/1024 1025/1025 1026/1026
f 1027/1027 1028/1028 1029/1029
f 1030/1030 1031/1031 1032/1032
f 1033/1033 1034/1034 1035/1035
f 1036/1036 1037/1037 1038/1038
f 1039/1039 1040/1040 1041/1041
f 1042/1042 1043/1043 1044/1044
f 1045/1045 1046/1046 1047/1047
f 1048/1048 1049/1049 1050/1050
f 1051/1051 1052/1052 1053/1053
f 1054/1054 1055/1055 1056/1056
f 1057/1057 1058/1058 1059/1059
f 1060/1060 1061/1061 1062/1062
f 1063/1063 1064/1064 1065/1065
f 1066/1066 1054/1054 1063/1063
f 1067/1067 1068/1068 1069/1069
f 1070/1070 1071/1071 1072/1072
f 1073/1073 1074/1074 1075/1075
f 1074/1074 1076/1076 1077/1077
f 1078/1078 1079/1079 1080/1080
f 1081/1081 1082/1082 1083/1083
f 1084/1084 1085/1085 1086/1086
f 1087/1087 1088/1088 1089/1089
f 1090/1090 1077/1077 1091/1091
f 1092/1092 1093/1093 1094/1094
f 1095/1095 863/863 1096/1096
f 1097/1097 1098/1098 1099/1099
f 1100/1100 1101/1101 1102/1102
f 1103/1103 1104/1104 1105/1105
f 1106/1106 1107/1107 1070/1070
f 1108/1108 1109/1109 1110/1110
f 1070/1070 1111/1111 1112/1112
f 1113/1113 1114/1114 1115/1115
f 1116/1116 1117/1117 1118/1118
f 1012/1012 1119/1119 1007/1007
f 1120/1120 1121/1121 1122/1122
f 617/617 1123/1123 1124/1124
f 1125/1125 1126/1126 1127/1127
f 1128/1128 1129/1129 1130/1130
f 1131/1131 1132/1132 1133/1133
f 1134/1134 1135/1135 1136/1136
f 1137/1137 1138/1138 1139/1139
f 1140/1140 1141/1141 1142/1142
f 1143/1143 1144/1144 1145/1145
f 1146/1146 1147/1147 1148/1148
f 1149/1149 1150/1150 1151/1151
f 1152/1152 1153/1153 1133/1133
f 1154/1154 1155/1155 1156/1156
f 1157/1157 1158/1158 1159/1159
f 1160/1160 904/904 1161/1161
f 1162/1162 1163/1163 1164/1164
f 1165/1165 1166/1166 1167/1167
f 1165/1165 1168/1168 545/545
f 1169/1169 1170/1170 1171/1171
f 1172/1172 1173/1173 1174/1174
f 1175/1175 1070/1070 1176/1176
f 1177/1177 1178/1178 1179/1179
f 1180/1180 1181/1181 1182/1182
f 1183/1183 1184/1184 1185/1185
f 1186/1186 1187/1187 617/617
f 1188/1188 1189/1189 351/351
f 1190/1190 1191/1191 1192/1192
f 1193/1193 1194/1194 1195/1195
f 1196/1196 1197/1197 1198/1198
f 1199/1199 1200/1200 1201/1201
f 1202/1202 1203/1203 1204/1204
f 1205/1205 1206/1206 1207/1207
f 1208/1208 1209/1209 1210/1210
f 1211/1211 1212/1212 1213/1213
f 1214/1214 1215/1215 1216/1216
f 1217/1217 1070/1070 1218/1218
f 1219/1219 1220/1220 1221/1221
f 1077/1077 1222/1222 1223/1223
f 1224/1224 811/811 1225/1225
f 1226/1226 1227/1227 1228/1228
f 1229/1229 1230/1230 1231/1231
f 1232/1232 1233/1233 1234/1234
f 1235/1235 1236/1236 1237/1237
f 1238/1238 1239/1239 1240/1240
f 1241/1241 690/690 1242/1242
f 858/858 1243/1243 1244/1244
f 1245/1245 1246/1246 1247/1247
f 1248/1248 1249/1249 1004/1004
f 1250/1250 1251/1251 1252/1252
f 1253/1253 1254/1254 1255/1255
f 1256/1256 1257/1257 1258/1258
f 1259/1259 1260/1260 1261/1261
f 1262/1262 1263/1263 766/766
f 1264/1264 1265/1265 642/642
f 1266/1266 1267/1267 956/956
f 1268/1268 1269/1269 1104/1104
f 766/766 1270/1270 1271/1271
f 1104/1104 1272/1272 1105/1105
f 1273/1273 919/919 1274/1274
f 1275/1275 1276/1276 1277/1277
f 1278/1278 1279/1279 1280/1280
f 1101/1101 1281/1281 1282/1282
f 1283/1283 1284/1284 1285/1285
f 1286/1286 1287/1287 1288/1288
f 1289/1289 1290/1290 1291/1291
f 1292/1292 1293/1293 1294/1294
f 1295/1295 1296/1296 1297/1297
f 1298/1298 1299/1299 1300/1300
f 1301/1301 1302/1302 1303/1303
f 1304/1304 1305/1305 1306/1306
f 1307/1307 1308/1308 1309/1309
f 1310/1310 1311/1311 1312/1312
f 1313/1313 1314/1314 1315/1315
f 1316/1316 1317/1317 1318/1318
f 1319/1319 1320/1320 1321/1321
f 1298/1298 1322/1322 1299/1299
f 617/617 1323/1323 1324/1324
f 1325/1325 1326/1326 1303/1303
f 1327/1327 1328/1328 1329/1329
f 1330/1330 1299/1299 1331/1331
f 1332/1332 1333/1333 1334/1334
f 1335/1335 1336/1336 1337/1337
f 1338/1338 1339/1339 1340/1340
f 1341/1341 1342/1342 1343/1343
f 1344/1344 1345/1345 1346/1346
f 1319/1319 1347/1347 1348/1348
f 1349/1349 1350/1350 1351/1351
f 1352/1352 1353/1353 1354/1354
f 1355/1355 1356/1356 1357/1357
f 1358/1358 1359/1359 1360/1360
f 1361/1361 1362/1362 1363/1363
f 1364/1364 1365/1365 1366/1366
f 1367/1367 1368/1368 1369/1369
f 1370/1370 1371/1371 1372/1372
f 1373/1373 1374/1374 1375/1375
f 1376/1376 1377/1377 1378/1378
f 1379/1379 1380/1380 1381/1381
f 1382/1382 1383/1383 1384/1384
f 1385/1385 1386/1386 1314/1314
f 1387/1387 1388/1388 1389/1389
f 1390/1390 1391/1391 1392/1392
f 1393/1393 1394/1394 1395/1395
f 1396/1396 1397/1397 1398/1398
f 981/981 1399/1399 1400/1400
f 1401/1401 1402/1402 1403/1403
f 1404/1404 1405/1405 1406/1406
f 1407/1407 1408/1408 1409/1409
f 1410/1410 1411/1411 1412/1412
f 1413/1413 1414/1414 1332/1332
f 1415/1415 1416/1416 1417/1417
f 1418/1418 1419/1419 1420/1420
f 1421/1421 1422/1422 1423/1423
f 1424/1424 1409/1409 1425/1425
f 1426/1426 1427/1427 1428/1428
f 1429/1429 1430/1430 1298/1298
f 1431/1431 1432/1432 1433/1433
f 1434/1434 1435/1435 1436/1436
f 1437/1437 1438/1438 1439/1439
f 1440/1440 1060/1060 1441/1441
f 1442/1442 1443/1443 1444/1444
f 1445/1445 1446/1446 1447/1447
f 1448/1448 1323/1323 617/617
f 980/980 1449/1449 1450/1450
f 1451/1451 1452/1452 1453/1453
f 1454/1454 1234/1234 1455/1455
f 1283/1283 850/850 1456/1456
f 1457/1457 1458/1458 1459/1459
f 1460/1460 1461/1461 1462/1462
f 1463/1463 1464/1464 1465/1465
f 1466/1466 1467/1467 1343/1343
f 1468/1468 1469/1469 1470/1470
f 1471/1471 1472/1472 1473/1473
f 1474/1474 1475/1475 1476/1476
f 1477/1477 890/890 1366/1366
f 1478/1478 1479/1479 642/642
f 1480/1480 1481/1481 1482/1482
f 1483/1483 1484/1484 1485/1485
f 1486/1486 1487/1487 1488/1488
f 1489/1489 928/928 1490/1490
f 1491/1491 1492/1492 1493/1493
f 1494/1494 1495/1495 1496/1496
f 1497/1497 1498/1498 1499/1499
f 1500/1500 1501/1501 1502/1502
f 1503/1503 1504/1504 1505/1505
f 1506/1506 1507/1507 1508/1508
f 863/863 1509/1509 1510/1510
f 1511/1511 1512/1512 1513/1513
f 1514/1514 1515/1515 1516/1516
f 1517/1517 1518/1518 1519/1519
f 1520/1520 1521/1521 1522/1522
f 1523/1523 1524/1524 1525/1525
f 1170/1170 1526/1526 1527/1527
f 1528/1528 1529/1529 1261/1261
f 1530/1530 1531/1531 1532/1532
f 1533/1533 1534/1534 1535/1535
f 1536/1536 1537/1537 1538/1538
f 1539/1539 1540/1540 1541/1541
f 649/649 1542/1542 1543/1543
f 1544/1544 1545/1545 1546/1546
f 1547/1547 1548/1548 1549/1549
f 1550/1550 579/579 1551/1551
f 1552/1552 1553/1553 1554/1554
f 1555/1555 1556/1556 1557/1557
f 1558/1558 1559/1559 1108/1108
f 1560/1560 1561/1561 1562/1562
f 1563/1563 982/982 1564/1564
f 1565/1565 1443/1443 1566/1566
f 1567/1567 1568/1568 1569/1569
f 1570/1570 1571/1571 1572/1572
f 1573/1573 1574/1574 1575/1575
f 1067/1067 1576/1576 1078/1078
f 1036/1036 1577/1577 1578/1578
f 1579/1579 1580/1580 1581/1581
f 1582/1582 1583/1583 1584/1584
f 1585/1585 1400/1400 1586/1586
f 1587/1587 535/535 1032/1032
f 1588/1588 1589/1589 1590/1590
f 1582/1582 1591/1591 1592/1592
f 1593/1593 1594/1594 1595/1595
f 1596/1596 1597/1597 1598/1598
f 1599/1599 1600/1600 1601/1601
f 1602/1602 1603/1603 1604/1604
f 1605/1605 1603/1603 1606/1606
f 1607/1607 1608/1608 1609/1609
f 1610/1610 1611/1611 1612/1612
f 1613/1613 1614/1614 1615/1615
f 1616/1616 1617/1617 1618/1618
f 1618/1618 1619/1619 1620/1620
f 1621/1621 1622/1622 1623/1623
f 1624/1624 1625/1625 1626/1626
f 1627/1627 1628/1628 1629/1629
f 1630/1630 1631/1631 1632/1632
f 1633/1633 1634/1634 1566/1566
f 1635/1635 1636/1636 1637/1637
f 771/771 1638/1638 1639/1639
f 1640/1640 1641/1641 1642/1642
f 1607/1607 1643/1643 1644/1644
f 1645/1645 1646/1646 1647/1647
f 1648/1648 1649/1649 1650/1650
f 772/772 1651/1651 1652/1652
f 1653/1653 1654/1654 1655/1655
f 1656/1656 1657/1657 1658/1658
f 1659/1659 1660/1660 1661/1661
f 1662/1662 1663/1663 1664/1664
f 1665/1665 1666/1666 1667/1667
f 1668/1668 1669/1669 1670/1670
f 1671/1671 1672/1672 1673/1673
f 1674/1674 1675/1675 1676/1676
f 1677/1677 1678/1678 1679/1679
f 1680/1680 1681/1681 1682/1682
f 1151/1151 1683/1683 1684/1684
f 1685/1685 1686/1686 1687/1687
f 1688/1688 1689/1689 1690/1690
f 1691/1691 1692/1692 1693/1693
f 1694/1694 1520/1520 1695/1695
f 1696/1696 1697/1697 1698/1698
f 1699/1699 1700/1700 1501/1501
f 1701/1701 1702/1702 1703/1703
f 1704/1704 1705/1705 1706/1706
f 1707/1707 1708/1708 1709/1709
f 1710/1710 1711/1711 1712/1712
f 1713/1713 1714/1714 1211/1211
f 1715/1715 1716/1716 1717/1717
f 1718/1718 1651/1651 1719/1719
f 1720/1720 819/819 1721/1721
f 1722/1722 1723/1723 1724/1724
f 792/792 1725/1725 1726/1726
f 1727/1727 1728/1728 1729/1729
f 1141/1141 1730/1730 1731/1731
f 1045/1045 1732/1732 1733/1733
f 1734/1734 1735/1735 1736/1736
f 1737/1737 1738/1738 1739/1739
f 1740/1740 1741/1741 1036/1036
f 1742/1742 1743/1743 1744/1744
f 1745/1745 1746/1746 1747/1747
f 1748/1748 1749/1749 1750/1750
f 1751/1751 1659/1659 1752/1752
f 1753/1753 1754/1754 1755/1755
f 1756/1756 1757/1757 855/855
f 1758/1758 1759/1759 1760/1760
f 588/588 552/552 1761/1761
f 1762/1762 1763/1763 1764/1764
f 1765/1765 793/793 1766/1766
f 1171/1171 1382/1382 1767/1767
f 1768/1768 1769/1769 1770/1770
f 1771/1771 1772/1772 1773/1773
f 1774/1774 1775/1775 1776/1776
f 1777/1777 1778/1778 1779/1779
f 1780/1780 1781/1781 1782/1782
f 1783/1783 993/993 1784/1784
f 1785/1785 1786/1786 283/283
f 1787/1787 1788/1788 1789/1789
f 1407/1407 1790/1790 1791/1791
f 1792/1792 1793/1793 1794/1794
f 1795/1795 1796/1796 1797/1797
f 1798/1798 1799/1799 1800/1800
f 1801/1801 1683/1683 1802/1802
f 1803/1803 1804/1804 1805/1805
f 1806/1806 1807/1807 1808/1808
f 1809/1809 1810/1810 1811/1811
f 1812/1812 1813/1813 1814/1814
f 1815/1815 642/642 1816/1816
f 1817/1817 1356/1356 1818/1818
f 1819/1819 1820/1820 1821/1821
f 1822/1822 1823/1823 1824/1824
f 1825/1825 1826/1826 1827/1827
f 1828/1828 1829/1829 1830/1830
f 1831/1831 1832/1832 1833/1833
f 1473/1473 1834/1834 1835/1835
f 1836/1836 1837/1837 1838/1838
f 1839/1839 1840/1840 1841/1841
f 1548/1548 1842/1842 1794/1794
f 1843/1843 1844/1844 1845/1845
f 1829/1829 1846/1846 1847/1847
f 1848/1848 1849/1849 1604/1604
f 1850/1850 1851/1851 1056/1056
f 1852/1852 1451/1451 1468/1468
f 1853/1853 1854/1854 1855/1855
f 1856/1856 1857/1857 1858/1858
f 1858/1858 1859/1859 1036/1036
f 1860/1860 1861/1861 1862/1862
f 1858/1858 1036/1036 1863/1863
f 1864/1864 1036/1036 1865/1865
f 1866/1866 1867/1867 1868/1868
f 1869/1869 1870/1870 1871/1871
f 1872/1872 1873/1873 1874/1874
f 1875/1875 1876/1876 1877/1877
f 1878/1878 1879/1879 1880/1880
f 1881/1881 1882/1882 1883/1883
f 1884/1884 1885/1885 1886/1886
f 1887/1887 1888/1888 1889/1889
f 1890/1890 1877/1877 1891/1891
f 1892/1892 1893/1893 1894/1894
f 1895/1895 1896/1896 1897/1897
f 1898/1898 1899/1899 1900/1900
f 1901/1901 1902/1902 1903/1903
f 1904/1904 1905/1905 1906/1906
f 1907/1907 1908/1908 1909/1909
f 1910/1910 1911/1911 1912/1912
f 1913/1913 1914/1914 1915/1915
f 1916/1916 1917/1917 1918/1918
f 1919/1919 1920/1920 1921/1921
f 1922/1922 1923/1923 1924/1924
f 1925/1925 1926/1926 1927/1927
f 1928/1928 1929/1929 1930/1930
f 1931/1931 1932/1932 1933/1933
f 1934/1934 1935/1935 1936/1936
f 1937/1937 1938/1938 1939/1939
f 1940/1940 1941/1941 1942/1942
f 1943/1943 1944/1944 1945/1945
f 1946/1946 1947/1947 1948/1948
f 1949/1949 1950/1950 1951/1951
f 1952/1952 1953/1953 1954/1954
f 1955/1955 1956/1956 1957/1957
f 1958/1958 1377/1377 1959/1959
f 1960/1960 1961/1961 1962/1962
f 1963/1963 1964/1964 1965/1965
f 1966/1966 1967/1967 1968/1968
f 1969/1969 1970/1970 1971/1971
f 1972/1972 1973/1973 1974/1974
f 1975/1975 1976/1976 1977/1977
f 1978/1978 1979/1979 1980/1980
f 1981/1981 1982/1982 1983/1983
f 1984/1984 1985/1985 1986/1986
f 1987/1987 1988/1988 1989/1989
f 1990/1990 1991/1991 1992/1992
f 1993/1993 1994/1994 1995/1995
f 1996/1996 1997/1997 1998/1998
f 1999/1999 2000/2000 2001/2001
f 2002/2002 2003/2003 2004/2004
f 2005/2005 2006/2006 2007/2007
f 2006/2006 2008/2008 2009/2009
f 2010/2010 2011/2011 2012/2012
f 2013/2013 2014/2014 2015/2015
f 2016/2016 2017/2017 2018/2018
f 2019/2019 2020/2020 2021/2021
f 2022/2022 2023/2023 2024/2024
f 2025/2025 2026/2026 2027/2027
f 2028/2028 2029/2029 2030/2030
f 2031/2031 2032/2032 2033/2033
f 2034/2034 2035/2035 2036/2036
f 2037/2037 2038/2038 2039/2039
f 2040/2040 2041/2041 2042/2042
f 2043/2043 2044/2044 2045/2045
f 2046/2046 2047/2047 2048/2048
f 2049/2049 2050/2050 2051/2051
f 2052/2052 2053/2053 2054/2054
f 2055/2055 2056/2056 2057/2057
f 2058/2058 2059/2059 2060/2060
f 2061/2061 2062/2062 2063/2063
f 2064/2064 2065/2065 2066/2066
f 2067/2067 2068/2068 2069/2069
f 2070/2070 2071/2071 2072/2072
f 2073/2073 2074/2074 2075/2075
f 2076/2076 2077/2077 2078/2078
f 2079/2079 2080/2080 2081/2081
f 2082/2082 2083/2083 2084/2084
f 2082/2082 2085/2085 2086/2086
f 2087/2087 2088/2088 2089/2089
f 2090/2090 2091/2091 2092/2092
f 2093/2093 2094/2094 2095/2095
f 2096/2096 2097/2097 2098/2098
f 2099/2099 2100/2100 2101/2101
f 2097/2097 2102/2102 2103/2103
f 2104/2104 2105/2105 2106/2106
f 2107/2107 2108/2108 2109/2109
f 2102/2102 2110/2110 1926/1926
f 2109/2109 2111/2111 2112/2112
f 2113/2113 2114/2114 2115/2115
f 2116/2116 2117/2117 2118/2118
f 2119/2119 2120/2120 2121/2121
f 2122/2122 2123/2123 2124/2124
f 2125/2125 2126/2126 2127/2127
f 2128/2128 2129/2129 2130/2130
f 2131/2131 2132/2132 2133/2133
f 2134/2134 2135/2135 2136/2136
f 2137/2137 2138/2138 2139/2139
f 2140/2140 2141/2141 2142/2142
f 2143/2143 2144/2144 2145/2145
f 2146/2146 2147/2147 2148/2148
f 2149/2149 2150/2150 2151/2151
f 2152/2152 2153/2153 2154/2154
f 2155/2155 2156/2156 2157/2157
f 2158/2158 2159/2159 2160/2160
f 2161/2161 2162/2162 2163/2163
f 2164/2164 2165/2165 2161/2161
f 2166/2166 2167/2167 2168/2168
f 2169/2169 2170/2170 2171/2171
f 2172/2172 2173/2173 2174/2174
f 2175/2175 2176/2176 2177/2177
f 2178/2178 2179/2179 2180/2180
f 2181/2181 2182/2182 2183/2183
f 2184/2184 2185/2185 2186/2186
f 2187/2187 2188/2188 2189/2189
f 2190/2190 2191/2191 2192/2192
f 2193/2193 2194/2194 2195/2195
f 2196/2196 2197/2197 2198/2198
f 2199/2199 2200/2200 2201/2201
f 2202/2202 2203/2203 2204/2204
f 2205/2205 2206/2206 2207/2207
f 2208/2208 2209/2209 2210/2210
f 2211/2211 2212/2212 2213/2213
f 2214/2214 1942/1942 2215/2215
f 2216/2216 2217/2217 2218/2218
f 2219/2219 2220/2220 2221/2221
f 2222/2222 2223/2223 2224/2224
f 2225/2225 2226/2226 2227/2227
f 2228/2228 2229/2229 1333/1333
f 2229/2229 2230/2230 2231/2231
f 2232/2232 2233/2233 2234/2234
f 2235/2235 2236/2236 2237/2237
f 2238/2238 2239/2239 2240/2240
f 2241/2241 2242/2242 2243/2243
f 2244/2244 2245/2245 2246/2246
f 2247/2247 2248/2248 2249/2249
f 2250/2250 2251/2251 2252/2252
f 2253/2253 2254/2254 2255/2255
f 2256/2256 2257/2257 2258/2258
f 2259/2259 2260/2260 2261/2261
f 2262/2262 2263/2263 2264/2264
f 2265/2265 2266/2266 2267/2267
f 2268/2268 2269/2269 2270/2270
f 2271/2271 2272/2272 2273/2273
f 2274/2274 2275/2275 2276/2276
f 2277/2277 2278/2278 2279/2279
f 2079/2079 2280/2280 2281/2281
f 2282/2282 2283/2283 2284/2284
f 2285/2285 2286/2286 2287/2287
f 2288/2288 2289/2289 2287/2287
f 2290/2290 2291/2291 2292/2292
f 2293/2293 2294/2294 2295/2295
f 2296/2296 2297/2297 2298/2298
f 2299/2299 2300/2300 2301/2301
f 2302/2302 2303/2303 2304/2304
f 2305/2305 2306/2306 2307/2307
f 2308/2308 2309/2309 2310/2310
f 2311/2311 2312/2312 2313/2313
f 2314/2314 2315/2315 2316/2316
f 2317/2317 2318/2318 2319/2319
f 2320/2320 2321/2321 2322/2322
f 2323/2323 2324/2324 2325/2325
f 2326/2326 2327/2327 2328/2328
f 2329/2329 2330/2330 2331/2331
f 2332/2332 2333/2333 2334/2334
f 2335/2335 2336/2336 2337/2337
f 2338/2338 2339/2339 2340/2340
f 2341/2341 2342/2342 2343/2343
f 2344/2344 2345/2345 2346/2346
f 2347/2347 2348/2348 2349/2349
f 2350/2350 2351/2351 2352/2352
f 2353/2353 2354/2354 2355/2355
f 2356/2356 2357/2357 2358/2358
f 2359/2359 2360/2360 2361/2361
f 2362/2362 2363/2363 2364/2364
f 2365/2365 2366/2366 2367/2367
f 2368/2368 2369/2369 2370/2370
f 2371/2371 2372/2372 2373/2373
f 2374/2374 2375/2375 2376/2376
f 2377/2377 2378/2378 2379/2379
f 2380/2380 2381/2381 2382/2382
f 2140/2140 2383/2383 2384/2384
f 2385/2385 2155/2155 2386/2386
f 2387/2387 2388/2388 2389/2389
f 2390/2390 2391/2391 2392/2392
f 2393/2393 2394/2394 2395/2395
f 2396/2396 2397/2397 2398/2398
f 2399/2399 2400/2400 2395/2395
f 2401/2401 2402/2402 2403/2403
f 2161/2161 2404/2404 2405/2405
f 2406/2406 2407/2407 2408/2408
f 2409/2409 2410/2410 2411/2411
f 2412/2412 2413/2413 2414/2414
f 2415/2415 2416/2416 2417/2417
f 2418/2418 2419/2419 2420/2420
f 2421/2421 2422/2422 2423/2423
f 2424/2424 2425/2425 2426/2426
f 2427/2427 2428/2428 2429/2429
f 2430/2430 2431/2431 2432/2432
f 2433/2433 2434/2434 1961/1961
f 2435/2435 2436/2436 2437/2437
f 2438/2438 2249/2249 2439/2439
f 2440/2440 2441/2441 2442/2442
f 2443/2443 2444/2444 2445/2445
f 2132/2132 2446/2446 2447/2447
f 2448/2448 2449/2449 2450/2450
f 2132/2132 2451/2451 2452/2452
f 2453/2453 2454/2454 2455/2455
f 2456/2456 2457/2457 2458/2458
f 1983/1983 2459/2459 2460/2460
f 2461/2461 2462/2462 2463/2463
f 2464/2464 2465/2465 2466/2466
f 2467/2467 2468/2468 2469/2469
f 1874/1874 2470/2470 1989/1989
f 2471/2471 2029/2029 2472/2472
f 2473/2473 2474/2474 2475/2475
f 2476/2476 2477/2477 2478/2478
f 2479/2479 2480/2480 2481/2481
f 2482/2482 2483/2483 2484/2484
f 2485/2485 2486/2486 2487/2487
f 2320/2320 2485/2485 2488/2488
f 2489/2489 2490/2490 2491/2491
f 2492/2492 2493/2493 2494/2494
f 2495/2495 2496/2496 2497/2497
f 2498/2498 2499/2499 2500/2500
f 2501/2501 2502/2502 2503/2503
f 2504/2504 2505/2505 2506/2506
f 2507/2507 2508/2508 2509/2509
f 2510/2510 2511/2511 2512/2512
f 2513/2513 2514/2514 2515/2515
f 2516/2516 2322/2322 2517/2517
f 2518/2518 2519/2519 2520/2520
f 2521/2521 2522/2522 2523/2523
f 2521/2521 2524/2524 2525/2525
f 2526/2526 2527/2527 2528/2528
f 2521/2521 2529/2529 2530/2530
f 2531/2531 2532/2532 2533/2533
f 2534/2534 2535/2535 2536/2536
f 2537/2537 2538/2538 2539/2539
f 2540/2540 2541/2541 2542/2542
f 2543/2543 2544/2544 2545/2545
f 2546/2546 2547/2547 2548/2548
f 2549/2549 2550/2550 2551/2551
f 2552/2552 2553/2553 2554/2554
f 2555/2555 852/852 2556/2556
f 2557/2557 2558/2558 2559/2559
f 2560/2560 2561/2561 2562/2562
f 2563/2563 2564/2564 2565/2565
f 2566/2566 2567/2567 2568/2568
f 2569/2569 2570/2570 2132/2132
f 2054/2054 2571/2571 2572/2572
f 2573/2573 2574/2574 2575/2575
f 2576/2576 2577/2577 2578/2578
f 2579/2579 2580/2580 2581/2581
f 2582/2582 2583/2583 2584/2584
f 2585/2585 2586/2586 2587/2587
f 2588/2588 2589/2589 2590/2590
f 2591/2591 2132/2132 2592/2592
f 2593/2593 2594/2594 2595/2595
f 2596/2596 2597/2597 2598/2598
f 2599/2599 2600/2600 2601/2601
f 2602/2602 2603/2603 2035/2035
f 2511/2511 2604/2604 2605/2605
f 2606/2606 2607/2607 2608/2608
f 2125/2125 2609/2609 2610/2610
f 2611/2611 2612/2612 2613/2613
f 2614/2614 2615/2615 2616/2616
f 2617/2617 2618/2618 2619/2619
f 2620/2620 2621/2621 2622/2622
f 2623/2623 2624/2624 2625/2625
f 2626/2626 1140/1140 2627/2627
f 2628/2628 2629/2629 2630/2630
f 2631/2631 1967/1967 2632/2632
f 2633/2633 2634/2634 2635/2635
f 2636/2636 2637/2637 2638/2638
f 2639/2639 2640/2640 2641/2641
f 2642/2642 2643/2643 2644/2644
f 2645/2645 2646/2646 2647/2647
f 2648/2648 2649/2649 2650/2650
f 2651/2651 2652/2652 2295/2295
f 2132/2132 2653/2653 2654/2654
f 2655/2655 2656/2656 2657/2657
f 2658/2658 2659/2659 1885/1885
f 2302/2302 2660/2660 2661/2661
f 2662/2662 2302/2302 2661/2661
f 2663/2663 2664/2664 2665/2665
f 2666/2666 2667/2667 2668/2668
f 2669/2669 2670/2670 2671/2671
f 2672/2672 2673/2673 2674/2674
f 2675/2675 2676/2676 2677/2677
f 1921/1921 2678/2678 2679/2679
f 2680/2680 2681/2681 2682/2682
f 2683/2683 2684/2684 2685/2685
f 2686/2686 2687/2687 2688/2688
f 2689/2689 2690/2690 2691/2691
f 2692/2692 2279/2279 2693/2693
f 2694/2694 2695/2695 2696/2696
f 2697/2697 2698/2698 2699/2699
f 2700/2700 2701/2701 2702/2702
f 2695/2695 2681/2681 2703/2703
f 2239/2239 2704/2704 2705/2705
f 2706/2706 2707/2707 2708/2708
f 2709/2709 2710/2710 2711/2711
f 2712/2712 2713/2713 2714/2714
f 2715/2715 1939/1939 2716/2716
f 2108/2108 2717/2717 2718/2718
f 2719/2719 2720/2720 2721/2721
f 2722/2722 2723/2723 2724/2724
f 2588/2588 2725/2725 2726/2726
f 2727/2727 2588/2588 2728/2728
f 2729/2729 2601/2601 2730/2730
f 2731/2731 2732/2732 2733/2733
f 2734/2734 2735/2735 2736/2736
f 2437/2437 2737/2737 2350/2350
f 2738/2738 2739/2739 2076/2076
f 2740/2740 2741/2741 2742/2742
f 2743/2743 2419/2419 2744/2744
f 2537/2537 2745/2745 2746/2746
f 2747/2747 2748/2748 2749/2749
f 2750/2750 2751/2751 2752/2752
f 2753/2753 2050/2050 2754/2754
f 2755/2755 2756/2756 2757/2757
f 2758/2758 2759/2759 2760/2760
f 2761/2761 2762/2762 2763/2763
f 2764/2764 2765/2765 2766/2766
f 2767/2767 2768/2768 2769/2769
f 2770/2770 2771/2771 2772/2772
f 2773/2773 2774/2774 2775/2775
f 2776/2776 1036/1036 2777/2777
f 2778/2778 2779/2779 2780/2780
f 2781/2781 2782/2782 2783/2783
f 2784/2784 2785/2785 2786/2786
f 2787/2787 2788/2788 2789/2789
f 2790/2790 2791/2791 2792/2792
f 2793/2793 2794/2794 2795/2795
f 2796/2796 2658/2658 2797/2797
f 2798/2798 2006/2006 2799/2799
f 2800/2800 2801/2801 2802/2802
f 2803/2803 2804/2804 2805/2805
f 2806/2806 2807/2807 2808/2808
f 2809/2809 1934/1934 2810/2810
f 2811/2811 2812/2812 2813/2813
f 2814/2814 2266/2266 2815/2815
f 2816/2816 2817/2817 2818/2818
f 2744/2744 2392/2392 2819/2819
f 2820/2820 2821/2821 2822/2822
f 2823/2823 2824/2824 2825/2825
f 2826/2826 2827/2827 2828/2828
f 2606/2606 2829/2829 2607/2607
f 2830/2830 1740/1740 2831/2831
f 2832/2832 2833/2833 2834/2834
f 2835/2835 2836/2836 2837/2837
f 2838/2838 2839/2839 2840/2840
f 2841/2841 2842/2842 2843/2843
f 2832/2832 2844/2844 2845/2845
f 2495/2495 2374/2374 2846/2846
f 2847/2847 2848/2848 2849/2849
f 2763/2763 2850/2850 2851/2851
f 2852/2852 2853/2853 2854/2854
f 2855/2855 2856/2856 2857/2857
f 2858/2858 2859/2859 2860/2860
f 2861/2861 2862/2862 2863/2863
f 2864/2864 2865/2865 2866/2866
f 2867/2867 2868/2868 2869/2869
f 2530/2530 2870/2870 2524/2524
f 1866/1866 2871/2871 2872/2872
f 2873/2873 2874/2874 2875/2875
f 2876/2876 2877/2877 2878/2878
f 2360/2360 2086/2086 2879/2879
f 2359/2359 2880/2880 2881/2881
f 2021/2021 2882/2882 2883/2883
f 2884/2884 2885/2885 2886/2886
f 2887/2887 2888/2888 2889/2889
f 2890/2890 2891/2891 2892/2892
f 2893/2893 2894/2894 2895/2895
f 2896/2896 2897/2897 2898/2898
f 2899/2899 2900/2900 2901/2901
f 2902/2902 2503/2503 2903/2903
f 2904/2904 2905/2905 2906/2906
f 2907/2907 2908/2908 2909/2909
f 2910/2910 2911/2911 2912/2912
f 2913/2913 2914/2914 2915/2915
f 2128/2128 2916/2916 2917/2917
f 2918/2918 2919/2919 2920/2920
f 2134/2134 2921/2921 2922/2922
f 2923/2923 2924/2924 2925/2925
f 2926/2926 2927/2927 2928/2928
f 2929/2929 2930/2930 2931/2931
f 2932/2932 2933/2933 1875/1875
f 2934/2934 2935/2935 2936/2936
f 2937/2937 2938/2938 2939/2939
f 2940/2940 2941/2941 2942/2942
f 2943/2943 2944/2944 2945/2945
f 2946/2946 2937/2937 2947/2947
f 2948/2948 2949/2949 2950/2950
f 2951/2951 2952/2952 2953/2953
f 2954/2954 2955/2955 2956/2956
f 2957/2957 2958/2958 2959/2959
f 2957/2957 2960/2960 2961/2961
f 2962/2962 2963/2963 2964/2964
f 2965/2965 2966/2966 2967/2967
f 2638/2638 2968/2968 2969/2969
f 2619/2619 2970/2970 2971/2971
f 2972/2972 2973/2973 2974/2974
f 2975/2975 2976/2976 2977/2977
f 2978/2978 2979/2979 2799/2799
f 2980/2980 2981/2981 1856/1856
f 2982/2982 2983/2983 2984/2984
f 2985/2985 2986/2986 2987/2987
f 2988/2988 2989/2989 2990/2990
f 2181/2181 2991/2991 2992/2992
f 2925/2925 2993/2993 2994/2994
f 2995/2995 2996/2996 2997/2997
f 2998/2998 2986/2986 2183/2183
f 2999/2999 3000/3000 2921/2921
f 3001/3001 3002/3002 3003/3003
f 3004/3004 3005/3005 3006/3006
f 3004/3004 3007/3007 3008/3008
f 3009/3009 3010/3010 3011/3011
f 3012/3012 3013/3013 3014/3014
f 3015/3015 3016/3016 3017/3017
f 3018/3018 3019/3019 3020/3020
f 3021/3021 3022/3022 3023/3023
f 3024/3024 3025/3025 3026/3026
f 3027/3027 3028/3028 3029/3029
f 3030/3030 3031/3031 3032/3032
f 3033/3033 3034/3034 3035/3035
f 3036/3036 3037/3037 3038/3038
f 3039/3039 3040/3040 3041/3041
f 3042/3042 3006/3006 3043/3043
f 3044/3044 3045/3045 3046/3046
f 3047/3047 3048/3048 3049/3049
f 3050/3050 3051/3051 3052/3052
f 3053/3053 3054/3054 3055/3055
f 3056/3056 1858/1858 2266/2266
f 3057/3057 1858/1858 3058/3058
f 3059/3059 3060/3060 3061/3061
f 3062/3062 3063/3063 3064/3064
f 3065/3065 2167/2167 3066/3066
f 3067/3067 3068/3068 2403/2403
f 3069/3069 3070/3070 3071/3071
f 3072/3072 3073/3073 3074/3074
f 3075/3075 3076/3076 3077/3077
f 3078/3078 3079/3079 1899/1899
f 3080/3080 3081/3081 3082/3082
f 3083/3083 3084/3084 3082/3082
f 3085/3085 3086/3086 3087/3087
f 3088/3088 2544/2544 3089/3089
f 3090/3090 3091/3091 3092/3092
f 3093/3093 3094/3094 3095/3095
f 3096/3096 3097/3097 3081/3081
f 3098/3098 3099/3099 2545/2545
f 3100/3100 2504/2504 3101/3101
f 3102/3102 2487/2487 3103/3103
f 3104/3104 3105/3105 3106/3106
f 3107/3107 3108/3108 3109/3109
f 3110/3110 3111/3111 3112/3112
f 3113/3113 3114/3114 3115/3115
f 3116/3116 3117/3117 3118/3118
f 3109/3109 3119/3119 3120/3120
f 3121/3121 2986/2986 3122/3122
f 3123/3123 3124/3124 3125/3125
f 3126/3126 3127/3127 3128/3128
f 3129/3129 3130/3130 3131/3131
f 2571/2571 3132/3132 1933/1933
f 3133/3133 3134/3134 3135/3135
f 2603/2603 3136/3136 3137/3137
f 3138/3138 3139/3139 3140/3140
f 3141/3141 3142/3142 3143/3143
f 3144/3144 3145/3145 3146/3146
f 3147/3147 3148/3148 3149/3149
f 3150/3150 3131/3131 2558/2558
f 3151/3151 3152/3152 3153/3153
f 3154/3154 3155/3155 2953/2953
f 3156/3156 3157/3157 3158/3158
f 3159/3159 3160/3160 3161/3161
f 3162/3162 3163/3163 3164/3164
f 3165/3165 3166/3166 3167/3167
f 3168/3168 3169/3169 3170/3170
f 3171/3171 3172/3172 3173/3173
f 3174/3174 3175/3175 3176/3176
f 3177/3177 3178/3178 3179/3179
f 3180/3180 3181/3181 3182/3182
f 3183/3183 3184/3184 3185/3185
f 3186/3186 3187/3187 3188/3188
f 3189/3189 3190/3190 3191/3191
f 3192/3192 3193/3193 3194/3194
f 3195/3195 2977/2977 2761/2761
f 3196/3196 1334/1334 3197/3197
f 3198/3198 3199/3199 3200/3200
f 3201/3201 3202/3202 3203/3203
f 3204/3204 3205/3205 2030/2030
f 3206/3206 2243/2243 3207/3207
f 3208/3208 3209/3209 3210/3210
f 3211/3211 3212/3212 1858/1858
f 3213/3213 3214/3214 3215/3215
f 3216/3216 854/854 3217/3217
f 3218/3218 3219/3219 3220/3220
f 3221/3221 3222/3222 2273/2273
f 3223/3223 3224/3224 2014/2014
f 2695/2695 3225/3225 3226/3226
f 3227/3227 3228/3228 3229/3229
f 3230/3230 3231/3231 3232/3232
f 3233/3233 3234/3234 3235/3235
f 3236/3236 3237/3237 3238/3238
f 2895/2895 3170/3170 2826/2826
f 3239/3239 3240/3240 2429/2429
f 3241/3241 3242/3242 3243/3243
f 3244/3244 3245/3245 3246/3246
f 3247/3247 3248/3248 3043/3043
f 3249/3249 1677/1677 3250/3250
f 2550/2550 3251/3251 3252/3252
f 2547/2547 3253/3253 3254/3254
f 3255/3255 3256/3256 1945/1945
f 3257/3257 2485/2485 3258/3258
f 3259/3259 3260/3260 3261/3261
f 2737/2737 3262/3262 3263/3263
f 3264/3264 3265/3265 3266/3266
f 3267/3267 1858/1858 3268/3268
f 3269/3269 3257/3257 3096/3096
f 3270/3270 3271/3271 3272/3272
f 3273/3273 3274/3274 3275/3275
f 3276/3276 3277/3277 3278/3278
f 3279/3279 3280/3280 3281/3281
f 3282/3282 3283/3283 3284/3284
f 3285/3285 3286/3286 3287/3287
f 3288/3288 3289/3289 3290/3290
f 3291/3291 3292/3292 3293/3293
f 3294/3294 3295/3295 3296/3296
f 3297/3297 3298/3298 3299/3299
f 3300/3300 3301/3301 3302/3302
f 3303/3303 3304/3304 3305/3305
f 3306/3306 3307/3307 3308/3308
f 3309/3309 2802/2802 3310/3310
f 3311/3311 3312/3312 3313/3313
f 3314/3314 3315/3315 3316/3316
f 3317/3317 3318/3318 3319/3319
f 3320/3320 3321/3321 3322/3322
f 3323/3323 3324/3324 3325/3325
f 3326/3326 3327/3327 3328/3328
f 3329/3329 3330/3330 3331/3331
f 3332/3332 2060/2060 3333/3333
f 3334/3334 3335/3335 3336/3336
f 3337/3337 3338/3338 3339/3339
f 3340/3340 3341/3341 3342/3342
f 3343/3343 3344/3344 3345/3345
f 3346/3346 3347/3347 3348/3348
f 3349/3349 3350/3350 3351/3351
f 3352/3352 3353/3353 3354/3354
f 3355/3355 3332/3332 3356/3356
f 3357/3357 3358/3358 3359/3359
f 3306/3306 3360/3360 3361/3361
f 3362/3362 3363/3363 3364/3364
f 3365/3365 3366/3366 3367/3367
f 3368/3368 3369/3369 3367/3367
f 3370/3370 3371/3371 3372/3372
f 3373/3373 3374/3374 3375/3375
f 3376/3376 3377/3377 3378/3378
f 3379/3379 3380/3380 3381/3381
f 3382/3382 3383/3383 3384/3384
f 3385/3385 3386/3386 3387/3387
f 3388/3388 3389/3389 3390/3390
f 3391/3391 3294/3294 3392/3392
f 3393/3393 3394/3394 3395/3395
f 3396/3396 3397/3397 3398/3398
f 3399/3399 3400/3400 3401/3401
f 3402/3402 3403/3403 3404/3404
f 3405/3405 3406/3406 3407/3407
f 3408/3408 3409/3409 3410/3410
f 3411/3411 3412/3412 3413/3413
f 3414/3414 3415/3415 3416/3416
f 3417/3417 3418/3418 3419/3419
f 3420/3420 3421/3421 3298/3298
f 3422/3422 3423/3423 3424/3424
f 3425/3425 3426/3426 3427/3427
f 3428/3428 3429/3429 3430/3430
f 3431/3431 3432/3432 3433/3433
f 3314/3314 3434/3434 3435/3435
f 3436/3436 3437/3437 3438/3438
f 3439/3439 3440/3440 3441/3441
f 3442/3442 3443/3443 3444/3444
f 3445/3445 3371/3371 3446/3446
f 3447/3447 3448/3448 3449/3449
f 3450/3450 3451/3451 3452/3452
f 3453/3453 3454/3454 3455/3455
f 3456/3456 3457/3457 3458/3458
f 3459/3459 3460/3460 3461/3461
f 3462/3462 3463/3463 3464/3464
f 3465/3465 3466/3466 3467/3467
f 3468/3468 3469/3469 3470/3470
f 3471/3471 3472/3472 3473/3473
f 3474/3474 3475/3475 3476/3476
f 3477/3477 3478/3478 3479/3479
f 3480/3480 3481/3481 3482/3482
f 3483/3483 3379/3379 3484/3484
f 3441/3441 3485/3485 3486/3486
f 3487/3487 3488/3488 3478/3478
f 3489/3489 3490/3490 3491/3491
f 3492/3492 3493/3493 3494/3494
f 3495/3495 3496/3496 3497/3497
f 3498/3498 3499/3499 3496/3496
f 3500/3500 3501/3501 3502/3502
f 3503/3503 3504/3504 3505/3505
f 3506/3506 3507/3507 3508/3508
f 3509/3509 3510/3510 3511/3511
f 3512/3512 3513/3513 3514/3514
f 3515/3515 3516/3516 3517/3517
f 3518/3518 3519/3519 3520/3520
f 3521/3521 3522/3522 3523/3523
f 3524/3524 3525/3525 3523/3523
f 3526/3526 3527/3527 3528/3528
f 3529/3529 3530/3530 3531/3531
f 3532/3532 3533/3533 3534/3534
f 3535/3535 3536/3536 3537/3537
f 3538/3538 3539/3539 3540/3540
f 3541/3541 3542/3542 3543/3543
f 3544/3544 3545/3545 3546/3546
f 3547/3547 3548/3548 3549/3549
f 3550/3550 3551/3551 3552/3552
f 3534/3534 3533/3533 3553/3553
f 3554/3554 3555/3555 3556/3556
f 3557/3557 3283/3283 3558/3558
f 3559/3559 3560/3560 3561/3561
f 3562/3562 3563/3563 3564/3564
f 3565/3565 3566/3566 3567/3567
f 3568/3568 3569/3569 3485/3485
f 3570/3570 3571/3571 3572/3572
f 3573/3573 3574/3574 3575/3575
f 3576/3576 3577/3577 3578/3578
f 3579/3579 3437/3437 3580/3580
f 3581/3581 3582/3582 3583/3583
f 3584/3584 3585/3585 3586/3586
f 3587/3587 3588/3588 3589/3589
f 3590/3590 3591/3591 3592/3592
f 3520/3520 3593/3593 3505/3505
f 3594/3594 3288/3288 3595/3595
f 3596/3596 3597/3597 3598/3598
f 3599/3599 3600/3600 3601/3601
f 3602/3602 3603/3603 3604/3604
f 3605/3605 3606/3606 3607/3607
f 3608/3608 3609/3609 3610/3610
f 3390/3390 3611/3611 3562/3562
f 3612/3612 3613/3613 3614/3614
f 3615/3615 3495/3495 3616/3616
f 3617/3617 3618/3618 3619/3619
f 3620/3620 3621/3621 3622/3622
f 3595/3595 3623/3623 3624/3624
f 3625/3625 3626/3626 3627/3627
f 3628/3628 3629/3629 3630/3630
f 3631/3631 3632/3632 3633/3633
f 3634/3634 3635/3635 3636/3636
f 3637/3637 3638/3638 3639/3639
f 3640/3640 3641/3641 3642/3642
f 3643/3643 3644/3644 3645/3645
f 3341/3341 3311/3311 3646/3646
f 3647/3647 3648/3648 3649/3649
f 3650/3650 3651/3651 3652/3652
f 3653/3653 3654/3654 3655/3655
f 3656/3656 3657/3657 3658/3658
f 3659/3659 3660/3660 3661/3661
f 3560/3560 3662/3662 3663/3663
f 3664/3664 3665/3665 3666/3666
f 3667/3667 3668/3668 3669/3669
f 3639/3639 3670/3670 3671/3671
f 3672/3672 3673/3673 3674/3674
f 3675/3675 3676/3676 3656/3656
f 3677/3677 3678/3678 3679/3679
f 3680/3680 3681/3681 3509/3509
f 3682/3682 3683/3683 3684/3684
f 3685/3685 3686/3686 3687/3687
f 3533/3533 3688/3688 3689/3689
f 3690/3690 3691/3691 3692/3692
f 3693/3693 3694/3694 3695/3695
f 3550/3550 3696/3696 3697/3697
f 3698/3698 3699/3699 3700/3700
f 3701/3701 3702/3702 3703/3703
f 3704/3704 3705/3705 3706/3706
f 3707/3707 3708/3708 3709/3709
f 3480/3480 3710/3710 3711/3711
f 3712/3712 3713/3713 3714/3714
f 3715/3715 3716/3716 3709/3709
f 3717/3717 3718/3718 3719/3719
f 3720/3720 3721/3721 3722/3722
f 3425/3425 3276/3276 3674/3674
f 3723/3723 3724/3724 3425/3425
f 3725/3725 3726/3726 3727/3727
f 3728/3728 3729/3729 3730/3730
f 3731/3731 3732/3732 3733/3733
f 3734/3734 3735/3735 3736/3736
f 3737/3737 3738/3738 3739/3739
f 3740/3740 3741/3741 3742/3742
f 3743/3743 3744/3744 3745/3745
f 3746/3746 3747/3747 3748/3748
f 3749/3749 3750/3750 3751/3751
f 3752/3752 3753/3753 3754/3754
f 3755/3755 3756/3756 3757/3757
f 3758/3758 3759/3759 3760/3760
f 3761/3761 3762/3762 3442/3442
f 3763/3763 3764/3764 3647/3647
f 3765/3765 3766/3766 3767/3767
f 3768/3768 3769/3769 3770/3770
f 3771/3771 3772/3772 3773/3773
f 3774/3774 3122/3122 3775/3775
f 3776/3776 3777/3777 3778/3778
f 3779/3779 3780/3780 3781/3781
f 3782/3782 3783/3783 3784/3784
f 3785/3785 3786/3786 3787/3787
f 3788/3788 3789/3789 3790/3790
f 3791/3791 3792/3792 3793/3793
f 3794/3794 3795/3795 3796/3796
f 3797/3797 3798/3798 3799/3799
f 3800/3800 3801/3801 3802/3802
f 3803/3803 3424/3424 3804/3804
f 3805/3805 3806/3806 3807/3807
f 3808/3808 3809/3809 3810/3810
f 3811/3811 3812/3812 3813/3813
f 3814/3814 3815/3815 3816/3816
f 3817/3817 3818/3818 3819/3819
f 3820/3820 3821/3821 3822/3822
f 3823/3823 3824/3824 3825/3825
f 3826/3826 3827/3827 3823/3823
f 3828/3828 3829/3829 3830/3830
f 3831/3831 3832/3832 3833/3833
f 3834/3834 3835/3835 3836/3836
f 3837/3837 3838/3838 3839/3839
f 3840/3840 3841/3841 3842/3842
f 3843/3843 3844/3844 3845/3845
f 3846/3846 3847/3847 3848/3848
f 3849/3849 3850/3850 3851/3851
f 3852/3852 3853/3853 3854/3854
f 3855/3855 3856/3856 3857/3857
f 3858/3858 3859/3859 3321/3321
f 3860/3860 3861/3861 3862/3862
f 3863/3863 3864/3864 3328/3328
f 3865/3865 3579/3579 3866/3866
f 3867/3867 3868/3868 3869/3869
f 3870/3870 3871/3871 3872/3872
f 3873/3873 3874/3874 3875/3875
f 3876/3876 3877/3877 3317/3317
f 3878/3878 3879/3879 3880/3880
f 3881/3881 3882/3882 3883/3883
f 3884/3884 3885/3885 3023/3023
f 3886/3886 3887/3887 3888/3888
f 3889/3889 3890/3890 3891/3891
f 3892/3892 3474/3474 3893/3893
f 3894/3894 3895/3895 3896/3896
f 3897/3897 3898/3898 3380/3380
f 3557/3557 3288/3288 3899/3899
f 3900/3900 3901/3901 3902/3902
f 3866/3866 3903/3903 3904/3904
f 3905/3905 3906/3906 3907/3907
f 3908/3908 3909/3909 3386/3386
f 3910/3910 3911/3911 3912/3912
f 3913/3913 3379/3379 3914/3914
f 3915/3915 3916/3916 3917/3917
f 3768/3768 3918/3918 3919/3919
f 3920/3920 3921/3921 3288/3288
f 3922/3922 3923/3923 3924/3924
f 3288/3288 3623/3623 3925/3925
f 3926/3926 2134/2134 3927/3927
f 3928/3928 3929/3929 3930/3930
f 3931/3931 3932/3932 3933/3933
f 3934/3934 3935/3935 3936/3936
f 3937/3937 3938/3938 3939/3939
f 3940/3940 3941/3941 3942/3942
f 3943/3943 3944/3944 3945/3945
f 3946/3946 3947/3947 3948/3948
f 3949/3949 3950/3950 3951/3951
f 3952/3952 3953/3953 3954/3954
f 3955/3955 3956/3956 3957/3957
f 3958/3958 3959/3959 3960/3960
f 3961/3961 3962/3962 3963/3963
f 3964/3964 3965/3965 3966/3966
f 3967/3967 3968/3968 3969/3969
f 3970/3970 3971/3971 3972/3972
f 3973/3973 3974/3974 3975/3975
f 3956/3956 3976/3976 3977/3977
f 3978/3978 3979/3979 3980/3980
f 3981/3981 3982/3982 3983/3983
f 3984/3984 3985/3985 3986/3986
f 3987/3987 3988/3988 3989/3989
f 3990/3990 3991/3991 3992/3992
f 3993/3993 3994/3994 3995/3995
f 3996/3996 3997/3997 3998/3998
f 3999/3999 4000/4000 3973/3973
f 4001/4001 4002/4002 4003/4003
f 4004/4004 4005/4005 4006/4006
f 4007/4007 4008/4008 4009/4009
f 4010/4010 4011/4011 4012/4012
f 4013/4013 4014/4014 4015/4015
f 4016/4016 4017/4017 4018/4018
f 4019/4019 4020/4020 4021/4021
f 4022/4022 4023/4023 4024/4024
f 4025/4025 4026/4026 4027/4027
f 4028/4028 4029/4029 4030/4030
f 4031/4031 4032/4032 4033/4033
f 3995/3995 4034/4034 4035/4035
f 4036/4036 4037/4037 4038/4038
f 3005/3005 4039/4039 4040/4040
f 4041/4041 4042/4042 4043/4043
f 4044/4044 4045/4045 4046/4046
f 4047/4047 4048/4048 4049/4049
f 4050/4050 4051/4051 4052/4052
f 4053/4053 4054/4054 4055/4055
f 4056/4056 4057/4057 4058/4058
f 4059/4059 4060/4060 4061/4061
f 4062/4062 4063/4063 4064/4064
f 4065/4065 4066/4066 4067/4067
f 4068/4068 4069/4069 4070/4070
f 4071/4071 4072/4072 4073/4073
f 4074/4074 4075/4075 4076/4076
f 4077/4077 4078/4078 4079/4079
f 4080/4080 4081/4081 4082/4082
f 4083/4083 4084/4084 4085/4085
f 4086/4086 4087/4087 4088/4088
f 4089/4089 4090/4090 4091/4091
f 4092/4092 4093/4093 4094/4094
f 4095/4095 4096/4096 4097/4097
f 4098/4098 4021/4021 4099/4099
f 4100/4100 4101/4101 4102/4102
f 4103/4103 4104/4104 4105/4105
f 4106/4106 4107/4107 4108/4108
f 4109/4109 4110/4110 4111/4111
f 4112/4112 4113/4113 4114/4114
f 4115/4115 4116/4116 4117/4117
f 4118/4118 4119/4119 4120/4120
f 4121/4121 4122/4122 4123/4123
f 4124/4124 4125/4125 4126/4126
f 4127/4127 4128/4128 4129/4129
f 4130/4130 4131/4131 4132/4132
f 4133/4133 4134/4134 4135/4135
f 4136/4136 4137/4137 4138/4138
f 4139/4139 4140/4140 4141/4141
f 4142/4142 4143/4143 4144/4144
f 4145/4145 4146/4146 4147/4147
f 4148/4148 4149/4149 4034/4034
f 4150/4150 4151/4151 4152/4152
f 4153/4153 4154/4154 4155/4155
f 4156/4156 4157/4157 4158/4158
f 4159/4159 4160/4160 4161/4161
f 4162/4162 4163/4163 4164/4164
f 4165/4165 4166/4166 4167/4167
f 4168/4168 4169/4169 4170/4170
f 4064/4064 4171/4171 4172/4172
f 4173/4173 4174/4174 4175/4175
f 4176/4176 4177/4177 4178/4178
f 4179/4179 4180/4180 4181/4181
f 4182/4182 4183/4183 4184/4184
f 4185/4185 4186/4186 4187/4187
f 4188/4188 4189/4189 4190/4190
f 4191/4191 4192/4192 4193/4193
f 4194/4194 4195/4195 4196/4196
f 4197/4197 4198/4198 4199/4199
f 4200/4200 4201/4201 4202/4202
f 4203/4203 4204/4204 4205/4205
f 4046/4046 4206/4206 4207/4207
f 4208/4208 4209/4209 4210/4210
f 4211/4211 4212/4212 3977/3977
f 4213/4213 4214/4214 4215/4215
f 4216/4216 4217/4217 4218/4218
f 4219/4219 4220/4220 4221/4221
f 4222/4222 4223/4223 4224/4224
f 4225/4225 4226/4226 4227/4227
f 4228/4228 4229/4229 4230/4230
f 4231/4231 4232/4232 4233/4233
f 4234/4234 4235/4235 4236/4236
f 4237/4237 4238/4238 4239/4239
f 4240/4240 4073/4073 4241/4241
f 4242/4242 4243/4243 4244/4244
f 4245/4245 4246/4246 4247/4247
f 4248/4248 4249/4249 4250/4250
f 4251/4251 4252/4252 4253/4253
f 4254/4254 4255/4255 4256/4256
f 4257/4257 4258/4258 4259/4259
f 4260/4260 4261/4261 4031/4031
f 4262/4262 4263/4263 4264/4264
f 4265/4265 4266/4266 4267/4267
f 4268/4268 4269/4269 4270/4270
f 4271/4271 4272/4272 4273/4273
f 4274/4274 3957/3957 4275/4275
f 4276/4276 4277/4277 4278/4278
f 4279/4279 4280/4280 4281/4281
f 4282/4282 4283/4283 4284/4284
f 4285/4285 4286/4286 4287/4287
f 4288/4288 4289/4289 4290/4290
f 4291/4291 4292/4292 4293/4293
f 4294/4294 4295/4295 4296/4296
f 4015/4015 4297/4297 3979/3979
f 4298/4298 4299/4299 4300/4300
f 4301/4301 4302/4302 4303/4303
f 4304/4304 4305/4305 4306/4306
f 4307/4307 4308/4308 4309/4309
f 4310/4310 4311/4311 4312/4312
f 4313/4313 4314/4314 4315/4315
f 4316/4316 4306/4306 4317/4317
f 4318/4318 4319/4319 4320/4320
f 4321/4321 4322/4322 4323/4323
f 4324/4324 4325/4325 4326/4326
f 4327/4327 4328/4328 4329/4329
f 4330/4330 4331/4331 4332/4332
f 4333/4333 4334/4334 4335/4335
f 4336/4336 4337/4337 4338/4338
f 4339/4339 4340/4340 4341/4341
f 4021/4021 4342/4342 4019/4019
f 4343/4343 4344/4344 4345/4345
f 4346/4346 4347/4347 4348/4348
f 4349/4349 4350/4350 4351/4351
f 4352/4352 4353/4353 4354/4354
f 4355/4355 4356/4356 4357/4357
f 4358/4358 4359/4359 4360/4360
f 4361/4361 4362/4362 4363/4363
f 4364/4364 4365/4365 4366/4366
f 4367/4367 4368/4368 4285/4285
f 4369/4369 4370/4370 4019/4019
f 3985/3985 4015/4015 4371/4371
f 3005/3005 4372/4372 4373/4373
f 4007/4007 4374/4374 4375/4375
f 4376/4376 4377/4377 4378/4378
f 4379/4379 4380/4380 4381/4381
f 4330/4330 4382/4382 4383/4383
f 4384/4384 4385/4385 4386/4386
f 4387/4387 4386/4386 4388/4388
f 4389/4389 4390/4390 4391/4391
f 4129/4129 4392/4392 4393/4393
f 4394/4394 4395/4395 4396/4396
f 4397/4397 4398/4398 4323/4323
f 4399/4399 4146/4146 4373/4373
f 4400/4400 4401/4401 4402/4402
f 4403/4403 4404/4404 4405/4405
f 4406/4406 3470/3470 4407/4407
f 4408/4408 4409/4409 4410/4410
f 4411/4411 4412/4412 4413/4413
f 4414/4414 4415/4415 4416/4416
f 4417/4417 4418/4418 4419/4419
f 4420/4420 4421/4421 4422/4422
f 4423/4423 4180/4180 4424/4424
f 4003/4003 4425/4425 4426/4426
f 4427/4427 4428/4428 4429/4429
f 4430/4430 4431/4431 4021/4021
f 4432/4432 4433/4433 4434/4434
f 4435/4435 4436/4436 4437/4437
f 4438/4438 4439/4439 4440/4440
f 4441/4441 4438/4438 4442/4442
f 4368/4368 4443/4443 4444/4444
f 4445/4445 4446/4446 4447/4447
f 4112/4112 4448/4448 4449/4449
f 4450/4450 4451/4451 4452/4452
f 4453/4453 4454/4454 4455/4455
f 4456/4456 4457/4457 4458/4458
f 4227/4227 4459/4459 4460/4460
f 4461/4461 4462/4462 4463/4463
f 4431/4431 4369/4369 4021/4021
f 4276/4276 4464/4464 4465/4465
f 4400/4400 4084/4084 4466/4466
f 4467/4467 4468/4468 4469/4469
f 4470/4470 4471/4471 4472/4472
f 4473/4473 4474/4474 4475/4475
f 4476/4476 4477/4477 4478/4478
f 4479/4479 4480/4480 4429/4429
f 4161/4161 4481/4481 4482/4482
f 4483/4483 4484/4484 4485/4485
f 4486/4486 4487/4487 4488/4488
f 4489/4489 4490/4490 4491/4491
f 4161/4161 4492/4492 4493/4493
f 4494/4494 4495/4495 4306/4306
f 4496/4496 4497/4497 4498/4498
f 4499/4499 3995/3995 4500/4500
f 4501/4501 4423/4423 4502/4502
f 4503/4503 4504/4504 4423/4423
f 4146/4146 4505/4505 4506/4506
f 4507/4507 4508/4508 4509/4509
f 4510/4510 4511/4511 4512/4512
f 4513/4513 4514/4514 4515/4515
f 4516/4516 4517/4517 4518/4518
f 4519/4519 4520/4520 4521/4521
f 4522/4522 4523/4523 4412/4412
f 4021/4021 4524/4524 4525/4525
f 4526/4526 4527/4527 4528/4528
f 4529/4529 4530/4530 4531/4531
f 4532/4532 4533/4533 4534/4534
f 4535/4535 4536/4536 4537/4537
f 4538/4538 4141/4141 4539/4539
f 4540/4540 3101/3101 4541/4541
f 4542/4542 4543/4543 4544/4544
f 4490/4490 4544/4544 4483/4483
f 4545/4545 4546/4546 4547/4547
f 4548/4548 4549/4549 4550/4550
f 4551/4551 4552/4552 4553/4553
f 4491/4491 4554/4554 2409/2409
f 4555/4555 4556/4556 4557/4557
f 4558/4558 4559/4559 4560/4560
f 4561/4561 4562/4562 4563/4563
f 4406/4406 3356/3356 4564/4564
f 4565/4565 4566/4566 3978/3978
f 4567/4567 4568/4568 4569/4569
f 4570/4570 4571/4571 4572/4572
f 4573/4573 4526/4526 4574/4574
f 4575/4575 4576/4576 4577/4577
f 4578/4578 4579/4579 4580/4580
f 4581/4581 4582/4582 4583/4583
f 4584/4584 4585/4585 4586/4586
f 4587/4587 4588/4588 4589/4589
f 4309/4309 4308/4308 4590/4590
f 4591/4591 4592/4592 4593/4593
f 4594/4594 4595/4595 4596/4596
f 4597/4597 4598/4598 4599/4599
f 4559/4559 4600/4600 4601/4601
f 4602/4602 4603/4603 4604/4604
f 4605/4605 4606/4606 4607/4607
f 4608/4608 4609/4609 4610/4610
f 4611/4611 4612/4612 4613/4613
f 4614/4614 4615/4615 4616/4616
f 4617/4617 4618/4618 4619/4619
f 4620/4620 4621/4621 4622/4622
f 4622/4622 4623/4623 4624/4624
f 4625/4625 4626/4626 4627/4627
f 4628/4628 4629/4629 4630/4630
f 4163/4163 4631/4631 4632/4632
f 4633/4633 4336/4336 4634/4634
f 4635/4635 4636/4636 4637/4637
f 4638/4638 4639/4639 4640/4640
f 4641/4641 4642/4642 4643/4643
f 4644/4644 4645/4645 4646/4646
f 4647/4647 4648/4648 4649/4649
f 4650/4650 4651/4651 4652/4652
f 4653/4653 4204/4204 4654/4654
f 4655/4655 4656/4656 4657/4657
f 4658/4658 4651/4651 4659/4659
f 4660/4660 4661/4661 4662/4662
f 4663/4663 4106/4106 4664/4664
f 4228/4228 4665/4665 4666/4666
f 4667/4667 4668/4668 4669/4669
f 4670/4670 3956/3956 4641/4641
f 4419/4419 4671/4671 4322/4322
f 4506/4506 4672/4672 4408/4408
f 4673/4673 4674/4674 4223/4223
f 4675/4675 4676/4676 4677/4677
f 4678/4678 4679/4679 4680/4680
f 4681/4681 4682/4682 4683/4683
f 4195/4195 4684/4684 4685/4685
f 3964/3964 4686/4686 4225/4225
f 4687/4687 3869/3869 4688/4688
f 4689/4689 4690/4690 4691/4691
f 4692/4692 4693/4693 4694/4694
f 4695/4695 3545/3545 4696/4696
f 4697/4697 4698/4698 4699/4699
f 4700/4700 4701/4701 4702/4702
f 4703/4703 4704/4704 4659/4659
f 4705/4705 4706/4706 4707/4707
f 4708/4708 4709/4709 4710/4710
f 4711/4711 4712/4712 4713/4713
f 4714/4714 4715/4715 4716/4716
f 4717/4717 4718/4718 4719/4719
f 4720/4720 4721/4721 4715/4715
f 4067/4067 4722/4722 4723/4723
f 4724/4724 4168/4168 4725/4725
f 4726/4726 4727/4727 4728/4728
f 4729/4729 4730/4730 4731/4731
f 4732/4732 4733/4733 4134/4134
f 4653/4653 4734/4734 4735/4735
f 4736/4736 4737/4737 4371/4371
f 4738/4738 4199/4199 4739/4739
f 4740/4740 4741/4741 4071/4071
f 4195/4195 4742/4742 4743/4743
f 4744/4744 4745/4745 4736/4736
f 4746/4746 4747/4747 4748/4748
f 4749/4749 4750/4750 4751/4751
f 4752/4752 4753/4753 4754/4754
f 4755/4755 4756/4756 4757/4757
f 4758/4758 4759/4759 4760/4760
f 4761/4761 4762/4762 4763/4763
f 4764/4764 4509/4509 4765/4765
f 4766/4766 4767/4767 4768/4768
f 4769/4769 4770/4770 4771/4771
f 4573/4573 4772/4772 4773/4773
f 4753/4753 4774/4774 4775/4775
f 4776/4776 4777/4777 4778/4778
f 4779/4779 4780/4780 4781/4781
f 4782/4782 4783/4783 4784/4784
f 4785/4785 4786/4786 4333/4333
f 4787/4787 4788/4788 4789/4789
f 4790/4790 4791/4791 4792/4792
f 4793/4793 4794/4794 4795/4795
f 4796/4796 4797/4797 4798/4798
f 4799/4799 4800/4800 4260/4260
f 4801/4801 4802/4802 4803/4803
f 4799/4799 4804/4804 4805/4805
f 4806/4806 4807/4807 4784/4784
f 4808/4808 4809/4809 4810/4810
f 4622/4622 4811/4811 4259/4259
f 4812/4812 4813/4813 4814/4814
f 4815/4815 4816/4816 4817/4817
f 4818/4818 4819/4819 4820/4820
f 4734/4734 4821/4821 4275/4275
f 4822/4822 4641/4641 4823/4823
f 4824/4824 4825/4825 4826/4826
f 4827/4827 4828/4828 4829/4829
f 4135/4135 4213/4213 4830/4830
f 4831/4831 4832/4832 4116/4116
f 4199/4199 4833/4833 4834/4834
f 4835/4835 4836/4836 4687/4687
f 3979/3979 4837/4837 4263/4263
f 4838/4838 4366/4366 4839/4839
f 4840/4840 4841/4841 4842/4842
f 4843/4843 4335/4335 4019/4019
f 4844/4844 4259/4259 4845/4845
f 4846/4846 4847/4847 4848/4848
f 4849/4849 4850/4850 4851/4851
f 4852/4852 4853/4853 4854/4854
f 4855/4855 4856/4856 4857/4857
f 4858/4858 4859/4859 4860/4860
f 4861/4861 4862/4862 4863/4863
f 4864/4864 4865/4865 4866/4866
f 4867/4867 4868/4868 4869/4869
f 4870/4870 4871/4871 4869/4869
f 4872/4872 4873/4873 4874/4874
f 4874/4874 4875/4875 4876/4876
f 4877/4877 4878/4878 4879/4879
f 4880/4880 4881/4881 4882/4882
f 4883/4883 4884/4884 4885/4885
f 4886/4886 4887/4887 4888/4888
f 4889/4889 4890/4890 4891/4891
f 4892/4892 4893/4893 4894/4894
f 4895/4895 4896/4896 4897/4897
f 4898/4898 4899/4899 4900/4900
f 4901/4901 4902/4902 4903/4903
f 4904/4904 4905/4905 4906/4906
f 4907/4907 4908/4908 4909/4909
f 4910/4910 4911/4911 4912/4912
f 4913/4913 4914/4914 4915/4915
f 4893/4893 4907/4907 4916/4916
f 4917/4917 4878/4878 4896/4896
f 4918/4918 4919/4919 4920/4920
f 4889/4889 4921/4921 4922/4922
f 4923/4923 4924/4924 4925/4925
f 4926/4926 4927/4927 4928/4928
f 4929/4929 4930/4930 4931/4931
f 4932/4932 4933/4933 4934/4934
f 4935/4935 4936/4936 4937/4937
f 4938/4938 4939/4939 4940/4940
f 4914/4914 4941/4941 4942/4942
f 4943/4943 4944/4944 4945/4945
f 4946/4946 4885/4885 4947/4947
f 4948/4948 4949/4949 4950/4950
f 4951/4951 4952/4952 4953/4953
f 4954/4954 4955/4955 4956/4956
f 4957/4957 4958/4958 4959/4959
f 4960/4960 4961/4961 4962/4962
f 4963/4963 4964/4964 4965/4965
f 4966/4966 4967/4967 4968/4968
f 4969/4969 4970/4970 4971/4971
f 4972/4972 4973/4973 4974/4974
f 4975/4975 4192/4192 4976/4976
f 4977/4977 4978/4978 4979/4979
f 4980/4980 4981/4981 4982/4982
f 4983/4983 4984/4984 4985/4985
f 4986/4986 4987/4987 4988/4988
f 4989/4989 4990/4990 4983/4983
f 4991/4991 4979/4979 4992/4992
f 4993/4993 4994/4994 4995/4995
f 4996/4996 4997/4997 4998/4998
f 4999/4999 5000/5000 5001/5001
f 5002/5002 5003/5003 5004/5004
f 5005/5005 5006/5006 5007/5007
f 5008/5008 5009/5009 5010/5010
f 5011/5011 5012/5012 5013/5013
f 5014/5014 5015/5015 5016/5016
f 5017/5017 5018/5018 5019/5019
f 5020/5020 5021/5021 5022/5022
f 5023/5023 5024/5024 5025/5025
f 5026/5026 5027/5027 5028/5028
f 5029/5029 5030/5030 5031/5031
f 5032/5032 5033/5033 5034/5034
f 5035/5035 5036/5036 5037/5037
f 5038/5038 5039/5039 5040/5040
f 5041/5041 5042/5042 4976/4976
f 5043/5043 5044/5044 5045/5045
f 5046/5046 5047/5047 5048/5048
f 5049/5049 5050/5050 5051/5051
f 5052/5052 5053/5053 5054/5054
f 5055/5055 5056/5056 5057/5057
f 5058/5058 5059/5059 5060/5060
f 5061/5061 5062/5062 5063/5063
f 5064/5064 5065/5065 5066/5066
f 5067/5067 5068/5068 5069/5069
f 5070/5070 5071/5071 5072/5072
f 5070/5070 5073/5073 5074/5074
f 5075/5075 5076/5076 5077/5077
f 5078/5078 5079/5079 4962/4962
f 5080/5080 5081/5081 5082/5082
f 5077/5077 5083/5083 5084/5084
f 5085/5085 5086/5086 5087/5087
f 5088/5088 5089/5089 5090/5090
f 5091/5091 4957/4957 5092/5092
f 5093/5093 5094/5094 5095/5095
f 5096/5096 5097/5097 5098/5098
f 5099/5099 5100/5100 5101/5101
f 5102/5102 5103/5103 5104/5104
f 5105/5105 5106/5106 5107/5107
f 5108/5108 5109/5109 5110/5110
f 5111/5111 5112/5112 5113/5113
f 5114/5114 5115/5115 5116/5116
f 5117/5117 5118/5118 5119/5119
f 5120/5120 5121/5121 5122/5122
f 5123/5123 5124/5124 5125/5125
f 5126/5126 5127/5127 5128/5128
f 5129/5129 5130/5130 5131/5131
f 5132/5132 5133/5133 5134/5134
f 5135/5135 5136/5136 5137/5137
f 5138/5138 5139/5139 5140/5140
f 5141/5141 5142/5142 5143/5143
f 5144/5144 5145/5145 5146/5146
f 5147/5147 5148/5148 5149/5149
f 5150/5150 5151/5151 5152/5152
f 5153/5153 5154/5154 5155/5155
f 5156/5156 5157/5157 5158/5158
f 5159/5159 5160/5160 5161/5161
f 5162/5162 5163/5163 5164/5164
f 5165/5165 5166/5166 5167/5167
f 5168/5168 5169/5169 5170/5170
f 5171/5171 5172/5172 5173/5173
f 5174/5174 5175/5175 5176/5176
f 5177/5177 5178/5178 5179/5179
f 5180/5180 5181/5181 5182/5182
f 5183/5183 5184/5184 5185/5185
f 5186/5186 5064/5064 5187/5187
f 5188/5188 5184/5184 5189/5189
f 5190/5190 5191/5191 5192/5192
f 5193/5193 5194/5194 5108/5108
f 5195/5195 5196/5196 5197/5197
f 5198/5198 5199/5199 5200/5200
f 5201/5201 5202/5202 5203/5203
f 5204/5204 5205/5205 5206/5206
f 5207/5207 5208/5208 5209/5209
f 5210/5210 5211/5211 5212/5212
f 5213/5213 5214/5214 4966/4966
f 5215/5215 5216/5216 5217/5217
f 5218/5218 5219/5219 5211/5211
f 5220/5220 5221/5221 5222/5222
f 5223/5223 5224/5224 5225/5225
f 5226/5226 5227/5227 5228/5228
f 5229/5229 5230/5230 5231/5231
f 5232/5232 5233/5233 5234/5234
f 5235/5235 5236/5236 5237/5237
f 5238/5238 5239/5239 5240/5240
f 5241/5241 5019/5019 5242/5242
f 5243/5243 5244/5244 5170/5170
f 5245/5245 5246/5246 5247/5247
f 5248/5248 5249/5249 5250/5250
f 5251/5251 5252/5252 5253/5253
f 5254/5254 5134/5134 5255/5255
f 5256/5256 5257/5257 5258/5258
f 5259/5259 5260/5260 5261/5261
f 5262/5262 5109/5109 5263/5263
f 5264/5264 5265/5265 5266/5266
f 5267/5267 5268/5268 5269/5269
f 5270/5270 5271/5271 5272/5272
f 5273/5273 5274/5274 5178/5178
f 5275/5275 5276/5276 5277/5277
f 5278/5278 5279/5279 5280/5280
f 5281/5281 5282/5282 5283/5283
f 5284/5284 5285/5285 5286/5286
f 5287/5287 5288/5288 5289/5289
f 5290/5290 5291/5291 5292/5292
f 5293/5293 5294/5294 5295/5295
f 5296/5296 4948/4948 5297/5297
f 5298/5298 5299/5299 5300/5300
f 5301/5301 5302/5302 5303/5303
f 5304/5304 5288/5288 5305/5305
f 5306/5306 5307/5307 5308/5308
f 5174/5174 5309/5309 5310/5310
f 5311/5311 5312/5312 5313/5313
f 5314/5314 5315/5315 5316/5316
f 5317/5317 5318/5318 5189/5189
f 5319/5319 5320/5320 5321/5321
f 5322/5322 5323/5323 5189/5189
f 5324/5324 5325/5325 5326/5326
f 5248/5248 5327/5327 5328/5328
f 5329/5329 5330/5330 5331/5331
f 5332/5332 5333/5333 5334/5334
f 5335/5335 5315/5315 5336/5336
f 5337/5337 5338/5338 5339/5339
f 5340/5340 5326/5326 5341/5341
f 5342/5342 5343/5343 5344/5344
f 5345/5345 5346/5346 5347/5347
f 5348/5348 5349/5349 5350/5350
f 5351/5351 5352/5352 5353/5353
f 5256/5256 5354/5354 5355/5355
f 5356/5356 5357/5357 5358/5358
f 5359/5359 5360/5360 5361/5361
f 5362/5362 5363/5363 5151/5151
f 5364/5364 5365/5365 5318/5318
f 5366/5366 5367/5367 5368/5368
f 5369/5369 5370/5370 5371/5371
f 5296/5296 5372/5372 5373/5373
f 5374/5374 5375/5375 5376/5376
f 5377/5377 5378/5378 5379/5379
f 5380/5380 5381/5381 5141/5141
f 5382/5382 5383/5383 5384/5384
f 5385/5385 5386/5386 5387/5387
f 5388/5388 5389/5389 5390/5390
f 5391/5391 5392/5392 5289/5289
f 5332/5332 5334/5334 5393/5393
f 5394/5394 5395/5395 5396/5396
f 5028/5028 5397/5397 5398/5398
f 5367/5367 5399/5399 5368/5368
f 5400/5400 5401/5401 5402/5402
f 5403/5403 5404/5404 5405/5405
f 5406/5406 5407/5407 5408/5408
f 5409/5409 5410/5410 5411/5411
f 5412/5412 5413/5413 5414/5414
f 4987/4987 5415/5415 5416/5416
f 5417/5417 5418/5418 5419/5419
f 5420/5420 5421/5421 5422/5422
f 5423/5423 5424/5424 5425/5425
f 5426/5426 5427/5427 5428/5428
f 5429/5429 5430/5430 5431/5431
f 5432/5432 5433/5433 5434/5434
f 5435/5435 5436/5436 5437/5437
f 5438/5438 5430/5430 5439/5439
f 5440/5440 5441/5441 5442/5442
f 5443/5443 5444/5444 5445/5445
f 5446/5446 5447/5447 5448/5448
f 5449/5449 5096/5096 5450/5450
f 5451/5451 5452/5452 5244/5244
f 5453/5453 5454/5454 5455/5455
f 5456/5456 5457/5457 5458/5458
f 5459/5459 5460/5460 5461/5461
f 5462/5462 5463/5463 5464/5464
f 5460/5460 5465/5465 5014/5014
f 4965/4965 5466/5466 5467/5467
f 5234/5234 5468/5468 5469/5469
f 5470/5470 5471/5471 5472/5472
f 5473/5473 5474/5474 5357/5357
f 5475/5475 5476/5476 5477/5477
f 5478/5478 5479/5479 5480/5480
f 5481/5481 5482/5482 5483/5483
f 5484/5484 5485/5485 5486/5486
f 5487/5487 5488/5488 5489/5489
f 5490/5490 5491/5491 5492/5492
f 5493/5493 5494/5494 4999/4999
f 5495/5495 5140/5140 5496/5496
f 5497/5497 5498/5498 5451/5451
f 5499/5499 5500/5500 5457/5457
f 5501/5501 5502/5502 5503/5503
f 5140/5140 5504/5504 5505/5505
f 5506/5506 5507/5507 5508/5508
f 5509/5509 5510/5510 5511/5511
f 5512/5512 5513/5513 5514/5514
f 5515/5515 5516/5516 5517/5517
f 5518/5518 5519/5519 5520/5520
f 5521/5521 5522/5522 5523/5523
f 5524/5524 4963/4963 5525/5525
f 5526/5526 5527/5527 5125/5125
f 5528/5528 5529/5529 5530/5530
f 5531/5531 5532/5532 5533/5533
f 5096/5096 5534/5534 5535/5535
f 5030/5030 5536/5536 5537/5537
f 5538/5538 5539/5539 5540/5540
f 5138/5138 5541/5541 5542/5542
f 5543/5543 5544/5544 5545/5545
f 5546/5546 5547/5547 5548/5548
f 5549/5549 5550/5550 5551/5551
f 5552/5552 5553/5553 5554/5554
f 5555/5555 5556/5556 5557/5557
f 5558/5558 5524/5524 5559/5559
f 5560/5560 5561/5561 5020/5020
f 5562/5562 5563/5563 5564/5564
f 5565/5565 5095/5095 5566/5566
f 5567/5567 5568/5568 5569/5569
f 5570/5570 5571/5571 5572/5572
f 5573/5573 5574/5574 5575/5575
f 5051/5051 5576/5576 5577/5577
f 5578/5578 5579/5579 5580/5580
f 5581/5581 5046/5046 5582/5582
f 5583/5583 5428/5428 5584/5584
f 5585/5585 5586/5586 5587/5587
f 5258/5258 5588/5588 5109/5109
f 5589/5589 5590/5590 5268/5268
f 5591/5591 5592/5592 5012/5012
f 5004/5004 5593/5593 5594/5594
f 5595/5595 5596/5596 5597/5597
f 5598/5598 5599/5599 5600/5600
f 5601/5601 5602/5602 5603/5603
f 5116/5116 5604/5604 5527/5527
f 5116/5116 5605/5605 5606/5606
f 5105/5105 5607/5607 5608/5608
f 5527/5527 5609/5609 5610/5610
f 5160/5160 5611/5611 5612/5612
f 5613/5613 5614/5614 5615/5615
f 5616/5616 5157/5157 5617/5617
f 5618/5618 5546/5546 5619/5619
f 5620/5620 5082/5082 5360/5360
f 5621/5621 5136/5136 5395/5395
f 5595/5595 5369/5369 5622/5622
f 5623/5623 5624/5624 5625/5625
f 5626/5626 5289/5289 5627/5627
f 5628/5628 5629/5629 5630/5630
f 5631/5631 5632/5632 5633/5633
f 5106/5106 5634/5634 5635/5635
f 5636/5636 5637/5637 5638/5638
f 5618/5618 5548/5548 5475/5475
f 5639/5639 5640/5640 5524/5524
f 5641/5641 5642/5642 5643/5643
f 5644/5644 5645/5645 5646/5646
f 5548/5548 5646/5646 5647/5647
f 5648/5648 5649/5649 5650/5650
f 5651/5651 5652/5652 5653/5653
f 5654/5654 5655/5655 5656/5656
f 5657/5657 5658/5658 5659/5659
f 5660/5660 4999/4999 5145/5145
f 5661/5661 5662/5662 5663/5663
f 5664/5664 5665/5665 5666/5666
f 5667/5667 5668/5668 5669/5669
f 5517/5517 5147/5147 5670/5670
f 5671/5671 5672/5672 5673/5673
f 5674/5674 5675/5675 5676/5676
f 5677/5677 5678/5678 5168/5168
f 5679/5679 5680/5680 5681/5681
f 5682/5682 5683/5683 5684/5684
f 5685/5685 5686/5686 5687/5687
f 5688/5688 5689/5689 5690/5690
f 5691/5691 5692/5692 5693/5693
f 5694/5694 5695/5695 5425/5425
f 5696/5696 5697/5697 5698/5698
f 5699/5699 5700/5700 5701/5701
f 5702/5702 5703/5703 5704/5704
f 5705/5705 5706/5706 5707/5707
f 5704/5704 5708/5708 5709/5709
f 5710/5710 5711/5711 5118/5118
f 5164/5164 5712/5712 5713/5713
f 5714/5714 5715/5715 5716/5716
f 5717/5717 5718/5718 5719/5719
f 5720/5720 5721/5721 5722/5722
f 5463/5463 5723/5723 5724/5724
f 5688/5688 5725/5725 5726/5726
f 5727/5727 5728/5728 5729/5729
f 5730/5730 5464/5464 5731/5731
f 5732/5732 5524/5524 5733/5733
f 5734/5734 5735/5735 5736/5736
f 5737/5737 5738/5738 5739/5739
f 5740/5740 5741/5741 5742/5742
f 5713/5713 5743/5743 5744/5744
f 5745/5745 5746/5746 5747/5747
f 5748/5748 5749/5749 5750/5750
f 5751/5751 5752/5752 5118/5118
f 5753/5753 5754/5754 5755/5755
f 5756/5756 5757/5757 5758/5758
f 5759/5759 5760/5760 5761/5761
f 5762/5762 5763/5763 5764/5764
f 5474/5474 5765/5765 5766/5766
f 5767/5767 5252/5252 5768/5768
f 5769/5769 5770/5770 5771/5771
f 4948/4948 4950/4950 5772/5772
f 5773/5773 5774/5774 5775/5775
f 5578/5578 5776/5776 5777/5777
f 5778/5778 5779/5779 5780/5780
f 5033/5033 5781/5781 5782/5782
f 5542/5542 5783/5783 5784/5784
f 5785/5785 5786/5786 5787/5787
f 5788/5788 5789/5789 5790/5790
f 5167/5167 5791/5791 5792/5792
f 5793/5793 5794/5794 5795/5795
f 5796/5796 5797/5797 5654/5654
f 5798/5798 5799/5799 5800/5800
f 5801/5801 5802/5802 5803/5803
f 5109/5109 5804/5804 5241/5241
f 5805/5805 5806/5806 5807/5807
f 5808/5808 5809/5809 5810/5810
f 5811/5811 5812/5812 5813/5813
f 5814/5814 5815/5815 5268/5268
f 5816/5816 5817/5817 5818/5818
f 5819/5819 5820/5820 5821/5821
f 5822/5822 5823/5823 5824/5824
f 5825/5825 5826/5826 5827/5827
f 5824/5824 5828/5828 5829/5829
f 5830/5830 5533/5533 5831/5831
f 5832/5832 5833/5833 5834/5834
f 5835/5835 5836/5836 5837/5837
f 5838/5838 5839/5839 5840/5840
f 5841/5841 5842/5842 5843/5843
f 5844/5844 5845/5845 5846/5846
f 5847/5847 5848/5848 5849/5849
f 5850/5850 5851/5851 5852/5852
f 5853/5853 5854/5854 5615/5615
f 5821/5821 5855/5855 5856/5856
f 5857/5857 5200/5200 5858/5858
f 5859/5859 5860/5860 5861/5861
f 5862/5862 5863/5863 5864/5864
f 5865/5865 5866/5866 5867/5867
f 5868/5868 5869/5869 5870/5870
f 5866/5866 5019/5019 4967/4967
f 5871/5871 5872/5872 5873/5873
f 5874/5874 5875/5875 5876/5876
f 5877/5877 5878/5878 5879/5879
f 5880/5880 5881/5881 5882/5882
f 5883/5883 5884/5884 5885/5885
f 5886/5886 5580/5580 5887/5887
f 5888/5888 5889/5889 5890/5890
f 5891/5891 5892/5892 5893/5893
f 5894/5894 5895/5895 5896/5896
f 5897/5897 5898/5898 5899/5899
f 5900/5900 5901/5901 5902/5902
f 5903/5903 5904/5904 5905/5905
f 5906/5906 5907/5907 5908/5908
f 5909/5909 5910/5910 5911/5911
f 5912/5912 5913/5913 5914/5914
f 5915/5915 5916/5916 5917/5917
f 5121/5121 5918/5918 5919/5919
f 5920/5920 5921/5921 5922/5922
f 5923/5923 5924/5924 5925/5925
f 5926/5926 5927/5927 5928/5928
f 5929/5929 5930/5930 5931/5931
f 5932/5932 5933/5933 5934/5934
f 5935/5935 5936/5936 5937/5937
f 5938/5938 5939/5939 5940/5940
f 5941/5941 5942/5942 5469/5469
f 5943/5943 5944/5944 5945/5945
f 5946/5946 5938/5938 5947/5947
f 5948/5948 5949/5949 5950/5950
f 5951/5951 5952/5952 5953/5953
f 5954/5954 5955/5955 5956/5956
f 5957/5957 5958/5958 5959/5959
f 5960/5960 5961/5961 5962/5962
f 5963/5963 5964/5964 5965/5965
f 5966/5966 5967/5967 5968/5968
f 5969/5969 5970/5970 5971/5971
f 5972/5972 5973/5973 5974/5974
f 5975/5975 5976/5976 5977/5977
f 5937/5937 5978/5978 5979/5979
f 5980/5980 5981/5981 5982/5982
f 5983/5983 5984/5984 5985/5985
f 5986/5986 5987/5987 5988/5988
f 5989/5989 5990/5990 5991/5991
f 5992/5992 5993/5993 5994/5994
f 5995/5995 5996/5996 5997/5997
f 5998/5998 5999/5999 6000/6000
f 6001/6001 6002/6002 6003/6003
f 6004/6004 6005/6005 6006/6006
f 6007/6007 6008/6008 6009/6009
f 6010/6010 6011/6011 6012/6012
f 6013/6013 6014/6014 6015/6015
f 6016/6016 6017/6017 6018/6018
f 6019/6019 6020/6020 6021/6021
f 6022/6022 6023/6023 6020/6020
f 6024/6024 6025/6025 6026/6026
f 6027/6027 6028/6028 6029/6029
f 6030/6030 5937/5937 6031/6031
f 6032/6032 6033/6033 6034/6034
f 6035/6035 6036/6036 6037/6037
f 6038/6038 6039/6039 6040/6040
f 6041/6041 6042/6042 6043/6043
f 6044/6044 6045/6045 6046/6046
f 6047/6047 6048/6048 6049/6049
f 6050/6050 6051/6051 6052/6052
f 6053/6053 6054/6054 6055/6055
f 6056/6056 6057/6057 6058/6058
f 6059/6059 6060/6060 6061/6061
f 6062/6062 6063/6063 6064/6064
f 6065/6065 6066/6066 6067/6067
f 6068/6068 6069/6069 6070/6070
f 6071/6071 6072/6072 6073/6073
f 6074/6074 6075/6075 6076/6076
f 6077/6077 5953/5953 6078/6078
f 6079/6079 6080/6080 6081/6081
f 6082/6082 6083/6083 6084/6084
f 6085/6085 6086/6086 6087/6087
f 6088/6088 6089/6089 6090/6090
f 6091/6091 6092/6092 6093/6093
f 6094/6094 6095/6095 6096/6096
f 6097/6097 6098/6098 6099/6099
f 6100/6100 6101/6101 6102/6102
f 6103/6103 6104/6104 6105/6105
f 5716/5716 6106/6106 6107/6107
f 6108/6108 6056/6056 6109/6109
f 6110/6110 6111/6111 6112/6112
f 6113/6113 6114/6114 6115/6115
f 6116/6116 6117/6117 6118/6118
f 6119/6119 6120/6120 6121/6121
f 6122/6122 6123/6123 6124/6124
f 6125/6125 6126/6126 6127/6127
f 6128/6128 6129/6129 6130/6130
f 6131/6131 6132/6132 6133/6133
f 6134/6134 6135/6135 6136/6136
f 6137/6137 6138/6138 6139/6139
f 6140/6140 6141/6141 6142/6142
f 6143/6143 6144/6144 6145/6145
f 6146/6146 5697/5697 5945/5945
f 5978/5978 6147/6147 6148/6148
f 6149/6149 6150/6150 6151/6151
f 6152/6152 6149/6149 6153/6153
f 6154/6154 6155/6155 6156/6156
f 6153/6153 6157/6157 5979/5979
f 6158/6158 6159/6159 6160/6160
f 6161/6161 6162/6162 6163/6163
f 6164/6164 6165/6165 6166/6166
f 6167/6167 6168/6168 6169/6169
f 6170/6170 6171/6171 6172/6172
f 6173/6173 6174/6174 6175/6175
f 6176/6176 6177/6177 6178/6178
f 6179/6179 6180/6180 6181/6181
f 6182/6182 6183/6183 6184/6184
f 6185/6185 6186/6186 6187/6187
f 6188/6188 6189/6189 6090/6090
f 5942/5942 5937/5937 6190/6190
f 6191/6191 6192/6192 6193/6193
f 6194/6194 6195/6195 6196/6196
f 6197/6197 6043/6043 6198/6198
f 6199/6199 6200/6200 6201/6201
f 6202/6202 6203/6203 6204/6204
f 6205/6205 6206/6206 6207/6207
f 6208/6208 6209/6209 6210/6210
f 6211/6211 6212/6212 6213/6213
f 6214/6214 6215/6215 6216/6216
f 6217/6217 6218/6218 6219/6219
f 6220/6220 6221/6221 6222/6222
f 6223/6223 6224/6224 6225/6225
f 6226/6226 6227/6227 6228/6228
f 6229/6229 6230/6230 6231/6231
f 6232/6232 6233/6233 6234/6234
f 6235/6235 6236/6236 6237/6237
f 6238/6238 6239/6239 6240/6240
f 6241/6241 6242/6242 6243/6243
f 6244/6244 6245/6245 6246/6246
f 6247/6247 6248/6248 6249/6249
f 6250/6250 6251/6251 6252/6252
f 6253/6253 6254/6254 6249/6249
f 6255/6255 6256/6256 6257/6257
f 6258/6258 6087/6087 6259/6259
f 6260/6260 6261/6261 6262/6262
f 6263/6263 6264/6264 6265/6265
f 6266/6266 6254/6254 6267/6267
f 6268/6268 6269/6269 6270/6270
f 6271/6271 6272/6272 6273/6273
f 5510/5510 6274/6274 6275/6275
f 6276/6276 6277/6277 6081/6081
f 6278/6278 6279/6279 6280/6280
f 6100/6100 6281/6281 6282/6282
f 6205/6205 6283/6283 6284/6284
f 6285/6285 6286/6286 6287/6287
f 6288/6288 6289/6289 6290/6290
f 6291/6291 6292/6292 6293/6293
f 6294/6294 6295/6295 6296/6296
f 6297/6297 6298/6298 6299/6299
f 6300/6300 6301/6301 6302/6302
f 6303/6303 6304/6304 6305/6305
f 5653/5653 6306/6306 6307/6307
f 6308/6308 6309/6309 6310/6310
f 6311/6311 6086/6086 6312/6312
f 6313/6313 6314/6314 6315/6315
f 6316/6316 6317/6317 6176/6176
f 6318/6318 6319/6319 6320/6320
f 6321/6321 6322/6322 6323/6323
f 6324/6324 6325/6325 6326/6326
f 6327/6327 6328/6328 6329/6329
f 6036/6036 6330/6330 6331/6331
f 6332/6332 6333/6333 6334/6334
f 6335/6335 6336/6336 6337/6337
f 6338/6338 6339/6339 6340/6340
f 6088/6088 6341/6341 6342/6342
f 6343/6343 6344/6344 6345/6345
f 6346/6346 6347/6347 6348/6348
f 6349/6349 6350/6350 6351/6351
f 6352/6352 6353/6353 6224/6224
f 6354/6354 6240/6240 6355/6355
f 6356/6356 6357/6357 6358/6358
f 6359/6359 6360/6360 6361/6361
f 6274/6274 6288/6288 6362/6362
f 6363/6363 6364/6364 6365/6365
f 6366/6366 6367/6367 6368/6368
f 6369/6369 6370/6370 6371/6371
f 6372/6372 5956/5956 6373/6373
f 6369/6369 6374/6374 6375/6375
f 6376/6376 6377/6377 6378/6378
f 6379/6379 6380/6380 6381/6381
f 6151/6151 6378/6378 6382/6382
f 6383/6383 6384/6384 6385/6385
f 6386/6386 6387/6387 6388/6388
f 6389/6389 6390/6390 6391/6391
f 6392/6392 6393/6393 6394/6394
f 6395/6395 6396/6396 6397/6397
f 6398/6398 6013/6013 6399/6399
f 6400/6400 6401/6401 6402/6402
f 6056/6056 6403/6403 6094/6094
f 6404/6404 6405/6405 6406/6406
f 5949/5949 6407/6407 6408/6408
f 6409/6409 6410/6410 6411/6411
f 6053/6053 6177/6177 6412/6412
f 6413/6413 6094/6094 6017/6017
f 6146/6146 6414/6414 5766/5766
f 6415/6415 6416/6416 6417/6417
f 6418/6418 6419/6419 6332/6332
f 6420/6420 6421/6421 6262/6262
f 6210/6210 6422/6422 6423/6423
f 6424/6424 6425/6425 6426/6426
f 6427/6427 6086/6086 6428/6428
f 6429/6429 6430/6430 6431/6431
f 6432/6432 6134/6134 6433/6433
f 6434/6434 6435/6435 6436/6436
f 6437/6437 6424/6424 6438/6438
f 6439/6439 6440/6440 6441/6441
f 6442/6442 6123/6123 6443/6443
f 6444/6444 6445/6445 6446/6446
f 5954/5954 6447/6447 6448/6448
f 6232/6232 6449/6449 6450/6450
f 6451/6451 6452/6452 6453/6453
f 6454/6454 6455/6455 6456/6456
f 6457/6457 6458/6458 6459/6459
f 6131/6131 6442/6442 6191/6191
f 6460/6460 6461/6461 6462/6462
f 6361/6361 6360/6360 6463/6463
f 6464/6464 6465/6465 6466/6466
f 6467/6467 6151/6151 6148/6148
f 6468/6468 6469/6469 6470/6470
f 6471/6471 6472/6472 6473/6473
f 6474/6474 6475/6475 6476/6476
f 6477/6477 6003/6003 6478/6478
f 6479/6479 6480/6480 6481/6481
f 6482/6482 6483/6483 6317/6317
f 6484/6484 6485/6485 6236/6236
f 6024/6024 6486/6486 5983/5983
f 6487/6487 6488/6488 6467/6467
f 6489/6489 6490/6490 6491/6491
f 5709/5709 6492/6492 6493/6493
f 6494/6494 6301/6301 6495/6495
f 5653/5653 6496/6496 5837/5837
f 6497/6497 6413/6413 6498/6498
f 6499/6499 6500/6500 6501/6501
f 6502/6502 6503/6503 6504/6504
f 6505/6505 6012/6012 6506/6506
f 6507/6507 6508/6508 6509/6509
f 6510/6510 6511/6511 6512/6512
f 6513/6513 6280/6280 6514/6514
f 6515/6515 6516/6516 6517/6517
f 6518/6518 6519/6519 6220/6220
f 6520/6520 6218/6218 6521/6521
f 6522/6522 5973/5973 6192/6192
f 6523/6523 6524/6524 6525/6525
f 6526/6526 6527/6527 6528/6528
f 6529/6529 6530/6530 6531/6531
f 6532/6532 5650/5650 6533/6533
f 6534/6534 6535/6535 5650/5650
f 6536/6536 6537/6537 6538/6538
f 6539/6539 6540/6540 6541/6541
f 6542/6542 6532/6532 6543/6543
f 6544/6544 6545/6545 6538/6538
f 6546/6546 6547/6547 6548/6548
f 6549/6549 6550/6550 6551/6551
f 6552/6552 6553/6553 6554/6554
f 5650/5650 6555/6555 6556/6556
f 6557/6557 6558/6558 6559/6559
f 6234/6234 6560/6560 6444/6444
f 6561/6561 6562/6562 6563/6563
f 6453/6453 6564/6564 6565/6565
f 6155/6155 6566/6566 6567/6567
f 6568/6568 6569/6569 6570/6570
f 6571/6571 6507/6507 6572/6572
f 6573/6573 6574/6574 6575/6575
f 6576/6576 6577/6577 6578/6578
f 6579/6579 6580/6580 6581/6581
f 6582/6582 6583/6583 6584/6584
f 6585/6585 6569/6569 6586/6586
f 6587/6587 6588/6588 6589/6589
f 6590/6590 6591/6591 6592/6592
f 6593/6593 6594/6594 6595/6595
f 6596/6596 6597/6597 6598/6598
f 6599/6599 6600/6600 6601/6601
f 6602/6602 6603/6603 6604/6604
f 6605/6605 6606/6606 6607/6607
f 6608/6608 6609/6609 6610/6610
f 6611/6611 6612/6612 6613/6613
f 6614/6614 6615/6615 6616/6616
f 6617/6617 6618/6618 6619/6619
f 6620/6620 6618/6618 6621/6621
f 6622/6622 6623/6623 6624/6624
f 6625/6625 6626/6626 6627/6627
f 6628/6628 6629/6629 6630/6630
f 6631/6631 6620/6620 6632/6632
f 6633/6633 6634/6634 6635/6635
f 6636/6636 4886/4886 6637/6637
f 6638/6638 6639/6639 6640/6640
f 6641/6641 6642/6642 6643/6643
f 6644/6644 6645/6645 6646/6646
f 6647/6647 6648/6648 6644/6644
f 6649/6649 6650/6650 6651/6651
f 6652/6652 6653/6653 6654/6654
f 6655/6655 6619/6619 6656/6656
f 6657/6657 6658/6658 6659/6659
f 6660/6660 6661/6661 6662/6662
f 6663/6663 6664/6664 6665/6665
f 6652/6652 6666/6666 6667/6667
f 6668/6668 6669/6669 6670/6670
f 6664/6664 6671/6671 6672/6672
f 6673/6673 6674/6674 6675/6675
f 6676/6676 6677/6677 6542/6542
f 6678/6678 6679/6679 6680/6680
f 6681/6681 6682/6682 6683/6683
f 6684/6684 6685/6685 6686/6686
f 6687/6687 6688/6688 6689/6689
f 6690/6690 6691/6691 6692/6692
f 6693/6693 6694/6694 6695/6695
f 6696/6696 6697/6697 6698/6698
f 6699/6699 6700/6700 6701/6701
f 6702/6702 6703/6703 6704/6704
f 6591/6591 6586/6586 6705/6705
f 6706/6706 6707/6707 6646/6646
f 6708/6708 6709/6709 6710/6710
f 6711/6711 6712/6712 6713/6713
f 6714/6714 6715/6715 6716/6716
f 6717/6717 6718/6718 6719/6719
f 6720/6720 6721/6721 6722/6722
f 6723/6723 6724/6724 6725/6725
f 6726/6726 6727/6727 6728/6728
f 6729/6729 6730/6730 6731/6731
f 6732/6732 6733/6733 6734/6734
f 6735/6735 6736/6736 6737/6737
f 6738/6738 6739/6739 6740/6740
f 6741/6741 6742/6742 6743/6743
f 6744/6744 6741/6741 6745/6745
f 6746/6746 6747/6747 6748/6748
f 6749/6749 6750/6750 6751/6751
f 6752/6752 6753/6753 6754/6754
f 6755/6755 6756/6756 6757/6757
f 6658/6658 6758/6758 6759/6759
f 6690/6690 6760/6760 6761/6761
f 6762/6762 6763/6763 6764/6764
f 6765/6765 6766/6766 6767/6767
f 6768/6768 6769/6769 6588/6588
f 6770/6770 6771/6771 6772/6772
f 6773/6773 6774/6774 6775/6775
f 6740/6740 6776/6776 6777/6777
f 6778/6778 6779/6779 6780/6780
f 6781/6781 6782/6782 6783/6783
f 6784/6784 6785/6785 6786/6786
f 6787/6787 6788/6788 6789/6789
f 6790/6790 6791/6791 6792/6792
f 6793/6793 6794/6794 6795/6795
f 6796/6796 6797/6797 6798/6798
f 6799/6799 6800/6800 6801/6801
f 6802/6802 6803/6803 6804/6804
f 6805/6805 6806/6806 6664/6664
f 6807/6807 6808/6808 6809/6809
f 6804/6804 6665/6665 6810/6810
f 6811/6811 6812/6812 6813/6813
f 6814/6814 6815/6815 6816/6816
f 6817/6817 6818/6818 6664/6664
f 6819/6819 6820/6820 6821/6821
f 6822/6822 6823/6823 6824/6824
f 6825/6825 6826/6826 6827/6827
f 6826/6826 6828/6828 6829/6829
f 6830/6830 6831/6831 6832/6832
f 6833/6833 6834/6834 6835/6835
f 6836/6836 6837/6837 6838/6838
f 6839/6839 6840/6840 6841/6841
f 6842/6842 6843/6843 6844/6844
f 6845/6845 6846/6846 6847/6847
f 6848/6848 6849/6849 6850/6850
f 6851/6851 6852/6852 6853/6853
f 6854/6854 6855/6855 6856/6856
f 6827/6827 6857/6857 6858/6858
f 6854/6854 6859/6859 6860/6860
f 6861/6861 6862/6862 6863/6863
f 6864/6864 6865/6865 6866/6866
f 6867/6867 6727/6727 6779/6779
f 6868/6868 6869/6869 6844/6844
f 6870/6870 6871/6871 6872/6872
f 6873/6873 6874/6874 6743/6743
f 6875/6875 6759/6759 6740/6740
f 6876/6876 6580/6580 6877/6877
f 6878/6878 6879/6879 6880/6880
f 6881/6881 6882/6882 6883/6883
f 6884/6884 6885/6885 6886/6886
f 6887/6887 6888/6888 6889/6889
f 6890/6890 6891/6891 6892/6892
f 6893/6893 6894/6894 6895/6895
f 6896/6896 6897/6897 6898/6898
f 6760/6760 6899/6899 6900/6900
f 6901/6901 6900/6900 6736/6736
f 6902/6902 6903/6903 6904/6904
f 6905/6905 6906/6906 6907/6907
f 6908/6908 6909/6909 6910/6910
f 6911/6911 6912/6912 6913/6913
f 6914/6914 6915/6915 6916/6916
f 6917/6917 6918/6918 6919/6919
f 6920/6920 6921/6921 6922/6922
f 6923/6923 6924/6924 6925/6925
f 6926/6926 6927/6927 6928/6928
f 6929/6929 6930/6930 6931/6931
f 6932/6932 6933/6933 6934/6934
f 6935/6935 6936/6936 6937/6937
f 6938/6938 6939/6939 6940/6940
f 6941/6941 6942/6942 6943/6943
f 6944/6944 6945/6945 6946/6946
f 6947/6947 6948/6948 6949/6949
f 6948/6948 6950/6950 6951/6951
f 6952/6952 6953/6953 6954/6954
f 6955/6955 6956/6956 6957/6957
f 6958/6958 6959/6959 6960/6960
f 6961/6961 6956/6956 6962/6962
f 6963/6963 6964/6964 6965/6965
f 6966/6966 6967/6967 6968/6968
f 6969/6969 6970/6970 6904/6904
f 6971/6971 6972/6972 6973/6973
f 6974/6974 6975/6975 6976/6976
f 6977/6977 6978/6978 6979/6979
f 6980/6980 6915/6915 6981/6981
f 6982/6982 6955/6955 6917/6917
f 6983/6983 6979/6979 6984/6984
f 6985/6985 6986/6986 6987/6987
f 6988/6988 6989/6989 6990/6990
f 6991/6991 6992/6992 6993/6993
f 6994/6994 6995/6995 6996/6996
f 6997/6997 6998/6998 6999/6999
f 7000/7000 7001/7001 7002/7002
f 7003/7003 7001/7001 7004/7004
f 7005/7005 7006/7006 7007/7007
f 7008/7008 7009/7009 7010/7010
f 6910/6910 7011/7011 7012/7012
f 7013/7013 7014/7014 7015/7015
f 7016/7016 7017/7017 7018/7018
f 7019/7019 7020/7020 7021/7021
f 7022/7022 7023/7023 7024/7024
f 7025/7025 7026/7026 7027/7027
f 7028/7028 7029/7029 7030/7030
f 7031/7031 7032/7032 7033/7033
f 7034/7034 7035/7035 7036/7036
f 7037/7037 7038/7038 7039/7039
f 7040/7040 7041/7041 7042/7042
f 7043/7043 7044/7044 7045/7045
f 7046/7046 7047/7047 7048/7048
f 7049/7049 7050/7050 7051/7051
f 7052/7052 7022/7022 7053/7053
f 7054/7054 7055/7055 7056/7056
f 7057/7057 7058/7058 7059/7059
f 7060/7060 7061/7061 7062/7062
f 7063/7063 7064/7064 7065/7065
f 7066/7066 7067/7067 7068/7068
f 7069/7069 7070/7070 7071/7071
f 7072/7072 7073/7073 7074/7074
f 7075/7075 7076/7076 7077/7077
f 7078/7078 7079/7079 7080/7080
f 7081/7081 7082/7082 7083/7083
f 7084/7084 7085/7085 7086/7086
f 7087/7087 7088/7088 7089/7089
f 7090/7090 7091/7091 7092/7092
f 7093/7093 7091/7091 7094/7094
f 7095/7095 7096/7096 7097/7097
f 7098/7098 7095/7095 7099/7099
f 7100/7100 7101/7101 7102/7102
f 7103/7103 7104/7104 7105/7105
f 7106/7106 7107/7107 7108/7108
f 7109/7109 7110/7110 7111/7111
f 7112/7112 7113/7113 7114/7114
f 7115/7115 7116/7116 7117/7117
f 7118/7118 7119/7119 7120/7120
f 7121/7121 7122/7122 7123/7123
f 7124/7124 7125/7125 7126/7126
f 7127/7127 7128/7128 7129/7129
f 7130/7130 7128/7128 7131/7131
f 7132/7132 7133/7133 7134/7134
f 7135/7135 7136/7136 7137/7137
f 7129/7129 7138/7138 7139/7139
f 7140/7140 7141/7141 7142/7142
f 7143/7143 7144/7144 7145/7145
f 7146/7146 7147/7147 7148/7148
f 7149/7149 7150/7150 7151/7151
f 7152/7152 7153/7153 7154/7154
f 7155/7155 7156/7156 7157/7157
f 7158/7158 7159/7159 7160/7160
f 7161/7161 7144/7144 7162/7162
f 7163/7163 7164/7164 7160/7160
f 7165/7165 7166/7166 7167/7167
f 7167/7167 7168/7168 7169/7169
f 7170/7170 7171/7171 7172/7172
f 7173/7173 7174/7174 7175/7175
f 7176/7176 7177/7177 7178/7178
f 7179/7179 7180/7180 7181/7181
f 7182/7182 7183/7183 7184/7184
f 7185/7185 7186/7186 7187/7187
f 7188/7188 7189/7189 7190/7190
f 7191/7191 7192/7192 7193/7193
f 7194/7194 7195/7195 7196/7196
f 7197/7197 7198/7198 7199/7199
f 7200/7200 7201/7201 7184/7184
f 7202/7202 7203/7203 7204/7204
f 7205/7205 7206/7206 7207/7207
f 7208/7208 7209/7209 7210/7210
f 7211/7211 7212/7212 7213/7213
f 7214/7214 7215/7215 7216/7216
f 7217/7217 7218/7218 7219/7219
f 7220/7220 7221/7221 7222/7222
f 7223/7223 7224/7224 7225/7225
f 7226/7226 7227/7227 7228/7228
f 7229/7229 7230/7230 7231/7231
f 7232/7232 7233/7233 7234/7234
f 7235/7235 7236/7236 7237/7237
f 7238/7238 7239/7239 7240/7240
f 7241/7241 7242/7242 7149/7149
f 7243/7243 7244/7244 7245/7245
f 7246/7246 7247/7247 7248/7248
f 7249/7249 7250/7250 7251/7251
f 7252/7252 7253/7253 7254/7254
f 7255/7255 7256/7256 7257/7257
f 7258/7258 7259/7259 7260/7260
f 7261/7261 7262/7262 7263/7263
f 7264/7264 7265/7265 7266/7266
f 7267/7267 7268/7268 7269/7269
f 7270/7270 7271/7271 7272/7272
f 7078/7078 7273/7273 7274/7274
f 7275/7275 7276/7276 7277/7277
f 7278/7278 7279/7279 7280/7280
f 7281/7281 7282/7282 7283/7283
f 7284/7284 7285/7285 7286/7286
f 7287/7287 7288/7288 7289/7289
f 7290/7290 7291/7291 7292/7292
f 7293/7293 7294/7294 7295/7295
f 7296/7296 7297/7297 7298/7298
f 7299/7299 7300/7300 7301/7301
f 7302/7302 7303/7303 7304/7304
f 7305/7305 7306/7306 7307/7307
f 7308/7308 7221/7221 7309/7309
f 7310/7310 7311/7311 7312/7312
f 7313/7313 7314/7314 7315/7315
f 7316/7316 7317/7317 7318/7318
f 7319/7319 7320/7320 7321/7321
f 7322/7322 7323/7323 7324/7324
f 7325/7325 7326/7326 7327/7327
f 7328/7328 7329/7329 7330/7330
f 7331/7331 7332/7332 7333/7333
f 7334/7334 7335/7335 7336/7336
f 7337/7337 7338/7338 7339/7339
f 7340/7340 7341/7341 7342/7342
f 7343/7343 7344/7344 7345/7345
f 7346/7346 7347/7347 7348/7348
f 7349/7349 7350/7350 7351/7351
f 7352/7352 7353/7353 7186/7186
f 7354/7354 7355/7355 7356/7356
f 7357/7357 7358/7358 7346/7346
f 7359/7359 7360/7360 7361/7361
f 7362/7362 7363/7363 7364/7364
f 7365/7365 7366/7366 7367/7367
f 7368/7368 7369/7369 7370/7370
f 7371/7371 7372/7372 7373/7373
f 7374/7374 7375/7375 7376/7376
f 7377/7377 7378/7378 7379/7379
f 7380/7380 7381/7381 7382/7382
f 7383/7383 7384/7384 7385/7385
f 7386/7386 7387/7387 7388/7388
f 7389/7389 7390/7390 7391/7391
f 7392/7392 7393/7393 7394/7394
f 7395/7395 7396/7396 7397/7397
f 7398/7398 7399/7399 7400/7400
f 7401/7401 7402/7402 7403/7403
f 7404/7404 7405/7405 7406/7406
f 7407/7407 7408/7408 7399/7399
f 7409/7409 7410/7410 7411/7411
f 7412/7412 7413/7413 7414/7414
f 7415/7415 7416/7416 7417/7417
f 7418/7418 7419/7419 7420/7420
f 7421/7421 7422/7422 7423/7423
f 7424/7424 7425/7425 7426/7426
f 7427/7427 7428/7428 7429/7429
f 7430/7430 7070/7070 7431/7431
f 7432/7432 7433/7433 7434/7434
f 7435/7435 7436/7436 7437/7437
f 7438/7438 7439/7439 7440/7440
f 7441/7441 7442/7442 7443/7443
f 7444/7444 7445/7445 7446/7446
f 7447/7447 7448/7448 7449/7449
f 7450/7450 7451/7451 7452/7452
f 7453/7453 7454/7454 7455/7455
f 7456/7456 7457/7457 7458/7458
f 7459/7459 7460/7460 7461/7461
f 7250/7250 7462/7462 7463/7463
f 7087/7087 7464/7464 7465/7465
f 7466/7466 7467/7467 7468/7468
f 7469/7469 7470/7470 7471/7471
f 7472/7472 7473/7473 7474/7474
f 7475/7475 7476/7476 7399/7399
f 7477/7477 7478/7478 7373/7373
f 7479/7479 7480/7480 7481/7481
f 7482/7482 7483/7483 7484/7484
f 7485/7485 7486/7486 7487/7487
f 7218/7218 7488/7488 7489/7489
f 7490/7490 7491/7491 7492/7492
f 7493/7493 7494/7494 7495/7495
f 7496/7496 7497/7497 7498/7498
f 7499/7499 7336/7336 7500/7500
f 7501/7501 7502/7502 7503/7503
f 7504/7504 7505/7505 7506/7506
f 7507/7507 7508/7508 7509/7509
f 7510/7510 7327/7327 7511/7511
f 7512/7512 7513/7513 7514/7514
f 7515/7515 7516/7516 7346/7346
f 7517/7517 7518/7518 7519/7519
f 7520/7520 7521/7521 7522/7522
f 7523/7523 7524/7524 7525/7525
f 7526/7526 7527/7527 7528/7528
f 7529/7529 7211/7211 7117/7117
f 7530/7530 7230/7230 7360/7360
f 7112/7112 7479/7479 7531/7531
f 7532/7532 7533/7533 7534/7534
f 7535/7535 7536/7536 7537/7537
f 7538/7538 7539/7539 7540/7540
f 7541/7541 7542/7542 7543/7543
f 7203/7203 7544/7544 7545/7545
f 7546/7546 7547/7547 7548/7548
f 7549/7549 7550/7550 7551/7551
f 7552/7552 7553/7553 7554/7554
f 7555/7555 7556/7556 7557/7557
f 7558/7558 7559/7559 7560/7560
f 7561/7561 7562/7562 7563/7563
f 7564/7564 7565/7565 7566/7566
f 7567/7567 7568/7568 7569/7569
f 7570/7570 7571/7571 7572/7572
f 7573/7573 7574/7574 7575/7575
f 7576/7576 7577/7577 7578/7578
f 7579/7579 7580/7580 7581/7581
f 7582/7582 7583/7583 7265/7265
f 7584/7584 7585/7585 7586/7586
f 7587/7587 7588/7588 7589/7589
f 7590/7590 7591/7591 7592/7592
f 7189/7189 7593/7593 7201/7201
f 7474/7474 7594/7594 7595/7595
f 7596/7596 7597/7597 7598/7598
f 7204/7204 7599/7599 7600/7600
f 7601/7601 7602/7602 7603/7603
f 7209/7209 7604/7604 7605/7605
f 7606/7606 7607/7607 7608/7608
f 7609/7609 7610/7610 7611/7611
f 7612/7612 7613/7613 7614/7614
f 7615/7615 7616/7616 7617/7617
f 7618/7618 7619/7619 7620/7620
f 7621/7621 7622/7622 7623/7623
f 7624/7624 7625/7625 7626/7626
f 7627/7627 7628/7628 7485/7485
f 7217/7217 7629/7629 7630/7630
f 7631/7631 7632/7632 7633/7633
f 7634/7634 7635/7635 7636/7636
f 7637/7637 7638/7638 7639/7639
f 7640/7640 7641/7641 7642/7642
f 7643/7643 7644/7644 7493/7493
f 7645/7645 7646/7646 7647/7647
f 7648/7648 7649/7649 7650/7650
f 7651/7651 7652/7652 7653/7653
f 7285/7285 7654/7654 7655/7655
f 7656/7656 7347/7347 7657/7657
f 7658/7658 7659/7659 7660/7660
f 7661/7661 7662/7662 7663/7663
f 7664/7664 7665/7665 7666/7666
f 7113/7113 7279/7279 7667/7667
f 7668/7668 7669/7669 7643/7643
f 7670/7670 7671/7671 7672/7672
f 7673/7673 7674/7674 7675/7675
f 7676/7676 7294/7294 7677/7677
f 7678/7678 7679/7679 7680/7680
f 7681/7681 7682/7682 7683/7683
f 7677/7677 7684/7684 7685/7685
f 7686/7686 7687/7687 7688/7688
f 7689/7689 7690/7690 7691/7691
f 7692/7692 7693/7693 7694/7694
f 7695/7695 7696/7696 7346/7346
f 7697/7697 7698/7698 7699/7699
f 7338/7338 7700/7700 7701/7701
f 7702/7702 7703/7703 7704/7704
f 7705/7705 7706/7706 7707/7707
f 7708/7708 7709/7709 7215/7215
f 7710/7710 7557/7557 7711/7711
f 7712/7712 7713/7713 7714/7714
f 7715/7715 7716/7716 7717/7717
f 7718/7718 7719/7719 7720/7720
f 7721/7721 7722/7722 7584/7584
f 7351/7351 7723/7723 7724/7724
f 7725/7725 7726/7726 7727/7727
f 7728/7728 7729/7729 7730/7730
f 7731/7731 7732/7732 7728/7728
f 7733/7733 7734/7734 7735/7735
f 7736/7736 7737/7737 7738/7738
f 7739/7739 7740/7740 7741/7741
f 7742/7742 7743/7743 7744/7744
f 7745/7745 7746/7746 7747/7747
f 7748/7748 7749/7749 7750/7750
f 7751/7751 7752/7752 7746/7746
f 7753/7753 7754/7754 7755/7755
f 7756/7756 7757/7757 7758/7758
f 7759/7759 7760/7760 7761/7761
f 7762/7762 7763/7763 7764/7764
f 7765/7765 7766/7766 7767/7767
f 7768/7768 7769/7769 7770/7770
f 7771/7771 7772/7772 7773/7773
f 7774/7774 7775/7775 7776/7776
f 7777/7777 7778/7778 7779/7779
f 7780/7780 7781/7781 7782/7782
f 7783/7783 7784/7784 7785/7785
f 7786/7786 7787/7787 7788/7788
f 7789/7789 7790/7790 7791/7791
f 7792/7792 7793/7793 7749/7749
f 7794/7794 7795/7795 7796/7796
f 7797/7797 7798/7798 7799/7799
f 7800/7800 7801/7801 7802/7802
f 7803/7803 7804/7804 7805/7805
f 7806/7806 7807/7807 7808/7808
f 7809/7809 7810/7810 7811/7811
f 7812/7812 7813/7813 7814/7814
f 7815/7815 7816/7816 7817/7817
f 7818/7818 7819/7819 7820/7820
f 7821/7821 7822/7822 7823/7823
f 7824/7824 7825/7825 7826/7826
f 7827/7827 7828/7828 7829/7829
f 7830/7830 7831/7831 7832/7832
f 7833/7833 7834/7834 7835/7835
f 7836/7836 7837/7837 7838/7838
f 7781/7781 7839/7839 7840/7840
f 7841/7841 7842/7842 7843/7843
f 7844/7844 7845/7845 7846/7846
f 7847/7847 7848/7848 7849/7849
f 7850/7850 7851/7851 7852/7852
f 7853/7853 7854/7854 7855/7855
f 7856/7856 7857/7857 7858/7858
f 7859/7859 7860/7860 7861/7861
f 7862/7862 7863/7863 7864/7864
f 7865/7865 7866/7866 7867/7867
f 7868/7868 7869/7869 7870/7870
f 7871/7871 7872/7872 7873/7873
f 7874/7874 7875/7875 7876/7876
f 7777/7777 7877/7877 7878/7878
f 7879/7879 7880/7880 7881/7881
f 7882/7882 7883/7883 7884/7884
f 7885/7885 7886/7886 7887/7887
f 7888/7888 7889/7889 7890/7890
f 7891/7891 7892/7892 7893/7893
f 7894/7894 7895/7895 7896/7896
f 7897/7897 7898/7898 7899/7899
f 7900/7900 7901/7901 7902/7902
f 7903/7903 7904/7904 7905/7905
f 7906/7906 7907/7907 7908/7908
f 7909/7909 7910/7910 7911/7911
f 7912/7912 7913/7913 7914/7914
f 7915/7915 7916/7916 7917/7917
f 7918/7918 7919/7919 7920/7920
f 7921/7921 7922/7922 7923/7923
f 7924/7924 7925/7925 7926/7926
f 7927/7927 7928/7928 7929/7929
f 7930/7930 7931/7931 7932/7932
f 7933/7933 7934/7934 7935/7935
f 7936/7936 7937/7937 7938/7938
f 7939/7939 7940/7940 7941/7941
f 7942/7942 7943/7943 7944/7944
f 7945/7945 7946/7946 7947/7947
f 7948/7948 7949/7949 7950/7950
f 7951/7951 7952/7952 7953/7953
f 7954/7954 7908/7908 7955/7955
f 7956/7956 7957/7957 7958/7958
f 7959/7959 7960/7960 7961/7961
f 7962/7962 7963/7963 7964/7964
f 7965/7965 7966/7966 7910/7910
f 7967/7967 7968/7968 7969/7969
f 7970/7970 7971/7971 7783/7783
f 7972/7972 7973/7973 7974/7974
f 7975/7975 7976/7976 7977/7977
f 7978/7978 7979/7979 7980/7980
f 7981/7981 7978/7978 7982/7982
f 7983/7983 7984/7984 7985/7985
f 7986/7986 7987/7987 7828/7828
f 7988/7988 7989/7989 7990/7990
f 7991/7991 7988/7988 7992/7992
f 7993/7993 7990/7990 7994/7994
f 7995/7995 7772/7772 7996/7996
f 7997/7997 7998/7998 7999/7999
f 8000/8000 8001/8001 8002/8002
f 8003/8003 8004/8004 8005/8005
f 8006/8006 8007/8007 8008/8008
f 8009/8009 8010/8010 8011/8011
f 8012/8012 8013/8013 8014/8014
f 8015/8015 8016/8016 8017/8017
f 8014/8014 8018/8018 8019/8019
f 8020/8020 8021/8021 8022/8022
f 8023/8023 8024/8024 8025/8025
f 8026/8026 8027/8027 8028/8028
f 8029/8029 8030/8030 8031/8031
f 8032/8032 8033/8033 8034/8034
f 8035/8035 8036/8036 8037/8037
f 8038/8038 8039/8039 8040/8040
f 7803/7803 8041/8041 8042/8042
f 8043/8043 8044/8044 8045/8045
f 8046/8046 8047/8047 8048/8048
f 8049/8049 8050/8050 7798/7798
f 7998/7998 8051/8051 8052/8052
f 8053/8053 8054/8054 8055/8055
f 7890/7890 8056/8056 7934/7934
f 7773/7773 8057/8057 8058/8058
f 8059/8059 8060/8060 8061/8061
f 8062/8062 8063/8063 8064/8064
f 8065/8065 8066/8066 8067/8067
f 8068/8068 8069/8069 8070/8070
f 8071/8071 8072/8072 8073/8073
f 6343/6343 8074/8074 8075/8075
f 8076/8076 8077/8077 8078/8078
f 8042/8042 8079/8079 8080/8080
f 8081/8081 8071/8071 8082/8082
f 8083/8083 7748/7748 8084/8084
f 8085/8085 8086/8086 8087/8087
f 8042/8042 8088/8088 8089/8089
f 8090/8090 8091/8091 8092/8092
f 8093/8093 8094/8094 8095/8095
f 8096/8096 8097/8097 8098/8098
f 8099/8099 7741/7741 8100/8100
f 7755/7755 8101/8101 8102/8102
f 8103/8103 8104/8104 8105/8105
f 8106/8106 8107/8107 8108/8108
f 8109/8109 8110/8110 8111/8111
f 8112/8112 7974/7974 8113/8113
f 8114/8114 8115/8115 8116/8116
f 8117/8117 8118/8118 8119/8119
f 8120/8120 8121/8121 8122/8122
f 8123/8123 8124/8124 8125/8125
f 8126/8126 8121/8121 8127/8127
f 8128/8128 8129/8129 8130/8130
f 8131/8131 8132/8132 8133/8133
f 8134/8134 8023/8023 8135/8135
f 8136/8136 7989/7989 8137/8137
f 8138/8138 8139/8139 8140/8140
f 8141/8141 8142/8142 7990/7990
f 7798/7798 7797/7797 8143/8143
f 8144/8144 7798/7798 8143/8143
f 8145/8145 8146/8146 8147/8147
f 8148/8148 8149/8149 8150/8150
f 8151/8151 8152/8152 8153/8153
f 8154/8154 8155/8155 8156/8156
f 7854/7854 8157/8157 8158/8158
f 8159/8159 8160/8160 8161/8161
f 8162/8162 8163/8163 8164/8164
f 8165/8165 8166/8166 8167/8167
f 8168/8168 8169/8169 8170/8170
f 8171/8171 8172/8172 8173/8173
f 8038/8038 7850/7850 8174/8174
f 7989/7989 8175/8175 8176/8176
f 8177/8177 8178/8178 8179/8179
f 8180/8180 8181/8181 8182/8182
f 8183/8183 7865/7865 8184/8184
f 8185/8185 8186/8186 8187/8187
f 8117/8117 8188/8188 8189/8189
f 8190/8190 8191/8191 8192/8192
f 8193/8193 8194/8194 8195/8195
f 8196/8196 8197/8197 8198/8198
f 8199/8199 8200/8200 8201/8201
f 8202/8202 7948/7948 8203/8203
f 8204/8204 8205/8205 8206/8206
f 8207/8207 8208/8208 8209/8209
f 8210/8210 8211/8211 8212/8212
f 8213/8213 8214/8214 8215/8215
f 8216/8216 7827/7827 8217/8217
f 8218/8218 8219/8219 8220/8220
f 8221/8221 8222/8222 8223/8223
f 8224/8224 8225/8225 7808/7808
f 8226/8226 8227/8227 8228/8228
f 7910/7910 8229/8229 8230/8230
f 8231/8231 8232/8232 8233/8233
f 8234/8234 8235/8235 8131/8131
f 8236/8236 8141/8141 8235/8235
f 8237/8237 8089/8089 8238/8238
f 8239/8239 8240/8240 8241/8241
f 8242/8242 8243/8243 8244/8244
f 8245/8245 8246/8246 8239/8239
f 8247/8247 8248/8248 8249/8249
f 8250/8250 8251/8251 8252/8252
f 8253/8253 8254/8254 8255/8255
f 8256/8256 8257/8257 8258/8258
f 8259/8259 8260/8260 8261/8261
f 8262/8262 8263/8263 8264/8264
f 8265/8265 8266/8266 8267/8267
f 8268/8268 8269/8269 8270/8270
f 8271/8271 8272/8272 8273/8273
f 8274/8274 8275/8275 8265/8265
f 8276/8276 8277/8277 8278/8278
f 8279/8279 7788/7788 8280/8280
f 8281/8281 8282/8282 8283/8283
f 8284/8284 8285/8285 8286/8286
f 8287/8287 8288/8288 8289/8289
f 8290/8290 8267/8267 8291/8291
f 8292/8292 8293/8293 6012/6012
f 8294/8294 8295/8295 8279/8279
f 8296/8296 6113/6113 8297/8297
f 8298/8298 8299/8299 8300/8300
f 8301/8301 8302/8302 8303/8303
f 8304/8304 8305/8305 7762/7762
f 8306/8306 8307/8307 8308/8308
f 8309/8309 8310/8310 8311/8311
f 8083/8083 8312/8312 8313/8313
f 8127/8127 8314/8314 8315/8315
f 8316/8316 8317/8317 7914/7914
f 8318/8318 8319/8319 8320/8320
f 7748/7748 8321/8321 8307/8307
f 8047/8047 8322/8322 8323/8323
f 8324/8324 8325/8325 8326/8326
f 8327/8327 8328/8328 8001/8001
f 8329/8329 8270/8270 8330/8330
f 8331/8331 8332/8332 8269/8269
f 8271/8271 8333/8333 8334/8334
f 8335/8335 8336/8336 6041/6041
f 8337/8337 8338/8338 8326/8326
f 7919/7919 8339/8339 8340/8340
f 8341/8341 8342/8342 8343/8343
f 7729/7729 8344/8344 8345/8345
f 7886/7886 8346/8346 8347/8347
f 8348/8348 8349/8349 8350/8350
f 8351/8351 8258/8258 8352/8352
f 8353/8353 8354/8354 8355/8355
f 7930/7930 8356/8356 8357/8357
f 8358/8358 8037/8037 8359/8359
f 8360/8360 8361/8361 8362/8362
f 8363/8363 8022/8022 8364/8364
f 8365/8365 7860/7860 8366/8366
f 8367/8367 8368/8368 8369/8369
f 8370/8370 8371/8371 8372/8372
f 8373/8373 8374/8374 8375/8375
f 8376/8376 8377/8377 8378/8378
f 8379/8379 8380/8380 8381/8381
f 8382/8382 8383/8383 8384/8384
f 8195/8195 8385/8385 8356/8356
f 8044/8044 8386/8386 8387/8387
f 7734/7734 8205/8205 8388/8388
f 8038/8038 8389/8389 7850/7850
f 8230/8230 8390/8390 8391/8391
f 8392/8392 8393/8393 8394/8394
f 8395/8395 8396/8396 8397/8397
f 8398/8398 8399/8399 8400/8400
f 8401/8401 8402/8402 8403/8403
f 8404/8404 8405/8405 8406/8406
f 8407/8407 8408/8408 8409/8409
f 8410/8410 8411/8411 8412/8412
f 8413/8413 8414/8414 7950/7950
f 8415/8415 8416/8416 8417/8417
f 8418/8418 8419/8419 8420/8420
f 8213/8213 8421/8421 8422/8422
f 8423/8423 8424/8424 8425/8425
f 8426/8426 8427/8427 8428/8428
f 8429/8429 8430/8430 8431/8431
f 8432/8432 8433/8433 8434/8434
f 8435/8435 8436/8436 8437/8437
f 8438/8438 8439/8439 7890/7890
f 8440/8440 8441/8441 8442/8442
f 8443/8443 8444/8444 7910/7910
f 8445/8445 8446/8446 8447/8447
f 8448/8448 8449/8449 8450/8450
f 8451/8451 8452/8452 8453/8453
f 8454/8454 8455/8455 7902/7902
f 8456/8456 8457/8457 8458/8458
f 8459/8459 8460/8460 8461/8461
f 8462/8462 8463/8463 8464/8464
f 8465/8465 8466/8466 8467/8467
f 8468/8468 8224/8224 8469/8469
f 8470/8470 8471/8471 7769/7769
f 8472/8472 8473/8473 8474/8474
f 8475/8475 8476/8476 8477/8477
f 8478/8478 8479/8479 8480/8480
f 8481/8481 8482/8482 8483/8483
f 6250/6250 8484/8484 8485/8485
f 7943/7943 8486/8486 7954/7954
f 8487/8487 8488/8488 8489/8489
f 8490/8490 8491/8491 8492/8492
f 8493/8493 8494/8494 8063/8063
f 8495/8495 8496/8496 8497/8497
f 8498/8498 8499/8499 8500/8500
f 8501/8501 8502/8502 8503/8503
f 8365/8365 8504/8504 8505/8505
f 6263/6263 7834/7834 8506/8506
f 8507/8507 8490/8490 8508/8508
f 8509/8509 8510/8510 8044/8044
f 7804/7804 8480/8480 8511/8511
f 8072/8072 8512/8512 8059/8059
f 8513/8513 8514/8514 8044/8044
f 8515/8515 8516/8516 8507/8507
f 8517/8517 8518/8518 8519/8519
f 8520/8520 8521/8521 8522/8522
f 8523/8523 8524/8524 8525/8525
f 8526/8526 8527/8527 8528/8528
f 8529/8529 8530/8530 8531/8531
f 8532/8532 8533/8533 8534/8534
f 8535/8535 8536/8536 6256/6256
f 8537/8537 8538/8538 8539/8539
f 8540/8540 8541/8541 7942/7942
f 8542/8542 7952/7952 8543/8543
f 8544/8544 8545/8545 8546/8546
f 8547/8547 7933/7933 8548/8548
f 8549/8549 8550/8550 8551/8551
f 8552/8552 8553/8553 8554/8554
f 8555/8555 8556/8556 8557/8557
f 6182/6182 8558/8558 8559/8559
f 8560/8560 8561/8561 8562/8562
f 8563/8563 8564/8564 8565/8565
f 8566/8566 8092/8092 8279/8279
f 8567/8567 8568/8568 8569/8569
f 8570/8570 8571/8571 8572/8572
f 7955/7955 8573/8573 8574/8574
f 8575/8575 8576/8576 8577/8577
f 8578/8578 6490/6490 8579/8579
f 8580/8580 8581/8581 8582/8582
f 8583/8583 8584/8584 8585/8585
f 8586/8586 8587/8587 8588/8588
f 8589/8589 8590/8590 8591/8591
f 8592/8592 8593/8593 8594/8594
f 8595/8595 8596/8596 8246/8246
f 8595/8595 8597/8597 8598/8598
f 7860/7860 8599/8599 8600/8600
f 8601/8601 8602/8602 8603/8603
f 8568/8568 8604/8604 8569/8569
f 8605/8605 8606/8606 8607/8607
f 8608/8608 8609/8609 8610/8610
f 8611/8611 8612/8612 8613/8613
f 8614/8614 8604/8604 8568/8568
f 8615/8615 8616/8616 8617/8617
f 8618/8618 8619/8619 8620/8620
f 8621/8621 8622/8622 8623/8623
f 8624/8624 8625/8625 8626/8626
f 8627/8627 8241/8241 8628/8628
f 8629/8629 8630/8630 8631/8631
f 8632/8632 8633/8633 8634/8634
f 8635/8635 8636/8636 8637/8637
f 8638/8638 8639/8639 8617/8617
f 8640/8640 8641/8641 8642/8642
f 8643/8643 8644/8644 8645/8645
f 8646/8646 8647/8647 8648/8648
f 8649/8649 8650/8650 8651/8651
f 8652/8652 8653/8653 8654/8654
f 8655/8655 8656/8656 8657/8657
f 8658/8658 8657/8657 8659/8659
f 8660/8660 8661/8661 8662/8662
f 8259/8259 8663/8663 8664/8664
f 8581/8581 8331/8331 8665/8665
f 8666/8666 8667/8667 8668/8668
f 8669/8669 8670/8670 8671/8671
f 8672/8672 8579/8579 8673/8673
f 8674/8674 7950/7950 8675/8675
f 8262/8262 8676/8676 8263/8263
f 8677/8677 8678/8678 8679/8679
f 8680/8680 8681/8681 8682/8682
f 8683/8683 8684/8684 8685/8685
f 8686/8686 8687/8687 8688/8688
f 8689/8689 8690/8690 8691/8691
f 8692/8692 8693/8693 8694/8694
f 8695/8695 8696/8696 8697/8697
f 8698/8698 8699/8699 8700/8700
f 8701/8701 8702/8702 8703/8703
f 8704/8704 8705/8705 8706/8706
f 8707/8707 8708/8708 8709/8709
f 8710/8710 8711/8711 8712/8712
f 8713/8713 8714/8714 8715/8715
f 8716/8716 8717/8717 8718/8718
f 8719/8719 8720/8720 8721/8721
f 8722/8722 8723/8723 8724/8724
f 8725/8725 8726/8726 8727/8727
f 8728/8728 8729/8729 8730/8730
f 8731/8731 8732/8732 8733/8733
f 8734/8734 8735/8735 8736/8736
f 8737/8737 8738/8738 8739/8739
f 8740/8740 8741/8741 8738/8738
f 8742/8742 8743/8743 8744/8744
f 8745/8745 8746/8746 8747/8747
f 8748/8748 8749/8749 8750/8750
f 8751/8751 8752/8752 8753/8753
f 8754/8754 8755/8755 8756/8756
f 8757/8757 8758/8758 8759/8759
f 8760/8760 8761/8761 8762/8762
f 8763/8763 8764/8764 8765/8765
f 8766/8766 8767/8767 8768/8768
f 8769/8769 8770/8770 8771/8771
f 8772/8772 8773/8773 8774/8774
f 8775/8775 8776/8776 8777/8777
f 8778/8778 8779/8779 8780/8780
f 8781/8781 8782/8782 8783/8783
f 8784/8784 8785/8785 8786/8786
f 8787/8787 8788/8788 8789/8789
f 8790/8790 8725/8725 8791/8791
f 8792/8792 8793/8793 8794/8794
f 8795/8795 8796/8796 7880/7880
f 8797/8797 8798/8798 8799/8799
f 8800/8800 8801/8801 8802/8802
f 8803/8803 8804/8804 8520/8520
f 8805/8805 8806/8806 8807/8807
f 8808/8808 8809/8809 8810/8810
f 8811/8811 8812/8812 8813/8813
f 8814/8814 8815/8815 8816/8816
f 8817/8817 8818/8818 8819/8819
f 8820/8820 8821/8821 8822/8822
f 7629/7629 8823/8823 8824/8824
f 7615/7615 8825/8825 8826/8826
f 8825/8825 8817/8817 8827/8827
f 8828/8828 8829/8829 8830/8830
f 8831/8831 8832/8832 8833/8833
f 8834/8834 8835/8835 8836/8836
f 8837/8837 8838/8838 8839/8839
f 8840/8840 8841/8841 8842/8842
f 8843/8843 8844/8844 8845/8845
f 8846/8846 8847/8847 8848/8848
f 8849/8849 8850/8850 8851/8851
f 8852/8852 8853/8853 8854/8854
f 8855/8855 8856/8856 8857/8857
f 8858/8858 8859/8859 8860/8860
f 8861/8861 8862/8862 8863/8863
f 8864/8864 8865/8865 8866/8866
f 8867/8867 8868/8868 8869/8869
f 8870/8870 8871/8871 8872/8872
f 8873/8873 8719/8719 8874/8874
f 8875/8875 8876/8876 7553/7553
f 8877/8877 8878/8878 8879/8879
f 8880/8880 8881/8881 8791/8791
f 8882/8882 8883/8883 8884/8884
f 8885/8885 8886/8886 8887/8887
f 8888/8888 8889/8889 8890/8890
f 8891/8891 8892/8892 8893/8893
f 8894/8894 8895/8895 8896/8896
f 8897/8897 8818/8818 8898/8898
f 8899/8899 8900/8900 8901/8901
f 8902/8902 8903/8903 8904/8904
f 8905/8905 8906/8906 8907/8907
f 8908/8908 8909/8909 8910/8910
f 8911/8911 8912/8912 8913/8913
f 8914/8914 8915/8915 8808/8808
f 8916/8916 8917/8917 8918/8918
f 8919/8919 8920/8920 8921/8921
f 8922/8922 8923/8923 8924/8924
f 8925/8925 8926/8926 8927/8927
f 8928/8928 8929/8929 8930/8930
f 8931/8931 8932/8932 8933/8933
f 8930/8930 8934/8934 8927/8927
f 8935/8935 8936/8936 8937/8937
f 8938/8938 8939/8939 8940/8940
f 8941/8941 8942/8942 8943/8943
f 8944/8944 8945/8945 8946/8946
f 8947/8947 8948/8948 8949/8949
f 8950/8950 8951/8951 8952/8952
f 8953/8953 8954/8954 8955/8955
f 8956/8956 8957/8957 8958/8958
f 8959/8959 8767/8767 8960/8960
f 8677/8677 8961/8961 8962/8962
f 8963/8963 8964/8964 8965/8965
f 8966/8966 8967/8967 8968/8968
f 8969/8969 8970/8970 8971/8971
f 8972/8972 8973/8973 8922/8922
f 8974/8974 8975/8975 8976/8976
f 8977/8977 8978/8978 8979/8979
f 8980/8980 8981/8981 8982/8982
f 8983/8983 8984/8984 8985/8985
f 8986/8986 8987/8987 8988/8988
f 8989/8989 8869/8869 8990/8990
f 8991/8991 8992/8992 8993/8993
f 8994/8994 8995/8995 8996/8996
f 8895/8895 8997/8997 8998/8998
f 8683/8683 8999/8999 9000/9000
f 9001/9001 9002/9002 9003/9003
f 9004/9004 9005/9005 9006/9006
f 9007/9007 9008/9008 8824/8824
f 9009/9009 9010/9010 9011/9011
f 9012/9012 9013/9013 9014/9014
f 9015/9015 9016/9016 9017/9017
f 9018/9018 9019/9019 8833/8833
f 9020/9020 9021/9021 8690/8690
f 9022/9022 9023/9023 9024/9024
f 9025/9025 9026/9026 9027/9027
f 9028/9028 9029/9029 9030/9030
f 9031/9031 9032/9032 9033/9033
f 9034/9034 9035/9035 9036/9036
f 9037/9037 9038/9038 9039/9039
f 9040/9040 9041/9041 9042/9042
f 9043/9043 8911/8911 8810/8810
f 9044/9044 9045/9045 9046/9046
f 9047/9047 9048/9048 9049/9049
f 9050/9050 9051/9051 9052/9052
f 9053/9053 9054/9054 9055/9055
f 9056/9056 9057/9057 9058/9058
f 9059/9059 9060/9060 9061/9061
f 9062/9062 9063/9063 9064/9064
f 9065/9065 9013/9013 9066/9066
f 9067/9067 9068/9068 9069/9069
f 9070/9070 9071/9071 9072/9072
f 9073/9073 9074/9074 8943/8943
f 8825/8825 9075/9075 9076/9076
f 9077/9077 9078/9078 9079/9079
f 8810/8810 9080/9080 9081/9081
f 9082/9082 8945/8945 9083/9083
f 9084/9084 9085/9085 9086/9086
f 9087/9087 9088/9088 9089/9089
f 9090/9090 8989/8989 9091/9091
f 8810/8810 9092/9092 9093/9093
f 8913/8913 9094/9094 9095/9095
f 8687/8687 9096/9096 9097/9097
f 9098/9098 9099/9099 9100/9100
f 9101/9101 9102/9102 9103/9103
f 9104/9104 9105/9105 9106/9106
f 9107/9107 8901/8901 9108/9108
f 9109/9109 9110/9110 9111/9111
f 9112/9112 9113/9113 9114/9114
f 9115/9115 9116/9116 9117/9117
f 9118/9118 9119/9119 9120/9120
f 9121/9121 9043/9043 8810/8810
f 9116/9116 9122/9122 9123/9123
f 9124/9124 8043/8043 9125/9125
f 9126/9126 9127/9127 9128/9128
f 9129/9129 8885/8885 9130/9130
f 9131/9131 8722/8722 9132/9132
f 9133/9133 9134/9134 9135/9135
f 9136/9136 8911/8911 8955/8955
f 9137/9137 9138/9138 9139/9139
f 9140/9140 9141/9141 9142/9142
f 9143/9143 9144/9144 9145/9145
f 9146/9146 9147/9147 9148/9148
f 9149/9149 8716/8716 8727/8727
f 9150/9150 9151/9151 9152/9152
f 9153/9153 9154/9154 8872/8872
f 9131/9131 9155/9155 9156/9156
f 8826/8826 9157/9157 9158/9158
f 9159/9159 9160/9160 7310/7310
f 9161/9161 9162/9162 9163/9163
f 9164/9164 9165/9165 9166/9166
f 9167/9167 9168/9168 9169/9169
f 9170/9170 9171/9171 9172/9172
f 9173/9173 9174/9174 9175/9175
f 9176/9176 9177/9177 9178/9178
f 9179/9179 9180/9180 8096/8096
f 9071/9071 9181/9181 9182/9182
f 9183/9183 9090/9090 8742/8742
f 9184/9184 9185/9185 9186/9186
f 9187/9187 9188/9188 9189/9189
f 9190/9190 9191/9191 9192/9192
f 9193/9193 9194/9194 9195/9195
f 9196/9196 9197/9197 9198/9198
f 9199/9199 8991/8991 9200/9200
f 9201/9201 9202/9202 9203/9203
f 9005/9005 9204/9204 9205/9205
f 9206/9206 9207/9207 9208/9208
f 9209/9209 9210/9210 9211/9211
f 9212/9212 9213/9213 9214/9214
f 9215/9215 9216/9216 9190/9190
f 9162/9162 9217/9217 9218/9218
f 9219/9219 9220/9220 9221/9221
f 9222/9222 9223/9223 8701/8701
f 9224/9224 9225/9225 9226/9226
f 9227/9227 9228/9228 9229/9229
f 9230/9230 9231/9231 9232/9232
f 9233/9233 8874/8874 9234/9234
f 9235/9235 9236/9236 9237/9237
f 9238/9238 9239/9239 9240/9240
f 9241/9241 8869/8869 8763/8763
f 9242/9242 9243/9243 9244/9244
f 9245/9245 9246/9246 9247/9247
f 9248/9248 9249/9249 9250/9250
f 9251/9251 9252/9252 9253/9253
f 9254/9254 9255/9255 9256/9256
f 9257/9257 9258/9258 9259/9259
f 9260/9260 9261/9261 9262/9262
f 9263/9263 9264/9264 9265/9265
f 9266/9266 9267/9267 9268/9268
f 9269/9269 9270/9270 9271/9271
f 9272/9272 9273/9273 9274/9274
f 9275/9275 9276/9276 9277/9277
f 9278/9278 9279/9279 9280/9280
f 9281/9281 9282/9282 9283/9283
f 9284/9284 9285/9285 9286/9286
f 9287/9287 9288/9288 9289/9289
f 9290/9290 9291/9291 9292/9292
f 9293/9293 9294/9294 9295/9295
f 9296/9296 9297/9297 9298/9298
f 9299/9299 9300/9300 9301/9301
f 9302/9302 9303/9303 9304/9304
f 9305/9305 9306/9306 9307/9307
f 9308/9308 9309/9309 9310/9310
f 9311/9311 9312/9312 9313/9313
f 9314/9314 9315/9315 9316/9316
f 9317/9317 9318/9318 9319/9319
f 9320/9320 9321/9321 9322/9322
f 9323/9323 9324/9324 9325/9325
f 9326/9326 9327/9327 9328/9328
f 9329/9329 9330/9330 9331/9331
f 9332/9332 9333/9333 9334/9334
f 9335/9335 9336/9336 9337/9337
f 9338/9338 9339/9339 9340/9340
f 9341/9341 9342/9342 9343/9343
f 9344/9344 9345/9345 9346/9346
f 9347/9347 9348/9348 9349/9349
f 9350/9350 9351/9351 9352/9352
f 9353/9353 9354/9354 9355/9355
f 9356/9356 9332/9332 9357/9357
f 9358/9358 9359/9359 9360/9360
f 9361/9361 9362/9362 9363/9363
f 9364/9364 9365/9365 9366/9366
f 9367/9367 9368/9368 9369/9369
f 9370/9370 9371/9371 9372/9372
f 9373/9373 9374/9374 9174/9174
f 9375/9375 9376/9376 9377/9377
f 9378/9378 9379/9379 9380/9380
f 9381/9381 9382/9382 9383/9383
f 9384/9384 9385/9385 9386/9386
f 9387/9387 9388/9388 9389/9389
f 9390/9390 9391/9391 9392/9392
f 9393/9393 9394/9394 9395/9395
f 9396/9396 9397/9397 9398/9398
f 9399/9399 9400/9400 9401/9401
f 9402/9402 9403/9403 9404/9404
f 9405/9405 9406/9406 9407/9407
f 9408/9408 9409/9409 9410/9410
f 9411/9411 9412/9412 9332/9332
f 9413/9413 9414/9414 9415/9415
f 9416/9416 9417/9417 9418/9418
f 9419/9419 9420/9420 9421/9421
f 9422/9422 9423/9423 9424/9424
f 9425/9425 9426/9426 9427/9427
f 9428/9428 9332/9332 9429/9429
f 9430/9430 9431/9431 9432/9432
f 9433/9433 9434/9434 9435/9435
f 9436/9436 9437/9437 9438/9438
f 9439/9439 9440/9440 9441/9441
f 9442/9442 9443/9443 9444/9444
f 9445/9445 9446/9446 9447/9447
f 9448/9448 9449/9449 9450/9450
f 9451/9451 9452/9452 9453/9453
f 9454/9454 9455/9455 9456/9456
f 9457/9457 9458/9458 9459/9459
f 9460/9460 9461/9461 9462/9462
f 9463/9463 9464/9464 9278/9278
f 9465/9465 9466/9466 7813/7813
f 9415/9415 9467/9467 9468/9468
f 9469/9469 9470/9470 9471/9471
f 9472/9472 9473/9473 9474/9474
f 9475/9475 9476/9476 9477/9477
f 9478/9478 9479/9479 9347/9347
f 9480/9480 9481/9481 9482/9482
f 9483/9483 9403/9403 9484/9484
f 9485/9485 9486/9486 9487/9487
f 9488/9488 9489/9489 9324/9324
f 9490/9490 9491/9491 9492/9492
f 9493/9493 9494/9494 9495/9495
f 9270/9270 9496/9496 9497/9497
f 9498/9498 9499/9499 9500/9500
f 9501/9501 9502/9502 9469/9469
f 9429/9429 9405/9405 9503/9503
f 9504/9504 9505/9505 9506/9506
f 9507/9507 9508/9508 9509/9509
f 9510/9510 9260/9260 9507/9507
f 9511/9511 9512/9512 9513/9513
f 9495/9495 9514/9514 9515/9515
f 9516/9516 9517/9517 9518/9518
f 8979/8979 9519/9519 9520/9520
f 9521/9521 9522/9522 9523/9523
f 9524/9524 9525/9525 9526/9526
f 9527/9527 9470/9470 9528/9528
f 9529/9529 9530/9530 9531/9531
f 9532/9532 9533/9533 9534/9534
f 9535/9535 9536/9536 9537/9537
f 9538/9538 9539/9539 9540/9540
f 9541/9541 9542/9542 9543/9543
f 9544/9544 9311/9311 9545/9545
f 9546/9546 9547/9547 9548/9548
f 9549/9549 9277/9277 9550/9550
f 9551/9551 9552/9552 9540/9540
f 9553/9553 9370/9370 9276/9276
f 9554/9554 9555/9555 9556/9556
f 9557/9557 9558/9558 9336/9336
f 9559/9559 9560/9560 9561/9561
f 9562/9562 9563/9563 9564/9564
f 9565/9565 9566/9566 9567/9567
f 9568/9568 9569/9569 9570/9570
f 9571/9571 9572/9572 9573/9573
f 9574/9574 9575/9575 9576/9576
f 9577/9577 9578/9578 9579/9579
f 9487/9487 9580/9580 9581/9581
f 9582/9582 9583/9583 9584/9584
f 9585/9585 9450/9450 9586/9586
f 9392/9392 9587/9587 9588/9588
f 9405/9405 9589/9589 9590/9590
f 9591/9591 9592/9592 9593/9593
f 9594/9594 9500/9500 9382/9382
f 9595/9595 9596/9596 9597/9597
f 9598/9598 9599/9599 9600/9600
f 9601/9601 9602/9602 9603/9603
f 9604/9604 9605/9605 9606/9606
f 9607/9607 9608/9608 9609/9609
f 9419/9419 9610/9610 9611/9611
f 9612/9612 9613/9613 9614/9614
f 9615/9615 9616/9616 9617/9617
f 9618/9618 9619/9619 9620/9620
f 9621/9621 9622/9622 9623/9623
f 9624/9624 9625/9625 9626/9626
f 9627/9627 9628/9628 9629/9629
f 9630/9630 9631/9631 9632/9632
f 9633/9633 9634/9634 9635/9635
f 9636/9636 9637/9637 9638/9638
f 9639/9639 9640/9640 9641/9641
f 9642/9642 9643/9643 9644/9644
f 9645/9645 9646/9646 9325/9325
f 9647/9647 9648/9648 9649/9649
f 9202/9202 9650/9650 9651/9651
f 9652/9652 9653/9653 9654/9654
f 9655/9655 9656/9656 9657/9657
f 9658/9658 9659/9659 9660/9660
f 9397/9397 9661/9661 9416/9416
f 9662/9662 9663/9663 9664/9664
f 9665/9665 9666/9666 9667/9667
f 9668/9668 9669/9669 9670/9670
f 9671/9671 9672/9672 9491/9491
f 9673/9673 9674/9674 9675/9675
f 9676/9676 9677/9677 9678/9678
f 9679/9679 9680/9680 9681/9681
f 9682/9682 9683/9683 9684/9684
f 9685/9685 9686/9686 9687/9687
f 9688/9688 9689/9689 9690/9690
f 9691/9691 9692/9692 9693/9693
f 9571/9571 9575/9575 9694/9694
f 9378/9378 9695/9695 9696/9696
f 9697/9697 9698/9698 9573/9573
f 9699/9699 9700/9700 9701/9701
f 9439/9439 9702/9702 9703/9703
f 9704/9704 9705/9705 9706/9706
f 9707/9707 9708/9708 9595/9595
f 9434/9434 9709/9709 7810/7810
f 9710/9710 9711/9711 9712/9712
f 9713/9713 9714/9714 9715/9715
f 9716/9716 9717/9717 9718/9718
f 9530/9530 9719/9719 9720/9720
f 9721/9721 9722/9722 9415/9415
f 9723/9723 9343/9343 9724/9724
f 9725/9725 9686/9686 9726/9726
f 9727/9727 9728/9728 9729/9729
f 9727/9727 9730/9730 8093/8093
f 9731/9731 7983/7983 9732/9732
f 9733/9733 9734/9734 9735/9735
f 9736/9736 9737/9737 9738/9738
f 9721/9721 9739/9739 9602/9602
f 9601/9601 9603/9603 9740/9740
f 9489/9489 9741/9741 9742/9742
f 9567/9567 9409/9409 9743/9743
f 9744/9744 9745/9745 8912/8912
f 9513/9513 9746/9746 9747/9747
f 9748/9748 9432/9432 9749/9749
f 9750/9750 9751/9751 9752/9752
f 9753/9753 9464/9464 9754/9754
f 9045/9045 7894/7894 9755/9755
f 9737/9737 9756/9756 9757/9757
f 9758/9758 9586/9586 9759/9759
f 9338/9338 9760/9760 9761/9761
f 9762/9762 9763/9763 9764/9764
f 9765/9765 9766/9766 9767/9767
f 9768/9768 9769/9769 9467/9467
f 9770/9770 9771/9771 9772/9772
f 9773/9773 9774/9774 9775/9775
f 9776/9776 9777/9777 9778/9778
f 9779/9779 9780/9780 9781/9781
f 9782/9782 9783/9783 9784/9784
f 9785/9785 9786/9786 9787/9787
f 9788/9788 9789/9789 9790/9790
f 9791/9791 9792/9792 9793/9793
f 9794/9794 9795/9795 9796/9796
f 9797/9797 9798/9798 9799/9799
f 9800/9800 9801/9801 9802/9802
f 9803/9803 9804/9804 9805/9805
f 9806/9806 9807/9807 9808/9808
f 9809/9809 9810/9810 9811/9811
f 9812/9812 9813/9813 9814/9814
f 9815/9815 9816/9816 9817/9817
f 9818/9818 9819/9819 9820/9820
f 9821/9821 9822/9822 9823/9823
f 9824/9824 9825/9825 9826/9826
f 9827/9827 9828/9828 9829/9829
f 9830/9830 9831/9831 9832/9832
f 9833/9833 9834/9834 9835/9835
f 9836/9836 9837/9837 9838/9838
f 9839/9839 9840/9840 9841/9841
f 9842/9842 9843/9843 9844/9844
f 9845/9845 9846/9846 9847/9847
f 9848/9848 9849/9849 9850/9850
f 9851/9851 9852/9852 9853/9853
f 9854/9854 9855/9855 9856/9856
f 9857/9857 9858/9858 9859/9859
f 9860/9860 9861/9861 9862/9862
f 9863/9863 9864/9864 9865/9865
f 9866/9866 9865/9865 9867/9867
f 9855/9855 9868/9868 9869/9869
f 9870/9870 9871/9871 9872/9872
f 9873/9873 9874/9874 9875/9875
f 9876/9876 9877/9877 9878/9878
f 9879/9879 9880/9880 9881/9881
f 9882/9882 9883/9883 9884/9884
f 9885/9885 9886/9886 9887/9887
f 9888/9888 9889/9889 9890/9890
f 9891/9891 9892/9892 9893/9893
f 9894/9894 9895/9895 9896/9896
f 9897/9897 9898/9898 9899/9899
f 9900/9900 9901/9901 9902/9902
f 9903/9903 9904/9904 9905/9905
f 9906/9906 9907/9907 9908/9908
f 9909/9909 9910/9910 9911/9911
f 9912/9912 9893/9893 9909/9909
f 9913/9913 9912/9912 9914/9914
f 9915/9915 9916/9916 9917/9917
f 9918/9918 9919/9919 9920/9920
f 9784/9784 9921/9921 9922/9922
f 9787/9787 9922/9922 9923/9923
f 9924/9924 9925/9925 9926/9926
f 9927/9927 9784/9784 9928/9928
f 9929/9929 9930/9930 9931/9931
f 9860/9860 9932/9932 9933/9933
f 9934/9934 9935/9935 9936/9936
f 9937/9937 9938/9938 9939/9939
f 9940/9940 9941/9941 9942/9942
f 9943/9943 9944/9944 9945/9945
f 9946/9946 9947/9947 6987/6987
f 9948/9948 9949/9949 9950/9950
f 9951/9951 9952/9952 9953/9953
f 9954/9954 9955/9955 9956/9956
f 9957/9957 9958/9958 9959/9959
f 9960/9960 9961/9961 9962/9962
f 9963/9963 9964/9964 9965/9965
f 9966/9966 9967/9967 9968/9968
f 9969/9969 9970/9970 9971/9971
f 9972/9972 9973/9973 9974/9974
f 9975/9975 9976/9976 9977/9977
f 9978/9978 9979/9979 9980/9980
f 9981/9981 9982/9982 9983/9983
f 9984/9984 9985/9985 9986/9986
f 9987/9987 9988/9988 9989/9989
f 9990/9990 9991/9991 9992/9992
f 9993/9993 9994/9994 9995/9995
f 9996/9996 9997/9997 9998/9998
f 9999/9999 10000/10000 10001/10001
f 10002/10002 10003/10003 10004/10004
f 10005/10005 10006/10006 10007/10007
f 10008/10008 10009/10009 10010/10010
f 10011/10011 10012/10012 10013/10013
f 10014/10014 10015/10015 10016/10016
f 10017/10017 10018/10018 10019/10019
f 10020/10020 10021/10021 10022/10022
f 10023/10023 10024/10024 10025/10025
f 10026/10026 10027/10027 10028/10028
f 10029/10029 10030/10030 10031/10031
f 10032/10032 10033/10033 10034/10034
f 10035/10035 10036/10036 10037/10037
f 10038/10038 10039/10039 10040/10040
f 10041/10041 10042/10042 10043/10043
f 10044/10044 10045/10045 10046/10046
f 10047/10047 10048/10048 10049/10049
f 10050/10050 10051/10051 10052/10052
f 10053/10053 10054/10054 10055/10055
f 10056/10056 10057/10057 10058/10058
f 10059/10059 10060/10060 10061/10061
f 9907/9907 10062/10062 9908/9908
f 10063/10063 10064/10064 10065/10065
f 10066/10066 10067/10067 10068/10068
f 10030/10030 10069/10069 10070/10070
f 10071/10071 10072/10072 10073/10073
f 10074/10074 10075/10075 10076/10076
f 10077/10077 10069/10069 10078/10078
f 10079/10079 10080/10080 10081/10081
f 10082/10082 10083/10083 10084/10084
f 10085/10085 10086/10086 10084/10084
f 10087/10087 10088/10088 10089/10089
f 10090/10090 10091/10091 10092/10092
f 10093/10093 10094/10094 10095/10095
f 10096/10096 10097/10097 10098/10098
f 10099/10099 9907/9907 10100/10100
f 10101/10101 10102/10102 10103/10103
f 10104/10104 10105/10105 10106/10106
f 10107/10107 10108/10108 10109/10109
f 10110/10110 10111/10111 10112/10112
f 10113/10113 10114/10114 10091/10091
f 10115/10115 9989/9989 9788/9788
f 10116/10116 10117/10117 9923/9923
f 10118/10118 10119/10119 9924/9924
f 10120/10120 10121/10121 10122/10122
f 10123/10123 10124/10124 10125/10125
f 10126/10126 10127/10127 10128/10128
f 10129/10129 10130/10130 10131/10131
f 10130/10130 10132/10132 10133/10133
f 10134/10134 10135/10135 10136/10136
f 10137/10137 7188/7188 10138/10138
f 10139/10139 10140/10140 10141/10141
f 10142/10142 10137/10137 10143/10143
f 10144/10144 9784/9784 9927/9927
f 10145/10145 10146/10146 10147/10147
f 10148/10148 10149/10149 10150/10150
f 10151/10151 10152/10152 10153/10153
f 9891/9891 10154/10154 10155/10155
f 10156/10156 10157/10157 10158/10158
f 10159/10159 10160/10160 10161/10161
f 10162/10162 10163/10163 10164/10164
f 10165/10165 10166/10166 10167/10167
f 10168/10168 10169/10169 10170/10170
f 10171/10171 10172/10172 10173/10173
f 10174/10174 10175/10175 10176/10176
f 10177/10177 10178/10178 10179/10179
f 10052/10052 10046/10046 10180/10180
f 10181/10181 10182/10182 10183/10183
f 10184/10184 10089/10089 10107/10107
f 10185/10185 10186/10186 10187/10187
f 10188/10188 10189/10189 10190/10190
f 10072/10072 10191/10191 10192/10192
f 10193/10193 10194/10194 10102/10102
f 10195/10195 7386/7386 10196/10196
f 10197/10197 10198/10198 10199/10199
f 9988/9988 10200/10200 10201/10201
f 10202/10202 10203/10203 10204/10204
f 10205/10205 10206/10206 10207/10207
f 10208/10208 10209/10209 10210/10210
f 10211/10211 10212/10212 10213/10213
f 7158/7158 7143/7143 10214/10214
f 10215/10215 10216/10216 10217/10217
f 10218/10218 10219/10219 10220/10220
f 10221/10221 10222/10222 10223/10223
f 10224/10224 10225/10225 10226/10226
f 10227/10227 10228/10228 7340/7340
f 10229/10229 9897/9897 10230/10230
f 10231/10231 10232/10232 10233/10233
f 10117/10117 10226/10226 10234/10234
f 10235/10235 10236/10236 10237/10237
f 10238/10238 10239/10239 10240/10240
f 10241/10241 10242/10242 10243/10243
f 10244/10244 10245/10245 10246/10246
f 10247/10247 10248/10248 10249/10249
f 10250/10250 10251/10251 10252/10252
f 10253/10253 10254/10254 10255/10255
f 10256/10256 10257/10257 10258/10258
f 10259/10259 10260/10260 10261/10261
f 10262/10262 10263/10263 10264/10264
f 10265/10265 10184/10184 10266/10266
f 10267/10267 10268/10268 10269/10269
f 10270/10270 7158/7158 10271/10271
f 10272/10272 10205/10205 10273/10273
f 10274/10274 10275/10275 10276/10276
f 10277/10277 10094/10094 10278/10278
f 10092/10092 10279/10279 10280/10280
f 10281/10281 10282/10282 10283/10283
f 10284/10284 10285/10285 7499/7499
f 10286/10286 10287/10287 10288/10288
f 10289/10289 10290/10290 10291/10291
f 10292/10292 10293/10293 10294/10294
f 10295/10295 10296/10296 10297/10297
f 10298/10298 10299/10299 10300/10300
f 10301/10301 10302/10302 10099/10099
f 10303/10303 10302/10302 10301/10301
f 10304/10304 10305/10305 10306/10306
f 10307/10307 10308/10308 10309/10309
f 10199/10199 7252/7252 10310/10310
f 10311/10311 10312/10312 10313/10313
f 10314/10314 10315/10315 7342/7342
f 10316/10316 10317/10317 10318/10318
f 10128/10128 10319/10319 10320/10320
f 7143/7143 10321/10321 10322/10322
f 10323/10323 10324/10324 10325/10325
f 10326/10326 10268/10268 10327/10327
f 10328/10328 10329/10329 10330/10330
f 10331/10331 10332/10332 10333/10333
f 10334/10334 10335/10335 10336/10336
f 10337/10337 10338/10338 10339/10339
f 10340/10340 10341/10341 10342/10342
f 10235/10235 10343/10343 10344/10344
f 10345/10345 9960/9960 10346/10346
f 10347/10347 10348/10348 10349/10349
f 10350/10350 10351/10351 10352/10352
f 10353/10353 10354/10354 10355/10355
f 10356/10356 10357/10357 10358/10358
f 10359/10359 10360/10360 10361/10361
f 10362/10362 10363/10363 10364/10364
f 10365/10365 10366/10366 10367/10367
f 10368/10368 10369/10369 10370/10370
f 10371/10371 9961/9961 10268/10268
f 10372/10372 10373/10373 10374/10374
f 10375/10375 9937/9937 10376/10376
f 10377/10377 10378/10378 10379/10379
f 10380/10380 10381/10381 10382/10382
f 10383/10383 10384/10384 10385/10385
f 9885/9885 10386/10386 10387/10387
f 10388/10388 10163/10163 10389/10389
f 10256/10256 10390/10390 9859/9859
f 10391/10391 10392/10392 10393/10393
f 10394/10394 10395/10395 10396/10396
f 10397/10397 10398/10398 10399/10399
f 10400/10400 10401/10401 10402/10402
f 10403/10403 10404/10404 10405/10405
f 10264/10264 10263/10263 10406/10406
f 10407/10407 10408/10408 10409/10409
f 9843/9843 10410/10410 10411/10411
f 10410/10410 10412/10412 10413/10413
f 10414/10414 10415/10415 10416/10416
f 9825/9825 10417/10417 10418/10418
f 10419/10419 10420/10420 10421/10421
f 10422/10422 10423/10423 10424/10424
f 9924/9924 9971/9971 10425/10425
f 10426/10426 10427/10427 10428/10428
f 10429/10429 10430/10430 10431/10431
f 10432/10432 10433/10433 10434/10434
f 10435/10435 10436/10436 10437/10437
f 10438/10438 10439/10439 10440/10440
f 10441/10441 10442/10442 10443/10443
f 10444/10444 10445/10445 10446/10446
f 10447/10447 10448/10448 10449/10449
f 10450/10450 10451/10451 10446/10446
f 10452/10452 10453/10453 10454/10454
f 10455/10455 10456/10456 10457/10457
f 10458/10458 10459/10459 10460/10460
f 10461/10461 10452/10452 9817/9817
f 10462/10462 10463/10463 10464/10464
f 10465/10465 10466/10466 10467/10467
f 9809/9809 10468/10468 10469/10469
f 10470/10470 9804/9804 10471/10471
f 9833/9833 9822/9822 10472/10472
f 10439/10439 10473/10473 10418/10418
f 10474/10474 10475/10475 10476/10476
f 10415/10415 10477/10477 9837/9837
f 10478/10478 9859/9859 9866/9866
f 10479/10479 10480/10480 10481/10481
f 10482/10482 10483/10483 10484/10484
f 10485/10485 10486/10486 10487/10487
f 10488/10488 10109/10109 10489/10489
f 10490/10490 10491/10491 10492/10492
f 10493/10493 10494/10494 10092/10092
f 10495/10495 10496/10496 10497/10497
f 10090/10090 10498/10498 10499/10499
f 10500/10500 10501/10501 10096/10096
f 10502/10502 10503/10503 10504/10504
f 10505/10505 10506/10506 10507/10507
f 10508/10508 10509/10509 10510/10510
f 10511/10511 10512/10512 10513/10513
f 10511/10511 10514/10514 10515/10515
f 10516/10516 9921/9921 9784/9784
f 10517/10517 10518/10518 10519/10519
f 10520/10520 10385/10385 9893/9893
f 9913/9913 10521/10521 10383/10383
f 10522/10522 10523/10523 10268/10268
f 10524/10524 10525/10525 9987/9987
f 10526/10526 10527/10527 10528/10528
f 10529/10529 10530/10530 10531/10531
f 10532/10532 10533/10533 10534/10534
f 10535/10535 10536/10536 10537/10537
f 10538/10538 10539/10539 10540/10540
f 10541/10541 10542/10542 10543/10543
f 10531/10531 10149/10149 10544/10544
f 10545/10545 6968/6968 9934/9934
f 10152/10152 10546/10546 10547/10547
f 10548/10548 10549/10549 10543/10543
f 10356/10356 10169/10169 10550/10550
f 10551/10551 10552/10552 10553/10553
f 10554/10554 10555/10555 10556/10556
f 10150/10150 9908/9908 10557/10557
f 10558/10558 10559/10559 10496/10496
f 10560/10560 10561/10561 10562/10562
f 10563/10563 10169/10169 10564/10564
f 10178/10178 10565/10565 10566/10566
f 10567/10567 10145/10145 10568/10568
f 10569/10569 10570/10570 7003/7003
f 10571/10571 10330/10330 10358/10358
f 10572/10572 10573/10573 9969/9969
f 10574/10574 10575/10575 10576/10576
f 10485/10485 10577/10577 10578/10578
f 10579/10579 10580/10580 10581/10581
f 10582/10582 10583/10583 10568/10568
f 10584/10584 10585/10585 10586/10586
f 10587/10587 10005/10005 10062/10062
f 10588/10588 10589/10589 10003/10003
f 10590/10590 10001/10001 10591/10591
f 10592/10592 9872/9872 10084/10084
f 10593/10593 10503/10503 10594/10594
f 10595/10595 10103/10103 10063/10063
f 10596/10596 10597/10597 10598/10598
f 10599/10599 10600/10600 10601/10601
f 10541/10541 10602/10602 10565/10565
f 10603/10603 10497/10497 10604/10604
f 10605/10605 10606/10606 10607/10607
f 10608/10608 10609/10609 10051/10051
f 10610/10610 10611/10611 10612/10612
f 10487/10487 10613/10613 10492/10492
f 10614/10614 10615/10615 10616/10616
f 10617/10617 10618/10618 10619/10619
f 10620/10620 10621/10621 10622/10622
f 10623/10623 10581/10581 10050/10050
f 10624/10624 10625/10625 10626/10626
f 10627/10627 10628/10628 10629/10629
f 10332/10332 10630/10630 10631/10631
f 10632/10632 10332/10332 10633/10633
f 10634/10634 10635/10635 10636/10636
f 10637/10637 10638/10638 10639/10639
f 10640/10640 10641/10641 10642/10642
f 10643/10643 10644/10644 10058/10058
f 10049/10049 10645/10645 10646/10646
f 10268/10268 10647/10647 10648/10648
f 10649/10649 10650/10650 10651/10651
f 10551/10551 10562/10562 10487/10487
f 10652/10652 10653/10653 10654/10654
f 10655/10655 10656/10656 10657/10657
f 10658/10658 10659/10659 10660/10660
f 10661/10661 10662/10662 10663/10663
f 10664/10664 10665/10665 10666/10666
f 10667/10667 10668/10668 10669/10669
f 10670/10670 10671/10671 10672/10672
f 10673/10673 10674/10674 10675/10675
f 10676/10676 10677/10677 10678/10678
f 10679/10679 10680/10680 10681/10681
f 10682/10682 10683/10683 10684/10684
f 10685/10685 10686/10686 10687/10687
f 10688/10688 10689/10689 10690/10690
f 8677/8677 10685/10685 10691/10691
f 10692/10692 10693/10693 10694/10694
f 10695/10695 10696/10696 10697/10697
f 10698/10698 10699/10699 10700/10700
f 10701/10701 10702/10702 10703/10703
f 10704/10704 10705/10705 10706/10706
f 10707/10707 10703/10703 10708/10708
f 10709/10709 10710/10710 10711/10711
f 10712/10712 10686/10686 10713/10713
f 10714/10714 10715/10715 10716/10716
f 10717/10717 10718/10718 10719/10719
f 10720/10720 10721/10721 10722/10722
f 10723/10723 10724/10724 10725/10725
f 10726/10726 10727/10727 10728/10728
f 10729/10729 10730/10730 10731/10731
f 10732/10732 10733/10733 10734/10734
f 10735/10735 10736/10736 10737/10737
f 10738/10738 10739/10739 10740/10740
f 10741/10741 10742/10742 10743/10743
f 10744/10744 10745/10745 10746/10746
f 10729/10729 10747/10747 10203/10203
f 10748/10748 10749/10749 10750/10750
f 10751/10751 10752/10752 10753/10753
f 10754/10754 10755/10755 10756/10756
f 10757/10757 10758/10758 10759/10759
f 10760/10760 10761/10761 10762/10762
f 10763/10763 10764/10764 10765/10765
f 10766/10766 10767/10767 10768/10768
f 10769/10769 10770/10770 10771/10771
f 10772/10772 10773/10773 10774/10774
f 10775/10775 10776/10776 10777/10777
f 10778/10778 10779/10779 10780/10780
f 10781/10781 10782/10782 10783/10783
f 10784/10784 10785/10785 10786/10786
f 10787/10787 10788/10788 10789/10789
f 10717/10717 10790/10790 10791/10791
f 10792/10792 10678/10678 10618/10618
f 10793/10793 10708/10708 10794/10794
f 10795/10795 10796/10796 10797/10797
f 10798/10798 10799/10799 10800/10800
f 10801/10801 10802/10802 10717/10717
f 10803/10803 10804/10804 10805/10805
f 10806/10806 10807/10807 10656/10656
f 10808/10808 10809/10809 10810/10810
f 10811/10811 10812/10812 10813/10813
f 10205/10205 10732/10732 10814/10814
f 10815/10815 10816/10816 10817/10817
f 10818/10818 10819/10819 10820/10820
f 10821/10821 10822/10822 10823/10823
f 10824/10824 10825/10825 10822/10822
f 10826/10826 10827/10827 10715/10715
f 10773/10773 10828/10828 10829/10829
f 10830/10830 10831/10831 10827/10827
f 10832/10832 10833/10833 10834/10834
f 10835/10835 10836/10836 10837/10837
f 10838/10838 10797/10797 10839/10839
f 10516/10516 10840/10840 10841/10841
f 10842/10842 10748/10748 10843/10843
f 10844/10844 10845/10845 10846/10846
f 10847/10847 10717/10717 10848/10848
f 9919/9919 10849/10849 10678/10678
f 10676/10676 10850/10850 10851/10851
f 10852/10852 10853/10853 10854/10854
f 10855/10855 10856/10856 10857/10857
f 10797/10797 10858/10858 10859/10859
f 10860/10860 10861/10861 10862/10862
f 10863/10863 10763/10763 10864/10864
f 10865/10865 10866/10866 8677/8677
f 10867/10867 10868/10868 10685/10685
f 10869/10869 10870/10870 10871/10871
f 10656/10656 10685/10685 10872/10872
f 10873/10873 10874/10874 10759/10759
f 10875/10875 10876/10876 10877/10877
f 10814/10814 10732/10732 10203/10203
f 10878/10878 10879/10879 10880/10880
f 10881/10881 10882/10882 10883/10883
f 10717/10717 9009/9009 10884/10884
f 10885/10885 10886/10886 10887/10887
f 10888/10888 10889/10889 10890/10890
f 10891/10891 10892/10892 10715/10715
f 10893/10893 10695/10695 10894/10894
f 10895/10895 10896/10896 10897/10897
f 10844/10844 10898/10898 10787/10787
f 10842/10842 10899/10899 10900/10900
f 10901/10901 10902/10902 10903/10903
f 10904/10904 10905/10905 10906/10906
f 10907/10907 10908/10908 10909/10909
f 10910/10910 10911/10911 10912/10912
f 10913/10913 10704/10704 10914/10914
f 10678/10678 10915/10915 8701/8701
f 10916/10916 10917/10917 10918/10918
f 10919/10919 10920/10920 10921/10921
f 10922/10922 10923/10923 10924/10924
f 10925/10925 10926/10926 10927/10927
f 10928/10928 10929/10929 10930/10930
f 10931/10931 10932/10932 10933/10933
f 10820/10820 10934/10934 10935/10935
f 10936/10936 10704/10704 10937/10937
f 10938/10938 8701/8701 10939/10939
f 10940/10940 10941/10941 10942/10942
f 10796/10796 10943/10943 10944/10944
f 10686/10686 10945/10945 10946/10946
f 10947/10947 10948/10948 10949/10949
f 10950/10950 10951/10951 10952/10952
f 10759/10759 10953/10953 10866/10866
f 10954/10954 10955/10955 10956/10956
f 10957/10957 10958/10958 10959/10959
f 10960/10960 10961/10961 10962/10962
f 10963/10963 10964/10964 10965/10965
f 10773/10773 10966/10966 10967/10967
f 10694/10694 10968/10968 10969/10969
f 10970/10970 10755/10755 10971/10971
f 10972/10972 10973/10973 10974/10974
f 9009/9009 10658/10658 10975/10975
f 10658/10658 10879/10879 8679/8679
f 10898/10898 10976/10976 10977/10977
f 7189/7189 8701/8701 8703/8703
f 10978/10978 10979/10979 10772/10772
f 10980/10980 10981/10981 10982/10982
f 10983/10983 10984/10984 10985/10985
f 10986/10986 10987/10987 10983/10983
f 10988/10988 10985/10985 10989/10989
f 10990/10990 10991/10991 10992/10992
f 10993/10993 10994/10994 10655/10655
f 10995/10995 10806/10806 10867/10867
f 10778/10778 10996/10996 10694/10694
f 10997/10997 10998/10998 10999/10999
f 11000/11000 11001/11001 11002/11002
f 11003/11003 11004/11004 10658/10658
f 11005/11005 11006/11006 11007/11007
f 11008/11008 11009/11009 10066/10066
f 11010/11010 11011/11011 10066/10066
f 11012/11012 11013/11013 11014/11014
f 11015/11015 11016/11016 11017/11017
f 11018/11018 11019/11019 11020/11020
f 8476/8476 11021/11021 11022/11022
f 9413/9413 11023/11023 11024/11024
f 11025/11025 11026/11026 11027/11027
f 11028/11028 11029/11029 11030/11030
f 11031/11031 11032/11032 11033/11033
f 11034/11034 11035/11035 11036/11036
f 11037/11037 11038/11038 11039/11039
f 11040/11040 11041/11041 11042/11042
f 11043/11043 11044/11044 11045/11045
f 11046/11046 11047/11047 11048/11048
f 11049/11049 11050/11050 11051/11051
f 11052/11052 11053/11053 11054/11054
f 11055/11055 11056/11056 11050/11050
f 11057/11057 11058/11058 11059/11059
f 11060/11060 11061/11061 11062/11062
f 11063/11063 11064/11064 11065/11065
f 11066/11066 11067/11067 11068/11068
f 11069/11069 11070/11070 11071/11071
f 11072/11072 11034/11034 11073/11073
f 11074/11074 11075/11075 11076/11076
f 11077/11077 11078/11078 11079/11079
f 11080/11080 11081/11081 11082/11082
f 11083/11083 11084/11084 11085/11085
f 11086/11086 11087/11087 11088/11088
f 11089/11089 11090/11090 11091/11091
f 11092/11092 11093/11093 11094/11094
f 11095/11095 11096/11096 11097/11097
f 11098/11098 11099/11099 11100/11100
f 11101/11101 11102/11102 11103/11103
f 11104/11104 11105/11105 11106/11106
f 11107/11107 11108/11108 11109/11109
f 11110/11110 11111/11111 11112/11112
f 11113/11113 11114/11114 11115/11115
f 11116/11116 11117/11117 11118/11118
f 11119/11119 11120/11120 11121/11121
f 7845/7845 11122/11122 11123/11123
f 11124/11124 11097/11097 8047/8047
f 11125/11125 11126/11126 11127/11127
f 11128/11128 11129/11129 11130/11130
f 11086/11086 11131/11131 11132/11132
f 11133/11133 11134/11134 11135/11135
f 8482/8482 11136/11136 11137/11137
f 11138/11138 11139/11139 11140/11140
f 11141/11141 11142/11142 11143/11143
f 11144/11144 11145/11145 11146/11146
f 11147/11147 11148/11148 11122/11122
f 11149/11149 11150/11150 11151/11151
f 11152/11152 11090/11090 11153/11153
f 11154/11154 11155/11155 11156/11156
f 11157/11157 11158/11158 11159/11159
f 11160/11160 11161/11161 11162/11162
f 11163/11163 11106/11106 11164/11164
f 7875/7875 11165/11165 11166/11166
f 11167/11167 11168/11168 11169/11169
f 11170/11170 11171/11171 11172/11172
f 11130/11130 11126/11126 11173/11173
f 11174/11174 11175/11175 11176/11176
f 11177/11177 11136/11136 11178/11178
f 11179/11179 11180/11180 11181/11181
f 11182/11182 11126/11126 11183/11183
f 11184/11184 11185/11185 11057/11057
f 11186/11186 11187/11187 11173/11173
f 7875/7875 11188/11188 11189/11189
f 11190/11190 11191/11191 8146/8146
f 11192/11192 11193/11193 11194/11194
f 11195/11195 11196/11196 11197/11197
f 11198/11198 11199/11199 11200/11200
f 11201/11201 11202/11202 11203/11203
f 11204/11204 11205/11205 11206/11206
f 11207/11207 11093/11093 11208/11208
f 11146/11146 11209/11209 11210/11210
f 11211/11211 11212/11212 11141/11141
f 11209/11209 11213/11213 6876/6876
f 11214/11214 11177/11177 11147/11147
f 11215/11215 11216/11216 9721/9721
f 11217/11217 11127/11127 11092/11092
f 11218/11218 11053/11053 11219/11219
f 11220/11220 11050/11050 11221/11221
f 11222/11222 11223/11223 11224/11224
f 11224/11224 11225/11225 11226/11226
f 11227/11227 11228/11228 11161/11161
f 11229/11229 11069/11069 11230/11230
f 11231/11231 11232/11232 11233/11233
f 11234/11234 11235/11235 11236/11236
f 11237/11237 11238/11238 11239/11239
f 11240/11240 11241/11241 11023/11023
f 11242/11242 11243/11243 11244/11244
f 11245/11245 11246/11246 11247/11247
f 11248/11248 11249/11249 11036/11036
f 11250/11250 11131/11131 11251/11251
f 11102/11102 11089/11089 11252/11252
f 11253/11253 11254/11254 11255/11255
f 11256/11256 11257/11257 11258/11258
f 11259/11259 11260/11260 11261/11261
f 11262/11262 11263/11263 11264/11264
f 11265/11265 11266/11266 11267/11267
f 11165/11165 11268/11268 11166/11166
f 11269/11269 11270/11270 11271/11271
f 11168/11168 11272/11272 11273/11273
f 11274/11274 11275/11275 11276/11276
f 11268/11268 11135/11135 11277/11277
f 11146/11146 11278/11278 11279/11279
f 11280/11280 11281/11281 11282/11282
f 11283/11283 11284/11284 11285/11285
f 11286/11286 11284/11284 11287/11287
f 11288/11288 11289/11289 11290/11290
f 11050/11050 11056/11056 11263/11263
f 11291/11291 11292/11292 11293/11293
f 11211/11211 11141/11141 11146/11146
f 11228/11228 11294/11294 11147/11147
f 11295/11295 11296/11296 11164/11164
f 11297/11297 11298/11298 11299/11299

