# https://github.com/mikedh/trimesh
mtllib material.mtl
usemtl Fallen_Generic_Leaves
v 98.06710169 40.59332483 -11.82608689
v 99.33133814 40.09255047 -11.67584877
v 98.82044337 41.01254098 -11.86986443
v 89.47744105 43.66502709 -13.17899267
v 89.15760157 44.18422262 -13.31713057
v 89.21000025 42.79437586 -13.07474448
v 90.83466456 44.82338280 -13.18547784
v 90.07378504 44.22375435 -13.19364119
v 90.75296900 44.44168039 -13.12802844
v 88.21369288 40.44417478 -12.78279768
v 86.41835902 40.71004391 -12.85562793
v 88.50095484 40.13934233 -12.71640664
v 90.74988673 40.61190704 -12.61368455
v 91.82381556 40.68691498 -12.49397936
v 90.64272425 41.87246276 -12.76692877
v 91.42606470 42.37416412 -12.73560256
v 87.20169947 39.66310409 -12.63265107
v 86.01984522 40.31926633 -12.80374798
v 90.40723536 45.41354314 -13.35889407
v 89.68236658 44.91952077 -13.37389338
v 85.30809901 41.12149379 -12.98631952
v 85.24868128 41.90535684 -13.14356147
v 87.26206324 41.51824519 -13.02036194
v 90.84627650 45.76550618 -13.36779000
v 90.93952296 45.29034751 -13.26175660
v 90.51064417 43.71110865 -13.03334753
v 90.40590784 42.34558439 -12.85835952
v 90.64730189 43.55762813 -12.99488010
v 89.94898341 43.27591273 -13.04068694
v 85.74558375 41.88586755 -13.12694465
v 87.65862391 41.47317455 -12.99436096
v 86.98986170 42.77003424 -13.30522848
v 86.32148096 42.90038625 -13.37868431
v 86.26136133 42.63825171 -13.30974506
v 86.16655848 40.72084713 -12.86728564
v 86.99048731 40.56446744 -12.81706894
v 86.21292994 40.95999812 -12.91271110
v 87.80019495 42.85615867 -13.26489952
v 87.40155909 43.23075810 -13.37555632
v 92.58368799 41.10788209 -12.45290277
v 91.49727747 42.48151733 -12.74109574
v 89.90851710 41.34786941 -12.79248716
v 86.36057398 43.11867085 -13.42118008
v 90.31907007 42.31147337 -12.86543959
v 89.69033167 42.09383344 -12.91838755
v 91.15091822 42.56722594 -12.79630206
v 89.42302820 41.99797772 -12.93709481
v 90.40157435 39.68505388 -12.54625581
v 89.80484888 40.49325469 -12.70180404
v 88.84864161 40.00536254 -12.67952613
v 87.41039393 41.16947077 -12.94327449
v 88.31195948 40.26468946 -12.74378093
v 88.10558436 40.60742856 -12.81786241
v 86.79070399 40.38233854 -12.78290448
v 89.01479456 44.41311208 -13.37862352
v 88.35637781 44.13992252 -13.43097639
v 89.16030237 42.91243692 -13.10208825
v 89.11193201 45.25094927 -13.52860230
v 88.16625330 45.60701308 -13.73534369
v 88.88610194 41.22487926 -12.87451839
v 89.33699915 41.13465405 -12.82796381
v 89.15892908 41.31619548 -12.87366391
v 87.44359705 41.71665522 -13.05225285
v 86.78292200 40.14188673 -12.73651773
v 88.70180628 40.89581967 -12.82942862
v 88.11348841 41.58690975 -12.98552614
v 88.48162195 40.32675459 -12.74718365
v 89.31516382 40.87232114 -12.78707021
v 88.43581507 42.81102318 -13.18091513
v 89.12755701 42.50978800 -13.04431840
v 88.84368250 46.03863845 -13.72467787
v 89.37572596 41.04483319 -12.81140801
v 86.94368861 46.25898676 -14.00789629
v 87.67218897 45.27199111 -13.74130982
v 87.25303004 46.45066767 -14.00827779
v 86.19371912 45.80073100 -13.99733713
v 86.45852015 44.98090681 -13.82006038
v 86.98296473 44.54700027 -13.68138844
v 88.50998804 46.15239653 -13.79242691
v 88.11705897 46.28589566 -13.86765276
v 87.74916956 46.35760814 -13.92720783
v 89.19745753 42.55699488 -13.04273150
v 89.91729090 41.40040160 -12.79781249
v 88.84249232 42.43278071 -13.06470413
v 90.54457972 45.82012119 -13.42577341
v 90.05960963 45.91181506 -13.51575451
v 91.03672144 45.72866766 -13.33403756
v 89.14637110 42.69123408 -13.06674885
v 88.95662806 41.92468212 -12.98068916
v 90.05063746 41.39178039 -12.78049376
v 89.58905909 41.12517835 -12.79851435
v 88.47936365 41.74623821 -12.99246892
v 89.30098841 40.90759946 -12.79390616
v 90.17455408 41.14700605 -12.73555659
v 87.47817347 41.44539592 -12.99944213
v 87.85415003 40.91110134 -12.88507742
v 88.57492945 40.21507551 -12.72341044
v 90.12799952 40.96983244 -12.72287650
v 89.21350977 39.95644287 -12.65421179
v 87.38198206 40.67905331 -12.83951464
v 87.95134852 39.88199905 -12.66988255
v 89.58127711 44.09349388 -13.23999737
v 92.34519312 41.06852204 -12.47559258
v 91.68991968 41.86976579 -12.64704047
v 91.84302637 40.79873901 -12.50429432
v 89.79055140 43.11246821 -13.03797085
v 89.17485926 43.18219323 -13.14630826
v 88.15967676 42.63267845 -13.18747638
v 88.37226221 43.24161094 -13.26366362
v 87.72275660 43.28802053 -13.35854277
v 87.60892603 42.43910546 -13.18918534
v 88.43726466 42.23599192 -13.08211438
v 91.04712794 42.16838791 -12.75417248
v 90.78270838 43.02364682 -12.90592127
v 92.44991419 42.83185437 -12.67194297
v 91.91022608 42.14613965 -12.65453258
v 92.23368189 41.70324950 -12.56461246
v 91.66713831 42.73665573 -12.75119710
v 91.61606715 42.25318863 -12.70008008
v 89.74643824 45.97207201 -13.57804089
v 90.68357203 43.85703227 -13.03180642
v 88.47309229 42.19518229 -13.07335583
v 88.72515223 41.82329128 -12.99060736
v 87.62555811 46.37956935 -13.94736469
v 88.79184840 41.79752682 -12.98128423
v 85.62548182 43.08674565 -13.41152126
v 90.71482203 44.11361643 -13.07405805
v 85.44928858 42.62543051 -13.29572223
v 85.76647303 41.82586618 -13.11336431
v 86.39803431 42.81119482 -13.35214926
v 86.81661341 42.15773720 -13.18637767
v 88.07376978 42.65745491 -13.20140766
v 87.53295252 43.39608327 -13.40074860
v 86.01113245 43.52839602 -13.52722873
v 91.33840296 42.69547225 -12.78937459
v 91.75756190 42.10855725 -12.67719187
v 92.35799525 41.94055800 -12.57775032
v 86.78957484 44.24074112 -13.63991500
v 86.07022974 45.27217800 -13.89739198
v 88.60468409 39.94359496 -12.68524816
v 86.42701075 44.72238097 -13.76305351
v 85.54203150 44.91809018 -13.83225215
v 85.26574061 44.57968840 -13.77519948
v 85.46340296 44.25265441 -13.70345260
v 87.45482752 43.98569811 -13.51869914
v 88.68380091 43.76196997 -13.31888526
v 86.70153162 44.65627990 -13.73677786
v 87.27800867 44.52109086 -13.63970142
v 88.04377100 44.33940448 -13.50852158
v 88.20296595 44.31698169 -13.48438218
v 93.50571558 39.85763799 -12.19301487
v 92.85834620 39.37573157 -12.21375149
v 88.36855433 44.29976597 -13.45651962
v 88.89475367 41.60237454 -12.94017702
v 89.01360438 42.06397960 -12.99289621
v 87.78763697 41.92185541 -13.07416450
v 88.33046839 42.36530633 -13.11658401
v 85.86756251 40.59606838 -12.86081590
v 85.68998072 43.64134538 -13.56639806
v 87.82277796 43.31804220 -13.34886871
v 86.61989710 43.56561603 -13.49881687
v 85.88877222 43.88862931 -13.61289163
v 87.22680018 43.77136935 -13.50545447
v 86.51882288 44.25650345 -13.66004135
v 86.79076502 41.88820215 -13.11981879
v 86.88149378 42.18104881 -13.19052807
v 86.04074976 40.92611598 -12.91110892
v 86.85608790 39.78190139 -12.67050815
v 86.50438807 39.90225127 -12.70810582
v 86.27140162 40.41206647 -12.80809675
v 86.15996668 40.02628996 -12.74649696
v 85.92591212 40.53703213 -12.84737289
v 85.71151087 40.09393218 -12.68799477
v 90.45566675 39.66359620 -12.53908418
v 89.76093409 40.53154280 -12.70877731
v 90.73728297 40.47088913 -12.59946334
v 87.36472437 41.49969051 -13.01653199
v 85.66211817 43.56534899 -13.54259433
v 85.79320643 44.11980377 -13.66695355
v 86.05317042 39.86628249 -12.70159031
v 86.27773402 39.90198805 -12.71868016
v 85.67580530 40.28365613 -12.76564678
v 85.84929774 39.91714385 -12.65326574
v 89.35871241 45.99900376 -13.64450818
v 91.78504298 41.90368894 -12.64945136
v 92.32787440 41.41446929 -12.52793029
v 92.34989283 41.31506973 -12.51407529
v 92.35259363 41.56482940 -12.53420167
v 92.24636195 40.17299183 -12.38211710
v 85.01431773 41.55365702 -13.08597474
v 84.70848582 41.58422038 -13.06198793
v 84.47029612 41.67128703 -13.03563602
v 83.70113871 40.83444550 -12.71939748
v 84.16596720 40.49640945 -12.61943710
v 83.72918436 41.15678742 -12.70897578
v 83.77818796 41.51192810 -12.74889283
v 84.12035105 41.18166687 -12.73050593
v 83.91428873 41.51108505 -12.75362305
v 83.20731089 42.09207105 -12.88165965
v 83.30005381 42.17686796 -12.89179150
v 82.94678232 42.25519131 -12.93135755
v 83.91058848 42.04302547 -13.00417245
v 83.76946757 42.13200710 -12.98386302
v 83.73740885 42.06190060 -12.94762339
v 84.19797251 41.40434599 -12.82996276
v 84.79131815 40.77600815 -12.74639027
v 84.61988566 40.86550857 -12.73830312
v 84.93795512 40.24606614 -12.56293376
v 84.36449930 41.33230925 -12.85703184
v 84.37090800 41.09378768 -12.76080987
v 83.44819376 42.09245634 -12.86843028
v 83.35909769 42.01092863 -12.85721505
v 84.91530344 41.09149884 -12.93070123
v 84.37711832 40.78592256 -12.67458241
v 83.75761149 41.34392120 -12.73544981
v 84.04775736 41.29419281 -12.74378110
v 83.79174540 41.68921996 -12.78172977
v 83.56597636 41.67345000 -12.78328616
v 84.09531901 40.78974489 -12.66074269
v 83.30701945 41.88079787 -12.83202277
v 84.01355479 41.77341031 -12.90180120
v 83.82901499 41.84431791 -12.87279425
v 83.89289591 41.79676771 -12.87103948
v 85.19904444 41.24867198 -13.01671505
v 85.29517481 41.92524667 -13.14447700
v 81.20854685 39.90521190 -12.99059178
v 80.98660776 39.44237088 -12.91390103
v 81.99408457 41.43474906 -13.24942687
v 84.60821268 40.64785722 -12.65616503
v 84.64021799 41.40404842 -12.97748473
v 82.89050028 41.60959195 -12.92510134
v 82.37891886 42.07796808 -13.12866892
v 82.79198954 41.27061411 -13.07068539
v 84.96223948 40.03726870 -12.49646644
v 85.35779688 40.22963241 -12.64139445
v 85.03690836 40.39095977 -12.63822065
v 84.84414408 41.42373225 -13.03586486
v 84.14099619 41.99072596 -13.05814278
v 84.12392924 41.77344082 -12.95691594
v 83.35143778 40.93336821 -12.84802909
v 85.24434778 40.72969770 -12.86398975
v 83.41870615 41.14550353 -12.77872370
v 84.29316447 39.82006745 -12.60140110
v 84.43446848 41.81687494 -13.08168707
v 83.69668314 41.12651779 -12.72119806
v 84.38006327 39.98115449 -12.57410315
v 83.85197947 40.61064866 -12.68813218
v 82.93078348 42.12396573 -12.92049327
v 82.79404948 42.20529507 -12.96453015
v 83.92049906 42.44211525 -13.19501419
v 84.01029703 40.55068496 -12.65042770
v 84.35947916 40.43304352 -12.62285505
v 84.70202372 40.32483201 -12.56938824
v 82.32494852 41.91942543 -13.18442451
v 82.07728312 41.61053412 -13.27730471
v 81.62576029 40.76301522 -13.13651172
v 84.40121195 42.12904686 -13.19388499
v 85.55030176 40.01081376 -12.59351233
v 84.83273051 41.83800073 -13.14324102
v 82.65889475 42.16240261 -13.00406566
v 82.56715891 42.13610026 -13.03404918
v 85.24170801 44.17538010 -13.67784834
v 85.27999232 44.43774733 -13.74640612
v 84.75680277 44.13349854 -13.63538312
v 84.72724650 43.26935139 -13.43872771
v 84.25632975 43.49179019 -13.46878756
v 84.20713541 43.22713032 -13.42310270
v 85.48102686 40.59094143 -12.85793198
v 84.85719797 41.06411695 -12.89995477
v 83.79770396 40.23681213 -12.75937541
v 83.28851054 40.72196530 -12.93698779
v 84.46809885 40.19364457 -12.57482035
v 84.95031473 40.55023101 -12.68706406
v 85.11333582 40.65271712 -12.78603258
v 84.58248637 40.92324402 -12.75241751
v 85.15361903 44.00203263 -13.62744853
v 85.24749110 40.00383287 -12.53063086
v 85.41797755 40.18124679 -12.63750345
v 83.55455515 42.14999722 -12.92153087
v 83.42290995 42.23145627 -12.91454236
v 83.10026285 42.30002926 -12.93242567
v 83.23592875 42.33860730 -12.93541640
v 84.28506205 43.61381473 -13.49109593
v 85.31908533 40.78900861 -12.90329640
v 85.15059778 39.88605791 -12.47539403
v 84.63168070 40.32174210 -12.57648358
v 83.90469096 42.34885736 -13.13680190
v 84.49187968 41.45959423 -12.95539001
v 84.30024454 40.85007813 -12.68411916
v 83.88492319 42.23703333 -13.06932752
v 85.02699015 41.55328699 -13.08531862
v 83.86791727 42.03965328 -12.98621286
v 84.15266917 41.87401912 -13.01174079
v 84.85593912 42.65076773 -13.29929279
v 83.95055888 42.54857963 -13.25412676
v 85.12192652 44.51918349 -13.76071888
v 83.68896220 40.66517975 -12.74181261
v 85.37850306 40.07227616 -12.58345680
v 84.46276591 44.31718384 -13.66171982
v 82.36561320 40.62486215 -13.10098924
v 84.84464762 42.95817510 -13.36194543
v 83.51101420 42.29516552 -12.95769422
v 83.38174937 42.37234447 -12.97000808
v 84.11916086 42.77635137 -13.33972860
v 83.00601694 40.32648036 -13.02768597
v 83.25424692 40.60403011 -12.98827256
v 83.44869730 39.64374875 -12.89377473
v 83.66411326 39.87373686 -12.86070897
v 83.71381113 40.00487471 -12.82477454
v 85.09851954 44.66466459 -13.79651602
v 83.80077860 41.67775680 -12.77913577
v 84.48648569 41.67253062 -13.04024417
v 84.63023875 40.17477326 -12.55409891
v 85.64957545 41.25353143 -12.99689388
v 85.03960917 41.55292460 -13.08466249
v 84.72517893 41.58581873 -13.06632143
v 97.18341944 34.74796157 -11.08342542
v 96.79250452 34.24438696 -11.06867009
v 97.31971094 34.55168372 -11.05338083
v 96.14927027 35.46268322 -11.28154565
v 96.82557032 35.26732877 -11.18228720
v 97.33094141 34.53758460 -11.05113778
v 96.85619471 35.84533170 -11.22524078
v 97.32573817 34.99347155 -11.08304399
v 97.70096705 34.76598972 -11.02541150
v 100.72515223 31.25584640 -10.55956010
v 101.68349573 32.92575300 -10.66925581
v 100.39641688 31.82901610 -10.61630763
v 99.98316309 31.69858015 -10.63200890
v 98.12004969 36.28198842 -11.17166724
v 97.12198756 36.62528850 -11.29121991
v 94.97979090 33.31059912 -11.16637196
v 94.86866114 33.72897604 -11.22919246
v 94.48256800 34.73758185 -11.39450635
v 94.89031336 31.18789179 -10.96106461
v 94.10439417 30.61427576 -10.97043341
v 95.06235621 30.49846920 -10.88626591
v 95.58780787 31.67871363 -10.94276940
v 94.08927271 32.56350211 -11.18555214
v 95.96341822 31.93568690 -10.93010465
v 95.47254298 33.24106483 -11.10626758
v 95.27701685 33.47760657 -11.15039603
v 95.39467737 30.57781490 -10.86780279
v 95.87462733 30.68892941 -10.84056587
v 96.77317164 30.93747602 -10.78874706
v 96.41713831 32.27080806 -10.92126986
v 96.43094752 35.80682613 -11.26891143
v 96.11432764 35.77565242 -11.30087859
v 95.66492579 35.65432216 -11.33728604
v 95.33016321 35.56222797 -11.37654689
v 93.78380701 35.10838578 -11.53523822
v 94.55799219 34.79099143 -11.39125623
v 95.12705347 33.18203239 -11.13733446
v 94.45401881 32.84154776 -11.17984539
v 94.55761072 32.76557425 -11.15970378
v 95.06336329 32.79273491 -11.10574871
v 98.61162684 38.81970428 -11.49416216
v 98.36144373 37.32535769 -11.28972466
v 99.22208521 38.40484452 -11.39736034
v 95.21264002 38.94999950 -11.84786092
v 95.72089503 38.20519514 -11.68051765
v 97.02938196 38.99569150 -11.64531576
v 97.41182825 38.79740736 -11.58118303
v 97.23807642 37.79329180 -11.45015565
v 96.52538416 37.90696595 -11.54347842
v 94.97200892 38.08889264 -11.76448675
v 94.90448878 37.90872449 -11.75459903
v 94.87537501 37.74174375 -11.73624268
v 98.43930933 39.18615934 -11.56262841
v 96.93581507 39.22292919 -11.68939844
v 96.84407923 39.46560115 -11.73381681
v 96.15203211 39.49370067 -11.81636686
v 96.75956080 39.85096186 -11.80181004
v 96.43917200 33.85653954 -11.06831907
v 95.79776881 33.05740243 -11.05837021
v 96.53605006 34.23113852 -11.07542973
v 100.35889551 38.23895098 -11.31957100
v 99.98755762 37.74170139 -11.25820007
v 100.13871119 38.64373994 -11.39490371
v 95.20705530 37.51665755 -11.66083370
v 94.18677637 37.80342738 -11.83774415
v 94.38907740 36.52982589 -11.63826579
v 97.50945399 35.64118437 -11.13956265
v 97.62020228 33.03085550 -10.88629684
v 98.62868616 32.44970165 -10.77692175
v 97.85701868 33.17124780 -10.88104784
v 94.78714869 38.41528957 -11.83247997
v 94.46248743 38.51792017 -11.89580396
v 95.50623438 37.51316329 -11.61492001
v 99.60767481 36.66037587 -11.13583967
v 94.99898646 35.11574042 -11.37450214
v 95.36443445 33.48629264 -11.14183586
v 96.00872156 33.99381904 -11.12584473
v 94.26683924 34.56498217 -11.40529428
v 103.22501490 35.58200654 -10.88620570
v 102.72843287 35.86531647 -10.93182953
v 102.84262965 34.90563020 -10.82221023
v 100.52065394 37.96087100 -11.26836246
v 98.11528895 35.41546088 -11.06394005
v 98.06577418 34.97726673 -11.01796525
v 97.59397242 35.70733885 -11.13901334
v 97.29912684 35.19313662 -11.10930440
v 97.99964258 35.79721670 -11.11955840
v 97.76070521 35.32308429 -11.07980918
v 98.20702479 36.76111820 -11.22771285
v 93.73876307 33.32135273 -11.32565846
v 101.57726404 34.88767454 -10.85703079
v 101.50435755 36.57081061 -11.04663677
v 100.62468836 36.34286719 -11.05260292
v 100.85955164 35.39799721 -10.93849754
v 96.99373743 34.67750030 -11.09493053
v 95.93573878 37.99748488 -11.62477726
v 96.64756129 35.45225003 -11.20311547
v 96.40039942 36.34417201 -11.34023110
v 98.48537562 37.24326541 -11.27158195
v 94.61998865 38.54723994 -11.87296156
v 102.47574732 34.26520763 -10.76723271
v 102.11293909 33.62041699 -10.71954889
v 100.24173853 37.29505375 -11.19029839
v 99.64914820 31.88718641 -10.66321316
v 99.34871790 32.41040646 -10.71011876
v 99.12879298 31.94624554 -10.70891324
v 98.93477747 32.23382793 -10.74042269
v 99.92907069 32.46837079 -10.68428564
v 95.08644984 38.63664119 -11.82243972
v 99.42037318 32.61981427 -10.72495034
v 99.50426600 35.77841407 -11.02857024
v 101.18427393 36.72780066 -11.07926009
v 100.76148341 37.55366734 -11.20465695
v 96.96537134 36.38493587 -11.27400796
v 96.48372767 37.59035371 -11.50125730
v 97.19622156 37.09432054 -11.34985951
v 97.12644312 34.82585006 -11.09908095
v 96.19690821 36.05121852 -11.34291660
v 97.53926966 36.83845355 -11.28745103
v 98.57271693 32.97089991 -10.81412276
v 99.34827540 32.98793636 -10.75819930
v 99.68096278 33.09809719 -10.75218735
v 94.75414393 32.74750022 -11.13350444
v 95.26108668 32.35058099 -11.04402683
v 95.28203699 32.41676598 -11.04926061
v 95.55492518 32.74507790 -11.05483012
v 95.63361475 32.84792977 -11.05507428
v 97.28481409 32.88982996 -10.88567121
v 97.01807520 31.30859647 -10.80112200
v 97.41376612 32.00866971 -10.81406157
v 97.49784205 35.23501055 -11.09485433
v 97.81466028 35.64254598 -11.11289028
v 94.14812586 30.24118693 -10.93349182
v 97.62485621 31.14904295 -10.73953750
v 97.34630701 31.07978712 -10.75807692
v 96.92000696 34.35273200 -11.05295355
v 95.94295618 35.82741786 -11.34612091
v 96.55977747 36.27428295 -11.30995765
v 95.24608729 37.07380935 -11.59757069
v 97.71080897 33.35072168 -10.90961232
v 96.43177149 33.66073113 -11.05138178
v 98.80877039 33.28845439 -10.81308521
v 98.27886317 34.61137230 -10.96707713
v 99.17948267 33.91660914 -10.84821105
v 99.39785120 35.90252524 -11.04987153
v 99.72275660 37.58978107 -11.25163877
v 96.83171961 33.43721992 -10.99400870
v 95.71988795 32.95601922 -11.05592879
v 102.25927088 13.36586982 -8.08360504
v 101.10584376 16.51813720 -8.54577901
v 100.94985316 13.45151742 -7.99040437
v 102.11168787 18.21018426 -8.95572192
v 103.19646570 8.20592732 -7.29907356
v 104.40134547 5.95964287 -7.10937593
v 104.99036524 7.44228594 -7.45845149
v 103.92974207 4.78145840 -6.84329297
v 97.89209864 14.24996376 -9.94813765
v 102.21132777 11.77941316 -10.29736516
v 102.47298548 12.59482755 -10.54777728
v 101.68462488 8.86132284 -7.24342486
v 100.40500757 8.92769857 -7.24640034
v 100.11435816 8.11124656 -7.12730535
v 100.36730311 4.18394716 -6.57116763
v 102.57451746 8.49140401 -7.27678051
v 96.97428248 11.40236105 -9.10672178
v 96.81339381 10.80225599 -7.70390491
v 97.55368922 10.42344108 -9.01878522
v 105.95536158 14.06592773 -8.51651226
v 106.12822840 17.59579675 -8.91034218
v 104.71264002 18.10010734 -9.04408555
v 100.57335779 9.34192891 -7.31031947
v 95.11068079 15.16502595 -8.43077330
v 96.40032313 12.38733896 -7.94807631
v 97.06676600 14.43289403 -8.21901171
v 101.17675135 18.24585168 -8.89215381
v 101.12993738 17.38560696 -8.71545689
v 96.53774378 16.50524352 -8.56106832
v 101.85303614 10.55977821 -9.94085861
v 101.42058680 9.33591657 -9.59340052
v 101.15094874 8.50266466 -9.35768262
v 93.05367396 12.42621831 -8.21418960
v 96.15303919 11.55413280 -7.82367127
v 101.86960718 6.05137875 -6.84631442
v 105.70806238 18.05667320 -8.99270920
v 97.61650965 16.20771242 -8.43060562
v 98.11829493 9.19495599 -8.92743065
v 100.62311671 8.29832661 -9.23297250
v 97.38013575 9.69099656 -7.50872956
v 101.04302332 8.10624133 -9.27192816
v 95.28373072 16.86792204 -8.65950283
v 93.79856226 17.35270900 -8.82417576
v 103.03940699 18.15367332 -9.02031236
v 104.00490687 15.53535673 -8.63246403
v 104.95032618 13.22274233 -8.36856290
v 106.05425379 18.00421349 -8.96658614
v 90.28336451 32.53335124 -11.03406287
v 90.18874476 32.36644298 -10.99600743
v 90.34404871 32.01512845 -10.92412321
v 90.73044703 31.75705275 -10.84064234
v 91.85399744 33.21424745 -11.45447314
v 90.98764918 33.58678315 -11.52498407
v 91.20549891 33.09660982 -11.43245469
v 90.74480555 33.17887759 -11.40077746
v 90.83046839 32.89049031 -11.31174237
v 91.01644251 32.14524013 -10.99614472
v 90.41112635 32.77369194 -11.12378459
v 90.78841517 32.09486707 -10.92777008
v 90.48836634 31.67076811 -10.84767662
v 93.36377833 32.69846608 -11.26813272
v 93.78788111 32.86214330 -11.25691754
v 92.98822901 33.70368456 -11.44527217
v 92.21305201 33.04263568 -11.41341171
v 92.57064173 32.38856007 -11.29851292
v 92.86556361 36.19982403 -11.81195654
v 91.51084254 35.43680826 -11.92195702
v 92.26606104 36.07105891 -11.88321506
v 91.59233973 35.54349008 -11.92258265
v 91.73163721 35.44937769 -11.88937951
v 91.45945093 35.35742441 -11.94685935
v 91.70353052 35.37489192 -11.88284874
v 91.39612696 35.25839498 -11.97983358
v 91.62854883 35.29128531 -11.88664816
v 91.34116480 35.17439534 -12.00369831
v 93.70462916 37.12229030 -11.81098012
v 92.81266138 36.36685436 -11.83380715
v 93.21218226 36.33484906 -11.77890602
v 94.04264185 38.44404855 -11.93436291
v 93.75092432 38.14235559 -11.93266913
v 94.07502100 37.79598109 -11.84433595
v 92.62824366 36.64895121 -11.89740583
v 92.43799708 36.39480082 -11.88478677
v 92.98383448 37.13368479 -11.91293936
v 91.08767054 32.50036934 -11.20692969
v 90.89817164 36.90062964 -12.13197923
v 91.23549769 36.64094032 -12.06375715
v 91.59227869 37.16394675 -12.08836966
v 90.98250696 31.83342680 -10.86763515
v 91.50719569 32.67412067 -11.35524515
v 91.21253321 31.89422924 -10.95178738
v 91.44840357 31.95544749 -11.06093351
v 91.89992640 32.13927724 -11.25626130
v 91.80274317 35.74556223 -11.91492277
v 92.11309168 36.05030314 -11.90501987
v 92.22922632 36.17743556 -11.87969030
v 91.96637842 35.00315362 -11.79500383
v 92.60358546 36.21542232 -11.83818640
v 93.33409998 33.62126421 -11.41635675
v 92.90006373 33.94669221 -11.51740051
v 92.33998987 34.52352018 -11.67749581
v 92.93244288 38.05713905 -12.03798528
v 91.39392969 38.38266239 -12.28328563
v 89.60067103 38.89644915 -12.49098835
v 91.85996363 37.71366751 -12.13776245
v 90.28713343 37.95940694 -12.32787174
v 90.41776392 37.63041982 -12.27887572
v 90.21158716 37.72004232 -12.29794922
v 90.55431483 37.30397712 -12.21883233
v 90.90432093 37.41091787 -12.19621882
v 94.13117335 38.92078652 -11.98621235
v 93.68511317 39.61402762 -12.13715241
v 94.26018641 38.51367060 -11.91504529
v 90.46244166 34.20596572 -11.64421634
v 90.12850306 33.98778841 -11.55139709
v 90.58480189 33.95663711 -11.59609008
v 90.07265589 34.19333955 -11.61165409
v 93.10462305 33.82251238 -11.45317624
v 92.59995386 34.80161925 -11.64742079
v 92.78159449 37.36953225 -11.97197565
v 92.11020777 37.37729896 -12.06299433
v 93.69394800 36.75771588 -11.76422714
v 92.61237452 37.44176735 -12.00400386
v 92.44614527 37.51743187 -12.03562008
v 92.45172999 36.83487192 -11.94656968
v 93.18319056 35.89918775 -11.71961030
v 93.90277979 36.22865553 -11.66452612
v 94.23571131 35.38202165 -11.51128197
v 93.60440943 36.99198406 -11.80759265
v 90.91033289 35.98228350 -11.97009859
v 91.41169092 36.23393120 -11.99010290
v 91.04605982 36.53591026 -12.06360454
v 92.05498621 34.96681864 -11.72330277
v 92.24372217 35.13230783 -11.73703571
v 93.28534815 33.90291857 -11.44171690
v 91.94849512 33.75313828 -11.53191158
v 92.15017054 32.91376757 -11.40085371
v 92.15268824 32.96524310 -11.40753706
v 90.01255152 34.38020630 -11.66565497
v 91.34122584 38.55438098 -12.30968336
v 92.20180628 39.32768163 -12.29149501
v 94.12867091 38.45589700 -11.93221142
v 93.97179529 38.42875925 -11.94161083
v 90.61191675 36.79683197 -12.12189316
v 92.33257410 34.37792464 -11.65900214
v 91.99599573 34.64342767 -11.76621043
v 91.56235621 38.06984959 -12.22339483
v 92.07756922 38.20660650 -12.17174385
v 92.10424158 38.39607106 -12.19226695
v 92.05748865 38.02023184 -12.15112920
v 91.21962855 38.25739536 -12.28323983
v 89.54131434 38.91209322 -12.49744282
v 90.31173060 33.56221270 -11.43599480
v 90.19947169 33.30782582 -11.29147877
v 93.54009363 32.66189077 -11.24832681
v 92.51416895 34.65738185 -11.63928783
v 93.65473292 38.30618539 -11.96719980
v 90.61498377 33.51565431 -11.50037163
v 90.11551783 32.99765329 -11.14574203
v 90.41977808 35.46826068 -11.89992334
v 91.55381129 34.54926176 -11.68346201
v 91.09299586 34.48203916 -11.69891915
v 92.39363978 32.10898473 -11.24971527
v 92.45682642 32.53521229 -11.32758094
v 92.14327357 34.06649277 -11.56087282
v 93.24154017 31.69035224 -11.15910851
v 92.50237391 31.63541678 -11.16335045
v 93.13324854 37.33727518 -11.91783746
v 89.68821070 36.45599640 -12.08847635
v 89.99962733 34.86854833 -11.77644912
v 90.45635340 34.85131734 -11.77547255
v 90.74028895 38.14816198 -12.31163642
v 92.90076563 32.09854391 -11.23673004
v 93.14798853 31.37699012 -11.11977130
v 92.84246180 31.89167288 -11.20795193
v 86.80042383 35.49288478 -11.96285059
v 86.91268275 35.49658886 -11.91516687
v 86.81705591 36.17576901 -11.88204015
v 86.87697718 38.12750540 -12.23885199
v 87.06560633 38.87199312 -12.50766620
v 86.94268153 38.86660677 -12.50992450
v 86.74810145 38.10723792 -12.19216009
v 86.85257838 37.49003138 -12.01981197
v 86.74163172 37.49769892 -12.01022945
v 86.82647059 36.84189145 -11.87900376
v 86.71666834 36.84440533 -11.89554429
v 86.70372889 36.17074123 -11.92917455
v 86.72959254 38.80122286 -12.46308001
v 86.59148524 37.49260249 -11.99634395
v 86.60967371 36.84583965 -11.91768479
v 86.54372523 38.80615528 -12.41933306
v 86.48136256 38.16423332 -12.17108772
v 86.71233485 34.69716183 -11.92636669
v 86.36715052 38.81050404 -12.37430437
v 87.12470362 38.12965688 -12.31290290
v 87.25905726 37.39928353 -12.08026728
v 87.30410120 38.13350590 -12.35921332
v 87.03974268 37.40458216 -12.03192744
v 87.20784876 36.82582776 -11.87267136
v 86.48751185 34.68624797 -11.93912304
v 86.88639185 34.00923841 -11.81270386
v 86.57396815 35.47367396 -12.02338220
v 86.22785303 35.37174524 -12.05914878
v 86.30265162 36.16209329 -12.09796727
v 86.08216212 36.14490425 -12.15622533
v 85.99437830 36.81231987 -12.13191818
v 86.29512903 37.35919489 -12.01349481
v 86.53029749 37.33264842 -11.96309503
v 85.88437769 37.87856590 -12.16667788
v 86.50350306 36.16645350 -12.01788915
v 86.40680811 36.83473887 -11.98363328
v 85.91040919 37.56960213 -12.15018308
v 87.36208460 36.81640164 -11.87334275
v 87.51487086 36.80188671 -11.90190720
v 86.93264124 36.17908018 -11.82980932
v 86.96213648 39.07664018 -12.54129661
v 86.53977320 38.95292193 -12.47470723
v 87.05236170 38.43857868 -12.39806225
v 88.32927820 35.32352362 -11.53291892
v 88.42565272 35.43853304 -11.57678796
v 88.19524500 35.96165771 -11.72032747
v 87.55057642 38.47908694 -12.43707898
v 87.68354151 38.42376239 -12.42511608
v 87.34125635 38.54040820 -12.45262769
v 88.34295008 38.18168171 -12.37198494
v 87.38085291 38.34928043 -12.41634226
v 87.17496607 38.43904407 -12.42342236
v 86.86699793 38.50796040 -12.37349561
v 87.08637354 38.54282672 -12.44336561
v 88.90654871 35.64868848 -11.85057644
v 89.02941248 36.05939021 -12.00572788
v 88.77440760 35.99730983 -11.94803438
v 86.73737452 38.65659244 -12.40344864
v 86.49892542 38.75380619 -12.38416154
v 86.28251002 35.54581369 -12.07997706
v 86.65999720 34.88254085 -11.95717422
v 87.06635401 35.03870312 -11.88870806
v 89.07904932 39.05133348 -12.52947104
v 88.80678675 39.50549225 -12.60906096
v 89.96083948 33.34074333 -11.20084157
v 89.88128016 33.06600504 -11.11664353
v 86.07248804 36.25023186 -12.16092505
v 85.70949671 36.04188834 -12.19429599
v 86.38861964 34.82755962 -11.96642104
v 88.42139551 35.26538382 -11.53067587
v 88.12685511 35.67757341 -11.55986600
v 88.22486231 35.24065314 -11.50034139
v 88.62156031 35.27968511 -11.58612631
v 88.32865259 35.68768998 -11.63084989
v 88.82505152 35.28300770 -11.65981100
v 88.63259241 35.69101637 -11.77297025
v 89.02564356 35.28103167 -11.73462484
v 89.28479883 35.32272630 -11.82930564
v 88.80214808 35.89665905 -11.91960724
v 88.02080653 36.07155151 -11.71838962
v 86.06980250 39.23025805 -12.44533411
v 86.01909754 39.02757557 -12.36797201
v 86.22490809 39.10318286 -12.42796958
v 88.31308863 36.17817227 -11.89050878
v 87.91596339 36.46438519 -11.89212626
v 88.13594935 36.46604075 -11.97392863
v 89.72722742 33.41109399 -11.16127554
v 89.81351588 33.68584754 -11.28964778
v 88.33115504 36.54235757 -12.06017131
v 87.73919031 37.32439338 -12.19597466
v 89.62984583 35.43650714 -11.89084435
v 88.46161768 36.97802269 -12.17864062
v 88.77108118 39.44010453 -12.59749478
v 85.65810511 39.44295413 -12.43099088
v 86.16492579 39.00220020 -12.38365804
v 86.27378199 39.23837572 -12.49828211
v 86.49999354 39.54328826 -12.64523955
v 85.91198084 39.82737640 -12.63466526
v 89.57607386 33.75502327 -11.22035763
v 86.26430628 39.31752305 -12.53658168
v 86.30246851 39.48918060 -12.61417265
v 89.20649073 37.95915517 -12.33601993
v 89.48195765 36.99232780 -12.18556812
v 86.48725245 39.26995759 -12.57738367
v 86.61261866 39.52109817 -12.63590117
v 88.86902735 36.39004815 -12.06859414
v 89.43018458 38.83597857 -12.49333819
v 88.87418482 39.09303193 -12.53519309
v 88.99892542 38.65675647 -12.45906692
v 89.16068384 36.01818766 -11.99890719
v 89.82492945 34.12257693 -11.50745180
v 89.59571192 34.17293095 -11.42871646
v 89.40653345 34.13556982 -11.34534243
v 89.76595423 37.80475911 -12.31163636
v 89.89043543 37.70642004 -12.29572143
v 89.68613550 38.55773456 -12.44502882
v 86.07857630 39.53454118 -12.56262847
v 86.82471583 39.48352341 -12.61844511
v 87.51273463 39.24248796 -12.55185571
v 87.46273157 39.35958390 -12.57089870
v 89.29998133 39.04134660 -12.52948630
v 89.56339381 35.59424106 -11.92023281
v 89.63549158 36.08351816 -12.01709568
v 89.38456080 35.63181582 -11.92503933
v 89.41770289 35.24409001 -11.83417318
v 89.79355738 37.18120871 -12.21304923
v 89.85975001 37.22811423 -12.21990043
v 89.83547327 36.71384323 -12.12706587
v 89.95771143 37.31427298 -12.23383172
v 89.27996180 35.26938920 -11.80821798
v 89.31987879 34.93848712 -11.68823807
v 89.68111536 36.43436325 -12.08553140
v 90.07090113 36.68279922 -12.11461470
v 89.89489100 36.07196321 -12.01795017
v 89.11300013 35.30255037 -11.77396201
v 90.21898768 35.82616701 -11.96826751
v 87.79767725 37.83993825 -12.31752626
v 89.85950587 35.47463504 -11.90067102
v 90.27370570 35.51991168 -11.91318323
v 88.83628199 35.15057667 -11.60774799
v 89.29119227 34.46392749 -11.47745308
v 89.57601282 38.76178271 -12.47568376
v 90.07604334 38.94904238 -12.46030293
v 89.30957911 39.06050783 -12.53302634
v 89.10691187 35.62853900 -11.89729885
v 89.99912379 38.37250431 -12.39798594
v 89.66121790 38.41295154 -12.41895153
v 89.95920679 38.07282170 -12.36092230
v 89.32665369 38.81844622 -12.49017962
v 87.03861353 39.85646346 -12.67453648
v 87.39823267 39.44709687 -12.58653898
v 87.69678614 39.97033217 -12.69006994
v 86.45311854 39.75893309 -12.68570590
v 86.71213648 39.32950882 -12.59662502
v 86.10135767 39.65209106 -12.61949799
v 86.36464808 39.45270065 -12.61800260
v 86.97405360 39.12533097 -12.54846824
v 87.12032435 38.77120119 -12.49181230
v 87.50678370 38.46335513 -12.43468335
v 88.37696192 38.21658619 -12.37749336
v 86.35273096 39.22596269 -12.52460351
v 89.33631251 36.88137352 -12.16913438
v 89.73269007 36.76158035 -12.13768600
v 89.79889796 37.19706260 -12.21700126
v 89.90154383 37.74471578 -12.30124512
v 89.22393153 39.16192536 -12.55013146
v 88.47196314 40.11579420 -12.71600991
v 86.61834070 39.02247530 -12.51431906
v 86.93734095 36.83973233 -11.86328721
v 88.71466944 35.33471974 -11.64063071
v 88.51575587 35.65206833 -11.70355801
v 88.75934717 35.00160513 -11.52496904
v 87.36240504 36.25389022 -11.72427954
v 87.06905482 36.77747647 -11.85896896
v 86.82634852 36.81017605 -11.87747788
v 88.66121790 34.88391410 -11.46953384
v 88.30970118 34.66389763 -11.43375194
v 88.36177943 34.87723075 -11.44405166
v 88.20421717 34.70620262 -11.45592297
v 88.10978052 34.47133182 -11.46422371
v 87.83457300 38.88998705 -12.49161396
v 87.31125757 38.88269716 -12.50311908
v 87.65888331 38.41244800 -12.42355968
v 88.25643275 34.41550755 -11.42427619
v 88.64214442 38.37052066 -12.40628672
v 88.61289332 38.90951448 -12.50084553
v 88.66033289 38.09486683 -12.35616156
v 88.09497950 34.23060153 -11.49521427
v 88.20736048 34.16699909 -11.44664554
v 88.03273890 33.91002581 -11.56073546
v 88.15100977 37.92450246 -12.33045047
v 88.15433619 33.91363834 -11.49867797
v 87.97286341 33.67841645 -11.61287471
v 88.09146998 33.64636537 -11.57712336
v 88.67577479 37.81136235 -12.31362001
v 88.68956873 37.62881384 -12.28507078
v 88.71944544 37.08832084 -12.19991139
v 88.26609156 37.22632132 -12.22049552
v 88.72132227 36.90327369 -12.16483141
v 88.73650477 36.72878182 -12.13248275
v 88.54601404 36.74127114 -12.13304732
v 88.74485132 36.54918588 -12.09795208
v 87.78951380 33.29790040 -11.63374867
v 87.86225245 33.99976273 -11.63489319
v 87.80364344 33.73053284 -11.66406795
v 87.92574427 37.66908178 -12.28836669
v 87.66408655 33.33552094 -11.65083852
v 87.77672694 34.03064270 -11.67354371
v 87.54448817 33.65618438 -11.71095820
v 88.47222254 38.13572987 -12.36391303
v 89.12247584 37.19927131 -12.21869498
v 89.33034632 37.86254415 -12.32019655
v 89.46407435 32.17045907 -11.15382905
v 89.15892908 31.39706352 -11.23656208
v 89.90725062 31.71966487 -11.02498376
v 87.90747950 34.81725989 -11.52147474
v 87.79015467 34.81786272 -11.57468214
v 88.16066859 34.47824024 -11.45017037
v 88.08374903 34.80753241 -11.48697462
v 88.99566004 32.62079932 -11.28114846
v 88.68555567 31.82915045 -11.33470668
v 88.57004664 33.10170673 -11.44057237
v 88.21268580 32.26105046 -11.43289706
v 88.09415552 33.49632952 -11.57819145
v 87.74007532 32.69546435 -11.53716043
v 88.55567286 34.54145360 -11.36722360
v 87.62531397 33.92529220 -11.71680236
v 87.26494715 33.13019105 -11.64439927
v 87.14516566 34.29426496 -11.83669072
v 86.76114771 33.32715148 -11.71121754
v 88.36673853 34.79674064 -11.42889967
v 86.65892908 39.80907348 -12.68405796
v 88.95681116 34.47264028 -11.39108834
v 88.51908228 34.15555120 -11.33542422
v 88.96233485 33.81039360 -11.19031308
v 89.10997889 33.83552102 -11.16986631
v 89.38086817 33.46383981 -11.12183158
v 89.20179102 33.55663613 -11.14427727
v 87.18161890 31.84282994 -11.42506923
v 85.99952051 38.88772878 -12.32408771
v 85.93119166 38.98499974 -12.33855306
v 88.56577418 34.77242576 -11.43863477
v 87.05111048 36.83459393 -11.87050461
v 87.19210169 36.17241591 -11.74854101
v 86.12740443 37.50943292 -12.07495724
v 85.84885523 38.18196403 -12.19916389
v 87.34325526 36.16770477 -11.71333898
v 86.32261011 37.51008143 -12.02353512
v 85.73653528 38.84749135 -12.30623492
v 85.95276758 38.83317098 -12.30803546
v 86.15512965 38.82013616 -12.32675799
v 87.89957545 35.71972963 -11.56212431
v 87.60610316 36.21509856 -11.73927893
v 87.91646693 34.15761491 -11.59111575
v 88.07276270 34.16039203 -11.51263980
v 88.01265833 34.67907630 -11.49912060
v 87.77898524 34.84711763 -11.57642165
v 87.76291773 34.15271301 -11.66750125
v 87.62468836 34.84055253 -11.65041152
v 87.59739039 34.14068145 -11.72774294
v 87.47132227 34.83380431 -11.72702589
v 87.28740809 34.03166121 -11.78700806
v 87.31879542 34.82687681 -11.80040541
v 87.10927698 34.02188414 -11.79858948
v 87.15268824 34.81468121 -11.86209669
v 86.83838770 34.70496288 -11.91818798
v 87.78989527 35.51191256 -11.55238916
v 87.63553736 35.51361772 -11.57839014
v 87.48424647 35.51664277 -11.60544397
v 87.33208582 35.50868530 -11.68170740
v 87.18482325 35.50120085 -11.77655603
v 87.02639124 35.49914471 -11.86449243
v 87.66031763 36.15650482 -11.71739781
v 87.50238917 36.16329879 -11.70885289
v 87.04483912 36.18052595 -11.78307165
v 87.39063380 39.47400193 -12.59213896
v 87.53727076 38.12769611 -12.37525031
v 88.04358790 38.71938998 -12.46387345
v 87.86180994 37.81465444 -12.31279603
v 88.73424647 38.08589085 -12.35671087
v 88.29589197 37.38618765 -12.24559626
v 88.92769739 37.04805289 -12.19475392
v 88.33242152 36.68905938 -12.10326216
v 87.84128687 37.12569725 -12.15172414
v 88.00386927 36.50345150 -11.94328898
v 87.37589381 37.21134867 -12.04276115
v 87.28571436 37.63570320 -12.18407286
v 86.91336939 37.75897896 -12.12218323
v 87.22811243 38.08036717 -12.32414862
v 85.84089014 39.62741380 -12.53011200
v 85.86191675 39.25661762 -12.41210047
v 86.18782923 37.76957238 -12.07770386
v 86.62297938 37.45176234 -11.98624263
v 86.53029749 37.87351525 -12.09757082
v 86.25383875 38.91366108 -12.38448200
v 86.63269923 38.56098851 -12.33542494
v 87.11071131 39.04831605 -12.53304160
v 88.32306788 38.18312748 -12.37200020
v 86.99933741 38.12752447 -12.27693793
v 87.18853113 38.87735277 -12.50539264
v 88.42867396 35.15259085 -11.50450703
v 87.76021693 35.49656221 -11.55811121
v 87.23903773 36.03747482 -11.72801791
v 86.60521815 36.70307079 -11.92046187
v 86.16002772 37.13171686 -12.04712515
v 85.94587061 38.34310447 -12.20494700
v 88.43287012 34.89794456 -11.45242874
v 88.16123316 35.05987083 -11.47217364
v 88.24907801 34.74797737 -11.45097913
v 88.01842615 34.80515967 -11.49927320
v 88.11129114 34.49212192 -11.46077523
v 87.87554285 34.54087374 -11.56422983
v 88.50748560 36.04376141 -11.89404880
v 88.61684534 35.67199630 -11.75621609
v 88.37464258 35.84523315 -11.72234161
v 88.45496485 35.54743119 -11.63321498
v 88.22554896 35.62522051 -11.55928616
v 88.31089136 35.30905829 -11.52712058
v 88.07740137 35.36893008 -11.51338768
v 87.63547632 35.28017732 -11.58240316
v 87.14522669 35.74211424 -11.77277189
v 87.49410364 38.50110919 -12.44100049
v 87.97199366 37.73601446 -12.29984131
v 88.29107020 37.26742087 -12.22766716
v 87.78688929 34.86000368 -11.57161513
v 87.64287684 34.58570786 -11.67203318
v 87.92662928 35.11507712 -11.52597614
v 88.09616968 35.86502381 -11.62503632
v 88.23183558 35.20336829 -11.49399373
v 87.99796412 35.75597689 -11.57315642
v 87.89769862 35.63961718 -11.55164150
v 88.33744166 36.03772275 -11.82797824
v 88.04453394 36.53486552 -11.97171611
v 87.82459376 36.40661161 -11.83711831
v 87.75695154 36.26013869 -11.77016272
v 85.99826929 38.83293828 -12.30509051
v 85.98226282 38.67275915 -12.26215225
v 86.21323511 38.91026600 -12.37296162
v 86.29343531 38.07974922 -12.14078375
v 86.62423060 38.17964851 -12.19397590
v 86.98703882 38.29022893 -12.32535409
v 87.70876429 37.00815118 -12.06236866
v 87.82616541 37.12932884 -12.15161733
v 87.74710963 37.78926381 -12.30979005
v 85.95478174 37.96039879 -12.15039677
v 86.05240748 38.28707420 -12.17861032
v 86.16680262 38.59088049 -12.25296645
v 85.80826685 38.49234305 -12.23728040
v 85.76139185 38.93523702 -12.32239399
v 88.79982874 34.74040901 -11.45194043
v 88.48194239 34.78665458 -11.43526258
v 88.46462366 34.66261208 -11.40070140
v 86.14339564 33.77269666 -11.81215451
v 85.63965723 32.24326250 -11.55655428
v 88.36435816 34.53973317 -11.41057382
v 88.31585047 39.40771393 -12.58707303
v 88.47686121 40.04488280 -12.70319251
v 87.52309534 39.59100632 -12.61385223
v 86.27591822 36.28956140 -12.09126869
v 86.48198817 35.76061548 -12.05043608
v 86.65931055 35.72416606 -11.99979215
v 86.65108607 36.65272823 -11.90654584
v 86.17119715 36.87529672 -12.06860948
v 86.18593714 35.70684731 -12.10950284
v 85.96851466 36.40512000 -12.18274514
v 85.95508692 35.75770485 -12.13637358
v 86.57572291 37.13280407 -11.93652944
v 86.26293299 37.26998057 -12.01077873
v 88.18219874 34.30513691 -11.44472295
v 86.46824000 37.72574915 -12.05206909
v 86.24178431 37.73031152 -12.06267395
v 85.87860987 37.43015587 -12.15148005
v 85.92109034 37.84717857 -12.16319887
v 85.88393519 38.36468039 -12.22093821
v 86.46253321 38.52474890 -12.27075819
v 85.85238001 39.22728641 -12.40129724
v 85.87986109 38.78766546 -12.29250200
v 86.17144129 39.08972080 -12.40767539
v 86.92459986 37.64554132 -12.09007872
v 87.09490320 37.00947109 -11.91097095
v 86.94092676 36.77575986 -11.85660385
v 86.81090662 38.18250571 -12.23628853
v 87.10149500 37.87646018 -12.21785586
v 87.39057276 37.57004081 -12.19318235
v 87.40688441 37.12021555 -12.01102285
v 87.45952723 36.67940824 -11.83626387
v 86.93471644 35.90451352 -11.86144074
v 87.20470545 36.07568664 -11.73866855
v 87.46906397 36.23324508 -11.72748389
v 87.73392603 36.37349623 -11.79819314
v 88.07489893 36.61189570 -12.01799603
v 87.63408778 36.70513455 -11.89734480
v 87.99953577 36.25720518 -11.82370581
v 87.13443873 36.92013851 -11.89543749
v 87.49698756 36.48171538 -11.78673380
v 86.51253626 37.25323024 -11.95628959
v 86.98540613 36.67662351 -11.84677717
v 86.11164210 37.29114831 -12.06377251
v 86.45801661 36.88115993 -11.95921922
v 87.86180994 36.04642029 -11.68358432
v 87.34827540 36.23498840 -11.71935095
v 87.71233485 35.80918428 -11.59033782
v 86.85859034 36.40679853 -11.84239785
v 87.21901820 35.93955535 -11.72577485
v 87.56475184 35.55417177 -11.58937648
v 85.49778101 37.08283529 -12.28609303
v 87.42559168 35.29059525 -11.67474936
v 85.80292628 36.75118552 -12.19994186
v 86.36502955 36.09508050 -12.07832920
v 87.48355982 33.38895340 -11.67267385
v 86.45513270 39.15031343 -12.52121605
v 87.02619288 35.26475827 -11.88611410
v 89.04078028 34.26082541 -11.31821232
v 89.27205775 34.19480825 -11.33545475
v 88.85936854 34.86263190 -11.50667373
v 88.94507716 34.55019307 -11.42235361
v 88.81023524 34.32780768 -11.31758673
v 88.71781275 34.62268364 -11.41785228
v 88.57192347 34.38775182 -11.34454902
v 88.62751124 34.92964850 -11.47624771
v 88.33905909 34.43780064 -11.40659126
v 88.53666041 35.24698934 -11.54523275
v 87.05700037 37.12792507 -11.93846731
v 87.48468897 36.80534664 -11.89472031
v 86.29003260 37.33308710 -12.01181634
v 86.71703455 37.02545849 -11.90337208
v 87.15627405 36.70968168 -11.84136031
v 87.59055445 36.38596266 -11.77951638
v 86.11032984 37.15018762 -12.06009512
v 86.82590601 36.59956281 -11.86725445
v 87.25490687 36.28217620 -11.74388709
v 87.69043848 35.97877045 -11.64304171
v 87.36879847 34.63260191 -11.79768931
v 85.60451624 37.05426703 -12.24329213
v 86.34964869 36.43933405 -12.04447000
v 86.93383143 36.16827695 -11.83032811
v 87.36528895 35.86026688 -11.68001373
v 87.78662989 35.55817721 -11.55251124
v 89.32306788 36.92030250 -12.17464281
v 86.35372278 35.81793893 -12.08591277
v 85.56598780 36.45545111 -12.26242655
v 87.48488734 37.56166373 -12.22160947
v 86.99808619 35.06543652 -11.90743060
v 86.92479822 34.57402340 -11.89279734
v 86.38912318 35.21066965 -12.02402303
v 86.48745081 34.63274685 -11.93156993
v 85.81221888 35.86580955 -12.16078766
v 87.53012965 38.33107669 -12.41275644
v 86.29456446 39.45083527 -12.59485502
v 86.73761866 39.39153580 -12.60666531
v 89.45195887 34.43265078 -11.50884040
v 89.27826807 34.67335043 -11.56140697
v 88.63535425 35.85305707 -11.84589203
v 88.96910975 36.20022501 -12.03281225
v 88.56250880 36.00745312 -11.89415560
v 88.82499049 35.41958160 -11.72188378
v 88.93955347 35.95694270 -11.97633943
v 88.92513392 35.19428165 -11.65877339
v 89.11136744 35.32383638 -11.78272055
v 89.00820277 35.68823139 -11.89360623
v 89.30155299 36.04234614 -12.00556003
v 89.44429896 35.70241061 -11.93999295
v 89.21264002 35.07944018 -11.71318621
v 89.55504725 35.43160907 -11.88788415
v 89.88886378 35.31158344 -11.86891745
v 89.47875330 34.63688179 -11.61098277
v 86.62824366 37.69332422 -12.05422057
v 87.34452174 37.14408411 -12.00708609
v 89.66831324 34.38589022 -11.56917365
v 89.45409510 33.85355690 -11.21770261
v 85.82431910 37.71688758 -12.18744507
v 86.05002711 37.98634636 -12.13030094
v 89.54432032 34.09464574 -11.36691835
v 89.40853236 33.77876595 -11.17397091
v 86.27315638 38.23669731 -12.16940926
v 85.77324793 38.50755606 -12.24376538
v 86.93338892 37.73398888 -12.12230530
v 86.49227259 38.46815405 -12.25896313
v 88.39679835 39.83988097 -12.66561008
v 87.41083643 39.44309525 -12.58554715
v 89.07045862 34.86051855 -11.56522170
v 87.42188380 37.58911429 -12.21338499
v 87.03266260 38.27952870 -12.33486032
v 87.67682764 34.81551286 -11.62834730
v 88.60254786 33.88248374 -11.28955626
v 86.75418970 38.71558292 -12.43256242
v 87.20401881 35.11437528 -11.82318683
v 86.02512476 36.89822686 -12.11464525
v 86.42777369 36.12843622 -12.05486119
v 86.83493922 35.35106197 -11.95416831
v 87.22498438 34.56504743 -11.83914743
v 86.77413294 37.30147472 -11.95786126
v 85.88080714 36.66374122 -12.18457624
v 86.26789210 35.88177407 -12.10712250
v 86.48154566 35.06865229 -11.99733538
v 86.87955591 34.26571195 -11.85078984
v 88.48119471 35.40555116 -11.58893395
v 88.13953516 35.69010469 -11.56108670
v 88.54123804 35.63930053 -11.71207241
v 88.19568751 35.91897506 -11.69440278
v 88.59821436 35.86696546 -11.83429535
v 88.24494288 36.13284223 -11.84192479
v 88.69321558 36.12036433 -11.97998631
v 88.30762598 36.36948695 -11.98993508
v 88.90442774 36.48418725 -12.08908671
v 88.53395960 36.74368584 -12.13281844
v 87.82755396 36.18425673 -11.74072851
v 87.89130518 36.40708844 -11.85727517
v 87.54192469 36.69790952 -11.86566756
v 87.90949366 36.78279795 -12.03725265
v 87.47766993 37.14116587 -12.03883962
v 87.01000330 37.29626384 -11.98236687
v 88.03179285 36.91274559 -12.12061144
v 86.95409510 37.84196388 -12.16277162
v 88.31258509 37.20334922 -12.21684867
v 87.76668665 37.45901404 -12.23909602
v 87.37349818 37.71134482 -12.24400940
v 89.07352564 37.02566444 -12.19118336
v 87.95417139 37.84374913 -12.31679384
v 87.59237025 38.06254109 -12.36235662
v 87.19454310 38.25547322 -12.36989449
v 86.67066309 38.26302634 -12.22484445
v 86.48725245 37.82317651 -12.08348695
v 86.19823572 38.34732734 -12.18753672
v 85.65923426 38.90110311 -12.31226215
v 88.05330775 37.18570624 -12.20409232
v 88.24808619 36.82018578 -12.12837815
v 88.44165919 36.44498743 -12.04810160
v 86.46610377 38.19622337 -12.17687080
v 88.60700342 36.06054226 -11.93529331
v 87.84134791 37.34284125 -12.21698602
v 88.03643153 36.97514641 -12.14026477
v 88.23070643 36.59898294 -12.05943890
v 88.42466090 36.23271480 -11.95998206
v 86.68076441 33.63142699 -11.76416559
v 85.40209315 36.72164449 -12.31113265
v 88.20522425 36.46963801 -12.00308817
v 88.44661829 36.05388180 -11.87683688
v 88.67890284 35.57474059 -11.73819545
v 86.84768030 34.70962826 -11.91818798
v 87.70739100 33.99782104 -11.69412781
v 87.13236353 34.80837933 -11.86818495
v 86.56626246 34.70514980 -11.93762768
v 87.29218409 34.81523054 -11.81723585
v 88.60674403 33.67943884 -11.30710383
v 87.88922999 33.91662141 -11.63200927
v 88.92707178 33.01907660 -11.27811202
v 89.19036219 32.61827782 -11.19484475
v 89.52825281 33.08954554 -11.08310471
v 88.96346400 33.57178810 -11.19325799
v 89.83258936 32.92162257 -11.06946333
v 89.86609766 32.43783122 -11.03079748
v 89.00048182 33.35895470 -11.19888845
v 89.25931666 32.95653085 -11.12755354
v 89.70589564 32.36483699 -11.04675816
v 89.89345667 32.11573345 -11.01024384
v 88.48018763 35.89315718 -11.79375275
v 89.61158106 39.00611025 -12.50736105
v 89.40139124 40.30433943 -12.69409832
v 86.55985377 35.89268030 -12.02571686
v 85.84064600 39.25160511 -12.40668360
v 85.82576868 39.08178624 -12.34870017
v 85.80336878 36.71137916 -12.20352767
v 87.35305140 35.10273665 -11.75272174
v 89.93116114 37.62911901 -12.28343809
v 89.78458521 37.87565145 -12.32317202
v 88.76329920 39.75651840 -12.65244174
v 85.79483912 36.02386772 -12.18622409
v 90.03263209 32.71519786 -11.05974344
v 89.44782374 34.51986620 -11.55405221
v 89.28542445 38.70346743 -12.46929032
v 89.18822596 34.59016345 -11.50800120
v 86.88570521 35.84720913 -11.88696869
v 87.32901881 35.47712250 -11.68582727
v 87.52930567 35.13888092 -11.65544696
v 87.46567652 39.59562592 -12.61417267
v 89.64692042 34.44158479 -11.59027656
v 87.14008448 35.81931227 -11.76883514
v 87.75695154 35.18078920 -11.56404683
v 87.55648157 35.52279207 -11.59126856
v 87.98586390 35.21168051 -11.51088521
v 88.65424464 36.29231180 -12.03735938
v 88.24179957 38.36160572 -12.40199900
v 87.99338648 38.38923175 -12.41191722
v 87.20909998 39.35884766 -12.57767360
v 86.05869410 33.95936124 -11.84625793
v 89.56591151 34.94253439 -11.76009171
v 85.93683741 39.58992677 -12.54317352
v 89.94414637 38.19782169 -12.38211677
v 89.80793116 38.20818623 -12.38332222
v 89.79718897 33.27673272 -11.14851917
v 89.76595423 33.49523095 -11.18425529
v 89.67954371 34.62917228 -11.67096507
v 85.66481898 34.68209388 -11.98157299
v 88.00241968 33.36945649 -11.60165944
v 87.23941920 39.61878876 -12.62326691
v 93.79209254 30.71392709 -11.00571175
v 93.43103907 30.06567653 -10.90976438
v 93.34783289 30.43552668 -10.96521488
v 93.02387354 29.89221464 -10.77516657
v 93.16524622 30.39134486 -10.95892825
v 92.86969874 29.87666975 -10.71686273
v 92.80606959 30.25081905 -10.85553467
v 93.43505213 31.09355050 -11.07137038
v 93.57862208 31.02073174 -11.05751539
v 93.08341334 30.76319391 -11.01579781
v 87.93082545 23.96235272 -10.14664082
v 87.70763514 24.97258369 -10.41104528
v 87.12433741 25.32837288 -10.41536358
v 88.16500208 25.52915518 -10.36207992
v 90.61756251 23.74071884 -9.93910600
v 89.36322901 25.22468180 -10.25035502
v 90.44362757 24.61915967 -10.07956329
v 90.93914149 24.01205803 -11.30513387
v 90.76601527 24.86556600 -11.51195164
v 90.24382899 25.22250721 -11.53317667
v 89.76230738 25.83445304 -10.30386769
v 84.39004252 28.00422985 -10.96106409
v 86.93697474 27.29877793 -10.69783460
v 87.75940821 29.24113782 -10.93738265
v 87.59507105 25.40961020 -10.37906293
v 85.92641566 24.84521857 -10.44615574
v 86.06308863 24.45529549 -10.36462796
v 89.88553736 30.77198725 -11.08405038
v 90.00043604 31.02875072 -11.03433729
v 89.86791346 30.96597986 -11.08737683
v 88.88610194 23.24859999 -9.99832528
v 89.74724695 26.07081168 -10.33934441
v 91.10366175 24.64207075 -10.02661530
v 90.84520838 25.48333307 -10.18719893
v 89.96434901 31.09842997 -11.04549147
v 89.93650172 31.39332133 -11.02898151
v 89.85718653 31.13655024 -11.07684829
v 89.70835230 31.20568399 -11.12370804
v 89.63091395 30.55220346 -11.09654729
v 89.61158106 30.77022867 -11.12735482
v 89.47091028 30.40043192 -11.08084597
v 87.99332545 25.60079519 -10.38185532
v 86.69878504 26.85015428 -10.67850164
v 86.73001978 22.36911391 -10.00638177
v 89.80585596 31.47382670 -11.07172139
v 88.88697169 30.91299752 -11.17270397
v 89.02515528 31.14308479 -11.20296218
v 86.55150721 22.83582685 -10.08783327
v 91.12217066 23.40438462 -9.86595531
v 89.47849390 30.87107400 -11.14632151
v 89.47341273 30.65463190 -11.11630744
v 87.06629298 30.56914833 -11.20578497
v 88.18258021 29.87328273 -11.03642755
v 86.30164454 29.86344461 -11.13873773
v 86.84090540 29.86709146 -11.10599237
v 89.13062403 30.07319575 -11.04010495
v 88.93152735 29.87926799 -11.01289850
v 85.32692835 31.45689367 -11.44458516
v 92.72933314 29.86807525 -10.67220026
v 91.38509486 23.80521775 -9.89000322
v 88.00248072 23.70507428 -10.10959244
v 88.94646570 24.71180339 -10.19376009
v 92.60685084 31.18018990 -11.08504227
v 92.77306483 31.27971535 -11.10246782
v 92.84635279 30.97290307 -11.05098462
v 92.52114222 30.76991541 -10.97334786
v 92.58112452 30.47067150 -10.85085026
v 92.91462061 30.66009027 -11.00015754
v 92.63715479 30.16814695 -10.75809203
v 90.01217005 30.90867549 -11.04019664
v 89.72817347 30.99722604 -11.12415051
v 86.04984400 27.41479812 -10.79402603
v 84.75761912 27.37215742 -10.85467971
v 83.18421671 25.70278489 -10.71437487
v 84.00584147 34.58581462 -11.98193918
v 85.40354273 34.11300961 -11.87819460
v 83.42498514 35.68197953 -12.18169217
v 80.16680643 33.18085065 -11.98184740
v 81.91909525 28.62822702 -11.24309239
v 83.20618174 29.28684976 -11.22150131
v 79.55439493 31.38177078 -11.78802997
v 79.82734415 30.52099582 -11.60785405
v 81.43305704 33.81616558 -12.04379819
v 85.45781824 30.43067863 -11.27092471
v 83.26177714 34.74907626 -12.04379834
v 83.46990702 25.81807266 -10.73932301
v 85.06514475 25.12430181 -10.54431557
v 86.22672388 25.59329547 -10.55440171
v 81.48495219 27.04637559 -10.88673837
v 81.30071757 26.63164936 -10.72626162
v 82.51539347 26.08576523 -10.74902764
v 77.60770914 27.18939250 -10.31540356
v 77.89063761 26.88087124 -10.26370673
v 78.23116801 27.23052254 -10.48860608
v 78.97359965 32.04206482 -11.89339202
v 77.47028849 29.47016554 -11.07982348
v 79.14935038 28.39604599 -10.95602875
v 76.78495524 28.31932867 -10.63930205
v 85.20858118 39.52958591 -12.40773650
v 85.29103968 39.89047914 -12.50214269
v 84.89302561 39.68217380 -12.44368623
v 85.53261683 39.38417347 -12.39221829
v 85.61123011 39.73986345 -12.51730990
v 84.55782816 39.80830293 -12.53108859
v 84.11137888 39.86336425 -12.64148594
v 84.42524454 39.17369369 -12.61995568
v 84.23479960 39.94497971 -12.60312536
v 84.17413065 39.21417525 -12.68967309
v 84.36895487 38.85316757 -12.64531573
v 84.07053110 39.07225325 -12.70580161
v 84.07046244 38.76216414 -12.69716508
v 84.19439432 38.31721071 -12.63800669
v 83.51684305 39.09193755 -12.79944480
v 84.54784891 38.48872332 -12.59267285
v 84.62917826 38.80272584 -12.58191546
v 84.75585673 38.13931566 -12.52261969
v 84.47155497 37.89055209 -12.55208438
v 84.93839762 37.09755237 -12.40108327
v 85.06997416 37.22196491 -12.40178519
v 83.91152689 38.17736009 -12.62886665
v 85.28878138 35.90371238 -12.19597443
v 83.77825663 39.62123824 -12.81253693
v 83.94910929 39.30686094 -12.73819606
v 83.92200968 39.72741224 -12.73805880
v 83.50297282 39.44321394 -12.85875577
v 83.79770396 39.24279357 -12.78177515
v 84.03338358 39.44224837 -12.70600003
v 85.42180750 39.01473149 -12.32486593
v 85.40773890 38.75942144 -12.31189592
v 85.64229700 39.05276784 -12.33612692
v 85.59850428 38.72865972 -12.27986772
v 85.48342249 39.70024020 -12.47962068
v 85.27158472 39.58235462 -12.41861602
v 85.46729395 39.52992923 -12.42232390
v 85.25614283 39.41022022 -12.38860196
v 85.58011744 39.33851917 -12.38693874
v 85.24446986 39.24111851 -12.36507288
v 85.43749354 39.18713673 -12.35510888
v 85.23757288 39.06887730 -12.36421836
v 85.22551844 38.72462757 -12.36147172
v 85.21090052 38.53251179 -12.37834791
v 85.53467676 40.01071457 -12.59035376
v 85.65102503 39.97113327 -12.60919836
v 85.70806238 39.46614749 -12.44719572
v 85.67479822 39.64393145 -12.50104401
v 85.79615137 38.81483755 -12.29894122
v 85.18787501 31.95714924 -11.53239957
v 84.95219919 32.52333041 -11.63744117
v 84.97014353 31.78298543 -11.51944483
v 85.45021937 32.11377261 -11.54335541
v 85.28539393 33.00070877 -11.70134505
v 84.93098948 33.30553740 -11.76361622
v 84.91203806 34.12248150 -11.90508059
v 84.90426371 34.66789176 -11.99852550
v 84.76696513 39.29964739 -12.50319545
v 85.02981303 39.38204868 -12.41118496
v 84.79990885 39.46455294 -12.48103971
v 84.73734782 39.13619524 -12.52399315
v 85.03075907 39.30378253 -12.41651027
v 84.70472452 39.00466066 -12.54511129
v 85.14734766 39.03805073 -12.39307272
v 85.28136561 39.26748188 -12.36632410
v 85.23104212 39.18876942 -12.36105981
v 85.44513819 39.07909688 -12.33667624
v 85.70290491 39.08619221 -12.34572471
v 85.21372340 39.09684666 -12.37016929
v 85.41539881 38.97363576 -12.31918965
v 84.75077555 37.32804400 -12.44893487
v 83.93029520 38.70878508 -12.71552140
v 83.76595804 38.69707062 -12.72336441
v 84.63645670 38.18321567 -12.54866645
v 84.18040201 38.79439071 -12.67561968
v 84.97321818 37.35238559 -12.43207391
v 84.50719187 38.82892136 -12.61818560
v 85.08126566 37.76466281 -12.42075196
v 84.70196268 38.85068040 -12.56017169
v 85.65685389 36.81479941 -12.24422287
v 85.49810145 37.44489202 -12.27603755
v 85.27741358 38.17097386 -12.36551521
v 84.99976084 38.87876040 -12.44847736
v 85.51654932 38.38372335 -12.27187205
v 85.71421168 38.40518103 -12.24408580
v 84.55393717 34.55578913 -11.98621164
v 84.48460123 33.89749829 -11.87656187
v 83.90757487 34.73933734 -12.02446545
v 83.97094462 33.88657681 -11.89426207
v 84.67139933 37.27636630 -12.44510491
v 86.09835169 33.80873029 -11.81987546
v 84.09123728 37.48617893 -12.50527035
v 85.41854212 34.01907651 -11.87401368
v 85.39469263 37.41675100 -12.31114802
v 84.63702128 38.79433732 -12.57884844
v 84.95910380 37.80710131 -12.45220033
v 84.78440592 37.53835589 -12.47458493
v 84.55946085 38.59479861 -12.59369521
v 84.48861429 38.38876681 -12.59667064
v 84.32786295 38.12038760 -12.59931037
v 85.86216090 39.58511644 -12.52040741
v 84.86968729 39.55472476 -12.45238372
v 84.69819376 39.52200228 -12.50832243
v 84.77888987 39.21628481 -12.50539270
v 84.95834849 39.26053149 -12.44261805
v 85.02881357 39.57195957 -12.42188140
v 85.10360071 39.27272327 -12.39438502
v 85.18850062 39.58203037 -12.41609832
v 85.28325770 39.20426472 -12.36139550
v 85.35453150 39.59722431 -12.42372772
v 85.42386744 39.29914387 -12.37413661
v 85.52106592 39.61051089 -12.45822784
v 85.58832667 39.31334980 -12.38162868
v 85.68326685 39.62150103 -12.49564240
v 84.86497996 38.91363817 -12.50037251
v 85.15995142 38.88187321 -12.38999042
v 81.12157938 38.09280351 -12.68640753
v 80.67142985 38.76288558 -12.81516130
v 80.50878641 38.40414764 -12.77187206
v 82.98574564 37.16690403 -12.47609549
v 83.08488962 38.63128235 -12.73753982
v 82.34741709 37.47983127 -12.54555355
v 81.71504710 37.79319338 -12.61682740
v 80.83168528 39.11051512 -12.86325706
v 84.23423502 36.56543668 -12.34102459
v 84.66061137 37.43112475 -12.47031245
v 84.00684092 38.49941972 -12.67836621
v 85.53235743 38.80398473 -12.29526385
v 84.93011210 38.60074145 -12.48325209
v 85.25753138 38.66818150 -12.34866959
v 85.40610621 38.68191060 -12.31165177
v 84.98087809 38.27965838 -12.46045541
v 85.26650355 38.23342808 -12.36574410
v 84.05917094 39.07578566 -12.70940268
v 84.15675089 39.30613997 -12.68169276
v 84.44482157 38.24300722 -12.59453438
v 84.54784891 38.54944567 -12.59348158
v 85.00139353 37.91153628 -12.44830935
v 84.87175486 36.26492605 -12.27310767
v 85.21392176 36.91406163 -12.35445238
v 85.39569971 37.12878713 -12.32369070
v 85.45580408 37.25724325 -12.29242546
v 85.55695460 37.48289786 -12.25795589
v 86.00058863 38.59627448 -12.23634963
v 85.45537684 39.04328450 -12.33069479
v 85.81635401 38.13741218 -12.20108649
v 85.65044520 37.70149146 -12.23932495
v 85.73653528 37.93420325 -12.20738834
v 84.67999766 38.85925202 -12.56485614
v 84.84194681 39.30446154 -12.47934596
v 85.37799952 38.83793935 -12.32630023
v 84.93626139 39.52798755 -12.43201323
v 85.47751734 38.37653265 -12.27881480
v 85.54114649 39.24709614 -12.36868921
v 85.01400492 39.72868640 -12.44484591
v 84.98400614 29.84601953 -11.22897821
v 84.97905466 30.96670127 -11.39842724
v 85.30082056 38.04896840 -12.35555120
v 85.07983134 37.64255817 -12.42018736
v 85.54628870 38.08103476 -12.26013800
v 84.96732065 38.64822680 -12.47286087
v 85.23983118 39.07841404 -12.36286033
v 84.93537638 39.22193438 -12.45345178
v 85.38427088 36.65626821 -12.30324384
v 85.54352686 38.17277823 -12.25227973
v 85.30690882 37.91393574 -12.35248416
v 85.05008433 37.59835345 -12.42919004
v 84.89785502 37.27936084 -12.43019707
v 84.81998942 36.88158711 -12.37544847
v 83.22996256 39.28322172 -12.84332911
v 83.84934733 35.81980072 -12.21709258
v 83.86697886 35.34364259 -12.12996482
v 84.24534342 36.89106305 -12.39908434
v 83.80303690 37.26721150 -12.47467644
v 85.55959437 38.85700139 -12.30156573
v 85.36864588 38.86689671 -12.33006915
v 85.19265101 38.87919529 -12.37587604
v 85.02956888 37.25941379 -12.41615898
v 85.28789637 39.75394351 -12.45947909
v 83.43752787 35.59014451 -12.17944911
v 84.25651285 34.93596591 -12.05426590
v 83.58736918 36.03559432 -12.26105319
v 85.19577906 38.39924152 -12.39113475
v 85.12011072 36.74128636 -12.33643172
v 85.52005884 37.49116430 -12.27011715
v 80.86800883 30.56027573 -11.75116460
v 83.30137369 31.13918660 -11.50418594
v 83.50278971 23.03028488 -9.91261662
v 84.19822428 22.33613970 -9.80636956
v 83.98243449 24.24233620 -10.35605249
v 85.30545924 33.91924588 -11.85910582
v 84.99505350 33.90933148 -11.86620116
v 83.89809916 36.93630154 -12.41350390
v 85.63475916 37.66788779 -12.24217833
v 85.32636378 37.55201253 -12.33457028
v 85.62642786 37.00261984 -12.23790576
v 85.64637110 36.35326682 -12.24133889
v 84.97503397 37.90457064 -12.45709842
v 85.45255396 37.04017934 -12.30608204
v 83.61102793 26.12021194 -10.77426569
v 84.65364573 36.04423437 -12.24385654
v 84.60507700 35.79111038 -12.20082671
v 85.34537623 34.78371360 -12.00952711
v 85.39519617 38.46075734 -12.30370190
v 85.78679774 38.67346487 -12.25778824
v 85.57666895 38.54362783 -12.26904920
v 85.55921290 38.40014944 -12.26309825
v 85.39231226 38.25592717 -12.32124947
v 85.16930506 38.23167331 -12.40003060
v 85.10781214 37.90066822 -12.41502993
v 78.95452616 32.56015410 -11.99335243
v 80.63679240 28.96186425 -11.29065409
v 82.45615885 37.50450473 -12.53002010
v 84.84991953 36.35359487 -12.27292458
v 80.47050974 38.48081161 -12.75707104
v 85.07317850 37.72955997 -12.42413940
v 85.33118555 35.51990807 -12.13307764
v 85.71621058 38.16738807 -12.22128913
v 89.64496729 20.87642292 -9.66998627
v 91.57671473 21.25682455 -9.56148108
v 87.28000757 11.53361174 -7.21858399
v 88.20816920 8.45821045 -7.11589184
v 90.34630701 11.11565626 -7.73733697
v 86.02317164 21.65099717 -9.88911786
v 89.19852564 15.38424134 -8.47921999
v 87.64426539 18.78800594 -9.21296994
v 86.11202357 19.06492248 -9.00807496
v 90.39324305 16.00045984 -8.86159009
v 91.88688013 12.80851963 -8.31634726
v 91.59284327 13.36095644 -8.39427398
v 90.91579554 16.55121057 -8.92874411
v 89.92426417 16.31613367 -8.89610552
v 90.51403162 15.76999873 -8.80697884
v 90.19564173 20.20741470 -9.50377217
v 89.38117335 20.38762098 -9.60283226
v 88.89287684 18.64373217 -9.32129206
v 92.75838587 11.95826178 -8.14404487
v 92.67856715 12.38747624 -8.23332412
v 92.27384302 11.89475470 -8.16942023
v 92.38465235 15.89058895 -8.78552501
v 91.34122584 12.88837650 -8.31883445
v 83.53604624 17.70531874 -8.12951944
v 82.83107493 15.27062651 -7.18786865
v 87.91439173 15.26637678 -8.19641358
v 82.48182413 14.10537388 -6.85011517
v 87.71277735 14.63206132 -8.00288625
v 81.44975016 12.81930218 -6.37495627
v 81.34509013 14.77549414 -6.76906059
v 80.44616434 13.68131695 -6.37314061
v 84.18893168 15.09753840 -7.40753415
v 82.81852457 11.67014752 -6.39224429
v 86.17244837 14.99048268 -7.77986385
v 85.48542139 15.47839009 -7.78662357
v 82.33160136 15.87785764 -7.29007212
v 84.10836527 16.61602435 -7.89575462
v 82.86590311 16.50945701 -7.61188009
v 84.15241740 11.21657998 -6.59512507
v 83.87882731 10.87495096 -6.51416188
v 84.65627787 11.77142004 -6.75424382
v 86.96206019 8.33382847 -6.86932504
v 90.65119288 11.43998180 -7.85753051
v 84.79031107 16.03288685 -7.83563489
v 83.49281046 11.17106303 -6.46733271
v 84.75654337 11.28881507 -6.70392025
v 86.87082789 11.76092192 -7.18565556
v 83.08024332 13.00150733 -6.72728174
v 86.80877039 14.49177205 -7.79242175
v 88.48708460 20.62324146 -9.70076320
v 87.73630640 12.10601466 -7.43321421
v 87.90372584 11.18545957 -7.29676997
v 88.73857996 11.33445208 -7.46045102
v 89.03286097 6.73494957 -7.13197432
v 89.78176234 5.97807549 -7.11566255
v 90.36933253 6.61448141 -7.24583538
v 84.16376993 10.59136637 -6.54278733
v 85.28331873 11.83771946 -6.89424322
v 88.18978236 16.22479652 -8.54185746
v 86.30095789 16.82852580 -8.36284144
v 90.64768336 21.27286916 -9.61531409
v 92.04343531 21.71187216 -9.57496992
v 87.08059046 21.11494066 -9.84425694
v 88.19693873 20.48755268 -9.69107385
v 89.02320216 20.72681812 -9.71760892
v 87.19442103 20.13867575 -9.57559528
v 83.17430613 19.64570253 -8.90828258
v 82.47523234 21.46679314 -9.42871439
v 82.10853312 20.21765537 -8.74028340
v 85.21434901 18.70647068 -8.72995295
v 84.78027079 17.84469242 -8.76797772
v 85.73441431 17.69553779 -8.52736185
v 84.78635905 19.82335296 -9.02258619
v 84.29134104 18.90851988 -9.07545775
v 81.66132853 18.03506122 -7.85376266
v 82.57368204 17.45143540 -8.00293249
v 83.19175455 18.66795754 -8.45787348
v 92.15706751 10.58359751 -7.89988876
v 91.29586146 7.77367632 -7.48501709
v 94.06028101 7.46909565 -7.32975886
v 95.82123682 11.03524243 -7.78677544
v 91.28331873 13.09079959 -8.35661525
v 91.12192652 10.72435985 -7.82592944
v 90.21697352 10.94182814 -7.68359549
v 90.76734278 8.03568498 -7.50872929
v 86.53971216 22.12981032 -9.99527334
v 87.74973414 20.50602344 -9.71901270
v 89.17072413 8.86831135 -7.31628558
v 85.97925684 17.01578166 -8.35846220
v 86.73272059 18.97490324 -9.08652038
v 82.85523722 22.39878469 -9.58580378
v 83.37014506 21.28878413 -9.28349647
v 83.99705241 20.18035522 -9.00772419
v 90.79576990 11.64114603 -7.92656130
v 88.94239161 12.28206861 -7.70971875
v 88.14824793 11.44981044 -7.37672606
v 91.42072413 11.05924448 -7.94543633
v 91.47795985 9.58542859 -7.76461944
v 87.48745081 8.22650576 -6.97267280
v 86.97655604 15.94301252 -8.18796032
v 92.44049952 13.37252261 -8.37649750
v 91.47217676 11.73710090 -8.08659550
v 90.60344813 16.77984825 -8.98144800
v 90.94014857 17.93156637 -9.13676740
v 87.29865382 20.43384937 -9.69942040
v 92.20275233 10.44136272 -7.86265730
v 85.46610377 16.62885695 -8.14361839
v 83.31918833 17.13492993 -8.27441681
v 83.99197123 16.98197581 -8.35533414
v 83.79726908 17.33422493 -8.48842136
v 84.43214152 16.76652933 -8.38484461
v 85.42618677 16.80913953 -8.19513209
v 91.61901209 7.91601030 -7.50851565
v 92.84534571 7.06579823 -7.32933155
v 92.70517847 16.75097101 -8.86813623
v 93.17528651 12.28239660 -8.16177564
v 90.15912745 12.26749643 -7.94526868
v 86.25972864 9.45237401 -6.83712918
v 91.98383448 15.86672420 -8.77450816
v 99.62430689 4.50222260 -6.63967964
v 99.12653467 5.65353635 -6.83355801
v 101.55925867 3.71236284 -6.52024897
v 103.22959254 3.00649889 -6.49990889
v 79.96539042 -8.48778046 -3.40348673
v 78.88876078 -8.49266326 -3.28416300
v 82.12296793 -8.90129368 -3.62710422
v 93.48349879 5.48035668 -7.05711450
v 92.28727076 0.62020553 -6.21235662
v 93.50640223 1.00263655 -6.26873791
v 91.86077235 6.31849142 -7.22393897
v 91.05516932 6.72927327 -7.29246626
v 90.63066981 5.89288567 -7.08133026
v 92.16184351 0.79691756 -6.24537667
v 93.30861780 1.25985395 -6.32357804
v 92.57792017 3.00230652 -6.63662764
v 91.96010706 4.51485684 -6.87320015
v 91.59435389 5.31997156 -6.99331747
v 79.72411845 0.04559792 -4.73217770
v 78.62446329 -1.65620708 -4.04409759
v 79.05773661 -1.02679733 -4.30090311
v 82.08324930 -8.40497869 -3.67422344
v 78.30270121 -3.06943030 -3.76385444
v 77.98299906 -2.84225744 -3.71481273
v 78.01392863 -3.43373388 -3.68685853
v 84.72579691 -2.04933469 -5.05302391
v 86.52245447 0.10306999 -5.73355100
v 84.57721445 -0.01449894 -5.50846858
v 87.15093348 -4.65254511 -4.92669598
v 88.18721888 0.21706838 -5.89050292
v 79.14345286 -2.94507120 -3.93940682
v 79.48913309 -2.24423504 -4.10488851
v 78.66085551 -1.87662028 -4.02398647
v 89.63192103 -1.69491890 -5.68623320
v 89.47304652 0.32603137 -6.01742555
v 92.64205286 5.89169548 -7.12667938
v 89.78797266 -3.65208741 -5.31066831
v 89.72974512 -2.76659703 -5.49639843
v 88.95600245 -4.56860654 -5.07896344
v 88.42208216 0.22581166 -5.92405700
v 87.90133021 1.47948708 -6.15048237
v 77.87475321 -10.26254541 -3.00732250
v 77.63060496 -10.99287681 -2.89242370
v 79.02348063 -9.68931852 -3.21140890
v 77.19363138 -8.54807552 -3.10186624
v 77.30632517 -11.06433372 -2.85120970
v 77.83660624 -1.57333658 -3.91308564
v 77.01549265 -1.20918556 -3.81677222
v 89.39798853 4.87496426 -6.88560561
v 77.43156931 -4.09027376 -3.50424123
v 76.71769450 -4.85676848 -3.28953469
v 77.64918253 1.34359254 -4.68302935
v 82.20058176 -11.20582855 -3.34258846
v 86.26255152 -4.70311272 -4.80331340
v 84.92910502 -4.75051412 -4.61881937
v 78.46903727 -4.65050023 -3.62603680
v 76.05840037 -4.09052549 -3.24777151
v 84.63306162 -0.87622376 -5.29734784
v 77.50059244 -10.97707634 -2.87460144
v 78.37310526 -10.76822931 -2.99691593
v 78.03200266 -9.46373256 -3.12278589
v 88.71918604 -0.53590708 -5.81356798
v 91.45737574 5.67943810 -7.06456082
v 90.23336146 5.23032618 -6.96272359
v 95.35431788 4.51342253 -6.77734444
v 87.25452540 3.06356296 -6.46720932
v 87.75820277 4.20711760 -6.72451846
v 88.58089564 4.55491117 -6.81352304
v 82.19079325 -10.56212128 -3.40199103
v 81.37049601 -13.25755583 -3.25233239
v 82.23434183 -12.35497558 -3.34461769
v 82.41228983 -10.80624665 -3.39880191
v 81.57260630 -10.58476532 -3.35082831
v 82.66685984 -11.35544098 -3.38232232
v 81.21563456 -15.53961454 -3.23583727
v 79.86191294 -9.98018156 -3.26580644
v 78.34711954 -11.74130517 -2.95948596
v 76.93479655 -13.71423606 -2.82493363
v 78.01010630 -13.07728844 -2.93409512
v 80.70354960 -10.30385100 -3.31468028
v 76.59495280 -13.91262320 -2.79798658
v 82.82837412 -10.95165528 -3.41792115
v 77.37497446 -13.35821037 -2.87096946
v 60.06001017 64.28510112 -20.51227850
v 60.99426005 68.93139477 -20.45667623
v 59.85281870 68.51840797 -20.70054212
v 60.41045878 66.32936253 -23.72468117
v 60.26387522 65.98311775 -23.54719088
v 60.82239268 66.29005972 -23.63144996
v 63.60669443 69.58139637 -20.01487335
v 58.80894968 69.21521961 -20.94227197
v 61.22975657 68.15497419 -20.37044868
v 63.48547098 70.40468432 -20.08126448
v 58.35597727 71.65091141 -21.13497562
v 62.09372446 68.29081559 -20.19074594
v 63.44769785 68.86030415 -19.98508808
v 63.11945841 69.75305010 -20.12440097
v 64.13459513 66.88734277 -19.69196642
v 62.91960642 73.41651749 -20.23426485
v 61.95153544 64.08373096 -20.02373781
v 62.75257609 64.41263991 -19.84357734
v 59.03841898 72.70001804 -20.97332418
v 63.77367136 68.61018972 -19.90966384
v 56.63448450 83.79926874 -21.50407245
v 52.90539095 83.51829716 -21.83465407
v 56.92500422 81.30566984 -21.26540932
v 46.57647250 81.92605007 -22.34641833
v 48.63321993 82.51158706 -22.14742856
v 45.56761477 83.16130243 -22.49879280
v 48.82359621 84.28716078 -22.22953639
v 46.37041018 84.10134303 -22.42643578
v 51.93324587 82.05204578 -21.88381764
v 51.78967593 82.97416873 -21.91091740
v 45.66858218 82.24432169 -22.45492363
v 49.83621523 81.56864731 -22.08740033
v 49.41775057 82.85665314 -22.08120547
v 48.57567904 82.90436355 -22.14214908
v 49.84556887 82.90816300 -22.04505741
v 49.82667849 82.49075501 -22.06481747
v 45.89227602 83.02005564 -22.44521917
v 44.96505282 81.31583199 -22.56495461
v 44.95482180 82.17351326 -22.56440543
v 50.55122683 82.36223406 -21.99224665
v 50.31579897 84.38350097 -22.13438260
v 51.83453677 83.00360675 -21.90518010
v 50.63455508 82.62269014 -21.99084288
v 50.20918581 81.73536485 -22.05125229
v 51.06312105 83.32000155 -21.97558421
v 52.99286196 84.33286089 -21.95786892
v 51.66292879 84.21752351 -22.02932581
v 56.52662775 84.70996665 -21.69839327
v 55.19197962 84.56984899 -21.79981842
v 50.20980761 63.87974532 -22.65571105
v 54.51882288 69.23750875 -21.77877405
v 49.94376299 66.52149756 -22.68407757
v 42.57837603 65.96822129 -23.95943758
v 41.97430346 65.30845602 -24.08967124
v 45.10453722 67.16623085 -23.52767508
v 52.74080202 82.50471303 -21.82058530
v 54.97148249 80.31991770 -21.51328819
v 47.87510226 75.31488212 -22.58727724
v 48.31257937 76.51756845 -22.45599082
v 46.63878176 75.72382910 -22.68757333
v 43.83515093 67.20509877 -23.71714347
v 43.21520159 66.57461321 -23.83835919
v 44.86635134 78.19210987 -22.78243762
v 45.93902132 79.19117530 -22.61541508
v 49.48677370 79.89112273 -22.19059525
v 46.94523928 80.82119929 -22.39277435
v 43.87499544 78.61646060 -22.88470209
v 52.26643297 66.02784869 -24.76070712
v 52.13428423 66.74261216 -25.78339706
v 51.49099657 66.27827207 -25.08472755
v 44.90399477 81.52795586 -22.57287396
v 44.17994997 79.44822102 -22.80454781
v 45.29121706 81.40660271 -22.53141581
v 51.14424822 67.23042792 -26.39350456
v 49.60881731 66.83244053 -26.56109178
v 50.79248736 66.61483888 -25.79516157
v 59.08604166 67.75892461 -20.85251954
v 49.94024584 66.37794234 -25.91152505
v 47.32285235 66.19606123 -26.87626196
v 47.38973925 65.84322467 -26.62261505
v 48.84154055 79.08021344 -22.29160830
v 51.54609225 77.66600603 -22.01554606
v 52.39287112 77.25255389 -21.92278781
v 54.06816981 78.51807594 -21.66378533
v 56.78157160 66.87476870 -24.75513780
v 55.30336115 67.06155909 -25.21677724
v 55.38054011 65.73040540 -24.14367216
v 54.42846796 67.17902121 -25.48589652
v 54.42018244 66.00998839 -24.07979892
v 54.13047907 64.26598164 -21.84903997
v 54.91758845 65.24421309 -21.69069967
v 58.63419840 68.05828678 -20.95876654
v 53.31268427 67.10045373 -25.29864065
v 53.33332941 66.93622721 -25.22024096
v 57.09179041 79.99716002 -21.24751055
v 53.12570307 79.55399511 -21.75878672
v 53.58984492 77.62839315 -21.75108072
v 55.40419123 81.15653804 -21.44921667
v 55.01045344 81.36215784 -21.49200235
v 44.10967562 76.61836794 -22.93694786
v 43.58240816 77.75100114 -22.96061443
v 44.90745089 80.31344779 -22.65206687
v 58.48523447 68.87918673 -21.00333759
v 57.27243922 69.13226897 -21.24874474
v 55.22523615 67.74311256 -21.64452698
v 49.71429369 68.76466543 -22.71375628
v 52.13246462 80.33950230 -21.85799949
v 54.23809168 81.72152901 -21.60232345
v 50.79725954 79.60275453 -22.04475169
v 49.73431704 78.02918424 -22.22428635
v 58.66142771 69.94009219 -21.00750342
v 36.69490359 75.70523988 -23.88412179
v 35.85935519 75.17649232 -23.93626098
v 35.89631960 73.44799192 -24.10014010
v 38.07880709 76.00136721 -23.82044691
v 39.65716097 73.56058280 -23.56440403
v 32.54326746 71.07646703 -24.63132867
v 33.24641535 70.60702658 -24.51794054
v 36.28485415 73.88402709 -24.04337747
v 36.11342165 74.56077728 -24.01163930
v 32.61593172 73.84507900 -24.21996743
v 36.75809023 79.83727431 -23.11045608
v 34.42645571 75.63160479 -23.85775459
v 38.13421175 79.03872842 -23.43778749
v 31.43909762 71.76723241 -24.63819524
v 33.99756930 75.86946261 -23.79568187
v 32.97867129 76.43993156 -23.54552938
v 30.10087893 72.58543160 -24.43111835
v 34.43291781 70.91412500 -24.32557303
v 36.48871920 74.35157546 -24.01823106
v 34.63251803 75.51906358 -23.90829168
v 33.37442324 77.30155726 -23.36814609
v 35.08825228 75.18668900 -23.94421081
v 33.56222842 76.15046849 -23.68565079
v 30.12635157 68.48295346 -25.13047376
v 30.15201685 65.72767774 -25.05764311
v 32.64491389 69.23626851 -24.62862757
v 31.68393824 70.72330614 -24.76954273
v 27.36802790 68.32156883 -25.39590037
v 28.06854365 67.27341209 -25.37888665
v 28.92360041 65.93591822 -25.26916048
v 37.73495028 76.40283359 -23.78432942
v 29.48042414 69.98899976 -25.06391517
v 34.42902682 74.22570188 -24.11141647
v 34.18249056 73.01616435 -24.29671900
v 35.99802706 74.54001007 -24.00457448
v 37.80121157 74.95068514 -23.86997677
v 38.26064608 75.73898089 -23.79238595
v 32.23781130 76.82638329 -23.45116909
v 31.38225100 75.38576665 -23.69471439
v 37.04278109 73.84076081 -23.95847756
v 35.53514406 80.61992813 -23.05448697
v 34.46654818 78.96590970 -23.19949097
v 33.83191988 78.01981517 -23.30158737
v 27.43334315 66.41210685 -25.44187479
v 26.75899622 67.25054677 -25.54186577
v 25.50642512 66.26354342 -25.70629432
v 34.86675570 72.00905757 -24.26122690
v 36.42138979 69.63145596 -24.17089448
v 37.92695925 70.62239991 -23.94804003
v 35.57969210 70.89280850 -24.14992911
v 39.23926089 77.23711172 -23.60340609
v 39.73923800 77.95902412 -23.50893905
v 38.99630282 78.43819968 -23.55968986
v 40.48800204 72.31375281 -23.57305556
v 33.48191187 67.91298437 -24.56568485
v 28.40223048 70.51540893 -24.93561935
v 26.70465967 69.35648480 -25.09955960
v 30.73249361 72.11562108 -24.61170604
v 30.93561098 72.05488728 -24.63174082
v 23.89387629 68.64899580 -25.00106400
v 25.17480585 69.36187882 -24.88181668
v 24.49242518 70.35796880 -24.59348676
v 21.56712458 66.14638263 -25.62676549
v 23.00010035 66.51610693 -25.50312359
v 22.85797236 69.23231262 -24.90314844
v 21.98320887 68.59766904 -25.07754104
v 21.11440394 66.86272558 -25.51783311
v 21.53713343 67.95969904 -25.25605351
v 25.69485590 68.66727962 -25.15348404
v 26.19432947 68.34874094 -25.26800120
v 24.66818354 68.74027388 -25.01325578
v 23.89080164 66.10846072 -25.67174840
v 23.04157374 66.31093343 -25.56127480
v 20.96964381 66.75935491 -25.54130112
v 22.20546076 66.45919164 -25.54004985
v 21.10718653 67.14365897 -25.44585745
v 25.82349512 66.62566502 -25.61609968
v 25.30281184 70.75516273 -24.49023060
v 24.56119654 70.87024070 -24.49303824
v 24.84970972 70.17312764 -24.61429972
v 26.33294031 69.19442883 -25.10691431
v 26.56115076 70.54285952 -24.74242783
v 23.65499232 71.05722953 -24.51234063
v 23.23182795 70.94685126 -24.52566154
v 26.46414301 70.12219758 -24.86420816
v 59.92434428 58.58545330 -20.01795384
v 62.31358836 57.89685858 -19.39425072
v 60.41290018 59.96406579 -20.16866512
v 65.74049113 64.97881356 -19.23791032
v 65.15028879 64.46156159 -19.26014229
v 65.84679148 63.58249705 -19.14267999
v 67.39515421 62.20093969 -18.47123201
v 68.43011210 62.01838167 -18.25774627
v 67.92593119 62.72896437 -18.45315043
v 67.51424143 60.27267703 -18.20299745
v 68.20860789 60.80190907 -18.12101206
v 66.79383585 58.40180454 -18.16123384
v 64.77022288 57.14543011 -18.56655284
v 65.71407053 56.21016941 -18.11837154
v 70.33267710 58.01055025 -17.28130518
v 70.47329447 59.38301536 -17.47500048
v 68.95010111 60.08323540 -17.87427732
v 63.22430918 60.64797628 -19.44367439
v 59.22652933 56.74479332 -19.25830998
v 62.97695658 55.61366325 -18.39780565
v 62.68963358 56.99502607 -18.98003549
v 64.09957621 56.15968183 -18.51972346
v 64.69247935 57.89089822 -18.72301659
v 62.09227488 57.60550346 -19.29676227
v 63.13615153 56.92758605 -18.90482490
v 62.43507120 58.11094319 -19.48014248
v 70.80692789 54.09446609 -16.51574058
v 70.50090525 54.98751720 -16.72141394
v 70.09059641 55.75541574 -16.88703297
v 70.90305826 59.98718871 -19.33793087
v 68.15646860 60.36802515 -19.67119815
v 69.41800425 60.05904615 -19.43659421
v 67.36038706 60.74345643 -18.31566842
v 67.40205118 60.12954958 -18.22330687
v 68.25855753 60.38773950 -19.68900516
v 69.44617960 60.31719076 -18.03035951
v 68.87398264 60.42319521 -19.63263919
v 66.30515787 59.50396971 -18.45356190
v 64.54138682 62.10898603 -20.85279328
v 65.16484568 64.63316338 -22.09638500
v 64.53963206 65.62519628 -22.70286099
v 66.94180033 61.97473735 -20.51819853
v 66.18562052 61.58112164 -20.43229148
v 68.99791453 56.11482120 -17.21218256
v 67.95203135 53.28330116 -16.94918161
v 62.17579386 53.12517615 -17.46683600
v 63.52411387 51.23984420 -16.54790564
v 65.25426218 50.86706247 -16.40674652
v 67.81919596 51.32707490 -16.40572426
v 68.96478007 52.03190125 -16.45450672
v 68.43148539 51.69248092 -16.50014571
v 64.31511423 51.00887192 -16.47814242
v 61.24298594 52.43889500 -17.16549007
v 68.94156382 50.82795041 -16.19742645
v 71.66556284 52.16271492 -15.99956595
v 71.45492289 52.59822745 -16.07305235
v 68.72501871 59.58639755 -19.29657949
v 65.74595377 54.44091289 -17.69458890
v 65.31562540 54.27226131 -17.65360377
v 67.60309336 52.31175502 -16.73909844
v 69.63047526 62.27003691 -20.35764560
v 66.05209849 61.77956217 -20.53664637
v 72.28181193 61.41538078 -19.76587910
v 71.81704447 62.00462939 -20.06748442
v 69.22631571 64.21854978 -21.30510991
v 69.60078928 54.65645106 -16.82010774
v 69.78815958 55.53623467 -16.90802902
v 69.37012980 53.75911983 -16.71749223
v 66.39552042 64.99709312 -22.13239580
v 70.08006022 65.66153523 -21.86024015
v 67.11416361 65.89691721 -22.46430513
v 69.97056315 62.00099778 -20.20005278
v 71.25764200 64.21570786 -21.10921757
v 71.90363810 65.33659747 -21.47466575
v 71.50806925 65.51244927 -21.59443202
v 65.94775126 64.27325818 -21.82529729
v 68.79071543 61.64264894 -20.15261315
v 61.08769724 63.63006583 -22.19190485
v 63.79519388 62.03281414 -20.94462066
v 62.58704874 62.24919135 -21.24881991
v 62.78087351 61.90423616 -19.66810086
v 65.10165903 56.67983489 -18.39193119
v 61.24481699 62.09921671 -20.08330780
v 59.52702067 60.25522633 -20.45070863
v 60.31463358 60.03985619 -20.20899411
v 67.46529887 53.23557928 -17.05555062
v 67.92442057 56.36669035 -17.53246458
v 72.91788218 51.50200559 -15.69312358
v 72.61832926 52.26666925 -15.90656365
v 71.99995158 53.04766364 -16.10613348
v 62.43556711 60.06645999 -19.60683652
v 68.14002726 60.50752125 -18.10482244
v 66.65083811 61.19687893 -18.56867448
v 68.39108012 54.70619847 -17.11599092
v 68.40375254 59.98786413 -17.99115963
v 67.06967661 55.87815349 -17.67566824
v 73.27824137 50.80033403 -15.47850860
v 69.23861429 49.94046113 -15.93232010
v 70.93072245 53.36676684 -16.31708629
v 68.17548106 51.82325637 -16.56099778
v 74.01477549 58.35194639 -18.49320404
v 74.72921488 61.14332807 -19.46450272
v 72.36263010 58.79947899 -18.79122352
v 70.38557169 52.95077029 -16.32743168
v 69.95725748 51.76882070 -16.19245224
v 73.66514323 51.24376969 -15.51390906
v 71.55714152 58.30576208 -17.07804290
v 71.23624918 58.57121539 -17.22850986
v 70.35734293 58.98211162 -17.68276408
v 73.67368815 62.93404219 -20.29744978
v 72.78391764 62.68085311 -20.30465189
v 75.37263987 63.37643455 -20.26195791
v 64.32816813 55.51123674 -18.23796982
v 64.83604929 54.25089519 -17.70551417
v 64.58266947 56.03935485 -18.42077019
v 69.33411143 56.23606373 -17.14663082
v 66.25094340 55.43444314 -17.82732527
v 67.83971140 52.92033654 -16.90670108
v 76.88001749 60.98194734 -19.22826612
v 69.55479166 57.88647720 -17.42528710
v 70.76099894 57.31440234 -17.26271986
v 69.88233683 57.14496875 -17.20496532
v 66.46710703 59.90269522 -18.46689814
v 64.53078196 59.35705038 -18.96512803
v 64.74136088 56.12013869 -18.41056208
v 65.90206644 54.72380319 -17.77715426
v 66.27089426 54.04903670 -17.48586386
v 63.49807474 55.07550297 -18.13115822
v 63.97696421 53.94317882 -17.65755574
v 62.84462473 58.88757743 -19.37197305
v 59.77476237 62.25763340 -20.48189792
v 61.11568186 62.44711900 -20.14098608
v 59.42387888 62.74920099 -20.60669963
v 65.08653757 65.53659233 -22.56989589
v 59.88432047 63.18659202 -22.13729358
v 61.76034281 62.85148811 -21.67191571
v 61.50790903 61.96129635 -20.01169828
v 62.24757883 61.97646911 -21.18065886
v 63.93128702 61.69051757 -20.76546716
v 60.69852183 58.92454173 -20.07125284
v 59.65132639 58.73445536 -20.11028479
v 61.39182780 58.45160705 -19.76841158
v 64.91698954 51.60568890 -16.71827008
v 68.01465342 55.13227343 -17.29088723
v 68.05914042 60.35099252 -19.69649721
v 67.77589915 60.12535724 -18.14411376
v 68.67268870 60.31586108 -19.60911012
v 69.15220377 60.14998114 -17.99947570
v 69.22248575 60.70791683 -18.13680489
v 70.68563578 58.79323075 -17.34842872
v 70.96316263 49.82266524 -15.61974379
v 73.82597086 54.83090491 -16.06328709
v 72.09457133 53.90076725 -16.23809162
v 61.15388987 63.77919030 -20.20019040
v 63.59251902 64.71181902 -19.66646863
v 64.79620859 65.19343794 -19.39290914
v 64.64705393 65.61162030 -19.46171108
v 63.60901377 61.60225141 -19.44152305
v 65.77701304 54.46474330 -17.69216276
v 61.57448313 53.99513687 -17.88488119
v 65.69004557 50.78621378 -16.33440459
v 61.57712290 62.12016514 -19.99643952
v 61.13689158 62.00652529 -20.11104827
v 62.03963969 63.07671354 -21.75036118
v 61.08217356 62.80852532 -20.17360943
v 62.26508829 61.59497101 -19.77533958
v 61.74529002 62.25931576 -19.96615085
v 60.41290781 62.24581740 -20.31580600
v 69.18351481 52.88653074 -16.59272097
v 61.84266398 59.27898439 -19.67627914
v 65.30289194 60.04818008 -18.84360715
v 64.03400156 60.39774362 -19.21618106
v 64.94366190 58.76935052 -18.75980567
v 60.75643656 61.34667802 -20.17295307
v 60.52302286 60.48486733 -20.18058232
v 67.29626200 63.79403161 -18.77756772
v 66.51492808 64.95518535 -19.11410050
v 77.34196970 59.15517856 -18.60842329
v 64.97572062 61.82653252 -20.67714931
v 76.43433115 62.77887944 -19.95470684
v 71.75843546 61.25767739 -19.74775164
v 65.27453348 63.15229421 -21.30645251
v 68.00323984 61.94281217 -20.38704923
v 60.48192332 62.91778967 -20.34235640
v 60.92618296 63.08309359 -21.92957566
v 60.53815195 62.42942832 -20.29694616
v 70.37164805 64.01593789 -21.08358277
v 59.19302866 63.37650097 -22.32865408
v 62.79367564 64.17955770 -22.22637455
v 57.92238352 64.16758135 -22.91819278
v 62.39340708 61.31298669 -19.72199481
v 61.50446055 62.13556697 -20.02012116
v 61.80106852 62.60774995 -21.54101052
v 62.67972300 62.60229877 -21.40014138
v 60.31532786 62.61458967 -21.78228250
v 70.66091654 59.82995453 -19.29113214
v 72.54892466 61.03898081 -19.60332716
v 66.01520273 55.56177772 -17.92717881
v 65.10749552 55.61587771 -18.20182176
v 64.58731577 57.21222926 -18.62888501
v 67.45199320 52.75494653 -16.90416810
v 68.89557383 53.46971782 -16.76902112
v 68.70017741 53.91553003 -16.87897602
v 65.44933817 61.66190953 -19.02559899
v 62.87280009 61.60624728 -19.61707542
v 63.91692087 60.09528772 -19.21387693
v 66.90270731 59.74746567 -18.31385246
v 61.40512583 53.34014576 -17.64437205
v 70.84156534 59.18835328 -17.39248091
v 62.12904856 56.17794847 -18.71111445
v 61.83244059 51.61514551 -16.82756879
v 64.10328409 63.65735852 -19.46102412
v 63.05903361 62.84982141 -19.66819257
v 69.56219981 56.37824895 -17.12304076
v 69.17542765 55.57696417 -17.06925340
v 62.80496714 54.51691115 -17.97596099
v 66.05178568 59.80172970 -18.57436578
v 67.77954600 63.26846894 -21.09948231
v 65.80192301 62.06376473 -20.68667083
v 66.89335367 55.12160367 -17.58789956
v 67.71403239 55.35527298 -17.40969220
v 62.89977763 54.04351106 -17.78942221
v 67.67889139 51.81369292 -16.58228379
v 68.66258738 52.23323332 -16.57015312
v 67.97324106 52.77608759 -16.84624574
v 65.67561075 56.05195103 -18.12001946
v 64.74813578 55.55265292 -18.21419663
v 62.68248484 62.55032734 -21.37160744
v 63.49419138 62.85721973 -21.40667218
v 61.37820933 65.72951672 -23.25188750
v 60.24956248 60.10658668 -20.23417113
v 67.12721751 60.15525872 -18.30401061
v 68.35405466 54.75428273 -17.13341647
v 67.04156229 57.84166586 -18.01099571
v 65.92841837 55.53760016 -17.94756455
v 65.11596415 55.54610309 -18.15541977
v 64.91002390 56.88975767 -18.48316352
v 63.76130411 56.16988995 -18.53855281
v 67.05216715 54.37861130 -17.41011929
v 66.92598460 51.49859894 -16.49849773
v 64.98036692 56.81200652 -18.44892279
v 63.66090891 53.18182251 -17.38956550
v 60.69965861 59.83708216 -20.08553522
v 59.96205637 60.23929617 -20.32883667
v 64.28813669 52.83060718 -17.22370241
v 64.05495951 52.24529530 -17.15815056
v 65.16911051 51.83225139 -16.77895432
v 60.58438608 59.88535142 -20.13509577
v 61.22710917 59.98223523 -19.94568844
v 60.41208384 61.46022056 -20.27038045
v 68.46474192 58.34619777 -17.70467560
v 69.45182535 53.61117444 -16.67949783
v 70.26923868 53.93467222 -16.59093587
v 65.69318125 52.05101282 -16.80939564
v 66.94650004 52.51756174 -16.86240475
v 69.78300974 60.08960211 -17.97794554
v 69.69064066 57.34746431 -17.31029677
v 68.06761668 54.62263752 -17.18572358
v 70.19984171 56.55086019 -17.07525026
v 64.16408274 62.42977533 -21.07602941
v 66.80626414 52.47386056 -16.85961239
v 64.13000986 52.75335956 -17.19880005
v 64.42153666 52.20868568 -16.98459708
v 65.91386149 54.47185009 -17.67162443
v 62.72107432 59.81506764 -19.50348870
v 63.76795695 60.52609100 -19.28899602
v 63.26992533 61.21465718 -19.47983781
v 65.03495524 55.87798936 -18.30729055
v 66.90044138 56.58251443 -17.85036623
v 66.86091349 50.85180370 -16.26744904
v 67.97989390 50.40677351 -16.10697228
v 65.16848490 61.50778430 -19.09757467
v 64.81583903 56.98382047 -18.52567452
v 67.99526713 57.12874096 -17.63813182
v 66.22578165 65.29719774 -19.18778525
v 64.00614664 52.26581456 -17.16426934
v 68.21149180 55.73903154 -17.34369800
v 66.65146372 54.93776577 -17.62070593
v 70.19808695 59.37196413 -17.77810106
v 62.64822123 61.83079538 -21.05011989
v 68.56262705 59.87017692 -17.93065851
v 66.83192179 56.03481165 -17.77300408
v 71.64523051 57.81630973 -17.00586875
v 71.34893534 58.13373830 -17.12984646
v 70.50573466 58.59541577 -17.60802647
v 62.55385325 55.70355657 -18.47622058
v 65.50512430 57.05874115 -18.32601328
v 69.95462534 55.91672402 -16.93363333
v 65.38734934 56.91815811 -18.34343879
v 66.51429484 59.59453445 -18.40789236
v 72.53254435 57.97426466 -18.45119653
v 66.80030558 65.70692622 -22.40110319
v 70.04949686 59.72170510 -17.87055412
v 69.87618754 59.79819740 -17.89725701
v 67.01427195 60.44192152 -19.85373905
v 67.25189707 60.12180192 -18.27507994
v 69.69836161 56.22271231 -17.05947262
v 64.88900492 57.79168941 -18.62725241
v 64.96254465 58.12649394 -18.65630520
v 74.97933695 41.30786884 -13.59569455
v 76.20454142 44.95035103 -14.13866390
v 74.78538248 44.63977743 -14.29546316
v 70.32903788 44.30009771 -14.28037216
v 71.16647074 46.79912484 -14.99739833
v 67.35072062 48.34053522 -15.46457692
v 75.99483988 45.34318090 -14.25292177
v 70.98864481 45.63710708 -14.67606330
v 70.25907633 44.62066196 -14.38263662
v 72.84811137 44.41248249 -14.39969591
v 76.31956217 40.03758614 -13.28711585
v 78.31236002 41.17798607 -13.28198909
v 77.65376017 42.36306323 -13.51595229
v 77.01210520 43.46355376 -13.75022066
v 76.64402506 44.20869762 -13.92230940
v 73.45682261 43.91313101 -14.26917215
v 74.10876963 41.19651782 -13.62520503
v 72.95697520 46.10653989 -14.76116164
v 72.89585612 47.60531915 -15.01177224
v 70.91729471 47.46897040 -15.17890173
v 68.76907084 42.50162921 -13.70062944
v 69.01654551 41.29204217 -13.36904050
v 72.81127665 49.64890583 -15.33324474
v 67.98390696 47.23370849 -15.13553622
v 69.19713328 49.28163243 -15.72359502
v 67.86807749 49.21624852 -15.71776615
v 74.03109476 41.54437194 -13.70386415
v 73.35767863 40.59692755 -13.45007981
v 75.11887858 43.00285656 -13.90827112
v 74.47904703 43.50834969 -14.08397616
v 73.60340617 43.97668386 -14.26964518
v 71.47343180 48.28149327 -15.26114674
v 73.93678019 49.61707983 -15.20453685
v 71.07203409 49.47738175 -15.53762093
v 70.19601176 49.40578749 -15.67018928
v 70.33248637 47.64383611 -15.24239358
v 72.18699381 48.57268056 -15.23783136
v 74.98284647 50.02394401 -15.11463213
v 72.57603190 44.92027971 -14.52329219
v 72.38641093 45.76122587 -14.71939828
v 71.91209910 47.43462288 -15.07375341
v 70.74304697 49.36017898 -15.58986701
v 71.26812479 49.55787949 -15.52591745
v 69.16425822 48.85934165 -15.60811644
v 67.87547800 43.59806376 -14.01702061
v 69.15848276 43.95232323 -14.14653727
v 72.36375925 43.33019951 -14.11279998
v 72.00364420 42.15348467 -13.79567638
v 70.03857920 49.14155104 -15.64461551
v 71.70132944 48.31028661 -15.25200673
v 72.29843638 39.05303952 -13.02979147
v 69.04308817 44.58260274 -14.33859975
v 72.56944010 44.74421236 -14.47696647
v 68.09980509 45.39295693 -14.56645938
v 59.12086222 54.25312098 -18.19724390
v 56.55567286 54.16209081 -18.49062462
v 58.72240946 53.54515899 -17.89582167
v 52.82544634 52.50593238 -18.41707699
v 53.61067316 52.38074931 -18.21296015
v 54.24405024 53.03310832 -18.18714238
v 54.45802424 52.36689054 -18.04813471
v 55.38398859 52.63672315 -18.02961058
v 57.23146937 53.77171000 -18.21802629
v 58.48999522 53.17429415 -17.77912239
v 53.48593256 65.43295441 -23.95426477
v 53.11113856 64.79519244 -23.33544447
v 53.72004816 64.87494440 -23.38047317
v 54.15400812 65.89180143 -24.13416596
v 54.12703059 65.69152987 -23.83318632
v 53.21580622 65.95062024 -24.16646883
v 52.72518084 66.07361751 -24.23313450
v 52.44978258 65.95295134 -22.20333407
v 51.84137652 66.07649410 -22.32548069
v 52.41890642 65.59873346 -24.33367458
v 51.72297594 65.26448203 -24.48021994
v 51.39712450 63.27357642 -23.55521656
v 52.19044421 63.65487835 -23.25408442
v 52.15222857 64.69638024 -23.92357922
v 56.75314448 60.04134950 -21.10157224
v 56.19926569 59.38951123 -20.85651598
v 56.83873102 59.41140761 -20.78322802
v 56.53183100 56.60882221 -19.51085818
v 57.93279764 55.63683744 -18.94049974
v 59.16422007 55.82585571 -18.86893605
v 54.85220454 57.73650764 -20.26674825
v 55.83740351 57.06751663 -19.78763743
v 55.68398402 58.73229997 -20.60753821
v 52.40335009 63.27664351 -23.10183216
v 52.71124956 62.34316245 -22.14776097
v 52.47193072 62.86032858 -22.20209760
v 50.68249438 61.74132904 -22.57032251
v 51.92790148 61.71948613 -22.31566858
v 53.64518854 63.43088908 -21.94976310
v 51.88975451 61.79152668 -22.32380153
v 52.00401995 62.41001118 -22.29700719
v 51.50536272 63.14571559 -22.39846300
v 53.33101008 60.26253512 -21.45347047
v 52.94322893 61.00909041 -21.71059644
v 52.34348223 61.13415905 -21.86803665
v 52.63337633 61.46846388 -21.73163839
v 54.42564509 65.88390507 -23.73765107
v 54.38322565 63.27450559 -21.79310108
v 59.65572092 60.21560689 -20.41070007
v 53.82351801 64.84679387 -23.19420913
v 52.80135271 64.09144567 -23.16222658
v 53.02052996 63.52521684 -22.93670159
v 58.53436777 64.67664504 -23.10309887
v 57.78001139 64.94262476 -23.39269547
v 57.37120936 64.23053718 -23.04674809
v 56.67332575 62.81612211 -21.28876751
v 53.99180720 66.90837665 -21.88531054
v 56.36366389 60.97931676 -21.32116162
v 56.02890894 62.38915638 -21.42568456
v 55.94583247 61.13623813 -21.41021194
v 57.15409968 62.82576568 -21.17365521
v 55.64282343 63.29108227 -22.32082631
v 57.71293375 63.25486552 -22.39863087
v 54.33152125 61.74197766 -21.79854822
v 55.12471125 61.32138828 -21.42907184
v 54.89831660 61.95744705 -21.67318205
v 58.90520212 62.91635337 -20.74840803
v 60.03459666 62.61102482 -21.83002725
v 58.05353281 62.90404712 -20.96236677
v 57.64284251 62.25232706 -21.04377230
v 59.79082224 62.09844608 -20.47332245
v 57.70551798 60.84742747 -20.97754893
v 58.12556193 63.18114078 -22.36350512
v 57.10810969 63.10199363 -21.19272874
v 57.68570444 62.92504892 -21.05214949
v 55.96007654 62.54461292 -21.44394935
v 56.98706171 60.71401604 -21.15941842
v 57.99297831 63.64246543 -22.63285334
v 57.53121683 62.85183343 -21.08819074
v 57.87984202 63.19094455 -22.40647387
v 59.33333323 62.58923547 -20.61910500
v 58.13215372 62.75987255 -20.93662517
v 55.03310511 54.87797973 -18.89110692
v 55.58559534 54.57736635 -18.74759796
v 58.58543131 58.35968806 -20.06926911
v 55.66553614 57.47435024 -19.99468400
v 60.51329539 56.42935605 -18.97762451
v 55.26997492 56.81321747 -19.74920050
v 54.79867670 56.05648838 -19.51712945
v 59.04632304 62.29103867 -20.68287143
v 58.84917185 62.55762687 -20.74596657
v 56.45420954 64.90259520 -23.61397843
v 57.71519205 62.61387072 -21.04137673
v 55.21764490 62.69817353 -21.61165873
v 55.61489985 64.08072642 -22.88323488
v 59.10956309 60.87326257 -20.60071788
v 57.89465067 63.77189046 -22.71451840
v 57.61391947 63.31170663 -21.08996083
v 58.31148264 63.37826715 -22.45133474
v 55.09855006 64.77243014 -23.37125685
v 59.35002634 62.90418427 -22.06286116
v 53.93125269 64.35454936 -21.89661689
v 54.25321314 64.71865440 -23.05091382
v 54.75268671 64.47185324 -21.72767159
v 58.06738779 59.66519370 -20.75225272
v 57.32608912 60.98896798 -21.10523450
v 57.30325434 66.43501046 -24.36857157
v 54.74006769 64.51792143 -21.72422311
v 51.98538134 67.40051831 -22.28417537
v 59.85589335 66.79098336 -20.64699875
v 51.96191332 60.42115782 -21.76058414
v 59.76378367 63.83995233 -22.49294554
v 58.94561503 63.49241244 -22.42391472
v 60.93076060 63.47876541 -22.13668327
v 59.36388895 64.64186111 -20.69539928
v 60.66615794 65.53078671 -20.40146937
v 56.00832484 56.06897010 -19.34580377
v 55.01120112 56.71570999 -19.76175846
v 55.72075007 55.69475976 -19.20311877
v 52.64442370 52.73692753 -18.57306763
v 53.14201472 52.32662636 -18.35912408
v 53.88055537 53.02364784 -18.35379888
v 54.48770258 64.68718696 -23.10335827
v 52.74563525 64.14730235 -23.30781070
v 54.46624110 66.07136685 -24.18284153
v 52.53210375 54.07263606 -19.09420127
v 51.83767626 53.08010526 -18.99002936
v 53.91004298 54.76612895 -19.12337619
v 54.22572443 53.84731724 -18.58065143
v 54.71340296 54.44186068 -18.67481351
v 56.83345911 59.24481979 -20.70539291
v 60.99149821 57.12498895 -19.21770641
v 55.33598444 65.71003111 -24.10172575
v 56.34221003 64.58405275 -23.42405223
v 56.99986384 65.23564305 -23.71181783
v 55.91508601 65.47604523 -23.98530115
v 58.63029978 55.08527424 -18.60759865
v 51.62232897 54.47480427 -19.53299833
v 51.08300707 57.16206756 -20.75983593
v 54.50508234 54.22551395 -18.62738916
v 58.52287028 59.75981727 -20.73795525
v 53.57836268 57.57575627 -20.44460467
v 52.75686571 58.23630919 -20.75344267
v 54.23702357 55.62127340 -19.43436571
v 52.72938463 55.07035481 -19.50499855
v 51.88667986 52.43088960 -18.72492305
v 51.58248064 57.89183439 -20.84877953
v 55.64363978 53.89296775 -18.40200153
v 55.50151179 54.47844745 -18.65191008
v 53.73554346 63.28914054 -22.64013173
v 54.94186518 63.62964233 -22.60761530
v 54.57435725 62.84053027 -22.38312787
v 52.62158129 63.77249501 -23.19658933
v 54.43053553 66.11187509 -24.34487462
v 59.98891184 60.11313651 -20.30996153
v 55.99188349 55.24370618 -18.99843730
v 56.29144404 56.46716344 -19.45307312
v 51.64961932 57.07444017 -20.61518259
v 51.13766405 54.75795395 -19.77150851
v 53.54240534 59.89713295 -21.16414851
v 53.26336787 59.53348544 -21.47051442
v 59.59328959 58.99787544 -20.22793010
v 43.37734148 59.23953971 -24.02361495
v 43.86809466 58.89757121 -23.80163003
v 44.25756762 59.58861315 -23.84403432
v 51.30663988 59.25647733 -21.77352340
v 51.80378649 58.75877003 -21.40154456
v 47.90960619 53.73845697 -20.14808000
v 48.30749438 55.37009444 -20.73845807
v 44.74179003 55.13539505 -21.64901101
v 51.06455920 60.68824379 -22.09794075
v 48.28088305 56.65020376 -21.31553043
v 45.25218127 54.33942422 -21.12249111
v 45.50430224 56.56053917 -22.09444582
v 42.42131731 55.55861648 -22.61991257
v 45.77744219 58.96142553 -23.19706156
v 47.93897173 57.46467587 -21.81411149
v 47.50820849 55.75183876 -21.14048145
v 49.56633684 57.32404715 -21.24108290
v 49.68624804 60.05913529 -22.52778074
v 48.68278429 60.53684022 -22.98888616
v 47.49283526 59.72011542 -23.08757988
v 49.25943682 53.33018146 -19.57528025
v 46.26492998 54.15359893 -20.76441308
v 48.95448229 52.73864402 -19.32204529
v 47.28570483 60.74179432 -23.25530465
v 48.51079485 60.51093270 -23.01937322
v 47.03753588 61.10774967 -23.29714431
v 47.91688463 64.61922431 -23.07752513
v 49.23301623 63.24915866 -22.84388233
v 49.64903185 66.34621602 -22.73203591
v 44.56729052 57.15447595 -22.94806835
v 45.19483111 56.75235353 -22.50742497
v 45.56252978 57.44457609 -22.67576005
v 50.81576464 60.06378169 -21.92345640
v 50.10420916 59.50146477 -22.07061207
v 49.98461077 61.59072286 -22.70733116
v 50.27337572 63.37381156 -22.64046743
v 50.47373125 53.04947320 -19.21929266
v 50.60957262 52.58972591 -19.06244749
v 43.27663348 54.77569956 -21.95385104
v 43.22561571 54.15254588 -21.95226403
v 43.77127001 54.23057177 -21.51094934
v 50.92463610 53.83929479 -19.47329059
v 46.04575274 56.81085198 -22.05649725
v 45.75553820 54.87903983 -21.23833592
v 47.24172137 56.78231048 -21.68631902
v 48.57015154 58.99935519 -22.39003948
v 47.29731676 59.33642175 -22.94140061
v 44.18289873 53.09337248 -20.82238104
v 43.71887896 52.22877713 -20.38955009
v 43.97890398 51.74756076 -20.05637435
v 49.97463152 54.50444058 -19.96549345
v 49.77848742 54.10583145 -19.76555748
v 45.10240099 56.99005877 -22.43110055
v 42.84561846 55.68827424 -22.54027697
v 43.21564410 54.96751397 -22.04953894
v 46.51334307 52.49007063 -19.85309689
v 45.38313219 52.86841224 -20.26101016
v 43.44504473 51.94478058 -20.24401171
v 45.27960131 54.63422018 -21.25484589
v 48.18983385 56.71824268 -21.39066471
v 47.89360735 57.10043716 -21.64429637
v 43.74040148 54.45895004 -21.64011503
v 44.85090563 55.04040910 -21.58277259
v 44.66937945 55.80510324 -22.00229787
v 46.22822497 54.00162899 -20.93853109
v 46.87809679 54.61230101 -20.81319550
v 44.51940844 52.73851411 -20.60668274
v 45.27201006 52.09334972 -19.98630605
v 46.74475786 53.52968236 -20.39536390
v 43.77992937 53.51789092 -21.68157301
v 44.32225725 53.59384542 -21.30063735
v 47.15782854 52.40599472 -19.74738398
v 47.83945391 52.86044341 -19.83907412
v 49.48005602 65.09114020 -24.98954303
v 48.46354601 65.41236236 -25.85789025
v 48.17138598 64.64506281 -25.22646618
v 45.23624346 56.36145775 -22.08031614
v 47.43680498 57.42865367 -21.93274857
v 45.34755633 58.94152423 -23.32618143
v 50.42415545 53.95045885 -19.63764302
v 44.89207384 59.71082272 -23.72147575
v 43.91176531 58.93857921 -23.77279093
v 48.48582384 53.38000898 -19.88315685
v 49.57292101 54.17981748 -19.90566369
v 49.30178759 54.47300745 -20.13800932
v 47.89536211 60.00114036 -23.07666989
v 48.32179949 60.65198684 -23.05254585
v 46.13824389 61.26787537 -23.46212236
v 44.12705157 61.21535838 -23.83068315
v 44.23899004 61.69816150 -25.18123865
v 43.46939013 61.54796541 -25.26607749
v 49.38687823 54.57787347 -20.15155914
v 49.77804491 54.23231536 -19.83257410
v 48.94802019 52.73507728 -19.35344788
v 48.51261065 51.03546192 -18.61998813
v 48.74829027 51.70598648 -18.84806136
v 50.47366259 51.95883225 -18.78466113
v 49.29250262 51.34292269 -18.67243264
v 43.93817828 57.27193048 -22.95964979
v 45.16834948 53.02785130 -20.41953374
v 45.20480273 52.48122432 -20.03778927
v 46.04982683 51.81024968 -19.50122910
v 45.68896410 50.86926690 -19.20769562
v 46.77995989 50.52235459 -18.81078394
v 50.26201556 51.50179340 -18.63381267
v 50.69203112 51.63995030 -18.55542829
v 46.81792376 52.08039508 -19.54940114
v 45.61122057 56.69767372 -22.12378849
v 44.41982958 58.06647848 -23.19243800
v 42.20270464 57.23534744 -23.51961682
v 43.21771166 58.07581679 -23.59963405
v 45.05879137 54.03815466 -21.30605429
v 44.90161059 59.73090138 -23.72747246
v 44.25060198 59.08434642 -23.76091962
v 46.06375811 59.62712069 -23.33962454
v 41.70982287 57.23838773 -23.69320081
v 45.94466326 62.35197800 -23.47884617
v 44.46350024 60.86760677 -23.78571544
v 47.89567492 64.29605270 -23.08915228
v 45.99366686 63.26715630 -23.44944264
v 42.60435412 65.57737503 -23.97887722
v 41.46943590 60.49201159 -24.31948308
v 47.73950121 60.73919271 -23.16639169
v 50.59012530 61.89510711 -22.59014371
v 47.18261645 63.53815243 -23.23104363
v 48.56832812 57.93489836 -21.74321923
v 49.73136065 59.03600305 -22.03916363
v 48.95806048 59.57820877 -22.57218373
v 48.30429003 60.29456688 -23.05143190
v 46.74080584 57.31199257 -22.09465956
v 48.51737902 55.35736481 -20.67804853
v 44.19080279 53.85874946 -21.19654193
v 45.79306719 59.36111040 -23.38077745
v 48.23520586 59.55758839 -22.78061879
v 52.29830859 62.55991163 -22.23647560
v 51.52117846 66.50039851 -22.37926799
v 50.37194750 60.38492575 -22.18699099
v 49.89720080 59.67798986 -22.23136344
v 42.92423937 54.52463908 -21.93030669
v 46.83775255 59.97531101 -23.25469418
v 46.40711138 60.44327516 -23.42931583
v 46.75931475 59.91954777 -23.24477595
v 49.13236925 66.02468662 -22.83378146
v 51.60820696 61.51364886 -22.38344809
v 45.05860064 58.89445467 -23.40429117
v 50.64823077 56.30442065 -20.53789670
v 46.15097735 54.76194009 -21.08294040
v 48.78224108 53.89382961 -20.01564899
v 47.78543017 55.30352033 -20.85871258
v 50.34126971 58.03662877 -21.33255946
v 50.57795641 58.67407610 -21.53363989
v 50.44705889 58.93907165 -21.66378214
v 50.29753039 53.00915949 -19.19355107
v 50.06486437 53.59228932 -19.46744643
v 47.61136553 50.33174184 -18.49810081
v 48.57447741 51.88525816 -18.94167406
v 45.50147936 52.11922866 -19.78701101
v 46.15599749 50.93170588 -19.16478792
v 46.48655627 51.99787172 -19.67427906
v 42.37344286 56.02814464 -22.86774590
v 44.91773913 56.03213495 -22.02416375
v 42.55258868 58.58463629 -24.07245823
v 42.35417864 52.91570670 -21.24324893
v 43.55667803 52.88721860 -20.88155459
v 44.27394030 53.48894130 -20.99050244
v 44.97859881 54.05198297 -21.06565207
v 49.15345690 58.08291242 -21.81196010
v 49.62832567 59.88851533 -22.49341792
v 45.65527270 54.63771065 -21.15805939
v 48.54486010 63.74675538 -22.97338375
v 49.65976641 57.46858221 -21.28139665
v 49.88760302 61.17014104 -22.73897782
v 48.53846667 56.14595804 -21.03138117
v 49.21149370 56.84614953 -21.13343207
v 48.01025317 55.47178281 -20.87165206
v 48.69533465 63.28030160 -24.36011769
v 48.63672564 62.79227426 -22.97605389
v 49.66667101 62.74059642 -23.81284587
v 46.18937609 60.09585733 -23.43227598
v 46.93670580 61.07829066 -23.31884230
v 49.29055712 55.67475907 -20.64348742
v 46.08942339 60.56322640 -23.50252752
v 42.99201128 58.57078896 -23.92409702
v 44.69240496 59.04365126 -23.60598187
v 44.53014300 59.77125895 -23.80324761
v 41.75543902 58.24859959 -24.16459074
v 46.17117998 54.63169871 -21.01485566
v 47.43994067 54.99738706 -20.81972632
v 47.15274737 56.44597246 -21.55358276
v 46.18203661 53.53096408 -20.48243055
v 47.05737231 53.56530784 -20.25757704
v 48.35881731 53.79928614 -20.07790484
v 48.47433398 57.59716797 -21.61913471
v 47.39965746 58.09906377 -22.29133022
v 46.75894091 58.43586714 -22.64707369
v 50.12792895 64.39725640 -24.38943000
v 50.60499499 63.00651326 -23.69124862
v 47.26731798 65.21636326 -25.60364828
v 42.71491167 54.42682261 -21.93346524
v 44.09204027 54.57409669 -21.59876373
v 44.10508654 55.04239270 -21.80887733
v 43.58898852 55.33217613 -22.12432232
v 43.60021899 53.18983851 -21.03699593
v 43.85121081 55.94968403 -22.33861686
v 44.37666247 58.25263568 -23.29995146
v 42.11241076 55.78750972 -22.82880543
v 43.53759692 54.60754774 -21.77785614
v 42.97971270 54.26033018 -21.74102137
v 48.46304247 63.88023515 -24.83352172
v 42.51399920 54.86257162 -22.21785863
v 45.82713244 60.65087669 -23.52565986
v 43.08318255 61.63525733 -24.00702904
v 47.00246355 50.81427810 -18.87361968
v 47.22151873 58.86346036 -22.72425271
v 50.96980974 60.80272665 -22.21682200
v 45.57068560 51.76324113 -19.67363815
v 42.78324816 53.63349535 -21.50084793
v 50.70639727 60.91847217 -22.37218700
v 47.80808184 59.73313309 -22.99798027
v 45.16031573 59.74053350 -23.67928520
v 45.10008166 58.69493839 -23.27932165
v 43.74931261 58.04120988 -23.41077601
v 42.88326952 57.42790575 -23.38808609
v 46.56712267 58.88848474 -22.92605020
v 46.79765246 55.24473580 -21.11449565
v 48.71955797 58.16690061 -21.80561246
v 44.06047747 54.30191043 -21.47123073
v 42.08430407 55.89384058 -22.89302969
v 49.84443590 65.52430486 -24.62963404
v 49.97231219 66.04979074 -25.26516269
v 45.40547106 55.47863770 -21.61741012
v 45.65282366 65.95476311 -23.45867464
v 43.36485216 53.75576405 -21.38926042
v 42.85114214 54.30265042 -21.83365748
v 46.69700548 55.44710166 -21.23616927
v 42.12025378 55.64420682 -22.74830004
v 42.28340075 58.40846594 -24.06588166
v 46.27189562 61.08486718 -23.44031752
v 43.70915148 64.12741435 -23.82963076
v 46.77550432 65.55351803 -23.26816859
v 43.34075854 56.45978524 -22.99305115
v 44.08180926 56.27075179 -22.65770871
v 41.99130938 57.82894861 -23.88709434
v 75.13206217 31.23693113 -11.13916520
v 74.85289500 29.33836021 -10.55118271
v 75.30737803 28.93288842 -10.48614969
v 74.63302347 30.64570649 -10.90886420
v 70.08739970 28.98985006 -9.80582133
v 70.58680460 28.59866764 -9.83458408
v 71.55212138 29.31951995 -10.18513962
v 70.60795328 31.67509925 -10.65901696
v 71.20687601 30.63752067 -10.64011115
v 71.35139200 31.80460817 -10.97322596
v 71.60143778 28.83693407 -10.03683937
v 72.37153361 28.89238831 -10.11565103
v 74.54298136 31.68146161 -11.16272484
v 73.99908945 32.33146311 -11.32404087
v 74.72620890 30.95106918 -10.97914623
v 74.23602030 33.36861819 -11.76167837
v 73.80550883 33.82335298 -11.84595273
v 73.30013773 31.82096510 -11.10405482
v 72.80035136 32.86254523 -11.53784711
v 74.16956827 33.92657487 -11.86508727
v 70.83660624 26.86907640 -9.04600958
v 72.01412699 26.14651171 -8.98744623
v 71.81019327 27.12440165 -9.41305979
v 76.11512492 28.54282035 -10.58472140
v 75.49549601 28.98898735 -10.51709452
v 75.58334086 28.25054973 -10.34311369
v 76.36938212 29.32550464 -10.80371567
v 76.05701945 29.91232712 -10.94173151
v 73.22378275 28.80746884 -10.22105873
v 73.73981974 25.64176619 -9.20611986
v 75.65029642 26.10404640 -9.59343377
v 72.82482645 25.85041489 -9.10075795
v 74.64249918 25.49082624 -9.27586776
v 72.58901713 30.27291572 -10.69081604
v 74.36791727 29.35490837 -10.50334641
v 73.23569987 28.89197201 -10.28336038
v 76.00838969 27.68924756 -10.23424214
v 71.18240855 28.56083726 -9.95241245
v 76.37584421 29.76437791 -10.93942741
v 76.14028666 28.13388483 -10.40785671
v 75.74962351 31.95005819 -11.56183377
v 71.17983744 26.37553851 -8.91490599
v 74.20087931 29.14252892 -10.48239606
v 74.87090800 30.12493548 -10.83192930
v 70.91943095 27.56383951 -9.47885576
v 69.97840617 29.84713456 -10.09238153
v 74.40556834 32.58653663 -11.51625588
v 76.89489481 27.70388453 -10.36734456
v 71.93118021 33.52363988 -11.60062187
v 75.18608591 30.17396959 -10.89474974
v 74.35900614 30.39696917 -10.85243716
v 71.37598917 29.30565354 -10.13336655
v 70.42811320 32.41434175 -10.97865819
v 70.74700663 26.46103351 -8.88173339
v 70.16633341 28.56949286 -9.67821201
v 71.48503611 3.70696547 -3.95422419
v 71.31448862 3.11689285 -3.88299607
v 72.56712076 4.28689860 -4.17471379
v 72.02755472 2.65983107 -3.95652810
v 70.18258402 3.91141801 -3.74289000
v 68.52284739 3.22396385 -3.37094164
v 76.36642954 3.17180908 -4.78129625
v 44.87080309 4.90057341 -0.18524245
v 44.74994585 5.75271571 -0.36750883
v 42.54556200 5.47800412 -0.28588952
v 51.19018481 3.43430672 -0.52653555
v 50.74906847 3.38087045 -0.50161794
v 51.93631670 3.47259101 -0.59481864
v 55.61834833 3.00014830 -1.14074751
v 55.49994776 3.87885617 -1.24098264
v 31.79204867 1.67564360 -0.17282127
v 33.79344485 4.63601844 -0.16522288
v 32.44738505 4.69232336 -0.19999767
v 38.59910509 7.07685809 -0.86753956
v 39.23699877 6.42230188 -0.46531777
v 39.85656664 7.16274980 -0.91430776
v 38.02396319 6.55969391 -0.54295452
v 37.44881365 6.27908480 -0.41244605
v 31.91283915 6.61174164 -0.57808026
v 33.21523020 6.55246125 -0.53758342
v 32.65495035 7.26051476 -0.96783561
v 40.56468127 6.47433435 -0.48150736
v 40.76327059 4.67895477 -0.12721324
v 39.77110598 1.57109041 -0.01379416
v 38.66524050 4.45892304 -0.08136055
v 42.91821978 5.18397489 -0.23973164
v 34.74966166 6.48831330 -0.50506693
v 32.05264017 6.01635134 -0.44970797
v 36.97952006 5.27893224 -0.22995077
v 33.08904002 8.37835065 -1.68013133
v 37.53108141 6.55442963 -0.53178508
v 30.93554423 4.81335607 -0.25091627
v 32.47273752 6.93658597 -0.74920763
v 37.89501116 7.40038444 -1.08003351
v 38.20762560 8.24201912 -1.51635872
v 37.07942126 8.20099776 -1.59311042
v 39.97904513 4.48369568 -0.10528633
v 39.88769457 5.14066282 -0.21223529
v 36.36792300 4.43509643 -0.10095283
v 38.58818362 2.57250184 -0.04034461
v 28.73767588 4.94355932 -0.23005752
v 30.46744273 3.07353178 -0.20530746
v 35.39426729 4.89561621 -0.18542556
v 33.88286326 6.49888764 -0.50961405
v 33.26109812 6.76250609 -0.66012679
v 34.41427157 4.09483306 -0.14260927
v 35.06427309 4.60346954 -0.13345407
v 31.39372752 7.29788354 -0.98960991
v 30.73894999 6.83860929 -0.69976914
v 29.39194987 6.02348482 -0.46897982
v 28.41609690 5.14905706 -0.23779376
v 30.09980509 6.63078460 -0.60447796
v 38.46996615 1.51278657 -0.02827474
v 35.71396181 4.42858856 -0.11663886
v 34.45286104 4.46363799 -0.14570686
v 27.77111552 4.88633886 -0.20924453
v 26.55625651 5.22961585 -0.18109212
v 24.43550608 0.82389992 -0.07575998
v 41.89292071 6.01123011 -0.39640902
v 41.21141741 6.50851403 -0.49562174
v 40.53882525 6.73120841 -0.63893233
v 42.05644152 4.28414123 -0.12791508
v 36.02048800 4.59580963 -0.12399362
v 32.20254252 6.41693268 -0.52465920
v 35.29794810 8.27053968 -1.65817391
v 33.33576700 8.38672772 -1.71295298
v 35.83927462 4.75966041 -0.15211560
v 37.27224657 6.05958713 -0.37449740
v 45.14789507 3.70716063 -0.15264949
v 44.02477190 4.24809234 -0.15181034
v 40.23141787 2.93075532 -0.05947919
v 44.98116991 4.11502044 -0.16221681
v 11.21049235 9.08412514 -0.55159140
v 10.57925150 9.58136324 -0.89950713
v 9.35962412 9.63885836 -0.88899384
v 8.76521799 9.18145332 -0.60588219
v 8.08591196 8.75436747 -0.39250321
v 9.87045023 8.97094309 -0.45697163
v 9.74220011 7.68857162 -0.09657408
v 21.86806223 3.80975312 -0.07467709
v 22.66383097 2.85227173 -0.07508892
v 22.03597758 6.01397865 -0.09829805
v 26.66405222 2.51405303 -0.13627661
v 26.88950846 5.26602331 -0.19955526
v 9.69639323 7.09654587 -0.07675282
v 7.43126414 7.61581772 -0.06833005
v 10.22761175 4.03816193 -0.04321350
v 11.42735026 7.38648575 -0.07600519
v 11.89676401 8.91118204 -0.47409198
v 11.69961283 9.58296541 -0.94952544
v 10.63202402 10.13139675 -1.29001015
v 9.63282511 9.05072366 -0.49429464
v 11.24952433 9.17842444 -0.63351586
v 9.57780192 10.36300226 -1.39528057
v 10.40142557 8.82193339 -0.41642901
v 14.70384714 8.77187502 -0.45271440
v 10.36898539 9.38708836 -0.75685268
v 7.74192545 5.43326920 -0.05438317
v 12.28410837 7.48118942 -0.08857845
v 7.34115336 7.31998795 -0.05935784
v 10.34984324 10.12453029 -1.27685707
v 13.06248972 10.41899244 -1.62445234
v 11.71630595 10.42474692 -1.57200788
v 10.18883250 7.54948776 -0.07815670
v 7.97221110 3.59247560 -0.03320367
v 11.02381537 0.98782510 -0.00643933
v 12.19613383 8.01085249 -0.22189457
v 15.31607554 8.03216710 -0.26918156
v 15.24830363 9.00769194 -0.65278768
v 15.19434092 10.35633222 -1.66148541
v 12.55906412 6.40726822 -0.05583291
v 11.89908335 8.90529215 -0.45945880
v 22.16015360 7.66412508 -0.41291930
v 27.02039835 7.09698639 -0.56558339
v 24.41787455 7.46466981 -0.49463008
v 8.54597208 7.62202805 -0.08943296
v 9.78631232 4.06802338 -0.04287782
v 12.46833536 6.83414811 -0.06019699
v 12.24758646 8.92097818 -0.49511860
v 12.68826029 10.42018454 -1.58610700
v 9.89819071 9.52653842 -0.82969816
v 14.88688395 8.74575960 -0.45755143
v 14.97485087 9.69114828 -1.15129243
v 12.41010783 6.50374192 -0.05731303
v 10.32901499 10.47352165 -1.52288985
v 8.37717936 8.90585672 -0.45489643
v 7.87306711 4.85142869 -0.04483107
v 14.33658335 10.36635725 -1.62967083
v 14.21824286 4.71560830 -0.03331066
v 9.64223978 7.54773300 -0.08815121
v 8.12499735 7.78430527 -0.09083680
v 9.83218024 4.46568269 -0.04809639
v 23.05713389 3.27085846 -0.08041431
v 11.83527109 8.82168162 -0.42895647
v 6.50843546 2.16169710 -0.01179535
v 11.42000983 2.10675782 -0.01821929
v 11.48419688 7.01213425 -0.07406726
v 7.46238444 7.06219834 -0.06283680
v 12.59959910 7.36046189 -0.07129022
v 12.55116007 8.41308941 -0.33149852
v 12.09548685 8.35805096 -0.31146372
v 11.84801218 10.39773124 -1.53288434
v 9.74847147 9.86142303 -1.05958713
v 10.21073649 8.99872171 -0.46324300
v 15.24184153 9.03807219 -0.67480612
v 15.56580851 8.54443514 -0.41102735
v 10.47471354 7.75432937 -0.10196045
v 11.50666544 7.03338974 -0.06643787
v 13.19714854 7.83212439 -0.19104127
v 10.15884135 7.78920333 -0.12625245
v 10.46957133 8.32098737 -0.27774179
v 12.98311350 7.37753456 -0.07086297
v 8.79169962 9.64321474 -0.92434845
v 15.99883005 7.32032936 -0.11445733
v 7.19445536 7.84758346 -0.13382081
v 9.53569529 9.01926004 -0.45947408
v 13.36512492 7.30298012 -0.06053276
v 13.03707621 7.59168403 -0.12201047
v 13.04736826 7.09740609 -0.05999867
v 11.08637736 6.84772080 -0.05905258
v 10.79208872 7.52344864 -0.08601498
v 35.73128435 54.26268149 -24.50476954
v 36.70563433 53.07412877 -23.66068365
v 36.48112414 54.37569196 -24.16109585
v 39.78001330 55.36008805 -23.48316327
v 39.99725268 56.06264842 -23.79058221
v 39.19496081 54.98781173 -23.51806006
v 36.88340113 55.84591442 -24.21296071
v 37.52950976 54.50094001 -23.53991057
v 37.46864245 56.02699812 -24.11243584
v 35.90497515 55.54081481 -24.98479599
v 35.98309443 56.35731640 -25.13294371
v 40.62353442 63.29649451 -27.32677724
v 41.18983385 62.90795623 -26.81716414
v 42.15025255 64.41268444 -27.48812385
v 39.10999987 63.13831039 -27.73958849
v 37.53352282 64.80947943 -29.20115187
v 37.27268145 63.26043591 -28.38675953
v 34.99118159 55.61852778 -25.19907518
v 40.75398943 57.70603519 -24.23087484
v 40.60891650 57.21584662 -24.07030652
v 41.77690050 56.87456480 -23.63628547
v 35.26412890 52.73088220 -24.34674927
v 35.61639330 52.98452907 -24.24549199
v 35.45268938 53.33467627 -24.51310069
v 34.51097033 52.24641184 -24.31798637
v 38.05596087 61.80281167 -27.19474269
v 38.75089190 61.52296366 -26.63538596
v 37.98844836 61.07030218 -26.42716445
v 39.38633654 61.05289384 -26.23058546
v 41.96150133 61.09220463 -24.21468581
v 41.28865740 59.14799073 -24.40023237
v 41.09878466 58.58689835 -24.44741245
v 39.52237627 57.35707808 -24.51015640
v 41.41409228 57.92947347 -24.12314782
v 39.30457995 58.72434565 -24.77161597
v 40.05767748 56.47115670 -23.95339356
v 41.54893420 56.51153154 -23.41286622
v 43.21507952 59.23083457 -24.03512008
v 44.14713213 58.99324001 -23.74038127
v 40.81830523 56.16905945 -23.50861506
v 39.25400469 56.47323188 -24.02294312
v 39.03564379 55.44150890 -23.77977889
v 39.39230273 56.90479998 -24.33175056
v 40.44740221 57.70148805 -24.34031087
v 39.64372942 57.85916471 -24.57418236
v 41.40424273 54.08231344 -22.21045799
v 41.96237871 53.87747190 -21.76120868
v 37.75251696 56.58938363 -24.38738405
v 38.64892504 55.86008795 -24.05962515
v 34.78053210 53.57289260 -24.94376479
v 35.18117449 53.14341878 -24.58722785
v 35.68491480 58.41736723 -25.97799104
v 35.99508021 57.96196881 -25.07427393
v 37.12077257 58.84481557 -25.55698586
v 34.94091914 60.18121061 -26.92884277
v 34.77595637 58.89263270 -26.15055276
v 36.43688319 59.41806907 -26.32836352
v 40.90621111 57.96295885 -24.31823144
v 40.31425402 58.58644437 -24.58577915
v 40.94931719 64.47548442 -24.27123544
v 34.62372706 55.60213600 -25.38349290
v 34.25709460 54.30738195 -25.49526332
v 35.07908556 54.07703917 -24.98702354
v 43.28572771 62.59819154 -25.75066628
v 43.03944323 63.17643478 -25.86332202
v 42.21368334 62.82523842 -26.33242291
v 34.90339777 56.48051203 -25.24714051
v 35.73593256 57.33224240 -25.11814284
v 34.89737055 57.14477672 -25.20731517
v 41.03296587 64.36993938 -24.26334662
v 37.35664294 59.76056426 -24.95464531
v 37.80992815 58.03432601 -24.96213710
v 39.02748034 58.35589548 -24.80185883
v 36.23609278 56.09319823 -24.97654108
v 36.70299647 56.93794004 -25.04015511
v 34.94932673 56.04916132 -25.25840142
v 39.32635424 58.33441493 -24.75469391
v 38.38111803 58.96758218 -24.86499980
v 38.65219042 59.30684419 -24.81460007
v 38.29038927 59.50957047 -25.34249317
v 37.76531145 58.21148437 -24.96122160
v 37.22003863 58.17935698 -25.00568570
v 37.77146075 58.85777038 -24.93938638
v 35.37770197 60.59062869 -27.10235053
v 39.31260607 61.63332097 -26.51719139
v 40.56272814 62.28355900 -26.56444797
v 39.29415819 61.98237145 -26.76003508
v 42.34112475 61.17225584 -25.51883927
v 40.01870653 60.59716347 -25.83913642
v 41.52748034 60.51086382 -24.31324224
v 41.94374773 60.61417329 -25.31489020
v 41.55552599 60.74636778 -25.49242623
v 37.94589922 57.77783340 -24.95804770
v 38.88535998 56.80469849 -24.44574896
v 39.39637682 57.49556684 -24.56839922
v 38.26246569 59.70437951 -24.86719718
v 40.37179491 58.52342558 -24.57213779
v 40.93570635 60.31985047 -24.41459108
v 38.25273821 59.97774633 -25.52349300
v 38.97383807 60.24520442 -24.72483277
v 40.23982928 54.11546310 -22.62018699
v 41.55564806 61.36792496 -25.83719867
v 41.66012499 62.10733721 -26.18209320
v 40.60916827 60.59183436 -25.67067938
v 39.46577380 55.56407894 -23.72611374
v 38.63970110 54.44588067 -22.98581815
v 38.85517809 54.19105511 -22.76049157
v 39.96851275 54.38981990 -22.86141324
v 37.02219317 60.17662375 -24.98279785
v 36.61665461 59.50623076 -25.01239979
v 40.87898180 53.99446476 -22.35836141
v 42.14315722 54.34321968 -22.08333706
v 42.22705004 53.98424911 -21.64495199
v 39.91442034 60.07524823 -24.60186216
v 39.56830523 59.56466625 -24.66425527
v 39.61430285 60.08029108 -25.72060606
v 39.39073107 56.51039084 -24.04935609
v 37.08092425 58.05071776 -25.01069057
v 35.68196795 50.88633521 -22.65700593
v 35.59920428 51.30132079 -23.12737343
v 35.28734515 51.32721108 -23.50261757
v 40.43284533 63.78971437 -24.37172971
v 39.52702257 63.58516074 -24.50849420
v 37.10332415 60.64161056 -24.95702583
v 41.14603350 56.32975739 -23.47591551
v 40.36714861 55.74251909 -23.41616199
v 40.34292528 55.21599936 -23.10616435
v 36.53382990 62.80844445 -24.84176129
v 40.22289202 55.52076312 -23.33594650
v 42.00812456 54.56761160 -22.22187164
v 42.21876452 53.97811890 -21.64084737
v 40.88337633 53.18441393 -21.51029304
v 41.16084215 53.19054413 -21.60131172
v 40.99537585 53.75998297 -22.20754350
v 40.04405901 53.57615269 -22.31542311
v 39.90563891 54.38425806 -22.89510464
v 41.39488909 52.59831815 -21.33792967
v 41.65209124 52.31930741 -21.10700311
v 41.55351946 57.71281395 -23.98475057
v 40.29379198 56.49576151 -23.84790955
v 40.89159319 57.14041100 -23.95267650
v 39.38514635 54.79631014 -23.35608798
v 39.47676012 56.24135933 -23.96218258
v 39.42825243 53.85502992 -22.46251789
v 38.74731371 54.34218197 -22.81871914
v 38.55530474 53.28274140 -22.51194101
v 37.78652117 53.77539611 -23.11098589
v 38.11262438 53.24509035 -22.45858102
v 37.27563402 55.02227547 -24.40741859
v 36.69020006 55.30682900 -24.43885174
v 36.07778094 54.58156349 -24.45099762
v 36.86576960 55.91136699 -24.27352286
v 37.77227709 56.57119134 -24.40236818
v 38.30695269 57.25492045 -24.78292249
v 34.62002489 53.66838209 -25.04471695
v 35.26883623 53.39238118 -24.65725048
v 39.50028918 54.55681966 -23.17315032
v 38.00814745 54.49838042 -23.08883025
v 36.89218256 58.82815687 -25.01069069
v 36.28817103 58.53905228 -25.82790561
v 36.50948450 58.33113234 -25.03106109
v 35.50815699 58.35165904 -26.11869232
v 35.71522639 58.16616563 -25.76035489
v 35.51430437 53.95700215 -24.61020772
v 36.12377093 53.96485286 -24.24649923
v 34.82464526 55.34491860 -25.32193890
v 38.14117358 54.90821424 -23.65837987
v 35.90447161 51.13513357 -22.71614903
v 35.44101832 57.28717937 -25.14513563
v 41.68585131 65.49884184 -24.10929407
v 35.91996691 53.24461131 -24.24494271
v 36.78149531 60.72819055 -26.69138558
v 37.18295214 60.73316304 -26.50925668
v 36.80233118 60.98654662 -26.87188184
v 34.62711260 52.83361962 -24.39310549
v 38.58731005 54.30154402 -22.69210170
v 36.10357020 56.82775250 -25.09482733
v 34.93138239 56.62358225 -25.22802127
v 35.85076258 55.67211287 -24.99389025
v 42.36252520 63.88107026 -26.70553099
v 38.91949389 60.64540026 -26.20252448
v 37.61717150 55.81888729 -24.18711232
v 36.73763201 54.08084640 -23.99660606
v 37.63009569 54.34264537 -23.30332302
v 37.74749682 54.86382072 -23.54978306
v 34.62905810 53.65818540 -25.03740799
v 39.75096819 53.80086886 -22.43848528
v 39.76401446 60.63595129 -25.95516425
v 41.84271929 53.82062146 -21.82775225
v 39.63751910 58.87443111 -24.69364358
v 39.25978014 56.47660407 -24.02396546
v 39.44864580 54.77829334 -23.31057101
v 37.43978045 53.04683474 -22.92098333
v 35.31890795 54.30225129 -24.86138270
v 40.11960528 56.99182088 -24.16781014
v 40.38145373 57.56004672 -24.28550128
v 36.95511744 57.10463087 -25.03148814
v 36.31032679 57.97458021 -25.05475794
v 36.13871119 57.16110364 -25.08974621
v 40.18486712 64.79128155 -28.38317396
v 37.03474352 62.25684066 -27.74921664
v 36.66453669 61.82502464 -27.25304653
v 41.97128985 63.05416980 -26.56533310
v 37.30374071 58.91120284 -24.99152567
v 35.95861933 55.71436446 -24.95993945
v 40.14295122 57.30009417 -24.30475783
v 34.26525042 54.88124594 -25.45241673
v 39.76270220 58.84222744 -24.66536904
v 41.35247729 62.49425427 -26.51391089
v 42.84888384 52.36456122 -20.75817194
v 34.65020678 53.64914076 -25.02527725
v 35.21738360 54.17195268 -24.86213036
v 34.42111132 54.68930182 -25.46468477
v 33.49401781 51.37636690 -25.76653359
v 32.42429278 50.79890182 -25.87934173
v 32.96323321 51.09003952 -25.82448643
v 33.67730639 54.03977711 -25.57450217
v 31.50554774 52.44634750 -25.87139217
v 29.89499781 53.16421249 -25.89563850
v 30.95574877 51.01648450 -25.98644320
v 28.84535906 50.78440974 -26.15323699
v 28.46848986 49.86555978 -26.23146865
v 33.74915240 51.43272917 -25.03720926
v 33.13792345 51.64121379 -25.17110517
v 33.30407641 50.48641724 -24.89814051
v 32.55757067 51.69350179 -25.51519087
v 32.04247210 50.81136448 -25.61786712
v 33.86065600 49.92651871 -25.80686234
v 33.86027453 50.97464129 -24.73549715
v 25.46639368 61.43410232 -25.89055867
v 25.96894190 60.69478538 -25.85361702
v 26.78020594 61.21153765 -25.70810929
v 26.41037104 59.99240806 -25.85193844
v 27.58532069 65.47033821 -25.40281214
v 26.45862696 64.67786342 -25.66164685
v 25.82744715 62.43540696 -25.80543005
v 29.28245661 64.43631495 -25.22260567
v 28.70141718 65.21191728 -25.27184591
v 28.36885187 60.24739199 -25.70308899
v 29.65242121 61.11029752 -25.54245986
v 27.62698481 59.77435044 -25.78138176
v 30.97174952 61.95199333 -25.37989286
v 30.70237849 62.34059082 -25.36141453
v 34.34180376 51.50200418 -24.34250713
v 33.76640246 51.47047941 -25.03318095
v 33.85073778 51.02348087 -24.68367831
v 33.50135729 51.12436418 -25.78327245
v 31.88071368 50.25147368 -25.95110372
v 32.42234728 50.53923919 -25.89408168
v 32.43201563 57.82816416 -27.11206992
v 32.63173792 57.76578247 -26.81054098
v 33.06193659 57.94433324 -26.49210534
v 33.17789576 57.35799902 -26.41404128
v 33.62873957 57.60136913 -26.11271076
v 33.59002039 56.96420417 -25.41201180
v 34.19761011 57.05943048 -25.29427500
v 33.03451464 50.12232352 -24.50249530
v 33.41709063 50.50821450 -24.40076502
v 32.91660998 50.54228726 -25.13887843
v 30.12848589 51.92289836 -27.06505663
v 30.68975756 52.03380691 -26.82984242
v 30.12008021 52.56375985 -27.19582456
v 30.49398730 51.52824140 -26.00205303
v 31.11292956 51.67663313 -25.93392256
v 31.49512598 53.09047425 -26.71434882
v 31.36536524 54.01750285 -27.07216757
v 31.18703577 54.40565969 -27.38146329
v 32.40886042 53.32642488 -25.76595408
v 32.34629748 49.83031214 -25.23502394
v 33.96933100 59.51358522 -26.68621265
v 32.99574396 59.20843035 -27.14310653
v 33.59642145 58.66879002 -26.55477331
v 32.11287806 55.24890642 -25.72838725
v 31.96140406 55.93619644 -26.80359794
v 31.60870478 55.38770778 -27.07077924
v 28.87541315 51.04443837 -27.43700473
v 29.40839503 51.80403997 -27.37314682
v 28.69168970 52.24109360 -27.72248161
v 26.48008082 53.51310425 -28.61467847
v 28.51404688 55.06365668 -28.25428139
v 27.34361384 55.54813841 -28.77053208
v 29.86632654 53.98328114 -27.43351095
v 30.25548670 54.47584248 -27.46727873
v 29.30573389 54.77832883 -27.91848117
v 30.36397669 53.29974103 -26.02066904
v 29.43517992 49.44162867 -26.14562263
v 31.29050562 53.96129348 -25.89266317
v 29.65015528 54.09749697 -27.55918235
v 29.85979578 53.99029255 -27.45797079
v 29.91909907 54.39810655 -27.64045071
v 26.84973261 51.95707403 -28.30683215
v 27.55984614 52.81276405 -28.20295045
v 25.62088129 52.51595764 -28.68293087
v 32.85398981 54.34142810 -25.64461635
v 28.47276423 52.92910855 -27.91788578
v 26.85989497 50.79193585 -27.91008819
v 26.56610987 50.64663784 -27.92876492
v 26.89647791 50.27757354 -27.78643088
v 32.92690394 55.47498829 -25.59493392
v 33.14846918 53.48058826 -25.66437634
v 33.15894434 56.22765082 -26.39040523
v 33.29956171 55.98069509 -25.53310539
v 32.94322321 57.16463961 -26.61673901
v 33.43710444 56.88006706 -26.33901374
v 28.00892565 50.33378708 -26.75588279
v 27.69776079 50.66269011 -27.81412564
v 33.94203875 51.66231301 -24.42571333
v 33.70340655 52.12880078 -25.11374746
v 32.92018816 51.28797667 -24.98668739
v 28.20646021 65.95110070 -25.32087252
v 32.53573534 50.68773402 -25.18673002
v 32.72730181 51.38677730 -25.17255471
v 33.60521052 56.30024466 -25.46775205
v 33.38759730 57.01059455 -26.33915109
v 32.64975092 56.45460237 -26.69736633
v 30.30059931 52.48307157 -25.98534481
v 31.11450121 51.14232756 -25.96073216
v 31.60022661 52.00674178 -25.88518604
v 30.13545344 52.98717236 -26.04953862
v 30.56620905 53.13174558 -25.98685554
v 30.22178767 53.05122088 -27.54723455
v 31.71719477 55.20678431 -27.11316813
v 32.01592943 50.76999790 -25.63011992
v 27.80819819 51.04898161 -27.84259860
v 26.99191401 50.17349717 -27.68895771
v 27.81284258 50.12568007 -26.84883930
v 30.50910876 50.51561474 -26.04506739
v 31.44285509 51.35340239 -25.92998574
v 31.31849596 52.23770644 -25.89627922
v 33.98137591 55.08775070 -25.87691628
v 33.31537745 54.39227040 -25.59575772
v 26.90871546 50.42681593 -27.80335290
v 27.57910845 50.66328519 -27.85926114
v 26.59133265 50.77572721 -27.89399016
v 26.08239100 52.70594483 -28.60924621
v 27.10969660 51.82434929 -28.20484238
v 27.72122881 50.03250609 -26.85804033
v 28.05673907 50.40620530 -26.71686608
v 29.04652521 52.11220263 -27.57538686
v 27.91932795 51.48733991 -27.87690043
v 28.50965998 50.93291205 -26.40253511
v 27.77468798 50.00833237 -26.79076433
v 29.14691851 50.44688532 -26.17655236
v 32.99781153 52.52748233 -25.64965146
v 33.67140124 53.01778158 -25.47818853
v 33.03363917 53.59184009 -25.66114150
v 29.10858271 51.01337549 -26.19083468
v 27.70723650 50.01029692 -26.85700273
v 34.56656573 53.69978849 -25.07843888
v 31.04949114 51.10073210 -25.96733921
v 31.85479662 50.44532902 -25.58495385
v 31.59370348 51.24051787 -25.92102881
v 26.06274531 65.37560395 -25.77341759
v 33.51447413 58.12608832 -26.41884793
v 30.61076281 50.11832547 -26.03745319
v 32.65000269 54.67708700 -26.46804170
v 33.43346522 55.51282232 -26.42810959
v 32.56152460 56.26372250 -26.98873288
v 32.89371416 50.11792135 -24.58417560
v 33.38514635 50.83740378 -24.52687897
v 33.92258379 51.48653560 -24.24472880
v 33.46823046 51.92372647 -25.12011034
v 33.82871172 53.27741751 -25.48801523
v 26.03080866 50.80176625 -28.35683501
v 26.14701960 49.88880623 -28.19567154
v 30.96528742 54.13414885 -25.94056053
v 34.11779139 56.93345763 -25.94544380
v 30.87756464 54.11259178 -27.23890037
v 26.80957148 54.32653503 -28.68393825
v 32.52111742 51.98579913 -25.69478687
v 34.03402636 52.63533917 -25.10247130
v 30.58465502 48.26154836 -25.54520435
v 30.45269701 47.75816858 -25.30892192
v 30.74083636 47.71976607 -24.97873698
v 31.33367846 49.72654086 -25.67328687
v 31.60117266 48.84478893 -25.18637876
v 31.65118334 49.55519616 -25.33994333
v 31.23830340 48.48252620 -25.18517326
v 26.89791796 48.55404776 -26.38607049
v 27.07643816 47.51329155 -26.34210975
v 27.54139635 47.14486810 -26.25260163
v 30.72571490 47.89412822 -25.20270551
v 26.22470019 48.50703145 -27.43061089
v 26.34159777 47.89603522 -27.29955305
v 26.91630480 47.45633419 -27.04454809
v 28.39871905 49.25840492 -26.34915959
v 30.23917315 48.52275588 -25.90761589
v 31.67690966 48.94527189 -25.03290588
v 31.17523882 50.72649122 -25.98461210
v 32.19231341 49.45987840 -24.85883370
v 32.30187151 49.97798292 -25.01131486
v 32.03908465 50.14149224 -25.31955769
v 27.47990343 47.72075386 -26.29613505
v 28.21285937 47.35721323 -26.20116429
v 27.91813586 48.50849266 -26.32062553
v 27.59736559 47.12466928 -26.23891449
v 30.54989550 47.36461014 -24.87020115
v 31.08206103 48.05280059 -24.95374314
v 30.05952380 47.13456096 -25.18003083
v 28.42018053 46.55109527 -25.90712729
v 28.88513872 46.32175958 -25.27370440
v 29.39627764 46.54072326 -24.97356406
v 31.30581591 47.53211359 -24.32054908
v 28.55019305 48.92603418 -26.24131042
v 27.95609209 49.21739689 -26.51772343
v 32.32163927 48.83757936 -23.88387327
v 32.27809069 48.07022595 -26.02565781
v 32.89741442 48.88977553 -25.92848998
v 27.23104784 43.95507948 -25.04361674
v 28.05178759 44.31690740 -24.59223130
v 27.61913988 44.48429624 -25.06504016
v 34.11766741 50.31751789 -23.77101951
v 32.33801958 48.60875481 -23.46480585
v 25.76048968 43.50981648 -25.60504855
v 26.42593310 43.79266105 -25.39040321
v 30.47717211 47.57063426 -25.20342262
v 31.49317858 47.08382153 -26.06771087
v 30.93366167 47.87734357 -25.05037702
v 29.13782427 48.08699153 -26.15393845
v 30.03800127 47.63475925 -25.63419351
v 29.99094317 48.20687605 -25.93122119
v 30.96145556 46.45467158 -23.36766805
v 30.09842608 47.14423504 -25.10744477
v 29.06547472 46.03609224 -24.81352979
v 31.45214770 47.16621937 -23.73159028
v 27.39149401 45.04409917 -25.53003659
v 28.49453661 46.03656134 -25.49840528
v 28.49240038 46.76546598 -25.99321741
v 29.01470873 45.64520405 -24.67284370
v 29.54950640 46.92119350 -25.17877957
v 29.96477434 48.01078537 -25.85514083
v 29.49441454 47.56915786 -25.89266212
v 29.63064501 45.99656816 -24.79886609
v 28.85044024 44.26101452 -24.21153976
v 29.32054064 46.79562130 -25.13434596
v 31.00826952 45.11224927 -22.27017942
v 30.56458208 44.32678410 -21.85506394
v 31.36360857 44.52540405 -21.19112354
v 32.15071795 46.04053301 -21.95442945
v 33.00722430 47.38105959 -22.00275426
v 31.81043169 46.86612114 -22.58258816
v 29.56243822 45.26675181 -24.30377930
v 26.69988940 46.23518870 -26.18520341
v 29.98754809 46.66784044 -24.81790917
v 33.75504992 48.07114214 -21.98436753
v 34.08842394 48.59318724 -22.20856500
v 34.08177111 49.42693881 -22.87526741
v 34.68891833 50.21324322 -23.24514058
v 32.63023302 49.76307820 -24.62606092
v 35.15024493 49.65320772 -21.98877758
v 30.36862109 44.76191500 -22.91030083
v 32.94999621 47.41187851 -22.09908300
v 33.22476885 47.50785251 -21.92569739
v 32.84100268 46.68493460 -21.73291772
v 31.82405016 47.79383244 -23.68657696
v 32.74311755 45.82351884 -21.11487559
v 26.49275896 47.95316427 -26.41907515
v 27.03075335 49.42007560 -26.35746040
v 25.48088953 49.85435979 -26.49378249
v 27.34857104 48.13117331 -26.42646043
v 28.26086352 48.19047662 -26.23816699
v 28.62448046 48.82283136 -26.21739988
v 27.12676165 47.07989235 -26.28980255
v 26.00213549 48.12319662 -27.37288682
v 32.17970202 48.60314711 -24.04251886
v 31.55768511 48.31906651 -24.63983937
v 32.39963457 48.61952371 -23.44976068
v 29.52560351 47.97603726 -26.02637496
v 26.37987444 49.14350984 -27.61544070
v 26.02779505 50.00368964 -28.24834489
v 25.54702875 50.27435383 -28.40056662
v 31.74379656 50.30386860 -25.61553244
v 30.11191485 47.56943257 -25.54959877
v 33.22640154 48.90862435 -23.44805175
v 27.68364641 49.46127809 -26.69937935
v 25.82066271 47.39527623 -26.49288182
v 26.50373766 48.44860565 -26.81896232
v 25.80052111 48.15170011 -26.95171373
v 26.49790118 47.99830354 -26.67902389
v 26.90249560 48.48441041 -26.69498466
v 25.77266619 47.74720480 -27.34458171
v 26.14456866 48.32959844 -27.41336843
v 25.65802691 44.98483392 -26.27074398
v 32.17913744 47.32510547 -22.85105137
v 32.91184161 49.88922639 -24.87390945
v 31.16683123 49.05377325 -25.49475892
v 29.46285174 47.52918746 -25.89478309
v 28.24561236 49.89793124 -26.58931778
v 27.76182482 47.22322580 -26.23157503
v 26.94259569 46.82870594 -26.56659694
v 27.11308214 46.02937051 -26.25431043
v 29.39966509 49.23363612 -26.15074955
v 28.91211626 49.63899728 -26.22095531
v 32.14136431 47.42375351 -23.00591283
v 33.19583819 48.07065377 -22.53972642
v 31.20962450 45.90645389 -22.84850292
v 27.77738879 50.71049590 -27.79300749
v 27.16566393 49.92504213 -27.62508438
v 28.68936083 48.25679514 -26.21002979
v 28.39878008 47.29790995 -26.18898776
v 29.38002703 47.32448699 -25.87964634
v 29.72300646 48.92628978 -26.11943847
v 30.75852892 48.04860437 -25.27457443
v 26.43214533 52.01184578 -26.31202015
v 26.95150683 49.21958647 -26.91371952
v 23.99778673 49.35722810 -28.61406745
v 23.37620661 63.65687490 -26.02112849
v 25.16332362 64.94496085 -25.90093522
v 23.09610102 63.99148489 -25.95604981
v 22.77746508 50.56879113 -29.04955348
v 22.61771319 50.15139460 -28.99700214
v 23.30542681 50.46781230 -28.93395288
v 24.05419276 63.40356372 -26.10563162
v 24.60951350 62.86938404 -26.09881086
v 24.44109461 63.66149830 -26.07978328
v 25.06707117 62.12383772 -25.97020966
v 25.42291376 63.97935988 -25.91088379
v 22.62693903 64.70931175 -25.83202649
v 23.72150538 52.21811364 -29.10654533
v 23.83426783 50.95917584 -28.87126985
v 9.84372732 53.54386037 -27.88060865
v 9.06565974 51.35790342 -27.84476540
v 11.74560568 52.97606560 -27.72097111
v 9.39859125 50.05703255 -27.70122576
v 11.70381949 50.86274620 -27.69489350
v 9.78825400 51.00129409 -27.78722445
v 15.09369681 51.34165288 -27.45215676
v 14.84942648 51.93822194 -27.46282275
v 12.41230032 52.83457848 -27.67432497
v 14.79866049 50.44184017 -27.47583825
v 9.18437311 53.79876606 -27.92569842
v 9.71196005 53.13255208 -27.87050727
v 10.79767630 54.17314428 -27.86180993
v 12.07120535 51.20452973 -27.68022986
v 11.88873312 52.08951660 -27.70966420
v 12.26760981 57.61570631 -28.29703693
v 10.17057917 58.68060572 -28.49810217
v 7.96844599 55.11151399 -28.13095986
v 8.62365839 54.45752993 -28.04807401
v 9.02016566 53.37150471 -27.92853648
v 12.21044180 50.30168817 -27.62776999
v 11.59281943 53.81304069 -27.75948443
v 11.58949301 53.53426643 -27.75350294
v 12.99585745 54.63261886 -27.75681428
v 11.45358393 58.55717738 -28.46930881
v 15.25132010 51.76511479 -27.45336227
v 19.34974596 43.95081817 -26.81148478
v 21.20105669 44.24957765 -26.69889022
v 20.56548235 44.64722168 -26.79645498
v 25.38607714 43.41477708 -25.77367341
v 25.39485857 43.79943967 -25.98377174
v 19.02239153 41.13007955 -25.77377985
v 21.46290514 42.35892318 -26.12776870
v 18.32821581 42.12590237 -26.26557078
v 22.30478594 49.31948544 -28.89138067
v 22.62982104 49.85664475 -26.75086257
v 19.61196825 45.71362410 -26.85781075
v 25.42033312 48.23187731 -27.56145496
v 23.81048510 42.83136106 -26.01493003
v 23.45702288 43.12724039 -26.22229702
v 23.32833025 42.64959837 -25.96626972
v 24.97370074 47.59181688 -27.60253151
v 24.12290118 48.27969822 -28.41880055
v 25.99686358 46.37633246 -26.40296161
v 23.96477434 46.83496584 -26.64667507
v 18.60292742 42.57330530 -26.41930316
v 18.64923022 43.39394486 -26.74399506
v 17.77145312 43.37257873 -26.80196320
v 21.72713396 45.97758591 -26.75174695
v 23.08417437 45.55114092 -26.65746282
v 24.81626055 46.53780094 -26.57047263
v 22.56826708 44.61117663 -26.65305288
v 22.12896654 45.23837382 -27.12030762
v 21.94072649 44.73853410 -26.68758354
v 21.53637621 47.84595596 -26.77272809
v 21.24008868 47.02246582 -26.79467009
v 24.72465441 48.23861422 -26.61064929
v 25.12454150 46.97479730 -27.20178984
v 24.26188586 46.68651295 -27.46756738
v 24.51049731 45.93251901 -27.17298107
v 25.57080767 48.65421384 -27.87313105
v 24.56502650 50.12054172 -26.55768634
v 24.81796191 45.07741653 -26.80809751
v 26.23593066 45.69161719 -26.38721443
v 26.00539324 46.58870426 -26.56548301
v 23.43242571 49.42801360 -28.75107612
v 23.88784716 48.17857440 -28.46683520
v 25.88410113 47.32827858 -27.23595432
v 25.39781115 48.04572390 -27.57927719
v 26.35954211 48.55208693 -26.90279412
v 24.81243822 48.36636818 -28.18442556
v 16.67770407 43.64836982 -27.28369847
v 21.81642077 45.51585867 -27.35671208
v 20.34976218 46.20925247 -26.82328019
v 20.98018572 46.06675064 -26.79102309
v 22.37362597 48.96047700 -26.72969848
v 23.74510309 50.40326800 -26.63649804
v 24.87531206 45.81631963 -26.48535898
v 24.90310595 45.01421470 -26.37503781
v 19.60230944 40.34541931 -25.17053876
v 20.62578509 40.91903911 -25.43721671
v 21.78021929 43.30228538 -26.37451873
v 21.81855700 48.69448197 -26.77150752
v 17.64633868 43.15255463 -26.75745328
v 23.04031298 43.92951696 -26.43599649
v 17.00298331 44.11010466 -26.89813947
v 18.57820055 45.09567175 -26.89151731
v 18.73187182 44.06821160 -27.21938275
v 25.40446398 44.81114693 -26.28864251
v 24.19299242 45.16846578 -26.49394958
v 18.79336474 44.65770619 -27.91706045
v 17.95122454 44.75664035 -27.97292290
v 9.31733630 47.18145659 -27.31934358
v 9.26989672 44.05191714 -27.06488750
v 10.77101157 46.15665726 -27.21245560
v 15.02542803 41.88124005 -26.48325263
v 14.26906512 42.21552946 -27.35765759
v 14.18291399 41.58928215 -26.78246218
v 11.48438952 41.03789772 -26.65036675
v 11.35807726 39.65997962 -25.81854890
v 12.27407000 40.81999843 -26.48194020
v 9.50978014 38.62751279 -25.41240554
v 10.25233385 38.22632876 -25.08095406
v 10.73399279 38.92471968 -25.37544880
v 15.92673514 43.05801686 -27.00333339
v 15.20764944 43.15583324 -27.52349026
v 12.69999716 47.42878631 -27.30229955
v 16.12909720 43.95486541 -27.73650309
v 14.08678458 45.41656758 -28.85797855
v 14.42034933 43.18378345 -27.95607694
v 15.34569571 44.04368865 -28.24251507
v 9.41032336 41.38155663 -26.77265074
v 10.31376574 39.81397128 -26.02686191
v 15.45261404 45.41602973 -28.71208926
v 13.02183459 41.83736715 -26.91705999
v 12.65657732 41.96943194 -27.10027230
v 11.61208269 42.19214542 -27.04669872
v 16.05499193 41.80253810 -26.35338506
v 18.47598955 41.34103611 -25.87499143
v 17.08982870 44.77719775 -28.00664482
v 16.72501395 45.43067055 -28.66153690
v 16.22479269 44.61431964 -28.44860036
v 10.83464072 48.68951320 -27.51075008
v 12.38694784 48.96548367 -27.48487121
v 12.31497977 49.39237880 -27.53099860
v 13.79406664 41.97684771 -27.08547127
v 14.56436083 41.36570283 -26.22530272
v 13.89797900 42.61505027 -27.79128192
v 18.00619433 41.36354663 -25.88693907
v 15.42450640 41.38043521 -26.12197020
v 16.32939074 41.29613327 -26.09532834
v 17.18557665 41.32592989 -25.97098447
v 8.94304583 48.82397365 -27.55068235
v 11.18602011 43.06299116 -27.40547877
v 10.41008780 43.36172385 -27.77866303
v 9.28382799 42.50788023 -27.37668535
v 8.34876177 39.33048514 -25.78932826
v 8.83248064 42.42707361 -26.68657608
v 8.35792467 40.87956170 -25.76891226
v 9.30132983 41.93735427 -26.34841072
v 11.89826891 42.43942931 -27.34369583
v 9.70630667 43.82108584 -28.01044411
v 8.47488329 43.62211507 -27.89137974
v -24.01159170 98.69110100 -33.82167131
v -24.62670400 99.32997885 -33.91972439
v -25.45649221 98.55364983 -33.79380874
v -23.98479727 98.02340692 -33.70472784
v -23.09046438 98.50051108 -33.86203077
v -25.76238516 100.18453205 -34.06327922
v -24.73369863 97.64233393 -33.64456237
v -23.41749075 98.03607935 -33.71609564
v -22.80231741 97.39680476 -33.62007198
v -24.06090810 100.04512773 -34.20776467
v -24.74799612 101.04743940 -34.42433282
v -0.97942999 67.75306374 -30.05067017
v -2.25189092 68.33807807 -30.08964122
v -3.62618902 67.96558435 -30.00117070
v -0.22909429 68.43207221 -30.09759106
v -0.47939947 68.75012641 -30.11628313
v 0.58744166 67.27196940 -29.89213128
v -1.02329138 68.71093039 -30.14988298
v -27.08303335 97.24272145 -34.01298577
v -25.66504934 93.82823176 -33.62925719
v -23.00995901 94.18385314 -33.37548832
v -21.27491262 81.60649888 -32.33549299
v -22.46380117 84.90412149 -32.77082678
v -22.10657766 82.52528777 -32.48179441
v -22.64959219 90.56242341 -35.15335028
v -24.68775442 93.44818838 -35.78866569
v -23.26339224 90.69483538 -35.09854073
v -26.39650991 83.50138112 -32.09234449
v -25.73758962 81.62871199 -31.57871809
v -23.95386770 84.60513316 -32.73187104
v -23.19480398 81.79923650 -32.09798997
v -21.98383596 95.12575533 -33.22311421
v -26.58681753 97.43575277 -33.94505367
v -23.05909231 94.05656814 -33.37654116
v -22.32331350 96.35733794 -33.43074075
v -22.16794851 96.73970410 -33.51252792
v -22.58019521 96.90118787 -33.53379870
v -25.04398611 86.45881656 -33.15476868
v -22.53406789 84.43834315 -32.73440397
v -23.55823782 85.48476035 -32.92468124
v -25.05390432 98.00218958 -33.70254583
v -22.43574026 83.69339000 -32.65868974
v -22.81737783 86.78869253 -32.96702459
v -25.89119985 93.13396830 -33.65463244
v -24.53962209 92.62046431 -33.43135049
v -22.40394094 90.16895648 -35.04667602
v -22.76185110 89.94958852 -34.89787228
v -22.75318411 94.85731125 -33.33543411
v -22.48111990 95.68119431 -33.29107695
v -24.99654653 91.67934007 -35.14894067
v -24.49274709 90.92900440 -34.97718762
v -24.23246267 97.56965633 -33.60705626
v -18.89502981 81.97333927 -32.18299671
v -19.50278738 82.60550707 -32.29641539
v -20.14551809 83.22603622 -32.41215341
v -19.54784658 82.83132188 -32.31844912
v -17.67954519 81.30687735 -32.00221047
v -17.56984976 82.69728872 -32.05203064
v -17.83884695 83.28871912 -33.71746653
v -17.88328054 82.68057653 -32.09675415
v -17.09002187 82.26622387 -33.57723809
v -25.36518362 89.72991176 -33.64041069
v -24.66561392 90.04201125 -33.42173704
v -25.17675283 90.75179288 -33.51710458
v -23.40345266 93.13884353 -33.35052477
v -13.99135854 82.99357965 -34.64053167
v -13.90651968 83.35036445 -34.77180309
v -16.12476614 81.30044172 -33.48563942
v -25.19050100 83.33321018 -32.16189403
v -23.83634451 84.71945581 -32.78916781
v -20.76151540 83.85894026 -32.52255085
v -21.40104177 83.22881331 -32.51830880
v -22.12841299 82.57021346 -32.48353392
v -14.21894338 81.27954471 -34.09094032
v -24.97088125 88.75587081 -33.40040504
v -25.91894033 93.83884043 -33.66766356
v -25.24703481 93.17580410 -33.54940784
v -24.05080679 93.10665130 -33.40263353
v -26.02077749 86.24175267 -33.07379025
v -21.28245046 95.77872848 -33.36370880
v -22.19291189 96.72629926 -33.50898788
v -24.90059927 85.00402078 -32.79115150
v -24.46663931 76.58463718 -30.34733299
v -24.35633352 75.21220070 -30.03638916
v -22.50747183 74.89279224 -30.32593989
v -17.67508962 80.07436012 -31.92268146
v -18.25863149 81.35237905 -32.07262979
v -17.32544973 80.40562462 -31.90369958
v -22.09351614 81.06536504 -32.09684544
v -23.98493459 80.80750683 -31.70174957
v -15.67650869 76.48926956 -31.44965841
v -15.64564016 71.39866295 -30.98180785
v -14.19529226 70.34820980 -30.78843305
v -24.26252248 80.55727416 -31.53666469
v -23.93046072 80.23947936 -31.52065817
v -10.41981008 66.50038175 -31.60641033
v -10.32651785 66.25449804 -30.16837623
v -9.97606924 66.41553142 -31.71155863
v -23.65243032 73.59414351 -29.70725682
v -23.61847952 73.19637359 -29.65830656
v -23.28234365 73.51008664 -29.79130222
v -16.89048269 71.70338099 -30.84371586
v -21.40674856 72.78931098 -30.13567771
v -18.08249929 69.22147804 -30.09977320
v -18.64579275 75.34608874 -31.32873232
v -19.61260488 74.44914286 -30.84797351
v -12.41639211 75.11231651 -31.00843504
v -14.45499685 76.67640337 -31.32738977
v -13.18084219 71.69253963 -30.80393620
v -16.79072073 75.02880509 -31.40798642
v -23.33661916 79.60759003 -31.47118907
v -21.46830251 77.64831959 -31.20655557
v -19.77448538 78.71709466 -31.84653988
v -18.91428640 78.84590554 -31.90475218
v -16.06466177 72.17600287 -31.07540539
v -15.38886526 71.60589638 -30.98440188
v -14.47370413 72.51018181 -31.00600847
v -20.72486379 80.03403112 -32.06242144
v -22.62882498 82.93482603 -32.51829350
v -22.87209585 79.13239702 -31.38497684
v -18.45308950 77.83822276 -31.77691388
v -21.98792532 83.01646818 -32.53742803
v -19.51546743 77.83773449 -31.69550824
v -20.17727163 77.93841200 -31.54583480
v -17.27726248 79.97192025 -31.87072527
v -16.07577017 79.32447842 -31.68435431
v -16.45388296 79.82465007 -31.75736770
v -18.25242117 74.68083606 -31.24898978
v -17.92374685 74.89155992 -31.37983393
v -19.72629812 77.77418546 -31.62640118
v -16.47126272 80.46928408 -33.19364710
v -15.33515432 78.94793323 -33.12933106
v -16.67808035 81.06754685 -33.28159886
v -14.02668264 77.49968752 -31.34364051
v -17.96799734 80.70092795 -32.00004362
v -16.97312429 75.48485214 -31.46351323
v -19.63180044 79.56800101 -32.02955393
v -18.28342703 77.23089245 -31.70673861
v -20.44858816 78.02376205 -31.50750473
v -20.22358206 79.16649270 -31.88857792
v -13.91248586 65.28290614 -29.91103659
v -13.03664663 65.57040456 -30.24834743
v -14.31074026 67.02771424 -30.45951405
v -14.40668752 79.60795589 -33.57056957
v -24.39171865 77.42530106 -30.52459448
v -23.97150686 78.26354258 -30.83100636
v -24.91446951 79.11752359 -30.89368960
v -24.67646291 76.72485019 -30.31574732
v -25.47197988 75.06044445 -29.84644773
v -17.17429617 75.41406281 -31.46328434
v -17.65500906 75.41457016 -31.49020084
v -16.41793325 74.60523638 -31.33491201
v -16.21250417 70.94868509 -30.87591178
v -24.26258352 80.16671785 -31.38741841
v -26.15311697 78.68570754 -30.58089962
v -24.35444143 78.53107112 -30.82188165
v -24.99039724 80.56695971 -31.32720730
v -25.40076711 80.74034152 -31.30012297
v -21.47721365 77.34914816 -31.09502904
v -21.86661794 76.47396511 -30.78936483
v -25.87745168 79.54850046 -30.90302805
v -25.34792593 77.96072816 -30.48824813
v -22.97487905 68.69018243 -29.03878373
v -21.87510183 70.92620910 -29.62073905
v -23.78595998 69.62292169 -29.02074799
v -23.76481130 72.22444597 -29.48313550
v -23.82618215 70.52218696 -29.14599228
v -21.33289602 68.58904714 -29.28028457
v -19.06695059 68.40703260 -29.74999584
v -19.01493337 69.80090768 -30.00584019
v -17.81463125 79.88896584 -31.91889725
v -20.75203970 71.75742775 -30.05186101
v -19.82387808 71.66859870 -30.12562198
v -18.89797476 73.19395871 -30.73751493
v -21.27222707 81.10519427 -32.26525670
v -21.50419119 71.37534772 -29.78887572
v -21.59078481 71.80601940 -29.86570379
v -22.00693777 71.74578535 -29.73978826
v -22.34194448 66.79805066 -28.82455002
v -21.49146536 66.95851206 -29.00692310
v -20.78762319 67.96830434 -29.28376347
v -21.06797292 69.32693544 -29.47474270
v -24.07082632 66.52763828 -28.43842632
v -24.50002554 68.38090591 -28.65903820
v -21.27309683 70.55902541 -29.66399766
v -22.80207327 71.65112747 -29.58097476
v -23.70707205 71.51262348 -29.36144654
v -25.94227102 69.33414156 -28.56711941
v -25.68664053 68.12698064 -28.36140022
v -18.97489431 70.61137823 -30.18198778
v -21.50915029 73.38106969 -30.23852204
v -16.48507192 73.74874911 -31.28239112
v -17.71235159 76.15993147 -31.56828019
v -19.06457021 77.28058270 -31.67884555
v -16.41260793 79.48064067 -31.72764352
v -17.67489126 79.45126748 -31.86932137
v -15.02681997 75.21205936 -31.27882080
v -25.13608816 80.08599126 -31.14159931
v -24.18377187 80.29727203 -31.47747581
v -24.47498586 71.42661735 -29.18577209
v -24.85442617 66.44897926 -28.20191508
v -25.40233877 71.22340082 -29.03037655
v -22.42746999 73.42750222 -30.01531648
v -15.26017263 79.32732038 -31.58820868
v -22.57862356 80.73257851 -31.91917204
v -23.77729299 78.56575051 -30.94296014
v -22.14591482 75.71100280 -30.56747140
v -9.68348196 65.10308511 -30.00890644
v -14.52527883 67.92250106 -30.57566410
v -16.74973562 81.54857278 -31.88383282
v -13.60828664 76.64617573 -31.24538903
v -18.95356252 78.18175150 -31.84245044
v -19.73948171 77.51827650 -31.56327552
v -20.60909536 76.65840948 -31.14101891
v -17.90166738 81.02003501 -32.00489597
v -17.20875051 80.82509636 -31.90948273
v -17.18433645 81.43127061 -33.28198039
v -18.79204824 81.72619267 -32.15609542
v -18.98670461 79.83385108 -32.01641616
v -19.74676016 78.14131573 -31.71046191
v -20.31400564 77.57971604 -31.43482705
v -22.72193411 78.94215043 -31.42120117
v -22.18696096 78.25962099 -31.33933766
v -12.59540823 72.53084988 -30.76166949
v -11.80164602 73.54459804 -30.76717808
v -10.72753408 68.96542787 -30.42444967
v -22.71033743 74.47786383 -30.17553394
v -17.52065542 74.23011050 -31.31429733
v -11.26127126 74.26305812 -30.81379379
v -14.29291799 80.46026603 -33.82398767
v -26.33143118 102.14442424 -34.57724133
v -26.57840994 98.62386312 -33.93231278
v -28.46077993 101.01121506 -34.26133843
v -28.75965383 99.17809280 -34.28492822
v -27.91381338 97.71902453 -34.13221802
v -25.53711965 97.13790123 -33.78340201
v -43.89035680 99.03736063 -36.52832114
v -39.68470266 98.03385121 -35.90309210
v -41.24643972 100.66894486 -36.13249316
v -39.21573904 97.19578131 -35.80935722
v -29.11304739 100.66853317 -34.30864062
v -29.51406362 100.42766554 -34.38877975
v -29.29081228 100.02275832 -34.36157326
v -25.29905203 101.68873576 -34.56584294
v -27.07287100 101.75160200 -34.40525945
v -27.70447805 101.46815475 -34.30131654
v -55.02173498 102.35967942 -37.96870560
v -54.06677892 104.43688893 -37.77774219
v -55.59055212 105.15769884 -37.92254822
v -60.54837682 102.08494483 -38.55569591
v -58.88498571 105.69734112 -38.21365548
v -43.17636755 98.72649333 -36.41673357
v -46.63364294 101.69850100 -36.92367680
v -45.89905431 99.73099461 -36.82479953
v -42.42797353 104.22872878 -36.18400742
v -46.12418249 102.86593572 -36.80058434
v -41.30259206 101.29963639 -36.12669493
v -42.34168508 99.06813764 -36.30162132
v -57.69818762 106.12628097 -38.05381974
v -60.14859655 101.87129127 -38.50917183
v -56.12207678 99.98001784 -38.07888893
v -43.13776281 99.52096507 -36.41761871
v -45.24991491 97.94935554 -36.66307133
v -27.72155264 95.47090901 -33.98667933
v -27.16440847 90.54023354 -33.76347296
v -26.43320730 90.89935294 -33.87046765
v -26.89742544 91.70908348 -33.80470240
v -44.06436804 95.80621288 -36.40298492
v -27.48386648 83.58982487 -32.17336868
v -27.29035452 82.68100379 -32.00318725
v -28.01853445 96.03449619 -34.04965244
v -28.24769094 93.98732746 -34.06521607
v -26.58123281 93.16988720 -35.46977222
v -26.67911794 92.60172622 -35.22773721
v -26.23009756 82.05676679 -31.63285634
v -26.22062185 91.94805880 -35.04447905
v -28.15563467 92.34310137 -34.17375157
v -28.70348623 92.06521595 -34.06442230
v -29.04383352 91.82681644 -34.09762539
v -26.19489553 87.90504454 -33.41802880
v -27.34971121 92.99304953 -33.91744980
v -27.42148855 92.41847601 -33.91075110
v -27.35152700 84.27106875 -32.27578578
v -26.99091604 96.19128408 -33.94038428
v -25.85682180 93.62770805 -35.71868892
v -28.23343923 90.70619574 -33.90905709
v -27.17783621 81.33656716 -31.90862832
v -26.70334890 81.48252132 -31.72115886
v -27.23777273 81.77590584 -31.95226853
v -27.46836355 75.24376739 -29.62012940
v -29.27970388 78.48578314 -30.15195976
v -29.97790029 77.07032453 -29.71272003
v -25.78440359 79.60138360 -30.93414073
v -27.46943166 78.86759614 -30.44791930
v -26.14789846 80.82688176 -31.20406891
v -25.83359792 79.87939110 -30.99915848
v -28.84975698 79.20033694 -30.37693547
v -29.82773855 76.37316574 -29.59805012
v -27.30716970 80.36470835 -30.87099999
v -26.60257986 74.77250351 -29.56502984
v -26.46558645 78.00686694 -30.37475327
v -26.79188039 77.20389990 -30.17783846
v -28.38730886 75.63030685 -29.60879218
v -30.24506643 76.57420792 -29.57581810
v -26.31475332 76.02507456 -29.95956129
v -47.72136572 95.95425356 -36.93363986
v -48.53758886 94.76710072 -36.81451430
v -43.48615148 94.73083450 -36.18226637
v -48.30203893 95.53116930 -36.97129848
v -49.90033605 98.44338925 -37.30152967
v -54.84523657 95.87349246 -37.87644990
v -49.97168615 95.85357602 -37.24095185
v -44.52612951 91.52896849 -35.33468589
v -45.38465002 91.68941081 -35.53224146
v -47.19264868 96.29308262 -36.86802712
v -43.36649206 95.25869703 -36.27122519
v -48.77854040 93.90085167 -36.62097167
v -47.34369543 91.28420218 -35.76119952
v -46.48340490 91.08811152 -35.54650833
v -50.07608679 93.53204671 -36.76422113
v -54.77162817 98.55973742 -37.90287856
v -41.04062917 95.05117374 -35.93315143
v -43.63297155 94.89043379 -36.23585526
v -54.00604894 93.64442378 -37.39591975
v -53.16484716 93.59562620 -37.23094172
v -54.84874609 94.53938986 -37.68043528
v -45.52738073 90.63888890 -35.86180061
v -49.42214086 91.80912732 -36.32026638
v 2.07286188 60.45823932 -28.95218876
v 3.24411127 60.90375782 -28.89243542
v 0.84871790 63.91489094 -29.36388671
v 4.05180476 63.56791946 -29.12621576
v 2.51134608 65.02982776 -29.39980608
v 4.33711359 63.34213136 -29.05152395
v 0.40158198 61.21716186 -29.16041032
v 5.75232813 57.34112056 -28.45787978
v 4.66183588 58.36622507 -28.57038300
v 3.41893122 58.33150368 -28.63920013
v 1.59729883 64.37720936 -29.37578864
v 2.14659235 65.40822664 -29.48049462
v 1.56260035 66.06146301 -29.63410496
v 1.65960810 56.47183877 -28.62282715
v 2.13730738 55.08711131 -28.49801003
v 0.62313959 55.40183145 -28.56061689
v 6.72033808 52.95976915 -28.09461308
v 6.84175226 52.56290903 -28.07091611
v 7.20280573 53.10665788 -28.08591559
v 3.75161860 54.26815685 -28.43105433
v 4.15182612 52.02697650 -28.02341541
v 5.41135523 53.28329361 -28.15891367
v 2.58099482 53.53601729 -28.29937086
v 1.92189143 65.65075746 -29.53357999
v 1.25840113 66.13279784 -29.66134191
v 7.01261256 51.34463971 -27.88010476
v 8.14991877 53.21662036 -28.03519539
v 6.04705164 54.03996170 -28.16063803
v 0.44625971 66.49010526 -29.77680522
v 7.11244318 56.12239730 -28.25232844
v -7.80067709 61.18076360 -31.14242020
v -6.38690069 60.83555822 -31.62095103
v -7.32774618 61.83074027 -31.55422451
v -8.51945760 61.24793477 -30.69857256
v -7.99858358 61.64065780 -31.05779503
v -8.25007894 51.90206989 -28.46308214
v -7.26375082 51.37777406 -28.60385964
v -8.82333639 52.24704061 -28.32044304
v -3.05073431 55.65028997 -30.65250536
v -3.67137029 56.24165580 -30.60582882
v -3.85227850 55.30452968 -30.36045208
v -4.37313726 56.65717171 -30.53011478
v -5.16093328 57.36292881 -30.79056716
v -4.99641302 56.64221048 -30.42643130
v -5.64253118 58.04753730 -30.57409083
v -5.92671087 57.49800729 -30.43851640
v -8.56512716 52.61480792 -28.48740477
v -7.37800863 52.80963398 -28.88915346
v -7.61958578 53.93558764 -28.99421040
v -5.93600347 52.16036493 -28.53206717
v -5.05589178 53.09318049 -28.50954535
v -7.23066976 55.71750904 -28.88092944
v -6.88769796 58.10335018 -30.28661526
v -7.54974630 57.67092758 -30.09498005
v -8.11761739 56.13079714 -28.98848871
v -6.46897772 56.57672764 -28.88067018
v -7.19697836 56.91956591 -28.95980232
v -7.99669149 57.25894044 -29.07103895
v -7.64055135 53.34070089 -28.76641184
v -5.79864385 53.52105981 -28.59684095
v -8.02035787 57.06573365 -29.06983347
v -7.49440267 56.87330111 -29.93967597
v -6.78705099 56.21194707 -29.77897030
v -0.78328588 63.89305178 -29.44056212
v -1.60471227 62.09128064 -29.33704620
v -2.94425848 65.65640318 -29.71720426
v -0.01236608 63.93515842 -29.40896118
v -7.66746023 64.38687919 -31.98675056
v -5.81803777 65.53313454 -32.87583461
v -8.33709219 66.05802556 -32.13396763
v -6.15617254 62.81082555 -32.12858075
v -3.29821661 54.83072138 -30.40155918
v -8.47564962 55.80115389 -29.01177357
v -7.99267843 56.44370913 -29.00164184
v -6.10133245 55.81873584 -28.91515492
v -5.52067449 53.80530816 -28.62940325
v -4.96102789 54.38334525 -29.64730191
v -5.46752813 55.19429280 -28.82943095
v -5.54112127 56.14184431 -30.15554194
v 0.62584040 64.10216586 -29.40093508
v -2.80921819 55.32189030 -30.72188702
v -2.25591161 63.29587427 -29.47449757
v -8.72181204 62.72929415 -31.34681193
v -5.19381597 54.98928717 -28.73624549
v -4.78056219 55.83746221 -28.79781484
v -5.44468572 49.42239653 -28.30834236
v -5.15008428 51.43187222 -28.39606546
v -5.64315679 50.68775830 -28.41001188
v 4.79724047 44.63488677 -27.31618460
v 4.36767504 44.17097383 -27.15364790
v 5.09291003 44.34820466 -27.19856980
v 7.38633654 49.02248667 -27.57402833
v 8.44081042 48.29336453 -27.46762867
v 2.59153673 35.56621527 -23.13464930
v 2.03646776 34.93347934 -22.93160050
v 2.81303332 34.13638675 -22.35080508
v 4.60234759 36.39770480 -23.35509317
v 5.12058184 35.86823249 -23.11475189
v 6.29835436 36.07011766 -23.39565097
v 6.92344591 40.80401156 -26.13515370
v 4.85320971 39.65771467 -25.63858674
v 7.24289629 39.25116296 -24.82909265
v 5.14743731 40.51069565 -26.28961837
v 6.60462878 33.93488308 -21.89131713
v 7.83278582 39.72627202 -25.06996798
v 4.35738299 42.83412465 -26.96068503
v 3.74063036 42.18965063 -26.91471020
v 5.74372790 41.52509990 -26.57779603
v 0.89935229 43.26331999 -27.36907134
v 1.49056933 44.08366682 -27.36365460
v -0.36645582 45.36498163 -27.59085818
v 0.47392962 46.81856059 -27.56766505
v 0.82469103 47.77783866 -27.76236736
v 0.38708422 47.70649620 -27.73029337
v 4.61402056 37.57857471 -24.26328122
v 6.43288348 37.11497452 -24.39841298
v 4.10055468 40.23065541 -26.16147502
v 4.18627093 40.78130262 -26.47786610
v 7.56441424 43.95144946 -27.09316202
v 6.65620348 44.85707765 -27.17661249
v 8.14495776 43.26087102 -26.94275603
v 2.98414538 37.90140850 -25.62438052
v 2.42838976 37.92185206 -24.86052554
v 2.80374834 37.55364943 -24.51585996
v 1.04455492 46.56113316 -28.87783042
v 1.59008715 46.49692418 -28.85994711
v 2.29247973 47.66123456 -29.32219705
v 3.53162310 40.98830336 -26.42375846
v 3.53915331 41.31280054 -26.66948606
v 3.59926531 47.08334228 -29.13465118
v 3.58282397 47.63186137 -29.42000588
v 3.58244250 44.53259933 -28.24423939
v 2.88839648 45.28862650 -28.55802125
v 2.44395373 44.58866777 -28.07901723
v 5.31779406 35.57735810 -22.54614833
v 4.83150408 36.88948028 -23.56232286
v 2.41120074 35.86397171 -23.12328156
v 3.85878680 38.88712635 -25.16995868
v 4.54725573 38.46430156 -24.74210217
v 3.94111559 39.35712799 -25.52649563
v 3.84442065 37.31975900 -23.87538751
v 2.68189165 37.85437738 -23.90379946
v 2.79025957 38.23870043 -24.29076241
v 2.14106676 37.90106206 -24.24664920
v 1.44187090 37.40607460 -24.06802973
v 1.31964037 38.07871631 -24.36009832
v 1.70535204 38.58227536 -24.73244338
v 2.28639147 39.05897511 -25.22632468
v 3.26714251 39.39072402 -25.52429837
v 6.87776873 40.06242688 -25.57614784
v 6.35194323 40.56046222 -26.09343613
v 5.09146807 40.43596574 -26.26285444
v 4.82002184 38.27607299 -24.46785592
v 0.99435351 46.49432659 -27.50179281
v 6.07754442 44.62904248 -28.35088308
v 4.20088885 46.29600023 -29.02712237
v 4.11498949 45.36120495 -28.44153567
v 0.39228747 42.76158051 -27.23316122
v 5.57813952 47.31083585 -27.42678073
v 5.03404925 46.51678755 -27.36733236
v 7.24634478 43.81925876 -27.06012672
v 4.45828173 45.73042968 -27.30596139
v 4.60240862 44.45338350 -27.16484790
v 5.76406023 36.24495678 -22.82582678
v 6.30438158 36.87326787 -23.18761277
v 6.39912340 38.86969708 -24.63471088
v 1.71940539 36.34789270 -23.45383278
v 0.90801928 37.33554089 -23.81798394
v 8.61311266 40.32025801 -25.37732586
v 6.24645922 38.54815628 -24.43833021
v 7.43728564 38.50630148 -24.06279615
v 7.40133593 39.86217044 -26.12015416
v 6.99673388 41.69299611 -26.93553836
v 6.20611498 40.60520856 -26.51026048
v 4.46054003 46.74108764 -29.13570398
v 5.36868212 43.95480639 -27.08628031
v 3.51078722 45.85748938 -28.77733592
v 1.64065478 44.20907491 -27.86032820
v 1.62502978 43.03500274 -27.28200465
v 3.54837725 37.08649407 -23.96849660
v 3.56682513 41.97778616 -26.91155159
v 2.01312945 41.63589393 -26.80344302
v 1.92346117 40.49192021 -26.16840255
v 1.18190691 45.95302850 -28.56117993
v 0.47254870 46.07342800 -28.43085463
v 0.50103686 45.39611327 -28.25647708
v 5.96014330 45.22612267 -28.64148682
v 6.41450426 43.14225683 -26.93352444
v 7.92728350 42.06928554 -26.59201731
v 8.19164202 42.39391244 -26.70996780
v 5.93636248 41.54373470 -26.56008058
v 6.35093615 44.82017786 -28.54563104
v 2.47984240 38.29810324 -25.09993600
v 2.29505083 36.92560940 -24.23187853
v 4.06190417 35.31188193 -22.88913535
v 5.44850085 33.99092097 -21.96220947
v 4.91232226 37.80868108 -24.12372438
v 2.11214373 35.69477458 -23.41054349
v 9.06998369 40.84243707 -25.79811757
v 7.10397265 35.60697528 -23.29253200
v 7.23555682 36.95844609 -24.17394091
v 3.45130846 42.37109664 -27.29697341
v 4.76398394 43.48228734 -27.90109957
v 2.59052965 42.40584094 -27.09104080
v 4.65047381 41.03900065 -26.61356255
v 3.65931628 43.48457628 -27.12343538
v 0.94541094 43.71824170 -27.40483801
v 8.65728686 43.14453802 -26.93477566
v 8.58224413 47.66892912 -27.38471231
v 6.77724383 48.94983195 -27.56537658
v 0.92890856 37.00226990 -23.61821582
v 4.16060564 35.00767889 -22.19222062
v 4.47628710 34.89514155 -21.96423904
v 3.67268297 38.76867238 -25.08304460
v 5.23767016 39.34513795 -25.29175441
v 4.03598711 39.84875848 -25.90727879
v 5.62751696 38.04428814 -24.66104741
v 4.72853014 38.23284860 -24.81687020
v 0.61279223 37.11420074 -23.62320547
v 6.98293230 41.27669067 -26.36444760
v 7.59999010 40.79175117 -25.88759510
v 8.22690508 41.31822129 -26.27258970
v 2.79878924 41.83706577 -27.03386602
v -1.25521162 42.86167062 -26.72244957
v -0.89202955 43.96415996 -27.50098368
v -2.24731519 43.74279697 -27.04314368
v -0.05227735 42.58521182 -27.08026812
v -1.42105177 47.28584570 -27.82482150
v -2.29888990 47.13543974 -28.31171418
v -2.14083173 46.33326620 -27.81865680
v -0.39794996 46.65614602 -27.65280907
v -0.52238538 47.30268367 -28.49201206
v -5.83126905 49.06220137 -28.27961000
v -4.55586317 47.47218600 -28.01015478
v -5.77642706 50.13729748 -28.38547565
v -6.83856466 50.05728995 -28.25838519
v -7.26542928 49.70691385 -28.08676953
v -6.83485677 49.24560251 -28.07682072
v -0.24121168 45.58860673 -28.11582159
v -3.87078932 45.21343143 -27.04405945
v -3.29827955 45.28869154 -27.36254090
v -4.99641493 45.61010653 -27.12873053
v -7.31575277 47.31883719 -27.33829502
v -6.89366415 47.57282732 -27.58658608
v -6.86542013 46.71970086 -27.18964380
v -6.99876669 45.79312996 -27.25780466
v -5.96260145 45.89122684 -27.04152660
v -5.71531751 45.27690035 -27.13097352
v -7.39802816 46.21231558 -27.35498795
v -6.56285360 45.27507118 -27.26149720
v -7.75041464 47.72852416 -27.76984416
v -7.97316244 47.38382813 -27.66951756
v -6.95326498 47.31006336 -27.47812656
v -2.48638227 44.82786463 -27.58513604
v -2.43280103 45.55007071 -27.81912969
v -6.86654928 46.59171770 -27.60169212
v -6.21052625 46.81692602 -27.37723537
v -4.15803602 47.50227251 -28.05164344
v -2.81964185 46.16002553 -27.87120804
v -1.37210920 48.33306784 -27.82425710
v -6.05415418 46.22299484 -27.25656877
v -5.24954298 47.72378054 -28.02272807
v -4.34277418 46.24347589 -27.65697465
v -5.37458875 45.67197326 -27.28891731
v -4.77189710 45.77200605 -27.39308908
v -4.64558485 45.11746885 -27.37624327
v -4.01591566 45.33229357 -27.11701174
v -3.45721510 45.26021866 -27.21294373
v -1.15588453 48.67791266 -27.83025386
v -1.52484205 48.92507451 -27.86972839
v -3.19755628 45.93121238 -27.78586559
v -3.99308851 46.88493624 -28.07506558
v -3.77101209 45.21119213 -27.51302307
v -5.02471998 44.08250723 -26.88506268
v -5.33311537 42.84102271 -26.15630271
v -4.09315565 43.23629297 -26.66455778
v -4.91786268 45.03145897 -26.80605282
v -5.52117994 44.72406305 -26.68430290
v -5.47531202 43.75960841 -26.62395423
v -2.31427076 43.40935049 -26.92232453
v -1.33641126 42.67750467 -26.70654988
v -1.50394514 44.27365400 -27.36455490
v -3.94137647 42.14640446 -26.31447521
v -6.77299764 49.17448511 -28.07871280
v -7.27221945 48.42740722 -27.74062369
v -4.77008131 46.75502677 -27.75049585
v -0.79853132 43.30726151 -27.24027190
v -6.50117376 49.84798513 -28.30451247
v -2.20860174 49.47005359 -27.96329537
v -7.27014425 48.92724321 -27.63890868
v -2.27850416 49.02690784 -27.95677979
v -2.26676824 49.94580737 -28.02014969
v -3.15043524 50.01959886 -28.09725237
v -4.78138807 45.30086811 -27.02156801
v -5.21760633 42.18265559 -25.93057934
v -3.13412550 43.07306208 -26.63370448
v -2.84240797 44.46702863 -27.43650012
v -3.64082411 44.37621216 -27.24735216
v -3.15501478 46.97712218 -28.27729032
v -5.17480543 45.06709585 -26.92505613
v -1.46102216 45.06317426 -27.38196531
v -2.32493665 44.79686641 -27.55545769
v -4.11512830 45.13649663 -26.97132079
v -0.23812940 42.54878145 -27.13396380
v -0.53009870 44.24698924 -27.55149032
v -7.25107076 50.13593376 -28.19574787
v -3.29959181 42.38417834 -26.41754836
v -3.15696790 42.52329270 -26.52208635
v -3.32005384 42.76200882 -26.52928854
v -1.63452223 44.76345731 -27.43318901
v -0.55513075 45.41476720 -27.88184329
v -0.21266248 44.94704338 -27.74660457
v -2.17101362 42.88485634 -26.75833824
v -1.97398451 45.53012748 -27.77013372
v 0.34867785 44.32287119 -27.57260850
v -3.48381117 40.40455992 -25.62239729
v -2.36113813 40.32932648 -25.49239239
v -3.56068495 41.14079311 -25.84560297
v -4.32450941 40.44216142 -25.43674361
v -5.28637769 41.30854447 -25.59419919
v -1.60817030 40.53340131 -25.65624130
v -0.31098249 40.48000695 -25.94594466
v -0.33639600 40.81552097 -26.19264882
v -2.19485548 41.74331204 -26.49193486
v -10.63184622 63.64713532 -30.01728327
v -10.75118520 62.75898418 -29.88251750
v -10.40809133 63.61987549 -30.03968317
v -10.68122366 64.43417601 -30.13941475
v -10.43970754 65.39276558 -30.08417809
v -10.07401540 64.88307626 -30.01169876
v -9.46550253 55.47489811 -28.86300033
v -9.14993551 55.20072058 -28.72745646
v -10.11248281 65.55219680 -31.50420680
v -15.26626089 64.85927264 -29.42327407
v -16.57354238 64.63524885 -29.26949596
v -15.47545889 63.67440099 -29.26578792
v -14.47846487 65.07648719 -29.65537555
v -12.72478750 65.38545278 -30.21149742
v -13.76307180 65.04033906 -30.01909930
v -13.08841970 64.79341177 -30.15789320
v -11.15717581 66.69004109 -30.24965987
v -13.05854299 66.08181812 -30.29911350
v -10.63981893 61.72893583 -29.71697473
v -13.32058981 61.10444136 -29.19227065
v -13.79338339 60.24784921 -29.02518677
v -12.92546346 60.40189811 -29.16903140
v -10.79342916 60.82670654 -29.64139781
v -11.69202688 64.71542602 -30.08303357
v -11.70563772 62.64762363 -29.85741678
v -16.91835287 57.90118106 -28.45034203
v -16.36177328 57.07149967 -28.42167063
v -16.26842001 58.39676747 -28.38808625
v -17.33430746 58.71469578 -28.41080664
v -17.45616415 59.67952810 -28.31511893
v -16.92016866 59.41988456 -28.22944079
v -13.91304281 56.77110370 -28.46863713
v -14.03070333 57.50827868 -28.53128984
v -15.10658529 57.44229209 -28.25461747
v -14.55476644 61.24573206 -29.00377885
v -12.74914816 60.58007499 -29.16494208
v -13.73427847 62.43950717 -29.39100134
v -16.41951254 61.18304144 -28.30555192
v -17.14732626 60.75689015 -28.38343271
v -16.59784200 60.53332792 -28.34017400
v -15.09715536 61.76358866 -29.00246668
v -15.58986166 61.05556184 -28.58544386
v -17.42672994 60.11357959 -28.46697447
v -12.24840810 63.54837472 -30.00474053
v -12.12090566 62.61227856 -29.78510537
v -11.88498190 61.79751837 -29.67797328
v -8.45143392 54.65597034 -28.94580964
v -7.75361135 62.65540564 -29.65626016
v -7.19195059 63.75886213 -29.73067746
v -11.14587667 61.57334386 -29.74189231
v -11.66580465 61.31877770 -29.53156512
v -9.15652731 57.85222502 -29.25373253
v -9.34627035 57.44893141 -29.24443986
v -8.74627950 57.66168471 -29.19059163
v -13.12544515 56.65149763 -28.77134097
v -13.03026083 56.21888427 -28.72525936
v -12.69713094 56.73818280 -28.82135930
v -9.25416067 64.51983290 -31.53792856
v -9.49842336 63.66385684 -31.30802424
v -9.45049551 62.99837933 -29.79050705
v -11.14506796 60.74296439 -29.67692025
v -10.55981710 55.04642375 -28.50367103
v -11.04649618 54.22895704 -28.32714197
v -10.28241232 54.56682860 -28.29549530
v -13.00860098 63.14004579 -29.53286242
v -12.02967336 63.55037744 -29.97889215
v -12.65018728 63.75980813 -30.01235470
v -14.22590139 63.07312077 -29.35604356
v -13.59911611 63.81486573 -29.55771909
v -11.17079427 52.02130977 -27.97974476
v -10.29445150 52.25232781 -28.13642204
v -10.79129293 52.76823699 -28.21576783
v -9.07112386 54.06421544 -28.85056418
v -12.18196371 56.10994609 -28.48963312
v -11.88411215 56.80934408 -28.78858343
v -10.60750082 56.58999511 -29.16564333
v -10.07408407 57.24616116 -29.30632947
v -11.04146078 56.97817490 -29.09923714
v -12.73037985 55.24688036 -28.53286113
v -13.84815481 63.72206942 -29.45534786
v -12.69523123 63.10918865 -29.82479356
v -10.00970724 61.77263509 -29.74398280
v -9.08066061 61.35931253 -30.41355365
v -9.51549795 62.14118824 -29.82438142
v -10.65060690 55.13885385 -28.59446084
v -11.42999532 54.88199505 -28.43053563
v -10.24193075 54.41528595 -28.21262479
v -12.16383627 52.78494921 -28.06955812
v -13.15117147 58.86801981 -29.01944924
v -15.00422170 65.83604106 -29.89629669
v -14.81592825 65.18887582 -29.51908406
v -14.30352285 63.45025509 -29.37234000
v -9.07408407 56.55464813 -29.14438783
v -8.33088949 56.60640205 -29.59847414
v -8.46875265 57.59809753 -29.16069965
v -12.56962850 54.44479451 -28.36693693
v -10.02946737 52.73984418 -28.33017823
v -12.15762594 59.56908681 -28.84644521
v -9.55485800 54.70242957 -28.71100740
v -8.68823507 54.82082629 -28.97913486
v -14.82396200 60.91984248 -28.95879589
v -15.72432211 60.84026223 -28.60180125
v -15.47175863 59.86640623 -28.78841608
v -10.31371572 64.01600512 -29.93725099
v -12.07956197 60.59620541 -29.36158209
v -13.84163931 64.47044239 -29.84417245
v -8.47401693 54.03970982 -28.86083334
v -9.69633749 52.67721829 -28.36646362
v -9.12628439 55.07332114 -28.74224220
v -10.56520345 53.06813323 -28.24210455
v -16.47371938 64.19748564 -29.23206608
v -16.29407766 63.35037683 -29.00736501
v -16.09772756 62.43566011 -29.03612768
v -15.86863973 61.59989624 -28.63337181
v -15.03467062 61.75682901 -29.05089808
v -10.13331869 55.63799549 -28.91568895
v -9.67238119 56.44165679 -29.16404113
v -15.56469991 59.97114255 -28.82526607
v -14.65799215 58.47602920 -28.68801302
v -16.06241110 56.54449547 -28.17037355
v -16.63655355 59.75218281 -28.40444389
v -12.44099691 53.61131561 -28.20281326
v -13.50776174 62.15553158 -29.36614473
v -14.62215688 63.66329448 -29.42948420
v -8.38610342 67.57441000 -30.16903257
v -2.79541280 10.14271100 -2.15423745
v -4.21132162 8.77642386 -1.56839128
v -3.01867941 7.90418588 -0.46722536
v -12.34053304 3.38522688 -0.21530202
v -11.09085348 3.29339188 -0.06170704
v -11.61862447 4.50831189 -0.29502938
v -12.64265707 4.93736039 -0.53236465
v -13.38823202 4.45847659 -0.85093757
v 0.38877604 9.03832587 -0.62722921
v 0.64183543 10.19142483 -1.25084085
v 0.12799570 10.44093653 -1.37628340
v -0.79747274 8.97627598 -0.80020283
v -2.54065969 9.63595907 -1.60157928
v 1.23229716 8.00635115 -0.19418461
v 0.96850321 9.00172767 -0.61035298
v -2.10393789 8.96437407 -1.09243916
v -1.41528585 9.63488338 -1.30166779
v -1.88871267 9.84218162 -1.50357212
v -1.20288351 8.72513923 -0.62133927
v -4.04176595 7.64480936 -0.45318724
v -2.34363058 7.51307264 -0.23626827
v -1.08961752 8.23174632 -0.41822945
v -0.72600057 7.00464982 -0.04139819
v -0.89956167 7.54810683 -0.17105221
v -13.21931722 5.56833411 -1.11464015
v -14.05894735 5.86053986 -1.46290679
v -14.05931356 5.44679781 -1.35971154
v -4.80183675 5.89785356 0.01321319
v -10.06761434 5.88519631 -0.50805756
v -10.63667562 4.89755598 -0.18643264
v -9.36058309 5.17769209 -0.19723591
v -9.28038290 3.01080675 -0.00128218
v -9.27467611 4.36928909 -0.11618109
v -12.49940756 5.67810589 -0.81189053
v -11.89107015 5.68053014 -0.71853726
v -7.49464681 7.84697290 -1.39819459
v -7.61412313 7.60820341 -1.14096189
v -7.17872884 7.58519317 -1.07570004
v 9.10549662 9.90344573 -1.08236851
v 6.81200907 9.47606233 -0.92970426
v 7.54602549 8.69974864 -0.40815872
v 6.88158915 8.27958265 -0.22435128
v 6.91980479 7.19826096 -0.05708426
v 7.40176890 8.36593213 -0.26449717
v 6.75188944 7.78471725 -0.09233216
v 7.44450114 6.62402695 -0.05859478
v 5.53320811 3.09070558 -0.01683090
v 8.65565989 6.98279923 -0.07275500
v 3.50407145 6.75521439 -0.04283248
v 1.32748148 7.23695725 -0.05253715
v 2.62930796 2.84817476 0.01016193
v 0.48679087 7.30682724 -0.07890434
v -0.40423086 7.49795882 -0.15278743
v -1.61851766 6.32313890 -0.01298622
v 4.09911082 5.11070604 -0.02211077
v 1.16151163 7.12466782 -0.05066030
v 2.76804087 3.16632051 0.00636244
v 0.44405863 7.49067275 -0.13617061
v -0.70949819 6.77675981 -0.03559981
v 6.42930338 7.62605637 -0.06674314
v 4.62869761 7.58760422 -0.05722165
v 5.23220560 4.08427400 -0.02070680
v 6.26377604 3.36167878 -0.02121022
v 9.38309214 8.67190898 -0.36497634
v 6.77077982 8.24037519 -0.22995125
v 9.53651163 7.83067672 -0.14001588
v 8.16459391 9.14633521 -0.62004234
v -2.70280721 7.75991405 -0.35882690
v -2.40681722 8.36609229 -0.63699473
v -0.83493307 6.95536393 -0.04646410
v 1.36456797 7.64047592 -0.08952452
v -5.24772909 5.51668138 0.00514136
v -5.01706197 4.73787279 0.01374744
v -13.96727255 4.53065827 -1.01615975
v -12.46922567 3.96378673 -0.37518371
v -12.33871725 4.85034524 -0.47189406
v -10.94853475 5.87468298 -0.65065094
v -15.14848592 2.54240761 -0.53729285
v -15.17729452 3.85548738 -0.94941770
v -16.06422689 3.46087986 -0.82226614
v -17.90725973 3.65585666 -0.84205683
v -18.86378744 3.87533147 -0.72088682
v -19.45956686 2.54783213 -0.42550696
v -2.59292867 7.85529674 -0.38705568
v -0.97423055 7.64702955 -0.19246031
v -1.72281149 8.23053323 -0.47367989
v 0.90035746 7.95547835 -0.18055850
v 1.53774760 9.26523930 -0.76999048
v 0.36248514 9.20505102 -0.69293358
v 1.90312693 9.90172149 -1.08723607
v 2.24077341 10.57467217 -1.46512009
v 1.67390940 10.33421656 -1.32994244
v -0.29523733 10.00374173 -1.23390356
v -0.40711477 8.78590736 -0.59460588
v -2.14177206 9.36844203 -1.32039028
v -14.15945699 2.41684308 -0.29254185
v -4.71153524 6.70551650 -0.13350019
v -4.95093038 7.29127838 -1.01574821
v -4.39680746 8.22116422 -1.21301399
v 3.69940684 0.82962198 0.02246085
v 6.71142313 1.64401979 -0.00308250
v 5.66045878 5.52241105 -0.03848352
v 4.56764719 6.14847154 -0.03535557
v -4.63624838 7.33282055 -0.33546563
v 7.06915018 8.50941814 -0.33197156
v 6.55894205 6.18127793 -0.04922582
v -2.22152975 4.57149095 0.01007010
v -2.35286215 3.04387255 0.02271989
v 1.57012675 2.16907473 0.02215545
v -1.23877218 7.59471480 -0.19333005
v 5.90524027 7.98601119 -0.13337833
v -3.54249838 6.95316665 -0.13259997
v -3.34245565 6.29654283 0.00286767
v -2.48920706 6.55769700 -0.00996501
v -1.97963217 3.33772631 0.01756237
v -0.18461111 7.37837570 -0.12478753
v -12.41037252 3.04571120 -0.13484237
v -10.49374654 3.44749802 -0.06256155
v -16.28001669 2.95302161 -0.64460798
v -19.33131674 3.46591529 -0.61557059
v -0.22615316 7.67555586 -0.18620421
v -3.29413107 7.93138468 -0.45788699
v -19.30496481 3.90339239 -0.69648802
v -16.46632650 3.31639439 -0.76393177
v 4.56005595 7.81790512 -0.09288148
v 4.97638438 7.82045334 -0.09758119
v 0.06857035 7.73414961 -0.19342163
v -2.34633138 9.88414325 -1.74698033
v -4.86163595 9.09479078 -2.10975791
v -3.21589925 10.33050848 -2.52461407
v -4.45711019 9.89044498 -2.69069065
v -3.49292257 9.81523445 -2.43557895
v -0.10730245 10.92958382 -2.39077932
v -1.39815023 10.65150760 -2.71223619
v -7.14558675 9.40857242 -2.71663052
v -7.27440145 8.48505723 -1.91996899
v -6.00401571 8.61883864 -2.03492873
v -2.66546896 10.11177378 -2.32321327
v -2.31125906 10.38033603 -2.70530865
v -4.18873861 8.97981587 -1.69374226
v 0.37553904 10.43193367 -2.40777753
v -0.62121084 11.08044742 -2.68296990
v -1.62360647 11.06883554 -2.35955986
v -1.94279745 11.08330085 -2.45062432
v -1.65962484 10.40974747 -1.95462201
v -6.87288168 10.16646116 -3.05148477
v -6.44569662 9.66545410 -2.89842377
v -2.16775015 9.16426419 -1.23036339
v -1.92560842 9.88341849 -1.56306614
v 6.83904955 33.88702770 -21.90936827
v 6.99146960 34.94181031 -22.73651688
v -5.10283163 8.60687580 -1.75663893
v -5.85844686 8.77184612 -2.20318742
v -6.26091268 8.75820477 -2.17045732
v -3.46060446 11.29552002 -2.88952816
v -6.56215170 10.82637321 -3.37129383
v 2.40260050 10.71576255 -1.54472521
v 2.00201914 10.72743552 -1.55201892
v -1.12896230 10.11707634 -1.49075478
v -1.85181692 9.97571115 -2.36056677
v -4.68193319 10.15736695 -2.86415261
v -5.37390402 11.46670063 -3.62181274
v -4.47499349 11.41034234 -3.31112852
v -5.44783285 9.27848365 -2.50908045
v 70.18282816 -9.46299997 -2.08920129
v 70.78640482 -10.09489695 -2.10224746
v 71.36167643 -10.66871135 -2.16410649
v 64.85273478 -11.24035886 -1.35851863
v 66.31469462 -13.32594545 -1.60285728
v 66.65509531 -9.95059449 -1.57194352
v 67.37682078 -9.47639713 -1.68485864
v 70.35093424 -10.56611886 -2.03195014
v 73.89868662 -10.83320877 -2.45234499
v 72.57885477 -12.00155134 -2.30509749
v 67.66175577 -15.23993169 -1.80654655
v 73.11754343 -9.44331620 -2.46459803
v 72.59679911 -10.14348097 -2.33289930
v 74.97569010 -10.83151507 -2.57140932
v 75.43311808 -10.12133290 -2.70207045
v 74.34783671 -9.27993274 -2.63995206
v 70.13784525 -1.17266342 -2.42971778
v 69.48357127 -0.77763625 -2.39109785
v 68.02751658 -1.56504312 -2.02587861
v 77.21201823 -11.34417991 -2.83180048
v 76.50202677 -10.87933614 -2.75051698
v 77.56628916 -11.61339073 -2.87020680
v 73.30798075 -10.58613845 -2.38183417
v 73.63766215 -11.82965347 -2.43064683
v 76.63912699 -11.10728720 -2.77296262
v 67.60948679 -3.50387823 -1.86666809
v 67.25540659 -2.12475074 -1.88705405
v 66.88412974 -2.36244451 -1.81207232
v 72.92528269 -2.89103964 -2.82060190
v 72.37185404 -1.98597982 -2.78033410
v 71.02697489 -5.54865523 -2.35592557
v 77.14801523 -6.01561247 -3.24851887
v 75.79931376 -6.34492762 -3.01174819
v 77.59364817 -7.74560055 -3.16297782
v 71.17550394 -6.74292249 -2.29562264
v 69.30141947 -8.40938820 -1.99514629
v 69.59519694 -8.73611703 -2.02957007
v 76.17517588 -8.82245140 -2.92196507
v 74.54185221 -10.31931566 -2.55859202
v 75.77327463 -9.21005515 -2.83749235
v 75.12778971 1.91262336 -4.36129787
v 73.79823038 -0.22191132 -3.40658561
v 75.91025278 -1.29533664 -3.54577611
v 74.25095866 -1.89605221 -3.11778224
v 75.22417185 -2.50950895 -3.23077347
v 77.21873209 -3.82778444 -3.49079828
v 77.69184611 -3.05107396 -3.64967292
v 74.72840617 -1.00829590 -3.36294535
v 76.21232340 -0.90453619 -3.72567730
v 74.98673746 -0.38119023 -3.61795033
v 78.13804362 -5.41568269 -3.46758941
v 69.89965555 -9.26944223 -2.05343472
v 69.09460184 -8.85939277 -1.95190281
v 70.13395426 -9.87188974 -2.03442218
v 68.10757944 -8.40075933 -1.82490398
v 65.85149119 -7.42640930 -1.50472897
v 65.10485575 -9.20099119 -1.36704863
v 68.11893961 2.88764491 -3.19291730
v 68.78149149 1.58977051 -2.86988852
v 70.26459238 -2.73111220 -2.36772107
v 70.52807352 -1.46847794 -2.47259493
v 68.97538492 -2.47766368 -2.14692643
v 69.35826609 2.06739345 -3.14895659
v 68.48525736 2.20868223 -3.01890596
v 66.11565897 1.40538342 -2.19404621
v 70.53484843 -0.13332632 -2.75550836
v 71.81358073 -0.50089531 -2.90185534
v 70.83358500 1.08848300 -3.21386732
v 71.01323435 1.99415120 -3.54411344
v 76.04440806 1.86283390 -4.54516627
v 66.40649149 -2.00002537 -1.76269494
v 67.33898661 -2.12378180 -1.89691123
v 65.70258829 -0.85035952 -1.63357526
v 65.86761210 -0.05682622 -1.77995295
v 68.29557535 -0.26717633 -2.25109854
v 71.01091502 -0.98305774 -2.62283305
v 71.80944559 -0.72204093 -2.84010299
v 69.84814188 -0.58874772 -2.48051439
v 69.30957529 0.46693157 -2.69219974
v 72.59303019 -0.43432887 -3.08671558
v 73.60628245 2.35178659 -4.20123325
v 73.25771830 3.29767892 -4.23312427
v 66.32146952 2.65757297 -2.71853677
v 71.07221720 1.68400107 -3.45459007
v 75.97538492 -1.25360385 -3.55815100
v 75.29087565 -0.73002903 -3.57852157
v 74.05944559 -0.74846160 -3.29827864
v 73.54177592 -1.23379787 -3.08132910
v 76.69083903 -1.71063511 -3.63206450
v 70.69830057 -0.66231037 -2.62748703
v 72.95640299 -1.77926140 -2.89396634
v 72.39173624 -2.35441854 -2.76284747
v 77.59571574 -8.90358242 -3.11411899
v 74.21060679 -8.02873494 -2.71581896
v 78.95891306 -9.26899229 -3.26200711
v 63.92789194 -11.89028408 -1.25498764
v 67.58545420 -13.48733769 -1.76084676
v 69.76085398 -10.69666542 -1.97128117
v 65.50279734 -8.23163848 -1.44625716
v 68.74779246 -13.02655280 -1.88937161
v 73.37574503 -0.85090908 -3.12284833
v 73.13768503 -1.23244745 -2.99858069
v 73.51473734 -1.40774805 -3.03305026
v 76.32727549 2.15439882 -4.66711456
v 73.49227640 -5.83694721 -2.67707725
v 73.30515787 -6.93141436 -2.59210088
v 72.07342264 -10.77821606 -2.24581729
v 70.72817728 -12.56285350 -2.12501317
v 71.64448283 -12.39824170 -2.22440895
v 74.24454996 -2.06791957 -3.09431419
v 73.51793406 -3.81555442 -2.85703974
v 74.86681864 -5.42290002 -2.96426299
v 68.50383494 -5.00876107 -2.00137243
v 69.01623270 -5.76836648 -2.01335046
v 70.23158762 -6.04786175 -2.18995564
v 71.89829752 -1.31952169 -2.74021886
v 58.81398508 -6.28561634 -0.81394852
v 62.70541117 -8.00528192 -1.10815295
v 63.49590800 -6.20028926 -1.20002641
v 68.08081553 -4.17773689 -1.95664906
v 63.77990458 -4.75036862 -1.28240885
v 67.95858500 -5.27220404 -1.86300569
v 68.24998209 -2.79219308 -2.00671337
v 61.60964701 -4.10199212 -1.05828786
v 65.31590006 -6.13350157 -1.42013445
v 62.20901224 -2.98590326 -1.14167733
v 61.90249369 -3.15213251 -1.10694829
v 62.37937662 -0.58381891 -1.14555345
v 59.80075571 -1.88417288 -0.93476833
v 62.15316508 -10.43921134 -0.96417062
v 61.02608988 -10.43321463 -0.92098825
v 61.55361674 -10.99856803 -0.97845275
v 66.09962199 -1.74347172 -1.72013822
v 66.32970927 -4.23465213 -1.67007373
v 62.70471690 -6.81929254 -1.12388495
v 58.39219401 -5.10176319 -0.76533421
v 58.56588480 -7.17108387 -0.80424378
v 73.96745798 -4.99969749 -2.86573706
v 73.57039377 -3.90753440 -2.86703423
v 73.06533549 -12.73079177 -2.38317659
v 73.61287424 -10.58868667 -2.41535773
v 78.62998698 -10.69240076 -3.04104436
v 70.30637858 -9.44699351 -2.09818872
v 58.21555826 -3.01379627 -0.80740303
v 62.34768412 -2.66494990 -1.15888929
v 62.82431528 -5.57536554 -1.15228176
v 58.59480784 -5.03233570 -0.78308019
v 58.86111185 -6.36528248 -0.82232558
v 68.08696482 -1.65637460 -2.04252593
v 68.47493479 -3.28003182 -2.02102603
v 68.96242258 -2.90274304 -2.22572275
v 62.38137553 -3.37623835 -1.15046632
v 61.03079722 -4.95601127 -0.98872290
v 58.68510172 -7.92016834 -0.79704151
v 60.37345621 -4.68663260 -0.93910136
v 61.96216318 -8.26806877 -1.04945234
v 64.48663065 -5.01095823 -1.33555517
v 64.17031596 -9.14644100 -1.26096953
v 61.95261881 0.00040962 -1.07075496
v 63.79476664 -0.48066953 -1.35348498
v 67.57048533 -0.91438545 -1.97396831
v 66.55441019 0.43914542 -2.03970340
v 65.14560435 -0.54242189 -1.56130968
v 63.99851725 -3.00987486 -1.38064522
v 63.23179362 -1.90033199 -1.26353419
v 64.09683726 -2.05313353 -1.41184960
v 64.28953287 -0.52650694 -1.40904223
v 68.77869150 -1.07123058 -2.18304421
v 68.07655070 0.49549606 -2.42152408
v 67.38431284 -0.23811594 -2.06727592
v 68.33042643 -1.87541452 -2.08554042
v 66.67495463 -1.00015508 -1.83103922
v 61.38412974 0.57159186 -1.09561162
v 59.59531901 -0.26108021 -0.81603995
v 61.86496470 -0.42074822 -1.08427418
v 64.57604716 -2.44568115 -1.45892290
v 63.34901163 0.54134889 -1.42433171
v 63.62234232 -0.37805417 -1.31201161
v 68.44701121 -1.05494944 -2.12927224
v 69.25318644 -0.53171035 -2.37733446
v 62.12386820 -0.81259393 -1.12057477
v 60.77917979 -0.07577750 -0.93875116
v 59.88853953 -1.69212576 -0.93939177
v 59.45300791 -0.99748463 -0.84117106
v 64.94762919 -3.37686401 -1.49778688
v 73.21140787 -0.84508022 -3.08814984
v 75.41586039 -0.62967961 -3.64073166
v 60.05639384 -8.82614370 -0.88957066
v 66.69490549 -3.69534550 -1.74316342
v 68.23724100 -3.08838143 -1.98954718
v 65.35254404 -2.41470583 -1.59033159
v 65.61507914 -5.32022339 -1.51061921
v 67.30217478 -2.41617072 -1.87709002
v 71.10801432 -2.25938677 -2.54847676
v 70.39155314 -1.57297012 -2.43809479
v 69.92200968 -3.47839615 -2.46528564
v 69.43258402 -4.03351089 -2.42762686
v 68.57689402 -4.84251657 -2.03080666
v 69.08778117 -4.40062208 -2.33113022
v 64.61425516 -8.12404111 -1.31097275
v 61.75553629 -5.04497002 -1.05387792
v 63.58877299 -9.09062434 -1.18598785
v 61.81213114 -3.41906976 -1.09414613
v 58.82923624 -3.65483326 -0.82258542
v 62.39298746 -5.61061334 -1.11433315
v 62.55537913 -3.28657771 -1.17478885
v 64.39984629 -4.10743956 -1.39219594
v 60.52536509 -2.38354728 -0.98899798
v 58.06754038 -2.38780445 -0.79498248
v 62.03036997 -1.59472894 -1.11935394
v 63.10348246 -3.08474972 -1.26287787
v 62.23869059 -3.50000238 -1.13705383
v 63.74262736 -3.10801938 -1.34423773
v 64.32354471 -2.02978758 -1.41758691
v 77.32584116 -11.80855064 -2.84892076
v 72.26179240 -5.78228258 -2.52516076
v 74.54787943 0.37806421 -3.75917055
v 71.38464091 -0.66881826 -2.76972946
v 55.80597803 -4.00207750 -0.64440848
v 59.51160929 -1.62011953 -0.90246551
v 58.06333658 -0.64721911 -0.68273911
v 51.30927965 -0.80832136 -0.46176130
v 50.96340487 -1.64421309 -0.45802276
v 53.09903071 -0.17437972 -0.50384514
v 46.81273958 -4.48805077 -0.12336653
v 51.23795626 -5.49040447 -0.28321744
v 50.95878908 -3.50186384 -0.44227539
v 56.60890314 -1.84196703 -0.69030727
v 53.97406885 -3.40556566 -0.65380799
v 56.39211390 -4.62210314 -0.67632977
v 44.03382418 -4.09995872 -0.03034902
v 48.16381380 -4.42123255 -0.20480270
v 48.31322024 -2.44547877 -0.26840166
v 58.04156229 -0.36026232 -0.66296376
v 57.00258753 0.48252637 -0.70809940
v 55.52387354 -1.28923265 -0.62921117
v 59.41893503 -1.51046987 -0.87313814
v 44.35265276 0.03602761 -0.06747433
v 48.47919390 -0.28520046 -0.28662100
v 58.31298563 0.54923778 -0.80436711
v 58.99172709 0.91163400 -0.94317637
v 57.63644144 1.28588632 -0.93051164
v 59.88336680 -0.08194204 -0.86698908
v 60.12846110 0.55865243 -0.99485783
v 58.17001078 -2.08560414 -0.80645714
v 57.73258707 -1.14029161 -0.67774940
v 54.81221888 -2.56068651 -0.68661453
v 56.49210474 -3.13804859 -0.78593389
v 54.25377009 -1.41916886 -0.58990451
v 57.31221888 -3.33944936 -0.85473574
v 58.69988749 -3.31330344 -0.95674075
v 59.02956126 -2.48624655 -0.92375138
v 58.07272074 -0.42631762 -0.67555225
v 55.93792841 1.80552247 -0.97395350
v 55.37658808 1.55017428 -0.87214681
v 55.09240076 0.94195326 -0.69458019
v 54.78474543 0.03110275 -0.55543514
v 46.45312807 -1.84535058 -0.16473354
v 49.10911104 -5.43137963 -0.15890410
v 53.39095423 -5.53207625 -0.45584012
v 52.82100985 -3.15280381 -0.58834783
v 55.66784785 -3.10036701 -0.75147955
v 56.36209223 -1.46665422 -0.66133089
v 53.14294550 -3.46643297 -0.68937622
v 55.30579493 -3.38699573 -0.75942934
v 59.42922709 -1.59738393 -0.89134186
v 58.71139262 -3.03615041 -0.84948677
v 54.93608973 -3.39685291 -0.76188600
v 54.61224482 -7.69263687 -0.54014458
v 52.25287554 0.22871171 -0.48263549
v 51.66555712 -0.00035323 -0.46395870
v 55.54085657 -1.10934678 -0.61415078
v 54.71930048 -0.79005661 -0.56945783
v 47.02946780 -6.05880576 -0.05355732
v 49.56811068 -4.00062405 -0.32533195
v 54.07145045 -3.22194139 -0.65965214
v 50.42537615 0.17343294 -0.42913817
v 60.03336069 -1.52191397 -0.94329805
v 56.33300135 -3.51545946 -0.67947326
v 60.80779764 -2.96896598 -1.00180001
v 57.26091883 -5.23796313 -0.69416719
v 55.45736811 -0.48181382 -0.58178699
v 58.57090494 -2.00387807 -0.83409082
v 56.45950434 -0.78949205 -0.65032942
v 57.88206217 -4.75070423 -0.76498331
v 49.35608980 -6.47730859 -0.17880139
v 52.42652437 -1.49780502 -0.56793184
v 48.70846865 -3.77442775 -0.27009517
v 48.39246676 -2.44456325 -0.30595354
v 53.90803644 -0.43927230 -0.53279102
v 54.30147669 -2.76170579 -0.64306591
v 56.11024592 -4.26800768 -0.66540453
v 53.74096033 -4.85830917 -0.52076638
v 46.54009936 -0.31175073 -0.17863455
v 46.70688174 -4.53428490 -0.12187117
v 50.86284945 -3.02221907 -0.44744819
v 50.92132876 -4.36909711 -0.36476060
v 50.65935824 -1.27889860 -0.45039342
v 57.55859110 -5.46949999 -0.70747282
v 60.25065348 -2.21318290 -0.96897848
v 50.25762484 -3.26782073 -0.49780216
v 50.69572756 -3.57675781 -0.55578551
v 52.40920565 -4.61085737 -0.44557110
v 52.61751864 -5.47850263 -0.41104032
v 56.89051173 -5.52612536 -0.69837857
v 62.02058146 -5.23471307 -1.07003694
v 55.36817286 2.12585023 -0.98204071
v 51.85085223 0.27208482 -0.47956848
v 61.40885660 -2.90040825 -1.05133005
v 57.84534952 -5.37465136 -0.72985748
v 58.32085154 -7.22934193 -0.79257080
v 61.82612345 -3.32020806 -1.09477175
v 61.11582682 -1.34579704 -1.03478978
v 56.26586268 -1.62062303 -0.66607635
v 55.86672327 -3.74017564 -0.65336544
v 60.42942545 -2.41345450 -0.97004656
v 55.47411463 -5.79626695 -0.60954186
v 59.64030955 -6.58743520 -0.88517649
v 59.92091868 -5.11076589 -0.87950047
v 59.15784190 -6.25941701 -0.84561051
v 59.45351145 -4.81642385 -0.85710061
v 48.38215563 -1.09008631 -0.25311257
v 49.41266558 -0.38515317 -0.35563649
v 49.84800646 1.86855280 -0.41085841
v 43.54010699 0.56652993 -0.03269963
v 47.01419375 -1.77448877 -0.18606534
v 45.56635973 1.49352996 -0.13577290
v 45.51446078 -3.84989771 -0.20304803
v 47.54667208 -2.94294582 -0.27767892
v 42.32638476 0.04695291 -0.00640865
v 43.88835451 -2.18759757 -0.04071005
v 44.49412463 -0.41911155 -0.06307972
v 42.04885027 0.12973184 0.00076296
v 43.60097048 -2.26104575 -0.03335530
v 45.36619494 1.32681434 -0.10466021
v 57.82960245 -0.79179613 -0.68174726
v 59.56034586 -0.90732045 -0.84277325
v 58.40229533 -0.65797656 -0.70240769
v 44.04811785 0.85811013 -0.05886850
v 45.07366106 3.24478881 -0.14428759
v 60.65882609 -0.07403800 -0.96002192
v 45.38614580 4.45795409 -0.17315742
v 45.20461962 3.59112517 -0.15368706
v 44.45578692 -0.33991844 -0.06027212
v 53.65240595 0.21001206 -0.53866576
v 56.16607783 -0.26779404 -0.60275260
v 55.93472407 1.19761425 -0.81460586
v 51.03375170 1.17950975 -0.47088638
v 53.50212214 1.60625800 -0.62509177
v 50.17981646 3.53854333 -0.47660881
v 40.98871920 3.49055450 -0.08731132
v 45.35734484 1.03929298 -0.12185681
v 45.94347307 1.37022368 -0.15133685
v 44.05238268 -0.90783530 -0.04096966
v 46.44488451 -0.07646020 -0.16464228
v 51.27651903 -0.56238020 -0.45013414
v 52.24935458 -1.31827011 -0.52783177
v 53.17432520 -1.21246567 -0.54496741
v 54.24543116 -1.05736008 -0.56262185
v 54.59935114 -0.68992844 -0.57238754
v 52.17384264 -0.18692244 -0.49487297
v 56.24450800 -0.83584825 -0.62327558
v 50.75436327 -0.14847029 -0.44511407
v 53.36742518 -8.64654767 -0.38389442
v 57.40191004 -7.69421618 -0.68482841
v 57.60383341 -5.23564379 -0.72163301
v 54.35607264 -4.14546434 -0.62287831
v 56.44600794 -3.64503710 -0.69338925
v 44.68769381 -3.99529870 -0.17353751
v 42.72620699 -4.11149437 -0.12080312
v 55.81079981 2.04134705 -1.02793913
v 41.41823122 0.52091379 0.00131222
v 55.81533930 0.22350844 -0.62660216
v 58.10763285 -0.19140856 -0.68476860
v 54.04531977 -7.69351424 -0.50245537
v 41.96438906 -2.39707022 0.00485273
v 28.91331026 -1.99590904 -0.09861718
v 28.39394686 -3.25317224 -0.17979374
v 29.25565645 -2.23065026 -0.11624105
v 40.86323092 1.14271707 -0.00589003
v 25.45986674 -1.00124962 -0.08898905
v 27.96738932 0.39561622 -0.11175539
v 29.47408602 -2.14533837 -0.11172446
v 30.69389651 -0.05024560 -0.12974543
v 25.67063639 1.08709877 -0.09495558
v 33.32252047 -0.18601830 -0.11898796
v 34.90684054 -1.85507042 -0.08645595
v 39.78911135 1.05330057 -0.00381482
v 41.57830355 -2.24705344 0.00749248
v 38.83760378 -0.88388663 -0.01245098
v 40.95917055 4.09541290 -0.10595765
v 38.10251925 1.35733003 -0.01474017
v 44.33499834 0.56796426 -0.04783635
v 41.77018282 -1.90624838 0.00993383
v 41.10995028 0.27710123 0.00820923
v 39.89333651 -1.85055380 -0.00425686
v 40.82501528 -2.77087241 -0.02227734
v 41.14371035 -2.46760397 -0.00054887
v 41.12406466 -0.49490195 0.00326551
v 26.99423525 -2.19833214 -0.11480673
v 27.73672793 -1.77570946 -0.10029569
v 25.88654635 -1.33310539 -0.09172032
v 26.17468760 0.30790871 -0.09579468
v 24.91923258 0.19822090 -0.08642577
v 26.89182589 -3.65789637 -0.21295102
v 26.32339785 -3.57950434 -0.22547850
v 31.52681277 1.69729582 -0.17582726
v 42.40104983 -2.61782676 -0.01950026
v 40.40635989 1.29848642 -0.01164262
v 38.05639956 0.07946176 -0.02508542
v 26.62069247 -2.43185265 -0.13032488
v 24.46381113 0.93009346 -0.07904063
v 30.76159975 0.12576453 -0.13784788
v 41.85840914 -1.67933493 0.01016267
v 23.74716494 -1.19250328 -0.07855201
v 23.41750643 -3.86453087 -0.08668451
v 27.14221499 -5.89663536 -0.10423178
v 29.17498324 -2.17089684 -0.12014731
v 30.14548228 3.12469450 -0.20486497
v 27.68903849 4.55819670 -0.19868539
v 26.00169108 -0.12180931 -0.09320062
v 31.95569346 2.08876006 -0.17811614
v 25.45016215 -0.13894493 -0.09004205
v 23.56289980 -3.05010826 -0.10012763
v 27.19021151 -4.88528282 -0.10574257
v 29.02577517 -1.25852806 -0.11360144
v 25.39896128 0.57772987 -0.08752446
v 28.13893626 4.27441374 -0.20146244
v 24.74824259 2.14147919 -0.09371979
v 27.99395296 -15.47984151 0.06035108
v 27.08787081 -12.97784264 -0.12067960
v 24.03695223 -16.91107015 0.08796972
v 12.05697844 -20.78549033 -0.04290428
v 14.62373659 -17.58801108 -0.01151748
v 13.79452822 -16.92251425 0.00476354
v 15.05105135 -15.04034262 -0.00860346
v 11.13860628 -18.26661520 0.00628964
v 15.40055392 -19.19470054 -0.03318469
v 16.53992865 2.04429597 -0.04432707
v 19.52332709 -1.26009971 -0.07200598
v 20.26011298 0.37947243 -0.05761721
v 25.39695284 -11.70782310 -0.07760425
v 23.31736300 -15.43314963 -0.02718860
v 26.98032687 -13.21427758 -0.11184473
v 22.55140230 -14.70458823 -0.04168457
v 28.39403078 -14.55297690 0.00221494
v 25.54622958 -17.54313495 0.16112046
v 18.67328188 -19.81541279 0.10951560
v 19.04155276 -20.45222312 -0.00658842
v 19.39582369 -19.65728597 0.04059163
v 18.09405825 -19.91776875 0.08688683
v 18.97359774 -20.62470847 -0.01394313
v 18.88198397 -19.79746846 0.12095969
v 17.46213171 -2.82920677 -0.10174510
v 18.59315893 -3.33155662 -0.05982912
v 21.00567934 -16.53851157 -0.02088654
v 16.85548708 -18.57226401 -0.01308897
v 21.08060000 -18.40724019 0.06563109
v 26.56380770 -11.52639610 -0.09362601
v 22.60712740 -12.95654136 -0.03500151
v 23.43664858 -15.25115806 -0.03521476
v 21.27066347 -0.81884605 -0.08914167
v 21.82723543 -4.99612266 -0.06814489
v 26.00422213 -4.44105370 -0.09945602
v 25.44834635 -0.26301414 -0.08390799
v 8.34056399 -22.14677268 -0.04188172
v 12.95816252 -20.47573692 -0.04145475
v 11.04674074 -18.88873129 0.00125434
v 11.69053099 -20.58689719 -0.03365749
v 9.20842287 -19.95620566 0.00139185
v 8.17741701 -24.01302940 -0.04052339
v 13.26424620 -20.99004965 -0.00584065
v 13.07129881 -20.76382285 -0.02407494
v 10.74235079 -19.48852378 -0.01113570
v 8.78625796 -23.06962424 -0.04186631
v 9.46813414 -23.44364768 -0.02210612
v 14.32167265 -21.44608907 0.06227466
v 12.92038939 -23.99790790 0.15364470
v 11.80555174 -24.71668842 0.14719035
v 14.05869601 -20.05410605 -0.02836278
v 14.19592497 -21.70486287 0.07017875
v 16.95876524 -20.87690571 0.11560403
v 18.00200960 -17.20287925 -0.03081991
v 18.24195406 -20.08663777 0.11516140
v 15.97419188 -21.55210713 0.12807057
v 18.28406069 -20.57258444 -0.00716823
v 16.95462248 -21.47695761 0.00764820
v 21.86078188 -0.91274864 -0.06472759
v 21.25438998 -2.26566155 -0.14392048
v 25.96993563 -3.52185663 -0.20326171
v 15.77754519 -18.05657798 -0.01838385
v 20.64236758 -16.70741111 -0.01835356
v 17.53709051 -1.12985069 -0.08692909
v 21.55382082 -1.05818016 -0.06748941
v 17.50408575 0.32599801 -0.04452516
v 16.89200041 -20.73502949 0.10643348
v 18.58644411 -21.48438864 -0.00837353
v 19.54842684 -17.24841147 -0.01241780
v 14.68410036 -19.76775962 -0.02142007
v 12.49966738 -17.50416403 0.00456527
v 13.23180601 -20.38345176 -0.03489349
v 16.61020205 -16.45919638 -0.00837435
v 17.07842562 -18.30038291 -0.01722415
v 8.86061404 -18.21900778 -0.00907597
v 12.81321356 2.86303681 -0.02803082
v 11.54590246 0.59430093 -0.01223760
v 14.21449683 0.23831338 -0.02809143
v 10.84388373 1.31440896 -0.01150530
v 11.34404394 -0.56509239 -0.05253587
v 13.24636481 0.35376138 -0.02062990
v 9.36635897 -22.32003623 -0.04528441
v 10.31993410 -17.83819418 0.01225576
v 7.75688479 -21.02696066 -0.00985371
v 15.35644171 -1.31866295 -0.07893346
v 19.69751379 -1.24038536 -0.07243323
v 15.79304144 0.97815103 -0.03413403
v 12.81616518 -19.84124595 -0.03828102
v 10.94854185 -23.58973532 0.00009544
v 13.51065275 -20.39988547 -0.01017424
v 9.87945196 -0.57125694 -0.04766832
v 16.00130007 -18.26501304 -0.02247318
v 10.46280978 -19.88566428 -0.02596717
v 14.04326079 -21.84417563 0.00850275
v 10.89709017 -15.38778525 -0.03996022
v 11.42780611 -15.02145225 -0.03890742
v 17.65275881 -20.56699971 0.12756687
v 13.54422972 -21.61532430 0.04115652
v 11.37585661 -21.90460044 -0.03271123
v 15.54801390 -22.75965717 0.18681711
v 16.41662905 -18.59014731 -0.02340391
v 11.24458620 -19.53999167 -0.02244245
v 12.42154238 -16.30914145 0.00352748
v 11.39969942 -18.17666464 0.00575557
v 12.81289980 -12.69395286 -0.03385714
v 8.70186159 -13.73875266 -0.00980912
v 9.74673769 -17.85030967 -0.02142039
v 13.85752413 -16.80491476 0.00129978
v 12.29529974 -2.65687400 -0.02360487
v 8.53332255 -0.44907981 -0.03454578
v 8.27868960 -1.99381857 0.01356543
v 15.71843359 0.21374673 -0.02731322
v 14.87453863 -1.66786034 -0.08543364
v 8.45187685 -1.97341758 -0.04049646
v 10.88617346 -1.07508689 -0.05233743
v 8.14102671 0.29771585 -0.00958252
v 9.05387423 -1.93006737 -0.08377039
v 10.94665930 -1.67790062 -0.08518950
v 10.82762549 -1.32150108 -0.04009984
v 10.75114081 -1.92429955 -0.09384119
v 11.96919653 -1.91232138 -0.02197230
v 11.96028540 -0.56445152 -0.05630480
v 7.72883341 0.21144266 -0.01036071
v 9.57681677 -2.63511496 -0.00645399
v 9.77428076 -1.59705955 -0.04930084
v 8.61137888 -0.37866050 -0.03323354
v 11.69279120 -2.51154929 -0.03198197
v 14.81047461 -0.84042198 -0.06404096
v 10.61171362 -1.93772727 -0.05706751
v 11.12957403 -2.73385459 -0.02592419
v 11.37240240 -1.70374900 -0.06071440
v 10.26327917 -0.45374900 -0.04476917
v 14.52968237 0.26300210 -0.02667236
v 15.09629462 -1.23246605 -0.06808447
v 15.78237555 -1.55039818 -0.07250947
v 12.58506415 -1.66558677 -0.04711882
v 13.35561011 -2.19253380 -0.08218344
v 19.96896002 0.18521279 -0.05999754
v 13.32881567 3.03674287 -0.02664230
v 9.97369787 0.65521402 -0.00199896
v 15.71504614 -0.30984336 -0.04226675
v 13.43304083 -0.99137718 -0.06211832
v 12.79828284 0.49478311 -0.01406864
v 7.92924998 1.21589822 -0.00413529
v 9.10238383 0.87353677 -0.00346384
v 11.78767035 2.85984773 -0.02992291
v 8.24048350 2.78848237 -0.02668803
v 7.19535563 0.91072244 0.01072682
v 11.82192633 0.79982156 -0.01155099
v 19.17545721 -3.98957664 -0.07148673
v 14.99997351 -3.19659263 -0.06335393
v 12.74331305 0.05853433 -0.03059384
v 12.41163275 0.45491189 -0.01368716
v 12.66733191 -1.44483787 -0.06492587
v 7.74307558 -1.94680625 -0.05195582
v 8.98498270 -1.10520774 -0.02761818
v 9.92569372 -1.89634544 -0.04116786
v 12.17482397 -1.08263999 -0.05413796
v 8.22008822 -2.50807028 0.02885482
v 10.91528723 -2.06349021 -0.04202232
v 11.09624884 -2.83228903 -0.00675914
v 11.61492560 -1.65183860 -0.07090728
v 13.77131293 -1.69280845 -0.06251494
v 12.00056860 -2.15530236 -0.10664328
v 12.36237738 -2.69532615 -0.03655958
v 11.95338843 0.45340127 -0.00921634
v 26.28374026 -3.02473291 -0.16940254
v 22.34287760 3.81027191 -0.08151303
v 17.44209025 3.72940797 -0.05261287
v 12.72204230 -2.13267356 -0.06291160
v 11.87865088 -2.58288413 -0.02949477
v 9.62443945 1.22821206 -0.00950638
v 12.05472204 0.50670022 -0.01202396
v 13.59335730 2.72985810 -0.02560465
v 7.71497080 2.27655000 -0.01852450
v 11.49325964 0.80331582 -0.01329049
v 6.78825114 1.44171114 0.00282269
v 7.42394755 -0.31690818 -0.03095999
v 11.94202826 2.30540437 -0.02565036
v 12.10184881 2.76242036 -0.02992289
v 7.88470194 2.19578523 -0.01803620
v 10.93768713 -0.79125816 -0.05499250
v 8.94124338 2.02076692 -0.00047331
v 14.74647162 2.34855622 -0.02761875
v 12.95797369 1.35894746 -0.02091998
v 10.74586890 2.86943025 -0.03167767
v 26.99692843 -1.43990929 -0.08956881
v 22.50218699 0.55203408 -0.06748967
v 25.45998690 -3.44299158 -0.21830689
v 23.55421755 -3.15347895 -0.20761053
v 23.90296480 -1.24075920 -0.08316015
v 24.46054575 1.78311127 -0.08853174
v 21.93720743 2.24632233 -0.04702791
v 23.20389864 -1.80433495 -0.10736050
v 22.34186861 -2.82653650 -0.17269847
v 22.69990847 -3.00797876 -0.17945808
v 22.42036745 -0.19384605 -0.06057732
v 16.40288851 -15.86167746 -0.00977826
v 18.34486697 -14.86053305 -0.01754514
v 18.35007021 -21.35658103 -0.00831252
v 13.84691927 -17.55137473 -0.00732131
v 9.71931670 -23.29337912 -0.01700971
v 12.37925169 -25.03135519 0.01895554
v 12.22639677 -25.03532245 0.18570359
v 19.63926432 2.67535370 -0.06105081
v 18.91785071 -1.20492393 -0.07319617
v 11.59723112 -24.84913471 0.14920453
v 14.30560515 -21.59359578 0.07025503
v 12.23832247 -17.72692709 -0.00245373
v -9.85771444 -19.97956309 -0.21880774
v -9.16691854 -25.95974192 -0.22709228
v -6.52342680 -22.62533030 -0.23804864
v -4.04573324 -0.12011175 0.00633246
v -6.70573690 -3.25539620 -0.12077274
v -5.73314359 -2.74218209 -0.11427258
v 8.05016634 -2.05616599 -0.02429161
v 1.32923624 1.06374521 0.02395617
v -7.71621969 -3.54879219 -0.10977111
v -7.62309530 -3.86930306 -0.12678460
v -4.63931539 0.85588617 0.00781240
v -8.83952596 -1.67153388 -0.00274627
v 1.74732706 1.21620340 0.02358993
v 1.97535441 0.41333170 0.00875852
v 2.83669016 0.64609690 0.02052301
v -4.82637480 -2.35060341 -0.10961871
v -2.91457060 -1.75831063 -0.10552945
v -3.26909330 -1.39453346 -0.07171604
v 2.53740237 -25.25088340 -0.05790295
v 6.97629854 -24.40931541 -0.06692103
v 5.96807406 -22.92313987 -0.03794483
v 5.67548106 -0.35732871 -0.00926198
v 0.28118632 -0.10830527 0.01254279
v 2.26727602 -2.83558491 0.10754445
v 6.24792979 -0.79121237 -0.01431257
v 9.83213446 -2.77984457 0.01730396
v -1.64999654 -0.53437262 0.00599684
v -1.02660063 -2.74379949 0.06874134
v 2.93591616 -1.62597493 0.06808503
v -3.01977995 -1.78321295 0.00733981
v -8.01655843 -3.25112373 -0.05139103
v -5.66660001 -5.11629705 0.06161587
v -6.35582235 0.86359186 -0.00074778
v -9.00070455 -2.47162848 -0.02200273
v 3.19368479 3.04948396 -0.00064132
v 0.29411051 0.93908854 0.02873219
v -2.14444998 1.21880121 0.01771530
v 2.58315012 -0.37554770 0.01873790
v -0.20893362 0.54306574 0.03140254
v 1.81806681 2.33653230 0.01327481
v -0.40728262 0.50870295 0.02253719
v 1.72921488 -0.06890707 0.01185613
v -0.84582021 3.09593553 0.01565506
v -2.88241842 -0.86423712 0.00303668
v -6.73788717 0.05536432 -0.00013729
v -5.42703703 -1.87717658 -0.01036037
v -3.21260336 2.44513292 0.01196254
v -0.82267263 -1.08141546 0.01986716
v -1.43778684 -2.64055852 0.06852770
v 3.69321558 -26.95452720 -0.07868514
v 11.57921908 -16.82836753 -0.02250393
v 6.00433657 -18.41761618 -0.01728516
v 9.58591673 -20.40888815 0.00863984
v 7.99645541 -14.83569174 -0.00198118
v -4.34853056 -3.46895818 0.05864014
v -14.15689352 2.04082076 -0.15124541
v -14.29167440 1.67352646 -0.05270409
v -13.76578024 2.02171677 -0.06469755
v -15.63980367 0.79559105 -0.05947885
v -15.57812765 0.39821404 -0.03964235
v -15.28296163 0.93436974 -0.03381358
v -12.13734701 1.88276261 -0.02563503
v -12.98878744 2.00213212 -0.03346281
v -14.57680013 1.00526971 -0.03036511
v -10.44880941 -3.44202643 -0.03582703
v -14.39107015 -2.66954261 -0.05566358
v -14.66037252 -3.05079109 -0.05961555
v -18.38231161 1.15414971 -0.06091323
v -20.01739767 0.56110936 0.63542171
v -19.41295126 -0.09340877 0.66853338
v -15.87755087 -7.90871651 -0.12013111
v -12.32960775 -7.53376228 -0.09861628
v -11.22833517 -5.17635566 -0.06103427
v -12.29805258 2.31496781 -0.03793368
v -14.09947469 2.15290419 -0.17642243
v -14.06070211 1.31963128 -0.04147356
v -16.02539327 -1.02583534 -0.05044535
v -14.71396139 -1.14197761 -0.04627968
v -14.56224325 1.27790612 -0.03134172
v -15.72452047 1.20026176 -0.10774246
v -16.71962240 1.48501935 -0.26266499
v -16.98512533 0.76146475 -0.17553719
v -12.83291891 2.26694077 -0.04570040
v -13.56303671 2.33987777 -0.12686191
v -14.71422079 1.22990960 -0.03961197
v -10.71910360 -6.46021492 -0.11324964
v -12.74103048 -11.90113290 -0.17162888
v -9.01098898 -10.19231636 -0.08259412
v -12.74971273 -1.86788398 -0.03703273
v -11.57551840 1.93579454 -0.02337674
v -12.00107076 2.06316728 -0.02539092
v -14.80996969 -0.31099173 -0.91040030
v -13.64787557 -0.75504523 -0.04132063
v -14.32423666 -0.40958638 -0.84457386
v -15.93232992 2.09470708 -0.74902373
v -15.55798605 1.31914289 -0.72134416
v -15.36421468 1.85437352 -0.77238490
v -17.77881124 0.31632011 -0.14276124
v -17.37031820 -1.37112648 -0.10694858
v -16.06096151 0.73926323 -0.07688911
v -12.82011678 -0.39339667 -0.03233327
v -13.63162496 0.18167643 -0.89430235
v -19.29008749 1.68762557 -0.12072777
v -19.52646139 0.75972535 0.42283622
v -18.89697530 1.20826502 0.05014023
v -19.60634115 0.03467351 0.69429020
v -19.22802999 -3.37333133 0.16734373
v -18.19075277 -3.31752998 -0.08160342
v -18.82914999 -2.35769105 0.33474774
v -12.12874105 -7.10705025 -0.09452700
v -9.68825033 -2.65287238 -0.02748060
v -13.57007101 -3.68258125 -0.05889828
v -18.97973898 -0.83791560 0.66447467
v -18.36192587 -0.95163944 0.15348836
v -18.52727010 -0.33069063 0.26719675
v -16.86339071 -0.98861152 -0.07614115
v -17.23259237 -0.51342996 -0.14079272
v -18.06518820 1.81742443 -0.34843470
v -18.97044637 1.18053218 0.09353623
v -19.74858358 0.90744568 0.39288320
v -15.69056967 -0.26079017 -0.04739371
v -17.47247579 -2.94686348 -0.08184762
v -15.07037618 -1.89396125 -0.05316127
v -20.07086446 -1.79281058 0.92042575
v -19.88066366 -2.50643365 0.78407333
v -19.63733175 -1.96689810 0.92150915
v -19.74023702 -3.17336486 0.42753657
v -18.39136007 -1.34101321 0.21621730
v -18.69743612 -0.50856995 0.38081373
v -19.05766561 -1.40319268 0.77938870
v -17.08049276 3.60476261 -0.82664544
v -17.42134359 1.32205739 -0.25506609
v -18.24490621 -1.39336613 0.10249356
v -17.20662191 -1.49115974 -0.08364839
v -17.49481466 -0.94098885 -0.14466838
v -14.44920614 -8.17081673 -0.12116867
v -14.91467550 -10.21265634 -0.14718457
v -13.06518820 -10.69031747 -0.14761174
v -11.14628866 -7.01929695 -0.10940433
v -14.37593343 2.53158916 -0.38096655
v -16.47221639 2.29751933 -0.41729769
v -11.03726461 -7.36939462 -0.14639158
v -11.17468527 -6.03999550 -0.08685200
v -15.57066610 1.22981041 -0.11843888
v -15.26664999 3.54494052 -0.86578422
v -14.56186178 2.33542217 -0.35142551
v -11.41493490 -3.40551215 -0.04339540
v -12.39744833 -2.61013251 -0.04255629
v -16.39164999 -3.03106147 -0.06635994
v -10.95091512 2.08571977 -0.01821929
v -15.09453085 -1.62278205 -0.05171173
v -9.50082662 1.36648912 -0.01164263
v -11.01013448 -11.22124703 -0.14802364
v -10.00033834 -7.31635506 -0.10342284
v -17.10690572 2.17218363 -0.45623810
v -13.90486410 -6.30695564 -0.09321487
v -20.05473592 -0.20018975 0.78126534
v -19.62321737 -3.52787234 0.22387757
v -13.35560873 1.85152024 -0.03451564
v -9.99841573 0.87210626 -0.01309214
v -12.72487142 0.10264367 -0.03262326
v -15.31596639 0.54233316 -0.95239262
v -15.41928365 -23.82842479 -0.28579319
v -12.83935812 -28.03673779 -0.32378689
v -12.86841085 -23.81197581 -0.24853123
v -16.08360555 -28.05857312 -0.36910549
v -17.09326437 -23.84064708 -0.25970066
v -17.06453207 -28.06571423 -0.34284511
v -15.62021139 -19.16657480 -0.20878284
v -14.41920736 -21.84002146 -0.24428961
v -12.62123373 -21.88208994 -0.22196600
v -18.33523824 -22.16373667 -0.22617738
v -15.33740499 -24.87989269 -0.30656023
v -11.41191366 -12.07572397 -0.16468610
v -14.28317526 -17.01343760 -0.22657494
v -10.37845113 -15.97849496 -0.16143534
v -10.16705587 -18.64469370 -0.21343686
v -15.64480856 -21.03516612 -0.23959003
v -11.70895651 -22.57872996 -0.24422845
v -14.10133627 -17.10199961 -0.21392539
v -12.91018942 -21.72526011 -0.22875618
v -12.41939047 -26.82464061 -0.30694139
v -9.18467977 -23.75759348 -0.21368017
v -14.22908285 -17.31913218 -0.21555805
v -12.27813986 -17.15583261 -0.18877890
v -12.62407186 -13.00150522 -0.19250272
v -16.42964437 -17.50409921 -0.19033524
v -14.39242819 -13.15008004 -0.15815516
v -16.08644369 -26.43590771 -0.36374992
v -15.60711935 -26.55854261 -0.41424123
v -15.39778402 -25.41805494 -0.39420663
v -16.77640035 -13.35059579 -0.16215293
v -12.50358846 -23.31299815 -0.26053998
v -14.94052389 -25.44927440 -0.28760872
v -11.21513632 -27.48208080 -0.28100134
v -15.31587484 -13.11042245 -0.13944789
v -14.95422628 -23.15438305 -0.35152817
v -14.69230917 -21.72480236 -0.33028816
v -16.27519491 -21.36974558 -0.23040419
v -17.29815939 -22.05152354 -0.23223513
v -18.17424276 -25.96808849 -0.28744079
v -14.70530966 -21.77068555 -0.36411689
v -5.97614172 -32.62867197 -0.23366774
v -9.76051595 -33.39875255 -0.25954652
v -9.60220602 -35.49456250 -0.36065091
v -4.96257665 -29.37981637 -0.14499944
v -4.50922277 -31.82114634 -0.21683742
v -1.00369909 -28.64364083 -0.13138872
v -7.51658895 -36.35390697 -0.26838087
v -9.69964864 -31.09523998 -0.28116860
v 4.86220667 -28.67975835 0.06103987
v 1.55621455 -28.42925484 -0.10340414
v 5.72592280 -29.21549442 0.13208488
v 6.52640078 -25.04609519 -0.05401199
v -0.67239263 -30.42016060 -0.12435413
v -4.22617223 -33.34089120 -0.17786623
v -0.27237585 -32.60120612 0.00540697
v 2.34910128 -24.25240928 -0.04734403
v 8.29306338 -26.35230855 0.09344916
v -17.09810903 -44.21491470 -0.55242195
v -17.45263174 -43.69347610 -0.52169084
v -20.62176016 -46.60531083 -0.63938140
v -16.42915609 -28.74405896 -0.38646988
v -18.05388143 -32.64681471 -0.43084180
v -15.14357259 -29.07262646 -0.36371897
v -16.17740133 -33.12568128 -0.43487005
v -17.77891805 -32.06418837 -0.43645713
v -15.31224325 -26.59174572 -0.33999196
v -18.39641073 -30.43136059 -0.36556507
v -19.28116110 -28.09626232 -0.33547511
v -19.68162039 -40.92652359 -0.53435608
v -22.08196523 -42.71151200 -0.60657564
v -17.45476797 -41.49062576 -0.56475150
v -17.76473501 -42.70461502 -0.57325044
v -22.54165151 -44.51177447 -0.71221194
v -18.48815420 -45.54494706 -0.57964341
v -20.61988332 -43.56128923 -0.67014362
v -18.59708669 -43.01716081 -0.62673245
v -21.20884206 -42.15453568 -0.58170390
v -18.55655172 -37.50420608 -0.53101496
v -22.27059438 -40.31014482 -0.64423472
v -20.59044912 -41.22864761 -0.56403438
v -10.17489889 -38.48638378 -0.29354227
v -10.82132986 -39.49302135 -0.31942101
v -9.95823171 -39.24849926 -0.34647488
v -22.84536245 -43.10752336 -0.65509852
v -22.57755544 -44.09583513 -0.68466990
v -23.65825918 -40.12650530 -0.66053114
v -19.68072775 -39.03942337 -0.56347016
v -23.25403860 -45.73040241 -0.75844587
v -20.65056875 -46.88118974 -0.64163966
v -18.92682913 -42.98035661 -0.62921964
v -21.08478811 -42.03025284 -0.59209516
v -20.80304983 -41.82694473 -0.56922227
v -23.25603750 -45.36823505 -0.74980946
v -19.61121633 -43.09987871 -0.64318141
v -22.48725393 -40.01951067 -0.65351211
v -24.25448110 -44.30105059 -0.68973578
v -24.43123892 -47.80642170 -0.81925181
v -21.75574758 -44.35398333 -0.70604742
v -25.05614736 -46.91099018 -0.81162256
v -24.03643301 -44.16269915 -0.68152657
v -22.31569936 -45.85499042 -0.75556194
v -21.84202078 -42.93262712 -0.62699186
v -21.26505544 -45.43865435 -0.69048328
v -18.73305776 -47.39161146 -0.44687639
v -19.28010061 -43.21354143 -0.63852746
v -21.40667227 -48.03922503 -0.70136237
v -21.40799978 -46.29328386 -0.66690831
v -23.08925894 -45.63587421 -0.75716415
v -23.30561331 -50.66272968 -0.79035120
v -21.04662588 -47.30219500 -0.67967975
v -22.06006887 -46.62237017 -0.69759368
v -20.88982656 -48.21396868 -0.69699833
v -21.77381399 -46.56911700 -0.68889618
v -24.59966543 -50.20797199 -0.79856050
v -19.46538809 -43.53943864 -0.65471698
v -17.85911062 -41.50051346 -0.57747733
v -15.71728018 -41.10866775 -0.51297849
v -15.93821218 -39.94069900 -0.51809037
v -19.61661794 -40.81397476 -0.52530764
v -21.35648611 -42.68958512 -0.60553804
v -19.64208486 -43.01709977 -0.63527737
v -20.60594442 -38.62682572 -0.58225379
v -23.56519582 -41.76832049 -0.69567186
v -22.14083364 -42.35604326 -0.63649818
v -24.66692617 -39.82624284 -0.65496173
v -19.85134390 -41.06952896 -0.55696958
v -24.58233144 -42.71833270 -0.72409883
v -24.93253591 -44.09185259 -0.68996470
v -13.66241720 -38.68512953 -0.46068701
v -18.35569265 -41.38216629 -0.58033074
v -15.60879019 -42.46137465 -0.46564550
v -13.80755117 -41.35965955 -0.42194451
v -18.40519979 -34.73111953 -0.48586466
v -13.88272360 -33.32775342 -0.40020205
v -16.88200643 -30.48009717 -0.40830493
v -13.55844381 -28.64711987 -0.34351641
v -13.76286581 -34.60247266 -0.40075115
v -10.68416097 -31.72846447 -0.30507901
v -13.26245382 -38.73600233 -0.45736059
v -15.42418935 -40.23317947 -0.51259716
v -14.80166128 -42.46312941 -0.46215124
v -16.37168386 -42.60418166 -0.49538486
v -12.20189932 -42.04545054 -0.25360944
v -12.63028219 -38.77135694 -0.41608556
v -16.95120504 -30.42379224 -0.40436817
v -20.36204794 -32.93325269 -0.41706307
v -17.17032125 -35.49498976 -0.47889127
v -17.80049398 -29.74271618 -0.35604369
v -18.28661611 -39.49656142 -0.49436303
v -20.40076711 -41.63755264 -0.54914173
v -18.12560537 -41.44294205 -0.57450187
v -22.27353933 -41.79822771 -0.65496141
v -20.46006277 -44.59299700 -0.67389711
v -16.18657949 -44.62500989 -0.40419801
v -17.26778677 -40.64625015 -0.57175542
v -20.15749624 -45.71140519 -0.60724654
v -20.50242117 -43.61301653 -0.67173052
v -22.33503225 -44.74852984 -0.72052794
v -20.87150076 -45.12795488 -0.68390679
v -21.80758169 -42.68775407 -0.61020723
v -23.90133169 -40.03664629 -0.66909133
v -20.71105459 -43.67997210 -0.67801713
v -21.24253347 -41.73723831 -0.55989916
v -16.64588430 -40.54421463 -0.54923346
v -18.52976492 -40.92519608 -0.55687805
v -24.39214590 -42.10743182 -0.71836163
v -20.21654775 -41.55248489 -0.54325185
v -20.48266103 -39.54061356 -0.59635277
v -14.42129019 -42.92598952 -0.49565947
v -25.45804861 -50.73595662 -0.82710961
v -21.49640920 -49.61707538 -0.73763225
v -22.22378042 -47.04137652 -0.71039573
v -22.88326528 -44.50475543 -0.71762881
v -25.89402273 -47.79566426 -0.86313609
v -25.04171255 -49.49595112 -0.80771589
v -20.45862844 -47.37665787 -0.56597124
v -23.45545461 -43.77718584 -0.66626785
v -23.20678213 -45.66205829 -0.75733199
v -19.86999014 -40.82169570 -0.52854250
v -19.68349722 -41.83300247 -0.57645493
v -20.21528890 -36.94941177 -0.55109562
v -17.03039816 -33.06058729 -0.44968634
v -19.40056112 -32.76661146 -0.41681896
v -17.55742147 -37.27979507 -0.50153502
v -18.48199728 -32.74885023 -0.41572033
v -20.64428976 -37.04705276 -0.55304873
v -16.10875204 -36.22716750 -0.46674515
v -19.58661154 -38.59728470 -0.55925880
v -22.28250387 -35.47138442 -0.52002897
v -20.79915121 -36.28078689 -0.52346206
v -20.77247884 -37.37320938 -0.55718381
v -19.02934530 -33.79133070 -0.46535700
v -22.00044515 -37.81441727 -0.57637929
v -17.44389608 -37.74332656 -0.50519705
v -24.33354452 -37.09133378 -0.60042726
v -17.31219747 -32.03708875 -0.42824791
v -19.60286215 -35.47956313 -0.49976529
v -15.78987386 -33.30105055 -0.43035342
v -18.41693380 -36.46459426 -0.51127026
v -16.63734701 -31.52025831 -0.41553742
v -16.72777059 -36.32387770 -0.47193312
v -20.78834799 -33.47410047 -0.42972778
v -21.26474264 -37.62624588 -0.56852105
v -17.92228964 -33.80179823 -0.46683710
v -17.10965231 -38.10543288 -0.49387497
v -16.63357809 -33.95017470 -0.45157829
v -21.78818777 -44.88157123 -0.72974423
v -19.48929861 -40.69053115 -0.52149296
v -23.01276663 -43.07987443 -0.63924465
v -18.36335256 -42.34728471 -0.60237953
v -12.87875631 -38.99415052 -0.42086152
v -15.77739217 -37.85747755 -0.40926503
v -17.38862875 -38.91741408 -0.46065646
v -16.81321981 -37.45063246 -0.46274715
v -13.37985494 -38.16626966 -0.43633407
v -15.13178518 -42.05686415 -0.48163678
v -12.50415304 -38.89403760 -0.41175204
v -16.76548269 -40.69913711 -0.55051518
v -14.73433187 -37.04334485 -0.37642825
v -18.29395559 -39.43270339 -0.48319360
v -15.66130331 -36.27482069 -0.43354202
v -15.53593710 -37.79961622 -0.40743398
v -17.81971243 -39.20633925 -0.47065092
v -21.50431326 -40.46396867 -0.62835030
v -16.98842123 -37.20339430 -0.47309265
v -17.28466299 -40.74352493 -0.54857730
v -13.32916525 -39.16356887 -0.47812773
v -17.90523794 -39.19152297 -0.47959257
v -14.34517172 -36.63891064 -0.35863656
v -18.86633566 -36.79473343 -0.54313056
v -11.43907430 -36.57895887 -0.39310618
v -9.24667623 -32.96456370 -0.24300606
v -12.77998617 -35.30703198 -0.33434479
v -7.91673544 -34.22475658 -0.31066333
v -9.78467062 -38.15165173 -0.32036728
v -6.93988302 -35.15481028 -0.25699801
v -8.94002035 -32.72794566 -0.24527966
v -12.38662985 -35.20789562 -0.32273287
v -8.53549459 -33.16021190 -0.25840215
v -14.48497274 -32.95531690 -0.41126473
v -9.50638082 -32.29456554 -0.27245563
v -12.69798544 -29.73116528 -0.34374511
v -15.25940206 -32.92194593 -0.42675240
v -18.47090414 -37.29305496 -0.52564390
v -22.62359884 -37.64432755 -0.58689263
v -13.81006124 -30.56096875 -0.36066697
v -12.87738302 -28.84299694 -0.34223464
v -13.53001669 -33.28446424 -0.39156558
v -11.27084615 -29.92359386 -0.30935177
v -16.09620931 -30.89812696 -0.39702861
v -12.10174825 -30.04900585 -0.33663446
v -12.95424154 -26.05338512 -0.29859495
v -16.95158651 -26.90371167 -0.35261093
v -22.90233877 -47.94503253 -0.73226143
v -20.97327688 -46.69692460 -0.62773893
v -20.29510000 -47.60012284 -0.60134108
v -23.77578237 -45.60714191 -0.75684372
v -21.65447500 -41.84047929 -0.63042527
v -25.67345693 -41.17713397 -0.70610897
v -26.03507498 -43.37066120 -0.77759604
v -24.55222585 -45.15903704 -0.70609306
v -21.01513174 -45.41517107 -0.68044300
v -22.82810476 -41.26070635 -0.67577448
v -22.65755727 -42.38109818 -0.61454078
v -24.19518545 -46.61445087 -0.79286956
v -20.77266958 -44.16779558 -0.68755379
v -22.50489309 -48.22196429 -0.72272464
v -19.66103628 -45.22577897 -0.60500357
v -22.69062307 -45.97431415 -0.74040995
v -25.56496694 -42.89266437 -0.75757659
v -25.50234487 -45.37652057 -0.72553272
v -26.81038931 -44.40012592 -0.79459416
v -26.06908682 -45.46503680 -0.72684497
v -22.65272024 -43.07284013 -0.64215908
v -22.89693716 -47.45186847 -0.73664078
v -26.94553640 -49.89402242 -0.87692969
v -22.77645376 -49.66309589 -0.76453349
v -27.01424673 -48.63616415 -0.90726437
v -23.00512197 -45.49080890 -0.74422472
v -26.21258047 -48.06209798 -0.87799811
v -22.61445120 -45.65519183 -0.73828903
v -26.66694143 -48.40296407 -0.89252442
v -25.20937612 -39.21744768 -0.65172696
v -25.32715872 -39.67191547 -0.78611105
v -25.53171804 -40.43801348 -0.67319588
v -14.60864523 -32.30449903 -0.40476459
v -16.29945638 -27.78016125 -0.36696931
v -18.41404989 -26.60328136 -0.29670277
v -18.53207662 -31.22887647 -0.38386022
v -16.82860067 -32.17708814 -0.43125387
v -25.87035635 -40.81844561 -0.68862246
v -23.39766958 -42.00481646 -0.68831709
v -26.33550527 -45.19332354 -0.72640250
v -19.19444540 -28.03992687 -0.32404629
v -20.22764852 -32.09186780 -0.41086814
v -12.75226095 -37.86902845 -0.41977833
v -16.92698934 -38.42969740 -0.43828715
v -21.77449300 -36.75373306 -0.53258674
v -21.25004842 -32.53664625 -0.43110122
v -21.95891073 -35.11934890 -0.50130649
v -24.31389883 -39.19545976 -0.63466764
v -24.94908407 -37.93046037 -0.62540576
v -22.97767904 -35.37490310 -0.52590362
v -21.39425161 -39.32541886 -0.60662197
v -25.45754507 -45.62989276 -0.73296371
v -18.95311239 -30.67496716 -0.36937972
v -21.57960775 -33.83756483 -0.46343438
v -11.24273946 -34.81788097 -0.30291176
v -14.91447714 -35.21341932 -0.41925997
v -7.23894003 -30.71325144 -0.19678755
v -11.17120626 -29.17028270 -0.29912850
v -12.71354940 -33.10415112 -0.36857061
v -11.24304464 -30.61863170 -0.31426499
v -15.14595297 -31.65220106 -0.40413909
v -14.10968282 -35.55802381 -0.39861477
v -14.35678365 -38.81919325 -0.46500523
v -13.91717031 -40.36847914 -0.43979746
v -10.83394125 -36.14354932 -0.38004473
v -11.07721212 -35.28640209 -0.33506196
v -15.04010275 -36.40375744 -0.35892652
v -11.86130026 -34.57801281 -0.30405621
v -14.94830587 -37.26810681 -0.37545165
v -10.50187948 -36.13610303 -0.38347796
v -13.55530050 -38.86356581 -0.45673496
v -9.17300680 -37.66446910 -0.26192619
v -14.40252950 -36.76453625 -0.36249702
v -11.65510824 -32.97294079 -0.33429939
v -15.36589315 -34.96285475 -0.43409155
v -11.01150778 -34.17692027 -0.28766834
v -13.37848165 -38.67074049 -0.44657263
v -15.87295797 -37.80619275 -0.40422964
v -12.52812460 -34.67713390 -0.31643107
v -16.48041036 -36.10521925 -0.46914080
v -16.45430258 -37.14759291 -0.44930421
v -20.41707113 -37.87864152 -0.59049366
v -20.89434316 -40.34133378 -0.60094553
v -18.64885214 -38.89013137 -0.50743991
v -19.94891622 -39.03585282 -0.57354096
v -18.39427450 -34.82297744 -0.49241066
v -21.09865072 -38.08237686 -0.57775254
v -16.49760702 -36.39734877 -0.46857618
v -15.13830831 -37.52695691 -0.38416437
v -18.80146291 -39.98989333 -0.50551712
v -18.99408224 -37.94303360 -0.54128406
v -13.95645406 -34.63030469 -0.39458660
v -18.13299825 -33.76764906 -0.47413081
v -15.86718252 -39.19611586 -0.47907377
v -14.18196371 -38.77094496 -0.46018346
v -16.16578939 -38.01174390 -0.41321703
v -12.44598654 -35.44315563 -0.32462492
v -16.90803793 -35.09162368 -0.48487278
v -12.79625204 -34.05086743 -0.35576833
v -16.32424429 -39.74794997 -0.51232258
v -12.57467916 -37.53805006 -0.41307978
v -16.65742758 -38.32848585 -0.42693463
v -16.37687948 -36.28716505 -0.46586013
v -14.01016500 -36.40941845 -0.35541700
v -15.75880697 -35.30719984 -0.44661896
v -15.90665701 -40.04377212 -0.51909744
v -12.30342367 -37.48316419 -0.41036372
v -11.76410177 -36.79717481 -0.38965766
v -9.66758993 -36.67945325 -0.36228341
v -12.26038625 -40.35392223 -0.33268076
v -10.74991110 -32.47762523 -0.31125870
v -10.21173361 -34.51902232 -0.27033430
v -15.06057241 -40.05433120 -0.50389968
v -11.10638693 -38.62459790 -0.37272010
v -16.39388540 -40.05512466 -0.52590285
v -12.18020132 -39.48900831 -0.40377160
v -12.47937277 -37.24508130 -0.40143737
v -16.61976888 -38.36399305 -0.43094768
v -14.56842306 -36.81026684 -0.36492316
v -15.11270406 -35.60280836 -0.41550624
v -12.74209860 -35.28005444 -0.33652680
v -16.95108297 -35.84430922 -0.49244102
v -17.94049337 -38.76311720 -0.47179540
v -14.49163320 -40.93659438 -0.47492310
v -12.27675131 -38.80080640 -0.39847691
v -13.01033285 -35.69295727 -0.33347498
v -17.27173116 -35.70723952 -0.50985132
v -13.22563436 -34.76194226 -0.35827066
v -10.46548727 -33.98621593 -0.27741446
v -8.78138998 -34.64083324 -0.32383159
v -26.57470205 -46.77811665 -0.78867336
v -11.74841573 -38.16315687 -0.42028182
v -16.61085775 -38.43572462 -0.42928447
v -14.33432272 -36.45176160 -0.36298535
v -14.82306173 -38.79993666 -0.46071751
v -17.84481313 -40.78034439 -0.54737185
v -13.12341573 -30.65142285 -0.36901352
v -9.47732809 -25.86983713 -0.21502260
v -13.69247701 -26.43543468 -0.30321831
v -8.90909078 -30.08423838 -0.24524957
v -9.93199423 -32.31275401 -0.27982562
v -14.83574178 -28.59618603 -0.35027606
v -20.40729025 -30.18332898 -0.37259941
v -23.25948599 -45.81400531 -0.76178754
v -24.40539053 -45.04662554 -0.71198297
v -26.58976248 -46.50321430 -0.76619721
v -20.55775717 -38.51944962 -0.58457315
v -16.38686636 -39.31241836 -0.49970363
v -19.72566488 -33.47890699 -0.42846130
v -21.13038900 -37.25040665 -0.55574950
v -16.90872457 -37.77552260 -0.48465872
v -17.67061117 -33.39449538 -0.45920777
v -20.60814169 -33.03185499 -0.42038947
v -16.38667562 -33.55384291 -0.44407103
v -11.61928060 -36.02837598 -0.37069111
v -11.40550497 -30.08284984 -0.31196100
v -12.07106283 -35.48362194 -0.31235685
v -17.18464163 -43.48449173 -0.55953267
v -29.88213613 -49.95255516 -0.99559729
v -30.97098806 -50.47881553 -0.96703275
v -30.45577505 -52.52556844 -0.85788630
v -29.19617727 -52.08312459 -0.87543398
v -28.78280142 -52.11532064 -0.91351991
v -27.17344167 -49.33825155 -0.90787461
v -28.81046560 -47.95678182 -0.85311104
v -27.07863882 -48.08825155 -0.86823248
v -30.15627554 -49.99877403 -0.99646703
v -31.21081045 -47.76789329 -0.98430614
v -32.80962637 -51.08254476 -0.87119219
v -31.02532461 -49.20975730 -1.00147204
v -34.32390859 -50.79455037 -0.85839012
v -33.53266409 -46.61951680 -0.85691070
v -30.38920095 -47.21825644 -0.95662678
v -29.82195547 -49.85552452 -0.99355262
v -29.36823538 -47.41019674 -0.86382280
v -31.72345998 -44.05571981 -0.86374705
v -33.40584829 -47.28147359 -0.87888324
v -31.26653555 -48.32638023 -0.98691530
v -28.93847158 -49.87688681 -0.95912879
v -25.51256826 -49.41245503 -0.83133651
v -26.11023977 -48.00608297 -0.86952949
v -29.36835745 -51.05373618 -0.94101642
v -28.81536367 -50.82409141 -0.99431541
v -31.81450918 -48.30991599 -0.99394960
v -28.86361196 -45.41071554 -0.87700672
v -29.55590322 -44.94404073 -0.87751033
v -33.67566946 -49.46106954 -0.88074446
v -35.40066030 -45.78689046 -0.87584699
v -33.73980215 -48.98012777 -0.88048514
v -36.17302969 -49.23732992 -0.87828783
v -33.78296926 -52.76108785 -0.87038321
v -31.33530691 -48.79383323 -0.99207269
v -32.22368887 -51.70250936 -0.87348091
v -32.27062490 -51.45923849 -0.87778393
v -33.87389639 -53.57163473 -0.87291603
v -29.89838674 -52.77898641 -0.87299246
v -27.11382559 -46.83809894 -0.78420253
v -27.17934683 -45.71969074 -0.78639998
v -29.70850637 -49.72129295 -0.98146769
v -29.08510854 -48.23516317 -0.87323734
v -29.05831411 -45.42489095 -0.89225025
v -26.06374624 -41.36429827 -0.70668877
v -30.03052786 -42.86893696 -0.77681792
v -27.28074148 -46.47809833 -0.77564241
v -27.23412588 -48.74540182 -0.90297663
v -26.19872549 -47.19750447 -0.81728353
v -30.15107229 -51.58693930 -0.92523874
v -30.38041189 -49.79049156 -0.99784035
v -30.93509939 -51.77425619 -0.90303717
v -30.35261038 -51.62697836 -0.90325082
v -31.60668447 -50.90339133 -0.93752218
v -30.41894033 -49.74523399 -0.99111124
v -30.75557974 -46.72835776 -0.96155545
v -31.44863394 -48.58082054 -0.98833433
v -28.69375112 -51.49787374 -0.89115062
v -28.68747976 -52.08333822 -0.92093568
v -26.50944021 -51.52688070 -0.87056651
v -27.12594106 -49.08361288 -0.90140492
v -27.50524404 -47.58751912 -0.83383925
v -28.80927541 -47.91530843 -0.84970834
v -28.32084158 -49.52546164 -0.93819379
v -27.43610647 -51.76868673 -0.89673530
v -26.78032949 -48.59002157 -0.89282956
v -29.39489248 -47.02152486 -0.86963646
v -28.86348989 -47.91816182 -0.85352303
v -26.57978323 -47.59029622 -0.83747084
v -30.07389333 -49.39855430 -0.98451950
v -29.26412466 -46.47567220 -0.89142610
v -28.85959890 -47.81897969 -0.84545115
v -27.14940908 -45.56673664 -0.76630418
v -30.52906301 -48.31157920 -0.96941347
v -30.07903555 -46.80221030 -0.93560024
v -28.53380850 -44.98217244 -0.86861445
v -29.65185049 -46.38102194 -0.91114047
v -26.79557302 -46.36176532 -0.76120761
v -25.19977834 -47.62229390 -0.84833509
v -27.74933889 -49.23559042 -0.91980700
v -27.84998586 -50.95324179 -0.91866231
v -28.85232046 -47.91181416 -0.85021188
v -29.32462576 -49.78226707 -0.97757668
v -26.03112295 -47.98861165 -0.86916328
v -28.37688711 -51.38108297 -0.91654127
v -25.44462087 -50.75532002 -0.82903221
v -28.50388601 -49.52688071 -0.94269513
v -29.43894460 -51.60332724 -0.91556467
v -27.28255727 -48.96816488 -0.90702018
v -29.67876699 -50.81168601 -0.95809104
v -26.83046987 -50.74235006 -0.87853173
v -29.83532217 -47.13717123 -0.91382589
v -28.83268240 -47.96607442 -0.85349251
v -31.18734243 -48.30892417 -0.98133059
v -30.06768301 -46.92225119 -0.92909998
v -31.01586416 -47.20159384 -0.95146932
v -30.28553274 -47.60944601 -0.92095167
v -28.42820242 -47.21563191 -0.81514729
v -31.99138906 -47.67882773 -0.96453076
v -27.87458303 -46.63883442 -0.80890654
v -29.75374868 -51.49968956 -1.03299633
v -29.17696645 -51.33857200 -1.00182265
v -29.58552053 -51.32345053 -0.94657057
v -28.69350698 -50.54979941 -0.95363552
v -31.53095510 -51.90061422 -0.88515385
v -27.39882925 -52.22197958 -0.91277221
v -30.00116995 -47.72970054 -0.96514111
v -32.65389517 -46.84748312 -0.88718410
v -30.26432302 -50.37377403 -0.98297820
v -34.67197683 -49.59514852 -0.85916851
v -30.69684866 -48.80176781 -1.01744806
v -30.38900259 -50.33921287 -0.98052154
v -28.52572134 -46.83593220 -0.82706447
v -24.55938223 -45.33191913 -0.72667714
v -24.91094473 -44.40543597 -0.69736516
v -25.41939810 -43.05886310 -0.75783596
v -28.44803884 -50.57091757 -0.91287929
v -65.31989172 102.93841435 -40.58732752
v -63.67038610 105.12705866 -41.15121642
v -64.92716100 105.46377433 -41.37770268
v -62.59589269 102.38931186 -38.75203080
v -61.22522619 101.91526708 -38.61604439
v -60.84824255 102.50460706 -40.05758807
v -71.76615026 102.50404259 -39.42033526
v -76.63699987 102.03507891 -39.76095713
v -76.45967748 100.24201097 -39.81030376
v -65.95978430 102.66316131 -38.97500753
v -67.86606481 103.44225981 -39.07078707
v -66.42832067 101.51113799 -39.03411989
v -64.57443884 102.52476411 -38.88713214
v -67.89417150 101.86871243 -39.13485847
v -68.46179846 101.19509792 -39.18657040
v -66.11228063 103.87840180 -38.93095560
v -75.02030065 102.11739984 -41.23330822
v -74.46066930 101.83729449 -39.74250922
v -73.77056005 102.24752680 -41.15329115
v -76.27576330 101.98303093 -41.31242502
v -76.66385534 101.31783951 -39.89013792
v -73.58771398 102.47309748 -41.18737932
v -77.86026647 103.44016889 -41.90455782
v -77.91441992 102.83558518 -41.72020104
v -78.34650305 102.92854203 -39.85125879
v -73.83112219 99.99252217 -39.62155250
v -75.68367651 102.76510517 -39.65709067
v -70.01944616 102.07464478 -40.77891673
v -70.64209631 101.93817040 -39.40857064
v -70.24878576 101.38333032 -39.33224609
v -65.49634435 102.39472846 -40.43336625
v -70.01228979 105.04489000 -41.68548765
v -70.26572302 103.38197199 -41.17118989
v -70.69122961 101.43563745 -39.36921814
v -60.28256872 104.14475896 -40.53871321
v -62.52667883 103.00936775 -40.36578517
v -70.83780554 103.70625209 -39.26388709
v -69.66428259 104.20748806 -39.16603256
v -63.64633825 102.47921639 -40.30627581
v -62.91815832 102.48495394 -38.80943438
v -64.03111913 101.82405001 -38.84594855
v -65.89748266 102.67152287 -40.55694722
v -65.74487951 102.39353850 -39.03369279
v -66.28458288 102.10516264 -39.05267467
v -65.69318273 100.96060089 -38.98230095
v -65.04843786 105.31704582 -41.33741946
v -69.00681188 105.76363997 -41.84031870
v -69.06598547 101.24616908 -39.23693967
v -67.95705297 102.06420803 -39.16871776
v -69.13922765 101.97386050 -40.67753732
v -70.39951208 102.54533263 -40.93054340
v -77.52789953 101.84431326 -41.38586555
v -76.96680334 101.55296218 -39.95964174
v -68.42539098 102.75547669 -40.81538535
v -75.39246252 106.26185457 -42.58192645
v -76.65149572 106.12632600 -42.65440567
v -77.22363928 105.47785801 -42.49284551
v -72.33934667 103.89713917 -41.52897806
v -66.57948950 102.11811736 -39.03549328
v -68.38776281 104.35983183 -39.06439379
v -71.47086218 102.44171044 -39.38162370
v -64.45265844 104.93577488 -38.74604977
v -64.70691564 103.40116793 -38.84868013
v -63.81778600 104.28050144 -38.72328355
v -66.11308935 101.99380401 -39.00880564
v -71.17148473 104.74496364 -39.21595940
v -67.19129064 104.15710357 -38.98927474
v -66.30960729 104.02908234 -38.93837140
v -71.76319006 101.41729637 -39.45602539
v -68.85597875 102.39640713 -39.18104691
v -67.31426122 100.80444242 -39.10699575
v -69.07471349 106.00244049 -38.99009901
v -67.27542761 107.74513157 -38.74327312
v -71.71771887 100.73876853 -39.46014515
v -70.13828161 103.67407131 -39.22085730
v -70.12152746 104.97686673 -39.14212216
v -86.17659643 112.27076607 -40.32789911
v -89.71549108 110.42423894 -40.51607019
v -85.03458288 111.66287119 -40.22758773
v -89.51427343 109.65605049 -40.39677685
v -88.99402502 108.03478895 -40.04808274
v -92.23702123 109.30190920 -40.73033393
v -91.61405065 109.86991761 -40.76527664
v -93.07475927 110.41212342 -40.78927881
v -79.15720251 102.32668960 -39.93528884
v -80.12753942 100.56709943 -40.07690538
v -91.33426550 109.20992924 -40.60446416
v -89.37088659 110.61604192 -40.51730619
v -84.02077368 108.63394061 -39.73195125
v -84.35709264 109.62135209 -39.81956738
v -91.22075536 113.91911197 -40.65451375
v -87.90196874 112.70886115 -40.44206544
v -87.78569677 113.92161444 -40.44499532
v -79.35472753 103.25605668 -39.86805877
v -90.47067907 109.20092658 -40.45198308
v -88.07440832 111.60941962 -40.43022444
v -89.91077306 110.99433781 -40.57207004
v -79.90715673 101.83267103 -39.99362311
v -88.70853307 107.18066298 -39.97743441
v -92.39696386 113.46929812 -40.71245130
v -92.83060339 113.08695863 -40.73402717
v -88.47278478 106.46815382 -39.98878683
v -85.24980810 107.56558122 -39.82666238
v -90.44342687 114.19734073 -40.62007471
v -89.56923559 109.07446175 -40.32866152
v -88.25781896 108.97027477 -40.13295228
v -88.08511999 110.78187446 -40.38373077
v -76.57657507 104.09020894 -39.61853193
v -77.76288488 104.81281897 -42.32606684
v -83.81552770 108.03790179 -39.73678819
v -61.86418798 99.85143956 -38.67056371
v -72.35365942 99.98163504 -39.51236061
v -66.36890295 97.53136351 -39.05758726
v -67.82553747 98.10139370 -39.16728278
v -69.30243566 92.99038217 -39.32214340
v -66.54572180 96.68521788 -39.07273910
v -69.65105322 93.84941003 -39.35545348
v -70.95928076 99.73268792 -39.40318393
v -66.99933508 99.15250303 -39.09457483
v -65.09317663 97.59767822 -38.95054686
v -63.44028356 101.48345858 -38.79866151
v -62.43857458 100.59572514 -38.71809496
v -68.74428442 91.78432751 -39.19052089
v -64.14964941 92.36859806 -38.71168493
v -64.69266393 94.73578934 -38.92688001
v -65.36154821 96.23675064 -38.97854652
v -67.11899450 93.90041257 -39.14787292
v -62.12283972 94.25669774 -38.66616827
v -61.88495519 96.03292760 -38.67176853
v -62.44605138 92.04994881 -38.49797027
v -67.21155431 93.11658002 -39.10179125
v -67.40073278 91.83767989 -39.04634060
v -69.94339636 101.63563440 -39.30418522
v -72.83838537 96.85444158 -39.58851671
v -67.49936559 97.35138608 -39.14738520
v -63.44869116 91.28954993 -38.58866839
v -70.30080297 101.39881799 -39.33914306
v -70.05502966 95.88291451 -39.37013276
v -73.41007116 99.61521047 -39.58955476
v -73.73906591 98.39595692 -39.63681103
v -69.34903600 100.19158076 -39.27002055
v -76.24777868 98.02879227 -39.84642096
v -75.27463415 97.22418108 -39.77694756
v -71.44562414 99.24504753 -39.44886866
v -68.20528295 90.56312467 -39.08962958
v -66.73285558 96.70340254 -39.09555099
v -71.28362158 97.59484764 -39.45622313
v -75.61151769 92.93545044 -39.91761764
v -74.77847936 94.44765748 -39.81053170
v -76.41513708 95.14365661 -39.93826314
v -63.73996618 92.52083501 -38.67329384
v -64.31894567 93.83751207 -38.84806822
v -74.24030187 92.28595629 -39.76008579
v -79.16780737 90.93620571 -40.11271619
v -75.48966100 89.38064471 -39.72018359
v -70.19118383 95.06775567 -39.39065570
v -79.11615637 93.39690670 -40.11558524
v -79.65021398 92.13166317 -40.14787263
v -78.09099462 95.85286603 -40.05589326
v -78.77657201 94.21413692 -40.15560918
v -77.88065222 97.25416075 -39.99386651
v -99.95793798 102.72329597 -40.37371969
v -100.39220312 102.74976997 -40.38090659
v -100.55603674 101.44436531 -40.38513306
v -100.69873693 100.48694495 -40.43217575
v -98.35214880 102.54389840 -40.33918903
v -105.61351659 104.51272467 -40.46339589
v -106.47177770 102.76656988 -40.46417380
v -103.46202734 101.94601325 -40.42285287
v -103.02736547 103.44404486 -40.45408785
v -102.79633215 104.45927313 -40.49243336
v -102.56703832 105.30149723 -40.58290285
v -102.35382726 106.20194888 -40.67996416
v -103.54083898 107.04348636 -40.64335846
v -105.12050512 107.34611393 -40.57827977
v -105.89475134 106.88172795 -40.56714078
v -107.22003820 106.00762823 -40.49218947
v -104.35109594 107.25044132 -40.60389926
v -102.66223791 106.74784731 -40.68609828
v -99.08617284 100.95841864 -40.43028374
v -98.12061193 102.47050362 -40.33784624
v -100.31326940 100.66749457 -40.41786304
v -97.62937048 103.16299325 -40.31550749
v -98.79917028 103.66734200 -40.35113684
v -99.62355688 105.83465457 -40.65861705
v -100.38774755 106.34351993 -40.65818989
v -100.95436743 104.53971747 -40.47468740
v -103.00020483 103.83309820 -40.46740884
v -101.01404455 101.06962471 -40.38752863
v -98.74082067 105.30009343 -40.53196902
v -96.94785192 104.28475839 -40.31285264
v -98.07637670 104.87531928 -40.44879329
v -95.69705847 100.76957587 -40.43301503
v -95.53818395 102.25089912 -40.37271254
v -96.98532751 102.42707710 -40.35839982
v -96.74788549 103.64659005 -40.30577246
v -97.08652380 103.38647348 -40.29446565
v -96.48660925 103.42802316 -40.28294527
v -102.23787573 106.63081240 -40.71280114
v -107.63286474 105.37115362 -40.47935672
v -103.70786169 102.69879035 -40.44012594
v -102.48183325 104.50340154 -40.51428395
v -95.18671301 102.08036690 -40.37487926
v -98.46440771 102.10464363 -40.36305370
v -99.67807653 100.90960578 -40.42474479
v -101.12114599 106.86840699 -40.76910611
v -101.53766515 106.00216555 -40.67816359
v -111.95001867 78.87238574 -40.66340392
v -106.44165685 77.90982316 -40.77496077
v -107.29765966 80.44476578 -40.80956812
v -104.43109777 97.02376821 -40.54179433
v -103.60967138 98.96569708 -40.46701132
v -106.60028722 97.08639410 -40.49380545
v -104.42061498 99.27974585 -40.46206752
v -108.12555578 100.82607916 -40.48526113
v -107.48219946 96.75852087 -40.48948716
v -107.58649328 95.93932607 -40.50450167
v -107.70621374 94.60494877 -40.56855785
v -100.06911352 101.12806587 -40.40559504
v -100.49661901 100.99923591 -40.39643975
v -101.37465551 100.68647651 -40.39921680
v -101.85782507 78.95203274 -41.03127808
v -102.20970800 79.77143736 -40.95220717
v -104.34337499 79.14745590 -40.84574649
v -105.92085912 101.33598212 -40.46258666
v -107.54727819 96.31923940 -40.50241128
v -103.41922643 99.29572943 -40.45190517
v -110.66231420 75.07189442 -40.59592893
v -109.12486913 75.28307605 -40.64838869
v -100.87712743 98.81078985 -40.49314960
v -96.01404455 98.16151311 -40.56088326
v -104.75124243 99.68541602 -40.45329378
v -104.31889990 98.21887091 -40.49107431
v -103.76340368 99.15726355 -40.45466699
v -107.23955419 99.46109655 -40.48610014
v -102.35890844 99.06438330 -40.46987999
v -103.68183019 94.23659014 -40.68420415
v -98.91394689 97.28061177 -40.57133538
v -103.35095861 95.00964236 -40.64854449
v -100.36008337 95.91726184 -40.62500032
v -98.79717138 81.83674497 -41.00810045
v -103.26273229 79.67585631 -40.88436657
v -102.28011205 78.17094678 -41.02729541
v -97.89465978 97.83464695 -40.57011477
v -111.58803442 86.41299320 -40.59443542
v -110.46227148 84.85256074 -40.75689549
v -110.48662451 87.25947070 -40.63993727
v -110.74257543 82.39426682 -40.77309993
v -112.68881872 81.66013216 -40.69126692
v -109.03778722 81.43137620 -40.79562174
v -108.69937780 82.42883942 -40.82678035
v -104.72035864 85.32032271 -40.91642621
v -106.67764929 88.01018020 -40.87724208
v -96.55237463 97.45905948 -40.61315975
v -99.08316686 97.70748784 -40.55223145
v -109.61481359 74.61920429 -40.63982840
v -102.49037817 80.54757186 -40.89033290
v -102.81873205 81.38916655 -40.89330850
v -103.97554662 81.89414474 -40.88453478
v -102.14005163 98.24655797 -40.50914072
v -104.69864538 95.14821125 -40.62553426
v -109.04379919 97.54106786 -40.49656736
v -107.67113378 75.28189346 -40.84022218
v -109.54120519 89.66290546 -40.62995841
v -111.12796667 85.97807193 -40.64219536
v -108.31084326 87.15410111 -40.82018933
v -106.29250219 88.30354186 -40.87921051
v -109.09418371 84.13983032 -40.82969506
v -106.09158972 85.31987639 -40.89791730
v -101.48509863 79.97230024 -40.98248064
v -101.61893347 80.39090986 -40.94845360
v -103.66551855 79.33476134 -40.88021613
v -104.46523168 79.01817963 -40.83680482
v -101.83756139 81.20020552 -40.90366919
v -103.71590307 84.36880370 -40.91497647
v -107.56572607 83.21680328 -40.84911935
v -106.86690405 80.87080261 -40.82499482
v -102.60256078 83.76875182 -40.91454913
v -101.00639990 81.13231154 -40.91833288
v -103.40648534 85.35530348 -40.92465070
v -105.70944860 79.46491501 -40.82066110
v -104.08705785 79.31900665 -40.84519720
v -105.25427892 78.65387604 -40.81425227
v -107.28812292 80.90407822 -40.81974580
v -103.38527563 81.89613601 -40.89306445
v -105.62831762 86.40152999 -40.91288635
v -97.16454199 82.75699872 -40.99056825
v -95.85915258 83.08125563 -40.95385565
v -96.31789282 84.82932157 -40.95045323
v -97.90175512 87.64888258 -40.93524068
v -101.83040502 86.67537565 -40.93897892
v -96.83963659 86.99213286 -40.92373544
v -102.06601598 82.26986953 -40.90749932
v -100.75603368 82.03501769 -40.92034718
v -101.35213354 86.22649641 -40.94059628
v -96.76439550 84.10373182 -40.95582420
v -98.23181799 86.57656737 -40.93652224
v -100.31290319 86.94819517 -40.93923836
v -98.48714330 81.82462186 -41.00839036
v -95.20561865 84.91131468 -40.95683142
v -99.90555456 83.45145293 -40.93520947
v -99.36254003 81.56337613 -40.99128522
v -95.78923681 86.80990477 -40.91602972
v -96.89559057 87.40212508 -40.92828263
v -100.74599340 86.23205824 -40.93887204
v -95.23787573 82.46269484 -40.92048458
v -94.90010717 84.89605589 -40.94837804
v -97.85616186 81.87007779 -41.00770372
v -100.67615392 81.94321318 -40.92742725
v -108.70715978 82.87998459 -40.82607852
v -108.36907079 81.54851792 -40.80918683
v -109.07065466 84.31704590 -40.82748256
v -100.27757909 86.36370344 -40.94216796
v -99.67833593 83.72772093 -40.93537737
v -95.49011877 87.46227523 -40.90733232
v -102.47275427 81.12730285 -40.88612157
v -102.63738134 80.34788772 -40.88839500
v -101.90300634 79.33053846 -40.99831915
v -98.77025488 81.70791120 -41.00764266
v -99.50955847 82.89954252 -40.94502079
v -97.11397436 83.48562116 -40.99394056
v -98.85246923 83.76100798 -40.93926836
v -95.14293554 82.54038497 -40.91821104
v -94.87700536 84.95765181 -40.94755408
v -97.74584081 81.86146039 -41.00776476
v -107.51959875 76.68521379 -40.71781640
v -107.11763647 76.70700334 -40.74972254
v -107.03989294 77.09518312 -40.74001801
v -98.64765051 81.67255277 -41.01228133
v -99.59796789 83.56545515 -40.94293044
v -111.89656713 77.90313983 -40.64439131
v -106.90021398 83.36498138 -40.86167736
v -107.23473242 82.14846680 -40.83859061
v -99.72653845 83.26262923 -40.93473642
v -100.81093481 84.96490355 -40.93827674
v -104.19837072 82.78391524 -40.89338502
v -109.38384130 72.62702438 -40.85207783
v -107.44486120 75.07734938 -40.90049437
v -110.36176183 72.65783570 -40.81049763
v -107.30136755 74.18949385 -40.92289412
v -110.68271520 74.02324940 -40.57934246
v -108.22299841 83.78342697 -40.84345843
v -110.67398718 84.82555650 -40.74235386
v -112.54863622 77.24884296 -40.61082187
v -109.53537634 75.02611804 -40.62914731
v -107.66962316 77.74696611 -40.73966716
v -110.42883947 71.98547623 -40.82227731
v -107.16525915 74.75939436 -40.94270012
v -110.76070287 72.19960282 -40.80970410
v -107.74587133 74.02350112 -40.91161785
v -107.97075536 74.55344650 -40.87582082
v -108.83837011 73.49391814 -40.88599826
v -107.71845129 80.42593262 -40.80129785
v -106.54827001 77.42130540 -40.76228064
v -106.26784399 77.33967850 -40.78689305
v -107.78313329 76.39923357 -40.71387959
v -108.32402685 77.97619890 -40.73038986
v -112.93785742 76.31051899 -40.57606219
v -105.95479467 95.02616001 -40.60511798
v -105.99483373 75.95255918 -40.95496838
v -105.09947851 76.17403669 -40.97550675
v -107.53052404 76.03834031 -40.76867384
v -111.60303381 81.91328691 -40.73974414
v -97.51079443 80.81611127 -40.97443939
v -97.22603491 82.59079236 -40.99354368
v -101.94039037 84.27605315 -40.92404018
v -97.98792150 83.63527937 -40.96156143
v -94.58153417 83.53332778 -40.91467116
v -105.79347875 75.89240140 -40.98324291
v -101.34805944 77.64528531 -40.99590799
v -94.52141454 83.63217803 -40.91401505
v -103.34970739 79.81217452 -40.86912307
v -102.20055273 80.46026106 -40.91346521
v -96.35214880 86.24276610 -40.92924374
v -97.59255102 82.04210920 -40.99712941
v -94.60079076 82.94544478 -40.90487492
v -111.07419470 76.95131564 -40.63459501
v -107.57901647 76.86423754 -40.72312649
v -106.61490514 73.26098891 -40.90157744
v -107.77718237 73.74603148 -40.90215736
v -109.42995336 73.06426116 -40.86593288
v -109.94617346 74.59820057 -40.60485525
v -107.46864965 75.53884003 -40.82973944
v -109.20607641 74.14392350 -40.78797590
v -110.91689184 73.57760884 -40.58268406
v -106.98499181 83.24614593 -40.85844247
v -105.72664526 86.22502013 -40.90035885
v -105.04427221 87.75707122 -40.91084189
v -100.03136327 79.61598080 -41.02921825
v -98.13883093 80.83362836 -40.99989105
v -99.20296362 81.60816449 -41.00338544
v -95.55792883 87.52973433 -40.90190020
v -100.30695226 86.27596541 -40.94378537
v -106.70450475 81.54940292 -40.84087933
v -103.04004553 80.41864272 -40.88738794
v -100.17906835 82.91894789 -40.92704594
v -101.96179846 83.03780623 -40.91451849
v -107.11118200 88.61969635 -40.81951818
v -108.34931066 88.80604814 -40.72920144
v -99.66821935 99.63185004 -40.46705720
v -112.20516088 77.58280826 -40.62218972
v -110.99350622 77.92357135 -40.66230513
v -103.14031103 79.58774825 -40.89845042
v -102.73515966 78.16813535 -41.01922351
v -99.30423620 82.89370604 -40.94186222
v -102.91347387 82.20663710 -40.90073967
v -97.96370580 82.79728193 -40.99220095
v -98.00649145 82.35528821 -41.00648310
v -100.47266271 78.01523847 -40.99014023
v -98.02745702 81.42019528 -41.02866923
v -103.22571447 78.26346082 -40.98818714
v -99.52422216 96.19030643 -40.63034094
v -102.71713903 95.05292010 -40.65031451
v -109.20180395 95.95408514 -40.49690280
v -108.34523657 95.59682348 -40.49563626
v -109.67963293 97.11998632 -40.49676566
v -107.54099157 95.28026463 -40.54711936
v -98.08310583 81.55526990 -41.00684918
v -97.20702245 81.39856596 -40.97501932
v -96.88870886 83.15776700 -40.99383369
v -99.34175756 81.82017774 -40.99403184
v -98.07445409 82.57966870 -40.99690062
v -106.65248754 73.34969970 -40.89838837
v -108.02101782 77.13733934 -40.71658052
v -96.11301305 97.40177799 -40.63096675
v -108.05979040 85.78744384 -40.85371266
v -107.16426733 72.85491439 -40.87801781
v -109.37793615 85.47679398 -40.81330734
v -104.59184911 86.65574141 -40.91728092
v -106.16625097 78.50928376 -40.79081475
v -94.62563207 98.99430730 -40.50943076
v -93.34055212 100.21681861 -40.42471416
v -95.91026952 97.76421238 -40.59901491
v -95.26283910 98.36071660 -40.55281139
v -96.87200048 96.81500888 -40.66236924
v -113.11713293 78.97820926 -40.63859315
v -115.82915380 74.72951010 -40.46006462
v -110.40994909 78.02057147 -40.68171433
v -112.03787878 73.39253499 -40.51836824
v -114.64195898 79.53253819 -40.57630686
v -115.73685339 77.73166921 -40.50872539
v -116.09532812 76.72617605 -40.48843104
v -111.63051489 82.60105013 -40.73420531
v -113.51143530 78.10286976 -40.60883836
v -108.61598852 82.59567139 -40.82819945
v -113.52022436 77.67840077 -40.59263346
v -109.50713232 77.68555331 -40.69445536
v -108.61560705 78.58322404 -40.73766840
v -113.39447668 79.43478275 -40.64159920
v -117.00070837 75.82950858 -40.43751231
v -115.71332433 73.52446250 -40.43023349
v -114.61360815 79.78138615 -40.57624586
v -118.09014013 77.80506402 -40.32987713
v -115.74939611 79.56766393 -40.49245982
v -113.89670446 78.52336384 -40.60557305
v -113.52272680 79.90691638 -40.63503800
v -115.07486608 79.68535115 -40.54356152
v -112.00693395 80.19187044 -40.69631734
v -115.34775427 74.79085043 -40.47851251
v -110.70160558 76.38057208 -40.62940693
v -116.48862341 78.06463889 -40.45965318
v -115.90099218 76.41716650 -40.49027730
v -115.45812109 79.98305776 -40.49815141
v -116.94776037 79.46224479 -40.38477853
v -116.08296850 78.36731985 -40.48089346
v -117.19711950 77.79410819 -40.39965557
v -117.76209142 76.08562355 -40.38320632
v -113.34546545 83.85694005 -40.56280353
v -113.77680090 83.06859853 -40.55233588
v -114.34209326 82.13061025 -40.53603934
v -113.54651525 80.81667972 -40.64434601
v -111.43656042 75.92860676 -40.60331433
v -118.46391943 73.97062950 -40.34919414
v -114.62457922 72.69099692 -40.43055379
v -114.33914831 77.76818348 -40.57941936
v -113.49725988 73.25580862 -40.47726104
v -114.01813390 80.47926975 -40.61276026
v -113.53383520 82.60303761 -40.59470946
v -113.14366796 80.74023700 -40.66203093
v -118.27405431 74.58069115 -40.34626455
v -117.48839452 76.95233039 -40.38888273
v -116.92403295 78.65129356 -40.40250911
v -111.85364416 73.30352285 -40.52482269
v -111.77878454 72.97761037 -40.52227442
v -112.13959387 73.25373342 -40.51186797
v -112.23296240 77.07004047 -40.61375153
v -113.43363073 69.58719897 -40.69503388
v -115.11601904 68.78681448 -40.47678729
v -114.71607092 67.79393268 -40.60575441
v -114.20725134 66.08773305 -40.54593968
v -109.49671056 67.48515582 -40.67104672
v -108.78195837 69.00690721 -40.73907065
v -106.36661413 69.77289079 -40.74796665
v -106.80672338 71.12099716 -40.82256708
v -110.95717504 70.93372987 -40.78370292
v -109.62251928 67.67560458 -40.67869140
v -108.83510473 67.98726916 -40.69967229
v -111.42444494 71.92859147 -40.74937081
v -113.64000585 68.91172290 -40.66817830
v -111.96602514 69.51497148 -40.72002776
v -113.78815344 69.71541858 -40.62514864
v -114.57332494 70.34183388 -40.36664960
v -115.51471594 68.49500922 -40.41834608
v -114.67647436 68.80937458 -40.60105487
v -113.58222082 74.12991598 -40.50108015
v -113.68305090 71.25678519 -40.41772092
v -112.84700659 72.03928259 -40.45667673
v -114.48126867 70.32407646 -40.36259076
v -114.84827306 69.16093710 -40.47796227
v -114.08783605 69.65774800 -40.58224092
v -118.66232946 72.17973596 -40.30003003
v -120.17568090 70.11796839 -40.20336526
v -117.96237829 66.75574001 -40.16318832
v -116.29291418 68.14290888 -40.24700508
v -116.57007482 73.56129722 -40.40804722
v -114.84728124 70.94160728 -40.37075431
v -116.21442297 73.19830589 -40.40754362
v -117.59888342 70.79578668 -40.29877858
v -107.32985571 68.61339068 -40.70478408
v -105.91771581 71.60602448 -40.83196658
v -112.11699560 71.39108919 -40.70432677
v -112.35851171 72.19342306 -40.50986890
v -111.74797704 70.42130540 -40.76070784
v -110.01734045 69.21647142 -40.73365381
v -110.65692785 71.37000534 -40.80543151
v -112.69591406 71.77593496 -40.51174566
v -113.45635107 71.44237784 -40.41689697
v -111.83569982 72.05150104 -40.65360667
v -115.22476843 69.52357751 -40.32004912
v -113.53679540 70.27740360 -40.58344646
v -111.05699804 68.27650714 -40.68014108
v -110.34079626 72.84171555 -40.79258384
v -111.57498815 72.32218432 -40.66312819
v -111.65448644 72.65305592 -40.56588398
v -111.25170019 72.54840731 -40.67629657
v -116.57346227 67.87804682 -40.22574954
v -116.29442480 68.14093287 -40.24708137
v -112.70212438 71.35080219 -40.58799376
v -112.25812414 70.34845994 -40.74703595
v -119.95136144 71.37645991 -40.22767272
v -116.84554174 67.49067958 -40.20655392
v -117.37135961 72.78864555 -40.35546531
v -117.91544225 71.65393334 -40.30929203
v -105.06516149 69.54370760 -40.71992095
v -111.70763281 73.23503377 -40.52215239
v -115.60701635 70.80478935 -40.34768300
v 85.59699366 40.34836103 -12.77179608
v 86.16222498 40.10599424 -12.76024514
v 83.10822794 41.62947416 -12.84993655
v 96.95771143 34.54640799 -11.08698068
v 98.30158350 36.26610784 -11.15791907
v 85.92202112 25.08153906 -10.48550819
v 81.95084879 27.90509061 -11.13095543
v 81.96584818 24.49210736 -10.13306059
v 77.01875803 33.56515134 -12.09573907
v 87.20006678 14.13013875 -7.78759991
v 85.47876856 21.11158376 -9.60782200
v 87.61577723 20.89422228 -9.79503205
v 86.62529871 21.00002673 -9.76723055
v 92.26349757 8.56847610 -7.58801405
v 93.17672083 9.54962385 -7.68174895
v 92.20865748 12.75995853 -8.30211080
v 81.69798014 19.42458751 -8.31639411
v 81.26212809 18.20669971 -7.85266405
v 84.09650919 18.20261785 -8.67923266
v 86.56989405 21.10692217 -9.80510288
v 86.75286219 20.27640921 -9.54336874
v 91.49408839 19.86956224 -9.38840041
v 90.03501246 4.83382656 -6.88859632
v 88.75721094 2.43831120 -6.39398229
v 88.06498072 -4.62352291 -4.99992291
v 50.77447436 66.30821743 -25.12800148
v 30.83295748 74.64086687 -23.84405203
v 29.69094393 72.81141428 -24.31707420
v 26.27031824 67.95255028 -25.36083561
v 21.94524500 68.74477521 -25.06469316
v 25.68576166 65.78266267 -25.78255767
v 24.77410242 65.91573839 -25.73791047
v 66.80556986 55.29323829 -17.91562786
v 59.73396799 56.46810955 -19.08112488
v 66.07236216 51.16737641 -16.45359106
v 68.40971110 49.33803273 -15.74648321
v 67.30039713 51.39288605 -16.45449136
v 68.97287485 61.32967626 -18.05851214
v 65.13735697 58.38418818 -18.64573090
v 76.00048563 50.53582679 -15.12850245
v 63.23071024 61.77164089 -20.91962672
v 63.97239420 62.24967394 -21.01223239
v 59.87364695 62.62486454 -21.85979715
v 60.00655100 62.19839879 -20.42113741
v 61.62524912 62.08854299 -21.32505280
v 61.26677439 62.77187728 -21.71383159
v 61.74654124 61.65364484 -19.92563866
v 62.35192606 60.54778322 -19.67403631
v 60.30811808 62.75914379 -21.85802715
v 63.99435160 61.69061889 -19.35181665
v 64.50311014 60.98887102 -19.17568433
v 67.18450663 50.09117218 -16.00406695
v 69.16695139 54.34769708 -16.85312771
v 76.00826762 58.81476834 -18.56640053
v 69.13206217 59.33143679 -17.76777085
v 67.79798624 59.43270360 -18.04711352
v 68.28127024 58.75984445 -17.82894324
v 71.46145365 62.37540458 -20.26063024
v 69.83659098 52.75356950 -16.42371461
v 72.82381937 40.74528875 -13.45479480
v 66.74426768 47.28170501 -15.13002780
v 69.52731058 47.24827300 -15.13253024
v 73.07619974 44.79420779 -14.47235833
v 71.92496226 49.57829576 -15.44275706
v 75.11988566 39.37282174 -13.29173916
v 73.95303080 38.74377819 -13.07330949
v 54.10343287 64.02318746 -22.73874940
v 56.93354151 64.31207823 -23.12061590
v 56.03681299 63.76322349 -22.62716183
v 58.51735422 61.20343794 -20.77544633
v 55.31533930 63.85055352 -21.60387694
v 58.30470774 65.25987023 -23.48301230
v 57.90099070 63.64887438 -21.01731379
v 55.19291804 54.88937804 -18.88337071
v 57.27953455 59.72218716 -20.88006034
v 57.95457194 58.29284693 -20.10523406
v 45.49752734 57.84120542 -22.72644981
v 49.76393053 58.79909512 -21.83461952
v 49.81600878 58.33485795 -21.59530060
v 44.12435076 62.42747814 -25.63363134
v 45.34586260 56.32828134 -22.03144224
v 44.86672137 54.27216346 -21.21837733
v 50.74090502 67.41663155 -22.52631709
v 49.44460223 55.88008896 -20.69230032
v 48.60134051 55.59994139 -20.77469773
v 43.80151293 63.37270096 -25.84733084
v 48.50997851 55.05935686 -20.55539833
v 49.78036425 54.23020964 -19.82987329
v 49.66328356 55.10715888 -20.30335366
v 47.88343737 63.05799058 -24.35903428
v 47.79208300 62.55633139 -23.14007057
v 47.31903002 64.80045449 -25.33043959
v 43.56545946 57.54602025 -23.21888140
v 47.61889574 63.73736709 -24.92396054
v 48.62944720 58.64889898 -22.23482702
v 48.20722124 59.17117294 -22.58353621
v 45.34140703 55.31769563 -21.56180706
v 46.48924944 55.78794482 -21.44982289
v 44.84959338 56.12808217 -22.27716974
v 45.99122546 58.14904382 -22.93659390
v 46.32823870 58.90642906 -23.01905252
v 42.59123919 56.75266238 -23.31720891
v 44.62125323 55.84885019 -22.02613210
v 50.87248919 65.69709920 -24.63949125
v 50.17015765 64.85964154 -24.61733535
v 49.43895647 57.43291859 -21.37366654
v 70.24577067 33.31357267 -11.25797047
v 71.14337656 33.43995737 -11.45380179
v 69.83057139 30.70563215 -10.30785103
v 69.74391672 31.56268777 -10.55168662
v 69.48809550 32.21213230 -10.85413118
v 69.37138102 33.28627471 -11.13887562
v 72.39243815 29.85955514 -10.59039789
v 73.44050333 30.49795948 -10.76741520
v 72.66319010 30.81037220 -10.85339853
v 71.39267466 29.99408809 -10.41995723
v 71.56516764 30.94931493 -10.80032848
v 72.55250284 4.89730547 -4.21273879
v 42.63516161 4.85423247 -0.17047194
v 10.41573069 7.97858778 -0.18945438
v 9.85200140 0.75602884 -0.00126656
v 12.19343302 5.07430619 -0.04759295
v 14.66744730 10.36754743 -1.64157269
v 14.74738810 7.09485024 -0.08250538
v 15.57678721 7.18335122 -0.06712454
v 11.39183543 6.01797837 -0.05755709
v 42.22441790 64.79106613 -27.71401503
v 37.98950884 57.87149566 -24.94724449
v 38.91573260 57.64128061 -24.80874043
v 35.29468653 57.21546306 -25.16411755
v 35.61627314 58.00100831 -25.78212916
v 35.95423243 61.19397835 -27.24085465
v 37.29997942 60.42323035 -26.37827518
v 35.25597307 50.29639614 -22.36331992
v 37.79047320 59.95842104 -25.73099727
v 34.32592890 60.18771078 -27.36908935
v 34.68208430 60.85192966 -27.50202403
v 35.47527430 61.79086581 -28.01142360
v 41.35912249 58.78027680 -24.40012550
v 40.90809557 54.64358122 -22.69236115
v 41.50927660 63.15090328 -24.22120165
v 42.53765032 59.26389271 -24.17777450
v 42.04069445 61.15115315 -24.19999161
v 37.35281298 57.86892836 -25.00292381
v 36.48758814 58.16381208 -25.02924527
v 34.18060419 58.22905466 -26.18207731
v 36.77440760 55.84291607 -24.19248342
v 36.75965998 56.50447219 -24.96428834
v 35.54348109 58.67359678 -25.06630895
v 36.57461664 57.51303999 -25.04065874
v 37.58322069 60.63884657 -26.43317634
v 38.90518877 61.02694625 -26.35936964
v 37.97878191 61.32569046 -26.34473651
v 39.76132128 59.94828366 -24.61811275
v 40.15286181 60.62152243 -24.53646308
v 39.64956591 60.71165013 -26.01999886
v 38.63198778 61.95760449 -27.00554899
v 39.32948992 61.64634434 -26.51345299
v 40.04845354 61.40466806 -26.21326680
v 40.79188463 61.07036140 -25.86167372
v 35.82835505 59.83432714 -25.07924860
v 35.19109461 58.79880658 -25.08071327
v 35.01332972 57.72195935 -26.04424459
v 34.19641993 58.23299145 -26.04538908
v 35.69464228 58.48163358 -25.07729525
v 36.28434679 53.20583877 -23.98471932
v 35.21637652 54.17025132 -24.86357995
v 37.39309618 55.99220428 -23.98644401
v 37.67106554 56.58448555 -24.44204103
v 37.40068743 57.69126265 -25.00226766
v 36.63278315 60.22867313 -26.56734680
v 42.66076586 53.14038473 -21.27906135
v 36.92744562 60.78626360 -26.64708933
v 37.35732958 61.40048892 -27.05761189
v 37.89475939 62.17216776 -27.57017000
v 35.76290819 53.86230614 -24.40569416
v 34.68616411 52.84103920 -24.41195009
v 27.55457423 52.17897913 -26.17611014
v 29.28747675 52.42481733 -25.98880855
v 31.22468684 52.69831207 -25.87009521
v 34.51303789 54.94780861 -25.40271887
v 30.57054255 54.79701711 -27.43131381
v 29.79899523 51.50362896 -26.09655071
v 33.62020228 59.21536007 -25.14991195
v 33.21052668 58.02497614 -25.23568141
v 28.64123652 51.18983172 -27.55805273
v 28.33458636 50.42120091 -26.52449853
v 32.27665064 55.48429615 -25.58930343
v 32.57438776 56.34274038 -25.50063475
v 34.50739214 52.17089610 -24.24410330
v 25.74260828 51.89630967 -28.58799059
v 28.15155718 48.63719673 -26.29863764
v 27.65891955 46.81187174 -26.19779201
v 29.56896136 48.37896846 -26.14624807
v 29.55220721 48.77869532 -26.14890317
v 27.31136248 48.79039485 -27.09494809
v 29.14027331 45.30819464 -24.53252382
v 29.06333849 44.32600554 -24.04029038
v 27.41414568 48.09427375 -26.38076035
v 29.62204668 47.48201875 -25.78874976
v 29.23364184 46.93456010 -25.75083158
v 28.93169329 47.90005992 -26.16558088
v 26.61586687 47.75799289 -26.56195842
v 27.92867205 48.65070840 -26.27573420
v 27.34104082 48.57340732 -26.56119561
v 28.85941241 43.61287086 -23.55339756
v 27.31782458 48.79527766 -27.09952573
v 26.71017382 49.25835515 -27.44066655
v 32.39706347 44.83077833 -20.35337030
v 10.32029745 52.45086378 -27.81369869
v 14.07229636 55.54487319 -27.76481003
v 10.71905539 53.44467444 -27.79769238
v 22.58364031 42.20600633 -25.75905529
v 21.87522051 41.63879995 -25.74695498
v 18.03292773 45.53070340 -28.38225530
v 18.88980791 45.51393779 -28.48906682
v 24.19569323 47.31220335 -27.82897190
v 8.02297900 43.01087854 -27.65631800
v 13.86685202 47.94550231 -27.31949629
v 9.89517901 41.30030701 -26.20712949
v -25.69893911 91.46567912 -33.61360128
v -18.69555166 82.83668536 -32.21964846
v -22.49190786 82.70956816 -32.47683533
v -23.39936331 97.25316234 -33.58117730
v -23.98209646 90.52975083 -33.32157843
v -17.77027395 84.09809865 -33.96941978
v -23.45383718 89.81878664 -33.20950250
v -18.59476736 84.29436866 -33.84580837
v -18.63160207 83.68527239 -32.24914384
v -16.54017141 71.86919823 -30.96784614
v -18.22286489 73.25277368 -30.89828154
v -17.26232412 73.09921683 -31.08916897
v -17.98919180 77.80373790 -31.74279522
v -15.39759329 66.79046299 -30.31391465
v -15.62555959 67.64666414 -30.41071654
v -23.37000539 79.82927734 -31.48893508
v -20.90841177 78.78966168 -31.65008298
v -25.29534414 66.36946190 -28.15850381
v -26.26398733 71.08411862 -28.85018549
v -22.05794790 78.17728458 -31.24317675
v -21.19303396 78.05817064 -31.37357835
v -40.69455984 99.67606309 -36.05626009
v -26.62353018 82.26332883 -31.61977959
v -38.76069143 96.42579231 -35.70146220
v -41.85163381 94.47085530 -35.88388070
v -42.98725012 93.82371481 -35.81806944
v -27.49465444 84.44753663 -32.32702482
v -27.75474050 86.10099037 -32.85861079
v -28.10067251 80.71856729 -30.93726897
v -44.66486242 98.56623024 -36.60966567
v -44.97208288 97.34461159 -36.60057124
v -44.73074987 90.52835046 -35.59663336
v 7.55036280 55.59783066 -28.17133470
v -3.80802801 54.23774196 -30.33878443
v -4.59106329 54.69281631 -30.06369905
v -4.26164129 53.92616158 -28.65227620
v -4.90405157 55.57996996 -29.93789048
v -6.79231527 51.37059099 -28.57293008
v 3.11096117 35.39443189 -22.70525169
v 6.73834154 37.95733592 -24.74164432
v 7.39618609 37.78488870 -24.80098573
v 3.84397814 38.27778953 -24.92638253
v 2.77469561 39.74576168 -25.73377108
v 6.45597765 42.89764700 -26.88280419
v 5.66046068 43.59909732 -27.03731480
v -3.62977674 46.22122855 -27.76285539
v -2.39138105 46.64337820 -27.85572045
v -3.30624464 44.19152359 -27.23119307
v -1.38026502 41.58146206 -26.52159792
v -0.56818464 45.19314096 -27.61376159
v -3.46751478 45.25004487 -27.19837159
v -0.44770887 41.58556283 -26.73535829
v -14.64693716 64.29815545 -29.53954595
v -8.87861898 55.68797944 -29.05976245
v -8.09276083 55.79878872 -29.36644887
v -7.87735250 54.99200702 -28.90606055
v -11.61636617 58.10597869 -29.18299282
v -11.86860922 58.87485763 -29.16742898
v -12.71513632 58.45478128 -29.06099886
v -12.30319479 57.66902422 -28.97985249
v -15.76228597 55.85831152 -28.29911184
v -13.05076864 57.32484128 -28.84435439
v -3.31640890 8.92258783 -1.37153766
v -3.75883749 7.91144904 -0.60698061
v -3.05400350 9.63004626 -1.82042084
v -14.32329061 4.06611971 -0.93286195
v -11.95506551 5.16699563 -0.49150165
v 0.87820933 10.53146691 -1.44381881
v -3.75828817 7.67997324 -0.41343810
v -4.01216390 8.45332668 -1.28904857
v 0.69021342 5.09506578 -0.01382525
v -2.93696859 6.99907272 -0.10688891
v -6.31230428 7.35672338 -0.72296258
v -5.47110250 7.26938211 -0.44490165
v -0.58305624 6.51842088 -0.03068644
v -5.70854452 7.05704070 -1.10003773
v -5.94308737 7.92713496 -1.32060366
v -5.51777914 6.32571747 -1.02385047
v -2.70474508 10.23677373 -2.57463236
v -2.28691366 10.49202265 -3.26519942
v -1.53601339 10.61778566 -2.82762315
v -1.95409658 11.11906724 -3.75470147
v -1.11635092 10.86929616 -3.51226979
v 0.11752054 10.43098000 -2.42759870
v -0.71094015 10.48147896 -2.41031050
v 1.08389780 10.45132755 -2.68621992
v 0.35539744 10.81889650 -2.83076649
v -0.36457327 10.99590604 -3.07634147
v 78.13541148 -2.41128822 -3.81932024
v 70.87650797 -0.00919609 -2.86683650
v 77.62891123 -6.64309965 -3.25889475
v 68.32609293 -5.26252998 -1.94451814
v 75.20835612 -1.40213287 -3.37661716
v 74.37305949 -1.18161283 -3.24624610
v 68.09202311 -8.92830907 -1.80941623
v 69.29527018 -9.22580208 -1.95086515
v 73.04324839 -9.56901047 -2.44737083
v 72.65766642 -7.98866532 -2.47964343
v 71.48885844 -3.34813189 -2.56336916
v 75.09415934 -6.62341576 -2.91450388
v 74.62286112 -15.52612567 -2.59849291
v 60.39410136 0.61422493 -1.01957708
v 29.74125979 1.37734191 -0.15467852
v 27.84239504 -3.77073512 -0.25248652
v 20.30685732 -17.58383017 0.02330308
v 20.91356203 -14.18379050 -0.03185800
v 16.69259188 -14.34800559 -0.00698614
v 19.70824740 -18.83389119 0.08578802
v 20.12105868 -19.20323019 0.01990063
v 21.54154513 -17.42822103 0.04953291
v 20.95872137 -2.71714624 -0.18800305
v 24.20754549 -3.25846704 -0.20405521
v 11.27778265 -1.91311485 -0.06394923
v 19.63192389 -2.26141198 -0.15133626
v 23.57831118 -2.99135431 -0.17753548
v -3.88383939 -2.01551278 -0.11199914
v -2.69226530 -1.68425972 -0.09875456
v -4.01062277 0.52377863 0.00553890
v -13.86574056 -2.46595222 -0.05145219
v -16.42766073 -1.70107490 -0.05619780
v -9.23715475 1.42506761 -0.01412983
v -14.31270101 3.55390508 -0.74182182
v -16.68907430 2.38443338 -0.45558201
v -14.13907125 1.54485657 -1.03875753
v -15.43229940 2.76065406 -0.59858744
v -16.28328207 3.01858862 -0.66682479
v -20.37955740 -42.23736039 -0.59398721
v -23.79610708 -44.62784808 -0.70558961
v -17.99370840 -45.64965285 -0.47440353
v -14.63160970 -27.66370617 -0.33092807
v -16.89047506 -31.02445448 -0.41611734
v -26.29610708 -46.76119465 -0.78818509
v -65.72611120 101.74137786 -38.99142583
v -65.83135107 100.88577178 -38.99989432
v -75.57776525 100.41973773 -39.73687850
v -77.96800878 102.35488757 -41.57547134
v -72.12117651 95.56470770 -39.55590847
v -71.73074987 94.91368002 -39.52957169
v -73.57710912 93.93205539 -39.71363831
v -108.19132116 103.24423102 -40.47310027
v -104.46660497 81.54976531 -40.87235821
v -100.09741857 97.83084752 -40.53907839
v -105.51587560 94.43308139 -40.63542183
v -99.07678869 81.55866879 -41.00828351
v -99.42772558 82.84764738 -40.94349490
v -100.99045446 79.13109845 -41.02563235
v -99.31923559 78.84180326 -40.99818175
v -97.88281896 78.61407729 -40.92881525
v -98.28584936 77.87042876 -40.92161298
v -98.17584875 79.24269361 -40.95997380
v -116.37241247 75.86537436 -40.46296398
vt 0.02903665 0.79577512
vt 0.23328443 0.94599897
vt 0.02737438 0.91817826
vt 0.09133539 0.99997669
vt 0.00000465 0.90970486
vt 0.26803577 0.99769920
vt 0.19196759 0.99893934
vt 0.34691447 0.86340052
vt 0.27271032 1.00000000
vt 0.76649898 0.91884804
vt 0.79672521 0.54478461
vt 0.80437839 0.98485374
vt 0.57567871 0.36474586
vt 0.24085048 0.38490331
vt 0.51168603 0.11232752
vt 0.26573110 0.04730272
vt 1.00001490 0.75932354
vt 0.92840308 0.48481095
vt 0.08702548 0.88421321
vt 0.20898703 0.75730503
vt 0.79955232 0.30801469
vt 0.64096940 0.25786984
vt 0.60740411 0.68051982
vt 0.00056795 0.96029437
vt 0.09068555 1.00000000
vt 0.44671550 0.94614768
vt 0.71167666 1.00001907
vt 0.45454547 1.00000000
vt 0.56116146 0.85696745
vt 0.58977300 0.36869955
vt 0.56278890 0.76733154
vt 0.37157053 0.57058841
vt 0.37538671 0.42858124
vt 0.43142262 0.42785132
vt 0.05274152 0.83248985
vt 0.00001738 0.99997735
vt -0.00023151 0.81544107
vt 0.31788459 0.71341920
vt 0.25937435 0.62200457
vt -0.00903501 0.31904775
vt 0.18068360 -0.00095654
vt 0.67743033 0.17050254
vt 0.32959315 0.42941540
vt 0.54437608 -0.00000560
vt 0.67454165 0.00063616
vt 0.36363950 0.00002474
vt 0.72638535 0.00088739
vt 0.69061947 0.51762646
vt 0.75748181 0.33531320
vt 0.92348158 0.39730895
vt 0.93279105 0.89564860
vt 0.99923676 0.64809412
vt 0.99964905 0.73134440
vt 0.73757589 0.79797578
vt 0.36078635 0.62260818
vt 0.44960251 0.45659268
vt 0.68763185 0.69471359
vt 0.17392224 0.63339156
vt 0.10850907 0.39864331
vt 0.99890131 0.73994756
vt 0.99928880 0.83416247
vt 0.96141696 0.79102290
vt 0.99986339 0.99998325
vt 0.09970473 1.00016463
vt 0.63636363 0.99725479
vt 0.99999964 0.00000465
vt 0.99996978 0.27315789
vt 0.82037061 0.23212242
vt 0.29773569 0.85569608
vt 0.32204336 0.99798262
vt 0.00005130 0.54547316
vt 0.80228913 0.19455773
vt 0.05129253 0.12810022
vt 0.23289588 0.29556894
vt 0.00000924 0.18184620
vt 0.17357460 -0.00005579
vt 0.33355904 0.08328629
vt 0.39225796 0.19700801
vt 0.00002592 0.45724076
vt -0.00000004 0.36326468
vt -0.00000794 0.28548813
vt 0.75221574 0.72871828
vt 0.93167651 0.92661417
vt 0.76844162 0.66832757
vt -0.00027910 0.89508039
vt 0.00405411 0.79130447
vt 0.00000002 0.99999470
vt 0.31657344 0.90430975
vt 0.29877323 0.73930705
vt 0.51737380 0.63960409
vt 0.44010007 0.58248478
vt 0.20294912 0.69488180
vt 0.37761116 0.53716016
vt 0.96482855 1.00000703
vt 0.00281587 0.61660337
vt 0.09549706 0.51445532
vt 0.25356597 0.38214695
vt 1.00000000 1.00000072
vt 0.39242524 0.30944997
vt 0.00317381 0.45650893
vt 0.12702550 0.29693794
vt 0.00000020 1.00000012
vt 0.99999118 0.63628298
vt 0.85010493 0.78627264
vt 0.90220010 0.58103424
vt 0.45645720 1.00400269
vt 0.30208015 1.00097775
vt 0.09007493 0.86922598
vt 0.13360721 1.00000012
vt 0.00000778 1.00000966
vt 0.00106641 0.82350779
vt 0.18082856 0.80057126
vt 0.71539569 0.83689231
vt 0.63632232 1.00000095
vt 0.99998540 0.99997586
vt 0.90144265 0.85219252
vt 0.97402591 0.76590884
vt 0.87212515 1.00019634
vt 0.85603166 0.86828423
vt -0.00120290 0.72627419
vt 0.40545523 0.98492599
vt 0.80172831 0.59087741
vt 0.89066350 0.66906226
vt -0.00000004 0.26004624
vt 0.86008549 0.00089347
vt 0.37467146 0.28664887
vt 0.33953616 1.00000000
vt 0.84947860 0.00004429
vt 0.99939120 0.10605323
vt 0.76650763 0.17458922
vt 0.88903940 0.27926600
vt 0.72389448 0.47024053
vt 0.60049301 0.35176218
vt 0.63931018 0.08176106
vt 0.81818169 0.99999988
vt 0.87239146 0.84634227
vt 1.00000000 0.81824768
vt 0.47784993 0.17027152
vt 0.28508666 -0.00001299
vt 0.99956518 0.35863137
vt -0.00011259 0.36103880
vt -0.00000228 0.18182296
vt 0.07790501 0.14541465
vt 0.13969007 0.20882893
vt 0.09679657 0.59772420
vt 0.09758683 0.84535640
vt 0.00252309 0.41501999
vt -0.00013313 0.53805989
vt 0.00000014 0.69948053
vt 0.00000000 0.72928119
vt -0.00044276 0.65845120
vt 0.14651883 0.70617324
vt 0.00000061 0.75891072
vt 0.49856511 0.99757385
vt 0.40878162 0.99778175
vt 0.49157116 0.76331091
vt 0.38363004 0.83775997
vt 0.10241471 0.78860843
vt 0.25691891 0.27280647
vt 0.21764863 0.70203674
vt 0.22679260 0.45545733
vt 0.19440272 0.29972440
vt 0.15812454 0.56111431
vt 0.09105062 0.40208548
vt 0.54497993 0.56995612
vt 0.48637527 0.57121265
vt 0.66267526 0.99858588
vt 0.66074091 0.67554426
vt 0.61636651 0.74054122
vt 0.63981628 0.87029368
vt 0.57199186 0.80542517
vt 0.59544176 0.93517762
vt 0.52761728 0.87030905
vt 0.62588203 0.30510336
vt 0.48814011 0.42622805
vt 0.69228494 0.47685224
vt 0.99806219 0.43162036
vt 0.64578044 0.00002360
vt 0.52772141 0.00001156
vt 1.00029099 0.53233337
vt 1.00041413 0.55825925
vt 0.93547624 0.43580478
vt 1.00014520 0.49330741
vt 0.01282827 0.62463570
vt 0.87063670 0.79533559
vt 0.99998748 0.71430367
vt 1.00000000 0.68831170
vt 1.00000000 0.74025977
vt 1.00000286 0.45458108
vt 0.00026742 0.54587388
vt 0.00026493 0.50139874
vt 0.00031742 0.45505363
vt 0.96098155 -0.00002706
vt 0.99914724 0.11572033
vt 0.88668555 -0.00008476
vt 0.80498862 -0.00019598
vt 0.85078251 0.08521295
vt 0.79358584 0.03875041
vt 0.07805055 0.17110378
vt 0.05204830 0.18198860
vt 0.07791667 0.10471755
vt 0.00026458 0.31323504
vt 0.00019363 0.27805483
vt 0.02621550 0.27690065
vt 0.78937274 0.08441269
vt 0.87356955 0.24819791
vt 0.87942117 0.20031661
vt 1.00013208 0.28598589
vt 0.79293364 0.13685024
vt 0.85600281 0.15639925
vt 0.05212231 0.21868932
vt 0.07812524 0.20813382
vt 0.80538559 0.25367141
vt 0.92543441 0.15181911
vt 0.84396219 -0.00017846
vt 0.14009710 0.40156281
vt 0.09321286 0.32125610
vt 0.12417800 0.27665693
vt 0.24278080 0.45270270
vt 0.13095531 0.19610310
vt 0.72517836 0.03877050
vt 0.72433424 -0.00027740
vt 0.05895595 0.33120996
vt 0.04127432 0.60696304
vt 0.99995744 0.00005955
vt 0.64879310 0.00000054
vt 0.75695026 0.00000107
vt 0.30012453 0.00000131
vt 0.93369514 0.20290619
vt 0.03627844 0.50870878
vt 0.21707344 0.14285958
vt 0.18180229 0.00000125
vt 0.29988346 0.14290100
vt 0.37104362 0.93520838
vt 0.48324269 0.93519300
vt 0.43886811 1.00007689
vt 0.74042785 0.22074640
vt 0.65983975 0.06242359
vt 0.71266317 0.06445390
vt 0.30516717 0.28457844
vt 0.87041461 0.33390367
vt 0.25234458 0.28571784
vt 0.42328408 0.56071305
vt 0.67640972 0.13044477
vt 0.22857733 0.34103739
vt 0.37570947 0.57029498
vt 1.00000250 0.03897411
vt 0.10515756 0.11352950
vt 0.10388683 0.07792228
vt 0.57116908 -0.00023758
vt 1.00002527 0.07793295
vt 1.00036347 0.15585095
vt 1.00011575 0.23316336
vt 0.21992981 0.00000107
vt 0.25839540 0.00000095
vt 0.45008492 0.00000006
vt 0.60779709 0.09345335
vt 1.00036430 0.42535776
vt 0.67546093 0.18177700
vt 0.12986097 0.05310202
vt 0.15584813 0.03473222
vt 0.16800077 0.15689349
vt 0.11096367 0.15594339
vt 0.20573223 0.07874238
vt 0.38970619 0.14453393
vt 0.36478144 0.00292391
vt 0.42183691 0.00198168
vt 0.55106717 1.00006151
vt 0.08233123 0.57723188
vt 0.39326090 0.42629731
vt 0.35798976 0.28343898
vt 0.32288688 0.57143438
vt 0.18457852 0.63832581
vt 0.13847575 0.66062295
vt 0.14629686 0.53091151
vt 0.21015458 0.15294063
vt 0.25555807 0.74248075
vt 0.20471203 0.75888211
vt 0.02612903 0.23402172
vt 0.02606374 0.20165169
vt 0.05194645 0.13148874
vt 0.02597136 0.15584332
vt 0.33789206 0.00250852
vt 0.09237295 0.68292010
vt 0.30700934 0.72915578
vt 0.27678409 0.59373152
vt 0.59578598 -0.00100756
vt 0.06691455 0.46353650
vt 0.20550194 0.48803842
vt 0.62367100 -0.00015438
vt 0.00021244 0.54774380
vt 0.67510027 -0.00021720
vt 0.00035258 0.37734413
vt 0.50681102 0.15161175
vt 0.54537070 -0.00005841
vt 0.10403493 0.12063557
vt 0.99997979 0.00001520
vt 1.00004876 0.39086801
vt 0.18176697 -0.00009811
vt 0.41633335 0.14332771
vt 0.44349796 0.14852667
vt 0.00006419 0.21387523
vt -0.00000046 0.18181700
vt 0.51955307 0.00036782
vt 0.41557208 0.28570658
vt 0.38678092 0.28457278
vt 0.50366580 0.42742550
vt 0.47487468 0.42629170
vt 0.44608355 0.42515785
vt 0.07226788 0.10909736
vt 0.76599038 -0.00023830
vt 0.00026245 0.45692360
vt 0.32666904 1.00009227
vt 0.00000000 0.68867993
vt 0.00015747 0.54961181
vt 0.00020996 0.50326866
vt 0.95367587 0.12050807
vt 0.99999267 0.00004184
vt 0.99999899 0.12093562
vt 0.72759044 -0.00004470
vt 0.83110332 0.10724866
vt 1.00000167 0.16123503
vt 0.73069429 0.15905845
vt 0.92528331 0.16295713
vt 1.00000381 0.20197117
vt 0.99999934 1.00000095
vt 0.63877004 0.99956590
vt 0.93684411 0.89191973
vt 1.00000036 0.81882381
vt 0.75615025 0.41445929
vt 0.61514992 0.28606588
vt 0.00000045 1.00000012
vt -0.00011677 0.91358972
vt -0.00069580 0.69064003
vt 0.84785545 0.45502639
vt 0.92192060 0.27775508
vt 0.99976474 0.45425493
vt 0.80885983 0.59699649
vt 0.53090990 0.36453682
vt 0.75040525 0.69598472
vt 0.54307485 0.63614362
vt 0.41401073 0.64061856
vt 0.99985963 0.52749985
vt 1.00004578 0.63603532
vt 1.00041974 0.81773818
vt 0.71166527 0.81007999
vt -0.00000119 0.99999976
vt 0.00000012 0.90908802
vt 0.01223953 0.81743389
vt 0.00714393 0.73141122
vt 0.00393807 0.42612076
vt 0.10931091 0.57938600
vt 0.88593531 0.88087040
vt 1.00007856 0.81835628
vt 1.00006711 0.84415585
vt 0.94925767 0.92166489
vt 0.38462394 0.74753350
vt 0.61608702 0.56549567
vt 0.51786733 0.81503940
vt -0.00000378 0.18069065
vt 0.19039115 0.19972003
vt 0.18426806 0.50039363
vt 0.27635381 0.54794502
vt 0.41623959 0.43850708
vt 0.32302326 0.30552542
vt 0.12963462 0.05172217
vt 0.15553686 0.02596664
vt 0.18147132 0.00018907
vt 0.29363787 0.75455815
vt 0.13053848 0.50394988
vt 0.09142410 0.51365411
vt -0.00046472 0.39578801
vt -0.00044781 0.53441560
vt 0.60259533 0.99983966
vt 0.81821305 1.00006235
vt 0.34932911 0.92059201
vt 0.64191937 1.00121093
vt 0.69038349 0.88431895
vt 0.55374473 0.98929739
vt 0.16361782 0.35083103
vt 0.24830246 0.12994850
vt 0.41051528 0.35351944
vt 0.82473093 0.25638717
vt 1.00018191 0.27208972
vt 1.00010300 0.50623763
vt 0.94817007 0.29984844
vt 0.07370865 0.16006720
vt 0.09260079 0.08913070
vt 0.13644494 0.39979434
vt 0.85537732 0.71607876
vt 0.57947898 0.61818659
vt 0.78882861 0.86938810
vt 0.62741315 0.91416317
vt 0.75878930 0.56641412
vt 0.02303701 0.96046251
vt 0.01975483 0.84937513
vt 0.17357260 0.97398764
vt 0.71353936 1.00072062
vt 0.91086841 0.35487425
vt 1.00000978 0.28300810
vt 0.53250170 -0.00000155
vt 0.64939594 -0.00000215
vt 0.47168314 0.05204433
vt 0.58228874 0.06678391
vt 0.29508266 0.00334966
vt 0.99999768 0.63670897
vt 0.28932586 0.76138806
vt 0.01168212 0.57615495
vt 0.12886152 0.45671272
vt 0.26640013 0.59457922
vt 0.76637346 -0.00003040
vt 0.00353314 0.40532792
vt 0.09217802 0.99999970
vt 0.21620941 0.69059509
vt 0.18181835 0.00000125
vt 0.07194300 0.10986543
vt 0.31381476 0.98713034
vt 0.45414874 1.00000572
vt 0.00347946 0.29678905
vt 1.00002289 0.74025106
vt 0.94811451 0.63557935
vt 1.00005233 0.66231698
vt 1.00007832 0.58438456
vt 0.87886047 0.73026669
vt -0.00000005 0.18178558
vt 0.89617026 0.62762916
vt 0.99938512 0.61164230
vt 1.00000012 1.00000048
vt 0.81825131 1.00000429
vt 0.13695735 0.78120142
vt 0.00182302 0.54403377
vt 0.00046391 0.72436565
vt 0.34288979 0.99999726
vt 0.27127498 0.69937277
vt 0.00066079 0.81121504
vt 0.89621115 0.45833886
vt 0.84423578 0.57852685
vt 0.79055095 0.62567025
vt 1.00005615 0.87013733
vt 1.00000000 0.99999607
vt 0.97402501 1.00000000
vt 0.89639693 1.00000000
vt 0.87012976 1.00000000
vt 0.64064342 0.99998367
vt 0.93255699 0.88343501
vt 0.81810719 1.00000012
vt 0.25717589 1.00002599
vt 0.15464166 1.00028229
vt 1.00000155 0.26961195
vt 1.00000012 1.00000000
vt 0.99971235 0.94071734
vt 0.32781586 1.00000000
vt 0.64136082 -0.00000787
vt 0.62314928 0.14303118
vt 0.34292853 0.00011986
vt 0.91577256 0.25460905
vt 1.00007880 -0.00000393
vt 0.84418821 0.45325053
vt 0.66360003 0.25904012
vt 0.69675130 0.45843762
vt 0.33755940 0.29646999
vt -0.00000011 0.18094867
vt 0.99999940 0.09066695
vt 0.84415555 1.00000429
vt 0.00060841 0.72862244
vt 0.63668019 1.00000000
vt 0.00000056 1.00000000
vt 0.99671602 0.81627423
vt 0.63621211 1.00206399
vt 1.00000000 0.66581523
vt 0.99999547 1.00000000
vt 1.00000000 0.40003133
vt -0.00000008 1.00000060
vt 0.99999750 0.81818181
vt 1.00000048 1.00000000
vt 0.27166915 1.00369370
vt 0.00028632 0.90880460
vt -0.00009419 0.72588211
vt 0.36218011 0.00127083
vt 0.45454547 1.00000000
vt -0.00003089 0.36405218
vt -0.00003864 0.18185681
vt 0.18742985 0.21196586
vt 0.18146570 0.00049299
vt 0.90744025 0.00000000
vt 1.00527120 0.27470100
vt 0.00001811 1.00000000
vt 0.37538990 0.56400198
vt 0.81818175 1.00000000
vt 0.37905997 1.00000000
vt 1.00000000 1.00000000
vt 0.81818175 1.00000000
vt 0.01233190 0.73169601
vt 0.99998891 0.54406232
vt 1.00001621 0.27272695
vt 1.00017118 0.09090918
vt 1.00004411 0.33193874
vt 1.00000000 0.99993467
vt 0.49906802 0.40708196
vt 1.00000000 0.09090912
vt 0.00007254 1.00000405
vt 0.36363637 0.00000000
vt 0.90925938 0.00000000
vt 0.18181819 0.00000000
vt 1.00000000 0.00000000
vt 0.00317412 0.51033306
vt 0.00004484 0.18183941
vt 0.99991083 0.61671996
vt 0.46816194 0.38702822
vt -0.00005140 0.18153715
vt 1.00000000 0.00000000
vt 0.95122242 0.81440377
vt 0.99998629 0.84240878
vt 0.99998367 0.92120439
vt 0.93633127 0.99987304
vt 0.61650008 0.79454231
vt 0.75557357 0.65883726
vt 0.74812067 0.76906908
vt 0.80493140 0.71413362
vt 0.81363463 0.78810406
vt 0.82739329 0.93592417
vt 0.90245903 0.77411199
vt 0.89142364 0.93473089
vt 0.99998099 1.00000000
vt 0.36179382 0.99941027
vt 0.26938182 0.99848408
vt 0.41213602 0.75082284
vt 0.55686003 0.84923154
vt 0.53446436 0.99985403
vt 0.69779861 0.10520786
vt 0.93485445 0.00022024
vt 0.77891701 0.03143364
vt 0.90878195 0.00030917
vt 0.90656382 0.03910244
vt 0.95451736 0.00015509
vt 0.92122483 0.04002428
vt 0.97917873 0.00007200
vt 0.94305003 0.03897941
vt 1.00003088 0.00000429
vt 0.40464124 0.13947511
vt 0.67778802 0.06994027
vt 0.62948424 0.14292818
vt 0.16883756 0.01299232
vt 0.26135039 0.00692707
vt 0.27438959 0.09634930
vt 0.65964329 0.00000000
vt 0.72694987 -0.00000048
vt 0.53050828 -0.00004518
vt 0.78268248 0.87009954
vt 0.52468181 0.00312519
vt 0.48278654 0.08054292
vt 0.36349377 0.00030148
vt 0.87260830 1.00000000
vt 0.71893954 0.87029636
vt 0.80892199 1.00000000
vt 0.74523783 0.99999231
vt 0.68157685 1.00000000
vt 0.86927271 0.00024188
vt 0.80650777 0.00013494
vt 0.77853894 0.00068939
vt 0.94733393 0.13173437
vt 0.72135347 0.05860430
vt 0.99406451 0.53760999
vt 0.99694031 0.42449546
vt 0.99203449 0.21985567
vt 0.27662534 1.00063622
vt 0.55776769 0.81190008
vt 0.85434163 0.61906540
vt 0.50675660 1.00041592
vt 0.78428876 0.82616425
vt 0.78673965 0.92468989
vt 0.86383700 0.87937194
vt 0.77927601 1.00015259
vt 0.70654434 1.00020242
vt 0.00000000 0.90909404
vt -0.00018481 0.72894263
vt 0.00009595 0.99999946
vt 0.80574411 0.50069094
vt 0.85397518 0.51049072
vt 0.80493677 0.55654234
vt 0.85459340 0.46734077
vt 0.23805165 0.21936065
vt 0.00004035 0.18190610
vt 0.13012059 0.05176169
vt 0.25672328 0.00131458
vt 0.00036314 0.23353052
vt 0.15592834 0.02592254
vt 0.18181816 0.00000000
vt 0.24297529 0.12508416
vt 0.15537605 0.35143661
vt 0.00001706 0.35218012
vt -0.00050862 0.54219735
vt 0.00051449 0.18130362
vt 0.61361438 0.18525600
vt 0.45284247 0.18666399
vt 0.52683365 0.08643401
vt 0.46712905 0.47168481
vt 0.40088069 0.44935107
vt 0.28515846 0.76731771
vt 0.18147035 0.00069857
vt 0.36055973 0.00001234
vt 0.35185811 -0.00001788
vt 0.85515583 0.42809087
vt 0.83630383 0.11778933
vt 1.00000536 0.27295846
vt 0.15534551 0.02647060
vt 0.18184036 0.00000000
vt 0.59018195 0.00426614
vt 1.00001764 0.27275330
vt 1.00002205 0.18183613
vt 0.89332926 -0.00092816
vt 0.99998486 0.03896546
vt 0.99998927 0.07781333
vt 0.99998051 0.00000519
vt 0.81525999 0.02863073
vt 0.46468401 0.12063050
vt 0.85369992 0.60831004
vt 0.90246326 0.65264380
vt 0.48290938 0.24286419
vt 0.02612762 0.15460384
vt 0.13757844 1.00262916
vt 0.80742550 0.63798285
vt 0.95122600 0.71184540
vt 0.71722925 0.24016070
vt 0.56106585 0.50123227
vt 0.66549140 0.49360883
vt 0.54034609 -0.00077128
vt 0.45666546 0.03532797
vt 0.12027459 0.06289703
vt 0.66206908 0.15942496
vt 0.64077330 -0.00060070
vt 0.47699070 0.00000000
vt 0.77343494 0.00304985
vt 0.84819359 0.33754545
vt 0.76524383 0.36747986
vt 0.72700608 0.00000006
vt 0.56626076 0.10217035
vt 0.72263640 0.11681503
vt 0.61107039 0.07830012
vt 0.28135061 0.46353376
vt 0.28140163 0.43756890
vt 0.42513353 0.43577123
vt 0.85648221 0.35248357
vt 1.00026512 0.32472098
vt 1.00021410 0.35068583
vt 0.85642463 0.38178802
vt 0.71269929 0.38024616
vt 0.71264827 0.40621102
vt 0.56891644 0.40800869
vt 0.56886542 0.43397355
vt 0.42508253 0.46173608
vt 1.00016308 0.37665075
vt 0.71258026 0.44086009
vt 0.56881446 0.45993841
vt 1.00008464 0.41658872
vt 0.85629904 0.44579256
vt 0.13761872 0.46533144
vt 1.00001025 0.45454544
vt 0.85658425 0.30055374
vt 0.71390373 0.27703190
vt 0.85746038 0.25979435
vt 0.71278805 0.33507693
vt 0.56989455 0.31531942
vt 0.13806778 0.51143444
vt -0.00534723 0.43571097
vt 0.28137359 0.50920999
vt 0.28139654 0.55488628
vt 0.42512846 0.55308861
vt 0.42515144 0.59876484
vt 0.56888616 0.60247600
vt 0.43267307 0.68734837
vt 0.48439926 0.70070100
vt 0.31682056 0.76607335
vt 0.42510548 0.50741231
vt 0.56883836 0.50749153
vt 0.72611588 0.59929025
vt 0.57077068 0.27455997
vt 0.57164681 0.23380053
vt 0.42518455 0.40980631
vt 0.60101360 0.53380919
vt 0.52509212 0.54592013
vt 0.56441200 0.41598445
vt 0.24687208 0.09097767
vt 0.27285850 0.06501955
vt 0.38977891 0.10397452
vt 0.64634848 0.38439381
vt 0.63673902 0.99999785
vt 0.56008959 0.99909669
vt 0.78926998 0.99869710
vt 0.58291930 0.96916962
vt 0.54634416 0.98362190
vt 0.48186594 0.97451764
vt 0.52187735 0.99865615
vt 0.84974575 0.27757126
vt 0.82703495 0.33413744
vt 0.79244202 0.32917327
vt 0.44648433 0.99777120
vt 0.39174056 0.99712861
vt 0.18686602 0.14775181
vt 0.23737988 0.00032121
vt 0.29268354 0.00061846
vt 0.99528557 0.33855587
vt 1.00000000 0.45267767
vt 0.95122874 0.63304979
vt 0.99999177 0.68481743
vt 0.14087890 0.28197050
vt 0.08842845 0.26852906
vt 0.18211029 -0.00005352
vt 0.61759257 0.00227213
vt 0.57365191 0.09342945
vt 0.56906599 0.00250071
vt 0.66611910 0.00204366
vt 0.62217844 0.09320092
vt 0.71464562 0.00181520
vt 0.69749331 0.09284627
vt 0.76317215 0.00158668
vt 0.81169862 0.00135821
vt 0.74640447 0.13681459
vt 0.57823783 0.18435812
vt 0.16599530 0.91947091
vt 0.16599354 0.87177783
vt 0.20744862 0.89787811
vt 0.65378547 0.18400240
vt 0.58282381 0.27528679
vt 0.63266504 0.27233082
vt 0.99999452 0.60602182
vt 0.95123148 0.55425417
vt 0.67644721 0.28194481
vt 0.59199566 0.45714420
vt 0.86021692 0.00114685
vt 0.69188261 0.35143900
vt 0.99899387 0.47147137
vt 0.33723459 0.86458009
vt 0.36745983 1.00000441
vt 0.30620986 0.99995089
vt 0.24497899 0.99999470
vt 0.22484551 0.87943840
vt 0.99999726 0.52722621
vt 0.20747662 0.94689149
vt 0.20747805 0.98586208
vt 0.99718010 0.79030246
vt 0.99999923 0.99999934
vt 0.24895684 0.94406384
vt 0.24895827 0.98303449
vt 0.76915348 0.38736898
vt 0.90969205 0.63248283
vt 0.99913621 0.54725564
vt 0.99886775 0.64151525
vt 0.86639941 0.33978635
vt 0.90301853 0.46408588
vt 0.95172107 0.44146955
vt 1.00015092 0.43788815
vt 0.98411602 0.47960949
vt 1.00000131 0.45110053
vt 1.00007308 0.63640487
vt 0.16599782 0.98868972
vt 0.29097682 0.98027170
vt 0.45867440 0.96358746
vt 0.45471287 0.99997616
vt 0.41175720 0.14454103
vt 0.99999976 0.29913300
vt 1.00001860 0.40355599
vt 0.94806516 0.29168028
vt 0.99999976 0.23930776
vt 0.96197891 0.35371238
vt 0.97531295 0.35719717
vt 0.95699525 0.25117636
vt 0.99996352 0.36952174
vt 0.96540678 0.23434359
vt 0.99997985 0.17903453
vt 0.99874568 0.47688526
vt 1.00000811 0.23979145
vt 0.94694412 0.12115979
vt 0.92439634 0.22845852
vt 1.00000000 0.06332439
vt 0.59677303 0.54807198
vt 0.90877515 0.00089186
vt 1.00000191 0.00000858
vt 0.85741293 0.16474742
vt 0.99716592 0.06250185
vt 0.92201751 0.95003748
vt 0.99981618 1.00000060
vt 0.84172422 1.00000000
vt 0.89622086 0.28424060
vt 0.99996603 0.88052249
vt 0.92210811 0.87765700
vt 1.00004423 0.81822902
vt 0.84254593 0.95450252
vt 0.50742507 1.00083387
vt 0.56693411 0.90303624
vt 0.64441890 1.00000215
vt 0.38329434 1.00158751
vt 0.42326671 0.90000135
vt 0.33099735 1.00190508
vt 0.37706408 0.95001638
vt 0.47178930 0.84622318
vt 0.49045503 0.76370704
vt 0.56172067 0.68342990
vt 0.74420369 0.59719980
vt 0.37006801 0.89930773
vt 0.88362873 0.52765012
vt 1.00000000 0.54561698
vt 1.00000000 0.63635337
vt 1.00030923 0.74954349
vt 0.93056935 0.77837253
vt 0.80835772 0.99805409
vt 0.41690058 0.84655648
vt 0.56896746 0.38204378
vt 0.25655133 0.00007868
vt 0.32436919 0.03905189
vt 0.18192458 0.00010639
vt 0.71635813 0.54331660
vt 0.62624180 0.62868512
vt 0.57451558 0.61533248
vt 0.15593815 0.02606452
vt 1.00003088 0.28521752
vt 1.00113881 0.34225285
vt 0.97512639 0.28518057
vt 0.96512520 0.22813201
vt 0.99873167 0.16274929
vt 1.00036716 0.27279121
vt 0.90103000 0.19714928
vt 1.00002480 0.22818381
vt 0.88497853 0.00007492
vt 0.99994415 0.00000030
vt 0.82781923 -0.00081444
vt 0.97192395 0.17110842
vt 1.00001860 0.17115015
vt 0.97419596 0.11407816
vt 0.79133666 0.10344040
vt 1.00001240 0.11411649
vt 0.97440863 0.05704486
vt 1.00000620 0.05708277
vt 0.76637995 0.00015438
vt 0.72745258 0.00017989
vt 0.61624324 0.00008422
vt 0.64911473 0.08938265
vt 0.57909596 0.00007707
vt 0.54200679 0.00005138
vt 0.54640836 0.03897190
vt 0.50491762 0.00002569
vt 0.98270398 0.00002348
vt 0.93392700 0.11401832
vt 0.93776536 0.05699039
vt 0.74277914 0.15589523
vt 0.95597994 -0.00001621
vt 0.91353250 0.11398822
vt 0.91182852 0.05695200
vt 0.81839436 1.00008655
vt 1.00004864 0.85643268
vt 0.99999982 1.00000000
vt 0.45444694 0.09081310
vt 0.31146392 0.14332354
vt 0.36300015 0.00054598
vt 1.00001252 0.40259743
vt 1.00008905 0.42862666
vt 0.92362636 0.33872634
vt 1.00000858 0.36193800
vt 0.54554331 0.18597883
vt 0.40254837 0.23604012
vt 0.63661891 0.27687722
vt 0.49363276 0.32875675
vt 0.72771215 0.37141204
vt 0.58471721 0.42147332
vt 0.94436663 0.26051354
vt 0.81879658 0.46412861
vt 0.67580169 0.51418996
vt 0.90976846 0.53367937
vt 0.71722883 0.60929501
vt 1.00000238 0.29817414
vt 1.00068557 0.63667965
vt 0.94580376 0.16761518
vt 0.86400843 0.27198839
vt 0.79350334 0.17853415
vt 0.79670691 0.14712805
vt 0.71916997 0.09049058
vt 0.73898578 0.13006663
vt 0.38506627 0.52484846
vt 0.28109297 0.97886533
vt 0.26455960 0.99775326
vt 0.12995172 0.05202258
vt 0.56901848 0.35607886
vt 0.42611170 0.34308195
vt 0.71259224 0.54949319
vt 0.85634714 0.59337175
vt 0.42698780 0.30232257
vt 0.71256930 0.50381696
vt 1.00198686 0.59215647
vt 1.00022531 0.54594958
vt 1.00003314 0.50022167
vt 0.85820067 0.47130072
vt 0.76808435 0.55666924
vt -0.00085651 0.22257251
vt 0.00001960 0.18181312
vt 0.12932456 0.20839703
vt 0.14205028 0.23556948
vt -0.00173262 0.26333195
vt 0.14117417 0.27632886
vt -0.00260873 0.30409139
vt 0.14029807 0.31708825
vt -0.00348484 0.34485078
vt 0.13942195 0.35784769
vt -0.00436095 0.38561022
vt 0.13854584 0.39860713
vt 0.13766973 0.43936658
vt 0.28583318 0.20780689
vt 0.28495705 0.24856633
vt 0.28408095 0.28932577
vt 0.28320485 0.33008516
vt 0.28232872 0.37084460
vt 0.28145263 0.41160399
vt 0.42873999 0.22080374
vt 0.42786390 0.26156318
vt 0.42523557 0.38384140
vt 0.73200989 0.56981951
vt 0.59361249 0.31948930
vt 0.77022040 0.38529724
vt 0.61706489 0.24414945
vt 0.82258987 0.21681726
vt 0.65086687 0.13034213
vt 0.73357534 0.01486832
vt 0.61301261 0.01508152
vt 0.57824653 0.12996852
vt 0.54105228 0.01258159
vt 0.50574493 0.44285637
vt 0.51033086 0.53378510
vt 0.42641360 0.56576443
vt 0.51491678 0.62471378
vt 0.27870038 1.00222254
vt 0.25687855 0.91536325
vt 0.25534514 0.58171463
vt 0.33782941 0.50520945
vt 0.34241533 0.59613818
vt 0.33064979 0.83226866
vt 0.40492672 0.74860454
vt 0.35721144 0.89503938
vt 0.61653882 0.75397527
vt 0.85653323 0.32651865
vt 1.00031614 0.29875606
vt 1.00004315 0.39928484
vt 0.84089851 0.41424137
vt 0.69905603 0.48625726
vt 0.55928719 0.56511176
vt 0.41537094 0.63028908
vt 0.30776194 0.86803210
vt 0.78129470 0.09205353
vt 0.71638012 0.11006927
vt 0.75097299 0.05520815
vt 0.69736469 0.05529320
vt 0.73195755 0.00043213
vt 0.67834920 0.00051719
vt 0.73883367 0.32925838
vt 0.78397095 0.25767481
vt 0.71981823 0.27448237
vt 0.75441104 0.21962124
vt 0.70080280 0.21970630
vt 0.73539561 0.16484523
vt 0.68178731 0.16493028
vt 0.82359648 0.35718203
vt 0.69311428 0.41742384
vt 0.44241169 0.78636819
vt 0.55753028 0.63953686
vt 0.63176751 0.55284464
vt 0.64375633 0.05537826
vt 0.62474084 0.00060225
vt 0.66277182 0.11015427
vt 0.36379248 0.12993264
vt 0.22088566 0.11693573
vt 0.33780605 0.15589070
vt 0.31232285 0.18201643
vt 0.41264331 0.07801759
vt 0.52610487 0.12354493
vt 0.49071771 0.17222089
vt 0.45472640 0.19484562
vt 0.16587655 0.82756519
vt 0.16578019 0.79114312
vt 0.20733295 0.85416436
vt 0.29634860 0.64802688
vt 0.38259932 0.66231471
vt 0.46885002 0.67660254
vt 0.62361968 0.18188441
vt 0.64960605 0.15592629
vt 0.76856339 0.19488049
vt 0.21009785 0.63373905
vt 0.25028184 0.69991559
vt 0.29361135 0.76254904
vt 0.20421511 0.75180429
vt 0.21706569 0.84876865
vt 1.00000024 0.19682264
vt 1.00000000 0.27272731
vt 0.10396530 0.07798070
vt 0.80576992 0.73092842
vt 0.49014318 0.84440142
vt 0.07797888 0.10393882
vt 0.99996787 0.99999839
vt 0.84370476 0.99925220
vt 1.00043094 0.83190691
vt 0.18200992 0.14447743
vt 0.15535772 0.02614522
vt 0.18125068 0.00008178
vt 0.28189135 0.14810371
vt 0.21766305 0.24498600
vt 0.12946478 0.05220872
vt 0.13421038 0.19506955
vt 0.09601074 0.08588302
vt 0.32861128 0.23401248
vt 0.28423667 0.29889643
vt 0.02854243 0.15332133
vt 0.37884524 0.34551692
vt 0.33335692 0.37687331
vt 0.23085873 0.37694496
vt 0.28892952 0.44016767
vt 0.33838505 0.52823985
vt 0.47996709 0.47428548
vt 0.43629733 0.67431509
vt 0.38722277 0.59771109
vt 0.48071754 0.61080408
vt 0.45671949 0.29126585
vt 0.42050868 0.17062896
vt 0.35629728 0.14252192
vt 0.49881202 0.39246631
vt 0.52165216 0.31698930
vt 0.54449224 0.24151242
vt 0.49537200 0.16353554
vt 0.44909793 0.08565736
vt 0.25321099 0.00258172
vt 0.32517129 0.00508171
vt 0.39713165 0.00758165
vt 0.46909198 0.01008159
vt 0.63100153 0.42980486
vt 0.54119766 0.42832690
vt 0.63050795 0.35140467
vt 0.43287200 0.45047313
vt 0.52218223 0.37355089
vt 0.30257726 0.50064039
vt 0.41385654 0.39569712
vt 0.21622054 0.49476558
vt 0.30579814 0.41861343
vt 0.61149251 0.29662859
vt 0.50316679 0.31877482
vt 0.59247708 0.24185252
vt 0.39414501 0.33891606
vt 0.48197687 0.25773513
vt 0.57346153 0.18707657
vt 0.10636580 0.45856088
vt 0.55444610 0.13230050
vt 0.17818958 0.38521361
vt 0.31372577 0.26847726
vt 0.91768658 -0.00007296
vt 0.24888572 0.91718560
vt 0.47940499 0.12577903
vt 0.94639105 0.00009185
vt 0.99999940 0.00000679
vt 0.87720519 0.10981399
vt 0.91179812 0.05495292
vt 0.89278269 0.00017691
vt 0.85818976 0.05503798
vt 0.83917433 0.00026190
vt 0.82359684 0.10989910
vt 0.78556597 0.00034702
vt 0.78900397 0.16476011
vt 0.41949421 0.42856860
vt 0.50115901 0.35192770
vt 0.25157866 0.49092162
vt 0.33324343 0.41428077
vt 0.41490823 0.33763993
vt 0.49657303 0.26099902
vt 0.19016574 0.45332396
vt 0.32865751 0.32335210
vt 0.41032231 0.24671125
vt 0.49198711 0.17007035
vt 0.56146669 0.00051576
vt 0.07907718 0.46234602
vt 0.20871907 0.31402266
vt 0.32407159 0.23242337
vt 0.40573639 0.15578246
vt 0.48740119 0.07914156
vt 0.87106919 0.33018863
vt 0.31807932 0.21014345
vt 0.16358861 0.34320515
vt 0.74054003 0.22083938
vt 0.47215641 0.07743806
vt 0.49819246 0.00042927
vt 0.36847132 0.11215711
vt 0.41068244 0.00091493
vt 0.23133647 0.22881454
vt 0.88344681 0.23383623
vt 0.54854202 0.67567265
vt 0.59291661 0.61078870
vt 0.94735765 0.05421054
vt 1.00000083 0.08627999
vt 1.00035882 0.03871441
vt 0.94452339 0.00066936
vt 0.99999487 0.00001025
vt 1.00132799 0.14175928
vt 0.94480431 0.03937453
vt 1.00183332 0.19547296
vt 0.94608629 0.17566955
vt 0.94534242 0.09658563
vt 0.88774848 0.05677539
vt 0.89012742 0.13334501
vt 0.94662446 0.23289537
vt 0.89070582 0.19485128
vt 0.83506238 0.24258494
vt 1.00000107 0.03895545
vt 0.31553632 0.60013235
vt 0.47442472 0.51349437
vt 0.94870996 0.00003296
vt 0.81692719 0.05830920
vt 0.14944759 0.57993311
vt 0.19100037 0.64295435
vt 0.87182593 0.03905416
vt 0.79181176 0.07854575
vt 0.23255312 0.70597565
vt 0.12427503 0.74611616
vt 0.38330227 0.62971920
vt 0.27410588 0.76899689
vt 0.21248153 0.28487265
vt 0.05125581 0.19613326
vt 1.00249982 0.27395844
vt 0.48321924 0.61829817
vt 0.38243160 0.74685061
vt 1.00001657 0.45431250
vt 0.80505586 0.26039392
vt 0.31565866 0.83201814
vt 0.73914033 0.29473042
vt 0.39806879 0.57322967
vt 0.52260917 0.44415450
vt 0.64714956 0.31507933
vt 0.77168995 0.18600410
vt 0.53612548 0.71405363
vt 0.38076666 0.51617038
vt 0.50530702 0.38709521
vt 0.61667866 0.26717061
vt 0.74173605 0.12622631
vt 1.00004697 0.45912725
vt 0.90992689 0.48465335
vt 1.00005078 0.51896966
vt 0.90993071 0.54449576
vt 1.00005460 0.57881212
vt 0.90993446 0.60433817
vt 1.00005829 0.63865459
vt 0.90993822 0.66418064
vt 1.00006199 0.69858289
vt 0.90994191 0.72402310
vt 0.81749183 0.57119912
vt 0.81981432 0.62986428
vt 0.72969425 0.65539038
vt 0.79889834 0.70952427
vt 0.69346917 0.74955285
vt 0.58565062 0.72683811
vt 0.81982183 0.74954915
vt 0.54946297 0.84901267
vt 0.83885765 0.80378377
vt 0.72970545 0.83491766
vt 0.63958538 0.86044371
vt 1.00003088 0.81819278
vt 0.73155892 0.91205937
vt 0.63958919 0.92028618
vt 0.56318295 0.95116454
vt 0.45934522 0.91149586
vt 0.44600913 0.79942214
vt 0.35589284 0.88479060
vt 0.21405032 0.95680648
vt 0.65521598 0.11692572
vt 0.57913899 0.07795554
vt 0.50306201 0.03898537
vt 0.42468154 0.88197964
vt 0.42662808 0.00001532
vt 0.69044948 0.15591109
vt 0.61437249 0.11694098
vt 0.53829557 0.07797074
vt 0.46221858 0.03900057
vt 0.74164623 -0.00423014
vt 0.30368176 0.52719778
vt 0.51132512 0.08509237
vt 0.42137516 0.03901577
vt 0.31237471 0.00005782
vt 1.00069475 0.59384280
vt 0.83430445 0.44742447
vt 1.00055933 0.56598330
vt 1.00094426 0.64518380
vt 0.99911356 0.53726161
vt 0.76052153 0.26112151
vt 0.81323689 0.40788692
vt 0.63625306 0.20160472
vt 0.54534566 0.14532399
vt 0.64320302 0.06404430
vt 0.73970807 0.18591493
vt 0.61018884 0.00029933
vt 0.50850344 0.00040084
vt 0.69511831 0.19505817
vt 0.61331320 0.13019192
vt 0.49205574 0.06536514
vt 0.44085974 0.00046825
vt 0.38053179 0.03903103
vt 1.00006759 0.72937858
vt 1.00000000 0.99997509
vt 0.22740340 0.19114602
vt 0.12451473 0.91357607
vt 0.12451331 0.87460548
vt 0.10546096 0.38534188
vt 0.34926584 -0.00281620
vt 0.99999696 0.00000876
vt 1.00268912 0.06331992
vt 0.85549110 0.91843921
vt 0.42513832 0.63260448
vt 0.99998903 0.76361310
vt 0.95286113 0.36191189
vt 0.99999851 0.25843430
vt 1.00167167 0.33175838
vt 0.29091126 0.16749835
vt 0.37683916 0.07841510
vt 0.40322298 0.00141096
vt 0.99999958 0.82024670
vt 0.90409690 0.38883007
vt 0.35045537 0.15541923
vt 0.45850399 0.00177419
vt 0.43212020 0.07877833
vt 0.51378500 0.00213742
vt 0.46782845 0.00000000
vt 0.23401172 -0.00004661
vt 0.18292004 -0.00001860
vt -0.00000659 0.18182474
vt -0.00109822 0.58811378
vt 0.89749539 0.28527915
vt 0.50416738 0.74055660
vt 0.57205623 0.00015610
vt 0.54529601 0.00000000
vt 0.68813610 0.00124806
vt 0.73968405 0.00019401
vt 1.00000119 -0.00000656
vt 0.99662083 0.84599578
vt 1.00000000 0.00004911
vt 0.00063510 0.23596257
vt 0.88478792 0.22020066
vt 0.99999893 0.11688828
vt 0.92192608 0.11688828
vt 0.99999869 0.07792854
vt 0.92192578 0.07792854
vt 0.99999845 0.03896880
vt 0.92192554 0.03896880
vt 0.79355925 0.15584803
vt 0.81531417 0.19480777
vt 0.84385294 0.07821667
vt 0.65680057 0.29676968
vt 0.63636369 0.09090912
vt 0.73540705 0.00813431
vt 0.53465134 0.01234144
vt 0.09350204 0.45614845
vt 0.27272728 0.10759294
vt 0.09090909 0.27272731
vt 0.00000000 0.36363631
vt 0.00000000 0.18181819
vt 0.09090909 0.09090912
vt 0.18181819 0.00000000
vt 0.50743514 0.54889947
vt 0.59391701 0.02869254
vt 0.99999970 0.00000548
vt 0.64754355 0.00054884
vt 0.99991310 0.00000000
vt 1.00000000 0.09090912
vt 0.15588744 0.02609628
vt 0.20775479 0.00007796
vt 0.19754338 0.02622139
vt 0.47651064 0.52855188
vt 0.18182446 -0.00002050
vt -0.00026872 0.36390501
vt 0.00000000 0.18181819
vt 0.23369139 0.00015593
vt 0.29492483 0.00033998
vt 0.23427194 0.02633178
vt 0.25257015 0.05242962
vt 0.12995669 0.05219257
vt 0.17713712 0.05233443
vt 0.10105683 0.08160353
vt -0.00162379 0.72737944
vt -0.00155852 0.36138552
vt 0.63660342 1.00272679
vt 0.31150705 0.02656394
vt 0.20782419 0.19632590
vt 0.25959659 0.16934186
vt 1.00038505 0.42352259
vt -0.00003548 0.54490912
vt 0.20164281 0.07858211
vt 0.15540113 0.08002234
vt 0.13646670 0.59316361
vt 0.00262168 0.34252942
vt 0.01612665 0.76014566
vt 0.01572370 0.63607991
vt 0.04048934 0.14942908
vt 0.00030301 0.18267375
vt 0.30820888 0.91737944
vt 0.99999821 0.00000906
vt 0.00022147 0.54860860
vt 0.28462687 1.00000000
vt 0.00001714 0.99996996
vt 0.73733246 -0.00043678
vt 0.72492623 0.03863442
vt 0.79020256 0.03917027
vt 0.80299890 -0.00032532
vt 0.86866534 -0.00021386
vt 0.85625911 0.03885734
vt 0.93433177 -0.00010240
vt 0.18181819 0.00000000
vt 0.20776650 0.05242646
vt -0.00563588 0.18294674
vt 0.18182188 0.00000370
vt 0.67429328 0.05545664
vt 0.18181819 0.00000000
vt 0.48459998 0.00028926
vt -0.00007517 0.18221921
vt 0.27384296 0.99681962
vt 0.17991525 0.00174987
vt 0.44002473 0.05478543
vt 0.00003831 0.72723758
vt 0.00000000 0.54572058
vt 0.56076640 0.99371809
vt 0.99999964 0.00000173
vt 1.00000000 0.99999356
vt -0.00019733 0.54187286
vt 0.00000000 0.18181819
vt 0.18204509 -0.00028038
vt 0.09090909 1.00000000
vt 0.00000000 0.99999934
vt 0.00060028 0.72787303
vt 0.90909088 0.00000000
vt 1.00000000 0.00000000
vt 1.00000000 0.09090912
vt 0.53786188 0.99887812
vt 0.57729179 0.35092819
vt 0.99999177 0.40501535
vt 0.62816840 0.09090912
vt 0.34759375 0.80545592
vt 0.41541821 0.87032449
vt 0.30321917 0.87033981
vt 0.39196834 0.74057198
vt 0.45979279 0.80544049
vt 0.25884458 0.93522376
vt 0.18320374 0.99881613
vt 0.16340399 0.85076725
vt 0.21447000 1.00010765
vt 0.12255429 0.88313454
vt 0.11889766 0.80067480
vt 0.09191572 0.87024343
vt 0.06127714 0.81675529
vt 0.06090980 0.72704959
vt 0.03063857 0.93619645
vt 0.11380521 0.71638775
vt 0.15742014 0.76225781
vt 0.11061915 0.63452673
vt 0.06098903 0.62201059
vt 0.06015396 0.43104005
vt 0.08879878 0.43908685
vt 0.00000000 0.73236132
vt 0.00000000 0.18251234
vt 0.09191571 1.00004280
vt 0.09191571 0.92495537
vt 0.13086098 1.00006342
vt 0.06059065 1.00002623
vt 0.06127714 0.93230200
vt 0.12255429 0.93801278
vt 0.04155141 0.84129006
vt 0.04154932 0.78406847
vt 0.08303240 0.85885239
vt 0.08299375 0.78570569
vt 0.04155710 0.99717259
vt 0.00007544 0.96102959
vt 0.04155568 0.95820194
vt 0.00007402 0.92205894
vt 0.06805371 0.91742492
vt 0.00007260 0.88308835
vt 0.04155283 0.88026071
vt 0.00007117 0.84411770
vt 0.00006836 0.76724368
vt 0.00006690 0.72720581
vt 1.00001979 0.42857146
vt 1.00000000 0.45454544
vt 0.09279765 0.95470887
vt 0.08303734 0.99434495
vt 0.12445371 0.81365120
vt 0.41507235 0.95031291
vt 0.53243119 1.00039089
vt 0.37157476 1.00051439
vt 0.45747310 0.89794254
vt 0.64969295 0.92506719
vt 0.70307994 1.00039542
vt 0.88123626 1.00009441
vt 0.99999070 0.99999815
vt 0.00256042 0.96545583
vt 0.05275403 0.99955207
vt 0.00000823 1.00000000
vt 0.00510630 0.93099713
vt 0.05403378 0.98223060
vt 0.00709393 0.90409434
vt 0.10398988 0.94093925
vt 0.11317647 0.99903893
vt 0.10704741 0.97815770
vt 0.16021699 0.97520059
vt 0.21099146 0.99820822
vt 0.10855868 0.95770240
vt 0.16172647 0.95154321
vt 0.70759910 0.82445997
vt 1.00002348 0.96775478
vt 1.00000095 0.99999988
vt 0.85632062 0.85471517
vt 1.00004709 0.93561286
vt 0.70568806 0.77960569
vt 1.00009668 0.87101662
vt 0.77600706 0.77036399
vt 1.00012350 0.83603597
vt 0.56888151 0.67488927
vt 0.71264768 0.69777930
vt 0.85641712 0.72901785
vt 1.00017095 0.77427912
vt 0.21068612 0.84730691
vt 0.25244045 0.85808539
vt 0.16137251 0.89277893
vt -0.00162146 0.89592260
vt 0.17970347 0.99990249
vt 0.00003164 0.99999475
vt 0.14189968 0.59257174
vt 0.62767941 0.00059152
vt 0.00485824 0.59844148
vt 0.48490795 0.00022990
vt 0.25615713 0.63601363
vt 0.00820296 0.86034322
vt 0.13105223 0.68968844
vt 0.13073540 0.64737231
vt 0.00651187 0.81876367
vt 0.00619504 0.77644753
vt 0.00588043 0.73442709
vt 0.12451758 0.99151736
vt 0.03981414 1.00021970
vt -0.00000023 0.99988586
vt -0.00036986 0.93404317
vt 0.03944451 0.93437696
vt 0.07962851 1.00055349
vt 0.07925888 0.93471080
vt 0.11944289 1.00088727
vt 0.11897188 0.91698605
vt 0.15925726 1.00122118
vt 0.15888762 0.93537843
vt 0.19907163 1.00155497
vt 0.19870199 0.93571222
vt 0.23888601 1.00188875
vt -0.00073949 0.86820042
vt 0.06657994 0.85178733
vt 0.99999899 0.14285445
vt 0.91605014 0.00000155
vt 0.99999934 0.00000185
vt 0.99999785 0.57216048
vt 0.78691816 0.50454044
vt 0.99871087 0.42698640
vt 0.99733609 0.28277576
vt 0.83468837 0.00000137
vt 0.99962604 0.85666418
vt 0.80804366 0.85416114
vt 0.66206551 0.63608545
vt 0.15827793 0.82676977
vt -0.00110911 0.80235773
vt 0.07851963 0.80302536
vt 0.11833400 0.80335915
vt -0.00148096 0.73611867
vt 0.05919971 0.73702377
vt 0.57975340 0.56867152
vt 0.53159529 0.56693244
vt 0.69088054 0.72860301
vt 0.63422608 0.70906639
vt 0.71465236 0.85048330
vt 0.99999702 0.99997008
vt 0.85631692 0.99431187
vt 0.82724965 0.99316716
vt 0.79845852 0.99203336
vt 0.74563593 0.99317276
vt 0.47463855 0.99901831
vt 0.44625172 0.85601151
vt 0.58923727 0.99654633
vt 0.69286060 0.99450356
vt 0.63904881 0.99431795
vt 0.56944841 0.70973504
vt 0.46498072 0.71198845
vt 0.49907434 0.85487211
vt 0.41098061 0.71315324
vt 0.11796439 0.73751646
vt 0.39342913 0.85715091
vt 0.35815799 0.71429265
vt 0.00000504 0.99999088
vt 0.21465066 1.00029337
vt 0.05938283 0.67118573
vt -0.00221092 0.60482967
vt 0.24529922 0.52745694
vt 0.20442459 0.69770300
vt 0.29847357 0.72747898
vt 0.25409898 0.79236293
vt 0.04384065 0.40348053
vt 0.08267465 0.66510057
vt 0.04113483 0.60697269
vt -0.00042839 0.53905761
vt -0.00036133 0.48801577
vt -0.01078605 0.39415413
vt 0.00000000 0.99999332
vt 0.40603742 0.99986035
vt 0.30704409 0.99983710
vt 0.62326020 0.90724492
vt 0.70552617 0.99993080
vt 1.00010204 0.63725036
vt 1.00012493 0.68292665
vt 0.99975353 0.72848248
vt -0.00258762 0.53898692
vt 0.00007687 1.00000024
vt -0.00007517 0.18221921
vt 0.19712520 0.10896587
vt 0.00108830 0.28104806
vt -0.00000421 0.70032758
vt 0.00065743 0.43324620
vt 0.08402398 0.55386901
vt 0.99999917 1.00000072
vt 0.99999392 1.00000024
vt 1.00000000 0.43613577
vt 1.00000000 0.63636363
vt 0.81818181 0.32591015
vt -0.00010066 0.72292602
vt 0.00007894 0.78563088
vt 0.00643759 0.48103642
vt 0.27352840 0.70230496
vt 0.15179834 0.47264123
vt 0.13895601 0.33793044
vt 0.10468902 0.22478539
vt 0.13367148 0.56229043
vt 0.11306305 0.36399388
vt 0.52851105 0.00272512
vt -0.00068685 0.23347777
vt 0.00002903 0.18178916
vt 0.18186305 0.00000137
vt 0.04143072 0.71880949
vt 0.12436964 0.78187835
vt 0.08288800 0.74573535
vt 0.08280559 0.71458596
vt 0.04131955 0.67678827
vt -0.00009350 0.66658241
vt -0.00026939 0.60010028
vt 0.00000353 0.99999779
vt 0.00000000 0.18181819
vt 1.00000000 0.45604473
vt 0.99999654 0.99997008
vt 0.99999934 0.00000185
vt -0.00035978 0.56593633
vt -0.00000388 0.18182731
vt 0.16403112 0.68562776
vt 0.41001189 0.99981052
vt 0.00000580 1.00000155
vt 0.56218243 0.51605690
vt 0.18366902 -0.00002110
vt 0.89770389 0.00042391
vt 0.81818175 1.00029790
vt -0.00029533 0.18211329
vt 0.63418609 0.63418603
vt 0.55756420 0.99958265
vt 0.18155143 -0.00026667
vt 1.00000000 0.09090912
vt 0.90881318 0.00006926
vt 0.18181819 0.00000000
vt 0.36224872 -0.00075030
vt 0.27224728 0.14699513
vt 0.99997544 0.27272731
vt 1.00000000 0.45454544
vt 0.65008634 0.42206222
vt 0.00000000 1.00000000
vt 0.00000000 0.90909088
vt 0.09090909 1.00002551
vt 0.36595663 -0.00258565
vt 1.00000000 0.00000000
vt -0.00000148 1.00001144
vt 0.01119082 0.43414021
vt 0.98274672 0.81237531
vt -0.00001217 0.18182367
vt 1.00000000 0.63376081
vt 1.00000024 0.27205360
vt 0.69555831 -0.00016153
vt 0.99999696 0.00001919
vt 0.22602953 0.33782274
vt 1.00000548 0.63636363
vt 0.00017543 0.72711122
vt 0.00000000 0.54545450
vt 0.36363637 0.00000000
vt 0.00000000 0.18181819
vt 0.18181744 0.00000077
vt 0.09090909 1.00000000
vt 0.00000000 0.99999267
vt 0.27153099 1.00348485
vt 0.00000000 0.18181819
vt 1.00000000 -0.00000107
vt 0.00000000 0.36363631
vt 1.00000000 0.81818181
vt 0.81820434 1.00065541
vt 1.00000024 0.00000089
vt 0.18181811 0.00000000
vt 0.99999988 0.99999970
vt 1.00000000 0.63636363
vt 1.00300992 0.81821382
vt 1.00000000 1.00000000
vt 0.82078660 1.00000000
vt 0.99922889 0.80234325
vt 1.00000000 1.00000000
vt 0.82315826 1.00000000
vt 1.00000000 1.00000000
vt 0.63731343 1.00000000
vt 1.00000000 1.00000000
vt 0.59399956 1.00000000
vt 0.29741535 0.99996793
vt 0.00000824 0.99998468
vt 0.99997520 0.81696433
vt 0.81818175 1.00000000
vt 0.63636363 0.99999559
vt 1.00000000 1.00000000
vt 0.45651487 0.74783492
vt 0.79262280 1.00000000
vt 0.45454547 1.00000000
vt 0.45454550 0.27272731
vt 0.27272728 0.27272725
vt 0.29783270 0.09090918
vt 0.63636374 0.43791807
vt 0.45454550 0.45454544
vt -0.00040307 0.90949398
vt 0.00060547 0.72666728
vt 0.27272728 0.67053425
vt 0.60802317 0.61586726
vt 0.00427217 0.53049469
vt 0.18237175 -0.00028157
vt 1.00000322 0.00000381
vt 0.99977398 1.00010824
vt 0.53201139 0.81818181
vt 0.48496556 1.00000024
vt 0.04847259 0.69003713
vt 0.99979949 0.62763393
vt 0.81818175 1.00000000
vt 0.04492656 0.95401746
vt 0.18182342 0.00000000
vt 0.64947420 0.00266671
vt 1.00000000 0.99997419
vt 0.81818181 0.81818181
vt 0.65101618 0.63618195
vt -0.00055107 0.36418742
vt 0.18181688 0.00000131
vt 0.40677810 -0.00500143
vt -0.00049415 0.54594862
vt 0.22461370 0.73256016
vt 0.99567974 0.37192577
vt 0.99999994 -0.00015652
vt 0.00017902 0.71025717
vt 0.27266875 0.99918592
vt 0.35670236 -0.00693393
vt 0.58857870 -0.00000691
vt 0.99999958 0.00000066
vt -0.00008795 0.72718477
vt 0.00000058 1.00000596
vt 0.00000000 0.54545450
vt 0.00000000 0.36363631
vt 0.09090909 0.45454544
vt 0.00007507 0.18189329
vt 0.09090909 0.09090912
vt 0.45454547 1.00000000
vt 0.00000000 0.18181819
vt 0.18185097 0.00003278
vt 0.99896926 0.60842025
vt 0.00000000 0.18181819
vt 0.99999923 0.00000006
vt -0.00031984 0.18287790
vt 0.18181819 0.00000000
vt -0.00000529 0.18193996
vt 0.62519211 0.00159526
vt 0.95553869 0.04572570
vt 1.00000000 0.43394792
vt 1.00000000 0.65590513
vt 0.90922081 -0.00003529
vt 1.00117838 0.42823833
vt 0.00085734 0.18349993
vt 0.18480320 -0.00130558
vt 1.00000000 0.81818181
vt 1.00000000 1.00000000
vt 0.81696236 0.99642563
vt 0.99487197 0.74506760
vt 0.99996489 1.00000000
vt 0.60870266 1.00132883
vt 0.27272728 1.00000000
vt 0.09090909 0.99999201
vt 0.00000010 1.00000155
vt 0.45315072 1.00252819
vt 0.27272728 1.00000000
vt 1.00000000 0.00001371
vt 0.00000000 1.00000000
vt 0.00018928 0.90886378
vt 0.09090909 1.00000000
vt 0.53417265 0.98625326
vt 1.00000000 0.60366619
vt 1.00000000 0.99991840
vt -0.00042225 0.54567719
vt 1.00314820 0.27217287
vt 1.00102055 0.81826866
vt 1.00000000 1.00000000
vt 0.81818175 1.00000000
vt 0.57852918 -0.00101793
vt 0.99994683 -0.00000334
vt 1.00002313 0.63636363
vt 0.18181819 0.00000000
vt 0.36319295 0.00044346
vt 0.00009467 0.18172354
vt 0.82939166 0.00011033
vt 0.53921545 0.00071859
vt 0.18181819 0.00000000
vt 0.35757384 0.00460887
vt -0.00013602 0.18193460
vt 0.99993545 1.00000000
vt 0.47104689 1.00034308
vt 0.63636363 1.00000000
vt 0.45454547 1.00000000
vt 0.00093714 0.54515016
vt 0.27272728 0.99999130
vt 0.51341426 0.99004775
vt 0.00018473 0.50077748
vt 0.37970722 0.01568514
vt 0.00014687 0.72715318
vt 0.00000135 1.00000131
vt 1.00000000 0.45210761
vt 0.50024605 0.36329180
vt 0.81818175 1.00000000
vt 0.99977118 0.81798160
vt 1.00000000 1.00000000
vt 0.72524363 0.99981463
vt 1.00000000 0.00002354
vt 0.00000000 0.99999726
vt 0.00000000 0.72727275
vt 0.99999923 0.00000352
vt 0.18181819 0.00000000
vt -0.00021013 0.18185771
vt 0.00000000 0.36363631
vt 0.56388909 0.00000000
vt 0.00000479 0.18221736
vt 0.18179736 -0.00002086
vt 0.00000000 0.90909088
vt 0.00000000 0.72727275
vt 0.20646101 0.89959443
vt 0.99999106 0.99999976
vt 0.00000000 0.36363631
vt 0.43139970 0.02559912
vt 0.00001691 0.18169540
vt 0.18181789 -0.00000024
vt 0.00000000 0.54545450
vt 0.99999952 -0.00000191
vt 0.00009693 1.00000000
vt -0.00000036 0.99999923
vt -0.00002167 0.17877781
vt 0.53547829 0.99910587
vt 0.26802993 1.00000000
vt 0.00000000 1.00000000
vt 0.00000000 0.90918589
vt 0.09431450 0.99999970
vt 0.81174517 0.98946893
vt 0.72323656 0.01214051
vt 1.00005984 0.45466506
vt 0.63009727 1.00000334
vt 0.18219693 0.00066620
vt 1.00000000 0.64422089
vt 1.00000000 0.80350131
vt 0.99996918 1.00000000
vt 0.99485189 0.37909198
vt -0.00000153 0.99999952
vt 0.36362895 0.00033587
vt 0.54565424 0.00019968
vt 0.00026607 0.17962837
vt 1.00000000 1.00000000
vt 0.99987417 0.80927378
vt 0.24362502 0.79726952
vt 1.00292253 0.30753130
vt 0.45943207 0.18465102
vt 0.39655039 0.55580294
vt 0.18175326 0.00008142
vt 0.00077142 0.68807906
vt 0.00009424 0.18294626
vt 0.00196220 0.54470313
vt 0.00000000 0.72727275
vt 0.36678854 0.00000000
vt 0.27661109 0.99860251
vt -0.00005551 0.90914643
vt -0.00344605 0.73625994
vt 0.00000000 1.00000000
vt 0.09090909 1.00000000
vt 0.00002549 0.18004155
vt 0.36307582 0.00026530
vt 0.18181819 0.00000000
vt 0.42976665 0.99876630
vt -0.00000591 1.00000334
vt 1.00000095 0.81818187
vt 0.81818175 1.00000000
vt 0.60976791 0.99805307
vt 1.00000000 1.00000000
vt 0.27272123 1.00000000
vt 0.00007903 0.99999011
vt 1.00000000 1.00000000
vt 0.72615933 1.00000000
vt 0.00001252 1.00000381
vt 0.99998993 -0.00000203
vt 0.54425120 1.00233185
vt 0.54545456 0.00000000
vt 0.72718310 0.00007790
vt 0.00010577 0.18201613
vt 1.00000000 0.61182338
vt 0.73057610 0.00462961
vt 0.99999332 -0.00000203
vt 0.99993610 0.26881522
vt 0.73018754 -0.00025547
vt 0.18181819 0.00000000
vt 0.36363637 0.00000000
vt 0.99999446 0.00003260
vt 0.99999654 0.00000209
vt 1.00000381 0.99998885
vt 0.45126441 1.00000000
vt 0.00188065 0.36535597
vt 0.00000000 0.36363631
vt 0.00000000 0.18181819
vt 0.09090909 0.27272731
vt 0.00000000 0.99988115
vt 0.00000000 0.54561990
vt 0.09090909 0.99999791
vt 0.18148826 0.00032991
vt 0.52091187 -0.01038563
vt 0.27272728 0.09090918
vt 0.99997544 -0.00000334
vt 0.45454550 0.09090918
vt 0.99998683 0.00000000
vt 0.99983239 0.09090912
vt 0.00000867 0.99999863
vt 0.00003441 0.37717521
vt 0.00005680 0.18178403
vt 0.39371693 -0.00000584
vt 0.45470029 0.99984521
vt 0.03488420 0.99353039
vt 0.51092553 0.63636363
vt 0.00150287 0.72580785
vt 0.27272728 0.45454544
vt 0.00002309 0.18189603
vt 0.18227161 -0.00000095
vt 0.00000000 0.99999028
vt 0.00000000 0.54545450
vt 0.01254278 0.37617910
vt 0.99999905 0.00000775
vt 0.18246470 -0.00000763
vt 0.18181819 0.00000000
vt 0.99999970 0.00000000
vt 1.00000000 0.09090912
vt 0.18121146 -0.00007927
vt 0.00008674 0.18190491
vt 0.57108247 -0.00002861
vt 0.00001133 0.18314934
vt 0.18178669 0.00002676
vt 0.69349211 -0.00036454
vt 1.00000000 1.00000179
vt 0.00005753 0.18217671
vt 1.00000000 0.27272731
vt 0.99999672 0.99999911
vt 0.99999774 0.99999768
vt 0.54195887 0.00046515
vt -0.00335659 0.72952092
vt 0.00262134 0.54283315
vt 0.27282339 0.33446360
vt 0.09581871 0.99979341
vt 0.66455460 1.00066102
vt 0.00007884 0.35282958
vt 0.00008192 0.18173623
vt 0.90285587 0.00014120
vt 1.00151134 0.09065533
vt 0.45716041 0.60834616
vt 0.28269199 1.00135362
vt 0.36668691 0.00618303
vt 0.63636363 1.00003731
vt 0.03167207 0.57368493
vt 0.98220026 0.63636363
vt 1.00010049 0.81818181
vt 0.00400441 0.90508652
vt 0.18206574 0.00000000
vt 1.00000000 0.00000000
vt 0.99956304 0.43431199
vt 0.00110671 0.18558526
vt 0.54404902 -0.00264072
vt 0.18181819 0.00000000
vt 0.45270506 0.50527972
vt 0.18255728 0.00028116
vt 1.00009894 0.32856238
vt 0.99994826 0.67213017
vt 0.01397083 0.72945440
vt 0.00001653 0.50789958
vt -0.00001071 0.18166661
vt 0.00000000 0.99999374
vt 0.53809607 0.81818181
vt 0.00000000 0.18032116
vt 0.18125871 0.00050974
vt 0.74660385 0.01631564
vt 1.00000000 0.27272731
vt 1.00000000 0.45454544
vt 1.00000000 1.00000000
vt 0.64966559 1.00000000
vt 0.99993175 0.00001621
vt 0.00000120 0.99999869
vt -0.00217249 0.59770221
vt 0.00000000 0.36363631
vt 1.00000000 0.99999195
vt 0.81818175 1.00000000
vt 0.77621090 0.68330836
vt 0.39953405 -0.00005913
vt 0.99999481 -0.00000107
vt 1.00000000 0.36990881
vt 0.71366680 0.01872534
vt 1.00000000 0.82203764
vt 1.00000000 1.00000000
vt 0.81818175 1.00002062
vt 1.00000000 0.99999940
vt 0.99999094 0.00000775
vt 0.42024639 1.00000000
vt -0.00000095 1.00000250
vt 0.99991149 1.00000000
vt 0.00000000 0.72727275
vt 0.26512164 0.68753737
vt 0.27272728 1.00000000
vt 0.00004079 0.99986178
vt 0.36135674 0.00001287
vt 0.52644670 0.28228855
vt 0.00000000 0.59040809
vt 0.00002313 0.36361527
vt 0.18181819 0.00000000
vt -0.00050001 0.18231821
vt 0.45534879 0.99772173
vt 0.45397571 1.00056970
vt 0.47965497 0.69632411
vt 0.99607223 0.63901609
vt 0.99948597 0.45454538
vt 1.00000000 0.00018710
vt 1.00002122 0.27272737
vt 0.91151702 0.00010210
vt 0.81931609 1.00000000
vt 0.00000000 0.72727275
vt 0.00000000 0.54545450
vt 0.12066986 0.61946279
vt 0.27272728 1.00000000
vt 0.00000000 0.99996978
vt -0.00000286 0.36363345
vt 0.00427865 0.17797989
vt 0.09090909 1.00000000
vt 0.45454547 0.99996758
vt 0.46171150 0.50537992
vt 0.63636303 1.00009620
vt 0.00000000 0.90909088
vt 0.00030366 0.72694856
vt 0.25787377 0.73900783
vt 0.64372718 0.82324207
vt 0.81818175 1.00000000
vt 0.63636363 1.00000000
vt 1.00093508 0.63620692
vt 1.00000000 0.81818181
vt 0.49108601 0.67070669
vt 0.09150218 1.00000000
vt -0.00017248 0.73141336
vt 0.72732460 0.00005192
vt 1.00000000 0.09327835
vt 0.99673945 0.45209736
vt 0.99999893 0.45454544
vt 0.00000036 1.00000501
vt 0.00010489 0.18180031
vt 0.27272728 0.33487868
vt 0.18636492 0.00454676
vt 0.54415196 0.00145519
vt 0.18396229 0.00000000
vt 0.39579427 0.11094368
vt 0.09090909 0.09090912
vt 0.00072225 0.54473227
vt 0.00000000 0.36363631
vt 0.00045967 0.18227786
vt 0.33721083 0.93551648
vt 0.80755436 0.61484891
vt 0.63636369 0.81818181
vt 0.18200244 0.00000000
vt 0.27272728 0.09090918
vt 0.09090909 0.09090912
vt -0.00077151 0.36440778
vt 0.00000000 0.18181819
vt 0.56074053 -0.00810993
vt 0.63659662 0.75331295
vt 0.27337378 1.00000000
vt 0.00001477 1.00000000
vt 1.00000155 1.00000000
vt 1.00000000 0.81818181
vt 0.18133974 0.00061536
vt 0.52806187 0.37976611
vt 0.20722857 0.29563051
vt 0.54549837 -0.00044465
vt 0.90861285 0.00047803
vt -0.00014062 0.17147231
vt 0.18181819 0.00000000
vt 0.09090909 0.09090912
vt 0.72727275 0.00000000
vt 0.00212039 0.17923641
vt 0.63404810 0.99926889
vt 0.00003274 1.00000000
vt 0.00012096 0.89996415
vt 0.81818181 0.81818181
vt 0.90590262 0.00318825
vt 1.00000000 0.00010580
vt 0.81818181 0.56603914
vt 0.28496552 0.39726686
vt 0.99985272 0.09088737
vt 0.00445164 0.90502280
vt 0.00000000 0.72728026
vt 0.17998914 0.00398409
vt 0.72727275 0.00000000
vt 0.90907604 0.00001484
vt 0.54507756 0.00041443
vt 0.45506495 1.00168180
vt 0.96588010 0.42128390
vt 0.81929290 1.00416076
vt 0.18206920 0.00007379
vt 0.73203868 0.00415891
vt 0.99998355 0.00000000
vt 1.00000000 0.09120953
vt 0.27272728 0.99739385
vt -0.00001911 0.18199193
vt 0.00001941 0.18187833
vt 0.63636369 0.45454544
vt 0.45454550 0.27272731
vt 0.63636369 0.27272731
vt 0.00000000 0.90909088
vt 0.73002106 0.35296184
vt 0.36362934 0.00002420
vt 0.54609525 0.00005710
vt 0.36751282 0.35440445
vt 0.99978071 0.44076973
vt 0.00063800 0.54481649
vt 0.00000000 0.36363631
vt -0.00094505 0.18268752
vt 1.00000656 0.00000441
vt 1.00000584 0.63636363
vt 0.99999058 0.99999011
vt 1.00000012 0.99999130
vt 0.27216491 0.26537073
vt 0.99681044 0.59590518
vt 0.00045605 0.72720432
vt 0.73239088 0.52162838
vt 0.18315911 0.00042605
vt 0.77509975 0.04141200
vt 0.68966603 1.00007367
vt 0.49116811 0.49192065
vt 1.00000000 0.81870413
vt -0.00007663 0.18023741
vt 0.18275759 -0.00002015
vt 0.57857001 0.56116414
vt 0.00008910 1.00000000
vt 0.00000000 0.90909088
vt -0.00066202 0.72764295
vt 0.54545456 0.00000000
vt 0.72549242 0.00178033
vt 0.18099052 -0.00000751
vt 0.18408808 0.00000000
vt 0.52741033 0.02407378
vt 0.09456738 0.09090912
vt 0.47993344 0.99778485
vt 0.39761445 0.34163523
vt 0.99716884 0.44994009
vt 0.00013220 0.58896482
vt 0.35975802 0.72339439
vt 0.27272728 0.99988872
vt 0.54559809 0.00072628
vt 0.00001846 1.00000000
vt 0.00066385 0.56720710
vt 0.61273402 0.46783435
vt 0.99996746 0.61326253
vt 0.44011068 0.58011502
vt -0.00000057 0.99999297
vt -0.00008426 0.72753429
vt 0.00224969 0.18635339
vt 0.18192670 0.00000000
vt 0.45454550 0.09090918
vt 0.09080530 0.09090912
vt 1.00000000 1.00000143
vt 0.09071670 0.27276760
vt 0.55497462 0.27261126
vt 0.55206561 0.00000000
vt 0.63636369 0.09090912
vt 0.99993408 0.09090912
vt 0.09090909 0.81818181
vt 0.26214498 0.65863216
vt 0.09076738 1.00000000
vt -0.00000032 0.18062550
vt 0.00014130 0.18191773
vt 0.18181819 0.00000000
vt 0.27272728 0.09090918
vt 0.09090909 0.09090912
vt 0.09090909 0.27272731
vt 0.00000000 0.18181819
vt 0.90909088 0.00000000
vt 0.64059913 0.00369048
vt 0.00000226 0.99999779
vt 0.00292078 0.59627289
vt 0.18181819 0.00000000
vt 0.72699046 -0.00028229
vt 0.99995834 0.00000000
vt 1.00000000 0.09090912
vt 1.00000346 0.00000000
vt 0.83270580 0.81818181
vt 0.06926876 0.51665628
vt 1.00000036 0.00000763
vt 0.45454550 0.09090918
vt 0.60206157 0.12729818
vt 0.27272728 0.28084028
vt 0.27272728 0.09090918
vt 1.00000000 0.63542747
vt 0.81818181 0.63636363
vt 0.82059127 0.38522279
vt 0.36363637 0.00000000
vt 0.00000000 0.99995255
vt 0.95494169 0.04585075
vt 1.00001550 0.27272731
vt 0.72726524 -0.00036883
vt 1.00000000 1.00000143
vt 0.81818175 1.00000000
vt 0.36877978 1.00000000
vt 0.09090909 1.00000000
vt 0.00001304 1.00000048
vt 0.81818181 0.63636363
vt 0.00000054 0.18181765
vt 1.00033653 0.27272731
vt 0.00000005 1.00000000
vt 0.00000000 0.36363417
vt 0.18181819 0.00000000
vt 0.09090909 0.09090912
vt 0.63636369 0.45454544
vt 0.00000000 0.18181849
vt 0.27272728 0.81818181
vt 1.00000107 1.00000000
vt 0.00000197 1.00000000
vt 1.00000000 0.27272731
vt 0.81818181 0.45454550
vt 0.81818181 0.63636363
vt 1.00000000 0.63636154
vt 0.59340698 0.67274356
vt 0.45454547 1.00000000
vt -0.00000057 1.00000000
vt 0.81818175 1.00000000
vt 0.63801646 1.00001431
vt 0.36363637 0.00000000
vt 0.71616375 0.01122272
vt 0.99995816 0.00000387
vt 0.99645704 0.09557140
vt 0.47976410 0.40560913
vt 0.18088810 -0.00001144
vt 0.56280839 0.00033104
vt 0.99999785 0.45920497
vt 0.00000000 0.36363631
vt 1.00000000 0.00000000
vt 0.00000159 0.99999982
vt 0.18597895 0.00000000
vt 0.00550791 0.42157888
vt 0.00000544 0.18181270
vt 0.36358935 0.00004703
vt 0.18180904 0.00000912
vt 0.89198142 0.00011545
vt -0.00003109 0.90912199
vt 0.53234172 0.01209098
vt 0.99999958 0.00000000
vt 1.00000000 0.81818181
vt 1.00000584 1.00000000
vt 1.00000000 0.00007200
vt 0.54545456 0.00000000
vt 0.72935975 0.00208706
vt 0.63708836 0.17521870
vt 0.45454657 0.99992198
vt 0.27272728 1.00000000
vt 0.80311054 0.80311054
vt 0.81818175 1.00000000
vt -0.00000112 0.99999130
vt 1.00000000 0.09090912
vt 0.36356208 -0.00007439
vt 1.00000000 0.29785246
vt 1.00000000 1.00000393
vt 0.64516383 0.68787706
vt 0.45454550 0.76318091
vt 0.45454547 1.00000000
vt 0.27272728 0.99994642
vt 0.66479713 0.53661978
vt 0.36559939 0.00254679
vt -0.00016520 0.18124378
vt -0.00030872 0.39483553
vt 0.00000000 0.72727275
vt 0.00393017 0.54879344
vt 0.09148441 0.27261519
vt 0.00000000 0.18181819
vt 0.17931934 0.00249887
vt 0.45454243 0.99995488
vt 0.27272728 1.00000167
vt 0.27272728 0.63636363
vt 0.00007578 0.99999595
vt 1.00000000 0.81818181
vt 0.99999636 1.00000000
vt 1.00000083 -0.00000012
vt 1.00000000 0.27273393
vt 0.00000000 0.36363631
vt 0.36393172 0.82272846
vt 1.00000155 0.99997121
vt 0.40070543 1.00000000
vt 0.99998218 0.27276045
vt 0.54546350 -0.00000894
vt 0.09937203 0.99999988
vt 0.00004810 0.91051108
vt 0.56139207 0.74321020
vt 0.99999607 -0.00000954
vt 1.00000000 0.27272731
vt 0.81818181 0.27272731
vt 0.81951100 1.00000000
vt 0.98532689 0.65103674
vt 1.00000000 0.82039279
vt 0.81818175 1.00000000
vt 1.00000000 0.63636363
vt 0.00000000 1.00000000
vt 0.99999076 0.99997687
vt 0.00000000 1.00000000
vt 0.00000000 1.00000000
vt 0.36233529 -0.00006616
vt 0.72708535 0.00018740
vt 0.00000859 0.54544592
vt 1.00000000 0.45454544
vt 0.27599502 0.25668305
vt 0.99997663 0.59265268
vt 0.00004211 1.00000000
vt 0.00000000 0.90909088
vt -0.00143272 0.72679740
vt 0.00000510 0.99999738
vt 0.64115524 1.00000000
vt 1.00000000 0.00003254
vt 1.00000000 0.99985534
vt 0.56579757 -0.00815821
vt 1.00000000 1.00000000
vt 0.63636363 1.00000000
vt -0.00006524 0.54551977
vt 0.63636363 1.00000000
vt 1.00000000 0.45454544
vt 1.00000000 0.63636363
vt 0.58381814 1.00000000
vt 1.00000012 0.00000089
vt 0.99999994 0.00000083
vt 0.63419020 0.49543625
vt 0.09090909 0.99999994
vt 0.00452224 0.72275048
vt 1.00104916 0.54373074
vt 0.54174292 0.77914506
vt 0.00000334 0.18231058
vt 0.00000000 0.99997634
vt 0.00001561 0.99999499
vt -0.00058776 0.72450113
vt 0.45984405 0.99995756
vt 0.99999911 0.51861811
vt 1.00000000 1.00000000
vt 0.71883917 0.99999362
vt 0.45454544 1.00000823
vt 0.27272728 1.00000000
vt 0.01647143 0.45559710
vt 0.56879503 0.27272725
vt 1.00000000 0.27272731
vt 1.00000000 0.57616514
vt 0.60311806 0.57405043
vt 0.00070853 0.18478936
vt 0.18534304 -0.00049913
vt 1.00000000 0.99994802
vt 0.00093030 0.57731235
vt 0.27272728 0.99997920
vt -0.00000017 1.00000060
vt 0.99999815 0.63636363
vt 0.99995130 0.39365619
vt 1.00000000 1.00000274
vt 0.81818175 1.00000000
vt 0.63374978 1.00261390
vt 0.54894161 0.99809843
vt 0.00003316 0.99999589
vt 0.63636363 1.00000000
vt 0.45454547 1.00000000
vt 0.81818175 0.99993384
vt 1.00000000 0.11609119
vt 1.00201237 0.77347893
vt 1.00000000 0.99999911
vt 0.82370263 1.00000000
vt 0.46502367 1.00000000
vt 0.01356864 0.89567983
vt -0.00000629 1.00000000
vt 0.00921952 0.55467403
vt 0.99999881 -0.00000036
vt 1.00000358 0.27272737
vt 0.00000000 0.18181819
vt 0.18144879 0.00049299
vt 0.00000000 0.72727275
vt 0.99998850 0.00000000
vt 0.99999988 -0.00000143
vt 0.18287277 0.00030148
vt 0.90951812 -0.00042725
vt -0.00001786 0.18183607
vt 0.99961704 0.28301787
vt 0.54485244 0.00038624
vt 0.99797666 0.09172004
vt -0.00014134 0.54551601
vt 0.00000000 0.36363631
vt 0.10116649 0.27272731
vt 0.00000000 0.18181819
vt 0.18181047 0.00001281
vt 0.72727275 0.00000000
vt 0.99991858 0.00000000
vt 0.00000000 0.72727275
vt 0.00600778 0.53944671
vt 0.09090909 0.63636363
vt 0.00000000 0.90909088
vt 0.08144795 0.81818181
vt 0.27272728 0.27272725
vt 0.00355136 0.18341362
vt 0.27460858 0.09090918
vt 0.18314056 0.00000000
vt 0.00000000 0.54545450
vt 0.17380504 0.53744137
vt 0.27272728 1.00021255
vt 0.09090909 1.00000000
vt 0.00019105 0.72712469
vt 0.36363637 0.00000000
vt 0.54545456 0.00000000
vt 0.45454550 0.10382259
vt 0.99962062 0.45387566
vt 1.00000000 0.81818181
vt 0.81817341 0.99998087
vt 0.99999976 0.00000376
vt 1.00002277 0.27272731
vt 0.72691882 -0.00058162
vt 0.00000000 0.18181819
vt 0.18181819 0.00000000
vt 0.09173874 0.09090912
vt 0.99918687 0.81779528
vt 0.81818175 1.00000000
vt 0.31811169 1.00000000
vt 0.09090909 0.45454544
vt 0.00000000 0.36363631
vt 0.00010793 0.18178660
vt 0.00901678 0.90007412
vt 0.00000000 0.72727275
vt 0.09090909 0.63636363
vt 0.00000000 0.54545450
vt 0.45454550 0.45454544
vt 0.99995327 0.00009614
vt 0.90909088 0.00000000
vt 0.45454550 0.27272731
vt 0.00000000 0.36363631
vt 0.09090909 0.27272731
vt 1.00000000 1.00000155
vt 0.81818175 1.00000000
vt 0.81818181 0.81818181
vt 0.99999970 0.99999273
vt 0.99995691 0.00005239
vt 1.00000000 -0.00001454
vt 0.81818181 0.27272731
vt 0.90721565 0.00187522
vt 1.00000000 0.45454544
vt 0.63407862 0.45454544
vt 0.99707264 0.63636363
vt 0.54531103 0.00000000
vt 0.72727275 0.00000000
vt 0.63636369 0.09090912
vt 0.27272728 0.63636363
vt 0.45454550 0.63636363
vt 0.09090909 0.63636363
vt -0.00009939 0.49443996
vt 0.45454550 0.45454544
vt -0.00000020 0.18182164
vt 0.54614538 -0.00069082
vt 0.72727275 0.00000000
vt 0.63636369 0.09090912
vt 0.99995279 -0.00000370
vt 0.99993253 0.45636272
vt -0.00005195 0.18175751
vt 0.18181819 0.00000000
vt 0.09109181 0.09109187
vt 0.45454550 0.27272731
vt 0.27272728 0.09090918
vt 0.18181819 0.00000000
vt 0.36363637 0.00000000
vt 0.42350927 1.00000060
vt -0.00094052 0.54532027
vt 1.00058782 0.81589484
vt 0.00448168 0.36744106
vt -0.00021920 0.18203741
vt 0.45910481 0.40629464
vt 0.45454550 0.27272731
vt 0.81818181 0.64345843
vt 0.30407673 -0.05955970
vt 0.63636369 0.27272731
vt 0.54156744 0.63636363
vt 0.72435939 0.00027478
vt 0.00000000 0.90909088
vt 0.00000000 0.72727275
vt 0.09090909 0.81818181
vt 0.71023965 0.45454550
vt 0.00000000 0.18059307
vt 0.74709231 0.09090912
vt 0.63636369 0.27272731
vt 0.81818181 0.27272731
vt 0.27272728 0.27272725
vt 0.18395595 0.00213778
vt 0.63637441 1.00000000
vt 0.00001973 0.99998695
vt 0.00007255 0.18129486
vt 0.00005942 0.69262469
vt 0.27272728 0.70259082
vt 0.18181819 0.00000000
vt 0.36358619 0.00005019
vt 0.00002150 0.18179667
vt 0.32713670 1.00000000
vt 0.00002399 0.99998963
vt 0.00000000 0.99997306
vt 0.00004904 0.73210585
vt 0.09957846 0.98996699
vt 0.99955624 0.81818181
vt 1.00000000 1.00000000
vt 0.81818175 1.00000000
vt 0.27272728 0.63636363
vt 0.00000000 0.90909088
vt 0.09090909 1.00000000
vt 0.76511890 0.63636363
vt 1.00000000 0.63636363
vt 0.46761379 0.79809141
vt 0.63636363 1.00000000
vt 0.45454547 1.00000000
vt -0.00000101 1.00000012
vt 1.00000000 1.00000000
vt 0.27272728 1.00000000
vt 0.58874983 0.81818187
vt 0.63636363 1.00000000
vt 0.45454547 1.00000000
vt 1.00000000 1.00000000
vt 0.80995977 0.45454550
vt 0.36350441 0.00046611
vt 0.43706924 0.27272731
vt 0.18181819 0.00000000
vt 0.00029870 0.36333764
vt -0.00022467 0.18204290
vt 0.73880911 0.36540759
vt 0.57756716 0.69518214
vt 0.00031088 0.72755563
vt 0.18181819 0.00000000
vt 0.36363637 0.00000000
vt 0.54505026 0.00086689
vt 0.27272728 0.27272725
vt 0.45454550 0.45454544
vt 0.45454550 0.27272731
vt 0.00000000 1.00000000
vt 0.00000000 1.00000000
vt 1.00000000 0.00000000
vt 0.72635144 -0.00092137
vt 0.99999934 -0.00006711
vt 0.99999636 0.99999881
vt 0.47839558 1.00000000
vt 0.00000000 1.00000000
vt 0.09090909 1.00000000
vt 0.63568574 1.00067794
vt -0.00020553 1.00000000
vt 0.00000000 0.90909088
vt 0.08563869 0.82345223
vt 0.46003103 0.81818181
vt 0.43692264 1.00000000
vt 0.09254645 0.99839455
vt 0.00138388 0.64849395
vt 0.68337464 0.58104342
vt 1.00000000 1.00000000
vt 0.00022005 0.36341393
vt 0.46526161 0.99957407
vt 0.33994383 0.49235320
vt 1.00091231 0.53902268
vt 0.17851231 0.00000578
vt 0.63636369 0.65098977
vt 0.98578668 0.60146856
vt 0.63319421 1.00000000
vt 0.00006036 0.90903056
vt 0.00000000 0.72688425
vt 0.09090909 0.47246367
vt 0.27272728 0.99993706
vt 0.44190168 0.31845218
vt 0.45454550 0.99636209
vt 1.00000000 0.09090912
vt 0.81818181 0.27272731
vt 0.99998009 -0.00000095
vt 0.99999976 0.00000066
vt 1.00091136 0.38277030
vt 0.49598080 -0.00004816
vt 0.73364639 0.77637398
vt 0.81818175 1.00000000
vt 0.63664645 1.00028288
vt 0.45454550 0.63636363
vt 0.63636369 0.63636363
vt 0.41875309 0.27502632
vt 0.18402608 -0.00000012
vt 0.09090909 1.00000000
vt 0.00000000 1.00004971
vt 0.09157963 1.00000000
vt 0.00000000 0.90909088
vt 0.09090909 0.81818181
vt 0.27272728 1.00000000
vt 0.81821507 1.00009263
vt 0.49492109 0.63636363
vt 0.99988335 0.81806517
vt 0.30002615 0.72260427
vt 0.27272728 0.44620198
vt 0.71551877 0.00013721
vt 0.90909088 0.00000000
vt 0.99739802 0.11782253
vt 0.00000011 0.99999851
vt 0.09090909 1.00000000
vt 0.46538413 0.52575386
vt 1.00000000 0.45896286
vt 0.99996775 0.63636303
vt 0.63636369 0.53504437
vt 0.63636369 0.27272731
vt 1.00000000 0.00000000
vt 0.72283781 1.00012875
vt 0.00002353 1.00000000
vt 0.00236077 0.88900423
vt 1.00000000 0.81818181
vt 0.37583646 0.81818181
vt 0.45454547 1.00000000
vt 0.45454550 0.45454544
vt 0.63636369 0.45454544
vt -0.00010776 0.36534381
vt 0.00005355 0.18176460
vt 0.45073995 0.27272731
vt 0.00000000 0.72727275
vt 0.09090909 0.63636363
vt 0.36422288 0.00328094
vt 0.55097651 0.00552195
vt 0.63636369 0.44923276
vt 0.81818181 0.27272731
vt 0.81818181 0.45454550
vt 0.00648233 0.66010296
vt 0.51901090 0.33949900
vt 0.45915562 1.00666797
vt 0.99834496 0.26961869
vt 0.27272728 0.64980829
vt 0.46317157 0.49748504
vt 0.72828603 0.00101328
vt 0.99976236 0.00000000
vt 1.00000000 0.09090912
vt 0.27272728 0.09359235
vt 0.36926621 0.00197399
vt 0.45454553 0.45986140
vt 1.00001478 0.45252752
vt 1.00000000 0.63636363
vt 0.81818181 0.63636363
vt 1.00003374 0.00000000
vt 1.00000000 0.09090912
vt 0.74415433 0.37477338
vt 0.55448550 -0.00121105
vt 0.63636369 0.13000584
vt 0.99984163 0.09090912
vt 0.72727275 0.00000000
vt 0.00000015 0.99999946
vt 0.00058638 0.72668636
vt 0.00000000 0.54545450
vt 0.09090909 0.35960537
vt 0.00000000 0.18181819
vt 0.18395141 -0.00272202
vt 0.90909088 0.00000000
vt 1.00000000 0.00000000
vt 0.27272728 0.37305355
vt 0.00199808 0.61397195
vt 0.00000005 0.18291074
vt 0.45105225 0.00161648
vt 0.18181819 0.00000000
vt 0.27272728 0.62872076
vt 0.18181819 0.00000000
vt 0.35725614 0.00060463
vt 0.00336235 0.17845583
vt 0.99999624 0.00002897
vt 0.57068318 0.99769211
vt 1.00000000 0.99999416
vt -0.00000019 0.99999267
vt 0.55149126 0.99950343
vt 0.00092075 0.36406457
vt 0.99999750 0.00000191
vt 0.00000042 1.00000095
vt 0.09093326 0.37517238
vt 0.58962256 1.00242078
vt 0.65398753 0.27272731
vt 1.00000000 0.27272731
vt 0.99994683 0.45454544
vt 1.00051069 0.63585293
vt 1.00000000 1.00000000
vt 1.00029147 0.36828101
vt 1.00000000 1.00000000
vt 0.10155950 0.50612962
vt 0.18188973 -0.00020444
vt 0.18177179 -0.00000119
vt 0.99999821 0.00000083
vt 0.00000000 1.00000000
vt 0.09090909 1.00000000
vt 0.00000000 1.00000000
vt 0.00000000 1.00000000
vt 0.00000000 0.90909088
vt 0.09090909 1.00000000
vt 0.99999106 0.50586104
vt 0.00000206 0.18181610
vt 0.00000000 0.64977360
vt 0.54804039 0.00008291
vt 0.28042266 0.99889129
vt 0.75212359 0.63664973
vt 0.63636363 1.00000000
vt 0.90909088 0.00000000
vt 1.00000000 0.00000000
vt 0.99942172 0.09090912
vt 1.00000000 0.27272731
vt 1.00000000 0.45454544
vt 1.00006211 0.99998200
vt 0.63636363 1.00000000
vt 0.81818187 0.38574916
vt 1.00000000 0.63267243
vt 0.18181819 0.00000000
vt 0.39111927 0.62267756
vt 0.82549900 0.99999964
vt 0.00000068 0.99999559
vt 0.99967837 0.81818181
vt 0.81818175 1.00000000
vt 0.63636363 1.00000000
vt 0.45429713 0.99891251
vt 0.99992001 0.81813681
vt 0.67382073 0.45454544
vt 0.27272728 1.00000000
vt 1.00000000 -0.00000024
vt 0.72727275 0.00000000
vt 0.00000000 0.54527330
vt 0.36363637 0.00000000
vt 0.54556131 0.00010675
vt 0.18181467 0.00000352
vt 0.81818181 0.81818181
vt 0.81818175 1.00000000
vt 0.63636363 1.00000000
vt 0.73763388 1.00000000
vt 1.00000000 0.99998748
vt 1.00000000 1.00000000
vt -0.00013561 0.18195379
vt 0.63387579 0.00000000
vt 1.00000012 0.00000000
vt 0.99996489 0.09090924
vt 0.36363637 0.00000000
vt 0.27261424 1.00000000
vt 0.00000000 0.99999118
vt 0.00061079 0.65676582
vt 0.45508718 1.00000000
vt 0.27272728 1.00000000
vt 0.00000000 0.99999964
vt 0.00000000 0.18181819
vt 0.18120052 0.00025725
vt 0.00002827 0.18178988
vt 0.53328431 0.73944300
vt 0.45454547 1.00000000
vt 1.00000000 0.27272731
vt 0.69178271 0.03716838
vt 0.99999893 0.00000000
vt 1.00000000 0.09787405
vt 1.00000894 0.50689697
vt 1.00000012 1.00000215
vt 0.51252627 0.03341752
vt 1.00000012 0.00000018
vt 0.36667076 0.37943488
vt 0.18110211 0.00000000
vt 0.09064104 0.09090912
vt 0.84872955 0.60581589
vt 0.75761569 0.51511163
vt 0.04663436 0.75371969
vt -0.00001224 0.18169993
vt 0.99964446 0.81818181
vt 0.00000000 0.18181819
vt 0.27272728 0.45454544
vt 0.00000000 0.36363631
vt 1.00000000 1.00000000
vt 0.00000000 0.36363631
vt 1.00000000 0.27272731
vt 0.18181819 0.00000000
vt 0.35779861 0.00455862
vt 0.63636369 0.56480354
vt 0.81818181 0.45454550
vt 0.00102306 0.35812390
vt 0.00003232 0.18185055
vt 0.45454550 0.81818181
vt 0.99987102 0.63706696
vt 0.65983784 0.23112178
vt 0.45454550 0.45454544
vt 0.45454550 0.27272731
vt 1.00000000 1.00000000
vt -0.00000071 1.00000024
vt 1.00000000 0.45454544
vt 0.81818181 0.45454550
vt 0.00002284 0.99999297
vt 0.56618303 0.27843517
vt 0.99968308 0.45461768
vt 1.00000000 1.00000000
vt 1.00000000 0.99999976
vt 1.00000000 1.00000000
vt 1.00000000 0.63636363
vt 1.00000000 0.81818181
vt 0.99999958 0.00000232
vt 0.00200299 0.36051810
vt 0.18628539 -0.00446725
vt 0.35672429 0.00978768
vt 0.00000000 0.18181819
vt 0.09090909 1.00000000
vt 0.00000000 0.90909088
vt 0.12982877 0.80042773
vt 0.63636369 0.81818181
vt 0.45454550 0.71628010
vt 0.66945851 0.63636363
vt 0.00000000 0.72727275
vt 0.00703600 0.55249047
vt 0.54545456 0.00000000
vt 0.69145024 0.09090912
vt 0.36618379 0.00254744
vt 0.90909088 0.00000000
vt 1.00000000 0.10178751
vt 0.61166835 0.29433417
vt 0.81818181 0.33260858
vt 1.00000000 0.00000000
vt 0.09090909 1.00001574
vt 0.00000000 0.72727275
vt 0.22629356 0.75456893
vt 0.72727275 0.00000000
vt 0.81818181 0.16348439
vt 0.63636369 0.10969794
vt 0.90909088 0.00000000
vt 1.00000000 0.09090912
vt 0.66236597 0.68554723
vt -0.00098115 0.36296022
vt 0.18241145 0.00192624
vt 0.00000000 0.54545450
vt 0.00000000 0.18181819
vt 0.29512396 0.45454544
vt 0.09177030 0.12048888
vt 0.00197675 0.36561310
vt 0.53854412 0.00095451
vt 0.45454547 0.99555033
vt 1.00000000 0.00000000
vt 0.54545456 0.00000000
vt 0.00783428 0.55419433
vt 0.00000000 0.90909088
vt 0.00000000 0.18181819
vt 0.18609533 0.00427711
vt 0.27272728 1.00000000
vt 0.27272728 1.00000000
vt 0.72727275 0.00000000
vt 0.72727275 0.00000000
vt 1.00000000 0.45454544
vt 1.00000000 0.27272731
vt 1.00000000 0.45454544
vt 0.63636363 1.00000000
vt 0.81818181 0.81818181
vt 0.00000000 1.00000000
vt 0.00000000 1.00000000
vt 0.18181819 0.00000000
vt 0.33864787 0.02662563
vt -0.00005356 0.18171638
vt 0.66959059 0.60086113
vt 0.46579453 1.00000000
vt 0.09071857 1.00037611
vt 0.00002242 1.00000012
vt 1.00007844 0.81818181
vt 0.99999762 1.00000000
vt 0.54659271 1.00000000
vt 0.09090909 1.00000000
vt 0.00000000 1.00000012
vt 0.27180523 1.00548589
vt 0.99999905 0.81818181
vt 0.99999982 1.00000000
vt 0.87973225 0.94268924
vt 0.27649364 0.81491208
vt 0.48006669 0.63221347
vt 0.18181819 0.00000000
vt 0.26848260 0.21642941
vt -0.00000457 0.18182278
vt 0.36363637 0.00000000
vt 0.54374367 -0.00011802
vt 0.26778573 0.20908499
vt 0.09686199 0.45010996
vt -0.00002981 0.18184799
vt 0.09281831 0.44951051
vt 0.37326449 0.72828138
vt 0.99998873 1.00000000
vt 0.72538280 0.43328494
vt 0.00000499 0.99987251
vt 0.31271884 0.53270763
vt 0.00000381 0.99999183
vt 0.18179528 0.00002170
vt 0.63638538 0.99999851
vt 0.53542477 0.01012790
vt 0.73026800 0.35290420
vt 0.27272728 1.00033653
vt 0.73599678 0.00872397
vt 0.90876591 -0.00032496
vt 1.00310683 0.27620679
vt 0.01102135 0.87168634
vt 0.00000890 1.00000000
vt 1.00009060 0.09123272
vt 1.00000000 0.68267941
vt 0.99999040 0.09122699
vt 1.00000000 0.60870934
vt 0.00000000 0.99998885
vt 0.00000000 0.54545450
vt 0.00000000 0.36363631
vt 0.27272728 1.00000000
vt 0.09090909 1.00000000
vt 0.18181819 0.00000000
vt 0.36363637 0.00000000
vt 0.72727275 0.00000000
vt 0.99999934 0.00000000
vt 0.54566926 -0.00002897
vt -0.00000026 0.99999565
vt -0.00000001 0.18181813
vt 0.18181472 -0.00000155
vt 0.00000336 0.18197244
vt 0.18181261 0.00000000
vt 0.99934620 0.57172048
vt 0.00000000 0.72727275
vt 0.00000000 0.54545450
vt 0.00000000 0.36363631
vt 0.27250430 1.00000000
vt 1.00004137 0.00000000
vt 0.09090909 1.00000000
vt 1.00000000 0.63636363
vt 0.81770831 1.00061476
vt 0.00000000 0.18179971
vt 0.36279675 0.00083965
vt -0.00081304 0.18138891
vt 0.18172917 0.00009704
vt 0.97324139 0.08198982
vt 0.99959773 0.63597560
vt -0.00042460 0.36406094
vt 0.00000000 0.18181819
vt 0.18177220 0.00004596
vt 0.36363637 0.00000000
vt 0.54900211 -0.00354755
vt 0.27272728 0.22244543
vt 0.48365942 0.42351675
vt -0.00019364 0.18199325
vt 0.18150473 -0.00001144
vt 0.09362386 0.58178270
vt 0.99999440 0.00000060
vt 1.00002241 0.58719444
vt 1.00000501 0.63646007
vt 0.56674355 0.81858778
vt 1.00000048 -0.00000107
vt 0.28801757 0.71050090
vt 0.00178246 0.36142194
vt -0.00000563 0.18182385
vt 0.18269514 -0.00000250
vt 0.27539441 0.71102536
vt 0.45827618 1.00000000
vt 0.00000115 0.99989390
vt 1.00003421 0.81818181
vt 0.12385394 0.81944513
vt 1.00004065 0.63636363
vt 0.99999547 0.99999875
vt 0.00640259 0.72837818
vt 1.00192857 0.63636363
vt 1.00009906 0.45454544
vt 0.43550199 -0.00107813
vt 0.69135886 -0.74211943
vt 0.00001310 0.90656108
vt 0.18196569 0.00000089
vt 0.99999821 0.00000489
vt 0.63644934 1.00000000
vt 0.00000129 1.00000072
vt 0.00000000 0.72727275
vt 0.00020979 0.34489888
vt -0.00000052 1.00000000
vt 0.63636363 1.00010824
vt 0.00000291 0.99999279
vt 0.99999785 0.99992543
vt 0.46409172 1.00000000
vt 0.66742104 0.27272731
vt 1.00000012 0.99999756
vt 0.00000000 0.90909088
vt 0.57755500 0.36210203
vt 0.36331987 0.00000775
vt 1.00000203 0.09090918
vt 0.11800473 0.62747347
vt 0.00000711 0.36362922
vt 0.26888880 1.00000000
vt 1.00000000 0.26770717
vt 0.09090909 0.51761192
vt 0.00000025 0.18170655
vt 0.17556417 -0.00625396
vt 1.00000000 0.99999821
vt 0.52081740 0.45454544
vt 0.31147301 0.28432083
vt 0.99999470 0.00000232
vt 0.99999774 0.00000644
vt 0.00028772 0.54516679
vt 1.00000072 0.00000006
vt 0.99998432 1.00000000
vt 0.00000002 0.99999964
vt -0.00000029 0.18181437
vt 1.00012624 0.81814474
vt 0.81818175 1.00000000
vt 0.00000000 0.54545450
vt 0.54544961 0.00000006
vt 1.00000060 0.00000000
vt 1.00000000 0.27272731
vt 0.00000000 0.54545450
vt 0.00000000 0.72727275
vt -0.00018713 0.99999988
vt 0.27270976 0.99999928
vt 1.00000000 1.00000000
vt 0.56349719 0.63636363
vt 1.00065255 0.45454544
vt 0.60365123 0.81844896
vt 0.00000000 0.72727275
vt 0.00000041 0.99999851
vt 1.00015378 0.45454538
vt 0.47532514 0.27272731
vt 0.00000000 1.00000000
vt 0.00038600 0.90415293
vt 0.09090909 1.00000000
vt 1.00043714 0.81818181
vt 1.00049949 0.63636363
vt 0.22293024 0.81818181
vt 0.00000000 0.54829711
vt 0.23228408 0.63636363
vt 0.54545456 0.00000000
vt 0.72405714 0.00321561
vt 0.45454550 0.09090918
vt 0.58885360 0.63636363
vt 0.28490171 0.45454544
vt 0.63636369 0.45454544
vt 0.45454550 0.81818181
vt 0.63636369 0.81818181
vt 0.67416096 0.31425172
vt 0.51937199 0.12957197
vt 0.90886647 0.00022441
vt 0.63977486 0.64067733
vt 0.99999911 1.00000000
vt 0.63636363 1.00000000
vt 0.45601749 1.00000000
vt 0.90842277 0.00063813
vt 1.00000000 0.00000495
vt 1.00000000 0.27272731
vt 0.90909088 0.00000000
vt 1.00000000 0.00000000
vt 1.00000000 0.09090912
vt 0.72752494 0.00025219
vt 0.30672061 0.81818181
vt 0.27272728 0.61237967
vt 0.00111337 0.72680593
vt 0.09090909 0.45454544
vt 0.18181819 0.00000000
vt 0.41859969 0.02635044
vt 0.72660828 0.00066447
vt 0.00038483 0.72765756
vt 0.42128995 0.81815720
vt -0.00004715 1.00000000
vt 0.09173661 0.54932940
vt 0.44945434 0.49073172
vt 0.81858355 1.00000000
vt 0.99999994 0.99969697
vt 0.49664339 0.70604855
vt 0.45454547 1.00000000
vt 0.27272728 0.99927402
vt 0.63636357 1.00039947
vt 0.81818181 0.81818181
vt 0.81818175 1.00000000
vt 1.00000000 0.45454544
vt 0.99995100 0.63636363
vt 0.81818181 0.45454550
vt 0.64265800 0.27272731
vt 0.09090909 1.00000000
vt 0.00000000 0.90909088
vt 0.47924256 0.45454544
vt 0.45454550 0.27272731
vt 0.73562467 0.27272731
vt 0.63636374 0.81170213
vt 0.45454550 0.63636363
vt 0.81818181 0.48544824
vt 0.18181819 0.00000000
vt 0.09443469 0.09016812
vt 0.18141961 0.00000155
vt 0.40734157 0.30324399
vt 0.45454550 0.09090918
vt 0.63636369 0.08443207
vt 0.81818181 0.81818181
vt 0.81818175 1.00000000
vt 0.63636363 0.99443066
vt 0.45454553 0.44683522
vt 0.27272728 0.63636363
vt 0.27272728 0.45454544
vt 0.99999642 0.00000185
vt 1.00000000 0.63636363
vt 1.00000000 0.99999928
vt 0.74272245 0.99999815
vt 0.18181819 0.00000000
vt 0.36265925 0.00022870
vt 0.00138469 0.18050516
vt 0.00000000 0.90909088
vt 0.90909088 0.00000000
vt 1.00000000 0.00000000
vt 1.00000000 0.09090912
vt 0.70603704 0.00000000
vt 0.63636369 0.09090912
vt 0.81818181 0.09090912
vt 0.81818181 0.81818181
vt 0.00015859 0.90902787
vt 0.27272728 1.00000000
vt 0.00002456 1.00000000
vt 0.58579767 0.62912691
vt 0.10288305 0.63636363
vt 0.90909088 0.00000000
vt 1.00000000 0.00000000
vt 1.00000000 0.09090912
vt -0.00002227 0.36369050
vt 0.00000000 0.18181819
vt 0.13823089 0.09090912
vt 0.46983472 0.50580144
vt 0.36353633 -0.00003898
vt 0.81818181 0.09090912
vt 0.63636369 0.63636363
vt 0.63636369 0.45454544
vt 0.17909160 0.00337034
vt 0.18181819 0.00000000
vt 0.36434391 -0.00132370
vt -0.00014125 0.18187046
vt 0.00000000 0.36363631
vt 0.09090909 1.00000000
vt 0.00000000 0.90909088
vt 0.09330270 0.77159399
vt 0.45454550 0.81818181
vt 0.27272728 0.81818181
vt 0.00000000 0.54545450
vt 0.09461609 0.28690785
vt 0.00000000 0.18181819
vt 0.09608256 0.45453519
vt 0.00000000 0.36363631
vt 0.00000000 0.54748517
vt 0.81818181 0.09090912
vt -0.00003655 0.54541790
vt 0.09090909 1.00000000
vt 0.00000000 0.90909088
vt 0.04602461 0.77329731
vt 0.18161073 -0.00019383
vt 0.36843461 -0.00006735
vt 1.00049329 0.45483083
vt 0.73313200 0.00585932
vt 0.90909088 0.00000000
vt 1.00000000 0.09090912
vt 0.99996412 0.00003374
vt 1.00000000 0.00000000
vt 0.63478214 0.36282378
vt 0.81818181 0.27272731
vt 0.72727275 0.00000000
vt 0.81818181 0.09090912
vt 0.62803000 0.09924287
vt 0.54545456 0.00000000
vt 0.36379218 -0.00019443
vt 0.90909088 0.00000000
vt 1.00000000 0.00002486
vt 0.00019386 0.72717893
vt 0.00002887 0.36359370
vt 0.00000000 0.54545450
vt 0.18032700 0.00149119
vt 0.00000000 0.18181819
vt 0.18181819 0.00000000
vt 0.27272728 0.09090918
vt 0.09090909 0.09090912
vt 0.09090909 0.32426655
vt 0.00000000 0.18181819
vt 1.00000000 0.45441777
vt 0.81818181 0.45454550
vt 0.81818181 0.27272731
vt 0.81818181 0.63636363
vt 1.00000000 0.81818181
vt 0.99856484 0.99856484
vt 0.54545456 0.00000000
vt 0.72727275 0.00000000
vt 0.36363637 0.00000000
vt 0.27272728 0.27272725
vt 0.00000000 0.90909088
vt 0.00000000 0.72727275
vt 0.09090909 0.81818181
vt 0.00106819 0.54438633
vt 0.09090909 0.63636363
vt 1.00000000 0.45454544
vt 1.00015783 0.63636363
vt 0.67287862 0.42632550
vt 0.45454550 0.27272731
vt 0.00000000 1.00000000
vt 0.27272728 0.27272725
vt 0.00000000 0.18181819
vt 0.91154909 -0.00245821
vt 0.00000000 1.00000000
vt 0.00000000 0.90909088
vt 0.09090909 1.00000000
vt 0.00000000 1.00000000
vt 0.00000000 1.00000000
vt 0.63636369 0.70989686
vt 0.41788292 0.58709586
vt 0.63636369 0.45454544
vt 0.72727275 0.00000000
vt 0.00000000 0.54545450
vt 1.00000000 0.63636363
vt 1.00052321 0.81818181
vt 1.00000000 1.00000000
vt 0.81818175 1.00000000
vt 1.00000000 0.27272731
vt 0.00000000 0.72727275
vt 0.00000000 0.36363631
vt 0.00000000 0.36363631
vt 1.00000000 1.00000191
vt 0.00000000 0.54545450
vt 0.00000000 0.18181819
vt 0.00000000 0.36363631
vt 0.27272728 1.00000000
vt 0.90909088 0.00000000
vt 1.00000000 0.00002849
vt 0.81818181 0.63636363
vt 1.00000000 0.81586409
vt 0.81818181 0.81818181
vt 1.00000000 0.43632531
vt 0.45454547 1.00000000
vt 0.27272728 1.00000000
vt 0.54545456 0.00000000
vt -0.00003855 1.00000000
vt 0.63636369 0.63636363
vt 0.18181819 0.00000000
vt 0.69073033 0.17582917
vt 0.00000000 0.18181819
vt 0.45454547 1.00000000
vt 1.00000000 1.00000000
vt 0.81818181 0.81818181
vt 0.81818175 1.00000000
vt 0.63636363 0.99905968
vt 0.00000000 0.18181819
vt 0.18181819 0.00000000
vt 0.09090909 0.09090912
vt 0.36363637 0.00000000
vt 1.00000000 0.64279395
vt 0.99999315 1.00000000
vt 0.71123087 0.66524565
vt 0.46632355 1.00000000
vt 0.27012193 1.00260532
vt 1.00000000 0.09090912
vt 0.99894047 0.27272731
vt 0.81818181 0.09090912
vt 1.00000000 0.45454544
vt 0.75805038 0.45454550
vt 0.72692955 0.00000000
vt 0.99697024 0.00000000
vt 0.00000000 0.54545450
vt 0.00000000 0.36363631
vt 0.22186650 0.34818661
vt -0.00008181 0.18190002
vt 0.81818175 1.00001931
vt 0.52717441 1.00000000
vt 0.14155588 0.70791638
vt 1.00003135 0.60866302
vt 1.00000000 0.81818181
vt 0.36363637 0.00000000
vt 0.68099153 0.00000000
vt 0.18281078 0.00081664
vt 0.99994355 0.00000000
vt 1.00002193 0.09090912
vt -0.00145142 0.54400313
vt 0.00000000 0.36363631
vt 0.09090909 0.45454544
vt 0.09090909 0.27272731
vt 0.36363637 0.00000000
vt 0.27272728 0.09090918
vt 0.00011080 1.00000000
vt 0.00000000 0.90909088
vt 0.09090909 0.81818181
vt 0.00000000 0.72727275
vt 0.09090909 0.63636363
vt 0.00000000 0.54676735
vt 0.09090909 0.45454544
vt 0.45454550 0.41150618
vt 0.27272728 0.45454544
vt 0.27272728 0.27272725
vt 0.18181819 0.00000000
vt 0.27272728 0.09090918
vt 0.09090909 0.10087991
vt 0.36363637 0.00000000
vt 0.45454550 0.10151947
vt 0.27272728 0.36288625
vt 0.09090909 0.49160987
vt 0.00000000 0.52947617
vt 0.45454550 0.53128320
vt 0.59347850 0.27272731
vt 0.45454550 0.81818181
vt 0.26614764 1.00000000
vt 0.27272728 0.81818181
vt 0.61931449 0.81818181
vt 0.63636363 1.00000000
vt 0.45454547 1.00000000
vt 0.81818181 0.81818181
vt 1.00000000 0.81818181
vt 0.99999636 1.00000000
vt 0.00164221 0.54767156
vt 0.27272728 1.00000000
vt 0.00000889 0.99999988
vt 0.63636369 0.81818181
vt 0.63636363 1.00000000
vt 0.45454547 1.00105691
vt 0.81818181 0.81818181
vt 1.00000000 0.00003666
vt 1.00000000 1.00000000
vt 0.00000000 1.00000000
vt -0.00565534 0.91474622
vt 0.09090909 1.00000000
vt 0.64118725 0.81818181
vt 0.81131959 1.00000000
vt 0.40423968 1.00003672
vt 0.18180281 -0.00001550
vt 1.00000000 1.00000238
vt 0.18181819 0.00000000
vt 0.36363637 0.00000000
vt 0.27272728 0.10876721
vt 0.54545456 0.00000000
vt 1.00013459 0.00000000
vt 0.36363637 0.00000000
vt 0.45454550 0.09090918
vt 0.18181819 0.00000000
vt 0.27272728 0.09090918
vt 0.00000000 0.18619519
vt 0.09090909 0.09090912
vt 0.54545456 0.00000000
vt 0.56503761 0.09090912
vt 0.36363637 0.00000000
vt 1.00000000 1.00000000
vt 0.18181819 0.00000000
vt 0.27272728 0.09090918
vt 1.00015199 0.81818181
vt 1.00000000 1.00000000
vt 0.81818175 1.00000000
vt 0.00094572 0.54025692
vt 0.00000000 0.18181819
vt 0.17864831 0.27272725
vt 0.00000000 0.72727275
vt 0.11485436 0.63636363
vt 0.00000000 0.18181819
vt 0.00000000 0.72727275
vt 0.09090909 0.09090912
vt 0.81818181 0.63636363
vt 0.63636369 0.46368319
vt 0.81818181 0.45454550
vt 0.58145332 0.18077296
vt 0.72708333 0.00018942
vt 0.90912724 -0.00003636
vt 0.45454547 1.00000000
vt 0.45454550 0.81818181
vt 0.36363637 0.00000000
vt 0.45454550 0.09090918
vt 0.15122625 -0.03059196
vt -0.00007043 0.36336464
vt 0.27272728 0.27272725
vt 0.54545456 0.00000000
vt 0.63636369 0.09090912
vt 0.63636369 0.47783524
vt 0.45454550 0.27272731
vt 0.63636369 0.27272731
vt 0.52488673 0.81818181
vt 0.74571651 0.63636363
vt 0.45454550 0.27272731
vt 0.63636369 0.27272731
vt 0.60482645 0.46299481
vt 0.81818181 0.27697664
vt 0.09090909 0.27272731
vt 0.81818181 0.27272731
vt 0.54545456 0.00000000
vt 0.72701025 -0.00026262
vt 0.63636369 0.09090912
vt 1.00000000 0.63636363
vt 0.00036464 0.18145359
vt 0.48278955 0.60811955
vt 0.27272728 0.76536667
vt 0.27272728 1.00000000
vt 0.00000004 0.99991667
vt 1.00000000 0.09090912
vt 0.99675345 0.27272731
vt 1.00000000 0.45454544
vt 0.81818181 0.45454550
vt 1.00000000 0.09090912
vt 0.45454550 0.63636363
vt 0.45454550 0.45454544
vt 0.27272728 0.81818181
vt 0.27272728 0.27272725
vt 0.81818175 1.00000000
vt 0.00000000 0.72727275
vt 0.63636369 0.32104146
vt 0.81818181 0.63636363
vt 0.90913868 -0.00004780
vt 1.00000000 0.00000000
vt 1.00000000 0.09090912
vt 0.53954351 0.00640953
vt 0.18181819 0.00000000
vt 0.36363637 0.00000000
vt 0.11596587 0.09090912
vt 0.29081374 1.00009573
vt 0.09090909 1.00000000
vt -0.00054613 0.90963703
vt 0.00000000 0.18181819
vt 0.09090909 1.00000000
vt 0.00000000 0.90909088
vt 0.01469243 0.74196517
vt 0.45454550 0.63636363
vt 0.52685803 0.27272731
vt 0.73465759 -0.00878894
vt 1.00005925 0.27010334
vt 0.63636369 0.26892275
vt 1.00000000 0.00000000
vt 1.00000000 0.09090912
vt 0.09090909 0.63636363
vt 0.10692558 0.45454544
vt 0.27272728 0.63636363
vt 0.00000000 0.54545450
vt 0.36363637 0.00000000
vt 0.54652756 -0.00107300
vt 0.27272728 0.09090918
vt 0.01599006 0.34764630
vt 0.00000000 0.18181819
vt 0.09090909 0.09090912
vt 1.00008476 0.27272737
vt 0.00002071 0.54547524
vt 0.09090909 0.45454544
vt 0.63636369 0.45454544
vt 0.23151186 0.06748331
vt 0.45454550 0.09090918
vt 0.00000000 0.54545450
vt 0.00001321 0.36362308
vt 0.09090909 0.44901168
vt 0.28114310 0.63636363
vt 0.81818181 0.43397367
vt -0.00092781 0.91001874
vt 0.00000000 0.72727275
vt 0.00000000 0.36363631
vt 0.00000000 0.18181819
vt 0.08983938 0.27272731
vt -0.00247212 0.72480059
vt 0.00015083 0.54530370
vt 0.10376692 0.63636363
vt 0.52852052 0.45454544
vt 0.81100035 0.17105794
vt 1.00064933 0.45454544
vt 0.45454550 0.27272731
vt 0.27272728 0.52586836
vt 0.45454550 0.27272731
vt 0.63142139 0.27766961
vt 0.27272728 0.12028873
vt 0.55043644 -0.00498199
vt 0.90909088 0.00000000
vt 1.00000000 0.09090912
vt 0.36363637 0.00000000
vt -0.00015241 0.18197066
vt 1.00000000 0.27272731
vt 0.44215712 0.81818181
vt 0.49700117 1.00000000
vt 0.27272728 1.00000000
vt 0.17257118 0.63636363
vt 0.00190530 0.36554158
vt 0.27272728 0.45454544
vt 0.18181819 0.00000000
vt 0.45454550 0.63636363
vt 0.18181819 0.00000000
vt 0.81818175 0.99992508
vt 0.63636363 1.00000000
vt 0.49219888 0.81818181
vt 0.27272728 0.81818181
vt 0.99999470 0.00000000
vt 0.45454547 1.00000000
vt 0.63636369 0.81818181
vt 1.00000000 0.81818181
vt 1.00000000 1.00000000
vt 0.00000000 0.54545450
vt 1.00000000 0.45454544
vt 0.00012890 0.72740161
vt 0.99998629 0.67361736
vt 1.00000000 1.00000000
vt 0.65448040 0.99839628
vt 0.72801346 0.00074071
vt 0.90909088 0.00000000
vt 1.00000000 0.11598098
vt 0.00000000 1.00000000
vt 0.00000000 1.00000000
vt 0.36363637 0.00000000
vt 0.53197455 0.01348007
vt 0.18496579 -0.00289571
vt 1.00000000 0.00000000
vt 0.45514235 0.27272731
vt 0.45454550 0.09090918
vt 0.53848839 -0.00839758
vt 0.54563183 -0.00017726
vt 0.00006402 0.36357230
vt 0.63636369 0.63636363
vt 0.81818181 0.27272731
vt 0.81818181 0.78492296
vt 1.00000000 0.63636363
vt 1.00000000 0.81818181
vt 0.54545456 0.00000000
vt 0.63636369 0.09090912
vt 0.36363637 0.00000000
vt 0.45454550 0.10903245
vt 0.24648157 0.81818181
vt 1.00000000 0.63636363
vt 0.63636369 0.09090912
vt 0.35343322 0.45454544
vt 0.27272728 0.27272725
vt 0.72727275 0.00000000
vt 0.27272728 0.81818181
vt 0.45454550 0.81818181
vt 0.48143965 1.00000000
vt 0.55644149 0.45454544
vt 0.89396399 0.01512682
vt 0.27272728 0.27272725
vt -0.00011617 0.18170202
vt 0.44380686 0.63636363
vt 0.63636363 1.00000000
vt 0.45454547 1.00000000
vt 1.00000000 0.00000000
vt 0.00024583 0.72702694
vt 0.00169075 0.54376376
vt 0.27272728 0.41591877
vt 0.72593188 0.00134087
vt 0.99999046 0.99998558
vt 0.63636369 0.27272731
vt 0.01709701 0.36936474
vt 1.00000000 0.00002426
vt 1.00000000 0.45357746
vt 0.90912479 -0.00006306
vt 0.00000000 1.00000000
vt 0.00000000 0.90909088
vt 0.09090909 1.00000000
vt 0.00000000 1.00000000
vt 0.00000000 0.90909088
vt 0.09090909 1.00000000
vt 0.00000000 0.72727275
vt 0.27272728 1.00000000
vt 0.72690529 0.00036746
vt 0.00001479 0.99999118
vt 0.00309767 0.73040032
vt 0.63636363 0.99999672
vt 0.44415417 0.59084898
vt 1.00000596 0.81818187
vt 0.27272731 1.00007403
vt 0.58739293 0.60301858
vt 0.46222878 0.99275357
vt 0.90848082 0.00061005
vt 1.00000000 0.09738141
vt 0.99988741 0.62582415
vt 0.71065259 0.00252968
vt 0.99975586 0.63636363
vt 1.00000000 0.81818181
vt 0.62993938 0.80180967
vt 1.00000000 0.45454544
vt 1.00000000 0.63636363
vt 0.00605914 0.44040996
vt 0.18308423 0.00000268
vt 0.99999684 0.27272761
vt 1.00013936 0.45454544
vt 0.45454547 1.00000000
vt 1.00000000 0.27272731
vt 0.99999529 1.00000000
vt 0.64988363 1.00000000
vt 0.28600389 1.00000000
vt 0.00002010 0.18179810
vt 1.00000000 0.00000000
vt 0.61225259 0.30091494
vt 0.27272728 0.45454544
vt 0.39040774 0.22640836
vt 0.00000000 1.00000000
vt 0.09090909 1.00000000
vt 0.99518198 0.81818181
vt 0.45438403 0.81599611
vt 1.00726676 0.52990586
vt 0.00000000 0.72727275
vt 0.09090909 0.81818181
vt 0.36314428 -0.00049210
vt 0.27272728 0.09090918
vt 0.00000000 1.00000000
vt 0.00068674 0.90840417
vt 0.09090909 1.00000000
vt 0.18181819 0.00000000
vt -0.00020752 0.18176824
vt 0.99824774 0.34659326
vt 0.53481078 0.33190447
vt 1.00008643 0.27272731
vt 1.00000000 0.45454544
vt 0.81818181 0.45454550
vt 0.18117000 0.00068629
vt 0.48530373 0.00104851
vt 0.63636357 1.00002956
vt 0.00096144 0.54641593
vt 0.00000000 0.36363631
vt 0.09090909 0.45454544
vt -0.00039670 0.36323965
vt -0.00020525 0.18161297
vt 0.99584401 1.00000000
vt 0.81818181 0.63636363
vt 1.00000000 0.63636363
vt 1.00025058 0.81818181
vt 0.27272728 0.27272725
vt 0.45080853 0.99594223
vt 1.00000000 1.00000000
vt 0.67402071 1.00000000
vt 0.63636369 0.81818181
vt 1.00000012 0.00000399
vt 0.99980986 0.27253717
vt 0.63636369 0.63636363
vt 0.69445246 0.45454550
vt 0.45454550 0.45454544
vt 0.81818181 0.27272731
vt 0.63636369 0.54367834
vt 0.00012175 0.18193996
vt 0.18181819 0.00000000
vt 0.09090909 0.09090912
vt 0.09090909 0.63636363
vt 0.27272728 1.00000000
vt 0.45454547 1.00000000
vt 0.27272728 1.00000000
vt 1.00000000 1.00000000
vt 0.75451612 1.00000000
vt 0.27272728 0.68486983
vt 0.00000000 0.54545450
vt 0.99904418 0.27272731
vt 0.00000000 0.72727275
vt 1.00000548 0.00004548
vt 0.61510777 0.00000000
vt 1.00003099 0.63636363
vt 0.99999225 -0.00001347
vt 0.72716308 -0.00010967
vt 1.00000000 0.81818181
vt 0.81818181 0.81818181
vt 0.63636357 1.00000548
vt 0.99987835 0.47804046
vt 0.99994922 1.00000000
vt 0.27272728 0.12285793
vt 0.09090909 0.27272731
vt 0.09090909 0.09090912
vt 0.32970580 0.80366307
vt 0.60157943 1.00000000
vt 0.27272728 1.00000000
vt 1.00001419 0.81818181
vt 1.00000000 1.00000000
vt 0.81818175 1.00000000
vt 0.45454550 0.39280593
vt 0.27272728 0.45454544
vt 0.00009454 0.18392771
vt 0.45454550 0.63636363
vt 0.00006899 1.00000048
vt 0.09090909 0.49209350
vt 0.27272728 0.68766379
vt 0.50370991 0.45625186
vt 0.66967404 0.78487146
vt 0.27272728 1.00000000
vt 0.00009041 1.00000000
vt 0.00000000 0.90909088
vt 0.09090909 0.70710790
vt 0.48940074 0.09090918
vt 1.00000000 0.00002110
vt 0.63636369 0.81818181
vt 0.54377770 1.00000000
vt 0.45454550 0.81818181
vt 0.68076295 0.00030649
vt 0.99994028 0.00000000
vt 1.00000000 0.09090912
vt 0.00000000 0.18181819
vt 0.18181819 0.00000000
vt 0.00000000 0.36543649
vt 0.90909088 0.00000000
vt 0.36363637 0.00000000
vt 0.54545456 0.00000000
vt 0.72727275 0.00000000
vt 0.00000150 0.99998593
vt -0.00083062 0.54628515
vt 0.00175279 0.36188352
vt 0.30809814 0.30157495
vt 1.00005698 0.53400916
vt 0.63636363 0.99497402
vt 0.81818181 0.68049508
vt 0.81818175 1.00000000
vt 0.00000000 0.72727275
vt 0.00000000 0.18181819
vt 0.18032303 0.00149512
vt 1.00000000 0.81818181
vt 1.00000000 1.00000000
vt 0.76368541 0.99988121
vt 0.27272725 1.00079870
vt -0.00002550 0.99997747
vt 0.32159147 0.40755129
vt 0.45455766 0.99848741
vt 1.00000000 0.63636363
vt 1.00000000 0.45454544
vt 0.00001470 0.62304813
vt -0.00006586 0.36370224
vt 0.79427099 0.48645663
vt 1.00000000 0.70211637
vt 1.00000989 1.00000846
vt 1.00000000 0.03410298
vt 1.00000000 0.27272731
vt 0.71706516 0.01414591
vt 1.00000000 0.45454544
vt 0.69773120 1.00007236
vt 0.19512412 0.46455908
vt 0.37676752 0.01951182
vt 0.00000000 0.91002190
vt 0.00000000 0.18224478
vt 0.10454172 0.67283249
vt 0.00000000 0.90909088
vt 0.00252345 0.17936826
vt 0.09090909 0.81818181
vt 0.39414683 0.75818962
vt 0.00019605 0.73507553
vt 0.63731837 0.35672730
vt 0.00000002 0.18181825
vt 0.74150598 0.01778394
vt 0.45454550 0.99897790
vt 0.47898144 0.02615303
vt 0.90909088 0.00000000
vt 1.00000000 0.00000000
vt 1.00000000 0.09090912
vt 1.00026870 0.45667571
vt 0.53549433 -0.01577282
vt 0.18162556 0.00019264
vt 1.00001860 0.65603083
vt 0.36447558 0.00083923
vt 0.99998677 0.00000614
vt 0.00000000 0.48301518
vt -0.00067298 0.18249118
vt 0.00000000 1.00000000
vt 0.09090909 1.00000000
vt 0.54545456 0.00000000
vt 0.72752577 0.00025308
vt 0.27272728 0.45454544
vt 0.27272728 0.63636363
vt 0.99803811 0.45484287
vt 1.00000000 0.45454544
vt 1.00000000 0.63636363
vt 0.99992067 0.81810445
vt 0.59467244 1.00111341
vt 1.00000000 0.71685743
vt 0.99989980 1.00000000
vt 0.81818181 0.81818181
vt 0.63636369 0.81818181
vt 0.63636369 0.63636363
vt 0.63636369 0.78546309
vt 0.45454550 0.81818181
vt 0.45454550 0.63636363
vt 0.18184079 0.00002265
vt 0.91226846 0.00001991
vt 0.99999994 -0.00000381
vt 0.71740997 0.32220155
vt 0.63784313 0.35739279
vt 0.28421736 0.13388330
vt 1.00000000 1.00000000
vt 0.81818175 1.00000000
vt 0.63990992 0.99657947
vt 0.54665822 0.00120366
vt 0.68264627 1.00000000
vt 0.00000000 0.37598979
vt 0.00000000 0.18181819
vt 0.18030027 0.00157207
vt 1.00000048 0.63595390
vt 0.99998438 -0.00000036
vt 1.00000000 0.27272731
vt 0.46515781 0.00000006
vt 0.49134749 0.23738086
vt 0.61993992 0.00135756
vt 1.00044930 0.09068406
vt 0.90842497 0.00011128
vt 1.00000000 0.27272731
vt 1.00000000 0.00005519
vt 0.42540893 0.83102310
vt 0.08519369 1.00000000
vt 0.17955500 -0.00002682
vt 0.99939328 0.63512182
vt 1.00000107 0.99999821
vt 0.00000000 1.00000000
vt 0.00000000 0.90909088
vt 0.00000000 1.00000000
vt 0.00000000 0.90909088
vt 0.09531757 1.00000000
vt 0.00000000 1.00000000
vt -0.00014310 0.90915507
vt 0.09090909 1.00000000
vt 0.47793251 0.77731907
vt 0.99998784 0.00001550
vt 0.99999595 1.00000012
vt 0.18226025 0.00075114
vt 0.44421935 0.03181660
vt 0.00819904 0.71612203
vt -0.00000030 0.18144077
vt 0.63756508 1.00649607
vt 0.54635078 0.00089622
vt 0.00570472 0.72819918
vt -0.00418436 0.17854226
vt 0.45317858 0.09777778
vt 0.55173165 0.00343102
vt 0.27272728 0.81928557
vt 0.27272728 1.00000000
vt 0.00000096 0.99999684
vt 0.45067930 0.45841169
vt 0.00000000 1.00002873
vt 0.00000385 0.18193656
vt 0.90725404 0.00183684
vt 0.09706692 1.00170028
vt 0.72727275 0.00000000
vt 0.55171454 0.01547283
vt 0.09090909 0.63636363
vt 0.00000000 0.36366922
vt 0.09090909 0.45454544
vt 0.99999332 0.00000000
vt 0.99994093 0.09090912
vt 0.30579296 0.09090918
vt 0.27272728 0.45454544
vt -0.00116639 0.18065178
vt 0.45922825 0.51497465
vt 1.00000000 0.99997985
vt 0.02608358 0.74563193
vt 0.99995232 0.28020364
vt 0.04664491 0.32631260
vt 0.55115801 0.27272725
vt 0.18190192 0.00000000
vt 0.00021472 0.18160343
vt 0.46094596 0.81818181
vt 0.45454550 0.63636363
vt 0.80999100 0.80999100
vt 0.18182069 -0.00000298
vt 0.72428155 0.00398284
vt 0.90847474 0.00061613
vt 1.00005376 0.27272731
vt 0.54545456 0.00000000
vt 0.17733198 -0.00082755
vt 0.00000000 0.18181819
vt 0.09090909 0.11137271
vt 0.00014099 0.40938270
vt 0.44922885 1.00000000
vt 0.27263564 0.99967778
vt 0.00008375 0.54553825
vt 0.37483436 0.62793845
vt 0.09090909 1.00000000
vt 0.00000000 1.00000000
vt 0.98593211 0.64661473
vt 1.00005341 0.45454544
vt 0.00000000 0.72727275
vt 0.23233342 0.45026165
vt 0.18181819 0.00000000
vt 0.40164882 0.47562081
vt -0.00034886 0.18141526
vt 0.00016666 0.72710609
vt 0.00000000 0.36487067
vt 0.51961577 0.00069797
vt 0.99999976 0.00000000
vt 0.99257857 0.28101206
vt 1.00051594 0.42895156
vt 0.63636369 0.67329109
vt 0.81818181 0.63636363
vt 0.99999899 0.99999642
vt -0.00010677 0.99999917
vt 0.90909088 0.00000000
vt 1.00000000 0.00000000
vt 0.99981076 0.09090912
vt 0.00053920 0.36658144
vt 0.00000000 0.18181819
vt 0.18181214 0.00000602
vt 0.47580913 0.00017959
vt 0.00054563 0.72672713
vt 0.37172911 0.74106634
vt 0.72727275 0.00000000
vt 0.99999720 0.27272731
vt 0.99842823 0.45454544
vt 0.63636363 1.00000000
vt 0.38175121 1.00000000
vt 1.00000000 0.46151477
vt 0.45645773 0.99994898
vt 0.81818169 0.99901074
vt 0.63636369 0.47405761
vt 0.62553191 0.13984805
vt -0.00002510 0.17959839
vt 0.18212044 0.00061202
vt 0.40574872 1.00111318
vt 0.81818175 0.99441904
vt 0.63641530 0.99808747
vt 0.99998254 0.63636363
vt 0.00243697 0.90665394
vt 0.99997699 0.81818181
vt 0.27272728 1.00000000
vt 0.54713333 0.99948335
vt 0.28461939 1.00000000
vt 0.99999994 -0.00004375
vt 1.00000000 0.27272731
vt 0.18112314 -0.00001884
vt 0.99999750 0.80283904
vt 0.00000176 1.00000000
vt 0.00000031 0.99999970
vt 0.54533267 -0.00046051
vt 0.72727275 0.00000000
vt 1.00000012 0.00000566
vt 0.28363302 0.81818181
vt 0.27272728 0.63636363
vt 0.45454550 0.63636363
vt 0.40034229 1.00000000
vt 0.00000601 1.00002694
vt 0.36363637 0.00000000
vt 0.18181819 0.00000000
vt 0.00000000 0.54545450
vt 0.00000000 0.36363631
vt 0.45454550 0.99999499
vt 0.18629357 1.00000000
vt 0.99999857 -0.00000012
vt 0.99995071 0.00000000
vt 0.72734439 0.00007164
vt 0.00000000 0.99998444
vt 0.36407867 0.00044227
vt 0.18075205 0.00106615
vt 1.00000000 1.00000000
vt 0.72465783 0.00254977
vt 0.99999243 0.29510367
vt 1.00000000 0.63636363
vt 0.66937214 0.99894500
vt 0.00194625 0.36559337
vt 0.62470824 1.00000000
vt 0.04276388 0.93993020
vt 0.81739849 0.99928826
vt 0.90424722 0.00484359
vt 1.00000000 0.00000000
vt 1.00000000 0.09090912
vt 0.00000000 0.18181819
vt 0.36363637 0.00000000
vt 0.54316986 0.00228477
vt 0.46562457 0.99517709
vt 0.00000157 0.99999452
vt 0.02925611 0.67987883
vt 0.99996340 -0.00000203
vt 0.18414694 0.00009096
vt 1.00047398 0.45501947
vt 0.18270068 0.00173122
vt 0.61466110 0.00030005
vt -0.00000001 1.00000072
vt 0.00067831 0.18463171
vt 0.63413787 1.00016069
vt 0.99986815 0.63623202
vt -0.00004827 0.18216538
vt 1.00005186 0.09085733
vt 1.00000000 0.99999607
vt -0.00000329 0.54545116
vt 0.99999976 0.00000000
vt 0.32328933 1.00000000
vt 0.81818181 0.43988633
vt 0.63636369 0.45454544
vt 0.63636369 0.27272731
vt 0.54678047 0.00017500
vt 0.45454547 1.00000000
vt 0.27272728 1.00000000
vt 0.00000777 0.99999171
vt 0.00000151 0.99999988
vt 0.36363637 0.00000000
vt 0.45454550 0.09090918
vt 0.09090909 0.81818181
vt 0.45454550 0.27272731
vt 0.72860342 0.00133073
vt 0.90909088 0.00000000
vt 1.00000000 0.00005084
vt 1.00000000 0.99999279
vt 0.54545456 0.00000000
vt 0.63636369 0.09090912
vt 0.99999994 0.00000012
vt 1.00000000 0.99998951
vt 0.18181819 0.00000000
vt 1.00000000 0.28476852
vt 0.00000000 1.00000000
vt 0.00000000 0.90909088
vt 0.09090909 1.00000000
vt 0.00247266 0.36540598
vt 0.45454547 0.99988753
vt 0.11732233 1.00000000
vt 1.00000000 0.45796347
vt 0.71322989 0.71542114
vt 1.00000000 0.78999460
vt 1.00000000 1.00000000
vt 0.63636363 1.00000000
vt 0.00008335 0.90900755
vt 0.99998927 0.81818181
vt -0.00053487 0.18230695
vt 0.00000000 0.36363631
vt -0.00021835 0.18178004
vt 0.00003749 0.58545715
vt 0.00000000 1.00000000
vt 0.18181819 0.00000000
vt 0.09090909 0.09740639
vt 0.36076486 0.01959610
vt 0.09072831 0.99977440
vt 0.18181819 0.00000000
vt 1.00000215 1.00000012
vt 0.04496523 0.42821419
vt 0.99997514 0.45471096
vt 0.80615836 0.99999613
vt 0.81818181 0.81818181
vt 0.00000000 0.18196070
vt 0.00000000 0.99999017
vt 0.54536480 0.00059372
vt 1.00059152 0.45336658
vt 0.99941641 0.63629323
vt 0.99999994 -0.00000465
vt 0.00000017 1.00000000
vt 1.00005841 0.45460385
vt 0.72703230 -0.00024056
vt 0.18181819 0.00000000
vt 0.36346638 -0.00017738
vt 0.00000356 0.18181467
vt 1.00000000 0.81818181
vt 1.00000000 0.00000012
vt 0.00014564 0.18243331
vt 0.18171416 -0.00010395
vt 0.56667864 0.67365444
vt 0.98785818 0.00011677
vt 0.99676120 0.44822222
vt 0.72849077 -0.00006974
vt 0.00062620 0.55418682
vt 0.00859073 0.48331618
vt 0.00001456 0.18180358
vt 0.18169366 -0.00011563
vt 0.00006365 0.18187934
vt 0.18181632 0.00000185
vt 0.38083240 -0.00128186
vt 0.70335716 0.00000000
vt 0.76978970 0.29444283
vt 0.99999356 0.00000024
vt 0.00000000 1.00000000
vt -0.00028670 0.90937763
vt 0.09090909 1.00000000
vt 0.71766579 0.62675357
vt 1.00000000 0.99997318
vt 0.64481652 1.00000000
vt 1.00000000 0.55344349
vt 1.00000000 0.63636363
vt 1.00000000 0.81818181
vt 0.00880589 0.66790843
vt 0.27272728 1.00000000
vt 0.44713381 0.99999905
vt 0.99988186 1.00000000
vt 1.00000012 0.00000119
vt 0.72727275 0.00000000
vt 0.99999440 0.00002491
vt 0.76230979 0.16032708
vt 0.54545456 0.00000000
vt 0.63636369 0.09090912
vt 0.72727275 0.00000000
vt 0.90853566 0.00055516
vt 0.55102724 0.00557262
vt 0.00000000 0.90909088
vt 0.00000000 0.72727275
vt 0.09090909 0.81818181
vt 0.00029201 0.54574651
vt 0.00000000 0.36363631
vt 0.09090909 0.45454544
vt -0.00179224 0.18361038
vt 0.14023516 0.23694342
vt 0.73622173 0.00894892
vt 0.99999017 0.00000000
vt 1.00000000 0.23541367
vt 1.00000000 0.99999404
vt 0.70848882 1.00019538
vt 0.63250285 0.35157222
vt 0.18181819 0.00000000
vt 0.36363637 0.00000000
vt 0.37788326 0.76019955
vt 0.63239533 1.00877655
vt 0.45454547 1.00000000
vt 0.27272728 1.00000000
vt 0.64522147 0.37992239
vt 1.00000000 0.48458040
vt 0.54292721 0.00000000
vt 0.45454550 0.09090918
vt 0.45454550 0.27272731
vt 0.40643236 0.99999952
vt 0.00000091 0.99999863
vt 0.50491905 1.00000000
vt -0.00862487 0.54104990
vt 0.62625360 0.68262839
vt 0.99999988 1.00000012
vt 0.45422038 1.00000000
vt 1.00000000 0.42012513
vt 0.09090909 1.00000000
vt 0.81818181 0.10721815
vt 0.63636369 0.09090912
vt 0.45454550 0.45454544
vt 0.63636374 0.83071476
vt 0.45454550 0.81818181
vt 0.45454550 0.63636363
vt 0.27272728 0.45454544
vt 0.01323584 0.37511075
vt 0.00000000 1.00000000
vt -0.00000022 1.00000012
vt 0.45454550 0.29415351
vt 1.00000000 0.81818181
vt 1.00000751 1.00000000
vt 0.63636369 0.81818181
vt 0.99999994 0.99999875
vt 0.81818175 1.00000000
vt 0.00000000 1.00000000
vt -0.00011290 0.90920383
vt 0.09090909 1.00000000
vt 0.00003982 0.18177843
vt 0.18807326 -0.00000560
vt 0.10672126 0.30211854
vt 0.00000000 0.18181819
vt 0.17949104 0.00223315
vt 0.45454550 0.53712797
vt 0.63636374 0.43376160
vt 0.81623268 0.56925750
vt 0.63636369 0.46871614
vt 0.54605961 0.00000000
vt 0.99982792 0.27269989
vt 0.45626426 0.16247654
vt 0.91225564 -0.00828195
vt 1.00055981 0.45454544
vt 0.00125416 0.36711842
vt -0.00293245 0.17888576
vt 0.38394174 0.38394171
vt 0.10380644 0.09909028
vt 0.18336582 -0.00000072
vt 0.54134268 0.33244735
vt 0.81818181 0.09090912
vt 1.00000215 0.00000000
vt 1.00000000 0.09090912
vt 0.45262825 0.81818181
vt 0.81818181 0.81818181
vt 0.36363637 0.00000000
vt 0.27272728 0.09090918
vt 0.27272725 0.99994856
vt 0.00001480 0.99999517
vt 0.45454547 1.00001943
vt 0.09090909 1.00000000
vt 0.00000000 0.90909088
vt 0.09090909 0.81818181
vt 0.54556394 0.00000000
vt 0.45454550 0.08700931
vt 0.18732536 0.00550723
vt 0.18181819 0.00000000
vt 0.09090909 0.09090912
vt 0.08813728 0.27272731
vt 0.00094108 0.18087709
vt 0.46928978 0.65560341
vt 0.45454550 0.45454544
vt 0.63636369 0.50865209
vt 0.81818324 0.99982822
vt 0.56166363 0.71106368
vt 0.99792117 0.45121777
vt 0.72727275 0.00000000
vt 0.90909088 0.00000000
vt 0.65357208 0.09090912
vt 0.54608858 0.45454544
vt 0.63140982 0.27272731
vt 0.45454550 0.27272731
vt 0.63636369 0.09090912
vt 0.81818181 0.09090912
vt 0.72727275 0.00000000
vt 0.54545456 0.00000000
vt 0.36318585 -0.00020397
vt 0.54545456 0.00000000
vt 1.00000000 0.59878927
vt 0.81818181 0.63636363
vt 0.64218521 0.42353255
vt 1.00000000 0.00003010
vt 0.72722465 0.00004810
vt 0.09090909 1.00013816
vt 0.09090909 0.47594237
vt 0.27272728 0.61786199
vt -0.00011881 0.18169940
vt -0.00045284 0.58452022
vt 0.00875083 0.36876714
vt 0.67471170 0.18428242
vt 0.00034327 0.18208086
vt 0.17998168 0.00204039
vt 0.63636363 1.00000000
vt 0.43075138 1.00000000
vt 0.01274273 0.73270875
vt 1.00000000 0.27272731
vt 0.90909088 0.00000000
vt 1.00000000 0.63636363
vt 0.99999177 -0.00000429
vt 0.00007806 0.99992025
vt 0.99841732 0.27272731
vt 0.71725619 0.00427806
vt 1.00001085 0.00003904
vt 0.00000000 0.44051874
vt 0.36363637 0.00000000
vt 0.27272728 0.45454544
vt 0.81818181 0.45454550
vt 0.99982721 0.65560490
vt 0.27272728 0.68586230
vt 0.15052322 0.40879607
vt 0.00169499 0.18351322
vt 0.18225287 -0.00031638
vt 0.63636369 0.10798669
vt 0.72727275 0.00000000
vt 0.81818181 0.11594558
vt 0.00000000 0.88665986
vt 0.62652695 -0.00148928
vt 0.99997252 0.00000000
vt 1.00000000 0.09090912
vt 0.56678468 0.68994987
vt 0.00000000 1.00000000
vt 0.00000000 1.00000000
vt 0.00840484 0.65837240
vt 0.43721539 0.29005742
vt 0.72469872 0.00101507
vt 0.36289242 0.64509892
vt 0.00000000 0.36363631
vt 1.00000000 0.81818181
vt 1.00000000 0.45454544
vt 1.00000000 0.81875670
vt 0.81350756 1.00000000
vt 0.44258431 1.00000000
vt 0.00000000 0.36051708
vt 0.45454550 0.44574302
vt 0.00768112 0.72376537
vt 1.00000000 0.45454544
vt 1.00000000 0.27272731
vt 0.45454547 1.00000000
vt 0.00000271 0.99998224
vt 1.00000000 0.09090912
vt 1.00000000 0.81818181
vt 1.00000000 1.00000000
vt 0.27272728 0.27272725
vt 0.00000000 0.45278013
vt 0.00066356 0.18248177
vt 0.63636363 1.00000000
vt 0.45454547 1.00000000
vt 1.00000000 0.00000000
vt 0.81818181 0.81818181
vt 1.00000000 0.81818181
vt 1.00003088 1.00000000
vt 1.00003672 1.00003684
vt 0.00812016 0.55076182
vt 0.27272728 0.45454544
vt 0.27272728 0.69494420
vt 0.00000000 0.36363631
vt 0.99561316 0.45454550
vt 1.00000000 0.63636363
vt 0.81818181 0.63636363
vt 0.81818181 0.27272731
vt 1.00000000 0.27272731
vt 0.27272728 0.78988642
vt 0.58905631 0.50185281
vt 0.27081570 0.99988294
vt 0.09090909 1.00000000
vt 0.00000000 0.90909088
vt 0.09090909 0.82029057
vt 0.90909088 0.00000000
vt 0.72727275 0.00000000
vt 0.90961373 -0.00052285
vt 0.51115036 0.09090918
vt 0.00000000 0.39284611
vt 0.09847099 0.45454544
vt 0.09725615 0.27272731
vt 0.09090909 0.09090912
vt 0.27272728 0.09090918
vt 0.36363637 0.00000000
vt 0.00000000 0.18181819
vt 0.18181819 0.00000000
vt 0.09090909 1.00000000
vt 0.00000000 0.99991411
vt 0.09090909 0.81818181
vt 1.00000000 0.00000000
vt 1.00000000 0.09090912
vt 0.00000000 0.72727275
vt 0.09090909 0.63636363
vt 0.55141401 0.40177381
vt 0.36598304 0.00234669
vt 0.90188980 0.00002939
vt -0.00106540 0.54620582
vt 0.39080012 0.63636363
vt 0.27272728 0.24758285
vt 0.00000000 0.36363631
vt 0.09090909 0.27272731
vt 0.00000000 0.18181819
vt 0.09090909 0.09090912
vt 0.18181819 0.00000000
vt 1.00000000 0.00000000
vt 1.00000000 0.09090912
vt 0.76363915 0.81818181
vt 1.00022757 1.00000000
vt 0.63636363 1.00000000
vt 0.10192162 0.81818181
vt 0.00491231 0.54112506
vt 0.27272728 0.63636363
vt 0.09090909 1.00000000
vt 0.00000000 0.90909088
vt 0.00000000 0.72727275
vt 0.63636369 0.63639021
vt 0.81818181 0.45454550
vt 0.79477882 0.79183227
vt 0.27272728 0.38963926
vt 0.45454550 1.00076592
vt 0.27272728 0.99913055
vt 0.55127990 0.35315454
vt 1.00000000 0.63636363
vt 0.63636363 1.00000000
vt 1.00000000 0.27300078
vt 0.00000000 0.72727275
vt 0.99999541 0.80960971
vt 1.00000000 1.00000000
vt 0.81204706 1.00000000
vt 0.54545456 0.00000000
vt -0.00017311 0.36380947
vt 0.45454550 0.56008244
vt 0.45454550 0.81818181
vt 0.45328674 1.00000000
vt 1.00000000 0.81818181
vt 0.00000000 1.00000000
vt 0.81818175 1.00000000
vt 0.63636363 1.00000000
vt 0.27272728 1.00000000
vt 1.00000000 0.45454544
vt 1.00000000 0.81818181
vt 0.00000000 1.00000000
vt 0.00000000 1.00000000
vt 0.00000000 0.90909088
vt 0.09090909 1.00000000
vt 0.45454550 0.60113108
vt 1.00000000 0.00000000
vt 1.00000000 0.09090912
vt -0.00420847 0.72306424
vt 0.63636369 0.63636363
vt 1.00000000 0.27272731
vt 0.36363637 0.00000000
vt 0.55189097 0.00643641
vt 0.39253095 0.11443728
vt 0.18181819 0.00000000
vt 0.00055913 0.18125904
vt 0.73175615 0.00448334
vt 0.99998081 0.00000000
vt 1.00000000 0.09090912
vt 0.63636369 0.27272731
vt 0.00000000 0.36363631
vt 0.00190836 0.17990983
vt 0.09090909 0.39190465
vt 0.00000000 0.54545450
vt 0.00000000 0.72727275
vt 0.09090909 0.63636363
vt 0.99996728 0.00000000
vt 1.00000000 0.09090912
vt 0.09090909 0.81818181
vt 0.72727275 0.00000000
vt 0.99990702 0.00000000
vt 0.80943120 0.18223345
vt 0.54545456 0.00000000
vt 0.18181819 0.00000000
vt 0.36275768 -0.00087869
vt 0.27272728 0.10378397
vt 0.99996412 0.59308261
vt 0.99998635 1.00000000
vt 0.02584014 0.74124646
vt 0.50011516 0.81818181
vt 0.63636363 1.00000000
vt 0.45454547 1.00000000
vt 0.00000000 0.99999112
vt 0.00002365 0.18179452
vt 0.10310110 0.59016395
vt 0.54545456 0.00000000
vt 0.72727275 0.00000000
vt 0.52612400 0.09090918
vt 0.36363637 0.00000000
vt 0.18181819 0.00000000
vt 0.27272728 0.09090918
vt 1.00000000 0.44280744
vt 0.81818181 0.45454550
vt 0.80937660 0.27272737
vt 0.17564011 0.69341230
vt 0.41570061 0.98468101
vt 0.00000317 0.99998200
vt 0.00000000 0.36363631
vt 0.00000000 0.18181819
vt 0.09090909 0.27272731
vt 0.00000000 0.67857355
vt 0.09090910 0.50884801
vt 0.09090909 0.09090912
vt 0.45454547 1.00000000
vt 0.27272728 1.00000000
vt 0.09090909 1.00000000
vt 1.00000000 0.27272731
vt -0.00000215 0.18089080
vt 0.18104675 -0.00034499
vt 0.00000000 0.90909088
vt 0.00000000 1.00000000
vt 0.00000000 1.00000000
vt 0.00000000 0.90909088
vt 0.09090909 1.00000000
vt 0.00000000 1.00000000
vt 0.00000000 0.90909088
vt 0.09090909 1.00000000
vt 0.27272728 0.64034718
vt 0.27272728 0.45454544
vt 0.27272728 0.27272725
vt 0.09090909 1.00018966
vt 0.00000000 0.36363631
vt 0.00000000 0.18181819
vt 0.08003756 0.27272731
vt 0.00000000 0.72727275
vt -0.00030993 0.54942453
vt 0.07964631 0.63636363
vt 0.00000000 0.99995899
vt 0.09090909 0.81818181
vt 0.18181819 0.00000000
vt 0.39036167 -0.01244342
vt 0.27272728 0.12316179
vt 0.70984513 0.27272731
vt 0.09932646 0.81818181
vt 0.27272728 1.00000000
vt 0.50946599 0.81818181
vt 0.63636363 1.00000000
vt 0.45454547 1.00000000
vt 0.00648491 0.72078776
vt 0.45454550 0.29490370
vt 0.27272728 0.45454544
vt 0.18181819 0.00000000
vt 0.37646809 0.01283169
vt 0.27272728 0.09090918
vt 0.44975081 0.63636363
vt 0.27272728 0.58422524
vt 0.45454550 0.42460036
vt -0.00030634 0.18209112
vt 0.70782328 0.68951935
vt 0.63636363 1.00000000
vt 0.45454547 1.00000000
vt 0.09090909 1.00000000
vt 0.81818181 0.81818181
vt 1.00000000 0.81818181
vt 0.99861431 1.00000000
vt 0.00086860 0.54458594
vt 0.45454550 0.09090918
vt 0.63636363 1.00000000
vt 0.63636369 0.45454544
vt 0.81818181 0.45454550
vt 0.81818181 0.81818181
vt 1.00000000 0.81818181
vt 0.99722677 1.00000000
vt 0.00007167 0.18188983
vt 0.27272728 1.00000000
vt 0.27272728 0.81818181
vt 0.45454550 0.36866057
vt 0.36430755 0.00624502
vt 0.27272728 0.48475474
vt 0.17813718 0.00368100
vt 1.00000000 0.09090912
vt 1.00000000 0.27272731
vt 0.99976474 0.45454544
vt 1.00000000 0.63636363
vt 0.81818181 0.63636363
vt 0.00984709 0.53560740
vt 0.00131240 0.72874916
vt 0.28858230 0.45454544
vt 0.63636369 0.45454544
vt 0.90928447 -0.00019360
vt 0.22367254 0.27272725
vt 0.00000000 0.36363631
vt 0.48733914 0.61671168
vt 0.63636369 0.27272731
vt 0.99999815 0.00000173
vt 0.26560330 0.79737484
vt 0.60216701 0.63636363
vt 0.76573521 0.81818181
vt 0.77993184 0.70125014
vt 1.00180686 0.48535258
vt 1.00000000 0.81818181
vt 0.81818175 1.00000000
vt 0.63636363 1.00000000
vt 0.12907822 0.61209697
vt 0.00000000 0.36363631
vt 0.08927315 0.27272731
vt 0.33499575 0.45454544
vt 0.63636369 0.27272731
vt 0.00876984 0.90344208
vt 0.00000000 0.65201145
vt 0.17494678 0.27272725
vt 0.00000000 0.18181819
vt 0.08458749 0.09090912
vt 0.00014567 0.36378199
vt 0.63009202 0.45454544
vt 0.29693952 0.63636363
vt 0.00000000 0.54545450
vt 0.00842484 0.90089852
vt 0.00000000 0.72727275
vt 0.90909088 0.00000000
vt 1.00000000 0.00000000
vt 1.00000000 0.09090912
vt 0.88449961 0.81818181
vt 0.18181819 0.00000000
vt 0.27757204 0.26217210
vt -0.00055998 0.18251276
vt 0.00053545 0.67041200
vt 0.00000000 0.36363631
vt 0.73532659 0.01004684
vt 0.54545456 0.00000000
vt 0.90909088 0.00000000
vt 1.00000000 0.00000000
vt 1.00000000 0.09090912
vt 0.53393221 0.01149881
vt 0.99999988 0.00000012
vt 0.00000000 0.36363631
vt 0.00080423 0.18262243
vt 0.18305905 -0.00133789
vt 0.72725242 0.00002033
vt 0.90900600 0.00008494
vt 0.18181819 0.00000000
vt 1.00000000 -0.00000060
vt 0.00003191 0.18226671
vt 1.00000024 0.00000000
vt 1.00000238 0.45453906
vt 0.18223700 0.00003046
vt 1.00026572 0.63636363
vt 1.00000000 0.81818181
vt 0.70362031 1.00145113
vt 1.00000107 0.99999988
vt 0.27272162 1.00001276
vt 0.99981070 0.52063406
vt 0.09090909 1.00000000
vt -0.00037974 0.72699732
vt 1.00000000 0.00000346
vt -0.00143316 0.91164213
vt 0.00000000 0.18180776
vt 0.18174797 -0.00000370
vt 0.99999976 1.00000000
vt 0.45924950 1.00000000
vt 1.00000000 0.81818181
vt 0.00000000 0.54545450
vt 0.81818175 1.00000000
vt 0.63636363 1.00000000
vt 0.46901274 1.00000000
vt 0.00009554 1.00000000
vt 1.00000000 0.81818181
vt 0.99997139 1.00000000
vt 1.00000000 0.27524561
vt 0.68015981 0.45454550
vt 0.64698946 0.27272731
vt 0.36363637 0.00000000
vt 0.18075608 0.81818181
vt 0.27272728 1.00000000
vt 0.09090909 1.00000000
vt 0.27272728 0.99965709
vt 0.09090909 1.00000000
vt 0.00066767 0.72794038
vt 0.00000000 0.72816426
vt -0.00003993 0.36367619
vt 0.25190374 0.62971455
vt 0.18265612 0.00002950
vt 0.54545456 0.00000000
vt 0.46142182 0.25378877
vt 0.72767127 -0.00039852
vt 0.90909088 0.00000000
vt 0.81818181 0.09090912
vt 0.63636369 0.45454544
vt 0.32002315 0.43133229
vt 0.45454550 0.79188192
vt 0.46515036 0.63473052
vt 0.81818181 0.63636363
vt 0.81818181 0.45454550
vt 0.67069030 0.27272731
vt 0.63628185 1.00000000
vt 0.00000162 0.99999797
vt -0.00000028 0.18184865
vt 0.18139918 0.00000727
vt 1.00013554 0.64027035
vt 0.99997485 0.27272731
vt 0.18181369 0.00000250
vt 0.00001172 0.18180442
vt 0.00000845 0.99999851
vt 0.00000605 0.18070847
vt 1.00000000 1.00000000
vt 0.27272728 1.00000000
vt 0.99998349 0.81818181
vt 1.00000000 1.00000000
vt 0.81818175 1.00000000
vt 0.18211812 0.00000530
vt 0.00000000 0.90909088
vt 0.65608966 0.63636363
vt 0.27811447 0.58520120
vt 0.00000000 0.90909088
vt 0.00000000 0.90909088
vt 0.00000000 0.18181819
vt 0.01162392 0.89746702
vt 0.00000000 1.00000000
vt 0.00000000 1.00000000
vt 0.00000000 1.00000000
vt 0.09090909 1.00000000
vt 0.00000000 1.00000000
vt 0.18181416 0.00000000
vt 0.72730994 0.00000000
vt 0.72727275 0.00000000
vt 0.99994045 0.00007629
vt 0.81818181 0.09090912
vt 0.09090909 0.09090912
vt 0.35964751 0.00398886
vt 0.54545456 0.00000000
vt 0.72841734 0.00114465
vt 0.63664496 0.23398262
vt 0.63636369 0.09090912
vt 0.54866129 -0.00320673
vt 1.00001550 0.27272731
vt 0.00000000 0.18181819
vt 0.18181819 0.00000000
vt 0.00000000 1.00000000
vt -0.00765833 0.91544336
vt 0.09090909 1.00000000
vt 0.36363637 0.00000000
vt 0.45454550 0.09090918
vt 0.45454547 1.00000000
vt 0.27272728 1.00000000
vt 1.00000000 0.00000930
vt 1.00000000 0.27272731
vt 0.79749078 0.09090912
vt 0.90909088 0.00000000
vt 1.00000000 0.00020170
vt 0.02457079 0.57002532
vt 0.18553995 -0.00440896
vt 1.00000000 0.00000000
vt 1.00000000 0.09090912
vt 0.63636369 0.63636363
vt 0.63636369 0.81818181
vt 0.27272728 0.39607358
vt -0.00040349 0.18141472
vt -0.00033243 0.36330390
vt 0.44890225 0.22723615
vt 0.99900174 0.27340639
vt 1.00000000 0.45454544
vt 1.00020218 0.63237965
vt 1.00000012 0.00000006
vt 0.99999893 0.52151465
vt 0.54534203 -0.00017488
vt 0.36345661 0.00017977
vt 0.00116592 0.54217243
vt 0.63605434 1.00071895
vt 0.99996924 1.00000000
vt 0.99999297 1.00000000
vt 0.18181819 0.00000000
vt 0.36363637 0.00000000
vt 0.27917016 0.43630004
vt 0.00000000 0.45949030
vt -0.00007803 0.18189621
vt 0.70416754 0.81818181
vt 0.64700180 1.00000000
vt 0.28207552 1.00000000
vt 0.00000000 0.90909088
vt -0.00083563 0.72810835
vt 0.00001428 1.00000000
vt 0.72603005 0.00165051
vt 0.99997002 0.00000095
vt 0.99953222 0.63516301
vt 0.00267809 0.72480452
vt 0.09090909 1.00000000
vt 0.00000023 0.99997163
vt 1.00000000 0.24382001
vt 1.00004601 0.45454431
vt 0.38055360 0.00008947
vt 0.00000011 1.00000095
vt 0.00000000 0.71318227
vt 0.36346141 0.99864984
vt 0.47530586 0.00015992
vt 1.00000119 0.00000000
vt 0.99999988 0.09090912
vt -0.00000199 0.99994385
vt 0.45454547 1.00000000
vt 0.11088265 1.00000000
vt 0.18168376 -0.00001466
vt 0.72727275 0.00000000
vt 0.69899803 0.42955291
vt 1.00000000 0.27272731
vt 1.00485885 0.51291609
vt 1.00000000 0.99997026
vt 0.81818175 1.00000000
vt 0.03037535 0.87821704
vt 0.27272728 1.00000000
vt 0.00000016 1.00000000
vt 0.99999863 0.27272731
vt 1.00000000 0.09090912
vt 1.00000000 0.27272731
vt 0.90576082 0.00443083
vt 0.99999928 0.49580216
vt 1.00000000 0.99998832
vt 0.60874432 0.99767315
vt 0.00000000 0.99992365
vt 0.02024332 0.70759284
vt 0.99997681 0.00000155
vt 1.00003982 0.27272737
vt 0.72759771 0.00032496
vt 0.63643456 1.00113237
vt 0.45488954 1.00000000
vt 0.01150698 0.72424030
vt 1.00000107 0.00000024
vt 0.99999994 0.27272731
vt 0.72726041 0.00001407
vt 0.54185307 0.00470424
vt 0.27269289 1.00050938
vt 0.18181819 0.00000000
vt 0.37583271 -0.00005174
vt -0.00010025 0.18175465
vt 0.00481951 0.38875788
vt 0.51014066 0.47565490
vt 0.18181819 0.00000000
vt 0.36397910 -0.00034273
vt -0.00001435 0.18183249
vt 0.02771708 0.45784193
vt 0.54546839 -0.00001383
vt 0.99999779 0.45424896
vt 1.00018454 0.63543534
vt 0.00000107 0.99999386
vt 0.99996668 1.00000000
vt -0.00100271 0.36458021
vt 0.00000000 0.18181819
vt 0.18108234 0.00073582
vt 0.35420722 0.00514263
vt 0.00000000 0.55797470
vt 1.00005579 0.47658265
vt 0.54502493 0.00037557
vt 0.72699511 0.00045377
vt 1.00000000 0.28286016
vt 1.00001240 1.00000131
vt 0.99997681 -0.00000560
vt -0.00000044 0.99999845
vt -0.00005030 0.18117851
vt 0.72385377 0.00424385
vt 0.81818175 1.00000000
vt 0.18185513 -0.00005102
vt 0.90711766 0.00197315
vt 1.00000000 0.00000000
vt 1.00000000 0.09090912
vt -0.00000211 0.18182027
vt 0.00010185 0.17615014
vt -0.00032871 0.18313402
vt 0.54314846 0.00042164
vt 0.99999976 0.00000042
vt 0.00000112 1.00000119
vt 0.00327977 0.58213872
vt -0.00001700 0.18124092
vt 0.38123617 0.00006104
vt 0.00032414 0.36730629
vt 0.00000004 0.18181819
vt 0.18185081 0.00009006
vt 1.00048208 0.63636363
vt 0.99996066 0.99998766
vt 1.00000000 0.00000286
vt 0.45757321 0.04742455
vt 0.75022799 0.00159413
vt 1.00000155 0.99998188
vt 1.00000024 -0.00000513
vt 0.46636450 0.01080197
vt 0.99999905 0.99999946
vt 0.99998212 -0.00000083
vt 0.67934620 0.99341756
vt 0.31109381 0.35603446
vt 0.76205099 0.67721379
vt 0.76710719 0.00073284
vt 0.85785425 -0.00013614
vt 1.00000000 0.18445981
vt 1.00000000 0.00000000
vt 0.02050273 0.30660933
vt 0.47330484 0.02112287
vt -0.00000336 0.00000554
vt 0.99994320 0.49480730
vt 0.99999481 0.00000387
vt 0.18181819 0.00000000
vt 0.99999750 0.00000000
vt 0.00000040 1.00000048
vt 0.47017291 0.99910766
vt 0.72342032 0.00691068
vt 1.00000000 0.00000000
vt 0.99998599 0.99999976
vt 0.00001073 1.00001323
vt 0.00002072 0.00000060
vt 0.99326962 0.33257419
vt 0.99997139 -0.00000012
vt 0.62182164 -0.00239778
vt 1.00028968 0.14696163
vt 0.99927884 0.00000000
vt 0.00797186 0.57392037
vt -0.00000101 0.00000143
vt 0.99996084 1.00001359
vt 0.00000113 0.99999726
vt 0.82485646 0.55580205
vt -0.00002932 -0.00003624
vt 1.00000632 0.00002432
vt 0.99749005 0.64052457
vt 0.75103569 1.00023437
vt 0.41462985 0.01295775
vt 0.00001095 0.00000000
vt 0.00684008 0.43305337
vt 0.38337624 0.97877645
vt 0.00000000 0.99999160
vt 0.27145875 0.99117446
vt -0.00000061 0.99996948
vt 0.37145907 0.20885223
vt 0.00001171 0.00000000
vt 0.00000000 0.26621032
vt 0.45760632 0.41763359
vt 0.00895276 0.51533294
vt 1.00000000 0.99981529
vt 0.98022628 0.54255068
vt 0.76522326 0.97778195
vt 0.21713638 0.98708600
vt 1.00000000 1.00000000
vt -0.00000297 1.00002277
vt 0.00000000 0.00002092
vt 0.37875289 0.00000000
vt 0.66991675 0.94892657
vt 1.00000012 0.99982089
vt 1.00004768 0.55542648
vt 1.00000000 0.00001091
vt -0.00000070 0.99993801
vt 1.00040317 0.57139409
vt 0.81061018 0.99883175
vt 0.99994707 0.99998057
vt 0.45078415 1.00000000
vt 0.65709382 0.61961371
vt 0.00000008 0.99997741
vt 0.99999386 0.99995381
vt -0.00000113 0.00001377
vt 1.00000882 0.00022370
vt 0.75628376 0.00000000
vt 0.99973512 0.42857140
vt 1.00105393 0.57142854
vt 0.99987894 0.85714287
vt 1.00000000 0.71428573
vt -0.00000021 -0.00003803
vt -0.00000270 1.00000358
vt 0.29765633 0.06190819
vt 0.36562908 0.41099060
vt 0.99999183 0.00000244
vt 0.00000212 0.00000197
vt 0.00116851 0.47977692
vt 0.00000071 0.00000358
vt 0.00003125 0.99999827
vt 1.00000799 1.00000393
vt 0.00000184 0.99999821
vt 0.00000534 1.00000000
vt 0.01028937 0.76717484
vt 0.02612629 0.70003378
vt 0.00010855 1.00000000
vt 0.54549366 0.00003910
vt 0.18188189 -0.00006366
vt 0.99992782 -0.00000048
vt 1.00000000 0.81818181
vt 0.00006577 0.99995947
vt 0.41775820 -0.00898516
vt 0.00005751 0.00011510
vt -0.00000506 0.72726768
vt 0.00238172 0.54299676
vt 0.27294761 0.99952561
vt 0.66068840 0.98708731
vt 1.00000620 0.00000173
vt 0.51278424 0.00958109
vt 0.59972268 0.66764402
vt 0.99999094 -0.00001037
vt 0.40528381 0.04339677
vt 1.00000072 0.99999672
vt 1.00000024 0.00000191
vt 0.58572352 -0.00455010
vt 0.30577305 0.00319600
vt 0.00001808 0.00013906
vt 0.00580955 0.48332608
vt 0.73137909 -0.00841117
vt 0.00000000 0.99999481
vt -0.00000033 0.00000048
vt 0.64028710 0.81818181
vt 0.75610214 1.00000000
vt 0.45543012 1.00000000
vt 1.00210869 0.81818181
vt 1.00000000 1.00000000
vt 0.78629458 0.02959794
vt 1.00000000 0.00005054
vt 0.18181819 0.00000000
vt 0.54984140 -0.00083601
vt 0.00034321 0.18197882
vt 0.72727275 0.00000000
vt 1.00049627 0.09133297
vt 0.99991506 0.29477495
vt 0.66160899 0.62752414
vt 0.09090909 1.00000000
vt 0.00000000 0.90909088
vt 0.00009813 0.72737086
vt 0.00956803 0.50268596
vt -0.00000453 0.99999911
vt 0.76846403 1.00134683
vt 0.99999839 0.00000685
vt 0.38173613 0.00005001
vt 1.00000000 0.63636363
vt 1.00000000 1.00000072
vt 0.72741199 0.00036395
vt 1.00000000 0.45454544
vt 0.00002708 0.99998426
vt 0.00455426 0.60790807
vt 1.00000000 0.27272731
vt 1.00000000 0.09090912
vt 0.09090909 1.00000000
vt 0.00000000 0.90909088
vt 0.81818175 1.00000000
vt 0.63636363 0.99999827
vt 1.00000000 0.99999684
vt 1.00000787 0.99999762
vt 0.63572896 0.00938940
vt 0.00003628 0.99999928
vt 0.99999934 0.99999547
vt 1.00000226 0.00000900
vt 0.51598293 0.91031504
vt 0.55168974 0.00889581
vt 1.00004947 0.81643319
vt 0.57291359 0.39238298
vt 0.99992514 -0.00000107
vt -0.00000538 -0.00001240
vt 1.00000000 0.99998462
vt -0.00000198 -0.00002563
vt 0.29386967 0.99277836
vt 0.00000000 0.99999243
vt 0.45454547 1.00000000
vt 0.00000031 0.99998599
vt 0.46203011 0.99203992
vt 0.99999851 0.00000942
vt 1.00000012 0.99999404
vt 0.99999982 0.00000131
vt 0.00473594 0.27834290
vt 0.00000335 0.00000000
vt 0.00000736 -0.00000036
vt 1.00000000 0.99995732
vt 0.99999100 0.00000924
vt -0.00000499 0.18181318
vt 0.18174934 -0.00077963
vt 0.00000000 0.99999058
vt 0.24895042 0.99739164
vt 0.46515021 0.08233911
vt 0.00001243 0.99998277
vt 0.00000000 1.00000000
vt 0.00000000 1.00000000
vt 1.00000095 0.00012356
vt 0.62403256 0.95814419
vt 0.00000503 0.00002772
vt 0.00000029 0.99999607
vt 0.50156236 0.99994510
vt 0.00000126 1.00001109
vt 0.57189405 0.97321624
vt 0.00000826 0.00001478
vt 1.00000095 0.99999374
vt 0.99999934 0.00000215
vt 0.61544639 0.03399098
vt 1.00000167 1.00000393
vt 0.00000069 -0.00000334
vt -0.00082057 0.18121421
vt 0.18180898 0.00000918
vt 0.65295148 0.00048053
vt 0.54170698 0.99962956
vt 1.00018835 0.28080159
vt 0.99998999 0.99999934
vt 0.54425824 -0.00006676
vt 0.99999952 0.00000471
vt 0.27272728 0.99999917
vt 0.40461540 0.42614460
vt 0.59872347 0.00068992
vt 0.45241725 0.50256312
vt 0.18201090 -0.00001478
vt 0.99999970 -0.00003517
vt 0.44007945 0.98487008
vt 1.00000000 0.63636363
vt 0.84245962 0.44005036
vt 0.72679210 0.00025392
vt 0.99959177 0.45448440
vt 0.85714287 1.00091994
vt 1.00000119 1.00000262
vt 0.81822973 1.00000000
vt -0.00000151 0.99999869
vt 0.51821166 0.24234462
vt 1.00029635 0.13199866
vt 1.00001657 0.45454550
vt 0.00004315 0.54532850
vt 0.50088573 0.56676787
vt 0.99999911 0.00001031
vt 1.00000000 0.99999988
vt 0.99999696 0.00000012
vt 0.00144357 0.68243170
vt 0.44762075 0.99738580
vt 0.00000059 1.00000048
vt -0.00003038 0.18141675
vt 0.18181819 0.00000000
vt 0.36363637 0.00000000
vt 0.58689952 0.00000000
vt 0.00004472 -0.00001097
vt -0.00076963 0.57259858
vt 0.99999940 0.00000000
vt 0.00006362 0.99999702
vt 0.99999541 1.00000000
vt 0.99999976 0.00000107
vt 0.00000013 0.00000745
vt 0.00008958 0.50051856
vt 0.00002963 0.00000930
vt 0.36289939 0.00020218
vt -0.00002118 0.18195331
vt 0.99960625 0.63636363
vt 0.18211882 0.00000066
vt 0.99989301 1.00000000
vt 1.00000000 0.41688114
vt 0.90909076 0.00000000
vt 0.02680844 0.55952203
vt -0.00071482 0.90996271
vt 0.27272728 1.00000000
vt 0.00000022 1.00000000
vt 0.99357247 0.37971890
vt 0.99999720 1.00000000
vt 0.41418874 1.00000000
vt 0.99999839 0.00000399
vt 1.00000238 0.49112970
vt 0.00003426 0.18181306
vt 0.99282575 0.53569186
vt 1.00000012 1.00000000
vt 0.44395962 1.00000882
vt 0.00190672 0.37586415
vt 0.04522155 0.95431244
vt 0.04544915 0.95454007
vt 0.00031527 0.18825728
vt 0.99996912 0.99999177
vt 1.00000012 0.26810008
vt 0.60918361 0.48464108
vt 0.72727019 0.00000256
vt 0.99992716 0.00000000
vt 0.99999815 0.09090912
vt 0.00001933 0.99999285
vt 1.00000000 0.09090912
vt 1.00000107 0.27134508
vt 0.72292244 0.00008041
vt -0.00003775 0.18167365
vt 0.18193746 0.00010657
vt 0.81411117 0.99339914
vt 0.98632520 0.96400899
vt 1.00000501 -0.00000095
vt 0.00000000 0.18181819
vt 0.00000383 0.18367368
vt 0.18134259 0.00003040
vt 0.99993044 0.00000000
vt 0.18122908 -0.00119889
vt 0.99998093 1.00000083
vt 0.99998921 0.99999809
vt 0.54600531 -0.00203145
vt 0.99999440 0.99999893
vt 0.99999994 0.00000000
vt 0.00000475 0.00000960
vt 0.57819992 0.99995786
vt -0.00000065 1.00000000
vt 0.18177570 0.00005102
vt 0.99998623 0.99999851
vt -0.00000016 1.00000000
vt 0.99999833 -0.00000238
vt -0.00000000 -0.00000012
vt 0.00000003 1.00000036
vt 0.99999976 0.99999613
vt -0.00000164 1.00000048
vt -0.00010111 0.18156666
vt 0.00000004 1.00000000
vt 0.63648808 0.99667907
vt 0.00000011 0.00000066
vt 1.00000119 1.00000024
vt 1.00000000 0.00000548
vt 0.72858179 0.01680392
vt -0.00000015 1.00000203
vt 0.99364138 0.31234032
vt 0.00000411 -0.00000668
vt 1.00000012 1.00000000
vt 0.00228967 0.56443053
vt 0.00000114 0.99999923
vt 0.00000039 0.00000042
vt 0.30574861 1.00520754
vt 0.57706058 0.04669780
vt -0.00000063 0.99999982
vt 0.99999988 0.00000006
vt 0.99999988 1.00000000
vt 0.63411212 0.14285707
vt 0.72484529 0.01055950
vt 0.53078264 0.00000000
vt 0.72744864 0.99985480
vt 1.00000000 0.99998927
vt 0.85714287 0.85714287
vt 0.32850078 0.00152355
vt 0.00000666 0.00000000
vt -0.00707707 0.37387633
vt 0.99992925 -0.00004399
vt 0.00001167 0.00182235
vt 1.00000000 1.00000000
vt 0.99999976 0.00000203
vt 0.42203483 0.00137430
vt 0.00004367 0.99999768
vt 0.99999845 1.00000036
vt 0.99999970 0.00000006
vt 0.00000089 -0.00000012
vt -0.00000657 0.99999577
vt 0.54123712 0.00358212
vt 0.00000000 0.00000006
vt 0.42066762 1.00581419
vt 0.99999982 0.99999994
vt 1.00000310 -0.00003457
vt 0.00000254 0.99999601
vt 0.38290879 1.00159693
vt 0.99999803 0.99999976
vt 0.99999905 0.00000298
vt 0.79489911 0.00817180
vt 0.00000017 0.99999899
vt 0.00000000 0.28571427
vt 0.14284357 -0.00002551
vt 1.00403821 0.43116593
vt 0.99999982 0.00000000
vt 0.32259065 0.14285713
vt 0.00000094 1.00002575
vt -0.00044697 0.29085743
vt 0.57142860 0.00000000
vt 0.00002317 0.14285713
vt 0.33598045 0.00000000
vt 0.00712542 0.65975511
vt -0.00000390 0.36363012
vt 1.00016212 0.45454544
vt -0.00000068 0.99999505
vt 0.70459396 -0.00066519
vt 0.00000292 0.99999678
vt -0.00004950 0.18186641
vt 0.28174371 0.99305314
vt 1.00462949 0.42566866
vt 1.00000012 0.00000012
vt -0.04787297 0.28381568
vt 1.00000918 1.00001681
vt 0.99999851 0.99999815
vt 0.99597186 0.31816429
vt 0.00000067 0.99999988
vt -0.00109218 0.51372230
vt 0.00000361 0.99999017
vt 0.99999958 0.99999803
vt 0.66160715 0.47276622
vt 0.29773027 0.99986988
vt 0.99999714 0.00000066
vt 0.55717528 0.03087997
vt 0.60769939 0.52768797
vt 0.44991934 0.00096774
vt 0.99999774 0.99999493
vt 0.99999994 0.00000030
vt 0.49405748 0.98525643
vt 0.35611820 0.00151539
vt -0.00000048 0.99999988
vt 0.26568449 0.99181485
vt 0.00006810 0.00001955
vt 0.00000000 0.99997056
vt 0.59250093 -0.00616932
vt -0.00000396 0.99999452
vt 1.00000477 0.00000048
vt -0.00002467 -0.00000417
vt 0.99999970 1.00000286
vt -0.00000050 0.00000036
vt 0.00000015 0.00000000
vt 1.00000000 0.00000006
vt 1.00002849 1.00000179
vt 0.99999994 0.00000006
vt -0.00002957 0.00000173
vt 1.00000238 0.00000006
vt 1.00000942 1.00000000
vt 0.97620565 0.46442652
vt -0.00000019 1.00000167
vt 0.99999923 1.00000036
vt 0.99999893 0.00000960
vt -0.00000006 0.00000232
vt -0.00000038 0.00000149
vt 0.98473632 0.32581681
vt 0.99999988 0.00000000
vt 0.97994810 0.42854786
vt 1.00000453 -0.00001395
vt 0.99979347 1.00000012
vt 0.86006254 0.41705102
vt 0.39607191 0.95816058
vt 1.00000000 0.85715616
vt 1.00000000 0.40802634
vt 0.26922899 0.14285713
vt 0.28815132 0.00000000
vt 0.00002156 0.00000000
vt -0.00033837 0.34864938
vt 0.99981523 0.50900996
vt 0.99991173 1.00000000
vt 0.79294372 0.85622060
vt 0.44559532 1.00369024
vt 0.00723506 0.14572233
vt 0.00000856 1.00000536
vt 0.25722262 -0.00284469
vt 0.99992782 1.00000000
vt 0.79525375 0.85634947
vt 0.46368074 1.00104368
vt 0.61998856 0.00460380
vt 0.99999732 0.00000358
vt 0.00001854 0.99999195
vt 0.14285715 0.22676617
vt 0.00000000 0.37862706
vt 0.00000000 0.00000077
vt 0.00000008 0.99999988
vt 0.99999219 0.99999338
vt 0.00000912 0.00004768
vt 1.00000083 -0.00000095
vt 0.64182794 0.01632553
vt 0.00000607 0.99998343
vt 1.00000012 0.00000012
vt 0.00000041 0.00000018
vt 1.00000000 1.00000000
vt 0.97575158 0.44213557
vt 0.00000044 1.00000846
vt 1.00000036 0.00000006
vt 1.00000060 1.00000298
vt 0.00018336 0.66102833
vt 0.53792900 0.00482690
vt 1.00000572 0.00000006
vt 0.99999124 0.00004464
vt 0.17163159 0.31340301
vt 0.00000000 0.43025321
vt -0.00000388 0.99999839
vt 0.00000000 0.00016153
vt 0.93676585 0.69833815
vt 0.00000000 0.00000000
vt 0.99607754 0.31725687
vt 0.58570164 0.00060755
vt 1.00132287 0.14285713
vt 1.00001574 0.00000006
vt -0.00007680 0.56658798
vt 1.00000000 0.63636363
vt 0.99999934 0.00002235
vt 1.00000000 0.99999970
vt 0.99373281 0.58406258
vt 0.00011814 0.00015002
vt -0.00000240 0.99999714
vt 0.36871523 0.53142297
vt 0.00000034 0.00000083
vt 0.99999982 0.99999988
vt 0.43586493 0.96787584
vt 1.00000429 0.00000083
vt 0.53783035 0.01107311
vt 0.00000007 0.99999994
vt 0.00000025 0.00000036
vt -0.00000002 0.99999970
vt 0.00303798 0.42693394
vt 0.99999982 0.99998045
vt 0.99999952 0.99999768
vt 0.00000051 0.99999994
vt 1.00000000 0.99999988
vt 0.99999833 0.99997610
vt 0.00000715 0.99999774
vt 0.99973035 0.04910135
vt 0.60014880 0.00902951
vt 0.99189371 0.38753897
vt 0.99999756 1.00000000
vt 0.43598089 0.99620754
vt 0.72727126 -0.00000143
vt 1.00000191 0.00000000
vt 1.00001204 0.09050494
vt 0.18165587 -0.00000155
vt 0.00000109 1.00000000
vt 0.00000006 0.00000006
vt 0.00000000 0.00000000
vt 0.99999970 0.99999994
vt 0.44455561 0.99917400
vt 0.00000000 0.00042778
vt -0.00000011 -0.00000024
vt 0.00000097 0.99999875
vt 0.00101940 0.18713439
vt 0.99999994 0.99999994
vt 1.00000000 -0.00000024
vt 0.00000045 1.00000083
vt 0.99999988 1.00000072
vt 0.00000021 0.00000387
vt -0.00000874 0.99999952
vt 1.00025964 0.77766776
vt 0.20100290 0.18330455
vt 0.37954426 0.01792580
vt 0.11765529 0.00000000
vt 0.99999833 0.00000149
vt 0.00000000 0.54545450
vt 0.00000000 0.36004454
vt 1.00000036 1.00000000
vt 0.00000240 0.99999589
vt 0.99997979 0.82347572
vt 1.00000000 1.00000000
vt 0.81818175 1.00000000
vt 0.55223608 0.01305538
vt 1.00000000 0.27272731
vt 1.00000000 0.45454544
vt 0.99999976 1.00000000
vt -0.00011029 0.55942142
vt 0.00000047 1.00000000
vt 0.00006569 0.99999094
vt 0.82303256 0.03095806
vt 0.00000193 0.00000113
vt 0.99999422 0.00000322
vt 0.00000601 0.00000000
vt 0.43980104 0.99953687
vt 1.00000000 0.99999994
vt 1.00000000 0.00000691
vt -0.00000489 0.99999934
vt 0.68454146 -0.00190556
vt -0.00000215 0.00000477
vt 1.00000000 1.00000000
vt 1.00000131 0.00000268
vt 0.99999994 0.99999988
vt 0.99767607 0.14622647
vt 0.00000375 0.99999475
vt 0.63525331 0.01506335
vt 1.00000000 0.00000000
vt 0.00000000 0.00000048
vt 0.54314113 0.29344016
vt 0.99998528 0.00004816
vt 0.00000082 0.00000137
vt 0.48005861 1.00357652
vt 0.99999881 -0.00000012
vt 0.46199399 0.00218421
vt 0.99999881 1.00000000
vt -0.00000069 0.99999994
vt 0.99999958 0.99999791
vt 1.00003028 0.50271976
vt 0.00000821 0.99999875
vt 1.00000262 0.00000024
vt 0.00000037 0.00002551
vt 0.99997187 1.00000012
vt 0.00000017 -0.00000131
vt 0.00000000 1.00000000
vt 0.00000000 0.90909088
vt 0.09090909 1.00000000
vt 0.00000000 1.00000000
vt -0.00006740 0.90937072
vt 0.08583622 0.99989200
vt 0.45359859 1.00000072
vt 0.27272728 1.00000834
vt 0.00003609 0.72891372
vt 0.99999893 0.00000250
vt 0.18158780 0.00000876
vt 0.00000908 0.18185222
vt 0.11029995 0.63636363
vt -0.00690322 0.18555665
vt 0.27272728 0.30554956
vt 1.00000000 0.99999905
vt 0.27272728 1.00000811
vt -0.00001004 0.54544461
vt 0.62889445 0.81818181
vt 0.99987870 0.81765264
vt 0.99956703 1.00000000
vt 0.72724539 -0.00002742
vt 1.00000095 0.00000024
vt 0.99862355 0.50231618
vt 0.63556838 0.81818181
vt 0.63636363 1.00000000
vt 0.45454547 1.00000000
vt 1.00003648 0.27272737
vt 1.00000000 0.45454544
vt 0.64590383 0.56424409
vt 1.00002003 1.00001752
vt 0.00000252 -0.00000107
vt 0.00000006 0.99999803
vt 0.18282381 0.00000161
vt 0.99999994 0.00000000
vt 1.00000262 0.09090912
vt 0.00246587 0.18428403
vt 0.18181819 0.00000000
vt 0.09090909 0.09090912
vt 0.00000000 0.72727275
vt 0.00000000 0.54545450
vt 0.09090909 0.63636363
vt 0.40389043 0.68701869
vt 0.69687420 0.57585311
vt 0.40825012 1.00000000
vt 0.36689135 0.00000536
vt 0.27272728 0.11721456
vt 0.00037697 0.54583144
vt 0.00000000 0.36363631
vt 0.15753070 0.43055600
vt 0.00000000 0.18181819
vt 0.99997681 0.09090918
vt 1.00126755 0.27145976
vt 0.81818181 0.27272731
vt 0.97066051 0.64991879
vt 0.99999791 -0.00000024
vt 0.18159914 0.00000620
vt 0.18082359 0.00099462
vt 0.36363637 0.00000000
vt 0.27272728 0.11940491
vt 0.54375774 -0.00280213
vt 0.45454550 0.09090918
vt 0.00000000 0.72727275
vt 0.00000000 0.54545450
vt 0.00000000 0.36363631
vt 0.63289690 0.99689770
vt 1.00330448 0.45101726
vt 1.00000000 0.99999994
vt 0.54670525 0.00113142
vt 0.72727275 0.00000000
vt 0.63636369 0.09090912
vt 0.90909088 0.00000000
vt 0.63636369 0.45454544
vt 0.45454550 0.45454544
vt 0.58184856 0.27272725
vt 0.45292407 1.00222373
vt 0.45279151 0.49978137
vt 0.00000000 1.00000000
vt -0.00101658 0.91010273
vt 0.09079707 1.00000000
vt 1.00000000 0.00000060
vt 1.00000060 1.00000012
vt 0.99954605 0.52031559
vt 0.00183372 0.28182054
vt 1.00000000 0.63636363
vt 0.81818175 1.00000000
vt 0.00000989 0.99999988
vt -0.00047856 0.72679418
vt 0.72966653 0.56186450
vt 0.81818181 1.00021899
vt 0.27272728 0.63636363
vt 0.00000122 0.18208617
vt 0.18187195 0.00000048
vt 1.00000048 -0.00000024
vt 1.00000000 0.99999940
vt -0.00000015 0.18204904
vt 1.00000000 0.99999696
vt 0.99999964 0.00000042
vt -0.00000007 -0.00000012
vt 0.00369039 0.90540051
vt 0.00000000 0.99999964
vt 0.18322700 0.00140882
vt 1.00000000 0.00000000
vt 0.45454550 0.45454544
vt 1.00000036 0.00000399
vt 0.45454550 0.08344650
vt 0.00127204 0.36490840
vt 0.61465478 0.99906689
vt -0.00000618 0.00000012
vt -0.00000336 1.00000000
vt 0.74491233 0.00033921
vt 1.00000000 0.99999899
vt 1.00000000 -0.00000143
vt 0.00002397 0.99999040
vt 0.31450042 0.36946261
vt -0.00000203 -0.00000072
vt 0.99999988 0.99999142
vt 0.99999952 -0.00000274
vt 0.99998844 1.00000739
vt -0.00004530 -0.00002933
vt 0.00000072 0.99999559
vt 0.00001071 0.99999863
vt 1.00001037 -0.00000012
vt 0.00000262 0.00000203
vt 1.00000083 0.99999714
vt 0.00000620 0.99999505
vt 0.99768829 0.33993632
vt 0.00000227 0.00000328
vt 0.39940014 -0.00293493
vt 0.00000012 0.00000066
vt -0.00001807 1.00002301
vt 0.99999923 0.00000012
vt 0.41023469 0.96833736
vt 1.00003314 0.44029993
vt 1.00000000 0.66108239
vt 0.74546903 1.16803372
vt 1.00000024 0.99999982
vt 1.00000358 0.00000143
vt 0.99999845 1.00000572
vt 0.99999982 0.00000000
vt 0.99999851 0.00000095
vt 0.27931288 1.01744258
vt -0.00000685 0.55449808
vt 0.00031483 0.18176597
vt 0.18178110 0.00000006
vt 0.99999881 -0.00000012
vt 0.00039093 0.99741262
vt 0.00002851 0.99999923
vt 0.72993153 0.46838331
vt 0.52485389 0.01447737
vt 0.00000060 0.99998736
vt 0.56382638 0.98715490
vt -0.00001352 0.00000495
vt 0.00007379 0.00006640
vt 1.00000095 0.99999857
vt 1.00000000 0.00000000
vt 1.00000787 1.00000298
vt 0.99999988 -0.00000036
vt 0.00000055 -0.00001693
vt 0.50233030 -0.00430048
vt 0.99999547 0.99999672
vt 1.00000000 0.00000000
vt 0.00000428 0.99999964
vt 0.00000010 0.00000000
vt 0.00000000 0.99999660
vt 0.14285715 1.00001299
vt 0.00000405 0.00000376
vt 0.30271018 0.99855524
vt 0.49823436 0.01375461
vt 0.00000014 0.99999917
vt 0.00000000 -0.00000048
vt 0.99999726 0.99998224
vt -0.00000021 -0.00001824
vt 0.56732488 0.99256533
vt 0.00000000 0.99999970
vt 0.62566513 0.98282784
vt 0.96921813 0.45215797
vt 0.00002023 0.99999261
vt -0.05921418 0.49149972
vt 0.99997884 -0.00000393
vt -0.00000744 -0.00000012
vt 1.00053096 0.50709629
vt 1.00002027 0.00000143
vt 0.62444496 0.52823675
vt 0.00001831 -0.00000632
vt 0.97691029 0.37784636
vt 1.00000083 0.00000000
vt 0.84662336 0.00112915
vt 1.00000000 0.21776551
vt 1.00000000 0.00000000
vt 0.72315657 1.00059438
vt 1.00000000 0.99999917
vt 0.00000008 0.99999934
vt 0.00002608 0.00001079
vt 0.99447429 0.66893208
vt 1.00000095 -0.00000393
vt -0.00000572 0.00009227
vt 0.03809310 0.51810312
vt 0.00038994 0.43208313
vt 1.00109696 0.15343362
vt 0.00000115 -0.00001252
vt 0.00000218 1.00000668
vt 0.99694824 0.55430228
vt 0.99999952 0.99992180
vt 0.71401441 -0.00077009
vt 0.73298895 1.00048423
vt 0.48472029 0.37057179
vt -0.00000048 0.00008315
vt -0.01148483 0.70379245
vt 0.52827334 0.47578597
vt 1.00000060 0.00000018
vt -0.00002799 0.00004584
vt 1.00000000 1.00000000
vt 0.65110493 0.79132354
vt 0.30143380 0.99968827
vt 0.99999970 1.00000000
vt 1.00000000 0.00000060
vt 0.74583077 0.02522129
vt -0.00000020 1.00000012
vt 0.43266901 1.00037086
vt 0.00000355 0.00000048
vt 0.38658792 0.00009507
vt 1.00613928 0.52990586
vt 1.00000000 0.00000393
vt 0.76097679 -0.00320625
vt 0.46676981 0.65686679
vt 0.99998415 0.99999994
vt 0.97864217 0.61810744
vt -0.00000003 0.99999589
vt 0.32369214 0.00017577
vt 0.00000000 0.00000650
vt 0.82067430 0.35069489
vt 0.00012206 0.99996257
vt 0.96590233 0.37953830
vt 0.99997187 0.00000042
vt 0.32613975 1.02845061
vt 1.00001156 0.00000328
vt 0.28500322 -0.00391436
vt 0.02311154 0.30653268
vt 0.43710887 0.99509615
vt 1.00000060 0.00000101
vt 0.00001668 0.00002605
vt 0.00000316 1.00000143
vt 0.99999994 0.00000048
vt -0.00000008 0.00000137
vt -0.00004427 0.99999982
vt 0.25293225 0.44045764
vt -0.00000795 0.00001788
vt 0.99999350 0.99999738
vt 1.00000024 -0.00000012
vt 0.33375394 -0.01691997
vt 0.75212038 0.98662031
vt 1.00000143 0.00000000
vt 0.00000007 0.00000030
vt 1.00000012 0.99999636
vt 0.00355028 0.44622135
vt 0.52608573 -0.01712310
vt 0.00000232 0.00000030
vt 0.99998707 0.00000465
vt 0.65645152 1.00376332
vt 1.00000036 0.00000000
vt -0.00014011 0.00001419
vt 1.00000000 1.00000012
vt -0.00120039 0.36892855
vt 0.35720229 -0.00136375
vt 0.00004561 0.00000000
vt 0.34615108 0.50435352
vt 0.99993593 0.99999851
vt 0.43292433 1.00198460
vt -0.00000292 0.99990433
vt 0.50338095 0.98416579
vt 0.99998170 0.00000030
vt 0.99999642 1.00000846
vt 1.00000155 0.00000542
vt 0.55046272 0.00561166
vt 0.00000767 0.00000000
vt 0.99998945 1.00000036
vt 0.99999988 -0.00000107
vt 0.35620722 0.00720459
vt 0.99999607 0.99999905
vt 0.66268027 0.00024128
vt 0.51464188 0.99978912
vt 1.00001216 0.72548676
vt 0.00001630 0.99998868
vt 0.41611704 0.98144501
vt 0.73076260 0.99104893
vt 1.00000000 0.99998844
vt 0.95604730 0.62121284
vt -0.00000215 -0.00001502
vt 0.00787514 0.57302582
vt 0.99999613 0.00000018
vt 1.00000322 0.99995947
vt 0.45295796 0.00164199
vt -0.00001700 0.99999756
vt 0.00000021 0.00000465
vt 0.00000117 1.00000036
vt 0.00007034 0.60925907
vt 0.00000121 0.00000530
vt 0.99992353 0.99999338
vt 0.43841547 0.01196140
vt 0.00000318 0.99997491
vt 0.93128741 0.89399934
vt 0.51722902 0.93132305
vt 0.38184071 0.00044310
vt 0.00000042 0.99999911
vt 0.00000000 -0.00000095
vt 1.00000012 0.99999994
vt 0.99999982 0.99999970
vt 0.99999255 0.99999982
vt 1.00000644 0.00001949
vt 0.39016318 1.02603519
vt 0.00002642 0.00000095
vt 0.00000025 1.00000024
vt 0.49140722 0.00029659
vt 0.99999541 1.00000024
vt 0.99999040 0.00000072
vt 0.52055371 1.00012600
vt -0.00000693 0.99997544
vt 0.75622344 1.00199747
vt 0.99706006 0.62615728
vt 1.00000000 1.00000000
vt 0.28162056 1.00084543
vt 0.00000073 0.00001454
vt 0.00000000 0.99999839
vt 0.49255493 0.00053751
vt 0.70671415 0.99360299
vt 0.99997801 0.00001323
vt 1.00000000 0.99999869
vt 0.61176062 1.00151527
vt 0.94786882 0.44502795
vt 0.99999678 0.99999082
vt 0.99999702 0.99999869
vt 0.00000601 0.00002003
vt -0.00000691 0.99999350
vt 0.45418367 -0.00424623
vt 0.62488723 1.00112247
vt 1.00000548 -0.00000107
vt 0.47341952 1.00104618
vt 0.20339750 -0.00120103
vt -0.00001250 0.99997938
vt 0.64882028 0.01528442
vt 0.99999279 0.99999881
vt 0.99999958 0.00000179
vt 0.00193884 0.17234915
vt 1.00034547 0.24606556
vt 0.00000744 0.00000000
vt 0.99999952 0.99999750
vt -0.00001054 1.00000131
vt 0.99999541 0.99999976
vt 0.99999923 0.00000042
vt -0.00000186 1.00000358
vt 0.99999845 0.99998659
vt 0.99999154 0.00000107
vt 0.48130596 0.01628143
vt 1.00000143 0.99999994
vt 0.99999976 0.00000000
vt 0.99999881 0.99999297
vt 1.00000012 -0.00000107
vt 0.00001790 -0.00000226
vt 0.00001675 1.00000763
vt 1.00001085 1.00000036
vt 0.81383526 0.47566825
vt 1.00000000 0.37439889
vt 0.36127618 0.00000000
vt 0.00000780 0.99999803
vt 0.99999988 1.00000000
vt 0.99505371 0.44543934
vt 0.99998873 1.00000000
vt 1.00000000 -0.00000215
vt 0.00000329 0.99996454
vt 0.00003559 0.00002247
vt 0.49003816 0.99509358
vt 0.59010279 0.00340199
vt 1.00000656 1.00000012
vt 0.99999738 -0.00000310
vt 1.00000036 0.00000006
vt 0.99999815 1.00001347
vt -0.00000731 0.99999636
vt 0.00000000 0.99995226
vt 0.29306251 0.99730521
vt 0.31031293 0.00890791
vt 0.43735015 0.04667956
vt 1.00000000 0.99998796
vt 1.00000024 -0.00000107
vt 0.71065092 0.98668593
vt 0.00001189 0.00001532
vt 0.36274919 0.96952742
vt 0.00000222 0.00001705
vt 0.00003267 0.99995559
vt 1.00004482 0.42866355
vt 1.00000000 0.28571427
vt 1.00000000 0.14285713
vt -0.00000002 0.99999994
vt 0.36086488 0.98860139
vt 0.99999863 1.00000024
vt 0.45556042 0.00374889
vt -0.00000029 0.00000203
vt 1.00001860 -0.00000060
vt 0.00000341 0.00001323
vt 0.99993420 0.00000232
vt 1.00000155 0.99999976
vt 1.00000000 0.00000083
vt -0.00000489 0.00000262
vt 0.00004868 0.99998444
vt 1.00000024 0.99997526
vt -0.00000051 1.00000012
vt 1.00000012 0.00000000
vt 0.99999928 0.99999940
vt -0.00000004 0.99999958
vt 1.00000024 -0.00000024
vt 0.00000000 -0.00000012
vt -0.00094336 0.59442437
vt 1.00000238 1.00000036
vt 1.00000024 0.00000042
vt 1.00000000 -0.00000763
vt 1.00000238 0.99999315
vt 0.00000021 0.99999106
vt 0.99999946 1.00000107
vt 1.00000894 -0.00000644
vt 1.00000024 0.99999726
vt 1.00000000 -0.00000119
vt 0.00000784 0.00000048
vt 0.57592267 1.00757027
vt 1.00001431 0.99999893
vt 0.23017788 0.00445497
vt -0.00000007 0.00001198
vt -0.00001023 0.99997211
vt 0.99999535 1.00000024
vt 1.00000083 0.00000381
vt 0.48526818 0.99272662
vt 0.47844112 0.00686294
vt 0.00000000 1.00000012
vt 0.53452075 -0.00013185
vt 1.00000000 0.99999696
vt 1.00000000 -0.00000048
vt 0.64134300 1.00024199
vt -0.00004249 0.00000215
vt 0.55518377 0.01491535
vt 1.00005841 0.99999821
vt 1.00000370 0.00001943
vt 0.00002870 0.00000465
vt 0.00001032 0.99999887
vt 0.43476355 0.99823576
vt -0.00014350 0.55368841
vt 0.39604199 1.00093246
vt 0.00000040 -0.00000012
vt 0.00000000 1.00000012
vt 0.54114604 0.00333917
vt 1.00000095 0.00004041
vt 0.72305560 1.00070405
vt 0.99999785 0.99999934
vt 0.00000121 -0.00000930
vt 0.00000263 0.99999732
vt 0.99999940 0.00000048
vt 0.59043795 -0.00037467
vt 0.99193871 0.31428540
vt -0.00037049 0.66015732
vt 0.99999774 0.99999762
vt 0.00000622 0.99999976
vt 0.99999881 0.99997872
vt 0.66275513 0.02364874
vt 0.63695568 0.99741375
vt 0.28355682 0.99999446
vt 0.00314658 0.51520008
vt -0.00000000 0.99998611
vt 0.97982305 0.43626571
vt 0.00000896 -0.00002718
vt 0.44411069 0.99424791
vt -0.00000879 0.99997836
vt 0.00000000 0.00000066
vt 0.51827168 0.99261755
vt 0.00004561 0.99992162
vt -0.00000005 0.00000036
vt -0.00001471 0.99999321
vt 0.99999666 0.99999571
vt 0.99996364 0.00001961
vt 0.45668626 0.00688428
vt 0.62798357 0.96958375
vt 0.31466508 0.46095860
vt 0.00000000 0.56379676
vt 0.00000075 0.00003499
vt 0.00000109 1.00000000
vt 0.99997449 0.99999225
vt 0.99998212 0.00002164
vt 1.00000000 0.00000012
vt 0.29665181 -0.00762641
vt 0.00000145 0.99999899
vt -0.00000034 0.00001180
vt 0.44500926 0.00928134
vt 0.00003720 0.00001407
vt 0.00000000 0.99999565
vt 0.00003276 -0.00001824
vt 0.98070335 0.43906367
vt 0.47089735 -0.01703000
vt 0.99999678 0.00000244
vt 0.99999994 1.00000012
vt 1.00000644 1.00000215
vt 0.00000032 0.00000554
vt 0.00000009 1.00000060
vt 1.00000012 0.00000036
vt 0.00000000 -0.00000012
vt -0.00000013 0.99999964
vt 1.00000000 0.00000000
vt 0.30332106 0.00719202
vt 0.00000000 0.00000083
vt 1.00000000 0.00000054
vt 0.00001067 1.00000000
vt 0.00001188 0.00001037
vt 0.00000124 1.00000083
vt 0.99987686 1.00002182
vt 0.99999964 0.00001943
vt 0.02320091 0.39904654
vt -0.00000032 0.99999386
vt -0.00000003 0.00000012
vt 0.99999970 0.00000000
vt -0.00000012 0.99999988
vt -0.00000865 0.00003409
vt 0.99992919 0.00002444
vt 0.55073488 0.28962833
vt 0.51867831 0.00000000
vt 0.00000253 0.00000823
vt 0.98616272 0.44960308
vt 1.01025581 0.28379560
vt 0.33315966 0.00174558
vt -0.00231992 0.42560238
vt 0.00000000 0.00000095
vt 0.51591051 0.67563832
vt 0.00001473 0.99999046
vt 0.97713566 0.61685038
vt 0.49228129 0.34580553
vt 0.99998826 0.99999702
vt 0.00000619 0.99998528
vt -0.00001221 0.24611723
vt 0.56436169 -0.00006950
vt -0.00000868 0.00000000
vt 0.99999624 0.99999398
vt 0.39165890 0.30869353
vt 0.03841949 0.59273529
vt 0.81239581 0.77722740
vt 1.00000608 0.00000340
vt 0.65036321 -0.00033438
vt 0.99970168 1.00000000
vt 0.99999982 0.85747415
vt -0.00001276 1.00000441
vt 0.21622433 0.01177245
vt 0.00000000 0.00001508
vt 0.00001886 -0.00000358
vt 1.00000036 0.00000018
vt 0.71960485 0.51720029
vt 0.99999988 -0.00000024
vt -0.00000190 -0.00000048
vt 0.49539146 0.94694746
vt -0.00018932 0.43139237
vt 0.47838113 0.44394946
vt 0.99999964 0.00000024
vt 0.00000062 -0.00000739
vt 0.27003717 0.99623054
vt 0.00000000 1.00000000
vt 0.63935167 1.00618148
vt 0.53864974 0.60058916
vt 0.57503152 1.00356805
vt 0.00000036 0.00000244
vt 0.00000359 1.00000179
vt 0.70197338 0.01555628
vt 0.99985552 0.46159756
vt 0.99999887 0.00000000
vt 1.00000000 -0.00002849
vt 0.67262208 0.46447611
vt 1.00000000 -0.00001812
vt 0.85714287 0.00000000
vt 1.00001836 1.00001025
vt 0.63695771 0.73657864
vt 0.00001564 1.00000870
vt 1.00000036 -0.00001895
vt 0.16131487 0.48906696
vt 0.00000000 0.44678581
vt -0.00009337 0.99997556
vt 0.66727173 0.98322588
vt 0.99999958 1.00000000
vt 1.00000000 0.67013848
vt 0.50330317 0.33828884
vt 0.99999338 0.00000721
vt 0.23735489 0.00055158
vt 0.00000000 0.67607725
vt 0.20006956 0.51998627
vt 0.00000000 0.00000918
vt 0.56514817 0.96817243
vt 0.00000000 0.55020189
vt 0.30848092 0.58045352
vt -0.00007679 0.00000089
vt 0.28809699 1.00012648
vt 0.00000000 0.75871563
vt 0.99999470 0.99998206
vt 0.99874532 0.57884002
vt 0.51290745 0.99932224
vt 0.00001559 0.99998134
vt 0.20955658 0.33538407
vt 0.00002092 0.00007868
vt 0.62368214 0.40086389
vt 0.37896681 0.00022060
vt 0.35562649 0.00425917
vt 1.00408435 0.72395861
vt 0.99999136 0.00000030
vt 0.55047339 0.67485666
vt 0.99993289 0.99999833
vt 0.01317018 0.45300198
vt 0.65553188 0.14285713
vt 0.00002183 -0.00000989
vt 0.47786182 1.00000000
vt 0.30816993 0.74301124
vt 0.99998242 0.00000000
vt 0.99986506 0.41871750
vt 0.00000000 1.00000000
vt 0.00016103 0.99999994
vt -0.00293527 0.62580848
vt 0.99999893 1.00002658
vt 0.00000686 0.99999952
vt 0.71428573 0.00000000
vt 0.57147133 0.00000000
vt 0.99994606 0.51882648
vt 0.78064501 0.38954461
vt 0.99999285 0.99998349
vt 0.99999088 -0.00000083
vt 0.00004176 1.00000000
vt 1.00000000 0.99999988
vt 0.00000262 1.00000274
vt 0.99995655 0.99999982
vt 0.00001946 0.99999851
vt 0.00370487 0.62229109
vt 1.00000000 0.99998087
vt 1.00000000 0.00000101
vt 0.80979466 0.00335872
vt 0.42853096 0.02448946
vt 1.00000000 0.99999946
vt 0.09497523 0.45448726
vt 0.26978409 1.00000000
vt 0.00000785 0.99998492
vt 0.76539838 0.40176201
vt 0.99999076 0.45587265
vt 0.99992537 0.63636363
vt 0.99999988 0.99995923
vt 0.00000113 0.99999994
vt 0.02374582 0.60520244
vt 0.00000106 1.00000000
vt -0.00000249 0.58060539
vt 0.39374736 0.98529756
vt 1.00370908 0.59099424
vt 0.45150036 1.00000000
vt 0.27308705 0.99907762
vt 0.99999726 0.99999845
vt 0.63636369 0.81818181
vt 0.63636363 1.00000000
vt 0.45454547 1.00000000
vt 0.81818181 0.63636363
vt 0.99949831 0.81818181
vt 0.33776787 0.93150288
vt 0.90910172 -0.00000024
vt 1.00028241 0.09062666
vt 0.00088005 0.56616390
vt 0.99999958 0.99999595
vt 0.32523036 1.00000000
vt 0.81818181 0.09090912
vt 0.90909088 0.00000000
vt 1.00000000 0.09090912
vt 0.63882202 0.99995941
vt 0.18201889 -0.00019276
vt 0.54449522 0.00175482
vt 1.00000000 0.00000000
vt 0.99999982 0.99999964
vt 0.63636369 0.63636363
vt 0.18121478 -0.00033987
vt 0.00017907 0.18238872
vt 0.45454550 0.45454544
vt 0.63636369 0.45454544
vt 0.45454550 0.27272731
vt -0.00000018 0.36060637
vt 0.08960094 0.27272731
vt 0.00000000 0.18181819
vt 0.18205084 -0.00025725
vt 0.00000025 0.99999988
vt 0.00000000 0.18185848
vt 1.00000000 0.33424950
vt 0.81818181 0.54057932
vt 0.81818181 0.27272731
vt 0.72748363 -0.00021088
vt 1.00000000 0.45454544
vt 1.00000000 0.63636363
vt 0.63636369 0.39388806
vt 0.00000031 0.18282229
vt 0.18181248 0.00000572
vt 0.36362839 0.00000799
vt 0.00000102 0.99999988
vt 0.99452907 0.58017021
vt 0.57070869 0.99999988
vt 0.00579348 0.51893497
vt 0.73805189 1.01048827
vt 1.00000000 0.74802959
vt 1.00000000 1.00000000
vt 0.99944890 0.34369373
vt 0.00000266 0.99999386
vt 0.81818175 1.00000000
vt 1.00000000 1.00000000
vt 0.69968432 0.01709920
vt 0.55110258 0.00000000
vt 0.99999845 0.00000232
vt 0.00095305 0.48515171
vt 0.00011884 1.00000405
vt -0.00005852 0.18177986
vt 0.18199642 -0.00005317
vt -0.00014400 0.18196052
vt 0.18262818 0.00000000
vt 1.00013888 0.09090912
vt 0.00133275 0.17941642
vt 1.00005281 0.27265263
vt 0.99997914 0.63779050
vt 0.18181819 0.00000000
vt 0.29153913 0.13686544
vt 0.00018026 0.18162024
vt -0.00001141 0.36364776
vt 0.18539619 -0.00010407
vt 0.36363637 0.00000000
vt 0.67256713 0.33596408
vt 0.01918492 0.88942468
vt 0.00076051 0.61054671
vt 0.27311352 0.99770904
vt 0.99966520 0.75173712
vt 1.00000000 1.00000000
vt 1.00000000 0.00000000
vt 0.54560918 0.00015461
vt 0.59687251 0.00000000
vt 0.99999982 0.00000000
vt 0.00000000 0.18181819
vt 0.99999934 0.81818181
vt 0.00331089 0.94946915
vt 0.00000547 0.72575843
vt 1.00000024 1.00000000
vt 0.30738267 1.00000000
vt 0.45624176 1.00000000
vt 0.72774750 0.00047475
vt 0.99999934 0.00003368
vt 0.99991381 0.34533626
vt 0.04588530 0.95497620
vt 0.54545456 0.00000000
vt 0.00000714 1.00000000
vt 1.00000346 -0.00000048
vt 0.99999499 0.00000590
vt 0.00008064 0.18620080
vt 0.99999517 1.00000072
vt 0.99937946 0.45454538
vt 0.18461114 -0.00001073
vt 1.00000918 0.27272505
vt 0.18133411 -0.00000298
vt 0.99999976 0.00000024
vt 0.18285049 -0.00000024
vt 1.00002885 0.27274156
vt 0.99998349 0.00000888
vt 1.00009608 0.73153192
vt 0.09161861 0.99977279
vt 0.00714868 0.52896982
vt -0.00007045 0.18188864
vt 0.45344853 1.00660682
vt 0.65121698 0.01350689
vt 0.99999863 0.00000072
vt 0.18196596 0.00004137
vt 0.27272728 0.99994981
vt 0.00000028 1.00000012
vt 0.00019532 1.00000000
vt 0.54542416 0.00007045
vt 0.99998635 0.99998915
vt 0.00000000 0.18181872
vt -0.00002433 0.91354203
vt 0.99999446 0.39749533
vt -0.00002513 0.18161577
vt 0.18289664 -0.00000107
vt 0.00000036 0.99999958
vt 0.00000000 0.18181819
vt 0.18249463 0.00001371
vt 0.99999779 0.33820063
vt 0.99999970 1.00000000
vt 0.99999696 0.99999714
vt 0.99999756 0.00000006
vt 0.61252958 0.67349708
vt 0.73152232 1.00000000
vt 0.36865878 1.00000000
vt 0.00000000 1.00001085
vt 0.00905417 0.71987015
vt 0.99821413 0.64705861
vt 0.18181500 0.00000852
vt 1.00000012 0.00000006
vt 0.99999988 0.00000000
vt 0.03496457 0.42820513
vt 0.00002272 0.18179542
vt 0.00002847 0.99999970
vt 0.04308107 0.69226700
vt 0.99998975 0.00000256
vt 0.09090909 1.00000000
vt 0.00000000 0.99977487
vt -0.00014067 0.72713208
vt 0.00456011 0.51658660
vt 0.42101049 0.99925387
vt 0.59322429 0.46204793
vt 1.00000000 0.36466384
vt 1.00000000 0.99998385
vt 0.67701209 0.99999702
vt 0.45454547 1.00000000
vt 0.27272728 1.00007355
vt 0.09090909 1.00000000
vt 0.00000619 0.72727150
vt -0.00019720 0.36365312
vt 0.04431050 0.13750768
vt 0.36334810 0.00073689
vt 0.00000000 0.54545450
vt 0.00000000 0.90909088
vt 0.18184803 0.00000000
vt 0.54587501 -0.00103009
vt 0.00000323 0.18181401
vt 0.72727275 0.00000000
vt 0.68155813 0.24753499
vt 1.00000000 0.63636363
vt 1.00032401 0.81818187
vt 0.62169975 0.72694588
vt 0.27275947 1.00003695
vt -0.00350828 0.35761529
vt 1.00133824 0.45454544
vt 0.99994719 0.00004828
vt 1.00000000 0.27272731
vt 0.99998701 0.69768745
vt 1.00000000 1.00000000
vt 0.70357651 1.00025260
vt 0.00000000 1.00000000
vt -0.00002275 0.91697615
vt 0.09090909 0.99997157
vt 0.00000000 1.00000000
vt 0.54900771 -0.00000596
vt 0.00000010 0.99999410
vt 0.45557064 1.00000000
vt 0.46199694 0.99998248
vt 0.00018787 0.52490997
vt 0.00163871 0.18088424
vt 1.00000000 1.00000000
vt 0.81818175 1.00000000
vt -0.00000001 0.99999911
vt 1.00001717 0.45447284
vt 1.00000012 0.99999994
vt 1.00000000 0.57030272
vt 1.00000000 1.00000560
vt 0.66726834 0.42891455
vt 0.81818175 1.00000000
vt 0.00001920 0.99999988
vt 0.45285055 1.00245953
vt 0.27272728 1.00000000
vt 0.00000336 0.99999499
vt 0.99997854 0.00000077
vt 1.00000000 0.09090912
vt 1.00029826 0.28360188
vt -0.00181201 0.72763145
vt 0.00087271 0.54613829
vt 0.51370096 0.52480733
vt 0.99999994 0.99999762
vt 0.01513998 0.63040668
vt 0.99992192 0.33359385
vt -0.00015551 0.18197024
vt 0.31076539 0.18725312
vt 0.00000474 0.18182296
vt 0.99666309 0.19389486
vt 1.00000000 0.99997270
vt 0.68930829 0.99920392
vt 0.96947801 0.29201704
vt 0.99999964 0.99999583
vt 0.99998003 0.00001097
vt -0.00000944 0.17949194
vt 0.18153833 -0.00002420
vt 0.00000190 0.99999219
vt 0.00000070 0.36246562
vt 0.78920841 0.99953157
vt 0.66091335 0.00799799
vt 1.00001752 -0.00000060
vt 0.72413558 0.01615202
vt 0.95755363 0.04846275
vt 0.99962103 0.38027549
vt 0.71640986 -0.00001049
vt 1.00000000 0.39353257
vt 0.66965091 0.67605114
vt 1.00000060 0.00000358
vt 0.99999565 0.99999338
vt 0.00000796 0.99999923
vt 0.13923609 0.42757523
vt 0.91031843 0.00000000
vt 0.38978645 0.00024080
vt 0.18429205 0.00000000
vt 0.00361102 0.36506706
vt 0.00000000 0.18181819
vt 0.18210162 0.00000626
vt 0.99999148 0.00000131
vt 0.18221509 0.00007504
vt 0.00000111 0.99999988
vt 0.60159808 0.00044650
vt 0.00000651 0.99999988
vt 0.00034385 0.18043292
vt 0.37571049 0.67844349
vt 0.74813420 0.97634494
vt 0.52045262 0.00970972
vt 0.99997896 0.45895082
vt -0.00000129 1.00000000
vt 0.00000000 0.90909088
vt 0.45792273 1.00013149
vt 0.63879621 1.00006986
vt -0.00026982 0.72736669
vt 0.18257964 0.00000507
vt 0.99999994 -0.00000036
vt 0.99999720 0.49854779
vt 0.00000006 0.18192261
vt 0.99991810 1.00000000
vt -0.00000020 0.99999404
vt 0.72163969 0.02811706
vt 0.99999964 0.27272731
vt 0.99999821 0.00000137
vt 0.18124719 -0.00000119
vt 0.99999994 0.00000876
vt 0.78017098 0.99961996
vt 0.27377880 1.00000000
vt 0.00000000 0.99997491
vt 0.00131355 0.63628447
vt 0.17749225 -0.00004280
vt 0.99999976 0.00001043
vt 0.00003365 0.18217182
vt 1.00000012 -0.00000012
vt 1.00053585 0.27217561
vt 0.18193261 -0.00000012
vt 0.45441350 1.00137174
vt 0.00131201 0.61075699
vt -0.00000877 0.18180847
vt 0.81818032 0.99999851
vt -0.01022849 0.63880283
vt 1.00144291 0.57960594
vt 1.00000000 0.99994558
vt 0.00000084 0.18081820
vt 0.18193452 0.00000119
vt 1.00000012 0.00000018
vt 0.00000017 0.18019181
vt 0.47240213 0.00808829
vt 0.00060466 0.72675669
vt 0.99998599 0.99996293
vt 0.00002952 0.45888555
vt 0.00001171 0.18180650
vt 0.00449676 0.76760018
vt 1.00000000 1.00000107
vt 0.45427474 1.00085378
vt 0.99999052 0.00000024
vt -0.00507073 0.37213349
vt 0.00000000 0.18181819
vt 0.18171090 -0.00012422
vt 0.00004131 0.90904957
vt 0.27272728 0.99999267
vt 0.99999827 0.99999601
vt 0.63565421 1.00007617
vt -0.00000000 0.18019468
vt 0.47185719 0.01235068
vt -0.00006370 0.72732413
vt 0.90860826 -0.00000107
vt 1.00000000 0.00000000
vt 1.00000739 0.09058136
vt 0.00003936 0.90905154
vt 0.45345148 1.00351930
vt -0.00000511 0.18105543
vt -0.00000004 0.18183047
vt 0.18180269 -0.00000095
vt 0.41772380 1.00001323
vt 0.00000198 0.99999762
vt 0.00000076 0.18216586
vt 0.54525346 0.00000000
vt 0.99116588 0.44574696
vt 0.36399084 0.00035447
vt 1.00068116 0.27340847
vt 0.31082475 0.34311485
vt 0.72758108 0.00030839
vt 0.18176000 -0.00000978
vt 0.00000023 0.99999994
vt 0.55114895 0.61811030
vt 0.99999845 1.00000000
vt 0.18162772 0.00000000
vt 0.99480349 0.27254128
vt 0.14951819 0.09090912
vt 0.09115383 1.00000000
vt 0.00000000 0.99995899
vt 0.11450525 0.72914040
vt 1.00000072 0.00000030
vt 1.00060737 0.65438473
vt 1.00483215 0.27272731
vt 1.00124025 0.63636714
vt 0.99999970 1.00000000
vt -0.00000072 0.99999535
vt 0.00000153 0.18193024
vt 1.00000000 1.00000000
vt 0.82164246 1.00000000
vt 1.00000000 0.63636363
vt 0.00000186 0.99999958
vt 1.00172961 0.45492709
vt 1.00000000 0.82082337
vt 0.00000008 0.99999946
vt 0.81818175 1.00000000
vt 0.18180901 0.00000918
vt 0.99999022 0.00000000
vt -0.00000026 0.99999994
vt 0.18180978 0.00000840
vt 1.00000000 0.45454544
vt 1.00000000 0.72293276
vt 0.00001775 0.99999952
vt 0.63673252 1.00000000
vt 0.00008175 0.99999106
vt 0.18191285 -0.00000012
vt 1.00001693 0.81818181
vt -0.00000142 0.18169916
vt 0.18181810 0.00000006
vt 0.54615378 0.00023431
vt 0.45763567 0.46338814
vt 0.99992806 0.45454544
vt -0.01015701 0.72007602
vt -0.00031920 0.36375713
vt 0.99999714 0.00000006
vt 1.00000000 0.65571189
vt 1.00000000 1.00000000
vt 1.00000000 0.54530180
vt 1.00000000 0.99999845
vt 0.00001226 1.00000000
vt 0.99999750 -0.00000024
vt 1.00000000 1.00000155
vt 0.99999869 0.99999988
vt 0.54550481 -0.00081861
vt -0.00023467 0.54568285
vt -0.00000106 0.18186164
vt 0.00008955 0.18279392
vt 0.18168435 -0.00000954
vt 0.18285511 0.00005966
vt 0.00000780 0.18204564
vt 0.18175524 -0.00001872
vt 0.72727275 0.00000000
vt 1.00016987 0.09089631
vt -0.00000256 0.72727478
vt 0.18220684 0.00000000
vt 0.00000000 0.99998677
vt 0.09084022 1.00050342
vt 0.99987483 0.55264646
vt 0.27209538 0.99661738
vt 1.00002813 0.00000000
vt 0.00000000 0.18181819
vt 0.18106358 0.00005037
vt 0.18181819 0.00000000
vt 0.36720270 0.00359374
vt 0.00000005 0.18181205
vt 0.55543375 0.00001287
vt 1.00000000 0.81818181
vt 1.00000036 1.00000000
vt 0.63601255 1.00035107
vt 1.00000000 0.56734228
vt 0.45454547 1.00000000
vt 0.99999958 0.00000000
vt 1.00000000 0.81818181
vt 1.00000000 0.00000000
vt 0.27272728 1.00000000
vt 0.99999976 -0.00000012
vt 0.00004610 1.00000000
vt 1.00000000 0.99999571
vt 1.00000000 1.00000024
vt 1.00000000 0.63636363
vt 1.00000000 0.99997258
vt 1.00000000 0.27272731
vt 1.00000000 0.45454544
vt 1.00000024 0.00005108
vt 0.42760536 0.99465692
vt 0.18431820 0.00020880
vt 1.00000000 0.99999779
vt 0.95416087 0.04507017
vt 0.09090909 0.99981898
vt 0.00000000 0.58153415
vt 0.00005616 0.36369485
vt 0.98438299 0.59759259
vt 0.08883849 0.99996710
vt 0.99996889 0.00001431
vt 0.00000000 0.99998128
vt -0.00002749 0.18191439
vt 0.18204783 0.00000173
vt -0.00023089 0.18134886
vt 1.00197196 0.41269732
vt 1.00000048 0.99999988
vt 0.18175578 0.00040287
vt 0.99999368 0.00000024
vt 0.00000916 0.99999237
vt 0.01715520 0.59666502
vt 0.45454547 1.00000000
vt 0.00000000 0.99998403
vt -0.00018407 0.18105990
vt 0.99998569 1.00000000
vt 0.00000016 0.99999958
vt 0.99445379 0.29954296
vt 1.00000000 0.65045249
vt 0.67500329 0.00000000
vt 0.99999702 0.00000471
vt 1.00000000 0.81818181
vt 0.81818175 1.00000000
vt 0.45340630 1.00071645
vt 1.00000000 0.99999267
vt 0.81818175 1.00000000
vt 0.59488750 1.00000000
vt 0.63636363 1.00000000
vt 0.00000410 0.99999678
vt -0.00000004 0.99991238
vt -0.00001113 0.18180329
vt 0.99982786 0.45999545
vt 0.18173161 -0.00000012
vt 0.36365381 0.00001746
vt 0.99999064 0.99999976
vt 0.18203588 0.00021774
vt 0.12816583 1.00000000
vt 0.63636363 1.00000000
vt 1.00000000 1.00000000
vt 0.00285239 0.36334348
vt 0.08996160 0.10266578
vt 0.00000000 0.18181479
vt 0.99999982 0.00000125
vt 0.63848215 0.39415181
vt 1.00000000 0.45454544
vt 0.99966919 0.63707626
vt 1.00000000 1.00000000
vt 0.00008755 0.99993193
vt 0.99986196 0.48561174
vt 1.00000000 1.00000000
vt 0.71174598 0.99914700
vt 1.00000000 0.28277522
vt 1.00000000 0.99998146
vt 0.82006079 1.00551891
vt 1.00000000 0.09090912
vt 1.00000000 0.63636363
vt 1.00000000 1.00000012
vt 0.81818175 0.68497312
vt 0.66473502 0.55610847
vt 1.00000000 0.27272731
vt 1.00000000 0.45454544
vt 0.02877718 0.92663735
vt 0.56305408 0.81101793
vt 0.45454547 1.00000000
vt 0.81818175 1.00183809
vt 1.00000000 0.81818181
vt 1.00000000 1.00000000
vt -0.00033485 0.48866808
vt 0.18174605 0.00003570
vt 0.99999863 -0.00000048
vt 0.99985558 0.45582199
vt 0.06413181 0.95322472
vt 0.63636452 1.00000179
vt 0.00021493 0.43137997
vt 0.36544061 0.00009871
vt 0.49912107 1.00000000
vt -0.00017919 0.54524457
vt 0.36245781 0.00136518
vt 0.18108973 0.00072843
vt 0.54312086 0.00241500
vt 0.00011387 0.63243145
vt 0.00347287 0.17826283
vt 0.36363637 0.00000000
vt 0.54330921 -0.00057197
vt 0.18048041 -0.00073314
vt 1.00000000 0.27191281
vt 0.60611659 0.27272731
vt 1.00000024 0.00000000
vt 0.72727275 0.00000000
vt 0.99999392 0.00000000
vt 0.00441845 0.18601501
vt 0.18181819 0.00000000
vt 0.99995607 0.00000000
vt 0.99992388 0.09090906
vt 0.63636363 1.00000000
vt 0.81818175 1.00000000
vt 0.00000000 0.18181819
vt 0.99999952 0.27272731
vt 0.00000000 0.18181819
vt 0.18181989 -0.00000167
vt -0.00000001 1.00000000
vt 0.00000000 0.18181819
vt 0.99999952 0.00000000
vt 0.15356338 0.77374530
vt 0.16865098 0.88686752
vt 0.18610829 0.18745869
vt 0.42863408 1.00001872
vt -0.00000029 0.99999624
vt 1.00000072 0.00000530
vt 0.27272728 1.00000000
vt 0.99999934 0.00000131
vt -0.00000178 1.00000060
vt -0.00000101 0.99999809
vt 1.00000000 0.99999875
vt 1.00000000 0.81818181
vt 0.99985701 0.99999148
vt 0.27272728 1.00000000
vt 0.00004962 0.99999952
vt 1.00000000 0.81818181
vt 0.27272728 1.00000000
vt 0.00001530 1.00000000
vt 0.27272728 0.45454544
vt 1.00000000 0.81818181
vt 1.00000000 1.00000000
vt 0.99999672 0.00000727
vt 0.55557096 0.99999917
vt 0.00002281 0.99998999
vt 0.00017565 0.36346066
vt 0.27272728 0.27272725
vt 0.45228899 1.00000000
vt -0.00000022 1.00000000
vt 0.63636363 1.00000000
vt 0.52192408 0.00952083
vt 1.00000000 1.00000000
vt 1.00000000 0.81818181
vt 1.00000000 1.00000000
vt 0.63636363 1.00000000
vt 0.18180396 0.00001425
vt 1.00000000 0.49854022
vt 0.99999267 0.00000095
vt 1.00000000 1.00000000
vt 1.00000048 0.00000298
vt 0.99990439 1.00000000
vt 1.00000000 0.81818181
vt 1.00000000 1.00000000
vt 0.27272728 0.27272725
vt 0.27272728 0.45454544
vt -0.00075872 0.54621315
vt 0.00037049 0.36326581
vt 0.00019892 0.72707379
vt -0.00000355 1.00000286
vt 0.45454550 0.45454544
vt 0.81818181 0.45454550
vt 1.00000000 0.45454544
vt 1.00000000 1.00000000
vt 1.00000000 0.36240852
vt 0.27272728 1.00000000
vt 0.81818175 1.00000000
vt 1.00000000 0.81818181
vt 1.00000000 1.00000000
vt 0.99999928 0.00000656
vt 0.99999958 0.00000107
vt 0.52269214 0.00160658
vt 0.18182100 -0.00000310
vt 1.00000000 0.99999946
vt 1.00000000 0.00012720
vt 0.81818175 1.00000000
vt 1.00000000 0.27272731
vt 1.00000012 0.00000137
vt 0.27272728 0.45454544
vt 1.00000000 0.63588476
vt 1.00000000 0.45454544
vt 0.00000906 0.18180913
vt 1.00000000 0.27272731
vt 1.00000000 1.00000000
vt 0.69286227 1.00000000
vt 0.27272728 1.00000000
vt 1.00000000 0.63636363
vt 0.99999857 0.99999928
vt 0.60095942 0.01599133
vt 0.27272728 1.00000000
vt 0.45454547 1.00000000
vt 1.00000000 0.81818181
vt 0.63636363 1.00000000
vt 0.00001753 0.99999309
vt 0.18181683 -0.00000131
vt 0.99999672 0.99999672
vt 0.81818175 1.00000000
vt 1.00000000 1.00000000
vt 0.01040111 0.64811969
vt 1.00000000 0.63636363
vt 1.00000000 0.81818181
vt 1.00000000 0.81818181
vt 1.00000000 1.00000000
vt 1.00000000 0.45454544
vt 1.00000000 0.00000012
vt 1.00000000 0.63636363
vt 1.00000000 0.63636363
vt 1.00000000 0.45454544
vt 0.18068965 -0.00005805
vt -0.00001531 0.18118483
vt 1.00000000 1.00000000
vt 0.45454547 1.00000000
vt 0.27272728 1.00000000
vt 1.00000000 0.45454544
vt 1.00000906 -0.00000679
vt 0.27272728 0.45454544
vt 0.45454550 0.63636363
vt 0.99997836 1.00000000
vt 1.00000000 0.81818181
vt 1.00000000 0.63636363
vt 0.45454547 1.00000000
vt 0.63636363 1.00000000
vt 0.81818175 1.00000000
vt 1.00000000 1.00000000
vt 0.81818181 0.81818181
vt 1.00000000 0.63636363
vt 1.00000000 0.81818181
vt 0.81818175 1.00000000
vt 1.00000000 1.00000000
vt 0.99999875 1.00000000
vt 0.09090909 1.00000000
vt 0.99995995 1.00000000
vt 0.99999976 1.00000119
vt -0.00000012 0.99999994
vt -0.00012354 0.18194169
vt 0.27646166 1.00000000
vt 0.09090909 1.00000000
vt 1.00000072 1.00000000
vt 1.00000000 0.00000089
vt 1.00000000 0.45454544
vt 1.00000000 0.27272731
vt 0.81818175 1.00000000
vt 1.00000000 1.00000000
vt 1.00000000 0.81818181
vt 1.00000000 0.45620596
vt 0.27272728 1.00000000
vt 1.00000000 0.27272731
vt 0.63636363 1.00000000
vt 0.81818175 1.00000000
vt 1.00000000 1.00000000
vt 1.00000000 0.63636363
vt 1.00000000 0.27272731
vt -0.00052800 0.18148148
vt 0.00000145 0.99999666
vt -0.00011106 0.60240805
vt 0.81818175 1.00000000
vt 0.63636363 1.00000000
vt 0.03278730 0.33084905
vt 0.63636369 0.81818181
vt 0.45454550 0.81818181
vt -0.00205167 0.91477603
vt 0.27272728 0.81818181
vt 0.63636369 0.81818181
vt 0.81818181 0.63636363
vt 0.81818181 0.81818181
vt 0.63636369 0.27272731
vt 0.81818181 0.27272731
vt 0.81818181 0.45454550
vt 1.00000000 0.81818181
vt 1.00000000 0.63636363
vt 1.00000000 0.45454544
vt 1.00000000 0.27272731
vt 0.27272728 1.00000000
vt 0.00027564 1.00000000
vt 0.27272728 0.45454544
vt 0.27272728 0.63636363
vt 0.45454547 1.00000000
vt 1.00000000 -0.00003946
vt 1.00000000 0.27272731
vt 0.63636363 1.00000000
vt 0.45454547 1.00000000
vt 0.27272728 1.00000000
vt 0.45454547 1.00000000
vt 1.00000000 0.27272731
vt 0.63636363 1.00000000
vt 0.81818175 1.00000000
vt 1.00000000 1.00000000
vt 1.00000000 1.00000000
vt 1.00000000 0.81818181
vt 1.00000000 0.77022350
vt 1.00000000 0.40526021
vt 1.00000000 -0.00000167
vt 0.99999964 0.45296949
vt 0.27272728 1.00000000
vt 1.00000000 0.63636363
vt -0.00001031 0.99998993
vt 0.00954038 0.73153245
vt 1.00000000 0.63636363
vt 1.00000000 0.45454544
vt -0.00003269 0.18185085
vt 0.00027939 0.36733317
vt 1.00000000 0.63636363
vt -0.00113081 0.18294907
vt 0.99190718 0.28082019
vt 0.64495689 0.44595218
vt 0.90795445 0.00113648
vt 1.00000000 0.00005078
vt 0.27272728 0.45454544
vt 0.99814820 0.63636363
vt 0.99990577 0.81818181
vt 0.27272728 0.63636363
vt 0.72199291 0.00527984
vt 0.00002277 0.99981517
vt 0.02306661 0.75033933
vt 0.45454550 0.63636363
vt 0.00007080 0.99996036
vt 1.00000000 0.45454544
vt 0.99999094 1.00000000
vt 0.27272728 0.81818181
vt 0.27272728 1.00000000
vt 0.00000106 0.99999005
vt 1.00000000 1.00000000
vt 0.00001701 0.99999589
vt 1.00000000 0.99997848
vt 0.27272728 1.00000000
vt 0.45454547 1.00000000
vt 0.81818175 1.00000000
vt 1.00000000 1.00000000
vt 1.00000000 0.45454544
vt 0.35270256 0.01289469
vt 0.18219489 0.00053662
vt 1.00000000 1.00000000
vt 0.45454550 0.45454544
vt 0.63636363 1.00000000
vt 0.18210199 0.00028241
vt 1.00000000 0.27272731
vt 0.27272728 0.81818181
vt 1.00000000 0.81818181
vt 0.27272728 1.00000000
vt 1.00000000 1.00000000
vt 0.81818175 1.00000000
vt 1.00000000 0.45555544
vt 1.00000238 -0.00000048
vt 1.00000000 0.99986887
vt 1.00000000 0.00005573
vt 0.81818175 1.00000000
vt 1.00000000 1.00000000
vt 0.45454547 1.00000000
vt 1.00000012 1.00000000
vt 0.00011831 1.00000000
vt 0.99998015 1.00000000
vt 0.18181831 -0.00000012
vt 0.36388046 0.00024408
vt 0.99999976 0.99999529
vt 1.00000000 0.45531434
vt 1.00000000 0.99999774
vt 1.00000000 0.27272731
vt 1.00000095 0.00003797
vt 0.63636363 1.00000000
vt 1.00000465 1.00000000
vt 0.99986166 1.00000000
vt -0.00002058 0.18183875
vt 0.18176712 -0.00005114
vt 1.00000000 1.00000000
vt 0.00000671 0.99996662
vt 0.27272728 1.00000000
vt 0.27272728 0.81818181
vt 0.45454547 1.00000000
vt 0.27272728 0.63636363
vt 1.00000000 0.00004411
vt 1.00000000 0.63636363
vt 0.81818175 1.00000000
vt 1.00000000 1.00000000
vt 0.27272728 1.00000000
vt 0.18191007 -0.00009191
vt 0.49641585 1.00000000
vt 0.27272728 1.00000000
vt 0.81818181 0.27272731
vt 1.01671851 0.34758115
vt 0.45454550 0.81818181
vt 0.81818181 0.27272731
vt 1.00000000 1.00000000
vt 0.45454547 1.00000000
vt 1.00000000 0.27272731
vt 0.27272728 1.00000000
vt 0.81818181 0.63636363
vt 1.00000000 0.63636363
vt 1.00000000 0.45454544
vt 1.00000000 1.00000000
vt 0.81818175 1.00000000
vt 0.81818181 0.81818181
vt 1.00000000 0.81818181
vt 1.00000000 0.00001842
vt 1.00000000 0.63636363
vt 0.27272728 1.00000000
vt 0.00007239 1.00000000
vt 0.45454547 1.00000000
vt 0.45454547 1.00000000
vt 1.00000000 1.00000000
vt 0.81818181 0.27272731
vt 0.99997896 0.63636363
vt 1.00141823 0.45454544
vt 0.99999905 0.00000203
vt 1.00000000 1.00000000
vt 1.00000000 0.27272731
vt 1.00000000 0.45454544
vt 0.00001045 1.00000000
vt 1.00000000 0.45454544
vt 1.00000000 0.27272731
vt 1.00000000 0.63636363
vt 0.63636363 1.00000000
vt 0.81818175 1.00000000
vt 0.81818181 0.81818181
vt 1.00000000 1.00000000
vt 1.00000000 0.81818181
vt 0.81818181 0.45454550
vt 0.81818181 0.63636363
vt 1.00000000 0.27272731
vt 1.00000000 0.45454544
vt 1.00000000 0.63636363
vt 0.63636363 1.00000000
vt 1.00000000 1.00000000
vt 0.99998188 -0.00000048
vt 0.99995607 1.00000000
vt 1.00000000 1.00000000
vt 1.00000000 0.81818181
vt 0.18181403 0.00000417
vt 0.00000614 0.18061543
vt 0.50206172 0.00262111
vt 0.18200536 0.00039989
vt 0.99993718 0.00004327
vt 0.99999946 0.99997967
vt 0.99999952 1.00000024
vt 1.00000000 0.99991912
vt 0.00000192 0.99999386
vt 0.45420796 1.00000000
vt 0.00000081 -0.00000036
vt 0.00000101 0.99999988
vt 0.99999553 1.00000083
vt 0.85714287 0.54757082
vt 1.00000000 0.55354637
vt 1.00000000 0.00000000
vt -0.00009765 0.18193215
vt 1.00170636 0.45454544
vt 0.99999583 0.55845708
vt 0.18199660 0.00003886
vt 0.99999976 0.00000012
vt 0.73289078 0.00561798
vt 0.99536633 0.08627546
vt 0.00000000 1.00000000
vt 0.00004166 0.18189996
vt -0.00037169 0.72729087
vt 0.00000404 1.00000036
vt 1.00000000 0.99999642
vt 0.00000015 1.00000000
vt 0.27272728 0.45454544
vt 1.00000000 0.81818181
vt 1.00000000 1.00000000
vt 0.00000000 0.00000143
vt 0.00000000 1.00000060
vt 1.00000000 -0.00000012
vt -0.00000014 0.00000566
vt -0.00000008 1.00000107
vt 0.00000405 0.00000018
vt 0.81818181 1.00001216
vt 1.00000000 0.99999970
vt 0.99991125 1.00000000
vt 1.00000000 0.27272731
vt 0.84715277 0.00000602
vt 1.00000000 0.00000453
vt 1.00000000 1.00000000
vt 0.95467031 0.04557949
vt 0.18181865 -0.00000048
vt 0.18181586 0.00000232
vt 0.99997574 0.00001836
vt 0.00001274 1.00000000
vt 0.27272728 1.00000000
vt 0.36345798 -0.00017846
vt 0.70605290 0.00013083
vt 0.99999362 0.00000006
vt 1.00000000 1.00000000
vt 0.71959549 1.00000000
vt -0.00020384 0.18163383
f 1/1 2/2 3/3
f 4/4 5/5 6/6
f 7/7 8/8 9/9
f 10/10 11/11 12/12
f 13/13 14/14 15/15
f 14/14 16/16 15/15
f 17/17 11/11 18/18
f 19/19 20/20 8/8
f 11/11 21/21 18/18
f 11/11 22/22 21/21
f 10/10 23/23 11/11
f 24/24 19/19 25/25
f 26/26 27/27 28/28
f 26/26 29/29 27/27
f 23/23 30/30 11/11
f 11/11 30/30 22/22
f 31/31 23/23 10/10
f 32/32 33/33 34/34
f 35/35 36/36 37/37
f 38/38 39/39 32/32
f 40/40 41/41 14/14
f 32/32 39/39 33/33
f 14/14 41/41 16/16
f 15/15 42/42 13/13
f 39/39 43/43 33/33
f 16/16 44/44 15/15
f 44/44 45/45 15/15
f 15/15 45/45 42/42
f 46/46 44/44 16/16
f 45/45 47/47 42/42
f 48/48 49/49 50/50
f 14/14 13/13 48/48
f 48/48 13/13 49/49
f 51/51 52/52 53/53
f 54/54 52/52 51/51
f 55/55 56/56 57/57
f 58/58 59/59 55/55
f 60/60 61/61 62/62
f 51/51 53/53 63/63
f 64/64 36/36 35/35
f 65/65 31/31 10/10
f 66/66 67/67 68/68
f 6/6 69/69 70/70
f 55/55 59/59 56/56
f 65/65 10/10 12/12
f 71/71 59/59 58/58
f 72/72 66/66 68/68
f 73/73 74/74 75/75
f 76/76 74/74 73/73
f 76/76 77/77 74/74
f 77/77 78/78 74/74
f 74/74 78/78 56/56
f 79/79 80/80 81/81
f 57/57 82/82 29/29
f 83/83 84/84 62/62
f 82/82 84/84 83/83
f 19/19 85/85 86/86
f 24/24 85/85 19/19
f 25/25 87/87 24/24
f 88/88 89/89 90/90
f 89/89 91/91 90/90
f 92/92 93/93 89/89
f 29/29 82/82 27/27
f 82/82 94/94 27/27
f 89/89 93/93 91/91
f 95/95 93/93 92/92
f 96/96 97/97 95/95
f 95/95 97/97 93/93
f 61/61 98/98 83/83
f 93/93 97/97 99/99
f 100/100 101/101 96/96
f 96/96 101/101 97/97
f 102/102 5/5 4/4
f 103/103 104/104 105/105
f 88/88 106/106 107/107
f 108/108 107/107 109/109
f 110/110 111/111 108/108
f 108/108 112/112 107/107
f 108/108 95/95 112/112
f 112/112 89/89 88/88
f 106/106 113/113 114/114
f 115/115 116/116 117/117
f 118/118 116/116 115/115
f 113/113 119/119 118/118
f 119/119 113/113 104/104
f 82/82 83/83 94/94
f 7/7 19/19 8/8
f 62/62 61/61 83/83
f 19/19 120/120 20/20
f 25/25 19/19 7/7
f 19/19 86/86 120/120
f 28/28 121/121 26/26
f 84/84 122/122 123/123
f 29/29 26/26 8/8
f 29/29 8/8 20/20
f 84/84 123/123 62/62
f 62/62 123/123 60/60
f 59/59 71/71 79/79
f 74/74 56/56 59/59
f 59/59 79/79 81/81
f 124/124 59/59 81/81
f 74/74 59/59 124/124
f 74/74 124/124 75/75
f 42/42 47/47 125/125
f 72/72 42/42 125/125
f 72/72 125/125 66/66
f 46/46 16/16 41/41
f 33/33 43/43 126/126
f 26/26 121/121 8/8
f 127/127 9/9 8/8
f 128/128 129/129 130/130
f 131/131 122/122 132/132
f 130/130 131/131 133/133
f 49/49 67/67 50/50
f 134/134 130/130 133/133
f 118/118 135/135 113/113
f 119/119 136/136 116/116
f 119/119 116/116 118/118
f 42/42 72/72 13/13
f 117/117 137/137 115/115
f 135/135 114/114 113/113
f 92/92 89/89 112/112
f 134/134 133/133 138/138
f 138/138 133/133 78/78
f 72/72 49/49 13/13
f 134/134 138/138 77/77
f 72/72 68/68 49/49
f 139/139 134/134 77/77
f 68/68 67/67 49/49
f 50/50 67/67 140/140
f 141/141 142/142 143/143
f 141/141 143/143 144/144
f 145/145 146/146 147/147
f 147/147 146/146 148/148
f 146/146 149/149 148/148
f 150/150 149/149 146/146
f 132/132 122/122 57/57
f 151/151 40/40 152/152
f 153/153 150/150 146/146
f 5/5 153/153 146/146
f 6/6 5/5 146/146
f 154/154 31/31 65/65
f 155/155 156/156 154/154
f 70/70 157/157 155/155
f 154/154 156/156 31/31
f 64/64 35/35 158/158
f 43/43 159/159 126/126
f 69/69 160/160 38/38
f 43/43 161/161 159/159
f 161/161 162/162 159/159
f 39/39 161/161 43/43
f 161/161 163/163 162/162
f 163/163 164/164 162/162
f 162/162 164/164 144/144
f 164/164 141/141 144/144
f 156/156 165/165 31/31
f 31/31 165/165 23/23
f 165/165 30/30 23/23
f 155/155 157/157 156/156
f 157/157 166/166 156/156
f 156/156 166/166 165/165
f 166/166 30/30 165/165
f 166/166 34/34 30/30
f 70/70 69/69 157/157
f 51/51 63/63 167/167
f 69/69 38/38 157/157
f 168/168 54/54 169/169
f 54/54 51/51 167/167
f 38/38 32/32 157/157
f 157/157 32/32 166/166
f 32/32 34/34 166/166
f 170/170 54/54 167/167
f 171/171 54/54 170/170
f 169/169 54/54 171/171
f 170/170 167/167 172/172
f 173/173 170/170 172/172
f 171/171 170/170 173/173
f 174/174 175/175 99/99
f 113/113 106/106 90/90
f 105/105 113/113 176/176
f 90/90 106/106 88/88
f 176/176 113/113 90/90
f 175/175 90/90 91/91
f 175/175 91/91 93/93
f 127/127 8/8 121/121
f 175/175 93/93 99/99
f 29/29 55/55 57/57
f 83/83 98/98 94/94
f 177/177 122/122 131/131
f 131/131 132/132 133/133
f 178/178 134/134 179/179
f 179/179 134/134 139/139
f 138/138 78/78 77/77
f 139/139 77/77 76/76
f 18/18 180/180 181/181
f 18/18 182/182 180/180
f 182/182 183/183 180/180
f 132/132 57/57 133/133
f 20/20 184/184 58/58
f 38/38 160/160 39/39
f 39/39 160/160 161/161
f 160/160 163/163 161/161
f 69/69 6/6 160/160
f 6/6 146/146 160/160
f 12/12 11/11 17/17
f 40/40 14/14 152/152
f 164/164 147/147 141/141
f 177/177 60/60 123/123
f 129/129 177/177 131/131
f 177/177 123/123 122/122
f 84/84 57/57 122/122
f 129/129 131/131 130/130
f 185/185 186/186 136/136
f 186/186 116/116 136/136
f 103/103 185/185 104/104
f 186/186 117/117 116/116
f 103/103 187/187 185/185
f 187/187 186/186 185/185
f 186/186 188/188 117/117
f 188/188 137/137 117/117
f 103/103 105/105 189/189
f 104/104 113/113 105/105
f 82/82 57/57 84/84
f 110/110 108/108 109/109
f 111/111 95/95 108/108
f 58/58 184/184 71/71
f 20/20 120/120 184/184
f 29/29 20/20 55/55
f 112/112 88/88 107/107
f 95/95 92/92 112/112
f 100/100 96/96 95/95
f 20/20 58/58 55/55
f 145/145 147/147 164/164
f 163/163 145/145 164/164
f 160/160 145/145 163/163
f 146/146 145/145 160/160
f 190/190 191/191 192/192
f 193/193 194/194 195/195
f 196/196 197/197 198/198
f 199/199 200/200 201/201
f 202/202 203/203 204/204
f 198/198 197/197 205/205
f 206/206 207/207 208/208
f 209/209 207/207 206/206
f 197/197 210/210 205/205
f 211/211 200/200 199/199
f 212/212 211/211 199/199
f 213/213 209/209 206/206
f 195/195 214/214 215/215
f 215/215 214/214 197/197
f 216/216 217/217 218/218
f 219/219 218/218 220/220
f 197/197 214/214 210/210
f 221/221 222/222 198/198
f 217/217 223/223 212/212
f 35/35 37/37 224/224
f 225/225 129/129 128/128
f 226/226 227/227 228/228
f 214/214 229/229 210/210
f 224/224 190/190 230/230
f 231/231 232/232 233/233
f 234/234 235/235 236/236
f 237/237 213/213 21/21
f 238/238 239/239 209/209
f 240/240 231/231 233/233
f 21/21 213/213 241/241
f 242/242 231/231 240/240
f 243/243 242/242 240/240
f 241/241 206/206 182/182
f 244/244 209/209 213/213
f 238/238 209/209 244/244
f 245/245 242/242 243/243
f 246/246 245/245 243/243
f 195/195 194/194 214/214
f 193/193 247/247 194/194
f 248/248 201/201 249/249
f 250/250 238/238 244/244
f 247/247 251/251 194/194
f 194/194 252/252 214/214
f 207/207 209/209 229/229
f 252/252 253/253 214/214
f 214/214 253/253 229/229
f 253/253 208/208 229/229
f 254/254 228/228 232/232
f 255/255 228/228 254/254
f 255/255 256/256 228/228
f 257/257 250/250 244/244
f 206/206 208/208 258/258
f 213/213 206/206 241/241
f 237/237 244/244 213/213
f 199/199 201/201 248/248
f 259/259 244/244 237/237
f 182/182 206/206 258/258
f 248/248 260/260 261/261
f 212/212 199/199 220/220
f 223/223 211/211 212/212
f 248/248 249/249 260/260
f 256/256 226/226 228/228
f 220/220 199/199 248/248
f 262/262 263/263 264/264
f 265/265 266/266 267/267
f 223/223 204/204 211/211
f 235/235 268/268 236/236
f 269/269 224/224 230/230
f 270/270 240/240 271/271
f 240/240 233/233 271/271
f 272/272 245/245 246/246
f 273/273 274/274 275/275
f 162/162 144/144 276/276
f 159/159 162/162 276/276
f 277/277 278/278 273/273
f 265/265 159/159 276/276
f 18/18 241/241 182/182
f 126/126 159/159 265/265
f 211/211 279/279 200/200
f 279/279 280/280 200/200
f 200/200 280/280 281/281
f 280/280 282/282 281/281
f 265/265 276/276 283/283
f 265/265 283/283 266/266
f 158/158 35/35 284/284
f 182/182 258/258 183/183
f 285/285 277/277 286/286
f 250/250 287/287 238/238
f 269/269 230/230 288/288
f 289/289 216/216 219/219
f 287/287 290/290 239/239
f 239/239 290/290 221/221
f 37/37 291/291 191/191
f 190/190 37/37 191/191
f 290/290 292/292 221/221
f 259/259 237/237 21/21
f 292/292 222/222 221/221
f 173/173 172/172 235/235
f 235/235 172/172 268/268
f 144/144 143/143 263/263
f 172/172 167/167 268/268
f 192/192 191/191 293/293
f 200/200 281/281 201/201
f 294/294 295/295 257/257
f 295/295 250/250 257/257
f 263/263 296/296 264/264
f 297/297 247/247 193/193
f 293/293 202/202 204/204
f 208/208 298/298 258/258
f 209/209 205/205 210/210
f 144/144 263/263 262/262
f 264/264 299/299 283/283
f 224/224 37/37 190/190
f 300/300 228/228 227/227
f 301/301 265/265 267/267
f 302/302 303/303 282/282
f 126/126 265/265 301/301
f 280/280 302/302 282/282
f 33/33 126/126 301/301
f 34/34 33/33 301/301
f 301/301 267/267 304/304
f 294/294 301/301 304/304
f 203/203 302/302 280/280
f 204/204 279/279 211/211
f 279/279 203/203 280/280
f 294/294 304/304 295/295
f 30/30 257/257 22/22
f 204/204 203/203 279/279
f 22/22 257/257 259/259
f 223/223 288/288 204/204
f 22/22 259/259 21/21
f 219/219 216/216 218/218
f 276/276 264/264 283/283
f 239/239 205/205 209/209
f 262/262 264/264 276/276
f 305/305 233/233 300/300
f 300/300 233/233 228/228
f 233/233 232/232 228/228
f 305/305 306/306 233/233
f 306/306 271/271 233/233
f 305/305 307/307 306/306
f 34/34 301/301 294/294
f 144/144 262/262 276/276
f 307/307 308/308 306/306
f 306/306 308/308 271/271
f 308/308 309/309 271/271
f 143/143 142/142 310/310
f 264/264 296/296 299/299
f 238/238 287/287 239/239
f 296/296 143/143 310/310
f 207/207 229/229 208/208
f 263/263 143/143 296/296
f 296/296 310/310 299/299
f 239/239 221/221 205/205
f 311/311 198/198 222/222
f 191/191 312/312 293/293
f 196/196 198/198 311/311
f 294/294 257/257 30/30
f 34/34 294/294 30/30
f 221/221 198/198 205/205
f 209/209 210/210 229/229
f 215/215 197/197 196/196
f 234/234 236/236 313/313
f 37/37 314/314 315/315
f 37/37 315/315 316/316
f 291/291 37/37 316/316
f 291/291 316/316 312/312
f 289/289 275/275 216/216
f 21/21 241/241 18/18
f 257/257 244/244 259/259
f 270/270 271/271 309/309
f 191/191 291/291 312/312
f 243/243 240/240 270/270
f 317/317 318/318 319/319
f 320/320 318/318 317/317
f 321/321 320/320 317/317
f 317/317 319/319 322/322
f 323/323 320/320 321/321
f 324/324 317/317 322/322
f 321/321 317/317 324/324
f 324/324 322/322 325/325
f 326/326 327/327 328/328
f 326/326 328/328 329/329
f 330/330 331/331 323/323
f 332/332 333/333 334/334
f 335/335 336/336 337/337
f 338/338 339/339 335/335
f 340/340 341/341 338/338
f 341/341 339/339 338/338
f 342/342 339/339 341/341
f 343/343 335/335 337/337
f 344/344 335/335 343/343
f 345/345 340/340 344/344
f 344/344 338/338 335/335
f 344/344 340/340 338/338
f 345/345 346/346 340/340
f 346/346 341/341 340/340
f 347/347 348/348 349/349
f 350/350 351/351 352/352
f 353/353 354/354 355/355
f 353/353 355/355 356/356
f 357/357 358/358 359/359
f 360/360 361/361 362/362
f 357/357 363/363 358/358
f 363/363 364/364 358/358
f 363/363 362/362 364/364
f 362/362 365/365 364/364
f 362/362 361/361 365/365
f 360/360 366/366 361/361
f 366/366 367/367 361/361
f 367/367 368/368 361/361
f 369/369 363/363 357/357
f 369/369 370/370 363/363
f 370/370 362/362 363/363
f 369/369 371/371 370/370
f 370/370 372/372 362/362
f 373/373 372/372 371/371
f 371/371 372/372 370/370
f 372/372 360/360 362/362
f 374/374 353/353 375/375
f 342/342 341/341 376/376
f 377/377 359/359 378/378
f 377/377 379/379 359/359
f 380/380 381/381 382/382
f 383/383 323/323 321/321
f 384/384 385/385 386/386
f 330/330 323/323 383/383
f 387/387 388/388 389/389
f 388/388 381/381 380/380
f 390/390 378/378 358/358
f 391/391 392/392 393/393
f 391/391 394/394 392/392
f 395/395 396/396 397/397
f 377/377 378/378 398/398
f 399/399 330/330 383/383
f 399/399 325/325 400/400
f 399/399 324/324 325/325
f 399/399 383/383 324/324
f 383/383 321/321 324/324
f 390/390 358/358 330/330
f 401/401 402/402 403/403
f 403/403 402/402 404/404
f 405/405 401/401 403/403
f 374/374 392/392 353/353
f 353/353 392/392 406/406
f 397/397 396/396 407/407
f 408/408 409/409 410/410
f 407/407 408/408 410/410
f 402/402 411/411 404/404
f 412/412 387/387 389/389
f 374/374 393/393 392/392
f 347/347 349/349 413/413
f 349/349 350/350 352/352
f 380/380 414/414 389/389
f 405/405 403/403 415/415
f 396/396 408/408 407/407
f 387/387 416/416 388/388
f 397/397 407/407 417/417
f 418/418 417/417 407/407
f 408/408 419/419 409/409
f 420/420 329/329 328/328
f 421/421 422/422 420/420
f 423/423 422/422 421/421
f 385/385 423/423 421/421
f 424/424 420/420 328/328
f 412/412 425/425 387/387
f 387/387 425/425 416/416
f 380/380 382/382 391/391
f 421/421 420/420 424/424
f 426/426 421/421 424/424
f 385/385 421/421 426/426
f 330/330 399/399 427/427
f 390/390 330/330 427/427
f 428/428 378/378 390/390
f 390/390 427/427 428/428
f 429/429 378/378 428/428
f 398/398 378/378 429/429
f 414/414 430/430 431/431
f 414/414 431/431 389/389
f 430/430 432/432 431/431
f 433/433 391/391 393/393
f 391/391 434/434 380/380
f 434/434 414/414 380/380
f 430/430 414/414 434/434
f 433/433 434/434 391/391
f 430/430 435/435 432/432
f 386/386 385/385 426/426
f 436/436 386/386 426/426
f 424/424 328/328 327/327
f 399/399 400/400 427/427
f 437/437 426/426 424/424
f 438/438 424/424 327/327
f 436/436 426/426 437/437
f 437/437 424/424 438/438
f 439/439 440/440 356/356
f 355/355 439/439 356/356
f 356/356 440/440 441/441
f 356/356 441/441 442/442
f 353/353 356/356 442/442
f 353/353 442/442 443/443
f 444/444 445/445 446/446
f 447/447 448/448 430/430
f 336/336 449/449 337/337
f 376/376 346/346 444/444
f 444/444 346/346 445/445
f 376/376 341/341 346/346
f 346/346 345/345 445/445
f 445/445 450/450 446/446
f 445/445 451/451 450/450
f 345/345 451/451 445/445
f 349/349 352/352 342/342
f 452/452 376/376 444/444
f 413/413 376/376 452/452
f 349/349 342/342 376/376
f 323/323 453/453 320/320
f 331/331 454/454 323/323
f 323/323 454/454 453/453
f 330/330 358/358 331/331
f 454/454 455/455 453/453
f 358/358 364/364 331/331
f 413/413 349/349 376/376
f 364/364 365/365 331/331
f 331/331 365/365 454/454
f 454/454 368/368 455/455
f 378/378 359/359 358/358
f 365/365 361/361 454/454
f 454/454 361/361 368/368
f 327/327 418/418 407/407
f 371/371 1/1 373/373
f 369/369 1/1 371/371
f 359/359 379/379 357/357
f 357/357 379/379 369/369
f 379/379 2/2 369/369
f 369/369 2/2 1/1
f 456/456 411/411 457/457
f 458/458 459/459 456/456
f 438/438 460/460 458/458
f 327/327 407/407 438/438
f 456/456 459/459 411/411
f 459/459 404/404 411/411
f 458/458 460/460 459/459
f 459/459 403/403 404/404
f 460/460 461/461 459/459
f 459/459 461/461 403/403
f 461/461 415/415 403/403
f 438/438 407/407 460/460
f 407/407 410/410 460/460
f 460/460 410/410 461/461
f 410/410 409/409 461/461
f 409/409 419/419 461/461
f 461/461 419/419 415/415
f 419/419 462/462 415/415
f 386/386 463/463 384/384
f 438/438 458/458 437/437
f 437/437 458/458 436/436
f 458/458 456/456 436/436
f 436/436 456/456 386/386
f 386/386 456/456 463/463
f 456/456 457/457 463/463
f 412/412 389/389 431/431
f 388/388 380/380 389/389
f 394/394 406/406 392/392
f 375/375 353/353 464/464
f 464/464 353/353 443/443
f 465/465 466/466 467/467
f 465/465 468/468 466/466
f 469/469 470/470 471/471
f 469/469 472/472 470/470
f 473/473 474/474 475/475
f 476/476 477/477 478/478
f 476/476 478/478 479/479
f 476/476 469/469 480/480
f 481/481 482/482 483/483
f 484/484 485/485 486/486
f 477/477 476/476 487/487
f 488/488 489/489 490/490
f 468/468 491/491 492/492
f 493/493 488/488 490/490
f 494/494 481/481 495/495
f 495/495 483/483 496/496
f 495/495 481/481 483/483
f 474/474 473/473 494/494
f 497/497 498/498 488/488
f 469/469 476/476 499/499
f 476/476 479/479 499/499
f 486/486 485/485 500/500
f 493/493 490/490 501/501
f 498/498 489/489 488/488
f 502/502 503/503 496/496
f 504/504 502/502 483/483
f 499/499 472/472 469/469
f 503/503 505/505 496/496
f 493/493 506/506 488/488
f 506/506 507/507 488/488
f 508/508 509/509 486/486
f 465/465 510/510 509/509
f 473/473 481/481 494/494
f 468/468 492/492 466/466
f 509/509 510/510 484/484
f 502/502 496/496 483/483
f 468/468 465/465 509/509
f 504/504 483/483 482/482
f 485/485 511/511 500/500
f 509/509 484/484 486/486
f 468/468 509/509 508/508
f 512/512 513/513 514/514
f 515/515 512/512 514/514
f 516/516 517/517 518/518
f 518/518 519/519 520/520
f 521/521 522/522 523/523
f 523/523 512/512 515/515
f 515/515 514/514 524/524
f 525/525 526/526 527/527
f 525/525 527/527 528/528
f 528/528 516/516 529/529
f 353/353 406/406 354/354
f 391/391 382/382 530/530
f 391/391 530/530 394/394
f 531/531 532/532 533/533
f 532/532 531/531 534/534
f 534/534 531/531 535/535
f 536/536 532/532 534/534
f 536/536 534/534 535/535
f 525/525 528/528 529/529
f 536/536 535/535 537/537
f 538/538 536/536 537/537
f 538/538 537/537 539/539
f 540/540 541/541 542/542
f 543/543 544/544 545/545
f 382/382 540/540 542/542
f 382/382 542/542 530/530
f 546/546 547/547 541/541
f 548/548 546/546 541/541
f 520/520 521/521 549/549
f 518/518 520/520 549/549
f 550/550 551/551 552/552
f 523/523 515/515 553/553
f 521/521 523/523 553/553
f 518/518 549/549 554/554
f 516/516 518/518 554/554
f 521/521 553/553 555/555
f 556/556 521/521 555/555
f 549/549 521/521 556/556
f 554/554 549/549 556/556
f 554/554 556/556 557/557
f 558/558 533/533 532/532
f 559/559 558/558 532/532
f 560/560 559/559 532/532
f 540/540 548/548 541/541
f 538/538 539/539 561/561
f 541/541 547/547 560/560
f 560/560 532/532 562/562
f 541/541 560/560 562/562
f 563/563 406/406 394/394
f 530/530 564/564 394/394
f 544/544 548/548 540/540
f 532/532 536/536 565/565
f 544/544 540/540 545/545
f 532/532 565/565 530/530
f 566/566 152/152 567/567
f 567/567 48/48 568/568
f 567/567 14/14 48/48
f 567/567 152/152 14/14
f 529/529 516/516 554/554
f 529/529 554/554 557/557
f 566/566 567/567 569/569
f 568/568 570/570 567/567
f 570/570 571/571 567/567
f 567/567 571/571 569/569
f 571/571 572/572 573/573
f 571/571 574/574 569/569
f 575/575 576/576 577/577
f 578/578 579/579 580/580
f 581/581 579/579 578/578
f 342/342 352/352 582/582
f 339/339 342/342 582/582
f 582/582 351/351 583/583
f 584/584 585/585 586/586
f 587/587 585/585 584/584
f 588/588 585/585 587/587
f 551/551 589/589 552/552
f 589/589 585/585 552/552
f 589/589 586/586 585/585
f 590/590 591/591 589/589
f 591/591 586/586 589/589
f 592/592 591/591 590/590
f 586/586 593/593 584/584
f 594/594 595/595 596/596
f 597/597 598/598 594/594
f 527/527 599/599 597/597
f 594/594 598/598 595/595
f 598/598 590/590 595/595
f 597/597 599/599 598/598
f 599/599 334/334 598/598
f 598/598 334/334 590/590
f 527/527 526/526 599/599
f 334/334 592/592 590/590
f 332/332 599/599 526/526
f 332/332 334/334 599/599
f 600/600 601/601 602/602
f 578/578 580/580 517/517
f 603/603 581/581 578/578
f 189/189 105/105 604/604
f 604/604 105/105 176/176
f 605/605 189/189 604/604
f 570/570 572/572 571/571
f 571/571 573/573 574/574
f 606/606 607/607 543/543
f 608/608 551/551 550/550
f 551/551 595/595 589/589
f 595/595 590/590 589/589
f 608/608 596/596 551/551
f 596/596 595/595 551/551
f 565/565 609/609 564/564
f 565/565 610/610 609/609
f 536/536 561/561 565/565
f 536/536 538/538 561/561
f 394/394 564/564 563/563
f 530/530 565/565 564/564
f 611/611 612/612 613/613
f 611/611 614/614 612/612
f 604/604 611/611 605/605
f 615/615 604/604 174/174
f 616/616 615/615 174/174
f 174/174 604/604 176/176
f 582/582 352/352 351/351
f 617/617 579/579 618/618
f 619/619 339/339 582/582
f 620/620 582/582 583/583
f 621/621 152/152 566/566
f 151/151 152/152 621/621
f 576/576 151/151 621/621
f 580/580 579/579 617/617
f 622/622 580/580 617/617
f 517/517 580/580 622/622
f 622/622 617/617 618/618
f 517/517 622/622 519/519
f 518/518 517/517 519/519
f 522/522 618/618 623/623
f 622/622 618/618 522/522
f 520/520 622/622 522/522
f 594/594 596/596 608/608
f 519/519 622/622 520/520
f 624/624 597/597 594/594
f 624/624 625/625 597/597
f 625/625 527/527 597/597
f 626/626 527/527 625/625
f 522/522 623/623 512/512
f 521/521 520/520 522/522
f 523/523 522/522 512/512
f 601/601 627/627 602/602
f 602/602 627/627 628/628
f 620/620 629/629 582/582
f 335/335 339/339 630/630
f 339/339 619/619 630/630
f 628/628 627/627 631/631
f 530/530 542/542 541/541
f 530/530 541/541 562/562
f 530/530 562/562 532/532
f 632/632 548/548 544/544
f 543/543 545/545 381/381
f 381/381 545/545 540/540
f 382/382 381/381 540/540
f 611/611 613/613 605/605
f 615/615 611/611 604/604
f 606/606 543/543 381/381
f 606/606 381/381 388/388
f 528/528 527/527 626/626
f 633/633 594/594 608/608
f 633/633 624/624 594/594
f 634/634 635/635 624/624
f 516/516 528/528 626/626
f 635/635 626/626 624/624
f 636/636 611/611 615/615
f 636/636 615/615 616/616
f 624/624 626/626 625/625
f 634/634 603/603 635/635
f 603/603 578/578 635/635
f 635/635 578/578 626/626
f 578/578 517/517 626/626
f 517/517 516/516 626/626
f 637/637 619/619 628/628
f 619/619 602/602 628/628
f 619/619 582/582 602/602
f 582/582 629/629 602/602
f 629/629 600/600 602/602
f 576/576 621/621 577/577
f 630/630 637/637 638/638
f 619/619 637/637 630/630
f 637/637 628/628 639/639
f 607/607 544/544 543/543
f 639/639 628/628 631/631
f 640/640 641/641 642/642
f 643/643 644/644 645/645
f 646/646 643/643 645/645
f 647/647 643/643 646/646
f 648/648 647/647 646/646
f 649/649 647/647 648/648
f 650/650 649/649 648/648
f 642/642 649/649 650/650
f 651/651 642/642 650/650
f 646/646 645/645 652/652
f 653/653 648/648 646/646
f 650/650 648/648 653/653
f 654/654 650/650 653/653
f 646/646 652/652 655/655
f 656/656 646/646 655/655
f 653/653 646/646 656/656
f 657/657 641/641 640/640
f 640/640 642/642 651/651
f 651/651 650/650 654/654
f 656/656 655/655 658/658
f 659/659 660/660 661/661
f 662/662 663/663 660/660
f 664/664 665/665 657/657
f 666/666 664/664 657/657
f 667/667 664/664 666/666
f 668/668 667/667 666/666
f 669/669 667/667 668/668
f 670/670 669/669 668/668
f 671/671 672/672 673/673
f 666/666 657/657 640/640
f 674/674 666/666 640/640
f 668/668 666/666 674/674
f 675/675 668/668 674/674
f 670/670 668/668 675/675
f 676/676 670/670 675/675
f 663/663 677/677 660/660
f 677/677 678/678 660/660
f 641/641 679/679 642/642
f 642/642 679/679 649/649
f 680/680 681/681 682/682
f 683/683 684/684 685/685
f 686/686 680/680 682/682
f 687/687 688/688 689/689
f 688/688 690/690 689/689
f 691/691 692/692 690/690
f 688/688 693/693 690/690
f 694/694 695/695 696/696
f 697/697 698/698 692/692
f 699/699 700/700 701/701
f 702/702 703/703 52/52
f 623/623 704/704 705/705
f 706/706 707/707 699/699
f 699/699 707/707 700/700
f 707/707 708/708 700/700
f 709/709 710/710 711/711
f 712/712 713/713 709/709
f 714/714 715/715 712/712
f 716/716 715/715 714/714
f 717/717 718/718 716/716
f 709/709 713/713 710/710
f 713/713 719/719 710/710
f 712/712 715/715 713/713
f 720/720 721/721 722/722
f 715/715 723/723 713/713
f 713/713 723/723 719/719
f 723/723 724/724 719/719
f 723/723 725/725 724/724
f 704/704 726/726 705/705
f 716/716 718/718 715/715
f 618/618 727/727 704/704
f 715/715 718/718 723/723
f 718/718 728/728 723/723
f 723/723 728/728 725/725
f 728/728 729/729 725/725
f 717/717 730/730 718/718
f 730/730 731/731 718/718
f 704/704 727/727 726/726
f 50/50 140/140 732/732
f 733/733 734/734 735/735
f 735/735 736/736 737/737
f 727/727 738/738 726/726
f 739/739 720/720 722/722
f 740/740 720/720 739/739
f 741/741 742/742 572/572
f 739/739 722/722 743/743
f 744/744 739/739 743/743
f 696/696 695/695 745/745
f 746/746 747/747 748/748
f 572/572 742/742 573/573
f 694/694 749/749 695/695
f 718/718 731/731 728/728
f 579/579 750/750 618/618
f 618/618 750/750 727/727
f 750/750 751/751 727/727
f 727/727 751/751 738/738
f 751/751 752/752 738/738
f 753/753 754/754 755/755
f 695/695 749/749 745/745
f 756/756 720/720 740/740
f 740/740 739/739 744/744
f 744/744 743/743 757/757
f 758/758 759/759 757/757
f 748/748 741/741 572/572
f 760/760 174/174 99/99
f 761/761 762/762 749/749
f 616/616 174/174 760/760
f 763/763 761/761 749/749
f 764/764 761/761 763/763
f 765/765 766/766 753/753
f 753/753 766/766 754/754
f 765/765 767/767 766/766
f 766/766 768/768 754/754
f 769/769 764/764 763/763
f 770/770 764/764 769/769
f 728/728 731/731 729/729
f 749/749 762/762 771/771
f 766/766 767/767 768/768
f 767/767 772/772 768/768
f 767/767 773/773 772/772
f 774/774 769/769 763/763
f 770/770 769/769 774/774
f 773/773 775/775 772/772
f 731/731 776/776 729/729
f 777/777 778/778 773/773
f 773/773 778/778 775/775
f 779/779 770/770 774/774
f 746/746 748/748 572/572
f 746/746 572/572 570/570
f 780/780 770/770 779/779
f 781/781 782/782 783/783
f 784/784 763/763 749/749
f 774/774 763/763 784/784
f 785/785 782/782 781/781
f 786/786 785/785 781/781
f 787/787 785/785 786/786
f 788/788 781/781 783/783
f 749/749 771/771 745/745
f 789/789 790/790 791/791
f 694/694 784/784 749/749
f 792/792 793/793 789/789
f 786/786 781/781 788/788
f 788/788 783/783 759/759
f 794/794 795/795 792/792
f 789/789 793/793 790/790
f 774/774 784/784 694/694
f 793/793 796/796 790/790
f 792/792 795/795 793/793
f 796/796 797/797 790/790
f 797/797 798/798 790/790
f 790/790 798/798 799/799
f 788/788 759/759 758/758
f 794/794 800/800 795/795
f 801/801 745/745 771/771
f 801/801 771/771 802/802
f 801/801 802/802 803/803
f 804/804 801/801 803/803
f 799/799 755/755 805/805
f 790/790 799/799 805/805
f 790/790 805/805 806/806
f 795/795 800/800 793/793
f 800/800 807/807 793/793
f 793/793 807/807 796/796
f 807/807 797/797 796/796
f 790/790 806/806 791/791
f 679/679 808/808 649/649
f 649/649 808/808 647/647
f 808/808 662/662 647/647
f 647/647 662/662 643/643
f 809/809 810/810 811/811
f 812/812 813/813 814/814
f 814/814 672/672 671/671
f 815/815 811/811 810/810
f 816/816 817/817 818/818
f 819/819 816/816 818/818
f 684/684 815/815 810/810
f 820/820 821/821 822/822
f 823/823 816/816 819/819
f 824/824 825/825 820/820
f 826/826 820/820 822/822
f 827/827 823/823 819/819
f 824/824 820/820 826/826
f 828/828 823/823 827/827
f 829/829 828/828 827/827
f 826/826 822/822 830/830
f 831/831 828/828 829/829
f 832/832 831/831 829/829
f 833/833 831/831 832/832
f 826/826 830/830 834/834
f 834/834 830/830 835/835
f 836/836 835/835 830/830
f 837/837 838/838 836/836
f 839/839 838/838 837/837
f 840/840 839/839 837/837
f 841/841 839/839 840/840
f 842/842 833/833 832/832
f 829/829 827/827 843/843
f 844/844 829/829 843/843
f 837/837 836/836 830/830
f 845/845 830/830 822/822
f 837/837 830/830 845/845
f 832/832 829/829 844/844
f 846/846 832/832 844/844
f 843/843 827/827 847/847
f 848/848 843/843 847/847
f 849/849 850/850 851/851
f 852/852 853/853 854/854
f 855/855 856/856 857/857
f 858/858 855/855 857/857
f 859/859 860/860 852/852
f 861/861 862/862 859/859
f 863/863 864/864 861/861
f 865/865 858/858 857/857
f 866/866 867/867 863/863
f 868/868 869/869 866/866
f 870/870 858/858 865/865
f 18/18 181/181 871/871
f 872/872 870/870 865/865
f 865/865 857/857 873/873
f 852/852 860/860 853/853
f 865/865 873/873 874/874
f 875/875 865/865 874/874
f 876/876 874/874 877/877
f 875/875 874/874 876/876
f 859/859 862/862 860/860
f 862/862 878/878 860/860
f 872/872 865/865 875/875
f 879/879 698/698 880/880
f 881/881 815/815 684/684
f 861/861 864/864 862/862
f 864/864 878/878 862/862
f 863/863 867/867 864/864
f 882/882 883/883 663/663
f 674/674 640/640 651/651
f 675/675 674/674 651/651
f 676/676 675/675 884/884
f 885/885 676/676 884/884
f 883/883 886/886 663/663
f 675/675 651/651 654/654
f 887/887 675/675 654/654
f 884/884 675/675 887/887
f 888/888 884/884 887/887
f 885/885 884/884 888/888
f 887/887 654/654 653/653
f 889/889 887/887 653/653
f 888/888 887/887 889/889
f 889/889 653/653 656/656
f 890/890 889/889 656/656
f 663/663 886/886 677/677
f 891/891 892/892 812/812
f 890/890 656/656 658/658
f 893/893 894/894 895/895
f 896/896 893/893 895/895
f 897/897 893/893 896/896
f 898/898 897/897 896/896
f 899/899 897/897 898/898
f 900/900 899/899 898/898
f 901/901 899/899 900/900
f 902/902 901/901 900/900
f 903/903 901/901 902/902
f 904/904 903/903 902/902
f 665/665 903/903 904/904
f 905/905 665/665 904/904
f 896/896 895/895 906/906
f 907/907 896/896 906/906
f 898/898 896/896 907/907
f 908/908 898/898 907/907
f 900/900 898/898 908/908
f 909/909 900/900 908/908
f 902/902 900/900 909/909
f 910/910 902/902 909/909
f 904/904 902/902 910/910
f 911/911 904/904 910/910
f 907/907 906/906 912/912
f 913/913 907/907 912/912
f 908/908 907/907 913/913
f 886/886 908/908 913/913
f 909/909 908/908 886/886
f 883/883 909/909 886/886
f 910/910 909/909 883/883
f 914/914 910/910 883/883
f 913/913 912/912 678/678
f 677/677 913/913 678/678
f 886/886 913/913 677/677
f 915/915 680/680 686/686
f 702/702 52/52 915/915
f 686/686 682/682 916/916
f 917/917 915/915 686/686
f 702/702 915/915 917/917
f 686/686 916/916 918/918
f 917/917 686/686 918/918
f 919/919 917/917 918/918
f 919/919 918/918 920/920
f 702/702 917/917 919/919
f 919/919 920/920 921/921
f 922/922 921/921 920/920
f 923/923 922/922 920/920
f 924/924 922/922 923/923
f 925/925 725/725 729/729
f 926/926 925/925 729/729
f 927/927 925/925 926/926
f 926/926 729/729 776/776
f 928/928 926/926 776/776
f 800/800 929/929 930/930
f 931/931 932/932 933/933
f 927/927 926/926 928/928
f 928/928 776/776 798/798
f 934/934 800/800 930/930
f 807/807 800/800 934/934
f 935/935 807/807 934/934
f 758/758 757/757 936/936
f 788/788 758/758 937/937
f 662/662 938/938 643/643
f 643/643 938/938 644/644
f 938/938 939/939 644/644
f 657/657 905/905 641/641
f 905/905 911/911 641/641
f 641/641 911/911 679/679
f 911/911 914/914 679/679
f 679/679 914/914 808/808
f 914/914 882/882 808/808
f 808/808 882/882 662/662
f 662/662 659/659 938/938
f 938/938 659/659 939/939
f 659/659 821/821 939/939
f 905/905 904/904 911/911
f 911/911 910/910 914/914
f 914/914 883/883 882/882
f 891/891 817/817 940/940
f 812/812 941/941 891/891
f 814/814 942/942 812/812
f 671/671 943/943 814/814
f 673/673 944/944 671/671
f 672/672 945/945 673/673
f 946/946 947/947 948/948
f 947/947 949/949 948/948
f 948/948 949/949 950/950
f 949/949 951/951 950/950
f 696/696 952/952 953/953
f 952/952 954/954 953/953
f 953/953 954/954 955/955
f 954/954 956/956 955/955
f 955/955 956/956 957/957
f 956/956 958/958 957/957
f 957/957 958/958 947/947
f 891/891 941/941 817/817
f 941/941 818/818 817/817
f 812/812 942/942 941/941
f 942/942 959/959 941/941
f 941/941 959/959 818/818
f 959/959 819/819 818/818
f 814/814 943/943 942/942
f 943/943 960/960 942/942
f 942/942 960/960 959/959
f 959/959 960/960 819/819
f 960/960 827/827 819/819
f 804/804 788/788 937/937
f 786/786 788/788 804/804
f 758/758 936/936 961/961
f 937/937 758/758 961/961
f 804/804 937/937 801/801
f 937/937 961/961 962/962
f 801/801 937/937 963/963
f 937/937 962/962 963/963
f 801/801 963/963 745/745
f 964/964 965/965 951/951
f 949/949 964/964 951/951
f 966/966 964/964 949/949
f 947/947 966/966 949/949
f 958/958 966/966 947/947
f 967/967 683/683 685/685
f 968/968 683/683 967/967
f 969/969 968/968 967/967
f 970/970 968/968 969/969
f 906/906 895/895 970/970
f 685/685 971/971 972/972
f 967/967 685/685 972/972
f 973/973 967/967 972/972
f 969/969 967/967 973/973
f 568/568 50/50 732/732
f 974/974 969/969 973/973
f 568/568 48/48 50/50
f 975/975 976/976 977/977
f 933/933 978/978 931/931
f 927/927 979/979 933/933
f 928/928 980/980 927/927
f 678/678 974/974 973/973
f 981/981 982/982 983/983
f 931/931 978/978 984/984
f 978/978 985/985 984/984
f 933/933 979/979 978/978
f 979/979 986/986 978/978
f 978/978 986/986 985/985
f 985/985 986/986 987/987
f 986/986 988/988 987/987
f 989/989 990/990 872/872
f 683/683 881/881 684/684
f 867/867 869/869 864/864
f 864/864 869/869 878/878
f 991/991 881/881 683/683
f 968/968 991/991 683/683
f 866/866 869/869 867/867
f 868/868 992/992 869/869
f 992/992 993/993 869/869
f 994/994 991/991 968/968
f 995/995 996/996 997/997
f 12/12 997/997 996/996
f 12/12 17/17 997/997
f 970/970 994/994 968/968
f 998/998 999/999 1000/1000
f 869/869 993/993 878/878
f 1001/1001 1002/1002 998/998
f 998/998 1003/1003 999/999
f 1002/1002 1004/1004 998/998
f 998/998 1004/1004 1003/1003
f 1004/1004 1005/1005 1003/1003
f 1006/1006 1007/1007 1001/1001
f 1008/1008 994/994 970/970
f 895/895 1008/1008 970/970
f 1009/1009 1010/1010 1006/1006
f 1001/1001 1007/1007 1002/1002
f 684/684 810/810 971/971
f 685/685 684/684 971/971
f 1007/1007 1011/1011 1002/1002
f 1006/1006 1010/1010 1007/1007
f 1010/1010 1012/1012 1007/1007
f 1007/1007 1012/1012 1011/1011
f 1009/1009 1013/1013 1010/1010
f 1010/1010 1013/1013 1012/1012
f 1014/1014 1015/1015 1009/1009
f 1015/1015 1016/1016 1009/1009
f 1009/1009 1016/1016 1013/1013
f 1014/1014 1017/1017 1015/1015
f 1014/1014 682/682 681/681
f 1009/1009 1018/1018 1014/1014
f 1006/1006 1019/1019 1009/1009
f 1001/1001 1020/1020 1006/1006
f 1014/1014 1021/1021 682/682
f 1014/1014 1018/1018 1021/1021
f 1018/1018 1022/1022 1021/1021
f 1021/1021 1022/1022 682/682
f 1022/1022 916/916 682/682
f 1009/1009 1019/1019 1018/1018
f 1018/1018 1023/1023 1022/1022
f 1022/1022 1023/1023 916/916
f 1023/1023 918/918 916/916
f 1006/1006 1020/1020 1019/1019
f 1019/1019 1024/1024 1018/1018
f 1018/1018 1024/1024 1023/1023
f 1024/1024 923/923 1023/1023
f 1023/1023 923/923 918/918
f 923/923 920/920 918/918
f 1020/1020 1025/1025 1019/1019
f 1019/1019 1025/1025 1024/1024
f 1024/1024 1025/1025 923/923
f 998/998 1026/1026 1001/1001
f 1026/1026 1027/1027 1001/1001
f 1001/1001 1027/1027 1020/1020
f 1027/1027 1028/1028 1020/1020
f 1020/1020 1028/1028 1025/1025
f 1028/1028 1029/1029 1025/1025
f 1029/1029 924/924 1025/1025
f 1025/1025 924/924 923/923
f 927/927 980/980 979/979
f 980/980 935/935 979/979
f 979/979 935/935 986/986
f 935/935 934/934 986/986
f 986/986 934/934 988/988
f 934/934 930/930 988/988
f 928/928 798/798 980/980
f 798/798 797/797 980/980
f 1030/1030 952/952 745/745
f 1031/1031 1032/1032 1030/1030
f 1033/1033 1034/1034 1031/1031
f 1035/1035 1036/1036 1033/1033
f 1037/1037 1038/1038 1035/1035
f 980/980 797/797 935/935
f 1030/1030 1032/1032 952/952
f 1032/1032 954/954 952/952
f 1031/1031 1034/1034 1032/1032
f 1034/1034 1039/1039 1032/1032
f 1032/1032 1039/1039 954/954
f 1039/1039 956/956 954/954
f 1033/1033 1036/1036 1034/1034
f 1036/1036 1040/1040 1034/1034
f 1034/1034 1040/1040 1039/1039
f 1040/1040 1041/1041 1039/1039
f 1039/1039 1041/1041 956/956
f 1041/1041 958/958 956/956
f 1035/1035 1038/1038 1036/1036
f 1038/1038 1042/1042 1036/1036
f 1036/1036 1042/1042 1040/1040
f 1042/1042 1043/1043 1040/1040
f 1040/1040 1043/1043 1041/1041
f 1043/1043 1044/1044 1041/1041
f 1041/1041 1044/1044 958/958
f 1044/1044 966/966 958/958
f 1037/1037 1045/1045 1038/1038
f 1043/1043 1046/1046 1044/1044
f 1044/1044 1046/1046 966/966
f 1046/1046 964/964 966/966
f 1045/1045 1047/1047 1038/1038
f 1047/1047 1048/1048 1038/1038
f 1038/1038 1048/1048 1042/1042
f 1042/1042 1048/1048 1043/1043
f 17/17 18/18 871/871
f 970/970 969/969 974/974
f 912/912 970/970 974/974
f 981/981 972/972 982/982
f 973/973 972/972 981/981
f 844/844 843/843 848/848
f 1049/1049 844/844 848/848
f 842/842 832/832 846/846
f 743/743 1050/1050 757/757
f 1048/1048 1051/1051 1043/1043
f 1043/1043 1051/1051 1046/1046
f 1046/1046 1051/1051 964/964
f 1051/1051 965/965 964/964
f 780/780 1052/1052 1053/1053
f 779/779 1054/1054 780/780
f 694/694 953/953 774/774
f 696/696 953/953 694/694
f 780/780 1055/1055 1052/1052
f 1055/1055 1056/1056 1052/1052
f 780/780 1054/1054 1055/1055
f 1054/1054 1057/1057 1055/1055
f 1055/1055 1057/1057 1056/1056
f 1057/1057 1058/1058 1056/1056
f 779/779 1059/1059 1054/1054
f 1054/1054 1059/1059 1057/1057
f 1059/1059 946/946 1057/1057
f 1057/1057 946/946 1058/1058
f 946/946 1060/1060 1058/1058
f 774/774 953/953 779/779
f 953/953 1061/1061 779/779
f 779/779 1061/1061 1059/1059
f 1061/1061 946/946 1059/1059
f 797/797 807/807 935/935
f 946/946 948/948 1060/1060
f 933/933 932/932 927/927
f 932/932 1062/1062 927/927
f 927/927 1062/1062 925/925
f 1062/1062 1063/1063 925/925
f 925/925 1063/1063 725/725
f 1063/1063 724/724 725/725
f 931/931 1064/1064 932/932
f 1064/1064 1065/1065 932/932
f 932/932 1065/1065 1062/1062
f 1065/1065 1066/1066 1062/1062
f 1062/1062 1066/1066 1063/1063
f 1066/1066 1067/1067 1063/1063
f 1063/1063 1067/1067 724/724
f 1067/1067 719/719 724/724
f 931/931 1068/1068 1064/1064
f 1064/1064 1068/1068 1065/1065
f 1068/1068 1069/1069 1065/1065
f 1065/1065 1069/1069 1066/1066
f 1069/1069 1070/1070 1066/1066
f 1066/1066 1070/1070 1067/1067
f 1070/1070 1071/1071 1067/1067
f 1067/1067 1071/1071 719/719
f 1071/1071 710/710 719/719
f 1051/1051 1072/1072 965/965
f 1073/1073 1074/1074 1068/1068
f 1068/1068 1074/1074 1069/1069
f 1074/1074 1075/1075 1069/1069
f 1069/1069 1075/1075 1070/1070
f 1075/1075 1076/1076 1070/1070
f 1070/1070 1076/1076 1071/1071
f 1076/1076 1077/1077 1071/1071
f 1071/1071 1077/1077 710/710
f 1077/1077 711/711 710/710
f 773/773 1078/1078 777/777
f 767/767 1078/1078 773/773
f 765/765 1078/1078 767/767
f 777/777 1078/1078 730/730
f 1078/1078 731/731 730/730
f 765/765 753/753 1078/1078
f 753/753 799/799 1078/1078
f 1078/1078 799/799 731/731
f 799/799 776/776 731/731
f 755/755 799/799 753/753
f 799/799 798/798 776/776
f 1048/1048 1079/1079 1051/1051
f 1047/1047 1080/1080 1048/1048
f 1081/1081 981/981 983/983
f 1051/1051 1082/1082 1072/1072
f 1082/1082 1083/1083 1072/1072
f 1051/1051 1079/1079 1082/1082
f 1079/1079 1084/1084 1082/1082
f 1082/1082 1084/1084 1083/1083
f 1084/1084 1085/1085 1083/1083
f 973/973 981/981 1081/1081
f 1084/1084 1086/1086 1085/1085
f 1048/1048 1080/1080 1079/1079
f 1080/1080 1086/1086 1079/1079
f 1079/1079 1086/1086 1084/1084
f 660/660 973/973 1081/1081
f 1081/1081 983/983 1087/1087
f 661/661 1081/1081 1087/1087
f 906/906 970/970 912/912
f 721/721 975/975 722/722
f 846/846 844/844 1049/1049
f 743/743 722/722 1050/1050
f 722/722 977/977 1050/1050
f 722/722 975/975 977/977
f 912/912 974/974 678/678
f 1088/1088 168/168 169/169
f 1089/1089 168/168 1088/1088
f 1090/1090 989/989 872/872
f 1091/1091 989/989 1090/1090
f 1092/1092 1093/1093 1094/1094
f 1095/1095 1096/1096 1092/1092
f 1097/1097 1098/1098 1095/1095
f 1092/1092 1096/1096 1093/1093
f 1095/1095 1099/1099 1096/1096
f 1099/1099 1100/1100 1096/1096
f 1096/1096 1100/1100 1093/1093
f 1100/1100 633/633 1093/1093
f 1095/1095 1098/1098 1099/1099
f 1098/1098 1101/1101 1099/1099
f 1099/1099 1101/1101 1100/1100
f 1097/1097 1102/1102 1098/1098
f 1102/1102 1103/1103 1098/1098
f 1098/1098 1103/1103 1101/1101
f 1103/1103 1104/1104 1101/1101
f 1101/1101 1104/1104 1100/1100
f 1104/1104 633/633 1100/1100
f 1105/1105 1091/1091 1090/1090
f 1033/1033 1106/1106 1035/1035
f 1031/1031 1107/1107 1033/1033
f 1108/1108 1105/1105 1090/1090
f 1090/1090 872/872 1109/1109
f 1037/1037 1035/1035 1110/1110
f 1035/1035 1111/1111 1110/1110
f 1108/1108 1090/1090 1112/1112
f 1113/1113 872/872 875/875
f 1035/1035 1106/1106 1111/1111
f 1106/1106 1114/1114 1111/1111
f 1111/1111 1114/1114 1115/1115
f 1017/1017 1089/1089 1088/1088
f 1114/1114 976/976 1115/1115
f 1033/1033 1107/1107 1106/1106
f 1107/1107 1116/1116 1106/1106
f 1106/1106 1116/1116 1114/1114
f 1116/1116 1117/1117 1114/1114
f 1114/1114 1117/1117 976/976
f 1117/1117 977/977 976/976
f 1031/1031 1030/1030 1107/1107
f 760/760 1118/1118 1119/1119
f 1120/1120 1102/1102 1097/1097
f 1030/1030 1121/1121 1107/1107
f 1107/1107 1121/1121 1116/1116
f 787/787 786/786 804/804
f 745/745 952/952 696/696
f 1121/1121 1122/1122 1116/1116
f 1000/1000 1026/1026 998/998
f 1123/1123 1124/1124 856/856
f 1116/1116 1122/1122 1117/1117
f 1122/1122 1125/1125 1117/1117
f 671/671 944/944 943/943
f 943/943 1126/1126 960/960
f 960/960 1126/1126 827/827
f 1126/1126 847/847 827/827
f 882/882 663/663 662/662
f 662/662 660/660 659/659
f 944/944 1127/1127 943/943
f 1127/1127 1128/1128 943/943
f 943/943 1128/1128 1126/1126
f 1128/1128 1129/1129 1126/1126
f 1129/1129 1130/1130 1126/1126
f 1126/1126 1130/1130 847/847
f 1130/1130 848/848 847/847
f 814/814 813/813 672/672
f 659/659 661/661 821/821
f 813/813 1131/1131 672/672
f 822/822 821/821 1087/1087
f 1127/1127 1132/1132 1128/1128
f 1132/1132 1133/1133 1128/1128
f 1128/1128 1133/1133 1129/1129
f 1133/1133 1134/1134 1129/1129
f 1129/1129 1134/1134 1130/1130
f 1134/1134 1135/1135 1130/1130
f 1130/1130 1135/1135 848/848
f 1135/1135 1049/1049 848/848
f 1136/1136 1137/1137 940/940
f 1138/1138 1139/1139 1136/1136
f 1140/1140 1141/1141 1138/1138
f 1142/1142 1143/1143 1140/1140
f 1144/1144 1145/1145 1142/1142
f 1136/1136 1139/1139 1137/1137
f 1139/1139 1146/1146 1137/1137
f 1138/1138 1141/1141 1139/1139
f 1141/1141 1147/1147 1139/1139
f 1139/1139 1147/1147 1146/1146
f 1147/1147 1148/1148 1146/1146
f 1140/1140 1143/1143 1141/1141
f 1143/1143 1149/1149 1141/1141
f 1141/1141 1149/1149 1147/1147
f 1149/1149 1150/1150 1147/1147
f 1147/1147 1150/1150 1148/1148
f 1150/1150 1151/1151 1148/1148
f 1142/1142 1145/1145 1143/1143
f 1145/1145 1152/1152 1143/1143
f 1143/1143 1152/1152 1149/1149
f 1150/1150 1153/1153 1151/1151
f 1144/1144 1154/1154 1145/1145
f 1145/1145 1154/1154 1152/1152
f 1154/1154 1155/1155 1152/1152
f 1152/1152 1155/1155 1149/1149
f 1155/1155 1156/1156 1149/1149
f 1149/1149 1156/1156 1150/1150
f 1156/1156 1153/1153 1150/1150
f 1144/1144 1157/1157 1154/1154
f 1154/1154 1158/1158 1155/1155
f 1158/1158 1159/1159 1155/1155
f 1155/1155 1159/1159 1156/1156
f 1159/1159 1160/1160 1156/1156
f 1156/1156 1160/1160 1153/1153
f 1160/1160 692/692 1153/1153
f 1153/1153 692/692 1161/1161
f 692/692 698/698 1161/1161
f 672/672 1131/1131 945/945
f 1131/1131 1162/1162 945/945
f 1162/1162 1163/1163 945/945
f 983/983 822/822 1087/1087
f 945/945 1163/1163 1164/1164
f 1163/1163 879/879 1164/1164
f 845/845 822/822 983/983
f 812/812 892/892 813/813
f 837/837 845/845 1165/1165
f 1166/1166 837/837 1165/1165
f 892/892 1146/1146 813/813
f 1167/1167 837/837 1166/1166
f 813/813 1146/1146 1131/1131
f 1146/1146 1151/1151 1131/1131
f 840/840 837/837 1167/1167
f 1131/1131 1151/1151 1162/1162
f 1151/1151 1168/1168 1162/1162
f 1162/1162 1168/1168 1163/1163
f 1169/1169 840/840 1167/1167
f 845/845 983/983 1170/1170
f 1171/1171 845/845 1170/1170
f 1165/1165 845/845 1171/1171
f 1172/1172 1165/1165 1171/1171
f 1163/1163 1168/1168 879/879
f 891/891 1137/1137 892/892
f 1137/1137 1146/1146 892/892
f 1146/1146 1148/1148 1151/1151
f 1151/1151 1153/1153 1168/1168
f 1153/1153 1161/1161 1168/1168
f 1166/1166 1165/1165 1172/1172
f 1168/1168 1161/1161 879/879
f 1173/1173 1166/1166 1172/1172
f 1167/1167 1166/1166 1173/1173
f 1161/1161 698/698 879/879
f 1169/1169 1167/1167 1173/1173
f 1135/1135 1174/1174 1049/1049
f 1170/1170 983/983 982/982
f 1133/1133 1175/1175 1134/1134
f 1176/1176 1170/1170 982/982
f 1171/1171 1170/1170 1176/1176
f 1172/1172 1171/1171 1176/1176
f 1177/1177 1172/1172 1176/1176
f 1173/1173 1172/1172 1177/1177
f 1178/1178 1173/1173 1177/1177
f 1176/1176 982/982 972/972
f 971/971 1176/1176 972/972
f 1179/1179 1180/1180 1181/1181
f 1182/1182 868/868 1179/1179
f 1123/1123 1183/1183 1124/1124
f 1183/1183 1184/1184 1124/1124
f 1183/1183 1185/1185 1184/1184
f 1181/1181 1180/1180 1183/1183
f 1180/1180 1185/1185 1183/1183
f 1185/1185 1186/1186 1184/1184
f 1179/1179 868/868 1180/1180
f 1185/1185 861/861 1186/1186
f 861/861 1187/1187 1186/1186
f 868/868 866/866 1180/1180
f 866/866 863/863 1180/1180
f 1180/1180 863/863 1185/1185
f 863/863 861/861 1185/1185
f 861/861 859/859 1187/1187
f 859/859 852/852 1187/1187
f 877/877 1188/1188 876/876
f 874/874 1188/1188 877/877
f 873/873 1189/1189 874/874
f 857/857 1124/1124 873/873
f 856/856 1124/1124 857/857
f 876/876 1188/1188 1190/1190
f 1188/1188 1191/1191 1190/1190
f 874/874 1189/1189 1188/1188
f 873/873 1124/1124 1189/1189
f 1124/1124 1192/1192 1189/1189
f 1192/1192 1193/1193 1189/1189
f 1189/1189 1193/1193 1188/1188
f 1193/1193 1194/1194 1188/1188
f 1188/1188 1194/1194 1191/1191
f 1194/1194 1195/1195 1191/1191
f 1124/1124 1184/1184 1192/1192
f 1194/1194 854/854 1195/1195
f 1184/1184 1186/1186 1192/1192
f 1192/1192 1186/1186 1193/1193
f 1186/1186 1187/1187 1193/1193
f 1193/1193 1187/1187 1194/1194
f 1187/1187 852/852 1194/1194
f 1194/1194 852/852 854/854
f 1196/1196 1176/1176 971/971
f 1177/1177 1176/1176 1196/1196
f 1178/1178 1177/1177 1196/1196
f 1196/1196 971/971 810/810
f 809/809 1196/1196 810/810
f 1169/1169 1173/1173 1178/1178
f 1178/1178 1196/1196 809/809
f 690/690 1159/1159 1158/1158
f 1157/1157 1158/1158 1154/1154
f 1197/1197 1198/1198 806/806
f 1199/1199 699/699 701/701
f 1200/1200 1201/1201 720/720
f 706/706 699/699 1199/1199
f 618/618 704/704 623/623
f 1074/1074 706/706 1199/1199
f 1202/1202 706/706 1074/1074
f 1199/1199 701/701 1203/1203
f 720/720 1201/1201 721/721
f 755/755 1197/1197 805/805
f 1204/1204 1205/1205 921/921
f 1206/1206 1197/1197 806/806
f 1205/1205 919/919 921/921
f 805/805 1197/1197 1206/1206
f 805/805 1206/1206 806/806
f 664/664 667/667 1207/1207
f 667/667 669/669 1207/1207
f 623/623 705/705 1208/1208
f 1209/1209 752/752 751/751
f 1210/1210 702/702 919/919
f 1211/1211 752/752 1209/1209
f 1205/1205 1210/1210 919/919
f 1089/1089 680/680 168/168
f 512/512 623/623 1208/1208
f 1212/1212 1199/1199 1203/1203
f 168/168 680/680 54/54
f 680/680 915/915 54/54
f 512/512 1208/1208 513/513
f 1120/1120 1211/1211 1209/1209
f 1074/1074 1199/1199 1212/1212
f 1209/1209 751/751 750/750
f 54/54 915/915 52/52
f 1213/1213 1203/1203 1214/1214
f 997/997 1215/1215 995/995
f 17/17 1215/1215 997/997
f 1212/1212 1203/1203 1213/1213
f 1216/1216 1209/1209 750/750
f 1217/1217 1212/1212 1213/1213
f 1075/1075 1212/1212 1217/1217
f 568/568 746/746 570/570
f 1213/1213 1214/1214 1218/1218
f 1219/1219 1213/1213 1218/1218
f 1217/1217 1213/1213 1219/1219
f 1076/1076 1217/1217 1219/1219
f 1219/1219 1218/1218 1220/1220
f 1077/1077 1219/1219 1220/1220
f 1117/1117 1125/1125 977/977
f 665/665 905/905 657/657
f 1125/1125 1050/1050 977/977
f 1221/1221 840/840 1169/1169
f 1222/1222 1119/1119 1223/1223
f 1119/1119 1224/1224 1223/1223
f 760/760 1119/1119 1222/1222
f 665/665 664/664 1225/1225
f 1221/1221 841/841 840/840
f 1216/1216 603/603 634/634
f 1226/1226 1216/1216 634/634
f 1209/1209 1216/1216 1226/1226
f 1102/1102 1209/1209 1226/1226
f 1226/1226 634/634 1104/1104
f 990/990 870/870 872/872
f 1103/1103 1226/1226 1104/1104
f 681/681 1089/1089 1017/1017
f 101/101 1118/1118 97/97
f 97/97 1118/1118 99/99
f 1118/1118 760/760 99/99
f 732/732 746/746 568/568
f 678/678 973/973 660/660
f 745/745 963/963 1030/1030
f 660/660 1081/1081 661/661
f 661/661 1087/1087 821/821
f 697/697 692/692 691/691
f 1030/1030 963/963 1121/1121
f 1227/1227 169/169 171/171
f 963/963 962/962 1121/1121
f 962/962 961/961 1121/1121
f 1088/1088 169/169 1227/1227
f 1015/1015 1088/1088 1227/1227
f 692/692 1160/1160 690/690
f 690/690 1158/1158 689/689
f 849/849 1157/1157 850/850
f 760/760 1228/1228 616/616
f 1228/1228 636/636 616/616
f 948/948 950/950 1060/1060
f 953/953 955/955 1061/1061
f 955/955 957/957 1061/1061
f 1061/1061 957/957 946/946
f 957/957 947/947 946/946
f 1222/1222 1228/1228 760/760
f 1222/1222 1229/1229 1228/1228
f 1073/1073 1202/1202 1074/1074
f 1074/1074 1212/1212 1075/1075
f 581/581 750/750 579/579
f 1216/1216 750/750 581/581
f 1075/1075 1217/1217 1076/1076
f 1076/1076 1219/1219 1077/1077
f 1077/1077 1220/1220 711/711
f 1230/1230 876/876 1190/1190
f 1108/1108 1112/1112 1231/1231
f 1231/1231 1109/1109 1230/1230
f 1109/1109 1113/1113 1230/1230
f 936/936 757/757 1050/1050
f 1230/1230 1113/1113 876/876
f 1113/1113 875/875 876/876
f 603/603 1216/1216 581/581
f 929/929 800/800 794/794
f 1017/1017 1088/1088 1015/1015
f 732/732 747/747 746/746
f 681/681 680/680 1089/1089
f 1232/1232 1105/1105 1108/1108
f 1182/1182 1233/1233 992/992
f 1234/1234 833/833 842/842
f 894/894 1008/1008 895/895
f 940/940 1137/1137 891/891
f 1235/1235 1224/1224 1119/1119
f 1182/1182 992/992 868/868
f 1160/1160 1159/1159 690/690
f 1121/1121 961/961 1122/1122
f 1120/1120 1209/1209 1102/1102
f 1122/1122 961/961 1125/1125
f 961/961 936/936 1125/1125
f 1125/1125 936/936 1050/1050
f 1109/1109 872/872 1113/1113
f 1118/1118 101/101 1119/1119
f 101/101 100/100 1119/1119
f 1102/1102 1226/1226 1103/1103
f 100/100 1235/1235 1119/1119
f 681/681 1017/1017 1014/1014
f 1231/1231 1112/1112 1109/1109
f 1112/1112 1090/1090 1109/1109
f 633/633 1104/1104 624/624
f 1104/1104 634/634 624/624
f 1236/1236 449/449 336/336
f 1237/1237 449/449 1236/1236
f 1238/1238 1237/1237 1236/1236
f 1239/1239 1237/1237 1238/1238
f 1240/1240 1239/1239 1238/1238
f 1241/1241 1239/1239 1240/1240
f 1242/1242 1241/1241 1240/1240
f 1236/1236 336/336 335/335
f 1243/1243 1236/1236 1244/1244
f 1238/1238 1236/1236 1243/1243
f 1245/1245 1238/1238 1243/1243
f 1240/1240 1238/1238 1245/1245
f 1236/1236 335/335 630/630
f 1244/1244 1236/1236 630/630
f 638/638 1245/1245 1243/1243
f 1243/1243 1244/1244 630/630
f 1242/1242 1240/1240 1245/1245
f 638/638 1243/1243 630/630
f 1246/1246 1247/1247 1248/1248
f 1246/1246 1249/1249 1247/1247
f 1250/1250 1251/1251 1246/1246
f 1250/1250 1252/1252 1251/1251
f 1246/1246 1251/1251 1249/1249
f 1250/1250 1253/1253 1252/1252
f 1252/1252 1254/1254 1255/1255
f 1256/1256 1251/1251 1255/1255
f 1257/1257 1258/1258 1259/1259
f 1260/1260 1261/1261 1262/1262
f 1263/1263 1264/1264 1265/1265
f 1266/1266 1267/1267 1260/1260
f 1268/1268 1269/1269 1267/1267
f 1264/1264 1270/1270 1265/1265
f 1270/1270 1271/1271 1265/1265
f 1265/1265 1271/1271 1272/1272
f 1272/1272 1271/1271 1273/1273
f 1274/1274 1275/1275 1276/1276
f 1263/1263 1265/1265 1274/1274
f 1277/1277 1278/1278 1279/1279
f 1273/1273 1271/1271 1280/1280
f 1271/1271 854/854 1280/1280
f 853/853 1280/1280 854/854
f 1281/1281 1282/1282 853/853
f 853/853 1282/1282 1280/1280
f 1282/1282 1273/1273 1280/1280
f 1262/1262 1283/1283 1260/1260
f 1254/1254 1256/1256 1255/1255
f 1284/1284 1253/1253 1250/1250
f 1253/1253 1254/1254 1252/1252
f 1256/1256 1249/1249 1251/1251
f 1249/1249 1248/1248 1247/1247
f 1282/1282 1281/1281 1273/1273
f 1281/1281 1285/1285 1273/1273
f 1281/1281 1286/1286 1285/1285
f 1287/1287 1288/1288 1281/1281
f 1281/1281 1288/1288 1286/1286
f 1289/1289 1290/1290 1287/1287
f 1287/1287 1290/1290 1288/1288
f 1252/1252 1255/1255 1251/1251
f 1286/1286 1288/1288 1291/1291
f 1288/1288 1292/1292 1291/1291
f 1287/1287 1293/1293 1289/1289
f 993/993 1293/1293 1287/1287
f 878/878 993/993 1287/1287
f 1294/1294 1241/1241 1242/1242
f 878/878 1287/1287 1281/1281
f 860/860 878/878 1281/1281
f 860/860 1281/1281 853/853
f 1267/1267 1295/1295 1268/1268
f 1266/1266 1295/1295 1267/1267
f 1277/1277 1279/1279 1296/1296
f 1277/1277 1296/1296 1297/1297
f 639/639 631/631 1298/1298
f 1299/1299 639/639 1298/1298
f 1300/1300 639/639 1299/1299
f 637/637 639/639 1300/1300
f 638/638 637/637 1300/1300
f 1299/1299 1298/1298 1301/1301
f 1300/1300 1299/1299 1301/1301
f 1300/1300 1301/1301 1302/1302
f 1303/1303 1300/1300 1302/1302
f 1245/1245 1300/1300 1303/1303
f 1303/1303 1302/1302 1304/1304
f 1242/1242 1303/1303 1304/1304
f 1305/1305 1264/1264 1263/1263
f 638/638 1300/1300 1245/1245
f 1245/1245 1303/1303 1242/1242
f 1242/1242 1304/1304 1294/1294
f 1266/1266 1260/1260 1283/1283
f 1306/1306 1272/1272 1273/1273
f 1275/1275 1272/1272 1306/1306
f 1265/1265 1272/1272 1275/1275
f 1274/1274 1265/1265 1275/1275
f 1306/1306 1273/1273 1285/1285
f 1286/1286 1306/1306 1285/1285
f 1275/1275 1306/1306 1286/1286
f 1276/1276 1275/1275 1286/1286
f 1276/1276 1286/1286 1291/1291
f 1307/1307 1308/1308 1278/1278
f 1279/1279 1278/1278 1309/1309
f 1310/1310 1311/1311 1312/1312
f 1313/1313 1314/1314 1315/1315
f 1316/1316 1317/1317 1314/1314
f 1318/1318 1319/1319 1320/1320
f 1321/1321 1322/1322 1323/1323
f 1321/1321 1323/1323 1257/1257
f 1324/1324 1325/1325 1326/1326
f 1327/1327 1328/1328 1329/1329
f 1330/1330 1331/1331 1332/1332
f 1333/1333 1327/1327 1329/1329
f 1334/1334 1335/1335 1336/1336
f 1337/1337 1338/1338 1334/1334
f 1015/1015 1227/1227 1337/1337
f 1339/1339 234/234 313/313
f 1336/1336 1335/1335 234/234
f 1335/1335 235/235 234/234
f 1334/1334 1338/1338 1335/1335
f 1338/1338 173/173 1335/1335
f 1335/1335 173/173 235/235
f 1337/1337 1227/1227 1338/1338
f 1227/1227 171/171 1338/1338
f 1338/1338 171/171 173/173
f 1340/1340 1341/1341 1342/1342
f 1343/1343 1344/1344 1340/1340
f 1345/1345 1344/1344 1343/1343
f 1346/1346 1347/1347 1345/1345
f 1348/1348 1347/1347 1346/1346
f 1340/1340 1344/1344 1341/1341
f 1344/1344 1349/1349 1341/1341
f 1341/1341 1349/1349 1350/1350
f 1349/1349 1351/1351 1350/1350
f 1345/1345 1347/1347 1344/1344
f 1347/1347 1352/1352 1344/1344
f 1344/1344 1352/1352 1349/1349
f 1349/1349 1352/1352 1351/1351
f 1352/1352 1353/1353 1351/1351
f 1351/1351 1353/1353 1354/1354
f 1348/1348 1355/1355 1347/1347
f 1347/1347 1355/1355 1352/1352
f 1355/1355 1356/1356 1352/1352
f 1352/1352 1356/1356 1353/1353
f 1357/1357 1358/1358 1359/1359
f 1360/1360 1361/1361 1357/1357
f 1359/1359 1362/1362 1340/1340
f 1362/1362 1343/1343 1340/1340
f 1359/1359 1358/1358 1362/1362
f 1358/1358 1345/1345 1362/1362
f 1362/1362 1345/1345 1343/1343
f 1357/1357 1361/1361 1358/1358
f 1363/1363 1364/1364 1365/1365
f 1365/1365 1364/1364 1366/1366
f 1367/1367 1368/1368 1369/1369
f 1368/1368 1370/1370 1369/1369
f 1369/1369 1370/1370 1371/1371
f 1370/1370 1372/1372 1371/1371
f 1371/1371 1372/1372 1373/1373
f 1372/1372 1374/1374 1373/1373
f 1373/1373 1374/1374 1363/1363
f 1374/1374 1375/1375 1363/1363
f 1363/1363 1375/1375 1364/1364
f 1375/1375 1376/1376 1364/1364
f 1339/1339 313/313 1342/1342
f 1336/1336 234/234 1339/1339
f 1373/1373 1363/1363 1365/1365
f 1371/1371 1373/1373 1365/1365
f 258/258 298/298 183/183
f 298/298 1377/1377 183/183
f 1377/1377 1378/1378 183/183
f 1369/1369 1371/1371 1379/1379
f 1380/1380 1369/1369 1379/1379
f 1365/1365 1366/1366 1381/1381
f 1201/1201 1365/1365 1381/1381
f 1382/1382 1383/1383 1384/1384
f 1385/1385 1386/1386 1382/1382
f 1382/1382 1386/1386 1383/1383
f 1386/1386 1387/1387 1383/1383
f 992/992 1233/1233 1385/1385
f 1385/1385 1233/1233 1386/1386
f 1386/1386 1233/1233 1387/1387
f 1233/1233 1388/1388 1387/1387
f 1233/1233 1389/1389 1388/1388
f 1390/1390 1391/1391 1392/1392
f 1393/1393 1394/1394 1390/1390
f 1395/1395 1396/1396 1393/1393
f 1390/1390 1394/1394 1391/1391
f 1394/1394 1397/1397 1391/1391
f 1394/1394 1398/1398 1397/1397
f 1398/1398 1399/1399 1397/1397
f 1399/1399 1400/1400 1397/1397
f 1394/1394 1401/1401 1398/1398
f 1401/1401 1399/1399 1398/1398
f 1399/1399 880/880 1400/1400
f 1393/1393 1396/1396 1394/1394
f 1394/1394 1396/1396 1401/1401
f 1396/1396 1402/1402 1401/1401
f 1401/1401 1402/1402 1399/1399
f 1399/1399 879/879 880/880
f 1402/1402 1164/1164 1399/1399
f 1164/1164 879/879 1399/1399
f 1403/1403 1404/1404 1405/1405
f 1403/1403 1406/1406 1404/1404
f 1404/1404 1406/1406 1407/1407
f 1403/1403 1408/1408 1406/1406
f 1406/1406 1409/1409 1407/1407
f 1207/1207 1408/1408 1403/1403
f 1408/1408 1410/1410 1406/1406
f 1406/1406 1410/1410 1409/1409
f 1410/1410 1411/1411 1409/1409
f 1207/1207 1412/1412 1408/1408
f 1408/1408 1412/1412 1410/1410
f 1412/1412 1413/1413 1410/1410
f 1413/1413 1414/1414 1410/1410
f 1410/1410 1414/1414 1411/1411
f 1207/1207 669/669 1412/1412
f 669/669 670/670 1412/1412
f 1412/1412 670/670 1413/1413
f 1414/1414 1415/1415 1411/1411
f 1416/1416 1396/1396 1395/1395
f 673/673 1417/1417 1416/1416
f 1416/1416 1417/1417 1396/1396
f 1417/1417 1402/1402 1396/1396
f 673/673 945/945 1417/1417
f 1417/1417 945/945 1402/1402
f 945/945 1164/1164 1402/1402
f 1418/1418 1419/1419 1225/1225
f 1420/1420 1421/1421 1418/1418
f 1418/1418 1421/1421 1419/1419
f 1422/1422 1423/1423 1174/1174
f 1200/1200 1365/1365 1201/1201
f 1424/1424 1423/1423 1422/1422
f 1423/1423 1424/1424 1425/1425
f 1132/1132 1175/1175 1133/1133
f 1134/1134 1422/1422 1135/1135
f 1135/1135 1422/1422 1174/1174
f 1132/1132 1426/1426 1175/1175
f 1175/1175 1422/1422 1134/1134
f 1427/1427 1428/1428 1426/1426
f 1426/1426 1428/1428 1175/1175
f 1428/1428 1429/1429 1175/1175
f 1175/1175 1429/1429 1422/1422
f 1427/1427 1430/1430 1428/1428
f 1430/1430 1431/1431 1428/1428
f 1428/1428 1431/1431 1429/1429
f 1431/1431 1432/1432 1429/1429
f 1429/1429 1432/1432 1422/1422
f 1432/1432 1424/1424 1422/1422
f 1371/1371 1365/1365 1200/1200
f 1379/1379 1371/1371 1200/1200
f 1201/1201 1381/1381 721/721
f 1379/1379 1200/1200 720/720
f 756/756 1379/1379 720/720
f 1367/1367 1369/1369 1380/1380
f 1380/1380 1379/1379 1433/1433
f 1433/1433 1379/1379 756/756
f 1434/1434 1435/1435 1436/1436
f 1437/1437 1434/1434 1436/1436
f 1438/1438 1434/1434 1437/1437
f 1439/1439 1438/1438 1437/1437
f 1440/1440 1438/1438 1439/1439
f 1441/1441 1440/1440 1439/1439
f 1442/1442 1440/1440 1441/1441
f 1443/1443 1442/1442 1441/1441
f 1444/1444 1442/1442 1443/1443
f 1445/1445 1444/1444 1443/1443
f 1446/1446 1444/1444 1445/1445
f 930/930 1446/1446 1445/1445
f 1437/1437 1436/1436 1447/1447
f 1448/1448 1437/1437 1447/1447
f 1439/1439 1437/1437 1448/1448
f 1449/1449 1450/1450 1451/1451
f 1452/1452 1453/1453 1454/1454
f 1449/1449 1455/1455 1450/1450
f 1455/1455 1456/1456 1450/1450
f 1455/1455 227/227 1456/1456
f 1454/1454 1453/1453 1455/1455
f 1453/1453 300/300 1455/1455
f 1455/1455 300/300 227/227
f 1441/1441 1439/1439 1448/1448
f 1452/1452 1457/1457 1453/1453
f 1458/1458 1459/1459 1457/1457
f 1457/1457 1459/1459 1453/1453
f 1453/1453 1459/1459 300/300
f 1459/1459 305/305 300/300
f 1460/1460 1443/1443 1441/1441
f 1445/1445 1443/1443 1460/1460
f 988/988 1445/1445 1460/1460
f 1448/1448 1447/1447 1461/1461
f 1459/1459 307/307 305/305
f 1441/1441 1448/1448 1462/1462
f 1463/1463 1441/1441 1462/1462
f 1460/1460 1441/1441 1463/1463
f 1448/1448 1461/1461 1464/1464
f 1465/1465 1448/1448 1464/1464
f 1459/1459 1466/1466 307/307
f 307/307 1466/1466 308/308
f 308/308 1466/1466 309/309
f 1466/1466 1467/1467 309/309
f 1459/1459 1468/1468 1466/1466
f 1468/1468 1469/1469 1466/1466
f 1466/1466 1469/1469 1467/1467
f 1459/1459 1458/1458 1468/1468
f 1468/1468 1470/1470 1469/1469
f 1471/1471 1472/1472 1458/1458
f 1458/1458 1472/1472 1468/1468
f 1468/1468 1472/1472 1470/1470
f 1472/1472 1473/1473 1470/1470
f 1473/1473 1474/1474 1470/1470
f 1475/1475 1470/1470 1474/1474
f 1476/1476 1477/1477 1478/1478
f 1475/1475 1479/1479 1470/1470
f 1479/1479 1469/1469 1470/1470
f 1480/1480 1481/1481 1479/1479
f 1479/1479 1481/1481 1469/1469
f 1481/1481 1467/1467 1469/1469
f 1480/1480 1482/1482 1481/1481
f 1482/1482 1467/1467 1481/1481
f 1478/1478 1483/1483 1480/1480
f 1483/1483 1482/1482 1480/1480
f 1482/1482 243/243 1467/1467
f 243/243 270/270 1467/1467
f 1467/1467 270/270 309/309
f 1462/1462 1448/1448 1465/1465
f 1478/1478 1477/1477 1483/1483
f 1477/1477 1484/1484 1483/1483
f 1483/1483 1484/1484 1482/1482
f 1484/1484 246/246 1482/1482
f 1482/1482 246/246 243/243
f 1463/1463 1462/1462 1465/1465
f 1485/1485 1463/1463 1465/1465
f 1476/1476 1486/1486 1477/1477
f 1486/1486 1487/1487 1477/1477
f 1477/1477 1487/1487 1484/1484
f 1487/1487 272/272 1484/1484
f 1484/1484 272/272 246/246
f 1293/1293 1488/1488 1289/1289
f 1385/1385 993/993 992/992
f 1385/1385 1293/1293 993/993
f 1382/1382 1293/1293 1385/1385
f 1384/1384 1489/1489 1382/1382
f 1382/1382 1489/1489 1293/1293
f 1489/1489 1488/1488 1293/1293
f 1490/1490 1465/1465 1464/1464
f 1490/1490 1464/1464 1491/1491
f 930/930 1445/1445 988/988
f 1012/1012 1492/1492 1011/1011
f 1492/1492 1493/1493 1011/1011
f 1013/1013 1494/1494 1012/1012
f 1012/1012 1494/1494 1492/1492
f 1494/1494 1495/1495 1492/1492
f 1492/1492 1495/1495 1493/1493
f 1495/1495 1341/1341 1493/1493
f 1015/1015 1337/1337 1016/1016
f 1016/1016 1337/1337 1013/1013
f 1337/1337 1334/1334 1013/1013
f 1013/1013 1334/1334 1494/1494
f 1334/1334 1336/1336 1494/1494
f 1494/1494 1336/1336 1495/1495
f 1336/1336 1339/1339 1495/1495
f 1495/1495 1339/1339 1341/1341
f 1339/1339 1342/1342 1341/1341
f 1460/1460 1463/1463 1485/1485
f 1485/1485 1465/1465 1490/1490
f 1496/1496 707/707 706/706
f 1202/1202 1496/1496 706/706
f 1073/1073 1496/1496 1202/1202
f 1111/1111 1115/1115 1497/1497
f 1110/1110 1111/1111 1497/1497
f 1110/1110 1497/1497 1498/1498
f 1499/1499 1110/1110 1498/1498
f 1037/1037 1110/1110 1499/1499
f 1500/1500 1501/1501 1080/1080
f 1045/1045 1500/1500 1080/1080
f 1358/1358 1361/1361 1345/1345
f 1361/1361 1346/1346 1345/1345
f 1360/1360 1348/1348 1361/1361
f 1361/1361 1348/1348 1346/1346
f 1360/1360 1502/1502 1348/1348
f 1502/1502 1355/1355 1348/1348
f 1418/1418 1503/1503 1504/1504
f 1225/1225 1505/1505 1418/1418
f 1418/1418 1506/1506 1503/1503
f 1418/1418 1505/1505 1506/1506
f 1505/1505 1405/1405 1506/1506
f 1225/1225 1403/1403 1505/1505
f 1505/1505 1403/1403 1405/1405
f 1225/1225 664/664 1403/1403
f 664/664 1207/1207 1403/1403
f 1507/1507 885/885 888/888
f 1508/1508 676/676 1507/1507
f 1507/1507 676/676 885/885
f 1508/1508 1509/1509 676/676
f 1504/1504 1420/1420 1418/1418
f 1509/1509 1413/1413 676/676
f 1471/1471 1458/1458 1457/1457
f 1499/1499 1500/1500 1045/1045
f 1510/1510 1496/1496 1073/1073
f 929/929 1446/1446 930/930
f 1413/1413 670/670 676/676
f 1414/1414 1413/1413 1509/1509
f 1511/1511 1368/1368 1367/1367
f 1415/1415 1414/1414 1509/1509
f 1512/1512 1513/1513 1514/1514
f 1395/1395 1427/1427 1416/1416
f 1376/1376 1515/1515 1364/1364
f 1510/1510 1516/1516 1496/1496
f 1510/1510 1073/1073 1517/1517
f 1330/1330 1332/1332 1518/1518
f 1259/1259 1519/1519 1257/1257
f 1520/1520 1521/1521 1522/1522
f 1419/1419 1523/1523 1225/1225
f 1419/1419 1524/1524 1523/1523
f 1514/1514 1513/1513 1525/1525
f 1525/1525 1425/1425 1424/1424
f 1513/1513 1425/1425 1525/1525
f 1416/1416 1526/1526 673/673
f 673/673 1526/1526 944/944
f 1526/1526 1127/1127 944/944
f 1416/1416 1427/1427 1526/1526
f 1427/1427 1426/1426 1526/1526
f 1526/1526 1426/1426 1127/1127
f 1426/1426 1132/1132 1127/1127
f 1493/1493 1527/1527 1011/1011
f 1341/1341 1350/1350 1493/1493
f 1011/1011 1527/1527 1002/1002
f 1527/1527 1528/1528 1002/1002
f 1002/1002 1528/1528 1004/1004
f 1528/1528 1529/1529 1004/1004
f 1004/1004 1529/1529 1005/1005
f 1493/1493 1530/1530 1527/1527
f 1527/1527 1531/1531 1528/1528
f 1528/1528 1531/1531 1529/1529
f 1493/1493 1350/1350 1530/1530
f 1527/1527 1530/1530 1531/1531
f 1530/1530 1354/1354 1531/1531
f 1278/1278 1308/1308 1532/1532
f 1531/1531 1354/1354 1529/1529
f 1354/1354 1353/1353 1529/1529
f 1309/1309 1278/1278 1532/1532
f 1522/1522 1279/1279 1309/1309
f 1529/1529 1353/1353 1005/1005
f 1350/1350 1351/1351 1530/1530
f 1351/1351 1354/1354 1530/1530
f 1353/1353 1356/1356 1005/1005
f 1533/1533 1534/1534 1535/1535
f 1535/1535 1501/1501 1533/1533
f 1364/1364 1536/1536 1366/1366
f 721/721 1381/1381 975/975
f 1381/1381 1537/1537 975/975
f 1537/1537 1115/1115 975/975
f 975/975 1115/1115 976/976
f 1366/1366 1538/1538 1381/1381
f 1381/1381 1538/1538 1537/1537
f 1538/1538 1539/1539 1537/1537
f 1537/1537 1539/1539 1115/1115
f 1539/1539 1497/1497 1115/1115
f 1366/1366 1536/1536 1538/1538
f 1536/1536 1540/1540 1538/1538
f 1538/1538 1540/1540 1539/1539
f 1540/1540 1498/1498 1539/1539
f 1539/1539 1498/1498 1497/1497
f 1313/1313 1316/1316 1314/1314
f 1364/1364 1515/1515 1536/1536
f 1515/1515 1541/1541 1536/1536
f 1536/1536 1541/1541 1540/1540
f 1541/1541 1542/1542 1540/1540
f 1318/1318 1313/1313 1315/1315
f 1318/1318 1315/1315 1319/1319
f 1257/1257 1323/1323 1258/1258
f 1332/1332 1331/1331 1333/1333
f 1329/1329 1332/1332 1333/1333
f 1316/1316 1313/1313 1543/1543
f 1317/1317 1544/1544 1314/1314
f 1545/1545 1546/1546 1547/1547
f 1540/1540 1542/1542 1498/1498
f 1542/1542 1548/1548 1498/1498
f 1548/1548 1499/1499 1498/1498
f 1499/1499 1045/1045 1037/1037
f 707/707 1549/1549 708/708
f 707/707 1516/1516 1549/1549
f 1496/1496 1516/1516 707/707
f 1517/1517 1068/1068 931/931
f 1517/1517 1073/1073 1068/1068
f 1501/1501 1535/1535 1085/1085
f 1086/1086 1501/1501 1085/1085
f 1080/1080 1501/1501 1086/1086
f 1045/1045 1080/1080 1047/1047
f 987/987 988/988 1460/1460
f 987/987 1460/1460 1485/1485
f 1550/1550 987/987 1485/1485
f 985/985 987/987 1550/1550
f 984/984 985/985 1550/1550
f 1550/1550 1485/1485 1490/1490
f 1517/1517 1550/1550 1490/1490
f 984/984 1550/1550 1517/1517
f 931/931 984/984 1517/1517
f 1517/1517 1490/1490 1491/1491
f 1517/1517 1491/1491 1510/1510
f 1284/1284 1551/1551 1552/1552
f 1553/1553 1554/1554 1555/1555
f 1556/1556 1279/1279 1522/1522
f 1557/1557 1558/1558 1559/1559
f 1558/1558 1557/1557 1560/1560
f 1561/1561 497/497 1562/1562
f 1563/1563 1564/1564 1565/1565
f 1566/1566 1567/1567 1568/1568
f 1569/1569 1570/1570 1571/1571
f 497/497 1572/1572 1562/1562
f 1562/1562 1573/1573 1561/1561
f 1551/1551 1284/1284 1250/1250
f 1551/1551 1250/1250 1246/1246
f 1574/1574 1575/1575 1576/1576
f 1575/1575 1577/1577 1578/1578
f 1579/1579 1580/1580 1581/1581
f 1582/1582 1579/1579 1583/1583
f 1584/1584 1585/1585 1582/1582
f 1586/1586 1580/1580 1582/1582
f 1582/1582 1587/1587 1588/1588
f 1589/1589 1590/1590 1591/1591
f 1590/1590 1592/1592 1554/1554
f 1555/1555 1593/1593 1553/1553
f 1585/1585 1594/1594 1582/1582
f 1594/1594 1587/1587 1582/1582
f 1583/1583 1595/1595 1596/1596
f 1588/1588 1586/1586 1582/1582
f 1597/1597 1578/1578 1577/1577
f 1598/1598 1597/1597 1577/1577
f 1553/1553 1593/1593 1599/1599
f 1568/1568 1567/1567 1600/1600
f 1601/1601 1602/1602 1603/1603
f 1604/1604 1605/1605 1606/1606
f 1596/1596 1595/1595 1607/1607
f 1582/1582 1596/1596 1608/1608
f 1576/1576 1609/1609 1610/1610
f 1295/1295 1611/1611 1612/1612
f 1613/1613 1614/1614 1615/1615
f 1613/1613 1616/1616 1614/1614
f 1617/1617 1618/1618 1619/1619
f 1620/1620 1621/1621 1622/1622
f 1623/1623 1624/1624 1620/1620
f 1625/1625 1626/1626 1627/1627
f 1615/1615 1266/1266 1613/1613
f 1615/1615 1611/1611 1266/1266
f 1628/1628 1629/1629 1630/1630
f 1628/1628 1630/1630 1631/1631
f 1632/1632 1633/1633 1628/1628
f 1576/1576 1610/1610 1574/1574
f 1633/1633 1634/1634 1635/1635
f 1551/1551 1636/1636 1637/1637
f 1635/1635 1634/1634 1638/1638
f 1633/1633 1632/1632 1634/1634
f 1639/1639 1640/1640 1622/1622
f 1641/1641 1642/1642 1643/1643
f 1644/1644 1645/1645 1646/1646
f 1646/1646 1647/1647 1644/1644
f 1648/1648 1647/1647 1646/1646
f 1604/1604 1646/1646 1649/1649
f 1650/1650 1565/1565 1564/1564
f 1571/1571 1651/1651 1652/1652
f 1568/1568 1653/1653 1654/1654
f 1641/1641 1643/1643 1655/1655
f 1642/1642 1618/1618 1617/1617
f 1656/1656 1647/1647 1648/1648
f 1657/1657 1557/1557 1559/1559
f 1641/1641 1618/1618 1642/1642
f 1658/1658 1659/1659 1660/1660
f 1661/1661 1639/1639 1662/1662
f 1639/1639 1622/1622 1662/1662
f 1660/1660 1659/1659 1661/1661
f 1604/1604 1606/1606 1663/1663
f 1570/1570 1651/1651 1571/1571
f 1626/1626 1658/1658 1660/1660
f 1623/1623 1640/1640 1655/1655
f 1601/1601 1603/1603 1652/1652
f 1623/1623 1655/1655 1643/1643
f 1553/1553 1591/1591 1554/1554
f 1591/1591 1590/1590 1554/1554
f 1599/1599 1591/1591 1553/1553
f 1582/1582 1580/1580 1579/1579
f 1596/1596 1582/1582 1583/1583
f 1576/1576 1575/1575 1578/1578
f 1636/1636 1551/1551 1246/1246
f 1652/1652 1650/1650 1601/1601
f 1617/1617 1643/1643 1642/1642
f 1266/1266 1283/1283 1613/1613
f 1629/1629 1664/1664 1630/1630
f 1635/1635 1629/1629 1628/1628
f 1611/1611 1295/1295 1266/1266
f 1572/1572 507/507 1665/1665
f 488/488 507/507 1572/1572
f 497/497 488/488 1572/1572
f 1628/1628 1631/1631 1666/1666
f 1633/1633 1635/1635 1628/1628
f 1644/1644 1667/1667 1645/1645
f 1646/1646 1668/1668 1649/1649
f 1648/1648 1646/1646 1604/1604
f 1563/1563 1565/1565 1669/1669
f 1652/1652 1565/1565 1650/1650
f 1670/1670 479/479 1671/1671
f 499/499 1672/1672 1673/1673
f 479/479 478/478 1671/1671
f 1673/1673 472/472 499/499
f 479/479 1672/1672 499/499
f 1674/1674 1675/1675 1676/1676
f 1677/1677 1678/1678 1679/1679
f 1680/1680 1681/1681 1682/1682
f 1683/1683 1684/1684 1685/1685
f 1685/1685 1686/1686 1687/1687
f 1688/1688 1689/1689 1690/1690
f 1691/1691 1674/1674 1676/1676
f 1692/1692 1693/1693 1694/1694
f 1695/1695 1696/1696 1697/1697
f 1698/1698 1699/1699 1695/1695
f 1700/1700 1701/1701 1702/1702
f 1699/1699 1703/1703 1704/1704
f 1705/1705 1682/1682 1677/1677
f 1698/1698 1703/1703 1699/1699
f 1706/1706 1707/1707 1708/1708
f 1709/1709 1685/1685 1710/1710
f 1711/1711 1712/1712 1713/1713
f 1683/1683 1685/1685 1709/1709
f 1714/1714 1715/1715 1676/1676
f 1700/1700 1716/1716 1717/1717
f 1685/1685 1687/1687 1718/1718
f 1719/1719 1693/1693 1720/1720
f 1700/1700 1702/1702 1716/1716
f 1689/1689 1688/1688 1721/1721
f 1676/1676 1715/1715 1722/1722
f 1695/1695 1723/1723 1698/1698
f 1698/1698 1707/1707 1703/1703
f 1724/1724 1723/1723 1695/1695
f 1725/1725 1700/1700 1726/1726
f 1699/1699 1696/1696 1695/1695
f 1695/1695 1697/1697 1727/1727
f 1676/1676 1675/1675 1714/1714
f 1728/1728 1729/1729 1730/1730
f 1693/1693 1719/1719 1694/1694
f 1731/1731 1683/1683 1709/1709
f 1732/1732 1733/1733 1687/1687
f 1705/1705 1680/1680 1682/1682
f 1734/1734 1677/1677 1679/1679
f 1682/1682 1678/1678 1677/1677
f 1735/1735 1710/1710 1736/1736
f 1685/1685 1736/1736 1710/1710
f 1718/1718 1737/1737 1736/1736
f 1718/1718 1736/1736 1685/1685
f 1687/1687 1733/1733 1718/1718
f 1738/1738 1676/1676 1722/1722
f 1739/1739 1740/1740 1715/1715
f 1741/1741 1742/1742 1743/1743
f 1743/1743 1712/1712 1744/1744
f 1743/1743 1745/1745 1713/1713
f 1746/1746 1747/1747 1748/1748
f 1742/1742 1749/1749 1743/1743
f 1715/1715 1740/1740 1722/1722
f 1749/1749 1745/1745 1743/1743
f 1750/1750 1744/1744 1712/1712
f 1751/1751 1741/1741 1743/1743
f 1752/1752 1739/1739 1715/1715
f 1712/1712 1743/1743 1713/1713
f 1753/1753 1754/1754 1755/1755
f 1756/1756 1757/1757 1758/1758
f 1759/1759 1760/1760 1761/1761
f 1762/1762 1763/1763 1759/1759
f 1761/1761 1764/1764 1759/1759
f 1765/1765 1766/1766 1754/1754
f 1767/1767 1765/1765 1754/1754
f 1768/1768 1763/1763 1762/1762
f 1754/1754 1753/1753 1769/1769
f 1763/1763 1760/1760 1759/1759
f 1769/1769 1770/1770 1754/1754
f 1771/1771 1763/1763 1768/1768
f 1759/1759 1764/1764 1772/1772
f 1773/1773 1774/1774 1775/1775
f 1776/1776 1777/1777 1778/1778
f 1779/1779 1780/1780 1777/1777
f 1774/1774 1781/1781 1775/1775
f 1774/1774 1782/1782 1781/1781
f 1783/1783 1776/1776 1778/1778
f 1780/1780 1778/1778 1777/1777
f 1784/1784 1785/1785 1786/1786
f 1787/1787 1785/1785 1788/1788
f 1786/1786 1789/1789 1790/1790
f 1791/1791 1790/1790 1789/1789
f 1777/1777 1792/1792 1793/1793
f 1794/1794 1795/1795 1796/1796
f 1784/1784 1788/1788 1785/1785
f 1794/1794 1797/1797 1795/1795
f 1774/1774 1798/1798 1799/1799
f 1773/1773 1800/1800 1801/1801
f 1799/1799 1782/1782 1774/1774
f 1793/1793 1779/1779 1777/1777
f 1802/1802 1803/1803 1804/1804
f 1805/1805 1806/1806 1807/1807
f 1808/1808 1794/1794 1809/1809
f 1810/1810 1811/1811 1812/1812
f 1813/1813 1814/1814 1807/1807
f 1784/1784 1786/1786 1815/1815
f 1783/1783 1816/1816 1776/1776
f 1817/1817 1818/1818 1819/1819
f 1820/1820 1821/1821 1822/1822
f 1823/1823 1824/1824 1825/1825
f 1826/1826 1827/1827 1828/1828
f 1829/1829 1761/1761 1760/1760
f 1777/1777 1776/1776 1816/1816
f 1822/1822 1821/1821 1826/1826
f 1827/1827 1830/1830 1828/1828
f 1831/1831 1832/1832 1827/1827
f 1796/1796 1833/1833 1834/1834
f 1794/1794 1796/1796 1809/1809
f 1834/1834 1835/1835 1836/1836
f 1834/1834 1836/1836 1809/1809
f 1786/1786 1790/1790 1815/1815
f 1837/1837 1838/1838 1839/1839
f 1809/1809 1796/1796 1834/1834
f 1839/1839 1840/1840 1841/1841
f 1842/1842 1843/1843 1803/1803
f 1755/1755 1844/1844 1753/1753
f 1840/1840 1845/1845 1846/1846
f 1847/1847 1775/1775 1848/1848
f 1849/1849 1836/1836 1835/1835
f 1840/1840 1846/1846 1841/1841
f 1838/1838 1840/1840 1839/1839
f 1809/1809 1850/1850 1851/1851
f 1825/1825 1819/1819 1818/1818
f 1852/1852 1812/1812 1811/1811
f 1825/1825 1824/1824 1819/1819
f 1819/1819 1853/1853 1852/1852
f 1814/1814 1805/1805 1807/1807
f 1777/1777 1816/1816 1792/1792
f 1815/1815 1790/1790 1854/1854
f 1855/1855 1856/1856 1857/1857
f 1803/1803 1858/1858 1804/1804
f 1802/1802 1842/1842 1803/1803
f 1775/1775 1781/1781 1859/1859
f 1809/1809 1851/1851 1860/1860
f 1809/1809 1860/1860 1808/1808
f 1816/1816 1861/1861 1792/1792
f 1775/1775 1859/1859 1848/1848
f 1815/1815 1862/1862 1784/1784
f 1763/1763 1863/1863 1760/1760
f 1864/1864 1865/1865 1866/1866
f 1867/1867 1866/1866 1868/1868
f 1869/1869 1870/1870 1871/1871
f 1869/1869 1872/1872 1873/1873
f 1874/1874 1875/1875 1876/1876
f 1877/1877 1869/1869 1873/1873
f 1869/1869 1871/1871 1872/1872
f 1873/1873 1878/1878 1879/1879
f 1880/1880 1877/1877 1873/1873
f 1881/1881 1871/1871 1870/1870
f 1871/1871 1882/1882 1872/1872
f 1878/1878 1873/1873 1883/1883
f 1874/1874 1884/1884 1875/1875
f 1883/1883 1873/1873 1872/1872
f 1876/1876 1875/1875 1885/1885
f 1886/1886 1875/1875 1884/1884
f 1887/1887 1888/1888 1889/1889
f 1890/1890 1887/1887 1889/1889
f 1891/1891 1892/1892 1887/1887
f 1887/1887 1893/1893 1888/1888
f 1864/1864 1866/1866 1867/1867
f 1867/1867 1894/1894 1864/1864
f 1895/1895 1891/1891 1887/1887
f 1895/1895 1887/1887 1890/1890
f 1892/1892 1893/1893 1887/1887
f 1865/1865 1896/1896 1897/1897
f 1898/1898 1899/1899 1900/1900
f 1879/1879 1901/1901 1902/1902
f 1898/1898 1903/1903 1899/1899
f 1874/1874 1904/1904 1905/1905
f 1905/1905 1906/1906 1884/1884
f 1907/1907 1908/1908 1909/1909
f 1897/1897 1910/1910 1866/1866
f 1911/1911 1912/1912 1913/1913
f 1914/1914 1915/1915 1916/1916
f 1917/1917 1868/1868 1913/1913
f 1918/1918 1889/1889 1888/1888
f 1891/1891 1919/1919 1920/1920
f 1891/1891 1895/1895 1919/1919
f 1895/1895 1921/1921 1919/1919
f 1895/1895 1890/1890 1921/1921
f 1912/1912 1917/1917 1913/1913
f 1905/1905 1884/1884 1874/1874
f 1865/1865 1897/1897 1866/1866
f 1880/1880 1922/1922 1877/1877
f 1923/1923 1924/1924 1925/1925
f 1923/1923 1926/1926 1927/1927
f 1923/1923 1928/1928 1929/1929
f 1923/1923 1929/1929 1926/1926
f 1930/1930 1926/1926 1931/1931
f 1926/1926 1929/1929 1931/1931
f 1923/1923 1932/1932 1924/1924
f 1925/1925 1928/1928 1923/1923
f 1933/1933 1934/1934 1935/1935
f 1935/1935 1934/1934 1936/1936
f 1937/1937 1938/1938 1939/1939
f 1935/1935 1940/1940 1933/1933
f 1941/1941 1942/1942 1943/1943
f 1934/1934 1933/1933 1944/1944
f 1945/1945 1941/1941 1943/1943
f 1932/1932 1923/1923 1909/1909
f 1946/1946 1947/1947 1943/1943
f 1943/1943 1942/1942 1946/1946
f 1923/1923 1927/1927 1909/1909
f 1934/1934 1943/1943 1936/1936
f 1948/1948 1945/1945 1943/1943
f 1949/1949 1950/1950 1951/1951
f 1952/1952 1953/1953 1954/1954
f 1955/1955 1956/1956 1957/1957
f 1958/1958 1959/1959 1955/1955
f 1960/1960 1961/1961 1962/1962
f 1963/1963 1964/1964 1965/1965
f 1951/1951 1950/1950 1966/1966
f 1967/1967 1968/1968 1969/1969
f 1969/1969 1970/1970 1971/1971
f 1972/1972 1973/1973 1974/1974
f 1975/1975 1976/1976 1977/1977
f 1978/1978 1979/1979 1980/1980
f 1981/1981 1982/1982 1983/1983
f 1984/1984 1985/1985 1983/1983
f 1981/1981 1986/1986 1982/1982
f 1987/1987 1988/1988 1989/1989
f 1987/1987 1990/1990 1988/1988
f 1991/1991 1990/1990 1987/1987
f 1977/1977 1992/1992 1993/1993
f 1994/1994 1995/1995 1996/1996
f 1997/1997 1998/1998 1999/1999
f 2000/2000 1996/1996 1995/1995
f 1994/1994 2001/2001 1995/1995
f 2002/2002 2003/2003 2004/2004
f 1980/1980 1979/1979 2005/2005
f 2004/2004 1993/1993 2002/2002
f 2006/2006 2007/2007 2008/2008
f 1979/1979 2009/2009 2010/2010
f 2011/2011 2012/2012 2013/2013
f 2014/2014 2015/2015 2016/2016
f 2017/2017 2018/2018 2019/2019
f 2018/2018 2020/2020 2021/2021
f 2021/2021 2022/2022 2023/2023
f 2024/2024 2025/2025 2017/2017
f 1987/1987 1989/1989 2026/2026
f 2027/2027 2028/2028 2029/2029
f 1961/1961 2030/2030 1962/1962
f 2031/2031 2032/2032 2033/2033
f 2034/2034 2016/2016 2035/2035
f 2035/2035 2016/2016 2015/2015
f 2036/2036 2037/2037 2038/2038
f 2031/2031 2033/2033 2039/2039
f 1960/1960 2040/2040 2041/2041
f 1978/1978 2011/2011 1979/1979
f 2042/2042 2043/2043 2044/2044
f 2045/2045 2036/2036 2046/2046
f 2047/2047 2048/2048 2046/2046
f 2025/2025 2020/2020 2018/2018
f 2049/2049 2050/2050 2051/2051
f 2011/2011 2009/2009 1979/1979
f 2052/2052 2053/2053 2054/2054
f 2055/2055 2056/2056 2057/2057
f 2058/2058 2059/2059 2060/2060
f 2061/2061 2062/2062 2063/2063
f 2064/2064 2065/2065 2066/2066
f 2067/2067 2060/2060 2050/2050
f 2057/2057 2068/2068 2069/2069
f 1965/1965 2070/2070 1963/1963
f 2071/2071 2072/2072 2073/2073
f 2073/2073 1973/1973 2074/2074
f 2075/2075 2076/2076 2077/2077
f 2073/2073 2072/2072 2078/2078
f 2079/2079 2080/2080 2081/2081
f 2082/2082 2083/2083 2084/2084
f 2085/2085 2086/2086 2080/2080
f 2085/2085 2087/2087 2086/2086
f 1758/1758 1757/1757 2083/2083
f 2073/2073 2078/2078 1973/1973
f 2088/2088 2089/2089 2090/2090
f 2077/2077 2091/2091 2075/2075
f 2092/2092 2070/2070 1965/1965
f 2093/2093 2094/2094 2095/2095
f 2096/2096 2097/2097 2095/2095
f 1963/1963 2098/2098 1964/1964
f 2054/2054 2053/2053 2099/2099
f 2100/2100 2101/2101 2054/2054
f 2102/2102 1769/1769 1753/1753
f 2103/2103 2104/2104 2105/2105
f 2079/2079 2085/2085 2080/2080
f 2085/2085 2106/2106 2087/2087
f 2107/2107 2108/2108 2109/2109
f 2029/2029 2110/2110 2111/2111
f 2112/2112 2028/2028 1987/1987
f 2111/2111 2110/2110 2113/2113
f 2114/2114 2115/2115 2116/2116
f 1998/1998 2034/2034 1999/1999
f 2117/2117 2016/2016 2034/2034
f 2090/2090 2118/2118 2088/2088
f 1960/1960 2041/2041 1961/1961
f 2119/2119 2120/2120 2121/2121
f 2122/2122 2123/2123 1951/1951
f 1954/1954 2124/2124 2125/2125
f 2126/2126 2067/2067 2050/2050
f 2127/2127 1991/1991 1987/1987
f 2067/2067 2128/2128 2060/2060
f 2129/2129 2051/2051 2050/2050
f 2130/2130 2131/2131 2025/2025
f 2132/2132 2113/2113 2133/2133
f 2115/2115 2134/2134 2116/2116
f 2103/2103 2105/2105 1767/1767
f 2025/2025 2024/2024 2130/2130
f 2021/2021 2023/2023 2018/2018
f 2132/2132 2111/2111 2113/2113
f 2012/2012 2135/2135 2013/2013
f 1985/1985 1981/1981 1983/1983
f 1967/1967 1950/1950 1949/1949
f 2136/2136 2137/2137 2138/2138
f 2039/2039 2139/2139 2031/2031
f 2139/2139 2140/2140 2031/2031
f 2141/2141 2142/2142 2143/2143
f 1980/1980 2144/2144 1978/1978
f 2011/2011 1978/1978 2145/2145
f 2107/2107 2146/2146 2147/2147
f 2148/2148 1971/1971 1970/1970
f 1968/1968 1970/1970 1969/1969
f 2108/2108 1996/1996 2109/2109
f 2108/2108 1994/1994 1996/1996
f 2107/2107 2147/2147 2108/2108
f 2149/2149 2150/2150 2151/2151
f 2152/2152 2153/2153 2154/2154
f 2152/2152 2155/2155 1958/1958
f 2108/2108 2156/2156 1994/1994
f 2125/2125 1952/1952 1954/1954
f 2098/2098 2157/2157 1964/1964
f 1962/1962 2092/2092 1960/1960
f 1960/1960 1965/1965 2040/2040
f 2108/2108 2147/2147 2158/2158
f 2156/2156 2001/2001 1994/1994
f 1950/1950 1969/1969 1971/1971
f 2159/2159 1995/1995 2001/2001
f 2160/2160 2161/2161 2153/2153
f 1960/1960 2092/2092 1965/1965
f 2092/2092 2162/2162 2070/2070
f 2092/2092 2163/2163 2162/2162
f 1954/1954 2152/2152 1955/1955
f 1958/1958 1955/1955 2152/2152
f 2152/2152 2160/2160 2153/2153
f 1954/1954 2160/2160 2152/2152
f 2101/2101 2052/2052 2054/2054
f 2078/2078 1974/1974 1973/1973
f 2074/2074 1973/1973 2164/2164
f 2165/2165 2072/2072 2071/2071
f 2166/2166 2167/2167 2010/2010
f 1972/1972 2164/2164 1973/1973
f 1950/1950 1971/1971 2121/2121
f 1966/1966 2122/2122 1951/1951
f 2073/2073 2168/2168 2169/2169
f 2170/2170 2074/2074 2164/2164
f 2171/2171 2172/2172 2173/2173
f 2026/2026 2132/2132 2133/2133
f 2075/2075 2174/2174 2175/2175
f 2176/2176 2177/2177 2178/2178
f 2179/2179 2114/2114 2116/2116
f 2078/2078 1972/1972 1974/1974
f 2093/2093 2180/2180 2094/2094
f 2181/2181 2182/2182 2183/2183
f 2184/2184 2185/2185 2186/2186
f 2075/2075 2187/2187 2174/2174
f 2171/2171 2173/2173 2188/2188
f 1967/1967 1969/1969 1950/1950
f 2189/2189 2061/2061 2063/2063
f 2184/2184 2186/2186 2190/2190
f 2069/2069 2055/2055 2057/2057
f 2088/2088 2191/2191 2192/2192
f 2193/2193 2194/2194 2195/2195
f 2196/2196 2197/2197 2198/2198
f 2199/2199 2189/2189 2065/2065
f 2097/2097 2093/2093 2095/2095
f 2200/2200 2201/2201 2064/2064
f 2115/2115 2176/2176 2134/2134
f 2202/2202 2203/2203 2066/2066
f 2066/2066 2200/2200 2064/2064
f 2204/2204 2097/2097 2096/2096
f 2029/2029 2028/2028 2110/2110
f 2027/2027 1987/1987 2028/2028
f 2205/2205 2206/2206 2207/2207
f 2183/2183 2149/2149 2151/2151
f 1987/1987 2026/2026 2112/2112
f 2082/2082 2084/2084 2208/2208
f 2084/2084 2080/2080 2086/2086
f 2149/2149 2193/2193 2209/2209
f 1758/1758 2083/2083 2082/2082
f 2210/2210 2211/2211 2212/2212
f 2213/2213 2214/2214 2215/2215
f 2212/2212 2216/2216 2210/2210
f 2212/2212 2217/2217 2216/2216
f 2008/2008 2007/2007 2218/2218
f 2008/2008 2219/2219 2002/2002
f 2127/2127 2220/2220 1991/1991
f 2143/2143 2142/2142 2137/2137
f 2221/2221 2030/2030 1961/1961
f 2184/2184 2190/2190 2193/2193
f 2073/2073 2074/2074 2168/2168
f 2073/2073 2169/2169 2071/2071
f 2075/2075 2175/2175 2076/2076
f 2174/2174 2187/2187 2222/2222
f 2195/2195 2209/2209 2193/2193
f 2223/2223 1952/1952 2125/2125
f 2224/2224 2211/2211 2210/2210
f 2212/2212 2211/2211 2034/2034
f 1993/1993 1992/1992 2225/2225
f 1975/1975 1977/1977 1993/1993
f 1993/1993 2004/2004 1975/1975
f 1993/1993 2225/2225 2226/2226
f 2002/2002 1993/1993 2008/2008
f 2034/2034 1997/1997 1999/1999
f 2118/2118 2191/2191 2088/2088
f 2211/2211 1997/1997 2034/2034
f 2227/2227 2204/2204 2096/2096
f 2136/2136 2143/2143 2137/2137
f 2139/2139 2228/2228 2140/2140
f 2206/2206 2229/2229 2230/2230
f 2199/2199 2065/2065 2064/2064
f 1954/1954 1953/1953 2160/2160
f 2231/2231 2232/2232 2233/2233
f 2181/2181 2183/2183 2151/2151
f 2190/2190 2186/2186 2234/2234
f 2182/2182 2235/2235 2183/2183
f 2190/2190 2194/2194 2193/2193
f 1998/1998 2117/2117 2034/2034
f 2236/2236 2035/2035 2015/2015
f 2217/2217 2237/2237 2216/2216
f 2206/2206 2205/2205 2229/2229
f 2230/2230 2229/2229 2238/2238
f 2229/2229 2227/2227 2096/2096
f 2051/2051 2239/2239 2049/2049
f 2019/2019 2240/2240 2017/2017
f 2066/2066 2062/2062 2202/2202
f 2066/2066 2065/2065 2062/2062
f 2065/2065 2063/2063 2062/2062
f 2065/2065 2189/2189 2063/2063
f 2042/2042 2068/2068 2043/2043
f 2044/2044 2043/2043 1986/1986
f 2043/2043 2241/2241 1984/1984
f 1986/1986 2043/2043 1982/1982
f 2009/2009 2166/2166 2010/2010
f 2011/2011 2013/2013 2009/2009
f 2009/2009 2013/2013 2166/2166
f 1980/1980 2242/2242 2144/2144
f 2010/2010 2243/2243 1979/1979
f 2243/2243 2244/2244 1979/1979
f 2068/2068 2042/2042 2245/2245
f 2069/2069 2068/2068 2245/2245
f 2246/2246 2044/2044 1986/1986
f 2017/2017 2025/2025 2018/2018
f 2050/2050 2060/2060 2059/2059
f 2238/2238 2247/2247 2230/2230
f 2248/2248 2249/2249 2250/2250
f 2251/2251 2252/2252 2253/2253
f 2254/2254 2250/2250 2249/2249
f 2255/2255 2256/2256 2257/2257
f 2258/2258 2259/2259 2260/2260
f 2248/2248 2261/2261 2262/2262
f 2263/2263 2264/2264 2248/2248
f 2265/2265 2266/2266 2267/2267
f 2256/2256 2268/2268 2269/2269
f 2266/2266 2270/2270 2267/2267
f 2271/2271 2272/2272 2273/2273
f 2274/2274 2256/2256 2275/2275
f 2276/2276 2277/2277 2278/2278
f 2250/2250 2263/2263 2248/2248
f 2045/2045 2279/2279 2280/2280
f 2267/2267 2281/2281 2282/2282
f 2279/2279 2046/2046 2283/2283
f 2284/2284 2285/2285 2054/2054
f 2256/2256 2269/2269 2275/2275
f 2252/2252 2286/2286 2287/2287
f 2260/2260 2248/2248 2258/2258
f 2252/2252 2287/2287 2288/2288
f 2289/2289 2288/2288 2290/2290
f 2291/2291 2253/2253 2252/2252
f 2251/2251 2292/2292 2293/2293
f 2263/2263 2294/2294 2295/2295
f 2099/2099 2284/2284 2054/2054
f 2289/2289 2296/2296 2291/2291
f 2099/2099 2297/2297 2284/2284
f 2274/2274 2276/2276 2278/2278
f 2269/2269 2298/2298 2275/2275
f 2267/2267 2272/2272 2271/2271
f 2289/2289 2291/2291 2252/2252
f 2267/2267 2299/2299 2300/2300
f 2249/2249 2248/2248 2262/2262
f 2267/2267 2271/2271 2299/2299
f 2267/2267 2282/2282 2272/2272
f 2289/2289 2252/2252 2288/2288
f 2260/2260 2261/2261 2248/2248
f 2251/2251 2286/2286 2252/2252
f 2299/2299 2271/2271 2301/2301
f 2279/2279 2045/2045 2046/2046
f 2302/2302 2303/2303 2304/2304
f 2305/2305 2306/2306 2307/2307
f 2307/2307 2308/2308 2309/2309
f 2310/2310 2304/2304 2303/2303
f 2306/2306 2308/2308 2307/2307
f 2310/2310 2311/2311 2304/2304
f 2312/2312 2313/2313 2314/2314
f 2315/2315 2312/2312 2316/2316
f 2317/2317 2318/2318 2319/2319
f 2320/2320 2319/2319 2318/2318
f 2321/2321 1820/1820 2322/2322
f 2323/2323 2324/2324 2325/2325
f 2326/2326 2327/2327 2328/2328
f 2329/2329 2330/2330 2331/2331
f 2332/2332 2333/2333 2334/2334
f 2335/2335 2336/2336 2337/2337
f 2338/2338 2339/2339 2340/2340
f 2341/2341 2342/2342 2343/2343
f 2344/2344 2345/2345 2346/2346
f 2345/2345 2347/2347 2346/2346
f 1839/1839 1841/1841 2348/2348
f 2320/2320 2349/2349 2319/2319
f 2116/2116 2350/2350 2179/2179
f 2346/2346 2347/2347 2341/2341
f 2317/2317 2319/2319 2351/2351
f 2352/2352 2335/2335 2353/2353
f 2354/2354 2355/2355 2356/2356
f 2357/2357 1857/1857 2358/2358
f 2359/2359 2360/2360 2361/2361
f 2360/2360 2362/2362 2363/2363
f 2362/2362 2364/2364 2363/2363
f 2336/2336 2365/2365 2337/2337
f 2365/2365 2366/2366 2367/2367
f 2136/2136 2368/2368 2369/2369
f 2368/2368 2370/2370 2371/2371
f 2372/2372 2371/2371 2373/2373
f 2031/2031 2373/2373 2032/2032
f 2374/2374 2375/2375 2376/2376
f 2375/2375 2377/2377 2378/2378
f 2379/2379 2380/2380 2381/2381
f 2382/2382 2381/2381 2383/2383
f 2384/2384 2385/2385 2303/2303
f 2386/2386 2387/2387 2388/2388
f 2387/2387 2389/2389 2302/2302
f 2357/2357 1855/1855 1857/1857
f 2302/2302 2389/2389 2303/2303
f 2389/2389 2390/2390 2303/2303
f 2378/2378 2391/2391 2376/2376
f 2392/2392 2374/2374 2376/2376
f 2378/2378 2196/2196 2391/2391
f 1837/1837 1839/1839 2393/2393
f 2380/2380 2394/2394 2383/2383
f 2363/2363 2395/2395 2360/2360
f 2088/2088 2192/2192 2089/2089
f 2364/2364 2396/2396 2363/2363
f 2397/2397 2350/2350 2116/2116
f 2398/2398 2399/2399 2400/2400
f 2399/2399 2371/2371 2370/2370
f 1839/1839 2348/2348 2401/2401
f 2402/2402 2079/2079 2081/2081
f 1757/1757 2402/2402 2083/2083
f 2393/2393 1839/1839 2401/2401
f 2349/2349 2403/2403 2319/2319
f 2404/2404 2403/2403 2405/2405
f 2401/2401 2404/2404 2405/2405
f 2136/2136 2369/2369 2143/2143
f 2333/2333 2089/2089 2334/2334
f 2331/2331 2089/2089 2329/2329
f 2406/2406 2407/2407 2328/2328
f 1837/1837 2393/2393 2408/2408
f 2326/2326 2328/2328 2407/2407
f 2338/2338 2409/2409 2410/2410
f 2357/2357 2411/2411 1855/1855
f 2344/2344 2346/2346 2412/2412
f 2089/2089 2192/2192 2406/2406
f 2089/2089 2406/2406 2328/2328
f 2327/2327 2334/2334 2328/2328
f 2083/2083 2402/2402 2081/2081
f 2138/2138 2398/2398 2400/2400
f 2400/2400 2399/2399 2370/2370
f 2413/2413 2414/2414 2415/2415
f 2411/2411 2416/2416 2417/2417
f 2409/2409 2338/2338 2340/2340
f 2325/2325 2322/2322 2323/2323
f 2418/2418 2419/2419 2420/2420
f 2421/2421 2422/2422 2423/2423
f 2316/2316 2314/2314 2424/2424
f 2324/2324 2425/2425 2325/2325
f 2375/2375 2378/2378 2376/2376
f 2426/2426 2315/2315 2316/2316
f 2089/2089 2328/2328 2334/2334
f 2427/2427 2428/2428 2421/2421
f 2429/2429 2430/2430 2431/2431
f 2400/2400 2136/2136 2138/2138
f 2387/2387 2386/2386 2432/2432
f 2388/2388 2433/2433 2386/2386
f 2364/2364 2354/2354 2356/2356
f 2360/2360 2359/2359 2362/2362
f 2316/2316 2434/2434 2426/2426
f 2435/2435 2436/2436 2437/2437
f 2330/2330 2438/2438 2331/2331
f 2316/2316 2312/2312 2314/2314
f 2372/2372 2373/2373 2031/2031
f 2429/2429 2420/2420 2419/2419
f 2421/2421 2429/2429 2427/2427
f 2439/2439 2429/2429 2440/2440
f 2429/2429 2419/2419 2440/2440
f 2305/2305 2307/2307 2441/2441
f 2442/2442 2032/2032 2373/2373
f 2322/2322 1820/1820 1822/1822
f 2325/2325 2321/2321 2322/2322
f 2443/2443 2444/2444 2440/2440
f 2445/2445 2305/2305 2441/2441
f 2446/2446 2305/2305 2445/2445
f 2446/2446 2447/2447 2305/2305
f 2448/2448 2440/2440 2444/2444
f 2419/2419 2443/2443 2440/2440
f 2429/2429 2439/2439 2427/2427
f 2449/2449 2450/2450 2309/2309
f 2347/2347 2342/2342 2341/2341
f 2329/2329 2089/2089 2333/2333
f 2353/2353 2335/2335 2337/2337
f 2353/2353 2337/2337 2451/2451
f 2313/2313 2352/2352 2353/2353
f 2396/2396 2452/2452 2363/2363
f 2451/2451 2337/2337 2453/2453
f 2365/2365 2367/2367 2337/2337
f 2366/2366 2361/2361 2367/2367
f 2379/2379 2381/2381 2178/2178
f 2454/2454 2425/2425 2324/2324
f 2382/2382 2383/2383 2394/2394
f 2380/2380 2383/2383 2381/2381
f 2455/2455 2315/2315 2426/2426
f 2350/2350 2456/2456 2179/2179
f 2387/2387 2302/2302 2388/2388
f 2457/2457 2458/2458 2445/2445
f 2446/2446 2459/2459 2460/2460
f 2461/2461 2344/2344 2462/2462
f 2392/2392 2376/2376 2391/2391
f 2463/2463 2196/2196 2378/2378
f 2384/2384 2303/2303 2390/2390
f 2464/2464 2465/2465 2466/2466
f 2412/2412 2467/2467 2468/2468
f 2469/2469 2470/2470 2471/2471
f 2338/2338 2472/2472 2339/2339
f 2470/2470 2473/2473 2471/2471
f 2474/2474 2475/2475 2476/2476
f 2475/2475 2477/2477 2476/2476
f 2478/2478 2479/2479 2480/2480
f 2481/2481 2482/2482 2483/2483
f 2484/2484 2485/2485 2486/2486
f 2487/2487 2488/2488 2489/2489
f 2490/2490 2491/2491 2492/2492
f 2493/2493 2494/2494 2495/2495
f 2467/2467 2496/2496 2497/2497
f 2498/2498 2499/2499 2489/2489
f 2500/2500 2501/2501 2447/2447
f 2502/2502 2503/2503 2504/2504
f 2467/2467 2412/2412 2496/2496
f 2447/2447 2505/2505 2500/2500
f 2506/2506 2507/2507 2508/2508
f 2509/2509 2483/2483 2510/2510
f 2511/2511 2512/2512 2513/2513
f 2514/2514 2484/2484 2515/2515
f 2516/2516 2517/2517 2518/2518
f 2519/2519 2485/2485 2520/2520
f 2512/2512 2521/2521 2513/2513
f 2522/2522 2523/2523 2524/2524
f 2525/2525 2522/2522 2518/2518
f 2526/2526 2527/2527 2502/2502
f 2507/2507 2528/2528 2529/2529
f 2530/2530 2531/2531 2532/2532
f 2504/2504 2533/2533 2534/2534
f 2532/2532 2535/2535 2536/2536
f 2537/2537 2538/2538 2539/2539
f 2540/2540 2541/2541 2542/2542
f 2439/2439 2440/2440 2543/2543
f 2544/2544 2545/2545 2495/2495
f 2546/2546 2547/2547 2548/2548
f 2549/2549 2550/2550 2551/2551
f 2532/2532 2531/2531 2535/2535
f 2552/2552 2553/2553 2554/2554
f 2543/2543 2555/2555 2556/2556
f 2557/2557 2558/2558 2559/2559
f 2559/2559 2560/2560 2557/2557
f 2561/2561 2560/2560 2559/2559
f 2533/2533 2530/2530 2534/2534
f 2540/2540 2542/2542 2562/2562
f 2563/2563 2564/2564 2565/2565
f 2565/2565 2566/2566 2567/2567
f 2568/2568 2569/2569 2560/2560
f 2570/2570 2565/2565 2567/2567
f 2570/2570 2567/2567 2558/2558
f 2571/2571 2572/2572 2573/2573
f 2574/2574 2573/2573 2572/2572
f 2526/2526 2575/2575 2507/2507
f 2576/2576 2577/2577 2578/2578
f 2516/2516 2577/2577 2579/2579
f 2580/2580 1806/1806 2581/2581
f 2580/2580 2582/2582 1807/1807
f 2580/2580 1807/1807 1806/1806
f 2583/2583 2584/2584 2585/2585
f 2586/2586 2587/2587 2588/2588
f 2589/2589 2590/2590 2591/2591
f 2591/2591 2592/2592 2542/2542
f 2506/2506 2508/2508 2593/2593
f 2504/2504 2526/2526 2502/2502
f 2546/2546 2548/2548 2594/2594
f 2525/2525 2595/2595 2522/2522
f 2524/2524 2516/2516 2522/2522
f 2551/2551 2596/2596 2549/2549
f 2596/2596 2597/2597 2549/2549
f 2587/2587 2598/2598 2599/2599
f 2600/2600 2481/2481 2601/2601
f 2602/2602 2503/2503 2502/2502
f 2603/2603 2604/2604 2605/2605
f 2588/2588 2599/2599 2606/2606
f 2587/2587 2607/2607 2598/2598
f 2466/2466 2596/2596 2551/2551
f 2588/2588 2587/2587 2599/2599
f 2596/2596 2608/2608 2597/2597
f 2440/2440 2609/2609 2543/2543
f 2610/2610 2611/2611 2612/2612
f 2541/2541 2591/2591 2542/2542
f 2613/2613 2614/2614 2615/2615
f 2579/2579 2517/2517 2516/2516
f 2560/2560 2616/2616 2557/2557
f 2616/2616 2617/2617 2557/2557
f 2486/2486 2618/2618 2619/2619
f 2620/2620 2513/2513 2621/2621
f 2507/2507 2575/2575 2528/2528
f 2622/2622 2535/2535 2531/2531
f 2623/2623 2624/2624 2625/2625
f 2626/2626 2627/2627 2628/2628
f 2541/2541 2589/2589 2591/2591
f 2629/2629 2626/2626 2628/2628
f 2503/2503 2533/2533 2504/2504
f 2630/2630 2467/2467 2497/2497
f 2631/2631 2498/2498 2488/2488
f 2571/2571 2629/2629 2632/2632
f 2488/2488 2498/2498 2489/2489
f 2551/2551 2550/2550 2633/2633
f 2634/2634 2613/2613 2615/2615
f 2586/2586 2635/2635 2587/2587
f 2466/2466 2551/2551 2633/2633
f 2338/2338 2410/2410 2491/2491
f 2636/2636 2637/2637 2541/2541
f 2638/2638 2636/2636 2541/2541
f 2639/2639 2640/2640 2641/2641
f 2615/2615 2590/2590 2589/2589
f 2592/2592 2642/2642 2542/2542
f 2592/2592 2643/2643 2642/2642
f 2479/2479 2644/2644 2480/2480
f 2482/2482 2645/2645 2483/2483
f 2646/2646 2647/2647 2648/2648
f 2649/2649 2646/2646 2648/2648
f 2650/2650 2651/2651 2652/2652
f 2469/2469 2653/2653 2654/2654
f 2471/2471 2653/2653 2469/2469
f 2655/2655 2470/2470 2469/2469
f 2475/2475 2650/2650 2652/2652
f 2474/2474 2650/2650 2475/2475
f 2473/2473 2656/2656 2657/2657
f 2652/2652 2658/2658 2475/2475
f 2323/2323 2659/2659 2660/2660
f 1832/1832 2661/2661 2538/2538
f 2662/2662 2663/2663 2664/2664
f 2630/2630 2497/2497 2631/2631
f 2589/2589 2637/2637 2615/2615
f 2665/2665 2666/2666 2471/2471
f 2667/2667 2668/2668 2669/2669
f 2471/2471 2666/2666 2653/2653
f 2670/2670 2667/2667 2671/2671
f 2639/2639 2641/2641 2672/2672
f 2629/2629 2673/2673 2626/2626
f 2544/2544 2674/2674 2675/2675
f 2620/2620 2621/2621 2676/2676
f 2608/2608 2677/2677 2597/2597
f 2496/2496 2412/2412 2678/2678
f 2564/2564 2679/2679 2565/2565
f 2679/2679 2566/2566 2565/2565
f 2558/2558 2561/2561 2559/2559
f 2561/2561 2568/2568 2560/2560
f 2476/2476 2680/2680 2474/2474
f 2681/2681 2607/2607 2587/2587
f 2487/2487 2682/2682 2488/2488
f 2498/2498 2343/2343 2499/2499
f 2683/2683 2684/2684 2645/2645
f 2466/2466 2608/2608 2596/2596
f 2605/2605 2604/2604 2674/2674
f 2493/2493 2685/2685 2686/2686
f 2465/2465 2608/2608 2466/2466
f 2597/2597 2550/2550 2549/2549
f 2620/2620 2519/2519 2520/2520
f 2518/2518 2522/2522 2516/2516
f 2516/2516 2524/2524 2687/2687
f 2516/2516 2687/2687 2577/2577
f 2687/2687 2578/2578 2577/2577
f 2506/2506 2526/2526 2507/2507
f 2589/2589 2541/2541 2637/2637
f 2594/2594 2529/2529 2532/2532
f 2529/2529 2528/2528 2532/2532
f 2575/2575 2534/2534 2530/2530
f 2528/2528 2575/2575 2532/2532
f 2575/2575 2530/2530 2532/2532
f 2509/2509 2481/2481 2483/2483
f 2541/2541 2540/2540 2688/2688
f 2688/2688 2638/2638 2541/2541
f 2689/2689 2509/2509 2478/2478
f 2509/2509 2510/2510 2684/2684
f 2609/2609 2555/2555 2543/2543
f 2690/2690 2624/2624 2623/2623
f 2509/2509 2684/2684 2478/2478
f 2635/2635 2681/2681 2587/2587
f 2571/2571 2573/2573 2691/2691
f 2692/2692 2693/2693 2537/2537
f 2634/2634 2615/2615 2637/2637
f 2690/2690 2694/2694 2624/2624
f 2584/2584 2583/2583 2695/2695
f 2696/2696 2690/2690 2697/2697
f 2571/2571 2632/2632 2698/2698
f 2664/2664 2699/2699 2662/2662
f 2668/2668 2700/2700 2669/2669
f 2585/2585 2701/2701 2583/2583
f 2466/2466 2633/2633 2464/2464
f 2633/2633 2702/2702 2464/2464
f 2606/2606 2703/2703 2588/2588
f 2493/2493 2704/2704 2705/2705
f 2496/2496 2678/2678 2498/2498
f 2475/2475 2658/2658 2477/2477
f 2476/2476 2477/2477 2706/2706
f 2707/2707 2708/2708 2709/2709
f 2707/2707 2710/2710 2708/2708
f 2711/2711 2712/2712 2713/2713
f 2714/2714 2715/2715 2716/2716
f 2713/2713 2717/2717 2718/2718
f 2719/2719 2720/2720 2721/2721
f 2720/2720 2722/2722 2723/2723
f 2716/2716 2724/2724 2725/2725
f 2722/2722 2726/2726 2723/2723
f 2727/2727 2728/2728 2729/2729
f 2730/2730 2731/2731 2732/2732
f 2731/2731 2733/2733 2734/2734
f 2735/2735 2732/2732 2731/2731
f 2729/2729 2736/2736 2737/2737
f 2729/2729 2738/2738 2736/2736
f 2736/2736 2739/2739 2737/2737
f 2724/2724 2721/2721 2720/2720
f 2740/2740 2741/2741 2724/2724
f 2740/2740 2742/2742 2741/2741
f 2732/2732 2737/2737 2743/2743
f 2715/2715 2713/2713 2740/2740
f 2744/2744 2729/2729 2737/2737
f 2733/2733 2745/2745 2734/2734
f 2746/2746 1333/1333 2709/2709
f 2747/2747 2707/2707 1331/1331
f 2707/2707 2709/2709 1331/1331
f 2748/2748 2728/2728 2727/2727
f 2728/2728 2738/2738 2729/2729
f 2749/2749 2750/2750 2741/2741
f 2729/2729 2744/2744 2751/2751
f 2743/2743 2730/2730 2732/2732
f 2730/2730 2733/2733 2731/2731
f 2712/2712 2717/2717 2713/2713
f 2742/2742 2749/2749 2741/2741
f 2713/2713 2752/2752 2711/2711
f 2720/2720 2723/2723 2725/2725
f 2719/2719 2753/2753 2720/2720
f 2753/2753 2722/2722 2720/2720
f 2746/2746 2754/2754 1333/1333
f 2754/2754 1327/1327 1333/1333
f 2723/2723 2755/2755 2725/2725
f 2756/2756 2757/2757 2731/2731
f 2731/2731 2734/2734 2756/2756
f 2729/2729 2751/2751 2727/2727
f 2744/2744 2735/2735 2758/2758
f 1331/1331 2709/2709 1333/1333
f 2759/2759 2714/2714 2716/2716
f 2725/2725 2724/2724 2720/2720
f 2760/2760 2748/2748 2727/2727
f 2761/2761 2712/2712 2711/2711
f 2762/2762 2763/2763 2764/2764
f 2765/2765 2766/2766 2767/2767
f 2763/2763 2768/2768 2764/2764
f 2769/2769 2770/2770 2771/2771
f 2772/2772 2773/2773 2774/2774
f 2775/2775 2776/2776 2774/2774
f 2777/2777 2778/2778 2779/2779
f 2780/2780 2781/2781 2782/2782
f 2783/2783 2784/2784 2781/2781
f 2785/2785 2786/2786 2787/2787
f 2781/2781 2788/2788 2782/2782
f 2789/2789 2788/2788 2781/2781
f 2790/2790 2789/2789 2791/2791
f 2791/2791 2781/2781 2784/2784
f 2791/2791 2789/2789 2781/2781
f 2789/2789 2792/2792 2788/2788
f 2793/2793 2794/2794 2795/2795
f 2796/2796 2793/2793 2797/2797
f 2777/2777 2779/2779 2798/2798
f 2798/2798 2779/2779 2785/2785
f 2796/2796 2799/2799 2793/2793
f 2779/2779 2778/2778 2786/2786
f 2800/2800 2801/2801 2802/2802
f 2803/2803 2769/2769 2804/2804
f 2791/2791 2805/2805 2806/2806
f 2798/2798 2807/2807 2808/2808
f 2809/2809 2810/2810 2786/2786
f 2810/2810 2811/2811 2786/2786
f 2811/2811 2787/2787 2786/2786
f 2778/2778 2777/2777 2812/2812
f 2778/2778 2812/2812 2813/2813
f 2798/2798 2808/2808 2777/2777
f 2814/2814 2815/2815 2785/2785
f 2816/2816 2817/2817 2807/2807
f 2813/2813 2809/2809 2778/2778
f 2778/2778 2809/2809 2786/2786
f 2798/2798 2818/2818 2807/2807
f 2785/2785 2818/2818 2798/2798
f 2816/2816 2807/2807 2818/2818
f 2786/2786 2785/2785 2779/2779
f 2815/2815 2818/2818 2785/2785
f 2814/2814 2785/2785 2787/2787
f 2819/2819 2820/2820 2821/2821
f 2822/2822 2823/2823 2824/2824
f 2825/2825 2826/2826 2788/2788
f 2826/2826 2827/2827 2788/2788
f 2827/2827 2782/2782 2788/2788
f 2789/2789 2790/2790 2828/2828
f 2806/2806 2790/2790 2791/2791
f 2780/2780 2783/2783 2781/2781
f 2784/2784 2829/2829 2805/2805
f 2769/2769 2771/2771 2804/2804
f 2794/2794 2799/2799 2830/2830
f 2802/2802 2831/2831 2832/2832
f 2799/2799 2794/2794 2793/2793
f 2832/2832 2796/2796 2802/2802
f 2794/2794 2833/2833 2795/2795
f 2793/2793 2834/2834 2797/2797
f 2793/2793 2795/2795 2834/2834
f 2835/2835 2836/2836 2837/2837
f 2769/2769 2803/2803 2838/2838
f 2792/2792 2825/2825 2788/2788
f 2791/2791 2784/2784 2805/2805
f 2839/2839 2840/2840 2841/2841
f 2842/2842 2843/2843 2844/2844
f 2845/2845 2844/2844 2843/2843
f 2846/2846 2847/2847 2848/2848
f 2848/2848 2847/2847 2849/2849
f 2848/2848 2849/2849 2850/2850
f 2851/2851 2852/2852 2853/2853
f 2854/2854 2844/2844 2845/2845
f 2855/2855 2856/2856 2857/2857
f 2858/2858 2859/2859 2860/2860
f 2861/2861 2862/2862 2863/2863
f 2864/2864 2865/2865 2866/2866
f 2867/2867 2868/2868 2869/2869
f 2870/2870 2871/2871 2872/2872
f 2862/2862 2873/2873 2874/2874
f 2875/2875 2876/2876 2862/2862
f 2874/2874 2875/2875 2862/2862
f 2865/2865 2864/2864 2877/2877
f 2878/2878 2859/2859 2858/2858
f 2879/2879 2880/2880 2881/2881
f 2841/2841 2842/2842 2844/2844
f 2882/2882 2883/2883 2845/2845
f 2867/2867 2876/2876 2868/2868
f 2877/2877 2884/2884 2865/2865
f 2862/2862 2876/2876 2867/2867
f 2885/2885 2886/2886 2887/2887
f 2888/2888 2889/2889 2885/2885
f 2854/2854 2883/2883 2890/2890
f 2869/2869 2891/2891 2867/2867
f 2860/2860 2892/2892 2858/2858
f 2870/2870 2893/2893 2871/2871
f 2863/2863 2862/2862 2867/2867
f 2868/2868 2876/2876 2894/2894
f 2872/2872 2895/2895 2870/2870
f 2896/2896 2897/2897 2898/2898
f 2824/2824 2823/2823 2899/2899
f 2883/2883 2854/2854 2845/2845
f 2844/2844 2900/2900 2839/2839
f 2844/2844 2839/2839 2841/2841
f 2901/2901 2902/2902 2903/2903
f 2903/2903 2904/2904 2901/2901
f 2905/2905 2906/2906 2878/2878
f 2865/2865 2907/2907 2855/2855
f 2908/2908 2909/2909 2887/2887
f 2886/2886 2908/2908 2887/2887
f 2887/2887 2910/2910 2885/2885
f 2911/2911 2889/2889 2888/2888
f 2912/2912 2911/2911 2888/2888
f 2913/2913 2870/2870 2914/2914
f 2905/2905 2915/2915 2906/2906
f 2914/2914 2870/2870 2895/2895
f 2858/2858 2916/2916 2878/2878
f 2878/2878 2916/2916 2905/2905
f 2885/2885 2910/2910 2917/2917
f 2918/2918 2888/2888 2885/2885
f 2860/2860 2919/2919 2892/2892
f 2918/2918 2920/2920 2888/2888
f 2892/2892 2897/2897 2858/2858
f 2921/2921 2855/2855 2922/2922
f 2923/2923 2924/2924 2925/2925
f 2926/2926 2918/2918 2927/2927
f 2920/2920 2912/2912 2888/2888
f 2928/2928 2929/2929 2930/2930
f 2931/2931 2932/2932 2933/2933
f 2934/2934 2935/2935 2936/2936
f 2937/2937 2934/2934 2938/2938
f 2939/2939 2940/2940 2941/2941
f 2942/2942 2943/2943 2944/2944
f 2937/2937 2938/2938 2945/2945
f 2946/2946 2947/2947 2948/2948
f 2949/2949 2950/2950 2951/2951
f 2939/2939 2942/2942 2940/2940
f 2952/2952 2949/2949 2951/2951
f 2953/2953 2954/2954 2942/2942
f 2954/2954 2955/2955 2956/2956
f 2957/2957 2958/2958 2675/2675
f 2545/2545 2959/2959 2946/2946
f 2958/2958 2959/2959 2545/2545
f 2960/2960 2961/2961 2962/2962
f 2961/2961 2963/2963 2964/2964
f 2961/2961 2965/2965 2962/2962
f 2961/2961 2966/2966 2965/2965
f 2967/2967 2968/2968 2969/2969
f 2970/2970 2971/2971 2972/2972
f 2673/2673 2973/2973 2974/2974
f 2975/2975 2936/2936 2976/2976
f 2977/2977 2978/2978 2928/2928
f 2979/2979 2980/2980 2981/2981
f 2982/2982 2983/2983 2979/2979
f 2984/2984 2979/2979 2981/2981
f 2985/2985 2649/2649 2986/2986
f 2584/2584 2987/2987 2585/2585
f 2988/2988 2989/2989 2990/2990
f 2991/2991 2992/2992 2993/2993
f 2994/2994 2995/2995 2996/2996
f 1806/1806 2997/2997 2581/2581
f 2998/2998 2999/2999 3000/3000
f 3001/3001 3002/3002 3003/3003
f 2962/2962 3004/3004 2960/2960
f 3005/3005 3006/3006 3007/3007
f 2953/2953 2955/2955 2954/2954
f 2961/2961 2664/2664 2966/2966
f 2961/2961 2964/2964 2699/2699
f 3008/3008 3009/3009 3002/3002
f 3008/3008 3010/3010 3009/3009
f 2981/2981 3009/3009 3010/3010
f 3010/3010 3005/3005 3007/3007
f 3011/3011 2982/2982 2984/2984
f 3012/3012 3013/3013 3014/3014
f 3015/3015 3012/3012 3016/3016
f 3017/3017 3018/3018 3019/3019
f 3020/3020 3021/3021 3022/3022
f 3023/3023 3020/3020 3024/3024
f 3025/3025 3017/3017 3019/3019
f 3026/3026 3023/3023 3027/3027
f 2963/2963 3028/3028 2964/2964
f 3029/3029 3030/3030 3031/3031
f 3028/3028 2662/2662 2699/2699
f 2963/2963 3032/3032 3028/3028
f 3033/3033 3034/3034 3035/3035
f 3036/3036 3037/3037 3023/3023
f 3035/3035 3038/3038 3039/3039
f 3039/3039 3040/3040 2671/2671
f 2626/2626 2673/2673 2974/2974
f 2649/2649 2648/2648 2986/2986
f 3041/3041 3042/3042 2986/2986
f 3041/3041 2986/2986 2648/2648
f 3016/3016 3043/3043 3041/3041
f 3012/3012 3043/3043 3016/3016
f 2552/2552 3041/3041 2648/2648
f 2976/2976 2932/2932 3044/3044
f 3015/3015 3016/3016 3041/3041
f 3023/3023 3045/3045 3020/3020
f 3020/3020 3022/3022 3024/3024
f 3046/3046 3047/3047 3048/3048
f 3049/3049 3050/3050 3051/3051
f 3052/3052 3053/3053 3054/3054
f 3055/3055 3051/3051 3050/3050
f 3053/3053 3056/3056 3054/3054
f 3057/3057 3058/3058 2697/2697
f 3059/3059 3060/3060 3061/3061
f 3062/3062 3061/3061 3063/3063
f 3060/3060 3064/3064 3065/3065
f 3066/3066 3067/3067 2623/2623
f 3066/3066 3068/3068 3067/3067
f 3067/3067 3069/3069 3063/3063
f 3067/3067 3070/3070 3069/3069
f 3071/3071 3072/3072 3073/3073
f 3074/3074 3075/3075 3073/3073
f 3051/3051 2998/2998 3000/3000
f 3076/3076 3077/3077 3078/3078
f 3079/3079 3080/3080 3081/3081
f 3082/3082 3083/3083 2990/2990
f 3084/3084 2933/2933 3072/3072
f 2935/2935 3074/3074 3085/3085
f 3086/3086 3087/3087 3088/3088
f 3087/3087 3089/3089 3090/3090
f 3091/3091 3092/3092 3093/3093
f 3061/3061 3067/3067 3063/3063
f 2930/2930 3074/3074 2935/2935
f 2935/2935 3085/3085 3094/3094
f 2967/2967 3035/3035 2669/2669
f 2623/2623 2625/2625 3066/3066
f 3035/3035 3039/3039 2669/2669
f 2967/2967 2669/2669 2700/2700
f 3095/3095 3047/3047 3046/3046
f 2964/2964 3028/3028 2699/2699
f 2664/2664 2961/2961 2699/2699
f 2967/2967 2969/2969 3035/3035
f 2934/2934 2930/2930 2935/2935
f 2930/2930 2929/2929 3074/3074
f 2980/2980 3096/3096 3002/3002
f 2584/2584 3097/3097 2987/2987
f 3082/3082 2990/2990 2989/2989
f 3083/3083 3098/3098 2990/2990
f 3099/3099 3100/3100 3101/3101
f 3102/3102 2978/2978 2977/2977
f 3103/3103 3034/3034 3033/3033
f 2990/2990 3098/3098 3078/3078
f 3104/3104 3105/3105 3106/3106
f 3081/3081 3104/3104 3079/3079
f 2984/2984 2982/2982 2979/2979
f 2961/2961 2960/2960 2963/2963
f 3062/3062 3059/3059 3061/3061
f 3059/3059 3064/3064 3060/3060
f 3040/3040 2670/2670 2671/2671
f 3101/3101 3100/3100 2955/2955
f 3107/3107 2941/2941 2940/2940
f 2955/2955 3108/3108 2956/2956
f 3079/3079 3109/3109 3080/3080
f 3110/3110 3111/3111 3112/3112
f 3113/3113 3091/3091 3093/3093
f 2573/2573 3052/3052 2691/2691
f 3034/3034 3114/3114 3035/3035
f 2956/2956 3115/3115 3031/3031
f 3096/3096 3003/3003 3002/3002
f 3114/3114 3038/3038 3035/3035
f 3038/3038 3116/3116 3039/3039
f 3116/3116 3040/3040 3039/3039
f 3117/3117 2972/2972 2971/2971
f 2970/2970 2968/2968 2967/2967
f 3035/3035 2969/2969 3033/3033
f 2960/2960 3118/3118 2963/2963
f 3118/3118 3032/3032 2963/2963
f 3032/3032 3119/3119 3028/3028
f 3075/3075 3071/3071 3073/3073
f 3008/3008 3005/3005 3010/3010
f 2978/2978 2929/2929 2928/2928
f 2929/2929 3120/3120 3074/3074
f 3120/3120 3075/3075 3074/3074
f 2928/2928 3121/3121 2977/2977
f 3044/3044 3122/3122 3123/3123
f 3124/3124 3125/3125 3126/3126
f 3071/3071 3084/3084 3072/3072
f 3084/3084 2931/2931 2933/2933
f 2932/2932 3122/3122 3044/3044
f 3108/3108 3115/3115 2956/2956
f 3127/3127 2943/2943 2942/2942
f 2953/2953 3128/3128 3129/3129
f 3127/3127 2942/2942 2939/2939
f 3030/3030 3130/3130 2940/2940
f 3130/3130 3107/3107 2940/2940
f 3131/3131 3086/3086 3088/3088
f 3132/3132 2994/2994 3093/3093
f 3088/3088 3087/3087 3090/3090
f 3021/3021 3133/3133 3022/3022
f 3093/3093 2994/2994 3134/3134
f 3133/3133 3024/3024 3022/3022
f 3024/3024 3017/3017 3025/3025
f 3135/3135 2985/2985 2986/2986
f 3043/3043 3042/3042 3041/3041
f 3042/3042 3135/3135 2986/2986
f 2993/2993 3136/3136 3015/3015
f 2626/2626 3137/3137 2627/2627
f 3138/3138 3139/3139 3140/3140
f 3132/3132 3093/3093 3092/3092
f 3141/3141 3142/3142 3143/3143
f 3144/3144 3082/3082 2989/2989
f 3145/3145 3146/3146 3147/3147
f 3147/3147 3148/3148 3149/3149
f 3150/3150 3151/3151 3152/3152
f 3151/3151 3153/3153 3154/3154
f 3155/3155 3156/3156 3152/3152
f 3157/3157 3158/3158 3159/3159
f 3158/3158 3160/3160 3159/3159
f 3161/3161 3162/3162 3163/3163
f 3164/3164 3165/3165 3161/3161
f 3166/3166 3167/3167 3168/3168
f 3167/3167 3169/3169 3170/3170
f 3164/3164 3168/3168 3170/3170
f 3171/3171 3172/3172 3173/3173
f 3172/3172 3141/3141 3174/3174
f 3142/3142 3175/3175 3176/3176
f 3177/3177 3178/3178 3179/3179
f 3179/3179 3180/3180 3181/3181
f 3181/3181 3182/3182 3183/3183
f 3183/3183 3182/3182 3003/3003
f 3184/3184 3185/3185 3186/3186
f 3187/3187 3188/3188 3189/3189
f 3190/3190 3191/3191 3188/3188
f 3189/3189 3188/3188 3192/3192
f 3193/3193 3194/3194 3189/3189
f 3192/3192 3191/3191 3195/3195
f 3154/3154 3196/3196 3151/3151
f 3178/3178 3180/3180 3179/3179
f 3147/3147 3146/3146 3148/3148
f 3152/3152 3156/3156 3150/3150
f 3180/3180 3182/3182 3181/3181
f 3197/3197 3198/3198 3199/3199
f 3200/3200 3201/3201 3202/3202
f 3203/3203 3204/3204 3205/3205
f 3206/3206 3207/3207 3208/3208
f 3209/3209 3210/3210 3211/3211
f 3212/3212 3213/3213 3214/3214
f 3215/3215 3216/3216 3217/3217
f 3218/3218 3219/3219 3220/3220
f 3144/3144 2989/2989 3221/3221
f 3218/3218 3222/3222 3219/3219
f 3223/3223 3224/3224 3225/3225
f 3226/3226 3227/3227 3134/3134
f 3228/3228 3226/3226 3229/3229
f 3230/3230 3228/3228 3231/3231
f 3232/3232 3223/3223 3233/3233
f 3234/3234 2952/2952 3235/3235
f 3236/3236 3234/3234 3235/3235
f 3165/3165 3237/3237 3161/3161
f 3238/3238 3236/3236 3239/3239
f 3240/3240 3241/3241 3242/3242
f 3243/3243 3244/3244 3245/3245
f 3246/3246 3243/3243 3247/3247
f 3248/3248 3187/3187 3189/3189
f 3249/3249 3194/3194 3193/3193
f 3244/3244 3238/3238 3250/3250
f 3194/3194 3248/3248 3189/3189
f 3251/3251 3252/3252 3253/3253
f 3254/3254 3255/3255 3256/3256
f 3140/3140 3257/3257 3258/3258
f 3259/3259 3260/3260 3261/3261
f 3262/3262 3263/3263 3206/3206
f 3264/3264 3265/3265 3260/3260
f 3266/3266 3267/3267 3268/3268
f 3211/3211 3266/3266 3209/3209
f 3269/3269 3270/3270 3203/3203
f 3238/3238 3239/3239 3250/3250
f 3245/3245 3244/3244 3250/3250
f 3236/3236 3235/3235 3239/3239
f 3245/3245 3250/3250 3239/3239
f 3271/3271 3235/3235 3272/3272
f 3273/3273 3271/3271 3272/3272
f 3216/3216 3246/3246 3247/3247
f 3266/3266 3211/3211 3267/3267
f 3266/3266 3268/3268 3274/3274
f 3247/3247 3243/3243 3273/3273
f 3275/3275 3233/3233 3225/3225
f 3273/3273 3272/3272 3276/3276
f 2988/2988 3221/3221 2989/2989
f 3187/3187 3190/3190 3188/3188
f 3190/3190 3277/3277 3191/3191
f 3277/3277 3278/3278 3279/3279
f 3159/3159 3160/3160 3168/3168
f 3163/3163 3157/3157 3159/3159
f 3167/3167 3170/3170 3168/3168
f 3159/3159 3168/3168 3164/3164
f 3280/3280 1907/1907 1909/1909
f 3230/3230 3231/3231 3281/3281
f 3149/3149 3282/3282 3147/3147
f 2982/2982 3197/3197 2983/2983
f 3228/3228 3229/3229 3231/3231
f 3283/3283 3284/3284 3285/3285
f 3278/3278 3286/3286 3287/3287
f 3134/3134 2994/2994 3229/3229
f 3287/3287 3288/3288 3289/3289
f 3134/3134 3227/3227 3290/3290
f 3252/3252 3291/3291 3292/3292
f 3218/3218 3252/3252 3251/3251
f 3226/3226 3134/3134 3229/3229
f 3293/3293 3216/3216 3247/3247
f 2994/2994 2996/2996 3294/3294
f 3259/3259 3264/3264 3260/3260
f 3223/3223 3225/3225 3233/3233
f 3275/3275 3232/3232 3233/3233
f 3213/3213 3212/3212 3274/3274
f 3211/3211 3207/3207 3206/3206
f 3212/3212 3214/3214 3295/3295
f 3208/3208 3296/3296 3206/3206
f 3283/3283 3192/3192 3195/3195
f 3192/3192 3188/3188 3191/3191
f 3193/3193 3189/3189 3192/3192
f 3173/3173 3172/3172 3174/3174
f 3174/3174 3141/3141 3143/3143
f 3142/3142 3176/3176 3143/3143
f 3297/3297 3195/3195 3191/3191
f 3258/3258 3195/3195 3140/3140
f 3285/3285 3193/3193 3283/3283
f 3283/3283 3195/3195 3258/3258
f 3140/3140 3298/3298 3138/3138
f 3289/3289 3297/3297 3287/3287
f 3140/3140 3195/3195 3297/3297
f 3285/3285 3249/3249 3193/3193
f 3191/3191 3279/3279 3297/3297
f 3277/3277 3279/3279 3191/3191
f 3193/3193 3192/3192 3283/3283
f 3299/3299 3300/3300 3301/3301
f 3175/3175 3302/3302 3176/3176
f 3303/3303 3304/3304 3305/3305
f 3306/3306 3307/3307 3308/3308
f 3309/3309 3303/3303 3305/3305
f 3310/3310 3311/3311 3312/3312
f 3269/3269 3313/3313 3270/3270
f 3314/3314 3315/3315 3316/3316
f 3302/3302 3299/3299 3317/3317
f 3315/3315 3318/3318 3319/3319
f 3320/3320 3321/3321 3322/3322
f 3320/3320 3323/3323 3321/3321
f 3324/3324 3325/3325 3326/3326
f 3327/3327 3328/3328 3329/3329
f 3330/3330 3317/3317 3299/3299
f 3331/3331 3232/3232 3332/3332
f 3184/3184 3317/3317 3333/3333
f 3334/3334 3155/3155 3335/3335
f 3336/3336 3337/3337 3338/3338
f 3339/3339 3185/3185 3184/3184
f 3333/3333 3330/3330 3340/3340
f 3341/3341 3342/3342 3338/3338
f 3343/3343 3344/3344 3345/3345
f 3346/3346 3347/3347 3348/3348
f 3349/3349 3350/3350 3351/3351
f 3342/3342 3336/3336 3338/3338
f 3349/3349 3352/3352 3350/3350
f 3353/3353 3354/3354 3355/3355
f 3354/3354 3356/3356 3357/3357
f 3350/3350 3358/3358 3359/3359
f 3360/3360 3357/3357 3356/3356
f 3356/3356 3337/3337 3361/3361
f 3359/3359 3362/3362 3350/3350
f 3363/3363 3364/3364 3365/3365
f 3366/3366 3367/3367 3368/3368
f 3353/3353 3356/3356 3354/3354
f 3369/3369 3356/3356 3361/3361
f 3353/3353 3355/3355 3370/3370
f 3371/3371 3324/3324 3326/3326
f 3319/3319 3316/3316 3315/3315
f 3372/3372 3373/3373 3374/3374
f 3323/3323 3327/3327 3321/3321
f 3374/3374 3375/3375 3339/3339
f 3278/3278 3376/3376 3286/3286
f 3374/3374 3373/3373 3377/3377
f 3363/3363 3378/3378 3364/3364
f 3372/3372 3379/3379 3380/3380
f 3366/3366 3381/3381 3367/3367
f 3301/3301 3330/3330 3299/3299
f 3330/3330 3382/3382 3340/3340
f 3383/3383 3381/3381 3366/3366
f 3384/3384 3385/3385 3386/3386
f 3387/3387 3388/3388 3389/3389
f 3390/3390 3308/3308 3307/3307
f 3391/3391 3311/3311 3310/3310
f 3392/3392 3393/3393 3394/3394
f 3328/3328 3371/3371 3329/3329
f 3358/3358 3395/3395 3359/3359
f 3396/3396 3397/3397 3398/3398
f 3396/3396 3225/3225 3397/3397
f 3332/3332 3232/3232 3275/3275
f 3399/3399 3400/3400 3305/3305
f 3374/3374 3339/3339 3401/3401
f 3350/3350 3362/3362 3351/3351
f 3333/3333 3317/3317 3330/3330
f 3369/3369 3360/3360 3356/3356
f 3387/3387 3389/3389 3402/3402
f 3403/3403 3404/3404 3405/3405
f 3314/3314 3325/3325 3315/3315
f 3406/3406 3387/3387 3407/3407
f 3408/3408 3406/3406 3409/3409
f 3410/3410 3353/3353 3370/3370
f 3382/3382 3411/3411 3340/3340
f 3312/3312 3323/3323 3320/3320
f 3196/3196 3335/3335 3412/3412
f 3371/3371 3326/3326 3329/3329
f 3155/3155 3152/3152 3412/3412
f 3317/3317 3184/3184 3302/3302
f 3413/3413 3347/3347 3345/3345
f 3321/3321 3327/3327 3414/3414
f 3264/3264 3415/3415 3265/3265
f 3416/3416 3417/3417 3418/3418
f 3155/3155 3412/3412 3335/3335
f 3348/3348 3347/3347 3413/3413
f 3413/3413 3345/3345 3196/3196
f 3419/3419 3314/3314 3316/3316
f 3154/3154 3413/3413 3196/3196
f 3415/3415 3420/3420 3265/3265
f 3224/3224 3397/3397 3225/3225
f 3421/3421 3422/3422 3394/3394
f 3363/3363 3366/3366 3423/3423
f 3347/3347 3343/3343 3345/3345
f 3345/3345 3344/3344 3334/3334
f 3348/3348 3413/3413 3282/3282
f 3269/3269 3424/3424 3425/3425
f 3388/3388 3426/3426 3389/3389
f 3427/3427 3428/3428 3429/3429
f 3306/3306 3429/3429 3254/3254
f 3213/3213 3274/3274 3420/3420
f 3401/3401 3333/3333 3340/3340
f 3400/3400 3309/3309 3305/3305
f 3304/3304 3399/3399 3305/3305
f 3430/3430 3358/3358 3350/3350
f 3224/3224 3398/3398 3397/3397
f 3378/3378 3363/3363 3423/3423
f 3306/3306 3254/3254 3431/3431
f 3346/3346 3348/3348 3282/3282
f 3406/3406 3407/3407 3409/3409
f 3409/3409 3407/3407 3432/3432
f 3363/3363 3383/3383 3366/3366
f 3270/3270 3313/3313 3419/3419
f 3220/3220 3433/3433 3291/3291
f 3434/3434 3435/3435 3436/3436
f 3435/3435 3280/3280 1909/1909
f 3437/3437 3438/3438 3439/3439
f 3440/3440 3441/3441 3442/3442
f 3443/3443 3157/3157 3163/3163
f 3163/3163 3162/3162 3444/3444
f 1909/1909 1927/1927 3436/3436
f 1926/1926 3445/3445 1927/1927
f 3441/3441 3443/3443 3163/3163
f 3163/3163 3444/3444 3442/3442
f 3220/3220 3446/3446 3447/3447
f 3442/3442 3441/3441 3163/3163
f 3436/3436 1927/1927 3445/3445
f 3435/3435 1909/1909 3436/3436
f 3447/3447 3433/3433 3220/3220
f 3448/3448 3449/3449 3450/3450
f 3451/3451 3452/3452 3453/3453
f 3454/3454 3455/3455 3456/3456
f 3452/3452 3457/3457 3456/3456
f 3458/3458 3459/3459 3460/3460
f 3449/3449 3461/3461 3462/3462
f 3457/3457 3454/3454 3456/3456
f 3463/3463 3464/3464 3465/3465
f 3460/3460 3466/3466 3458/3458
f 3448/3448 3467/3467 3449/3449
f 3468/3468 3461/3461 3449/3449
f 3448/3448 3450/3450 3469/3469
f 3460/3460 3470/3470 3471/3471
f 3463/3463 3472/3472 3464/3464
f 3462/3462 3450/3450 3449/3449
f 3454/3454 3473/3473 3455/3455
f 3474/3474 3475/3475 3476/3476
f 3477/3477 3341/3341 3478/3478
f 3479/3479 3480/3480 3481/3481
f 3438/3438 3482/3482 3483/3483
f 3474/3474 3476/3476 3484/3484
f 3408/3408 3409/3409 3485/3485
f 3486/3486 3487/3487 3488/3488
f 3489/3489 3485/3485 3490/3490
f 3491/3491 3384/3384 3492/3492
f 3493/3493 3494/3494 3495/3495
f 3492/3492 3496/3496 3497/3497
f 3498/3498 3410/3410 3370/3370
f 3291/3291 3433/3433 3292/3292
f 3499/3499 3500/3500 3501/3501
f 3502/3502 3503/3503 3492/3492
f 3498/3498 3403/3403 3504/3504
f 3403/3403 3405/3405 3504/3504
f 3505/3505 3506/3506 3507/3507
f 3292/3292 3433/3433 3508/3508
f 3509/3509 3492/3492 3386/3386
f 3508/3508 3485/3485 3409/3409
f 3508/3508 3490/3490 3485/3485
f 3433/3433 3490/3490 3508/3508
f 3292/3292 3508/3508 3409/3409
f 3507/3507 3510/3510 3511/3511
f 3507/3507 3511/3511 3512/3512
f 3480/3480 3474/3474 3481/3481
f 3398/3398 3513/3513 3514/3514
f 3515/3515 3516/3516 3505/3505
f 3517/3517 3396/3396 3516/3516
f 3516/3516 3396/3396 3518/3518
f 3519/3519 3493/3493 3495/3495
f 3520/3520 3521/3521 3522/3522
f 3439/3439 3438/3438 3483/3483
f 3483/3483 3482/3482 3523/3523
f 3476/3476 3520/3520 3522/3522
f 3509/3509 3483/3483 3523/3523
f 3483/3483 3524/3524 3439/3439
f 3521/3521 3484/3484 3476/3476
f 3483/3483 3509/3509 3524/3524
f 3489/3489 3408/3408 3485/3485
f 3410/3410 3525/3525 3526/3526
f 3479/3479 3527/3527 3528/3528
f 3410/3410 3498/3498 3525/3525
f 3487/3487 3499/3499 3529/3529
f 3386/3386 3492/3492 3384/3384
f 3482/3482 3530/3530 3523/3523
f 3523/3523 3530/3530 3502/3502
f 3503/3503 3496/3496 3492/3492
f 3481/3481 3474/3474 3531/3531
f 3487/3487 3532/3532 3499/3499
f 3531/3531 3474/3474 3533/3533
f 3534/3534 3533/3533 3474/3474
f 3534/3534 3474/3474 3484/3484
f 3501/3501 3500/3500 3520/3520
f 3494/3494 3535/3535 3495/3495
f 3521/3521 3476/3476 3522/3522
f 3519/3519 3495/3495 3535/3535
f 3536/3536 3491/3491 3537/3537
f 3535/3535 3538/3538 3539/3539
f 3540/3540 3541/3541 3542/3542
f 3543/3543 3544/3544 3545/3545
f 3546/3546 3547/3547 3548/3548
f 3549/3549 3550/3550 3551/3551
f 3552/3552 3553/3553 3543/3543
f 3451/3451 3554/3554 3452/3452
f 3519/3519 3555/3555 3552/3552
f 3556/3556 3557/3557 3558/3558
f 3546/3546 3559/3559 3560/3560
f 3558/3558 3561/3561 3556/3556
f 3562/3562 3563/3563 3564/3564
f 3543/3543 3565/3565 3552/3552
f 3557/3557 3553/3553 3558/3558
f 3566/3566 3493/3493 3565/3565
f 3567/3567 3568/3568 3569/3569
f 3570/3570 3571/3571 3572/3572
f 3573/3573 3574/3574 3545/3545
f 3575/3575 3573/3573 3544/3544
f 3565/3565 3576/3576 3566/3566
f 3574/3574 3577/3577 3543/3543
f 3577/3577 3578/3578 3565/3565
f 3578/3578 3579/3579 3565/3565
f 3579/3579 3576/3576 3565/3565
f 3557/3557 3575/3575 3544/3544
f 3574/3574 3543/3543 3545/3545
f 3552/3552 3565/3565 3493/3493
f 3552/3552 3493/3493 3519/3519
f 3556/3556 3575/3575 3557/3557
f 3451/3451 3580/3580 3554/3554
f 3581/3581 3582/3582 3583/3583
f 3577/3577 3565/3565 3543/3543
f 3558/3558 3555/3555 3569/3569
f 3546/3546 3583/3583 3559/3559
f 3584/3584 3549/3549 3560/3560
f 3560/3560 3547/3547 3546/3546
f 3544/3544 3573/3573 3545/3545
f 3585/3585 3586/3586 3587/3587
f 3588/3588 3581/3581 3564/3564
f 3563/3563 3588/3588 3564/3564
f 3582/3582 3589/3589 3590/3590
f 3560/3560 3559/3559 3584/3584
f 3591/3591 3592/3592 3593/3593
f 3594/3594 3595/3595 3596/3596
f 3594/3594 3596/3596 3597/3597
f 3598/3598 3591/3591 3593/3593
f 3599/3599 3598/3598 3593/3593
f 3596/3596 3595/3595 3600/3600
f 3596/3596 3600/3600 3601/3601
f 3602/3602 3603/3603 3604/3604
f 3605/3605 3606/3606 3607/3607
f 3602/3602 3608/3608 3603/3603
f 3609/3609 3610/3610 3611/3611
f 3612/3612 3613/3613 3614/3614
f 3615/3615 3616/3616 3617/3617
f 3618/3618 3619/3619 3620/3620
f 3619/3619 3621/3621 3620/3620
f 3622/3622 3623/3623 3624/3624
f 3625/3625 3626/3626 3627/3627
f 3628/3628 3620/3620 3629/3629
f 3614/3614 3613/3613 3630/3630
f 3609/3609 3611/3611 3631/3631
f 3620/3620 3632/3632 3629/3629
f 3629/3629 3633/3633 3628/3628
f 3634/3634 3635/3635 3610/3610
f 3636/3636 3615/3615 3637/3637
f 3637/3637 3615/3615 3617/3617
f 3638/3638 3639/3639 3611/3611
f 3616/3616 3640/3640 3641/3641
f 3611/3611 3639/3639 3642/3642
f 3643/3643 3644/3644 3645/3645
f 3646/3646 3647/3647 3648/3648
f 3649/3649 3650/3650 3651/3651
f 3652/3652 3653/3653 3654/3654
f 3610/3610 3635/3635 3655/3655
f 3656/3656 3657/3657 3658/3658
f 3593/3593 3623/3623 3622/3622
f 3659/3659 3614/3614 3660/3660
f 3645/3645 3661/3661 3662/3662
f 3663/3663 3645/3645 3662/3662
f 3658/3658 3664/3664 3656/3656
f 3653/3653 3652/3652 3665/3665
f 3611/3611 3610/3610 3655/3655
f 3666/3666 3667/3667 3668/3668
f 3614/3614 3630/3630 3660/3660
f 3649/3649 3651/3651 3658/3658
f 3620/3620 3628/3628 3669/3669
f 3670/3670 3671/3671 3622/3622
f 3639/3639 3625/3625 3627/3627
f 3631/3631 3611/3611 3642/3642
f 3630/3630 3672/3672 3660/3660
f 3673/3673 3674/3674 3675/3675
f 3676/3676 3677/3677 3643/3643
f 3678/3678 3677/3677 3676/3676
f 3679/3679 3663/3663 3680/3680
f 3681/3681 3682/3682 3683/3683
f 3684/3684 3685/3685 3680/3680
f 3686/3686 3687/3687 3688/3688
f 3689/3689 3690/3690 3691/3691
f 3692/3692 3693/3693 3694/3694
f 3695/3695 3696/3696 3692/3692
f 3697/3697 3698/3698 3681/3681
f 3699/3699 3697/3697 3681/3681
f 3682/3682 3681/3681 3700/3700
f 3701/3701 3702/3702 3703/3703
f 3663/3663 3704/3704 3645/3645
f 3705/3705 3706/3706 3707/3707
f 3708/3708 3709/3709 3710/3710
f 3708/3708 3711/3711 3712/3712
f 3712/3712 3709/3709 3708/3708
f 3713/3713 3711/3711 3714/3714
f 3715/3715 3716/3716 3717/3717
f 3718/3718 3719/3719 3720/3720
f 3721/3721 3722/3722 3723/3723
f 3724/3724 3725/3725 3726/3726
f 3727/3727 3728/3728 3725/3725
f 3729/3729 3720/3720 3730/3730
f 3731/3731 3732/3732 3733/3733
f 3717/3717 3716/3716 3722/3722
f 3722/3722 3734/3734 3723/3723
f 3735/3735 3736/3736 3737/3737
f 3738/3738 3735/3735 3739/3739
f 3740/3740 3695/3695 3741/3741
f 3742/3742 3740/3740 3741/3741
f 3692/3692 3694/3694 3743/3743
f 3744/3744 3745/3745 3746/3746
f 3747/3747 3748/3748 3744/3744
f 3744/3744 3746/3746 3749/3749
f 3673/3673 3675/3675 3750/3750
f 3744/3744 3751/3751 3745/3745
f 3745/3745 3752/3752 3746/3746
f 3707/3707 3742/3742 3705/3705
f 3746/3746 3752/3752 3673/3673
f 3753/3753 3754/3754 3755/3755
f 3756/3756 3757/3757 3755/3755
f 3758/3758 3759/3759 3760/3760
f 3712/3712 3761/3761 3646/3646
f 3754/3754 3758/3758 3760/3760
f 3762/3762 3763/3763 3764/3764
f 3692/3692 3696/3696 3693/3693
f 3692/3692 3705/3705 3695/3695
f 3690/3690 3756/3756 3754/3754
f 3765/3765 3612/3612 3614/3614
f 3766/3766 3767/3767 3768/3768
f 3769/3769 3770/3770 3771/3771
f 3769/3769 3771/3771 3772/3772
f 3773/3773 3769/3769 3774/3774
f 3775/3775 3768/3768 3772/3772
f 3776/3776 3772/3772 3768/3768
f 3769/3769 3772/3772 3777/3777
f 3774/3774 3778/3778 3779/3779
f 3763/3763 3780/3780 3764/3764
f 3756/3756 3755/3755 3754/3754
f 3781/3781 3754/3754 3762/3762
f 3782/3782 3783/3783 3784/3784
f 3785/3785 3786/3786 3787/3787
f 3788/3788 3789/3789 3659/3659
f 3781/3781 3690/3690 3754/3754
f 3790/3790 3774/3774 3777/3777
f 3777/3777 3772/3772 3776/3776
f 3791/3791 3773/3773 3774/3774
f 3774/3774 3769/3769 3777/3777
f 3792/3792 3774/3774 3790/3790
f 3762/3762 3764/3764 3781/3781
f 3781/3781 3793/3793 3690/3690
f 3690/3690 3793/3793 3691/3691
f 3726/3726 3725/3725 3728/3728
f 3794/3794 3725/3725 3724/3724
f 3708/3708 3710/3710 3714/3714
f 3708/3708 3714/3714 3711/3711
f 3760/3760 3780/3780 3763/3763
f 3753/3753 3758/3758 3754/3754
f 3789/3789 3795/3795 3765/3765
f 3775/3775 3766/3766 3768/3768
f 3736/3736 3796/3796 3737/3737
f 3675/3675 3797/3797 3750/3750
f 3783/3783 3787/3787 3786/3786
f 3798/3798 3799/3799 3733/3733
f 3725/3725 3794/3794 3800/3800
f 3729/3729 3718/3718 3720/3720
f 3647/3647 3646/3646 3761/3761
f 3783/3783 3782/3782 3787/3787
f 3787/3787 3801/3801 3785/3785
f 3802/3802 3803/3803 3784/3784
f 3803/3803 3804/3804 3784/3784
f 3805/3805 3806/3806 3807/3807
f 3805/3805 3808/3808 3809/3809
f 3810/3810 3704/3704 3703/3703
f 3811/3811 3810/3810 3703/3703
f 3676/3676 3643/3643 3645/3645
f 3679/3679 3680/3680 3701/3701
f 3812/3812 3813/3813 3702/3702
f 3814/3814 3815/3815 3697/3697
f 3798/3798 3816/3816 3799/3799
f 3809/3809 3716/3716 3715/3715
f 3674/3674 3817/3817 3675/3675
f 3748/3748 3751/3751 3744/3744
f 3721/3721 3717/3717 3722/3722
f 3701/3701 3703/3703 3679/3679
f 3682/3682 3700/3700 3818/3818
f 3683/3683 3699/3699 3681/3681
f 3815/3815 3819/3819 3697/3697
f 3811/3811 3703/3703 3702/3702
f 3701/3701 3812/3812 3702/3702
f 3697/3697 3699/3699 3814/3814
f 3723/3723 3734/3734 3820/3820
f 3645/3645 3704/3704 3676/3676
f 3680/3680 3685/3685 3701/3701
f 3596/3596 3601/3601 3821/3821
f 3631/3631 3822/3822 3609/3609
f 3597/3597 3596/3596 3823/3823
f 3824/3824 3825/3825 3826/3826
f 3827/3827 3828/3828 3829/3829
f 3827/3827 3830/3830 3828/3828
f 3831/3831 3832/3832 3833/3833
f 3601/3601 3834/3834 3821/3821
f 3835/3835 3836/3836 3596/3596
f 3821/3821 3835/3835 3596/3596
f 3823/3823 3596/3596 3836/3836
f 3837/3837 3838/3838 3839/3839
f 3840/3840 3839/3839 3841/3841
f 3842/3842 3843/3843 3844/3844
f 3845/3845 3846/3846 3843/3843
f 3843/3843 3847/3847 3845/3845
f 3848/3848 3843/3843 3842/3842
f 3839/3839 3849/3849 3841/3841
f 3840/3840 3850/3850 3837/3837
f 3851/3851 3837/3837 3850/3850
f 3829/3829 3852/3852 3827/3827
f 3839/3839 3840/3840 3837/3837
f 3853/3853 3842/3842 3844/3844
f 3609/3609 3854/3854 3610/3610
f 3855/3855 3856/3856 3857/3857
f 3855/3855 3652/3652 3856/3856
f 3827/3827 3858/3858 3830/3830
f 3618/3618 3859/3859 3860/3860
f 3861/3861 3624/3624 3623/3623
f 3862/3862 3634/3634 3610/3610
f 3863/3863 3864/3864 3616/3616
f 3610/3610 3854/3854 3862/3862
f 3865/3865 3619/3619 3618/3618
f 3616/3616 3864/3864 3866/3866
f 3867/3867 3868/3868 3869/3869
f 3855/3855 3870/3870 3665/3665
f 3871/3871 3872/3872 3864/3864
f 3672/3672 3873/3873 3660/3660
f 3825/3825 3874/3874 3826/3826
f 3861/3861 3666/3666 3668/3668
f 3875/3875 3863/3863 3616/3616
f 3863/3863 3871/3871 3864/3864
f 3871/3871 3867/3867 3872/3872
f 3855/3855 3876/3876 3870/3870
f 3668/3668 3624/3624 3861/3861
f 3652/3652 3855/3855 3665/3665
f 3877/3877 3878/3878 3879/3879
f 3880/3880 3881/3881 3882/3882
f 3737/3737 3883/3883 3884/3884
f 3788/3788 3885/3885 3886/3886
f 3881/3881 3884/3884 3887/3887
f 3888/3888 3880/3880 3882/3882
f 3884/3884 3883/3883 3889/3889
f 3879/3879 3878/3878 3865/3865
f 3878/3878 3619/3619 3865/3865
f 3884/3884 3735/3735 3737/3737
f 3884/3884 3881/3881 3735/3735
f 3890/3890 3739/3739 3880/3880
f 3752/3752 3891/3891 3892/3892
f 3674/3674 3673/3673 3892/3892
f 3673/3673 3752/3752 3892/3892
f 3881/3881 3880/3880 3739/3739
f 3881/3881 3739/3739 3735/3735
f 3888/3888 3893/3893 3880/3880
f 3894/3894 3888/3888 3882/3882
f 3895/3895 3674/3674 3892/3892
f 3745/3745 3891/3891 3752/3752
f 3896/3896 3897/3897 3898/3898
f 3899/3899 3897/3897 3896/3896
f 3900/3900 3901/3901 3902/3902
f 3903/3903 3898/3898 3897/3897
f 3904/3904 3903/3903 3897/3897
f 3905/3905 3899/3899 3896/3896
f 3906/3906 3905/3905 3896/3896
f 3907/3907 3908/3908 3909/3909
f 3898/3898 3906/3906 3896/3896
f 3909/3909 3897/3897 3907/3907
f 3902/3902 3901/3901 3910/3910
f 3904/3904 3897/3897 3909/3909
f 3900/3900 3911/3911 3901/3901
f 3912/3912 3858/3858 3913/3913
f 3914/3914 3915/3915 3916/3916
f 3909/3909 3917/3917 3904/3904
f 3907/3907 3918/3918 3908/3908
f 3901/3901 3916/3916 3915/3915
f 3901/3901 3915/3915 3910/3910
f 3919/3919 3920/3920 3921/3921
f 3921/3921 3922/3922 3923/3923
f 3924/3924 3921/3921 3920/3920
f 3925/3925 3919/3919 3921/3921
f 3921/3921 3924/3924 3922/3922
f 3926/3926 3927/3927 3928/3928
f 3929/3929 3930/3930 3931/3931
f 3932/3932 3933/3933 3928/3928
f 3932/3932 3934/3934 3933/3933
f 3935/3935 3936/3936 3937/3937
f 3938/3938 3939/3939 3940/3940
f 3933/3933 3941/3941 3938/3938
f 3942/3942 3943/3943 3921/3921
f 3936/3936 3944/3944 3449/3449
f 3449/3449 3467/3467 3945/3945
f 3941/3941 3939/3939 3938/3938
f 3934/3934 3941/3941 3933/3933
f 3938/3938 3940/3940 3946/3946
f 3929/3929 3931/3931 3607/3607
f 3921/3921 3943/3943 3947/3947
f 3948/3948 3465/3465 3464/3464
f 3923/3923 3942/3942 3921/3921
f 3933/3933 3926/3926 3928/3928
f 3938/3938 3926/3926 3933/3933
f 3949/3949 3950/3950 3951/3951
f 3952/3952 3949/3949 3953/3953
f 3954/3954 3955/3955 3956/3956
f 3957/3957 3958/3958 3959/3959
f 3960/3960 3961/3961 3962/3962
f 3961/3961 3963/3963 3964/3964
f 3965/3965 3966/3966 3967/3967
f 3968/3968 3969/3969 3970/3970
f 3971/3971 3972/3972 3964/3964
f 3973/3973 3974/3974 3975/3975
f 3973/3973 3975/3975 3976/3976
f 3977/3977 3978/3978 3974/3974
f 3972/3972 3979/3979 3980/3980
f 3971/3971 3964/3964 3963/3963
f 3972/3972 3980/3980 3964/3964
f 3962/3962 3961/3961 3964/3964
f 3964/3964 3980/3980 3981/3981
f 3921/3921 3947/3947 3982/3982
f 3925/3925 3982/3982 3983/3983
f 3604/3604 3984/3984 3985/3985
f 3986/3986 3987/3987 3988/3988
f 3951/3951 3989/3989 3986/3986
f 3990/3990 3957/3957 3959/3959
f 3959/3959 3958/3958 3960/3960
f 3979/3979 3991/3991 3992/3992
f 3979/3979 3992/3992 3980/3980
f 3970/3970 3992/3992 3991/3991
f 3993/3993 3981/3981 3970/3970
f 3994/3994 3995/3995 3996/3996
f 3986/3986 3989/3989 3987/3987
f 3604/3604 3985/3985 3602/3602
f 3977/3977 3956/3956 3955/3955
f 3994/3994 3970/3970 3969/3969
f 3962/3962 3964/3964 3997/3997
f 3998/3998 3602/3602 3985/3985
f 3982/3982 3925/3925 3921/3921
f 3951/3951 3950/3950 3989/3989
f 3999/3999 3957/3957 3990/3990
f 3985/3985 3984/3984 4000/4000
f 3949/3949 3951/3951 3953/3953
f 3986/3986 4001/4001 3951/3951
f 3974/3974 4002/4002 4003/4003
f 3974/3974 3978/3978 4002/4002
f 4004/4004 4005/4005 4006/4006
f 4007/4007 4008/4008 4009/4009
f 3944/3944 4010/4010 4011/4011
f 4012/4012 4013/4013 4014/4014
f 4015/4015 4016/4016 4017/4017
f 3586/3586 3585/3585 4018/4018
f 4019/4019 4020/4020 4021/4021
f 4017/4017 4016/4016 4022/4022
f 3586/3586 4018/4018 4023/4023
f 4024/4024 4025/4025 4026/4026
f 4027/4027 4028/4028 4029/4029
f 4030/4030 4031/4031 4032/4032
f 4033/4033 4017/4017 4034/4034
f 4035/4035 4021/4021 4036/4036
f 4037/4037 4038/4038 4024/4024
f 4039/4039 4037/4037 4024/4024
f 4033/4033 4015/4015 4017/4017
f 4040/4040 4041/4041 4042/4042
f 4043/4043 4044/4044 4045/4045
f 4046/4046 4036/4036 4047/4047
f 4048/4048 4049/4049 4045/4045
f 4050/4050 4051/4051 4052/4052
f 4053/4053 4054/4054 4055/4055
f 4056/4056 4057/4057 4058/4058
f 4059/4059 4060/4060 4055/4055
f 4059/4059 4061/4061 4060/4060
f 4060/4060 4062/4062 4063/4063
f 4064/4064 4063/4063 4062/4062
f 4065/4065 4062/4062 4066/4066
f 4067/4067 4056/4056 4058/4058
f 4068/4068 4069/4069 4070/4070
f 4071/4071 4070/4070 4058/4058
f 4072/4072 4031/4031 4030/4030
f 4073/4073 4074/4074 4075/4075
f 4076/4076 4028/4028 4027/4027
f 4025/4025 4046/4046 4047/4047
f 3540/3540 4077/4077 4078/4078
f 3541/3541 3540/3540 4078/4078
f 4079/4079 4080/4080 4081/4081
f 4054/4054 4082/4082 4083/4083
f 4054/4054 4083/4083 4084/4084
f 4085/4085 4055/4055 4060/4060
f 4065/4065 4064/4064 4062/4062
f 4064/4064 4086/4086 4063/4063
f 4023/4023 4087/4087 3586/3586
f 4046/4046 4035/4035 4036/4036
f 4035/4035 4019/4019 4021/4021
f 4019/4019 4088/4088 4020/4020
f 4024/4024 4026/4026 4039/4039
f 4084/4084 4083/4083 4089/4089
f 3559/3559 3583/3583 4090/4090
f 3584/3584 3559/3559 4090/4090
f 4090/4090 4091/4091 4092/4092
f 4029/4029 4028/4028 4072/4072
f 4074/4074 4093/4093 4048/4048
f 4094/4094 4079/4079 4081/4081
f 4074/4074 4048/4048 4095/4095
f 4075/4075 4074/4074 4095/4095
f 4052/4052 4096/4096 4097/4097
f 4033/4033 4098/4098 4015/4015
f 4099/4099 4100/4100 4101/4101
f 4043/4043 4102/4102 4044/4044
f 4103/4103 4104/4104 4102/4102
f 4073/4073 4105/4105 4074/4074
f 4106/4106 4107/4107 4108/4108
f 4078/4078 4079/4079 3541/3541
f 4069/4069 4109/4109 4070/4070
f 4078/4078 4080/4080 4079/4079
f 4110/4110 4105/4105 4073/4073
f 4111/4111 4041/4041 4040/4040
f 4042/4042 4112/4112 4098/4098
f 4044/4044 4048/4048 4045/4045
f 4016/4016 4015/4015 4113/4113
f 4018/4018 4039/4039 4026/4026
f 4016/4016 4114/4114 4022/4022
f 4016/4016 4113/4113 4114/4114
f 4018/4018 4026/4026 4021/4021
f 4054/4054 4084/4084 4115/4115
f 4021/4021 4026/4026 4036/4036
f 4054/4054 4115/4115 4059/4059
f 4041/4041 4112/4112 4042/4042
f 3585/3585 4039/4039 4018/4018
f 4098/4098 4113/4113 4015/4015
f 4112/4112 4116/4116 4012/4012
f 3586/3586 4087/4087 4117/4117
f 4017/4017 4118/4118 4119/4119
f 4054/4054 4053/4053 4082/4082
f 4054/4054 4059/4059 4055/4055
f 4050/4050 4120/4120 4121/4121
f 4075/4075 4050/4050 4121/4121
f 4099/4099 4122/4122 4100/4100
f 4099/4099 4101/4101 4123/4123
f 4124/4124 4122/4122 4099/4099
f 4058/4058 4057/4057 4071/4071
f 4075/4075 4121/4121 4073/4073
f 4096/4096 4125/4125 4097/4097
f 4116/4116 4013/4013 4012/4012
f 4079/4079 4126/4126 3541/3541
f 4077/4077 4127/4127 4128/4128
f 3540/3540 4127/4127 4077/4077
f 4094/4094 4106/4106 4079/4079
f 4063/4063 4086/4086 4129/4129
f 4130/4130 4131/4131 4053/4053
f 4132/4132 4066/4066 4061/4061
f 4084/4084 4133/4133 4134/4134
f 4033/4033 4135/4135 4136/4136
f 4017/4017 4119/4119 4034/4034
f 4105/4105 4093/4093 4074/4074
f 4086/4086 4137/4137 4129/4129
f 4043/4043 4103/4103 4102/4102
f 4138/4138 4109/4109 4069/4069
f 4138/4138 4139/4139 4140/4140
f 4071/4071 4068/4068 4070/4070
f 4109/4109 4123/4123 4070/4070
f 4093/4093 4049/4049 4048/4048
f 4141/4141 4120/4120 4050/4050
f 4067/4067 4058/4058 4101/4101
f 4142/4142 4143/4143 4144/4144
f 4142/4142 4145/4145 4076/4076
f 4146/4146 4147/4147 4148/4148
f 4149/4149 4150/4150 4146/4146
f 4151/4151 4152/4152 4153/4153
f 4154/4154 4155/4155 4156/4156
f 4103/4103 4157/4157 4104/4104
f 4158/4158 4159/4159 4160/4160
f 4156/4156 4161/4161 4162/4162
f 4162/4162 4161/4161 4163/4163
f 4163/4163 4164/4164 4165/4165
f 4166/4166 4160/4160 4165/4165
f 4163/4163 4167/4167 4164/4164
f 4168/4168 4165/4165 4164/4164
f 4169/4169 4170/4170 4171/4171
f 4159/4159 4172/4172 4173/4173
f 4171/4171 4174/4174 4175/4175
f 4176/4176 4177/4177 4178/4178
f 4005/4005 4176/4176 4178/4178
f 4175/4175 4179/4179 4180/4180
f 4176/4176 4181/4181 4177/4177
f 4179/4179 4182/4182 4183/4183
f 4183/4183 4184/4184 4185/4185
f 4186/4186 4181/4181 4185/4185
f 4178/4178 4187/4187 4188/4188
f 4189/4189 4190/4190 4191/4191
f 4192/4192 4193/4193 4194/4194
f 4195/4195 4196/4196 4192/4192
f 4192/4192 4197/4197 4193/4193
f 4198/4198 4199/4199 4200/4200
f 4193/4193 4201/4201 4194/4194
f 4202/4202 4203/4203 4180/4180
f 4151/4151 4156/4156 4162/4162
f 4204/4204 4162/4162 4163/4163
f 4005/4005 4004/4004 4176/4176
f 4176/4176 4179/4179 4181/4181
f 4179/4179 4183/4183 4181/4181
f 4181/4181 4183/4183 4185/4185
f 4180/4180 4179/4179 4176/4176
f 4196/4196 4197/4197 4192/4192
f 4199/4199 4205/4205 4200/4200
f 4184/4184 4186/4186 4185/4185
f 4170/4170 4174/4174 4171/4171
f 4174/4174 4179/4179 4175/4175
f 4182/4182 4184/4184 4183/4183
f 4167/4167 4168/4168 4164/4164
f 4004/4004 4006/4006 4206/4206
f 4203/4203 4169/4169 4171/4171
f 4178/4178 4207/4207 4005/4005
f 4186/4186 4177/4177 4181/4181
f 4155/4155 4208/4208 4156/4156
f 4208/4208 4161/4161 4156/4156
f 4161/4161 4167/4167 4163/4163
f 4209/4209 4210/4210 4211/4211
f 4209/4209 4211/4211 4153/4153
f 4168/4168 4166/4166 4165/4165
f 4166/4166 4212/4212 4160/4160
f 4212/4212 4158/4158 4160/4160
f 4201/4201 4193/4193 4213/4213
f 4194/4194 4201/4201 4214/4214
f 4144/4144 4215/4215 4216/4216
f 4189/4189 4217/4217 4190/4190
f 4218/4218 4196/4196 4195/4195
f 4200/4200 4219/4219 4220/4220
f 4192/4192 4221/4221 4195/4195
f 4199/4199 4222/4222 4205/4205
f 4205/4205 4223/4223 4200/4200
f 4004/4004 4206/4206 4202/4202
f 4188/4188 4207/4207 4178/4178
f 4224/4224 4155/4155 4154/4154
f 4225/4225 4226/4226 4227/4227
f 4228/4228 4144/4144 4143/4143
f 4157/4157 4229/4229 4230/4230
f 4231/4231 4142/4142 4144/4144
f 4104/4104 4157/4157 4230/4230
f 4215/4215 4144/4144 4228/4228
f 4227/4227 4226/4226 4231/4231
f 4189/4189 4232/4232 4148/4148
f 4230/4230 4233/4233 4104/4104
f 4029/4029 4149/4149 4146/4146
f 4232/4232 4228/4228 4029/4029
f 4234/4234 4235/4235 4236/4236
f 4237/4237 4234/4234 4236/4236
f 4237/4237 4236/4236 4238/4238
f 4201/4201 4236/4236 4214/4214
f 4239/4239 4240/4240 4241/4241
f 4242/4242 4236/4236 4235/4235
f 4243/4243 4244/4244 4245/4245
f 4246/4246 4243/4243 4245/4245
f 4247/4247 4246/4246 4248/4248
f 3991/3991 4249/4249 4250/4250
f 3687/3687 4247/4247 4251/4251
f 4252/4252 4253/4253 4254/4254
f 4255/4255 4252/4252 4254/4254
f 4256/4256 4257/4257 4258/4258
f 4259/4259 4260/4260 4261/4261
f 4262/4262 4263/4263 4264/4264
f 4265/4265 4266/4266 4267/4267
f 4268/4268 4269/4269 4270/4270
f 4271/4271 4268/4268 4270/4270
f 4272/4272 4271/4271 4273/4273
f 4274/4274 4275/4275 4276/4276
f 4277/4277 4278/4278 4279/4279
f 4280/4280 4281/4281 4282/4282
f 4283/4283 4280/4280 4284/4284
f 4279/4279 4283/4283 4277/4277
f 4281/4281 4272/4272 4285/4285
f 4261/4261 4286/4286 4287/4287
f 4261/4261 4287/4287 4288/4288
f 3991/3991 4250/4250 4289/4289
f 4259/4259 4261/4261 4290/4290
f 3979/3979 4249/4249 3991/3991
f 4259/4259 4290/4290 4291/4291
f 4288/4288 4292/4292 4261/4261
f 4293/4293 4292/4292 4288/4288
f 4294/4294 4295/4295 4296/4296
f 4297/4297 4298/4298 4299/4299
f 4251/4251 4248/4248 4300/4300
f 4301/4301 4302/4302 4001/4001
f 4262/4262 4303/4303 4267/4267
f 4304/4304 4305/4305 4306/4306
f 4307/4307 4308/4308 4309/4309
f 4310/4310 4307/4307 4311/4311
f 4312/4312 4313/4313 4314/4314
f 3967/3967 4315/4315 3965/3965
f 4316/4316 4317/4317 4299/4299
f 4318/4318 4319/4319 4320/4320
f 4298/4298 4321/4321 4316/4316
f 4322/4322 4323/4323 4258/4258
f 4324/4324 4325/4325 4326/4326
f 4327/4327 4328/4328 4329/4329
f 4267/4267 4266/4266 4258/4258
f 4312/4312 4314/4314 4330/4330
f 4331/4331 4278/4278 4277/4277
f 3731/3731 4332/4332 4333/4333
f 4334/4334 4310/4310 4311/4311
f 4335/4335 4336/4336 4337/4337
f 4328/4328 4314/4314 4329/4329
f 4321/4321 4338/4338 4328/4328
f 4315/4315 4329/4329 4339/4339
f 4315/4315 4313/4313 3965/3965
f 4331/4331 4340/4340 4278/4278
f 4327/4327 4329/4329 4341/4341
f 4342/4342 4341/4341 4315/4315
f 4316/4316 4321/4321 4328/4328
f 4343/4343 4344/4344 4345/4345
f 4308/4308 4346/4346 3798/3798
f 4262/4262 4264/4264 4347/4347
f 4303/4303 4262/4262 4347/4347
f 4348/4348 4311/4311 4309/4309
f 4349/4349 4306/4306 4350/4350
f 4351/4351 4349/4349 3973/3973
f 4306/4306 4305/4305 4352/4352
f 4306/4306 4352/4352 4350/4350
f 4353/4353 4354/4354 4254/4254
f 4254/4254 4354/4354 4355/4355
f 4355/4355 4356/4356 4357/4357
f 4358/4358 4304/4304 4306/4306
f 4296/4296 4295/4295 4359/4359
f 4359/4359 4351/4351 3973/3973
f 4351/4351 4358/4358 4306/4306
f 4351/4351 4306/4306 4349/4349
f 4359/4359 4358/4358 4351/4351
f 4272/4272 4273/4273 4285/4285
f 4282/4282 4281/4281 4285/4285
f 4271/4271 4270/4270 4273/4273
f 4284/4284 4280/4280 4282/4282
f 4284/4284 4360/4360 4277/4277
f 4331/4331 4361/4361 4275/4275
f 4269/4269 4362/4362 4270/4270
f 4363/4363 4270/4270 4276/4276
f 4276/4276 4270/4270 4362/4362
f 4277/4277 4283/4283 4284/4284
f 4361/4361 4276/4276 4275/4275
f 4256/4256 4258/4258 4266/4266
f 4258/4258 4257/4257 4322/4322
f 4251/4251 4300/4300 3688/3688
f 4323/4323 4267/4267 4258/4258
f 3732/3732 3798/3798 3733/3733
f 4311/4311 4307/4307 4309/4309
f 4299/4299 4298/4298 4316/4316
f 4341/4341 4329/4329 4315/4315
f 4315/4315 4339/4339 4313/4313
f 4314/4314 4339/4339 4329/4329
f 4338/4338 4364/4364 4330/4330
f 4365/4365 4355/4355 4357/4357
f 4254/4254 4253/4253 4353/4353
f 4255/4255 4254/4254 4257/4257
f 4365/4365 4322/4322 4366/4366
f 4303/4303 4265/4265 4267/4267
f 4262/4262 4267/4267 4365/4365
f 4324/4324 4326/4326 4244/4244
f 4301/4301 4245/4245 4302/4302
f 4248/4248 4246/4246 4245/4245
f 3952/3952 3953/3953 4325/4325
f 4367/4367 4259/4259 4291/4291
f 4261/4261 4260/4260 4286/4286
f 4251/4251 4247/4247 4248/4248
f 3688/3688 3687/3687 4251/4251
f 4363/4363 4273/4273 4270/4270
f 4313/4313 4339/4339 4314/4314
f 4368/4368 4369/4369 4370/4370
f 4371/4371 4372/4372 4373/4373
f 4371/4371 4374/4374 4375/4375
f 4376/4376 4377/4377 4378/4378
f 4379/4379 4378/4378 4380/4380
f 4381/4381 4382/4382 4376/4376
f 4383/4383 4384/4384 4385/4385
f 4386/4386 4383/4383 4387/4387
f 4388/4388 4389/4389 4386/4386
f 4390/4390 4391/4391 4388/4388
f 4392/4392 4393/4393 4394/4394
f 4390/4390 4388/4388 4395/4395
f 4396/4396 4397/4397 4398/4398
f 4399/4399 4400/4400 4398/4398
f 4401/4401 4392/4392 4394/4394
f 4402/4402 4401/4401 4397/4397
f 4403/4403 4404/4404 4405/4405
f 2922/2922 4406/4406 4407/4407
f 2892/2892 4408/4408 4409/4409
f 4409/4409 4410/4410 2897/2897
f 2882/2882 4411/4411 4412/4412
f 4413/4413 4414/4414 4415/4415
f 4416/4416 4417/4417 4418/4418
f 4419/4419 4420/4420 4421/4421
f 4422/4422 4423/4423 4424/4424
f 4423/4423 4425/4425 4426/4426
f 4412/4412 4427/4427 2882/2882
f 4428/4428 4429/4429 4430/4430
f 2852/2852 4431/4431 4432/4432
f 2851/2851 4433/4433 2852/2852
f 2919/2919 4434/4434 2892/2892
f 4434/4434 4408/4408 2892/2892
f 4370/4370 4435/4435 4436/4436
f 4382/4382 4377/4377 4376/4376
f 4381/4381 4437/4437 4438/4438
f 4391/4391 4389/4389 4388/4388
f 4386/4386 4384/4384 4383/4383
f 4439/4439 4440/4440 4395/4395
f 4441/4441 4442/4442 4443/4443
f 4396/4396 4444/4444 4397/4397
f 4444/4444 4402/4402 4397/4397
f 4445/4445 4446/4446 4447/4447
f 4448/4448 4449/4449 4450/4450
f 4451/4451 4452/4452 4453/4453
f 4454/4454 4455/4455 4456/4456
f 4457/4457 4458/4458 4459/4459
f 4460/4460 4461/4461 4456/4456
f 4461/4461 4453/4453 4452/4452
f 4456/4456 4461/4461 4454/4454
f 4461/4461 4452/4452 4454/4454
f 4462/4462 4453/4453 4461/4461
f 4371/4371 4463/4463 4372/4372
f 4395/4395 4388/4388 4464/4464
f 4465/4465 4387/4387 4466/4466
f 4387/4387 4383/4383 4466/4466
f 4388/4388 4386/4386 4387/4387
f 4379/4379 4376/4376 4378/4378
f 4467/4467 4468/4468 4469/4469
f 4467/4467 4469/4469 4470/4470
f 4370/4370 4369/4369 4471/4471
f 2921/2921 2922/2922 4472/4472
f 4472/4472 2922/2922 4407/4407
f 2897/2897 4410/4410 2898/2898
f 2892/2892 4409/4409 2897/2897
f 2852/2852 4428/4428 4430/4430
f 2853/2853 2852/2852 4430/4430
f 2901/2901 2904/2904 4473/4473
f 4426/4426 4474/4474 4423/4423
f 4421/4421 4475/4475 4476/4476
f 4421/4421 4476/4476 4419/4419
f 4417/4417 4476/4476 4418/4418
f 4421/4421 4420/4420 4477/4477
f 2882/2882 4427/4427 2883/2883
f 2852/2852 4433/4433 4431/4431
f 2852/2852 4432/4432 4478/4478
f 4479/4479 4480/4480 4481/4481
f 4419/4419 4476/4476 4417/4417
f 4474/4474 4482/4482 4423/4423
f 4423/4423 4482/4482 4424/4424
f 4425/4425 4483/4483 4426/4426
f 4443/4443 4397/4397 4401/4401
f 4484/4484 4485/4485 4442/4442
f 4447/4447 4486/4486 4445/4445
f 4449/4449 4487/4487 4450/4450
f 4452/4452 4488/4488 4454/4454
f 4455/4455 4457/4457 4456/4456
f 4489/4489 4451/4451 4453/4453
f 4490/4490 4487/4487 4449/4449
f 4491/4491 4486/4486 4447/4447
f 4492/4492 4428/4428 4493/4493
f 4494/4494 4483/4483 4425/4425
f 4495/4495 4496/4496 4385/4385
f 4497/4497 4498/4498 4499/4499
f 4378/4378 4500/4500 4501/4501
f 4502/4502 4503/4503 4504/4504
f 4497/4497 4499/4499 4505/4505
f 4506/4506 4497/4497 4505/4505
f 4498/4498 4507/4507 4499/4499
f 4384/4384 4495/4495 4385/4385
f 4377/4377 4508/4508 4378/4378
f 4378/4378 4501/4501 4506/4506
f 4508/4508 4509/4509 4500/4500
f 4510/4510 4511/4511 4512/4512
f 4509/4509 4501/4501 4500/4500
f 4513/4513 4502/4502 4514/4514
f 4368/4368 4515/4515 4516/4516
f 4517/4517 4518/4518 4022/4022
f 4519/4519 4520/4520 4521/4521
f 4511/4511 4522/4522 4368/4368
f 4513/4513 4514/4514 4523/4523
f 4458/4458 4524/4524 4525/4525
f 4503/4503 4403/4403 4405/4405
f 4459/4459 4458/4458 4525/4525
f 4502/4502 4504/4504 4514/4514
f 4496/4496 4519/4519 4385/4385
f 4462/4462 4526/4526 4527/4527
f 4496/4496 4520/4520 4519/4519
f 4528/4528 4529/4529 4523/4523
f 4528/4528 4530/4530 4529/4529
f 4471/4471 4369/4369 4531/4531
f 4471/4471 4531/4531 4504/4504
f 4378/4378 4508/4508 4500/4500
f 4531/4531 4514/4514 4504/4504
f 4532/4532 4533/4533 4534/4534
f 4535/4535 4536/4536 4537/4537
f 4538/4538 4537/4537 4539/4539
f 4540/4540 4534/4534 4541/4541
f 4536/4536 4542/4542 4539/4539
f 4543/4543 4544/4544 4545/4545
f 4546/4546 4547/4547 4545/4545
f 4548/4548 4549/4549 4550/4550
f 4551/4551 4552/4552 4553/4553
f 4554/4554 4555/4555 4556/4556
f 4557/4557 4558/4558 4559/4559
f 4560/4560 4561/4561 4562/4562
f 4563/4563 4564/4564 4565/4565
f 4566/4566 4567/4567 4568/4568
f 4569/4569 4570/4570 4571/4571
f 4569/4569 4540/4540 4570/4570
f 4572/4572 4573/4573 4574/4574
f 4574/4574 4575/4575 4576/4576
f 4576/4576 4577/4577 4578/4578
f 4579/4579 4580/4580 4581/4581
f 4582/4582 1725/1725 1726/1726
f 4557/4557 4548/4548 4550/4550
f 4557/4557 4550/4550 4558/4558
f 4583/4583 4584/4584 4585/4585
f 4586/4586 4587/4587 4588/4588
f 4589/4589 4590/4590 2767/2767
f 4591/4591 4592/4592 4593/4593
f 4594/4594 4595/4595 4596/4596
f 4597/4597 4598/4598 4599/4599
f 2763/2763 4600/4600 4601/4601
f 2768/2768 2763/2763 4601/4601
f 4602/4602 4603/4603 4604/4604
f 4605/4605 4604/4604 4606/4606
f 4607/4607 4608/4608 4609/4609
f 4610/4610 4609/4609 4608/4608
f 4610/4610 4608/4608 4611/4611
f 4590/4590 4610/4610 2765/2765
f 4612/4612 4613/4613 2765/2765
f 4596/4596 4595/4595 4614/4614
f 4594/4594 4606/4606 4615/4615
f 4596/4596 4606/4606 4594/4594
f 4616/4616 4617/4617 4618/4618
f 1693/1693 4616/4616 4619/4619
f 1693/1693 4620/4620 4616/4616
f 4606/4606 4621/4621 4615/4615
f 1720/1720 4622/4622 4623/4623
f 4624/4624 4625/4625 4626/4626
f 4627/4627 4628/4628 4629/4629
f 4588/4588 4587/4587 4630/4630
f 4584/4584 4586/4586 4585/4585
f 4588/4588 4627/4627 4629/4629
f 4629/4629 4628/4628 4631/4631
f 4632/4632 4633/4633 4634/4634
f 1721/1721 4635/4635 4572/4572
f 1721/1721 4572/4572 1689/1689
f 4573/4573 4632/4632 4574/4574
f 4569/4569 4636/4636 4532/4532
f 4532/4532 4566/4566 4568/4568
f 4540/4540 4532/4532 4534/4534
f 4569/4569 4532/4532 4540/4540
f 4565/4565 4564/4564 4637/4637
f 4543/4543 4545/4545 4547/4547
f 4544/4544 4638/4638 4545/4545
f 4552/4552 4546/4546 4545/4545
f 4545/4545 4638/4638 4639/4639
f 4539/4539 4537/4537 4536/4536
f 4553/4553 4552/4552 4545/4545
f 4640/4640 4539/4539 4542/4542
f 1700/1700 4641/4641 1726/1726
f 1726/1726 4642/4642 4643/4643
f 1726/1726 4641/4641 4642/4642
f 4644/4644 4645/4645 4646/4646
f 4647/4647 4557/4557 4561/4561
f 4579/4579 4641/4641 1700/1700
f 4548/4548 4557/4557 4647/4647
f 4648/4648 4649/4649 4650/4650
f 4651/4651 4652/4652 4653/4653
f 4654/4654 4652/4652 4651/4651
f 4655/4655 4656/4656 4657/4657
f 4658/4658 4659/4659 4660/4660
f 4661/4661 4662/4662 4663/4663
f 4664/4664 4657/4657 4665/4665
f 4666/4666 4667/4667 4668/4668
f 4669/4669 4643/4643 4642/4642
f 4644/4644 4646/4646 4557/4557
f 4557/4557 4646/4646 4561/4561
f 4562/4562 4670/4670 4560/4560
f 4646/4646 4562/4562 4561/4561
f 4671/4671 1747/1747 1746/1746
f 4671/4671 1746/1746 4672/4672
f 4672/4672 1746/1746 4673/4673
f 4585/4585 4674/4674 4583/4583
f 4588/4588 4629/4629 4586/4586
f 4586/4586 4629/4629 4585/4585
f 4675/4675 4667/4667 4676/4676
f 4677/4677 4678/4678 4679/4679
f 4680/4680 4681/4681 4682/4682
f 4683/4683 4678/4678 4677/4677
f 4658/4658 4660/4660 4684/4684
f 4661/4661 4685/4685 4662/4662
f 4686/4686 4687/4687 4688/4688
f 4687/4687 4689/4689 4688/4688
f 4659/4659 4690/4690 4660/4660
f 4690/4690 4659/4659 4691/4691
f 4692/4692 4693/4693 4694/4694
f 4695/4695 4694/4694 4696/4696
f 4697/4697 4654/4654 4698/4698
f 4699/4699 4700/4700 4701/4701
f 4702/4702 4699/4699 4703/4703
f 4704/4704 4705/4705 4706/4706
f 4691/4691 4659/4659 4707/4707
f 4708/4708 4690/4690 4691/4691
f 4695/4695 4680/4680 4694/4694
f 4680/4680 4692/4692 4694/4694
f 4709/4709 4657/4657 4664/4664
f 4698/4698 4654/4654 4710/4710
f 4699/4699 4711/4711 4700/4700
f 4703/4703 4699/4699 4701/4701
f 4712/4712 4713/4713 4714/4714
f 4715/4715 4660/4660 4690/4690
f 4658/4658 4684/4684 4716/4716
f 4716/4716 4707/4707 4658/4658
f 4596/4596 4605/4605 4606/4606
f 4717/4717 4599/4599 4598/4598
f 4717/4717 4718/4718 4601/4601
f 4707/4707 4659/4659 4658/4658
f 4719/4719 4687/4687 4686/4686
f 4720/4720 4721/4721 4722/4722
f 4681/4681 4680/4680 4695/4695
f 4723/4723 4681/4681 4695/4695
f 4665/4665 4724/4724 4664/4664
f 4657/4657 4656/4656 4665/4665
f 4652/4652 4654/4654 4697/4697
f 4725/4725 4726/4726 4702/4702
f 4721/4721 4727/4727 4702/4702
f 4728/4728 4727/4727 4721/4721
f 4729/4729 4730/4730 4721/4721
f 4731/4731 4732/4732 4733/4733
f 4734/4734 4735/4735 4736/4736
f 4719/4719 4689/4689 4687/4687
f 4730/4730 4728/4728 4721/4721
f 4685/4685 4733/4733 4732/4732
f 4733/4733 4685/4685 4661/4661
f 4737/4737 4650/4650 4738/4738
f 4739/4739 4650/4650 4737/4737
f 4648/4648 4650/4650 4739/4739
f 4676/4676 4667/4667 4666/4666
f 4740/4740 4683/4683 4741/4741
f 4727/4727 4725/4725 4702/4702
f 4742/4742 4706/4706 4743/4743
f 4740/4740 4678/4678 4683/4683
f 4734/4734 4736/4736 4744/4744
f 4712/4712 4744/4744 4745/4745
f 4714/4714 4735/4735 4734/4734
f 4712/4712 4734/4734 4744/4744
f 4712/4712 4714/4714 4734/4734
f 1750/1750 1712/1712 4746/4746
f 4532/4532 4636/4636 4566/4566
f 4566/4566 4636/4636 4747/4747
f 4574/4574 1689/1689 4572/4572
f 4576/4576 1689/1689 4574/4574
f 4610/4610 4611/4611 4748/4748
f 2765/2765 4610/4610 4748/4748
f 2765/2765 4748/4748 4612/4612
f 2767/2767 4590/4590 2765/2765
f 4647/4647 4749/4749 4548/4548
f 4619/4619 4616/4616 4618/4618
f 4750/4750 4751/4751 4752/4752
f 4753/4753 4754/4754 4755/4755
f 4756/4756 4757/4757 4758/4758
f 4759/4759 4760/4760 4761/4761
f 4762/4762 4763/4763 4764/4764
f 4765/4765 4766/4766 4767/4767
f 4767/4767 4768/4768 4765/4765
f 4769/4769 4764/4764 4770/4770
f 4771/4771 4772/4772 4773/4773
f 4774/4774 4775/4775 4772/4772
f 4706/4706 4705/4705 4776/4776
f 4705/4705 4777/4777 4776/4776
f 4778/4778 4779/4779 4780/4780
f 4781/4781 4782/4782 4779/4779
f 4779/4779 4782/4782 4783/4783
f 4771/4771 4784/4784 4774/4774
f 4785/4785 4786/4786 4787/4787
f 4787/4787 4788/4788 4771/4771
f 4789/4789 4756/4756 4758/4758
f 4790/4790 4791/4791 4792/4792
f 4771/4771 4788/4788 4784/4784
f 4793/4793 4794/4794 4795/4795
f 4796/4796 4793/4793 4795/4795
f 4797/4797 4759/4759 4798/4798
f 4799/4799 4796/4796 4795/4795
f 4800/4800 4799/4799 4795/4795
f 4801/4801 4802/4802 4753/4753
f 4795/4795 4803/4803 4804/4804
f 4756/4756 4805/4805 4757/4757
f 4806/4806 4807/4807 4808/4808
f 4759/4759 4761/4761 4798/4798
f 4809/4809 4810/4810 4811/4811
f 4811/4811 4810/4810 4812/4812
f 4759/4759 4813/4813 4760/4760
f 4814/4814 4815/4815 4816/4816
f 4817/4817 4791/4791 4790/4790
f 4818/4818 4819/4819 4792/4792
f 4819/4819 4818/4818 4820/4820
f 4795/4795 4794/4794 4803/4803
f 4804/4804 4821/4821 4755/4755
f 4755/4755 4801/4801 4753/4753
f 4822/4822 4823/4823 4767/4767
f 4807/4807 4806/4806 4824/4824
f 4825/4825 4826/4826 4827/4827
f 4826/4826 4828/4828 4827/4827
f 4789/4789 4758/4758 4829/4829
f 4823/4823 4830/4830 4831/4831
f 4754/4754 4832/4832 4833/4833
f 4834/4834 4835/4835 4836/4836
f 4783/4783 4784/4784 4779/4779
f 4837/4837 4811/4811 4812/4812
f 4838/4838 4786/4786 4785/4785
f 4839/4839 4802/4802 4801/4801
f 4750/4750 4840/4840 4751/4751
f 4841/4841 4840/4840 4750/4750
f 4812/4812 4842/4842 4837/4837
f 4843/4843 4844/4844 4814/4814
f 4845/4845 4846/4846 4847/4847
f 4848/4848 4849/4849 4850/4850
f 4841/4841 4851/4851 4840/4840
f 4843/4843 4814/4814 4816/4816
f 4706/4706 4776/4776 4743/4743
f 4743/4743 4776/4776 4852/4852
f 4853/4853 4854/4854 4855/4855
f 4856/4856 4857/4857 4858/4858
f 4859/4859 4860/4860 4857/4857
f 4861/4861 4862/4862 4856/4856
f 4762/4762 4764/4764 4769/4769
f 4846/4846 4850/4850 4847/4847
f 4846/4846 4848/4848 4850/4850
f 4863/4863 4864/4864 4865/4865
f 4864/4864 4863/4863 4866/4866
f 4813/4813 4759/4759 4867/4867
f 4774/4774 4772/4772 4771/4771
f 4783/4783 4868/4868 4784/4784
f 4814/4814 4869/4869 4815/4815
f 4868/4868 4774/4774 4784/4784
f 2838/2838 4870/4870 4871/4871
f 4872/4872 4869/4869 4844/4844
f 4873/4873 4874/4874 4875/4875
f 4876/4876 4877/4877 4878/4878
f 2774/2774 4879/4879 4880/4880
f 4853/4853 4881/4881 4873/4873
f 4866/4866 4882/4882 4864/4864
f 4870/4870 4883/4883 4871/4871
f 4884/4884 4885/4885 4886/4886
f 2773/2773 4879/4879 2774/2774
f 4879/4879 4887/4887 4880/4880
f 4888/4888 4889/4889 4876/4876
f 4889/4889 4890/4890 4876/4876
f 4878/4878 4880/4880 4876/4876
f 4869/4869 4814/4814 4844/4844
f 4857/4857 4862/4862 4859/4859
f 4807/4807 4891/4891 4892/4892
f 4890/4890 4893/4893 4877/4877
f 4894/4894 4825/4825 4827/4827
f 4835/4835 4895/4895 4836/4836
f 4895/4895 4896/4896 4836/4836
f 4798/4798 4761/4761 4897/4897
f 4898/4898 4836/4836 4899/4899
f 4834/4834 4836/4836 4898/4898
f 4823/4823 4831/4831 4768/4768
f 4862/4862 4900/4900 4859/4859
f 4856/4856 4862/4862 4857/4857
f 4862/4862 4901/4901 4900/4900
f 4890/4890 4877/4877 4876/4876
f 4902/4902 4880/4880 4878/4878
f 4880/4880 4887/4887 4876/4876
f 4888/4888 4876/4876 4887/4887
f 4884/4884 2835/2835 4885/4885
f 4903/4903 4870/4870 2838/2838
f 4904/4904 4813/4813 4867/4867
f 4797/4797 4867/4867 4759/4759
f 4905/4905 4815/4815 4869/4869
f 4892/4892 4808/4808 4807/4807
f 4875/4875 4853/4853 4873/4873
f 4853/4853 4855/4855 4881/4881
f 4754/4754 4795/4795 4755/4755
f 4754/4754 4833/4833 4795/4795
f 4795/4795 4906/4906 4800/4800
f 4755/4755 4795/4795 4804/4804
f 4790/4790 4792/4792 4819/4819
f 4823/4823 4768/4768 4767/4767
f 4861/4861 4907/4907 4862/4862
f 4908/4908 4909/4909 4910/4910
f 2803/2803 4903/4903 2838/2838
f 4911/4911 2835/2835 2837/2837
f 2824/2824 4912/4912 4913/4913
f 4914/4914 4915/4915 4916/4916
f 2819/2819 4917/4917 4918/4918
f 4864/4864 4882/4882 4919/4919
f 4920/4920 4919/4919 4921/4921
f 4922/4922 4923/4923 4924/4924
f 4925/4925 4924/4924 4926/4926
f 4927/4927 4928/4928 4929/4929
f 4861/4861 4930/4930 4907/4907
f 4931/4931 4932/4932 4933/4933
f 4934/4934 4935/4935 4908/4908
f 4936/4936 4908/4908 4937/4937
f 4917/4917 2821/2821 4938/4938
f 4920/4920 4939/4939 4865/4865
f 4885/4885 2835/2835 4911/4911
f 4920/4920 4865/4865 4864/4864
f 4920/4920 4864/4864 4919/4919
f 2803/2803 4940/4940 4903/4903
f 4923/4923 4941/4941 4926/4926
f 4941/4941 4927/4927 4926/4926
f 4933/4933 4942/4942 4931/4931
f 4943/4943 4933/4933 4932/4932
f 4944/4944 4943/4943 4932/4932
f 4945/4945 4885/4885 4911/4911
f 4946/4946 4908/4908 4935/4935
f 4937/4937 4908/4908 4946/4946
f 4947/4947 4948/4948 4949/4949
f 4950/4950 4951/4951 4916/4916
f 4916/4916 4952/4952 4914/4914
f 4950/4950 4916/4916 4915/4915
f 4917/4917 2819/2819 2821/2821
f 4915/4915 4953/4953 4950/4950
f 4947/4947 4949/4949 4954/4954
f 4955/4955 4956/4956 4957/4957
f 4957/4957 4958/4958 4955/4955
f 4944/4944 4959/4959 4943/4943
f 4959/4959 4960/4960 4943/4943
f 4862/4862 4907/4907 4901/4901
f 4924/4924 4923/4923 4926/4926
f 4961/4961 4962/4962 4963/4963
f 4964/4964 4965/4965 4966/4966
f 4967/4967 4968/4968 4969/4969
f 4970/4970 4971/4971 4972/4972
f 4973/4973 4974/4974 4975/4975
f 4976/4976 4974/4974 4973/4973
f 4977/4977 4975/4975 4974/4974
f 4978/4978 4977/4977 4974/4974
f 4979/4979 4980/4980 4981/4981
f 4982/4982 4983/4983 4984/4984
f 4985/4985 4986/4986 4971/4971
f 4987/4987 4988/4988 4989/4989
f 4962/4962 4990/4990 4991/4991
f 4962/4962 4991/4991 4992/4992
f 4963/4963 4962/4962 4992/4992
f 4993/4993 4994/4994 4995/4995
f 4993/4993 4995/4995 4996/4996
f 4997/4997 4998/4998 4999/4999
f 5000/5000 5001/5001 5002/5002
f 5003/5003 5000/5000 5002/5002
f 5004/5004 5005/5005 5006/5006
f 5004/5004 5007/5007 5008/5008
f 5009/5009 5007/5007 5010/5010
f 5008/5008 5007/5007 5009/5009
f 5011/5011 5012/5012 5013/5013
f 5014/5014 5011/5011 5015/5015
f 5013/5013 5012/5012 5016/5016
f 5017/5017 5013/5013 5018/5018
f 5019/5019 5020/5020 5021/5021
f 5022/5022 4982/4982 5023/5023
f 5024/5024 5025/5025 5026/5026
f 5027/5027 5028/5028 4980/4980
f 5027/5027 4980/4980 4979/4979
f 5029/5029 5030/5030 5027/5027
f 5029/5029 5027/5027 4979/4979
f 5031/5031 5032/5032 5033/5033
f 5033/5033 5032/5032 5034/5034
f 4964/4964 4966/4966 5035/5035
f 5036/5036 5037/5037 5038/5038
f 5039/5039 5040/5040 5041/5041
f 5042/5042 5043/5043 5044/5044
f 5045/5045 5046/5046 5047/5047
f 5048/5048 5049/5049 5050/5050
f 5038/5038 5037/5037 5051/5051
f 5052/5052 5053/5053 5054/5054
f 5055/5055 4968/4968 4967/4967
f 5035/5035 4966/4966 5056/5056
f 5048/5048 5043/5043 5042/5042
f 5042/5042 5049/5049 5048/5048
f 5032/5032 5057/5057 5034/5034
f 5032/5032 5058/5058 5057/5057
f 5059/5059 5060/5060 5061/5061
f 4969/4969 4968/4968 5062/5062
f 5063/5063 5064/5064 5052/5052
f 5052/5052 5064/5064 5053/5053
f 5065/5065 5066/5066 5067/5067
f 5067/5067 5068/5068 5065/5065
f 5069/5069 5070/5070 5071/5071
f 4971/4971 5072/5072 5073/5073
f 5074/5074 5075/5075 5076/5076
f 5077/5077 5078/5078 5075/5075
f 5079/5079 5080/5080 5081/5081
f 5082/5082 5083/5083 5079/5079
f 5084/5084 5085/5085 5086/5086
f 5087/5087 5088/5088 5089/5089
f 5090/5090 5091/5091 5092/5092
f 5093/5093 5092/5092 5094/5094
f 5095/5095 5096/5096 5097/5097
f 5047/5047 5046/5046 5098/5098
f 5099/5099 5100/5100 5101/5101
f 5102/5102 5103/5103 5104/5104
f 5037/5037 5105/5105 5051/5051
f 5104/5104 5103/5103 5106/5106
f 5036/5036 5105/5105 5037/5037
f 5107/5107 5108/5108 5109/5109
f 5086/5086 5102/5102 5104/5104
f 5095/5095 5040/5040 5096/5096
f 5095/5095 5041/5041 5040/5040
f 5045/5045 5110/5110 5046/5046
f 5045/5045 5111/5111 5110/5110
f 5070/5070 5069/5069 5112/5112
f 5073/5073 4985/4985 4971/4971
f 5075/5075 5113/5113 5076/5076
f 5075/5075 5114/5114 5113/5113
f 5077/5077 5075/5075 5074/5074
f 5078/5078 5114/5114 5075/5075
f 5079/5079 5115/5115 5080/5080
f 5082/5082 5079/5079 5081/5081
f 5083/5083 5115/5115 5079/5079
f 5116/5116 5117/5117 5118/5118
f 5116/5116 5119/5119 5117/5117
f 5120/5120 5086/5086 5085/5085
f 5084/5084 5120/5120 5085/5085
f 5087/5087 5089/5089 5121/5121
f 5038/5038 5051/5051 5088/5088
f 5051/5051 5089/5089 5088/5088
f 5122/5122 5123/5123 5101/5101
f 5124/5124 5125/5125 5123/5123
f 5100/5100 5122/5122 5101/5101
f 5122/5122 5124/5124 5123/5123
f 5083/5083 5082/5082 5126/5126
f 5021/5021 5127/5127 5019/5019
f 5128/5128 5129/5129 5026/5026
f 5130/5130 5092/5092 5091/5091
f 5092/5092 5130/5130 5094/5094
f 5090/5090 5130/5130 5091/5091
f 5096/5096 5131/5131 5097/5097
f 5132/5132 5133/5133 5134/5134
f 5083/5083 5126/5126 5135/5135
f 5118/5118 5136/5136 5116/5116
f 5136/5136 5137/5137 5138/5138
f 5116/5116 5136/5136 5138/5138
f 5135/5135 5126/5126 5139/5139
f 5076/5076 5113/5113 5140/5140
f 5141/5141 5076/5076 5140/5140
f 4970/4970 5072/5072 4971/4971
f 5092/5092 5093/5093 5133/5133
f 5109/5109 5108/5108 5142/5142
f 5093/5093 5134/5134 5133/5133
f 5143/5143 5070/5070 5112/5112
f 5144/5144 5041/5041 5095/5095
f 5144/5144 5039/5039 5041/5041
f 5092/5092 5133/5133 5132/5132
f 5145/5145 5143/5143 5112/5112
f 5146/5146 5137/5137 5136/5136
f 5147/5147 5148/5148 5019/5019
f 5149/5149 5021/5021 5150/5150
f 5127/5127 5147/5147 5019/5019
f 5151/5151 5152/5152 5153/5153
f 5154/5154 5155/5155 5156/5156
f 5156/5156 4946/4946 5154/5154
f 5026/5026 5025/5025 5157/5157
f 5026/5026 5157/5157 5128/5128
f 5096/5096 5040/5040 5131/5131
f 5030/5030 5029/5029 5158/5158
f 5022/5022 5023/5023 5159/5159
f 5017/5017 5018/5018 5160/5160
f 5013/5013 5016/5016 5018/5018
f 5161/5161 5011/5011 5014/5014
f 4997/4997 5162/5162 4998/4998
f 5009/5009 5010/5010 5163/5163
f 5004/5004 5006/5006 5007/5007
f 5003/5003 5002/5002 5164/5164
f 5165/5165 5166/5166 5153/5153
f 5153/5153 5166/5166 5151/5151
f 5167/5167 4998/4998 5162/5162
f 5167/5167 5168/5168 4998/4998
f 5059/5059 5061/5061 5169/5169
f 5170/5170 5171/5171 5172/5172
f 5173/5173 5174/5174 5175/5175
f 5116/5116 5138/5138 5176/5176
f 4482/4482 5177/5177 4424/4424
f 5178/5178 5179/5179 5174/5174
f 5173/5173 5180/5180 5181/5181
f 5182/5182 5183/5183 5184/5184
f 5182/5182 5184/5184 4467/4467
f 5185/5185 5186/5186 5187/5187
f 5185/5185 5187/5187 5173/5173
f 5188/5188 5189/5189 5190/5190
f 5181/5181 5178/5178 5174/5174
f 5116/5116 5176/5176 5119/5119
f 5181/5181 5174/5174 5173/5173
f 5173/5173 5175/5175 5185/5185
f 5191/5191 5192/5192 5193/5193
f 5194/5194 5195/5195 5142/5142
f 5196/5196 5197/5197 5198/5198
f 5199/5199 5200/5200 5201/5201
f 5199/5199 5202/5202 5203/5203
f 5204/5204 5205/5205 5191/5191
f 5191/5191 5205/5205 5192/5192
f 5206/5206 5196/5196 5207/5207
f 5205/5205 5208/5208 5192/5192
f 5142/5142 5108/5108 5194/5194
f 5206/5206 5207/5207 5209/5209
f 5210/5210 5211/5211 5212/5212
f 5213/5213 5211/5211 5210/5210
f 5214/5214 5215/5215 5216/5216
f 5216/5216 5215/5215 5217/5217
f 5199/5199 5203/5203 5200/5200
f 5196/5196 5198/5198 5207/5207
f 5218/5218 5211/5211 5213/5213
f 5188/5188 5219/5219 5189/5189
f 5220/5220 5221/5221 5222/5222
f 5220/5220 5223/5223 5221/5221
f 5217/5217 5215/5215 5224/5224
f 5225/5225 5226/5226 5227/5227
f 5228/5228 5229/5229 5230/5230
f 5231/5231 5232/5232 5233/5233
f 5234/5234 5233/5233 5235/5235
f 5230/5230 5229/5229 5236/5236
f 5237/5237 5238/5238 5239/5239
f 5240/5240 5241/5241 5242/5242
f 5243/5243 5244/5244 5245/5245
f 5246/5246 5247/5247 5248/5248
f 5249/5249 5250/5250 5251/5251
f 5252/5252 5253/5253 5254/5254
f 5255/5255 5256/5256 5257/5257
f 5258/5258 5259/5259 5260/5260
f 5261/5261 5262/5262 5263/5263
f 4486/4486 5264/5264 4445/4445
f 5264/5264 5265/5265 5266/5266
f 5267/5267 5268/5268 5269/5269
f 5262/5262 5270/5270 5271/5271
f 5272/5272 5273/5273 5274/5274
f 5273/5273 5275/5275 5274/5274
f 5276/5276 5277/5277 5278/5278
f 5279/5279 5256/5256 5255/5255
f 5280/5280 5230/5230 5281/5281
f 5282/5282 5283/5283 5284/5284
f 5283/5283 5285/5285 5286/5286
f 5287/5287 5288/5288 5237/5237
f 5288/5288 5289/5289 5238/5238
f 5268/5268 5290/5290 5269/5269
f 5291/5291 5292/5292 5290/5290
f 5293/5293 5294/5294 5295/5295
f 5294/5294 5296/5296 5276/5276
f 5297/5297 5298/5298 5299/5299
f 5300/5300 4448/4448 5301/5301
f 5302/5302 5303/5303 5304/5304
f 5256/5256 5279/5279 5305/5305
f 5232/5232 5227/5227 5233/5233
f 5306/5306 5307/5307 5308/5308
f 5254/5254 5253/5253 5309/5309
f 5249/5249 5310/5310 5250/5250
f 5241/5241 5311/5311 5312/5312
f 5313/5313 5285/5285 5248/5248
f 5314/5314 5300/5300 5313/5313
f 5285/5285 5301/5301 5286/5286
f 4463/4463 4445/4445 5315/5315
f 4445/4445 5266/5266 5315/5315
f 5242/5242 5316/5316 5240/5240
f 5317/5317 5318/5318 5316/5316
f 5316/5316 5318/5318 5240/5240
f 5236/5236 5281/5281 5230/5230
f 5230/5230 5280/5280 5319/5319
f 5312/5312 5242/5242 5241/5241
f 5320/5320 5235/5235 5233/5233
f 5321/5321 5233/5233 5234/5234
f 5231/5231 5233/5233 5321/5321
f 5243/5243 4485/4485 4484/4484
f 5261/5261 5263/5263 5271/5271
f 5308/5308 5322/5322 5323/5323
f 5324/5324 5237/5237 5267/5267
f 5290/5290 5268/5268 5291/5291
f 5324/5324 5287/5287 5237/5237
f 5299/5299 5293/5293 5295/5295
f 5308/5308 5307/5307 5322/5322
f 5325/5325 5306/5306 5308/5308
f 5294/5294 5276/5276 5295/5295
f 5298/5298 5239/5239 5299/5299
f 5237/5237 5288/5288 5238/5238
f 5239/5239 5238/5238 5326/5326
f 5300/5300 5301/5301 5313/5313
f 5296/5296 5327/5327 5276/5276
f 5301/5301 5285/5285 5313/5313
f 5285/5285 5246/5246 5248/5248
f 5272/5272 5274/5274 5301/5301
f 5284/5284 5286/5286 5301/5301
f 5283/5283 5286/5286 5284/5284
f 5274/5274 5275/5275 5282/5282
f 5243/5243 4399/4399 4485/4485
f 4463/4463 5328/5328 4372/4372
f 5284/5284 5274/5274 5282/5282
f 5274/5274 5284/5284 5301/5301
f 4445/4445 5264/5264 5266/5266
f 5329/5329 5330/5330 5270/5270
f 5266/5266 5265/5265 5331/5331
f 5270/5270 5330/5330 5271/5271
f 5262/5262 5271/5271 5263/5263
f 5243/5243 4484/4484 5244/5244
f 5227/5227 5226/5226 5233/5233
f 5332/5332 5333/5333 5334/5334
f 5332/5332 5335/5335 5333/5333
f 5336/5336 5337/5337 5332/5332
f 5338/5338 5339/5339 5340/5340
f 5341/5341 5342/5342 5339/5339
f 5343/5343 5344/5344 5345/5345
f 5346/5346 5347/5347 5348/5348
f 5349/5349 5347/5347 5346/5346
f 5350/5350 5351/5351 5352/5352
f 5353/5353 5354/5354 5355/5355
f 5356/5356 5353/5353 5357/5357
f 5332/5332 5337/5337 5335/5335
f 5358/5358 5359/5359 5360/5360
f 5355/5355 5357/5357 5353/5353
f 5338/5338 5341/5341 5339/5339
f 5339/5339 5342/5342 5340/5340
f 5361/5361 5356/5356 5357/5357
f 5171/5171 5170/5170 5362/5362
f 5350/5350 5363/5363 5351/5351
f 5351/5351 5364/5364 5352/5352
f 5343/5343 5365/5365 5344/5344
f 5366/5366 5367/5367 5358/5358
f 5358/5358 5367/5367 5368/5368
f 5366/5366 5358/5358 5360/5360
f 5369/5369 5370/5370 5368/5368
f 5366/5366 5371/5371 5367/5367
f 5358/5358 5368/5368 5370/5370
f 5372/5372 5373/5373 5374/5374
f 5375/5375 5376/5376 5377/5377
f 5372/5372 5374/5374 5378/5378
f 5372/5372 5379/5379 5373/5373
f 5219/5219 5380/5380 5189/5189
f 5381/5381 5382/5382 5383/5383
f 5384/5384 5385/5385 5386/5386
f 5376/5376 5384/5384 5377/5377
f 5387/5387 5381/5381 5383/5383
f 5189/5189 5380/5380 5388/5388
f 5385/5385 5384/5384 5376/5376
f 5389/5389 5390/5390 5391/5391
f 5392/5392 5393/5393 5394/5394
f 5394/5394 5393/5393 5395/5395
f 5396/5396 5397/5397 5398/5398
f 5399/5399 5398/5398 5397/5397
f 5400/5400 5401/5401 5402/5402
f 5403/5403 5404/5404 5405/5405
f 5406/5406 5407/5407 5408/5408
f 5409/5409 5410/5410 5411/5411
f 5412/5412 5413/5413 5414/5414
f 5415/5415 5416/5416 5408/5408
f 5417/5417 5415/5415 5418/5418
f 5408/5408 5407/5407 5418/5418
f 5419/5419 5420/5420 5421/5421
f 5422/5422 5419/5419 5421/5421
f 5423/5423 5424/5424 5425/5425
f 5426/5426 5427/5427 5423/5423
f 5428/5428 5429/5429 5430/5430
f 5431/5431 5432/5432 5433/5433
f 5434/5434 5435/5435 5436/5436
f 5437/5437 5438/5438 5439/5439
f 5440/5440 5441/5441 5442/5442
f 5443/5443 5444/5444 5445/5445
f 5438/5438 5446/5446 5439/5439
f 5447/5447 5448/5448 5449/5449
f 5450/5450 5451/5451 5452/5452
f 5453/5453 5454/5454 5455/5455
f 5456/5456 5454/5454 5453/5453
f 5457/5457 5458/5458 5459/5459
f 5460/5460 5461/5461 5462/5462
f 5460/5460 5462/5462 5463/5463
f 5464/5464 5465/5465 5466/5466
f 5467/5467 5468/5468 5469/5469
f 5470/5470 5471/5471 5472/5472
f 5473/5473 5474/5474 5475/5475
f 5476/5476 5477/5477 5478/5478
f 5479/5479 5477/5477 5476/5476
f 5480/5480 5481/5481 5482/5482
f 5480/5480 5483/5483 5481/5481
f 5484/5484 5485/5485 5486/5486
f 5484/5484 5487/5487 5485/5485
f 5488/5488 5489/5489 5490/5490
f 5457/5457 5491/5491 5488/5488
f 5491/5491 5489/5489 5488/5488
f 5491/5491 5459/5459 5489/5489
f 5457/5457 5459/5459 5491/5491
f 5492/5492 5458/5458 5457/5457
f 5484/5484 5486/5486 5493/5493
f 5494/5494 5493/5493 5486/5486
f 5495/5495 5473/5473 5475/5475
f 5471/5471 5496/5496 5472/5472
f 5497/5497 5498/5498 5499/5499
f 5462/5462 5500/5500 5463/5463
f 5501/5501 5502/5502 5503/5503
f 5504/5504 5505/5505 5444/5444
f 5505/5505 5445/5445 5444/5444
f 5440/5440 5442/5442 5506/5506
f 5437/5437 5507/5507 5438/5438
f 5508/5508 5509/5509 5436/5436
f 5436/5436 5509/5509 5434/5434
f 5510/5510 5511/5511 5447/5447
f 5512/5512 5513/5513 5514/5514
f 5512/5512 5515/5515 5513/5513
f 5516/5516 5517/5517 5518/5518
f 5518/5518 5517/5517 5519/5519
f 5520/5520 5410/5410 5521/5521
f 5522/5522 5497/5497 5499/5499
f 5523/5523 5524/5524 5525/5525
f 5453/5453 5526/5526 5456/5456
f 5527/5527 5528/5528 5529/5529
f 5529/5529 5528/5528 5530/5530
f 5531/5531 5468/5468 5467/5467
f 5464/5464 5532/5532 5465/5465
f 5533/5533 5534/5534 5535/5535
f 5535/5535 5534/5534 5536/5536
f 5537/5537 5535/5535 5536/5536
f 5538/5538 5539/5539 5540/5540
f 5390/5390 5541/5541 5538/5538
f 5460/5460 5463/5463 5542/5542
f 5543/5543 5544/5544 5460/5460
f 5460/5460 5544/5544 5461/5461
f 5543/5543 5545/5545 5544/5544
f 5546/5546 5547/5547 5548/5548
f 5546/5546 5549/5549 5547/5547
f 5546/5546 5550/5550 5549/5549
f 5549/5549 5550/5550 5551/5551
f 5552/5552 5551/5551 5550/5550
f 5553/5553 5554/5554 5470/5470
f 5555/5555 5401/5401 5400/5400
f 5408/5408 5416/5416 5406/5406
f 5556/5556 5554/5554 5553/5553
f 5557/5557 5558/5558 5559/5559
f 5558/5558 5560/5560 5559/5559
f 5559/5559 5560/5560 5561/5561
f 5562/5562 5563/5563 5564/5564
f 5563/5563 5562/5562 5565/5565
f 5566/5566 5567/5567 5565/5565
f 5568/5568 5569/5569 5570/5570
f 5571/5571 5569/5569 5568/5568
f 5572/5572 5573/5573 5574/5574
f 5575/5575 5576/5576 5483/5483
f 5415/5415 5408/5408 5418/5418
f 5396/5396 5577/5577 5397/5397
f 5578/5578 5579/5579 5580/5580
f 5581/5581 5582/5582 5583/5583
f 5584/5584 5581/5581 5583/5583
f 5585/5585 5434/5434 5509/5509
f 5434/5434 5586/5586 5435/5435
f 5434/5434 5585/5585 5586/5586
f 5586/5586 5585/5585 5587/5587
f 5586/5586 5587/5587 5435/5435
f 5432/5432 5431/5431 5588/5588
f 5589/5589 5431/5431 5433/5433
f 5589/5589 5590/5590 5591/5591
f 5422/5422 5592/5592 5419/5419
f 5429/5429 5428/5428 5593/5593
f 5594/5594 5592/5592 5422/5422
f 5595/5595 5596/5596 5597/5597
f 5598/5598 5599/5599 5596/5596
f 5596/5596 5599/5599 5597/5597
f 5424/5424 5600/5600 5425/5425
f 5426/5426 5601/5601 5427/5427
f 5423/5423 5427/5427 5424/5424
f 5602/5602 5596/5596 5595/5595
f 5603/5603 5604/5604 5605/5605
f 5606/5606 5607/5607 5608/5608
f 5609/5609 5606/5606 5610/5610
f 5611/5611 5501/5501 5503/5503
f 5611/5611 5503/5503 5612/5612
f 5506/5506 5442/5442 5613/5613
f 5614/5614 5615/5615 5456/5456
f 5526/5526 5614/5614 5456/5456
f 5456/5456 5615/5615 5616/5616
f 5617/5617 5476/5476 5478/5478
f 5618/5618 5619/5619 5620/5620
f 5618/5618 5620/5620 5621/5621
f 5456/5456 5616/5616 5622/5622
f 5456/5456 5622/5622 5454/5454
f 5603/5603 5605/5605 5623/5623
f 5624/5624 5588/5588 5431/5431
f 5393/5393 5625/5625 5626/5626
f 5392/5392 5625/5625 5393/5393
f 5607/5607 5606/5606 5609/5609
f 5495/5495 5627/5627 5628/5628
f 5514/5514 5629/5629 5512/5512
f 5630/5630 5629/5629 5514/5514
f 5516/5516 5631/5631 5517/5517
f 5520/5520 5632/5632 5410/5410
f 5521/5521 5410/5410 5409/5409
f 5497/5497 5522/5522 5633/5633
f 5524/5524 5523/5523 5634/5634
f 5525/5525 5524/5524 5635/5635
f 5636/5636 5609/5609 5610/5610
f 5528/5528 5637/5637 5638/5638
f 5527/5527 5637/5637 5528/5528
f 5379/5379 5639/5639 5373/5373
f 5373/5373 5639/5639 5374/5374
f 5640/5640 5561/5561 5560/5560
f 5641/5641 5642/5642 5643/5643
f 5644/5644 5645/5645 5646/5646
f 5647/5647 5648/5648 5649/5649
f 5650/5650 5647/5647 5649/5649
f 5651/5651 5647/5647 5650/5650
f 5652/5652 5653/5653 5654/5654
f 5654/5654 5655/5655 5656/5656
f 5657/5657 5658/5658 5659/5659
f 5660/5660 5658/5658 5657/5657
f 5661/5661 5660/5660 5657/5657
f 5662/5662 5663/5663 5664/5664
f 5510/5510 5665/5665 5666/5666
f 5667/5667 5450/5450 5668/5668
f 5669/5669 5670/5670 5671/5671
f 5669/5669 5672/5672 5670/5670
f 5673/5673 5672/5672 5674/5674
f 5675/5675 5676/5676 5677/5677
f 5678/5678 5679/5679 5680/5680
f 5681/5681 5680/5680 5679/5679
f 5682/5682 5680/5680 5683/5683
f 5684/5684 5685/5685 5686/5686
f 5687/5687 5688/5688 5689/5689
f 5688/5688 5690/5690 5691/5691
f 5663/5663 5662/5662 5692/5692
f 5660/5660 5661/5661 5693/5693
f 5655/5655 5694/5694 5656/5656
f 5654/5654 5653/5653 5655/5655
f 5412/5412 5649/5649 5648/5648
f 5648/5648 5413/5413 5412/5412
f 5695/5695 5646/5646 5696/5696
f 5692/5692 5662/5662 5697/5697
f 5698/5698 5692/5692 5697/5697
f 5699/5699 5700/5700 5701/5701
f 5702/5702 5699/5699 5701/5701
f 5703/5703 5702/5702 5701/5701
f 5704/5704 5703/5703 5705/5705
f 5702/5702 5703/5703 5704/5704
f 5706/5706 5702/5702 5704/5704
f 5705/5705 5703/5703 5701/5701
f 5688/5688 5707/5707 5690/5690
f 5687/5687 5707/5707 5688/5688
f 5690/5690 5708/5708 5691/5691
f 5684/5684 5709/5709 5685/5685
f 5686/5686 5685/5685 5710/5710
f 5711/5711 5686/5686 5710/5710
f 5712/5712 5711/5711 5710/5710
f 5644/5644 5646/5646 5695/5695
f 5713/5713 5714/5714 5641/5641
f 5641/5641 5643/5643 5713/5713
f 5475/5475 5627/5627 5495/5495
f 5715/5715 5611/5611 5612/5612
f 5683/5683 5680/5680 5681/5681
f 5716/5716 5681/5681 5679/5679
f 5675/5675 5717/5717 5676/5676
f 5676/5676 5717/5717 5718/5718
f 5718/5718 5717/5717 5719/5719
f 5720/5720 5673/5673 5674/5674
f 5669/5669 5674/5674 5672/5672
f 5721/5721 5722/5722 5723/5723
f 5721/5721 5724/5724 5722/5722
f 5563/5563 5725/5725 5564/5564
f 5618/5618 5621/5621 5726/5726
f 5619/5619 5727/5727 5620/5620
f 5728/5728 5729/5729 5613/5613
f 5613/5613 5442/5442 5728/5728
f 5504/5504 5730/5730 5505/5505
f 5665/5665 5510/5510 5449/5449
f 5731/5731 5667/5667 5668/5668
f 5668/5668 5450/5450 5732/5732
f 5733/5733 5464/5464 5466/5466
f 5734/5734 5735/5735 5736/5736
f 5737/5737 5734/5734 5736/5736
f 5735/5735 5738/5738 5736/5736
f 5566/5566 5565/5565 5562/5562
f 5569/5569 5739/5739 5570/5570
f 5571/5571 5568/5568 5740/5740
f 5572/5572 5574/5574 5741/5741
f 5575/5575 5483/5483 5480/5480
f 5667/5667 5451/5451 5450/5450
f 5452/5452 5742/5742 5732/5732
f 5452/5452 5732/5732 5450/5450
f 5447/5447 5449/5449 5510/5510
f 5541/5541 5539/5539 5538/5538
f 5538/5538 5391/5391 5390/5390
f 5743/5743 5744/5744 5745/5745
f 5746/5746 5747/5747 5748/5748
f 5749/5749 5748/5748 5750/5750
f 5751/5751 5749/5749 5752/5752
f 5753/5753 5754/5754 5755/5755
f 5756/5756 5754/5754 5757/5757
f 5758/5758 5759/5759 5754/5754
f 5760/5760 5761/5761 5762/5762
f 5763/5763 5764/5764 5765/5765
f 5766/5766 5767/5767 5763/5763
f 5763/5763 5767/5767 5764/5764
f 5768/5768 5769/5769 5770/5770
f 5761/5761 5771/5771 5762/5762
f 5761/5761 5772/5772 5771/5771
f 5773/5773 5774/5774 5775/5775
f 5776/5776 5773/5773 5777/5777
f 5778/5778 5779/5779 5780/5780
f 5609/5609 5636/5636 5781/5781
f 5781/5781 5636/5636 5782/5782
f 5783/5783 5784/5784 5768/5768
f 5785/5785 5786/5786 5787/5787
f 5784/5784 5788/5788 5769/5769
f 5789/5789 5790/5790 5784/5784
f 5754/5754 5791/5791 5758/5758
f 5792/5792 5793/5793 5794/5794
f 5795/5795 5796/5796 5797/5797
f 5743/5743 5798/5798 5744/5744
f 5799/5799 5800/5800 5801/5801
f 5743/5743 5745/5745 5799/5799
f 5801/5801 5802/5802 5799/5799
f 5803/5803 5804/5804 5802/5802
f 5804/5804 5743/5743 5802/5802
f 5805/5805 5806/5806 5807/5807
f 5808/5808 5809/5809 5810/5810
f 5796/5796 5809/5809 5797/5797
f 5805/5805 5807/5807 5809/5809
f 5811/5811 5766/5766 5763/5763
f 5812/5812 5813/5813 5814/5814
f 5815/5815 5813/5813 5816/5816
f 5813/5813 5763/5763 5765/5765
f 5814/5814 5813/5813 5765/5765
f 5817/5817 5818/5818 5819/5819
f 5820/5820 5819/5819 5821/5821
f 5820/5820 5821/5821 5822/5822
f 5821/5821 5823/5823 5824/5824
f 5825/5825 5826/5826 5827/5827
f 5828/5828 5829/5829 5826/5826
f 5796/5796 5805/5805 5809/5809
f 5830/5830 5831/5831 5832/5832
f 5833/5833 5792/5792 5834/5834
f 5826/5826 5825/5825 5828/5828
f 5821/5821 5824/5824 5822/5822
f 5835/5835 5824/5824 5823/5823
f 5819/5819 5823/5823 5821/5821
f 5818/5818 5823/5823 5819/5819
f 5836/5836 5835/5835 5823/5823
f 5818/5818 5836/5836 5823/5823
f 5815/5815 5816/5816 5837/5837
f 5838/5838 5829/5829 5828/5828
f 5839/5839 5838/5838 5828/5828
f 5792/5792 5840/5840 5793/5793
f 5833/5833 5840/5840 5792/5792
f 5830/5830 5792/5792 5831/5831
f 5834/5834 5792/5792 5830/5830
f 5833/5833 5834/5834 5841/5841
f 5841/5841 5834/5834 5830/5830
f 5831/5831 5842/5842 5843/5843
f 5831/5831 5843/5843 5832/5832
f 5844/5844 5806/5806 5845/5845
f 5796/5796 5844/5844 5845/5845
f 5796/5796 5795/5795 5844/5844
f 5805/5805 5845/5845 5806/5806
f 5796/5796 5845/5845 5805/5805
f 5810/5810 5809/5809 5807/5807
f 5797/5797 5809/5809 5808/5808
f 5804/5804 5798/5798 5743/5743
f 5799/5799 5802/5802 5743/5743
f 5800/5800 5799/5799 5745/5745
f 5846/5846 5746/5746 5751/5751
f 5751/5751 5746/5746 5748/5748
f 5846/5846 5751/5751 5752/5752
f 5751/5751 5748/5748 5749/5749
f 5747/5747 5847/5847 5748/5748
f 5754/5754 5753/5753 5791/5791
f 5756/5756 5755/5755 5754/5754
f 5757/5757 5754/5754 5759/5759
f 5761/5761 5760/5760 5772/5772
f 5848/5848 5760/5760 5762/5762
f 5773/5773 5849/5849 5774/5774
f 5776/5776 5849/5849 5773/5773
f 5777/5777 5773/5773 5775/5775
f 5850/5850 5776/5776 5777/5777
f 5813/5813 5812/5812 5816/5816
f 5815/5815 5811/5811 5813/5813
f 5778/5778 5851/5851 5779/5779
f 5852/5852 5851/5851 5778/5778
f 5853/5853 5778/5778 5780/5780
f 5852/5852 5778/5778 5853/5853
f 5854/5854 5855/5855 5856/5856
f 5785/5785 5854/5854 5856/5856
f 5785/5785 5856/5856 5857/5857
f 5785/5785 5857/5857 5786/5786
f 5783/5783 5858/5858 5789/5789
f 5783/5783 5789/5789 5784/5784
f 5784/5784 5769/5769 5768/5768
f 5790/5790 5788/5788 5784/5784
f 5811/5811 5763/5763 5813/5813
f 5859/5859 5860/5860 5861/5861
f 5862/5862 5863/5863 5864/5864
f 5865/5865 5866/5866 5867/5867
f 5868/5868 5869/5869 5870/5870
f 5871/5871 5872/5872 5873/5873
f 5871/5871 5874/5874 5872/5872
f 5875/5875 5876/5876 5877/5877
f 5875/5875 5878/5878 5879/5879
f 5880/5880 5881/5881 5882/5882
f 5883/5883 5884/5884 5885/5885
f 5886/5886 5887/5887 5888/5888
f 5889/5889 5890/5890 5891/5891
f 5887/5887 5892/5892 5888/5888
f 5893/5893 5894/5894 5864/5864
f 5895/5895 5869/5869 5896/5896
f 5894/5894 5897/5897 5898/5898
f 5898/5898 5899/5899 5862/5862
f 5859/5859 5900/5900 5901/5901
f 5901/5901 5902/5902 5903/5903
f 5899/5899 5901/5901 5903/5903
f 5861/5861 5900/5900 5859/5859
f 5900/5900 5902/5902 5901/5901
f 5904/5904 5905/5905 5890/5890
f 5906/5906 5907/5907 5908/5908
f 5909/5909 5887/5887 5886/5886
f 5875/5875 5877/5877 5880/5880
f 5910/5910 5878/5878 5880/5880
f 5911/5911 5879/5879 5878/5878
f 5898/5898 5897/5897 5899/5899
f 5894/5894 5859/5859 5897/5897
f 5889/5889 5904/5904 5890/5890
f 5912/5912 5889/5889 5891/5891
f 5913/5913 5914/5914 5915/5915
f 5880/5880 5916/5916 5913/5913
f 5875/5875 5880/5880 5878/5878
f 5917/5917 5918/5918 5919/5919
f 5912/5912 5891/5891 5909/5909
f 5920/5920 5921/5921 5922/5922
f 5923/5923 5921/5921 5920/5920
f 5919/5919 5918/5918 5924/5924
f 5917/5917 5925/5925 5918/5918
f 5917/5917 5926/5926 5925/5925
f 5869/5869 5895/5895 5870/5870
f 5895/5895 5927/5927 5870/5870
f 5912/5912 5908/5908 5907/5907
f 5928/5928 5929/5929 5923/5923
f 5930/5930 5920/5920 5931/5931
f 5919/5919 5932/5932 5917/5917
f 5933/5933 5923/5923 5920/5920
f 5928/5928 5923/5923 5933/5933
f 5920/5920 5930/5930 5933/5933
f 5933/5933 5930/5930 5934/5934
f 5935/5935 5936/5936 5937/5937
f 5938/5938 5937/5937 5936/5936
f 5939/5939 5937/5937 5938/5938
f 5940/5940 5941/5941 5942/5942
f 5883/5883 5943/5943 5944/5944
f 5945/5945 5946/5946 5941/5941
f 5884/5884 5883/5883 5944/5944
f 5947/5947 5948/5948 5939/5939
f 5949/5949 5950/5950 5951/5951
f 5940/5940 5945/5945 5941/5941
f 5881/5881 5952/5952 5882/5882
f 5945/5945 5953/5953 5946/5946
f 5954/5954 5955/5955 5936/5936
f 5939/5939 5948/5948 5937/5937
f 5943/5943 5956/5956 5944/5944
f 5935/5935 5954/5954 5936/5936
f 5957/5957 5947/5947 5939/5939
f 5958/5958 5959/5959 5949/5949
f 5957/5957 5960/5960 5961/5961
f 5949/5949 5951/5951 5962/5962
f 5963/5963 5964/5964 5965/5965
f 5883/5883 5885/5885 5966/5966
f 5946/5946 5965/5965 5950/5950
f 5915/5915 5967/5967 5881/5881
f 5950/5950 5949/5949 5946/5946
f 5946/5946 5949/5949 5941/5941
f 5910/5910 5911/5911 5878/5878
f 5957/5957 5961/5961 5947/5947
f 5947/5947 5961/5961 5968/5968
f 5862/5862 5969/5969 5863/5863
f 5870/5870 5927/5927 5970/5970
f 5873/5873 5971/5971 5871/5871
f 5972/5972 5870/5870 5970/5970
f 5973/5973 5974/5974 5975/5975
f 5917/5917 5976/5976 5977/5977
f 5978/5978 5979/5979 5871/5871
f 5980/5980 5979/5979 5978/5978
f 5981/5981 5982/5982 5973/5973
f 5983/5983 5984/5984 5974/5974
f 5985/5985 5986/5986 5987/5987
f 5985/5985 5988/5988 5986/5986
f 5989/5989 5988/5988 5985/5985
f 5932/5932 5976/5976 5917/5917
f 5973/5973 5983/5983 5974/5974
f 5989/5989 5990/5990 5988/5988
f 5991/5991 5992/5992 5993/5993
f 5990/5990 5994/5994 5988/5988
f 5871/5871 5971/5971 5978/5978
f 5991/5991 5995/5995 5992/5992
f 5993/5993 5992/5992 5996/5996
f 5997/5997 5998/5998 5992/5992
f 5873/5873 5999/5999 5971/5971
f 5867/5867 6000/6000 6001/6001
f 6002/6002 5865/5865 6001/6001
f 5982/5982 5981/5981 6003/6003
f 5985/5985 5987/5987 6004/6004
f 6001/6001 6005/6005 6002/6002
f 6006/6006 6007/6007 6008/6008
f 6009/6009 6010/6010 5982/5982
f 6011/6011 6012/6012 6013/6013
f 5995/5995 5997/5997 5992/5992
f 5865/5865 5867/5867 6001/6001
f 5974/5974 6014/6014 5975/5975
f 6015/6015 6016/6016 6012/6012
f 6006/6006 6017/6017 6018/6018
f 5884/5884 5944/5944 6019/6019
f 6006/6006 6008/6008 6017/6017
f 6018/6018 6015/6015 6006/6006
f 6020/6020 6021/6021 6022/6022
f 6022/6022 6023/6023 6024/6024
f 6025/6025 6026/6026 6027/6027
f 6027/6027 6028/6028 6025/6025
f 6025/6025 6029/6029 6030/6030
f 6030/6030 6031/6031 6032/6032
f 6028/6028 6029/6029 6025/6025
f 6033/6033 6034/6034 6035/6035
f 6032/6032 6036/6036 6033/6033
f 6031/6031 6037/6037 6032/6032
f 6038/6038 6039/6039 6040/6040
f 6039/6039 6041/6041 6042/6042
f 6043/6043 6044/6044 6045/6045
f 6046/6046 6047/6047 6039/6039
f 6048/6048 6043/6043 6045/6045
f 6049/6049 6050/6050 6042/6042
f 6041/6041 6049/6049 6042/6042
f 6024/6024 6020/6020 6022/6022
f 6045/6045 6039/6039 6042/6042
f 6051/6051 6052/6052 6053/6053
f 6054/6054 6055/6055 6056/6056
f 6057/6057 6037/6037 6031/6031
f 6032/6032 6033/6033 6025/6025
f 6025/6025 6033/6033 6035/6035
f 6025/6025 6035/6035 6058/6058
f 6039/6039 6047/6047 6040/6040
f 6030/6030 6032/6032 6025/6025
f 6045/6045 6046/6046 6039/6039
f 6048/6048 6045/6045 6042/6042
f 6046/6046 6059/6059 6047/6047
f 6042/6042 6050/6050 6048/6048
f 6046/6046 6045/6045 6060/6060
f 6053/6053 6023/6023 6051/6051
f 6053/6053 6024/6024 6023/6023
f 6061/6061 6062/6062 6063/6063
f 6061/6061 6055/6055 6062/6062
f 6061/6061 6056/6056 6055/6055
f 6044/6044 6064/6064 6065/6065
f 6066/6066 6067/6067 6068/6068
f 6069/6069 6070/6070 6071/6071
f 6071/6071 6072/6072 6073/6073
f 6074/6074 6075/6075 6076/6076
f 6077/6077 6078/6078 6079/6079
f 6080/6080 6081/6081 6082/6082
f 6083/6083 6084/6084 6085/6085
f 6066/6066 6086/6086 6087/6087
f 6023/6023 6088/6088 6089/6089
f 6079/6079 6090/6090 6091/6091
f 6092/6092 6093/6093 6074/6074
f 6070/6070 6072/6072 6071/6071
f 6074/6074 6094/6094 6092/6092
f 6074/6074 6095/6095 6094/6094
f 6091/6091 6077/6077 6079/6079
f 6091/6091 6096/6096 6077/6077
f 6091/6091 6097/6097 6098/6098
f 6023/6023 6089/6089 6051/6051
f 6099/6099 6100/6100 6101/6101
f 6061/6061 6063/6063 6102/6102
f 6103/6103 6104/6104 6105/6105
f 6106/6106 6107/6107 6108/6108
f 6109/6109 6110/6110 6111/6111
f 6112/6112 6089/6089 6113/6113
f 6114/6114 6087/6087 6086/6086
f 6115/6115 6116/6116 6117/6117
f 6118/6118 6085/6085 6119/6119
f 6084/6084 6083/6083 6120/6120
f 6114/6114 6121/6121 6087/6087
f 6122/6122 6123/6123 6124/6124
f 6125/6125 6126/6126 6127/6127
f 6128/6128 6129/6129 6130/6130
f 6131/6131 6132/6132 6133/6133
f 6133/6133 6134/6134 6135/6135
f 6136/6136 6133/6133 6132/6132
f 6137/6137 6138/6138 6139/6139
f 6140/6140 6139/6139 6141/6141
f 6142/6142 6143/6143 6144/6144
f 6145/6145 6146/6146 6147/6147
f 6147/6147 6148/6148 6149/6149
f 6147/6147 6150/6150 6148/6148
f 6151/6151 6152/6152 6153/6153
f 6154/6154 6155/6155 6156/6156
f 6157/6157 6158/6158 6159/6159
f 6157/6157 6159/6159 6160/6160
f 6159/6159 6161/6161 6162/6162
f 6162/6162 6163/6163 6159/6159
f 6158/6158 6161/6161 6159/6159
f 6154/6154 6156/6156 6153/6153
f 6124/6124 6126/6126 6125/6125
f 6164/6164 6165/6165 6166/6166
f 6152/6152 6154/6154 6153/6153
f 6167/6167 6147/6147 6149/6149
f 6144/6144 6168/6168 6142/6142
f 6168/6168 6169/6169 6142/6142
f 6144/6144 6170/6170 6168/6168
f 6171/6171 6172/6172 6173/6173
f 6172/6172 6166/6166 6173/6173
f 6174/6174 6175/6175 6176/6176
f 6177/6177 6166/6166 6178/6178
f 6174/6174 6179/6179 6180/6180
f 6181/6181 6182/6182 6183/6183
f 6184/6184 6185/6185 6186/6186
f 6187/6187 6183/6183 6188/6188
f 6189/6189 6184/6184 6186/6186
f 6139/6139 6190/6190 6191/6191
f 6192/6192 6193/6193 6194/6194
f 6195/6195 6196/6196 6197/6197
f 6195/6195 6198/6198 6196/6196
f 6199/6199 6197/6197 6196/6196
f 6127/6127 6126/6126 6200/6200
f 6124/6124 6201/6201 6126/6126
f 6202/6202 6203/6203 6204/6204
f 6205/6205 6206/6206 6207/6207
f 6123/6123 6201/6201 6124/6124
f 6208/6208 6209/6209 6210/6210
f 6138/6138 6190/6190 6139/6139
f 6131/6131 6133/6133 6135/6135
f 6081/6081 6115/6115 6082/6082
f 6131/6131 6130/6130 6132/6132
f 6115/6115 6117/6117 6211/6211
f 6082/6082 6115/6115 6211/6211
f 6212/6212 6080/6080 6082/6082
f 6067/6067 6066/6066 6087/6087
f 6213/6213 6087/6087 6121/6121
f 6214/6214 6215/6215 6216/6216
f 6067/6067 6087/6087 6213/6213
f 6084/6084 6217/6217 6119/6119
f 6085/6085 6084/6084 6119/6119
f 6212/6212 6218/6218 6219/6219
f 6196/6196 6220/6220 6203/6203
f 6189/6189 6186/6186 6221/6221
f 6179/6179 6222/6222 6223/6223
f 6174/6174 6180/6180 6224/6224
f 6179/6179 6225/6225 6180/6180
f 6165/6165 6164/6164 6226/6226
f 6166/6166 6165/6165 6173/6173
f 6121/6121 6227/6227 6213/6213
f 6211/6211 6212/6212 6082/6082
f 6080/6080 6219/6219 6228/6228
f 6172/6172 6178/6178 6166/6166
f 6179/6179 6174/6174 6176/6176
f 6182/6182 6181/6181 6229/6229
f 6080/6080 6212/6212 6219/6219
f 6139/6139 6230/6230 6231/6231
f 6155/6155 6154/6154 6232/6232
f 6158/6158 6233/6233 6234/6234
f 6158/6158 6157/6157 6233/6233
f 6189/6189 6235/6235 6184/6184
f 6203/6203 6199/6199 6196/6196
f 6236/6236 6204/6204 6203/6203
f 6237/6237 6238/6238 6239/6239
f 6214/6214 6240/6240 6241/6241
f 6216/6216 6240/6240 6214/6214
f 6242/6242 6243/6243 6210/6210
f 6200/6200 6244/6244 6127/6127
f 6245/6245 6246/6246 6125/6125
f 6247/6247 6248/6248 6099/6099
f 6178/6178 6249/6249 6177/6177
f 6250/6250 6251/6251 6188/6188
f 6252/6252 6221/6221 6186/6186
f 6253/6253 6254/6254 6255/6255
f 6111/6111 6256/6256 6257/6257
f 6109/6109 6111/6111 6104/6104
f 6063/6063 6258/6258 6102/6102
f 6108/6108 6259/6259 6260/6260
f 6261/6261 6262/6262 6253/6253
f 6263/6263 6254/6254 6253/6253
f 6264/6264 6253/6253 6255/6255
f 6263/6263 6253/6253 6262/6262
f 6265/6265 6263/6263 6266/6266
f 6267/6267 6268/6268 6262/6262
f 6261/6261 6269/6269 6262/6262
f 6247/6247 6099/6099 6101/6101
f 6098/6098 6270/6270 6096/6096
f 6098/6098 6096/6096 6091/6091
f 6095/6095 6271/6271 6094/6094
f 6272/6272 6273/6273 6274/6274
f 6274/6274 6273/6273 6071/6071
f 6076/6076 6095/6095 6074/6074
f 6275/6275 6071/6071 6273/6273
f 6073/6073 6274/6274 6071/6071
f 6125/6125 6122/6122 6124/6124
f 6245/6245 6125/6125 6127/6127
f 6276/6276 6277/6277 6278/6278
f 6192/6192 6100/6100 6099/6099
f 6279/6279 6154/6154 6152/6152
f 6147/6147 6167/6167 6280/6280
f 6147/6147 6280/6280 6145/6145
f 6209/6209 6242/6242 6210/6210
f 6205/6205 6281/6281 6206/6206
f 6282/6282 6215/6215 6214/6214
f 6112/6112 6283/6283 6089/6089
f 6144/6144 6284/6284 6170/6170
f 6195/6195 6285/6285 6198/6198
f 6170/6170 6284/6284 6286/6286
f 6143/6143 6287/6287 6144/6144
f 6140/6140 6230/6230 6139/6139
f 6139/6139 6231/6231 6137/6137
f 6129/6129 6132/6132 6130/6130
f 6288/6288 6131/6131 6135/6135
f 6289/6289 6290/6290 6061/6061
f 6291/6291 6292/6292 6102/6102
f 6293/6293 6291/6291 6102/6102
f 6220/6220 6236/6236 6203/6203
f 6294/6294 6295/6295 6296/6296
f 6296/6296 6295/6295 6297/6297
f 6298/6298 6299/6299 6300/6300
f 6301/6301 6302/6302 6303/6303
f 6302/6302 6304/6304 6305/6305
f 6302/6302 6305/6305 6306/6306
f 6307/6307 6308/6308 6309/6309
f 6308/6308 6307/6307 6310/6310
f 6308/6308 6310/6310 6311/6311
f 6302/6302 6306/6306 6303/6303
f 6294/6294 6298/6298 6300/6300
f 6312/6312 6313/6313 6107/6107
f 6301/6301 6314/6314 6302/6302
f 6315/6315 6299/6299 6298/6298
f 6316/6316 6317/6317 6318/6318
f 6319/6319 6320/6320 6316/6316
f 6320/6320 6317/6317 6316/6316
f 6321/6321 6322/6322 6319/6319
f 6323/6323 6324/6324 6325/6325
f 6326/6326 6327/6327 6107/6107
f 6107/6107 6327/6327 6328/6328
f 6301/6301 6329/6329 6314/6314
f 6313/6313 6259/6259 6108/6108
f 6307/6307 6309/6309 6330/6330
f 6331/6331 6332/6332 6333/6333
f 6333/6333 6332/6332 6334/6334
f 6319/6319 6316/6316 6335/6335
f 6301/6301 6336/6336 6329/6329
f 6106/6106 6326/6326 6107/6107
f 6313/6313 6108/6108 6107/6107
f 6107/6107 6328/6328 6312/6312
f 6316/6316 6337/6337 6335/6335
f 6333/6333 6323/6323 6325/6325
f 6331/6331 6325/6325 6338/6338
f 6325/6325 6324/6324 6339/6339
f 6323/6323 6340/6340 6324/6324
f 6216/6216 6341/6341 6240/6240
f 6321/6321 6319/6319 6335/6335
f 6202/6202 6199/6199 6203/6203
f 6202/6202 6342/6342 6199/6199
f 6202/6202 6343/6343 6342/6342
f 6334/6334 6344/6344 6333/6333
f 6199/6199 6342/6342 6197/6197
f 6331/6331 6333/6333 6325/6325
f 6345/6345 6346/6346 6347/6347
f 6347/6347 6348/6348 6349/6349
f 6350/6350 6351/6351 6352/6352
f 6210/6210 6352/6352 6208/6208
f 6353/6353 6354/6354 6355/6355
f 6239/6239 6356/6356 6353/6353
f 6357/6357 6358/6358 6359/6359
f 6360/6360 6361/6361 6362/6362
f 6363/6363 6364/6364 6365/6365
f 6366/6366 6367/6367 6368/6368
f 6369/6369 6370/6370 6371/6371
f 6372/6372 6373/6373 6371/6371
f 6374/6374 6373/6373 6372/6372
f 6360/6360 6375/6375 6376/6376
f 6360/6360 6364/6364 6375/6375
f 6359/6359 6364/6364 6360/6360
f 6355/6355 6377/6377 6378/6378
f 6379/6379 6243/6243 6380/6380
f 6352/6352 6210/6210 6381/6381
f 6350/6350 6352/6352 6381/6381
f 6347/6347 6382/6382 6345/6345
f 6382/6382 6383/6383 6345/6345
f 6347/6347 6349/6349 6382/6382
f 6384/6384 6385/6385 6386/6386
f 6387/6387 6388/6388 6385/6385
f 6381/6381 6389/6389 6350/6350
f 6390/6390 6391/6391 6239/6239
f 6353/6353 6355/6355 6239/6239
f 6392/6392 6205/6205 6207/6207
f 6393/6393 6197/6197 6342/6342
f 6343/6343 6393/6393 6342/6342
f 6376/6376 6394/6394 6395/6395
f 6395/6395 6361/6361 6360/6360
f 6364/6364 6396/6396 6365/6365
f 6358/6358 6397/6397 6359/6359
f 6372/6372 6367/6367 6366/6366
f 6369/6369 6398/6398 6370/6370
f 6373/6373 6369/6369 6371/6371
f 6372/6372 6371/6371 6399/6399
f 6374/6374 6372/6372 6366/6366
f 6375/6375 6400/6400 6401/6401
f 6375/6375 6401/6401 6376/6376
f 6360/6360 6376/6376 6395/6395
f 6363/6363 6375/6375 6364/6364
f 6237/6237 6239/6239 6355/6355
f 6378/6378 6237/6237 6355/6355
f 6239/6239 6391/6391 6356/6356
f 6402/6402 6378/6378 6377/6377
f 6243/6243 6403/6403 6380/6380
f 6379/6379 6381/6381 6210/6210
f 6243/6243 6379/6379 6210/6210
f 6345/6345 6383/6383 6386/6386
f 6385/6385 6404/6404 6387/6387
f 104/104 185/185 136/136
f 104/104 136/136 119/119
f 90/90 175/175 174/174
f 90/90 174/174 176/176
f 134/134 178/178 128/128
f 134/134 128/128 130/130
f 56/56 78/78 133/133
f 56/56 133/133 57/57
f 158/158 6405/6405 6406/6406
f 158/158 6406/6406 64/64
f 6405/6405 278/278 737/737
f 6405/6405 737/737 6406/6406
f 289/289 219/219 286/286
f 289/289 286/286 277/277
f 275/275 289/289 277/277
f 275/275 277/277 273/273
f 269/269 275/275 274/274
f 269/269 274/274 284/284
f 224/224 269/269 284/284
f 224/224 284/284 35/35
f 274/274 273/273 278/278
f 274/274 278/278 6405/6405
f 284/284 274/274 6405/6405
f 284/284 6405/6405 158/158
f 293/293 204/204 288/288
f 293/293 288/288 192/192
f 192/192 288/288 230/230
f 192/192 230/230 190/190
f 261/261 232/232 231/231
f 261/261 231/231 6407/6407
f 248/248 261/261 6407/6407
f 248/248 6407/6407 220/220
f 212/212 220/220 218/218
f 212/212 218/218 217/217
f 6407/6407 231/231 242/242
f 6407/6407 242/242 245/245
f 220/220 6407/6407 245/245
f 220/220 245/245 219/219
f 223/223 217/217 216/216
f 223/223 216/216 288/288
f 288/288 216/216 275/275
f 288/288 275/275 269/269
f 219/219 245/245 272/272
f 219/219 272/272 286/286
f 393/393 374/374 6408/6408
f 393/393 6408/6408 433/433
f 430/430 434/434 433/433
f 430/430 433/433 447/447
f 435/435 430/430 448/448
f 435/435 448/448 6409/6409
f 610/610 565/565 561/561
f 610/610 561/561 539/539
f 6406/6406 737/737 736/736
f 6406/6406 736/736 64/64
f 691/691 690/690 693/693
f 691/691 693/693 697/697
f 1158/1158 1157/1157 849/849
f 1158/1158 849/849 689/689
f 1636/1636 1246/1246 1248/1248
f 1636/1636 1248/1248 6410/6410
f 734/734 733/733 1486/1486
f 734/734 1486/1486 1476/1476
f 278/278 277/277 735/735
f 278/278 735/735 737/737
f 6411/6411 1324/1324 1326/1326
f 6411/6411 1326/1326 1321/1321
f 6411/6411 1321/1321 1257/1257
f 6411/6411 1257/1257 1519/1519
f 1522/1522 1309/1309 6412/6412
f 1522/1522 6412/6412 1520/1520
f 2747/2747 1331/1331 1330/1330
f 2747/2747 1330/1330 6413/6413
f 286/286 272/272 1487/1487
f 286/286 1487/1487 285/285
f 733/733 285/285 1487/1487
f 733/733 1487/1487 1486/1486
f 735/735 277/277 285/285
f 735/735 285/285 733/733
f 1608/1608 6414/6414 1584/1584
f 1608/1608 1584/1584 1582/1582
f 1556/1556 1522/1522 1521/1521
f 1556/1556 1521/1521 6415/6415
f 6416/6416 6417/6417 1568/1568
f 6416/6416 1568/1568 1600/1600
f 6418/6418 6419/6419 1656/1656
f 6418/6418 1656/1656 1648/1648
f 1663/1663 6418/6418 1648/1648
f 1663/1663 1648/1648 1604/1604
f 6420/6420 1632/1632 1628/1628
f 6420/6420 1628/1628 1666/1666
f 6421/6421 6422/6422 1625/1625
f 6421/6421 1625/1625 1627/1627
f 1619/1619 6421/6421 1627/1627
f 1619/1619 1627/1627 1617/1617
f 1624/1624 1617/1617 1627/1627
f 1624/1624 1627/1627 6423/6423
f 1622/1622 1621/1621 1661/1661
f 1622/1622 1661/1661 1662/1662
f 1621/1621 6423/6423 1660/1660
f 1621/1621 1660/1660 1661/1661
f 1620/1620 1624/1624 6423/6423
f 1620/1620 6423/6423 1621/1621
f 6423/6423 1627/1627 1626/1626
f 6423/6423 1626/1626 1660/1660
f 1640/1640 1623/1623 1620/1620
f 1640/1640 1620/1620 1622/1622
f 1623/1623 1643/1643 1617/1617
f 1623/1623 1617/1617 1624/1624
f 1637/1637 1636/1636 6424/6424
f 1637/1637 6424/6424 6425/6425
f 1565/1565 1652/1652 1651/1651
f 1565/1565 1651/1651 1669/1669
f 1560/1560 1653/1653 1568/1568
f 1560/1560 1568/1568 1558/1558
f 1654/1654 6426/6426 1566/1566
f 1654/1654 1566/1566 1568/1568
f 1558/1558 1568/1568 6417/6417
f 1558/1558 6417/6417 1559/1559
f 1682/1682 6427/6427 6428/6428
f 1682/1682 6428/6428 1678/1678
f 1707/1707 1698/1698 6429/6429
f 1707/1707 6429/6429 1708/1708
f 1770/1770 2103/2103 1767/1767
f 1770/1770 1767/1767 1754/1754
f 1801/1801 1798/1798 1774/1774
f 1801/1801 1774/1774 1773/1773
f 1852/1852 1811/1811 1817/1817
f 1852/1852 1817/1817 1819/1819
f 2317/2317 1841/1841 1846/1846
f 2317/2317 1846/1846 2318/2318
f 1828/1828 1830/1830 2693/2693
f 1828/1828 2693/2693 6430/6430
f 1828/1828 6430/6430 1822/1822
f 1828/1828 1822/1822 1826/1826
f 1913/1913 1868/1868 1866/1866
f 1913/1913 1866/1866 1910/1910
f 1885/1885 1898/1898 1916/1916
f 1885/1885 1916/1916 1876/1876
f 6431/6431 6432/6432 1880/1880
f 6431/6431 1880/1880 1873/1873
f 1902/1902 6431/6431 1873/1873
f 1902/1902 1873/1873 1879/1879
f 1916/1916 1898/1898 1900/1900
f 1916/1916 1900/1900 1914/1914
f 1908/1908 6433/6433 1932/1932
f 1908/1908 1932/1932 1909/1909
f 1947/1947 1938/1938 1936/1936
f 1947/1947 1936/1936 1943/1943
f 6434/6434 1939/1939 1938/1938
f 6434/6434 1938/1938 1947/1947
f 6435/6435 1940/1940 1935/1935
f 6435/6435 1935/1935 6436/6436
f 1948/1948 1943/1943 1934/1934
f 1948/1948 1934/1934 1944/1944
f 2120/2120 1966/1966 1950/1950
f 2120/2120 1950/1950 2121/2121
f 6437/6437 2146/2146 2107/2107
f 6437/6437 2107/2107 2109/2109
f 2173/2173 2187/2187 2075/2075
f 2173/2173 2075/2075 2188/2188
f 6438/6438 2090/2090 2089/2089
f 6438/6438 2089/2089 2331/2331
f 2188/2188 2075/2075 2091/2091
f 2188/2188 2091/2091 6439/6439
f 6440/6440 2046/2046 2048/2048
f 6440/6440 2048/2048 6441/6441
f 1957/1957 2124/2124 1954/1954
f 1957/1957 1954/1954 1955/1955
f 6442/6442 1956/1956 1955/1955
f 6442/6442 1955/1955 1959/1959
f 2047/2047 2046/2046 2036/2036
f 2047/2047 2036/2036 2038/2038
f 6443/6443 2155/2155 2152/2152
f 6443/6443 2152/2152 2154/2154
f 6444/6444 2100/2100 2054/2054
f 6444/6444 2054/2054 2285/2285
f 2177/2177 2176/2176 6445/6445
f 2177/2177 6445/6445 6446/6446
f 2176/2176 2115/2115 2114/2114
f 2176/2176 2114/2114 6445/6445
f 2149/2149 2183/2183 2184/2184
f 2149/2149 2184/2184 2193/2193
f 6447/6447 6448/6448 6449/6449
f 6447/6447 6449/6449 6450/6450
f 6448/6448 2198/2198 6451/6451
f 6448/6448 6451/6451 6449/6449
f 6451/6451 2198/2198 2197/2197
f 6451/6451 2197/2197 6452/6452
f 6453/6453 2134/2134 2176/2176
f 6453/6453 2176/2176 2178/2178
f 2133/2133 2113/2113 2112/2112
f 2133/2133 2112/2112 2026/2026
f 2110/2110 2028/2028 2112/2112
f 2110/2110 2112/2112 2113/2113
f 2027/2027 6454/6454 2127/2127
f 2027/2027 2127/2127 1987/1987
f 2213/2213 2215/2215 2029/2029
f 2213/2213 2029/2029 2111/2111
f 2029/2029 2215/2215 6454/6454
f 2029/2029 6454/6454 2027/2027
f 2031/2031 2140/2140 2141/2141
f 2031/2031 2141/2141 2143/2143
f 2372/2372 2031/2031 2143/2143
f 2372/2372 2143/2143 2369/2369
f 2081/2081 2080/2080 2084/2084
f 2081/2081 2084/2084 2083/2083
f 2034/2034 2035/2035 2217/2217
f 2034/2034 2217/2217 2212/2212
f 2086/2086 2087/2087 2208/2208
f 2086/2086 2208/2208 2084/2084
f 6454/6454 2215/2215 2214/2214
f 6454/6454 2214/2214 6455/6455
f 2220/2220 2127/2127 6454/6454
f 2220/2220 6454/6454 6455/6455
f 2185/2185 2184/2184 2183/2183
f 2185/2185 2183/2183 2235/2235
f 2141/2141 2140/2140 2228/2228
f 2141/2141 2228/2228 2142/2142
f 2219/2219 2008/2008 2218/2218
f 2219/2219 2218/2218 6456/6456
f 2222/2222 2187/2187 2173/2173
f 2222/2222 2173/2173 6457/6457
f 2006/2006 2008/2008 1993/1993
f 2006/2006 1993/1993 2226/2226
f 2227/2227 2229/2229 2205/2205
f 2227/2227 2205/2205 2233/2233
f 2094/2094 2180/2180 2238/2238
f 2094/2094 2238/2238 2229/2229
f 2094/2094 2229/2229 2096/2096
f 2094/2094 2096/2096 2095/2095
f 2241/2241 2043/2043 2068/2068
f 2241/2241 2068/2068 2057/2057
f 6458/6458 2126/2126 2050/2050
f 6458/6458 2050/2050 2049/2049
f 6459/6459 2005/2005 6460/6460
f 6459/6459 6460/6460 6461/6461
f 2242/2242 1980/1980 2005/2005
f 2242/2242 2005/2005 6459/6459
f 6460/6460 2005/2005 1979/1979
f 6460/6460 1979/1979 2244/2244
f 1982/1982 2043/2043 1984/1984
f 1982/1982 1984/1984 1983/1983
f 6462/6462 2129/2129 2050/2050
f 6462/6462 2050/2050 2059/2059
f 2207/2207 2231/2231 2233/2233
f 2207/2207 2233/2233 2205/2205
f 6457/6457 2173/2173 2172/2172
f 6457/6457 2172/2172 6463/6463
f 2295/2295 6464/6464 2264/2264
f 2295/2295 2264/2264 2263/2263
f 2292/2292 2251/2251 2253/2253
f 2292/2292 2253/2253 6465/6465
f 2274/2274 2278/2278 2257/2257
f 2274/2274 2257/2257 2256/2256
f 2283/2283 2046/2046 6440/6440
f 2283/2283 6440/6440 6466/6466
f 2267/2267 2300/2300 6467/6467
f 2267/2267 6467/6467 2265/2265
f 2281/2281 2267/2267 2270/2270
f 2281/2281 2270/2270 6468/6468
f 2258/2258 2248/2248 2264/2264
f 2258/2258 2264/2264 6469/6469
f 6469/6469 2264/2264 6464/6464
f 6469/6469 6464/6464 6470/6470
f 2370/2370 2368/2368 2136/2136
f 2370/2370 2136/2136 2400/2400
f 2372/2372 2369/2369 2368/2368
f 2372/2372 2368/2368 2371/2371
f 2382/2382 2116/2116 2134/2134
f 2382/2382 2134/2134 6453/6453
f 2397/2397 2116/2116 2382/2382
f 2397/2397 2382/2382 2394/2394
f 2381/2381 2382/2382 6453/6453
f 2381/2381 6453/6453 2178/2178
f 2424/2424 2396/2396 2435/2435
f 2424/2424 2435/2435 2316/2316
f 2392/2392 2391/2391 6448/6448
f 2392/2392 6448/6448 6447/6447
f 2374/2374 2392/2392 6447/6447
f 2374/2374 6447/6447 2414/2414
f 2415/2415 2414/2414 6447/6447
f 2415/2415 6447/6447 6450/6450
f 2396/2396 2364/2364 2356/2356
f 2396/2396 2356/2356 2435/2435
f 2453/2453 2395/2395 2363/2363
f 2453/2453 2363/2363 2452/2452
f 2361/2361 2360/2360 2395/2395
f 2361/2361 2395/2395 2367/2367
f 2367/2367 2395/2395 2453/2453
f 2367/2367 2453/2453 2337/2337
f 6471/6471 2424/2424 2314/2314
f 6471/6471 2314/2314 2313/2313
f 2451/2451 2453/2453 2452/2452
f 2451/2451 2452/2452 6471/6471
f 2451/2451 6471/6471 2313/2313
f 2451/2451 2313/2313 2353/2353
f 2404/2404 2401/2401 2348/2348
f 2404/2404 2348/2348 2351/2351
f 2403/2403 2404/2404 2351/2351
f 2403/2403 2351/2351 2319/2319
f 2317/2317 2351/2351 2348/2348
f 2317/2317 2348/2348 1841/1841
f 2459/2459 2446/2446 2445/2445
f 2459/2459 2445/2445 2458/2458
f 2460/2460 2505/2505 2447/2447
f 2460/2460 2447/2447 2446/2446
f 6472/6472 2393/2393 2401/2401
f 6472/6472 2401/2401 6473/6473
f 6448/6448 2391/2391 2196/2196
f 6448/6448 2196/2196 2198/2198
f 2407/2407 2406/2406 2192/2192
f 2407/2407 2192/2192 6474/6474
f 6471/6471 2452/2452 2396/2396
f 6471/6471 2396/2396 2424/2424
f 2401/2401 2405/2405 6475/6475
f 2401/2401 6475/6475 6473/6473
f 2405/2405 2403/2403 2349/2349
f 2405/2405 2349/2349 6475/6475
f 6476/6476 2408/2408 2393/2393
f 6476/6476 2393/2393 6472/6472
f 6477/6477 2416/2416 2411/2411
f 6477/6477 2411/2411 2357/2357
f 6478/6478 2420/2420 2429/2429
f 6478/6478 2429/2429 2431/2431
f 2430/2430 2429/2429 2421/2421
f 2430/2430 2421/2421 2423/2423
f 2341/2341 2678/2678 2412/2412
f 2341/2341 2412/2412 2346/2346
f 2468/2468 2462/2462 2344/2344
f 2468/2468 2344/2344 2412/2412
f 2463/2463 2378/2378 6479/6479
f 2463/2463 6479/6479 6480/6480
f 2437/2437 2434/2434 2316/2316
f 2437/2437 2316/2316 2435/2435
f 2355/2355 2436/2436 2435/2435
f 2355/2355 2435/2435 2356/2356
f 2309/2309 2450/2450 2441/2441
f 2309/2309 2441/2441 2307/2307
f 2457/2457 2445/2445 2441/2441
f 2457/2457 2441/2441 2450/2450
f 6481/6481 2471/2471 2473/2473
f 6481/6481 2473/2473 2657/2657
f 6482/6482 2509/2509 2689/2689
f 6482/6482 2689/2689 6483/6483
f 2480/2480 6483/6483 2689/2689
f 2480/2480 2689/2689 2478/2478
f 2601/2601 2481/2481 2509/2509
f 2601/2601 2509/2509 6482/6482
f 6484/6484 2991/2991 2554/2554
f 6484/6484 2554/2554 2553/2553
f 6485/6485 2527/2527 2526/2526
f 6485/6485 2526/2526 2506/2506
f 2570/2570 2558/2558 2610/2610
f 2570/2570 2610/2610 6486/6486
f 6487/6487 2492/2492 2491/2491
f 6487/6487 2491/2491 2410/2410
f 2570/2570 6486/6486 2563/2563
f 2570/2570 2563/2563 2565/2565
f 2557/2557 2611/2611 2610/2610
f 2557/2557 2610/2610 2558/2558
f 2612/2612 2611/2611 6488/6488
f 2612/2612 6488/6488 6489/6489
f 6490/6490 2992/2992 2991/2991
f 6490/6490 2991/2991 6484/6484
f 2485/2485 2484/2484 2514/2514
f 2485/2485 2514/2514 6491/6491
f 2631/2631 2497/2497 2496/2496
f 2631/2631 2496/2496 2498/2498
f 6492/6492 2611/2611 2557/2557
f 6492/6492 2557/2557 2617/2617
f 6493/6493 6488/6488 2611/2611
f 6493/6493 2611/2611 6492/6492
f 2427/2427 2439/2439 2543/2543
f 2427/2427 2543/2543 2428/2428
f 2640/2640 2639/2639 6494/6494
f 2640/2640 6494/6494 6495/6495
f 2641/2641 2660/2660 2659/2659
f 2641/2641 2659/2659 2672/2672
f 2539/2539 2538/2538 2661/2661
f 2539/2539 2661/2661 6496/6496
f 2471/2471 6481/6481 6497/6497
f 2471/2471 6497/6497 2665/2665
f 2498/2498 2678/2678 2341/2341
f 2498/2498 2341/2341 2343/2343
f 6498/6498 2672/2672 2539/2539
f 6498/6498 2539/2539 6496/6496
f 2545/2545 2685/2685 2493/2493
f 2545/2545 2493/2493 2495/2495
f 2958/2958 2545/2545 2544/2544
f 2958/2958 2544/2544 2675/2675
f 2639/2639 2672/2672 6498/6498
f 2639/2639 6498/6498 6494/6494
f 6499/6499 2630/2630 2631/2631
f 6499/6499 2631/2631 6500/6500
f 2631/2631 2488/2488 2682/2682
f 2631/2631 2682/2682 6500/6500
f 2519/2519 2618/2618 2486/2486
f 2519/2519 2486/2486 2485/2485
f 2519/2519 2620/2620 2676/2676
f 2519/2519 2676/2676 2618/2618
f 2513/2513 2620/2620 2520/2520
f 2513/2513 2520/2520 2511/2511
f 2511/2511 2520/2520 2485/2485
f 2511/2511 2485/2485 6501/6501
f 6502/6502 6501/6501 2485/2485
f 6502/6502 2485/2485 6491/6491
f 6503/6503 2494/2494 2493/2493
f 6503/6503 2493/2493 2705/2705
f 6504/6504 6505/6505 2544/2544
f 6504/6504 2544/2544 2495/2495
f 6505/6505 2605/2605 2674/2674
f 6505/6505 2674/2674 2544/2544
f 2704/2704 2493/2493 2686/2686
f 2704/2704 2686/2686 6506/6506
f 2534/2534 2575/2575 2526/2526
f 2534/2534 2526/2526 2504/2504
f 2536/2536 2546/2546 2594/2594
f 2536/2536 2594/2594 2532/2532
f 2529/2529 2594/2594 2508/2508
f 2529/2529 2508/2508 2507/2507
f 6507/6507 2479/2479 2478/2478
f 6507/6507 2478/2478 2684/2684
f 2645/2645 2684/2684 2510/2510
f 2645/2645 2510/2510 2483/2483
f 2691/2691 2673/2673 2629/2629
f 2691/2691 2629/2629 2571/2571
f 6508/6508 2692/2692 6509/6509
f 6508/6508 6509/6509 2322/2322
f 1822/1822 6430/6430 6508/6508
f 1822/1822 6508/6508 2322/2322
f 2693/2693 2692/2692 6508/6508
f 2693/2693 6508/6508 6430/6430
f 2537/2537 2539/2539 2672/2672
f 2537/2537 2672/2672 2659/2659
f 1830/1830 1827/1827 2537/2537
f 1830/1830 2537/2537 2693/2693
f 1827/1827 1832/1832 2538/2538
f 1827/1827 2538/2538 2537/2537
f 2537/2537 2659/2659 6509/6509
f 2537/2537 6509/6509 2692/2692
f 2322/2322 6509/6509 2659/2659
f 2322/2322 2659/2659 2323/2323
f 6510/6510 2468/2468 2467/2467
f 6510/6510 2467/2467 2630/2630
f 2750/2750 2721/2721 2724/2724
f 2750/2750 2724/2724 2741/2741
f 2732/2732 2735/2735 2744/2744
f 2732/2732 2744/2744 2737/2737
f 6511/6511 2759/2759 2716/2716
f 6511/6511 2716/2716 6512/6512
f 2716/2716 2725/2725 2755/2755
f 2716/2716 2755/2755 6512/6512
f 2752/2752 2713/2713 2715/2715
f 2752/2752 2715/2715 6513/6513
f 6514/6514 6513/6513 2715/2715
f 6514/6514 2715/2715 2714/2714
f 6514/6514 2714/2714 2759/2759
f 6514/6514 2759/2759 6515/6515
f 6516/6516 6515/6515 2759/2759
f 6516/6516 2759/2759 6511/6511
f 6517/6517 2735/2735 6518/6518
f 6517/6517 6518/6518 6519/6519
f 2735/2735 2731/2731 2757/2757
f 2735/2735 2757/2757 6518/6518
f 2758/2758 2735/2735 6517/6517
f 2758/2758 6517/6517 6520/6520
f 6521/6521 6520/6520 6517/6517
f 6521/6521 6517/6517 6519/6519
f 2724/2724 2716/2716 2715/2715
f 2724/2724 2715/2715 2740/2740
f 2740/2740 2713/2713 2718/2718
f 2740/2740 2718/2718 2742/2742
f 6522/6522 2766/2766 2765/2765
f 6522/6522 2765/2765 4613/4613
f 2828/2828 6523/6523 2792/2792
f 2828/2828 2792/2792 2789/2789
f 2797/2797 2800/2800 2802/2802
f 2797/2797 2802/2802 2796/2796
f 2855/2855 2921/2921 2866/2866
f 2855/2855 2866/2866 2865/2865
f 2896/2896 2916/2916 2858/2858
f 2896/2896 2858/2858 2897/2897
f 2873/2873 2862/2862 2861/2861
f 2873/2873 2861/2861 6524/6524
f 2848/2848 2850/2850 2880/2880
f 2848/2848 2880/2880 2879/2879
f 4415/4415 4414/4414 6525/6525
f 4415/4415 6525/6525 6526/6526
f 2900/2900 2844/2844 2854/2854
f 2900/2900 2854/2854 2924/2924
f 2857/2857 4406/4406 2922/2922
f 2857/2857 2922/2922 2855/2855
f 2916/2916 2896/2896 2898/2898
f 2916/2916 2898/2898 2905/2905
f 2890/2890 2925/2925 2924/2924
f 2890/2890 2924/2924 2854/2854
f 6527/6527 2886/2886 2885/2885
f 6527/6527 2885/2885 2889/2889
f 6528/6528 6529/6529 2920/2920
f 6528/6528 2920/2920 2918/2918
f 6530/6530 6528/6528 2918/2918
f 6530/6530 2918/2918 2926/2926
f 2885/2885 2917/2917 2927/2927
f 2885/2885 2927/2927 2918/2918
f 3030/3030 2940/2940 2942/2942
f 3030/3030 2942/2942 2954/2954
f 2552/2552 2554/2554 3015/3015
f 2552/2552 3015/3015 3041/3041
f 3127/3127 2939/2939 2941/2941
f 3127/3127 2941/2941 6531/6531
f 3101/3101 2955/2955 2953/2953
f 3101/3101 2953/2953 3129/3129
f 2944/2944 3128/3128 2953/2953
f 2944/2944 2953/2953 2942/2942
f 3124/3124 2975/2975 6532/6532
f 3124/3124 6532/6532 3125/3125
f 6532/6532 2975/2975 2976/2976
f 6532/6532 2976/2976 6533/6533
f 2976/2976 3044/3044 3123/3123
f 2976/2976 3123/3123 6533/6533
f 3121/3121 2928/2928 2937/2937
f 3121/3121 2937/2937 2945/2945
f 6506/6506 2686/2686 2946/2946
f 6506/6506 2946/2946 2948/2948
f 2930/2930 2934/2934 2937/2937
f 2930/2930 2937/2937 2928/2928
f 6534/6534 2945/2945 2938/2938
f 6534/6534 2938/2938 3126/3126
f 6535/6535 6534/6534 3126/3126
f 6535/6535 3126/3126 3125/3125
f 6536/6536 3011/3011 2984/2984
f 6536/6536 2984/2984 6537/6537
f 6538/6538 3046/3046 3048/3048
f 6538/6538 3048/3048 3375/3375
f 3013/3013 3012/3012 3015/3015
f 3013/3013 3015/3015 3136/3136
f 6537/6537 2984/2984 2981/2981
f 6537/6537 2981/2981 6539/6539
f 2981/2981 3010/3010 3007/3007
f 2981/2981 3007/3007 6539/6539
f 6540/6540 2982/2982 3011/3011
f 6540/6540 3011/3011 6541/6541
f 6541/6541 3011/3011 6536/6536
f 6541/6541 6536/6536 6542/6542
f 2971/2971 2700/2700 6543/6543
f 2971/2971 6543/6543 3117/3117
f 3031/3031 3030/3030 2954/2954
f 3031/3031 2954/2954 2956/2956
f 3124/3124 3126/3126 2938/2938
f 3124/3124 2938/2938 2934/2934
f 2976/2976 2936/2936 2935/2935
f 2976/2976 2935/2935 3094/3094
f 2933/2933 2932/2932 2976/2976
f 2933/2933 2976/2976 3094/3094
f 2673/2673 2691/2691 6544/6544
f 2673/2673 6544/6544 2973/2973
f 2545/2545 2946/2946 2686/2686
f 2545/2545 2686/2686 2685/2685
f 3049/3049 3051/3051 3000/3000
f 3049/3049 3000/3000 6545/6545
f 3171/3171 3339/3339 3375/3375
f 3171/3171 3375/3375 3048/3048
f 3106/3106 3077/3077 3079/3079
f 3106/3106 3079/3079 3104/3104
f 3000/3000 6546/6546 6547/6547
f 3000/3000 6547/6547 6545/6545
f 6548/6548 6549/6549 3104/3104
f 6548/6548 3104/3104 3081/3081
f 2988/2988 2990/2990 3106/3106
f 2988/2988 3106/3106 3105/3105
f 3294/3294 2996/2996 3089/3089
f 3294/3294 3089/3089 6550/6550
f 3089/3089 2996/2996 2995/2995
f 3089/3089 2995/2995 3090/3090
f 3132/3132 3092/3092 3110/3110
f 3132/3132 3110/3110 6551/6551
f 3132/3132 6551/6551 6552/6552
f 3132/3132 6552/6552 2994/2994
f 3078/3078 3077/3077 3106/3106
f 3078/3078 3106/3106 2990/2990
f 3009/3009 2981/2981 2980/2980
f 3009/3009 2980/2980 3002/3002
f 3072/3072 3085/3085 3074/3074
f 3072/3072 3074/3074 3073/3073
f 3045/3045 3023/3023 3037/3037
f 3045/3045 3037/3037 6553/6553
f 3090/3090 2995/2995 6554/6554
f 3090/3090 6554/6554 3088/3088
f 2994/2994 6552/6552 6554/6554
f 2994/2994 6554/6554 2995/2995
f 3026/3026 6555/6555 3036/3036
f 3026/3026 3036/3036 3023/3023
f 6556/6556 6557/6557 6555/6555
f 6556/6556 6555/6555 3026/3026
f 6558/6558 6559/6559 6560/6560
f 6558/6558 6560/6560 3027/3027
f 3024/3024 6558/6558 3027/3027
f 3024/3024 3027/3027 3023/3023
f 3024/3024 3025/3025 6559/6559
f 3024/3024 6559/6559 6558/6558
f 6560/6560 6556/6556 3026/3026
f 6560/6560 3026/3026 3027/3027
f 6561/6561 6557/6557 6556/6556
f 6561/6561 6556/6556 6562/6562
f 6562/6562 6556/6556 6560/6560
f 6562/6562 6560/6560 6563/6563
f 6560/6560 6559/6559 6564/6564
f 6560/6560 6564/6564 6563/6563
f 6564/6564 6559/6559 3025/3025
f 6564/6564 3025/3025 3019/3019
f 6565/6565 6566/6566 6553/6553
f 6565/6565 6553/6553 3037/3037
f 3067/3067 3061/3061 3057/3057
f 3067/3067 3057/3057 2623/2623
f 2975/2975 3124/3124 2934/2934
f 2975/2975 2934/2934 2936/2936
f 3072/3072 2933/2933 3094/3094
f 3072/3072 3094/3094 3085/3085
f 3057/3057 2697/2697 2690/2690
f 3057/3057 2690/2690 2623/2623
f 3061/3061 3060/3060 3058/3058
f 3061/3061 3058/3058 3057/3057
f 2667/2667 2669/2669 3039/3039
f 2667/2667 3039/3039 2671/2671
f 6567/6567 2979/2979 2983/2983
f 6567/6567 2983/2983 6568/6568
f 2967/2967 2700/2700 2971/2971
f 2967/2967 2971/2971 2970/2970
f 3096/3096 6567/6567 3183/3183
f 3096/3096 3183/3183 3003/3003
f 3096/3096 2980/2980 2979/2979
f 3096/3096 2979/2979 6567/6567
f 6549/6549 6569/6569 3105/3105
f 6549/6549 3105/3105 3104/3104
f 3078/3078 3098/3098 6570/6570
f 3078/3078 6570/6570 3076/3076
f 3079/3079 3077/3077 3076/3076
f 3079/3079 3076/3076 3109/3109
f 3276/3276 2952/2952 2951/2951
f 3276/3276 2951/2951 6571/6571
f 3112/3112 6572/6572 6551/6551
f 3112/3112 6551/6551 3110/3110
f 6573/6573 6552/6552 6551/6551
f 6573/6573 6551/6551 6572/6572
f 6574/6574 6554/6554 6552/6552
f 6574/6574 6552/6552 6573/6573
f 6574/6574 3131/3131 3088/3088
f 6574/6574 3088/3088 6554/6554
f 2554/2554 2991/2991 2993/2993
f 2554/2554 2993/2993 3015/3015
f 6575/6575 6565/6565 3037/3037
f 6575/6575 3037/3037 3036/3036
f 3058/3058 3060/3060 3065/3065
f 3058/3058 3065/3065 6576/6576
f 2696/2696 2697/2697 3058/3058
f 2696/2696 3058/3058 6576/6576
f 6575/6575 3036/3036 6555/6555
f 6575/6575 6555/6555 6577/6577
f 6578/6578 6577/6577 6555/6555
f 6578/6578 6555/6555 6557/6557
f 6578/6578 6557/6557 6561/6561
f 6578/6578 6561/6561 6579/6579
f 6544/6544 2691/2691 3052/3052
f 6544/6544 3052/3052 3054/3054
f 6580/6580 3139/3139 3138/3138
f 6580/6580 3138/3138 6581/6581
f 3164/3164 3161/3161 3163/3163
f 3164/3164 3163/3163 3159/3159
f 3173/3173 3185/3185 3339/3339
f 3173/3173 3339/3339 3171/3171
f 6582/6582 3431/3431 3254/3254
f 6582/6582 3254/3254 6583/6583
f 3254/3254 3256/3256 6584/6584
f 3254/3254 6584/6584 6583/6583
f 3186/3186 3185/3185 3173/3173
f 3186/3186 3173/3173 3174/3174
f 3143/3143 3176/3176 3186/3186
f 3143/3143 3186/3186 3174/3174
f 3245/3245 3271/3271 3273/3273
f 3245/3245 3273/3273 3243/3243
f 3239/3239 3235/3235 3271/3271
f 3239/3239 3271/3271 3245/3245
f 3198/3198 3197/3197 2982/2982
f 3198/3198 2982/2982 6540/6540
f 3177/3177 3179/3179 3199/3199
f 3177/3177 3199/3199 3198/3198
f 3093/3093 3134/3134 3290/3290
f 3093/3093 3290/3290 3113/3113
f 6585/6585 3273/3273 3276/3276
f 6585/6585 3276/3276 6571/6571
f 3147/3147 3154/3154 3153/3153
f 3147/3147 3153/3153 3145/3145
f 6586/6586 3217/3217 3216/3216
f 6586/6586 3216/3216 3293/3293
f 6586/6586 3293/3293 3200/3200
f 6586/6586 3200/3200 3202/3202
f 3201/3201 3200/3200 3240/3240
f 3201/3201 3240/3240 3242/3242
f 3204/3204 3203/3203 3270/3270
f 3204/3204 3270/3270 6587/6587
f 6587/6587 3270/3270 3419/3419
f 6587/6587 3419/3419 3316/3316
f 3424/3424 3269/3269 3203/3203
f 3424/3424 3203/3203 3205/3205
f 6569/6569 6588/6588 6589/6589
f 6569/6569 6589/6589 3105/3105
f 3295/3295 3210/3210 3209/3209
f 3295/3295 3209/3209 3212/3212
f 3222/3222 3218/3218 3251/3251
f 3222/3222 3251/3251 6590/6590
f 6590/6590 3251/3251 3253/3253
f 6590/6590 3253/3253 6591/6591
f 3181/3181 6568/6568 3199/3199
f 3181/3181 3199/3199 3179/3179
f 2983/2983 3197/3197 3199/3199
f 2983/2983 3199/3199 6568/6568
f 3266/3266 3274/3274 3212/3212
f 3266/3266 3212/3212 3209/3209
f 6592/6592 3221/3221 2988/2988
f 6592/6592 2988/2988 6593/6593
f 2988/2988 3105/3105 6589/6589
f 2988/2988 6589/6589 6593/6593
f 3412/3412 3152/3152 3151/3151
f 3412/3412 3151/3151 3196/3196
f 3183/3183 6567/6567 6568/6568
f 3183/3183 6568/6568 3181/3181
f 3257/3257 3284/3284 3283/3283
f 3257/3257 3283/3283 3258/3258
f 6594/6594 3298/3298 3289/3289
f 6594/6594 3289/3289 3288/3288
f 3273/3273 3200/3200 3293/3293
f 3273/3273 3293/3293 3247/3247
f 6581/6581 3138/3138 3298/3298
f 6581/6581 3298/3298 6594/6594
f 3291/3291 3252/3252 3218/3218
f 3291/3291 3218/3218 3220/3220
f 6595/6595 3261/3261 3263/3263
f 6595/6595 3263/3263 3262/3262
f 3260/3260 3267/3267 3263/3263
f 3260/3260 3263/3263 3261/3261
f 3263/3263 3267/3267 3211/3211
f 3263/3263 3211/3211 3206/3206
f 3265/3265 3268/3268 3267/3267
f 3265/3265 3267/3267 3260/3260
f 3297/3297 3289/3289 3298/3298
f 3297/3297 3298/3298 3140/3140
f 3278/3278 3287/3287 3297/3297
f 3278/3278 3297/3297 3279/3279
f 3229/3229 2994/2994 3294/3294
f 3229/3229 3294/3294 3231/3231
f 3231/3231 3294/3294 6550/6550
f 3231/3231 6550/6550 3281/3281
f 6585/6585 3240/3240 3200/3200
f 6585/6585 3200/3200 3273/3273
f 2952/2952 3276/3276 3272/3272
f 2952/2952 3272/3272 3235/3235
f 6596/6596 6597/6597 6598/6598
f 6596/6596 6598/6598 6599/6599
f 3275/3275 3225/3225 6600/6600
f 3275/3275 6600/6600 3332/3332
f 6601/6601 6602/6602 3378/3378
f 6601/6601 3378/3378 3423/3423
f 3332/3332 6600/6600 6603/6603
f 3332/3332 6603/6603 3331/3331
f 3253/3253 3402/3402 3389/3389
f 3253/3253 3389/3389 6591/6591
f 3337/3337 3356/3356 3353/3353
f 3337/3337 3353/3353 3338/3338
f 6597/6597 6596/6596 3403/3403
f 6597/6597 3403/3403 3498/3498
f 6604/6604 3355/3355 3354/3354
f 6604/6604 3354/3354 3357/3357
f 6538/6538 3375/3375 3374/3374
f 6538/6538 3374/3374 3377/3377
f 3421/3421 3368/3368 3367/3367
f 3421/3421 3367/3367 3422/3422
f 6605/6605 6606/6606 3416/3416
f 6605/6605 3416/3416 3418/3418
f 3511/3511 3418/3418 3417/3417
f 3511/3511 3417/3417 3512/3512
f 6607/6607 3515/3515 3512/3512
f 6607/6607 3512/3512 3417/3417
f 3331/3331 6603/6603 3416/3416
f 3331/3331 3416/3416 6606/6606
f 6608/6608 3346/3346 3282/3282
f 6608/6608 3282/3282 3149/3149
f 3349/3349 3423/3423 3366/3366
f 3349/3349 3366/3366 3368/3368
f 3399/3399 3429/3429 3428/3428
f 3399/3399 3428/3428 3400/3400
f 3401/3401 3340/3340 3372/3372
f 3401/3401 3372/3372 3374/3374
f 3184/3184 3333/3333 3401/3401
f 3184/3184 3401/3401 3339/3339
f 3372/3372 3340/3340 3411/3411
f 3372/3372 3411/3411 3379/3379
f 3387/3387 3402/3402 3432/3432
f 3387/3387 3432/3432 3407/3407
f 3409/3409 3432/3432 3252/3252
f 3409/3409 3252/3252 3292/3292
f 3402/3402 3253/3253 3252/3252
f 3402/3402 3252/3252 3432/3432
f 3403/3403 6596/6596 6609/6609
f 3403/3403 6609/6609 3404/3404
f 3353/3353 3410/3410 3341/3341
f 3353/3353 3341/3341 3338/3338
f 3352/3352 3349/3349 3368/3368
f 3352/3352 3368/3368 3421/3421
f 3321/3321 3419/3419 3313/3313
f 3321/3321 3313/3313 3322/3322
f 3420/3420 3274/3274 3268/3268
f 3420/3420 3268/3268 3265/3265
f 3427/3427 3429/3429 3306/3306
f 3427/3427 3306/3306 3308/3308
f 3326/3326 3414/3414 3327/3327
f 3326/3326 3327/3327 3329/3329
f 3430/3430 3350/3350 3352/3352
f 3430/3430 3352/3352 3393/3393
f 6610/6610 3364/3364 3378/3378
f 6610/6610 3378/3378 6602/6602
f 3334/3334 3335/3335 3196/3196
f 3334/3334 3196/3196 3345/3345
f 6598/6598 6597/6597 3355/3355
f 6598/6598 3355/3355 6604/6604
f 6607/6607 3417/3417 3416/3416
f 6607/6607 3416/3416 6603/6603
f 3154/3154 3147/3147 3282/3282
f 3154/3154 3282/3282 3413/3413
f 3393/3393 3352/3352 3421/3421
f 3393/3393 3421/3421 3394/3394
f 3396/3396 3517/3517 6600/6600
f 3396/3396 6600/6600 3225/3225
f 3310/3310 3312/3312 6611/6611
f 3310/3310 6611/6611 6612/6612
f 3414/3414 3314/3314 3419/3419
f 3414/3414 3419/3419 3321/3321
f 3320/3320 3322/3322 6611/6611
f 3320/3320 6611/6611 3312/3312
f 6597/6597 3498/3498 3370/3370
f 6597/6597 3370/3370 3355/3355
f 3516/3516 3515/3515 6607/6607
f 3516/3516 6607/6607 3517/3517
f 3349/3349 3351/3351 6601/6601
f 3349/3349 6601/6601 3423/3423
f 3176/3176 3302/3302 3184/3184
f 3176/3176 3184/3184 3186/3186
f 3255/3255 3254/3254 3429/3429
f 3255/3255 3429/3429 3399/3399
f 6613/6613 3383/3383 3363/3363
f 6613/6613 3363/3363 3365/3365
f 3517/3517 6607/6607 6603/6603
f 3517/3517 6603/6603 6600/6600
f 3326/3326 3325/3325 3314/3314
f 3326/3326 3314/3314 3414/3414
f 3322/3322 3313/3313 3269/3269
f 3322/3322 3269/3269 6611/6611
f 3425/3425 6612/6612 6611/6611
f 3425/3425 6611/6611 3269/3269
f 6614/6614 3470/3470 3460/3460
f 6614/6614 3460/3460 3459/3459
f 3471/3471 6615/6615 3463/3463
f 3471/3471 3463/3463 3460/3460
f 3465/3465 3466/3466 3460/3460
f 3465/3465 3460/3460 3463/3463
f 3452/3452 3456/3456 6616/6616
f 3452/3452 6616/6616 3453/3453
f 6617/6617 3529/3529 3480/3480
f 6617/6617 3480/3480 6618/6618
f 3501/3501 3475/3475 3529/3529
f 3501/3501 3529/3529 3499/3499
f 3535/3535 3539/3539 3567/3567
f 3535/3535 3567/3567 3519/3519
f 3398/3398 3514/3514 3518/3518
f 3398/3398 3518/3518 3396/3396
f 3505/3505 3507/3507 3512/3512
f 3505/3505 3512/3512 3515/3515
f 6619/6619 3539/3539 3538/3538
f 6619/6619 3538/3538 6620/6620
f 3497/3497 3537/3537 3491/3491
f 3497/3497 3491/3491 3492/3492
f 6618/6618 3480/3480 3479/3479
f 6618/6618 3479/3479 3528/3528
f 3478/3478 3341/3341 3410/3410
f 3478/3478 3410/3410 3526/3526
f 3488/3488 3487/3487 3529/3529
f 3488/3488 3529/3529 6617/6617
f 3492/3492 3509/3509 3523/3523
f 3492/3492 3523/3523 3502/3502
f 3475/3475 3474/3474 3480/3480
f 3475/3475 3480/3480 3529/3529
f 3505/3505 3516/3516 6621/6621
f 3505/3505 6621/6621 3506/3506
f 6621/6621 3516/3516 3518/3518
f 6621/6621 3518/3518 3514/3514
f 3520/3520 3476/3476 3475/3475
f 3520/3520 3475/3475 3501/3501
f 3553/3553 3552/3552 3555/3555
f 3553/3553 3555/3555 3558/3558
f 3561/3561 3558/3558 3569/3569
f 3561/3561 3569/3569 3568/3568
f 3548/3548 3562/3562 3564/3564
f 3548/3548 3564/3564 3546/3546
f 3570/3570 3449/3449 3944/3944
f 3570/3570 3944/3944 4011/4011
f 3551/3551 3547/3547 3560/3560
f 3551/3551 3560/3560 3549/3549
f 3544/3544 3543/3543 3553/3553
f 3544/3544 3553/3553 3557/3557
f 3555/3555 3519/3519 3567/3567
f 3555/3555 3567/3567 3569/3569
f 3568/3568 3567/3567 3539/3539
f 3568/3568 3539/3539 6619/6619
f 3449/3449 3570/3570 3572/3572
f 3449/3449 3572/3572 3468/3468
f 3581/3581 3583/3583 3546/3546
f 3581/3581 3546/3546 3564/3564
f 3590/3590 6622/6622 3583/3583
f 3590/3590 3583/3583 3582/3582
f 6623/6623 3457/3457 3452/3452
f 6623/6623 3452/3452 3554/3554
f 6624/6624 3587/3587 3586/3586
f 6624/6624 3586/3586 4117/4117
f 3602/3602 3607/3607 3606/3606
f 3602/3602 3606/3606 3608/3608
f 3640/3640 6625/6625 3654/3654
f 3640/3640 3654/3654 3641/3641
f 3808/3808 3805/3805 3650/3650
f 3808/3808 3650/3650 6626/6626
f 6627/6627 3632/3632 3620/3620
f 6627/6627 3620/3620 3621/3621
f 3642/3642 3639/3639 3627/3627
f 3642/3642 3627/3627 6628/6628
f 3654/3654 3653/3653 6629/6629
f 3654/3654 6629/6629 3641/3641
f 3641/3641 6629/6629 3617/3617
f 3641/3641 3617/3617 3616/3616
f 3593/3593 3622/3622 3671/3671
f 3593/3593 3671/3671 3599/3599
f 3649/3649 3658/3658 3657/3657
f 3649/3649 3657/3657 6630/6630
f 3637/3637 3617/3617 6629/6629
f 3637/3637 6629/6629 6631/6631
f 3665/3665 6631/6631 6629/6629
f 3665/3665 6629/6629 3653/3653
f 6632/6632 6633/6633 3649/3649
f 6632/6632 3649/3649 6630/6630
f 6626/6626 3650/3650 3649/3649
f 6626/6626 3649/3649 6633/6633
f 6634/6634 3682/3682 3818/3818
f 6634/6634 3818/3818 6635/6635
f 3743/3743 3706/3706 3705/3705
f 3743/3743 3705/3705 3692/3692
f 3703/3703 3704/3704 3663/3663
f 3703/3703 3663/3663 3679/3679
f 3741/3741 3695/3695 3705/3705
f 3741/3741 3705/3705 3742/3742
f 6636/6636 3782/3782 3784/3784
f 6636/6636 3784/3784 3804/3804
f 3712/3712 3711/3711 6637/6637
f 3712/3712 6637/6637 3761/3761
f 4332/4332 3731/3731 3733/3733
f 4332/4332 3733/3733 6638/6638
f 6638/6638 3733/3733 3799/3799
f 6638/6638 3799/3799 6639/6639
f 6640/6640 3744/3744 3749/3749
f 6640/6640 3749/3749 6641/6641
f 3779/3779 6642/6642 3791/3791
f 3779/3779 3791/3791 3774/3774
f 6643/6643 3778/3778 3774/3774
f 6643/6643 3774/3774 3792/3792
f 3760/3760 3763/3763 3762/3762
f 3760/3760 3762/3762 3754/3754
f 3614/3614 3659/3659 3789/3789
f 3614/3614 3789/3789 3765/3765
f 3720/3720 3728/3728 3727/3727
f 3720/3720 3727/3727 3730/3730
f 3719/3719 3726/3726 3728/3728
f 3719/3719 3728/3728 3720/3720
f 6644/6644 6645/6645 3714/3714
f 6644/6644 3714/3714 3710/3710
f 3802/3802 3784/3784 3783/3783
f 3802/3802 3783/3783 3786/3786
f 3806/3806 3805/3805 3809/3809
f 3806/3806 3809/3809 3715/3715
f 3651/3651 3650/3650 3805/3805
f 3651/3651 3805/3805 3807/3807
f 3723/3723 3658/3658 3651/3651
f 3723/3723 3651/3651 3807/3807
f 3664/3664 3658/3658 3723/3723
f 3664/3664 3723/3723 3820/3820
f 3721/3721 3806/3806 3715/3715
f 3721/3721 3715/3715 3717/3717
f 3721/3721 3723/3723 3807/3807
f 3721/3721 3807/3807 3806/3806
f 3673/3673 3750/3750 3749/3749
f 3673/3673 3749/3749 3746/3746
f 3823/3823 3831/3831 3833/3833
f 3823/3823 3833/3833 3824/3824
f 3824/3824 3826/3826 3597/3597
f 3824/3824 3597/3597 3823/3823
f 3848/3848 6646/6646 3847/3847
f 3848/3848 3847/3847 3843/3843
f 3866/3866 6625/6625 3640/3640
f 3866/3866 3640/3640 3616/3616
f 3864/3864 3872/3872 3857/3857
f 3864/3864 3857/3857 3866/3866
f 3872/3872 3867/3867 3855/3855
f 3872/3872 3855/3855 3857/3857
f 3857/3857 3856/3856 6625/6625
f 3857/3857 6625/6625 3866/3866
f 3659/3659 3660/3660 3873/3873
f 3659/3659 3873/3873 6647/6647
f 6625/6625 3856/3856 3652/3652
f 6625/6625 3652/3652 3654/3654
f 3830/3830 3858/3858 3912/3912
f 3830/3830 3912/3912 6648/6648
f 6649/6649 3912/3912 3913/3913
f 6649/6649 3913/3913 6650/6650
f 3860/3860 3879/3879 3865/3865
f 3860/3860 3865/3865 3618/3618
f 6651/6651 3859/3859 3618/3618
f 6651/6651 3618/3618 3620/3620
f 6651/6651 3620/3620 3669/3669
f 6651/6651 3669/3669 6652/6652
f 3876/3876 3855/3855 3867/3867
f 3876/3876 3867/3867 3869/3869
f 3788/3788 3659/3659 6647/6647
f 3788/3788 6647/6647 3885/3885
f 6653/6653 3887/3887 3884/3884
f 6653/6653 3884/3884 3889/3889
f 6654/6654 6655/6655 3858/3858
f 6654/6654 3858/3858 3827/3827
f 6656/6656 3903/3903 3904/3904
f 6656/6656 3904/3904 3917/3917
f 3929/3929 3607/3607 3602/3602
f 3929/3929 3602/3602 3998/3998
f 3945/3945 3937/3937 3936/3936
f 3945/3945 3936/3936 3449/3449
f 3938/3938 3946/3946 6657/6657
f 3938/3938 6657/6657 3926/3926
f 3970/3970 3991/3991 4289/4289
f 3970/3970 4289/4289 3968/3968
f 6658/6658 3990/3990 3959/3959
f 6658/6658 3959/3959 6659/6659
f 6658/6658 6659/6659 3995/3995
f 6658/6658 3995/3995 6660/6660
f 6660/6660 3995/3995 3994/3994
f 6660/6660 3994/3994 3969/3969
f 3981/3981 3993/3993 3997/3997
f 3981/3981 3997/3997 3964/3964
f 3997/3997 6661/6661 3960/3960
f 3997/3997 3960/3960 3962/3962
f 3992/3992 3970/3970 3981/3981
f 3992/3992 3981/3981 3980/3980
f 3970/3970 3994/3994 3996/3996
f 3970/3970 3996/3996 3993/3993
f 6661/6661 6659/6659 3959/3959
f 6661/6661 3959/3959 3960/3960
f 6661/6661 3996/3996 3995/3995
f 6661/6661 3995/3995 6659/6659
f 3993/3993 3996/3996 6661/6661
f 3993/3993 6661/6661 3997/3997
f 3953/3953 3951/3951 4001/4001
f 3953/3953 4001/4001 4325/4325
f 3977/3977 3974/3974 3973/3973
f 3977/3977 3973/3973 4349/4349
f 3977/3977 3955/3955 6662/6662
f 3977/3977 6662/6662 3978/3978
f 4048/4048 4044/4044 4051/4051
f 4048/4048 4051/4051 4095/4095
f 4020/4020 4023/4023 4018/4018
f 4020/4020 4018/4018 4021/4021
f 4102/4102 4052/4052 4051/4051
f 4102/4102 4051/4051 4044/4044
f 4102/4102 4104/4104 4096/4096
f 4102/4102 4096/4096 4052/4052
f 4097/4097 4141/4141 4050/4050
f 4097/4097 4050/4050 4052/4052
f 4053/4053 4055/4055 6663/6663
f 4053/4053 6663/6663 4130/4130
f 4091/4091 4090/4090 3583/3583
f 4091/4091 3583/3583 6622/6622
f 4123/4123 4109/4109 4124/4124
f 4123/4123 4124/4124 4099/4099
f 4030/4030 4149/4149 4029/4029
f 4030/4030 4029/4029 4072/4072
f 4058/4058 4070/4070 4123/4123
f 4058/4058 4123/4123 4101/4101
f 4036/4036 4026/4026 4025/4025
f 4036/4036 4025/4025 4047/4047
f 4012/4012 4113/4113 4098/4098
f 4012/4012 4098/4098 4112/4112
f 4114/4114 4113/4113 4012/4012
f 4114/4114 4012/4012 4014/4014
f 4095/4095 4051/4051 4050/4050
f 4095/4095 4050/4050 4075/4075
f 4062/4062 4060/4060 4061/4061
f 4062/4062 4061/4061 4066/4066
f 6664/6664 4034/4034 4119/4119
f 6664/6664 4119/4119 6665/6665
f 4135/4135 4033/4033 4034/4034
f 4135/4135 4034/4034 6664/6664
f 6666/6666 4098/4098 4033/4033
f 6666/6666 4033/4033 4136/4136
f 6666/6666 4040/4040 4042/4042
f 6666/6666 4042/4042 4098/4098
f 4118/4118 4017/4017 4022/4022
f 4118/4118 4022/4022 4518/4518
f 4125/4125 4096/4096 4104/4104
f 4125/4125 4104/4104 4233/4233
f 4132/4132 4061/4061 4059/4059
f 4132/4132 4059/4059 4115/4115
f 4134/4134 4132/4132 4115/4115
f 4134/4134 4115/4115 4084/4084
f 6667/6667 4066/4066 4132/4132
f 6667/6667 4132/4132 4134/4134
f 4085/4085 4060/4060 4063/4063
f 4085/4085 4063/4063 4129/4129
f 4126/4126 4079/4079 4106/4106
f 4126/4126 4106/4106 4108/4108
f 6668/6668 4109/4109 4138/4138
f 6668/6668 4138/4138 4140/4140
f 6669/6669 4124/4124 4109/4109
f 6669/6669 4109/4109 6668/6668
f 6669/6669 4009/4009 4008/4008
f 6669/6669 4008/4008 4124/4124
f 4139/4139 4138/4138 4069/4069
f 4139/4139 4069/4069 4068/4068
f 4189/4189 4148/4148 4147/4147
f 4189/4189 4147/4147 4217/4217
f 4149/4149 4030/4030 4032/4032
f 4149/4149 4032/4032 4150/4150
f 6670/6670 6671/6671 4152/4152
f 6670/6670 4152/4152 4204/4204
f 4160/4160 4159/4159 6670/6670
f 4160/4160 6670/6670 4204/4204
f 4180/4180 4203/4203 4171/4171
f 4180/4180 4171/4171 4175/4175
f 6671/6671 4209/4209 4153/4153
f 6671/6671 4153/4153 4152/4152
f 4165/4165 4160/4160 4204/4204
f 4165/4165 4204/4204 4163/4163
f 4180/4180 4176/4176 4004/4004
f 4180/4180 4004/4004 4202/4202
f 4204/4204 4152/4152 4151/4151
f 4204/4204 4151/4151 4162/4162
f 4194/4194 4214/4214 6672/6672
f 4194/4194 6672/6672 4192/4192
f 4214/4214 4198/4198 4200/4200
f 4214/4214 4200/4200 6672/6672
f 4242/4242 6673/6673 4199/4199
f 4242/4242 4199/4199 4198/4198
f 4227/4227 4231/4231 4144/4144
f 4227/4227 4144/4144 4216/4216
f 4216/4216 4215/4215 4189/4189
f 4216/4216 4189/4189 4191/4191
f 6674/6674 4219/4219 4200/4200
f 6674/6674 4200/4200 4223/4223
f 4220/4220 6675/6675 6672/6672
f 4220/4220 6672/6672 4200/4200
f 4221/4221 4192/4192 6672/6672
f 4221/4221 6672/6672 6675/6675
f 4154/4154 4156/4156 4151/4151
f 4154/4154 4151/4151 4153/4153
f 6670/6670 4159/4159 4173/4173
f 6670/6670 4173/4173 6671/6671
f 4076/4076 4027/4027 4143/4143
f 4076/4076 4143/4143 4142/4142
f 4029/4029 4228/4228 4143/4143
f 4029/4029 4143/4143 4027/4027
f 4146/4146 4148/4148 4232/4232
f 4146/4146 4232/4232 4029/4029
f 4228/4228 4232/4232 4189/4189
f 4228/4228 4189/4189 4215/4215
f 4235/4235 4239/4239 6673/6673
f 4235/4235 6673/6673 4242/4242
f 4238/4238 4236/4236 4201/4201
f 4238/4238 4201/4201 4213/4213
f 4242/4242 4198/4198 4214/4214
f 4242/4242 4214/4214 4236/4236
f 6673/6673 4239/4239 4241/4241
f 6673/6673 4241/4241 6676/6676
f 4199/4199 6673/6673 6676/6676
f 4199/4199 6676/6676 4222/4222
f 4301/4301 4300/4300 4248/4248
f 4301/4301 4248/4248 4245/4245
f 4326/4326 4325/4325 4001/4001
f 4326/4326 4001/4001 4302/4302
f 4244/4244 4326/4326 4302/4302
f 4244/4244 4302/4302 4245/4245
f 4365/4365 4357/4357 4343/4343
f 4365/4365 4343/4343 4262/4262
f 4301/4301 4001/4001 3986/3986
f 4301/4301 3986/3986 4300/4300
f 4366/4366 4254/4254 4355/4355
f 4366/4366 4355/4355 4365/4365
f 4257/4257 4254/4254 4366/4366
f 4257/4257 4366/4366 4322/4322
f 4360/4360 4361/4361 4331/4331
f 4360/4360 4331/4331 4277/4277
f 4276/4276 4361/4361 4360/4360
f 4276/4276 4360/4360 4363/4363
f 4282/4282 4363/4363 4360/4360
f 4282/4282 4360/4360 4284/4284
f 3976/3976 4296/4296 4359/4359
f 3976/3976 4359/4359 3973/3973
f 6677/6677 4334/4334 4311/4311
f 6677/6677 4311/4311 4348/4348
f 6677/6677 4348/4348 3731/3731
f 6677/6677 3731/3731 4333/4333
f 4336/4336 4335/4335 6678/6678
f 4336/4336 6678/6678 6679/6679
f 6679/6679 6678/6678 4342/4342
f 6679/6679 4342/4342 6680/6680
f 6680/6680 4342/4342 4315/4315
f 6680/6680 4315/4315 3967/3967
f 4320/4320 4317/4317 4316/4316
f 4320/4320 4316/4316 4318/4318
f 4319/4319 4318/4318 4335/4335
f 4319/4319 4335/4335 4337/4337
f 4314/4314 4328/4328 4338/4338
f 4314/4314 4338/4338 4330/4330
f 4341/4341 4342/4342 6678/6678
f 4341/4341 6678/6678 4327/4327
f 6681/6681 6682/6682 6683/6683
f 6681/6681 6683/6683 6684/6684
f 4340/4340 4331/4331 6683/6683
f 4340/4340 6683/6683 6682/6682
f 4274/4274 4276/4276 4362/4362
f 4274/4274 4362/4362 6685/6685
f 6686/6686 4331/4331 4275/4275
f 6686/6686 4275/4275 4274/4274
f 6683/6683 4331/4331 6686/6686
f 6683/6683 6686/6686 6684/6684
f 6678/6678 4335/4335 4318/4318
f 6678/6678 4318/4318 4327/4327
f 4345/4345 4263/4263 4262/4262
f 4345/4345 4262/4262 4343/4343
f 4344/4344 4343/4343 4357/4357
f 4344/4344 4357/4357 4356/4356
f 4328/4328 4327/4327 4318/4318
f 4328/4328 4318/4318 4316/4316
f 3798/3798 3732/3732 4309/4309
f 3798/3798 4309/4309 4308/4308
f 3732/3732 3731/3731 4348/4348
f 3732/3732 4348/4348 4309/4309
f 3988/3988 3688/3688 4300/4300
f 3988/3988 4300/4300 3986/3986
f 3956/3956 3977/3977 4349/4349
f 3956/3956 4349/4349 4350/4350
f 4323/4323 4322/4322 4365/4365
f 4323/4323 4365/4365 4267/4267
f 4273/4273 4363/4363 4282/4282
f 4273/4273 4282/4282 4285/4285
f 6687/6687 6688/6688 4489/4489
f 6687/6687 4489/4489 4453/4453
f 6689/6689 6687/6687 4453/4453
f 6689/6689 4453/4453 4462/4462
f 6690/6690 4446/4446 4445/4445
f 6690/6690 4445/4445 4463/4463
f 6690/6690 4463/4463 4371/4371
f 6690/6690 4371/4371 4375/4375
f 6691/6691 4374/4374 4371/4371
f 6691/6691 4371/4371 4373/4373
f 4484/4484 4442/4442 4441/4441
f 4484/4484 4441/4441 5244/5244
f 4441/4441 4443/4443 4401/4401
f 4441/4441 4401/4401 4394/4394
f 4461/4461 4460/4460 4526/4526
f 4461/4461 4526/4526 4462/4462
f 4457/4457 4459/4459 6692/6692
f 4457/4457 6692/6692 4456/4456
f 4397/4397 4443/4443 4442/4442
f 4397/4397 4442/4442 4485/4485
f 4397/4397 4485/4485 4399/4399
f 4397/4397 4399/4399 4398/4398
f 4387/4387 4465/4465 4464/4464
f 4387/4387 4464/4464 4388/4388
f 6693/6693 4479/4479 4381/4381
f 6693/6693 4381/4381 4376/4376
f 4380/4380 4507/4507 6694/6694
f 4380/4380 6694/6694 4379/4379
f 4379/4379 6694/6694 6693/6693
f 4379/4379 6693/6693 4376/4376
f 4470/4470 6695/6695 5182/5182
f 4470/4470 5182/5182 4467/4467
f 2843/2843 4411/4411 2882/2882
f 2843/2843 2882/2882 2845/2845
f 4478/4478 4493/4493 4428/4428
f 4478/4478 4428/4428 2852/2852
f 6696/6696 4435/4435 4370/4370
f 6696/6696 4370/4370 4471/4471
f 4515/4515 4368/4368 4370/4370
f 4515/4515 4370/4370 4436/4436
f 4504/4504 4503/4503 4405/4405
f 4504/4504 4405/4405 6697/6697
f 4471/4471 4504/4504 6697/6697
f 4471/4471 6697/6697 6698/6698
f 4481/4481 4437/4437 4381/4381
f 4481/4481 4381/4381 4479/4479
f 6699/6699 4390/4390 4395/4395
f 6699/6699 4395/4395 4440/4440
f 6700/6700 4465/4465 4466/4466
f 6700/6700 4466/4466 6701/6701
f 6702/6702 4464/4464 4465/4465
f 6702/6702 4465/4465 6700/6700
f 4439/4439 4395/4395 4464/4464
f 4439/4439 4464/4464 6702/6702
f 4531/4531 4369/4369 4368/4368
f 4531/4531 4368/4368 4528/4528
f 4528/4528 4368/4368 4522/4522
f 4528/4528 4522/4522 4530/4530
f 6689/6689 4462/4462 4527/4527
f 6689/6689 4527/4527 6703/6703
f 6704/6704 6703/6703 4527/4527
f 6704/6704 4527/4527 6705/6705
f 6706/6706 6704/6704 6705/6705
f 6706/6706 6705/6705 6707/6707
f 4460/4460 6708/6708 6709/6709
f 4460/4460 6709/6709 4526/4526
f 4519/4519 4466/4466 4383/4383
f 4519/4519 4383/4383 4385/4385
f 6692/6692 6708/6708 4460/4460
f 6692/6692 4460/4460 4456/4456
f 6709/6709 6705/6705 4527/4527
f 6709/6709 4527/4527 4526/4526
f 4506/4506 4505/4505 4380/4380
f 4506/4506 4380/4380 4378/4378
f 6701/6701 4466/4466 4519/4519
f 6701/6701 4519/4519 4521/4521
f 4505/4505 4499/4499 4507/4507
f 4505/4505 4507/4507 4380/4380
f 6710/6710 6692/6692 4459/4459
f 6710/6710 4459/4459 4525/4525
f 4514/4514 4531/4531 4528/4528
f 4514/4514 4528/4528 4523/4523
f 6708/6708 6692/6692 6710/6710
f 6708/6708 6710/6710 6711/6711
f 6712/6712 6709/6709 6708/6708
f 6712/6712 6708/6708 6711/6711
f 6707/6707 6705/6705 6709/6709
f 6707/6707 6709/6709 6712/6712
f 4512/4512 4511/4511 4368/4368
f 4512/4512 4368/4368 4516/4516
f 4575/4575 4574/4574 4632/4632
f 4575/4575 4632/4632 4634/4634
f 4578/4578 6713/6713 1689/1689
f 4578/4578 1689/1689 4576/4576
f 4580/4580 4579/4579 1700/1700
f 4580/4580 1700/1700 1717/1717
f 6714/6714 4549/4549 4548/4548
f 6714/6714 4548/4548 4749/4749
f 4673/4673 4626/4626 4625/4625
f 4673/4673 4625/4625 4672/4672
f 4643/4643 6715/6715 4582/4582
f 4643/4643 4582/4582 1726/1726
f 4729/4729 4721/4721 4720/4720
f 4729/4729 4720/4720 6716/6716
f 4702/4702 4703/4703 4722/4722
f 4702/4702 4722/4722 4721/4721
f 4711/4711 4699/4699 4702/4702
f 4711/4711 4702/4702 4726/4726
f 6717/6717 4718/4718 4717/4717
f 6717/6717 4717/4717 6718/6718
f 4599/4599 4717/4717 4601/4601
f 4599/4599 4601/4601 4600/4600
f 4603/4603 4593/4593 4592/4592
f 4603/4603 4592/4592 4604/4604
f 6719/6719 4538/4538 4539/4539
f 6719/6719 4539/4539 6720/6720
f 4556/4556 1728/1728 1730/1730
f 4556/4556 1730/1730 4554/4554
f 6721/6721 4554/4554 1730/1730
f 6721/6721 1730/1730 4565/4565
f 6722/6722 6721/6721 4565/4565
f 6722/6722 4565/4565 4637/4637
f 4623/4623 6723/6723 6724/6724
f 4623/4623 6724/6724 1720/1720
f 4619/4619 4622/4622 1720/1720
f 4619/4619 1720/1720 1693/1693
f 4592/4592 4621/4621 4606/4606
f 4592/4592 4606/4606 4604/4604
f 4639/4639 6725/6725 4553/4553
f 4639/4639 4553/4553 4545/4545
f 4785/4785 4787/4787 4771/4771
f 4785/4785 4771/4771 4773/4773
f 4779/4779 4784/4784 4788/4788
f 4779/4779 4788/4788 4780/4780
f 4902/4902 2775/2775 2774/2774
f 4902/4902 2774/2774 4880/4880
f 4869/4869 4872/4872 6726/6726
f 4869/4869 6726/6726 4905/4905
f 6727/6727 2822/2822 2824/2824
f 6727/6727 2824/2824 4913/4913
f 6728/6728 4909/4909 4908/4908
f 6728/6728 4908/4908 4936/4936
f 4929/4929 4925/4925 4926/4926
f 4929/4929 4926/4926 4927/4927
f 4981/4981 6729/6729 5029/5029
f 4981/4981 5029/5029 4979/4979
f 4988/4988 4987/4987 6730/6730
f 4988/4988 6730/6730 6731/6731
f 5023/5023 6732/6732 6733/6733
f 5023/5023 6733/6733 6734/6734
f 6732/6732 4984/4984 4983/4983
f 6732/6732 4983/4983 6733/6733
f 5023/5023 4982/4982 4984/4984
f 5023/5023 4984/4984 6732/6732
f 5013/5013 5017/5017 5015/5015
f 5013/5013 5015/5015 5011/5011
f 5150/5150 5021/5021 5020/5020
f 5150/5150 5020/5020 6735/6735
f 4946/4946 5156/5156 6736/6736
f 4946/4946 6736/6736 4937/4937
f 5102/5102 5086/5086 5120/5120
f 5102/5102 5120/5120 6737/6737
f 6738/6738 6739/6739 5151/5151
f 6738/6738 5151/5151 5166/5166
f 5186/5186 5185/5185 6740/6740
f 5186/5186 6740/6740 6741/6741
f 5212/5212 6742/6742 5213/5213
f 5212/5212 5213/5213 5210/5210
f 6743/6743 5258/5258 5254/5254
f 6743/6743 5254/5254 6744/6744
f 5245/5245 6745/6745 4399/4399
f 5245/5245 4399/4399 5243/5243
f 5314/5314 5313/5313 5248/5248
f 5314/5314 5248/5248 6746/6746
f 5269/5269 6747/6747 5324/5324
f 5269/5269 5324/5324 5267/5267
f 5278/5278 5277/5277 5297/5297
f 5278/5278 5297/5297 5299/5299
f 5297/5297 5268/5268 5267/5267
f 5297/5297 5267/5267 5298/5298
f 5295/5295 5276/5276 5278/5278
f 5295/5295 5278/5278 5299/5299
f 5272/5272 5301/5301 4448/4448
f 5272/5272 4448/4448 4450/4450
f 5277/5277 5291/5291 5268/5268
f 5277/5277 5268/5268 5297/5297
f 5326/5326 5293/5293 5299/5299
f 5326/5326 5299/5299 5239/5239
f 5258/5258 5260/5260 5252/5252
f 5258/5258 5252/5252 5254/5254
f 6744/6744 5254/5254 5249/5249
f 6744/6744 5249/5249 5303/5303
f 5328/5328 4463/4463 5315/5315
f 5328/5328 5315/5315 6748/6748
f 6749/6749 5249/5249 5254/5254
f 6749/6749 5254/5254 5309/5309
f 5304/5304 5303/5303 5249/5249
f 5304/5304 5249/5249 5251/5251
f 5310/5310 5249/5249 6749/6749
f 5310/5310 6749/6749 6750/6750
f 5239/5239 5298/5298 5267/5267
f 5239/5239 5267/5267 5237/5237
f 5271/5271 6748/6748 5331/5331
f 5271/5271 5331/5331 5261/5261
f 5271/5271 5330/5330 5328/5328
f 5271/5271 5328/5328 6748/6748
f 6748/6748 5315/5315 5266/5266
f 6748/6748 5266/5266 5331/5331
f 5329/5329 4372/4372 5328/5328
f 5329/5329 5328/5328 5330/5330
f 5496/5496 5471/5471 5470/5470
f 5496/5496 5470/5470 5554/5554
f 6751/6751 6752/6752 5439/5439
f 6751/6751 5439/5439 5446/5446
f 5446/5446 5438/5438 5507/5507
f 5446/5446 5507/5507 6753/6753
f 5624/5624 5431/5431 5589/5589
f 5624/5624 5589/5589 5591/5591
f 5605/5605 5604/5604 5430/5430
f 5605/5605 5430/5430 5429/5429
f 5404/5404 5403/5403 5402/5402
f 5404/5404 5402/5402 5401/5401
f 5578/5578 6754/6754 6755/6755
f 5578/5578 6755/6755 5579/5579
f 5825/5825 6756/6756 5839/5839
f 5825/5825 5839/5839 5828/5828
f 5794/5794 5842/5842 5831/5831
f 5794/5794 5831/5831 5792/5792
f 5906/5906 5908/5908 5886/5886
f 5906/5906 5886/5886 5888/5888
f 6757/6757 5907/5907 5906/5906
f 6757/6757 5906/5906 6758/6758
f 5876/5876 5875/5875 5879/5879
f 5876/5876 5879/5879 6759/6759
f 5880/5880 5882/5882 6760/6760
f 5880/5880 6760/6760 5910/5910
f 5901/5901 5899/5899 5897/5897
f 5901/5901 5897/5897 5859/5859
f 5862/5862 5864/5864 5894/5894
f 5862/5862 5894/5894 5898/5898
f 5894/5894 5893/5893 5860/5860
f 5894/5894 5860/5860 5859/5859
f 5909/5909 5886/5886 5908/5908
f 5909/5909 5908/5908 5912/5912
f 5907/5907 6757/6757 5889/5889
f 5907/5907 5889/5889 5912/5912
f 5915/5915 5881/5881 5880/5880
f 5915/5915 5880/5880 5913/5913
f 5941/5941 5949/5949 5959/5959
f 5941/5941 5959/5959 5942/5942
f 5963/5963 5965/5965 5946/5946
f 5963/5963 5946/5946 5953/5953
f 5969/5969 5862/5862 5899/5899
f 5969/5969 5899/5899 5903/5903
f 5973/5973 5982/5982 6010/6010
f 5973/5973 6010/6010 5983/5983
f 5996/5996 5992/5992 6761/6761
f 5996/5996 6761/6761 6762/6762
f 6763/6763 6007/6007 6006/6006
f 6763/6763 6006/6006 6011/6011
f 6012/6012 6011/6011 6006/6006
f 6012/6012 6006/6006 6015/6015
f 6065/6065 6060/6060 6045/6045
f 6065/6065 6045/6045 6044/6044
f 6025/6025 6058/6058 6764/6764
f 6025/6025 6764/6764 6026/6026
f 6100/6100 6192/6192 6194/6194
f 6100/6100 6194/6194 6765/6765
f 6113/6113 6089/6089 6088/6088
f 6113/6113 6088/6088 6766/6766
f 6257/6257 6105/6105 6104/6104
f 6257/6257 6104/6104 6111/6111
f 6071/6071 6275/6275 6767/6767
f 6071/6071 6767/6767 6069/6069
f 6262/6262 6268/6268 6266/6266
f 6262/6262 6266/6266 6263/6263
f 6768/6768 6187/6187 6188/6188
f 6768/6768 6188/6188 6769/6769
f 6770/6770 6771/6771 6179/6179
f 6770/6770 6179/6179 6176/6176
f 6278/6278 6154/6154 6279/6279
f 6278/6278 6279/6279 6276/6276
f 6772/6772 6222/6222 6179/6179
f 6772/6772 6179/6179 6771/6771
f 6250/6250 6188/6188 6183/6183
f 6250/6250 6183/6183 6182/6182
f 6207/6207 6206/6206 6341/6341
f 6207/6207 6341/6341 6392/6392
f 6206/6206 6241/6241 6240/6240
f 6206/6206 6240/6240 6341/6341
f 6061/6061 6102/6102 6292/6292
f 6061/6061 6292/6292 6289/6289
f 6773/6773 6774/6774 6268/6268
f 6773/6773 6268/6268 6267/6267
f 6295/6295 6294/6294 6300/6300
f 6295/6295 6300/6300 6775/6775
f 6346/6346 6345/6345 6388/6388
f 6346/6346 6388/6388 6387/6387
f 6359/6359 6360/6360 6362/6362
f 6359/6359 6362/6362 6357/6357
f 6396/6396 6364/6364 6359/6359
f 6396/6396 6359/6359 6397/6397
f 6386/6386 6385/6385 6388/6388
f 6386/6386 6388/6388 6345/6345

