timestamp_ns,node_id,axis_error,axis_state,procedure_result,trajectory_done,pos_estimate,vel_estimate,shadow_count,count_cpr,iq_setpoint,iq_measured,bus_voltage,bus_current,active_errors,disarm_reason,torque_target,torque_estimate,electrical_power,mechanical_power,fet_temp,motor_temp,timestamp_ns
1781033183560359061,,,,,,,,,,,,,,,,,,,,,,
1781033183660363146,,,,,,,,,,,,,,,,,,,,,,
1781033183760872848,,,,,,,,,,,,,,,,,,,,,,
1781033183860398281,,,,,,,,,,,,,,,,,,,,,,
1781033183960932563,,,,,,,,,,,,,,,,,,,,,,
1781033184061386551,,,,,,,,,,,,,,,,,,,,,,
1781033184160935533,,,,,,,,,,,,,,,,,,,,,,
1781033184261306005,,,,,,,,,,,,,,,,,,,,,,
1781033184360410463,,,,,,,,,,,,,,,,,,,,,,
1781033184461187406,,,,,,,,,,,,,,,,,,,,,,
1781033184560380125,,,,,,,,,,,,,,,,,,,,,,
1781033184660968821,,,,,,,,,,,,,,,,,,,,,,
1781033184761336439,,,,,,,,,,,,,,,,,,,,,,
1781033184860861001,,,,,,,,,,,,,,,,,,,,,,
1781033184961206537,,,,,,,,,,,,,,,,,,,,,,
1781033185061425138,,,,,,,,,,,,,,,,,,,,,,
1781033185160473495,,,,,,,,,,,,,,,,,,,,,,
1781033185261211928,,,,,,,,,,,,,,,,,,,,,,
1781033185360367178,,,,,,,,,,,,,,,,,,,,,,
1781033185460459509,,,,,,,,,,,,,,,,,,,,,,
1781033185560794656,,,,,,,,,,,,,,,,,,,,,,
1781033185661158496,,,,,,,,,,,,,,,,,,,,,,
1781033185760447588,,,,,,,,,,,,,,,,,,,,,,
1781033185860935084,,,,,,,,,,,,,,,,,,,,,,
1781033185961113021,,,,,,,,,,,,,,,,,,,,,,
1781033186061177151,,,,,,,,,,,,,,,,,,,,,,
1781033186160858880,,,,,,,,,,,,,,,,,,,,,,
1781033186260926614,,,,,,,,,,,,,,,,,,,,,,
1781033186360412949,,,,,,,,,,,,,,,,,,,,,,
1781033186460852674,,,,,,,,,,,,,,,,,,,,,,
1781033186561323657,,,,,,,,,,,,,,,,,,,,,,
1781033186661395013,,,,,,,,,,,,,,,,,,,,,,
1781033186760931921,,,,,,,,,,,,,,,,,,,,,,
1781033186860858352,,,,,,,,,,,,,,,,,,,,,,
1781033186961181331,,,,,,,,,,,,,,,,,,,,,,
1781033187061418898,,,,,,,,,,,,,,,,,,,,,,
1781033187160753079,,,,,,,,,,,,,,,,,,,,,,
1781033187260837075,,,,,,,,,,,,,,,,,,,,,,
1781033187361156854,,,,,,,,,,,,,,,,,,,,,,
1781033187461073657,,,,,,,,,,,,,,,,,,,,,,
1781033187561008763,,,,,,,,,,,,,,,,,,,,,,
1781033187661174837,,,,,,,,,,,,,,,,,,,,,,
1781033187761355511,,,,,,,,,,,,,,,,,,,,,,
1781033187860385860,,,,,,,,,,,,,,,,,,,,,,
1781033187960933195,,,,,,,,,,,,,,,,,,,,,,
1781033188061282203,,,,,,,,,,,,,,,,,,,,,,
1781033188161048920,,,,,,,,,,,,,,,,,,,,,,
1781033188260853114,,,,,,,,,,,,,,,,,,,,,,
1781033188361173405,,,,,,,,,,,,,,,,,,,,,,
1781033188461321041,,,,,,,,,,,,,,,,,,,,,,
1781033188560659126,,,,,,,,,,,,,,,,,,,,,,
1781033188660854653,,,,,,,,,,,,,,,,,,,,,,
1781033188761050440,,,,,,,,,,,,,,,,,,,,,,
1781033188861284217,,,,,,,,,,,,,,,,,,,,,,
1781033188960693033,,,,,,,,,,,,,,,,,,,,,,
1781033189061044220,,,,,,,,,,,,,,,,,,,,,,
1781033189160490013,,,,,,,,,,,,,,,,,,,,,,
1781033189260436905,,,,,,,,,,,,,,,,,,,,,,
1781033189360830934,,,,,,,,,,,,,,,,,,,,,,
1781033189461196694,,,,,,,,,,,,,,,,,,,,,,
1781033189560445974,,,,,,,,,,,,,,,,,,,,,,
1781033189661068998,,,,,,,,,,,,,,,,,,,,,,
1781033189760357166,,,,,,,,,,,,,,,,,,,,,,
1781033189860728511,,,,,,,,,,,,,,,,,,,,,,
1781033189960443529,,,,,,,,,,,,,,,,,,,,,,
1781033190061033532,,,,,,,,,,,,,,,,,,,,,,
1781033190160391861,,,,,,,,,,,,,,,,,,,,,,
1781033190260833041,,,,,,,,,,,,,,,,,,,,,,
1781033190361157518,,,,,,,,,,,,,,,,,,,,,,
1781033190460380624,,,,,,,,,,,,,,,,,,,,,,
1781033190560859739,,,,,,,,,,,,,,,,,,,,,,
1781033190661324871,,,,,,,,,,,,,,,,,,,,,,
1781033190761307017,,,,,,,,,,,,,,,,,,,,,,
1781033190861423478,,,,,,,,,,,,,,,,,,,,,,
1781033190960776831,,,,,,,,,,,,,,,,,,,,,,
1781033191060344002,,,,,,,,,,,,,,,,,,,,,,
1781033191160652289,,,,,,,,,,,,,,,,,,,,,,
1781033191261377386,,,,,,,,,,,,,,,,,,,,,,
1781033191360892362,,,,,,,,,,,,,,,,,,,,,,
1781033191460714229,,,,,,,,,,,,,,,,,,,,,,
1781033191561246426,,,,,,,,,,,,,,,,,,,,,,
1781033191661056750,,,,,,,,,,,,,,,,,,,,,,
1781033191760617302,,,,,,,,,,,,,,,,,,,,,,
1781033191860882985,,,,,,,,,,,,,,,,,,,,,,
1781033191961421348,,,,,,,,,,,,,,,,,,,,,,
1781033192060959802,,,,,,,,,,,,,,,,,,,,,,
1781033192160827261,,,,,,,,,,,,,,,,,,,,,,
1781033192260489285,,,,,,,,,,,,,,,,,,,,,,
1781033192361404941,,,,,,,,,,,,,,,,,,,,,,
1781033192461127167,,,,,,,,,,,,,,,,,,,,,,
1781033192561129069,,,,,,,,,,,,,,,,,,,,,,
1781033192661383702,,,,,,,,,,,,,,,,,,,,,,
1781033192760827997,,,,,,,,,,,,,,,,,,,,,,
1781033192861372272,,,,,,,,,,,,,,,,,,,,,,
1781033192960445512,,,,,,,,,,,,,,,,,,,,,,
1781033193060447955,,,,,,,,,,,,,,,,,,,,,,
1781033193161020970,,,,,,,,,,,,,,,,,,,,,,
1781033193261050213,,,,,,,,,,,,,,,,,,,,,,
1781033193361121486,,,,,,,,,,,,,,,,,,,,,,
1781033193460960510,,,,,,,,,,,,,,,,,,,,,,
1781033193561367389,,,,,,,,,,,,,,,,,,,,,,
1781033193660777444,,,,,,,,,,,,,,,,,,,,,,
1781033193761395995,,,,,,,,,,,,,,,,,,,,,,
1781033193861108982,,,,,,,,,,,,,,,,,,,,,,
1781033193961293673,,,,,,,,,,,,,,,,,,,,,,
1781033194060513302,,,,,,,,,,,,,,,,,,,,,,
1781033194160866729,,,,,,,,,,,,,,,,,,,,,,
1781033194261216207,,,,,,,,,,,,,,,,,,,,,,
1781033194361108398,,,,,,,,,,,,,,,,,,,,,,
1781033194460940188,,,,,,,,,,,,,,,,,,,,,,
1781033194560788668,,,,,,,,,,,,,,,,,,,,,,
1781033194661236447,,,,,,,,,,,,,,,,,,,,,,
1781033194761155127,,,,,,,,,,,,,,,,,,,,,,
1781033194860878723,,,,,,,,,,,,,,,,,,,,,,
1781033194960699877,,,,,,,,,,,,,,,,,,,,,,
1781033195060581935,,,,,,,,,,,,,,,,,,,,,,
1781033195161178217,,,,,,,,,,,,,,,,,,,,,,
1781033195260456169,,,,,,,,,,,,,,,,,,,,,,
1781033195360814637,,,,,,,,,,,,,,,,,,,,,,
1781033195460364038,,,,,,,,,,,,,,,,,,,,,,
1781033195560872188,,,,,,,,,,,,,,,,,,,,,,
1781033195660491885,,,,,,,,,,,,,,,,,,,,,,
1781033195761049001,,,,,,,,,,,,,,,,,,,,,,
1781033195861020517,,,,,,,,,,,,,,,,,,,,,,
1781033195960347055,,,,,,,,,,,,,,,,,,,,,,
1781033196060468647,,,,,,,,,,,,,,,,,,,,,,
1781033196160850417,,,,,,,,,,,,,,,,,,,,,,
1781033196261168857,,,,,,,,,,,,,,,,,,,,,,
1781033196360901438,,,,,,,,,,,,,,,,,,,,,,
1781033196461289298,,,,,,,,,,,,,,,,,,,,,,
1781033196561167616,,,,,,,,,,,,,,,,,,,,,,
1781033196660984939,,,,,,,,,,,,,,,,,,,,,,
1781033196761392220,,,,,,,,,,,,,,,,,,,,,,
1781033196861230057,,,,,,,,,,,,,,,,,,,,,,
1781033196961367694,,,,,,,,,,,,,,,,,,,,,,
1781033197060703671,,,,,,,,,,,,,,,,,,,,,,
1781033197160807021,,,,,,,,,,,,,,,,,,,,,,
1781033197260770084,,,,,,,,,,,,,,,,,,,,,,
1781033197360857202,,,,,,,,,,,,,,,,,,,,,,
1781033197461129796,,,,,,,,,,,,,,,,,,,,,,
1781033197560987014,,,,,,,,,,,,,,,,,,,,,,
1781033197661261180,,,,,,,,,,,,,,,,,,,,,,
1781033197761215750,,,,,,,,,,,,,,,,,,,,,,
1781033197861295369,,,,,,,,,,,,,,,,,,,,,,
1781033197960887210,,,,,,,,,,,,,,,,,,,,,,
1781033198060901450,,,,,,,,,,,,,,,,,,,,,,
1781033198160447406,,,,,,,,,,,,,,,,,,,,,,
1781033198260428115,,,,,,,,,,,,,,,,,,,,,,
1781033198364866291,,,,,,,,,,,,,,,,,,,,,,
1781033198466275937,,,,,,,,,,,,,,,,,,,,,,
1781033198566242275,,,,,,,,,,,,,,,,,,,,,,
1781033198668859991,,,,,,,,,,,,,,,,,,,,,,
1781033198768860900,,,,,,,,,,,,,,,,,,,,,,
1781033198868892437,,,,,,,,,,,,,,,,,,,,,,
1781033198968852502,,,,,,,,,,,,,,,,,,,,,,
1781033199066258455,,,,,,,,,,,,,,,,,,,,,,
1781033199165810510,,,,,,,,,,,,,,,,,,,,,,
1781033199265581097,,,,,,,,,,,,,,,,,,,,,,
1781033199368960577,,,,,,,,,,,,,,,,,,,,,,
1781033199468852423,,,,,,,,,,,,,,,,,,,,,,
1781033199568864124,,,,,,,,,,,,,,,,,,,,,,
1781033199666184867,,,,,,,,,,,,,,,,,,,,,,
1781033199765425521,,,,,,,,,,,,,,,,,,,,,,
1781033199868852858,,,,,,,,,,,,,,,,,,,,,,
1781033199966220501,,,,,,,,,,,,,,,,,,,,,,
1781033200068853617,,,,,,,,,,,,,,,,,,,,,,
1781033200165461881,,,,,,,,,,,,,,,,,,,,,,
1781033200268856604,,,,,,,,,,,,,,,,,,,,,,
1781033200366227143,,,,,,,,,,,,,,,,,,,,,,
1781033200466238993,,,,,,,,,,,,,,,,,,,,,,
1781033200568868577,,,,,,,,,,,,,,,,,,,,,,
1781033200666222465,,,,,,,,,,,,,,,,,,,,,,
1781033200766500485,,,,,,,,,,,,,,,,,,,,,,
1781033200866406931,,,,,,,,,,,,,,,,,,,,,,
1781033200965749401,,,,,,,,,,,,,,,,,,,,,,
1781033201065485991,,,,,,,,,,,,,,,,,,,,,,
1781033201168884500,43,0,8,0,true,0.0,0.0008,0,8192,0.442,0.442,48.0,0.442,0,0,0.0367,0.0367,21.23,0.0,25.0,21.0,1781033201133200699
1781033201265808815,43,0,8,0,true,0.0,0.0003,0,8192,0.444,0.444,47.96,0.444,0,0,0.0369,0.0369,21.3,0.0,25.0,21.0,1781033201230332433
1781033201372862083,43,0,8,0,true,0.0001,0.0002,0,8192,0.446,0.446,47.96,0.446,0,0,0.037,0.037,21.39,0.0,25.0,21.0,1781033201339605452
1781033201474173501,43,0,8,0,true,0.0001,0.0002,0,8192,0.447,0.447,47.96,0.447,0,0,0.0371,0.0371,21.42,0.0,25.0,21.0,1781033201439042981
1781033201573691828,43,0,8,0,true,0.0001,0.0001,0,8192,0.45,0.45,47.96,0.45,0,0,0.0373,0.0373,21.58,0.0,25.1,21.1,1781033201562236286
1781033201676943576,43,0,8,0,true,0.0001,0.0002,0,8192,0.452,0.452,47.96,0.452,0,0,0.0375,0.0375,21.66,0.0,25.1,21.1,1781033201672522339
1781033201776880281,43,0,8,0,true,0.0001,0.0001,0,8192,0.453,0.453,47.96,0.453,0,0,0.0376,0.0376,21.72,0.0,25.1,21.1,1781033201756764332
1781033201881011980,43,0,8,0,true,0.0001,0.0001,0,8192,0.452,0.452,47.96,0.452,0,0,0.0375,0.0375,21.7,0.0,25.1,21.1,1781033201872074021
1781033201984897311,43,0,8,0,true,0.0001,0.0001,0,8192,0.453,0.453,47.96,0.453,0,0,0.0376,0.0376,21.72,0.0,25.1,21.1,1781033201976728324
1781033202081637941,43,0,8,0,true,0.0001,0.0001,1,8192,0.452,0.452,47.96,0.452,0,0,0.0375,0.0375,21.7,0.0,25.1,21.1,1781033202062252408
1781033202182125682,43,0,8,0,true,0.0001,0.0002,1,8192,0.452,0.452,47.96,0.452,0,0,0.0375,0.0375,21.67,0.0,25.1,21.1,1781033202157558756
1781033202284930197,43,0,8,0,true,0.0001,0.0002,1,8192,0.452,0.452,47.96,0.452,0,0,0.0375,0.0375,21.68,0.0,25.1,21.1,1781033202257248915
1781033202382196932,43,0,8,0,true,0.0002,0.0,1,8192,0.453,0.453,47.96,0.453,0,0,0.0376,0.0376,21.7,0.0,25.1,21.1,1781033202371109696
1781033202481493665,43,0,8,0,true,0.0002,0.0,1,8192,0.453,0.453,47.96,0.453,0,0,0.0376,0.0376,21.72,0.0,25.2,21.2,1781033202463798949
1781033202582042377,43,0,8,0,true,0.0002,0.0001,1,8192,0.452,0.452,47.96,0.452,0,0,0.0375,0.0375,21.7,0.0,25.2,21.2,1781033202564420117
1781033202681448706,43,0,8,0,true,0.0002,0.0001,1,8192,0.452,0.452,47.96,0.452,0,0,0.0375,0.0375,21.7,0.0,25.2,21.2,1781033202662807913
1781033202781971033,43,0,8,0,true,0.0002,0.0001,1,8192,0.453,0.453,47.96,0.453,0,0,0.0376,0.0376,21.73,0.0,25.2,21.2,1781033202775750953
1781033202882103497,43,0,8,0,true,0.0002,0.0001,1,8192,0.453,0.453,47.96,0.453,0,0,0.0376,0.0376,21.72,0.0,25.2,21.2,1781033202858307595
1781033202982179733,43,0,8,0,true,0.0002,0.0002,1,8192,0.452,0.452,47.96,0.452,0,0,0.0375,0.0375,21.67,0.0,25.2,21.2,1781033202969547663
1781033203084877947,43,0,8,0,true,0.0002,0.0001,1,8192,0.453,0.453,47.96,0.453,0,0,0.0376,0.0376,21.71,0.0,25.2,21.2,1781033203078259180
1781033203182382288,43,0,8,0,true,0.0002,0.0001,1,8192,0.452,0.452,47.96,0.452,0,0,0.0375,0.0375,21.69,0.0,25.2,21.2,1781033203156927059
1781033203284889441,43,0,8,0,true,0.0002,0.0001,1,8192,0.453,0.453,47.96,0.453,0,0,0.0376,0.0376,21.71,0.0,25.2,21.2,1781033203265541073
1781033203384891392,43,0,8,0,true,0.0002,0.0,1,8192,0.453,0.453,47.96,0.453,0,0,0.0376,0.0376,21.71,0.0,25.3,21.3,1781033203367579069
1781033203481760921,43,0,8,0,true,0.0003,0.0001,2,8192,0.453,0.453,47.96,0.453,0,0,0.0376,0.0376,21.71,0.0,25.3,21.3,1781033203478451379
1781033203585885596,43,0,8,0,true,0.0003,0.0,2,8192,0.453,0.453,47.96,0.453,0,0,0.0376,0.0376,21.72,0.0,25.3,21.3,1781033203541204621
1781033203684919617,43,0,8,0,true,0.0003,0.0,2,8192,0.453,0.453,47.96,0.453,0,0,0.0376,0.0376,21.72,0.0,25.3,21.3,1781033203673688000
1781033203781980980,43,0,8,0,true,0.0003,0.0001,2,8192,0.453,0.453,47.96,0.453,0,0,0.0376,0.0376,21.71,0.0,25.3,21.3,1781033203733834405
1781033203881716818,43,0,8,0,true,0.0003,0.0001,2,8192,0.452,0.452,47.96,0.452,0,0,0.0375,0.0375,21.69,0.0,25.3,21.3,1781033203867034366
1781033203981364951,43,0,8,0,true,0.0003,0.0002,2,8192,0.453,0.453,47.96,0.453,0,0,0.0376,0.0376,21.72,0.0,25.3,21.3,1781033203981174877
1781033204081420401,43,0,8,0,true,0.0003,0.0001,2,8192,0.452,0.452,47.96,0.452,0,0,0.0375,0.0375,21.7,0.0,25.3,21.3,1781033204050503515
1781033204182185538,43,0,8,0,true,0.0003,0.0,2,8192,0.453,0.453,47.96,0.453,0,0,0.0376,0.0376,21.71,0.0,25.3,21.3,1781033204154317620
1781033204284882425,43,0,8,0,true,0.0003,0.0001,2,8192,0.452,0.452,47.96,0.452,0,0,0.0375,0.0375,21.69,0.0,25.4,21.4,1781033204263466345
1781033204384899013,43,0,8,0,true,0.0003,0.0002,2,8192,0.453,0.453,47.96,0.453,0,0,0.0376,0.0376,21.72,0.0,25.4,21.4,1781033204373172686
1781033204484860740,43,0,8,0,true,0.0003,0.0001,2,8192,0.452,0.452,47.96,0.452,0,0,0.0375,0.0375,21.69,0.0,25.4,21.4,1781033204478114495
1781033204581580826,43,0,8,0,true,0.0003,0.0,2,8192,0.453,0.453,47.96,0.453,0,0,0.0376,0.0376,21.72,0.0,25.4,21.4,1781033204581232294
1781033204684872029,43,0,8,0,true,0.0003,0.0,2,8192,0.452,0.452,47.96,0.452,0,0,0.0376,0.0376,21.7,0.0,25.4,21.4,1781033204673959859
1781033204788883563,43,0,8,0,true,0.0004,0.0001,2,8192,0.453,0.453,47.96,0.453,0,0,0.0376,0.0376,21.72,0.0,25.4,21.4,1781033204765529442
1781033204892877154,43,0,8,0,true,0.0004,0.0,2,8192,0.453,0.453,47.96,0.453,0,0,0.0376,0.0376,21.71,0.0,25.4,21.4,1781033204873252908
1781033204990326944,43,0,8,0,true,0.0004,0.0002,2,8192,0.452,0.452,47.96,0.452,0,0,0.0375,0.0375,21.67,0.0,25.4,21.4,1781033204969109517
1781033205089466362,43,0,8,0,true,0.0004,0.0001,3,8192,0.453,0.453,47.96,0.453,0,0,0.0376,0.0376,21.71,0.0,25.4,21.4,1781033205088012088
1781033205189768959,43,0,8,0,true,0.0004,0.0,3,8192,0.453,0.453,47.96,0.453,0,0,0.0376,0.0376,21.72,0.0,25.4,21.4,1781033205177838487
1781033205289469168,43,0,8,0,true,0.0004,0.0,3,8192,0.453,0.453,47.96,0.453,0,0,0.0376,0.0376,21.7,0.0,25.5,21.5,1781033205288986648
1781033205389575437,43,0,8,0,true,0.0004,0.0001,3,8192,0.453,0.453,47.96,0.453,0,0,0.0376,0.0376,21.72,0.0,25.5,21.5,1781033205370121294
1781033205491205635,43,0,8,0,true,0.0004,0.0001,3,8192,0.452,0.452,47.96,0.452,0,0,0.0375,0.0375,21.69,0.0,25.5,21.5,1781033205470081613
1781033205590242659,43,0,8,0,true,0.0004,0.0001,3,8192,0.452,0.452,47.96,0.452,0,0,0.0375,0.0375,21.7,0.0,25.5,21.5,1781033205564211052
1781033205692846561,43,0,8,0,true,0.0004,0.0001,3,8192,0.452,0.452,47.96,0.452,0,0,0.0375,0.0375,21.69,0.0,25.5,21.5,1781033205689143390
1781033205796877939,43,0,8,0,true,0.0004,0.0001,3,8192,0.452,0.452,47.96,0.452,0,0,0.0375,0.0375,21.69,0.0,25.5,21.5,1781033205782228279
1781033205901033994,43,0,8,0,true,0.0004,0.0,3,8192,0.453,0.453,47.96,0.453,0,0,0.0376,0.0376,21.71,0.0,25.5,21.5,1781033205889119964
1781033205998432649,43,0,8,0,true,0.0004,0.0001,3,8192,0.453,0.453,47.96,0.453,0,0,0.0376,0.0376,21.71,0.0,25.5,21.5,1781033205995372053
1781033206097463630,43,0,8,0,true,0.0005,0.0001,3,8192,0.453,0.453,47.96,0.453,0,0,0.0376,0.0376,21.7,0.0,25.5,21.5,1781033206085922297
1781033206197518346,43,0,8,0,true,0.0005,0.0001,3,8192,0.452,0.452,47.96,0.452,0,0,0.0375,0.0375,21.69,0.0,25.5,21.5,1781033206194166331
1781033206300961762,43,0,8,0,true,0.0005,0.0,3,8192,0.453,0.453,47.96,0.453,0,0,0.0376,0.0376,21.7,0.0,25.6,21.6,1781033206285193175
1781033206405224119,43,0,8,0,true,0.0005,0.0,3,8192,0.453,0.453,47.96,0.453,0,0,0.0376,0.0376,21.7,0.0,25.6,21.6,1781033206381958184
1781033206510509990,43,0,8,0,true,0.0005,0.0001,3,8192,0.453,0.453,47.96,0.453,0,0,0.0376,0.0376,21.71,0.0,25.6,21.6,1781033206480395274
1781033206615443177,43,0,8,0,true,0.0005,0.0,4,8192,0.452,0.452,47.96,0.452,0,0,0.0376,0.0376,21.7,0.0,25.6,21.6,1781033206583375874
1781033206712097353,43,0,8,0,true,0.0005,0.0001,4,8192,0.453,0.453,47.96,0.453,0,0,0.0376,0.0376,21.71,0.0,25.6,21.6,1781033206707297832
1781033206812166083,43,0,8,0,true,0.0005,0.0,4,8192,0.452,0.452,47.96,0.452,0,0,0.0375,0.0375,21.7,0.0,25.6,21.6,1781033206808390846
1781033206916811541,43,0,8,0,true,0.0005,0.0,4,8192,0.453,0.453,47.96,0.453,0,0,0.0376,0.0376,21.71,0.0,25.6,21.6,1781033206913262802
1781033207018100425,43,0,8,0,true,0.0005,0.0002,4,8192,0.451,0.451,47.96,0.451,0,0,0.0375,0.0375,21.65,0.0,25.6,21.6,1781033206998020205
1781033207117973450,43,0,8,0,true,0.0005,0.0,4,8192,0.453,0.453,47.96,0.453,0,0,0.0376,0.0376,21.71,0.0,25.6,21.6,1781033207089563806
1781033207217536725,43,0,8,0,true,0.0005,0.0002,4,8192,0.452,0.452,47.96,0.452,0,0,0.0375,0.0375,21.67,0.0,25.6,21.6,1781033207191893152
1781033207321001327,43,0,8,0,true,0.0006,0.0002,4,8192,0.452,0.452,47.96,0.452,0,0,0.0375,0.0375,21.68,0.0,25.7,21.7,1781033207305132775
1781033207420961049,43,0,8,0,true,0.0006,0.0,4,8192,0.453,0.453,47.96,0.453,0,0,0.0376,0.0376,21.71,0.0,25.7,21.7,1781033207400398663
1781033207521049790,43,0,8,0,true,0.0006,0.0001,4,8192,0.453,0.453,47.96,0.453,0,0,0.0376,0.0376,21.71,0.0,25.7,21.7,1781033207495276656
1781033207617679010,43,0,8,0,true,0.0006,0.0001,4,8192,0.453,0.453,47.96,0.453,0,0,0.0376,0.0376,21.71,0.0,25.7,21.7,1781033207616030537
1781033207725023636,43,0,8,0,true,0.0006,0.0002,4,8192,0.453,0.453,47.96,0.453,0,0,0.0376,0.0376,21.72,0.0,25.7,21.7,1781033207700526341
1781033207825728150,43,0,8,0,true,0.0006,0.0002,4,8192,0.452,0.452,47.96,0.452,0,0,0.0375,0.0375,21.68,0.0,25.7,21.7,1781033207822319633
1781033207926052746,43,0,8,0,true,0.0006,0.0,4,8192,0.453,0.453,47.96,0.453,0,0,0.0376,0.0376,21.71,0.0,25.7,21.7,1781033207915396975
1781033208028837562,43,0,8,0,true,0.0006,0.0001,5,8192,0.452,0.452,47.96,0.452,0,0,0.0375,0.0375,21.68,0.0,25.7,21.7,1781033208007042995
1781033208126131137,43,0,8,0,true,0.0006,0.0,5,8192,0.453,0.453,47.96,0.453,0,0,0.0376,0.0376,21.71,0.0,25.7,21.7,1781033208117640105
1781033208226406461,43,0,8,0,true,0.0006,0.0001,5,8192,0.453,0.453,47.96,0.453,0,0,0.0376,0.0376,21.7,0.0,25.7,21.7,1781033208195762752
1781033208332750937,43,0,8,0,true,0.0006,0.0,5,8192,0.453,0.453,47.96,0.453,0,0,0.0376,0.0376,21.71,0.0,25.7,21.7,1781033208291287875
1781033208434133574,43,0,8,0,true,0.0006,0.0002,5,8192,0.452,0.452,47.96,0.452,0,0,0.0375,0.0375,21.67,0.0,25.7,21.7,1781033208397766866
1781033208534116747,43,0,8,0,true,0.0006,0.0,5,8192,0.452,0.452,47.96,0.452,0,0,0.0375,0.0375,21.69,0.0,25.8,21.8,1781033208512962065
1781033208634283750,43,0,8,0,true,0.0006,0.0001,5,8192,0.453,0.453,47.96,0.453,0,0,0.0376,0.0376,21.71,0.0,25.8,21.8,1781033208619791032
1781033208736867534,43,0,8,0,true,0.0007,0.0001,5,8192,0.452,0.452,47.96,0.452,0,0,0.0375,0.0375,21.69,0.0,25.8,21.8,1781033208716389312
1781033208839279204,43,0,8,0,true,0.0007,0.0001,5,8192,0.453,0.453,47.96,0.453,0,0,0.0376,0.0376,21.7,0.0,25.8,21.8,1781033208814637777
1781033208939770031,43,0,8,0,true,0.0007,0.0001,5,8192,0.452,0.452,47.96,0.452,0,0,0.0375,0.0375,21.68,0.0,25.8,21.8,1781033208917284628
1781033209039986466,43,0,8,0,true,0.0007,0.0001,5,8192,0.452,0.452,47.96,0.452,0,0,0.0375,0.0375,21.68,0.0,25.8,21.8,1781033209026680266
1781033209140044801,43,0,8,0,true,0.0007,0.0,5,8192,0.453,0.453,47.96,0.453,0,0,0.0376,0.0376,21.71,0.0,25.8,21.8,1781033209128168391
1781033209240048685,43,0,8,0,true,0.0007,0.0001,5,8192,0.453,0.453,47.96,0.453,0,0,0.0376,0.0376,21.71,0.0,25.8,21.8,1781033209218015945
1781033209345124245,43,0,8,0,true,0.0007,0.0,5,8192,0.452,0.452,47.96,0.452,0,0,0.0376,0.0376,21.7,0.0,25.8,21.8,1781033209337546836
1781033209448934130,43,0,8,0,true,0.0007,0.0001,5,8192,0.453,0.453,47.96,0.453,0,0,0.0376,0.0376,21.7,0.0,25.8,21.8,1781033209434492371
1781033209545476511,43,0,8,0,true,0.0007,0.0002,5,8192,0.452,0.452,47.96,0.452,0,0,0.0375,0.0375,21.67,0.0,25.8,21.8,1781033209544681507
1781033209648854873,43,0,8,0,true,0.0007,0.0,6,8192,0.452,0.452,47.96,0.452,0,0,0.0376,0.0376,21.7,0.0,25.9,21.9,1781033209642631394
1781033209746067304,43,0,8,0,true,0.0007,0.0,6,8192,0.452,0.452,47.96,0.452,0,0,0.0375,0.0375,21.7,0.0,25.9,21.9,1781033209729383555
1781033209848860624,43,0,8,0,true,0.0007,0.0002,6,8192,0.452,0.452,47.96,0.452,0,0,0.0375,0.0375,21.68,0.0,25.9,21.9,1781033209812826067
1781033209948853074,43,0,8,0,true,0.0008,0.0001,6,8192,0.452,0.452,47.96,0.452,0,0,0.0376,0.0376,21.7,0.0,25.9,21.9,1781033209917500093
1781033210048861663,43,0,8,0,true,0.0008,0.0,6,8192,0.453,0.453,47.96,0.453,0,0,0.0376,0.0376,21.71,0.0,25.9,21.9,1781033210018634481
1781033210147070839,43,0,8,0,true,0.0008,0.0001,6,8192,0.452,0.452,47.96,0.452,0,0,0.0376,0.0376,21.7,0.0,25.9,21.9,1781033210146872261
1781033210248870250,43,0,8,0,true,0.0008,0.0,6,8192,0.452,0.452,47.96,0.452,0,0,0.0375,0.0375,21.69,0.0,25.9,21.9,1781033210239400148
1781033210350256800,43,0,8,0,true,0.0008,0.0001,6,8192,0.452,0.452,47.96,0.452,0,0,0.0375,0.0375,21.68,0.0,25.9,21.9,1781033210326978526
1781033210450729613,43,0,8,0,true,0.0008,0.0001,6,8192,0.453,0.453,47.96,0.453,0,0,0.0376,0.0376,21.71,0.0,25.9,21.9,1781033210422367705
1781033210556896165,43,0,8,0,true,0.0008,0.0001,6,8192,0.452,0.452,47.96,0.452,0,0,0.0375,0.0375,21.68,0.0,25.9,21.9,1781033210527168707
1781033210657632779,43,0,8,0,true,0.0008,0.0001,6,8192,0.453,0.453,47.96,0.453,0,0,0.0376,0.0376,21.71,0.0,25.9,21.9,1781033210652178129
1781033210761016140,43,0,8,0,true,0.0008,0.0,6,8192,0.452,0.452,47.96,0.452,0,0,0.0375,0.0375,21.69,0.0,25.9,21.9,1781033210698383247
1781033210858270211,43,0,8,0,true,0.0008,0.0002,6,8192,0.453,0.453,47.96,0.453,0,0,0.0376,0.0376,21.71,0.0,25.9,21.9,1781033210821388341
1781033210958568860,43,0,8,0,true,0.0008,0.0002,6,8192,0.452,0.452,47.96,0.452,0,0,0.0375,0.0375,21.67,0.0,26.0,22.0,1781033210920218091
1781033211061024371,43,0,8,0,true,0.0009,0.0002,6,8192,0.452,0.452,47.96,0.452,0,0,0.0375,0.0375,21.66,0.0,26.0,22.0,1781033211050613881
1781033211165014116,43,0,8,0,true,0.0009,0.0002,7,8192,0.451,0.451,47.96,0.451,0,0,0.0375,0.0375,21.64,0.0,26.0,22.0,1781033211152682045
1781033211266377363,43,0,8,0,true,0.0009,0.0002,7,8192,0.452,0.452,47.96,0.452,0,0,0.0375,0.0375,21.67,0.0,26.0,22.0,1781033211246647071
1781033211368815895,43,0,8,0,true,0.0009,0.0001,7,8192,0.452,0.452,47.96,0.452,0,0,0.0375,0.0375,21.69,0.0,26.0,22.0,1781033211329622035
1781033211472835433,43,0,8,0,true,0.0009,0.0001,7,8192,0.452,0.452,47.96,0.452,0,0,0.0376,0.0376,21.7,0.0,26.0,22.0,1781033211439577937
1781033211576848664,43,0,8,0,true,0.0009,0.0,7,8192,0.452,0.452,47.96,0.452,0,0,0.0375,0.0375,21.68,0.0,26.0,22.0,1781033211563898868
1781033211673363017,43,0,8,0,true,0.0009,0.0,7,8192,0.453,0.453,47.96,0.453,0,0,0.0376,0.0376,21.7,0.0,26.0,22.0,1781033211669726117
1781033211773427379,43,0,8,0,true,0.0009,0.0001,7,8192,0.453,0.453,47.96,0.453,0,0,0.0376,0.0376,21.71,0.0,26.0,22.0,1781033211749106444
1781033211873552631,43,0,8,0,true,0.0009,0.0,7,8192,0.453,0.453,47.96,0.453,0,0,0.0376,0.0376,21.7,0.0,26.0,22.0,1781033211842186072
1781033211974800399,43,0,8,0,true,0.0009,0.0002,7,8192,0.451,0.451,47.96,0.451,0,0,0.0375,0.0375,21.64,0.0,26.0,22.0,1781033211923956335
1781033212074578404,43,0,8,0,true,0.0009,0.0002,7,8192,0.453,0.453,47.96,0.453,0,0,0.0376,0.0376,21.71,0.0,26.0,22.0,1781033212062265247
1781033212174174712,43,0,8,0,true,0.0009,0.0001,7,8192,0.452,0.452,47.96,0.452,0,0,0.0375,0.0375,21.68,0.0,26.0,22.0,1781033212135669642
1781033212274117570,43,0,8,0,true,0.001,0.0001,7,8192,0.452,0.452,47.96,0.452,0,0,0.0375,0.0375,21.68,0.0,26.0,22.0,1781033212254636042
1781033212373897520,43,0,8,0,true,0.001,0.0,7,8192,0.452,0.452,47.96,0.452,0,0,0.0375,0.0375,21.69,0.0,26.1,22.1,1781033212370026419
1781033212476873430,43,0,8,0,true,0.001,0.0,7,8192,0.453,0.453,47.96,0.453,0,0,0.0376,0.0376,21.71,0.0,26.1,22.1,1781033212458582854
1781033212576880505,43,0,8,0,true,0.001,0.0,7,8192,0.452,0.452,47.96,0.452,0,0,0.0375,0.0375,21.69,0.0,26.1,22.1,1781033212558525484
1781033212673425100,43,0,8,0,true,0.001,0.0003,8,8192,0.453,0.453,47.96,0.453,0,0,0.0376,0.0376,21.71,0.0,26.1,22.1,1781033212651346284
1781033212774308871,43,0,8,0,true,0.001,0.0001,8,8192,0.452,0.452,47.96,0.452,0,0,0.0376,0.0376,21.7,0.0,26.1,22.1,1781033212765730292
1781033212876847132,43,0,8,0,true,0.001,0.0,8,8192,0.452,0.452,47.96,0.452,0,0,0.0376,0.0376,21.7,0.0,26.1,22.1,1781033212865632123
1781033212974103679,43,0,8,0,true,0.001,0.0001,8,8192,0.452,0.452,47.96,0.452,0,0,0.0375,0.0375,21.69,0.0,26.1,22.1,1781033212933412686
1781033213076846154,43,0,8,0,true,0.001,0.0,8,8192,0.452,0.452,47.96,0.452,0,0,0.0376,0.0376,21.7,0.0,26.1,22.1,1781033213057943802
1781033213176860113,43,0,8,0,true,0.001,0.0002,8,8192,0.452,0.452,47.96,0.452,0,0,0.0375,0.0375,21.67,0.0,26.1,22.1,1781033213151007787
1781033213281011492,43,0,8,0,true,0.001,0.0001,8,8192,0.453,0.453,47.96,0.453,0,0,0.0376,0.0376,21.71,0.0,26.1,22.1,1781033213254564380
1781033213388891177,43,0,8,0,true,0.001,0.0002,8,8192,0.451,0.451,47.96,0.451,0,0,0.0375,0.0375,21.65,0.0,26.1,22.1,1781033213353225813
1781033213489350676,43,0,8,0,true,0.0011,0.0001,8,8192,0.452,0.452,47.96,0.452,0,0,0.0375,0.0375,21.67,0.0,26.1,22.1,1781033213457885270
1781033213590203304,43,0,8,0,true,0.0011,0.0002,8,8192,0.453,0.453,47.96,0.453,0,0,0.0376,0.0376,21.71,0.0,26.1,22.1,1781033213558564882
1781033213690360239,43,0,8,0,true,0.0011,0.0001,8,8192,0.452,0.452,47.96,0.452,0,0,0.0375,0.0375,21.67,0.0,26.1,22.1,1781033213684103523
1781033213791055943,43,0,8,0,true,0.0011,0.0,8,8192,0.452,0.452,47.96,0.452,0,0,0.0375,0.0375,21.68,0.0,26.2,22.2,1781033213780775918
1781033213892905273,43,0,8,0,true,0.0011,0.0001,8,8192,0.452,0.452,47.96,0.452,0,0,0.0375,0.0375,21.69,0.0,26.2,22.2,1781033213863552297
1781033213992037188,43,0,8,0,true,0.0011,0.0,9,8192,0.452,0.452,47.96,0.452,0,0,0.0375,0.0375,21.68,0.0,26.2,22.2,1781033213950769715
1781033214090197561,43,0,8,0,true,0.0011,0.0002,9,8192,0.451,0.451,47.96,0.451,0,0,0.0374,0.0374,21.64,0.0,26.2,22.2,1781033214069949121
1781033214189664985,43,0,8,0,true,0.0011,0.0001,9,8192,0.452,0.452,47.96,0.452,0,0,0.0375,0.0375,21.69,0.0,26.2,22.2,1781033214182596595
1781033214292860507,43,0,8,0,true,0.0011,0.0001,9,8192,0.452,0.452,47.96,0.452,0,0,0.0375,0.0375,21.7,0.0,26.2,22.2,1781033214247179986
1781033214392875271,43,0,8,0,true,0.0011,0.0,9,8192,0.453,0.453,47.96,0.453,0,0,0.0376,0.0376,21.71,0.0,26.2,22.2,1781033214381639413
1781033214490005905,43,0,8,0,true,0.0011,0.0001,9,8192,0.452,0.452,47.96,0.452,0,0,0.0375,0.0375,21.69,0.0,26.2,22.2,1781033214459406194
1781033214592625240,43,0,8,0,true,0.0012,0.0001,9,8192,0.452,0.452,47.96,0.452,0,0,0.0375,0.0375,21.68,0.0,26.2,22.2,1781033214578227230
1781033214696883113,43,0,8,0,true,0.0012,0.0003,9,8192,0.453,0.453,47.96,0.453,0,0,0.0376,0.0376,21.71,0.0,26.2,22.2,1781033214682610596
1781033214798246106,43,0,8,0,true,0.0012,0.0002,9,8192,0.452,0.452,47.96,0.452,0,0,0.0375,0.0375,21.66,0.0,26.2,22.2,1781033214794392698
1781033214897703924,43,0,8,0,true,0.0012,0.0001,9,8192,0.452,0.452,47.96,0.452,0,0,0.0375,0.0375,21.69,0.0,26.2,22.2,1781033214886816892
1781033214997573753,43,0,8,0,true,0.0012,0.0,9,8192,0.452,0.452,47.96,0.452,0,0,0.0375,0.0375,21.7,0.0,26.2,22.2,1781033214988926756
1781033215100993615,43,0,8,0,true,0.0012,0.0,9,8192,0.452,0.452,47.96,0.452,0,0,0.0375,0.0375,21.69,0.0,26.2,22.2,1781033215089168575
1781033215197724907,43,0,8,0,true,0.0012,0.0001,10,8192,0.452,0.452,47.96,0.452,0,0,0.0375,0.0375,21.69,0.0,26.2,22.2,1781033215193917351
1781033215305045344,43,0,8,0,true,0.0012,0.0001,10,8192,0.452,0.452,47.96,0.452,0,0,0.0375,0.0375,21.69,0.0,26.2,22.2,1781033215266820347
1781033215408871636,43,0,8,0,true,0.0012,0.0,10,8192,0.452,0.452,47.96,0.452,0,0,0.0375,0.0375,21.7,0.0,26.3,22.3,1781033215384728873
1781033215507869758,43,0,8,0,true,0.0013,0.0001,10,8192,0.452,0.452,47.96,0.452,0,0,0.0375,0.0375,21.69,0.0,26.3,22.3,1781033215488196143
1781033215607649426,43,0,8,0,true,0.0013,0.0001,10,8192,0.452,0.452,47.96,0.452,0,0,0.0375,0.0375,21.69,0.0,26.3,22.3,1781033215606807420
1781033215707648044,43,0,8,0,true,0.0013,0.0001,10,8192,0.452,0.452,47.96,0.452,0,0,0.0375,0.0375,21.67,0.0,26.3,22.3,1781033215693362833
1781033215807372632,43,0,8,0,true,0.0013,0.0001,10,8192,0.452,0.452,47.96,0.452,0,0,0.0375,0.0375,21.69,0.0,26.3,22.3,1781033215781032830
1781033215908880945,43,0,8,0,true,0.0013,0.0001,10,8192,0.452,0.452,47.96,0.452,0,0,0.0375,0.0375,21.67,0.0,26.3,22.3,1781033215901660502
1781033216009506439,43,0,8,0,true,0.0013,0.0001,10,8192,0.452,0.452,47.96,0.452,0,0,0.0375,0.0375,21.69,0.0,26.3,22.3,1781033215982106059
1781033216105537867,43,0,8,0,true,0.0013,0.0,10,8192,0.452,0.452,47.96,0.452,0,0,0.0376,0.0376,21.7,0.0,26.3,22.3,1781033216102819659
1781033216208862326,43,0,8,0,true,0.0013,0.0001,10,8192,0.452,0.452,47.96,0.452,0,0,0.0376,0.0376,21.7,0.0,26.3,22.3,1781033216199094506
1781033216312004616,43,0,8,0,true,0.0013,0.0001,10,8192,0.452,0.452,47.96,0.452,0,0,0.0375,0.0375,21.69,0.0,26.3,22.3,1781033216285079420
1781033216416860937,43,0,8,0,true,0.0013,0.0001,11,8192,0.452,0.452,47.96,0.452,0,0,0.0375,0.0375,21.69,0.0,26.3,22.3,1781033216400440147
1781033216512822360,43,0,8,0,true,0.0014,0.0002,11,8192,0.452,0.452,47.96,0.452,0,0,0.0375,0.0375,21.66,0.0,26.3,22.3,1781033216501445320
1781033216612910627,43,0,8,0,true,0.0014,0.0002,11,8192,0.452,0.452,47.96,0.452,0,0,0.0375,0.0375,21.66,0.0,26.3,22.3,1781033216578212688
1781033216718649455,43,0,8,0,true,0.0014,0.0001,11,8192,0.452,0.452,47.96,0.452,0,0,0.0375,0.0375,21.67,0.0,26.3,22.3,1781033216687658424
1781033216825475193,43,0,8,0,true,0.0014,0.0,11,8192,0.453,0.453,47.96,0.453,0,0,0.0376,0.0376,21.7,0.0,26.3,22.3,1781033216824516164
1781033216928888133,43,0,8,0,true,0.0014,0.0001,11,8192,0.452,0.452,47.96,0.452,0,0,0.0376,0.0376,21.7,0.0,26.3,22.3,1781033216911282503
1781033217026895588,43,0,8,0,true,0.0014,0.0002,11,8192,0.452,0.452,47.96,0.452,0,0,0.0375,0.0375,21.66,0.0,26.3,22.3,1781033217023379377
1781033217126725862,43,0,8,0,true,0.0014,0.0003,11,8192,0.453,0.453,47.96,0.453,0,0,0.0376,0.0376,21.7,0.0,26.4,22.4,1781033217123674967
1781033217226904003,43,0,8,0,true,0.0014,0.0002,11,8192,0.452,0.452,47.96,0.452,0,0,0.0375,0.0375,21.69,0.0,26.4,22.4,1781033217220636753
1781033217332873485,43,0,8,0,true,0.0014,0.0,11,8192,0.452,0.452,47.96,0.452,0,0,0.0375,0.0375,21.69,0.0,26.4,22.4,1781033217321591940
1781033217434361445,43,0,8,0,true,0.0014,0.0,11,8192,0.452,0.452,47.96,0.452,0,0,0.0375,0.0375,21.69,0.0,26.4,22.4,1781033217421331644
1781033217534063652,43,0,8,0,true,0.0014,0.0001,11,8192,0.452,0.452,47.96,0.452,0,0,0.0375,0.0375,21.69,0.0,26.4,22.4,1781033217521412301
1781033217636870796,43,0,8,0,true,0.0015,0.0002,11,8192,0.452,0.452,47.96,0.452,0,0,0.0376,0.0376,21.7,0.0,26.4,22.4,1781033217622526565
1781033217734112279,43,0,8,0,true,0.0015,0.0,11,8192,0.453,0.453,47.96,0.453,0,0,0.0376,0.0376,21.7,0.0,26.4,22.4,1781033217722309676
1781033217833767448,43,0,8,0,true,0.0015,0.0003,12,8192,0.453,0.453,47.96,0.453,0,0,0.0376,0.0376,21.7,0.0,26.4,22.4,1781033217829921931
1781033217934392493,43,0,8,0,true,0.0015,0.0001,12,8192,0.452,0.452,47.96,0.452,0,0,0.0375,0.0375,21.67,0.0,26.4,22.4,1781033217933897700
1781033218036838718,43,0,8,0,true,0.0015,0.0,12,8192,0.452,0.452,47.96,0.452,0,0,0.0375,0.0375,21.69,0.0,26.4,22.4,1781033218013864484
1781033218136861084,43,0,8,0,true,0.0015,0.0001,12,8192,0.452,0.452,47.96,0.452,0,0,0.0375,0.0375,21.66,0.0,26.4,22.4,1781033218120924232
1781033218239662053,43,0,8,0,true,0.0015,0.0002,12,8192,0.452,0.452,47.96,0.452,0,0,0.0375,0.0375,21.65,0.0,26.4,22.4,1781033218227354566
1781033218340421299,43,0,8,0,true,0.0015,0.0002,12,8192,0.451,0.451,47.96,0.451,0,0,0.0374,0.0374,21.63,0.0,26.4,22.4,1781033218314735643
1781033218441219007,43,0,8,0,true,0.0015,0.0002,12,8192,0.452,0.452,47.96,0.452,0,0,0.0375,0.0375,21.69,0.0,26.4,22.4,1781033218426109035
1781033218540800744,43,0,8,0,true,0.0016,0.0001,12,8192,0.452,0.452,47.96,0.452,0,0,0.0375,0.0375,21.7,0.0,26.4,22.4,1781033218538806711
1781033218640586298,43,0,8,0,true,0.0016,0.0002,12,8192,0.451,0.451,47.96,0.451,0,0,0.0375,0.0375,21.64,0.0,26.4,22.4,1781033218628063627
1781033218741285463,43,0,8,0,true,0.0016,0.0,12,8192,0.452,0.452,47.96,0.452,0,0,0.0375,0.0375,21.68,0.0,26.4,22.4,1781033218714557082
1781033218844967316,43,0,8,0,true,0.0016,0.0,12,8192,0.452,0.452,47.96,0.452,0,0,0.0375,0.0375,21.68,0.0,26.4,22.4,1781033218813774509
1781033218948956549,43,0,8,0,true,0.0016,0.0002,13,8192,0.451,0.451,47.96,0.451,0,0,0.0374,0.0374,21.62,0.0,26.4,22.4,1781033218917273543
1781033219050548686,43,0,8,0,true,0.0016,0.0001,13,8192,0.452,0.452,47.96,0.452,0,0,0.0375,0.0375,21.66,0.0,26.5,22.5,1781033219010317508
1781033219161763356,43,0,8,0,true,0.0016,0.0001,13,8192,0.452,0.452,47.96,0.452,0,0,0.0375,0.0375,21.67,0.0,26.5,22.5,1781033219152617222
1781033219262946789,43,0,8,0,true,0.0016,0.0002,13,8192,0.452,0.452,47.96,0.452,0,0,0.0375,0.0375,21.66,0.0,26.5,22.5,1781033219260368894
1781033219364893402,43,0,8,0,true,0.0016,0.0,13,8192,0.452,0.452,47.96,0.452,0,0,0.0375,0.0375,21.69,0.0,26.5,22.5,1781033219350811944
1781033219468903457,43,0,8,0,true,0.0016,0.0001,13,8192,0.452,0.452,47.96,0.452,0,0,0.0375,0.0375,21.66,0.0,26.5,22.5,1781033219446150028
1781033219572945538,43,0,8,0,true,0.0016,0.0001,13,8192,0.452,0.452,47.96,0.452,0,0,0.0375,0.0375,21.66,0.0,26.5,22.5,1781033219537652995
1781033219670264882,43,0,8,0,true,0.0017,0.0001,13,8192,0.452,0.452,47.96,0.452,0,0,0.0375,0.0375,21.68,0.0,26.5,22.5,1781033219626990145
1781033219769628587,43,0,8,0,true,0.0017,0.0001,13,8192,0.452,0.452,47.96,0.452,0,0,0.0375,0.0375,21.68,0.0,26.5,22.5,1781033219750133369
1781033219869896670,43,0,8,0,true,0.0017,0.0002,13,8192,0.451,0.451,47.96,0.451,0,0,0.0375,0.0375,21.64,0.0,26.5,22.5,1781033219854020119
1781033219969440558,43,0,8,0,true,0.0017,0.0,13,8192,0.452,0.452,47.96,0.452,0,0,0.0375,0.0375,21.69,0.0,26.5,22.5,1781033219965698097
1781033220069494345,43,0,8,0,true,0.0017,0.0,13,8192,0.452,0.452,47.96,0.452,0,0,0.0375,0.0375,21.7,0.0,26.5,22.5,1781033220066307440
1781033220176873372,43,0,8,0,true,0.0017,0.0,13,8192,0.452,0.452,47.96,0.452,0,0,0.0376,0.0376,21.7,0.0,26.5,22.5,1781033220162961413
1781033220284985074,43,0,8,0,true,0.0017,0.0,13,8192,0.452,0.452,47.96,0.452,0,0,0.0375,0.0375,21.69,0.0,26.5,22.5,1781033220269023135
1781033220386168307,43,0,8,0,true,0.0017,0.0002,13,8192,0.451,0.451,47.96,0.451,0,0,0.0374,0.0374,21.63,0.0,26.5,22.5,1781033220335391810
1781033220488893742,43,0,8,0,true,0.0017,0.0001,14,8192,0.452,0.452,47.96,0.452,0,0,0.0375,0.0375,21.69,0.0,26.5,22.5,1781033220465923792
1781033220588855138,43,0,8,0,true,0.0017,0.0001,14,8192,0.452,0.452,47.96,0.452,0,0,0.0375,0.0375,21.66,0.0,26.5,22.5,1781033220582035859
1781033220686006920,43,0,8,0,true,0.0017,0.0,14,8192,0.452,0.452,47.96,0.452,0,0,0.0375,0.0375,21.68,0.0,26.5,22.5,1781033220682541317
1781033220785603791,43,0,8,0,true,0.0017,0.0003,14,8192,0.452,0.452,47.96,0.452,0,0,0.0376,0.0376,21.7,0.0,26.5,22.5,1781033220752166649
1781033220888876000,43,0,8,0,true,0.0017,0.0,14,8192,0.452,0.452,47.96,0.452,0,0,0.0376,0.0376,21.7,0.0,26.5,22.5,1781033220871633627
1781033220985574162,43,0,8,0,true,0.0018,0.0002,14,8192,0.452,0.452,47.96,0.452,0,0,0.0375,0.0375,21.66,0.0,26.5,22.5,1781033220985066545
1781033221086968833,43,0,8,0,true,0.0018,0.0,14,8192,0.452,0.452,47.96,0.452,0,0,0.0375,0.0375,21.69,0.0,26.5,22.5,1781033221065600116
1781033221188859537,43,0,8,0,true,0.0018,0.0001,14,8192,0.452,0.452,47.96,0.452,0,0,0.0375,0.0375,21.7,0.0,26.6,22.6,1781033221177387983
1781033221285508821,43,0,8,0,true,0.0018,0.0002,14,8192,0.451,0.451,47.96,0.451,0,0,0.0374,0.0374,21.61,0.0,26.6,22.6,1781033221280055590
1781033221388894869,43,0,8,0,true,0.0018,0.0,14,8192,0.452,0.452,47.96,0.452,0,0,0.0375,0.0375,21.67,0.0,26.6,22.6,1781033221373103654
1781033221491794878,43,0,8,0,true,0.0018,0.0001,14,8192,0.452,0.452,47.96,0.452,0,0,0.0375,0.0375,21.68,0.0,26.6,22.6,1781033221457386534
1781033221592564964,43,0,8,0,true,0.0018,0.0002,14,8192,0.452,0.452,47.96,0.452,0,0,0.0375,0.0375,21.65,0.0,26.6,22.6,1781033221553196498
1781033221692649893,43,0,8,0,true,0.0018,0.0002,14,8192,0.451,0.451,47.96,0.451,0,0,0.0374,0.0374,21.63,0.0,26.6,22.6,1781033221653005747
1781033221792854874,43,0,8,0,true,0.0018,0.0,15,8192,0.452,0.452,47.96,0.452,0,0,0.0375,0.0375,21.67,0.0,26.6,22.6,1781033221790998629
1781033221893211393,43,0,8,0,true,0.0018,0.0001,15,8192,0.452,0.452,47.96,0.452,0,0,0.0375,0.0375,21.68,0.0,26.6,22.6,1781033221887928711
1781033221996856863,43,0,8,0,true,0.0019,0.0,15,8192,0.452,0.452,47.96,0.452,0,0,0.0375,0.0375,21.66,0.0,26.6,22.6,1781033221980452957
1781033222101363352,43,0,8,0,true,0.0019,0.0,15,8192,0.452,0.452,47.96,0.452,0,0,0.0375,0.0375,21.68,0.0,26.6,22.6,1781033222085710301
1781033222197356067,43,0,8,0,true,0.0019,0.0,15,8192,0.452,0.452,47.96,0.452,0,0,0.0375,0.0375,21.68,0.0,26.6,22.6,1781033222196974533
1781033222297832578,43,0,8,0,true,0.0019,0.0001,15,8192,0.452,0.452,47.96,0.452,0,0,0.0375,0.0375,21.69,0.0,26.6,22.6,1781033222293452487
1781033222398257301,43,0,8,0,true,0.0019,0.0,15,8192,0.452,0.452,47.96,0.452,0,0,0.0375,0.0375,21.67,0.0,26.6,22.6,1781033222384262125
1781033222497503265,43,0,8,0,true,0.0019,0.0002,15,8192,0.451,0.451,47.96,0.451,0,0,0.0375,0.0375,21.65,0.0,26.6,22.6,1781033222478830541
1781033222601056117,43,0,8,0,true,0.0019,0.0001,15,8192,0.452,0.452,47.96,0.452,0,0,0.0375,0.0375,21.66,0.0,26.6,22.6,1781033222593555265
1781033222698386740,43,0,8,0,true,0.0019,0.0,15,8192,0.452,0.452,47.96,0.452,0,0,0.0375,0.0375,21.68,0.0,26.6,22.6,1781033222680390220
1781033222798128215,43,0,8,0,true,0.0019,0.0,15,8192,0.452,0.452,47.96,0.452,0,0,0.0375,0.0375,21.68,0.0,26.6,22.6,1781033222760166234
1781033222901003172,43,0,8,0,true,0.0019,0.0,15,8192,0.452,0.452,47.96,0.452,0,0,0.0375,0.0375,21.68,0.0,26.6,22.6,1781033222885426829
1781033222998073265,43,0,8,0,true,0.0019,0.0001,15,8192,0.452,0.452,47.96,0.452,0,0,0.0375,0.0375,21.68,0.0,26.6,22.6,1781033222982890376
1781033223102830136,43,0,8,0,true,0.0019,0.0,15,8192,0.452,0.452,47.96,0.452,0,0,0.0375,0.0375,21.67,0.0,26.6,22.6,1781033223062628220
1781033223203712575,43,0,8,0,true,0.002,0.0001,16,8192,0.452,0.452,47.96,0.452,0,0,0.0376,0.0376,21.7,0.0,26.6,22.6,1781033223176500397
1781033223308222307,43,0,8,0,true,0.002,0.0001,16,8192,0.452,0.452,47.96,0.452,0,0,0.0375,0.0375,21.66,0.0,26.6,22.6,1781033223288959779
1781033223412844116,43,0,8,0,true,0.002,0.0,16,8192,0.452,0.452,47.96,0.452,0,0,0.0375,0.0375,21.68,0.0,26.6,22.6,1781033223406569570
1781033223516874739,43,0,8,0,true,0.002,0.0002,16,8192,0.451,0.451,47.96,0.451,0,0,0.0374,0.0374,21.62,0.0,26.7,22.7,1781033223490419734
1781033223621121828,43,0,8,0,true,0.002,0.0,16,8192,0.452,0.452,47.96,0.452,0,0,0.0375,0.0375,21.68,0.0,26.7,22.7,1781033223606241784
1781033223718231477,43,0,8,0,true,0.002,0.0001,16,8192,0.452,0.452,47.96,0.452,0,0,0.0375,0.0375,21.68,0.0,26.7,22.7,1781033223711790969
1781033223817953742,43,0,8,0,true,0.002,0.0002,16,8192,0.451,0.451,47.96,0.451,0,0,0.0374,0.0374,21.61,0.0,26.7,22.7,1781033223801978610
1781033223925381948,43,0,8,0,true,0.002,0.0,16,8192,0.452,0.452,47.96,0.452,0,0,0.0375,0.0375,21.68,0.0,26.7,22.7,1781033223889725944
1781033224027137910,43,0,8,0,true,0.002,0.0001,16,8192,0.452,0.452,47.96,0.452,0,0,0.0375,0.0375,21.67,0.0,26.7,22.7,1781033224002066850
1781033224128877214,43,0,8,0,true,0.0021,0.0,16,8192,0.452,0.452,47.96,0.452,0,0,0.0375,0.0375,21.68,0.0,26.7,22.7,1781033224110294138
1781033224236880984,43,0,8,0,true,0.0021,0.0002,16,8192,0.452,0.452,47.96,0.452,0,0,0.0375,0.0375,21.69,0.0,26.7,22.7,1781033224218694960
1781033224341094061,43,0,8,0,true,0.0021,0.0002,16,8192,0.45,0.45,47.96,0.45,0,0,0.0374,0.0374,21.6,0.0,26.7,22.7,1781033224290146954
1781033224441193622,43,0,8,0,true,0.0021,0.0001,17,8192,0.452,0.452,47.96,0.452,0,0,0.0375,0.0375,21.65,0.0,26.7,22.7,1781033224388465833
1781033224541117805,43,0,8,0,true,0.0021,0.0002,17,8192,0.451,0.451,47.96,0.451,0,0,0.0375,0.0375,21.64,0.0,26.7,22.7,1781033224496572480
1781033224641016090,43,0,8,0,true,0.0021,0.0,17,8192,0.452,0.452,47.96,0.452,0,0,0.0375,0.0375,21.67,0.0,26.7,22.7,1781033224619614726
1781033224738481245,43,0,8,0,true,0.0021,0.0001,17,8192,0.452,0.452,47.96,0.452,0,0,0.0375,0.0375,21.65,0.0,26.7,22.7,1781033224732055083
1781033224837647379,43,0,8,0,true,0.0021,0.0002,17,8192,0.451,0.451,47.96,0.451,0,0,0.0375,0.0375,21.65,0.0,26.7,22.7,1781033224809699935
1781033224938108476,43,0,8,0,true,0.0021,0.0001,17,8192,0.452,0.452,47.96,0.452,0,0,0.0375,0.0375,21.67,0.0,26.7,22.7,1781033224920766086
1781033225041067006,43,0,8,0,true,0.0021,0.0001,17,8192,0.452,0.452,47.96,0.452,0,0,0.0375,0.0375,21.67,0.0,26.7,22.7,1781033225029490093
1781033225140599345,43,0,8,0,true,0.0022,0.0002,17,8192,0.451,0.451,47.96,0.451,0,0,0.0374,0.0374,21.62,0.0,26.7,22.7,1781033225134608589
1781033225238186342,43,0,8,0,true,0.0022,0.0001,17,8192,0.452,0.452,47.95,0.452,0,0,0.0375,0.0375,21.65,0.0,26.7,22.7,1781033225196695383
1781033225339385005,43,0,8,0,true,0.0022,0.0004,17,8192,0.452,0.452,47.95,0.452,0,0,0.0375,0.0375,21.69,0.0,26.7,22.7,1781033225331727992
1781033225444265472,43,0,8,0,true,0.0022,0.0002,18,8192,0.451,0.451,47.95,0.451,0,0,0.0374,0.0374,21.62,0.0,26.7,22.7,1781033225443105218
1781033225547178805,43,0,8,0,true,0.0022,0.0002,18,8192,0.451,0.451,47.95,0.451,0,0,0.0374,0.0374,21.61,0.0,26.7,22.7,1781033225526669251
1781033225648888257,43,0,8,0,true,0.0022,0.0001,18,8192,0.451,0.451,47.95,0.451,0,0,0.0375,0.0375,21.65,0.0,26.7,22.7,1781033225609849751
1781033225744957394,43,0,8,0,true,0.0022,0.0001,18,8192,0.452,0.452,47.95,0.452,0,0,0.0375,0.0375,21.65,0.0,26.7,22.7,1781033225746072535
1781033225844960864,43,0,8,0,true,0.0022,0.0,18,8192,0.452,0.452,47.95,0.452,0,0,0.0375,0.0375,21.68,0.0,26.7,22.7,1781033225837600861
1781033225948908192,43,0,8,0,true,0.0022,0.0,18,8192,0.452,0.452,47.95,0.452,0,0,0.0375,0.0375,21.68,0.0,26.7,22.7,1781033225915283458
1781033226044740520,43,0,8,0,true,0.0023,0.0,18,8192,0.452,0.452,47.95,0.452,0,0,0.0375,0.0375,21.67,0.0,26.7,22.7,1781033226043526229
1781033226145181139,43,0,8,0,true,0.0023,0.0001,18,8192,0.452,0.452,47.95,0.452,0,0,0.0375,0.0375,21.66,0.0,26.8,22.8,1781033226137267109
1781033226244511236,43,0,8,0,true,0.0023,0.0,18,8192,0.452,0.452,47.95,0.452,0,0,0.0375,0.0375,21.68,0.0,26.8,22.8,1781033226238225987
1781033226344672924,43,0,8,0,true,0.0023,0.0001,18,8192,0.452,0.452,47.95,0.452,0,0,0.0375,0.0375,21.65,0.0,26.8,22.8,1781033226335665690
1781033226448914828,43,0,8,0,true,0.0023,0.0002,18,8192,0.451,0.451,47.95,0.451,0,0,0.0375,0.0375,21.64,0.0,26.8,22.8,1781033226437591154
1781033226544939057,43,0,8,0,true,0.0023,0.0001,18,8192,0.452,0.452,47.95,0.452,0,0,0.0375,0.0375,21.68,0.0,26.8,22.8,1781033226519268447
1781033226652895218,43,0,8,0,true,0.0023,0.0003,19,8192,0.452,0.452,47.95,0.452,0,0,0.0375,0.0375,21.67,0.0,26.8,22.8,1781033226626543867
1781033226756702319,43,0,8,0,true,0.0023,0.0001,19,8192,0.452,0.452,47.95,0.452,0,0,0.0375,0.0375,21.65,0.0,26.8,22.8,1781033226721069037
1781033226861001787,43,0,8,0,true,0.0023,0.0001,19,8192,0.452,0.452,47.95,0.452,0,0,0.0375,0.0375,21.67,0.0,26.8,22.8,1781033226850420044
1781033226965260462,43,0,8,0,true,0.0024,0.0003,19,8192,0.452,0.452,47.95,0.452,0,0,0.0375,0.0375,21.67,0.0,26.8,22.8,1781033226950530260
1781033227061746960,43,0,8,0,true,0.0024,0.0,19,8192,0.452,0.452,47.95,0.452,0,0,0.0375,0.0375,21.68,0.0,26.8,22.8,1781033227034541583
1781033227162371677,43,0,8,0,true,0.0024,0.0003,19,8192,0.452,0.452,47.95,0.452,0,0,0.0375,0.0375,21.67,0.0,26.8,22.8,1781033227126519524
1781033227265028905,43,0,8,0,true,0.0024,0.0001,19,8192,0.452,0.452,47.95,0.452,0,0,0.0375,0.0375,21.65,0.0,26.8,22.8,1781033227236741293
1781033227364677517,43,0,8,0,true,0.0024,0.0001,19,8192,0.452,0.452,47.95,0.452,0,0,0.0375,0.0375,21.65,0.0,26.8,22.8,1781033227337200766
1781033227468852596,43,0,8,0,true,0.0024,0.0001,19,8192,0.451,0.451,47.95,0.451,0,0,0.0375,0.0375,21.65,0.0,26.8,22.8,1781033227423672114
1781033227572881058,43,0,8,0,true,0.0024,0.0001,19,8192,0.451,0.451,47.95,0.451,0,0,0.0375,0.0375,21.65,0.0,26.8,22.8,1781033227541563746
1781033227670355499,43,0,8,0,true,0.0024,0.0001,19,8192,0.452,0.452,47.95,0.452,0,0,0.0375,0.0375,21.67,0.0,26.8,22.8,1781033227656137564
1781033227771602704,43,0,8,0,true,0.0024,0.0001,20,8192,0.452,0.452,47.95,0.452,0,0,0.0375,0.0375,21.68,0.0,26.8,22.8,1781033227753504664
1781033227869794170,43,0,8,0,true,0.0024,0.0001,20,8192,0.452,0.452,47.95,0.452,0,0,0.0375,0.0375,21.65,0.0,26.8,22.8,1781033227866653936
1781033227969906105,43,0,8,0,true,0.0024,0.0,20,8192,0.452,0.452,47.95,0.452,0,0,0.0375,0.0375,21.69,0.0,26.8,22.8,1781033227956073311
1781033228070001169,43,0,8,0,true,0.0025,0.0002,20,8192,0.451,0.451,47.95,0.451,0,0,0.0375,0.0375,21.64,0.0,26.8,22.8,1781033228026466308
1781033228171505141,43,0,8,0,true,0.0025,0.0002,20,8192,0.452,0.452,47.95,0.452,0,0,0.0375,0.0375,21.68,0.0,26.8,22.8,1781033228161621511
1781033228271296824,43,0,8,0,true,0.0025,0.0002,20,8192,0.45,0.45,47.95,0.45,0,0,0.0374,0.0374,21.59,0.0,26.8,22.8,1781033228244561926
1781033228369573901,43,0,8,0,true,0.0025,0.0001,20,8192,0.451,0.451,47.95,0.451,0,0,0.0375,0.0375,21.65,0.0,26.8,22.8,1781033228350530174
1781033228470159640,43,0,8,0,true,0.0025,0.0001,20,8192,0.451,0.451,47.95,0.451,0,0,0.0375,0.0375,21.65,0.0,26.8,22.8,1781033228465360622
1781033228569423776,43,0,8,0,true,0.0025,0.0,20,8192,0.452,0.452,47.95,0.452,0,0,0.0375,0.0375,21.67,0.0,26.8,22.8,1781033228565792262
1781033228672866688,43,0,8,0,true,0.0025,0.0001,20,8192,0.451,0.451,47.95,0.451,0,0,0.0375,0.0375,21.64,0.0,26.8,22.8,1781033228653753604
1781033228772895004,43,0,8,0,true,0.0025,0.0,20,8192,0.452,0.452,47.95,0.452,0,0,0.0375,0.0375,21.69,0.0,26.8,22.8,1781033228754369662
1781033228872906471,43,0,8,0,true,0.0025,0.0001,20,8192,0.451,0.451,47.95,0.451,0,0,0.0375,0.0375,21.65,0.0,26.8,22.8,1781033228843463275
1781033228976873660,43,0,8,0,true,0.0025,0.0001,20,8192,0.451,0.451,47.95,0.451,0,0,0.0375,0.0375,21.65,0.0,26.8,22.8,1781033228967504440
1781033229077441395,43,0,8,0,true,0.0026,0.0,20,8192,0.452,0.452,47.95,0.452,0,0,0.0375,0.0375,21.67,0.0,26.8,22.8,1781033229068602144
1781033229180961768,43,0,8,0,true,0.0026,0.0001,21,8192,0.452,0.452,47.95,0.452,0,0,0.0375,0.0375,21.66,0.0,26.8,22.8,1781033229150702553
1781033229285465275,43,0,8,0,true,0.0026,0.0002,21,8192,0.452,0.452,47.95,0.452,0,0,0.0375,0.0375,21.68,0.0,26.9,22.9,1781033229279633247
1781033229387069357,43,0,8,0,true,0.0026,0.0001,21,8192,0.451,0.451,47.95,0.451,0,0,0.0375,0.0375,21.65,0.0,26.9,22.9,1781033229358519673
1781033229492858543,43,0,8,0,true,0.0026,0.0,21,8192,0.452,0.452,47.95,0.452,0,0,0.0375,0.0375,21.67,0.0,26.9,22.9,1781033229463666735
1781033229593768648,43,0,8,0,true,0.0026,0.0002,21,8192,0.451,0.451,47.95,0.451,0,0,0.0374,0.0374,21.63,0.0,26.9,22.9,1781033229589145366
1781033229696918252,43,0,8,0,true,0.0026,0.0,21,8192,0.452,0.452,47.95,0.452,0,0,0.0375,0.0375,21.67,0.0,26.9,22.9,1781033229653384723
1781033229796870964,43,0,8,0,true,0.0026,0.0,21,8192,0.452,0.452,47.95,0.452,0,0,0.0375,0.0375,21.67,0.0,26.9,22.9,1781033229782605049
1781033229894147961,43,0,8,0,true,0.0026,0.0004,21,8192,0.452,0.452,47.95,0.452,0,0,0.0375,0.0375,21.68,0.0,26.9,22.9,1781033229891668781
1781033229996268589,43,0,8,0,true,0.0027,0.0002,21,8192,0.45,0.45,47.95,0.45,0,0,0.0373,0.0373,21.57,0.0,26.9,22.9,1781033229985152060
1781033230096880511,43,0,8,0,true,0.0027,0.0001,21,8192,0.452,0.452,47.95,0.452,0,0,0.0375,0.0375,21.66,0.0,26.9,22.9,1781033230087626843
1781033230193617422,43,0,8,0,true,0.0027,0.0001,21,8192,0.451,0.451,47.95,0.451,0,0,0.0375,0.0375,21.64,0.0,26.9,22.9,1781033230185276892
1781033230294258401,43,0,8,0,true,0.0027,0.0003,22,8192,0.452,0.452,47.95,0.452,0,0,0.0375,0.0375,21.67,0.0,26.9,22.9,1781033230290860831
1781033230394090430,43,0,8,0,true,0.0027,0.0001,22,8192,0.451,0.451,47.95,0.451,0,0,0.0375,0.0375,21.64,0.0,26.9,22.9,1781033230372923464
1781033230496870646,43,0,8,0,true,0.0027,0.0001,22,8192,0.452,0.452,47.95,0.452,0,0,0.0375,0.0375,21.67,0.0,26.9,22.9,1781033230462561746
1781033230593768784,43,0,8,0,true,0.0027,0.0002,22,8192,0.451,0.451,47.95,0.451,0,0,0.0374,0.0374,21.62,0.0,26.9,22.9,1781033230586135497
1781033230696477674,43,0,8,0,true,0.0027,0.0001,22,8192,0.452,0.452,47.95,0.452,0,0,0.0375,0.0375,21.66,0.0,26.9,22.9,1781033230696181781
1781033230793886740,43,0,8,0,true,0.0028,0.0002,22,8192,0.45,0.45,47.95,0.45,0,0,0.0373,0.0373,21.57,0.0,26.9,22.9,1781033230788486068
1781033230893674098,43,0,8,0,true,0.0028,0.0001,22,8192,0.452,0.452,47.95,0.452,0,0,0.0375,0.0375,21.67,0.0,26.9,22.9,1781033230891757467
1781033231005008648,43,0,8,0,true,0.0028,0.0,22,8192,0.452,0.452,47.95,0.452,0,0,0.0375,0.0375,21.67,0.0,26.9,22.9,1781033230961303476
1781033231110184755,43,0,8,0,true,0.0028,0.0002,22,8192,0.451,0.451,47.95,0.451,0,0,0.0374,0.0374,21.63,0.0,26.9,22.9,1781033231090226192
1781033231210961015,43,0,8,0,true,0.0028,0.0001,23,8192,0.452,0.452,47.95,0.452,0,0,0.0375,0.0375,21.66,0.0,26.9,22.9,1781033231206517605
1781033231316876397,43,0,8,0,true,0.0028,0.0002,23,8192,0.452,0.452,47.95,0.452,0,0,0.0375,0.0375,21.67,0.0,26.9,22.9,1781033231305566696
1781033231425011081,43,0,8,0,true,0.0028,0.0,23,8192,0.452,0.452,47.95,0.452,0,0,0.0375,0.0375,21.67,0.0,26.9,22.9,1781033231414821390
1781033231525468481,43,0,8,0,true,0.0028,0.0001,23,8192,0.452,0.452,47.95,0.452,0,0,0.0375,0.0375,21.66,0.0,26.9,22.9,1781033231500438681
1781033231626178278,43,0,8,0,true,0.0029,0.0,23,8192,0.452,0.452,47.95,0.452,0,0,0.0375,0.0375,21.67,0.0,26.9,22.9,1781033231619848610
1781033231728888635,43,0,8,0,true,0.0029,0.0001,23,8192,0.452,0.452,47.95,0.452,0,0,0.0375,0.0375,21.66,0.0,26.9,22.9,1781033231700124442
1781033231826007537,43,0,8,0,true,0.0029,0.0001,23,8192,0.451,0.451,47.95,0.451,0,0,0.0375,0.0375,21.64,0.0,26.9,22.9,1781033231811373660
1781033231927645113,43,0,8,0,true,0.0029,0.0001,23,8192,0.451,0.451,47.95,0.451,0,0,0.0375,0.0375,21.64,0.0,26.9,22.9,1781033231922050048
1781033232026843064,43,0,8,0,true,0.0029,0.0003,23,8192,0.45,0.45,47.95,0.45,0,0,0.0373,0.0373,21.56,0.0,26.9,22.9,1781033232003997490
1781033232125527156,43,0,8,0,true,0.0029,0.0,23,8192,0.452,0.452,47.95,0.452,0,0,0.0375,0.0375,21.67,0.0,26.9,22.9,1781033232108273922
1781033232228924473,43,0,8,0,true,0.0029,0.0001,24,8192,0.452,0.452,47.95,0.452,0,0,0.0375,0.0375,21.66,0.0,26.9,22.9,1781033232218115981
1781033232328861909,43,0,8,0,true,0.0029,0.0,24,8192,0.452,0.452,47.95,0.452,0,0,0.0375,0.0375,21.66,0.0,26.9,22.9,1781033232320480340
1781033232427368416,43,0,8,0,true,0.003,0.0001,24,8192,0.452,0.452,47.95,0.452,0,0,0.0375,0.0375,21.66,0.0,26.9,22.9,1781033232411172961
1781033232526011699,43,0,8,0,true,0.003,0.0001,24,8192,0.452,0.452,47.95,0.452,0,0,0.0375,0.0375,21.67,0.0,26.9,22.9,1781033232484160563
1781033232626106528,43,0,8,0,true,0.003,0.0,24,8192,0.452,0.452,47.95,0.452,0,0,0.0375,0.0375,21.67,0.0,26.9,22.9,1781033232599814663
1781033232728832726,43,0,8,0,true,0.003,0.0002,24,8192,0.452,0.452,47.95,0.452,0,0,0.0375,0.0375,21.67,0.0,26.9,22.9,1781033232710436539
1781033232832865784,43,0,8,0,true,0.003,0.0001,24,8192,0.451,0.451,47.95,0.451,0,0,0.0375,0.0375,21.64,0.0,26.9,22.9,1781033232816889593
1781033232933550893,43,0,8,0,true,0.003,0.0,24,8192,0.452,0.452,47.95,0.452,0,0,0.0375,0.0375,21.66,0.0,27.0,23.0,1781033232916677869
1781033233036875192,43,0,8,0,true,0.003,0.0,24,8192,0.452,0.452,47.95,0.452,0,0,0.0375,0.0375,21.67,0.0,27.0,23.0,1781033233018342377
1781033233136869039,43,0,8,0,true,0.003,0.0001,24,8192,0.451,0.451,47.95,0.451,0,0,0.0375,0.0375,21.65,0.0,27.0,23.0,1781033233122344507
1781033233241029946,43,0,8,0,true,0.003,0.0001,24,8192,0.451,0.451,47.95,0.451,0,0,0.0375,0.0375,21.65,0.0,27.0,23.0,1781033233226590303
1781033233342222985,43,0,8,0,true,0.003,0.0001,24,8192,0.452,0.452,47.95,0.452,0,0,0.0375,0.0375,21.65,0.0,27.0,23.0,1781033233324402953
1781033233445625690,43,0,8,0,true,0.003,0.0001,24,8192,0.451,0.451,47.95,0.451,0,0,0.0375,0.0375,21.65,0.0,27.0,23.0,1781033233433755299
1781033233543386961,43,0,8,0,true,0.003,0.0,24,8192,0.452,0.452,47.95,0.452,0,0,0.0375,0.0375,21.67,0.0,27.0,23.0,1781033233525303666
1781033233644632163,43,0,8,0,true,0.0031,0.0,25,8192,0.452,0.452,47.95,0.452,0,0,0.0375,0.0375,21.67,0.0,27.0,23.0,1781033233626663651
1781033233744916230,43,0,8,0,true,0.0031,0.0001,25,8192,0.451,0.451,47.95,0.451,0,0,0.0375,0.0375,21.65,0.0,27.0,23.0,1781033233726674287
1781033233842123936,43,0,8,0,true,0.0031,0.0,25,8192,0.452,0.452,47.95,0.452,0,0,0.0375,0.0375,21.67,0.0,27.0,23.0,1781033233837538047
1781033233944883194,43,0,8,0,true,0.0031,0.0003,25,8192,0.452,0.452,47.95,0.452,0,0,0.0375,0.0375,21.68,0.0,27.0,23.0,1781033233925412670
1781033234042296151,43,0,8,0,true,0.0031,0.0001,25,8192,0.452,0.452,47.95,0.452,0,0,0.0375,0.0375,21.67,0.0,27.0,23.0,1781033234040675625
1781033234141549717,43,0,8,0,true,0.0031,0.0,25,8192,0.452,0.452,47.95,0.452,0,0,0.0375,0.0375,21.66,0.0,27.0,23.0,1781033234139670506
1781033234241502586,43,0,8,0,true,0.0031,0.0001,25,8192,0.451,0.451,47.95,0.451,0,0,0.0375,0.0375,21.64,0.0,27.0,23.0,1781033234214500414
1781033234344885229,43,0,8,0,true,0.0031,0.0001,25,8192,0.452,0.452,47.95,0.452,0,0,0.0375,0.0375,21.66,0.0,27.0,23.0,1781033234326161848
1781033234444886335,43,0,8,0,true,0.0031,0.0001,25,8192,0.451,0.451,47.95,0.451,0,0,0.0375,0.0375,21.65,0.0,27.0,23.0,1781033234425588811
1781033234545047165,43,0,8,0,true,0.0031,0.0,25,8192,0.452,0.452,47.95,0.452,0,0,0.0375,0.0375,21.67,0.0,27.0,23.0,1781033234524341380
1781033234644891197,43,0,8,0,true,0.0031,0.0001,25,8192,0.452,0.452,47.95,0.452,0,0,0.0375,0.0375,21.68,0.0,27.0,23.0,1781033234627317407
1781033234743648646,43,0,8,0,true,0.0032,0.0,25,8192,0.452,0.452,47.95,0.452,0,0,0.0375,0.0375,21.67,0.0,27.0,23.0,1781033234726057970
1781033234848888484,43,0,8,0,true,0.0032,0.0002,25,8192,0.451,0.451,47.95,0.451,0,0,0.0374,0.0374,21.61,0.0,27.0,23.0,1781033234819010620
1781033234951982539,43,0,8,0,true,0.0032,0.0,25,8192,0.452,0.452,47.95,0.452,0,0,0.0375,0.0375,21.67,0.0,27.0,23.0,1781033234934042952
1781033235049501535,43,0,8,0,true,0.0032,0.0001,26,8192,0.452,0.452,47.95,0.452,0,0,0.0375,0.0375,21.66,0.0,27.0,23.0,1781033235031642559
1781033235156872150,43,0,8,0,true,0.0032,0.0,26,8192,0.452,0.452,47.95,0.452,0,0,0.0375,0.0375,21.67,0.0,27.0,23.0,1781033235115487534
1781033235257796844,43,0,8,0,true,0.0032,0.0001,26,8192,0.451,0.451,47.95,0.451,0,0,0.0375,0.0375,21.64,0.0,27.0,23.0,1781033235240152362
1781033235359572711,43,0,8,0,true,0.0032,0.0001,26,8192,0.452,0.452,47.95,0.452,0,0,0.0375,0.0375,21.68,0.0,27.0,23.0,1781033235345665433
1781033235458686805,43,0,8,0,true,0.0032,0.0,26,8192,0.452,0.452,47.95,0.452,0,0,0.0375,0.0375,21.67,0.0,27.0,23.0,1781033235448361929
1781033235565134153,43,0,8,0,true,0.0032,0.0001,26,8192,0.451,0.451,47.95,0.451,0,0,0.0375,0.0375,21.65,0.0,27.0,23.0,1781033235540359417
1781033235666398620,43,0,8,0,true,0.0032,0.0,26,8192,0.452,0.452,47.95,0.452,0,0,0.0375,0.0375,21.65,0.0,27.0,23.0,1781033235666048373
1781033235768372989,43,0,8,0,true,0.0032,0.0001,26,8192,0.452,0.452,47.95,0.452,0,0,0.0375,0.0375,21.67,0.0,27.0,23.0,1781033235760288445
1781033235868887542,43,0,8,0,true,0.0032,0.0001,26,8192,0.452,0.452,47.95,0.452,0,0,0.0375,0.0375,21.66,0.0,27.0,23.0,1781033235857659127
1781033235966130574,43,0,8,0,true,0.0033,0.0001,26,8192,0.451,0.451,47.95,0.451,0,0,0.0374,0.0374,21.64,0.0,27.0,23.0,1781033235957700455
1781033236065800310,43,0,8,0,true,0.0033,0.0,26,8192,0.452,0.452,47.95,0.452,0,0,0.0375,0.0375,21.66,0.0,27.0,23.0,1781033236053687630
1781033236168864321,43,0,8,0,true,0.0033,0.0001,26,8192,0.452,0.452,47.95,0.452,0,0,0.0375,0.0375,21.68,0.0,27.0,23.0,1781033236154789763
1781033236267820882,43,0,8,0,true,0.0033,0.0001,26,8192,0.452,0.452,47.95,0.452,0,0,0.0375,0.0375,21.67,0.0,27.0,23.0,1781033236251557841
1781033236366088586,43,0,8,0,true,0.0033,0.0001,26,8192,0.451,0.451,47.95,0.451,0,0,0.0375,0.0375,21.64,0.0,27.0,23.0,1781033236353670474
1781033236468876940,43,0,8,0,true,0.0033,0.0,27,8192,0.451,0.451,47.95,0.451,0,0,0.0375,0.0375,21.65,0.0,27.0,23.0,1781033236461209638
1781033236566166402,43,0,8,0,true,0.0033,0.0002,27,8192,0.45,0.45,47.95,0.45,0,0,0.0374,0.0374,21.6,0.0,27.0,23.0,1781033236553703540
1781033236666295092,43,0,8,0,true,0.0033,0.0002,27,8192,0.452,0.452,47.95,0.452,0,0,0.0375,0.0375,21.66,0.0,27.0,23.0,1781033236638283961
1781033236766488183,43,0,8,0,true,0.0033,0.0001,27,8192,0.451,0.451,47.95,0.451,0,0,0.0375,0.0375,21.64,0.0,27.0,23.0,1781033236765532130
1781033236867214490,43,0,8,0,true,0.0033,0.0,27,8192,0.451,0.451,47.95,0.451,0,0,0.0375,0.0375,21.65,0.0,27.0,23.0,1781033236846857829
1781033236968867314,43,0,8,0,true,0.0033,0.0,27,8192,0.452,0.452,47.95,0.452,0,0,0.0375,0.0375,21.66,0.0,27.0,23.0,1781033236958510743
1781033237068881152,43,0,8,0,true,0.0034,0.0,27,8192,0.452,0.452,47.95,0.452,0,0,0.0375,0.0375,21.65,0.0,27.0,23.0,1781033237047105825
1781033237167354472,43,0,8,0,true,0.0034,0.0001,27,8192,0.452,0.452,47.95,0.452,0,0,0.0375,0.0375,21.67,0.0,27.0,23.0,1781033237145023679
1781033237269526890,43,0,8,0,true,0.0034,0.0001,27,8192,0.452,0.452,47.95,0.452,0,0,0.0375,0.0375,21.65,0.0,27.0,23.0,1781033237257335181
1781033237365472482,43,0,8,0,true,0.0034,0.0001,27,8192,0.452,0.452,47.95,0.452,0,0,0.0375,0.0375,21.65,0.0,27.0,23.0,1781033237335573244
1781033237466958053,43,0,8,0,true,0.0034,0.0001,27,8192,0.452,0.452,47.95,0.452,0,0,0.0375,0.0375,21.65,0.0,27.1,23.1,1781033237466718577
1781033237568868678,43,0,8,0,true,0.0034,0.0,27,8192,0.452,0.452,47.95,0.452,0,0,0.0375,0.0375,21.66,0.0,27.1,23.1,1781033237549140869
1781033237666403570,43,0,8,0,true,0.0034,0.0,27,8192,0.451,0.451,47.95,0.451,0,0,0.0375,0.0375,21.64,0.0,27.1,23.1,1781033237655450736
1781033237768868214,43,0,8,0,true,0.0034,0.0002,27,8192,0.451,0.451,47.95,0.451,0,0,0.0374,0.0374,21.62,0.0,27.1,23.1,1781033237761344715
1781033237868849595,43,0,8,0,true,0.0034,0.0,27,8192,0.452,0.452,47.95,0.452,0,0,0.0375,0.0375,21.66,0.0,27.1,23.1,1781033237860457216
1781033237972872170,43,0,8,0,true,0.0034,0.0001,28,8192,0.451,0.451,47.95,0.451,0,0,0.0375,0.0375,21.64,0.0,27.1,23.1,1781033237958632741
1781033238074442096,43,0,8,0,true,0.0034,0.0,28,8192,0.452,0.452,47.95,0.452,0,0,0.0375,0.0375,21.65,0.0,27.1,23.1,1781033238041622585
1781033238181258471,43,0,8,0,true,0.0034,0.0001,28,8192,0.451,0.451,47.95,0.451,0,0,0.0374,0.0374,21.63,0.0,27.1,23.1,1781033238169203999
1781033238282037744,43,0,8,0,true,0.0034,0.0,28,8192,0.451,0.451,47.95,0.451,0,0,0.0375,0.0375,21.65,0.0,27.1,23.1,1781033238280340328
1781033238381568714,43,0,8,0,true,0.0034,0.0001,28,8192,0.451,0.451,47.95,0.451,0,0,0.0374,0.0374,21.63,0.0,27.1,23.1,1781033238353093022
1781033238482264418,43,0,8,0,true,0.0034,0.0001,28,8192,0.451,0.451,47.95,0.451,0,0,0.0374,0.0374,21.63,0.0,27.1,23.1,1781033238457614380
1781033238582108572,43,0,8,0,true,0.0035,0.0,28,8192,0.452,0.452,47.95,0.452,0,0,0.0375,0.0375,21.65,0.0,27.1,23.1,1781033238556659290
1781033238685101537,43,0,8,0,true,0.0035,0.0,28,8192,0.451,0.451,47.95,0.451,0,0,0.0375,0.0375,21.65,0.0,27.1,23.1,1781033238664080123
1781033238781639679,43,0,8,0,true,0.0035,0.0001,28,8192,0.451,0.451,47.95,0.451,0,0,0.0374,0.0374,21.63,0.0,27.1,23.1,1781033238751474356
1781033238882022323,43,0,8,0,true,0.0035,0.0,28,8192,0.451,0.451,47.95,0.451,0,0,0.0375,0.0375,21.64,0.0,27.1,23.1,1781033238852172288
1781033238981733040,43,0,8,0,true,0.0035,0.0,28,8192,0.451,0.451,47.95,0.451,0,0,0.0375,0.0375,21.65,0.0,27.1,23.1,1781033238980730217
1781033239082046897,43,0,8,0,true,0.0035,0.0,28,8192,0.451,0.451,47.95,0.451,0,0,0.0375,0.0375,21.64,0.0,27.1,23.1,1781033239069928264
1781033239184842237,43,0,8,0,true,0.0035,0.0001,28,8192,0.451,0.451,47.95,0.451,0,0,0.0375,0.0375,21.64,0.0,27.1,23.1,1781033239177366231
1781033239281566346,43,0,8,0,true,0.0035,0.0,28,8192,0.451,0.451,47.95,0.451,0,0,0.0375,0.0375,21.64,0.0,27.1,23.1,1781033239264851693
1781033239384876741,43,0,8,0,true,0.0035,0.0,28,8192,0.451,0.451,47.95,0.451,0,0,0.0375,0.0375,21.65,0.0,27.1,23.1,1781033239361282056
1781033239484882826,43,0,8,0,true,0.0035,0.0002,28,8192,0.45,0.45,47.95,0.45,0,0,0.0373,0.0373,21.56,0.0,27.1,23.1,1781033239451217616
1781033239592865601,43,0,8,0,true,0.0035,0.0001,28,8192,0.451,0.451,47.95,0.451,0,0,0.0374,0.0374,21.63,0.0,27.1,23.1,1781033239568109549
1781033239694211553,43,0,8,0,true,0.0035,0.0001,28,8192,0.452,0.452,47.95,0.452,0,0,0.0375,0.0375,21.66,0.0,27.1,23.1,1781033239669660750
1781033239794180631,43,0,8,0,true,0.0035,0.0,28,8192,0.451,0.451,47.95,0.451,0,0,0.0375,0.0375,21.64,0.0,27.1,23.1,1781033239766118242
1781033239896897894,43,0,8,0,true,0.0035,0.0001,29,8192,0.451,0.451,47.95,0.451,0,0,0.0375,0.0375,21.64,0.0,27.1,23.1,1781033239854738683
1781033240000985503,43,0,8,0,true,0.0036,0.0,29,8192,0.451,0.451,47.95,0.451,0,0,0.0375,0.0375,21.64,0.0,27.1,23.1,1781033239991104847
1781033240102067574,43,0,8,0,true,0.0036,0.0,29,8192,0.452,0.452,47.95,0.452,0,0,0.0375,0.0375,21.65,0.0,27.1,23.1,1781033240097367048
1781033240204648828,43,0,8,0,true,0.0036,0.0,29,8192,0.452,0.452,47.95,0.452,0,0,0.0375,0.0375,21.65,0.0,27.1,23.1,1781033240200073761
1781033240304928568,43,0,8,0,true,0.0036,0.0,29,8192,0.452,0.452,47.95,0.452,0,0,0.0375,0.0375,21.65,0.0,27.1,23.1,1781033240296699879
1781033240402056259,43,0,8,0,true,0.0036,0.0001,29,8192,0.451,0.451,47.95,0.451,0,0,0.0374,0.0374,21.62,0.0,27.1,23.1,1781033240393131922
1781033240504140279,43,0,8,0,true,0.0036,0.0001,29,8192,0.451,0.451,47.95,0.451,0,0,0.0375,0.0375,21.64,0.0,27.1,23.1,1781033240488515601
1781033240604869345,43,0,8,0,true,0.0036,0.0,29,8192,0.452,0.452,47.95,0.452,0,0,0.0375,0.0375,21.66,0.0,27.1,23.1,1781033240598103148
1781033240701759551,43,0,8,0,true,0.0036,0.0,29,8192,0.451,0.451,47.95,0.451,0,0,0.0375,0.0375,21.64,0.0,27.1,23.1,1781033240699797954
1781033240805163927,43,0,8,0,true,0.0036,0.0001,29,8192,0.451,0.451,47.95,0.451,0,0,0.0375,0.0375,21.64,0.0,27.1,23.1,1781033240776667228
1781033240902235228,43,0,8,0,true,0.0036,0.0001,29,8192,0.451,0.451,47.95,0.451,0,0,0.0375,0.0375,21.64,0.0,27.1,23.1,1781033240882036981
1781033241001380028,43,0,8,0,true,0.0036,0.0001,29,8192,0.451,0.451,47.95,0.451,0,0,0.0374,0.0374,21.63,0.0,27.1,23.1,1781033240965442437
1781033241103923278,43,0,8,0,true,0.0036,0.0001,29,8192,0.451,0.451,47.95,0.451,0,0,0.0374,0.0374,21.62,0.0,27.1,23.1,1781033241092209244
1781033241202042208,43,0,8,0,true,0.0037,0.0,29,8192,0.451,0.451,47.95,0.451,0,0,0.0375,0.0375,21.64,0.0,27.1,23.1,1781033241193989287
1781033241304902132,43,0,8,0,true,0.0037,0.0001,30,8192,0.451,0.451,47.95,0.451,0,0,0.0374,0.0374,21.63,0.0,27.1,23.1,1781033241294070766
1781033241402293312,43,0,8,0,true,0.0037,0.0003,30,8192,0.451,0.451,47.95,0.451,0,0,0.0375,0.0375,21.65,0.0,27.1,23.1,1781033241400282667
1781033241502457149,43,0,8,0,true,0.0037,0.0001,30,8192,0.451,0.451,47.95,0.451,0,0,0.0374,0.0374,21.62,0.0,27.1,23.1,1781033241493190831
1781033241602259639,43,0,8,0,true,0.0037,0.0001,30,8192,0.451,0.451,47.95,0.451,0,0,0.0374,0.0374,21.62,0.0,27.1,23.1,1781033241593219790
1781033241702085513,43,0,8,0,true,0.0037,0.0,30,8192,0.451,0.451,47.95,0.451,0,0,0.0375,0.0375,21.64,0.0,27.1,23.1,1781033241692852784
1781033241804911665,43,0,8,0,true,0.0037,0.0,30,8192,0.451,0.451,47.95,0.451,0,0,0.0375,0.0375,21.65,0.0,27.1,23.1,1781033241791643103
1781033241902193869,43,0,8,0,true,0.0037,0.0001,30,8192,0.451,0.451,47.95,0.451,0,0,0.0374,0.0374,21.63,0.0,27.1,23.1,1781033241885730907
1781033242001706630,43,0,8,0,true,0.0037,0.0,30,8192,0.451,0.451,47.95,0.451,0,0,0.0374,0.0374,21.63,0.0,27.1,23.1,1781033241986570742
1781033242108868292,43,0,8,0,true,0.0038,0.0001,30,8192,0.451,0.451,47.95,0.451,0,0,0.0374,0.0374,21.62,0.0,27.1,23.1,1781033242090011009
1781033242210347821,43,0,8,0,true,0.0038,0.0002,30,8192,0.45,0.45,47.95,0.45,0,0,0.0374,0.0374,21.58,0.0,27.1,23.1,1781033242182013457
1781033242309962235,43,0,8,0,true,0.0038,0.0001,30,8192,0.451,0.451,47.95,0.451,0,0,0.0375,0.0375,21.64,0.0,27.1,23.1,1781033242305597507
1781033242413093664,43,0,8,0,true,0.0038,0.0,30,8192,0.451,0.451,47.95,0.451,0,0,0.0374,0.0374,21.63,0.0,27.1,23.1,1781033242396067991
1781033242509422809,43,0,8,0,true,0.0038,0.0002,31,8192,0.451,0.451,47.95,0.451,0,0,0.0374,0.0374,21.61,0.0,27.1,23.1,1781033242478386052
1781033242612904220,43,0,8,0,true,0.0038,0.0002,31,8192,0.45,0.45,47.95,0.45,0,0,0.0373,0.0373,21.56,0.0,27.1,23.1,1781033242602356192
1781033242710492453,43,0,8,0,true,0.0038,0.0001,31,8192,0.451,0.451,47.95,0.451,0,0,0.0374,0.0374,21.62,0.0,27.1,23.1,1781033242680083146
1781033242810023423,43,0,8,0,true,0.0038,0.0001,31,8192,0.451,0.451,47.95,0.451,0,0,0.0374,0.0374,21.63,0.0,27.1,23.1,1781033242768862779
1781033242912859513,43,0,8,0,true,0.0038,0.0001,31,8192,0.451,0.451,47.95,0.451,0,0,0.0374,0.0374,21.64,0.0,27.1,23.1,1781033242901346098
1781033243010446209,43,0,8,0,true,0.0038,0.0,31,8192,0.451,0.451,47.95,0.451,0,0,0.0374,0.0374,21.62,0.0,27.1,23.1,1781033243007604433
1781033243109648519,43,0,8,0,true,0.0039,0.0,31,8192,0.452,0.452,47.95,0.452,0,0,0.0375,0.0375,21.65,0.0,27.1,23.1,1781033243107864059
1781033243210141852,43,0,8,0,true,0.0039,0.0001,31,8192,0.451,0.451,47.95,0.451,0,0,0.0374,0.0374,21.61,0.0,27.1,23.1,1781033243193971214
1781033243316863879,43,0,8,0,true,0.0039,0.0,31,8192,0.451,0.451,47.95,0.451,0,0,0.0375,0.0375,21.64,0.0,27.2,23.2,1781033243288839093
1781033243424986724,43,0,8,0,true,0.0039,0.0001,31,8192,0.451,0.451,47.95,0.451,0,0,0.0374,0.0374,21.61,0.0,27.2,23.2,1781033243398233061
1781033243526133798,43,0,8,0,true,0.0039,0.0001,31,8192,0.451,0.451,47.95,0.451,0,0,0.0375,0.0375,21.64,0.0,27.2,23.2,1781033243500766062
1781033243628855465,43,0,8,0,true,0.0039,0.0,31,8192,0.451,0.451,47.95,0.451,0,0,0.0374,0.0374,21.63,0.0,27.2,23.2,1781033243613385503
1781033243726065852,43,0,8,0,true,0.0039,0.0003,32,8192,0.451,0.451,47.95,0.451,0,0,0.0375,0.0375,21.64,0.0,27.2,23.2,1781033243713338606
1781033243828890397,43,0,8,0,true,0.0039,0.0,32,8192,0.451,0.451,47.95,0.451,0,0,0.0375,0.0375,21.65,0.0,27.2,23.2,1781033243817386592
1781033243926326570,43,0,8,0,true,0.0039,0.0001,32,8192,0.451,0.451,47.95,0.451,0,0,0.0374,0.0374,21.61,0.0,27.2,23.2,1781033243898541234
1781033244026115685,43,0,8,0,true,0.0039,0.0,32,8192,0.451,0.451,47.95,0.451,0,0,0.0374,0.0374,21.62,0.0,27.2,23.2,1781033243997591498
1781033244126349319,43,0,8,0,true,0.0039,0.0001,32,8192,0.451,0.451,47.95,0.451,0,0,0.0374,0.0374,21.63,0.0,27.2,23.2,1781033244085382964
1781033244228878441,43,0,8,0,true,0.0039,0.0,32,8192,0.451,0.451,47.95,0.451,0,0,0.0374,0.0374,21.63,0.0,27.2,23.2,1781033244214537460
1781033244325725935,43,0,8,0,true,0.004,0.0,32,8192,0.451,0.451,47.95,0.451,0,0,0.0374,0.0374,21.63,0.0,27.2,23.2,1781033244319666325
1781033244426146499,43,0,8,0,true,0.004,0.0001,32,8192,0.451,0.451,47.95,0.451,0,0,0.0374,0.0374,21.6,0.0,27.2,23.2,1781033244420403869
1781033244526895737,43,0,8,0,true,0.004,0.0,32,8192,0.451,0.451,47.95,0.451,0,0,0.0374,0.0374,21.62,0.0,27.2,23.2,1781033244489253094
1781033244626067843,43,0,8,0,true,0.004,0.0002,32,8192,0.45,0.45,47.95,0.45,0,0,0.0374,0.0374,21.59,0.0,27.2,23.2,1781033244604271497
1781033244726189894,43,0,8,0,true,0.004,0.0,32,8192,0.451,0.451,47.95,0.451,0,0,0.0374,0.0374,21.62,0.0,27.2,23.2,1781033244699429946
1781033244828590953,43,0,8,0,true,0.004,0.0001,32,8192,0.451,0.451,47.95,0.451,0,0,0.0374,0.0374,21.6,0.0,27.2,23.2,1781033244801113522
1781033244932886058,43,0,8,0,true,0.004,0.0,32,8192,0.451,0.451,47.95,0.451,0,0,0.0374,0.0374,21.62,0.0,27.2,23.2,1781033244917755492
1781033245033388637,43,0,8,0,true,0.004,0.0002,32,8192,0.45,0.45,47.95,0.45,0,0,0.0373,0.0373,21.57,0.0,27.2,23.2,1781033245018233676
1781033245133537644,43,0,8,0,true,0.004,0.0001,33,8192,0.451,0.451,47.95,0.451,0,0,0.0374,0.0374,21.6,0.0,27.2,23.2,1781033245118866538
1781033245241083284,43,0,8,0,true,0.004,0.0,33,8192,0.451,0.451,47.95,0.451,0,0,0.0374,0.0374,21.62,0.0,27.2,23.2,1781033245230371333
1781033245347695380,43,0,8,0,true,0.004,0.0001,33,8192,0.45,0.45,47.95,0.45,0,0,0.0374,0.0374,21.6,0.0,27.2,23.2,1781033245337555681
1781033245448771115,43,0,8,0,true,0.0041,0.0001,33,8192,0.451,0.451,47.95,0.451,0,0,0.0374,0.0374,21.61,0.0,27.2,23.2,1781033245446328508
1781033245548604836,43,0,8,0,true,0.0041,0.0001,33,8192,0.451,0.451,47.95,0.451,0,0,0.0374,0.0374,21.61,0.0,27.2,23.2,1781033245541927750
1781033245648443608,43,0,8,0,true,0.0041,0.0,33,8192,0.451,0.451,47.95,0.451,0,0,0.0374,0.0374,21.62,0.0,27.2,23.2,1781033245633270070
1781033245749038391,43,0,8,0,true,0.0041,0.0,33,8192,0.451,0.451,47.95,0.451,0,0,0.0374,0.0374,21.61,0.0,27.2,23.2,1781033245737078008
1781033245848904008,43,0,8,0,true,0.0041,0.0001,33,8192,0.451,0.451,47.95,0.451,0,0,0.0374,0.0374,21.62,0.0,27.2,23.2,1781033245830420896
1781033245948864417,43,0,8,0,true,0.0041,0.0001,33,8192,0.451,0.451,47.95,0.451,0,0,0.0374,0.0374,21.63,0.0,27.2,23.2,1781033245940626395
1781033246056892845,43,0,8,0,true,0.0041,0.0001,33,8192,0.451,0.451,47.95,0.451,0,0,0.0374,0.0374,21.63,0.0,27.2,23.2,1781033246029574949
1781033246165060631,43,0,8,0,true,0.0041,0.0001,33,8192,0.451,0.451,47.95,0.451,0,0,0.0374,0.0374,21.62,0.0,27.2,23.2,1781033246154493997
1781033246268835540,43,0,8,0,true,0.0041,0.0,33,8192,0.451,0.451,47.95,0.451,0,0,0.0374,0.0374,21.62,0.0,27.2,23.2,1781033246264376209
1781033246368668385,43,0,8,0,true,0.0042,0.0,34,8192,0.451,0.451,47.95,0.451,0,0,0.0374,0.0374,21.61,0.0,27.2,23.2,1781033246352340379
1781033246467013047,43,0,8,0,true,0.0042,0.0,34,8192,0.451,0.451,47.95,0.451,0,0,0.0374,0.0374,21.61,0.0,27.2,23.2,1781033246444623557
1781033246565530241,43,0,8,0,true,0.0042,0.0002,34,8192,0.449,0.449,47.95,0.449,0,0,0.0373,0.0373,21.55,0.0,27.2,23.2,1781033246550865901
1781033246666888763,43,0,8,0,true,0.0042,0.0002,34,8192,0.45,0.45,47.95,0.45,0,0,0.0374,0.0374,21.6,0.0,27.2,23.2,1781033246642420367
1781033246768078635,43,0,8,0,true,0.0042,0.0,34,8192,0.451,0.451,47.95,0.451,0,0,0.0374,0.0374,21.62,0.0,27.2,23.2,1781033246750002877
1781033246868877954,43,0,8,0,true,0.0042,0.0001,34,8192,0.451,0.451,47.95,0.451,0,0,0.0374,0.0374,21.62,0.0,27.2,23.2,1781033246845930223
1781033246965962731,43,0,8,0,true,0.0042,0.0002,34,8192,0.449,0.449,47.95,0.449,0,0,0.0373,0.0373,21.55,0.0,27.2,23.2,1781033246953453169
1781033247066336095,43,0,8,0,true,0.0042,0.0,34,8192,0.451,0.451,47.95,0.451,0,0,0.0374,0.0374,21.62,0.0,27.2,23.2,1781033247041426334
1781033247166310446,43,0,8,0,true,0.0042,0.0001,34,8192,0.451,0.451,47.95,0.451,0,0,0.0374,0.0374,21.61,0.0,27.2,23.2,1781033247119673438
1781033247266059028,43,0,8,0,true,0.0043,0.0001,34,8192,0.451,0.451,47.95,0.451,0,0,0.0374,0.0374,21.61,0.0,27.2,23.2,1781033247249172129
1781033247368865278,43,0,8,0,true,0.0043,0.0,34,8192,0.451,0.451,47.95,0.451,0,0,0.0374,0.0374,21.62,0.0,27.2,23.2,1781033247333794082
1781033247465453875,43,0,8,0,true,0.0043,0.0001,35,8192,0.45,0.45,47.95,0.45,0,0,0.0374,0.0374,21.6,0.0,27.2,23.2,1781033247465138787
1781033247565956006,43,0,8,0,true,0.0043,0.0,35,8192,0.451,0.451,47.95,0.451,0,0,0.0374,0.0374,21.61,0.0,27.2,23.2,1781033247563606004
1781033247665709099,43,0,8,0,true,0.0043,0.0002,35,8192,0.45,0.45,47.95,0.45,0,0,0.0374,0.0374,21.59,0.0,27.2,23.2,1781033247663124029
1781033247768897162,43,0,8,0,true,0.0043,0.0,35,8192,0.451,0.451,47.95,0.451,0,0,0.0374,0.0374,21.61,0.0,27.2,23.2,1781033247744529703
1781033247865951965,43,0,8,0,true,0.0043,0.0,35,8192,0.451,0.451,47.95,0.451,0,0,0.0374,0.0374,21.62,0.0,27.2,23.2,1781033247851022339
1781033247967941817,43,0,8,0,true,0.0043,0.0,35,8192,0.451,0.451,47.95,0.451,0,0,0.0374,0.0374,21.62,0.0,27.2,23.2,1781033247967624280
1781033248072866554,43,0,8,0,true,0.0043,0.0002,35,8192,0.451,0.451,47.95,0.451,0,0,0.0374,0.0374,21.62,0.0,27.2,23.2,1781033248041505162
1781033248174459147,43,0,8,0,true,0.0043,0.0002,35,8192,0.45,0.45,47.95,0.45,0,0,0.0373,0.0373,21.57,0.0,27.2,23.2,1781033248170297554
1781033248276894567,43,0,8,0,true,0.0044,0.0001,35,8192,0.451,0.451,47.95,0.451,0,0,0.0374,0.0374,21.62,0.0,27.2,23.2,1781033248262044712
1781033248381040861,43,0,8,0,true,0.0044,0.0001,35,8192,0.451,0.451,47.95,0.451,0,0,0.0374,0.0374,21.61,0.0,27.2,23.2,1781033248346069734
1781033248485530994,43,0,8,0,true,0.0044,0.0001,35,8192,0.451,0.451,47.95,0.451,0,0,0.0374,0.0374,21.61,0.0,27.2,23.2,1781033248468593585
1781033248584872303,43,0,8,0,true,0.0044,0.0001,35,8192,0.451,0.451,47.95,0.451,0,0,0.0374,0.0374,21.62,0.0,27.2,23.2,1781033248569941823
1781033248681978062,43,0,8,0,true,0.0044,0.0,35,8192,0.451,0.451,47.95,0.451,0,0,0.0374,0.0374,21.61,0.0,27.2,23.2,1781033248654546121
1781033248781361500,43,0,8,0,true,0.0044,0.0001,36,8192,0.451,0.451,47.95,0.451,0,0,0.0374,0.0374,21.61,0.0,27.2,23.2,1781033248777101854
1781033248881380733,43,0,8,0,true,0.0044,0.0,36,8192,0.451,0.451,47.95,0.451,0,0,0.0374,0.0374,21.62,0.0,27.2,23.2,1781033248869658744
1781033248988896392,43,0,8,0,true,0.0044,0.0001,36,8192,0.451,0.451,47.95,0.451,0,0,0.0374,0.0374,21.61,0.0,27.2,23.2,1781033248955403803
1781033249091276935,43,0,8,0,true,0.0044,0.0001,36,8192,0.45,0.45,47.95,0.45,0,0,0.0374,0.0374,21.6,0.0,27.2,23.2,1781033249069694040
1781033249190431887,43,0,8,0,true,0.0045,0.0001,36,8192,0.45,0.45,47.95,0.45,0,0,0.0374,0.0374,21.6,0.0,27.2,23.2,1781033249178541023
1781033249290240564,43,0,8,0,true,0.0045,0.0001,36,8192,0.451,0.451,47.95,0.451,0,0,0.0374,0.0374,21.62,0.0,27.2,23.2,1781033249289153753
1781033249392866758,43,0,8,0,true,0.0045,0.0001,36,8192,0.451,0.451,47.95,0.451,0,0,0.0374,0.0374,21.62,0.0,27.2,23.2,1781033249369614898
1781033249492844984,43,0,8,0,true,0.0045,0.0001,36,8192,0.451,0.451,47.95,0.451,0,0,0.0374,0.0374,21.6,0.0,27.2,23.2,1781033249477744436
1781033249592913681,43,0,8,0,true,0.0045,0.0,36,8192,0.451,0.451,47.95,0.451,0,0,0.0374,0.0374,21.61,0.0,27.2,23.2,1781033249544210892
1781033249692922767,43,0,8,0,true,0.0045,0.0,36,8192,0.45,0.45,47.95,0.45,0,0,0.0374,0.0374,21.6,0.0,27.2,23.2,1781033249653209280
1781033249792872650,43,0,8,0,true,0.0045,0.0,36,8192,0.451,0.451,47.95,0.451,0,0,0.0374,0.0374,21.61,0.0,27.2,23.2,1781033249757361589
1781033249892884893,43,0,8,0,true,0.0045,0.0,37,8192,0.451,0.451,47.95,0.451,0,0,0.0374,0.0374,21.61,0.0,27.2,23.2,1781033249882018520
1781033249990751066,43,0,8,0,true,0.0045,0.0002,37,8192,0.45,0.45,47.95,0.45,0,0,0.0373,0.0373,21.56,0.0,27.2,23.2,1781033249989299572
1781033250090006266,43,0,8,0,true,0.0045,0.0003,37,8192,0.451,0.451,47.95,0.451,0,0,0.0374,0.0374,21.62,0.0,27.2,23.2,1781033250069287119
1781033250189550870,43,0,8,0,true,0.0045,0.0001,37,8192,0.45,0.45,47.95,0.45,0,0,0.0374,0.0374,21.59,0.0,27.2,23.2,1781033250185293596
1781033250293173187,43,0,8,0,true,0.0046,0.0,37,8192,0.451,0.451,47.95,0.451,0,0,0.0374,0.0374,21.61,0.0,27.2,23.2,1781033250262832882
1781033250390279387,43,0,8,0,true,0.0046,0.0,37,8192,0.451,0.451,47.95,0.451,0,0,0.0374,0.0374,21.63,0.0,27.2,23.2,1781033250351398134
1781033250490447124,43,0,8,0,true,0.0046,0.0,37,8192,0.451,0.451,47.95,0.451,0,0,0.0374,0.0374,21.61,0.0,27.2,23.2,1781033250481279302
1781033250589715345,43,0,8,0,true,0.0046,0.0001,37,8192,0.451,0.451,47.95,0.451,0,0,0.0374,0.0374,21.6,0.0,27.2,23.2,1781033250585576541
1781033250690189987,43,0,8,0,true,0.0046,0.0,37,8192,0.451,0.451,47.95,0.451,0,0,0.0374,0.0374,21.61,0.0,27.2,23.2,1781033250686071789
1781033250789891303,43,0,8,0,true,0.0046,0.0,37,8192,0.451,0.451,47.95,0.451,0,0,0.0374,0.0374,21.6,0.0,27.2,23.2,1781033250773543371
1781033250889509160,43,0,8,0,true,0.0046,0.0001,37,8192,0.451,0.451,47.95,0.451,0,0,0.0374,0.0374,21.6,0.0,27.2,23.2,1781033250885723446
1781033250991372561,43,0,8,0,true,0.0046,0.0,37,8192,0.451,0.451,47.95,0.451,0,0,0.0374,0.0374,21.6,0.0,27.2,23.2,1781033250972775691
1781033251096883488,43,0,8,0,true,0.0046,0.0,37,8192,0.451,0.451,47.95,0.451,0,0,0.0374,0.0374,21.6,0.0,27.2,23.2,1781033251067936844
1781033251197443525,43,0,8,0,true,0.0046,0.0001,37,8192,0.45,0.45,47.95,0.45,0,0,0.0374,0.0374,21.59,0.0,27.2,23.2,1781033251174550239
1781033251298113301,43,0,8,0,true,0.0046,0.0001,38,8192,0.451,0.451,47.95,0.451,0,0,0.0374,0.0374,21.61,0.0,27.2,23.2,1781033251287653313
1781033251398223073,43,0,8,0,true,0.0047,0.0001,38,8192,0.451,0.451,47.95,0.451,0,0,0.0374,0.0374,21.61,0.0,27.2,23.2,1781033251373458669
1781033251497904316,43,0,8,0,true,0.0047,0.0001,38,8192,0.451,0.451,47.95,0.451,0,0,0.0374,0.0374,21.61,0.0,27.2,23.2,1781033251482524701
1781033251600892024,43,0,8,0,true,0.0047,0.0,38,8192,0.451,0.451,47.95,0.451,0,0,0.0374,0.0374,21.61,0.0,27.2,23.2,1781033251599446830
1781033251698361792,43,0,8,0,true,0.0047,0.0001,38,8192,0.45,0.45,47.95,0.45,0,0,0.0374,0.0374,21.6,0.0,27.2,23.2,1781033251686155445
1781033251797748688,43,0,8,0,true,0.0047,0.0,38,8192,0.45,0.45,47.95,0.45,0,0,0.0374,0.0374,21.59,0.0,27.2,23.2,1781033251773227992
1781033251899265092,43,0,8,0,true,0.0047,0.0,38,8192,0.45,0.45,47.95,0.45,0,0,0.0374,0.0374,21.59,0.0,27.3,23.3,1781033251873291093
1781033251998156163,43,0,8,0,true,0.0047,0.0,38,8192,0.451,0.451,47.95,0.451,0,0,0.0374,0.0374,21.6,0.0,27.3,23.3,1781033251972182024
1781033252097721299,43,0,8,0,true,0.0047,0.0002,38,8192,0.449,0.449,47.95,0.449,0,0,0.0373,0.0373,21.54,0.0,27.3,23.3,1781033252071984693
1781033252201053859,43,0,8,0,true,0.0047,0.0001,38,8192,0.451,0.451,47.95,0.451,0,0,0.0374,0.0374,21.6,0.0,27.3,23.3,1781033252186326547
1781033252297478589,43,0,8,0,true,0.0048,0.0002,38,8192,0.451,0.451,47.95,0.451,0,0,0.0374,0.0374,21.61,0.0,27.3,23.3,1781033252289726340
1781033252397959567,43,0,8,0,true,0.0048,0.0001,39,8192,0.451,0.451,47.95,0.451,0,0,0.0374,0.0374,21.6,0.0,27.3,23.3,1781033252394574791
1781033252498182000,43,0,8,0,true,0.0048,0.0002,39,8192,0.449,0.449,47.95,0.449,0,0,0.0373,0.0373,21.55,0.0,27.3,23.3,1781033252480924062
1781033252601087073,43,0,8,0,true,0.0048,0.0001,39,8192,0.451,0.451,47.95,0.451,0,0,0.0374,0.0374,21.62,0.0,27.3,23.3,1781033252580379737
1781033252705052444,43,0,8,0,true,0.0048,0.0,39,8192,0.45,0.45,47.95,0.45,0,0,0.0374,0.0374,21.59,0.0,27.3,23.3,1781033252687973505
1781033252808830982,43,0,8,0,true,0.0048,0.0001,39,8192,0.451,0.451,47.95,0.451,0,0,0.0374,0.0374,21.6,0.0,27.3,23.3,1781033252805212461
1781033252908893414,43,0,8,0,true,0.0048,0.0002,39,8192,0.449,0.449,47.95,0.449,0,0,0.0373,0.0373,21.52,0.0,27.3,23.3,1781033252885663219
1781033253008873273,43,0,8,0,true,0.0048,0.0,39,8192,0.45,0.45,47.95,0.45,0,0,0.0374,0.0374,21.59,0.0,27.3,23.3,1781033252984329403
1781033253108882250,43,0,8,0,true,0.0048,0.0,39,8192,0.45,0.45,47.95,0.45,0,0,0.0374,0.0374,21.59,0.0,27.3,23.3,1781033253082422876
1781033253206721475,43,0,8,0,true,0.0049,0.0002,39,8192,0.45,0.45,47.95,0.45,0,0,0.0373,0.0373,21.57,0.0,27.3,23.3,1781033253175052320
1781033253312875419,43,0,8,0,true,0.0049,0.0001,39,8192,0.45,0.45,47.95,0.45,0,0,0.0374,0.0374,21.6,0.0,27.3,23.3,1781033253301222454
1781033253416935606,43,0,8,0,true,0.0049,0.0002,39,8192,0.45,0.45,47.95,0.45,0,0,0.0373,0.0373,21.57,0.0,27.3,23.3,1781033253388066286
1781033253516887970,43,0,8,0,true,0.0049,0.0001,39,8192,0.45,0.45,47.95,0.45,0,0,0.0373,0.0373,21.58,0.0,27.3,23.3,1781033253507915928
1781033253613392202,43,0,8,0,true,0.0049,0.0001,40,8192,0.45,0.45,47.95,0.45,0,0,0.0374,0.0374,21.6,0.0,27.3,23.3,1781033253595773402
1781033253714034626,43,0,8,0,true,0.0049,0.0001,40,8192,0.45,0.45,47.95,0.45,0,0,0.0374,0.0374,21.58,0.0,27.3,23.3,1781033253708503285
1781033253816880829,43,0,8,0,true,0.0049,0.0,40,8192,0.45,0.45,47.95,0.45,0,0,0.0374,0.0374,21.58,0.0,27.3,23.3,1781033253802335864
1781033253913553103,43,0,8,0,true,0.0049,0.0002,40,8192,0.449,0.449,47.95,0.449,0,0,0.0373,0.0373,21.52,0.0,27.3,23.3,1781033253905861597
1781033254014146540,43,0,8,0,true,0.0049,0.0002,40,8192,0.449,0.449,47.95,0.449,0,0,0.0373,0.0373,21.54,0.0,27.3,23.3,1781033253993519077
1781033254116889967,43,0,8,0,true,0.005,0.0002,40,8192,0.45,0.45,47.95,0.45,0,0,0.0373,0.0373,21.57,0.0,27.3,23.3,1781033254102687351
1781033254214441429,43,0,8,0,true,0.005,0.0001,40,8192,0.45,0.45,47.95,0.45,0,0,0.0374,0.0374,21.58,0.0,27.3,23.3,1781033254199815346
1781033254314301304,43,0,8,0,true,0.005,0.0001,40,8192,0.45,0.45,47.95,0.45,0,0,0.0374,0.0374,21.6,0.0,27.3,23.3,1781033254306420143
1781033254413435184,43,0,8,0,true,0.005,0.0,40,8192,0.451,0.451,47.95,0.451,0,0,0.0374,0.0374,21.61,0.0,27.3,23.3,1781033254385355593
1781033254516849885,43,0,8,0,true,0.005,0.0002,40,8192,0.451,0.451,47.95,0.451,0,0,0.0374,0.0374,21.6,0.0,27.3,23.3,1781033254510916618
1781033254613868867,43,0,8,0,true,0.005,0.0,41,8192,0.45,0.45,47.95,0.45,0,0,0.0374,0.0374,21.6,0.0,27.3,23.3,1781033254611569705
1781033254715277076,43,0,8,0,true,0.005,0.0001,41,8192,0.45,0.45,47.95,0.45,0,0,0.0373,0.0373,21.57,0.0,27.3,23.3,1781033254681175609
1781033254816862743,43,0,8,0,true,0.005,0.0001,41,8192,0.45,0.45,47.95,0.45,0,0,0.0373,0.0373,21.57,0.0,27.3,23.3,1781033254808284530
1781033254916877159,43,0,8,0,true,0.0051,0.0002,41,8192,0.449,0.449,47.95,0.449,0,0,0.0373,0.0373,21.52,0.0,27.3,23.3,1781033254901683069
1781033255014019082,43,0,8,0,true,0.0051,0.0002,41,8192,0.449,0.449,47.95,0.449,0,0,0.0373,0.0373,21.52,0.0,27.3,23.3,1781033254989873850
1781033255120987193,43,0,8,0,true,0.0051,0.0001,41,8192,0.45,0.45,47.95,0.45,0,0,0.0373,0.0373,21.57,0.0,27.3,23.3,1781033255097626983
1781033255221784006,43,0,8,0,true,0.0051,0.0001,41,8192,0.45,0.45,47.95,0.45,0,0,0.0374,0.0374,21.58,0.0,27.3,23.3,1781033255200716105
1781033255324520918,43,0,8,0,true,0.0051,0.0,41,8192,0.45,0.45,47.95,0.45,0,0,0.0374,0.0374,21.59,0.0,27.3,23.3,1781033255311180475
1781033255421858159,43,0,8,0,true,0.0051,0.0001,41,8192,0.45,0.45,47.95,0.45,0,0,0.0373,0.0373,21.57,0.0,27.3,23.3,1781033255393807680
1781033255524910209,43,0,8,0,true,0.0051,0.0002,42,8192,0.449,0.449,47.95,0.449,0,0,0.0373,0.0373,21.55,0.0,27.3,23.3,1781033255505505607
1781033255624905126,43,0,8,0,true,0.0051,0.0001,42,8192,0.451,0.451,47.95,0.451,0,0,0.0374,0.0374,21.61,0.0,27.3,23.3,1781033255602268041
1781033255722426556,43,0,8,0,true,0.0051,0.0003,42,8192,0.45,0.45,47.95,0.45,0,0,0.0374,0.0374,21.6,0.0,27.3,23.3,1781033255706514856
1781033255822121897,43,0,8,0,true,0.0052,0.0001,42,8192,0.45,0.45,47.95,0.45,0,0,0.0374,0.0374,21.59,0.0,27.3,23.3,1781033255814805823
1781033255924891628,43,0,8,0,true,0.0052,0.0001,42,8192,0.45,0.45,47.95,0.45,0,0,0.0374,0.0374,21.59,0.0,27.3,23.3,1781033255894575390
1781033256025687995,43,0,8,0,true,0.0052,0.0003,42,8192,0.45,0.45,47.95,0.45,0,0,0.0374,0.0374,21.6,0.0,27.3,23.3,1781033255985608452
1781033256124065291,43,0,8,0,true,0.0052,0.0003,42,8192,0.45,0.45,47.95,0.45,0,0,0.0374,0.0374,21.59,0.0,27.3,23.3,1781033256106409459
1781033256228879430,43,0,8,0,true,0.0052,0.0002,42,8192,0.45,0.45,47.95,0.45,0,0,0.0373,0.0373,21.56,0.0,27.3,23.3,1781033256200449389
1781033256329978093,43,0,8,0,true,0.0052,0.0001,42,8192,0.45,0.45,47.95,0.45,0,0,0.0373,0.0373,21.57,0.0,27.3,23.3,1781033256305148987
1781033256430129330,43,0,8,0,true,0.0052,0.0001,42,8192,0.45,0.45,47.95,0.45,0,0,0.0374,0.0374,21.59,0.0,27.3,23.3,1781033256422712235
1781033256529469251,43,0,8,0,true,0.0052,0.0001,42,8192,0.45,0.45,47.95,0.45,0,0,0.0374,0.0374,21.59,0.0,27.3,23.3,1781033256498344013
1781033256629669060,43,0,8,0,true,0.0053,0.0001,43,8192,0.45,0.45,47.95,0.45,0,0,0.0374,0.0374,21.58,0.0,27.3,23.3,1781033256627496464
1781033256732889972,43,0,8,0,true,0.0053,0.0001,43,8192,0.45,0.45,47.95,0.45,0,0,0.0374,0.0374,21.59,0.0,27.3,23.3,1781033256719347482
1781033256830151204,43,0,8,0,true,0.0053,0.0001,43,8192,0.45,0.45,47.95,0.45,0,0,0.0373,0.0373,21.56,0.0,27.3,23.3,1781033256809276759
1781033256932877340,43,0,8,0,true,0.0053,0.0,43,8192,0.45,0.45,47.95,0.45,0,0,0.0373,0.0373,21.57,0.0,27.3,23.3,1781033256913515284
1781033257032877194,43,0,8,0,true,0.0053,0.0,43,8192,0.451,0.451,47.95,0.451,0,0,0.0374,0.0374,21.6,0.0,27.3,23.3,1781033257013017615
1781033257132873004,43,0,8,0,true,0.0053,0.0002,43,8192,0.449,0.449,47.95,0.449,0,0,0.0373,0.0373,21.54,0.0,27.3,23.3,1781033257110657876
1781033257229493493,43,0,8,0,true,0.0053,0.0,43,8192,0.45,0.45,47.95,0.45,0,0,0.0374,0.0374,21.59,0.0,27.3,23.3,1781033257218978646
1781033257332921725,43,0,8,0,true,0.0053,0.0001,43,8192,0.45,0.45,47.95,0.45,0,0,0.0373,0.0373,21.56,0.0,27.3,23.3,1781033257303825678
1781033257429609765,43,0,8,0,true,0.0053,0.0,43,8192,0.45,0.45,47.95,0.45,0,0,0.0374,0.0374,21.58,0.0,27.3,23.3,1781033257404210763
1781033257532453455,43,0,8,0,true,0.0054,0.0,43,8192,0.45,0.45,47.95,0.45,0,0,0.0374,0.0374,21.58,0.0,27.3,23.3,1781033257517391715
1781033257632862584,43,0,8,0,true,0.0054,0.0002,44,8192,0.449,0.449,47.95,0.449,0,0,0.0372,0.0372,21.52,0.0,27.3,23.3,1781033257619781408
1781033257730962692,43,0,8,0,true,0.0054,0.0003,44,8192,0.448,0.448,47.95,0.448,0,0,0.0372,0.0372,21.5,0.0,27.3,23.3,1781033257726609044
1781033257830029945,43,0,8,0,true,0.0054,0.0002,44,8192,0.45,0.45,47.95,0.45,0,0,0.0373,0.0373,21.56,0.0,27.3,23.3,1781033257809622735
1781033257932875889,43,0,8,0,true,0.0054,0.0,44,8192,0.451,0.451,47.95,0.451,0,0,0.0374,0.0374,21.6,0.0,27.3,23.3,1781033257898532601
1781033258029840068,43,0,8,0,true,0.0054,0.0003,44,8192,0.45,0.45,47.95,0.45,0,0,0.0374,0.0374,21.59,0.0,27.3,23.3,1781033257997539560
1781033258130182971,43,0,8,0,true,0.0054,0.0,44,8192,0.45,0.45,47.95,0.45,0,0,0.0374,0.0374,21.6,0.0,27.3,23.3,1781033258104878444
1781033258230011904,43,0,8,0,true,0.0054,0.0,44,8192,0.45,0.45,47.95,0.45,0,0,0.0374,0.0374,21.58,0.0,27.3,23.3,1781033258213135907
1781033258335382147,43,0,8,0,true,0.0055,0.0002,44,8192,0.45,0.45,47.95,0.45,0,0,0.0373,0.0373,21.56,0.0,27.3,23.3,1781033258321306248
1781033258440657180,43,0,8,0,true,0.0055,0.0001,44,8192,0.45,0.45,47.95,0.45,0,0,0.0373,0.0373,21.56,0.0,27.3,23.3,1781033258433905041
1781033258548864078,43,0,8,0,true,0.0055,0.0002,44,8192,0.45,0.45,47.95,0.45,0,0,0.0374,0.0374,21.58,0.0,27.3,23.3,1781033258537586766
1781033258651361629,43,0,8,0,true,0.0055,0.0001,45,8192,0.45,0.45,47.95,0.45,0,0,0.0373,0.0373,21.56,0.0,27.3,23.3,1781033258622479608
1781033258751483316,43,0,8,0,true,0.0055,0.0,45,8192,0.45,0.45,47.95,0.45,0,0,0.0374,0.0374,21.58,0.0,27.3,23.3,1781033258745185341
1781033258849632992,43,0,8,0,true,0.0055,0.0002,45,8192,0.45,0.45,47.95,0.45,0,0,0.0373,0.0373,21.55,0.0,27.3,23.3,1781033258845743209
1781033258949685182,43,0,8,0,true,0.0055,0.0,45,8192,0.45,0.45,47.95,0.45,0,0,0.0373,0.0373,21.57,0.0,27.3,23.3,1781033258941576064
1781033259050133152,43,0,8,0,true,0.0056,0.0002,45,8192,0.449,0.449,47.95,0.449,0,0,0.0373,0.0373,21.54,0.0,27.3,23.3,1781033259037941377
1781033259149641972,43,0,8,0,true,0.0056,0.0,45,8192,0.45,0.45,47.95,0.45,0,0,0.0373,0.0373,21.57,0.0,27.3,23.3,1781033259145437032
1781033259256953669,43,0,8,0,true,0.0056,0.0,45,8192,0.45,0.45,47.95,0.45,0,0,0.0374,0.0374,21.58,0.0,27.3,23.3,1781033259228603643
1781033259358232116,43,0,8,0,true,0.0056,0.0001,45,8192,0.45,0.45,47.95,0.45,0,0,0.0373,0.0373,21.57,0.0,27.3,23.3,1781033259353850406
1781033259457420540,43,0,8,0,true,0.0056,0.0001,45,8192,0.45,0.45,47.95,0.45,0,0,0.0373,0.0373,21.58,0.0,27.3,23.3,1781033259424144159
1781033259565008780,43,0,8,0,true,0.0056,0.0,45,8192,0.45,0.45,47.95,0.45,0,0,0.0374,0.0374,21.58,0.0,27.3,23.3,1781033259551106669
1781033259668885386,43,0,8,0,true,0.0056,0.0001,46,8192,0.45,0.45,47.95,0.45,0,0,0.0374,0.0374,21.59,0.0,27.3,23.3,1781033259641919283
1781033259765532209,43,0,8,0,true,0.0056,0.0001,46,8192,0.45,0.45,47.95,0.45,0,0,0.0374,0.0374,21.59,0.0,27.3,23.3,1781033259719552670
1781033259868879664,43,0,8,0,true,0.0056,0.0,46,8192,0.45,0.45,47.95,0.45,0,0,0.0374,0.0374,21.58,0.0,27.3,23.3,1781033259861027081
1781033259967434138,43,0,8,0,true,0.0057,0.0001,46,8192,0.45,0.45,47.95,0.45,0,0,0.0374,0.0374,21.59,0.0,27.3,23.3,1781033259947019744
1781033260067440299,43,0,8,0,true,0.0057,0.0001,46,8192,0.45,0.45,47.95,0.45,0,0,0.0373,0.0373,21.56,0.0,27.3,23.3,1781033260056775927
1781033260169662330,43,0,8,0,true,0.0057,0.0001,46,8192,0.449,0.449,47.95,0.449,0,0,0.0373,0.0373,21.55,0.0,27.3,23.3,1781033260157977753
1781033260268870410,43,0,8,0,true,0.0057,0.0001,46,8192,0.45,0.45,47.95,0.45,0,0,0.0373,0.0373,21.57,0.0,27.3,23.3,1781033260248670149
1781033260366131000,43,0,8,0,true,0.0057,0.0,46,8192,0.45,0.45,47.95,0.45,0,0,0.0374,0.0374,21.59,0.0,27.3,23.3,1781033260354434838
1781033260466701457,43,0,8,0,true,0.0057,0.0,46,8192,0.45,0.45,47.95,0.45,0,0,0.0373,0.0373,21.57,0.0,27.3,23.3,1781033260441479335
1781033260566237517,43,0,8,0,true,0.0057,0.0,46,8192,0.45,0.45,47.95,0.45,0,0,0.0374,0.0374,21.59,0.0,27.3,23.3,1781033260537315907
1781033260665804217,43,0,8,0,true,0.0057,0.0001,47,8192,0.45,0.45,47.95,0.45,0,0,0.0373,0.0373,21.57,0.0,27.3,23.3,1781033260660345922
1781033260767376967,43,0,8,0,true,0.0058,0.0002,47,8192,0.449,0.449,47.95,0.449,0,0,0.0373,0.0373,21.54,0.0,27.3,23.3,1781033260734378041
1781033260868404127,43,0,8,0,true,0.0058,0.0002,47,8192,0.449,0.449,47.95,0.449,0,0,0.0372,0.0372,21.51,0.0,27.3,23.3,1781033260841406426
1781033260968902422,43,0,8,0,true,0.0058,0.0002,47,8192,0.449,0.449,47.95,0.449,0,0,0.0373,0.0373,21.55,0.0,27.3,23.3,1781033260938878018
1781033261068871513,43,0,8,0,true,0.0058,0.0001,47,8192,0.449,0.449,47.95,0.449,0,0,0.0373,0.0373,21.55,0.0,27.3,23.3,1781033261058852251
1781033261165953003,43,0,8,0,true,0.0058,0.0,47,8192,0.45,0.45,47.95,0.45,0,0,0.0373,0.0373,21.57,0.0,27.3,23.3,1781033261160695124
1781033261267640720,43,0,8,0,true,0.0058,0.0,47,8192,0.45,0.45,47.95,0.45,0,0,0.0373,0.0373,21.57,0.0,27.3,23.3,1781033261255420669
1781033261365486498,43,0,8,0,true,0.0058,0.0001,47,8192,0.449,0.449,47.95,0.449,0,0,0.0373,0.0373,21.54,0.0,27.3,23.3,1781033261348219676
1781033261468884098,43,0,8,0,true,0.0058,0.0001,47,8192,0.45,0.45,47.95,0.45,0,0,0.0373,0.0373,21.57,0.0,27.3,23.3,1781033261461388713
1781033261565923816,43,0,8,0,true,0.0058,0.0,47,8192,0.45,0.45,47.95,0.45,0,0,0.0373,0.0373,21.56,0.0,27.3,23.3,1781033261564050563
1781033261665714106,43,0,8,0,true,0.0059,0.0001,48,8192,0.449,0.449,47.95,0.449,0,0,0.0373,0.0373,21.54,0.0,27.3,23.3,1781033261664558758
1781033261772863422,43,0,8,0,true,0.0059,0.0003,48,8192,0.448,0.448,47.95,0.448,0,0,0.0372,0.0372,21.49,0.0,27.3,23.3,1781033261750473376
1781033261881283834,43,0,8,0,true,0.0059,0.0001,48,8192,0.449,0.449,47.95,0.449,0,0,0.0373,0.0373,21.55,0.0,27.3,23.3,1781033261879102176
1781033261982400819,43,0,8,0,true,0.0059,0.0003,48,8192,0.45,0.45,47.95,0.45,0,0,0.0373,0.0373,21.57,0.0,27.3,23.3,1781033261954855559
1781033262081589255,43,0,8,0,true,0.0059,0.0,48,8192,0.45,0.45,47.95,0.45,0,0,0.0374,0.0374,21.58,0.0,27.3,23.3,1781033262077563518
1781033262181513501,43,0,8,0,true,0.0059,0.0,48,8192,0.45,0.45,47.95,0.45,0,0,0.0373,0.0373,21.56,0.0,27.3,23.3,1781033262165897532
1781033262281466971,43,0,8,0,true,0.0059,0.0001,48,8192,0.45,0.45,47.95,0.45,0,0,0.0373,0.0373,21.57,0.0,27.3,23.3,1781033262281344823
1781033262381410321,43,0,8,0,true,0.006,0.0001,48,8192,0.45,0.45,47.95,0.45,0,0,0.0373,0.0373,21.57,0.0,27.3,23.3,1781033262361272092
1781033262481814189,43,0,8,0,true,0.006,0.0002,48,8192,0.449,0.449,47.95,0.449,0,0,0.0373,0.0373,21.54,0.0,27.3,23.3,1781033262482180964
1781033262581853059,43,0,8,0,true,0.006,0.0003,48,8192,0.45,0.45,47.95,0.45,0,0,0.0373,0.0373,21.57,0.0,27.3,23.3,1781033262562853612
1781033262682059832,43,0,8,0,true,0.006,0.0001,49,8192,0.45,0.45,47.95,0.45,0,0,0.0373,0.0373,21.56,0.0,27.3,23.3,1781033262668463952
1781033262782065608,43,0,8,0,true,0.006,0.0002,49,8192,0.449,0.449,47.95,0.449,0,0,0.0373,0.0373,21.53,0.0,27.3,23.3,1781033262764023903
1781033262881809284,43,0,8,0,true,0.006,0.0002,49,8192,0.45,0.45,47.95,0.45,0,0,0.0373,0.0373,21.57,0.0,27.3,23.3,1781033262868646092
1781033262981894702,43,0,8,0,true,0.006,0.0003,49,8192,0.448,0.448,47.95,0.448,0,0,0.0372,0.0372,21.48,0.0,27.3,23.3,1781033262969281584
1781033263081632253,43,0,8,0,true,0.006,0.0,49,8192,0.45,0.45,47.95,0.45,0,0,0.0373,0.0373,21.55,0.0,27.3,23.3,1781033263070078082
1781033263181634452,43,0,8,0,true,0.0061,0.0003,49,8192,0.45,0.45,47.95,0.45,0,0,0.0373,0.0373,21.57,0.0,27.3,23.3,1781033263170942665
1781033263282329029,43,0,8,0,true,0.0061,0.0002,49,8192,0.449,0.449,47.95,0.449,0,0,0.0373,0.0373,21.53,0.0,27.3,23.3,1781033263270723999
1781033263381524583,43,0,8,0,true,0.0061,0.0,49,8192,0.449,0.449,47.95,0.449,0,0,0.0373,0.0373,21.54,0.0,27.3,23.3,1781033263367429249
1781033263481678514,43,0,8,0,true,0.0061,0.0002,49,8192,0.45,0.45,47.95,0.45,0,0,0.0373,0.0373,21.56,0.0,27.3,23.3,1781033263468065151
1781033263581621079,43,0,8,0,true,0.0061,0.0001,49,8192,0.449,0.449,47.95,0.449,0,0,0.0373,0.0373,21.54,0.0,27.3,23.3,1781033263568887951
1781033263681749825,43,0,8,0,true,0.0061,0.0002,50,8192,0.449,0.449,47.95,0.449,0,0,0.0372,0.0372,21.51,0.0,27.3,23.3,1781033263668721120
1781033263783305055,43,0,8,0,true,0.0061,0.0002,50,8192,0.448,0.448,47.95,0.448,0,0,0.0372,0.0372,21.5,0.0,27.3,23.3,1781033263768045487
1781033263882332467,43,0,8,0,true,0.0061,0.0002,50,8192,0.45,0.45,47.95,0.45,0,0,0.0374,0.0374,21.58,0.0,27.3,23.3,1781033263868878159
1781033263982407555,43,0,8,0,true,0.0061,0.0,50,8192,0.45,0.45,47.95,0.45,0,0,0.0373,0.0373,21.57,0.0,27.3,23.3,1781033263969440868
1781033264082036949,43,0,8,0,true,0.0062,0.0005,50,8192,0.451,0.451,47.95,0.451,0,0,0.0374,0.0374,21.62,0.0,27.3,23.3,1781033264070316575
1781033264182098517,43,0,8,0,true,0.0062,0.0001,50,8192,0.453,0.453,47.95,0.453,0,0,0.0376,0.0376,21.71,0.0,27.3,23.3,1781033264171416006
1781033264282438977,43,0,8,0,true,0.0062,0.0003,50,8192,0.449,0.449,47.95,0.449,0,0,0.0373,0.0373,21.53,0.0,27.3,23.3,1781033264271780845
1781033264382022321,43,0,8,0,true,0.0062,0.0,51,8192,0.454,0.454,47.95,0.454,0,0,0.0377,0.0377,21.76,0.0,27.3,23.3,1781033264373130940
1781033264482101011,43,0,8,0,true,0.0063,0.0003,51,8192,0.454,0.454,47.95,0.454,0,0,0.0377,0.0377,21.76,0.0,27.3,23.3,1781033264472471135
1781033264581849363,43,0,8,0,true,0.0063,0.0004,51,8192,0.448,0.448,47.95,0.448,0,0,0.0372,0.0372,21.5,0.0,27.3,23.3,1781033264573594046
1781033264681970319,43,0,8,0,true,0.0063,0.0001,51,8192,0.454,0.454,47.95,0.454,0,0,0.0377,0.0377,21.78,0.0,27.3,23.3,1781033264675351390
1781033264781796259,43,0,8,0,true,0.0063,0.0001,51,8192,0.454,0.454,47.95,0.454,0,0,0.0376,0.0376,21.75,0.0,27.3,23.3,1781033264777195595
1781033264882104690,43,0,8,0,true,0.0064,0.0004,52,8192,0.449,0.449,47.95,0.449,0,0,0.0373,0.0373,21.53,0.0,27.3,23.3,1781033264880753203
1781033264982210510,43,0,8,0,true,0.0064,0.0,52,8192,0.454,0.454,47.95,0.454,0,0,0.0377,0.0377,21.77,0.0,27.3,23.3,1781033264975559530
1781033265081521234,43,0,8,0,true,0.0064,0.0001,52,8192,0.452,0.452,47.95,0.452,0,0,0.0375,0.0375,21.68,0.0,27.3,23.3,1781033265081325407
1781033265181475323,43,0,8,0,true,0.0064,0.0,52,8192,0.453,0.453,47.95,0.453,0,0,0.0376,0.0376,21.71,0.0,27.3,23.3,1781033265181901344
1781033265281506343,43,0,8,0,true,0.0064,0.0002,52,8192,0.454,0.454,47.95,0.454,0,0,0.0377,0.0377,21.79,0.0,27.3,23.3,1781033265277544709
1781033265381685335,43,0,8,0,true,0.0065,0.0,52,8192,0.454,0.454,47.95,0.454,0,0,0.0377,0.0377,21.78,0.0,27.3,23.3,1781033265378744700
1781033265481755405,43,0,8,0,true,0.0065,0.0001,53,8192,0.455,0.455,47.95,0.455,0,0,0.0377,0.0377,21.8,0.0,27.3,23.3,1781033265478090372
1781033265581646570,43,0,8,0,true,0.0065,0.0003,53,8192,0.455,0.455,47.95,0.455,0,0,0.0377,0.0377,21.79,0.0,27.3,23.3,1781033265558594285
1781033265681681037,43,0,8,0,true,0.0065,0.0001,53,8192,0.454,0.454,47.95,0.454,0,0,0.0377,0.0377,21.76,0.0,27.3,23.3,1781033265679399269
1781033265782090669,43,0,8,0,true,0.0066,0.0004,53,8192,0.455,0.455,47.95,0.455,0,0,0.0377,0.0377,21.79,0.0,27.3,23.3,1781033265780227017
1781033265882431875,43,0,8,0,true,0.0066,0.0001,53,8192,0.452,0.452,47.95,0.452,0,0,0.0375,0.0375,21.69,0.0,27.3,23.3,1781033265881006125
1781033265982032765,43,0,8,0,true,0.0066,0.0003,54,8192,0.451,0.451,47.95,0.451,0,0,0.0374,0.0374,21.61,0.0,27.3,23.3,1781033265980364837
1781033266082236398,43,0,8,0,true,0.0066,0.0003,54,8192,0.451,0.451,47.95,0.451,0,0,0.0374,0.0374,21.61,0.0,27.3,23.3,1781033266080761820
1781033266182267454,43,0,8,0,true,0.0066,0.0001,54,8192,0.454,0.454,47.95,0.454,0,0,0.0377,0.0377,21.77,0.0,27.3,23.3,1781033266180752154
1781033266281388913,43,0,8,0,true,0.0067,0.0001,54,8192,0.452,0.452,47.95,0.452,0,0,0.0375,0.0375,21.69,0.0,27.3,23.3,1781033266281310297
1781033266381502660,43,0,8,0,true,0.0067,0.0001,54,8192,0.455,0.455,47.95,0.455,0,0,0.0377,0.0377,21.81,0.0,27.3,23.3,1781033266367215994
1781033266482111576,43,0,8,0,true,0.0067,0.0003,54,8192,0.455,0.455,47.95,0.455,0,0,0.0378,0.0378,21.81,0.0,27.3,23.3,1781033266464307000
1781033266581489921,43,0,8,0,true,0.0067,0.0001,55,8192,0.454,0.454,47.95,0.454,0,0,0.0377,0.0377,21.77,0.0,27.3,23.3,1781033266564709539
1781033266681895396,43,0,8,0,true,0.0068,0.0003,55,8192,0.454,0.454,47.95,0.454,0,0,0.0377,0.0377,21.79,0.0,27.3,23.3,1781033266669155554
1781033266782522634,43,0,8,0,true,0.0068,0.0001,55,8192,0.455,0.455,47.95,0.455,0,0,0.0378,0.0378,21.81,0.0,27.3,23.3,1781033266765370118
1781033266881945966,43,0,8,0,true,0.0068,0.0003,55,8192,0.455,0.455,47.95,0.455,0,0,0.0378,0.0378,21.81,0.0,27.3,23.3,1781033266866468327
1781033266982002661,43,0,8,0,true,0.0068,0.0,55,8192,0.453,0.453,47.95,0.453,0,0,0.0376,0.0376,21.74,0.0,27.3,23.3,1781033266967325095
1781033267082099722,43,0,8,0,true,0.0068,0.0003,56,8192,0.455,0.455,47.95,0.455,0,0,0.0378,0.0378,21.81,0.0,27.3,23.3,1781033267066303672
1781033267182052694,43,0,8,0,true,0.0069,0.0004,56,8192,0.45,0.45,47.95,0.45,0,0,0.0374,0.0374,21.58,0.0,27.4,23.4,1781033267167073425
1781033267282747933,43,0,8,0,true,0.0069,0.0001,56,8192,0.452,0.452,47.95,0.452,0,0,0.0376,0.0376,21.69,0.0,27.4,23.4,1781033267266713422
1781033267382422749,43,0,8,0,true,0.0069,0.0004,56,8192,0.45,0.45,47.95,0.45,0,0,0.0374,0.0374,21.59,0.0,27.4,23.4,1781033267372679382
1781033267482155317,43,0,8,0,true,0.0069,0.0002,56,8192,0.454,0.454,47.95,0.454,0,0,0.0377,0.0377,21.76,0.0,27.4,23.4,1781033267472582366
1781033267581533332,43,0,8,0,true,0.007,0.0002,57,8192,0.455,0.455,47.95,0.455,0,0,0.0378,0.0378,21.83,0.0,27.4,23.4,1781033267572824100
1781033267681679798,43,0,8,0,true,0.007,0.0003,57,8192,0.455,0.455,47.95,0.455,0,0,0.0378,0.0378,21.84,0.0,27.4,23.4,1781033267671015140
1781033267781643085,43,0,8,0,true,0.007,0.0003,57,8192,0.451,0.451,47.95,0.451,0,0,0.0375,0.0375,21.64,0.0,27.4,23.4,1781033267768917315
1781033267881892967,43,0,8,0,true,0.007,0.0,57,8192,0.455,0.455,47.95,0.455,0,0,0.0378,0.0378,21.82,0.0,27.4,23.4,1781033267872210377
1781033267981573595,43,0,8,0,true,0.0071,0.0003,57,8192,0.455,0.455,47.95,0.455,0,0,0.0378,0.0378,21.81,0.0,27.4,23.4,1781033267969781072
1781033268082066931,43,0,8,0,true,0.0071,0.0004,58,8192,0.45,0.45,47.95,0.45,0,0,0.0374,0.0374,21.59,0.0,27.4,23.4,1781033268075072191
1781033268182422791,43,0,8,0,true,0.0071,0.0003,58,8192,0.452,0.452,47.95,0.452,0,0,0.0375,0.0375,21.65,0.0,27.4,23.4,1781033268171835496
1781033268281531627,43,0,8,0,true,0.0071,0.0001,58,8192,0.455,0.455,47.95,0.455,0,0,0.0378,0.0378,21.81,0.0,27.4,23.4,1781033268271873227
1781033268382398526,43,0,8,0,true,0.0071,0.0003,58,8192,0.456,0.456,47.95,0.456,0,0,0.0378,0.0378,21.85,0.0,27.4,23.4,1781033268373727245
1781033268482407200,43,0,8,0,true,0.0072,0.0001,58,8192,0.456,0.456,47.95,0.456,0,0,0.0378,0.0378,21.84,0.0,27.4,23.4,1781033268473785022
1781033268581715258,43,0,8,0,true,0.0072,0.0003,58,8192,0.451,0.451,47.95,0.451,0,0,0.0374,0.0374,21.62,0.0,27.4,23.4,1781033268574798684
1781033268681799748,43,0,8,0,true,0.0072,0.0001,59,8192,0.455,0.455,47.95,0.455,0,0,0.0378,0.0378,21.82,0.0,27.4,23.4,1781033268679413542
1781033268781744398,43,0,8,0,true,0.0072,0.0001,59,8192,0.455,0.455,47.95,0.455,0,0,0.0378,0.0378,21.82,0.0,27.4,23.4,1781033268780463509
1781033268881406917,43,0,8,0,true,0.0073,0.0,59,8192,0.456,0.456,47.95,0.456,0,0,0.0378,0.0378,21.84,0.0,27.4,23.4,1781033268881674793
1781033268981452195,43,0,8,0,true,0.0073,0.0001,59,8192,0.455,0.455,47.95,0.455,0,0,0.0378,0.0378,21.82,0.0,27.4,23.4,1781033268981468801
1781033269081489940,43,0,8,0,true,0.0073,0.0002,59,8192,0.452,0.452,47.95,0.452,0,0,0.0375,0.0375,21.68,0.0,27.4,23.4,1781033269060862709
1781033269181411455,43,0,8,0,true,0.0073,0.0,59,8192,0.455,0.455,47.95,0.455,0,0,0.0378,0.0378,21.83,0.0,27.4,23.4,1781033269181287083
1781033269282625128,43,0,8,0,true,0.0073,0.0002,60,8192,0.456,0.456,47.95,0.456,0,0,0.0378,0.0378,21.85,0.0,27.4,23.4,1781033269262086065
1781033269381906567,43,0,8,0,true,0.0074,0.0003,60,8192,0.456,0.456,47.95,0.456,0,0,0.0378,0.0378,21.84,0.0,27.4,23.4,1781033269377849208
1781033269482175975,43,0,8,0,true,0.0074,0.0004,60,8192,0.45,0.45,47.95,0.45,0,0,0.0374,0.0374,21.58,0.0,27.4,23.4,1781033269478278314
1781033269582269720,43,0,8,0,true,0.0074,0.0003,60,8192,0.456,0.456,47.95,0.456,0,0,0.0378,0.0378,21.85,0.0,27.4,23.4,1781033269563652767
1781033269682392209,43,0,8,0,true,0.0074,0.0001,61,8192,0.453,0.453,47.95,0.453,0,0,0.0376,0.0376,21.74,0.0,27.4,23.4,1781033269680052102
1781033269782743032,43,0,8,0,true,0.0075,0.0002,61,8192,0.453,0.453,47.95,0.453,0,0,0.0376,0.0376,21.72,0.0,27.4,23.4,1781033269782034699
1781033269881708015,43,0,8,0,true,0.0075,0.0003,61,8192,0.452,0.452,47.95,0.452,0,0,0.0375,0.0375,21.67,0.0,27.4,23.4,1781033269862133450
1781033269981381292,43,0,8,0,true,0.0075,0.0001,61,8192,0.455,0.455,47.95,0.455,0,0,0.0378,0.0378,21.84,0.0,27.4,23.4,1781033269981243196
1781033270082448926,43,0,8,0,true,0.0075,0.0004,61,8192,0.456,0.456,47.95,0.456,0,0,0.0378,0.0378,21.85,0.0,27.4,23.4,1781033270068521899
1781033270184429883,43,0,8,0,true,0.0075,0.0,61,8192,0.454,0.454,47.95,0.454,0,0,0.0377,0.0377,21.79,0.0,27.4,23.4,1781033270166574799
1781033270282996541,43,0,8,0,true,0.0075,0.0003,61,8192,0.456,0.456,47.95,0.456,0,0,0.0378,0.0378,21.85,0.0,27.4,23.4,1781033270265478053
1781033270382093781,43,0,8,0,true,0.0076,0.0001,61,8192,0.456,0.456,47.95,0.456,0,0,0.0378,0.0378,21.85,0.0,27.4,23.4,1781033270366017824
1781033270481536672,43,0,8,0,true,0.0076,0.0003,62,8192,0.456,0.456,47.95,0.456,0,0,0.0378,0.0378,21.85,0.0,27.4,23.4,1781033270466460000
1781033270581919494,43,0,8,0,true,0.0076,0.0004,62,8192,0.451,0.451,47.95,0.451,0,0,0.0374,0.0374,21.61,0.0,27.4,23.4,1781033270569018174
1781033270684863147,43,0,8,0,true,0.0076,0.0001,62,8192,0.456,0.456,47.95,0.456,0,0,0.0378,0.0378,21.85,0.0,27.4,23.4,1781033270670012623
1781033270781644708,43,0,8,0,true,0.0077,0.0002,62,8192,0.456,0.456,47.95,0.456,0,0,0.0378,0.0378,21.85,0.0,27.4,23.4,1781033270773120077
1781033270882101624,43,0,8,0,true,0.0077,0.0003,62,8192,0.452,0.452,47.95,0.452,0,0,0.0375,0.0375,21.67,0.0,27.4,23.4,1781033270875341510
1781033270982059819,43,0,8,0,true,0.0077,0.0004,63,8192,0.456,0.456,47.95,0.456,0,0,0.0378,0.0378,21.86,0.0,27.4,23.4,1781033270975408224
1781033271081896476,43,0,8,0,true,0.0077,0.0003,63,8192,0.456,0.456,47.95,0.456,0,0,0.0378,0.0378,21.85,0.0,27.4,23.4,1781033271071856315
1781033271182004714,43,0,8,0,true,0.0078,0.0003,63,8192,0.456,0.456,47.95,0.456,0,0,0.0378,0.0378,21.86,0.0,27.4,23.4,1781033271173073480
1781033271282475730,43,0,8,0,true,0.0078,0.0,63,8192,0.456,0.456,47.95,0.456,0,0,0.0378,0.0378,21.85,0.0,27.4,23.4,1781033271272658167
1781033271381581589,43,0,8,0,true,0.0078,0.0,63,8192,0.456,0.456,47.95,0.456,0,0,0.0378,0.0378,21.86,0.0,27.4,23.4,1781033271374565632
1781033271482241448,43,0,8,0,true,0.0078,0.0002,64,8192,0.456,0.456,47.95,0.456,0,0,0.0378,0.0378,21.86,0.0,27.4,23.4,1781033271474233154
1781033271581774147,43,0,8,0,true,0.0079,0.0004,64,8192,0.456,0.456,47.95,0.456,0,0,0.0378,0.0378,21.85,0.0,27.4,23.4,1781033271577122033
1781033271682290325,43,0,8,0,true,0.0079,0.0003,64,8192,0.456,0.456,47.95,0.456,0,0,0.0378,0.0378,21.85,0.0,27.4,23.4,1781033271677202516
1781033271784400737,43,0,8,0,true,0.0079,0.0001,64,8192,0.456,0.456,47.94,0.456,0,0,0.0378,0.0378,21.85,0.0,27.4,23.4,1781033271761802166
1781033271881613711,43,0,8,0,true,0.0079,0.0002,64,8192,0.456,0.456,47.94,0.456,0,0,0.0378,0.0378,21.86,0.0,27.4,23.4,1781033271877363660
1781033271982152481,43,0,8,0,true,0.0079,0.0001,65,8192,0.455,0.455,47.94,0.455,0,0,0.0378,0.0378,21.82,0.0,27.4,23.4,1781033271979145439
1781033272083223493,43,0,8,0,true,0.008,0.0,65,8192,0.456,0.456,47.94,0.456,0,0,0.0378,0.0378,21.86,0.0,27.4,23.4,1781033272061974207
1781033272182351232,43,0,8,0,true,0.008,0.0001,65,8192,0.454,0.454,47.94,0.454,0,0,0.0377,0.0377,21.78,0.0,27.4,23.4,1781033272168545342
1781033272282160222,43,0,8,0,true,0.008,0.0003,65,8192,0.456,0.456,47.94,0.456,0,0,0.0378,0.0378,21.85,0.0,27.4,23.4,1781033272268338192
1781033272381838018,43,0,8,0,true,0.008,0.0002,65,8192,0.456,0.456,47.94,0.456,0,0,0.0378,0.0378,21.85,0.0,27.4,23.4,1781033272368462355
1781033272483639575,43,0,8,0,true,0.0081,0.0001,66,8192,0.456,0.456,47.94,0.456,0,0,0.0378,0.0378,21.86,0.0,27.4,23.4,1781033272464968828
1781033272581650469,43,0,8,0,true,0.0081,0.0003,66,8192,0.456,0.456,47.94,0.456,0,0,0.0378,0.0378,21.85,0.0,27.4,23.4,1781033272565915514
1781033272682181065,43,0,8,0,true,0.0081,0.0,66,8192,0.456,0.456,47.94,0.456,0,0,0.0378,0.0378,21.86,0.0,27.4,23.4,1781033272667736894
1781033272782104156,43,0,8,0,true,0.0081,0.0003,66,8192,0.456,0.456,47.94,0.456,0,0,0.0378,0.0378,21.86,0.0,27.4,23.4,1781033272764691699
1781033272881632949,43,0,8,0,true,0.0081,0.0003,66,8192,0.456,0.456,47.94,0.456,0,0,0.0378,0.0378,21.86,0.0,27.4,23.4,1781033272866151981
1781033272982308449,43,0,8,0,true,0.0082,0.0002,66,8192,0.456,0.456,47.94,0.456,0,0,0.0378,0.0378,21.86,0.0,27.4,23.4,1781033272971487817
1781033273081475665,43,0,8,0,true,0.0082,0.0,66,8192,0.455,0.455,47.94,0.455,0,0,0.0378,0.0378,21.81,0.0,27.4,23.4,1781033273072562880
1781033273182323845,43,0,8,0,true,0.0082,0.0002,67,8192,0.453,0.453,47.94,0.453,0,0,0.0376,0.0376,21.74,0.0,27.4,23.4,1781033273173494986
1781033273284872540,43,0,8,0,true,0.0082,0.0002,67,8192,0.453,0.453,47.94,0.453,0,0,0.0376,0.0376,21.73,0.0,27.4,23.4,1781033273272243909
1781033273381862466,43,0,8,0,true,0.0083,0.0002,67,8192,0.454,0.454,47.94,0.454,0,0,0.0377,0.0377,21.75,0.0,27.4,23.4,1781033273355564917
1781033273481755830,43,0,8,0,true,0.0083,0.0002,67,8192,0.456,0.456,47.94,0.456,0,0,0.0378,0.0378,21.84,0.0,27.4,23.4,1781033273477027791
1781033273582387152,43,0,8,0,true,0.0083,0.0003,68,8192,0.453,0.453,47.94,0.453,0,0,0.0376,0.0376,21.71,0.0,27.4,23.4,1781033273577611852
1781033273682057339,43,0,8,0,true,0.0083,0.0001,68,8192,0.454,0.454,47.94,0.454,0,0,0.0377,0.0377,21.78,0.0,27.4,23.4,1781033273678551155
1781033273782379447,43,0,8,0,true,0.0084,0.0002,68,8192,0.453,0.453,47.94,0.453,0,0,0.0376,0.0376,21.73,0.0,27.4,23.4,1781033273778831526
1781033273882090427,43,0,8,0,true,0.0084,0.0002,68,8192,0.456,0.456,47.94,0.456,0,0,0.0379,0.0379,21.87,0.0,27.4,23.4,1781033273880314064
1781033273982629705,43,0,8,0,true,0.0084,0.0002,68,8192,0.453,0.453,47.94,0.453,0,0,0.0376,0.0376,21.74,0.0,27.4,23.4,1781033273964924559
1781033274082194664,43,0,8,0,true,0.0084,0.0004,68,8192,0.456,0.456,47.94,0.456,0,0,0.0378,0.0378,21.86,0.0,27.4,23.4,1781033274065591392
1781033274182375084,43,0,8,0,true,0.0084,0.0002,68,8192,0.454,0.454,47.94,0.454,0,0,0.0377,0.0377,21.75,0.0,27.4,23.4,1781033274167680932
1781033274281595019,43,0,8,0,true,0.0084,0.0002,69,8192,0.456,0.456,47.94,0.456,0,0,0.0379,0.0379,21.86,0.0,27.4,23.4,1781033274282108227
1781033274382183903,43,0,8,0,true,0.0084,0.0002,69,8192,0.456,0.456,47.94,0.456,0,0,0.0379,0.0379,21.87,0.0,27.4,23.4,1781033274363409991
1781033274481884666,43,0,8,0,true,0.0085,0.0002,69,8192,0.456,0.456,47.94,0.456,0,0,0.0378,0.0378,21.86,0.0,27.4,23.4,1781033274464978472
1781033274582438097,43,0,8,0,true,0.0085,0.0005,69,8192,0.451,0.451,47.94,0.451,0,0,0.0375,0.0375,21.64,0.0,27.4,23.4,1781033274568865330
1781033274681772479,43,0,8,0,true,0.0085,0.0002,69,8192,0.456,0.456,47.94,0.456,0,0,0.0378,0.0378,21.85,0.0,27.4,23.4,1781033274667007882
1781033274782105498,43,0,8,0,true,0.0085,0.0003,69,8192,0.456,0.456,47.94,0.456,0,0,0.0378,0.0378,21.86,0.0,27.4,23.4,1781033274765927524
1781033274882010598,43,0,8,0,true,0.0085,0.0002,70,8192,0.454,0.454,47.94,0.454,0,0,0.0377,0.0377,21.77,0.0,27.4,23.4,1781033274865878112
1781033274981861483,43,0,8,0,true,0.0086,0.0002,70,8192,0.454,0.454,47.94,0.454,0,0,0.0377,0.0377,21.76,0.0,27.4,23.4,1781033274968027806
1781033275082250648,43,0,8,0,true,0.0086,0.0003,70,8192,0.456,0.456,47.94,0.456,0,0,0.0378,0.0378,21.86,0.0,27.4,23.4,1781033275066454097
1781033275181865311,43,0,8,0,true,0.0086,0.0002,70,8192,0.454,0.454,47.94,0.454,0,0,0.0377,0.0377,21.77,0.0,27.4,23.4,1781033275172303518
1781033275282132666,43,0,8,0,true,0.0086,0.0003,70,8192,0.456,0.456,47.94,0.456,0,0,0.0379,0.0379,21.87,0.0,27.4,23.4,1781033275271398592
1781033275381586134,43,0,8,0,true,0.0086,0.0001,70,8192,0.456,0.456,47.94,0.456,0,0,0.0379,0.0379,21.88,0.0,27.4,23.4,1781033275372861242
1781033275482308138,43,0,8,0,true,0.0087,0.0004,70,8192,0.456,0.456,47.94,0.456,0,0,0.0379,0.0379,21.86,0.0,27.4,23.4,1781033275468714785
1781033275582211648,43,0,8,0,true,0.0087,0.0,70,8192,0.456,0.456,47.94,0.456,0,0,0.0379,0.0379,21.88,0.0,27.4,23.4,1781033275570643201
1781033275681849623,43,0,8,0,true,0.0087,0.0001,71,8192,0.455,0.455,47.94,0.455,0,0,0.0377,0.0377,21.8,0.0,27.4,23.4,1781033275676351690
1781033275782297775,43,0,8,0,true,0.0087,0.0,71,8192,0.456,0.456,47.94,0.456,0,0,0.0379,0.0379,21.88,0.0,27.4,23.4,1781033275775662814
1781033275881502252,43,0,8,0,true,0.0087,0.0001,71,8192,0.454,0.454,47.94,0.454,0,0,0.0377,0.0377,21.79,0.0,27.4,23.4,1781033275876817854
1781033275982133293,43,0,8,0,true,0.0087,0.0002,71,8192,0.456,0.456,47.94,0.456,0,0,0.0379,0.0379,21.87,0.0,27.4,23.4,1781033275972436751
1781033276082093143,43,0,8,0,true,0.0088,0.0002,71,8192,0.454,0.454,47.94,0.454,0,0,0.0377,0.0377,21.76,0.0,27.4,23.4,1781033276073823212
1781033276182258217,43,0,8,0,true,0.0088,0.0,71,8192,0.456,0.456,47.94,0.456,0,0,0.0379,0.0379,21.88,0.0,27.4,23.4,1781033276177741672
1781033276282737268,43,0,8,0,true,0.0088,0.0001,71,8192,0.456,0.456,47.94,0.456,0,0,0.0379,0.0379,21.89,0.0,27.4,23.4,1781033276278192603
1781033276382114293,43,0,8,0,true,0.0088,0.0003,72,8192,0.456,0.456,47.94,0.456,0,0,0.0379,0.0379,21.87,0.0,27.4,23.4,1781033276379806871
1781033276481445905,43,0,8,0,true,0.0088,0.0002,72,8192,0.456,0.456,47.94,0.456,0,0,0.0379,0.0379,21.88,0.0,27.4,23.4,1781033276481030521
1781033276582346216,43,0,8,0,true,0.0088,0.0,72,8192,0.456,0.456,47.94,0.456,0,0,0.0379,0.0379,21.88,0.0,27.4,23.4,1781033276577365360
1781033276681673193,43,0,8,0,true,0.0089,0.0002,72,8192,0.454,0.454,47.94,0.454,0,0,0.0377,0.0377,21.77,0.0,27.4,23.4,1781033276677019828
1781033276781713609,43,0,8,0,true,0.0089,0.0002,72,8192,0.456,0.456,47.94,0.456,0,0,0.0379,0.0379,21.87,0.0,27.4,23.4,1781033276779196923
1781033276882304280,43,0,8,0,true,0.0089,0.0002,72,8192,0.454,0.454,47.94,0.454,0,0,0.0377,0.0377,21.78,0.0,27.4,23.4,1781033276864439495
1781033276981696749,43,0,8,0,true,0.0089,0.0004,73,8192,0.453,0.453,47.94,0.453,0,0,0.0376,0.0376,21.7,0.0,27.4,23.4,1781033276965003272
1781033277081511084,43,0,8,0,true,0.0089,0.0002,73,8192,0.456,0.456,47.94,0.456,0,0,0.0379,0.0379,21.88,0.0,27.4,23.4,1781033277064903382
1781033277182011155,43,0,8,0,true,0.009,0.0003,73,8192,0.456,0.456,47.94,0.456,0,0,0.0379,0.0379,21.87,0.0,27.4,23.4,1781033277166477957
1781033277282208393,43,0,8,0,true,0.009,0.0,73,8192,0.456,0.456,47.94,0.456,0,0,0.0378,0.0378,21.84,0.0,27.4,23.4,1781033277265860612
1781033277381537753,43,0,8,0,true,0.009,0.0002,73,8192,0.456,0.456,47.94,0.456,0,0,0.0379,0.0379,21.87,0.0,27.4,23.4,1781033277366873669
1781033277482356189,43,0,8,0,true,0.009,0.0001,73,8192,0.456,0.456,47.94,0.456,0,0,0.0379,0.0379,21.87,0.0,27.4,23.4,1781033277463775015
1781033277581680994,43,0,8,0,true,0.009,0.0003,73,8192,0.456,0.456,47.94,0.456,0,0,0.0379,0.0379,21.87,0.0,27.4,23.4,1781033277568071589
1781033277682011605,43,0,8,0,true,0.009,0.0002,74,8192,0.454,0.454,47.94,0.454,0,0,0.0377,0.0377,21.77,0.0,27.4,23.4,1781033277670037638
1781033277781948623,43,0,8,0,true,0.0091,0.0001,74,8192,0.455,0.455,47.94,0.455,0,0,0.0378,0.0378,21.81,0.0,27.4,23.4,1781033277769177551
1781033277882162631,43,0,8,0,true,0.0091,0.0,74,8192,0.457,0.457,47.94,0.457,0,0,0.0379,0.0379,21.89,0.0,27.4,23.4,1781033277870465949
1781033277982200153,43,0,8,0,true,0.0091,0.0001,74,8192,0.456,0.456,47.94,0.456,0,0,0.0379,0.0379,21.88,0.0,27.4,23.4,1781033277968046648
1781033278082106057,43,0,8,0,true,0.0091,0.0001,74,8192,0.456,0.456,47.94,0.456,0,0,0.0378,0.0378,21.86,0.0,27.4,23.4,1781033278068119449
1781033278181968944,43,0,8,0,true,0.0091,0.0002,74,8192,0.454,0.454,47.94,0.454,0,0,0.0377,0.0377,21.77,0.0,27.4,23.4,1781033278170113838
1781033278282566380,43,0,8,0,true,0.0091,0.0001,74,8192,0.455,0.455,47.94,0.455,0,0,0.0378,0.0378,21.81,0.0,27.4,23.4,1781033278267540437
1781033278381546563,43,0,8,0,true,0.0092,0.0003,75,8192,0.456,0.456,47.94,0.456,0,0,0.0379,0.0379,21.88,0.0,27.4,23.4,1781033278370748644
1781033278482196406,43,0,8,0,true,0.0092,0.0,75,8192,0.456,0.456,47.94,0.456,0,0,0.0378,0.0378,21.85,0.0,27.4,23.4,1781033278468325727
1781033278582204441,43,0,8,0,true,0.0092,0.0001,75,8192,0.456,0.456,47.94,0.456,0,0,0.0378,0.0378,21.86,0.0,27.4,23.4,1781033278569615530
1781033278681620251,43,0,8,0,true,0.0092,0.0001,75,8192,0.455,0.455,47.94,0.455,0,0,0.0378,0.0378,21.81,0.0,27.4,23.4,1781033278671067974
1781033278781479128,43,0,8,0,true,0.0092,0.0,75,8192,0.457,0.457,47.94,0.457,0,0,0.0379,0.0379,21.89,0.0,27.4,23.4,1781033278770413759
1781033278881695734,43,0,8,0,true,0.0092,0.0002,75,8192,0.456,0.456,47.94,0.456,0,0,0.0379,0.0379,21.87,0.0,27.4,23.4,1781033278874031951
1781033278982449542,43,0,8,0,true,0.0092,0.0002,75,8192,0.456,0.456,47.94,0.456,0,0,0.0379,0.0379,21.88,0.0,27.4,23.4,1781033278971743380
1781033279081558270,43,0,8,0,true,0.0093,0.0002,75,8192,0.456,0.456,47.94,0.456,0,0,0.0379,0.0379,21.88,0.0,27.4,23.4,1781033279071518078
1781033279181671883,43,0,8,0,true,0.0093,0.0001,76,8192,0.456,0.456,47.94,0.456,0,0,0.0379,0.0379,21.88,0.0,27.4,23.4,1781033279178926400
1781033279282418397,43,0,8,0,true,0.0093,0.0002,76,8192,0.456,0.456,47.94,0.456,0,0,0.0379,0.0379,21.88,0.0,27.4,23.4,1781033279278983719
1781033279381541246,43,0,8,0,true,0.0093,0.0,76,8192,0.457,0.457,47.94,0.457,0,0,0.0379,0.0379,21.89,0.0,27.4,23.4,1781033279380234750
1781033279482431442,43,0,8,0,true,0.0093,0.0001,76,8192,0.456,0.456,47.94,0.456,0,0,0.0379,0.0379,21.88,0.0,27.4,23.4,1781033279480648034
1781033279582174836,43,0,8,0,true,0.0093,0.0001,76,8192,0.456,0.456,47.94,0.456,0,0,0.0379,0.0379,21.88,0.0,27.4,23.4,1781033279579463449
1781033279682369002,43,0,8,0,true,0.0094,0.0,76,8192,0.457,0.457,47.94,0.457,0,0,0.0379,0.0379,21.9,0.0,27.4,23.4,1781033279676832864
1781033279782173075,43,0,8,0,true,0.0094,0.0,76,8192,0.457,0.457,47.94,0.457,0,0,0.0379,0.0379,21.89,0.0,27.4,23.4,1781033279777608886
1781033279881509680,43,0,8,0,true,0.0094,0.0002,76,8192,0.456,0.456,47.94,0.456,0,0,0.0379,0.0379,21.88,0.0,27.4,23.4,1781033279858828887
1781033279982238934,43,0,8,0,true,0.0094,0.0,76,8192,0.457,0.457,47.94,0.457,0,0,0.0379,0.0379,21.9,0.0,27.4,23.4,1781033279979855731
1781033280082028556,43,0,8,0,true,0.0094,0.0002,77,8192,0.456,0.456,47.94,0.456,0,0,0.0379,0.0379,21.89,0.0,27.4,23.4,1781033280080959135
1781033280182170859,43,0,8,0,true,0.0094,0.0003,77,8192,0.456,0.456,47.94,0.456,0,0,0.0379,0.0379,21.88,0.0,27.4,23.4,1781033280165289398
1781033280282212703,43,0,8,0,true,0.0094,0.0,77,8192,0.457,0.457,47.94,0.457,0,0,0.0379,0.0379,21.89,0.0,27.4,23.4,1781033280264132288
1781033280381712705,43,0,8,0,true,0.0094,0.0002,77,8192,0.455,0.455,47.94,0.455,0,0,0.0377,0.0377,21.8,0.0,27.4,23.4,1781033280372004462
1781033280482229210,43,0,8,0,true,0.0095,0.0002,77,8192,0.456,0.456,47.94,0.456,0,0,0.0379,0.0379,21.88,0.0,27.4,23.4,1781033280471552784
1781033280582219203,43,0,8,0,true,0.0095,0.0001,77,8192,0.455,0.455,47.94,0.455,0,0,0.0378,0.0378,21.82,0.0,27.4,23.4,1781033280573350774
1781033280681838638,43,0,8,0,true,0.0095,0.0002,77,8192,0.456,0.456,47.94,0.456,0,0,0.0379,0.0379,21.88,0.0,27.4,23.4,1781033280678317405
1781033280781737118,43,0,8,0,true,0.0095,0.0001,77,8192,0.455,0.455,47.94,0.455,0,0,0.0378,0.0378,21.81,0.0,27.4,23.4,1781033280778130221
1781033280882088083,43,0,8,0,true,0.0095,0.0002,77,8192,0.456,0.456,47.94,0.456,0,0,0.0379,0.0379,21.88,0.0,27.4,23.4,1781033280879632800
1781033280981947259,43,0,8,0,true,0.0095,0.0002,78,8192,0.456,0.456,47.94,0.456,0,0,0.0379,0.0379,21.88,0.0,27.4,23.4,1781033280978894993
1781033281082338620,43,0,8,0,true,0.0095,0.0002,78,8192,0.454,0.454,47.94,0.454,0,0,0.0377,0.0377,21.79,0.0,27.4,23.4,1781033281081005170
1781033281181822345,43,0,8,0,true,0.0096,0.0002,78,8192,0.454,0.454,47.94,0.454,0,0,0.0377,0.0377,21.78,0.0,27.4,23.4,1781033281180421698
1781033281282038723,43,0,8,0,true,0.0096,0.0002,78,8192,0.456,0.456,47.94,0.456,0,0,0.0379,0.0379,21.89,0.0,27.4,23.4,1781033281277402928
1781033281382388841,43,0,8,0,true,0.0096,0.0001,78,8192,0.457,0.457,47.94,0.457,0,0,0.0379,0.0379,21.89,0.0,27.4,23.4,1781033281381032933
1781033281482349228,43,0,8,0,true,0.0096,0.0002,78,8192,0.454,0.454,47.94,0.454,0,0,0.0377,0.0377,21.78,0.0,27.4,23.4,1781033281481928860
1781033281582163214,43,0,8,0,true,0.0096,0.0002,78,8192,0.455,0.455,47.94,0.455,0,0,0.0377,0.0377,21.8,0.0,27.4,23.4,1781033281563028438
1781033281681864531,43,0,8,0,true,0.0096,0.0001,78,8192,0.457,0.457,47.94,0.457,0,0,0.0379,0.0379,21.89,0.0,27.4,23.4,1781033281664128382
1781033281782403854,43,0,8,0,true,0.0096,0.0002,79,8192,0.457,0.457,47.94,0.457,0,0,0.0379,0.0379,21.89,0.0,27.4,23.4,1781033281780862591
1781033281882088175,43,0,8,0,true,0.0097,0.0,79,8192,0.457,0.457,47.94,0.457,0,0,0.0379,0.0379,21.89,0.0,27.4,23.4,1781033281880305712
1781033281981688854,43,0,8,0,true,0.0097,0.0002,79,8192,0.455,0.455,47.94,0.455,0,0,0.0378,0.0378,21.81,0.0,27.4,23.4,1781033281961859819
1781033282082093431,43,0,8,0,true,0.0097,0.0002,79,8192,0.454,0.454,47.94,0.454,0,0,0.0377,0.0377,21.79,0.0,27.4,23.4,1781033282061720260
1781033282181941259,43,0,8,0,true,0.0097,0.0,79,8192,0.457,0.457,47.94,0.457,0,0,0.0379,0.0379,21.9,0.0,27.4,23.4,1781033282165777194
1781033282282267815,43,0,8,0,true,0.0097,0.0002,79,8192,0.457,0.457,47.94,0.457,0,0,0.0379,0.0379,21.89,0.0,27.4,23.4,1781033282266671810
1781033282382368542,43,0,8,0,true,0.0097,0.0,79,8192,0.457,0.457,47.94,0.457,0,0,0.0379,0.0379,21.9,0.0,27.4,23.4,1781033282363258504
1781033282481566870,43,0,8,0,true,0.0097,0.0,79,8192,0.457,0.457,47.94,0.457,0,0,0.0379,0.0379,21.9,0.0,27.4,23.4,1781033282469020930
1781033282582094214,43,0,8,0,true,0.0097,0.0001,79,8192,0.455,0.455,47.94,0.455,0,0,0.0378,0.0378,21.83,0.0,27.4,23.4,1781033282564103485
1781033282681896506,43,0,8,0,true,0.0098,0.0001,79,8192,0.457,0.457,47.94,0.457,0,0,0.0379,0.0379,21.89,0.0,27.4,23.4,1781033282669284009
1781033282781510487,43,0,8,0,true,0.0098,0.0002,79,8192,0.457,0.457,47.94,0.457,0,0,0.0379,0.0379,21.89,0.0,27.4,23.4,1781033282768955047
1781033282881608148,43,0,8,0,true,0.0098,0.0,80,8192,0.457,0.457,47.94,0.457,0,0,0.0379,0.0379,21.9,0.0,27.4,23.4,1781033282871086832
1781033282982147331,43,0,8,0,true,0.0098,0.0002,80,8192,0.457,0.457,47.94,0.457,0,0,0.0379,0.0379,21.89,0.0,27.4,23.4,1781033282970442392
1781033283082446562,43,0,8,0,true,0.0098,0.0001,80,8192,0.456,0.456,47.94,0.456,0,0,0.0378,0.0378,21.85,0.0,27.4,23.4,1781033283070791181
1781033283181898558,43,0,8,0,true,0.0098,0.0001,80,8192,0.456,0.456,47.94,0.456,0,0,0.0378,0.0378,21.86,0.0,27.4,23.4,1781033283171366728
1781033283281620148,43,0,8,0,true,0.0098,0.0002,80,8192,0.455,0.455,47.94,0.455,0,0,0.0378,0.0378,21.81,0.0,27.4,23.4,1781033283272042085
1781033283381616303,43,0,8,0,true,0.0098,0.0,80,8192,0.457,0.457,47.94,0.457,0,0,0.0379,0.0379,21.9,0.0,27.4,23.4,1781033283373731299
1781033283482295444,43,0,8,0,true,0.0098,0.0002,80,8192,0.457,0.457,47.94,0.457,0,0,0.0379,0.0379,21.89,0.0,27.4,23.4,1781033283473785951
1781033283581971327,43,0,8,0,true,0.0099,0.0001,80,8192,0.455,0.455,47.94,0.455,0,0,0.0378,0.0378,21.83,0.0,27.4,23.4,1781033283573405876
1781033283681674818,43,0,8,0,true,0.0099,0.0002,80,8192,0.455,0.455,47.94,0.455,0,0,0.0377,0.0377,21.8,0.0,27.4,23.4,1781033283675180620
1781033283782249144,43,0,8,0,true,0.0099,0.0,80,8192,0.457,0.457,47.94,0.457,0,0,0.0379,0.0379,21.9,0.0,27.4,23.4,1781033283770497488
1781033283882074442,43,0,8,0,true,0.0099,0.0002,81,8192,0.457,0.457,47.94,0.457,0,0,0.0379,0.0379,21.89,0.0,27.4,23.4,1781033283876193798
1781033283981500823,43,0,8,0,true,0.0099,0.0002,81,8192,0.457,0.457,47.94,0.457,0,0,0.0379,0.0379,21.89,0.0,27.4,23.4,1781033283975442184
1781033284082199265,43,0,8,0,true,0.0099,0.0,81,8192,0.457,0.457,47.94,0.457,0,0,0.0379,0.0379,21.9,0.0,27.4,23.4,1781033284076623457
1781033284182317066,43,0,8,0,true,0.0099,0.0002,81,8192,0.457,0.457,47.94,0.457,0,0,0.0379,0.0379,21.89,0.0,27.4,23.4,1781033284172703282
1781033284282288109,43,0,8,0,true,0.0099,0.0001,81,8192,0.456,0.456,47.94,0.456,0,0,0.0378,0.0378,21.86,0.0,27.4,23.4,1781033284278064705
1781033284382357004,43,0,8,0,true,0.0099,0.0002,81,8192,0.455,0.455,47.94,0.455,0,0,0.0378,0.0378,21.82,0.0,27.4,23.4,1781033284380054345
1781033284481619495,43,0,8,0,true,0.0099,0.0,81,8192,0.457,0.457,47.94,0.457,0,0,0.0379,0.0379,21.9,0.0,27.4,23.4,1781033284478646188
1781033284581664228,43,0,8,0,true,0.01,0.0,81,8192,0.457,0.457,47.94,0.457,0,0,0.0379,0.0379,21.9,0.0,27.4,23.4,1781033284579302236
1781033284681828365,43,0,8,0,true,0.01,0.0002,81,8192,0.457,0.457,47.94,0.457,0,0,0.0379,0.0379,21.9,0.0,27.4,23.4,1781033284679453911
1781033284781494659,43,0,8,0,true,0.01,0.0,81,8192,0.457,0.457,47.94,0.457,0,0,0.0379,0.0379,21.9,0.0,27.4,23.4,1781033284760937304
1781033284882342966,43,0,8,0,true,0.01,0.0,81,8192,0.457,0.457,47.94,0.457,0,0,0.0379,0.0379,21.9,0.0,27.4,23.4,1781033284880683732
1781033284982403114,43,0,8,0,true,0.01,0.0,81,8192,0.457,0.457,47.94,0.457,0,0,0.0379,0.0379,21.9,0.0,27.4,23.4,1781033284981980025
1781033285081503198,43,0,8,0,true,0.01,0.0001,81,8192,0.455,0.455,47.94,0.455,0,0,0.0378,0.0378,21.83,0.0,27.4,23.4,1781033285061408639
1781033285181721690,43,0,8,0,true,0.01,0.0,82,8192,0.457,0.457,47.94,0.457,0,0,0.0379,0.0379,21.9,0.0,27.4,23.4,1781033285162362382
1781033285282206314,43,0,8,0,true,0.01,0.0,82,8192,0.457,0.457,47.94,0.457,0,0,0.0379,0.0379,21.9,0.0,27.4,23.4,1781033285262583824
1781033285381974447,43,0,8,0,true,0.01,0.0,82,8192,0.457,0.457,47.94,0.457,0,0,0.0379,0.0379,21.9,0.0,27.4,23.4,1781033285379705816
1781033285482282600,43,0,8,0,true,0.01,0.0,82,8192,0.457,0.457,47.94,0.457,0,0,0.0379,0.0379,21.9,0.0,27.4,23.4,1781033285464740456
1781033285582354937,43,0,8,0,true,0.0101,0.0001,82,8192,0.457,0.457,47.94,0.457,0,0,0.0379,0.0379,21.9,0.0,27.4,23.4,1781033285566266064
1781033285682098660,43,0,8,0,true,0.0101,0.0002,82,8192,0.455,0.455,47.94,0.455,0,0,0.0378,0.0378,21.83,0.0,27.4,23.4,1781033285666159752
1781033285784905870,43,0,8,0,true,0.0101,0.0,82,8192,0.457,0.457,47.94,0.457,0,0,0.0379,0.0379,21.9,0.0,27.4,23.4,1781033285766104030
1781033285882133702,43,0,8,0,true,0.0101,0.0002,82,8192,0.455,0.455,47.94,0.455,0,0,0.0378,0.0378,21.83,0.0,27.4,23.4,1781033285866559648
1781033285982172136,43,0,8,0,true,0.0101,0.0,82,8192,0.457,0.457,47.94,0.457,0,0,0.0379,0.0379,21.9,0.0,27.4,23.4,1781033285964362388
1781033286081781557,43,0,8,0,true,0.0101,0.0001,82,8192,0.457,0.457,47.94,0.457,0,0,0.0379,0.0379,21.89,0.0,27.4,23.4,1781033286064589305
1781033286181705115,43,0,8,0,true,0.0101,0.0001,82,8192,0.457,0.457,47.94,0.457,0,0,0.0379,0.0379,21.9,0.0,27.4,23.4,1781033286164603525
1781033286283015731,43,0,8,0,true,0.0101,0.0,82,8192,0.457,0.457,47.94,0.457,0,0,0.0379,0.0379,21.9,0.0,27.4,23.4,1781033286264285782
1781033286383855982,43,0,8,0,true,0.0101,0.0001,82,8192,0.456,0.456,47.94,0.456,0,0,0.0378,0.0378,21.86,0.0,27.4,23.4,1781033286365335500
1781033286482068835,43,0,8,0,true,0.0101,0.0001,83,8192,0.457,0.457,47.94,0.457,0,0,0.0379,0.0379,21.9,0.0,27.4,23.4,1781033286467575576
1781033286584915565,43,0,8,0,true,0.0101,0.0002,83,8192,0.456,0.456,47.94,0.456,0,0,0.0378,0.0378,21.84,0.0,27.4,23.4,1781033286568755396
1781033286684899123,43,0,8,0,true,0.0102,0.0001,83,8192,0.456,0.456,47.94,0.456,0,0,0.0378,0.0378,21.85,0.0,27.4,23.4,1781033286670034796
1781033286783116612,43,0,8,0,true,0.0102,0.0001,83,8192,0.456,0.456,47.94,0.456,0,0,0.0378,0.0378,21.86,0.0,27.4,23.4,1781033286767097364
1781033286881651519,43,0,8,0,true,0.0102,0.0,83,8192,0.456,0.456,47.94,0.456,0,0,0.0379,0.0379,21.88,0.0,27.4,23.4,1781033286868900320
1781033286981922692,43,0,8,0,true,0.0102,0.0001,83,8192,0.457,0.457,47.94,0.457,0,0,0.0379,0.0379,21.9,0.0,27.4,23.4,1781033286967801102
1781033287082066439,43,0,8,0,true,0.0102,0.0001,83,8192,0.456,0.456,47.94,0.456,0,0,0.0378,0.0378,21.85,0.0,27.4,23.4,1781033287069050318
1781033287181828203,43,0,8,0,true,0.0102,0.0,83,8192,0.457,0.457,47.94,0.457,0,0,0.0379,0.0379,21.91,0.0,27.4,23.4,1781033287171875053
1781033287281690987,43,0,8,0,true,0.0102,0.0001,83,8192,0.457,0.457,47.94,0.457,0,0,0.0379,0.0379,21.9,0.0,27.4,23.4,1781033287270507225
1781033287381939823,43,0,8,0,true,0.0102,0.0001,83,8192,0.457,0.457,47.94,0.457,0,0,0.0379,0.0379,21.89,0.0,27.4,23.4,1781033287371321066
1781033287482384189,43,0,8,0,true,0.0102,0.0,83,8192,0.458,0.458,47.94,0.458,0,0,0.038,0.038,21.94,0.0,27.4,23.4,1781033287470414804
1781033287581825845,43,0,8,0,true,0.0102,0.0,83,8192,0.458,0.458,47.94,0.458,0,0,0.038,0.038,21.96,0.0,27.4,23.4,1781033287570860993
1781033287681941109,43,0,8,0,true,0.0102,0.0001,83,8192,0.458,0.458,47.94,0.458,0,0,0.038,0.038,21.96,0.0,27.4,23.4,1781033287672280014
1781033287782329047,43,0,8,0,true,0.0102,0.0001,83,8192,0.457,0.457,47.94,0.457,0,0,0.038,0.038,21.92,0.0,27.4,23.4,1781033287775704349
1781033287881883470,43,0,8,0,true,0.0103,0.0,84,8192,0.458,0.458,47.94,0.458,0,0,0.0381,0.0381,21.98,0.0,27.4,23.4,1781033287877185373
1781033287982448832,43,0,8,0,true,0.0103,0.0001,84,8192,0.458,0.458,47.94,0.458,0,0,0.0381,0.0381,21.98,0.0,27.4,23.4,1781033287976887228
1781033288081824761,43,0,8,0,true,0.0103,0.0001,84,8192,0.459,0.459,47.94,0.459,0,0,0.0381,0.0381,22.0,0.0,27.4,23.4,1781033288073170541
1781033288181653901,43,0,8,0,true,0.0103,0.0001,84,8192,0.458,0.458,47.94,0.458,0,0,0.038,0.038,21.98,0.0,27.4,23.4,1781033288177973462
1781033288282002868,43,0,8,0,true,0.0103,0.0,84,8192,0.459,0.459,47.94,0.459,0,0,0.0381,0.0381,21.99,0.0,27.4,23.4,1781033288278353244
1781033288381711182,43,0,8,0,true,0.0103,0.0002,84,8192,0.457,0.457,47.94,0.457,0,0,0.0379,0.0379,21.89,0.0,27.4,23.4,1781033288379305640
1781033288482080196,43,0,8,0,true,0.0103,0.0001,84,8192,0.457,0.457,47.94,0.457,0,0,0.0379,0.0379,21.89,0.0,27.4,23.4,1781033288479473095
1781033288582284119,43,0,8,0,true,0.0103,0.0002,84,8192,0.458,0.458,47.94,0.458,0,0,0.038,0.038,21.97,0.0,27.4,23.4,1781033288580111139
1781033288682311671,43,0,8,0,true,0.0103,0.0002,84,8192,0.458,0.458,47.94,0.458,0,0,0.038,0.038,21.97,0.0,27.4,23.4,1781033288680031057
1781033288781356152,43,0,8,0,true,0.0103,0.0001,84,8192,0.456,0.456,47.94,0.456,0,0,0.0379,0.0379,21.88,0.0,27.4,23.4,1781033288781035360
1781033288881382703,43,0,8,0,true,0.0104,0.0002,84,8192,0.457,0.457,47.94,0.457,0,0,0.0379,0.0379,21.91,0.0,27.4,23.4,1781033288861108592
1781033288982244541,43,0,8,0,true,0.0104,0.0,84,8192,0.458,0.458,47.94,0.458,0,0,0.038,0.038,21.93,0.0,27.4,23.4,1781033288964823178
1781033289081808489,43,0,8,0,true,0.0104,0.0,84,8192,0.458,0.458,47.94,0.458,0,0,0.038,0.038,21.95,0.0,27.4,23.4,1781033289063107664
1781033289181771075,43,0,8,0,true,0.0104,0.0002,85,8192,0.456,0.456,47.94,0.456,0,0,0.0379,0.0379,21.86,0.0,27.4,23.4,1781033289180205659
1781033289281810317,43,0,8,0,true,0.0104,0.0002,85,8192,0.456,0.456,47.94,0.456,0,0,0.0379,0.0379,21.86,0.0,27.4,23.4,1781033289265097519
1781033289381535269,43,0,8,0,true,0.0104,0.0001,85,8192,0.452,0.452,47.94,0.452,0,0,0.0375,0.0375,21.67,0.0,27.4,23.4,1781033289382151637
1781033289482066131,43,0,8,0,true,0.0104,0.0002,85,8192,0.449,0.449,47.94,0.449,0,0,0.0372,0.0372,21.51,0.0,27.4,23.4,1781033289467264391
1781033289581465353,43,0,8,0,true,0.0104,0.0002,85,8192,0.45,0.45,47.94,0.45,0,0,0.0374,0.0374,21.59,0.0,27.4,23.4,1781033289568915550
1781033289681545914,43,0,8,0,true,0.0104,0.0,85,8192,0.455,0.455,47.94,0.455,0,0,0.0377,0.0377,21.8,0.0,27.4,23.4,1781033289670857604
1781033289782304830,43,0,8,0,true,0.0104,0.0001,85,8192,0.454,0.454,47.94,0.454,0,0,0.0376,0.0376,21.74,0.0,27.4,23.4,1781033289769764961
1781033289882085083,43,0,8,0,true,0.0105,0.0001,85,8192,0.457,0.457,47.94,0.457,0,0,0.0379,0.0379,21.89,0.0,27.4,23.4,1781033289869941621
1781033289981888633,43,0,8,0,true,0.0105,0.0001,85,8192,0.458,0.458,47.94,0.458,0,0,0.038,0.038,21.93,0.0,27.4,23.4,1781033289970381095
1781033290082051173,43,0,8,0,true,0.0105,0.0003,85,8192,0.438,0.438,47.94,0.438,0,0,0.0363,0.0363,20.98,0.0,27.4,23.4,1781033290066978665
1781033290182029125,43,0,8,0,true,0.0105,0.0001,85,8192,0.437,0.437,47.94,0.437,0,0,0.0363,0.0363,20.96,0.0,27.4,23.4,1781033290172390706
1781033290282012945,43,0,8,0,true,0.0105,0.0001,85,8192,0.436,0.436,47.94,0.436,0,0,0.0362,0.0362,20.89,0.0,27.4,23.4,1781033290275237452
1781033290382412706,43,0,8,0,true,0.0105,0.0,86,8192,0.44,0.44,47.94,0.44,0,0,0.0365,0.0365,21.1,0.0,27.4,23.4,1781033290370504862
1781033290481645022,43,0,8,0,true,0.0105,0.0001,86,8192,0.443,0.443,47.94,0.443,0,0,0.0368,0.0368,21.24,0.0,27.4,23.4,1781033290469032765
1781033290582033791,43,0,8,0,true,0.0105,0.0001,86,8192,0.442,0.442,47.94,0.442,0,0,0.0367,0.0367,21.19,0.0,27.4,23.4,1781033290573895077
1781033290681983804,43,0,8,0,true,0.0105,0.0,86,8192,0.446,0.446,47.94,0.446,0,0,0.037,0.037,21.39,0.0,27.4,23.4,1781033290670124960
1781033290782417986,43,0,8,0,true,0.0105,0.0001,86,8192,0.448,0.448,47.94,0.448,0,0,0.0372,0.0372,21.5,0.0,27.4,23.4,1781033290770478443
1781033290882256170,43,0,8,0,true,0.0105,0.0001,86,8192,0.448,0.448,47.94,0.448,0,0,0.0372,0.0372,21.5,0.0,27.4,23.4,1781033290876198060
1781033290981780445,43,0,8,0,true,0.0105,0.0,86,8192,0.451,0.451,47.94,0.451,0,0,0.0374,0.0374,21.63,0.0,27.4,23.4,1781033290974969586
1781033291081496588,43,0,8,0,true,0.0105,0.0001,86,8192,0.452,0.452,47.94,0.452,0,0,0.0375,0.0375,21.66,0.0,27.4,23.4,1781033291074614519
1781033291182073629,43,0,8,0,true,0.0105,0.0001,86,8192,0.452,0.452,47.94,0.452,0,0,0.0375,0.0375,21.69,0.0,27.4,23.4,1781033291173482716
1781033291281568048,43,0,8,0,true,0.0105,0.0,86,8192,0.456,0.456,47.94,0.456,0,0,0.0378,0.0378,21.85,0.0,27.4,23.4,1781033291272756269
1781033291381643788,43,0,8,0,true,0.0106,0.0001,86,8192,0.457,0.457,47.94,0.457,0,0,0.0379,0.0379,21.9,0.0,27.4,23.4,1781033291375787106
1781033291482281364,43,0,8,0,true,0.0106,0.0001,86,8192,0.458,0.458,47.94,0.458,0,0,0.038,0.038,21.94,0.0,27.4,23.4,1781033291473757903
1781033291581846166,43,0,8,0,true,0.0106,0.0001,86,8192,0.447,0.447,47.94,0.447,0,0,0.0371,0.0371,21.43,0.0,27.4,23.4,1781033291575414820
1781033291681857389,43,0,8,0,true,0.0106,0.0,86,8192,0.447,0.447,47.94,0.447,0,0,0.0371,0.0371,21.44,0.0,27.4,23.4,1781033291675936444
1781033291781923166,43,0,8,0,true,0.0106,0.0001,86,8192,0.447,0.447,47.94,0.447,0,0,0.0371,0.0371,21.45,0.0,27.4,23.4,1781033291776850887
1781033291881505157,43,0,8,0,true,0.0106,0.0001,86,8192,0.448,0.448,47.94,0.448,0,0,0.0372,0.0372,21.49,0.0,27.4,23.4,1781033291878869026
1781033291982375220,43,0,8,0,true,0.0106,0.0001,86,8192,0.448,0.448,47.94,0.448,0,0,0.0372,0.0372,21.49,0.0,27.4,23.4,1781033291976614679
1781033292081646853,43,0,8,0,true,0.0106,0.0001,86,8192,0.448,0.448,47.94,0.448,0,0,0.0372,0.0372,21.5,0.0,27.4,23.4,1781033292060516769
1781033292181731883,43,0,8,0,true,0.0106,0.0001,86,8192,0.449,0.449,47.94,0.449,0,0,0.0373,0.0373,21.52,0.0,27.4,23.4,1781033292181260398
1781033292282361625,43,0,8,0,true,0.0106,0.0001,87,8192,0.45,0.45,47.94,0.45,0,0,0.0374,0.0374,21.58,0.0,27.4,23.4,1781033292261811789
1781033292381443209,43,0,8,0,true,0.0106,0.0001,87,8192,0.45,0.45,47.94,0.45,0,0,0.0374,0.0374,21.57,0.0,27.4,23.4,1781033292359873835
1781033292482084765,43,0,8,0,true,0.0106,0.0,87,8192,0.451,0.451,47.94,0.451,0,0,0.0374,0.0374,21.63,0.0,27.4,23.4,1781033292463468579
1781033292584880251,43,0,8,0,true,0.0106,0.0,87,8192,0.452,0.452,47.94,0.452,0,0,0.0375,0.0375,21.65,0.0,27.4,23.4,1781033292563881356
1781033292682032417,43,0,8,0,true,0.0106,0.0001,87,8192,0.452,0.452,47.94,0.452,0,0,0.0375,0.0375,21.67,0.0,27.4,23.4,1781033292665073867
1781033292781727895,43,0,8,0,true,0.0107,0.0,87,8192,0.453,0.453,47.94,0.453,0,0,0.0376,0.0376,21.7,0.0,27.4,23.4,1781033292765029312
1781033292881644507,43,0,8,0,true,0.0107,0.0001,87,8192,0.453,0.453,47.94,0.453,0,0,0.0376,0.0376,21.72,0.0,27.4,23.4,1781033292865518445
1781033292981903596,43,0,8,0,true,0.0107,0.0001,87,8192,0.453,0.453,47.94,0.453,0,0,0.0376,0.0376,21.71,0.0,27.4,23.4,1781033292966000603
1781033293081838552,43,0,8,0,true,0.0107,0.0001,87,8192,0.454,0.454,47.94,0.454,0,0,0.0377,0.0377,21.76,0.0,27.4,23.4,1781033293066408742
1781033293182001025,43,0,8,0,true,0.0107,0.0001,87,8192,0.455,0.455,47.94,0.455,0,0,0.0377,0.0377,21.79,0.0,27.4,23.4,1781033293167147138
1781033293282208563,43,0,8,0,true,0.0107,0.0001,87,8192,0.455,0.455,47.94,0.455,0,0,0.0378,0.0378,21.81,0.0,27.4,23.4,1781033293267041626
1781033293382224024,43,0,8,0,true,0.0107,0.0,87,8192,0.456,0.456,47.94,0.456,0,0,0.0378,0.0378,21.84,0.0,27.4,23.4,1781033293368510888
1781033293481686378,43,0,8,0,true,0.0107,0.0,87,8192,0.456,0.456,47.94,0.456,0,0,0.0378,0.0378,21.86,0.0,27.4,23.4,1781033293464186451
1781033293581690373,43,0,8,0,true,0.0107,0.0001,87,8192,0.456,0.456,47.94,0.456,0,0,0.0379,0.0379,21.88,0.0,27.4,23.4,1781033293564523615
1781033293682296591,43,0,8,0,true,0.0107,0.0,87,8192,0.456,0.456,47.94,0.456,0,0,0.0379,0.0379,21.87,0.0,27.4,23.4,1781033293665612551
1781033293783234393,43,0,8,0,true,0.0107,0.0,87,8192,0.457,0.457,47.94,0.457,0,0,0.038,0.038,21.93,0.0,27.4,23.4,1781033293769444359
1781033293882362564,43,0,8,0,true,0.0107,0.0001,87,8192,0.457,0.457,47.94,0.457,0,0,0.0379,0.0379,21.89,0.0,27.4,23.4,1781033293869544727
1781033293981721933,43,0,8,0,true,0.0107,0.0001,87,8192,0.458,0.458,47.94,0.458,0,0,0.038,0.038,21.95,0.0,27.4,23.4,1781033293970155255
1781033294082171260,43,0,8,0,true,0.0107,0.0001,88,8192,0.457,0.457,47.94,0.457,0,0,0.0379,0.0379,21.92,0.0,27.4,23.4,1781033294071451129
1781033294184864242,43,0,8,0,true,0.0108,0.0001,88,8192,0.458,0.458,47.94,0.458,0,0,0.038,0.038,21.95,0.0,27.4,23.4,1781033294167745726
1781033294281527487,43,0,8,0,true,0.0108,0.0,88,8192,0.458,0.458,47.94,0.458,0,0,0.038,0.038,21.96,0.0,27.4,23.4,1781033294268375830
1781033294381779645,43,0,8,0,true,0.0108,0.0001,88,8192,0.457,0.457,47.94,0.457,0,0,0.0379,0.0379,21.91,0.0,27.4,23.4,1781033294368714337
1781033294481496686,43,0,8,0,true,0.0108,0.0001,88,8192,0.458,0.458,47.94,0.458,0,0,0.038,0.038,21.95,0.0,27.4,23.4,1781033294469870691
1781033294582150638,43,0,8,0,true,0.0108,0.0001,88,8192,0.457,0.457,47.94,0.457,0,0,0.0379,0.0379,21.91,0.0,27.4,23.4,1781033294573460954
1781033294681576179,43,0,8,0,true,0.0108,0.0001,88,8192,0.457,0.457,47.94,0.457,0,0,0.0379,0.0379,21.89,0.0,27.4,23.4,1781033294669986462
1781033294782422696,43,0,8,0,true,0.0108,0.0,88,8192,0.458,0.458,47.94,0.458,0,0,0.038,0.038,21.96,0.0,27.4,23.4,1781033294770840056
1781033294881577746,43,0,8,0,true,0.0108,0.0001,88,8192,0.458,0.458,47.94,0.458,0,0,0.038,0.038,21.95,0.0,27.4,23.4,1781033294875849090
1781033294982296027,43,0,8,0,true,0.0108,0.0,88,8192,0.457,0.457,47.94,0.457,0,0,0.038,0.038,21.93,0.0,27.4,23.4,1781033294975674955
1781033295081896108,43,0,8,0,true,0.0108,0.0002,88,8192,0.456,0.456,47.94,0.456,0,0,0.0379,0.0379,21.87,0.0,27.4,23.4,1781033295076023581
1781033295181885296,43,0,8,0,true,0.0108,0.0,88,8192,0.458,0.458,47.94,0.458,0,0,0.038,0.038,21.95,0.0,27.4,23.4,1781033295177385991
1781033295282073475,43,0,8,0,true,0.0108,0.0001,88,8192,0.458,0.458,47.94,0.458,0,0,0.038,0.038,21.95,0.0,27.4,23.4,1781033295277463667
1781033295381594342,43,0,8,0,true,0.0108,0.0001,88,8192,0.457,0.457,47.94,0.457,0,0,0.0379,0.0379,21.91,0.0,27.4,23.4,1781033295378100396
1781033295482062233,43,0,8,0,true,0.0108,0.0,88,8192,0.457,0.457,47.94,0.457,0,0,0.038,0.038,21.93,0.0,27.4,23.4,1781033295477951474
1781033295581577522,43,0,8,0,true,0.0108,0.0001,88,8192,0.458,0.458,47.94,0.458,0,0,0.038,0.038,21.95,0.0,27.4,23.4,1781033295580020752
1781033295681506431,43,0,8,0,true,0.0109,0.0001,88,8192,0.457,0.457,47.94,0.457,0,0,0.0379,0.0379,21.92,0.0,27.5,23.5,1781033295678994561
1781033295781750093,43,0,8,0,true,0.0109,0.0001,88,8192,0.457,0.457,47.94,0.457,0,0,0.0379,0.0379,21.9,0.0,27.5,23.5,1781033295779402628
1781033295882131108,43,0,8,0,true,0.0109,0.0,89,8192,0.458,0.458,47.94,0.458,0,0,0.038,0.038,21.95,0.0,27.5,23.5,1781033295875921282
1781033295981923947,43,0,8,0,true,0.0109,0.0001,89,8192,0.458,0.458,47.94,0.458,0,0,0.038,0.038,21.95,0.0,27.5,23.5,1781033295976375607
1781033296082181664,43,0,8,0,true,0.0109,0.0001,89,8192,0.457,0.457,47.94,0.457,0,0,0.0379,0.0379,21.91,0.0,27.5,23.5,1781033296079256606
1781033296181920679,43,0,8,0,true,0.0109,0.0001,89,8192,0.458,0.458,47.94,0.458,0,0,0.038,0.038,21.95,0.0,27.5,23.5,1781033296178284225
1781033296281634790,43,0,8,0,true,0.0109,0.0001,89,8192,0.458,0.458,47.94,0.458,0,0,0.038,0.038,21.95,0.0,27.5,23.5,1781033296278128092
1781033296381942401,43,0,8,0,true,0.0109,0.0,89,8192,0.458,0.458,47.94,0.458,0,0,0.038,0.038,21.95,0.0,27.5,23.5,1781033296379672586
1781033296482250118,43,0,8,0,true,0.0109,0.0,89,8192,0.458,0.458,47.94,0.458,0,0,0.038,0.038,21.95,0.0,27.5,23.5,1781033296479351409
1781033296582166744,43,0,8,0,true,0.0109,0.0001,89,8192,0.457,0.457,47.94,0.457,0,0,0.0379,0.0379,21.9,0.0,27.5,23.5,1781033296580340084
1781033296681915833,43,0,8,0,true,0.0109,0.0001,89,8192,0.458,0.458,47.94,0.458,0,0,0.038,0.038,21.95,0.0,27.5,23.5,1781033296680048431
1781033296782379064,43,0,8,0,true,0.0109,0.0,89,8192,0.458,0.458,47.94,0.458,0,0,0.038,0.038,21.96,0.0,27.5,23.5,1781033296764492706
1781033296882002872,43,0,8,0,true,0.0109,0.0002,89,8192,0.456,0.456,47.94,0.456,0,0,0.0379,0.0379,21.88,0.0,27.5,23.5,1781033296861081780
1781033296982181927,43,0,8,0,true,0.0109,0.0001,89,8192,0.457,0.457,47.94,0.457,0,0,0.0379,0.0379,21.89,0.0,27.5,23.5,1781033296982375551
1781033297081474600,43,0,8,0,true,0.011,0.0001,89,8192,0.457,0.457,47.94,0.457,0,0,0.0379,0.0379,21.9,0.0,27.5,23.5,1781033297066837136
1781033297181866501,43,0,8,0,true,0.011,0.0,89,8192,0.458,0.458,47.94,0.458,0,0,0.038,0.038,21.94,0.0,27.5,23.5,1781033297167671678
1781033297282592085,43,0,8,0,true,0.011,0.0001,89,8192,0.458,0.458,47.94,0.458,0,0,0.038,0.038,21.95,0.0,27.5,23.5,1781033297267400427
1781033297381790580,43,0,8,0,true,0.011,0.0,89,8192,0.457,0.457,47.94,0.457,0,0,0.038,0.038,21.93,0.0,27.5,23.5,1781033297368642751
1781033297481598205,43,0,8,0,true,0.011,0.0001,89,8192,0.457,0.457,47.94,0.457,0,0,0.0379,0.0379,21.89,0.0,27.5,23.5,1781033297468827642
1781033297582061030,43,0,8,0,true,0.011,0.0001,89,8192,0.457,0.457,47.94,0.457,0,0,0.0379,0.0379,21.89,0.0,27.5,23.5,1781033297565042562
1781033297681517644,43,0,8,0,true,0.011,0.0001,90,8192,0.457,0.457,47.94,0.457,0,0,0.0379,0.0379,21.89,0.0,27.5,23.5,1781033297667769962
1781033297782663300,43,0,8,0,true,0.011,0.0001,90,8192,0.457,0.457,47.94,0.457,0,0,0.0379,0.0379,21.91,0.0,27.5,23.5,1781033297766288261
1781033297881882081,43,0,8,0,true,0.011,0.0,90,8192,0.458,0.458,47.94,0.458,0,0,0.038,0.038,21.95,0.0,27.5,23.5,1781033297867318929
1781033297981631726,43,0,8,0,true,0.011,0.0001,90,8192,0.458,0.458,47.94,0.458,0,0,0.038,0.038,21.95,0.0,27.5,23.5,1781033297966998182
1781033298082309581,43,0,8,0,true,0.011,0.0001,90,8192,0.458,0.458,47.94,0.458,0,0,0.038,0.038,21.95,0.0,27.5,23.5,1781033298068439734
1781033298181669266,43,0,8,0,true,0.011,0.0,90,8192,0.458,0.458,47.94,0.458,0,0,0.038,0.038,21.95,0.0,27.5,23.5,1781033298172095899
1781033298284856521,43,0,8,0,true,0.011,0.0001,90,8192,0.458,0.458,47.94,0.458,0,0,0.038,0.038,21.95,0.0,27.5,23.5,1781033298272337325
1781033298382218802,43,0,8,0,true,0.011,0.0001,90,8192,0.458,0.458,47.94,0.458,0,0,0.038,0.038,21.95,0.0,27.5,23.5,1781033298371315765
1781033298481678505,43,0,8,0,true,0.011,0.0001,90,8192,0.457,0.457,47.94,0.457,0,0,0.0379,0.0379,21.91,0.0,27.5,23.5,1781033298469013546
1781033298582264211,43,0,8,0,true,0.0111,0.0,90,8192,0.458,0.458,47.94,0.458,0,0,0.038,0.038,21.95,0.0,27.5,23.5,1781033298569544883
1781033298681747964,43,0,8,0,true,0.0111,0.0001,90,8192,0.456,0.456,47.94,0.456,0,0,0.0379,0.0379,21.88,0.0,27.5,23.5,1781033298672079654
1781033298782409838,43,0,8,0,true,0.0111,0.0001,90,8192,0.457,0.457,47.94,0.457,0,0,0.0379,0.0379,21.89,0.0,27.5,23.5,1781033298770796850
1781033298881905927,43,0,8,0,true,0.0111,0.0001,90,8192,0.457,0.457,47.94,0.457,0,0,0.0379,0.0379,21.89,0.0,27.5,23.5,1781033298872247855
1781033298981519908,43,0,8,0,true,0.0111,0.0001,90,8192,0.457,0.457,47.94,0.457,0,0,0.0379,0.0379,21.89,0.0,27.5,23.5,1781033298971911310
1781033299081852336,43,0,8,0,true,0.0111,0.0001,90,8192,0.457,0.457,47.94,0.457,0,0,0.0379,0.0379,21.91,0.0,27.5,23.5,1781033299077081200
1781033299181935376,43,0,8,0,true,0.0111,0.0,90,8192,0.458,0.458,47.94,0.458,0,0,0.038,0.038,21.95,0.0,27.5,23.5,1781033299174358427
1781033299282364428,43,0,8,0,true,0.0111,0.0,90,8192,0.458,0.458,47.94,0.458,0,0,0.038,0.038,21.95,0.0,27.5,23.5,1781033299277803714
1781033299381996564,43,0,8,0,true,0.0111,0.0,90,8192,0.458,0.458,47.94,0.458,0,0,0.038,0.038,21.95,0.0,27.5,23.5,1781033299378200248
1781033299481932112,43,0,8,0,true,0.0111,0.0,91,8192,0.458,0.458,47.94,0.458,0,0,0.038,0.038,21.94,0.0,27.5,23.5,1781033299474842843
1781033299581783664,43,0,8,0,true,0.0111,0.0001,91,8192,0.457,0.457,47.94,0.457,0,0,0.0379,0.0379,21.91,0.0,27.5,23.5,1781033299559240565
1781033299682286568,43,0,8,0,true,0.0111,0.0,91,8192,0.458,0.458,47.94,0.458,0,0,0.038,0.038,21.95,0.0,27.5,23.5,1781033299676259970
1781033299781463230,43,0,8,0,true,0.0111,0.0001,91,8192,0.458,0.458,47.94,0.458,0,0,0.038,0.038,21.95,0.0,27.5,23.5,1781033299780324586
1781033299883394715,43,0,8,0,true,0.0111,0.0,91,8192,0.458,0.458,47.94,0.458,0,0,0.038,0.038,21.95,0.0,27.5,23.5,1781033299861972313
1781033299981641118,43,0,8,0,true,0.0111,0.0,91,8192,0.458,0.458,47.94,0.458,0,0,0.038,0.038,21.95,0.0,27.5,23.5,1781033299980289355
1781033300082342925,43,0,8,0,true,0.0111,0.0,91,8192,0.458,0.458,47.94,0.458,0,0,0.038,0.038,21.93,0.0,27.5,23.5,1781033300080771393
1781033300181734639,43,0,8,0,true,0.0112,0.0001,91,8192,0.458,0.458,47.94,0.458,0,0,0.038,0.038,21.95,0.0,27.5,23.5,1781033300163700858
1781033300282431407,43,0,8,0,true,0.0112,0.0,91,8192,0.458,0.458,47.94,0.458,0,0,0.038,0.038,21.95,0.0,27.5,23.5,1781033300280538864
1781033300382181252,43,0,8,0,true,0.0112,0.0001,91,8192,0.458,0.458,47.94,0.458,0,0,0.038,0.038,21.95,0.0,27.5,23.5,1781033300380341156
1781033300481484580,43,0,8,0,true,0.0112,0.0,91,8192,0.458,0.458,47.94,0.458,0,0,0.038,0.038,21.95,0.0,27.5,23.5,1781033300463680182
1781033300584934040,43,0,8,0,true,0.0112,0.0,91,8192,0.458,0.458,47.94,0.458,0,0,0.038,0.038,21.95,0.0,27.5,23.5,1781033300563186930
1781033300681611513,43,0,8,0,true,0.0112,0.0001,91,8192,0.457,0.457,47.94,0.457,0,0,0.0379,0.0379,21.92,0.0,27.5,23.5,1781033300662813254
1781033300781549386,43,0,8,0,true,0.0112,0.0,91,8192,0.458,0.458,47.94,0.458,0,0,0.038,0.038,21.93,0.0,27.5,23.5,1781033300762622618
1781033300881533160,43,0,8,0,true,0.0112,0.0001,91,8192,0.457,0.457,47.94,0.457,0,0,0.0379,0.0379,21.91,0.0,27.5,23.5,1781033300863827443
1781033300981537470,43,0,8,0,true,0.0112,0.0001,91,8192,0.458,0.458,47.94,0.458,0,0,0.038,0.038,21.95,0.0,27.5,23.5,1781033300967961123
1781033301081743269,43,0,8,0,true,0.0112,0.0002,91,8192,0.456,0.456,47.94,0.456,0,0,0.0379,0.0379,21.88,0.0,27.5,23.5,1781033301069961631
1781033301182463521,43,0,8,0,true,0.0112,0.0,91,8192,0.458,0.458,47.94,0.458,0,0,0.038,0.038,21.95,0.0,27.5,23.5,1781033301172851647
1781033301281739072,43,0,8,0,true,0.0112,0.0,91,8192,0.458,0.458,47.94,0.458,0,0,0.038,0.038,21.95,0.0,27.5,23.5,1781033301269048718
1781033301381787764,43,0,8,0,true,0.0112,0.0001,92,8192,0.458,0.458,47.94,0.458,0,0,0.038,0.038,21.95,0.0,27.5,23.5,1781033301369151325
1781033301482192741,43,0,8,0,true,0.0112,0.0001,92,8192,0.458,0.458,47.94,0.458,0,0,0.038,0.038,21.95,0.0,27.5,23.5,1781033301469806187
1781033301582081396,43,0,8,0,true,0.0112,0.0,92,8192,0.458,0.458,47.94,0.458,0,0,0.038,0.038,21.94,0.0,27.5,23.5,1781033301566026125
1781033301681505314,43,0,8,0,true,0.0113,0.0001,92,8192,0.458,0.458,47.94,0.458,0,0,0.038,0.038,21.94,0.0,27.5,23.5,1781033301670890548
1781033301782382214,43,0,8,0,true,0.0113,0.0,92,8192,0.458,0.458,47.94,0.458,0,0,0.038,0.038,21.95,0.0,27.5,23.5,1781033301770779460
1781033301881915465,43,0,8,0,true,0.0113,0.0,92,8192,0.458,0.458,47.94,0.458,0,0,0.038,0.038,21.95,0.0,27.5,23.5,1781033301872222508
1781033301982008043,43,0,8,0,true,0.0113,0.0001,92,8192,0.457,0.457,47.94,0.457,0,0,0.0379,0.0379,21.91,0.0,27.5,23.5,1781033301967937737
1781033302081593468,43,0,8,0,true,0.0113,0.0,92,8192,0.457,0.457,47.94,0.457,0,0,0.038,0.038,21.93,0.0,27.5,23.5,1781033302072015630
1781033302181790867,43,0,8,0,true,0.0113,0.0001,92,8192,0.457,0.457,47.94,0.457,0,0,0.0379,0.0379,21.91,0.0,27.5,23.5,1781033302171399567
1781033302282133625,43,0,8,0,true,0.0113,0.0001,92,8192,0.457,0.457,47.94,0.457,0,0,0.0379,0.0379,21.9,0.0,27.5,23.5,1781033302274028770
1781033302381781467,43,0,8,0,true,0.0113,0.0,92,8192,0.457,0.457,47.94,0.457,0,0,0.038,0.038,21.93,0.0,27.5,23.5,1781033302374176332
1781033302481559515,43,0,8,0,true,0.0113,0.0001,92,8192,0.458,0.458,47.94,0.458,0,0,0.038,0.038,21.95,0.0,27.5,23.5,1781033302475002009
1781033302582379249,43,0,8,0,true,0.0113,0.0001,92,8192,0.458,0.458,47.94,0.458,0,0,0.038,0.038,21.95,0.0,27.5,23.5,1781033302571249178
1781033302681473861,43,0,8,0,true,0.0113,0.0001,92,8192,0.458,0.458,47.94,0.458,0,0,0.038,0.038,21.95,0.0,27.5,23.5,1781033302673373631
1781033302781733022,43,0,8,0,true,0.0113,0.0001,92,8192,0.457,0.457,47.94,0.457,0,0,0.0379,0.0379,21.89,0.0,27.5,23.5,1781033302774851071
1781033302882006828,43,0,8,0,true,0.0113,0.0,92,8192,0.458,0.458,47.94,0.458,0,0,0.038,0.038,21.95,0.0,27.5,23.5,1781033302874409283
1781033302982468794,43,0,8,0,true,0.0113,0.0001,92,8192,0.458,0.458,47.94,0.458,0,0,0.038,0.038,21.95,0.0,27.5,23.5,1781033302973824286
1781033303081487728,43,0,8,0,true,0.0114,0.0,92,8192,0.458,0.458,47.94,0.458,0,0,0.038,0.038,21.95,0.0,27.5,23.5,1781033303075385367
1781033303181534812,43,0,8,0,true,0.0114,0.0001,93,8192,0.457,0.457,47.94,0.457,0,0,0.0379,0.0379,21.9,0.0,27.5,23.5,1781033303174706689
1781033303281609831,43,0,8,0,true,0.0114,0.0,93,8192,0.458,0.458,47.94,0.458,0,0,0.038,0.038,21.95,0.0,27.5,23.5,1781033303276122295
1781033303381372149,43,0,8,0,true,0.0114,0.0,93,8192,0.458,0.458,47.94,0.458,0,0,0.038,0.038,21.95,0.0,27.5,23.5,1781033303364353368
1781033303481428242,43,0,8,0,true,0.0114,0.0,93,8192,0.458,0.458,47.94,0.458,0,0,0.038,0.038,21.93,0.0,27.5,23.5,1781033303481047970
1781033303581453549,43,0,8,0,true,0.0114,0.0,93,8192,0.458,0.458,47.94,0.458,0,0,0.038,0.038,21.95,0.0,27.5,23.5,1781033303580945679
1781033303681568283,43,0,8,0,true,0.0114,0.0,93,8192,0.457,0.457,47.94,0.457,0,0,0.038,0.038,21.92,0.0,27.5,23.5,1781033303679233733
1781033303781906878,43,0,8,0,true,0.0114,0.0,93,8192,0.458,0.458,47.94,0.458,0,0,0.038,0.038,21.95,0.0,27.5,23.5,1781033303763303934
1781033303881495886,43,0,8,0,true,0.0114,0.0001,93,8192,0.458,0.458,47.94,0.458,0,0,0.038,0.038,21.95,0.0,27.5,23.5,1781033303859906226
1781033303981545137,43,0,8,0,true,0.0114,0.0001,93,8192,0.458,0.458,47.94,0.458,0,0,0.038,0.038,21.95,0.0,27.5,23.5,1781033303962968738
1781033304082283406,43,0,8,0,true,0.0114,0.0,93,8192,0.458,0.458,47.94,0.458,0,0,0.038,0.038,21.95,0.0,27.5,23.5,1781033304061607517
1781033304182039191,43,0,8,0,true,0.0114,0.0001,93,8192,0.458,0.458,47.94,0.458,0,0,0.038,0.038,21.95,0.0,27.5,23.5,1781033304168220117
1781033304282298956,43,0,8,0,true,0.0114,0.0001,93,8192,0.458,0.458,47.94,0.458,0,0,0.038,0.038,21.95,0.0,27.5,23.5,1781033304281657063
1781033304382142017,43,0,8,0,true,0.0114,0.0,93,8192,0.458,0.458,47.94,0.458,0,0,0.038,0.038,21.95,0.0,27.5,23.5,1781033304362422357
1781033304482373488,43,0,8,0,true,0.0115,0.0001,93,8192,0.457,0.457,47.94,0.457,0,0,0.0379,0.0379,21.89,0.0,27.5,23.5,1781033304463839561
1781033304581624486,43,0,8,0,true,0.0115,0.0,93,8192,0.458,0.458,47.94,0.458,0,0,0.038,0.038,21.95,0.0,27.5,23.5,1781033304564761233
1781033304681606465,43,0,8,0,true,0.0115,0.0001,93,8192,0.458,0.458,47.94,0.458,0,0,0.038,0.038,21.95,0.0,27.5,23.5,1781033304666874841
1781033304781767105,43,0,8,0,true,0.0115,0.0001,93,8192,0.457,0.457,47.94,0.457,0,0,0.0379,0.0379,21.89,0.0,27.5,23.5,1781033304763995567
1781033304882053993,43,0,8,0,true,0.0115,0.0001,94,8192,0.457,0.457,47.94,0.457,0,0,0.0379,0.0379,21.9,0.0,27.5,23.5,1781033304868592283
1781033304982460091,43,0,8,0,true,0.0115,0.0,94,8192,0.458,0.458,47.94,0.458,0,0,0.038,0.038,21.94,0.0,27.5,23.5,1781033304969866500
1781033305082880901,43,0,8,0,true,0.0115,0.0001,94,8192,0.457,0.457,47.94,0.457,0,0,0.0379,0.0379,21.9,0.0,27.5,23.5,1781033305065705035
1781033305182279945,43,0,8,0,true,0.0115,0.0,94,8192,0.457,0.457,47.94,0.457,0,0,0.038,0.038,21.92,0.0,27.5,23.5,1781033305170609181
1781033305282182673,43,0,8,0,true,0.0115,0.0001,94,8192,0.457,0.457,47.94,0.457,0,0,0.0379,0.0379,21.9,0.0,27.5,23.5,1781033305270681742
1781033305382382719,43,0,8,0,true,0.0115,0.0001,94,8192,0.458,0.458,47.94,0.458,0,0,0.038,0.038,21.95,0.0,27.5,23.5,1781033305371703088
1781033305482041699,43,0,8,0,true,0.0115,0.0001,94,8192,0.457,0.457,47.94,0.457,0,0,0.0379,0.0379,21.92,0.0,27.5,23.5,1781033305471361478
1781033305581807371,43,0,8,0,true,0.0115,0.0001,94,8192,0.457,0.457,47.94,0.457,0,0,0.0379,0.0379,21.91,0.0,27.5,23.5,1781033305573250656
1781033305681851356,43,0,8,0,true,0.0115,0.0001,94,8192,0.458,0.458,47.94,0.458,0,0,0.038,0.038,21.95,0.0,27.5,23.5,1781033305673329774
1781033305781627722,43,0,8,0,true,0.0115,0.0,94,8192,0.458,0.458,47.94,0.458,0,0,0.038,0.038,21.95,0.0,27.5,23.5,1781033305773098064
1781033305881491784,43,0,8,0,true,0.0115,0.0,94,8192,0.458,0.458,47.94,0.458,0,0,0.038,0.038,21.93,0.0,27.5,23.5,1781033305872695760
1781033305981991721,43,0,8,0,true,0.0116,0.0,94,8192,0.458,0.458,47.94,0.458,0,0,0.038,0.038,21.95,0.0,27.5,23.5,1781033305970391193
1781033306081963495,43,0,8,0,true,0.0116,0.0002,94,8192,0.456,0.456,47.94,0.456,0,0,0.0379,0.0379,21.88,0.0,27.5,23.5,1781033306071349998
1781033306182351482,43,0,8,0,true,0.0116,0.0,94,8192,0.457,0.457,47.94,0.457,0,0,0.038,0.038,21.92,0.0,27.5,23.5,1781033306172602612
1781033306282129795,43,0,8,0,true,0.0116,0.0001,94,8192,0.458,0.458,47.94,0.458,0,0,0.038,0.038,21.95,0.0,27.5,23.5,1781033306272604586
1781033306381641557,43,0,8,0,true,0.0116,0.0,94,8192,0.458,0.458,47.94,0.458,0,0,0.038,0.038,21.95,0.0,27.5,23.5,1781033306375006760
1781033306481479835,43,0,8,0,true,0.0116,0.0,94,8192,0.458,0.458,47.94,0.458,0,0,0.038,0.038,21.95,0.0,27.5,23.5,1781033306475871728
1781033306581868454,43,0,8,0,true,0.0116,0.0,94,8192,0.458,0.458,47.94,0.458,0,0,0.038,0.038,21.95,0.0,27.5,23.5,1781033306577289692
1781033306682336857,43,0,8,0,true,0.0116,0.0001,95,8192,0.457,0.457,47.94,0.457,0,0,0.0379,0.0379,21.89,0.0,27.5,23.5,1781033306679659463
1781033306782425127,43,0,8,0,true,0.0116,0.0,95,8192,0.458,0.458,47.94,0.458,0,0,0.038,0.038,21.95,0.0,27.5,23.5,1781033306776770946
1781033306881374821,43,0,8,0,true,0.0116,0.0001,95,8192,0.458,0.458,47.94,0.458,0,0,0.038,0.038,21.95,0.0,27.5,23.5,1781033306881190267
1781033306982441861,43,0,8,0,true,0.0116,0.0,95,8192,0.458,0.458,47.94,0.458,0,0,0.038,0.038,21.95,0.0,27.5,23.5,1781033306978342007
1781033307081384241,43,0,8,0,true,0.0116,0.0001,95,8192,0.458,0.458,47.94,0.458,0,0,0.038,0.038,21.95,0.0,27.5,23.5,1781033307058136301
1781033307182071872,43,0,8,0,true,0.0116,0.0,95,8192,0.458,0.458,47.94,0.458,0,0,0.038,0.038,21.95,0.0,27.5,23.5,1781033307179082788
1781033307281837123,43,0,8,0,true,0.0116,0.0001,95,8192,0.458,0.458,47.94,0.458,0,0,0.038,0.038,21.95,0.0,27.5,23.5,1781033307279976741
1781033307382335775,43,0,8,0,true,0.0117,0.0,95,8192,0.458,0.458,47.94,0.458,0,0,0.038,0.038,21.95,0.0,27.5,23.5,1781033307380518039
1781033307482392268,43,0,8,0,true,0.0117,0.0001,95,8192,0.458,0.458,47.94,0.458,0,0,0.038,0.038,21.95,0.0,27.5,23.5,1781033307465613133
1781033307582678592,43,0,8,0,true,0.0117,0.0,95,8192,0.457,0.457,47.94,0.457,0,0,0.038,0.038,21.93,0.0,27.5,23.5,1781033307582035606
1781033307681889410,43,0,8,0,true,0.0117,0.0001,95,8192,0.458,0.458,47.94,0.458,0,0,0.038,0.038,21.95,0.0,27.5,23.5,1781033307663508802
1781033307782755787,43,0,8,0,true,0.0117,0.0,95,8192,0.458,0.458,47.94,0.458,0,0,0.038,0.038,21.95,0.0,27.5,23.5,1781033307762287492
1781033307882301386,43,0,8,0,true,0.0117,0.0,95,8192,0.458,0.458,47.94,0.458,0,0,0.038,0.038,21.95,0.0,27.5,23.5,1781033307862315851
1781033307981647822,43,0,8,0,true,0.0117,0.0,95,8192,0.458,0.458,47.94,0.458,0,0,0.038,0.038,21.95,0.0,27.5,23.5,1781033307964524322
1781033308082089769,43,0,8,0,true,0.0117,0.0,95,8192,0.458,0.458,47.94,0.458,0,0,0.038,0.038,21.94,0.0,27.5,23.5,1781033308064171762
1781033308182081903,43,0,8,0,true,0.0117,0.0001,95,8192,0.457,0.457,47.94,0.457,0,0,0.0379,0.0379,21.9,0.0,27.5,23.5,1781033308166857235
1781033308282533167,43,0,8,0,true,0.0117,0.0001,95,8192,0.458,0.458,47.94,0.458,0,0,0.038,0.038,21.95,0.0,27.5,23.5,1781033308265289918
1781033308382105531,43,0,8,0,true,0.0117,0.0001,96,8192,0.458,0.458,47.94,0.458,0,0,0.038,0.038,21.95,0.0,27.5,23.5,1781033308366291729
1781033308482371310,43,0,8,0,true,0.0117,0.0001,96,8192,0.457,0.457,47.94,0.457,0,0,0.038,0.038,21.92,0.0,27.5,23.5,1781033308469753095
1781033308582053681,43,0,8,0,true,0.0117,0.0001,96,8192,0.458,0.458,47.94,0.458,0,0,0.038,0.038,21.95,0.0,27.5,23.5,1781033308566419909
1781033308681677735,43,0,8,0,true,0.0117,0.0001,96,8192,0.458,0.458,47.94,0.458,0,0,0.038,0.038,21.95,0.0,27.5,23.5,1781033308671916761
1781033308782306839,43,0,8,0,true,0.0118,0.0,96,8192,0.458,0.458,47.94,0.458,0,0,0.038,0.038,21.95,0.0,27.5,23.5,1781033308771472463
1781033308882435608,43,0,8,0,true,0.0118,0.0001,96,8192,0.457,0.457,47.94,0.457,0,0,0.038,0.038,21.92,0.0,27.5,23.5,1781033308872718684
1781033308982023558,43,0,8,0,true,0.0118,0.0001,96,8192,0.458,0.458,47.94,0.458,0,0,0.038,0.038,21.95,0.0,27.5,23.5,1781033308972432690
1781033309082172715,43,0,8,0,true,0.0118,0.0,96,8192,0.458,0.458,47.94,0.458,0,0,0.038,0.038,21.94,0.0,27.5,23.5,1781033309072570168
1781033309181784411,43,0,8,0,true,0.0118,0.0,96,8192,0.457,0.457,47.94,0.457,0,0,0.038,0.038,21.93,0.0,27.5,23.5,1781033309173244013
1781033309281928348,43,0,8,0,true,0.0118,0.0001,96,8192,0.458,0.458,47.94,0.458,0,0,0.038,0.038,21.95,0.0,27.5,23.5,1781033309274332445
1781033309381999039,43,0,8,0,true,0.0118,0.0001,96,8192,0.457,0.457,47.94,0.457,0,0,0.0379,0.0379,21.89,0.0,27.5,23.5,1781033309376325114
1781033309482182344,43,0,8,0,true,0.0118,0.0001,96,8192,0.458,0.458,47.94,0.458,0,0,0.038,0.038,21.95,0.0,27.5,23.5,1781033309475555456
1781033309582246632,43,0,8,0,true,0.0118,0.0002,96,8192,0.456,0.456,47.94,0.456,0,0,0.0379,0.0379,21.88,0.0,27.5,23.5,1781033309576958943
1781033309681775345,43,0,8,0,true,0.0118,0.0001,96,8192,0.458,0.458,47.94,0.458,0,0,0.038,0.038,21.95,0.0,27.5,23.5,1781033309677191040
1781033309781892423,43,0,8,0,true,0.0118,0.0001,96,8192,0.457,0.457,47.94,0.457,0,0,0.0379,0.0379,21.91,0.0,27.5,23.5,1781033309778307676
1781033309882427345,43,0,8,0,true,0.0118,0.0,96,8192,0.458,0.458,47.94,0.458,0,0,0.038,0.038,21.95,0.0,27.5,23.5,1781033309878362141
1781033309981547780,43,0,8,0,true,0.0118,0.0,96,8192,0.458,0.458,47.94,0.458,0,0,0.038,0.038,21.95,0.0,27.5,23.5,1781033309978044214
1781033310081544556,43,0,8,0,true,0.0118,0.0001,97,8192,0.457,0.457,47.94,0.457,0,0,0.0379,0.0379,21.9,0.0,27.5,23.5,1781033310078696088
1781033310181537256,43,0,8,0,true,0.0119,0.0,97,8192,0.458,0.458,47.94,0.458,0,0,0.038,0.038,21.95,0.0,27.5,23.5,1781033310178947770
1781033310281681125,43,0,8,0,true,0.0119,0.0,97,8192,0.458,0.458,47.94,0.458,0,0,0.038,0.038,21.95,0.0,27.5,23.5,1781033310280404747
1781033310382164632,43,0,8,0,true,0.0119,0.0001,97,8192,0.458,0.458,47.94,0.458,0,0,0.038,0.038,21.95,0.0,27.5,23.5,1781033310380888029
1781033310482187504,43,0,8,0,true,0.0119,0.0001,97,8192,0.458,0.458,47.94,0.458,0,0,0.038,0.038,21.95,0.0,27.5,23.5,1781033310462961893
1781033310583834524,43,0,8,0,true,0.0119,0.0,97,8192,0.457,0.457,47.94,0.457,0,0,0.038,0.038,21.92,0.0,27.5,23.5,1781033310580075838
1781033310681449191,43,0,8,0,true,0.0119,0.0,97,8192,0.458,0.458,47.94,0.458,0,0,0.038,0.038,21.94,0.0,27.5,23.5,1781033310678824678
1781033310781521565,43,0,8,0,true,0.0119,0.0001,97,8192,0.458,0.458,47.94,0.458,0,0,0.038,0.038,21.95,0.0,27.5,23.5,1781033310778892514
1781033310881968660,43,0,8,0,true,0.0119,0.0001,97,8192,0.458,0.458,47.94,0.458,0,0,0.038,0.038,21.95,0.0,27.5,23.5,1781033310859123262
1781033310981418426,43,0,8,0,true,0.0119,0.0001,97,8192,0.457,0.457,47.94,0.457,0,0,0.0379,0.0379,21.9,0.0,27.5,23.5,1781033310979581374
1781033311082262759,43,0,8,0,true,0.0119,0.0,97,8192,0.458,0.458,47.94,0.458,0,0,0.038,0.038,21.95,0.0,27.5,23.5,1781033311080422702
1781033311182166036,43,0,8,0,true,0.0119,0.0001,97,8192,0.458,0.458,47.94,0.458,0,0,0.038,0.038,21.95,0.0,27.5,23.5,1781033311180923936
1781033311281573263,43,0,8,0,true,0.0119,0.0,97,8192,0.458,0.458,47.94,0.458,0,0,0.038,0.038,21.95,0.0,27.5,23.5,1781033311261566237
1781033311381551917,43,0,8,0,true,0.0119,0.0001,97,8192,0.458,0.458,47.94,0.458,0,0,0.038,0.038,21.95,0.0,27.5,23.5,1781033311366844354
1781033311481657004,43,0,8,0,true,0.0119,0.0,97,8192,0.458,0.458,47.94,0.458,0,0,0.038,0.038,21.94,0.0,27.5,23.5,1781033311463976279
1781033311582081183,43,0,8,0,true,0.0119,0.0001,97,8192,0.457,0.457,47.94,0.457,0,0,0.0379,0.0379,21.91,0.0,27.5,23.5,1781033311564171060
1781033311682198846,43,0,8,0,true,0.0119,0.0001,97,8192,0.458,0.458,47.94,0.458,0,0,0.038,0.038,21.95,0.0,27.5,23.5,1781033311668494926
1781033311781777295,43,0,8,0,true,0.012,0.0001,97,8192,0.458,0.458,47.94,0.458,0,0,0.038,0.038,21.95,0.0,27.5,23.5,1781033311767149392
1781033311882238566,43,0,8,0,true,0.012,0.0001,97,8192,0.457,0.457,47.94,0.457,0,0,0.0379,0.0379,21.89,0.0,27.5,23.5,1781033311867865198
1781033311981948492,43,0,8,0,true,0.012,0.0001,98,8192,0.458,0.458,47.94,0.458,0,0,0.038,0.038,21.95,0.0,27.5,23.5,1781033311964970578
1781033312082264384,43,0,8,0,true,0.012,0.0,98,8192,0.458,0.458,47.94,0.458,0,0,0.038,0.038,21.94,0.0,27.5,23.5,1781033312066462986
1781033312182421463,43,0,8,0,true,0.012,0.0001,98,8192,0.458,0.458,47.94,0.458,0,0,0.038,0.038,21.95,0.0,27.5,23.5,1781033312168201137
1781033312281939900,43,0,8,0,true,0.012,0.0,98,8192,0.458,0.458,47.94,0.458,0,0,0.038,0.038,21.95,0.0,27.5,23.5,1781033312270951145
1781033312382002566,43,0,8,0,true,0.012,0.0,98,8192,0.457,0.457,47.94,0.457,0,0,0.038,0.038,21.92,0.0,27.5,23.5,1781033312371334999
1781033312482264446,43,0,8,0,true,0.012,0.0001,98,8192,0.458,0.458,47.94,0.458,0,0,0.038,0.038,21.95,0.0,27.5,23.5,1781033312470588225
1781033312581389747,43,0,8,0,true,0.012,0.0001,98,8192,0.457,0.457,47.94,0.457,0,0,0.0379,0.0379,21.89,0.0,27.5,23.5,1781033312571805407
1781033312681837432,43,0,8,0,true,0.012,0.0001,98,8192,0.458,0.458,47.94,0.458,0,0,0.038,0.038,21.94,0.0,27.5,23.5,1781033312672221335
1781033312781625241,43,0,8,0,true,0.012,0.0,98,8192,0.458,0.458,47.94,0.458,0,0,0.038,0.038,21.94,0.0,27.5,23.5,1781033312771926453
1781033312881872561,43,0,8,0,true,0.012,0.0,98,8192,0.458,0.458,47.94,0.458,0,0,0.038,0.038,21.95,0.0,27.5,23.5,1781033312873333375
1781033312981783475,43,0,8,0,true,0.012,0.0001,98,8192,0.457,0.457,47.94,0.457,0,0,0.0379,0.0379,21.91,0.0,27.5,23.5,1781033312969164017
1781033313081919681,43,0,8,0,true,0.012,0.0001,98,8192,0.457,0.457,47.94,0.457,0,0,0.0379,0.0379,21.89,0.0,27.5,23.5,1781033313073768587
1781033313182010192,43,0,8,0,true,0.012,0.0001,98,8192,0.458,0.458,47.94,0.458,0,0,0.038,0.038,21.95,0.0,27.5,23.5,1781033313171919840
1781033313281638074,43,0,8,0,true,0.0121,0.0,98,8192,0.458,0.458,47.94,0.458,0,0,0.038,0.038,21.95,0.0,27.5,23.5,1781033313275999164
1781033313381459649,43,0,8,0,true,0.0121,0.0001,98,8192,0.457,0.457,47.94,0.457,0,0,0.0379,0.0379,21.9,0.0,27.5,23.5,1781033313375681626
1781033313482005796,43,0,8,0,true,0.0121,0.0001,98,8192,0.457,0.457,47.94,0.457,0,0,0.0379,0.0379,21.92,0.0,27.5,23.5,1781033313475387761
1781033313581596348,43,0,8,0,true,0.0121,0.0001,98,8192,0.458,0.458,47.94,0.458,0,0,0.038,0.038,21.95,0.0,27.5,23.5,1781033313576579046
1781033313682411633,43,0,8,0,true,0.0121,0.0001,98,8192,0.457,0.457,47.94,0.457,0,0,0.0379,0.0379,21.91,0.0,27.5,23.5,1781033313676825384
1781033313781907261,43,0,8,0,true,0.0121,0.0001,99,8192,0.457,0.457,47.94,0.457,0,0,0.0379,0.0379,21.92,0.0,27.5,23.5,1781033313777371670
1781033313881662787,43,0,8,0,true,0.0121,0.0,99,8192,0.458,0.458,47.94,0.458,0,0,0.038,0.038,21.94,0.0,27.5,23.5,1781033313879357439
1781033313981767535,43,0,8,0,true,0.0121,0.0,99,8192,0.458,0.458,47.94,0.458,0,0,0.038,0.038,21.95,0.0,27.5,23.5,1781033313974935739
1781033314081466923,43,0,8,0,true,0.0121,0.0,99,8192,0.458,0.458,47.94,0.458,0,0,0.038,0.038,21.95,0.0,27.5,23.5,1781033314076279543
1781033314182353020,43,0,8,0,true,0.0121,0.0,99,8192,0.458,0.458,47.94,0.458,0,0,0.038,0.038,21.95,0.0,27.5,23.5,1781033314176577157
1781033314282108893,43,0,8,0,true,0.0121,0.0,99,8192,0.458,0.458,47.94,0.458,0,0,0.038,0.038,21.93,0.0,27.5,23.5,1781033314275823590
1781033314381456871,43,0,8,0,true,0.0121,0.0001,99,8192,0.458,0.458,47.94,0.458,0,0,0.038,0.038,21.95,0.0,27.5,23.5,1781033314376641170
1781033314482417449,43,0,8,0,true,0.0121,0.0001,99,8192,0.458,0.458,47.94,0.458,0,0,0.038,0.038,21.95,0.0,27.5,23.5,1781033314476660608
1781033314581458076,43,0,8,0,true,0.0121,0.0001,99,8192,0.458,0.458,47.94,0.458,0,0,0.038,0.038,21.95,0.0,27.5,23.5,1781033314560868403
1781033314681556333,43,0,8,0,true,0.0121,0.0001,99,8192,0.458,0.458,47.94,0.458,0,0,0.038,0.038,21.95,0.0,27.5,23.5,1781033314681221929
1781033314782613411,43,0,8,0,true,0.0121,0.0001,99,8192,0.458,0.458,47.94,0.458,0,0,0.038,0.038,21.95,0.0,27.5,23.5,1781033314782117588
1781033314881533481,43,0,8,0,true,0.0122,0.0,99,8192,0.458,0.458,47.94,0.458,0,0,0.038,0.038,21.95,0.0,27.5,23.5,1781033314880174720
1781033314982336539,43,0,8,0,true,0.0122,0.0,99,8192,0.458,0.458,47.94,0.458,0,0,0.038,0.038,21.95,0.0,27.5,23.5,1781033314964765666
1781033315081580437,43,0,8,0,true,0.0122,0.0001,99,8192,0.458,0.458,47.94,0.458,0,0,0.038,0.038,21.95,0.0,27.5,23.5,1781033315059795853
1781033315181870029,43,0,8,0,true,0.0122,0.0001,99,8192,0.458,0.458,47.94,0.458,0,0,0.038,0.038,21.95,0.0,27.5,23.5,1781033315180593909
1781033315281456221,43,0,8,0,true,0.0122,0.0001,99,8192,0.457,0.457,47.94,0.457,0,0,0.0379,0.0379,21.9,0.0,27.5,23.5,1781033315281286236
1781033315382131015,43,0,8,0,true,0.0122,0.0,99,8192,0.457,0.457,47.94,0.457,0,0,0.038,0.038,21.93,0.0,27.5,23.5,1781033315361286088
1781033315482318467,43,0,8,0,true,0.0122,0.0,99,8192,0.458,0.458,47.94,0.458,0,0,0.038,0.038,21.95,0.0,27.5,23.5,1781033315463808595
1781033315582422092,43,0,8,0,true,0.0122,0.0001,99,8192,0.457,0.457,47.94,0.457,0,0,0.0379,0.0379,21.9,0.0,27.5,23.5,1781033315563351696
1781033315682288822,43,0,8,0,true,0.0122,0.0001,100,8192,0.457,0.457,47.94,0.457,0,0,0.0379,0.0379,21.89,0.0,27.5,23.5,1781033315666535621
1781033315782924701,43,0,8,0,true,0.0122,0.0002,100,8192,0.456,0.456,47.94,0.456,0,0,0.0379,0.0379,21.88,0.0,27.5,23.5,1781033315763892596
1781033315882357563,43,0,8,0,true,0.0122,0.0001,100,8192,0.457,0.457,47.94,0.457,0,0,0.0379,0.0379,21.91,0.0,27.5,23.5,1781033315864399900
1781033315981600794,43,0,8,0,true,0.0122,0.0001,100,8192,0.457,0.457,47.94,0.457,0,0,0.038,0.038,21.92,0.0,27.5,23.5,1781033315966292476
1781033316082047554,43,0,8,0,true,0.0122,0.0001,100,8192,0.457,0.457,47.94,0.457,0,0,0.0379,0.0379,21.9,0.0,27.5,23.5,1781033316066392827
1781033316181741099,43,0,8,0,true,0.0122,0.0,100,8192,0.458,0.458,47.94,0.458,0,0,0.038,0.038,21.95,0.0,27.5,23.5,1781033316172730920
1781033316281530843,43,0,8,0,true,0.0123,0.0001,100,8192,0.457,0.457,47.94,0.457,0,0,0.0379,0.0379,21.91,0.0,27.5,23.5,1781033316269757414
1781033316381814564,43,0,8,0,true,0.0123,0.0,100,8192,0.458,0.458,47.94,0.458,0,0,0.038,0.038,21.95,0.0,27.5,23.5,1781033316373044463
1781033316482111781,43,0,8,0,true,0.0123,0.0,100,8192,0.458,0.458,47.94,0.458,0,0,0.038,0.038,21.95,0.0,27.5,23.5,1781033316468088530
1781033316581563023,43,0,8,0,true,0.0123,0.0,100,8192,0.458,0.458,47.94,0.458,0,0,0.038,0.038,21.95,0.0,27.5,23.5,1781033316568766169
1781033316681589376,43,0,8,0,true,0.0123,0.0,100,8192,0.458,0.458,47.94,0.458,0,0,0.038,0.038,21.95,0.0,27.5,23.5,1781033316671957418
1781033316781607443,43,0,8,0,true,0.0123,0.0001,100,8192,0.457,0.457,47.94,0.457,0,0,0.0379,0.0379,21.9,0.0,27.5,23.5,1781033316772944817
1781033316882133415,43,0,8,0,true,0.0123,0.0001,100,8192,0.457,0.457,47.94,0.457,0,0,0.0379,0.0379,21.92,0.0,27.5,23.5,1781033316874421877
1781033316982167938,43,0,8,0,true,0.0123,0.0,100,8192,0.458,0.458,47.94,0.458,0,0,0.038,0.038,21.95,0.0,27.5,23.5,1781033316973642582
1781033317082005073,43,0,8,0,true,0.0123,0.0001,100,8192,0.458,0.458,47.94,0.458,0,0,0.038,0.038,21.95,0.0,27.5,23.5,1781033317076553923
1781033317182137296,43,0,8,0,true,0.0123,0.0001,100,8192,0.457,0.457,47.94,0.457,0,0,0.0379,0.0379,21.91,0.0,27.5,23.5,1781033317175616871
1781033317281963990,43,0,8,0,true,0.0123,0.0,100,8192,0.458,0.458,47.94,0.458,0,0,0.038,0.038,21.94,0.0,27.5,23.5,1781033317276369225
1781033317382074763,43,0,8,0,true,0.0123,0.0002,101,8192,0.456,0.456,47.94,0.456,0,0,0.0379,0.0379,21.88,0.0,27.5,23.5,1781033317376920913
1781033317482219814,43,0,8,0,true,0.0123,0.0001,101,8192,0.457,0.457,47.94,0.457,0,0,0.0379,0.0379,21.9,0.0,27.5,23.5,1781033317476623382
1781033317582404951,43,0,8,0,true,0.0123,0.0,101,8192,0.457,0.457,47.94,0.457,0,0,0.038,0.038,21.93,0.0,27.5,23.5,1781033317578330130
1781033317681491783,43,0,8,0,true,0.0124,0.0001,101,8192,0.458,0.458,47.94,0.458,0,0,0.038,0.038,21.95,0.0,27.5,23.5,1781033317677972795
1781033317782105742,43,0,8,0,true,0.0124,0.0001,101,8192,0.458,0.458,47.94,0.458,0,0,0.038,0.038,21.95,0.0,27.5,23.5,1781033317778602387
1781033317882249779,43,0,8,0,true,0.0124,0.0,101,8192,0.458,0.458,47.94,0.458,0,0,0.038,0.038,21.95,0.0,27.5,23.5,1781033317878756282
1781033317981628943,43,0,8,0,true,0.0124,0.0001,101,8192,0.458,0.458,47.94,0.458,0,0,0.038,0.038,21.95,0.0,27.5,23.5,1781033317979323220
1781033318081658660,43,0,8,0,true,0.0124,0.0001,101,8192,0.457,0.457,47.94,0.457,0,0,0.0379,0.0379,21.9,0.0,27.5,23.5,1781033318060017525
1781033318181497667,43,0,8,0,true,0.0124,0.0,101,8192,0.458,0.458,47.94,0.458,0,0,0.038,0.038,21.95,0.0,27.5,23.5,1781033318161674642
1781033318281592491,43,0,8,0,true,0.0124,0.0001,101,8192,0.458,0.458,47.94,0.458,0,0,0.038,0.038,21.95,0.0,27.5,23.5,1781033318261923045
1781033318382271667,43,0,8,0,true,0.0124,0.0,101,8192,0.458,0.458,47.94,0.458,0,0,0.038,0.038,21.95,0.0,27.5,23.5,1781033318361951304
1781033318481726475,43,0,8,0,true,0.0124,0.0,101,8192,0.458,0.458,47.94,0.458,0,0,0.038,0.038,21.95,0.0,27.5,23.5,1781033318462520929
1781033318581474165,43,0,8,0,true,0.0124,0.0001,101,8192,0.458,0.458,47.94,0.458,0,0,0.038,0.038,21.95,0.0,27.5,23.5,1781033318563595468
1781033318682045636,43,0,8,0,true,0.0124,0.0001,101,8192,0.457,0.457,47.94,0.457,0,0,0.0379,0.0379,21.89,0.0,27.5,23.5,1781033318665279331
1781033318782894848,43,0,8,0,true,0.0124,0.0001,101,8192,0.457,0.457,47.94,0.457,0,0,0.0379,0.0379,21.91,0.0,27.5,23.5,1781033318764032862
1781033318881939112,43,0,8,0,true,0.0124,0.0,101,8192,0.457,0.457,47.94,0.457,0,0,0.038,0.038,21.92,0.0,27.5,23.5,1781033318864127424
1781033318981964063,43,0,8,0,true,0.0124,0.0001,101,8192,0.458,0.458,47.94,0.458,0,0,0.038,0.038,21.95,0.0,27.5,23.5,1781033318981757716
1781033319081837155,43,0,8,0,true,0.0124,0.0001,101,8192,0.457,0.457,47.94,0.457,0,0,0.0379,0.0379,21.89,0.0,27.5,23.5,1781033319063327808
1781033319182743652,43,0,8,0,true,0.0125,0.0,102,8192,0.458,0.458,47.94,0.458,0,0,0.038,0.038,21.95,0.0,27.5,23.5,1781033319181984592
1781033319281778824,43,0,8,0,true,0.0125,0.0001,102,8192,0.458,0.458,47.94,0.458,0,0,0.038,0.038,21.95,0.0,27.5,23.5,1781033319262675528
1781033319384862999,43,0,8,0,true,0.0125,0.0001,102,8192,0.457,0.457,47.94,0.457,0,0,0.0379,0.0379,21.91,0.0,27.5,23.5,1781033319363260285
1781033319481722527,43,0,8,0,true,0.0125,0.0001,102,8192,0.458,0.458,47.94,0.458,0,0,0.038,0.038,21.95,0.0,27.5,23.5,1781033319465071221
1781033319581671321,43,0,8,0,true,0.0125,0.0001,102,8192,0.457,0.457,47.94,0.457,0,0,0.0379,0.0379,21.9,0.0,27.5,23.5,1781033319568961533
1781033319682204526,43,0,8,0,true,0.0125,0.0,102,8192,0.458,0.458,47.94,0.458,0,0,0.038,0.038,21.95,0.0,27.5,23.5,1781033319667551027
1781033319782276238,43,0,8,0,true,0.0125,0.0001,102,8192,0.457,0.457,47.94,0.457,0,0,0.0379,0.0379,21.91,0.0,27.5,23.5,1781033319765466838
1781033319882086390,43,0,8,0,true,0.0125,0.0,102,8192,0.458,0.458,47.94,0.458,0,0,0.038,0.038,21.95,0.0,27.5,23.5,1781033319867866108
1781033319984856374,43,0,8,0,true,0.0125,0.0,102,8192,0.458,0.458,47.94,0.458,0,0,0.038,0.038,21.94,0.0,27.5,23.5,1781033319967600789
1781033320083285421,43,0,8,0,true,0.0125,0.0,102,8192,0.458,0.458,47.94,0.458,0,0,0.038,0.038,21.95,0.0,27.5,23.5,1781033320068213290
1781033320184868883,43,0,8,0,true,0.0125,0.0,102,8192,0.458,0.458,47.94,0.458,0,0,0.038,0.038,21.95,0.0,27.5,23.5,1781033320190649312
1781033320281649073,43,0,8,0,true,0.0125,0.0001,102,8192,0.457,0.457,47.94,0.457,0,0,0.0379,0.0379,21.89,0.0,27.5,23.5,1781033320267991733
1781033320382237015,43,0,8,0,true,0.0125,0.0,102,8192,0.458,0.458,47.94,0.458,0,0,0.038,0.038,21.95,0.0,27.5,23.5,1781033320370882403
1781033320482261053,43,0,8,0,true,0.0125,0.0,102,8192,0.458,0.458,47.94,0.458,0,0,0.038,0.038,21.95,0.0,27.5,23.5,1781033320469585737
1781033320582399137,43,0,8,0,true,0.0126,0.0001,102,8192,0.457,0.457,47.94,0.457,0,0,0.0379,0.0379,21.91,0.0,27.5,23.5,1781033320569557289
1781033320682233444,43,0,8,0,true,0.0126,0.0001,102,8192,0.458,0.458,47.94,0.458,0,0,0.038,0.038,21.95,0.0,27.5,23.5,1781033320671508592
1781033320782036205,43,0,8,0,true,0.0126,0.0001,102,8192,0.458,0.458,47.94,0.458,0,0,0.038,0.038,21.95,0.0,27.5,23.5,1781033320771991813
1781033320882392481,43,0,8,0,true,0.0126,0.0001,103,8192,0.458,0.458,47.94,0.458,0,0,0.038,0.038,21.95,0.0,27.5,23.5,1781033320873280260
1781033320981935947,43,0,8,0,true,0.0126,0.0001,103,8192,0.457,0.457,47.94,0.457,0,0,0.0379,0.0379,21.89,0.0,27.5,23.5,1781033320972354285
1781033321081730171,43,0,8,0,true,0.0126,0.0,103,8192,0.458,0.458,47.94,0.458,0,0,0.038,0.038,21.95,0.0,27.5,23.5,1781033321071724883
1781033321182433902,43,0,8,0,true,0.0126,0.0001,103,8192,0.456,0.456,47.94,0.456,0,0,0.0379,0.0379,21.88,0.0,27.5,23.5,1781033321172535836
1781033321281831189,43,0,8,0,true,0.0126,0.0001,103,8192,0.458,0.458,47.94,0.458,0,0,0.038,0.038,21.95,0.0,27.5,23.5,1781033321272907106
1781033321382186384,43,0,8,0,true,0.0126,0.0002,103,8192,0.456,0.456,47.94,0.456,0,0,0.0379,0.0379,21.87,0.0,27.5,23.5,1781033321375408624
1781033321481496152,43,0,8,0,true,0.0126,0.0,103,8192,0.458,0.458,47.94,0.458,0,0,0.038,0.038,21.95,0.0,27.5,23.5,1781033321474513926
1781033321582421807,43,0,8,0,true,0.0126,0.0001,103,8192,0.458,0.458,47.94,0.458,0,0,0.038,0.038,21.95,0.0,27.5,23.5,1781033321574435323
1781033321681769977,43,0,8,0,true,0.0126,0.0001,103,8192,0.458,0.458,47.94,0.458,0,0,0.038,0.038,21.95,0.0,27.5,23.5,1781033321676174309
1781033321781924701,43,0,8,0,true,0.0126,0.0,103,8192,0.458,0.458,47.94,0.458,0,0,0.038,0.038,21.95,0.0,27.5,23.5,1781033321775368203
1781033321881624150,43,0,8,0,true,0.0126,0.0001,103,8192,0.458,0.458,47.94,0.458,0,0,0.038,0.038,21.95,0.0,27.5,23.5,1781033321876063053
1781033321981549752,43,0,8,0,true,0.0127,0.0001,103,8192,0.458,0.458,47.94,0.458,0,0,0.038,0.038,21.95,0.0,27.5,23.5,1781033321981359660
1781033322082023240,43,0,8,0,true,0.0127,0.0001,103,8192,0.458,0.458,47.94,0.458,0,0,0.038,0.038,21.95,0.0,27.5,23.5,1781033322082372398
1781033322181777727,43,0,8,0,true,0.0127,0.0,103,8192,0.458,0.458,47.93,0.458,0,0,0.038,0.038,21.94,0.0,27.5,23.5,1781033322182128841
1781033322282426068,43,0,8,0,true,0.0127,0.0,103,8192,0.457,0.457,47.93,0.457,0,0,0.038,0.038,21.93,0.0,27.5,23.5,1781033322262418199
1781033322382019865,43,0,8,0,true,0.0127,0.0001,103,8192,0.458,0.458,47.93,0.458,0,0,0.038,0.038,21.95,0.0,27.5,23.5,1781033322363086561
1781033322481582815,43,0,8,0,true,0.0127,0.0001,103,8192,0.458,0.458,47.93,0.458,0,0,0.038,0.038,21.95,0.0,27.5,23.5,1781033322467882021
1781033322581774474,43,0,8,0,true,0.0127,0.0001,103,8192,0.457,0.457,47.93,0.457,0,0,0.0379,0.0379,21.9,0.0,27.5,23.5,1781033322563817810
1781033322682374108,43,0,8,0,true,0.0127,0.0,104,8192,0.458,0.458,47.93,0.458,0,0,0.038,0.038,21.95,0.0,27.5,23.5,1781033322665621134
1781033322781848836,43,0,8,0,true,0.0127,0.0001,104,8192,0.458,0.458,47.93,0.458,0,0,0.038,0.038,21.95,0.0,27.5,23.5,1781033322765124577
1781033322881727104,43,0,8,0,true,0.0127,0.0001,104,8192,0.457,0.457,47.93,0.457,0,0,0.0379,0.0379,21.91,0.0,27.5,23.5,1781033322865737893
1781033322982191825,43,0,8,0,true,0.0127,0.0001,104,8192,0.457,0.457,47.93,0.457,0,0,0.0379,0.0379,21.92,0.0,27.5,23.5,1781033322970448849
1781033323082320122,43,0,8,0,true,0.0127,0.0001,104,8192,0.458,0.458,47.93,0.458,0,0,0.038,0.038,21.95,0.0,27.5,23.5,1781033323067558950
1781033323181476284,43,0,8,0,true,0.0127,0.0,104,8192,0.458,0.458,47.93,0.458,0,0,0.038,0.038,21.94,0.0,27.5,23.5,1781033323167325400
1781033323281781074,43,0,8,0,true,0.0127,0.0001,104,8192,0.458,0.458,47.93,0.458,0,0,0.038,0.038,21.95,0.0,27.5,23.5,1781033323267994682
1781033323381609395,43,0,8,0,true,0.0127,0.0,104,8192,0.457,0.457,47.93,0.457,0,0,0.038,0.038,21.93,0.0,27.5,23.5,1781033323368960352
1781033323481774395,43,0,8,0,true,0.0128,0.0001,104,8192,0.456,0.456,47.93,0.456,0,0,0.0379,0.0379,21.88,0.0,27.5,23.5,1781033323469251553
1781033323582152331,43,0,8,0,true,0.0128,0.0,104,8192,0.458,0.458,47.93,0.458,0,0,0.038,0.038,21.95,0.0,27.5,23.5,1781033323569552290
1781033323681887901,43,0,8,0,true,0.0128,0.0,104,8192,0.458,0.458,47.93,0.458,0,0,0.038,0.038,21.95,0.0,27.5,23.5,1781033323672157346
1781033323782024189,43,0,8,0,true,0.0128,0.0001,104,8192,0.457,0.457,47.93,0.457,0,0,0.0379,0.0379,21.89,0.0,27.5,23.5,1781033323772348877
1781033323882136296,43,0,8,0,true,0.0128,0.0002,104,8192,0.456,0.456,47.93,0.456,0,0,0.0379,0.0379,21.88,0.0,27.5,23.5,1781033323872387311
1781033323982447096,43,0,8,0,true,0.0128,0.0001,104,8192,0.457,0.457,47.93,0.457,0,0,0.0379,0.0379,21.9,0.0,27.5,23.5,1781033323971673729
1781033324081579009,43,0,8,0,true,0.0128,0.0,104,8192,0.457,0.457,47.93,0.457,0,0,0.038,0.038,21.92,0.0,27.5,23.5,1781033324072069354
1781033324181731963,43,0,8,0,true,0.0128,0.0002,104,8192,0.456,0.456,47.93,0.456,0,0,0.0379,0.0379,21.88,0.0,27.5,23.5,1781033324174052787
1781033324283150661,43,0,8,0,true,0.0128,0.0001,105,8192,0.458,0.458,47.93,0.458,0,0,0.038,0.038,21.95,0.0,27.5,23.5,1781033324274056557
1781033324381883339,43,0,8,0,true,0.0128,0.0,105,8192,0.458,0.458,47.93,0.458,0,0,0.038,0.038,21.95,0.0,27.5,23.5,1781033324376152699
1781033324482224386,43,0,8,0,true,0.0128,0.0,105,8192,0.458,0.458,47.93,0.458,0,0,0.038,0.038,21.94,0.0,27.5,23.5,1781033324474356858
1781033324581503305,43,0,8,0,true,0.0128,0.0001,105,8192,0.458,0.458,47.93,0.458,0,0,0.038,0.038,21.95,0.0,27.5,23.5,1781033324575829106
1781033324681578480,43,0,8,0,true,0.0128,0.0,105,8192,0.458,0.458,47.93,0.458,0,0,0.038,0.038,21.95,0.0,27.5,23.5,1781033324675886367
1781033324783911830,43,0,8,0,true,0.0129,0.0001,105,8192,0.457,0.457,47.93,0.457,0,0,0.0379,0.0379,21.9,0.0,27.5,23.5,1781033324776089475
1781033324882009139,43,0,8,0,true,0.0129,0.0001,105,8192,0.457,0.457,47.93,0.457,0,0,0.0379,0.0379,21.91,0.0,27.5,23.5,1781033324877427094
1781033324981764574,43,0,8,0,true,0.0129,0.0001,105,8192,0.458,0.458,47.93,0.458,0,0,0.038,0.038,21.95,0.0,27.5,23.5,1781033324976987874
1781033325082272383,43,0,8,0,true,0.0129,0.0,105,8192,0.458,0.458,47.93,0.458,0,0,0.038,0.038,21.94,0.0,27.5,23.5,1781033325063476137
1781033325181665619,43,0,8,0,true,0.0129,0.0,105,8192,0.458,0.458,47.93,0.458,0,0,0.038,0.038,21.95,0.0,27.5,23.5,1781033325163941321
1781033325282448027,43,0,8,0,true,0.0129,0.0001,105,8192,0.458,0.458,47.93,0.458,0,0,0.038,0.038,21.95,0.0,27.5,23.5,1781033325263856356
1781033325381513357,43,0,8,0,true,0.0129,0.0,105,8192,0.458,0.458,47.93,0.458,0,0,0.038,0.038,21.94,0.0,27.5,23.5,1781033325381742876
1781033325482115728,43,0,8,0,true,0.0129,0.0,105,8192,0.458,0.458,47.93,0.458,0,0,0.038,0.038,21.95,0.0,27.5,23.5,1781033325465481535
1781033325582117028,43,0,8,0,true,0.0129,0.0001,105,8192,0.458,0.458,47.93,0.458,0,0,0.038,0.038,21.95,0.0,27.5,23.5,1781033325565267612
1781033325681576654,43,0,8,0,true,0.0129,0.0,105,8192,0.458,0.458,47.93,0.458,0,0,0.038,0.038,21.95,0.0,27.5,23.5,1781033325664867821
1781033325781575516,43,0,8,0,true,0.0129,0.0001,105,8192,0.458,0.458,47.93,0.458,0,0,0.038,0.038,21.95,0.0,27.5,23.5,1781033325762452490
1781033325882374559,43,0,8,0,true,0.0129,0.0001,105,8192,0.458,0.458,47.93,0.458,0,0,0.038,0.038,21.95,0.0,27.5,23.5,1781033325863254623
1781033325981626733,43,0,8,0,true,0.0129,0.0001,105,8192,0.457,0.457,47.93,0.457,0,0,0.0379,0.0379,21.91,0.0,27.5,23.5,1781033325966245486
1781033326082202408,43,0,8,0,true,0.0129,0.0,106,8192,0.458,0.458,47.93,0.458,0,0,0.038,0.038,21.95,0.0,27.5,23.5,1781033326065252523
1781033326182116902,43,0,8,0,true,0.0129,0.0001,106,8192,0.457,0.457,47.93,0.457,0,0,0.0379,0.0379,21.9,0.0,27.5,23.5,1781033326167119633
1781033326282923572,43,0,8,0,true,0.013,0.0001,106,8192,0.458,0.458,47.93,0.458,0,0,0.038,0.038,21.95,0.0,27.5,23.5,1781033326265984921
1781033326381628942,43,0,8,0,true,0.013,0.0001,106,8192,0.457,0.457,47.93,0.457,0,0,0.0379,0.0379,21.9,0.0,27.5,23.5,1781033326367627896
1781033326482222347,43,0,8,0,true,0.013,0.0001,106,8192,0.458,0.458,47.93,0.458,0,0,0.038,0.038,21.95,0.0,27.5,23.5,1781033326467322369
1781033326581946918,43,0,8,0,true,0.013,0.0001,106,8192,0.458,0.458,47.93,0.458,0,0,0.038,0.038,21.95,0.0,27.5,23.5,1781033326572354525
1781033326681551507,43,0,8,0,true,0.013,0.0001,106,8192,0.458,0.458,47.93,0.458,0,0,0.038,0.038,21.95,0.0,27.5,23.5,1781033326668642184
1781033326782495916,43,0,8,0,true,0.013,0.0,106,8192,0.458,0.458,47.93,0.458,0,0,0.038,0.038,21.95,0.0,27.5,23.5,1781033326768509475
1781033326882227230,43,0,8,0,true,0.013,0.0001,106,8192,0.458,0.458,47.93,0.458,0,0,0.038,0.038,21.95,0.0,27.5,23.5,1781033326871123298
1781033326981540754,43,0,8,0,true,0.013,0.0001,106,8192,0.458,0.458,47.93,0.458,0,0,0.038,0.038,21.95,0.0,27.5,23.5,1781033326969556381
1781033327082020052,43,0,8,0,true,0.013,0.0001,106,8192,0.457,0.457,47.93,0.457,0,0,0.038,0.038,21.92,0.0,27.5,23.5,1781033327070166780
1781033327182125597,43,0,8,0,true,0.013,0.0001,106,8192,0.458,0.458,47.93,0.458,0,0,0.038,0.038,21.95,0.0,27.5,23.5,1781033327171051854
1781033327281649507,43,0,8,0,true,0.013,0.0001,106,8192,0.457,0.457,47.93,0.457,0,0,0.0379,0.0379,21.91,0.0,27.5,23.5,1781033327270976603
1781033327382292466,43,0,8,0,true,0.013,0.0001,106,8192,0.458,0.458,47.93,0.458,0,0,0.038,0.038,21.95,0.0,27.5,23.5,1781033327373389692
1781033327481986178,43,0,8,0,true,0.013,0.0001,106,8192,0.458,0.458,47.93,0.458,0,0,0.038,0.038,21.95,0.0,27.5,23.5,1781033327472346065
1781033327581753221,43,0,8,0,true,0.013,0.0,106,8192,0.458,0.458,47.93,0.458,0,0,0.038,0.038,21.95,0.0,27.5,23.5,1781033327572937999
1781033327681787427,43,0,8,0,true,0.0131,0.0001,106,8192,0.458,0.458,47.93,0.458,0,0,0.038,0.038,21.95,0.0,27.5,23.5,1781033327674216261
1781033327781911554,43,0,8,0,true,0.0131,0.0001,106,8192,0.458,0.458,47.93,0.458,0,0,0.038,0.038,21.95,0.0,27.5,23.5,1781033327774103917
1781033327881466011,43,0,8,0,true,0.0131,0.0001,107,8192,0.457,0.457,47.93,0.457,0,0,0.0379,0.0379,21.9,0.0,27.5,23.5,1781033327874356039
1781033327982260183,43,0,8,0,true,0.0131,0.0001,107,8192,0.458,0.458,47.93,0.458,0,0,0.038,0.038,21.95,0.0,27.5,23.5,1781033327974517147
1781033328081981666,43,0,8,0,true,0.0131,0.0,107,8192,0.458,0.458,47.93,0.458,0,0,0.038,0.038,21.93,0.0,27.5,23.5,1781033328077872005
1781033328182326711,43,0,8,0,true,0.0131,0.0,107,8192,0.458,0.458,47.93,0.458,0,0,0.038,0.038,21.93,0.0,27.5,23.5,1781033328175377155
1781033328282399314,43,0,8,0,true,0.0131,0.0002,107,8192,0.456,0.456,47.93,0.456,0,0,0.0379,0.0379,21.87,0.0,27.5,23.5,1781033328276657217
1781033328381600624,43,0,8,0,true,0.0131,0.0001,107,8192,0.457,0.457,47.93,0.457,0,0,0.038,0.038,21.92,0.0,27.5,23.5,1781033328378747690
1781033328481838931,43,0,8,0,true,0.0131,0.0001,107,8192,0.457,0.457,47.93,0.457,0,0,0.0379,0.0379,21.9,0.0,27.5,23.5,1781033328476757030
1781033328582324672,43,0,8,0,true,0.0131,0.0002,107,8192,0.456,0.456,47.93,0.456,0,0,0.0379,0.0379,21.88,0.0,27.5,23.5,1781033328580332069
1781033328682297719,43,0,8,0,true,0.0131,0.0001,107,8192,0.458,0.458,47.93,0.458,0,0,0.038,0.038,21.95,0.0,27.5,23.5,1781033328678640788
1781033328782437063,43,0,8,0,true,0.0131,0.0001,107,8192,0.458,0.458,47.93,0.458,0,0,0.038,0.038,21.94,0.0,27.5,23.5,1781033328778382254
1781033328882333191,43,0,8,0,true,0.0131,0.0,107,8192,0.458,0.458,47.93,0.458,0,0,0.038,0.038,21.95,0.0,27.5,23.5,1781033328881682024
1781033328981412284,43,0,8,0,true,0.0131,0.0001,107,8192,0.458,0.458,47.93,0.458,0,0,0.038,0.038,21.95,0.0,27.5,23.5,1781033328979735670
1781033329082410101,43,0,8,0,true,0.0132,0.0001,107,8192,0.457,0.457,47.93,0.457,0,0,0.0379,0.0379,21.89,0.0,27.5,23.5,1781033329060046584
1781033329182459218,43,0,8,0,true,0.0132,0.0001,107,8192,0.457,0.457,47.93,0.457,0,0,0.0379,0.0379,21.89,0.0,27.5,23.5,1781033329166102655
1781033329282566156,43,0,8,0,true,0.0132,0.0001,107,8192,0.458,0.458,47.93,0.458,0,0,0.038,0.038,21.95,0.0,27.5,23.5,1781033329265820197
1781033329382227698,43,0,8,0,true,0.0132,0.0001,107,8192,0.458,0.458,47.93,0.458,0,0,0.038,0.038,21.95,0.0,27.5,23.5,1781033329366280110
1781033329482465512,43,0,8,0,true,0.0132,0.0001,107,8192,0.457,0.457,47.93,0.457,0,0,0.0379,0.0379,21.9,0.0,27.5,23.5,1781033329466778888
1781033329581752366,43,0,8,0,true,0.0132,0.0,108,8192,0.458,0.458,47.93,0.458,0,0,0.038,0.038,21.95,0.0,27.5,23.5,1781033329567056786
1781033329682284464,43,0,8,0,true,0.0132,0.0001,108,8192,0.458,0.458,47.93,0.458,0,0,0.038,0.038,21.95,0.0,27.5,23.5,1781033329668057054
1781033329782518227,43,0,8,0,true,0.0132,0.0001,108,8192,0.458,0.458,47.93,0.458,0,0,0.038,0.038,21.95,0.0,27.5,23.5,1781033329767760359
1781033329884625262,43,0,8,0,true,0.0132,0.0001,108,8192,0.458,0.458,47.93,0.458,0,0,0.038,0.038,21.95,0.0,27.5,23.5,1781033329868717639
1781033329982448284,43,0,8,0,true,0.0132,0.0,108,8192,0.457,0.457,47.93,0.457,0,0,0.038,0.038,21.92,0.0,27.5,23.5,1781033329968663722
1781033330082073375,43,0,8,0,true,0.0132,0.0,108,8192,0.458,0.458,47.93,0.458,0,0,0.038,0.038,21.94,0.0,27.5,23.5,1781033330066359838
1781033330184895184,43,0,8,0,true,0.0132,0.0001,108,8192,0.457,0.457,47.93,0.457,0,0,0.0379,0.0379,21.91,0.0,27.5,23.5,1781033330168472548
1781033330282640579,43,0,8,0,true,0.0132,0.0001,108,8192,0.458,0.458,47.93,0.458,0,0,0.038,0.038,21.95,0.0,27.5,23.5,1781033330268950637
1781033330384892249,43,0,8,0,true,0.0132,0.0001,108,8192,0.456,0.456,47.93,0.456,0,0,0.0379,0.0379,21.88,0.0,27.5,23.5,1781033330369311629
1781033330482075262,43,0,8,0,true,0.0133,0.0001,108,8192,0.457,0.457,47.93,0.457,0,0,0.0379,0.0379,21.9,0.0,27.5,23.5,1781033330468035069
1781033330583883537,43,0,8,0,true,0.0133,0.0001,108,8192,0.458,0.458,47.93,0.458,0,0,0.038,0.038,21.95,0.0,27.5,23.5,1781033330568425889
1781033330681814122,43,0,8,0,true,0.0133,0.0001,108,8192,0.458,0.458,47.93,0.458,0,0,0.038,0.038,21.95,0.0,27.5,23.5,1781033330669627645
1781033330782299790,43,0,8,0,true,0.0133,0.0001,108,8192,0.456,0.456,47.93,0.456,0,0,0.0379,0.0379,21.88,0.0,27.5,23.5,1781033330769835507
1781033330882165502,43,0,8,0,true,0.0133,0.0,108,8192,0.458,0.458,47.93,0.458,0,0,0.038,0.038,21.94,0.0,27.5,23.5,1781033330874501714
1781033330981632981,43,0,8,0,true,0.0133,0.0001,108,8192,0.458,0.458,47.93,0.458,0,0,0.038,0.038,21.95,0.0,27.5,23.5,1781033330971889207
1781033331082038799,43,0,8,0,true,0.0133,0.0,108,8192,0.457,0.457,47.93,0.457,0,0,0.038,0.038,21.93,0.0,27.5,23.5,1781033331072085224
1781033331181467742,43,0,8,0,true,0.0133,0.0,109,8192,0.457,0.457,47.93,0.457,0,0,0.038,0.038,21.92,0.0,27.5,23.5,1781033331172268321
1781033331281798130,43,0,8,0,true,0.0133,0.0,109,8192,0.458,0.458,47.93,0.458,0,0,0.038,0.038,21.95,0.0,27.5,23.5,1781033331273020522
1781033331381876614,43,0,8,0,true,0.0133,0.0001,109,8192,0.458,0.458,47.93,0.458,0,0,0.038,0.038,21.95,0.0,27.5,23.5,1781033331373745707
1781033331482045231,43,0,8,0,true,0.0133,0.0001,109,8192,0.458,0.458,47.93,0.458,0,0,0.038,0.038,21.95,0.0,27.5,23.5,1781033331473906250
1781033331581743809,43,0,8,0,true,0.0133,0.0,109,8192,0.458,0.458,47.93,0.458,0,0,0.038,0.038,21.94,0.0,27.5,23.5,1781033331576507686
1781033331681969129,43,0,8,0,true,0.0133,0.0001,109,8192,0.458,0.458,47.93,0.458,0,0,0.038,0.038,21.95,0.0,27.5,23.5,1781033331674700579
1781033331782225174,43,0,8,0,true,0.0134,0.0,109,8192,0.458,0.458,47.93,0.458,0,0,0.038,0.038,21.95,0.0,27.5,23.5,1781033331777556574
1781033331881498962,43,0,8,0,true,0.0134,0.0001,109,8192,0.458,0.458,47.93,0.458,0,0,0.038,0.038,21.95,0.0,27.5,23.5,1781033331878727536
1781033331982081315,43,0,8,0,true,0.0134,0.0,109,8192,0.458,0.458,47.93,0.458,0,0,0.038,0.038,21.93,0.0,27.5,23.5,1781033331976437914
1781033332081903709,43,0,8,0,true,0.0134,0.0,109,8192,0.457,0.457,47.93,0.457,0,0,0.038,0.038,21.92,0.0,27.5,23.5,1781033332078602263
1781033332181539753,43,0,8,0,true,0.0134,0.0001,109,8192,0.458,0.458,47.93,0.458,0,0,0.038,0.038,21.95,0.0,27.5,23.5,1781033332176388320
1781033332281520183,43,0,8,0,true,0.0134,0.0001,109,8192,0.457,0.457,47.93,0.457,0,0,0.0379,0.0379,21.9,0.0,27.5,23.5,1781033332277471834
1781033332381785627,43,0,8,0,true,0.0134,0.0,109,8192,0.458,0.458,47.93,0.458,0,0,0.038,0.038,21.94,0.0,27.5,23.5,1781033332378837003
1781033332481918855,43,0,8,0,true,0.0134,0.0001,109,8192,0.457,0.457,47.93,0.457,0,0,0.0379,0.0379,21.9,0.0,27.5,23.5,1781033332478485313
1781033332581811411,43,0,8,0,true,0.0134,0.0,109,8192,0.458,0.458,47.93,0.458,0,0,0.038,0.038,21.94,0.0,27.5,23.5,1781033332558973038
1781033332682112893,43,0,8,0,true,0.0134,0.0001,109,8192,0.458,0.458,47.93,0.458,0,0,0.038,0.038,21.95,0.0,27.5,23.5,1781033332680736515
1781033332781452166,43,0,8,0,true,0.0134,0.0001,109,8192,0.457,0.457,47.93,0.457,0,0,0.0379,0.0379,21.89,0.0,27.5,23.5,1781033332759954678
1781033332881927094,43,0,8,0,true,0.0134,0.0001,109,8192,0.457,0.457,47.93,0.457,0,0,0.0379,0.0379,21.9,0.0,27.5,23.5,1781033332862534469
1781033332982675537,43,0,8,0,true,0.0134,0.0001,110,8192,0.458,0.458,47.93,0.458,0,0,0.038,0.038,21.95,0.0,27.5,23.5,1781033332963842432
1781033333081742987,43,0,8,0,true,0.0134,0.0,110,8192,0.458,0.458,47.93,0.458,0,0,0.038,0.038,21.95,0.0,27.5,23.5,1781033333062835693
1781033333181564922,43,0,8,0,true,0.0134,0.0001,110,8192,0.458,0.458,47.93,0.458,0,0,0.038,0.038,21.95,0.0,27.5,23.5,1781033333165967159
1781033333281960898,43,0,8,0,true,0.0135,0.0001,110,8192,0.458,0.458,47.93,0.458,0,0,0.038,0.038,21.95,0.0,27.5,23.5,1781033333263372550
1781033333382765825,43,0,8,0,true,0.0135,0.0001,110,8192,0.458,0.458,47.93,0.458,0,0,0.038,0.038,21.95,0.0,27.5,23.5,1781033333364310420
1781033333484334884,43,0,8,0,true,0.0135,0.0,110,8192,0.458,0.458,47.93,0.458,0,0,0.038,0.038,21.95,0.0,27.5,23.5,1781033333464837692
1781033333582203120,43,0,8,0,true,0.0135,0.0001,110,8192,0.458,0.458,47.93,0.458,0,0,0.038,0.038,21.95,0.0,27.5,23.5,1781033333566464593
1781033333683628387,43,0,8,0,true,0.0135,0.0001,110,8192,0.457,0.457,47.93,0.457,0,0,0.038,0.038,21.92,0.0,27.5,23.5,1781033333668365445
1781033333782145850,43,0,8,0,true,0.0135,0.0001,110,8192,0.457,0.457,47.93,0.457,0,0,0.0379,0.0379,21.9,0.0,27.5,23.5,1781033333766568924
1781033333882073671,43,0,8,0,true,0.0135,0.0001,110,8192,0.458,0.458,47.93,0.458,0,0,0.038,0.038,21.95,0.0,27.5,23.5,1781033333868301394
1781033333981969132,43,0,8,0,true,0.0135,0.0,110,8192,0.458,0.458,47.93,0.458,0,0,0.038,0.038,21.95,0.0,27.5,23.5,1781033333967364355
1781033334083289185,43,0,8,0,true,0.0135,0.0,110,8192,0.458,0.458,47.93,0.458,0,0,0.038,0.038,21.95,0.0,27.5,23.5,1781033334068658820
1781033334184843461,43,0,8,0,true,0.0135,0.0001,110,8192,0.458,0.458,47.93,0.458,0,0,0.038,0.038,21.95,0.0,27.5,23.5,1781033334169098059
1781033334283379455,43,0,8,0,true,0.0135,0.0,110,8192,0.458,0.458,47.93,0.458,0,0,0.038,0.038,21.95,0.0,27.5,23.5,1781033334267908512
1781033334384851367,43,0,8,0,true,0.0135,0.0,110,8192,0.458,0.458,47.93,0.458,0,0,0.038,0.038,21.95,0.0,27.5,23.5,1781033334369547787
1781033334484845376,43,0,8,0,true,0.0135,0.0001,110,8192,0.458,0.458,47.93,0.458,0,0,0.038,0.038,21.95,0.0,27.5,23.5,1781033334469178396
1781033334581879560,43,0,8,0,true,0.0135,0.0,110,8192,0.458,0.458,47.93,0.458,0,0,0.038,0.038,21.95,0.0,27.5,23.5,1781033334569779349
1781033334682435988,43,0,8,0,true,0.0135,0.0001,110,8192,0.457,0.457,47.93,0.457,0,0,0.0379,0.0379,21.88,0.0,27.5,23.5,1781033334672389877
1781033334781891891,43,0,8,0,true,0.0136,0.0001,111,8192,0.458,0.458,47.93,0.458,0,0,0.038,0.038,21.95,0.0,27.5,23.5,1781033334771525599
1781033334881744756,43,0,8,0,true,0.0136,0.0001,111,8192,0.457,0.457,47.93,0.457,0,0,0.0379,0.0379,21.91,0.0,27.5,23.5,1781033334874834263
1781033334981604447,43,0,8,0,true,0.0136,0.0,111,8192,0.458,0.458,47.93,0.458,0,0,0.038,0.038,21.93,0.0,27.5,23.5,1781033334971550636
1781033335081701970,43,0,8,0,true,0.0136,0.0,111,8192,0.457,0.457,47.93,0.457,0,0,0.038,0.038,21.92,0.0,27.5,23.5,1781033335071629123
1781033335182070254,43,0,8,0,true,0.0136,0.0,111,8192,0.458,0.458,47.93,0.458,0,0,0.038,0.038,21.95,0.0,27.5,23.5,1781033335173447164
1781033335282197305,43,0,8,0,true,0.0136,0.0,111,8192,0.458,0.458,47.93,0.458,0,0,0.038,0.038,21.95,0.0,27.5,23.5,1781033335273598042
1781033335381546520,43,0,8,0,true,0.0136,0.0,111,8192,0.457,0.457,47.93,0.457,0,0,0.038,0.038,21.92,0.0,27.5,23.5,1781033335373897045
1781033335481496776,43,0,8,0,true,0.0136,0.0,111,8192,0.458,0.458,47.93,0.458,0,0,0.038,0.038,21.93,0.0,27.5,23.5,1781033335478371758
1781033335582345702,43,0,8,0,true,0.0136,0.0,111,8192,0.458,0.458,47.93,0.458,0,0,0.038,0.038,21.95,0.0,27.5,23.5,1781033335574390038
1781033335682273327,43,0,8,0,true,0.0136,0.0,111,8192,0.457,0.457,47.93,0.457,0,0,0.038,0.038,21.92,0.0,27.5,23.5,1781033335679977062
1781033335782320457,43,0,8,0,true,0.0136,0.0001,111,8192,0.457,0.457,47.93,0.457,0,0,0.0379,0.0379,21.91,0.0,27.5,23.5,1781033335776684049
1781033335882251067,43,0,8,0,true,0.0136,0.0001,111,8192,0.458,0.458,47.93,0.458,0,0,0.038,0.038,21.95,0.0,27.5,23.5,1781033335877418478
1781033335981533095,43,0,8,0,true,0.0136,0.0,111,8192,0.458,0.458,47.93,0.458,0,0,0.038,0.038,21.95,0.0,27.5,23.5,1781033335976813439
1781033336081919699,43,0,8,0,true,0.0136,0.0001,111,8192,0.457,0.457,47.93,0.457,0,0,0.0379,0.0379,21.88,0.0,27.5,23.5,1781033336079285791
1781033336181752639,43,0,8,0,true,0.0136,0.0001,111,8192,0.457,0.457,47.93,0.457,0,0,0.0379,0.0379,21.88,0.0,27.5,23.5,1781033336179305923
1781033336281458374,43,0,8,0,true,0.0136,0.0001,111,8192,0.457,0.457,47.93,0.457,0,0,0.0379,0.0379,21.91,0.0,27.5,23.5,1781033336278381216
1781033336381935936,43,0,8,0,true,0.0137,0.0001,111,8192,0.457,0.457,47.93,0.457,0,0,0.0379,0.0379,21.91,0.0,27.5,23.5,1781033336379084462
1781033336481803145,43,0,8,0,true,0.0137,0.0001,111,8192,0.457,0.457,47.93,0.457,0,0,0.0379,0.0379,21.88,0.0,27.5,23.5,1781033336480252237
1781033336581444418,43,0,8,0,true,0.0137,0.0001,111,8192,0.457,0.457,47.93,0.457,0,0,0.0379,0.0379,21.9,0.0,27.5,23.5,1781033336561149472
1781033336681434316,43,0,8,0,true,0.0137,0.0001,112,8192,0.457,0.457,47.93,0.457,0,0,0.0379,0.0379,21.9,0.0,27.5,23.5,1781033336663294521
1781033336782256550,43,0,8,0,true,0.0137,0.0,112,8192,0.458,0.458,47.93,0.458,0,0,0.038,0.038,21.95,0.0,27.5,23.5,1781033336780982874
1781033336883191778,43,0,8,0,true,0.0137,0.0,112,8192,0.457,0.457,47.93,0.457,0,0,0.038,0.038,21.93,0.0,27.5,23.5,1781033336882553489
1781033336981841339,43,0,8,0,true,0.0137,0.0001,112,8192,0.457,0.457,47.93,0.457,0,0,0.0379,0.0379,21.92,0.0,27.5,23.5,1781033336962635661
1781033337082853438,43,0,8,0,true,0.0137,0.0,112,8192,0.458,0.458,47.93,0.458,0,0,0.038,0.038,21.95,0.0,27.5,23.5,1781033337063356137
1781033337181685459,43,0,8,0,true,0.0137,0.0,112,8192,0.458,0.458,47.93,0.458,0,0,0.038,0.038,21.93,0.0,27.5,23.5,1781033337170093842
1781033337282304535,43,0,8,0,true,0.0137,0.0,112,8192,0.458,0.458,47.93,0.458,0,0,0.038,0.038,21.95,0.0,27.5,23.5,1781033337265562566
1781033337381632560,43,0,8,0,true,0.0137,0.0,112,8192,0.458,0.458,47.93,0.458,0,0,0.038,0.038,21.95,0.0,27.5,23.5,1781033337366763087
1781033337482052368,43,0,8,0,true,0.0137,0.0001,112,8192,0.458,0.458,47.93,0.458,0,0,0.038,0.038,21.95,0.0,27.5,23.5,1781033337466319411
1781033337582343788,43,0,8,0,true,0.0137,0.0,112,8192,0.458,0.458,47.93,0.458,0,0,0.038,0.038,21.95,0.0,27.5,23.5,1781033337572558041
1781033337682982896,43,0,8,0,true,0.0137,0.0,112,8192,0.458,0.458,47.93,0.458,0,0,0.038,0.038,21.94,0.0,27.5,23.5,1781033337671301988
1781033337783154811,43,0,8,0,true,0.0138,0.0,112,8192,0.458,0.458,47.93,0.458,0,0,0.038,0.038,21.95,0.0,27.5,23.5,1781033337767782761
1781033337882123662,43,0,8,0,true,0.0138,0.0001,112,8192,0.456,0.456,47.93,0.456,0,0,0.0379,0.0379,21.88,0.0,27.5,23.5,1781033337873403286
1781033337981915821,43,0,8,0,true,0.0138,0.0001,112,8192,0.457,0.457,47.93,0.457,0,0,0.0379,0.0379,21.91,0.0,27.5,23.5,1781033337972302405
1781033338081888730,43,0,8,0,true,0.0138,0.0001,112,8192,0.458,0.458,47.93,0.458,0,0,0.038,0.038,21.95,0.0,27.5,23.5,1781033338073026911
1781033338181380950,43,0,8,0,true,0.0138,0.0001,112,8192,0.457,0.457,47.93,0.457,0,0,0.0379,0.0379,21.9,0.0,27.5,23.5,1781033338173849846
1781033338282131722,43,0,8,0,true,0.0138,0.0,112,8192,0.458,0.458,47.93,0.458,0,0,0.038,0.038,21.94,0.0,27.5,23.5,1781033338270204676
1781033338381765209,43,0,8,0,true,0.0138,0.0,112,8192,0.457,0.457,47.93,0.457,0,0,0.038,0.038,21.92,0.0,27.5,23.5,1781033338378275661
1781033338481694826,43,0,8,0,true,0.0138,0.0001,113,8192,0.457,0.457,47.93,0.457,0,0,0.0379,0.0379,21.91,0.0,27.5,23.5,1781033338475170289
1781033338581928728,43,0,8,0,true,0.0138,0.0001,113,8192,0.457,0.457,47.93,0.457,0,0,0.0379,0.0379,21.9,0.0,27.5,23.5,1781033338572140920
1781033338682433451,43,0,8,0,true,0.0138,0.0,113,8192,0.458,0.458,47.93,0.458,0,0,0.038,0.038,21.95,0.0,27.5,23.5,1781033338672450957
1781033338782495415,43,0,8,0,true,0.0138,0.0,113,8192,0.458,0.458,47.93,0.458,0,0,0.038,0.038,21.93,0.0,27.5,23.5,1781033338773201628
1781033338881840723,43,0,8,0,true,0.0138,0.0001,113,8192,0.458,0.458,47.93,0.458,0,0,0.038,0.038,21.95,0.0,27.5,23.5,1781033338875887611
1781033338982328397,43,0,8,0,true,0.0138,0.0001,113,8192,0.457,0.457,47.93,0.457,0,0,0.0379,0.0379,21.9,0.0,27.5,23.5,1781033338974236396
1781033339082250681,43,0,8,0,true,0.0138,0.0001,113,8192,0.457,0.457,47.93,0.457,0,0,0.0379,0.0379,21.89,0.0,27.5,23.5,1781033339054488457
1781033339181842815,43,0,8,0,true,0.0138,0.0,113,8192,0.458,0.458,47.93,0.458,0,0,0.038,0.038,21.95,0.0,27.5,23.5,1781033339180346786
1781033339281369923,43,0,8,0,true,0.0139,0.0001,113,8192,0.457,0.457,47.93,0.457,0,0,0.0379,0.0379,21.91,0.0,27.5,23.5,1781033339260123562
1781033339381373766,43,0,8,0,true,0.0139,0.0,113,8192,0.458,0.458,47.93,0.458,0,0,0.038,0.038,21.95,0.0,27.5,23.5,1781033339361108399
1781033339481361014,43,0,8,0,true,0.0139,0.0,113,8192,0.458,0.458,47.93,0.458,0,0,0.038,0.038,21.95,0.0,27.5,23.5,1781033339462754052
1781033339582398319,43,0,8,0,true,0.0139,0.0,113,8192,0.458,0.458,47.93,0.458,0,0,0.038,0.038,21.95,0.0,27.5,23.5,1781033339561877937
1781033339681493476,43,0,8,0,true,0.0139,0.0,113,8192,0.458,0.458,47.93,0.458,0,0,0.038,0.038,21.93,0.0,27.5,23.5,1781033339662803063
1781033339781454352,43,0,8,0,true,0.0139,0.0,113,8192,0.457,0.457,47.93,0.457,0,0,0.038,0.038,21.92,0.0,27.5,23.5,1781033339778705369
1781033339881381445,43,0,8,0,true,0.0139,0.0,113,8192,0.458,0.458,47.93,0.458,0,0,0.038,0.038,21.94,0.0,27.5,23.5,1781033339881114641
1781033339981695464,43,0,8,0,true,0.0139,0.0001,113,8192,0.457,0.457,47.93,0.457,0,0,0.0379,0.0379,21.89,0.0,27.5,23.5,1781033339979867208
1781033340081844876,43,0,8,0,true,0.0139,0.0001,113,8192,0.458,0.458,47.93,0.458,0,0,0.038,0.038,21.95,0.0,27.5,23.5,1781033340080244260
1781033340181749075,43,0,8,0,true,0.0139,0.0001,113,8192,0.458,0.458,47.93,0.458,0,0,0.038,0.038,21.95,0.0,27.5,23.5,1781033340164971299
1781033340283173322,43,0,8,0,true,0.0139,0.0002,114,8192,0.456,0.456,47.93,0.456,0,0,0.0379,0.0379,21.87,0.0,27.5,23.5,1781033340264440795
1781033340382443069,43,0,8,0,true,0.0139,0.0001,114,8192,0.458,0.458,47.93,0.458,0,0,0.038,0.038,21.95,0.0,27.5,23.5,1781033340365123293
1781033340482608040,43,0,8,0,true,0.0139,0.0,114,8192,0.458,0.458,47.93,0.458,0,0,0.038,0.038,21.95,0.0,27.5,23.5,1781033340469653913
1781033539541311317,,,,,,,,,,,,,,,,,,,,,,
1781033539641765786,,,,,,,,,,,,,,,,,,,,,,
1781033539742042334,,,,,,,,,,,,,,,,,,,,,,
1781033539841487238,,,,,,,,,,,,,,,,,,,,,,
1781033539941538917,,,,,,,,,,,,,,,,,,,,,,
1781033540041811230,,,,,,,,,,,,,,,,,,,,,,
1781033540142107587,,,,,,,,,,,,,,,,,,,,,,
1781033540241772889,,,,,,,,,,,,,,,,,,,,,,
1781033540342351230,,,,,,,,,,,,,,,,,,,,,,
1781033540441749417,,,,,,,,,,,,,,,,,,,,,,
1781033540542027236,,,,,,,,,,,,,,,,,,,,,,
1781033540641399249,,,,,,,,,,,,,,,,,,,,,,
1781033540741792446,,,,,,,,,,,,,,,,,,,,,,
1781033540841968039,,,,,,,,,,,,,,,,,,,,,,
1781033540941392810,,,,,,,,,,,,,,,,,,,,,,
1781033541042084472,,,,,,,,,,,,,,,,,,,,,,
1781033541141489267,,,,,,,,,,,,,,,,,,,,,,
1781033541241737026,,,,,,,,,,,,,,,,,,,,,,
1781033541342324878,,,,,,,,,,,,,,,,,,,,,,
1781033541441616331,,,,,,,,,,,,,,,,,,,,,,
1781033541541690993,,,,,,,,,,,,,,,,,,,,,,
1781033541642233871,,,,,,,,,,,,,,,,,,,,,,
1781033541742177071,,,,,,,,,,,,,,,,,,,,,,
1781033541841504004,,,,,,,,,,,,,,,,,,,,,,
1781033541941820921,,,,,,,,,,,,,,,,,,,,,,
1781033542042155955,,,,,,,,,,,,,,,,,,,,,,
1781033542142105344,,,,,,,,,,,,,,,,,,,,,,
1781033542241986133,,,,,,,,,,,,,,,,,,,,,,
1781033542342275815,,,,,,,,,,,,,,,,,,,,,,
1781033542442202226,,,,,,,,,,,,,,,,,,,,,,
1781033542541600200,,,,,,,,,,,,,,,,,,,,,,
1781033542642105149,,,,,,,,,,,,,,,,,,,,,,
1781033542741755883,,,,,,,,,,,,,,,,,,,,,,
1781033542841848000,,,,,,,,,,,,,,,,,,,,,,
1781033542942220317,,,,,,,,,,,,,,,,,,,,,,
1781033543041700323,,,,,,,,,,,,,,,,,,,,,,
1781033543141926598,,,,,,,,,,,,,,,,,,,,,,
1781033543241982094,,,,,,,,,,,,,,,,,,,,,,
1781033543341840244,,,,,,,,,,,,,,,,,,,,,,
1781033543442200243,,,,,,,,,,,,,,,,,,,,,,
1781033543542386454,,,,,,,,,,,,,,,,,,,,,,
1781033543641524996,,,,,,,,,,,,,,,,,,,,,,
1781033543741522160,,,,,,,,,,,,,,,,,,,,,,
1781033543841633524,,,,,,,,,,,,,,,,,,,,,,
1781033543941562017,,,,,,,,,,,,,,,,,,,,,,
1781033544042353393,,,,,,,,,,,,,,,,,,,,,,
1781033544141373267,,,,,,,,,,,,,,,,,,,,,,
1781033544242400190,,,,,,,,,,,,,,,,,,,,,,
1781033544341630266,,,,,,,,,,,,,,,,,,,,,,
1781033544441794022,,,,,,,,,,,,,,,,,,,,,,
1781033544541945961,,,,,,,,,,,,,,,,,,,,,,
1781033544641830665,,,,,,,,,,,,,,,,,,,,,,
1781033544741703100,,,,,,,,,,,,,,,,,,,,,,
1781033544841657142,,,,,,,,,,,,,,,,,,,,,,
1781033544941523231,,,,,,,,,,,,,,,,,,,,,,
1781033545041450207,,,,,,,,,,,,,,,,,,,,,,
1781033545142367726,,,,,,,,,,,,,,,,,,,,,,
1781033545241895117,,,,,,,,,,,,,,,,,,,,,,
1781033545341924421,,,,,,,,,,,,,,,,,,,,,,
1781033545442065344,,,,,,,,,,,,,,,,,,,,,,
1781033545542392318,,,,,,,,,,,,,,,,,,,,,,
1781033545641705194,,,,,,,,,,,,,,,,,,,,,,
1781033545742075682,,,,,,,,,,,,,,,,,,,,,,
1781033545841550640,,,,,,,,,,,,,,,,,,,,,,
1781033545942189268,,,,,,,,,,,,,,,,,,,,,,
1781033546041679725,,,,,,,,,,,,,,,,,,,,,,
1781033546141423286,,,,,,,,,,,,,,,,,,,,,,
1781033546241867680,,,,,,,,,,,,,,,,,,,,,,
1781033546341898811,,,,,,,,,,,,,,,,,,,,,,
1781033546442354402,,,,,,,,,,,,,,,,,,,,,,
1781033546541677585,,,,,,,,,,,,,,,,,,,,,,
1781033546641885004,,,,,,,,,,,,,,,,,,,,,,
1781033546742156997,,,,,,,,,,,,,,,,,,,,,,
1781033546841418000,,,,,,,,,,,,,,,,,,,,,,
1781033546942262408,,,,,,,,,,,,,,,,,,,,,,
1781033547042264485,,,,,,,,,,,,,,,,,,,,,,
1781033547141476321,,,,,,,,,,,,,,,,,,,,,,
1781033547241575269,,,,,,,,,,,,,,,,,,,,,,
1781033547341876475,,,,,,,,,,,,,,,,,,,,,,
1781033547442034055,,,,,,,,,,,,,,,,,,,,,,
1781033547542130659,,,,,,,,,,,,,,,,,,,,,,
1781033547642065952,,,,,,,,,,,,,,,,,,,,,,
1781033547741907679,,,,,,,,,,,,,,,,,,,,,,
1781033547841541407,,,,,,,,,,,,,,,,,,,,,,
1781033547942228234,,,,,,,,,,,,,,,,,,,,,,
1781033548044853062,,,,,,,,,,,,,,,,,,,,,,
1781033548141581337,,,,,,,,,,,,,,,,,,,,,,
1781033548241874132,,,,,,,,,,,,,,,,,,,,,,
1781033548341634442,,,,,,,,,,,,,,,,,,,,,,
1781033548442132088,,,,,,,,,,,,,,,,,,,,,,
1781033548542152253,,,,,,,,,,,,,,,,,,,,,,
1781033548642330665,,,,,,,,,,,,,,,,,,,,,,
1781033548741711088,,,,,,,,,,,,,,,,,,,,,,
1781033548842178985,,,,,,,,,,,,,,,,,,,,,,
1781033548942307966,,,,,,,,,,,,,,,,,,,,,,
1781033549042214470,,,,,,,,,,,,,,,,,,,,,,
1781033549141722810,,,,,,,,,,,,,,,,,,,,,,
1781033549241797523,,,,,,,,,,,,,,,,,,,,,,
1781033549341863867,,,,,,,,,,,,,,,,,,,,,,
1781033549441536018,,,,,,,,,,,,,,,,,,,,,,
1781033549544889301,,,,,,,,,,,,,,,,,,,,,,
1781033549641842220,,,,,,,,,,,,,,,,,,,,,,
1781033549741924821,,,,,,,,,,,,,,,,,,,,,,
1781033549841397373,,,,,,,,,,,,,,,,,,,,,,
1781033549942331968,,,,,,,,,,,,,,,,,,,,,,
1781033550041824254,,,,,,,,,,,,,,,,,,,,,,
1781033550142296885,,,,,,,,,,,,,,,,,,,,,,
1781033550241976725,,,,,,,,,,,,,,,,,,,,,,
1781033550341733302,,,,,,,,,,,,,,,,,,,,,,
1781033550442080078,,,,,,,,,,,,,,,,,,,,,,
1781033550541857988,,,,,,,,,,,,,,,,,,,,,,
1781033550642320946,,,,,,,,,,,,,,,,,,,,,,
1781033550741452371,,,,,,,,,,,,,,,,,,,,,,
1781033550841552327,,,,,,,,,,,,,,,,,,,,,,
1781033550941606979,,,,,,,,,,,,,,,,,,,,,,
1781033551042189542,,,,,,,,,,,,,,,,,,,,,,
1781033551141426212,,,,,,,,,,,,,,,,,,,,,,
1781033551241622806,,,,,,,,,,,,,,,,,,,,,,
1781033551341725805,,,,,,,,,,,,,,,,,,,,,,
1781033551442170388,,,,,,,,,,,,,,,,,,,,,,
1781033551542358860,,,,,,,,,,,,,,,,,,,,,,
1781033551642315801,,,,,,,,,,,,,,,,,,,,,,
1781033551742294129,,,,,,,,,,,,,,,,,,,,,,
1781033551844850196,,,,,,,,,,,,,,,,,,,,,,
1781033551942146141,,,,,,,,,,,,,,,,,,,,,,
1781033552041895929,,,,,,,,,,,,,,,,,,,,,,
1781033552142627820,,,,,,,,,,,,,,,,,,,,,,
1781033552241652098,,,,,,,,,,,,,,,,,,,,,,
1781033552344934694,,,,,,,,,,,,,,,,,,,,,,
1781033552442956756,,,,,,,,,,,,,,,,,,,,,,
1781033552544375721,,,,,,,,,,,,,,,,,,,,,,
1781033552642090439,,,,,,,,,,,,,,,,,,,,,,
1781033552742276167,,,,,,,,,,,,,,,,,,,,,,
1781033552841891477,,,,,,,,,,,,,,,,,,,,,,
1781033552941792477,,,,,,,,,,,,,,,,,,,,,,
1781033553041443065,,,,,,,,,,,,,,,,,,,,,,
1781033553141365840,,,,,,,,,,,,,,,,,,,,,,
1781033553242352638,,,,,,,,,,,,,,,,,,,,,,
1781033553342271434,,,,,,,,,,,,,,,,,,,,,,
1781033553441916819,,,,,,,,,,,,,,,,,,,,,,
1781033553542220796,,,,,,,,,,,,,,,,,,,,,,
1781033553641823745,,,,,,,,,,,,,,,,,,,,,,
1781033553741453240,,,,,,,,,,,,,,,,,,,,,,
1781033553842253486,,,,,,,,,,,,,,,,,,,,,,
1781033553941582259,,,,,,,,,,,,,,,,,,,,,,
1781033554042195843,,,,,,,,,,,,,,,,,,,,,,
1781033554144824536,,,,,,,,,,,,,,,,,,,,,,
1781033554242394308,,,,,,,,,,,,,,,,,,,,,,
1781033554342010913,,,,,,,,,,,,,,,,,,,,,,
1781033554442161105,,,,,,,,,,,,,,,,,,,,,,
1781033554541587653,,,,,,,,,,,,,,,,,,,,,,
1781033554644549800,,,,,,,,,,,,,,,,,,,,,,
1781033554742055615,,,,,,,,,,,,,,,,,,,,,,
1781033554842052186,,,,,,,,,,,,,,,,,,,,,,
1781033554942318340,,,,,,,,,,,,,,,,,,,,,,
1781033555041594776,,,,,,,,,,,,,,,,,,,,,,
1781033555142191609,,,,,,,,,,,,,,,,,,,,,,
1781033555244768845,,,,,,,,,,,,,,,,,,,,,,
1781033555341861585,,,,,,,,,,,,,,,,,,,,,,
1781033555444863672,,,,,,,,,,,,,,,,,,,,,,
1781033555541625782,,,,,,,,,,,,,,,,,,,,,,
1781033555641468862,,,,,,,,,,,,,,,,,,,,,,
1781033555742009268,,,,,,,,,,,,,,,,,,,,,,
1781033555841616970,,,,,,,,,,,,,,,,,,,,,,
1781033555941806760,,,,,,,,,,,,,,,,,,,,,,
1781033556041427814,,,,,,,,,,,,,,,,,,,,,,
1781033556141496126,,,,,,,,,,,,,,,,,,,,,,
1781033556242118212,,,,,,,,,,,,,,,,,,,,,,
1781033556341931320,,,,,,,,,,,,,,,,,,,,,,
1781033556442865163,,,,,,,,,,,,,,,,,,,,,,
1781033556541738847,,,,,,,,,,,,,,,,,,,,,,
1781033556642099485,,,,,,,,,,,,,,,,,,,,,,
1781033556742063348,43,0,8,0,true,0.0,0.0008,0,8192,0.442,0.442,48.0,0.442,0,0,0.0367,0.0367,21.23,0.0,25.0,21.0,1781033556722355084
1781033556841723493,43,0,8,0,true,0.0,0.0002,0,8192,0.446,0.446,47.96,0.446,0,0,0.037,0.037,21.39,0.0,25.0,21.0,1781033556839201620
1781033556942379506,43,0,8,0,true,0.0,0.0002,0,8192,0.447,0.447,47.96,0.447,0,0,0.0371,0.0371,21.42,0.0,25.0,21.0,1781033556926713950
1781033557041577845,43,0,8,0,true,0.0001,0.0,0,8192,0.451,0.451,47.96,0.451,0,0,0.0374,0.0374,21.62,0.0,25.0,21.0,1781033557038921069
1781033557141861617,43,0,8,0,true,0.0001,0.0001,0,8192,0.452,0.452,47.96,0.452,0,0,0.0375,0.0375,21.68,0.0,25.0,21.0,1781033557131991400
1781033557244974024,43,0,8,0,true,0.0001,0.0,0,8192,0.453,0.453,47.96,0.453,0,0,0.0376,0.0376,21.71,0.0,25.1,21.1,1781033557230286411
1781033557344897090,43,0,8,0,true,0.0001,0.0001,0,8192,0.452,0.452,47.96,0.452,0,0,0.0376,0.0376,21.7,0.0,25.1,21.1,1781033557333482007
1781033557444883195,43,0,8,0,true,0.0001,0.0001,0,8192,0.453,0.453,47.96,0.453,0,0,0.0376,0.0376,21.72,0.0,25.1,21.1,1781033557417410720
1781033557544931372,43,0,8,0,true,0.0001,0.0,0,8192,0.453,0.453,47.96,0.453,0,0,0.0376,0.0376,21.71,0.0,25.1,21.1,1781033557518419602
1781033557648879773,43,0,8,0,true,0.0001,0.0002,0,8192,0.452,0.452,47.96,0.452,0,0,0.0375,0.0375,21.68,0.0,25.1,21.1,1781033557624958219
1781033557752866293,43,0,8,0,true,0.0001,0.0,0,8192,0.453,0.453,47.96,0.453,0,0,0.0376,0.0376,21.7,0.0,25.1,21.1,1781033557735808139
1781033557850133489,43,0,8,0,true,0.0001,0.0002,1,8192,0.452,0.452,47.96,0.452,0,0,0.0375,0.0375,21.67,0.0,25.1,21.1,1781033557824366174
1781033557950295188,43,0,8,0,true,0.0001,0.0001,1,8192,0.452,0.452,47.96,0.452,0,0,0.0375,0.0375,21.7,0.0,25.1,21.1,1781033557926640039
1781033558049717630,43,0,8,0,true,0.0001,0.0001,1,8192,0.452,0.452,47.96,0.452,0,0,0.0375,0.0375,21.7,0.0,25.2,21.2,1781033558020950594
1781033558152856436,43,0,8,0,true,0.0002,0.0001,1,8192,0.452,0.452,47.96,0.452,0,0,0.0375,0.0375,21.69,0.0,25.2,21.2,1781033558142257593
1781033558250192426,43,0,8,0,true,0.0002,0.0002,1,8192,0.452,0.452,47.96,0.452,0,0,0.0375,0.0375,21.67,0.0,25.2,21.2,1781033558233648675
1781033558349495510,43,0,8,0,true,0.0002,0.0001,1,8192,0.453,0.453,47.96,0.453,0,0,0.0376,0.0376,21.73,0.0,25.2,21.2,1781033558335626536
1781033558450080157,43,0,8,0,true,0.0002,0.0,1,8192,0.453,0.453,47.96,0.453,0,0,0.0376,0.0376,21.72,0.0,25.2,21.2,1781033558428861910
1781033558552922549,43,0,8,0,true,0.0002,0.0001,1,8192,0.453,0.453,47.96,0.453,0,0,0.0376,0.0376,21.72,0.0,25.2,21.2,1781033558541675101
1781033558649660966,43,0,8,0,true,0.0002,0.0,1,8192,0.453,0.453,47.96,0.453,0,0,0.0376,0.0376,21.71,0.0,25.2,21.2,1781033558640926235
1781033558750207339,43,0,8,0,true,0.0002,0.0001,1,8192,0.452,0.452,47.96,0.452,0,0,0.0375,0.0375,21.69,0.0,25.2,21.2,1781033558742473150
1781033558850204585,43,0,8,0,true,0.0002,0.0002,1,8192,0.453,0.453,47.96,0.453,0,0,0.0376,0.0376,21.72,0.0,25.2,21.2,1781033558827267252
1781033558950358823,43,0,8,0,true,0.0002,0.0,1,8192,0.453,0.453,47.96,0.453,0,0,0.0376,0.0376,21.72,0.0,25.3,21.3,1781033558936756482
1781033559050085783,43,0,8,0,true,0.0002,0.0,1,8192,0.452,0.452,47.96,0.452,0,0,0.0375,0.0375,21.7,0.0,25.3,21.3,1781033559031905852
1781033559152850518,43,0,8,0,true,0.0002,0.0001,1,8192,0.453,0.453,47.96,0.453,0,0,0.0376,0.0376,21.71,0.0,25.3,21.3,1781033559148549603
1781033559252887690,43,0,8,0,true,0.0002,0.0002,2,8192,0.453,0.453,47.96,0.453,0,0,0.0376,0.0376,21.72,0.0,25.3,21.3,1781033559237412467
1781033559352852107,43,0,8,0,true,0.0003,0.0001,2,8192,0.453,0.453,47.96,0.453,0,0,0.0376,0.0376,21.71,0.0,25.3,21.3,1781033559332932957
1781033559450120574,43,0,8,0,true,0.0003,0.0,2,8192,0.453,0.453,47.96,0.453,0,0,0.0376,0.0376,21.72,0.0,25.3,21.3,1781033559434374180
1781033559549611177,43,0,8,0,true,0.0003,0.0001,2,8192,0.453,0.453,47.96,0.453,0,0,0.0376,0.0376,21.72,0.0,25.3,21.3,1781033559538001674
1781033559649519482,43,0,8,0,true,0.0003,0.0001,2,8192,0.452,0.452,47.96,0.452,0,0,0.0375,0.0375,21.69,0.0,25.3,21.3,1781033559645203895
1781033559749678358,43,0,8,0,true,0.0003,0.0,2,8192,0.453,0.453,47.96,0.453,0,0,0.0376,0.0376,21.7,0.0,25.3,21.3,1781033559740247987
1781033559849887950,43,0,8,0,true,0.0003,0.0,2,8192,0.453,0.453,47.96,0.453,0,0,0.0376,0.0376,21.71,0.0,25.4,21.4,1781033559849229188
1781033559949442963,43,0,8,0,true,0.0003,0.0001,2,8192,0.453,0.453,47.96,0.453,0,0,0.0376,0.0376,21.72,0.0,25.4,21.4,1781033559947739553
1781033560049529381,43,0,8,0,true,0.0003,0.0,2,8192,0.453,0.453,47.96,0.453,0,0,0.0376,0.0376,21.72,0.0,25.4,21.4,1781033560043149185
1781033560150211068,43,0,8,0,true,0.0003,0.0001,2,8192,0.453,0.453,47.96,0.453,0,0,0.0376,0.0376,21.72,0.0,25.4,21.4,1781033560139180758
1781033560249523767,43,0,8,0,true,0.0003,0.0002,2,8192,0.452,0.452,47.96,0.452,0,0,0.0375,0.0375,21.66,0.0,25.4,21.4,1781033560251160446
1781033560351377271,43,0,8,0,true,0.0003,0.0,2,8192,0.453,0.453,47.96,0.453,0,0,0.0376,0.0376,21.71,0.0,25.4,21.4,1781033560339990754
1781033560449799504,43,0,8,0,true,0.0003,0.0001,2,8192,0.453,0.453,47.96,0.453,0,0,0.0376,0.0376,21.72,0.0,25.4,21.4,1781033560443112227
1781033560550341755,43,0,8,0,true,0.0003,0.0001,2,8192,0.452,0.452,47.96,0.452,0,0,0.0375,0.0375,21.69,0.0,25.4,21.4,1781033560541013148
1781033560649768459,43,0,8,0,true,0.0004,0.0,2,8192,0.452,0.452,47.96,0.452,0,0,0.0375,0.0375,21.7,0.0,25.4,21.4,1781033560649907886
1781033560750225782,43,0,8,0,true,0.0004,0.0002,2,8192,0.452,0.452,47.96,0.452,0,0,0.0375,0.0375,21.67,0.0,25.4,21.4,1781033560734938073
1781033560852920620,43,0,8,0,true,0.0004,0.0,3,8192,0.452,0.452,47.96,0.452,0,0,0.0376,0.0376,21.7,0.0,25.5,21.5,1781033560843299950
1781033560949564605,43,0,8,0,true,0.0004,0.0,3,8192,0.453,0.453,47.96,0.453,0,0,0.0376,0.0376,21.71,0.0,25.5,21.5,1781033560948153258
1781033561049668998,43,0,8,0,true,0.0004,0.0001,3,8192,0.453,0.453,47.96,0.453,0,0,0.0376,0.0376,21.7,0.0,25.5,21.5,1781033561045959739
1781033561149747903,43,0,8,0,true,0.0004,0.0001,3,8192,0.452,0.452,47.96,0.452,0,0,0.0375,0.0375,21.69,0.0,25.5,21.5,1781033561148367320
1781033561250326757,43,0,8,0,true,0.0004,0.0,3,8192,0.453,0.453,47.96,0.453,0,0,0.0376,0.0376,21.7,0.0,25.5,21.5,1781033561241026844
1781033561349950349,43,0,8,0,true,0.0004,0.0,3,8192,0.453,0.453,47.96,0.453,0,0,0.0376,0.0376,21.7,0.0,25.5,21.5,1781033561341918106
1781033561452868235,43,0,8,0,true,0.0004,0.0001,3,8192,0.453,0.453,47.96,0.453,0,0,0.0376,0.0376,21.71,0.0,25.5,21.5,1781033561440896524
1781033561550040357,43,0,8,0,true,0.0004,0.0001,3,8192,0.453,0.453,47.96,0.453,0,0,0.0376,0.0376,21.72,0.0,25.5,21.5,1781033561529596579
1781033561650449027,43,0,8,0,true,0.0004,0.0002,3,8192,0.452,0.452,47.96,0.452,0,0,0.0375,0.0375,21.68,0.0,25.5,21.5,1781033561631989582
1781033561749976764,43,0,8,0,true,0.0004,0.0,3,8192,0.452,0.452,47.96,0.452,0,0,0.0375,0.0375,21.7,0.0,25.5,21.5,1781033561731819492
1781033561852891157,43,0,8,0,true,0.0005,0.0001,3,8192,0.452,0.452,47.96,0.452,0,0,0.0375,0.0375,21.69,0.0,25.6,21.6,1781033561834744856
1781033561952897497,43,0,8,0,true,0.0005,0.0,3,8192,0.453,0.453,47.96,0.453,0,0,0.0376,0.0376,21.72,0.0,25.6,21.6,1781033561944828573
1781033562049906190,43,0,8,0,true,0.0005,0.0001,3,8192,0.452,0.452,47.96,0.452,0,0,0.0375,0.0375,21.69,0.0,25.6,21.6,1781033562044021101
1781033562152855663,43,0,8,0,true,0.0005,0.0002,3,8192,0.453,0.453,47.96,0.453,0,0,0.0376,0.0376,21.72,0.0,25.6,21.6,1781033562123027185
1781033562250091007,43,0,8,0,true,0.0005,0.0001,4,8192,0.452,0.452,47.96,0.452,0,0,0.0376,0.0376,21.7,0.0,25.6,21.6,1781033562212323622
1781033562352821987,43,0,8,0,true,0.0005,0.0,4,8192,0.453,0.453,47.96,0.453,0,0,0.0376,0.0376,21.7,0.0,25.6,21.6,1781033562338464507
1781033562450136112,43,0,8,0,true,0.0005,0.0,4,8192,0.453,0.453,47.96,0.453,0,0,0.0376,0.0376,21.71,0.0,25.6,21.6,1781033562447000418
1781033562550002093,43,0,8,0,true,0.0005,0.0002,4,8192,0.452,0.452,47.96,0.452,0,0,0.0375,0.0375,21.68,0.0,25.6,21.6,1781033562549855476
1781033562650338376,43,0,8,0,true,0.0005,0.0001,4,8192,0.453,0.453,47.96,0.453,0,0,0.0376,0.0376,21.72,0.0,25.6,21.6,1781033562634727158
1781033562750141309,43,0,8,0,true,0.0005,0.0001,4,8192,0.453,0.453,47.96,0.453,0,0,0.0376,0.0376,21.7,0.0,25.6,21.6,1781033562733611346
1781033562849419265,43,0,8,0,true,0.0005,0.0,4,8192,0.453,0.453,47.96,0.453,0,0,0.0376,0.0376,21.71,0.0,25.6,21.6,1781033562843893520
1781033562950661761,43,0,8,0,true,0.0005,0.0002,4,8192,0.452,0.452,47.96,0.452,0,0,0.0375,0.0375,21.67,0.0,25.7,21.7,1781033562950345336
1781033563050056697,43,0,8,0,true,0.0006,0.0002,4,8192,0.452,0.452,47.96,0.452,0,0,0.0375,0.0375,21.68,0.0,25.7,21.7,1781033563038772788
1781033563152143986,43,0,8,0,true,0.0006,0.0001,4,8192,0.452,0.452,47.96,0.452,0,0,0.0375,0.0375,21.68,0.0,25.7,21.7,1781033563119255910
1781033563252861401,43,0,8,0,true,0.0006,0.0,4,8192,0.452,0.452,47.96,0.452,0,0,0.0376,0.0376,21.7,0.0,25.7,21.7,1781033563239299317
1781033563350244618,43,0,8,0,true,0.0006,0.0,4,8192,0.453,0.453,47.96,0.453,0,0,0.0376,0.0376,21.71,0.0,25.7,21.7,1781033563329054873
1781033563449765799,43,0,8,0,true,0.0006,0.0,4,8192,0.452,0.452,47.96,0.452,0,0,0.0375,0.0375,21.69,0.0,25.7,21.7,1781033563441822501
1781033563552912348,43,0,8,0,true,0.0006,0.0001,4,8192,0.452,0.452,47.96,0.452,0,0,0.0375,0.0375,21.69,0.0,25.7,21.7,1781033563538133040
1781033563649457099,43,0,8,0,true,0.0006,0.0001,4,8192,0.453,0.453,47.96,0.453,0,0,0.0376,0.0376,21.71,0.0,25.7,21.7,1781033563645460554
1781033563749720608,43,0,8,0,true,0.0006,0.0001,4,8192,0.453,0.453,47.96,0.453,0,0,0.0376,0.0376,21.71,0.0,25.7,21.7,1781033563739077043
1781033563850089713,43,0,8,0,true,0.0006,0.0001,4,8192,0.453,0.453,47.96,0.453,0,0,0.0376,0.0376,21.71,0.0,25.7,21.7,1781033563814313526
1781033563950134336,43,0,8,0,true,0.0006,0.0002,5,8192,0.453,0.453,47.96,0.453,0,0,0.0376,0.0376,21.71,0.0,25.7,21.7,1781033563917114634
1781033564050064993,43,0,8,0,true,0.0006,0.0002,5,8192,0.452,0.452,47.96,0.452,0,0,0.0375,0.0375,21.68,0.0,25.8,21.8,1781033564024523301
1781033564152868251,43,0,8,0,true,0.0006,0.0,5,8192,0.452,0.452,47.96,0.452,0,0,0.0376,0.0376,21.7,0.0,25.8,21.8,1781033564129085526
1781033564250331153,43,0,8,0,true,0.0006,0.0,5,8192,0.453,0.453,47.96,0.453,0,0,0.0376,0.0376,21.71,0.0,25.8,21.8,1781033564249003140
1781033564349581040,43,0,8,0,true,0.0006,0.0002,5,8192,0.452,0.452,47.96,0.452,0,0,0.0375,0.0375,21.68,0.0,25.8,21.8,1781033564319483030
1781033564449682840,43,0,8,0,true,0.0007,0.0002,5,8192,0.453,0.453,47.96,0.453,0,0,0.0376,0.0376,21.71,0.0,25.8,21.8,1781033564433555155
1781033564550830251,43,0,8,0,true,0.0007,0.0001,5,8192,0.452,0.452,47.96,0.452,0,0,0.0375,0.0375,21.69,0.0,25.8,21.8,1781033564529556448
1781033564650046291,43,0,8,0,true,0.0007,0.0002,5,8192,0.452,0.452,47.96,0.452,0,0,0.0375,0.0375,21.67,0.0,25.8,21.8,1781033564646727724
1781033564751197008,43,0,8,0,true,0.0007,0.0001,5,8192,0.453,0.453,47.96,0.453,0,0,0.0376,0.0376,21.7,0.0,25.8,21.8,1781033564740193327
1781033564849985933,43,0,8,0,true,0.0007,0.0001,5,8192,0.452,0.452,47.96,0.452,0,0,0.0376,0.0376,21.7,0.0,25.8,21.8,1781033564837461047
1781033564950180957,43,0,8,0,true,0.0007,0.0,5,8192,0.453,0.453,47.96,0.453,0,0,0.0376,0.0376,21.7,0.0,25.8,21.8,1781033564933442193
1781033565056977474,43,0,8,0,true,0.0007,0.0,5,8192,0.452,0.452,47.96,0.452,0,0,0.0375,0.0375,21.69,0.0,25.8,21.8,1781033565039911942
1781033565160967189,43,0,8,0,true,0.0007,0.0,5,8192,0.452,0.452,47.96,0.452,0,0,0.0375,0.0375,21.69,0.0,25.8,21.8,1781033565149960315
1781033565258006378,43,0,8,0,true,0.0007,0.0001,5,8192,0.452,0.452,47.96,0.452,0,0,0.0375,0.0375,21.68,0.0,25.9,21.9,1781033565244005379
1781033565365823701,43,0,8,0,true,0.0007,0.0001,6,8192,0.452,0.452,47.96,0.452,0,0,0.0376,0.0376,21.7,0.0,25.9,21.9,1781033565359443799
1781033565466574397,43,0,8,0,true,0.0007,0.0,6,8192,0.452,0.452,47.96,0.452,0,0,0.0375,0.0375,21.69,0.0,25.9,21.9,1781033565466308686
1781033565566868067,43,0,8,0,true,0.0008,0.0002,6,8192,0.452,0.452,47.96,0.452,0,0,0.0375,0.0375,21.67,0.0,25.9,21.9,1781033565565517410
1781033565666373568,43,0,8,0,true,0.0008,0.0,6,8192,0.453,0.453,47.96,0.453,0,0,0.0376,0.0376,21.71,0.0,25.9,21.9,1781033565646029501
1781033565766632429,43,0,8,0,true,0.0008,0.0,6,8192,0.452,0.452,47.96,0.452,0,0,0.0375,0.0375,21.68,0.0,25.9,21.9,1781033565752261417
1781033565871859209,43,0,8,0,true,0.0008,0.0,6,8192,0.453,0.453,47.96,0.453,0,0,0.0376,0.0376,21.7,0.0,25.9,21.9,1781033565839250194
1781033565976882564,43,0,8,0,true,0.0008,0.0001,6,8192,0.452,0.452,47.96,0.452,0,0,0.0375,0.0375,21.68,0.0,25.9,21.9,1781033565964875969
1781033566082140163,43,0,8,0,true,0.0008,0.0001,6,8192,0.452,0.452,47.96,0.452,0,0,0.0375,0.0375,21.7,0.0,25.9,21.9,1781033566074711287
1781033566184895815,43,0,8,0,true,0.0008,0.0001,6,8192,0.452,0.452,47.96,0.452,0,0,0.0375,0.0375,21.68,0.0,25.9,21.9,1781033566181251296
1781033566282735930,43,0,8,0,true,0.0008,0.0,6,8192,0.452,0.452,47.96,0.452,0,0,0.0375,0.0375,21.69,0.0,25.9,21.9,1781033566255946514
1781033566384292096,43,0,8,0,true,0.0008,0.0,6,8192,0.452,0.452,47.96,0.452,0,0,0.0376,0.0376,21.7,0.0,25.9,21.9,1781033566359635813
1781033566484891785,43,0,8,0,true,0.0008,0.0001,6,8192,0.452,0.452,47.96,0.452,0,0,0.0375,0.0375,21.7,0.0,25.9,21.9,1781033566463956409
1781033566582449258,43,0,8,0,true,0.0008,0.0003,6,8192,0.453,0.453,47.96,0.453,0,0,0.0376,0.0376,21.71,0.0,26.0,22.0,1781033566583575018
1781033566688942088,43,0,8,0,true,0.0009,0.0002,6,8192,0.453,0.453,47.96,0.453,0,0,0.0376,0.0376,21.71,0.0,26.0,22.0,1781033566670342933
1781033566789825732,43,0,8,0,true,0.0009,0.0002,7,8192,0.452,0.452,47.96,0.452,0,0,0.0375,0.0375,21.67,0.0,26.0,22.0,1781033566773324420
1781033566889766817,43,0,8,0,true,0.0009,0.0001,7,8192,0.452,0.452,47.96,0.452,0,0,0.0376,0.0376,21.7,0.0,26.0,22.0,1781033566860845454
1781033566996963011,43,0,8,0,true,0.0009,0.0001,7,8192,0.452,0.452,47.96,0.452,0,0,0.0375,0.0375,21.68,0.0,26.0,22.0,1781033566975483442
1781033567097766497,43,0,8,0,true,0.0009,0.0,7,8192,0.452,0.452,47.96,0.452,0,0,0.0376,0.0376,21.7,0.0,26.0,22.0,1781033567083145584
1781033567200973249,43,0,8,0,true,0.0009,0.0001,7,8192,0.452,0.452,47.96,0.452,0,0,0.0375,0.0375,21.69,0.0,26.0,22.0,1781033567190013358
1781033567297985169,43,0,8,0,true,0.0009,0.0,7,8192,0.452,0.452,47.96,0.452,0,0,0.0375,0.0375,21.69,0.0,26.0,22.0,1781033567265240926
1781033567397445561,43,0,8,0,true,0.0009,0.0001,7,8192,0.452,0.452,47.96,0.452,0,0,0.0375,0.0375,21.67,0.0,26.0,22.0,1781033567370661075
1781033567504956223,43,0,8,0,true,0.0009,0.0,7,8192,0.452,0.452,47.96,0.452,0,0,0.0375,0.0375,21.69,0.0,26.0,22.0,1781033567478302335
1781033567606159012,43,0,8,0,true,0.0009,0.0,7,8192,0.452,0.452,47.96,0.452,0,0,0.0375,0.0375,21.68,0.0,26.0,22.0,1781033567594176715
1781033567708857636,43,0,8,0,true,0.0009,0.0,7,8192,0.452,0.452,47.96,0.452,0,0,0.0375,0.0375,21.68,0.0,26.0,22.0,1781033567700447109
1781033567805617208,43,0,8,0,true,0.0009,0.0002,7,8192,0.451,0.451,47.96,0.451,0,0,0.0374,0.0374,21.64,0.0,26.0,22.0,1781033567774514109
1781033567905844568,43,0,8,0,true,0.001,0.0002,7,8192,0.453,0.453,47.96,0.453,0,0,0.0376,0.0376,21.71,0.0,26.1,22.1,1781033567895055874
1781033568005462285,43,0,8,0,true,0.001,0.0002,7,8192,0.452,0.452,47.96,0.452,0,0,0.0375,0.0375,21.67,0.0,26.1,22.1,1781033567985775098
1781033568105984650,43,0,8,0,true,0.001,0.0,7,8192,0.453,0.453,47.96,0.453,0,0,0.0376,0.0376,21.71,0.0,26.1,22.1,1781033568083334133
1781033568206004387,43,0,8,0,true,0.001,0.0001,8,8192,0.452,0.452,47.96,0.452,0,0,0.0375,0.0375,21.69,0.0,26.1,22.1,1781033568174568121
1781033568306188244,43,0,8,0,true,0.001,0.0003,8,8192,0.453,0.453,47.96,0.453,0,0,0.0376,0.0376,21.71,0.0,26.1,22.1,1781033568286620190
1781033568408848021,43,0,8,0,true,0.001,0.0003,8,8192,0.453,0.453,47.96,0.453,0,0,0.0376,0.0376,21.71,0.0,26.1,22.1,1781033568404189584
1781033568508866240,43,0,8,0,true,0.001,0.0,8,8192,0.452,0.452,47.96,0.452,0,0,0.0375,0.0375,21.69,0.0,26.1,22.1,1781033568490475771
1781033568605785081,43,0,8,0,true,0.001,0.0,8,8192,0.452,0.452,47.96,0.452,0,0,0.0375,0.0375,21.7,0.0,26.1,22.1,1781033568588611617
1781033568705827345,43,0,8,0,true,0.001,0.0001,8,8192,0.452,0.452,47.96,0.452,0,0,0.0375,0.0375,21.67,0.0,26.1,22.1,1781033568703351324
1781033568805794138,43,0,8,0,true,0.001,0.0001,8,8192,0.452,0.452,47.96,0.452,0,0,0.0375,0.0375,21.67,0.0,26.1,22.1,1781033568796860361
1781033568907442407,43,0,8,0,true,0.001,0.0002,8,8192,0.452,0.452,47.96,0.452,0,0,0.0375,0.0375,21.66,0.0,26.1,22.1,1781033568876833268
1781033569008858696,43,0,8,0,true,0.0011,0.0,8,8192,0.452,0.452,47.96,0.452,0,0,0.0375,0.0375,21.7,0.0,26.1,22.1,1781033568988959756
1781033569106294589,43,0,8,0,true,0.0011,0.0001,8,8192,0.452,0.452,47.96,0.452,0,0,0.0375,0.0375,21.67,0.0,26.1,22.1,1781033569074637514
1781033569206060834,43,0,8,0,true,0.0011,0.0002,8,8192,0.452,0.452,47.96,0.452,0,0,0.0375,0.0375,21.67,0.0,26.1,22.1,1781033569174112784
1781033569313217101,43,0,8,0,true,0.0011,0.0002,8,8192,0.451,0.451,47.96,0.451,0,0,0.0375,0.0375,21.64,0.0,26.1,22.1,1781033569296329332
1781033569413476894,43,0,8,0,true,0.0011,0.0002,8,8192,0.451,0.451,47.96,0.451,0,0,0.0374,0.0374,21.62,0.0,26.2,22.2,1781033569391787793
1781033569515085278,43,0,8,0,true,0.0011,0.0001,9,8192,0.452,0.452,47.96,0.452,0,0,0.0375,0.0375,21.69,0.0,26.2,22.2,1781033569514740375
1781033569621018208,43,0,8,0,true,0.0011,0.0,9,8192,0.452,0.452,47.96,0.452,0,0,0.0375,0.0375,21.7,0.0,26.2,22.2,1781033569609361699
1781033569728883061,43,0,8,0,true,0.0011,0.0001,9,8192,0.452,0.452,47.96,0.452,0,0,0.0375,0.0375,21.68,0.0,26.2,22.2,1781033569718565703
1781033569830236752,43,0,8,0,true,0.0011,0.0001,9,8192,0.452,0.452,47.96,0.452,0,0,0.0375,0.0375,21.67,0.0,26.2,22.2,1781033569814897985
1781033569930061938,43,0,8,0,true,0.0011,0.0002,9,8192,0.451,0.451,47.96,0.451,0,0,0.0375,0.0375,21.64,0.0,26.2,22.2,1781033569893272676
1781033570032875955,43,0,8,0,true,0.0012,0.0,9,8192,0.452,0.452,47.96,0.452,0,0,0.0375,0.0375,21.68,0.0,26.2,22.2,1781033570025790355
1781033570130310443,43,0,8,0,true,0.0012,0.0001,9,8192,0.452,0.452,47.96,0.452,0,0,0.0375,0.0375,21.67,0.0,26.2,22.2,1781033570126089386
1781033570232888768,43,0,8,0,true,0.0012,0.0001,9,8192,0.452,0.452,47.96,0.452,0,0,0.0375,0.0375,21.67,0.0,26.2,22.2,1781033570220450939
1781033570330295298,43,0,8,0,true,0.0012,0.0001,9,8192,0.452,0.452,47.96,0.452,0,0,0.0375,0.0375,21.69,0.0,26.2,22.2,1781033570327897876
1781033570432887928,43,0,8,0,true,0.0012,0.0,9,8192,0.453,0.453,47.96,0.453,0,0,0.0376,0.0376,21.7,0.0,26.2,22.2,1781033570422293288
1781033570533115429,43,0,8,0,true,0.0012,0.0001,9,8192,0.452,0.452,47.96,0.452,0,0,0.0375,0.0375,21.67,0.0,26.2,22.2,1781033570519997278
1781033570630184199,43,0,8,0,true,0.0012,0.0001,9,8192,0.452,0.452,47.96,0.452,0,0,0.0375,0.0375,21.67,0.0,26.2,22.2,1781033570626028675
1781033570732874793,43,0,8,0,true,0.0012,0.0002,9,8192,0.451,0.451,47.96,0.451,0,0,0.0375,0.0375,21.65,0.0,26.2,22.2,1781033570725103654
1781033570830994655,43,0,8,0,true,0.0012,0.0,10,8192,0.452,0.452,47.96,0.452,0,0,0.0375,0.0375,21.69,0.0,26.2,22.2,1781033570797871787
1781033570929311440,43,0,8,0,true,0.0012,0.0,10,8192,0.452,0.452,47.96,0.452,0,0,0.0375,0.0375,21.69,0.0,26.2,22.2,1781033570898601688
1781033571034723429,43,0,8,0,true,0.0012,0.0001,10,8192,0.452,0.452,47.96,0.452,0,0,0.0375,0.0375,21.69,0.0,26.3,22.3,1781033570997307354
1781033571135501289,43,0,8,0,true,0.0013,0.0002,10,8192,0.452,0.452,47.96,0.452,0,0,0.0376,0.0376,21.7,0.0,26.3,22.3,1781033571131789837
1781033571235910320,43,0,8,0,true,0.0013,0.0,10,8192,0.453,0.453,47.96,0.453,0,0,0.0376,0.0376,21.7,0.0,26.3,22.3,1781033571219735901
1781033571336396664,43,0,8,0,true,0.0013,0.0001,10,8192,0.452,0.452,47.96,0.452,0,0,0.0375,0.0375,21.67,0.0,26.3,22.3,1781033571325562842
1781033571436474495,43,0,8,0,true,0.0013,0.0002,10,8192,0.451,0.451,47.96,0.451,0,0,0.0374,0.0374,21.61,0.0,26.3,22.3,1781033571418477298
1781033571540998160,43,0,8,0,true,0.0013,0.0,10,8192,0.452,0.452,47.96,0.452,0,0,0.0375,0.0375,21.68,0.0,26.3,22.3,1781033571507585540
1781033571641598097,43,0,8,0,true,0.0013,0.0001,10,8192,0.452,0.452,47.96,0.452,0,0,0.0375,0.0375,21.69,0.0,26.3,22.3,1781033571624647774
1781033571741493823,43,0,8,0,true,0.0013,0.0001,10,8192,0.452,0.452,47.96,0.452,0,0,0.0375,0.0375,21.69,0.0,26.3,22.3,1781033571704617253
1781033571842391635,43,0,8,0,true,0.0013,0.0002,10,8192,0.451,0.451,47.96,0.451,0,0,0.0374,0.0374,21.63,0.0,26.3,22.3,1781033571839707414
1781033571941586592,43,0,8,0,true,0.0013,0.0,11,8192,0.452,0.452,47.96,0.452,0,0,0.0375,0.0375,21.67,0.0,26.3,22.3,1781033571921110590
1781033572041475822,43,0,8,0,true,0.0014,0.0,11,8192,0.452,0.452,47.96,0.452,0,0,0.0375,0.0375,21.69,0.0,26.3,22.3,1781033572010559724
1781033572142358845,43,0,8,0,true,0.0014,0.0,11,8192,0.452,0.452,47.96,0.452,0,0,0.0375,0.0375,21.68,0.0,26.3,22.3,1781033572140004029
1781033572241431588,43,0,8,0,true,0.0014,0.0,11,8192,0.452,0.452,47.96,0.452,0,0,0.0375,0.0375,21.68,0.0,26.3,22.3,1781033572204532532
1781033572341516576,43,0,8,0,true,0.0014,0.0001,11,8192,0.452,0.452,47.96,0.452,0,0,0.0375,0.0375,21.66,0.0,26.3,22.3,1781033572340869859
1781033572444907993,43,0,8,0,true,0.0014,0.0001,11,8192,0.452,0.452,47.96,0.452,0,0,0.0375,0.0375,21.67,0.0,26.3,22.3,1781033572430337748
1781033572547037733,43,0,8,0,true,0.0014,0.0,11,8192,0.452,0.452,47.96,0.452,0,0,0.0375,0.0375,21.69,0.0,26.3,22.3,1781033572537418916
1781033572648130409,43,0,8,0,true,0.0014,0.0001,11,8192,0.452,0.452,47.96,0.452,0,0,0.0375,0.0375,21.66,0.0,26.3,22.3,1781033572635360662
1781033572750000295,43,0,8,0,true,0.0014,0.0,11,8192,0.452,0.452,47.96,0.452,0,0,0.0375,0.0375,21.67,0.0,26.4,22.4,1781033572727060766
1781033572848058584,43,0,8,0,true,0.0014,0.0,11,8192,0.452,0.452,47.96,0.452,0,0,0.0375,0.0375,21.68,0.0,26.4,22.4,1781033572843777267
1781033572948007064,43,0,8,0,true,0.0014,0.0,11,8192,0.452,0.452,47.96,0.452,0,0,0.0375,0.0375,21.69,0.0,26.4,22.4,1781033572940503908
1781033573052095876,43,0,8,0,true,0.0014,0.0002,11,8192,0.451,0.451,47.96,0.451,0,0,0.0374,0.0374,21.63,0.0,26.4,22.4,1781033573035890460
1781033573156841323,43,0,8,0,true,0.0014,0.0001,11,8192,0.452,0.452,47.96,0.452,0,0,0.0375,0.0375,21.68,0.0,26.4,22.4,1781033573138157748
1781033573260950263,43,0,8,0,true,0.0015,0.0,11,8192,0.452,0.452,47.96,0.452,0,0,0.0375,0.0375,21.68,0.0,26.4,22.4,1781033573240048767
1781033573364921306,43,0,8,0,true,0.0015,0.0001,11,8192,0.452,0.452,47.96,0.452,0,0,0.0375,0.0375,21.66,0.0,26.4,22.4,1781033573342580808
1781033573461931961,43,0,8,0,true,0.0015,0.0001,12,8192,0.452,0.452,47.96,0.452,0,0,0.0375,0.0375,21.68,0.0,26.4,22.4,1781033573458578315
1781033573561481416,43,0,8,0,true,0.0015,0.0,12,8192,0.452,0.452,47.96,0.452,0,0,0.0375,0.0375,21.67,0.0,26.4,22.4,1781033573536876368
1781033573664922965,43,0,8,0,true,0.0015,0.0,12,8192,0.452,0.452,47.96,0.452,0,0,0.0375,0.0375,21.68,0.0,26.4,22.4,1781033573639673469
1781033573762102255,43,0,8,0,true,0.0015,0.0,12,8192,0.452,0.452,47.96,0.452,0,0,0.0375,0.0375,21.68,0.0,26.4,22.4,1781033573738112791
1781033573862132607,43,0,8,0,true,0.0015,0.0001,12,8192,0.452,0.452,47.96,0.452,0,0,0.0375,0.0375,21.68,0.0,26.4,22.4,1781033573859785140
1781033573962192105,43,0,8,0,true,0.0015,0.0002,12,8192,0.452,0.452,47.96,0.452,0,0,0.0375,0.0375,21.7,0.0,26.4,22.4,1781033573941769419
1781033574062350977,43,0,8,0,true,0.0015,0.0001,12,8192,0.452,0.452,47.96,0.452,0,0,0.0375,0.0375,21.68,0.0,26.4,22.4,1781033574057302337
1781033574164887705,43,0,8,0,true,0.0015,0.0002,12,8192,0.451,0.451,47.96,0.451,0,0,0.0374,0.0374,21.61,0.0,26.4,22.4,1781033574150938703
1781033574261399206,43,0,8,0,true,0.0015,0.0,12,8192,0.452,0.452,47.96,0.452,0,0,0.0375,0.0375,21.68,0.0,26.4,22.4,1781033574238123378
1781033574361311403,43,0,8,0,true,0.0016,0.0001,12,8192,0.452,0.452,47.96,0.452,0,0,0.0375,0.0375,21.68,0.0,26.4,22.4,1781033574341384307
1781033574464870528,43,0,8,0,true,0.0016,0.0001,12,8192,0.451,0.451,47.96,0.451,0,0,0.0375,0.0375,21.65,0.0,26.4,22.4,1781033574444326308
1781033574568903351,43,0,8,0,true,0.0016,0.0,12,8192,0.452,0.452,47.96,0.452,0,0,0.0375,0.0375,21.69,0.0,26.4,22.4,1781033574537098375
1781033574670081134,43,0,8,0,true,0.0016,0.0001,13,8192,0.452,0.452,47.96,0.452,0,0,0.0375,0.0375,21.68,0.0,26.5,22.5,1781033574653282842
1781033574769768472,43,0,8,0,true,0.0016,0.0001,13,8192,0.452,0.452,47.96,0.452,0,0,0.0375,0.0375,21.68,0.0,26.5,22.5,1781033574764295362
1781033574870180843,43,0,8,0,true,0.0016,0.0,13,8192,0.452,0.452,47.96,0.452,0,0,0.0375,0.0375,21.68,0.0,26.5,22.5,1781033574849348339
1781033574970167717,43,0,8,0,true,0.0016,0.0002,13,8192,0.451,0.451,47.96,0.451,0,0,0.0374,0.0374,21.63,0.0,26.5,22.5,1781033574947364309
1781033575069365346,43,0,8,0,true,0.0016,0.0001,13,8192,0.452,0.452,47.96,0.452,0,0,0.0375,0.0375,21.69,0.0,26.5,22.5,1781033575069075088
1781033575170220941,43,0,8,0,true,0.0016,0.0001,13,8192,0.452,0.452,47.96,0.452,0,0,0.0375,0.0375,21.66,0.0,26.5,22.5,1781033575158544012
1781033575269923470,43,0,8,0,true,0.0016,0.0,13,8192,0.452,0.452,47.96,0.452,0,0,0.0375,0.0375,21.68,0.0,26.5,22.5,1781033575252121783
1781033575369671332,43,0,8,0,true,0.0016,0.0,13,8192,0.452,0.452,47.96,0.452,0,0,0.0375,0.0375,21.68,0.0,26.5,22.5,1781033575341894871
1781033575470998612,43,0,8,0,true,0.0017,0.0003,13,8192,0.452,0.452,47.96,0.452,0,0,0.0375,0.0375,21.69,0.0,26.5,22.5,1781033575452348738
1781033575570751507,43,0,8,0,true,0.0017,0.0,13,8192,0.452,0.452,47.96,0.452,0,0,0.0375,0.0375,21.69,0.0,26.5,22.5,1781033575547381547
1781033575672858744,43,0,8,0,true,0.0017,0.0002,13,8192,0.45,0.45,47.96,0.45,0,0,0.0374,0.0374,21.59,0.0,26.5,22.5,1781033575653115712
1781033575772862388,43,0,8,0,true,0.0017,0.0,13,8192,0.452,0.452,47.96,0.452,0,0,0.0375,0.0375,21.68,0.0,26.5,22.5,1781033575756973936
1781033575870173256,43,0,8,0,true,0.0017,0.0002,13,8192,0.451,0.451,47.96,0.451,0,0,0.0375,0.0375,21.65,0.0,26.5,22.5,1781033575850594470
1781033575970186759,43,0,8,0,true,0.0017,0.0,14,8192,0.452,0.452,47.96,0.452,0,0,0.0375,0.0375,21.67,0.0,26.5,22.5,1781033575955113714
1781033576069922257,43,0,8,0,true,0.0017,0.0001,14,8192,0.452,0.452,47.96,0.452,0,0,0.0375,0.0375,21.68,0.0,26.5,22.5,1781033576035675279
1781033576172873371,43,0,8,0,true,0.0017,0.0002,14,8192,0.451,0.451,47.96,0.451,0,0,0.0375,0.0375,21.65,0.0,26.5,22.5,1781033576155101518
1781033576276881091,43,0,8,0,true,0.0018,0.0001,14,8192,0.452,0.452,47.96,0.452,0,0,0.0375,0.0375,21.68,0.0,26.5,22.5,1781033576263233911
1781033576378138750,43,0,8,0,true,0.0018,0.0,14,8192,0.452,0.452,47.96,0.452,0,0,0.0375,0.0375,21.67,0.0,26.5,22.5,1781033576358790542
1781033576478122830,43,0,8,0,true,0.0018,0.0,14,8192,0.452,0.452,47.96,0.452,0,0,0.0375,0.0375,21.67,0.0,26.5,22.5,1781033576469684731
1781033576578279000,43,0,8,0,true,0.0018,0.0,14,8192,0.452,0.452,47.96,0.452,0,0,0.0375,0.0375,21.68,0.0,26.5,22.5,1781033576576700702
1781033576685064496,43,0,8,0,true,0.0018,0.0,14,8192,0.452,0.452,47.96,0.452,0,0,0.0375,0.0375,21.67,0.0,26.5,22.5,1781033576656313340
1781033576788864792,43,0,8,0,true,0.0018,0.0,14,8192,0.452,0.452,47.96,0.452,0,0,0.0375,0.0375,21.67,0.0,26.6,22.6,1781033576775110575
1781033576889144038,43,0,8,0,true,0.0018,0.0001,14,8192,0.452,0.452,47.96,0.452,0,0,0.0375,0.0375,21.65,0.0,26.6,22.6,1781033576877380616
1781033576987597572,43,0,8,0,true,0.0018,0.0,14,8192,0.452,0.452,47.96,0.452,0,0,0.0375,0.0375,21.69,0.0,26.6,22.6,1781033576967686973
1781033577086168504,43,0,8,0,true,0.0018,0.0002,15,8192,0.452,0.452,47.96,0.452,0,0,0.0375,0.0375,21.69,0.0,26.6,22.6,1781033577062212173
1781033577188870364,43,0,8,0,true,0.0018,0.0,15,8192,0.452,0.452,47.96,0.452,0,0,0.0375,0.0375,21.68,0.0,26.6,22.6,1781033577167355204
1781033577285980862,43,0,8,0,true,0.0019,0.0001,15,8192,0.452,0.452,47.96,0.452,0,0,0.0375,0.0375,21.68,0.0,26.6,22.6,1781033577278243634
1781033577386098188,43,0,8,0,true,0.0019,0.0001,15,8192,0.452,0.452,47.96,0.452,0,0,0.0375,0.0375,21.66,0.0,26.6,22.6,1781033577366680609
1781033577488880520,43,0,8,0,true,0.0019,0.0002,15,8192,0.451,0.451,47.96,0.451,0,0,0.0374,0.0374,21.61,0.0,26.6,22.6,1781033577469907738
1781033577585883151,43,0,8,0,true,0.0019,0.0001,15,8192,0.452,0.452,47.96,0.452,0,0,0.0375,0.0375,21.68,0.0,26.6,22.6,1781033577576217185
1781033577686065115,43,0,8,0,true,0.0019,0.0001,15,8192,0.452,0.452,47.96,0.452,0,0,0.0375,0.0375,21.67,0.0,26.6,22.6,1781033577666949995
1781033577786020443,43,0,8,0,true,0.0019,0.0,15,8192,0.452,0.452,47.96,0.452,0,0,0.0375,0.0375,21.69,0.0,26.6,22.6,1781033577770570387
1781033577888868453,43,0,8,0,true,0.0019,0.0001,15,8192,0.452,0.452,47.96,0.452,0,0,0.0375,0.0375,21.65,0.0,26.6,22.6,1781033577871216502
1781033577986232451,43,0,8,0,true,0.0019,0.0,15,8192,0.452,0.452,47.96,0.452,0,0,0.0375,0.0375,21.66,0.0,26.6,22.6,1781033577977014549
1781033578086156631,43,0,8,0,true,0.0019,0.0003,15,8192,0.452,0.452,47.96,0.452,0,0,0.0375,0.0375,21.68,0.0,26.6,22.6,1781033578074929029
1781033578188873292,43,0,8,0,true,0.002,0.0001,15,8192,0.452,0.452,47.96,0.452,0,0,0.0375,0.0375,21.66,0.0,26.6,22.6,1781033578167580615
1781033578285999288,43,0,8,0,true,0.002,0.0003,16,8192,0.452,0.452,47.96,0.452,0,0,0.0375,0.0375,21.68,0.0,26.6,22.6,1781033578275092656
1781033578386872854,43,0,8,0,true,0.002,0.0001,16,8192,0.452,0.452,47.96,0.452,0,0,0.0375,0.0375,21.65,0.0,26.6,22.6,1781033578376241690
1781033578489214494,43,0,8,0,true,0.002,0.0001,16,8192,0.452,0.452,47.96,0.452,0,0,0.0375,0.0375,21.67,0.0,26.6,22.6,1781033578478253107
1781033578585478308,43,0,8,0,true,0.002,0.0001,16,8192,0.452,0.452,47.96,0.452,0,0,0.0375,0.0375,21.67,0.0,26.6,22.6,1781033578582440568
1781033578685974685,43,0,8,0,true,0.002,0.0003,16,8192,0.452,0.452,47.96,0.452,0,0,0.0375,0.0375,21.67,0.0,26.6,22.6,1781033578682694517
1781033578790700037,43,0,8,0,true,0.002,0.0002,16,8192,0.451,0.451,47.96,0.451,0,0,0.0374,0.0374,21.61,0.0,26.6,22.6,1781033578779039765
1781033578892995036,43,0,8,0,true,0.002,0.0003,16,8192,0.452,0.452,47.96,0.452,0,0,0.0375,0.0375,21.68,0.0,26.6,22.6,1781033578890482269
1781033578999869061,43,0,8,0,true,0.002,0.0001,16,8192,0.451,0.451,47.96,0.451,0,0,0.0375,0.0375,21.65,0.0,26.6,22.6,1781033578977818229
1781033579100315052,43,0,8,0,true,0.0021,0.0,16,8192,0.452,0.452,47.96,0.452,0,0,0.0375,0.0375,21.68,0.0,26.7,22.7,1781033579096413624
1781033579200558690,43,0,8,0,true,0.0021,0.0,16,8192,0.452,0.452,47.96,0.452,0,0,0.0375,0.0375,21.68,0.0,26.7,22.7,1781033579180041186
1781033579300520490,43,0,8,0,true,0.0021,0.0002,16,8192,0.451,0.451,47.96,0.451,0,0,0.0375,0.0375,21.64,0.0,26.7,22.7,1781033579287675260
1781033579400292810,43,0,8,0,true,0.0021,0.0002,17,8192,0.452,0.452,47.96,0.452,0,0,0.0375,0.0375,21.68,0.0,26.7,22.7,1781033579388711991
1781033579504863339,43,0,8,0,true,0.0021,0.0,17,8192,0.452,0.452,47.96,0.452,0,0,0.0375,0.0375,21.67,0.0,26.7,22.7,1781033579494811230
1781033579600962545,43,0,8,0,true,0.0021,0.0,17,8192,0.452,0.452,47.96,0.452,0,0,0.0375,0.0375,21.67,0.0,26.7,22.7,1781033579586351413
1781033579700758357,43,0,8,0,true,0.0021,0.0001,17,8192,0.451,0.451,47.96,0.451,0,0,0.0375,0.0375,21.65,0.0,26.7,22.7,1781033579688980994
1781033579804895116,43,0,8,0,true,0.0021,0.0,17,8192,0.452,0.452,47.96,0.452,0,0,0.0375,0.0375,21.67,0.0,26.7,22.7,1781033579793572340
1781033579906113244,43,0,8,0,true,0.0021,0.0001,17,8192,0.451,0.451,47.96,0.451,0,0,0.0375,0.0375,21.64,0.0,26.7,22.7,1781033579886815781
1781033580006331853,43,0,8,0,true,0.0022,0.0,17,8192,0.452,0.452,47.96,0.452,0,0,0.0375,0.0375,21.66,0.0,26.7,22.7,1781033580001486210
1781033580108859262,43,0,8,0,true,0.0022,0.0002,17,8192,0.452,0.452,47.96,0.452,0,0,0.0375,0.0375,21.67,0.0,26.7,22.7,1781033580102878451
1781033580206086243,43,0,8,0,true,0.0022,0.0001,17,8192,0.451,0.451,47.96,0.451,0,0,0.0375,0.0375,21.65,0.0,26.7,22.7,1781033580194332964
1781033580306090450,43,0,8,0,true,0.0022,0.0,17,8192,0.452,0.452,47.96,0.452,0,0,0.0375,0.0375,21.67,0.0,26.7,22.7,1781033580287101213
1781033580408874474,43,0,8,0,true,0.0022,0.0,17,8192,0.452,0.452,47.96,0.452,0,0,0.0375,0.0375,21.66,0.0,26.7,22.7,1781033580388971322
1781033580512853486,43,0,8,0,true,0.0022,0.0,18,8192,0.452,0.452,47.96,0.452,0,0,0.0375,0.0375,21.67,0.0,26.7,22.7,1781033580492570918
1781033580616874902,43,0,8,0,true,0.0022,0.0,18,8192,0.452,0.452,47.96,0.452,0,0,0.0375,0.0375,21.67,0.0,26.7,22.7,1781033580598430112
1781033580714124566,43,0,8,0,true,0.0022,0.0,18,8192,0.452,0.452,47.96,0.452,0,0,0.0375,0.0375,21.66,0.0,26.7,22.7,1781033580687898018
1781033580816846020,43,0,8,0,true,0.0022,0.0001,18,8192,0.452,0.452,47.96,0.452,0,0,0.0375,0.0375,21.66,0.0,26.7,22.7,1781033580789713775
1781033580916855452,43,0,8,0,true,0.0022,0.0001,18,8192,0.452,0.452,47.95,0.452,0,0,0.0375,0.0375,21.68,0.0,26.7,22.7,1781033580905743546
1781033581013721139,43,0,8,0,true,0.0023,0.0001,18,8192,0.451,0.451,47.95,0.451,0,0,0.0375,0.0375,21.64,0.0,26.7,22.7,1781033581002155072
1781033581114237633,43,0,8,0,true,0.0023,0.0,18,8192,0.452,0.452,47.95,0.452,0,0,0.0375,0.0375,21.69,0.0,26.7,22.7,1781033581091966421
1781033581214393530,43,0,8,0,true,0.0023,0.0,18,8192,0.452,0.452,47.95,0.452,0,0,0.0375,0.0375,21.66,0.0,26.7,22.7,1781033581206960291
1781033581315970359,43,0,8,0,true,0.0023,0.0,18,8192,0.452,0.452,47.95,0.452,0,0,0.0375,0.0375,21.67,0.0,26.7,22.7,1781033581302100607
1781033581416847866,43,0,8,0,true,0.0023,0.0001,18,8192,0.451,0.451,47.95,0.451,0,0,0.0375,0.0375,21.64,0.0,26.7,22.7,1781033581401525451
1781033581513940405,43,0,8,0,true,0.0023,0.0,19,8192,0.452,0.452,47.95,0.452,0,0,0.0375,0.0375,21.67,0.0,26.7,22.7,1781033581501190962
1781033581616855366,43,0,8,0,true,0.0023,0.0001,19,8192,0.452,0.452,47.95,0.452,0,0,0.0375,0.0375,21.67,0.0,26.7,22.7,1781033581604719096
1781033581714195918,43,0,8,0,true,0.0023,0.0002,19,8192,0.45,0.45,47.95,0.45,0,0,0.0373,0.0373,21.57,0.0,26.7,22.7,1781033581709033086
1781033581815566947,43,0,8,0,true,0.0024,0.0001,19,8192,0.452,0.452,47.95,0.452,0,0,0.0375,0.0375,21.67,0.0,26.8,22.8,1781033581790845289
1781033581913909309,43,0,8,0,true,0.0024,0.0002,19,8192,0.452,0.452,47.95,0.452,0,0,0.0375,0.0375,21.66,0.0,26.8,22.8,1781033581906404598
1781033582016881461,43,0,8,0,true,0.0024,0.0003,19,8192,0.452,0.452,47.95,0.452,0,0,0.0375,0.0375,21.67,0.0,26.8,22.8,1781033581977255070
1781033582116853234,43,0,8,0,true,0.0024,0.0001,19,8192,0.451,0.451,47.95,0.451,0,0,0.0375,0.0375,21.64,0.0,26.8,22.8,1781033582101754111
1781033582213726491,43,0,8,0,true,0.0024,0.0,19,8192,0.452,0.452,47.95,0.452,0,0,0.0375,0.0375,21.67,0.0,26.8,22.8,1781033582212183333
1781033582316856494,43,0,8,0,true,0.0024,0.0,19,8192,0.452,0.452,47.95,0.452,0,0,0.0375,0.0375,21.66,0.0,26.8,22.8,1781033582309827464
1781033582414023531,43,0,8,0,true,0.0024,0.0,19,8192,0.452,0.452,47.95,0.452,0,0,0.0375,0.0375,21.68,0.0,26.8,22.8,1781033582410586141
1781033582514195192,43,0,8,0,true,0.0024,0.0003,20,8192,0.452,0.452,47.95,0.452,0,0,0.0375,0.0375,21.68,0.0,26.8,22.8,1781033582499813269
1781033582614780277,43,0,8,0,true,0.0024,0.0,20,8192,0.452,0.452,47.95,0.452,0,0,0.0375,0.0375,21.67,0.0,26.8,22.8,1781033582591232653
1781033582721049322,43,0,8,0,true,0.0025,0.0001,20,8192,0.451,0.451,47.95,0.451,0,0,0.0375,0.0375,21.64,0.0,26.8,22.8,1781033582697202811
1781033582821625386,43,0,8,0,true,0.0025,0.0,20,8192,0.452,0.452,47.95,0.452,0,0,0.0375,0.0375,21.67,0.0,26.8,22.8,1781033582817851568
1781033582922058441,43,0,8,0,true,0.0025,0.0001,20,8192,0.452,0.452,47.95,0.452,0,0,0.0375,0.0375,21.66,0.0,26.8,22.8,1781033582914439380
1781033583024966698,43,0,8,0,true,0.0025,0.0002,20,8192,0.452,0.452,47.95,0.452,0,0,0.0375,0.0375,21.67,0.0,26.8,22.8,1781033583007650299
1781033583122023955,43,0,8,0,true,0.0025,0.0001,20,8192,0.452,0.452,47.95,0.452,0,0,0.0375,0.0375,21.67,0.0,26.8,22.8,1781033583112463368
1781033583224885549,43,0,8,0,true,0.0025,0.0,20,8192,0.452,0.452,47.95,0.452,0,0,0.0375,0.0375,21.68,0.0,26.8,22.8,1781033583209512137
1781033583321340668,43,0,8,0,true,0.0025,0.0002,20,8192,0.452,0.452,47.95,0.452,0,0,0.0375,0.0375,21.66,0.0,26.8,22.8,1781033583302186220
1781033583422306014,43,0,8,0,true,0.0026,0.0001,20,8192,0.452,0.452,47.95,0.452,0,0,0.0375,0.0375,21.67,0.0,26.8,22.8,1781033583406510552
1781033583524870102,43,0,8,0,true,0.0026,0.0,20,8192,0.452,0.452,47.95,0.452,0,0,0.0375,0.0375,21.66,0.0,26.8,22.8,1781033583512008999
1781033583622257565,43,0,8,0,true,0.0026,0.0001,21,8192,0.451,0.451,47.95,0.451,0,0,0.0375,0.0375,21.65,0.0,26.8,22.8,1781033583607150895
1781033583724868628,43,0,8,0,true,0.0026,0.0001,21,8192,0.452,0.452,47.95,0.452,0,0,0.0375,0.0375,21.66,0.0,26.8,22.8,1781033583707827097
1781033583821426954,43,0,8,0,true,0.0026,0.0001,21,8192,0.452,0.452,47.95,0.452,0,0,0.0375,0.0375,21.65,0.0,26.8,22.8,1781033583815785445
1781033583924938449,43,0,8,0,true,0.0026,0.0001,21,8192,0.452,0.452,47.95,0.452,0,0,0.0375,0.0375,21.67,0.0,26.8,22.8,1781033583906058869
1781033584024848219,43,0,8,0,true,0.0026,0.0002,21,8192,0.452,0.452,47.95,0.452,0,0,0.0375,0.0375,21.67,0.0,26.8,22.8,1781033584011465188
1781033584122032068,43,0,8,0,true,0.0026,0.0001,21,8192,0.451,0.451,47.95,0.451,0,0,0.0375,0.0375,21.65,0.0,26.8,22.8,1781033584108385888
1781033584224935957,43,0,8,0,true,0.0026,0.0,21,8192,0.452,0.452,47.95,0.452,0,0,0.0375,0.0375,21.67,0.0,26.8,22.8,1781033584204467665
1781033584321920397,43,0,8,0,true,0.0026,0.0001,21,8192,0.452,0.452,47.95,0.452,0,0,0.0375,0.0375,21.66,0.0,26.8,22.8,1781033584309708517
1781033584424866430,43,0,8,0,true,0.0026,0.0001,21,8192,0.452,0.452,47.95,0.452,0,0,0.0375,0.0375,21.66,0.0,26.8,22.8,1781033584407797857
1781033584521379927,43,0,8,0,true,0.0026,0.0,21,8192,0.452,0.452,47.95,0.452,0,0,0.0375,0.0375,21.68,0.0,26.8,22.8,1781033584518302169
1781033584625337758,43,0,8,0,true,0.0027,0.0003,21,8192,0.452,0.452,47.95,0.452,0,0,0.0375,0.0375,21.67,0.0,26.8,22.8,1781033584610540675
1781033584728866175,43,0,8,0,true,0.0027,0.0,21,8192,0.452,0.452,47.95,0.452,0,0,0.0375,0.0375,21.67,0.0,26.8,22.8,1781033584709465824
1781033584829849430,43,0,8,0,true,0.0027,0.0,21,8192,0.452,0.452,47.95,0.452,0,0,0.0375,0.0375,21.67,0.0,26.8,22.8,1781033584803740781
1781033584932868591,43,0,8,0,true,0.0027,0.0002,21,8192,0.451,0.451,47.95,0.451,0,0,0.0374,0.0374,21.61,0.0,26.9,22.9,1781033584913260494
1781033585029955797,43,0,8,0,true,0.0027,0.0001,21,8192,0.452,0.452,47.95,0.452,0,0,0.0375,0.0375,21.66,0.0,26.9,22.9,1781033585006588309
1781033585129634917,43,0,8,0,true,0.0027,0.0,22,8192,0.451,0.451,47.95,0.451,0,0,0.0375,0.0375,21.65,0.0,26.9,22.9,1781033585103330884
1781033585229401610,43,0,8,0,true,0.0027,0.0001,22,8192,0.451,0.451,47.95,0.451,0,0,0.0375,0.0375,21.64,0.0,26.9,22.9,1781033585220380753
1781033585332868405,43,0,8,0,true,0.0027,0.0,22,8192,0.452,0.452,47.95,0.452,0,0,0.0375,0.0375,21.66,0.0,26.9,22.9,1781033585315514245
1781033585430351490,43,0,8,0,true,0.0027,0.0,22,8192,0.452,0.452,47.95,0.452,0,0,0.0375,0.0375,21.67,0.0,26.9,22.9,1781033585411001730
1781033585531568890,43,0,8,0,true,0.0027,0.0001,22,8192,0.452,0.452,47.95,0.452,0,0,0.0375,0.0375,21.66,0.0,26.9,22.9,1781033585513581607
1781033585629647107,43,0,8,0,true,0.0027,0.0001,22,8192,0.452,0.452,47.95,0.452,0,0,0.0375,0.0375,21.66,0.0,26.9,22.9,1781033585628196568
1781033585736866579,43,0,8,0,true,0.0027,0.0001,22,8192,0.452,0.452,47.95,0.452,0,0,0.0375,0.0375,21.66,0.0,26.9,22.9,1781033585720042959
1781033585839351533,43,0,8,0,true,0.0027,0.0002,22,8192,0.452,0.452,47.95,0.452,0,0,0.0375,0.0375,21.67,0.0,26.9,22.9,1781033585816504637
1781033585938324812,43,0,8,0,true,0.0028,0.0001,22,8192,0.452,0.452,47.95,0.452,0,0,0.0375,0.0375,21.68,0.0,26.9,22.9,1781033585932039205
1781033586037756639,43,0,8,0,true,0.0028,0.0001,22,8192,0.451,0.451,47.95,0.451,0,0,0.0375,0.0375,21.65,0.0,26.9,22.9,1781033586030119200
1781033586138385995,43,0,8,0,true,0.0028,0.0,22,8192,0.452,0.452,47.95,0.452,0,0,0.0375,0.0375,21.67,0.0,26.9,22.9,1781033586133938976
1781033586245001118,43,0,8,0,true,0.0028,0.0002,22,8192,0.45,0.45,47.95,0.45,0,0,0.0374,0.0374,21.6,0.0,26.9,22.9,1781033586233130858
1781033586346155737,43,0,8,0,true,0.0028,0.0001,22,8192,0.451,0.451,47.95,0.451,0,0,0.0375,0.0375,21.64,0.0,26.9,22.9,1781033586331517549
1781033586448873718,43,0,8,0,true,0.0028,0.0001,22,8192,0.452,0.452,47.95,0.452,0,0,0.0375,0.0375,21.66,0.0,26.9,22.9,1781033586427293889
1781033586548843648,43,0,8,0,true,0.0028,0.0,23,8192,0.452,0.452,47.95,0.452,0,0,0.0375,0.0375,21.66,0.0,26.9,22.9,1781033586538729691
1781033586645726943,43,0,8,0,true,0.0028,0.0,23,8192,0.452,0.452,47.95,0.452,0,0,0.0375,0.0375,21.65,0.0,26.9,22.9,1781033586645903687
1781033586746067384,43,0,8,0,true,0.0028,0.0,23,8192,0.452,0.452,47.95,0.452,0,0,0.0375,0.0375,21.65,0.0,26.9,22.9,1781033586721657370
1781033586846095234,43,0,8,0,true,0.0028,0.0001,23,8192,0.451,0.451,47.95,0.451,0,0,0.0374,0.0374,21.63,0.0,26.9,22.9,1781033586827873838
1781033586945871739,43,0,8,0,true,0.0028,0.0001,23,8192,0.452,0.452,47.95,0.452,0,0,0.0375,0.0375,21.65,0.0,26.9,22.9,1781033586937085259
1781033587046264730,43,0,8,0,true,0.0028,0.0,23,8192,0.451,0.451,47.95,0.451,0,0,0.0375,0.0375,21.65,0.0,26.9,22.9,1781033587022372012
1781033587146862990,43,0,8,0,true,0.0029,0.0001,23,8192,0.452,0.452,47.95,0.452,0,0,0.0375,0.0375,21.65,0.0,26.9,22.9,1781033587129701398
1781033587245777553,43,0,8,0,true,0.0029,0.0,23,8192,0.451,0.451,47.95,0.451,0,0,0.0375,0.0375,21.64,0.0,26.9,22.9,1781033587233788618
1781033587345704759,43,0,8,0,true,0.0029,0.0002,23,8192,0.452,0.452,47.95,0.452,0,0,0.0375,0.0375,21.66,0.0,26.9,22.9,1781033587340556425
1781033587446233341,43,0,8,0,true,0.0029,0.0003,23,8192,0.452,0.452,47.95,0.452,0,0,0.0375,0.0375,21.67,0.0,26.9,22.9,1781033587430504336
1781033587548880331,43,0,8,0,true,0.0029,0.0,23,8192,0.452,0.452,47.95,0.452,0,0,0.0375,0.0375,21.66,0.0,26.9,22.9,1781033587530304567
1781033587645712225,43,0,8,0,true,0.0029,0.0,23,8192,0.451,0.451,47.95,0.451,0,0,0.0375,0.0375,21.65,0.0,26.9,22.9,1781033587634124906
1781033587746479702,43,0,8,0,true,0.0029,0.0001,23,8192,0.451,0.451,47.95,0.451,0,0,0.0374,0.0374,21.63,0.0,26.9,22.9,1781033587730401708
1781033587848856398,43,0,8,0,true,0.0029,0.0,23,8192,0.452,0.452,47.95,0.452,0,0,0.0375,0.0375,21.66,0.0,26.9,22.9,1781033587836345051
1781033587945554171,43,0,8,0,true,0.0029,0.0,23,8192,0.452,0.452,47.95,0.452,0,0,0.0375,0.0375,21.65,0.0,26.9,22.9,1781033587930935970
1781033588048856466,43,0,8,0,true,0.0029,0.0,23,8192,0.451,0.451,47.95,0.451,0,0,0.0375,0.0375,21.65,0.0,26.9,22.9,1781033588036567655
1781033588148867294,43,0,8,0,true,0.0029,0.0001,23,8192,0.452,0.452,47.95,0.452,0,0,0.0375,0.0375,21.66,0.0,26.9,22.9,1781033588132977332
1781033588252868839,43,0,8,0,true,0.0029,0.0,24,8192,0.451,0.451,47.95,0.451,0,0,0.0375,0.0375,21.64,0.0,26.9,22.9,1781033588242250068
1781033588356863843,43,0,8,0,true,0.0029,0.0001,24,8192,0.451,0.451,47.95,0.451,0,0,0.0374,0.0374,21.63,0.0,26.9,22.9,1781033588345911547
1781033588454398024,43,0,8,0,true,0.003,0.0,24,8192,0.451,0.451,47.95,0.451,0,0,0.0375,0.0375,21.65,0.0,26.9,22.9,1781033588434481866
1781033588553991242,43,0,8,0,true,0.003,0.0,24,8192,0.452,0.452,47.95,0.452,0,0,0.0375,0.0375,21.66,0.0,27.0,23.0,1781033588546298719
1781033588654059903,43,0,8,0,true,0.003,0.0001,24,8192,0.451,0.451,47.95,0.451,0,0,0.0375,0.0375,21.65,0.0,27.0,23.0,1781033588635435079
1781033588753700776,43,0,8,0,true,0.003,0.0001,24,8192,0.451,0.451,47.95,0.451,0,0,0.0375,0.0375,21.65,0.0,27.0,23.0,1781033588736027436
1781033588854418798,43,0,8,0,true,0.003,0.0001,24,8192,0.451,0.451,47.95,0.451,0,0,0.0374,0.0374,21.64,0.0,27.0,23.0,1781033588844925632
1781033588953931359,43,0,8,0,true,0.003,0.0001,24,8192,0.452,0.452,47.95,0.452,0,0,0.0375,0.0375,21.66,0.0,27.0,23.0,1781033588939893278
1781033589056161138,43,0,8,0,true,0.003,0.0,24,8192,0.452,0.452,47.95,0.452,0,0,0.0375,0.0375,21.65,0.0,27.0,23.0,1781033589043347089
1781033589154455791,43,0,8,0,true,0.003,0.0,24,8192,0.452,0.452,47.95,0.452,0,0,0.0375,0.0375,21.65,0.0,27.0,23.0,1781033589149946269
1781033589264357641,43,0,8,0,true,0.003,0.0001,24,8192,0.451,0.451,47.95,0.451,0,0,0.0374,0.0374,21.63,0.0,27.0,23.0,1781033589242834375
1781033589366381189,43,0,8,0,true,0.003,0.0,24,8192,0.452,0.452,47.95,0.452,0,0,0.0375,0.0375,21.66,0.0,27.0,23.0,1781033589357519299
1781033589468872058,43,0,8,0,true,0.003,0.0,24,8192,0.451,0.451,47.95,0.451,0,0,0.0375,0.0375,21.65,0.0,27.0,23.0,1781033589452224673
1781033589565600764,43,0,8,0,true,0.003,0.0002,24,8192,0.452,0.452,47.95,0.452,0,0,0.0375,0.0375,21.65,0.0,27.0,23.0,1781033589542013985
1781033589665606095,43,0,8,0,true,0.003,0.0002,24,8192,0.45,0.45,47.95,0.45,0,0,0.0374,0.0374,21.58,0.0,27.0,23.0,1781033589645937289
1781033589768862006,43,0,8,0,true,0.0031,0.0,24,8192,0.451,0.451,47.95,0.451,0,0,0.0374,0.0374,21.63,0.0,27.0,23.0,1781033589752143054
1781033589865592766,43,0,8,0,true,0.0031,0.0,25,8192,0.451,0.451,47.95,0.451,0,0,0.0375,0.0375,21.64,0.0,27.0,23.0,1781033589852850607
1781033589966052851,43,0,8,0,true,0.0031,0.0001,25,8192,0.451,0.451,47.95,0.451,0,0,0.0375,0.0375,21.64,0.0,27.0,23.0,1781033589952347312
1781033590065557153,43,0,8,0,true,0.0031,0.0001,25,8192,0.451,0.451,47.95,0.451,0,0,0.0375,0.0375,21.64,0.0,27.0,23.0,1781033590057493301
1781033590167694584,43,0,8,0,true,0.0031,0.0001,25,8192,0.451,0.451,47.95,0.451,0,0,0.0374,0.0374,21.63,0.0,27.0,23.0,1781033590150871850
1781033590265784909,43,0,8,0,true,0.0031,0.0001,25,8192,0.451,0.451,47.95,0.451,0,0,0.0374,0.0374,21.62,0.0,27.0,23.0,1781033590263387770
1781033590366199587,43,0,8,0,true,0.0031,0.0001,25,8192,0.451,0.451,47.95,0.451,0,0,0.0375,0.0375,21.65,0.0,27.0,23.0,1781033590352601100
1781033590465312541,43,0,8,0,true,0.0031,0.0,25,8192,0.451,0.451,47.95,0.451,0,0,0.0375,0.0375,21.64,0.0,27.0,23.0,1781033590446113596
1781033590565619756,43,0,8,0,true,0.0031,0.0001,25,8192,0.451,0.451,47.95,0.451,0,0,0.0374,0.0374,21.62,0.0,27.0,23.0,1781033590562193556
1781033590666268795,43,0,8,0,true,0.0031,0.0003,25,8192,0.451,0.451,47.95,0.451,0,0,0.0375,0.0375,21.65,0.0,27.0,23.0,1781033590629021027
1781033590765770774,43,0,8,0,true,0.0032,0.0001,25,8192,0.451,0.451,47.95,0.451,0,0,0.0374,0.0374,21.62,0.0,27.0,23.0,1781033590750439202
1781033590867302806,43,0,8,0,true,0.0032,0.0001,25,8192,0.451,0.451,47.95,0.451,0,0,0.0374,0.0374,21.62,0.0,27.0,23.0,1781033590830399202
1781033590965895841,43,0,8,0,true,0.0032,0.0,25,8192,0.451,0.451,47.95,0.451,0,0,0.0375,0.0375,21.64,0.0,27.0,23.0,1781033590954805367
1781033591065475270,43,0,8,0,true,0.0032,0.0,26,8192,0.451,0.451,47.95,0.451,0,0,0.0375,0.0375,21.65,0.0,27.0,23.0,1781033591060578595
1781033591166289267,43,0,8,0,true,0.0032,0.0001,26,8192,0.451,0.451,47.95,0.451,0,0,0.0374,0.0374,21.63,0.0,27.0,23.0,1781033591160738483
1781033591265981774,43,0,8,0,true,0.0032,0.0,26,8192,0.451,0.451,47.95,0.451,0,0,0.0374,0.0374,21.64,0.0,27.0,23.0,1781033591257469231
1781033591365615122,43,0,8,0,true,0.0032,0.0001,26,8192,0.452,0.452,47.95,0.452,0,0,0.0375,0.0375,21.66,0.0,27.0,23.0,1781033591337371276
1781033591467901052,43,0,8,0,true,0.0032,0.0001,26,8192,0.451,0.451,47.95,0.451,0,0,0.0375,0.0375,21.64,0.0,27.0,23.0,1781033591457548186
1781033591568850744,43,0,8,0,true,0.0032,0.0,26,8192,0.451,0.451,47.95,0.451,0,0,0.0374,0.0374,21.63,0.0,27.0,23.0,1781033591561083675
1781033591666283178,43,0,8,0,true,0.0032,0.0002,26,8192,0.45,0.45,47.95,0.45,0,0,0.0373,0.0373,21.56,0.0,27.0,23.0,1781033591661277440
1781033591765332109,43,0,8,0,true,0.0032,0.0001,26,8192,0.451,0.451,47.95,0.451,0,0,0.0374,0.0374,21.62,0.0,27.0,23.0,1781033591762002924
1781033591866183586,43,0,8,0,true,0.0033,0.0003,26,8192,0.451,0.451,47.95,0.451,0,0,0.0375,0.0375,21.64,0.0,27.0,23.0,1781033591836745670
1781033591966371838,43,0,8,0,true,0.0033,0.0001,26,8192,0.451,0.451,47.95,0.451,0,0,0.0374,0.0374,21.63,0.0,27.0,23.0,1781033591961368581
1781033592068056352,43,0,8,0,true,0.0033,0.0001,26,8192,0.451,0.451,47.95,0.451,0,0,0.0374,0.0374,21.62,0.0,27.0,23.0,1781033592050976564
1781033592168881548,43,0,8,0,true,0.0033,0.0,26,8192,0.452,0.452,47.95,0.452,0,0,0.0375,0.0375,21.65,0.0,27.0,23.0,1781033592155026935
1781033592266362873,43,0,8,0,true,0.0033,0.0001,27,8192,0.451,0.451,47.95,0.451,0,0,0.0374,0.0374,21.61,0.0,27.0,23.0,1781033592264667281
1781033592366231368,43,0,8,0,true,0.0033,0.0,27,8192,0.451,0.451,47.95,0.451,0,0,0.0375,0.0375,21.64,0.0,27.0,23.0,1781033592361656263
1781033592466202714,43,0,8,0,true,0.0033,0.0001,27,8192,0.451,0.451,47.95,0.451,0,0,0.0374,0.0374,21.61,0.0,27.0,23.0,1781033592450445228
1781033592569981937,43,0,8,0,true,0.0033,0.0,27,8192,0.451,0.451,47.95,0.451,0,0,0.0375,0.0375,21.64,0.0,27.0,23.0,1781033592543617532
1781033592670960614,43,0,8,0,true,0.0033,0.0,27,8192,0.451,0.451,47.95,0.451,0,0,0.0374,0.0374,21.63,0.0,27.0,23.0,1781033592638158846
1781033592770835913,43,0,8,0,true,0.0033,0.0003,27,8192,0.451,0.451,47.95,0.451,0,0,0.0375,0.0375,21.64,0.0,27.0,23.0,1781033592759423409
1781033592876898542,43,0,8,0,true,0.0034,0.0,27,8192,0.451,0.451,47.95,0.451,0,0,0.0375,0.0375,21.65,0.0,27.0,23.0,1781033592861769536
1781033592981002631,43,0,8,0,true,0.0034,0.0001,27,8192,0.451,0.451,47.95,0.451,0,0,0.0374,0.0374,21.61,0.0,27.0,23.0,1781033592950478299
1781033593077441640,43,0,8,0,true,0.0034,0.0001,27,8192,0.451,0.451,47.95,0.451,0,0,0.0374,0.0374,21.63,0.0,27.1,23.1,1781033593065379768
1781033593177456718,43,0,8,0,true,0.0034,0.0,27,8192,0.451,0.451,47.95,0.451,0,0,0.0374,0.0374,21.63,0.0,27.1,23.1,1781033593162656742
1781033593281077310,43,0,8,0,true,0.0034,0.0,27,8192,0.451,0.451,47.95,0.451,0,0,0.0374,0.0374,21.63,0.0,27.1,23.1,1781033593253059758
1781033593378151011,43,0,8,0,true,0.0034,0.0,27,8192,0.451,0.451,47.95,0.451,0,0,0.0374,0.0374,21.62,0.0,27.1,23.1,1781033593354981511
1781033593477680906,43,0,8,0,true,0.0034,0.0,27,8192,0.451,0.451,47.95,0.451,0,0,0.0374,0.0374,21.63,0.0,27.1,23.1,1781033593464004346
1781033593578103758,43,0,8,0,true,0.0034,0.0,27,8192,0.451,0.451,47.95,0.451,0,0,0.0374,0.0374,21.63,0.0,27.1,23.1,1781033593548634838
1781033593678817813,43,0,8,0,true,0.0034,0.0,27,8192,0.451,0.451,47.95,0.451,0,0,0.0374,0.0374,21.62,0.0,27.1,23.1,1781033593661811971
1781033593781036027,43,0,8,0,true,0.0034,0.0,28,8192,0.451,0.451,47.95,0.451,0,0,0.0375,0.0375,21.65,0.0,27.1,23.1,1781033593755296950
1781033593884999248,43,0,8,0,true,0.0034,0.0001,28,8192,0.451,0.451,47.95,0.451,0,0,0.0374,0.0374,21.61,0.0,27.1,23.1,1781033593874956771
1781033593987087080,43,0,8,0,true,0.0034,0.0001,28,8192,0.45,0.45,47.95,0.45,0,0,0.0374,0.0374,21.6,0.0,27.1,23.1,1781033593976105473
1781033594086396471,43,0,8,0,true,0.0035,0.0004,28,8192,0.451,0.451,47.95,0.451,0,0,0.0374,0.0374,21.63,0.0,27.1,23.1,1781033594057588624
1781033594185717853,43,0,8,0,true,0.0035,0.0001,28,8192,0.451,0.451,47.95,0.451,0,0,0.0374,0.0374,21.62,0.0,27.1,23.1,1781033594154967549
1781033594285756160,43,0,8,0,true,0.0035,0.0,28,8192,0.451,0.451,47.95,0.451,0,0,0.0374,0.0374,21.61,0.0,27.1,23.1,1781033594284100295
1781033594386994907,43,0,8,0,true,0.0035,0.0001,28,8192,0.451,0.451,47.95,0.451,0,0,0.0374,0.0374,21.62,0.0,27.1,23.1,1781033594379672931
1781033594487696863,43,0,8,0,true,0.0035,0.0001,28,8192,0.451,0.451,47.95,0.451,0,0,0.0374,0.0374,21.63,0.0,27.1,23.1,1781033594465040821
1781033594588881685,43,0,8,0,true,0.0035,0.0002,28,8192,0.45,0.45,47.95,0.45,0,0,0.0374,0.0374,21.58,0.0,27.1,23.1,1781033594561561247
1781033594686039096,43,0,8,0,true,0.0035,0.0001,28,8192,0.451,0.451,47.95,0.451,0,0,0.0374,0.0374,21.63,0.0,27.1,23.1,1781033594663063687
1781033594788847778,43,0,8,0,true,0.0035,0.0002,28,8192,0.451,0.451,47.95,0.451,0,0,0.0374,0.0374,21.63,0.0,27.1,23.1,1781033594774715021
1781033594888878903,43,0,8,0,true,0.0035,0.0,29,8192,0.451,0.451,47.95,0.451,0,0,0.0374,0.0374,21.61,0.0,27.1,23.1,1781033594880354275
1781033594986424552,43,0,8,0,true,0.0036,0.0,29,8192,0.451,0.451,47.95,0.451,0,0,0.0374,0.0374,21.62,0.0,27.1,23.1,1781033594955681456
1781033595088858769,43,0,8,0,true,0.0036,0.0,29,8192,0.451,0.451,47.95,0.451,0,0,0.0374,0.0374,21.62,0.0,27.1,23.1,1781033595064614057
1781033595185697266,43,0,8,0,true,0.0036,0.0001,29,8192,0.451,0.451,47.95,0.451,0,0,0.0374,0.0374,21.62,0.0,27.1,23.1,1781033595185363429
1781033595288838280,43,0,8,0,true,0.0036,0.0001,29,8192,0.451,0.451,47.95,0.451,0,0,0.0374,0.0374,21.63,0.0,27.1,23.1,1781033595274178011
1781033595385628513,43,0,8,0,true,0.0036,0.0001,29,8192,0.451,0.451,47.95,0.451,0,0,0.0374,0.0374,21.61,0.0,27.1,23.1,1781033595384991616
1781033595488865292,43,0,8,0,true,0.0036,0.0001,29,8192,0.451,0.451,47.95,0.451,0,0,0.0374,0.0374,21.62,0.0,27.1,23.1,1781033595472180067
1781033595588844391,43,0,8,0,true,0.0036,0.0002,29,8192,0.45,0.45,47.95,0.45,0,0,0.0373,0.0373,21.58,0.0,27.1,23.1,1781033595565285317
1781033595685627630,43,0,8,0,true,0.0036,0.0001,29,8192,0.451,0.451,47.95,0.451,0,0,0.0374,0.0374,21.62,0.0,27.1,23.1,1781033595665959725
1781033595788830466,43,0,8,0,true,0.0036,0.0001,29,8192,0.451,0.451,47.95,0.451,0,0,0.0374,0.0374,21.62,0.0,27.1,23.1,1781033595781859746
1781033595886148736,43,0,8,0,true,0.0037,0.0,29,8192,0.451,0.451,47.95,0.451,0,0,0.0374,0.0374,21.62,0.0,27.1,23.1,1781033595877578935
1781033595985307177,43,0,8,0,true,0.0037,0.0001,29,8192,0.451,0.451,47.95,0.451,0,0,0.0374,0.0374,21.62,0.0,27.1,23.1,1781033595963204412
1781033596086253771,43,0,8,0,true,0.0037,0.0001,30,8192,0.451,0.451,47.95,0.451,0,0,0.0374,0.0374,21.62,0.0,27.1,23.1,1781033596065101173
1781033596186046883,43,0,8,0,true,0.0037,0.0001,30,8192,0.451,0.451,47.95,0.451,0,0,0.0374,0.0374,21.62,0.0,27.1,23.1,1781033596182612519
1781033596288964624,43,0,8,0,true,0.0037,0.0002,30,8192,0.45,0.45,47.95,0.45,0,0,0.0374,0.0374,21.58,0.0,27.1,23.1,1781033596268961300
1781033596386885597,43,0,8,0,true,0.0037,0.0001,30,8192,0.451,0.451,47.95,0.451,0,0,0.0374,0.0374,21.62,0.0,27.1,23.1,1781033596370102814
1781033596485770202,43,0,8,0,true,0.0037,0.0001,30,8192,0.45,0.45,47.95,0.45,0,0,0.0374,0.0374,21.6,0.0,27.1,23.1,1781033596479554968
1781033596586374652,43,0,8,0,true,0.0037,0.0001,30,8192,0.45,0.45,47.95,0.45,0,0,0.0374,0.0374,21.6,0.0,27.1,23.1,1781033596580848968
1781033596685982283,43,0,8,0,true,0.0037,0.0,30,8192,0.451,0.451,47.95,0.451,0,0,0.0374,0.0374,21.61,0.0,27.1,23.1,1781033596671356877
1781033596788869756,43,0,8,0,true,0.0037,0.0001,30,8192,0.45,0.45,47.95,0.45,0,0,0.0374,0.0374,21.6,0.0,27.1,23.1,1781033596764861629
1781033596887316977,43,0,8,0,true,0.0038,0.0,30,8192,0.451,0.451,47.95,0.451,0,0,0.0374,0.0374,21.61,0.0,27.1,23.1,1781033596875702275
1781033596988872174,43,0,8,0,true,0.0038,0.0001,30,8192,0.451,0.451,47.95,0.451,0,0,0.0374,0.0374,21.62,0.0,27.1,23.1,1781033596962756977
1781033597086068288,43,0,8,0,true,0.0038,0.0001,30,8192,0.451,0.451,47.95,0.451,0,0,0.0374,0.0374,21.61,0.0,27.1,23.1,1781033597067666530
1781033597186351972,43,0,8,0,true,0.0038,0.0001,31,8192,0.45,0.45,47.95,0.45,0,0,0.0374,0.0374,21.59,0.0,27.1,23.1,1781033597163517426
1781033597285365631,43,0,8,0,true,0.0038,0.0,31,8192,0.451,0.451,47.95,0.451,0,0,0.0374,0.0374,21.61,0.0,27.1,23.1,1781033597266596158
1781033597385449663,43,0,8,0,true,0.0038,0.0,31,8192,0.451,0.451,47.95,0.451,0,0,0.0374,0.0374,21.61,0.0,27.1,23.1,1781033597364760211
1781033597485874113,43,0,8,0,true,0.0038,0.0001,31,8192,0.45,0.45,47.95,0.45,0,0,0.0374,0.0374,21.59,0.0,27.1,23.1,1781033597480430115
1781033597585419440,43,0,8,0,true,0.0038,0.0001,31,8192,0.45,0.45,47.95,0.45,0,0,0.0374,0.0374,21.59,0.0,27.1,23.1,1781033597585132081
1781033597686084294,43,0,8,0,true,0.0038,0.0,31,8192,0.451,0.451,47.95,0.451,0,0,0.0374,0.0374,21.61,0.0,27.1,23.1,1781033597676072270
1781033597787086774,43,0,8,0,true,0.0038,0.0,31,8192,0.451,0.451,47.95,0.451,0,0,0.0374,0.0374,21.62,0.0,27.1,23.1,1781033597773791784
1781033597885814954,43,0,8,0,true,0.0038,0.0001,31,8192,0.451,0.451,47.95,0.451,0,0,0.0374,0.0374,21.61,0.0,27.1,23.1,1781033597882070730
1781033597987195055,43,0,8,0,true,0.0039,0.0,31,8192,0.451,0.451,47.95,0.451,0,0,0.0374,0.0374,21.61,0.0,27.1,23.1,1781033597957534367
1781033598086158655,43,0,8,0,true,0.0039,0.0003,31,8192,0.451,0.451,47.95,0.451,0,0,0.0374,0.0374,21.62,0.0,27.1,23.1,1781033598082070094
1781033598188846092,43,0,8,0,true,0.0039,0.0,31,8192,0.451,0.451,47.95,0.451,0,0,0.0374,0.0374,21.6,0.0,27.1,23.1,1781033598180268600
1781033598285356915,43,0,8,0,true,0.0039,0.0001,31,8192,0.45,0.45,47.95,0.45,0,0,0.0374,0.0374,21.59,0.0,27.1,23.1,1781033598271912443
1781033598386093246,43,0,8,0,true,0.0039,0.0001,31,8192,0.451,0.451,47.95,0.451,0,0,0.0374,0.0374,21.61,0.0,27.1,23.1,1781033598375507159
1781033598488884877,43,0,8,0,true,0.0039,0.0001,32,8192,0.45,0.45,47.95,0.45,0,0,0.0374,0.0374,21.59,0.0,27.1,23.1,1781033598475305832
1781033598586294056,43,0,8,0,true,0.0039,0.0001,32,8192,0.45,0.45,47.95,0.45,0,0,0.0374,0.0374,21.58,0.0,27.1,23.1,1781033598582946200
1781033598685460242,43,0,8,0,true,0.0039,0.0001,32,8192,0.45,0.45,47.95,0.45,0,0,0.0374,0.0374,21.6,0.0,27.1,23.1,1781033598669159626
1781033598786270807,43,0,8,0,true,0.0039,0.0002,32,8192,0.449,0.449,47.95,0.449,0,0,0.0373,0.0373,21.53,0.0,27.1,23.1,1781033598782755581
1781033598892880224,43,0,8,0,true,0.0039,0.0001,32,8192,0.45,0.45,47.95,0.45,0,0,0.0374,0.0374,21.59,0.0,27.1,23.1,1781033598882432655
1781033598994087379,43,0,8,0,true,0.0039,0.0,32,8192,0.451,0.451,47.95,0.451,0,0,0.0374,0.0374,21.61,0.0,27.1,23.1,1781033598977040635
1781033599094172184,43,0,8,0,true,0.004,0.0001,32,8192,0.45,0.45,47.95,0.45,0,0,0.0374,0.0374,21.58,0.0,27.2,23.2,1781033599069495458
1781033599193824513,43,0,8,0,true,0.004,0.0002,32,8192,0.451,0.451,47.95,0.451,0,0,0.0374,0.0374,21.61,0.0,27.2,23.2,1781033599174707963
1781033599296849404,43,0,8,0,true,0.004,0.0002,32,8192,0.449,0.449,47.95,0.449,0,0,0.0373,0.0373,21.54,0.0,27.2,23.2,1781033599284644386
1781033599394159844,43,0,8,0,true,0.004,0.0,32,8192,0.45,0.45,47.95,0.45,0,0,0.0374,0.0374,21.59,0.0,27.2,23.2,1781033599372647445
1781033599493676850,43,0,8,0,true,0.004,0.0002,32,8192,0.45,0.45,47.95,0.45,0,0,0.0373,0.0373,21.57,0.0,27.2,23.2,1781033599473881688
1781033599594025365,43,0,8,0,true,0.004,0.0,33,8192,0.45,0.45,47.95,0.45,0,0,0.0374,0.0374,21.6,0.0,27.2,23.2,1781033599592329864
1781033599696850582,43,0,8,0,true,0.004,0.0002,33,8192,0.449,0.449,47.95,0.449,0,0,0.0373,0.0373,21.53,0.0,27.2,23.2,1781033599677521885
1781033599793748985,43,0,8,0,true,0.0041,0.0001,33,8192,0.45,0.45,47.95,0.45,0,0,0.0374,0.0374,21.58,0.0,27.2,23.2,1781033599783372359
1781033599893757741,43,0,8,0,true,0.0041,0.0001,33,8192,0.45,0.45,47.95,0.45,0,0,0.0374,0.0374,21.58,0.0,27.2,23.2,1781033599890716632
1781033599993423999,43,0,8,0,true,0.0041,0.0001,33,8192,0.45,0.45,47.95,0.45,0,0,0.0374,0.0374,21.6,0.0,27.2,23.2,1781033599986056813
1781033600093679145,43,0,8,0,true,0.0041,0.0001,33,8192,0.45,0.45,47.95,0.45,0,0,0.0374,0.0374,21.6,0.0,27.2,23.2,1781033600091659276
1781033600193543928,43,0,8,0,true,0.0041,0.0003,33,8192,0.451,0.451,47.95,0.451,0,0,0.0374,0.0374,21.6,0.0,27.2,23.2,1781033600177923876
1781033600294081824,43,0,8,0,true,0.0041,0.0,33,8192,0.45,0.45,47.95,0.45,0,0,0.0374,0.0374,21.59,0.0,27.2,23.2,1781033600290730657
1781033600395739472,43,0,8,0,true,0.0041,0.0,33,8192,0.45,0.45,47.95,0.45,0,0,0.0374,0.0374,21.58,0.0,27.2,23.2,1781033600383085517
1781033600493777682,43,0,8,0,true,0.0041,0.0002,33,8192,0.449,0.449,47.95,0.449,0,0,0.0373,0.0373,21.52,0.0,27.2,23.2,1781033600480443065
1781033600593898317,43,0,8,0,true,0.0041,0.0001,33,8192,0.45,0.45,47.95,0.45,0,0,0.0373,0.0373,21.58,0.0,27.2,23.2,1781033600585524528
1781033600693496512,43,0,8,0,true,0.0041,0.0001,33,8192,0.45,0.45,47.95,0.45,0,0,0.0374,0.0374,21.59,0.0,27.2,23.2,1781033600681846189
1781033600793575312,43,0,8,0,true,0.0042,0.0002,34,8192,0.45,0.45,47.95,0.45,0,0,0.0373,0.0373,21.56,0.0,27.2,23.2,1781033600782083212
1781033600893765004,43,0,8,0,true,0.0042,0.0,34,8192,0.451,0.451,47.95,0.451,0,0,0.0374,0.0374,21.61,0.0,27.2,23.2,1781033600892060245
1781033600994379099,43,0,8,0,true,0.0042,0.0002,34,8192,0.451,0.451,47.95,0.451,0,0,0.0374,0.0374,21.6,0.0,27.2,23.2,1781033600993874209
1781033601093941906,43,0,8,0,true,0.0042,0.0,34,8192,0.45,0.45,47.95,0.45,0,0,0.0374,0.0374,21.6,0.0,27.2,23.2,1781033601084412393
1781033601194460843,43,0,8,0,true,0.0042,0.0002,34,8192,0.449,0.449,47.95,0.449,0,0,0.0373,0.0373,21.52,0.0,27.2,23.2,1781033601187868008
1781033601294261273,43,0,8,0,true,0.0042,0.0002,34,8192,0.45,0.45,47.95,0.45,0,0,0.0374,0.0374,21.6,0.0,27.2,23.2,1781033601290380374
1781033601393918972,43,0,8,0,true,0.0042,0.0001,34,8192,0.45,0.45,47.95,0.45,0,0,0.0373,0.0373,21.57,0.0,27.2,23.2,1781033601381039812
1781033601496918501,43,0,8,0,true,0.0042,0.0001,34,8192,0.45,0.45,47.95,0.45,0,0,0.0373,0.0373,21.57,0.0,27.2,23.2,1781033601489782156
1781033601593626550,43,0,8,0,true,0.0043,0.0004,34,8192,0.45,0.45,47.95,0.45,0,0,0.0374,0.0374,21.6,0.0,27.2,23.2,1781033601578004278
1781033601693558896,43,0,8,0,true,0.0043,0.0002,34,8192,0.45,0.45,47.95,0.45,0,0,0.0373,0.0373,21.57,0.0,27.2,23.2,1781033601685189188
1781033601794004945,43,0,8,0,true,0.0043,0.0001,35,8192,0.45,0.45,47.95,0.45,0,0,0.0374,0.0374,21.6,0.0,27.2,23.2,1781033601769132309
1781033601896850027,43,0,8,0,true,0.0043,0.0001,35,8192,0.451,0.451,47.95,0.451,0,0,0.0374,0.0374,21.61,0.0,27.2,23.2,1781033601870328584
1781033601994006528,43,0,8,0,true,0.0043,0.0001,35,8192,0.45,0.45,47.95,0.45,0,0,0.0373,0.0373,21.57,0.0,27.2,23.2,1781033601991297397
1781033602094726551,43,0,8,0,true,0.0043,0.0001,35,8192,0.45,0.45,47.95,0.45,0,0,0.0374,0.0374,21.59,0.0,27.2,23.2,1781033602088913700
1781033602194037217,43,0,8,0,true,0.0043,0.0003,35,8192,0.45,0.45,47.95,0.45,0,0,0.0374,0.0374,21.6,0.0,27.2,23.2,1781033602190632771
1781033602301001951,43,0,8,0,true,0.0043,0.0,35,8192,0.45,0.45,47.95,0.45,0,0,0.0374,0.0374,21.59,0.0,27.2,23.2,1781033602283106260
1781033602404852703,43,0,8,0,true,0.0044,0.0001,35,8192,0.45,0.45,47.95,0.45,0,0,0.0374,0.0374,21.59,0.0,27.2,23.2,1781033602384110589
1781033602501338422,43,0,8,0,true,0.0044,0.0002,35,8192,0.449,0.449,47.95,0.449,0,0,0.0372,0.0372,21.52,0.0,27.2,23.2,1781033602477829104
1781033602602119975,43,0,8,0,true,0.0044,0.0001,35,8192,0.45,0.45,47.95,0.45,0,0,0.0374,0.0374,21.59,0.0,27.2,23.2,1781033602594658485
1781033602702242749,43,0,8,0,true,0.0044,0.0002,36,8192,0.449,0.449,47.95,0.449,0,0,0.0372,0.0372,21.51,0.0,27.2,23.2,1781033602677947655
1781033602801634664,43,0,8,0,true,0.0044,0.0001,36,8192,0.45,0.45,47.95,0.45,0,0,0.0374,0.0374,21.58,0.0,27.2,23.2,1781033602767743899
1781033602902012416,43,0,8,0,true,0.0044,0.0,36,8192,0.45,0.45,47.95,0.45,0,0,0.0374,0.0374,21.58,0.0,27.2,23.2,1781033602901754502
1781033603005796938,43,0,8,0,true,0.0044,0.0,36,8192,0.45,0.45,47.95,0.45,0,0,0.0374,0.0374,21.59,0.0,27.2,23.2,1781033602998796231
1781033603101350621,43,0,8,0,true,0.0044,0.0001,36,8192,0.45,0.45,47.95,0.45,0,0,0.0373,0.0373,21.56,0.0,27.2,23.2,1781033603085919681
1781033603202083861,43,0,8,0,true,0.0044,0.0002,36,8192,0.449,0.449,47.95,0.449,0,0,0.0373,0.0373,21.54,0.0,27.2,23.2,1781033603189933016
1781033603301410555,43,0,8,0,true,0.0045,0.0001,36,8192,0.45,0.45,47.95,0.45,0,0,0.0374,0.0374,21.58,0.0,27.2,23.2,1781033603265784712
1781033603401810995,43,0,8,0,true,0.0045,0.0,36,8192,0.451,0.451,47.95,0.451,0,0,0.0374,0.0374,21.6,0.0,27.2,23.2,1781033603398433049
1781033603504860316,43,0,8,0,true,0.0045,0.0,36,8192,0.45,0.45,47.95,0.45,0,0,0.0374,0.0374,21.59,0.0,27.2,23.2,1781033603486652045
1781033603601540181,43,0,8,0,true,0.0045,0.0,36,8192,0.45,0.45,47.95,0.45,0,0,0.0374,0.0374,21.58,0.0,27.2,23.2,1781033603601359414
1781033603706131928,43,0,8,0,true,0.0045,0.0001,36,8192,0.45,0.45,47.95,0.45,0,0,0.0374,0.0374,21.58,0.0,27.2,23.2,1781033603687897741
1781033603806907207,43,0,8,0,true,0.0045,0.0001,37,8192,0.45,0.45,47.95,0.45,0,0,0.0373,0.0373,21.58,0.0,27.2,23.2,1781033603790437679
1781033603908751711,43,0,8,0,true,0.0045,0.0001,37,8192,0.45,0.45,47.95,0.45,0,0,0.0373,0.0373,21.56,0.0,27.2,23.2,1781033603897915074
1781033604007295313,43,0,8,0,true,0.0045,0.0001,37,8192,0.45,0.45,47.95,0.45,0,0,0.0373,0.0373,21.56,0.0,27.2,23.2,1781033604000198383
1781033604106625854,43,0,8,0,true,0.0046,0.0001,37,8192,0.45,0.45,47.95,0.45,0,0,0.0374,0.0374,21.58,0.0,27.2,23.2,1781033604098556597
1781033604206723720,43,0,8,0,true,0.0046,0.0,37,8192,0.45,0.45,47.95,0.45,0,0,0.0374,0.0374,21.58,0.0,27.2,23.2,1781033604200711899
1781033604306465399,43,0,8,0,true,0.0046,0.0,37,8192,0.45,0.45,47.95,0.45,0,0,0.0374,0.0374,21.58,0.0,27.2,23.2,1781033604293154255
1781033604407009355,43,0,8,0,true,0.0046,0.0,37,8192,0.45,0.45,47.95,0.45,0,0,0.0373,0.0373,21.57,0.0,27.2,23.2,1781033604394558104
1781033604506818610,43,0,8,0,true,0.0046,0.0001,37,8192,0.45,0.45,47.95,0.45,0,0,0.0373,0.0373,21.56,0.0,27.2,23.2,1781033604493319411
1781033604607330346,43,0,8,0,true,0.0046,0.0002,37,8192,0.45,0.45,47.95,0.45,0,0,0.0373,0.0373,21.56,0.0,27.2,23.2,1781033604581446212
1781033604707360045,43,0,8,0,true,0.0046,0.0,38,8192,0.45,0.45,47.95,0.45,0,0,0.0374,0.0374,21.58,0.0,27.2,23.2,1781033604693248285
1781033604807145942,43,0,8,0,true,0.0047,0.0,38,8192,0.45,0.45,47.95,0.45,0,0,0.0373,0.0373,21.56,0.0,27.2,23.2,1781033604784368747
1781033604908864014,43,0,8,0,true,0.0047,0.0002,38,8192,0.449,0.449,47.95,0.449,0,0,0.0373,0.0373,21.54,0.0,27.2,23.2,1781033604902072882
1781033605015182121,43,0,8,0,true,0.0047,0.0001,38,8192,0.45,0.45,47.95,0.45,0,0,0.0374,0.0374,21.59,0.0,27.2,23.2,1781033605004060302
1781033605116309283,43,0,8,0,true,0.0047,0.0001,38,8192,0.45,0.45,47.95,0.45,0,0,0.0374,0.0374,21.58,0.0,27.2,23.2,1781033605106835948
1781033605215671330,43,0,8,0,true,0.0047,0.0,38,8192,0.45,0.45,47.95,0.45,0,0,0.0373,0.0373,21.57,0.0,27.2,23.2,1781033605213475618
1781033605315924394,43,0,8,0,true,0.0047,0.0003,38,8192,0.45,0.45,47.95,0.45,0,0,0.0374,0.0374,21.58,0.0,27.2,23.2,1781033605306382030
1781033605417795456,43,0,8,0,true,0.0047,0.0,38,8192,0.45,0.45,47.95,0.45,0,0,0.0373,0.0373,21.57,0.0,27.2,23.2,1781033605384577519
1781033605516922533,43,0,8,0,true,0.0047,0.0001,38,8192,0.45,0.45,47.95,0.45,0,0,0.0373,0.0373,21.57,0.0,27.2,23.2,1781033605513140293
1781033605616141044,43,0,8,0,true,0.0048,0.0001,38,8192,0.45,0.45,47.95,0.45,0,0,0.0374,0.0374,21.59,0.0,27.2,23.2,1781033605590736864
1781033605716184705,43,0,8,0,true,0.0048,0.0001,39,8192,0.449,0.449,47.95,0.449,0,0,0.0373,0.0373,21.55,0.0,27.2,23.2,1781033605711547081
1781033605816438004,43,0,8,0,true,0.0048,0.0,39,8192,0.45,0.45,47.95,0.45,0,0,0.0374,0.0374,21.59,0.0,27.2,23.2,1781033605811622953
1781033605915974087,43,0,8,0,true,0.0048,0.0001,39,8192,0.45,0.45,47.95,0.45,0,0,0.0373,0.0373,21.57,0.0,27.2,23.2,1781033605877654422
1781033606016647303,43,0,8,0,true,0.0048,0.0002,39,8192,0.449,0.449,47.95,0.449,0,0,0.0373,0.0373,21.54,0.0,27.2,23.2,1781033606013574872
1781033606120998105,43,0,8,0,true,0.0048,0.0,39,8192,0.45,0.45,47.95,0.45,0,0,0.0373,0.0373,21.57,0.0,27.2,23.2,1781033606105502831
1781033606222182402,43,0,8,0,true,0.0048,0.0,39,8192,0.45,0.45,47.95,0.45,0,0,0.0374,0.0374,21.59,0.0,27.2,23.2,1781033606211653682
1781033606322065933,43,0,8,0,true,0.0048,0.0,39,8192,0.45,0.45,47.95,0.45,0,0,0.0373,0.0373,21.56,0.0,27.2,23.2,1781033606320666238
1781033606422090402,43,0,8,0,true,0.0049,0.0001,39,8192,0.45,0.45,47.95,0.45,0,0,0.0373,0.0373,21.56,0.0,27.2,23.2,1781033606416932502
1781033606524873438,43,0,8,0,true,0.0049,0.0,39,8192,0.45,0.45,47.95,0.45,0,0,0.0373,0.0373,21.57,0.0,27.2,23.2,1781033606501184482
1781033606621837755,43,0,8,0,true,0.0049,0.0,39,8192,0.45,0.45,47.95,0.45,0,0,0.0373,0.0373,21.57,0.0,27.2,23.2,1781033606619235011
1781033606721995378,43,0,8,0,true,0.0049,0.0,40,8192,0.45,0.45,47.95,0.45,0,0,0.0373,0.0373,21.57,0.0,27.2,23.2,1781033606718547081
1781033606821583125,43,0,8,0,true,0.0049,0.0001,40,8192,0.449,0.449,47.95,0.449,0,0,0.0373,0.0373,21.54,0.0,27.2,23.2,1781033606817661887
1781033606922285305,43,0,8,0,true,0.0049,0.0001,40,8192,0.45,0.45,47.95,0.45,0,0,0.0373,0.0373,21.57,0.0,27.2,23.2,1781033606904563631
1781033607024891744,43,0,8,0,true,0.0049,0.0,40,8192,0.45,0.45,47.95,0.45,0,0,0.0373,0.0373,21.56,0.0,27.2,23.2,1781033606986116334
1781033607121388843,43,0,8,0,true,0.0049,0.0001,40,8192,0.45,0.45,47.95,0.45,0,0,0.0373,0.0373,21.57,0.0,27.2,23.2,1781033607119948953
1781033607222294009,43,0,8,0,true,0.005,0.0004,40,8192,0.45,0.45,47.95,0.45,0,0,0.0373,0.0373,21.57,0.0,27.2,23.2,1781033607210741013
1781033607322217612,43,0,8,0,true,0.005,0.0001,40,8192,0.449,0.449,47.95,0.449,0,0,0.0373,0.0373,21.54,0.0,27.2,23.2,1781033607275213163
1781033607421705015,43,0,8,0,true,0.005,0.0001,40,8192,0.449,0.449,47.95,0.449,0,0,0.0373,0.0373,21.55,0.0,27.2,23.2,1781033607419025969
1781033607524854030,43,0,8,0,true,0.005,0.0002,40,8192,0.449,0.449,47.95,0.449,0,0,0.0373,0.0373,21.54,0.0,27.2,23.2,1781033607498083549
1781033607622315964,43,0,8,0,true,0.005,0.0,40,8192,0.45,0.45,47.95,0.45,0,0,0.0373,0.0373,21.56,0.0,27.2,23.2,1781033607613467394
1781033607722345415,43,0,8,0,true,0.005,0.0001,41,8192,0.45,0.45,47.95,0.45,0,0,0.0373,0.0373,21.57,0.0,27.2,23.2,1781033607718079987
1781033607823289061,43,0,8,0,true,0.005,0.0,41,8192,0.45,0.45,47.95,0.45,0,0,0.0373,0.0373,21.57,0.0,27.2,23.2,1781033607787191862
1781033607921454110,43,0,8,0,true,0.005,0.0001,41,8192,0.45,0.45,47.95,0.45,0,0,0.0373,0.0373,21.56,0.0,27.2,23.2,1781033607903494855
1781033608022122532,43,0,8,0,true,0.005,0.0001,41,8192,0.45,0.45,47.95,0.45,0,0,0.0373,0.0373,21.57,0.0,27.3,23.3,1781033608002574009
1781033608128844497,43,0,8,0,true,0.005,0.0,41,8192,0.45,0.45,47.95,0.45,0,0,0.0373,0.0373,21.56,0.0,27.3,23.3,1781033608103181474
1781033608229372389,43,0,8,0,true,0.0051,0.0002,41,8192,0.449,0.449,47.95,0.449,0,0,0.0373,0.0373,21.53,0.0,27.3,23.3,1781033608195950380
1781033608329449735,43,0,8,0,true,0.0051,0.0002,41,8192,0.45,0.45,47.95,0.45,0,0,0.0373,0.0373,21.57,0.0,27.3,23.3,1781033608318919115
1781033608430121179,43,0,8,0,true,0.0051,0.0003,41,8192,0.448,0.448,47.95,0.448,0,0,0.0372,0.0372,21.48,0.0,27.3,23.3,1781033608420011212
1781033608529591449,43,0,8,0,true,0.0051,0.0,41,8192,0.45,0.45,47.95,0.45,0,0,0.0373,0.0373,21.55,0.0,27.3,23.3,1781033608526712790
1781033608630105113,43,0,8,0,true,0.0051,0.0001,41,8192,0.45,0.45,47.95,0.45,0,0,0.0373,0.0373,21.56,0.0,27.3,23.3,1781033608613191484
1781033608729555586,43,0,8,0,true,0.0051,0.0002,42,8192,0.449,0.449,47.95,0.449,0,0,0.0373,0.0373,21.54,0.0,27.3,23.3,1781033608717618212
1781033608829504486,43,0,8,0,true,0.0052,0.0003,42,8192,0.45,0.45,47.95,0.45,0,0,0.0373,0.0373,21.56,0.0,27.3,23.3,1781033608824127192
1781033608930386029,43,0,8,0,true,0.0052,0.0001,42,8192,0.449,0.449,47.95,0.449,0,0,0.0373,0.0373,21.53,0.0,27.3,23.3,1781033608909243894
1781033609030161348,43,0,8,0,true,0.0052,0.0,42,8192,0.45,0.45,47.95,0.45,0,0,0.0373,0.0373,21.57,0.0,27.3,23.3,1781033609009351091
1781033609129995578,43,0,8,0,true,0.0052,0.0001,42,8192,0.45,0.45,47.95,0.45,0,0,0.0373,0.0373,21.57,0.0,27.3,23.3,1781033609123425602
1781033609232869389,43,0,8,0,true,0.0052,0.0001,42,8192,0.45,0.45,47.95,0.45,0,0,0.0373,0.0373,21.56,0.0,27.3,23.3,1781033609213501625
1781033609330082532,43,0,8,0,true,0.0052,0.0002,42,8192,0.448,0.448,47.95,0.448,0,0,0.0372,0.0372,21.5,0.0,27.3,23.3,1781033609312551001
1781033609429899393,43,0,8,0,true,0.0052,0.0001,42,8192,0.449,0.449,47.95,0.449,0,0,0.0373,0.0373,21.55,0.0,27.3,23.3,1781033609389403905
1781033609530952322,43,0,8,0,true,0.0052,0.0002,42,8192,0.45,0.45,47.95,0.45,0,0,0.0373,0.0373,21.57,0.0,27.3,23.3,1781033609495948139
1781033609630166013,43,0,8,0,true,0.0052,0.0001,42,8192,0.45,0.45,47.95,0.45,0,0,0.0373,0.0373,21.58,0.0,27.3,23.3,1781033609601141618
1781033609729943403,43,0,8,0,true,0.0053,0.0007,43,8192,0.447,0.447,47.95,0.447,0,0,0.0371,0.0371,21.44,0.0,27.3,23.3,1781033609709383252
1781033609832863005,43,0,8,0,true,0.0053,0.0001,43,8192,0.453,0.453,47.95,0.453,0,0,0.0376,0.0376,21.71,0.0,27.3,23.3,1781033609806080165
1781033609930172247,43,0,8,0,true,0.0053,0.0001,43,8192,0.451,0.451,47.95,0.451,0,0,0.0375,0.0375,21.65,0.0,27.3,23.3,1781033609910361256
1781033610036890971,43,0,8,0,true,0.0053,0.0001,43,8192,0.453,0.453,47.95,0.453,0,0,0.0376,0.0376,21.73,0.0,27.3,23.3,1781033610010652822
1781033610137540055,43,0,8,0,true,0.0054,0.0004,43,8192,0.448,0.448,47.95,0.448,0,0,0.0372,0.0372,21.49,0.0,27.3,23.3,1781033610125866402
1781033610238135935,43,0,8,0,true,0.0054,0.0001,44,8192,0.453,0.453,47.95,0.453,0,0,0.0376,0.0376,21.74,0.0,27.3,23.3,1781033610226782088
1781033610341472999,43,0,8,0,true,0.0054,0.0003,44,8192,0.454,0.454,47.95,0.454,0,0,0.0377,0.0377,21.78,0.0,27.3,23.3,1781033610340118486
1781033610437993785,43,0,8,0,true,0.0054,0.0001,44,8192,0.452,0.452,47.95,0.452,0,0,0.0375,0.0375,21.65,0.0,27.3,23.3,1781033610426017546
1781033610544957743,43,0,8,0,true,0.0054,0.0005,44,8192,0.448,0.448,47.95,0.448,0,0,0.0372,0.0372,21.47,0.0,27.3,23.3,1781033610535796069
1781033610645556924,43,0,8,0,true,0.0055,0.0004,44,8192,0.454,0.454,47.95,0.454,0,0,0.0377,0.0377,21.78,0.0,27.3,23.3,1781033610614089912
1781033610746169440,43,0,8,0,true,0.0055,0.0001,45,8192,0.452,0.452,47.95,0.452,0,0,0.0375,0.0375,21.68,0.0,27.3,23.3,1781033610737176330
1781033610846287118,43,0,8,0,true,0.0055,0.0003,45,8192,0.45,0.45,47.95,0.45,0,0,0.0373,0.0373,21.57,0.0,27.3,23.3,1781033610837408703
1781033610952862062,43,0,8,0,true,0.0055,0.0,45,8192,0.453,0.453,47.95,0.453,0,0,0.0376,0.0376,21.71,0.0,27.3,23.3,1781033610943663414
1781033611055774381,43,0,8,0,true,0.0056,0.0002,45,8192,0.454,0.454,47.95,0.454,0,0,0.0377,0.0377,21.79,0.0,27.3,23.3,1781033611046468308
1781033611154132971,43,0,8,0,true,0.0056,0.0004,45,8192,0.455,0.455,47.95,0.455,0,0,0.0377,0.0377,21.79,0.0,27.3,23.3,1781033611122001861
1781033611253577494,43,0,8,0,true,0.0056,0.0003,45,8192,0.454,0.454,47.95,0.454,0,0,0.0377,0.0377,21.79,0.0,27.3,23.3,1781033611213660591
1781033611356853387,43,0,8,0,true,0.0056,0.0001,46,8192,0.454,0.454,47.95,0.454,0,0,0.0377,0.0377,21.79,0.0,27.3,23.3,1781033611346559129
1781033611454135754,43,0,8,0,true,0.0057,0.0005,46,8192,0.455,0.455,47.95,0.455,0,0,0.0377,0.0377,21.79,0.0,27.3,23.3,1781033611426277923
1781033611554260967,43,0,8,0,true,0.0057,0.0002,46,8192,0.455,0.455,47.95,0.455,0,0,0.0377,0.0377,21.8,0.0,27.3,23.3,1781033611549457902
1781033611653502438,43,0,8,0,true,0.0057,0.0,46,8192,0.454,0.454,47.95,0.454,0,0,0.0377,0.0377,21.79,0.0,27.3,23.3,1781033611645710865
1781033611756858868,43,0,8,0,true,0.0057,0.0004,46,8192,0.45,0.45,47.95,0.45,0,0,0.0373,0.0373,21.56,0.0,27.3,23.3,1781033611749875453
1781033611853822965,43,0,8,0,true,0.0057,0.0003,47,8192,0.451,0.451,47.95,0.451,0,0,0.0374,0.0374,21.61,0.0,27.3,23.3,1781033611842553115
1781033611956927775,43,0,8,0,true,0.0058,0.0001,47,8192,0.453,0.453,47.95,0.453,0,0,0.0376,0.0376,21.7,0.0,27.3,23.3,1781033611934049518
1781033612056320253,43,0,8,0,true,0.0058,0.0002,47,8192,0.451,0.451,47.95,0.451,0,0,0.0375,0.0375,21.65,0.0,27.3,23.3,1781033612049852905
1781033612156812397,43,0,8,0,true,0.0058,0.0002,47,8192,0.454,0.454,47.95,0.454,0,0,0.0377,0.0377,21.76,0.0,27.3,23.3,1781033612129215869
1781033612254026155,43,0,8,0,true,0.0058,0.0003,47,8192,0.455,0.455,47.95,0.455,0,0,0.0377,0.0377,21.8,0.0,27.3,23.3,1781033612229813278
1781033612353954472,43,0,8,0,true,0.0058,0.0002,47,8192,0.452,0.452,47.95,0.452,0,0,0.0375,0.0375,21.67,0.0,27.3,23.3,1781033612334255483
1781033612454032814,43,0,8,0,true,0.0059,0.0003,48,8192,0.45,0.45,47.95,0.45,0,0,0.0374,0.0374,21.59,0.0,27.3,23.3,1781033612441582497
1781033612554177971,43,0,8,0,true,0.0059,0.0002,48,8192,0.455,0.455,47.95,0.455,0,0,0.0378,0.0378,21.81,0.0,27.3,23.3,1781033612529895550
1781033612659982772,43,0,8,0,true,0.0059,0.0001,48,8192,0.455,0.455,47.95,0.455,0,0,0.0378,0.0378,21.81,0.0,27.3,23.3,1781033612649757016
1781033612760418702,43,0,8,0,true,0.0059,0.0003,48,8192,0.45,0.45,47.95,0.45,0,0,0.0374,0.0374,21.6,0.0,27.3,23.3,1781033612747697309
1781033612861157236,43,0,8,0,true,0.006,0.0001,48,8192,0.454,0.454,47.95,0.454,0,0,0.0377,0.0377,21.76,0.0,27.3,23.3,1781033612846276035
1781033612962952860,43,0,8,0,true,0.006,0.0003,49,8192,0.455,0.455,47.95,0.455,0,0,0.0378,0.0378,21.81,0.0,27.3,23.3,1781033612962722549
1781033613064820630,43,0,8,0,true,0.006,0.0001,49,8192,0.454,0.454,47.95,0.454,0,0,0.0377,0.0377,21.76,0.0,27.3,23.3,1781033613060682398
1781033613164941517,43,0,8,0,true,0.0061,0.0004,49,8192,0.45,0.45,47.95,0.45,0,0,0.0374,0.0374,21.58,0.0,27.3,23.3,1781033613149931353
1781033613260395875,43,0,8,0,true,0.0061,0.0004,49,8192,0.45,0.45,47.95,0.45,0,0,0.0374,0.0374,21.59,0.0,27.3,23.3,1781033613245393047
1781033613360861816,43,0,8,0,true,0.0061,0.0,49,8192,0.455,0.455,47.95,0.455,0,0,0.0377,0.0377,21.79,0.0,27.3,23.3,1781033613348061065
1781033613460866615,43,0,8,0,true,0.0061,0.0002,50,8192,0.452,0.452,47.95,0.452,0,0,0.0375,0.0375,21.67,0.0,27.3,23.3,1781033613433927850
1781033613564920613,43,0,8,0,true,0.0062,0.0001,50,8192,0.455,0.455,47.95,0.455,0,0,0.0378,0.0378,21.84,0.0,27.3,23.3,1781033613554678758
1781033613660940059,43,0,8,0,true,0.0062,0.0004,50,8192,0.455,0.455,47.95,0.455,0,0,0.0378,0.0378,21.84,0.0,27.3,23.3,1781033613637359035
1781033613760887212,43,0,8,0,true,0.0062,0.0001,50,8192,0.454,0.454,47.95,0.454,0,0,0.0377,0.0377,21.79,0.0,27.3,23.3,1781033613723978263
1781033613861045198,43,0,8,0,true,0.0062,0.0003,50,8192,0.451,0.451,47.95,0.451,0,0,0.0375,0.0375,21.64,0.0,27.3,23.3,1781033613826252864
1781033613960369362,43,0,8,0,true,0.0062,0.0003,50,8192,0.456,0.456,47.95,0.456,0,0,0.0378,0.0378,21.85,0.0,27.3,23.3,1781033613926414950
1781033614064885346,43,0,8,0,true,0.0062,0.0002,51,8192,0.456,0.456,47.95,0.456,0,0,0.0378,0.0378,21.85,0.0,27.3,23.3,1781033614049294581
1781033614161478640,43,0,8,0,true,0.0063,0.0003,51,8192,0.456,0.456,47.95,0.456,0,0,0.0378,0.0378,21.85,0.0,27.3,23.3,1781033614160437716
1781033614260327303,43,0,8,0,true,0.0063,0.0003,51,8192,0.455,0.455,47.95,0.455,0,0,0.0378,0.0378,21.84,0.0,27.3,23.3,1781033614231612169
1781033614364923304,43,0,8,0,true,0.0063,0.0003,51,8192,0.451,0.451,47.95,0.451,0,0,0.0374,0.0374,21.61,0.0,27.3,23.3,1781033614353946256
1781033614460695560,43,0,8,0,true,0.0063,0.0001,51,8192,0.455,0.455,47.95,0.455,0,0,0.0378,0.0378,21.81,0.0,27.3,23.3,1781033614460363828
1781033614564874062,43,0,8,0,true,0.0064,0.0004,52,8192,0.456,0.456,47.95,0.456,0,0,0.0378,0.0378,21.84,0.0,27.3,23.3,1781033614535755526
1781033614660880890,43,0,8,0,true,0.0064,0.0001,52,8192,0.455,0.455,47.95,0.455,0,0,0.0378,0.0378,21.81,0.0,27.3,23.3,1781033614629886256
1781033614764932143,43,0,8,0,true,0.0064,0.0002,52,8192,0.455,0.455,47.95,0.455,0,0,0.0378,0.0378,21.84,0.0,27.3,23.3,1781033614754258913
1781033614860305521,43,0,8,0,true,0.0064,0.0,52,8192,0.455,0.455,47.95,0.455,0,0,0.0378,0.0378,21.83,0.0,27.3,23.3,1781033614860050086
1781033614961232160,43,0,8,0,true,0.0064,0.0005,52,8192,0.449,0.449,47.95,0.449,0,0,0.0372,0.0372,21.51,0.0,27.3,23.3,1781033614947575184
1781033615061550628,43,0,8,0,true,0.0065,0.0002,52,8192,0.453,0.453,47.95,0.453,0,0,0.0376,0.0376,21.7,0.0,27.3,23.3,1781033615038900203
1781033615164902071,43,0,8,0,true,0.0065,0.0001,53,8192,0.455,0.455,47.95,0.455,0,0,0.0378,0.0378,21.82,0.0,27.3,23.3,1781033615140199309
1781033615262245355,43,0,8,0,true,0.0065,0.0,53,8192,0.456,0.456,47.95,0.456,0,0,0.0378,0.0378,21.84,0.0,27.3,23.3,1781033615244231735
1781033615360838195,43,0,8,0,true,0.0065,0.0001,53,8192,0.455,0.455,47.95,0.455,0,0,0.0378,0.0378,21.82,0.0,27.3,23.3,1781033615346887802
1781033615460341431,43,0,8,0,true,0.0065,0.0001,53,8192,0.455,0.455,47.95,0.455,0,0,0.0378,0.0378,21.83,0.0,27.3,23.3,1781033615450355270
1781033615560723209,43,0,8,0,true,0.0066,0.0,53,8192,0.455,0.455,47.95,0.455,0,0,0.0378,0.0378,21.83,0.0,27.3,23.3,1781033615558133809
1781033615668883555,43,0,8,0,true,0.0066,0.0002,54,8192,0.456,0.456,47.95,0.456,0,0,0.0378,0.0378,21.85,0.0,27.3,23.3,1781033615645504216
1781033615771837590,43,0,8,0,true,0.0066,0.0004,54,8192,0.456,0.456,47.95,0.456,0,0,0.0378,0.0378,21.85,0.0,27.3,23.3,1781033615753105022
1781033615876865004,43,0,8,0,true,0.0066,0.0002,54,8192,0.453,0.453,47.95,0.453,0,0,0.0376,0.0376,21.7,0.0,27.3,23.3,1781033615851775552
1781033615985152830,43,0,8,0,true,0.0067,0.0001,54,8192,0.454,0.454,47.95,0.454,0,0,0.0377,0.0377,21.75,0.0,27.3,23.3,1781033615952467778
1781033616087196773,43,0,8,0,true,0.0067,0.0003,54,8192,0.452,0.452,47.95,0.452,0,0,0.0375,0.0375,21.65,0.0,27.3,23.3,1781033616074443796
1781033616186815113,43,0,8,0,true,0.0067,0.0001,55,8192,0.453,0.453,47.95,0.453,0,0,0.0376,0.0376,21.74,0.0,27.3,23.3,1781033616168519720
1781033616287775003,43,0,8,0,true,0.0068,0.0002,55,8192,0.453,0.453,47.95,0.453,0,0,0.0376,0.0376,21.72,0.0,27.3,23.3,1781033616269511369
1781033616386629246,43,0,8,0,true,0.0068,0.0003,55,8192,0.452,0.452,47.95,0.452,0,0,0.0375,0.0375,21.67,0.0,27.3,23.3,1781033616382314891
1781033616488685323,43,0,8,0,true,0.0068,0.0003,55,8192,0.456,0.456,47.95,0.456,0,0,0.0378,0.0378,21.85,0.0,27.3,23.3,1781033616450351123
1781033616586284120,43,0,8,0,true,0.0068,0.0002,55,8192,0.453,0.453,47.95,0.453,0,0,0.0376,0.0376,21.72,0.0,27.3,23.3,1781033616568142084
1781033616686141754,43,0,8,0,true,0.0068,0.0,55,8192,0.456,0.456,47.95,0.456,0,0,0.0378,0.0378,21.85,0.0,27.3,23.3,1781033616660419495
1781033616788859521,43,0,8,0,true,0.0068,0.0,55,8192,0.454,0.454,47.95,0.454,0,0,0.0377,0.0377,21.79,0.0,27.3,23.3,1781033616774403559
1781033616888909826,43,0,8,0,true,0.0068,0.0001,56,8192,0.455,0.455,47.95,0.455,0,0,0.0378,0.0378,21.84,0.0,27.3,23.3,1781033616856393062
1781033616986666068,43,0,8,0,true,0.0069,0.0001,56,8192,0.456,0.456,47.95,0.456,0,0,0.0378,0.0378,21.84,0.0,27.3,23.3,1781033616975349371
1781033617087791159,43,0,8,0,true,0.0069,0.0004,56,8192,0.451,0.451,47.95,0.451,0,0,0.0374,0.0374,21.61,0.0,27.3,23.3,1781033617068744066
1781033617188861438,43,0,8,0,true,0.0069,0.0004,56,8192,0.451,0.451,47.95,0.451,0,0,0.0374,0.0374,21.61,0.0,27.3,23.3,1781033617166420288
1781033617285887491,43,0,8,0,true,0.0069,0.0004,56,8192,0.456,0.456,47.95,0.456,0,0,0.0378,0.0378,21.85,0.0,27.3,23.3,1781033617253241104
1781033617388863705,43,0,8,0,true,0.007,0.0001,57,8192,0.456,0.456,47.95,0.456,0,0,0.0378,0.0378,21.85,0.0,27.3,23.3,1781033617359286651
1781033617486165974,43,0,8,0,true,0.007,0.0001,57,8192,0.454,0.454,47.95,0.454,0,0,0.0377,0.0377,21.76,0.0,27.3,23.3,1781033617456862913
1781033617587861213,43,0,8,0,true,0.007,0.0003,57,8192,0.456,0.456,47.95,0.456,0,0,0.0378,0.0378,21.85,0.0,27.3,23.3,1781033617560286756
1781033617686313175,43,0,8,0,true,0.007,0.0003,57,8192,0.456,0.456,47.95,0.456,0,0,0.0378,0.0378,21.86,0.0,27.3,23.3,1781033617656114231
1781033617786486460,43,0,8,0,true,0.0071,0.0003,57,8192,0.456,0.456,47.95,0.456,0,0,0.0378,0.0378,21.86,0.0,27.3,23.3,1781033617769477160
1781033617885496294,43,0,8,0,true,0.0071,0.0003,58,8192,0.456,0.456,47.95,0.456,0,0,0.0378,0.0378,21.86,0.0,27.3,23.3,1781033617868148208
1781033617988875748,43,0,8,0,true,0.0071,0.0003,58,8192,0.456,0.456,47.95,0.456,0,0,0.0378,0.0378,21.86,0.0,27.3,23.3,1781033617961221361
1781033618088833889,43,0,8,0,true,0.0071,0.0003,58,8192,0.456,0.456,47.95,0.456,0,0,0.0378,0.0378,21.85,0.0,27.3,23.3,1781033618066718283
1781033618186199080,43,0,8,0,true,0.0072,0.0002,58,8192,0.456,0.456,47.95,0.456,0,0,0.0378,0.0378,21.86,0.0,27.3,23.3,1781033618165867547
1781033618285458213,43,0,8,0,true,0.0072,0.0004,58,8192,0.456,0.456,47.95,0.456,0,0,0.0378,0.0378,21.85,0.0,27.3,23.3,1781033618266139758
1781033618386489233,43,0,8,0,true,0.0072,0.0001,59,8192,0.456,0.456,47.95,0.456,0,0,0.0378,0.0378,21.86,0.0,27.3,23.3,1781033618366554842
1781033618488860673,43,0,8,0,true,0.0072,0.0003,59,8192,0.456,0.456,47.95,0.456,0,0,0.0378,0.0378,21.85,0.0,27.3,23.3,1781033618473761391
1781033618589278721,43,0,8,0,true,0.0072,0.0001,59,8192,0.456,0.456,47.95,0.456,0,0,0.0378,0.0378,21.85,0.0,27.3,23.3,1781033618572109469
1781033618686363079,43,0,8,0,true,0.0073,0.0002,59,8192,0.456,0.456,47.95,0.456,0,0,0.0378,0.0378,21.85,0.0,27.3,23.3,1781033618660669448
1781033618786100046,43,0,8,0,true,0.0073,0.0005,59,8192,0.45,0.45,47.95,0.45,0,0,0.0374,0.0374,21.6,0.0,27.3,23.3,1781033618781989527
1781033618885446404,43,0,8,0,true,0.0073,0.0003,59,8192,0.456,0.456,47.95,0.456,0,0,0.0378,0.0378,21.85,0.0,27.3,23.3,1781033618866859917
1781033618986173257,43,0,8,0,true,0.0073,0.0004,60,8192,0.451,0.451,47.95,0.451,0,0,0.0374,0.0374,21.61,0.0,27.3,23.3,1781033618973197511
1781033619087678519,43,0,8,0,true,0.0074,0.0002,60,8192,0.453,0.453,47.95,0.453,0,0,0.0376,0.0376,21.74,0.0,27.3,23.3,1781033619065661210
1781033619185694014,43,0,8,0,true,0.0074,0.0,60,8192,0.456,0.456,47.95,0.456,0,0,0.0378,0.0378,21.86,0.0,27.3,23.3,1781033619165081340
1781033619285496890,43,0,8,0,true,0.0074,0.0004,60,8192,0.456,0.456,47.95,0.456,0,0,0.0378,0.0378,21.86,0.0,27.3,23.3,1781033619285260938
1781033619388545694,43,0,8,0,true,0.0074,0.0001,60,8192,0.456,0.456,47.95,0.456,0,0,0.0378,0.0378,21.86,0.0,27.3,23.3,1781033619378532728
1781033619485405576,43,0,8,0,true,0.0074,0.0004,60,8192,0.451,0.451,47.95,0.451,0,0,0.0375,0.0375,21.64,0.0,27.3,23.3,1781033619474596732
1781033619586094248,43,0,8,0,true,0.0075,0.0003,61,8192,0.456,0.456,47.95,0.456,0,0,0.0378,0.0378,21.86,0.0,27.3,23.3,1781033619581570440
1781033619686016849,43,0,8,0,true,0.0075,0.0003,61,8192,0.456,0.456,47.95,0.456,0,0,0.0378,0.0378,21.86,0.0,27.3,23.3,1781033619674292987
1781033619785636329,43,0,8,0,true,0.0075,0.0004,61,8192,0.451,0.451,47.95,0.451,0,0,0.0374,0.0374,21.62,0.0,27.3,23.3,1781033619778945494
1781033619887916099,43,0,8,0,true,0.0075,0.0001,61,8192,0.454,0.454,47.95,0.454,0,0,0.0377,0.0377,21.77,0.0,27.3,23.3,1781033619882580871
1781033619986123624,43,0,8,0,true,0.0075,0.0002,61,8192,0.456,0.456,47.95,0.456,0,0,0.0378,0.0378,21.86,0.0,27.3,23.3,1781033619957136881
1781033620086137318,43,0,8,0,true,0.0076,0.0002,61,8192,0.456,0.456,47.95,0.456,0,0,0.0378,0.0378,21.85,0.0,27.3,23.3,1781033620059261776
1781033620186048889,43,0,8,0,true,0.0076,0.0004,62,8192,0.451,0.451,47.95,0.451,0,0,0.0374,0.0374,21.63,0.0,27.4,23.4,1781033620178285941
1781033620286129894,43,0,8,0,true,0.0076,0.0005,62,8192,0.451,0.451,47.95,0.451,0,0,0.0374,0.0374,21.61,0.0,27.4,23.4,1781033620271358123
1781033620386362430,43,0,8,0,true,0.0076,0.0005,62,8192,0.45,0.45,47.95,0.45,0,0,0.0374,0.0374,21.59,0.0,27.4,23.4,1781033620371358856
1781033620487122350,43,0,8,0,true,0.0077,0.0004,62,8192,0.456,0.456,47.95,0.456,0,0,0.0378,0.0378,21.86,0.0,27.4,23.4,1781033620461925134
1781033620585987325,43,0,8,0,true,0.0077,0.0005,62,8192,0.45,0.45,47.95,0.45,0,0,0.0374,0.0374,21.6,0.0,27.4,23.4,1781033620562043235
1781033620685796965,43,0,8,0,true,0.0077,0.0003,63,8192,0.453,0.453,47.95,0.453,0,0,0.0376,0.0376,21.71,0.0,27.4,23.4,1781033620676525721
1781033620785855304,43,0,8,0,true,0.0077,0.0004,63,8192,0.452,0.452,47.95,0.452,0,0,0.0375,0.0375,21.65,0.0,27.4,23.4,1781033620757240516
1781033620888921937,43,0,8,0,true,0.0078,0.0,63,8192,0.456,0.456,47.95,0.456,0,0,0.0379,0.0379,21.87,0.0,27.4,23.4,1781033620881724508
1781033620985440801,43,0,8,0,true,0.0078,0.0002,63,8192,0.454,0.454,47.95,0.454,0,0,0.0377,0.0377,21.76,0.0,27.4,23.4,1781033620969768220
1781033621086058206,43,0,8,0,true,0.0078,0.0002,63,8192,0.456,0.456,47.95,0.456,0,0,0.0378,0.0378,21.86,0.0,27.4,23.4,1781033621062250976
1781033621185959964,43,0,8,0,true,0.0078,0.0001,63,8192,0.456,0.456,47.95,0.456,0,0,0.0379,0.0379,21.87,0.0,27.4,23.4,1781033621173538135
1781033621286223773,43,0,8,0,true,0.0078,0.0001,64,8192,0.456,0.456,47.95,0.456,0,0,0.0379,0.0379,21.87,0.0,27.4,23.4,1781033621278116161
1781033621386165659,43,0,8,0,true,0.0078,0.0002,64,8192,0.456,0.456,47.95,0.456,0,0,0.0379,0.0379,21.86,0.0,27.4,23.4,1781033621372558835
1781033621485462851,43,0,8,0,true,0.0079,0.0002,64,8192,0.456,0.456,47.95,0.456,0,0,0.0379,0.0379,21.87,0.0,27.4,23.4,1781033621458077475
1781033621588868907,43,0,8,0,true,0.0079,0.0002,64,8192,0.456,0.456,47.95,0.456,0,0,0.0379,0.0379,21.87,0.0,27.4,23.4,1781033621578324273
1781033621686957746,43,0,8,0,true,0.0079,0.0002,64,8192,0.456,0.456,47.95,0.456,0,0,0.0378,0.0378,21.86,0.0,27.4,23.4,1781033621677035221
1781033621788966232,43,0,8,0,true,0.0079,0.0001,64,8192,0.454,0.454,47.95,0.454,0,0,0.0377,0.0377,21.78,0.0,27.4,23.4,1781033621757065754
1781033621888882600,43,0,8,0,true,0.0079,0.0003,65,8192,0.456,0.456,47.95,0.456,0,0,0.0378,0.0378,21.86,0.0,27.4,23.4,1781033621863613496
1781033621986086443,43,0,8,0,true,0.008,0.0001,65,8192,0.456,0.456,47.95,0.456,0,0,0.0379,0.0379,21.87,0.0,27.4,23.4,1781033621974256552
1781033622088866127,43,0,8,0,true,0.008,0.0,65,8192,0.456,0.456,47.95,0.456,0,0,0.0379,0.0379,21.88,0.0,27.4,23.4,1781033622070340259
1781033622185920419,43,0,8,0,true,0.008,0.0,65,8192,0.456,0.456,47.95,0.456,0,0,0.0379,0.0379,21.87,0.0,27.4,23.4,1781033622170926514
1781033622288864686,43,0,8,0,true,0.008,0.0001,65,8192,0.456,0.456,47.95,0.456,0,0,0.0379,0.0379,21.88,0.0,27.4,23.4,1781033622272388021
1781033622392858133,43,0,8,0,true,0.008,0.0003,65,8192,0.456,0.456,47.95,0.456,0,0,0.0378,0.0378,21.86,0.0,27.4,23.4,1781033622378515892
1781033622494166753,43,0,8,0,true,0.008,0.0,65,8192,0.456,0.456,47.95,0.456,0,0,0.0379,0.0379,21.88,0.0,27.4,23.4,1781033622466763391
1781033622593793260,43,0,8,0,true,0.0081,0.0004,66,8192,0.456,0.456,47.95,0.456,0,0,0.0379,0.0379,21.87,0.0,27.4,23.4,1781033622588348010
1781033622696870426,43,0,8,0,true,0.0081,0.0002,66,8192,0.454,0.454,47.95,0.454,0,0,0.0377,0.0377,21.77,0.0,27.4,23.4,1781033622679375530
1781033622794169766,43,0,8,0,true,0.0081,0.0002,66,8192,0.456,0.456,47.95,0.456,0,0,0.0379,0.0379,21.87,0.0,27.4,23.4,1781033622773712532
1781033622895567005,43,0,8,0,true,0.0081,0.0,66,8192,0.456,0.456,47.95,0.456,0,0,0.0379,0.0379,21.88,0.0,27.4,23.4,1781033622873286221
1781033622996868154,43,0,8,0,true,0.0081,0.0002,66,8192,0.454,0.454,47.95,0.454,0,0,0.0377,0.0377,21.77,0.0,27.4,23.4,1781033622977187714
1781033623096878131,43,0,8,0,true,0.0081,0.0,66,8192,0.456,0.456,47.95,0.456,0,0,0.0379,0.0379,21.88,0.0,27.4,23.4,1781033623087052200
1781033623195855402,43,0,8,0,true,0.0082,0.0001,66,8192,0.456,0.456,47.95,0.456,0,0,0.0379,0.0379,21.88,0.0,27.4,23.4,1781033623184340696
1781033623293933873,43,0,8,0,true,0.0082,0.0001,66,8192,0.456,0.456,47.95,0.456,0,0,0.0379,0.0379,21.88,0.0,27.4,23.4,1781033623272902343
1781033623393761174,43,0,8,0,true,0.0082,0.0004,67,8192,0.452,0.452,47.95,0.452,0,0,0.0375,0.0375,21.65,0.0,27.4,23.4,1781033623391080191
1781033623493416999,43,0,8,0,true,0.0082,0.0002,67,8192,0.454,0.454,47.95,0.454,0,0,0.0377,0.0377,21.77,0.0,27.4,23.4,1781033623492484828
1781033623601404460,43,0,8,0,true,0.0082,0.0002,67,8192,0.456,0.456,47.95,0.456,0,0,0.0379,0.0379,21.87,0.0,27.4,23.4,1781033623588282366
1781033623703183216,43,0,8,0,true,0.0082,0.0002,67,8192,0.454,0.454,47.95,0.454,0,0,0.0377,0.0377,21.77,0.0,27.4,23.4,1781033623694017295
1781033623804903663,43,0,8,0,true,0.0083,0.0001,67,8192,0.455,0.455,47.95,0.455,0,0,0.0378,0.0378,21.82,0.0,27.4,23.4,1781033623784304159
1781033623903163865,43,0,8,0,true,0.0083,0.0002,67,8192,0.456,0.456,47.95,0.456,0,0,0.0379,0.0379,21.87,0.0,27.4,23.4,1781033623893571239
1781033624004868256,43,0,8,0,true,0.0083,0.0,67,8192,0.456,0.456,47.95,0.456,0,0,0.0379,0.0379,21.88,0.0,27.4,23.4,1781033623981744801
1781033624102789700,43,0,8,0,true,0.0083,0.0001,67,8192,0.455,0.455,47.95,0.455,0,0,0.0378,0.0378,21.82,0.0,27.4,23.4,1781033624087933309
1781033624208903611,43,0,8,0,true,0.0083,0.0001,68,8192,0.455,0.455,47.95,0.455,0,0,0.0378,0.0378,21.82,0.0,27.4,23.4,1781033624192906197
1781033624310281827,43,0,8,0,true,0.0083,0.0,68,8192,0.456,0.456,47.95,0.456,0,0,0.0378,0.0378,21.85,0.0,27.4,23.4,1781033624305388466
1781033624411521256,43,0,8,0,true,0.0084,0.0002,68,8192,0.456,0.456,47.95,0.456,0,0,0.0379,0.0379,21.88,0.0,27.4,23.4,1781033624380596221
1781033624512863933,43,0,8,0,true,0.0084,0.0003,68,8192,0.453,0.453,47.95,0.453,0,0,0.0376,0.0376,21.74,0.0,27.4,23.4,1781033624491657782
1781033624612852506,43,0,8,0,true,0.0084,0.0,68,8192,0.457,0.457,47.95,0.457,0,0,0.0379,0.0379,21.89,0.0,27.4,23.4,1781033624593483489
1781033624712858155,43,0,8,0,true,0.0084,0.0001,69,8192,0.455,0.455,47.95,0.455,0,0,0.0377,0.0377,21.81,0.0,27.4,23.4,1781033624698542488
1781033624812866755,43,0,8,0,true,0.0084,0.0001,69,8192,0.455,0.455,47.95,0.455,0,0,0.0378,0.0378,21.83,0.0,27.4,23.4,1781033624787751703
1781033624910162474,43,0,8,0,true,0.0085,0.0,69,8192,0.456,0.456,47.95,0.456,0,0,0.0379,0.0379,21.89,0.0,27.4,23.4,1781033624907284770
1781033625009674867,43,0,8,0,true,0.0085,0.0001,69,8192,0.456,0.456,47.95,0.456,0,0,0.0379,0.0379,21.88,0.0,27.4,23.4,1781033625009324698
1781033625111748585,43,0,8,0,true,0.0085,0.0003,69,8192,0.456,0.456,47.95,0.456,0,0,0.0379,0.0379,21.87,0.0,27.4,23.4,1781033625099611210
1781033625212862896,43,0,8,0,true,0.0085,0.0001,69,8192,0.456,0.456,47.95,0.456,0,0,0.0379,0.0379,21.88,0.0,27.4,23.4,1781033625193357594
1781033625312862403,43,0,8,0,true,0.0085,0.0004,69,8192,0.453,0.453,47.95,0.453,0,0,0.0376,0.0376,21.71,0.0,27.4,23.4,1781033625306506583
1781033625412555865,43,0,8,0,true,0.0085,0.0002,70,8192,0.456,0.456,47.95,0.456,0,0,0.0379,0.0379,21.88,0.0,27.4,23.4,1781033625400636300
1781033625510219737,43,0,8,0,true,0.0086,0.0002,70,8192,0.456,0.456,47.95,0.456,0,0,0.0379,0.0379,21.88,0.0,27.4,23.4,1781033625504479423
1781033625609345441,43,0,8,0,true,0.0086,0.0001,70,8192,0.456,0.456,47.95,0.456,0,0,0.0379,0.0379,21.88,0.0,27.4,23.4,1781033625590389997
1781033653513460984,,,,,,,,,,,,,,,,,,,,,,
1781033653613412432,,,,,,,,,,,,,,,,,,,,,,
1781033653713846673,,,,,,,,,,,,,,,,,,,,,,
1781033653813921424,,,,,,,,,,,,,,,,,,,,,,
1781033653913491827,,,,,,,,,,,,,,,,,,,,,,
1781033654013503592,,,,,,,,,,,,,,,,,,,,,,
1781033654114381580,,,,,,,,,,,,,,,,,,,,,,
1781033654213430639,,,,,,,,,,,,,,,,,,,,,,
1781033654314208487,,,,,,,,,,,,,,,,,,,,,,
1781033654413424859,,,,,,,,,,,,,,,,,,,,,,
1781033654513459095,,,,,,,,,,,,,,,,,,,,,,
1781033654613446409,,,,,,,,,,,,,,,,,,,,,,
1781033654714436019,,,,,,,,,,,,,,,,,,,,,,
1781033654813470875,,,,,,,,,,,,,,,,,,,,,,
1781033654914427054,,,,,,,,,,,,,,,,,,,,,,
1781033655014430543,,,,,,,,,,,,,,,,,,,,,,
1781033655113877986,,,,,,,,,,,,,,,,,,,,,,
1781033655214051252,,,,,,,,,,,,,,,,,,,,,,
1781033655314390019,,,,,,,,,,,,,,,,,,,,,,
1781033655413392419,,,,,,,,,,,,,,,,,,,,,,
1781033655513403380,,,,,,,,,,,,,,,,,,,,,,
1781033655613485716,,,,,,,,,,,,,,,,,,,,,,
1781033655714423795,,,,,,,,,,,,,,,,,,,,,,
1781033655814426547,,,,,,,,,,,,,,,,,,,,,,
1781033655914423383,,,,,,,,,,,,,,,,,,,,,,
1781033656013428765,,,,,,,,,,,,,,,,,,,,,,
1781033656114033337,,,,,,,,,,,,,,,,,,,,,,
1781033656214271691,,,,,,,,,,,,,,,,,,,,,,
1781033656313410004,,,,,,,,,,,,,,,,,,,,,,
1781033656414073692,,,,,,,,,,,,,,,,,,,,,,
1781033656514005084,,,,,,,,,,,,,,,,,,,,,,
1781033656613904882,,,,,,,,,,,,,,,,,,,,,,
1781033656714083243,,,,,,,,,,,,,,,,,,,,,,
1781033656814030706,,,,,,,,,,,,,,,,,,,,,,
1781033656914257974,,,,,,,,,,,,,,,,,,,,,,
1781033657014469980,,,,,,,,,,,,,,,,,,,,,,
1781033657113442423,,,,,,,,,,,,,,,,,,,,,,
1781033657214408764,,,,,,,,,,,,,,,,,,,,,,
1781033657314361837,,,,,,,,,,,,,,,,,,,,,,
1781033657414238056,,,,,,,,,,,,,,,,,,,,,,
1781033657514096840,,,,,,,,,,,,,,,,,,,,,,
1781033657614023351,,,,,,,,,,,,,,,,,,,,,,
1781033657713804928,,,,,,,,,,,,,,,,,,,,,,
1781033657813832309,,,,,,,,,,,,,,,,,,,,,,
1781033657913886014,,,,,,,,,,,,,,,,,,,,,,
1781033658014331188,,,,,,,,,,,,,,,,,,,,,,
1781033658114242208,,,,,,,,,,,,,,,,,,,,,,
1781033658214176083,,,,,,,,,,,,,,,,,,,,,,
1781033658314164859,,,,,,,,,,,,,,,,,,,,,,
1781033658413883873,,,,,,,,,,,,,,,,,,,,,,
1781033658513941178,,,,,,,,,,,,,,,,,,,,,,
1781033658613791483,,,,,,,,,,,,,,,,,,,,,,
1781033658713439602,,,,,,,,,,,,,,,,,,,,,,
1781033658813393501,,,,,,,,,,,,,,,,,,,,,,
1781033658913409616,,,,,,,,,,,,,,,,,,,,,,
1781033659014293644,,,,,,,,,,,,,,,,,,,,,,
1781033659114269448,,,,,,,,,,,,,,,,,,,,,,
1781033659214413830,,,,,,,,,,,,,,,,,,,,,,
1781033659314465706,,,,,,,,,,,,,,,,,,,,,,
1781033659413808500,,,,,,,,,,,,,,,,,,,,,,
1781033659513982640,,,,,,,,,,,,,,,,,,,,,,
1781033659614111743,,,,,,,,,,,,,,,,,,,,,,
1781033659714323123,,,,,,,,,,,,,,,,,,,,,,
1781033659813478804,,,,,,,,,,,,,,,,,,,,,,
1781033659913760469,,,,,,,,,,,,,,,,,,,,,,
1781033660013822119,,,,,,,,,,,,,,,,,,,,,,
1781033660113451887,,,,,,,,,,,,,,,,,,,,,,
1781033660213866853,,,,,,,,,,,,,,,,,,,,,,
1781033660313873788,,,,,,,,,,,,,,,,,,,,,,
1781033660413871198,,,,,,,,,,,,,,,,,,,,,,
1781033660513861039,,,,,,,,,,,,,,,,,,,,,,
1781033660613769178,,,,,,,,,,,,,,,,,,,,,,
1781033660713490414,,,,,,,,,,,,,,,,,,,,,,
1781033660814245116,,,,,,,,,,,,,,,,,,,,,,
1781033660913444008,,,,,,,,,,,,,,,,,,,,,,
1781033661014395696,,,,,,,,,,,,,,,,,,,,,,
1781033661114371202,,,,,,,,,,,,,,,,,,,,,,
1781033661214407595,,,,,,,,,,,,,,,,,,,,,,
1781033661314285252,,,,,,,,,,,,,,,,,,,,,,
1781033661414410378,,,,,,,,,,,,,,,,,,,,,,
1781033661513726930,,,,,,,,,,,,,,,,,,,,,,
1781033661624875881,,,,,,,,,,,,,,,,,,,,,,
1781033661726449834,,,,,,,,,,,,,,,,,,,,,,
1781033661828820797,,,,,,,,,,,,,,,,,,,,,,
1781033661926424637,,,,,,,,,,,,,,,,,,,,,,
1781033662026170676,,,,,,,,,,,,,,,,,,,,,,
1781033662126323695,,,,,,,,,,,,,,,,,,,,,,
1781033662225991574,,,,,,,,,,,,,,,,,,,,,,
1781033662326379013,,,,,,,,,,,,,,,,,,,,,,
1781033662425892043,,,,,,,,,,,,,,,,,,,,,,
1781033662526398318,,,,,,,,,,,,,,,,,,,,,,
1781033662625747929,,,,,,,,,,,,,,,,,,,,,,
1781033662726209672,,,,,,,,,,,,,,,,,,,,,,
1781033662825723703,,,,,,,,,,,,,,,,,,,,,,
1781033662925982879,,,,,,,,,,,,,,,,,,,,,,
1781033663025521496,,,,,,,,,,,,,,,,,,,,,,
1781033663128848405,,,,,,,,,,,,,,,,,,,,,,
1781033663225861565,,,,,,,,,,,,,,,,,,,,,,
1781033663326189542,,,,,,,,,,,,,,,,,,,,,,
1781033663426111384,,,,,,,,,,,,,,,,,,,,,,
1781033663526128798,,,,,,,,,,,,,,,,,,,,,,
1781033663626449300,,,,,,,,,,,,,,,,,,,,,,
1781033663725621875,,,,,,,,,,,,,,,,,,,,,,
1781033663825681690,,,,,,,,,,,,,,,,,,,,,,
1781033663926281706,,,,,,,,,,,,,,,,,,,,,,
1781033664026949627,,,,,,,,,,,,,,,,,,,,,,
1781033664126062957,,,,,,,,,,,,,,,,,,,,,,
1781033664226263081,,,,,,,,,,,,,,,,,,,,,,
1781033664325948838,,,,,,,,,,,,,,,,,,,,,,
1781033664426257036,,,,,,,,,,,,,,,,,,,,,,
1781033664526361484,,,,,,,,,,,,,,,,,,,,,,
1781033664625674541,,,,,,,,,,,,,,,,,,,,,,
1781033664726374615,,,,,,,,,,,,,,,,,,,,,,
1781033664826171147,,,,,,,,,,,,,,,,,,,,,,
1781033664926034260,,,,,,,,,,,,,,,,,,,,,,
1781033665026401446,,,,,,,,,,,,,,,,,,,,,,
1781033665125968542,,,,,,,,,,,,,,,,,,,,,,
1781033665225761734,,,,,,,,,,,,,,,,,,,,,,
1781033665328441727,,,,,,,,,,,,,,,,,,,,,,
1781033665426017040,,,,,,,,,,,,,,,,,,,,,,
1781033665525883036,,,,,,,,,,,,,,,,,,,,,,
1781033665626089399,,,,,,,,,,,,,,,,,,,,,,
1781033665725725612,,,,,,,,,,,,,,,,,,,,,,
1781033665826235324,,,,,,,,,,,,,,,,,,,,,,
1781033665925473958,,,,,,,,,,,,,,,,,,,,,,
1781033666026155538,,,,,,,,,,,,,,,,,,,,,,
1781033666125486151,,,,,,,,,,,,,,,,,,,,,,
1781033666226381326,,,,,,,,,,,,,,,,,,,,,,
1781033666326155542,,,,,,,,,,,,,,,,,,,,,,
1781033666425694806,,,,,,,,,,,,,,,,,,,,,,
1781033666526016156,,,,,,,,,,,,,,,,,,,,,,
1781033666626392913,,,,,,,,,,,,,,,,,,,,,,
1781033666726413728,,,,,,,,,,,,,,,,,,,,,,
1781033666825746037,,,,,,,,,,,,,,,,,,,,,,
1781033666926661239,,,,,,,,,,,,,,,,,,,,,,
1781033667025794920,,,,,,,,,,,,,,,,,,,,,,
1781033667126341530,,,,,,,,,,,,,,,,,,,,,,
1781033667227416450,,,,,,,,,,,,,,,,,,,,,,
1781033667325643310,,,,,,,,,,,,,,,,,,,,,,
1781033667425694320,,,,,,,,,,,,,,,,,,,,,,
1781033667526138745,,,,,,,,,,,,,,,,,,,,,,
1781033667626269452,,,,,,,,,,,,,,,,,,,,,,
1781033667726403931,,,,,,,,,,,,,,,,,,,,,,
1781033667825682330,,,,,,,,,,,,,,,,,,,,,,
1781033667925754228,,,,,,,,,,,,,,,,,,,,,,
1781033668025954429,,,,,,,,,,,,,,,,,,,,,,
1781033668125600264,,,,,,,,,,,,,,,,,,,,,,
1781033668226298545,,,,,,,,,,,,,,,,,,,,,,
1781033668325647528,,,,,,,,,,,,,,,,,,,,,,
1781033668425545298,,,,,,,,,,,,,,,,,,,,,,
1781033668528847847,,,,,,,,,,,,,,,,,,,,,,
1781033668625719980,,,,,,,,,,,,,,,,,,,,,,
1781033668726229882,,,,,,,,,,,,,,,,,,,,,,
1781033668826095410,,,,,,,,,,,,,,,,,,,,,,
1781033668926150973,,,,,,,,,,,,,,,,,,,,,,
1781033669026111839,,,,,,,,,,,,,,,,,,,,,,
1781033669126088965,,,,,,,,,,,,,,,,,,,,,,
1781033669226003262,,,,,,,,,,,,,,,,,,,,,,
1781033669326384782,,,,,,,,,,,,,,,,,,,,,,
1781033669426210202,,,,,,,,,,,,,,,,,,,,,,
1781033669526153508,,,,,,,,,,,,,,,,,,,,,,
1781033669626278315,,,,,,,,,,,,,,,,,,,,,,
1781033669726091068,,,,,,,,,,,,,,,,,,,,,,
1781033669826407219,,,,,,,,,,,,,,,,,,,,,,
1781033669926178722,,,,,,,,,,,,,,,,,,,,,,
1781033670026239102,,,,,,,,,,,,,,,,,,,,,,
1781033670125676904,,,,,,,,,,,,,,,,,,,,,,
1781033670226379545,,,,,,,,,,,,,,,,,,,,,,
1781033670325991029,43,0,8,0,true,0.0,0.0008,0,8192,0.442,0.442,48.0,0.442,0,0,0.0367,0.0367,21.23,0.0,25.0,21.0,1781033670324433277
1781033670428868440,43,0,8,0,true,0.0,0.0002,0,8192,0.445,0.445,47.96,0.445,0,0,0.037,0.037,21.35,0.0,25.0,21.0,1781033670411593104
1781033670526205457,43,0,8,0,true,0.0,0.0001,0,8192,0.448,0.448,47.96,0.448,0,0,0.0372,0.0372,21.51,0.0,25.0,21.0,1781033670524223431
1781033670625529091,43,0,8,0,true,0.0,0.0,0,8192,0.451,0.451,47.96,0.451,0,0,0.0374,0.0374,21.62,0.0,25.0,21.0,1781033670601844071
1781033670725413408,43,0,8,0,true,0.0001,0.0001,0,8192,0.453,0.453,47.96,0.453,0,0,0.0376,0.0376,21.7,0.0,25.0,21.0,1781033670720997831
1781033670826105998,43,0,8,0,true,0.0001,0.0,0,8192,0.453,0.453,47.96,0.453,0,0,0.0376,0.0376,21.71,0.0,25.1,21.1,1781033670809533092
1781033670928853204,43,0,8,0,true,0.0001,0.0,0,8192,0.453,0.453,47.96,0.453,0,0,0.0376,0.0376,21.72,0.0,25.1,21.1,1781033670921517461
1781033671025614009,43,0,8,0,true,0.0001,0.0001,0,8192,0.453,0.453,47.96,0.453,0,0,0.0376,0.0376,21.72,0.0,25.1,21.1,1781033671016058206
1781033671125700873,43,0,8,0,true,0.0001,0.0,0,8192,0.453,0.453,47.96,0.453,0,0,0.0376,0.0376,21.71,0.0,25.1,21.1,1781033671117336267
1781033671228898882,43,0,8,0,true,0.0001,0.0001,0,8192,0.453,0.453,47.96,0.453,0,0,0.0376,0.0376,21.71,0.0,25.1,21.1,1781033671194745697
1781033671326229828,43,0,8,0,true,0.0001,0.0002,0,8192,0.453,0.453,47.96,0.453,0,0,0.0376,0.0376,21.73,0.0,25.1,21.1,1781033671289477121
1781033671428858668,43,0,8,0,true,0.0001,0.0001,0,8192,0.452,0.452,47.96,0.452,0,0,0.0375,0.0375,21.7,0.0,25.1,21.1,1781033671413135466
1781033671526669876,43,0,8,0,true,0.0001,0.0001,1,8192,0.452,0.452,47.96,0.452,0,0,0.0375,0.0375,21.7,0.0,25.1,21.1,1781033671508841919
1781033671626407114,43,0,8,0,true,0.0001,0.0001,1,8192,0.452,0.452,47.96,0.452,0,0,0.0375,0.0375,21.69,0.0,25.2,21.2,1781033671622242453
1781033671727352075,43,0,8,0,true,0.0001,0.0,1,8192,0.453,0.453,47.96,0.453,0,0,0.0376,0.0376,21.73,0.0,25.2,21.2,1781033671705666767
1781033671827885932,43,0,8,0,true,0.0002,0.0002,1,8192,0.452,0.452,47.96,0.452,0,0,0.0375,0.0375,21.67,0.0,25.2,21.2,1781033671827103098
1781033671926999756,43,0,8,0,true,0.0002,0.0001,1,8192,0.452,0.452,47.96,0.452,0,0,0.0375,0.0375,21.7,0.0,25.2,21.2,1781033671894592564
1781033672026440086,43,0,8,0,true,0.0002,0.0001,1,8192,0.452,0.452,47.96,0.452,0,0,0.0375,0.0375,21.69,0.0,25.2,21.2,1781033672022998972
1781033672126150771,43,0,8,0,true,0.0002,0.0001,1,8192,0.453,0.453,47.96,0.453,0,0,0.0376,0.0376,21.71,0.0,25.2,21.2,1781033672121398561
1781033672229277890,43,0,8,0,true,0.0002,0.0001,1,8192,0.452,0.452,47.96,0.452,0,0,0.0375,0.0375,21.69,0.0,25.2,21.2,1781033672190818166
1781033672325807432,43,0,8,0,true,0.0002,0.0001,1,8192,0.453,0.453,47.96,0.453,0,0,0.0376,0.0376,21.71,0.0,25.2,21.2,1781033672311910389
1781033672428243082,43,0,8,0,true,0.0002,0.0,1,8192,0.453,0.453,47.96,0.453,0,0,0.0376,0.0376,21.72,0.0,25.2,21.2,1781033672404277262
1781033672526469075,43,0,8,0,true,0.0002,0.0001,1,8192,0.453,0.453,47.96,0.453,0,0,0.0376,0.0376,21.71,0.0,25.3,21.3,1781033672514576544
1781033672626094476,43,0,8,0,true,0.0002,0.0001,1,8192,0.453,0.453,47.96,0.453,0,0,0.0376,0.0376,21.71,0.0,25.3,21.3,1781033672591574921
1781033672726074971,43,0,8,0,true,0.0002,0.0,1,8192,0.453,0.453,47.96,0.453,0,0,0.0376,0.0376,21.71,0.0,25.3,21.3,1781033672717517822
1781033672827208822,43,0,8,0,true,0.0002,0.0001,1,8192,0.453,0.453,47.96,0.453,0,0,0.0376,0.0376,21.71,0.0,25.3,21.3,1781033672794758931
1781033672925479723,43,0,8,0,true,0.0002,0.0001,1,8192,0.452,0.452,47.96,0.452,0,0,0.0375,0.0375,21.69,0.0,25.3,21.3,1781033672924192473
1781033673025488088,43,0,8,0,true,0.0003,0.0002,2,8192,0.453,0.453,47.96,0.453,0,0,0.0376,0.0376,21.72,0.0,25.3,21.3,1781033672996029723
1781033673126018022,43,0,8,0,true,0.0003,0.0001,2,8192,0.452,0.452,47.96,0.452,0,0,0.0375,0.0375,21.7,0.0,25.3,21.3,1781033673114968045
1781033673226878047,43,0,8,0,true,0.0003,0.0,2,8192,0.453,0.453,47.96,0.453,0,0,0.0376,0.0376,21.72,0.0,25.3,21.3,1781033673201302668
1781033673326494936,43,0,8,0,true,0.0003,0.0001,2,8192,0.453,0.453,47.96,0.453,0,0,0.0376,0.0376,21.72,0.0,25.3,21.3,1781033673313129993
1781033673428844209,43,0,8,0,true,0.0003,0.0001,2,8192,0.453,0.453,47.96,0.453,0,0,0.0376,0.0376,21.72,0.0,25.4,21.4,1781033673414260506
1781033673528874679,43,0,8,0,true,0.0003,0.0001,2,8192,0.452,0.452,47.96,0.452,0,0,0.0375,0.0375,21.69,0.0,25.4,21.4,1781033673488882242
1781033673626233502,43,0,8,0,true,0.0003,0.0,2,8192,0.453,0.453,47.96,0.453,0,0,0.0376,0.0376,21.72,0.0,25.4,21.4,1781033673625630654
1781033673726127970,43,0,8,0,true,0.0003,0.0,2,8192,0.453,0.453,47.96,0.453,0,0,0.0376,0.0376,21.71,0.0,25.4,21.4,1781033673694880768
1781033673832984702,43,0,8,0,true,0.0003,0.0,2,8192,0.453,0.453,47.96,0.453,0,0,0.0376,0.0376,21.7,0.0,25.4,21.4,1781033673813889526
1781033673934050631,43,0,8,0,true,0.0003,0.0,2,8192,0.453,0.453,47.96,0.453,0,0,0.0376,0.0376,21.71,0.0,25.4,21.4,1781033673916647143
1781033674034419927,43,0,8,0,true,0.0003,0.0,2,8192,0.452,0.452,47.96,0.452,0,0,0.0375,0.0375,21.7,0.0,25.4,21.4,1781033674011892889
1781033674134377963,43,0,8,0,true,0.0003,0.0002,2,8192,0.453,0.453,47.96,0.453,0,0,0.0376,0.0376,21.72,0.0,25.4,21.4,1781033674098977724
1781033674236873992,43,0,8,0,true,0.0003,0.0001,2,8192,0.452,0.452,47.96,0.452,0,0,0.0375,0.0375,21.69,0.0,25.4,21.4,1781033674218122898
1781033674333887205,43,0,8,0,true,0.0003,0.0,2,8192,0.453,0.453,47.96,0.453,0,0,0.0376,0.0376,21.71,0.0,25.4,21.4,1781033674302709583
1781033674434967368,43,0,8,0,true,0.0004,0.0001,2,8192,0.453,0.453,47.96,0.453,0,0,0.0376,0.0376,21.71,0.0,25.5,21.5,1781033674405481986
1781033674533396413,43,0,8,0,true,0.0004,0.0001,2,8192,0.453,0.453,47.96,0.453,0,0,0.0376,0.0376,21.72,0.0,25.5,21.5,1781033674516012607
1781033674636857751,43,0,8,0,true,0.0004,0.0001,3,8192,0.453,0.453,47.96,0.453,0,0,0.0376,0.0376,21.71,0.0,25.5,21.5,1781033674612842628
1781033674736859927,43,0,8,0,true,0.0004,0.0,3,8192,0.453,0.453,47.96,0.453,0,0,0.0376,0.0376,21.72,0.0,25.5,21.5,1781033674700952713
1781033674833787178,43,0,8,0,true,0.0004,0.0,3,8192,0.452,0.452,47.96,0.452,0,0,0.0376,0.0376,21.7,0.0,25.5,21.5,1781033674782937530
1781033674936870051,43,0,8,0,true,0.0004,0.0001,3,8192,0.453,0.453,47.96,0.453,0,0,0.0376,0.0376,21.71,0.0,25.5,21.5,1781033674926582292
1781033675034377818,43,0,8,0,true,0.0004,0.0,3,8192,0.452,0.452,47.96,0.452,0,0,0.0376,0.0376,21.7,0.0,25.5,21.5,1781033674990497684
1781033675133836022,43,0,8,0,true,0.0004,0.0002,3,8192,0.452,0.452,47.96,0.452,0,0,0.0375,0.0375,21.68,0.0,25.5,21.5,1781033675113569885
1781033675233680948,43,0,8,0,true,0.0004,0.0001,3,8192,0.453,0.453,47.96,0.453,0,0,0.0376,0.0376,21.71,0.0,25.5,21.5,1781033675223165171
1781033675334815711,43,0,8,0,true,0.0004,0.0,3,8192,0.452,0.452,47.96,0.452,0,0,0.0375,0.0375,21.69,0.0,25.5,21.5,1781033675297350300
1781033675440909234,43,0,8,0,true,0.0005,0.0002,3,8192,0.451,0.451,47.96,0.451,0,0,0.0375,0.0375,21.65,0.0,25.6,21.6,1781033675430715052
1781033675542494392,43,0,8,0,true,0.0005,0.0,3,8192,0.453,0.453,47.96,0.453,0,0,0.0376,0.0376,21.72,0.0,25.6,21.6,1781033675535133553
1781033675641632744,43,0,8,0,true,0.0005,0.0001,3,8192,0.452,0.452,47.96,0.452,0,0,0.0375,0.0375,21.69,0.0,25.6,21.6,1781033675637240832
1781033675741996375,43,0,8,0,true,0.0005,0.0002,3,8192,0.453,0.453,47.96,0.453,0,0,0.0376,0.0376,21.72,0.0,25.6,21.6,1781033675728332149
1781033675848863362,43,0,8,0,true,0.0005,0.0001,3,8192,0.453,0.453,47.96,0.453,0,0,0.0376,0.0376,21.71,0.0,25.6,21.6,1781033675829944699
1781033675953017084,43,0,8,0,true,0.0005,0.0001,4,8192,0.453,0.453,47.96,0.453,0,0,0.0376,0.0376,21.71,0.0,25.6,21.6,1781033675943628021
1781033676053018091,43,0,8,0,true,0.0005,0.0,4,8192,0.453,0.453,47.96,0.453,0,0,0.0376,0.0376,21.71,0.0,25.6,21.6,1781033676040217317
1781033676149800379,43,0,8,0,true,0.0005,0.0002,4,8192,0.452,0.452,47.96,0.452,0,0,0.0375,0.0375,21.68,0.0,25.6,21.6,1781033676133498547
1781033676249629882,43,0,8,0,true,0.0005,0.0001,4,8192,0.453,0.453,47.96,0.453,0,0,0.0376,0.0376,21.72,0.0,25.6,21.6,1781033676211982011
1781033676357743045,43,0,8,0,true,0.0005,0.0,4,8192,0.453,0.453,47.96,0.453,0,0,0.0376,0.0376,21.71,0.0,25.6,21.6,1781033676351018978
1781033676459215713,43,0,8,0,true,0.0005,0.0,4,8192,0.453,0.453,47.96,0.453,0,0,0.0376,0.0376,21.71,0.0,25.6,21.6,1781033676457638454
1781033676558988473,43,0,8,0,true,0.0005,0.0002,4,8192,0.452,0.452,47.96,0.452,0,0,0.0375,0.0375,21.67,0.0,25.7,21.7,1781033676558274202
1781033676659178615,43,0,8,0,true,0.0005,0.0,4,8192,0.452,0.452,47.96,0.452,0,0,0.0375,0.0375,21.69,0.0,25.7,21.7,1781033676650465720
1781033676758639949,43,0,8,0,true,0.0006,0.0001,4,8192,0.452,0.452,47.96,0.452,0,0,0.0375,0.0375,21.69,0.0,25.7,21.7,1781033676753455841
1781033676859915351,43,0,8,0,true,0.0006,0.0001,4,8192,0.452,0.452,47.96,0.452,0,0,0.0375,0.0375,21.69,0.0,25.7,21.7,1781033676821046623
1781033676959170158,43,0,8,0,true,0.0006,0.0001,4,8192,0.453,0.453,47.96,0.453,0,0,0.0376,0.0376,21.7,0.0,25.7,21.7,1781033676938293364
1781033677059129562,43,0,8,0,true,0.0006,0.0001,4,8192,0.452,0.452,47.96,0.452,0,0,0.0375,0.0375,21.68,0.0,25.7,21.7,1781033677047925086
1781033677159141796,43,0,8,0,true,0.0006,0.0001,4,8192,0.452,0.452,47.96,0.452,0,0,0.0375,0.0375,21.68,0.0,25.7,21.7,1781033677151268543
1781033677266892076,43,0,8,0,true,0.0006,0.0,4,8192,0.453,0.453,47.96,0.453,0,0,0.0376,0.0376,21.71,0.0,25.7,21.7,1781033677227977549
1781033677368390643,43,0,8,0,true,0.0006,0.0001,4,8192,0.453,0.453,47.96,0.453,0,0,0.0376,0.0376,21.71,0.0,25.7,21.7,1781033677362943810
1781033677470947622,43,0,8,0,true,0.0006,0.0002,4,8192,0.453,0.453,47.96,0.453,0,0,0.0376,0.0376,21.71,0.0,25.7,21.7,1781033677450850055
1781033677573021949,43,0,8,0,true,0.0006,0.0001,5,8192,0.453,0.453,47.96,0.453,0,0,0.0376,0.0376,21.7,0.0,25.7,21.7,1781033677540170950
1781033677677346977,43,0,8,0,true,0.0006,0.0,5,8192,0.453,0.453,47.96,0.453,0,0,0.0376,0.0376,21.7,0.0,25.8,21.8,1781033677639360576
1781033677774272773,43,0,8,0,true,0.0006,0.0,5,8192,0.453,0.453,47.96,0.453,0,0,0.0376,0.0376,21.71,0.0,25.8,21.8,1781033677753497762
1781033677876142549,43,0,8,0,true,0.0006,0.0001,5,8192,0.452,0.452,47.96,0.452,0,0,0.0375,0.0375,21.68,0.0,25.8,21.8,1781033677860249968
1781033677976877852,43,0,8,0,true,0.0007,0.0,5,8192,0.452,0.452,47.96,0.452,0,0,0.0376,0.0376,21.7,0.0,25.8,21.8,1781033677970504615
1781033678080094769,43,0,8,0,true,0.0007,0.0002,5,8192,0.453,0.453,47.96,0.453,0,0,0.0376,0.0376,21.71,0.0,25.8,21.8,1781033678046416744
1781033678181657157,43,0,8,0,true,0.0007,0.0001,5,8192,0.452,0.452,47.96,0.452,0,0,0.0375,0.0375,21.69,0.0,25.8,21.8,1781033678158065905
1781033678281414806,43,0,8,0,true,0.0007,0.0001,5,8192,0.452,0.452,47.96,0.452,0,0,0.0376,0.0376,21.7,0.0,25.8,21.8,1781033678266379039
1781033678380870171,43,0,8,0,true,0.0007,0.0,5,8192,0.452,0.452,47.96,0.452,0,0,0.0375,0.0375,21.69,0.0,25.8,21.8,1781033678375208004
1781033678481161698,43,0,8,0,true,0.0007,0.0,5,8192,0.452,0.452,47.96,0.452,0,0,0.0375,0.0375,21.69,0.0,25.8,21.8,1781033678464549135
1781033678588854628,43,0,8,0,true,0.0007,0.0002,5,8192,0.453,0.453,47.96,0.453,0,0,0.0376,0.0376,21.71,0.0,25.8,21.8,1781033678578124211
1781033678689811341,43,0,8,0,true,0.0007,0.0,5,8192,0.453,0.453,47.96,0.453,0,0,0.0376,0.0376,21.7,0.0,25.8,21.8,1781033678673595224
1781033678789762356,43,0,8,0,true,0.0007,0.0,5,8192,0.452,0.452,47.96,0.452,0,0,0.0375,0.0375,21.69,0.0,25.8,21.8,1781033678785927914
1781033678891139447,43,0,8,0,true,0.0007,0.0,5,8192,0.452,0.452,47.96,0.452,0,0,0.0375,0.0375,21.69,0.0,25.9,21.9,1781033678890492250
1781033678990108716,43,0,8,0,true,0.0007,0.0002,6,8192,0.453,0.453,47.96,0.453,0,0,0.0376,0.0376,21.71,0.0,25.9,21.9,1781033678973699942
1781033679090024271,43,0,8,0,true,0.0008,0.0001,6,8192,0.452,0.452,47.96,0.452,0,0,0.0375,0.0375,21.68,0.0,25.9,21.9,1781033679074367930
1781033679190298211,43,0,8,0,true,0.0008,0.0,6,8192,0.452,0.452,47.96,0.452,0,0,0.0375,0.0375,21.69,0.0,25.9,21.9,1781033679187388772
1781033679293075989,43,0,8,0,true,0.0008,0.0002,6,8192,0.452,0.452,47.96,0.452,0,0,0.0375,0.0375,21.67,0.0,25.9,21.9,1781033679280700214
1781033679393006459,43,0,8,0,true,0.0008,0.0,6,8192,0.453,0.453,47.96,0.453,0,0,0.0376,0.0376,21.7,0.0,25.9,21.9,1781033679374421003
1781033679493010304,43,0,8,0,true,0.0008,0.0001,6,8192,0.452,0.452,47.96,0.452,0,0,0.0376,0.0376,21.7,0.0,25.9,21.9,1781033679459979783
1781033679589771365,43,0,8,0,true,0.0008,0.0,6,8192,0.453,0.453,47.96,0.453,0,0,0.0376,0.0376,21.7,0.0,25.9,21.9,1781033679576287843
1781033679690443323,43,0,8,0,true,0.0008,0.0001,6,8192,0.453,0.453,47.96,0.453,0,0,0.0376,0.0376,21.71,0.0,25.9,21.9,1781033679688083381
1781033679790147777,43,0,8,0,true,0.0008,0.0001,6,8192,0.452,0.452,47.96,0.452,0,0,0.0375,0.0375,21.67,0.0,25.9,21.9,1781033679775450976
1781033679890026812,43,0,8,0,true,0.0008,0.0003,6,8192,0.453,0.453,47.96,0.453,0,0,0.0376,0.0376,21.71,0.0,25.9,21.9,1781033679884617876
1781033679990182346,43,0,8,0,true,0.0008,0.0,6,8192,0.452,0.452,47.96,0.452,0,0,0.0375,0.0375,21.69,0.0,25.9,21.9,1781033679960796164
1781033680092254978,43,0,8,0,true,0.0008,0.0,6,8192,0.452,0.452,47.96,0.452,0,0,0.0375,0.0375,21.69,0.0,25.9,21.9,1781033680088983643
1781033680189999389,43,0,8,0,true,0.0008,0.0,6,8192,0.452,0.452,47.96,0.452,0,0,0.0376,0.0376,21.7,0.0,26.0,22.0,1781033680181603760
1781033680290433678,43,0,8,0,true,0.0008,0.0001,6,8192,0.452,0.452,47.96,0.452,0,0,0.0375,0.0375,21.68,0.0,26.0,22.0,1781033680285928869
1781033680394340283,43,0,8,0,true,0.0009,0.0001,7,8192,0.452,0.452,47.96,0.452,0,0,0.0375,0.0375,21.68,0.0,26.0,22.0,1781033680373900754
1781033680496904183,43,0,8,0,true,0.0009,0.0001,7,8192,0.452,0.452,47.96,0.452,0,0,0.0376,0.0376,21.7,0.0,26.0,22.0,1781033680449402890
1781033680595317163,43,0,8,0,true,0.0009,0.0001,7,8192,0.452,0.452,47.96,0.452,0,0,0.0375,0.0375,21.7,0.0,26.0,22.0,1781033680573195120
1781033680696910185,43,0,8,0,true,0.0009,0.0002,7,8192,0.453,0.453,47.96,0.453,0,0,0.0376,0.0376,21.71,0.0,26.0,22.0,1781033680662756807
1781033680796887410,43,0,8,0,true,0.0009,0.0001,7,8192,0.452,0.452,47.96,0.452,0,0,0.0375,0.0375,21.68,0.0,26.0,22.0,1781033680783118174
1781033680895348210,43,0,8,0,true,0.0009,0.0002,7,8192,0.452,0.452,47.96,0.452,0,0,0.0375,0.0375,21.67,0.0,26.0,22.0,1781033680893918488
1781033680996886998,43,0,8,0,true,0.0009,0.0001,7,8192,0.452,0.452,47.96,0.452,0,0,0.0375,0.0375,21.69,0.0,26.0,22.0,1781033680981325619
1781033681096913987,43,0,8,0,true,0.0009,0.0,7,8192,0.452,0.452,47.96,0.452,0,0,0.0375,0.0375,21.69,0.0,26.0,22.0,1781033681089677899
1781033681194935560,43,0,8,0,true,0.0009,0.0003,7,8192,0.453,0.453,47.96,0.453,0,0,0.0376,0.0376,21.71,0.0,26.0,22.0,1781033681193698147
1781033681295448455,43,0,8,0,true,0.001,0.0002,7,8192,0.453,0.453,47.96,0.453,0,0,0.0376,0.0376,21.71,0.0,26.0,22.0,1781033681282480317
1781033681396625555,43,0,8,0,true,0.001,0.0001,7,8192,0.452,0.452,47.96,0.452,0,0,0.0375,0.0375,21.67,0.0,26.0,22.0,1781033681382185593
1781033681500889480,43,0,8,0,true,0.001,0.0,7,8192,0.452,0.452,47.96,0.452,0,0,0.0375,0.0375,21.68,0.0,26.0,22.0,1781033681473423314
1781033681602304810,43,0,8,0,true,0.001,0.0001,7,8192,0.452,0.452,47.96,0.452,0,0,0.0375,0.0375,21.69,0.0,26.1,22.1,1781033681598913835
1781033681701548402,43,0,8,0,true,0.001,0.0002,8,8192,0.451,0.451,47.96,0.451,0,0,0.0374,0.0374,21.64,0.0,26.1,22.1,1781033681690722183
1781033681802578127,43,0,8,0,true,0.001,0.0002,8,8192,0.453,0.453,47.96,0.453,0,0,0.0376,0.0376,21.71,0.0,26.1,22.1,1781033681787852493
1781033681904853737,43,0,8,0,true,0.001,0.0,8,8192,0.452,0.452,47.96,0.452,0,0,0.0375,0.0375,21.69,0.0,26.1,22.1,1781033681890960971
1781033682002030939,43,0,8,0,true,0.001,0.0,8,8192,0.453,0.453,47.96,0.453,0,0,0.0376,0.0376,21.71,0.0,26.1,22.1,1781033681961996415
1781033682104852190,43,0,8,0,true,0.001,0.0001,8,8192,0.452,0.452,47.96,0.452,0,0,0.0375,0.0375,21.68,0.0,26.1,22.1,1781033682086430209
1781033682204853175,43,0,8,0,true,0.001,0.0001,8,8192,0.452,0.452,47.96,0.452,0,0,0.0375,0.0375,21.69,0.0,26.1,22.1,1781033682194790535
1781033682302328575,43,0,8,0,true,0.001,0.0001,8,8192,0.452,0.452,47.96,0.452,0,0,0.0375,0.0375,21.69,0.0,26.1,22.1,1781033682282090832
1781033682402170009,43,0,8,0,true,0.0011,0.0001,8,8192,0.452,0.452,47.96,0.452,0,0,0.0375,0.0375,21.69,0.0,26.1,22.1,1781033682383790955
1781033682502165955,43,0,8,0,true,0.0011,0.0,8,8192,0.453,0.453,47.96,0.453,0,0,0.0376,0.0376,21.71,0.0,26.1,22.1,1781033682494027027
1781033682608864696,43,0,8,0,true,0.0011,0.0001,8,8192,0.452,0.452,47.96,0.452,0,0,0.0375,0.0375,21.69,0.0,26.1,22.1,1781033682599524436
1781033682713020157,43,0,8,0,true,0.0011,0.0001,8,8192,0.452,0.452,47.96,0.452,0,0,0.0375,0.0375,21.69,0.0,26.1,22.1,1781033682693703641
1781033682813240409,43,0,8,0,true,0.0011,0.0001,8,8192,0.453,0.453,47.96,0.453,0,0,0.0376,0.0376,21.7,0.0,26.1,22.1,1781033682786161192
1781033682912991043,43,0,8,0,true,0.0011,0.0,9,8192,0.452,0.452,47.96,0.452,0,0,0.0375,0.0375,21.69,0.0,26.1,22.1,1781033682893447694
1781033683009993676,43,0,8,0,true,0.0011,0.0002,9,8192,0.452,0.452,47.96,0.452,0,0,0.0375,0.0375,21.67,0.0,26.2,22.2,1781033683006034327
1781033683110094065,43,0,8,0,true,0.0011,0.0002,9,8192,0.451,0.451,47.96,0.451,0,0,0.0375,0.0375,21.64,0.0,26.2,22.2,1781033683105746105
1781033683210261032,43,0,8,0,true,0.0011,0.0002,9,8192,0.451,0.451,47.96,0.451,0,0,0.0374,0.0374,21.62,0.0,26.2,22.2,1781033683199584366
1781033683311265666,43,0,8,0,true,0.0011,0.0,9,8192,0.452,0.452,47.96,0.452,0,0,0.0375,0.0375,21.69,0.0,26.2,22.2,1781033683278987213
1781033683412985152,43,0,8,0,true,0.0011,0.0,9,8192,0.452,0.452,47.96,0.452,0,0,0.0375,0.0375,21.7,0.0,26.2,22.2,1781033683394903674
1781033683510441960,43,0,8,0,true,0.0012,0.0001,9,8192,0.452,0.452,47.96,0.452,0,0,0.0375,0.0375,21.68,0.0,26.2,22.2,1781033683502879579
1781033683609946215,43,0,8,0,true,0.0012,0.0001,9,8192,0.452,0.452,47.96,0.452,0,0,0.0375,0.0375,21.69,0.0,26.2,22.2,1781033683604386003
1781033683709592901,43,0,8,0,true,0.0012,0.0002,9,8192,0.452,0.452,47.96,0.452,0,0,0.0375,0.0375,21.67,0.0,26.2,22.2,1781033683700030186
1781033683817010553,43,0,8,0,true,0.0012,0.0,9,8192,0.452,0.452,47.96,0.452,0,0,0.0375,0.0375,21.68,0.0,26.2,22.2,1781033683796359099
1781033683917875949,43,0,8,0,true,0.0012,0.0,9,8192,0.452,0.452,47.96,0.452,0,0,0.0375,0.0375,21.7,0.0,26.2,22.2,1781033683913411736
1781033684018307609,43,0,8,0,true,0.0012,0.0002,9,8192,0.451,0.451,47.96,0.451,0,0,0.0374,0.0374,21.62,0.0,26.2,22.2,1781033684016925097
1781033684120882930,43,0,8,0,true,0.0012,0.0001,9,8192,0.452,0.452,47.96,0.452,0,0,0.0375,0.0375,21.67,0.0,26.2,22.2,1781033684100426371
1781033684218113921,43,0,8,0,true,0.0012,0.0,9,8192,0.452,0.452,47.96,0.452,0,0,0.0375,0.0375,21.69,0.0,26.2,22.2,1781033684201555251
1781033684317546590,43,0,8,0,true,0.0012,0.0,10,8192,0.452,0.452,47.96,0.452,0,0,0.0375,0.0375,21.69,0.0,26.2,22.2,1781033684305997185
1781033684418274549,43,0,8,0,true,0.0012,0.0001,10,8192,0.452,0.452,47.96,0.452,0,0,0.0375,0.0375,21.67,0.0,26.2,22.2,1781033684413976302
1781033684520527201,43,0,8,0,true,0.0013,0.0002,10,8192,0.451,0.451,47.96,0.451,0,0,0.0375,0.0375,21.65,0.0,26.2,22.2,1781033684509324134
1781033684618077493,43,0,8,0,true,0.0013,0.0002,10,8192,0.452,0.452,47.96,0.452,0,0,0.0375,0.0375,21.66,0.0,26.3,22.3,1781033684601945218
1781033684720896822,43,0,8,0,true,0.0013,0.0001,10,8192,0.452,0.452,47.96,0.452,0,0,0.0376,0.0376,21.7,0.0,26.3,22.3,1781033684706231292
1781033684818086083,43,0,8,0,true,0.0013,0.0002,10,8192,0.452,0.452,47.96,0.452,0,0,0.0376,0.0376,21.7,0.0,26.3,22.3,1781033684786617322
1781033684917597204,43,0,8,0,true,0.0013,0.0,10,8192,0.452,0.452,47.96,0.452,0,0,0.0375,0.0375,21.69,0.0,26.3,22.3,1781033684915047557
1781033685018151057,43,0,8,0,true,0.0013,0.0001,10,8192,0.452,0.452,47.96,0.452,0,0,0.0375,0.0375,21.69,0.0,26.3,22.3,1781033684999723705
1781033685120863230,43,0,8,0,true,0.0013,0.0001,10,8192,0.452,0.452,47.96,0.452,0,0,0.0375,0.0375,21.67,0.0,26.3,22.3,1781033685112606762
1781033685218652428,43,0,8,0,true,0.0013,0.0,10,8192,0.452,0.452,47.96,0.452,0,0,0.0375,0.0375,21.68,0.0,26.3,22.3,1781033685214088097
1781033685320891731,43,0,8,0,true,0.0013,0.0001,10,8192,0.452,0.452,47.96,0.452,0,0,0.0375,0.0375,21.69,0.0,26.3,22.3,1781033685311790487
1781033685418265376,43,0,8,0,true,0.0013,0.0001,10,8192,0.452,0.452,47.96,0.452,0,0,0.0375,0.0375,21.69,0.0,26.3,22.3,1781033685389174469
1781033685518193981,43,0,8,0,true,0.0014,0.0002,11,8192,0.451,0.451,47.96,0.451,0,0,0.0374,0.0374,21.63,0.0,26.3,22.3,1781033685506575467
1781033685621003555,43,0,8,0,true,0.0014,0.0002,11,8192,0.452,0.452,47.96,0.452,0,0,0.0376,0.0376,21.7,0.0,26.3,22.3,1781033685606010882
1781033685724876585,43,0,8,0,true,0.0014,0.0001,11,8192,0.452,0.452,47.96,0.452,0,0,0.0375,0.0375,21.67,0.0,26.3,22.3,1781033685714684118
1781033685825558931,43,0,8,0,true,0.0014,0.0001,11,8192,0.452,0.452,47.96,0.452,0,0,0.0375,0.0375,21.67,0.0,26.3,22.3,1781033685822183728
1781033685926207491,43,0,8,0,true,0.0014,0.0001,11,8192,0.452,0.452,47.96,0.452,0,0,0.0375,0.0375,21.68,0.0,26.3,22.3,1781033685924397416
1781033686025761005,43,0,8,0,true,0.0014,0.0001,11,8192,0.452,0.452,47.96,0.452,0,0,0.0375,0.0375,21.66,0.0,26.3,22.3,1781033686023719987
1781033686128877643,43,0,8,0,true,0.0014,0.0001,11,8192,0.452,0.452,47.96,0.452,0,0,0.0375,0.0375,21.66,0.0,26.3,22.3,1781033686110886748
1781033686226466319,43,0,8,0,true,0.0014,0.0,11,8192,0.452,0.452,47.96,0.452,0,0,0.0375,0.0375,21.68,0.0,26.3,22.3,1781033686197815086
1781033686326190660,43,0,8,0,true,0.0014,0.0001,11,8192,0.452,0.452,47.96,0.452,0,0,0.0375,0.0375,21.67,0.0,26.4,22.4,1781033686292040695
1781033686426085138,43,0,8,0,true,0.0014,0.0001,11,8192,0.452,0.452,47.96,0.452,0,0,0.0375,0.0375,21.67,0.0,26.4,22.4,1781033686408438600
1781033686526174042,43,0,8,0,true,0.0015,0.0,11,8192,0.452,0.452,47.96,0.452,0,0,0.0375,0.0375,21.69,0.0,26.4,22.4,1781033686496443166
1781033686628870388,43,0,8,0,true,0.0015,0.0,11,8192,0.452,0.452,47.96,0.452,0,0,0.0375,0.0375,21.68,0.0,26.4,22.4,1781033686617761096
1781033686725641063,43,0,8,0,true,0.0015,0.0001,12,8192,0.452,0.452,47.96,0.452,0,0,0.0375,0.0375,21.66,0.0,26.4,22.4,1781033686722345403
1781033686828889201,43,0,8,0,true,0.0015,0.0002,12,8192,0.451,0.451,47.96,0.451,0,0,0.0374,0.0374,21.63,0.0,26.4,22.4,1781033686802434277
1781033686928865757,43,0,8,0,true,0.0015,0.0001,12,8192,0.452,0.452,47.96,0.452,0,0,0.0375,0.0375,21.68,0.0,26.4,22.4,1781033686912380906
1781033687025808532,43,0,8,0,true,0.0015,0.0,12,8192,0.452,0.452,47.96,0.452,0,0,0.0375,0.0375,21.68,0.0,26.4,22.4,1781033687016228994
1781033687126621433,43,0,8,0,true,0.0015,0.0001,12,8192,0.452,0.452,47.96,0.452,0,0,0.0375,0.0375,21.66,0.0,26.4,22.4,1781033687106204537
1781033687228864279,43,0,8,0,true,0.0015,0.0001,12,8192,0.452,0.452,47.96,0.452,0,0,0.0375,0.0375,21.68,0.0,26.4,22.4,1781033687207844769
1781033687326175326,43,0,8,0,true,0.0015,0.0001,12,8192,0.452,0.452,47.96,0.452,0,0,0.0375,0.0375,21.66,0.0,26.4,22.4,1781033687322316778
1781033687428481385,43,0,8,0,true,0.0015,0.0,12,8192,0.452,0.452,47.96,0.452,0,0,0.0375,0.0375,21.68,0.0,26.4,22.4,1781033687399813482
1781033687529215350,43,0,8,0,true,0.0015,0.0003,12,8192,0.452,0.452,47.96,0.452,0,0,0.0376,0.0376,21.7,0.0,26.4,22.4,1781033687489879774
1781033687628874349,43,0,8,0,true,0.0015,0.0001,12,8192,0.452,0.452,47.96,0.452,0,0,0.0375,0.0375,21.68,0.0,26.4,22.4,1781033687617126879
1781033687726283549,43,0,8,0,true,0.0016,0.0001,12,8192,0.452,0.452,47.96,0.452,0,0,0.0375,0.0375,21.68,0.0,26.4,22.4,1781033687709428824
1781033687825663393,43,0,8,0,true,0.0016,0.0001,12,8192,0.452,0.452,47.96,0.452,0,0,0.0375,0.0375,21.68,0.0,26.4,22.4,1781033687813487368
1781033687926122019,43,0,8,0,true,0.0016,0.0001,12,8192,0.452,0.452,47.96,0.452,0,0,0.0375,0.0375,21.7,0.0,26.4,22.4,1781033687888930002
1781033688026148388,43,0,8,0,true,0.0016,0.0,12,8192,0.452,0.452,47.96,0.452,0,0,0.0375,0.0375,21.69,0.0,26.4,22.4,1781033688010568550
1781033688128871980,43,0,8,0,true,0.0016,0.0,13,8192,0.452,0.452,47.96,0.452,0,0,0.0375,0.0375,21.68,0.0,26.4,22.4,1781033688114146017
1781033688226185541,43,0,8,0,true,0.0016,0.0,13,8192,0.452,0.452,47.96,0.452,0,0,0.0375,0.0375,21.69,0.0,26.5,22.5,1781033688205089332
1781033688326017214,43,0,8,0,true,0.0016,0.0002,13,8192,0.452,0.452,47.96,0.452,0,0,0.0375,0.0375,21.65,0.0,26.5,22.5,1781033688323577983
1781033688428862600,43,0,8,0,true,0.0016,0.0001,13,8192,0.452,0.452,47.96,0.452,0,0,0.0375,0.0375,21.68,0.0,26.5,22.5,1781033688410127838
1781033688526353683,43,0,8,0,true,0.0016,0.0,13,8192,0.452,0.452,47.96,0.452,0,0,0.0375,0.0375,21.67,0.0,26.5,22.5,1781033688509660984
1781033688627107756,43,0,8,0,true,0.0016,0.0001,13,8192,0.452,0.452,47.96,0.452,0,0,0.0375,0.0375,21.66,0.0,26.5,22.5,1781033688611594577
1781033688728897010,43,0,8,0,true,0.0016,0.0001,13,8192,0.452,0.452,47.96,0.452,0,0,0.0375,0.0375,21.68,0.0,26.5,22.5,1781033688689431195
1781033688833014345,43,0,8,0,true,0.0017,0.0,13,8192,0.452,0.452,47.96,0.452,0,0,0.0375,0.0375,21.68,0.0,26.5,22.5,1781033688815870900
1781033688934725738,43,0,8,0,true,0.0017,0.0,13,8192,0.452,0.452,47.96,0.452,0,0,0.0375,0.0375,21.68,0.0,26.5,22.5,1781033688927598753
1781033689033420847,43,0,8,0,true,0.0017,0.0001,13,8192,0.452,0.452,47.96,0.452,0,0,0.0375,0.0375,21.69,0.0,26.5,22.5,1781033689008969207
1781033689133640975,43,0,8,0,true,0.0017,0.0002,13,8192,0.451,0.451,47.96,0.451,0,0,0.0374,0.0374,21.61,0.0,26.5,22.5,1781033689126902964
1781033689233429954,43,0,8,0,true,0.0017,0.0,13,8192,0.452,0.452,47.96,0.452,0,0,0.0375,0.0375,21.68,0.0,26.5,22.5,1781033689223694068
1781033689334506013,43,0,8,0,true,0.0017,0.0,13,8192,0.452,0.452,47.96,0.452,0,0,0.0375,0.0375,21.68,0.0,26.5,22.5,1781033689307020646
1781033689434357335,43,0,8,0,true,0.0017,0.0001,14,8192,0.452,0.452,47.96,0.452,0,0,0.0375,0.0375,21.7,0.0,26.5,22.5,1781033689416708252
1781033689536888446,43,0,8,0,true,0.0017,0.0001,14,8192,0.452,0.452,47.96,0.452,0,0,0.0375,0.0375,21.68,0.0,26.5,22.5,1781033689524159392
1781033689633398435,43,0,8,0,true,0.0017,0.0002,14,8192,0.451,0.451,47.96,0.451,0,0,0.0374,0.0374,21.64,0.0,26.5,22.5,1781033689620121027
1781033689740909834,43,0,8,0,true,0.0017,0.0001,14,8192,0.452,0.452,47.96,0.452,0,0,0.0375,0.0375,21.66,0.0,26.5,22.5,1781033689714616043
1781033689842392697,43,0,8,0,true,0.0018,0.0001,14,8192,0.452,0.452,47.96,0.452,0,0,0.0375,0.0375,21.68,0.0,26.5,22.5,1781033689829549154
1781033689942760440,43,0,8,0,true,0.0018,0.0002,14,8192,0.452,0.452,47.96,0.452,0,0,0.0375,0.0375,21.68,0.0,26.5,22.5,1781033689926455283
1781033690044600144,43,0,8,0,true,0.0018,0.0002,14,8192,0.451,0.451,47.96,0.451,0,0,0.0375,0.0375,21.65,0.0,26.5,22.5,1781033690026106803
1781033690148864251,43,0,8,0,true,0.0018,0.0001,14,8192,0.452,0.452,47.96,0.452,0,0,0.0375,0.0375,21.68,0.0,26.5,22.5,1781033690139418850
1781033690252941009,43,0,8,0,true,0.0018,0.0,14,8192,0.452,0.452,47.96,0.452,0,0,0.0375,0.0375,21.67,0.0,26.5,22.5,1781033690234499836
1781033690352967358,43,0,8,0,true,0.0018,0.0,14,8192,0.452,0.452,47.96,0.452,0,0,0.0375,0.0375,21.67,0.0,26.6,22.6,1781033690343894140
1781033690450144060,43,0,8,0,true,0.0018,0.0002,14,8192,0.45,0.45,47.96,0.45,0,0,0.0374,0.0374,21.6,0.0,26.6,22.6,1781033690441788698
1781033690550165795,43,0,8,0,true,0.0018,0.0,14,8192,0.452,0.452,47.96,0.452,0,0,0.0375,0.0375,21.66,0.0,26.6,22.6,1781033690534728530
1781033690649640244,43,0,8,0,true,0.0018,0.0002,14,8192,0.451,0.451,47.96,0.451,0,0,0.0375,0.0375,21.65,0.0,26.6,22.6,1781033690637122154
1781033690751826503,43,0,8,0,true,0.0018,0.0,15,8192,0.452,0.452,47.96,0.452,0,0,0.0375,0.0375,21.67,0.0,26.6,22.6,1781033690741018179
1781033690850357797,43,0,8,0,true,0.0018,0.0002,15,8192,0.451,0.451,47.96,0.451,0,0,0.0375,0.0375,21.65,0.0,26.6,22.6,1781033690822471255
1781033690949856173,43,0,8,0,true,0.0019,0.0002,15,8192,0.452,0.452,47.96,0.452,0,0,0.0375,0.0375,21.69,0.0,26.6,22.6,1781033690947275458
1781033691050200464,43,0,8,0,true,0.0019,0.0,15,8192,0.452,0.452,47.96,0.452,0,0,0.0375,0.0375,21.67,0.0,26.6,22.6,1781033691037845312
1781033691150099290,43,0,8,0,true,0.0019,0.0,15,8192,0.452,0.452,47.96,0.452,0,0,0.0375,0.0375,21.68,0.0,26.6,22.6,1781033691123080594
1781033691249485315,43,0,8,0,true,0.0019,0.0001,15,8192,0.452,0.452,47.96,0.452,0,0,0.0375,0.0375,21.68,0.0,26.6,22.6,1781033691208272401
1781033691357042067,43,0,8,0,true,0.0019,0.0002,15,8192,0.451,0.451,47.96,0.451,0,0,0.0374,0.0374,21.62,0.0,26.6,22.6,1781033691328866719
1781033691459563905,43,0,8,0,true,0.0019,0.0001,15,8192,0.451,0.451,47.96,0.451,0,0,0.0375,0.0375,21.65,0.0,26.6,22.6,1781033691437684481
1781033691558173504,43,0,8,0,true,0.0019,0.0001,15,8192,0.452,0.452,47.96,0.452,0,0,0.0375,0.0375,21.65,0.0,26.6,22.6,1781033691549572114
1781033691657496261,43,0,8,0,true,0.0019,0.0,15,8192,0.452,0.452,47.96,0.452,0,0,0.0375,0.0375,21.68,0.0,26.6,22.6,1781033691653087080
1781033691757721095,43,0,8,0,true,0.0019,0.0001,15,8192,0.452,0.452,47.96,0.452,0,0,0.0375,0.0375,21.65,0.0,26.6,22.6,1781033691754125304
1781033691858003996,43,0,8,0,true,0.002,0.0002,16,8192,0.45,0.45,47.96,0.45,0,0,0.0373,0.0373,21.57,0.0,26.6,22.6,1781033691845600601
1781033691960870549,43,0,8,0,true,0.002,0.0002,16,8192,0.451,0.451,47.96,0.451,0,0,0.0374,0.0374,21.63,0.0,26.6,22.6,1781033691949900807
1781033692060859884,43,0,8,0,true,0.002,0.0001,16,8192,0.452,0.452,47.96,0.452,0,0,0.0375,0.0375,21.67,0.0,26.6,22.6,1781033692038333450
1781033692157727096,43,0,8,0,true,0.002,0.0001,16,8192,0.452,0.452,47.96,0.452,0,0,0.0375,0.0375,21.65,0.0,26.6,22.6,1781033692143949785
1781033692260887849,43,0,8,0,true,0.002,0.0,16,8192,0.452,0.452,47.96,0.452,0,0,0.0375,0.0375,21.67,0.0,26.6,22.6,1781033692245171900
1781033692360855217,43,0,8,0,true,0.002,0.0,16,8192,0.452,0.452,47.96,0.452,0,0,0.0375,0.0375,21.67,0.0,26.6,22.6,1781033692322473767
1781033692457431614,43,0,8,0,true,0.002,0.0001,16,8192,0.451,0.451,47.96,0.451,0,0,0.0375,0.0375,21.65,0.0,26.6,22.6,1781033692443627398
1781033692560866566,43,0,8,0,true,0.0021,0.0001,16,8192,0.452,0.452,47.96,0.452,0,0,0.0375,0.0375,21.67,0.0,26.6,22.6,1781033692545590168
1781033692658095952,43,0,8,0,true,0.0021,0.0,16,8192,0.452,0.452,47.96,0.452,0,0,0.0375,0.0375,21.68,0.0,26.6,22.6,1781033692635323127
1781033692758305549,43,0,8,0,true,0.0021,0.0,16,8192,0.452,0.452,47.96,0.452,0,0,0.0375,0.0375,21.67,0.0,26.7,22.7,1781033692756665591
1781033692860878361,43,0,8,0,true,0.0021,0.0001,17,8192,0.452,0.452,47.96,0.452,0,0,0.0375,0.0375,21.68,0.0,26.7,22.7,1781033692850638347
1781033692958188771,43,0,8,0,true,0.0021,0.0001,17,8192,0.452,0.452,47.96,0.452,0,0,0.0375,0.0375,21.67,0.0,26.7,22.7,1781033692954721277
1781033693058442627,43,0,8,0,true,0.0021,0.0002,17,8192,0.451,0.451,47.96,0.451,0,0,0.0375,0.0375,21.64,0.0,26.7,22.7,1781033693045632163
1781033693160861249,43,0,8,0,true,0.0021,0.0,17,8192,0.452,0.452,47.96,0.452,0,0,0.0375,0.0375,21.67,0.0,26.7,22.7,1781033693132080530
1781033693257642497,43,0,8,0,true,0.0021,0.0,17,8192,0.452,0.452,47.96,0.452,0,0,0.0375,0.0375,21.67,0.0,26.7,22.7,1781033693237730621
1781033693358179495,43,0,8,0,true,0.0021,0.0001,17,8192,0.451,0.451,47.96,0.451,0,0,0.0375,0.0375,21.64,0.0,26.7,22.7,1781033693354222528
1781033693458116120,43,0,8,0,true,0.0021,0.0,17,8192,0.452,0.452,47.96,0.452,0,0,0.0375,0.0375,21.67,0.0,26.7,22.7,1781033693445957953
1781033693558472978,43,0,8,0,true,0.0022,0.0,17,8192,0.452,0.452,47.96,0.452,0,0,0.0375,0.0375,21.67,0.0,26.7,22.7,1781033693550766805
1781033693658612034,43,0,8,0,true,0.0022,0.0001,17,8192,0.452,0.452,47.96,0.452,0,0,0.0375,0.0375,21.67,0.0,26.7,22.7,1781033693638167950
1781033693760832902,43,0,8,0,true,0.0022,0.0004,17,8192,0.452,0.452,47.96,0.452,0,0,0.0375,0.0375,21.68,0.0,26.7,22.7,1781033693737862746
1781033693860849248,43,0,8,0,true,0.0022,0.0001,17,8192,0.452,0.452,47.96,0.452,0,0,0.0375,0.0375,21.67,0.0,26.7,22.7,1781033693842334629
1781033693958221771,43,0,8,0,true,0.0022,0.0002,17,8192,0.45,0.45,47.96,0.45,0,0,0.0373,0.0373,21.57,0.0,26.7,22.7,1781033693942405314
1781033694062163903,43,0,8,0,true,0.0022,0.0,18,8192,0.452,0.452,47.96,0.452,0,0,0.0375,0.0375,21.67,0.0,26.7,22.7,1781033694033658437
1781033694162447183,43,0,8,0,true,0.0022,0.0,18,8192,0.452,0.452,47.96,0.452,0,0,0.0375,0.0375,21.66,0.0,26.7,22.7,1781033694132072619
1781033694263161949,43,0,8,0,true,0.0022,0.0001,18,8192,0.452,0.452,47.96,0.452,0,0,0.0375,0.0375,21.67,0.0,26.7,22.7,1781033694245722323
1781033694364875336,43,0,8,0,true,0.0022,0.0001,18,8192,0.451,0.451,47.96,0.451,0,0,0.0375,0.0375,21.65,0.0,26.7,22.7,1781033694350270505
1781033694463147068,43,0,8,0,true,0.0022,0.0002,18,8192,0.451,0.451,47.96,0.451,0,0,0.0375,0.0375,21.64,0.0,26.7,22.7,1781033694437353997
1781033694563041195,43,0,8,0,true,0.0023,0.0001,18,8192,0.452,0.452,47.95,0.452,0,0,0.0375,0.0375,21.66,0.0,26.7,22.7,1781033694554544667
1781033694662924865,43,0,8,0,true,0.0023,0.0001,18,8192,0.451,0.451,47.95,0.451,0,0,0.0375,0.0375,21.64,0.0,26.7,22.7,1781033694652492667
1781033694764943316,43,0,8,0,true,0.0023,0.0001,18,8192,0.451,0.451,47.95,0.451,0,0,0.0375,0.0375,21.65,0.0,26.7,22.7,1781033694757715365
1781033694863231135,43,0,8,0,true,0.0023,0.0001,18,8192,0.451,0.451,47.95,0.451,0,0,0.0375,0.0375,21.64,0.0,26.7,22.7,1781033694813222025
1781033694963483007,43,0,8,0,true,0.0023,0.0,18,8192,0.452,0.452,47.95,0.452,0,0,0.0375,0.0375,21.66,0.0,26.7,22.7,1781033694956031711
1781033695062594221,43,0,8,0,true,0.0023,0.0001,18,8192,0.452,0.452,47.95,0.452,0,0,0.0375,0.0375,21.66,0.0,26.7,22.7,1781033695054189856
1781033695164567316,43,0,8,0,true,0.0023,0.0,18,8192,0.452,0.452,47.95,0.452,0,0,0.0375,0.0375,21.66,0.0,26.7,22.7,1781033695136243495
1781033695263167682,43,0,8,0,true,0.0023,0.0004,19,8192,0.452,0.452,47.95,0.452,0,0,0.0375,0.0375,21.68,0.0,26.7,22.7,1781033695245780354
1781033695363087996,43,0,8,0,true,0.0023,0.0001,19,8192,0.451,0.451,47.95,0.451,0,0,0.0375,0.0375,21.64,0.0,26.8,22.8,1781033695360485176
1781033695463084107,43,0,8,0,true,0.0024,0.0002,19,8192,0.451,0.451,47.95,0.451,0,0,0.0374,0.0374,21.62,0.0,26.8,22.8,1781033695461345646
1781033695564850446,43,0,8,0,true,0.0024,0.0001,19,8192,0.451,0.451,47.95,0.451,0,0,0.0375,0.0375,21.64,0.0,26.8,22.8,1781033695549662629
1781033695662782871,43,0,8,0,true,0.0024,0.0003,19,8192,0.452,0.452,47.95,0.452,0,0,0.0375,0.0375,21.67,0.0,26.8,22.8,1781033695657421461
1781033695762897111,43,0,8,0,true,0.0024,0.0001,19,8192,0.452,0.452,47.95,0.452,0,0,0.0375,0.0375,21.66,0.0,26.8,22.8,1781033695741592388
1781033695864845622,43,0,8,0,true,0.0024,0.0002,19,8192,0.451,0.451,47.95,0.451,0,0,0.0374,0.0374,21.62,0.0,26.8,22.8,1781033695850416585
1781033695964548528,43,0,8,0,true,0.0024,0.0003,19,8192,0.452,0.452,47.95,0.452,0,0,0.0375,0.0375,21.68,0.0,26.8,22.8,1781033695963734148
1781033696063138591,43,0,8,0,true,0.0024,0.0002,19,8192,0.451,0.451,47.95,0.451,0,0,0.0374,0.0374,21.62,0.0,26.8,22.8,1781033696041695187
1781033696162956761,43,0,8,0,true,0.0025,0.0001,20,8192,0.452,0.452,47.95,0.452,0,0,0.0375,0.0375,21.68,0.0,26.8,22.8,1781033696157655300
1781033696264866565,43,0,8,0,true,0.0025,0.0001,20,8192,0.451,0.451,47.95,0.451,0,0,0.0375,0.0375,21.65,0.0,26.8,22.8,1781033696243521614
1781033696363027517,43,0,8,0,true,0.0025,0.0003,20,8192,0.452,0.452,47.95,0.452,0,0,0.0375,0.0375,21.67,0.0,26.8,22.8,1781033696326670962
1781033696463472311,43,0,8,0,true,0.0025,0.0001,20,8192,0.451,0.451,47.95,0.451,0,0,0.0375,0.0375,21.64,0.0,26.8,22.8,1781033696459140030
1781033696568865388,43,0,8,0,true,0.0025,0.0,20,8192,0.452,0.452,47.95,0.452,0,0,0.0375,0.0375,21.67,0.0,26.8,22.8,1781033696556414192
1781033696672799190,43,0,8,0,true,0.0025,0.0003,20,8192,0.452,0.452,47.95,0.452,0,0,0.0375,0.0375,21.66,0.0,26.8,22.8,1781033696654060704
1781033696769933132,43,0,8,0,true,0.0025,0.0,20,8192,0.452,0.452,47.95,0.452,0,0,0.0375,0.0375,21.66,0.0,26.8,22.8,1781033696757746014
1781033696870431786,43,0,8,0,true,0.0025,0.0001,20,8192,0.451,0.451,47.95,0.451,0,0,0.0375,0.0375,21.64,0.0,26.8,22.8,1781033696854971473
1781033696971423046,43,0,8,0,true,0.0025,0.0002,20,8192,0.451,0.451,47.95,0.451,0,0,0.0374,0.0374,21.6,0.0,26.8,22.8,1781033696941311399
1781033697073051500,43,0,8,0,true,0.0025,0.0001,20,8192,0.451,0.451,47.95,0.451,0,0,0.0374,0.0374,21.64,0.0,26.8,22.8,1781033697062727175
1781033697169840326,43,0,8,0,true,0.0026,0.0002,20,8192,0.451,0.451,47.95,0.451,0,0,0.0374,0.0374,21.6,0.0,26.8,22.8,1781033697146533287
1781033697270045224,43,0,8,0,true,0.0026,0.0,21,8192,0.452,0.452,47.95,0.452,0,0,0.0375,0.0375,21.67,0.0,26.8,22.8,1781033697228235565
1781033697370120075,43,0,8,0,true,0.0026,0.0001,21,8192,0.452,0.452,47.95,0.452,0,0,0.0375,0.0375,21.66,0.0,26.8,22.8,1781033697350258037
1781033697469725927,43,0,8,0,true,0.0026,0.0001,21,8192,0.451,0.451,47.95,0.451,0,0,0.0375,0.0375,21.64,0.0,26.8,22.8,1781033697437872424
1781033697569950230,43,0,8,0,true,0.0026,0.0002,21,8192,0.451,0.451,47.95,0.451,0,0,0.0374,0.0374,21.63,0.0,26.8,22.8,1781033697548133631
1781033697670464978,43,0,8,0,true,0.0026,0.0,21,8192,0.452,0.452,47.95,0.452,0,0,0.0375,0.0375,21.65,0.0,26.8,22.8,1781033697650756629
1781033697773031702,43,0,8,0,true,0.0026,0.0001,21,8192,0.452,0.452,47.95,0.452,0,0,0.0375,0.0375,21.67,0.0,26.8,22.8,1781033697750708610
1781033697869726888,43,0,8,0,true,0.0026,0.0002,21,8192,0.45,0.45,47.95,0.45,0,0,0.0374,0.0374,21.58,0.0,26.8,22.8,1781033697838245224
1781033697970370072,43,0,8,0,true,0.0027,0.0001,21,8192,0.452,0.452,47.95,0.452,0,0,0.0375,0.0375,21.67,0.0,26.8,22.8,1781033697954153298
1781033698069876851,43,0,8,0,true,0.0027,0.0,21,8192,0.452,0.452,47.95,0.452,0,0,0.0375,0.0375,21.66,0.0,26.8,22.8,1781033698060066345
1781033698172890854,43,0,8,0,true,0.0027,0.0001,21,8192,0.451,0.451,47.95,0.451,0,0,0.0375,0.0375,21.65,0.0,26.8,22.8,1781033698161803566
1781033698272991157,43,0,8,0,true,0.0027,0.0001,21,8192,0.452,0.452,47.95,0.452,0,0,0.0375,0.0375,21.66,0.0,26.8,22.8,1781033698242682071
1781033698369993857,43,0,8,0,true,0.0027,0.0001,22,8192,0.452,0.452,47.95,0.452,0,0,0.0375,0.0375,21.67,0.0,26.8,22.8,1781033698367560614
1781033698472961167,43,0,8,0,true,0.0027,0.0001,22,8192,0.451,0.451,47.95,0.451,0,0,0.0375,0.0375,21.65,0.0,26.9,22.9,1781033698450604298
1781033698572979359,43,0,8,0,true,0.0027,0.0002,22,8192,0.452,0.452,47.95,0.452,0,0,0.0375,0.0375,21.67,0.0,26.9,22.9,1781033698567523627
1781033698669826563,43,0,8,0,true,0.0027,0.0002,22,8192,0.45,0.45,47.95,0.45,0,0,0.0374,0.0374,21.59,0.0,26.9,22.9,1781033698666012820
1781033698769519072,43,0,8,0,true,0.0027,0.0001,22,8192,0.452,0.452,47.95,0.452,0,0,0.0375,0.0375,21.67,0.0,26.9,22.9,1781033698753370831
1781033698870581330,43,0,8,0,true,0.0027,0.0001,22,8192,0.452,0.452,47.95,0.452,0,0,0.0375,0.0375,21.67,0.0,26.9,22.9,1781033698869830051
1781033698971835119,43,0,8,0,true,0.0027,0.0001,22,8192,0.451,0.451,47.95,0.451,0,0,0.0375,0.0375,21.65,0.0,26.9,22.9,1781033698955117981
1781033699069781134,43,0,8,0,true,0.0027,0.0,22,8192,0.452,0.452,47.95,0.452,0,0,0.0375,0.0375,21.67,0.0,26.9,22.9,1781033699061395837
1781033699172867220,43,0,8,0,true,0.0028,0.0001,22,8192,0.451,0.451,47.95,0.451,0,0,0.0375,0.0375,21.65,0.0,26.9,22.9,1781033699153778270
1781033699269692350,43,0,8,0,true,0.0028,0.0,22,8192,0.452,0.452,47.95,0.452,0,0,0.0375,0.0375,21.66,0.0,26.9,22.9,1781033699234860692
1781033699372802340,43,0,8,0,true,0.0028,0.0,22,8192,0.452,0.452,47.95,0.452,0,0,0.0375,0.0375,21.67,0.0,26.9,22.9,1781033699361568975
1781033699470252763,43,0,8,0,true,0.0028,0.0001,22,8192,0.452,0.452,47.95,0.452,0,0,0.0375,0.0375,21.66,0.0,26.9,22.9,1781033699456577202
1781033699569861300,43,0,8,0,true,0.0028,0.0,22,8192,0.452,0.452,47.95,0.452,0,0,0.0375,0.0375,21.67,0.0,26.9,22.9,1781033699544239086
1781033699669975598,43,0,8,0,true,0.0028,0.0,22,8192,0.452,0.452,47.95,0.452,0,0,0.0375,0.0375,21.67,0.0,26.9,22.9,1781033699658609657
1781033699769625832,43,0,8,0,true,0.0028,0.0001,23,8192,0.451,0.451,47.95,0.451,0,0,0.0375,0.0375,21.64,0.0,26.9,22.9,1781033699750274483
1781033699869510408,43,0,8,0,true,0.0028,0.0002,23,8192,0.452,0.452,47.95,0.452,0,0,0.0375,0.0375,21.67,0.0,26.9,22.9,1781033699868112157
1781033699973013759,43,0,8,0,true,0.0028,0.0,23,8192,0.452,0.452,47.95,0.452,0,0,0.0375,0.0375,21.67,0.0,26.9,22.9,1781033699945533188
1781033700069886109,43,0,8,0,true,0.0028,0.0,23,8192,0.452,0.452,47.95,0.452,0,0,0.0375,0.0375,21.67,0.0,26.9,22.9,1781033700065275209
1781033700169636196,43,0,8,0,true,0.0028,0.0001,23,8192,0.452,0.452,47.95,0.452,0,0,0.0375,0.0375,21.66,0.0,26.9,22.9,1781033700164180789
1781033700276996378,43,0,8,0,true,0.0029,0.0001,23,8192,0.452,0.452,47.95,0.452,0,0,0.0375,0.0375,21.66,0.0,26.9,22.9,1781033700253590749
1781033700377460793,43,0,8,0,true,0.0029,0.0002,23,8192,0.452,0.452,47.95,0.452,0,0,0.0375,0.0375,21.67,0.0,26.9,22.9,1781033700356995832
1781033700477982522,43,0,8,0,true,0.0029,0.0001,23,8192,0.451,0.451,47.95,0.451,0,0,0.0375,0.0375,21.64,0.0,26.9,22.9,1781033700461005102
1781033700577978719,43,0,8,0,true,0.0029,0.0001,23,8192,0.451,0.451,47.95,0.451,0,0,0.0375,0.0375,21.65,0.0,26.9,22.9,1781033700575605941
1781033700679562116,43,0,8,0,true,0.0029,0.0002,23,8192,0.451,0.451,47.95,0.451,0,0,0.0374,0.0374,21.61,0.0,26.9,22.9,1781033700646882810
1781033700777954071,43,0,8,0,true,0.0029,0.0002,23,8192,0.45,0.45,47.95,0.45,0,0,0.0374,0.0374,21.6,0.0,26.9,22.9,1781033700772396350
1781033700878097006,43,0,8,0,true,0.0029,0.0001,23,8192,0.451,0.451,47.95,0.451,0,0,0.0375,0.0375,21.64,0.0,26.9,22.9,1781033700861610256
1781033700978103483,43,0,8,0,true,0.0029,0.0001,23,8192,0.452,0.452,47.95,0.452,0,0,0.0375,0.0375,21.66,0.0,26.9,22.9,1781033700965478755
1781033701078145039,43,0,8,0,true,0.0029,0.0002,24,8192,0.451,0.451,47.95,0.451,0,0,0.0374,0.0374,21.63,0.0,26.9,22.9,1781033701071407171
1781033701178216388,43,0,8,0,true,0.0029,0.0001,24,8192,0.452,0.452,47.95,0.452,0,0,0.0375,0.0375,21.66,0.0,26.9,22.9,1781033701165258578
1781033701280837820,43,0,8,0,true,0.0029,0.0,24,8192,0.452,0.452,47.95,0.452,0,0,0.0375,0.0375,21.65,0.0,26.9,22.9,1781033701261018978
1781033701378126994,43,0,8,0,true,0.0029,0.0001,24,8192,0.452,0.452,47.95,0.452,0,0,0.0375,0.0375,21.65,0.0,26.9,22.9,1781033701365458504
1781033701480886349,43,0,8,0,true,0.003,0.0001,24,8192,0.451,0.451,47.95,0.451,0,0,0.0375,0.0375,21.64,0.0,26.9,22.9,1781033701473316003
1781033701578092521,43,0,8,0,true,0.003,0.0001,24,8192,0.451,0.451,47.95,0.451,0,0,0.0375,0.0375,21.64,0.0,26.9,22.9,1781033701559518175
1781033701680872944,43,0,8,0,true,0.003,0.0,24,8192,0.452,0.452,47.95,0.452,0,0,0.0375,0.0375,21.66,0.0,26.9,22.9,1781033701674230199
1781033701778429045,43,0,8,0,true,0.003,0.0001,24,8192,0.451,0.451,47.95,0.451,0,0,0.0374,0.0374,21.64,0.0,26.9,22.9,1781033701767291517
1781033701880932905,43,0,8,0,true,0.003,0.0,24,8192,0.452,0.452,47.95,0.452,0,0,0.0375,0.0375,21.66,0.0,26.9,22.9,1781033701865666437
1781033701978404101,43,0,8,0,true,0.003,0.0,24,8192,0.452,0.452,47.95,0.452,0,0,0.0375,0.0375,21.65,0.0,26.9,22.9,1781033701974610284
1781033702078116255,43,0,8,0,true,0.003,0.0,24,8192,0.451,0.451,47.95,0.451,0,0,0.0375,0.0375,21.65,0.0,26.9,22.9,1781033702050096938
1781033702178097599,43,0,8,0,true,0.003,0.0,24,8192,0.452,0.452,47.95,0.452,0,0,0.0375,0.0375,21.66,0.0,27.0,23.0,1781033702166624611
1781033702277563753,43,0,8,0,true,0.003,0.0,24,8192,0.451,0.451,47.95,0.451,0,0,0.0375,0.0375,21.65,0.0,27.0,23.0,1781033702245516434
1781033702380863466,43,0,8,0,true,0.003,0.0,24,8192,0.452,0.452,47.95,0.452,0,0,0.0375,0.0375,21.66,0.0,27.0,23.0,1781033702365799006
1781033702480868985,43,0,8,0,true,0.003,0.0001,24,8192,0.451,0.451,47.95,0.451,0,0,0.0375,0.0375,21.65,0.0,27.0,23.0,1781033702456617088
1781033702578133348,43,0,8,0,true,0.003,0.0,24,8192,0.451,0.451,47.95,0.451,0,0,0.0375,0.0375,21.65,0.0,27.0,23.0,1781033702565703681
1781033702678323819,43,0,8,0,true,0.003,0.0001,24,8192,0.451,0.451,47.95,0.451,0,0,0.0375,0.0375,21.65,0.0,27.0,23.0,1781033702673657335
1781033702778336714,43,0,8,0,true,0.003,0.0001,24,8192,0.451,0.451,47.95,0.451,0,0,0.0374,0.0374,21.63,0.0,27.0,23.0,1781033702777962975
1781033702880917549,43,0,8,0,true,0.0031,0.0,25,8192,0.451,0.451,47.95,0.451,0,0,0.0375,0.0375,21.65,0.0,27.0,23.0,1781033702874945560
1781033702978303552,43,0,8,0,true,0.0031,0.0001,25,8192,0.451,0.451,47.95,0.451,0,0,0.0374,0.0374,21.63,0.0,27.0,23.0,1781033702952044741
1781033703080835109,43,0,8,0,true,0.0031,0.0,25,8192,0.451,0.451,47.95,0.451,0,0,0.0375,0.0375,21.64,0.0,27.0,23.0,1781033703049965390
1781033703179145260,43,0,8,0,true,0.0031,0.0,25,8192,0.451,0.451,47.95,0.451,0,0,0.0375,0.0375,21.65,0.0,27.0,23.0,1781033703166659433
1781033703280877920,43,0,8,0,true,0.0031,0.0,25,8192,0.452,0.452,47.95,0.452,0,0,0.0375,0.0375,21.66,0.0,27.0,23.0,1781033703263603981
1781033703377989303,43,0,8,0,true,0.0031,0.0,25,8192,0.452,0.452,47.95,0.452,0,0,0.0375,0.0375,21.65,0.0,27.0,23.0,1781033703339230527
1781033703477595794,43,0,8,0,true,0.0031,0.0,25,8192,0.451,0.451,47.95,0.451,0,0,0.0375,0.0375,21.64,0.0,27.0,23.0,1781033703446430240
1781033703577520161,43,0,8,0,true,0.0031,0.0001,25,8192,0.451,0.451,47.95,0.451,0,0,0.0374,0.0374,21.63,0.0,27.0,23.0,1781033703561513393
1781033703677685598,43,0,8,0,true,0.0031,0.0,25,8192,0.451,0.451,47.95,0.451,0,0,0.0374,0.0374,21.64,0.0,27.0,23.0,1781033703665073541
1781033703778763640,43,0,8,0,true,0.0031,0.0001,25,8192,0.451,0.451,47.95,0.451,0,0,0.0374,0.0374,21.62,0.0,27.0,23.0,1781033703760865329
1781033703878466843,43,0,8,0,true,0.0031,0.0,25,8192,0.451,0.451,47.95,0.451,0,0,0.0375,0.0375,21.64,0.0,27.0,23.0,1781033703872072773
1781033703978141858,43,0,8,0,true,0.0031,0.0001,25,8192,0.451,0.451,47.95,0.451,0,0,0.0374,0.0374,21.63,0.0,27.0,23.0,1781033703956034809
1781033704078363230,43,0,8,0,true,0.0031,0.0001,25,8192,0.452,0.452,47.95,0.452,0,0,0.0375,0.0375,21.65,0.0,27.0,23.0,1781033704072867932
1781033704179293398,43,0,8,0,true,0.0032,0.0001,25,8192,0.451,0.451,47.95,0.451,0,0,0.0375,0.0375,21.65,0.0,27.0,23.0,1781033704150792211
1781033704279213799,43,0,8,0,true,0.0032,0.0001,25,8192,0.451,0.451,47.95,0.451,0,0,0.0374,0.0374,21.62,0.0,27.0,23.0,1781033704262992407
1781033704378178091,43,0,8,0,true,0.0032,0.0001,25,8192,0.451,0.451,47.95,0.451,0,0,0.0374,0.0374,21.63,0.0,27.0,23.0,1781033704356213892
1781033704478122446,43,0,8,0,true,0.0032,0.0001,26,8192,0.451,0.451,47.95,0.451,0,0,0.0375,0.0375,21.64,0.0,27.0,23.0,1781033704469727828
1781033704578047639,43,0,8,0,true,0.0032,0.0,26,8192,0.451,0.451,47.95,0.451,0,0,0.0375,0.0375,21.64,0.0,27.0,23.0,1781033704570979006
1781033704678140603,43,0,8,0,true,0.0032,0.0001,26,8192,0.451,0.451,47.95,0.451,0,0,0.0374,0.0374,21.62,0.0,27.0,23.0,1781033704662074072
1781033704777951312,43,0,8,0,true,0.0032,0.0001,26,8192,0.451,0.451,47.95,0.451,0,0,0.0375,0.0375,21.64,0.0,27.0,23.0,1781033704732172817
1781033704878811889,43,0,8,0,true,0.0032,0.0001,26,8192,0.451,0.451,47.95,0.451,0,0,0.0375,0.0375,21.65,0.0,27.0,23.0,1781033704870371288
1781033704977804074,43,0,8,0,true,0.0032,0.0,26,8192,0.451,0.451,47.95,0.451,0,0,0.0374,0.0374,21.64,0.0,27.0,23.0,1781033704945703647
1781033705077920703,43,0,8,0,true,0.0032,0.0,26,8192,0.451,0.451,47.95,0.451,0,0,0.0375,0.0375,21.64,0.0,27.0,23.0,1781033705069093977
1781033705177438352,43,0,8,0,true,0.0033,0.0002,26,8192,0.452,0.452,47.95,0.452,0,0,0.0375,0.0375,21.65,0.0,27.0,23.0,1781033705163142452
1781033705278376592,43,0,8,0,true,0.0033,0.0001,26,8192,0.451,0.451,47.95,0.451,0,0,0.0374,0.0374,21.62,0.0,27.0,23.0,1781033705269695553
1781033705378120735,43,0,8,0,true,0.0033,0.0,26,8192,0.451,0.451,47.95,0.451,0,0,0.0374,0.0374,21.63,0.0,27.0,23.0,1781033705365636835
1781033705480935066,43,0,8,0,true,0.0033,0.0001,26,8192,0.451,0.451,47.95,0.451,0,0,0.0374,0.0374,21.62,0.0,27.0,23.0,1781033705464639219
1781033705578084280,43,0,8,0,true,0.0033,0.0002,27,8192,0.45,0.45,47.95,0.45,0,0,0.0374,0.0374,21.6,0.0,27.0,23.0,1781033705566590233
1781033705678140431,43,0,8,0,true,0.0033,0.0001,27,8192,0.451,0.451,47.95,0.451,0,0,0.0375,0.0375,21.64,0.0,27.0,23.0,1781033705657277339
1781033705778363256,43,0,8,0,true,0.0033,0.0001,27,8192,0.451,0.451,47.95,0.451,0,0,0.0374,0.0374,21.63,0.0,27.0,23.0,1781033705776400128
1781033705880847810,43,0,8,0,true,0.0033,0.0001,27,8192,0.451,0.451,47.95,0.451,0,0,0.0374,0.0374,21.63,0.0,27.0,23.0,1781033705861146124
1781033705978090679,43,0,8,0,true,0.0033,0.0001,27,8192,0.451,0.451,47.95,0.451,0,0,0.0374,0.0374,21.62,0.0,27.0,23.0,1781033705976100627
1781033706079000209,43,0,8,0,true,0.0033,0.0002,27,8192,0.45,0.45,47.95,0.45,0,0,0.0374,0.0374,21.58,0.0,27.0,23.0,1781033706069353182
1781033706178385094,43,0,8,0,true,0.0034,0.0001,27,8192,0.451,0.451,47.95,0.451,0,0,0.0375,0.0375,21.64,0.0,27.0,23.0,1781033706171563908
1781033706277765326,43,0,8,0,true,0.0034,0.0,27,8192,0.451,0.451,47.95,0.451,0,0,0.0375,0.0375,21.65,0.0,27.0,23.0,1781033706252356352
1781033706377965634,43,0,8,0,true,0.0034,0.0001,27,8192,0.451,0.451,47.95,0.451,0,0,0.0375,0.0375,21.65,0.0,27.0,23.0,1781033706357738318
1781033706480856192,43,0,8,0,true,0.0034,0.0001,27,8192,0.451,0.451,47.95,0.451,0,0,0.0374,0.0374,21.62,0.0,27.0,23.0,1781033706470237190
1781033706577457202,43,0,8,0,true,0.0034,0.0001,27,8192,0.451,0.451,47.95,0.451,0,0,0.0375,0.0375,21.64,0.0,27.0,23.0,1781033706562929303
1781033706678112828,43,0,8,0,true,0.0034,0.0002,27,8192,0.45,0.45,47.95,0.45,0,0,0.0374,0.0374,21.6,0.0,27.1,23.1,1781033706664773109
1781033706778228080,43,0,8,0,true,0.0034,0.0,27,8192,0.451,0.451,47.95,0.451,0,0,0.0374,0.0374,21.62,0.0,27.1,23.1,1781033706774948673
1781033706878425537,43,0,8,0,true,0.0034,0.0,28,8192,0.452,0.452,47.95,0.452,0,0,0.0375,0.0375,21.65,0.0,27.1,23.1,1781033706869796970
1781033706980862398,43,0,8,0,true,0.0034,0.0001,28,8192,0.451,0.451,47.95,0.451,0,0,0.0374,0.0374,21.61,0.0,27.1,23.1,1781033706974200416
1781033707080844695,43,0,8,0,true,0.0034,0.0001,28,8192,0.451,0.451,47.95,0.451,0,0,0.0374,0.0374,21.62,0.0,27.1,23.1,1781033707067775624
1781033707177452127,43,0,8,0,true,0.0034,0.0001,28,8192,0.451,0.451,47.95,0.451,0,0,0.0374,0.0374,21.63,0.0,27.1,23.1,1781033707160863095
1781033707277860347,43,0,8,0,true,0.0035,0.0001,28,8192,0.451,0.451,47.95,0.451,0,0,0.0374,0.0374,21.63,0.0,27.1,23.1,1781033707271611625
1781033707377779679,43,0,8,0,true,0.0035,0.0,28,8192,0.451,0.451,47.95,0.451,0,0,0.0374,0.0374,21.63,0.0,27.1,23.1,1781033707371595214
1781033707478405324,43,0,8,0,true,0.0035,0.0001,28,8192,0.451,0.451,47.95,0.451,0,0,0.0374,0.0374,21.63,0.0,27.1,23.1,1781033707472593810
1781033707578098496,43,0,8,0,true,0.0035,0.0,28,8192,0.451,0.451,47.95,0.451,0,0,0.0374,0.0374,21.63,0.0,27.1,23.1,1781033707564259176
1781033707678495561,43,0,8,0,true,0.0035,0.0,28,8192,0.451,0.451,47.95,0.451,0,0,0.0374,0.0374,21.62,0.0,27.1,23.1,1781033707666382917
1781033707780847700,43,0,8,0,true,0.0035,0.0,28,8192,0.451,0.451,47.95,0.451,0,0,0.0374,0.0374,21.63,0.0,27.1,23.1,1781033707766993965
1781033707884850097,43,0,8,0,true,0.0035,0.0,28,8192,0.451,0.451,47.95,0.451,0,0,0.0374,0.0374,21.63,0.0,27.1,23.1,1781033707870242513
1781033707985793740,43,0,8,0,true,0.0035,0.0,28,8192,0.451,0.451,47.95,0.451,0,0,0.0374,0.0374,21.62,0.0,27.1,23.1,1781033707975993721
1781033708088879129,43,0,8,0,true,0.0035,0.0002,28,8192,0.45,0.45,47.95,0.45,0,0,0.0374,0.0374,21.6,0.0,27.1,23.1,1781033708063404150
1781033708186019903,43,0,8,0,true,0.0035,0.0,28,8192,0.451,0.451,47.95,0.451,0,0,0.0374,0.0374,21.63,0.0,27.1,23.1,1781033708180655344
1781033708285629839,43,0,8,0,true,0.0035,0.0001,28,8192,0.451,0.451,47.95,0.451,0,0,0.0374,0.0374,21.63,0.0,27.1,23.1,1781033708264016092
1781033708388861763,43,0,8,0,true,0.0036,0.0002,29,8192,0.451,0.451,47.95,0.451,0,0,0.0374,0.0374,21.63,0.0,27.1,23.1,1781033708362246687
1781033708486461725,43,0,8,0,true,0.0036,0.0001,29,8192,0.451,0.451,47.95,0.451,0,0,0.0374,0.0374,21.6,0.0,27.1,23.1,1781033708473183764
1781033708585879902,43,0,8,0,true,0.0036,0.0,29,8192,0.451,0.451,47.95,0.451,0,0,0.0374,0.0374,21.63,0.0,27.1,23.1,1781033708581495079
1781033708686362285,43,0,8,0,true,0.0036,0.0001,29,8192,0.451,0.451,47.95,0.451,0,0,0.0374,0.0374,21.62,0.0,27.1,23.1,1781033708672564656
1781033708788850638,43,0,8,0,true,0.0036,0.0002,29,8192,0.45,0.45,47.95,0.45,0,0,0.0373,0.0373,21.56,0.0,27.1,23.1,1781033708775775396
1781033708885652616,43,0,8,0,true,0.0036,0.0001,29,8192,0.451,0.451,47.95,0.451,0,0,0.0374,0.0374,21.62,0.0,27.1,23.1,1781033708883302241
1781033708989117561,43,0,8,0,true,0.0036,0.0001,29,8192,0.45,0.45,47.95,0.45,0,0,0.0374,0.0374,21.6,0.0,27.1,23.1,1781033708969106658
1781033709086046863,43,0,8,0,true,0.0036,0.0002,29,8192,0.449,0.449,47.95,0.449,0,0,0.0373,0.0373,21.54,0.0,27.1,23.1,1781033709084547952
1781033709188864017,43,0,8,0,true,0.0036,0.0001,29,8192,0.451,0.451,47.95,0.451,0,0,0.0374,0.0374,21.62,0.0,27.1,23.1,1781033709178457987
1781033709286175530,43,0,8,0,true,0.0037,0.0001,29,8192,0.451,0.451,47.95,0.451,0,0,0.0375,0.0375,21.64,0.0,27.1,23.1,1781033709254111901
1781033709390661066,43,0,8,0,true,0.0037,0.0,30,8192,0.451,0.451,47.95,0.451,0,0,0.0374,0.0374,21.63,0.0,27.1,23.1,1781033709370669144
1781033709492359725,43,0,8,0,true,0.0037,0.0,30,8192,0.451,0.451,47.95,0.451,0,0,0.0374,0.0374,21.61,0.0,27.1,23.1,1781033709489614242
1781033709592214206,43,0,8,0,true,0.0037,0.0,30,8192,0.451,0.451,47.95,0.451,0,0,0.0374,0.0374,21.62,0.0,27.1,23.1,1781033709566821005
1781033709692416249,43,0,8,0,true,0.0037,0.0002,30,8192,0.451,0.451,47.95,0.451,0,0,0.0374,0.0374,21.63,0.0,27.1,23.1,1781033709667232965
1781033709792131714,43,0,8,0,true,0.0037,0.0,30,8192,0.451,0.451,47.95,0.451,0,0,0.0374,0.0374,21.62,0.0,27.1,23.1,1781033709778639055
1781033709896897054,43,0,8,0,true,0.0037,0.0001,30,8192,0.451,0.451,47.95,0.451,0,0,0.0374,0.0374,21.62,0.0,27.1,23.1,1781033709886843547
1781033710000860738,43,0,8,0,true,0.0037,0.0002,30,8192,0.45,0.45,47.95,0.45,0,0,0.0374,0.0374,21.59,0.0,27.1,23.1,1781033709991227896
1781033710098428464,43,0,8,0,true,0.0037,0.0001,30,8192,0.451,0.451,47.95,0.451,0,0,0.0374,0.0374,21.61,0.0,27.1,23.1,1781033710074800747
1781033710200812299,43,0,8,0,true,0.0038,0.0001,30,8192,0.451,0.451,47.95,0.451,0,0,0.0374,0.0374,21.62,0.0,27.1,23.1,1781033710189719254
1781033710300520916,43,0,8,0,true,0.0038,0.0002,30,8192,0.451,0.451,47.95,0.451,0,0,0.0374,0.0374,21.63,0.0,27.1,23.1,1781033710294692711
1781033710398382088,43,0,8,0,true,0.0038,0.0001,30,8192,0.451,0.451,47.95,0.451,0,0,0.0374,0.0374,21.61,0.0,27.1,23.1,1781033710393415059
1781033710498074138,43,0,8,0,true,0.0038,0.0001,31,8192,0.451,0.451,47.95,0.451,0,0,0.0374,0.0374,21.62,0.0,27.1,23.1,1781033710489953478
1781033710598327870,43,0,8,0,true,0.0038,0.0,31,8192,0.451,0.451,47.95,0.451,0,0,0.0374,0.0374,21.62,0.0,27.1,23.1,1781033710562605329
1781033710697688864,43,0,8,0,true,0.0038,0.0,31,8192,0.451,0.451,47.95,0.451,0,0,0.0374,0.0374,21.62,0.0,27.1,23.1,1781033710684136584
1781033710798135574,43,0,8,0,true,0.0038,0.0001,31,8192,0.451,0.451,47.95,0.451,0,0,0.0374,0.0374,21.63,0.0,27.1,23.1,1781033710781301163
1781033710897806426,43,0,8,0,true,0.0038,0.0001,31,8192,0.451,0.451,47.95,0.451,0,0,0.0374,0.0374,21.62,0.0,27.1,23.1,1781033710890998218
1781033710999821207,43,0,8,0,true,0.0038,0.0001,31,8192,0.451,0.451,47.95,0.451,0,0,0.0374,0.0374,21.61,0.0,27.1,23.1,1781033710981036698
1781033711098198369,43,0,8,0,true,0.0038,0.0001,31,8192,0.45,0.45,47.95,0.45,0,0,0.0374,0.0374,21.59,0.0,27.1,23.1,1781033711089361921
1781033711200858613,43,0,8,0,true,0.0039,0.0001,31,8192,0.451,0.451,47.95,0.451,0,0,0.0374,0.0374,21.62,0.0,27.1,23.1,1781033711186975393
1781033711300215825,43,0,8,0,true,0.0039,0.0001,31,8192,0.451,0.451,47.95,0.451,0,0,0.0374,0.0374,21.61,0.0,27.1,23.1,1781033711280842901
1781033711400833121,43,0,8,0,true,0.0039,0.0,31,8192,0.451,0.451,47.95,0.451,0,0,0.0374,0.0374,21.61,0.0,27.1,23.1,1781033711393895513
1781033711504839789,43,0,8,0,true,0.0039,0.0003,31,8192,0.451,0.451,47.95,0.451,0,0,0.0374,0.0374,21.62,0.0,27.1,23.1,1781033711474812878
1781033711606213368,43,0,8,0,true,0.0039,0.0001,31,8192,0.45,0.45,47.95,0.45,0,0,0.0374,0.0374,21.6,0.0,27.1,23.1,1781033711597384962
1781033711708881087,43,0,8,0,true,0.0039,0.0001,32,8192,0.451,0.451,47.95,0.451,0,0,0.0374,0.0374,21.62,0.0,27.1,23.1,1781033711697784259
1781033711808864769,43,0,8,0,true,0.0039,0.0001,32,8192,0.451,0.451,47.95,0.451,0,0,0.0374,0.0374,21.61,0.0,27.1,23.1,1781033711784930669
1781033711906150836,43,0,8,0,true,0.0039,0.0001,32,8192,0.45,0.45,47.95,0.45,0,0,0.0374,0.0374,21.59,0.0,27.1,23.1,1781033711871030409
1781033712008867768,43,0,8,0,true,0.0039,0.0001,32,8192,0.451,0.451,47.95,0.451,0,0,0.0374,0.0374,21.61,0.0,27.1,23.1,1781033711999991974
1781033712105735866,43,0,8,0,true,0.0039,0.0001,32,8192,0.451,0.451,47.95,0.451,0,0,0.0374,0.0374,21.62,0.0,27.1,23.1,1781033712101882008
1781033712205762198,43,0,8,0,true,0.004,0.0003,32,8192,0.451,0.451,47.95,0.451,0,0,0.0374,0.0374,21.62,0.0,27.1,23.1,1781033712197413030
1781033712308854981,43,0,8,0,true,0.004,0.0001,32,8192,0.45,0.45,47.95,0.45,0,0,0.0374,0.0374,21.59,0.0,27.1,23.1,1781033712287978188
1781033712407226116,43,0,8,0,true,0.004,0.0001,32,8192,0.451,0.451,47.95,0.451,0,0,0.0374,0.0374,21.62,0.0,27.1,23.1,1781033712397339884
1781033712506140800,43,0,8,0,true,0.004,0.0001,32,8192,0.45,0.45,47.95,0.45,0,0,0.0374,0.0374,21.59,0.0,27.1,23.1,1781033712489812869
1781033712606152136,43,0,8,0,true,0.004,0.0001,32,8192,0.451,0.451,47.95,0.451,0,0,0.0374,0.0374,21.61,0.0,27.1,23.1,1781033712581923574
1781033712706424411,43,0,8,0,true,0.004,0.0002,32,8192,0.451,0.451,47.95,0.451,0,0,0.0374,0.0374,21.61,0.0,27.2,23.2,1781033712679890213
1781033712808861496,43,0,8,0,true,0.004,0.0,32,8192,0.451,0.451,47.95,0.451,0,0,0.0374,0.0374,21.61,0.0,27.2,23.2,1781033712790020604
1781033712905434915,43,0,8,0,true,0.004,0.0003,32,8192,0.451,0.451,47.95,0.451,0,0,0.0374,0.0374,21.61,0.0,27.2,23.2,1781033712888642763
1781033713008875777,43,0,8,0,true,0.004,0.0002,32,8192,0.449,0.449,47.95,0.449,0,0,0.0373,0.0373,21.52,0.0,27.2,23.2,1781033712979689536
1781033713106666094,43,0,8,0,true,0.004,0.0002,33,8192,0.45,0.45,47.95,0.45,0,0,0.0373,0.0373,21.57,0.0,27.2,23.2,1781033713100826396
1781033713206432205,43,0,8,0,true,0.004,0.0001,33,8192,0.45,0.45,47.95,0.45,0,0,0.0374,0.0374,21.59,0.0,27.2,23.2,1781033713188593560
1781033713306286028,43,0,8,0,true,0.0041,0.0001,33,8192,0.451,0.451,47.95,0.451,0,0,0.0374,0.0374,21.61,0.0,27.2,23.2,1781033713297494257
1781033713408857988,43,0,8,0,true,0.0041,0.0,33,8192,0.451,0.451,47.95,0.451,0,0,0.0374,0.0374,21.61,0.0,27.2,23.2,1781033713390684957
1781033713506093618,43,0,8,0,true,0.0041,0.0,33,8192,0.45,0.45,47.95,0.45,0,0,0.0374,0.0374,21.59,0.0,27.2,23.2,1781033713493961122
1781033713607480305,43,0,8,0,true,0.0041,0.0,33,8192,0.45,0.45,47.95,0.45,0,0,0.0374,0.0374,21.59,0.0,27.2,23.2,1781033713598492767
1781033713705688954,43,0,8,0,true,0.0041,0.0,33,8192,0.451,0.451,47.95,0.451,0,0,0.0374,0.0374,21.6,0.0,27.2,23.2,1781033713695249921
1781033713805986568,43,0,8,0,true,0.0041,0.0002,33,8192,0.449,0.449,47.95,0.449,0,0,0.0373,0.0373,21.54,0.0,27.2,23.2,1781033713773556060
1781033713906991491,43,0,8,0,true,0.0041,0.0002,33,8192,0.451,0.451,47.95,0.451,0,0,0.0374,0.0374,21.61,0.0,27.2,23.2,1781033713881990967
1781033714006970161,43,0,8,0,true,0.0041,0.0002,33,8192,0.449,0.449,47.95,0.449,0,0,0.0373,0.0373,21.54,0.0,27.2,23.2,1781033713998025522
1781033714107104350,43,0,8,0,true,0.0041,0.0,33,8192,0.45,0.45,47.95,0.45,0,0,0.0374,0.0374,21.59,0.0,27.2,23.2,1781033714085860184
1781033714205504252,43,0,8,0,true,0.0042,0.0,34,8192,0.45,0.45,47.95,0.45,0,0,0.0374,0.0374,21.59,0.0,27.2,23.2,1781033714205239248
1781033714307354099,43,0,8,0,true,0.0042,0.0,34,8192,0.45,0.45,47.95,0.45,0,0,0.0374,0.0374,21.6,0.0,27.2,23.2,1781033714297682897
1781033714405744150,43,0,8,0,true,0.0042,0.0002,34,8192,0.449,0.449,47.95,0.449,0,0,0.0373,0.0373,21.53,0.0,27.2,23.2,1781033714398306194
1781033714505950508,43,0,8,0,true,0.0042,0.0,34,8192,0.45,0.45,47.95,0.45,0,0,0.0374,0.0374,21.6,0.0,27.2,23.2,1781033714495877128
1781033714608885687,43,0,8,0,true,0.0042,0.0,34,8192,0.451,0.451,47.95,0.451,0,0,0.0374,0.0374,21.6,0.0,27.2,23.2,1781033714590349322
1781033714705540241,43,0,8,0,true,0.0042,0.0001,34,8192,0.451,0.451,47.95,0.451,0,0,0.0374,0.0374,21.61,0.0,27.2,23.2,1781033714693528443
1781033714807477297,43,0,8,0,true,0.0042,0.0002,34,8192,0.45,0.45,47.95,0.45,0,0,0.0373,0.0373,21.57,0.0,27.2,23.2,1781033714796123167
1781033714906208234,43,0,8,0,true,0.0042,0.0003,34,8192,0.451,0.451,47.95,0.451,0,0,0.0374,0.0374,21.6,0.0,27.2,23.2,1781033714902360266
1781033715005622655,43,0,8,0,true,0.0042,0.0,34,8192,0.45,0.45,47.95,0.45,0,0,0.0374,0.0374,21.59,0.0,27.2,23.2,1781033715003256602
1781033715107997719,43,0,8,0,true,0.0042,0.0,34,8192,0.45,0.45,47.95,0.45,0,0,0.0374,0.0374,21.58,0.0,27.2,23.2,1781033715094111845
1781033715205972749,43,0,8,0,true,0.0043,0.0,34,8192,0.45,0.45,47.95,0.45,0,0,0.0374,0.0374,21.6,0.0,27.2,23.2,1781033715197290490
1781033715306451682,43,0,8,0,true,0.0043,0.0001,34,8192,0.451,0.451,47.95,0.451,0,0,0.0374,0.0374,21.6,0.0,27.2,23.2,1781033715305105876
1781033715408856550,43,0,8,0,true,0.0043,0.0001,35,8192,0.45,0.45,47.95,0.45,0,0,0.0374,0.0374,21.58,0.0,27.2,23.2,1781033715401692393
1781033715506043045,43,0,8,0,true,0.0043,0.0001,35,8192,0.45,0.45,47.95,0.45,0,0,0.0374,0.0374,21.59,0.0,27.2,23.2,1781033715505478980
1781033715605780887,43,0,8,0,true,0.0043,0.0001,35,8192,0.451,0.451,47.95,0.451,0,0,0.0374,0.0374,21.6,0.0,27.2,23.2,1781033715598324546
1781033715705534353,43,0,8,0,true,0.0043,0.0002,35,8192,0.449,0.449,47.95,0.449,0,0,0.0373,0.0373,21.53,0.0,27.2,23.2,1781033715685629148
1781033715808871328,43,0,8,0,true,0.0043,0.0,35,8192,0.45,0.45,47.95,0.45,0,0,0.0374,0.0374,21.59,0.0,27.2,23.2,1781033715786215053
1781033715906425524,43,0,8,0,true,0.0043,0.0001,35,8192,0.45,0.45,47.95,0.45,0,0,0.0373,0.0373,21.58,0.0,27.2,23.2,1781033715882693943
1781033716008274079,43,0,8,0,true,0.0044,0.0002,35,8192,0.45,0.45,47.95,0.45,0,0,0.0374,0.0374,21.6,0.0,27.2,23.2,1781033715994782308
1781033716105968190,43,0,8,0,true,0.0044,0.0002,35,8192,0.45,0.45,47.95,0.45,0,0,0.0374,0.0374,21.6,0.0,27.2,23.2,1781033716093002309
1781033716208867902,43,0,8,0,true,0.0044,0.0001,35,8192,0.45,0.45,47.95,0.45,0,0,0.0373,0.0373,21.57,0.0,27.2,23.2,1781033716198747101
1781033716306140121,43,0,8,0,true,0.0044,0.0004,35,8192,0.45,0.45,47.95,0.45,0,0,0.0374,0.0374,21.6,0.0,27.2,23.2,1781033716300286091
1781033716408863358,43,0,8,0,true,0.0044,0.0001,36,8192,0.45,0.45,47.95,0.45,0,0,0.0374,0.0374,21.59,0.0,27.2,23.2,1781033716380744204
1781033716508690798,43,0,8,0,true,0.0044,0.0,36,8192,0.45,0.45,47.95,0.45,0,0,0.0374,0.0374,21.59,0.0,27.2,23.2,1781033716493372638
1781033716605608770,43,0,8,0,true,0.0044,0.0001,36,8192,0.45,0.45,47.95,0.45,0,0,0.0374,0.0374,21.6,0.0,27.2,23.2,1781033716597174863
1781033716706167403,43,0,8,0,true,0.0044,0.0,36,8192,0.45,0.45,47.95,0.45,0,0,0.0374,0.0374,21.58,0.0,27.2,23.2,1781033716684828543
1781033716808881925,43,0,8,0,true,0.0044,0.0,36,8192,0.451,0.451,47.95,0.451,0,0,0.0374,0.0374,21.61,0.0,27.2,23.2,1781033716785526854
1781033716905546591,43,0,8,0,true,0.0045,0.0001,36,8192,0.45,0.45,47.95,0.45,0,0,0.0374,0.0374,21.59,0.0,27.2,23.2,1781033716890982158
1781033717008087549,43,0,8,0,true,0.0045,0.0001,36,8192,0.45,0.45,47.95,0.45,0,0,0.0373,0.0373,21.57,0.0,27.2,23.2,1781033716988357919
1781033717106175088,43,0,8,0,true,0.0045,0.0001,36,8192,0.45,0.45,47.95,0.45,0,0,0.0374,0.0374,21.59,0.0,27.2,23.2,1781033717077211219
1781033717206283863,43,0,8,0,true,0.0045,0.0,36,8192,0.45,0.45,47.95,0.45,0,0,0.0374,0.0374,21.58,0.0,27.2,23.2,1781033717191253578
1781033717307455988,43,0,8,0,true,0.0045,0.0,36,8192,0.451,0.451,47.95,0.451,0,0,0.0374,0.0374,21.61,0.0,27.2,23.2,1781033717282777594
1781033717408863801,43,0,8,0,true,0.0045,0.0,37,8192,0.45,0.45,47.95,0.45,0,0,0.0374,0.0374,21.58,0.0,27.2,23.2,1781033717387302823
1781033717508867629,43,0,8,0,true,0.0045,0.0001,37,8192,0.45,0.45,47.95,0.45,0,0,0.0374,0.0374,21.59,0.0,27.2,23.2,1781033717490468215
1781033717608874494,43,0,8,0,true,0.0045,0.0001,37,8192,0.45,0.45,47.95,0.45,0,0,0.0374,0.0374,21.59,0.0,27.2,23.2,1781033717598845756
1781033717708857698,43,0,8,0,true,0.0046,0.0,37,8192,0.45,0.45,47.95,0.45,0,0,0.0374,0.0374,21.58,0.0,27.2,23.2,1781033717684500974
1781033717805569043,43,0,8,0,true,0.0046,0.0,37,8192,0.45,0.45,47.95,0.45,0,0,0.0374,0.0374,21.59,0.0,27.2,23.2,1781033717793343952
1781033717906018825,43,0,8,0,true,0.0046,0.0001,37,8192,0.45,0.45,47.95,0.45,0,0,0.0373,0.0373,21.56,0.0,27.2,23.2,1781033717890270929
1781033718006117292,43,0,8,0,true,0.0046,0.0001,37,8192,0.45,0.45,47.95,0.45,0,0,0.0374,0.0374,21.59,0.0,27.2,23.2,1781033717981589806
1781033718106427640,43,0,8,0,true,0.0046,0.0001,37,8192,0.45,0.45,47.95,0.45,0,0,0.0374,0.0374,21.58,0.0,27.2,23.2,1781033718074523217
1781033718205973121,43,0,8,0,true,0.0046,0.0001,37,8192,0.45,0.45,47.95,0.45,0,0,0.0373,0.0373,21.56,0.0,27.2,23.2,1781033718172979073
1781033718306159187,43,0,8,0,true,0.0046,0.0,37,8192,0.45,0.45,47.95,0.45,0,0,0.0374,0.0374,21.59,0.0,27.2,23.2,1781033718285292636
1781033718406488345,43,0,8,0,true,0.0046,0.0001,37,8192,0.45,0.45,47.95,0.45,0,0,0.0374,0.0374,21.59,0.0,27.2,23.2,1781033718376355980
1781033718508909586,43,0,8,0,true,0.0046,0.0001,37,8192,0.45,0.45,47.95,0.45,0,0,0.0374,0.0374,21.58,0.0,27.2,23.2,1781033718481554612
1781033718606497924,43,0,8,0,true,0.0046,0.0001,38,8192,0.45,0.45,47.95,0.45,0,0,0.0373,0.0373,21.58,0.0,27.2,23.2,1781033718595342332
1781033718708652416,43,0,8,0,true,0.0047,0.0,38,8192,0.45,0.45,47.95,0.45,0,0,0.0373,0.0373,21.58,0.0,27.2,23.2,1781033718681558253
1781033718806218722,43,0,8,0,true,0.0047,0.0,38,8192,0.45,0.45,47.95,0.45,0,0,0.0374,0.0374,21.58,0.0,27.2,23.2,1781033718788726985
1781033718906132160,43,0,8,0,true,0.0047,0.0002,38,8192,0.449,0.449,47.95,0.449,0,0,0.0373,0.0373,21.53,0.0,27.2,23.2,1781033718890886811
1781033719005700791,43,0,8,0,true,0.0047,0.0,38,8192,0.45,0.45,47.95,0.45,0,0,0.0374,0.0374,21.58,0.0,27.2,23.2,1781033718992744539
1781033719106395352,43,0,8,0,true,0.0047,0.0,38,8192,0.45,0.45,47.95,0.45,0,0,0.0374,0.0374,21.58,0.0,27.2,23.2,1781033719105016140
1781033719205930795,43,0,8,0,true,0.0047,0.0003,38,8192,0.45,0.45,47.95,0.45,0,0,0.0374,0.0374,21.59,0.0,27.2,23.2,1781033719189360984
1781033719305938763,43,0,8,0,true,0.0047,0.0001,38,8192,0.45,0.45,47.95,0.45,0,0,0.0373,0.0373,21.56,0.0,27.2,23.2,1781033719282687600
1781033719406574248,43,0,8,0,true,0.0048,0.0003,38,8192,0.45,0.45,47.95,0.45,0,0,0.0374,0.0374,21.58,0.0,27.2,23.2,1781033719380606801
1781033719505697259,43,0,8,0,true,0.0048,0.0,39,8192,0.45,0.45,47.95,0.45,0,0,0.0374,0.0374,21.6,0.0,27.2,23.2,1781033719493612342
1781033719606196990,43,0,8,0,true,0.0048,0.0,39,8192,0.45,0.45,47.95,0.45,0,0,0.0374,0.0374,21.58,0.0,27.2,23.2,1781033719600696812
1781033719708847344,43,0,8,0,true,0.0048,0.0,39,8192,0.45,0.45,47.95,0.45,0,0,0.0373,0.0373,21.57,0.0,27.2,23.2,1781033719682809091
1781033719808900644,43,0,8,0,true,0.0048,0.0,39,8192,0.45,0.45,47.95,0.45,0,0,0.0373,0.0373,21.57,0.0,27.2,23.2,1781033719775171308
1781033719908858676,43,0,8,0,true,0.0048,0.0002,39,8192,0.448,0.448,47.95,0.448,0,0,0.0372,0.0372,21.5,0.0,27.2,23.2,1781033719889560562
1781033720008631839,43,0,8,0,true,0.0048,0.0002,39,8192,0.449,0.449,47.95,0.449,0,0,0.0373,0.0373,21.55,0.0,27.2,23.2,1781033720000311918
1781033720105435793,43,0,8,0,true,0.0048,0.0003,39,8192,0.45,0.45,47.95,0.45,0,0,0.0374,0.0374,21.58,0.0,27.2,23.2,1781033720083525527
1781033720208857181,43,0,8,0,true,0.0048,0.0001,39,8192,0.45,0.45,47.95,0.45,0,0,0.0373,0.0373,21.56,0.0,27.2,23.2,1781033720197735825
1781033720305439166,43,0,8,0,true,0.0049,0.0002,39,8192,0.449,0.449,47.95,0.449,0,0,0.0373,0.0373,21.55,0.0,27.2,23.2,1781033720275966594
1781033720406123687,43,0,8,0,true,0.0049,0.0001,39,8192,0.45,0.45,47.95,0.45,0,0,0.0373,0.0373,21.55,0.0,27.2,23.2,1781033720385344919
1781033720506193515,43,0,8,0,true,0.0049,0.0001,39,8192,0.45,0.45,47.95,0.45,0,0,0.0373,0.0373,21.56,0.0,27.2,23.2,1781033720494054592
1781033720606130456,43,0,8,0,true,0.0049,0.0002,40,8192,0.449,0.449,47.95,0.449,0,0,0.0372,0.0372,21.51,0.0,27.2,23.2,1781033720586428448
1781033720706092860,43,0,8,0,true,0.0049,0.0,40,8192,0.45,0.45,47.95,0.45,0,0,0.0374,0.0374,21.59,0.0,27.2,23.2,1781033720682362264
1781033720806175948,43,0,8,0,true,0.0049,0.0,40,8192,0.45,0.45,47.95,0.45,0,0,0.0373,0.0373,21.57,0.0,27.2,23.2,1781033720800060528
1781033720905962115,43,0,8,0,true,0.0049,0.0001,40,8192,0.45,0.45,47.95,0.45,0,0,0.0374,0.0374,21.58,0.0,27.2,23.2,1781033720893774712
1781033721006040099,43,0,8,0,true,0.0049,0.0001,40,8192,0.449,0.449,47.95,0.449,0,0,0.0373,0.0373,21.55,0.0,27.2,23.2,1781033720982934158
1781033721108875173,43,0,8,0,true,0.005,0.0,40,8192,0.45,0.45,47.95,0.45,0,0,0.0374,0.0374,21.58,0.0,27.2,23.2,1781033721099387884
1781033721206161203,43,0,8,0,true,0.005,0.0,40,8192,0.45,0.45,47.95,0.45,0,0,0.0373,0.0373,21.56,0.0,27.2,23.2,1781033721201656485
1781033721305591336,43,0,8,0,true,0.005,0.0001,40,8192,0.45,0.45,47.95,0.45,0,0,0.0373,0.0373,21.56,0.0,27.2,23.2,1781033721299215140
1781033721405804122,43,0,8,0,true,0.005,0.0,40,8192,0.45,0.45,47.95,0.45,0,0,0.0373,0.0373,21.57,0.0,27.2,23.2,1781033721400458220
1781033721506955601,43,0,8,0,true,0.005,0.0001,40,8192,0.45,0.45,47.95,0.45,0,0,0.0373,0.0373,21.57,0.0,27.3,23.3,1781033721470783096
1781033721606224182,43,0,8,0,true,0.005,0.0001,41,8192,0.45,0.45,47.95,0.45,0,0,0.0373,0.0373,21.57,0.0,27.3,23.3,1781033721585599905
1781033721706066753,43,0,8,0,true,0.005,0.0,41,8192,0.45,0.45,47.95,0.45,0,0,0.0373,0.0373,21.57,0.0,27.3,23.3,1781033721689712415
1781033721808875283,43,0,8,0,true,0.005,0.0,41,8192,0.45,0.45,47.95,0.45,0,0,0.0373,0.0373,21.56,0.0,27.3,23.3,1781033721785844844
1781033721912997681,43,0,8,0,true,0.005,0.0001,41,8192,0.449,0.449,47.95,0.449,0,0,0.0373,0.0373,21.55,0.0,27.3,23.3,1781033721896558894
1781033722013502815,43,0,8,0,true,0.0051,0.0003,41,8192,0.45,0.45,47.95,0.45,0,0,0.0373,0.0373,21.57,0.0,27.3,23.3,1781033722007886331
1781033722116882703,43,0,8,0,true,0.0051,0.0,41,8192,0.45,0.45,47.95,0.45,0,0,0.0373,0.0373,21.57,0.0,27.3,23.3,1781033722082290738
1781033722213896867,43,0,8,0,true,0.0051,0.0,41,8192,0.45,0.45,47.95,0.45,0,0,0.0373,0.0373,21.57,0.0,27.3,23.3,1781033722213068039
1781033722316892836,43,0,8,0,true,0.0051,0.0001,41,8192,0.449,0.449,47.95,0.449,0,0,0.0373,0.0373,21.55,0.0,27.3,23.3,1781033722305499359
1781033722413980743,43,0,8,0,true,0.0051,0.0001,41,8192,0.45,0.45,47.95,0.45,0,0,0.0373,0.0373,21.57,0.0,27.3,23.3,1781033722409578463
1781033722514035004,43,0,8,0,true,0.0051,0.0001,41,8192,0.449,0.449,47.95,0.449,0,0,0.0373,0.0373,21.55,0.0,27.3,23.3,1781033722501036594
1781033722614697142,43,0,8,0,true,0.0051,0.0001,42,8192,0.449,0.449,47.95,0.449,0,0,0.0373,0.0373,21.55,0.0,27.3,23.3,1781033722599665599
1781033722717734425,43,0,8,0,true,0.0051,0.0001,42,8192,0.45,0.45,47.95,0.45,0,0,0.0373,0.0373,21.57,0.0,27.3,23.3,1781033722693992801
1781033722816881893,43,0,8,0,true,0.0051,0.0001,42,8192,0.449,0.449,47.95,0.449,0,0,0.0373,0.0373,21.54,0.0,27.3,23.3,1781033722789051978
1781033722913857162,43,0,8,0,true,0.0052,0.0002,42,8192,0.449,0.449,47.95,0.449,0,0,0.0373,0.0373,21.54,0.0,27.3,23.3,1781033722878297289
1781033723013756003,43,0,8,0,true,0.0052,0.0003,42,8192,0.45,0.45,47.95,0.45,0,0,0.0373,0.0373,21.57,0.0,27.3,23.3,1781033723010375840
1781033723113618506,43,0,8,0,true,0.0052,0.0,42,8192,0.45,0.45,47.95,0.45,0,0,0.0373,0.0373,21.56,0.0,27.3,23.3,1781033723109502127
1781033723213459975,43,0,8,0,true,0.0052,0.0,42,8192,0.45,0.45,47.95,0.45,0,0,0.0373,0.0373,21.56,0.0,27.3,23.3,1781033723205651380
1781033723320863598,43,0,8,0,true,0.0052,0.0,42,8192,0.45,0.45,47.95,0.45,0,0,0.0373,0.0373,21.56,0.0,27.3,23.3,1781033723310753764
1781033723428908735,43,0,8,0,true,0.0052,0.0002,42,8192,0.448,0.448,47.95,0.448,0,0,0.0372,0.0372,21.5,0.0,27.3,23.3,1781033723406758925
1781033723529939413,43,0,8,0,true,0.0052,0.0002,42,8192,0.449,0.449,47.95,0.449,0,0,0.0373,0.0373,21.54,0.0,27.3,23.3,1781033723508486056
1781033723631988741,43,0,8,0,true,0.0053,0.0002,43,8192,0.448,0.448,47.95,0.448,0,0,0.0372,0.0372,21.5,0.0,27.3,23.3,1781033723621296088
1781033723730274933,43,0,8,0,true,0.0053,0.0,43,8192,0.45,0.45,47.95,0.45,0,0,0.0373,0.0373,21.56,0.0,27.3,23.3,1781033723728903869
1781033723830508106,43,0,8,0,true,0.0053,0.0001,43,8192,0.45,0.45,47.95,0.45,0,0,0.0373,0.0373,21.56,0.0,27.3,23.3,1781033723820106815
1781033723929584085,43,0,8,0,true,0.0053,0.0001,43,8192,0.449,0.449,47.95,0.449,0,0,0.0373,0.0373,21.55,0.0,27.3,23.3,1781033723910830156
1781033724029653261,43,0,8,0,true,0.0053,0.0002,43,8192,0.45,0.45,47.95,0.45,0,0,0.0373,0.0373,21.56,0.0,27.3,23.3,1781033724026406982
1781033724130121902,43,0,8,0,true,0.0053,0.0002,43,8192,0.45,0.45,47.95,0.45,0,0,0.0373,0.0373,21.57,0.0,27.3,23.3,1781033724127691384
1781033724232998006,43,0,8,0,true,0.0053,0.0,43,8192,0.45,0.45,47.95,0.45,0,0,0.0373,0.0373,21.56,0.0,27.3,23.3,1781033724224386938
1781033724330053867,43,0,8,0,true,0.0054,0.0001,43,8192,0.45,0.45,47.95,0.45,0,0,0.0373,0.0373,21.56,0.0,27.3,23.3,1781033724317210739
1781033724433012676,43,0,8,0,true,0.0054,0.0002,43,8192,0.449,0.449,47.95,0.449,0,0,0.0373,0.0373,21.53,0.0,27.3,23.3,1781033724409361723
1781033724530215744,43,0,8,0,true,0.0054,0.0002,44,8192,0.45,0.45,47.95,0.45,0,0,0.0374,0.0374,21.58,0.0,27.3,23.3,1781033724519462128
1781033724629883205,43,0,8,0,true,0.0054,0.0,44,8192,0.45,0.45,47.95,0.45,0,0,0.0373,0.0373,21.58,0.0,27.3,23.3,1781033724617892091
1781033724729818165,43,0,8,0,true,0.0054,0.0,44,8192,0.45,0.45,47.95,0.45,0,0,0.0374,0.0374,21.59,0.0,27.3,23.3,1781033724717936321
1781033724829705482,43,0,8,0,true,0.0054,0.0001,44,8192,0.452,0.452,47.95,0.452,0,0,0.0375,0.0375,21.67,0.0,27.3,23.3,1781033724819055405
1781033724930221873,43,0,8,0,true,0.0055,0.0004,44,8192,0.454,0.454,47.95,0.454,0,0,0.0377,0.0377,21.77,0.0,27.3,23.3,1781033724919836225
1781033725033095787,43,0,8,0,true,0.0055,0.0003,44,8192,0.449,0.449,47.95,0.449,0,0,0.0373,0.0373,21.54,0.0,27.3,23.3,1781033725032162337
1781033725129809544,43,0,8,0,true,0.0055,0.0001,45,8192,0.453,0.453,47.95,0.453,0,0,0.0376,0.0376,21.73,0.0,27.3,23.3,1781033725106955862
1781033725229674074,43,0,8,0,true,0.0055,0.0004,45,8192,0.448,0.448,47.95,0.448,0,0,0.0372,0.0372,21.49,0.0,27.3,23.3,1781033725215800975
1781033725329515417,43,0,8,0,true,0.0055,0.0005,45,8192,0.448,0.448,47.95,0.448,0,0,0.0371,0.0371,21.46,0.0,27.3,23.3,1781033725298397389
1781033725429956876,43,0,8,0,true,0.0056,0.0001,45,8192,0.453,0.453,47.95,0.453,0,0,0.0376,0.0376,21.73,0.0,27.3,23.3,1781033725413072486
1781033725536957397,43,0,8,0,true,0.0056,0.0001,45,8192,0.452,0.452,47.95,0.452,0,0,0.0375,0.0375,21.65,0.0,27.3,23.3,1781033725515573848
1781033725638028007,43,0,8,0,true,0.0056,0.0005,45,8192,0.448,0.448,47.95,0.448,0,0,0.0372,0.0372,21.47,0.0,27.3,23.3,1781033725632843343
1781033725744839278,43,0,8,0,true,0.0056,0.0004,46,8192,0.454,0.454,47.95,0.454,0,0,0.0377,0.0377,21.78,0.0,27.3,23.3,1781033725727554764
1781033725845807048,43,0,8,0,true,0.0057,0.0001,46,8192,0.452,0.452,47.95,0.452,0,0,0.0375,0.0375,21.68,0.0,27.3,23.3,1781033725832357563
1781033725945580138,43,0,8,0,true,0.0057,0.0003,46,8192,0.45,0.45,47.95,0.45,0,0,0.0373,0.0373,21.57,0.0,27.3,23.3,1781033725934547356
1781033726048843497,43,0,8,0,true,0.0057,0.0,46,8192,0.453,0.453,47.95,0.453,0,0,0.0376,0.0376,21.71,0.0,27.3,23.3,1781033726036840219
1781033726147466487,43,0,8,0,true,0.0057,0.0002,46,8192,0.454,0.454,47.95,0.454,0,0,0.0377,0.0377,21.79,0.0,27.3,23.3,1781033726141353445
1781033726245607527,43,0,8,0,true,0.0057,0.0,47,8192,0.454,0.454,47.95,0.454,0,0,0.0377,0.0377,21.78,0.0,27.3,23.3,1781033726231942454
1781033726345755147,43,0,8,0,true,0.0058,0.0001,47,8192,0.455,0.455,47.95,0.455,0,0,0.0377,0.0377,21.8,0.0,27.3,23.3,1781033726335377005
1781033726448879610,43,0,8,0,true,0.0058,0.0001,47,8192,0.454,0.454,47.95,0.454,0,0,0.0377,0.0377,21.79,0.0,27.3,23.3,1781033726417646944
1781033847917493755,,,,,,,,,,,,,,,,,,,,,,
1781033848017440756,,,,,,,,,,,,,,,,,,,,,,
1781033848118527645,,,,,,,,,,,,,,,,,,,,,,
1781033848218483233,,,,,,,,,,,,,,,,,,,,,,
1781033848318346151,,,,,,,,,,,,,,,,,,,,,,
1781033848417491546,,,,,,,,,,,,,,,,,,,,,,
1781033848517847972,,,,,,,,,,,,,,,,,,,,,,
1781033848617837918,,,,,,,,,,,,,,,,,,,,,,
1781033848717966782,,,,,,,,,,,,,,,,,,,,,,
1781033848818424922,,,,,,,,,,,,,,,,,,,,,,
1781033848917491833,,,,,,,,,,,,,,,,,,,,,,
1781033849018124715,,,,,,,,,,,,,,,,,,,,,,
1781033849118247284,,,,,,,,,,,,,,,,,,,,,,
1781033849218308612,,,,,,,,,,,,,,,,,,,,,,
1781033849318238317,,,,,,,,,,,,,,,,,,,,,,
1781033849417507219,,,,,,,,,,,,,,,,,,,,,,
1781033849517489060,,,,,,,,,,,,,,,,,,,,,,
1781033849617544579,,,,,,,,,,,,,,,,,,,,,,
1781033849717981943,,,,,,,,,,,,,,,,,,,,,,
1781033849818380027,,,,,,,,,,,,,,,,,,,,,,
1781033849917498054,,,,,,,,,,,,,,,,,,,,,,
1781033850017490511,,,,,,,,,,,,,,,,,,,,,,
1781033850118067621,,,,,,,,,,,,,,,,,,,,,,
1781033850218376431,,,,,,,,,,,,,,,,,,,,,,
1781033850317467787,,,,,,,,,,,,,,,,,,,,,,
1781033850418233728,,,,,,,,,,,,,,,,,,,,,,
1781033850518254809,,,,,,,,,,,,,,,,,,,,,,
1781033850617485529,,,,,,,,,,,,,,,,,,,,,,
1781033850718462316,,,,,,,,,,,,,,,,,,,,,,
1781033850817551038,,,,,,,,,,,,,,,,,,,,,,
1781033850917430691,,,,,,,,,,,,,,,,,,,,,,
1781033851017791742,,,,,,,,,,,,,,,,,,,,,,
1781033851118367938,,,,,,,,,,,,,,,,,,,,,,
1781033851217444124,,,,,,,,,,,,,,,,,,,,,,
1781033851317772959,,,,,,,,,,,,,,,,,,,,,,
1781033851418008241,,,,,,,,,,,,,,,,,,,,,,
1781033851518415388,,,,,,,,,,,,,,,,,,,,,,
1781033851617515534,,,,,,,,,,,,,,,,,,,,,,
1781033851717990093,,,,,,,,,,,,,,,,,,,,,,
1781033851817797944,,,,,,,,,,,,,,,,,,,,,,
1781033851917464382,,,,,,,,,,,,,,,,,,,,,,
1781033852018052568,,,,,,,,,,,,,,,,,,,,,,
1781033852118005112,,,,,,,,,,,,,,,,,,,,,,
1781033852218109313,,,,,,,,,,,,,,,,,,,,,,
1781033852318246811,,,,,,,,,,,,,,,,,,,,,,
1781033852417475589,,,,,,,,,,,,,,,,,,,,,,
1781033852517885379,,,,,,,,,,,,,,,,,,,,,,
1781033852618159369,,,,,,,,,,,,,,,,,,,,,,
1781033852718261088,,,,,,,,,,,,,,,,,,,,,,
1781033852817973363,,,,,,,,,,,,,,,,,,,,,,
1781033852917956320,,,,,,,,,,,,,,,,,,,,,,
1781033853017811865,,,,,,,,,,,,,,,,,,,,,,
1781033853117765808,,,,,,,,,,,,,,,,,,,,,,
1781033853217510408,,,,,,,,,,,,,,,,,,,,,,
1781033853317940484,,,,,,,,,,,,,,,,,,,,,,
1781033853418013909,,,,,,,,,,,,,,,,,,,,,,
1781033853518371576,,,,,,,,,,,,,,,,,,,,,,
1781033853617795699,,,,,,,,,,,,,,,,,,,,,,
1781033853718144778,,,,,,,,,,,,,,,,,,,,,,
1781033853817791519,,,,,,,,,,,,,,,,,,,,,,
1781033853918252425,,,,,,,,,,,,,,,,,,,,,,
1781033854018006103,,,,,,,,,,,,,,,,,,,,,,
1781033854118328262,,,,,,,,,,,,,,,,,,,,,,
1781033854218255051,,,,,,,,,,,,,,,,,,,,,,
1781033854318062016,,,,,,,,,,,,,,,,,,,,,,
1781033854418124277,,,,,,,,,,,,,,,,,,,,,,
1781033854517472710,,,,,,,,,,,,,,,,,,,,,,
1781033854618067523,,,,,,,,,,,,,,,,,,,,,,
1781033854718128765,,,,,,,,,,,,,,,,,,,,,,
1781033854818418014,,,,,,,,,,,,,,,,,,,,,,
1781033854917832338,,,,,,,,,,,,,,,,,,,,,,
1781033855017757821,,,,,,,,,,,,,,,,,,,,,,
1781033855117494935,,,,,,,,,,,,,,,,,,,,,,
1781033855218229891,,,,,,,,,,,,,,,,,,,,,,
1781033855317535076,,,,,,,,,,,,,,,,,,,,,,
1781033855418033019,,,,,,,,,,,,,,,,,,,,,,
1781033855518354095,,,,,,,,,,,,,,,,,,,,,,
1781033855617783571,,,,,,,,,,,,,,,,,,,,,,
1781033855717772773,,,,,,,,,,,,,,,,,,,,,,
1781033855818324690,,,,,,,,,,,,,,,,,,,,,,
1781033855917975563,,,,,,,,,,,,,,,,,,,,,,
1781033856020852745,,,,,,,,,,,,,,,,,,,,,,
1781033856117966209,,,,,,,,,,,,,,,,,,,,,,
1781033856218133222,,,,,,,,,,,,,,,,,,,,,,
1781033856318253873,,,,,,,,,,,,,,,,,,,,,,
1781033856418310546,,,,,,,,,,,,,,,,,,,,,,
1781033856517865881,,,,,,,,,,,,,,,,,,,,,,
1781033856617935602,,,,,,,,,,,,,,,,,,,,,,
1781033856718142305,,,,,,,,,,,,,,,,,,,,,,
1781033856817654082,,,,,,,,,,,,,,,,,,,,,,
1781033856918367838,,,,,,,,,,,,,,,,,,,,,,
1781033857018257038,,,,,,,,,,,,,,,,,,,,,,
1781033857118007718,,,,,,,,,,,,,,,,,,,,,,
1781033857217439754,,,,,,,,,,,,,,,,,,,,,,
1781033857318184299,,,,,,,,,,,,,,,,,,,,,,
1781033857423173395,,,,,,,,,,,,,,,,,,,,,,
1781033857524031105,,,,,,,,,,,,,,,,,,,,,,
1781033857623862848,,,,,,,,,,,,,,,,,,,,,,
1781033857724101440,,,,,,,,,,,,,,,,,,,,,,
1781033857823522527,,,,,,,,,,,,,,,,,,,,,,
1781033857924067967,,,,,,,,,,,,,,,,,,,,,,
1781033858024370134,,,,,,,,,,,,,,,,,,,,,,
1781033858124440733,,,,,,,,,,,,,,,,,,,,,,
1781033858224278394,,,,,,,,,,,,,,,,,,,,,,
1781033858324440032,,,,,,,,,,,,,,,,,,,,,,
1781033858424300915,,,,,,,,,,,,,,,,,,,,,,
1781033858524122336,,,,,,,,,,,,,,,,,,,,,,
1781033858624280671,,,,,,,,,,,,,,,,,,,,,,
1781033858723750003,,,,,,,,,,,,,,,,,,,,,,
1781033858824005493,,,,,,,,,,,,,,,,,,,,,,
1781033858924118731,,,,,,,,,,,,,,,,,,,,,,
1781033859024084829,,,,,,,,,,,,,,,,,,,,,,
1781033859124107593,,,,,,,,,,,,,,,,,,,,,,
1781033859223682497,,,,,,,,,,,,,,,,,,,,,,
1781033859324089636,,,,,,,,,,,,,,,,,,,,,,
1781033859424000478,,,,,,,,,,,,,,,,,,,,,,
1781033859524119815,,,,,,,,,,,,,,,,,,,,,,
1781033859624064063,,,,,,,,,,,,,,,,,,,,,,
1781033859724322261,,,,,,,,,,,,,,,,,,,,,,
1781033859824325774,,,,,,,,,,,,,,,,,,,,,,
1781033859924344344,,,,,,,,,,,,,,,,,,,,,,
1781033860023533610,,,,,,,,,,,,,,,,,,,,,,
1781033860124486409,,,,,,,,,,,,,,,,,,,,,,
1781033860224208108,,,,,,,,,,,,,,,,,,,,,,
1781033860324298759,,,,,,,,,,,,,,,,,,,,,,
1781033860423638257,,,,,,,,,,,,,,,,,,,,,,
1781033860524839148,,,,,,,,,,,,,,,,,,,,,,
1781033860624394321,,,,,,,,,,,,,,,,,,,,,,
1781033860723961724,,,,,,,,,,,,,,,,,,,,,,
1781033860824054456,,,,,,,,,,,,,,,,,,,,,,
1781033860923986975,,,,,,,,,,,,,,,,,,,,,,
1781033861023696288,,,,,,,,,,,,,,,,,,,,,,
1781033861123870374,,,,,,,,,,,,,,,,,,,,,,
1781033861223781647,,,,,,,,,,,,,,,,,,,,,,
1781033861324479453,,,,,,,,,,,,,,,,,,,,,,
1781033861424238914,,,,,,,,,,,,,,,,,,,,,,
1781033861524312714,,,,,,,,,,,,,,,,,,,,,,
1781033861624276701,,,,,,,,,,,,,,,,,,,,,,
1781033861724062182,,,,,,,,,,,,,,,,,,,,,,
1781033861823848415,,,,,,,,,,,,,,,,,,,,,,
1781033861923794782,,,,,,,,,,,,,,,,,,,,,,
1781033862024329043,,,,,,,,,,,,,,,,,,,,,,
1781033862124466639,,,,,,,,,,,,,,,,,,,,,,
1781033862224318440,,,,,,,,,,,,,,,,,,,,,,
1781033862324228685,,,,,,,,,,,,,,,,,,,,,,
1781033862424327304,,,,,,,,,,,,,,,,,,,,,,
1781033862524274402,,,,,,,,,,,,,,,,,,,,,,
1781033862623738198,,,,,,,,,,,,,,,,,,,,,,
1781033862723654190,,,,,,,,,,,,,,,,,,,,,,
1781033862824046006,,,,,,,,,,,,,,,,,,,,,,
1781033862924100075,,,,,,,,,,,,,,,,,,,,,,
1781033863023855452,,,,,,,,,,,,,,,,,,,,,,
1781033863124122774,,,,,,,,,,,,,,,,,,,,,,
1781033863224456494,,,,,,,,,,,,,,,,,,,,,,
1781033863323863540,,,,,,,,,,,,,,,,,,,,,,
1781033863424077252,,,,,,,,,,,,,,,,,,,,,,
1781033863523976605,,,,,,,,,,,,,,,,,,,,,,
1781033863624398827,,,,,,,,,,,,,,,,,,,,,,
1781033863724472169,,,,,,,,,,,,,,,,,,,,,,
1781033863824525419,,,,,,,,,,,,,,,,,,,,,,
1781033863928863398,43,0,8,0,true,0.0,0.0002,0,8192,0.445,0.445,47.96,0.445,0,0,0.037,0.037,21.35,0.0,25.0,21.0,1781033863917149680
1781033864030090555,43,0,8,0,true,0.0,0.0002,0,8192,0.447,0.447,47.96,0.447,0,0,0.0371,0.0371,21.42,0.0,25.0,21.0,1781033864006385367
1781033864130796263,43,0,8,0,true,0.0,0.0001,0,8192,0.45,0.45,47.96,0.45,0,0,0.0373,0.0373,21.58,0.0,25.0,21.0,1781033864100082892
1781033864230235874,43,0,8,0,true,0.0001,0.0002,0,8192,0.452,0.452,47.96,0.452,0,0,0.0375,0.0375,21.66,0.0,25.0,21.0,1781033864218278907
1781033864329882908,43,0,8,0,true,0.0001,0.0001,0,8192,0.453,0.453,47.96,0.453,0,0,0.0376,0.0376,21.72,0.0,25.1,21.1,1781033864317250379
1781033864430371811,43,0,8,0,true,0.0001,0.0001,0,8192,0.452,0.452,47.96,0.452,0,0,0.0375,0.0375,21.69,0.0,25.1,21.1,1781033864398446398
1781033864529925545,43,0,8,0,true,0.0001,0.0001,0,8192,0.453,0.453,47.96,0.453,0,0,0.0376,0.0376,21.72,0.0,25.1,21.1,1781033864525829729
1781033864632891106,43,0,8,0,true,0.0001,0.0001,0,8192,0.452,0.452,47.96,0.452,0,0,0.0375,0.0375,21.7,0.0,25.1,21.1,1781033864608493290
1781033864729814666,43,0,8,0,true,0.0001,0.0,0,8192,0.453,0.453,47.96,0.453,0,0,0.0376,0.0376,21.72,0.0,25.1,21.1,1781033864727583188
1781033864832868114,43,0,8,0,true,0.0001,0.0,0,8192,0.453,0.453,47.96,0.453,0,0,0.0376,0.0376,21.72,0.0,25.1,21.1,1781033864813391538
1781033864929805788,43,0,8,0,true,0.0001,0.0001,0,8192,0.453,0.453,47.96,0.453,0,0,0.0376,0.0376,21.71,0.0,25.1,21.1,1781033864919771388
1781033865031092741,43,0,8,0,true,0.0001,0.0001,0,8192,0.452,0.452,47.96,0.452,0,0,0.0375,0.0375,21.7,0.0,25.1,21.1,1781033865014868924
1781033865132869352,43,0,8,0,true,0.0001,0.0,1,8192,0.453,0.453,47.96,0.453,0,0,0.0376,0.0376,21.72,0.0,25.2,21.2,1781033865112950811
1781033865236918258,43,0,8,0,true,0.0001,0.0001,1,8192,0.453,0.453,47.96,0.453,0,0,0.0376,0.0376,21.71,0.0,25.2,21.2,1781033865212086833
1781033865340917517,43,0,8,0,true,0.0001,0.0,1,8192,0.453,0.453,47.96,0.453,0,0,0.0376,0.0376,21.73,0.0,25.2,21.2,1781033865330652106
1781033865437952142,43,0,8,0,true,0.0002,0.0,1,8192,0.452,0.452,47.96,0.452,0,0,0.0376,0.0376,21.7,0.0,25.2,21.2,1781033865427839722
1781033865539026498,43,0,8,0,true,0.0002,0.0002,1,8192,0.452,0.452,47.96,0.452,0,0,0.0375,0.0375,21.68,0.0,25.2,21.2,1781033865509495069
1781033865640870626,43,0,8,0,true,0.0002,0.0001,1,8192,0.453,0.453,47.96,0.453,0,0,0.0376,0.0376,21.71,0.0,25.2,21.2,1781033865612329102
1781033865740869320,43,0,8,0,true,0.0002,0.0002,1,8192,0.453,0.453,47.96,0.453,0,0,0.0376,0.0376,21.72,0.0,25.2,21.2,1781033865716863544
1781033865838118661,43,0,8,0,true,0.0002,0.0001,1,8192,0.453,0.453,47.96,0.453,0,0,0.0376,0.0376,21.71,0.0,25.2,21.2,1781033865834441942
1781033865938123510,43,0,8,0,true,0.0002,0.0,1,8192,0.453,0.453,47.96,0.453,0,0,0.0376,0.0376,21.72,0.0,25.2,21.2,1781033865918341463
1781033866038474293,43,0,8,0,true,0.0002,0.0001,1,8192,0.453,0.453,47.96,0.453,0,0,0.0376,0.0376,21.71,0.0,25.3,21.3,1781033866029929780
1781033866137585243,43,0,8,0,true,0.0002,0.0001,1,8192,0.453,0.453,47.96,0.453,0,0,0.0376,0.0376,21.71,0.0,25.3,21.3,1781033866128932452
1781033866238428348,43,0,8,0,true,0.0002,0.0002,1,8192,0.453,0.453,47.96,0.453,0,0,0.0376,0.0376,21.72,0.0,25.3,21.3,1781033866229791101
1781033866340854696,43,0,8,0,true,0.0002,0.0,1,8192,0.453,0.453,47.96,0.453,0,0,0.0376,0.0376,21.71,0.0,25.3,21.3,1781033866323439466
1781033866438020846,43,0,8,0,true,0.0002,0.0001,1,8192,0.452,0.452,47.96,0.452,0,0,0.0375,0.0375,21.69,0.0,25.3,21.3,1781033866427304796
1781033866538461154,43,0,8,0,true,0.0002,0.0001,1,8192,0.452,0.452,47.96,0.452,0,0,0.0375,0.0375,21.69,0.0,25.3,21.3,1781033866524654682
1781033866640878882,43,0,8,0,true,0.0003,0.0001,2,8192,0.452,0.452,47.96,0.452,0,0,0.0375,0.0375,21.7,0.0,25.3,21.3,1781033866625454384
1781033866740948751,43,0,8,0,true,0.0003,0.0001,2,8192,0.453,0.453,47.96,0.453,0,0,0.0376,0.0376,21.71,0.0,25.3,21.3,1781033866735341432
1781033866837527042,43,0,8,0,true,0.0003,0.0001,2,8192,0.453,0.453,47.96,0.453,0,0,0.0376,0.0376,21.71,0.0,25.3,21.3,1781033866825971828
1781033866937696421,43,0,8,0,true,0.0003,0.0,2,8192,0.453,0.453,47.96,0.453,0,0,0.0376,0.0376,21.71,0.0,25.3,21.3,1781033866906873968
1781033867040864846,43,0,8,0,true,0.0003,0.0002,2,8192,0.452,0.452,47.96,0.452,0,0,0.0375,0.0375,21.67,0.0,25.4,21.4,1781033867017165904
1781033867144868102,43,0,8,0,true,0.0003,0.0001,2,8192,0.453,0.453,47.96,0.453,0,0,0.0376,0.0376,21.71,0.0,25.4,21.4,1781033867134046458
1781033867245688504,43,0,8,0,true,0.0003,0.0001,2,8192,0.452,0.452,47.96,0.452,0,0,0.0375,0.0375,21.69,0.0,25.4,21.4,1781033867241910455
1781033867346074329,43,0,8,0,true,0.0003,0.0002,2,8192,0.453,0.453,47.96,0.453,0,0,0.0376,0.0376,21.72,0.0,25.4,21.4,1781033867337084225
1781033867446143036,43,0,8,0,true,0.0003,0.0,2,8192,0.452,0.452,47.96,0.452,0,0,0.0375,0.0375,21.7,0.0,25.4,21.4,1781033867427316256
1781033867545881691,43,0,8,0,true,0.0003,0.0001,2,8192,0.452,0.452,47.96,0.452,0,0,0.0375,0.0375,21.69,0.0,25.4,21.4,1781033867542625831
1781033867646121632,43,0,8,0,true,0.0003,0.0001,2,8192,0.452,0.452,47.96,0.452,0,0,0.0375,0.0375,21.69,0.0,25.4,21.4,1781033867613408446
1781033867745647554,43,0,8,0,true,0.0003,0.0001,2,8192,0.452,0.452,47.96,0.452,0,0,0.0375,0.0375,21.69,0.0,25.4,21.4,1781033867741238871
1781033867849861229,43,0,8,0,true,0.0003,0.0001,2,8192,0.453,0.453,47.96,0.453,0,0,0.0376,0.0376,21.71,0.0,25.4,21.4,1781033867832706286
1781033867948866328,43,0,8,0,true,0.0004,0.0001,2,8192,0.453,0.453,47.96,0.453,0,0,0.0376,0.0376,21.71,0.0,25.5,21.5,1781033867934103975
1781033868045466044,43,0,8,0,true,0.0004,0.0,3,8192,0.453,0.453,47.96,0.453,0,0,0.0376,0.0376,21.7,0.0,25.5,21.5,1781033868022441939
1781033868145869848,43,0,8,0,true,0.0004,0.0,3,8192,0.452,0.452,47.96,0.452,0,0,0.0376,0.0376,21.7,0.0,25.5,21.5,1781033868140527698
1781033868245899250,43,0,8,0,true,0.0004,0.0001,3,8192,0.453,0.453,47.96,0.453,0,0,0.0376,0.0376,21.71,0.0,25.5,21.5,1781033868241092658
1781033868345809585,43,0,8,0,true,0.0004,0.0001,3,8192,0.452,0.452,47.96,0.452,0,0,0.0375,0.0375,21.69,0.0,25.5,21.5,1781033868338543271
1781033868446176610,43,0,8,0,true,0.0004,0.0001,3,8192,0.453,0.453,47.96,0.453,0,0,0.0376,0.0376,21.71,0.0,25.5,21.5,1781033868413934190
1781033868548863176,43,0,8,0,true,0.0004,0.0001,3,8192,0.453,0.453,47.96,0.453,0,0,0.0376,0.0376,21.71,0.0,25.5,21.5,1781033868522067775
1781033868648910220,43,0,8,0,true,0.0004,0.0,3,8192,0.453,0.453,47.96,0.453,0,0,0.0376,0.0376,21.71,0.0,25.5,21.5,1781033868639085677
1781033868746175278,43,0,8,0,true,0.0004,0.0002,3,8192,0.451,0.451,47.96,0.451,0,0,0.0375,0.0375,21.65,0.0,25.5,21.5,1781033868713397831
1781033868846349648,43,0,8,0,true,0.0004,0.0,3,8192,0.453,0.453,47.96,0.453,0,0,0.0376,0.0376,21.71,0.0,25.5,21.5,1781033868834789686
1781033868945991736,43,0,8,0,true,0.0004,0.0,3,8192,0.453,0.453,47.96,0.453,0,0,0.0376,0.0376,21.72,0.0,25.6,21.6,1781033868922426476
1781033869048868677,43,0,8,0,true,0.0004,0.0001,3,8192,0.453,0.453,47.96,0.453,0,0,0.0376,0.0376,21.71,0.0,25.6,21.6,1781033869039922120
1781033869148863264,43,0,8,0,true,0.0005,0.0001,3,8192,0.453,0.453,47.96,0.453,0,0,0.0376,0.0376,21.71,0.0,25.6,21.6,1781033869130683481
1781033869248896844,43,0,8,0,true,0.0005,0.0001,3,8192,0.453,0.453,47.96,0.453,0,0,0.0376,0.0376,21.71,0.0,25.6,21.6,1781033869209956991
1781033869345654167,43,0,8,0,true,0.0005,0.0001,3,8192,0.453,0.453,47.96,0.453,0,0,0.0376,0.0376,21.71,0.0,25.6,21.6,1781033869336187320
1781033869446025673,43,0,8,0,true,0.0005,0.0,3,8192,0.453,0.453,47.96,0.453,0,0,0.0376,0.0376,21.71,0.0,25.6,21.6,1781033869437488281
1781033869557295605,43,0,8,0,true,0.0005,0.0,4,8192,0.453,0.453,47.96,0.453,0,0,0.0376,0.0376,21.71,0.0,25.6,21.6,1781033869556182346
1781033869657848450,43,0,8,0,true,0.0005,0.0001,4,8192,0.453,0.453,47.96,0.453,0,0,0.0376,0.0376,21.7,0.0,25.6,21.6,1781033869651779901
1781033869760883155,43,0,8,0,true,0.0005,0.0001,4,8192,0.452,0.452,47.96,0.452,0,0,0.0375,0.0375,21.68,0.0,25.6,21.6,1781033869750426659
1781033869864896329,43,0,8,0,true,0.0005,0.0,4,8192,0.453,0.453,47.96,0.453,0,0,0.0376,0.0376,21.71,0.0,25.6,21.6,1781033869855190569
1781033869966894816,43,0,8,0,true,0.0005,0.0001,4,8192,0.452,0.452,47.96,0.452,0,0,0.0375,0.0375,21.68,0.0,25.6,21.6,1781033869946391965
1781033870065676983,43,0,8,0,true,0.0005,0.0,4,8192,0.452,0.452,47.96,0.452,0,0,0.0375,0.0375,21.69,0.0,25.7,21.7,1781033870054999437
1781033870166139653,43,0,8,0,true,0.0005,0.0001,4,8192,0.452,0.452,47.96,0.452,0,0,0.0375,0.0375,21.68,0.0,25.7,21.7,1781033870157602495
1781033870266181757,43,0,8,0,true,0.0005,0.0001,4,8192,0.453,0.453,47.96,0.453,0,0,0.0376,0.0376,21.7,0.0,25.7,21.7,1781033870249370260
1781033870366260591,43,0,8,0,true,0.0005,0.0,4,8192,0.452,0.452,47.96,0.452,0,0,0.0376,0.0376,21.7,0.0,25.7,21.7,1781033870349344222
1781033870466500907,43,0,8,0,true,0.0006,0.0,4,8192,0.452,0.452,47.96,0.452,0,0,0.0376,0.0376,21.7,0.0,25.7,21.7,1781033870460653105
1781033870566080722,43,0,8,0,true,0.0006,0.0001,4,8192,0.452,0.452,47.96,0.452,0,0,0.0376,0.0376,21.7,0.0,25.7,21.7,1781033870550907980
1781033870666594706,43,0,8,0,true,0.0006,0.0002,4,8192,0.451,0.451,47.96,0.451,0,0,0.0375,0.0375,21.65,0.0,25.7,21.7,1781033870660845463
1781033870765829609,43,0,8,0,true,0.0006,0.0,4,8192,0.453,0.453,47.96,0.453,0,0,0.0376,0.0376,21.71,0.0,25.7,21.7,1781033870763443723
1781033870866159157,43,0,8,0,true,0.0006,0.0001,4,8192,0.453,0.453,47.96,0.453,0,0,0.0376,0.0376,21.7,0.0,25.7,21.7,1781033870863742635
1781033870966018952,43,0,8,0,true,0.0006,0.0003,4,8192,0.453,0.453,47.96,0.453,0,0,0.0376,0.0376,21.72,0.0,25.7,21.7,1781033870950217807
1781033871066335009,43,0,8,0,true,0.0006,0.0,4,8192,0.453,0.453,47.96,0.453,0,0,0.0376,0.0376,21.71,0.0,25.7,21.7,1781033871061663531
1781033871166233983,43,0,8,0,true,0.0006,0.0,4,8192,0.452,0.452,47.96,0.452,0,0,0.0376,0.0376,21.7,0.0,25.8,21.8,1781033871151206262
1781033871268902201,43,0,8,0,true,0.0006,0.0,5,8192,0.453,0.453,47.96,0.453,0,0,0.0376,0.0376,21.71,0.0,25.8,21.8,1781033871261997626
1781033871366466154,43,0,8,0,true,0.0006,0.0002,5,8192,0.452,0.452,47.96,0.452,0,0,0.0375,0.0375,21.68,0.0,25.8,21.8,1781033871352031644
1781033871465471776,43,0,8,0,true,0.0006,0.0,5,8192,0.452,0.452,47.96,0.452,0,0,0.0376,0.0376,21.7,0.0,25.8,21.8,1781033871454080737
1781033871565804840,43,0,8,0,true,0.0006,0.0,5,8192,0.452,0.452,47.96,0.452,0,0,0.0375,0.0375,21.69,0.0,25.8,21.8,1781033871541355585
1781033871666541438,43,0,8,0,true,0.0007,0.0002,5,8192,0.452,0.452,47.96,0.452,0,0,0.0375,0.0375,21.66,0.0,25.8,21.8,1781033871660633621
1781033871772880867,43,0,8,0,true,0.0007,0.0001,5,8192,0.452,0.452,47.96,0.452,0,0,0.0375,0.0375,21.68,0.0,25.8,21.8,1781033871750858169
1781033871874105491,43,0,8,0,true,0.0007,0.0001,5,8192,0.452,0.452,47.96,0.452,0,0,0.0375,0.0375,21.68,0.0,25.8,21.8,1781033871854563337
1781033871974487356,43,0,8,0,true,0.0007,0.0001,5,8192,0.452,0.452,47.96,0.452,0,0,0.0375,0.0375,21.68,0.0,25.8,21.8,1781033871947758973
1781033872077007016,43,0,8,0,true,0.0007,0.0002,5,8192,0.453,0.453,47.96,0.453,0,0,0.0376,0.0376,21.71,0.0,25.8,21.8,1781033872046061870
1781033872177015436,43,0,8,0,true,0.0007,0.0001,5,8192,0.452,0.452,47.96,0.452,0,0,0.0375,0.0375,21.68,0.0,25.8,21.8,1781033872155673905
1781033872273879131,43,0,8,0,true,0.0007,0.0001,5,8192,0.452,0.452,47.96,0.452,0,0,0.0376,0.0376,21.7,0.0,25.8,21.8,1781033872246839874
1781033872374045516,43,0,8,0,true,0.0007,0.0,5,8192,0.452,0.452,47.96,0.452,0,0,0.0375,0.0375,21.69,0.0,25.9,21.9,1781033872355435921
1781033872476958531,43,0,8,0,true,0.0007,0.0001,5,8192,0.452,0.452,47.96,0.452,0,0,0.0376,0.0376,21.7,0.0,25.9,21.9,1781033872466917567
1781033872573937661,43,0,8,0,true,0.0007,0.0001,6,8192,0.452,0.452,47.96,0.452,0,0,0.0375,0.0375,21.68,0.0,25.9,21.9,1781033872548948407
1781033872674486208,43,0,8,0,true,0.0007,0.0002,6,8192,0.451,0.451,47.96,0.451,0,0,0.0375,0.0375,21.64,0.0,25.9,21.9,1781033872664182414
1781033872773767297,43,0,8,0,true,0.0008,0.0001,6,8192,0.452,0.452,47.96,0.452,0,0,0.0376,0.0376,21.7,0.0,25.9,21.9,1781033872773203991
1781033872874020674,43,0,8,0,true,0.0008,0.0001,6,8192,0.452,0.452,47.96,0.452,0,0,0.0376,0.0376,21.7,0.0,25.9,21.9,1781033872866682888
1781033872974092468,43,0,8,0,true,0.0008,0.0001,6,8192,0.452,0.452,47.96,0.452,0,0,0.0376,0.0376,21.7,0.0,25.9,21.9,1781033872955660434
1781033873077006665,43,0,8,0,true,0.0008,0.0,6,8192,0.453,0.453,47.96,0.453,0,0,0.0376,0.0376,21.7,0.0,25.9,21.9,1781033873059817927
1781033873173775886,43,0,8,0,true,0.0008,0.0001,6,8192,0.453,0.453,47.96,0.453,0,0,0.0376,0.0376,21.71,0.0,25.9,21.9,1781033873160448964
1781033873274119998,43,0,8,0,true,0.0008,0.0001,6,8192,0.452,0.452,47.96,0.452,0,0,0.0375,0.0375,21.67,0.0,25.9,21.9,1781033873250945620
1781033873374139977,43,0,8,0,true,0.0008,0.0001,6,8192,0.452,0.452,47.96,0.452,0,0,0.0375,0.0375,21.7,0.0,25.9,21.9,1781033873354686729
1781033873473544719,43,0,8,0,true,0.0008,0.0001,6,8192,0.452,0.452,47.96,0.452,0,0,0.0376,0.0376,21.7,0.0,25.9,21.9,1781033873437775855
1781033873574437847,43,0,8,0,true,0.0008,0.0001,6,8192,0.452,0.452,47.96,0.452,0,0,0.0376,0.0376,21.7,0.0,25.9,21.9,1781033873573017508
1781033873674350411,43,0,8,0,true,0.0008,0.0,6,8192,0.452,0.452,47.96,0.452,0,0,0.0376,0.0376,21.7,0.0,26.0,22.0,1781033873661871737
1781033873773733174,43,0,8,0,true,0.0008,0.0002,6,8192,0.453,0.453,47.96,0.453,0,0,0.0376,0.0376,21.71,0.0,26.0,22.0,1781033873764226903
1781033873874277548,43,0,8,0,true,0.0008,0.0001,6,8192,0.452,0.452,47.96,0.452,0,0,0.0376,0.0376,21.7,0.0,26.0,22.0,1781033873853830286
1781033873973963406,43,0,8,0,true,0.0009,0.0002,7,8192,0.453,0.453,47.96,0.453,0,0,0.0376,0.0376,21.71,0.0,26.0,22.0,1781033873963581922
1781033874073640840,43,0,8,0,true,0.0009,0.0001,7,8192,0.452,0.452,47.96,0.452,0,0,0.0376,0.0376,21.7,0.0,26.0,22.0,1781033874039810997
1781033874173759508,43,0,8,0,true,0.0009,0.0,7,8192,0.452,0.452,47.96,0.452,0,0,0.0376,0.0376,21.7,0.0,26.0,22.0,1781033874156028658
1781033874277024140,43,0,8,0,true,0.0009,0.0001,7,8192,0.452,0.452,47.96,0.452,0,0,0.0375,0.0375,21.69,0.0,26.0,22.0,1781033874253780888
1781033874385004152,43,0,8,0,true,0.0009,0.0001,7,8192,0.452,0.452,47.96,0.452,0,0,0.0375,0.0375,21.68,0.0,26.0,22.0,1781033874363306839
1781033874486250010,43,0,8,0,true,0.0009,0.0,7,8192,0.452,0.452,47.96,0.452,0,0,0.0375,0.0375,21.69,0.0,26.0,22.0,1781033874479405410
1781033874586470603,43,0,8,0,true,0.0009,0.0001,7,8192,0.452,0.452,47.96,0.452,0,0,0.0375,0.0375,21.68,0.0,26.0,22.0,1781033874585002629
1781033874686148144,43,0,8,0,true,0.0009,0.0001,7,8192,0.452,0.452,47.96,0.452,0,0,0.0375,0.0375,21.68,0.0,26.0,22.0,1781033874666829287
1781033874786506535,43,0,8,0,true,0.0009,0.0,7,8192,0.452,0.452,47.96,0.452,0,0,0.0376,0.0376,21.7,0.0,26.0,22.0,1781033874782603900
1781033874892862687,43,0,8,0,true,0.001,0.0,7,8192,0.452,0.452,47.96,0.452,0,0,0.0375,0.0375,21.69,0.0,26.0,22.0,1781033874868541209
1781033874994636095,43,0,8,0,true,0.001,0.0,7,8192,0.452,0.452,47.96,0.452,0,0,0.0375,0.0375,21.68,0.0,26.0,22.0,1781033874979072317
1781033875094475478,43,0,8,0,true,0.001,0.0,7,8192,0.452,0.452,47.96,0.452,0,0,0.0375,0.0375,21.69,0.0,26.1,22.1,1781033875057618318
1781033875193492988,43,0,8,0,true,0.001,0.0,7,8192,0.452,0.452,47.96,0.452,0,0,0.0375,0.0375,21.68,0.0,26.1,22.1,1781033875163107589
1781033875295932005,43,0,8,0,true,0.001,0.0002,8,8192,0.453,0.453,47.96,0.453,0,0,0.0376,0.0376,21.71,0.0,26.1,22.1,1781033875287046298
1781033875394421231,43,0,8,0,true,0.001,0.0002,8,8192,0.453,0.453,47.96,0.453,0,0,0.0376,0.0376,21.71,0.0,26.1,22.1,1781033875367378191
1781033875497014636,43,0,8,0,true,0.001,0.0,8,8192,0.452,0.452,47.96,0.452,0,0,0.0375,0.0375,21.69,0.0,26.1,22.1,1781033875480320355
1781033875601039796,43,0,8,0,true,0.001,0.0,8,8192,0.453,0.453,47.96,0.453,0,0,0.0376,0.0376,21.71,0.0,26.1,22.1,1781033875580509131
1781033875702148401,43,0,8,0,true,0.001,0.0001,8,8192,0.452,0.452,47.96,0.452,0,0,0.0375,0.0375,21.68,0.0,26.1,22.1,1781033875686540557
1781033875803154258,43,0,8,0,true,0.001,0.0002,8,8192,0.451,0.451,47.96,0.451,0,0,0.0375,0.0375,21.65,0.0,26.1,22.1,1781033875793611365
1781033875901715351,43,0,8,0,true,0.001,0.0001,8,8192,0.452,0.452,47.96,0.452,0,0,0.0375,0.0375,21.69,0.0,26.1,22.1,1781033875875771595
1781033876001873313,43,0,8,0,true,0.0011,0.0002,8,8192,0.453,0.453,47.96,0.453,0,0,0.0376,0.0376,21.7,0.0,26.1,22.1,1781033875992355735
1781033876101633008,43,0,8,0,true,0.0011,0.0002,8,8192,0.452,0.452,47.96,0.452,0,0,0.0375,0.0375,21.67,0.0,26.1,22.1,1781033876089972947
1781033876204915544,43,0,8,0,true,0.0011,0.0,8,8192,0.453,0.453,47.96,0.453,0,0,0.0376,0.0376,21.71,0.0,26.1,22.1,1781033876174422411
1781033876304897223,43,0,8,0,true,0.0011,0.0001,8,8192,0.452,0.452,47.96,0.452,0,0,0.0375,0.0375,21.67,0.0,26.1,22.1,1781033876268601850
1781033876402510695,43,0,8,0,true,0.0011,0.0001,8,8192,0.452,0.452,47.96,0.452,0,0,0.0375,0.0375,21.67,0.0,26.1,22.1,1781033876389386171
1781033876502420585,43,0,8,0,true,0.0011,0.0001,9,8192,0.453,0.453,47.96,0.453,0,0,0.0376,0.0376,21.7,0.0,26.2,22.2,1781033876501580426
1781033876602511726,43,0,8,0,true,0.0011,0.0002,9,8192,0.451,0.451,47.96,0.451,0,0,0.0374,0.0374,21.62,0.0,26.2,22.2,1781033876596809778
1781033876708868199,43,0,8,0,true,0.0011,0.0002,9,8192,0.452,0.452,47.96,0.452,0,0,0.0375,0.0375,21.66,0.0,26.2,22.2,1781033876697817876
1781033876809672627,43,0,8,0,true,0.0011,0.0,9,8192,0.452,0.452,47.96,0.452,0,0,0.0375,0.0375,21.69,0.0,26.2,22.2,1781033876801877868
1781033876909958268,43,0,8,0,true,0.0011,0.0002,9,8192,0.451,0.451,47.96,0.451,0,0,0.0375,0.0375,21.64,0.0,26.2,22.2,1781033876888433962
1781033877010515536,43,0,8,0,true,0.0012,0.0,9,8192,0.452,0.452,47.96,0.452,0,0,0.0375,0.0375,21.69,0.0,26.2,22.2,1781033876987998419
1781033877112871942,43,0,8,0,true,0.0012,0.0001,9,8192,0.452,0.452,47.96,0.452,0,0,0.0375,0.0375,21.69,0.0,26.2,22.2,1781033877101956746
1781033877210058059,43,0,8,0,true,0.0012,0.0,9,8192,0.452,0.452,47.96,0.452,0,0,0.0375,0.0375,21.69,0.0,26.2,22.2,1781033877192222305
1781033877309973229,43,0,8,0,true,0.0012,0.0001,9,8192,0.452,0.452,47.96,0.452,0,0,0.0375,0.0375,21.69,0.0,26.2,22.2,1781033877292230266
1781033877410225232,43,0,8,0,true,0.0012,0.0003,9,8192,0.453,0.453,47.96,0.453,0,0,0.0376,0.0376,21.7,0.0,26.2,22.2,1781033877387787407
1781033877512893797,43,0,8,0,true,0.0012,0.0,9,8192,0.452,0.452,47.96,0.452,0,0,0.0375,0.0375,21.69,0.0,26.2,22.2,1781033877507960890
1781033877612900624,43,0,8,0,true,0.0012,0.0,9,8192,0.452,0.452,47.96,0.452,0,0,0.0375,0.0375,21.69,0.0,26.2,22.2,1781033877589954184
1781033877717006164,43,0,8,0,true,0.0012,0.0002,10,8192,0.452,0.452,47.96,0.452,0,0,0.0375,0.0375,21.66,0.0,26.2,22.2,1781033877699388520
1781033877819733828,43,0,8,0,true,0.0012,0.0002,10,8192,0.452,0.452,47.96,0.452,0,0,0.0375,0.0375,21.66,0.0,26.2,22.2,1781033877801646850
1781033877920897186,43,0,8,0,true,0.0012,0.0001,10,8192,0.452,0.452,47.96,0.452,0,0,0.0375,0.0375,21.67,0.0,26.2,22.2,1781033877909666408
1781033878017478347,43,0,8,0,true,0.0012,0.0,10,8192,0.453,0.453,47.96,0.453,0,0,0.0376,0.0376,21.7,0.0,26.2,22.2,1781033877997618640
1781033878120893892,43,0,8,0,true,0.0013,0.0,10,8192,0.452,0.452,47.96,0.452,0,0,0.0375,0.0375,21.69,0.0,26.3,22.3,1781033878104239720
1781033878220876174,43,0,8,0,true,0.0013,0.0002,10,8192,0.452,0.452,47.96,0.452,0,0,0.0375,0.0375,21.69,0.0,26.3,22.3,1781033878197885452
1781033878324851552,43,0,8,0,true,0.0013,0.0002,10,8192,0.452,0.452,47.96,0.452,0,0,0.0375,0.0375,21.69,0.0,26.3,22.3,1781033878313328026
1781033878425541895,43,0,8,0,true,0.0013,0.0002,10,8192,0.452,0.452,47.96,0.452,0,0,0.0375,0.0375,21.66,0.0,26.3,22.3,1781033878417734006
1781033878526507328,43,0,8,0,true,0.0013,0.0001,10,8192,0.452,0.452,47.96,0.452,0,0,0.0376,0.0376,21.7,0.0,26.3,22.3,1781033878524613326
1781033878626016987,43,0,8,0,true,0.0013,0.0002,10,8192,0.452,0.452,47.96,0.452,0,0,0.0376,0.0376,21.7,0.0,26.3,22.3,1781033878605389093
1781033878728860238,43,0,8,0,true,0.0013,0.0,10,8192,0.452,0.452,47.96,0.452,0,0,0.0375,0.0375,21.68,0.0,26.3,22.3,1781033878704059316
1781033878826912748,43,0,8,0,true,0.0013,0.0001,10,8192,0.452,0.452,47.96,0.452,0,0,0.0375,0.0375,21.69,0.0,26.3,22.3,1781033878797377579
1781033878928874180,43,0,8,0,true,0.0013,0.0001,10,8192,0.452,0.452,47.96,0.452,0,0,0.0375,0.0375,21.69,0.0,26.3,22.3,1781033878914338995
1781033879028865260,43,0,8,0,true,0.0014,0.0001,11,8192,0.452,0.452,47.96,0.452,0,0,0.0375,0.0375,21.69,0.0,26.3,22.3,1781033879022407430
1781033879128857572,43,0,8,0,true,0.0014,0.0002,11,8192,0.451,0.451,47.96,0.451,0,0,0.0374,0.0374,21.61,0.0,26.3,22.3,1781033879110461531
1781033879228870361,43,0,8,0,true,0.0014,0.0,11,8192,0.452,0.452,47.96,0.452,0,0,0.0375,0.0375,21.68,0.0,26.3,22.3,1781033879205733620
1781033879332864281,43,0,8,0,true,0.0014,0.0001,11,8192,0.452,0.452,47.96,0.452,0,0,0.0375,0.0375,21.68,0.0,26.3,22.3,1781033879321023284
1781033879437343730,43,0,8,0,true,0.0014,0.0002,11,8192,0.452,0.452,47.96,0.452,0,0,0.0376,0.0376,21.7,0.0,26.3,22.3,1781033879427034838
1781033879534174998,43,0,8,0,true,0.0014,0.0,11,8192,0.452,0.452,47.96,0.452,0,0,0.0375,0.0375,21.69,0.0,26.3,22.3,1781033879527642819
1781033879634257735,43,0,8,0,true,0.0014,0.0,11,8192,0.452,0.452,47.96,0.452,0,0,0.0375,0.0375,21.69,0.0,26.3,22.3,1781033879618141356
1781033879734495824,43,0,8,0,true,0.0014,0.0001,11,8192,0.452,0.452,47.96,0.452,0,0,0.0375,0.0375,21.67,0.0,26.3,22.3,1781033879718695539
1781033879834503380,43,0,8,0,true,0.0014,0.0001,11,8192,0.452,0.452,47.96,0.452,0,0,0.0375,0.0375,21.68,0.0,26.4,22.4,1781033879805949995
1781033879934387723,43,0,8,0,true,0.0014,0.0,11,8192,0.452,0.452,47.96,0.452,0,0,0.0375,0.0375,21.69,0.0,26.4,22.4,1781033879922484404
1781033880036984880,43,0,8,0,true,0.0014,0.0001,11,8192,0.452,0.452,47.96,0.452,0,0,0.0375,0.0375,21.68,0.0,26.4,22.4,1781033880010603050
1781033880137012114,43,0,8,0,true,0.0015,0.0002,11,8192,0.451,0.451,47.96,0.451,0,0,0.0374,0.0374,21.62,0.0,26.4,22.4,1781033880107873325
1781033880237178398,43,0,8,0,true,0.0015,0.0001,11,8192,0.452,0.452,47.96,0.452,0,0,0.0375,0.0375,21.66,0.0,26.4,22.4,1781033880213297857
1781033880338535105,43,0,8,0,true,0.0015,0.0,12,8192,0.452,0.452,47.96,0.452,0,0,0.0375,0.0375,21.67,0.0,26.4,22.4,1781033880337727149
1781033880440336168,43,0,8,0,true,0.0015,0.0001,12,8192,0.452,0.452,47.96,0.452,0,0,0.0375,0.0375,21.69,0.0,26.4,22.4,1781033880428060663
1781033880540502380,43,0,8,0,true,0.0015,0.0001,12,8192,0.452,0.452,47.96,0.452,0,0,0.0375,0.0375,21.66,0.0,26.4,22.4,1781033880533475734
1781033880640884462,43,0,8,0,true,0.0015,0.0,12,8192,0.452,0.452,47.96,0.452,0,0,0.0375,0.0375,21.68,0.0,26.4,22.4,1781033880634384555
1781033880740290306,43,0,8,0,true,0.0015,0.0,12,8192,0.452,0.452,47.96,0.452,0,0,0.0376,0.0376,21.7,0.0,26.4,22.4,1781033880727283912
1781033880839605824,43,0,8,0,true,0.0015,0.0,12,8192,0.452,0.452,47.96,0.452,0,0,0.0375,0.0375,21.69,0.0,26.4,22.4,1781033880821668531
1781033880941180597,43,0,8,0,true,0.0015,0.0,12,8192,0.452,0.452,47.96,0.452,0,0,0.0375,0.0375,21.69,0.0,26.4,22.4,1781033880921057673
1781033881039717926,43,0,8,0,true,0.0015,0.0002,12,8192,0.452,0.452,47.96,0.452,0,0,0.0375,0.0375,21.65,0.0,26.4,22.4,1781033881034884469
1781033881141046547,43,0,8,0,true,0.0015,0.0,12,8192,0.452,0.452,47.96,0.452,0,0,0.0376,0.0376,21.7,0.0,26.4,22.4,1781033881131995955
1781033881240878065,43,0,8,0,true,0.0015,0.0002,12,8192,0.451,0.451,47.96,0.451,0,0,0.0374,0.0374,21.63,0.0,26.4,22.4,1781033881223388493
1781033881340096911,43,0,8,0,true,0.0016,0.0,12,8192,0.452,0.452,47.96,0.452,0,0,0.0376,0.0376,21.7,0.0,26.4,22.4,1781033881316321671
1781033881440853909,43,0,8,0,true,0.0016,0.0,12,8192,0.452,0.452,47.96,0.452,0,0,0.0375,0.0375,21.69,0.0,26.4,22.4,1781033881437309495
1781033881539962861,43,0,8,0,true,0.0016,0.0,12,8192,0.452,0.452,47.96,0.452,0,0,0.0375,0.0375,21.69,0.0,26.4,22.4,1781033881532120213
1781033881639716871,43,0,8,0,true,0.0016,0.0003,13,8192,0.452,0.452,47.96,0.452,0,0,0.0375,0.0375,21.7,0.0,26.4,22.4,1781033881622594880
1781033881741615493,43,0,8,0,true,0.0016,0.0,13,8192,0.452,0.452,47.96,0.452,0,0,0.0375,0.0375,21.68,0.0,26.5,22.5,1781033881705968037
1781033881840075527,43,0,8,0,true,0.0016,0.0,13,8192,0.452,0.452,47.96,0.452,0,0,0.0375,0.0375,21.69,0.0,26.5,22.5,1781033881825243633
1781033881939801282,43,0,8,0,true,0.0016,0.0002,13,8192,0.452,0.452,47.96,0.452,0,0,0.0375,0.0375,21.65,0.0,26.5,22.5,1781033881931217285
1781033882040888895,43,0,8,0,true,0.0016,0.0001,13,8192,0.452,0.452,47.96,0.452,0,0,0.0375,0.0375,21.68,0.0,26.5,22.5,1781033882027269495
1781033882140198318,43,0,8,0,true,0.0016,0.0001,13,8192,0.452,0.452,47.96,0.452,0,0,0.0375,0.0375,21.68,0.0,26.5,22.5,1781033882122541876
1781033882239564688,43,0,8,0,true,0.0016,0.0001,13,8192,0.452,0.452,47.96,0.452,0,0,0.0375,0.0375,21.69,0.0,26.5,22.5,1781033882214352186
1781033882340197196,43,0,8,0,true,0.0017,0.0001,13,8192,0.452,0.452,47.96,0.452,0,0,0.0375,0.0375,21.66,0.0,26.5,22.5,1781033882326001742
1781033882439748763,43,0,8,0,true,0.0017,0.0001,13,8192,0.452,0.452,47.96,0.452,0,0,0.0375,0.0375,21.66,0.0,26.5,22.5,1781033882434319571
1781033882540464958,43,0,8,0,true,0.0017,0.0001,13,8192,0.452,0.452,47.96,0.452,0,0,0.0375,0.0375,21.66,0.0,26.5,22.5,1781033882535837448
1781033882639502436,43,0,8,0,true,0.0017,0.0001,13,8192,0.452,0.452,47.96,0.452,0,0,0.0375,0.0375,21.68,0.0,26.5,22.5,1781033882632052330
1781033882744865400,43,0,8,0,true,0.0017,0.0002,13,8192,0.451,0.451,47.96,0.451,0,0,0.0374,0.0374,21.61,0.0,26.5,22.5,1781033882727473449
1781033882848917749,43,0,8,0,true,0.0017,0.0001,13,8192,0.452,0.452,47.96,0.452,0,0,0.0375,0.0375,21.69,0.0,26.5,22.5,1781033882838495306
1781033882945693031,43,0,8,0,true,0.0017,0.0003,14,8192,0.452,0.452,47.96,0.452,0,0,0.0375,0.0375,21.69,0.0,26.5,22.5,1781033882914428187
1781033883048873670,43,0,8,0,true,0.0017,0.0001,14,8192,0.452,0.452,47.96,0.452,0,0,0.0375,0.0375,21.68,0.0,26.5,22.5,1781033883038070428
1781033883146460058,43,0,8,0,true,0.0017,0.0002,14,8192,0.45,0.45,47.96,0.45,0,0,0.0374,0.0374,21.59,0.0,26.5,22.5,1781033883135794933
1781033883245524129,43,0,8,0,true,0.0017,0.0001,14,8192,0.452,0.452,47.96,0.452,0,0,0.0375,0.0375,21.65,0.0,26.5,22.5,1781033883228818885
1781033883348121419,43,0,8,0,true,0.0018,0.0002,14,8192,0.451,0.451,47.96,0.451,0,0,0.0375,0.0375,21.65,0.0,26.5,22.5,1781033883333737222
1781033883452874544,43,0,8,0,true,0.0018,0.0,14,8192,0.452,0.452,47.96,0.452,0,0,0.0375,0.0375,21.67,0.0,26.5,22.5,1781033883431197616
1781033883554280363,43,0,8,0,true,0.0018,0.0002,14,8192,0.452,0.452,47.96,0.452,0,0,0.0375,0.0375,21.68,0.0,26.5,22.5,1781033883551799968
1781033883653535587,43,0,8,0,true,0.0018,0.0002,14,8192,0.451,0.451,47.96,0.451,0,0,0.0375,0.0375,21.65,0.0,26.5,22.5,1781033883651185396
1781033883756902172,43,0,8,0,true,0.0018,0.0002,14,8192,0.451,0.451,47.96,0.451,0,0,0.0374,0.0374,21.61,0.0,26.5,22.5,1781033883737744842
1781033883854285468,43,0,8,0,true,0.0018,0.0001,14,8192,0.452,0.452,47.96,0.452,0,0,0.0375,0.0375,21.69,0.0,26.6,22.6,1781033883836621703
1781033883953704608,43,0,8,0,true,0.0018,0.0001,14,8192,0.451,0.451,47.96,0.451,0,0,0.0375,0.0375,21.65,0.0,26.6,22.6,1781033883940109262
1781033884054133171,43,0,8,0,true,0.0018,0.0001,14,8192,0.452,0.452,47.96,0.452,0,0,0.0375,0.0375,21.66,0.0,26.6,22.6,1781033884034052558
1781033884153613751,43,0,8,0,true,0.0018,0.0002,15,8192,0.45,0.45,47.96,0.45,0,0,0.0374,0.0374,21.6,0.0,26.6,22.6,1781033884123664730
1781033884257526588,43,0,8,0,true,0.0018,0.0,15,8192,0.452,0.452,47.96,0.452,0,0,0.0375,0.0375,21.66,0.0,26.6,22.6,1781033884238178388
1781033884354526527,43,0,8,0,true,0.0019,0.0002,15,8192,0.451,0.451,47.96,0.451,0,0,0.0375,0.0375,21.65,0.0,26.6,22.6,1781033884335838842
1781033884454260660,43,0,8,0,true,0.0019,0.0001,15,8192,0.452,0.452,47.96,0.452,0,0,0.0375,0.0375,21.65,0.0,26.6,22.6,1781033884441941292
1781033884557001802,43,0,8,0,true,0.0019,0.0001,15,8192,0.452,0.452,47.96,0.452,0,0,0.0375,0.0375,21.67,0.0,26.6,22.6,1781033884544312264
1781033884657015122,43,0,8,0,true,0.0019,0.0001,15,8192,0.451,0.451,47.96,0.451,0,0,0.0375,0.0375,21.65,0.0,26.6,22.6,1781033884644860181
1781033884753874275,43,0,8,0,true,0.0019,0.0,15,8192,0.452,0.452,47.96,0.452,0,0,0.0375,0.0375,21.68,0.0,26.6,22.6,1781033884721591229
1781033884856991275,43,0,8,0,true,0.0019,0.0002,15,8192,0.45,0.45,47.96,0.45,0,0,0.0374,0.0374,21.6,0.0,26.6,22.6,1781033884847284601
1781033884961136095,43,0,8,0,true,0.0019,0.0,15,8192,0.452,0.452,47.96,0.452,0,0,0.0375,0.0375,21.69,0.0,26.6,22.6,1781033884930143063
1781033885062158535,43,0,8,0,true,0.0019,0.0001,15,8192,0.451,0.451,47.96,0.451,0,0,0.0375,0.0375,21.65,0.0,26.6,22.6,1781033885053713030
1781033885164862853,43,0,8,0,true,0.0019,0.0,15,8192,0.452,0.452,47.96,0.452,0,0,0.0375,0.0375,21.67,0.0,26.6,22.6,1781033885149903749
1781033885261968550,43,0,8,0,true,0.002,0.0001,16,8192,0.452,0.452,47.96,0.452,0,0,0.0375,0.0375,21.67,0.0,26.6,22.6,1781033885261629371
1781033885361461169,43,0,8,0,true,0.002,0.0001,16,8192,0.452,0.452,47.96,0.452,0,0,0.0375,0.0375,21.67,0.0,26.6,22.6,1781033885341876380
1781033885461670842,43,0,8,0,true,0.002,0.0,16,8192,0.452,0.452,47.96,0.452,0,0,0.0375,0.0375,21.69,0.0,26.6,22.6,1781033885446904148
1781033885562665124,43,0,8,0,true,0.002,0.0001,16,8192,0.452,0.452,47.96,0.452,0,0,0.0375,0.0375,21.67,0.0,26.6,22.6,1781033885561937740
1781033885662484758,43,0,8,0,true,0.002,0.0,16,8192,0.452,0.452,47.96,0.452,0,0,0.0375,0.0375,21.68,0.0,26.6,22.6,1781033885639737542
1781033885764848494,43,0,8,0,true,0.002,0.0001,16,8192,0.452,0.452,47.96,0.452,0,0,0.0375,0.0375,21.67,0.0,26.6,22.6,1781033885752432667
1781033885863169979,43,0,8,0,true,0.002,0.0002,16,8192,0.451,0.451,47.96,0.451,0,0,0.0375,0.0375,21.64,0.0,26.6,22.6,1781033885831914194
1781033885964016461,43,0,8,0,true,0.002,0.0003,16,8192,0.452,0.452,47.96,0.452,0,0,0.0375,0.0375,21.68,0.0,26.6,22.6,1781033885933186954
1781033886061999574,43,0,8,0,true,0.002,0.0,16,8192,0.452,0.452,47.96,0.452,0,0,0.0375,0.0375,21.67,0.0,26.6,22.6,1781033886049157718
1781033886164844726,43,0,8,0,true,0.0021,0.0001,16,8192,0.451,0.451,47.96,0.451,0,0,0.0375,0.0375,21.65,0.0,26.6,22.6,1781033886138190621
1781033886261854502,43,0,8,0,true,0.0021,0.0001,16,8192,0.452,0.452,47.96,0.452,0,0,0.0375,0.0375,21.67,0.0,26.7,22.7,1781033886253843343
1781033886363385562,43,0,8,0,true,0.0021,0.0,17,8192,0.452,0.452,47.96,0.452,0,0,0.0375,0.0375,21.68,0.0,26.7,22.7,1781033886343125063
1781033886461925459,43,0,8,0,true,0.0021,0.0003,17,8192,0.452,0.452,47.96,0.452,0,0,0.0375,0.0375,21.67,0.0,26.7,22.7,1781033886457881095
1781033886562090009,43,0,8,0,true,0.0021,0.0002,17,8192,0.451,0.451,47.96,0.451,0,0,0.0374,0.0374,21.61,0.0,26.7,22.7,1781033886534891720
1781033886664872378,43,0,8,0,true,0.0021,0.0003,17,8192,0.452,0.452,47.96,0.452,0,0,0.0375,0.0375,21.68,0.0,26.7,22.7,1781033886650757916
1781033886762087168,43,0,8,0,true,0.0021,0.0002,17,8192,0.45,0.45,47.96,0.45,0,0,0.0374,0.0374,21.6,0.0,26.7,22.7,1781033886736686742
1781033886862161101,43,0,8,0,true,0.0021,0.0001,17,8192,0.452,0.452,47.96,0.452,0,0,0.0375,0.0375,21.67,0.0,26.7,22.7,1781033886846846384
1781033886962068255,43,0,8,0,true,0.0021,0.0,17,8192,0.452,0.452,47.96,0.452,0,0,0.0375,0.0375,21.68,0.0,26.7,22.7,1781033886949835785
1781033887062395559,43,0,8,0,true,0.0022,0.0002,17,8192,0.451,0.451,47.96,0.451,0,0,0.0375,0.0375,21.64,0.0,26.7,22.7,1781033887057673859
1781033887162315307,43,0,8,0,true,0.0022,0.0002,17,8192,0.452,0.452,47.96,0.452,0,0,0.0375,0.0375,21.68,0.0,26.7,22.7,1781033887141640505
1781033887264862519,43,0,8,0,true,0.0022,0.0,17,8192,0.452,0.452,47.96,0.452,0,0,0.0375,0.0375,21.67,0.0,26.7,22.7,1781033887253341810
1781033887363081721,43,0,8,0,true,0.0022,0.0004,17,8192,0.452,0.452,47.96,0.452,0,0,0.0375,0.0375,21.68,0.0,26.7,22.7,1781033887358000166
1781033887462113843,43,0,8,0,true,0.0022,0.0001,17,8192,0.452,0.452,47.96,0.452,0,0,0.0375,0.0375,21.67,0.0,26.7,22.7,1781033887439988578
1781033887562063827,43,0,8,0,true,0.0022,0.0001,18,8192,0.452,0.452,47.96,0.452,0,0,0.0375,0.0375,21.66,0.0,26.7,22.7,1781033887545981712
1781033887662073572,43,0,8,0,true,0.0022,0.0002,18,8192,0.451,0.451,47.96,0.451,0,0,0.0374,0.0374,21.62,0.0,26.7,22.7,1781033887650623595
1781033887762126843,43,0,8,0,true,0.0022,0.0001,18,8192,0.451,0.451,47.95,0.451,0,0,0.0375,0.0375,21.65,0.0,26.7,22.7,1781033887760078473
1781033887863190677,43,0,8,0,true,0.0022,0.0001,18,8192,0.452,0.452,47.96,0.452,0,0,0.0375,0.0375,21.65,0.0,26.7,22.7,1781033887846471254
1781033887964856412,43,0,8,0,true,0.0022,0.0,18,8192,0.452,0.452,47.96,0.452,0,0,0.0375,0.0375,21.67,0.0,26.7,22.7,1781033887953863823
1781033888061805498,43,0,8,0,true,0.0023,0.0,18,8192,0.452,0.452,47.95,0.452,0,0,0.0375,0.0375,21.66,0.0,26.7,22.7,1781033888060381182
1781033888161448956,43,0,8,0,true,0.0023,0.0002,18,8192,0.45,0.45,47.95,0.45,0,0,0.0374,0.0374,21.59,0.0,26.7,22.7,1781033888142971264
1781033888264834171,43,0,8,0,true,0.0023,0.0001,18,8192,0.451,0.451,47.95,0.451,0,0,0.0375,0.0375,21.64,0.0,26.7,22.7,1781033888244226636
1781033888362402153,43,0,8,0,true,0.0023,0.0001,18,8192,0.452,0.452,47.95,0.452,0,0,0.0375,0.0375,21.66,0.0,26.7,22.7,1781033888345370452
1781033888463947708,43,0,8,0,true,0.0023,0.0001,18,8192,0.452,0.452,47.95,0.452,0,0,0.0375,0.0375,21.67,0.0,26.7,22.7,1781033888449626983
1781033888562399922,43,0,8,0,true,0.0023,0.0001,18,8192,0.452,0.452,47.95,0.452,0,0,0.0375,0.0375,21.67,0.0,26.7,22.7,1781033888558653325
1781033888662046812,43,0,8,0,true,0.0023,0.0001,18,8192,0.452,0.452,47.95,0.452,0,0,0.0375,0.0375,21.66,0.0,26.7,22.7,1781033888650486198
1781033888764857103,43,0,8,0,true,0.0023,0.0001,19,8192,0.451,0.451,47.95,0.451,0,0,0.0375,0.0375,21.65,0.0,26.7,22.7,1781033888757382321
1781033888862244229,43,0,8,0,true,0.0023,0.0001,19,8192,0.452,0.452,47.95,0.452,0,0,0.0375,0.0375,21.66,0.0,26.8,22.8,1781033888854493083
1781033888964863101,43,0,8,0,true,0.0024,0.0002,19,8192,0.451,0.451,47.95,0.451,0,0,0.0375,0.0375,21.64,0.0,26.8,22.8,1781033888954661567
1781033889063020707,43,0,8,0,true,0.0024,0.0002,19,8192,0.45,0.45,47.95,0.45,0,0,0.0374,0.0374,21.6,0.0,26.8,22.8,1781033889047004798
1781033889161867020,43,0,8,0,true,0.0024,0.0001,19,8192,0.451,0.451,47.95,0.451,0,0,0.0375,0.0375,21.64,0.0,26.8,22.8,1781033889156250222
1781033889261489211,43,0,8,0,true,0.0024,0.0001,19,8192,0.452,0.452,47.95,0.452,0,0,0.0375,0.0375,21.67,0.0,26.8,22.8,1781033889230240546
1781033889362799946,43,0,8,0,true,0.0024,0.0002,19,8192,0.451,0.451,47.95,0.451,0,0,0.0374,0.0374,21.62,0.0,26.8,22.8,1781033889349760181
1781033889461789212,43,0,8,0,true,0.0024,0.0001,19,8192,0.452,0.452,47.95,0.452,0,0,0.0375,0.0375,21.66,0.0,26.8,22.8,1781033889448150276
1781033889568872119,43,0,8,0,true,0.0024,0.0003,19,8192,0.452,0.452,47.95,0.452,0,0,0.0375,0.0375,21.68,0.0,26.8,22.8,1781033889549566358
1781033889670086147,43,0,8,0,true,0.0024,0.0,20,8192,0.452,0.452,47.95,0.452,0,0,0.0375,0.0375,21.67,0.0,26.8,22.8,1781033889663488440
1781033889770508755,43,0,8,0,true,0.0025,0.0002,20,8192,0.451,0.451,47.95,0.451,0,0,0.0374,0.0374,21.63,0.0,26.8,22.8,1781033889730060786
1781033889872579468,43,0,8,0,true,0.0025,0.0001,20,8192,0.452,0.452,47.95,0.452,0,0,0.0375,0.0375,21.66,0.0,26.8,22.8,1781033889840195670
1781033889970185851,43,0,8,0,true,0.0025,0.0002,20,8192,0.45,0.45,47.95,0.45,0,0,0.0374,0.0374,21.58,0.0,26.8,22.8,1781033889949366747
1781033890072856794,43,0,8,0,true,0.0025,0.0002,20,8192,0.45,0.45,47.95,0.45,0,0,0.0374,0.0374,21.59,0.0,26.8,22.8,1781033890058730909
1781033890170379336,43,0,8,0,true,0.0025,0.0001,20,8192,0.452,0.452,47.95,0.452,0,0,0.0375,0.0375,21.66,0.0,26.8,22.8,1781033890166503337
1781033890272857603,43,0,8,0,true,0.0025,0.0001,20,8192,0.452,0.452,47.95,0.452,0,0,0.0375,0.0375,21.66,0.0,26.8,22.8,1781033890255717354
1781033890370398197,43,0,8,0,true,0.0025,0.0001,20,8192,0.451,0.451,47.95,0.451,0,0,0.0375,0.0375,21.64,0.0,26.8,22.8,1781033890359073812
1781033890470384422,43,0,8,0,true,0.0025,0.0001,20,8192,0.451,0.451,47.95,0.451,0,0,0.0375,0.0375,21.64,0.0,26.8,22.8,1781033890469028567
1781033890569697356,43,0,8,0,true,0.0025,0.0001,20,8192,0.451,0.451,47.95,0.451,0,0,0.0375,0.0375,21.64,0.0,26.8,22.8,1781033890554545799
1781033890672866637,43,0,8,0,true,0.0026,0.0001,20,8192,0.452,0.452,47.95,0.452,0,0,0.0375,0.0375,21.66,0.0,26.8,22.8,1781033890652861376
1781033890777015904,43,0,8,0,true,0.0026,0.0003,21,8192,0.452,0.452,47.95,0.452,0,0,0.0375,0.0375,21.67,0.0,26.8,22.8,1781033890759329159
1781033890880885060,43,0,8,0,true,0.0026,0.0001,21,8192,0.451,0.451,47.95,0.451,0,0,0.0375,0.0375,21.64,0.0,26.8,22.8,1781033890869915873
1781033890977871665,43,0,8,0,true,0.0026,0.0001,21,8192,0.452,0.452,47.95,0.452,0,0,0.0375,0.0375,21.66,0.0,26.8,22.8,1781033890970149892
1781033891077605355,43,0,8,0,true,0.0026,0.0001,21,8192,0.452,0.452,47.95,0.452,0,0,0.0375,0.0375,21.67,0.0,26.8,22.8,1781033891065992542
1781033891178361336,43,0,8,0,true,0.0026,0.0,21,8192,0.452,0.452,47.95,0.452,0,0,0.0375,0.0375,21.67,0.0,26.8,22.8,1781033891175245703
1781033891278112197,43,0,8,0,true,0.0026,0.0002,21,8192,0.452,0.452,47.95,0.452,0,0,0.0375,0.0375,21.67,0.0,26.8,22.8,1781033891263945957
1781033891377456522,43,0,8,0,true,0.0026,0.0001,21,8192,0.452,0.452,47.95,0.452,0,0,0.0375,0.0375,21.67,0.0,26.8,22.8,1781033891351274570
1781033891478439710,43,0,8,0,true,0.0026,0.0001,21,8192,0.452,0.452,47.95,0.452,0,0,0.0375,0.0375,21.66,0.0,26.8,22.8,1781033891470556693
1781033891577435412,43,0,8,0,true,0.0027,0.0,21,8192,0.452,0.452,47.95,0.452,0,0,0.0375,0.0375,21.67,0.0,26.8,22.8,1781033891556384854
1781033891680879952,43,0,8,0,true,0.0027,0.0002,21,8192,0.451,0.451,47.95,0.451,0,0,0.0375,0.0375,21.64,0.0,26.8,22.8,1781033891669672341
1781033891780937917,43,0,8,0,true,0.0027,0.0,21,8192,0.452,0.452,47.95,0.452,0,0,0.0375,0.0375,21.68,0.0,26.8,22.8,1781033891764621676
1781033891878119473,43,0,8,0,true,0.0027,0.0001,21,8192,0.452,0.452,47.95,0.452,0,0,0.0375,0.0375,21.66,0.0,26.8,22.8,1781033891876624066
1781033891978462792,43,0,8,0,true,0.0027,0.0001,21,8192,0.451,0.451,47.95,0.451,0,0,0.0375,0.0375,21.65,0.0,26.9,22.9,1781033891976712132
1781033892078318866,43,0,8,0,true,0.0027,0.0001,22,8192,0.452,0.452,47.95,0.452,0,0,0.0375,0.0375,21.67,0.0,26.9,22.9,1781033892051038449
1781033892180882488,43,0,8,0,true,0.0027,0.0003,22,8192,0.452,0.452,47.95,0.452,0,0,0.0375,0.0375,21.68,0.0,26.9,22.9,1781033892169619140
1781033892284864951,43,0,8,0,true,0.0027,0.0001,22,8192,0.452,0.452,47.95,0.452,0,0,0.0375,0.0375,21.67,0.0,26.9,22.9,1781033892274363258
1781033892388866437,43,0,8,0,true,0.0027,0.0001,22,8192,0.451,0.451,47.95,0.451,0,0,0.0375,0.0375,21.65,0.0,26.9,22.9,1781033892381163971
1781033892486163420,43,0,8,0,true,0.0027,0.0001,22,8192,0.452,0.452,47.95,0.452,0,0,0.0375,0.0375,21.67,0.0,26.9,22.9,1781033892464449552
1781033892586264270,43,0,8,0,true,0.0027,0.0001,22,8192,0.451,0.451,47.95,0.451,0,0,0.0375,0.0375,21.65,0.0,26.9,22.9,1781033892576400017
1781033892686135983,43,0,8,0,true,0.0028,0.0,22,8192,0.452,0.452,47.95,0.452,0,0,0.0375,0.0375,21.66,0.0,26.9,22.9,1781033892670268003
1781033892785638748,43,0,8,0,true,0.0028,0.0001,22,8192,0.452,0.452,47.95,0.452,0,0,0.0375,0.0375,21.67,0.0,26.9,22.9,1781033892777046625
1781033892887807707,43,0,8,0,true,0.0028,0.0001,22,8192,0.452,0.452,47.95,0.452,0,0,0.0375,0.0375,21.66,0.0,26.9,22.9,1781033892877587261
1781033892985617133,43,0,8,0,true,0.0028,0.0001,22,8192,0.452,0.452,47.95,0.452,0,0,0.0375,0.0375,21.68,0.0,26.9,22.9,1781033892979871780
1781033893085595758,43,0,8,0,true,0.0028,0.0,22,8192,0.452,0.452,47.95,0.452,0,0,0.0375,0.0375,21.67,0.0,26.9,22.9,1781033893061669896
1781033893186137679,43,0,8,0,true,0.0028,0.0001,22,8192,0.452,0.452,47.95,0.452,0,0,0.0375,0.0375,21.66,0.0,26.9,22.9,1781033893162811531
1781033893286185660,43,0,8,0,true,0.0028,0.0002,23,8192,0.45,0.45,47.95,0.45,0,0,0.0374,0.0374,21.59,0.0,26.9,22.9,1781033893277227846
1781033893388490450,43,0,8,0,true,0.0028,0.0001,23,8192,0.452,0.452,47.95,0.452,0,0,0.0375,0.0375,21.67,0.0,26.9,22.9,1781033893354515042
1781033893485893562,43,0,8,0,true,0.0028,0.0001,23,8192,0.451,0.451,47.95,0.451,0,0,0.0375,0.0375,21.64,0.0,26.9,22.9,1781033893479187814
1781033893588858418,43,0,8,0,true,0.0028,0.0001,23,8192,0.452,0.452,47.95,0.452,0,0,0.0375,0.0375,21.66,0.0,26.9,22.9,1781033893569549511
1781033893686917170,43,0,8,0,true,0.0028,0.0001,23,8192,0.452,0.452,47.95,0.452,0,0,0.0375,0.0375,21.66,0.0,26.9,22.9,1781033893655642137
1781033893786281633,43,0,8,0,true,0.0028,0.0002,23,8192,0.452,0.452,47.95,0.452,0,0,0.0375,0.0375,21.67,0.0,26.9,22.9,1781033893783805030
1781033893887676588,43,0,8,0,true,0.0029,0.0001,23,8192,0.451,0.451,47.95,0.451,0,0,0.0375,0.0375,21.64,0.0,26.9,22.9,1781033893868175734
1781033893988850057,43,0,8,0,true,0.0029,0.0001,23,8192,0.452,0.452,47.95,0.452,0,0,0.0375,0.0375,21.67,0.0,26.9,22.9,1781033893982481220
1781033894092859536,43,0,8,0,true,0.0029,0.0002,23,8192,0.451,0.451,47.95,0.451,0,0,0.0374,0.0374,21.61,0.0,26.9,22.9,1781033894061513448
1781033894194504381,43,0,8,0,true,0.0029,0.0002,23,8192,0.45,0.45,47.95,0.45,0,0,0.0374,0.0374,21.6,0.0,26.9,22.9,1781033894172478845
1781033894294265920,43,0,8,0,true,0.0029,0.0002,23,8192,0.452,0.452,47.95,0.452,0,0,0.0375,0.0375,21.66,0.0,26.9,22.9,1781033894268820496
1781033894394496236,43,0,8,0,true,0.0029,0.0001,23,8192,0.451,0.451,47.95,0.451,0,0,0.0375,0.0375,21.64,0.0,26.9,22.9,1781033894384057722
1781033894493980582,43,0,8,0,true,0.0029,0.0002,23,8192,0.451,0.451,47.95,0.451,0,0,0.0374,0.0374,21.63,0.0,26.9,22.9,1781033894487467048
1781033894593497433,43,0,8,0,true,0.0029,0.0001,23,8192,0.452,0.452,47.95,0.452,0,0,0.0375,0.0375,21.66,0.0,26.9,22.9,1781033894593211098
1781033894693715281,43,0,8,0,true,0.0029,0.0,23,8192,0.452,0.452,47.95,0.452,0,0,0.0375,0.0375,21.65,0.0,26.9,22.9,1781033894685626060
1781033894793910851,43,0,8,0,true,0.0029,0.0001,23,8192,0.451,0.451,47.95,0.451,0,0,0.0375,0.0375,21.64,0.0,26.9,22.9,1781033894756988783
1781033894894091015,43,0,8,0,true,0.0029,0.0001,24,8192,0.452,0.452,47.95,0.452,0,0,0.0375,0.0375,21.66,0.0,26.9,22.9,1781033894874173664
1781033894994295905,43,0,8,0,true,0.0029,0.0,24,8192,0.452,0.452,47.95,0.452,0,0,0.0375,0.0375,21.66,0.0,26.9,22.9,1781033894984526667
1781033895093651439,43,0,8,0,true,0.0029,0.0,24,8192,0.452,0.452,47.95,0.452,0,0,0.0375,0.0375,21.66,0.0,26.9,22.9,1781033895092205702
1781033895193931106,43,0,8,0,true,0.003,0.0001,24,8192,0.451,0.451,47.95,0.451,0,0,0.0374,0.0374,21.64,0.0,26.9,22.9,1781033895191408613
1781033895297072028,43,0,8,0,true,0.003,0.0,24,8192,0.451,0.451,47.95,0.451,0,0,0.0375,0.0375,21.64,0.0,26.9,22.9,1781033895264055977
1781033895394338071,43,0,8,0,true,0.003,0.0002,24,8192,0.451,0.451,47.95,0.451,0,0,0.0374,0.0374,21.62,0.0,26.9,22.9,1781033895374338013
1781033895496969461,43,0,8,0,true,0.003,0.0,24,8192,0.451,0.451,47.95,0.451,0,0,0.0375,0.0375,21.65,0.0,26.9,22.9,1781033895477341660
1781033895594241082,43,0,8,0,true,0.003,0.0001,24,8192,0.452,0.452,47.95,0.452,0,0,0.0375,0.0375,21.67,0.0,26.9,22.9,1781033895590670374
1781033895693642603,43,0,8,0,true,0.003,0.0,24,8192,0.451,0.451,47.95,0.451,0,0,0.0375,0.0375,21.65,0.0,27.0,23.0,1781033895686378740
1781033895793945997,43,0,8,0,true,0.003,0.0001,24,8192,0.451,0.451,47.95,0.451,0,0,0.0374,0.0374,21.63,0.0,27.0,23.0,1781033895786628536
1781033895896988858,43,0,8,0,true,0.003,0.0001,24,8192,0.452,0.452,47.95,0.452,0,0,0.0375,0.0375,21.66,0.0,27.0,23.0,1781033895877673194
1781033895996905679,43,0,8,0,true,0.003,0.0001,24,8192,0.451,0.451,47.95,0.451,0,0,0.0375,0.0375,21.65,0.0,27.0,23.0,1781033895986276741
1781033896094022231,43,0,8,0,true,0.003,0.0,24,8192,0.451,0.451,47.95,0.451,0,0,0.0375,0.0375,21.64,0.0,27.0,23.0,1781033896070426307
1781033896196742460,43,0,8,0,true,0.003,0.0,24,8192,0.451,0.451,47.95,0.451,0,0,0.0375,0.0375,21.64,0.0,27.0,23.0,1781033896182031975
1781033896296961605,43,0,8,0,true,0.003,0.0003,24,8192,0.452,0.452,47.95,0.452,0,0,0.0375,0.0375,21.66,0.0,27.0,23.0,1781033896280451653
1781033896394101009,43,0,8,0,true,0.003,0.0,24,8192,0.451,0.451,47.95,0.451,0,0,0.0375,0.0375,21.65,0.0,27.0,23.0,1781033896389485666
1781033896493972187,43,0,8,0,true,0.0031,0.0002,25,8192,0.45,0.45,47.95,0.45,0,0,0.0373,0.0373,21.57,0.0,27.0,23.0,1781033896488003540
1781033896593585623,43,0,8,0,true,0.0031,0.0,25,8192,0.452,0.452,47.95,0.452,0,0,0.0375,0.0375,21.66,0.0,27.0,23.0,1781033896581070001
1781033896694457663,43,0,8,0,true,0.0031,0.0,25,8192,0.451,0.451,47.95,0.451,0,0,0.0375,0.0375,21.64,0.0,27.0,23.0,1781033896684094459
1781033896794151466,43,0,8,0,true,0.0031,0.0001,25,8192,0.452,0.452,47.95,0.452,0,0,0.0375,0.0375,21.66,0.0,27.0,23.0,1781033896773389693
1781033896894100656,43,0,8,0,true,0.0031,0.0001,25,8192,0.451,0.451,47.95,0.451,0,0,0.0374,0.0374,21.62,0.0,27.0,23.0,1781033896874464757
1781033896994164129,43,0,8,0,true,0.0031,0.0,25,8192,0.451,0.451,47.95,0.451,0,0,0.0375,0.0375,21.64,0.0,27.0,23.0,1781033896991519635
1781033897094089072,43,0,8,0,true,0.0031,0.0,25,8192,0.452,0.452,47.95,0.452,0,0,0.0375,0.0375,21.65,0.0,27.0,23.0,1781033897092279937
1781033897193704506,43,0,8,0,true,0.0031,0.0,25,8192,0.452,0.452,47.95,0.452,0,0,0.0375,0.0375,21.65,0.0,27.0,23.0,1781033897191263855
1781033897293903056,43,0,8,0,true,0.0031,0.0,25,8192,0.452,0.452,47.95,0.452,0,0,0.0375,0.0375,21.65,0.0,27.0,23.0,1781033897277346753
1781033897396997878,43,0,8,0,true,0.0031,0.0001,25,8192,0.451,0.451,47.95,0.451,0,0,0.0374,0.0374,21.62,0.0,27.0,23.0,1781033897392182579
1781033897496915170,43,0,8,0,true,0.0031,0.0001,25,8192,0.451,0.451,47.95,0.451,0,0,0.0375,0.0375,21.64,0.0,27.0,23.0,1781033897486737250
1781033897593824437,43,0,8,0,true,0.0031,0.0001,25,8192,0.451,0.451,47.95,0.451,0,0,0.0374,0.0374,21.62,0.0,27.0,23.0,1781033897565274079
1781033897694512702,43,0,8,0,true,0.0031,0.0001,25,8192,0.452,0.452,47.95,0.452,0,0,0.0375,0.0375,21.66,0.0,27.0,23.0,1781033897681417009
1781033897796970798,43,0,8,0,true,0.0032,0.0001,25,8192,0.451,0.451,47.95,0.451,0,0,0.0375,0.0375,21.64,0.0,27.0,23.0,1781033897784552098
1781033897893615316,43,0,8,0,true,0.0032,0.0001,25,8192,0.451,0.451,47.95,0.451,0,0,0.0375,0.0375,21.64,0.0,27.0,23.0,1781033897859715886
1781033897994345517,43,0,8,0,true,0.0032,0.0001,26,8192,0.451,0.451,47.95,0.451,0,0,0.0374,0.0374,21.63,0.0,27.0,23.0,1781033897986975999
1781033898094353252,43,0,8,0,true,0.0032,0.0002,26,8192,0.45,0.45,47.95,0.45,0,0,0.0373,0.0373,21.57,0.0,27.0,23.0,1781033898092027088
1781033898195629178,43,0,8,0,true,0.0032,0.0001,26,8192,0.451,0.451,47.95,0.451,0,0,0.0374,0.0374,21.64,0.0,27.0,23.0,1781033898182335382
1781033898296900940,43,0,8,0,true,0.0032,0.0001,26,8192,0.451,0.451,47.95,0.451,0,0,0.0374,0.0374,21.62,0.0,27.0,23.0,1781033898287047374
1781033898397565141,43,0,8,0,true,0.0032,0.0001,26,8192,0.451,0.451,47.95,0.451,0,0,0.0374,0.0374,21.62,0.0,27.0,23.0,1781033898396544935
1781033898497174921,43,0,8,0,true,0.0032,0.0001,26,8192,0.451,0.451,47.95,0.451,0,0,0.0374,0.0374,21.62,0.0,27.0,23.0,1781033898464237738
1781033898594335568,43,0,8,0,true,0.0032,0.0001,26,8192,0.451,0.451,47.95,0.451,0,0,0.0374,0.0374,21.62,0.0,27.0,23.0,1781033898585573873
1781033898696987082,43,0,8,0,true,0.0033,0.0,26,8192,0.451,0.451,47.95,0.451,0,0,0.0375,0.0375,21.64,0.0,27.0,23.0,1781033898679152319
1781033898793828659,43,0,8,0,true,0.0033,0.0002,26,8192,0.45,0.45,47.95,0.45,0,0,0.0374,0.0374,21.58,0.0,27.0,23.0,1781033898781597884
1781033898895336444,43,0,8,0,true,0.0033,0.0001,26,8192,0.451,0.451,47.95,0.451,0,0,0.0374,0.0374,21.62,0.0,27.0,23.0,1781033898879905921
1781033898993774873,43,0,8,0,true,0.0033,0.0,26,8192,0.451,0.451,47.95,0.451,0,0,0.0374,0.0374,21.63,0.0,27.0,23.0,1781033898985146008
1781033899093742554,43,0,8,0,true,0.0033,0.0001,26,8192,0.451,0.451,47.95,0.451,0,0,0.0374,0.0374,21.62,0.0,27.0,23.0,1781033899086065644
1781033899196980787,43,0,8,0,true,0.0033,0.0001,27,8192,0.451,0.451,47.95,0.451,0,0,0.0375,0.0375,21.64,0.0,27.0,23.0,1781033899186560142
1781033899294285398,43,0,8,0,true,0.0033,0.0,27,8192,0.452,0.452,47.95,0.452,0,0,0.0375,0.0375,21.65,0.0,27.0,23.0,1781033899287378963
1781033899394305349,43,0,8,0,true,0.0033,0.0002,27,8192,0.451,0.451,47.95,0.451,0,0,0.0374,0.0374,21.61,0.0,27.0,23.0,1781033899373532584
1781033899496904536,43,0,8,0,true,0.0033,0.0,27,8192,0.451,0.451,47.95,0.451,0,0,0.0375,0.0375,21.64,0.0,27.0,23.0,1781033899479398115
1781033899596981256,43,0,8,0,true,0.0033,0.0,27,8192,0.451,0.451,47.95,0.451,0,0,0.0374,0.0374,21.63,0.0,27.0,23.0,1781033899585404192
1781033899693516449,43,0,8,0,true,0.0034,0.0001,27,8192,0.451,0.451,47.95,0.451,0,0,0.0374,0.0374,21.64,0.0,27.0,23.0,1781033899684080195
1781033899793604140,43,0,8,0,true,0.0034,0.0,27,8192,0.451,0.451,47.95,0.451,0,0,0.0374,0.0374,21.62,0.0,27.0,23.0,1781033899789514322
1781033899893718661,43,0,8,0,true,0.0034,0.0001,27,8192,0.451,0.451,47.95,0.451,0,0,0.0375,0.0375,21.64,0.0,27.0,23.0,1781033899871776063
1781033899997085624,43,0,8,0,true,0.0034,0.0,27,8192,0.451,0.451,47.95,0.451,0,0,0.0374,0.0374,21.62,0.0,27.0,23.0,1781033899979686489
1781033900094223807,43,0,8,0,true,0.0034,0.0,27,8192,0.451,0.451,47.95,0.451,0,0,0.0375,0.0375,21.64,0.0,27.0,23.0,1781033900082864071
1781033900193571363,43,0,8,0,true,0.0034,0.0001,27,8192,0.451,0.451,47.95,0.451,0,0,0.0374,0.0374,21.63,0.0,27.1,23.1,1781033900188638165
1781033900297066114,43,0,8,0,true,0.0034,0.0001,27,8192,0.451,0.451,47.95,0.451,0,0,0.0375,0.0375,21.64,0.0,27.1,23.1,1781033900273376395
1781033900394057363,43,0,8,0,true,0.0034,0.0,27,8192,0.451,0.451,47.95,0.451,0,0,0.0374,0.0374,21.63,0.0,27.1,23.1,1781033900370343425
1781033900494473613,43,0,8,0,true,0.0034,0.0,27,8192,0.451,0.451,47.95,0.451,0,0,0.0374,0.0374,21.62,0.0,27.1,23.1,1781033900474363355
1781033900594530213,43,0,8,0,true,0.0034,0.0001,28,8192,0.451,0.451,47.95,0.451,0,0,0.0374,0.0374,21.63,0.0,27.1,23.1,1781033900582803809
1781033900694005156,43,0,8,0,true,0.0034,0.0001,28,8192,0.451,0.451,47.95,0.451,0,0,0.0374,0.0374,21.61,0.0,27.1,23.1,1781033900680332424
1781033900793685403,43,0,8,0,true,0.0035,0.0001,28,8192,0.451,0.451,47.95,0.451,0,0,0.0375,0.0375,21.64,0.0,27.1,23.1,1781033900788829839
1781033900894127223,43,0,8,0,true,0.0035,0.0001,28,8192,0.451,0.451,47.95,0.451,0,0,0.0374,0.0374,21.63,0.0,27.1,23.1,1781033900873846468
1781033900997037353,43,0,8,0,true,0.0035,0.0,28,8192,0.451,0.451,47.95,0.451,0,0,0.0374,0.0374,21.63,0.0,27.1,23.1,1781033900983922249
1781033901093836596,43,0,8,0,true,0.0035,0.0001,28,8192,0.451,0.451,47.95,0.451,0,0,0.0375,0.0375,21.64,0.0,27.1,23.1,1781033901081517297
1781033901197531442,43,0,8,0,true,0.0035,0.0001,28,8192,0.451,0.451,47.95,0.451,0,0,0.0374,0.0374,21.62,0.0,27.1,23.1,1781033901193576734
1781033901294477114,43,0,8,0,true,0.0035,0.0,28,8192,0.451,0.451,47.95,0.451,0,0,0.0374,0.0374,21.62,0.0,27.1,23.1,1781033901281904862
1781033901394186839,43,0,8,0,true,0.0035,0.0001,28,8192,0.451,0.451,47.95,0.451,0,0,0.0374,0.0374,21.63,0.0,27.1,23.1,1781033901389998249
1781033901496970174,43,0,8,0,true,0.0035,0.0002,28,8192,0.451,0.451,47.95,0.451,0,0,0.0374,0.0374,21.63,0.0,27.1,23.1,1781033901474670782
1781033901595419024,43,0,8,0,true,0.0035,0.0003,28,8192,0.451,0.451,47.95,0.451,0,0,0.0375,0.0375,21.64,0.0,27.1,23.1,1781033901595189015
1781033901694007932,43,0,8,0,true,0.0035,0.0,28,8192,0.451,0.451,47.95,0.451,0,0,0.0374,0.0374,21.63,0.0,27.1,23.1,1781033901693780938
1781033901793848635,43,0,8,0,true,0.0035,0.0001,28,8192,0.451,0.451,47.95,0.451,0,0,0.0374,0.0374,21.6,0.0,27.1,23.1,1781033901778350797
1781033901893707843,43,0,8,0,true,0.0036,0.0004,29,8192,0.451,0.451,47.95,0.451,0,0,0.0374,0.0374,21.63,0.0,27.1,23.1,1781033901874969491
1781033901994055499,43,0,8,0,true,0.0036,0.0001,29,8192,0.451,0.451,47.95,0.451,0,0,0.0374,0.0374,21.62,0.0,27.1,23.1,1781033901978319847
1781033902093761232,43,0,8,0,true,0.0036,0.0,29,8192,0.451,0.451,47.95,0.451,0,0,0.0374,0.0374,21.63,0.0,27.1,23.1,1781033902067925412
1781033902201319166,43,0,8,0,true,0.0036,0.0001,29,8192,0.451,0.451,47.95,0.451,0,0,0.0374,0.0374,21.6,0.0,27.1,23.1,1781033902199298401
1781033902302246670,43,0,8,0,true,0.0036,0.0002,29,8192,0.449,0.449,47.95,0.449,0,0,0.0373,0.0373,21.54,0.0,27.1,23.1,1781033902285273039
1781033902408891404,43,0,8,0,true,0.0036,0.0001,29,8192,0.451,0.451,47.95,0.451,0,0,0.0374,0.0374,21.62,0.0,27.1,23.1,1781033902399125469
1781033902510130919,43,0,8,0,true,0.0036,0.0001,29,8192,0.451,0.451,47.95,0.451,0,0,0.0375,0.0375,21.64,0.0,27.1,23.1,1781033902484994448
1781033902610173146,43,0,8,0,true,0.0036,0.0,29,8192,0.451,0.451,47.95,0.451,0,0,0.0374,0.0374,21.63,0.0,27.1,23.1,1781033902605721401
1781033902712881424,43,0,8,0,true,0.0036,0.0,29,8192,0.451,0.451,47.95,0.451,0,0,0.0374,0.0374,21.61,0.0,27.1,23.1,1781033902701316035
1781033902809825982,43,0,8,0,true,0.0036,0.0,29,8192,0.451,0.451,47.95,0.451,0,0,0.0374,0.0374,21.61,0.0,27.1,23.1,1781033902781779877
1781033902910402389,43,0,8,0,true,0.0037,0.0002,29,8192,0.451,0.451,47.95,0.451,0,0,0.0374,0.0374,21.63,0.0,27.1,23.1,1781033902895913903
1781033903009891090,43,0,8,0,true,0.0037,0.0,30,8192,0.451,0.451,47.95,0.451,0,0,0.0374,0.0374,21.62,0.0,27.1,23.1,1781033903000411466
1781033903111569430,43,0,8,0,true,0.0037,0.0002,30,8192,0.45,0.45,47.95,0.45,0,0,0.0374,0.0374,21.59,0.0,27.1,23.1,1781033903095919164
1781033903210428602,43,0,8,0,true,0.0037,0.0002,30,8192,0.449,0.449,47.95,0.449,0,0,0.0373,0.0373,21.55,0.0,27.1,23.1,1781033903196875733
1781033903312902106,43,0,8,0,true,0.0037,0.0001,30,8192,0.451,0.451,47.95,0.451,0,0,0.0374,0.0374,21.63,0.0,27.1,23.1,1781033903313600720
1781033903410125462,43,0,8,0,true,0.0037,0.0001,30,8192,0.451,0.451,47.95,0.451,0,0,0.0374,0.0374,21.61,0.0,27.1,23.1,1781033903390167877
1781033903510104979,43,0,8,0,true,0.0037,0.0,30,8192,0.451,0.451,47.95,0.451,0,0,0.0374,0.0374,21.62,0.0,27.1,23.1,1781033903498178996
1781033903609453336,43,0,8,0,true,0.0037,0.0001,30,8192,0.45,0.45,47.95,0.45,0,0,0.0374,0.0374,21.6,0.0,27.1,23.1,1781033903586654151
1781033903709562380,43,0,8,0,true,0.0037,0.0001,30,8192,0.45,0.45,47.95,0.45,0,0,0.0374,0.0374,21.6,0.0,27.1,23.1,1781033903689048569
1781033903809849250,43,0,8,0,true,0.0038,0.0,30,8192,0.451,0.451,47.95,0.451,0,0,0.0374,0.0374,21.61,0.0,27.1,23.1,1781033903801564783
1781033903912867930,43,0,8,0,true,0.0038,0.0001,30,8192,0.451,0.451,47.95,0.451,0,0,0.0374,0.0374,21.61,0.0,27.1,23.1,1781033903897560783
1781033904009561685,43,0,8,0,true,0.0038,0.0002,30,8192,0.45,0.45,47.95,0.45,0,0,0.0373,0.0373,21.57,0.0,27.1,23.1,1781033903966539122
1781033904110503774,43,0,8,0,true,0.0038,0.0002,31,8192,0.45,0.45,47.95,0.45,0,0,0.0373,0.0373,21.58,0.0,27.1,23.1,1781033904091593317
1781033904209955828,43,0,8,0,true,0.0038,0.0,31,8192,0.451,0.451,47.95,0.451,0,0,0.0374,0.0374,21.63,0.0,27.1,23.1,1781033904206649736
1781033904312800136,43,0,8,0,true,0.0038,0.0001,31,8192,0.451,0.451,47.95,0.451,0,0,0.0374,0.0374,21.62,0.0,27.1,23.1,1781033904303932161
1781033904412900686,43,0,8,0,true,0.0038,0.0001,31,8192,0.451,0.451,47.95,0.451,0,0,0.0374,0.0374,21.62,0.0,27.1,23.1,1781033904387140872
1781033904512879678,43,0,8,0,true,0.0038,0.0001,31,8192,0.45,0.45,47.95,0.45,0,0,0.0374,0.0374,21.6,0.0,27.1,23.1,1781033904486414583
1781033904609627059,43,0,8,0,true,0.0038,0.0,31,8192,0.451,0.451,47.95,0.451,0,0,0.0374,0.0374,21.62,0.0,27.1,23.1,1781033904606658608
1781033904709762892,43,0,8,0,true,0.0038,0.0001,31,8192,0.45,0.45,47.95,0.45,0,0,0.0374,0.0374,21.59,0.0,27.1,23.1,1781033904693531679
1781033904809662440,43,0,8,0,true,0.0039,0.0002,31,8192,0.45,0.45,47.95,0.45,0,0,0.0373,0.0373,21.58,0.0,27.1,23.1,1781033904805922010
1781033904909964769,43,0,8,0,true,0.0039,0.0001,31,8192,0.451,0.451,47.95,0.451,0,0,0.0374,0.0374,21.62,0.0,27.1,23.1,1781033904887348544
1781033905010897152,43,0,8,0,true,0.0039,0.0001,31,8192,0.451,0.451,47.95,0.451,0,0,0.0374,0.0374,21.61,0.0,27.1,23.1,1781033904993360311
1781033905110037249,43,0,8,0,true,0.0039,0.0,31,8192,0.451,0.451,47.95,0.451,0,0,0.0374,0.0374,21.61,0.0,27.1,23.1,1781033905093490620
1781033905212862735,43,0,8,0,true,0.0039,0.0,31,8192,0.451,0.451,47.95,0.451,0,0,0.0374,0.0374,21.61,0.0,27.1,23.1,1781033905205893487
1781033905309669683,43,0,8,0,true,0.0039,0.0,32,8192,0.451,0.451,47.95,0.451,0,0,0.0374,0.0374,21.61,0.0,27.1,23.1,1781033905307371647
1781033905412873351,43,0,8,0,true,0.0039,0.0,32,8192,0.451,0.451,47.95,0.451,0,0,0.0374,0.0374,21.63,0.0,27.1,23.1,1781033905407750091
1781033905510135197,43,0,8,0,true,0.0039,0.0,32,8192,0.451,0.451,47.95,0.451,0,0,0.0374,0.0374,21.6,0.0,27.1,23.1,1781033905488481552
1781033905610219963,43,0,8,0,true,0.0039,0.0,32,8192,0.451,0.451,47.95,0.451,0,0,0.0374,0.0374,21.6,0.0,27.1,23.1,1781033905589619660
1781033905710390519,43,0,8,0,true,0.0039,0.0001,32,8192,0.451,0.451,47.95,0.451,0,0,0.0374,0.0374,21.62,0.0,27.1,23.1,1781033905706455624
1781033905810457744,43,0,8,0,true,0.004,0.0,32,8192,0.451,0.451,47.95,0.451,0,0,0.0374,0.0374,21.62,0.0,27.1,23.1,1781033905809098418
1781033905917280248,43,0,8,0,true,0.004,0.0002,32,8192,0.45,0.45,47.95,0.45,0,0,0.0374,0.0374,21.58,0.0,27.1,23.1,1781033905886207648
1781033906020905763,43,0,8,0,true,0.004,0.0002,32,8192,0.45,0.45,47.95,0.45,0,0,0.0374,0.0374,21.58,0.0,27.1,23.1,1781033906003186943
1781033906118331678,43,0,8,0,true,0.004,0.0,32,8192,0.451,0.451,47.95,0.451,0,0,0.0374,0.0374,21.61,0.0,27.1,23.1,1781033906101351381
1781033906217504124,43,0,8,0,true,0.004,0.0001,32,8192,0.451,0.451,47.95,0.451,0,0,0.0374,0.0374,21.61,0.0,27.2,23.2,1781033906211943008
1781033906319813202,43,0,8,0,true,0.004,0.0001,32,8192,0.45,0.45,47.95,0.45,0,0,0.0374,0.0374,21.59,0.0,27.2,23.2,1781033906306535511
1781033906418501608,43,0,8,0,true,0.004,0.0002,32,8192,0.45,0.45,47.95,0.45,0,0,0.0373,0.0373,21.57,0.0,27.2,23.2,1781033906397864115
1781033906518250115,43,0,8,0,true,0.004,0.0001,33,8192,0.45,0.45,47.95,0.45,0,0,0.0374,0.0374,21.59,0.0,27.2,23.2,1781033906512739952
1781033906617570404,43,0,8,0,true,0.004,0.0001,33,8192,0.45,0.45,47.95,0.45,0,0,0.0374,0.0374,21.58,0.0,27.2,23.2,1781033906620980204
1781033906717741835,43,0,8,0,true,0.0041,0.0001,33,8192,0.45,0.45,47.95,0.45,0,0,0.0374,0.0374,21.6,0.0,27.2,23.2,1781033906704978701
1781033906820833209,43,0,8,0,true,0.0041,0.0002,33,8192,0.449,0.449,47.95,0.449,0,0,0.0373,0.0373,21.53,0.0,27.2,23.2,1781033906807478412
1781033906920850080,43,0,8,0,true,0.0041,0.0,33,8192,0.45,0.45,47.95,0.45,0,0,0.0374,0.0374,21.6,0.0,27.2,23.2,1781033906911954867
1781033907020895270,43,0,8,0,true,0.0041,0.0002,33,8192,0.449,0.449,47.95,0.449,0,0,0.0373,0.0373,21.54,0.0,27.2,23.2,1781033907011611755
1781033907117512250,43,0,8,0,true,0.0041,0.0002,33,8192,0.45,0.45,47.95,0.45,0,0,0.0373,0.0373,21.56,0.0,27.2,23.2,1781033907105714117
1781033907218020160,43,0,8,0,true,0.0041,0.0001,33,8192,0.451,0.451,47.95,0.451,0,0,0.0374,0.0374,21.6,0.0,27.2,23.2,1781033907208017972
1781033907318109736,43,0,8,0,true,0.0041,0.0,33,8192,0.45,0.45,47.95,0.45,0,0,0.0374,0.0374,21.59,0.0,27.2,23.2,1781033907308559247
1781033907417967993,43,0,8,0,true,0.0041,0.0002,33,8192,0.45,0.45,47.95,0.45,0,0,0.0373,0.0373,21.57,0.0,27.2,23.2,1781033907416752536
1781033907518033445,43,0,8,0,true,0.0041,0.0002,33,8192,0.449,0.449,47.95,0.449,0,0,0.0373,0.0373,21.53,0.0,27.2,23.2,1781033907507421570
1781033907617493049,43,0,8,0,true,0.0042,0.0001,34,8192,0.45,0.45,47.95,0.45,0,0,0.0374,0.0374,21.6,0.0,27.2,23.2,1781033907596954633
1781033907717439200,43,0,8,0,true,0.0042,0.0001,34,8192,0.451,0.451,47.95,0.451,0,0,0.0374,0.0374,21.62,0.0,27.2,23.2,1781033907686910592
1781033907820893607,43,0,8,0,true,0.0042,0.0,34,8192,0.451,0.451,47.95,0.451,0,0,0.0374,0.0374,21.6,0.0,27.2,23.2,1781033907813621317
1781033907922154301,43,0,8,0,true,0.0042,0.0,34,8192,0.45,0.45,47.95,0.45,0,0,0.0374,0.0374,21.6,0.0,27.2,23.2,1781033907896525175
1781033908020799042,43,0,8,0,true,0.0042,0.0002,34,8192,0.45,0.45,47.95,0.45,0,0,0.0373,0.0373,21.57,0.0,27.2,23.2,1781033908000452722
1781033908119201988,43,0,8,0,true,0.0042,0.0003,34,8192,0.451,0.451,47.95,0.451,0,0,0.0374,0.0374,21.6,0.0,27.2,23.2,1781033908105504721
1781033908217803416,43,0,8,0,true,0.0042,0.0003,34,8192,0.449,0.449,47.95,0.449,0,0,0.0372,0.0372,21.52,0.0,27.2,23.2,1781033908193902816
1781033908317541665,43,0,8,0,true,0.0042,0.0002,34,8192,0.45,0.45,47.95,0.45,0,0,0.0373,0.0373,21.57,0.0,27.2,23.2,1781033908302458891
1781033908420549427,43,0,8,0,true,0.0042,0.0,34,8192,0.451,0.451,47.95,0.451,0,0,0.0374,0.0374,21.6,0.0,27.2,23.2,1781033908386493613
1781033908517506735,43,0,8,0,true,0.0042,0.0002,34,8192,0.45,0.45,47.95,0.45,0,0,0.0374,0.0374,21.6,0.0,27.2,23.2,1781033908480208538
1781033908618123667,43,0,8,0,true,0.0043,0.0001,34,8192,0.451,0.451,47.95,0.451,0,0,0.0374,0.0374,21.6,0.0,27.2,23.2,1781033908600620267
1781033908718353125,43,0,8,0,true,0.0043,0.0001,35,8192,0.45,0.45,47.95,0.45,0,0,0.0374,0.0374,21.6,0.0,27.2,23.2,1781033908716987397
1781033908818467214,43,0,8,0,true,0.0043,0.0001,35,8192,0.45,0.45,47.95,0.45,0,0,0.0374,0.0374,21.6,0.0,27.2,23.2,1781033908798722690
1781033908918018330,43,0,8,0,true,0.0043,0.0001,35,8192,0.451,0.451,47.95,0.451,0,0,0.0374,0.0374,21.6,0.0,27.2,23.2,1781033908913385073
1781033909019247070,43,0,8,0,true,0.0043,0.0002,35,8192,0.451,0.451,47.95,0.451,0,0,0.0374,0.0374,21.6,0.0,27.2,23.2,1781033908993825518
1781033909118308692,43,0,8,0,true,0.0043,0.0,35,8192,0.45,0.45,47.95,0.45,0,0,0.0374,0.0374,21.6,0.0,27.2,23.2,1781033909097284644
1781033909217504879,43,0,8,0,true,0.0043,0.0002,35,8192,0.449,0.449,47.95,0.449,0,0,0.0373,0.0373,21.52,0.0,27.2,23.2,1781033909192679925
1781033909320914816,43,0,8,0,true,0.0043,0.0,35,8192,0.45,0.45,47.95,0.45,0,0,0.0374,0.0374,21.59,0.0,27.2,23.2,1781033909305875673
1781033909417548563,43,0,8,0,true,0.0044,0.0001,35,8192,0.45,0.45,47.95,0.45,0,0,0.0373,0.0373,21.57,0.0,27.2,23.2,1781033909413468794
1781033909519210025,43,0,8,0,true,0.0044,0.0001,35,8192,0.45,0.45,47.95,0.45,0,0,0.0373,0.0373,21.57,0.0,27.2,23.2,1781033909497654294
1781033909618454623,43,0,8,0,true,0.0044,0.0001,35,8192,0.45,0.45,47.95,0.45,0,0,0.0374,0.0374,21.58,0.0,27.2,23.2,1781033909607559156
1781033909720920061,43,0,8,0,true,0.0044,0.0,36,8192,0.45,0.45,47.95,0.45,0,0,0.0374,0.0374,21.59,0.0,27.2,23.2,1781033909709547096
1781033909818227586,43,0,8,0,true,0.0044,0.0001,36,8192,0.45,0.45,47.95,0.45,0,0,0.0374,0.0374,21.6,0.0,27.2,23.2,1781033909813565957
1781033909917476268,43,0,8,0,true,0.0044,0.0002,36,8192,0.449,0.449,47.95,0.449,0,0,0.0373,0.0373,21.55,0.0,27.2,23.2,1781033909890714413
1781033910017485947,43,0,8,0,true,0.0044,0.0001,36,8192,0.451,0.451,47.95,0.451,0,0,0.0374,0.0374,21.61,0.0,27.2,23.2,1781033910001743884
1781033910120882470,43,0,8,0,true,0.0045,0.0003,36,8192,0.45,0.45,47.95,0.45,0,0,0.0374,0.0374,21.6,0.0,27.2,23.2,1781033910097699044
1781033910220881842,43,0,8,0,true,0.0045,0.0001,36,8192,0.45,0.45,47.95,0.45,0,0,0.0374,0.0374,21.59,0.0,27.2,23.2,1781033910190572196
1781033910318097304,43,0,8,0,true,0.0045,0.0,36,8192,0.45,0.45,47.95,0.45,0,0,0.0374,0.0374,21.59,0.0,27.2,23.2,1781033910314046037
1781033910420884374,43,0,8,0,true,0.0045,0.0,36,8192,0.45,0.45,47.95,0.45,0,0,0.0374,0.0374,21.59,0.0,27.2,23.2,1781033910412655630
1781033910518162620,43,0,8,0,true,0.0045,0.0002,36,8192,0.45,0.45,47.95,0.45,0,0,0.0373,0.0373,21.56,0.0,27.2,23.2,1781033910515412387
1781033910618312213,43,0,8,0,true,0.0045,0.0001,37,8192,0.45,0.45,47.95,0.45,0,0,0.0373,0.0373,21.57,0.0,27.2,23.2,1781033910605376437
1781033910720859978,43,0,8,0,true,0.0045,0.0,37,8192,0.45,0.45,47.95,0.45,0,0,0.0374,0.0374,21.58,0.0,27.2,23.2,1781033910712870365
1781033910818425812,43,0,8,0,true,0.0045,0.0001,37,8192,0.45,0.45,47.95,0.45,0,0,0.0374,0.0374,21.59,0.0,27.2,23.2,1781033910816945376
1781033910921740305,43,0,8,0,true,0.0046,0.0001,37,8192,0.45,0.45,47.95,0.45,0,0,0.0374,0.0374,21.58,0.0,27.2,23.2,1781033910902483548
1781033911020893273,43,0,8,0,true,0.0046,0.0001,37,8192,0.451,0.451,47.95,0.451,0,0,0.0374,0.0374,21.61,0.0,27.2,23.2,1781033911002670198
1781033911117561633,43,0,8,0,true,0.0046,0.0002,37,8192,0.449,0.449,47.95,0.449,0,0,0.0373,0.0373,21.55,0.0,27.2,23.2,1781033911117344405
1781033911220880467,43,0,8,0,true,0.0046,0.0,37,8192,0.451,0.451,47.95,0.451,0,0,0.0374,0.0374,21.6,0.0,27.2,23.2,1781033911199062485
1781033911317725274,43,0,8,0,true,0.0046,0.0001,37,8192,0.45,0.45,47.95,0.45,0,0,0.0374,0.0374,21.58,0.0,27.2,23.2,1781033911310141889
1781033911418754444,43,0,8,0,true,0.0046,0.0,37,8192,0.451,0.451,47.95,0.451,0,0,0.0374,0.0374,21.6,0.0,27.2,23.2,1781033911418523413
1781033911524894631,43,0,8,0,true,0.0046,0.0003,37,8192,0.45,0.45,47.95,0.45,0,0,0.0374,0.0374,21.59,0.0,27.2,23.2,1781033911503096816
1781033911627996029,43,0,8,0,true,0.0046,0.0002,37,8192,0.45,0.45,47.95,0.45,0,0,0.0373,0.0373,21.56,0.0,27.2,23.2,1781033911624625072
1781033911725820348,43,0,8,0,true,0.0046,0.0001,38,8192,0.45,0.45,47.95,0.45,0,0,0.0374,0.0374,21.58,0.0,27.2,23.2,1781033911708972551
1781033911825889303,43,0,8,0,true,0.0047,0.0001,38,8192,0.45,0.45,47.95,0.45,0,0,0.0373,0.0373,21.58,0.0,27.2,23.2,1781033911809567584
1781033911926372334,43,0,8,0,true,0.0047,0.0001,38,8192,0.45,0.45,47.95,0.45,0,0,0.0373,0.0373,21.56,0.0,27.2,23.2,1781033911921661641
1781033912025785075,43,0,8,0,true,0.0047,0.0003,38,8192,0.45,0.45,47.95,0.45,0,0,0.0374,0.0374,21.59,0.0,27.2,23.2,1781033912012872440
1781033912128865149,43,0,8,0,true,0.0047,0.0,38,8192,0.45,0.45,47.95,0.45,0,0,0.0374,0.0374,21.6,0.0,27.2,23.2,1781033912118984516
1781033912226530661,43,0,8,0,true,0.0047,0.0,38,8192,0.45,0.45,47.95,0.45,0,0,0.0374,0.0374,21.58,0.0,27.2,23.2,1781033912212926028
1781033912329207221,43,0,8,0,true,0.0047,0.0002,38,8192,0.45,0.45,47.95,0.45,0,0,0.0373,0.0373,21.56,0.0,27.2,23.2,1781033912303943931
1781033912426089680,43,0,8,0,true,0.0047,0.0003,38,8192,0.45,0.45,47.95,0.45,0,0,0.0374,0.0374,21.59,0.0,27.2,23.2,1781033912410884740
1781033912525553970,43,0,8,0,true,0.0047,0.0001,38,8192,0.45,0.45,47.95,0.45,0,0,0.0373,0.0373,21.56,0.0,27.2,23.2,1781033912511303230
1781033912626246897,43,0,8,0,true,0.0048,0.0003,39,8192,0.45,0.45,47.95,0.45,0,0,0.0374,0.0374,21.58,0.0,27.2,23.2,1781033912624859324
1781033912725843078,43,0,8,0,true,0.0048,0.0,39,8192,0.45,0.45,47.95,0.45,0,0,0.0374,0.0374,21.6,0.0,27.2,23.2,1781033912724239976
1781033912826077029,43,0,8,0,true,0.0048,0.0,39,8192,0.45,0.45,47.95,0.45,0,0,0.0373,0.0373,21.57,0.0,27.2,23.2,1781033912821582471
1781033912925654430,43,0,8,0,true,0.0048,0.0002,39,8192,0.449,0.449,47.95,0.449,0,0,0.0373,0.0373,21.54,0.0,27.2,23.2,1781033912922477255
1781033913028676672,43,0,8,0,true,0.0048,0.0,39,8192,0.45,0.45,47.95,0.45,0,0,0.0373,0.0373,21.57,0.0,27.2,23.2,1781033913008622848
1781033913128870008,43,0,8,0,true,0.0048,0.0001,39,8192,0.45,0.45,47.95,0.45,0,0,0.0374,0.0374,21.58,0.0,27.2,23.2,1781033913123019204
1781033913225450565,43,0,8,0,true,0.0048,0.0001,39,8192,0.45,0.45,47.95,0.45,0,0,0.0373,0.0373,21.58,0.0,27.2,23.2,1781033913210153631
1781033913325706916,43,0,8,0,true,0.0048,0.0003,39,8192,0.45,0.45,47.95,0.45,0,0,0.0374,0.0374,21.58,0.0,27.2,23.2,1781033913314066857
1781033913426312008,43,0,8,0,true,0.0049,0.0001,39,8192,0.45,0.45,47.95,0.45,0,0,0.0374,0.0374,21.59,0.0,27.2,23.2,1781033913417922218
1781033913525782033,43,0,8,0,true,0.0049,0.0003,39,8192,0.45,0.45,47.95,0.45,0,0,0.0374,0.0374,21.58,0.0,27.2,23.2,1781033913518632708
1781033913625937337,43,0,8,0,true,0.0049,0.0001,39,8192,0.45,0.45,47.95,0.45,0,0,0.0374,0.0374,21.6,0.0,27.2,23.2,1781033913619227667
1781033913726170519,43,0,8,0,true,0.0049,0.0002,40,8192,0.449,0.449,47.95,0.449,0,0,0.0372,0.0372,21.51,0.0,27.2,23.2,1781033913705952538
1781033913826152245,43,0,8,0,true,0.0049,0.0003,40,8192,0.45,0.45,47.95,0.45,0,0,0.0373,0.0373,21.58,0.0,27.2,23.2,1781033913809951642
1781033913925881957,43,0,8,0,true,0.0049,0.0001,40,8192,0.45,0.45,47.95,0.45,0,0,0.0373,0.0373,21.55,0.0,27.2,23.2,1781033913893462830
1781033914028886249,43,0,8,0,true,0.0049,0.0002,40,8192,0.449,0.449,47.95,0.449,0,0,0.0373,0.0373,21.55,0.0,27.2,23.2,1781033914023351389
1781033914126166362,43,0,8,0,true,0.0049,0.0001,40,8192,0.45,0.45,47.95,0.45,0,0,0.0373,0.0373,21.57,0.0,27.2,23.2,1781033914103501437
1781033914225747958,43,0,8,0,true,0.0049,0.0001,40,8192,0.45,0.45,47.95,0.45,0,0,0.0373,0.0373,21.57,0.0,27.2,23.2,1781033914213889866
1781033914328872843,43,0,8,0,true,0.005,0.0003,40,8192,0.45,0.45,47.95,0.45,0,0,0.0373,0.0373,21.57,0.0,27.2,23.2,1781033914317825011
1781033914425479395,43,0,8,0,true,0.005,0.0,40,8192,0.45,0.45,47.95,0.45,0,0,0.0373,0.0373,21.57,0.0,27.2,23.2,1781033914405719402
1781033914526142090,43,0,8,0,true,0.005,0.0003,40,8192,0.45,0.45,47.95,0.45,0,0,0.0373,0.0373,21.57,0.0,27.2,23.2,1781033914508184243
1781033914628868944,43,0,8,0,true,0.005,0.0002,41,8192,0.449,0.449,47.95,0.449,0,0,0.0373,0.0373,21.55,0.0,27.2,23.2,1781033914616984128
1781033914728873501,43,0,8,0,true,0.005,0.0001,41,8192,0.45,0.45,47.95,0.45,0,0,0.0373,0.0373,21.58,0.0,27.2,23.2,1781033914718221578
1781033914826148326,43,0,8,0,true,0.005,0.0001,41,8192,0.45,0.45,47.95,0.45,0,0,0.0373,0.0373,21.58,0.0,27.2,23.2,1781033914802253928
1781033914928890866,43,0,8,0,true,0.005,0.0004,41,8192,0.45,0.45,47.95,0.45,0,0,0.0373,0.0373,21.57,0.0,27.2,23.2,1781033914920714260
1781033915025561733,43,0,8,0,true,0.005,0.0,41,8192,0.45,0.45,47.95,0.45,0,0,0.0373,0.0373,21.57,0.0,27.3,23.3,1781033915026146045
1781033915126417972,43,0,8,0,true,0.0051,0.0003,41,8192,0.448,0.448,47.95,0.448,0,0,0.0372,0.0372,21.49,0.0,27.3,23.3,1781033915111064623
1781033915225724677,43,0,8,0,true,0.0051,0.0004,41,8192,0.45,0.45,47.95,0.45,0,0,0.0373,0.0373,21.57,0.0,27.3,23.3,1781033915200085756
1781033915325776441,43,0,8,0,true,0.0051,0.0,41,8192,0.45,0.45,47.95,0.45,0,0,0.0373,0.0373,21.56,0.0,27.3,23.3,1781033915325103464
1781033915428893279,43,0,8,0,true,0.0051,0.0,41,8192,0.45,0.45,47.95,0.45,0,0,0.0374,0.0374,21.58,0.0,27.3,23.3,1781033915424032451
1781033915526357144,43,0,8,0,true,0.0051,0.0,41,8192,0.45,0.45,47.95,0.45,0,0,0.0373,0.0373,21.56,0.0,27.3,23.3,1781033915511671650
1781033915626013764,43,0,8,0,true,0.0051,0.0,41,8192,0.45,0.45,47.95,0.45,0,0,0.0373,0.0373,21.56,0.0,27.3,23.3,1781033915613038052
1781033915725951875,43,0,8,0,true,0.0051,0.0001,42,8192,0.45,0.45,47.95,0.45,0,0,0.0373,0.0373,21.57,0.0,27.3,23.3,1781033915713079432
1781033915826174300,43,0,8,0,true,0.0051,0.0001,42,8192,0.449,0.449,47.95,0.449,0,0,0.0373,0.0373,21.54,0.0,27.3,23.3,1781033915813669535
1781033915927779006,43,0,8,0,true,0.0051,0.0001,42,8192,0.45,0.45,47.95,0.45,0,0,0.0373,0.0373,21.56,0.0,27.3,23.3,1781033915907687444
1781033916025886550,43,0,8,0,true,0.0052,0.0001,42,8192,0.45,0.45,47.95,0.45,0,0,0.0373,0.0373,21.57,0.0,27.3,23.3,1781033916019723487
1781033916125752974,43,0,8,0,true,0.0052,0.0,42,8192,0.45,0.45,47.95,0.45,0,0,0.0373,0.0373,21.56,0.0,27.3,23.3,1781033916106037109
1781033916226081742,43,0,8,0,true,0.0052,0.0,42,8192,0.45,0.45,47.95,0.45,0,0,0.0373,0.0373,21.56,0.0,27.3,23.3,1781033916219050846
1781033916325853211,43,0,8,0,true,0.0052,0.0002,42,8192,0.449,0.449,47.95,0.449,0,0,0.0373,0.0373,21.53,0.0,27.3,23.3,1781033916312246699
1781033916428873485,43,0,8,0,true,0.0052,0.0001,42,8192,0.45,0.45,47.95,0.45,0,0,0.0373,0.0373,21.56,0.0,27.3,23.3,1781033916412865054
1781033916525991372,43,0,8,0,true,0.0052,0.0003,42,8192,0.448,0.448,47.95,0.448,0,0,0.0372,0.0372,21.48,0.0,27.3,23.3,1781033916517355549
1781033916626509180,43,0,8,0,true,0.0052,0.0001,42,8192,0.45,0.45,47.95,0.45,0,0,0.0373,0.0373,21.56,0.0,27.3,23.3,1781033916600811272
1781033916725969700,43,0,8,0,true,0.0052,0.0001,42,8192,0.45,0.45,47.95,0.45,0,0,0.0373,0.0373,21.56,0.0,27.3,23.3,1781033916722484065
1781033916825680828,43,0,8,0,true,0.0053,0.0002,43,8192,0.449,0.449,47.95,0.449,0,0,0.0373,0.0373,21.54,0.0,27.3,23.3,1781033916825458466
1781033916926569932,43,0,8,0,true,0.0053,0.0,43,8192,0.449,0.449,47.95,0.449,0,0,0.0373,0.0373,21.55,0.0,27.3,23.3,1781033916910782944
1781033917028866591,43,0,8,0,true,0.0053,0.0001,43,8192,0.449,0.449,47.95,0.449,0,0,0.0373,0.0373,21.53,0.0,27.3,23.3,1781033917019972562
1781033917128861491,43,0,8,0,true,0.0053,0.0,43,8192,0.45,0.45,47.95,0.45,0,0,0.0373,0.0373,21.57,0.0,27.3,23.3,1781033917120710768
1781033917226056149,43,0,8,0,true,0.0053,0.0002,43,8192,0.449,0.449,47.95,0.449,0,0,0.0372,0.0372,21.52,0.0,27.3,23.3,1781033917215467439
1781033917326119736,43,0,8,0,true,0.0053,0.0001,43,8192,0.45,0.45,47.95,0.45,0,0,0.0373,0.0373,21.56,0.0,27.3,23.3,1781033917324908860
1781033917426051066,43,0,8,0,true,0.0053,0.0002,43,8192,0.448,0.448,47.95,0.448,0,0,0.0372,0.0372,21.5,0.0,27.3,23.3,1781033917414212133
1781033917526082652,43,0,8,0,true,0.0053,0.0002,43,8192,0.45,0.45,47.95,0.45,0,0,0.0374,0.0374,21.58,0.0,27.3,23.3,1781033917517391486
1781033917625499288,43,0,8,0,true,0.0054,0.0,43,8192,0.45,0.45,47.95,0.45,0,0,0.0373,0.0373,21.58,0.0,27.3,23.3,1781033917610206840
1781033917728890254,43,0,8,0,true,0.0054,0.0,43,8192,0.45,0.45,47.95,0.45,0,0,0.0374,0.0374,21.59,0.0,27.3,23.3,1781033917717631027
1781033917826195452,43,0,8,0,true,0.0054,0.0007,44,8192,0.447,0.447,47.95,0.447,0,0,0.0371,0.0371,21.44,0.0,27.3,23.3,1781033917799553765
1781033917927040775,43,0,8,0,true,0.0054,0.0002,44,8192,0.453,0.453,47.95,0.453,0,0,0.0376,0.0376,21.74,0.0,27.3,23.3,1781033917895583175
1781033918026308381,43,0,8,0,true,0.0054,0.0002,44,8192,0.453,0.453,47.95,0.453,0,0,0.0376,0.0376,21.7,0.0,27.3,23.3,1781033918019867050
1781033918126165078,43,0,8,0,true,0.0055,0.0003,44,8192,0.454,0.454,47.95,0.454,0,0,0.0377,0.0377,21.77,0.0,27.3,23.3,1781033918108091840
1781033918228619104,43,0,8,0,true,0.0055,0.0001,44,8192,0.453,0.453,47.95,0.453,0,0,0.0376,0.0376,21.71,0.0,27.3,23.3,1781033918215926848
1781033918326129975,43,0,8,0,true,0.0055,0.0004,45,8192,0.449,0.449,47.95,0.449,0,0,0.0372,0.0372,21.51,0.0,27.3,23.3,1781033918304198207
1781033918425490933,43,0,8,0,true,0.0055,0.0001,45,8192,0.453,0.453,47.95,0.453,0,0,0.0376,0.0376,21.74,0.0,27.3,23.3,1781033918401675215
1781033918526776953,43,0,8,0,true,0.0055,0.0001,45,8192,0.453,0.453,47.95,0.453,0,0,0.0376,0.0376,21.73,0.0,27.3,23.3,1781033918494420539
1781033918625871913,43,0,8,0,true,0.0056,0.0004,45,8192,0.449,0.449,47.95,0.449,0,0,0.0372,0.0372,21.51,0.0,27.3,23.3,1781033918605486765
1781033918725796080,43,0,8,0,true,0.0056,0.0002,45,8192,0.45,0.45,47.95,0.45,0,0,0.0374,0.0374,21.59,0.0,27.3,23.3,1781033918721260007
1781033918828910856,43,0,8,0,true,0.0056,0.0004,46,8192,0.449,0.449,47.95,0.449,0,0,0.0373,0.0373,21.53,0.0,27.3,23.3,1781033918821356135
1781033918926538734,43,0,8,0,true,0.0056,0.0,46,8192,0.454,0.454,47.95,0.454,0,0,0.0377,0.0377,21.77,0.0,27.3,23.3,1781033918920206959
1781033919028872026,43,0,8,0,true,0.0057,0.0004,46,8192,0.449,0.449,47.95,0.449,0,0,0.0372,0.0372,21.52,0.0,27.3,23.3,1781033919013487176
1781033919128875427,43,0,8,0,true,0.0057,0.0002,46,8192,0.453,0.453,47.95,0.453,0,0,0.0376,0.0376,21.71,0.0,27.3,23.3,1781033919120693531
1781033919225595299,43,0,8,0,true,0.0057,0.0002,46,8192,0.453,0.453,47.95,0.453,0,0,0.0376,0.0376,21.73,0.0,27.3,23.3,1781033919219021726
1781033919326490355,43,0,8,0,true,0.0057,0.0005,46,8192,0.454,0.454,47.95,0.454,0,0,0.0377,0.0377,21.79,0.0,27.3,23.3,1781033919324974236
1781033919425878979,43,0,8,0,true,0.0058,0.0004,47,8192,0.455,0.455,47.95,0.455,0,0,0.0377,0.0377,21.79,0.0,27.3,23.3,1781033919394053884
1781033919529361153,43,0,8,0,true,0.0058,0.0003,47,8192,0.454,0.454,47.95,0.454,0,0,0.0377,0.0377,21.79,0.0,27.3,23.3,1781033919507022081
1781033919628866841,43,0,8,0,true,0.0058,0.0003,47,8192,0.45,0.45,47.95,0.45,0,0,0.0374,0.0374,21.59,0.0,27.3,23.3,1781033919610361512
1781033919726415319,43,0,8,0,true,0.0058,0.0004,47,8192,0.455,0.455,47.95,0.455,0,0,0.0377,0.0377,21.79,0.0,27.3,23.3,1781033919706733274
1781033919830022037,43,0,8,0,true,0.0059,0.0003,47,8192,0.455,0.455,47.95,0.455,0,0,0.0377,0.0377,21.79,0.0,27.3,23.3,1781033919791234247
1781033919931114908,43,0,8,0,true,0.0059,0.0001,48,8192,0.455,0.455,47.95,0.455,0,0,0.0377,0.0377,21.79,0.0,27.3,23.3,1781033919907795075
1781033920032868023,43,0,8,0,true,0.0059,0.0,48,8192,0.454,0.454,47.95,0.454,0,0,0.0377,0.0377,21.79,0.0,27.3,23.3,1781033920006493367
1781033920131172709,43,0,8,0,true,0.0059,0.0001,48,8192,0.452,0.452,47.95,0.452,0,0,0.0375,0.0375,21.69,0.0,27.3,23.3,1781033920113725797
1781033920231507729,43,0,8,0,true,0.0059,0.0003,48,8192,0.451,0.451,47.95,0.451,0,0,0.0374,0.0374,21.61,0.0,27.3,23.3,1781033920228053218
1781033920331091319,43,0,8,0,true,0.006,0.0002,48,8192,0.453,0.453,47.95,0.453,0,0,0.0376,0.0376,21.73,0.0,27.3,23.3,1781033920303114166
1781033920431265894,43,0,8,0,true,0.006,0.0003,48,8192,0.455,0.455,47.95,0.455,0,0,0.0377,0.0377,21.8,0.0,27.3,23.3,1781033920400157996
1781033920531554607,43,0,8,0,true,0.006,0.0004,49,8192,0.45,0.45,47.95,0.45,0,0,0.0373,0.0373,21.57,0.0,27.3,23.3,1781033920518009772
1781033920630813757,43,0,8,0,true,0.006,0.0001,49,8192,0.452,0.452,47.95,0.452,0,0,0.0375,0.0375,21.69,0.0,27.3,23.3,1781033920620627989
1781033920732887294,43,0,8,0,true,0.006,0.0004,49,8192,0.455,0.455,47.95,0.455,0,0,0.0377,0.0377,21.81,0.0,27.3,23.3,1781033920705724312
1781033920837051633,43,0,8,0,true,0.0061,0.0004,49,8192,0.455,0.455,47.95,0.455,0,0,0.0377,0.0377,21.81,0.0,27.3,23.3,1781033920814620780
1781033920937504226,43,0,8,0,true,0.0061,0.0003,49,8192,0.455,0.455,47.95,0.455,0,0,0.0377,0.0377,21.81,0.0,27.3,23.3,1781033920934051043
1781033921037495750,43,0,8,0,true,0.0061,0.0004,50,8192,0.455,0.455,47.95,0.455,0,0,0.0377,0.0377,21.81,0.0,27.3,23.3,1781033921037061061
1781033921139694253,43,0,8,0,true,0.0061,0.0003,50,8192,0.453,0.453,47.95,0.453,0,0,0.0376,0.0376,21.73,0.0,27.3,23.3,1781033921135615818
1781033921238027821,43,0,8,0,true,0.0061,0.0001,50,8192,0.453,0.453,47.95,0.453,0,0,0.0376,0.0376,21.7,0.0,27.3,23.3,1781033921219111558
1781033921337484384,43,0,8,0,true,0.0062,0.0001,50,8192,0.454,0.454,47.95,0.454,0,0,0.0377,0.0377,21.76,0.0,27.3,23.3,1781033921317364205
1781033921441318226,43,0,8,0,true,0.0062,0.0004,50,8192,0.455,0.455,47.95,0.455,0,0,0.0378,0.0378,21.81,0.0,27.3,23.3,1781033921426886998
1781033921537757369,43,0,8,0,true,0.0062,0.0001,50,8192,0.454,0.454,47.95,0.454,0,0,0.0377,0.0377,21.76,0.0,27.3,23.3,1781033921537338429
1781033921644864655,43,0,8,0,true,0.0062,0.0002,51,8192,0.455,0.455,47.95,0.455,0,0,0.0378,0.0378,21.82,0.0,27.3,23.3,1781033921617646804
1781033921746383952,43,0,8,0,true,0.0063,0.0001,51,8192,0.454,0.454,47.95,0.454,0,0,0.0377,0.0377,21.79,0.0,27.3,23.3,1781033921727494977
1781033921845645507,43,0,8,0,true,0.0063,0.0004,51,8192,0.455,0.455,47.95,0.455,0,0,0.0378,0.0378,21.81,0.0,27.3,23.3,1781033921833722044
1781033921946432098,43,0,8,0,true,0.0063,0.0005,51,8192,0.455,0.455,47.95,0.455,0,0,0.0378,0.0378,21.81,0.0,27.3,23.3,1781033921944937709
1781033922046176201,43,0,8,0,true,0.0064,0.0002,52,8192,0.452,0.452,47.95,0.452,0,0,0.0375,0.0375,21.66,0.0,27.3,23.3,1781033922043511025
1781033922145765287,43,0,8,0,true,0.0064,0.0002,52,8192,0.455,0.455,47.95,0.455,0,0,0.0378,0.0378,21.84,0.0,27.3,23.3,1781033922138077259
1781033922246073152,43,0,8,0,true,0.0064,0.0003,52,8192,0.455,0.455,47.95,0.455,0,0,0.0378,0.0378,21.84,0.0,27.3,23.3,1781033922238497082
1781033922348607792,43,0,8,0,true,0.0064,0.0,52,8192,0.455,0.455,47.95,0.455,0,0,0.0378,0.0378,21.82,0.0,27.3,23.3,1781033922331721638
1781033922446165168,43,0,8,0,true,0.0064,0.0004,52,8192,0.455,0.455,47.95,0.455,0,0,0.0378,0.0378,21.83,0.0,27.3,23.3,1781033922427589719
1781033922552855585,43,0,8,0,true,0.0065,0.0001,52,8192,0.455,0.455,47.95,0.455,0,0,0.0377,0.0377,21.8,0.0,27.3,23.3,1781033922538811144
1781033922654279120,43,0,8,0,true,0.0065,0.0003,53,8192,0.456,0.456,47.95,0.456,0,0,0.0378,0.0378,21.85,0.0,27.3,23.3,1781033922646535969
1781033922758039885,43,0,8,0,true,0.0065,0.0,53,8192,0.455,0.455,47.95,0.455,0,0,0.0378,0.0378,21.84,0.0,27.3,23.3,1781033922757382670
1781033922860327969,43,0,8,0,true,0.0065,0.0002,53,8192,0.455,0.455,47.95,0.455,0,0,0.0378,0.0378,21.84,0.0,27.3,23.3,1781033922837649796
1781033922960893088,43,0,8,0,true,0.0065,0.0001,53,8192,0.454,0.454,47.95,0.454,0,0,0.0376,0.0376,21.75,0.0,27.3,23.3,1781033922946151540
1781033923060864580,43,0,8,0,true,0.0066,0.0001,53,8192,0.455,0.455,47.95,0.455,0,0,0.0378,0.0378,21.81,0.0,27.3,23.3,1781033923045966422
1781033923160872024,43,0,8,0,true,0.0066,0.0002,53,8192,0.455,0.455,47.95,0.455,0,0,0.0378,0.0378,21.84,0.0,27.3,23.3,1781033923151509563
1781033923259232760,43,0,8,0,true,0.0066,0.0005,54,8192,0.449,0.449,47.95,0.449,0,0,0.0372,0.0372,21.51,0.0,27.3,23.3,1781033923251537059
1781033923358546215,43,0,8,0,true,0.0066,0.0001,54,8192,0.455,0.455,47.95,0.455,0,0,0.0378,0.0378,21.82,0.0,27.3,23.3,1781033923347499287
1781033923459318826,43,0,8,0,true,0.0067,0.0001,54,8192,0.455,0.455,47.95,0.455,0,0,0.0378,0.0378,21.82,0.0,27.3,23.3,1781033923430601574
1781033923560207881,43,0,8,0,true,0.0067,0.0004,54,8192,0.456,0.456,47.95,0.456,0,0,0.0378,0.0378,21.84,0.0,27.3,23.3,1781033923559881423
1781033923658459771,43,0,8,0,true,0.0067,0.0003,54,8192,0.456,0.456,47.95,0.456,0,0,0.0378,0.0378,21.85,0.0,27.3,23.3,1781033923637483451
1781033923759334864,43,0,8,0,true,0.0067,0.0001,54,8192,0.454,0.454,47.95,0.454,0,0,0.0376,0.0376,21.74,0.0,27.3,23.3,1781033923756379415
1781033923858435354,43,0,8,0,true,0.0067,0.0004,55,8192,0.456,0.456,47.95,0.456,0,0,0.0378,0.0378,21.85,0.0,27.3,23.3,1781033923829428303
1781033923958965163,43,0,8,0,true,0.0068,0.0,55,8192,0.455,0.455,47.95,0.455,0,0,0.0378,0.0378,21.83,0.0,27.3,23.3,1781033923940066683
1781033924058604592,43,0,8,0,true,0.0068,0.0002,55,8192,0.456,0.456,47.95,0.456,0,0,0.0378,0.0378,21.85,0.0,27.3,23.3,1781033924041712420
1781033924160887708,43,0,8,0,true,0.0068,0.0004,55,8192,0.456,0.456,47.95,0.456,0,0,0.0378,0.0378,21.85,0.0,27.3,23.3,1781033924150569915
1781033924260944454,43,0,8,0,true,0.0068,0.0002,56,8192,0.453,0.453,47.95,0.453,0,0,0.0376,0.0376,21.7,0.0,27.3,23.3,1781033924249458375
1781033924358503308,43,0,8,0,true,0.0069,0.0001,56,8192,0.454,0.454,47.95,0.454,0,0,0.0377,0.0377,21.75,0.0,27.3,23.3,1781033924350889378
1781033924459336120,43,0,8,0,true,0.0069,0.0003,56,8192,0.456,0.456,47.95,0.456,0,0,0.0378,0.0378,21.85,0.0,27.3,23.3,1781033924433627821
1781033924560888551,43,0,8,0,true,0.0069,0.0005,56,8192,0.449,0.449,47.95,0.449,0,0,0.0373,0.0373,21.53,0.0,27.3,23.3,1781033924543571634
1781033924659030388,43,0,8,0,true,0.007,0.0004,57,8192,0.451,0.451,47.95,0.451,0,0,0.0374,0.0374,21.62,0.0,27.3,23.3,1781033924653646473
1781033924760932034,43,0,8,0,true,0.007,0.0,57,8192,0.456,0.456,47.95,0.456,0,0,0.0378,0.0378,21.85,0.0,27.3,23.3,1781033924741620200
1781033924858908058,43,0,8,0,true,0.007,0.0002,57,8192,0.456,0.456,47.95,0.456,0,0,0.0378,0.0378,21.85,0.0,27.3,23.3,1781033924827098043
1781033924958496816,43,0,8,0,true,0.007,0.0001,57,8192,0.455,0.455,47.95,0.455,0,0,0.0378,0.0378,21.84,0.0,27.3,23.3,1781033924958319812
1781033925060880981,43,0,8,0,true,0.007,0.0004,57,8192,0.456,0.456,47.95,0.456,0,0,0.0378,0.0378,21.85,0.0,27.3,23.3,1781033925051836736
1781033925160898688,43,0,8,0,true,0.007,0.0,57,8192,0.456,0.456,47.95,0.456,0,0,0.0378,0.0378,21.85,0.0,27.3,23.3,1781033925153000422
1781033925258782934,43,0,8,0,true,0.0071,0.0001,57,8192,0.453,0.453,47.95,0.453,0,0,0.0376,0.0376,21.74,0.0,27.3,23.3,1781033925250227940
1781033925358547779,43,0,8,0,true,0.0071,0.0004,57,8192,0.456,0.456,47.95,0.456,0,0,0.0378,0.0378,21.85,0.0,27.3,23.3,1781033925353877900
1781033925462770123,43,0,8,0,true,0.0071,0.0,58,8192,0.456,0.456,47.95,0.456,0,0,0.0378,0.0378,21.84,0.0,27.3,23.3,1781033925447519631
1781033925560931549,43,0,8,0,true,0.0071,0.0001,58,8192,0.456,0.456,47.95,0.456,0,0,0.0378,0.0378,21.85,0.0,27.3,23.3,1781033925535270913
1781033925658964326,43,0,8,0,true,0.0072,0.0002,58,8192,0.456,0.456,47.95,0.456,0,0,0.0378,0.0378,21.85,0.0,27.3,23.3,1781033925656408998
1781033925758742710,43,0,8,0,true,0.0072,0.0003,58,8192,0.452,0.452,47.95,0.452,0,0,0.0375,0.0375,21.67,0.0,27.3,23.3,1781033925749000142
1781033925858710204,43,0,8,0,true,0.0072,0.0,58,8192,0.454,0.454,47.95,0.454,0,0,0.0377,0.0377,21.79,0.0,27.3,23.3,1781033925855727616
1781033925960884214,43,0,8,0,true,0.0072,0.0002,59,8192,0.456,0.456,47.95,0.456,0,0,0.0378,0.0378,21.85,0.0,27.3,23.3,1781033925941000346
1781033926059733238,43,0,8,0,true,0.0072,0.0004,59,8192,0.456,0.456,47.95,0.456,0,0,0.0378,0.0378,21.86,0.0,27.3,23.3,1781033926050221481
1781033926159286768,43,0,8,0,true,0.0073,0.0001,59,8192,0.456,0.456,47.95,0.456,0,0,0.0378,0.0378,21.85,0.0,27.3,23.3,1781033926151461791
1781033926260964947,43,0,8,0,true,0.0073,0.0004,59,8192,0.456,0.456,47.95,0.456,0,0,0.0378,0.0378,21.85,0.0,27.3,23.3,1781033926254025604
1781033926360885173,43,0,8,0,true,0.0073,0.0,59,8192,0.456,0.456,47.95,0.456,0,0,0.0378,0.0378,21.85,0.0,27.3,23.3,1781033926350398308
1781033926458943255,43,0,8,0,true,0.0073,0.0004,60,8192,0.456,0.456,47.95,0.456,0,0,0.0378,0.0378,21.86,0.0,27.3,23.3,1781033926452394213
1781033926559286614,43,0,8,0,true,0.0074,0.0,60,8192,0.456,0.456,47.95,0.456,0,0,0.0378,0.0378,21.86,0.0,27.3,23.3,1781033926548468781
1781033926659204329,43,0,8,0,true,0.0074,0.0002,60,8192,0.456,0.456,47.95,0.456,0,0,0.0378,0.0378,21.86,0.0,27.3,23.3,1781033926643632046
1781033926759382915,43,0,8,0,true,0.0074,0.0004,60,8192,0.456,0.456,47.95,0.456,0,0,0.0378,0.0378,21.85,0.0,27.3,23.3,1781033926753457295
1781033926859188130,43,0,8,0,true,0.0074,0.0001,60,8192,0.455,0.455,47.95,0.455,0,0,0.0378,0.0378,21.82,0.0,27.3,23.3,1781033926849150458
1781033926958625356,43,0,8,0,true,0.0075,0.0001,61,8192,0.456,0.456,47.95,0.456,0,0,0.0378,0.0378,21.85,0.0,27.3,23.3,1781033926954783826
1781033927060889051,43,0,8,0,true,0.0075,0.0002,61,8192,0.456,0.456,47.95,0.456,0,0,0.0378,0.0378,21.85,0.0,27.3,23.3,1781033927052312181
1781033927160867037,43,0,8,0,true,0.0075,0.0005,61,8192,0.45,0.45,47.95,0.45,0,0,0.0374,0.0374,21.58,0.0,27.3,23.3,1781033927140509206
1781033927261478180,43,0,8,0,true,0.0075,0.0001,61,8192,0.456,0.456,47.95,0.456,0,0,0.0378,0.0378,21.85,0.0,27.3,23.3,1781033927253578377
1781033927359157472,43,0,8,0,true,0.0075,0.0004,61,8192,0.451,0.451,47.95,0.451,0,0,0.0375,0.0375,21.64,0.0,27.3,23.3,1781033927348281174
1781033927460851391,43,0,8,0,true,0.0076,0.0001,61,8192,0.454,0.454,47.95,0.454,0,0,0.0377,0.0377,21.78,0.0,27.3,23.3,1781033927455978572
1781033927560929082,43,0,8,0,true,0.0076,0.0,62,8192,0.456,0.456,47.95,0.456,0,0,0.0378,0.0378,21.86,0.0,27.3,23.3,1781033927542699005
1781033927661278640,43,0,8,0,true,0.0076,0.0002,62,8192,0.456,0.456,47.95,0.456,0,0,0.0378,0.0378,21.86,0.0,27.4,23.4,1781033927638013977
1781033927758811080,43,0,8,0,true,0.0076,0.0,62,8192,0.456,0.456,47.95,0.456,0,0,0.0378,0.0378,21.86,0.0,27.4,23.4,1781033927754759242
1781033927861881456,43,0,8,0,true,0.0076,0.0001,62,8192,0.456,0.456,47.95,0.456,0,0,0.0378,0.0378,21.85,0.0,27.4,23.4,1781033927834302314
1781033927959057914,43,0,8,0,true,0.0077,0.0003,62,8192,0.456,0.456,47.95,0.456,0,0,0.0378,0.0378,21.85,0.0,27.4,23.4,1781033927930987787
1781033928060874985,43,0,8,0,true,0.0077,0.0,63,8192,0.456,0.456,47.95,0.456,0,0,0.0378,0.0378,21.86,0.0,27.4,23.4,1781033928040135356
1781033928160883729,43,0,8,0,true,0.0077,0.0003,63,8192,0.456,0.456,47.95,0.456,0,0,0.0378,0.0378,21.86,0.0,27.4,23.4,1781033928154567968
1781033928258762313,43,0,8,0,true,0.0077,0.0003,63,8192,0.452,0.452,47.95,0.452,0,0,0.0375,0.0375,21.68,0.0,27.4,23.4,1781033928253904324
1781033928360890247,43,0,8,0,true,0.0077,0.0001,63,8192,0.456,0.456,47.95,0.456,0,0,0.0378,0.0378,21.86,0.0,27.4,23.4,1781033928350399474
1781033928460903270,43,0,8,0,true,0.0078,0.0003,63,8192,0.452,0.452,47.95,0.452,0,0,0.0376,0.0376,21.69,0.0,27.4,23.4,1781033928447614456
1781033928564883717,43,0,8,0,true,0.0078,0.0005,63,8192,0.45,0.45,47.95,0.45,0,0,0.0374,0.0374,21.59,0.0,27.4,23.4,1781033928552821010
1781033928668872695,43,0,8,0,true,0.0078,0.0001,63,8192,0.456,0.456,47.95,0.456,0,0,0.0378,0.0378,21.86,0.0,27.4,23.4,1781033928653396158
1781033928766449977,43,0,8,0,true,0.0078,0.0002,64,8192,0.453,0.453,47.95,0.453,0,0,0.0376,0.0376,21.72,0.0,27.4,23.4,1781033928758545698
1781033928868862956,43,0,8,0,true,0.0079,0.0,64,8192,0.456,0.456,47.95,0.456,0,0,0.0379,0.0379,21.87,0.0,27.4,23.4,1781033928847662225
1781033928967869914,43,0,8,0,true,0.0079,0.0002,64,8192,0.456,0.456,47.95,0.456,0,0,0.0378,0.0378,21.84,0.0,27.4,23.4,1781033928960671714
1781033929066230435,43,0,8,0,true,0.0079,0.0005,64,8192,0.451,0.451,47.95,0.451,0,0,0.0374,0.0374,21.61,0.0,27.4,23.4,1781033929045938152
1781033929168888375,43,0,8,0,true,0.008,0.0004,65,8192,0.452,0.452,47.95,0.452,0,0,0.0375,0.0375,21.65,0.0,27.4,23.4,1781033929160152263
1781033929268863806,43,0,8,0,true,0.008,0.0002,65,8192,0.454,0.454,47.95,0.454,0,0,0.0377,0.0377,21.75,0.0,27.4,23.4,1781033929253097997
1781033929366134186,43,0,8,0,true,0.008,0.0002,65,8192,0.454,0.454,47.95,0.454,0,0,0.0377,0.0377,21.76,0.0,27.4,23.4,1781033929357782270
1781033929466253173,43,0,8,0,true,0.008,0.0002,65,8192,0.456,0.456,47.95,0.456,0,0,0.0378,0.0378,21.86,0.0,27.4,23.4,1781033929454684459
1781033929568878127,43,0,8,0,true,0.008,0.0001,65,8192,0.456,0.456,47.95,0.456,0,0,0.0379,0.0379,21.87,0.0,27.4,23.4,1781033929557986926
1781033929669818216,43,0,8,0,true,0.008,0.0003,65,8192,0.456,0.456,47.95,0.456,0,0,0.0378,0.0378,21.86,0.0,27.4,23.4,1781033929639128049
1781033929768871822,43,0,8,0,true,0.008,0.0002,65,8192,0.456,0.456,47.95,0.456,0,0,0.0379,0.0379,21.86,0.0,27.4,23.4,1781033929744726653
1781033929865661108,43,0,8,0,true,0.0081,0.0002,66,8192,0.456,0.456,47.95,0.456,0,0,0.0379,0.0379,21.87,0.0,27.4,23.4,1781033929850720600
1781033929966220926,43,0,8,0,true,0.0081,0.0002,66,8192,0.456,0.456,47.95,0.456,0,0,0.0379,0.0379,21.87,0.0,27.4,23.4,1781033929937642970
1781033930066466932,43,0,8,0,true,0.0081,0.0003,66,8192,0.453,0.453,47.95,0.453,0,0,0.0376,0.0376,21.72,0.0,27.4,23.4,1781033930055600513
1781033930165931708,43,0,8,0,true,0.0081,0.0001,66,8192,0.455,0.455,47.95,0.455,0,0,0.0378,0.0378,21.83,0.0,27.4,23.4,1781033930156306734
1781033930268858982,43,0,8,0,true,0.0081,0.0001,66,8192,0.456,0.456,47.95,0.456,0,0,0.0379,0.0379,21.87,0.0,27.4,23.4,1781033930256509202
1781033930368844674,43,0,8,0,true,0.0082,0.0001,66,8192,0.455,0.455,47.95,0.455,0,0,0.0377,0.0377,21.8,0.0,27.4,23.4,1781033930356977564
1781033930465659167,43,0,8,0,true,0.0082,0.0001,67,8192,0.456,0.456,47.95,0.456,0,0,0.0379,0.0379,21.87,0.0,27.4,23.4,1781033930461718217
1781033930566000775,43,0,8,0,true,0.0082,0.0003,67,8192,0.453,0.453,47.95,0.453,0,0,0.0376,0.0376,21.72,0.0,27.4,23.4,1781033930538966848
1781033930668852001,43,0,8,0,true,0.0082,0.0001,67,8192,0.456,0.456,47.95,0.456,0,0,0.0379,0.0379,21.88,0.0,27.4,23.4,1781033930657390665
1781033930766184330,43,0,8,0,true,0.0082,0.0003,67,8192,0.456,0.456,47.95,0.456,0,0,0.0379,0.0379,21.87,0.0,27.4,23.4,1781033930760262773
1781033930868866463,43,0,8,0,true,0.0082,0.0,67,8192,0.456,0.456,47.95,0.456,0,0,0.0379,0.0379,21.88,0.0,27.4,23.4,1781033930852924664
1781033930965938512,43,0,8,0,true,0.0083,0.0003,67,8192,0.456,0.456,47.95,0.456,0,0,0.0379,0.0379,21.87,0.0,27.4,23.4,1781033930950260155
1781033931068848034,43,0,8,0,true,0.0083,0.0001,67,8192,0.456,0.456,47.95,0.456,0,0,0.0379,0.0379,21.88,0.0,27.4,23.4,1781033931058125940
1781033931166185932,43,0,8,0,true,0.0083,0.0001,68,8192,0.454,0.454,47.95,0.454,0,0,0.0377,0.0377,21.78,0.0,27.4,23.4,1781033931165943898
1781033931266476452,43,0,8,0,true,0.0083,0.0004,68,8192,0.452,0.452,47.95,0.452,0,0,0.0375,0.0375,21.67,0.0,27.4,23.4,1781033931263138434
1781033931366426925,43,0,8,0,true,0.0083,0.0,68,8192,0.456,0.456,47.95,0.456,0,0,0.0379,0.0379,21.88,0.0,27.4,23.4,1781033931341060765
1781033931466150183,43,0,8,0,true,0.0083,0.0003,68,8192,0.456,0.456,47.95,0.456,0,0,0.0378,0.0378,21.86,0.0,27.4,23.4,1781033931457892498
1781033931566104417,43,0,8,0,true,0.0084,0.0001,68,8192,0.456,0.456,47.95,0.456,0,0,0.0379,0.0379,21.87,0.0,27.4,23.4,1781033931554377248
1781033931668871125,43,0,8,0,true,0.0084,0.0001,68,8192,0.456,0.456,47.95,0.456,0,0,0.0379,0.0379,21.87,0.0,27.4,23.4,1781033931656776095
1781033931768855161,43,0,8,0,true,0.0084,0.0004,68,8192,0.452,0.452,47.95,0.452,0,0,0.0375,0.0375,21.65,0.0,27.4,23.4,1781033931756226103
1781033931865944444,43,0,8,0,true,0.0084,0.0002,68,8192,0.454,0.454,47.95,0.454,0,0,0.0377,0.0377,21.77,0.0,27.4,23.4,1781033931855376417
1781033931965746204,43,0,8,0,true,0.0084,0.0,69,8192,0.456,0.456,47.95,0.456,0,0,0.0379,0.0379,21.88,0.0,27.4,23.4,1781033931959936142
1781033932066401202,43,0,8,0,true,0.0085,0.0002,69,8192,0.454,0.454,47.95,0.454,0,0,0.0377,0.0377,21.77,0.0,27.4,23.4,1781033932060857078
1781033932167926236,43,0,8,0,true,0.0085,0.0001,69,8192,0.455,0.455,47.95,0.455,0,0,0.0378,0.0378,21.82,0.0,27.4,23.4,1781033932142658576
1781033932266003729,43,0,8,0,true,0.0085,0.0003,69,8192,0.453,0.453,47.95,0.453,0,0,0.0376,0.0376,21.74,0.0,27.4,23.4,1781033932257643479
1781033932367137707,43,0,8,0,true,0.0085,0.0,69,8192,0.456,0.456,47.95,0.456,0,0,0.0379,0.0379,21.88,0.0,27.4,23.4,1781033932366693405
1781033932468864161,43,0,8,0,true,0.0085,0.0003,69,8192,0.453,0.453,47.95,0.453,0,0,0.0376,0.0376,21.7,0.0,27.4,23.4,1781033932457696272
1781033932566262323,43,0,8,0,true,0.0085,0.0002,69,8192,0.454,0.454,47.95,0.454,0,0,0.0377,0.0377,21.77,0.0,27.4,23.4,1781033932554649997
1781033932665886470,43,0,8,0,true,0.0085,0.0003,70,8192,0.456,0.456,47.95,0.456,0,0,0.0379,0.0379,21.87,0.0,27.4,23.4,1781033932636634376
1781033932766265789,43,0,8,0,true,0.0086,0.0002,70,8192,0.454,0.454,47.95,0.454,0,0,0.0377,0.0377,21.78,0.0,27.4,23.4,1781033932765934961
1781033932868862077,43,0,8,0,true,0.0086,0.0004,70,8192,0.452,0.452,47.95,0.452,0,0,0.0375,0.0375,21.67,0.0,27.4,23.4,1781033932858398367
1781033932966769578,43,0,8,0,true,0.0086,0.0002,70,8192,0.456,0.456,47.95,0.456,0,0,0.0379,0.0379,21.87,0.0,27.4,23.4,1781033932949917818
1781033933065579191,43,0,8,0,true,0.0086,0.0002,70,8192,0.456,0.456,47.95,0.456,0,0,0.0379,0.0379,21.88,0.0,27.4,23.4,1781033933050430074
1781033933166172025,43,0,8,0,true,0.0087,0.0001,70,8192,0.455,0.455,47.95,0.455,0,0,0.0377,0.0377,21.81,0.0,27.4,23.4,1781033933149697031
1781033933268857093,43,0,8,0,true,0.0087,0.0004,71,8192,0.453,0.453,47.95,0.453,0,0,0.0376,0.0376,21.7,0.0,27.4,23.4,1781033933257428414
1781033933365570186,43,0,8,0,true,0.0087,0.0,71,8192,0.456,0.456,47.95,0.456,0,0,0.0379,0.0379,21.89,0.0,27.4,23.4,1781033933337334812
1781033933468430475,43,0,8,0,true,0.0087,0.0002,71,8192,0.456,0.456,47.95,0.456,0,0,0.0379,0.0379,21.87,0.0,27.4,23.4,1781033933448403153
1781033933565669332,43,0,8,0,true,0.0087,0.0002,71,8192,0.456,0.456,47.94,0.456,0,0,0.0379,0.0379,21.88,0.0,27.4,23.4,1781033933562338526
1781033933665494797,43,0,8,0,true,0.0087,0.0002,71,8192,0.454,0.454,47.94,0.454,0,0,0.0377,0.0377,21.77,0.0,27.4,23.4,1781033933653386611
1781033933768862610,43,0,8,0,true,0.0088,0.0001,71,8192,0.455,0.455,47.94,0.455,0,0,0.0378,0.0378,21.81,0.0,27.4,23.4,1781033933757377635
1781033933866306169,43,0,8,0,true,0.0088,0.0,71,8192,0.457,0.457,47.94,0.457,0,0,0.0379,0.0379,21.89,0.0,27.4,23.4,1781033933864205875
1781033933966108790,43,0,8,0,true,0.0088,0.0,72,8192,0.457,0.457,47.94,0.457,0,0,0.0379,0.0379,21.89,0.0,27.4,23.4,1781033933962748921
1781033934067662954,43,0,8,0,true,0.0088,0.0003,72,8192,0.456,0.456,47.94,0.456,0,0,0.0379,0.0379,21.87,0.0,27.4,23.4,1781033934056487882
1781033934166056033,43,0,8,0,true,0.0088,0.0002,72,8192,0.456,0.456,47.94,0.456,0,0,0.0379,0.0379,21.87,0.0,27.4,23.4,1781033934156991088
1781033934266156747,43,0,8,0,true,0.0089,0.0004,72,8192,0.453,0.453,47.94,0.453,0,0,0.0376,0.0376,21.71,0.0,27.4,23.4,1781033934243155646
1781033934367601596,43,0,8,0,true,0.0089,0.0,72,8192,0.457,0.457,47.94,0.457,0,0,0.0379,0.0379,21.89,0.0,27.4,23.4,1781033934360537298
1781033934466505214,43,0,8,0,true,0.0089,0.0001,72,8192,0.455,0.455,47.94,0.455,0,0,0.0378,0.0378,21.81,0.0,27.4,23.4,1781033934453425377
1781033934566461411,43,0,8,0,true,0.0089,0.0003,72,8192,0.453,0.453,47.94,0.453,0,0,0.0376,0.0376,21.72,0.0,27.4,23.4,1781033934557700336
1781033934666886528,43,0,8,0,true,0.0089,0.0001,73,8192,0.456,0.456,47.94,0.456,0,0,0.0379,0.0379,21.88,0.0,27.4,23.4,1781033934655408518
1781033934766151878,43,0,8,0,true,0.0089,0.0001,73,8192,0.456,0.456,47.94,0.456,0,0,0.0379,0.0379,21.88,0.0,27.4,23.4,1781033934746308664
1781033934865943651,43,0,8,0,true,0.0089,0.0,73,8192,0.457,0.457,47.94,0.457,0,0,0.0379,0.0379,21.89,0.0,27.4,23.4,1781033934865298976
1781033934966666522,43,0,8,0,true,0.009,0.0001,73,8192,0.456,0.456,47.94,0.456,0,0,0.0379,0.0379,21.88,0.0,27.4,23.4,1781033934960161139
1781033935066163799,43,0,8,0,true,0.009,0.0002,73,8192,0.456,0.456,47.94,0.456,0,0,0.0379,0.0379,21.88,0.0,27.4,23.4,1781033935049678661
1781033935167010949,43,0,8,0,true,0.009,0.0003,73,8192,0.454,0.454,47.94,0.454,0,0,0.0377,0.0377,21.76,0.0,27.4,23.4,1781033935152726905
1781033935265451650,43,0,8,0,true,0.009,0.0001,73,8192,0.455,0.455,47.94,0.455,0,0,0.0378,0.0378,21.83,0.0,27.4,23.4,1781033935250342084
1781033935366220730,43,0,8,0,true,0.009,0.0004,73,8192,0.453,0.453,47.94,0.453,0,0,0.0376,0.0376,21.71,0.0,27.4,23.4,1781033935354755032
1781033935466243566,43,0,8,0,true,0.009,0.0001,74,8192,0.456,0.456,47.94,0.456,0,0,0.0378,0.0378,21.84,0.0,27.4,23.4,1781033935454489999
1781033935566163910,43,0,8,0,true,0.009,0.0,74,8192,0.457,0.457,47.94,0.457,0,0,0.0379,0.0379,21.89,0.0,27.4,23.4,1781033935536962331
1781033935666159554,43,0,8,0,true,0.0091,0.0001,74,8192,0.455,0.455,47.94,0.455,0,0,0.0378,0.0378,21.84,0.0,27.4,23.4,1781033935648757322
1781033935765676539,43,0,8,0,true,0.0091,0.0001,74,8192,0.456,0.456,47.94,0.456,0,0,0.0379,0.0379,21.88,0.0,27.4,23.4,1781033935752854543
1781033935866015424,43,0,8,0,true,0.0091,0.0,74,8192,0.456,0.456,47.94,0.456,0,0,0.0378,0.0378,21.86,0.0,27.4,23.4,1781033935835313946
1781033935965873811,43,0,8,0,true,0.0091,0.0002,74,8192,0.456,0.456,47.94,0.456,0,0,0.0379,0.0379,21.88,0.0,27.4,23.4,1781033935956480144
1781033936065611255,43,0,8,0,true,0.0091,0.0002,74,8192,0.456,0.456,47.94,0.456,0,0,0.0379,0.0379,21.88,0.0,27.4,23.4,1781033936064081005
1781033936166185929,43,0,8,0,true,0.0091,0.0,74,8192,0.457,0.457,47.94,0.457,0,0,0.0379,0.0379,21.89,0.0,27.4,23.4,1781033936149161293
1781033936265929223,43,0,8,0,true,0.0091,0.0001,74,8192,0.455,0.455,47.94,0.455,0,0,0.0378,0.0378,21.82,0.0,27.4,23.4,1781033936260108160
1781033936365628178,43,0,8,0,true,0.0092,0.0003,75,8192,0.454,0.454,47.94,0.454,0,0,0.0376,0.0376,21.75,0.0,27.4,23.4,1781033936353246234
1781033936465626895,43,0,8,0,true,0.0092,0.0001,75,8192,0.456,0.456,47.94,0.456,0,0,0.0379,0.0379,21.87,0.0,27.4,23.4,1781033936459698181
1781033936566375317,43,0,8,0,true,0.0092,0.0002,75,8192,0.454,0.454,47.94,0.454,0,0,0.0377,0.0377,21.77,0.0,27.4,23.4,1781033936558996811
1781033936665452826,43,0,8,0,true,0.0092,0.0002,75,8192,0.456,0.456,47.94,0.456,0,0,0.0379,0.0379,21.88,0.0,27.4,23.4,1781033936571424451
1781033936771171118,43,0,8,0,true,0.0092,0.0001,75,8192,0.457,0.457,47.94,0.457,0,0,0.0379,0.0379,21.89,0.0,27.4,23.4,1781033936763109802
1781033936872426750,43,0,8,0,true,0.0092,0.0003,75,8192,0.454,0.454,47.94,0.454,0,0,0.0377,0.0377,21.77,0.0,27.4,23.4,1781033936860357515
1781033936972117307,43,0,8,0,true,0.0092,0.0002,75,8192,0.457,0.457,47.94,0.457,0,0,0.0379,0.0379,21.89,0.0,27.4,23.4,1781033936953794626
1781033937076998991,43,0,8,0,true,0.0093,0.0,75,8192,0.457,0.457,47.94,0.457,0,0,0.0379,0.0379,21.9,0.0,27.4,23.4,1781033937059656117
1781033937178157958,43,0,8,0,true,0.0093,0.0001,75,8192,0.455,0.455,47.94,0.455,0,0,0.0378,0.0378,21.81,0.0,27.4,23.4,1781033937162446685
1781033937277752293,43,0,8,0,true,0.0093,0.0002,76,8192,0.456,0.456,47.94,0.456,0,0,0.0379,0.0379,21.88,0.0,27.4,23.4,1781033937275516796
1781033937380881485,43,0,8,0,true,0.0093,0.0002,76,8192,0.454,0.454,47.94,0.454,0,0,0.0377,0.0377,21.79,0.0,27.4,23.4,1781033937366829406
1781033937477523535,43,0,8,0,true,0.0093,0.0,76,8192,0.457,0.457,47.94,0.457,0,0,0.0379,0.0379,21.9,0.0,27.4,23.4,1781033937472163990
1781033937577905132,43,0,8,0,true,0.0093,0.0,76,8192,0.457,0.457,47.94,0.457,0,0,0.0379,0.0379,21.9,0.0,27.4,23.4,1781033937550632048
1781033937678194267,43,0,8,0,true,0.0093,0.0,76,8192,0.457,0.457,47.94,0.457,0,0,0.0379,0.0379,21.9,0.0,27.4,23.4,1781033937674479083
1781033937780896000,43,0,8,0,true,0.0094,0.0003,76,8192,0.454,0.454,47.94,0.454,0,0,0.0376,0.0376,21.75,0.0,27.4,23.4,1781033937764076976
1781033937877587911,43,0,8,0,true,0.0094,0.0001,76,8192,0.456,0.456,47.94,0.456,0,0,0.0378,0.0378,21.85,0.0,27.4,23.4,1781033937872930543
1781033937981187335,43,0,8,0,true,0.0094,0.0002,76,8192,0.454,0.454,47.94,0.454,0,0,0.0377,0.0377,21.78,0.0,27.4,23.4,1781033937976267098
1781033938077768224,43,0,8,0,true,0.0094,0.0002,76,8192,0.455,0.455,47.94,0.455,0,0,0.0377,0.0377,21.8,0.0,27.4,23.4,1781033938076382868
1781033938177531942,43,0,8,0,true,0.0094,0.0001,77,8192,0.456,0.456,47.94,0.456,0,0,0.0378,0.0378,21.85,0.0,27.4,23.4,1781033938158290821
1781033938277800706,43,0,8,0,true,0.0094,0.0,77,8192,0.457,0.457,47.94,0.457,0,0,0.0379,0.0379,21.9,0.0,27.4,23.4,1781033938263939319
1781033938380852167,43,0,8,0,true,0.0094,0.0001,77,8192,0.455,0.455,47.94,0.455,0,0,0.0378,0.0378,21.82,0.0,27.4,23.4,1781033938371927602
1781033938477824974,43,0,8,0,true,0.0094,0.0,77,8192,0.457,0.457,47.94,0.457,0,0,0.0379,0.0379,21.89,0.0,27.4,23.4,1781033938453648986
1781033938579030275,43,0,8,0,true,0.0095,0.0002,77,8192,0.457,0.457,47.94,0.457,0,0,0.0379,0.0379,21.89,0.0,27.4,23.4,1781033938555499256
1781033938678061240,43,0,8,0,true,0.0095,0.0002,77,8192,0.457,0.457,47.94,0.457,0,0,0.0379,0.0379,21.89,0.0,27.4,23.4,1781033938674296344
1781033938778008110,43,0,8,0,true,0.0095,0.0002,77,8192,0.457,0.457,47.94,0.457,0,0,0.0379,0.0379,21.89,0.0,27.4,23.4,1781033938763666190
1781033938878486697,43,0,8,0,true,0.0095,0.0,77,8192,0.457,0.457,47.94,0.457,0,0,0.0379,0.0379,21.9,0.0,27.4,23.4,1781033938856570064
1781033938977485253,43,0,8,0,true,0.0095,0.0,77,8192,0.457,0.457,47.94,0.457,0,0,0.0379,0.0379,21.9,0.0,27.4,23.4,1781033938973130194
1781033939077819131,43,0,8,0,true,0.0095,0.0002,77,8192,0.457,0.457,47.94,0.457,0,0,0.0379,0.0379,21.89,0.0,27.4,23.4,1781033939060017953
1781033939177848833,43,0,8,0,true,0.0095,0.0,78,8192,0.457,0.457,47.94,0.457,0,0,0.0379,0.0379,21.9,0.0,27.4,23.4,1781033939150546367
1781033939280899496,43,0,8,0,true,0.0095,0.0001,78,8192,0.455,0.455,47.94,0.455,0,0,0.0378,0.0378,21.84,0.0,27.4,23.4,1781033939261861277
1781033939380883793,43,0,8,0,true,0.0096,0.0002,78,8192,0.457,0.457,47.94,0.457,0,0,0.0379,0.0379,21.89,0.0,27.4,23.4,1781033939365942848
1781033939478078754,43,0,8,0,true,0.0096,0.0002,78,8192,0.457,0.457,47.94,0.457,0,0,0.0379,0.0379,21.89,0.0,27.4,23.4,1781033939451214003
1781033939580880749,43,0,8,0,true,0.0096,0.0001,78,8192,0.455,0.455,47.94,0.455,0,0,0.0378,0.0378,21.83,0.0,27.4,23.4,1781033939573338014
1781033939678083669,43,0,8,0,true,0.0096,0.0002,78,8192,0.457,0.457,47.94,0.457,0,0,0.0379,0.0379,21.89,0.0,27.4,23.4,1781033939669132267
1781033939777663791,43,0,8,0,true,0.0096,0.0,78,8192,0.457,0.457,47.94,0.457,0,0,0.0379,0.0379,21.9,0.0,27.4,23.4,1781033939757233448
1781033939877600355,43,0,8,0,true,0.0096,0.0001,78,8192,0.455,0.455,47.94,0.455,0,0,0.0378,0.0378,21.83,0.0,27.4,23.4,1781033939843020752
1781033939977527540,43,0,8,0,true,0.0096,0.0002,78,8192,0.457,0.457,47.94,0.457,0,0,0.0379,0.0379,21.89,0.0,27.4,23.4,1781033939958202879
1781033940077474003,43,0,8,0,true,0.0096,0.0002,78,8192,0.457,0.457,47.94,0.457,0,0,0.0379,0.0379,21.89,0.0,27.4,23.4,1781033940052355986
1781033940178485638,43,0,8,0,true,0.0096,0.0002,78,8192,0.455,0.455,47.94,0.455,0,0,0.0378,0.0378,21.82,0.0,27.4,23.4,1781033940175955926
1781033940277754728,43,0,8,0,true,0.0096,0.0002,79,8192,0.457,0.457,47.94,0.457,0,0,0.0379,0.0379,21.89,0.0,27.4,23.4,1781033940273367711
1781033940377435320,43,0,8,0,true,0.0097,0.0,79,8192,0.457,0.457,47.94,0.457,0,0,0.0379,0.0379,21.9,0.0,27.4,23.4,1781033940369858520
1781033940479882268,43,0,8,0,true,0.0097,0.0,79,8192,0.457,0.457,47.94,0.457,0,0,0.0379,0.0379,21.9,0.0,27.4,23.4,1781033940479578192
1781033940580899250,43,0,8,0,true,0.0097,0.0,79,8192,0.457,0.457,47.94,0.457,0,0,0.0379,0.0379,21.9,0.0,27.4,23.4,1781033940560242987
1781033940677991660,43,0,8,0,true,0.0097,0.0002,79,8192,0.457,0.457,47.94,0.457,0,0,0.0379,0.0379,21.89,0.0,27.4,23.4,1781033940670045148
1781033940777962293,43,0,8,0,true,0.0097,0.0,79,8192,0.457,0.457,47.94,0.457,0,0,0.0379,0.0379,21.9,0.0,27.4,23.4,1781033940752592506
1781033940880870448,43,0,8,0,true,0.0097,0.0002,79,8192,0.457,0.457,47.94,0.457,0,0,0.0379,0.0379,21.89,0.0,27.4,23.4,1781033940853717230
1781033940980895003,43,0,8,0,true,0.0097,0.0,79,8192,0.457,0.457,47.94,0.457,0,0,0.0379,0.0379,21.9,0.0,27.4,23.4,1781033940967907320
1781033941078129427,43,0,8,0,true,0.0097,0.0002,79,8192,0.455,0.455,47.94,0.455,0,0,0.0378,0.0378,21.82,0.0,27.4,23.4,1781033941070403266
1781033941178127885,43,0,8,0,true,0.0097,0.0001,79,8192,0.456,0.456,47.94,0.456,0,0,0.0378,0.0378,21.86,0.0,27.4,23.4,1781033941171782846
1781033941277565262,43,0,8,0,true,0.0097,0.0001,79,8192,0.456,0.456,47.94,0.456,0,0,0.0379,0.0379,21.88,0.0,27.4,23.4,1781033941253574771
1781033941378507398,43,0,8,0,true,0.0098,0.0,79,8192,0.457,0.457,47.94,0.457,0,0,0.0379,0.0379,21.9,0.0,27.4,23.4,1781033941351294302
1781033941478370142,43,0,8,0,true,0.0098,0.0002,80,8192,0.455,0.455,47.94,0.455,0,0,0.0378,0.0378,21.82,0.0,27.4,23.4,1781033941471771380
1781033941580890123,43,0,8,0,true,0.0098,0.0001,80,8192,0.457,0.457,47.94,0.457,0,0,0.0379,0.0379,21.9,0.0,27.4,23.4,1781033941552622538
1781033941678250396,43,0,8,0,true,0.0098,0.0001,80,8192,0.457,0.457,47.94,0.457,0,0,0.0379,0.0379,21.9,0.0,27.4,23.4,1781033941673125922
1781033941780866556,43,0,8,0,true,0.0098,0.0,80,8192,0.457,0.457,47.94,0.457,0,0,0.0379,0.0379,21.9,0.0,27.4,23.4,1781033941773389480
1781033941877525241,43,0,8,0,true,0.0098,0.0001,80,8192,0.456,0.456,47.94,0.456,0,0,0.0379,0.0379,21.86,0.0,27.4,23.4,1781033941875050869
1781033941977889440,43,0,8,0,true,0.0098,0.0001,80,8192,0.456,0.456,47.94,0.456,0,0,0.0378,0.0378,21.84,0.0,27.4,23.4,1781033941961701185
1781033942077454272,43,0,8,0,true,0.0098,0.0,80,8192,0.457,0.457,47.94,0.457,0,0,0.0379,0.0379,21.9,0.0,27.4,23.4,1781033942072703237
1781033942180843393,43,0,8,0,true,0.0098,0.0001,80,8192,0.456,0.456,47.94,0.456,0,0,0.0378,0.0378,21.85,0.0,27.4,23.4,1781033942167714368
1781033942277853960,43,0,8,0,true,0.0098,0.0001,80,8192,0.456,0.456,47.94,0.456,0,0,0.0378,0.0378,21.84,0.0,27.4,23.4,1781033942274801406
1781033942377463853,43,0,8,0,true,0.0099,0.0002,80,8192,0.457,0.457,47.94,0.457,0,0,0.0379,0.0379,21.9,0.0,27.4,23.4,1781033942373893991
1781033942478382776,43,0,8,0,true,0.0099,0.0001,80,8192,0.457,0.457,47.94,0.457,0,0,0.0379,0.0379,21.9,0.0,27.4,23.4,1781033942468159676
1781033942577490395,43,0,8,0,true,0.0099,0.0,80,8192,0.457,0.457,47.94,0.457,0,0,0.0379,0.0379,21.9,0.0,27.4,23.4,1781033942558304933
1781033942677789295,43,0,8,0,true,0.0099,0.0001,80,8192,0.457,0.457,47.94,0.457,0,0,0.0379,0.0379,21.9,0.0,27.4,23.4,1781033942671947873
1781033942778024852,43,0,8,0,true,0.0099,0.0,81,8192,0.457,0.457,47.94,0.457,0,0,0.0379,0.0379,21.9,0.0,27.4,23.4,1781033942774287014
1781033942878090028,43,0,8,0,true,0.0099,0.0001,81,8192,0.456,0.456,47.94,0.456,0,0,0.0378,0.0378,21.85,0.0,27.4,23.4,1781033942861824601
1781033942978330357,43,0,8,0,true,0.0099,0.0002,81,8192,0.455,0.455,47.94,0.455,0,0,0.0378,0.0378,21.82,0.0,27.4,23.4,1781033942976983655
1781033943077942566,43,0,8,0,true,0.0099,0.0,81,8192,0.457,0.457,47.94,0.457,0,0,0.0379,0.0379,21.91,0.0,27.4,23.4,1781033943057403731
1781033943178015534,43,0,8,0,true,0.0099,0.0001,81,8192,0.457,0.457,47.94,0.457,0,0,0.0379,0.0379,21.89,0.0,27.4,23.4,1781033943157426549
1781033943277544728,43,0,8,0,true,0.0099,0.0001,81,8192,0.457,0.457,47.94,0.457,0,0,0.0379,0.0379,21.9,0.0,27.4,23.4,1781033943276028966
1781033943377427494,43,0,8,0,true,0.01,0.0,81,8192,0.457,0.457,47.94,0.457,0,0,0.0379,0.0379,21.9,0.0,27.4,23.4,1781033943361365137
1781033943477468934,43,0,8,0,true,0.01,0.0001,81,8192,0.456,0.456,47.94,0.456,0,0,0.0378,0.0378,21.86,0.0,27.4,23.4,1781033943460899800
1781033943580960878,43,0,8,0,true,0.01,0.0001,81,8192,0.457,0.457,47.94,0.457,0,0,0.0379,0.0379,21.9,0.0,27.4,23.4,1781033943570218026
1781033943684848682,43,0,8,0,true,0.01,0.0002,81,8192,0.456,0.456,47.94,0.456,0,0,0.0378,0.0378,21.84,0.0,27.4,23.4,1781033943673329830
1781033943785943267,43,0,8,0,true,0.01,0.0001,81,8192,0.456,0.456,47.94,0.456,0,0,0.0378,0.0378,21.85,0.0,27.4,23.4,1781033943779433460
1781033943885898760,43,0,8,0,true,0.01,0.0,81,8192,0.457,0.457,47.94,0.457,0,0,0.0379,0.0379,21.91,0.0,27.4,23.4,1781033943863202943
1781033943985856188,43,0,8,0,true,0.01,0.0002,81,8192,0.455,0.455,47.94,0.455,0,0,0.0378,0.0378,21.83,0.0,27.4,23.4,1781033943965674096
1781033944088877324,43,0,8,0,true,0.01,0.0,82,8192,0.457,0.457,47.94,0.457,0,0,0.0379,0.0379,21.91,0.0,27.4,23.4,1781033944076158580
1781033944186164686,43,0,8,0,true,0.01,0.0001,82,8192,0.456,0.456,47.94,0.456,0,0,0.0378,0.0378,21.85,0.0,27.4,23.4,1781033944182320878
1781033944288868469,43,0,8,0,true,0.01,0.0001,82,8192,0.457,0.457,47.94,0.457,0,0,0.0379,0.0379,21.9,0.0,27.4,23.4,1781033944274554655
1781033944388872114,43,0,8,0,true,0.01,0.0001,82,8192,0.456,0.456,47.94,0.456,0,0,0.0378,0.0378,21.84,0.0,27.4,23.4,1781033944379054555
1781033944486447343,43,0,8,0,true,0.0101,0.0,82,8192,0.457,0.457,47.94,0.457,0,0,0.0379,0.0379,21.91,0.0,27.4,23.4,1781033944484697764
1781033944585993265,43,0,8,0,true,0.0101,0.0001,82,8192,0.457,0.457,47.94,0.457,0,0,0.0379,0.0379,21.89,0.0,27.4,23.4,1781033944576305400
1781033944686127284,43,0,8,0,true,0.0101,0.0001,82,8192,0.457,0.457,47.94,0.457,0,0,0.0379,0.0379,21.91,0.0,27.4,23.4,1781033944673478628
1781033944788853113,43,0,8,0,true,0.0101,0.0001,82,8192,0.458,0.458,47.94,0.458,0,0,0.038,0.038,21.95,0.0,27.4,23.4,1781033944769350247
1781033944886050036,43,0,8,0,true,0.0101,0.0,82,8192,0.458,0.458,47.94,0.458,0,0,0.038,0.038,21.97,0.0,27.4,23.4,1781033944876373639
1781033944985967620,43,0,8,0,true,0.0101,0.0001,82,8192,0.457,0.457,47.94,0.457,0,0,0.0379,0.0379,21.91,0.0,27.4,23.4,1781033944967917931
1781033945088860176,43,0,8,0,true,0.0101,0.0001,82,8192,0.458,0.458,47.94,0.458,0,0,0.038,0.038,21.97,0.0,27.4,23.4,1781033945082296055
1781033945188888783,43,0,8,0,true,0.0101,0.0,82,8192,0.458,0.458,47.94,0.458,0,0,0.0381,0.0381,21.98,0.0,27.4,23.4,1781033945177758803
1781033945286162274,43,0,8,0,true,0.0101,0.0002,82,8192,0.457,0.457,47.94,0.457,0,0,0.0379,0.0379,21.91,0.0,27.4,23.4,1781033945275529282
1781033945386344371,43,0,8,0,true,0.0101,0.0001,83,8192,0.458,0.458,47.94,0.458,0,0,0.0381,0.0381,21.98,0.0,27.4,23.4,1781033945367230553
1781033945486534961,43,0,8,0,true,0.0101,0.0,83,8192,0.458,0.458,47.94,0.458,0,0,0.038,0.038,21.96,0.0,27.4,23.4,1781033945477930952
1781033945586121937,43,0,8,0,true,0.0102,0.0,83,8192,0.458,0.458,47.94,0.458,0,0,0.038,0.038,21.97,0.0,27.4,23.4,1781033945571945054
1781033945686277766,43,0,8,0,true,0.0102,0.0002,83,8192,0.456,0.456,47.94,0.456,0,0,0.0379,0.0379,21.87,0.0,27.4,23.4,1781033945677391616
1781033945788857227,43,0,8,0,true,0.0102,0.0002,83,8192,0.457,0.457,47.94,0.457,0,0,0.0379,0.0379,21.89,0.0,27.4,23.4,1781033945769637462
1781033945886621326,43,0,8,0,true,0.0102,0.0001,83,8192,0.457,0.457,47.94,0.457,0,0,0.0379,0.0379,21.89,0.0,27.4,23.4,1781033945883812728
1781033945985978440,43,0,8,0,true,0.0102,0.0,83,8192,0.458,0.458,47.94,0.458,0,0,0.0381,0.0381,21.98,0.0,27.4,23.4,1781033945979121729
1781033946086046652,43,0,8,0,true,0.0102,0.0001,83,8192,0.458,0.458,47.94,0.458,0,0,0.038,0.038,21.95,0.0,27.4,23.4,1781033946077396529
1781033946186083876,43,0,8,0,true,0.0102,0.0001,83,8192,0.458,0.458,47.94,0.458,0,0,0.038,0.038,21.96,0.0,27.4,23.4,1781033946166271371
1781033946288866519,43,0,8,0,true,0.0102,0.0002,83,8192,0.454,0.454,47.94,0.454,0,0,0.0377,0.0377,21.75,0.0,27.4,23.4,1781033946265003401
1781033946387932692,43,0,8,0,true,0.0102,0.0001,83,8192,0.455,0.455,47.94,0.455,0,0,0.0378,0.0378,21.83,0.0,27.4,23.4,1781033946375197090
1781033946486151644,43,0,8,0,true,0.0102,0.0,83,8192,0.458,0.458,47.94,0.458,0,0,0.038,0.038,21.94,0.0,27.4,23.4,1781033946457720899
1781033946587311918,43,0,8,0,true,0.0103,0.0002,84,8192,0.458,0.458,47.94,0.458,0,0,0.038,0.038,21.95,0.0,27.4,23.4,1781033946559586354
1781033946685518038,43,0,8,0,true,0.0103,0.0,84,8192,0.457,0.457,47.94,0.457,0,0,0.038,0.038,21.93,0.0,27.4,23.4,1781033946682547899
1781033946788865623,43,0,8,0,true,0.0103,0.0,84,8192,0.45,0.45,47.94,0.45,0,0,0.0374,0.0374,21.58,0.0,27.4,23.4,1781033946781684610
1781033946888870834,43,0,8,0,true,0.0103,0.0,84,8192,0.451,0.451,47.94,0.451,0,0,0.0375,0.0375,21.64,0.0,27.4,23.4,1781033946875249259
1781033946985863701,43,0,8,0,true,0.0103,0.0002,84,8192,0.449,0.449,47.94,0.449,0,0,0.0372,0.0372,21.51,0.0,27.4,23.4,1781033946983111171
1781033947088862656,43,0,8,0,true,0.0103,0.0001,84,8192,0.452,0.452,47.94,0.452,0,0,0.0375,0.0375,21.65,0.0,27.4,23.4,1781033947072340619
1781033947188872704,43,0,8,0,true,0.0103,0.0001,84,8192,0.455,0.455,47.94,0.455,0,0,0.0377,0.0377,21.79,0.0,27.4,23.4,1781033947178857661
1781033947286166509,43,0,8,0,true,0.0103,0.0,84,8192,0.455,0.455,47.94,0.455,0,0,0.0378,0.0378,21.81,0.0,27.4,23.4,1781033947263861813
1781033947386021218,43,0,8,0,true,0.0103,0.0001,84,8192,0.456,0.456,47.94,0.456,0,0,0.0378,0.0378,21.86,0.0,27.4,23.4,1781033947361855329
1781033947492875317,43,0,8,0,true,0.0103,0.0001,84,8192,0.455,0.455,47.94,0.455,0,0,0.0377,0.0377,21.8,0.0,27.4,23.4,1781033947482201291
1781033947601006480,43,0,8,0,true,0.0104,0.0001,84,8192,0.458,0.458,47.94,0.458,0,0,0.038,0.038,21.93,0.0,27.4,23.4,1781033947582390052
1781033947701944331,43,0,8,0,true,0.0104,0.0003,85,8192,0.438,0.438,47.94,0.438,0,0,0.0363,0.0363,20.98,0.0,27.4,23.4,1781033947699699473
1781033947802451325,43,0,8,0,true,0.0104,0.0,85,8192,0.433,0.433,47.94,0.433,0,0,0.036,0.036,20.78,0.0,27.4,23.4,1781033947791906784
1781033947902013423,43,0,8,0,true,0.0104,0.0,85,8192,0.438,0.438,47.94,0.438,0,0,0.0363,0.0363,20.98,0.0,27.4,23.4,1781033947897332201
1781033948001539629,43,0,8,0,true,0.0104,0.0001,85,8192,0.441,0.441,47.94,0.441,0,0,0.0366,0.0366,21.12,0.0,27.4,23.4,1781033948000825570
1781033948101821816,43,0,8,0,true,0.0104,0.0,85,8192,0.441,0.441,47.94,0.441,0,0,0.0366,0.0366,21.17,0.0,27.4,23.4,1781033948099576560
1781033948202073988,43,0,8,0,true,0.0104,0.0001,85,8192,0.441,0.441,47.94,0.441,0,0,0.0366,0.0366,21.12,0.0,27.4,23.4,1781033948190225812
1781033948303953441,43,0,8,0,true,0.0104,0.0001,85,8192,0.445,0.445,47.94,0.445,0,0,0.037,0.037,21.35,0.0,27.4,23.4,1781033948276413530
1781033948404853239,43,0,8,0,true,0.0104,0.0001,85,8192,0.444,0.444,47.94,0.444,0,0,0.0369,0.0369,21.3,0.0,27.4,23.4,1781033948400868735
1781033948501909391,43,0,8,0,true,0.0104,0.0001,85,8192,0.448,0.448,47.94,0.448,0,0,0.0372,0.0372,21.5,0.0,27.4,23.4,1781033948497216369
1781033948601773008,43,0,8,0,true,0.0104,0.0001,85,8192,0.448,0.448,47.94,0.448,0,0,0.0372,0.0372,21.5,0.0,27.4,23.4,1781033948592995663
1781033948704868971,43,0,8,0,true,0.0104,0.0001,85,8192,0.449,0.449,47.94,0.449,0,0,0.0373,0.0373,21.55,0.0,27.4,23.4,1781033948693108122
1781033948804861237,43,0,8,0,true,0.0104,0.0,85,8192,0.452,0.452,47.94,0.452,0,0,0.0375,0.0375,21.69,0.0,27.4,23.4,1781033948797000712
1781033948902012377,43,0,8,0,true,0.0104,0.0001,85,8192,0.452,0.452,47.94,0.452,0,0,0.0375,0.0375,21.68,0.0,27.4,23.4,1781033948897450348
1781033949001646618,43,0,8,0,true,0.0105,0.0,85,8192,0.455,0.455,47.94,0.455,0,0,0.0377,0.0377,21.8,0.0,27.4,23.4,1781033948986626602
1781033949101634308,43,0,8,0,true,0.0105,0.0,85,8192,0.456,0.456,47.94,0.456,0,0,0.0378,0.0378,21.84,0.0,27.4,23.4,1781033949076861612
1781033949202368296,43,0,8,0,true,0.0105,0.0001,85,8192,0.455,0.455,47.94,0.455,0,0,0.0378,0.0378,21.83,0.0,27.4,23.4,1781033949194746733
1781033949302240425,43,0,8,0,true,0.0105,0.0001,85,8192,0.458,0.458,47.94,0.458,0,0,0.038,0.038,21.94,0.0,27.4,23.4,1781033949299921200
1781033949402570359,43,0,8,0,true,0.0105,0.0,85,8192,0.447,0.447,47.94,0.447,0,0,0.0371,0.0371,21.41,0.0,27.4,23.4,1781033949402280857
1781033949504865157,43,0,8,0,true,0.0105,0.0001,86,8192,0.447,0.447,47.94,0.447,0,0,0.0371,0.0371,21.44,0.0,27.4,23.4,1781033949497583928
1781033949601850499,43,0,8,0,true,0.0105,0.0001,86,8192,0.447,0.447,47.94,0.447,0,0,0.0371,0.0371,21.42,0.0,27.4,23.4,1781033949585310070
1781033949701564937,43,0,8,0,true,0.0105,0.0001,86,8192,0.448,0.448,47.94,0.448,0,0,0.0372,0.0372,21.48,0.0,27.4,23.4,1781033949688949986
1781033949802313715,43,0,8,0,true,0.0105,0.0,86,8192,0.448,0.448,47.94,0.448,0,0,0.0372,0.0372,21.5,0.0,27.4,23.4,1781033949797273476
1781033949902195723,43,0,8,0,true,0.0105,0.0001,86,8192,0.449,0.449,47.94,0.449,0,0,0.0373,0.0373,21.52,0.0,27.4,23.4,1781033949882952087
1781033950004856037,43,0,8,0,true,0.0105,0.0,86,8192,0.449,0.449,47.94,0.449,0,0,0.0373,0.0373,21.55,0.0,27.4,23.4,1781033949989354826
1781033950102092824,43,0,8,0,true,0.0105,0.0001,86,8192,0.449,0.449,47.94,0.449,0,0,0.0373,0.0373,21.52,0.0,27.4,23.4,1781033950095870179
1781033950204859109,43,0,8,0,true,0.0105,0.0001,86,8192,0.45,0.45,47.94,0.45,0,0,0.0374,0.0374,21.58,0.0,27.4,23.4,1781033950194077392
1781033950302687777,43,0,8,0,true,0.0106,0.0,86,8192,0.451,0.451,47.94,0.451,0,0,0.0374,0.0374,21.6,0.0,27.4,23.4,1781033950293376905
1781033950401777157,43,0,8,0,true,0.0106,0.0001,86,8192,0.451,0.451,47.94,0.451,0,0,0.0374,0.0374,21.62,0.0,27.4,23.4,1781033950400076380
1781033950502064360,43,0,8,0,true,0.0106,0.0,86,8192,0.451,0.451,47.94,0.451,0,0,0.0375,0.0375,21.64,0.0,27.4,23.4,1781033950489930163
1781033950603420711,43,0,8,0,true,0.0106,0.0,86,8192,0.452,0.452,47.94,0.452,0,0,0.0375,0.0375,21.67,0.0,27.4,23.4,1781033950593681258
1781033950702427181,43,0,8,0,true,0.0106,0.0001,86,8192,0.451,0.451,47.94,0.451,0,0,0.0375,0.0375,21.64,0.0,27.4,23.4,1781033950697666931
1781033950801972259,43,0,8,0,true,0.0106,0.0001,86,8192,0.453,0.453,47.94,0.453,0,0,0.0376,0.0376,21.7,0.0,27.4,23.4,1781033950777991208
1781033950901459408,43,0,8,0,true,0.0106,0.0001,86,8192,0.452,0.452,47.94,0.452,0,0,0.0375,0.0375,21.68,0.0,27.4,23.4,1781033950890795504
1781033951002372355,43,0,8,0,true,0.0106,0.0001,86,8192,0.454,0.454,47.94,0.454,0,0,0.0377,0.0377,21.75,0.0,27.4,23.4,1781033950996813727
