timestamp_ns,node_id,axis_error,axis_state,procedure_result,trajectory_done,pos_estimate,vel_estimate,shadow_count,count_cpr,iq_setpoint,iq_measured,bus_voltage,bus_current,active_errors,disarm_reason,torque_target,torque_estimate,electrical_power,mechanical_power,fet_temp,motor_temp,timestamp_ns
1781033183560359061,,,,,,,,,,,,,,,,,,,,,,
1781033183660363146,,,,,,,,,,,,,,,,,,,,,,
1781033183760872848,,,,,,,,,,,,,,,,,,,,,,
1781033183860398281,,,,,,,,,,,,,,,,,,,,,,
1781033183960932563,,,,,,,,,,,,,,,,,,,,,,
1781033184061386551,,,,,,,,,,,,,,,,,,,,,,
1781033184160935533,,,,,,,,,,,,,,,,,,,,,,
1781033184261306005,,,,,,,,,,,,,,,,,,,,,,
1781033184360410463,,,,,,,,,,,,,,,,,,,,,,
1781033184461187406,,,,,,,,,,,,,,,,,,,,,,
1781033184560380125,,,,,,,,,,,,,,,,,,,,,,
1781033184660968821,,,,,,,,,,,,,,,,,,,,,,
1781033184761336439,,,,,,,,,,,,,,,,,,,,,,
1781033184860861001,,,,,,,,,,,,,,,,,,,,,,
1781033184961206537,,,,,,,,,,,,,,,,,,,,,,
1781033185061425138,,,,,,,,,,,,,,,,,,,,,,
1781033185160473495,,,,,,,,,,,,,,,,,,,,,,
1781033185261211928,,,,,,,,,,,,,,,,,,,,,,
1781033185360367178,,,,,,,,,,,,,,,,,,,,,,
1781033185460459509,,,,,,,,,,,,,,,,,,,,,,
1781033185560794656,,,,,,,,,,,,,,,,,,,,,,
1781033185661158496,,,,,,,,,,,,,,,,,,,,,,
1781033185760447588,,,,,,,,,,,,,,,,,,,,,,
1781033185860935084,,,,,,,,,,,,,,,,,,,,,,
1781033185961113021,,,,,,,,,,,,,,,,,,,,,,
1781033186061177151,,,,,,,,,,,,,,,,,,,,,,
1781033186160858880,,,,,,,,,,,,,,,,,,,,,,
1781033186260926614,,,,,,,,,,,,,,,,,,,,,,
1781033186360412949,,,,,,,,,,,,,,,,,,,,,,
1781033186460852674,,,,,,,,,,,,,,,,,,,,,,
1781033186561323657,,,,,,,,,,,,,,,,,,,,,,
1781033186661395013,,,,,,,,,,,,,,,,,,,,,,
1781033186760931921,,,,,,,,,,,,,,,,,,,,,,
1781033186860858352,,,,,,,,,,,,,,,,,,,,,,
1781033186961181331,,,,,,,,,,,,,,,,,,,,,,
1781033187061418898,,,,,,,,,,,,,,,,,,,,,,
1781033187160753079,,,,,,,,,,,,,,,,,,,,,,
1781033187260837075,,,,,,,,,,,,,,,,,,,,,,
1781033187361156854,,,,,,,,,,,,,,,,,,,,,,
1781033187461073657,,,,,,,,,,,,,,,,,,,,,,
1781033187561008763,,,,,,,,,,,,,,,,,,,,,,
1781033187661174837,,,,,,,,,,,,,,,,,,,,,,
1781033187761355511,,,,,,,,,,,,,,,,,,,,,,
1781033187860385860,,,,,,,,,,,,,,,,,,,,,,
1781033187960933195,,,,,,,,,,,,,,,,,,,,,,
1781033188061282203,,,,,,,,,,,,,,,,,,,,,,
1781033188161048920,,,,,,,,,,,,,,,,,,,,,,
1781033188260853114,,,,,,,,,,,,,,,,,,,,,,
1781033188361173405,,,,,,,,,,,,,,,,,,,,,,
1781033188461321041,,,,,,,,,,,,,,,,,,,,,,
1781033188560659126,,,,,,,,,,,,,,,,,,,,,,
1781033188660854653,,,,,,,,,,,,,,,,,,,,,,
1781033188761050440,,,,,,,,,,,,,,,,,,,,,,
1781033188861284217,,,,,,,,,,,,,,,,,,,,,,
1781033188960693033,,,,,,,,,,,,,,,,,,,,,,
1781033189061044220,,,,,,,,,,,,,,,,,,,,,,
1781033189160490013,,,,,,,,,,,,,,,,,,,,,,
1781033189260436905,,,,,,,,,,,,,,,,,,,,,,
1781033189360830934,,,,,,,,,,,,,,,,,,,,,,
1781033189461196694,,,,,,,,,,,,,,,,,,,,,,
1781033189560445974,,,,,,,,,,,,,,,,,,,,,,
1781033189661068998,,,,,,,,,,,,,,,,,,,,,,
1781033189760357166,,,,,,,,,,,,,,,,,,,,,,
1781033189860728511,,,,,,,,,,,,,,,,,,,,,,
1781033189960443529,,,,,,,,,,,,,,,,,,,,,,
1781033190061033532,,,,,,,,,,,,,,,,,,,,,,
1781033190160391861,,,,,,,,,,,,,,,,,,,,,,
1781033190260833041,,,,,,,,,,,,,,,,,,,,,,
1781033190361157518,,,,,,,,,,,,,,,,,,,,,,
1781033190460380624,,,,,,,,,,,,,,,,,,,,,,
1781033190560859739,,,,,,,,,,,,,,,,,,,,,,
1781033190661324871,,,,,,,,,,,,,,,,,,,,,,
1781033190761307017,,,,,,,,,,,,,,,,,,,,,,
1781033190861423478,,,,,,,,,,,,,,,,,,,,,,
1781033190960776831,,,,,,,,,,,,,,,,,,,,,,
1781033191060344002,,,,,,,,,,,,,,,,,,,,,,
1781033191160652289,,,,,,,,,,,,,,,,,,,,,,
1781033191261377386,,,,,,,,,,,,,,,,,,,,,,
1781033191360892362,,,,,,,,,,,,,,,,,,,,,,
1781033191460714229,,,,,,,,,,,,,,,,,,,,,,
1781033191561246426,,,,,,,,,,,,,,,,,,,,,,
1781033191661056750,,,,,,,,,,,,,,,,,,,,,,
1781033191760617302,,,,,,,,,,,,,,,,,,,,,,
1781033191860882985,,,,,,,,,,,,,,,,,,,,,,
1781033191961421348,,,,,,,,,,,,,,,,,,,,,,
1781033192060959802,,,,,,,,,,,,,,,,,,,,,,
1781033192160827261,,,,,,,,,,,,,,,,,,,,,,
1781033192260489285,,,,,,,,,,,,,,,,,,,,,,
1781033192361404941,,,,,,,,,,,,,,,,,,,,,,
1781033192461127167,,,,,,,,,,,,,,,,,,,,,,
1781033192561129069,,,,,,,,,,,,,,,,,,,,,,
1781033192661383702,,,,,,,,,,,,,,,,,,,,,,
1781033192760827997,,,,,,,,,,,,,,,,,,,,,,
1781033192861372272,,,,,,,,,,,,,,,,,,,,,,
1781033192960445512,,,,,,,,,,,,,,,,,,,,,,
1781033193060447955,,,,,,,,,,,,,,,,,,,,,,
1781033193161020970,,,,,,,,,,,,,,,,,,,,,,
1781033193261050213,,,,,,,,,,,,,,,,,,,,,,
1781033193361121486,,,,,,,,,,,,,,,,,,,,,,
1781033193460960510,,,,,,,,,,,,,,,,,,,,,,
1781033193561367389,,,,,,,,,,,,,,,,,,,,,,
1781033193660777444,,,,,,,,,,,,,,,,,,,,,,
1781033193761395995,,,,,,,,,,,,,,,,,,,,,,
1781033193861108982,,,,,,,,,,,,,,,,,,,,,,
1781033193961293673,,,,,,,,,,,,,,,,,,,,,,
1781033194060513302,,,,,,,,,,,,,,,,,,,,,,
1781033194160866729,,,,,,,,,,,,,,,,,,,,,,
1781033194261216207,,,,,,,,,,,,,,,,,,,,,,
1781033194361108398,,,,,,,,,,,,,,,,,,,,,,
1781033194460940188,,,,,,,,,,,,,,,,,,,,,,
1781033194560788668,,,,,,,,,,,,,,,,,,,,,,
1781033194661236447,,,,,,,,,,,,,,,,,,,,,,
1781033194761155127,,,,,,,,,,,,,,,,,,,,,,
1781033194860878723,,,,,,,,,,,,,,,,,,,,,,
1781033194960699877,,,,,,,,,,,,,,,,,,,,,,
1781033195060581935,,,,,,,,,,,,,,,,,,,,,,
1781033195161178217,,,,,,,,,,,,,,,,,,,,,,
1781033195260456169,,,,,,,,,,,,,,,,,,,,,,
1781033195360814637,,,,,,,,,,,,,,,,,,,,,,
1781033195460364038,,,,,,,,,,,,,,,,,,,,,,
1781033195560872188,,,,,,,,,,,,,,,,,,,,,,
1781033195660491885,,,,,,,,,,,,,,,,,,,,,,
1781033195761049001,,,,,,,,,,,,,,,,,,,,,,
1781033195861020517,,,,,,,,,,,,,,,,,,,,,,
1781033195960347055,,,,,,,,,,,,,,,,,,,,,,
1781033196060468647,,,,,,,,,,,,,,,,,,,,,,
1781033196160850417,,,,,,,,,,,,,,,,,,,,,,
1781033196261168857,,,,,,,,,,,,,,,,,,,,,,
1781033196360901438,,,,,,,,,,,,,,,,,,,,,,
1781033196461289298,,,,,,,,,,,,,,,,,,,,,,
1781033196561167616,,,,,,,,,,,,,,,,,,,,,,
1781033196660984939,,,,,,,,,,,,,,,,,,,,,,
1781033196761392220,,,,,,,,,,,,,,,,,,,,,,
1781033196861230057,,,,,,,,,,,,,,,,,,,,,,
1781033196961367694,,,,,,,,,,,,,,,,,,,,,,
1781033197060703671,,,,,,,,,,,,,,,,,,,,,,
1781033197160807021,,,,,,,,,,,,,,,,,,,,,,
1781033197260770084,,,,,,,,,,,,,,,,,,,,,,
1781033197360857202,,,,,,,,,,,,,,,,,,,,,,
1781033197461129796,,,,,,,,,,,,,,,,,,,,,,
1781033197560987014,,,,,,,,,,,,,,,,,,,,,,
1781033197661261180,,,,,,,,,,,,,,,,,,,,,,
1781033197761215750,,,,,,,,,,,,,,,,,,,,,,
1781033197861295369,,,,,,,,,,,,,,,,,,,,,,
1781033197960887210,,,,,,,,,,,,,,,,,,,,,,
1781033198060901450,,,,,,,,,,,,,,,,,,,,,,
1781033198160447406,,,,,,,,,,,,,,,,,,,,,,
1781033198260428115,,,,,,,,,,,,,,,,,,,,,,
1781033198364866291,,,,,,,,,,,,,,,,,,,,,,
1781033198466275937,,,,,,,,,,,,,,,,,,,,,,
1781033198566242275,,,,,,,,,,,,,,,,,,,,,,
1781033198668859991,,,,,,,,,,,,,,,,,,,,,,
1781033198768860900,,,,,,,,,,,,,,,,,,,,,,
1781033198868892437,,,,,,,,,,,,,,,,,,,,,,
1781033198968852502,,,,,,,,,,,,,,,,,,,,,,
1781033199066258455,,,,,,,,,,,,,,,,,,,,,,
1781033199165810510,,,,,,,,,,,,,,,,,,,,,,
1781033199265581097,,,,,,,,,,,,,,,,,,,,,,
1781033199368960577,,,,,,,,,,,,,,,,,,,,,,
1781033199468852423,,,,,,,,,,,,,,,,,,,,,,
1781033199568864124,,,,,,,,,,,,,,,,,,,,,,
1781033199666184867,,,,,,,,,,,,,,,,,,,,,,
1781033199765425521,,,,,,,,,,,,,,,,,,,,,,
1781033199868852858,,,,,,,,,,,,,,,,,,,,,,
1781033199966220501,,,,,,,,,,,,,,,,,,,,,,
1781033200068853617,,,,,,,,,,,,,,,,,,,,,,
1781033200165461881,,,,,,,,,,,,,,,,,,,,,,
1781033200268856604,,,,,,,,,,,,,,,,,,,,,,
1781033200366227143,,,,,,,,,,,,,,,,,,,,,,
1781033200466238993,,,,,,,,,,,,,,,,,,,,,,
1781033200568868577,,,,,,,,,,,,,,,,,,,,,,
1781033200666222465,,,,,,,,,,,,,,,,,,,,,,
1781033200766500485,,,,,,,,,,,,,,,,,,,,,,
1781033200866406931,,,,,,,,,,,,,,,,,,,,,,
1781033200965749401,,,,,,,,,,,,,,,,,,,,,,
1781033201065485991,,,,,,,,,,,,,,,,,,,,,,
1781033201168884500,33,0,8,0,true,0.0,0.0573,0,8192,0.067,0.067,48.0,0.067,0,0,0.0056,0.0056,3.24,0.0,25.0,21.0,1781033201132929020
1781033201265808815,33,0,8,0,true,0.0023,0.018,18,8192,0.002,0.002,47.96,0.002,0,0,0.0002,0.0002,0.09,0.0,25.0,21.0,1781033201230106718
1781033201372862083,33,0,8,0,true,0.0034,0.0079,27,8192,0.002,0.002,47.96,0.002,0,0,0.0002,0.0002,0.11,0.0,25.0,21.0,1781033201339345629
1781033201474173501,33,0,8,0,true,0.004,0.0052,32,8192,0.001,0.001,47.96,0.001,0,0,0.0001,0.0001,0.06,0.0,25.0,21.0,1781033201438310549
1781033201573691828,33,0,8,0,true,0.0046,0.004,37,8192,0.0,0.0,47.96,0.0,0,0,0.0,0.0,0.0,0.0,25.0,21.0,1781033201561516085
1781033201676943576,33,0,8,0,true,0.005,0.0042,40,8192,0.001,0.001,47.96,0.001,0,0,0.0001,0.0001,0.06,0.0,25.0,21.0,1781033201671778087
1781033201776880281,33,0,8,0,true,0.0053,0.0041,43,8192,0.002,0.002,47.96,0.002,0,0,0.0002,0.0002,0.09,0.0,25.0,21.0,1781033201755839967
1781033201881011980,33,0,8,0,true,0.0058,0.0041,47,8192,0.001,0.001,47.96,0.001,0,0,0.0001,0.0001,0.05,0.0,25.0,21.0,1781033201871224493
1781033201984897311,33,0,8,0,true,0.0062,0.0041,51,8192,0.001,0.001,47.96,0.001,0,0,0.0001,0.0001,0.05,0.0,25.0,21.0,1781033201976013949
1781033202081637941,33,0,8,0,true,0.0066,0.0041,54,8192,0.001,0.001,47.96,0.001,0,0,0.0001,0.0001,0.05,0.0,25.0,21.0,1781033202062022361
1781033202182125682,33,0,8,0,true,0.007,0.0042,57,8192,0.001,0.001,47.96,0.001,0,0,0.0001,0.0001,0.05,0.0,25.0,21.0,1781033202157327901
1781033202284930197,33,0,8,0,true,0.0074,0.0042,60,8192,0.001,0.001,47.96,0.001,0,0,0.0001,0.0001,0.05,0.0,25.0,21.0,1781033202257015319
1781033202382196932,33,0,8,0,true,0.0079,0.0041,64,8192,0.001,0.001,47.96,0.001,0,0,0.0001,0.0001,0.06,0.0,25.0,21.0,1781033202370761802
1781033202481493665,33,0,8,0,true,0.0083,0.0041,67,8192,0.001,0.001,47.96,0.001,0,0,0.0001,0.0001,0.07,0.0,25.0,21.0,1781033202463562001
1781033202582042377,33,0,8,0,true,0.0087,0.0042,71,8192,0.001,0.001,47.96,0.001,0,0,0.0001,0.0001,0.05,0.0,25.0,21.0,1781033202564188455
1781033202681448706,33,0,8,0,true,0.0091,0.0041,74,8192,0.001,0.001,47.96,0.001,0,0,0.0001,0.0001,0.05,0.0,25.0,21.0,1781033202662213789
1781033202781971033,33,0,8,0,true,0.0095,0.0041,78,8192,0.002,0.002,47.96,0.002,0,0,0.0001,0.0001,0.08,0.0,25.0,21.0,1781033202775034152
1781033202882103497,33,0,8,0,true,0.0099,0.0041,80,8192,0.002,0.002,47.96,0.002,0,0,0.0001,0.0001,0.08,0.0,25.0,21.0,1781033202858077716
1781033202982179733,33,0,8,0,true,0.0103,0.0042,84,8192,0.001,0.001,47.96,0.001,0,0,0.0001,0.0001,0.05,0.0,25.0,21.0,1781033202969320459
1781033203084877947,33,0,8,0,true,0.0108,0.0041,88,8192,0.001,0.001,47.96,0.001,0,0,0.0001,0.0001,0.06,0.0,25.0,21.0,1781033203078029083
1781033203182382288,33,0,8,0,true,0.0111,0.0041,90,8192,0.001,0.001,47.96,0.001,0,0,0.0001,0.0001,0.05,0.0,25.0,21.0,1781033203154840185
1781033203284889441,33,0,8,0,true,0.0116,0.0041,94,8192,0.001,0.001,47.96,0.001,0,0,0.0001,0.0001,0.06,0.0,25.0,21.0,1781033203265305009
1781033203384891392,33,0,8,0,true,0.012,0.0041,98,8192,0.001,0.001,47.96,0.001,0,0,0.0001,0.0001,0.07,0.0,25.0,21.0,1781033203366903025
1781033203481760921,33,0,8,0,true,0.0124,0.0041,101,8192,0.001,0.001,47.96,0.001,0,0,0.0001,0.0001,0.06,0.0,25.0,21.0,1781033203478220281
1781033203585885596,33,0,8,0,true,0.0127,0.0041,103,8192,0.002,0.002,47.96,0.002,0,0,0.0002,0.0002,0.1,0.0,25.0,21.0,1781033203540978169
1781033203684919617,33,0,8,0,true,0.0132,0.0041,108,8192,0.002,0.002,47.96,0.002,0,0,0.0002,0.0002,0.09,0.0,25.0,21.0,1781033203672994387
1781033203781980980,33,0,8,0,true,0.0135,0.0041,110,8192,0.001,0.001,47.96,0.001,0,0,0.0001,0.0001,0.06,0.0,25.0,21.0,1781033203733600962
1781033203881716818,33,0,8,0,true,0.0141,0.0041,115,8192,0.001,0.001,47.96,0.001,0,0,0.0001,0.0001,0.06,0.0,25.0,21.0,1781033203882359826
1781033203981364951,33,0,8,0,true,0.0145,0.0041,118,8192,0.002,0.002,47.96,0.002,0,0,0.0001,0.0001,0.08,0.0,25.0,21.0,1781033203981008519
1781033204081420401,33,0,8,0,true,0.0148,0.0041,121,8192,0.001,0.001,47.96,0.001,0,0,0.0001,0.0001,0.06,0.0,25.0,21.0,1781033204050272665
1781033204182185538,33,0,8,0,true,0.0152,0.0041,124,8192,0.002,0.002,47.96,0.002,0,0,0.0001,0.0001,0.07,0.0,25.0,21.0,1781033204154078524
1781033204284882425,33,0,8,0,true,0.0157,0.0042,128,8192,0.001,0.001,47.96,0.001,0,0,0.0001,0.0001,0.06,0.0,25.0,21.0,1781033204263212613
1781033204384899013,33,0,8,0,true,0.0161,0.0041,131,8192,0.002,0.002,47.96,0.002,0,0,0.0001,0.0001,0.08,0.0,25.0,21.0,1781033204367114791
1781033204484860740,33,0,8,0,true,0.0165,0.0042,135,8192,0.001,0.001,47.96,0.001,0,0,0.0001,0.0001,0.06,0.0,25.0,21.0,1781033204477894470
1781033204581580826,33,0,8,0,true,0.017,0.0041,139,8192,0.002,0.002,47.96,0.002,0,0,0.0002,0.0002,0.1,0.0,25.0,21.0,1781033204580922927
1781033204684872029,33,0,8,0,true,0.0174,0.0041,142,8192,0.001,0.001,47.96,0.001,0,0,0.0001,0.0001,0.06,0.0,25.0,21.0,1781033204673718337
1781033204788883563,33,0,8,0,true,0.0177,0.0041,145,8192,0.002,0.002,47.96,0.002,0,0,0.0002,0.0002,0.09,0.0,25.0,21.0,1781033204765302569
1781033204892877154,33,0,8,0,true,0.0182,0.0041,148,8192,0.002,0.002,47.96,0.002,0,0,0.0001,0.0001,0.07,0.0,25.0,21.0,1781033204872540480
1781033204990326944,33,0,8,0,true,0.0186,0.0042,152,8192,0.001,0.001,47.96,0.001,0,0,0.0001,0.0001,0.05,0.0,25.0,21.0,1781033204968827535
1781033205089466362,33,0,8,0,true,0.019,0.0041,156,8192,0.001,0.001,47.96,0.001,0,0,0.0001,0.0001,0.06,0.0,25.0,21.0,1781033205087220968
1781033205189768959,33,0,8,0,true,0.0194,0.0041,159,8192,0.002,0.002,47.96,0.002,0,0,0.0002,0.0002,0.1,0.0,25.0,21.0,1781033205177606589
1781033205289469168,33,0,8,0,true,0.0199,0.0041,162,8192,0.001,0.001,47.96,0.001,0,0,0.0001,0.0001,0.05,0.0,25.0,21.0,1781033205284444464
1781033205389575437,33,0,8,0,true,0.0202,0.0041,165,8192,0.002,0.002,47.96,0.002,0,0,0.0002,0.0002,0.09,0.0,25.0,21.0,1781033205369882733
1781033205491205635,33,0,8,0,true,0.0206,0.0041,168,8192,0.001,0.001,47.96,0.001,0,0,0.0001,0.0001,0.06,0.0,25.0,21.0,1781033205469828722
1781033205590242659,33,0,8,0,true,0.021,0.0041,172,8192,0.001,0.001,47.96,0.001,0,0,0.0001,0.0001,0.06,0.0,25.0,21.0,1781033205563969641
1781033205692846561,33,0,8,0,true,0.0215,0.0041,176,8192,0.001,0.001,47.96,0.001,0,0,0.0001,0.0001,0.06,0.0,25.0,21.0,1781033205688854751
1781033205796877939,33,0,8,0,true,0.0219,0.0042,179,8192,0.001,0.001,47.96,0.001,0,0,0.0001,0.0001,0.06,0.0,25.0,21.0,1781033205781979956
1781033205901033994,33,0,8,0,true,0.0224,0.0041,183,8192,0.002,0.002,47.96,0.002,0,0,0.0001,0.0001,0.08,0.0,25.0,21.0,1781033205888372967
1781033205998432649,33,0,8,0,true,0.0228,0.0041,186,8192,0.001,0.001,47.96,0.001,0,0,0.0001,0.0001,0.06,0.0,25.0,21.0,1781033205995145176
1781033206097463630,33,0,8,0,true,0.0232,0.0041,189,8192,0.001,0.001,47.96,0.001,0,0,0.0001,0.0001,0.06,0.0,25.0,21.0,1781033206085210923
1781033206197518346,33,0,8,0,true,0.0236,0.0042,193,8192,0.001,0.001,47.96,0.001,0,0,0.0001,0.0001,0.06,0.0,25.0,21.0,1781033206193636062
1781033206300961762,33,0,8,0,true,0.024,0.0041,196,8192,0.001,0.001,47.96,0.001,0,0,0.0001,0.0001,0.06,0.0,25.0,21.0,1781033206285025505
1781033206405224119,33,0,8,0,true,0.0244,0.0041,199,8192,0.001,0.001,47.96,0.001,0,0,0.0001,0.0001,0.06,0.0,25.0,21.0,1781033206381788644
1781033206510509990,33,0,8,0,true,0.0248,0.0041,203,8192,0.001,0.001,47.96,0.001,0,0,0.0001,0.0001,0.06,0.0,25.0,21.0,1781033206480232461
1781033206615443177,33,0,8,0,true,0.0252,0.0041,206,8192,0.001,0.001,47.96,0.001,0,0,0.0001,0.0001,0.06,0.0,25.0,21.0,1781033206582836995
1781033206712097353,33,0,8,0,true,0.0257,0.0041,210,8192,0.002,0.002,47.96,0.002,0,0,0.0001,0.0001,0.07,0.0,25.0,21.0,1781033206707137021
1781033206812166083,33,0,8,0,true,0.0261,0.0041,214,8192,0.001,0.001,47.96,0.001,0,0,0.0001,0.0001,0.06,0.0,25.0,21.0,1781033206808228993
1781033206916811541,33,0,8,0,true,0.0266,0.0041,217,8192,0.002,0.002,47.96,0.002,0,0,0.0001,0.0001,0.08,0.0,25.0,21.0,1781033206913101195
1781033207018100425,33,0,8,0,true,0.0269,0.0042,220,8192,0.001,0.001,47.96,0.001,0,0,0.0001,0.0001,0.05,0.0,25.0,21.0,1781033206997844389
1781033207117973450,33,0,8,0,true,0.0273,0.0041,223,8192,0.002,0.002,47.96,0.002,0,0,0.0001,0.0001,0.07,0.0,25.0,21.0,1781033207089329595
1781033207217536725,33,0,8,0,true,0.0277,0.0042,227,8192,0.001,0.001,47.96,0.001,0,0,0.0001,0.0001,0.05,0.0,25.0,21.0,1781033207191381512
1781033207321001327,33,0,8,0,true,0.0282,0.0042,230,8192,0.001,0.001,47.96,0.001,0,0,0.0001,0.0001,0.05,0.0,25.0,21.0,1781033207304955959
1781033207420961049,33,0,8,0,true,0.0286,0.0041,233,8192,0.001,0.001,47.96,0.001,0,0,0.0001,0.0001,0.07,0.0,25.0,21.0,1781033207397068599
1781033207521049790,33,0,8,0,true,0.029,0.0041,237,8192,0.002,0.002,47.96,0.002,0,0,0.0001,0.0001,0.08,0.0,25.0,21.0,1781033207494749143
1781033207617679010,33,0,8,0,true,0.0295,0.0041,241,8192,0.002,0.002,47.96,0.002,0,0,0.0001,0.0001,0.08,0.0,25.0,21.0,1781033207615781512
1781033207725023636,33,0,8,0,true,0.0298,0.0041,244,8192,0.002,0.002,47.96,0.002,0,0,0.0001,0.0001,0.09,0.0,25.0,21.0,1781033207700043626
1781033207825728150,33,0,8,0,true,0.0303,0.0042,248,8192,0.001,0.001,47.96,0.001,0,0,0.0001,0.0001,0.06,0.0,25.0,21.0,1781033207821595378
1781033207926052746,33,0,8,0,true,0.0307,0.0041,251,8192,0.002,0.002,47.96,0.002,0,0,0.0001,0.0001,0.08,0.0,25.0,21.0,1781033207914706311
1781033208028837562,33,0,8,0,true,0.0311,0.0042,254,8192,0.001,0.001,47.96,0.001,0,0,0.0001,0.0001,0.06,0.0,25.0,21.0,1781033208006799257
1781033208126131137,33,0,8,0,true,0.0315,0.0041,258,8192,0.002,0.002,47.96,0.002,0,0,0.0001,0.0001,0.08,0.0,25.0,21.0,1781033208117401707
1781033208226406461,33,0,8,0,true,0.0318,0.0041,260,8192,0.001,0.001,47.96,0.001,0,0,0.0001,0.0001,0.05,0.0,25.0,21.0,1781033208195046697
1781033208332750937,33,0,8,0,true,0.0322,0.0041,263,8192,0.002,0.002,47.96,0.002,0,0,0.0001,0.0001,0.08,0.0,25.0,21.0,1781033208291054727
1781033208434133574,33,0,8,0,true,0.0327,0.0042,267,8192,0.001,0.001,47.96,0.001,0,0,0.0001,0.0001,0.05,0.0,25.0,21.0,1781033208397021327
1781033208534116747,33,0,8,0,true,0.0331,0.0041,271,8192,0.001,0.001,47.96,0.001,0,0,0.0001,0.0001,0.05,0.0,25.0,21.0,1781033208512213342
1781033208634283750,33,0,8,0,true,0.0336,0.0041,275,8192,0.001,0.001,47.96,0.001,0,0,0.0001,0.0001,0.07,0.0,25.0,21.0,1781033208618685217
1781033208736867534,33,0,8,0,true,0.034,0.0041,278,8192,0.001,0.001,47.96,0.001,0,0,0.0001,0.0001,0.06,0.0,25.0,21.0,1781033208715852935
1781033208839279204,33,0,8,0,true,0.0344,0.0041,281,8192,0.001,0.001,47.96,0.001,0,0,0.0001,0.0001,0.06,0.0,25.0,21.0,1781033208814477923
1781033208939770031,33,0,8,0,true,0.0348,0.0041,285,8192,0.001,0.001,47.96,0.001,0,0,0.0001,0.0001,0.05,0.0,25.0,21.0,1781033208917114022
1781033209039986466,33,0,8,0,true,0.0352,0.0042,288,8192,0.001,0.001,47.96,0.001,0,0,0.0001,0.0001,0.06,0.0,25.0,21.0,1781033209026521304
1781033209140044801,33,0,8,0,true,0.0357,0.0041,292,8192,0.002,0.002,47.96,0.002,0,0,0.0001,0.0001,0.08,0.0,25.0,21.0,1781033209128006531
1781033209240048685,33,0,8,0,true,0.036,0.0041,295,8192,0.002,0.002,47.96,0.002,0,0,0.0001,0.0001,0.08,0.0,25.0,21.0,1781033209217845629
1781033209345124245,33,0,8,0,true,0.0365,0.0041,299,8192,0.001,0.001,47.96,0.001,0,0,0.0001,0.0001,0.06,0.0,25.0,21.0,1781033209337386303
1781033209448934130,33,0,8,0,true,0.0369,0.0041,302,8192,0.001,0.001,47.96,0.001,0,0,0.0001,0.0001,0.06,0.0,25.0,21.0,1781033209434201959
1781033209545476511,33,0,8,0,true,0.0374,0.0042,306,8192,0.001,0.001,47.96,0.001,0,0,0.0001,0.0001,0.06,0.0,25.0,21.0,1781033209544519934
1781033209648854873,33,0,8,0,true,0.0378,0.0041,309,8192,0.001,0.001,47.96,0.001,0,0,0.0001,0.0001,0.06,0.0,25.0,21.0,1781033209642107181
1781033209746067304,33,0,8,0,true,0.0381,0.0041,312,8192,0.001,0.001,47.96,0.001,0,0,0.0001,0.0001,0.06,0.0,25.0,21.0,1781033209729220454
1781033209848860624,33,0,8,0,true,0.0385,0.0042,315,8192,0.001,0.001,47.96,0.001,0,0,0.0001,0.0001,0.06,0.0,25.0,21.0,1781033209812641171
1781033209948853074,33,0,8,0,true,0.0389,0.0041,318,8192,0.001,0.001,47.96,0.001,0,0,0.0001,0.0001,0.07,0.0,25.0,21.0,1781033209916945793
1781033210048861663,33,0,8,0,true,0.0393,0.0041,321,8192,0.002,0.002,47.96,0.002,0,0,0.0001,0.0001,0.08,0.0,25.0,21.0,1781033210018088202
1781033210147070839,33,0,8,0,true,0.0398,0.0041,326,8192,0.001,0.001,47.96,0.001,0,0,0.0001,0.0001,0.07,0.0,25.0,21.0,1781033210146704790
1781033210248870250,33,0,8,0,true,0.0402,0.0041,329,8192,0.001,0.001,47.96,0.001,0,0,0.0001,0.0001,0.07,0.0,25.0,21.0,1781033210239228392
1781033210350256800,33,0,8,0,true,0.0406,0.0041,332,8192,0.001,0.001,47.96,0.001,0,0,0.0001,0.0001,0.06,0.0,25.0,21.0,1781033210326780471
1781033210450729613,33,0,8,0,true,0.041,0.0041,335,8192,0.002,0.002,47.96,0.002,0,0,0.0002,0.0002,0.1,0.0,25.0,21.0,1781033210422200981
1781033210556896165,33,0,8,0,true,0.0414,0.0041,339,8192,0.001,0.001,47.96,0.001,0,0,0.0001,0.0001,0.05,0.0,25.0,21.0,1781033210526389955
1781033210657632779,33,0,8,0,true,0.0419,0.0041,343,8192,0.002,0.002,47.96,0.002,0,0,0.0002,0.0002,0.09,0.0,25.0,21.0,1781033210651468746
1781033210761016140,33,0,8,0,true,0.0421,0.0041,344,8192,0.001,0.001,47.96,0.001,0,0,0.0001,0.0001,0.06,0.0,25.0,21.0,1781033210698164966
1781033210858270211,33,0,8,0,true,0.0426,0.004,349,8192,0.002,0.002,47.96,0.002,0,0,0.0001,0.0001,0.08,0.0,25.0,21.0,1781033210821132065
1781033210958568860,33,0,8,0,true,0.043,0.0042,352,8192,0.001,0.001,47.96,0.001,0,0,0.0001,0.0001,0.05,0.0,25.0,21.0,1781033210920000593
1781033211061024371,33,0,8,0,true,0.0435,0.0042,356,8192,0.001,0.001,47.96,0.001,0,0,0.0001,0.0001,0.05,0.0,25.0,21.0,1781033211050382279
1781033211165014116,33,0,8,0,true,0.044,0.0042,360,8192,0.001,0.001,47.96,0.001,0,0,0.0001,0.0001,0.05,0.0,25.0,21.0,1781033211152428547
1781033211266377363,33,0,8,0,true,0.0444,0.0042,363,8192,0.001,0.001,47.96,0.001,0,0,0.0001,0.0001,0.06,0.0,25.0,21.0,1781033211246415122
1781033211368815895,33,0,8,0,true,0.0447,0.0041,366,8192,0.001,0.001,47.96,0.001,0,0,0.0001,0.0001,0.06,0.0,25.0,21.0,1781033211329341202
1781033211472835433,33,0,8,0,true,0.0451,0.0041,369,8192,0.001,0.001,47.96,0.001,0,0,0.0001,0.0001,0.06,0.0,25.0,21.0,1781033211439348043
1781033211576848664,33,0,8,0,true,0.0457,0.0041,373,8192,0.001,0.001,47.96,0.001,0,0,0.0001,0.0001,0.06,0.0,25.0,21.0,1781033211563720751
1781033211673363017,33,0,8,0,true,0.0461,0.0041,377,8192,0.002,0.002,47.96,0.002,0,0,0.0001,0.0001,0.08,0.0,25.0,21.0,1781033211669419223
1781033211773427379,33,0,8,0,true,0.0464,0.0041,380,8192,0.002,0.002,47.96,0.002,0,0,0.0002,0.0002,0.09,0.0,25.0,21.0,1781033211748629679
1781033211873552631,33,0,8,0,true,0.0468,0.0041,383,8192,0.002,0.002,47.96,0.002,0,0,0.0001,0.0001,0.08,0.0,25.0,21.0,1781033211841914711
1781033211974800399,33,0,8,0,true,0.0471,0.0042,386,8192,0.001,0.001,47.96,0.001,0,0,0.0001,0.0001,0.05,0.0,25.0,21.0,1781033211923685787
1781033212074578404,33,0,8,0,true,0.0477,0.0041,390,8192,0.002,0.002,47.96,0.002,0,0,0.0001,0.0001,0.09,0.0,25.0,21.0,1781033212062025991
1781033212174174712,33,0,8,0,true,0.048,0.0041,393,8192,0.001,0.001,47.96,0.001,0,0,0.0001,0.0001,0.05,0.0,25.0,21.0,1781033212134958825
1781033212274117570,33,0,8,0,true,0.0485,0.0041,397,8192,0.001,0.001,47.96,0.001,0,0,0.0001,0.0001,0.06,0.0,25.0,21.0,1781033212254144604
1781033212373897520,33,0,8,0,true,0.049,0.0041,401,8192,0.001,0.001,47.96,0.001,0,0,0.0001,0.0001,0.07,0.0,25.0,21.0,1781033212369862675
1781033212476873430,33,0,8,0,true,0.0493,0.0041,404,8192,0.002,0.002,47.96,0.002,0,0,0.0002,0.0002,0.11,0.0,25.0,21.0,1781033212457826948
1781033212576880505,33,0,8,0,true,0.0497,0.0041,407,8192,0.001,0.001,47.96,0.001,0,0,0.0001,0.0001,0.06,0.0,25.0,21.0,1781033212558288521
1781033212673425100,33,0,8,0,true,0.0502,0.0041,411,8192,0.001,0.001,47.96,0.001,0,0,0.0001,0.0001,0.06,0.0,25.0,21.0,1781033212673478799
1781033212774308871,33,0,8,0,true,0.0506,0.0041,414,8192,0.002,0.002,47.96,0.002,0,0,0.0001,0.0001,0.07,0.0,25.0,21.0,1781033212765566616
1781033212876847132,33,0,8,0,true,0.051,0.0041,417,8192,0.002,0.002,47.96,0.002,0,0,0.0001,0.0001,0.08,0.0,25.0,21.0,1781033212865469475
1781033212974103679,33,0,8,0,true,0.0513,0.0041,419,8192,0.001,0.001,47.96,0.001,0,0,0.0001,0.0001,0.06,0.0,25.0,21.0,1781033212932881563
1781033213076846154,33,0,8,0,true,0.0518,0.0041,424,8192,0.001,0.001,47.96,0.001,0,0,0.0001,0.0001,0.07,0.0,25.0,21.0,1781033213057770698
1781033213176860113,33,0,8,0,true,0.0522,0.0042,427,8192,0.001,0.001,47.96,0.001,0,0,0.0001,0.0001,0.06,0.0,25.0,21.0,1781033213150817281
1781033213281011492,33,0,8,0,true,0.0526,0.0041,430,8192,0.002,0.002,47.96,0.002,0,0,0.0002,0.0002,0.1,0.0,25.0,21.0,1781033213254403523
1781033213388891177,33,0,8,0,true,0.053,0.0042,434,8192,0.001,0.001,47.96,0.001,0,0,0.0001,0.0001,0.06,0.0,25.0,21.0,1781033213352981212
1781033213489350676,33,0,8,0,true,0.0535,0.0041,438,8192,0.002,0.002,47.96,0.002,0,0,0.0001,0.0001,0.08,0.0,25.0,21.0,1781033213484757135
1781033213590203304,33,0,8,0,true,0.0538,0.0041,441,8192,0.002,0.002,47.96,0.002,0,0,0.0001,0.0001,0.09,0.0,25.0,21.0,1781033213558345341
1781033213690360239,33,0,8,0,true,0.0544,0.0042,445,8192,0.001,0.001,47.96,0.001,0,0,0.0001,0.0001,0.06,0.0,25.0,21.0,1781033213683867033
1781033213791055943,33,0,8,0,true,0.0548,0.0041,448,8192,0.001,0.001,47.96,0.001,0,0,0.0001,0.0001,0.07,0.0,25.0,21.0,1781033213780043664
1781033213892905273,33,0,8,0,true,0.0551,0.0041,451,8192,0.002,0.002,47.96,0.002,0,0,0.0001,0.0001,0.07,0.0,25.0,21.0,1781033213863172962
1781033213992037188,33,0,8,0,true,0.0554,0.0041,454,8192,0.001,0.001,47.96,0.001,0,0,0.0001,0.0001,0.06,0.0,25.0,21.0,1781033213950530292
1781033214090197561,33,0,8,0,true,0.0559,0.0042,458,8192,0.001,0.001,47.96,0.001,0,0,0.0001,0.0001,0.05,0.0,25.0,21.0,1781033214069700295
1781033214189664985,33,0,8,0,true,0.0564,0.0041,462,8192,0.001,0.001,47.96,0.001,0,0,0.0001,0.0001,0.07,0.0,25.0,21.0,1781033214182356728
1781033214292860507,33,0,8,0,true,0.0567,0.0041,464,8192,0.001,0.001,47.96,0.001,0,0,0.0001,0.0001,0.07,0.0,25.0,21.0,1781033214246946618
1781033214392875271,33,0,8,0,true,0.0572,0.0041,468,8192,0.002,0.002,47.96,0.002,0,0,0.0002,0.0002,0.11,0.0,25.0,21.0,1781033214381406045
1781033214490005905,33,0,8,0,true,0.0575,0.0041,471,8192,0.001,0.001,47.96,0.001,0,0,0.0001,0.0001,0.07,0.0,25.0,21.0,1781033214459159952
1781033214592625240,33,0,8,0,true,0.058,0.0041,475,8192,0.001,0.001,47.96,0.001,0,0,0.0001,0.0001,0.07,0.0,25.0,21.0,1781033214577372127
1781033214696883113,33,0,8,0,true,0.0585,0.004,478,8192,0.002,0.002,47.96,0.002,0,0,0.0002,0.0002,0.09,0.0,25.0,21.0,1781033214681680492
1781033214798246106,33,0,8,0,true,0.0589,0.0042,482,8192,0.001,0.001,47.96,0.001,0,0,0.0001,0.0001,0.05,0.0,25.0,21.0,1781033214793834578
1781033214897703924,33,0,8,0,true,0.0593,0.0041,485,8192,0.002,0.002,47.96,0.002,0,0,0.0001,0.0001,0.07,0.0,25.0,21.0,1781033214886514206
1781033214997573753,33,0,8,0,true,0.0597,0.0041,489,8192,0.002,0.002,47.96,0.002,0,0,0.0001,0.0001,0.08,0.0,25.0,21.0,1781033214988721089
1781033215100993615,33,0,8,0,true,0.0601,0.0041,492,8192,0.001,0.001,47.96,0.001,0,0,0.0001,0.0001,0.07,0.0,25.0,21.0,1781033215088615564
1781033215197724907,33,0,8,0,true,0.0606,0.0041,496,8192,0.002,0.002,47.96,0.002,0,0,0.0001,0.0001,0.07,0.0,25.0,21.0,1781033215193731544
1781033215305045344,33,0,8,0,true,0.0609,0.0041,498,8192,0.002,0.002,47.96,0.002,0,0,0.0001,0.0001,0.07,0.0,25.0,21.0,1781033215266302047
1781033215408871636,33,0,8,0,true,0.0613,0.0041,502,8192,0.002,0.002,47.96,0.002,0,0,0.0001,0.0001,0.09,0.0,25.0,21.0,1781033215384567610
1781033215507869758,33,0,8,0,true,0.0618,0.0041,506,8192,0.002,0.002,47.96,0.002,0,0,0.0001,0.0001,0.07,0.0,25.0,21.0,1781033215487725589
1781033215607649426,33,0,8,0,true,0.0623,0.0041,510,8192,0.001,0.001,47.96,0.001,0,0,0.0001,0.0001,0.06,0.0,25.0,21.0,1781033215606641554
1781033215707648044,33,0,8,0,true,0.0626,0.0041,512,8192,0.001,0.001,47.96,0.001,0,0,0.0001,0.0001,0.06,0.0,25.0,21.0,1781033215693194470
1781033215807372632,33,0,8,0,true,0.063,0.0041,515,8192,0.001,0.001,47.96,0.001,0,0,0.0001,0.0001,0.07,0.0,25.0,21.0,1781033215780865556
1781033215908880945,33,0,8,0,true,0.0635,0.0041,520,8192,0.001,0.001,47.96,0.001,0,0,0.0001,0.0001,0.06,0.0,25.0,21.0,1781033215901500312
1781033216009506439,33,0,8,0,true,0.0638,0.0041,522,8192,0.001,0.001,47.96,0.001,0,0,0.0001,0.0001,0.07,0.0,25.0,21.0,1781033215981947163
1781033216105537867,33,0,8,0,true,0.0643,0.0041,526,8192,0.002,0.002,47.96,0.002,0,0,0.0001,0.0001,0.09,0.0,25.0,21.0,1781033216102653973
1781033216208862326,33,0,8,0,true,0.0647,0.0041,529,8192,0.002,0.002,47.96,0.002,0,0,0.0001,0.0001,0.09,0.0,25.0,21.0,1781033216198927074
1781033216312004616,33,0,8,0,true,0.065,0.0041,532,8192,0.002,0.002,47.96,0.002,0,0,0.0001,0.0001,0.07,0.0,25.0,21.0,1781033216284484484
1781033216416860937,33,0,8,0,true,0.0655,0.0041,536,8192,0.001,0.001,47.96,0.001,0,0,0.0001,0.0001,0.06,0.0,25.0,21.0,1781033216400273997
1781033216512822360,33,0,8,0,true,0.0659,0.0042,540,8192,0.001,0.001,47.96,0.001,0,0,0.0001,0.0001,0.06,0.0,25.0,21.0,1781033216500669100
1781033216612910627,33,0,8,0,true,0.0663,0.0042,542,8192,0.001,0.001,47.96,0.001,0,0,0.0001,0.0001,0.06,0.0,25.0,21.0,1781033216577648501
1781033216718649455,33,0,8,0,true,0.0667,0.0041,546,8192,0.001,0.001,47.96,0.001,0,0,0.0001,0.0001,0.06,0.0,25.0,21.0,1781033216687105705
1781033216825475193,33,0,8,0,true,0.0673,0.0041,551,8192,0.002,0.002,47.96,0.002,0,0,0.0002,0.0002,0.11,0.0,25.0,21.0,1781033216824282407
1781033216928888133,33,0,8,0,true,0.0676,0.0041,553,8192,0.003,0.003,47.96,0.003,0,0,0.0002,0.0002,0.12,0.0,25.0,21.0,1781033216910555810
1781033217026895588,33,0,8,0,true,0.0681,0.0042,557,8192,0.001,0.001,47.96,0.001,0,0,0.0001,0.0001,0.06,0.0,25.0,21.0,1781033217022760476
1781033217126725862,33,0,8,0,true,0.0685,0.004,561,8192,0.002,0.002,47.96,0.002,0,0,0.0002,0.0002,0.09,0.0,25.0,21.0,1781033217123414821
1781033217226904003,33,0,8,0,true,0.0689,0.004,564,8192,0.002,0.002,47.96,0.002,0,0,0.0001,0.0001,0.07,0.0,25.0,21.0,1781033217220397746
1781033217332873485,33,0,8,0,true,0.0693,0.0041,567,8192,0.002,0.002,47.96,0.002,0,0,0.0001,0.0001,0.09,0.0,25.0,21.0,1781033217320766006
1781033217434361445,33,0,8,0,true,0.0697,0.0041,571,8192,0.002,0.002,47.96,0.002,0,0,0.0001,0.0001,0.09,0.0,25.0,21.0,1781033217421164711
1781033217534063652,33,0,8,0,true,0.0701,0.0041,574,8192,0.002,0.002,47.96,0.002,0,0,0.0001,0.0001,0.08,0.0,25.0,21.0,1781033217521240322
1781033217636870796,33,0,8,0,true,0.0705,0.0041,577,8192,0.002,0.002,47.96,0.002,0,0,0.0002,0.0002,0.09,0.0,25.0,21.0,1781033217622362049
1781033217734112279,33,0,8,0,true,0.071,0.0041,581,8192,0.002,0.002,47.96,0.002,0,0,0.0002,0.0002,0.12,0.0,25.0,21.0,1781033217722150913
1781033217833767448,33,0,8,0,true,0.0714,0.004,584,8192,0.002,0.002,47.96,0.002,0,0,0.0002,0.0002,0.09,0.0,25.0,21.0,1781033217829748142
1781033217934392493,33,0,8,0,true,0.0718,0.0041,588,8192,0.001,0.001,47.96,0.001,0,0,0.0001,0.0001,0.06,0.0,25.0,21.0,1781033217933725681
1781033218036838718,33,0,8,0,true,0.0721,0.0041,591,8192,0.002,0.002,47.96,0.002,0,0,0.0002,0.0002,0.09,0.0,25.0,21.0,1781033218013691957
1781033218136861084,33,0,8,0,true,0.0726,0.0041,594,8192,0.001,0.001,47.96,0.001,0,0,0.0001,0.0001,0.06,0.0,25.0,21.0,1781033218120724324
1781033218239662053,33,0,8,0,true,0.073,0.0042,598,8192,0.001,0.001,47.96,0.001,0,0,0.0001,0.0001,0.06,0.0,25.0,21.0,1781033218227191650
1781033218340421299,33,0,8,0,true,0.0734,0.0042,601,8192,0.001,0.001,47.96,0.001,0,0,0.0001,0.0001,0.06,0.0,25.0,21.0,1781033218314207626
1781033218441219007,33,0,8,0,true,0.0739,0.0041,604,8192,0.002,0.002,47.96,0.002,0,0,0.0002,0.0002,0.09,0.0,25.0,21.0,1781033218425709475
1781033218540800744,33,0,8,0,true,0.0743,0.0041,608,8192,0.003,0.003,47.96,0.003,0,0,0.0002,0.0002,0.13,0.0,25.0,21.0,1781033218538640747
1781033218640586298,33,0,8,0,true,0.0747,0.0042,611,8192,0.001,0.001,47.96,0.001,0,0,0.0001,0.0001,0.06,0.0,25.0,21.0,1781033218627815367
1781033218741285463,33,0,8,0,true,0.075,0.0041,614,8192,0.002,0.002,47.96,0.002,0,0,0.0001,0.0001,0.07,0.0,25.0,21.0,1781033218714322830
1781033218844967316,33,0,8,0,true,0.0754,0.0041,618,8192,0.002,0.002,47.96,0.002,0,0,0.0001,0.0001,0.07,0.0,25.0,21.0,1781033218813535824
1781033218948956549,33,0,8,0,true,0.0759,0.0043,621,8192,0.001,0.001,47.96,0.001,0,0,0.0001,0.0001,0.05,0.0,25.0,21.0,1781033218917009974
1781033219050548686,33,0,8,0,true,0.0763,0.0042,624,8192,0.001,0.001,47.96,0.001,0,0,0.0001,0.0001,0.06,0.0,25.0,21.0,1781033219010079607
1781033219161763356,33,0,8,0,true,0.0768,0.0041,629,8192,0.001,0.001,47.96,0.001,0,0,0.0001,0.0001,0.06,0.0,25.0,21.0,1781033219152382260
1781033219262946789,33,0,8,0,true,0.0773,0.0042,633,8192,0.001,0.001,47.96,0.001,0,0,0.0001,0.0001,0.06,0.0,25.0,21.0,1781033219260071280
1781033219364893402,33,0,8,0,true,0.0777,0.0041,636,8192,0.002,0.002,47.96,0.002,0,0,0.0001,0.0001,0.08,0.0,25.0,21.0,1781033219350528669
1781033219468903457,33,0,8,0,true,0.0781,0.0041,639,8192,0.001,0.001,47.96,0.001,0,0,0.0001,0.0001,0.06,0.0,25.0,21.0,1781033219445911974
1781033219572945538,33,0,8,0,true,0.0784,0.0042,642,8192,0.001,0.001,47.96,0.001,0,0,0.0001,0.0001,0.06,0.0,25.0,21.0,1781033219537384821
1781033219670264882,33,0,8,0,true,0.0788,0.0041,645,8192,0.002,0.002,47.96,0.002,0,0,0.0001,0.0001,0.08,0.0,25.0,21.0,1781033219626678570
1781033219769628587,33,0,8,0,true,0.0793,0.0041,649,8192,0.001,0.001,47.96,0.001,0,0,0.0001,0.0001,0.07,0.0,25.0,21.0,1781033219749885341
1781033219869896670,33,0,8,0,true,0.0797,0.0042,653,8192,0.001,0.001,47.96,0.001,0,0,0.0001,0.0001,0.06,0.0,25.0,21.0,1781033219853836375
1781033219969440558,33,0,8,0,true,0.0802,0.0041,656,8192,0.002,0.002,47.96,0.002,0,0,0.0001,0.0001,0.08,0.0,25.0,21.0,1781033219965531770
1781033220069494345,33,0,8,0,true,0.0806,0.0041,660,8192,0.003,0.003,47.96,0.003,0,0,0.0002,0.0002,0.12,0.0,25.0,21.0,1781033220066146366
1781033220176873372,33,0,8,0,true,0.081,0.0041,663,8192,0.002,0.002,47.96,0.002,0,0,0.0002,0.0002,0.12,0.0,25.0,21.0,1781033220162776557
1781033220284985074,33,0,8,0,true,0.0814,0.0041,667,8192,0.002,0.002,47.96,0.002,0,0,0.0001,0.0001,0.08,0.0,25.0,21.0,1781033220268854889
1781033220386168307,33,0,8,0,true,0.0817,0.0042,669,8192,0.001,0.001,47.96,0.001,0,0,0.0001,0.0001,0.06,0.0,25.0,21.0,1781033220334859506
1781033220488893742,33,0,8,0,true,0.0823,0.0041,673,8192,0.002,0.002,47.96,0.002,0,0,0.0002,0.0002,0.09,0.0,25.0,21.0,1781033220465398319
1781033220588855138,33,0,8,0,true,0.0827,0.0042,677,8192,0.001,0.001,47.96,0.001,0,0,0.0001,0.0001,0.06,0.0,25.0,21.0,1781033220581744400
1781033220686006920,33,0,8,0,true,0.0831,0.0041,681,8192,0.002,0.002,47.96,0.002,0,0,0.0001,0.0001,0.07,0.0,25.0,21.0,1781033220682027304
1781033220785603791,33,0,8,0,true,0.0834,0.004,683,8192,0.002,0.002,47.96,0.002,0,0,0.0002,0.0002,0.09,0.0,25.0,21.0,1781033220751997223
1781033220888876000,33,0,8,0,true,0.0839,0.0041,687,8192,0.003,0.003,47.96,0.003,0,0,0.0002,0.0002,0.12,0.0,25.0,21.0,1781033220871103281
1781033220985574162,33,0,8,0,true,0.0844,0.0042,691,8192,0.001,0.001,47.96,0.001,0,0,0.0001,0.0001,0.06,0.0,25.0,21.0,1781033220984899155
1781033221086968833,33,0,8,0,true,0.0848,0.0041,694,8192,0.002,0.002,47.96,0.002,0,0,0.0002,0.0002,0.1,0.0,25.0,21.0,1781033221086351842
1781033221188859537,33,0,8,0,true,0.0852,0.0041,697,8192,0.002,0.002,47.96,0.002,0,0,0.0002,0.0002,0.11,0.0,25.0,21.0,1781033221177225932
1781033221285508821,33,0,8,0,true,0.0856,0.0043,701,8192,0.001,0.001,47.96,0.001,0,0,0.0001,0.0001,0.06,0.0,25.0,21.0,1781033221279863449
1781033221388894869,33,0,8,0,true,0.086,0.0041,704,8192,0.002,0.002,47.96,0.002,0,0,0.0001,0.0001,0.07,0.0,25.0,21.0,1781033221372395594
1781033221491794878,33,0,8,0,true,0.0863,0.0041,707,8192,0.002,0.002,47.96,0.002,0,0,0.0001,0.0001,0.07,0.0,25.0,21.0,1781033221457219141
1781033221592564964,33,0,8,0,true,0.0867,0.0042,710,8192,0.001,0.001,47.96,0.001,0,0,0.0001,0.0001,0.06,0.0,25.0,21.0,1781033221553035012
1781033221692649893,33,0,8,0,true,0.0871,0.0042,713,8192,0.001,0.001,47.96,0.001,0,0,0.0001,0.0001,0.05,0.0,25.0,21.0,1781033221652240714
1781033221792854874,33,0,8,0,true,0.0877,0.0041,718,8192,0.002,0.002,47.96,0.002,0,0,0.0001,0.0001,0.07,0.0,25.0,21.0,1781033221790743966
1781033221893211393,33,0,8,0,true,0.0881,0.0041,721,8192,0.002,0.002,47.96,0.002,0,0,0.0001,0.0001,0.08,0.0,25.0,21.0,1781033221887678457
1781033221996856863,33,0,8,0,true,0.0885,0.0041,724,8192,0.001,0.001,47.96,0.001,0,0,0.0001,0.0001,0.06,0.0,25.0,21.0,1781033221980286418
1781033222101363352,33,0,8,0,true,0.0889,0.0041,728,8192,0.002,0.002,47.96,0.002,0,0,0.0001,0.0001,0.08,0.0,25.0,21.0,1781033222085543330
1781033222197356067,33,0,8,0,true,0.0893,0.0041,731,8192,0.002,0.002,47.96,0.002,0,0,0.0001,0.0001,0.09,0.0,25.0,21.0,1781033222190476490
1781033222297832578,33,0,8,0,true,0.0898,0.0041,735,8192,0.003,0.003,47.96,0.003,0,0,0.0002,0.0002,0.13,0.0,25.0,21.0,1781033222293217204
1781033222398257301,33,0,8,0,true,0.0901,0.0041,738,8192,0.002,0.002,47.96,0.002,0,0,0.0001,0.0001,0.08,0.0,25.0,21.0,1781033222384025577
1781033222497503265,33,0,8,0,true,0.0905,0.0042,741,8192,0.001,0.001,47.96,0.001,0,0,0.0001,0.0001,0.06,0.0,25.0,21.0,1781033222478093796
1781033222601056117,33,0,8,0,true,0.091,0.0041,745,8192,0.001,0.001,47.96,0.001,0,0,0.0001,0.0001,0.07,0.0,25.0,21.0,1781033222593314179
1781033222698386740,33,0,8,0,true,0.0914,0.0041,748,8192,0.002,0.002,47.96,0.002,0,0,0.0002,0.0002,0.09,0.0,25.0,21.0,1781033222680156912
1781033222798128215,33,0,8,0,true,0.0917,0.0041,751,8192,0.001,0.001,47.96,0.001,0,0,0.0001,0.0001,0.06,0.0,25.0,21.0,1781033222759926355
1781033222901003172,33,0,8,0,true,0.0922,0.0041,755,8192,0.002,0.002,47.96,0.002,0,0,0.0002,0.0002,0.09,0.0,25.0,21.0,1781033222884238943
1781033222998073265,33,0,8,0,true,0.0926,0.0041,758,8192,0.002,0.002,47.96,0.002,0,0,0.0001,0.0001,0.08,0.0,25.0,21.0,1781033222982639657
1781033223102830136,33,0,8,0,true,0.0929,0.0041,761,8192,0.002,0.002,47.96,0.002,0,0,0.0001,0.0001,0.07,0.0,25.0,21.0,1781033223062371507
1781033223203712575,33,0,8,0,true,0.0934,0.0041,765,8192,0.002,0.002,47.96,0.002,0,0,0.0002,0.0002,0.11,0.0,25.0,21.0,1781033223176263559
1781033223308222307,33,0,8,0,true,0.0938,0.0041,768,8192,0.001,0.001,47.96,0.001,0,0,0.0001,0.0001,0.06,0.0,25.0,21.0,1781033223285348248
1781033223412844116,33,0,8,0,true,0.0943,0.0041,772,8192,0.001,0.001,47.96,0.001,0,0,0.0001,0.0001,0.07,0.0,25.0,21.0,1781033223406331320
1781033223516874739,33,0,8,0,true,0.0947,0.0042,775,8192,0.001,0.001,47.96,0.001,0,0,0.0001,0.0001,0.06,0.0,25.0,21.0,1781033223490182664
1781033223621121828,33,0,8,0,true,0.0952,0.0041,779,8192,0.002,0.002,47.96,0.002,0,0,0.0001,0.0001,0.08,0.0,25.0,21.0,1781033223606006406
1781033223718231477,33,0,8,0,true,0.0956,0.0041,783,8192,0.001,0.001,47.96,0.001,0,0,0.0001,0.0001,0.06,0.0,25.0,21.0,1781033223711092799
1781033223817953742,33,0,8,0,true,0.096,0.0042,786,8192,0.001,0.001,47.96,0.001,0,0,0.0001,0.0001,0.04,0.0,25.0,21.0,1781033223801725572
1781033223925381948,33,0,8,0,true,0.0963,0.0041,789,8192,0.002,0.002,47.96,0.002,0,0,0.0002,0.0002,0.09,0.0,25.0,21.0,1781033223889426206
1781033224027137910,33,0,8,0,true,0.0968,0.0041,792,8192,0.002,0.002,47.96,0.002,0,0,0.0001,0.0001,0.08,0.0,25.0,21.0,1781033224001775135
1781033224128877214,33,0,8,0,true,0.0972,0.0041,796,8192,0.002,0.002,47.96,0.002,0,0,0.0001,0.0001,0.08,0.0,25.0,21.0,1781033224110061868
1781033224236880984,33,0,8,0,true,0.0977,0.0041,800,8192,0.002,0.002,47.96,0.002,0,0,0.0002,0.0002,0.1,0.0,25.0,21.0,1781033224218455020
1781033224341094061,33,0,8,0,true,0.098,0.0043,802,8192,0.001,0.001,47.96,0.001,0,0,0.0001,0.0001,0.06,0.0,25.0,21.0,1781033224289859373
1781033224441193622,33,0,8,0,true,0.0984,0.0041,805,8192,0.001,0.001,47.96,0.001,0,0,0.0001,0.0001,0.06,0.0,25.0,21.0,1781033224387933521
1781033224541117805,33,0,8,0,true,0.0988,0.0042,809,8192,0.001,0.001,47.96,0.001,0,0,0.0001,0.0001,0.06,0.0,25.0,21.0,1781033224496311697
1781033224641016090,33,0,8,0,true,0.0993,0.0041,813,8192,0.001,0.001,47.96,0.001,0,0,0.0001,0.0001,0.06,0.0,25.0,21.0,1781033224618672327
1781033224738481245,33,0,8,0,true,0.0998,0.0042,817,8192,0.001,0.001,47.96,0.001,0,0,0.0001,0.0001,0.07,0.0,25.0,21.0,1781033224731608848
1781033224837647379,33,0,8,0,true,0.1001,0.0042,820,8192,0.001,0.001,47.96,0.001,0,0,0.0001,0.0001,0.06,0.0,25.0,21.0,1781033224809458227
1781033224938108476,33,0,8,0,true,0.1006,0.0041,824,8192,0.002,0.002,47.96,0.002,0,0,0.0001,0.0001,0.08,0.0,25.0,21.0,1781033224920525942
1781033225041067006,33,0,8,0,true,0.101,0.0041,827,8192,0.002,0.002,47.96,0.002,0,0,0.0001,0.0001,0.08,0.0,25.0,21.0,1781033225029252504
1781033225140599345,33,0,8,0,true,0.1015,0.0042,831,8192,0.001,0.001,47.96,0.001,0,0,0.0001,0.0001,0.06,0.0,25.0,21.0,1781033225134368036
1781033225238186342,33,0,8,0,true,0.1017,0.0041,833,8192,0.002,0.002,47.95,0.002,0,0,0.0001,0.0001,0.08,0.0,25.0,21.0,1781033225196409804
1781033225339385005,33,0,8,0,true,0.1023,0.004,837,8192,0.002,0.002,47.95,0.002,0,0,0.0002,0.0002,0.1,0.0,25.0,21.0,1781033225331000389
1781033225444265472,33,0,8,0,true,0.1027,0.0042,841,8192,0.001,0.001,47.95,0.001,0,0,0.0001,0.0001,0.06,0.0,25.0,21.0,1781033225442864334
1781033225547178805,33,0,8,0,true,0.1031,0.0042,844,8192,0.001,0.001,47.95,0.001,0,0,0.0001,0.0001,0.04,0.0,25.0,21.0,1781033225526427819
1781033225648888257,33,0,8,0,true,0.1034,0.0042,847,8192,0.001,0.001,47.95,0.001,0,0,0.0001,0.0001,0.06,0.0,25.0,21.0,1781033225608705084
1781033225744957394,33,0,8,0,true,0.104,0.0041,851,8192,0.001,0.001,47.95,0.001,0,0,0.0001,0.0001,0.06,0.0,25.0,21.0,1781033225745800869
1781033225844960864,33,0,8,0,true,0.1044,0.0041,854,8192,0.002,0.002,47.95,0.002,0,0,0.0002,0.0002,0.09,0.0,25.0,21.0,1781033225837325566
1781033225948908192,33,0,8,0,true,0.1047,0.0041,857,8192,0.002,0.002,47.95,0.002,0,0,0.0002,0.0002,0.09,0.0,25.0,21.0,1781033225914952869
1781033226044740520,33,0,8,0,true,0.1052,0.0041,861,8192,0.001,0.001,47.95,0.001,0,0,0.0001,0.0001,0.07,0.0,25.0,21.0,1781033226043279107
1781033226145181139,33,0,8,0,true,0.1056,0.0041,865,8192,0.001,0.001,47.95,0.001,0,0,0.0001,0.0001,0.07,0.0,25.0,21.0,1781033226137026465
1781033226244511236,33,0,8,0,true,0.106,0.0041,868,8192,0.002,0.002,47.95,0.002,0,0,0.0002,0.0002,0.09,0.0,25.0,21.0,1781033226237985064
1781033226344672924,33,0,8,0,true,0.1064,0.0041,871,8192,0.001,0.001,47.95,0.001,0,0,0.0001,0.0001,0.07,0.0,25.0,21.0,1781033226335498279
1781033226448914828,33,0,8,0,true,0.1068,0.0042,875,8192,0.001,0.001,47.95,0.001,0,0,0.0001,0.0001,0.07,0.0,25.0,21.0,1781033226437338119
1781033226544939057,33,0,8,0,true,0.1072,0.0041,877,8192,0.002,0.002,47.95,0.002,0,0,0.0002,0.0002,0.09,0.0,25.0,21.0,1781033226519028937
1781033226652895218,33,0,8,0,true,0.1076,0.004,881,8192,0.002,0.002,47.95,0.002,0,0,0.0001,0.0001,0.08,0.0,25.0,21.0,1781033226625894714
1781033226756702319,33,0,8,0,true,0.108,0.0041,884,8192,0.001,0.001,47.95,0.001,0,0,0.0001,0.0001,0.07,0.0,25.0,21.0,1781033226720748990
1781033226861001787,33,0,8,0,true,0.1085,0.0041,889,8192,0.002,0.002,47.95,0.002,0,0,0.0001,0.0001,0.08,0.0,25.0,21.0,1781033226850259716
1781033226965260462,33,0,8,0,true,0.1089,0.004,892,8192,0.002,0.002,47.95,0.002,0,0,0.0001,0.0001,0.08,0.0,25.0,21.0,1781033226950371030
1781033227061746960,33,0,8,0,true,0.1093,0.0041,895,8192,0.002,0.002,47.95,0.002,0,0,0.0002,0.0002,0.09,0.0,25.0,21.0,1781033227034306725
1781033227162371677,33,0,8,0,true,0.1096,0.004,898,8192,0.002,0.002,47.95,0.002,0,0,0.0001,0.0001,0.08,0.0,25.0,21.0,1781033227126282573
1781033227265028905,33,0,8,0,true,0.1101,0.0041,901,8192,0.002,0.002,47.95,0.002,0,0,0.0001,0.0001,0.07,0.0,25.0,21.0,1781033227236505916
1781033227364677517,33,0,8,0,true,0.1105,0.0041,905,8192,0.002,0.002,47.95,0.002,0,0,0.0001,0.0001,0.08,0.0,25.0,21.0,1781033227336874783
1781033227468852596,33,0,8,0,true,0.1109,0.0041,908,8192,0.001,0.001,47.95,0.001,0,0,0.0001,0.0001,0.06,0.0,25.0,21.0,1781033227423443697
1781033227572881058,33,0,8,0,true,0.1114,0.0041,912,8192,0.001,0.001,47.95,0.001,0,0,0.0001,0.0001,0.06,0.0,25.0,21.0,1781033227541298219
1781033227670355499,33,0,8,0,true,0.1118,0.0041,916,8192,0.002,0.002,47.95,0.002,0,0,0.0001,0.0001,0.08,0.0,25.0,21.0,1781033227655852722
1781033227771602704,33,0,8,0,true,0.1122,0.0041,919,8192,0.002,0.002,47.95,0.002,0,0,0.0001,0.0001,0.09,0.0,25.0,21.0,1781033227753273690
1781033227869794170,33,0,8,0,true,0.1127,0.0041,923,8192,0.002,0.002,47.95,0.002,0,0,0.0001,0.0001,0.08,0.0,25.0,21.0,1781033227866389223
1781033227969906105,33,0,8,0,true,0.1131,0.0041,926,8192,0.002,0.002,47.95,0.002,0,0,0.0002,0.0002,0.12,0.0,25.0,21.0,1781033227954911807
1781033228070001169,33,0,8,0,true,0.1134,0.0042,928,8192,0.001,0.001,47.95,0.001,0,0,0.0001,0.0001,0.06,0.0,25.0,21.0,1781033228026221765
1781033228171505141,33,0,8,0,true,0.1139,0.0041,933,8192,0.002,0.002,47.95,0.002,0,0,0.0002,0.0002,0.11,0.0,25.0,21.0,1781033228161456737
1781033228271296824,33,0,8,0,true,0.1143,0.0043,936,8192,0.001,0.001,47.95,0.001,0,0,0.0001,0.0001,0.06,0.0,25.0,21.0,1781033228244029118
1781033228369573901,33,0,8,0,true,0.1148,0.0041,940,8192,0.002,0.002,47.95,0.002,0,0,0.0001,0.0001,0.08,0.0,25.0,21.0,1781033228369188570
1781033228470159640,33,0,8,0,true,0.1152,0.0041,943,8192,0.001,0.001,47.95,0.001,0,0,0.0001,0.0001,0.07,0.0,25.0,21.0,1781033228465192965
1781033228569423776,33,0,8,0,true,0.1156,0.0041,946,8192,0.002,0.002,47.95,0.002,0,0,0.0001,0.0001,0.08,0.0,25.0,21.0,1781033228565630560
1781033228672866688,33,0,8,0,true,0.1159,0.0042,949,8192,0.001,0.001,47.95,0.001,0,0,0.0001,0.0001,0.07,0.0,25.0,21.0,1781033228653227898
1781033228772895004,33,0,8,0,true,0.1164,0.0041,953,8192,0.002,0.002,47.95,0.002,0,0,0.0002,0.0002,0.11,0.0,25.0,21.0,1781033228753820550
1781033228872906471,33,0,8,0,true,0.1167,0.0041,956,8192,0.002,0.002,47.95,0.002,0,0,0.0001,0.0001,0.08,0.0,25.0,21.0,1781033228842929754
1781033228976873660,33,0,8,0,true,0.1172,0.0041,960,8192,0.002,0.002,47.95,0.002,0,0,0.0001,0.0001,0.08,0.0,25.0,21.0,1781033228967340226
1781033229077441395,33,0,8,0,true,0.1177,0.0041,963,8192,0.002,0.002,47.95,0.002,0,0,0.0001,0.0001,0.08,0.0,25.0,21.0,1781033229068422096
1781033229180961768,33,0,8,0,true,0.118,0.0041,966,8192,0.001,0.001,47.95,0.001,0,0,0.0001,0.0001,0.07,0.0,25.0,21.0,1781033229150407844
1781033229285465275,33,0,8,0,true,0.1185,0.004,970,8192,0.002,0.002,47.95,0.002,0,0,0.0002,0.0002,0.1,0.0,25.0,21.0,1781033229279473034
1781033229387069357,33,0,8,0,true,0.1189,0.0041,973,8192,0.001,0.001,47.95,0.001,0,0,0.0001,0.0001,0.07,0.0,25.0,21.0,1781033229358358468
1781033229492858543,33,0,8,0,true,0.1193,0.0041,977,8192,0.002,0.002,47.95,0.002,0,0,0.0002,0.0002,0.09,0.0,25.0,21.0,1781033229463142556
1781033229593768648,33,0,8,0,true,0.1198,0.0042,981,8192,0.001,0.001,47.95,0.001,0,0,0.0001,0.0001,0.06,0.0,25.0,21.0,1781033229588970552
1781033229696918252,33,0,8,0,true,0.1201,0.0041,983,8192,0.002,0.002,47.95,0.002,0,0,0.0002,0.0002,0.09,0.0,25.0,21.0,1781033229653069303
1781033229796870964,33,0,8,0,true,0.1206,0.0041,987,8192,0.002,0.002,47.95,0.002,0,0,0.0002,0.0002,0.09,0.0,25.0,21.0,1781033229782438024
1781033229894147961,33,0,8,0,true,0.121,0.004,991,8192,0.002,0.002,47.95,0.002,0,0,0.0002,0.0002,0.1,0.0,25.0,21.0,1781033229891073842
1781033229996268589,33,0,8,0,true,0.1214,0.0043,994,8192,0.001,0.001,47.95,0.001,0,0,0.0001,0.0001,0.06,0.0,25.0,21.0,1781033229984980179
1781033230096880511,33,0,8,0,true,0.1218,0.0041,998,8192,0.002,0.002,47.95,0.002,0,0,0.0001,0.0001,0.09,0.0,25.0,21.0,1781033230087462083
1781033230193617422,33,0,8,0,true,0.1223,0.0041,1001,8192,0.001,0.001,47.95,0.001,0,0,0.0001,0.0001,0.06,0.0,25.0,21.0,1781033230184708538
1781033230294258401,33,0,8,0,true,0.1227,0.004,1005,8192,0.002,0.002,47.95,0.002,0,0,0.0001,0.0001,0.08,0.0,25.0,21.0,1781033230290330849
1781033230394090430,33,0,8,0,true,0.123,0.0041,1007,8192,0.001,0.001,47.95,0.001,0,0,0.0001,0.0001,0.07,0.0,25.0,21.0,1781033230372717456
1781033230496870646,33,0,8,0,true,0.1234,0.0041,1010,8192,0.002,0.002,47.95,0.002,0,0,0.0001,0.0001,0.08,0.0,25.0,21.0,1781033230462303807
1781033230593768784,33,0,8,0,true,0.1239,0.0042,1014,8192,0.001,0.001,47.95,0.001,0,0,0.0001,0.0001,0.07,0.0,25.0,21.0,1781033230585601407
1781033230696477674,33,0,8,0,true,0.1244,0.0041,1018,8192,0.002,0.002,47.95,0.002,0,0,0.0001,0.0001,0.08,0.0,25.0,21.0,1781033230695945078
1781033230793886740,33,0,8,0,true,0.1247,0.0043,1021,8192,0.001,0.001,47.95,0.001,0,0,0.0001,0.0001,0.06,0.0,25.0,21.0,1781033230788195110
1781033230893674098,33,0,8,0,true,0.1252,0.0041,1025,8192,0.002,0.002,47.95,0.002,0,0,0.0001,0.0001,0.09,0.0,25.0,21.0,1781033230891519303
1781033231005008648,33,0,8,0,true,0.1254,0.0041,1027,8192,0.002,0.002,47.95,0.002,0,0,0.0002,0.0002,0.1,0.0,25.0,21.0,1781033230961036993
1781033231110184755,33,0,8,0,true,0.126,0.0041,1032,8192,0.001,0.001,47.95,0.001,0,0,0.0001,0.0001,0.05,0.0,25.0,21.0,1781033231090015142
1781033231210961015,33,0,8,0,true,0.1265,0.0041,1035,8192,0.002,0.002,47.95,0.002,0,0,0.0001,0.0001,0.09,0.0,25.0,21.0,1781033231206219994
1781033231316876397,33,0,8,0,true,0.1269,0.004,1039,8192,0.002,0.002,47.95,0.002,0,0,0.0002,0.0002,0.09,0.0,25.0,21.0,1781033231305314104
1781033231425011081,33,0,8,0,true,0.1273,0.0041,1042,8192,0.002,0.002,47.95,0.002,0,0,0.0002,0.0002,0.1,0.0,25.0,21.0,1781033231414587062
1781033231525468481,33,0,8,0,true,0.1278,0.004,1046,8192,0.002,0.002,47.95,0.002,0,0,0.0001,0.0001,0.08,0.0,25.0,21.0,1781033231524687448
1781033231626178278,33,0,8,0,true,0.1282,0.0041,1049,8192,0.002,0.002,47.95,0.002,0,0,0.0002,0.0002,0.09,0.0,25.0,21.0,1781033231619601812
1781033231728888635,33,0,8,0,true,0.1285,0.0041,1052,8192,0.002,0.002,47.95,0.002,0,0,0.0001,0.0001,0.08,0.0,25.0,21.0,1781033231694065530
1781033231826007537,33,0,8,0,true,0.1289,0.0041,1056,8192,0.002,0.002,47.95,0.002,0,0,0.0001,0.0001,0.08,0.0,25.0,21.0,1781033231810585852
1781033231927645113,33,0,8,0,true,0.1294,0.0042,1060,8192,0.001,0.001,47.95,0.001,0,0,0.0001,0.0001,0.07,0.0,25.0,21.0,1781033231921754313
1781033232026843064,33,0,8,0,true,0.1297,0.0043,1062,8192,0.001,0.001,47.95,0.001,0,0,0.0001,0.0001,0.06,0.0,25.0,21.0,1781033232003477226
1781033232125527156,33,0,8,0,true,0.1302,0.0041,1066,8192,0.002,0.002,47.95,0.002,0,0,0.0002,0.0002,0.1,0.0,25.0,21.0,1781033232108031760
1781033232228924473,33,0,8,0,true,0.1307,0.004,1070,8192,0.002,0.002,47.95,0.002,0,0,0.0002,0.0002,0.1,0.0,25.0,21.0,1781033232227995899
1781033232328861909,33,0,8,0,true,0.131,0.0041,1073,8192,0.002,0.002,47.95,0.002,0,0,0.0001,0.0001,0.08,0.0,25.0,21.0,1781033232320317043
1781033232427368416,33,0,8,0,true,0.1314,0.0041,1076,8192,0.001,0.001,47.95,0.001,0,0,0.0001,0.0001,0.07,0.0,25.0,21.0,1781033232411001450
1781033232526011699,33,0,8,0,true,0.1317,0.0042,1078,8192,0.003,0.003,47.95,0.003,0,0,0.0002,0.0002,0.14,0.0,25.0,21.0,1781033232483879500
1781033232626106528,33,0,8,0,true,0.1322,0.0041,1082,8192,0.002,0.002,47.95,0.002,0,0,0.0002,0.0002,0.1,0.0,25.0,21.0,1781033232599551710
1781033232728832726,33,0,8,0,true,0.1326,0.004,1086,8192,0.004,0.004,47.95,0.004,0,0,0.0003,0.0003,0.19,0.0,25.0,21.0,1781033232710041375
1781033232832865784,33,0,8,0,true,0.1331,0.0041,1089,8192,0.002,0.002,47.95,0.002,0,0,0.0002,0.0002,0.1,0.0,25.0,21.0,1781033232813013007
1781033232933550893,33,0,8,0,true,0.1334,0.003,1093,8192,0.005,0.005,47.95,0.005,0,0,0.0004,0.0004,0.26,0.0,25.0,21.0,1781033232915969441
1781033233036875192,33,0,8,0,true,0.1338,0.0038,1096,8192,0.0,0.0,47.95,0.0,0,0,0.0,0.0,0.02,0.0,25.0,21.0,1781033233018104487
1781033233136869039,33,0,8,0,true,0.1342,0.0039,1099,8192,0.0,0.0,47.95,0.0,0,0,0.0,0.0,0.0,0.0,25.0,21.0,1781033233121638950
1781033233241029946,33,0,8,0,true,0.1346,0.0039,1102,8192,0.0,0.0,47.95,0.0,0,0,0.0,0.0,0.01,0.0,25.0,21.0,1781033233226349513
1781033233342222985,33,0,8,0,true,0.135,0.0039,1105,8192,0.0,0.0,47.95,0.0,0,0,0.0,0.0,0.0,0.0,25.0,21.0,1781033233324162572
1781033233445625690,33,0,8,0,true,0.1354,0.0039,1109,8192,0.0,0.0,47.95,0.0,0,0,0.0,0.0,0.01,0.0,25.0,21.0,1781033233433516275
1781033233543386961,33,0,8,0,true,0.1358,0.0038,1112,8192,0.0,0.0,47.95,0.0,0,0,0.0,0.0,0.01,0.0,25.0,21.0,1781033233525060301
1781033233644632163,33,0,8,0,true,0.1361,0.0038,1115,8192,0.0,0.0,47.95,0.0,0,0,0.0,0.0,0.0,0.0,25.0,21.0,1781033233626415886
1781033233744916230,33,0,8,0,true,0.1365,0.0039,1118,8192,0.0,0.0,47.95,0.0,0,0,0.0,0.0,0.01,0.0,25.0,21.0,1781033233726436544
1781033233842123936,33,0,8,0,true,0.137,0.0038,1121,8192,0.0,0.0,47.95,0.0,0,0,0.0,0.0,0.01,0.0,25.0,21.0,1781033233837297678
1781033233944883194,33,0,8,0,true,0.1373,0.0038,1124,8192,0.0,0.0,47.95,0.0,0,0,0.0,0.0,0.02,0.0,25.0,21.0,1781033233924643785
1781033234042296151,33,0,8,0,true,0.1377,0.0038,1128,8192,0.0,0.0,47.95,0.0,0,0,0.0,0.0,0.01,0.0,25.0,21.0,1781033234040508227
1781033234141549717,33,0,8,0,true,0.1381,0.0038,1131,8192,0.0,0.0,47.95,0.0,0,0,0.0,0.0,0.0,0.0,25.0,21.0,1781033234137053259
1781033234241502586,33,0,8,0,true,0.1384,0.0039,1133,8192,0.0,0.0,47.95,0.0,0,0,0.0,0.0,0.01,0.0,25.0,21.0,1781033234214258194
1781033234344885229,33,0,8,0,true,0.1388,0.0038,1137,8192,0.0,0.0,47.95,0.0,0,0,0.0,0.0,0.01,0.0,25.0,21.0,1781033234325919086
1781033234444886335,33,0,8,0,true,0.1392,0.0039,1140,8192,0.0,0.0,47.95,0.0,0,0,0.0,0.0,0.0,0.0,25.0,21.0,1781033234425333411
1781033234545047165,33,0,8,0,true,0.1396,0.0038,1143,8192,0.0,0.0,47.95,0.0,0,0,0.0,0.0,0.01,0.0,25.0,21.0,1781033234518366700
1781033234644891197,33,0,8,0,true,0.14,0.0038,1146,8192,0.001,0.001,47.95,0.001,0,0,0.0001,0.0001,0.03,0.0,25.0,21.0,1781033234627029340
1781033234743648646,33,0,8,0,true,0.1404,0.0038,1149,8192,0.0,0.0,47.95,0.0,0,0,0.0,0.0,0.02,0.0,25.0,21.0,1781033234725760890
1781033234848888484,33,0,8,0,true,0.1407,0.004,1152,8192,0.0,0.0,47.95,0.0,0,0,0.0,0.0,0.01,0.0,25.0,21.0,1781033234818757280
1781033234951982539,33,0,8,0,true,0.1412,0.0038,1156,8192,0.0,0.0,47.95,0.0,0,0,0.0,0.0,0.0,0.0,25.0,21.0,1781033234933782971
1781033235049501535,33,0,8,0,true,0.1415,0.0038,1159,8192,0.0,0.0,47.95,0.0,0,0,0.0,0.0,0.01,0.0,25.0,21.0,1781033235030933594
1781033235156872150,33,0,8,0,true,0.1419,0.0038,1162,8192,0.0,0.0,47.95,0.0,0,0,0.0,0.0,0.02,0.0,25.0,21.0,1781033235115013292
1781033235257796844,33,0,8,0,true,0.1423,0.0039,1166,8192,0.0,0.0,47.95,0.0,0,0,0.0,0.0,0.01,0.0,25.0,21.0,1781033235238833664
1781033235359572711,33,0,8,0,true,0.1428,0.0039,1169,8192,0.001,0.001,47.95,0.001,0,0,0.0001,0.0001,0.06,0.0,25.0,21.0,1781033235344953426
1781033235458686805,33,0,8,0,true,0.1432,0.0038,1172,8192,0.0,0.0,47.95,0.0,0,0,0.0,0.0,0.01,0.0,25.0,21.0,1781033235447640228
1781033235565134153,33,0,8,0,true,0.1435,0.0039,1175,8192,0.0,0.0,47.95,0.0,0,0,0.0,0.0,0.0,0.0,25.0,21.0,1781033235540067569
1781033235666398620,33,0,8,0,true,0.144,0.0039,1179,8192,0.0,0.0,47.95,0.0,0,0,0.0,0.0,0.01,0.0,25.0,21.0,1781033235665758393
1781033235768372989,33,0,8,0,true,0.1444,0.0038,1182,8192,0.0,0.0,47.95,0.0,0,0,0.0,0.0,0.02,0.0,25.0,21.0,1781033235760045329
1781033235868887542,33,0,8,0,true,0.1447,0.0038,1185,8192,0.0,0.0,47.95,0.0,0,0,0.0,0.0,0.01,0.0,25.0,21.0,1781033235857376367
1781033235966130574,33,0,8,0,true,0.1451,0.0039,1188,8192,0.0,0.0,47.95,0.0,0,0,0.0,0.0,0.01,0.0,25.0,21.0,1781033235957414514
1781033236065800310,33,0,8,0,true,0.1455,0.0038,1191,8192,0.0,0.0,47.95,0.0,0,0,0.0,0.0,0.0,0.0,25.0,21.0,1781033236053415355
1781033236168864321,33,0,8,0,true,0.1459,0.0038,1194,8192,0.001,0.001,47.95,0.001,0,0,0.0001,0.0001,0.04,0.0,25.0,21.0,1781033236154508653
1781033236267820882,33,0,8,0,true,0.1462,0.0038,1198,8192,0.0,0.0,47.95,0.0,0,0,0.0,0.0,0.02,0.0,25.0,21.0,1781033236251319120
1781033236366088586,33,0,8,0,true,0.1466,0.0039,1201,8192,0.0,0.0,47.95,0.0,0,0,0.0,0.0,0.01,0.0,25.0,21.0,1781033236353394107
1781033236468876940,33,0,8,0,true,0.1471,0.0038,1204,8192,0.0,0.0,47.95,0.0,0,0,0.0,0.0,0.0,0.0,25.0,21.0,1781033236460949216
1781033236566166402,33,0,8,0,true,0.1474,0.004,1207,8192,0.0,0.0,47.95,0.0,0,0,0.0,0.0,0.01,0.0,25.0,21.0,1781033236553467355
1781033236666295092,33,0,8,0,true,0.1477,0.0038,1210,8192,0.0,0.0,47.95,0.0,0,0,0.0,0.0,0.0,0.0,25.0,21.0,1781033236638049265
1781033236766488183,33,0,8,0,true,0.1482,0.0039,1214,8192,0.0,0.0,47.95,0.0,0,0,0.0,0.0,0.0,0.0,25.0,21.0,1781033236765295250
1781033236867214490,33,0,8,0,true,0.1485,0.0039,1216,8192,0.0,0.0,47.95,0.0,0,0,0.0,0.0,0.01,0.0,25.0,21.0,1781033236846137807
1781033236968867314,33,0,8,0,true,0.149,0.0038,1220,8192,0.0,0.0,47.95,0.0,0,0,0.0,0.0,0.01,0.0,25.0,21.0,1781033236958272681
1781033237068881152,33,0,8,0,true,0.1493,0.0038,1223,8192,0.0,0.0,47.95,0.0,0,0,0.0,0.0,0.0,0.0,25.0,21.0,1781033237046712795
1781033237167354472,33,0,8,0,true,0.1497,0.0039,1226,8192,0.001,0.001,47.95,0.001,0,0,0.0001,0.0001,0.06,0.0,25.0,21.0,1781033237140369274
1781033237269526890,33,0,8,0,true,0.1501,0.0038,1229,8192,0.0,0.0,47.95,0.0,0,0,0.0,0.0,0.01,0.0,25.0,21.0,1781033237257168304
1781033237365472482,33,0,8,0,true,0.1504,0.0038,1232,8192,0.0,0.0,47.95,0.0,0,0,0.0,0.0,0.01,0.0,25.0,21.0,1781033237335324346
1781033237466958053,33,0,8,0,true,0.1509,0.0038,1236,8192,0.0,0.0,47.95,0.0,0,0,0.0,0.0,0.01,0.0,25.0,21.0,1781033237466555205
1781033237568868678,33,0,8,0,true,0.1512,0.0038,1238,8192,0.0,0.0,47.95,0.0,0,0,0.0,0.0,0.02,0.0,25.0,21.0,1781033237548845394
1781033237666403570,33,0,8,0,true,0.1516,0.0038,1242,8192,0.0,0.0,47.95,0.0,0,0,0.0,0.0,0.01,0.0,25.0,21.0,1781033237655208377
1781033237768868214,33,0,8,0,true,0.1521,0.0039,1245,8192,0.0,0.0,47.95,0.0,0,0,0.0,0.0,0.01,0.0,25.0,21.0,1781033237761108880
1781033237868849595,33,0,8,0,true,0.1524,0.0038,1248,8192,0.0,0.0,47.95,0.0,0,0,0.0,0.0,0.01,0.0,25.0,21.0,1781033237860177866
1781033237972872170,33,0,8,0,true,0.1528,0.0039,1251,8192,0.0,0.0,47.95,0.0,0,0,0.0,0.0,0.0,0.0,25.0,21.0,1781033237958353542
1781033238074442096,33,0,8,0,true,0.1531,0.0038,1254,8192,0.0,0.0,47.95,0.0,0,0,0.0,0.0,0.01,0.0,25.0,21.0,1781033238041339850
1781033238181258471,33,0,8,0,true,0.1536,0.0039,1258,8192,0.0,0.0,47.95,0.0,0,0,0.0,0.0,0.0,0.0,25.0,21.0,1781033238168835046
1781033238282037744,33,0,8,0,true,0.154,0.0038,1261,8192,0.0,0.0,47.95,0.0,0,0,0.0,0.0,0.0,0.0,25.0,21.0,1781033238280050717
1781033238381568714,33,0,8,0,true,0.1543,0.0039,1264,8192,0.0,0.0,47.95,0.0,0,0,0.0,0.0,0.0,0.0,25.0,21.0,1781033238349737763
1781033238482264418,33,0,8,0,true,0.1547,0.0039,1267,8192,0.0,0.0,47.95,0.0,0,0,0.0,0.0,0.0,0.0,25.0,21.0,1781033238457327823
1781033238582108572,33,0,8,0,true,0.1551,0.0038,1270,8192,0.0,0.0,47.95,0.0,0,0,0.0,0.0,0.02,0.0,25.0,21.0,1781033238556373379
1781033238685101537,33,0,8,0,true,0.1555,0.0038,1274,8192,0.0,0.0,47.95,0.0,0,0,0.0,0.0,0.01,0.0,25.0,21.0,1781033238663792151
1781033238781639679,33,0,8,0,true,0.1559,0.0039,1276,8192,0.0,0.0,47.95,0.0,0,0,0.0,0.0,0.0,0.0,25.0,21.0,1781033238750749493
1781033238882022323,33,0,8,0,true,0.1562,0.0038,1279,8192,0.0,0.0,47.95,0.0,0,0,0.0,0.0,0.01,0.0,25.0,21.0,1781033238851902463
1781033238981733040,33,0,8,0,true,0.1567,0.0038,1283,8192,0.0,0.0,47.95,0.0,0,0,0.0,0.0,0.01,0.0,25.0,21.0,1781033238980488666
1781033239082046897,33,0,8,0,true,0.1571,0.0039,1286,8192,0.0,0.0,47.95,0.0,0,0,0.0,0.0,0.01,0.0,25.0,21.0,1781033239069752001
1781033239184842237,33,0,8,0,true,0.1575,0.0038,1290,8192,0.0,0.0,47.95,0.0,0,0,0.0,0.0,0.01,0.0,25.0,21.0,1781033239177205917
1781033239281566346,33,0,8,0,true,0.1578,0.0038,1292,8192,0.0,0.0,47.95,0.0,0,0,0.0,0.0,0.01,0.0,25.0,21.0,1781033239260932874
1781033239384876741,33,0,8,0,true,0.1582,0.0038,1295,8192,0.0,0.0,47.95,0.0,0,0,0.0,0.0,0.01,0.0,25.0,21.0,1781033239361118843
1781033239484882826,33,0,8,0,true,0.1585,0.004,1298,8192,0.0,0.0,47.95,0.0,0,0,0.0,0.0,0.01,0.0,25.0,21.0,1781033239450687247
1781033239592865601,33,0,8,0,true,0.159,0.0039,1302,8192,0.0,0.0,47.95,0.0,0,0,0.0,0.0,0.0,0.0,25.0,21.0,1781033239567951499
1781033239694211553,33,0,8,0,true,0.1594,0.0039,1305,8192,0.001,0.001,47.95,0.001,0,0,0.0001,0.0001,0.06,0.0,25.0,21.0,1781033239669365289
1781033239794180631,33,0,8,0,true,0.1598,0.0038,1308,8192,0.0,0.0,47.95,0.0,0,0,0.0,0.0,0.01,0.0,25.0,21.0,1781033239765807155
1781033239896897894,33,0,8,0,true,0.1601,0.0038,1311,8192,0.0,0.0,47.95,0.0,0,0,0.0,0.0,0.01,0.0,25.0,21.0,1781033239854500024
1781033240000985503,33,0,8,0,true,0.1606,0.0038,1315,8192,0.0,0.0,47.95,0.0,0,0,0.0,0.0,0.01,0.0,25.0,21.0,1781033239990938167
1781033240102067574,33,0,8,0,true,0.161,0.0038,1319,8192,0.0,0.0,47.95,0.0,0,0,0.0,0.0,0.02,0.0,25.0,21.0,1781033240097198072
1781033240204648828,33,0,8,0,true,0.1614,0.0038,1322,8192,0.0,0.0,47.95,0.0,0,0,0.0,0.0,0.02,0.0,25.0,21.0,1781033240199906278
1781033240304928568,33,0,8,0,true,0.1618,0.0038,1325,8192,0.0,0.0,47.95,0.0,0,0,0.0,0.0,0.02,0.0,25.0,21.0,1781033240296155508
1781033240402056259,33,0,8,0,true,0.1622,0.0039,1328,8192,0.0,0.0,47.95,0.0,0,0,0.0,0.0,0.01,0.0,25.0,21.0,1781033240392960389
1781033240504140279,33,0,8,0,true,0.1625,0.0038,1331,8192,0.0,0.0,47.95,0.0,0,0,0.0,0.0,0.01,0.0,25.0,21.0,1781033240487980986
1781033240604869345,33,0,8,0,true,0.163,0.0038,1334,8192,0.001,0.001,47.95,0.001,0,0,0.0001,0.0001,0.05,0.0,25.0,21.0,1781033240597937424
1781033240701759551,33,0,8,0,true,0.1634,0.0038,1338,8192,0.0,0.0,47.95,0.0,0,0,0.0,0.0,0.0,0.0,25.0,21.0,1781033240699618922
1781033240805163927,33,0,8,0,true,0.1636,0.0038,1340,8192,0.0,0.0,47.95,0.0,0,0,0.0,0.0,0.01,0.0,25.0,21.0,1781033240776500692
1781033240902235228,33,0,8,0,true,0.1641,0.0038,1343,8192,0.0,0.0,47.95,0.0,0,0,0.0,0.0,0.01,0.0,25.0,21.0,1781033240881866529
1781033241001380028,33,0,8,0,true,0.1645,0.0038,1347,8192,0.0,0.0,47.95,0.0,0,0,0.0,0.0,0.01,0.0,25.0,21.0,1781033241000301641
1781033241103923278,33,0,8,0,true,0.1649,0.0039,1350,8192,0.0,0.0,47.95,0.0,0,0,0.0,0.0,0.01,0.0,25.0,21.0,1781033241092044881
1781033241202042208,33,0,8,0,true,0.1653,0.0038,1353,8192,0.0,0.0,47.95,0.0,0,0,0.0,0.0,0.01,0.0,25.0,21.0,1781033241193799377
1781033241304902132,33,0,8,0,true,0.1656,0.0039,1356,8192,0.0,0.0,47.95,0.0,0,0,0.0,0.0,0.0,0.0,25.0,21.0,1781033241293901971
1781033241402293312,33,0,8,0,true,0.1661,0.0038,1360,8192,0.0,0.0,47.95,0.0,0,0,0.0,0.0,0.01,0.0,25.0,21.0,1781033241400111645
1781033241502457149,33,0,8,0,true,0.1664,0.0039,1363,8192,0.0,0.0,47.95,0.0,0,0,0.0,0.0,0.01,0.0,25.0,21.0,1781033241493023126
1781033241602259639,33,0,8,0,true,0.1668,0.0039,1366,8192,0.0,0.0,47.95,0.0,0,0,0.0,0.0,0.0,0.0,25.0,21.0,1781033241593029137
1781033241702085513,33,0,8,0,true,0.1672,0.0038,1369,8192,0.0,0.0,47.95,0.0,0,0,0.0,0.0,0.02,0.0,25.0,21.0,1781033241688364935
1781033241804911665,33,0,8,0,true,0.1676,0.0038,1372,8192,0.0,0.0,47.95,0.0,0,0,0.0,0.0,0.02,0.0,25.0,21.0,1781033241791029888
1781033241902193869,33,0,8,0,true,0.1679,0.0038,1375,8192,0.0,0.0,47.95,0.0,0,0,0.0,0.0,0.01,0.0,25.0,21.0,1781033241885565004
1781033242001706630,33,0,8,0,true,0.1683,0.0038,1378,8192,0.0,0.0,47.95,0.0,0,0,0.0,0.0,0.01,0.0,25.0,21.0,1781033241986403554
1781033242108868292,33,0,8,0,true,0.1687,0.0039,1382,8192,0.0,0.0,47.95,0.0,0,0,0.0,0.0,0.01,0.0,25.0,21.0,1781033242089765206
1781033242210347821,33,0,8,0,true,0.1691,0.0039,1384,8192,0.0,0.0,47.95,0.0,0,0,0.0,0.0,0.02,0.0,25.0,21.0,1781033242181770160
1781033242309962235,33,0,8,0,true,0.1695,0.0038,1388,8192,0.001,0.001,47.95,0.001,0,0,0.0,0.0,0.03,0.0,25.0,21.0,1781033242305350559
1781033242413093664,33,0,8,0,true,0.1699,0.0038,1391,8192,0.0,0.0,47.95,0.0,0,0,0.0,0.0,0.0,0.0,25.0,21.0,1781033242395464860
1781033242509422809,33,0,8,0,true,0.1702,0.0039,1394,8192,0.0,0.0,47.95,0.0,0,0,0.0,0.0,0.01,0.0,25.0,21.0,1781033242478160395
1781033242612904220,33,0,8,0,true,0.1707,0.004,1398,8192,0.0,0.0,47.95,0.0,0,0,0.0,0.0,0.01,0.0,25.0,21.0,1781033242602122120
1781033242710492453,33,0,8,0,true,0.171,0.0039,1400,8192,0.0,0.0,47.95,0.0,0,0,0.0,0.0,0.0,0.0,25.0,21.0,1781033242679166779
1781033242810023423,33,0,8,0,true,0.1713,0.0038,1403,8192,0.0,0.0,47.95,0.0,0,0,0.0,0.0,0.01,0.0,25.0,21.0,1781033242764273232
1781033242912859513,33,0,8,0,true,0.1718,0.0038,1407,8192,0.0,0.0,47.95,0.0,0,0,0.0,0.0,0.01,0.0,25.0,21.0,1781033242901179649
1781033243010446209,33,0,8,0,true,0.1722,0.0038,1410,8192,0.0,0.0,47.95,0.0,0,0,0.0,0.0,0.0,0.0,25.0,21.0,1781033243007443264
1781033243109648519,33,0,8,0,true,0.1726,0.0038,1414,8192,0.001,0.001,47.95,0.001,0,0,0.0001,0.0001,0.05,0.0,25.0,21.0,1781033243107692740
1781033243210141852,33,0,8,0,true,0.173,0.0039,1416,8192,0.0,0.0,47.95,0.0,0,0,0.0,0.0,0.01,0.0,25.0,21.0,1781033243193798124
1781033243316863879,33,0,8,0,true,0.1733,0.0038,1419,8192,0.0,0.0,47.95,0.0,0,0,0.0,0.0,0.02,0.0,25.0,21.0,1781033243288298232
1781033243424986724,33,0,8,0,true,0.1737,0.0039,1423,8192,0.0,0.0,47.95,0.0,0,0,0.0,0.0,0.01,0.0,25.0,21.0,1781033243397656300
1781033243526133798,33,0,8,0,true,0.1741,0.0038,1426,8192,0.0,0.0,47.95,0.0,0,0,0.0,0.0,0.02,0.0,25.0,21.0,1781033243500596882
1781033243628855465,33,0,8,0,true,0.1746,0.0038,1430,8192,0.0,0.0,47.95,0.0,0,0,0.0,0.0,0.02,0.0,25.0,21.0,1781033243613220117
1781033243726065852,33,0,8,0,true,0.175,0.0038,1433,8192,0.0,0.0,47.95,0.0,0,0,0.0,0.0,0.01,0.0,25.0,21.0,1781033243713176758
1781033243828890397,33,0,8,0,true,0.1754,0.0038,1436,8192,0.001,0.001,47.95,0.001,0,0,0.0001,0.0001,0.05,0.0,25.0,21.0,1781033243817223570
1781033243926326570,33,0,8,0,true,0.1757,0.0039,1439,8192,0.0,0.0,47.95,0.0,0,0,0.0,0.0,0.0,0.0,25.0,21.0,1781033243898300457
1781033244026115685,33,0,8,0,true,0.176,0.0039,1442,8192,0.0,0.0,47.95,0.0,0,0,0.0,0.0,0.01,0.0,25.0,21.0,1781033243997350876
1781033244126349319,33,0,8,0,true,0.1764,0.0038,1444,8192,0.0,0.0,47.95,0.0,0,0,0.0,0.0,0.01,0.0,25.0,21.0,1781033244085159442
1781033244228878441,33,0,8,0,true,0.1769,0.0038,1449,8192,0.001,0.001,47.95,0.001,0,0,0.0,0.0,0.02,0.0,25.0,21.0,1781033244214300119
1781033244325725935,33,0,8,0,true,0.1773,0.0038,1452,8192,0.0,0.0,47.95,0.0,0,0,0.0,0.0,0.01,0.0,25.0,21.0,1781033244319496900
1781033244426146499,33,0,8,0,true,0.1777,0.0039,1455,8192,0.0,0.0,47.95,0.0,0,0,0.0,0.0,0.01,0.0,25.0,21.0,1781033244414507874
1781033244526895737,33,0,8,0,true,0.1779,0.0038,1457,8192,0.0,0.0,47.95,0.0,0,0,0.0,0.0,0.0,0.0,25.0,21.0,1781033244489003699
1781033244626067843,33,0,8,0,true,0.1784,0.0039,1461,8192,0.0,0.0,47.95,0.0,0,0,0.0,0.0,0.01,0.0,25.0,21.0,1781033244604048189
1781033244726189894,33,0,8,0,true,0.1787,0.0039,1464,8192,0.0,0.0,47.95,0.0,0,0,0.0,0.0,0.01,0.0,25.0,21.0,1781033244699196908
1781033244828590953,33,0,8,0,true,0.1791,0.0039,1467,8192,0.0,0.0,47.95,0.0,0,0,0.0,0.0,0.01,0.0,25.0,21.0,1781033244800343893
1781033244932886058,33,0,8,0,true,0.1796,0.0038,1471,8192,0.0,0.0,47.95,0.0,0,0,0.0,0.0,0.0,0.0,25.0,21.0,1781033244916986835
1781033245033388637,33,0,8,0,true,0.18,0.0038,1474,8192,0.001,0.001,47.95,0.001,0,0,0.0001,0.0001,0.05,0.0,25.0,21.0,1781033245032770373
1781033245133537644,33,0,8,0,true,0.1804,0.0039,1477,8192,0.0,0.0,47.95,0.0,0,0,0.0,0.0,0.0,0.0,25.0,21.0,1781033245118469089
1781033245241083284,33,0,8,0,true,0.1808,0.0039,1480,8192,0.0,0.0,47.95,0.0,0,0,0.0,0.0,0.01,0.0,25.0,21.0,1781033245230138185
1781033245347695380,33,0,8,0,true,0.1812,0.0039,1484,8192,0.0,0.0,47.95,0.0,0,0,0.0,0.0,0.01,0.0,25.0,21.0,1781033245337316317
1781033245448771115,33,0,8,0,true,0.1816,0.0039,1487,8192,0.0,0.0,47.95,0.0,0,0,0.0,0.0,0.01,0.0,25.0,21.0,1781033245445578898
1781033245548604836,33,0,8,0,true,0.182,0.0039,1490,8192,0.0,0.0,47.95,0.0,0,0,0.0,0.0,0.01,0.0,25.0,21.0,1781033245541531301
1781033245648443608,33,0,8,0,true,0.1823,0.0038,1493,8192,0.0,0.0,47.95,0.0,0,0,0.0,0.0,0.01,0.0,25.0,21.0,1781033245633020750
1781033245749038391,33,0,8,0,true,0.1827,0.0039,1496,8192,0.0,0.0,47.95,0.0,0,0,0.0,0.0,0.01,0.0,25.0,21.0,1781033245733773232
1781033245848904008,33,0,8,0,true,0.1831,0.0038,1499,8192,0.0,0.0,47.95,0.0,0,0,0.0,0.0,0.01,0.0,25.0,21.0,1781033245830182587
1781033245948864417,33,0,8,0,true,0.1835,0.0038,1503,8192,0.0,0.0,47.95,0.0,0,0,0.0,0.0,0.02,0.0,25.0,21.0,1781033245940409192
1781033246056892845,33,0,8,0,true,0.1839,0.0038,1506,8192,0.0,0.0,47.95,0.0,0,0,0.0,0.0,0.02,0.0,25.0,21.0,1781033246029337135
1781033246165060631,33,0,8,0,true,0.1843,0.0038,1510,8192,0.0,0.0,47.95,0.0,0,0,0.0,0.0,0.01,0.0,25.0,21.0,1781033246154257745
1781033246268835540,33,0,8,0,true,0.1848,0.0038,1513,8192,0.0,0.0,47.95,0.0,0,0,0.0,0.0,0.02,0.0,25.0,21.0,1781033246264140562
1781033246368668385,33,0,8,0,true,0.1851,0.0038,1516,8192,0.0,0.0,47.95,0.0,0,0,0.0,0.0,0.0,0.0,25.0,21.0,1781033246351412425
1781033246467013047,33,0,8,0,true,0.1855,0.0039,1519,8192,0.0,0.0,47.95,0.0,0,0,0.0,0.0,0.01,0.0,25.0,21.0,1781033246444327733
1781033246565530241,33,0,8,0,true,0.1859,0.004,1522,8192,0.0,0.0,47.95,0.0,0,0,0.0,0.0,0.02,0.0,25.0,21.0,1781033246549919453
1781033246666888763,33,0,8,0,true,0.1862,0.0039,1525,8192,0.0,0.0,47.95,0.0,0,0,0.0,0.0,0.01,0.0,25.0,21.0,1781033246642118615
1781033246768078635,33,0,8,0,true,0.1866,0.0038,1528,8192,0.0,0.0,47.95,0.0,0,0,0.0,0.0,0.01,0.0,25.0,21.0,1781033246749832875
1781033246868877954,33,0,8,0,true,0.187,0.0038,1531,8192,0.0,0.0,47.95,0.0,0,0,0.0,0.0,0.0,0.0,25.0,21.0,1781033246845630158
1781033246965962731,33,0,8,0,true,0.1874,0.004,1535,8192,0.0,0.0,47.95,0.0,0,0,0.0,0.0,0.01,0.0,25.0,21.0,1781033246953149906
1781033247066336095,33,0,8,0,true,0.1878,0.0038,1538,8192,0.0,0.0,47.95,0.0,0,0,0.0,0.0,0.0,0.0,25.0,21.0,1781033247041128873
1781033247166310446,33,0,8,0,true,0.188,0.0038,1540,8192,0.0,0.0,47.95,0.0,0,0,0.0,0.0,0.01,0.0,25.0,21.0,1781033247119369497
1781033247266059028,33,0,8,0,true,0.1885,0.0038,1544,8192,0.0,0.0,47.95,0.0,0,0,0.0,0.0,0.01,0.0,25.0,21.0,1781033247248870662
1781033247368865278,33,0,8,0,true,0.1889,0.0038,1547,8192,0.0,0.0,47.95,0.0,0,0,0.0,0.0,0.02,0.0,25.0,21.0,1781033247331222261
1781033247465453875,33,0,8,0,true,0.1894,0.0039,1551,8192,0.0,0.0,47.95,0.0,0,0,0.0,0.0,0.0,0.0,25.0,21.0,1781033247464899440
1781033247565956006,33,0,8,0,true,0.1898,0.0038,1554,8192,0.0,0.0,47.95,0.0,0,0,0.0,0.0,0.01,0.0,25.0,21.0,1781033247563327572
1781033247665709099,33,0,8,0,true,0.1901,0.0039,1557,8192,0.0,0.0,47.95,0.0,0,0,0.0,0.0,0.01,0.0,25.0,21.0,1781033247661348636
1781033247768897162,33,0,8,0,true,0.1905,0.0039,1560,8192,0.0,0.0,47.95,0.0,0,0,0.0,0.0,0.01,0.0,25.0,21.0,1781033247744286669
1781033247865951965,33,0,8,0,true,0.1909,0.0038,1563,8192,0.0,0.0,47.95,0.0,0,0,0.0,0.0,0.02,0.0,25.0,21.0,1781033247850251673
1781033247967941817,33,0,8,0,true,0.1913,0.0038,1567,8192,0.0,0.0,47.95,0.0,0,0,0.0,0.0,0.02,0.0,25.0,21.0,1781033247967385352
1781033248072866554,33,0,8,0,true,0.1916,0.0038,1569,8192,0.001,0.001,47.95,0.001,0,0,0.0,0.0,0.03,0.0,25.0,21.0,1781033248041255021
1781033248174459147,33,0,8,0,true,0.1921,0.0039,1573,8192,0.0,0.0,47.95,0.0,0,0,0.0,0.0,0.01,0.0,25.0,21.0,1781033248170059139
1781033248276894567,33,0,8,0,true,0.1924,0.0038,1576,8192,0.001,0.001,47.95,0.001,0,0,0.0,0.0,0.03,0.0,25.0,21.0,1781033248261787574
1781033248381040861,33,0,8,0,true,0.1928,0.0038,1579,8192,0.0,0.0,47.95,0.0,0,0,0.0,0.0,0.01,0.0,25.0,21.0,1781033248345757326
1781033248485530994,33,0,8,0,true,0.1932,0.0038,1582,8192,0.0,0.0,47.95,0.0,0,0,0.0,0.0,0.01,0.0,25.0,21.0,1781033248468295320
1781033248584872303,33,0,8,0,true,0.1936,0.0038,1586,8192,0.0,0.0,47.95,0.0,0,0,0.0,0.0,0.02,0.0,25.0,21.0,1781033248569765138
1781033248681978062,33,0,8,0,true,0.194,0.0038,1588,8192,0.0,0.0,47.95,0.0,0,0,0.0,0.0,0.0,0.0,25.0,21.0,1781033248654258347
1781033248781361500,33,0,8,0,true,0.1944,0.0038,1592,8192,0.0,0.0,47.95,0.0,0,0,0.0,0.0,0.01,0.0,25.0,21.0,1781033248760674672
1781033248881380733,33,0,8,0,true,0.1948,0.0038,1595,8192,0.001,0.001,47.95,0.001,0,0,0.0,0.0,0.03,0.0,25.0,21.0,1781033248869400896
1781033248988896392,33,0,8,0,true,0.1951,0.0038,1598,8192,0.0,0.0,47.95,0.0,0,0,0.0,0.0,0.01,0.0,25.0,21.0,1781033248954660469
1781033249091276935,33,0,8,0,true,0.1956,0.0039,1601,8192,0.0,0.0,47.95,0.0,0,0,0.0,0.0,0.0,0.0,25.0,21.0,1781033249069448270
1781033249190431887,33,0,8,0,true,0.196,0.0039,1605,8192,0.0,0.0,47.95,0.0,0,0,0.0,0.0,0.0,0.0,25.0,21.0,1781033249177863015
1781033249290240564,33,0,8,0,true,0.1964,0.0038,1608,8192,0.001,0.001,47.95,0.001,0,0,0.0,0.0,0.03,0.0,25.0,21.0,1781033249288887852
1781033249392866758,33,0,8,0,true,0.1967,0.0038,1611,8192,0.001,0.001,47.95,0.001,0,0,0.0,0.0,0.03,0.0,25.0,21.0,1781033249369365332
1781033249492844984,33,0,8,0,true,0.1971,0.0038,1614,8192,0.0,0.0,47.95,0.0,0,0,0.0,0.0,0.01,0.0,25.0,21.0,1781033249477504420
1781033249592913681,33,0,8,0,true,0.1974,0.0038,1616,8192,0.0,0.0,47.95,0.0,0,0,0.0,0.0,0.01,0.0,25.0,21.0,1781033249543953782
1781033249692922767,33,0,8,0,true,0.1978,0.0039,1620,8192,0.0,0.0,47.95,0.0,0,0,0.0,0.0,0.01,0.0,25.0,21.0,1781033249652950828
1781033249792872650,33,0,8,0,true,0.1982,0.0038,1623,8192,0.0,0.0,47.95,0.0,0,0,0.0,0.0,0.02,0.0,25.0,21.0,1781033249756563954
1781033249892884893,33,0,8,0,true,0.1987,0.0038,1627,8192,0.0,0.0,47.95,0.0,0,0,0.0,0.0,0.02,0.0,25.0,21.0,1781033249881343639
1781033249990751066,33,0,8,0,true,0.1991,0.0039,1631,8192,0.0,0.0,47.95,0.0,0,0,0.0,0.0,0.01,0.0,25.0,21.0,1781033249988937255
1781033250090006266,33,0,8,0,true,0.1994,0.0038,1633,8192,0.001,0.001,47.95,0.001,0,0,0.0,0.0,0.03,0.0,25.0,21.0,1781033250068657207
1781033250189550870,33,0,8,0,true,0.1999,0.0039,1637,8192,0.0,0.0,47.95,0.0,0,0,0.0,0.0,0.01,0.0,25.0,21.0,1781033250185030925
1781033250293173187,33,0,8,0,true,0.2001,0.0038,1639,8192,0.0,0.0,47.95,0.0,0,0,0.0,0.0,0.01,0.0,25.0,21.0,1781033250262109772
1781033250390279387,33,0,8,0,true,0.2005,0.0038,1642,8192,0.001,0.001,47.95,0.001,0,0,0.0001,0.0001,0.05,0.0,25.0,21.0,1781033250351127735
1781033250490447124,33,0,8,0,true,0.201,0.0038,1646,8192,0.001,0.001,47.95,0.001,0,0,0.0,0.0,0.02,0.0,25.0,21.0,1781033250481021869
1781033250589715345,33,0,8,0,true,0.2014,0.0038,1649,8192,0.0,0.0,47.95,0.0,0,0,0.0,0.0,0.01,0.0,25.0,21.0,1781033250585336307
1781033250690189987,33,0,8,0,true,0.2018,0.0038,1652,8192,0.0,0.0,47.95,0.0,0,0,0.0,0.0,0.01,0.0,25.0,21.0,1781033250685823348
1781033250789891303,33,0,8,0,true,0.2021,0.0038,1655,8192,0.0,0.0,47.95,0.0,0,0,0.0,0.0,0.0,0.0,25.0,21.0,1781033250773304630
1781033250889509160,33,0,8,0,true,0.2025,0.0038,1659,8192,0.0,0.0,47.95,0.0,0,0,0.0,0.0,0.01,0.0,25.0,21.0,1781033250885481940
1781033250991372561,33,0,8,0,true,0.2029,0.0038,1661,8192,0.0,0.0,47.95,0.0,0,0,0.0,0.0,0.0,0.0,25.0,21.0,1781033250972545166
1781033251096883488,33,0,8,0,true,0.2032,0.0038,1664,8192,0.0,0.0,47.95,0.0,0,0,0.0,0.0,0.01,0.0,25.0,21.0,1781033251067206450
1781033251197443525,33,0,8,0,true,0.2037,0.0039,1669,8192,0.0,0.0,47.95,0.0,0,0,0.0,0.0,0.0,0.0,25.0,21.0,1781033251199041057
1781033251298113301,33,0,8,0,true,0.2041,0.0038,1671,8192,0.0,0.0,47.95,0.0,0,0,0.0,0.0,0.02,0.0,25.0,21.0,1781033251286931635
1781033251398223073,33,0,8,0,true,0.2044,0.0038,1674,8192,0.0,0.0,47.95,0.0,0,0,0.0,0.0,0.01,0.0,25.0,21.0,1781033251373217374
1781033251497904316,33,0,8,0,true,0.2048,0.0038,1678,8192,0.0,0.0,47.95,0.0,0,0,0.0,0.0,0.02,0.0,25.0,21.0,1781033251482287662
1781033251600892024,33,0,8,0,true,0.2053,0.0038,1681,8192,0.0,0.0,47.95,0.0,0,0,0.0,0.0,0.02,0.0,25.0,21.0,1781033251599207562
1781033251698361792,33,0,8,0,true,0.2056,0.0038,1684,8192,0.0,0.0,47.95,0.0,0,0,0.0,0.0,0.01,0.0,25.0,21.0,1781033251685920423
1781033251797748688,33,0,8,0,true,0.206,0.0039,1687,8192,0.0,0.0,47.95,0.0,0,0,0.0,0.0,0.01,0.0,25.0,21.0,1781033251790753741
1781033251899265092,33,0,8,0,true,0.2063,0.0038,1690,8192,0.0,0.0,47.95,0.0,0,0,0.0,0.0,0.0,0.0,25.0,21.0,1781033251871994528
1781033251998156163,33,0,8,0,true,0.2067,0.0038,1693,8192,0.0,0.0,47.95,0.0,0,0,0.0,0.0,0.02,0.0,25.0,21.0,1781033251971941448
1781033252097721299,33,0,8,0,true,0.2071,0.004,1696,8192,0.0,0.0,47.95,0.0,0,0,0.0,0.0,0.01,0.0,25.0,21.0,1781033252071197833
1781033252201053859,33,0,8,0,true,0.2076,0.0038,1700,8192,0.0,0.0,47.95,0.0,0,0,0.0,0.0,0.01,0.0,25.0,21.0,1781033252186045398
1781033252297478589,33,0,8,0,true,0.2079,0.0038,1703,8192,0.001,0.001,47.95,0.001,0,0,0.0001,0.0001,0.03,0.0,25.0,21.0,1781033252289444265
1781033252397959567,33,0,8,0,true,0.2084,0.0038,1706,8192,0.0,0.0,47.95,0.0,0,0,0.0,0.0,0.01,0.0,25.0,21.0,1781033252394289147
1781033252498182000,33,0,8,0,true,0.2087,0.0039,1709,8192,0.0,0.0,47.95,0.0,0,0,0.0,0.0,0.01,0.0,25.0,21.0,1781033252480642661
1781033252601087073,33,0,8,0,true,0.2091,0.0038,1712,8192,0.001,0.001,47.95,0.001,0,0,0.0001,0.0001,0.05,0.0,25.0,21.0,1781033252580142781
1781033252705052444,33,0,8,0,true,0.2095,0.0038,1716,8192,0.0,0.0,47.95,0.0,0,0,0.0,0.0,0.0,0.0,25.0,21.0,1781033252687710164
1781033252808830982,33,0,8,0,true,0.2099,0.0038,1719,8192,0.001,0.001,47.95,0.001,0,0,0.0,0.0,0.02,0.0,25.0,21.0,1781033252804873829
1781033252908893414,33,0,8,0,true,0.2103,0.004,1722,8192,0.0,0.0,47.95,0.0,0,0,0.0,0.0,0.01,0.0,25.0,21.0,1781033252885379346
1781033253008873273,33,0,8,0,true,0.2106,0.0038,1725,8192,0.0,0.0,47.95,0.0,0,0,0.0,0.0,0.0,0.0,25.0,21.0,1781033252984039895
1781033253108882250,33,0,8,0,true,0.211,0.0038,1728,8192,0.0,0.0,47.95,0.0,0,0,0.0,0.0,0.0,0.0,25.0,21.0,1781033253082120992
1781033253206721475,33,0,8,0,true,0.2114,0.0039,1731,8192,0.0,0.0,47.95,0.0,0,0,0.0,0.0,0.0,0.0,25.0,21.0,1781033253174747358
1781033253312875419,33,0,8,0,true,0.2119,0.0038,1735,8192,0.001,0.001,47.95,0.001,0,0,0.0001,0.0001,0.03,0.0,25.0,21.0,1781033253300941959
1781033253416935606,33,0,8,0,true,0.2122,0.0039,1738,8192,0.0,0.0,47.95,0.0,0,0,0.0,0.0,0.01,0.0,25.0,21.0,1781033253387263701
1781033253516887970,33,0,8,0,true,0.2126,0.0039,1742,8192,0.0,0.0,47.95,0.0,0,0,0.0,0.0,0.0,0.0,25.0,21.0,1781033253507114482
1781033253613392202,33,0,8,0,true,0.213,0.0038,1744,8192,0.0,0.0,47.95,0.0,0,0,0.0,0.0,0.01,0.0,25.0,21.0,1781033253595053573
1781033253714034626,33,0,8,0,true,0.2134,0.0039,1748,8192,0.0,0.0,47.95,0.0,0,0,0.0,0.0,0.01,0.0,25.0,21.0,1781033253707729495
1781033253816880829,33,0,8,0,true,0.2138,0.0039,1751,8192,0.0,0.0,47.95,0.0,0,0,0.0,0.0,0.01,0.0,25.0,21.0,1781033253801813187
1781033253913553103,33,0,8,0,true,0.2142,0.004,1754,8192,0.0,0.0,47.95,0.0,0,0,0.0,0.0,0.01,0.0,25.0,21.0,1781033253905584738
1781033254014146540,33,0,8,0,true,0.2145,0.0039,1757,8192,0.0,0.0,47.95,0.0,0,0,0.0,0.0,0.02,0.0,25.0,21.0,1781033253992976597
1781033254116889967,33,0,8,0,true,0.2149,0.0039,1760,8192,0.0,0.0,47.95,0.0,0,0,0.0,0.0,0.0,0.0,25.0,21.0,1781033254102239665
1781033254214441429,33,0,8,0,true,0.2153,0.0039,1763,8192,0.0,0.0,47.95,0.0,0,0,0.0,0.0,0.01,0.0,25.0,21.0,1781033254198902914
1781033254314301304,33,0,8,0,true,0.2157,0.0038,1767,8192,0.0,0.0,47.95,0.0,0,0,0.0,0.0,0.01,0.0,25.0,21.0,1781033254306253402
1781033254413435184,33,0,8,0,true,0.216,0.0038,1769,8192,0.001,0.001,47.95,0.001,0,0,0.0001,0.0001,0.05,0.0,25.0,21.0,1781033254385037020
1781033254516849885,33,0,8,0,true,0.2165,0.0038,1773,8192,0.001,0.001,47.95,0.001,0,0,0.0001,0.0001,0.03,0.0,25.0,21.0,1781033254510689544
1781033254613868867,33,0,8,0,true,0.2169,0.0038,1776,8192,0.0,0.0,47.95,0.0,0,0,0.0,0.0,0.01,0.0,25.0,21.0,1781033254611251255
1781033254715277076,33,0,8,0,true,0.2172,0.0039,1779,8192,0.0,0.0,47.95,0.0,0,0,0.0,0.0,0.0,0.0,25.0,21.0,1781033254680932494
1781033254816862743,33,0,8,0,true,0.2177,0.0039,1783,8192,0.0,0.0,47.95,0.0,0,0,0.0,0.0,0.01,0.0,25.0,21.0,1781033254808114086
1781033254916877159,33,0,8,0,true,0.218,0.004,1786,8192,0.0,0.0,47.95,0.0,0,0,0.0,0.0,0.02,0.0,25.0,21.0,1781033254901515701
1781033255014019082,33,0,8,0,true,0.2184,0.004,1788,8192,0.0,0.0,47.95,0.0,0,0,0.0,0.0,0.02,0.0,25.0,21.0,1781033254989704282
1781033255120987193,33,0,8,0,true,0.2188,0.0039,1792,8192,0.0,0.0,47.95,0.0,0,0,0.0,0.0,0.0,0.0,25.0,21.0,1781033255097467521
1781033255221784006,33,0,8,0,true,0.2192,0.0039,1795,8192,0.0,0.0,47.95,0.0,0,0,0.0,0.0,0.02,0.0,25.0,21.0,1781033255200484616
1781033255324520918,33,0,8,0,true,0.2196,0.0038,1798,8192,0.0,0.0,47.95,0.0,0,0,0.0,0.0,0.02,0.0,25.0,21.0,1781033255310473267
1781033255421858159,33,0,8,0,true,0.2199,0.0039,1801,8192,0.0,0.0,47.95,0.0,0,0,0.0,0.0,0.0,0.0,25.0,21.0,1781033255393542566
1781033255524910209,33,0,8,0,true,0.2203,0.0039,1805,8192,0.0,0.0,47.95,0.0,0,0,0.0,0.0,0.01,0.0,25.0,21.0,1781033255505210188
1781033255624905126,33,0,8,0,true,0.2207,0.0038,1808,8192,0.001,0.001,47.95,0.001,0,0,0.0001,0.0001,0.04,0.0,25.0,21.0,1781033255601470150
1781033255722426556,33,0,8,0,true,0.2211,0.0038,1811,8192,0.001,0.001,47.95,0.001,0,0,0.0,0.0,0.03,0.0,25.0,21.0,1781033255706099265
1781033255822121897,33,0,8,0,true,0.2215,0.0038,1814,8192,0.001,0.001,47.95,0.001,0,0,0.0,0.0,0.03,0.0,25.0,21.0,1781033255814629551
1781033255924891628,33,0,8,0,true,0.2218,0.0038,1817,8192,0.0,0.0,47.95,0.0,0,0,0.0,0.0,0.01,0.0,25.0,21.0,1781033255894410885
1781033256025687995,33,0,8,0,true,0.2222,0.0038,1820,8192,0.001,0.001,47.95,0.001,0,0,0.0001,0.0001,0.03,0.0,25.0,21.0,1781033255985353165
1781033256124065291,33,0,8,0,true,0.2226,0.0038,1823,8192,0.001,0.001,47.95,0.001,0,0,0.0,0.0,0.03,0.0,25.0,21.0,1781033256106168582
1781033256228879430,33,0,8,0,true,0.223,0.0039,1826,8192,0.0,0.0,47.95,0.0,0,0,0.0,0.0,0.0,0.0,25.0,21.0,1781033256200207738
1781033256329978093,33,0,8,0,true,0.2234,0.0039,1830,8192,0.0,0.0,47.95,0.0,0,0,0.0,0.0,0.0,0.0,25.0,21.0,1781033256304356655
1781033256430129330,33,0,8,0,true,0.2239,0.0038,1833,8192,0.001,0.001,47.95,0.001,0,0,0.0,0.0,0.03,0.0,25.0,21.0,1781033256422476592
1781033256529469251,33,0,8,0,true,0.2242,0.0038,1836,8192,0.001,0.001,47.95,0.001,0,0,0.0001,0.0001,0.03,0.0,25.0,21.0,1781033256498101712
1781033256629669060,33,0,8,0,true,0.2247,0.0038,1840,8192,0.0,0.0,47.95,0.0,0,0,0.0,0.0,0.0,0.0,25.0,21.0,1781033256627263459
1781033256732889972,33,0,8,0,true,0.225,0.0038,1843,8192,0.0,0.0,47.95,0.0,0,0,0.0,0.0,0.02,0.0,25.0,21.0,1781033256719105195
1781033256830151204,33,0,8,0,true,0.2253,0.0039,1846,8192,0.0,0.0,47.95,0.0,0,0,0.0,0.0,0.0,0.0,25.0,21.0,1781033256809034913
1781033256932877340,33,0,8,0,true,0.2257,0.0039,1849,8192,0.0,0.0,47.95,0.0,0,0,0.0,0.0,0.01,0.0,25.0,21.0,1781033256913274723
1781033257032877194,33,0,8,0,true,0.2261,0.0038,1852,8192,0.001,0.001,47.95,0.001,0,0,0.0001,0.0001,0.05,0.0,25.0,21.0,1781033257011336441
1781033257132873004,33,0,8,0,true,0.2265,0.0039,1855,8192,0.0,0.0,47.95,0.0,0,0,0.0,0.0,0.01,0.0,25.0,21.0,1781033257110138766
1781033257229493493,33,0,8,0,true,0.2269,0.0038,1858,8192,0.0,0.0,47.95,0.0,0,0,0.0,0.0,0.02,0.0,25.0,21.0,1781033257218722481
1781033257332921725,33,0,8,0,true,0.2273,0.0039,1861,8192,0.0,0.0,47.95,0.0,0,0,0.0,0.0,0.0,0.0,25.0,21.0,1781033257303577809
1781033257429609765,33,0,8,0,true,0.2276,0.0038,1864,8192,0.0,0.0,47.95,0.0,0,0,0.0,0.0,0.01,0.0,25.0,21.0,1781033257404048341
1781033257532453455,33,0,8,0,true,0.2281,0.0039,1868,8192,0.0,0.0,47.95,0.0,0,0,0.0,0.0,0.01,0.0,25.0,21.0,1781033257532064128
1781033257632862584,33,0,8,0,true,0.2285,0.004,1871,8192,0.0,0.0,47.95,0.0,0,0,0.0,0.0,0.01,0.0,25.0,21.0,1781033257619607800
1781033257730962692,33,0,8,0,true,0.2289,0.004,1874,8192,0.0,0.0,47.95,0.0,0,0,0.0,0.0,0.01,0.0,25.0,21.0,1781033257726332643
1781033257830029945,33,0,8,0,true,0.2292,0.0039,1877,8192,0.0,0.0,47.95,0.0,0,0,0.0,0.0,0.0,0.0,25.0,21.0,1781033257809388586
1781033257932875889,33,0,8,0,true,0.2295,0.0038,1880,8192,0.001,0.001,47.95,0.001,0,0,0.0001,0.0001,0.05,0.0,25.0,21.0,1781033257898298543
1781033258029840068,33,0,8,0,true,0.2299,0.0038,1883,8192,0.001,0.001,47.95,0.001,0,0,0.0,0.0,0.03,0.0,25.0,21.0,1781033257997294413
1781033258130182971,33,0,8,0,true,0.2303,0.0038,1886,8192,0.001,0.001,47.95,0.001,0,0,0.0001,0.0001,0.05,0.0,25.0,21.0,1781033258104608690
1781033258230011904,33,0,8,0,true,0.2307,0.0038,1890,8192,0.0,0.0,47.95,0.0,0,0,0.0,0.0,0.02,0.0,25.0,21.0,1781033258212381219
1781033258335382147,33,0,8,0,true,0.2312,0.0039,1893,8192,0.0,0.0,47.95,0.0,0,0,0.0,0.0,0.0,0.0,25.0,21.0,1781033258320559457
1781033258440657180,33,0,8,0,true,0.2316,0.0039,1897,8192,0.0,0.0,47.95,0.0,0,0,0.0,0.0,0.0,0.0,25.0,21.0,1781033258433172379
1781033258548864078,33,0,8,0,true,0.232,0.0038,1900,8192,0.001,0.001,47.95,0.001,0,0,0.0,0.0,0.03,0.0,25.0,21.0,1781033258537339547
1781033258651361629,33,0,8,0,true,0.2323,0.0039,1903,8192,0.0,0.0,47.95,0.0,0,0,0.0,0.0,0.0,0.0,25.0,21.0,1781033258621958470
1781033258751483316,33,0,8,0,true,0.2328,0.0038,1906,8192,0.0,0.0,47.95,0.0,0,0,0.0,0.0,0.01,0.0,25.0,21.0,1781033258744985152
1781033258849632992,33,0,8,0,true,0.2332,0.0039,1910,8192,0.0,0.0,47.95,0.0,0,0,0.0,0.0,0.0,0.0,25.0,21.0,1781033258845580331
1781033258949685182,33,0,8,0,true,0.2335,0.0038,1913,8192,0.0,0.0,47.95,0.0,0,0,0.0,0.0,0.0,0.0,25.0,21.0,1781033258940128574
1781033259050133152,33,0,8,0,true,0.2339,0.0039,1916,8192,0.0,0.0,47.95,0.0,0,0,0.0,0.0,0.01,0.0,25.0,21.0,1781033259037763256
1781033259149641972,33,0,8,0,true,0.2343,0.0039,1919,8192,0.0,0.0,47.95,0.0,0,0,0.0,0.0,0.01,0.0,25.0,21.0,1781033259145154923
1781033259256953669,33,0,8,0,true,0.2346,0.0038,1922,8192,0.0,0.0,47.95,0.0,0,0,0.0,0.0,0.02,0.0,25.0,21.0,1781033259228362698
1781033259358232116,33,0,8,0,true,0.2351,0.0038,1926,8192,0.0,0.0,47.95,0.0,0,0,0.0,0.0,0.01,0.0,25.0,21.0,1781033259353559061
1781033259457420540,33,0,8,0,true,0.2354,0.0038,1928,8192,0.001,0.001,47.95,0.001,0,0,0.0,0.0,0.03,0.0,25.0,21.0,1781033259423886685
1781033259565008780,33,0,8,0,true,0.2359,0.0038,1932,8192,0.0,0.0,47.95,0.0,0,0,0.0,0.0,0.02,0.0,25.0,21.0,1781033259550823049
1781033259668885386,33,0,8,0,true,0.2362,0.0038,1935,8192,0.001,0.001,47.95,0.001,0,0,0.0001,0.0001,0.05,0.0,25.0,21.0,1781033259641618560
1781033259765532209,33,0,8,0,true,0.2365,0.0038,1937,8192,0.001,0.001,47.95,0.001,0,0,0.0001,0.0001,0.05,0.0,25.0,21.0,1781033259719260132
1781033259868879664,33,0,8,0,true,0.2371,0.0038,1942,8192,0.0,0.0,47.95,0.0,0,0,0.0,0.0,0.02,0.0,25.0,21.0,1781033259860737182
1781033259967434138,33,0,8,0,true,0.2374,0.0038,1944,8192,0.001,0.001,47.95,0.001,0,0,0.0001,0.0001,0.05,0.0,25.0,21.0,1781033259946718392
1781033260067440299,33,0,8,0,true,0.2378,0.0039,1948,8192,0.0,0.0,47.95,0.0,0,0,0.0,0.0,0.01,0.0,25.0,21.0,1781033260055974372
1781033260169662330,33,0,8,0,true,0.2382,0.0039,1951,8192,0.0,0.0,47.95,0.0,0,0,0.0,0.0,0.0,0.0,25.0,21.0,1781033260157109776
1781033260268870410,33,0,8,0,true,0.2386,0.0038,1954,8192,0.0,0.0,47.95,0.0,0,0,0.0,0.0,0.01,0.0,25.0,21.0,1781033260248430799
1781033260366131000,33,0,8,0,true,0.239,0.0038,1957,8192,0.001,0.001,47.95,0.001,0,0,0.0001,0.0001,0.06,0.0,25.0,21.0,1781033260354193379
1781033260466701457,33,0,8,0,true,0.2393,0.0038,1960,8192,0.0,0.0,47.95,0.0,0,0,0.0,0.0,0.01,0.0,25.0,21.0,1781033260441228829
1781033260566237517,33,0,8,0,true,0.2397,0.0038,1963,8192,0.001,0.001,47.95,0.001,0,0,0.0001,0.0001,0.05,0.0,25.0,21.0,1781033260537069061
1781033260665804217,33,0,8,0,true,0.2401,0.0038,1967,8192,0.0,0.0,47.95,0.0,0,0,0.0,0.0,0.02,0.0,25.0,21.0,1781033260659369470
1781033260767376967,33,0,8,0,true,0.2404,0.0039,1969,8192,0.0,0.0,47.95,0.0,0,0,0.0,0.0,0.01,0.0,25.0,21.0,1781033260734119907
1781033260868404127,33,0,8,0,true,0.2408,0.004,1973,8192,0.0,0.0,47.95,0.0,0,0,0.0,0.0,0.01,0.0,25.0,21.0,1781033260841157168
1781033260968902422,33,0,8,0,true,0.2412,0.0039,1976,8192,0.0,0.0,47.95,0.0,0,0,0.0,0.0,0.0,0.0,25.0,21.0,1781033260938621912
1781033261068871513,33,0,8,0,true,0.2417,0.0039,1979,8192,0.0,0.0,47.95,0.0,0,0,0.0,0.0,0.0,0.0,25.0,21.0,1781033261056695483
1781033261165953003,33,0,8,0,true,0.2421,0.0038,1983,8192,0.0,0.0,47.95,0.0,0,0,0.0,0.0,0.02,0.0,25.0,21.0,1781033261160452153
1781033261267640720,33,0,8,0,true,0.2424,0.0038,1986,8192,0.0,0.0,47.95,0.0,0,0,0.0,0.0,0.02,0.0,25.0,21.0,1781033261255184264
1781033261365486498,33,0,8,0,true,0.2428,0.0039,1988,8192,0.0,0.0,47.95,0.0,0,0,0.0,0.0,0.0,0.0,25.0,21.0,1781033261347710703
1781033261468884098,33,0,8,0,true,0.2432,0.0038,1992,8192,0.0,0.0,47.95,0.0,0,0,0.0,0.0,0.0,0.0,25.0,21.0,1781033261461150404
1781033261565923816,33,0,8,0,true,0.2436,0.0038,1995,8192,0.0,0.0,47.95,0.0,0,0,0.0,0.0,0.01,0.0,25.0,21.0,1781033261563805367
1781033261665714106,33,0,8,0,true,0.244,0.0039,1998,8192,0.0,0.0,47.95,0.0,0,0,0.0,0.0,0.01,0.0,25.0,21.0,1781033261664321294
1781033261772863422,33,0,8,0,true,0.2443,0.004,2001,8192,0.0,0.0,47.95,0.0,0,0,0.0,0.0,0.01,0.0,25.0,21.0,1781033261750302931
1781033261881283834,33,0,8,0,true,0.2448,0.0039,2005,8192,0.0,0.0,47.95,0.0,0,0,0.0,0.0,0.0,0.0,25.0,21.0,1781033261878937474
1781033261982400819,33,0,8,0,true,0.2451,0.0038,2008,8192,0.001,0.001,47.95,0.001,0,0,0.0,0.0,0.03,0.0,25.0,21.0,1781033261954308602
1781033262081589255,33,0,8,0,true,0.2456,0.0038,2011,8192,0.001,0.001,47.95,0.001,0,0,0.0001,0.0001,0.06,0.0,25.0,21.0,1781033262077397483
1781033262181513501,33,0,8,0,true,0.2459,0.0038,2014,8192,0.0,0.0,47.95,0.0,0,0,0.0,0.0,0.0,0.0,25.0,21.0,1781033262165395941
1781033262281466971,33,0,8,0,true,0.2464,0.0038,2018,8192,0.001,0.001,47.95,0.001,0,0,0.0001,0.0001,0.03,0.0,25.0,21.0,1781033262281181764
1781033262381410321,33,0,8,0,true,0.2468,0.0038,2021,8192,0.0,0.0,47.95,0.0,0,0,0.0,0.0,0.01,0.0,25.0,21.0,1781033262381572287
1781033262481814189,33,0,8,0,true,0.2471,0.0039,2024,8192,0.0,0.0,47.95,0.0,0,0,0.0,0.0,0.01,0.0,25.0,21.0,1781033262482017811
1781033262581853059,33,0,8,0,true,0.2475,0.0038,2027,8192,0.001,0.001,47.95,0.001,0,0,0.0001,0.0001,0.04,0.0,25.0,21.0,1781033262562668891
1781033262682059832,33,0,8,0,true,0.2479,0.0038,2030,8192,0.001,0.001,47.95,0.001,0,0,0.0001,0.0001,0.03,0.0,25.0,21.0,1781033262668185389
1781033262782065608,33,0,8,0,true,0.2482,0.0039,2033,8192,0.0,0.0,47.95,0.0,0,0,0.0,0.0,0.0,0.0,25.0,21.0,1781033262763861772
1781033262881809284,33,0,8,0,true,0.2486,0.0038,2036,8192,0.001,0.001,47.95,0.001,0,0,0.0001,0.0001,0.04,0.0,25.0,21.0,1781033262868338976
1781033262981894702,33,0,8,0,true,0.249,0.004,2039,8192,0.0,0.0,47.95,0.0,0,0,0.0,0.0,0.01,0.0,25.0,21.0,1781033262968982775
1781033263081632253,33,0,8,0,true,0.2494,0.0038,2043,8192,0.0,0.0,47.95,0.0,0,0,0.0,0.0,0.01,0.0,25.0,21.0,1781033263069787503
1781033263181634452,33,0,8,0,true,0.2498,0.0038,2046,8192,0.001,0.001,47.95,0.001,0,0,0.0001,0.0001,0.03,0.0,25.0,21.0,1781033263170641773
1781033263282329029,33,0,8,0,true,0.2502,0.0039,2049,8192,0.0,0.0,47.95,0.0,0,0,0.0,0.0,0.01,0.0,25.0,21.0,1781033263270440736
1781033263381524583,33,0,8,0,true,0.2506,0.0039,2052,8192,0.0,0.0,47.95,0.0,0,0,0.0,0.0,0.01,0.0,25.0,21.0,1781033263367199783
1781033263481678514,33,0,8,0,true,0.2509,0.0038,2055,8192,0.001,0.001,47.95,0.001,0,0,0.0,0.0,0.03,0.0,25.0,21.0,1781033263467797710
1781033263581621079,33,0,8,0,true,0.2513,0.0039,2058,8192,0.0,0.0,47.95,0.0,0,0,0.0,0.0,0.01,0.0,25.0,21.0,1781033263568660263
1781033263681749825,33,0,8,0,true,0.2517,0.004,2062,8192,0.0,0.0,47.95,0.0,0,0,0.0,0.0,0.01,0.0,25.0,21.0,1781033263668556651
1781033263783305055,33,0,8,0,true,0.2521,0.004,2065,8192,0.0,0.0,47.95,0.0,0,0,0.0,0.0,0.01,0.0,25.0,21.0,1781033263767882280
1781033263882332467,33,0,8,0,true,0.2525,0.0038,2068,8192,0.001,0.001,47.95,0.001,0,0,0.0001,0.0001,0.04,0.0,25.0,21.0,1781033263868677565
1781033263982407555,33,0,8,0,true,0.2529,0.0038,2071,8192,0.001,0.001,47.95,0.001,0,0,0.0001,0.0001,0.03,0.0,25.0,21.0,1781033263969276064
1781033264082036949,33,0,8,0,true,0.2533,0.0038,2074,8192,0.003,0.003,47.95,0.003,0,0,0.0003,0.0003,0.16,0.0,25.0,21.0,1781033264070155696
1781033264182098517,33,0,8,0,true,0.2535,0.0023,2076,8192,0.0,0.0,47.95,0.0,0,0,0.0,0.0,0.01,0.0,25.0,21.0,1781033264171255150
1781033264282438977,33,0,8,0,true,0.2537,0.0024,2078,8192,0.005,0.005,47.95,0.005,0,0,0.0005,0.0005,0.26,0.0,25.0,21.0,1781033264271611878
1781033264382022321,33,0,8,0,true,0.254,0.0023,2080,8192,0.004,0.004,47.95,0.004,0,0,0.0003,0.0003,0.2,0.0,25.0,21.0,1781033264372965794
1781033264482101011,33,0,8,0,true,0.2542,0.0022,2082,8192,0.005,0.005,47.95,0.005,0,0,0.0004,0.0004,0.24,0.0,25.0,21.0,1781033264472307777
1781033264581849363,33,0,8,0,true,0.2544,0.0025,2084,8192,0.006,0.006,47.95,0.006,0,0,0.0005,0.0005,0.27,0.0,25.0,21.0,1781033264573361866
1781033264681970319,33,0,8,0,true,0.2547,0.0023,2086,8192,0.003,0.003,47.95,0.003,0,0,0.0002,0.0002,0.13,0.0,25.0,21.0,1781033264675086622
1781033264781796259,33,0,8,0,true,0.2549,0.0023,2088,8192,0.002,0.002,47.95,0.002,0,0,0.0001,0.0001,0.07,0.0,25.0,21.0,1781033264776813173
1781033264882104690,33,0,8,0,true,0.2552,0.0024,2090,8192,0.006,0.006,47.95,0.006,0,0,0.0005,0.0005,0.29,0.0,25.0,21.0,1781033264880311587
1781033264982210510,33,0,8,0,true,0.2554,0.0023,2092,8192,0.002,0.002,47.95,0.002,0,0,0.0002,0.0002,0.11,0.0,25.0,21.0,1781033264975284645
1781033265081521234,33,0,8,0,true,0.2556,0.0023,2093,8192,0.007,0.007,47.95,0.007,0,0,0.0005,0.0005,0.32,0.0,25.0,21.0,1781033265081026827
1781033265181475323,33,0,8,0,true,0.2558,0.0022,2095,8192,0.006,0.006,47.95,0.006,0,0,0.0005,0.0005,0.29,0.0,25.0,21.0,1781033265181606841
1781033265281506343,33,0,8,0,true,0.2561,0.0022,2097,8192,0.004,0.004,47.95,0.004,0,0,0.0004,0.0004,0.21,0.0,25.0,21.0,1781033265277382346
1781033265381685335,33,0,8,0,true,0.2563,0.0022,2099,8192,0.004,0.004,47.95,0.004,0,0,0.0003,0.0003,0.18,0.0,25.0,21.0,1781033265378581712
1781033265481755405,33,0,8,0,true,0.2565,0.0022,2101,8192,0.004,0.004,47.95,0.004,0,0,0.0004,0.0004,0.21,0.0,25.0,21.0,1781033265477819728
1781033265581646570,33,0,8,0,true,0.2567,0.0022,2103,8192,0.002,0.002,47.95,0.002,0,0,0.0002,0.0002,0.09,0.0,25.0,21.0,1781033265581976650
1781033265681681037,33,0,8,0,true,0.2569,0.0022,2104,8192,0.003,0.003,47.95,0.003,0,0,0.0003,0.0003,0.17,0.0,25.0,21.0,1781033265679132332
1781033265782090669,33,0,8,0,true,0.2572,0.0021,2106,8192,0.008,0.008,47.95,0.008,0,0,0.0006,0.0006,0.37,0.0,25.0,21.0,1781033265780035968
1781033265882431875,33,0,8,0,true,0.2574,0.0022,2108,8192,0.008,0.008,47.95,0.008,0,0,0.0007,0.0007,0.38,0.0,25.0,21.0,1781033265880672388
1781033265982032765,33,0,8,0,true,0.2576,0.0022,2110,8192,0.009,0.009,47.95,0.009,0,0,0.0007,0.0007,0.43,0.0,25.0,21.0,1781033265980203774
1781033266082236398,33,0,8,0,true,0.2578,0.0022,2112,8192,0.009,0.009,47.95,0.009,0,0,0.0008,0.0008,0.44,0.0,25.0,21.0,1781033266080600656
1781033266182267454,33,0,8,0,true,0.258,0.0022,2113,8192,0.004,0.004,47.95,0.004,0,0,0.0004,0.0004,0.21,0.0,25.0,21.0,1781033266180561785
1781033266281388913,33,0,8,0,true,0.2583,0.0022,2115,8192,0.009,0.009,47.95,0.009,0,0,0.0007,0.0007,0.43,0.0,25.0,21.0,1781033266281146876
1781033266381502660,33,0,8,0,true,0.2584,0.0021,2117,8192,0.006,0.006,47.95,0.006,0,0,0.0005,0.0005,0.3,0.0,25.0,21.0,1781033266366966309
1781033266482111576,33,0,8,0,true,0.2587,0.0021,2118,8192,0.007,0.007,47.95,0.007,0,0,0.0006,0.0006,0.36,0.0,25.0,21.0,1781033266464034597
1781033266581489921,33,0,8,0,true,0.2589,0.0021,2120,8192,0.005,0.005,47.95,0.005,0,0,0.0004,0.0004,0.23,0.0,25.0,21.0,1781033266564428599
1781033266681895396,33,0,8,0,true,0.2591,0.0021,2122,8192,0.01,0.01,47.95,0.01,0,0,0.0008,0.0008,0.49,0.0,25.0,21.0,1781033266668687618
1781033266782522634,33,0,8,0,true,0.2593,0.0021,2124,8192,0.009,0.009,47.95,0.009,0,0,0.0007,0.0007,0.42,0.0,25.0,21.0,1781033266765102945
1781033266881945966,33,0,8,0,true,0.2595,0.0021,2125,8192,0.008,0.008,47.95,0.008,0,0,0.0007,0.0007,0.39,0.0,25.0,21.0,1781033266866185860
1781033266982002661,33,0,8,0,true,0.2597,0.0021,2127,8192,0.009,0.009,47.95,0.009,0,0,0.0008,0.0008,0.43,0.0,25.0,21.0,1781033266967059331
1781033267082099722,33,0,8,0,true,0.2599,0.002,2129,8192,0.01,0.01,47.95,0.01,0,0,0.0008,0.0008,0.47,0.0,25.0,21.0,1781033267066142156
1781033267182052694,33,0,8,0,true,0.2601,0.0022,2131,8192,0.011,0.011,47.95,0.011,0,0,0.0009,0.0009,0.5,0.0,25.0,21.0,1781033267166909176
1781033267282747933,33,0,8,0,true,0.2603,0.0021,2132,8192,0.011,0.011,47.95,0.011,0,0,0.0009,0.0009,0.5,0.0,25.0,21.0,1781033267266549969
1781033267382422749,33,0,8,0,true,0.2606,0.0022,2134,8192,0.011,0.011,47.95,0.011,0,0,0.0009,0.0009,0.53,0.0,25.0,21.0,1781033267372383572
1781033267482155317,33,0,8,0,true,0.2608,0.0021,2136,8192,0.006,0.006,47.95,0.006,0,0,0.0005,0.0005,0.28,0.0,25.0,21.0,1781033267472282548
1781033267581533332,33,0,8,0,true,0.261,0.002,2137,8192,0.011,0.011,47.95,0.011,0,0,0.0009,0.0009,0.53,0.0,25.0,21.0,1781033267572510066
1781033267681679798,33,0,8,0,true,0.2612,0.002,2139,8192,0.011,0.011,47.95,0.011,0,0,0.0009,0.0009,0.51,0.0,25.0,21.0,1781033267670735623
1781033267781643085,33,0,8,0,true,0.2614,0.0021,2141,8192,0.01,0.01,47.95,0.01,0,0,0.0009,0.0009,0.5,0.0,25.0,21.0,1781033267768599303
1781033267881892967,33,0,8,0,true,0.2616,0.002,2142,8192,0.01,0.01,47.95,0.01,0,0,0.0009,0.0009,0.5,0.0,25.0,21.0,1781033267871930660
1781033267981573595,33,0,8,0,true,0.2618,0.002,2144,8192,0.011,0.011,47.95,0.011,0,0,0.0009,0.0009,0.5,0.0,25.0,21.0,1781033267969609803
1781033268082066931,33,0,8,0,true,0.262,0.0022,2146,8192,0.011,0.011,47.95,0.011,0,0,0.0009,0.0009,0.52,0.0,25.0,21.0,1781033268074765714
1781033268182422791,33,0,8,0,true,0.2622,0.0021,2147,8192,0.011,0.011,47.95,0.011,0,0,0.0009,0.0009,0.52,0.0,25.0,21.0,1781033268171652756
1781033268281531627,33,0,8,0,true,0.2624,0.002,2149,8192,0.011,0.011,47.95,0.011,0,0,0.0009,0.0009,0.53,0.0,25.0,21.0,1781033268271689740
1781033268382398526,33,0,8,0,true,0.2626,0.002,2151,8192,0.011,0.011,47.95,0.011,0,0,0.0009,0.0009,0.54,0.0,25.0,21.0,1781033268373565917
1781033268482407200,33,0,8,0,true,0.2628,0.002,2152,8192,0.011,0.011,47.95,0.011,0,0,0.0009,0.0009,0.54,0.0,25.0,21.0,1781033268473490294
1781033268581715258,33,0,8,0,true,0.263,0.0021,2154,8192,0.011,0.011,47.95,0.011,0,0,0.0009,0.0009,0.54,0.0,25.0,21.0,1781033268574530181
1781033268681799748,33,0,8,0,true,0.2632,0.002,2156,8192,0.012,0.012,47.95,0.012,0,0,0.001,0.001,0.56,0.0,25.0,21.0,1781033268679157202
1781033268781744398,33,0,8,0,true,0.2634,0.002,2158,8192,0.012,0.012,47.95,0.012,0,0,0.001,0.001,0.57,0.0,25.0,21.0,1781033268780036566
1781033268881406917,33,0,8,0,true,0.2636,0.002,2159,8192,0.012,0.012,47.95,0.012,0,0,0.001,0.001,0.57,0.0,25.0,21.0,1781033268881393636
1781033268981452195,33,0,8,0,true,0.2638,0.002,2161,8192,0.012,0.012,47.95,0.012,0,0,0.001,0.001,0.58,0.0,25.0,21.0,1781033268981181731
1781033269081489940,33,0,8,0,true,0.264,0.002,2162,8192,0.012,0.012,47.95,0.012,0,0,0.001,0.001,0.58,0.0,25.0,21.0,1781033269081680366
1781033269181411455,33,0,8,0,true,0.2642,0.002,2164,8192,0.012,0.012,47.95,0.012,0,0,0.001,0.001,0.58,0.0,25.0,21.0,1781033269181011352
1781033269282625128,33,0,8,0,true,0.2644,0.0021,2166,8192,0.012,0.012,47.95,0.012,0,0,0.001,0.001,0.58,0.0,25.0,21.0,1781033269281976251
1781033269381906567,33,0,8,0,true,0.2646,0.0019,2167,8192,0.012,0.012,47.95,0.012,0,0,0.001,0.001,0.57,0.0,25.0,21.0,1781033269377676710
1781033269482175975,33,0,8,0,true,0.2648,0.0021,2169,8192,0.012,0.012,47.95,0.012,0,0,0.001,0.001,0.59,0.0,25.0,21.0,1781033269478117323
1781033269582269720,33,0,8,0,true,0.265,0.0019,2170,8192,0.012,0.012,47.95,0.012,0,0,0.001,0.001,0.6,0.0,25.0,21.0,1781033269563369240
1781033269682392209,33,0,8,0,true,0.2652,0.002,2172,8192,0.013,0.013,47.95,0.013,0,0,0.001,0.001,0.6,0.0,25.0,21.0,1781033269679854348
1781033269782743032,33,0,8,0,true,0.2654,0.002,2174,8192,0.013,0.013,47.95,0.013,0,0,0.001,0.001,0.6,0.0,25.0,21.0,1781033269781740505
1781033269881708015,33,0,8,0,true,0.2656,0.0021,2175,8192,0.013,0.013,47.95,0.013,0,0,0.001,0.001,0.61,0.0,25.0,21.0,1781033269861868108
1781033269981381292,33,0,8,0,true,0.2658,0.002,2177,8192,0.013,0.013,47.95,0.013,0,0,0.0011,0.0011,0.63,0.0,25.0,21.0,1781033269981082332
1781033270082448926,33,0,8,0,true,0.266,0.0019,2178,8192,0.013,0.013,47.95,0.013,0,0,0.0011,0.0011,0.62,0.0,25.0,21.0,1781033270068192461
1781033270184429883,33,0,8,0,true,0.2662,0.0019,2180,8192,0.013,0.013,47.95,0.013,0,0,0.0011,0.0011,0.61,0.0,25.0,21.0,1781033270166411428
1781033270282996541,33,0,8,0,true,0.2664,0.0019,2182,8192,0.013,0.013,47.95,0.013,0,0,0.0011,0.0011,0.62,0.0,25.0,21.0,1781033270265314977
1781033270382093781,33,0,8,0,true,0.2666,0.0019,2183,8192,0.013,0.013,47.95,0.013,0,0,0.0011,0.0011,0.63,0.0,25.0,21.0,1781033270365854428
1781033270481536672,33,0,8,0,true,0.2668,0.0019,2185,8192,0.013,0.013,47.95,0.013,0,0,0.0011,0.0011,0.63,0.0,25.0,21.0,1781033270466294939
1781033270581919494,33,0,8,0,true,0.267,0.0021,2186,8192,0.013,0.013,47.95,0.013,0,0,0.0011,0.0011,0.64,0.0,25.0,21.0,1781033270568844420
1781033270684863147,33,0,8,0,true,0.2671,0.0019,2188,8192,0.013,0.013,47.95,0.013,0,0,0.0011,0.0011,0.64,0.0,25.0,21.0,1781033270669279030
1781033270781644708,33,0,8,0,true,0.2673,0.0019,2190,8192,0.013,0.013,47.95,0.013,0,0,0.0011,0.0011,0.63,0.0,25.0,21.0,1781033270772829075
1781033270882101624,33,0,8,0,true,0.2676,0.002,2191,8192,0.014,0.014,47.95,0.014,0,0,0.0011,0.0011,0.66,0.0,25.0,21.0,1781033270875065887
1781033270982059819,33,0,8,0,true,0.2677,0.0019,2193,8192,0.014,0.014,47.95,0.014,0,0,0.0011,0.0011,0.66,0.0,25.0,21.0,1781033270975112844
1781033271081896476,33,0,8,0,true,0.2679,0.0019,2194,8192,0.013,0.013,47.95,0.013,0,0,0.0011,0.0011,0.65,0.0,25.0,21.0,1781033271071658594
1781033271182004714,33,0,8,0,true,0.2681,0.0019,2196,8192,0.014,0.014,47.95,0.014,0,0,0.0011,0.0011,0.66,0.0,25.0,21.0,1781033271172909327
1781033271282475730,33,0,8,0,true,0.2683,0.0019,2197,8192,0.014,0.014,47.95,0.014,0,0,0.0012,0.0012,0.67,0.0,25.0,21.0,1781033271272496629
1781033271381581589,33,0,8,0,true,0.2685,0.0019,2199,8192,0.014,0.014,47.95,0.014,0,0,0.0012,0.0012,0.67,0.0,25.0,21.0,1781033271374403911
1781033271482241448,33,0,8,0,true,0.2687,0.0019,2201,8192,0.014,0.014,47.95,0.014,0,0,0.0012,0.0012,0.67,0.0,25.0,21.0,1781033271474072981
1781033271581774147,33,0,8,0,true,0.2689,0.0018,2202,8192,0.014,0.014,47.95,0.014,0,0,0.0012,0.0012,0.67,0.0,25.0,21.0,1781033271576692886
1781033271682290325,33,0,8,0,true,0.2691,0.0019,2204,8192,0.014,0.014,47.95,0.014,0,0,0.0012,0.0012,0.67,0.0,25.0,21.0,1781033271677035430
1781033271784400737,33,0,8,0,true,0.2692,0.0019,2205,8192,0.014,0.014,47.94,0.014,0,0,0.0012,0.0012,0.69,0.0,25.0,21.0,1781033271761510546
1781033271881613711,33,0,8,0,true,0.2694,0.0019,2207,8192,0.014,0.014,47.94,0.014,0,0,0.0012,0.0012,0.69,0.0,25.0,21.0,1781033271877200576
1781033271982152481,33,0,8,0,true,0.2697,0.0019,2209,8192,0.014,0.014,47.94,0.014,0,0,0.0012,0.0012,0.69,0.0,25.0,21.0,1781033271978979578
1781033272083223493,33,0,8,0,true,0.2698,0.0019,2210,8192,0.014,0.014,47.94,0.014,0,0,0.0012,0.0012,0.69,0.0,25.0,21.0,1781033272061439504
1781033272182351232,33,0,8,0,true,0.27,0.0019,2211,8192,0.014,0.014,47.94,0.014,0,0,0.0012,0.0012,0.69,0.0,25.0,21.0,1781033272167739700
1781033272282160222,33,0,8,0,true,0.2702,0.0018,2213,8192,0.015,0.015,47.94,0.015,0,0,0.0012,0.0012,0.7,0.0,25.0,21.0,1781033272267586712
1781033272381838018,33,0,8,0,true,0.2704,0.0018,2215,8192,0.014,0.014,47.94,0.014,0,0,0.0012,0.0012,0.69,0.0,25.0,21.0,1781033272368166191
1781033272483639575,33,0,8,0,true,0.2706,0.0019,2216,8192,0.015,0.015,47.94,0.015,0,0,0.0012,0.0012,0.7,0.0,25.0,21.0,1781033272464728213
1781033272581650469,33,0,8,0,true,0.2708,0.0018,2218,8192,0.015,0.015,47.94,0.015,0,0,0.0012,0.0012,0.71,0.0,25.0,21.0,1781033272565559002
1781033272682181065,33,0,8,0,true,0.271,0.0019,2219,8192,0.015,0.015,47.94,0.015,0,0,0.0012,0.0012,0.71,0.0,25.0,21.0,1781033272666948469
1781033272782104156,33,0,8,0,true,0.2711,0.0018,2221,8192,0.015,0.015,47.94,0.015,0,0,0.0012,0.0012,0.71,0.0,25.0,21.0,1781033272764530272
1781033272881632949,33,0,8,0,true,0.2713,0.0018,2222,8192,0.015,0.015,47.94,0.015,0,0,0.0012,0.0012,0.71,0.0,25.0,21.0,1781033272865879280
1781033272982308449,33,0,8,0,true,0.2715,0.0019,2224,8192,0.015,0.015,47.94,0.015,0,0,0.0012,0.0012,0.72,0.0,25.0,21.0,1781033272970713204
1781033273081475665,33,0,8,0,true,0.2717,0.0019,2226,8192,0.015,0.015,47.94,0.015,0,0,0.0013,0.0013,0.73,0.0,25.0,21.0,1781033273071821604
1781033273182323845,33,0,8,0,true,0.2719,0.002,2227,8192,0.015,0.015,47.94,0.015,0,0,0.0013,0.0013,0.73,0.0,25.0,21.0,1781033273172703506
1781033273284872540,33,0,8,0,true,0.2721,0.002,2229,8192,0.015,0.015,47.94,0.015,0,0,0.0013,0.0013,0.74,0.0,25.0,21.0,1781033273271971134
1781033273381862466,33,0,8,0,true,0.2723,0.002,2230,8192,0.015,0.015,47.94,0.015,0,0,0.0013,0.0013,0.74,0.0,25.0,21.0,1781033273353563730
1781033273481755830,33,0,8,0,true,0.2725,0.0018,2232,8192,0.015,0.015,47.94,0.015,0,0,0.0013,0.0013,0.74,0.0,25.0,21.0,1781033273476726380
1781033273582387152,33,0,8,0,true,0.2727,0.002,2234,8192,0.016,0.016,47.94,0.016,0,0,0.0013,0.0013,0.75,0.0,25.0,21.0,1781033273577451896
1781033273682057339,33,0,8,0,true,0.2729,0.0019,2235,8192,0.016,0.016,47.94,0.016,0,0,0.0013,0.0013,0.75,0.0,25.0,21.0,1781033273678390435
1781033273782379447,33,0,8,0,true,0.2731,0.002,2237,8192,0.016,0.016,47.94,0.016,0,0,0.0013,0.0013,0.75,0.0,25.0,21.0,1781033273778643330
1781033273882090427,33,0,8,0,true,0.2733,0.0018,2238,8192,0.016,0.016,47.94,0.016,0,0,0.0013,0.0013,0.75,0.0,25.0,21.0,1781033273880098858
1781033273982629705,33,0,8,0,true,0.2735,0.002,2240,8192,0.016,0.016,47.94,0.016,0,0,0.0013,0.0013,0.75,0.0,25.0,21.0,1781033273964597427
1781033274082194664,33,0,8,0,true,0.2736,0.0018,2241,8192,0.016,0.016,47.94,0.016,0,0,0.0013,0.0013,0.75,0.0,25.0,21.0,1781033274065306191
1781033274182375084,33,0,8,0,true,0.2738,0.0019,2243,8192,0.016,0.016,47.94,0.016,0,0,0.0013,0.0013,0.75,0.0,25.0,21.0,1781033274167366710
1781033274281595019,33,0,8,0,true,0.274,0.0018,2245,8192,0.016,0.016,47.94,0.016,0,0,0.0013,0.0013,0.76,0.0,25.0,21.0,1781033274281839957
1781033274382183903,33,0,8,0,true,0.2742,0.0018,2246,8192,0.016,0.016,47.94,0.016,0,0,0.0013,0.0013,0.76,0.0,25.0,21.0,1781033274363139422
1781033274481884666,33,0,8,0,true,0.2744,0.0018,2247,8192,0.016,0.016,47.94,0.016,0,0,0.0013,0.0013,0.76,0.0,25.0,21.0,1781033274464682557
1781033274582438097,33,0,8,0,true,0.2746,0.0021,2249,8192,0.016,0.016,47.94,0.016,0,0,0.0013,0.0013,0.77,0.0,25.0,21.0,1781033274568525741
1781033274681772479,33,0,8,0,true,0.2748,0.0018,2250,8192,0.016,0.016,47.94,0.016,0,0,0.0013,0.0013,0.77,0.0,25.0,21.0,1781033274666730875
1781033274782105498,33,0,8,0,true,0.275,0.0018,2252,8192,0.016,0.016,47.94,0.016,0,0,0.0013,0.0013,0.77,0.0,25.0,21.0,1781033274765664038
1781033274882010598,33,0,8,0,true,0.2751,0.0019,2253,8192,0.016,0.016,47.94,0.016,0,0,0.0013,0.0013,0.78,0.0,25.0,21.0,1781033274865631626
1781033274981861483,33,0,8,0,true,0.2753,0.0019,2255,8192,0.016,0.016,47.94,0.016,0,0,0.0014,0.0014,0.78,0.0,25.0,21.0,1781033274967769917
1781033275082250648,33,0,8,0,true,0.2755,0.0018,2257,8192,0.016,0.016,47.94,0.016,0,0,0.0013,0.0013,0.77,0.0,25.0,21.0,1781033275066293240
1781033275181865311,33,0,8,0,true,0.2757,0.0019,2258,8192,0.016,0.016,47.94,0.016,0,0,0.0014,0.0014,0.78,0.0,25.0,21.0,1781033275171933241
1781033275282132666,33,0,8,0,true,0.2759,0.0018,2260,8192,0.016,0.016,47.94,0.016,0,0,0.0014,0.0014,0.78,0.0,25.0,21.0,1781033275271149444
1781033275381586134,33,0,8,0,true,0.2761,0.0018,2261,8192,0.016,0.016,47.94,0.016,0,0,0.0014,0.0014,0.78,0.0,25.0,21.0,1781033275372540881
1781033275482308138,33,0,8,0,true,0.2763,0.0018,2263,8192,0.016,0.016,47.94,0.016,0,0,0.0014,0.0014,0.79,0.0,25.0,21.0,1781033275468346087
1781033275582211648,33,0,8,0,true,0.2765,0.0019,2264,8192,0.016,0.016,47.94,0.016,0,0,0.0014,0.0014,0.79,0.0,25.0,21.0,1781033275570369534
1781033275681849623,33,0,8,0,true,0.2767,0.0019,2266,8192,0.016,0.016,47.94,0.016,0,0,0.0014,0.0014,0.79,0.0,25.0,21.0,1781033275676040031
1781033275782297775,33,0,8,0,true,0.2768,0.0019,2267,8192,0.017,0.017,47.94,0.017,0,0,0.0014,0.0014,0.79,0.0,25.0,21.0,1781033275775367366
1781033275881502252,33,0,8,0,true,0.277,0.0019,2269,8192,0.017,0.017,47.94,0.017,0,0,0.0014,0.0014,0.8,0.0,25.0,21.0,1781033275876501577
1781033275982133293,33,0,8,0,true,0.2772,0.0018,2270,8192,0.016,0.016,47.94,0.016,0,0,0.0014,0.0014,0.79,0.0,25.0,21.0,1781033275972071171
1781033276082093143,33,0,8,0,true,0.2774,0.0019,2272,8192,0.017,0.017,47.94,0.017,0,0,0.0014,0.0014,0.8,0.0,25.0,21.0,1781033276073542708
1781033276182258217,33,0,8,0,true,0.2776,0.0019,2274,8192,0.017,0.017,47.94,0.017,0,0,0.0014,0.0014,0.8,0.0,25.0,21.0,1781033276177442405
1781033276282737268,33,0,8,0,true,0.2778,0.0019,2275,8192,0.017,0.017,47.94,0.017,0,0,0.0014,0.0014,0.8,0.0,25.0,21.0,1781033276277880217
1781033276382114293,33,0,8,0,true,0.278,0.0018,2277,8192,0.017,0.017,47.94,0.017,0,0,0.0014,0.0014,0.8,0.0,25.0,21.0,1781033276379431569
1781033276481445905,33,0,8,0,true,0.2782,0.0018,2278,8192,0.017,0.017,47.94,0.017,0,0,0.0014,0.0014,0.81,0.0,25.0,21.0,1781033276480737952
1781033276582346216,33,0,8,0,true,0.2783,0.0018,2280,8192,0.017,0.017,47.94,0.017,0,0,0.0014,0.0014,0.8,0.0,25.0,21.0,1781033276577195539
1781033276681673193,33,0,8,0,true,0.2785,0.0019,2281,8192,0.017,0.017,47.94,0.017,0,0,0.0014,0.0014,0.81,0.0,25.0,21.0,1781033276676839263
1781033276781713609,33,0,8,0,true,0.2787,0.0018,2283,8192,0.017,0.017,47.94,0.017,0,0,0.0014,0.0014,0.81,0.0,25.0,21.0,1781033276779035981
1781033276882304280,33,0,8,0,true,0.2789,0.0019,2284,8192,0.017,0.017,47.94,0.017,0,0,0.0014,0.0014,0.82,0.0,25.0,21.0,1781033276864169897
1781033276981696749,33,0,8,0,true,0.2791,0.002,2286,8192,0.017,0.017,47.94,0.017,0,0,0.0014,0.0014,0.82,0.0,25.0,21.0,1781033276964637293
1781033277081511084,33,0,8,0,true,0.2793,0.0018,2287,8192,0.017,0.017,47.94,0.017,0,0,0.0014,0.0014,0.82,0.0,25.0,21.0,1781033277064568791
1781033277182011155,33,0,8,0,true,0.2794,0.0018,2289,8192,0.017,0.017,47.94,0.017,0,0,0.0014,0.0014,0.82,0.0,25.0,21.0,1781033277166221916
1781033277282208393,33,0,8,0,true,0.2796,0.0018,2290,8192,0.017,0.017,47.94,0.017,0,0,0.0014,0.0014,0.82,0.0,25.0,21.0,1781033277265557845
1781033277381537753,33,0,8,0,true,0.2798,0.0018,2292,8192,0.017,0.017,47.94,0.017,0,0,0.0014,0.0014,0.82,0.0,25.0,21.0,1781033277366568285
1781033277482356189,33,0,8,0,true,0.28,0.0018,2293,8192,0.017,0.017,47.94,0.017,0,0,0.0014,0.0014,0.81,0.0,25.0,21.0,1781033277463471193
1781033277581680994,33,0,8,0,true,0.2802,0.0018,2295,8192,0.017,0.017,47.94,0.017,0,0,0.0014,0.0014,0.83,0.0,25.0,21.0,1781033277567774368
1781033277682011605,33,0,8,0,true,0.2804,0.0019,2296,8192,0.017,0.017,47.94,0.017,0,0,0.0014,0.0014,0.83,0.0,25.0,21.0,1781033277669723948
1781033277781948623,33,0,8,0,true,0.2806,0.0019,2298,8192,0.017,0.017,47.94,0.017,0,0,0.0014,0.0014,0.83,0.0,25.0,21.0,1781033277768896898
1781033277882162631,33,0,8,0,true,0.2807,0.0018,2299,8192,0.017,0.017,47.94,0.017,0,0,0.0014,0.0014,0.83,0.0,25.0,21.0,1781033277870181430
1781033277982200153,33,0,8,0,true,0.2809,0.0018,2301,8192,0.017,0.017,47.94,0.017,0,0,0.0014,0.0014,0.83,0.0,25.0,21.0,1781033277967778807
1781033278082106057,33,0,8,0,true,0.2811,0.0018,2302,8192,0.017,0.017,47.94,0.017,0,0,0.0014,0.0014,0.84,0.0,25.0,21.0,1781033278067954350
1781033278181968944,33,0,8,0,true,0.2813,0.0019,2304,8192,0.018,0.018,47.94,0.018,0,0,0.0015,0.0015,0.84,0.0,25.0,21.0,1781033278169720033
1781033278282566380,33,0,8,0,true,0.2815,0.0019,2305,8192,0.018,0.018,47.94,0.018,0,0,0.0015,0.0015,0.84,0.0,25.0,21.0,1781033278267273669
1781033278381546563,33,0,8,0,true,0.2817,0.0018,2307,8192,0.018,0.018,47.94,0.018,0,0,0.0015,0.0015,0.84,0.0,25.0,21.0,1781033278370488185
1781033278482196406,33,0,8,0,true,0.2818,0.0018,2308,8192,0.018,0.018,47.94,0.018,0,0,0.0015,0.0015,0.84,0.0,25.0,21.0,1781033278468139201
1781033278582204441,33,0,8,0,true,0.282,0.0018,2310,8192,0.018,0.018,47.94,0.018,0,0,0.0015,0.0015,0.84,0.0,25.0,21.0,1781033278569348659
1781033278681620251,33,0,8,0,true,0.2822,0.0019,2311,8192,0.018,0.018,47.94,0.018,0,0,0.0015,0.0015,0.85,0.0,25.0,21.0,1781033278670684541
1781033278781479128,33,0,8,0,true,0.2824,0.0018,2313,8192,0.018,0.018,47.94,0.018,0,0,0.0015,0.0015,0.84,0.0,25.0,21.0,1781033278770185107
1781033278881695734,33,0,8,0,true,0.2826,0.0018,2314,8192,0.018,0.018,47.94,0.018,0,0,0.0015,0.0015,0.85,0.0,25.0,21.0,1781033278873760561
1781033278982449542,33,0,8,0,true,0.2828,0.0018,2316,8192,0.018,0.018,47.94,0.018,0,0,0.0015,0.0015,0.85,0.0,25.0,21.0,1781033278971469980
1781033279081558270,33,0,8,0,true,0.283,0.0018,2317,8192,0.018,0.018,47.94,0.018,0,0,0.0015,0.0015,0.85,0.0,25.0,21.0,1781033279071357097
1781033279181671883,33,0,8,0,true,0.2832,0.0018,2319,8192,0.018,0.018,47.94,0.018,0,0,0.0015,0.0015,0.85,0.0,25.0,21.0,1781033279178634217
1781033279282418397,33,0,8,0,true,0.2833,0.0018,2321,8192,0.018,0.018,47.94,0.018,0,0,0.0015,0.0015,0.85,0.0,25.0,21.0,1781033279278671026
1781033279381541246,33,0,8,0,true,0.2835,0.0018,2322,8192,0.018,0.018,47.94,0.018,0,0,0.0015,0.0015,0.85,0.0,25.0,21.0,1781033279379891468
1781033279482431442,33,0,8,0,true,0.2837,0.0018,2324,8192,0.018,0.018,47.94,0.018,0,0,0.0015,0.0015,0.85,0.0,25.0,21.0,1781033279480378550
1781033279582174836,33,0,8,0,true,0.2839,0.0018,2325,8192,0.018,0.018,47.94,0.018,0,0,0.0015,0.0015,0.85,0.0,25.0,21.0,1781033279579182950
1781033279682369002,33,0,8,0,true,0.2841,0.0018,2327,8192,0.018,0.018,47.94,0.018,0,0,0.0015,0.0015,0.85,0.0,25.0,21.0,1781033279676528831
1781033279782173075,33,0,8,0,true,0.2843,0.0018,2328,8192,0.018,0.018,47.94,0.018,0,0,0.0015,0.0015,0.85,0.0,25.0,21.0,1781033279777229257
1781033279881509680,33,0,8,0,true,0.2844,0.0018,2329,8192,0.018,0.018,47.94,0.018,0,0,0.0015,0.0015,0.86,0.0,25.0,21.0,1781033279858550891
1781033279982238934,33,0,8,0,true,0.2846,0.0018,2331,8192,0.018,0.018,47.94,0.018,0,0,0.0015,0.0015,0.86,0.0,25.0,21.0,1781033279979497044
1781033280082028556,33,0,8,0,true,0.2848,0.0018,2333,8192,0.018,0.018,47.94,0.018,0,0,0.0015,0.0015,0.86,0.0,25.0,21.0,1781033280080766521
1781033280182170859,33,0,8,0,true,0.285,0.0018,2334,8192,0.018,0.018,47.94,0.018,0,0,0.0015,0.0015,0.86,0.0,25.0,21.0,1781033280164995167
1781033280282212703,33,0,8,0,true,0.2851,0.0018,2335,8192,0.018,0.018,47.94,0.018,0,0,0.0015,0.0015,0.86,0.0,25.0,21.0,1781033280263825295
1781033280381712705,33,0,8,0,true,0.2853,0.0019,2337,8192,0.018,0.018,47.94,0.018,0,0,0.0015,0.0015,0.87,0.0,25.0,21.0,1781033280371720976
1781033280482229210,33,0,8,0,true,0.2855,0.0018,2339,8192,0.018,0.018,47.94,0.018,0,0,0.0015,0.0015,0.87,0.0,25.0,21.0,1781033280471288651
1781033280582219203,33,0,8,0,true,0.2857,0.0019,2340,8192,0.018,0.018,47.94,0.018,0,0,0.0015,0.0015,0.87,0.0,25.0,21.0,1781033280573073071
1781033280681838638,33,0,8,0,true,0.2859,0.0018,2342,8192,0.018,0.018,47.94,0.018,0,0,0.0015,0.0015,0.87,0.0,25.0,21.0,1781033280678049414
1781033280781737118,33,0,8,0,true,0.2861,0.0019,2343,8192,0.018,0.018,47.94,0.018,0,0,0.0015,0.0015,0.87,0.0,25.0,21.0,1781033280777830858
1781033280882088083,33,0,8,0,true,0.2863,0.0018,2345,8192,0.018,0.018,47.94,0.018,0,0,0.0015,0.0015,0.88,0.0,25.0,21.0,1781033280879347322
1781033280981947259,33,0,8,0,true,0.2864,0.0018,2346,8192,0.018,0.018,47.94,0.018,0,0,0.0015,0.0015,0.88,0.0,25.0,21.0,1781033280978600007
1781033281082338620,33,0,8,0,true,0.2866,0.0019,2348,8192,0.018,0.018,47.94,0.018,0,0,0.0015,0.0015,0.88,0.0,25.0,21.0,1781033281080679506
1781033281181822345,33,0,8,0,true,0.2868,0.0019,2349,8192,0.018,0.018,47.94,0.018,0,0,0.0015,0.0015,0.88,0.0,25.0,21.0,1781033281180003328
1781033281282038723,33,0,8,0,true,0.287,0.0018,2351,8192,0.018,0.018,47.94,0.018,0,0,0.0015,0.0015,0.88,0.0,25.0,21.0,1781033281277133340
1781033281382388841,33,0,8,0,true,0.2872,0.0018,2352,8192,0.018,0.018,47.94,0.018,0,0,0.0015,0.0015,0.88,0.0,25.0,21.0,1781033281380583370
1781033281482349228,33,0,8,0,true,0.2874,0.0019,2354,8192,0.018,0.018,47.94,0.018,0,0,0.0015,0.0015,0.88,0.0,25.0,21.0,1781033281481621662
1781033281582163214,33,0,8,0,true,0.2875,0.0019,2355,8192,0.018,0.018,47.94,0.018,0,0,0.0015,0.0015,0.88,0.0,25.0,21.0,1781033281562602591
1781033281681864531,33,0,8,0,true,0.2877,0.0018,2356,8192,0.018,0.018,47.94,0.018,0,0,0.0015,0.0015,0.88,0.0,25.0,21.0,1781033281663861243
1781033281782403854,33,0,8,0,true,0.2879,0.0018,2358,8192,0.018,0.018,47.94,0.018,0,0,0.0015,0.0015,0.89,0.0,25.0,21.0,1781033281779681310
1781033281882088175,33,0,8,0,true,0.2881,0.0018,2360,8192,0.018,0.018,47.94,0.018,0,0,0.0015,0.0015,0.88,0.0,25.0,21.0,1781033281880144335
1781033281981688854,33,0,8,0,true,0.2883,0.0019,2361,8192,0.019,0.019,47.94,0.019,0,0,0.0015,0.0015,0.89,0.0,25.0,21.0,1781033281961340191
1781033282082093431,33,0,8,0,true,0.2884,0.0019,2362,8192,0.019,0.019,47.94,0.019,0,0,0.0015,0.0015,0.89,0.0,25.0,21.0,1781033282061474992
1781033282181941259,33,0,8,0,true,0.2886,0.0018,2364,8192,0.018,0.018,47.94,0.018,0,0,0.0015,0.0015,0.88,0.0,25.0,21.0,1781033282165598478
1781033282282267815,33,0,8,0,true,0.2888,0.0018,2365,8192,0.019,0.019,47.94,0.019,0,0,0.0015,0.0015,0.89,0.0,25.0,21.0,1781033282266386649
1781033282382368542,33,0,8,0,true,0.289,0.0018,2367,8192,0.018,0.018,47.94,0.018,0,0,0.0015,0.0015,0.88,0.0,25.0,21.0,1781033282363094887
1781033282481566870,33,0,8,0,true,0.2892,0.0018,2368,8192,0.018,0.018,47.94,0.018,0,0,0.0015,0.0015,0.89,0.0,25.0,21.0,1781033282468672346
1781033282582094214,33,0,8,0,true,0.2894,0.0019,2370,8192,0.019,0.019,47.94,0.019,0,0,0.0016,0.0016,0.9,0.0,25.0,21.0,1781033282563940530
1781033282681896506,33,0,8,0,true,0.2895,0.0018,2371,8192,0.019,0.019,47.94,0.019,0,0,0.0015,0.0015,0.89,0.0,25.0,21.0,1781033282668836908
1781033282781510487,33,0,8,0,true,0.2897,0.0018,2373,8192,0.019,0.019,47.94,0.019,0,0,0.0016,0.0016,0.9,0.0,25.0,21.0,1781033282768629891
1781033282881608148,33,0,8,0,true,0.2899,0.0018,2374,8192,0.019,0.019,47.94,0.019,0,0,0.0015,0.0015,0.89,0.0,25.0,21.0,1781033282870802433
1781033282982147331,33,0,8,0,true,0.2901,0.0018,2376,8192,0.019,0.019,47.94,0.019,0,0,0.0016,0.0016,0.9,0.0,25.0,21.0,1781033282970146722
1781033283082446562,33,0,8,0,true,0.2903,0.0018,2377,8192,0.019,0.019,47.94,0.019,0,0,0.0016,0.0016,0.9,0.0,25.0,21.0,1781033283070490374
1781033283181898558,33,0,8,0,true,0.2905,0.0018,2379,8192,0.019,0.019,47.94,0.019,0,0,0.0016,0.0016,0.9,0.0,25.0,21.0,1781033283171080029
1781033283281620148,33,0,8,0,true,0.2906,0.0019,2380,8192,0.019,0.019,47.94,0.019,0,0,0.0016,0.0016,0.9,0.0,25.0,21.0,1781033283271761836
1781033283381616303,33,0,8,0,true,0.2908,0.0018,2382,8192,0.019,0.019,47.94,0.019,0,0,0.0016,0.0016,0.9,0.0,25.0,21.0,1781033283373480790
1781033283482295444,33,0,8,0,true,0.291,0.0018,2383,8192,0.019,0.019,47.94,0.019,0,0,0.0016,0.0016,0.9,0.0,25.0,21.0,1781033283473489329
1781033283581971327,33,0,8,0,true,0.2912,0.0019,2385,8192,0.019,0.019,47.94,0.019,0,0,0.0016,0.0016,0.9,0.0,25.0,21.0,1781033283573123364
1781033283681674818,33,0,8,0,true,0.2914,0.0019,2386,8192,0.019,0.019,47.94,0.019,0,0,0.0016,0.0016,0.91,0.0,25.0,21.0,1781033283674883045
1781033283782249144,33,0,8,0,true,0.2916,0.0018,2388,8192,0.019,0.019,47.94,0.019,0,0,0.0016,0.0016,0.9,0.0,25.0,21.0,1781033283770335029
1781033283882074442,33,0,8,0,true,0.2917,0.0018,2389,8192,0.019,0.019,47.94,0.019,0,0,0.0016,0.0016,0.91,0.0,25.0,21.0,1781033283875912558
1781033283981500823,33,0,8,0,true,0.2919,0.0018,2391,8192,0.019,0.019,47.94,0.019,0,0,0.0016,0.0016,0.91,0.0,25.0,21.0,1781033283975190076
1781033284082199265,33,0,8,0,true,0.2921,0.0018,2392,8192,0.019,0.019,47.94,0.019,0,0,0.0016,0.0016,0.9,0.0,25.0,21.0,1781033284076334412
1781033284182317066,33,0,8,0,true,0.2923,0.0018,2394,8192,0.019,0.019,47.94,0.019,0,0,0.0016,0.0016,0.91,0.0,25.0,21.0,1781033284172542188
1781033284282288109,33,0,8,0,true,0.2925,0.0018,2395,8192,0.019,0.019,47.94,0.019,0,0,0.0016,0.0016,0.91,0.0,25.0,21.0,1781033284277731174
1781033284382357004,33,0,8,0,true,0.2927,0.0019,2397,8192,0.019,0.019,47.94,0.019,0,0,0.0016,0.0016,0.91,0.0,25.0,21.0,1781033284379725439
1781033284481619495,33,0,8,0,true,0.2928,0.0018,2398,8192,0.019,0.019,47.94,0.019,0,0,0.0016,0.0016,0.91,0.0,25.0,21.0,1781033284478363524
1781033284581664228,33,0,8,0,true,0.293,0.0018,2400,8192,0.019,0.019,47.94,0.019,0,0,0.0016,0.0016,0.91,0.0,25.0,21.0,1781033284578919313
1781033284681828365,33,0,8,0,true,0.2932,0.0018,2401,8192,0.019,0.019,47.94,0.019,0,0,0.0016,0.0016,0.91,0.0,25.0,21.0,1781033284679163347
1781033284781494659,33,0,8,0,true,0.2934,0.0018,2403,8192,0.019,0.019,47.94,0.019,0,0,0.0016,0.0016,0.91,0.0,25.0,21.0,1781033284760609811
1781033284882342966,33,0,8,0,true,0.2936,0.0018,2404,8192,0.019,0.019,47.94,0.019,0,0,0.0016,0.0016,0.91,0.0,25.0,21.0,1781033284880393032
1781033284982403114,33,0,8,0,true,0.2938,0.0018,2406,8192,0.019,0.019,47.94,0.019,0,0,0.0016,0.0016,0.91,0.0,25.0,21.0,1781033284981686021
1781033285081503198,33,0,8,0,true,0.2939,0.0019,2407,8192,0.019,0.019,47.94,0.019,0,0,0.0016,0.0016,0.92,0.0,25.0,21.0,1781033285061126650
1781033285181721690,33,0,8,0,true,0.2941,0.0019,2409,8192,0.019,0.019,47.94,0.019,0,0,0.0016,0.0016,0.92,0.0,25.0,21.0,1781033285182066526
1781033285282206314,33,0,8,0,true,0.2943,0.0018,2410,8192,0.019,0.019,47.94,0.019,0,0,0.0016,0.0016,0.91,0.0,25.0,21.0,1781033285262294421
1781033285381974447,33,0,8,0,true,0.2945,0.0018,2412,8192,0.019,0.019,47.94,0.019,0,0,0.0016,0.0016,0.92,0.0,25.0,21.0,1781033285379544225
1781033285482282600,33,0,8,0,true,0.2946,0.0018,2413,8192,0.019,0.019,47.94,0.019,0,0,0.0016,0.0016,0.92,0.0,25.0,21.0,1781033285464431797
1781033285582354937,33,0,8,0,true,0.2948,0.0018,2415,8192,0.019,0.019,47.94,0.019,0,0,0.0016,0.0016,0.92,0.0,25.0,21.0,1781033285565986287
1781033285682098660,33,0,8,0,true,0.295,0.0019,2416,8192,0.019,0.019,47.94,0.019,0,0,0.0016,0.0016,0.92,0.0,25.0,21.0,1781033285665354436
1781033285784905870,33,0,8,0,true,0.2952,0.0018,2418,8192,0.019,0.019,47.94,0.019,0,0,0.0016,0.0016,0.92,0.0,25.0,21.0,1781033285765862356
1781033285882133702,33,0,8,0,true,0.2954,0.0019,2419,8192,0.019,0.019,47.94,0.019,0,0,0.0016,0.0016,0.92,0.0,25.0,21.0,1781033285866242236
1781033285982172136,33,0,8,0,true,0.2955,0.0018,2421,8192,0.019,0.019,47.94,0.019,0,0,0.0016,0.0016,0.92,0.0,25.0,21.0,1781033285964138324
1781033286081781557,33,0,8,0,true,0.2957,0.0018,2422,8192,0.019,0.019,47.94,0.019,0,0,0.0016,0.0016,0.92,0.0,25.0,21.0,1781033286064427777
1781033286181705115,33,0,8,0,true,0.2959,0.0018,2424,8192,0.019,0.019,47.94,0.019,0,0,0.0016,0.0016,0.92,0.0,25.0,21.0,1781033286164442531
1781033286283015731,33,0,8,0,true,0.2961,0.0018,2425,8192,0.019,0.019,47.94,0.019,0,0,0.0016,0.0016,0.92,0.0,25.0,21.0,1781033286264124095
1781033286383855982,33,0,8,0,true,0.2963,0.0018,2427,8192,0.019,0.019,47.94,0.019,0,0,0.0016,0.0016,0.93,0.0,25.0,21.0,1781033286365169152
1781033286482068835,33,0,8,0,true,0.2965,0.0018,2428,8192,0.019,0.019,47.94,0.019,0,0,0.0016,0.0016,0.93,0.0,25.0,21.0,1781033286467015374
1781033286584915565,33,0,8,0,true,0.2966,0.0019,2430,8192,0.019,0.019,47.94,0.019,0,0,0.0016,0.0016,0.93,0.0,25.0,21.0,1781033286568239991
1781033286684899123,33,0,8,0,true,0.2968,0.0019,2431,8192,0.019,0.019,47.94,0.019,0,0,0.0016,0.0016,0.93,0.0,25.0,21.0,1781033286669255424
1781033286783116612,33,0,8,0,true,0.297,0.0019,2433,8192,0.019,0.019,47.94,0.019,0,0,0.0016,0.0016,0.93,0.0,25.0,21.0,1781033286766937315
1781033286881651519,33,0,8,0,true,0.2972,0.0018,2434,8192,0.019,0.019,47.94,0.019,0,0,0.0016,0.0016,0.93,0.0,25.0,21.0,1781033286868589173
1781033286981922692,33,0,8,0,true,0.2974,0.0018,2436,8192,0.019,0.019,47.94,0.019,0,0,0.0016,0.0016,0.93,0.0,25.0,21.0,1781033286967630708
1781033287082066439,33,0,8,0,true,0.2976,0.0019,2437,8192,0.019,0.019,47.94,0.019,0,0,0.0016,0.0016,0.93,0.0,25.0,21.0,1781033287068885339
1781033287181828203,33,0,8,0,true,0.2977,0.0018,2439,8192,0.019,0.019,47.94,0.019,0,0,0.0016,0.0016,0.93,0.0,25.0,21.0,1781033287171704022
1781033287281690987,33,0,8,0,true,0.2979,0.0014,2440,8192,0.016,0.016,47.94,0.016,0,0,0.0013,0.0013,0.77,0.0,25.0,21.0,1781033287270280675
1781033287381939823,33,0,8,0,true,0.2981,0.0014,2441,8192,0.014,0.014,47.94,0.014,0,0,0.0012,0.0012,0.68,0.0,25.0,21.0,1781033287370796443
1781033287482384189,33,0,8,0,true,0.2982,0.0013,2442,8192,0.013,0.013,47.94,0.013,0,0,0.0011,0.0011,0.63,0.0,25.0,21.0,1781033287470252895
1781033287581825845,33,0,8,0,true,0.2983,0.0012,2443,8192,0.012,0.012,47.94,0.012,0,0,0.001,0.001,0.59,0.0,25.0,21.0,1781033287570687773
1781033287681941109,33,0,8,0,true,0.2984,0.0011,2444,8192,0.011,0.011,47.94,0.011,0,0,0.0009,0.0009,0.54,0.0,25.0,21.0,1781033287672119119
1781033287782329047,33,0,8,0,true,0.2985,0.0011,2445,8192,0.01,0.01,47.94,0.01,0,0,0.0008,0.0008,0.48,0.0,25.0,21.0,1781033287775411682
1781033287881883470,33,0,8,0,true,0.2987,0.001,2446,8192,0.009,0.009,47.94,0.009,0,0,0.0008,0.0008,0.45,0.0,25.0,21.0,1781033287876892135
1781033287982448832,33,0,8,0,true,0.2987,0.0009,2447,8192,0.009,0.009,47.94,0.009,0,0,0.0007,0.0007,0.42,0.0,25.0,21.0,1781033287976496794
1781033288081824761,33,0,8,0,true,0.2988,0.0011,2448,8192,0.011,0.011,47.94,0.011,0,0,0.0009,0.0009,0.54,0.0,25.0,21.0,1781033288073010744
1781033288181653901,33,0,8,0,true,0.299,0.0011,2449,8192,0.011,0.011,47.94,0.011,0,0,0.0009,0.0009,0.54,0.0,25.0,21.0,1781033288177698551
1781033288282002868,33,0,8,0,true,0.2991,0.0011,2450,8192,0.011,0.011,47.94,0.011,0,0,0.0009,0.0009,0.53,0.0,25.0,21.0,1781033288277941043
1781033288381711182,33,0,8,0,true,0.2992,0.0012,2450,8192,0.011,0.011,47.94,0.011,0,0,0.0009,0.0009,0.53,0.0,25.0,21.0,1781033288379025001
1781033288482080196,33,0,8,0,true,0.2993,0.0012,2451,8192,0.011,0.011,47.94,0.011,0,0,0.0009,0.0009,0.53,0.0,25.0,21.0,1781033288479200107
1781033288582284119,33,0,8,0,true,0.2994,0.0011,2452,8192,0.011,0.011,47.94,0.011,0,0,0.0009,0.0009,0.53,0.0,25.0,21.0,1781033288579840766
1781033288682311671,33,0,8,0,true,0.2995,0.0011,2453,8192,0.011,0.011,47.94,0.011,0,0,0.0009,0.0009,0.52,0.0,25.0,21.0,1781033288679728461
1781033288781356152,33,0,8,0,true,0.2997,0.0011,2454,8192,0.011,0.011,47.94,0.011,0,0,0.0009,0.0009,0.52,0.0,25.0,21.0,1781033288780724461
1781033288881382703,33,0,8,0,true,0.2998,0.0011,2455,8192,0.011,0.011,47.94,0.011,0,0,0.0009,0.0009,0.51,0.0,25.0,21.0,1781033288881297235
1781033288982244541,33,0,8,0,true,0.2999,0.0012,2456,8192,0.011,0.011,47.94,0.011,0,0,0.0009,0.0009,0.51,0.0,25.0,21.0,1781033288982467909
1781033289081808489,33,0,8,0,true,0.3,0.0011,2457,8192,0.011,0.011,47.94,0.011,0,0,0.0009,0.0009,0.51,0.0,25.0,21.0,1781033289062834140
1781033289181771075,33,0,8,0,true,0.3001,0.0012,2458,8192,0.011,0.011,47.94,0.011,0,0,0.0009,0.0009,0.5,0.0,25.0,21.0,1781033289179929378
1781033289281810317,33,0,8,0,true,0.3002,0.0012,2459,8192,0.01,0.01,47.94,0.01,0,0,0.0009,0.0009,0.5,0.0,25.0,21.0,1781033289264613114
1781033289381535269,33,0,8,0,true,0.3003,0.0011,2460,8192,0.01,0.01,47.94,0.01,0,0,0.0009,0.0009,0.49,0.0,25.0,21.0,1781033289381877908
1781033289482066131,33,0,8,0,true,0.3004,0.0012,2461,8192,0.01,0.01,47.94,0.01,0,0,0.0009,0.0009,0.5,0.0,25.0,21.0,1781033289466970983
1781033289581465353,33,0,8,0,true,0.3006,0.0012,2462,8192,0.01,0.01,47.94,0.01,0,0,0.0009,0.0009,0.5,0.0,25.0,21.0,1781033289568551205
1781033289681545914,33,0,8,0,true,0.3007,0.0011,2463,8192,0.01,0.01,47.94,0.01,0,0,0.0008,0.0008,0.48,0.0,25.0,21.0,1781033289670524365
1781033289782304830,33,0,8,0,true,0.3008,0.0012,2464,8192,0.01,0.01,47.94,0.01,0,0,0.0008,0.0008,0.48,0.0,25.0,21.0,1781033289769463168
1781033289882085083,33,0,8,0,true,0.3009,0.0011,2465,8192,0.01,0.01,47.94,0.01,0,0,0.0008,0.0008,0.47,0.0,25.0,21.0,1781033289869648915
1781033289981888633,33,0,8,0,true,0.301,0.0011,2466,8192,0.01,0.01,47.94,0.01,0,0,0.0008,0.0008,0.47,0.0,25.0,21.0,1781033289970081164
1781033290082051173,33,0,8,0,true,0.3011,0.0011,2466,8192,0.01,0.01,47.94,0.01,0,0,0.0008,0.0008,0.47,0.0,25.0,21.0,1781033290066815321
1781033290182029125,33,0,8,0,true,0.3013,0.0011,2467,8192,0.01,0.01,47.94,0.01,0,0,0.0008,0.0008,0.47,0.0,25.0,21.0,1781033290172093857
1781033290282012945,33,0,8,0,true,0.3014,0.0012,2468,8192,0.01,0.01,47.94,0.01,0,0,0.0008,0.0008,0.47,0.0,25.0,21.0,1781033290272487084
1781033290382412706,33,0,8,0,true,0.3015,0.0011,2469,8192,0.01,0.01,47.94,0.01,0,0,0.0008,0.0008,0.46,0.0,25.0,21.0,1781033290370280081
1781033290481645022,33,0,8,0,true,0.3016,0.0011,2470,8192,0.01,0.01,47.94,0.01,0,0,0.0008,0.0008,0.46,0.0,25.0,21.0,1781033290468617924
1781033290582033791,33,0,8,0,true,0.3017,0.0012,2471,8192,0.01,0.01,47.94,0.01,0,0,0.0008,0.0008,0.46,0.0,25.0,21.0,1781033290573602541
1781033290681983804,33,0,8,0,true,0.3018,0.0011,2472,8192,0.009,0.009,47.94,0.009,0,0,0.0008,0.0008,0.45,0.0,25.0,21.0,1781033290669963093
1781033290782417986,33,0,8,0,true,0.3019,0.0011,2473,8192,0.009,0.009,47.94,0.009,0,0,0.0008,0.0008,0.45,0.0,25.0,21.0,1781033290770310920
1781033290882256170,33,0,8,0,true,0.3021,0.0012,2474,8192,0.009,0.009,47.94,0.009,0,0,0.0008,0.0008,0.45,0.0,25.0,21.0,1781033290875938378
1781033290981780445,33,0,8,0,true,0.3022,0.0011,2475,8192,0.009,0.009,47.94,0.009,0,0,0.0008,0.0008,0.44,0.0,25.0,21.0,1781033290974661232
1781033291081496588,33,0,8,0,true,0.3023,0.0012,2476,8192,0.009,0.009,47.94,0.009,0,0,0.0008,0.0008,0.45,0.0,25.0,21.0,1781033291074345435
1781033291182073629,33,0,8,0,true,0.3024,0.0012,2477,8192,0.009,0.009,47.94,0.009,0,0,0.0008,0.0008,0.45,0.0,25.0,21.0,1781033291173219103
1781033291281568048,33,0,8,0,true,0.3025,0.0011,2478,8192,0.009,0.009,47.94,0.009,0,0,0.0008,0.0008,0.44,0.0,25.0,21.0,1781033291272586592
1781033291381643788,33,0,8,0,true,0.3026,0.0011,2479,8192,0.009,0.009,47.94,0.009,0,0,0.0008,0.0008,0.44,0.0,25.0,21.0,1781033291375542694
1781033291482281364,33,0,8,0,true,0.3027,0.0011,2480,8192,0.008,0.008,47.94,0.008,0,0,0.0007,0.0007,0.4,0.0,25.0,21.0,1781033291473462363
1781033291581846166,33,0,8,0,true,0.3029,0.0011,2481,8192,0.009,0.009,47.94,0.009,0,0,0.0007,0.0007,0.42,0.0,25.0,21.0,1781033291575090188
1781033291681857389,33,0,8,0,true,0.303,0.0011,2482,8192,0.009,0.009,47.94,0.009,0,0,0.0007,0.0007,0.42,0.0,25.0,21.0,1781033291675772284
1781033291781923166,33,0,8,0,true,0.3031,0.0012,2482,8192,0.009,0.009,47.94,0.009,0,0,0.0007,0.0007,0.42,0.0,25.0,21.0,1781033291776647328
1781033291881505157,33,0,8,0,true,0.3032,0.0011,2483,8192,0.009,0.009,47.94,0.009,0,0,0.0007,0.0007,0.42,0.0,25.0,21.0,1781033291878590867
1781033291982375220,33,0,8,0,true,0.3033,0.0012,2484,8192,0.009,0.009,47.94,0.009,0,0,0.0007,0.0007,0.42,0.0,25.0,21.0,1781033291976349593
1781033292081646853,33,0,8,0,true,0.3034,0.0012,2485,8192,0.009,0.009,47.94,0.009,0,0,0.0007,0.0007,0.42,0.0,25.0,21.0,1781033292060276094
1781033292181731883,33,0,8,0,true,0.3036,0.0012,2486,8192,0.009,0.009,47.94,0.009,0,0,0.0007,0.0007,0.42,0.0,25.0,21.0,1781033292180974855
1781033292282361625,33,0,8,0,true,0.3036,0.0011,2487,8192,0.009,0.009,47.94,0.009,0,0,0.0007,0.0007,0.41,0.0,25.0,21.0,1781033292261498745
1781033292381443209,33,0,8,0,true,0.3038,0.0012,2488,8192,0.009,0.009,47.94,0.009,0,0,0.0007,0.0007,0.41,0.0,25.0,21.0,1781033292359586711
1781033292482084765,33,0,8,0,true,0.3039,0.0011,2489,8192,0.009,0.009,47.94,0.009,0,0,0.0007,0.0007,0.41,0.0,25.0,21.0,1781033292463192147
1781033292584880251,33,0,8,0,true,0.304,0.0011,2490,8192,0.009,0.009,47.94,0.009,0,0,0.0007,0.0007,0.41,0.0,25.0,21.0,1781033292584058008
1781033292682032417,33,0,8,0,true,0.3041,0.0011,2491,8192,0.008,0.008,47.94,0.008,0,0,0.0007,0.0007,0.41,0.0,25.0,21.0,1781033292664588681
1781033292781727895,33,0,8,0,true,0.3042,0.0011,2492,8192,0.008,0.008,47.94,0.008,0,0,0.0007,0.0007,0.41,0.0,25.0,21.0,1781033292764555113
1781033292881644507,33,0,8,0,true,0.3043,0.0011,2493,8192,0.008,0.008,47.94,0.008,0,0,0.0007,0.0007,0.4,0.0,25.0,21.0,1781033292865237958
1781033292981903596,33,0,8,0,true,0.3044,0.0012,2493,8192,0.008,0.008,47.94,0.008,0,0,0.0007,0.0007,0.41,0.0,25.0,21.0,1781033292965674309
1781033293081838552,33,0,8,0,true,0.3046,0.0011,2494,8192,0.008,0.008,47.94,0.008,0,0,0.0007,0.0007,0.41,0.0,25.0,21.0,1781033293066171501
1781033293182001025,33,0,8,0,true,0.3047,0.0011,2495,8192,0.008,0.008,47.94,0.008,0,0,0.0007,0.0007,0.4,0.0,25.0,21.0,1781033293166871889
1781033293282208563,33,0,8,0,true,0.3048,0.0011,2496,8192,0.008,0.008,47.94,0.008,0,0,0.0007,0.0007,0.4,0.0,25.0,21.0,1781033293266740225
1781033293382224024,33,0,8,0,true,0.3049,0.0011,2497,8192,0.008,0.008,47.94,0.008,0,0,0.0007,0.0007,0.4,0.0,25.0,21.0,1781033293368188773
1781033293481686378,33,0,8,0,true,0.305,0.0011,2498,8192,0.008,0.008,47.94,0.008,0,0,0.0007,0.0007,0.4,0.0,25.0,21.0,1781033293464023818
1781033293581690373,33,0,8,0,true,0.3051,0.0011,2499,8192,0.008,0.008,47.94,0.008,0,0,0.0007,0.0007,0.4,0.0,25.0,21.0,1781033293564366652
1781033293682296591,33,0,8,0,true,0.3052,0.0011,2500,8192,0.008,0.008,47.94,0.008,0,0,0.0007,0.0007,0.4,0.0,25.0,21.0,1781033293665449638
1781033293783234393,33,0,8,0,true,0.3054,0.0011,2501,8192,0.008,0.008,47.94,0.008,0,0,0.0007,0.0007,0.4,0.0,25.0,21.0,1781033293769168185
1781033293882362564,33,0,8,0,true,0.3055,0.0012,2502,8192,0.008,0.008,47.94,0.008,0,0,0.0007,0.0007,0.4,0.0,25.0,21.0,1781033293869188649
1781033293981721933,33,0,8,0,true,0.3056,0.0011,2503,8192,0.008,0.008,47.94,0.008,0,0,0.0007,0.0007,0.39,0.0,25.0,21.0,1781033293969877909
1781033294082171260,33,0,8,0,true,0.3057,0.0012,2504,8192,0.008,0.008,47.94,0.008,0,0,0.0007,0.0007,0.4,0.0,25.0,21.0,1781033294071177086
1781033294184864242,33,0,8,0,true,0.3058,0.0011,2505,8192,0.008,0.008,47.94,0.008,0,0,0.0007,0.0007,0.39,0.0,25.0,21.0,1781033294167573561
1781033294281527487,33,0,8,0,true,0.3059,0.0011,2506,8192,0.008,0.008,47.94,0.008,0,0,0.0007,0.0007,0.39,0.0,25.0,21.0,1781033294268199055
1781033294381779645,33,0,8,0,true,0.306,0.0012,2507,8192,0.008,0.008,47.94,0.008,0,0,0.0007,0.0007,0.39,0.0,25.0,21.0,1781033294368530927
1781033294481496686,33,0,8,0,true,0.3062,0.0011,2508,8192,0.008,0.008,47.94,0.008,0,0,0.0007,0.0007,0.39,0.0,25.0,21.0,1781033294469597975
1781033294582150638,33,0,8,0,true,0.3063,0.0012,2508,8192,0.008,0.008,47.94,0.008,0,0,0.0007,0.0007,0.39,0.0,25.0,21.0,1781033294573220624
1781033294681576179,33,0,8,0,true,0.3064,0.0012,2509,8192,0.008,0.008,47.94,0.008,0,0,0.0007,0.0007,0.39,0.0,25.0,21.0,1781033294669825161
1781033294782422696,33,0,8,0,true,0.3065,0.0011,2510,8192,0.008,0.008,47.94,0.008,0,0,0.0007,0.0007,0.39,0.0,25.0,21.0,1781033294770599607
1781033294881577746,33,0,8,0,true,0.3066,0.0011,2511,8192,0.008,0.008,47.94,0.008,0,0,0.0007,0.0007,0.38,0.0,25.0,21.0,1781033294875557514
1781033294982296027,33,0,8,0,true,0.3067,0.0011,2512,8192,0.008,0.008,47.94,0.008,0,0,0.0007,0.0007,0.39,0.0,25.0,21.0,1781033294975381039
1781033295081896108,33,0,8,0,true,0.3068,0.0012,2513,8192,0.008,0.008,47.94,0.008,0,0,0.0007,0.0007,0.39,0.0,25.0,21.0,1781033295075739086
1781033295181885296,33,0,8,0,true,0.307,0.0011,2514,8192,0.008,0.008,47.94,0.008,0,0,0.0007,0.0007,0.38,0.0,25.0,21.0,1781033295177066735
1781033295282073475,33,0,8,0,true,0.3071,0.0011,2515,8192,0.008,0.008,47.94,0.008,0,0,0.0007,0.0007,0.38,0.0,25.0,21.0,1781033295277172155
1781033295381594342,33,0,8,0,true,0.3072,0.0012,2516,8192,0.008,0.008,47.94,0.008,0,0,0.0007,0.0007,0.38,0.0,25.0,21.0,1781033295377804487
1781033295482062233,33,0,8,0,true,0.3073,0.0011,2517,8192,0.008,0.008,47.94,0.008,0,0,0.0007,0.0007,0.38,0.0,25.0,21.0,1781033295477690496
1781033295581577522,33,0,8,0,true,0.3074,0.0011,2518,8192,0.008,0.008,47.94,0.008,0,0,0.0007,0.0007,0.38,0.0,25.0,21.0,1781033295579565129
1781033295681506431,33,0,8,0,true,0.3075,0.0012,2519,8192,0.008,0.008,47.94,0.008,0,0,0.0007,0.0007,0.38,0.0,25.0,21.0,1781033295678613431
1781033295781750093,33,0,8,0,true,0.3076,0.0012,2520,8192,0.008,0.008,47.94,0.008,0,0,0.0007,0.0007,0.38,0.0,25.0,21.0,1781033295779103900
1781033295882131108,33,0,8,0,true,0.3078,0.0011,2521,8192,0.008,0.008,47.94,0.008,0,0,0.0007,0.0007,0.38,0.0,25.0,21.0,1781033295875752362
1781033295981923947,33,0,8,0,true,0.3079,0.0011,2522,8192,0.008,0.008,47.94,0.008,0,0,0.0006,0.0006,0.37,0.0,25.0,21.0,1781033295976114849
1781033296082181664,33,0,8,0,true,0.308,0.0012,2523,8192,0.008,0.008,47.94,0.008,0,0,0.0007,0.0007,0.38,0.0,25.0,21.0,1781033296079031244
1781033296181920679,33,0,8,0,true,0.3081,0.0011,2523,8192,0.008,0.008,47.94,0.008,0,0,0.0006,0.0006,0.37,0.0,25.0,21.0,1781033296178024892
1781033296281634790,33,0,8,0,true,0.3082,0.0011,2524,8192,0.008,0.008,47.94,0.008,0,0,0.0006,0.0006,0.37,0.0,25.0,21.0,1781033296277830909
1781033296381942401,33,0,8,0,true,0.3083,0.0011,2525,8192,0.008,0.008,47.94,0.008,0,0,0.0006,0.0006,0.37,0.0,25.0,21.0,1781033296379408078
1781033296482250118,33,0,8,0,true,0.3084,0.0011,2526,8192,0.008,0.008,47.94,0.008,0,0,0.0006,0.0006,0.37,0.0,25.0,21.0,1781033296479189593
1781033296582166744,33,0,8,0,true,0.3086,0.0012,2527,8192,0.008,0.008,47.94,0.008,0,0,0.0006,0.0006,0.37,0.0,25.0,21.0,1781033296580157448
1781033296681915833,33,0,8,0,true,0.3087,0.0011,2528,8192,0.008,0.008,47.94,0.008,0,0,0.0006,0.0006,0.37,0.0,25.0,21.0,1781033296679879847
1781033296782379064,33,0,8,0,true,0.3088,0.0011,2529,8192,0.008,0.008,47.94,0.008,0,0,0.0006,0.0006,0.37,0.0,25.0,21.0,1781033296764237351
1781033296882002872,33,0,8,0,true,0.3089,0.0012,2530,8192,0.008,0.008,47.94,0.008,0,0,0.0006,0.0006,0.37,0.0,25.0,21.0,1781033296860917450
1781033296982181927,33,0,8,0,true,0.309,0.0012,2531,8192,0.008,0.008,47.94,0.008,0,0,0.0006,0.0006,0.37,0.0,25.0,21.0,1781033296982211036
1781033297081474600,33,0,8,0,true,0.3091,0.0012,2532,8192,0.008,0.008,47.94,0.008,0,0,0.0006,0.0006,0.37,0.0,25.0,21.0,1781033297066525391
1781033297181866501,33,0,8,0,true,0.3092,0.0011,2533,8192,0.008,0.008,47.94,0.008,0,0,0.0006,0.0006,0.37,0.0,25.0,21.0,1781033297167391121
1781033297282592085,33,0,8,0,true,0.3093,0.0011,2534,8192,0.008,0.008,47.94,0.008,0,0,0.0006,0.0006,0.37,0.0,25.0,21.0,1781033297267106434
1781033297381790580,33,0,8,0,true,0.3095,0.0011,2535,8192,0.008,0.008,47.94,0.008,0,0,0.0006,0.0006,0.37,0.0,25.0,21.0,1781033297368387808
1781033297481598205,33,0,8,0,true,0.3096,0.0012,2536,8192,0.008,0.008,47.94,0.008,0,0,0.0006,0.0006,0.37,0.0,25.0,21.0,1781033297468501226
1781033297582061030,33,0,8,0,true,0.3097,0.0012,2536,8192,0.008,0.008,47.94,0.008,0,0,0.0006,0.0006,0.37,0.0,25.0,21.0,1781033297564846569
1781033297681517644,33,0,8,0,true,0.3098,0.0012,2537,8192,0.008,0.008,47.94,0.008,0,0,0.0006,0.0006,0.37,0.0,25.0,21.0,1781033297667597064
1781033297782663300,33,0,8,0,true,0.3099,0.0012,2538,8192,0.008,0.008,47.94,0.008,0,0,0.0006,0.0006,0.37,0.0,25.0,21.0,1781033297766126316
1781033297881882081,33,0,8,0,true,0.31,0.0011,2539,8192,0.008,0.008,47.94,0.008,0,0,0.0006,0.0006,0.36,0.0,25.0,21.0,1781033297867152633
1781033297981631726,33,0,8,0,true,0.3101,0.0011,2540,8192,0.008,0.008,47.94,0.008,0,0,0.0006,0.0006,0.36,0.0,25.0,21.0,1781033297966736913
1781033298082309581,33,0,8,0,true,0.3103,0.0011,2541,8192,0.008,0.008,47.94,0.008,0,0,0.0006,0.0006,0.36,0.0,25.0,21.0,1781033298068196694
1781033298181669266,33,0,8,0,true,0.3104,0.0011,2542,8192,0.008,0.008,47.94,0.008,0,0,0.0006,0.0006,0.36,0.0,25.0,21.0,1781033298171634927
1781033298284856521,33,0,8,0,true,0.3105,0.0011,2543,8192,0.008,0.008,47.94,0.008,0,0,0.0006,0.0006,0.36,0.0,25.0,21.0,1781033298272031465
1781033298382218802,33,0,8,0,true,0.3106,0.0011,2544,8192,0.007,0.007,47.94,0.007,0,0,0.0006,0.0006,0.36,0.0,25.0,21.0,1781033298371152095
1781033298481678505,33,0,8,0,true,0.3107,0.0012,2545,8192,0.008,0.008,47.94,0.008,0,0,0.0006,0.0006,0.36,0.0,25.0,21.0,1781033298468849381
1781033298582264211,33,0,8,0,true,0.3108,0.0011,2546,8192,0.007,0.007,47.94,0.007,0,0,0.0006,0.0006,0.36,0.0,25.0,21.0,1781033298569383773
1781033298681747964,33,0,8,0,true,0.3109,0.0012,2547,8192,0.008,0.008,47.94,0.008,0,0,0.0006,0.0006,0.36,0.0,25.0,21.0,1781033298671772448
1781033298782409838,33,0,8,0,true,0.3111,0.0012,2548,8192,0.008,0.008,47.94,0.008,0,0,0.0006,0.0006,0.36,0.0,25.0,21.0,1781033298770622169
1781033298881905927,33,0,8,0,true,0.3112,0.0012,2549,8192,0.008,0.008,47.94,0.008,0,0,0.0006,0.0006,0.36,0.0,25.0,21.0,1781033298872086709
1781033298981519908,33,0,8,0,true,0.3113,0.0012,2550,8192,0.008,0.008,47.94,0.008,0,0,0.0006,0.0006,0.36,0.0,25.0,21.0,1781033298971745519
1781033299081852336,33,0,8,0,true,0.3114,0.0012,2551,8192,0.007,0.007,47.94,0.007,0,0,0.0006,0.0006,0.36,0.0,25.0,21.0,1781033299076829487
1781033299181935376,33,0,8,0,true,0.3115,0.0011,2552,8192,0.007,0.007,47.94,0.007,0,0,0.0006,0.0006,0.36,0.0,25.0,21.0,1781033299174111569
1781033299282364428,33,0,8,0,true,0.3116,0.0011,2552,8192,0.007,0.007,47.94,0.007,0,0,0.0006,0.0006,0.36,0.0,25.0,21.0,1781033299277496703
1781033299381996564,33,0,8,0,true,0.3118,0.0011,2553,8192,0.007,0.007,47.94,0.007,0,0,0.0006,0.0006,0.36,0.0,25.0,21.0,1781033299377817773
1781033299481932112,33,0,8,0,true,0.3119,0.0011,2554,8192,0.007,0.007,47.94,0.007,0,0,0.0006,0.0006,0.36,0.0,25.0,21.0,1781033299474662570
1781033299581783664,33,0,8,0,true,0.312,0.0012,2555,8192,0.007,0.007,47.94,0.007,0,0,0.0006,0.0006,0.36,0.0,25.0,21.0,1781033299558952730
1781033299682286568,33,0,8,0,true,0.3121,0.0011,2556,8192,0.007,0.007,47.94,0.007,0,0,0.0006,0.0006,0.36,0.0,25.0,21.0,1781033299676079494
1781033299781463230,33,0,8,0,true,0.3122,0.0011,2557,8192,0.007,0.007,47.94,0.007,0,0,0.0006,0.0006,0.35,0.0,25.0,21.0,1781033299780066969
1781033299883394715,33,0,8,0,true,0.3123,0.0011,2558,8192,0.007,0.007,47.94,0.007,0,0,0.0006,0.0006,0.35,0.0,25.0,21.0,1781033299861429274
1781033299981641118,33,0,8,0,true,0.3124,0.0011,2559,8192,0.007,0.007,47.94,0.007,0,0,0.0006,0.0006,0.35,0.0,25.0,21.0,1781033299979532372
1781033300082342925,33,0,8,0,true,0.3126,0.0011,2560,8192,0.007,0.007,47.94,0.007,0,0,0.0006,0.0006,0.35,0.0,25.0,21.0,1781033300080410116
1781033300181734639,33,0,8,0,true,0.3127,0.0011,2561,8192,0.007,0.007,47.94,0.007,0,0,0.0006,0.0006,0.35,0.0,25.0,21.0,1781033300163397131
1781033300282431407,33,0,8,0,true,0.3128,0.0011,2562,8192,0.007,0.007,47.94,0.007,0,0,0.0006,0.0006,0.35,0.0,25.0,21.0,1781033300280376811
1781033300382181252,33,0,8,0,true,0.3129,0.0011,2563,8192,0.007,0.007,47.94,0.007,0,0,0.0006,0.0006,0.35,0.0,25.0,21.0,1781033300380177534
1781033300481484580,33,0,8,0,true,0.313,0.0012,2564,8192,0.007,0.007,47.94,0.007,0,0,0.0006,0.0006,0.35,0.0,25.0,21.0,1781033300481863219
1781033300584934040,33,0,8,0,true,0.3131,0.0011,2564,8192,0.007,0.007,47.94,0.007,0,0,0.0006,0.0006,0.35,0.0,25.0,21.0,1781033300562944809
1781033300681611513,33,0,8,0,true,0.3132,0.0012,2565,8192,0.007,0.007,47.94,0.007,0,0,0.0006,0.0006,0.35,0.0,25.0,21.0,1781033300662456677
1781033300781549386,33,0,8,0,true,0.3133,0.0011,2566,8192,0.007,0.007,47.94,0.007,0,0,0.0006,0.0006,0.35,0.0,25.0,21.0,1781033300762458144
1781033300881533160,33,0,8,0,true,0.3135,0.0012,2567,8192,0.007,0.007,47.94,0.007,0,0,0.0006,0.0006,0.35,0.0,25.0,21.0,1781033300863305435
1781033300981537470,33,0,8,0,true,0.3136,0.0011,2568,8192,0.007,0.007,47.94,0.007,0,0,0.0006,0.0006,0.35,0.0,25.0,21.0,1781033300967658996
1781033301081743269,33,0,8,0,true,0.3137,0.0012,2569,8192,0.007,0.007,47.94,0.007,0,0,0.0006,0.0006,0.35,0.0,25.0,21.0,1781033301069182194
1781033301182463521,33,0,8,0,true,0.3138,0.0011,2570,8192,0.007,0.007,47.94,0.007,0,0,0.0006,0.0006,0.35,0.0,25.0,21.0,1781033301172459828
1781033301281739072,33,0,8,0,true,0.3139,0.0011,2571,8192,0.007,0.007,47.94,0.007,0,0,0.0006,0.0006,0.35,0.0,25.0,21.0,1781033301268760538
1781033301381787764,33,0,8,0,true,0.314,0.0011,2572,8192,0.007,0.007,47.94,0.007,0,0,0.0006,0.0006,0.35,0.0,25.0,21.0,1781033301368863730
1781033301482192741,33,0,8,0,true,0.3141,0.0011,2573,8192,0.007,0.007,47.94,0.007,0,0,0.0006,0.0006,0.35,0.0,25.0,21.0,1781033301469312617
1781033301582081396,33,0,8,0,true,0.3143,0.0011,2574,8192,0.007,0.007,47.94,0.007,0,0,0.0006,0.0006,0.35,0.0,25.0,21.0,1781033301565862036
1781033301681505314,33,0,8,0,true,0.3144,0.0011,2575,8192,0.007,0.007,47.94,0.007,0,0,0.0006,0.0006,0.35,0.0,25.0,21.0,1781033301670554866
1781033301782382214,33,0,8,0,true,0.3145,0.0011,2576,8192,0.007,0.007,47.94,0.007,0,0,0.0006,0.0006,0.35,0.0,25.0,21.0,1781033301770483478
1781033301881915465,33,0,8,0,true,0.3146,0.0011,2577,8192,0.007,0.007,47.94,0.007,0,0,0.0006,0.0006,0.35,0.0,25.0,21.0,1781033301871945426
1781033301982008043,33,0,8,0,true,0.3147,0.0012,2578,8192,0.007,0.007,47.94,0.007,0,0,0.0006,0.0006,0.35,0.0,25.0,21.0,1781033301967776217
1781033302081593468,33,0,8,0,true,0.3148,0.0011,2579,8192,0.007,0.007,47.94,0.007,0,0,0.0006,0.0006,0.35,0.0,25.0,21.0,1781033302071729453
1781033302181790867,33,0,8,0,true,0.3149,0.0012,2580,8192,0.007,0.007,47.94,0.007,0,0,0.0006,0.0006,0.35,0.0,25.0,21.0,1781033302171237807
1781033302282133625,33,0,8,0,true,0.3151,0.0012,2580,8192,0.007,0.007,47.94,0.007,0,0,0.0006,0.0006,0.35,0.0,25.0,21.0,1781033302273754691
1781033302381781467,33,0,8,0,true,0.3152,0.0011,2581,8192,0.007,0.007,47.94,0.007,0,0,0.0006,0.0006,0.35,0.0,25.0,21.0,1781033302373948087
1781033302481559515,33,0,8,0,true,0.3153,0.0011,2582,8192,0.007,0.007,47.94,0.007,0,0,0.0006,0.0006,0.35,0.0,25.0,21.0,1781033302474696735
1781033302582379249,33,0,8,0,true,0.3154,0.0011,2583,8192,0.007,0.007,47.94,0.007,0,0,0.0006,0.0006,0.35,0.0,25.0,21.0,1781033302571087844
1781033302681473861,33,0,8,0,true,0.3155,0.0011,2584,8192,0.007,0.007,47.94,0.007,0,0,0.0006,0.0006,0.35,0.0,25.0,21.0,1781033302673213042
1781033302781733022,33,0,8,0,true,0.3156,0.0012,2585,8192,0.007,0.007,47.94,0.007,0,0,0.0006,0.0006,0.35,0.0,25.0,21.0,1781033302773444356
1781033302882006828,33,0,8,0,true,0.3157,0.0011,2586,8192,0.007,0.007,47.94,0.007,0,0,0.0006,0.0006,0.35,0.0,25.0,21.0,1781033302874248142
1781033302982468794,33,0,8,0,true,0.3159,0.0011,2587,8192,0.007,0.007,47.94,0.007,0,0,0.0006,0.0006,0.35,0.0,25.0,21.0,1781033302973530024
1781033303081487728,33,0,8,0,true,0.316,0.0011,2588,8192,0.007,0.007,47.94,0.007,0,0,0.0006,0.0006,0.35,0.0,25.0,21.0,1781033303075116734
1781033303181534812,33,0,8,0,true,0.3161,0.0012,2589,8192,0.007,0.007,47.94,0.007,0,0,0.0006,0.0006,0.35,0.0,25.0,21.0,1781033303174542893
1781033303281609831,33,0,8,0,true,0.3162,0.0011,2590,8192,0.007,0.007,47.94,0.007,0,0,0.0006,0.0006,0.35,0.0,25.0,21.0,1781033303275844857
1781033303381372149,33,0,8,0,true,0.3163,0.0012,2591,8192,0.007,0.007,47.94,0.007,0,0,0.0006,0.0006,0.35,0.0,25.0,21.0,1781033303381344385
1781033303481428242,33,0,8,0,true,0.3164,0.0011,2592,8192,0.007,0.007,47.94,0.007,0,0,0.0006,0.0006,0.35,0.0,25.0,21.0,1781033303480552466
1781033303581453549,33,0,8,0,true,0.3166,0.0011,2593,8192,0.007,0.007,47.94,0.007,0,0,0.0006,0.0006,0.35,0.0,25.0,21.0,1781033303580575302
1781033303681568283,33,0,8,0,true,0.3167,0.0011,2594,8192,0.007,0.007,47.94,0.007,0,0,0.0006,0.0006,0.35,0.0,25.0,21.0,1781033303678960486
1781033303781906878,33,0,8,0,true,0.3168,0.0011,2594,8192,0.007,0.007,47.94,0.007,0,0,0.0006,0.0006,0.35,0.0,25.0,21.0,1781033303763013445
1781033303881495886,33,0,8,0,true,0.3169,0.0011,2595,8192,0.007,0.007,47.94,0.007,0,0,0.0006,0.0006,0.34,0.0,25.0,21.0,1781033303859740084
1781033303981545137,33,0,8,0,true,0.317,0.0012,2596,8192,0.007,0.007,47.94,0.007,0,0,0.0006,0.0006,0.35,0.0,25.0,21.0,1781033303981805695
1781033304082283406,33,0,8,0,true,0.3171,0.0011,2597,8192,0.007,0.007,47.94,0.007,0,0,0.0006,0.0006,0.35,0.0,25.0,21.0,1781033304061329960
1781033304182039191,33,0,8,0,true,0.3172,0.0011,2598,8192,0.007,0.007,47.94,0.007,0,0,0.0006,0.0006,0.34,0.0,25.0,21.0,1781033304167368837
1781033304282298956,33,0,8,0,true,0.3174,0.0011,2599,8192,0.007,0.007,47.94,0.007,0,0,0.0006,0.0006,0.35,0.0,25.0,21.0,1781033304281493239
1781033304382142017,33,0,8,0,true,0.3174,0.0011,2600,8192,0.007,0.007,47.94,0.007,0,0,0.0006,0.0006,0.35,0.0,25.0,21.0,1781033304362260447
1781033304482373488,33,0,8,0,true,0.3176,0.0012,2601,8192,0.007,0.007,47.94,0.007,0,0,0.0006,0.0006,0.35,0.0,25.0,21.0,1781033304463556690
1781033304581624486,33,0,8,0,true,0.3177,0.0011,2602,8192,0.007,0.007,47.94,0.007,0,0,0.0006,0.0006,0.35,0.0,25.0,21.0,1781033304564471865
1781033304681606465,33,0,8,0,true,0.3178,0.0011,2603,8192,0.007,0.007,47.94,0.007,0,0,0.0006,0.0006,0.34,0.0,25.0,21.0,1781033304666462329
1781033304781767105,33,0,8,0,true,0.3179,0.0012,2604,8192,0.007,0.007,47.94,0.007,0,0,0.0006,0.0006,0.35,0.0,25.0,21.0,1781033304763833966
1781033304882053993,33,0,8,0,true,0.318,0.0012,2605,8192,0.007,0.007,47.94,0.007,0,0,0.0006,0.0006,0.35,0.0,25.0,21.0,1781033304868299936
1781033304982460091,33,0,8,0,true,0.3181,0.0011,2606,8192,0.007,0.007,47.94,0.007,0,0,0.0006,0.0006,0.35,0.0,25.0,21.0,1781033304969559964
1781033305082880901,33,0,8,0,true,0.3182,0.0012,2607,8192,0.007,0.007,47.94,0.007,0,0,0.0006,0.0006,0.35,0.0,25.0,21.0,1781033305065542385
1781033305182279945,33,0,8,0,true,0.3184,0.0011,2608,8192,0.007,0.007,47.94,0.007,0,0,0.0006,0.0006,0.35,0.0,25.0,21.0,1781033305170304358
1781033305282182673,33,0,8,0,true,0.3185,0.0012,2608,8192,0.007,0.007,47.94,0.007,0,0,0.0006,0.0006,0.35,0.0,25.0,21.0,1781033305270388974
1781033305382382719,33,0,8,0,true,0.3186,0.0011,2609,8192,0.007,0.007,47.94,0.007,0,0,0.0006,0.0006,0.35,0.0,25.0,21.0,1781033305371414537
1781033305482041699,33,0,8,0,true,0.3187,0.0012,2610,8192,0.007,0.007,47.94,0.007,0,0,0.0006,0.0006,0.34,0.0,25.0,21.0,1781033305471098775
1781033305581807371,33,0,8,0,true,0.3188,0.0012,2611,8192,0.007,0.007,47.94,0.007,0,0,0.0006,0.0006,0.35,0.0,25.0,21.0,1781033305572957166
1781033305681851356,33,0,8,0,true,0.3189,0.0011,2612,8192,0.007,0.007,47.94,0.007,0,0,0.0006,0.0006,0.34,0.0,25.0,21.0,1781033305673003079
1781033305781627722,33,0,8,0,true,0.3191,0.0011,2613,8192,0.007,0.007,47.94,0.007,0,0,0.0006,0.0006,0.34,0.0,25.0,21.0,1781033305772772943
1781033305881491784,33,0,8,0,true,0.3192,0.0011,2614,8192,0.007,0.007,47.94,0.007,0,0,0.0006,0.0006,0.34,0.0,25.0,21.0,1781033305872417161
1781033305981991721,33,0,8,0,true,0.3193,0.0011,2615,8192,0.007,0.007,47.94,0.007,0,0,0.0006,0.0006,0.34,0.0,25.0,21.0,1781033305970013127
1781033306081963495,33,0,8,0,true,0.3194,0.0012,2616,8192,0.007,0.007,47.94,0.007,0,0,0.0006,0.0006,0.35,0.0,25.0,21.0,1781033306071089257
1781033306182351482,33,0,8,0,true,0.3195,0.0012,2617,8192,0.007,0.007,47.94,0.007,0,0,0.0006,0.0006,0.34,0.0,25.0,21.0,1781033306172344617
1781033306282129795,33,0,8,0,true,0.3196,0.0011,2618,8192,0.007,0.007,47.94,0.007,0,0,0.0006,0.0006,0.34,0.0,25.0,21.0,1781033306272209355
1781033306381641557,33,0,8,0,true,0.3197,0.0011,2619,8192,0.007,0.007,47.94,0.007,0,0,0.0006,0.0006,0.34,0.0,25.0,21.0,1781033306374739958
1781033306481479835,33,0,8,0,true,0.3199,0.0011,2620,8192,0.007,0.007,47.94,0.007,0,0,0.0006,0.0006,0.34,0.0,25.0,21.0,1781033306475568609
1781033306581868454,33,0,8,0,true,0.32,0.0011,2621,8192,0.007,0.007,47.94,0.007,0,0,0.0006,0.0006,0.34,0.0,25.0,21.0,1781033306577012501
1781033306682336857,33,0,8,0,true,0.3201,0.0012,2622,8192,0.007,0.007,47.94,0.007,0,0,0.0006,0.0006,0.35,0.0,25.0,21.0,1781033306679420054
1781033306782425127,33,0,8,0,true,0.3202,0.0011,2623,8192,0.007,0.007,47.94,0.007,0,0,0.0006,0.0006,0.34,0.0,25.0,21.0,1781033306776600686
1781033306881374821,33,0,8,0,true,0.3203,0.0011,2624,8192,0.007,0.007,47.94,0.007,0,0,0.0006,0.0006,0.34,0.0,25.0,21.0,1781033306880900581
1781033306982441861,33,0,8,0,true,0.3204,0.0011,2624,8192,0.007,0.007,47.94,0.007,0,0,0.0006,0.0006,0.34,0.0,25.0,21.0,1781033306978114223
1781033307081384241,33,0,8,0,true,0.3205,0.0011,2625,8192,0.007,0.007,47.94,0.007,0,0,0.0006,0.0006,0.34,0.0,25.0,21.0,1781033307057972108
1781033307182071872,33,0,8,0,true,0.3207,0.0011,2626,8192,0.007,0.007,47.94,0.007,0,0,0.0006,0.0006,0.34,0.0,25.0,21.0,1781033307178918506
1781033307281837123,33,0,8,0,true,0.3208,0.0011,2627,8192,0.007,0.007,47.94,0.007,0,0,0.0006,0.0006,0.34,0.0,25.0,21.0,1781033307279813958
1781033307382335775,33,0,8,0,true,0.3209,0.0011,2628,8192,0.007,0.007,47.94,0.007,0,0,0.0006,0.0006,0.34,0.0,25.0,21.0,1781033307380278125
1781033307482392268,33,0,8,0,true,0.321,0.0011,2629,8192,0.007,0.007,47.94,0.007,0,0,0.0006,0.0006,0.34,0.0,25.0,21.0,1781033307465339269
1781033307582678592,33,0,8,0,true,0.3211,0.0011,2630,8192,0.007,0.007,47.94,0.007,0,0,0.0006,0.0006,0.34,0.0,25.0,21.0,1781033307581871117
1781033307681889410,33,0,8,0,true,0.3212,0.0011,2631,8192,0.007,0.007,47.94,0.007,0,0,0.0006,0.0006,0.34,0.0,25.0,21.0,1781033307663342685
1781033307782755787,33,0,8,0,true,0.3213,0.0011,2632,8192,0.007,0.007,47.94,0.007,0,0,0.0006,0.0006,0.34,0.0,25.0,21.0,1781033307782241504
1781033307882301386,33,0,8,0,true,0.3214,0.0011,2633,8192,0.007,0.007,47.94,0.007,0,0,0.0006,0.0006,0.34,0.0,25.0,21.0,1781033307862150213
1781033307981647822,33,0,8,0,true,0.3216,0.0011,2634,8192,0.007,0.007,47.94,0.007,0,0,0.0006,0.0006,0.34,0.0,25.0,21.0,1781033307964365262
1781033308082089769,33,0,8,0,true,0.3217,0.0011,2635,8192,0.007,0.007,47.94,0.007,0,0,0.0006,0.0006,0.34,0.0,25.0,21.0,1781033308064008929
1781033308182081903,33,0,8,0,true,0.3218,0.0012,2636,8192,0.007,0.007,47.94,0.007,0,0,0.0006,0.0006,0.34,0.0,25.0,21.0,1781033308166571176
1781033308282533167,33,0,8,0,true,0.3219,0.0011,2636,8192,0.007,0.007,47.94,0.007,0,0,0.0006,0.0006,0.34,0.0,25.0,21.0,1781033308265061100
1781033308382105531,33,0,8,0,true,0.322,0.0011,2637,8192,0.007,0.007,47.94,0.007,0,0,0.0006,0.0006,0.34,0.0,25.0,21.0,1781033308366055194
1781033308482371310,33,0,8,0,true,0.3221,0.0012,2638,8192,0.007,0.007,47.94,0.007,0,0,0.0006,0.0006,0.34,0.0,25.0,21.0,1781033308469425319
1781033308582053681,33,0,8,0,true,0.3222,0.0011,2639,8192,0.007,0.007,47.94,0.007,0,0,0.0006,0.0006,0.34,0.0,25.0,21.0,1781033308566255918
1781033308681677735,33,0,8,0,true,0.3224,0.0011,2640,8192,0.007,0.007,47.94,0.007,0,0,0.0006,0.0006,0.34,0.0,25.0,21.0,1781033308671624977
1781033308782306839,33,0,8,0,true,0.3225,0.0011,2641,8192,0.007,0.007,47.94,0.007,0,0,0.0006,0.0006,0.34,0.0,25.0,21.0,1781033308771172553
1781033308882435608,33,0,8,0,true,0.3226,0.0012,2642,8192,0.007,0.007,47.94,0.007,0,0,0.0006,0.0006,0.34,0.0,25.0,21.0,1781033308872257306
1781033308982023558,33,0,8,0,true,0.3227,0.0011,2643,8192,0.007,0.007,47.94,0.007,0,0,0.0006,0.0006,0.34,0.0,25.0,21.0,1781033308972109898
1781033309082172715,33,0,8,0,true,0.3228,0.0011,2644,8192,0.007,0.007,47.94,0.007,0,0,0.0006,0.0006,0.34,0.0,25.0,21.0,1781033309072147643
1781033309181784411,33,0,8,0,true,0.3229,0.0011,2645,8192,0.007,0.007,47.94,0.007,0,0,0.0006,0.0006,0.34,0.0,25.0,21.0,1781033309172941263
1781033309281928348,33,0,8,0,true,0.3231,0.0011,2646,8192,0.007,0.007,47.94,0.007,0,0,0.0006,0.0006,0.34,0.0,25.0,21.0,1781033309274075232
1781033309381999039,33,0,8,0,true,0.3232,0.0012,2647,8192,0.007,0.007,47.94,0.007,0,0,0.0006,0.0006,0.34,0.0,25.0,21.0,1781033309376043030
1781033309482182344,33,0,8,0,true,0.3233,0.0011,2648,8192,0.007,0.007,47.94,0.007,0,0,0.0006,0.0006,0.34,0.0,25.0,21.0,1781033309475271658
1781033309582246632,33,0,8,0,true,0.3234,0.0012,2649,8192,0.007,0.007,47.94,0.007,0,0,0.0006,0.0006,0.34,0.0,25.0,21.0,1781033309576627564
1781033309681775345,33,0,8,0,true,0.3235,0.0011,2650,8192,0.007,0.007,47.94,0.007,0,0,0.0006,0.0006,0.34,0.0,25.0,21.0,1781033309676907356
1781033309781892423,33,0,8,0,true,0.3236,0.0012,2651,8192,0.007,0.007,47.94,0.007,0,0,0.0006,0.0006,0.34,0.0,25.0,21.0,1781033309778023281
1781033309882427345,33,0,8,0,true,0.3237,0.0011,2652,8192,0.007,0.007,47.94,0.007,0,0,0.0006,0.0006,0.34,0.0,25.0,21.0,1781033309878079144
1781033309981547780,33,0,8,0,true,0.3239,0.0011,2653,8192,0.007,0.007,47.94,0.007,0,0,0.0006,0.0006,0.34,0.0,25.0,21.0,1781033309977690458
1781033310081544556,33,0,8,0,true,0.324,0.0012,2653,8192,0.007,0.007,47.94,0.007,0,0,0.0006,0.0006,0.34,0.0,25.0,21.0,1781033310078412235
1781033310181537256,33,0,8,0,true,0.3241,0.0011,2654,8192,0.007,0.007,47.94,0.007,0,0,0.0006,0.0006,0.34,0.0,25.0,21.0,1781033310178343148
1781033310281681125,33,0,8,0,true,0.3242,0.0011,2655,8192,0.007,0.007,47.94,0.007,0,0,0.0006,0.0006,0.34,0.0,25.0,21.0,1781033310280109114
1781033310382164632,33,0,8,0,true,0.3243,0.0011,2656,8192,0.007,0.007,47.94,0.007,0,0,0.0006,0.0006,0.34,0.0,25.0,21.0,1781033310380546877
1781033310482187504,33,0,8,0,true,0.3244,0.0011,2657,8192,0.007,0.007,47.94,0.007,0,0,0.0006,0.0006,0.34,0.0,25.0,21.0,1781033310462671980
1781033310583834524,33,0,8,0,true,0.3245,0.0012,2658,8192,0.007,0.007,47.94,0.007,0,0,0.0006,0.0006,0.34,0.0,25.0,21.0,1781033310579853670
1781033310681449191,33,0,8,0,true,0.3247,0.0011,2659,8192,0.007,0.007,47.94,0.007,0,0,0.0006,0.0006,0.34,0.0,25.0,21.0,1781033310678647732
1781033310781521565,33,0,8,0,true,0.3248,0.0011,2660,8192,0.007,0.007,47.94,0.007,0,0,0.0006,0.0006,0.34,0.0,25.0,21.0,1781033310778727447
1781033310881968660,33,0,8,0,true,0.3249,0.0011,2661,8192,0.007,0.007,47.94,0.007,0,0,0.0006,0.0006,0.34,0.0,25.0,21.0,1781033310858957691
1781033310981418426,33,0,8,0,true,0.325,0.0012,2662,8192,0.007,0.007,47.94,0.007,0,0,0.0006,0.0006,0.34,0.0,25.0,21.0,1781033310979415829
1781033311082262759,33,0,8,0,true,0.3251,0.0011,2663,8192,0.007,0.007,47.94,0.007,0,0,0.0006,0.0006,0.34,0.0,25.0,21.0,1781033311080234154
1781033311182166036,33,0,8,0,true,0.3252,0.0011,2664,8192,0.007,0.007,47.94,0.007,0,0,0.0006,0.0006,0.34,0.0,25.0,21.0,1781033311180734960
1781033311281573263,33,0,8,0,true,0.3253,0.0012,2665,8192,0.007,0.007,47.94,0.007,0,0,0.0006,0.0006,0.34,0.0,25.0,21.0,1781033311281026044
1781033311381551917,33,0,8,0,true,0.3254,0.0011,2665,8192,0.007,0.007,47.94,0.007,0,0,0.0006,0.0006,0.34,0.0,25.0,21.0,1781033311366405027
1781033311481657004,33,0,8,0,true,0.3255,0.0011,2666,8192,0.007,0.007,47.94,0.007,0,0,0.0006,0.0006,0.34,0.0,25.0,21.0,1781033311463692998
1781033311582081183,33,0,8,0,true,0.3257,0.0012,2667,8192,0.007,0.007,47.94,0.007,0,0,0.0006,0.0006,0.34,0.0,25.0,21.0,1781033311563874426
1781033311682198846,33,0,8,0,true,0.3258,0.0011,2668,8192,0.007,0.007,47.94,0.007,0,0,0.0006,0.0006,0.34,0.0,25.0,21.0,1781033311668202151
1781033311781777295,33,0,8,0,true,0.3259,0.0011,2669,8192,0.007,0.007,47.94,0.007,0,0,0.0006,0.0006,0.34,0.0,25.0,21.0,1781033311766834683
1781033311882238566,33,0,8,0,true,0.326,0.0012,2670,8192,0.007,0.007,47.94,0.007,0,0,0.0006,0.0006,0.34,0.0,25.0,21.0,1781033311867574492
1781033311981948492,33,0,8,0,true,0.3261,0.0011,2671,8192,0.007,0.007,47.94,0.007,0,0,0.0006,0.0006,0.34,0.0,25.0,21.0,1781033311964755204
1781033312082264384,33,0,8,0,true,0.3262,0.0011,2672,8192,0.007,0.007,47.94,0.007,0,0,0.0006,0.0006,0.34,0.0,25.0,21.0,1781033312066199579
1781033312182421463,33,0,8,0,true,0.3264,0.0011,2673,8192,0.007,0.007,47.94,0.007,0,0,0.0006,0.0006,0.34,0.0,25.0,21.0,1781033312167966631
1781033312281939900,33,0,8,0,true,0.3265,0.0011,2674,8192,0.007,0.007,47.94,0.007,0,0,0.0006,0.0006,0.34,0.0,25.0,21.0,1781033312270658458
1781033312382002566,33,0,8,0,true,0.3266,0.0011,2675,8192,0.007,0.007,47.94,0.007,0,0,0.0006,0.0006,0.34,0.0,25.0,21.0,1781033312370923872
1781033312482264446,33,0,8,0,true,0.3267,0.0011,2676,8192,0.007,0.007,47.94,0.007,0,0,0.0006,0.0006,0.34,0.0,25.0,21.0,1781033312470293682
1781033312581389747,33,0,8,0,true,0.3268,0.0012,2677,8192,0.007,0.007,47.94,0.007,0,0,0.0006,0.0006,0.34,0.0,25.0,21.0,1781033312571510981
1781033312681837432,33,0,8,0,true,0.3269,0.0011,2678,8192,0.007,0.007,47.94,0.007,0,0,0.0006,0.0006,0.34,0.0,25.0,21.0,1781033312671910714
1781033312781625241,33,0,8,0,true,0.327,0.0011,2679,8192,0.007,0.007,47.94,0.007,0,0,0.0006,0.0006,0.34,0.0,25.0,21.0,1781033312771584634
1781033312881872561,33,0,8,0,true,0.3272,0.0011,2680,8192,0.007,0.007,47.94,0.007,0,0,0.0006,0.0006,0.34,0.0,25.0,21.0,1781033312873070724
1781033312981783475,33,0,8,0,true,0.3273,0.0012,2680,8192,0.007,0.007,47.94,0.007,0,0,0.0006,0.0006,0.34,0.0,25.0,21.0,1781033312968879158
1781033313081919681,33,0,8,0,true,0.3274,0.0012,2681,8192,0.007,0.007,47.94,0.007,0,0,0.0006,0.0006,0.34,0.0,25.0,21.0,1781033313073477869
1781033313182010192,33,0,8,0,true,0.3275,0.0011,2682,8192,0.007,0.007,47.94,0.007,0,0,0.0006,0.0006,0.34,0.0,25.0,21.0,1781033313171753643
1781033313281638074,33,0,8,0,true,0.3276,0.0011,2683,8192,0.007,0.007,47.94,0.007,0,0,0.0006,0.0006,0.34,0.0,25.0,21.0,1781033313275608343
1781033313381459649,33,0,8,0,true,0.3277,0.0012,2684,8192,0.007,0.007,47.94,0.007,0,0,0.0006,0.0006,0.34,0.0,25.0,21.0,1781033313375401972
1781033313482005796,33,0,8,0,true,0.3278,0.0012,2685,8192,0.007,0.007,47.94,0.007,0,0,0.0006,0.0006,0.34,0.0,25.0,21.0,1781033313475075586
1781033313581596348,33,0,8,0,true,0.328,0.0011,2686,8192,0.007,0.007,47.94,0.007,0,0,0.0006,0.0006,0.34,0.0,25.0,21.0,1781033313576292113
1781033313682411633,33,0,8,0,true,0.3281,0.0012,2687,8192,0.007,0.007,47.94,0.007,0,0,0.0006,0.0006,0.34,0.0,25.0,21.0,1781033313676441250
1781033313781907261,33,0,8,0,true,0.3282,0.0012,2688,8192,0.007,0.007,47.94,0.007,0,0,0.0006,0.0006,0.34,0.0,25.0,21.0,1781033313777088608
1781033313881662787,33,0,8,0,true,0.3283,0.0011,2689,8192,0.007,0.007,47.94,0.007,0,0,0.0006,0.0006,0.34,0.0,25.0,21.0,1781033313879113096
1781033313981767535,33,0,8,0,true,0.3284,0.0011,2690,8192,0.007,0.007,47.94,0.007,0,0,0.0006,0.0006,0.34,0.0,25.0,21.0,1781033313974735447
1781033314081466923,33,0,8,0,true,0.3285,0.0011,2691,8192,0.007,0.007,47.94,0.007,0,0,0.0006,0.0006,0.34,0.0,25.0,21.0,1781033314076046971
1781033314182353020,33,0,8,0,true,0.3286,0.0011,2692,8192,0.007,0.007,47.94,0.007,0,0,0.0006,0.0006,0.34,0.0,25.0,21.0,1781033314176415789
1781033314282108893,33,0,8,0,true,0.3288,0.0011,2693,8192,0.007,0.007,47.94,0.007,0,0,0.0006,0.0006,0.34,0.0,25.0,21.0,1781033314275653539
1781033314381456871,33,0,8,0,true,0.3289,0.0011,2694,8192,0.007,0.007,47.94,0.007,0,0,0.0006,0.0006,0.34,0.0,25.0,21.0,1781033314376477984
1781033314482417449,33,0,8,0,true,0.329,0.0011,2695,8192,0.007,0.007,47.94,0.007,0,0,0.0006,0.0006,0.34,0.0,25.0,21.0,1781033314476500035
1781033314581458076,33,0,8,0,true,0.3291,0.0011,2695,8192,0.007,0.007,47.94,0.007,0,0,0.0006,0.0006,0.34,0.0,25.0,21.0,1781033314560537906
1781033314681556333,33,0,8,0,true,0.3292,0.0011,2696,8192,0.007,0.007,47.94,0.007,0,0,0.0006,0.0006,0.34,0.0,25.0,21.0,1781033314680933533
1781033314782613411,33,0,8,0,true,0.3293,0.0011,2697,8192,0.007,0.007,47.94,0.007,0,0,0.0006,0.0006,0.34,0.0,25.0,21.0,1781033314781836756
1781033314881533481,33,0,8,0,true,0.3294,0.0011,2698,8192,0.007,0.007,47.94,0.007,0,0,0.0006,0.0006,0.34,0.0,25.0,21.0,1781033314880005842
1781033314982336539,33,0,8,0,true,0.3295,0.0011,2699,8192,0.007,0.007,47.94,0.007,0,0,0.0006,0.0006,0.34,0.0,25.0,21.0,1781033314964327034
1781033315081580437,33,0,8,0,true,0.3297,0.0011,2700,8192,0.007,0.007,47.94,0.007,0,0,0.0006,0.0006,0.34,0.0,25.0,21.0,1781033315059434795
1781033315181870029,33,0,8,0,true,0.3298,0.0011,2701,8192,0.007,0.007,47.94,0.007,0,0,0.0006,0.0006,0.34,0.0,25.0,21.0,1781033315180299161
1781033315281456221,33,0,8,0,true,0.3299,0.0012,2702,8192,0.007,0.007,47.94,0.007,0,0,0.0006,0.0006,0.34,0.0,25.0,21.0,1781033315281122045
1781033315382131015,33,0,8,0,true,0.33,0.0011,2703,8192,0.007,0.007,47.94,0.007,0,0,0.0006,0.0006,0.34,0.0,25.0,21.0,1781033315360931038
1781033315482318467,33,0,8,0,true,0.3301,0.0011,2704,8192,0.007,0.007,47.94,0.007,0,0,0.0006,0.0006,0.34,0.0,25.0,21.0,1781033315463564746
1781033315582422092,33,0,8,0,true,0.3302,0.0012,2705,8192,0.007,0.007,47.94,0.007,0,0,0.0006,0.0006,0.34,0.0,25.0,21.0,1781033315563064244
1781033315682288822,33,0,8,0,true,0.3303,0.0012,2706,8192,0.007,0.007,47.94,0.007,0,0,0.0006,0.0006,0.34,0.0,25.0,21.0,1781033315666270109
1781033315782924701,33,0,8,0,true,0.3305,0.0012,2707,8192,0.007,0.007,47.94,0.007,0,0,0.0006,0.0006,0.34,0.0,25.0,21.0,1781033315763457349
1781033315882357563,33,0,8,0,true,0.3306,0.0012,2708,8192,0.007,0.007,47.94,0.007,0,0,0.0006,0.0006,0.34,0.0,25.0,21.0,1781033315864132593
1781033315981600794,33,0,8,0,true,0.3307,0.0012,2709,8192,0.007,0.007,47.94,0.007,0,0,0.0006,0.0006,0.34,0.0,25.0,21.0,1781033315966122402
1781033316082047554,33,0,8,0,true,0.3308,0.0012,2709,8192,0.007,0.007,47.94,0.007,0,0,0.0006,0.0006,0.34,0.0,25.0,21.0,1781033316066124920
1781033316181741099,33,0,8,0,true,0.3309,0.0011,2710,8192,0.007,0.007,47.94,0.007,0,0,0.0006,0.0006,0.34,0.0,25.0,21.0,1781033316172431837
1781033316281530843,33,0,8,0,true,0.331,0.0012,2711,8192,0.007,0.007,47.94,0.007,0,0,0.0006,0.0006,0.34,0.0,25.0,21.0,1781033316269203017
1781033316381814564,33,0,8,0,true,0.3312,0.0011,2712,8192,0.007,0.007,47.94,0.007,0,0,0.0006,0.0006,0.34,0.0,25.0,21.0,1781033316372205173
1781033316482111781,33,0,8,0,true,0.3313,0.0011,2713,8192,0.007,0.007,47.94,0.007,0,0,0.0006,0.0006,0.34,0.0,25.0,21.0,1781033316467812360
1781033316581563023,33,0,8,0,true,0.3314,0.0011,2714,8192,0.007,0.007,47.94,0.007,0,0,0.0006,0.0006,0.34,0.0,25.0,21.0,1781033316568494566
1781033316681589376,33,0,8,0,true,0.3315,0.0011,2715,8192,0.007,0.007,47.94,0.007,0,0,0.0006,0.0006,0.34,0.0,25.0,21.0,1781033316671660529
1781033316781607443,33,0,8,0,true,0.3316,0.0012,2716,8192,0.007,0.007,47.94,0.007,0,0,0.0006,0.0006,0.34,0.0,25.0,21.0,1781033316772613395
1781033316882133415,33,0,8,0,true,0.3317,0.0012,2717,8192,0.007,0.007,47.94,0.007,0,0,0.0006,0.0006,0.34,0.0,25.0,21.0,1781033316874139937
1781033316982167938,33,0,8,0,true,0.3318,0.0011,2718,8192,0.007,0.007,47.94,0.007,0,0,0.0006,0.0006,0.34,0.0,25.0,21.0,1781033316973353207
1781033317082005073,33,0,8,0,true,0.332,0.0011,2719,8192,0.007,0.007,47.94,0.007,0,0,0.0006,0.0006,0.34,0.0,25.0,21.0,1781033317076278113
1781033317182137296,33,0,8,0,true,0.3321,0.0012,2720,8192,0.007,0.007,47.94,0.007,0,0,0.0006,0.0006,0.34,0.0,25.0,21.0,1781033317175325272
1781033317281963990,33,0,8,0,true,0.3322,0.0011,2721,8192,0.007,0.007,47.94,0.007,0,0,0.0006,0.0006,0.34,0.0,25.0,21.0,1781033317276057889
1781033317382074763,33,0,8,0,true,0.3323,0.0012,2722,8192,0.007,0.007,47.94,0.007,0,0,0.0006,0.0006,0.34,0.0,25.0,21.0,1781033317376599680
1781033317482219814,33,0,8,0,true,0.3324,0.0012,2723,8192,0.007,0.007,47.94,0.007,0,0,0.0006,0.0006,0.34,0.0,25.0,21.0,1781033317476345644
1781033317582404951,33,0,8,0,true,0.3325,0.0011,2724,8192,0.007,0.007,47.94,0.007,0,0,0.0006,0.0006,0.34,0.0,25.0,21.0,1781033317578056797
1781033317681491783,33,0,8,0,true,0.3327,0.0011,2725,8192,0.007,0.007,47.94,0.007,0,0,0.0006,0.0006,0.34,0.0,25.0,21.0,1781033317677646481
1781033317782105742,33,0,8,0,true,0.3328,0.0011,2726,8192,0.007,0.007,47.94,0.007,0,0,0.0006,0.0006,0.34,0.0,25.0,21.0,1781033317778295131
1781033317882249779,33,0,8,0,true,0.3329,0.0011,2726,8192,0.007,0.007,47.94,0.007,0,0,0.0006,0.0006,0.34,0.0,25.0,21.0,1781033317878457649
1781033317981628943,33,0,8,0,true,0.333,0.0011,2727,8192,0.007,0.007,47.94,0.007,0,0,0.0006,0.0006,0.34,0.0,25.0,21.0,1781033317979083585
1781033318081658660,33,0,8,0,true,0.3331,0.0012,2728,8192,0.007,0.007,47.94,0.007,0,0,0.0006,0.0006,0.34,0.0,25.0,21.0,1781033318059714403
1781033318181497667,33,0,8,0,true,0.3332,0.0012,2729,8192,0.007,0.007,47.94,0.007,0,0,0.0006,0.0006,0.34,0.0,25.0,21.0,1781033318180607856
1781033318281592491,33,0,8,0,true,0.3333,0.0011,2730,8192,0.007,0.007,47.94,0.007,0,0,0.0006,0.0006,0.34,0.0,25.0,21.0,1781033318261164060
1781033318382271667,33,0,8,0,true,0.3334,0.0011,2731,8192,0.007,0.007,47.94,0.007,0,0,0.0006,0.0006,0.34,0.0,25.0,21.0,1781033318361669272
1781033318481726475,33,0,8,0,true,0.3335,0.0011,2732,8192,0.007,0.007,47.94,0.007,0,0,0.0006,0.0006,0.34,0.0,25.0,21.0,1781033318462245903
1781033318581474165,33,0,8,0,true,0.3337,0.0011,2733,8192,0.007,0.007,47.94,0.007,0,0,0.0006,0.0006,0.34,0.0,25.0,21.0,1781033318562896180
1781033318682045636,33,0,8,0,true,0.3338,0.0012,2734,8192,0.007,0.007,47.94,0.007,0,0,0.0006,0.0006,0.34,0.0,25.0,21.0,1781033318664428005
1781033318782894848,33,0,8,0,true,0.3339,0.0012,2735,8192,0.007,0.007,47.94,0.007,0,0,0.0006,0.0006,0.34,0.0,25.0,21.0,1781033318763745182
1781033318881939112,33,0,8,0,true,0.334,0.0011,2736,8192,0.007,0.007,47.94,0.007,0,0,0.0006,0.0006,0.34,0.0,25.0,21.0,1781033318863827388
1781033318981964063,33,0,8,0,true,0.3341,0.0011,2737,8192,0.007,0.007,47.94,0.007,0,0,0.0006,0.0006,0.34,0.0,25.0,21.0,1781033318981585863
1781033319081837155,33,0,8,0,true,0.3342,0.0012,2738,8192,0.007,0.007,47.94,0.007,0,0,0.0006,0.0006,0.34,0.0,25.0,21.0,1781033319063058050
1781033319182743652,33,0,8,0,true,0.3344,0.0011,2739,8192,0.007,0.007,47.94,0.007,0,0,0.0006,0.0006,0.34,0.0,25.0,21.0,1781033319181823254
1781033319281778824,33,0,8,0,true,0.3345,0.0011,2739,8192,0.007,0.007,47.94,0.007,0,0,0.0006,0.0006,0.34,0.0,25.0,21.0,1781033319262512841
1781033319384862999,33,0,8,0,true,0.3346,0.0012,2740,8192,0.007,0.007,47.94,0.007,0,0,0.0006,0.0006,0.34,0.0,25.0,21.0,1781033319363097315
1781033319481722527,33,0,8,0,true,0.3347,0.0011,2741,8192,0.007,0.007,47.94,0.007,0,0,0.0006,0.0006,0.34,0.0,25.0,21.0,1781033319464588505
1781033319581671321,33,0,8,0,true,0.3348,0.0012,2742,8192,0.007,0.007,47.94,0.007,0,0,0.0006,0.0006,0.34,0.0,25.0,21.0,1781033319568174127
1781033319682204526,33,0,8,0,true,0.3349,0.0011,2743,8192,0.007,0.007,47.94,0.007,0,0,0.0006,0.0006,0.34,0.0,25.0,21.0,1781033319667020100
1781033319782276238,33,0,8,0,true,0.335,0.0012,2744,8192,0.007,0.007,47.94,0.007,0,0,0.0006,0.0006,0.34,0.0,25.0,21.0,1781033319764765536
1781033319882086390,33,0,8,0,true,0.3352,0.0011,2745,8192,0.007,0.007,47.94,0.007,0,0,0.0006,0.0006,0.34,0.0,25.0,21.0,1781033319867614430
1781033319984856374,33,0,8,0,true,0.3353,0.0011,2746,8192,0.007,0.007,47.94,0.007,0,0,0.0006,0.0006,0.34,0.0,25.0,21.0,1781033319967077872
1781033320083285421,33,0,8,0,true,0.3354,0.0011,2747,8192,0.007,0.007,47.94,0.007,0,0,0.0006,0.0006,0.34,0.0,25.0,21.0,1781033320067637308
1781033320184868883,33,0,8,0,true,0.3355,0.0011,2748,8192,0.007,0.007,47.94,0.007,0,0,0.0006,0.0006,0.34,0.0,25.0,21.0,1781033320189800011
1781033320281649073,33,0,8,0,true,0.3356,0.0012,2749,8192,0.007,0.007,47.94,0.007,0,0,0.0006,0.0006,0.34,0.0,25.0,21.0,1781033320267830236
1781033320382237015,33,0,8,0,true,0.3357,0.0011,2750,8192,0.007,0.007,47.94,0.007,0,0,0.0006,0.0006,0.34,0.0,25.0,21.0,1781033320370562479
1781033320482261053,33,0,8,0,true,0.3358,0.0011,2751,8192,0.007,0.007,47.94,0.007,0,0,0.0006,0.0006,0.34,0.0,25.0,21.0,1781033320469321208
1781033320582399137,33,0,8,0,true,0.336,0.0012,2752,8192,0.007,0.007,47.94,0.007,0,0,0.0006,0.0006,0.34,0.0,25.0,21.0,1781033320569288377
1781033320682233444,33,0,8,0,true,0.3361,0.0011,2753,8192,0.007,0.007,47.94,0.007,0,0,0.0006,0.0006,0.34,0.0,25.0,21.0,1781033320671237712
1781033320782036205,33,0,8,0,true,0.3362,0.0011,2754,8192,0.007,0.007,47.94,0.007,0,0,0.0006,0.0006,0.34,0.0,25.0,21.0,1781033320771724648
1781033320882392481,33,0,8,0,true,0.3363,0.0011,2754,8192,0.007,0.007,47.94,0.007,0,0,0.0006,0.0006,0.34,0.0,25.0,21.0,1781033320873117456
1781033320981935947,33,0,8,0,true,0.3364,0.0012,2755,8192,0.007,0.007,47.94,0.007,0,0,0.0006,0.0006,0.34,0.0,25.0,21.0,1781033320971838647
1781033321081730171,33,0,8,0,true,0.3365,0.0011,2756,8192,0.007,0.007,47.94,0.007,0,0,0.0006,0.0006,0.34,0.0,25.0,21.0,1781033321071554801
1781033321182433902,33,0,8,0,true,0.3366,0.0012,2757,8192,0.007,0.007,47.94,0.007,0,0,0.0006,0.0006,0.34,0.0,25.0,21.0,1781033321172372449
1781033321281831189,33,0,8,0,true,0.3368,0.0011,2758,8192,0.007,0.007,47.94,0.007,0,0,0.0006,0.0006,0.34,0.0,25.0,21.0,1781033321272703409
1781033321382186384,33,0,8,0,true,0.3369,0.0012,2759,8192,0.007,0.007,47.94,0.007,0,0,0.0006,0.0006,0.34,0.0,25.0,21.0,1781033321374854394
1781033321481496152,33,0,8,0,true,0.337,0.0011,2760,8192,0.007,0.007,47.94,0.007,0,0,0.0006,0.0006,0.34,0.0,25.0,21.0,1781033321474242189
1781033321582421807,33,0,8,0,true,0.3371,0.0011,2761,8192,0.007,0.007,47.94,0.007,0,0,0.0006,0.0006,0.34,0.0,25.0,21.0,1781033321574270647
1781033321681769977,33,0,8,0,true,0.3372,0.0011,2762,8192,0.007,0.007,47.94,0.007,0,0,0.0006,0.0006,0.34,0.0,25.0,21.0,1781033321675615398
1781033321781924701,33,0,8,0,true,0.3373,0.0011,2763,8192,0.007,0.007,47.94,0.007,0,0,0.0006,0.0006,0.34,0.0,25.0,21.0,1781033321775204779
1781033321881624150,33,0,8,0,true,0.3374,0.0011,2764,8192,0.007,0.007,47.94,0.007,0,0,0.0006,0.0006,0.34,0.0,25.0,21.0,1781033321875878631
1781033321981549752,33,0,8,0,true,0.3375,0.0011,2765,8192,0.007,0.007,47.94,0.007,0,0,0.0006,0.0006,0.34,0.0,25.0,21.0,1781033321960612805
1781033322082023240,33,0,8,0,true,0.3377,0.0011,2766,8192,0.007,0.007,47.94,0.007,0,0,0.0006,0.0006,0.34,0.0,25.0,21.0,1781033322082211908
1781033322181777727,33,0,8,0,true,0.3378,0.0011,2767,8192,0.007,0.007,47.93,0.007,0,0,0.0006,0.0006,0.34,0.0,25.0,21.0,1781033322181961447
1781033322282426068,33,0,8,0,true,0.3379,0.0011,2767,8192,0.007,0.007,47.93,0.007,0,0,0.0006,0.0006,0.34,0.0,25.0,21.0,1781033322262040943
1781033322382019865,33,0,8,0,true,0.338,0.0011,2768,8192,0.007,0.007,47.93,0.007,0,0,0.0006,0.0006,0.34,0.0,25.0,21.0,1781033322362816915
1781033322481582815,33,0,8,0,true,0.3381,0.0011,2769,8192,0.007,0.007,47.93,0.007,0,0,0.0006,0.0006,0.34,0.0,25.0,21.0,1781033322467604467
1781033322581774474,33,0,8,0,true,0.3382,0.0012,2770,8192,0.007,0.007,47.93,0.007,0,0,0.0006,0.0006,0.34,0.0,25.0,21.0,1781033322563632906
1781033322682374108,33,0,8,0,true,0.3383,0.0011,2771,8192,0.007,0.007,47.93,0.007,0,0,0.0006,0.0006,0.34,0.0,25.0,21.0,1781033322665450605
1781033322781848836,33,0,8,0,true,0.3385,0.0011,2772,8192,0.007,0.007,47.93,0.007,0,0,0.0006,0.0006,0.34,0.0,25.0,21.0,1781033322764957216
1781033322881727104,33,0,8,0,true,0.3386,0.0012,2773,8192,0.007,0.007,47.93,0.007,0,0,0.0006,0.0006,0.34,0.0,25.0,21.0,1781033322865556463
1781033322982191825,33,0,8,0,true,0.3387,0.0012,2774,8192,0.007,0.007,47.93,0.007,0,0,0.0006,0.0006,0.34,0.0,25.0,21.0,1781033322970149630
1781033323082320122,33,0,8,0,true,0.3388,0.0011,2775,8192,0.007,0.007,47.93,0.007,0,0,0.0006,0.0006,0.34,0.0,25.0,21.0,1781033323067393729
1781033323181476284,33,0,8,0,true,0.3389,0.0011,2776,8192,0.007,0.007,47.93,0.007,0,0,0.0006,0.0006,0.34,0.0,25.0,21.0,1781033323167164116
1781033323281781074,33,0,8,0,true,0.339,0.0011,2777,8192,0.007,0.007,47.93,0.007,0,0,0.0006,0.0006,0.34,0.0,25.0,21.0,1781033323267831564
1781033323381609395,33,0,8,0,true,0.3391,0.0011,2778,8192,0.007,0.007,47.93,0.007,0,0,0.0006,0.0006,0.34,0.0,25.0,21.0,1781033323368517116
1781033323481774395,33,0,8,0,true,0.3393,0.0012,2779,8192,0.007,0.007,47.93,0.007,0,0,0.0006,0.0006,0.34,0.0,25.0,21.0,1781033323468978465
1781033323582152331,33,0,8,0,true,0.3394,0.0011,2780,8192,0.007,0.007,47.93,0.007,0,0,0.0006,0.0006,0.34,0.0,25.0,21.0,1781033323569290866
1781033323681887901,33,0,8,0,true,0.3395,0.0011,2781,8192,0.007,0.007,47.93,0.007,0,0,0.0006,0.0006,0.34,0.0,25.0,21.0,1781033323671886120
1781033323782024189,33,0,8,0,true,0.3396,0.0012,2782,8192,0.007,0.007,47.93,0.007,0,0,0.0006,0.0006,0.34,0.0,25.0,21.0,1781033323772100468
1781033323882136296,33,0,8,0,true,0.3397,0.0012,2782,8192,0.007,0.007,47.93,0.007,0,0,0.0006,0.0006,0.34,0.0,25.0,21.0,1781033323872224378
1781033323982447096,33,0,8,0,true,0.3398,0.0012,2783,8192,0.007,0.007,47.93,0.007,0,0,0.0006,0.0006,0.34,0.0,25.0,21.0,1781033323971508550
1781033324081579009,33,0,8,0,true,0.3399,0.0011,2784,8192,0.007,0.007,47.93,0.007,0,0,0.0006,0.0006,0.34,0.0,25.0,21.0,1781033324071905813
1781033324181731963,33,0,8,0,true,0.3401,0.0012,2785,8192,0.007,0.007,47.93,0.007,0,0,0.0006,0.0006,0.34,0.0,25.0,21.0,1781033324173717431
1781033324283150661,33,0,8,0,true,0.3402,0.0011,2786,8192,0.007,0.007,47.93,0.007,0,0,0.0006,0.0006,0.34,0.0,25.0,21.0,1781033324273894073
1781033324381883339,33,0,8,0,true,0.3403,0.0011,2787,8192,0.007,0.007,47.93,0.007,0,0,0.0006,0.0006,0.34,0.0,25.0,21.0,1781033324375882797
1781033324482224386,33,0,8,0,true,0.3404,0.0011,2788,8192,0.007,0.007,47.93,0.007,0,0,0.0006,0.0006,0.34,0.0,25.0,21.0,1781033324474168608
1781033324581503305,33,0,8,0,true,0.3405,0.0011,2789,8192,0.007,0.007,47.93,0.007,0,0,0.0006,0.0006,0.34,0.0,25.0,21.0,1781033324575621669
1781033324681578480,33,0,8,0,true,0.3406,0.0011,2790,8192,0.007,0.007,47.93,0.007,0,0,0.0006,0.0006,0.34,0.0,25.0,21.0,1781033324675721727
1781033324783911830,33,0,8,0,true,0.3408,0.0012,2791,8192,0.007,0.007,47.93,0.007,0,0,0.0006,0.0006,0.34,0.0,25.0,21.0,1781033324775927074
1781033324882009139,33,0,8,0,true,0.3409,0.0012,2792,8192,0.007,0.007,47.93,0.007,0,0,0.0006,0.0006,0.34,0.0,25.0,21.0,1781033324877147580
1781033324981764574,33,0,8,0,true,0.341,0.0011,2793,8192,0.007,0.007,47.93,0.007,0,0,0.0006,0.0006,0.34,0.0,25.0,21.0,1781033324976704240
1781033325082272383,33,0,8,0,true,0.3411,0.0011,2794,8192,0.007,0.007,47.93,0.007,0,0,0.0006,0.0006,0.34,0.0,25.0,21.0,1781033325062867145
1781033325181665619,33,0,8,0,true,0.3412,0.0011,2795,8192,0.007,0.007,47.93,0.007,0,0,0.0006,0.0006,0.34,0.0,25.0,21.0,1781033325163631335
1781033325282448027,33,0,8,0,true,0.3413,0.0011,2796,8192,0.007,0.007,47.93,0.007,0,0,0.0006,0.0006,0.34,0.0,25.0,21.0,1781033325263558957
1781033325381513357,33,0,8,0,true,0.3414,0.0011,2797,8192,0.007,0.007,47.93,0.007,0,0,0.0006,0.0006,0.34,0.0,25.0,21.0,1781033325381561764
1781033325482115728,33,0,8,0,true,0.3415,0.0011,2797,8192,0.007,0.007,47.93,0.007,0,0,0.0006,0.0006,0.34,0.0,25.0,21.0,1781033325465187836
1781033325582117028,33,0,8,0,true,0.3417,0.0011,2798,8192,0.007,0.007,47.93,0.007,0,0,0.0006,0.0006,0.34,0.0,25.0,21.0,1781033325564989118
1781033325681576654,33,0,8,0,true,0.3418,0.0011,2799,8192,0.007,0.007,47.93,0.007,0,0,0.0006,0.0006,0.34,0.0,25.0,21.0,1781033325664663890
1781033325781575516,33,0,8,0,true,0.3419,0.0011,2800,8192,0.007,0.007,47.93,0.007,0,0,0.0006,0.0006,0.34,0.0,25.0,21.0,1781033325762289537
1781033325882374559,33,0,8,0,true,0.342,0.0011,2801,8192,0.007,0.007,47.93,0.007,0,0,0.0006,0.0006,0.34,0.0,25.0,21.0,1781033325863093901
1781033325981626733,33,0,8,0,true,0.3421,0.0012,2802,8192,0.007,0.007,47.93,0.007,0,0,0.0006,0.0006,0.34,0.0,25.0,21.0,1781033325966081965
1781033326082202408,33,0,8,0,true,0.3422,0.0011,2803,8192,0.007,0.007,47.93,0.007,0,0,0.0006,0.0006,0.34,0.0,25.0,21.0,1781033326065088302
1781033326182116902,33,0,8,0,true,0.3423,0.0012,2804,8192,0.007,0.007,47.93,0.007,0,0,0.0006,0.0006,0.34,0.0,25.0,21.0,1781033326166952745
1781033326282923572,33,0,8,0,true,0.3425,0.0011,2805,8192,0.007,0.007,47.93,0.007,0,0,0.0006,0.0006,0.34,0.0,25.0,21.0,1781033326265819193
1781033326381628942,33,0,8,0,true,0.3426,0.0012,2806,8192,0.007,0.007,47.93,0.007,0,0,0.0006,0.0006,0.34,0.0,25.0,21.0,1781033326367466011
1781033326482222347,33,0,8,0,true,0.3427,0.0011,2807,8192,0.007,0.007,47.93,0.007,0,0,0.0006,0.0006,0.34,0.0,25.0,21.0,1781033326467157168
1781033326581946918,33,0,8,0,true,0.3428,0.0011,2808,8192,0.007,0.007,47.93,0.007,0,0,0.0006,0.0006,0.34,0.0,25.0,21.0,1781033326571989217
1781033326681551507,33,0,8,0,true,0.3429,0.0011,2809,8192,0.007,0.007,47.93,0.007,0,0,0.0006,0.0006,0.34,0.0,25.0,21.0,1781033326668478978
1781033326782495916,33,0,8,0,true,0.343,0.0011,2810,8192,0.007,0.007,47.93,0.007,0,0,0.0006,0.0006,0.34,0.0,25.0,21.0,1781033326768346605
1781033326882227230,33,0,8,0,true,0.3431,0.0011,2811,8192,0.007,0.007,47.93,0.007,0,0,0.0006,0.0006,0.34,0.0,25.0,21.0,1781033326870918894
1781033326981540754,33,0,8,0,true,0.3433,0.0011,2811,8192,0.007,0.007,47.93,0.007,0,0,0.0006,0.0006,0.34,0.0,25.0,21.0,1781033326969392728
1781033327082020052,33,0,8,0,true,0.3434,0.0012,2812,8192,0.007,0.007,47.93,0.007,0,0,0.0006,0.0006,0.34,0.0,25.0,21.0,1781033327070002776
1781033327182125597,33,0,8,0,true,0.3435,0.0011,2813,8192,0.007,0.007,47.93,0.007,0,0,0.0006,0.0006,0.34,0.0,25.0,21.0,1781033327170886253
1781033327281649507,33,0,8,0,true,0.3436,0.0012,2814,8192,0.007,0.007,47.93,0.007,0,0,0.0006,0.0006,0.34,0.0,25.0,21.0,1781033327270813889
1781033327382292466,33,0,8,0,true,0.3437,0.0011,2815,8192,0.007,0.007,47.93,0.007,0,0,0.0006,0.0006,0.34,0.0,25.0,21.0,1781033327373226130
1781033327481986178,33,0,8,0,true,0.3438,0.0011,2816,8192,0.007,0.007,47.93,0.007,0,0,0.0006,0.0006,0.34,0.0,25.0,21.0,1781033327472184069
1781033327581753221,33,0,8,0,true,0.3439,0.0011,2817,8192,0.007,0.007,47.93,0.007,0,0,0.0006,0.0006,0.34,0.0,25.0,21.0,1781033327572746360
1781033327681787427,33,0,8,0,true,0.3441,0.0011,2818,8192,0.007,0.007,47.93,0.007,0,0,0.0006,0.0006,0.34,0.0,25.0,21.0,1781033327674054717
1781033327781911554,33,0,8,0,true,0.3442,0.0011,2819,8192,0.007,0.007,47.93,0.007,0,0,0.0006,0.0006,0.34,0.0,25.0,21.0,1781033327773940853
1781033327881466011,33,0,8,0,true,0.3443,0.0012,2820,8192,0.007,0.007,47.93,0.007,0,0,0.0006,0.0006,0.34,0.0,25.0,21.0,1781033327874195795
1781033327982260183,33,0,8,0,true,0.3444,0.0011,2821,8192,0.007,0.007,47.93,0.007,0,0,0.0006,0.0006,0.34,0.0,25.0,21.0,1781033327974355341
1781033328081981666,33,0,8,0,true,0.3445,0.0011,2822,8192,0.007,0.007,47.93,0.007,0,0,0.0006,0.0006,0.34,0.0,25.0,21.0,1781033328077698798
1781033328182326711,33,0,8,0,true,0.3446,0.0011,2823,8192,0.007,0.007,47.93,0.007,0,0,0.0006,0.0006,0.34,0.0,25.0,21.0,1781033328175215589
1781033328282399314,33,0,8,0,true,0.3447,0.0012,2824,8192,0.007,0.007,47.93,0.007,0,0,0.0006,0.0006,0.34,0.0,25.0,21.0,1781033328276496982
1781033328381600624,33,0,8,0,true,0.3449,0.0012,2825,8192,0.007,0.007,47.93,0.007,0,0,0.0006,0.0006,0.34,0.0,25.0,21.0,1781033328378574065
1781033328481838931,33,0,8,0,true,0.345,0.0012,2826,8192,0.007,0.007,47.93,0.007,0,0,0.0006,0.0006,0.34,0.0,25.0,21.0,1781033328476574602
1781033328582324672,33,0,8,0,true,0.3451,0.0012,2827,8192,0.007,0.007,47.93,0.007,0,0,0.0006,0.0006,0.34,0.0,25.0,21.0,1781033328580170405
1781033328682297719,33,0,8,0,true,0.3452,0.0011,2827,8192,0.007,0.007,47.93,0.007,0,0,0.0006,0.0006,0.34,0.0,25.0,21.0,1781033328678370827
1781033328782437063,33,0,8,0,true,0.3453,0.0011,2828,8192,0.007,0.007,47.93,0.007,0,0,0.0006,0.0006,0.34,0.0,25.0,21.0,1781033328778219668
1781033328882333191,33,0,8,0,true,0.3454,0.0011,2829,8192,0.007,0.007,47.93,0.007,0,0,0.0006,0.0006,0.34,0.0,25.0,21.0,1781033328881520371
1781033328981412284,33,0,8,0,true,0.3455,0.0011,2830,8192,0.007,0.007,47.93,0.007,0,0,0.0006,0.0006,0.34,0.0,25.0,21.0,1781033328979541918
1781033329082410101,33,0,8,0,true,0.3456,0.0012,2831,8192,0.007,0.007,47.93,0.007,0,0,0.0006,0.0006,0.34,0.0,25.0,21.0,1781033329059873354
1781033329182459218,33,0,8,0,true,0.3458,0.0012,2832,8192,0.007,0.007,47.93,0.007,0,0,0.0006,0.0006,0.34,0.0,25.0,21.0,1781033329165784410
1781033329282566156,33,0,8,0,true,0.3459,0.0011,2833,8192,0.007,0.007,47.93,0.007,0,0,0.0006,0.0006,0.34,0.0,25.0,21.0,1781033329265496229
1781033329382227698,33,0,8,0,true,0.346,0.0011,2834,8192,0.007,0.007,47.93,0.007,0,0,0.0006,0.0006,0.34,0.0,25.0,21.0,1781033329365984977
1781033329482465512,33,0,8,0,true,0.3461,0.0012,2835,8192,0.007,0.007,47.93,0.007,0,0,0.0006,0.0006,0.34,0.0,25.0,21.0,1781033329466476048
1781033329581752366,33,0,8,0,true,0.3462,0.0011,2836,8192,0.007,0.007,47.93,0.007,0,0,0.0006,0.0006,0.34,0.0,25.0,21.0,1781033329566735139
1781033329682284464,33,0,8,0,true,0.3463,0.0011,2837,8192,0.007,0.007,47.93,0.007,0,0,0.0006,0.0006,0.34,0.0,25.0,21.0,1781033329667779667
1781033329782518227,33,0,8,0,true,0.3464,0.0011,2838,8192,0.007,0.007,47.93,0.007,0,0,0.0006,0.0006,0.34,0.0,25.0,21.0,1781033329767463831
1781033329884625262,33,0,8,0,true,0.3466,0.0011,2839,8192,0.007,0.007,47.93,0.007,0,0,0.0006,0.0006,0.34,0.0,25.0,21.0,1781033329868454130
1781033329982448284,33,0,8,0,true,0.3467,0.0011,2839,8192,0.007,0.007,47.93,0.007,0,0,0.0006,0.0006,0.34,0.0,25.0,21.0,1781033329967934937
1781033330082073375,33,0,8,0,true,0.3468,0.0011,2840,8192,0.007,0.007,47.93,0.007,0,0,0.0006,0.0006,0.34,0.0,25.0,21.0,1781033330066198478
1781033330184895184,33,0,8,0,true,0.3469,0.0012,2841,8192,0.007,0.007,47.93,0.007,0,0,0.0006,0.0006,0.34,0.0,25.0,21.0,1781033330167947759
1781033330282640579,33,0,8,0,true,0.347,0.0011,2842,8192,0.007,0.007,47.93,0.007,0,0,0.0006,0.0006,0.34,0.0,25.0,21.0,1781033330268385669
1781033330384892249,33,0,8,0,true,0.3471,0.0012,2843,8192,0.007,0.007,47.93,0.007,0,0,0.0006,0.0006,0.34,0.0,25.0,21.0,1781033330369146183
1781033330482075262,33,0,8,0,true,0.3473,0.0012,2844,8192,0.007,0.007,47.93,0.007,0,0,0.0006,0.0006,0.34,0.0,25.0,21.0,1781033330467872732
1781033330583883537,33,0,8,0,true,0.3474,0.0011,2845,8192,0.007,0.007,47.93,0.007,0,0,0.0006,0.0006,0.34,0.0,25.0,21.0,1781033330568265307
1781033330681814122,33,0,8,0,true,0.3475,0.0011,2846,8192,0.007,0.007,47.93,0.007,0,0,0.0006,0.0006,0.34,0.0,25.0,21.0,1781033330669466128
1781033330782299790,33,0,8,0,true,0.3476,0.0012,2847,8192,0.007,0.007,47.93,0.007,0,0,0.0006,0.0006,0.34,0.0,25.0,21.0,1781033330769666422
1781033330882165502,33,0,8,0,true,0.3477,0.0011,2848,8192,0.007,0.007,47.93,0.007,0,0,0.0006,0.0006,0.34,0.0,25.0,21.0,1781033330873978875
1781033330981632981,33,0,8,0,true,0.3478,0.0011,2849,8192,0.007,0.007,47.93,0.007,0,0,0.0006,0.0006,0.34,0.0,25.0,21.0,1781033330971410109
1781033331082038799,33,0,8,0,true,0.3479,0.0011,2850,8192,0.007,0.007,47.93,0.007,0,0,0.0006,0.0006,0.34,0.0,25.0,21.0,1781033331071907027
1781033331181467742,33,0,8,0,true,0.3481,0.0011,2851,8192,0.007,0.007,47.93,0.007,0,0,0.0006,0.0006,0.34,0.0,25.0,21.0,1781033331172107619
1781033331281798130,33,0,8,0,true,0.3482,0.0011,2852,8192,0.007,0.007,47.93,0.007,0,0,0.0006,0.0006,0.34,0.0,25.0,21.0,1781033331272470910
1781033331381876614,33,0,8,0,true,0.3483,0.0011,2853,8192,0.007,0.007,47.93,0.007,0,0,0.0006,0.0006,0.34,0.0,25.0,21.0,1781033331373571693
1781033331482045231,33,0,8,0,true,0.3484,0.0011,2854,8192,0.007,0.007,47.93,0.007,0,0,0.0006,0.0006,0.34,0.0,25.0,21.0,1781033331473738048
1781033331581743809,33,0,8,0,true,0.3485,0.0011,2855,8192,0.007,0.007,47.93,0.007,0,0,0.0006,0.0006,0.34,0.0,25.0,21.0,1781033331576273173
1781033331681969129,33,0,8,0,true,0.3486,0.0011,2855,8192,0.007,0.007,47.93,0.007,0,0,0.0006,0.0006,0.34,0.0,25.0,21.0,1781033331674441057
1781033331782225174,33,0,8,0,true,0.3487,0.0011,2856,8192,0.007,0.007,47.93,0.007,0,0,0.0006,0.0006,0.34,0.0,25.0,21.0,1781033331777019116
1781033331881498962,33,0,8,0,true,0.3489,0.0011,2857,8192,0.007,0.007,47.93,0.007,0,0,0.0006,0.0006,0.34,0.0,25.0,21.0,1781033331878536498
1781033331982081315,33,0,8,0,true,0.349,0.0011,2858,8192,0.007,0.007,47.93,0.007,0,0,0.0006,0.0006,0.34,0.0,25.0,21.0,1781033331975931672
1781033332081903709,33,0,8,0,true,0.3491,0.0012,2859,8192,0.007,0.007,47.93,0.007,0,0,0.0006,0.0006,0.34,0.0,25.0,21.0,1781033332078443245
1781033332181539753,33,0,8,0,true,0.3492,0.0011,2860,8192,0.007,0.007,47.93,0.007,0,0,0.0006,0.0006,0.34,0.0,25.0,21.0,1781033332176231153
1781033332281520183,33,0,8,0,true,0.3493,0.0012,2861,8192,0.007,0.007,47.93,0.007,0,0,0.0006,0.0006,0.34,0.0,25.0,21.0,1781033332277314600
1781033332381785627,33,0,8,0,true,0.3494,0.0011,2862,8192,0.007,0.007,47.93,0.007,0,0,0.0006,0.0006,0.34,0.0,25.0,21.0,1781033332378671414
1781033332481918855,33,0,8,0,true,0.3495,0.0012,2863,8192,0.007,0.007,47.93,0.007,0,0,0.0006,0.0006,0.34,0.0,25.0,21.0,1781033332478257512
1781033332581811411,33,0,8,0,true,0.3496,0.0011,2864,8192,0.007,0.007,47.93,0.007,0,0,0.0006,0.0006,0.34,0.0,25.0,21.0,1781033332558815346
1781033332682112893,33,0,8,0,true,0.3498,0.0011,2865,8192,0.007,0.007,47.93,0.007,0,0,0.0006,0.0006,0.34,0.0,25.0,21.0,1781033332680209341
1781033332781452166,33,0,8,0,true,0.3499,0.0012,2866,8192,0.007,0.007,47.93,0.007,0,0,0.0006,0.0006,0.34,0.0,25.0,21.0,1781033332759793804
1781033332881927094,33,0,8,0,true,0.35,0.0012,2867,8192,0.007,0.007,47.93,0.007,0,0,0.0006,0.0006,0.34,0.0,25.0,21.0,1781033332862355726
1781033332982675537,33,0,8,0,true,0.3501,0.0011,2868,8192,0.007,0.007,47.93,0.007,0,0,0.0006,0.0006,0.34,0.0,25.0,21.0,1781033332963665843
1781033333081742987,33,0,8,0,true,0.3502,0.0011,2868,8192,0.007,0.007,47.93,0.007,0,0,0.0006,0.0006,0.34,0.0,25.0,21.0,1781033333062365926
1781033333181564922,33,0,8,0,true,0.3503,0.0011,2869,8192,0.007,0.007,47.93,0.007,0,0,0.0006,0.0006,0.34,0.0,25.0,21.0,1781033333165378219
1781033333281960898,33,0,8,0,true,0.3504,0.0011,2870,8192,0.007,0.007,47.93,0.007,0,0,0.0006,0.0006,0.34,0.0,25.0,21.0,1781033333262856588
1781033333382765825,33,0,8,0,true,0.3506,0.0011,2871,8192,0.007,0.007,47.93,0.007,0,0,0.0006,0.0006,0.34,0.0,25.0,21.0,1781033333363508505
1781033333484334884,33,0,8,0,true,0.3507,0.0011,2872,8192,0.007,0.007,47.93,0.007,0,0,0.0006,0.0006,0.34,0.0,25.0,21.0,1781033333464598110
1781033333582203120,33,0,8,0,true,0.3508,0.0011,2873,8192,0.007,0.007,47.93,0.007,0,0,0.0006,0.0006,0.34,0.0,25.0,21.0,1781033333565890979
1781033333683628387,33,0,8,0,true,0.3509,0.0012,2874,8192,0.007,0.007,47.93,0.007,0,0,0.0006,0.0006,0.34,0.0,25.0,21.0,1781033333667879087
1781033333782145850,33,0,8,0,true,0.351,0.0012,2875,8192,0.007,0.007,47.93,0.007,0,0,0.0006,0.0006,0.34,0.0,25.0,21.0,1781033333765978362
1781033333882073671,33,0,8,0,true,0.3511,0.0011,2876,8192,0.007,0.007,47.93,0.007,0,0,0.0006,0.0006,0.34,0.0,25.0,21.0,1781033333868070742
1781033333981969132,33,0,8,0,true,0.3512,0.0011,2877,8192,0.007,0.007,47.93,0.007,0,0,0.0006,0.0006,0.34,0.0,25.0,21.0,1781033333966828841
1781033334083289185,33,0,8,0,true,0.3514,0.0011,2878,8192,0.007,0.007,47.93,0.007,0,0,0.0006,0.0006,0.34,0.0,25.0,21.0,1781033334068148992
1781033334184843461,33,0,8,0,true,0.3515,0.0011,2879,8192,0.007,0.007,47.93,0.007,0,0,0.0006,0.0006,0.34,0.0,25.0,21.0,1781033334168857099
1781033334283379455,33,0,8,0,true,0.3516,0.0011,2880,8192,0.007,0.007,47.93,0.007,0,0,0.0006,0.0006,0.34,0.0,25.0,21.0,1781033334267746814
1781033334384851367,33,0,8,0,true,0.3517,0.0011,2881,8192,0.007,0.007,47.93,0.007,0,0,0.0006,0.0006,0.34,0.0,25.0,21.0,1781033334369382429
1781033334484845376,33,0,8,0,true,0.3518,0.0011,2882,8192,0.007,0.007,47.93,0.007,0,0,0.0006,0.0006,0.34,0.0,25.0,21.0,1781033334469015559
1781033334581879560,33,0,8,0,true,0.3519,0.0011,2883,8192,0.007,0.007,47.93,0.007,0,0,0.0006,0.0006,0.34,0.0,25.0,21.0,1781033334569607523
1781033334682435988,33,0,8,0,true,0.3521,0.0012,2884,8192,0.007,0.007,47.93,0.007,0,0,0.0006,0.0006,0.34,0.0,25.0,21.0,1781033334672230975
1781033334781891891,33,0,8,0,true,0.3522,0.0011,2884,8192,0.007,0.007,47.93,0.007,0,0,0.0006,0.0006,0.34,0.0,25.0,21.0,1781033334771282889
1781033334881744756,33,0,8,0,true,0.3523,0.0012,2885,8192,0.007,0.007,47.93,0.007,0,0,0.0006,0.0006,0.34,0.0,25.0,21.0,1781033334874578175
1781033334981604447,33,0,8,0,true,0.3524,0.0011,2886,8192,0.007,0.007,47.93,0.007,0,0,0.0006,0.0006,0.34,0.0,25.0,21.0,1781033334971387057
1781033335081701970,33,0,8,0,true,0.3525,0.0011,2887,8192,0.007,0.007,47.93,0.007,0,0,0.0006,0.0006,0.34,0.0,25.0,21.0,1781033335071470412
1781033335182070254,33,0,8,0,true,0.3526,0.0011,2888,8192,0.007,0.007,47.93,0.007,0,0,0.0006,0.0006,0.34,0.0,25.0,21.0,1781033335173170756
1781033335282197305,33,0,8,0,true,0.3527,0.0011,2889,8192,0.007,0.007,47.93,0.007,0,0,0.0006,0.0006,0.34,0.0,25.0,21.0,1781033335273293299
1781033335381546520,33,0,8,0,true,0.3529,0.0012,2890,8192,0.007,0.007,47.93,0.007,0,0,0.0006,0.0006,0.34,0.0,25.0,21.0,1781033335373734059
1781033335481496776,33,0,8,0,true,0.353,0.0011,2891,8192,0.007,0.007,47.93,0.007,0,0,0.0006,0.0006,0.34,0.0,25.0,21.0,1781033335478126116
1781033335582345702,33,0,8,0,true,0.3531,0.0011,2892,8192,0.007,0.007,47.93,0.007,0,0,0.0006,0.0006,0.34,0.0,25.0,21.0,1781033335574230574
1781033335682273327,33,0,8,0,true,0.3532,0.0012,2893,8192,0.007,0.007,47.93,0.007,0,0,0.0006,0.0006,0.34,0.0,25.0,21.0,1781033335679476755
1781033335782320457,33,0,8,0,true,0.3533,0.0012,2894,8192,0.007,0.007,47.93,0.007,0,0,0.0006,0.0006,0.34,0.0,25.0,21.0,1781033335776517889
1781033335882251067,33,0,8,0,true,0.3534,0.0011,2895,8192,0.007,0.007,47.93,0.007,0,0,0.0006,0.0006,0.34,0.0,25.0,21.0,1781033335877257918
1781033335981533095,33,0,8,0,true,0.3535,0.0011,2896,8192,0.007,0.007,47.93,0.007,0,0,0.0006,0.0006,0.34,0.0,25.0,21.0,1781033335976616079
1781033336081919699,33,0,8,0,true,0.3537,0.0012,2897,8192,0.007,0.007,47.93,0.007,0,0,0.0006,0.0006,0.34,0.0,25.0,21.0,1781033336078722847
1781033336181752639,33,0,8,0,true,0.3538,0.0012,2898,8192,0.007,0.007,47.93,0.007,0,0,0.0006,0.0006,0.34,0.0,25.0,21.0,1781033336178762219
1781033336281458374,33,0,8,0,true,0.3539,0.0012,2899,8192,0.007,0.007,47.93,0.007,0,0,0.0006,0.0006,0.34,0.0,25.0,21.0,1781033336278225534
1781033336381935936,33,0,8,0,true,0.354,0.0012,2899,8192,0.007,0.007,47.93,0.007,0,0,0.0006,0.0006,0.34,0.0,25.0,21.0,1781033336378926750
1781033336481803145,33,0,8,0,true,0.3541,0.0012,2900,8192,0.007,0.007,47.93,0.007,0,0,0.0006,0.0006,0.34,0.0,25.0,21.0,1781033336480091213
1781033336581444418,33,0,8,0,true,0.3542,0.0012,2901,8192,0.007,0.007,47.93,0.007,0,0,0.0006,0.0006,0.34,0.0,25.0,21.0,1781033336560614303
1781033336681434316,33,0,8,0,true,0.3543,0.0011,2902,8192,0.007,0.007,47.93,0.007,0,0,0.0006,0.0006,0.34,0.0,25.0,21.0,1781033336681051422
1781033336782256550,33,0,8,0,true,0.3545,0.0011,2903,8192,0.007,0.007,47.93,0.007,0,0,0.0006,0.0006,0.34,0.0,25.0,21.0,1781033336780814439
1781033336883191778,33,0,8,0,true,0.3546,0.0011,2904,8192,0.007,0.007,47.93,0.007,0,0,0.0006,0.0006,0.34,0.0,25.0,21.0,1781033336882394006
1781033336981841339,33,0,8,0,true,0.3547,0.0012,2905,8192,0.007,0.007,47.93,0.007,0,0,0.0006,0.0006,0.34,0.0,25.0,21.0,1781033336962475544
1781033337082853438,33,0,8,0,true,0.3548,0.0011,2906,8192,0.007,0.007,47.93,0.007,0,0,0.0006,0.0006,0.34,0.0,25.0,21.0,1781033337063195153
1781033337181685459,33,0,8,0,true,0.3549,0.0011,2907,8192,0.007,0.007,47.93,0.007,0,0,0.0006,0.0006,0.34,0.0,25.0,21.0,1781033337169795137
1781033337282304535,33,0,8,0,true,0.355,0.0011,2908,8192,0.007,0.007,47.93,0.007,0,0,0.0006,0.0006,0.34,0.0,25.0,21.0,1781033337265402416
1781033337381632560,33,0,8,0,true,0.3551,0.0011,2909,8192,0.007,0.007,47.93,0.007,0,0,0.0006,0.0006,0.34,0.0,25.0,21.0,1781033337366490026
1781033337482052368,33,0,8,0,true,0.3552,0.0011,2910,8192,0.007,0.007,47.93,0.007,0,0,0.0006,0.0006,0.34,0.0,25.0,21.0,1781033337466155621
1781033337582343788,33,0,8,0,true,0.3554,0.0011,2911,8192,0.007,0.007,47.93,0.007,0,0,0.0006,0.0006,0.34,0.0,25.0,21.0,1781033337572285001
1781033337682982896,33,0,8,0,true,0.3555,0.0011,2912,8192,0.007,0.007,47.93,0.007,0,0,0.0006,0.0006,0.34,0.0,25.0,21.0,1781033337671023953
1781033337783154811,33,0,8,0,true,0.3556,0.0011,2912,8192,0.007,0.007,47.93,0.007,0,0,0.0006,0.0006,0.34,0.0,25.0,21.0,1781033337767614846
1781033337882123662,33,0,8,0,true,0.3557,0.0012,2913,8192,0.007,0.007,47.93,0.007,0,0,0.0006,0.0006,0.34,0.0,25.0,21.0,1781033337872521491
1781033337981915821,33,0,8,0,true,0.3558,0.0012,2914,8192,0.007,0.007,47.93,0.007,0,0,0.0006,0.0006,0.34,0.0,25.0,21.0,1781033337971893656
1781033338081888730,33,0,8,0,true,0.3559,0.0011,2915,8192,0.007,0.007,47.93,0.007,0,0,0.0006,0.0006,0.34,0.0,25.0,21.0,1781033338072717298
1781033338181380950,33,0,8,0,true,0.3561,0.0012,2916,8192,0.007,0.007,47.93,0.007,0,0,0.0006,0.0006,0.34,0.0,25.0,21.0,1781033338173537940
1781033338282131722,33,0,8,0,true,0.3562,0.0011,2917,8192,0.007,0.007,47.93,0.007,0,0,0.0006,0.0006,0.34,0.0,25.0,21.0,1781033338270041935
1781033338381765209,33,0,8,0,true,0.3563,0.0011,2918,8192,0.007,0.007,47.93,0.007,0,0,0.0006,0.0006,0.34,0.0,25.0,21.0,1781033338377977159
1781033338481694826,33,0,8,0,true,0.3564,0.0012,2919,8192,0.007,0.007,47.93,0.007,0,0,0.0006,0.0006,0.34,0.0,25.0,21.0,1781033338474854548
1781033338581928728,33,0,8,0,true,0.3565,0.0012,2920,8192,0.007,0.007,47.93,0.007,0,0,0.0006,0.0006,0.34,0.0,25.0,21.0,1781033338571977254
1781033338682433451,33,0,8,0,true,0.3566,0.0011,2921,8192,0.007,0.007,47.93,0.007,0,0,0.0006,0.0006,0.34,0.0,25.0,21.0,1781033338672286564
1781033338782495415,33,0,8,0,true,0.3567,0.0011,2922,8192,0.007,0.007,47.93,0.007,0,0,0.0006,0.0006,0.34,0.0,25.0,21.0,1781033338773038876
1781033338881840723,33,0,8,0,true,0.3569,0.0011,2923,8192,0.007,0.007,47.93,0.007,0,0,0.0006,0.0006,0.34,0.0,25.0,21.0,1781033338875726222
1781033338982328397,33,0,8,0,true,0.357,0.0012,2924,8192,0.007,0.007,47.93,0.007,0,0,0.0006,0.0006,0.34,0.0,25.0,21.0,1781033338974076245
1781033339082250681,33,0,8,0,true,0.3571,0.0012,2925,8192,0.007,0.007,47.93,0.007,0,0,0.0006,0.0006,0.34,0.0,25.0,21.0,1781033339054329710
1781033339181842815,33,0,8,0,true,0.3572,0.0011,2926,8192,0.007,0.007,47.93,0.007,0,0,0.0006,0.0006,0.34,0.0,25.0,21.0,1781033339180006498
1781033339281369923,33,0,8,0,true,0.3573,0.0012,2927,8192,0.007,0.007,47.93,0.007,0,0,0.0006,0.0006,0.34,0.0,25.0,21.0,1781033339281214799
1781033339381373766,33,0,8,0,true,0.3574,0.0011,2928,8192,0.007,0.007,47.93,0.007,0,0,0.0006,0.0006,0.34,0.0,25.0,21.0,1781033339380984501
1781033339481361014,33,0,8,0,true,0.3576,0.0011,2929,8192,0.007,0.007,47.93,0.007,0,0,0.0006,0.0006,0.34,0.0,25.0,21.0,1781033339481197217
1781033339582398319,33,0,8,0,true,0.3577,0.0012,2930,8192,0.007,0.007,47.93,0.007,0,0,0.0006,0.0006,0.34,0.0,25.0,21.0,1781033339582268340
1781033339681493476,33,0,8,0,true,0.3578,0.0011,2930,8192,0.007,0.007,47.93,0.007,0,0,0.0006,0.0006,0.34,0.0,25.0,21.0,1781033339662542283
1781033339781454352,33,0,8,0,true,0.3579,0.0011,2931,8192,0.007,0.007,47.93,0.007,0,0,0.0006,0.0006,0.34,0.0,25.0,21.0,1781033339778420219
1781033339881381445,33,0,8,0,true,0.358,0.0011,2932,8192,0.007,0.007,47.93,0.007,0,0,0.0006,0.0006,0.34,0.0,25.0,21.0,1781033339880763130
1781033339981695464,33,0,8,0,true,0.3581,0.0012,2933,8192,0.007,0.007,47.93,0.007,0,0,0.0006,0.0006,0.34,0.0,25.0,21.0,1781033339979569527
1781033340081844876,33,0,8,0,true,0.3582,0.0011,2934,8192,0.007,0.007,47.93,0.007,0,0,0.0006,0.0006,0.34,0.0,25.0,21.0,1781033340080076938
1781033340181749075,33,0,8,0,true,0.3583,0.0011,2935,8192,0.007,0.007,47.93,0.007,0,0,0.0006,0.0006,0.34,0.0,25.0,21.0,1781033340164624694
1781033340283173322,33,0,8,0,true,0.3585,0.0012,2936,8192,0.007,0.007,47.93,0.007,0,0,0.0006,0.0006,0.34,0.0,25.0,21.0,1781033340264168128
1781033340382443069,33,0,8,0,true,0.3586,0.0011,2937,8192,0.007,0.007,47.93,0.007,0,0,0.0006,0.0006,0.34,0.0,25.0,21.0,1781033340364833536
1781033340482608040,33,0,8,0,true,0.3587,0.0011,2938,8192,0.007,0.007,47.93,0.007,0,0,0.0006,0.0006,0.34,0.0,25.0,21.0,1781033340469250421
1781033539541311317,,,,,,,,,,,,,,,,,,,,,,
1781033539641765786,,,,,,,,,,,,,,,,,,,,,,
1781033539742042334,,,,,,,,,,,,,,,,,,,,,,
1781033539841487238,,,,,,,,,,,,,,,,,,,,,,
1781033539941538917,,,,,,,,,,,,,,,,,,,,,,
1781033540041811230,,,,,,,,,,,,,,,,,,,,,,
1781033540142107587,,,,,,,,,,,,,,,,,,,,,,
1781033540241772889,,,,,,,,,,,,,,,,,,,,,,
1781033540342351230,,,,,,,,,,,,,,,,,,,,,,
1781033540441749417,,,,,,,,,,,,,,,,,,,,,,
1781033540542027236,,,,,,,,,,,,,,,,,,,,,,
1781033540641399249,,,,,,,,,,,,,,,,,,,,,,
1781033540741792446,,,,,,,,,,,,,,,,,,,,,,
1781033540841968039,,,,,,,,,,,,,,,,,,,,,,
1781033540941392810,,,,,,,,,,,,,,,,,,,,,,
1781033541042084472,,,,,,,,,,,,,,,,,,,,,,
1781033541141489267,,,,,,,,,,,,,,,,,,,,,,
1781033541241737026,,,,,,,,,,,,,,,,,,,,,,
1781033541342324878,,,,,,,,,,,,,,,,,,,,,,
1781033541441616331,,,,,,,,,,,,,,,,,,,,,,
1781033541541690993,,,,,,,,,,,,,,,,,,,,,,
1781033541642233871,,,,,,,,,,,,,,,,,,,,,,
1781033541742177071,,,,,,,,,,,,,,,,,,,,,,
1781033541841504004,,,,,,,,,,,,,,,,,,,,,,
1781033541941820921,,,,,,,,,,,,,,,,,,,,,,
1781033542042155955,,,,,,,,,,,,,,,,,,,,,,
1781033542142105344,,,,,,,,,,,,,,,,,,,,,,
1781033542241986133,,,,,,,,,,,,,,,,,,,,,,
1781033542342275815,,,,,,,,,,,,,,,,,,,,,,
1781033542442202226,,,,,,,,,,,,,,,,,,,,,,
1781033542541600200,,,,,,,,,,,,,,,,,,,,,,
1781033542642105149,,,,,,,,,,,,,,,,,,,,,,
1781033542741755883,,,,,,,,,,,,,,,,,,,,,,
1781033542841848000,,,,,,,,,,,,,,,,,,,,,,
1781033542942220317,,,,,,,,,,,,,,,,,,,,,,
1781033543041700323,,,,,,,,,,,,,,,,,,,,,,
1781033543141926598,,,,,,,,,,,,,,,,,,,,,,
1781033543241982094,,,,,,,,,,,,,,,,,,,,,,
1781033543341840244,,,,,,,,,,,,,,,,,,,,,,
1781033543442200243,,,,,,,,,,,,,,,,,,,,,,
1781033543542386454,,,,,,,,,,,,,,,,,,,,,,
1781033543641524996,,,,,,,,,,,,,,,,,,,,,,
1781033543741522160,,,,,,,,,,,,,,,,,,,,,,
1781033543841633524,,,,,,,,,,,,,,,,,,,,,,
1781033543941562017,,,,,,,,,,,,,,,,,,,,,,
1781033544042353393,,,,,,,,,,,,,,,,,,,,,,
1781033544141373267,,,,,,,,,,,,,,,,,,,,,,
1781033544242400190,,,,,,,,,,,,,,,,,,,,,,
1781033544341630266,,,,,,,,,,,,,,,,,,,,,,
1781033544441794022,,,,,,,,,,,,,,,,,,,,,,
1781033544541945961,,,,,,,,,,,,,,,,,,,,,,
1781033544641830665,,,,,,,,,,,,,,,,,,,,,,
1781033544741703100,,,,,,,,,,,,,,,,,,,,,,
1781033544841657142,,,,,,,,,,,,,,,,,,,,,,
1781033544941523231,,,,,,,,,,,,,,,,,,,,,,
1781033545041450207,,,,,,,,,,,,,,,,,,,,,,
1781033545142367726,,,,,,,,,,,,,,,,,,,,,,
1781033545241895117,,,,,,,,,,,,,,,,,,,,,,
1781033545341924421,,,,,,,,,,,,,,,,,,,,,,
1781033545442065344,,,,,,,,,,,,,,,,,,,,,,
1781033545542392318,,,,,,,,,,,,,,,,,,,,,,
1781033545641705194,,,,,,,,,,,,,,,,,,,,,,
1781033545742075682,,,,,,,,,,,,,,,,,,,,,,
1781033545841550640,,,,,,,,,,,,,,,,,,,,,,
1781033545942189268,,,,,,,,,,,,,,,,,,,,,,
1781033546041679725,,,,,,,,,,,,,,,,,,,,,,
1781033546141423286,,,,,,,,,,,,,,,,,,,,,,
1781033546241867680,,,,,,,,,,,,,,,,,,,,,,
1781033546341898811,,,,,,,,,,,,,,,,,,,,,,
1781033546442354402,,,,,,,,,,,,,,,,,,,,,,
1781033546541677585,,,,,,,,,,,,,,,,,,,,,,
1781033546641885004,,,,,,,,,,,,,,,,,,,,,,
1781033546742156997,,,,,,,,,,,,,,,,,,,,,,
1781033546841418000,,,,,,,,,,,,,,,,,,,,,,
1781033546942262408,,,,,,,,,,,,,,,,,,,,,,
1781033547042264485,,,,,,,,,,,,,,,,,,,,,,
1781033547141476321,,,,,,,,,,,,,,,,,,,,,,
1781033547241575269,,,,,,,,,,,,,,,,,,,,,,
1781033547341876475,,,,,,,,,,,,,,,,,,,,,,
1781033547442034055,,,,,,,,,,,,,,,,,,,,,,
1781033547542130659,,,,,,,,,,,,,,,,,,,,,,
1781033547642065952,,,,,,,,,,,,,,,,,,,,,,
1781033547741907679,,,,,,,,,,,,,,,,,,,,,,
1781033547841541407,,,,,,,,,,,,,,,,,,,,,,
1781033547942228234,,,,,,,,,,,,,,,,,,,,,,
1781033548044853062,,,,,,,,,,,,,,,,,,,,,,
1781033548141581337,,,,,,,,,,,,,,,,,,,,,,
1781033548241874132,,,,,,,,,,,,,,,,,,,,,,
1781033548341634442,,,,,,,,,,,,,,,,,,,,,,
1781033548442132088,,,,,,,,,,,,,,,,,,,,,,
1781033548542152253,,,,,,,,,,,,,,,,,,,,,,
1781033548642330665,,,,,,,,,,,,,,,,,,,,,,
1781033548741711088,,,,,,,,,,,,,,,,,,,,,,
1781033548842178985,,,,,,,,,,,,,,,,,,,,,,
1781033548942307966,,,,,,,,,,,,,,,,,,,,,,
1781033549042214470,,,,,,,,,,,,,,,,,,,,,,
1781033549141722810,,,,,,,,,,,,,,,,,,,,,,
1781033549241797523,,,,,,,,,,,,,,,,,,,,,,
1781033549341863867,,,,,,,,,,,,,,,,,,,,,,
1781033549441536018,,,,,,,,,,,,,,,,,,,,,,
1781033549544889301,,,,,,,,,,,,,,,,,,,,,,
1781033549641842220,,,,,,,,,,,,,,,,,,,,,,
1781033549741924821,,,,,,,,,,,,,,,,,,,,,,
1781033549841397373,,,,,,,,,,,,,,,,,,,,,,
1781033549942331968,,,,,,,,,,,,,,,,,,,,,,
1781033550041824254,,,,,,,,,,,,,,,,,,,,,,
1781033550142296885,,,,,,,,,,,,,,,,,,,,,,
1781033550241976725,,,,,,,,,,,,,,,,,,,,,,
1781033550341733302,,,,,,,,,,,,,,,,,,,,,,
1781033550442080078,,,,,,,,,,,,,,,,,,,,,,
1781033550541857988,,,,,,,,,,,,,,,,,,,,,,
1781033550642320946,,,,,,,,,,,,,,,,,,,,,,
1781033550741452371,,,,,,,,,,,,,,,,,,,,,,
1781033550841552327,,,,,,,,,,,,,,,,,,,,,,
1781033550941606979,,,,,,,,,,,,,,,,,,,,,,
1781033551042189542,,,,,,,,,,,,,,,,,,,,,,
1781033551141426212,,,,,,,,,,,,,,,,,,,,,,
1781033551241622806,,,,,,,,,,,,,,,,,,,,,,
1781033551341725805,,,,,,,,,,,,,,,,,,,,,,
1781033551442170388,,,,,,,,,,,,,,,,,,,,,,
1781033551542358860,,,,,,,,,,,,,,,,,,,,,,
1781033551642315801,,,,,,,,,,,,,,,,,,,,,,
1781033551742294129,,,,,,,,,,,,,,,,,,,,,,
1781033551844850196,,,,,,,,,,,,,,,,,,,,,,
1781033551942146141,,,,,,,,,,,,,,,,,,,,,,
1781033552041895929,,,,,,,,,,,,,,,,,,,,,,
1781033552142627820,,,,,,,,,,,,,,,,,,,,,,
1781033552241652098,,,,,,,,,,,,,,,,,,,,,,
1781033552344934694,,,,,,,,,,,,,,,,,,,,,,
1781033552442956756,,,,,,,,,,,,,,,,,,,,,,
1781033552544375721,,,,,,,,,,,,,,,,,,,,,,
1781033552642090439,,,,,,,,,,,,,,,,,,,,,,
1781033552742276167,,,,,,,,,,,,,,,,,,,,,,
1781033552841891477,,,,,,,,,,,,,,,,,,,,,,
1781033552941792477,,,,,,,,,,,,,,,,,,,,,,
1781033553041443065,,,,,,,,,,,,,,,,,,,,,,
1781033553141365840,,,,,,,,,,,,,,,,,,,,,,
1781033553242352638,,,,,,,,,,,,,,,,,,,,,,
1781033553342271434,,,,,,,,,,,,,,,,,,,,,,
1781033553441916819,,,,,,,,,,,,,,,,,,,,,,
1781033553542220796,,,,,,,,,,,,,,,,,,,,,,
1781033553641823745,,,,,,,,,,,,,,,,,,,,,,
1781033553741453240,,,,,,,,,,,,,,,,,,,,,,
1781033553842253486,,,,,,,,,,,,,,,,,,,,,,
1781033553941582259,,,,,,,,,,,,,,,,,,,,,,
1781033554042195843,,,,,,,,,,,,,,,,,,,,,,
1781033554144824536,,,,,,,,,,,,,,,,,,,,,,
1781033554242394308,,,,,,,,,,,,,,,,,,,,,,
1781033554342010913,,,,,,,,,,,,,,,,,,,,,,
1781033554442161105,,,,,,,,,,,,,,,,,,,,,,
1781033554541587653,,,,,,,,,,,,,,,,,,,,,,
1781033554644549800,,,,,,,,,,,,,,,,,,,,,,
1781033554742055615,,,,,,,,,,,,,,,,,,,,,,
1781033554842052186,,,,,,,,,,,,,,,,,,,,,,
1781033554942318340,,,,,,,,,,,,,,,,,,,,,,
1781033555041594776,,,,,,,,,,,,,,,,,,,,,,
1781033555142191609,,,,,,,,,,,,,,,,,,,,,,
1781033555244768845,,,,,,,,,,,,,,,,,,,,,,
1781033555341861585,,,,,,,,,,,,,,,,,,,,,,
1781033555444863672,,,,,,,,,,,,,,,,,,,,,,
1781033555541625782,,,,,,,,,,,,,,,,,,,,,,
1781033555641468862,,,,,,,,,,,,,,,,,,,,,,
1781033555742009268,,,,,,,,,,,,,,,,,,,,,,
1781033555841616970,,,,,,,,,,,,,,,,,,,,,,
1781033555941806760,,,,,,,,,,,,,,,,,,,,,,
1781033556041427814,,,,,,,,,,,,,,,,,,,,,,
1781033556141496126,,,,,,,,,,,,,,,,,,,,,,
1781033556242118212,,,,,,,,,,,,,,,,,,,,,,
1781033556341931320,,,,,,,,,,,,,,,,,,,,,,
1781033556442865163,,,,,,,,,,,,,,,,,,,,,,
1781033556541738847,,,,,,,,,,,,,,,,,,,,,,
1781033556642099485,,,,,,,,,,,,,,,,,,,,,,
1781033556742063348,33,0,8,0,true,0.0,0.0573,0,8192,0.067,0.067,48.0,0.067,0,0,0.0056,0.0056,3.24,0.0,25.0,21.0,1781033556722084684
1781033556841723493,33,0,8,0,true,0.0019,0.0079,15,8192,0.002,0.002,47.96,0.002,0,0,0.0002,0.0002,0.11,0.0,25.0,21.0,1781033556839026642
1781033556942379506,33,0,8,0,true,0.0024,0.0052,20,8192,0.001,0.001,47.96,0.001,0,0,0.0001,0.0001,0.06,0.0,25.0,21.0,1781033556926450079
1781033557041577845,33,0,8,0,true,0.0029,0.004,23,8192,0.0,0.0,47.96,0.0,0,0,0.0,0.0,0.02,0.0,25.0,21.0,1781033557038305777
1781033557141861617,33,0,8,0,true,0.0033,0.0041,27,8192,0.001,0.001,47.96,0.001,0,0,0.0001,0.0001,0.05,0.0,25.0,21.0,1781033557131523115
1781033557244974024,33,0,8,0,true,0.0037,0.0041,30,8192,0.002,0.002,47.96,0.002,0,0,0.0001,0.0001,0.08,0.0,25.0,21.0,1781033557230046913
1781033557344897090,33,0,8,0,true,0.0041,0.0041,33,8192,0.001,0.001,47.96,0.001,0,0,0.0001,0.0001,0.05,0.0,25.0,21.0,1781033557332746128
1781033557444883195,33,0,8,0,true,0.0045,0.0041,36,8192,0.001,0.001,47.96,0.001,0,0,0.0001,0.0001,0.06,0.0,25.0,21.0,1781033557417246754
1781033557544931372,33,0,8,0,true,0.0049,0.0041,40,8192,0.001,0.001,47.96,0.001,0,0,0.0001,0.0001,0.06,0.0,25.0,21.0,1781033557517873242
1781033557648879773,33,0,8,0,true,0.0053,0.0042,43,8192,0.001,0.001,47.96,0.001,0,0,0.0001,0.0001,0.05,0.0,25.0,21.0,1781033557624391723
1781033557752866293,33,0,8,0,true,0.0058,0.0041,47,8192,0.001,0.001,47.96,0.001,0,0,0.0001,0.0001,0.06,0.0,25.0,21.0,1781033557735644887
1781033557850133489,33,0,8,0,true,0.0061,0.0042,50,8192,0.001,0.001,47.96,0.001,0,0,0.0001,0.0001,0.05,0.0,25.0,21.0,1781033557823846438
1781033557950295188,33,0,8,0,true,0.0066,0.0042,53,8192,0.001,0.001,47.96,0.001,0,0,0.0001,0.0001,0.05,0.0,25.0,21.0,1781033557926400871
1781033558049717630,33,0,8,0,true,0.007,0.0042,57,8192,0.001,0.001,47.96,0.001,0,0,0.0001,0.0001,0.05,0.0,25.0,21.0,1781033558020742827
1781033558152856436,33,0,8,0,true,0.0075,0.0041,61,8192,0.001,0.001,47.96,0.001,0,0,0.0001,0.0001,0.06,0.0,25.0,21.0,1781033558141530280
1781033558250192426,33,0,8,0,true,0.0078,0.0042,64,8192,0.001,0.001,47.96,0.001,0,0,0.0001,0.0001,0.05,0.0,25.0,21.0,1781033558233384771
1781033558349495510,33,0,8,0,true,0.0082,0.0041,67,8192,0.002,0.002,47.96,0.002,0,0,0.0002,0.0002,0.09,0.0,25.0,21.0,1781033558335354543
1781033558450080157,33,0,8,0,true,0.0086,0.0041,70,8192,0.002,0.002,47.96,0.002,0,0,0.0001,0.0001,0.07,0.0,25.0,21.0,1781033558428295453
1781033558552922549,33,0,8,0,true,0.0091,0.0041,74,8192,0.002,0.002,47.96,0.002,0,0,0.0001,0.0001,0.08,0.0,25.0,21.0,1781033558541004569
1781033558649660966,33,0,8,0,true,0.0095,0.0041,77,8192,0.002,0.002,47.96,0.002,0,0,0.0001,0.0001,0.08,0.0,25.0,21.0,1781033558640736386
1781033558750207339,33,0,8,0,true,0.0099,0.0042,81,8192,0.001,0.001,47.96,0.001,0,0,0.0001,0.0001,0.05,0.0,25.0,21.0,1781033558742299421
1781033558850204585,33,0,8,0,true,0.0103,0.0041,84,8192,0.002,0.002,47.96,0.002,0,0,0.0001,0.0001,0.08,0.0,25.0,21.0,1781033558826757383
1781033558950358823,33,0,8,0,true,0.0107,0.0041,87,8192,0.002,0.002,47.96,0.002,0,0,0.0001,0.0001,0.08,0.0,25.0,21.0,1781033558936230411
1781033559050085783,33,0,8,0,true,0.0111,0.0041,91,8192,0.001,0.001,47.96,0.001,0,0,0.0001,0.0001,0.05,0.0,25.0,21.0,1781033559031388293
1781033559152850518,33,0,8,0,true,0.0116,0.0041,94,8192,0.001,0.001,47.96,0.001,0,0,0.0001,0.0001,0.06,0.0,25.0,21.0,1781033559148300577
1781033559252887690,33,0,8,0,true,0.012,0.0041,97,8192,0.002,0.002,47.96,0.002,0,0,0.0001,0.0001,0.08,0.0,25.0,21.0,1781033559237245902
1781033559352852107,33,0,8,0,true,0.0123,0.0041,101,8192,0.001,0.001,47.96,0.001,0,0,0.0001,0.0001,0.06,0.0,25.0,21.0,1781033559332737307
1781033559450120574,33,0,8,0,true,0.0128,0.0041,104,8192,0.002,0.002,47.96,0.002,0,0,0.0002,0.0002,0.1,0.0,25.0,21.0,1781033559433675465
1781033559549611177,33,0,8,0,true,0.0132,0.0041,108,8192,0.002,0.002,47.96,0.002,0,0,0.0002,0.0002,0.09,0.0,25.0,21.0,1781033559537463136
1781033559649519482,33,0,8,0,true,0.0136,0.0042,111,8192,0.001,0.001,47.96,0.001,0,0,0.0001,0.0001,0.06,0.0,25.0,21.0,1781033559644647421
1781033559749678358,33,0,8,0,true,0.014,0.0041,114,8192,0.001,0.001,47.96,0.001,0,0,0.0001,0.0001,0.06,0.0,25.0,21.0,1781033559739728749
1781033559849887950,33,0,8,0,true,0.0145,0.0041,118,8192,0.001,0.001,47.96,0.001,0,0,0.0001,0.0001,0.06,0.0,25.0,21.0,1781033559848974442
1781033559949442963,33,0,8,0,true,0.0149,0.0041,121,8192,0.002,0.002,47.96,0.002,0,0,0.0002,0.0002,0.09,0.0,25.0,21.0,1781033559947485323
1781033560049529381,33,0,8,0,true,0.0153,0.0041,125,8192,0.002,0.002,47.96,0.002,0,0,0.0002,0.0002,0.1,0.0,25.0,21.0,1781033560042718286
1781033560150211068,33,0,8,0,true,0.0157,0.0041,128,8192,0.002,0.002,47.96,0.002,0,0,0.0002,0.0002,0.09,0.0,25.0,21.0,1781033560139021018
1781033560249523767,33,0,8,0,true,0.0161,0.0042,132,8192,0.001,0.001,47.96,0.001,0,0,0.0001,0.0001,0.05,0.0,25.0,21.0,1781033560250510988
1781033560351377271,33,0,8,0,true,0.0165,0.0041,135,8192,0.002,0.002,47.96,0.002,0,0,0.0001,0.0001,0.08,0.0,25.0,21.0,1781033560339636510
1781033560449799504,33,0,8,0,true,0.0169,0.0041,138,8192,0.002,0.002,47.96,0.002,0,0,0.0002,0.0002,0.09,0.0,25.0,21.0,1781033560442751623
1781033560550341755,33,0,8,0,true,0.0173,0.0042,141,8192,0.001,0.001,47.96,0.001,0,0,0.0001,0.0001,0.05,0.0,25.0,21.0,1781033560540716595
1781033560649768459,33,0,8,0,true,0.0178,0.0041,145,8192,0.001,0.001,47.96,0.001,0,0,0.0001,0.0001,0.05,0.0,25.0,21.0,1781033560649514280
1781033560750225782,33,0,8,0,true,0.0181,0.0042,148,8192,0.001,0.001,47.96,0.001,0,0,0.0001,0.0001,0.05,0.0,25.0,21.0,1781033560734713363
1781033560852920620,33,0,8,0,true,0.0186,0.0041,152,8192,0.001,0.001,47.96,0.001,0,0,0.0001,0.0001,0.06,0.0,25.0,21.0,1781033560842520057
1781033560949564605,33,0,8,0,true,0.019,0.0041,155,8192,0.002,0.002,47.96,0.002,0,0,0.0001,0.0001,0.07,0.0,25.0,21.0,1781033560947471887
1781033561049668998,33,0,8,0,true,0.0194,0.0041,158,8192,0.001,0.001,47.96,0.001,0,0,0.0001,0.0001,0.06,0.0,25.0,21.0,1781033561045719963
1781033561149747903,33,0,8,0,true,0.0198,0.0042,162,8192,0.001,0.001,47.96,0.001,0,0,0.0001,0.0001,0.06,0.0,25.0,21.0,1781033561147740253
1781033561250326757,33,0,8,0,true,0.0202,0.0041,165,8192,0.001,0.001,47.96,0.001,0,0,0.0001,0.0001,0.06,0.0,25.0,21.0,1781033561240727418
1781033561349950349,33,0,8,0,true,0.0206,0.0041,168,8192,0.001,0.001,47.96,0.001,0,0,0.0001,0.0001,0.06,0.0,25.0,21.0,1781033561341149606
1781033561452868235,33,0,8,0,true,0.021,0.0041,172,8192,0.001,0.001,47.96,0.001,0,0,0.0001,0.0001,0.06,0.0,25.0,21.0,1781033561440500032
1781033561550040357,33,0,8,0,true,0.0214,0.0041,175,8192,0.002,0.002,47.96,0.002,0,0,0.0001,0.0001,0.08,0.0,25.0,21.0,1781033561529335311
1781033561650449027,33,0,8,0,true,0.0218,0.0042,178,8192,0.001,0.001,47.96,0.001,0,0,0.0001,0.0001,0.05,0.0,25.0,21.0,1781033561631740396
1781033561749976764,33,0,8,0,true,0.0222,0.0041,181,8192,0.001,0.001,47.96,0.001,0,0,0.0001,0.0001,0.06,0.0,25.0,21.0,1781033561731111911
1781033561852891157,33,0,8,0,true,0.0226,0.0041,185,8192,0.001,0.001,47.96,0.001,0,0,0.0001,0.0001,0.06,0.0,25.0,21.0,1781033561834510896
1781033561952897497,33,0,8,0,true,0.0231,0.0041,189,8192,0.002,0.002,47.96,0.002,0,0,0.0002,0.0002,0.1,0.0,25.0,21.0,1781033561944052652
1781033562049906190,33,0,8,0,true,0.0235,0.0041,192,8192,0.001,0.001,47.96,0.001,0,0,0.0001,0.0001,0.06,0.0,25.0,21.0,1781033562043851874
1781033562152855663,33,0,8,0,true,0.0238,0.0041,195,8192,0.002,0.002,47.96,0.002,0,0,0.0002,0.0002,0.09,0.0,25.0,21.0,1781033562122865005
1781033562250091007,33,0,8,0,true,0.0242,0.0041,198,8192,0.001,0.001,47.96,0.001,0,0,0.0001,0.0001,0.06,0.0,25.0,21.0,1781033562211986479
1781033562352821987,33,0,8,0,true,0.0247,0.0041,202,8192,0.001,0.001,47.96,0.001,0,0,0.0001,0.0001,0.06,0.0,25.0,21.0,1781033562338221641
1781033562450136112,33,0,8,0,true,0.0252,0.0041,206,8192,0.002,0.002,47.96,0.002,0,0,0.0001,0.0001,0.08,0.0,25.0,21.0,1781033562446766078
1781033562550002093,33,0,8,0,true,0.0256,0.0042,209,8192,0.001,0.001,47.96,0.001,0,0,0.0001,0.0001,0.06,0.0,25.0,21.0,1781033562549694469
1781033562650338376,33,0,8,0,true,0.0259,0.0041,212,8192,0.002,0.002,47.96,0.002,0,0,0.0002,0.0002,0.09,0.0,25.0,21.0,1781033562634471769
1781033562750141309,33,0,8,0,true,0.0263,0.0041,215,8192,0.001,0.001,47.96,0.001,0,0,0.0001,0.0001,0.05,0.0,25.0,21.0,1781033562733370353
1781033562849419265,33,0,8,0,true,0.0268,0.0041,219,8192,0.002,0.002,47.96,0.002,0,0,0.0001,0.0001,0.08,0.0,25.0,21.0,1781033562843730063
1781033562950661761,33,0,8,0,true,0.0272,0.0042,222,8192,0.001,0.001,47.96,0.001,0,0,0.0001,0.0001,0.05,0.0,25.0,21.0,1781033562950123874
1781033563050056697,33,0,8,0,true,0.0276,0.0042,225,8192,0.001,0.001,47.96,0.001,0,0,0.0001,0.0001,0.06,0.0,25.0,21.0,1781033563038552930
1781033563152143986,33,0,8,0,true,0.0279,0.0042,228,8192,0.001,0.001,47.96,0.001,0,0,0.0001,0.0001,0.05,0.0,25.0,21.0,1781033563119015830
1781033563252861401,33,0,8,0,true,0.0284,0.0041,232,8192,0.001,0.001,47.96,0.001,0,0,0.0001,0.0001,0.06,0.0,25.0,21.0,1781033563239062262
1781033563350244618,33,0,8,0,true,0.0288,0.0041,235,8192,0.002,0.002,47.96,0.002,0,0,0.0001,0.0001,0.08,0.0,25.0,21.0,1781033563328821652
1781033563449765799,33,0,8,0,true,0.0292,0.0041,239,8192,0.001,0.001,47.96,0.001,0,0,0.0001,0.0001,0.06,0.0,25.0,21.0,1781033563441595525
1781033563552912348,33,0,8,0,true,0.0296,0.0041,242,8192,0.001,0.001,47.96,0.001,0,0,0.0001,0.0001,0.06,0.0,25.0,21.0,1781033563537903221
1781033563649457099,33,0,8,0,true,0.0301,0.0041,246,8192,0.002,0.002,47.96,0.002,0,0,0.0001,0.0001,0.08,0.0,25.0,21.0,1781033563645215767
1781033563749720608,33,0,8,0,true,0.0305,0.0041,249,8192,0.002,0.002,47.96,0.002,0,0,0.0001,0.0001,0.08,0.0,25.0,21.0,1781033563738824361
1781033563850089713,33,0,8,0,true,0.0308,0.0041,252,8192,0.002,0.002,47.96,0.002,0,0,0.0002,0.0002,0.09,0.0,25.0,21.0,1781033563814063896
1781033563950134336,33,0,8,0,true,0.0312,0.0041,255,8192,0.002,0.002,47.96,0.002,0,0,0.0002,0.0002,0.09,0.0,25.0,21.0,1781033563916364119
1781033564050064993,33,0,8,0,true,0.0316,0.0042,259,8192,0.001,0.001,47.96,0.001,0,0,0.0001,0.0001,0.06,0.0,25.0,21.0,1781033564023971037
1781033564152868251,33,0,8,0,true,0.0321,0.0041,262,8192,0.001,0.001,47.96,0.001,0,0,0.0001,0.0001,0.06,0.0,25.0,21.0,1781033564128860723
1781033564250331153,33,0,8,0,true,0.0325,0.0041,266,8192,0.002,0.002,47.96,0.002,0,0,0.0002,0.0002,0.11,0.0,25.0,21.0,1781033564248445719
1781033564349581040,33,0,8,0,true,0.0328,0.0042,268,8192,0.001,0.001,47.96,0.001,0,0,0.0001,0.0001,0.06,0.0,25.0,21.0,1781033564319302750
1781033564449682840,33,0,8,0,true,0.0333,0.0041,272,8192,0.002,0.002,47.96,0.002,0,0,0.0002,0.0002,0.09,0.0,25.0,21.0,1781033564433383243
1781033564550830251,33,0,8,0,true,0.0337,0.0041,275,8192,0.001,0.001,47.96,0.001,0,0,0.0001,0.0001,0.06,0.0,25.0,21.0,1781033564529380348
1781033564650046291,33,0,8,0,true,0.0342,0.0042,279,8192,0.001,0.001,47.96,0.001,0,0,0.0001,0.0001,0.05,0.0,25.0,21.0,1781033564646194411
1781033564751197008,33,0,8,0,true,0.0346,0.0041,283,8192,0.001,0.001,47.96,0.001,0,0,0.0001,0.0001,0.07,0.0,25.0,21.0,1781033564739951352
1781033564849985933,33,0,8,0,true,0.035,0.0041,286,8192,0.001,0.001,47.96,0.001,0,0,0.0001,0.0001,0.07,0.0,25.0,21.0,1781033564836663607
1781033564950180957,33,0,8,0,true,0.0353,0.0041,289,8192,0.002,0.002,47.96,0.002,0,0,0.0001,0.0001,0.08,0.0,25.0,21.0,1781033564924906453
1781033565056977474,33,0,8,0,true,0.0358,0.0041,293,8192,0.001,0.001,47.96,0.001,0,0,0.0001,0.0001,0.07,0.0,25.0,21.0,1781033565039676244
1781033565160967189,33,0,8,0,true,0.0362,0.0041,296,8192,0.001,0.001,47.96,0.001,0,0,0.0001,0.0001,0.06,0.0,25.0,21.0,1781033565149795041
1781033565258006378,33,0,8,0,true,0.0366,0.0041,300,8192,0.001,0.001,47.96,0.001,0,0,0.0001,0.0001,0.05,0.0,25.0,21.0,1781033565243751993
1781033565365823701,33,0,8,0,true,0.0371,0.0041,303,8192,0.001,0.001,47.96,0.001,0,0,0.0001,0.0001,0.07,0.0,25.0,21.0,1781033565359207330
1781033565466574397,33,0,8,0,true,0.0375,0.0041,307,8192,0.001,0.001,47.96,0.001,0,0,0.0001,0.0001,0.07,0.0,25.0,21.0,1781033565465466933
1781033565566868067,33,0,8,0,true,0.038,0.0042,310,8192,0.001,0.001,47.96,0.001,0,0,0.0001,0.0001,0.06,0.0,25.0,21.0,1781033565564948370
1781033565666373568,33,0,8,0,true,0.0383,0.0041,313,8192,0.002,0.002,47.96,0.002,0,0,0.0002,0.0002,0.11,0.0,25.0,21.0,1781033565645866736
1781033565766632429,33,0,8,0,true,0.0387,0.0041,317,8192,0.001,0.001,47.96,0.001,0,0,0.0001,0.0001,0.06,0.0,25.0,21.0,1781033565752016890
1781033565871859209,33,0,8,0,true,0.0391,0.0041,320,8192,0.002,0.002,47.96,0.002,0,0,0.0001,0.0001,0.08,0.0,25.0,21.0,1781033565838441911
1781033565976882564,33,0,8,0,true,0.0396,0.0042,324,8192,0.001,0.001,47.96,0.001,0,0,0.0001,0.0001,0.06,0.0,25.0,21.0,1781033565961783154
1781033566082140163,33,0,8,0,true,0.0401,0.0041,328,8192,0.001,0.001,47.96,0.001,0,0,0.0001,0.0001,0.07,0.0,25.0,21.0,1781033566074478806
1781033566184895815,33,0,8,0,true,0.0405,0.0041,331,8192,0.001,0.001,47.96,0.001,0,0,0.0001,0.0001,0.05,0.0,25.0,21.0,1781033566181011105
1781033566282735930,33,0,8,0,true,0.0408,0.0041,334,8192,0.001,0.001,47.96,0.001,0,0,0.0001,0.0001,0.07,0.0,25.0,21.0,1781033566255696243
1781033566384292096,33,0,8,0,true,0.0412,0.0041,337,8192,0.002,0.002,47.96,0.002,0,0,0.0001,0.0001,0.08,0.0,25.0,21.0,1781033566358966113
1781033566484891785,33,0,8,0,true,0.0416,0.0041,341,8192,0.001,0.001,47.96,0.001,0,0,0.0001,0.0001,0.07,0.0,25.0,21.0,1781033566463665063
1781033566582449258,33,0,8,0,true,0.0421,0.004,345,8192,0.002,0.002,47.96,0.002,0,0,0.0002,0.0002,0.09,0.0,25.0,21.0,1781033566582234615
1781033566688942088,33,0,8,0,true,0.0425,0.0041,348,8192,0.002,0.002,47.96,0.002,0,0,0.0002,0.0002,0.09,0.0,25.0,21.0,1781033566669964071
1781033566789825732,33,0,8,0,true,0.0429,0.0042,351,8192,0.001,0.001,47.96,0.001,0,0,0.0001,0.0001,0.06,0.0,25.0,21.0,1781033566772968511
1781033566889766817,33,0,8,0,true,0.0433,0.0041,354,8192,0.002,0.002,47.96,0.002,0,0,0.0001,0.0001,0.07,0.0,25.0,21.0,1781033566860049652
1781033566996963011,33,0,8,0,true,0.0437,0.0041,358,8192,0.001,0.001,47.96,0.001,0,0,0.0001,0.0001,0.06,0.0,25.0,21.0,1781033566975213863
1781033567097766497,33,0,8,0,true,0.0442,0.0041,361,8192,0.002,0.002,47.96,0.002,0,0,0.0001,0.0001,0.08,0.0,25.0,21.0,1781033567082646924
1781033567200973249,33,0,8,0,true,0.0446,0.0041,365,8192,0.001,0.001,47.96,0.001,0,0,0.0001,0.0001,0.07,0.0,25.0,21.0,1781033567189848555
1781033567297985169,33,0,8,0,true,0.0449,0.0041,368,8192,0.001,0.001,47.96,0.001,0,0,0.0001,0.0001,0.06,0.0,25.0,21.0,1781033567265071661
1781033567397445561,33,0,8,0,true,0.0454,0.0041,371,8192,0.001,0.001,47.96,0.001,0,0,0.0001,0.0001,0.05,0.0,25.0,21.0,1781033567370494749
1781033567504956223,33,0,8,0,true,0.0458,0.0041,375,8192,0.001,0.001,47.96,0.001,0,0,0.0001,0.0001,0.06,0.0,25.0,21.0,1781033567478135708
1781033567606159012,33,0,8,0,true,0.0463,0.0041,379,8192,0.001,0.001,47.96,0.001,0,0,0.0001,0.0001,0.07,0.0,25.0,21.0,1781033567594009194
1781033567708857636,33,0,8,0,true,0.0467,0.0041,382,8192,0.001,0.001,47.96,0.001,0,0,0.0001,0.0001,0.06,0.0,25.0,21.0,1781033567700273626
1781033567805617208,33,0,8,0,true,0.047,0.0042,385,8192,0.001,0.001,47.96,0.001,0,0,0.0001,0.0001,0.05,0.0,25.0,21.0,1781033567774188697
1781033567905844568,33,0,8,0,true,0.0475,0.0041,389,8192,0.002,0.002,47.96,0.002,0,0,0.0002,0.0002,0.09,0.0,25.0,21.0,1781033567894821347
1781033568005462285,33,0,8,0,true,0.0479,0.0042,392,8192,0.001,0.001,47.96,0.001,0,0,0.0001,0.0001,0.06,0.0,25.0,21.0,1781033567985537005
1781033568105984650,33,0,8,0,true,0.0483,0.0041,395,8192,0.002,0.002,47.96,0.002,0,0,0.0002,0.0002,0.11,0.0,25.0,21.0,1781033568083097067
1781033568206004387,33,0,8,0,true,0.0487,0.0041,398,8192,0.002,0.002,47.96,0.002,0,0,0.0001,0.0001,0.07,0.0,25.0,21.0,1781033568174284464
1781033568306188244,33,0,8,0,true,0.0491,0.004,402,8192,0.002,0.002,47.96,0.002,0,0,0.0002,0.0002,0.09,0.0,25.0,21.0,1781033568286368786
1781033568408848021,33,0,8,0,true,0.0496,0.004,406,8192,0.002,0.002,47.96,0.002,0,0,0.0001,0.0001,0.08,0.0,25.0,21.0,1781033568403480761
1781033568508866240,33,0,8,0,true,0.05,0.0041,409,8192,0.001,0.001,47.96,0.001,0,0,0.0001,0.0001,0.06,0.0,25.0,21.0,1781033568490237458
1781033568605785081,33,0,8,0,true,0.0504,0.0041,412,8192,0.002,0.002,47.96,0.002,0,0,0.0001,0.0001,0.08,0.0,25.0,21.0,1781033568588358679
1781033568705827345,33,0,8,0,true,0.0508,0.0041,416,8192,0.001,0.001,47.96,0.001,0,0,0.0001,0.0001,0.06,0.0,25.0,21.0,1781033568702651368
1781033568805794138,33,0,8,0,true,0.0512,0.0041,419,8192,0.001,0.001,47.96,0.001,0,0,0.0001,0.0001,0.06,0.0,25.0,21.0,1781033568796548095
1781033568907442407,33,0,8,0,true,0.0516,0.0042,422,8192,0.001,0.001,47.96,0.001,0,0,0.0001,0.0001,0.06,0.0,25.0,21.0,1781033568876573247
1781033569008858696,33,0,8,0,true,0.052,0.0041,425,8192,0.002,0.002,47.96,0.002,0,0,0.0001,0.0001,0.09,0.0,25.0,21.0,1781033568984745670
1781033569106294589,33,0,8,0,true,0.0525,0.0041,430,8192,0.002,0.002,47.96,0.002,0,0,0.0001,0.0001,0.07,0.0,25.0,21.0,1781033569105671895
1781033569206060834,33,0,8,0,true,0.0528,0.0042,432,8192,0.001,0.001,47.96,0.001,0,0,0.0001,0.0001,0.06,0.0,25.0,21.0,1781033569173878107
1781033569313217101,33,0,8,0,true,0.0533,0.0042,436,8192,0.001,0.001,47.96,0.001,0,0,0.0001,0.0001,0.06,0.0,25.0,21.0,1781033569296074250
1781033569413476894,33,0,8,0,true,0.0537,0.0043,439,8192,0.001,0.001,47.96,0.001,0,0,0.0001,0.0001,0.05,0.0,25.0,21.0,1781033569391541102
1781033569515085278,33,0,8,0,true,0.0542,0.0041,443,8192,0.001,0.001,47.96,0.001,0,0,0.0001,0.0001,0.07,0.0,25.0,21.0,1781033569514454713
1781033569621018208,33,0,8,0,true,0.0546,0.0041,446,8192,0.002,0.002,47.96,0.002,0,0,0.0001,0.0001,0.09,0.0,25.0,21.0,1781033569608553021
1781033569728883061,33,0,8,0,true,0.055,0.0041,450,8192,0.001,0.001,47.96,0.001,0,0,0.0001,0.0001,0.06,0.0,25.0,21.0,1781033569716515869
1781033569830236752,33,0,8,0,true,0.0554,0.0041,453,8192,0.001,0.001,47.96,0.001,0,0,0.0001,0.0001,0.06,0.0,25.0,21.0,1781033569814652692
1781033569930061938,33,0,8,0,true,0.0559,0.0041,457,8192,0.002,0.002,47.96,0.002,0,0,0.0001,0.0001,0.08,0.0,25.0,21.0,1781033569925322585
1781033570032875955,33,0,8,0,true,0.0563,0.0041,461,8192,0.001,0.001,47.96,0.001,0,0,0.0001,0.0001,0.07,0.0,25.0,21.0,1781033570025557777
1781033570130310443,33,0,8,0,true,0.0567,0.0042,464,8192,0.001,0.001,47.96,0.001,0,0,0.0001,0.0001,0.06,0.0,25.0,21.0,1781033570125852745
1781033570232888768,33,0,8,0,true,0.0571,0.0041,467,8192,0.001,0.001,47.96,0.001,0,0,0.0001,0.0001,0.06,0.0,25.0,21.0,1781033570220209371
1781033570330295298,33,0,8,0,true,0.0575,0.0041,471,8192,0.002,0.002,47.96,0.002,0,0,0.0001,0.0001,0.08,0.0,25.0,21.0,1781033570327191218
1781033570432887928,33,0,8,0,true,0.0579,0.0041,474,8192,0.002,0.002,47.96,0.002,0,0,0.0002,0.0002,0.11,0.0,25.0,21.0,1781033570422052327
1781033570533115429,33,0,8,0,true,0.0583,0.0041,477,8192,0.001,0.001,47.96,0.001,0,0,0.0001,0.0001,0.06,0.0,25.0,21.0,1781033570519070821
1781033570630184199,33,0,8,0,true,0.0588,0.0041,481,8192,0.001,0.001,47.96,0.001,0,0,0.0001,0.0001,0.06,0.0,25.0,21.0,1781033570625791924
1781033570732874793,33,0,8,0,true,0.0592,0.0042,484,8192,0.001,0.001,47.96,0.001,0,0,0.0001,0.0001,0.05,0.0,25.0,21.0,1781033570724377159
1781033570830994655,33,0,8,0,true,0.0595,0.0041,487,8192,0.002,0.002,47.96,0.002,0,0,0.0001,0.0001,0.09,0.0,25.0,21.0,1781033570797583318
1781033570929311440,33,0,8,0,true,0.0599,0.0041,490,8192,0.002,0.002,47.96,0.002,0,0,0.0001,0.0001,0.09,0.0,25.0,21.0,1781033570898307718
1781033571034723429,33,0,8,0,true,0.0603,0.0041,493,8192,0.002,0.002,47.96,0.002,0,0,0.0001,0.0001,0.08,0.0,25.0,21.0,1781033570996611599
1781033571135501289,33,0,8,0,true,0.0608,0.0041,498,8192,0.002,0.002,47.96,0.002,0,0,0.0002,0.0002,0.09,0.0,25.0,21.0,1781033571131491779
1781033571235910320,33,0,8,0,true,0.0612,0.0041,501,8192,0.002,0.002,47.96,0.002,0,0,0.0002,0.0002,0.12,0.0,25.0,21.0,1781033571219461636
1781033571336396664,33,0,8,0,true,0.0616,0.0041,504,8192,0.001,0.001,47.96,0.001,0,0,0.0001,0.0001,0.05,0.0,25.0,21.0,1781033571325387484
1781033571436474495,33,0,8,0,true,0.062,0.0043,507,8192,0.001,0.001,47.96,0.001,0,0,0.0001,0.0001,0.05,0.0,25.0,21.0,1781033571417977333
1781033571540998160,33,0,8,0,true,0.0624,0.0041,510,8192,0.001,0.001,47.96,0.001,0,0,0.0001,0.0001,0.07,0.0,25.0,21.0,1781033571507286794
1781033571641598097,33,0,8,0,true,0.0629,0.0041,514,8192,0.002,0.002,47.96,0.002,0,0,0.0001,0.0001,0.08,0.0,25.0,21.0,1781033571623903039
1781033571741493823,33,0,8,0,true,0.0632,0.0041,517,8192,0.002,0.002,47.96,0.002,0,0,0.0001,0.0001,0.08,0.0,25.0,21.0,1781033571704338536
1781033571842391635,33,0,8,0,true,0.0637,0.0042,522,8192,0.001,0.001,47.96,0.001,0,0,0.0001,0.0001,0.05,0.0,25.0,21.0,1781033571839543918
1781033571941586592,33,0,8,0,true,0.0641,0.0041,524,8192,0.001,0.001,47.96,0.001,0,0,0.0001,0.0001,0.07,0.0,25.0,21.0,1781033571920864105
1781033572041475822,33,0,8,0,true,0.0644,0.0041,527,8192,0.002,0.002,47.96,0.002,0,0,0.0001,0.0001,0.08,0.0,25.0,21.0,1781033572009773416
1781033572142358845,33,0,8,0,true,0.065,0.0041,532,8192,0.002,0.002,47.96,0.002,0,0,0.0001,0.0001,0.07,0.0,25.0,21.0,1781033572139249554
1781033572241431588,33,0,8,0,true,0.0652,0.0041,534,8192,0.002,0.002,47.96,0.002,0,0,0.0001,0.0001,0.07,0.0,25.0,21.0,1781033572204349859
1781033572341516576,33,0,8,0,true,0.0657,0.0041,538,8192,0.001,0.001,47.96,0.001,0,0,0.0001,0.0001,0.06,0.0,25.0,21.0,1781033572322769240
1781033572444907993,33,0,8,0,true,0.0662,0.0041,542,8192,0.001,0.001,47.96,0.001,0,0,0.0001,0.0001,0.06,0.0,25.0,21.0,1781033572429809178
1781033572547037733,33,0,8,0,true,0.0666,0.0041,545,8192,0.002,0.002,47.96,0.002,0,0,0.0001,0.0001,0.08,0.0,25.0,21.0,1781033572536756681
1781033572648130409,33,0,8,0,true,0.067,0.0042,549,8192,0.001,0.001,47.96,0.001,0,0,0.0001,0.0001,0.06,0.0,25.0,21.0,1781033572635091002
1781033572750000295,33,0,8,0,true,0.0674,0.0041,552,8192,0.001,0.001,47.96,0.001,0,0,0.0001,0.0001,0.07,0.0,25.0,21.0,1781033572726361424
1781033572848058584,33,0,8,0,true,0.0679,0.0041,556,8192,0.002,0.002,47.96,0.002,0,0,0.0001,0.0001,0.07,0.0,25.0,21.0,1781033572843545889
1781033572948007064,33,0,8,0,true,0.0683,0.0041,559,8192,0.002,0.002,47.96,0.002,0,0,0.0001,0.0001,0.08,0.0,25.0,21.0,1781033572939763251
1781033573052095876,33,0,8,0,true,0.0687,0.0042,562,8192,0.001,0.001,47.96,0.001,0,0,0.0001,0.0001,0.06,0.0,25.0,21.0,1781033573035726981
1781033573156841323,33,0,8,0,true,0.0691,0.0041,565,8192,0.002,0.002,47.96,0.002,0,0,0.0001,0.0001,0.07,0.0,25.0,21.0,1781033573137632220
1781033573260950263,33,0,8,0,true,0.0695,0.0041,569,8192,0.001,0.001,47.96,0.001,0,0,0.0001,0.0001,0.07,0.0,25.0,21.0,1781033573239857779
1781033573364921306,33,0,8,0,true,0.0699,0.0041,572,8192,0.001,0.001,47.96,0.001,0,0,0.0001,0.0001,0.06,0.0,25.0,21.0,1781033573342037978
1781033573461931961,33,0,8,0,true,0.0704,0.0041,576,8192,0.002,0.002,47.96,0.002,0,0,0.0001,0.0001,0.07,0.0,25.0,21.0,1781033573458331449
1781033573561481416,33,0,8,0,true,0.0707,0.0041,579,8192,0.001,0.001,47.96,0.001,0,0,0.0001,0.0001,0.06,0.0,25.0,21.0,1781033573536532774
1781033573664922965,33,0,8,0,true,0.0712,0.0041,582,8192,0.002,0.002,47.96,0.002,0,0,0.0001,0.0001,0.07,0.0,25.0,21.0,1781033573639504851
1781033573762102255,33,0,8,0,true,0.0716,0.0041,586,8192,0.002,0.002,47.96,0.002,0,0,0.0001,0.0001,0.07,0.0,25.0,21.0,1781033573737545478
1781033573862132607,33,0,8,0,true,0.0721,0.0041,590,8192,0.001,0.001,47.96,0.001,0,0,0.0001,0.0001,0.06,0.0,25.0,21.0,1781033573859091826
1781033573962192105,33,0,8,0,true,0.0724,0.0041,593,8192,0.002,0.002,47.96,0.002,0,0,0.0002,0.0002,0.1,0.0,25.0,21.0,1781033573941220105
1781033574062350977,33,0,8,0,true,0.0729,0.0041,596,8192,0.002,0.002,47.96,0.002,0,0,0.0001,0.0001,0.08,0.0,25.0,21.0,1781033574057135140
1781033574164887705,33,0,8,0,true,0.0733,0.0043,600,8192,0.001,0.001,47.96,0.001,0,0,0.0001,0.0001,0.06,0.0,25.0,21.0,1781033574150718401
1781033574261399206,33,0,8,0,true,0.0736,0.0041,602,8192,0.001,0.001,47.96,0.001,0,0,0.0001,0.0001,0.06,0.0,25.0,21.0,1781033574237319455
1781033574361311403,33,0,8,0,true,0.0741,0.0041,607,8192,0.002,0.002,47.96,0.002,0,0,0.0002,0.0002,0.09,0.0,25.0,21.0,1781033574361055586
1781033574464870528,33,0,8,0,true,0.0745,0.0041,609,8192,0.001,0.001,47.96,0.001,0,0,0.0001,0.0001,0.04,0.0,25.0,21.0,1781033574443797385
1781033574568903351,33,0,8,0,true,0.0748,0.0041,613,8192,0.002,0.002,47.96,0.002,0,0,0.0002,0.0002,0.09,0.0,25.0,21.0,1781033574536824549
1781033574670081134,33,0,8,0,true,0.0753,0.0041,616,8192,0.002,0.002,47.96,0.002,0,0,0.0001,0.0001,0.08,0.0,25.0,21.0,1781033574652971911
1781033574769768472,33,0,8,0,true,0.0758,0.0041,620,8192,0.002,0.002,47.96,0.002,0,0,0.0001,0.0001,0.08,0.0,25.0,21.0,1781033574763813623
1781033574870180843,33,0,8,0,true,0.0761,0.0041,623,8192,0.002,0.002,47.96,0.002,0,0,0.0001,0.0001,0.08,0.0,25.0,21.0,1781033574849058520
1781033574970167717,33,0,8,0,true,0.0765,0.0042,626,8192,0.001,0.001,47.96,0.001,0,0,0.0001,0.0001,0.06,0.0,25.0,21.0,1781033574947077810
1781033575069365346,33,0,8,0,true,0.077,0.0041,630,8192,0.003,0.003,47.96,0.003,0,0,0.0002,0.0002,0.13,0.0,25.0,21.0,1781033575068267727
1781033575170220941,33,0,8,0,true,0.0774,0.0041,633,8192,0.001,0.001,47.96,0.001,0,0,0.0001,0.0001,0.06,0.0,25.0,21.0,1781033575158251551
1781033575269923470,33,0,8,0,true,0.0778,0.0041,637,8192,0.002,0.002,47.96,0.002,0,0,0.0001,0.0001,0.08,0.0,25.0,21.0,1781033575251838682
1781033575369671332,33,0,8,0,true,0.0781,0.0041,640,8192,0.002,0.002,47.96,0.002,0,0,0.0002,0.0002,0.09,0.0,25.0,21.0,1781033575341126665
1781033575470998612,33,0,8,0,true,0.0786,0.004,643,8192,0.002,0.002,47.96,0.002,0,0,0.0002,0.0002,0.1,0.0,25.0,21.0,1781033575451636681
1781033575570751507,33,0,8,0,true,0.079,0.0041,647,8192,0.003,0.003,47.96,0.003,0,0,0.0002,0.0002,0.12,0.0,25.0,21.0,1781033575547148202
1781033575672858744,33,0,8,0,true,0.0794,0.0043,650,8192,0.001,0.001,47.96,0.001,0,0,0.0001,0.0001,0.05,0.0,25.0,21.0,1781033575652946600
1781033575772862388,33,0,8,0,true,0.0799,0.0041,654,8192,0.002,0.002,47.96,0.002,0,0,0.0001,0.0001,0.08,0.0,25.0,21.0,1781033575756362966
1781033575870173256,33,0,8,0,true,0.0802,0.0042,657,8192,0.001,0.001,47.96,0.001,0,0,0.0001,0.0001,0.06,0.0,25.0,21.0,1781033575850336065
1781033575970186759,33,0,8,0,true,0.0807,0.0041,660,8192,0.002,0.002,47.96,0.002,0,0,0.0001,0.0001,0.07,0.0,25.0,21.0,1781033575954385360
1781033576069922257,33,0,8,0,true,0.081,0.0041,663,8192,0.002,0.002,47.96,0.002,0,0,0.0001,0.0001,0.08,0.0,25.0,21.0,1781033576035069289
1781033576172873371,33,0,8,0,true,0.0815,0.0042,667,8192,0.001,0.001,47.96,0.001,0,0,0.0001,0.0001,0.06,0.0,25.0,21.0,1781033576154577320
1781033576276881091,33,0,8,0,true,0.0819,0.0041,671,8192,0.002,0.002,47.96,0.002,0,0,0.0001,0.0001,0.07,0.0,25.0,21.0,1781033576262988218
1781033576378138750,33,0,8,0,true,0.0823,0.0041,674,8192,0.002,0.002,47.96,0.002,0,0,0.0001,0.0001,0.08,0.0,25.0,21.0,1781033576358540003
1781033576478122830,33,0,8,0,true,0.0828,0.0041,678,8192,0.002,0.002,47.96,0.002,0,0,0.0001,0.0001,0.07,0.0,25.0,21.0,1781033576468759864
1781033576578279000,33,0,8,0,true,0.0832,0.0041,681,8192,0.002,0.002,47.96,0.002,0,0,0.0001,0.0001,0.08,0.0,25.0,21.0,1781033576576538891
1781033576685064496,33,0,8,0,true,0.0836,0.0041,684,8192,0.002,0.002,47.96,0.002,0,0,0.0001,0.0001,0.07,0.0,25.0,21.0,1781033576655794994
1781033576788864792,33,0,8,0,true,0.084,0.0041,688,8192,0.001,0.001,47.96,0.001,0,0,0.0001,0.0001,0.06,0.0,25.0,21.0,1781033576774835288
1781033576889144038,33,0,8,0,true,0.0845,0.0042,691,8192,0.001,0.001,47.96,0.001,0,0,0.0001,0.0001,0.07,0.0,25.0,21.0,1781033576877132682
1781033576987597572,33,0,8,0,true,0.0848,0.0041,695,8192,0.003,0.003,47.96,0.003,0,0,0.0002,0.0002,0.13,0.0,25.0,21.0,1781033576967368401
1781033577086168504,33,0,8,0,true,0.0852,0.0041,698,8192,0.002,0.002,47.96,0.002,0,0,0.0002,0.0002,0.09,0.0,25.0,21.0,1781033577061457710
1781033577188870364,33,0,8,0,true,0.0857,0.0041,701,8192,0.002,0.002,47.96,0.002,0,0,0.0001,0.0001,0.08,0.0,25.0,21.0,1781033577166703815
1781033577285980862,33,0,8,0,true,0.0861,0.0041,705,8192,0.002,0.002,47.96,0.002,0,0,0.0002,0.0002,0.09,0.0,25.0,21.0,1781033577277502351
1781033577386098188,33,0,8,0,true,0.0865,0.0041,708,8192,0.001,0.001,47.96,0.001,0,0,0.0001,0.0001,0.07,0.0,25.0,21.0,1781033577366061982
1781033577488880520,33,0,8,0,true,0.0869,0.0042,712,8192,0.001,0.001,47.96,0.001,0,0,0.0001,0.0001,0.04,0.0,25.0,21.0,1781033577469650445
1781033577585883151,33,0,8,0,true,0.0874,0.0041,715,8192,0.002,0.002,47.96,0.002,0,0,0.0001,0.0001,0.08,0.0,25.0,21.0,1781033577575591588
1781033577686065115,33,0,8,0,true,0.0877,0.0041,718,8192,0.002,0.002,47.96,0.002,0,0,0.0001,0.0001,0.08,0.0,25.0,21.0,1781033577666408779
1781033577786020443,33,0,8,0,true,0.0881,0.0041,722,8192,0.003,0.003,47.96,0.003,0,0,0.0002,0.0002,0.13,0.0,25.0,21.0,1781033577770397607
1781033577888868453,33,0,8,0,true,0.0886,0.0041,725,8192,0.001,0.001,47.96,0.001,0,0,0.0001,0.0001,0.07,0.0,25.0,21.0,1781033577871055948
1781033577986232451,33,0,8,0,true,0.089,0.0041,729,8192,0.001,0.001,47.96,0.001,0,0,0.0001,0.0001,0.06,0.0,25.0,21.0,1781033577976200612
1781033578086156631,33,0,8,0,true,0.0894,0.004,732,8192,0.002,0.002,47.96,0.002,0,0,0.0002,0.0002,0.09,0.0,25.0,21.0,1781033578074766812
1781033578188873292,33,0,8,0,true,0.0898,0.0041,735,8192,0.001,0.001,47.96,0.001,0,0,0.0001,0.0001,0.07,0.0,25.0,21.0,1781033578166874830
1781033578285999288,33,0,8,0,true,0.0902,0.004,739,8192,0.002,0.002,47.96,0.002,0,0,0.0002,0.0002,0.1,0.0,25.0,21.0,1781033578274857349
1781033578386872854,33,0,8,0,true,0.0906,0.0041,742,8192,0.001,0.001,47.96,0.001,0,0,0.0001,0.0001,0.07,0.0,25.0,21.0,1781033578376074850
1781033578489214494,33,0,8,0,true,0.0911,0.0041,745,8192,0.002,0.002,47.96,0.002,0,0,0.0001,0.0001,0.08,0.0,25.0,21.0,1781033578477974152
1781033578585478308,33,0,8,0,true,0.0915,0.0041,749,8192,0.001,0.001,47.96,0.001,0,0,0.0001,0.0001,0.07,0.0,25.0,21.0,1781033578582156523
1781033578685974685,33,0,8,0,true,0.0919,0.004,752,8192,0.002,0.002,47.96,0.002,0,0,0.0001,0.0001,0.08,0.0,25.0,21.0,1781033578682376173
1781033578790700037,33,0,8,0,true,0.0923,0.0042,756,8192,0.001,0.001,47.96,0.001,0,0,0.0001,0.0001,0.06,0.0,25.0,21.0,1781033578778797134
1781033578892995036,33,0,8,0,true,0.0927,0.004,759,8192,0.002,0.002,47.96,0.002,0,0,0.0002,0.0002,0.1,0.0,25.0,21.0,1781033578890206800
1781033578999869061,33,0,8,0,true,0.0931,0.0041,762,8192,0.001,0.001,47.96,0.001,0,0,0.0001,0.0001,0.06,0.0,25.0,21.0,1781033578977261896
1781033579100315052,33,0,8,0,true,0.0936,0.0041,766,8192,0.002,0.002,47.96,0.002,0,0,0.0002,0.0002,0.09,0.0,25.0,21.0,1781033579096140530
1781033579200558690,33,0,8,0,true,0.0939,0.0041,769,8192,0.002,0.002,47.96,0.002,0,0,0.0002,0.0002,0.1,0.0,25.0,21.0,1781033579179627184
1781033579300520490,33,0,8,0,true,0.0944,0.0042,773,8192,0.001,0.001,47.96,0.001,0,0,0.0001,0.0001,0.06,0.0,25.0,21.0,1781033579287510759
1781033579400292810,33,0,8,0,true,0.0948,0.0041,776,8192,0.002,0.002,47.96,0.002,0,0,0.0002,0.0002,0.11,0.0,25.0,21.0,1781033579388431326
1781033579504863339,33,0,8,0,true,0.0952,0.0041,780,8192,0.002,0.002,47.96,0.002,0,0,0.0002,0.0002,0.09,0.0,25.0,21.0,1781033579494283100
1781033579600962545,33,0,8,0,true,0.0956,0.0041,783,8192,0.002,0.002,47.96,0.002,0,0,0.0001,0.0001,0.08,0.0,25.0,21.0,1781033579586024308
1781033579700758357,33,0,8,0,true,0.096,0.0041,786,8192,0.001,0.001,47.96,0.001,0,0,0.0001,0.0001,0.07,0.0,25.0,21.0,1781033579688723452
1781033579804895116,33,0,8,0,true,0.0965,0.0041,790,8192,0.002,0.002,47.96,0.002,0,0,0.0001,0.0001,0.08,0.0,25.0,21.0,1781033579793322719
1781033579906113244,33,0,8,0,true,0.0969,0.0042,793,8192,0.001,0.001,47.96,0.001,0,0,0.0001,0.0001,0.07,0.0,25.0,21.0,1781033579886258506
1781033580006331853,33,0,8,0,true,0.0973,0.0041,797,8192,0.002,0.002,47.96,0.002,0,0,0.0001,0.0001,0.08,0.0,25.0,21.0,1781033580001232186
1781033580108859262,33,0,8,0,true,0.0977,0.004,800,8192,0.002,0.002,47.96,0.002,0,0,0.0001,0.0001,0.08,0.0,25.0,21.0,1781033580102155331
1781033580206086243,33,0,8,0,true,0.0981,0.0041,803,8192,0.001,0.001,47.96,0.001,0,0,0.0001,0.0001,0.07,0.0,25.0,21.0,1781033580194063822
1781033580306090450,33,0,8,0,true,0.0985,0.0041,807,8192,0.002,0.002,47.96,0.002,0,0,0.0001,0.0001,0.08,0.0,25.0,21.0,1781033580286724570
1781033580408874474,33,0,8,0,true,0.0989,0.0041,810,8192,0.002,0.002,47.96,0.002,0,0,0.0001,0.0001,0.08,0.0,25.0,21.0,1781033580388532628
1781033580512853486,33,0,8,0,true,0.0994,0.0041,813,8192,0.002,0.002,47.96,0.002,0,0,0.0001,0.0001,0.08,0.0,25.0,21.0,1781033580492385376
1781033580616874902,33,0,8,0,true,0.0998,0.0041,817,8192,0.002,0.002,47.96,0.002,0,0,0.0002,0.0002,0.09,0.0,25.0,21.0,1781033580598261206
1781033580714124566,33,0,8,0,true,0.1002,0.0041,820,8192,0.002,0.002,47.96,0.002,0,0,0.0001,0.0001,0.08,0.0,25.0,21.0,1781033580687353447
1781033580816846020,33,0,8,0,true,0.1006,0.0041,823,8192,0.001,0.001,47.96,0.001,0,0,0.0001,0.0001,0.07,0.0,25.0,21.0,1781033580789193640
1781033580916855452,33,0,8,0,true,0.1011,0.0042,827,8192,0.003,0.003,47.95,0.003,0,0,0.0002,0.0002,0.14,0.0,25.0,21.0,1781033580905579474
1781033581013721139,33,0,8,0,true,0.1015,0.0041,831,8192,0.001,0.001,47.95,0.001,0,0,0.0001,0.0001,0.06,0.0,25.0,21.0,1781033581001990236
1781033581114237633,33,0,8,0,true,0.1018,0.0041,834,8192,0.002,0.002,47.95,0.002,0,0,0.0002,0.0002,0.12,0.0,25.0,21.0,1781033581091573922
1781033581214393530,33,0,8,0,true,0.1023,0.0041,838,8192,0.002,0.002,47.95,0.002,0,0,0.0001,0.0001,0.07,0.0,25.0,21.0,1781033581206247382
1781033581315970359,33,0,8,0,true,0.1027,0.0041,841,8192,0.002,0.002,47.95,0.002,0,0,0.0002,0.0002,0.09,0.0,25.0,21.0,1781033581301934514
1781033581416847866,33,0,8,0,true,0.1031,0.0041,844,8192,0.001,0.001,47.95,0.001,0,0,0.0001,0.0001,0.07,0.0,25.0,21.0,1781033581401344082
1781033581513940405,33,0,8,0,true,0.1035,0.0041,847,8192,0.002,0.002,47.95,0.002,0,0,0.0002,0.0002,0.09,0.0,25.0,21.0,1781033581501007780
1781033581616855366,33,0,8,0,true,0.1039,0.0041,851,8192,0.002,0.002,47.95,0.002,0,0,0.0001,0.0001,0.09,0.0,25.0,21.0,1781033581604555421
1781033581714195918,33,0,8,0,true,0.1043,0.0043,854,8192,0.001,0.001,47.95,0.001,0,0,0.0001,0.0001,0.06,0.0,25.0,21.0,1781033581702080831
1781033581815566947,33,0,8,0,true,0.1047,0.0041,857,8192,0.002,0.002,47.95,0.002,0,0,0.0001,0.0001,0.09,0.0,25.0,21.0,1781033581790400396
1781033581913909309,33,0,8,0,true,0.1052,0.0041,861,8192,0.002,0.002,47.95,0.002,0,0,0.0001,0.0001,0.08,0.0,25.0,21.0,1781033581906059259
1781033582016881461,33,0,8,0,true,0.1055,0.004,864,8192,0.002,0.002,47.95,0.002,0,0,0.0002,0.0002,0.09,0.0,25.0,21.0,1781033581977002650
1781033582116853234,33,0,8,0,true,0.106,0.0042,868,8192,0.001,0.001,47.95,0.001,0,0,0.0001,0.0001,0.07,0.0,25.0,21.0,1781033582101218204
1781033582213726491,33,0,8,0,true,0.1064,0.0041,871,8192,0.002,0.002,47.95,0.002,0,0,0.0002,0.0002,0.1,0.0,25.0,21.0,1781033582211982812
1781033582316856494,33,0,8,0,true,0.1068,0.0041,875,8192,0.002,0.002,47.95,0.002,0,0,0.0001,0.0001,0.08,0.0,25.0,21.0,1781033582309653073
1781033582414023531,33,0,8,0,true,0.1073,0.0041,878,8192,0.002,0.002,47.95,0.002,0,0,0.0002,0.0002,0.12,0.0,25.0,21.0,1781033582410218975
1781033582514195192,33,0,8,0,true,0.1076,0.004,881,8192,0.002,0.002,47.95,0.002,0,0,0.0002,0.0002,0.11,0.0,25.0,21.0,1781033582499508778
1781033582614780277,33,0,8,0,true,0.108,0.0041,884,8192,0.002,0.002,47.95,0.002,0,0,0.0002,0.0002,0.09,0.0,25.0,21.0,1781033582590721672
1781033582721049322,33,0,8,0,true,0.1084,0.0041,888,8192,0.002,0.002,47.95,0.002,0,0,0.0001,0.0001,0.08,0.0,25.0,21.0,1781033582696355775
1781033582821625386,33,0,8,0,true,0.1089,0.0041,892,8192,0.002,0.002,47.95,0.002,0,0,0.0002,0.0002,0.1,0.0,25.0,21.0,1781033582817154795
1781033582922058441,33,0,8,0,true,0.1093,0.0041,895,8192,0.002,0.002,47.95,0.002,0,0,0.0001,0.0001,0.08,0.0,25.0,21.0,1781033582913924236
1781033583024966698,33,0,8,0,true,0.1097,0.0041,898,8192,0.002,0.002,47.95,0.002,0,0,0.0002,0.0002,0.1,0.0,25.0,21.0,1781033583007378715
1781033583122023955,33,0,8,0,true,0.1101,0.0041,902,8192,0.002,0.002,47.95,0.002,0,0,0.0002,0.0002,0.09,0.0,25.0,21.0,1781033583111934569
1781033583224885549,33,0,8,0,true,0.1105,0.0041,905,8192,0.003,0.003,47.95,0.003,0,0,0.0002,0.0002,0.13,0.0,25.0,21.0,1781033583209258902
1781033583321340668,33,0,8,0,true,0.111,0.0043,909,8192,0.001,0.001,47.95,0.001,0,0,0.0001,0.0001,0.06,0.0,25.0,21.0,1781033583320930360
1781033583422306014,33,0,8,0,true,0.1113,0.0041,912,8192,0.003,0.003,47.95,0.003,0,0,0.0002,0.0002,0.14,0.0,25.0,21.0,1781033583406318122
1781033583524870102,33,0,8,0,true,0.1117,0.003,915,8192,0.005,0.005,47.95,0.005,0,0,0.0004,0.0004,0.26,0.0,25.0,21.0,1781033583511761352
1781033583622257565,33,0,8,0,true,0.1121,0.0039,918,8192,0.0,0.0,47.95,0.0,0,0,0.0,0.0,0.0,0.0,25.0,21.0,1781033583606875441
1781033583724868628,33,0,8,0,true,0.1125,0.0038,921,8192,0.0,0.0,47.95,0.0,0,0,0.0,0.0,0.01,0.0,25.0,21.0,1781033583707524483
1781033583821426954,33,0,8,0,true,0.1129,0.0039,924,8192,0.0,0.0,47.95,0.0,0,0,0.0,0.0,0.0,0.0,25.0,21.0,1781033583815253701
1781033583924938449,33,0,8,0,true,0.1132,0.0038,927,8192,0.0,0.0,47.95,0.0,0,0,0.0,0.0,0.01,0.0,25.0,21.0,1781033583905553271
1781033584024848219,33,0,8,0,true,0.1136,0.0038,930,8192,0.0,0.0,47.95,0.0,0,0,0.0,0.0,0.0,0.0,25.0,21.0,1781033584011216230
1781033584122032068,33,0,8,0,true,0.114,0.0039,933,8192,0.0,0.0,47.95,0.0,0,0,0.0,0.0,0.01,0.0,25.0,21.0,1781033584108221423
1781033584224935957,33,0,8,0,true,0.1144,0.0038,937,8192,0.0,0.0,47.95,0.0,0,0,0.0,0.0,0.01,0.0,25.0,21.0,1781033584203949632
1781033584321920397,33,0,8,0,true,0.1148,0.0038,940,8192,0.0,0.0,47.95,0.0,0,0,0.0,0.0,0.01,0.0,25.0,21.0,1781033584309544337
1781033584424866430,33,0,8,0,true,0.1152,0.0038,943,8192,0.0,0.0,47.95,0.0,0,0,0.0,0.0,0.01,0.0,25.0,21.0,1781033584407328360
1781033584521379927,33,0,8,0,true,0.1156,0.0038,946,8192,0.001,0.001,47.95,0.001,0,0,0.0001,0.0001,0.05,0.0,25.0,21.0,1781033584518109343
1781033584625337758,33,0,8,0,true,0.1159,0.0038,949,8192,0.0,0.0,47.95,0.0,0,0,0.0,0.0,0.0,0.0,25.0,21.0,1781033584609663143
1781033584728866175,33,0,8,0,true,0.1163,0.0038,952,8192,0.0,0.0,47.95,0.0,0,0,0.0,0.0,0.01,0.0,25.0,21.0,1781033584708971945
1781033584829849430,33,0,8,0,true,0.1167,0.0038,955,8192,0.0,0.0,47.95,0.0,0,0,0.0,0.0,0.01,0.0,25.0,21.0,1781033584803381476
1781033584932868591,33,0,8,0,true,0.1171,0.004,959,8192,0.0,0.0,47.95,0.0,0,0,0.0,0.0,0.01,0.0,25.0,21.0,1781033584913096615
1781033585029955797,33,0,8,0,true,0.1175,0.0038,962,8192,0.0,0.0,47.95,0.0,0,0,0.0,0.0,0.01,0.0,25.0,21.0,1781033585006315164
1781033585129634917,33,0,8,0,true,0.1178,0.0039,965,8192,0.0,0.0,47.95,0.0,0,0,0.0,0.0,0.0,0.0,25.0,21.0,1781033585103092753
1781033585229401610,33,0,8,0,true,0.1183,0.0039,969,8192,0.0,0.0,47.95,0.0,0,0,0.0,0.0,0.0,0.0,25.0,21.0,1781033585220216611
1781033585332868405,33,0,8,0,true,0.1187,0.0038,972,8192,0.0,0.0,47.95,0.0,0,0,0.0,0.0,0.01,0.0,25.0,21.0,1781033585315006236
1781033585430351490,33,0,8,0,true,0.119,0.0038,975,8192,0.0,0.0,47.95,0.0,0,0,0.0,0.0,0.01,0.0,25.0,21.0,1781033585410484312
1781033585531568890,33,0,8,0,true,0.1194,0.0038,978,8192,0.0,0.0,47.95,0.0,0,0,0.0,0.0,0.01,0.0,25.0,21.0,1781033585513290106
1781033585629647107,33,0,8,0,true,0.1199,0.0038,981,8192,0.0,0.0,47.95,0.0,0,0,0.0,0.0,0.01,0.0,25.0,21.0,1781033585627380762
1781033585736866579,33,0,8,0,true,0.1202,0.0038,984,8192,0.0,0.0,47.95,0.0,0,0,0.0,0.0,0.01,0.0,25.0,21.0,1781033585719775132
1781033585839351533,33,0,8,0,true,0.1206,0.0038,987,8192,0.001,0.001,47.95,0.001,0,0,0.0,0.0,0.03,0.0,25.0,21.0,1781033585816330332
1781033585938324812,33,0,8,0,true,0.121,0.0038,991,8192,0.001,0.001,47.95,0.001,0,0,0.0001,0.0001,0.04,0.0,25.0,21.0,1781033585931759149
1781033586037756639,33,0,8,0,true,0.1214,0.0039,994,8192,0.0,0.0,47.95,0.0,0,0,0.0,0.0,0.0,0.0,25.0,21.0,1781033586029835880
1781033586138385995,33,0,8,0,true,0.1218,0.0038,997,8192,0.001,0.001,47.95,0.001,0,0,0.0001,0.0001,0.05,0.0,25.0,21.0,1781033586133778201
1781033586245001118,33,0,8,0,true,0.1222,0.004,1001,8192,0.0,0.0,47.95,0.0,0,0,0.0,0.0,0.01,0.0,25.0,21.0,1781033586232849362
1781033586346155737,33,0,8,0,true,0.1226,0.0039,1004,8192,0.0,0.0,47.95,0.0,0,0,0.0,0.0,0.0,0.0,25.0,21.0,1781033586330869278
1781033586448873718,33,0,8,0,true,0.1229,0.0038,1007,8192,0.0,0.0,47.95,0.0,0,0,0.0,0.0,0.01,0.0,25.0,21.0,1781033586426992687
1781033586548843648,33,0,8,0,true,0.1234,0.0038,1010,8192,0.0,0.0,47.95,0.0,0,0,0.0,0.0,0.01,0.0,25.0,21.0,1781033586538564446
1781033586645726943,33,0,8,0,true,0.1238,0.0038,1014,8192,0.0,0.0,47.95,0.0,0,0,0.0,0.0,0.0,0.0,25.0,21.0,1781033586645603071
1781033586746067384,33,0,8,0,true,0.1241,0.0038,1016,8192,0.0,0.0,47.95,0.0,0,0,0.0,0.0,0.01,0.0,25.0,21.0,1781033586721109325
1781033586846095234,33,0,8,0,true,0.1245,0.0039,1019,8192,0.0,0.0,47.95,0.0,0,0,0.0,0.0,0.0,0.0,25.0,21.0,1781033586827711273
1781033586945871739,33,0,8,0,true,0.1249,0.0038,1023,8192,0.0,0.0,47.95,0.0,0,0,0.0,0.0,0.01,0.0,25.0,21.0,1781033586936271572
1781033587046264730,33,0,8,0,true,0.1252,0.0038,1025,8192,0.0,0.0,47.95,0.0,0,0,0.0,0.0,0.01,0.0,25.0,21.0,1781033587021506803
1781033587146862990,33,0,8,0,true,0.1256,0.0038,1029,8192,0.0,0.0,47.95,0.0,0,0,0.0,0.0,0.01,0.0,25.0,21.0,1781033587129537824
1781033587245777553,33,0,8,0,true,0.126,0.0038,1032,8192,0.0,0.0,47.95,0.0,0,0,0.0,0.0,0.01,0.0,25.0,21.0,1781033587233535984
1781033587345704759,33,0,8,0,true,0.1265,0.0038,1035,8192,0.0,0.0,47.95,0.0,0,0,0.0,0.0,0.01,0.0,25.0,21.0,1781033587340297647
1781033587446233341,33,0,8,0,true,0.1268,0.0038,1038,8192,0.001,0.001,47.95,0.001,0,0,0.0001,0.0001,0.03,0.0,25.0,21.0,1781033587429835122
1781033587548880331,33,0,8,0,true,0.1272,0.0038,1041,8192,0.0,0.0,47.95,0.0,0,0,0.0,0.0,0.02,0.0,25.0,21.0,1781033587530140596
1781033587645712225,33,0,8,0,true,0.1276,0.0038,1045,8192,0.0,0.0,47.95,0.0,0,0,0.0,0.0,0.01,0.0,25.0,21.0,1781033587633607137
1781033587746479702,33,0,8,0,true,0.128,0.0039,1048,8192,0.0,0.0,47.95,0.0,0,0,0.0,0.0,0.0,0.0,25.0,21.0,1781033587730121421
1781033587848856398,33,0,8,0,true,0.1284,0.0038,1051,8192,0.0,0.0,47.95,0.0,0,0,0.0,0.0,0.02,0.0,25.0,21.0,1781033587836087254
1781033587945554171,33,0,8,0,true,0.1287,0.0038,1054,8192,0.0,0.0,47.95,0.0,0,0,0.0,0.0,0.01,0.0,25.0,21.0,1781033587930771847
1781033588048856466,33,0,8,0,true,0.1291,0.0038,1057,8192,0.0,0.0,47.95,0.0,0,0,0.0,0.0,0.01,0.0,25.0,21.0,1781033588036395650
1781033588148867294,33,0,8,0,true,0.1295,0.0038,1060,8192,0.001,0.001,47.95,0.001,0,0,0.0,0.0,0.02,0.0,25.0,21.0,1781033588132811235
1781033588252868839,33,0,8,0,true,0.1299,0.0039,1064,8192,0.0,0.0,47.95,0.0,0,0,0.0,0.0,0.01,0.0,25.0,21.0,1781033588242004658
1781033588356863843,33,0,8,0,true,0.1303,0.0039,1067,8192,0.0,0.0,47.95,0.0,0,0,0.0,0.0,0.0,0.0,25.0,21.0,1781033588345201464
1781033588454398024,33,0,8,0,true,0.1307,0.0038,1070,8192,0.0,0.0,47.95,0.0,0,0,0.0,0.0,0.01,0.0,25.0,21.0,1781033588433665388
1781033588553991242,33,0,8,0,true,0.1311,0.0038,1073,8192,0.0,0.0,47.95,0.0,0,0,0.0,0.0,0.02,0.0,25.0,21.0,1781033588546041813
1781033588654059903,33,0,8,0,true,0.1314,0.0038,1076,8192,0.0,0.0,47.95,0.0,0,0,0.0,0.0,0.01,0.0,25.0,21.0,1781033588635165781
1781033588753700776,33,0,8,0,true,0.1318,0.0038,1079,8192,0.0,0.0,47.95,0.0,0,0,0.0,0.0,0.01,0.0,25.0,21.0,1781033588735792818
1781033588854418798,33,0,8,0,true,0.1322,0.0039,1083,8192,0.0,0.0,47.95,0.0,0,0,0.0,0.0,0.01,0.0,25.0,21.0,1781033588844634727
1781033588953931359,33,0,8,0,true,0.1326,0.0038,1086,8192,0.001,0.001,47.95,0.001,0,0,0.0,0.0,0.02,0.0,25.0,21.0,1781033588939705310
1781033589056161138,33,0,8,0,true,0.133,0.0038,1089,8192,0.0,0.0,47.95,0.0,0,0,0.0,0.0,0.02,0.0,25.0,21.0,1781033589043183762
1781033589154455791,33,0,8,0,true,0.1334,0.0038,1092,8192,0.0,0.0,47.95,0.0,0,0,0.0,0.0,0.02,0.0,25.0,21.0,1781033589149715803
1781033589264357641,33,0,8,0,true,0.1338,0.0039,1095,8192,0.0,0.0,47.95,0.0,0,0,0.0,0.0,0.0,0.0,25.0,21.0,1781033589242308664
1781033589366381189,33,0,8,0,true,0.1342,0.0038,1099,8192,0.001,0.001,47.95,0.001,0,0,0.0001,0.0001,0.05,0.0,25.0,21.0,1781033589357350864
1781033589468872058,33,0,8,0,true,0.1346,0.0038,1102,8192,0.0,0.0,47.95,0.0,0,0,0.0,0.0,0.02,0.0,25.0,21.0,1781033589451989253
1781033589565600764,33,0,8,0,true,0.1349,0.0038,1105,8192,0.001,0.001,47.95,0.001,0,0,0.0,0.0,0.02,0.0,25.0,21.0,1781033589541846977
1781033589665606095,33,0,8,0,true,0.1353,0.004,1108,8192,0.0,0.0,47.95,0.0,0,0,0.0,0.0,0.01,0.0,25.0,21.0,1781033589645655390
1781033589768862006,33,0,8,0,true,0.1357,0.0039,1111,8192,0.0,0.0,47.95,0.0,0,0,0.0,0.0,0.01,0.0,25.0,21.0,1781033589751573007
1781033589865592766,33,0,8,0,true,0.1361,0.0038,1115,8192,0.0,0.0,47.95,0.0,0,0,0.0,0.0,0.0,0.0,25.0,21.0,1781033589852031451
1781033589966052851,33,0,8,0,true,0.1365,0.0038,1118,8192,0.0,0.0,47.95,0.0,0,0,0.0,0.0,0.01,0.0,25.0,21.0,1781033589951553921
1781033590065557153,33,0,8,0,true,0.1369,0.0038,1121,8192,0.0,0.0,47.95,0.0,0,0,0.0,0.0,0.01,0.0,25.0,21.0,1781033590057236838
1781033590167694584,33,0,8,0,true,0.1373,0.0039,1124,8192,0.0,0.0,47.95,0.0,0,0,0.0,0.0,0.0,0.0,25.0,21.0,1781033590150133735
1781033590265784909,33,0,8,0,true,0.1377,0.0039,1128,8192,0.0,0.0,47.95,0.0,0,0,0.0,0.0,0.01,0.0,25.0,21.0,1781033590263148761
1781033590366199587,33,0,8,0,true,0.138,0.0038,1130,8192,0.0,0.0,47.95,0.0,0,0,0.0,0.0,0.02,0.0,25.0,21.0,1781033590352068018
1781033590465312541,33,0,8,0,true,0.1384,0.0038,1133,8192,0.0,0.0,47.95,0.0,0,0,0.0,0.0,0.02,0.0,25.0,21.0,1781033590445947713
1781033590565619756,33,0,8,0,true,0.1388,0.0039,1137,8192,0.0,0.0,47.95,0.0,0,0,0.0,0.0,0.01,0.0,25.0,21.0,1781033590561532610
1781033590666268795,33,0,8,0,true,0.1391,0.0038,1139,8192,0.0,0.0,47.95,0.0,0,0,0.0,0.0,0.01,0.0,25.0,21.0,1781033590624628621
1781033590765770774,33,0,8,0,true,0.1396,0.0039,1143,8192,0.0,0.0,47.95,0.0,0,0,0.0,0.0,0.01,0.0,25.0,21.0,1781033590750147878
1781033590867302806,33,0,8,0,true,0.1399,0.0039,1145,8192,0.0,0.0,47.95,0.0,0,0,0.0,0.0,0.0,0.0,25.0,21.0,1781033590830156609
1781033590965895841,33,0,8,0,true,0.1404,0.0038,1149,8192,0.0,0.0,47.95,0.0,0,0,0.0,0.0,0.02,0.0,25.0,21.0,1781033590954642529
1781033591065475270,33,0,8,0,true,0.1408,0.0038,1153,8192,0.0,0.0,47.95,0.0,0,0,0.0,0.0,0.02,0.0,25.0,21.0,1781033591060414990
1781033591166289267,33,0,8,0,true,0.1412,0.0038,1156,8192,0.0,0.0,47.95,0.0,0,0,0.0,0.0,0.01,0.0,25.0,21.0,1781033591160483177
1781033591265981774,33,0,8,0,true,0.1415,0.0038,1159,8192,0.0,0.0,47.95,0.0,0,0,0.0,0.0,0.0,0.0,25.0,21.0,1781033591256911630
1781033591365615122,33,0,8,0,true,0.1418,0.0038,1161,8192,0.001,0.001,47.95,0.001,0,0,0.0001,0.0001,0.04,0.0,25.0,21.0,1781033591337206230
1781033591467901052,33,0,8,0,true,0.1423,0.0038,1165,8192,0.001,0.001,47.95,0.001,0,0,0.0,0.0,0.03,0.0,25.0,21.0,1781033591457021248
1781033591568850744,33,0,8,0,true,0.1427,0.0038,1168,8192,0.0,0.0,47.95,0.0,0,0,0.0,0.0,0.01,0.0,25.0,21.0,1781033591560909134
1781033591666283178,33,0,8,0,true,0.1431,0.004,1172,8192,0.0,0.0,47.95,0.0,0,0,0.0,0.0,0.01,0.0,25.0,21.0,1781033591661112061
1781033591765332109,33,0,8,0,true,0.1435,0.0039,1175,8192,0.0,0.0,47.95,0.0,0,0,0.0,0.0,0.01,0.0,25.0,21.0,1781033591761722924
1781033591866183586,33,0,8,0,true,0.1438,0.0038,1177,8192,0.001,0.001,47.95,0.001,0,0,0.0,0.0,0.03,0.0,25.0,21.0,1781033591836582833
1781033591966371838,33,0,8,0,true,0.1442,0.0038,1181,8192,0.0,0.0,47.95,0.0,0,0,0.0,0.0,0.01,0.0,25.0,21.0,1781033591961084540
1781033592068056352,33,0,8,0,true,0.1446,0.0039,1184,8192,0.0,0.0,47.95,0.0,0,0,0.0,0.0,0.01,0.0,25.0,21.0,1781033592050451127
1781033592168881548,33,0,8,0,true,0.145,0.0038,1187,8192,0.001,0.001,47.95,0.001,0,0,0.0001,0.0001,0.05,0.0,25.0,21.0,1781033592154791567
1781033592266362873,33,0,8,0,true,0.1454,0.0039,1191,8192,0.0,0.0,47.95,0.0,0,0,0.0,0.0,0.01,0.0,25.0,21.0,1781033592264340144
1781033592366231368,33,0,8,0,true,0.1458,0.0038,1194,8192,0.0,0.0,47.95,0.0,0,0,0.0,0.0,0.02,0.0,25.0,21.0,1781033592361165847
1781033592466202714,33,0,8,0,true,0.1461,0.0039,1197,8192,0.0,0.0,47.95,0.0,0,0,0.0,0.0,0.01,0.0,25.0,21.0,1781033592450150429
1781033592569981937,33,0,8,0,true,0.1465,0.0038,1199,8192,0.0,0.0,47.95,0.0,0,0,0.0,0.0,0.02,0.0,25.0,21.0,1781033592543080620
1781033592670960614,33,0,8,0,true,0.1468,0.0038,1202,8192,0.0,0.0,47.95,0.0,0,0,0.0,0.0,0.02,0.0,25.0,21.0,1781033592637998071
1781033592770835913,33,0,8,0,true,0.1473,0.0038,1206,8192,0.0,0.0,47.95,0.0,0,0,0.0,0.0,0.01,0.0,25.0,21.0,1781033592759175573
1781033592876898542,33,0,8,0,true,0.1477,0.0038,1209,8192,0.001,0.001,47.95,0.001,0,0,0.0001,0.0001,0.05,0.0,25.0,21.0,1781033592861483402
1781033592981002631,33,0,8,0,true,0.148,0.0039,1212,8192,0.0,0.0,47.95,0.0,0,0,0.0,0.0,0.01,0.0,25.0,21.0,1781033592949761980
1781033593077441640,33,0,8,0,true,0.1485,0.0038,1216,8192,0.0,0.0,47.95,0.0,0,0,0.0,0.0,0.01,0.0,25.0,21.0,1781033593065093204
1781033593177456718,33,0,8,0,true,0.1489,0.0038,1219,8192,0.001,0.001,47.95,0.001,0,0,0.0,0.0,0.02,0.0,25.0,21.0,1781033593162356594
1781033593281077310,33,0,8,0,true,0.1492,0.0038,1222,8192,0.0,0.0,47.95,0.0,0,0,0.0,0.0,0.02,0.0,25.0,21.0,1781033593252288869
1781033593378151011,33,0,8,0,true,0.1496,0.0038,1225,8192,0.0,0.0,47.95,0.0,0,0,0.0,0.0,0.0,0.0,25.0,21.0,1781033593354816566
1781033593477680906,33,0,8,0,true,0.15,0.0038,1228,8192,0.0,0.0,47.95,0.0,0,0,0.0,0.0,0.01,0.0,25.0,21.0,1781033593463839621
1781033593578103758,33,0,8,0,true,0.1503,0.0038,1231,8192,0.001,0.001,47.95,0.001,0,0,0.0,0.0,0.02,0.0,25.0,21.0,1781033593548470402
1781033593678817813,33,0,8,0,true,0.1508,0.0038,1235,8192,0.0,0.0,47.95,0.0,0,0,0.0,0.0,0.0,0.0,25.0,21.0,1781033593661524591
1781033593781036027,33,0,8,0,true,0.1511,0.0038,1238,8192,0.001,0.001,47.95,0.001,0,0,0.0001,0.0001,0.05,0.0,25.0,21.0,1781033593755023153
1781033593884999248,33,0,8,0,true,0.1516,0.0039,1241,8192,0.0,0.0,47.95,0.0,0,0,0.0,0.0,0.01,0.0,25.0,21.0,1781033593874256326
1781033593987087080,33,0,8,0,true,0.152,0.0039,1244,8192,0.0,0.0,47.95,0.0,0,0,0.0,0.0,0.01,0.0,25.0,21.0,1781033593975399404
1781033594086396471,33,0,8,0,true,0.1523,0.0038,1247,8192,0.001,0.001,47.95,0.001,0,0,0.0,0.0,0.03,0.0,25.0,21.0,1781033594057343763
1781033594185717853,33,0,8,0,true,0.1528,0.0038,1251,8192,0.0,0.0,47.95,0.0,0,0,0.0,0.0,0.01,0.0,25.0,21.0,1781033594184361940
1781033594285756160,33,0,8,0,true,0.1532,0.0039,1254,8192,0.0,0.0,47.95,0.0,0,0,0.0,0.0,0.01,0.0,25.0,21.0,1781033594283937520
1781033594386994907,33,0,8,0,true,0.1535,0.0038,1257,8192,0.0,0.0,47.95,0.0,0,0,0.0,0.0,0.01,0.0,25.0,21.0,1781033594379422433
1781033594487696863,33,0,8,0,true,0.1539,0.0038,1260,8192,0.0,0.0,47.95,0.0,0,0,0.0,0.0,0.02,0.0,25.0,21.0,1781033594464420292
1781033594588881685,33,0,8,0,true,0.1542,0.0039,1263,8192,0.0,0.0,47.95,0.0,0,0,0.0,0.0,0.01,0.0,25.0,21.0,1781033594561302190
1781033594686039096,33,0,8,0,true,0.1546,0.0038,1266,8192,0.0,0.0,47.95,0.0,0,0,0.0,0.0,0.02,0.0,25.0,21.0,1781033594662778375
1781033594788847778,33,0,8,0,true,0.155,0.0038,1270,8192,0.001,0.001,47.95,0.001,0,0,0.0001,0.0001,0.03,0.0,25.0,21.0,1781033594774430848
1781033594888878903,33,0,8,0,true,0.1555,0.0039,1273,8192,0.0,0.0,47.95,0.0,0,0,0.0,0.0,0.01,0.0,25.0,21.0,1781033594880100177
1781033594986424552,33,0,8,0,true,0.1557,0.0038,1275,8192,0.0,0.0,47.95,0.0,0,0,0.0,0.0,0.01,0.0,25.0,21.0,1781033594955140029
1781033595088858769,33,0,8,0,true,0.1562,0.0038,1279,8192,0.0,0.0,47.95,0.0,0,0,0.0,0.0,0.02,0.0,25.0,21.0,1781033595064151948
1781033595185697266,33,0,8,0,true,0.1566,0.0038,1283,8192,0.0,0.0,47.95,0.0,0,0,0.0,0.0,0.0,0.0,25.0,21.0,1781033595185066395
1781033595288838280,33,0,8,0,true,0.157,0.0038,1285,8192,0.0,0.0,47.95,0.0,0,0,0.0,0.0,0.02,0.0,25.0,21.0,1781033595273895094
1781033595385628513,33,0,8,0,true,0.1574,0.0038,1289,8192,0.0,0.0,47.95,0.0,0,0,0.0,0.0,0.01,0.0,25.0,21.0,1781033595384574998
1781033595488865292,33,0,8,0,true,0.1577,0.0038,1292,8192,0.0,0.0,47.95,0.0,0,0,0.0,0.0,0.01,0.0,25.0,21.0,1781033595471911615
1781033595588844391,33,0,8,0,true,0.1581,0.0039,1295,8192,0.0,0.0,47.95,0.0,0,0,0.0,0.0,0.01,0.0,25.0,21.0,1781033595564479286
1781033595685627630,33,0,8,0,true,0.1585,0.0038,1298,8192,0.0,0.0,47.95,0.0,0,0,0.0,0.0,0.01,0.0,25.0,21.0,1781033595665677846
1781033595788830466,33,0,8,0,true,0.1589,0.0038,1301,8192,0.0,0.0,47.95,0.0,0,0,0.0,0.0,0.01,0.0,25.0,21.0,1781033595781697035
1781033595886148736,33,0,8,0,true,0.1593,0.0038,1304,8192,0.0,0.0,47.95,0.0,0,0,0.0,0.0,0.02,0.0,25.0,21.0,1781033595876757148
1781033595985307177,33,0,8,0,true,0.1596,0.0038,1307,8192,0.001,0.001,47.95,0.001,0,0,0.0,0.0,0.03,0.0,25.0,21.0,1781033595962913128
1781033596086253771,33,0,8,0,true,0.16,0.0038,1310,8192,0.0,0.0,47.95,0.0,0,0,0.0,0.0,0.01,0.0,25.0,21.0,1781033596064937003
1781033596186046883,33,0,8,0,true,0.1605,0.0038,1314,8192,0.001,0.001,47.95,0.001,0,0,0.0,0.0,0.03,0.0,25.0,21.0,1781033596181886871
1781033596288964624,33,0,8,0,true,0.1608,0.0039,1317,8192,0.0,0.0,47.95,0.0,0,0,0.0,0.0,0.01,0.0,25.0,21.0,1781033596268755881
1781033596386885597,33,0,8,0,true,0.1612,0.0038,1320,8192,0.0,0.0,47.95,0.0,0,0,0.0,0.0,0.02,0.0,25.0,21.0,1781033596369940230
1781033596485770202,33,0,8,0,true,0.1616,0.0039,1323,8192,0.0,0.0,47.95,0.0,0,0,0.0,0.0,0.0,0.0,25.0,21.0,1781033596479254509
1781033596586374652,33,0,8,0,true,0.162,0.0039,1327,8192,0.0,0.0,47.95,0.0,0,0,0.0,0.0,0.01,0.0,25.0,21.0,1781033596580467158
1781033596685982283,33,0,8,0,true,0.1623,0.0038,1329,8192,0.0,0.0,47.95,0.0,0,0,0.0,0.0,0.01,0.0,25.0,21.0,1781033596671077543
1781033596788869756,33,0,8,0,true,0.1627,0.0039,1332,8192,0.0,0.0,47.95,0.0,0,0,0.0,0.0,0.0,0.0,25.0,21.0,1781033596764294045
1781033596887316977,33,0,8,0,true,0.1631,0.0038,1336,8192,0.0,0.0,47.95,0.0,0,0,0.0,0.0,0.01,0.0,25.0,21.0,1781033596875539365
1781033596988872174,33,0,8,0,true,0.1635,0.0038,1339,8192,0.0,0.0,47.95,0.0,0,0,0.0,0.0,0.02,0.0,25.0,21.0,1781033596962470106
1781033597086068288,33,0,8,0,true,0.1639,0.0038,1342,8192,0.0,0.0,47.95,0.0,0,0,0.0,0.0,0.01,0.0,25.0,21.0,1781033597067347278
1781033597186351972,33,0,8,0,true,0.1642,0.0039,1345,8192,0.0,0.0,47.95,0.0,0,0,0.0,0.0,0.01,0.0,25.0,21.0,1781033597162980644
1781033597285365631,33,0,8,0,true,0.1646,0.0038,1348,8192,0.0,0.0,47.95,0.0,0,0,0.0,0.0,0.02,0.0,25.0,21.0,1781033597266304575
1781033597385449663,33,0,8,0,true,0.165,0.0038,1351,8192,0.0,0.0,47.95,0.0,0,0,0.0,0.0,0.02,0.0,25.0,21.0,1781033597364350782
1781033597485874113,33,0,8,0,true,0.1655,0.0039,1355,8192,0.0,0.0,47.95,0.0,0,0,0.0,0.0,0.0,0.0,25.0,21.0,1781033597479675436
1781033597585419440,33,0,8,0,true,0.1659,0.0039,1358,8192,0.0,0.0,47.95,0.0,0,0,0.0,0.0,0.01,0.0,25.0,21.0,1781033597584878894
1781033597686084294,33,0,8,0,true,0.1662,0.0038,1361,8192,0.0,0.0,47.95,0.0,0,0,0.0,0.0,0.01,0.0,25.0,21.0,1781033597675835254
1781033597787086774,33,0,8,0,true,0.1666,0.0039,1365,8192,0.0,0.0,47.95,0.0,0,0,0.0,0.0,0.01,0.0,25.0,21.0,1781033597786465789
1781033597885814954,33,0,8,0,true,0.167,0.0038,1368,8192,0.0,0.0,47.95,0.0,0,0,0.0,0.0,0.01,0.0,25.0,21.0,1781033597881837681
1781033597987195055,33,0,8,0,true,0.1673,0.0038,1370,8192,0.0,0.0,47.95,0.0,0,0,0.0,0.0,0.01,0.0,25.0,21.0,1781033597957284573
1781033598086158655,33,0,8,0,true,0.1678,0.0038,1374,8192,0.001,0.001,47.95,0.001,0,0,0.0001,0.0001,0.03,0.0,25.0,21.0,1781033598081288023
1781033598188846092,33,0,8,0,true,0.1681,0.0038,1377,8192,0.0,0.0,47.95,0.0,0,0,0.0,0.0,0.0,0.0,25.0,21.0,1781033598180103842
1781033598285356915,33,0,8,0,true,0.1685,0.0039,1380,8192,0.0,0.0,47.95,0.0,0,0,0.0,0.0,0.01,0.0,25.0,21.0,1781033598271737557
1781033598386093246,33,0,8,0,true,0.1689,0.0038,1383,8192,0.0,0.0,47.95,0.0,0,0,0.0,0.0,0.02,0.0,25.0,21.0,1781033598374978203
1781033598488884877,33,0,8,0,true,0.1693,0.0039,1386,8192,0.0,0.0,47.95,0.0,0,0,0.0,0.0,0.0,0.0,25.0,21.0,1781033598474797209
1781033598586294056,33,0,8,0,true,0.1697,0.0039,1390,8192,0.0,0.0,47.95,0.0,0,0,0.0,0.0,0.0,0.0,25.0,21.0,1781033598582413058
1781033598685460242,33,0,8,0,true,0.17,0.0038,1392,8192,0.0,0.0,47.95,0.0,0,0,0.0,0.0,0.01,0.0,25.0,21.0,1781033598668987555
1781033598786270807,33,0,8,0,true,0.1705,0.004,1396,8192,0.0,0.0,47.95,0.0,0,0,0.0,0.0,0.01,0.0,25.0,21.0,1781033598782517188
1781033598892880224,33,0,8,0,true,0.1709,0.0039,1399,8192,0.0,0.0,47.95,0.0,0,0,0.0,0.0,0.01,0.0,25.0,21.0,1781033598882136175
1781033598994087379,33,0,8,0,true,0.1712,0.0038,1402,8192,0.001,0.001,47.95,0.001,0,0,0.0,0.0,0.02,0.0,25.0,21.0,1781033598976875745
1781033599094172184,33,0,8,0,true,0.1716,0.0039,1405,8192,0.0,0.0,47.95,0.0,0,0,0.0,0.0,0.0,0.0,25.0,21.0,1781033599069205553
1781033599193824513,33,0,8,0,true,0.172,0.0038,1408,8192,0.001,0.001,47.95,0.001,0,0,0.0001,0.0001,0.04,0.0,25.0,21.0,1781033599173903976
1781033599296849404,33,0,8,0,true,0.1724,0.004,1412,8192,0.0,0.0,47.95,0.0,0,0,0.0,0.0,0.01,0.0,25.0,21.0,1781033599284334021
1781033599394159844,33,0,8,0,true,0.1728,0.0039,1415,8192,0.0,0.0,47.95,0.0,0,0,0.0,0.0,0.0,0.0,25.0,21.0,1781033599392595053
1781033599493676850,33,0,8,0,true,0.1731,0.0039,1418,8192,0.0,0.0,47.95,0.0,0,0,0.0,0.0,0.01,0.0,25.0,21.0,1781033599473589655
1781033599594025365,33,0,8,0,true,0.1736,0.0038,1421,8192,0.0,0.0,47.95,0.0,0,0,0.0,0.0,0.01,0.0,25.0,21.0,1781033599590728033
1781033599696850582,33,0,8,0,true,0.1739,0.004,1424,8192,0.0,0.0,47.95,0.0,0,0,0.0,0.0,0.01,0.0,25.0,21.0,1781033599676916825
1781033599793748985,33,0,8,0,true,0.1743,0.0039,1428,8192,0.0,0.0,47.95,0.0,0,0,0.0,0.0,0.0,0.0,25.0,21.0,1781033599782870046
1781033599893757741,33,0,8,0,true,0.1747,0.0039,1431,8192,0.0,0.0,47.95,0.0,0,0,0.0,0.0,0.01,0.0,25.0,21.0,1781033599890470113
1781033599993423999,33,0,8,0,true,0.1751,0.0038,1434,8192,0.001,0.001,47.95,0.001,0,0,0.0001,0.0001,0.03,0.0,25.0,21.0,1781033599985421803
1781033600093679145,33,0,8,0,true,0.1755,0.0038,1437,8192,0.0,0.0,47.95,0.0,0,0,0.0,0.0,0.0,0.0,25.0,21.0,1781033600091381329
1781033600193543928,33,0,8,0,true,0.1758,0.0038,1440,8192,0.001,0.001,47.95,0.001,0,0,0.0001,0.0001,0.03,0.0,25.0,21.0,1781033600177268103
1781033600294081824,33,0,8,0,true,0.1763,0.0038,1444,8192,0.0,0.0,47.95,0.0,0,0,0.0,0.0,0.01,0.0,25.0,21.0,1781033600290185679
1781033600395739472,33,0,8,0,true,0.1766,0.0039,1446,8192,0.0,0.0,47.95,0.0,0,0,0.0,0.0,0.01,0.0,25.0,21.0,1781033600382925834
1781033600493777682,33,0,8,0,true,0.177,0.004,1450,8192,0.0,0.0,47.95,0.0,0,0,0.0,0.0,0.01,0.0,25.0,21.0,1781033600480127100
1781033600593898317,33,0,8,0,true,0.1774,0.0039,1453,8192,0.0,0.0,47.95,0.0,0,0,0.0,0.0,0.0,0.0,25.0,21.0,1781033600584992558
1781033600693496512,33,0,8,0,true,0.1778,0.0038,1456,8192,0.0,0.0,47.95,0.0,0,0,0.0,0.0,0.0,0.0,25.0,21.0,1781033600680439757
1781033600793575312,33,0,8,0,true,0.1782,0.0039,1459,8192,0.0,0.0,47.95,0.0,0,0,0.0,0.0,0.01,0.0,25.0,21.0,1781033600781293828
1781033600893765004,33,0,8,0,true,0.1786,0.0038,1462,8192,0.001,0.001,47.95,0.001,0,0,0.0001,0.0001,0.05,0.0,25.0,21.0,1781033600891878307
1781033600994379099,33,0,8,0,true,0.179,0.0038,1466,8192,0.001,0.001,47.95,0.001,0,0,0.0001,0.0001,0.03,0.0,25.0,21.0,1781033600993707819
1781033601093941906,33,0,8,0,true,0.1793,0.0038,1469,8192,0.0,0.0,47.95,0.0,0,0,0.0,0.0,0.01,0.0,25.0,21.0,1781033601083882294
1781033601194460843,33,0,8,0,true,0.1797,0.004,1472,8192,0.0,0.0,47.95,0.0,0,0,0.0,0.0,0.02,0.0,25.0,21.0,1781033601187586884
1781033601294261273,33,0,8,0,true,0.1801,0.0038,1475,8192,0.001,0.001,47.95,0.001,0,0,0.0,0.0,0.03,0.0,25.0,21.0,1781033601290215770
1781033601393918972,33,0,8,0,true,0.1805,0.0039,1478,8192,0.0,0.0,47.95,0.0,0,0,0.0,0.0,0.0,0.0,25.0,21.0,1781033601380686437
1781033601496918501,33,0,8,0,true,0.1809,0.0039,1481,8192,0.0,0.0,47.95,0.0,0,0,0.0,0.0,0.0,0.0,25.0,21.0,1781033601488974979
1781033601593626550,33,0,8,0,true,0.1812,0.0038,1484,8192,0.001,0.001,47.95,0.001,0,0,0.0001,0.0001,0.03,0.0,25.0,21.0,1781033601577720498
1781033601693558896,33,0,8,0,true,0.1816,0.0039,1487,8192,0.0,0.0,47.95,0.0,0,0,0.0,0.0,0.0,0.0,25.0,21.0,1781033601680739753
1781033601794004945,33,0,8,0,true,0.182,0.0038,1490,8192,0.001,0.001,47.95,0.001,0,0,0.0,0.0,0.03,0.0,25.0,21.0,1781033601768895765
1781033601896850027,33,0,8,0,true,0.1824,0.0038,1493,8192,0.001,0.001,47.95,0.001,0,0,0.0001,0.0001,0.04,0.0,25.0,21.0,1781033601870162688
1781033601994006528,33,0,8,0,true,0.1828,0.0039,1497,8192,0.0,0.0,47.95,0.0,0,0,0.0,0.0,0.0,0.0,25.0,21.0,1781033601991132774
1781033602094726551,33,0,8,0,true,0.1832,0.0038,1500,8192,0.0,0.0,47.95,0.0,0,0,0.0,0.0,0.01,0.0,25.0,21.0,1781033602088594201
1781033602194037217,33,0,8,0,true,0.1836,0.0038,1503,8192,0.001,0.001,47.95,0.001,0,0,0.0001,0.0001,0.03,0.0,25.0,21.0,1781033602190100790
1781033602301001951,33,0,8,0,true,0.1839,0.0038,1506,8192,0.0,0.0,47.95,0.0,0,0,0.0,0.0,0.02,0.0,25.0,21.0,1781033602282871920
1781033602404852703,33,0,8,0,true,0.1843,0.0038,1510,8192,0.0,0.0,47.95,0.0,0,0,0.0,0.0,0.02,0.0,25.0,21.0,1781033602383408687
1781033602501338422,33,0,8,0,true,0.1847,0.004,1512,8192,0.0,0.0,47.95,0.0,0,0,0.0,0.0,0.02,0.0,25.0,21.0,1781033602477595348
1781033602602119975,33,0,8,0,true,0.1851,0.0038,1516,8192,0.001,0.001,47.95,0.001,0,0,0.0,0.0,0.03,0.0,25.0,21.0,1781033602593905256
1781033602702242749,33,0,8,0,true,0.1855,0.004,1519,8192,0.0,0.0,47.95,0.0,0,0,0.0,0.0,0.01,0.0,25.0,21.0,1781033602677123198
1781033602801634664,33,0,8,0,true,0.1858,0.0038,1522,8192,0.0,0.0,47.95,0.0,0,0,0.0,0.0,0.0,0.0,25.0,21.0,1781033602767208997
1781033602902012416,33,0,8,0,true,0.1863,0.0038,1526,8192,0.0,0.0,47.95,0.0,0,0,0.0,0.0,0.0,0.0,25.0,21.0,1781033602901283037
1781033603005796938,33,0,8,0,true,0.1867,0.0038,1529,8192,0.0,0.0,47.95,0.0,0,0,0.0,0.0,0.02,0.0,25.0,21.0,1781033602998514130
1781033603101350621,33,0,8,0,true,0.1871,0.0038,1532,8192,0.001,0.001,47.95,0.001,0,0,0.0001,0.0001,0.05,0.0,25.0,21.0,1781033603101230684
1781033603202083861,33,0,8,0,true,0.1874,0.0039,1535,8192,0.0,0.0,47.95,0.0,0,0,0.0,0.0,0.01,0.0,25.0,21.0,1781033603189210281
1781033603301410555,33,0,8,0,true,0.1877,0.0038,1537,8192,0.0,0.0,47.95,0.0,0,0,0.0,0.0,0.01,0.0,25.0,21.0,1781033603265291619
1781033603401810995,33,0,8,0,true,0.1882,0.0038,1542,8192,0.001,0.001,47.95,0.001,0,0,0.0001,0.0001,0.06,0.0,25.0,21.0,1781033603398186043
1781033603504860316,33,0,8,0,true,0.1886,0.0038,1544,8192,0.0,0.0,47.95,0.0,0,0,0.0,0.0,0.01,0.0,25.0,21.0,1781033603486424395
1781033603601540181,33,0,8,0,true,0.189,0.0038,1548,8192,0.0,0.0,47.95,0.0,0,0,0.0,0.0,0.01,0.0,25.0,21.0,1781033603601109094
1781033603706131928,33,0,8,0,true,0.1893,0.0038,1551,8192,0.0,0.0,47.95,0.0,0,0,0.0,0.0,0.01,0.0,25.0,21.0,1781033603687731951
1781033603806907207,33,0,8,0,true,0.1897,0.0038,1554,8192,0.0,0.0,47.95,0.0,0,0,0.0,0.0,0.01,0.0,25.0,21.0,1781033603790265680
1781033603908751711,33,0,8,0,true,0.1902,0.0039,1557,8192,0.0,0.0,47.95,0.0,0,0,0.0,0.0,0.01,0.0,25.0,21.0,1781033603897754017
1781033604007295313,33,0,8,0,true,0.1906,0.0039,1561,8192,0.0,0.0,47.95,0.0,0,0,0.0,0.0,0.01,0.0,25.0,21.0,1781033603999969401
1781033604106625854,33,0,8,0,true,0.1909,0.0038,1564,8192,0.001,0.001,47.95,0.001,0,0,0.0,0.0,0.03,0.0,25.0,21.0,1781033604098320154
1781033604206723720,33,0,8,0,true,0.1913,0.0038,1567,8192,0.0,0.0,47.95,0.0,0,0,0.0,0.0,0.02,0.0,25.0,21.0,1781033604200470725
1781033604306465399,33,0,8,0,true,0.1917,0.0038,1570,8192,0.0,0.0,47.95,0.0,0,0,0.0,0.0,0.01,0.0,25.0,21.0,1781033604292987807
1781033604407009355,33,0,8,0,true,0.1921,0.0038,1573,8192,0.0,0.0,47.95,0.0,0,0,0.0,0.0,0.0,0.0,25.0,21.0,1781033604393945668
1781033604506818610,33,0,8,0,true,0.1924,0.0039,1576,8192,0.0,0.0,47.95,0.0,0,0,0.0,0.0,0.0,0.0,25.0,21.0,1781033604493153868
1781033604607330346,33,0,8,0,true,0.1928,0.0039,1579,8192,0.0,0.0,47.95,0.0,0,0,0.0,0.0,0.0,0.0,25.0,21.0,1781033604581155726
1781033604707360045,33,0,8,0,true,0.1932,0.0038,1582,8192,0.0,0.0,47.95,0.0,0,0,0.0,0.0,0.01,0.0,25.0,21.0,1781033604693017502
1781033604807145942,33,0,8,0,true,0.1936,0.0039,1585,8192,0.0,0.0,47.95,0.0,0,0,0.0,0.0,0.0,0.0,25.0,21.0,1781033604783876142
1781033604908864014,33,0,8,0,true,0.194,0.0039,1589,8192,0.0,0.0,47.95,0.0,0,0,0.0,0.0,0.01,0.0,25.0,21.0,1781033604901365490
1781033605015182121,33,0,8,0,true,0.1944,0.0038,1592,8192,0.001,0.001,47.95,0.001,0,0,0.0,0.0,0.03,0.0,25.0,21.0,1781033605003366618
1781033605116309283,33,0,8,0,true,0.1948,0.0038,1595,8192,0.001,0.001,47.95,0.001,0,0,0.0,0.0,0.03,0.0,25.0,21.0,1781033605106124834
1781033605215671330,33,0,8,0,true,0.1952,0.0038,1599,8192,0.0,0.0,47.95,0.0,0,0,0.0,0.0,0.01,0.0,25.0,21.0,1781033605213194081
1781033605315924394,33,0,8,0,true,0.1956,0.0038,1602,8192,0.001,0.001,47.95,0.001,0,0,0.0001,0.0001,0.03,0.0,25.0,21.0,1781033605305683021
1781033605417795456,33,0,8,0,true,0.1959,0.0038,1604,8192,0.0,0.0,47.95,0.0,0,0,0.0,0.0,0.01,0.0,25.0,21.0,1781033605384085917
1781033605516922533,33,0,8,0,true,0.1964,0.0038,1608,8192,0.0,0.0,47.95,0.0,0,0,0.0,0.0,0.0,0.0,25.0,21.0,1781033605512851617
1781033605616141044,33,0,8,0,true,0.1967,0.0038,1611,8192,0.001,0.001,47.95,0.001,0,0,0.0001,0.0001,0.05,0.0,25.0,21.0,1781033605590027905
1781033605716184705,33,0,8,0,true,0.1971,0.0039,1614,8192,0.0,0.0,47.95,0.0,0,0,0.0,0.0,0.0,0.0,25.0,21.0,1781033605710749321
1781033605816438004,33,0,8,0,true,0.1975,0.0038,1618,8192,0.001,0.001,47.95,0.001,0,0,0.0001,0.0001,0.05,0.0,25.0,21.0,1781033605811316928
1781033605915974087,33,0,8,0,true,0.1978,0.0038,1620,8192,0.0,0.0,47.95,0.0,0,0,0.0,0.0,0.01,0.0,25.0,21.0,1781033605877349174
1781033606016647303,33,0,8,0,true,0.1983,0.0039,1624,8192,0.0,0.0,47.95,0.0,0,0,0.0,0.0,0.01,0.0,25.0,21.0,1781033606013320523
1781033606120998105,33,0,8,0,true,0.1986,0.0038,1627,8192,0.0,0.0,47.95,0.0,0,0,0.0,0.0,0.0,0.0,25.0,21.0,1781033606104765464
1781033606222182402,33,0,8,0,true,0.1991,0.0038,1630,8192,0.001,0.001,47.95,0.001,0,0,0.0001,0.0001,0.05,0.0,25.0,21.0,1781033606211404738
1781033606322065933,33,0,8,0,true,0.1995,0.0039,1634,8192,0.0,0.0,47.95,0.0,0,0,0.0,0.0,0.0,0.0,25.0,21.0,1781033606319941638
1781033606422090402,33,0,8,0,true,0.1998,0.0039,1637,8192,0.0,0.0,47.95,0.0,0,0,0.0,0.0,0.01,0.0,25.0,21.0,1781033606416660693
1781033606524873438,33,0,8,0,true,0.2002,0.0038,1639,8192,0.0,0.0,47.95,0.0,0,0,0.0,0.0,0.01,0.0,25.0,21.0,1781033606500920046
1781033606621837755,33,0,8,0,true,0.2006,0.0038,1643,8192,0.0,0.0,47.95,0.0,0,0,0.0,0.0,0.02,0.0,25.0,21.0,1781033606618857891
1781033606721995378,33,0,8,0,true,0.201,0.0038,1646,8192,0.0,0.0,47.95,0.0,0,0,0.0,0.0,0.02,0.0,25.0,21.0,1781033606718256624
1781033606821583125,33,0,8,0,true,0.2014,0.0039,1649,8192,0.0,0.0,47.95,0.0,0,0,0.0,0.0,0.0,0.0,25.0,21.0,1781033606817495991
1781033606922285305,33,0,8,0,true,0.2017,0.0038,1652,8192,0.0,0.0,47.95,0.0,0,0,0.0,0.0,0.0,0.0,25.0,21.0,1781033606904278588
1781033607024891744,33,0,8,0,true,0.202,0.0038,1655,8192,0.0,0.0,47.95,0.0,0,0,0.0,0.0,0.01,0.0,25.0,21.0,1781033606985345857
1781033607121388843,33,0,8,0,true,0.2025,0.0038,1659,8192,0.0,0.0,47.95,0.0,0,0,0.0,0.0,0.01,0.0,25.0,21.0,1781033607119006220
1781033607222294009,33,0,8,0,true,0.2029,0.0038,1662,8192,0.001,0.001,47.95,0.001,0,0,0.0001,0.0001,0.03,0.0,25.0,21.0,1781033607210211450
1781033607322217612,33,0,8,0,true,0.2031,0.0039,1664,8192,0.0,0.0,47.95,0.0,0,0,0.0,0.0,0.0,0.0,25.0,21.0,1781033607274708552
1781033607421705015,33,0,8,0,true,0.2037,0.0039,1668,8192,0.0,0.0,47.95,0.0,0,0,0.0,0.0,0.01,0.0,25.0,21.0,1781033607418754000
1781033607524854030,33,0,8,0,true,0.204,0.0039,1671,8192,0.0,0.0,47.95,0.0,0,0,0.0,0.0,0.0,0.0,25.0,21.0,1781033607497838016
1781033607622315964,33,0,8,0,true,0.2044,0.0038,1674,8192,0.0,0.0,47.95,0.0,0,0,0.0,0.0,0.01,0.0,25.0,21.0,1781033607613283639
1781033607722345415,33,0,8,0,true,0.2048,0.0038,1678,8192,0.0,0.0,47.95,0.0,0,0,0.0,0.0,0.02,0.0,25.0,21.0,1781033607717356740
1781033607823289061,33,0,8,0,true,0.2051,0.0038,1680,8192,0.0,0.0,47.95,0.0,0,0,0.0,0.0,0.02,0.0,25.0,21.0,1781033607786431066
1781033607921454110,33,0,8,0,true,0.2056,0.0038,1683,8192,0.0,0.0,47.95,0.0,0,0,0.0,0.0,0.0,0.0,25.0,21.0,1781033607903223208
1781033608022122532,33,0,8,0,true,0.2059,0.0038,1686,8192,0.0,0.0,47.95,0.0,0,0,0.0,0.0,0.01,0.0,25.0,21.0,1781033608001874650
1781033608128844497,33,0,8,0,true,0.2063,0.0038,1690,8192,0.0,0.0,47.95,0.0,0,0,0.0,0.0,0.01,0.0,25.0,21.0,1781033608103018141
1781033608229372389,33,0,8,0,true,0.2067,0.0039,1693,8192,0.0,0.0,47.95,0.0,0,0,0.0,0.0,0.0,0.0,25.0,21.0,1781033608195427102
1781033608329449735,33,0,8,0,true,0.2071,0.0038,1696,8192,0.001,0.001,47.95,0.001,0,0,0.0001,0.0001,0.04,0.0,25.0,21.0,1781033608318360149
1781033608430121179,33,0,8,0,true,0.2075,0.004,1700,8192,0.0,0.0,47.95,0.0,0,0,0.0,0.0,0.01,0.0,25.0,21.0,1781033608419845692
1781033608529591449,33,0,8,0,true,0.2079,0.0038,1703,8192,0.0,0.0,47.95,0.0,0,0,0.0,0.0,0.01,0.0,25.0,21.0,1781033608526551778
1781033608630105113,33,0,8,0,true,0.2083,0.0038,1706,8192,0.0,0.0,47.95,0.0,0,0,0.0,0.0,0.02,0.0,25.0,21.0,1781033608613023958
1781033608729555586,33,0,8,0,true,0.2087,0.0039,1709,8192,0.0,0.0,47.95,0.0,0,0,0.0,0.0,0.01,0.0,25.0,21.0,1781033608717449588
1781033608829504486,33,0,8,0,true,0.2091,0.0038,1712,8192,0.001,0.001,47.95,0.001,0,0,0.0001,0.0001,0.03,0.0,25.0,21.0,1781033608823891980
1781033608930386029,33,0,8,0,true,0.2094,0.0039,1715,8192,0.0,0.0,47.95,0.0,0,0,0.0,0.0,0.01,0.0,25.0,21.0,1781033608909004371
1781033609030161348,33,0,8,0,true,0.2098,0.0038,1718,8192,0.001,0.001,47.95,0.001,0,0,0.0001,0.0001,0.06,0.0,25.0,21.0,1781033609009094544
1781033609129995578,33,0,8,0,true,0.2103,0.0039,1722,8192,0.001,0.001,47.95,0.001,0,0,0.0001,0.0001,0.07,0.0,25.0,21.0,1781033609123135646
1781033609232869389,33,0,8,0,true,0.2106,0.0038,1725,8192,0.0,0.0,47.95,0.0,0,0,0.0,0.0,0.02,0.0,25.0,21.0,1781033609212722295
1781033609330082532,33,0,8,0,true,0.211,0.004,1728,8192,0.0,0.0,47.95,0.0,0,0,0.0,0.0,0.01,0.0,25.0,21.0,1781033609312299910
1781033609429899393,33,0,8,0,true,0.2113,0.0039,1730,8192,0.0,0.0,47.95,0.0,0,0,0.0,0.0,0.02,0.0,25.0,21.0,1781033609389230040
1781033609530952322,33,0,8,0,true,0.2118,0.0038,1735,8192,0.001,0.001,47.95,0.001,0,0,0.0001,0.0001,0.04,0.0,25.0,21.0,1781033609530236142
1781033609630166013,33,0,8,0,true,0.2121,0.0038,1737,8192,0.0,0.0,47.95,0.0,0,0,0.0,0.0,0.02,0.0,25.0,21.0,1781033609600751622
1781033609729943403,33,0,8,0,true,0.2125,0.0025,1740,8192,0.008,0.008,47.95,0.008,0,0,0.0007,0.0007,0.41,0.0,25.0,21.0,1781033609709135737
1781033609832863005,33,0,8,0,true,0.2127,0.0023,1742,8192,0.0,0.0,47.95,0.0,0,0,0.0,0.0,0.01,0.0,25.0,21.0,1781033609805821332
1781033609930172247,33,0,8,0,true,0.2129,0.0024,1744,8192,0.004,0.004,47.95,0.004,0,0,0.0003,0.0003,0.18,0.0,25.0,21.0,1781033609910091834
1781033610036890971,33,0,8,0,true,0.2132,0.0023,1746,8192,0.0,0.0,47.95,0.0,0,0,0.0,0.0,0.02,0.0,25.0,21.0,1781033610010416951
1781033610137540055,33,0,8,0,true,0.2134,0.0025,1748,8192,0.006,0.006,47.95,0.006,0,0,0.0005,0.0005,0.27,0.0,25.0,21.0,1781033610125702641
1781033610238135935,33,0,8,0,true,0.2137,0.0023,1750,8192,0.001,0.001,47.95,0.001,0,0,0.0001,0.0001,0.05,0.0,25.0,21.0,1781033610225955236
1781033610341472999,33,0,8,0,true,0.2139,0.0022,1752,8192,0.005,0.005,47.95,0.005,0,0,0.0004,0.0004,0.24,0.0,25.0,21.0,1781033610339958422
1781033610437993785,33,0,8,0,true,0.2141,0.0023,1754,8192,0.006,0.006,47.95,0.006,0,0,0.0005,0.0005,0.28,0.0,25.0,21.0,1781033610425851935
1781033610544957743,33,0,8,0,true,0.2144,0.0025,1756,8192,0.006,0.006,47.95,0.006,0,0,0.0005,0.0005,0.3,0.0,25.0,21.0,1781033610535633939
1781033610645556924,33,0,8,0,true,0.2146,0.0022,1757,8192,0.006,0.006,47.95,0.006,0,0,0.0005,0.0005,0.28,0.0,25.0,21.0,1781033610613303258
1781033610746169440,33,0,8,0,true,0.2149,0.0023,1760,8192,0.007,0.007,47.95,0.007,0,0,0.0006,0.0006,0.34,0.0,25.0,21.0,1781033610737014259
1781033610846287118,33,0,8,0,true,0.2151,0.0023,1762,8192,0.007,0.007,47.95,0.007,0,0,0.0006,0.0006,0.35,0.0,25.0,21.0,1781033610837236638
1781033610952862062,33,0,8,0,true,0.2153,0.0022,1764,8192,0.006,0.006,47.95,0.006,0,0,0.0005,0.0005,0.29,0.0,25.0,21.0,1781033610943502135
1781033611055774381,33,0,8,0,true,0.2156,0.0022,1765,8192,0.004,0.004,47.95,0.004,0,0,0.0004,0.0004,0.21,0.0,25.0,21.0,1781033611046298559
1781033611154132971,33,0,8,0,true,0.2157,0.0022,1767,8192,0.005,0.005,47.95,0.005,0,0,0.0004,0.0004,0.25,0.0,25.0,21.0,1781033611121736182
1781033611253577494,33,0,8,0,true,0.2159,0.0022,1768,8192,0.007,0.007,47.95,0.007,0,0,0.0006,0.0006,0.33,0.0,25.0,21.0,1781033611213364308
1781033611356853387,33,0,8,0,true,0.2162,0.0022,1771,8192,0.007,0.007,47.95,0.007,0,0,0.0006,0.0006,0.32,0.0,25.0,21.0,1781033611346262813
1781033611454135754,33,0,8,0,true,0.2164,0.0021,1772,8192,0.007,0.007,47.95,0.007,0,0,0.0006,0.0006,0.33,0.0,25.0,21.0,1781033611425567336
1781033611554260967,33,0,8,0,true,0.2167,0.0022,1775,8192,0.005,0.005,47.95,0.005,0,0,0.0004,0.0004,0.24,0.0,25.0,21.0,1781033611549271536
1781033611653502438,33,0,8,0,true,0.2169,0.0022,1776,8192,0.005,0.005,47.95,0.005,0,0,0.0004,0.0004,0.22,0.0,25.0,21.0,1781033611645180624
1781033611756858868,33,0,8,0,true,0.2171,0.0023,1778,8192,0.009,0.009,47.95,0.009,0,0,0.0007,0.0007,0.42,0.0,25.0,21.0,1781033611749713879
1781033611853822965,33,0,8,0,true,0.2173,0.0022,1780,8192,0.009,0.009,47.95,0.009,0,0,0.0007,0.0007,0.43,0.0,25.0,21.0,1781033611842296547
1781033611956927775,33,0,8,0,true,0.2175,0.0022,1781,8192,0.008,0.008,47.95,0.008,0,0,0.0007,0.0007,0.4,0.0,25.0,21.0,1781033611933881202
1781033612056320253,33,0,8,0,true,0.2178,0.0022,1784,8192,0.009,0.009,47.95,0.009,0,0,0.0008,0.0008,0.45,0.0,25.0,21.0,1781033612049687530
1781033612156812397,33,0,8,0,true,0.2179,0.0021,1785,8192,0.009,0.009,47.95,0.009,0,0,0.0007,0.0007,0.42,0.0,25.0,21.0,1781033612128878640
1781033612254026155,33,0,8,0,true,0.2182,0.0021,1787,8192,0.008,0.008,47.95,0.008,0,0,0.0007,0.0007,0.4,0.0,25.0,21.0,1781033612229596061
1781033612353954472,33,0,8,0,true,0.2184,0.0022,1789,8192,0.01,0.01,47.95,0.01,0,0,0.0008,0.0008,0.47,0.0,25.0,21.0,1781033612333594283
1781033612454032814,33,0,8,0,true,0.2186,0.0022,1790,8192,0.01,0.01,47.95,0.01,0,0,0.0008,0.0008,0.47,0.0,25.0,21.0,1781033612441168588
1781033612554177971,33,0,8,0,true,0.2188,0.0021,1792,8192,0.007,0.007,47.95,0.007,0,0,0.0006,0.0006,0.34,0.0,25.0,21.0,1781033612529631644
1781033612659982772,33,0,8,0,true,0.2191,0.0021,1794,8192,0.007,0.007,47.95,0.007,0,0,0.0005,0.0005,0.31,0.0,25.0,21.0,1781033612649592080
1781033612760418702,33,0,8,0,true,0.2193,0.0022,1796,8192,0.01,0.01,47.95,0.01,0,0,0.0009,0.0009,0.5,0.0,25.0,21.0,1781033612747532064
1781033612861157236,33,0,8,0,true,0.2195,0.0021,1797,8192,0.005,0.005,47.95,0.005,0,0,0.0004,0.0004,0.23,0.0,25.0,21.0,1781033612846037402
1781033612962952860,33,0,8,0,true,0.2197,0.002,1799,8192,0.008,0.008,47.95,0.008,0,0,0.0007,0.0007,0.4,0.0,25.0,21.0,1781033612962558216
1781033613064820630,33,0,8,0,true,0.2199,0.0021,1801,8192,0.005,0.005,47.95,0.005,0,0,0.0004,0.0004,0.24,0.0,25.0,21.0,1781033613060398516
1781033613164941517,33,0,8,0,true,0.2201,0.0022,1803,8192,0.011,0.011,47.95,0.011,0,0,0.0009,0.0009,0.5,0.0,25.0,21.0,1781033613149765981
1781033613260395875,33,0,8,0,true,0.2203,0.0022,1804,8192,0.011,0.011,47.95,0.011,0,0,0.0009,0.0009,0.53,0.0,25.0,21.0,1781033613245214977
1781033613360861816,33,0,8,0,true,0.2205,0.0021,1806,8192,0.007,0.007,47.95,0.007,0,0,0.0005,0.0005,0.32,0.0,25.0,21.0,1781033613347896387
1781033613460866615,33,0,8,0,true,0.2207,0.0021,1808,8192,0.011,0.011,47.95,0.011,0,0,0.0009,0.0009,0.51,0.0,25.0,21.0,1781033613433762740
1781033613564920613,33,0,8,0,true,0.221,0.002,1810,8192,0.01,0.01,47.95,0.01,0,0,0.0008,0.0008,0.46,0.0,25.0,21.0,1781033613554381690
1781033613660940059,33,0,8,0,true,0.2211,0.002,1811,8192,0.01,0.01,47.95,0.01,0,0,0.0009,0.0009,0.5,0.0,25.0,21.0,1781033613637119271
1781033613760887212,33,0,8,0,true,0.2213,0.0021,1812,8192,0.01,0.01,47.95,0.01,0,0,0.0008,0.0008,0.47,0.0,25.0,21.0,1781033613723811103
1781033613861045198,33,0,8,0,true,0.2215,0.0021,1814,8192,0.01,0.01,47.95,0.01,0,0,0.0009,0.0009,0.5,0.0,25.0,21.0,1781033613825959812
1781033613960369362,33,0,8,0,true,0.2217,0.002,1816,8192,0.011,0.011,47.95,0.011,0,0,0.0009,0.0009,0.5,0.0,25.0,21.0,1781033613926088010
1781033614064885346,33,0,8,0,true,0.222,0.002,1818,8192,0.011,0.011,47.95,0.011,0,0,0.0009,0.0009,0.51,0.0,25.0,21.0,1781033614049037324
1781033614161478640,33,0,8,0,true,0.2222,0.002,1820,8192,0.011,0.011,47.95,0.011,0,0,0.0009,0.0009,0.51,0.0,25.0,21.0,1781033614160198157
1781033614260327303,33,0,8,0,true,0.2223,0.002,1821,8192,0.011,0.011,47.95,0.011,0,0,0.0009,0.0009,0.51,0.0,25.0,21.0,1781033614230864979
1781033614364923304,33,0,8,0,true,0.2226,0.0021,1823,8192,0.011,0.011,47.95,0.011,0,0,0.0009,0.0009,0.53,0.0,25.0,21.0,1781033614353712467
1781033614460695560,33,0,8,0,true,0.2228,0.002,1825,8192,0.011,0.011,47.95,0.011,0,0,0.0009,0.0009,0.53,0.0,25.0,21.0,1781033614460124550
1781033614564874062,33,0,8,0,true,0.2229,0.0019,1826,8192,0.011,0.011,47.95,0.011,0,0,0.0009,0.0009,0.53,0.0,25.0,21.0,1781033614535520747
1781033614660880890,33,0,8,0,true,0.2231,0.002,1827,8192,0.011,0.011,47.95,0.011,0,0,0.0009,0.0009,0.55,0.0,25.0,21.0,1781033614629160231
1781033614764932143,33,0,8,0,true,0.2234,0.002,1829,8192,0.011,0.011,47.95,0.011,0,0,0.0009,0.0009,0.54,0.0,25.0,21.0,1781033614754027151
1781033614860305521,33,0,8,0,true,0.2236,0.002,1831,8192,0.012,0.012,47.95,0.012,0,0,0.001,0.001,0.55,0.0,25.0,21.0,1781033614859064960
1781033614961232160,33,0,8,0,true,0.2238,0.0022,1833,8192,0.012,0.012,47.95,0.012,0,0,0.001,0.001,0.55,0.0,25.0,21.0,1781033614947212150
1781033615061550628,33,0,8,0,true,0.224,0.0021,1834,8192,0.012,0.012,47.95,0.012,0,0,0.001,0.001,0.55,0.0,25.0,21.0,1781033615038734168
1781033615164902071,33,0,8,0,true,0.2242,0.002,1836,8192,0.012,0.012,47.95,0.012,0,0,0.001,0.001,0.57,0.0,25.0,21.0,1781033615140033972
1781033615262245355,33,0,8,0,true,0.2244,0.002,1838,8192,0.012,0.012,47.95,0.012,0,0,0.001,0.001,0.57,0.0,25.0,21.0,1781033615243707272
1781033615360838195,33,0,8,0,true,0.2246,0.002,1839,8192,0.012,0.012,47.95,0.012,0,0,0.001,0.001,0.58,0.0,25.0,21.0,1781033615346211671
1781033615460341431,33,0,8,0,true,0.2248,0.002,1841,8192,0.012,0.012,47.95,0.012,0,0,0.001,0.001,0.58,0.0,25.0,21.0,1781033615450187156
1781033615560723209,33,0,8,0,true,0.225,0.002,1843,8192,0.012,0.012,47.95,0.012,0,0,0.001,0.001,0.58,0.0,25.0,21.0,1781033615557575445
1781033615668883555,33,0,8,0,true,0.2252,0.0019,1844,8192,0.012,0.012,47.95,0.012,0,0,0.001,0.001,0.58,0.0,25.0,21.0,1781033615645312258
1781033615771837590,33,0,8,0,true,0.2254,0.0019,1846,8192,0.012,0.012,47.95,0.012,0,0,0.001,0.001,0.58,0.0,25.0,21.0,1781033615752833580
1781033615876865004,33,0,8,0,true,0.2256,0.002,1847,8192,0.012,0.012,47.95,0.012,0,0,0.001,0.001,0.59,0.0,25.0,21.0,1781033615851608733
1781033615985152830,33,0,8,0,true,0.2258,0.002,1849,8192,0.012,0.012,47.95,0.012,0,0,0.001,0.001,0.59,0.0,25.0,21.0,1781033615952013249
1781033616087196773,33,0,8,0,true,0.226,0.0021,1851,8192,0.012,0.012,47.95,0.012,0,0,0.001,0.001,0.6,0.0,25.0,21.0,1781033616074197795
1781033616186815113,33,0,8,0,true,0.2262,0.002,1853,8192,0.013,0.013,47.95,0.013,0,0,0.001,0.001,0.6,0.0,25.0,21.0,1781033616168349981
1781033616287775003,33,0,8,0,true,0.2264,0.002,1854,8192,0.013,0.013,47.95,0.013,0,0,0.001,0.001,0.6,0.0,25.0,21.0,1781033616269269179
1781033616386629246,33,0,8,0,true,0.2266,0.0021,1856,8192,0.013,0.013,47.95,0.013,0,0,0.001,0.001,0.61,0.0,25.0,21.0,1781033616382049172
1781033616488685323,33,0,8,0,true,0.2268,0.0019,1857,8192,0.013,0.013,47.95,0.013,0,0,0.0011,0.0011,0.61,0.0,25.0,21.0,1781033616450065884
1781033616586284120,33,0,8,0,true,0.227,0.002,1859,8192,0.013,0.013,47.95,0.013,0,0,0.0011,0.0011,0.61,0.0,25.0,21.0,1781033616567902468
1781033616686141754,33,0,8,0,true,0.2272,0.0019,1861,8192,0.013,0.013,47.95,0.013,0,0,0.0011,0.0011,0.62,0.0,25.0,21.0,1781033616660174520
1781033616788859521,33,0,8,0,true,0.2274,0.0019,1862,8192,0.013,0.013,47.95,0.013,0,0,0.0011,0.0011,0.62,0.0,25.0,21.0,1781033616773695612
1781033616888909826,33,0,8,0,true,0.2276,0.002,1864,8192,0.013,0.013,47.95,0.013,0,0,0.0011,0.0011,0.64,0.0,25.0,21.0,1781033616856114170
1781033616986666068,33,0,8,0,true,0.2278,0.0019,1866,8192,0.013,0.013,47.95,0.013,0,0,0.0011,0.0011,0.61,0.0,25.0,21.0,1781033616974920927
1781033617087791159,33,0,8,0,true,0.228,0.0021,1867,8192,0.013,0.013,47.95,0.013,0,0,0.0011,0.0011,0.64,0.0,25.0,21.0,1781033617068577147
1781033617188861438,33,0,8,0,true,0.2282,0.0021,1869,8192,0.013,0.013,47.95,0.013,0,0,0.0011,0.0011,0.64,0.0,25.0,21.0,1781033617166130900
1781033617285887491,33,0,8,0,true,0.2283,0.0019,1870,8192,0.013,0.013,47.95,0.013,0,0,0.0011,0.0011,0.63,0.0,25.0,21.0,1781033617252599008
1781033617388863705,33,0,8,0,true,0.2285,0.0019,1872,8192,0.013,0.013,47.95,0.013,0,0,0.0011,0.0011,0.62,0.0,25.0,21.0,1781033617358740274
1781033617486165974,33,0,8,0,true,0.2287,0.002,1873,8192,0.013,0.013,47.95,0.013,0,0,0.0011,0.0011,0.64,0.0,25.0,21.0,1781033617456589167
1781033617587861213,33,0,8,0,true,0.2289,0.0019,1875,8192,0.013,0.013,47.95,0.013,0,0,0.0011,0.0011,0.64,0.0,25.0,21.0,1781033617559242992
1781033617686313175,33,0,8,0,true,0.2291,0.0019,1876,8192,0.014,0.014,47.95,0.014,0,0,0.0011,0.0011,0.66,0.0,25.0,21.0,1781033617655834549
1781033617786486460,33,0,8,0,true,0.2293,0.0019,1878,8192,0.014,0.014,47.95,0.014,0,0,0.0011,0.0011,0.66,0.0,25.0,21.0,1781033617769243770
1781033617885496294,33,0,8,0,true,0.2295,0.0019,1880,8192,0.014,0.014,47.95,0.014,0,0,0.0011,0.0011,0.66,0.0,25.0,21.0,1781033617867860531
1781033617988875748,33,0,8,0,true,0.2297,0.0019,1881,8192,0.014,0.014,47.95,0.014,0,0,0.0011,0.0011,0.66,0.0,25.0,21.0,1781033617960930190
1781033618088833889,33,0,8,0,true,0.2299,0.0019,1883,8192,0.014,0.014,47.95,0.014,0,0,0.0011,0.0011,0.66,0.0,25.0,21.0,1781033618066553416
1781033618186199080,33,0,8,0,true,0.2301,0.0019,1884,8192,0.014,0.014,47.95,0.014,0,0,0.0012,0.0012,0.67,0.0,25.0,21.0,1781033618165602724
1781033618285458213,33,0,8,0,true,0.2303,0.0019,1886,8192,0.014,0.014,47.95,0.014,0,0,0.0012,0.0012,0.68,0.0,25.0,21.0,1781033618285138343
1781033618386489233,33,0,8,0,true,0.2305,0.0019,1887,8192,0.014,0.014,47.95,0.014,0,0,0.0012,0.0012,0.68,0.0,25.0,21.0,1781033618366262301
1781033618488860673,33,0,8,0,true,0.2307,0.0019,1889,8192,0.014,0.014,47.95,0.014,0,0,0.0012,0.0012,0.67,0.0,25.0,21.0,1781033618473053610
1781033618589278721,33,0,8,0,true,0.2309,0.0019,1891,8192,0.014,0.014,47.95,0.014,0,0,0.0012,0.0012,0.69,0.0,25.0,21.0,1781033618571897845
1781033618686363079,33,0,8,0,true,0.231,0.0019,1892,8192,0.014,0.014,47.95,0.014,0,0,0.0012,0.0012,0.67,0.0,25.0,21.0,1781033618660503627
1781033618786100046,33,0,8,0,true,0.2313,0.0021,1894,8192,0.015,0.015,47.95,0.015,0,0,0.0012,0.0012,0.7,0.0,25.0,21.0,1781033618781819205
1781033618885446404,33,0,8,0,true,0.2314,0.0018,1895,8192,0.014,0.014,47.95,0.014,0,0,0.0012,0.0012,0.68,0.0,25.0,21.0,1781033618866578645
1781033618986173257,33,0,8,0,true,0.2316,0.0021,1897,8192,0.015,0.015,47.95,0.015,0,0,0.0012,0.0012,0.7,0.0,25.0,21.0,1781033618973030718
1781033619087678519,33,0,8,0,true,0.2318,0.002,1898,8192,0.015,0.015,47.95,0.015,0,0,0.0012,0.0012,0.7,0.0,25.0,21.0,1781033619065502354
1781033619185694014,33,0,8,0,true,0.232,0.0019,1900,8192,0.015,0.015,47.95,0.015,0,0,0.0012,0.0012,0.71,0.0,25.0,21.0,1781033619164759875
1781033619285496890,33,0,8,0,true,0.2322,0.0018,1902,8192,0.015,0.015,47.95,0.015,0,0,0.0012,0.0012,0.7,0.0,25.0,21.0,1781033619284359313
1781033619388545694,33,0,8,0,true,0.2324,0.0019,1903,8192,0.015,0.015,47.95,0.015,0,0,0.0012,0.0012,0.7,0.0,25.0,21.0,1781033619377593875
1781033619485405576,33,0,8,0,true,0.2326,0.002,1905,8192,0.015,0.015,47.95,0.015,0,0,0.0012,0.0012,0.71,0.0,25.0,21.0,1781033619473983192
1781033619586094248,33,0,8,0,true,0.2328,0.0018,1906,8192,0.015,0.015,47.95,0.015,0,0,0.0012,0.0012,0.71,0.0,25.0,21.0,1781033619581021346
1781033619686016849,33,0,8,0,true,0.233,0.0018,1908,8192,0.015,0.015,47.95,0.015,0,0,0.0012,0.0012,0.71,0.0,25.0,21.0,1781033619674128074
1781033619785636329,33,0,8,0,true,0.2332,0.0021,1910,8192,0.015,0.015,47.95,0.015,0,0,0.0012,0.0012,0.72,0.0,25.0,21.0,1781033619778387211
1781033619887916099,33,0,8,0,true,0.2334,0.0019,1911,8192,0.015,0.015,47.95,0.015,0,0,0.0012,0.0012,0.72,0.0,25.0,21.0,1781033619882330295
1781033619986123624,33,0,8,0,true,0.2335,0.0019,1912,8192,0.015,0.015,47.95,0.015,0,0,0.0012,0.0012,0.72,0.0,25.0,21.0,1781033619952556942
1781033620086137318,33,0,8,0,true,0.2337,0.0018,1914,8192,0.015,0.015,47.95,0.015,0,0,0.0012,0.0012,0.71,0.0,25.0,21.0,1781033620058521680
1781033620186048889,33,0,8,0,true,0.2339,0.0021,1916,8192,0.015,0.015,47.95,0.015,0,0,0.0013,0.0013,0.74,0.0,25.0,21.0,1781033620176718452
1781033620286129894,33,0,8,0,true,0.2341,0.0021,1917,8192,0.015,0.015,47.95,0.015,0,0,0.0013,0.0013,0.74,0.0,25.0,21.0,1781033620271078109
1781033620386362430,33,0,8,0,true,0.2343,0.0021,1919,8192,0.015,0.015,47.95,0.015,0,0,0.0013,0.0013,0.74,0.0,25.0,21.0,1781033620371195403
1781033620487122350,33,0,8,0,true,0.2345,0.0018,1920,8192,0.015,0.015,47.95,0.015,0,0,0.0013,0.0013,0.73,0.0,25.0,21.0,1781033620461372800
1781033620585987325,33,0,8,0,true,0.2347,0.0021,1922,8192,0.015,0.015,47.95,0.015,0,0,0.0013,0.0013,0.74,0.0,25.0,21.0,1781033620561755399
1781033620685796965,33,0,8,0,true,0.2349,0.002,1924,8192,0.016,0.016,47.95,0.016,0,0,0.0013,0.0013,0.75,0.0,25.0,21.0,1781033620676277336
1781033620785855304,33,0,8,0,true,0.2351,0.002,1925,8192,0.016,0.016,47.95,0.016,0,0,0.0013,0.0013,0.75,0.0,25.0,21.0,1781033620756947168
1781033620888921937,33,0,8,0,true,0.2353,0.0019,1927,8192,0.015,0.015,47.95,0.015,0,0,0.0013,0.0013,0.74,0.0,25.0,21.0,1781033620881467775
1781033620985440801,33,0,8,0,true,0.2355,0.0019,1928,8192,0.016,0.016,47.95,0.016,0,0,0.0013,0.0013,0.75,0.0,25.0,21.0,1781033620966551770
1781033621086058206,33,0,8,0,true,0.2356,0.0018,1930,8192,0.015,0.015,47.95,0.015,0,0,0.0013,0.0013,0.73,0.0,25.0,21.0,1781033621062086107
1781033621185959964,33,0,8,0,true,0.2358,0.0019,1932,8192,0.016,0.016,47.95,0.016,0,0,0.0013,0.0013,0.76,0.0,25.0,21.0,1781033621173287488
1781033621286223773,33,0,8,0,true,0.236,0.0018,1933,8192,0.016,0.016,47.95,0.016,0,0,0.0013,0.0013,0.75,0.0,25.0,21.0,1781033621277865112
1781033621386165659,33,0,8,0,true,0.2362,0.0018,1935,8192,0.016,0.016,47.95,0.016,0,0,0.0013,0.0013,0.76,0.0,25.0,21.0,1781033621371844075
1781033621485462851,33,0,8,0,true,0.2364,0.0018,1936,8192,0.016,0.016,47.95,0.016,0,0,0.0013,0.0013,0.76,0.0,25.0,21.0,1781033621457802768
1781033621588868907,33,0,8,0,true,0.2366,0.0018,1938,8192,0.016,0.016,47.95,0.016,0,0,0.0013,0.0013,0.76,0.0,25.0,21.0,1781033621578043593
1781033621686957746,33,0,8,0,true,0.2368,0.0018,1939,8192,0.016,0.016,47.95,0.016,0,0,0.0013,0.0013,0.76,0.0,25.0,21.0,1781033621676838180
1781033621788966232,33,0,8,0,true,0.237,0.0019,1941,8192,0.016,0.016,47.95,0.016,0,0,0.0013,0.0013,0.76,0.0,25.0,21.0,1781033621788333335
1781033621888882600,33,0,8,0,true,0.2371,0.0018,1942,8192,0.016,0.016,47.95,0.016,0,0,0.0013,0.0013,0.77,0.0,25.0,21.0,1781033621863444884
1781033621986086443,33,0,8,0,true,0.2373,0.0018,1944,8192,0.016,0.016,47.95,0.016,0,0,0.0013,0.0013,0.77,0.0,25.0,21.0,1781033621973738464
1781033622088866127,33,0,8,0,true,0.2375,0.0019,1945,8192,0.016,0.016,47.95,0.016,0,0,0.0013,0.0013,0.77,0.0,25.0,21.0,1781033622069815499
1781033622185920419,33,0,8,0,true,0.2377,0.0019,1947,8192,0.016,0.016,47.95,0.016,0,0,0.0013,0.0013,0.77,0.0,25.0,21.0,1781033622170519127
1781033622288864686,33,0,8,0,true,0.2379,0.0019,1948,8192,0.016,0.016,47.95,0.016,0,0,0.0014,0.0014,0.78,0.0,25.0,21.0,1781033622272023487
1781033622392858133,33,0,8,0,true,0.2381,0.0018,1950,8192,0.016,0.016,47.95,0.016,0,0,0.0013,0.0013,0.77,0.0,25.0,21.0,1781033622378331908
1781033622494166753,33,0,8,0,true,0.2383,0.0019,1951,8192,0.016,0.016,47.95,0.016,0,0,0.0013,0.0013,0.78,0.0,25.0,21.0,1781033622466601897
1781033622593793260,33,0,8,0,true,0.2385,0.0018,1953,8192,0.016,0.016,47.95,0.016,0,0,0.0014,0.0014,0.78,0.0,25.0,21.0,1781033622587825395
1781033622696870426,33,0,8,0,true,0.2387,0.0019,1955,8192,0.016,0.016,47.95,0.016,0,0,0.0014,0.0014,0.78,0.0,25.0,21.0,1781033622679091041
1781033622794169766,33,0,8,0,true,0.2388,0.0018,1956,8192,0.016,0.016,47.95,0.016,0,0,0.0014,0.0014,0.78,0.0,25.0,21.0,1781033622773464590
1781033622895567005,33,0,8,0,true,0.239,0.0018,1957,8192,0.016,0.016,47.95,0.016,0,0,0.0014,0.0014,0.78,0.0,25.0,21.0,1781033622873126932
1781033622996868154,33,0,8,0,true,0.2392,0.0019,1959,8192,0.017,0.017,47.95,0.017,0,0,0.0014,0.0014,0.79,0.0,25.0,21.0,1781033622976614140
1781033623096878131,33,0,8,0,true,0.2394,0.0018,1961,8192,0.016,0.016,47.95,0.016,0,0,0.0014,0.0014,0.79,0.0,25.0,21.0,1781033623086887030
1781033623195855402,33,0,8,0,true,0.2396,0.0018,1962,8192,0.017,0.017,47.95,0.017,0,0,0.0014,0.0014,0.79,0.0,25.0,21.0,1781033623183814577
1781033623293933873,33,0,8,0,true,0.2398,0.0018,1964,8192,0.017,0.017,47.95,0.017,0,0,0.0014,0.0014,0.79,0.0,25.0,21.0,1781033623272699459
1781033623393761174,33,0,8,0,true,0.24,0.002,1965,8192,0.017,0.017,47.95,0.017,0,0,0.0014,0.0014,0.8,0.0,25.0,21.0,1781033623390585663
1781033623493416999,33,0,8,0,true,0.2402,0.0019,1967,8192,0.017,0.017,47.95,0.017,0,0,0.0014,0.0014,0.8,0.0,25.0,21.0,1781033623492201910
1781033623601404460,33,0,8,0,true,0.2404,0.0018,1968,8192,0.017,0.017,47.95,0.017,0,0,0.0014,0.0014,0.8,0.0,25.0,21.0,1781033623588006347
1781033623703183216,33,0,8,0,true,0.2405,0.0019,1970,8192,0.017,0.017,47.95,0.017,0,0,0.0014,0.0014,0.81,0.0,25.0,21.0,1781033623693781255
1781033623804903663,33,0,8,0,true,0.2407,0.0019,1971,8192,0.017,0.017,47.95,0.017,0,0,0.0014,0.0014,0.81,0.0,25.0,21.0,1781033623783554782
1781033623903163865,33,0,8,0,true,0.2409,0.0018,1973,8192,0.017,0.017,47.95,0.017,0,0,0.0014,0.0014,0.8,0.0,25.0,21.0,1781033623893242264
1781033624004868256,33,0,8,0,true,0.2411,0.0018,1974,8192,0.017,0.017,47.95,0.017,0,0,0.0014,0.0014,0.8,0.0,25.0,21.0,1781033623980963290
1781033624102789700,33,0,8,0,true,0.2413,0.0019,1976,8192,0.017,0.017,47.95,0.017,0,0,0.0014,0.0014,0.81,0.0,25.0,21.0,1781033624087775205
1781033624208903611,33,0,8,0,true,0.2415,0.0019,1978,8192,0.017,0.017,47.95,0.017,0,0,0.0014,0.0014,0.81,0.0,25.0,21.0,1781033624192615039
1781033624310281827,33,0,8,0,true,0.2417,0.0018,1979,8192,0.017,0.017,47.95,0.017,0,0,0.0014,0.0014,0.82,0.0,25.0,21.0,1781033624305215535
1781033624411521256,33,0,8,0,true,0.2418,0.0018,1981,8192,0.017,0.017,47.95,0.017,0,0,0.0014,0.0014,0.81,0.0,25.0,21.0,1781033624380428666
1781033624512863933,33,0,8,0,true,0.2421,0.0019,1982,8192,0.017,0.017,47.95,0.017,0,0,0.0014,0.0014,0.82,0.0,25.0,21.0,1781033624491111618
1781033624612852506,33,0,8,0,true,0.2422,0.0019,1984,8192,0.017,0.017,47.95,0.017,0,0,0.0014,0.0014,0.82,0.0,25.0,21.0,1781033624593297691
1781033624712858155,33,0,8,0,true,0.2424,0.0019,1986,8192,0.017,0.017,47.95,0.017,0,0,0.0014,0.0014,0.82,0.0,25.0,21.0,1781033624698363251
1781033624812866755,33,0,8,0,true,0.2426,0.0019,1987,8192,0.017,0.017,47.95,0.017,0,0,0.0014,0.0014,0.82,0.0,25.0,21.0,1781033624786997665
1781033624910162474,33,0,8,0,true,0.2428,0.0018,1989,8192,0.017,0.017,47.95,0.017,0,0,0.0014,0.0014,0.82,0.0,25.0,21.0,1781033624907028817
1781033625009674867,33,0,8,0,true,0.243,0.0018,1990,8192,0.017,0.017,47.95,0.017,0,0,0.0014,0.0014,0.81,0.0,25.0,21.0,1781033625009082391
1781033625111748585,33,0,8,0,true,0.2432,0.0018,1992,8192,0.017,0.017,47.95,0.017,0,0,0.0014,0.0014,0.83,0.0,25.0,21.0,1781033625099228927
1781033625212862896,33,0,8,0,true,0.2433,0.0018,1993,8192,0.017,0.017,47.95,0.017,0,0,0.0014,0.0014,0.82,0.0,25.0,21.0,1781033625193073818
1781033625312862403,33,0,8,0,true,0.2436,0.002,1995,8192,0.017,0.017,47.95,0.017,0,0,0.0014,0.0014,0.83,0.0,25.0,21.0,1781033625306245488
1781033625412555865,33,0,8,0,true,0.2437,0.0018,1996,8192,0.017,0.017,47.95,0.017,0,0,0.0014,0.0014,0.83,0.0,25.0,21.0,1781033625400349835
1781033625510219737,33,0,8,0,true,0.2439,0.0018,1998,8192,0.017,0.017,47.95,0.017,0,0,0.0014,0.0014,0.83,0.0,25.0,21.0,1781033625503683777
1781033625609345441,33,0,8,0,true,0.2441,0.0018,1999,8192,0.017,0.017,47.95,0.017,0,0,0.0014,0.0014,0.83,0.0,25.0,21.0,1781033625589818230
1781033653513460984,,,,,,,,,,,,,,,,,,,,,,
1781033653613412432,,,,,,,,,,,,,,,,,,,,,,
1781033653713846673,,,,,,,,,,,,,,,,,,,,,,
1781033653813921424,,,,,,,,,,,,,,,,,,,,,,
1781033653913491827,,,,,,,,,,,,,,,,,,,,,,
1781033654013503592,,,,,,,,,,,,,,,,,,,,,,
1781033654114381580,,,,,,,,,,,,,,,,,,,,,,
1781033654213430639,,,,,,,,,,,,,,,,,,,,,,
1781033654314208487,,,,,,,,,,,,,,,,,,,,,,
1781033654413424859,,,,,,,,,,,,,,,,,,,,,,
1781033654513459095,,,,,,,,,,,,,,,,,,,,,,
1781033654613446409,,,,,,,,,,,,,,,,,,,,,,
1781033654714436019,,,,,,,,,,,,,,,,,,,,,,
1781033654813470875,,,,,,,,,,,,,,,,,,,,,,
1781033654914427054,,,,,,,,,,,,,,,,,,,,,,
1781033655014430543,,,,,,,,,,,,,,,,,,,,,,
1781033655113877986,,,,,,,,,,,,,,,,,,,,,,
1781033655214051252,,,,,,,,,,,,,,,,,,,,,,
1781033655314390019,,,,,,,,,,,,,,,,,,,,,,
1781033655413392419,,,,,,,,,,,,,,,,,,,,,,
1781033655513403380,,,,,,,,,,,,,,,,,,,,,,
1781033655613485716,,,,,,,,,,,,,,,,,,,,,,
1781033655714423795,,,,,,,,,,,,,,,,,,,,,,
1781033655814426547,,,,,,,,,,,,,,,,,,,,,,
1781033655914423383,,,,,,,,,,,,,,,,,,,,,,
1781033656013428765,,,,,,,,,,,,,,,,,,,,,,
1781033656114033337,,,,,,,,,,,,,,,,,,,,,,
1781033656214271691,,,,,,,,,,,,,,,,,,,,,,
1781033656313410004,,,,,,,,,,,,,,,,,,,,,,
1781033656414073692,,,,,,,,,,,,,,,,,,,,,,
1781033656514005084,,,,,,,,,,,,,,,,,,,,,,
1781033656613904882,,,,,,,,,,,,,,,,,,,,,,
1781033656714083243,,,,,,,,,,,,,,,,,,,,,,
1781033656814030706,,,,,,,,,,,,,,,,,,,,,,
1781033656914257974,,,,,,,,,,,,,,,,,,,,,,
1781033657014469980,,,,,,,,,,,,,,,,,,,,,,
1781033657113442423,,,,,,,,,,,,,,,,,,,,,,
1781033657214408764,,,,,,,,,,,,,,,,,,,,,,
1781033657314361837,,,,,,,,,,,,,,,,,,,,,,
1781033657414238056,,,,,,,,,,,,,,,,,,,,,,
1781033657514096840,,,,,,,,,,,,,,,,,,,,,,
1781033657614023351,,,,,,,,,,,,,,,,,,,,,,
1781033657713804928,,,,,,,,,,,,,,,,,,,,,,
1781033657813832309,,,,,,,,,,,,,,,,,,,,,,
1781033657913886014,,,,,,,,,,,,,,,,,,,,,,
1781033658014331188,,,,,,,,,,,,,,,,,,,,,,
1781033658114242208,,,,,,,,,,,,,,,,,,,,,,
1781033658214176083,,,,,,,,,,,,,,,,,,,,,,
1781033658314164859,,,,,,,,,,,,,,,,,,,,,,
1781033658413883873,,,,,,,,,,,,,,,,,,,,,,
1781033658513941178,,,,,,,,,,,,,,,,,,,,,,
1781033658613791483,,,,,,,,,,,,,,,,,,,,,,
1781033658713439602,,,,,,,,,,,,,,,,,,,,,,
1781033658813393501,,,,,,,,,,,,,,,,,,,,,,
1781033658913409616,,,,,,,,,,,,,,,,,,,,,,
1781033659014293644,,,,,,,,,,,,,,,,,,,,,,
1781033659114269448,,,,,,,,,,,,,,,,,,,,,,
1781033659214413830,,,,,,,,,,,,,,,,,,,,,,
1781033659314465706,,,,,,,,,,,,,,,,,,,,,,
1781033659413808500,,,,,,,,,,,,,,,,,,,,,,
1781033659513982640,,,,,,,,,,,,,,,,,,,,,,
1781033659614111743,,,,,,,,,,,,,,,,,,,,,,
1781033659714323123,,,,,,,,,,,,,,,,,,,,,,
1781033659813478804,,,,,,,,,,,,,,,,,,,,,,
1781033659913760469,,,,,,,,,,,,,,,,,,,,,,
1781033660013822119,,,,,,,,,,,,,,,,,,,,,,
1781033660113451887,,,,,,,,,,,,,,,,,,,,,,
1781033660213866853,,,,,,,,,,,,,,,,,,,,,,
1781033660313873788,,,,,,,,,,,,,,,,,,,,,,
1781033660413871198,,,,,,,,,,,,,,,,,,,,,,
1781033660513861039,,,,,,,,,,,,,,,,,,,,,,
1781033660613769178,,,,,,,,,,,,,,,,,,,,,,
1781033660713490414,,,,,,,,,,,,,,,,,,,,,,
1781033660814245116,,,,,,,,,,,,,,,,,,,,,,
1781033660913444008,,,,,,,,,,,,,,,,,,,,,,
1781033661014395696,,,,,,,,,,,,,,,,,,,,,,
1781033661114371202,,,,,,,,,,,,,,,,,,,,,,
1781033661214407595,,,,,,,,,,,,,,,,,,,,,,
1781033661314285252,,,,,,,,,,,,,,,,,,,,,,
1781033661414410378,,,,,,,,,,,,,,,,,,,,,,
1781033661513726930,,,,,,,,,,,,,,,,,,,,,,
1781033661624875881,,,,,,,,,,,,,,,,,,,,,,
1781033661726449834,,,,,,,,,,,,,,,,,,,,,,
1781033661828820797,,,,,,,,,,,,,,,,,,,,,,
1781033661926424637,,,,,,,,,,,,,,,,,,,,,,
1781033662026170676,,,,,,,,,,,,,,,,,,,,,,
1781033662126323695,,,,,,,,,,,,,,,,,,,,,,
1781033662225991574,,,,,,,,,,,,,,,,,,,,,,
1781033662326379013,,,,,,,,,,,,,,,,,,,,,,
1781033662425892043,,,,,,,,,,,,,,,,,,,,,,
1781033662526398318,,,,,,,,,,,,,,,,,,,,,,
1781033662625747929,,,,,,,,,,,,,,,,,,,,,,
1781033662726209672,,,,,,,,,,,,,,,,,,,,,,
1781033662825723703,,,,,,,,,,,,,,,,,,,,,,
1781033662925982879,,,,,,,,,,,,,,,,,,,,,,
1781033663025521496,,,,,,,,,,,,,,,,,,,,,,
1781033663128848405,,,,,,,,,,,,,,,,,,,,,,
1781033663225861565,,,,,,,,,,,,,,,,,,,,,,
1781033663326189542,,,,,,,,,,,,,,,,,,,,,,
1781033663426111384,,,,,,,,,,,,,,,,,,,,,,
1781033663526128798,,,,,,,,,,,,,,,,,,,,,,
1781033663626449300,,,,,,,,,,,,,,,,,,,,,,
1781033663725621875,,,,,,,,,,,,,,,,,,,,,,
1781033663825681690,,,,,,,,,,,,,,,,,,,,,,
1781033663926281706,,,,,,,,,,,,,,,,,,,,,,
1781033664026949627,,,,,,,,,,,,,,,,,,,,,,
1781033664126062957,,,,,,,,,,,,,,,,,,,,,,
1781033664226263081,,,,,,,,,,,,,,,,,,,,,,
1781033664325948838,,,,,,,,,,,,,,,,,,,,,,
1781033664426257036,,,,,,,,,,,,,,,,,,,,,,
1781033664526361484,,,,,,,,,,,,,,,,,,,,,,
1781033664625674541,,,,,,,,,,,,,,,,,,,,,,
1781033664726374615,,,,,,,,,,,,,,,,,,,,,,
1781033664826171147,,,,,,,,,,,,,,,,,,,,,,
1781033664926034260,,,,,,,,,,,,,,,,,,,,,,
1781033665026401446,,,,,,,,,,,,,,,,,,,,,,
1781033665125968542,,,,,,,,,,,,,,,,,,,,,,
1781033665225761734,,,,,,,,,,,,,,,,,,,,,,
1781033665328441727,,,,,,,,,,,,,,,,,,,,,,
1781033665426017040,,,,,,,,,,,,,,,,,,,,,,
1781033665525883036,,,,,,,,,,,,,,,,,,,,,,
1781033665626089399,,,,,,,,,,,,,,,,,,,,,,
1781033665725725612,,,,,,,,,,,,,,,,,,,,,,
1781033665826235324,,,,,,,,,,,,,,,,,,,,,,
1781033665925473958,,,,,,,,,,,,,,,,,,,,,,
1781033666026155538,,,,,,,,,,,,,,,,,,,,,,
1781033666125486151,,,,,,,,,,,,,,,,,,,,,,
1781033666226381326,,,,,,,,,,,,,,,,,,,,,,
1781033666326155542,,,,,,,,,,,,,,,,,,,,,,
1781033666425694806,,,,,,,,,,,,,,,,,,,,,,
1781033666526016156,,,,,,,,,,,,,,,,,,,,,,
1781033666626392913,,,,,,,,,,,,,,,,,,,,,,
1781033666726413728,,,,,,,,,,,,,,,,,,,,,,
1781033666825746037,,,,,,,,,,,,,,,,,,,,,,
1781033666926661239,,,,,,,,,,,,,,,,,,,,,,
1781033667025794920,,,,,,,,,,,,,,,,,,,,,,
1781033667126341530,,,,,,,,,,,,,,,,,,,,,,
1781033667227416450,,,,,,,,,,,,,,,,,,,,,,
1781033667325643310,,,,,,,,,,,,,,,,,,,,,,
1781033667425694320,,,,,,,,,,,,,,,,,,,,,,
1781033667526138745,,,,,,,,,,,,,,,,,,,,,,
1781033667626269452,,,,,,,,,,,,,,,,,,,,,,
1781033667726403931,,,,,,,,,,,,,,,,,,,,,,
1781033667825682330,,,,,,,,,,,,,,,,,,,,,,
1781033667925754228,,,,,,,,,,,,,,,,,,,,,,
1781033668025954429,,,,,,,,,,,,,,,,,,,,,,
1781033668125600264,,,,,,,,,,,,,,,,,,,,,,
1781033668226298545,,,,,,,,,,,,,,,,,,,,,,
1781033668325647528,,,,,,,,,,,,,,,,,,,,,,
1781033668425545298,,,,,,,,,,,,,,,,,,,,,,
1781033668528847847,,,,,,,,,,,,,,,,,,,,,,
1781033668625719980,,,,,,,,,,,,,,,,,,,,,,
1781033668726229882,,,,,,,,,,,,,,,,,,,,,,
1781033668826095410,,,,,,,,,,,,,,,,,,,,,,
1781033668926150973,,,,,,,,,,,,,,,,,,,,,,
1781033669026111839,,,,,,,,,,,,,,,,,,,,,,
1781033669126088965,,,,,,,,,,,,,,,,,,,,,,
1781033669226003262,,,,,,,,,,,,,,,,,,,,,,
1781033669326384782,,,,,,,,,,,,,,,,,,,,,,
1781033669426210202,,,,,,,,,,,,,,,,,,,,,,
1781033669526153508,,,,,,,,,,,,,,,,,,,,,,
1781033669626278315,,,,,,,,,,,,,,,,,,,,,,
1781033669726091068,,,,,,,,,,,,,,,,,,,,,,
1781033669826407219,,,,,,,,,,,,,,,,,,,,,,
1781033669926178722,,,,,,,,,,,,,,,,,,,,,,
1781033670026239102,,,,,,,,,,,,,,,,,,,,,,
1781033670125676904,,,,,,,,,,,,,,,,,,,,,,
1781033670226379545,,,,,,,,,,,,,,,,,,,,,,
1781033670325991029,33,0,8,0,true,0.0,0.0573,0,8192,0.067,0.067,48.0,0.067,0,0,0.0056,0.0056,3.24,0.0,25.0,21.0,1781033670324254955
1781033670428868440,33,0,8,0,true,0.0016,0.0098,12,8192,0.003,0.003,47.96,0.003,0,0,0.0003,0.0003,0.15,0.0,25.0,21.0,1781033670411430104
1781033670526205457,33,0,8,0,true,0.0022,0.0046,18,8192,0.002,0.002,47.96,0.002,0,0,0.0001,0.0001,0.08,0.0,25.0,21.0,1781033670523987813
1781033670625529091,33,0,8,0,true,0.0026,0.004,20,8192,0.0,0.0,47.96,0.0,0,0,0.0,0.0,0.02,0.0,25.0,21.0,1781033670601601543
1781033670725413408,33,0,8,0,true,0.0031,0.0041,24,8192,0.001,0.001,47.96,0.001,0,0,0.0001,0.0001,0.06,0.0,25.0,21.0,1781033670720232104
1781033670826105998,33,0,8,0,true,0.0034,0.0041,27,8192,0.002,0.002,47.96,0.002,0,0,0.0001,0.0001,0.08,0.0,25.0,21.0,1781033670809276142
1781033670928853204,33,0,8,0,true,0.0039,0.004,31,8192,0.001,0.001,47.96,0.001,0,0,0.0001,0.0001,0.05,0.0,25.0,21.0,1781033670921269714
1781033671025614009,33,0,8,0,true,0.0043,0.0041,34,8192,0.001,0.001,47.96,0.001,0,0,0.0001,0.0001,0.06,0.0,25.0,21.0,1781033671015884528
1781033671125700873,33,0,8,0,true,0.0047,0.0041,38,8192,0.001,0.001,47.96,0.001,0,0,0.0001,0.0001,0.06,0.0,25.0,21.0,1781033671116804972
1781033671228898882,33,0,8,0,true,0.005,0.0041,40,8192,0.001,0.001,47.96,0.001,0,0,0.0001,0.0001,0.06,0.0,25.0,21.0,1781033671194529074
1781033671326229828,33,0,8,0,true,0.0054,0.0041,44,8192,0.002,0.002,47.96,0.002,0,0,0.0001,0.0001,0.08,0.0,25.0,21.0,1781033671289226622
1781033671428858668,33,0,8,0,true,0.0059,0.0042,48,8192,0.001,0.001,47.96,0.001,0,0,0.0001,0.0001,0.05,0.0,25.0,21.0,1781033671412970035
1781033671526669876,33,0,8,0,true,0.0063,0.0042,51,8192,0.001,0.001,47.96,0.001,0,0,0.0001,0.0001,0.05,0.0,25.0,21.0,1781033671502321593
1781033671626407114,33,0,8,0,true,0.0068,0.0041,55,8192,0.001,0.001,47.96,0.001,0,0,0.0001,0.0001,0.06,0.0,25.0,21.0,1781033671622006364
1781033671727352075,33,0,8,0,true,0.0071,0.0041,58,8192,0.002,0.002,47.96,0.002,0,0,0.0002,0.0002,0.09,0.0,25.0,21.0,1781033671705368268
1781033671827885932,33,0,8,0,true,0.0076,0.0042,62,8192,0.001,0.001,47.96,0.001,0,0,0.0001,0.0001,0.05,0.0,25.0,21.0,1781033671826939390
1781033671926999756,33,0,8,0,true,0.0079,0.0042,64,8192,0.001,0.001,47.96,0.001,0,0,0.0001,0.0001,0.05,0.0,25.0,21.0,1781033671894429091
1781033672026440086,33,0,8,0,true,0.0084,0.0041,68,8192,0.001,0.001,47.96,0.001,0,0,0.0001,0.0001,0.05,0.0,25.0,21.0,1781033672022244501
1781033672126150771,33,0,8,0,true,0.0088,0.0041,72,8192,0.001,0.001,47.96,0.001,0,0,0.0001,0.0001,0.06,0.0,25.0,21.0,1781033672116754917
1781033672229277890,33,0,8,0,true,0.0092,0.0041,75,8192,0.001,0.001,47.96,0.001,0,0,0.0001,0.0001,0.07,0.0,25.0,21.0,1781033672223465552
1781033672325807432,33,0,8,0,true,0.0096,0.0041,78,8192,0.001,0.001,47.96,0.001,0,0,0.0001,0.0001,0.06,0.0,25.0,21.0,1781033672311746344
1781033672428243082,33,0,8,0,true,0.01,0.0041,81,8192,0.002,0.002,47.96,0.002,0,0,0.0001,0.0001,0.08,0.0,25.0,21.0,1781033672403761042
1781033672526469075,33,0,8,0,true,0.0104,0.0041,85,8192,0.001,0.001,47.96,0.001,0,0,0.0001,0.0001,0.06,0.0,25.0,21.0,1781033672514392443
1781033672626094476,33,0,8,0,true,0.0107,0.0041,87,8192,0.001,0.001,47.96,0.001,0,0,0.0001,0.0001,0.06,0.0,25.0,21.0,1781033672591291982
1781033672726074971,33,0,8,0,true,0.0113,0.0041,92,8192,0.001,0.001,47.96,0.001,0,0,0.0001,0.0001,0.07,0.0,25.0,21.0,1781033672717265485
1781033672827208822,33,0,8,0,true,0.0117,0.0041,95,8192,0.002,0.002,47.96,0.002,0,0,0.0001,0.0001,0.08,0.0,25.0,21.0,1781033672826591919
1781033672925479723,33,0,8,0,true,0.0121,0.0042,99,8192,0.001,0.001,47.96,0.001,0,0,0.0001,0.0001,0.06,0.0,25.0,21.0,1781033672924027875
1781033673025488088,33,0,8,0,true,0.0125,0.0041,102,8192,0.001,0.001,47.96,0.001,0,0,0.0001,0.0001,0.05,0.0,25.0,21.0,1781033673025109271
1781033673126018022,33,0,8,0,true,0.0129,0.0041,105,8192,0.001,0.001,47.96,0.001,0,0,0.0001,0.0001,0.05,0.0,25.0,21.0,1781033673114717946
1781033673226878047,33,0,8,0,true,0.0134,0.0041,109,8192,0.001,0.001,47.96,0.001,0,0,0.0001,0.0001,0.06,0.0,25.0,21.0,1781033673226442236
1781033673326494936,33,0,8,0,true,0.0137,0.0041,112,8192,0.002,0.002,47.96,0.002,0,0,0.0002,0.0002,0.09,0.0,25.0,21.0,1781033673312556913
1781033673428844209,33,0,8,0,true,0.0141,0.0041,115,8192,0.002,0.002,47.96,0.002,0,0,0.0002,0.0002,0.09,0.0,25.0,21.0,1781033673414028440
1781033673528874679,33,0,8,0,true,0.0144,0.0041,118,8192,0.001,0.001,47.96,0.001,0,0,0.0001,0.0001,0.06,0.0,25.0,21.0,1781033673488313251
1781033673626233502,33,0,8,0,true,0.015,0.0041,122,8192,0.002,0.002,47.96,0.002,0,0,0.0001,0.0001,0.08,0.0,25.0,21.0,1781033673625388680
1781033673726127970,33,0,8,0,true,0.0153,0.0041,125,8192,0.001,0.001,47.96,0.001,0,0,0.0001,0.0001,0.07,0.0,25.0,21.0,1781033673694358540
1781033673832984702,33,0,8,0,true,0.0158,0.0041,129,8192,0.001,0.001,47.96,0.001,0,0,0.0001,0.0001,0.05,0.0,25.0,21.0,1781033673813226844
1781033673934050631,33,0,8,0,true,0.0162,0.0041,132,8192,0.001,0.001,47.96,0.001,0,0,0.0001,0.0001,0.07,0.0,25.0,21.0,1781033673916391841
1781033674034419927,33,0,8,0,true,0.0166,0.0041,135,8192,0.001,0.001,47.96,0.001,0,0,0.0001,0.0001,0.05,0.0,25.0,21.0,1781033674011619057
1781033674134377963,33,0,8,0,true,0.0169,0.0041,138,8192,0.002,0.002,47.96,0.002,0,0,0.0001,0.0001,0.08,0.0,25.0,21.0,1781033674098751036
1781033674236873992,33,0,8,0,true,0.0174,0.0042,142,8192,0.001,0.001,47.96,0.001,0,0,0.0001,0.0001,0.06,0.0,25.0,21.0,1781033674217892583
1781033674333887205,33,0,8,0,true,0.0178,0.0041,145,8192,0.002,0.002,47.96,0.002,0,0,0.0001,0.0001,0.08,0.0,25.0,21.0,1781033674302483514
1781033674434967368,33,0,8,0,true,0.0182,0.0041,149,8192,0.001,0.001,47.96,0.001,0,0,0.0001,0.0001,0.06,0.0,25.0,21.0,1781033674405238569
1781033674533396413,33,0,8,0,true,0.0187,0.0042,153,8192,0.001,0.001,47.96,0.001,0,0,0.0001,0.0001,0.06,0.0,25.0,21.0,1781033674532858630
1781033674636857751,33,0,8,0,true,0.0191,0.0041,156,8192,0.001,0.001,47.96,0.001,0,0,0.0001,0.0001,0.06,0.0,25.0,21.0,1781033674612154375
1781033674736859927,33,0,8,0,true,0.0194,0.0041,159,8192,0.002,0.002,47.96,0.002,0,0,0.0002,0.0002,0.1,0.0,25.0,21.0,1781033674700404513
1781033674833787178,33,0,8,0,true,0.02,0.0041,163,8192,0.002,0.002,47.96,0.002,0,0,0.0001,0.0001,0.08,0.0,25.0,21.0,1781033674834124396
1781033674936870051,33,0,8,0,true,0.0203,0.0041,166,8192,0.001,0.001,47.96,0.001,0,0,0.0001,0.0001,0.06,0.0,25.0,21.0,1781033674926315353
1781033675034377818,33,0,8,0,true,0.0206,0.0041,168,8192,0.001,0.001,47.96,0.001,0,0,0.0001,0.0001,0.06,0.0,25.0,21.0,1781033674989707012
1781033675133836022,33,0,8,0,true,0.0211,0.0042,172,8192,0.001,0.001,47.96,0.001,0,0,0.0001,0.0001,0.05,0.0,25.0,21.0,1781033675113317650
1781033675233680948,33,0,8,0,true,0.0216,0.0041,176,8192,0.001,0.001,47.96,0.001,0,0,0.0001,0.0001,0.06,0.0,25.0,21.0,1781033675222655558
1781033675334815711,33,0,8,0,true,0.0219,0.0041,179,8192,0.001,0.001,47.96,0.001,0,0,0.0001,0.0001,0.05,0.0,25.0,21.0,1781033675297095933
1781033675440909234,33,0,8,0,true,0.0224,0.0042,183,8192,0.001,0.001,47.96,0.001,0,0,0.0001,0.0001,0.05,0.0,25.0,21.0,1781033675430455920
1781033675542494392,33,0,8,0,true,0.0229,0.0041,187,8192,0.002,0.002,47.96,0.002,0,0,0.0002,0.0002,0.1,0.0,25.0,21.0,1781033675534603065
1781033675641632744,33,0,8,0,true,0.0233,0.0041,190,8192,0.001,0.001,47.96,0.001,0,0,0.0001,0.0001,0.06,0.0,25.0,21.0,1781033675636659917
1781033675741996375,33,0,8,0,true,0.0237,0.0041,193,8192,0.002,0.002,47.96,0.002,0,0,0.0002,0.0002,0.09,0.0,25.0,21.0,1781033675727800121
1781033675848863362,33,0,8,0,true,0.0241,0.0041,197,8192,0.002,0.002,47.96,0.002,0,0,0.0001,0.0001,0.08,0.0,25.0,21.0,1781033675829402968
1781033675953017084,33,0,8,0,true,0.0245,0.0041,200,8192,0.002,0.002,47.96,0.002,0,0,0.0001,0.0001,0.08,0.0,25.0,21.0,1781033675942912793
1781033676053018091,33,0,8,0,true,0.0249,0.0041,204,8192,0.002,0.002,47.96,0.002,0,0,0.0001,0.0001,0.08,0.0,25.0,21.0,1781033676039522255
1781033676149800379,33,0,8,0,true,0.0253,0.0042,207,8192,0.001,0.001,47.96,0.001,0,0,0.0001,0.0001,0.06,0.0,25.0,21.0,1781033676132924208
1781033676249629882,33,0,8,0,true,0.0256,0.0041,209,8192,0.002,0.002,47.96,0.002,0,0,0.0002,0.0002,0.09,0.0,25.0,21.0,1781033676211740669
1781033676357743045,33,0,8,0,true,0.0262,0.0041,214,8192,0.002,0.002,47.96,0.002,0,0,0.0001,0.0001,0.08,0.0,25.0,21.0,1781033676350762873
1781033676459215713,33,0,8,0,true,0.0266,0.0041,218,8192,0.002,0.002,47.96,0.002,0,0,0.0001,0.0001,0.08,0.0,25.0,21.0,1781033676457258339
1781033676558988473,33,0,8,0,true,0.0271,0.0042,221,8192,0.001,0.001,47.96,0.001,0,0,0.0001,0.0001,0.05,0.0,25.0,21.0,1781033676558041607
1781033676659178615,33,0,8,0,true,0.0274,0.0041,224,8192,0.001,0.001,47.96,0.001,0,0,0.0001,0.0001,0.05,0.0,25.0,21.0,1781033676649756532
1781033676758639949,33,0,8,0,true,0.0279,0.0041,228,8192,0.001,0.001,47.96,0.001,0,0,0.0001,0.0001,0.06,0.0,25.0,21.0,1781033676753184539
1781033676859915351,33,0,8,0,true,0.0281,0.0041,230,8192,0.001,0.001,47.96,0.001,0,0,0.0001,0.0001,0.06,0.0,25.0,21.0,1781033676811125273
1781033676959170158,33,0,8,0,true,0.0286,0.0041,234,8192,0.001,0.001,47.96,0.001,0,0,0.0001,0.0001,0.06,0.0,25.0,21.0,1781033676938000822
1781033677059129562,33,0,8,0,true,0.0291,0.0041,238,8192,0.001,0.001,47.96,0.001,0,0,0.0001,0.0001,0.05,0.0,25.0,21.0,1781033677047111724
1781033677159141796,33,0,8,0,true,0.0295,0.0042,241,8192,0.001,0.001,47.96,0.001,0,0,0.0001,0.0001,0.06,0.0,25.0,21.0,1781033677151033030
1781033677266892076,33,0,8,0,true,0.0298,0.0041,244,8192,0.002,0.002,47.96,0.002,0,0,0.0001,0.0001,0.08,0.0,25.0,21.0,1781033677227698003
1781033677368390643,33,0,8,0,true,0.0304,0.0041,248,8192,0.002,0.002,47.96,0.002,0,0,0.0002,0.0002,0.09,0.0,25.0,21.0,1781033677362502904
1781033677470947622,33,0,8,0,true,0.0307,0.0041,251,8192,0.002,0.002,47.96,0.002,0,0,0.0002,0.0002,0.09,0.0,25.0,21.0,1781033677450301420
1781033677573021949,33,0,8,0,true,0.0311,0.0041,254,8192,0.001,0.001,47.96,0.001,0,0,0.0001,0.0001,0.07,0.0,25.0,21.0,1781033677539647190
1781033677677346977,33,0,8,0,true,0.0316,0.0041,259,8192,0.001,0.001,47.96,0.001,0,0,0.0001,0.0001,0.07,0.0,25.0,21.0,1781033677670969206
1781033677774272773,33,0,8,0,true,0.032,0.0041,261,8192,0.002,0.002,47.96,0.002,0,0,0.0002,0.0002,0.11,0.0,25.0,21.0,1781033677753244439
1781033677876142549,33,0,8,0,true,0.0324,0.0041,265,8192,0.001,0.001,47.96,0.001,0,0,0.0001,0.0001,0.06,0.0,25.0,21.0,1781033677859728143
1781033677976877852,33,0,8,0,true,0.0329,0.0041,269,8192,0.001,0.001,47.96,0.001,0,0,0.0001,0.0001,0.06,0.0,25.0,21.0,1781033677970249811
1781033678080094769,33,0,8,0,true,0.0332,0.0041,271,8192,0.002,0.002,47.96,0.002,0,0,0.0002,0.0002,0.09,0.0,25.0,21.0,1781033678046166376
1781033678181657157,33,0,8,0,true,0.0336,0.0041,275,8192,0.001,0.001,47.96,0.001,0,0,0.0001,0.0001,0.06,0.0,25.0,21.0,1781033678157895114
1781033678281414806,33,0,8,0,true,0.0341,0.0041,279,8192,0.001,0.001,47.96,0.001,0,0,0.0001,0.0001,0.07,0.0,25.0,21.0,1781033678266127654
1781033678380870171,33,0,8,0,true,0.0345,0.0041,282,8192,0.001,0.001,47.96,0.001,0,0,0.0001,0.0001,0.07,0.0,25.0,21.0,1781033678374922290
1781033678481161698,33,0,8,0,true,0.0349,0.0041,285,8192,0.001,0.001,47.96,0.001,0,0,0.0001,0.0001,0.06,0.0,25.0,21.0,1781033678463783449
1781033678588854628,33,0,8,0,true,0.0353,0.0041,289,8192,0.002,0.002,47.96,0.002,0,0,0.0002,0.0002,0.09,0.0,25.0,21.0,1781033678577835045
1781033678689811341,33,0,8,0,true,0.0357,0.0041,292,8192,0.002,0.002,47.96,0.002,0,0,0.0001,0.0001,0.08,0.0,25.0,21.0,1781033678673348004
1781033678789762356,33,0,8,0,true,0.0362,0.0041,296,8192,0.001,0.001,47.96,0.001,0,0,0.0001,0.0001,0.07,0.0,25.0,21.0,1781033678785759013
1781033678891139447,33,0,8,0,true,0.0366,0.0041,300,8192,0.001,0.001,47.96,0.001,0,0,0.0001,0.0001,0.06,0.0,25.0,21.0,1781033678890314147
1781033678990108716,33,0,8,0,true,0.037,0.004,302,8192,0.002,0.002,47.96,0.002,0,0,0.0001,0.0001,0.08,0.0,25.0,21.0,1781033678973410654
1781033679090024271,33,0,8,0,true,0.0374,0.0041,306,8192,0.001,0.001,47.96,0.001,0,0,0.0001,0.0001,0.06,0.0,25.0,21.0,1781033679074069498
1781033679190298211,33,0,8,0,true,0.0379,0.0041,310,8192,0.001,0.001,47.96,0.001,0,0,0.0001,0.0001,0.07,0.0,25.0,21.0,1781033679186594048
1781033679293075989,33,0,8,0,true,0.0382,0.0042,313,8192,0.001,0.001,47.96,0.001,0,0,0.0001,0.0001,0.06,0.0,25.0,21.0,1781033679280410951
1781033679393006459,33,0,8,0,true,0.0386,0.0041,316,8192,0.002,0.002,47.96,0.002,0,0,0.0001,0.0001,0.08,0.0,25.0,21.0,1781033679374163661
1781033679493010304,33,0,8,0,true,0.039,0.0041,319,8192,0.001,0.001,47.96,0.001,0,0,0.0001,0.0001,0.07,0.0,25.0,21.0,1781033679459265124
1781033679589771365,33,0,8,0,true,0.0394,0.0041,323,8192,0.002,0.002,47.96,0.002,0,0,0.0001,0.0001,0.08,0.0,25.0,21.0,1781033679576117405
1781033679690443323,33,0,8,0,true,0.0399,0.0041,326,8192,0.002,0.002,47.96,0.002,0,0,0.0001,0.0001,0.08,0.0,25.0,21.0,1781033679687555179
1781033679790147777,33,0,8,0,true,0.0403,0.0042,329,8192,0.001,0.001,47.96,0.001,0,0,0.0001,0.0001,0.06,0.0,25.0,21.0,1781033679775275700
1781033679890026812,33,0,8,0,true,0.0407,0.004,333,8192,0.002,0.002,47.96,0.002,0,0,0.0002,0.0002,0.09,0.0,25.0,21.0,1781033679884062469
1781033679990182346,33,0,8,0,true,0.041,0.0041,336,8192,0.001,0.001,47.96,0.001,0,0,0.0001,0.0001,0.07,0.0,25.0,21.0,1781033679960191568
1781033680092254978,33,0,8,0,true,0.0416,0.0041,340,8192,0.001,0.001,47.96,0.001,0,0,0.0001,0.0001,0.07,0.0,25.0,21.0,1781033680088426419
1781033680189999389,33,0,8,0,true,0.0419,0.0041,343,8192,0.002,0.002,47.96,0.002,0,0,0.0001,0.0001,0.08,0.0,25.0,21.0,1781033680180907895
1781033680290433678,33,0,8,0,true,0.0424,0.0042,347,8192,0.001,0.001,47.96,0.001,0,0,0.0001,0.0001,0.06,0.0,25.0,21.0,1781033680285151615
1781033680394340283,33,0,8,0,true,0.0427,0.0041,349,8192,0.001,0.001,47.96,0.001,0,0,0.0001,0.0001,0.06,0.0,25.0,21.0,1781033680373104708
1781033680496904183,33,0,8,0,true,0.043,0.0041,352,8192,0.001,0.001,47.96,0.001,0,0,0.0001,0.0001,0.07,0.0,25.0,21.0,1781033680449153826
1781033680595317163,33,0,8,0,true,0.0435,0.0041,356,8192,0.001,0.001,47.96,0.001,0,0,0.0001,0.0001,0.06,0.0,25.0,21.0,1781033680572617845
1781033680696910185,33,0,8,0,true,0.0439,0.0041,359,8192,0.002,0.002,47.96,0.002,0,0,0.0002,0.0002,0.09,0.0,25.0,21.0,1781033680662466464
1781033680796887410,33,0,8,0,true,0.0444,0.0041,363,8192,0.001,0.001,47.96,0.001,0,0,0.0001,0.0001,0.06,0.0,25.0,21.0,1781033680782880627
1781033680895348210,33,0,8,0,true,0.0449,0.0042,367,8192,0.001,0.001,47.96,0.001,0,0,0.0001,0.0001,0.06,0.0,25.0,21.0,1781033680893638835
1781033680996886998,33,0,8,0,true,0.0452,0.0041,370,8192,0.001,0.001,47.96,0.001,0,0,0.0001,0.0001,0.07,0.0,25.0,21.0,1781033680981051403
1781033681096913987,33,0,8,0,true,0.0457,0.0041,374,8192,0.001,0.001,47.96,0.001,0,0,0.0001,0.0001,0.06,0.0,25.0,21.0,1781033681088936897
1781033681194935560,33,0,8,0,true,0.0461,0.004,377,8192,0.002,0.002,47.96,0.002,0,0,0.0002,0.0002,0.09,0.0,25.0,21.0,1781033681193403069
1781033681295448455,33,0,8,0,true,0.0465,0.0041,380,8192,0.002,0.002,47.96,0.002,0,0,0.0001,0.0001,0.09,0.0,25.0,21.0,1781033681282181484
1781033681396625555,33,0,8,0,true,0.0469,0.0042,383,8192,0.001,0.001,47.96,0.001,0,0,0.0001,0.0001,0.06,0.0,25.0,21.0,1781033681381945619
1781033681500889480,33,0,8,0,true,0.0472,0.0041,386,8192,0.001,0.001,47.96,0.001,0,0,0.0001,0.0001,0.07,0.0,25.0,21.0,1781033681473120255
1781033681602304810,33,0,8,0,true,0.0478,0.0041,391,8192,0.001,0.001,47.96,0.001,0,0,0.0001,0.0001,0.07,0.0,25.0,21.0,1781033681598375565
1781033681701548402,33,0,8,0,true,0.0481,0.0042,394,8192,0.001,0.001,47.96,0.001,0,0,0.0001,0.0001,0.05,0.0,25.0,21.0,1781033681690550810
1781033681802578127,33,0,8,0,true,0.0485,0.0041,397,8192,0.002,0.002,47.96,0.002,0,0,0.0002,0.0002,0.09,0.0,25.0,21.0,1781033681787684278
1781033681904853737,33,0,8,0,true,0.049,0.0041,401,8192,0.001,0.001,47.96,0.001,0,0,0.0001,0.0001,0.06,0.0,25.0,21.0,1781033681890774410
1781033682002030939,33,0,8,0,true,0.0494,0.0041,404,8192,0.001,0.001,47.96,0.001,0,0,0.0001,0.0001,0.07,0.0,25.0,21.0,1781033682001460074
1781033682104852190,33,0,8,0,true,0.0498,0.0041,407,8192,0.001,0.001,47.96,0.001,0,0,0.0001,0.0001,0.07,0.0,25.0,21.0,1781033682086235703
1781033682204853175,33,0,8,0,true,0.0502,0.0041,411,8192,0.002,0.002,47.96,0.002,0,0,0.0001,0.0001,0.07,0.0,25.0,21.0,1781033682194621544
1781033682302328575,33,0,8,0,true,0.0506,0.0041,414,8192,0.002,0.002,47.96,0.002,0,0,0.0002,0.0002,0.09,0.0,25.0,21.0,1781033682300946667
1781033682402170009,33,0,8,0,true,0.051,0.0041,417,8192,0.001,0.001,47.96,0.001,0,0,0.0001,0.0001,0.06,0.0,25.0,21.0,1781033682383007404
1781033682502165955,33,0,8,0,true,0.0514,0.0041,421,8192,0.002,0.002,47.96,0.002,0,0,0.0002,0.0002,0.1,0.0,25.0,21.0,1781033682493744210
1781033682608864696,33,0,8,0,true,0.0519,0.0041,424,8192,0.002,0.002,47.96,0.002,0,0,0.0001,0.0001,0.07,0.0,25.0,21.0,1781033682599224276
1781033682713020157,33,0,8,0,true,0.0523,0.0041,428,8192,0.002,0.002,47.96,0.002,0,0,0.0001,0.0001,0.07,0.0,25.0,21.0,1781033682693414394
1781033682813240409,33,0,8,0,true,0.0527,0.0042,432,8192,0.001,0.001,47.96,0.001,0,0,0.0001,0.0001,0.06,0.0,25.0,21.0,1781033682811716869
1781033682912991043,33,0,8,0,true,0.0531,0.0041,434,8192,0.002,0.002,47.96,0.002,0,0,0.0001,0.0001,0.07,0.0,25.0,21.0,1781033682893260476
1781033683009993676,33,0,8,0,true,0.0535,0.0042,438,8192,0.001,0.001,47.96,0.001,0,0,0.0001,0.0001,0.06,0.0,25.0,21.0,1781033683005862602
1781033683110094065,33,0,8,0,true,0.054,0.0042,441,8192,0.001,0.001,47.96,0.001,0,0,0.0001,0.0001,0.06,0.0,25.0,21.0,1781033683105197797
1781033683210261032,33,0,8,0,true,0.0543,0.0043,445,8192,0.001,0.001,47.96,0.001,0,0,0.0001,0.0001,0.05,0.0,25.0,21.0,1781033683199395142
1781033683311265666,33,0,8,0,true,0.0547,0.0041,447,8192,0.001,0.001,47.96,0.001,0,0,0.0001,0.0001,0.07,0.0,25.0,21.0,1781033683278815713
1781033683412985152,33,0,8,0,true,0.0551,0.0041,451,8192,0.002,0.002,47.96,0.002,0,0,0.0001,0.0001,0.09,0.0,25.0,21.0,1781033683394735896
1781033683510441960,33,0,8,0,true,0.0556,0.0041,455,8192,0.001,0.001,47.96,0.001,0,0,0.0001,0.0001,0.06,0.0,25.0,21.0,1781033683502645279
1781033683609946215,33,0,8,0,true,0.056,0.0041,458,8192,0.002,0.002,47.96,0.002,0,0,0.0001,0.0001,0.07,0.0,25.0,21.0,1781033683603779053
1781033683709592901,33,0,8,0,true,0.0564,0.0042,461,8192,0.001,0.001,47.96,0.001,0,0,0.0001,0.0001,0.06,0.0,25.0,21.0,1781033683699609622
1781033683817010553,33,0,8,0,true,0.0568,0.0041,465,8192,0.001,0.001,47.96,0.001,0,0,0.0001,0.0001,0.07,0.0,25.0,21.0,1781033683794727454
1781033683917875949,33,0,8,0,true,0.0573,0.0041,469,8192,0.002,0.002,47.96,0.002,0,0,0.0001,0.0001,0.08,0.0,25.0,21.0,1781033683912327102
1781033684018307609,33,0,8,0,true,0.0577,0.0043,472,8192,0.001,0.001,47.96,0.001,0,0,0.0001,0.0001,0.05,0.0,25.0,21.0,1781033684016364965
1781033684120882930,33,0,8,0,true,0.058,0.0041,475,8192,0.001,0.001,47.96,0.001,0,0,0.0001,0.0001,0.06,0.0,25.0,21.0,1781033684100183880
1781033684218113921,33,0,8,0,true,0.0585,0.0041,478,8192,0.002,0.002,47.96,0.002,0,0,0.0001,0.0001,0.08,0.0,25.0,21.0,1781033684201005446
1781033684317546590,33,0,8,0,true,0.0589,0.0041,482,8192,0.002,0.002,47.96,0.002,0,0,0.0001,0.0001,0.08,0.0,25.0,21.0,1781033684305827774
1781033684418274549,33,0,8,0,true,0.0593,0.0041,486,8192,0.001,0.001,47.96,0.001,0,0,0.0001,0.0001,0.06,0.0,25.0,21.0,1781033684413686574
1781033684520527201,33,0,8,0,true,0.0597,0.0042,489,8192,0.001,0.001,47.96,0.001,0,0,0.0001,0.0001,0.05,0.0,25.0,21.0,1781033684509155710
1781033684618077493,33,0,8,0,true,0.0601,0.0042,492,8192,0.001,0.001,47.96,0.001,0,0,0.0001,0.0001,0.06,0.0,25.0,21.0,1781033684601774784
1781033684720896822,33,0,8,0,true,0.0605,0.0041,495,8192,0.002,0.002,47.96,0.002,0,0,0.0002,0.0002,0.09,0.0,25.0,21.0,1781033684706027449
1781033684818086083,33,0,8,0,true,0.0609,0.0041,498,8192,0.002,0.002,47.96,0.002,0,0,0.0001,0.0001,0.08,0.0,25.0,21.0,1781033684786187118
1781033684917597204,33,0,8,0,true,0.0614,0.0041,502,8192,0.001,0.001,47.96,0.001,0,0,0.0001,0.0001,0.07,0.0,25.0,21.0,1781033684914772834
1781033685018151057,33,0,8,0,true,0.0617,0.0041,505,8192,0.002,0.002,47.96,0.002,0,0,0.0002,0.0002,0.09,0.0,25.0,21.0,1781033684999191234
1781033685120863230,33,0,8,0,true,0.0622,0.0041,509,8192,0.001,0.001,47.96,0.001,0,0,0.0001,0.0001,0.06,0.0,25.0,21.0,1781033685112437938
1781033685218652428,33,0,8,0,true,0.0626,0.0041,512,8192,0.001,0.001,47.96,0.001,0,0,0.0001,0.0001,0.07,0.0,25.0,21.0,1781033685213553694
1781033685320891731,33,0,8,0,true,0.063,0.0041,516,8192,0.002,0.002,47.96,0.002,0,0,0.0001,0.0001,0.08,0.0,25.0,21.0,1781033685311515624
1781033685418265376,33,0,8,0,true,0.0633,0.0041,518,8192,0.002,0.002,47.96,0.002,0,0,0.0001,0.0001,0.08,0.0,25.0,21.0,1781033685388703455
1781033685518193981,33,0,8,0,true,0.0638,0.0042,522,8192,0.001,0.001,47.96,0.001,0,0,0.0001,0.0001,0.05,0.0,25.0,21.0,1781033685506326777
1781033685621003555,33,0,8,0,true,0.0642,0.0041,526,8192,0.002,0.002,47.96,0.002,0,0,0.0002,0.0002,0.09,0.0,25.0,21.0,1781033685605192887
1781033685724876585,33,0,8,0,true,0.0647,0.0041,529,8192,0.001,0.001,47.96,0.001,0,0,0.0001,0.0001,0.06,0.0,25.0,21.0,1781033685714395220
1781033685825558931,33,0,8,0,true,0.0651,0.0041,533,8192,0.001,0.001,47.96,0.001,0,0,0.0001,0.0001,0.06,0.0,25.0,21.0,1781033685821660798
1781033685926207491,33,0,8,0,true,0.0655,0.0041,536,8192,0.002,0.002,47.96,0.002,0,0,0.0001,0.0001,0.08,0.0,25.0,21.0,1781033685924094180
1781033686025761005,33,0,8,0,true,0.066,0.0042,540,8192,0.001,0.001,47.96,0.001,0,0,0.0001,0.0001,0.06,0.0,25.0,21.0,1781033686023435103
1781033686128877643,33,0,8,0,true,0.0663,0.0042,543,8192,0.001,0.001,47.96,0.001,0,0,0.0001,0.0001,0.06,0.0,25.0,21.0,1781033686110086482
1781033686226466319,33,0,8,0,true,0.0667,0.0041,546,8192,0.001,0.001,47.96,0.001,0,0,0.0001,0.0001,0.07,0.0,25.0,21.0,1781033686197567191
1781033686326190660,33,0,8,0,true,0.0671,0.0041,549,8192,0.001,0.001,47.96,0.001,0,0,0.0001,0.0001,0.07,0.0,25.0,21.0,1781033686291799067
1781033686426085138,33,0,8,0,true,0.0675,0.0041,553,8192,0.001,0.001,47.96,0.001,0,0,0.0001,0.0001,0.06,0.0,25.0,21.0,1781033686407901757
1781033686526174042,33,0,8,0,true,0.0679,0.0041,556,8192,0.002,0.002,47.96,0.002,0,0,0.0001,0.0001,0.09,0.0,25.0,21.0,1781033686496251699
1781033686628870388,33,0,8,0,true,0.0684,0.0041,560,8192,0.002,0.002,47.96,0.002,0,0,0.0001,0.0001,0.07,0.0,25.0,21.0,1781033686617531612
1781033686725641063,33,0,8,0,true,0.0688,0.0042,563,8192,0.001,0.001,47.96,0.001,0,0,0.0001,0.0001,0.06,0.0,25.0,21.0,1781033686722093766
1781033686828889201,33,0,8,0,true,0.0692,0.0042,566,8192,0.001,0.001,47.96,0.001,0,0,0.0001,0.0001,0.06,0.0,25.0,21.0,1781033686802193386
1781033686928865757,33,0,8,0,true,0.0696,0.0041,570,8192,0.002,0.002,47.96,0.002,0,0,0.0001,0.0001,0.07,0.0,25.0,21.0,1781033686912072374
1781033687025808532,33,0,8,0,true,0.07,0.0041,573,8192,0.001,0.001,47.96,0.001,0,0,0.0001,0.0001,0.07,0.0,25.0,21.0,1781033687015573435
1781033687126621433,33,0,8,0,true,0.0704,0.0041,576,8192,0.001,0.001,47.96,0.001,0,0,0.0001,0.0001,0.06,0.0,25.0,21.0,1781033687106033775
1781033687228864279,33,0,8,0,true,0.0708,0.0041,580,8192,0.002,0.002,47.96,0.002,0,0,0.0001,0.0001,0.07,0.0,25.0,21.0,1781033687207276440
1781033687326175326,33,0,8,0,true,0.0713,0.0042,584,8192,0.001,0.001,47.96,0.001,0,0,0.0001,0.0001,0.06,0.0,25.0,21.0,1781033687322142077
1781033687428481385,33,0,8,0,true,0.0716,0.0041,586,8192,0.002,0.002,47.96,0.002,0,0,0.0001,0.0001,0.07,0.0,25.0,21.0,1781033687398933292
1781033687529215350,33,0,8,0,true,0.072,0.004,589,8192,0.002,0.002,47.96,0.002,0,0,0.0002,0.0002,0.09,0.0,25.0,21.0,1781033687489074767
1781033687628874349,33,0,8,0,true,0.0725,0.0041,594,8192,0.002,0.002,47.96,0.002,0,0,0.0001,0.0001,0.07,0.0,25.0,21.0,1781033687616369915
1781033687726283549,33,0,8,0,true,0.0729,0.0041,597,8192,0.001,0.001,47.96,0.001,0,0,0.0001,0.0001,0.06,0.0,25.0,21.0,1781033687709175492
1781033687825663393,33,0,8,0,true,0.0733,0.0041,600,8192,0.001,0.001,47.96,0.001,0,0,0.0001,0.0001,0.07,0.0,25.0,21.0,1781033687813188898
1781033687926122019,33,0,8,0,true,0.0736,0.0041,603,8192,0.002,0.002,47.96,0.002,0,0,0.0002,0.0002,0.11,0.0,25.0,21.0,1781033687888170202
1781033688026148388,33,0,8,0,true,0.0741,0.0041,607,8192,0.002,0.002,47.96,0.002,0,0,0.0002,0.0002,0.09,0.0,25.0,21.0,1781033688010270016
1781033688128871980,33,0,8,0,true,0.0746,0.0041,610,8192,0.001,0.001,47.96,0.001,0,0,0.0001,0.0001,0.06,0.0,25.0,21.0,1781033688113861847
1781033688226185541,33,0,8,0,true,0.0749,0.0041,613,8192,0.003,0.003,47.96,0.003,0,0,0.0002,0.0002,0.12,0.0,25.0,21.0,1781033688201735529
1781033688326017214,33,0,8,0,true,0.0754,0.0042,617,8192,0.001,0.001,47.96,0.001,0,0,0.0001,0.0001,0.06,0.0,25.0,21.0,1781033688323038664
1781033688428862600,33,0,8,0,true,0.0758,0.0041,620,8192,0.002,0.002,47.96,0.002,0,0,0.0001,0.0001,0.08,0.0,25.0,21.0,1781033688409959637
1781033688526353683,33,0,8,0,true,0.0762,0.0041,624,8192,0.002,0.002,47.96,0.002,0,0,0.0001,0.0001,0.07,0.0,25.0,21.0,1781033688509364170
1781033688627107756,33,0,8,0,true,0.0766,0.0042,627,8192,0.001,0.001,47.96,0.001,0,0,0.0001,0.0001,0.06,0.0,25.0,21.0,1781033688611426712
1781033688728897010,33,0,8,0,true,0.0769,0.0041,630,8192,0.002,0.002,47.96,0.002,0,0,0.0001,0.0001,0.08,0.0,25.0,21.0,1781033688689253716
1781033688833014345,33,0,8,0,true,0.0774,0.0041,634,8192,0.002,0.002,47.96,0.002,0,0,0.0001,0.0001,0.08,0.0,25.0,21.0,1781033688815583759
1781033688934725738,33,0,8,0,true,0.0779,0.0041,638,8192,0.002,0.002,47.96,0.002,0,0,0.0001,0.0001,0.09,0.0,25.0,21.0,1781033688927299920
1781033689033420847,33,0,8,0,true,0.0782,0.0041,640,8192,0.003,0.003,47.96,0.003,0,0,0.0002,0.0002,0.13,0.0,25.0,21.0,1781033689008482629
1781033689133640975,33,0,8,0,true,0.0787,0.0043,644,8192,0.001,0.001,47.96,0.001,0,0,0.0001,0.0001,0.06,0.0,25.0,21.0,1781033689126671497
1781033689233429954,33,0,8,0,true,0.0791,0.0041,648,8192,0.002,0.002,47.96,0.002,0,0,0.0001,0.0001,0.08,0.0,25.0,21.0,1781033689222887876
1781033689334506013,33,0,8,0,true,0.0795,0.0041,650,8192,0.002,0.002,47.96,0.002,0,0,0.0002,0.0002,0.09,0.0,25.0,21.0,1781033689306214242
1781033689434357335,33,0,8,0,true,0.0799,0.0041,654,8192,0.002,0.002,47.96,0.002,0,0,0.0002,0.0002,0.1,0.0,25.0,21.0,1781033689416270336
1781033689536888446,33,0,8,0,true,0.0804,0.0041,658,8192,0.002,0.002,47.96,0.002,0,0,0.0001,0.0001,0.08,0.0,25.0,21.0,1781033689523864830
1781033689633398435,33,0,8,0,true,0.0808,0.0042,661,8192,0.001,0.001,47.96,0.001,0,0,0.0001,0.0001,0.05,0.0,25.0,21.0,1781033689619824583
1781033689740909834,33,0,8,0,true,0.0811,0.0041,664,8192,0.001,0.001,47.96,0.001,0,0,0.0001,0.0001,0.06,0.0,25.0,21.0,1781033689714443802
1781033689842392697,33,0,8,0,true,0.0816,0.0041,668,8192,0.002,0.002,47.96,0.002,0,0,0.0001,0.0001,0.08,0.0,25.0,21.0,1781033689829382356
1781033689942760440,33,0,8,0,true,0.0821,0.0041,672,8192,0.002,0.002,47.96,0.002,0,0,0.0001,0.0001,0.08,0.0,25.0,21.0,1781033689942360077
1781033690044600144,33,0,8,0,true,0.0825,0.0041,675,8192,0.001,0.001,47.96,0.001,0,0,0.0001,0.0001,0.06,0.0,25.0,21.0,1781033690044033312
1781033690148864251,33,0,8,0,true,0.0829,0.0041,679,8192,0.002,0.002,47.96,0.002,0,0,0.0001,0.0001,0.07,0.0,25.0,21.0,1781033690139220576
1781033690252941009,33,0,8,0,true,0.0833,0.0041,682,8192,0.002,0.002,47.96,0.002,0,0,0.0001,0.0001,0.08,0.0,25.0,21.0,1781033690234312056
1781033690352967358,33,0,8,0,true,0.0837,0.0041,685,8192,0.002,0.002,47.96,0.002,0,0,0.0001,0.0001,0.07,0.0,25.0,21.0,1781033690343723851
1781033690450144060,33,0,8,0,true,0.0841,0.0043,689,8192,0.001,0.001,47.96,0.001,0,0,0.0001,0.0001,0.06,0.0,25.0,21.0,1781033690441239127
1781033690550165795,33,0,8,0,true,0.0845,0.0041,692,8192,0.002,0.002,47.96,0.002,0,0,0.0001,0.0001,0.08,0.0,25.0,21.0,1781033690534303443
1781033690649640244,33,0,8,0,true,0.0849,0.0042,695,8192,0.001,0.001,47.96,0.001,0,0,0.0001,0.0001,0.06,0.0,25.0,21.0,1781033690636393295
1781033690751826503,33,0,8,0,true,0.0853,0.0041,699,8192,0.002,0.002,47.96,0.002,0,0,0.0001,0.0001,0.08,0.0,25.0,21.0,1781033690734172844
1781033690850357797,33,0,8,0,true,0.0857,0.0042,702,8192,0.001,0.001,47.96,0.001,0,0,0.0001,0.0001,0.06,0.0,25.0,21.0,1781033690822170444
1781033690949856173,33,0,8,0,true,0.0862,0.0041,706,8192,0.002,0.002,47.96,0.002,0,0,0.0002,0.0002,0.09,0.0,25.0,21.0,1781033690947092392
1781033691050200464,33,0,8,0,true,0.0866,0.0041,709,8192,0.002,0.002,47.96,0.002,0,0,0.0001,0.0001,0.08,0.0,25.0,21.0,1781033691037308068
1781033691150099290,33,0,8,0,true,0.0869,0.0041,712,8192,0.002,0.002,47.96,0.002,0,0,0.0001,0.0001,0.08,0.0,25.0,21.0,1781033691122836263
1781033691249485315,33,0,8,0,true,0.0874,0.004,716,8192,0.002,0.002,47.96,0.002,0,0,0.0002,0.0002,0.1,0.0,25.0,21.0,1781033691243383485
1781033691357042067,33,0,8,0,true,0.0878,0.0042,719,8192,0.001,0.001,47.96,0.001,0,0,0.0001,0.0001,0.06,0.0,25.0,21.0,1781033691328665935
1781033691459563905,33,0,8,0,true,0.0882,0.0041,722,8192,0.001,0.001,47.96,0.001,0,0,0.0001,0.0001,0.07,0.0,25.0,21.0,1781033691437153781
1781033691558173504,33,0,8,0,true,0.0887,0.0041,726,8192,0.001,0.001,47.96,0.001,0,0,0.0001,0.0001,0.06,0.0,25.0,21.0,1781033691549403849
1781033691657496261,33,0,8,0,true,0.0891,0.0041,730,8192,0.002,0.002,47.96,0.002,0,0,0.0002,0.0002,0.09,0.0,25.0,21.0,1781033691651310331
1781033691757721095,33,0,8,0,true,0.0895,0.0041,733,8192,0.001,0.001,47.96,0.001,0,0,0.0001,0.0001,0.07,0.0,25.0,21.0,1781033691753885163
1781033691858003996,33,0,8,0,true,0.0899,0.0043,736,8192,0.001,0.001,47.96,0.001,0,0,0.0001,0.0001,0.06,0.0,25.0,21.0,1781033691845346600
1781033691960870549,33,0,8,0,true,0.0904,0.0042,740,8192,0.001,0.001,47.96,0.001,0,0,0.0001,0.0001,0.04,0.0,25.0,21.0,1781033691949656765
1781033692060859884,33,0,8,0,true,0.0907,0.0041,743,8192,0.002,0.002,47.96,0.002,0,0,0.0001,0.0001,0.08,0.0,25.0,21.0,1781033692038079615
1781033692157727096,33,0,8,0,true,0.0911,0.0041,746,8192,0.001,0.001,47.96,0.001,0,0,0.0001,0.0001,0.06,0.0,25.0,21.0,1781033692143710050
1781033692260887849,33,0,8,0,true,0.0916,0.0041,750,8192,0.002,0.002,47.96,0.002,0,0,0.0002,0.0002,0.09,0.0,25.0,21.0,1781033692244928492
1781033692360855217,33,0,8,0,true,0.0919,0.0041,752,8192,0.002,0.002,47.96,0.002,0,0,0.0001,0.0001,0.08,0.0,25.0,21.0,1781033692322182804
1781033692457431614,33,0,8,0,true,0.0924,0.0042,756,8192,0.001,0.001,47.96,0.001,0,0,0.0001,0.0001,0.06,0.0,25.0,21.0,1781033692442902383
1781033692560866566,33,0,8,0,true,0.0928,0.0041,760,8192,0.002,0.002,47.96,0.002,0,0,0.0001,0.0001,0.08,0.0,25.0,21.0,1781033692545006007
1781033692658095952,33,0,8,0,true,0.0932,0.0041,763,8192,0.002,0.002,47.96,0.002,0,0,0.0002,0.0002,0.09,0.0,25.0,21.0,1781033692635080320
1781033692758305549,33,0,8,0,true,0.0937,0.0041,767,8192,0.002,0.002,47.96,0.002,0,0,0.0001,0.0001,0.08,0.0,25.0,21.0,1781033692756220830
1781033692860878361,33,0,8,0,true,0.094,0.0041,770,8192,0.002,0.002,47.96,0.002,0,0,0.0001,0.0001,0.08,0.0,25.0,21.0,1781033692850085343
1781033692958188771,33,0,8,0,true,0.0945,0.0041,773,8192,0.002,0.002,47.96,0.002,0,0,0.0001,0.0001,0.08,0.0,25.0,21.0,1781033692953986433
1781033693058442627,33,0,8,0,true,0.0948,0.0042,777,8192,0.001,0.001,47.96,0.001,0,0,0.0001,0.0001,0.07,0.0,25.0,21.0,1781033693044900714
1781033693160861249,33,0,8,0,true,0.0952,0.0041,779,8192,0.002,0.002,47.96,0.002,0,0,0.0002,0.0002,0.09,0.0,25.0,21.0,1781033693131379251
1781033693257642497,33,0,8,0,true,0.0956,0.0041,783,8192,0.002,0.002,47.96,0.002,0,0,0.0002,0.0002,0.09,0.0,25.0,21.0,1781033693237434869
1781033693358179495,33,0,8,0,true,0.0961,0.0042,787,8192,0.001,0.001,47.96,0.001,0,0,0.0001,0.0001,0.06,0.0,25.0,21.0,1781033693353927952
1781033693458116120,33,0,8,0,true,0.0965,0.0041,790,8192,0.002,0.002,47.96,0.002,0,0,0.0002,0.0002,0.09,0.0,25.0,21.0,1781033693445790522
1781033693558472978,33,0,8,0,true,0.0969,0.0041,794,8192,0.002,0.002,47.96,0.002,0,0,0.0001,0.0001,0.08,0.0,25.0,21.0,1781033693550029408
1781033693658612034,33,0,8,0,true,0.0973,0.0041,796,8192,0.002,0.002,47.96,0.002,0,0,0.0001,0.0001,0.08,0.0,25.0,21.0,1781033693637920061
1781033693760832902,33,0,8,0,true,0.0977,0.004,800,8192,0.002,0.002,47.96,0.002,0,0,0.0002,0.0002,0.1,0.0,25.0,21.0,1781033693737164828
1781033693860849248,33,0,8,0,true,0.0981,0.0041,803,8192,0.002,0.002,47.96,0.002,0,0,0.0002,0.0002,0.09,0.0,25.0,21.0,1781033693841612256
1781033693958221771,33,0,8,0,true,0.0985,0.0043,807,8192,0.001,0.001,47.96,0.001,0,0,0.0001,0.0001,0.06,0.0,25.0,21.0,1781033693942162045
1781033694062163903,33,0,8,0,true,0.0989,0.0041,810,8192,0.002,0.002,47.96,0.002,0,0,0.0001,0.0001,0.08,0.0,25.0,21.0,1781033694032701604
1781033694162447183,33,0,8,0,true,0.0993,0.0041,813,8192,0.002,0.002,47.96,0.002,0,0,0.0001,0.0001,0.08,0.0,25.0,21.0,1781033694131831769
1781033694263161949,33,0,8,0,true,0.0998,0.0041,817,8192,0.002,0.002,47.96,0.002,0,0,0.0001,0.0001,0.08,0.0,25.0,21.0,1781033694245014194
1781033694364875336,33,0,8,0,true,0.1002,0.0041,821,8192,0.002,0.002,47.96,0.002,0,0,0.0001,0.0001,0.08,0.0,25.0,21.0,1781033694349460809
1781033694463147068,33,0,8,0,true,0.1006,0.0041,824,8192,0.001,0.001,47.96,0.001,0,0,0.0001,0.0001,0.05,0.0,25.0,21.0,1781033694437103484
1781033694563041195,33,0,8,0,true,0.1011,0.0041,827,8192,0.001,0.001,47.95,0.001,0,0,0.0001,0.0001,0.07,0.0,25.0,21.0,1781033694553697573
1781033694662924865,33,0,8,0,true,0.1015,0.0042,831,8192,0.001,0.001,47.95,0.001,0,0,0.0001,0.0001,0.07,0.0,25.0,21.0,1781033694652240328
1781033694764943316,33,0,8,0,true,0.1019,0.0041,834,8192,0.001,0.001,47.95,0.001,0,0,0.0001,0.0001,0.07,0.0,25.0,21.0,1781033694757474819
1781033694863231135,33,0,8,0,true,0.1021,0.0041,836,8192,0.001,0.001,47.95,0.001,0,0,0.0001,0.0001,0.06,0.0,25.0,21.0,1781033694812915305
1781033694963483007,33,0,8,0,true,0.1027,0.0041,841,8192,0.002,0.002,47.95,0.002,0,0,0.0001,0.0001,0.08,0.0,25.0,21.0,1781033694955862785
1781033695062594221,33,0,8,0,true,0.1031,0.0041,844,8192,0.001,0.001,47.95,0.001,0,0,0.0001,0.0001,0.07,0.0,25.0,21.0,1781033695053644917
1781033695164567316,33,0,8,0,true,0.1035,0.0041,847,8192,0.002,0.002,47.95,0.002,0,0,0.0001,0.0001,0.08,0.0,25.0,21.0,1781033695135726748
1781033695263167682,33,0,8,0,true,0.1039,0.004,851,8192,0.002,0.002,47.95,0.002,0,0,0.0002,0.0002,0.1,0.0,25.0,21.0,1781033695245484732
1781033695363087996,33,0,8,0,true,0.1044,0.0041,855,8192,0.001,0.001,47.95,0.001,0,0,0.0001,0.0001,0.07,0.0,25.0,21.0,1781033695360292087
1781033695463084107,33,0,8,0,true,0.1048,0.0042,858,8192,0.001,0.001,47.95,0.001,0,0,0.0001,0.0001,0.06,0.0,25.0,21.0,1781033695461168323
1781033695564850446,33,0,8,0,true,0.1052,0.0041,861,8192,0.001,0.001,47.95,0.001,0,0,0.0001,0.0001,0.06,0.0,25.0,21.0,1781033695548004288
1781033695662782871,33,0,8,0,true,0.1056,0.004,865,8192,0.002,0.002,47.95,0.002,0,0,0.0001,0.0001,0.08,0.0,25.0,21.0,1781033695656824881
1781033695762897111,33,0,8,0,true,0.106,0.0041,868,8192,0.001,0.001,47.95,0.001,0,0,0.0001,0.0001,0.07,0.0,25.0,21.0,1781033695741010209
1781033695864845622,33,0,8,0,true,0.1064,0.0042,871,8192,0.001,0.001,47.95,0.001,0,0,0.0001,0.0001,0.07,0.0,25.0,21.0,1781033695849875221
1781033695964548528,33,0,8,0,true,0.1069,0.004,875,8192,0.002,0.002,47.95,0.002,0,0,0.0002,0.0002,0.1,0.0,25.0,21.0,1781033695963565211
1781033696063138591,33,0,8,0,true,0.1072,0.0042,878,8192,0.001,0.001,47.95,0.001,0,0,0.0001,0.0001,0.05,0.0,25.0,21.0,1781033696040950408
1781033696162956761,33,0,8,0,true,0.1077,0.0041,882,8192,0.002,0.002,47.95,0.002,0,0,0.0002,0.0002,0.1,0.0,25.0,21.0,1781033696157358970
1781033696264866565,33,0,8,0,true,0.108,0.0041,884,8192,0.002,0.002,47.95,0.002,0,0,0.0001,0.0001,0.08,0.0,25.0,21.0,1781033696243211619
1781033696363027517,33,0,8,0,true,0.1084,0.004,887,8192,0.002,0.002,47.95,0.002,0,0,0.0002,0.0002,0.09,0.0,25.0,21.0,1781033696326428125
1781033696463472311,33,0,8,0,true,0.1089,0.0042,892,8192,0.001,0.001,47.95,0.001,0,0,0.0001,0.0001,0.07,0.0,25.0,21.0,1781033696458892845
1781033696568865388,33,0,8,0,true,0.1093,0.0041,895,8192,0.002,0.002,47.95,0.002,0,0,0.0002,0.0002,0.1,0.0,25.0,21.0,1781033696556233683
1781033696672799190,33,0,8,0,true,0.1097,0.004,898,8192,0.002,0.002,47.95,0.002,0,0,0.0001,0.0001,0.08,0.0,25.0,21.0,1781033696653532290
1781033696769933132,33,0,8,0,true,0.1101,0.0041,902,8192,0.002,0.002,47.95,0.002,0,0,0.0001,0.0001,0.08,0.0,25.0,21.0,1781033696757197463
1781033696870431786,33,0,8,0,true,0.1105,0.0041,905,8192,0.001,0.001,47.95,0.001,0,0,0.0001,0.0001,0.06,0.0,25.0,21.0,1781033696854208227
1781033696971423046,33,0,8,0,true,0.1109,0.0042,908,8192,0.001,0.001,47.95,0.001,0,0,0.0001,0.0001,0.06,0.0,25.0,21.0,1781033696941147414
1781033697073051500,33,0,8,0,true,0.1114,0.0041,912,8192,0.001,0.001,47.95,0.001,0,0,0.0001,0.0001,0.06,0.0,25.0,21.0,1781033697062441154
1781033697169840326,33,0,8,0,true,0.1118,0.0041,916,8192,0.003,0.003,47.95,0.003,0,0,0.0002,0.0002,0.13,0.0,25.0,21.0,1781033697169664028
1781033697270045224,33,0,8,0,true,0.1121,0.0041,918,8192,0.002,0.002,47.95,0.002,0,0,0.0002,0.0002,0.1,0.0,25.0,21.0,1781033697227951077
1781033697370120075,33,0,8,0,true,0.1126,0.0041,922,8192,0.002,0.002,47.95,0.002,0,0,0.0001,0.0001,0.08,0.0,25.0,21.0,1781033697350017193
1781033697469725927,33,0,8,0,true,0.1129,0.0041,925,8192,0.001,0.001,47.95,0.001,0,0,0.0001,0.0001,0.06,0.0,25.0,21.0,1781033697437579824
1781033697569950230,33,0,8,0,true,0.1134,0.0042,928,8192,0.001,0.001,47.95,0.001,0,0,0.0001,0.0001,0.07,0.0,25.0,21.0,1781033697547400242
1781033697670464978,33,0,8,0,true,0.1138,0.0041,932,8192,0.002,0.002,47.95,0.002,0,0,0.0001,0.0001,0.08,0.0,25.0,21.0,1781033697650471971
1781033697773031702,33,0,8,0,true,0.1142,0.0041,935,8192,0.002,0.002,47.95,0.002,0,0,0.0002,0.0002,0.09,0.0,25.0,21.0,1781033697750141376
1781033697869726888,33,0,8,0,true,0.1146,0.0043,938,8192,0.001,0.001,47.95,0.001,0,0,0.0001,0.0001,0.06,0.0,25.0,21.0,1781033697838012796
1781033697970370072,33,0,8,0,true,0.1151,0.0041,942,8192,0.003,0.003,47.95,0.003,0,0,0.0002,0.0002,0.14,0.0,25.0,21.0,1781033697953901687
1781033698069876851,33,0,8,0,true,0.1155,0.003,945,8192,0.005,0.005,47.95,0.005,0,0,0.0004,0.0004,0.26,0.0,25.0,21.0,1781033698059763912
1781033698172890854,33,0,8,0,true,0.1158,0.0039,948,8192,0.0,0.0,47.95,0.0,0,0,0.0,0.0,0.0,0.0,25.0,21.0,1781033698161580570
1781033698272991157,33,0,8,0,true,0.1161,0.0038,951,8192,0.0,0.0,47.95,0.0,0,0,0.0,0.0,0.01,0.0,25.0,21.0,1781033698242135999
1781033698369993857,33,0,8,0,true,0.1166,0.0038,955,8192,0.0,0.0,47.95,0.0,0,0,0.0,0.0,0.01,0.0,25.0,21.0,1781033698366865313
1781033698472961167,33,0,8,0,true,0.1169,0.0039,958,8192,0.0,0.0,47.95,0.0,0,0,0.0,0.0,0.01,0.0,25.0,21.0,1781033698450436816
1781033698572979359,33,0,8,0,true,0.1174,0.0038,961,8192,0.0,0.0,47.95,0.0,0,0,0.0,0.0,0.0,0.0,25.0,21.0,1781033698567350021
1781033698669826563,33,0,8,0,true,0.1178,0.004,964,8192,0.0,0.0,47.95,0.0,0,0,0.0,0.0,0.01,0.0,25.0,21.0,1781033698665844410
1781033698769519072,33,0,8,0,true,0.1181,0.0038,967,8192,0.0,0.0,47.95,0.0,0,0,0.0,0.0,0.01,0.0,25.0,21.0,1781033698753192831
1781033698870581330,33,0,8,0,true,0.1186,0.0038,971,8192,0.0,0.0,47.95,0.0,0,0,0.0,0.0,0.01,0.0,25.0,21.0,1781033698869662092
1781033698971835119,33,0,8,0,true,0.1189,0.0039,973,8192,0.0,0.0,47.95,0.0,0,0,0.0,0.0,0.0,0.0,25.0,21.0,1781033698954595037
1781033699069781134,33,0,8,0,true,0.1193,0.0038,977,8192,0.0,0.0,47.95,0.0,0,0,0.0,0.0,0.01,0.0,25.0,21.0,1781033699060859643
1781033699172867220,33,0,8,0,true,0.1196,0.0039,980,8192,0.0,0.0,47.95,0.0,0,0,0.0,0.0,0.0,0.0,25.0,21.0,1781033699153459465
1781033699269692350,33,0,8,0,true,0.12,0.0038,982,8192,0.0,0.0,47.95,0.0,0,0,0.0,0.0,0.01,0.0,25.0,21.0,1781033699234327784
1781033699372802340,33,0,8,0,true,0.1204,0.0038,986,8192,0.0,0.0,47.95,0.0,0,0,0.0,0.0,0.02,0.0,25.0,21.0,1781033699360729600
1781033699470252763,33,0,8,0,true,0.1208,0.0038,989,8192,0.0,0.0,47.95,0.0,0,0,0.0,0.0,0.0,0.0,25.0,21.0,1781033699455771016
1781033699569861300,33,0,8,0,true,0.1211,0.0038,992,8192,0.0,0.0,47.95,0.0,0,0,0.0,0.0,0.02,0.0,25.0,21.0,1781033699543643476
1781033699669975598,33,0,8,0,true,0.1216,0.0038,996,8192,0.0,0.0,47.95,0.0,0,0,0.0,0.0,0.02,0.0,25.0,21.0,1781033699658079651
1781033699769625832,33,0,8,0,true,0.1219,0.0039,998,8192,0.0,0.0,47.95,0.0,0,0,0.0,0.0,0.01,0.0,25.0,21.0,1781033699750034069
1781033699869510408,33,0,8,0,true,0.1224,0.0038,1002,8192,0.0,0.0,47.95,0.0,0,0,0.0,0.0,0.02,0.0,25.0,21.0,1781033699867829202
1781033699973013759,33,0,8,0,true,0.1227,0.0038,1005,8192,0.0,0.0,47.95,0.0,0,0,0.0,0.0,0.01,0.0,25.0,21.0,1781033699945285278
1781033700069886109,33,0,8,0,true,0.1232,0.0038,1008,8192,0.0,0.0,47.95,0.0,0,0,0.0,0.0,0.02,0.0,25.0,21.0,1781033700064487622
1781033700169636196,33,0,8,0,true,0.1235,0.0038,1012,8192,0.0,0.0,47.95,0.0,0,0,0.0,0.0,0.01,0.0,25.0,21.0,1781033700163461270
1781033700276996378,33,0,8,0,true,0.1239,0.0038,1014,8192,0.0,0.0,47.95,0.0,0,0,0.0,0.0,0.01,0.0,25.0,21.0,1781033700253340513
1781033700377460793,33,0,8,0,true,0.1243,0.0038,1017,8192,0.001,0.001,47.95,0.001,0,0,0.0,0.0,0.03,0.0,25.0,21.0,1781033700353420799
1781033700477982522,33,0,8,0,true,0.1247,0.0039,1021,8192,0.0,0.0,47.95,0.0,0,0,0.0,0.0,0.01,0.0,25.0,21.0,1781033700459203852
1781033700577978719,33,0,8,0,true,0.1251,0.0039,1024,8192,0.0,0.0,47.95,0.0,0,0,0.0,0.0,0.0,0.0,25.0,21.0,1781033700575369091
1781033700679562116,33,0,8,0,true,0.1254,0.0039,1027,8192,0.0,0.0,47.95,0.0,0,0,0.0,0.0,0.01,0.0,25.0,21.0,1781033700646646070
1781033700777954071,33,0,8,0,true,0.1259,0.004,1031,8192,0.0,0.0,47.95,0.0,0,0,0.0,0.0,0.01,0.0,25.0,21.0,1781033700772111217
1781033700878097006,33,0,8,0,true,0.1262,0.0039,1034,8192,0.0,0.0,47.95,0.0,0,0,0.0,0.0,0.0,0.0,25.0,21.0,1781033700861355037
1781033700978103483,33,0,8,0,true,0.1266,0.0038,1037,8192,0.0,0.0,47.95,0.0,0,0,0.0,0.0,0.01,0.0,25.0,21.0,1781033700965214864
1781033701078145039,33,0,8,0,true,0.127,0.0039,1040,8192,0.001,0.001,47.95,0.001,0,0,0.0001,0.0001,0.03,0.0,25.0,21.0,1781033701071229235
1781033701178216388,33,0,8,0,true,0.1274,0.0038,1043,8192,0.001,0.001,47.95,0.001,0,0,0.0,0.0,0.02,0.0,25.0,21.0,1781033701164996544
1781033701280837820,33,0,8,0,true,0.1277,0.0038,1046,8192,0.0,0.0,47.95,0.0,0,0,0.0,0.0,0.01,0.0,25.0,21.0,1781033701256575864
1781033701378126994,33,0,8,0,true,0.1282,0.0038,1049,8192,0.0,0.0,47.95,0.0,0,0,0.0,0.0,0.01,0.0,25.0,21.0,1781033701365205989
1781033701480886349,33,0,8,0,true,0.1286,0.0039,1053,8192,0.0,0.0,47.95,0.0,0,0,0.0,0.0,0.0,0.0,25.0,21.0,1781033701473001792
1781033701578092521,33,0,8,0,true,0.1289,0.0039,1056,8192,0.0,0.0,47.95,0.0,0,0,0.0,0.0,0.0,0.0,25.0,21.0,1781033701559273059
1781033701680872944,33,0,8,0,true,0.1293,0.0038,1059,8192,0.0,0.0,47.95,0.0,0,0,0.0,0.0,0.02,0.0,25.0,21.0,1781033701673812411
1781033701778429045,33,0,8,0,true,0.1297,0.0039,1062,8192,0.0,0.0,47.95,0.0,0,0,0.0,0.0,0.0,0.0,25.0,21.0,1781033701766991402
1781033701880932905,33,0,8,0,true,0.1301,0.0038,1065,8192,0.0,0.0,47.95,0.0,0,0,0.0,0.0,0.02,0.0,25.0,21.0,1781033701865428208
1781033701978404101,33,0,8,0,true,0.1305,0.0038,1069,8192,0.0,0.0,47.95,0.0,0,0,0.0,0.0,0.01,0.0,25.0,21.0,1781033701974263944
1781033702078116255,33,0,8,0,true,0.1308,0.0038,1071,8192,0.0,0.0,47.95,0.0,0,0,0.0,0.0,0.01,0.0,25.0,21.0,1781033702049367664
1781033702178097599,33,0,8,0,true,0.1312,0.0038,1075,8192,0.0,0.0,47.95,0.0,0,0,0.0,0.0,0.02,0.0,25.0,21.0,1781033702166376700
1781033702277563753,33,0,8,0,true,0.1315,0.0038,1077,8192,0.0,0.0,47.95,0.0,0,0,0.0,0.0,0.01,0.0,25.0,21.0,1781033702245260736
1781033702380863466,33,0,8,0,true,0.132,0.0038,1081,8192,0.0,0.0,47.95,0.0,0,0,0.0,0.0,0.02,0.0,25.0,21.0,1781033702365252089
1781033702480868985,33,0,8,0,true,0.1324,0.0038,1084,8192,0.0,0.0,47.95,0.0,0,0,0.0,0.0,0.01,0.0,25.0,21.0,1781033702455989966
1781033702578133348,33,0,8,0,true,0.1328,0.0038,1087,8192,0.0,0.0,47.95,0.0,0,0,0.0,0.0,0.01,0.0,25.0,21.0,1781033702564984749
1781033702678323819,33,0,8,0,true,0.1332,0.0038,1091,8192,0.0,0.0,47.95,0.0,0,0,0.0,0.0,0.01,0.0,25.0,21.0,1781033702673417094
1781033702778336714,33,0,8,0,true,0.1336,0.0039,1094,8192,0.0,0.0,47.95,0.0,0,0,0.0,0.0,0.0,0.0,25.0,21.0,1781033702777696497
1781033702880917549,33,0,8,0,true,0.134,0.0038,1097,8192,0.0,0.0,47.95,0.0,0,0,0.0,0.0,0.01,0.0,25.0,21.0,1781033702874158918
1781033702978303552,33,0,8,0,true,0.1343,0.0039,1099,8192,0.0,0.0,47.95,0.0,0,0,0.0,0.0,0.01,0.0,25.0,21.0,1781033702951759989
1781033703080835109,33,0,8,0,true,0.1346,0.0038,1102,8192,0.0,0.0,47.95,0.0,0,0,0.0,0.0,0.01,0.0,25.0,21.0,1781033703048728069
1781033703179145260,33,0,8,0,true,0.1351,0.0038,1106,8192,0.0,0.0,47.95,0.0,0,0,0.0,0.0,0.01,0.0,25.0,21.0,1781033703166416533
1781033703280877920,33,0,8,0,true,0.1355,0.0038,1109,8192,0.0,0.0,47.95,0.0,0,0,0.0,0.0,0.02,0.0,25.0,21.0,1781033703262826036
1781033703377989303,33,0,8,0,true,0.1357,0.0038,1112,8192,0.0,0.0,47.95,0.0,0,0,0.0,0.0,0.01,0.0,25.0,21.0,1781033703338704824
1781033703477595794,33,0,8,0,true,0.1362,0.0038,1115,8192,0.0,0.0,47.95,0.0,0,0,0.0,0.0,0.01,0.0,25.0,21.0,1781033703446176137
1781033703577520161,33,0,8,0,true,0.1366,0.0039,1119,8192,0.0,0.0,47.95,0.0,0,0,0.0,0.0,0.0,0.0,25.0,21.0,1781033703561256416
1781033703677685598,33,0,8,0,true,0.137,0.0038,1122,8192,0.0,0.0,47.95,0.0,0,0,0.0,0.0,0.0,0.0,25.0,21.0,1781033703664500259
1781033703778763640,33,0,8,0,true,0.1374,0.0039,1125,8192,0.0,0.0,47.95,0.0,0,0,0.0,0.0,0.01,0.0,25.0,21.0,1781033703757553320
1781033703878466843,33,0,8,0,true,0.1378,0.0038,1128,8192,0.0,0.0,47.95,0.0,0,0,0.0,0.0,0.01,0.0,25.0,21.0,1781033703871837193
1781033703978141858,33,0,8,0,true,0.1381,0.0039,1131,8192,0.0,0.0,47.95,0.0,0,0,0.0,0.0,0.01,0.0,25.0,21.0,1781033703955249658
1781033704078363230,33,0,8,0,true,0.1386,0.0038,1135,8192,0.0,0.0,47.95,0.0,0,0,0.0,0.0,0.02,0.0,25.0,21.0,1781033704072360430
1781033704179293398,33,0,8,0,true,0.1389,0.0038,1137,8192,0.0,0.0,47.95,0.0,0,0,0.0,0.0,0.01,0.0,25.0,21.0,1781033704150603573
1781033704279213799,33,0,8,0,true,0.1393,0.0039,1141,8192,0.0,0.0,47.95,0.0,0,0,0.0,0.0,0.01,0.0,25.0,21.0,1781033704262450639
1781033704378178091,33,0,8,0,true,0.1397,0.0039,1144,8192,0.0,0.0,47.95,0.0,0,0,0.0,0.0,0.01,0.0,25.0,21.0,1781033704356034463
1781033704478122446,33,0,8,0,true,0.1401,0.0038,1147,8192,0.0,0.0,47.95,0.0,0,0,0.0,0.0,0.01,0.0,25.0,21.0,1781033704469396336
1781033704578047639,33,0,8,0,true,0.1405,0.0038,1150,8192,0.0,0.0,47.95,0.0,0,0,0.0,0.0,0.01,0.0,25.0,21.0,1781033704570744981
1781033704678140603,33,0,8,0,true,0.1408,0.0039,1153,8192,0.0,0.0,47.95,0.0,0,0,0.0,0.0,0.0,0.0,25.0,21.0,1781033704661264096
1781033704777951312,33,0,8,0,true,0.1413,0.0039,1157,8192,0.0,0.0,47.95,0.0,0,0,0.0,0.0,0.01,0.0,25.0,21.0,1781033704777367610
1781033704878811889,33,0,8,0,true,0.1416,0.0038,1160,8192,0.0,0.0,47.95,0.0,0,0,0.0,0.0,0.01,0.0,25.0,21.0,1781033704869557377
1781033704977804074,33,0,8,0,true,0.1419,0.0038,1162,8192,0.0,0.0,47.95,0.0,0,0,0.0,0.0,0.01,0.0,25.0,21.0,1781033704945537155
1781033705077920703,33,0,8,0,true,0.1424,0.0038,1166,8192,0.0,0.0,47.95,0.0,0,0,0.0,0.0,0.01,0.0,25.0,21.0,1781033705068916387
1781033705177438352,33,0,8,0,true,0.1428,0.0038,1169,8192,0.001,0.001,47.95,0.001,0,0,0.0001,0.0001,0.03,0.0,25.0,21.0,1781033705162373531
1781033705278376592,33,0,8,0,true,0.1432,0.0039,1173,8192,0.0,0.0,47.95,0.0,0,0,0.0,0.0,0.01,0.0,25.0,21.0,1781033705269420046
1781033705378120735,33,0,8,0,true,0.1436,0.0039,1176,8192,0.0,0.0,47.95,0.0,0,0,0.0,0.0,0.01,0.0,25.0,21.0,1781033705365375583
1781033705480935066,33,0,8,0,true,0.1439,0.0039,1179,8192,0.0,0.0,47.95,0.0,0,0,0.0,0.0,0.01,0.0,25.0,21.0,1781033705464401931
1781033705578084280,33,0,8,0,true,0.1443,0.0039,1182,8192,0.0,0.0,47.95,0.0,0,0,0.0,0.0,0.01,0.0,25.0,21.0,1781033705566291800
1781033705678140431,33,0,8,0,true,0.1447,0.0038,1185,8192,0.0,0.0,47.95,0.0,0,0,0.0,0.0,0.01,0.0,25.0,21.0,1781033705656587704
1781033705778363256,33,0,8,0,true,0.1451,0.0038,1188,8192,0.0,0.0,47.95,0.0,0,0,0.0,0.0,0.01,0.0,25.0,21.0,1781033705776081103
1781033705880847810,33,0,8,0,true,0.1455,0.0038,1191,8192,0.0,0.0,47.95,0.0,0,0,0.0,0.0,0.01,0.0,25.0,21.0,1781033705860976659
1781033705978090679,33,0,8,0,true,0.1459,0.0039,1195,8192,0.0,0.0,47.95,0.0,0,0,0.0,0.0,0.0,0.0,25.0,21.0,1781033705975935078
1781033706079000209,33,0,8,0,true,0.1463,0.0039,1198,8192,0.0,0.0,47.95,0.0,0,0,0.0,0.0,0.02,0.0,25.0,21.0,1781033706069177347
1781033706178385094,33,0,8,0,true,0.1467,0.0038,1201,8192,0.001,0.001,47.95,0.001,0,0,0.0,0.0,0.03,0.0,25.0,21.0,1781033706171011316
1781033706277765326,33,0,8,0,true,0.147,0.0038,1203,8192,0.001,0.001,47.95,0.001,0,0,0.0,0.0,0.03,0.0,25.0,21.0,1781033706252063836
1781033706377965634,33,0,8,0,true,0.1474,0.0038,1207,8192,0.0,0.0,47.95,0.0,0,0,0.0,0.0,0.02,0.0,25.0,21.0,1781033706357223286
1781033706480856192,33,0,8,0,true,0.1478,0.0039,1210,8192,0.0,0.0,47.95,0.0,0,0,0.0,0.0,0.01,0.0,25.0,21.0,1781033706470071778
1781033706577457202,33,0,8,0,true,0.1482,0.0038,1213,8192,0.0,0.0,47.95,0.0,0,0,0.0,0.0,0.02,0.0,25.0,21.0,1781033706562627654
1781033706678112828,33,0,8,0,true,0.1486,0.0039,1216,8192,0.0,0.0,47.95,0.0,0,0,0.0,0.0,0.01,0.0,25.0,21.0,1781033706663989975
1781033706778228080,33,0,8,0,true,0.149,0.0039,1220,8192,0.0,0.0,47.95,0.0,0,0,0.0,0.0,0.01,0.0,25.0,21.0,1781033706774705240
1781033706878425537,33,0,8,0,true,0.1493,0.0038,1223,8192,0.001,0.001,47.95,0.001,0,0,0.0001,0.0001,0.05,0.0,25.0,21.0,1781033706869558861
1781033706980862398,33,0,8,0,true,0.1497,0.0039,1226,8192,0.0,0.0,47.95,0.0,0,0,0.0,0.0,0.01,0.0,25.0,21.0,1781033706973931004
1781033707080844695,33,0,8,0,true,0.1501,0.0039,1229,8192,0.0,0.0,47.95,0.0,0,0,0.0,0.0,0.01,0.0,25.0,21.0,1781033707067225533
1781033707177452127,33,0,8,0,true,0.1505,0.0038,1232,8192,0.0,0.0,47.95,0.0,0,0,0.0,0.0,0.02,0.0,25.0,21.0,1781033707160652084
1781033707277860347,33,0,8,0,true,0.1509,0.0038,1236,8192,0.0,0.0,47.95,0.0,0,0,0.0,0.0,0.01,0.0,25.0,21.0,1781033707271439355
1781033707377779679,33,0,8,0,true,0.1513,0.0038,1239,8192,0.0,0.0,47.95,0.0,0,0,0.0,0.0,0.01,0.0,25.0,21.0,1781033707371427000
1781033707478405324,33,0,8,0,true,0.1517,0.0038,1242,8192,0.0,0.0,47.95,0.0,0,0,0.0,0.0,0.01,0.0,25.0,21.0,1781033707472426645
1781033707578098496,33,0,8,0,true,0.152,0.0038,1245,8192,0.0,0.0,47.95,0.0,0,0,0.0,0.0,0.02,0.0,25.0,21.0,1781033707564021753
1781033707678495561,33,0,8,0,true,0.1524,0.0039,1248,8192,0.0,0.0,47.95,0.0,0,0,0.0,0.0,0.01,0.0,25.0,21.0,1781033707666121547
1781033707780847700,33,0,8,0,true,0.1528,0.0038,1251,8192,0.001,0.001,47.95,0.001,0,0,0.0,0.0,0.03,0.0,25.0,21.0,1781033707766481288
1781033707884850097,33,0,8,0,true,0.1532,0.0038,1254,8192,0.0,0.0,47.95,0.0,0,0,0.0,0.0,0.01,0.0,25.0,21.0,1781033707869721294
1781033707985793740,33,0,8,0,true,0.1536,0.0038,1258,8192,0.0,0.0,47.95,0.0,0,0,0.0,0.0,0.0,0.0,25.0,21.0,1781033707975682521
1781033708088879129,33,0,8,0,true,0.1539,0.0039,1261,8192,0.0,0.0,47.95,0.0,0,0,0.0,0.0,0.01,0.0,25.0,21.0,1781033708062860014
1781033708186019903,33,0,8,0,true,0.1544,0.0038,1264,8192,0.001,0.001,47.95,0.001,0,0,0.0,0.0,0.02,0.0,25.0,21.0,1781033708176717618
1781033708285629839,33,0,8,0,true,0.1547,0.0038,1267,8192,0.0,0.0,47.95,0.0,0,0,0.0,0.0,0.02,0.0,25.0,21.0,1781033708263729093
1781033708388861763,33,0,8,0,true,0.1551,0.0038,1270,8192,0.001,0.001,47.95,0.001,0,0,0.0,0.0,0.03,0.0,25.0,21.0,1781033708361959186
1781033708486461725,33,0,8,0,true,0.1555,0.0039,1273,8192,0.0,0.0,47.95,0.0,0,0,0.0,0.0,0.0,0.0,25.0,21.0,1781033708472900025
1781033708585879902,33,0,8,0,true,0.1559,0.0038,1277,8192,0.0,0.0,47.95,0.0,0,0,0.0,0.0,0.02,0.0,25.0,21.0,1781033708580964133
1781033708686362285,33,0,8,0,true,0.1563,0.0038,1280,8192,0.0,0.0,47.95,0.0,0,0,0.0,0.0,0.01,0.0,25.0,21.0,1781033708672268731
1781033708788850638,33,0,8,0,true,0.1567,0.004,1283,8192,0.0,0.0,47.95,0.0,0,0,0.0,0.0,0.02,0.0,25.0,21.0,1781033708775610870
1781033708885652616,33,0,8,0,true,0.1571,0.0038,1286,8192,0.0,0.0,47.95,0.0,0,0,0.0,0.0,0.01,0.0,25.0,21.0,1781033708882776626
1781033708989117561,33,0,8,0,true,0.1574,0.0039,1289,8192,0.0,0.0,47.95,0.0,0,0,0.0,0.0,0.01,0.0,25.0,21.0,1781033708968943764
1781033709086046863,33,0,8,0,true,0.1579,0.004,1293,8192,0.0,0.0,47.95,0.0,0,0,0.0,0.0,0.01,0.0,25.0,21.0,1781033709083717068
1781033709188864017,33,0,8,0,true,0.1582,0.0038,1296,8192,0.0,0.0,47.95,0.0,0,0,0.0,0.0,0.0,0.0,25.0,21.0,1781033709178184684
1781033709286175530,33,0,8,0,true,0.1585,0.0038,1298,8192,0.001,0.001,47.95,0.001,0,0,0.0001,0.0001,0.04,0.0,25.0,21.0,1781033709253561543
1781033709390661066,33,0,8,0,true,0.159,0.0038,1302,8192,0.0,0.0,47.95,0.0,0,0,0.0,0.0,0.02,0.0,25.0,21.0,1781033709370387228
1781033709492359725,33,0,8,0,true,0.1594,0.0038,1305,8192,0.0,0.0,47.95,0.0,0,0,0.0,0.0,0.0,0.0,25.0,21.0,1781033709489310750
1781033709592214206,33,0,8,0,true,0.1597,0.0038,1308,8192,0.0,0.0,47.95,0.0,0,0,0.0,0.0,0.02,0.0,25.0,21.0,1781033709565909476
1781033709692416249,33,0,8,0,true,0.1601,0.0038,1311,8192,0.0,0.0,47.95,0.0,0,0,0.0,0.0,0.02,0.0,25.0,21.0,1781033709666944031
1781033709792131714,33,0,8,0,true,0.1605,0.0038,1315,8192,0.0,0.0,47.95,0.0,0,0,0.0,0.0,0.02,0.0,25.0,21.0,1781033709778264266
1781033709896897054,33,0,8,0,true,0.1609,0.0038,1318,8192,0.0,0.0,47.95,0.0,0,0,0.0,0.0,0.0,0.0,25.0,21.0,1781033709886600588
1781033710000860738,33,0,8,0,true,0.1614,0.0039,1321,8192,0.0,0.0,47.95,0.0,0,0,0.0,0.0,0.01,0.0,25.0,21.0,1781033709990692280
1781033710098428464,33,0,8,0,true,0.1617,0.0038,1324,8192,0.0,0.0,47.95,0.0,0,0,0.0,0.0,0.01,0.0,25.0,21.0,1781033710074558430
1781033710200812299,33,0,8,0,true,0.1621,0.0038,1328,8192,0.0,0.0,47.95,0.0,0,0,0.0,0.0,0.01,0.0,25.0,21.0,1781033710189546574
1781033710300520916,33,0,8,0,true,0.1625,0.0038,1331,8192,0.001,0.001,47.95,0.001,0,0,0.0,0.0,0.03,0.0,25.0,21.0,1781033710294527983
1781033710398382088,33,0,8,0,true,0.1629,0.0038,1334,8192,0.0,0.0,47.95,0.0,0,0,0.0,0.0,0.01,0.0,25.0,21.0,1781033710393245875
1781033710498074138,33,0,8,0,true,0.1633,0.0038,1337,8192,0.0,0.0,47.95,0.0,0,0,0.0,0.0,0.01,0.0,25.0,21.0,1781033710489790555
1781033710598327870,33,0,8,0,true,0.1635,0.0038,1339,8192,0.0,0.0,47.95,0.0,0,0,0.0,0.0,0.02,0.0,25.0,21.0,1781033710562254919
1781033710697688864,33,0,8,0,true,0.164,0.0038,1343,8192,0.0,0.0,47.95,0.0,0,0,0.0,0.0,0.02,0.0,25.0,21.0,1781033710683851322
1781033710798135574,33,0,8,0,true,0.1644,0.0038,1346,8192,0.0,0.0,47.95,0.0,0,0,0.0,0.0,0.02,0.0,25.0,21.0,1781033710781024534
1781033710897806426,33,0,8,0,true,0.1648,0.0038,1350,8192,0.001,0.001,47.95,0.001,0,0,0.0,0.0,0.03,0.0,25.0,21.0,1781033710890754133
1781033710999821207,33,0,8,0,true,0.1651,0.0038,1352,8192,0.0,0.0,47.95,0.0,0,0,0.0,0.0,0.01,0.0,25.0,21.0,1781033710978386975
1781033711098198369,33,0,8,0,true,0.1656,0.0039,1356,8192,0.0,0.0,47.95,0.0,0,0,0.0,0.0,0.0,0.0,25.0,21.0,1781033711089107026
1781033711200858613,33,0,8,0,true,0.1659,0.0038,1359,8192,0.0,0.0,47.95,0.0,0,0,0.0,0.0,0.02,0.0,25.0,21.0,1781033711186693700
1781033711300215825,33,0,8,0,true,0.1663,0.0038,1362,8192,0.0,0.0,47.95,0.0,0,0,0.0,0.0,0.01,0.0,25.0,21.0,1781033711280035526
1781033711400833121,33,0,8,0,true,0.1667,0.0038,1365,8192,0.0,0.0,47.95,0.0,0,0,0.0,0.0,0.01,0.0,25.0,21.0,1781033711393374981
1781033711504839789,33,0,8,0,true,0.1671,0.0038,1368,8192,0.0,0.0,47.95,0.0,0,0,0.0,0.0,0.02,0.0,25.0,21.0,1781033711474645177
1781033711606213368,33,0,8,0,true,0.1675,0.0039,1372,8192,0.0,0.0,47.95,0.0,0,0,0.0,0.0,0.0,0.0,25.0,21.0,1781033711597181645
1781033711708881087,33,0,8,0,true,0.1679,0.0038,1375,8192,0.0,0.0,47.95,0.0,0,0,0.0,0.0,0.02,0.0,25.0,21.0,1781033711697619173
1781033711808864769,33,0,8,0,true,0.1682,0.0038,1378,8192,0.0,0.0,47.95,0.0,0,0,0.0,0.0,0.01,0.0,25.0,21.0,1781033711784712528
1781033711906150836,33,0,8,0,true,0.1686,0.0039,1381,8192,0.0,0.0,47.95,0.0,0,0,0.0,0.0,0.01,0.0,25.0,21.0,1781033711870794732
1781033712008867768,33,0,8,0,true,0.1691,0.0038,1385,8192,0.001,0.001,47.95,0.001,0,0,0.0,0.0,0.03,0.0,25.0,21.0,1781033711999751132
1781033712105735866,33,0,8,0,true,0.1695,0.0038,1388,8192,0.0,0.0,47.95,0.0,0,0,0.0,0.0,0.02,0.0,25.0,21.0,1781033712101642570
1781033712205762198,33,0,8,0,true,0.1698,0.0038,1391,8192,0.001,0.001,47.95,0.001,0,0,0.0,0.0,0.03,0.0,25.0,21.0,1781033712196886722
1781033712308854981,33,0,8,0,true,0.1702,0.0039,1394,8192,0.0,0.0,47.95,0.0,0,0,0.0,0.0,0.01,0.0,25.0,21.0,1781033712287804776
1781033712407226116,33,0,8,0,true,0.1706,0.0039,1397,8192,0.001,0.001,47.95,0.001,0,0,0.0001,0.0001,0.07,0.0,25.0,21.0,1781033712397158011
1781033712506140800,33,0,8,0,true,0.171,0.0039,1400,8192,0.0,0.0,47.95,0.0,0,0,0.0,0.0,0.01,0.0,25.0,21.0,1781033712489517103
1781033712606152136,33,0,8,0,true,0.1713,0.0038,1403,8192,0.0,0.0,47.95,0.0,0,0,0.0,0.0,0.01,0.0,25.0,21.0,1781033712581759944
1781033712706424411,33,0,8,0,true,0.1717,0.0038,1406,8192,0.0,0.0,47.95,0.0,0,0,0.0,0.0,0.02,0.0,25.0,21.0,1781033712679706408
1781033712808861496,33,0,8,0,true,0.1721,0.0038,1409,8192,0.0,0.0,47.95,0.0,0,0,0.0,0.0,0.01,0.0,25.0,21.0,1781033712789855497
1781033712905434915,33,0,8,0,true,0.1725,0.0038,1413,8192,0.001,0.001,47.95,0.001,0,0,0.0,0.0,0.02,0.0,25.0,21.0,1781033712888362563
1781033713008875777,33,0,8,0,true,0.1728,0.004,1415,8192,0.0,0.0,47.95,0.0,0,0,0.0,0.0,0.01,0.0,25.0,21.0,1781033712979140490
1781033713106666094,33,0,8,0,true,0.1733,0.0039,1419,8192,0.0,0.0,47.95,0.0,0,0,0.0,0.0,0.01,0.0,25.0,21.0,1781033713100627184
1781033713206432205,33,0,8,0,true,0.1737,0.0039,1422,8192,0.0,0.0,47.95,0.0,0,0,0.0,0.0,0.0,0.0,25.0,21.0,1781033713187802605
1781033713306286028,33,0,8,0,true,0.1741,0.0038,1425,8192,0.001,0.001,47.95,0.001,0,0,0.0,0.0,0.03,0.0,25.0,21.0,1781033713297242928
1781033713408857988,33,0,8,0,true,0.1744,0.0038,1428,8192,0.0,0.0,47.95,0.0,0,0,0.0,0.0,0.02,0.0,25.0,21.0,1781033713389907131
1781033713506093618,33,0,8,0,true,0.1748,0.0039,1432,8192,0.0,0.0,47.95,0.0,0,0,0.0,0.0,0.01,0.0,25.0,21.0,1781033713493714185
1781033713607480305,33,0,8,0,true,0.1752,0.0038,1435,8192,0.0,0.0,47.95,0.0,0,0,0.0,0.0,0.0,0.0,25.0,21.0,1781033713597771550
1781033713705688954,33,0,8,0,true,0.1756,0.0038,1438,8192,0.0,0.0,47.95,0.0,0,0,0.0,0.0,0.02,0.0,25.0,21.0,1781033713694554260
1781033713805986568,33,0,8,0,true,0.1759,0.004,1441,8192,0.0,0.0,47.95,0.0,0,0,0.0,0.0,0.01,0.0,25.0,21.0,1781033713773392347
1781033713906991491,33,0,8,0,true,0.1764,0.0039,1445,8192,0.0,0.0,47.95,0.0,0,0,0.0,0.0,0.0,0.0,25.0,21.0,1781033713906596439
1781033714006970161,33,0,8,0,true,0.1768,0.004,1448,8192,0.0,0.0,47.95,0.0,0,0,0.0,0.0,0.01,0.0,25.0,21.0,1781033713997859100
1781033714107104350,33,0,8,0,true,0.1771,0.0039,1450,8192,0.0,0.0,47.95,0.0,0,0,0.0,0.0,0.0,0.0,25.0,21.0,1781033714085693123
1781033714205504252,33,0,8,0,true,0.1776,0.0038,1454,8192,0.0,0.0,47.95,0.0,0,0,0.0,0.0,0.0,0.0,25.0,21.0,1781033714205074173
1781033714307354099,33,0,8,0,true,0.1779,0.0038,1457,8192,0.0,0.0,47.95,0.0,0,0,0.0,0.0,0.01,0.0,25.0,21.0,1781033714297515668
1781033714405744150,33,0,8,0,true,0.1783,0.004,1460,8192,0.0,0.0,47.95,0.0,0,0,0.0,0.0,0.01,0.0,25.0,21.0,1781033714398069270
1781033714505950508,33,0,8,0,true,0.1787,0.0038,1463,8192,0.0,0.0,47.95,0.0,0,0,0.0,0.0,0.0,0.0,25.0,21.0,1781033714495656028
1781033714608885687,33,0,8,0,true,0.1791,0.0038,1466,8192,0.0,0.0,47.95,0.0,0,0,0.0,0.0,0.02,0.0,25.0,21.0,1781033714589799381
1781033714705540241,33,0,8,0,true,0.1795,0.0038,1470,8192,0.001,0.001,47.95,0.001,0,0,0.0001,0.0001,0.03,0.0,25.0,21.0,1781033714693356811
1781033714807477297,33,0,8,0,true,0.1799,0.0039,1473,8192,0.0,0.0,47.95,0.0,0,0,0.0,0.0,0.01,0.0,25.0,21.0,1781033714795954444
1781033714906208234,33,0,8,0,true,0.1803,0.0038,1476,8192,0.001,0.001,47.95,0.001,0,0,0.0001,0.0001,0.03,0.0,25.0,21.0,1781033714902185339
1781033715005622655,33,0,8,0,true,0.1807,0.0038,1479,8192,0.0,0.0,47.95,0.0,0,0,0.0,0.0,0.01,0.0,25.0,21.0,1781033715002733522
1781033715107997719,33,0,8,0,true,0.181,0.0039,1482,8192,0.0,0.0,47.95,0.0,0,0,0.0,0.0,0.01,0.0,25.0,21.0,1781033715093588365
1781033715205972749,33,0,8,0,true,0.1814,0.0038,1486,8192,0.0,0.0,47.95,0.0,0,0,0.0,0.0,0.02,0.0,25.0,21.0,1781033715197126884
1781033715306451682,33,0,8,0,true,0.1818,0.0038,1489,8192,0.001,0.001,47.95,0.001,0,0,0.0,0.0,0.03,0.0,25.0,21.0,1781033715304517236
1781033715408856550,33,0,8,0,true,0.1822,0.0039,1492,8192,0.0,0.0,47.95,0.0,0,0,0.0,0.0,0.01,0.0,25.0,21.0,1781033715400914392
1781033715506043045,33,0,8,0,true,0.1826,0.0038,1495,8192,0.0,0.0,47.95,0.0,0,0,0.0,0.0,0.02,0.0,25.0,21.0,1781033715505300436
1781033715605780887,33,0,8,0,true,0.1829,0.0038,1498,8192,0.001,0.001,47.95,0.001,0,0,0.0001,0.0001,0.04,0.0,25.0,21.0,1781033715597913862
1781033715705534353,33,0,8,0,true,0.1833,0.004,1501,8192,0.0,0.0,47.95,0.0,0,0,0.0,0.0,0.02,0.0,25.0,21.0,1781033715685343366
1781033715808871328,33,0,8,0,true,0.1837,0.0038,1504,8192,0.0,0.0,47.95,0.0,0,0,0.0,0.0,0.01,0.0,25.0,21.0,1781033715785426917
1781033715906425524,33,0,8,0,true,0.184,0.0039,1507,8192,0.0,0.0,47.95,0.0,0,0,0.0,0.0,0.01,0.0,25.0,21.0,1781033715881999073
1781033716008274079,33,0,8,0,true,0.1845,0.0038,1511,8192,0.001,0.001,47.95,0.001,0,0,0.0,0.0,0.03,0.0,25.0,21.0,1781033715994533343
1781033716105968190,33,0,8,0,true,0.1848,0.0038,1514,8192,0.001,0.001,47.95,0.001,0,0,0.0001,0.0001,0.04,0.0,25.0,21.0,1781033716089293090
1781033716208867902,33,0,8,0,true,0.1853,0.0039,1517,8192,0.0,0.0,47.95,0.0,0,0,0.0,0.0,0.0,0.0,25.0,21.0,1781033716198506290
1781033716306140121,33,0,8,0,true,0.1856,0.0038,1520,8192,0.001,0.001,47.95,0.001,0,0,0.0001,0.0001,0.03,0.0,25.0,21.0,1781033716300033860
1781033716408863358,33,0,8,0,true,0.186,0.0038,1523,8192,0.0,0.0,47.95,0.0,0,0,0.0,0.0,0.01,0.0,25.0,21.0,1781033716380182345
1781033716508690798,33,0,8,0,true,0.1864,0.0038,1526,8192,0.0,0.0,47.95,0.0,0,0,0.0,0.0,0.01,0.0,25.0,21.0,1781033716493050640
1781033716605608770,33,0,8,0,true,0.1868,0.0038,1530,8192,0.0,0.0,47.95,0.0,0,0,0.0,0.0,0.02,0.0,25.0,21.0,1781033716592637607
1781033716706167403,33,0,8,0,true,0.1871,0.0039,1532,8192,0.0,0.0,47.95,0.0,0,0,0.0,0.0,0.01,0.0,25.0,21.0,1781033716684008943
1781033716808881925,33,0,8,0,true,0.1875,0.0038,1536,8192,0.001,0.001,47.95,0.001,0,0,0.0001,0.0001,0.06,0.0,25.0,21.0,1781033716785271747
1781033716905546591,33,0,8,0,true,0.1879,0.0038,1539,8192,0.001,0.001,47.95,0.001,0,0,0.0,0.0,0.03,0.0,25.0,21.0,1781033716890701905
1781033717008087549,33,0,8,0,true,0.1883,0.0039,1542,8192,0.0,0.0,47.95,0.0,0,0,0.0,0.0,0.0,0.0,25.0,21.0,1781033716987811156
1781033717106175088,33,0,8,0,true,0.1886,0.0038,1545,8192,0.0,0.0,47.95,0.0,0,0,0.0,0.0,0.01,0.0,25.0,21.0,1781033717076375949
1781033717206283863,33,0,8,0,true,0.1891,0.0038,1548,8192,0.0,0.0,47.95,0.0,0,0,0.0,0.0,0.0,0.0,25.0,21.0,1781033717191092032
1781033717307455988,33,0,8,0,true,0.1894,0.0038,1551,8192,0.001,0.001,47.95,0.001,0,0,0.0001,0.0001,0.06,0.0,25.0,21.0,1781033717282058610
1781033717408863801,33,0,8,0,true,0.1898,0.0038,1555,8192,0.0,0.0,47.95,0.0,0,0,0.0,0.0,0.01,0.0,25.0,21.0,1781033717387048556
1781033717508867629,33,0,8,0,true,0.1902,0.0038,1558,8192,0.0,0.0,47.95,0.0,0,0,0.0,0.0,0.01,0.0,25.0,21.0,1781033717490218405
1781033717608874494,33,0,8,0,true,0.1906,0.0038,1561,8192,0.001,0.001,47.95,0.001,0,0,0.0,0.0,0.03,0.0,25.0,21.0,1781033717598607948
1781033717708857698,33,0,8,0,true,0.191,0.0038,1564,8192,0.0,0.0,47.95,0.0,0,0,0.0,0.0,0.0,0.0,25.0,21.0,1781033717684242111
1781033717805569043,33,0,8,0,true,0.1914,0.0038,1567,8192,0.0,0.0,47.95,0.0,0,0,0.0,0.0,0.02,0.0,25.0,21.0,1781033717793070930
1781033717906018825,33,0,8,0,true,0.1918,0.0039,1570,8192,0.0,0.0,47.95,0.0,0,0,0.0,0.0,0.0,0.0,25.0,21.0,1781033717889993685
1781033718006117292,33,0,8,0,true,0.1921,0.0038,1573,8192,0.001,0.001,47.95,0.001,0,0,0.0,0.0,0.03,0.0,25.0,21.0,1781033717980826365
1781033718106427640,33,0,8,0,true,0.1925,0.0038,1576,8192,0.0,0.0,47.95,0.0,0,0,0.0,0.0,0.01,0.0,25.0,21.0,1781033718074275157
1781033718205973121,33,0,8,0,true,0.1928,0.0039,1579,8192,0.0,0.0,47.95,0.0,0,0,0.0,0.0,0.0,0.0,25.0,21.0,1781033718171948265
1781033718306159187,33,0,8,0,true,0.1933,0.0038,1583,8192,0.0,0.0,47.95,0.0,0,0,0.0,0.0,0.01,0.0,25.0,21.0,1781033718285049763
1781033718406488345,33,0,8,0,true,0.1937,0.0038,1587,8192,0.0,0.0,47.95,0.0,0,0,0.0,0.0,0.01,0.0,25.0,21.0,1781033718406070194
1781033718508909586,33,0,8,0,true,0.194,0.0038,1589,8192,0.0,0.0,47.95,0.0,0,0,0.0,0.0,0.01,0.0,25.0,21.0,1781033718481019833
1781033718606497924,33,0,8,0,true,0.1945,0.0038,1592,8192,0.0,0.0,47.95,0.0,0,0,0.0,0.0,0.01,0.0,25.0,21.0,1781033718591987532
1781033718708652416,33,0,8,0,true,0.1948,0.0038,1595,8192,0.0,0.0,47.95,0.0,0,0,0.0,0.0,0.0,0.0,25.0,21.0,1781033718681318189
1781033718806218722,33,0,8,0,true,0.1952,0.0038,1599,8192,0.0,0.0,47.95,0.0,0,0,0.0,0.0,0.01,0.0,25.0,21.0,1781033718788469894
1781033718906132160,33,0,8,0,true,0.1956,0.0039,1602,8192,0.0,0.0,47.95,0.0,0,0,0.0,0.0,0.01,0.0,25.0,21.0,1781033718890643950
1781033719005700791,33,0,8,0,true,0.196,0.0038,1605,8192,0.0,0.0,47.95,0.0,0,0,0.0,0.0,0.02,0.0,25.0,21.0,1781033718992577159
1781033719106395352,33,0,8,0,true,0.1964,0.0038,1609,8192,0.0,0.0,47.95,0.0,0,0,0.0,0.0,0.01,0.0,25.0,21.0,1781033719104446098
1781033719205930795,33,0,8,0,true,0.1967,0.0038,1611,8192,0.001,0.001,47.95,0.001,0,0,0.0,0.0,0.03,0.0,25.0,21.0,1781033719189183863
1781033719305938763,33,0,8,0,true,0.1971,0.0039,1614,8192,0.0,0.0,47.95,0.0,0,0,0.0,0.0,0.0,0.0,25.0,21.0,1781033719282520692
1781033719406574248,33,0,8,0,true,0.1976,0.0038,1618,8192,0.0,0.0,47.95,0.0,0,0,0.0,0.0,0.01,0.0,25.0,21.0,1781033719402436121
1781033719505697259,33,0,8,0,true,0.1979,0.0038,1621,8192,0.001,0.001,47.95,0.001,0,0,0.0001,0.0001,0.05,0.0,25.0,21.0,1781033719492320803
1781033719606196990,33,0,8,0,true,0.1983,0.0038,1624,8192,0.0,0.0,47.95,0.0,0,0,0.0,0.0,0.02,0.0,25.0,21.0,1781033719600140709
1781033719708847344,33,0,8,0,true,0.1986,0.0038,1627,8192,0.0,0.0,47.95,0.0,0,0,0.0,0.0,0.0,0.0,25.0,21.0,1781033719682257528
1781033719808900644,33,0,8,0,true,0.199,0.0038,1630,8192,0.0,0.0,47.95,0.0,0,0,0.0,0.0,0.01,0.0,25.0,21.0,1781033719774442960
1781033719908858676,33,0,8,0,true,0.1994,0.004,1633,8192,0.0,0.0,47.95,0.0,0,0,0.0,0.0,0.01,0.0,25.0,21.0,1781033719889300589
1781033720008631839,33,0,8,0,true,0.1999,0.0039,1637,8192,0.0,0.0,47.95,0.0,0,0,0.0,0.0,0.01,0.0,25.0,21.0,1781033719999579177
1781033720105435793,33,0,8,0,true,0.2003,0.0039,1640,8192,0.0,0.0,47.95,0.0,0,0,0.0,0.0,0.0,0.0,25.0,21.0,1781033720104681182
1781033720208857181,33,0,8,0,true,0.2006,0.0039,1643,8192,0.0,0.0,47.95,0.0,0,0,0.0,0.0,0.01,0.0,25.0,21.0,1781033720197484104
1781033720305439166,33,0,8,0,true,0.2009,0.0039,1645,8192,0.0,0.0,47.95,0.0,0,0,0.0,0.0,0.01,0.0,25.0,21.0,1781033720275682956
1781033720406123687,33,0,8,0,true,0.2013,0.0039,1649,8192,0.0,0.0,47.95,0.0,0,0,0.0,0.0,0.0,0.0,25.0,21.0,1781033720385077510
1781033720506193515,33,0,8,0,true,0.2018,0.0039,1652,8192,0.0,0.0,47.95,0.0,0,0,0.0,0.0,0.01,0.0,25.0,21.0,1781033720493810654
1781033720606130456,33,0,8,0,true,0.2021,0.004,1655,8192,0.0,0.0,47.95,0.0,0,0,0.0,0.0,0.02,0.0,25.0,21.0,1781033720585700358
1781033720706092860,33,0,8,0,true,0.2025,0.0038,1658,8192,0.001,0.001,47.95,0.001,0,0,0.0001,0.0001,0.05,0.0,25.0,21.0,1781033720682115902
1781033720806175948,33,0,8,0,true,0.2029,0.0038,1662,8192,0.0,0.0,47.95,0.0,0,0,0.0,0.0,0.02,0.0,25.0,21.0,1781033720799814421
1781033720905962115,33,0,8,0,true,0.2033,0.0038,1665,8192,0.0,0.0,47.95,0.0,0,0,0.0,0.0,0.02,0.0,25.0,21.0,1781033720893530351
1781033721006040099,33,0,8,0,true,0.2036,0.0039,1668,8192,0.0,0.0,47.95,0.0,0,0,0.0,0.0,0.0,0.0,25.0,21.0,1781033720982768027
1781033721108875173,33,0,8,0,true,0.2041,0.0038,1671,8192,0.001,0.001,47.95,0.001,0,0,0.0,0.0,0.02,0.0,25.0,21.0,1781033721099133394
1781033721206161203,33,0,8,0,true,0.2045,0.0039,1675,8192,0.0,0.0,47.95,0.0,0,0,0.0,0.0,0.0,0.0,25.0,21.0,1781033721201487320
1781033721305591336,33,0,8,0,true,0.2049,0.0039,1678,8192,0.0,0.0,47.95,0.0,0,0,0.0,0.0,0.01,0.0,25.0,21.0,1781033721298946157
1781033721405804122,33,0,8,0,true,0.2052,0.0038,1681,8192,0.0,0.0,47.95,0.0,0,0,0.0,0.0,0.01,0.0,25.0,21.0,1781033721399910295
1781033721506955601,33,0,8,0,true,0.2057,0.004,1684,8192,0.0,0.0,47.95,0.0,0,0,0.0,0.0,0.01,0.0,25.0,21.0,1781033721506226062
1781033721606224182,33,0,8,0,true,0.206,0.0038,1687,8192,0.0,0.0,47.95,0.0,0,0,0.0,0.0,0.01,0.0,25.0,21.0,1781033721585291098
1781033721706066753,33,0,8,0,true,0.2064,0.0038,1690,8192,0.001,0.001,47.95,0.001,0,0,0.0,0.0,0.03,0.0,25.0,21.0,1781033721689395655
1781033721808875283,33,0,8,0,true,0.2067,0.0038,1693,8192,0.0,0.0,47.95,0.0,0,0,0.0,0.0,0.01,0.0,25.0,21.0,1781033721785565658
1781033721912997681,33,0,8,0,true,0.2072,0.0039,1696,8192,0.0,0.0,47.95,0.0,0,0,0.0,0.0,0.0,0.0,25.0,21.0,1781033721896377565
1781033722013502815,33,0,8,0,true,0.2076,0.0038,1700,8192,0.001,0.001,47.95,0.001,0,0,0.0001,0.0001,0.03,0.0,25.0,21.0,1781033722007177991
1781033722116882703,33,0,8,0,true,0.2079,0.0038,1702,8192,0.0,0.0,47.95,0.0,0,0,0.0,0.0,0.02,0.0,25.0,21.0,1781033722082054300
1781033722213896867,33,0,8,0,true,0.2084,0.0038,1706,8192,0.0,0.0,47.95,0.0,0,0,0.0,0.0,0.02,0.0,25.0,21.0,1781033722212393939
1781033722316892836,33,0,8,0,true,0.2087,0.0039,1709,8192,0.0,0.0,47.95,0.0,0,0,0.0,0.0,0.01,0.0,25.0,21.0,1781033722305259207
1781033722413980743,33,0,8,0,true,0.2091,0.0038,1713,8192,0.001,0.001,47.95,0.001,0,0,0.0,0.0,0.03,0.0,25.0,21.0,1781033722409284408
1781033722514035004,33,0,8,0,true,0.2095,0.0039,1715,8192,0.0,0.0,47.95,0.0,0,0,0.0,0.0,0.01,0.0,25.0,21.0,1781033722500843834
1781033722614697142,33,0,8,0,true,0.2098,0.0039,1719,8192,0.0,0.0,47.95,0.0,0,0,0.0,0.0,0.01,0.0,25.0,21.0,1781033722599387968
1781033722717734425,33,0,8,0,true,0.2102,0.0038,1722,8192,0.0,0.0,47.95,0.0,0,0,0.0,0.0,0.02,0.0,25.0,21.0,1781033722693740825
1781033722816881893,33,0,8,0,true,0.2106,0.0039,1725,8192,0.0,0.0,47.95,0.0,0,0,0.0,0.0,0.01,0.0,25.0,21.0,1781033722788719616
1781033722913857162,33,0,8,0,true,0.2109,0.0039,1727,8192,0.0,0.0,47.95,0.0,0,0,0.0,0.0,0.01,0.0,25.0,21.0,1781033722878010433
1781033723013756003,33,0,8,0,true,0.2114,0.0038,1731,8192,0.001,0.001,47.95,0.001,0,0,0.0001,0.0001,0.04,0.0,25.0,21.0,1781033723010124649
1781033723113618506,33,0,8,0,true,0.2118,0.0038,1735,8192,0.0,0.0,47.95,0.0,0,0,0.0,0.0,0.01,0.0,25.0,21.0,1781033723109253338
1781033723213459975,33,0,8,0,true,0.2122,0.0038,1738,8192,0.0,0.0,47.95,0.0,0,0,0.0,0.0,0.01,0.0,25.0,21.0,1781033723205413269
1781033723320863598,33,0,8,0,true,0.2126,0.0038,1741,8192,0.0,0.0,47.95,0.0,0,0,0.0,0.0,0.02,0.0,25.0,21.0,1781033723310585160
1781033723428908735,33,0,8,0,true,0.2129,0.004,1744,8192,0.0,0.0,47.95,0.0,0,0,0.0,0.0,0.01,0.0,25.0,21.0,1781033723406591168
1781033723529939413,33,0,8,0,true,0.2133,0.0039,1747,8192,0.0,0.0,47.95,0.0,0,0,0.0,0.0,0.01,0.0,25.0,21.0,1781033723507930790
1781033723631988741,33,0,8,0,true,0.2138,0.004,1751,8192,0.0,0.0,47.95,0.0,0,0,0.0,0.0,0.01,0.0,25.0,21.0,1781033723621121912
1781033723730274933,33,0,8,0,true,0.2142,0.0038,1754,8192,0.0,0.0,47.95,0.0,0,0,0.0,0.0,0.02,0.0,25.0,21.0,1781033723728348771
1781033723830508106,33,0,8,0,true,0.2145,0.0038,1757,8192,0.0,0.0,47.95,0.0,0,0,0.0,0.0,0.02,0.0,25.0,21.0,1781033723819576039
1781033723929584085,33,0,8,0,true,0.2149,0.0038,1760,8192,0.0,0.0,47.95,0.0,0,0,0.0,0.0,0.02,0.0,25.0,21.0,1781033723910545037
1781033724029653261,33,0,8,0,true,0.2153,0.0038,1764,8192,0.001,0.001,47.95,0.001,0,0,0.0,0.0,0.03,0.0,25.0,21.0,1781033724026114891
1781033724130121902,33,0,8,0,true,0.2157,0.0038,1767,8192,0.001,0.001,47.95,0.001,0,0,0.0001,0.0001,0.04,0.0,25.0,21.0,1781033724126951624
1781033724232998006,33,0,8,0,true,0.2161,0.0038,1770,8192,0.0,0.0,47.95,0.0,0,0,0.0,0.0,0.0,0.0,25.0,21.0,1781033724224132094
1781033724330053867,33,0,8,0,true,0.2165,0.0038,1773,8192,0.0,0.0,47.95,0.0,0,0,0.0,0.0,0.01,0.0,25.0,21.0,1781033724316964610
1781033724433012676,33,0,8,0,true,0.2168,0.0039,1776,8192,0.0,0.0,47.95,0.0,0,0,0.0,0.0,0.01,0.0,25.0,21.0,1781033724409110387
1781033724530215744,33,0,8,0,true,0.2172,0.0038,1779,8192,0.001,0.001,47.95,0.001,0,0,0.0001,0.0001,0.04,0.0,25.0,21.0,1781033724519167241
1781033724629883205,33,0,8,0,true,0.2176,0.0038,1782,8192,0.001,0.001,47.95,0.001,0,0,0.0001,0.0001,0.04,0.0,25.0,21.0,1781033724617652271
1781033724729818165,33,0,8,0,true,0.218,0.0038,1785,8192,0.001,0.001,47.95,0.001,0,0,0.0001,0.0001,0.03,0.0,25.0,21.0,1781033724717672552
1781033724829705482,33,0,8,0,true,0.2183,0.0023,1788,8192,0.004,0.004,47.95,0.004,0,0,0.0003,0.0003,0.19,0.0,25.0,21.0,1781033724818538655
1781033724930221873,33,0,8,0,true,0.2185,0.0023,1790,8192,0.003,0.003,47.95,0.003,0,0,0.0003,0.0003,0.15,0.0,25.0,21.0,1781033724919551314
1781033725033095787,33,0,8,0,true,0.2188,0.0024,1792,8192,0.005,0.005,47.95,0.005,0,0,0.0005,0.0005,0.26,0.0,25.0,21.0,1781033725031918612
1781033725129809544,33,0,8,0,true,0.219,0.0023,1793,8192,0.0,0.0,47.95,0.0,0,0,0.0,0.0,0.02,0.0,25.0,21.0,1781033725106726785
1781033725229674074,33,0,8,0,true,0.2192,0.0024,1796,8192,0.005,0.005,47.95,0.005,0,0,0.0004,0.0004,0.26,0.0,25.0,21.0,1781033725229262811
1781033725329515417,33,0,8,0,true,0.2194,0.0025,1797,8192,0.006,0.006,47.95,0.006,0,0,0.0005,0.0005,0.28,0.0,25.0,21.0,1781033725297935348
1781033725429956876,33,0,8,0,true,0.2197,0.0023,1799,8192,0.005,0.005,47.95,0.005,0,0,0.0004,0.0004,0.26,0.0,25.0,21.0,1781033725412908475
1781033725536957397,33,0,8,0,true,0.2199,0.0023,1801,8192,0.006,0.006,47.95,0.006,0,0,0.0005,0.0005,0.28,0.0,25.0,21.0,1781033725515041836
1781033725638028007,33,0,8,0,true,0.2202,0.0025,1803,8192,0.006,0.006,47.95,0.006,0,0,0.0005,0.0005,0.3,0.0,25.0,21.0,1781033725632650268
1781033725744839278,33,0,8,0,true,0.2204,0.0022,1805,8192,0.006,0.006,47.95,0.006,0,0,0.0005,0.0005,0.28,0.0,25.0,21.0,1781033725727392380
1781033725845807048,33,0,8,0,true,0.2206,0.0023,1807,8192,0.007,0.007,47.95,0.007,0,0,0.0006,0.0006,0.34,0.0,25.0,21.0,1781033725832062407
1781033725945580138,33,0,8,0,true,0.2209,0.0023,1809,8192,0.007,0.007,47.95,0.007,0,0,0.0006,0.0006,0.35,0.0,25.0,21.0,1781033725934290048
1781033726048843497,33,0,8,0,true,0.2211,0.0022,1811,8192,0.006,0.006,47.95,0.006,0,0,0.0005,0.0005,0.29,0.0,25.0,21.0,1781033726031163232
1781033726147466487,33,0,8,0,true,0.2213,0.0022,1813,8192,0.004,0.004,47.95,0.004,0,0,0.0004,0.0004,0.21,0.0,25.0,21.0,1781033726141175243
1781033726245607527,33,0,8,0,true,0.2215,0.0022,1814,8192,0.004,0.004,47.95,0.004,0,0,0.0003,0.0003,0.18,0.0,25.0,21.0,1781033726231408297
1781033726345755147,33,0,8,0,true,0.2218,0.0022,1816,8192,0.004,0.004,47.95,0.004,0,0,0.0004,0.0004,0.21,0.0,25.0,21.0,1781033726335125859
1781033726448879610,33,0,8,0,true,0.222,0.0022,1818,8192,0.007,0.007,47.95,0.007,0,0,0.0006,0.0006,0.32,0.0,25.0,21.0,1781033726417361468
1781033847917493755,,,,,,,,,,,,,,,,,,,,,,
1781033848017440756,,,,,,,,,,,,,,,,,,,,,,
1781033848118527645,,,,,,,,,,,,,,,,,,,,,,
1781033848218483233,,,,,,,,,,,,,,,,,,,,,,
1781033848318346151,,,,,,,,,,,,,,,,,,,,,,
1781033848417491546,,,,,,,,,,,,,,,,,,,,,,
1781033848517847972,,,,,,,,,,,,,,,,,,,,,,
1781033848617837918,,,,,,,,,,,,,,,,,,,,,,
1781033848717966782,,,,,,,,,,,,,,,,,,,,,,
1781033848818424922,,,,,,,,,,,,,,,,,,,,,,
1781033848917491833,,,,,,,,,,,,,,,,,,,,,,
1781033849018124715,,,,,,,,,,,,,,,,,,,,,,
1781033849118247284,,,,,,,,,,,,,,,,,,,,,,
1781033849218308612,,,,,,,,,,,,,,,,,,,,,,
1781033849318238317,,,,,,,,,,,,,,,,,,,,,,
1781033849417507219,,,,,,,,,,,,,,,,,,,,,,
1781033849517489060,,,,,,,,,,,,,,,,,,,,,,
1781033849617544579,,,,,,,,,,,,,,,,,,,,,,
1781033849717981943,,,,,,,,,,,,,,,,,,,,,,
1781033849818380027,,,,,,,,,,,,,,,,,,,,,,
1781033849917498054,,,,,,,,,,,,,,,,,,,,,,
1781033850017490511,,,,,,,,,,,,,,,,,,,,,,
1781033850118067621,,,,,,,,,,,,,,,,,,,,,,
1781033850218376431,,,,,,,,,,,,,,,,,,,,,,
1781033850317467787,,,,,,,,,,,,,,,,,,,,,,
1781033850418233728,,,,,,,,,,,,,,,,,,,,,,
1781033850518254809,,,,,,,,,,,,,,,,,,,,,,
1781033850617485529,,,,,,,,,,,,,,,,,,,,,,
1781033850718462316,,,,,,,,,,,,,,,,,,,,,,
1781033850817551038,,,,,,,,,,,,,,,,,,,,,,
1781033850917430691,,,,,,,,,,,,,,,,,,,,,,
1781033851017791742,,,,,,,,,,,,,,,,,,,,,,
1781033851118367938,,,,,,,,,,,,,,,,,,,,,,
1781033851217444124,,,,,,,,,,,,,,,,,,,,,,
1781033851317772959,,,,,,,,,,,,,,,,,,,,,,
1781033851418008241,,,,,,,,,,,,,,,,,,,,,,
1781033851518415388,,,,,,,,,,,,,,,,,,,,,,
1781033851617515534,,,,,,,,,,,,,,,,,,,,,,
1781033851717990093,,,,,,,,,,,,,,,,,,,,,,
1781033851817797944,,,,,,,,,,,,,,,,,,,,,,
1781033851917464382,,,,,,,,,,,,,,,,,,,,,,
1781033852018052568,,,,,,,,,,,,,,,,,,,,,,
1781033852118005112,,,,,,,,,,,,,,,,,,,,,,
1781033852218109313,,,,,,,,,,,,,,,,,,,,,,
1781033852318246811,,,,,,,,,,,,,,,,,,,,,,
1781033852417475589,,,,,,,,,,,,,,,,,,,,,,
1781033852517885379,,,,,,,,,,,,,,,,,,,,,,
1781033852618159369,,,,,,,,,,,,,,,,,,,,,,
1781033852718261088,,,,,,,,,,,,,,,,,,,,,,
1781033852817973363,,,,,,,,,,,,,,,,,,,,,,
1781033852917956320,,,,,,,,,,,,,,,,,,,,,,
1781033853017811865,,,,,,,,,,,,,,,,,,,,,,
1781033853117765808,,,,,,,,,,,,,,,,,,,,,,
1781033853217510408,,,,,,,,,,,,,,,,,,,,,,
1781033853317940484,,,,,,,,,,,,,,,,,,,,,,
1781033853418013909,,,,,,,,,,,,,,,,,,,,,,
1781033853518371576,,,,,,,,,,,,,,,,,,,,,,
1781033853617795699,,,,,,,,,,,,,,,,,,,,,,
1781033853718144778,,,,,,,,,,,,,,,,,,,,,,
1781033853817791519,,,,,,,,,,,,,,,,,,,,,,
1781033853918252425,,,,,,,,,,,,,,,,,,,,,,
1781033854018006103,,,,,,,,,,,,,,,,,,,,,,
1781033854118328262,,,,,,,,,,,,,,,,,,,,,,
1781033854218255051,,,,,,,,,,,,,,,,,,,,,,
1781033854318062016,,,,,,,,,,,,,,,,,,,,,,
1781033854418124277,,,,,,,,,,,,,,,,,,,,,,
1781033854517472710,,,,,,,,,,,,,,,,,,,,,,
1781033854618067523,,,,,,,,,,,,,,,,,,,,,,
1781033854718128765,,,,,,,,,,,,,,,,,,,,,,
1781033854818418014,,,,,,,,,,,,,,,,,,,,,,
1781033854917832338,,,,,,,,,,,,,,,,,,,,,,
1781033855017757821,,,,,,,,,,,,,,,,,,,,,,
1781033855117494935,,,,,,,,,,,,,,,,,,,,,,
1781033855218229891,,,,,,,,,,,,,,,,,,,,,,
1781033855317535076,,,,,,,,,,,,,,,,,,,,,,
1781033855418033019,,,,,,,,,,,,,,,,,,,,,,
1781033855518354095,,,,,,,,,,,,,,,,,,,,,,
1781033855617783571,,,,,,,,,,,,,,,,,,,,,,
1781033855717772773,,,,,,,,,,,,,,,,,,,,,,
1781033855818324690,,,,,,,,,,,,,,,,,,,,,,
1781033855917975563,,,,,,,,,,,,,,,,,,,,,,
1781033856020852745,,,,,,,,,,,,,,,,,,,,,,
1781033856117966209,,,,,,,,,,,,,,,,,,,,,,
1781033856218133222,,,,,,,,,,,,,,,,,,,,,,
1781033856318253873,,,,,,,,,,,,,,,,,,,,,,
1781033856418310546,,,,,,,,,,,,,,,,,,,,,,
1781033856517865881,,,,,,,,,,,,,,,,,,,,,,
1781033856617935602,,,,,,,,,,,,,,,,,,,,,,
1781033856718142305,,,,,,,,,,,,,,,,,,,,,,
1781033856817654082,,,,,,,,,,,,,,,,,,,,,,
1781033856918367838,,,,,,,,,,,,,,,,,,,,,,
1781033857018257038,,,,,,,,,,,,,,,,,,,,,,
1781033857118007718,,,,,,,,,,,,,,,,,,,,,,
1781033857217439754,,,,,,,,,,,,,,,,,,,,,,
1781033857318184299,,,,,,,,,,,,,,,,,,,,,,
1781033857423173395,,,,,,,,,,,,,,,,,,,,,,
1781033857524031105,,,,,,,,,,,,,,,,,,,,,,
1781033857623862848,,,,,,,,,,,,,,,,,,,,,,
1781033857724101440,,,,,,,,,,,,,,,,,,,,,,
1781033857823522527,,,,,,,,,,,,,,,,,,,,,,
1781033857924067967,,,,,,,,,,,,,,,,,,,,,,
1781033858024370134,,,,,,,,,,,,,,,,,,,,,,
1781033858124440733,,,,,,,,,,,,,,,,,,,,,,
1781033858224278394,,,,,,,,,,,,,,,,,,,,,,
1781033858324440032,,,,,,,,,,,,,,,,,,,,,,
1781033858424300915,,,,,,,,,,,,,,,,,,,,,,
1781033858524122336,,,,,,,,,,,,,,,,,,,,,,
1781033858624280671,,,,,,,,,,,,,,,,,,,,,,
1781033858723750003,,,,,,,,,,,,,,,,,,,,,,
1781033858824005493,,,,,,,,,,,,,,,,,,,,,,
1781033858924118731,,,,,,,,,,,,,,,,,,,,,,
1781033859024084829,,,,,,,,,,,,,,,,,,,,,,
1781033859124107593,,,,,,,,,,,,,,,,,,,,,,
1781033859223682497,,,,,,,,,,,,,,,,,,,,,,
1781033859324089636,,,,,,,,,,,,,,,,,,,,,,
1781033859424000478,,,,,,,,,,,,,,,,,,,,,,
1781033859524119815,,,,,,,,,,,,,,,,,,,,,,
1781033859624064063,,,,,,,,,,,,,,,,,,,,,,
1781033859724322261,,,,,,,,,,,,,,,,,,,,,,
1781033859824325774,,,,,,,,,,,,,,,,,,,,,,
1781033859924344344,,,,,,,,,,,,,,,,,,,,,,
1781033860023533610,,,,,,,,,,,,,,,,,,,,,,
1781033860124486409,,,,,,,,,,,,,,,,,,,,,,
1781033860224208108,,,,,,,,,,,,,,,,,,,,,,
1781033860324298759,,,,,,,,,,,,,,,,,,,,,,
1781033860423638257,,,,,,,,,,,,,,,,,,,,,,
1781033860524839148,,,,,,,,,,,,,,,,,,,,,,
1781033860624394321,,,,,,,,,,,,,,,,,,,,,,
1781033860723961724,,,,,,,,,,,,,,,,,,,,,,
1781033860824054456,,,,,,,,,,,,,,,,,,,,,,
1781033860923986975,,,,,,,,,,,,,,,,,,,,,,
1781033861023696288,,,,,,,,,,,,,,,,,,,,,,
1781033861123870374,,,,,,,,,,,,,,,,,,,,,,
1781033861223781647,,,,,,,,,,,,,,,,,,,,,,
1781033861324479453,,,,,,,,,,,,,,,,,,,,,,
1781033861424238914,,,,,,,,,,,,,,,,,,,,,,
1781033861524312714,,,,,,,,,,,,,,,,,,,,,,
1781033861624276701,,,,,,,,,,,,,,,,,,,,,,
1781033861724062182,,,,,,,,,,,,,,,,,,,,,,
1781033861823848415,,,,,,,,,,,,,,,,,,,,,,
1781033861923794782,,,,,,,,,,,,,,,,,,,,,,
1781033862024329043,,,,,,,,,,,,,,,,,,,,,,
1781033862124466639,,,,,,,,,,,,,,,,,,,,,,
1781033862224318440,,,,,,,,,,,,,,,,,,,,,,
1781033862324228685,,,,,,,,,,,,,,,,,,,,,,
1781033862424327304,,,,,,,,,,,,,,,,,,,,,,
1781033862524274402,,,,,,,,,,,,,,,,,,,,,,
1781033862623738198,,,,,,,,,,,,,,,,,,,,,,
1781033862723654190,,,,,,,,,,,,,,,,,,,,,,
1781033862824046006,,,,,,,,,,,,,,,,,,,,,,
1781033862924100075,,,,,,,,,,,,,,,,,,,,,,
1781033863023855452,,,,,,,,,,,,,,,,,,,,,,
1781033863124122774,,,,,,,,,,,,,,,,,,,,,,
1781033863224456494,,,,,,,,,,,,,,,,,,,,,,
1781033863323863540,,,,,,,,,,,,,,,,,,,,,,
1781033863424077252,,,,,,,,,,,,,,,,,,,,,,
1781033863523976605,,,,,,,,,,,,,,,,,,,,,,
1781033863624398827,,,,,,,,,,,,,,,,,,,,,,
1781033863724472169,,,,,,,,,,,,,,,,,,,,,,
1781033863824525419,,,,,,,,,,,,,,,,,,,,,,
1781033863928863398,33,0,8,0,true,0.0014,0.0098,11,8192,0.003,0.003,47.96,0.003,0,0,0.0003,0.0003,0.15,0.0,25.0,21.0,1781033863914621344
1781033864030090555,33,0,8,0,true,0.0019,0.0052,15,8192,0.001,0.001,47.96,0.001,0,0,0.0001,0.0001,0.06,0.0,25.0,21.0,1781033864006133488
1781033864130796263,33,0,8,0,true,0.0023,0.004,19,8192,0.0,0.0,47.96,0.0,0,0,0.0,0.0,0.0,0.0,25.0,21.0,1781033864099855338
1781033864230235874,33,0,8,0,true,0.0028,0.0042,22,8192,0.001,0.001,47.96,0.001,0,0,0.0001,0.0001,0.06,0.0,25.0,21.0,1781033864218033121
1781033864329882908,33,0,8,0,true,0.0032,0.0041,26,8192,0.002,0.002,47.96,0.002,0,0,0.0002,0.0002,0.09,0.0,25.0,21.0,1781033864317004471
1781033864430371811,33,0,8,0,true,0.0035,0.0042,29,8192,0.001,0.001,47.96,0.001,0,0,0.0001,0.0001,0.05,0.0,25.0,21.0,1781033864398206398
1781033864529925545,33,0,8,0,true,0.0041,0.0041,33,8192,0.001,0.001,47.96,0.001,0,0,0.0001,0.0001,0.05,0.0,25.0,21.0,1781033864525602857
1781033864632891106,33,0,8,0,true,0.0044,0.0041,36,8192,0.001,0.001,47.96,0.001,0,0,0.0001,0.0001,0.05,0.0,25.0,21.0,1781033864608330666
1781033864729814666,33,0,8,0,true,0.0049,0.0041,40,8192,0.002,0.002,47.96,0.002,0,0,0.0001,0.0001,0.08,0.0,25.0,21.0,1781033864727342777
1781033864832868114,33,0,8,0,true,0.0052,0.0041,43,8192,0.002,0.002,47.96,0.002,0,0,0.0001,0.0001,0.08,0.0,25.0,21.0,1781033864813106370
1781033864929805788,33,0,8,0,true,0.0057,0.0041,46,8192,0.001,0.001,47.96,0.001,0,0,0.0001,0.0001,0.06,0.0,25.0,21.0,1781033864919556625
1781033865031092741,33,0,8,0,true,0.0061,0.0042,49,8192,0.001,0.001,47.96,0.001,0,0,0.0001,0.0001,0.05,0.0,25.0,21.0,1781033865014601979
1781033865132869352,33,0,8,0,true,0.0065,0.0041,53,8192,0.002,0.002,47.96,0.002,0,0,0.0001,0.0001,0.07,0.0,25.0,21.0,1781033865112684034
1781033865236918258,33,0,8,0,true,0.0069,0.0041,56,8192,0.001,0.001,47.96,0.001,0,0,0.0001,0.0001,0.06,0.0,25.0,21.0,1781033865211562847
1781033865340917517,33,0,8,0,true,0.0074,0.0041,60,8192,0.002,0.002,47.96,0.002,0,0,0.0002,0.0002,0.09,0.0,25.0,21.0,1781033865330490194
1781033865437952142,33,0,8,0,true,0.0078,0.0041,63,8192,0.001,0.001,47.96,0.001,0,0,0.0001,0.0001,0.05,0.0,25.0,21.0,1781033865427676494
1781033865539026498,33,0,8,0,true,0.0081,0.0042,66,8192,0.001,0.001,47.96,0.001,0,0,0.0001,0.0001,0.05,0.0,25.0,21.0,1781033865508960031
1781033865640870626,33,0,8,0,true,0.0085,0.0041,69,8192,0.001,0.001,47.96,0.001,0,0,0.0001,0.0001,0.06,0.0,25.0,21.0,1781033865611887539
1781033865740869320,33,0,8,0,true,0.009,0.0041,73,8192,0.002,0.002,47.96,0.002,0,0,0.0001,0.0001,0.08,0.0,25.0,21.0,1781033865716158837
1781033865838118661,33,0,8,0,true,0.0095,0.0041,77,8192,0.001,0.001,47.96,0.001,0,0,0.0001,0.0001,0.06,0.0,25.0,21.0,1781033865834277682
1781033865938123510,33,0,8,0,true,0.0098,0.0041,80,8192,0.002,0.002,47.96,0.002,0,0,0.0002,0.0002,0.1,0.0,25.0,21.0,1781033865918159429
1781033866038474293,33,0,8,0,true,0.0103,0.0041,84,8192,0.001,0.001,47.96,0.001,0,0,0.0001,0.0001,0.06,0.0,25.0,21.0,1781033866029766638
1781033866137585243,33,0,8,0,true,0.0107,0.0041,87,8192,0.001,0.001,47.96,0.001,0,0,0.0001,0.0001,0.06,0.0,25.0,21.0,1781033866128736779
1781033866238428348,33,0,8,0,true,0.0111,0.0041,90,8192,0.002,0.002,47.96,0.002,0,0,0.0001,0.0001,0.08,0.0,25.0,21.0,1781033866229607612
1781033866340854696,33,0,8,0,true,0.0115,0.0041,93,8192,0.002,0.002,47.96,0.002,0,0,0.0001,0.0001,0.08,0.0,25.0,21.0,1781033866323158069
1781033866438020846,33,0,8,0,true,0.0119,0.0042,97,8192,0.001,0.001,47.96,0.001,0,0,0.0001,0.0001,0.06,0.0,25.0,21.0,1781033866426574313
1781033866538461154,33,0,8,0,true,0.0123,0.0041,100,8192,0.001,0.001,47.96,0.001,0,0,0.0001,0.0001,0.05,0.0,25.0,21.0,1781033866524103949
1781033866640878882,33,0,8,0,true,0.0127,0.0041,104,8192,0.001,0.001,47.96,0.001,0,0,0.0001,0.0001,0.05,0.0,25.0,21.0,1781033866625196376
1781033866740948751,33,0,8,0,true,0.0132,0.0041,107,8192,0.001,0.001,47.96,0.001,0,0,0.0001,0.0001,0.06,0.0,25.0,21.0,1781033866734593832
1781033866837527042,33,0,8,0,true,0.0135,0.0041,110,8192,0.001,0.001,47.96,0.001,0,0,0.0001,0.0001,0.06,0.0,25.0,21.0,1781033866825793705
1781033866937696421,33,0,8,0,true,0.0139,0.0041,113,8192,0.002,0.002,47.96,0.002,0,0,0.0001,0.0001,0.07,0.0,25.0,21.0,1781033866906350408
1781033867040864846,33,0,8,0,true,0.0143,0.0042,117,8192,0.001,0.001,47.96,0.001,0,0,0.0001,0.0001,0.05,0.0,25.0,21.0,1781033867016998979
1781033867144868102,33,0,8,0,true,0.0148,0.0041,121,8192,0.001,0.001,47.96,0.001,0,0,0.0001,0.0001,0.06,0.0,25.0,21.0,1781033867133884092
1781033867245688504,33,0,8,0,true,0.0152,0.0042,124,8192,0.001,0.001,47.96,0.001,0,0,0.0001,0.0001,0.06,0.0,25.0,21.0,1781033867241746842
1781033867346074329,33,0,8,0,true,0.0156,0.0041,128,8192,0.002,0.002,47.96,0.002,0,0,0.0001,0.0001,0.08,0.0,25.0,21.0,1781033867336816579
1781033867446143036,33,0,8,0,true,0.016,0.0041,131,8192,0.001,0.001,47.96,0.001,0,0,0.0001,0.0001,0.05,0.0,25.0,21.0,1781033867426574983
1781033867545881691,33,0,8,0,true,0.0165,0.0041,134,8192,0.001,0.001,47.96,0.001,0,0,0.0001,0.0001,0.06,0.0,25.0,21.0,1781033867542368080
1781033867646121632,33,0,8,0,true,0.0168,0.0042,137,8192,0.001,0.001,47.96,0.001,0,0,0.0001,0.0001,0.06,0.0,25.0,21.0,1781033867613133863
1781033867745647554,33,0,8,0,true,0.0173,0.0042,141,8192,0.001,0.001,47.96,0.001,0,0,0.0001,0.0001,0.05,0.0,25.0,21.0,1781033867740494096
1781033867849861229,33,0,8,0,true,0.0177,0.0041,144,8192,0.001,0.001,47.96,0.001,0,0,0.0001,0.0001,0.07,0.0,25.0,21.0,1781033867832128146
1781033867948866328,33,0,8,0,true,0.0181,0.0041,148,8192,0.001,0.001,47.96,0.001,0,0,0.0001,0.0001,0.06,0.0,25.0,21.0,1781033867933540233
1781033868045466044,33,0,8,0,true,0.0185,0.0041,151,8192,0.001,0.001,47.96,0.001,0,0,0.0001,0.0001,0.06,0.0,25.0,21.0,1781033868045008958
1781033868145869848,33,0,8,0,true,0.0189,0.0041,155,8192,0.001,0.001,47.96,0.001,0,0,0.0001,0.0001,0.06,0.0,25.0,21.0,1781033868139979596
1781033868245899250,33,0,8,0,true,0.0193,0.0041,158,8192,0.001,0.001,47.96,0.001,0,0,0.0001,0.0001,0.06,0.0,25.0,21.0,1781033868240855577
1781033868345809585,33,0,8,0,true,0.0198,0.0042,161,8192,0.001,0.001,47.96,0.001,0,0,0.0001,0.0001,0.05,0.0,25.0,21.0,1781033868338306186
1781033868446176610,33,0,8,0,true,0.0201,0.0041,164,8192,0.002,0.002,47.96,0.002,0,0,0.0001,0.0001,0.07,0.0,25.0,21.0,1781033868413678444
1781033868548863176,33,0,8,0,true,0.0205,0.0041,168,8192,0.001,0.001,47.96,0.001,0,0,0.0001,0.0001,0.06,0.0,25.0,21.0,1781033868521807059
1781033868648910220,33,0,8,0,true,0.021,0.0041,171,8192,0.002,0.002,47.96,0.002,0,0,0.0001,0.0001,0.08,0.0,25.0,21.0,1781033868638327413
1781033868746175278,33,0,8,0,true,0.0213,0.0042,174,8192,0.001,0.001,47.96,0.001,0,0,0.0001,0.0001,0.05,0.0,25.0,21.0,1781033868713005210
1781033868846349648,33,0,8,0,true,0.0218,0.0041,178,8192,0.001,0.001,47.96,0.001,0,0,0.0001,0.0001,0.07,0.0,25.0,21.0,1781033868834556804
1781033868945991736,33,0,8,0,true,0.0222,0.0041,181,8192,0.002,0.002,47.96,0.002,0,0,0.0002,0.0002,0.1,0.0,25.0,21.0,1781033868922165345
1781033869048868677,33,0,8,0,true,0.0226,0.0041,185,8192,0.001,0.001,47.96,0.001,0,0,0.0001,0.0001,0.07,0.0,25.0,21.0,1781033869039681073
1781033869148863264,33,0,8,0,true,0.023,0.0041,188,8192,0.001,0.001,47.96,0.001,0,0,0.0001,0.0001,0.07,0.0,25.0,21.0,1781033869130412826
1781033869248896844,33,0,8,0,true,0.0233,0.0041,191,8192,0.002,0.002,47.96,0.002,0,0,0.0001,0.0001,0.08,0.0,25.0,21.0,1781033869209751704
1781033869345654167,33,0,8,0,true,0.0238,0.0041,195,8192,0.002,0.002,47.96,0.002,0,0,0.0001,0.0001,0.08,0.0,25.0,21.0,1781033869335514255
1781033869446025673,33,0,8,0,true,0.0243,0.0041,198,8192,0.002,0.002,47.96,0.002,0,0,0.0001,0.0001,0.08,0.0,25.0,21.0,1781033869437290960
1781033869557295605,33,0,8,0,true,0.0248,0.0041,202,8192,0.002,0.002,47.96,0.002,0,0,0.0001,0.0001,0.08,0.0,25.0,21.0,1781033869555929456
1781033869657848450,33,0,8,0,true,0.0251,0.0041,205,8192,0.001,0.001,47.96,0.001,0,0,0.0001,0.0001,0.05,0.0,25.0,21.0,1781033869651534152
1781033869760883155,33,0,8,0,true,0.0255,0.0042,209,8192,0.001,0.001,47.96,0.001,0,0,0.0001,0.0001,0.06,0.0,25.0,21.0,1781033869750164005
1781033869864896329,33,0,8,0,true,0.026,0.0041,212,8192,0.001,0.001,47.96,0.001,0,0,0.0001,0.0001,0.07,0.0,25.0,21.0,1781033869854936648
1781033869966894816,33,0,8,0,true,0.0264,0.0042,215,8192,0.001,0.001,47.96,0.001,0,0,0.0001,0.0001,0.05,0.0,25.0,21.0,1781033869946152491
1781033870065676983,33,0,8,0,true,0.0268,0.0041,219,8192,0.001,0.001,47.96,0.001,0,0,0.0001,0.0001,0.05,0.0,25.0,21.0,1781033870054672011
1781033870166139653,33,0,8,0,true,0.0272,0.0042,223,8192,0.001,0.001,47.96,0.001,0,0,0.0001,0.0001,0.05,0.0,25.0,21.0,1781033870157361881
1781033870266181757,33,0,8,0,true,0.0276,0.0041,226,8192,0.001,0.001,47.96,0.001,0,0,0.0001,0.0001,0.07,0.0,25.0,21.0,1781033870248595709
1781033870366260591,33,0,8,0,true,0.028,0.0041,229,8192,0.001,0.001,47.96,0.001,0,0,0.0001,0.0001,0.06,0.0,25.0,21.0,1781033870348533074
1781033870466500907,33,0,8,0,true,0.0285,0.0041,233,8192,0.001,0.001,47.96,0.001,0,0,0.0001,0.0001,0.06,0.0,25.0,21.0,1781033870458796985
1781033870566080722,33,0,8,0,true,0.0288,0.0041,236,8192,0.001,0.001,47.96,0.001,0,0,0.0001,0.0001,0.05,0.0,25.0,21.0,1781033870550639046
1781033870666594706,33,0,8,0,true,0.0293,0.0042,239,8192,0.001,0.001,47.96,0.001,0,0,0.0001,0.0001,0.05,0.0,25.0,21.0,1781033870660570505
1781033870765829609,33,0,8,0,true,0.0297,0.0041,243,8192,0.002,0.002,47.96,0.002,0,0,0.0001,0.0001,0.08,0.0,25.0,21.0,1781033870762837869
1781033870866159157,33,0,8,0,true,0.0301,0.0041,246,8192,0.001,0.001,47.96,0.001,0,0,0.0001,0.0001,0.07,0.0,25.0,21.0,1781033870862999526
1781033870966018952,33,0,8,0,true,0.0305,0.004,249,8192,0.002,0.002,47.96,0.002,0,0,0.0002,0.0002,0.09,0.0,25.0,21.0,1781033870950017460
1781033871066335009,33,0,8,0,true,0.0309,0.0041,253,8192,0.002,0.002,47.96,0.002,0,0,0.0002,0.0002,0.1,0.0,25.0,21.0,1781033871061500900
1781033871166233983,33,0,8,0,true,0.0313,0.0041,256,8192,0.001,0.001,47.96,0.001,0,0,0.0001,0.0001,0.06,0.0,25.0,21.0,1781033871150897305
1781033871268902201,33,0,8,0,true,0.0317,0.0041,260,8192,0.002,0.002,47.96,0.002,0,0,0.0002,0.0002,0.11,0.0,25.0,21.0,1781033871260633051
1781033871366466154,33,0,8,0,true,0.0321,0.0042,263,8192,0.001,0.001,47.96,0.001,0,0,0.0001,0.0001,0.06,0.0,25.0,21.0,1781033871351756496
1781033871465471776,33,0,8,0,true,0.0325,0.0041,266,8192,0.001,0.001,47.96,0.001,0,0,0.0001,0.0001,0.07,0.0,25.0,21.0,1781033871453176674
1781033871565804840,33,0,8,0,true,0.0329,0.0041,269,8192,0.001,0.001,47.96,0.001,0,0,0.0001,0.0001,0.06,0.0,25.0,21.0,1781033871540245976
1781033871666541438,33,0,8,0,true,0.0334,0.0042,273,8192,0.001,0.001,47.96,0.001,0,0,0.0001,0.0001,0.05,0.0,25.0,21.0,1781033871659081577
1781033871772880867,33,0,8,0,true,0.0338,0.0041,276,8192,0.001,0.001,47.96,0.001,0,0,0.0001,0.0001,0.06,0.0,25.0,21.0,1781033871750670753
1781033871874105491,33,0,8,0,true,0.0342,0.0041,280,8192,0.001,0.001,47.96,0.001,0,0,0.0001,0.0001,0.06,0.0,25.0,21.0,1781033871854280759
1781033871974487356,33,0,8,0,true,0.0346,0.0041,283,8192,0.001,0.001,47.96,0.001,0,0,0.0001,0.0001,0.06,0.0,25.0,21.0,1781033871947009622
1781033872077007016,33,0,8,0,true,0.035,0.0041,286,8192,0.002,0.002,47.96,0.002,0,0,0.0002,0.0002,0.09,0.0,25.0,21.0,1781033872045808122
1781033872177015436,33,0,8,0,true,0.0354,0.0042,290,8192,0.001,0.001,47.96,0.001,0,0,0.0001,0.0001,0.06,0.0,25.0,21.0,1781033872154841763
1781033872273879131,33,0,8,0,true,0.0358,0.0041,293,8192,0.001,0.001,47.96,0.001,0,0,0.0001,0.0001,0.07,0.0,25.0,21.0,1781033872246598949
1781033872374045516,33,0,8,0,true,0.0362,0.0041,296,8192,0.001,0.001,47.96,0.001,0,0,0.0001,0.0001,0.06,0.0,25.0,21.0,1781033872355268788
1781033872476958531,33,0,8,0,true,0.0367,0.0041,300,8192,0.001,0.001,47.96,0.001,0,0,0.0001,0.0001,0.07,0.0,25.0,21.0,1781033872466390330
1781033872573937661,33,0,8,0,true,0.037,0.0041,303,8192,0.001,0.001,47.96,0.001,0,0,0.0001,0.0001,0.06,0.0,25.0,21.0,1781033872547922158
1781033872674486208,33,0,8,0,true,0.0375,0.0042,307,8192,0.001,0.001,47.96,0.001,0,0,0.0001,0.0001,0.05,0.0,25.0,21.0,1781033872663940534
1781033872773767297,33,0,8,0,true,0.038,0.0041,311,8192,0.001,0.001,47.96,0.001,0,0,0.0001,0.0001,0.06,0.0,25.0,21.0,1781033872772520318
1781033872874020674,33,0,8,0,true,0.0384,0.0041,314,8192,0.001,0.001,47.96,0.001,0,0,0.0001,0.0001,0.06,0.0,25.0,21.0,1781033872866381711
1781033872974092468,33,0,8,0,true,0.0387,0.0041,317,8192,0.001,0.001,47.96,0.001,0,0,0.0001,0.0001,0.07,0.0,25.0,21.0,1781033872955428577
1781033873077006665,33,0,8,0,true,0.0391,0.0041,320,8192,0.002,0.002,47.96,0.002,0,0,0.0001,0.0001,0.08,0.0,25.0,21.0,1781033873059585528
1781033873173775886,33,0,8,0,true,0.0396,0.0041,324,8192,0.002,0.002,47.96,0.002,0,0,0.0001,0.0001,0.08,0.0,25.0,21.0,1781033873160203796
1781033873274119998,33,0,8,0,true,0.0399,0.0042,327,8192,0.001,0.001,47.96,0.001,0,0,0.0001,0.0001,0.06,0.0,25.0,21.0,1781033873250713655
1781033873374139977,33,0,8,0,true,0.0404,0.0041,330,8192,0.001,0.001,47.96,0.001,0,0,0.0001,0.0001,0.06,0.0,25.0,21.0,1781033873354456461
1781033873473544719,33,0,8,0,true,0.0407,0.0041,333,8192,0.001,0.001,47.96,0.001,0,0,0.0001,0.0001,0.07,0.0,25.0,21.0,1781033873437486729
1781033873574437847,33,0,8,0,true,0.0412,0.0041,337,8192,0.001,0.001,47.96,0.001,0,0,0.0001,0.0001,0.07,0.0,25.0,21.0,1781033873572218873
1781033873674350411,33,0,8,0,true,0.0416,0.0041,340,8192,0.002,0.002,47.96,0.002,0,0,0.0001,0.0001,0.08,0.0,25.0,21.0,1781033873660601601
1781033873773733174,33,0,8,0,true,0.042,0.0041,344,8192,0.002,0.002,47.96,0.002,0,0,0.0002,0.0002,0.09,0.0,25.0,21.0,1781033873763965444
1781033873874277548,33,0,8,0,true,0.0424,0.0041,347,8192,0.001,0.001,47.96,0.001,0,0,0.0001,0.0001,0.07,0.0,25.0,21.0,1781033873852613026
1781033873973963406,33,0,8,0,true,0.0428,0.0041,350,8192,0.002,0.002,47.96,0.002,0,0,0.0002,0.0002,0.09,0.0,25.0,21.0,1781033873963107920
1781033874073640840,33,0,8,0,true,0.0432,0.0041,353,8192,0.002,0.002,47.96,0.002,0,0,0.0001,0.0001,0.07,0.0,25.0,21.0,1781033874039322210
1781033874173759508,33,0,8,0,true,0.0436,0.0041,357,8192,0.002,0.002,47.96,0.002,0,0,0.0001,0.0001,0.08,0.0,25.0,21.0,1781033874155690691
1781033874277024140,33,0,8,0,true,0.044,0.0041,360,8192,0.001,0.001,47.96,0.001,0,0,0.0001,0.0001,0.06,0.0,25.0,21.0,1781033874253519323
1781033874385004152,33,0,8,0,true,0.0445,0.0041,364,8192,0.001,0.001,47.96,0.001,0,0,0.0001,0.0001,0.06,0.0,25.0,21.0,1781033874363050768
1781033874486250010,33,0,8,0,true,0.045,0.0041,368,8192,0.001,0.001,47.96,0.001,0,0,0.0001,0.0001,0.06,0.0,25.0,21.0,1781033874479163626
1781033874586470603,33,0,8,0,true,0.0454,0.0042,371,8192,0.001,0.001,47.96,0.001,0,0,0.0001,0.0001,0.06,0.0,25.0,21.0,1781033874579650545
1781033874686148144,33,0,8,0,true,0.0457,0.0041,374,8192,0.001,0.001,47.96,0.001,0,0,0.0001,0.0001,0.06,0.0,25.0,21.0,1781033874666550955
1781033874786506535,33,0,8,0,true,0.0462,0.0041,378,8192,0.002,0.002,47.96,0.002,0,0,0.0001,0.0001,0.08,0.0,25.0,21.0,1781033874782296239
1781033874892862687,33,0,8,0,true,0.0466,0.0041,381,8192,0.001,0.001,47.96,0.001,0,0,0.0001,0.0001,0.06,0.0,25.0,21.0,1781033874867987763
1781033874994636095,33,0,8,0,true,0.047,0.0041,385,8192,0.001,0.001,47.96,0.001,0,0,0.0001,0.0001,0.07,0.0,25.0,21.0,1781033874978299022
1781033875094475478,33,0,8,0,true,0.0473,0.0041,387,8192,0.001,0.001,47.96,0.001,0,0,0.0001,0.0001,0.06,0.0,25.0,21.0,1781033875057376934
1781033875193492988,33,0,8,0,true,0.0478,0.0041,391,8192,0.001,0.001,47.96,0.001,0,0,0.0001,0.0001,0.06,0.0,25.0,21.0,1781033875162839470
1781033875295932005,33,0,8,0,true,0.0483,0.0041,395,8192,0.002,0.002,47.96,0.002,0,0,0.0002,0.0002,0.1,0.0,25.0,21.0,1781033875286810776
1781033875394421231,33,0,8,0,true,0.0486,0.0041,398,8192,0.002,0.002,47.96,0.002,0,0,0.0002,0.0002,0.09,0.0,25.0,21.0,1781033875367093714
1781033875497014636,33,0,8,0,true,0.0491,0.0041,402,8192,0.001,0.001,47.96,0.001,0,0,0.0001,0.0001,0.06,0.0,25.0,21.0,1781033875479603703
1781033875601039796,33,0,8,0,true,0.0495,0.0041,405,8192,0.002,0.002,47.96,0.002,0,0,0.0002,0.0002,0.11,0.0,25.0,21.0,1781033875580266813
1781033875702148401,33,0,8,0,true,0.0499,0.0041,408,8192,0.001,0.001,47.96,0.001,0,0,0.0001,0.0001,0.06,0.0,25.0,21.0,1781033875686254971
1781033875803154258,33,0,8,0,true,0.0504,0.0042,412,8192,0.001,0.001,47.96,0.001,0,0,0.0001,0.0001,0.05,0.0,25.0,21.0,1781033875793368906
1781033875901715351,33,0,8,0,true,0.0507,0.0041,415,8192,0.002,0.002,47.96,0.002,0,0,0.0001,0.0001,0.07,0.0,25.0,21.0,1781033875875479487
1781033876001873313,33,0,8,0,true,0.0512,0.0041,419,8192,0.002,0.002,47.96,0.002,0,0,0.0002,0.0002,0.09,0.0,25.0,21.0,1781033875992070571
1781033876101633008,33,0,8,0,true,0.0516,0.0042,422,8192,0.001,0.001,47.96,0.001,0,0,0.0001,0.0001,0.06,0.0,25.0,21.0,1781033876089686817
1781033876204915544,33,0,8,0,true,0.0519,0.0041,425,8192,0.002,0.002,47.96,0.002,0,0,0.0002,0.0002,0.11,0.0,25.0,21.0,1781033876174173242
1781033876304897223,33,0,8,0,true,0.0523,0.0041,428,8192,0.001,0.001,47.96,0.001,0,0,0.0001,0.0001,0.06,0.0,25.0,21.0,1781033876268316210
1781033876402510695,33,0,8,0,true,0.0528,0.0041,432,8192,0.001,0.001,47.96,0.001,0,0,0.0001,0.0001,0.06,0.0,25.0,21.0,1781033876388828931
1781033876502420585,33,0,8,0,true,0.0533,0.0041,436,8192,0.002,0.002,47.96,0.002,0,0,0.0001,0.0001,0.09,0.0,25.0,21.0,1781033876501281871
1781033876602511726,33,0,8,0,true,0.0537,0.0043,439,8192,0.001,0.001,47.96,0.001,0,0,0.0001,0.0001,0.05,0.0,25.0,21.0,1781033876594949801
1781033876708868199,33,0,8,0,true,0.0541,0.0042,443,8192,0.001,0.001,47.96,0.001,0,0,0.0001,0.0001,0.05,0.0,25.0,21.0,1781033876697559387
1781033876809672627,33,0,8,0,true,0.0545,0.0041,446,8192,0.002,0.002,47.96,0.002,0,0,0.0001,0.0001,0.08,0.0,25.0,21.0,1781033876800706375
1781033876909958268,33,0,8,0,true,0.0549,0.0042,449,8192,0.001,0.001,47.96,0.001,0,0,0.0001,0.0001,0.06,0.0,25.0,21.0,1781033876888179812
1781033877010515536,33,0,8,0,true,0.0553,0.0041,452,8192,0.001,0.001,47.96,0.001,0,0,0.0001,0.0001,0.07,0.0,25.0,21.0,1781033876987759159
1781033877112871942,33,0,8,0,true,0.0558,0.0041,456,8192,0.002,0.002,47.96,0.002,0,0,0.0001,0.0001,0.07,0.0,25.0,21.0,1781033877101719130
1781033877210058059,33,0,8,0,true,0.0561,0.0041,459,8192,0.002,0.002,47.96,0.002,0,0,0.0001,0.0001,0.08,0.0,25.0,21.0,1781033877191475098
1781033877309973229,33,0,8,0,true,0.0565,0.0041,463,8192,0.002,0.002,47.96,0.002,0,0,0.0001,0.0001,0.07,0.0,25.0,21.0,1781033877291513609
1781033877410225232,33,0,8,0,true,0.0569,0.004,466,8192,0.002,0.002,47.96,0.002,0,0,0.0001,0.0001,0.09,0.0,25.0,21.0,1781033877387542230
1781033877512893797,33,0,8,0,true,0.0574,0.0041,470,8192,0.002,0.002,47.96,0.002,0,0,0.0001,0.0001,0.08,0.0,25.0,21.0,1781033877507707232
1781033877612900624,33,0,8,0,true,0.0578,0.0041,473,8192,0.002,0.002,47.96,0.002,0,0,0.0001,0.0001,0.08,0.0,25.0,21.0,1781033877589788926
1781033877717006164,33,0,8,0,true,0.0582,0.0042,476,8192,0.001,0.001,47.96,0.001,0,0,0.0001,0.0001,0.06,0.0,25.0,21.0,1781033877699108087
1781033877819733828,33,0,8,0,true,0.0586,0.0042,480,8192,0.001,0.001,47.96,0.001,0,0,0.0001,0.0001,0.06,0.0,25.0,21.0,1781033877801401080
1781033877920897186,33,0,8,0,true,0.0591,0.0041,483,8192,0.001,0.001,47.96,0.001,0,0,0.0001,0.0001,0.06,0.0,25.0,21.0,1781033877909498581
1781033878017478347,33,0,8,0,true,0.0595,0.0041,487,8192,0.002,0.002,47.96,0.002,0,0,0.0001,0.0001,0.08,0.0,25.0,21.0,1781033878015840670
1781033878120893892,33,0,8,0,true,0.0599,0.0041,490,8192,0.002,0.002,47.96,0.002,0,0,0.0001,0.0001,0.08,0.0,25.0,21.0,1781033878104063819
1781033878220876174,33,0,8,0,true,0.0603,0.0041,493,8192,0.002,0.002,47.96,0.002,0,0,0.0001,0.0001,0.07,0.0,25.0,21.0,1781033878197714367
1781033878324851552,33,0,8,0,true,0.0607,0.004,497,8192,0.002,0.002,47.96,0.002,0,0,0.0001,0.0001,0.07,0.0,25.0,21.0,1781033878313151505
1781033878425541895,33,0,8,0,true,0.0612,0.0042,501,8192,0.001,0.001,47.96,0.001,0,0,0.0001,0.0001,0.06,0.0,25.0,21.0,1781033878417566403
1781033878526507328,33,0,8,0,true,0.0616,0.0041,504,8192,0.002,0.002,47.96,0.002,0,0,0.0002,0.0002,0.09,0.0,25.0,21.0,1781033878524429649
1781033878626016987,33,0,8,0,true,0.0619,0.0041,507,8192,0.002,0.002,47.96,0.002,0,0,0.0001,0.0001,0.08,0.0,25.0,21.0,1781033878605219027
1781033878728860238,33,0,8,0,true,0.0623,0.0041,510,8192,0.001,0.001,47.96,0.001,0,0,0.0001,0.0001,0.06,0.0,25.0,21.0,1781033878703528859
1781033878826912748,33,0,8,0,true,0.0628,0.0041,514,8192,0.002,0.002,47.96,0.002,0,0,0.0002,0.0002,0.09,0.0,25.0,21.0,1781033878826374060
1781033878928874180,33,0,8,0,true,0.0632,0.0041,517,8192,0.002,0.002,47.96,0.002,0,0,0.0001,0.0001,0.07,0.0,25.0,21.0,1781033878913799507
1781033879028865260,33,0,8,0,true,0.0636,0.0041,521,8192,0.001,0.001,47.96,0.001,0,0,0.0001,0.0001,0.07,0.0,25.0,21.0,1781033879022159460
1781033879128857572,33,0,8,0,true,0.064,0.0043,524,8192,0.001,0.001,47.96,0.001,0,0,0.0001,0.0001,0.05,0.0,25.0,21.0,1781033879110290854
1781033879228870361,33,0,8,0,true,0.0644,0.0041,527,8192,0.001,0.001,47.96,0.001,0,0,0.0001,0.0001,0.07,0.0,25.0,21.0,1781033879205438645
1781033879332864281,33,0,8,0,true,0.0649,0.0041,531,8192,0.001,0.001,47.96,0.001,0,0,0.0001,0.0001,0.07,0.0,25.0,21.0,1781033879320832151
1781033879437343730,33,0,8,0,true,0.0653,0.0041,535,8192,0.002,0.002,47.96,0.002,0,0,0.0002,0.0002,0.09,0.0,25.0,21.0,1781033879426432326
1781033879534174998,33,0,8,0,true,0.0657,0.0041,538,8192,0.002,0.002,47.96,0.002,0,0,0.0001,0.0001,0.08,0.0,25.0,21.0,1781033879522883756
1781033879634257735,33,0,8,0,true,0.0661,0.0041,541,8192,0.002,0.002,47.96,0.002,0,0,0.0001,0.0001,0.08,0.0,25.0,21.0,1781033879617854370
1781033879734495824,33,0,8,0,true,0.0665,0.0041,544,8192,0.001,0.001,47.96,0.001,0,0,0.0001,0.0001,0.06,0.0,25.0,21.0,1781033879718456923
1781033879834503380,33,0,8,0,true,0.0669,0.0041,547,8192,0.002,0.002,47.96,0.002,0,0,0.0001,0.0001,0.08,0.0,25.0,21.0,1781033879805769385
1781033879934387723,33,0,8,0,true,0.0674,0.0041,551,8192,0.002,0.002,47.96,0.002,0,0,0.0001,0.0001,0.08,0.0,25.0,21.0,1781033879922314978
1781033880036984880,33,0,8,0,true,0.0677,0.0041,554,8192,0.002,0.002,47.96,0.002,0,0,0.0001,0.0001,0.07,0.0,25.0,21.0,1781033880010312489
1781033880137012114,33,0,8,0,true,0.0681,0.0042,558,8192,0.001,0.001,47.96,0.001,0,0,0.0001,0.0001,0.04,0.0,25.0,21.0,1781033880107178641
1781033880237178398,33,0,8,0,true,0.0686,0.0042,561,8192,0.001,0.001,47.96,0.001,0,0,0.0001,0.0001,0.06,0.0,25.0,21.0,1781033880213123325
1781033880338535105,33,0,8,0,true,0.0691,0.0041,565,8192,0.001,0.001,47.96,0.001,0,0,0.0001,0.0001,0.07,0.0,25.0,21.0,1781033880337560276
1781033880440336168,33,0,8,0,true,0.0694,0.0041,568,8192,0.002,0.002,47.96,0.002,0,0,0.0002,0.0002,0.09,0.0,25.0,21.0,1781033880427895025
1781033880540502380,33,0,8,0,true,0.0699,0.0042,572,8192,0.001,0.001,47.96,0.001,0,0,0.0001,0.0001,0.06,0.0,25.0,21.0,1781033880533306144
1781033880640884462,33,0,8,0,true,0.0703,0.0041,575,8192,0.001,0.001,47.96,0.001,0,0,0.0001,0.0001,0.07,0.0,25.0,21.0,1781033880634191095
1781033880740290306,33,0,8,0,true,0.0707,0.0041,578,8192,0.002,0.002,47.96,0.002,0,0,0.0002,0.0002,0.12,0.0,25.0,21.0,1781033880727107407
1781033880839605824,33,0,8,0,true,0.0711,0.0041,582,8192,0.002,0.002,47.96,0.002,0,0,0.0001,0.0001,0.08,0.0,25.0,21.0,1781033880821497832
1781033880941180597,33,0,8,0,true,0.0715,0.0041,585,8192,0.003,0.003,47.96,0.003,0,0,0.0002,0.0002,0.12,0.0,25.0,21.0,1781033880920291247
1781033881039717926,33,0,8,0,true,0.0719,0.0042,589,8192,0.001,0.001,47.96,0.001,0,0,0.0001,0.0001,0.06,0.0,25.0,21.0,1781033881034191153
1781033881141046547,33,0,8,0,true,0.0723,0.0041,592,8192,0.002,0.002,47.96,0.002,0,0,0.0002,0.0002,0.11,0.0,25.0,21.0,1781033881131704498
1781033881240878065,33,0,8,0,true,0.0727,0.0042,595,8192,0.001,0.001,47.96,0.001,0,0,0.0001,0.0001,0.06,0.0,25.0,21.0,1781033881222849650
1781033881340096911,33,0,8,0,true,0.0731,0.0041,598,8192,0.003,0.003,47.96,0.003,0,0,0.0002,0.0002,0.12,0.0,25.0,21.0,1781033881315785143
1781033881440853909,33,0,8,0,true,0.0736,0.0041,602,8192,0.002,0.002,47.96,0.002,0,0,0.0002,0.0002,0.09,0.0,25.0,21.0,1781033881437131287
1781033881539962861,33,0,8,0,true,0.074,0.0041,606,8192,0.002,0.002,47.96,0.002,0,0,0.0001,0.0001,0.09,0.0,25.0,21.0,1781033881531950846
1781033881639716871,33,0,8,0,true,0.0744,0.004,609,8192,0.002,0.002,47.96,0.002,0,0,0.0002,0.0002,0.1,0.0,25.0,21.0,1781033881622303478
1781033881741615493,33,0,8,0,true,0.0747,0.0041,611,8192,0.002,0.002,47.96,0.002,0,0,0.0001,0.0001,0.08,0.0,25.0,21.0,1781033881705445066
1781033881840075527,33,0,8,0,true,0.0752,0.0041,615,8192,0.003,0.003,47.96,0.003,0,0,0.0002,0.0002,0.12,0.0,25.0,21.0,1781033881825062169
1781033881939801282,33,0,8,0,true,0.0756,0.0042,619,8192,0.001,0.001,47.96,0.001,0,0,0.0001,0.0001,0.06,0.0,25.0,21.0,1781033881931045594
1781033882040888895,33,0,8,0,true,0.076,0.0041,622,8192,0.002,0.002,47.96,0.002,0,0,0.0001,0.0001,0.08,0.0,25.0,21.0,1781033882026740558
1781033882140198318,33,0,8,0,true,0.0764,0.0041,625,8192,0.002,0.002,47.96,0.002,0,0,0.0001,0.0001,0.08,0.0,25.0,21.0,1781033882122014457
1781033882239564688,33,0,8,0,true,0.0768,0.0042,629,8192,0.003,0.003,47.96,0.003,0,0,0.0002,0.0002,0.14,0.0,25.0,21.0,1781033882214178293
1781033882340197196,33,0,8,0,true,0.0772,0.0041,632,8192,0.001,0.001,47.96,0.001,0,0,0.0001,0.0001,0.06,0.0,25.0,21.0,1781033882325835304
1781033882439748763,33,0,8,0,true,0.0777,0.0041,636,8192,0.001,0.001,47.96,0.001,0,0,0.0001,0.0001,0.07,0.0,25.0,21.0,1781033882434069388
1781033882540464958,33,0,8,0,true,0.0781,0.0041,639,8192,0.001,0.001,47.96,0.001,0,0,0.0001,0.0001,0.06,0.0,25.0,21.0,1781033882535301065
1781033882639502436,33,0,8,0,true,0.0785,0.0041,643,8192,0.002,0.002,47.96,0.002,0,0,0.0001,0.0001,0.08,0.0,25.0,21.0,1781033882631842015
1781033882744865400,33,0,8,0,true,0.0789,0.0042,646,8192,0.001,0.001,47.96,0.001,0,0,0.0001,0.0001,0.04,0.0,25.0,21.0,1781033882726940010
1781033882848917749,33,0,8,0,true,0.0794,0.0042,650,8192,0.003,0.003,47.96,0.003,0,0,0.0002,0.0002,0.13,0.0,25.0,21.0,1781033882838329759
1781033882945693031,33,0,8,0,true,0.0797,0.004,652,8192,0.002,0.002,47.96,0.002,0,0,0.0002,0.0002,0.1,0.0,25.0,21.0,1781033882914165238
1781033883048873670,33,0,8,0,true,0.0802,0.0041,656,8192,0.002,0.002,47.96,0.002,0,0,0.0001,0.0001,0.08,0.0,25.0,21.0,1781033883037904305
1781033883146460058,33,0,8,0,true,0.0806,0.0043,660,8192,0.001,0.001,47.96,0.001,0,0,0.0001,0.0001,0.05,0.0,25.0,21.0,1781033883135059440
1781033883245524129,33,0,8,0,true,0.081,0.0041,663,8192,0.001,0.001,47.96,0.001,0,0,0.0001,0.0001,0.07,0.0,25.0,21.0,1781033883228543737
1781033883348121419,33,0,8,0,true,0.0814,0.0042,666,8192,0.001,0.001,47.96,0.001,0,0,0.0001,0.0001,0.06,0.0,25.0,21.0,1781033883333450141
1781033883452874544,33,0,8,0,true,0.0818,0.0041,670,8192,0.002,0.002,47.96,0.002,0,0,0.0001,0.0001,0.07,0.0,25.0,21.0,1781033883430649684
1781033883554280363,33,0,8,0,true,0.0823,0.004,674,8192,0.002,0.002,47.96,0.002,0,0,0.0001,0.0001,0.08,0.0,25.0,21.0,1781033883551537263
1781033883653535587,33,0,8,0,true,0.0827,0.0042,677,8192,0.001,0.001,47.96,0.001,0,0,0.0001,0.0001,0.06,0.0,25.0,21.0,1781033883650661629
1781033883756902172,33,0,8,0,true,0.0831,0.0042,680,8192,0.001,0.001,47.96,0.001,0,0,0.0001,0.0001,0.04,0.0,25.0,21.0,1781033883737498868
1781033883854285468,33,0,8,0,true,0.0835,0.0041,683,8192,0.002,0.002,47.96,0.002,0,0,0.0002,0.0002,0.11,0.0,25.0,21.0,1781033883835845763
1781033883953704608,33,0,8,0,true,0.0839,0.0042,687,8192,0.001,0.001,47.96,0.001,0,0,0.0001,0.0001,0.07,0.0,25.0,21.0,1781033883939399979
1781033884054133171,33,0,8,0,true,0.0843,0.0041,690,8192,0.002,0.002,47.96,0.002,0,0,0.0001,0.0001,0.08,0.0,25.0,21.0,1781033884033820716
1781033884153613751,33,0,8,0,true,0.0848,0.0041,694,8192,0.002,0.002,47.96,0.002,0,0,0.0001,0.0001,0.08,0.0,25.0,21.0,1781033884152528941
1781033884257526588,33,0,8,0,true,0.0852,0.0041,697,8192,0.002,0.002,47.96,0.002,0,0,0.0001,0.0001,0.07,0.0,25.0,21.0,1781033884256751483
1781033884354526527,33,0,8,0,true,0.0855,0.0042,700,8192,0.001,0.001,47.96,0.001,0,0,0.0001,0.0001,0.06,0.0,25.0,21.0,1781033884335591964
1781033884454260660,33,0,8,0,true,0.086,0.0042,704,8192,0.001,0.001,47.96,0.001,0,0,0.0001,0.0001,0.07,0.0,25.0,21.0,1781033884441781761
1781033884557001802,33,0,8,0,true,0.0864,0.0041,707,8192,0.002,0.002,47.96,0.002,0,0,0.0001,0.0001,0.08,0.0,25.0,21.0,1781033884543632803
1781033884657015122,33,0,8,0,true,0.0868,0.0041,710,8192,0.001,0.001,47.96,0.001,0,0,0.0001,0.0001,0.06,0.0,25.0,21.0,1781033884641814239
1781033884753874275,33,0,8,0,true,0.0871,0.0041,713,8192,0.002,0.002,47.96,0.002,0,0,0.0001,0.0001,0.08,0.0,25.0,21.0,1781033884721325431
1781033884856991275,33,0,8,0,true,0.0876,0.0043,717,8192,0.001,0.001,47.96,0.001,0,0,0.0001,0.0001,0.06,0.0,25.0,21.0,1781033884846582700
1781033884961136095,33,0,8,0,true,0.0881,0.0041,721,8192,0.001,0.001,47.96,0.001,0,0,0.0001,0.0001,0.07,0.0,25.0,21.0,1781033884956656697
1781033885062158535,33,0,8,0,true,0.0885,0.0041,724,8192,0.001,0.001,47.96,0.001,0,0,0.0001,0.0001,0.06,0.0,25.0,21.0,1781033885053487119
1781033885164862853,33,0,8,0,true,0.0889,0.0041,728,8192,0.001,0.001,47.96,0.001,0,0,0.0001,0.0001,0.07,0.0,25.0,21.0,1781033885149645444
1781033885261968550,33,0,8,0,true,0.0893,0.0041,731,8192,0.002,0.002,47.96,0.002,0,0,0.0001,0.0001,0.08,0.0,25.0,21.0,1781033885261351518
1781033885361461169,33,0,8,0,true,0.0897,0.0041,734,8192,0.002,0.002,47.96,0.002,0,0,0.0001,0.0001,0.08,0.0,25.0,21.0,1781033885341585451
1781033885461670842,33,0,8,0,true,0.0901,0.0041,738,8192,0.003,0.003,47.96,0.003,0,0,0.0002,0.0002,0.13,0.0,25.0,21.0,1781033885446138114
1781033885562665124,33,0,8,0,true,0.0906,0.0041,741,8192,0.002,0.002,47.96,0.002,0,0,0.0001,0.0001,0.08,0.0,25.0,21.0,1781033885561776723
1781033885662484758,33,0,8,0,true,0.0909,0.0041,744,8192,0.002,0.002,47.96,0.002,0,0,0.0002,0.0002,0.09,0.0,25.0,21.0,1781033885639457343
1781033885764848494,33,0,8,0,true,0.0914,0.0041,748,8192,0.002,0.002,47.96,0.002,0,0,0.0001,0.0001,0.08,0.0,25.0,21.0,1781033885752271562
1781033885863169979,33,0,8,0,true,0.0917,0.0042,751,8192,0.001,0.001,47.96,0.001,0,0,0.0001,0.0001,0.07,0.0,25.0,21.0,1781033885831532263
1781033885964016461,33,0,8,0,true,0.0921,0.004,754,8192,0.002,0.002,47.96,0.002,0,0,0.0002,0.0002,0.1,0.0,25.0,21.0,1781033885932874515
1781033886061999574,33,0,8,0,true,0.0926,0.0041,758,8192,0.002,0.002,47.96,0.002,0,0,0.0001,0.0001,0.08,0.0,25.0,21.0,1781033886048411807
1781033886164844726,33,0,8,0,true,0.0929,0.0042,761,8192,0.001,0.001,47.96,0.001,0,0,0.0001,0.0001,0.06,0.0,25.0,21.0,1781033886137926381
1781033886261854502,33,0,8,0,true,0.0934,0.0041,765,8192,0.002,0.002,47.96,0.002,0,0,0.0001,0.0001,0.08,0.0,25.0,21.0,1781033886253604463
1781033886363385562,33,0,8,0,true,0.0938,0.0041,768,8192,0.002,0.002,47.96,0.002,0,0,0.0002,0.0002,0.09,0.0,25.0,21.0,1781033886342886690
1781033886461925459,33,0,8,0,true,0.0942,0.004,772,8192,0.002,0.002,47.96,0.002,0,0,0.0001,0.0001,0.08,0.0,25.0,21.0,1781033886457643012
1781033886562090009,33,0,8,0,true,0.0946,0.0042,774,8192,0.001,0.001,47.96,0.001,0,0,0.0001,0.0001,0.06,0.0,25.0,21.0,1781033886534728858
1781033886664872378,33,0,8,0,true,0.095,0.004,778,8192,0.002,0.002,47.96,0.002,0,0,0.0002,0.0002,0.1,0.0,25.0,21.0,1781033886650520583
1781033886762087168,33,0,8,0,true,0.0954,0.0043,781,8192,0.001,0.001,47.96,0.001,0,0,0.0001,0.0001,0.06,0.0,25.0,21.0,1781033886736452319
1781033886862161101,33,0,8,0,true,0.0959,0.0041,785,8192,0.002,0.002,47.96,0.002,0,0,0.0001,0.0001,0.08,0.0,25.0,21.0,1781033886846621058
1781033886962068255,33,0,8,0,true,0.0963,0.0041,788,8192,0.002,0.002,47.96,0.002,0,0,0.0002,0.0002,0.1,0.0,25.0,21.0,1781033886949297587
1781033887062395559,33,0,8,0,true,0.0967,0.0042,792,8192,0.001,0.001,47.96,0.001,0,0,0.0001,0.0001,0.06,0.0,25.0,21.0,1781033887057509918
1781033887162315307,33,0,8,0,true,0.0971,0.0041,795,8192,0.002,0.002,47.96,0.002,0,0,0.0002,0.0002,0.11,0.0,25.0,21.0,1781033887141478188
1781033887264862519,33,0,8,0,true,0.0975,0.0041,798,8192,0.002,0.002,47.96,0.002,0,0,0.0002,0.0002,0.09,0.0,25.0,21.0,1781033887253168666
1781033887363081721,33,0,8,0,true,0.098,0.004,802,8192,0.002,0.002,47.96,0.002,0,0,0.0002,0.0002,0.1,0.0,25.0,21.0,1781033887357830819
1781033887462113843,33,0,8,0,true,0.0983,0.0041,805,8192,0.002,0.002,47.96,0.002,0,0,0.0002,0.0002,0.09,0.0,25.0,21.0,1781033887439474860
1781033887562063827,33,0,8,0,true,0.0987,0.0041,808,8192,0.001,0.001,47.96,0.001,0,0,0.0001,0.0001,0.07,0.0,25.0,21.0,1781033887545819666
1781033887662073572,33,0,8,0,true,0.0992,0.0042,812,8192,0.001,0.001,47.96,0.001,0,0,0.0001,0.0001,0.04,0.0,25.0,21.0,1781033887650455635
1781033887762126843,33,0,8,0,true,0.0996,0.0041,816,8192,0.002,0.002,47.95,0.002,0,0,0.0001,0.0001,0.08,0.0,25.0,21.0,1781033887759913397
1781033887863190677,33,0,8,0,true,0.1,0.0041,818,8192,0.002,0.002,47.96,0.002,0,0,0.0001,0.0001,0.07,0.0,25.0,21.0,1781033887846307779
1781033887964856412,33,0,8,0,true,0.1004,0.0041,822,8192,0.002,0.002,47.96,0.002,0,0,0.0001,0.0001,0.08,0.0,25.0,21.0,1781033887953699367
1781033888061805498,33,0,8,0,true,0.1009,0.0041,826,8192,0.002,0.002,47.95,0.002,0,0,0.0001,0.0001,0.08,0.0,25.0,21.0,1781033888059674537
1781033888161448956,33,0,8,0,true,0.1012,0.0043,828,8192,0.001,0.001,47.95,0.001,0,0,0.0001,0.0001,0.05,0.0,25.0,21.0,1781033888142250487
1781033888264834171,33,0,8,0,true,0.1016,0.0041,832,8192,0.001,0.001,47.95,0.001,0,0,0.0001,0.0001,0.06,0.0,25.0,21.0,1781033888243920144
1781033888362402153,33,0,8,0,true,0.102,0.0041,835,8192,0.002,0.002,47.95,0.002,0,0,0.0001,0.0001,0.08,0.0,25.0,21.0,1781033888343258029
1781033888463947708,33,0,8,0,true,0.1025,0.0041,839,8192,0.001,0.001,47.95,0.001,0,0,0.0001,0.0001,0.07,0.0,25.0,21.0,1781033888449329701
1781033888562399922,33,0,8,0,true,0.1029,0.0041,842,8192,0.002,0.002,47.95,0.002,0,0,0.0001,0.0001,0.08,0.0,25.0,21.0,1781033888558076633
1781033888662046812,33,0,8,0,true,0.1033,0.0041,846,8192,0.001,0.001,47.95,0.001,0,0,0.0001,0.0001,0.06,0.0,25.0,21.0,1781033888649948456
1781033888764857103,33,0,8,0,true,0.1037,0.0041,849,8192,0.002,0.002,47.95,0.002,0,0,0.0001,0.0001,0.07,0.0,25.0,21.0,1781033888757196482
1781033888862244229,33,0,8,0,true,0.1041,0.0041,852,8192,0.002,0.002,47.95,0.002,0,0,0.0001,0.0001,0.09,0.0,25.0,21.0,1781033888854243502
1781033888964863101,33,0,8,0,true,0.1045,0.0042,856,8192,0.001,0.001,47.95,0.001,0,0,0.0001,0.0001,0.07,0.0,25.0,21.0,1781033888954414467
1781033889063020707,33,0,8,0,true,0.1049,0.0042,859,8192,0.001,0.001,47.95,0.001,0,0,0.0001,0.0001,0.06,0.0,25.0,21.0,1781033889046278770
1781033889161867020,33,0,8,0,true,0.1054,0.0041,863,8192,0.001,0.001,47.95,0.001,0,0,0.0001,0.0001,0.07,0.0,25.0,21.0,1781033889155515953
1781033889261489211,33,0,8,0,true,0.1058,0.004,866,8192,0.002,0.002,47.95,0.002,0,0,0.0002,0.0002,0.1,0.0,25.0,21.0,1781033889261129441
1781033889362799946,33,0,8,0,true,0.1062,0.0042,869,8192,0.001,0.001,47.95,0.001,0,0,0.0001,0.0001,0.07,0.0,25.0,21.0,1781033889349420576
1781033889461789212,33,0,8,0,true,0.1066,0.0041,872,8192,0.002,0.002,47.95,0.002,0,0,0.0001,0.0001,0.08,0.0,25.0,21.0,1781033889447566398
1781033889568872119,33,0,8,0,true,0.107,0.004,876,8192,0.002,0.002,47.95,0.002,0,0,0.0002,0.0002,0.1,0.0,25.0,21.0,1781033889549400281
1781033889670086147,33,0,8,0,true,0.1074,0.0041,880,8192,0.002,0.002,47.95,0.002,0,0,0.0002,0.0002,0.1,0.0,25.0,21.0,1781033889663323660
1781033889770508755,33,0,8,0,true,0.1077,0.0042,882,8192,0.001,0.001,47.95,0.001,0,0,0.0001,0.0001,0.06,0.0,25.0,21.0,1781033889729775779
1781033889872579468,33,0,8,0,true,0.1082,0.0041,886,8192,0.002,0.002,47.95,0.002,0,0,0.0001,0.0001,0.09,0.0,25.0,21.0,1781033889839674626
1781033889970185851,33,0,8,0,true,0.1086,0.0043,889,8192,0.001,0.001,47.95,0.001,0,0,0.0001,0.0001,0.06,0.0,25.0,21.0,1781033889949189134
1781033890072856794,33,0,8,0,true,0.1091,0.0043,893,8192,0.001,0.001,47.95,0.001,0,0,0.0001,0.0001,0.06,0.0,25.0,21.0,1781033890058566415
1781033890170379336,33,0,8,0,true,0.1095,0.0041,897,8192,0.002,0.002,47.95,0.002,0,0,0.0001,0.0001,0.08,0.0,25.0,21.0,1781033890166334597
1781033890272857603,33,0,8,0,true,0.1099,0.0041,900,8192,0.002,0.002,47.95,0.002,0,0,0.0001,0.0001,0.08,0.0,25.0,21.0,1781033890255550830
1781033890370398197,33,0,8,0,true,0.1103,0.0041,903,8192,0.002,0.002,47.95,0.002,0,0,0.0001,0.0001,0.08,0.0,25.0,21.0,1781033890358909284
1781033890470384422,33,0,8,0,true,0.1108,0.0042,907,8192,0.001,0.001,47.95,0.001,0,0,0.0001,0.0001,0.07,0.0,25.0,21.0,1781033890467311230
1781033890569697356,33,0,8,0,true,0.1111,0.0041,910,8192,0.002,0.002,47.95,0.002,0,0,0.0001,0.0001,0.08,0.0,25.0,21.0,1781033890554297375
1781033890672866637,33,0,8,0,true,0.1115,0.0041,913,8192,0.002,0.002,47.95,0.002,0,0,0.0001,0.0001,0.08,0.0,25.0,21.0,1781033890652586292
1781033890777015904,33,0,8,0,true,0.112,0.004,917,8192,0.002,0.002,47.95,0.002,0,0,0.0002,0.0002,0.1,0.0,25.0,21.0,1781033890759034766
1781033890880885060,33,0,8,0,true,0.1124,0.0041,920,8192,0.001,0.001,47.95,0.001,0,0,0.0001,0.0001,0.06,0.0,25.0,21.0,1781033890869395482
1781033890977871665,33,0,8,0,true,0.1128,0.0041,924,8192,0.001,0.001,47.95,0.001,0,0,0.0001,0.0001,0.07,0.0,25.0,21.0,1781033890969986309
1781033891077605355,33,0,8,0,true,0.1132,0.0042,927,8192,0.003,0.003,47.95,0.003,0,0,0.0002,0.0002,0.14,0.0,25.0,21.0,1781033891065718477
1781033891178361336,33,0,8,0,true,0.1137,0.0041,931,8192,0.002,0.002,47.95,0.002,0,0,0.0002,0.0002,0.1,0.0,25.0,21.0,1781033891174930018
1781033891278112197,33,0,8,0,true,0.114,0.004,934,8192,0.004,0.004,47.95,0.004,0,0,0.0003,0.0003,0.19,0.0,25.0,21.0,1781033891263657537
1781033891377456522,33,0,8,0,true,0.1144,0.0041,937,8192,0.002,0.002,47.95,0.002,0,0,0.0002,0.0002,0.11,0.0,25.0,21.0,1781033891350980909
1781033891478439710,33,0,8,0,true,0.1148,0.0038,940,8192,0.0,0.0,47.95,0.0,0,0,0.0,0.0,0.01,0.0,25.0,21.0,1781033891470288306
1781033891577435412,33,0,8,0,true,0.1151,0.0038,943,8192,0.0,0.0,47.95,0.0,0,0,0.0,0.0,0.02,0.0,25.0,21.0,1781033891556215126
1781033891680879952,33,0,8,0,true,0.1156,0.0039,946,8192,0.0,0.0,47.95,0.0,0,0,0.0,0.0,0.0,0.0,25.0,21.0,1781033891668884462
1781033891780937917,33,0,8,0,true,0.1159,0.0038,949,8192,0.0,0.0,47.95,0.0,0,0,0.0,0.0,0.02,0.0,25.0,21.0,1781033891763879829
1781033891878119473,33,0,8,0,true,0.1164,0.0038,953,8192,0.0,0.0,47.95,0.0,0,0,0.0,0.0,0.01,0.0,25.0,21.0,1781033891876450660
1781033891978462792,33,0,8,0,true,0.1168,0.0039,956,8192,0.0,0.0,47.95,0.0,0,0,0.0,0.0,0.01,0.0,25.0,21.0,1781033891976550014
1781033892078318866,33,0,8,0,true,0.117,0.0038,958,8192,0.0,0.0,47.95,0.0,0,0,0.0,0.0,0.01,0.0,25.0,21.0,1781033892050753650
1781033892180882488,33,0,8,0,true,0.1175,0.0038,962,8192,0.0,0.0,47.95,0.0,0,0,0.0,0.0,0.02,0.0,25.0,21.0,1781033892169345252
1781033892284864951,33,0,8,0,true,0.1179,0.0038,965,8192,0.0,0.0,47.95,0.0,0,0,0.0,0.0,0.01,0.0,25.0,21.0,1781033892274066854
1781033892388866437,33,0,8,0,true,0.1183,0.0039,969,8192,0.0,0.0,47.95,0.0,0,0,0.0,0.0,0.0,0.0,25.0,21.0,1781033892380513450
1781033892486163420,33,0,8,0,true,0.1186,0.0038,971,8192,0.0,0.0,47.95,0.0,0,0,0.0,0.0,0.01,0.0,25.0,21.0,1781033892464281444
1781033892586264270,33,0,8,0,true,0.1191,0.0039,975,8192,0.0,0.0,47.95,0.0,0,0,0.0,0.0,0.0,0.0,25.0,21.0,1781033892575620820
1781033892686135983,33,0,8,0,true,0.1194,0.0038,978,8192,0.0,0.0,47.95,0.0,0,0,0.0,0.0,0.01,0.0,25.0,21.0,1781033892669476156
1781033892785638748,33,0,8,0,true,0.1198,0.0038,981,8192,0.0,0.0,47.95,0.0,0,0,0.0,0.0,0.01,0.0,25.0,21.0,1781033892774844374
1781033892887807707,33,0,8,0,true,0.1202,0.0038,984,8192,0.0,0.0,47.95,0.0,0,0,0.0,0.0,0.0,0.0,25.0,21.0,1781033892877421235
1781033892985617133,33,0,8,0,true,0.1206,0.0039,988,8192,0.001,0.001,47.95,0.001,0,0,0.0001,0.0001,0.06,0.0,25.0,21.0,1781033892979701457
1781033893085595758,33,0,8,0,true,0.1209,0.0038,990,8192,0.0,0.0,47.95,0.0,0,0,0.0,0.0,0.02,0.0,25.0,21.0,1781033893061503897
1781033893186137679,33,0,8,0,true,0.1213,0.0038,993,8192,0.0,0.0,47.95,0.0,0,0,0.0,0.0,0.01,0.0,25.0,21.0,1781033893162291809
1781033893286185660,33,0,8,0,true,0.1218,0.004,997,8192,0.001,0.001,47.95,0.001,0,0,0.0,0.0,0.02,0.0,25.0,21.0,1781033893277051790
1781033893388490450,33,0,8,0,true,0.122,0.0038,999,8192,0.0,0.0,47.95,0.0,0,0,0.0,0.0,0.02,0.0,25.0,21.0,1781033893353968588
1781033893485893562,33,0,8,0,true,0.1225,0.0039,1003,8192,0.0,0.0,47.95,0.0,0,0,0.0,0.0,0.01,0.0,25.0,21.0,1781033893478953477
1781033893588858418,33,0,8,0,true,0.1229,0.0038,1006,8192,0.0,0.0,47.95,0.0,0,0,0.0,0.0,0.01,0.0,25.0,21.0,1781033893569316100
1781033893686917170,33,0,8,0,true,0.1232,0.0038,1009,8192,0.0,0.0,47.95,0.0,0,0,0.0,0.0,0.01,0.0,25.0,21.0,1781033893655356478
1781033893786281633,33,0,8,0,true,0.1237,0.0038,1013,8192,0.001,0.001,47.95,0.001,0,0,0.0,0.0,0.03,0.0,25.0,21.0,1781033893783533371
1781033893887676588,33,0,8,0,true,0.124,0.0039,1016,8192,0.0,0.0,47.95,0.0,0,0,0.0,0.0,0.01,0.0,25.0,21.0,1781033893867475906
1781033893988850057,33,0,8,0,true,0.1245,0.0038,1019,8192,0.0,0.0,47.95,0.0,0,0,0.0,0.0,0.02,0.0,25.0,21.0,1781033893982244102
1781033894092859536,33,0,8,0,true,0.1248,0.0039,1022,8192,0.0,0.0,47.95,0.0,0,0,0.0,0.0,0.01,0.0,25.0,21.0,1781033894061280353
1781033894194504381,33,0,8,0,true,0.1252,0.004,1025,8192,0.0,0.0,47.95,0.0,0,0,0.0,0.0,0.01,0.0,25.0,21.0,1781033894172195175
1781033894294265920,33,0,8,0,true,0.1256,0.0038,1028,8192,0.0,0.0,47.95,0.0,0,0,0.0,0.0,0.0,0.0,25.0,21.0,1781033894268562477
1781033894394496236,33,0,8,0,true,0.126,0.0039,1032,8192,0.0,0.0,47.95,0.0,0,0,0.0,0.0,0.0,0.0,25.0,21.0,1781033894383355069
1781033894493980582,33,0,8,0,true,0.1264,0.0039,1035,8192,0.001,0.001,47.95,0.001,0,0,0.0001,0.0001,0.03,0.0,25.0,21.0,1781033894486764407
1781033894593497433,33,0,8,0,true,0.1268,0.0038,1038,8192,0.001,0.001,47.95,0.001,0,0,0.0,0.0,0.02,0.0,25.0,21.0,1781033894592412629
1781033894693715281,33,0,8,0,true,0.1272,0.0038,1041,8192,0.0,0.0,47.95,0.0,0,0,0.0,0.0,0.01,0.0,25.0,21.0,1781033894685324147
1781033894793910851,33,0,8,0,true,0.1274,0.0039,1044,8192,0.0,0.0,47.95,0.0,0,0,0.0,0.0,0.0,0.0,25.0,21.0,1781033894756717638
1781033894894091015,33,0,8,0,true,0.1279,0.0038,1047,8192,0.0,0.0,47.95,0.0,0,0,0.0,0.0,0.02,0.0,25.0,21.0,1781033894874007960
1781033894994295905,33,0,8,0,true,0.1283,0.0038,1051,8192,0.0,0.0,47.95,0.0,0,0,0.0,0.0,0.02,0.0,25.0,21.0,1781033894984163141
1781033895093651439,33,0,8,0,true,0.1287,0.0038,1054,8192,0.0,0.0,47.95,0.0,0,0,0.0,0.0,0.02,0.0,25.0,21.0,1781033895091409943
1781033895193931106,33,0,8,0,true,0.1291,0.0039,1057,8192,0.0,0.0,47.95,0.0,0,0,0.0,0.0,0.0,0.0,25.0,21.0,1781033895190596019
1781033895297072028,33,0,8,0,true,0.1294,0.0038,1059,8192,0.0,0.0,47.95,0.0,0,0,0.0,0.0,0.01,0.0,25.0,21.0,1781033895263633619
1781033895394338071,33,0,8,0,true,0.1298,0.0039,1063,8192,0.0,0.0,47.95,0.0,0,0,0.0,0.0,0.02,0.0,25.0,21.0,1781033895373809949
1781033895496969461,33,0,8,0,true,0.1302,0.0038,1066,8192,0.0,0.0,47.95,0.0,0,0,0.0,0.0,0.01,0.0,25.0,21.0,1781033895477152168
1781033895594241082,33,0,8,0,true,0.1306,0.0038,1070,8192,0.001,0.001,47.95,0.001,0,0,0.0001,0.0001,0.04,0.0,25.0,21.0,1781033895590404623
1781033895693642603,33,0,8,0,true,0.131,0.0038,1073,8192,0.0,0.0,47.95,0.0,0,0,0.0,0.0,0.0,0.0,25.0,21.0,1781033895686123015
1781033895793945997,33,0,8,0,true,0.1314,0.0039,1076,8192,0.0,0.0,47.95,0.0,0,0,0.0,0.0,0.0,0.0,25.0,21.0,1781033895786465692
1781033895896988858,33,0,8,0,true,0.1318,0.0039,1079,8192,0.001,0.001,47.95,0.001,0,0,0.0001,0.0001,0.06,0.0,25.0,21.0,1781033895877507693
1781033895996905679,33,0,8,0,true,0.1322,0.0038,1082,8192,0.0,0.0,47.95,0.0,0,0,0.0,0.0,0.01,0.0,25.0,21.0,1781033895985738791
1781033896094022231,33,0,8,0,true,0.1325,0.0038,1085,8192,0.0,0.0,47.95,0.0,0,0,0.0,0.0,0.01,0.0,25.0,21.0,1781033896069895903
1781033896196742460,33,0,8,0,true,0.1329,0.0039,1088,8192,0.0,0.0,47.95,0.0,0,0,0.0,0.0,0.01,0.0,25.0,21.0,1781033896181865370
1781033896296961605,33,0,8,0,true,0.1333,0.0038,1091,8192,0.001,0.001,47.95,0.001,0,0,0.0,0.0,0.02,0.0,25.0,21.0,1781033896280280617
1781033896394101009,33,0,8,0,true,0.1337,0.0038,1095,8192,0.0,0.0,47.95,0.0,0,0,0.0,0.0,0.01,0.0,25.0,21.0,1781033896389320519
1781033896493972187,33,0,8,0,true,0.1341,0.004,1098,8192,0.0,0.0,47.95,0.0,0,0,0.0,0.0,0.01,0.0,25.0,21.0,1781033896487836343
1781033896593585623,33,0,8,0,true,0.1345,0.0038,1101,8192,0.0,0.0,47.95,0.0,0,0,0.0,0.0,0.02,0.0,25.0,21.0,1781033896580847235
1781033896694457663,33,0,8,0,true,0.1349,0.0038,1104,8192,0.0,0.0,47.95,0.0,0,0,0.0,0.0,0.01,0.0,25.0,21.0,1781033896683557103
1781033896794151466,33,0,8,0,true,0.1352,0.0039,1107,8192,0.001,0.001,47.95,0.001,0,0,0.0001,0.0001,0.06,0.0,25.0,21.0,1781033896773214280
1781033896894100656,33,0,8,0,true,0.1356,0.0039,1110,8192,0.0,0.0,47.95,0.0,0,0,0.0,0.0,0.01,0.0,25.0,21.0,1781033896874170843
1781033896994164129,33,0,8,0,true,0.136,0.0038,1114,8192,0.0,0.0,47.95,0.0,0,0,0.0,0.0,0.01,0.0,25.0,21.0,1781033896991354412
1781033897094089072,33,0,8,0,true,0.1364,0.0038,1117,8192,0.0,0.0,47.95,0.0,0,0,0.0,0.0,0.02,0.0,25.0,21.0,1781033897092108145
1781033897193704506,33,0,8,0,true,0.1368,0.0038,1120,8192,0.0,0.0,47.95,0.0,0,0,0.0,0.0,0.02,0.0,25.0,21.0,1781033897191076326
1781033897293903056,33,0,8,0,true,0.1371,0.0038,1123,8192,0.0,0.0,47.95,0.0,0,0,0.0,0.0,0.02,0.0,25.0,21.0,1781033897277099641
1781033897396997878,33,0,8,0,true,0.1376,0.0039,1127,8192,0.0,0.0,47.95,0.0,0,0,0.0,0.0,0.01,0.0,25.0,21.0,1781033897391464331
1781033897496915170,33,0,8,0,true,0.1379,0.0038,1130,8192,0.0,0.0,47.95,0.0,0,0,0.0,0.0,0.01,0.0,25.0,21.0,1781033897486453633
1781033897593824437,33,0,8,0,true,0.1384,0.0038,1133,8192,0.001,0.001,47.95,0.001,0,0,0.0001,0.0001,0.05,0.0,25.0,21.0,1781033897593426149
1781033897694512702,33,0,8,0,true,0.1387,0.0038,1136,8192,0.0,0.0,47.95,0.0,0,0,0.0,0.0,0.02,0.0,25.0,21.0,1781033897681108366
1781033897796970798,33,0,8,0,true,0.1391,0.0038,1139,8192,0.0,0.0,47.95,0.0,0,0,0.0,0.0,0.01,0.0,25.0,21.0,1781033897784014327
1781033897893615316,33,0,8,0,true,0.1394,0.0038,1141,8192,0.0,0.0,47.95,0.0,0,0,0.0,0.0,0.01,0.0,25.0,21.0,1781033897859550787
1781033897994345517,33,0,8,0,true,0.1399,0.0039,1145,8192,0.0,0.0,47.95,0.0,0,0,0.0,0.0,0.0,0.0,25.0,21.0,1781033897986445160
1781033898094353252,33,0,8,0,true,0.1403,0.004,1149,8192,0.0,0.0,47.95,0.0,0,0,0.0,0.0,0.01,0.0,25.0,21.0,1781033898091863752
1781033898195629178,33,0,8,0,true,0.1406,0.0038,1152,8192,0.0,0.0,47.95,0.0,0,0,0.0,0.0,0.01,0.0,25.0,21.0,1781033898182155750
1781033898296900940,33,0,8,0,true,0.141,0.0039,1155,8192,0.0,0.0,47.95,0.0,0,0,0.0,0.0,0.01,0.0,25.0,21.0,1781033898286325998
1781033898397565141,33,0,8,0,true,0.1414,0.0039,1158,8192,0.0,0.0,47.95,0.0,0,0,0.0,0.0,0.01,0.0,25.0,21.0,1781033898396244494
1781033898497174921,33,0,8,0,true,0.1417,0.0039,1160,8192,0.0,0.0,47.95,0.0,0,0,0.0,0.0,0.01,0.0,25.0,21.0,1781033898463930410
1781033898594335568,33,0,8,0,true,0.1422,0.0039,1164,8192,0.0,0.0,47.95,0.0,0,0,0.0,0.0,0.0,0.0,25.0,21.0,1781033898585404825
1781033898696987082,33,0,8,0,true,0.1425,0.0038,1167,8192,0.0,0.0,47.95,0.0,0,0,0.0,0.0,0.02,0.0,25.0,21.0,1781033898678639853
1781033898793828659,33,0,8,0,true,0.1429,0.004,1170,8192,0.0,0.0,47.95,0.0,0,0,0.0,0.0,0.01,0.0,25.0,21.0,1781033898781358540
1781033898895336444,33,0,8,0,true,0.1433,0.0039,1174,8192,0.0,0.0,47.95,0.0,0,0,0.0,0.0,0.0,0.0,25.0,21.0,1781033898879664221
1781033898993774873,33,0,8,0,true,0.1437,0.0038,1177,8192,0.0,0.0,47.95,0.0,0,0,0.0,0.0,0.01,0.0,25.0,21.0,1781033898984828150
1781033899093742554,33,0,8,0,true,0.1441,0.0039,1180,8192,0.0,0.0,47.95,0.0,0,0,0.0,0.0,0.01,0.0,25.0,21.0,1781033899085898556
1781033899196980787,33,0,8,0,true,0.1445,0.0038,1183,8192,0.0,0.0,47.95,0.0,0,0,0.0,0.0,0.01,0.0,25.0,21.0,1781033899186393986
1781033899294285398,33,0,8,0,true,0.1449,0.0038,1186,8192,0.001,0.001,47.95,0.001,0,0,0.0001,0.0001,0.05,0.0,25.0,21.0,1781033899287131854
1781033899394305349,33,0,8,0,true,0.1452,0.0039,1189,8192,0.0,0.0,47.95,0.0,0,0,0.0,0.0,0.01,0.0,25.0,21.0,1781033899373368891
1781033899496904536,33,0,8,0,true,0.1456,0.0038,1192,8192,0.0,0.0,47.95,0.0,0,0,0.0,0.0,0.01,0.0,25.0,21.0,1781033899479026797
1781033899596981256,33,0,8,0,true,0.146,0.0038,1196,8192,0.0,0.0,47.95,0.0,0,0,0.0,0.0,0.01,0.0,25.0,21.0,1781033899585228883
1781033899693516449,33,0,8,0,true,0.1464,0.0038,1199,8192,0.0,0.0,47.95,0.0,0,0,0.0,0.0,0.01,0.0,25.0,21.0,1781033899683566548
1781033899793604140,33,0,8,0,true,0.1468,0.0038,1202,8192,0.0,0.0,47.95,0.0,0,0,0.0,0.0,0.0,0.0,25.0,21.0,1781033899789208208
1781033899893718661,33,0,8,0,true,0.1471,0.0038,1205,8192,0.001,0.001,47.95,0.001,0,0,0.0,0.0,0.03,0.0,25.0,21.0,1781033899871603510
1781033899997085624,33,0,8,0,true,0.1475,0.0039,1208,8192,0.0,0.0,47.95,0.0,0,0,0.0,0.0,0.01,0.0,25.0,21.0,1781033899979520821
1781033900094223807,33,0,8,0,true,0.1479,0.0038,1211,8192,0.0,0.0,47.95,0.0,0,0,0.0,0.0,0.02,0.0,25.0,21.0,1781033900082344542
1781033900193571363,33,0,8,0,true,0.1483,0.0038,1215,8192,0.0,0.0,47.95,0.0,0,0,0.0,0.0,0.02,0.0,25.0,21.0,1781033900188474147
1781033900297066114,33,0,8,0,true,0.1487,0.0038,1217,8192,0.0,0.0,47.95,0.0,0,0,0.0,0.0,0.02,0.0,25.0,21.0,1781033900273087940
1781033900394057363,33,0,8,0,true,0.149,0.0038,1220,8192,0.0,0.0,47.95,0.0,0,0,0.0,0.0,0.01,0.0,25.0,21.0,1781033900370094892
1781033900494473613,33,0,8,0,true,0.1494,0.0039,1224,8192,0.0,0.0,47.95,0.0,0,0,0.0,0.0,0.01,0.0,25.0,21.0,1781033900474107399
1781033900594530213,33,0,8,0,true,0.1499,0.0038,1227,8192,0.0,0.0,47.95,0.0,0,0,0.0,0.0,0.01,0.0,25.0,21.0,1781033900581998225
1781033900694005156,33,0,8,0,true,0.1502,0.0039,1230,8192,0.0,0.0,47.95,0.0,0,0,0.0,0.0,0.0,0.0,25.0,21.0,1781033900679632514
1781033900793685403,33,0,8,0,true,0.1507,0.0038,1234,8192,0.0,0.0,47.95,0.0,0,0,0.0,0.0,0.02,0.0,25.0,21.0,1781033900788637066
1781033900894127223,33,0,8,0,true,0.151,0.0038,1236,8192,0.0,0.0,47.95,0.0,0,0,0.0,0.0,0.01,0.0,25.0,21.0,1781033900873608535
1781033900997037353,33,0,8,0,true,0.1514,0.0038,1240,8192,0.0,0.0,47.95,0.0,0,0,0.0,0.0,0.01,0.0,25.0,21.0,1781033900983641553
1781033901093836596,33,0,8,0,true,0.1518,0.0038,1243,8192,0.001,0.001,47.95,0.001,0,0,0.0001,0.0001,0.04,0.0,25.0,21.0,1781033901081280935
1781033901197531442,33,0,8,0,true,0.1522,0.0038,1246,8192,0.0,0.0,47.95,0.0,0,0,0.0,0.0,0.0,0.0,25.0,21.0,1781033901193289394
1781033901294477114,33,0,8,0,true,0.1525,0.0039,1249,8192,0.0,0.0,47.95,0.0,0,0,0.0,0.0,0.01,0.0,25.0,21.0,1781033901281156421
1781033901394186839,33,0,8,0,true,0.153,0.0038,1253,8192,0.0,0.0,47.95,0.0,0,0,0.0,0.0,0.02,0.0,25.0,21.0,1781033901389830774
1781033901496970174,33,0,8,0,true,0.1533,0.0038,1255,8192,0.001,0.001,47.95,0.001,0,0,0.0,0.0,0.03,0.0,25.0,21.0,1781033901474456132
1781033901595419024,33,0,8,0,true,0.1537,0.0039,1258,8192,0.0,0.0,47.95,0.0,0,0,0.0,0.0,0.0,0.0,25.0,21.0,1781033901577291070
1781033901694007932,33,0,8,0,true,0.1541,0.0038,1262,8192,0.0,0.0,47.95,0.0,0,0,0.0,0.0,0.02,0.0,25.0,21.0,1781033901693612998
1781033901793848635,33,0,8,0,true,0.1545,0.0039,1265,8192,0.0,0.0,47.95,0.0,0,0,0.0,0.0,0.0,0.0,25.0,21.0,1781033901777544056
1781033901893707843,33,0,8,0,true,0.1548,0.0038,1268,8192,0.001,0.001,47.95,0.001,0,0,0.0,0.0,0.03,0.0,25.0,21.0,1781033901874167844
1781033901994055499,33,0,8,0,true,0.1552,0.0038,1271,8192,0.0,0.0,47.95,0.0,0,0,0.0,0.0,0.01,0.0,25.0,21.0,1781033901978073951
1781033902093761232,33,0,8,0,true,0.1556,0.0038,1274,8192,0.001,0.001,47.95,0.001,0,0,0.0,0.0,0.03,0.0,25.0,21.0,1781033902067241750
1781033902201319166,33,0,8,0,true,0.1561,0.0039,1278,8192,0.0,0.0,47.95,0.0,0,0,0.0,0.0,0.0,0.0,25.0,21.0,1781033902199006176
1781033902302246670,33,0,8,0,true,0.1564,0.004,1281,8192,0.0,0.0,47.95,0.0,0,0,0.0,0.0,0.01,0.0,25.0,21.0,1781033902283813651
1781033902408891404,33,0,8,0,true,0.1568,0.0038,1284,8192,0.0,0.0,47.95,0.0,0,0,0.0,0.0,0.0,0.0,25.0,21.0,1781033902398885289
1781033902510130919,33,0,8,0,true,0.1573,0.0038,1288,8192,0.0,0.0,47.95,0.0,0,0,0.0,0.0,0.0,0.0,25.0,21.0,1781033902508657809
1781033902610173146,33,0,8,0,true,0.1576,0.0038,1291,8192,0.0,0.0,47.95,0.0,0,0,0.0,0.0,0.02,0.0,25.0,21.0,1781033902605007136
1781033902712881424,33,0,8,0,true,0.158,0.0038,1294,8192,0.0,0.0,47.95,0.0,0,0,0.0,0.0,0.0,0.0,25.0,21.0,1781033902700564694
1781033902809825982,33,0,8,0,true,0.1583,0.0039,1296,8192,0.0,0.0,47.95,0.0,0,0,0.0,0.0,0.01,0.0,25.0,21.0,1781033902781527869
1781033902910402389,33,0,8,0,true,0.1587,0.0038,1300,8192,0.0,0.0,47.95,0.0,0,0,0.0,0.0,0.02,0.0,25.0,21.0,1781033902895618852
1781033903009891090,33,0,8,0,true,0.1591,0.0038,1303,8192,0.0,0.0,47.95,0.0,0,0,0.0,0.0,0.02,0.0,25.0,21.0,1781033902999610240
1781033903111569430,33,0,8,0,true,0.1595,0.0039,1306,8192,0.0,0.0,47.95,0.0,0,0,0.0,0.0,0.01,0.0,25.0,21.0,1781033903095146004
1781033903210428602,33,0,8,0,true,0.1599,0.004,1309,8192,0.0,0.0,47.95,0.0,0,0,0.0,0.0,0.01,0.0,25.0,21.0,1781033903195914091
1781033903312902106,33,0,8,0,true,0.1604,0.0038,1313,8192,0.001,0.001,47.95,0.001,0,0,0.0,0.0,0.03,0.0,25.0,21.0,1781033903313351799
1781033903410125462,33,0,8,0,true,0.1606,0.0038,1316,8192,0.0,0.0,47.95,0.0,0,0,0.0,0.0,0.01,0.0,25.0,21.0,1781033903389921342
1781033903510104979,33,0,8,0,true,0.1611,0.0038,1319,8192,0.0,0.0,47.95,0.0,0,0,0.0,0.0,0.02,0.0,25.0,21.0,1781033903497941206
1781033903609453336,33,0,8,0,true,0.1614,0.0039,1322,8192,0.0,0.0,47.95,0.0,0,0,0.0,0.0,0.0,0.0,25.0,21.0,1781033903586109213
1781033903709562380,33,0,8,0,true,0.1618,0.0039,1325,8192,0.0,0.0,47.95,0.0,0,0,0.0,0.0,0.0,0.0,25.0,21.0,1781033903688501866
1781033903809849250,33,0,8,0,true,0.1622,0.0039,1329,8192,0.0,0.0,47.95,0.0,0,0,0.0,0.0,0.01,0.0,25.0,21.0,1781033903801330646
1781033903912867930,33,0,8,0,true,0.1626,0.0038,1332,8192,0.0,0.0,47.95,0.0,0,0,0.0,0.0,0.01,0.0,25.0,21.0,1781033903897320270
1781033904009561685,33,0,8,0,true,0.1629,0.0039,1334,8192,0.0,0.0,47.95,0.0,0,0,0.0,0.0,0.01,0.0,25.0,21.0,1781033903965824412
1781033904110503774,33,0,8,0,true,0.1633,0.0039,1338,8192,0.0,0.0,47.95,0.0,0,0,0.0,0.0,0.01,0.0,25.0,21.0,1781033904091042885
1781033904209955828,33,0,8,0,true,0.1638,0.0039,1341,8192,0.001,0.001,47.95,0.001,0,0,0.0001,0.0001,0.06,0.0,25.0,21.0,1781033904206329679
1781033904312800136,33,0,8,0,true,0.1642,0.0038,1344,8192,0.0,0.0,47.95,0.0,0,0,0.0,0.0,0.01,0.0,25.0,21.0,1781033904303640290
1781033904412900686,33,0,8,0,true,0.1645,0.0038,1347,8192,0.0,0.0,47.95,0.0,0,0,0.0,0.0,0.02,0.0,25.0,21.0,1781033904386430195
1781033904512879678,33,0,8,0,true,0.1649,0.0039,1350,8192,0.0,0.0,47.95,0.0,0,0,0.0,0.0,0.0,0.0,25.0,21.0,1781033904486163429
1781033904609627059,33,0,8,0,true,0.1653,0.0038,1354,8192,0.001,0.001,47.95,0.001,0,0,0.0,0.0,0.03,0.0,25.0,21.0,1781033904606419953
1781033904709762892,33,0,8,0,true,0.1657,0.0039,1357,8192,0.0,0.0,47.95,0.0,0,0,0.0,0.0,0.01,0.0,25.0,21.0,1781033904693248851
1781033904809662440,33,0,8,0,true,0.1661,0.0039,1360,8192,0.0,0.0,47.95,0.0,0,0,0.0,0.0,0.01,0.0,25.0,21.0,1781033904805760654
1781033904909964769,33,0,8,0,true,0.1664,0.0038,1363,8192,0.0,0.0,47.95,0.0,0,0,0.0,0.0,0.01,0.0,25.0,21.0,1781033904887170982
1781033905010897152,33,0,8,0,true,0.1668,0.0038,1366,8192,0.0,0.0,47.95,0.0,0,0,0.0,0.0,0.02,0.0,25.0,21.0,1781033904993188144
1781033905110037249,33,0,8,0,true,0.1672,0.0038,1369,8192,0.0,0.0,47.95,0.0,0,0,0.0,0.0,0.01,0.0,25.0,21.0,1781033905093116378
1781033905212862735,33,0,8,0,true,0.1676,0.0038,1373,8192,0.0,0.0,47.95,0.0,0,0,0.0,0.0,0.02,0.0,25.0,21.0,1781033905205729288
1781033905309669683,33,0,8,0,true,0.168,0.0038,1376,8192,0.0,0.0,47.95,0.0,0,0,0.0,0.0,0.02,0.0,25.0,21.0,1781033905307081122
1781033905412873351,33,0,8,0,true,0.1684,0.0038,1379,8192,0.001,0.001,47.95,0.001,0,0,0.0001,0.0001,0.05,0.0,25.0,21.0,1781033905406965856
1781033905510135197,33,0,8,0,true,0.1687,0.0038,1382,8192,0.0,0.0,47.95,0.0,0,0,0.0,0.0,0.0,0.0,25.0,21.0,1781033905487776456
1781033905610219963,33,0,8,0,true,0.1691,0.0038,1385,8192,0.0,0.0,47.95,0.0,0,0,0.0,0.0,0.01,0.0,25.0,21.0,1781033905589336051
1781033905710390519,33,0,8,0,true,0.1696,0.0039,1389,8192,0.001,0.001,47.95,0.001,0,0,0.0001,0.0001,0.07,0.0,25.0,21.0,1781033905706161314
1781033905810457744,33,0,8,0,true,0.17,0.0038,1392,8192,0.001,0.001,47.95,0.001,0,0,0.0,0.0,0.02,0.0,25.0,21.0,1781033905808539953
1781033905917280248,33,0,8,0,true,0.1703,0.0039,1394,8192,0.0,0.0,47.95,0.0,0,0,0.0,0.0,0.0,0.0,25.0,21.0,1781033905885520770
1781033906020905763,33,0,8,0,true,0.1707,0.0039,1398,8192,0.0,0.0,47.95,0.0,0,0,0.0,0.0,0.0,0.0,25.0,21.0,1781033906002958916
1781033906118331678,33,0,8,0,true,0.1711,0.0038,1401,8192,0.0,0.0,47.95,0.0,0,0,0.0,0.0,0.01,0.0,25.0,21.0,1781033906101172678
1781033906217504124,33,0,8,0,true,0.1715,0.0038,1404,8192,0.0,0.0,47.95,0.0,0,0,0.0,0.0,0.01,0.0,25.0,21.0,1781033906211413615
1781033906319813202,33,0,8,0,true,0.1719,0.0039,1407,8192,0.0,0.0,47.95,0.0,0,0,0.0,0.0,0.0,0.0,25.0,21.0,1781033906306370634
1781033906418501608,33,0,8,0,true,0.1722,0.0039,1410,8192,0.0,0.0,47.95,0.0,0,0,0.0,0.0,0.01,0.0,25.0,21.0,1781033906397532216
1781033906518250115,33,0,8,0,true,0.1727,0.0039,1414,8192,0.0,0.0,47.95,0.0,0,0,0.0,0.0,0.0,0.0,25.0,21.0,1781033906512577470
1781033906617570404,33,0,8,0,true,0.1731,0.0039,1417,8192,0.0,0.0,47.95,0.0,0,0,0.0,0.0,0.0,0.0,25.0,21.0,1781033906617476773
1781033906717741835,33,0,8,0,true,0.1734,0.0038,1420,8192,0.0,0.0,47.95,0.0,0,0,0.0,0.0,0.01,0.0,25.0,21.0,1781033906701912051
1781033906820833209,33,0,8,0,true,0.1738,0.004,1423,8192,0.0,0.0,47.95,0.0,0,0,0.0,0.0,0.01,0.0,25.0,21.0,1781033906807306072
1781033906920850080,33,0,8,0,true,0.1742,0.0038,1427,8192,0.0,0.0,47.95,0.0,0,0,0.0,0.0,0.01,0.0,25.0,21.0,1781033906911432638
1781033907020895270,33,0,8,0,true,0.1746,0.004,1430,8192,0.0,0.0,47.95,0.0,0,0,0.0,0.0,0.01,0.0,25.0,21.0,1781033907011448481
1781033907117512250,33,0,8,0,true,0.175,0.0039,1433,8192,0.0,0.0,47.95,0.0,0,0,0.0,0.0,0.01,0.0,25.0,21.0,1781033907105545244
1781033907218020160,33,0,8,0,true,0.1753,0.0038,1436,8192,0.0,0.0,47.95,0.0,0,0,0.0,0.0,0.01,0.0,25.0,21.0,1781033907207853805
1781033907318109736,33,0,8,0,true,0.1757,0.0039,1439,8192,0.0,0.0,47.95,0.0,0,0,0.0,0.0,0.0,0.0,25.0,21.0,1781033907308235106
1781033907417967993,33,0,8,0,true,0.1761,0.0039,1442,8192,0.0,0.0,47.95,0.0,0,0,0.0,0.0,0.01,0.0,25.0,21.0,1781033907416586212
1781033907518033445,33,0,8,0,true,0.1765,0.004,1445,8192,0.0,0.0,47.95,0.0,0,0,0.0,0.0,0.01,0.0,25.0,21.0,1781033907506852696
1781033907617493049,33,0,8,0,true,0.1768,0.0038,1448,8192,0.0,0.0,47.95,0.0,0,0,0.0,0.0,0.0,0.0,25.0,21.0,1781033907594327123
1781033907717439200,33,0,8,0,true,0.1772,0.0038,1451,8192,0.001,0.001,47.95,0.001,0,0,0.0001,0.0001,0.05,0.0,25.0,21.0,1781033907686130507
1781033907820893607,33,0,8,0,true,0.1777,0.0038,1455,8192,0.0,0.0,47.95,0.0,0,0,0.0,0.0,0.02,0.0,25.0,21.0,1781033907813354289
1781033907922154301,33,0,8,0,true,0.178,0.0038,1458,8192,0.0,0.0,47.95,0.0,0,0,0.0,0.0,0.02,0.0,25.0,21.0,1781033907895637257
1781033908020799042,33,0,8,0,true,0.1784,0.0039,1461,8192,0.0,0.0,47.95,0.0,0,0,0.0,0.0,0.01,0.0,25.0,21.0,1781033908000289612
1781033908119201988,33,0,8,0,true,0.1788,0.0038,1464,8192,0.001,0.001,47.95,0.001,0,0,0.0001,0.0001,0.03,0.0,25.0,21.0,1781033908105257798
1781033908217803416,33,0,8,0,true,0.1791,0.004,1467,8192,0.0,0.0,47.95,0.0,0,0,0.0,0.0,0.02,0.0,25.0,21.0,1781033908193668391
1781033908317541665,33,0,8,0,true,0.1796,0.0039,1470,8192,0.0,0.0,47.95,0.0,0,0,0.0,0.0,0.0,0.0,25.0,21.0,1781033908302224525
1781033908420549427,33,0,8,0,true,0.1799,0.0038,1473,8192,0.001,0.001,47.95,0.001,0,0,0.0,0.0,0.03,0.0,25.0,21.0,1781033908385761728
1781033908517506735,33,0,8,0,true,0.1802,0.0038,1476,8192,0.001,0.001,47.95,0.001,0,0,0.0,0.0,0.03,0.0,25.0,21.0,1781033908479953965
1781033908618123667,33,0,8,0,true,0.1807,0.0038,1480,8192,0.001,0.001,47.95,0.001,0,0,0.0,0.0,0.03,0.0,25.0,21.0,1781033908600376637
1781033908718353125,33,0,8,0,true,0.1812,0.0038,1484,8192,0.0,0.0,47.95,0.0,0,0,0.0,0.0,0.01,0.0,25.0,21.0,1781033908716250197
1781033908818467214,33,0,8,0,true,0.1815,0.0038,1486,8192,0.0,0.0,47.95,0.0,0,0,0.0,0.0,0.01,0.0,25.0,21.0,1781033908797925701
1781033908918018330,33,0,8,0,true,0.1819,0.0038,1490,8192,0.001,0.001,47.95,0.001,0,0,0.0001,0.0001,0.04,0.0,25.0,21.0,1781033908913121159
1781033909019247070,33,0,8,0,true,0.1822,0.0038,1492,8192,0.001,0.001,47.95,0.001,0,0,0.0001,0.0001,0.03,0.0,25.0,21.0,1781033908993585635
1781033909118308692,33,0,8,0,true,0.1826,0.0038,1496,8192,0.0,0.0,47.95,0.0,0,0,0.0,0.0,0.01,0.0,25.0,21.0,1781033909096994305
1781033909217504879,33,0,8,0,true,0.183,0.004,1499,8192,0.0,0.0,47.95,0.0,0,0,0.0,0.0,0.02,0.0,25.0,21.0,1781033909191914885
1781033909320914816,33,0,8,0,true,0.1834,0.0038,1502,8192,0.0,0.0,47.95,0.0,0,0,0.0,0.0,0.01,0.0,25.0,21.0,1781033909305601126
1781033909417548563,33,0,8,0,true,0.1838,0.0039,1505,8192,0.0,0.0,47.95,0.0,0,0,0.0,0.0,0.0,0.0,25.0,21.0,1781033909413242167
1781033909519210025,33,0,8,0,true,0.1842,0.0039,1508,8192,0.0,0.0,47.95,0.0,0,0,0.0,0.0,0.0,0.0,25.0,21.0,1781033909497366158
1781033909618454623,33,0,8,0,true,0.1846,0.0039,1512,8192,0.0,0.0,47.95,0.0,0,0,0.0,0.0,0.02,0.0,25.0,21.0,1781033909607273330
1781033909720920061,33,0,8,0,true,0.185,0.0038,1515,8192,0.0,0.0,47.95,0.0,0,0,0.0,0.0,0.02,0.0,25.0,21.0,1781033909708618570
1781033909818227586,33,0,8,0,true,0.1854,0.0038,1518,8192,0.001,0.001,47.95,0.001,0,0,0.0001,0.0001,0.04,0.0,25.0,21.0,1781033909813317883
1781033909917476268,33,0,8,0,true,0.1857,0.0039,1521,8192,0.0,0.0,47.95,0.0,0,0,0.0,0.0,0.01,0.0,25.0,21.0,1781033909890470870
1781033910017485947,33,0,8,0,true,0.1861,0.0038,1524,8192,0.001,0.001,47.95,0.001,0,0,0.0001,0.0001,0.04,0.0,25.0,21.0,1781033910001506059
1781033910120882470,33,0,8,0,true,0.1865,0.0038,1527,8192,0.001,0.001,47.95,0.001,0,0,0.0,0.0,0.03,0.0,25.0,21.0,1781033910097460195
1781033910220881842,33,0,8,0,true,0.1868,0.0038,1530,8192,0.001,0.001,47.95,0.001,0,0,0.0,0.0,0.03,0.0,25.0,21.0,1781033910189804052
1781033910318097304,33,0,8,0,true,0.1873,0.0038,1534,8192,0.0,0.0,47.95,0.0,0,0,0.0,0.0,0.01,0.0,25.0,21.0,1781033910313869447
1781033910420884374,33,0,8,0,true,0.1877,0.0038,1537,8192,0.0,0.0,47.95,0.0,0,0,0.0,0.0,0.02,0.0,25.0,21.0,1781033910412375268
1781033910518162620,33,0,8,0,true,0.1881,0.0039,1540,8192,0.0,0.0,47.95,0.0,0,0,0.0,0.0,0.0,0.0,25.0,21.0,1781033910514867717
1781033910618312213,33,0,8,0,true,0.1884,0.0039,1543,8192,0.0,0.0,47.95,0.0,0,0,0.0,0.0,0.0,0.0,25.0,21.0,1781033910605195376
1781033910720859978,33,0,8,0,true,0.1888,0.0038,1546,8192,0.0,0.0,47.95,0.0,0,0,0.0,0.0,0.01,0.0,25.0,21.0,1781033910712672934
1781033910818425812,33,0,8,0,true,0.1892,0.0038,1550,8192,0.001,0.001,47.95,0.001,0,0,0.0,0.0,0.03,0.0,25.0,21.0,1781033910812537709
1781033910921740305,33,0,8,0,true,0.1896,0.0038,1552,8192,0.0,0.0,47.95,0.0,0,0,0.0,0.0,0.01,0.0,25.0,21.0,1781033910902317046
1781033911020893273,33,0,8,0,true,0.1899,0.0038,1555,8192,0.001,0.001,47.95,0.001,0,0,0.0001,0.0001,0.05,0.0,25.0,21.0,1781033911002141313
1781033911117561633,33,0,8,0,true,0.1904,0.0039,1559,8192,0.0,0.0,47.95,0.0,0,0,0.0,0.0,0.01,0.0,25.0,21.0,1781033911117167925
1781033911220880467,33,0,8,0,true,0.1907,0.0038,1562,8192,0.001,0.001,47.95,0.001,0,0,0.0001,0.0001,0.05,0.0,25.0,21.0,1781033911198504456
1781033911317725274,33,0,8,0,true,0.1911,0.0038,1565,8192,0.0,0.0,47.95,0.0,0,0,0.0,0.0,0.01,0.0,25.0,21.0,1781033911309616519
1781033911418754444,33,0,8,0,true,0.1915,0.0038,1569,8192,0.001,0.001,47.95,0.001,0,0,0.0001,0.0001,0.06,0.0,25.0,21.0,1781033911418352417
1781033911524894631,33,0,8,0,true,0.1919,0.0038,1571,8192,0.001,0.001,47.95,0.001,0,0,0.0001,0.0001,0.03,0.0,25.0,21.0,1781033911502574419
1781033911627996029,33,0,8,0,true,0.1922,0.0038,1574,8192,0.0,0.0,47.95,0.0,0,0,0.0,0.0,0.01,0.0,25.0,21.0,1781033911594322267
1781033911725820348,33,0,8,0,true,0.1927,0.0038,1578,8192,0.0,0.0,47.95,0.0,0,0,0.0,0.0,0.01,0.0,25.0,21.0,1781033911708689670
1781033911825889303,33,0,8,0,true,0.193,0.0038,1581,8192,0.0,0.0,47.95,0.0,0,0,0.0,0.0,0.01,0.0,25.0,21.0,1781033911809034204
1781033911926372334,33,0,8,0,true,0.1935,0.0039,1585,8192,0.0,0.0,47.95,0.0,0,0,0.0,0.0,0.01,0.0,25.0,21.0,1781033911921416083
1781033912025785075,33,0,8,0,true,0.1938,0.0038,1587,8192,0.001,0.001,47.95,0.001,0,0,0.0,0.0,0.03,0.0,25.0,21.0,1781033912012129352
1781033912128865149,33,0,8,0,true,0.1942,0.0038,1591,8192,0.001,0.001,47.95,0.001,0,0,0.0001,0.0001,0.05,0.0,25.0,21.0,1781033912118710576
1781033912226530661,33,0,8,0,true,0.1946,0.0038,1594,8192,0.0,0.0,47.95,0.0,0,0,0.0,0.0,0.02,0.0,25.0,21.0,1781033912212616721
1781033912329207221,33,0,8,0,true,0.195,0.0038,1597,8192,0.0,0.0,47.95,0.0,0,0,0.0,0.0,0.01,0.0,25.0,21.0,1781033912323039639
1781033912426089680,33,0,8,0,true,0.1954,0.0038,1600,8192,0.001,0.001,47.95,0.001,0,0,0.0,0.0,0.03,0.0,25.0,21.0,1781033912410715798
1781033912525553970,33,0,8,0,true,0.1957,0.0039,1603,8192,0.0,0.0,47.95,0.0,0,0,0.0,0.0,0.0,0.0,25.0,21.0,1781033912511124864
1781033912626246897,33,0,8,0,true,0.1962,0.0038,1607,8192,0.0,0.0,47.95,0.0,0,0,0.0,0.0,0.02,0.0,25.0,21.0,1781033912622363261
1781033912725843078,33,0,8,0,true,0.1966,0.0038,1610,8192,0.001,0.001,47.95,0.001,0,0,0.0001,0.0001,0.05,0.0,25.0,21.0,1781033912723940842
1781033912826077029,33,0,8,0,true,0.1969,0.0038,1613,8192,0.0,0.0,47.95,0.0,0,0,0.0,0.0,0.0,0.0,25.0,21.0,1781033912821418566
1781033912925654430,33,0,8,0,true,0.1973,0.0039,1616,8192,0.0,0.0,47.95,0.0,0,0,0.0,0.0,0.01,0.0,25.0,21.0,1781033912922241169
1781033913028676672,33,0,8,0,true,0.1977,0.0039,1619,8192,0.0,0.0,47.95,0.0,0,0,0.0,0.0,0.01,0.0,25.0,21.0,1781033913008129749
1781033913128870008,33,0,8,0,true,0.1981,0.0038,1622,8192,0.001,0.001,47.95,0.001,0,0,0.0,0.0,0.03,0.0,25.0,21.0,1781033913122785164
1781033913225450565,33,0,8,0,true,0.1984,0.0038,1625,8192,0.001,0.001,47.95,0.001,0,0,0.0,0.0,0.03,0.0,25.0,21.0,1781033913209991239
1781033913325706916,33,0,8,0,true,0.1988,0.0038,1628,8192,0.001,0.001,47.95,0.001,0,0,0.0001,0.0001,0.03,0.0,25.0,21.0,1781033913313841231
1781033913426312008,33,0,8,0,true,0.1992,0.0038,1632,8192,0.001,0.001,47.95,0.001,0,0,0.0001,0.0001,0.05,0.0,25.0,21.0,1781033913417756935
1781033913525782033,33,0,8,0,true,0.1996,0.0038,1635,8192,0.001,0.001,47.95,0.001,0,0,0.0001,0.0001,0.04,0.0,25.0,21.0,1781033913518470985
1781033913625937337,33,0,8,0,true,0.2,0.0038,1638,8192,0.001,0.001,47.95,0.001,0,0,0.0001,0.0001,0.05,0.0,25.0,21.0,1781033913619051127
1781033913726170519,33,0,8,0,true,0.2003,0.004,1641,8192,0.0,0.0,47.95,0.0,0,0,0.0,0.0,0.02,0.0,25.0,21.0,1781033913705787865
1781033913826152245,33,0,8,0,true,0.2007,0.0038,1644,8192,0.0,0.0,47.95,0.0,0,0,0.0,0.0,0.02,0.0,25.0,21.0,1781033913809786456
1781033913925881957,33,0,8,0,true,0.2011,0.0039,1647,8192,0.0,0.0,47.95,0.0,0,0,0.0,0.0,0.01,0.0,25.0,21.0,1781033913893299661
1781033914028886249,33,0,8,0,true,0.2016,0.0039,1651,8192,0.0,0.0,47.95,0.0,0,0,0.0,0.0,0.0,0.0,25.0,21.0,1781033914023055763
1781033914126166362,33,0,8,0,true,0.2019,0.0038,1653,8192,0.0,0.0,47.95,0.0,0,0,0.0,0.0,0.01,0.0,25.0,21.0,1781033914103338893
1781033914225747958,33,0,8,0,true,0.2023,0.0038,1657,8192,0.001,0.001,47.95,0.001,0,0,0.0001,0.0001,0.03,0.0,25.0,21.0,1781033914213725600
1781033914328872843,33,0,8,0,true,0.2027,0.0038,1660,8192,0.001,0.001,47.95,0.001,0,0,0.0,0.0,0.02,0.0,25.0,21.0,1781033914317539651
1781033914425479395,33,0,8,0,true,0.203,0.0038,1663,8192,0.0,0.0,47.95,0.0,0,0,0.0,0.0,0.02,0.0,25.0,21.0,1781033914405429735
1781033914526142090,33,0,8,0,true,0.2034,0.0038,1666,8192,0.001,0.001,47.95,0.001,0,0,0.0,0.0,0.02,0.0,25.0,21.0,1781033914507896999
1781033914628868944,33,0,8,0,true,0.2038,0.0039,1669,8192,0.0,0.0,47.95,0.0,0,0,0.0,0.0,0.0,0.0,25.0,21.0,1781033914612531840
1781033914728873501,33,0,8,0,true,0.2042,0.0038,1673,8192,0.001,0.001,47.95,0.001,0,0,0.0001,0.0001,0.03,0.0,25.0,21.0,1781033914717909946
1781033914826148326,33,0,8,0,true,0.2046,0.0038,1675,8192,0.001,0.001,47.95,0.001,0,0,0.0001,0.0001,0.04,0.0,25.0,21.0,1781033914802080026
1781033914928890866,33,0,8,0,true,0.205,0.0038,1679,8192,0.001,0.001,47.95,0.001,0,0,0.0001,0.0001,0.03,0.0,25.0,21.0,1781033914919928213
1781033915025561733,33,0,8,0,true,0.2053,0.0038,1681,8192,0.001,0.001,47.95,0.001,0,0,0.0001,0.0001,0.03,0.0,25.0,21.0,1781033914992226811
1781033915126417972,33,0,8,0,true,0.2057,0.004,1685,8192,0.0,0.0,47.95,0.0,0,0,0.0,0.0,0.01,0.0,25.0,21.0,1781033915110891973
1781033915225724677,33,0,8,0,true,0.2061,0.0038,1688,8192,0.001,0.001,47.95,0.001,0,0,0.0001,0.0001,0.03,0.0,25.0,21.0,1781033915199922665
1781033915325776441,33,0,8,0,true,0.2065,0.0038,1691,8192,0.0,0.0,47.95,0.0,0,0,0.0,0.0,0.0,0.0,25.0,21.0,1781033915320618116
1781033915428893279,33,0,8,0,true,0.2069,0.0039,1694,8192,0.0,0.0,47.95,0.0,0,0,0.0,0.0,0.01,0.0,25.0,21.0,1781033915410403861
1781033915526357144,33,0,8,0,true,0.2073,0.0038,1697,8192,0.0,0.0,47.95,0.0,0,0,0.0,0.0,0.0,0.0,25.0,21.0,1781033915511384225
1781033915626013764,33,0,8,0,true,0.2077,0.0038,1701,8192,0.0,0.0,47.95,0.0,0,0,0.0,0.0,0.01,0.0,25.0,21.0,1781033915612867563
1781033915725951875,33,0,8,0,true,0.208,0.0038,1704,8192,0.0,0.0,47.95,0.0,0,0,0.0,0.0,0.02,0.0,25.0,21.0,1781033915708762526
1781033915826174300,33,0,8,0,true,0.2084,0.0039,1707,8192,0.0,0.0,47.95,0.0,0,0,0.0,0.0,0.01,0.0,25.0,21.0,1781033915813419073
1781033915927779006,33,0,8,0,true,0.2088,0.0038,1710,8192,0.0,0.0,47.95,0.0,0,0,0.0,0.0,0.0,0.0,25.0,21.0,1781033915907174346
1781033916025886550,33,0,8,0,true,0.2092,0.0038,1713,8192,0.0,0.0,47.95,0.0,0,0,0.0,0.0,0.01,0.0,25.0,21.0,1781033916019453705
1781033916125752974,33,0,8,0,true,0.2096,0.0038,1716,8192,0.0,0.0,47.95,0.0,0,0,0.0,0.0,0.01,0.0,25.0,21.0,1781033916105795505
1781033916226081742,33,0,8,0,true,0.21,0.0038,1720,8192,0.0,0.0,47.95,0.0,0,0,0.0,0.0,0.01,0.0,25.0,21.0,1781033916218726413
1781033916325853211,33,0,8,0,true,0.2103,0.0039,1723,8192,0.0,0.0,47.95,0.0,0,0,0.0,0.0,0.01,0.0,25.0,21.0,1781033916311921061
1781033916428873485,33,0,8,0,true,0.2107,0.0038,1726,8192,0.0,0.0,47.95,0.0,0,0,0.0,0.0,0.01,0.0,25.0,21.0,1781033916412166514
1781033916525991372,33,0,8,0,true,0.2111,0.004,1729,8192,0.0,0.0,47.95,0.0,0,0,0.0,0.0,0.01,0.0,25.0,21.0,1781033916517029578
1781033916626509180,33,0,8,0,true,0.2115,0.0038,1732,8192,0.0,0.0,47.95,0.0,0,0,0.0,0.0,0.01,0.0,25.0,21.0,1781033916600623800
1781033916725969700,33,0,8,0,true,0.2119,0.0038,1735,8192,0.0,0.0,47.95,0.0,0,0,0.0,0.0,0.02,0.0,25.0,21.0,1781033916716580959
1781033916825680828,33,0,8,0,true,0.2123,0.0039,1739,8192,0.0,0.0,47.95,0.0,0,0,0.0,0.0,0.01,0.0,25.0,21.0,1781033916824559287
1781033916926569932,33,0,8,0,true,0.2127,0.0038,1742,8192,0.0,0.0,47.95,0.0,0,0,0.0,0.0,0.02,0.0,25.0,21.0,1781033916910065742
1781033917028866591,33,0,8,0,true,0.2131,0.0039,1745,8192,0.0,0.0,47.95,0.0,0,0,0.0,0.0,0.01,0.0,25.0,21.0,1781033917019714987
1781033917128861491,33,0,8,0,true,0.2135,0.0038,1748,8192,0.001,0.001,47.95,0.001,0,0,0.0001,0.0001,0.06,0.0,25.0,21.0,1781033917120471288
1781033917226056149,33,0,8,0,true,0.2138,0.0039,1751,8192,0.0,0.0,47.95,0.0,0,0,0.0,0.0,0.01,0.0,25.0,21.0,1781033917215289736
1781033917326119736,33,0,8,0,true,0.2143,0.0038,1755,8192,0.0,0.0,47.95,0.0,0,0,0.0,0.0,0.02,0.0,25.0,21.0,1781033917324719539
1781033917426051066,33,0,8,0,true,0.2146,0.004,1757,8192,0.0,0.0,47.95,0.0,0,0,0.0,0.0,0.01,0.0,25.0,21.0,1781033917414033203
1781033917526082652,33,0,8,0,true,0.215,0.0038,1761,8192,0.001,0.001,47.95,0.001,0,0,0.0001,0.0001,0.04,0.0,25.0,21.0,1781033917517214429
1781033917625499288,33,0,8,0,true,0.2154,0.0038,1764,8192,0.001,0.001,47.95,0.001,0,0,0.0001,0.0001,0.03,0.0,25.0,21.0,1781033917624672975
1781033917728890254,33,0,8,0,true,0.2158,0.0038,1767,8192,0.001,0.001,47.95,0.001,0,0,0.0001,0.0001,0.03,0.0,25.0,21.0,1781033917717384144
1781033917826195452,33,0,8,0,true,0.216,0.0025,1769,8192,0.008,0.008,47.95,0.008,0,0,0.0007,0.0007,0.41,0.0,25.0,21.0,1781033917799270347
1781033917927040775,33,0,8,0,true,0.2163,0.0023,1771,8192,0.003,0.003,47.95,0.003,0,0,0.0002,0.0002,0.14,0.0,25.0,21.0,1781033917895336134
1781033918026308381,33,0,8,0,true,0.2165,0.0024,1773,8192,0.0,0.0,47.95,0.0,0,0,0.0,0.0,0.02,0.0,25.0,21.0,1781033918019134684
1781033918126165078,33,0,8,0,true,0.2168,0.0023,1775,8192,0.004,0.004,47.95,0.004,0,0,0.0004,0.0004,0.21,0.0,25.0,21.0,1781033918107839736
1781033918228619104,33,0,8,0,true,0.217,0.0023,1777,8192,0.006,0.006,47.95,0.006,0,0,0.0005,0.0005,0.27,0.0,25.0,21.0,1781033918215098382
1781033918326129975,33,0,8,0,true,0.2172,0.0024,1779,8192,0.005,0.005,47.95,0.005,0,0,0.0004,0.0004,0.26,0.0,25.0,21.0,1781033918303903005
1781033918425490933,33,0,8,0,true,0.2174,0.0023,1781,8192,0.001,0.001,47.95,0.001,0,0,0.0001,0.0001,0.05,0.0,25.0,21.0,1781033918401382163
1781033918526776953,33,0,8,0,true,0.2177,0.0022,1783,8192,0.005,0.005,47.95,0.005,0,0,0.0004,0.0004,0.24,0.0,25.0,21.0,1781033918522489411
1781033918625871913,33,0,8,0,true,0.2179,0.0024,1785,8192,0.006,0.006,47.95,0.006,0,0,0.0005,0.0005,0.3,0.0,25.0,21.0,1781033918605320634
1781033918725796080,33,0,8,0,true,0.2182,0.0023,1787,8192,0.006,0.006,47.95,0.006,0,0,0.0005,0.0005,0.27,0.0,25.0,21.0,1781033918720418670
1781033918828910856,33,0,8,0,true,0.2184,0.0024,1789,8192,0.006,0.006,47.95,0.006,0,0,0.0005,0.0005,0.29,0.0,25.0,21.0,1781033918820587578
1781033918926538734,33,0,8,0,true,0.2186,0.0023,1791,8192,0.002,0.002,47.95,0.002,0,0,0.0002,0.0002,0.11,0.0,25.0,21.0,1781033918919799551
1781033919028872026,33,0,8,0,true,0.2189,0.0024,1792,8192,0.007,0.007,47.95,0.007,0,0,0.0006,0.0006,0.32,0.0,25.0,21.0,1781033919012963608
1781033919128875427,33,0,8,0,true,0.2191,0.0023,1794,8192,0.001,0.001,47.95,0.001,0,0,0.0001,0.0001,0.03,0.0,25.0,21.0,1781033919119988005
1781033919225595299,33,0,8,0,true,0.2193,0.0023,1796,8192,0.002,0.002,47.95,0.002,0,0,0.0001,0.0001,0.07,0.0,25.0,21.0,1781033919218770484
1781033919326490355,33,0,8,0,true,0.2196,0.0022,1798,8192,0.007,0.007,47.95,0.007,0,0,0.0006,0.0006,0.32,0.0,25.0,21.0,1781033919324527619
1781033919425878979,33,0,8,0,true,0.2197,0.0022,1799,8192,0.005,0.005,47.95,0.005,0,0,0.0004,0.0004,0.25,0.0,25.0,21.0,1781033919393812684
1781033919529361153,33,0,8,0,true,0.22,0.0022,1802,8192,0.007,0.007,47.95,0.007,0,0,0.0006,0.0006,0.33,0.0,25.0,21.0,1781033919506775709
1781033919628866841,33,0,8,0,true,0.2202,0.0023,1803,8192,0.008,0.008,47.95,0.008,0,0,0.0006,0.0006,0.37,0.0,25.0,21.0,1781033919610107115
1781033919726415319,33,0,8,0,true,0.2204,0.0021,1805,8192,0.007,0.007,47.95,0.007,0,0,0.0006,0.0006,0.35,0.0,25.0,21.0,1781033919706453058
1781033919830022037,33,0,8,0,true,0.2206,0.0021,1807,8192,0.007,0.007,47.95,0.007,0,0,0.0006,0.0006,0.35,0.0,25.0,21.0,1781033919790918742
1781033919931114908,33,0,8,0,true,0.2209,0.0022,1809,8192,0.007,0.007,47.95,0.007,0,0,0.0006,0.0006,0.34,0.0,25.0,21.0,1781033919907052297
1781033920032868023,33,0,8,0,true,0.2211,0.0022,1811,8192,0.005,0.005,47.95,0.005,0,0,0.0004,0.0004,0.22,0.0,25.0,21.0,1781033920006243978
1781033920131172709,33,0,8,0,true,0.2213,0.0022,1812,8192,0.008,0.008,47.95,0.008,0,0,0.0007,0.0007,0.38,0.0,25.0,21.0,1781033920113486619
1781033920231507729,33,0,8,0,true,0.2216,0.0022,1815,8192,0.009,0.009,47.95,0.009,0,0,0.0007,0.0007,0.43,0.0,25.0,21.0,1781033920227329082
1781033920331091319,33,0,8,0,true,0.2217,0.0022,1816,8192,0.003,0.003,47.95,0.003,0,0,0.0002,0.0002,0.13,0.0,25.0,21.0,1781033920302869011
1781033920431265894,33,0,8,0,true,0.2219,0.0021,1818,8192,0.007,0.007,47.95,0.007,0,0,0.0006,0.0006,0.32,0.0,25.0,21.0,1781033920399737247
1781033920531554607,33,0,8,0,true,0.2222,0.0023,1820,8192,0.009,0.009,47.95,0.009,0,0,0.0008,0.0008,0.45,0.0,25.0,21.0,1781033920517769994
1781033920630813757,33,0,8,0,true,0.2224,0.0022,1822,8192,0.009,0.009,47.95,0.009,0,0,0.0007,0.0007,0.43,0.0,25.0,21.0,1781033920620393135
1781033920732887294,33,0,8,0,true,0.2226,0.0021,1823,8192,0.007,0.007,47.95,0.007,0,0,0.0006,0.0006,0.33,0.0,25.0,21.0,1781033920705423804
1781033920837051633,33,0,8,0,true,0.2228,0.0021,1825,8192,0.008,0.008,47.95,0.008,0,0,0.0006,0.0006,0.36,0.0,25.0,21.0,1781033920813891146
1781033920937504226,33,0,8,0,true,0.2231,0.0021,1827,8192,0.009,0.009,47.95,0.009,0,0,0.0007,0.0007,0.43,0.0,25.0,21.0,1781033920933528428
1781033921037495750,33,0,8,0,true,0.2233,0.0021,1829,8192,0.009,0.009,47.95,0.009,0,0,0.0008,0.0008,0.43,0.0,25.0,21.0,1781033921036853709
1781033921139694253,33,0,8,0,true,0.2235,0.0022,1830,8192,0.003,0.003,47.95,0.003,0,0,0.0002,0.0002,0.14,0.0,25.0,21.0,1781033921135448400
1781033921238027821,33,0,8,0,true,0.2237,0.0021,1832,8192,0.01,0.01,47.95,0.01,0,0,0.0008,0.0008,0.46,0.0,25.0,21.0,1781033921217925154
1781033921337484384,33,0,8,0,true,0.2239,0.0021,1834,8192,0.005,0.005,47.95,0.005,0,0,0.0004,0.0004,0.23,0.0,25.0,21.0,1781033921317196008
1781033921441318226,33,0,8,0,true,0.2241,0.002,1836,8192,0.011,0.011,47.95,0.011,0,0,0.0009,0.0009,0.52,0.0,25.0,21.0,1781033921426266833
1781033921537757369,33,0,8,0,true,0.2243,0.002,1837,8192,0.01,0.01,47.95,0.01,0,0,0.0008,0.0008,0.47,0.0,25.0,21.0,1781033921514007567
1781033921644864655,33,0,8,0,true,0.2245,0.002,1839,8192,0.008,0.008,47.95,0.008,0,0,0.0007,0.0007,0.39,0.0,25.0,21.0,1781033921617351584
1781033921746383952,33,0,8,0,true,0.2248,0.0021,1841,8192,0.006,0.006,47.95,0.006,0,0,0.0005,0.0005,0.29,0.0,25.0,21.0,1781033921727197362
1781033921845645507,33,0,8,0,true,0.225,0.002,1843,8192,0.01,0.01,47.95,0.01,0,0,0.0009,0.0009,0.49,0.0,25.0,21.0,1781033921833547336
1781033921946432098,33,0,8,0,true,0.2252,0.002,1844,8192,0.011,0.011,47.95,0.011,0,0,0.0009,0.0009,0.55,0.0,25.0,21.0,1781033921942230809
1781033922046176201,33,0,8,0,true,0.2254,0.0021,1846,8192,0.01,0.01,47.95,0.01,0,0,0.0009,0.0009,0.5,0.0,25.0,21.0,1781033922043340290
1781033922145765287,33,0,8,0,true,0.2256,0.002,1848,8192,0.011,0.011,47.95,0.011,0,0,0.0009,0.0009,0.53,0.0,25.0,21.0,1781033922137708632
1781033922246073152,33,0,8,0,true,0.2258,0.002,1849,8192,0.011,0.011,47.95,0.011,0,0,0.0009,0.0009,0.51,0.0,25.0,21.0,1781033922237757264
1781033922348607792,33,0,8,0,true,0.226,0.002,1851,8192,0.01,0.01,47.95,0.01,0,0,0.0009,0.0009,0.49,0.0,25.0,21.0,1781033922330974644
1781033922446165168,33,0,8,0,true,0.2262,0.002,1853,8192,0.01,0.01,47.95,0.01,0,0,0.0009,0.0009,0.49,0.0,25.0,21.0,1781033922427330996
1781033922552855585,33,0,8,0,true,0.2264,0.002,1854,8192,0.011,0.011,47.95,0.011,0,0,0.0009,0.0009,0.5,0.0,25.0,21.0,1781033922538639585
1781033922654279120,33,0,8,0,true,0.2266,0.002,1856,8192,0.011,0.011,47.95,0.011,0,0,0.0009,0.0009,0.51,0.0,25.0,21.0,1781033922646365626
1781033922758039885,33,0,8,0,true,0.2269,0.002,1858,8192,0.011,0.011,47.95,0.011,0,0,0.0009,0.0009,0.53,0.0,25.0,21.0,1781033922757212821
1781033922860327969,33,0,8,0,true,0.227,0.002,1859,8192,0.011,0.011,47.95,0.011,0,0,0.0009,0.0009,0.53,0.0,25.0,21.0,1781033922837484006
1781033922960893088,33,0,8,0,true,0.2273,0.002,1861,8192,0.011,0.011,47.95,0.011,0,0,0.0009,0.0009,0.53,0.0,25.0,21.0,1781033922945983568
1781033923060864580,33,0,8,0,true,0.2275,0.002,1863,8192,0.011,0.011,47.95,0.011,0,0,0.0009,0.0009,0.55,0.0,25.0,21.0,1781033923045793896
1781033923160872024,33,0,8,0,true,0.2277,0.002,1865,8192,0.011,0.011,47.95,0.011,0,0,0.0009,0.0009,0.53,0.0,25.0,21.0,1781033923151344387
1781033923259232760,33,0,8,0,true,0.2279,0.0022,1866,8192,0.012,0.012,47.95,0.012,0,0,0.001,0.001,0.55,0.0,25.0,21.0,1781033923250867502
1781033923358546215,33,0,8,0,true,0.2281,0.002,1868,8192,0.012,0.012,47.95,0.012,0,0,0.001,0.001,0.56,0.0,25.0,21.0,1781033923347245284
1781033923459318826,33,0,8,0,true,0.2282,0.002,1869,8192,0.012,0.012,47.95,0.012,0,0,0.001,0.001,0.57,0.0,25.0,21.0,1781033923429814825
1781033923560207881,33,0,8,0,true,0.2285,0.0021,1871,8192,0.012,0.012,47.95,0.012,0,0,0.001,0.001,0.56,0.0,25.0,21.0,1781033923537804772
1781033923658459771,33,0,8,0,true,0.2286,0.0019,1873,8192,0.012,0.012,47.95,0.012,0,0,0.001,0.001,0.56,0.0,25.0,21.0,1781033923636431066
1781033923759334864,33,0,8,0,true,0.2289,0.002,1875,8192,0.012,0.012,47.95,0.012,0,0,0.001,0.001,0.57,0.0,25.0,21.0,1781033923756084545
1781033923858435354,33,0,8,0,true,0.2291,0.0019,1876,8192,0.012,0.012,47.95,0.012,0,0,0.001,0.001,0.57,0.0,25.0,21.0,1781033923857270626
1781033923958965163,33,0,8,0,true,0.2292,0.002,1877,8192,0.012,0.012,47.95,0.012,0,0,0.001,0.001,0.58,0.0,25.0,21.0,1781033923939798010
1781033924058604592,33,0,8,0,true,0.2294,0.0019,1879,8192,0.012,0.012,47.95,0.012,0,0,0.001,0.001,0.58,0.0,25.0,21.0,1781033924041447672
1781033924160887708,33,0,8,0,true,0.2297,0.0019,1881,8192,0.012,0.012,47.95,0.012,0,0,0.001,0.001,0.58,0.0,25.0,21.0,1781033924150296249
1781033924260944454,33,0,8,0,true,0.2299,0.002,1883,8192,0.012,0.012,47.95,0.012,0,0,0.001,0.001,0.59,0.0,25.0,21.0,1781033924249158646
1781033924358503308,33,0,8,0,true,0.2301,0.002,1884,8192,0.012,0.012,47.95,0.012,0,0,0.001,0.001,0.59,0.0,25.0,21.0,1781033924350607939
1781033924459336120,33,0,8,0,true,0.2302,0.0019,1886,8192,0.012,0.012,47.95,0.012,0,0,0.001,0.001,0.6,0.0,25.0,21.0,1781033924433455829
1781033924560888551,33,0,8,0,true,0.2304,0.0022,1887,8192,0.013,0.013,47.95,0.013,0,0,0.001,0.001,0.6,0.0,25.0,21.0,1781033924542867074
1781033924659030388,33,0,8,0,true,0.2307,0.0021,1889,8192,0.013,0.013,47.95,0.013,0,0,0.0011,0.0011,0.61,0.0,25.0,21.0,1781033924653395213
1781033924760932034,33,0,8,0,true,0.2309,0.0019,1891,8192,0.013,0.013,47.95,0.013,0,0,0.0011,0.0011,0.61,0.0,25.0,21.0,1781033924741371365
1781033924858908058,33,0,8,0,true,0.231,0.0019,1892,8192,0.012,0.012,47.95,0.012,0,0,0.001,0.001,0.59,0.0,25.0,21.0,1781033924826810981
1781033924958496816,33,0,8,0,true,0.2313,0.002,1894,8192,0.013,0.013,47.95,0.013,0,0,0.0011,0.0011,0.63,0.0,25.0,21.0,1781033924957490240
1781033925060880981,33,0,8,0,true,0.2315,0.0019,1896,8192,0.013,0.013,47.95,0.013,0,0,0.0011,0.0011,0.62,0.0,25.0,21.0,1781033925051124864
1781033925160898688,33,0,8,0,true,0.2317,0.0019,1897,8192,0.013,0.013,47.95,0.013,0,0,0.0011,0.0011,0.62,0.0,25.0,21.0,1781033925152246837
1781033925258782934,33,0,8,0,true,0.2319,0.002,1899,8192,0.013,0.013,47.95,0.013,0,0,0.0011,0.0011,0.62,0.0,25.0,21.0,1781033925250051924
1781033925358547779,33,0,8,0,true,0.2321,0.0019,1900,8192,0.013,0.013,47.95,0.013,0,0,0.0011,0.0011,0.62,0.0,25.0,21.0,1781033925353713462
1781033925462770123,33,0,8,0,true,0.2322,0.002,1902,8192,0.013,0.013,47.95,0.013,0,0,0.0011,0.0011,0.64,0.0,25.0,21.0,1781033925447352929
1781033925560931549,33,0,8,0,true,0.2324,0.0019,1903,8192,0.013,0.013,47.95,0.013,0,0,0.0011,0.0011,0.64,0.0,25.0,21.0,1781033925534737909
1781033925658964326,33,0,8,0,true,0.2326,0.0019,1905,8192,0.013,0.013,47.95,0.013,0,0,0.0011,0.0011,0.64,0.0,25.0,21.0,1781033925656244961
1781033925758742710,33,0,8,0,true,0.2328,0.002,1907,8192,0.014,0.014,47.95,0.014,0,0,0.0011,0.0011,0.65,0.0,25.0,21.0,1781033925748535721
1781033925858710204,33,0,8,0,true,0.233,0.0019,1908,8192,0.013,0.013,47.95,0.013,0,0,0.0011,0.0011,0.64,0.0,25.0,21.0,1781033925855425261
1781033925960884214,33,0,8,0,true,0.2332,0.0019,1910,8192,0.013,0.013,47.95,0.013,0,0,0.0011,0.0011,0.63,0.0,25.0,21.0,1781033925940536086
1781033926059733238,33,0,8,0,true,0.2334,0.0019,1911,8192,0.014,0.014,47.95,0.014,0,0,0.0011,0.0011,0.66,0.0,25.0,21.0,1781033926049556531
1781033926159286768,33,0,8,0,true,0.2336,0.0019,1913,8192,0.014,0.014,47.95,0.014,0,0,0.0011,0.0011,0.66,0.0,25.0,21.0,1781033926151291094
1781033926260964947,33,0,8,0,true,0.2338,0.0018,1915,8192,0.014,0.014,47.95,0.014,0,0,0.0011,0.0011,0.66,0.0,25.0,21.0,1781033926253854525
1781033926360885173,33,0,8,0,true,0.234,0.0019,1916,8192,0.014,0.014,47.95,0.014,0,0,0.0012,0.0012,0.67,0.0,25.0,21.0,1781033926350143787
1781033926458943255,33,0,8,0,true,0.2342,0.0018,1918,8192,0.014,0.014,47.95,0.014,0,0,0.0012,0.0012,0.67,0.0,25.0,21.0,1781033926452087316
1781033926559286614,33,0,8,0,true,0.2343,0.0019,1919,8192,0.014,0.014,47.95,0.014,0,0,0.0012,0.0012,0.67,0.0,25.0,21.0,1781033926540659170
1781033926659204329,33,0,8,0,true,0.2345,0.0019,1921,8192,0.014,0.014,47.95,0.014,0,0,0.0012,0.0012,0.67,0.0,25.0,21.0,1781033926643311387
1781033926759382915,33,0,8,0,true,0.2347,0.0018,1922,8192,0.014,0.014,47.95,0.014,0,0,0.0012,0.0012,0.67,0.0,25.0,21.0,1781033926753292402
1781033926859188130,33,0,8,0,true,0.2349,0.0019,1924,8192,0.014,0.014,47.95,0.014,0,0,0.0012,0.0012,0.67,0.0,25.0,21.0,1781033926848967811
1781033926958625356,33,0,8,0,true,0.2351,0.0019,1926,8192,0.014,0.014,47.95,0.014,0,0,0.0012,0.0012,0.69,0.0,25.0,21.0,1781033926954619216
1781033927060889051,33,0,8,0,true,0.2353,0.0019,1927,8192,0.014,0.014,47.95,0.014,0,0,0.0012,0.0012,0.67,0.0,25.0,21.0,1781033927052048016
1781033927160867037,33,0,8,0,true,0.2355,0.0021,1928,8192,0.014,0.014,47.95,0.014,0,0,0.0012,0.0012,0.69,0.0,25.0,21.0,1781033927139712781
1781033927261478180,33,0,8,0,true,0.2357,0.0019,1930,8192,0.014,0.014,47.95,0.014,0,0,0.0012,0.0012,0.67,0.0,25.0,21.0,1781033927253330295
1781033927359157472,33,0,8,0,true,0.2359,0.0021,1932,8192,0.014,0.014,47.95,0.014,0,0,0.0012,0.0012,0.7,0.0,25.0,21.0,1781033927347548242
1781033927460851391,33,0,8,0,true,0.2361,0.0019,1933,8192,0.014,0.014,47.95,0.014,0,0,0.0012,0.0012,0.69,0.0,25.0,21.0,1781033927455147336
1781033927560929082,33,0,8,0,true,0.2363,0.0019,1935,8192,0.015,0.015,47.95,0.015,0,0,0.0012,0.0012,0.7,0.0,25.0,21.0,1781033927542454580
1781033927661278640,33,0,8,0,true,0.2364,0.0019,1936,8192,0.015,0.015,47.95,0.015,0,0,0.0012,0.0012,0.7,0.0,25.0,21.0,1781033927637743182
1781033927758811080,33,0,8,0,true,0.2367,0.0019,1938,8192,0.015,0.015,47.95,0.015,0,0,0.0012,0.0012,0.7,0.0,25.0,21.0,1781033927754594867
1781033927861881456,33,0,8,0,true,0.2368,0.0019,1939,8192,0.014,0.014,47.95,0.014,0,0,0.0012,0.0012,0.68,0.0,25.0,21.0,1781033927834055121
1781033927959057914,33,0,8,0,true,0.237,0.0019,1941,8192,0.015,0.015,47.95,0.015,0,0,0.0012,0.0012,0.71,0.0,25.0,21.0,1781033927956468344
1781033928060874985,33,0,8,0,true,0.2372,0.0019,1943,8192,0.015,0.015,47.95,0.015,0,0,0.0012,0.0012,0.71,0.0,25.0,21.0,1781033928039875591
1781033928160883729,33,0,8,0,true,0.2374,0.0018,1944,8192,0.015,0.015,47.95,0.015,0,0,0.0012,0.0012,0.71,0.0,25.0,21.0,1781033928154334756
1781033928258762313,33,0,8,0,true,0.2376,0.002,1946,8192,0.015,0.015,47.95,0.015,0,0,0.0013,0.0013,0.73,0.0,25.0,21.0,1781033928253740148
1781033928360890247,33,0,8,0,true,0.2378,0.0019,1947,8192,0.015,0.015,47.95,0.015,0,0,0.0012,0.0012,0.72,0.0,25.0,21.0,1781033928350148053
1781033928460903270,33,0,8,0,true,0.238,0.002,1949,8192,0.015,0.015,47.95,0.015,0,0,0.0013,0.0013,0.73,0.0,25.0,21.0,1781033928447448681
1781033928564883717,33,0,8,0,true,0.2382,0.0021,1951,8192,0.015,0.015,47.95,0.015,0,0,0.0013,0.0013,0.73,0.0,25.0,21.0,1781033928552276569
1781033928668872695,33,0,8,0,true,0.2384,0.0019,1952,8192,0.016,0.016,47.95,0.016,0,0,0.0013,0.0013,0.74,0.0,25.0,21.0,1781033928653101608
1781033928766449977,33,0,8,0,true,0.2386,0.002,1954,8192,0.015,0.015,47.95,0.015,0,0,0.0013,0.0013,0.73,0.0,25.0,21.0,1781033928758254673
1781033928868862956,33,0,8,0,true,0.2388,0.0019,1955,8192,0.015,0.015,47.95,0.015,0,0,0.0013,0.0013,0.73,0.0,25.0,21.0,1781033928847493838
1781033928967869914,33,0,8,0,true,0.239,0.0018,1957,8192,0.015,0.015,47.95,0.015,0,0,0.0013,0.0013,0.74,0.0,25.0,21.0,1781033928960504423
1781033929066230435,33,0,8,0,true,0.2391,0.0021,1959,8192,0.016,0.016,47.95,0.016,0,0,0.0013,0.0013,0.75,0.0,25.0,21.0,1781033929045771256
1781033929168888375,33,0,8,0,true,0.2394,0.002,1960,8192,0.016,0.016,47.95,0.016,0,0,0.0013,0.0013,0.75,0.0,25.0,21.0,1781033929159983283
1781033929268863806,33,0,8,0,true,0.2395,0.0019,1962,8192,0.016,0.016,47.95,0.016,0,0,0.0013,0.0013,0.75,0.0,25.0,21.0,1781033929252534880
1781033929366134186,33,0,8,0,true,0.2397,0.0019,1963,8192,0.016,0.016,47.95,0.016,0,0,0.0013,0.0013,0.75,0.0,25.0,21.0,1781033929357164506
1781033929466253173,33,0,8,0,true,0.2399,0.0018,1965,8192,0.015,0.015,47.95,0.015,0,0,0.0013,0.0013,0.73,0.0,25.0,21.0,1781033929454119993
1781033929568878127,33,0,8,0,true,0.2401,0.0019,1966,8192,0.016,0.016,47.95,0.016,0,0,0.0013,0.0013,0.76,0.0,25.0,21.0,1781033929557754692
1781033929669818216,33,0,8,0,true,0.2403,0.0018,1968,8192,0.016,0.016,47.95,0.016,0,0,0.0013,0.0013,0.75,0.0,25.0,21.0,1781033929638380586
1781033929768871822,33,0,8,0,true,0.2405,0.0018,1969,8192,0.016,0.016,47.95,0.016,0,0,0.0013,0.0013,0.76,0.0,25.0,21.0,1781033929744485988
1781033929865661108,33,0,8,0,true,0.2407,0.0018,1971,8192,0.016,0.016,47.95,0.016,0,0,0.0013,0.0013,0.76,0.0,25.0,21.0,1781033929850214569
1781033929966220926,33,0,8,0,true,0.2408,0.0018,1972,8192,0.016,0.016,47.95,0.016,0,0,0.0013,0.0013,0.76,0.0,25.0,21.0,1781033929937391114
1781033930066466932,33,0,8,0,true,0.241,0.002,1974,8192,0.016,0.016,47.95,0.016,0,0,0.0013,0.0013,0.76,0.0,25.0,21.0,1781033930055432573
1781033930165931708,33,0,8,0,true,0.2412,0.0019,1976,8192,0.016,0.016,47.95,0.016,0,0,0.0013,0.0013,0.76,0.0,25.0,21.0,1781033930155779233
1781033930268858982,33,0,8,0,true,0.2414,0.0018,1977,8192,0.016,0.016,47.95,0.016,0,0,0.0013,0.0013,0.77,0.0,25.0,21.0,1781033930256346872
1781033930368844674,33,0,8,0,true,0.2416,0.0019,1979,8192,0.016,0.016,47.95,0.016,0,0,0.0013,0.0013,0.77,0.0,25.0,21.0,1781033930356769821
1781033930465659167,33,0,8,0,true,0.2418,0.0018,1980,8192,0.016,0.016,47.95,0.016,0,0,0.0013,0.0013,0.77,0.0,25.0,21.0,1781033930461408775
1781033930566000775,33,0,8,0,true,0.2419,0.002,1982,8192,0.016,0.016,47.95,0.016,0,0,0.0013,0.0013,0.77,0.0,25.0,21.0,1781033930538733310
1781033930668852001,33,0,8,0,true,0.2422,0.0019,1983,8192,0.016,0.016,47.95,0.016,0,0,0.0014,0.0014,0.78,0.0,25.0,21.0,1781033930657220490
1781033930766184330,33,0,8,0,true,0.2424,0.0018,1985,8192,0.016,0.016,47.95,0.016,0,0,0.0013,0.0013,0.78,0.0,25.0,21.0,1781033930760089216
1781033930868866463,33,0,8,0,true,0.2425,0.0019,1986,8192,0.016,0.016,47.95,0.016,0,0,0.0013,0.0013,0.78,0.0,25.0,21.0,1781033930848745828
1781033930965938512,33,0,8,0,true,0.2427,0.0018,1988,8192,0.016,0.016,47.95,0.016,0,0,0.0014,0.0014,0.78,0.0,25.0,21.0,1781033930949727570
1781033931068848034,33,0,8,0,true,0.2429,0.0019,1989,8192,0.016,0.016,47.95,0.016,0,0,0.0014,0.0014,0.79,0.0,25.0,21.0,1781033931057962296
1781033931166185932,33,0,8,0,true,0.2431,0.0019,1991,8192,0.017,0.017,47.95,0.017,0,0,0.0014,0.0014,0.79,0.0,25.0,21.0,1781033931165779511
1781033931266476452,33,0,8,0,true,0.2433,0.002,1993,8192,0.017,0.017,47.95,0.017,0,0,0.0014,0.0014,0.79,0.0,25.0,21.0,1781033931262614994
1781033931366426925,33,0,8,0,true,0.2434,0.0018,1994,8192,0.016,0.016,47.95,0.016,0,0,0.0014,0.0014,0.79,0.0,25.0,21.0,1781033931340818712
1781033931466150183,33,0,8,0,true,0.2437,0.0018,1996,8192,0.017,0.017,47.95,0.017,0,0,0.0014,0.0014,0.79,0.0,25.0,21.0,1781033931457647639
1781033931566104417,33,0,8,0,true,0.2438,0.0018,1997,8192,0.016,0.016,47.95,0.016,0,0,0.0013,0.0013,0.78,0.0,25.0,21.0,1781033931554116591
1781033931668871125,33,0,8,0,true,0.244,0.0018,1998,8192,0.016,0.016,47.95,0.016,0,0,0.0013,0.0013,0.78,0.0,25.0,21.0,1781033931656537404
1781033931768855161,33,0,8,0,true,0.2442,0.002,2000,8192,0.017,0.017,47.95,0.017,0,0,0.0014,0.0014,0.8,0.0,25.0,21.0,1781033931755973337
1781033931865944444,33,0,8,0,true,0.2444,0.0019,2002,8192,0.017,0.017,47.95,0.017,0,0,0.0014,0.0014,0.8,0.0,25.0,21.0,1781033931855081521
1781033931965746204,33,0,8,0,true,0.2446,0.0019,2003,8192,0.017,0.017,47.95,0.017,0,0,0.0014,0.0014,0.8,0.0,25.0,21.0,1781033931959677323
1781033932066401202,33,0,8,0,true,0.2448,0.0019,2005,8192,0.017,0.017,47.95,0.017,0,0,0.0014,0.0014,0.81,0.0,25.0,21.0,1781033932058405259
1781033932167926236,33,0,8,0,true,0.2449,0.0019,2006,8192,0.017,0.017,47.95,0.017,0,0,0.0014,0.0014,0.81,0.0,25.0,21.0,1781033932142367200
1781033932266003729,33,0,8,0,true,0.2451,0.0019,2008,8192,0.017,0.017,47.95,0.017,0,0,0.0014,0.0014,0.81,0.0,25.0,21.0,1781033932257386369
1781033932367137707,33,0,8,0,true,0.2453,0.0018,2009,8192,0.017,0.017,47.95,0.017,0,0,0.0014,0.0014,0.8,0.0,25.0,21.0,1781033932366424348
1781033932468864161,33,0,8,0,true,0.2455,0.002,2011,8192,0.017,0.017,47.95,0.017,0,0,0.0014,0.0014,0.81,0.0,25.0,21.0,1781033932457457540
1781033932566262323,33,0,8,0,true,0.2457,0.0019,2012,8192,0.017,0.017,47.95,0.017,0,0,0.0014,0.0014,0.81,0.0,25.0,21.0,1781033932554385597
1781033932665886470,33,0,8,0,true,0.2459,0.0018,2014,8192,0.017,0.017,47.95,0.017,0,0,0.0014,0.0014,0.81,0.0,25.0,21.0,1781033932636387431
1781033932766265789,33,0,8,0,true,0.2461,0.002,2015,8192,0.017,0.017,47.95,0.017,0,0,0.0014,0.0014,0.82,0.0,25.0,21.0,1781033932742016322
1781033932868862077,33,0,8,0,true,0.2463,0.002,2017,8192,0.017,0.017,47.95,0.017,0,0,0.0014,0.0014,0.82,0.0,25.0,21.0,1781033932858140275
1781033932966769578,33,0,8,0,true,0.2465,0.0018,2018,8192,0.017,0.017,47.95,0.017,0,0,0.0014,0.0014,0.82,0.0,25.0,21.0,1781033932949746257
1781033933065579191,33,0,8,0,true,0.2466,0.0018,2020,8192,0.017,0.017,47.95,0.017,0,0,0.0014,0.0014,0.82,0.0,25.0,21.0,1781033933050171212
1781033933166172025,33,0,8,0,true,0.2468,0.0019,2021,8192,0.017,0.017,47.95,0.017,0,0,0.0014,0.0014,0.82,0.0,25.0,21.0,1781033933149415305
1781033933268857093,33,0,8,0,true,0.247,0.002,2023,8192,0.017,0.017,47.95,0.017,0,0,0.0014,0.0014,0.83,0.0,25.0,21.0,1781033933257265864
1781033933365570186,33,0,8,0,true,0.2472,0.0018,2024,8192,0.017,0.017,47.95,0.017,0,0,0.0014,0.0014,0.82,0.0,25.0,21.0,1781033933337075887
1781033933468430475,33,0,8,0,true,0.2474,0.0018,2026,8192,0.017,0.017,47.95,0.017,0,0,0.0014,0.0014,0.82,0.0,25.0,21.0,1781033933448161552
1781033933565669332,33,0,8,0,true,0.2476,0.0018,2028,8192,0.017,0.017,47.94,0.017,0,0,0.0014,0.0014,0.83,0.0,25.0,21.0,1781033933562165655
1781033933665494797,33,0,8,0,true,0.2478,0.0019,2029,8192,0.017,0.017,47.94,0.017,0,0,0.0014,0.0014,0.83,0.0,25.0,21.0,1781033933653212136
1781033933768862610,33,0,8,0,true,0.2479,0.0019,2031,8192,0.017,0.017,47.94,0.017,0,0,0.0014,0.0014,0.83,0.0,25.0,21.0,1781033933757209406
1781033933866306169,33,0,8,0,true,0.2481,0.0018,2032,8192,0.017,0.017,47.94,0.017,0,0,0.0014,0.0014,0.83,0.0,25.0,21.0,1781033933863954037
1781033933966108790,33,0,8,0,true,0.2483,0.0019,2034,8192,0.017,0.017,47.94,0.017,0,0,0.0014,0.0014,0.83,0.0,25.0,21.0,1781033933962462239
1781033934067662954,33,0,8,0,true,0.2485,0.0018,2035,8192,0.017,0.017,47.94,0.017,0,0,0.0014,0.0014,0.84,0.0,25.0,21.0,1781033934056099193
1781033934166056033,33,0,8,0,true,0.2487,0.0018,2037,8192,0.017,0.017,47.94,0.017,0,0,0.0014,0.0014,0.84,0.0,25.0,21.0,1781033934156803755
1781033934266156747,33,0,8,0,true,0.2489,0.0018,2038,8192,0.018,0.018,47.94,0.018,0,0,0.0015,0.0015,0.84,0.0,25.0,21.0,1781033934263958828
1781033934367601596,33,0,8,0,true,0.2491,0.0018,2040,8192,0.017,0.017,47.94,0.017,0,0,0.0014,0.0014,0.83,0.0,25.0,21.0,1781033934360370705
1781033934466505214,33,0,8,0,true,0.2492,0.0019,2041,8192,0.018,0.018,47.94,0.018,0,0,0.0015,0.0015,0.84,0.0,25.0,21.0,1781033934453249657
1781033934566461411,33,0,8,0,true,0.2494,0.002,2043,8192,0.018,0.018,47.94,0.018,0,0,0.0015,0.0015,0.85,0.0,25.0,21.0,1781033934557533094
1781033934666886528,33,0,8,0,true,0.2496,0.0018,2044,8192,0.018,0.018,47.94,0.018,0,0,0.0015,0.0015,0.84,0.0,25.0,21.0,1781033934654864189
1781033934766151878,33,0,8,0,true,0.2498,0.0018,2046,8192,0.018,0.018,47.94,0.018,0,0,0.0015,0.0015,0.84,0.0,25.0,21.0,1781033934746132734
1781033934865943651,33,0,8,0,true,0.25,0.0018,2047,8192,0.018,0.018,47.94,0.018,0,0,0.0015,0.0015,0.84,0.0,25.0,21.0,1781033934865113308
1781033934966666522,33,0,8,0,true,0.2502,0.0018,2049,8192,0.018,0.018,47.94,0.018,0,0,0.0015,0.0015,0.84,0.0,25.0,21.0,1781033934959997144
1781033935066163799,33,0,8,0,true,0.2503,0.0018,2050,8192,0.018,0.018,47.94,0.018,0,0,0.0015,0.0015,0.85,0.0,25.0,21.0,1781033935049390619
1781033935167010949,33,0,8,0,true,0.2505,0.0019,2052,8192,0.018,0.018,47.94,0.018,0,0,0.0015,0.0015,0.86,0.0,25.0,21.0,1781033935151957422
1781033935265451650,33,0,8,0,true,0.2507,0.0018,2053,8192,0.018,0.018,47.94,0.018,0,0,0.0015,0.0015,0.85,0.0,25.0,21.0,1781033935249553810
1781033935366220730,33,0,8,0,true,0.2509,0.002,2055,8192,0.018,0.018,47.94,0.018,0,0,0.0015,0.0015,0.86,0.0,25.0,21.0,1781033935354586175
1781033935466243566,33,0,8,0,true,0.2511,0.0018,2056,8192,0.018,0.018,47.94,0.018,0,0,0.0015,0.0015,0.86,0.0,25.0,21.0,1781033935454218675
1781033935566163910,33,0,8,0,true,0.2512,0.0018,2057,8192,0.018,0.018,47.94,0.018,0,0,0.0015,0.0015,0.85,0.0,25.0,21.0,1781033935536678884
1781033935666159554,33,0,8,0,true,0.2514,0.0018,2059,8192,0.018,0.018,47.94,0.018,0,0,0.0015,0.0015,0.86,0.0,25.0,21.0,1781033935648523680
1781033935765676539,33,0,8,0,true,0.2516,0.0018,2061,8192,0.018,0.018,47.94,0.018,0,0,0.0015,0.0015,0.85,0.0,25.0,21.0,1781033935749008481
1781033935866015424,33,0,8,0,true,0.2518,0.0018,2062,8192,0.018,0.018,47.94,0.018,0,0,0.0015,0.0015,0.86,0.0,25.0,21.0,1781033935835056261
1781033935965873811,33,0,8,0,true,0.252,0.0018,2064,8192,0.018,0.018,47.94,0.018,0,0,0.0015,0.0015,0.86,0.0,25.0,21.0,1781033935956314596
1781033936065611255,33,0,8,0,true,0.2522,0.0018,2066,8192,0.018,0.018,47.94,0.018,0,0,0.0015,0.0015,0.86,0.0,25.0,21.0,1781033936063451893
1781033936166185929,33,0,8,0,true,0.2523,0.0018,2067,8192,0.018,0.018,47.94,0.018,0,0,0.0015,0.0015,0.86,0.0,25.0,21.0,1781033936145599921
1781033936265929223,33,0,8,0,true,0.2526,0.0019,2068,8192,0.018,0.018,47.94,0.018,0,0,0.0015,0.0015,0.86,0.0,25.0,21.0,1781033936259861036
1781033936365628178,33,0,8,0,true,0.2527,0.0019,2070,8192,0.018,0.018,47.94,0.018,0,0,0.0015,0.0015,0.87,0.0,25.0,21.0,1781033936353073870
1781033936465626895,33,0,8,0,true,0.2529,0.0018,2071,8192,0.018,0.018,47.94,0.018,0,0,0.0015,0.0015,0.87,0.0,25.0,21.0,1781033936459446516
1781033936566375317,33,0,8,0,true,0.2531,0.0019,2073,8192,0.018,0.018,47.94,0.018,0,0,0.0015,0.0015,0.87,0.0,25.0,21.0,1781033936558476704
1781033936665452826,33,0,8,0,true,0.2531,0.0018,2073,8192,0.018,0.018,47.94,0.018,0,0,0.0015,0.0015,0.87,0.0,25.0,21.0,1781033936571247321
1781033936771171118,33,0,8,0,true,0.2535,0.0018,2076,8192,0.018,0.018,47.94,0.018,0,0,0.0015,0.0015,0.87,0.0,25.0,21.0,1781033936762770022
1781033936872426750,33,0,8,0,true,0.2537,0.0019,2077,8192,0.018,0.018,47.94,0.018,0,0,0.0015,0.0015,0.87,0.0,25.0,21.0,1781033936860106247
1781033936972117307,33,0,8,0,true,0.2538,0.0018,2079,8192,0.018,0.018,47.94,0.018,0,0,0.0015,0.0015,0.87,0.0,25.0,21.0,1781033936953551663
1781033937076998991,33,0,8,0,true,0.254,0.0018,2080,8192,0.018,0.018,47.94,0.018,0,0,0.0015,0.0015,0.87,0.0,25.0,21.0,1781033937059372076
1781033937178157958,33,0,8,0,true,0.2542,0.0019,2082,8192,0.018,0.018,47.94,0.018,0,0,0.0015,0.0015,0.87,0.0,25.0,21.0,1781033937161702043
1781033937277752293,33,0,8,0,true,0.2544,0.0018,2084,8192,0.018,0.018,47.94,0.018,0,0,0.0015,0.0015,0.88,0.0,25.0,21.0,1781033937275276074
1781033937380881485,33,0,8,0,true,0.2546,0.0019,2085,8192,0.018,0.018,47.94,0.018,0,0,0.0015,0.0015,0.88,0.0,25.0,21.0,1781033937366594088
1781033937477523535,33,0,8,0,true,0.2548,0.0018,2087,8192,0.018,0.018,47.94,0.018,0,0,0.0015,0.0015,0.87,0.0,25.0,21.0,1781033937471922217
1781033937577905132,33,0,8,0,true,0.2549,0.0018,2088,8192,0.018,0.018,47.94,0.018,0,0,0.0015,0.0015,0.87,0.0,25.0,21.0,1781033937550395089
1781033937678194267,33,0,8,0,true,0.2551,0.0018,2090,8192,0.018,0.018,47.94,0.018,0,0,0.0015,0.0015,0.87,0.0,25.0,21.0,1781033937674201663
1781033937780896000,33,0,8,0,true,0.2553,0.002,2091,8192,0.018,0.018,47.94,0.018,0,0,0.0015,0.0015,0.88,0.0,25.0,21.0,1781033937763843798
1781033937877587911,33,0,8,0,true,0.2555,0.0018,2093,8192,0.018,0.018,47.94,0.018,0,0,0.0015,0.0015,0.88,0.0,25.0,21.0,1781033937872158531
1781033937981187335,33,0,8,0,true,0.2557,0.0019,2094,8192,0.018,0.018,47.94,0.018,0,0,0.0015,0.0015,0.88,0.0,25.0,21.0,1781033937975981318
1781033938077768224,33,0,8,0,true,0.2559,0.0019,2096,8192,0.018,0.018,47.94,0.018,0,0,0.0015,0.0015,0.88,0.0,25.0,21.0,1781033938076050857
1781033938177531942,33,0,8,0,true,0.2561,0.0019,2097,8192,0.018,0.018,47.94,0.018,0,0,0.0015,0.0015,0.88,0.0,25.0,21.0,1781033938177223570
1781033938277800706,33,0,8,0,true,0.2562,0.0018,2099,8192,0.018,0.018,47.94,0.018,0,0,0.0015,0.0015,0.88,0.0,25.0,21.0,1781033938263770065
1781033938380852167,33,0,8,0,true,0.2564,0.0019,2100,8192,0.018,0.018,47.94,0.018,0,0,0.0015,0.0015,0.89,0.0,25.0,21.0,1781033938371761239
1781033938477824974,33,0,8,0,true,0.2566,0.0018,2101,8192,0.018,0.018,47.94,0.018,0,0,0.0015,0.0015,0.88,0.0,25.0,21.0,1781033938453365035
1781033938579030275,33,0,8,0,true,0.2568,0.0018,2103,8192,0.019,0.019,47.94,0.019,0,0,0.0015,0.0015,0.89,0.0,25.0,21.0,1781033938555265216
1781033938678061240,33,0,8,0,true,0.257,0.0018,2105,8192,0.019,0.019,47.94,0.019,0,0,0.0015,0.0015,0.89,0.0,25.0,21.0,1781033938673473845
1781033938778008110,33,0,8,0,true,0.2571,0.0018,2106,8192,0.019,0.019,47.94,0.019,0,0,0.0015,0.0015,0.89,0.0,25.0,21.0,1781033938762879761
1781033938878486697,33,0,8,0,true,0.2573,0.0018,2107,8192,0.018,0.018,47.94,0.018,0,0,0.0015,0.0015,0.88,0.0,25.0,21.0,1781033938856293177
1781033938977485253,33,0,8,0,true,0.2575,0.0018,2109,8192,0.019,0.019,47.94,0.019,0,0,0.0015,0.0015,0.89,0.0,25.0,21.0,1781033938972592326
1781033939077819131,33,0,8,0,true,0.2577,0.0018,2110,8192,0.019,0.019,47.94,0.019,0,0,0.0015,0.0015,0.89,0.0,25.0,21.0,1781033939059855221
1781033939177848833,33,0,8,0,true,0.2578,0.0018,2112,8192,0.018,0.018,47.94,0.018,0,0,0.0015,0.0015,0.89,0.0,25.0,21.0,1781033939150296309
1781033939280899496,33,0,8,0,true,0.2581,0.0019,2113,8192,0.019,0.019,47.94,0.019,0,0,0.0015,0.0015,0.89,0.0,25.0,21.0,1781033939260684963
1781033939380883793,33,0,8,0,true,0.2582,0.0018,2115,8192,0.019,0.019,47.94,0.019,0,0,0.0015,0.0015,0.89,0.0,25.0,21.0,1781033939365773174
1781033939478078754,33,0,8,0,true,0.2584,0.0018,2116,8192,0.019,0.019,47.94,0.019,0,0,0.0016,0.0016,0.9,0.0,25.0,21.0,1781033939448585890
1781033939580880749,33,0,8,0,true,0.2586,0.0019,2118,8192,0.019,0.019,47.94,0.019,0,0,0.0016,0.0016,0.9,0.0,25.0,21.0,1781033939573159244
1781033939678083669,33,0,8,0,true,0.2588,0.0018,2120,8192,0.019,0.019,47.94,0.019,0,0,0.0016,0.0016,0.9,0.0,25.0,21.0,1781033939668883632
1781033939777663791,33,0,8,0,true,0.2589,0.0018,2121,8192,0.019,0.019,47.94,0.019,0,0,0.0015,0.0015,0.89,0.0,25.0,21.0,1781033939756868688
1781033939877600355,33,0,8,0,true,0.2591,0.0019,2122,8192,0.019,0.019,47.94,0.019,0,0,0.0016,0.0016,0.9,0.0,25.0,21.0,1781033939842855201
1781033939977527540,33,0,8,0,true,0.2593,0.0018,2124,8192,0.019,0.019,47.94,0.019,0,0,0.0016,0.0016,0.9,0.0,25.0,21.0,1781033939957893741
1781033940077474003,33,0,8,0,true,0.2595,0.0018,2125,8192,0.019,0.019,47.94,0.019,0,0,0.0016,0.0016,0.9,0.0,25.0,21.0,1781033940051511122
1781033940178485638,33,0,8,0,true,0.2597,0.0019,2127,8192,0.019,0.019,47.94,0.019,0,0,0.0016,0.0016,0.9,0.0,25.0,21.0,1781033940175790181
1781033940277754728,33,0,8,0,true,0.2599,0.0018,2129,8192,0.019,0.019,47.94,0.019,0,0,0.0016,0.0016,0.9,0.0,25.0,21.0,1781033940273107834
1781033940377435320,33,0,8,0,true,0.2601,0.0018,2130,8192,0.019,0.019,47.94,0.019,0,0,0.0016,0.0016,0.9,0.0,25.0,21.0,1781033940369657031
1781033940479882268,33,0,8,0,true,0.2603,0.0018,2132,8192,0.019,0.019,47.94,0.019,0,0,0.0016,0.0016,0.9,0.0,25.0,21.0,1781033940479343092
1781033940580899250,33,0,8,0,true,0.2604,0.0018,2133,8192,0.019,0.019,47.94,0.019,0,0,0.0016,0.0016,0.9,0.0,25.0,21.0,1781033940559984577
1781033940677991660,33,0,8,0,true,0.2606,0.0018,2134,8192,0.019,0.019,47.94,0.019,0,0,0.0016,0.0016,0.91,0.0,25.0,21.0,1781033940669878761
1781033940777962293,33,0,8,0,true,0.2608,0.0018,2136,8192,0.019,0.019,47.94,0.019,0,0,0.0016,0.0016,0.9,0.0,25.0,21.0,1781033940752428215
1781033940880870448,33,0,8,0,true,0.261,0.0018,2138,8192,0.019,0.019,47.94,0.019,0,0,0.0016,0.0016,0.9,0.0,25.0,21.0,1781033940875941307
1781033940980895003,33,0,8,0,true,0.2612,0.0018,2139,8192,0.019,0.019,47.94,0.019,0,0,0.0016,0.0016,0.9,0.0,25.0,21.0,1781033940967163357
1781033941078129427,33,0,8,0,true,0.2613,0.0019,2140,8192,0.019,0.019,47.94,0.019,0,0,0.0016,0.0016,0.91,0.0,25.0,21.0,1781033941070136143
1781033941178127885,33,0,8,0,true,0.2615,0.0018,2142,8192,0.019,0.019,47.94,0.019,0,0,0.0016,0.0016,0.91,0.0,25.0,21.0,1781033941170992959
1781033941277565262,33,0,8,0,true,0.2617,0.0018,2143,8192,0.019,0.019,47.94,0.019,0,0,0.0016,0.0016,0.91,0.0,25.0,21.0,1781033941253394798
1781033941378507398,33,0,8,0,true,0.2619,0.0018,2145,8192,0.019,0.019,47.94,0.019,0,0,0.0016,0.0016,0.91,0.0,25.0,21.0,1781033941350761994
1781033941478370142,33,0,8,0,true,0.2621,0.0019,2146,8192,0.019,0.019,47.94,0.019,0,0,0.0016,0.0016,0.91,0.0,25.0,21.0,1781033941471251949
1781033941580890123,33,0,8,0,true,0.2622,0.0018,2148,8192,0.019,0.019,47.94,0.019,0,0,0.0016,0.0016,0.91,0.0,25.0,21.0,1781033941552076788
1781033941678250396,33,0,8,0,true,0.2624,0.0018,2149,8192,0.019,0.019,47.94,0.019,0,0,0.0016,0.0016,0.91,0.0,25.0,21.0,1781033941672950990
1781033941780866556,33,0,8,0,true,0.2626,0.0018,2151,8192,0.019,0.019,47.94,0.019,0,0,0.0016,0.0016,0.91,0.0,25.0,21.0,1781033941773222526
1781033941877525241,33,0,8,0,true,0.2628,0.0018,2152,8192,0.019,0.019,47.94,0.019,0,0,0.0016,0.0016,0.92,0.0,25.0,21.0,1781033941874523993
1781033941977889440,33,0,8,0,true,0.263,0.0019,2154,8192,0.019,0.019,47.94,0.019,0,0,0.0016,0.0016,0.92,0.0,25.0,21.0,1781033941961533359
1781033942077454272,33,0,8,0,true,0.2632,0.0018,2155,8192,0.019,0.019,47.94,0.019,0,0,0.0016,0.0016,0.91,0.0,25.0,21.0,1781033942072466366
1781033942180843393,33,0,8,0,true,0.2633,0.0019,2157,8192,0.019,0.019,47.94,0.019,0,0,0.0016,0.0016,0.92,0.0,25.0,21.0,1781033942167442457
1781033942277853960,33,0,8,0,true,0.2635,0.0019,2158,8192,0.019,0.019,47.94,0.019,0,0,0.0016,0.0016,0.92,0.0,25.0,21.0,1781033942274634497
1781033942377463853,33,0,8,0,true,0.2637,0.0018,2160,8192,0.019,0.019,47.94,0.019,0,0,0.0016,0.0016,0.92,0.0,25.0,21.0,1781033942373097869
1781033942478382776,33,0,8,0,true,0.2639,0.0018,2161,8192,0.019,0.019,47.94,0.019,0,0,0.0016,0.0016,0.92,0.0,25.0,21.0,1781033942467866980
1781033942577490395,33,0,8,0,true,0.264,0.0018,2163,8192,0.019,0.019,47.94,0.019,0,0,0.0016,0.0016,0.92,0.0,25.0,21.0,1781033942558023699
1781033942677789295,33,0,8,0,true,0.2643,0.0018,2164,8192,0.019,0.019,47.94,0.019,0,0,0.0016,0.0016,0.92,0.0,25.0,21.0,1781033942671687751
1781033942778024852,33,0,8,0,true,0.2644,0.0018,2166,8192,0.019,0.019,47.94,0.019,0,0,0.0016,0.0016,0.92,0.0,25.0,21.0,1781033942773476387
1781033942878090028,33,0,8,0,true,0.2646,0.0019,2167,8192,0.019,0.019,47.94,0.019,0,0,0.0016,0.0016,0.92,0.0,25.0,21.0,1781033942861555808
1781033942978330357,33,0,8,0,true,0.2648,0.0019,2169,8192,0.019,0.019,47.94,0.019,0,0,0.0016,0.0016,0.93,0.0,25.0,21.0,1781033942976234014
1781033943077942566,33,0,8,0,true,0.265,0.0018,2170,8192,0.019,0.019,47.94,0.019,0,0,0.0016,0.0016,0.92,0.0,25.0,21.0,1781033943057235760
1781033943178015534,33,0,8,0,true,0.2651,0.0018,2172,8192,0.019,0.019,47.94,0.019,0,0,0.0016,0.0016,0.92,0.0,25.0,21.0,1781033943157258403
1781033943277544728,33,0,8,0,true,0.2654,0.0018,2173,8192,0.019,0.019,47.94,0.019,0,0,0.0016,0.0016,0.92,0.0,25.0,21.0,1781033943275865378
1781033943377427494,33,0,8,0,true,0.2655,0.0018,2175,8192,0.019,0.019,47.94,0.019,0,0,0.0016,0.0016,0.92,0.0,25.0,21.0,1781033943361196519
1781033943477468934,33,0,8,0,true,0.2657,0.0018,2176,8192,0.019,0.019,47.94,0.019,0,0,0.0016,0.0016,0.93,0.0,25.0,21.0,1781033943456633816
1781033943580960878,33,0,8,0,true,0.2659,0.0018,2178,8192,0.019,0.019,47.94,0.019,0,0,0.0016,0.0016,0.93,0.0,25.0,21.0,1781033943570035951
1781033943684848682,33,0,8,0,true,0.2661,0.0019,2179,8192,0.019,0.019,47.94,0.019,0,0,0.0016,0.0016,0.93,0.0,25.0,21.0,1781033943673153803
1781033943785943267,33,0,8,0,true,0.2663,0.0019,2181,8192,0.019,0.019,47.94,0.019,0,0,0.0016,0.0016,0.93,0.0,25.0,21.0,1781033943777082101
1781033943885898760,33,0,8,0,true,0.2664,0.0018,2182,8192,0.019,0.019,47.94,0.019,0,0,0.0016,0.0016,0.93,0.0,25.0,21.0,1781033943862957453
1781033943985856188,33,0,8,0,true,0.2666,0.0019,2184,8192,0.019,0.019,47.94,0.019,0,0,0.0016,0.0016,0.93,0.0,25.0,21.0,1781033943965371122
1781033944088877324,33,0,8,0,true,0.2668,0.0018,2185,8192,0.019,0.019,47.94,0.019,0,0,0.0016,0.0016,0.93,0.0,25.0,21.0,1781033944075925719
1781033944186164686,33,0,8,0,true,0.267,0.0019,2187,8192,0.019,0.019,47.94,0.019,0,0,0.0016,0.0016,0.93,0.0,25.0,21.0,1781033944182068622
1781033944288868469,33,0,8,0,true,0.2672,0.0018,2188,8192,0.019,0.019,47.94,0.019,0,0,0.0016,0.0016,0.93,0.0,25.0,21.0,1781033944274322064
1781033944388872114,33,0,8,0,true,0.2674,0.0019,2190,8192,0.019,0.019,47.94,0.019,0,0,0.0016,0.0016,0.93,0.0,25.0,21.0,1781033944378881912
1781033944486447343,33,0,8,0,true,0.2675,0.0014,2191,8192,0.016,0.016,47.94,0.016,0,0,0.0013,0.0013,0.75,0.0,25.0,21.0,1781033944484529562
1781033944585993265,33,0,8,0,true,0.2677,0.0014,2192,8192,0.014,0.014,47.94,0.014,0,0,0.0012,0.0012,0.68,0.0,25.0,21.0,1781033944576067480
1781033944686127284,33,0,8,0,true,0.2678,0.0013,2193,8192,0.013,0.013,47.94,0.013,0,0,0.0011,0.0011,0.63,0.0,25.0,21.0,1781033944673238918
1781033944788853113,33,0,8,0,true,0.2679,0.0012,2194,8192,0.013,0.013,47.94,0.013,0,0,0.001,0.001,0.61,0.0,25.0,21.0,1781033944769074628
1781033944886050036,33,0,8,0,true,0.268,0.0012,2195,8192,0.012,0.012,47.94,0.012,0,0,0.001,0.001,0.56,0.0,25.0,21.0,1781033944875511089
1781033944985967620,33,0,8,0,true,0.2682,0.0012,2196,8192,0.011,0.011,47.94,0.011,0,0,0.0009,0.0009,0.51,0.0,25.0,21.0,1781033944967754975
1781033945088860176,33,0,8,0,true,0.2683,0.001,2197,8192,0.01,0.01,47.94,0.01,0,0,0.0009,0.0009,0.49,0.0,25.0,21.0,1781033945082000384
1781033945188888783,33,0,8,0,true,0.2684,0.001,2198,8192,0.009,0.009,47.94,0.009,0,0,0.0008,0.0008,0.45,0.0,25.0,21.0,1781033945177527425
1781033945286162274,33,0,8,0,true,0.2685,0.001,2199,8192,0.009,0.009,47.94,0.009,0,0,0.0007,0.0007,0.42,0.0,25.0,21.0,1781033945275237080
1781033945386344371,33,0,8,0,true,0.2685,0.0009,2199,8192,0.008,0.008,47.94,0.008,0,0,0.0007,0.0007,0.41,0.0,25.0,21.0,1781033945360591493
1781033945486534961,33,0,8,0,true,0.2687,0.0012,2200,8192,0.011,0.011,47.94,0.011,0,0,0.0009,0.0009,0.54,0.0,25.0,21.0,1781033945477235405
1781033945586121937,33,0,8,0,true,0.2688,0.0011,2201,8192,0.011,0.011,47.94,0.011,0,0,0.0009,0.0009,0.53,0.0,25.0,21.0,1781033945571768213
1781033945686277766,33,0,8,0,true,0.2689,0.0012,2202,8192,0.011,0.011,47.94,0.011,0,0,0.0009,0.0009,0.54,0.0,25.0,21.0,1781033945677224197
1781033945788857227,33,0,8,0,true,0.269,0.0012,2203,8192,0.011,0.011,47.94,0.011,0,0,0.0009,0.0009,0.53,0.0,25.0,21.0,1781033945769355126
1781033945886621326,33,0,8,0,true,0.2691,0.0012,2204,8192,0.011,0.011,47.94,0.011,0,0,0.0009,0.0009,0.53,0.0,25.0,21.0,1781033945883013027
1781033945985978440,33,0,8,0,true,0.2693,0.0012,2205,8192,0.011,0.011,47.94,0.011,0,0,0.0009,0.0009,0.52,0.0,25.0,21.0,1781033945978855977
1781033946086046652,33,0,8,0,true,0.2694,0.0011,2206,8192,0.011,0.011,47.94,0.011,0,0,0.0009,0.0009,0.52,0.0,25.0,21.0,1781033946077230593
1781033946186083876,33,0,8,0,true,0.2695,0.0011,2207,8192,0.011,0.011,47.94,0.011,0,0,0.0009,0.0009,0.51,0.0,25.0,21.0,1781033946166100736
1781033946288866519,33,0,8,0,true,0.2696,0.0012,2208,8192,0.011,0.011,47.94,0.011,0,0,0.0009,0.0009,0.52,0.0,25.0,21.0,1781033946264415078
1781033946387932692,33,0,8,0,true,0.2697,0.0012,2209,8192,0.011,0.011,47.94,0.011,0,0,0.0009,0.0009,0.52,0.0,25.0,21.0,1781033946375022815
1781033946486151644,33,0,8,0,true,0.2698,0.0011,2210,8192,0.011,0.011,47.94,0.011,0,0,0.0009,0.0009,0.51,0.0,25.0,21.0,1781033946457095222
1781033946587311918,33,0,8,0,true,0.2699,0.0011,2211,8192,0.011,0.011,47.94,0.011,0,0,0.0009,0.0009,0.51,0.0,25.0,21.0,1781033946559010449
1781033946685518038,33,0,8,0,true,0.2701,0.0011,2212,8192,0.01,0.01,47.94,0.01,0,0,0.0009,0.0009,0.5,0.0,25.0,21.0,1781033946682313522
1781033946788865623,33,0,8,0,true,0.2702,0.0012,2213,8192,0.01,0.01,47.94,0.01,0,0,0.0009,0.0009,0.5,0.0,25.0,21.0,1781033946780953319
1781033946888870834,33,0,8,0,true,0.2703,0.0011,2214,8192,0.01,0.01,47.94,0.01,0,0,0.0009,0.0009,0.5,0.0,25.0,21.0,1781033946874457883
1781033946985863701,33,0,8,0,true,0.2704,0.0012,2215,8192,0.01,0.01,47.94,0.01,0,0,0.0009,0.0009,0.5,0.0,25.0,21.0,1781033946982945035
1781033947088862656,33,0,8,0,true,0.2705,0.0012,2216,8192,0.01,0.01,47.94,0.01,0,0,0.0009,0.0009,0.49,0.0,25.0,21.0,1781033947072165200
1781033947188872704,33,0,8,0,true,0.2706,0.0011,2217,8192,0.01,0.01,47.94,0.01,0,0,0.0008,0.0008,0.49,0.0,25.0,21.0,1781033947178611769
1781033947286166509,33,0,8,0,true,0.2707,0.0011,2217,8192,0.01,0.01,47.94,0.01,0,0,0.0008,0.0008,0.48,0.0,25.0,21.0,1781033947263580825
1781033947386021218,33,0,8,0,true,0.2708,0.0011,2218,8192,0.01,0.01,47.94,0.01,0,0,0.0008,0.0008,0.48,0.0,25.0,21.0,1781033947361613241
1781033947492875317,33,0,8,0,true,0.271,0.0012,2219,8192,0.01,0.01,47.94,0.01,0,0,0.0008,0.0008,0.48,0.0,25.0,21.0,1781033947481950681
1781033947601006480,33,0,8,0,true,0.2711,0.0011,2220,8192,0.01,0.01,47.94,0.01,0,0,0.0008,0.0008,0.47,0.0,25.0,21.0,1781033947582123301
1781033947701944331,33,0,8,0,true,0.2712,0.0011,2221,8192,0.01,0.01,47.94,0.01,0,0,0.0008,0.0008,0.47,0.0,25.0,21.0,1781033947699464466
1781033947802451325,33,0,8,0,true,0.2713,0.0012,2222,8192,0.01,0.01,47.94,0.01,0,0,0.0008,0.0008,0.47,0.0,25.0,21.0,1781033947791358872
1781033947902013423,33,0,8,0,true,0.2715,0.0011,2223,8192,0.01,0.01,47.94,0.01,0,0,0.0008,0.0008,0.46,0.0,25.0,21.0,1781033947897162252
1781033948001539629,33,0,8,0,true,0.2716,0.0011,2224,8192,0.01,0.01,47.94,0.01,0,0,0.0008,0.0008,0.46,0.0,25.0,21.0,1781033948000565339
1781033948101821816,33,0,8,0,true,0.2717,0.0011,2225,8192,0.01,0.01,47.94,0.01,0,0,0.0008,0.0008,0.46,0.0,25.0,21.0,1781033948099292262
1781033948202073988,33,0,8,0,true,0.2718,0.0012,2226,8192,0.01,0.01,47.94,0.01,0,0,0.0008,0.0008,0.46,0.0,25.0,21.0,1781033948190051560
1781033948303953441,33,0,8,0,true,0.2719,0.0011,2227,8192,0.009,0.009,47.94,0.009,0,0,0.0008,0.0008,0.46,0.0,25.0,21.0,1781033948276144914
1781033948404853239,33,0,8,0,true,0.272,0.0012,2228,8192,0.01,0.01,47.94,0.01,0,0,0.0008,0.0008,0.46,0.0,25.0,21.0,1781033948396582571
1781033948501909391,33,0,8,0,true,0.2721,0.0011,2229,8192,0.009,0.009,47.94,0.009,0,0,0.0008,0.0008,0.45,0.0,25.0,21.0,1781033948496873743
1781033948601773008,33,0,8,0,true,0.2723,0.0012,2230,8192,0.009,0.009,47.94,0.009,0,0,0.0008,0.0008,0.45,0.0,25.0,21.0,1781033948592241837
1781033948704868971,33,0,8,0,true,0.2724,0.0012,2231,8192,0.009,0.009,47.94,0.009,0,0,0.0008,0.0008,0.45,0.0,25.0,21.0,1781033948688692652
1781033948804861237,33,0,8,0,true,0.2725,0.0011,2232,8192,0.009,0.009,47.94,0.009,0,0,0.0008,0.0008,0.44,0.0,25.0,21.0,1781033948796715065
1781033948902012377,33,0,8,0,true,0.2726,0.0012,2233,8192,0.009,0.009,47.94,0.009,0,0,0.0008,0.0008,0.45,0.0,25.0,21.0,1781033948897284758
1781033949001646618,33,0,8,0,true,0.2727,0.0011,2234,8192,0.009,0.009,47.94,0.009,0,0,0.0008,0.0008,0.44,0.0,25.0,21.0,1781033948986380293
1781033949101634308,33,0,8,0,true,0.2728,0.0011,2234,8192,0.009,0.009,47.94,0.009,0,0,0.0008,0.0008,0.44,0.0,25.0,21.0,1781033949075885142
1781033949202368296,33,0,8,0,true,0.2729,0.0012,2235,8192,0.009,0.009,47.94,0.009,0,0,0.0008,0.0008,0.44,0.0,25.0,21.0,1781033949194497465
1781033949302240425,33,0,8,0,true,0.2731,0.0011,2236,8192,0.008,0.008,47.94,0.008,0,0,0.0007,0.0007,0.4,0.0,25.0,21.0,1781033949299689123
1781033949402570359,33,0,8,0,true,0.2732,0.0012,2237,8192,0.009,0.009,47.94,0.009,0,0,0.0007,0.0007,0.43,0.0,25.0,21.0,1781033949400757830
1781033949504865157,33,0,8,0,true,0.2733,0.0011,2238,8192,0.009,0.009,47.94,0.009,0,0,0.0007,0.0007,0.42,0.0,25.0,21.0,1781033949497344292
1781033949601850499,33,0,8,0,true,0.2734,0.0012,2239,8192,0.009,0.009,47.94,0.009,0,0,0.0007,0.0007,0.43,0.0,25.0,21.0,1781033949584987217
1781033949701564937,33,0,8,0,true,0.2735,0.0011,2240,8192,0.009,0.009,47.94,0.009,0,0,0.0007,0.0007,0.42,0.0,25.0,21.0,1781033949688755313
1781033949802313715,33,0,8,0,true,0.2736,0.0011,2241,8192,0.009,0.009,47.94,0.009,0,0,0.0007,0.0007,0.42,0.0,25.0,21.0,1781033949797095495
1781033949902195723,33,0,8,0,true,0.2737,0.0011,2242,8192,0.009,0.009,47.94,0.009,0,0,0.0007,0.0007,0.42,0.0,25.0,21.0,1781033949882625459
1781033950004856037,33,0,8,0,true,0.2738,0.0011,2243,8192,0.009,0.009,47.94,0.009,0,0,0.0007,0.0007,0.42,0.0,25.0,21.0,1781033949989073249
1781033950102092824,33,0,8,0,true,0.274,0.0012,2244,8192,0.009,0.009,47.94,0.009,0,0,0.0007,0.0007,0.42,0.0,25.0,21.0,1781033950095076452
1781033950204859109,33,0,8,0,true,0.2741,0.0011,2245,8192,0.009,0.009,47.94,0.009,0,0,0.0007,0.0007,0.41,0.0,25.0,21.0,1781033950193912982
1781033950302687777,33,0,8,0,true,0.2742,0.0011,2246,8192,0.009,0.009,47.94,0.009,0,0,0.0007,0.0007,0.41,0.0,25.0,21.0,1781033950293058102
1781033950401777157,33,0,8,0,true,0.2743,0.0011,2247,8192,0.009,0.009,47.94,0.009,0,0,0.0007,0.0007,0.41,0.0,25.0,21.0,1781033950399914795
1781033950502064360,33,0,8,0,true,0.2744,0.0011,2248,8192,0.009,0.009,47.94,0.009,0,0,0.0007,0.0007,0.41,0.0,25.0,21.0,1781033950489767495
1781033950603420711,33,0,8,0,true,0.2745,0.0011,2248,8192,0.009,0.009,47.94,0.009,0,0,0.0007,0.0007,0.41,0.0,25.0,21.0,1781033950593509846
1781033950702427181,33,0,8,0,true,0.2747,0.0012,2249,8192,0.009,0.009,47.94,0.009,0,0,0.0007,0.0007,0.41,0.0,25.0,21.0,1781033950697502525
1781033950801972259,33,0,8,0,true,0.2747,0.0011,2250,8192,0.008,0.008,47.94,0.008,0,0,0.0007,0.0007,0.41,0.0,25.0,21.0,1781033950777828648
1781033950901459408,33,0,8,0,true,0.2749,0.0011,2251,8192,0.008,0.008,47.94,0.008,0,0,0.0007,0.0007,0.41,0.0,25.0,21.0,1781033950901342691
1781033951002372355,33,0,8,0,true,0.275,0.0011,2252,8192,0.008,0.008,47.94,0.008,0,0,0.0007,0.0007,0.41,0.0,25.0,21.0,1781033950996611771
