timestamp_ns,node_id,axis_error,axis_state,procedure_result,trajectory_done,pos_estimate,vel_estimate,shadow_count,count_cpr,iq_setpoint,iq_measured,bus_voltage,bus_current,active_errors,disarm_reason,torque_target,torque_estimate,electrical_power,mechanical_power,fet_temp,motor_temp,timestamp_ns
1781033183560359061,,,,,,,,,,,,,,,,,,,,,,
1781033183660363146,,,,,,,,,,,,,,,,,,,,,,
1781033183760872848,,,,,,,,,,,,,,,,,,,,,,
1781033183860398281,,,,,,,,,,,,,,,,,,,,,,
1781033183960932563,,,,,,,,,,,,,,,,,,,,,,
1781033184061386551,,,,,,,,,,,,,,,,,,,,,,
1781033184160935533,,,,,,,,,,,,,,,,,,,,,,
1781033184261306005,,,,,,,,,,,,,,,,,,,,,,
1781033184360410463,,,,,,,,,,,,,,,,,,,,,,
1781033184461187406,,,,,,,,,,,,,,,,,,,,,,
1781033184560380125,,,,,,,,,,,,,,,,,,,,,,
1781033184660968821,,,,,,,,,,,,,,,,,,,,,,
1781033184761336439,,,,,,,,,,,,,,,,,,,,,,
1781033184860861001,,,,,,,,,,,,,,,,,,,,,,
1781033184961206537,,,,,,,,,,,,,,,,,,,,,,
1781033185061425138,,,,,,,,,,,,,,,,,,,,,,
1781033185160473495,,,,,,,,,,,,,,,,,,,,,,
1781033185261211928,,,,,,,,,,,,,,,,,,,,,,
1781033185360367178,,,,,,,,,,,,,,,,,,,,,,
1781033185460459509,,,,,,,,,,,,,,,,,,,,,,
1781033185560794656,,,,,,,,,,,,,,,,,,,,,,
1781033185661158496,,,,,,,,,,,,,,,,,,,,,,
1781033185760447588,,,,,,,,,,,,,,,,,,,,,,
1781033185860935084,,,,,,,,,,,,,,,,,,,,,,
1781033185961113021,,,,,,,,,,,,,,,,,,,,,,
1781033186061177151,,,,,,,,,,,,,,,,,,,,,,
1781033186160858880,,,,,,,,,,,,,,,,,,,,,,
1781033186260926614,,,,,,,,,,,,,,,,,,,,,,
1781033186360412949,,,,,,,,,,,,,,,,,,,,,,
1781033186460852674,,,,,,,,,,,,,,,,,,,,,,
1781033186561323657,,,,,,,,,,,,,,,,,,,,,,
1781033186661395013,,,,,,,,,,,,,,,,,,,,,,
1781033186760931921,,,,,,,,,,,,,,,,,,,,,,
1781033186860858352,,,,,,,,,,,,,,,,,,,,,,
1781033186961181331,,,,,,,,,,,,,,,,,,,,,,
1781033187061418898,,,,,,,,,,,,,,,,,,,,,,
1781033187160753079,,,,,,,,,,,,,,,,,,,,,,
1781033187260837075,,,,,,,,,,,,,,,,,,,,,,
1781033187361156854,,,,,,,,,,,,,,,,,,,,,,
1781033187461073657,,,,,,,,,,,,,,,,,,,,,,
1781033187561008763,,,,,,,,,,,,,,,,,,,,,,
1781033187661174837,,,,,,,,,,,,,,,,,,,,,,
1781033187761355511,,,,,,,,,,,,,,,,,,,,,,
1781033187860385860,,,,,,,,,,,,,,,,,,,,,,
1781033187960933195,,,,,,,,,,,,,,,,,,,,,,
1781033188061282203,,,,,,,,,,,,,,,,,,,,,,
1781033188161048920,,,,,,,,,,,,,,,,,,,,,,
1781033188260853114,,,,,,,,,,,,,,,,,,,,,,
1781033188361173405,,,,,,,,,,,,,,,,,,,,,,
1781033188461321041,,,,,,,,,,,,,,,,,,,,,,
1781033188560659126,,,,,,,,,,,,,,,,,,,,,,
1781033188660854653,,,,,,,,,,,,,,,,,,,,,,
1781033188761050440,,,,,,,,,,,,,,,,,,,,,,
1781033188861284217,,,,,,,,,,,,,,,,,,,,,,
1781033188960693033,,,,,,,,,,,,,,,,,,,,,,
1781033189061044220,,,,,,,,,,,,,,,,,,,,,,
1781033189160490013,,,,,,,,,,,,,,,,,,,,,,
1781033189260436905,,,,,,,,,,,,,,,,,,,,,,
1781033189360830934,,,,,,,,,,,,,,,,,,,,,,
1781033189461196694,,,,,,,,,,,,,,,,,,,,,,
1781033189560445974,,,,,,,,,,,,,,,,,,,,,,
1781033189661068998,,,,,,,,,,,,,,,,,,,,,,
1781033189760357166,,,,,,,,,,,,,,,,,,,,,,
1781033189860728511,,,,,,,,,,,,,,,,,,,,,,
1781033189960443529,,,,,,,,,,,,,,,,,,,,,,
1781033190061033532,,,,,,,,,,,,,,,,,,,,,,
1781033190160391861,,,,,,,,,,,,,,,,,,,,,,
1781033190260833041,,,,,,,,,,,,,,,,,,,,,,
1781033190361157518,,,,,,,,,,,,,,,,,,,,,,
1781033190460380624,,,,,,,,,,,,,,,,,,,,,,
1781033190560859739,,,,,,,,,,,,,,,,,,,,,,
1781033190661324871,,,,,,,,,,,,,,,,,,,,,,
1781033190761307017,,,,,,,,,,,,,,,,,,,,,,
1781033190861423478,,,,,,,,,,,,,,,,,,,,,,
1781033190960776831,,,,,,,,,,,,,,,,,,,,,,
1781033191060344002,,,,,,,,,,,,,,,,,,,,,,
1781033191160652289,,,,,,,,,,,,,,,,,,,,,,
1781033191261377386,,,,,,,,,,,,,,,,,,,,,,
1781033191360892362,,,,,,,,,,,,,,,,,,,,,,
1781033191460714229,,,,,,,,,,,,,,,,,,,,,,
1781033191561246426,,,,,,,,,,,,,,,,,,,,,,
1781033191661056750,,,,,,,,,,,,,,,,,,,,,,
1781033191760617302,,,,,,,,,,,,,,,,,,,,,,
1781033191860882985,,,,,,,,,,,,,,,,,,,,,,
1781033191961421348,,,,,,,,,,,,,,,,,,,,,,
1781033192060959802,,,,,,,,,,,,,,,,,,,,,,
1781033192160827261,,,,,,,,,,,,,,,,,,,,,,
1781033192260489285,,,,,,,,,,,,,,,,,,,,,,
1781033192361404941,,,,,,,,,,,,,,,,,,,,,,
1781033192461127167,,,,,,,,,,,,,,,,,,,,,,
1781033192561129069,,,,,,,,,,,,,,,,,,,,,,
1781033192661383702,,,,,,,,,,,,,,,,,,,,,,
1781033192760827997,,,,,,,,,,,,,,,,,,,,,,
1781033192861372272,,,,,,,,,,,,,,,,,,,,,,
1781033192960445512,,,,,,,,,,,,,,,,,,,,,,
1781033193060447955,,,,,,,,,,,,,,,,,,,,,,
1781033193161020970,,,,,,,,,,,,,,,,,,,,,,
1781033193261050213,,,,,,,,,,,,,,,,,,,,,,
1781033193361121486,,,,,,,,,,,,,,,,,,,,,,
1781033193460960510,,,,,,,,,,,,,,,,,,,,,,
1781033193561367389,,,,,,,,,,,,,,,,,,,,,,
1781033193660777444,,,,,,,,,,,,,,,,,,,,,,
1781033193761395995,,,,,,,,,,,,,,,,,,,,,,
1781033193861108982,,,,,,,,,,,,,,,,,,,,,,
1781033193961293673,,,,,,,,,,,,,,,,,,,,,,
1781033194060513302,,,,,,,,,,,,,,,,,,,,,,
1781033194160866729,,,,,,,,,,,,,,,,,,,,,,
1781033194261216207,,,,,,,,,,,,,,,,,,,,,,
1781033194361108398,,,,,,,,,,,,,,,,,,,,,,
1781033194460940188,,,,,,,,,,,,,,,,,,,,,,
1781033194560788668,,,,,,,,,,,,,,,,,,,,,,
1781033194661236447,,,,,,,,,,,,,,,,,,,,,,
1781033194761155127,,,,,,,,,,,,,,,,,,,,,,
1781033194860878723,,,,,,,,,,,,,,,,,,,,,,
1781033194960699877,,,,,,,,,,,,,,,,,,,,,,
1781033195060581935,,,,,,,,,,,,,,,,,,,,,,
1781033195161178217,,,,,,,,,,,,,,,,,,,,,,
1781033195260456169,,,,,,,,,,,,,,,,,,,,,,
1781033195360814637,,,,,,,,,,,,,,,,,,,,,,
1781033195460364038,,,,,,,,,,,,,,,,,,,,,,
1781033195560872188,,,,,,,,,,,,,,,,,,,,,,
1781033195660491885,,,,,,,,,,,,,,,,,,,,,,
1781033195761049001,,,,,,,,,,,,,,,,,,,,,,
1781033195861020517,,,,,,,,,,,,,,,,,,,,,,
1781033195960347055,,,,,,,,,,,,,,,,,,,,,,
1781033196060468647,,,,,,,,,,,,,,,,,,,,,,
1781033196160850417,,,,,,,,,,,,,,,,,,,,,,
1781033196261168857,,,,,,,,,,,,,,,,,,,,,,
1781033196360901438,,,,,,,,,,,,,,,,,,,,,,
1781033196461289298,,,,,,,,,,,,,,,,,,,,,,
1781033196561167616,,,,,,,,,,,,,,,,,,,,,,
1781033196660984939,,,,,,,,,,,,,,,,,,,,,,
1781033196761392220,,,,,,,,,,,,,,,,,,,,,,
1781033196861230057,,,,,,,,,,,,,,,,,,,,,,
1781033196961367694,,,,,,,,,,,,,,,,,,,,,,
1781033197060703671,,,,,,,,,,,,,,,,,,,,,,
1781033197160807021,,,,,,,,,,,,,,,,,,,,,,
1781033197260770084,,,,,,,,,,,,,,,,,,,,,,
1781033197360857202,,,,,,,,,,,,,,,,,,,,,,
1781033197461129796,,,,,,,,,,,,,,,,,,,,,,
1781033197560987014,,,,,,,,,,,,,,,,,,,,,,
1781033197661261180,,,,,,,,,,,,,,,,,,,,,,
1781033197761215750,,,,,,,,,,,,,,,,,,,,,,
1781033197861295369,,,,,,,,,,,,,,,,,,,,,,
1781033197960887210,,,,,,,,,,,,,,,,,,,,,,
1781033198060901450,,,,,,,,,,,,,,,,,,,,,,
1781033198160447406,,,,,,,,,,,,,,,,,,,,,,
1781033198260428115,,,,,,,,,,,,,,,,,,,,,,
1781033198364866291,,,,,,,,,,,,,,,,,,,,,,
1781033198466275937,,,,,,,,,,,,,,,,,,,,,,
1781033198566242275,,,,,,,,,,,,,,,,,,,,,,
1781033198668859991,,,,,,,,,,,,,,,,,,,,,,
1781033198768860900,,,,,,,,,,,,,,,,,,,,,,
1781033198868892437,,,,,,,,,,,,,,,,,,,,,,
1781033198968852502,,,,,,,,,,,,,,,,,,,,,,
1781033199066258455,,,,,,,,,,,,,,,,,,,,,,
1781033199165810510,,,,,,,,,,,,,,,,,,,,,,
1781033199265581097,,,,,,,,,,,,,,,,,,,,,,
1781033199368960577,,,,,,,,,,,,,,,,,,,,,,
1781033199468852423,,,,,,,,,,,,,,,,,,,,,,
1781033199568864124,,,,,,,,,,,,,,,,,,,,,,
1781033199666184867,,,,,,,,,,,,,,,,,,,,,,
1781033199765425521,,,,,,,,,,,,,,,,,,,,,,
1781033199868852858,,,,,,,,,,,,,,,,,,,,,,
1781033199966220501,,,,,,,,,,,,,,,,,,,,,,
1781033200068853617,,,,,,,,,,,,,,,,,,,,,,
1781033200165461881,,,,,,,,,,,,,,,,,,,,,,
1781033200268856604,,,,,,,,,,,,,,,,,,,,,,
1781033200366227143,,,,,,,,,,,,,,,,,,,,,,
1781033200466238993,,,,,,,,,,,,,,,,,,,,,,
1781033200568868577,,,,,,,,,,,,,,,,,,,,,,
1781033200666222465,,,,,,,,,,,,,,,,,,,,,,
1781033200766500485,,,,,,,,,,,,,,,,,,,,,,
1781033200866406931,,,,,,,,,,,,,,,,,,,,,,
1781033200965749401,,,,,,,,,,,,,,,,,,,,,,
1781033201065485991,,,,,,,,,,,,,,,,,,,,,,
1781033201168884500,31,0,8,0,true,0.0,0.0573,0,8192,0.22,0.22,48.0,0.22,0,0,0.0182,0.0182,10.54,0.01,25.0,21.0,1781033201132748237
1781033201265808815,31,0,8,0,true,0.0023,0.018,18,8192,0.009,0.009,47.96,0.009,0,0,0.0007,0.0007,0.41,0.0,25.0,21.0,1781033201229978861
1781033201372862083,31,0,8,0,true,0.0034,0.0079,27,8192,0.003,0.003,47.96,0.003,0,0,0.0002,0.0002,0.13,0.0,25.0,21.0,1781033201339210318
1781033201474173501,31,0,8,0,true,0.004,0.0052,32,8192,0.001,0.001,47.96,0.001,0,0,0.0001,0.0001,0.07,0.0,25.0,21.0,1781033201437935879
1781033201573691828,31,0,8,0,true,0.0046,0.004,37,8192,0.001,0.001,47.96,0.001,0,0,0.0,0.0,0.02,0.0,25.0,21.0,1781033201561160037
1781033201676943576,31,0,8,0,true,0.005,0.0042,40,8192,0.003,0.003,47.96,0.003,0,0,0.0002,0.0002,0.13,0.0,25.0,21.0,1781033201671409648
1781033201776880281,31,0,8,0,true,0.0053,0.0041,43,8192,0.003,0.003,47.96,0.003,0,0,0.0002,0.0002,0.13,0.0,25.0,21.0,1781033201755482762
1781033201881011980,31,0,8,0,true,0.0058,0.0041,47,8192,0.003,0.003,47.96,0.003,0,0,0.0003,0.0003,0.15,0.0,25.0,21.0,1781033201864046695
1781033201984897311,31,0,8,0,true,0.0062,0.0041,51,8192,0.003,0.003,47.96,0.003,0,0,0.0002,0.0002,0.14,0.0,25.0,21.0,1781033201975622244
1781033202081637941,31,0,8,0,true,0.0066,0.0041,54,8192,0.003,0.003,47.96,0.003,0,0,0.0002,0.0002,0.12,0.0,25.0,21.0,1781033202061889465
1781033202182125682,31,0,8,0,true,0.007,0.0042,57,8192,0.003,0.003,47.96,0.003,0,0,0.0002,0.0002,0.12,0.0,25.0,21.0,1781033202157204819
1781033202284930197,31,0,8,0,true,0.0074,0.0042,60,8192,0.003,0.003,47.96,0.003,0,0,0.0002,0.0002,0.12,0.0,25.0,21.0,1781033202256858684
1781033202382196932,31,0,8,0,true,0.0079,0.0041,64,8192,0.003,0.003,47.96,0.003,0,0,0.0003,0.0003,0.15,0.0,25.0,21.0,1781033202369982995
1781033202481493665,31,0,8,0,true,0.0083,0.0041,67,8192,0.003,0.003,47.96,0.003,0,0,0.0003,0.0003,0.15,0.0,25.0,21.0,1781033202463430755
1781033202582042377,31,0,8,0,true,0.0087,0.0042,71,8192,0.003,0.003,47.96,0.003,0,0,0.0002,0.0002,0.14,0.0,25.0,21.0,1781033202564058014
1781033202681448706,31,0,8,0,true,0.0091,0.0041,74,8192,0.003,0.003,47.96,0.003,0,0,0.0002,0.0002,0.12,0.0,25.0,21.0,1781033202661876128
1781033202781971033,31,0,8,0,true,0.0095,0.0041,78,8192,0.003,0.003,47.96,0.003,0,0,0.0002,0.0002,0.14,0.0,25.0,21.0,1781033202774658541
1781033202882103497,31,0,8,0,true,0.0099,0.0041,80,8192,0.003,0.003,47.96,0.003,0,0,0.0003,0.0003,0.15,0.0,25.0,21.0,1781033202857947737
1781033202982179733,31,0,8,0,true,0.0103,0.0042,84,8192,0.003,0.003,47.96,0.003,0,0,0.0002,0.0002,0.12,0.0,25.0,21.0,1781033202969182911
1781033203084877947,31,0,8,0,true,0.0108,0.0041,88,8192,0.003,0.003,47.96,0.003,0,0,0.0002,0.0002,0.13,0.0,25.0,21.0,1781033203077896412
1781033203182382288,31,0,8,0,true,0.0111,0.0041,91,8192,0.003,0.003,47.96,0.003,0,0,0.0002,0.0002,0.12,0.0,25.0,21.0,1781033203154480222
1781033203284889441,31,0,8,0,true,0.0116,0.0041,94,8192,0.003,0.003,47.96,0.003,0,0,0.0002,0.0002,0.13,0.0,25.0,21.0,1781033203265170648
1781033203384891392,31,0,8,0,true,0.012,0.0041,98,8192,0.003,0.003,47.96,0.003,0,0,0.0003,0.0003,0.15,0.0,25.0,21.0,1781033203366531799
1781033203481760921,31,0,8,0,true,0.0124,0.0041,101,8192,0.003,0.003,47.96,0.003,0,0,0.0002,0.0002,0.14,0.0,25.0,21.0,1781033203478090044
1781033203585885596,31,0,8,0,true,0.0127,0.0041,103,8192,0.003,0.003,47.96,0.003,0,0,0.0002,0.0002,0.13,0.0,25.0,21.0,1781033203540833764
1781033203684919617,31,0,8,0,true,0.0132,0.0041,108,8192,0.003,0.003,47.96,0.003,0,0,0.0002,0.0002,0.14,0.0,25.0,21.0,1781033203672598283
1781033203781980980,31,0,8,0,true,0.0135,0.0041,110,8192,0.003,0.003,47.96,0.003,0,0,0.0002,0.0002,0.13,0.0,25.0,21.0,1781033203733471956
1781033203881716818,31,0,8,0,true,0.0141,0.0041,115,8192,0.003,0.003,47.96,0.003,0,0,0.0002,0.0002,0.13,0.0,25.0,21.0,1781033203882224939
1781033203981364951,31,0,8,0,true,0.0145,0.0041,118,8192,0.003,0.003,47.96,0.003,0,0,0.0002,0.0002,0.14,0.0,25.0,21.0,1781033203980886437
1781033204081420401,31,0,8,0,true,0.0148,0.0041,121,8192,0.003,0.003,47.96,0.003,0,0,0.0002,0.0002,0.14,0.0,25.0,21.0,1781033204050137810
1781033204182185538,31,0,8,0,true,0.0152,0.0041,124,8192,0.003,0.003,47.96,0.003,0,0,0.0002,0.0002,0.14,0.0,25.0,21.0,1781033204153947374
1781033204284882425,31,0,8,0,true,0.0157,0.0042,128,8192,0.003,0.003,47.96,0.003,0,0,0.0002,0.0002,0.14,0.0,25.0,21.0,1781033204263070003
1781033204384899013,31,0,8,0,true,0.0161,0.0041,131,8192,0.003,0.003,47.96,0.003,0,0,0.0002,0.0002,0.14,0.0,25.0,21.0,1781033204366692431
1781033204484860740,31,0,8,0,true,0.0165,0.0042,135,8192,0.003,0.003,47.96,0.003,0,0,0.0002,0.0002,0.14,0.0,25.0,21.0,1781033204477764291
1781033204581580826,31,0,8,0,true,0.017,0.0041,138,8192,0.003,0.003,47.96,0.003,0,0,0.0002,0.0002,0.13,0.0,25.0,21.0,1781033204577644507
1781033204684872029,31,0,8,0,true,0.0174,0.0041,142,8192,0.003,0.003,47.96,0.003,0,0,0.0002,0.0002,0.13,0.0,25.0,21.0,1781033204673586346
1781033204788883563,31,0,8,0,true,0.0177,0.0041,145,8192,0.003,0.003,47.96,0.003,0,0,0.0002,0.0002,0.14,0.0,25.0,21.0,1781033204765176797
1781033204892877154,31,0,8,0,true,0.0182,0.0041,148,8192,0.003,0.003,47.96,0.003,0,0,0.0002,0.0002,0.14,0.0,25.0,21.0,1781033204872197545
1781033204990326944,31,0,8,0,true,0.0186,0.0042,152,8192,0.002,0.002,47.96,0.002,0,0,0.0002,0.0002,0.12,0.0,25.0,21.0,1781033204968641489
1781033205089466362,31,0,8,0,true,0.019,0.0041,156,8192,0.003,0.003,47.96,0.003,0,0,0.0002,0.0002,0.13,0.0,25.0,21.0,1781033205086766123
1781033205189768959,31,0,8,0,true,0.0194,0.0041,159,8192,0.003,0.003,47.96,0.003,0,0,0.0002,0.0002,0.13,0.0,25.0,21.0,1781033205177252536
1781033205289469168,31,0,8,0,true,0.0199,0.0041,162,8192,0.003,0.003,47.96,0.003,0,0,0.0002,0.0002,0.14,0.0,25.0,21.0,1781033205284079265
1781033205389575437,31,0,8,0,true,0.0202,0.0041,165,8192,0.003,0.003,47.96,0.003,0,0,0.0002,0.0002,0.14,0.0,25.0,21.0,1781033205369747757
1781033205491205635,31,0,8,0,true,0.0206,0.0041,168,8192,0.003,0.003,47.96,0.003,0,0,0.0002,0.0002,0.14,0.0,25.0,21.0,1781033205469697527
1781033205590242659,31,0,8,0,true,0.021,0.0041,172,8192,0.003,0.003,47.96,0.003,0,0,0.0002,0.0002,0.13,0.0,25.0,21.0,1781033205563825442
1781033205692846561,31,0,8,0,true,0.0215,0.0041,176,8192,0.003,0.003,47.96,0.003,0,0,0.0002,0.0002,0.14,0.0,25.0,21.0,1781033205682936541
1781033205796877939,31,0,8,0,true,0.0219,0.0042,179,8192,0.003,0.003,47.96,0.003,0,0,0.0002,0.0002,0.14,0.0,25.0,21.0,1781033205781831699
1781033205901033994,31,0,8,0,true,0.0224,0.0041,183,8192,0.003,0.003,47.96,0.003,0,0,0.0002,0.0002,0.14,0.0,25.0,21.0,1781033205888009754
1781033205998432649,31,0,8,0,true,0.0228,0.0041,186,8192,0.003,0.003,47.96,0.003,0,0,0.0002,0.0002,0.14,0.0,25.0,21.0,1781033205995017549
1781033206097463630,31,0,8,0,true,0.0232,0.0041,189,8192,0.003,0.003,47.96,0.003,0,0,0.0002,0.0002,0.12,0.0,25.0,21.0,1781033206084833030
1781033206197518346,31,0,8,0,true,0.0236,0.0042,193,8192,0.003,0.003,47.96,0.003,0,0,0.0002,0.0002,0.14,0.0,25.0,21.0,1781033206193359105
1781033206300961762,31,0,8,0,true,0.024,0.0041,196,8192,0.002,0.002,47.96,0.002,0,0,0.0002,0.0002,0.12,0.0,25.0,21.0,1781033206284872788
1781033206405224119,31,0,8,0,true,0.0245,0.0041,200,8192,0.003,0.003,47.96,0.003,0,0,0.0002,0.0002,0.14,0.0,25.0,21.0,1781033206400683511
1781033206510509990,31,0,8,0,true,0.0248,0.0041,203,8192,0.003,0.003,47.96,0.003,0,0,0.0003,0.0003,0.15,0.0,25.0,21.0,1781033206480138982
1781033206615443177,31,0,8,0,true,0.0252,0.0041,206,8192,0.003,0.003,47.96,0.003,0,0,0.0002,0.0002,0.13,0.0,25.0,21.0,1781033206582562273
1781033206712097353,31,0,8,0,true,0.0257,0.0041,210,8192,0.003,0.003,47.96,0.003,0,0,0.0002,0.0002,0.14,0.0,25.0,21.0,1781033206707044734
1781033206812166083,31,0,8,0,true,0.0261,0.0041,214,8192,0.002,0.002,47.96,0.002,0,0,0.0002,0.0002,0.12,0.0,25.0,21.0,1781033206808135926
1781033206916811541,31,0,8,0,true,0.0266,0.0041,217,8192,0.003,0.003,47.96,0.003,0,0,0.0002,0.0002,0.14,0.0,25.0,21.0,1781033206913008801
1781033207018100425,31,0,8,0,true,0.0269,0.0042,220,8192,0.002,0.002,47.96,0.002,0,0,0.0002,0.0002,0.12,0.0,25.0,21.0,1781033206997751878
1781033207117973450,31,0,8,0,true,0.0273,0.0041,223,8192,0.003,0.003,47.96,0.003,0,0,0.0002,0.0002,0.14,0.0,25.0,21.0,1781033207089195681
1781033207217536725,31,0,8,0,true,0.0277,0.0042,227,8192,0.002,0.002,47.96,0.002,0,0,0.0002,0.0002,0.12,0.0,25.0,21.0,1781033207191113179
1781033207321001327,31,0,8,0,true,0.0282,0.0042,230,8192,0.002,0.002,47.96,0.002,0,0,0.0002,0.0002,0.12,0.0,25.0,21.0,1781033207296747502
1781033207420961049,31,0,8,0,true,0.0286,0.0041,233,8192,0.003,0.003,47.96,0.003,0,0,0.0003,0.0003,0.15,0.0,25.0,21.0,1781033207396753568
1781033207521049790,31,0,8,0,true,0.029,0.0041,237,8192,0.003,0.003,47.96,0.003,0,0,0.0002,0.0002,0.14,0.0,25.0,21.0,1781033207494478812
1781033207617679010,31,0,8,0,true,0.0295,0.0041,241,8192,0.003,0.003,47.96,0.003,0,0,0.0002,0.0002,0.14,0.0,25.0,21.0,1781033207615649285
1781033207725023636,31,0,8,0,true,0.0298,0.0041,244,8192,0.003,0.003,47.96,0.003,0,0,0.0002,0.0002,0.14,0.0,25.0,21.0,1781033207699673349
1781033207825728150,31,0,8,0,true,0.0303,0.0042,248,8192,0.003,0.003,47.96,0.003,0,0,0.0002,0.0002,0.14,0.0,25.0,21.0,1781033207821233469
1781033207926052746,31,0,8,0,true,0.0307,0.0041,251,8192,0.003,0.003,47.96,0.003,0,0,0.0002,0.0002,0.14,0.0,25.0,21.0,1781033207914346667
1781033208028837562,31,0,8,0,true,0.0311,0.0042,254,8192,0.003,0.003,47.96,0.003,0,0,0.0002,0.0002,0.13,0.0,25.0,21.0,1781033208006666974
1781033208126131137,31,0,8,0,true,0.0315,0.0041,258,8192,0.003,0.003,47.96,0.003,0,0,0.0002,0.0002,0.14,0.0,25.0,21.0,1781033208117266496
1781033208226406461,31,0,8,0,true,0.0318,0.0041,260,8192,0.003,0.003,47.96,0.003,0,0,0.0002,0.0002,0.14,0.0,25.0,21.0,1781033208194668721
1781033208332750937,31,0,8,0,true,0.0322,0.0041,263,8192,0.003,0.003,47.96,0.003,0,0,0.0002,0.0002,0.14,0.0,25.0,21.0,1781033208290919955
1781033208434133574,31,0,8,0,true,0.0327,0.0042,267,8192,0.002,0.002,47.96,0.002,0,0,0.0002,0.0002,0.12,0.0,25.0,21.0,1781033208396615073
1781033208534116747,31,0,8,0,true,0.0331,0.0041,271,8192,0.003,0.003,47.96,0.003,0,0,0.0002,0.0002,0.14,0.0,25.0,21.0,1781033208511829517
1781033208634283750,31,0,8,0,true,0.0336,0.0041,275,8192,0.003,0.003,47.96,0.003,0,0,0.0002,0.0002,0.14,0.0,25.0,21.0,1781033208618278665
1781033208736867534,31,0,8,0,true,0.034,0.0041,278,8192,0.003,0.003,47.96,0.003,0,0,0.0002,0.0002,0.13,0.0,25.0,21.0,1781033208715580962
1781033208839279204,31,0,8,0,true,0.0344,0.0041,281,8192,0.003,0.003,47.96,0.003,0,0,0.0003,0.0003,0.15,0.0,25.0,21.0,1781033208814384649
1781033208939770031,31,0,8,0,true,0.0348,0.0041,285,8192,0.003,0.003,47.96,0.003,0,0,0.0002,0.0002,0.12,0.0,25.0,21.0,1781033208917020454
1781033209039986466,31,0,8,0,true,0.0352,0.0042,288,8192,0.003,0.003,47.96,0.003,0,0,0.0002,0.0002,0.12,0.0,25.0,21.0,1781033209026429085
1781033209140044801,31,0,8,0,true,0.0357,0.0041,292,8192,0.003,0.003,47.96,0.003,0,0,0.0002,0.0002,0.14,0.0,25.0,21.0,1781033209127908301
1781033209240048685,31,0,8,0,true,0.036,0.0041,295,8192,0.003,0.003,47.96,0.003,0,0,0.0002,0.0002,0.14,0.0,25.0,21.0,1781033209217753228
1781033209345124245,31,0,8,0,true,0.0365,0.0041,299,8192,0.002,0.002,47.96,0.002,0,0,0.0002,0.0002,0.12,0.0,25.0,21.0,1781033209337294085
1781033209448934130,31,0,8,0,true,0.0369,0.0041,302,8192,0.003,0.003,47.96,0.003,0,0,0.0002,0.0002,0.13,0.0,25.0,21.0,1781033209434032483
1781033209545476511,31,0,8,0,true,0.0374,0.0042,306,8192,0.003,0.003,47.96,0.003,0,0,0.0002,0.0002,0.13,0.0,25.0,21.0,1781033209544427158
1781033209648854873,31,0,8,0,true,0.0378,0.0041,309,8192,0.002,0.002,47.96,0.002,0,0,0.0002,0.0002,0.11,0.0,25.0,21.0,1781033209641814484
1781033209746067304,31,0,8,0,true,0.0381,0.0041,312,8192,0.002,0.002,47.96,0.002,0,0,0.0002,0.0002,0.12,0.0,25.0,21.0,1781033209729126064
1781033209848860624,31,0,8,0,true,0.0385,0.0042,315,8192,0.003,0.003,47.96,0.003,0,0,0.0002,0.0002,0.13,0.0,25.0,21.0,1781033209812547649
1781033209948853074,31,0,8,0,true,0.0389,0.0041,318,8192,0.003,0.003,47.96,0.003,0,0,0.0002,0.0002,0.13,0.0,25.0,21.0,1781033209916610167
1781033210048861663,31,0,8,0,true,0.0393,0.0041,321,8192,0.003,0.003,47.96,0.003,0,0,0.0002,0.0002,0.14,0.0,25.0,21.0,1781033210017774774
1781033210147070839,31,0,8,0,true,0.0398,0.0041,326,8192,0.003,0.003,47.96,0.003,0,0,0.0002,0.0002,0.12,0.0,25.0,21.0,1781033210146613815
1781033210248870250,31,0,8,0,true,0.0402,0.0041,329,8192,0.002,0.002,47.96,0.002,0,0,0.0002,0.0002,0.11,0.0,25.0,21.0,1781033210239129397
1781033210350256800,31,0,8,0,true,0.0406,0.0041,332,8192,0.003,0.003,47.96,0.003,0,0,0.0002,0.0002,0.14,0.0,25.0,21.0,1781033210326684663
1781033210450729613,31,0,8,0,true,0.041,0.0041,335,8192,0.003,0.003,47.96,0.003,0,0,0.0002,0.0002,0.13,0.0,25.0,21.0,1781033210422106966
1781033210556896165,31,0,8,0,true,0.0414,0.0041,339,8192,0.003,0.003,47.96,0.003,0,0,0.0002,0.0002,0.14,0.0,25.0,21.0,1781033210525994572
1781033210657632779,31,0,8,0,true,0.0419,0.0041,343,8192,0.003,0.003,47.96,0.003,0,0,0.0002,0.0002,0.14,0.0,25.0,21.0,1781033210651087073
1781033210761016140,31,0,8,0,true,0.0421,0.0041,344,8192,0.002,0.002,47.96,0.002,0,0,0.0002,0.0002,0.11,0.0,25.0,21.0,1781033210698043543
1781033210858270211,31,0,8,0,true,0.0426,0.004,349,8192,0.003,0.003,47.96,0.003,0,0,0.0002,0.0002,0.14,0.0,25.0,21.0,1781033210820911666
1781033210958568860,31,0,8,0,true,0.043,0.0042,352,8192,0.002,0.002,47.96,0.002,0,0,0.0002,0.0002,0.12,0.0,25.0,21.0,1781033210919874888
1781033211061024371,31,0,8,0,true,0.0436,0.0042,356,8192,0.002,0.002,47.96,0.002,0,0,0.0002,0.0002,0.12,0.0,25.0,21.0,1781033211050253036
1781033211165014116,31,0,8,0,true,0.044,0.0042,360,8192,0.002,0.002,47.96,0.002,0,0,0.0002,0.0002,0.12,0.0,25.0,21.0,1781033211152284585
1781033211266377363,31,0,8,0,true,0.0444,0.0042,363,8192,0.003,0.003,47.96,0.003,0,0,0.0002,0.0002,0.13,0.0,25.0,21.0,1781033211246284467
1781033211368815895,31,0,8,0,true,0.0447,0.0041,366,8192,0.002,0.002,47.96,0.002,0,0,0.0002,0.0002,0.12,0.0,25.0,21.0,1781033211329186341
1781033211472835433,31,0,8,0,true,0.0451,0.0041,369,8192,0.003,0.003,47.96,0.003,0,0,0.0002,0.0002,0.13,0.0,25.0,21.0,1781033211439216915
1781033211576848664,31,0,8,0,true,0.0457,0.0041,374,8192,0.002,0.002,47.96,0.002,0,0,0.0002,0.0002,0.11,0.0,25.0,21.0,1781033211563627284
1781033211673363017,31,0,8,0,true,0.0461,0.0041,377,8192,0.003,0.003,47.96,0.003,0,0,0.0002,0.0002,0.13,0.0,25.0,21.0,1781033211669250436
1781033211773427379,31,0,8,0,true,0.0464,0.0041,380,8192,0.003,0.003,47.96,0.003,0,0,0.0002,0.0002,0.14,0.0,25.0,21.0,1781033211748359112
1781033211873552631,31,0,8,0,true,0.0468,0.0041,383,8192,0.003,0.003,47.96,0.003,0,0,0.0002,0.0002,0.14,0.0,25.0,21.0,1781033211841774913
1781033211974800399,31,0,8,0,true,0.0471,0.0042,386,8192,0.002,0.002,47.96,0.002,0,0,0.0002,0.0002,0.11,0.0,25.0,21.0,1781033211923545231
1781033212074578404,31,0,8,0,true,0.0477,0.0041,390,8192,0.003,0.003,47.96,0.003,0,0,0.0002,0.0002,0.14,0.0,25.0,21.0,1781033212061889386
1781033212174174712,31,0,8,0,true,0.048,0.0041,393,8192,0.003,0.003,47.96,0.003,0,0,0.0002,0.0002,0.14,0.0,25.0,21.0,1781033212134584250
1781033212274117570,31,0,8,0,true,0.0485,0.0041,397,8192,0.003,0.003,47.96,0.003,0,0,0.0002,0.0002,0.14,0.0,25.0,21.0,1781033212253758815
1781033212373897520,31,0,8,0,true,0.049,0.0041,401,8192,0.003,0.003,47.96,0.003,0,0,0.0002,0.0002,0.13,0.0,25.0,21.0,1781033212369763977
1781033212476873430,31,0,8,0,true,0.0493,0.0041,404,8192,0.003,0.003,47.96,0.003,0,0,0.0002,0.0002,0.12,0.0,25.0,21.0,1781033212457440069
1781033212576880505,31,0,8,0,true,0.0497,0.0041,407,8192,0.002,0.002,47.96,0.002,0,0,0.0002,0.0002,0.11,0.0,25.0,21.0,1781033212558158036
1781033212673425100,31,0,8,0,true,0.0502,0.0041,411,8192,0.003,0.003,47.96,0.003,0,0,0.0002,0.0002,0.14,0.0,25.0,21.0,1781033212673334589
1781033212774308871,31,0,8,0,true,0.0506,0.0041,414,8192,0.003,0.003,47.96,0.003,0,0,0.0002,0.0002,0.14,0.0,25.0,21.0,1781033212765473693
1781033212876847132,31,0,8,0,true,0.051,0.0041,417,8192,0.003,0.003,47.96,0.003,0,0,0.0002,0.0002,0.14,0.0,25.0,21.0,1781033212865376720
1781033212974103679,31,0,8,0,true,0.0513,0.0041,419,8192,0.003,0.003,47.96,0.003,0,0,0.0002,0.0002,0.13,0.0,25.0,21.0,1781033212932564217
1781033213076846154,31,0,8,0,true,0.0518,0.0041,424,8192,0.003,0.003,47.96,0.003,0,0,0.0003,0.0003,0.15,0.0,25.0,21.0,1781033213057678200
1781033213176860113,31,0,8,0,true,0.0522,0.0042,427,8192,0.003,0.003,47.96,0.003,0,0,0.0002,0.0002,0.14,0.0,25.0,21.0,1781033213150541193
1781033213281011492,31,0,8,0,true,0.0526,0.0041,430,8192,0.003,0.003,47.96,0.003,0,0,0.0002,0.0002,0.13,0.0,25.0,21.0,1781033213254310856
1781033213388891177,31,0,8,0,true,0.053,0.0042,434,8192,0.002,0.002,47.96,0.002,0,0,0.0002,0.0002,0.12,0.0,25.0,21.0,1781033213352733524
1781033213489350676,31,0,8,0,true,0.0535,0.0041,438,8192,0.003,0.003,47.96,0.003,0,0,0.0002,0.0002,0.13,0.0,25.0,21.0,1781033213484628685
1781033213590203304,31,0,8,0,true,0.0538,0.0041,441,8192,0.003,0.003,47.96,0.003,0,0,0.0002,0.0002,0.14,0.0,25.0,21.0,1781033213558218252
1781033213690360239,31,0,8,0,true,0.0544,0.0042,445,8192,0.003,0.003,47.96,0.003,0,0,0.0002,0.0002,0.13,0.0,25.0,21.0,1781033213683723128
1781033213791055943,31,0,8,0,true,0.0547,0.0041,448,8192,0.003,0.003,47.96,0.003,0,0,0.0002,0.0002,0.13,0.0,25.0,21.0,1781033213779384217
1781033213892905273,31,0,8,0,true,0.0551,0.0041,451,8192,0.003,0.003,47.96,0.003,0,0,0.0002,0.0002,0.14,0.0,25.0,21.0,1781033213862792019
1781033213992037188,31,0,8,0,true,0.0555,0.0041,454,8192,0.002,0.002,47.96,0.002,0,0,0.0002,0.0002,0.11,0.0,25.0,21.0,1781033213950393911
1781033214090197561,31,0,8,0,true,0.0559,0.0042,458,8192,0.002,0.002,47.96,0.002,0,0,0.0002,0.0002,0.11,0.0,25.0,21.0,1781033214069566709
1781033214189664985,31,0,8,0,true,0.0564,0.0041,462,8192,0.003,0.003,47.96,0.003,0,0,0.0002,0.0002,0.12,0.0,25.0,21.0,1781033214182222358
1781033214292860507,31,0,8,0,true,0.0567,0.0041,464,8192,0.003,0.003,47.96,0.003,0,0,0.0002,0.0002,0.14,0.0,25.0,21.0,1781033214246802874
1781033214392875271,31,0,8,0,true,0.0572,0.0041,468,8192,0.003,0.003,47.96,0.003,0,0,0.0002,0.0002,0.12,0.0,25.0,21.0,1781033214381275627
1781033214490005905,31,0,8,0,true,0.0575,0.0041,471,8192,0.003,0.003,47.96,0.003,0,0,0.0002,0.0002,0.12,0.0,25.0,21.0,1781033214458997908
1781033214592625240,31,0,8,0,true,0.058,0.0041,475,8192,0.003,0.003,47.96,0.003,0,0,0.0002,0.0002,0.12,0.0,25.0,21.0,1781033214576960870
1781033214696883113,31,0,8,0,true,0.0585,0.004,478,8192,0.003,0.003,47.96,0.003,0,0,0.0002,0.0002,0.13,0.0,25.0,21.0,1781033214681277209
1781033214798246106,31,0,8,0,true,0.0589,0.0042,482,8192,0.002,0.002,47.96,0.002,0,0,0.0002,0.0002,0.12,0.0,25.0,21.0,1781033214793411633
1781033214897703924,31,0,8,0,true,0.0593,0.0041,485,8192,0.003,0.003,47.96,0.003,0,0,0.0002,0.0002,0.12,0.0,25.0,21.0,1781033214886113176
1781033214997573753,31,0,8,0,true,0.0597,0.0041,489,8192,0.003,0.003,47.96,0.003,0,0,0.0002,0.0002,0.14,0.0,25.0,21.0,1781033214988622185
1781033215100993615,31,0,8,0,true,0.0601,0.0041,492,8192,0.003,0.003,47.96,0.003,0,0,0.0002,0.0002,0.13,0.0,25.0,21.0,1781033215088344001
1781033215197724907,31,0,8,0,true,0.0606,0.0041,496,8192,0.003,0.003,47.96,0.003,0,0,0.0002,0.0002,0.12,0.0,25.0,21.0,1781033215193636436
1781033215305045344,31,0,8,0,true,0.0609,0.0041,498,8192,0.003,0.003,47.96,0.003,0,0,0.0002,0.0002,0.12,0.0,25.0,21.0,1781033215266025882
1781033215408871636,31,0,8,0,true,0.0613,0.0041,502,8192,0.003,0.003,47.96,0.003,0,0,0.0002,0.0002,0.13,0.0,25.0,21.0,1781033215384475725
1781033215507869758,31,0,8,0,true,0.0618,0.0041,506,8192,0.002,0.002,47.96,0.002,0,0,0.0002,0.0002,0.12,0.0,25.0,21.0,1781033215487425041
1781033215607649426,31,0,8,0,true,0.0623,0.0041,510,8192,0.003,0.003,47.96,0.003,0,0,0.0002,0.0002,0.13,0.0,25.0,21.0,1781033215606547301
1781033215707648044,31,0,8,0,true,0.0626,0.0041,512,8192,0.003,0.003,47.96,0.003,0,0,0.0002,0.0002,0.13,0.0,25.0,21.0,1781033215693097837
1781033215807372632,31,0,8,0,true,0.063,0.0041,515,8192,0.003,0.003,47.96,0.003,0,0,0.0002,0.0002,0.12,0.0,25.0,21.0,1781033215780733835
1781033215908880945,31,0,8,0,true,0.0635,0.0041,520,8192,0.003,0.003,47.96,0.003,0,0,0.0002,0.0002,0.13,0.0,25.0,21.0,1781033215901407272
1781033216009506439,31,0,8,0,true,0.0638,0.0041,522,8192,0.003,0.003,47.96,0.003,0,0,0.0002,0.0002,0.12,0.0,25.0,21.0,1781033215981845584
1781033216105537867,31,0,8,0,true,0.0643,0.0041,526,8192,0.003,0.003,47.96,0.003,0,0,0.0002,0.0002,0.13,0.0,25.0,21.0,1781033216102559314
1781033216208862326,31,0,8,0,true,0.0647,0.0041,529,8192,0.003,0.003,47.96,0.003,0,0,0.0002,0.0002,0.14,0.0,25.0,21.0,1781033216198821361
1781033216312004616,31,0,8,0,true,0.065,0.0041,532,8192,0.003,0.003,47.96,0.003,0,0,0.0002,0.0002,0.12,0.0,25.0,21.0,1781033216284199448
1781033216416860937,31,0,8,0,true,0.0655,0.0041,536,8192,0.003,0.003,47.96,0.003,0,0,0.0002,0.0002,0.13,0.0,25.0,21.0,1781033216400178909
1781033216512822360,31,0,8,0,true,0.0659,0.0042,540,8192,0.002,0.002,47.96,0.002,0,0,0.0002,0.0002,0.12,0.0,25.0,21.0,1781033216500573782
1781033216612910627,31,0,8,0,true,0.0663,0.0042,542,8192,0.002,0.002,47.96,0.002,0,0,0.0002,0.0002,0.12,0.0,25.0,21.0,1781033216577353006
1781033216718649455,31,0,8,0,true,0.0667,0.0041,546,8192,0.003,0.003,47.96,0.003,0,0,0.0002,0.0002,0.13,0.0,25.0,21.0,1781033216686799968
1781033216825475193,31,0,8,0,true,0.0673,0.0041,551,8192,0.003,0.003,47.96,0.003,0,0,0.0002,0.0002,0.12,0.0,25.0,21.0,1781033216824154051
1781033216928888133,31,0,8,0,true,0.0676,0.0041,554,8192,0.002,0.002,47.96,0.002,0,0,0.0002,0.0002,0.11,0.0,25.0,21.0,1781033216910181616
1781033217026895588,31,0,8,0,true,0.0681,0.0042,557,8192,0.002,0.002,47.96,0.002,0,0,0.0002,0.0002,0.12,0.0,25.0,21.0,1781033217022385407
1781033217126725862,31,0,8,0,true,0.0685,0.004,561,8192,0.003,0.003,47.96,0.003,0,0,0.0002,0.0002,0.14,0.0,25.0,21.0,1781033217123274679
1781033217226904003,31,0,8,0,true,0.0689,0.004,564,8192,0.002,0.002,47.96,0.002,0,0,0.0002,0.0002,0.1,0.0,25.0,21.0,1781033217220269235
1781033217332873485,31,0,8,0,true,0.0693,0.0041,567,8192,0.003,0.003,47.96,0.003,0,0,0.0002,0.0002,0.13,0.0,25.0,21.0,1781033217320389748
1781033217434361445,31,0,8,0,true,0.0697,0.0041,571,8192,0.003,0.003,47.96,0.003,0,0,0.0002,0.0002,0.13,0.0,25.0,21.0,1781033217421068911
1781033217534063652,31,0,8,0,true,0.0701,0.0041,574,8192,0.003,0.003,47.96,0.003,0,0,0.0002,0.0002,0.14,0.0,25.0,21.0,1781033217521068981
1781033217636870796,31,0,8,0,true,0.0705,0.0041,577,8192,0.003,0.003,47.96,0.003,0,0,0.0002,0.0002,0.13,0.0,25.0,21.0,1781033217622267149
1781033217734112279,31,0,8,0,true,0.071,0.0041,581,8192,0.002,0.002,47.96,0.002,0,0,0.0002,0.0002,0.12,0.0,25.0,21.0,1781033217722060199
1781033217833767448,31,0,8,0,true,0.0714,0.004,584,8192,0.003,0.003,47.96,0.003,0,0,0.0002,0.0002,0.13,0.0,25.0,21.0,1781033217829655506
1781033217934392493,31,0,8,0,true,0.0718,0.0041,588,8192,0.003,0.003,47.96,0.003,0,0,0.0002,0.0002,0.13,0.0,25.0,21.0,1781033217933632885
1781033218036838718,31,0,8,0,true,0.0721,0.0041,591,8192,0.003,0.003,47.96,0.003,0,0,0.0002,0.0002,0.13,0.0,25.0,21.0,1781033218013598366
1781033218136861084,31,0,8,0,true,0.0726,0.0041,594,8192,0.003,0.003,47.96,0.003,0,0,0.0002,0.0002,0.12,0.0,25.0,21.0,1781033218120628883
1781033218239662053,31,0,8,0,true,0.073,0.0042,598,8192,0.003,0.003,47.96,0.003,0,0,0.0002,0.0002,0.13,0.0,25.0,21.0,1781033218227098159
1781033218340421299,31,0,8,0,true,0.0734,0.0042,601,8192,0.002,0.002,47.96,0.002,0,0,0.0002,0.0002,0.11,0.0,25.0,21.0,1781033218313928711
1781033218441219007,31,0,8,0,true,0.0739,0.0041,604,8192,0.003,0.003,47.96,0.003,0,0,0.0002,0.0002,0.13,0.0,25.0,21.0,1781033218425615721
1781033218540800744,31,0,8,0,true,0.0743,0.0041,608,8192,0.002,0.002,47.96,0.002,0,0,0.0002,0.0002,0.11,0.0,25.0,21.0,1781033218538546939
1781033218640586298,31,0,8,0,true,0.0747,0.0042,611,8192,0.002,0.002,47.96,0.002,0,0,0.0002,0.0002,0.11,0.0,25.0,21.0,1781033218627681783
1781033218741285463,31,0,8,0,true,0.075,0.0041,614,8192,0.002,0.002,47.96,0.002,0,0,0.0002,0.0002,0.1,0.0,25.0,21.0,1781033218714192821
1781033218844967316,31,0,8,0,true,0.0754,0.0041,618,8192,0.002,0.002,47.96,0.002,0,0,0.0002,0.0002,0.1,0.0,25.0,21.0,1781033218813402284
1781033218948956549,31,0,8,0,true,0.0759,0.0043,621,8192,0.002,0.002,47.96,0.002,0,0,0.0002,0.0002,0.11,0.0,25.0,21.0,1781033218916737613
1781033219050548686,31,0,8,0,true,0.0763,0.0042,624,8192,0.003,0.003,47.96,0.003,0,0,0.0002,0.0002,0.13,0.0,25.0,21.0,1781033219009946653
1781033219161763356,31,0,8,0,true,0.0768,0.0041,629,8192,0.003,0.003,47.96,0.003,0,0,0.0002,0.0002,0.13,0.0,25.0,21.0,1781033219152252455
1781033219262946789,31,0,8,0,true,0.0773,0.0042,633,8192,0.003,0.003,47.96,0.003,0,0,0.0002,0.0002,0.13,0.0,25.0,21.0,1781033219259905670
1781033219364893402,31,0,8,0,true,0.0777,0.0041,636,8192,0.003,0.003,47.96,0.003,0,0,0.0002,0.0002,0.14,0.0,25.0,21.0,1781033219350374237
1781033219468903457,31,0,8,0,true,0.0781,0.0041,639,8192,0.002,0.002,47.96,0.002,0,0,0.0002,0.0002,0.12,0.0,25.0,21.0,1781033219445767418
1781033219572945538,31,0,8,0,true,0.0784,0.0042,642,8192,0.003,0.003,47.96,0.003,0,0,0.0002,0.0002,0.13,0.0,25.0,21.0,1781033219537233560
1781033219670264882,31,0,8,0,true,0.0788,0.0041,645,8192,0.002,0.002,47.96,0.002,0,0,0.0002,0.0002,0.12,0.0,25.0,21.0,1781033219626521283
1781033219769628587,31,0,8,0,true,0.0793,0.0041,649,8192,0.003,0.003,47.96,0.003,0,0,0.0002,0.0002,0.12,0.0,25.0,21.0,1781033219749724075
1781033219869896670,31,0,8,0,true,0.0797,0.0042,653,8192,0.002,0.002,47.96,0.002,0,0,0.0002,0.0002,0.11,0.0,25.0,21.0,1781033219853740472
1781033219969440558,31,0,8,0,true,0.0802,0.0041,656,8192,0.003,0.003,47.96,0.003,0,0,0.0002,0.0002,0.14,0.0,25.0,21.0,1781033219965435805
1781033220069494345,31,0,8,0,true,0.0806,0.0041,660,8192,0.002,0.002,47.96,0.002,0,0,0.0002,0.0002,0.12,0.0,25.0,21.0,1781033220066054316
1781033220176873372,31,0,8,0,true,0.081,0.0041,663,8192,0.002,0.002,47.96,0.002,0,0,0.0002,0.0002,0.12,0.0,25.0,21.0,1781033220162566627
1781033220284985074,31,0,8,0,true,0.0814,0.0041,667,8192,0.003,0.003,47.96,0.003,0,0,0.0002,0.0002,0.14,0.0,25.0,21.0,1781033220268718567
1781033220386168307,31,0,8,0,true,0.0817,0.0042,669,8192,0.002,0.002,47.96,0.002,0,0,0.0002,0.0002,0.11,0.0,25.0,21.0,1781033220334569650
1781033220488893742,31,0,8,0,true,0.0823,0.0041,673,8192,0.003,0.003,47.96,0.003,0,0,0.0002,0.0002,0.13,0.0,25.0,21.0,1781033220465125624
1781033220588855138,31,0,8,0,true,0.0827,0.0042,677,8192,0.003,0.003,47.96,0.003,0,0,0.0002,0.0002,0.14,0.0,25.0,21.0,1781033220581595183
1781033220686006920,31,0,8,0,true,0.0831,0.0041,681,8192,0.002,0.002,47.96,0.002,0,0,0.0002,0.0002,0.1,0.0,25.0,21.0,1781033220681745815
1781033220785603791,31,0,8,0,true,0.0834,0.004,683,8192,0.003,0.003,47.96,0.003,0,0,0.0002,0.0002,0.14,0.0,25.0,21.0,1781033220751889120
1781033220888876000,31,0,8,0,true,0.0839,0.0041,687,8192,0.002,0.002,47.96,0.002,0,0,0.0002,0.0002,0.12,0.0,25.0,21.0,1781033220870808169
1781033220985574162,31,0,8,0,true,0.0844,0.0042,691,8192,0.003,0.003,47.96,0.003,0,0,0.0002,0.0002,0.13,0.0,25.0,21.0,1781033220984762205
1781033221086968833,31,0,8,0,true,0.0848,0.0041,694,8192,0.003,0.003,47.96,0.003,0,0,0.0002,0.0002,0.13,0.0,25.0,21.0,1781033221086260251
1781033221188859537,31,0,8,0,true,0.0852,0.0041,697,8192,0.003,0.003,47.96,0.003,0,0,0.0002,0.0002,0.12,0.0,25.0,21.0,1781033221177127726
1781033221285508821,31,0,8,0,true,0.0856,0.0043,701,8192,0.002,0.002,47.96,0.002,0,0,0.0002,0.0002,0.11,0.0,25.0,21.0,1781033221279753799
1781033221388894869,31,0,8,0,true,0.086,0.0041,704,8192,0.002,0.002,47.96,0.002,0,0,0.0002,0.0002,0.12,0.0,25.0,21.0,1781033221372004175
1781033221491794878,31,0,8,0,true,0.0863,0.0041,707,8192,0.003,0.003,47.96,0.003,0,0,0.0002,0.0002,0.12,0.0,25.0,21.0,1781033221457121214
1781033221592564964,31,0,8,0,true,0.0867,0.0042,710,8192,0.003,0.003,47.96,0.003,0,0,0.0002,0.0002,0.13,0.0,25.0,21.0,1781033221552940256
1781033221692649893,31,0,8,0,true,0.0871,0.0042,713,8192,0.002,0.002,47.96,0.002,0,0,0.0002,0.0002,0.12,0.0,25.0,21.0,1781033221651854982
1781033221792854874,31,0,8,0,true,0.0877,0.0041,718,8192,0.002,0.002,47.96,0.002,0,0,0.0002,0.0002,0.09,0.0,25.0,21.0,1781033221790482581
1781033221893211393,31,0,8,0,true,0.0881,0.0041,721,8192,0.002,0.002,47.96,0.002,0,0,0.0002,0.0002,0.12,0.0,25.0,21.0,1781033221887543812
1781033221996856863,31,0,8,0,true,0.0885,0.0041,724,8192,0.003,0.003,47.96,0.003,0,0,0.0002,0.0002,0.13,0.0,25.0,21.0,1781033221980169146
1781033222101363352,31,0,8,0,true,0.0889,0.0041,728,8192,0.002,0.002,47.96,0.002,0,0,0.0002,0.0002,0.11,0.0,25.0,21.0,1781033222085448906
1781033222197356067,31,0,8,0,true,0.0893,0.0041,731,8192,0.003,0.003,47.96,0.003,0,0,0.0002,0.0002,0.13,0.0,25.0,21.0,1781033222190381823
1781033222297832578,31,0,8,0,true,0.0898,0.0041,735,8192,0.002,0.002,47.96,0.002,0,0,0.0002,0.0002,0.11,0.0,25.0,21.0,1781033222293080171
1781033222398257301,31,0,8,0,true,0.0901,0.0041,738,8192,0.002,0.002,47.96,0.002,0,0,0.0002,0.0002,0.09,0.0,25.0,21.0,1781033222383889543
1781033222497503265,31,0,8,0,true,0.0905,0.0042,741,8192,0.003,0.003,47.96,0.003,0,0,0.0002,0.0002,0.14,0.0,25.0,21.0,1781033222477699308
1781033222601056117,31,0,8,0,true,0.091,0.0041,745,8192,0.003,0.003,47.96,0.003,0,0,0.0002,0.0002,0.13,0.0,25.0,21.0,1781033222593177217
1781033222698386740,31,0,8,0,true,0.0914,0.0041,748,8192,0.003,0.003,47.96,0.003,0,0,0.0002,0.0002,0.13,0.0,25.0,21.0,1781033222680026327
1781033222798128215,31,0,8,0,true,0.0917,0.0041,751,8192,0.003,0.003,47.96,0.003,0,0,0.0002,0.0002,0.13,0.0,25.0,21.0,1781033222759737807
1781033222901003172,31,0,8,0,true,0.0922,0.0041,755,8192,0.003,0.003,47.96,0.003,0,0,0.0002,0.0002,0.13,0.0,25.0,21.0,1781033222883864691
1781033222998073265,31,0,8,0,true,0.0926,0.0041,758,8192,0.002,0.002,47.96,0.002,0,0,0.0002,0.0002,0.12,0.0,25.0,21.0,1781033222982504902
1781033223102830136,31,0,8,0,true,0.0929,0.0041,761,8192,0.002,0.002,47.96,0.002,0,0,0.0002,0.0002,0.1,0.0,25.0,21.0,1781033223062210148
1781033223203712575,31,0,8,0,true,0.0934,0.0041,765,8192,0.003,0.003,47.96,0.003,0,0,0.0002,0.0002,0.13,0.0,25.0,21.0,1781033223176135459
1781033223308222307,31,0,8,0,true,0.0938,0.0041,768,8192,0.003,0.003,47.96,0.003,0,0,0.0002,0.0002,0.14,0.0,25.0,21.0,1781033223284925609
1781033223412844116,31,0,8,0,true,0.0944,0.0041,772,8192,0.003,0.003,47.96,0.003,0,0,0.0002,0.0002,0.14,0.0,25.0,21.0,1781033223406201983
1781033223516874739,31,0,8,0,true,0.0947,0.0042,775,8192,0.002,0.002,47.96,0.002,0,0,0.0002,0.0002,0.11,0.0,25.0,21.0,1781033223490049422
1781033223621121828,31,0,8,0,true,0.0952,0.0041,779,8192,0.003,0.003,47.96,0.003,0,0,0.0002,0.0002,0.14,0.0,25.0,21.0,1781033223605873296
1781033223718231477,31,0,8,0,true,0.0956,0.0041,783,8192,0.003,0.003,47.96,0.003,0,0,0.0002,0.0002,0.12,0.0,25.0,21.0,1781033223710712975
1781033223817953742,31,0,8,0,true,0.096,0.0042,786,8192,0.003,0.003,47.96,0.003,0,0,0.0002,0.0002,0.12,0.0,25.0,21.0,1781033223801589291
1781033223925381948,31,0,8,0,true,0.0965,0.0041,790,8192,0.003,0.003,47.96,0.003,0,0,0.0002,0.0002,0.12,0.0,25.0,21.0,1781033223924680895
1781033224027137910,31,0,8,0,true,0.0968,0.0041,792,8192,0.003,0.003,47.96,0.003,0,0,0.0002,0.0002,0.13,0.0,25.0,21.0,1781033224001619498
1781033224128877214,31,0,8,0,true,0.0972,0.0041,796,8192,0.003,0.003,47.96,0.003,0,0,0.0002,0.0002,0.13,0.0,25.0,21.0,1781033224109931622
1781033224236880984,31,0,8,0,true,0.0977,0.0041,800,8192,0.003,0.003,47.96,0.003,0,0,0.0002,0.0002,0.13,0.0,25.0,21.0,1781033224218319873
1781033224341094061,31,0,8,0,true,0.098,0.0043,802,8192,0.002,0.002,47.96,0.002,0,0,0.0002,0.0002,0.1,0.0,25.0,21.0,1781033224289695125
1781033224441193622,31,0,8,0,true,0.0984,0.0041,805,8192,0.003,0.003,47.96,0.003,0,0,0.0002,0.0002,0.13,0.0,25.0,21.0,1781033224387626900
1781033224541117805,31,0,8,0,true,0.0988,0.0042,809,8192,0.003,0.003,47.96,0.003,0,0,0.0002,0.0002,0.13,0.0,25.0,21.0,1781033224496173853
1781033224641016090,31,0,8,0,true,0.0993,0.0041,813,8192,0.003,0.003,47.96,0.003,0,0,0.0002,0.0002,0.12,0.0,25.0,21.0,1781033224618267050
1781033224738481245,31,0,8,0,true,0.0998,0.0042,817,8192,0.003,0.003,47.96,0.003,0,0,0.0002,0.0002,0.13,0.0,25.0,21.0,1781033224731219764
1781033224837647379,31,0,8,0,true,0.1001,0.0042,820,8192,0.003,0.003,47.96,0.003,0,0,0.0002,0.0002,0.13,0.0,25.0,21.0,1781033224809321477
1781033224938108476,31,0,8,0,true,0.1006,0.0041,824,8192,0.002,0.002,47.96,0.002,0,0,0.0002,0.0002,0.12,0.0,25.0,21.0,1781033224920386128
1781033225041067006,31,0,8,0,true,0.101,0.0041,827,8192,0.003,0.003,47.96,0.003,0,0,0.0002,0.0002,0.13,0.0,25.0,21.0,1781033225029123565
1781033225140599345,31,0,8,0,true,0.1015,0.0042,831,8192,0.002,0.002,47.96,0.002,0,0,0.0002,0.0002,0.11,0.0,25.0,21.0,1781033225134231346
1781033225238186342,31,0,8,0,true,0.1017,0.0041,833,8192,0.002,0.002,47.95,0.002,0,0,0.0002,0.0002,0.1,0.0,25.0,21.0,1781033225196255371
1781033225339385005,31,0,8,0,true,0.1023,0.004,837,8192,0.003,0.003,47.95,0.003,0,0,0.0002,0.0002,0.13,0.0,25.0,21.0,1781033225330580019
1781033225444265472,31,0,8,0,true,0.1027,0.0042,841,8192,0.002,0.002,47.95,0.002,0,0,0.0002,0.0002,0.11,0.0,25.0,21.0,1781033225442721042
1781033225547178805,31,0,8,0,true,0.1031,0.0042,844,8192,0.003,0.003,47.95,0.003,0,0,0.0002,0.0002,0.12,0.0,25.0,21.0,1781033225526291522
1781033225648888257,31,0,8,0,true,0.1034,0.0042,847,8192,0.003,0.003,47.95,0.003,0,0,0.0002,0.0002,0.13,0.0,25.0,21.0,1781033225608567821
1781033225744957394,31,0,8,0,true,0.104,0.0041,851,8192,0.003,0.003,47.95,0.003,0,0,0.0002,0.0002,0.13,0.0,25.0,21.0,1781033225740174304
1781033225844960864,31,0,8,0,true,0.1044,0.0041,854,8192,0.003,0.003,47.95,0.003,0,0,0.0002,0.0002,0.13,0.0,25.0,21.0,1781033225837147055
1781033225948908192,31,0,8,0,true,0.1047,0.0041,857,8192,0.003,0.003,47.95,0.003,0,0,0.0002,0.0002,0.13,0.0,25.0,21.0,1781033225914790992
1781033226044740520,31,0,8,0,true,0.1052,0.0041,861,8192,0.002,0.002,47.95,0.002,0,0,0.0002,0.0002,0.1,0.0,25.0,21.0,1781033226043139286
1781033226145181139,31,0,8,0,true,0.1056,0.0041,865,8192,0.003,0.003,47.95,0.003,0,0,0.0002,0.0002,0.12,0.0,25.0,21.0,1781033226136886283
1781033226244511236,31,0,8,0,true,0.106,0.0041,868,8192,0.003,0.003,47.95,0.003,0,0,0.0002,0.0002,0.13,0.0,25.0,21.0,1781033226237846460
1781033226344672924,31,0,8,0,true,0.1064,0.0041,871,8192,0.003,0.003,47.95,0.003,0,0,0.0002,0.0002,0.13,0.0,25.0,21.0,1781033226335400275
1781033226448914828,31,0,8,0,true,0.1068,0.0042,875,8192,0.002,0.002,47.95,0.002,0,0,0.0002,0.0002,0.11,0.0,25.0,21.0,1781033226437186368
1781033226544939057,31,0,8,0,true,0.1072,0.0041,877,8192,0.003,0.003,47.95,0.003,0,0,0.0002,0.0002,0.13,0.0,25.0,21.0,1781033226518882915
1781033226652895218,31,0,8,0,true,0.1076,0.004,881,8192,0.002,0.002,47.95,0.002,0,0,0.0002,0.0002,0.09,0.0,25.0,21.0,1781033226625486792
1781033226756702319,31,0,8,0,true,0.108,0.0041,884,8192,0.003,0.003,47.95,0.003,0,0,0.0002,0.0002,0.13,0.0,25.0,21.0,1781033226720592688
1781033226861001787,31,0,8,0,true,0.1085,0.0041,889,8192,0.002,0.002,47.95,0.002,0,0,0.0002,0.0002,0.09,0.0,25.0,21.0,1781033226850167281
1781033226965260462,31,0,8,0,true,0.1089,0.004,892,8192,0.002,0.002,47.95,0.002,0,0,0.0002,0.0002,0.09,0.0,25.0,21.0,1781033226950279105
1781033227061746960,31,0,8,0,true,0.1093,0.0041,895,8192,0.003,0.003,47.95,0.003,0,0,0.0002,0.0002,0.12,0.0,25.0,21.0,1781033227034175407
1781033227162371677,31,0,8,0,true,0.1096,0.004,898,8192,0.002,0.002,47.95,0.002,0,0,0.0001,0.0001,0.09,0.0,25.0,21.0,1781033227126150846
1781033227265028905,31,0,8,0,true,0.1101,0.0041,901,8192,0.002,0.002,47.95,0.002,0,0,0.0002,0.0002,0.11,0.0,25.0,21.0,1781033227236376506
1781033227364677517,31,0,8,0,true,0.1105,0.0041,905,8192,0.002,0.002,47.95,0.002,0,0,0.0002,0.0002,0.11,0.0,25.0,21.0,1781033227334713350
1781033227468852596,31,0,8,0,true,0.1109,0.0041,908,8192,0.003,0.003,47.95,0.003,0,0,0.0002,0.0002,0.14,0.0,25.0,21.0,1781033227423316469
1781033227572881058,31,0,8,0,true,0.1114,0.0041,912,8192,0.003,0.003,47.95,0.003,0,0,0.0002,0.0002,0.14,0.0,25.0,21.0,1781033227541149777
1781033227670355499,31,0,8,0,true,0.1118,0.0041,916,8192,0.002,0.002,47.95,0.002,0,0,0.0002,0.0002,0.12,0.0,25.0,21.0,1781033227655684903
1781033227771602704,31,0,8,0,true,0.1122,0.0041,919,8192,0.003,0.003,47.95,0.003,0,0,0.0002,0.0002,0.13,0.0,25.0,21.0,1781033227753142593
1781033227869794170,31,0,8,0,true,0.1127,0.0041,923,8192,0.003,0.003,47.95,0.003,0,0,0.0002,0.0002,0.12,0.0,25.0,21.0,1781033227866238274
1781033227969906105,31,0,8,0,true,0.1131,0.0041,926,8192,0.002,0.002,47.95,0.002,0,0,0.0002,0.0002,0.12,0.0,25.0,21.0,1781033227954479546
1781033228070001169,31,0,8,0,true,0.1134,0.0042,928,8192,0.003,0.003,47.95,0.003,0,0,0.0002,0.0002,0.13,0.0,25.0,21.0,1781033228026088948
1781033228171505141,31,0,8,0,true,0.1139,0.0041,933,8192,0.003,0.003,47.95,0.003,0,0,0.0002,0.0002,0.12,0.0,25.0,21.0,1781033228161358835
1781033228271296824,31,0,8,0,true,0.1143,0.0043,936,8192,0.002,0.002,47.95,0.002,0,0,0.0002,0.0002,0.1,0.0,25.0,21.0,1781033228243740562
1781033228369573901,31,0,8,0,true,0.1148,0.0041,940,8192,0.002,0.002,47.95,0.002,0,0,0.0002,0.0002,0.11,0.0,25.0,21.0,1781033228369094078
1781033228470159640,31,0,8,0,true,0.1152,0.0041,943,8192,0.003,0.003,47.95,0.003,0,0,0.0002,0.0002,0.13,0.0,25.0,21.0,1781033228465094728
1781033228569423776,31,0,8,0,true,0.1156,0.0041,946,8192,0.003,0.003,47.95,0.003,0,0,0.0002,0.0002,0.13,0.0,25.0,21.0,1781033228565537329
1781033228672866688,31,0,8,0,true,0.1159,0.0042,949,8192,0.003,0.003,47.95,0.003,0,0,0.0002,0.0002,0.13,0.0,25.0,21.0,1781033228652950653
1781033228772895004,31,0,8,0,true,0.1164,0.0041,953,8192,0.003,0.003,47.95,0.003,0,0,0.0002,0.0002,0.12,0.0,25.0,21.0,1781033228753538026
1781033228872906471,31,0,8,0,true,0.1167,0.0041,956,8192,0.002,0.002,47.95,0.002,0,0,0.0002,0.0002,0.11,0.0,25.0,21.0,1781033228842637382
1781033228976873660,31,0,8,0,true,0.1172,0.0041,960,8192,0.002,0.002,47.95,0.002,0,0,0.0002,0.0002,0.1,0.0,25.0,21.0,1781033228967246626
1781033229077441395,31,0,8,0,true,0.1177,0.0041,963,8192,0.003,0.003,47.95,0.003,0,0,0.0002,0.0002,0.13,0.0,25.0,21.0,1781033229068329942
1781033229180961768,31,0,8,0,true,0.118,0.0041,966,8192,0.003,0.003,47.95,0.003,0,0,0.0002,0.0002,0.12,0.0,25.0,21.0,1781033229150248128
1781033229285465275,31,0,8,0,true,0.1185,0.004,970,8192,0.003,0.003,47.95,0.003,0,0,0.0002,0.0002,0.13,0.0,25.0,21.0,1781033229279381906
1781033229387069357,31,0,8,0,true,0.1189,0.0041,973,8192,0.003,0.003,47.95,0.003,0,0,0.0002,0.0002,0.13,0.0,25.0,21.0,1781033229358266019
1781033229492858543,31,0,8,0,true,0.1193,0.0041,977,8192,0.003,0.003,47.95,0.003,0,0,0.0002,0.0002,0.13,0.0,25.0,21.0,1781033229462844331
1781033229593768648,31,0,8,0,true,0.1198,0.0042,981,8192,0.003,0.003,47.95,0.003,0,0,0.0002,0.0002,0.13,0.0,25.0,21.0,1781033229586191068
1781033229696918252,31,0,8,0,true,0.12,0.0041,983,8192,0.003,0.003,47.95,0.003,0,0,0.0002,0.0002,0.13,0.0,25.0,21.0,1781033229649304912
1781033229796870964,31,0,8,0,true,0.1206,0.0041,987,8192,0.003,0.003,47.95,0.003,0,0,0.0002,0.0002,0.12,0.0,25.0,21.0,1781033229782342507
1781033229894147961,31,0,8,0,true,0.121,0.004,991,8192,0.003,0.003,47.95,0.003,0,0,0.0002,0.0002,0.12,0.0,25.0,21.0,1781033229890772435
1781033229996268589,31,0,8,0,true,0.1214,0.0043,994,8192,0.002,0.002,47.95,0.002,0,0,0.0002,0.0002,0.1,0.0,25.0,21.0,1781033229984854354
1781033230096880511,31,0,8,0,true,0.1219,0.0041,998,8192,0.002,0.002,47.95,0.002,0,0,0.0002,0.0002,0.11,0.0,25.0,21.0,1781033230087367696
1781033230193617422,31,0,8,0,true,0.1223,0.0041,1001,8192,0.003,0.003,47.95,0.003,0,0,0.0002,0.0002,0.13,0.0,25.0,21.0,1781033230184432425
1781033230294258401,31,0,8,0,true,0.1227,0.004,1005,8192,0.002,0.002,47.95,0.002,0,0,0.0001,0.0001,0.08,0.0,25.0,21.0,1781033230290056609
1781033230394090430,31,0,8,0,true,0.123,0.0041,1007,8192,0.003,0.003,47.95,0.003,0,0,0.0002,0.0002,0.13,0.0,25.0,21.0,1781033230372621408
1781033230496870646,31,0,8,0,true,0.1234,0.0041,1010,8192,0.003,0.003,47.95,0.003,0,0,0.0002,0.0002,0.13,0.0,25.0,21.0,1781033230462131507
1781033230593768784,31,0,8,0,true,0.1239,0.0042,1014,8192,0.002,0.002,47.95,0.002,0,0,0.0002,0.0002,0.11,0.0,25.0,21.0,1781033230585226412
1781033230696477674,31,0,8,0,true,0.1244,0.0041,1018,8192,0.002,0.002,47.95,0.002,0,0,0.0002,0.0002,0.12,0.0,25.0,21.0,1781033230695801996
1781033230793886740,31,0,8,0,true,0.1247,0.0043,1021,8192,0.002,0.002,47.95,0.002,0,0,0.0002,0.0002,0.1,0.0,25.0,21.0,1781033230788012072
1781033230893674098,31,0,8,0,true,0.1252,0.0041,1025,8192,0.002,0.002,47.95,0.002,0,0,0.0002,0.0002,0.1,0.0,25.0,21.0,1781033230891387200
1781033231005008648,31,0,8,0,true,0.1254,0.0041,1027,8192,0.003,0.003,47.95,0.003,0,0,0.0002,0.0002,0.12,0.0,25.0,21.0,1781033230960884661
1781033231110184755,31,0,8,0,true,0.126,0.0041,1032,8192,0.003,0.003,47.95,0.003,0,0,0.0002,0.0002,0.12,0.0,25.0,21.0,1781033231089893613
1781033231210961015,31,0,8,0,true,0.1265,0.0041,1035,8192,0.002,0.002,47.95,0.002,0,0,0.0002,0.0002,0.11,0.0,25.0,21.0,1781033231206063499
1781033231316876397,31,0,8,0,true,0.1269,0.004,1039,8192,0.003,0.003,47.95,0.003,0,0,0.0002,0.0002,0.13,0.0,25.0,21.0,1781033231305163609
1781033231425011081,31,0,8,0,true,0.1273,0.0041,1042,8192,0.003,0.003,47.95,0.003,0,0,0.0002,0.0002,0.12,0.0,25.0,21.0,1781033231414456087
1781033231525468481,31,0,8,0,true,0.1278,0.004,1046,8192,0.002,0.002,47.95,0.002,0,0,0.0001,0.0001,0.08,0.0,25.0,21.0,1781033231524527729
1781033231626178278,31,0,8,0,true,0.1282,0.0041,1049,8192,0.003,0.003,47.95,0.003,0,0,0.0002,0.0002,0.13,0.0,25.0,21.0,1781033231619468291
1781033231728888635,31,0,8,0,true,0.1285,0.0041,1052,8192,0.002,0.002,47.95,0.002,0,0,0.0002,0.0002,0.11,0.0,25.0,21.0,1781033231693650826
1781033231826007537,31,0,8,0,true,0.1289,0.0041,1056,8192,0.002,0.002,47.95,0.002,0,0,0.0002,0.0002,0.1,0.0,25.0,21.0,1781033231810177361
1781033231927645113,31,0,8,0,true,0.1294,0.0042,1060,8192,0.003,0.003,47.95,0.003,0,0,0.0002,0.0002,0.12,0.0,25.0,21.0,1781033231921600568
1781033232026843064,31,0,8,0,true,0.1297,0.0043,1062,8192,0.002,0.002,47.95,0.002,0,0,0.0002,0.0002,0.1,0.0,25.0,21.0,1781033232003092429
1781033232125527156,31,0,8,0,true,0.1302,0.0041,1066,8192,0.003,0.003,47.95,0.003,0,0,0.0002,0.0002,0.12,0.0,25.0,21.0,1781033232107935394
1781033232228924473,31,0,8,0,true,0.1307,0.004,1070,8192,0.003,0.003,47.95,0.003,0,0,0.0002,0.0002,0.13,0.0,25.0,21.0,1781033232227902713
1781033232328861909,31,0,8,0,true,0.131,0.0041,1073,8192,0.002,0.002,47.95,0.002,0,0,0.0001,0.0001,0.08,0.0,25.0,21.0,1781033232320224458
1781033232427368416,31,0,8,0,true,0.1314,0.0041,1076,8192,0.002,0.002,47.95,0.002,0,0,0.0002,0.0002,0.12,0.0,25.0,21.0,1781033232410868090
1781033232526011699,31,0,8,0,true,0.1317,0.0042,1078,8192,0.002,0.002,47.95,0.002,0,0,0.0002,0.0002,0.1,0.0,25.0,21.0,1781033232483710848
1781033232626106528,31,0,8,0,true,0.1322,0.0041,1082,8192,0.003,0.003,47.95,0.003,0,0,0.0002,0.0002,0.12,0.0,25.0,21.0,1781033232599030667
1781033232728832726,31,0,8,0,true,0.1326,0.004,1086,8192,0.005,0.005,47.95,0.005,0,0,0.0004,0.0004,0.25,0.0,25.0,21.0,1781033232709646539
1781033232832865784,31,0,8,0,true,0.1331,0.0041,1089,8192,0.003,0.003,47.95,0.003,0,0,0.0003,0.0003,0.15,0.0,25.0,21.0,1781033232812594907
1781033232933550893,31,0,8,0,true,0.1334,0.003,1093,8192,0.005,0.005,47.95,0.005,0,0,0.0004,0.0004,0.25,0.0,25.0,21.0,1781033232915583510
1781033233036875192,31,0,8,0,true,0.1338,0.0038,1096,8192,0.002,0.002,47.95,0.002,0,0,0.0002,0.0002,0.09,0.0,25.0,21.0,1781033233017972690
1781033233136869039,31,0,8,0,true,0.1342,0.0039,1099,8192,0.002,0.002,47.95,0.002,0,0,0.0002,0.0002,0.11,0.0,25.0,21.0,1781033233121273662
1781033233241029946,31,0,8,0,true,0.1346,0.0039,1102,8192,0.002,0.002,47.95,0.002,0,0,0.0002,0.0002,0.11,0.0,25.0,21.0,1781033233226213775
1781033233342222985,31,0,8,0,true,0.135,0.0039,1105,8192,0.002,0.002,47.95,0.002,0,0,0.0002,0.0002,0.1,0.0,25.0,21.0,1781033233324027147
1781033233445625690,31,0,8,0,true,0.1354,0.0039,1109,8192,0.002,0.002,47.95,0.002,0,0,0.0002,0.0002,0.12,0.0,25.0,21.0,1781033233433381311
1781033233543386961,31,0,8,0,true,0.1358,0.0038,1112,8192,0.002,0.002,47.95,0.002,0,0,0.0002,0.0002,0.09,0.0,25.0,21.0,1781033233524878255
1781033233644632163,31,0,8,0,true,0.1361,0.0038,1115,8192,0.002,0.002,47.95,0.002,0,0,0.0002,0.0002,0.11,0.0,25.0,21.0,1781033233626277466
1781033233744916230,31,0,8,0,true,0.1365,0.0039,1118,8192,0.002,0.002,47.95,0.002,0,0,0.0002,0.0002,0.11,0.0,25.0,21.0,1781033233726306909
1781033233842123936,31,0,8,0,true,0.137,0.0038,1121,8192,0.002,0.002,47.95,0.002,0,0,0.0002,0.0002,0.1,0.0,25.0,21.0,1781033233837163825
1781033233944883194,31,0,8,0,true,0.1373,0.0038,1124,8192,0.002,0.002,47.95,0.002,0,0,0.0001,0.0001,0.08,0.0,25.0,21.0,1781033233924254692
1781033234042296151,31,0,8,0,true,0.1377,0.0038,1128,8192,0.002,0.002,47.95,0.002,0,0,0.0002,0.0002,0.1,0.0,25.0,21.0,1781033234040309153
1781033234141549717,31,0,8,0,true,0.1381,0.0038,1131,8192,0.002,0.002,47.95,0.002,0,0,0.0001,0.0001,0.08,0.0,25.0,21.0,1781033234136465549
1781033234241502586,31,0,8,0,true,0.1384,0.0039,1133,8192,0.002,0.002,47.95,0.002,0,0,0.0002,0.0002,0.1,0.0,25.0,21.0,1781033234214122916
1781033234344885229,31,0,8,0,true,0.1388,0.0038,1137,8192,0.002,0.002,47.95,0.002,0,0,0.0002,0.0002,0.09,0.0,25.0,21.0,1781033234325774110
1781033234444886335,31,0,8,0,true,0.1392,0.0039,1140,8192,0.002,0.002,47.95,0.002,0,0,0.0002,0.0002,0.1,0.0,25.0,21.0,1781033234425186574
1781033234545047165,31,0,8,0,true,0.1396,0.0038,1143,8192,0.002,0.002,47.95,0.002,0,0,0.0002,0.0002,0.1,0.0,25.0,21.0,1781033234517990618
1781033234644891197,31,0,8,0,true,0.14,0.0038,1146,8192,0.001,0.001,47.95,0.001,0,0,0.0001,0.0001,0.07,0.0,25.0,21.0,1781033234626874386
1781033234743648646,31,0,8,0,true,0.1404,0.0038,1149,8192,0.002,0.002,47.95,0.002,0,0,0.0001,0.0001,0.08,0.0,25.0,21.0,1781033234725610141
1781033234848888484,31,0,8,0,true,0.1407,0.004,1152,8192,0.002,0.002,47.95,0.002,0,0,0.0002,0.0002,0.1,0.0,25.0,21.0,1781033234818625101
1781033234951982539,31,0,8,0,true,0.1412,0.0038,1156,8192,0.002,0.002,47.95,0.002,0,0,0.0002,0.0002,0.1,0.0,25.0,21.0,1781033234933645107
1781033235049501535,31,0,8,0,true,0.1415,0.0038,1159,8192,0.002,0.002,47.95,0.002,0,0,0.0002,0.0002,0.12,0.0,25.0,21.0,1781033235030555177
1781033235156872150,31,0,8,0,true,0.1419,0.0038,1162,8192,0.002,0.002,47.95,0.002,0,0,0.0002,0.0002,0.09,0.0,25.0,21.0,1781033235114646034
1781033235257796844,31,0,8,0,true,0.1423,0.0039,1166,8192,0.002,0.002,47.95,0.002,0,0,0.0002,0.0002,0.12,0.0,25.0,21.0,1781033235238157137
1781033235359572711,31,0,8,0,true,0.1428,0.0039,1169,8192,0.0,0.0,47.95,0.0,0,0,0.0,0.0,0.02,0.0,25.0,21.0,1781033235344539579
1781033235458686805,31,0,8,0,true,0.1432,0.0038,1172,8192,0.002,0.002,47.95,0.002,0,0,0.0002,0.0002,0.09,0.0,25.0,21.0,1781033235447266188
1781033235565134153,31,0,8,0,true,0.1435,0.0039,1175,8192,0.002,0.002,47.95,0.002,0,0,0.0002,0.0002,0.1,0.0,25.0,21.0,1781033235539911397
1781033235666398620,31,0,8,0,true,0.144,0.0039,1179,8192,0.002,0.002,47.95,0.002,0,0,0.0002,0.0002,0.1,0.0,25.0,21.0,1781033235665602911
1781033235768372989,31,0,8,0,true,0.1444,0.0038,1182,8192,0.002,0.002,47.95,0.002,0,0,0.0002,0.0002,0.09,0.0,25.0,21.0,1781033235759894410
1781033235868887542,31,0,8,0,true,0.1447,0.0038,1185,8192,0.002,0.002,47.95,0.002,0,0,0.0002,0.0002,0.1,0.0,25.0,21.0,1781033235857224265
1781033235966130574,31,0,8,0,true,0.1451,0.0039,1188,8192,0.002,0.002,47.95,0.002,0,0,0.0002,0.0002,0.1,0.0,25.0,21.0,1781033235957252217
1781033236065800310,31,0,8,0,true,0.1455,0.0038,1191,8192,0.002,0.002,47.95,0.002,0,0,0.0002,0.0002,0.11,0.0,25.0,21.0,1781033236053260274
1781033236168864321,31,0,8,0,true,0.1459,0.0038,1195,8192,0.001,0.001,47.95,0.001,0,0,0.0001,0.0001,0.06,0.0,25.0,21.0,1781033236154355240
1781033236267820882,31,0,8,0,true,0.1462,0.0038,1198,8192,0.002,0.002,47.95,0.002,0,0,0.0001,0.0001,0.08,0.0,25.0,21.0,1781033236251187824
1781033236366088586,31,0,8,0,true,0.1466,0.0039,1201,8192,0.002,0.002,47.95,0.002,0,0,0.0002,0.0002,0.1,0.0,25.0,21.0,1781033236353241075
1781033236468876940,31,0,8,0,true,0.1471,0.0038,1204,8192,0.002,0.002,47.95,0.002,0,0,0.0002,0.0002,0.11,0.0,25.0,21.0,1781033236460770415
1781033236566166402,31,0,8,0,true,0.1474,0.004,1207,8192,0.002,0.002,47.95,0.002,0,0,0.0002,0.0002,0.1,0.0,25.0,21.0,1781033236553338708
1781033236666295092,31,0,8,0,true,0.1477,0.0038,1210,8192,0.002,0.002,47.95,0.002,0,0,0.0002,0.0002,0.11,0.0,25.0,21.0,1781033236637917020
1781033236766488183,31,0,8,0,true,0.1482,0.0039,1214,8192,0.002,0.002,47.95,0.002,0,0,0.0002,0.0002,0.11,0.0,25.0,21.0,1781033236765163008
1781033236867214490,31,0,8,0,true,0.1485,0.0039,1216,8192,0.002,0.002,47.95,0.002,0,0,0.0002,0.0002,0.1,0.0,25.0,21.0,1781033236845756466
1781033236968867314,31,0,8,0,true,0.149,0.0038,1220,8192,0.002,0.002,47.95,0.002,0,0,0.0002,0.0002,0.1,0.0,25.0,21.0,1781033236958140462
1781033237068881152,31,0,8,0,true,0.1493,0.0038,1223,8192,0.001,0.001,47.95,0.001,0,0,0.0001,0.0001,0.07,0.0,25.0,21.0,1781033237046340127
1781033237167354472,31,0,8,0,true,0.1497,0.0039,1226,8192,0.0,0.0,47.95,0.0,0,0,0.0,0.0,0.02,0.0,25.0,21.0,1781033237140077678
1781033237269526890,31,0,8,0,true,0.1501,0.0038,1229,8192,0.002,0.002,47.95,0.002,0,0,0.0002,0.0002,0.1,0.0,25.0,21.0,1781033237257070900
1781033237365472482,31,0,8,0,true,0.1504,0.0038,1232,8192,0.002,0.002,47.95,0.002,0,0,0.0002,0.0002,0.09,0.0,25.0,21.0,1781033237335177648
1781033237466958053,31,0,8,0,true,0.1509,0.0038,1236,8192,0.002,0.002,47.95,0.002,0,0,0.0002,0.0002,0.1,0.0,25.0,21.0,1781033237466463221
1781033237568868678,31,0,8,0,true,0.1512,0.0038,1238,8192,0.002,0.002,47.95,0.002,0,0,0.0001,0.0001,0.09,0.0,25.0,21.0,1781033237547635930
1781033237666403570,31,0,8,0,true,0.1516,0.0038,1242,8192,0.002,0.002,47.95,0.002,0,0,0.0002,0.0002,0.11,0.0,25.0,21.0,1781033237655075937
1781033237768868214,31,0,8,0,true,0.1521,0.0039,1245,8192,0.002,0.002,47.95,0.002,0,0,0.0002,0.0002,0.1,0.0,25.0,21.0,1781033237760976069
1781033237868849595,31,0,8,0,true,0.1524,0.0038,1248,8192,0.002,0.002,47.95,0.002,0,0,0.0002,0.0002,0.1,0.0,25.0,21.0,1781033237860028224
1781033237972872170,31,0,8,0,true,0.1528,0.0039,1251,8192,0.002,0.002,47.95,0.002,0,0,0.0002,0.0002,0.11,0.0,25.0,21.0,1781033237958200088
1781033238074442096,31,0,8,0,true,0.1531,0.0038,1254,8192,0.002,0.002,47.95,0.002,0,0,0.0002,0.0002,0.09,0.0,25.0,21.0,1781033238041188234
1781033238181258471,31,0,8,0,true,0.1536,0.0039,1258,8192,0.002,0.002,47.95,0.002,0,0,0.0002,0.0002,0.1,0.0,25.0,21.0,1781033238166044717
1781033238282037744,31,0,8,0,true,0.154,0.0038,1261,8192,0.002,0.002,47.95,0.002,0,0,0.0001,0.0001,0.08,0.0,25.0,21.0,1781033238279890243
1781033238381568714,31,0,8,0,true,0.1543,0.0039,1264,8192,0.002,0.002,47.95,0.002,0,0,0.0002,0.0002,0.1,0.0,25.0,21.0,1781033238349372167
1781033238482264418,31,0,8,0,true,0.1547,0.0039,1267,8192,0.002,0.002,47.95,0.002,0,0,0.0002,0.0002,0.1,0.0,25.0,21.0,1781033238457169081
1781033238582108572,31,0,8,0,true,0.1551,0.0038,1270,8192,0.002,0.002,47.95,0.002,0,0,0.0001,0.0001,0.08,0.0,25.0,21.0,1781033238556217661
1781033238685101537,31,0,8,0,true,0.1555,0.0038,1274,8192,0.002,0.002,47.95,0.002,0,0,0.0001,0.0001,0.09,0.0,25.0,21.0,1781033238663644602
1781033238781639679,31,0,8,0,true,0.1559,0.0039,1276,8192,0.002,0.002,47.95,0.002,0,0,0.0002,0.0002,0.11,0.0,25.0,21.0,1781033238750373482
1781033238882022323,31,0,8,0,true,0.1562,0.0038,1279,8192,0.002,0.002,47.95,0.002,0,0,0.0002,0.0002,0.12,0.0,25.0,21.0,1781033238851720273
1781033238981733040,31,0,8,0,true,0.1567,0.0038,1283,8192,0.002,0.002,47.95,0.002,0,0,0.0002,0.0002,0.1,0.0,25.0,21.0,1781033238980353172
1781033239082046897,31,0,8,0,true,0.1571,0.0039,1286,8192,0.002,0.002,47.95,0.002,0,0,0.0002,0.0002,0.09,0.0,25.0,21.0,1781033239069657740
1781033239184842237,31,0,8,0,true,0.1575,0.0038,1290,8192,0.002,0.002,47.95,0.002,0,0,0.0002,0.0002,0.09,0.0,25.0,21.0,1781033239177111735
1781033239281566346,31,0,8,0,true,0.1578,0.0038,1292,8192,0.002,0.002,47.95,0.002,0,0,0.0002,0.0002,0.09,0.0,25.0,21.0,1781033239260303071
1781033239384876741,31,0,8,0,true,0.1582,0.0038,1295,8192,0.002,0.002,47.95,0.002,0,0,0.0002,0.0002,0.1,0.0,25.0,21.0,1781033239361023021
1781033239484882826,31,0,8,0,true,0.1585,0.004,1298,8192,0.002,0.002,47.95,0.002,0,0,0.0002,0.0002,0.1,0.0,25.0,21.0,1781033239450329027
1781033239592865601,31,0,8,0,true,0.159,0.0039,1302,8192,0.002,0.002,47.95,0.002,0,0,0.0002,0.0002,0.11,0.0,25.0,21.0,1781033239567861986
1781033239694211553,31,0,8,0,true,0.1594,0.0039,1305,8192,0.0,0.0,47.95,0.0,0,0,0.0,0.0,0.02,0.0,25.0,21.0,1781033239669065256
1781033239794180631,31,0,8,0,true,0.1598,0.0038,1308,8192,0.002,0.002,47.95,0.002,0,0,0.0002,0.0002,0.1,0.0,25.0,21.0,1781033239765650716
1781033239896897894,31,0,8,0,true,0.1601,0.0038,1311,8192,0.002,0.002,47.95,0.002,0,0,0.0002,0.0002,0.1,0.0,25.0,21.0,1781033239854368644
1781033240000985503,31,0,8,0,true,0.1606,0.0038,1315,8192,0.002,0.002,47.95,0.002,0,0,0.0002,0.0002,0.11,0.0,25.0,21.0,1781033239990843181
1781033240102067574,31,0,8,0,true,0.161,0.0038,1319,8192,0.002,0.002,47.95,0.002,0,0,0.0001,0.0001,0.08,0.0,25.0,21.0,1781033240097100645
1781033240204648828,31,0,8,0,true,0.1614,0.0038,1322,8192,0.002,0.002,47.95,0.002,0,0,0.0002,0.0002,0.09,0.0,25.0,21.0,1781033240199802358
1781033240304928568,31,0,8,0,true,0.1618,0.0038,1325,8192,0.002,0.002,47.95,0.002,0,0,0.0001,0.0001,0.09,0.0,25.0,21.0,1781033240295866947
1781033240402056259,31,0,8,0,true,0.1622,0.0039,1328,8192,0.002,0.002,47.95,0.002,0,0,0.0001,0.0001,0.09,0.0,25.0,21.0,1781033240392846232
1781033240504140279,31,0,8,0,true,0.1625,0.0038,1331,8192,0.002,0.002,47.95,0.002,0,0,0.0001,0.0001,0.09,0.0,25.0,21.0,1781033240487687165
1781033240604869345,31,0,8,0,true,0.163,0.0038,1335,8192,0.001,0.001,47.95,0.001,0,0,0.0001,0.0001,0.04,0.0,25.0,21.0,1781033240597840591
1781033240701759551,31,0,8,0,true,0.1634,0.0038,1338,8192,0.002,0.002,47.95,0.002,0,0,0.0001,0.0001,0.08,0.0,25.0,21.0,1781033240699523268
1781033240805163927,31,0,8,0,true,0.1636,0.0038,1340,8192,0.002,0.002,47.95,0.002,0,0,0.0002,0.0002,0.09,0.0,25.0,21.0,1781033240776407429
1781033240902235228,31,0,8,0,true,0.1641,0.0038,1343,8192,0.002,0.002,47.95,0.002,0,0,0.0002,0.0002,0.09,0.0,25.0,21.0,1781033240881751128
1781033241001380028,31,0,8,0,true,0.1645,0.0038,1347,8192,0.002,0.002,47.95,0.002,0,0,0.0002,0.0002,0.09,0.0,25.0,21.0,1781033241000182068
1781033241103923278,31,0,8,0,true,0.1649,0.0039,1350,8192,0.002,0.002,47.95,0.002,0,0,0.0002,0.0002,0.1,0.0,25.0,21.0,1781033241091947830
1781033241202042208,31,0,8,0,true,0.1653,0.0038,1353,8192,0.002,0.002,47.95,0.002,0,0,0.0001,0.0001,0.09,0.0,25.0,21.0,1781033241193704305
1781033241304902132,31,0,8,0,true,0.1656,0.0039,1356,8192,0.002,0.002,47.95,0.002,0,0,0.0002,0.0002,0.11,0.0,25.0,21.0,1781033241293796933
1781033241402293312,31,0,8,0,true,0.1661,0.0038,1360,8192,0.002,0.002,47.95,0.002,0,0,0.0002,0.0002,0.09,0.0,25.0,21.0,1781033241400015697
1781033241502457149,31,0,8,0,true,0.1664,0.0039,1363,8192,0.002,0.002,47.95,0.002,0,0,0.0002,0.0002,0.12,0.0,25.0,21.0,1781033241492927007
1781033241602259639,31,0,8,0,true,0.1668,0.0039,1366,8192,0.002,0.002,47.95,0.002,0,0,0.0002,0.0002,0.1,0.0,25.0,21.0,1781033241590217041
1781033241702085513,31,0,8,0,true,0.1672,0.0038,1369,8192,0.002,0.002,47.95,0.002,0,0,0.0002,0.0002,0.09,0.0,25.0,21.0,1781033241688083969
1781033241804911665,31,0,8,0,true,0.1676,0.0038,1372,8192,0.002,0.002,47.95,0.002,0,0,0.0001,0.0001,0.08,0.0,25.0,21.0,1781033241790737774
1781033241902193869,31,0,8,0,true,0.1679,0.0038,1375,8192,0.002,0.002,47.95,0.002,0,0,0.0002,0.0002,0.09,0.0,25.0,21.0,1781033241885471506
1781033242001706630,31,0,8,0,true,0.1683,0.0038,1378,8192,0.002,0.002,47.95,0.002,0,0,0.0001,0.0001,0.09,0.0,25.0,21.0,1781033241986308635
1781033242108868292,31,0,8,0,true,0.1687,0.0039,1382,8192,0.002,0.002,47.95,0.002,0,0,0.0002,0.0002,0.12,0.0,25.0,21.0,1781033242089636152
1781033242210347821,31,0,8,0,true,0.1691,0.0039,1384,8192,0.002,0.002,47.95,0.002,0,0,0.0002,0.0002,0.11,0.0,25.0,21.0,1781033242181640981
1781033242309962235,31,0,8,0,true,0.1695,0.0038,1388,8192,0.002,0.002,47.95,0.002,0,0,0.0001,0.0001,0.08,0.0,25.0,21.0,1781033242305212409
1781033242413093664,31,0,8,0,true,0.1699,0.0038,1391,8192,0.002,0.002,47.95,0.002,0,0,0.0002,0.0002,0.1,0.0,25.0,21.0,1781033242395095403
1781033242509422809,31,0,8,0,true,0.1703,0.0039,1395,8192,0.003,0.003,47.95,0.003,0,0,0.0002,0.0002,0.13,0.0,25.0,21.0,1781033242509241400
1781033242612904220,31,0,8,0,true,0.1707,0.004,1398,8192,0.002,0.002,47.95,0.002,0,0,0.0002,0.0002,0.11,0.0,25.0,21.0,1781033242601992120
1781033242710492453,31,0,8,0,true,0.171,0.0039,1400,8192,0.002,0.002,47.95,0.002,0,0,0.0001,0.0001,0.08,0.0,25.0,21.0,1781033242678776076
1781033242810023423,31,0,8,0,true,0.1713,0.0038,1403,8192,0.002,0.002,47.95,0.002,0,0,0.0002,0.0002,0.1,0.0,25.0,21.0,1781033242763903318
1781033242912859513,31,0,8,0,true,0.1718,0.0038,1407,8192,0.002,0.002,47.95,0.002,0,0,0.0002,0.0002,0.09,0.0,25.0,21.0,1781033242901086192
1781033243010446209,31,0,8,0,true,0.1722,0.0038,1410,8192,0.002,0.002,47.95,0.002,0,0,0.0002,0.0002,0.11,0.0,25.0,21.0,1781033243007350549
1781033243109648519,31,0,8,0,true,0.1726,0.0038,1414,8192,0.001,0.001,47.95,0.001,0,0,0.0001,0.0001,0.04,0.0,25.0,21.0,1781033243107600149
1781033243210141852,31,0,8,0,true,0.173,0.0039,1416,8192,0.002,0.002,47.95,0.002,0,0,0.0002,0.0002,0.11,0.0,25.0,21.0,1781033243193704855
1781033243316863879,31,0,8,0,true,0.1733,0.0038,1419,8192,0.002,0.002,47.95,0.002,0,0,0.0001,0.0001,0.08,0.0,25.0,21.0,1781033243288010452
1781033243424986724,31,0,8,0,true,0.1737,0.0039,1423,8192,0.002,0.002,47.95,0.002,0,0,0.0002,0.0002,0.12,0.0,25.0,21.0,1781033243397357969
1781033243526133798,31,0,8,0,true,0.1741,0.0038,1426,8192,0.002,0.002,47.95,0.002,0,0,0.0002,0.0002,0.09,0.0,25.0,21.0,1781033243500500997
1781033243628855465,31,0,8,0,true,0.1746,0.0038,1430,8192,0.002,0.002,47.95,0.002,0,0,0.0002,0.0002,0.09,0.0,25.0,21.0,1781033243613124762
1781033243726065852,31,0,8,0,true,0.175,0.0038,1433,8192,0.002,0.002,47.95,0.002,0,0,0.0002,0.0002,0.1,0.0,25.0,21.0,1781033243713085160
1781033243828890397,31,0,8,0,true,0.1754,0.0038,1436,8192,0.001,0.001,47.95,0.001,0,0,0.0001,0.0001,0.05,0.0,25.0,21.0,1781033243817126913
1781033243926326570,31,0,8,0,true,0.1757,0.0039,1439,8192,0.002,0.002,47.95,0.002,0,0,0.0002,0.0002,0.11,0.0,25.0,21.0,1781033243898166605
1781033244026115685,31,0,8,0,true,0.176,0.0039,1442,8192,0.002,0.002,47.95,0.002,0,0,0.0001,0.0001,0.09,0.0,25.0,21.0,1781033243997213972
1781033244126349319,31,0,8,0,true,0.1764,0.0038,1444,8192,0.002,0.002,47.95,0.002,0,0,0.0002,0.0002,0.09,0.0,25.0,21.0,1781033244084925068
1781033244228878441,31,0,8,0,true,0.1769,0.0038,1449,8192,0.002,0.002,47.95,0.002,0,0,0.0001,0.0001,0.08,0.0,25.0,21.0,1781033244214171056
1781033244325725935,31,0,8,0,true,0.1773,0.0038,1452,8192,0.002,0.002,47.95,0.002,0,0,0.0002,0.0002,0.1,0.0,25.0,21.0,1781033244319400495
1781033244426146499,31,0,8,0,true,0.1777,0.0039,1455,8192,0.002,0.002,47.95,0.002,0,0,0.0002,0.0002,0.12,0.0,25.0,21.0,1781033244413782130
1781033244526895737,31,0,8,0,true,0.1779,0.0038,1457,8192,0.001,0.001,47.95,0.001,0,0,0.0001,0.0001,0.07,0.0,25.0,21.0,1781033244478649296
1781033244626067843,31,0,8,0,true,0.1784,0.0039,1461,8192,0.002,0.002,47.95,0.002,0,0,0.0002,0.0002,0.11,0.0,25.0,21.0,1781033244603923950
1781033244726189894,31,0,8,0,true,0.1787,0.0039,1464,8192,0.002,0.002,47.95,0.002,0,0,0.0002,0.0002,0.09,0.0,25.0,21.0,1781033244699067549
1781033244828590953,31,0,8,0,true,0.1791,0.0039,1467,8192,0.002,0.002,47.95,0.002,0,0,0.0002,0.0002,0.12,0.0,25.0,21.0,1781033244799947418
1781033244932886058,31,0,8,0,true,0.1796,0.0038,1471,8192,0.001,0.001,47.95,0.001,0,0,0.0001,0.0001,0.06,0.0,25.0,21.0,1781033244916514203
1781033245033388637,31,0,8,0,true,0.18,0.0038,1474,8192,0.001,0.001,47.95,0.001,0,0,0.0001,0.0001,0.05,0.0,25.0,21.0,1781033245032391006
1781033245133537644,31,0,8,0,true,0.1804,0.0038,1477,8192,0.002,0.002,47.95,0.002,0,0,0.0001,0.0001,0.08,0.0,25.0,21.0,1781033245133321842
1781033245241083284,31,0,8,0,true,0.1808,0.0039,1481,8192,0.002,0.002,47.95,0.002,0,0,0.0002,0.0002,0.09,0.0,25.0,21.0,1781033245230009869
1781033245347695380,31,0,8,0,true,0.1812,0.0039,1484,8192,0.002,0.002,47.95,0.002,0,0,0.0002,0.0002,0.12,0.0,25.0,21.0,1781033245337179954
1781033245448771115,31,0,8,0,true,0.1816,0.0039,1487,8192,0.002,0.002,47.95,0.002,0,0,0.0002,0.0002,0.1,0.0,25.0,21.0,1781033245444746230
1781033245548604836,31,0,8,0,true,0.182,0.0039,1490,8192,0.002,0.002,47.95,0.002,0,0,0.0002,0.0002,0.1,0.0,25.0,21.0,1781033245541157972
1781033245648443608,31,0,8,0,true,0.1823,0.0038,1493,8192,0.002,0.002,47.95,0.002,0,0,0.0002,0.0002,0.1,0.0,25.0,21.0,1781033245632862560
1781033245749038391,31,0,8,0,true,0.1827,0.0039,1496,8192,0.002,0.002,47.95,0.002,0,0,0.0002,0.0002,0.1,0.0,25.0,21.0,1781033245733402058
1781033245848904008,31,0,8,0,true,0.1831,0.0038,1499,8192,0.002,0.002,47.95,0.002,0,0,0.0002,0.0002,0.1,0.0,25.0,21.0,1781033245830050091
1781033245948864417,31,0,8,0,true,0.1835,0.0038,1503,8192,0.002,0.002,47.95,0.002,0,0,0.0001,0.0001,0.09,0.0,25.0,21.0,1781033245940287979
1781033246056892845,31,0,8,0,true,0.1839,0.0038,1506,8192,0.002,0.002,47.95,0.002,0,0,0.0001,0.0001,0.09,0.0,25.0,21.0,1781033246029205552
1781033246165060631,31,0,8,0,true,0.1843,0.0038,1510,8192,0.002,0.002,47.95,0.002,0,0,0.0002,0.0002,0.09,0.0,25.0,21.0,1781033246154127002
1781033246268835540,31,0,8,0,true,0.1848,0.0038,1513,8192,0.002,0.002,47.95,0.002,0,0,0.0001,0.0001,0.08,0.0,25.0,21.0,1781033246264008894
1781033246368668385,31,0,8,0,true,0.1851,0.0038,1516,8192,0.002,0.002,47.95,0.002,0,0,0.0002,0.0002,0.11,0.0,25.0,21.0,1781033246350941719
1781033246467013047,31,0,8,0,true,0.1855,0.0039,1519,8192,0.002,0.002,47.95,0.002,0,0,0.0001,0.0001,0.09,0.0,25.0,21.0,1781033246444169342
1781033246565530241,31,0,8,0,true,0.1859,0.004,1522,8192,0.002,0.002,47.95,0.002,0,0,0.0002,0.0002,0.11,0.0,25.0,21.0,1781033246549422758
1781033246666888763,31,0,8,0,true,0.1862,0.0039,1525,8192,0.002,0.002,47.95,0.002,0,0,0.0002,0.0002,0.09,0.0,25.0,21.0,1781033246641956479
1781033246768078635,31,0,8,0,true,0.1866,0.0038,1528,8192,0.002,0.002,47.95,0.002,0,0,0.0002,0.0002,0.09,0.0,25.0,21.0,1781033246749727179
1781033246868877954,31,0,8,0,true,0.187,0.0038,1531,8192,0.002,0.002,47.95,0.002,0,0,0.0002,0.0002,0.11,0.0,25.0,21.0,1781033246845468474
1781033246965962731,31,0,8,0,true,0.1874,0.004,1535,8192,0.002,0.002,47.95,0.002,0,0,0.0002,0.0002,0.11,0.0,25.0,21.0,1781033246952709892
1781033247066336095,31,0,8,0,true,0.1878,0.0038,1538,8192,0.002,0.002,47.95,0.002,0,0,0.0002,0.0002,0.11,0.0,25.0,21.0,1781033247040968526
1781033247166310446,31,0,8,0,true,0.1881,0.0038,1540,8192,0.002,0.002,47.95,0.002,0,0,0.0002,0.0002,0.1,0.0,25.0,21.0,1781033247119212500
1781033247266059028,31,0,8,0,true,0.1885,0.0038,1544,8192,0.002,0.002,47.95,0.002,0,0,0.0002,0.0002,0.09,0.0,25.0,21.0,1781033247248671942
1781033247368865278,31,0,8,0,true,0.1889,0.0038,1547,8192,0.002,0.002,47.95,0.002,0,0,0.0002,0.0002,0.09,0.0,25.0,21.0,1781033247330858693
1781033247465453875,31,0,8,0,true,0.1894,0.0039,1551,8192,0.002,0.002,47.95,0.002,0,0,0.0002,0.0002,0.1,0.0,25.0,21.0,1781033247464733166
1781033247565956006,31,0,8,0,true,0.1898,0.0038,1554,8192,0.002,0.002,47.95,0.002,0,0,0.0002,0.0002,0.1,0.0,25.0,21.0,1781033247563174845
1781033247665709099,31,0,8,0,true,0.1901,0.0039,1557,8192,0.002,0.002,47.95,0.002,0,0,0.0002,0.0002,0.12,0.0,25.0,21.0,1781033247660973638
1781033247768897162,31,0,8,0,true,0.1905,0.0039,1560,8192,0.002,0.002,47.95,0.002,0,0,0.0002,0.0002,0.1,0.0,25.0,21.0,1781033247744153022
1781033247865951965,31,0,8,0,true,0.1909,0.0038,1563,8192,0.002,0.002,47.95,0.002,0,0,0.0002,0.0002,0.09,0.0,25.0,21.0,1781033247849843067
1781033247967941817,31,0,8,0,true,0.1913,0.0038,1567,8192,0.002,0.002,47.95,0.002,0,0,0.0002,0.0002,0.09,0.0,25.0,21.0,1781033247967255752
1781033248072866554,31,0,8,0,true,0.1916,0.0038,1569,8192,0.002,0.002,47.95,0.002,0,0,0.0001,0.0001,0.07,0.0,25.0,21.0,1781033248041114936
1781033248174459147,31,0,8,0,true,0.1921,0.0039,1573,8192,0.002,0.002,47.95,0.002,0,0,0.0002,0.0002,0.11,0.0,25.0,21.0,1781033248169926419
1781033248276894567,31,0,8,0,true,0.1924,0.0038,1576,8192,0.002,0.002,47.95,0.002,0,0,0.0001,0.0001,0.08,0.0,25.0,21.0,1781033248261648617
1781033248381040861,31,0,8,0,true,0.1928,0.0038,1579,8192,0.002,0.002,47.95,0.002,0,0,0.0002,0.0002,0.1,0.0,25.0,21.0,1781033248345598031
1781033248485530994,31,0,8,0,true,0.1932,0.0038,1582,8192,0.002,0.002,47.95,0.002,0,0,0.0002,0.0002,0.09,0.0,25.0,21.0,1781033248468134106
1781033248584872303,31,0,8,0,true,0.1936,0.0038,1586,8192,0.002,0.002,47.95,0.002,0,0,0.0002,0.0002,0.09,0.0,25.0,21.0,1781033248569671976
1781033248681978062,31,0,8,0,true,0.194,0.0038,1588,8192,0.002,0.002,47.95,0.002,0,0,0.0001,0.0001,0.07,0.0,25.0,21.0,1781033248654089633
1781033248781361500,31,0,8,0,true,0.1944,0.0038,1592,8192,0.002,0.002,47.95,0.002,0,0,0.0002,0.0002,0.1,0.0,25.0,21.0,1781033248760547814
1781033248881380733,31,0,8,0,true,0.1948,0.0038,1595,8192,0.002,0.002,47.95,0.002,0,0,0.0001,0.0001,0.08,0.0,25.0,21.0,1781033248869075961
1781033248988896392,31,0,8,0,true,0.1951,0.0038,1598,8192,0.002,0.002,47.95,0.002,0,0,0.0002,0.0002,0.09,0.0,25.0,21.0,1781033248954283896
1781033249091276935,31,0,8,0,true,0.1956,0.0039,1601,8192,0.002,0.002,47.95,0.002,0,0,0.0002,0.0002,0.11,0.0,25.0,21.0,1781033249069310970
1781033249190431887,31,0,8,0,true,0.196,0.0039,1605,8192,0.002,0.002,47.95,0.002,0,0,0.0002,0.0002,0.11,0.0,25.0,21.0,1781033249177429775
1781033249290240564,31,0,8,0,true,0.1964,0.0038,1608,8192,0.002,0.002,47.95,0.002,0,0,0.0001,0.0001,0.08,0.0,25.0,21.0,1781033249288709229
1781033249392866758,31,0,8,0,true,0.1967,0.0038,1611,8192,0.002,0.002,47.95,0.002,0,0,0.0001,0.0001,0.08,0.0,25.0,21.0,1781033249369224298
1781033249492844984,31,0,8,0,true,0.1971,0.0038,1614,8192,0.002,0.002,47.95,0.002,0,0,0.0002,0.0002,0.1,0.0,25.0,21.0,1781033249477368995
1781033249592913681,31,0,8,0,true,0.1974,0.0038,1616,8192,0.002,0.002,47.95,0.002,0,0,0.0002,0.0002,0.11,0.0,25.0,21.0,1781033249543805940
1781033249692922767,31,0,8,0,true,0.1978,0.0039,1620,8192,0.002,0.002,47.95,0.002,0,0,0.0001,0.0001,0.08,0.0,25.0,21.0,1781033249648946179
1781033249792872650,31,0,8,0,true,0.1982,0.0038,1623,8192,0.002,0.002,47.95,0.002,0,0,0.0001,0.0001,0.09,0.0,25.0,21.0,1781033249756187155
1781033249892884893,31,0,8,0,true,0.1987,0.0038,1627,8192,0.002,0.002,47.95,0.002,0,0,0.0002,0.0002,0.09,0.0,25.0,21.0,1781033249880949847
1781033249990751066,31,0,8,0,true,0.1991,0.0039,1631,8192,0.002,0.002,47.95,0.002,0,0,0.0002,0.0002,0.11,0.0,25.0,21.0,1781033249988716999
1781033250090006266,31,0,8,0,true,0.1994,0.0038,1633,8192,0.002,0.002,47.95,0.002,0,0,0.0001,0.0001,0.08,0.0,25.0,21.0,1781033250068364803
1781033250189550870,31,0,8,0,true,0.1998,0.0039,1637,8192,0.002,0.002,47.95,0.002,0,0,0.0002,0.0002,0.1,0.0,25.0,21.0,1781033250179661304
1781033250293173187,31,0,8,0,true,0.2001,0.0038,1639,8192,0.002,0.002,47.95,0.002,0,0,0.0002,0.0002,0.1,0.0,25.0,21.0,1781033250261725155
1781033250390279387,31,0,8,0,true,0.2005,0.0038,1642,8192,0.001,0.001,47.95,0.001,0,0,0.0001,0.0001,0.05,0.0,25.0,21.0,1781033250350983540
1781033250490447124,31,0,8,0,true,0.201,0.0038,1646,8192,0.002,0.002,47.95,0.002,0,0,0.0001,0.0001,0.08,0.0,25.0,21.0,1781033250480884616
1781033250589715345,31,0,8,0,true,0.2014,0.0038,1649,8192,0.002,0.002,47.95,0.002,0,0,0.0002,0.0002,0.09,0.0,25.0,21.0,1781033250585199774
1781033250690189987,31,0,8,0,true,0.2018,0.0038,1652,8192,0.002,0.002,47.95,0.002,0,0,0.0002,0.0002,0.1,0.0,25.0,21.0,1781033250685674234
1781033250789891303,31,0,8,0,true,0.2021,0.0038,1655,8192,0.002,0.002,47.95,0.002,0,0,0.0002,0.0002,0.11,0.0,25.0,21.0,1781033250773171528
1781033250889509160,31,0,8,0,true,0.2025,0.0038,1659,8192,0.002,0.002,47.95,0.002,0,0,0.0002,0.0002,0.09,0.0,25.0,21.0,1781033250885347625
1781033250991372561,31,0,8,0,true,0.2029,0.0038,1661,8192,0.001,0.001,47.95,0.001,0,0,0.0001,0.0001,0.06,0.0,25.0,21.0,1781033250972414031
1781033251096883488,31,0,8,0,true,0.2032,0.0038,1664,8192,0.002,0.002,47.95,0.002,0,0,0.0002,0.0002,0.1,0.0,25.0,21.0,1781033251066829521
1781033251197443525,31,0,8,0,true,0.2037,0.0039,1669,8192,0.002,0.002,47.95,0.002,0,0,0.0002,0.0002,0.09,0.0,25.0,21.0,1781033251196649439
1781033251298113301,31,0,8,0,true,0.2041,0.0038,1671,8192,0.002,0.002,47.95,0.002,0,0,0.0001,0.0001,0.09,0.0,25.0,21.0,1781033251286553927
1781033251398223073,31,0,8,0,true,0.2044,0.0038,1674,8192,0.002,0.002,47.95,0.002,0,0,0.0002,0.0002,0.1,0.0,25.0,21.0,1781033251373080541
1781033251497904316,31,0,8,0,true,0.2048,0.0038,1678,8192,0.002,0.002,47.95,0.002,0,0,0.0002,0.0002,0.09,0.0,25.0,21.0,1781033251482157791
1781033251600892024,31,0,8,0,true,0.2053,0.0038,1681,8192,0.002,0.002,47.95,0.002,0,0,0.0001,0.0001,0.08,0.0,25.0,21.0,1781033251599072384
1781033251698361792,31,0,8,0,true,0.2056,0.0038,1684,8192,0.002,0.002,47.95,0.002,0,0,0.0002,0.0002,0.1,0.0,25.0,21.0,1781033251685772313
1781033251797748688,31,0,8,0,true,0.206,0.0039,1687,8192,0.002,0.002,47.95,0.002,0,0,0.0002,0.0002,0.1,0.0,25.0,21.0,1781033251790488942
1781033251899265092,31,0,8,0,true,0.2063,0.0038,1690,8192,0.002,0.002,47.95,0.002,0,0,0.0001,0.0001,0.08,0.0,25.0,21.0,1781033251871861150
1781033251998156163,31,0,8,0,true,0.2067,0.0038,1693,8192,0.002,0.002,47.95,0.002,0,0,0.0001,0.0001,0.09,0.0,25.0,21.0,1781033251971805646
1781033252097721299,31,0,8,0,true,0.2071,0.004,1696,8192,0.002,0.002,47.95,0.002,0,0,0.0002,0.0002,0.11,0.0,25.0,21.0,1781033252070779008
1781033252201053859,31,0,8,0,true,0.2076,0.0038,1700,8192,0.002,0.002,47.95,0.002,0,0,0.0002,0.0002,0.1,0.0,25.0,21.0,1781033252185893858
1781033252297478589,31,0,8,0,true,0.2079,0.0038,1703,8192,0.001,0.001,47.95,0.001,0,0,0.0001,0.0001,0.07,0.0,25.0,21.0,1781033252288762474
1781033252397959567,31,0,8,0,true,0.2084,0.0038,1706,8192,0.002,0.002,47.95,0.002,0,0,0.0002,0.0002,0.09,0.0,25.0,21.0,1781033252394134348
1781033252498182000,31,0,8,0,true,0.2087,0.0039,1709,8192,0.002,0.002,47.95,0.002,0,0,0.0002,0.0002,0.11,0.0,25.0,21.0,1781033252480512122
1781033252601087073,31,0,8,0,true,0.2091,0.0038,1712,8192,0.001,0.001,47.95,0.001,0,0,0.0001,0.0001,0.05,0.0,25.0,21.0,1781033252580009660
1781033252705052444,31,0,8,0,true,0.2095,0.0038,1716,8192,0.002,0.002,47.95,0.002,0,0,0.0002,0.0002,0.11,0.0,25.0,21.0,1781033252687566726
1781033252808830982,31,0,8,0,true,0.2099,0.0038,1719,8192,0.002,0.002,47.95,0.002,0,0,0.0001,0.0001,0.08,0.0,25.0,21.0,1781033252801439577
1781033252908893414,31,0,8,0,true,0.2103,0.004,1722,8192,0.002,0.002,47.95,0.002,0,0,0.0002,0.0002,0.11,0.0,25.0,21.0,1781033252885200932
1781033253008873273,31,0,8,0,true,0.2106,0.0038,1725,8192,0.001,0.001,47.95,0.001,0,0,0.0001,0.0001,0.07,0.0,25.0,21.0,1781033252983881782
1781033253108882250,31,0,8,0,true,0.211,0.0038,1728,8192,0.001,0.001,47.95,0.001,0,0,0.0001,0.0001,0.07,0.0,25.0,21.0,1781033253081696322
1781033253206721475,31,0,8,0,true,0.2114,0.0039,1731,8192,0.002,0.002,47.95,0.002,0,0,0.0002,0.0002,0.1,0.0,25.0,21.0,1781033253174589072
1781033253312875419,31,0,8,0,true,0.2119,0.0038,1735,8192,0.002,0.002,47.95,0.002,0,0,0.0001,0.0001,0.08,0.0,25.0,21.0,1781033253300754135
1781033253416935606,31,0,8,0,true,0.2122,0.0039,1738,8192,0.002,0.002,47.95,0.002,0,0,0.0002,0.0002,0.11,0.0,25.0,21.0,1781033253386851720
1781033253516887970,31,0,8,0,true,0.2126,0.0039,1742,8192,0.002,0.002,47.95,0.002,0,0,0.0002,0.0002,0.11,0.0,25.0,21.0,1781033253506699245
1781033253613392202,31,0,8,0,true,0.2131,0.0038,1745,8192,0.002,0.002,47.95,0.002,0,0,0.0001,0.0001,0.09,0.0,25.0,21.0,1781033253612996951
1781033253714034626,31,0,8,0,true,0.2134,0.0039,1748,8192,0.002,0.002,47.95,0.002,0,0,0.0002,0.0002,0.1,0.0,25.0,21.0,1781033253707322750
1781033253816880829,31,0,8,0,true,0.2138,0.0039,1751,8192,0.002,0.002,47.95,0.002,0,0,0.0002,0.0002,0.1,0.0,25.0,21.0,1781033253801533273
1781033253913553103,31,0,8,0,true,0.2142,0.004,1754,8192,0.002,0.002,47.95,0.002,0,0,0.0002,0.0002,0.1,0.0,25.0,21.0,1781033253905432307
1781033254014146540,31,0,8,0,true,0.2145,0.0039,1757,8192,0.002,0.002,47.95,0.002,0,0,0.0002,0.0002,0.11,0.0,25.0,21.0,1781033253992654329
1781033254116889967,31,0,8,0,true,0.2149,0.0039,1760,8192,0.002,0.002,47.95,0.002,0,0,0.0001,0.0001,0.08,0.0,25.0,21.0,1781033254101818808
1781033254214441429,31,0,8,0,true,0.2153,0.0039,1763,8192,0.002,0.002,47.95,0.002,0,0,0.0001,0.0001,0.07,0.0,25.0,21.0,1781033254198527434
1781033254314301304,31,0,8,0,true,0.2157,0.0038,1767,8192,0.002,0.002,47.95,0.002,0,0,0.0002,0.0002,0.09,0.0,25.0,21.0,1781033254306151059
1781033254413435184,31,0,8,0,true,0.2161,0.0039,1770,8192,0.002,0.002,47.95,0.002,0,0,0.0002,0.0002,0.11,0.0,25.0,21.0,1781033254413135798
1781033254516849885,31,0,8,0,true,0.2165,0.0038,1773,8192,0.001,0.001,47.95,0.001,0,0,0.0001,0.0001,0.07,0.0,25.0,21.0,1781033254510564830
1781033254613868867,31,0,8,0,true,0.2169,0.0038,1776,8192,0.002,0.002,47.95,0.002,0,0,0.0002,0.0002,0.09,0.0,25.0,21.0,1781033254611086729
1781033254715277076,31,0,8,0,true,0.2172,0.0039,1779,8192,0.002,0.002,47.95,0.002,0,0,0.0002,0.0002,0.11,0.0,25.0,21.0,1781033254680740805
1781033254816862743,31,0,8,0,true,0.2177,0.0039,1783,8192,0.002,0.002,47.95,0.002,0,0,0.0002,0.0002,0.1,0.0,25.0,21.0,1781033254808016063
1781033254916877159,31,0,8,0,true,0.218,0.004,1786,8192,0.002,0.002,47.95,0.002,0,0,0.0002,0.0002,0.12,0.0,25.0,21.0,1781033254901417847
1781033255014019082,31,0,8,0,true,0.2184,0.004,1788,8192,0.002,0.002,47.95,0.002,0,0,0.0002,0.0002,0.11,0.0,25.0,21.0,1781033254989612877
1781033255120987193,31,0,8,0,true,0.2188,0.0039,1792,8192,0.002,0.002,47.95,0.002,0,0,0.0002,0.0002,0.11,0.0,25.0,21.0,1781033255097376249
1781033255221784006,31,0,8,0,true,0.2192,0.0039,1795,8192,0.002,0.002,47.95,0.002,0,0,0.0001,0.0001,0.08,0.0,25.0,21.0,1781033255200355174
1781033255324520918,31,0,8,0,true,0.2196,0.0038,1798,8192,0.002,0.002,47.95,0.002,0,0,0.0002,0.0002,0.1,0.0,25.0,21.0,1781033255310107755
1781033255421858159,31,0,8,0,true,0.2199,0.0039,1801,8192,0.002,0.002,47.95,0.002,0,0,0.0002,0.0002,0.11,0.0,25.0,21.0,1781033255393397163
1781033255524910209,31,0,8,0,true,0.2203,0.0039,1805,8192,0.002,0.002,47.95,0.002,0,0,0.0002,0.0002,0.1,0.0,25.0,21.0,1781033255505043122
1781033255624905126,31,0,8,0,true,0.2207,0.0038,1808,8192,0.001,0.001,47.95,0.001,0,0,0.0001,0.0001,0.06,0.0,25.0,21.0,1781033255601064661
1781033255722426556,31,0,8,0,true,0.2211,0.0038,1811,8192,0.002,0.002,47.95,0.002,0,0,0.0001,0.0001,0.08,0.0,25.0,21.0,1781033255705699609
1781033255822121897,31,0,8,0,true,0.2215,0.0038,1814,8192,0.002,0.002,47.95,0.002,0,0,0.0001,0.0001,0.08,0.0,25.0,21.0,1781033255814532743
1781033255924891628,31,0,8,0,true,0.2218,0.0038,1817,8192,0.002,0.002,47.95,0.002,0,0,0.0001,0.0001,0.07,0.0,25.0,21.0,1781033255894316451
1781033256025687995,31,0,8,0,true,0.2222,0.0038,1820,8192,0.002,0.002,47.95,0.002,0,0,0.0001,0.0001,0.08,0.0,25.0,21.0,1781033255985202120
1781033256124065291,31,0,8,0,true,0.2226,0.0038,1823,8192,0.002,0.002,47.95,0.002,0,0,0.0001,0.0001,0.08,0.0,25.0,21.0,1781033256106032900
1781033256228879430,31,0,8,0,true,0.223,0.0039,1826,8192,0.002,0.002,47.95,0.002,0,0,0.0001,0.0001,0.08,0.0,25.0,21.0,1781033256200074215
1781033256329978093,31,0,8,0,true,0.2234,0.0039,1830,8192,0.002,0.002,47.95,0.002,0,0,0.0002,0.0002,0.11,0.0,25.0,21.0,1781033256303966451
1781033256430129330,31,0,8,0,true,0.2239,0.0038,1833,8192,0.002,0.002,47.95,0.002,0,0,0.0001,0.0001,0.08,0.0,25.0,21.0,1781033256422344408
1781033256529469251,31,0,8,0,true,0.2243,0.004,1837,8192,0.002,0.002,47.95,0.002,0,0,0.0002,0.0002,0.11,0.0,25.0,21.0,1781033256525038819
1781033256629669060,31,0,8,0,true,0.2247,0.0038,1840,8192,0.002,0.002,47.95,0.002,0,0,0.0002,0.0002,0.11,0.0,25.0,21.0,1781033256627128115
1781033256732889972,31,0,8,0,true,0.225,0.0038,1843,8192,0.002,0.002,47.95,0.002,0,0,0.0001,0.0001,0.08,0.0,25.0,21.0,1781033256718968818
1781033256830151204,31,0,8,0,true,0.2253,0.0039,1846,8192,0.002,0.002,47.95,0.002,0,0,0.0002,0.0002,0.11,0.0,25.0,21.0,1781033256808871271
1781033256932877340,31,0,8,0,true,0.2257,0.0039,1849,8192,0.002,0.002,47.95,0.002,0,0,0.0001,0.0001,0.09,0.0,25.0,21.0,1781033256913098387
1781033257032877194,31,0,8,0,true,0.2261,0.0038,1852,8192,0.001,0.001,47.95,0.001,0,0,0.0001,0.0001,0.04,0.0,25.0,21.0,1781033257010930490
1781033257132873004,31,0,8,0,true,0.2265,0.0039,1855,8192,0.002,0.002,47.95,0.002,0,0,0.0002,0.0002,0.11,0.0,25.0,21.0,1781033257109717601
1781033257229493493,31,0,8,0,true,0.2269,0.0038,1858,8192,0.002,0.002,47.95,0.002,0,0,0.0001,0.0001,0.09,0.0,25.0,21.0,1781033257218588022
1781033257332921725,31,0,8,0,true,0.2273,0.0039,1861,8192,0.002,0.002,47.95,0.002,0,0,0.0002,0.0002,0.11,0.0,25.0,21.0,1781033257303443156
1781033257429609765,31,0,8,0,true,0.2276,0.0038,1864,8192,0.002,0.002,47.95,0.002,0,0,0.0002,0.0002,0.1,0.0,25.0,21.0,1781033257403956609
1781033257532453455,31,0,8,0,true,0.2281,0.0039,1868,8192,0.002,0.002,47.95,0.002,0,0,0.0002,0.0002,0.11,0.0,25.0,21.0,1781033257531969729
1781033257632862584,31,0,8,0,true,0.2285,0.004,1871,8192,0.002,0.002,47.95,0.002,0,0,0.0002,0.0002,0.11,0.0,25.0,21.0,1781033257619516760
1781033257730962692,31,0,8,0,true,0.2289,0.004,1875,8192,0.002,0.002,47.95,0.002,0,0,0.0002,0.0002,0.1,0.0,25.0,21.0,1781033257726179030
1781033257830029945,31,0,8,0,true,0.2292,0.0039,1877,8192,0.002,0.002,47.95,0.002,0,0,0.0001,0.0001,0.08,0.0,25.0,21.0,1781033257809250426
1781033257932875889,31,0,8,0,true,0.2295,0.0038,1880,8192,0.001,0.001,47.95,0.001,0,0,0.0001,0.0001,0.04,0.0,25.0,21.0,1781033257898167240
1781033258029840068,31,0,8,0,true,0.2299,0.0038,1883,8192,0.002,0.002,47.95,0.002,0,0,0.0001,0.0001,0.08,0.0,25.0,21.0,1781033257997157614
1781033258130182971,31,0,8,0,true,0.2303,0.0038,1886,8192,0.001,0.001,47.95,0.001,0,0,0.0001,0.0001,0.04,0.0,25.0,21.0,1781033258104476287
1781033258230011904,31,0,8,0,true,0.2307,0.0038,1890,8192,0.002,0.002,47.95,0.002,0,0,0.0002,0.0002,0.09,0.0,25.0,21.0,1781033258212009150
1781033258335382147,31,0,8,0,true,0.2312,0.0039,1893,8192,0.002,0.002,47.95,0.002,0,0,0.0002,0.0002,0.1,0.0,25.0,21.0,1781033258320191975
1781033258440657180,31,0,8,0,true,0.2316,0.0039,1897,8192,0.002,0.002,47.95,0.002,0,0,0.0002,0.0002,0.09,0.0,25.0,21.0,1781033258432754999
1781033258548864078,31,0,8,0,true,0.232,0.0038,1900,8192,0.002,0.002,47.95,0.002,0,0,0.0001,0.0001,0.08,0.0,25.0,21.0,1781033258537202562
1781033258651361629,31,0,8,0,true,0.2323,0.0039,1903,8192,0.002,0.002,47.95,0.002,0,0,0.0002,0.0002,0.11,0.0,25.0,21.0,1781033258621673047
1781033258751483316,31,0,8,0,true,0.2328,0.0038,1906,8192,0.002,0.002,47.95,0.002,0,0,0.0002,0.0002,0.1,0.0,25.0,21.0,1781033258736728301
1781033258849632992,31,0,8,0,true,0.2332,0.0039,1910,8192,0.002,0.002,47.95,0.002,0,0,0.0002,0.0002,0.1,0.0,25.0,21.0,1781033258845486807
1781033258949685182,31,0,8,0,true,0.2335,0.0038,1913,8192,0.002,0.002,47.95,0.002,0,0,0.0002,0.0002,0.1,0.0,25.0,21.0,1781033258939336988
1781033259050133152,31,0,8,0,true,0.2339,0.0039,1916,8192,0.002,0.002,47.95,0.002,0,0,0.0002,0.0002,0.11,0.0,25.0,21.0,1781033259037669486
1781033259149641972,31,0,8,0,true,0.2343,0.0039,1919,8192,0.002,0.002,47.95,0.002,0,0,0.0002,0.0002,0.1,0.0,25.0,21.0,1781033259145004743
1781033259256953669,31,0,8,0,true,0.2346,0.0038,1922,8192,0.002,0.002,47.95,0.002,0,0,0.0002,0.0002,0.09,0.0,25.0,21.0,1781033259228227755
1781033259358232116,31,0,8,0,true,0.2351,0.0038,1926,8192,0.002,0.002,47.95,0.002,0,0,0.0002,0.0002,0.09,0.0,25.0,21.0,1781033259353408884
1781033259457420540,31,0,8,0,true,0.2355,0.0038,1929,8192,0.001,0.001,47.95,0.001,0,0,0.0001,0.0001,0.06,0.0,25.0,21.0,1781033259457020103
1781033259565008780,31,0,8,0,true,0.2359,0.0038,1932,8192,0.002,0.002,47.95,0.002,0,0,0.0001,0.0001,0.09,0.0,25.0,21.0,1781033259550652286
1781033259668885386,31,0,8,0,true,0.2362,0.0038,1935,8192,0.001,0.001,47.95,0.001,0,0,0.0001,0.0001,0.05,0.0,25.0,21.0,1781033259641458702
1781033259765532209,31,0,8,0,true,0.2365,0.0038,1937,8192,0.001,0.001,47.95,0.001,0,0,0.0001,0.0001,0.05,0.0,25.0,21.0,1781033259719099910
1781033259868879664,31,0,8,0,true,0.2371,0.0038,1942,8192,0.002,0.002,47.95,0.002,0,0,0.0001,0.0001,0.08,0.0,25.0,21.0,1781033259860606470
1781033259967434138,31,0,8,0,true,0.2374,0.0038,1944,8192,0.001,0.001,47.95,0.001,0,0,0.0001,0.0001,0.05,0.0,25.0,21.0,1781033259946557163
1781033260067440299,31,0,8,0,true,0.2378,0.0039,1948,8192,0.002,0.002,47.95,0.002,0,0,0.0002,0.0002,0.1,0.0,25.0,21.0,1781033260055555042
1781033260169662330,31,0,8,0,true,0.2382,0.0039,1951,8192,0.002,0.002,47.95,0.002,0,0,0.0002,0.0002,0.11,0.0,25.0,21.0,1781033260156432593
1781033260268870410,31,0,8,0,true,0.2386,0.0038,1954,8192,0.002,0.002,47.95,0.002,0,0,0.0002,0.0002,0.11,0.0,25.0,21.0,1781033260248292383
1781033260366131000,31,0,8,0,true,0.239,0.0038,1957,8192,0.001,0.001,47.95,0.001,0,0,0.0,0.0,0.03,0.0,25.0,21.0,1781033260354058849
1781033260466701457,31,0,8,0,true,0.2393,0.0038,1960,8192,0.001,0.001,47.95,0.001,0,0,0.0001,0.0001,0.07,0.0,25.0,21.0,1781033260441063935
1781033260566237517,31,0,8,0,true,0.2397,0.0038,1963,8192,0.001,0.001,47.95,0.001,0,0,0.0001,0.0001,0.04,0.0,25.0,21.0,1781033260532766188
1781033260665804217,31,0,8,0,true,0.2401,0.0038,1967,8192,0.002,0.002,47.95,0.002,0,0,0.0002,0.0002,0.09,0.0,25.0,21.0,1781033260658979785
1781033260767376967,31,0,8,0,true,0.2404,0.0039,1969,8192,0.002,0.002,47.95,0.002,0,0,0.0002,0.0002,0.1,0.0,25.0,21.0,1781033260733977455
1781033260868404127,31,0,8,0,true,0.2408,0.004,1973,8192,0.002,0.002,47.95,0.002,0,0,0.0002,0.0002,0.11,0.0,25.0,21.0,1781033260841021202
1781033260968902422,31,0,8,0,true,0.2412,0.0039,1976,8192,0.002,0.002,47.95,0.002,0,0,0.0002,0.0002,0.1,0.0,25.0,21.0,1781033260938478613
1781033261068871513,31,0,8,0,true,0.2417,0.0039,1979,8192,0.002,0.002,47.95,0.002,0,0,0.0002,0.0002,0.09,0.0,25.0,21.0,1781033261056328808
1781033261165953003,31,0,8,0,true,0.2421,0.0038,1983,8192,0.002,0.002,47.95,0.002,0,0,0.0002,0.0002,0.1,0.0,25.0,21.0,1781033261160317386
1781033261267640720,31,0,8,0,true,0.2424,0.0038,1986,8192,0.002,0.002,47.95,0.002,0,0,0.0001,0.0001,0.09,0.0,25.0,21.0,1781033261255053719
1781033261365486498,31,0,8,0,true,0.2428,0.0039,1988,8192,0.002,0.002,47.95,0.002,0,0,0.0002,0.0002,0.09,0.0,25.0,21.0,1781033261347336048
1781033261468884098,31,0,8,0,true,0.2432,0.0038,1992,8192,0.002,0.002,47.95,0.002,0,0,0.0002,0.0002,0.1,0.0,25.0,21.0,1781033261461016543
1781033261565923816,31,0,8,0,true,0.2436,0.0038,1995,8192,0.002,0.002,47.95,0.002,0,0,0.0002,0.0002,0.09,0.0,25.0,21.0,1781033261563645519
1781033261665714106,31,0,8,0,true,0.244,0.0039,1998,8192,0.002,0.002,47.95,0.002,0,0,0.0002,0.0002,0.09,0.0,25.0,21.0,1781033261664189203
1781033261772863422,31,0,8,0,true,0.2443,0.004,2001,8192,0.002,0.002,47.95,0.002,0,0,0.0002,0.0002,0.11,0.0,25.0,21.0,1781033261750201862
1781033261881283834,31,0,8,0,true,0.2448,0.0039,2005,8192,0.002,0.002,47.95,0.002,0,0,0.0002,0.0002,0.11,0.0,25.0,21.0,1781033261878842053
1781033261982400819,31,0,8,0,true,0.2451,0.0038,2008,8192,0.002,0.002,47.95,0.002,0,0,0.0001,0.0001,0.08,0.0,25.0,21.0,1781033261954035124
1781033262081589255,31,0,8,0,true,0.2456,0.0038,2011,8192,0.001,0.001,47.95,0.001,0,0,0.0001,0.0001,0.03,0.0,25.0,21.0,1781033262077301182
1781033262181513501,31,0,8,0,true,0.2459,0.0038,2014,8192,0.002,0.002,47.95,0.002,0,0,0.0002,0.0002,0.1,0.0,25.0,21.0,1781033262165209378
1781033262281466971,31,0,8,0,true,0.2464,0.0038,2018,8192,0.002,0.002,47.95,0.002,0,0,0.0001,0.0001,0.08,0.0,25.0,21.0,1781033262281088140
1781033262381410321,31,0,8,0,true,0.2468,0.0038,2021,8192,0.001,0.001,47.95,0.001,0,0,0.0001,0.0001,0.07,0.0,25.0,21.0,1781033262381478407
1781033262481814189,31,0,8,0,true,0.2472,0.0039,2024,8192,0.002,0.002,47.95,0.002,0,0,0.0002,0.0002,0.11,0.0,25.0,21.0,1781033262481925087
1781033262581853059,31,0,8,0,true,0.2475,0.0038,2027,8192,0.001,0.001,47.95,0.001,0,0,0.0001,0.0001,0.07,0.0,25.0,21.0,1781033262562574313
1781033262682059832,31,0,8,0,true,0.2479,0.0038,2030,8192,0.002,0.002,47.95,0.002,0,0,0.0001,0.0001,0.08,0.0,25.0,21.0,1781033262668034478
1781033262782065608,31,0,8,0,true,0.2482,0.0039,2033,8192,0.002,0.002,47.95,0.002,0,0,0.0002,0.0002,0.1,0.0,25.0,21.0,1781033262763750228
1781033262881809284,31,0,8,0,true,0.2486,0.0038,2036,8192,0.001,0.001,47.95,0.001,0,0,0.0001,0.0001,0.06,0.0,25.0,21.0,1781033262868184292
1781033262981894702,31,0,8,0,true,0.249,0.004,2040,8192,0.002,0.002,47.95,0.002,0,0,0.0002,0.0002,0.12,0.0,25.0,21.0,1781033262968765753
1781033263081632253,31,0,8,0,true,0.2494,0.0038,2043,8192,0.002,0.002,47.95,0.002,0,0,0.0001,0.0001,0.08,0.0,25.0,21.0,1781033263069495727
1781033263181634452,31,0,8,0,true,0.2498,0.0038,2046,8192,0.002,0.002,47.95,0.002,0,0,0.0001,0.0001,0.08,0.0,25.0,21.0,1781033263170488538
1781033263282329029,31,0,8,0,true,0.2502,0.0039,2049,8192,0.002,0.002,47.95,0.002,0,0,0.0002,0.0002,0.11,0.0,25.0,21.0,1781033263270295082
1781033263381524583,31,0,8,0,true,0.2506,0.0039,2052,8192,0.002,0.002,47.95,0.002,0,0,0.0002,0.0002,0.11,0.0,25.0,21.0,1781033263367069163
1781033263481678514,31,0,8,0,true,0.2509,0.0038,2055,8192,0.002,0.002,47.95,0.002,0,0,0.0002,0.0002,0.09,0.0,25.0,21.0,1781033263467638850
1781033263581621079,31,0,8,0,true,0.2513,0.0039,2058,8192,0.002,0.002,47.95,0.002,0,0,0.0002,0.0002,0.1,0.0,25.0,21.0,1781033263568562092
1781033263681749825,31,0,8,0,true,0.2517,0.004,2062,8192,0.002,0.002,47.95,0.002,0,0,0.0002,0.0002,0.09,0.0,25.0,21.0,1781033263668463924
1781033263783305055,31,0,8,0,true,0.2521,0.004,2065,8192,0.002,0.002,47.95,0.002,0,0,0.0002,0.0002,0.1,0.0,25.0,21.0,1781033263767787923
1781033263882332467,31,0,8,0,true,0.2525,0.0038,2068,8192,0.002,0.002,47.95,0.002,0,0,0.0001,0.0001,0.07,0.0,25.0,21.0,1781033263868582693
1781033263982407555,31,0,8,0,true,0.2529,0.0038,2071,8192,0.002,0.002,47.95,0.002,0,0,0.0002,0.0002,0.09,0.0,25.0,21.0,1781033263969179167
1781033264082036949,31,0,8,0,true,0.2533,0.0038,2074,8192,0.003,0.003,47.95,0.003,0,0,0.0003,0.0003,0.17,0.0,25.0,21.0,1781033264070063398
1781033264182098517,31,0,8,0,true,0.2535,0.0023,2076,8192,0.002,0.002,47.95,0.002,0,0,0.0002,0.0002,0.1,0.0,25.0,21.0,1781033264171162680
1781033264282438977,31,0,8,0,true,0.2537,0.0024,2078,8192,0.003,0.003,47.95,0.003,0,0,0.0003,0.0003,0.15,0.0,25.0,21.0,1781033264271518404
1781033264382022321,31,0,8,0,true,0.254,0.0023,2080,8192,0.002,0.002,47.95,0.002,0,0,0.0002,0.0002,0.12,0.0,25.0,21.0,1781033264372869857
1781033264482101011,31,0,8,0,true,0.2542,0.0022,2082,8192,0.002,0.002,47.95,0.002,0,0,0.0002,0.0002,0.11,0.0,25.0,21.0,1781033264472215039
1781033264581849363,31,0,8,0,true,0.2544,0.0025,2084,8192,0.002,0.002,47.95,0.002,0,0,0.0002,0.0002,0.09,0.0,25.0,21.0,1781033264573221297
1781033264681970319,31,0,8,0,true,0.2547,0.0023,2086,8192,0.001,0.001,47.95,0.001,0,0,0.0001,0.0001,0.07,0.0,25.0,21.0,1781033264674984817
1781033264781796259,31,0,8,0,true,0.2549,0.0023,2088,8192,0.003,0.003,47.95,0.003,0,0,0.0003,0.0003,0.16,0.0,25.0,21.0,1781033264776629020
1781033264882104690,31,0,8,0,true,0.2552,0.0024,2090,8192,0.001,0.001,47.95,0.001,0,0,0.0001,0.0001,0.06,0.0,25.0,21.0,1781033264880141820
1781033264982210510,31,0,8,0,true,0.2554,0.0023,2092,8192,0.003,0.003,47.95,0.003,0,0,0.0003,0.0003,0.15,0.0,25.0,21.0,1781033264975130365
1781033265081521234,31,0,8,0,true,0.2556,0.0023,2094,8192,0.001,0.001,47.95,0.001,0,0,0.0001,0.0001,0.06,0.0,25.0,21.0,1781033265080872620
1781033265181475323,31,0,8,0,true,0.2558,0.0022,2095,8192,0.0,0.0,47.95,0.0,0,0,0.0,0.0,0.01,0.0,25.0,21.0,1781033265181454396
1781033265281506343,31,0,8,0,true,0.2561,0.0022,2097,8192,0.002,0.002,47.95,0.002,0,0,0.0001,0.0001,0.09,0.0,25.0,21.0,1781033265277289988
1781033265381685335,31,0,8,0,true,0.2563,0.0022,2099,8192,0.003,0.003,47.95,0.003,0,0,0.0002,0.0002,0.14,0.0,25.0,21.0,1781033265378488399
1781033265481755405,31,0,8,0,true,0.2565,0.0022,2101,8192,0.003,0.003,47.95,0.003,0,0,0.0002,0.0002,0.12,0.0,25.0,21.0,1781033265477662061
1781033265581646570,31,0,8,0,true,0.2567,0.0022,2103,8192,0.006,0.006,47.95,0.006,0,0,0.0005,0.0005,0.28,0.0,25.0,21.0,1781033265581833132
1781033265681681037,31,0,8,0,true,0.2569,0.0022,2104,8192,0.004,0.004,47.95,0.004,0,0,0.0004,0.0004,0.21,0.0,25.0,21.0,1781033265678984703
1781033265782090669,31,0,8,0,true,0.2572,0.0021,2106,8192,0.0,0.0,47.95,0.0,0,0,0.0,0.0,0.02,0.0,25.0,21.0,1781033265779943106
1781033265882431875,31,0,8,0,true,0.2574,0.0022,2108,8192,0.0,0.0,47.95,0.0,0,0,0.0,0.0,0.01,0.0,25.0,21.0,1781033265880540079
1781033265982032765,31,0,8,0,true,0.2576,0.0022,2110,8192,0.0,0.0,47.95,0.0,0,0,0.0,0.0,0.02,0.0,25.0,21.0,1781033265980095322
1781033266082236398,31,0,8,0,true,0.2578,0.0022,2112,8192,0.0,0.0,47.95,0.0,0,0,0.0,0.0,0.02,0.0,25.0,21.0,1781033266080509213
1781033266182267454,31,0,8,0,true,0.258,0.0022,2113,8192,0.005,0.005,47.95,0.005,0,0,0.0004,0.0004,0.25,0.0,25.0,21.0,1781033266180467330
1781033266281388913,31,0,8,0,true,0.2583,0.0022,2115,8192,0.0,0.0,47.95,0.0,0,0,0.0,0.0,0.02,0.0,25.0,21.0,1781033266281053115
1781033266381502660,31,0,8,0,true,0.2584,0.0021,2117,8192,0.003,0.003,47.95,0.003,0,0,0.0003,0.0003,0.17,0.0,25.0,21.0,1781033266366821502
1781033266482111576,31,0,8,0,true,0.2587,0.0021,2118,8192,0.002,0.002,47.95,0.002,0,0,0.0002,0.0002,0.12,0.0,25.0,21.0,1781033266463917315
1781033266581489921,31,0,8,0,true,0.2589,0.0021,2120,8192,0.006,0.006,47.95,0.006,0,0,0.0005,0.0005,0.28,0.0,25.0,21.0,1781033266564290157
1781033266681895396,31,0,8,0,true,0.2591,0.0021,2122,8192,0.0,0.0,47.95,0.0,0,0,0.0,0.0,0.0,0.0,25.0,21.0,1781033266668302173
1781033266782522634,31,0,8,0,true,0.2593,0.0021,2124,8192,0.001,0.001,47.95,0.001,0,0,0.0001,0.0001,0.05,0.0,25.0,21.0,1781033266764976753
1781033266881945966,31,0,8,0,true,0.2595,0.0021,2125,8192,0.003,0.003,47.95,0.003,0,0,0.0002,0.0002,0.14,0.0,25.0,21.0,1781033266866039266
1781033266982002661,31,0,8,0,true,0.2597,0.0021,2127,8192,0.002,0.002,47.95,0.002,0,0,0.0002,0.0002,0.12,0.0,25.0,21.0,1781033266966911649
1781033267082099722,31,0,8,0,true,0.2599,0.002,2129,8192,0.001,0.001,47.95,0.001,0,0,0.0001,0.0001,0.06,0.0,25.0,21.0,1781033267066049121
1781033267182052694,31,0,8,0,true,0.2601,0.0022,2131,8192,0.002,0.002,47.95,0.002,0,0,0.0001,0.0001,0.08,0.0,25.0,21.0,1781033267166813020
1781033267282747933,31,0,8,0,true,0.2603,0.0021,2132,8192,0.002,0.002,47.95,0.002,0,0,0.0001,0.0001,0.08,0.0,25.0,21.0,1781033267266454373
1781033267382422749,31,0,8,0,true,0.2606,0.0022,2134,8192,0.001,0.001,47.95,0.001,0,0,0.0001,0.0001,0.07,0.0,25.0,21.0,1781033267372233470
1781033267482155317,31,0,8,0,true,0.2608,0.0021,2136,8192,0.008,0.008,47.95,0.008,0,0,0.0007,0.0007,0.39,0.0,25.0,21.0,1781033267472130040
1781033267581533332,31,0,8,0,true,0.261,0.002,2137,8192,0.001,0.001,47.95,0.001,0,0,0.0001,0.0001,0.07,0.0,25.0,21.0,1781033267572353887
1781033267681679798,31,0,8,0,true,0.2612,0.002,2139,8192,0.003,0.003,47.95,0.003,0,0,0.0002,0.0002,0.12,0.0,25.0,21.0,1781033267670592336
1781033267781643085,31,0,8,0,true,0.2614,0.0021,2141,8192,0.004,0.004,47.95,0.004,0,0,0.0003,0.0003,0.18,0.0,25.0,21.0,1781033267768450236
1781033267881892967,31,0,8,0,true,0.2616,0.002,2142,8192,0.005,0.005,47.95,0.005,0,0,0.0004,0.0004,0.23,0.0,25.0,21.0,1781033267871811800
1781033267981573595,31,0,8,0,true,0.2618,0.002,2144,8192,0.004,0.004,47.95,0.004,0,0,0.0003,0.0003,0.17,0.0,25.0,21.0,1781033267969516420
1781033268082066931,31,0,8,0,true,0.262,0.0022,2146,8192,0.004,0.004,47.95,0.004,0,0,0.0003,0.0003,0.19,0.0,25.0,21.0,1781033268074613057
1781033268182422791,31,0,8,0,true,0.2622,0.0021,2147,8192,0.004,0.004,47.95,0.004,0,0,0.0003,0.0003,0.2,0.0,25.0,21.0,1781033268171551980
1781033268281531627,31,0,8,0,true,0.2624,0.002,2149,8192,0.005,0.005,47.95,0.005,0,0,0.0004,0.0004,0.25,0.0,25.0,21.0,1781033268271596034
1781033268382398526,31,0,8,0,true,0.2626,0.002,2151,8192,0.004,0.004,47.95,0.004,0,0,0.0004,0.0004,0.21,0.0,25.0,21.0,1781033268373471498
1781033268482407200,31,0,8,0,true,0.2628,0.002,2152,8192,0.005,0.005,47.95,0.005,0,0,0.0004,0.0004,0.22,0.0,25.0,21.0,1781033268473333815
1781033268581715258,31,0,8,0,true,0.263,0.0021,2154,8192,0.005,0.005,47.95,0.005,0,0,0.0004,0.0004,0.22,0.0,25.0,21.0,1781033268574385015
1781033268681799748,31,0,8,0,true,0.2632,0.002,2156,8192,0.005,0.005,47.95,0.005,0,0,0.0004,0.0004,0.24,0.0,25.0,21.0,1781033268679015168
1781033268781744398,31,0,8,0,true,0.2634,0.002,2158,8192,0.005,0.005,47.95,0.005,0,0,0.0004,0.0004,0.25,0.0,25.0,21.0,1781033268779861604
1781033268881406917,31,0,8,0,true,0.2636,0.002,2159,8192,0.005,0.005,47.95,0.005,0,0,0.0004,0.0004,0.24,0.0,25.0,21.0,1781033268881238606
1781033268981452195,31,0,8,0,true,0.2638,0.002,2161,8192,0.005,0.005,47.95,0.005,0,0,0.0004,0.0004,0.26,0.0,25.0,21.0,1781033268980935441
1781033269081489940,31,0,8,0,true,0.264,0.002,2162,8192,0.005,0.005,47.95,0.005,0,0,0.0004,0.0004,0.26,0.0,25.0,21.0,1781033269081536952
1781033269181411455,31,0,8,0,true,0.2642,0.002,2164,8192,0.005,0.005,47.95,0.005,0,0,0.0004,0.0004,0.26,0.0,25.0,21.0,1781033269180848114
1781033269282625128,31,0,8,0,true,0.2644,0.0021,2166,8192,0.005,0.005,47.95,0.005,0,0,0.0004,0.0004,0.23,0.0,25.0,21.0,1781033269281821269
1781033269381906567,31,0,8,0,true,0.2646,0.0019,2167,8192,0.005,0.005,47.95,0.005,0,0,0.0004,0.0004,0.22,0.0,25.0,21.0,1781033269377582276
1781033269482175975,31,0,8,0,true,0.2648,0.0021,2169,8192,0.005,0.005,47.95,0.005,0,0,0.0004,0.0004,0.25,0.0,25.0,21.0,1781033269478025680
1781033269582269720,31,0,8,0,true,0.265,0.0019,2170,8192,0.005,0.005,47.95,0.005,0,0,0.0004,0.0004,0.26,0.0,25.0,21.0,1781033269563216253
1781033269682392209,31,0,8,0,true,0.2652,0.002,2172,8192,0.005,0.005,47.95,0.005,0,0,0.0004,0.0004,0.24,0.0,25.0,21.0,1781033269679751603
1781033269782743032,31,0,8,0,true,0.2654,0.002,2174,8192,0.005,0.005,47.95,0.005,0,0,0.0004,0.0004,0.26,0.0,25.0,21.0,1781033269781561054
1781033269881708015,31,0,8,0,true,0.2656,0.0021,2175,8192,0.005,0.005,47.95,0.005,0,0,0.0005,0.0005,0.26,0.0,25.0,21.0,1781033269861731157
1781033269981381292,31,0,8,0,true,0.2658,0.002,2177,8192,0.006,0.006,47.95,0.006,0,0,0.0005,0.0005,0.28,0.0,25.0,21.0,1781033269980990090
1781033270082448926,31,0,8,0,true,0.266,0.0019,2178,8192,0.006,0.006,47.95,0.006,0,0,0.0005,0.0005,0.27,0.0,25.0,21.0,1781033270068064373
1781033270184429883,31,0,8,0,true,0.2662,0.0019,2180,8192,0.006,0.006,47.95,0.006,0,0,0.0005,0.0005,0.27,0.0,25.0,21.0,1781033270166318575
1781033270282996541,31,0,8,0,true,0.2664,0.0019,2182,8192,0.006,0.006,47.95,0.006,0,0,0.0005,0.0005,0.28,0.0,25.0,21.0,1781033270265219562
1781033270382093781,31,0,8,0,true,0.2666,0.0019,2183,8192,0.006,0.006,47.95,0.006,0,0,0.0005,0.0005,0.28,0.0,25.0,21.0,1781033270365745321
1781033270481536672,31,0,8,0,true,0.2668,0.0019,2185,8192,0.006,0.006,47.95,0.006,0,0,0.0005,0.0005,0.28,0.0,25.0,21.0,1781033270466199935
1781033270581919494,31,0,8,0,true,0.267,0.0021,2186,8192,0.006,0.006,47.95,0.006,0,0,0.0005,0.0005,0.28,0.0,25.0,21.0,1781033270568690576
1781033270684863147,31,0,8,0,true,0.2672,0.0019,2188,8192,0.006,0.006,47.95,0.006,0,0,0.0005,0.0005,0.29,0.0,25.0,21.0,1781033270668895027
1781033270781644708,31,0,8,0,true,0.2673,0.0019,2190,8192,0.005,0.005,47.95,0.005,0,0,0.0004,0.0004,0.26,0.0,25.0,21.0,1781033270772646395
1781033270882101624,31,0,8,0,true,0.2676,0.002,2191,8192,0.006,0.006,47.95,0.006,0,0,0.0005,0.0005,0.28,0.0,25.0,21.0,1781033270874915422
1781033270982059819,31,0,8,0,true,0.2677,0.0019,2193,8192,0.006,0.006,47.95,0.006,0,0,0.0005,0.0005,0.29,0.0,25.0,21.0,1781033270974958535
1781033271081896476,31,0,8,0,true,0.2679,0.0019,2194,8192,0.006,0.006,47.95,0.006,0,0,0.0005,0.0005,0.27,0.0,25.0,21.0,1781033271071565656
1781033271182004714,31,0,8,0,true,0.2681,0.0019,2196,8192,0.006,0.006,47.95,0.006,0,0,0.0005,0.0005,0.3,0.0,25.0,21.0,1781033271172810648
1781033271282475730,31,0,8,0,true,0.2683,0.0019,2198,8192,0.007,0.007,47.95,0.007,0,0,0.0006,0.0006,0.32,0.0,25.0,21.0,1781033271272404571
1781033271381581589,31,0,8,0,true,0.2685,0.0019,2199,8192,0.007,0.007,47.95,0.007,0,0,0.0006,0.0006,0.32,0.0,25.0,21.0,1781033271374312722
1781033271482241448,31,0,8,0,true,0.2687,0.0019,2201,8192,0.007,0.007,47.95,0.007,0,0,0.0005,0.0005,0.31,0.0,25.0,21.0,1781033271473978929
1781033271581774147,31,0,8,0,true,0.2689,0.0018,2202,8192,0.006,0.006,47.95,0.006,0,0,0.0005,0.0005,0.28,0.0,25.0,21.0,1781033271576547161
1781033271682290325,31,0,8,0,true,0.2691,0.0019,2204,8192,0.006,0.006,47.95,0.006,0,0,0.0005,0.0005,0.28,0.0,25.0,21.0,1781033271676938506
1781033271784400737,31,0,8,0,true,0.2692,0.0019,2205,8192,0.007,0.007,47.94,0.007,0,0,0.0006,0.0006,0.34,0.0,25.0,21.0,1781033271761354882
1781033271881613711,31,0,8,0,true,0.2695,0.0019,2207,8192,0.007,0.007,47.94,0.007,0,0,0.0006,0.0006,0.32,0.0,25.0,21.0,1781033271877108095
1781033271982152481,31,0,8,0,true,0.2697,0.0019,2209,8192,0.006,0.006,47.94,0.006,0,0,0.0005,0.0005,0.3,0.0,25.0,21.0,1781033271978884680
1781033272083223493,31,0,8,0,true,0.2698,0.0019,2210,8192,0.007,0.007,47.94,0.007,0,0,0.0006,0.0006,0.33,0.0,25.0,21.0,1781033272061157694
1781033272182351232,31,0,8,0,true,0.27,0.0019,2211,8192,0.007,0.007,47.94,0.007,0,0,0.0006,0.0006,0.32,0.0,25.0,21.0,1781033272166990327
1781033272282160222,31,0,8,0,true,0.2702,0.0018,2213,8192,0.007,0.007,47.94,0.007,0,0,0.0006,0.0006,0.32,0.0,25.0,21.0,1781033272267197562
1781033272381838018,31,0,8,0,true,0.2704,0.0018,2215,8192,0.006,0.006,47.94,0.006,0,0,0.0005,0.0005,0.3,0.0,25.0,21.0,1781033272367481512
1781033272483639575,31,0,8,0,true,0.2706,0.0019,2216,8192,0.007,0.007,47.94,0.007,0,0,0.0006,0.0006,0.34,0.0,25.0,21.0,1781033272464635607
1781033272581650469,31,0,8,0,true,0.2708,0.0018,2218,8192,0.006,0.006,47.94,0.006,0,0,0.0005,0.0005,0.31,0.0,25.0,21.0,1781033272565286092
1781033272682181065,31,0,8,0,true,0.271,0.0019,2219,8192,0.007,0.007,47.94,0.007,0,0,0.0006,0.0006,0.35,0.0,25.0,21.0,1781033272666514686
1781033272782104156,31,0,8,0,true,0.2711,0.0018,2221,8192,0.006,0.006,47.94,0.006,0,0,0.0005,0.0005,0.31,0.0,25.0,21.0,1781033272764438091
1781033272881632949,31,0,8,0,true,0.2713,0.0018,2222,8192,0.006,0.006,47.94,0.006,0,0,0.0005,0.0005,0.31,0.0,25.0,21.0,1781033272865737905
1781033272982308449,31,0,8,0,true,0.2715,0.0019,2224,8192,0.007,0.007,47.94,0.007,0,0,0.0006,0.0006,0.35,0.0,25.0,21.0,1781033272970325477
1781033273081475665,31,0,8,0,true,0.2717,0.0019,2226,8192,0.007,0.007,47.94,0.007,0,0,0.0006,0.0006,0.32,0.0,25.0,21.0,1781033273071403595
1781033273182323845,31,0,8,0,true,0.2719,0.002,2227,8192,0.007,0.007,47.94,0.007,0,0,0.0006,0.0006,0.33,0.0,25.0,21.0,1781033273172557575
1781033273284872540,31,0,8,0,true,0.2721,0.002,2229,8192,0.007,0.007,47.94,0.007,0,0,0.0006,0.0006,0.33,0.0,25.0,21.0,1781033273271819147
1781033273381862466,31,0,8,0,true,0.2723,0.002,2230,8192,0.007,0.007,47.94,0.007,0,0,0.0006,0.0006,0.34,0.0,25.0,21.0,1781033273353083116
1781033273481755830,31,0,8,0,true,0.2725,0.0018,2232,8192,0.007,0.007,47.94,0.007,0,0,0.0006,0.0006,0.34,0.0,25.0,21.0,1781033273476579905
1781033273582387152,31,0,8,0,true,0.2727,0.002,2234,8192,0.007,0.007,47.94,0.007,0,0,0.0006,0.0006,0.35,0.0,25.0,21.0,1781033273577359622
1781033273682057339,31,0,8,0,true,0.2729,0.0019,2235,8192,0.007,0.007,47.94,0.007,0,0,0.0006,0.0006,0.34,0.0,25.0,21.0,1781033273678298107
1781033273782379447,31,0,8,0,true,0.2731,0.002,2237,8192,0.007,0.007,47.94,0.007,0,0,0.0006,0.0006,0.35,0.0,25.0,21.0,1781033273778547618
1781033273882090427,31,0,8,0,true,0.2733,0.0018,2238,8192,0.007,0.007,47.94,0.007,0,0,0.0006,0.0006,0.36,0.0,25.0,21.0,1781033273880001708
1781033273982629705,31,0,8,0,true,0.2735,0.002,2240,8192,0.007,0.007,47.94,0.007,0,0,0.0006,0.0006,0.35,0.0,25.0,21.0,1781033273964445907
1781033274082194664,31,0,8,0,true,0.2737,0.0018,2241,8192,0.007,0.007,47.94,0.007,0,0,0.0006,0.0006,0.36,0.0,25.0,21.0,1781033274065152203
1781033274182375084,31,0,8,0,true,0.2738,0.0019,2243,8192,0.007,0.007,47.94,0.007,0,0,0.0006,0.0006,0.36,0.0,25.0,21.0,1781033274167208191
1781033274281595019,31,0,8,0,true,0.2741,0.0018,2245,8192,0.008,0.008,47.94,0.008,0,0,0.0006,0.0006,0.36,0.0,25.0,21.0,1781033274281403645
1781033274382183903,31,0,8,0,true,0.2742,0.0018,2246,8192,0.008,0.008,47.94,0.008,0,0,0.0006,0.0006,0.37,0.0,25.0,21.0,1781033274362995329
1781033274481884666,31,0,8,0,true,0.2744,0.0018,2247,8192,0.007,0.007,47.94,0.007,0,0,0.0006,0.0006,0.34,0.0,25.0,21.0,1781033274464535227
1781033274582438097,31,0,8,0,true,0.2746,0.0021,2249,8192,0.008,0.008,47.94,0.008,0,0,0.0006,0.0006,0.36,0.0,25.0,21.0,1781033274568372652
1781033274681772479,31,0,8,0,true,0.2748,0.0018,2250,8192,0.007,0.007,47.94,0.007,0,0,0.0006,0.0006,0.35,0.0,25.0,21.0,1781033274666578960
1781033274782105498,31,0,8,0,true,0.275,0.0018,2252,8192,0.007,0.007,47.94,0.007,0,0,0.0006,0.0006,0.35,0.0,25.0,21.0,1781033274765570978
1781033274882010598,31,0,8,0,true,0.2751,0.0019,2253,8192,0.007,0.007,47.94,0.007,0,0,0.0006,0.0006,0.36,0.0,25.0,21.0,1781033274865491361
1781033274981861483,31,0,8,0,true,0.2753,0.0019,2255,8192,0.008,0.008,47.94,0.008,0,0,0.0006,0.0006,0.36,0.0,25.0,21.0,1781033274967615730
1781033275082250648,31,0,8,0,true,0.2755,0.0018,2257,8192,0.007,0.007,47.94,0.007,0,0,0.0006,0.0006,0.35,0.0,25.0,21.0,1781033275066197910
1781033275181865311,31,0,8,0,true,0.2757,0.0019,2258,8192,0.008,0.008,47.94,0.008,0,0,0.0006,0.0006,0.37,0.0,25.0,21.0,1781033275171777693
1781033275282132666,31,0,8,0,true,0.2759,0.0018,2260,8192,0.008,0.008,47.94,0.008,0,0,0.0006,0.0006,0.37,0.0,25.0,21.0,1781033275271001987
1781033275381586134,31,0,8,0,true,0.2761,0.0018,2261,8192,0.008,0.008,47.94,0.008,0,0,0.0007,0.0007,0.38,0.0,25.0,21.0,1781033275372373108
1781033275482308138,31,0,8,0,true,0.2763,0.0018,2263,8192,0.008,0.008,47.94,0.008,0,0,0.0006,0.0006,0.37,0.0,25.0,21.0,1781033275468193992
1781033275582211648,31,0,8,0,true,0.2765,0.0019,2264,8192,0.008,0.008,47.94,0.008,0,0,0.0007,0.0007,0.39,0.0,25.0,21.0,1781033275570223908
1781033275681849623,31,0,8,0,true,0.2767,0.0019,2266,8192,0.008,0.008,47.94,0.008,0,0,0.0007,0.0007,0.38,0.0,25.0,21.0,1781033275675887424
1781033275782297775,31,0,8,0,true,0.2768,0.0019,2267,8192,0.008,0.008,47.94,0.008,0,0,0.0007,0.0007,0.4,0.0,25.0,21.0,1781033275775214452
1781033275881502252,31,0,8,0,true,0.277,0.0019,2269,8192,0.008,0.008,47.94,0.008,0,0,0.0006,0.0006,0.37,0.0,25.0,21.0,1781033275876348397
1781033275982133293,31,0,8,0,true,0.2772,0.0018,2270,8192,0.007,0.007,47.94,0.007,0,0,0.0006,0.0006,0.36,0.0,25.0,21.0,1781033275971927257
1781033276082093143,31,0,8,0,true,0.2774,0.0019,2272,8192,0.008,0.008,47.94,0.008,0,0,0.0007,0.0007,0.39,0.0,25.0,21.0,1781033276073394247
1781033276182258217,31,0,8,0,true,0.2776,0.0019,2274,8192,0.008,0.008,47.94,0.008,0,0,0.0007,0.0007,0.4,0.0,25.0,21.0,1781033276177289401
1781033276282737268,31,0,8,0,true,0.2778,0.0019,2275,8192,0.008,0.008,47.94,0.008,0,0,0.0007,0.0007,0.4,0.0,25.0,21.0,1781033276277722218
1781033276382114293,31,0,8,0,true,0.278,0.0018,2277,8192,0.008,0.008,47.94,0.008,0,0,0.0006,0.0006,0.37,0.0,25.0,21.0,1781033276379275280
1781033276481445905,31,0,8,0,true,0.2782,0.0018,2278,8192,0.008,0.008,47.94,0.008,0,0,0.0007,0.0007,0.39,0.0,25.0,21.0,1781033276480520053
1781033276582346216,31,0,8,0,true,0.2783,0.0018,2280,8192,0.008,0.008,47.94,0.008,0,0,0.0007,0.0007,0.4,0.0,25.0,21.0,1781033276577100867
1781033276681673193,31,0,8,0,true,0.2785,0.0019,2281,8192,0.008,0.008,47.94,0.008,0,0,0.0007,0.0007,0.39,0.0,25.0,21.0,1781033276676693682
1781033276781713609,31,0,8,0,true,0.2787,0.0018,2283,8192,0.008,0.008,47.94,0.008,0,0,0.0007,0.0007,0.4,0.0,25.0,21.0,1781033276778944032
1781033276882304280,31,0,8,0,true,0.2789,0.0019,2284,8192,0.008,0.008,47.94,0.008,0,0,0.0007,0.0007,0.39,0.0,25.0,21.0,1781033276864021572
1781033276981696749,31,0,8,0,true,0.2791,0.002,2286,8192,0.008,0.008,47.94,0.008,0,0,0.0007,0.0007,0.39,0.0,25.0,21.0,1781033276964484477
1781033277081511084,31,0,8,0,true,0.2793,0.0018,2287,8192,0.008,0.008,47.94,0.008,0,0,0.0007,0.0007,0.4,0.0,25.0,21.0,1781033277064417100
1781033277182011155,31,0,8,0,true,0.2794,0.0018,2289,8192,0.008,0.008,47.94,0.008,0,0,0.0006,0.0006,0.38,0.0,25.0,21.0,1781033277166082423
1781033277282208393,31,0,8,0,true,0.2796,0.0018,2290,8192,0.008,0.008,47.94,0.008,0,0,0.0007,0.0007,0.38,0.0,25.0,21.0,1781033277265403439
1781033277381537753,31,0,8,0,true,0.2798,0.0018,2292,8192,0.008,0.008,47.94,0.008,0,0,0.0007,0.0007,0.38,0.0,25.0,21.0,1781033277366413581
1781033277482356189,31,0,8,0,true,0.28,0.0018,2293,8192,0.008,0.008,47.94,0.008,0,0,0.0006,0.0006,0.37,0.0,25.0,21.0,1781033277463323801
1781033277581680994,31,0,8,0,true,0.2802,0.0018,2295,8192,0.008,0.008,47.94,0.008,0,0,0.0007,0.0007,0.38,0.0,25.0,21.0,1781033277567615309
1781033277682011605,31,0,8,0,true,0.2804,0.0019,2296,8192,0.008,0.008,47.94,0.008,0,0,0.0007,0.0007,0.39,0.0,25.0,21.0,1781033277669581182
1781033277781948623,31,0,8,0,true,0.2806,0.0019,2298,8192,0.008,0.008,47.94,0.008,0,0,0.0007,0.0007,0.39,0.0,25.0,21.0,1781033277768705032
1781033277882162631,31,0,8,0,true,0.2807,0.0018,2299,8192,0.009,0.009,47.94,0.009,0,0,0.0007,0.0007,0.42,0.0,25.0,21.0,1781033277870029981
1781033277982200153,31,0,8,0,true,0.2809,0.0018,2301,8192,0.009,0.009,47.94,0.009,0,0,0.0007,0.0007,0.41,0.0,25.0,21.0,1781033277967622804
1781033278082106057,31,0,8,0,true,0.2811,0.0018,2302,8192,0.008,0.008,47.94,0.008,0,0,0.0007,0.0007,0.39,0.0,25.0,21.0,1781033278067857465
1781033278181968944,31,0,8,0,true,0.2813,0.0019,2304,8192,0.009,0.009,47.94,0.009,0,0,0.0007,0.0007,0.41,0.0,25.0,21.0,1781033278169567611
1781033278282566380,31,0,8,0,true,0.2815,0.0019,2305,8192,0.008,0.008,47.94,0.008,0,0,0.0007,0.0007,0.4,0.0,25.0,21.0,1781033278267130634
1781033278381546563,31,0,8,0,true,0.2817,0.0018,2307,8192,0.008,0.008,47.94,0.008,0,0,0.0007,0.0007,0.39,0.0,25.0,21.0,1781033278370341380
1781033278482196406,31,0,8,0,true,0.2818,0.0018,2308,8192,0.008,0.008,47.94,0.008,0,0,0.0007,0.0007,0.39,0.0,25.0,21.0,1781033278467993309
1781033278582204441,31,0,8,0,true,0.282,0.0018,2310,8192,0.008,0.008,47.94,0.008,0,0,0.0007,0.0007,0.39,0.0,25.0,21.0,1781033278569242976
1781033278681620251,31,0,8,0,true,0.2822,0.0019,2311,8192,0.008,0.008,47.94,0.008,0,0,0.0007,0.0007,0.4,0.0,25.0,21.0,1781033278670539165
1781033278781479128,31,0,8,0,true,0.2824,0.0018,2313,8192,0.009,0.009,47.94,0.009,0,0,0.0007,0.0007,0.42,0.0,25.0,21.0,1781033278770060500
1781033278881695734,31,0,8,0,true,0.2826,0.0018,2314,8192,0.008,0.008,47.94,0.008,0,0,0.0007,0.0007,0.39,0.0,25.0,21.0,1781033278873601428
1781033278982449542,31,0,8,0,true,0.2828,0.0018,2316,8192,0.008,0.008,47.94,0.008,0,0,0.0007,0.0007,0.39,0.0,25.0,21.0,1781033278971317200
1781033279081558270,31,0,8,0,true,0.283,0.0018,2317,8192,0.008,0.008,47.94,0.008,0,0,0.0007,0.0007,0.39,0.0,25.0,21.0,1781033279071264223
1781033279181671883,31,0,8,0,true,0.2832,0.0018,2319,8192,0.008,0.008,47.94,0.008,0,0,0.0007,0.0007,0.39,0.0,25.0,21.0,1781033279178475917
1781033279282418397,31,0,8,0,true,0.2833,0.0018,2321,8192,0.009,0.009,47.94,0.009,0,0,0.0007,0.0007,0.42,0.0,25.0,21.0,1781033279278528070
1781033279381541246,31,0,8,0,true,0.2835,0.0018,2322,8192,0.009,0.009,47.94,0.009,0,0,0.0007,0.0007,0.42,0.0,25.0,21.0,1781033279379714860
1781033279482431442,31,0,8,0,true,0.2837,0.0018,2324,8192,0.009,0.009,47.94,0.009,0,0,0.0007,0.0007,0.42,0.0,25.0,21.0,1781033279480230532
1781033279582174836,31,0,8,0,true,0.2839,0.0018,2325,8192,0.008,0.008,47.94,0.008,0,0,0.0007,0.0007,0.39,0.0,25.0,21.0,1781033279579041944
1781033279682369002,31,0,8,0,true,0.2841,0.0018,2327,8192,0.009,0.009,47.94,0.009,0,0,0.0007,0.0007,0.43,0.0,25.0,21.0,1781033279676385209
1781033279782173075,31,0,8,0,true,0.2843,0.0018,2328,8192,0.009,0.009,47.94,0.009,0,0,0.0007,0.0007,0.43,0.0,25.0,21.0,1781033279777084499
1781033279881509680,31,0,8,0,true,0.2844,0.0018,2329,8192,0.008,0.008,47.94,0.008,0,0,0.0007,0.0007,0.4,0.0,25.0,21.0,1781033279858405593
1781033279982238934,31,0,8,0,true,0.2846,0.0018,2331,8192,0.009,0.009,47.94,0.009,0,0,0.0007,0.0007,0.43,0.0,25.0,21.0,1781033279979348472
1781033280082028556,31,0,8,0,true,0.2848,0.0018,2333,8192,0.009,0.009,47.94,0.009,0,0,0.0007,0.0007,0.42,0.0,25.0,21.0,1781033280080659456
1781033280182170859,31,0,8,0,true,0.285,0.0018,2334,8192,0.009,0.009,47.94,0.009,0,0,0.0007,0.0007,0.42,0.0,25.0,21.0,1781033280164662147
1781033280282212703,31,0,8,0,true,0.2852,0.0018,2335,8192,0.009,0.009,47.94,0.009,0,0,0.0007,0.0007,0.43,0.0,25.0,21.0,1781033280263656644
1781033280381712705,31,0,8,0,true,0.2853,0.0019,2337,8192,0.009,0.009,47.94,0.009,0,0,0.0007,0.0007,0.42,0.0,25.0,21.0,1781033280371572081
1781033280482229210,31,0,8,0,true,0.2855,0.0018,2339,8192,0.009,0.009,47.94,0.009,0,0,0.0007,0.0007,0.42,0.0,25.0,21.0,1781033280471143393
1781033280582219203,31,0,8,0,true,0.2857,0.0019,2340,8192,0.009,0.009,47.94,0.009,0,0,0.0007,0.0007,0.42,0.0,25.0,21.0,1781033280572926984
1781033280681838638,31,0,8,0,true,0.2859,0.0018,2342,8192,0.008,0.008,47.94,0.008,0,0,0.0007,0.0007,0.4,0.0,25.0,21.0,1781033280677911593
1781033280781737118,31,0,8,0,true,0.2861,0.0019,2343,8192,0.009,0.009,47.94,0.009,0,0,0.0007,0.0007,0.42,0.0,25.0,21.0,1781033280777529601
1781033280882088083,31,0,8,0,true,0.2863,0.0018,2345,8192,0.008,0.008,47.94,0.008,0,0,0.0007,0.0007,0.4,0.0,25.0,21.0,1781033280879194846
1781033280981947259,31,0,8,0,true,0.2865,0.0018,2346,8192,0.008,0.008,47.94,0.008,0,0,0.0007,0.0007,0.41,0.0,25.0,21.0,1781033280978445142
1781033281082338620,31,0,8,0,true,0.2866,0.0019,2348,8192,0.009,0.009,47.94,0.009,0,0,0.0007,0.0007,0.43,0.0,25.0,21.0,1781033281080525116
1781033281181822345,31,0,8,0,true,0.2868,0.0019,2349,8192,0.009,0.009,47.94,0.009,0,0,0.0007,0.0007,0.42,0.0,25.0,21.0,1781033281179841903
1781033281282038723,31,0,8,0,true,0.287,0.0018,2351,8192,0.008,0.008,47.94,0.008,0,0,0.0007,0.0007,0.4,0.0,25.0,21.0,1781033281277015689
1781033281382388841,31,0,8,0,true,0.2872,0.0018,2352,8192,0.009,0.009,47.94,0.009,0,0,0.0007,0.0007,0.43,0.0,25.0,21.0,1781033281380436085
1781033281482349228,31,0,8,0,true,0.2874,0.0019,2354,8192,0.009,0.009,47.94,0.009,0,0,0.0007,0.0007,0.43,0.0,25.0,21.0,1781033281481474820
1781033281582163214,31,0,8,0,true,0.2875,0.0019,2355,8192,0.009,0.009,47.94,0.009,0,0,0.0007,0.0007,0.42,0.0,25.0,21.0,1781033281562204473
1781033281681864531,31,0,8,0,true,0.2877,0.0018,2356,8192,0.009,0.009,47.94,0.009,0,0,0.0007,0.0007,0.43,0.0,25.0,21.0,1781033281663724033
1781033281782403854,31,0,8,0,true,0.2879,0.0018,2358,8192,0.009,0.009,47.94,0.009,0,0,0.0007,0.0007,0.41,0.0,25.0,21.0,1781033281779213313
1781033281882088175,31,0,8,0,true,0.2881,0.0018,2360,8192,0.009,0.009,47.94,0.009,0,0,0.0008,0.0008,0.43,0.0,25.0,21.0,1781033281880049282
1781033281981688854,31,0,8,0,true,0.2883,0.0019,2361,8192,0.009,0.009,47.94,0.009,0,0,0.0007,0.0007,0.43,0.0,25.0,21.0,1781033281961066274
1781033282082093431,31,0,8,0,true,0.2884,0.0019,2362,8192,0.009,0.009,47.94,0.009,0,0,0.0007,0.0007,0.43,0.0,25.0,21.0,1781033282061382944
1781033282181941259,31,0,8,0,true,0.2886,0.0018,2364,8192,0.009,0.009,47.94,0.009,0,0,0.0008,0.0008,0.44,0.0,25.0,21.0,1781033282165506139
1781033282282267815,31,0,8,0,true,0.2888,0.0018,2365,8192,0.009,0.009,47.94,0.009,0,0,0.0007,0.0007,0.41,0.0,25.0,21.0,1781033282266235390
1781033282382368542,31,0,8,0,true,0.289,0.0018,2367,8192,0.009,0.009,47.94,0.009,0,0,0.0008,0.0008,0.44,0.0,25.0,21.0,1781033282363002465
1781033282481566870,31,0,8,0,true,0.2892,0.0018,2368,8192,0.009,0.009,47.94,0.009,0,0,0.0008,0.0008,0.44,0.0,25.0,21.0,1781033282468519892
1781033282582094214,31,0,8,0,true,0.2894,0.0019,2370,8192,0.009,0.009,47.94,0.009,0,0,0.0007,0.0007,0.42,0.0,25.0,21.0,1781033282563845786
1781033282681896506,31,0,8,0,true,0.2895,0.0018,2371,8192,0.009,0.009,47.94,0.009,0,0,0.0008,0.0008,0.43,0.0,25.0,21.0,1781033282668652529
1781033282781510487,31,0,8,0,true,0.2897,0.0018,2373,8192,0.009,0.009,47.94,0.009,0,0,0.0007,0.0007,0.41,0.0,25.0,21.0,1781033282768469921
1781033282881608148,31,0,8,0,true,0.2899,0.0018,2374,8192,0.009,0.009,47.94,0.009,0,0,0.0008,0.0008,0.44,0.0,25.0,21.0,1781033282870641989
1781033282982147331,31,0,8,0,true,0.2901,0.0018,2376,8192,0.009,0.009,47.94,0.009,0,0,0.0007,0.0007,0.42,0.0,25.0,21.0,1781033282969995421
1781033283082446562,31,0,8,0,true,0.2903,0.0018,2377,8192,0.009,0.009,47.94,0.009,0,0,0.0007,0.0007,0.43,0.0,25.0,21.0,1781033283070338387
1781033283181898558,31,0,8,0,true,0.2905,0.0018,2379,8192,0.009,0.009,47.94,0.009,0,0,0.0007,0.0007,0.42,0.0,25.0,21.0,1781033283170920597
1781033283281620148,31,0,8,0,true,0.2906,0.0019,2380,8192,0.009,0.009,47.94,0.009,0,0,0.0007,0.0007,0.43,0.0,25.0,21.0,1781033283271601100
1781033283381616303,31,0,8,0,true,0.2908,0.0018,2382,8192,0.009,0.009,47.94,0.009,0,0,0.0008,0.0008,0.44,0.0,25.0,21.0,1781033283373355014
1781033283482295444,31,0,8,0,true,0.291,0.0018,2383,8192,0.009,0.009,47.94,0.009,0,0,0.0007,0.0007,0.42,0.0,25.0,21.0,1781033283473335384
1781033283581971327,31,0,8,0,true,0.2912,0.0019,2385,8192,0.009,0.009,47.94,0.009,0,0,0.0007,0.0007,0.43,0.0,25.0,21.0,1781033283572962266
1781033283681674818,31,0,8,0,true,0.2914,0.0019,2386,8192,0.009,0.009,47.94,0.009,0,0,0.0007,0.0007,0.43,0.0,25.0,21.0,1781033283674720871
1781033283782249144,31,0,8,0,true,0.2916,0.0018,2388,8192,0.009,0.009,47.94,0.009,0,0,0.0008,0.0008,0.44,0.0,25.0,21.0,1781033283770242272
1781033283882074442,31,0,8,0,true,0.2917,0.0018,2389,8192,0.009,0.009,47.94,0.009,0,0,0.0007,0.0007,0.42,0.0,25.0,21.0,1781033283875732999
1781033283981500823,31,0,8,0,true,0.2919,0.0018,2391,8192,0.009,0.009,47.94,0.009,0,0,0.0007,0.0007,0.42,0.0,25.0,21.0,1781033283975049721
1781033284082199265,31,0,8,0,true,0.2921,0.0018,2392,8192,0.009,0.009,47.94,0.009,0,0,0.0008,0.0008,0.44,0.0,25.0,21.0,1781033284076180486
1781033284182317066,31,0,8,0,true,0.2923,0.0018,2394,8192,0.009,0.009,47.94,0.009,0,0,0.0007,0.0007,0.42,0.0,25.0,21.0,1781033284172449417
1781033284282288109,31,0,8,0,true,0.2925,0.0018,2396,8192,0.009,0.009,47.94,0.009,0,0,0.0007,0.0007,0.43,0.0,25.0,21.0,1781033284277579775
1781033284382357004,31,0,8,0,true,0.2927,0.0019,2397,8192,0.009,0.009,47.94,0.009,0,0,0.0008,0.0008,0.43,0.0,25.0,21.0,1781033284379565052
1781033284481619495,31,0,8,0,true,0.2928,0.0018,2398,8192,0.009,0.009,47.94,0.009,0,0,0.0008,0.0008,0.44,0.0,25.0,21.0,1781033284478207573
1781033284581664228,31,0,8,0,true,0.293,0.0018,2400,8192,0.009,0.009,47.94,0.009,0,0,0.0008,0.0008,0.44,0.0,25.0,21.0,1781033284578733063
1781033284681828365,31,0,8,0,true,0.2932,0.0018,2401,8192,0.009,0.009,47.94,0.009,0,0,0.0007,0.0007,0.42,0.0,25.0,21.0,1781033284679008778
1781033284781494659,31,0,8,0,true,0.2934,0.0018,2403,8192,0.009,0.009,47.94,0.009,0,0,0.0008,0.0008,0.44,0.0,25.0,21.0,1781033284760365843
1781033284882342966,31,0,8,0,true,0.2936,0.0018,2404,8192,0.009,0.009,47.94,0.009,0,0,0.0008,0.0008,0.44,0.0,25.0,21.0,1781033284880239380
1781033284982403114,31,0,8,0,true,0.2938,0.0018,2406,8192,0.009,0.009,47.94,0.009,0,0,0.0008,0.0008,0.44,0.0,25.0,21.0,1781033284981528247
1781033285081503198,31,0,8,0,true,0.2939,0.0019,2407,8192,0.009,0.009,47.94,0.009,0,0,0.0008,0.0008,0.44,0.0,25.0,21.0,1781033285060972176
1781033285181721690,31,0,8,0,true,0.2941,0.0019,2409,8192,0.009,0.009,47.94,0.009,0,0,0.0008,0.0008,0.43,0.0,25.0,21.0,1781033285181910104
1781033285282206314,31,0,8,0,true,0.2943,0.0018,2410,8192,0.009,0.009,47.94,0.009,0,0,0.0008,0.0008,0.44,0.0,25.0,21.0,1781033285262139751
1781033285381974447,31,0,8,0,true,0.2945,0.0018,2412,8192,0.009,0.009,47.94,0.009,0,0,0.0008,0.0008,0.44,0.0,25.0,21.0,1781033285379439183
1781033285482282600,31,0,8,0,true,0.2946,0.0018,2413,8192,0.009,0.009,47.94,0.009,0,0,0.0008,0.0008,0.44,0.0,25.0,21.0,1781033285464277657
1781033285582354937,31,0,8,0,true,0.2948,0.0018,2415,8192,0.009,0.009,47.94,0.009,0,0,0.0007,0.0007,0.42,0.0,25.0,21.0,1781033285565850430
1781033285682098660,31,0,8,0,true,0.295,0.0019,2416,8192,0.009,0.009,47.94,0.009,0,0,0.0008,0.0008,0.44,0.0,25.0,21.0,1781033285665204569
1781033285784905870,31,0,8,0,true,0.2952,0.0018,2418,8192,0.009,0.009,47.94,0.009,0,0,0.0008,0.0008,0.44,0.0,25.0,21.0,1781033285765687007
1781033285882133702,31,0,8,0,true,0.2954,0.0019,2419,8192,0.009,0.009,47.94,0.009,0,0,0.0008,0.0008,0.44,0.0,25.0,21.0,1781033285866073639
1781033285982172136,31,0,8,0,true,0.2955,0.0018,2421,8192,0.009,0.009,47.94,0.009,0,0,0.0008,0.0008,0.44,0.0,25.0,21.0,1781033285964015024
1781033286081781557,31,0,8,0,true,0.2957,0.0018,2422,8192,0.009,0.009,47.94,0.009,0,0,0.0007,0.0007,0.43,0.0,25.0,21.0,1781033286064334073
1781033286181705115,31,0,8,0,true,0.2959,0.0018,2424,8192,0.009,0.009,47.94,0.009,0,0,0.0007,0.0007,0.42,0.0,25.0,21.0,1781033286164351371
1781033286283015731,31,0,8,0,true,0.2961,0.0018,2425,8192,0.009,0.009,47.94,0.009,0,0,0.0008,0.0008,0.44,0.0,25.0,21.0,1781033286264011230
1781033286383855982,31,0,8,0,true,0.2963,0.0018,2427,8192,0.009,0.009,47.94,0.009,0,0,0.0008,0.0008,0.43,0.0,25.0,21.0,1781033286364753304
1781033286482068835,31,0,8,0,true,0.2965,0.0018,2428,8192,0.009,0.009,47.94,0.009,0,0,0.0007,0.0007,0.43,0.0,25.0,21.0,1781033286466728626
1781033286584915565,31,0,8,0,true,0.2966,0.0019,2430,8192,0.009,0.009,47.94,0.009,0,0,0.0008,0.0008,0.44,0.0,25.0,21.0,1781033286567969652
1781033286684899123,31,0,8,0,true,0.2968,0.0019,2431,8192,0.009,0.009,47.94,0.009,0,0,0.0008,0.0008,0.44,0.0,25.0,21.0,1781033286668873543
1781033286783116612,31,0,8,0,true,0.297,0.0019,2433,8192,0.009,0.009,47.94,0.009,0,0,0.0008,0.0008,0.44,0.0,25.0,21.0,1781033286766846848
1781033286881651519,31,0,8,0,true,0.2972,0.0018,2434,8192,0.009,0.009,47.94,0.009,0,0,0.0007,0.0007,0.43,0.0,25.0,21.0,1781033286868303464
1781033286981922692,31,0,8,0,true,0.2974,0.0018,2436,8192,0.009,0.009,47.94,0.009,0,0,0.0007,0.0007,0.43,0.0,25.0,21.0,1781033286967539919
1781033287082066439,31,0,8,0,true,0.2976,0.0019,2437,8192,0.009,0.009,47.94,0.009,0,0,0.0008,0.0008,0.44,0.0,25.0,21.0,1781033287068733504
1781033287181828203,31,0,8,0,true,0.2977,0.0018,2439,8192,0.009,0.009,47.94,0.009,0,0,0.0008,0.0008,0.44,0.0,25.0,21.0,1781033287171610559
1781033287281690987,31,0,8,0,true,0.2979,0.0014,2440,8192,0.004,0.004,47.94,0.004,0,0,0.0003,0.0003,0.19,0.0,25.0,21.0,1781033287270155068
1781033287381939823,31,0,8,0,true,0.2981,0.0014,2441,8192,0.005,0.005,47.94,0.005,0,0,0.0004,0.0004,0.25,0.0,25.0,21.0,1781033287370509708
1781033287482384189,31,0,8,0,true,0.2982,0.0013,2442,8192,0.004,0.004,47.94,0.004,0,0,0.0004,0.0004,0.21,0.0,25.0,21.0,1781033287470160858
1781033287581825845,31,0,8,0,true,0.2983,0.0012,2443,8192,0.002,0.002,47.94,0.002,0,0,0.0001,0.0001,0.09,0.0,25.0,21.0,1781033287570594617
1781033287681941109,31,0,8,0,true,0.2984,0.0011,2444,8192,0.003,0.003,47.94,0.003,0,0,0.0003,0.0003,0.15,0.0,25.0,21.0,1781033287672026805
1781033287782329047,31,0,8,0,true,0.2985,0.0011,2445,8192,0.002,0.002,47.94,0.002,0,0,0.0001,0.0001,0.08,0.0,25.0,21.0,1781033287775260006
1781033287881883470,31,0,8,0,true,0.2987,0.001,2446,8192,0.001,0.001,47.94,0.001,0,0,0.0001,0.0001,0.05,0.0,25.0,21.0,1781033287876692431
1781033287982448832,31,0,8,0,true,0.2987,0.0009,2447,8192,0.008,0.008,47.94,0.008,0,0,0.0006,0.0006,0.36,0.0,25.0,21.0,1781033287976336801
1781033288081824761,31,0,8,0,true,0.2988,0.0011,2448,8192,0.002,0.002,47.94,0.002,0,0,0.0002,0.0002,0.12,0.0,25.0,21.0,1781033288072918366
1781033288181653901,31,0,8,0,true,0.299,0.0011,2449,8192,0.003,0.003,47.94,0.003,0,0,0.0002,0.0002,0.14,0.0,25.0,21.0,1781033288177564735
1781033288282002868,31,0,8,0,true,0.2991,0.0011,2450,8192,0.003,0.003,47.94,0.003,0,0,0.0003,0.0003,0.15,0.0,25.0,21.0,1781033288277787547
1781033288381711182,31,0,8,0,true,0.2992,0.0012,2451,8192,0.003,0.003,47.94,0.003,0,0,0.0002,0.0002,0.14,0.0,25.0,21.0,1781033288378871804
1781033288482080196,31,0,8,0,true,0.2993,0.0012,2451,8192,0.003,0.003,47.94,0.003,0,0,0.0002,0.0002,0.14,0.0,25.0,21.0,1781033288479048683
1781033288582284119,31,0,8,0,true,0.2994,0.0011,2452,8192,0.003,0.003,47.94,0.003,0,0,0.0003,0.0003,0.15,0.0,25.0,21.0,1781033288579650434
1781033288682311671,31,0,8,0,true,0.2995,0.0011,2453,8192,0.003,0.003,47.94,0.003,0,0,0.0003,0.0003,0.16,0.0,25.0,21.0,1781033288679428486
1781033288781356152,31,0,8,0,true,0.2997,0.0011,2454,8192,0.003,0.003,47.94,0.003,0,0,0.0003,0.0003,0.15,0.0,25.0,21.0,1781033288780595685
1781033288881382703,31,0,8,0,true,0.2998,0.0011,2455,8192,0.003,0.003,47.94,0.003,0,0,0.0003,0.0003,0.17,0.0,25.0,21.0,1781033288881142419
1781033288982244541,31,0,8,0,true,0.2999,0.0012,2456,8192,0.004,0.004,47.94,0.004,0,0,0.0003,0.0003,0.18,0.0,25.0,21.0,1781033288964339427
1781033289081808489,31,0,8,0,true,0.3,0.0011,2457,8192,0.004,0.004,47.94,0.004,0,0,0.0003,0.0003,0.18,0.0,25.0,21.0,1781033289062670106
1781033289181771075,31,0,8,0,true,0.3001,0.0012,2458,8192,0.003,0.003,47.94,0.003,0,0,0.0003,0.0003,0.17,0.0,25.0,21.0,1781033289179761802
1781033289281810317,31,0,8,0,true,0.3002,0.0012,2459,8192,0.004,0.004,47.94,0.004,0,0,0.0003,0.0003,0.17,0.0,25.0,21.0,1781033289264462505
1781033289381535269,31,0,8,0,true,0.3004,0.0011,2460,8192,0.004,0.004,47.94,0.004,0,0,0.0003,0.0003,0.19,0.0,25.0,21.0,1781033289381717738
1781033289482066131,31,0,8,0,true,0.3005,0.0012,2461,8192,0.004,0.004,47.94,0.004,0,0,0.0003,0.0003,0.17,0.0,25.0,21.0,1781033289466787362
1781033289581465353,31,0,8,0,true,0.3006,0.0012,2462,8192,0.004,0.004,47.94,0.004,0,0,0.0003,0.0003,0.18,0.0,25.0,21.0,1781033289568388044
1781033289681545914,31,0,8,0,true,0.3007,0.0011,2463,8192,0.004,0.004,47.94,0.004,0,0,0.0004,0.0004,0.2,0.0,25.0,21.0,1781033289670368282
1781033289782304830,31,0,8,0,true,0.3008,0.0012,2464,8192,0.004,0.004,47.94,0.004,0,0,0.0003,0.0003,0.19,0.0,25.0,21.0,1781033289769313573
1781033289882085083,31,0,8,0,true,0.3009,0.0011,2465,8192,0.004,0.004,47.94,0.004,0,0,0.0004,0.0004,0.21,0.0,25.0,21.0,1781033289869496809
1781033289981888633,31,0,8,0,true,0.301,0.0011,2466,8192,0.004,0.004,47.94,0.004,0,0,0.0004,0.0004,0.21,0.0,25.0,21.0,1781033289969927397
1781033290082051173,31,0,8,0,true,0.3011,0.0011,2466,8192,0.004,0.004,47.94,0.004,0,0,0.0004,0.0004,0.22,0.0,25.0,21.0,1781033290066708508
1781033290182029125,31,0,8,0,true,0.3013,0.0011,2467,8192,0.004,0.004,47.94,0.004,0,0,0.0004,0.0004,0.21,0.0,25.0,21.0,1781033290171950626
1781033290282012945,31,0,8,0,true,0.3014,0.0012,2468,8192,0.004,0.004,47.94,0.004,0,0,0.0004,0.0004,0.2,0.0,25.0,21.0,1781033290272337319
1781033290382412706,31,0,8,0,true,0.3015,0.0011,2469,8192,0.005,0.005,47.94,0.005,0,0,0.0004,0.0004,0.23,0.0,25.0,21.0,1781033290370152154
1781033290481645022,31,0,8,0,true,0.3016,0.0011,2470,8192,0.005,0.005,47.94,0.005,0,0,0.0004,0.0004,0.22,0.0,25.0,21.0,1781033290468473488
1781033290582033791,31,0,8,0,true,0.3017,0.0012,2471,8192,0.004,0.004,47.94,0.004,0,0,0.0004,0.0004,0.21,0.0,25.0,21.0,1781033290573446321
1781033290681983804,31,0,8,0,true,0.3018,0.0011,2472,8192,0.005,0.005,47.94,0.005,0,0,0.0004,0.0004,0.23,0.0,25.0,21.0,1781033290669871252
1781033290782417986,31,0,8,0,true,0.3019,0.0011,2473,8192,0.005,0.005,47.94,0.005,0,0,0.0004,0.0004,0.23,0.0,25.0,21.0,1781033290770217943
1781033290882256170,31,0,8,0,true,0.3021,0.0012,2474,8192,0.005,0.005,47.94,0.005,0,0,0.0004,0.0004,0.22,0.0,25.0,21.0,1781033290875783697
1781033290981780445,31,0,8,0,true,0.3022,0.0011,2475,8192,0.005,0.005,47.94,0.005,0,0,0.0004,0.0004,0.24,0.0,25.0,21.0,1781033290974513286
1781033291081496588,31,0,8,0,true,0.3023,0.0012,2476,8192,0.005,0.005,47.94,0.005,0,0,0.0004,0.0004,0.23,0.0,25.0,21.0,1781033291074198805
1781033291182073629,31,0,8,0,true,0.3024,0.0012,2477,8192,0.005,0.005,47.94,0.005,0,0,0.0004,0.0004,0.23,0.0,25.0,21.0,1781033291173113831
1781033291281568048,31,0,8,0,true,0.3025,0.0011,2478,8192,0.005,0.005,47.94,0.005,0,0,0.0004,0.0004,0.24,0.0,25.0,21.0,1781033291272494137
1781033291381643788,31,0,8,0,true,0.3026,0.0011,2479,8192,0.005,0.005,47.94,0.005,0,0,0.0004,0.0004,0.24,0.0,25.0,21.0,1781033291375400969
1781033291482281364,31,0,8,0,true,0.3028,0.0011,2480,8192,0.006,0.006,47.94,0.006,0,0,0.0005,0.0005,0.28,0.0,25.0,21.0,1781033291473316332
1781033291581846166,31,0,8,0,true,0.3029,0.0011,2481,8192,0.005,0.005,47.94,0.005,0,0,0.0004,0.0004,0.26,0.0,25.0,21.0,1781033291574934582
1781033291681857389,31,0,8,0,true,0.303,0.0011,2482,8192,0.005,0.005,47.94,0.005,0,0,0.0004,0.0004,0.26,0.0,25.0,21.0,1781033291675665103
1781033291781923166,31,0,8,0,true,0.3031,0.0012,2482,8192,0.005,0.005,47.94,0.005,0,0,0.0004,0.0004,0.25,0.0,25.0,21.0,1781033291776553238
1781033291881505157,31,0,8,0,true,0.3032,0.0011,2483,8192,0.005,0.005,47.94,0.005,0,0,0.0005,0.0005,0.26,0.0,25.0,21.0,1781033291878442576
1781033291982375220,31,0,8,0,true,0.3033,0.0012,2484,8192,0.005,0.005,47.94,0.005,0,0,0.0004,0.0004,0.25,0.0,25.0,21.0,1781033291976244941
1781033292081646853,31,0,8,0,true,0.3034,0.0011,2485,8192,0.006,0.006,47.94,0.006,0,0,0.0005,0.0005,0.27,0.0,25.0,21.0,1781033292081105702
1781033292181731883,31,0,8,0,true,0.3036,0.0012,2486,8192,0.005,0.005,47.94,0.005,0,0,0.0004,0.0004,0.25,0.0,25.0,21.0,1781033292180812837
1781033292282361625,31,0,8,0,true,0.3037,0.0011,2487,8192,0.006,0.006,47.94,0.006,0,0,0.0005,0.0005,0.27,0.0,25.0,21.0,1781033292281341317
1781033292381443209,31,0,8,0,true,0.3038,0.0012,2488,8192,0.005,0.005,47.94,0.005,0,0,0.0004,0.0004,0.26,0.0,25.0,21.0,1781033292359240750
1781033292482084765,31,0,8,0,true,0.3039,0.0011,2489,8192,0.006,0.006,47.94,0.006,0,0,0.0005,0.0005,0.27,0.0,25.0,21.0,1781033292463041498
1781033292584880251,31,0,8,0,true,0.304,0.0011,2490,8192,0.006,0.006,47.94,0.006,0,0,0.0005,0.0005,0.27,0.0,25.0,21.0,1781033292583904525
1781033292682032417,31,0,8,0,true,0.3041,0.0011,2491,8192,0.006,0.006,47.94,0.006,0,0,0.0005,0.0005,0.27,0.0,25.0,21.0,1781033292664438995
1781033292781727895,31,0,8,0,true,0.3042,0.0011,2492,8192,0.006,0.006,47.94,0.006,0,0,0.0005,0.0005,0.28,0.0,25.0,21.0,1781033292764401930
1781033292881644507,31,0,8,0,true,0.3043,0.0011,2493,8192,0.006,0.006,47.94,0.006,0,0,0.0005,0.0005,0.28,0.0,25.0,21.0,1781033292865086672
1781033292981903596,31,0,8,0,true,0.3044,0.0012,2493,8192,0.006,0.006,47.94,0.006,0,0,0.0005,0.0005,0.27,0.0,25.0,21.0,1781033292965519482
1781033293081838552,31,0,8,0,true,0.3046,0.0011,2494,8192,0.006,0.006,47.94,0.006,0,0,0.0005,0.0005,0.27,0.0,25.0,21.0,1781033293066037879
1781033293182001025,31,0,8,0,true,0.3047,0.0011,2495,8192,0.006,0.006,47.94,0.006,0,0,0.0005,0.0005,0.28,0.0,25.0,21.0,1781033293166709992
1781033293282208563,31,0,8,0,true,0.3048,0.0011,2496,8192,0.006,0.006,47.94,0.006,0,0,0.0005,0.0005,0.28,0.0,25.0,21.0,1781033293266584980
1781033293382224024,31,0,8,0,true,0.3049,0.0011,2497,8192,0.006,0.006,47.94,0.006,0,0,0.0005,0.0005,0.29,0.0,25.0,21.0,1781033293367227958
1781033293481686378,31,0,8,0,true,0.305,0.0011,2498,8192,0.006,0.006,47.94,0.006,0,0,0.0005,0.0005,0.29,0.0,25.0,21.0,1781033293463916637
1781033293581690373,31,0,8,0,true,0.3051,0.0011,2499,8192,0.006,0.006,47.94,0.006,0,0,0.0005,0.0005,0.28,0.0,25.0,21.0,1781033293564276319
1781033293682296591,31,0,8,0,true,0.3052,0.0011,2500,8192,0.006,0.006,47.94,0.006,0,0,0.0005,0.0005,0.27,0.0,25.0,21.0,1781033293665355941
1781033293783234393,31,0,8,0,true,0.3054,0.0011,2501,8192,0.006,0.006,47.94,0.006,0,0,0.0005,0.0005,0.29,0.0,25.0,21.0,1781033293769017745
1781033293882362564,31,0,8,0,true,0.3055,0.0012,2502,8192,0.006,0.006,47.94,0.006,0,0,0.0005,0.0005,0.27,0.0,25.0,21.0,1781033293868598052
1781033293981721933,31,0,8,0,true,0.3056,0.0011,2503,8192,0.006,0.006,47.94,0.006,0,0,0.0005,0.0005,0.29,0.0,25.0,21.0,1781033293969690246
1781033294082171260,31,0,8,0,true,0.3057,0.0012,2504,8192,0.006,0.006,47.94,0.006,0,0,0.0005,0.0005,0.28,0.0,25.0,21.0,1781033294071027150
1781033294184864242,31,0,8,0,true,0.3058,0.0011,2505,8192,0.006,0.006,47.94,0.006,0,0,0.0005,0.0005,0.29,0.0,25.0,21.0,1781033294167478520
1781033294281527487,31,0,8,0,true,0.3059,0.0011,2506,8192,0.006,0.006,47.94,0.006,0,0,0.0005,0.0005,0.3,0.0,25.0,21.0,1781033294268083884
1781033294381779645,31,0,8,0,true,0.306,0.0012,2507,8192,0.006,0.006,47.94,0.006,0,0,0.0005,0.0005,0.28,0.0,25.0,21.0,1781033294368437747
1781033294481496686,31,0,8,0,true,0.3062,0.0011,2508,8192,0.006,0.006,47.94,0.006,0,0,0.0005,0.0005,0.29,0.0,25.0,21.0,1781033294469500013
1781033294582150638,31,0,8,0,true,0.3063,0.0012,2508,8192,0.006,0.006,47.94,0.006,0,0,0.0005,0.0005,0.28,0.0,25.0,21.0,1781033294573069193
1781033294681576179,31,0,8,0,true,0.3064,0.0012,2509,8192,0.006,0.006,47.94,0.006,0,0,0.0005,0.0005,0.28,0.0,25.0,21.0,1781033294669722502
1781033294782422696,31,0,8,0,true,0.3065,0.0011,2510,8192,0.006,0.006,47.94,0.006,0,0,0.0005,0.0005,0.3,0.0,25.0,21.0,1781033294770469298
1781033294881577746,31,0,8,0,true,0.3066,0.0011,2511,8192,0.006,0.006,47.94,0.006,0,0,0.0005,0.0005,0.3,0.0,25.0,21.0,1781033294875401245
1781033294982296027,31,0,8,0,true,0.3067,0.0011,2512,8192,0.006,0.006,47.94,0.006,0,0,0.0005,0.0005,0.29,0.0,25.0,21.0,1781033294975220834
1781033295081896108,31,0,8,0,true,0.3068,0.0012,2513,8192,0.006,0.006,47.94,0.006,0,0,0.0005,0.0005,0.29,0.0,25.0,21.0,1781033295075563983
1781033295181885296,31,0,8,0,true,0.307,0.0011,2514,8192,0.006,0.006,47.94,0.006,0,0,0.0005,0.0005,0.3,0.0,25.0,21.0,1781033295176898111
1781033295282073475,31,0,8,0,true,0.3071,0.0011,2515,8192,0.006,0.006,47.94,0.006,0,0,0.0005,0.0005,0.3,0.0,25.0,21.0,1781033295277018175
1781033295381594342,31,0,8,0,true,0.3072,0.0012,2516,8192,0.006,0.006,47.94,0.006,0,0,0.0005,0.0005,0.29,0.0,25.0,21.0,1781033295377643112
1781033295482062233,31,0,8,0,true,0.3073,0.0011,2517,8192,0.006,0.006,47.94,0.006,0,0,0.0005,0.0005,0.29,0.0,25.0,21.0,1781033295477550208
1781033295581577522,31,0,8,0,true,0.3074,0.0011,2518,8192,0.006,0.006,47.94,0.006,0,0,0.0005,0.0005,0.3,0.0,25.0,21.0,1781033295579407474
1781033295681506431,31,0,8,0,true,0.3075,0.0012,2519,8192,0.006,0.006,47.94,0.006,0,0,0.0005,0.0005,0.29,0.0,25.0,21.0,1781033295678398085
1781033295781750093,31,0,8,0,true,0.3076,0.0012,2520,8192,0.006,0.006,47.94,0.006,0,0,0.0005,0.0005,0.29,0.0,25.0,21.0,1781033295778937237
1781033295882131108,31,0,8,0,true,0.3078,0.0011,2521,8192,0.006,0.006,47.94,0.006,0,0,0.0005,0.0005,0.31,0.0,25.0,21.0,1781033295875643318
1781033295981923947,31,0,8,0,true,0.3079,0.0011,2522,8192,0.006,0.006,47.94,0.006,0,0,0.0005,0.0005,0.31,0.0,25.0,21.0,1781033295976011535
1781033296082181664,31,0,8,0,true,0.308,0.0012,2523,8192,0.006,0.006,47.94,0.006,0,0,0.0005,0.0005,0.3,0.0,25.0,21.0,1781033296078906736
1781033296181920679,31,0,8,0,true,0.3081,0.0011,2523,8192,0.006,0.006,47.94,0.006,0,0,0.0005,0.0005,0.31,0.0,25.0,21.0,1781033296177924201
1781033296281634790,31,0,8,0,true,0.3082,0.0011,2524,8192,0.006,0.006,47.94,0.006,0,0,0.0005,0.0005,0.31,0.0,25.0,21.0,1781033296277721107
1781033296381942401,31,0,8,0,true,0.3083,0.0011,2525,8192,0.007,0.007,47.94,0.007,0,0,0.0005,0.0005,0.32,0.0,25.0,21.0,1781033296379263899
1781033296482250118,31,0,8,0,true,0.3084,0.0011,2526,8192,0.007,0.007,47.94,0.007,0,0,0.0006,0.0006,0.32,0.0,25.0,21.0,1781033296479095235
1781033296582166744,31,0,8,0,true,0.3086,0.0012,2527,8192,0.006,0.006,47.94,0.006,0,0,0.0005,0.0005,0.3,0.0,25.0,21.0,1781033296580058463
1781033296681915833,31,0,8,0,true,0.3087,0.0011,2528,8192,0.007,0.007,47.94,0.007,0,0,0.0005,0.0005,0.31,0.0,25.0,21.0,1781033296679787715
1781033296782379064,31,0,8,0,true,0.3088,0.0011,2529,8192,0.007,0.007,47.94,0.007,0,0,0.0006,0.0006,0.32,0.0,25.0,21.0,1781033296764098022
1781033296882002872,31,0,8,0,true,0.3089,0.0012,2530,8192,0.006,0.006,47.94,0.006,0,0,0.0005,0.0005,0.3,0.0,25.0,21.0,1781033296860773375
1781033296982181927,31,0,8,0,true,0.309,0.0012,2531,8192,0.006,0.006,47.94,0.006,0,0,0.0005,0.0005,0.3,0.0,25.0,21.0,1781033296982115758
1781033297081474600,31,0,8,0,true,0.3091,0.0012,2532,8192,0.006,0.006,47.94,0.006,0,0,0.0005,0.0005,0.3,0.0,25.0,21.0,1781033297066372478
1781033297181866501,31,0,8,0,true,0.3092,0.0011,2533,8192,0.006,0.006,47.94,0.006,0,0,0.0005,0.0005,0.31,0.0,25.0,21.0,1781033297167236813
1781033297282592085,31,0,8,0,true,0.3093,0.0011,2534,8192,0.007,0.007,47.94,0.007,0,0,0.0005,0.0005,0.31,0.0,25.0,21.0,1781033297266942037
1781033297381790580,31,0,8,0,true,0.3095,0.0011,2535,8192,0.006,0.006,47.94,0.006,0,0,0.0005,0.0005,0.31,0.0,25.0,21.0,1781033297368247596
1781033297481598205,31,0,8,0,true,0.3096,0.0012,2536,8192,0.006,0.006,47.94,0.006,0,0,0.0005,0.0005,0.3,0.0,25.0,21.0,1781033297468347383
1781033297582061030,31,0,8,0,true,0.3097,0.0012,2536,8192,0.006,0.006,47.94,0.006,0,0,0.0005,0.0005,0.31,0.0,25.0,21.0,1781033297564706257
1781033297681517644,31,0,8,0,true,0.3098,0.0012,2537,8192,0.006,0.006,47.94,0.006,0,0,0.0005,0.0005,0.31,0.0,25.0,21.0,1781033297667501680
1781033297782663300,31,0,8,0,true,0.3099,0.0012,2538,8192,0.006,0.006,47.94,0.006,0,0,0.0005,0.0005,0.31,0.0,25.0,21.0,1781033297766033874
1781033297881882081,31,0,8,0,true,0.31,0.0011,2539,8192,0.007,0.007,47.94,0.007,0,0,0.0006,0.0006,0.33,0.0,25.0,21.0,1781033297867038823
1781033297981631726,31,0,8,0,true,0.3101,0.0011,2540,8192,0.007,0.007,47.94,0.007,0,0,0.0006,0.0006,0.32,0.0,25.0,21.0,1781033297966627113
1781033298082309581,31,0,8,0,true,0.3103,0.0011,2541,8192,0.007,0.007,47.94,0.007,0,0,0.0006,0.0006,0.32,0.0,25.0,21.0,1781033298068046438
1781033298181669266,31,0,8,0,true,0.3104,0.0011,2542,8192,0.007,0.007,47.94,0.007,0,0,0.0006,0.0006,0.33,0.0,25.0,21.0,1781033298171480343
1781033298284856521,31,0,8,0,true,0.3105,0.0011,2543,8192,0.007,0.007,47.94,0.007,0,0,0.0006,0.0006,0.32,0.0,25.0,21.0,1781033298271878869
1781033298382218802,31,0,8,0,true,0.3106,0.0011,2544,8192,0.007,0.007,47.94,0.007,0,0,0.0006,0.0006,0.32,0.0,25.0,21.0,1781033298371058134
1781033298481678505,31,0,8,0,true,0.3107,0.0012,2545,8192,0.007,0.007,47.94,0.007,0,0,0.0005,0.0005,0.31,0.0,25.0,21.0,1781033298468711976
1781033298582264211,31,0,8,0,true,0.3108,0.0011,2546,8192,0.007,0.007,47.94,0.007,0,0,0.0006,0.0006,0.33,0.0,25.0,21.0,1781033298569290872
1781033298681747964,31,0,8,0,true,0.311,0.0012,2547,8192,0.007,0.007,47.94,0.007,0,0,0.0005,0.0005,0.31,0.0,25.0,21.0,1781033298671618885
1781033298782409838,31,0,8,0,true,0.3111,0.0012,2548,8192,0.006,0.006,47.94,0.006,0,0,0.0005,0.0005,0.31,0.0,25.0,21.0,1781033298770528956
1781033298881905927,31,0,8,0,true,0.3112,0.0012,2549,8192,0.007,0.007,47.94,0.007,0,0,0.0005,0.0005,0.31,0.0,25.0,21.0,1781033298871993400
1781033298981519908,31,0,8,0,true,0.3113,0.0012,2550,8192,0.007,0.007,47.94,0.007,0,0,0.0005,0.0005,0.31,0.0,25.0,21.0,1781033298971636358
1781033299081852336,31,0,8,0,true,0.3114,0.0012,2551,8192,0.007,0.007,47.94,0.007,0,0,0.0005,0.0005,0.31,0.0,25.0,21.0,1781033299076652267
1781033299181935376,31,0,8,0,true,0.3115,0.0011,2552,8192,0.007,0.007,47.94,0.007,0,0,0.0006,0.0006,0.33,0.0,25.0,21.0,1781033299173965590
1781033299282364428,31,0,8,0,true,0.3116,0.0011,2552,8192,0.007,0.007,47.94,0.007,0,0,0.0006,0.0006,0.33,0.0,25.0,21.0,1781033299277341395
1781033299381996564,31,0,8,0,true,0.3118,0.0011,2553,8192,0.007,0.007,47.94,0.007,0,0,0.0006,0.0006,0.33,0.0,25.0,21.0,1781033299377647151
1781033299481932112,31,0,8,0,true,0.3119,0.0011,2554,8192,0.007,0.007,47.94,0.007,0,0,0.0006,0.0006,0.32,0.0,25.0,21.0,1781033299474569787
1781033299581783664,31,0,8,0,true,0.312,0.0012,2555,8192,0.007,0.007,47.94,0.007,0,0,0.0005,0.0005,0.32,0.0,25.0,21.0,1781033299558780889
1781033299682286568,31,0,8,0,true,0.3121,0.0011,2556,8192,0.007,0.007,47.94,0.007,0,0,0.0006,0.0006,0.33,0.0,25.0,21.0,1781033299675930409
1781033299781463230,31,0,8,0,true,0.3122,0.0011,2557,8192,0.007,0.007,47.94,0.007,0,0,0.0006,0.0006,0.33,0.0,25.0,21.0,1781033299779907859
1781033299883394715,31,0,8,0,true,0.3123,0.0011,2558,8192,0.007,0.007,47.94,0.007,0,0,0.0006,0.0006,0.33,0.0,25.0,21.0,1781033299861033987
1781033299981641118,31,0,8,0,true,0.3124,0.0011,2559,8192,0.007,0.007,47.94,0.007,0,0,0.0006,0.0006,0.33,0.0,25.0,21.0,1781033299979077434
1781033300082342925,31,0,8,0,true,0.3126,0.0011,2560,8192,0.007,0.007,47.94,0.007,0,0,0.0006,0.0006,0.32,0.0,25.0,21.0,1781033300080139131
1781033300181734639,31,0,8,0,true,0.3127,0.0011,2561,8192,0.007,0.007,47.94,0.007,0,0,0.0006,0.0006,0.32,0.0,25.0,21.0,1781033300163249672
1781033300282431407,31,0,8,0,true,0.3128,0.0011,2562,8192,0.007,0.007,47.94,0.007,0,0,0.0006,0.0006,0.33,0.0,25.0,21.0,1781033300280284974
1781033300382181252,31,0,8,0,true,0.3129,0.0011,2563,8192,0.007,0.007,47.94,0.007,0,0,0.0006,0.0006,0.33,0.0,25.0,21.0,1781033300380083264
1781033300481484580,31,0,8,0,true,0.313,0.0012,2564,8192,0.007,0.007,47.94,0.007,0,0,0.0006,0.0006,0.32,0.0,25.0,21.0,1781033300481323618
1781033300584934040,31,0,8,0,true,0.3131,0.0011,2564,8192,0.007,0.007,47.94,0.007,0,0,0.0006,0.0006,0.33,0.0,25.0,21.0,1781033300562538972
1781033300681611513,31,0,8,0,true,0.3132,0.0012,2565,8192,0.007,0.007,47.94,0.007,0,0,0.0006,0.0006,0.32,0.0,25.0,21.0,1781033300662188496
1781033300781549386,31,0,8,0,true,0.3133,0.0011,2566,8192,0.007,0.007,47.94,0.007,0,0,0.0006,0.0006,0.32,0.0,25.0,21.0,1781033300762265756
1781033300881533160,31,0,8,0,true,0.3135,0.0012,2567,8192,0.007,0.007,47.94,0.007,0,0,0.0006,0.0006,0.32,0.0,25.0,21.0,1781033300863032296
1781033300981537470,31,0,8,0,true,0.3136,0.0011,2568,8192,0.007,0.007,47.94,0.007,0,0,0.0006,0.0006,0.34,0.0,25.0,21.0,1781033300967504780
1781033301081743269,31,0,8,0,true,0.3137,0.0012,2569,8192,0.007,0.007,47.94,0.007,0,0,0.0006,0.0006,0.32,0.0,25.0,21.0,1781033301068736098
1781033301182463521,31,0,8,0,true,0.3138,0.0011,2570,8192,0.007,0.007,47.94,0.007,0,0,0.0006,0.0006,0.34,0.0,25.0,21.0,1781033301172295084
1781033301281739072,31,0,8,0,true,0.3139,0.0011,2571,8192,0.007,0.007,47.94,0.007,0,0,0.0006,0.0006,0.33,0.0,25.0,21.0,1781033301268614944
1781033301381787764,31,0,8,0,true,0.314,0.0011,2572,8192,0.007,0.007,47.94,0.007,0,0,0.0006,0.0006,0.33,0.0,25.0,21.0,1781033301368669277
1781033301482192741,31,0,8,0,true,0.3141,0.0011,2573,8192,0.007,0.007,47.94,0.007,0,0,0.0006,0.0006,0.33,0.0,25.0,21.0,1781033301469163794
1781033301582081396,31,0,8,0,true,0.3143,0.0011,2574,8192,0.007,0.007,47.94,0.007,0,0,0.0006,0.0006,0.33,0.0,25.0,21.0,1781033301565744526
1781033301681505314,31,0,8,0,true,0.3144,0.0011,2575,8192,0.007,0.007,47.94,0.007,0,0,0.0006,0.0006,0.33,0.0,25.0,21.0,1781033301670398829
1781033301782382214,31,0,8,0,true,0.3145,0.0011,2576,8192,0.007,0.007,47.94,0.007,0,0,0.0006,0.0006,0.34,0.0,25.0,21.0,1781033301770324992
1781033301881915465,31,0,8,0,true,0.3146,0.0011,2577,8192,0.007,0.007,47.94,0.007,0,0,0.0006,0.0006,0.34,0.0,25.0,21.0,1781033301871794523
1781033301982008043,31,0,8,0,true,0.3147,0.0012,2578,8192,0.007,0.007,47.94,0.007,0,0,0.0006,0.0006,0.32,0.0,25.0,21.0,1781033301967672317
1781033302081593468,31,0,8,0,true,0.3148,0.0011,2579,8192,0.007,0.007,47.94,0.007,0,0,0.0006,0.0006,0.33,0.0,25.0,21.0,1781033302071552633
1781033302181790867,31,0,8,0,true,0.3149,0.0012,2580,8192,0.007,0.007,47.94,0.007,0,0,0.0006,0.0006,0.33,0.0,25.0,21.0,1781033302171144844
1781033302282133625,31,0,8,0,true,0.3151,0.0012,2581,8192,0.007,0.007,47.94,0.007,0,0,0.0006,0.0006,0.32,0.0,25.0,21.0,1781033302273589473
1781033302381781467,31,0,8,0,true,0.3152,0.0011,2581,8192,0.007,0.007,47.94,0.007,0,0,0.0006,0.0006,0.33,0.0,25.0,21.0,1781033302373824554
1781033302481559515,31,0,8,0,true,0.3153,0.0011,2582,8192,0.007,0.007,47.94,0.007,0,0,0.0006,0.0006,0.34,0.0,25.0,21.0,1781033302474543197
1781033302582379249,31,0,8,0,true,0.3154,0.0011,2583,8192,0.007,0.007,47.94,0.007,0,0,0.0006,0.0006,0.33,0.0,25.0,21.0,1781033302570995000
1781033302681473861,31,0,8,0,true,0.3155,0.0011,2584,8192,0.007,0.007,47.94,0.007,0,0,0.0006,0.0006,0.33,0.0,25.0,21.0,1781033302673121013
1781033302781733022,31,0,8,0,true,0.3156,0.0012,2585,8192,0.007,0.007,47.94,0.007,0,0,0.0006,0.0006,0.32,0.0,25.0,21.0,1781033302773318459
1781033302882006828,31,0,8,0,true,0.3157,0.0011,2586,8192,0.007,0.007,47.94,0.007,0,0,0.0006,0.0006,0.34,0.0,25.0,21.0,1781033302874155818
1781033302982468794,31,0,8,0,true,0.3159,0.0011,2587,8192,0.007,0.007,47.94,0.007,0,0,0.0006,0.0006,0.34,0.0,25.0,21.0,1781033302973433618
1781033303081487728,31,0,8,0,true,0.316,0.0011,2588,8192,0.007,0.007,47.94,0.007,0,0,0.0006,0.0006,0.34,0.0,25.0,21.0,1781033303074970421
1781033303181534812,31,0,8,0,true,0.3161,0.0012,2589,8192,0.007,0.007,47.94,0.007,0,0,0.0006,0.0006,0.32,0.0,25.0,21.0,1781033303174450428
1781033303281609831,31,0,8,0,true,0.3162,0.0011,2590,8192,0.007,0.007,47.94,0.007,0,0,0.0006,0.0006,0.34,0.0,25.0,21.0,1781033303275703412
1781033303381372149,31,0,8,0,true,0.3163,0.0012,2591,8192,0.007,0.007,47.94,0.007,0,0,0.0006,0.0006,0.33,0.0,25.0,21.0,1781033303381192084
1781033303481428242,31,0,8,0,true,0.3164,0.0011,2592,8192,0.007,0.007,47.94,0.007,0,0,0.0006,0.0006,0.33,0.0,25.0,21.0,1781033303480400141
1781033303581453549,31,0,8,0,true,0.3166,0.0011,2593,8192,0.007,0.007,47.94,0.007,0,0,0.0006,0.0006,0.35,0.0,25.0,21.0,1781033303580431675
1781033303681568283,31,0,8,0,true,0.3167,0.0011,2594,8192,0.007,0.007,47.94,0.007,0,0,0.0006,0.0006,0.33,0.0,25.0,21.0,1781033303678816122
1781033303781906878,31,0,8,0,true,0.3168,0.0011,2594,8192,0.007,0.007,47.94,0.007,0,0,0.0006,0.0006,0.34,0.0,25.0,21.0,1781033303762862188
1781033303881495886,31,0,8,0,true,0.3169,0.0012,2596,8192,0.007,0.007,47.94,0.007,0,0,0.0006,0.0006,0.33,0.0,25.0,21.0,1781033303881330839
1781033303981545137,31,0,8,0,true,0.317,0.0012,2596,8192,0.007,0.007,47.94,0.007,0,0,0.0006,0.0006,0.33,0.0,25.0,21.0,1781033303981649597
1781033304082283406,31,0,8,0,true,0.3171,0.0011,2597,8192,0.007,0.007,47.94,0.007,0,0,0.0006,0.0006,0.34,0.0,25.0,21.0,1781033304061176283
1781033304182039191,31,0,8,0,true,0.3172,0.0011,2598,8192,0.007,0.007,47.94,0.007,0,0,0.0006,0.0006,0.34,0.0,25.0,21.0,1781033304166967550
1781033304282298956,31,0,8,0,true,0.3174,0.0011,2599,8192,0.007,0.007,47.94,0.007,0,0,0.0006,0.0006,0.34,0.0,25.0,21.0,1781033304281399368
1781033304382142017,31,0,8,0,true,0.3174,0.0011,2600,8192,0.007,0.007,47.94,0.007,0,0,0.0006,0.0006,0.34,0.0,25.0,21.0,1781033304362169070
1781033304482373488,31,0,8,0,true,0.3176,0.0012,2601,8192,0.007,0.007,47.94,0.007,0,0,0.0006,0.0006,0.33,0.0,25.0,21.0,1781033304463438625
1781033304581624486,31,0,8,0,true,0.3177,0.0011,2602,8192,0.007,0.007,47.94,0.007,0,0,0.0006,0.0006,0.34,0.0,25.0,21.0,1781033304564343826
1781033304681606465,31,0,8,0,true,0.3178,0.0011,2603,8192,0.007,0.007,47.94,0.007,0,0,0.0006,0.0006,0.34,0.0,25.0,21.0,1781033304666310900
1781033304781767105,31,0,8,0,true,0.3179,0.0012,2604,8192,0.007,0.007,47.94,0.007,0,0,0.0006,0.0006,0.33,0.0,25.0,21.0,1781033304763737526
1781033304882053993,31,0,8,0,true,0.318,0.0012,2605,8192,0.007,0.007,47.94,0.007,0,0,0.0006,0.0006,0.33,0.0,25.0,21.0,1781033304868144902
1781033304982460091,31,0,8,0,true,0.3181,0.0011,2606,8192,0.007,0.007,47.94,0.007,0,0,0.0006,0.0006,0.33,0.0,25.0,21.0,1781033304969406381
1781033305082880901,31,0,8,0,true,0.3182,0.0012,2607,8192,0.007,0.007,47.94,0.007,0,0,0.0006,0.0006,0.33,0.0,25.0,21.0,1781033305065449490
1781033305182279945,31,0,8,0,true,0.3184,0.0011,2608,8192,0.007,0.007,47.94,0.007,0,0,0.0006,0.0006,0.33,0.0,25.0,21.0,1781033305170149414
1781033305282182673,31,0,8,0,true,0.3185,0.0012,2609,8192,0.007,0.007,47.94,0.007,0,0,0.0006,0.0006,0.33,0.0,25.0,21.0,1781033305270234560
1781033305382382719,31,0,8,0,true,0.3186,0.0011,2609,8192,0.007,0.007,47.94,0.007,0,0,0.0006,0.0006,0.33,0.0,25.0,21.0,1781033305371254173
1781033305482041699,31,0,8,0,true,0.3187,0.0012,2610,8192,0.007,0.007,47.94,0.007,0,0,0.0006,0.0006,0.33,0.0,25.0,21.0,1781033305470963448
1781033305581807371,31,0,8,0,true,0.3188,0.0012,2611,8192,0.007,0.007,47.94,0.007,0,0,0.0006,0.0006,0.33,0.0,25.0,21.0,1781033305572754157
1781033305681851356,31,0,8,0,true,0.3189,0.0011,2612,8192,0.007,0.007,47.94,0.007,0,0,0.0006,0.0006,0.34,0.0,25.0,21.0,1781033305672843776
1781033305781627722,31,0,8,0,true,0.3191,0.0011,2613,8192,0.007,0.007,47.94,0.007,0,0,0.0006,0.0006,0.34,0.0,25.0,21.0,1781033305772609300
1781033305881491784,31,0,8,0,true,0.3192,0.0011,2614,8192,0.007,0.007,47.94,0.007,0,0,0.0006,0.0006,0.34,0.0,25.0,21.0,1781033305872272415
1781033305981991721,31,0,8,0,true,0.3193,0.0011,2615,8192,0.007,0.007,47.94,0.007,0,0,0.0006,0.0006,0.35,0.0,25.0,21.0,1781033305969910741
1781033306081963495,31,0,8,0,true,0.3194,0.0012,2616,8192,0.007,0.007,47.94,0.007,0,0,0.0006,0.0006,0.33,0.0,25.0,21.0,1781033306070946068
1781033306182351482,31,0,8,0,true,0.3195,0.0012,2617,8192,0.007,0.007,47.94,0.007,0,0,0.0006,0.0006,0.33,0.0,25.0,21.0,1781033306172243734
1781033306282129795,31,0,8,0,true,0.3196,0.0011,2618,8192,0.007,0.007,47.94,0.007,0,0,0.0006,0.0006,0.34,0.0,25.0,21.0,1781033306272065611
1781033306381641557,31,0,8,0,true,0.3197,0.0011,2619,8192,0.007,0.007,47.94,0.007,0,0,0.0006,0.0006,0.34,0.0,25.0,21.0,1781033306374621098
1781033306481479835,31,0,8,0,true,0.3199,0.0011,2620,8192,0.007,0.007,47.94,0.007,0,0,0.0006,0.0006,0.35,0.0,25.0,21.0,1781033306475421591
1781033306581868454,31,0,8,0,true,0.32,0.0011,2621,8192,0.007,0.007,47.94,0.007,0,0,0.0006,0.0006,0.35,0.0,25.0,21.0,1781033306576857412
1781033306682336857,31,0,8,0,true,0.3201,0.0012,2622,8192,0.007,0.007,47.94,0.007,0,0,0.0006,0.0006,0.33,0.0,25.0,21.0,1781033306679287263
1781033306782425127,31,0,8,0,true,0.3202,0.0011,2623,8192,0.007,0.007,47.94,0.007,0,0,0.0006,0.0006,0.35,0.0,25.0,21.0,1781033306776507757
1781033306881374821,31,0,8,0,true,0.3203,0.0011,2624,8192,0.007,0.007,47.94,0.007,0,0,0.0006,0.0006,0.34,0.0,25.0,21.0,1781033306880707288
1781033306982441861,31,0,8,0,true,0.3204,0.0011,2624,8192,0.007,0.007,47.94,0.007,0,0,0.0006,0.0006,0.35,0.0,25.0,21.0,1781033306977983999
1781033307081384241,31,0,8,0,true,0.3205,0.0011,2625,8192,0.007,0.007,47.94,0.007,0,0,0.0006,0.0006,0.34,0.0,25.0,21.0,1781033307057878421
1781033307182071872,31,0,8,0,true,0.3207,0.0011,2626,8192,0.007,0.007,47.94,0.007,0,0,0.0006,0.0006,0.35,0.0,25.0,21.0,1781033307178825143
1781033307281837123,31,0,8,0,true,0.3208,0.0011,2627,8192,0.007,0.007,47.94,0.007,0,0,0.0006,0.0006,0.34,0.0,25.0,21.0,1781033307279719134
1781033307382335775,31,0,8,0,true,0.3209,0.0011,2628,8192,0.007,0.007,47.94,0.007,0,0,0.0006,0.0006,0.34,0.0,25.0,21.0,1781033307380185275
1781033307482392268,31,0,8,0,true,0.321,0.0011,2629,8192,0.007,0.007,47.94,0.007,0,0,0.0006,0.0006,0.34,0.0,25.0,21.0,1781033307465189421
1781033307582678592,31,0,8,0,true,0.3211,0.0011,2630,8192,0.007,0.007,47.94,0.007,0,0,0.0006,0.0006,0.33,0.0,25.0,21.0,1781033307581777212
1781033307681889410,31,0,8,0,true,0.3212,0.0011,2631,8192,0.007,0.007,47.94,0.007,0,0,0.0006,0.0006,0.34,0.0,25.0,21.0,1781033307663249368
1781033307782755787,31,0,8,0,true,0.3213,0.0011,2632,8192,0.007,0.007,47.94,0.007,0,0,0.0006,0.0006,0.35,0.0,25.0,21.0,1781033307782112411
1781033307882301386,31,0,8,0,true,0.3214,0.0011,2633,8192,0.007,0.007,47.94,0.007,0,0,0.0006,0.0006,0.34,0.0,25.0,21.0,1781033307862055848
1781033307981647822,31,0,8,0,true,0.3216,0.0011,2634,8192,0.007,0.007,47.94,0.007,0,0,0.0006,0.0006,0.35,0.0,25.0,21.0,1781033307964274256
1781033308082089769,31,0,8,0,true,0.3217,0.0011,2635,8192,0.007,0.007,47.94,0.007,0,0,0.0006,0.0006,0.34,0.0,25.0,21.0,1781033308063915341
1781033308182081903,31,0,8,0,true,0.3218,0.0012,2636,8192,0.007,0.007,47.94,0.007,0,0,0.0006,0.0006,0.33,0.0,25.0,21.0,1781033308166417883
1781033308282533167,31,0,8,0,true,0.3219,0.0011,2637,8192,0.007,0.007,47.94,0.007,0,0,0.0006,0.0006,0.34,0.0,25.0,21.0,1781033308264933724
1781033308382105531,31,0,8,0,true,0.322,0.0011,2637,8192,0.007,0.007,47.94,0.007,0,0,0.0006,0.0006,0.34,0.0,25.0,21.0,1781033308365922006
1781033308482371310,31,0,8,0,true,0.3221,0.0012,2638,8192,0.007,0.007,47.94,0.007,0,0,0.0006,0.0006,0.34,0.0,25.0,21.0,1781033308469245690
1781033308582053681,31,0,8,0,true,0.3222,0.0011,2639,8192,0.007,0.007,47.94,0.007,0,0,0.0006,0.0006,0.34,0.0,25.0,21.0,1781033308566158481
1781033308681677735,31,0,8,0,true,0.3224,0.0011,2640,8192,0.007,0.007,47.94,0.007,0,0,0.0006,0.0006,0.34,0.0,25.0,21.0,1781033308671462890
1781033308782306839,31,0,8,0,true,0.3225,0.0011,2641,8192,0.007,0.007,47.94,0.007,0,0,0.0006,0.0006,0.34,0.0,25.0,21.0,1781033308771016395
1781033308882435608,31,0,8,0,true,0.3226,0.0012,2642,8192,0.007,0.007,47.94,0.007,0,0,0.0006,0.0006,0.33,0.0,25.0,21.0,1781033308872105940
1781033308982023558,31,0,8,0,true,0.3227,0.0011,2643,8192,0.007,0.007,47.94,0.007,0,0,0.0006,0.0006,0.34,0.0,25.0,21.0,1781033308971951030
1781033309082172715,31,0,8,0,true,0.3228,0.0011,2644,8192,0.007,0.007,47.94,0.007,0,0,0.0006,0.0006,0.34,0.0,25.0,21.0,1781033309071984859
1781033309181784411,31,0,8,0,true,0.3229,0.0011,2645,8192,0.007,0.007,47.94,0.007,0,0,0.0006,0.0006,0.34,0.0,25.0,21.0,1781033309172763587
1781033309281928348,31,0,8,0,true,0.3231,0.0011,2646,8192,0.007,0.007,47.94,0.007,0,0,0.0006,0.0006,0.34,0.0,25.0,21.0,1781033309273934286
1781033309381999039,31,0,8,0,true,0.3232,0.0012,2647,8192,0.007,0.007,47.94,0.007,0,0,0.0006,0.0006,0.33,0.0,25.0,21.0,1781033309375889169
1781033309482182344,31,0,8,0,true,0.3233,0.0011,2648,8192,0.007,0.007,47.94,0.007,0,0,0.0006,0.0006,0.34,0.0,25.0,21.0,1781033309475115287
1781033309582246632,31,0,8,0,true,0.3234,0.0012,2649,8192,0.007,0.007,47.94,0.007,0,0,0.0006,0.0006,0.33,0.0,25.0,21.0,1781033309575401936
1781033309681775345,31,0,8,0,true,0.3235,0.0011,2650,8192,0.007,0.007,47.94,0.007,0,0,0.0006,0.0006,0.34,0.0,25.0,21.0,1781033309676729434
1781033309781892423,31,0,8,0,true,0.3236,0.0012,2651,8192,0.007,0.007,47.94,0.007,0,0,0.0006,0.0006,0.33,0.0,25.0,21.0,1781033309777866344
1781033309882427345,31,0,8,0,true,0.3237,0.0011,2652,8192,0.007,0.007,47.94,0.007,0,0,0.0006,0.0006,0.35,0.0,25.0,21.0,1781033309877923469
1781033309981547780,31,0,8,0,true,0.3239,0.0011,2653,8192,0.007,0.007,47.94,0.007,0,0,0.0006,0.0006,0.35,0.0,25.0,21.0,1781033309977534978
1781033310081544556,31,0,8,0,true,0.324,0.0012,2653,8192,0.007,0.007,47.94,0.007,0,0,0.0006,0.0006,0.33,0.0,25.0,21.0,1781033310078252518
1781033310181537256,31,0,8,0,true,0.3241,0.0011,2654,8192,0.007,0.007,47.94,0.007,0,0,0.0006,0.0006,0.35,0.0,25.0,21.0,1781033310178161987
1781033310281681125,31,0,8,0,true,0.3242,0.0011,2655,8192,0.007,0.007,47.94,0.007,0,0,0.0006,0.0006,0.35,0.0,25.0,21.0,1781033310279960154
1781033310382164632,31,0,8,0,true,0.3243,0.0011,2656,8192,0.007,0.007,47.94,0.007,0,0,0.0006,0.0006,0.34,0.0,25.0,21.0,1781033310380379613
1781033310482187504,31,0,8,0,true,0.3244,0.0011,2657,8192,0.007,0.007,47.94,0.007,0,0,0.0006,0.0006,0.34,0.0,25.0,21.0,1781033310462511459
1781033310583834524,31,0,8,0,true,0.3245,0.0012,2658,8192,0.007,0.007,47.94,0.007,0,0,0.0006,0.0006,0.34,0.0,25.0,21.0,1781033310579690011
1781033310681449191,31,0,8,0,true,0.3247,0.0011,2659,8192,0.007,0.007,47.94,0.007,0,0,0.0006,0.0006,0.34,0.0,25.0,21.0,1781033310678551607
1781033310781521565,31,0,8,0,true,0.3248,0.0011,2660,8192,0.007,0.007,47.94,0.007,0,0,0.0006,0.0006,0.34,0.0,25.0,21.0,1781033310778625586
1781033310881968660,31,0,8,0,true,0.3249,0.0011,2661,8192,0.007,0.007,47.94,0.007,0,0,0.0006,0.0006,0.34,0.0,25.0,21.0,1781033310858863704
1781033310981418426,31,0,8,0,true,0.325,0.0012,2662,8192,0.007,0.007,47.94,0.007,0,0,0.0006,0.0006,0.33,0.0,25.0,21.0,1781033310979321998
1781033311082262759,31,0,8,0,true,0.3251,0.0011,2663,8192,0.007,0.007,47.94,0.007,0,0,0.0006,0.0006,0.34,0.0,25.0,21.0,1781033311080123343
1781033311182166036,31,0,8,0,true,0.3252,0.0011,2664,8192,0.007,0.007,47.94,0.007,0,0,0.0006,0.0006,0.34,0.0,25.0,21.0,1781033311180629205
1781033311281573263,31,0,8,0,true,0.3253,0.0012,2665,8192,0.007,0.007,47.94,0.007,0,0,0.0006,0.0006,0.33,0.0,25.0,21.0,1781033311280864539
1781033311381551917,31,0,8,0,true,0.3254,0.0011,2666,8192,0.007,0.007,47.94,0.007,0,0,0.0006,0.0006,0.34,0.0,25.0,21.0,1781033311366225061
1781033311481657004,31,0,8,0,true,0.3256,0.0011,2666,8192,0.007,0.007,47.94,0.007,0,0,0.0006,0.0006,0.34,0.0,25.0,21.0,1781033311463594499
1781033311582081183,31,0,8,0,true,0.3257,0.0012,2667,8192,0.007,0.007,47.94,0.007,0,0,0.0006,0.0006,0.33,0.0,25.0,21.0,1781033311563728235
1781033311682198846,31,0,8,0,true,0.3258,0.0011,2668,8192,0.007,0.007,47.94,0.007,0,0,0.0006,0.0006,0.34,0.0,25.0,21.0,1781033311668050998
1781033311781777295,31,0,8,0,true,0.3259,0.0011,2669,8192,0.007,0.007,47.94,0.007,0,0,0.0006,0.0006,0.34,0.0,25.0,21.0,1781033311766670837
1781033311882238566,31,0,8,0,true,0.326,0.0012,2670,8192,0.007,0.007,47.94,0.007,0,0,0.0006,0.0006,0.33,0.0,25.0,21.0,1781033311867422633
1781033311981948492,31,0,8,0,true,0.3261,0.0011,2671,8192,0.007,0.007,47.94,0.007,0,0,0.0006,0.0006,0.34,0.0,25.0,21.0,1781033311964648850
1781033312082264384,31,0,8,0,true,0.3262,0.0011,2672,8192,0.007,0.007,47.94,0.007,0,0,0.0006,0.0006,0.34,0.0,25.0,21.0,1781033312066091246
1781033312182421463,31,0,8,0,true,0.3264,0.0011,2673,8192,0.007,0.007,47.94,0.007,0,0,0.0006,0.0006,0.34,0.0,25.0,21.0,1781033312167834391
1781033312281939900,31,0,8,0,true,0.3265,0.0011,2674,8192,0.007,0.007,47.94,0.007,0,0,0.0006,0.0006,0.35,0.0,25.0,21.0,1781033312270522415
1781033312382002566,31,0,8,0,true,0.3266,0.0011,2675,8192,0.007,0.007,47.94,0.007,0,0,0.0006,0.0006,0.33,0.0,25.0,21.0,1781033312370769853
1781033312482264446,31,0,8,0,true,0.3267,0.0011,2676,8192,0.007,0.007,47.94,0.007,0,0,0.0006,0.0006,0.34,0.0,25.0,21.0,1781033312470144828
1781033312581389747,31,0,8,0,true,0.3268,0.0012,2677,8192,0.007,0.007,47.94,0.007,0,0,0.0006,0.0006,0.33,0.0,25.0,21.0,1781033312571358677
1781033312681837432,31,0,8,0,true,0.3269,0.0011,2678,8192,0.007,0.007,47.94,0.007,0,0,0.0006,0.0006,0.34,0.0,25.0,21.0,1781033312671757790
1781033312781625241,31,0,8,0,true,0.327,0.0011,2679,8192,0.007,0.007,47.94,0.007,0,0,0.0006,0.0006,0.34,0.0,25.0,21.0,1781033312771427947
1781033312881872561,31,0,8,0,true,0.3272,0.0011,2680,8192,0.007,0.007,47.94,0.007,0,0,0.0006,0.0006,0.35,0.0,25.0,21.0,1781033312872931402
1781033312981783475,31,0,8,0,true,0.3273,0.0012,2680,8192,0.007,0.007,47.94,0.007,0,0,0.0006,0.0006,0.34,0.0,25.0,21.0,1781033312968692694
1781033313081919681,31,0,8,0,true,0.3274,0.0012,2681,8192,0.007,0.007,47.94,0.007,0,0,0.0006,0.0006,0.33,0.0,25.0,21.0,1781033313073323519
1781033313182010192,31,0,8,0,true,0.3275,0.0011,2682,8192,0.007,0.007,47.94,0.007,0,0,0.0006,0.0006,0.34,0.0,25.0,21.0,1781033313171641911
1781033313281638074,31,0,8,0,true,0.3276,0.0011,2683,8192,0.007,0.007,47.94,0.007,0,0,0.0006,0.0006,0.34,0.0,25.0,21.0,1781033313275459828
1781033313381459649,31,0,8,0,true,0.3277,0.0012,2684,8192,0.007,0.007,47.94,0.007,0,0,0.0006,0.0006,0.33,0.0,25.0,21.0,1781033313375251048
1781033313482005796,31,0,8,0,true,0.3278,0.0012,2685,8192,0.007,0.007,47.94,0.007,0,0,0.0006,0.0006,0.33,0.0,25.0,21.0,1781033313474913405
1781033313581596348,31,0,8,0,true,0.328,0.0011,2686,8192,0.007,0.007,47.94,0.007,0,0,0.0006,0.0006,0.34,0.0,25.0,21.0,1781033313576139228
1781033313682411633,31,0,8,0,true,0.3281,0.0012,2687,8192,0.007,0.007,47.94,0.007,0,0,0.0006,0.0006,0.34,0.0,25.0,21.0,1781033313676292740
1781033313781907261,31,0,8,0,true,0.3282,0.0012,2688,8192,0.007,0.007,47.94,0.007,0,0,0.0006,0.0006,0.33,0.0,25.0,21.0,1781033313776932386
1781033313881662787,31,0,8,0,true,0.3283,0.0011,2689,8192,0.007,0.007,47.94,0.007,0,0,0.0006,0.0006,0.34,0.0,25.0,21.0,1781033313878973199
1781033313981767535,31,0,8,0,true,0.3284,0.0011,2690,8192,0.007,0.007,47.94,0.007,0,0,0.0006,0.0006,0.35,0.0,25.0,21.0,1781033313974571200
1781033314081466923,31,0,8,0,true,0.3285,0.0011,2691,8192,0.007,0.007,47.94,0.007,0,0,0.0006,0.0006,0.35,0.0,25.0,21.0,1781033314075913906
1781033314182353020,31,0,8,0,true,0.3286,0.0011,2692,8192,0.007,0.007,47.94,0.007,0,0,0.0006,0.0006,0.34,0.0,25.0,21.0,1781033314176323028
1781033314282108893,31,0,8,0,true,0.3288,0.0011,2693,8192,0.007,0.007,47.94,0.007,0,0,0.0006,0.0006,0.34,0.0,25.0,21.0,1781033314275561348
1781033314381456871,31,0,8,0,true,0.3289,0.0011,2694,8192,0.007,0.007,47.94,0.007,0,0,0.0006,0.0006,0.34,0.0,25.0,21.0,1781033314376384995
1781033314482417449,31,0,8,0,true,0.329,0.0011,2695,8192,0.007,0.007,47.94,0.007,0,0,0.0006,0.0006,0.34,0.0,25.0,21.0,1781033314476408356
1781033314581458076,31,0,8,0,true,0.3291,0.0011,2696,8192,0.007,0.007,47.94,0.007,0,0,0.0006,0.0006,0.35,0.0,25.0,21.0,1781033314581569658
1781033314681556333,31,0,8,0,true,0.3292,0.0011,2696,8192,0.007,0.007,47.94,0.007,0,0,0.0006,0.0006,0.34,0.0,25.0,21.0,1781033314680711533
1781033314782613411,31,0,8,0,true,0.3293,0.0011,2697,8192,0.007,0.007,47.94,0.007,0,0,0.0006,0.0006,0.34,0.0,25.0,21.0,1781033314781672504
1781033314881533481,31,0,8,0,true,0.3295,0.0011,2698,8192,0.007,0.007,47.94,0.007,0,0,0.0006,0.0006,0.34,0.0,25.0,21.0,1781033314879913843
1781033314982336539,31,0,8,0,true,0.3295,0.0011,2699,8192,0.007,0.007,47.94,0.007,0,0,0.0006,0.0006,0.34,0.0,25.0,21.0,1781033314964177722
1781033315081580437,31,0,8,0,true,0.3297,0.0011,2700,8192,0.007,0.007,47.94,0.007,0,0,0.0006,0.0006,0.34,0.0,25.0,21.0,1781033315059287509
1781033315181870029,31,0,8,0,true,0.3298,0.0011,2701,8192,0.007,0.007,47.94,0.007,0,0,0.0006,0.0006,0.34,0.0,25.0,21.0,1781033315180152032
1781033315281456221,31,0,8,0,true,0.3299,0.0012,2702,8192,0.007,0.007,47.94,0.007,0,0,0.0006,0.0006,0.33,0.0,25.0,21.0,1781033315281027284
1781033315382131015,31,0,8,0,true,0.33,0.0011,2703,8192,0.007,0.007,47.94,0.007,0,0,0.0006,0.0006,0.33,0.0,25.0,21.0,1781033315360834916
1781033315482318467,31,0,8,0,true,0.3301,0.0011,2704,8192,0.007,0.007,47.94,0.007,0,0,0.0006,0.0006,0.35,0.0,25.0,21.0,1781033315463403163
1781033315582422092,31,0,8,0,true,0.3302,0.0012,2705,8192,0.007,0.007,47.94,0.007,0,0,0.0006,0.0006,0.33,0.0,25.0,21.0,1781033315562902496
1781033315682288822,31,0,8,0,true,0.3303,0.0012,2706,8192,0.007,0.007,47.94,0.007,0,0,0.0006,0.0006,0.33,0.0,25.0,21.0,1781033315666125110
1781033315782924701,31,0,8,0,true,0.3305,0.0012,2707,8192,0.007,0.007,47.94,0.007,0,0,0.0006,0.0006,0.33,0.0,25.0,21.0,1781033315763303420
1781033315882357563,31,0,8,0,true,0.3306,0.0012,2708,8192,0.007,0.007,47.94,0.007,0,0,0.0006,0.0006,0.33,0.0,25.0,21.0,1781033315863985275
1781033315981600794,31,0,8,0,true,0.3307,0.0012,2709,8192,0.007,0.007,47.94,0.007,0,0,0.0006,0.0006,0.34,0.0,25.0,21.0,1781033315966024603
1781033316082047554,31,0,8,0,true,0.3308,0.0012,2709,8192,0.007,0.007,47.94,0.007,0,0,0.0006,0.0006,0.33,0.0,25.0,21.0,1781033316066018948
1781033316181741099,31,0,8,0,true,0.3309,0.0011,2710,8192,0.007,0.007,47.94,0.007,0,0,0.0006,0.0006,0.35,0.0,25.0,21.0,1781033316172279045
1781033316281530843,31,0,8,0,true,0.331,0.0012,2711,8192,0.007,0.007,47.94,0.007,0,0,0.0006,0.0006,0.33,0.0,25.0,21.0,1781033316268888826
1781033316381814564,31,0,8,0,true,0.3312,0.0011,2712,8192,0.007,0.007,47.94,0.007,0,0,0.0006,0.0006,0.35,0.0,25.0,21.0,1781033316371795477
1781033316482111781,31,0,8,0,true,0.3313,0.0011,2713,8192,0.007,0.007,47.94,0.007,0,0,0.0006,0.0006,0.35,0.0,25.0,21.0,1781033316467655901
1781033316581563023,31,0,8,0,true,0.3314,0.0011,2714,8192,0.007,0.007,47.94,0.007,0,0,0.0006,0.0006,0.35,0.0,25.0,21.0,1781033316568391727
1781033316681589376,31,0,8,0,true,0.3315,0.0011,2715,8192,0.007,0.007,47.94,0.007,0,0,0.0006,0.0006,0.35,0.0,25.0,21.0,1781033316671507356
1781033316781607443,31,0,8,0,true,0.3316,0.0012,2716,8192,0.007,0.007,47.94,0.007,0,0,0.0006,0.0006,0.33,0.0,25.0,21.0,1781033316772457891
1781033316882133415,31,0,8,0,true,0.3317,0.0012,2717,8192,0.007,0.007,47.94,0.007,0,0,0.0006,0.0006,0.33,0.0,25.0,21.0,1781033316873984447
1781033316982167938,31,0,8,0,true,0.3318,0.0011,2718,8192,0.007,0.007,47.94,0.007,0,0,0.0006,0.0006,0.35,0.0,25.0,21.0,1781033316973199525
1781033317082005073,31,0,8,0,true,0.332,0.0011,2719,8192,0.007,0.007,47.94,0.007,0,0,0.0006,0.0006,0.34,0.0,25.0,21.0,1781033317076138626
1781033317182137296,31,0,8,0,true,0.3321,0.0012,2720,8192,0.007,0.007,47.94,0.007,0,0,0.0006,0.0006,0.34,0.0,25.0,21.0,1781033317175173550
1781033317281963990,31,0,8,0,true,0.3322,0.0011,2721,8192,0.007,0.007,47.94,0.007,0,0,0.0006,0.0006,0.34,0.0,25.0,21.0,1781033317275898232
1781033317382074763,31,0,8,0,true,0.3323,0.0012,2722,8192,0.007,0.007,47.94,0.007,0,0,0.0006,0.0006,0.33,0.0,25.0,21.0,1781033317376444288
1781033317482219814,31,0,8,0,true,0.3324,0.0012,2723,8192,0.007,0.007,47.94,0.007,0,0,0.0006,0.0006,0.33,0.0,25.0,21.0,1781033317476206855
1781033317582404951,31,0,8,0,true,0.3325,0.0011,2724,8192,0.007,0.007,47.94,0.007,0,0,0.0006,0.0006,0.34,0.0,25.0,21.0,1781033317577902920
1781033317681491783,31,0,8,0,true,0.3327,0.0011,2725,8192,0.007,0.007,47.94,0.007,0,0,0.0006,0.0006,0.34,0.0,25.0,21.0,1781033317677491176
1781033317782105742,31,0,8,0,true,0.3328,0.0011,2726,8192,0.007,0.007,47.94,0.007,0,0,0.0006,0.0006,0.35,0.0,25.0,21.0,1781033317778131289
1781033317882249779,31,0,8,0,true,0.3329,0.0011,2726,8192,0.007,0.007,47.94,0.007,0,0,0.0006,0.0006,0.35,0.0,25.0,21.0,1781033317878299353
1781033317981628943,31,0,8,0,true,0.333,0.0011,2727,8192,0.007,0.007,47.94,0.007,0,0,0.0006,0.0006,0.34,0.0,25.0,21.0,1781033317978932518
1781033318081658660,31,0,8,0,true,0.3331,0.0012,2728,8192,0.007,0.007,47.94,0.007,0,0,0.0006,0.0006,0.33,0.0,25.0,21.0,1781033318059144106
1781033318181497667,31,0,8,0,true,0.3332,0.0012,2729,8192,0.007,0.007,47.94,0.007,0,0,0.0006,0.0006,0.33,0.0,25.0,21.0,1781033318180430806
1781033318281592491,31,0,8,0,true,0.3333,0.0011,2730,8192,0.007,0.007,47.94,0.007,0,0,0.0006,0.0006,0.34,0.0,25.0,21.0,1781033318260728378
1781033318382271667,31,0,8,0,true,0.3334,0.0011,2731,8192,0.007,0.007,47.94,0.007,0,0,0.0006,0.0006,0.35,0.0,25.0,21.0,1781033318361517740
1781033318481726475,31,0,8,0,true,0.3335,0.0011,2732,8192,0.007,0.007,47.94,0.007,0,0,0.0006,0.0006,0.35,0.0,25.0,21.0,1781033318462095930
1781033318581474165,31,0,8,0,true,0.3337,0.0011,2733,8192,0.007,0.007,47.94,0.007,0,0,0.0006,0.0006,0.34,0.0,25.0,21.0,1781033318562466262
1781033318682045636,31,0,8,0,true,0.3338,0.0012,2734,8192,0.007,0.007,47.94,0.007,0,0,0.0006,0.0006,0.33,0.0,25.0,21.0,1781033318664018078
1781033318782894848,31,0,8,0,true,0.3339,0.0012,2735,8192,0.007,0.007,47.94,0.007,0,0,0.0006,0.0006,0.33,0.0,25.0,21.0,1781033318763352216
1781033318881939112,31,0,8,0,true,0.334,0.0011,2736,8192,0.007,0.007,47.94,0.007,0,0,0.0006,0.0006,0.34,0.0,25.0,21.0,1781033318863669488
1781033318981964063,31,0,8,0,true,0.3341,0.0011,2737,8192,0.007,0.007,47.94,0.007,0,0,0.0006,0.0006,0.35,0.0,25.0,21.0,1781033318981493301
1781033319081837155,31,0,8,0,true,0.3342,0.0012,2738,8192,0.007,0.007,47.94,0.007,0,0,0.0006,0.0006,0.33,0.0,25.0,21.0,1781033319062912338
1781033319182743652,31,0,8,0,true,0.3344,0.0011,2739,8192,0.007,0.007,47.94,0.007,0,0,0.0006,0.0006,0.35,0.0,25.0,21.0,1781033319181729720
1781033319281778824,31,0,8,0,true,0.3345,0.0011,2739,8192,0.007,0.007,47.94,0.007,0,0,0.0006,0.0006,0.34,0.0,25.0,21.0,1781033319262420005
1781033319384862999,31,0,8,0,true,0.3346,0.0012,2740,8192,0.007,0.007,47.94,0.007,0,0,0.0006,0.0006,0.33,0.0,25.0,21.0,1781033319363005474
1781033319481722527,31,0,8,0,true,0.3347,0.0011,2741,8192,0.007,0.007,47.94,0.007,0,0,0.0006,0.0006,0.34,0.0,25.0,21.0,1781033319464315647
1781033319581671321,31,0,8,0,true,0.3348,0.0012,2742,8192,0.007,0.007,47.94,0.007,0,0,0.0006,0.0006,0.33,0.0,25.0,21.0,1781033319567846025
1781033319682204526,31,0,8,0,true,0.3349,0.0011,2743,8192,0.007,0.007,47.94,0.007,0,0,0.0006,0.0006,0.34,0.0,25.0,21.0,1781033319666666446
1781033319782276238,31,0,8,0,true,0.335,0.0012,2744,8192,0.007,0.007,47.94,0.007,0,0,0.0006,0.0006,0.33,0.0,25.0,21.0,1781033319764648935
1781033319882086390,31,0,8,0,true,0.3352,0.0011,2745,8192,0.007,0.007,47.94,0.007,0,0,0.0006,0.0006,0.35,0.0,25.0,21.0,1781033319867454224
1781033319984856374,31,0,8,0,true,0.3353,0.0011,2746,8192,0.007,0.007,47.94,0.007,0,0,0.0006,0.0006,0.34,0.0,25.0,21.0,1781033319966801146
1781033320083285421,31,0,8,0,true,0.3354,0.0011,2747,8192,0.007,0.007,47.94,0.007,0,0,0.0006,0.0006,0.35,0.0,25.0,21.0,1781033320067345367
1781033320184868883,31,0,8,0,true,0.3355,0.0011,2748,8192,0.007,0.007,47.94,0.007,0,0,0.0006,0.0006,0.35,0.0,25.0,21.0,1781033320189334550
1781033320281649073,31,0,8,0,true,0.3356,0.0012,2749,8192,0.007,0.007,47.94,0.007,0,0,0.0006,0.0006,0.33,0.0,25.0,21.0,1781033320267736931
1781033320382237015,31,0,8,0,true,0.3357,0.0011,2750,8192,0.007,0.007,47.94,0.007,0,0,0.0006,0.0006,0.34,0.0,25.0,21.0,1781033320370380083
1781033320482261053,31,0,8,0,true,0.3358,0.0011,2751,8192,0.007,0.007,47.94,0.007,0,0,0.0006,0.0006,0.35,0.0,25.0,21.0,1781033320469173036
1781033320582399137,31,0,8,0,true,0.336,0.0012,2752,8192,0.007,0.007,47.94,0.007,0,0,0.0006,0.0006,0.33,0.0,25.0,21.0,1781033320569141335
1781033320682233444,31,0,8,0,true,0.3361,0.0011,2753,8192,0.007,0.007,47.94,0.007,0,0,0.0006,0.0006,0.34,0.0,25.0,21.0,1781033320671090988
1781033320782036205,31,0,8,0,true,0.3362,0.0011,2754,8192,0.007,0.007,47.94,0.007,0,0,0.0006,0.0006,0.34,0.0,25.0,21.0,1781033320771568618
1781033320882392481,31,0,8,0,true,0.3363,0.0011,2754,8192,0.007,0.007,47.94,0.007,0,0,0.0006,0.0006,0.34,0.0,25.0,21.0,1781033320873023478
1781033320981935947,31,0,8,0,true,0.3364,0.0012,2755,8192,0.007,0.007,47.94,0.007,0,0,0.0006,0.0006,0.33,0.0,25.0,21.0,1781033320971554808
1781033321081730171,31,0,8,0,true,0.3365,0.0011,2756,8192,0.007,0.007,47.94,0.007,0,0,0.0006,0.0006,0.35,0.0,25.0,21.0,1781033321071463035
1781033321182433902,31,0,8,0,true,0.3366,0.0012,2757,8192,0.007,0.007,47.94,0.007,0,0,0.0006,0.0006,0.33,0.0,25.0,21.0,1781033321172278155
1781033321281831189,31,0,8,0,true,0.3368,0.0011,2758,8192,0.007,0.007,47.94,0.007,0,0,0.0006,0.0006,0.34,0.0,25.0,21.0,1781033321272600378
1781033321382186384,31,0,8,0,true,0.3369,0.0012,2759,8192,0.007,0.007,47.94,0.007,0,0,0.0006,0.0006,0.33,0.0,25.0,21.0,1781033321374761694
1781033321481496152,31,0,8,0,true,0.337,0.0011,2760,8192,0.007,0.007,47.94,0.007,0,0,0.0006,0.0006,0.34,0.0,25.0,21.0,1781033321474094066
1781033321582421807,31,0,8,0,true,0.3371,0.0011,2761,8192,0.007,0.007,47.94,0.007,0,0,0.0006,0.0006,0.34,0.0,25.0,21.0,1781033321574176815
1781033321681769977,31,0,8,0,true,0.3372,0.0011,2762,8192,0.007,0.007,47.94,0.007,0,0,0.0006,0.0006,0.34,0.0,25.0,21.0,1781033321675380818
1781033321781924701,31,0,8,0,true,0.3373,0.0011,2763,8192,0.007,0.007,47.94,0.007,0,0,0.0006,0.0006,0.35,0.0,25.0,21.0,1781033321775111816
1781033321881624150,31,0,8,0,true,0.3374,0.0011,2764,8192,0.007,0.007,47.94,0.007,0,0,0.0006,0.0006,0.34,0.0,25.0,21.0,1781033321875784459
1781033321981549752,31,0,8,0,true,0.3376,0.0011,2765,8192,0.007,0.007,47.94,0.007,0,0,0.0006,0.0006,0.34,0.0,25.0,21.0,1781033321981102216
1781033322082023240,31,0,8,0,true,0.3377,0.0011,2766,8192,0.007,0.007,47.94,0.007,0,0,0.0006,0.0006,0.34,0.0,25.0,21.0,1781033322082119614
1781033322181777727,31,0,8,0,true,0.3378,0.0011,2767,8192,0.007,0.007,47.93,0.007,0,0,0.0006,0.0006,0.34,0.0,25.0,21.0,1781033322181863199
1781033322282426068,31,0,8,0,true,0.3379,0.0011,2767,8192,0.007,0.007,47.93,0.007,0,0,0.0006,0.0006,0.34,0.0,25.0,21.0,1781033322261915976
1781033322382019865,31,0,8,0,true,0.338,0.0011,2768,8192,0.007,0.007,47.93,0.007,0,0,0.0006,0.0006,0.34,0.0,25.0,21.0,1781033322362686136
1781033322481582815,31,0,8,0,true,0.3381,0.0011,2769,8192,0.007,0.007,47.93,0.007,0,0,0.0006,0.0006,0.35,0.0,25.0,21.0,1781033322467459143
1781033322581774474,31,0,8,0,true,0.3382,0.0012,2770,8192,0.007,0.007,47.93,0.007,0,0,0.0006,0.0006,0.33,0.0,25.0,21.0,1781033322563540029
1781033322682374108,31,0,8,0,true,0.3383,0.0011,2771,8192,0.007,0.007,47.93,0.007,0,0,0.0006,0.0006,0.35,0.0,25.0,21.0,1781033322665254071
1781033322781848836,31,0,8,0,true,0.3385,0.0011,2772,8192,0.007,0.007,47.93,0.007,0,0,0.0006,0.0006,0.34,0.0,25.0,21.0,1781033322764836629
1781033322881727104,31,0,8,0,true,0.3386,0.0012,2773,8192,0.007,0.007,47.93,0.007,0,0,0.0006,0.0006,0.33,0.0,25.0,21.0,1781033322865460578
1781033322982191825,31,0,8,0,true,0.3387,0.0012,2774,8192,0.007,0.007,47.93,0.007,0,0,0.0006,0.0006,0.33,0.0,25.0,21.0,1781033322970001858
1781033323082320122,31,0,8,0,true,0.3388,0.0011,2775,8192,0.007,0.007,47.93,0.007,0,0,0.0006,0.0006,0.34,0.0,25.0,21.0,1781033323067299604
1781033323181476284,31,0,8,0,true,0.3389,0.0011,2776,8192,0.007,0.007,47.93,0.007,0,0,0.0006,0.0006,0.34,0.0,25.0,21.0,1781033323167070650
1781033323281781074,31,0,8,0,true,0.339,0.0011,2777,8192,0.007,0.007,47.93,0.007,0,0,0.0006,0.0006,0.34,0.0,25.0,21.0,1781033323267737044
1781033323381609395,31,0,8,0,true,0.3391,0.0011,2778,8192,0.007,0.007,47.93,0.007,0,0,0.0006,0.0006,0.34,0.0,25.0,21.0,1781033323368243762
1781033323481774395,31,0,8,0,true,0.3393,0.0012,2779,8192,0.007,0.007,47.93,0.007,0,0,0.0006,0.0006,0.33,0.0,25.0,21.0,1781033323468830475
1781033323582152331,31,0,8,0,true,0.3394,0.0011,2780,8192,0.007,0.007,47.93,0.007,0,0,0.0006,0.0006,0.35,0.0,25.0,21.0,1781033323569189515
1781033323681887901,31,0,8,0,true,0.3395,0.0011,2781,8192,0.007,0.007,47.93,0.007,0,0,0.0006,0.0006,0.34,0.0,25.0,21.0,1781033323671738737
1781033323782024189,31,0,8,0,true,0.3396,0.0012,2782,8192,0.007,0.007,47.93,0.007,0,0,0.0006,0.0006,0.33,0.0,25.0,21.0,1781033323771832408
1781033323882136296,31,0,8,0,true,0.3397,0.0012,2783,8192,0.007,0.007,47.93,0.007,0,0,0.0006,0.0006,0.33,0.0,25.0,21.0,1781033323872130930
1781033323982447096,31,0,8,0,true,0.3398,0.0012,2783,8192,0.007,0.007,47.93,0.007,0,0,0.0006,0.0006,0.33,0.0,25.0,21.0,1781033323971414792
1781033324081579009,31,0,8,0,true,0.34,0.0011,2784,8192,0.007,0.007,47.93,0.007,0,0,0.0006,0.0006,0.34,0.0,25.0,21.0,1781033324071808979
1781033324181731963,31,0,8,0,true,0.3401,0.0012,2785,8192,0.007,0.007,47.93,0.007,0,0,0.0006,0.0006,0.33,0.0,25.0,21.0,1781033324173563495
1781033324283150661,31,0,8,0,true,0.3402,0.0011,2786,8192,0.007,0.007,47.93,0.007,0,0,0.0006,0.0006,0.34,0.0,25.0,21.0,1781033324273801096
1781033324381883339,31,0,8,0,true,0.3403,0.0011,2787,8192,0.007,0.007,47.93,0.007,0,0,0.0006,0.0006,0.35,0.0,25.0,21.0,1781033324375732292
1781033324482224386,31,0,8,0,true,0.3404,0.0011,2788,8192,0.007,0.007,47.93,0.007,0,0,0.0006,0.0006,0.34,0.0,25.0,21.0,1781033324474023401
1781033324581503305,31,0,8,0,true,0.3405,0.0011,2789,8192,0.007,0.007,47.93,0.007,0,0,0.0006,0.0006,0.35,0.0,25.0,21.0,1781033324574664825
1781033324681578480,31,0,8,0,true,0.3406,0.0011,2790,8192,0.007,0.007,47.93,0.007,0,0,0.0006,0.0006,0.35,0.0,25.0,21.0,1781033324675619017
1781033324783911830,31,0,8,0,true,0.3408,0.0012,2791,8192,0.007,0.007,47.93,0.007,0,0,0.0006,0.0006,0.33,0.0,25.0,21.0,1781033324775834508
1781033324882009139,31,0,8,0,true,0.3409,0.0012,2792,8192,0.007,0.007,47.93,0.007,0,0,0.0006,0.0006,0.33,0.0,25.0,21.0,1781033324877004199
1781033324981764574,31,0,8,0,true,0.341,0.0011,2793,8192,0.007,0.007,47.93,0.007,0,0,0.0006,0.0006,0.34,0.0,25.0,21.0,1781033324976604624
1781033325082272383,31,0,8,0,true,0.3411,0.0011,2794,8192,0.007,0.007,47.93,0.007,0,0,0.0006,0.0006,0.34,0.0,25.0,21.0,1781033325062725800
1781033325181665619,31,0,8,0,true,0.3412,0.0011,2795,8192,0.007,0.007,47.93,0.007,0,0,0.0006,0.0006,0.34,0.0,25.0,21.0,1781033325163476358
1781033325282448027,31,0,8,0,true,0.3413,0.0011,2796,8192,0.007,0.007,47.93,0.007,0,0,0.0006,0.0006,0.34,0.0,25.0,21.0,1781033325263403314
1781033325381513357,31,0,8,0,true,0.3414,0.0011,2797,8192,0.007,0.007,47.93,0.007,0,0,0.0006,0.0006,0.34,0.0,25.0,21.0,1781033325381470174
1781033325482115728,31,0,8,0,true,0.3415,0.0011,2797,8192,0.007,0.007,47.93,0.007,0,0,0.0006,0.0006,0.35,0.0,25.0,21.0,1781033325465036799
1781033325582117028,31,0,8,0,true,0.3417,0.0011,2798,8192,0.007,0.007,47.93,0.007,0,0,0.0006,0.0006,0.34,0.0,25.0,21.0,1781033325564835083
1781033325681576654,31,0,8,0,true,0.3418,0.0011,2799,8192,0.007,0.007,47.93,0.007,0,0,0.0006,0.0006,0.34,0.0,25.0,21.0,1781033325664570474
1781033325781575516,31,0,8,0,true,0.3419,0.0011,2800,8192,0.007,0.007,47.93,0.007,0,0,0.0006,0.0006,0.34,0.0,25.0,21.0,1781033325762195720
1781033325882374559,31,0,8,0,true,0.342,0.0011,2801,8192,0.007,0.007,47.93,0.007,0,0,0.0006,0.0006,0.34,0.0,25.0,21.0,1781033325863000102
1781033325981626733,31,0,8,0,true,0.3421,0.0012,2802,8192,0.007,0.007,47.93,0.007,0,0,0.0006,0.0006,0.33,0.0,25.0,21.0,1781033325965986833
1781033326082202408,31,0,8,0,true,0.3422,0.0011,2803,8192,0.007,0.007,47.93,0.007,0,0,0.0006,0.0006,0.35,0.0,25.0,21.0,1781033326064992404
1781033326182116902,31,0,8,0,true,0.3423,0.0012,2804,8192,0.007,0.007,47.93,0.007,0,0,0.0006,0.0006,0.34,0.0,25.0,21.0,1781033326166857769
1781033326282923572,31,0,8,0,true,0.3425,0.0011,2805,8192,0.007,0.007,47.93,0.007,0,0,0.0006,0.0006,0.34,0.0,25.0,21.0,1781033326265722094
1781033326381628942,31,0,8,0,true,0.3426,0.0012,2806,8192,0.007,0.007,47.93,0.007,0,0,0.0006,0.0006,0.33,0.0,25.0,21.0,1781033326367372516
1781033326482222347,31,0,8,0,true,0.3427,0.0011,2807,8192,0.007,0.007,47.93,0.007,0,0,0.0006,0.0006,0.34,0.0,25.0,21.0,1781033326467064181
1781033326581946918,31,0,8,0,true,0.3428,0.0011,2808,8192,0.007,0.007,47.93,0.007,0,0,0.0006,0.0006,0.34,0.0,25.0,21.0,1781033326571828639
1781033326681551507,31,0,8,0,true,0.3429,0.0011,2809,8192,0.007,0.007,47.93,0.007,0,0,0.0006,0.0006,0.34,0.0,25.0,21.0,1781033326668383562
1781033326782495916,31,0,8,0,true,0.343,0.0011,2810,8192,0.007,0.007,47.93,0.007,0,0,0.0006,0.0006,0.35,0.0,25.0,21.0,1781033326768253148
1781033326882227230,31,0,8,0,true,0.3431,0.0011,2811,8192,0.007,0.007,47.93,0.007,0,0,0.0006,0.0006,0.35,0.0,25.0,21.0,1781033326870826841
1781033326981540754,31,0,8,0,true,0.3433,0.0011,2811,8192,0.007,0.007,47.93,0.007,0,0,0.0006,0.0006,0.34,0.0,25.0,21.0,1781033326969300225
1781033327082020052,31,0,8,0,true,0.3434,0.0012,2812,8192,0.007,0.007,47.93,0.007,0,0,0.0006,0.0006,0.33,0.0,25.0,21.0,1781033327069909624
1781033327182125597,31,0,8,0,true,0.3435,0.0011,2813,8192,0.007,0.007,47.93,0.007,0,0,0.0006,0.0006,0.34,0.0,25.0,21.0,1781033327170790760
1781033327281649507,31,0,8,0,true,0.3436,0.0012,2814,8192,0.007,0.007,47.93,0.007,0,0,0.0006,0.0006,0.33,0.0,25.0,21.0,1781033327270718208
1781033327382292466,31,0,8,0,true,0.3437,0.0011,2815,8192,0.007,0.007,47.93,0.007,0,0,0.0006,0.0006,0.35,0.0,25.0,21.0,1781033327373131779
1781033327481986178,31,0,8,0,true,0.3438,0.0011,2816,8192,0.007,0.007,47.93,0.007,0,0,0.0006,0.0006,0.34,0.0,25.0,21.0,1781033327472091163
1781033327581753221,31,0,8,0,true,0.3439,0.0011,2817,8192,0.007,0.007,47.93,0.007,0,0,0.0006,0.0006,0.34,0.0,25.0,21.0,1781033327572638168
1781033327681787427,31,0,8,0,true,0.3441,0.0011,2818,8192,0.007,0.007,47.93,0.007,0,0,0.0006,0.0006,0.34,0.0,25.0,21.0,1781033327673956467
1781033327781911554,31,0,8,0,true,0.3442,0.0011,2819,8192,0.007,0.007,47.93,0.007,0,0,0.0006,0.0006,0.34,0.0,25.0,21.0,1781033327773846455
1781033327881466011,31,0,8,0,true,0.3443,0.0012,2820,8192,0.007,0.007,47.93,0.007,0,0,0.0006,0.0006,0.33,0.0,25.0,21.0,1781033327874102874
1781033327982260183,31,0,8,0,true,0.3444,0.0011,2821,8192,0.007,0.007,47.93,0.007,0,0,0.0006,0.0006,0.34,0.0,25.0,21.0,1781033327974263724
1781033328081981666,31,0,8,0,true,0.3445,0.0011,2822,8192,0.007,0.007,47.93,0.007,0,0,0.0006,0.0006,0.34,0.0,25.0,21.0,1781033328077592276
1781033328182326711,31,0,8,0,true,0.3446,0.0011,2823,8192,0.007,0.007,47.93,0.007,0,0,0.0006,0.0006,0.34,0.0,25.0,21.0,1781033328175121619
1781033328282399314,31,0,8,0,true,0.3447,0.0012,2824,8192,0.007,0.007,47.93,0.007,0,0,0.0006,0.0006,0.33,0.0,25.0,21.0,1781033328276404265
1781033328381600624,31,0,8,0,true,0.3449,0.0012,2825,8192,0.007,0.007,47.93,0.007,0,0,0.0006,0.0006,0.33,0.0,25.0,21.0,1781033328378481190
1781033328481838931,31,0,8,0,true,0.345,0.0012,2826,8192,0.007,0.007,47.93,0.007,0,0,0.0006,0.0006,0.33,0.0,25.0,21.0,1781033328476481403
1781033328582324672,31,0,8,0,true,0.3451,0.0012,2827,8192,0.007,0.007,47.93,0.007,0,0,0.0006,0.0006,0.33,0.0,25.0,21.0,1781033328580078168
1781033328682297719,31,0,8,0,true,0.3452,0.0011,2827,8192,0.007,0.007,47.93,0.007,0,0,0.0006,0.0006,0.34,0.0,25.0,21.0,1781033328678078785
1781033328782437063,31,0,8,0,true,0.3453,0.0011,2828,8192,0.007,0.007,47.93,0.007,0,0,0.0006,0.0006,0.34,0.0,25.0,21.0,1781033328778126415
1781033328882333191,31,0,8,0,true,0.3454,0.0011,2829,8192,0.007,0.007,47.93,0.007,0,0,0.0006,0.0006,0.35,0.0,25.0,21.0,1781033328881424832
1781033328981412284,31,0,8,0,true,0.3456,0.0011,2830,8192,0.007,0.007,47.93,0.007,0,0,0.0006,0.0006,0.34,0.0,25.0,21.0,1781033328979449267
1781033329082410101,31,0,8,0,true,0.3456,0.0012,2831,8192,0.007,0.007,47.93,0.007,0,0,0.0006,0.0006,0.33,0.0,25.0,21.0,1781033329059781245
1781033329182459218,31,0,8,0,true,0.3458,0.0012,2832,8192,0.007,0.007,47.93,0.007,0,0,0.0006,0.0006,0.33,0.0,25.0,21.0,1781033329165616903
1781033329282566156,31,0,8,0,true,0.3459,0.0011,2833,8192,0.007,0.007,47.93,0.007,0,0,0.0006,0.0006,0.34,0.0,25.0,21.0,1781033329265344862
1781033329382227698,31,0,8,0,true,0.346,0.0011,2834,8192,0.007,0.007,47.93,0.007,0,0,0.0006,0.0006,0.35,0.0,25.0,21.0,1781033329365832606
1781033329482465512,31,0,8,0,true,0.3461,0.0012,2835,8192,0.007,0.007,47.93,0.007,0,0,0.0006,0.0006,0.33,0.0,25.0,21.0,1781033329466324320
1781033329581752366,31,0,8,0,true,0.3462,0.0011,2836,8192,0.007,0.007,47.93,0.007,0,0,0.0006,0.0006,0.35,0.0,25.0,21.0,1781033329566571668
1781033329682284464,31,0,8,0,true,0.3463,0.0011,2837,8192,0.007,0.007,47.93,0.007,0,0,0.0006,0.0006,0.35,0.0,25.0,21.0,1781033329667593435
1781033329782518227,31,0,8,0,true,0.3464,0.0011,2838,8192,0.007,0.007,47.93,0.007,0,0,0.0006,0.0006,0.35,0.0,25.0,21.0,1781033329767310115
1781033329884625262,31,0,8,0,true,0.3466,0.0011,2839,8192,0.007,0.007,47.93,0.007,0,0,0.0006,0.0006,0.35,0.0,25.0,21.0,1781033329868307821
1781033329982448284,31,0,8,0,true,0.3467,0.0011,2839,8192,0.007,0.007,47.93,0.007,0,0,0.0006,0.0006,0.34,0.0,25.0,21.0,1781033329967640202
1781033330082073375,31,0,8,0,true,0.3468,0.0011,2840,8192,0.007,0.007,47.93,0.007,0,0,0.0006,0.0006,0.34,0.0,25.0,21.0,1781033330066106937
1781033330184895184,31,0,8,0,true,0.3469,0.0012,2841,8192,0.007,0.007,47.93,0.007,0,0,0.0006,0.0006,0.33,0.0,25.0,21.0,1781033330167649475
1781033330282640579,31,0,8,0,true,0.347,0.0011,2842,8192,0.007,0.007,47.93,0.007,0,0,0.0006,0.0006,0.35,0.0,25.0,21.0,1781033330268111956
1781033330384892249,31,0,8,0,true,0.3471,0.0012,2843,8192,0.007,0.007,47.93,0.007,0,0,0.0006,0.0006,0.33,0.0,25.0,21.0,1781033330369048620
1781033330482075262,31,0,8,0,true,0.3473,0.0012,2844,8192,0.007,0.007,47.93,0.007,0,0,0.0006,0.0006,0.33,0.0,25.0,21.0,1781033330467780048
1781033330583883537,31,0,8,0,true,0.3474,0.0011,2845,8192,0.007,0.007,47.93,0.007,0,0,0.0006,0.0006,0.34,0.0,25.0,21.0,1781033330568173632
1781033330681814122,31,0,8,0,true,0.3475,0.0011,2846,8192,0.007,0.007,47.93,0.007,0,0,0.0006,0.0006,0.34,0.0,25.0,21.0,1781033330669373578
1781033330782299790,31,0,8,0,true,0.3476,0.0012,2847,8192,0.007,0.007,47.93,0.007,0,0,0.0006,0.0006,0.33,0.0,25.0,21.0,1781033330769575510
1781033330882165502,31,0,8,0,true,0.3477,0.0011,2848,8192,0.007,0.007,47.93,0.007,0,0,0.0006,0.0006,0.34,0.0,25.0,21.0,1781033330873701643
1781033330981632981,31,0,8,0,true,0.3478,0.0011,2849,8192,0.007,0.007,47.93,0.007,0,0,0.0006,0.0006,0.35,0.0,25.0,21.0,1781033330971112016
1781033331082038799,31,0,8,0,true,0.3479,0.0011,2850,8192,0.007,0.007,47.93,0.007,0,0,0.0006,0.0006,0.34,0.0,25.0,21.0,1781033331071605277
1781033331181467742,31,0,8,0,true,0.3481,0.0011,2851,8192,0.007,0.007,47.93,0.007,0,0,0.0006,0.0006,0.34,0.0,25.0,21.0,1781033331172014811
1781033331281798130,31,0,8,0,true,0.3482,0.0011,2852,8192,0.007,0.007,47.93,0.007,0,0,0.0006,0.0006,0.35,0.0,25.0,21.0,1781033331272194048
1781033331381876614,31,0,8,0,true,0.3483,0.0011,2853,8192,0.007,0.007,47.93,0.007,0,0,0.0006,0.0006,0.34,0.0,25.0,21.0,1781033331373480239
1781033331482045231,31,0,8,0,true,0.3484,0.0011,2854,8192,0.007,0.007,47.93,0.007,0,0,0.0006,0.0006,0.35,0.0,25.0,21.0,1781033331473581582
1781033331581743809,31,0,8,0,true,0.3485,0.0011,2855,8192,0.007,0.007,47.93,0.007,0,0,0.0006,0.0006,0.34,0.0,25.0,21.0,1781033331576143378
1781033331681969129,31,0,8,0,true,0.3486,0.0011,2855,8192,0.007,0.007,47.93,0.007,0,0,0.0006,0.0006,0.34,0.0,25.0,21.0,1781033331674316614
1781033331782225174,31,0,8,0,true,0.3487,0.0011,2856,8192,0.007,0.007,47.93,0.007,0,0,0.0006,0.0006,0.34,0.0,25.0,21.0,1781033331776706660
1781033331881498962,31,0,8,0,true,0.3489,0.0011,2857,8192,0.007,0.007,47.93,0.007,0,0,0.0006,0.0006,0.34,0.0,25.0,21.0,1781033331878258767
1781033331982081315,31,0,8,0,true,0.349,0.0011,2858,8192,0.007,0.007,47.93,0.007,0,0,0.0006,0.0006,0.34,0.0,25.0,21.0,1781033331975649914
1781033332081903709,31,0,8,0,true,0.3491,0.0012,2859,8192,0.007,0.007,47.93,0.007,0,0,0.0006,0.0006,0.33,0.0,25.0,21.0,1781033332078351132
1781033332181539753,31,0,8,0,true,0.3492,0.0011,2860,8192,0.007,0.007,47.93,0.007,0,0,0.0006,0.0006,0.35,0.0,25.0,21.0,1781033332176140825
1781033332281520183,31,0,8,0,true,0.3493,0.0012,2861,8192,0.007,0.007,47.93,0.007,0,0,0.0006,0.0006,0.33,0.0,25.0,21.0,1781033332277224414
1781033332381785627,31,0,8,0,true,0.3494,0.0011,2862,8192,0.007,0.007,47.93,0.007,0,0,0.0006,0.0006,0.34,0.0,25.0,21.0,1781033332378580877
1781033332481918855,31,0,8,0,true,0.3496,0.0012,2863,8192,0.007,0.007,47.93,0.007,0,0,0.0006,0.0006,0.33,0.0,25.0,21.0,1781033332478129688
1781033332581811411,31,0,8,0,true,0.3496,0.0011,2864,8192,0.007,0.007,47.93,0.007,0,0,0.0006,0.0006,0.34,0.0,25.0,21.0,1781033332558724573
1781033332682112893,31,0,8,0,true,0.3498,0.0011,2865,8192,0.007,0.007,47.93,0.007,0,0,0.0006,0.0006,0.34,0.0,25.0,21.0,1781033332679938785
1781033332781452166,31,0,8,0,true,0.3499,0.0011,2866,8192,0.007,0.007,47.93,0.007,0,0,0.0006,0.0006,0.34,0.0,25.0,21.0,1781033332780387718
1781033332881927094,31,0,8,0,true,0.35,0.0012,2867,8192,0.007,0.007,47.93,0.007,0,0,0.0006,0.0006,0.33,0.0,25.0,21.0,1781033332862247413
1781033332982675537,31,0,8,0,true,0.3501,0.0011,2868,8192,0.007,0.007,47.93,0.007,0,0,0.0006,0.0006,0.35,0.0,25.0,21.0,1781033332963573896
1781033333081742987,31,0,8,0,true,0.3502,0.0011,2868,8192,0.007,0.007,47.93,0.007,0,0,0.0006,0.0006,0.35,0.0,25.0,21.0,1781033333062016468
1781033333181564922,31,0,8,0,true,0.3503,0.0011,2869,8192,0.007,0.007,47.93,0.007,0,0,0.0006,0.0006,0.34,0.0,25.0,21.0,1781033333165103109
1781033333281960898,31,0,8,0,true,0.3504,0.0011,2870,8192,0.007,0.007,47.93,0.007,0,0,0.0006,0.0006,0.34,0.0,25.0,21.0,1781033333262575190
1781033333382765825,31,0,8,0,true,0.3506,0.0011,2871,8192,0.007,0.007,47.93,0.007,0,0,0.0006,0.0006,0.35,0.0,25.0,21.0,1781033333363238083
1781033333484334884,31,0,8,0,true,0.3507,0.0011,2872,8192,0.007,0.007,47.93,0.007,0,0,0.0006,0.0006,0.35,0.0,25.0,21.0,1781033333464507430
1781033333582203120,31,0,8,0,true,0.3508,0.0011,2873,8192,0.007,0.007,47.93,0.007,0,0,0.0006,0.0006,0.34,0.0,25.0,21.0,1781033333565604048
1781033333683628387,31,0,8,0,true,0.3509,0.0012,2874,8192,0.007,0.007,47.93,0.007,0,0,0.0006,0.0006,0.34,0.0,25.0,21.0,1781033333667406385
1781033333782145850,31,0,8,0,true,0.351,0.0012,2875,8192,0.007,0.007,47.93,0.007,0,0,0.0006,0.0006,0.33,0.0,25.0,21.0,1781033333765692290
1781033333882073671,31,0,8,0,true,0.3511,0.0011,2876,8192,0.007,0.007,47.93,0.007,0,0,0.0006,0.0006,0.34,0.0,25.0,21.0,1781033333867930635
1781033333981969132,31,0,8,0,true,0.3512,0.0011,2877,8192,0.007,0.007,47.93,0.007,0,0,0.0006,0.0006,0.35,0.0,25.0,21.0,1781033333966443184
1781033334083289185,31,0,8,0,true,0.3514,0.0011,2878,8192,0.007,0.007,47.93,0.007,0,0,0.0006,0.0006,0.35,0.0,25.0,21.0,1781033334067879081
1781033334184843461,31,0,8,0,true,0.3515,0.0011,2879,8192,0.007,0.007,47.93,0.007,0,0,0.0006,0.0006,0.34,0.0,25.0,21.0,1781033334168501636
1781033334283379455,31,0,8,0,true,0.3516,0.0011,2880,8192,0.007,0.007,47.93,0.007,0,0,0.0006,0.0006,0.35,0.0,25.0,21.0,1781033334267639984
1781033334384851367,31,0,8,0,true,0.3517,0.0011,2881,8192,0.007,0.007,47.93,0.007,0,0,0.0006,0.0006,0.35,0.0,25.0,21.0,1781033334369287879
1781033334484845376,31,0,8,0,true,0.3518,0.0011,2882,8192,0.007,0.007,47.93,0.007,0,0,0.0006,0.0006,0.34,0.0,25.0,21.0,1781033334468907771
1781033334581879560,31,0,8,0,true,0.3519,0.0011,2883,8192,0.007,0.007,47.93,0.007,0,0,0.0006,0.0006,0.35,0.0,25.0,21.0,1781033334569515351
1781033334682435988,31,0,8,0,true,0.3521,0.0012,2884,8192,0.007,0.007,47.93,0.007,0,0,0.0006,0.0006,0.33,0.0,25.0,21.0,1781033334672140038
1781033334781891891,31,0,8,0,true,0.3522,0.0011,2884,8192,0.007,0.007,47.93,0.007,0,0,0.0006,0.0006,0.34,0.0,25.0,21.0,1781033334771143389
1781033334881744756,31,0,8,0,true,0.3523,0.0012,2885,8192,0.007,0.007,47.93,0.007,0,0,0.0006,0.0006,0.33,0.0,25.0,21.0,1781033334874437484
1781033334981604447,31,0,8,0,true,0.3524,0.0011,2886,8192,0.007,0.007,47.93,0.007,0,0,0.0006,0.0006,0.34,0.0,25.0,21.0,1781033334971293478
1781033335081701970,31,0,8,0,true,0.3525,0.0011,2887,8192,0.007,0.007,47.93,0.007,0,0,0.0006,0.0006,0.34,0.0,25.0,21.0,1781033335071379243
1781033335182070254,31,0,8,0,true,0.3526,0.0011,2888,8192,0.007,0.007,47.93,0.007,0,0,0.0006,0.0006,0.35,0.0,25.0,21.0,1781033335173048025
1781033335282197305,31,0,8,0,true,0.3527,0.0011,2889,8192,0.007,0.007,47.93,0.007,0,0,0.0006,0.0006,0.35,0.0,25.0,21.0,1781033335273149489
1781033335381546520,31,0,8,0,true,0.3529,0.0012,2890,8192,0.007,0.007,47.93,0.007,0,0,0.0006,0.0006,0.33,0.0,25.0,21.0,1781033335373622448
1781033335481496776,31,0,8,0,true,0.353,0.0011,2891,8192,0.007,0.007,47.93,0.007,0,0,0.0006,0.0006,0.34,0.0,25.0,21.0,1781033335477985617
1781033335582345702,31,0,8,0,true,0.3531,0.0011,2892,8192,0.007,0.007,47.93,0.007,0,0,0.0006,0.0006,0.35,0.0,25.0,21.0,1781033335574138408
1781033335682273327,31,0,8,0,true,0.3532,0.0012,2893,8192,0.007,0.007,47.93,0.007,0,0,0.0006,0.0006,0.33,0.0,25.0,21.0,1781033335679322567
1781033335782320457,31,0,8,0,true,0.3533,0.0012,2894,8192,0.007,0.007,47.93,0.007,0,0,0.0006,0.0006,0.33,0.0,25.0,21.0,1781033335776426279
1781033335882251067,31,0,8,0,true,0.3534,0.0011,2895,8192,0.007,0.007,47.93,0.007,0,0,0.0006,0.0006,0.34,0.0,25.0,21.0,1781033335877166839
1781033335981533095,31,0,8,0,true,0.3535,0.0011,2896,8192,0.007,0.007,47.93,0.007,0,0,0.0006,0.0006,0.35,0.0,25.0,21.0,1781033335976525276
1781033336081919699,31,0,8,0,true,0.3537,0.0012,2897,8192,0.007,0.007,47.93,0.007,0,0,0.0006,0.0006,0.33,0.0,25.0,21.0,1781033336078411829
1781033336181752639,31,0,8,0,true,0.3538,0.0012,2898,8192,0.007,0.007,47.93,0.007,0,0,0.0006,0.0006,0.33,0.0,25.0,21.0,1781033336178468975
1781033336281458374,31,0,8,0,true,0.3539,0.0012,2899,8192,0.007,0.007,47.93,0.007,0,0,0.0006,0.0006,0.33,0.0,25.0,21.0,1781033336278136341
1781033336381935936,31,0,8,0,true,0.354,0.0012,2899,8192,0.007,0.007,47.93,0.007,0,0,0.0006,0.0006,0.33,0.0,25.0,21.0,1781033336378836142
1781033336481803145,31,0,8,0,true,0.3541,0.0012,2900,8192,0.007,0.007,47.93,0.007,0,0,0.0006,0.0006,0.33,0.0,25.0,21.0,1781033336479997476
1781033336581444418,31,0,8,0,true,0.3542,0.0012,2901,8192,0.007,0.007,47.93,0.007,0,0,0.0006,0.0006,0.33,0.0,25.0,21.0,1781033336560509082
1781033336681434316,31,0,8,0,true,0.3543,0.0011,2902,8192,0.007,0.007,47.93,0.007,0,0,0.0006,0.0006,0.35,0.0,25.0,21.0,1781033336680587432
1781033336782256550,31,0,8,0,true,0.3545,0.0011,2903,8192,0.007,0.007,47.93,0.007,0,0,0.0006,0.0006,0.35,0.0,25.0,21.0,1781033336780671231
1781033336883191778,31,0,8,0,true,0.3546,0.0011,2904,8192,0.007,0.007,47.93,0.007,0,0,0.0006,0.0006,0.34,0.0,25.0,21.0,1781033336882301928
1781033336981841339,31,0,8,0,true,0.3547,0.0012,2905,8192,0.007,0.007,47.93,0.007,0,0,0.0006,0.0006,0.33,0.0,25.0,21.0,1781033336962384441
1781033337082853438,31,0,8,0,true,0.3548,0.0011,2906,8192,0.007,0.007,47.93,0.007,0,0,0.0006,0.0006,0.35,0.0,25.0,21.0,1781033337063103447
1781033337181685459,31,0,8,0,true,0.3549,0.0011,2907,8192,0.007,0.007,47.93,0.007,0,0,0.0006,0.0006,0.34,0.0,25.0,21.0,1781033337169626600
1781033337282304535,31,0,8,0,true,0.355,0.0011,2908,8192,0.007,0.007,47.93,0.007,0,0,0.0006,0.0006,0.35,0.0,25.0,21.0,1781033337265310235
1781033337381632560,31,0,8,0,true,0.3551,0.0011,2909,8192,0.007,0.007,47.93,0.007,0,0,0.0006,0.0006,0.34,0.0,25.0,21.0,1781033337366325057
1781033337482052368,31,0,8,0,true,0.3552,0.0011,2910,8192,0.007,0.007,47.93,0.007,0,0,0.0006,0.0006,0.34,0.0,25.0,21.0,1781033337466030309
1781033337582343788,31,0,8,0,true,0.3554,0.0011,2911,8192,0.007,0.007,47.93,0.007,0,0,0.0006,0.0006,0.35,0.0,25.0,21.0,1781033337572134594
1781033337682982896,31,0,8,0,true,0.3555,0.0011,2912,8192,0.007,0.007,47.93,0.007,0,0,0.0006,0.0006,0.34,0.0,25.0,21.0,1781033337670869775
1781033337783154811,31,0,8,0,true,0.3556,0.0011,2913,8192,0.007,0.007,47.93,0.007,0,0,0.0006,0.0006,0.35,0.0,25.0,21.0,1781033337767523719
1781033337882123662,31,0,8,0,true,0.3557,0.0012,2913,8192,0.007,0.007,47.93,0.007,0,0,0.0006,0.0006,0.33,0.0,25.0,21.0,1781033337872127400
1781033337981915821,31,0,8,0,true,0.3558,0.0012,2914,8192,0.007,0.007,47.93,0.007,0,0,0.0006,0.0006,0.33,0.0,25.0,21.0,1781033337971736081
1781033338081888730,31,0,8,0,true,0.3559,0.0011,2915,8192,0.007,0.007,47.93,0.007,0,0,0.0006,0.0006,0.34,0.0,25.0,21.0,1781033338072557415
1781033338181380950,31,0,8,0,true,0.3561,0.0012,2916,8192,0.007,0.007,47.93,0.007,0,0,0.0006,0.0006,0.33,0.0,25.0,21.0,1781033338173388283
1781033338282131722,31,0,8,0,true,0.3562,0.0011,2917,8192,0.007,0.007,47.93,0.007,0,0,0.0006,0.0006,0.34,0.0,25.0,21.0,1781033338269949816
1781033338381765209,31,0,8,0,true,0.3563,0.0011,2918,8192,0.007,0.007,47.93,0.007,0,0,0.0006,0.0006,0.34,0.0,25.0,21.0,1781033338377824547
1781033338481694826,31,0,8,0,true,0.3564,0.0012,2919,8192,0.007,0.007,47.93,0.007,0,0,0.0006,0.0006,0.33,0.0,25.0,21.0,1781033338474684637
1781033338581928728,31,0,8,0,true,0.3565,0.0012,2920,8192,0.007,0.007,47.93,0.007,0,0,0.0006,0.0006,0.33,0.0,25.0,21.0,1781033338571885642
1781033338682433451,31,0,8,0,true,0.3566,0.0011,2921,8192,0.007,0.007,47.93,0.007,0,0,0.0006,0.0006,0.35,0.0,25.0,21.0,1781033338672181717
1781033338782495415,31,0,8,0,true,0.3567,0.0011,2922,8192,0.007,0.007,47.93,0.007,0,0,0.0006,0.0006,0.34,0.0,25.0,21.0,1781033338772945471
1781033338881840723,31,0,8,0,true,0.3569,0.0011,2923,8192,0.007,0.007,47.93,0.007,0,0,0.0006,0.0006,0.35,0.0,25.0,21.0,1781033338875613430
1781033338982328397,31,0,8,0,true,0.357,0.0012,2924,8192,0.007,0.007,47.93,0.007,0,0,0.0006,0.0006,0.33,0.0,25.0,21.0,1781033338973983965
1781033339082250681,31,0,8,0,true,0.3571,0.0012,2925,8192,0.007,0.007,47.93,0.007,0,0,0.0006,0.0006,0.33,0.0,25.0,21.0,1781033339054237156
1781033339181842815,31,0,8,0,true,0.3572,0.0011,2926,8192,0.007,0.007,47.93,0.007,0,0,0.0006,0.0006,0.35,0.0,25.0,21.0,1781033339179859322
1781033339281369923,31,0,8,0,true,0.3573,0.0012,2927,8192,0.007,0.007,47.93,0.007,0,0,0.0006,0.0006,0.34,0.0,25.0,21.0,1781033339281068620
1781033339381373766,31,0,8,0,true,0.3574,0.0011,2928,8192,0.007,0.007,47.93,0.007,0,0,0.0006,0.0006,0.34,0.0,25.0,21.0,1781033339380821090
1781033339481361014,31,0,8,0,true,0.3576,0.0011,2929,8192,0.007,0.007,47.93,0.007,0,0,0.0006,0.0006,0.34,0.0,25.0,21.0,1781033339481050967
1781033339582398319,31,0,8,0,true,0.3577,0.0012,2930,8192,0.007,0.007,47.93,0.007,0,0,0.0006,0.0006,0.33,0.0,25.0,21.0,1781033339582110539
1781033339681493476,31,0,8,0,true,0.3578,0.0011,2930,8192,0.007,0.007,47.93,0.007,0,0,0.0006,0.0006,0.34,0.0,25.0,21.0,1781033339662403981
1781033339781454352,31,0,8,0,true,0.3579,0.0011,2931,8192,0.007,0.007,47.93,0.007,0,0,0.0006,0.0006,0.34,0.0,25.0,21.0,1781033339778279117
1781033339881381445,31,0,8,0,true,0.358,0.0011,2932,8192,0.007,0.007,47.93,0.007,0,0,0.0006,0.0006,0.34,0.0,25.0,21.0,1781033339880605528
1781033339981695464,31,0,8,0,true,0.3581,0.0012,2933,8192,0.007,0.007,47.93,0.007,0,0,0.0006,0.0006,0.33,0.0,25.0,21.0,1781033339979423478
1781033340081844876,31,0,8,0,true,0.3582,0.0011,2934,8192,0.007,0.007,47.93,0.007,0,0,0.0006,0.0006,0.34,0.0,25.0,21.0,1781033340079893514
1781033340181749075,31,0,8,0,true,0.3583,0.0011,2935,8192,0.007,0.007,47.93,0.007,0,0,0.0006,0.0006,0.34,0.0,25.0,21.0,1781033340164477231
1781033340283173322,31,0,8,0,true,0.3585,0.0012,2936,8192,0.007,0.007,47.93,0.007,0,0,0.0006,0.0006,0.33,0.0,25.0,21.0,1781033340264020397
1781033340382443069,31,0,8,0,true,0.3586,0.0011,2937,8192,0.007,0.007,47.93,0.007,0,0,0.0006,0.0006,0.35,0.0,25.0,21.0,1781033340364631407
1781033340482608040,31,0,8,0,true,0.3587,0.0011,2938,8192,0.007,0.007,47.93,0.007,0,0,0.0006,0.0006,0.35,0.0,25.0,21.0,1781033340469085017
1781033539541311317,,,,,,,,,,,,,,,,,,,,,,
1781033539641765786,,,,,,,,,,,,,,,,,,,,,,
1781033539742042334,,,,,,,,,,,,,,,,,,,,,,
1781033539841487238,,,,,,,,,,,,,,,,,,,,,,
1781033539941538917,,,,,,,,,,,,,,,,,,,,,,
1781033540041811230,,,,,,,,,,,,,,,,,,,,,,
1781033540142107587,,,,,,,,,,,,,,,,,,,,,,
1781033540241772889,,,,,,,,,,,,,,,,,,,,,,
1781033540342351230,,,,,,,,,,,,,,,,,,,,,,
1781033540441749417,,,,,,,,,,,,,,,,,,,,,,
1781033540542027236,,,,,,,,,,,,,,,,,,,,,,
1781033540641399249,,,,,,,,,,,,,,,,,,,,,,
1781033540741792446,,,,,,,,,,,,,,,,,,,,,,
1781033540841968039,,,,,,,,,,,,,,,,,,,,,,
1781033540941392810,,,,,,,,,,,,,,,,,,,,,,
1781033541042084472,,,,,,,,,,,,,,,,,,,,,,
1781033541141489267,,,,,,,,,,,,,,,,,,,,,,
1781033541241737026,,,,,,,,,,,,,,,,,,,,,,
1781033541342324878,,,,,,,,,,,,,,,,,,,,,,
1781033541441616331,,,,,,,,,,,,,,,,,,,,,,
1781033541541690993,,,,,,,,,,,,,,,,,,,,,,
1781033541642233871,,,,,,,,,,,,,,,,,,,,,,
1781033541742177071,,,,,,,,,,,,,,,,,,,,,,
1781033541841504004,,,,,,,,,,,,,,,,,,,,,,
1781033541941820921,,,,,,,,,,,,,,,,,,,,,,
1781033542042155955,,,,,,,,,,,,,,,,,,,,,,
1781033542142105344,,,,,,,,,,,,,,,,,,,,,,
1781033542241986133,,,,,,,,,,,,,,,,,,,,,,
1781033542342275815,,,,,,,,,,,,,,,,,,,,,,
1781033542442202226,,,,,,,,,,,,,,,,,,,,,,
1781033542541600200,,,,,,,,,,,,,,,,,,,,,,
1781033542642105149,,,,,,,,,,,,,,,,,,,,,,
1781033542741755883,,,,,,,,,,,,,,,,,,,,,,
1781033542841848000,,,,,,,,,,,,,,,,,,,,,,
1781033542942220317,,,,,,,,,,,,,,,,,,,,,,
1781033543041700323,,,,,,,,,,,,,,,,,,,,,,
1781033543141926598,,,,,,,,,,,,,,,,,,,,,,
1781033543241982094,,,,,,,,,,,,,,,,,,,,,,
1781033543341840244,,,,,,,,,,,,,,,,,,,,,,
1781033543442200243,,,,,,,,,,,,,,,,,,,,,,
1781033543542386454,,,,,,,,,,,,,,,,,,,,,,
1781033543641524996,,,,,,,,,,,,,,,,,,,,,,
1781033543741522160,,,,,,,,,,,,,,,,,,,,,,
1781033543841633524,,,,,,,,,,,,,,,,,,,,,,
1781033543941562017,,,,,,,,,,,,,,,,,,,,,,
1781033544042353393,,,,,,,,,,,,,,,,,,,,,,
1781033544141373267,,,,,,,,,,,,,,,,,,,,,,
1781033544242400190,,,,,,,,,,,,,,,,,,,,,,
1781033544341630266,,,,,,,,,,,,,,,,,,,,,,
1781033544441794022,,,,,,,,,,,,,,,,,,,,,,
1781033544541945961,,,,,,,,,,,,,,,,,,,,,,
1781033544641830665,,,,,,,,,,,,,,,,,,,,,,
1781033544741703100,,,,,,,,,,,,,,,,,,,,,,
1781033544841657142,,,,,,,,,,,,,,,,,,,,,,
1781033544941523231,,,,,,,,,,,,,,,,,,,,,,
1781033545041450207,,,,,,,,,,,,,,,,,,,,,,
1781033545142367726,,,,,,,,,,,,,,,,,,,,,,
1781033545241895117,,,,,,,,,,,,,,,,,,,,,,
1781033545341924421,,,,,,,,,,,,,,,,,,,,,,
1781033545442065344,,,,,,,,,,,,,,,,,,,,,,
1781033545542392318,,,,,,,,,,,,,,,,,,,,,,
1781033545641705194,,,,,,,,,,,,,,,,,,,,,,
1781033545742075682,,,,,,,,,,,,,,,,,,,,,,
1781033545841550640,,,,,,,,,,,,,,,,,,,,,,
1781033545942189268,,,,,,,,,,,,,,,,,,,,,,
1781033546041679725,,,,,,,,,,,,,,,,,,,,,,
1781033546141423286,,,,,,,,,,,,,,,,,,,,,,
1781033546241867680,,,,,,,,,,,,,,,,,,,,,,
1781033546341898811,,,,,,,,,,,,,,,,,,,,,,
1781033546442354402,,,,,,,,,,,,,,,,,,,,,,
1781033546541677585,,,,,,,,,,,,,,,,,,,,,,
1781033546641885004,,,,,,,,,,,,,,,,,,,,,,
1781033546742156997,,,,,,,,,,,,,,,,,,,,,,
1781033546841418000,,,,,,,,,,,,,,,,,,,,,,
1781033546942262408,,,,,,,,,,,,,,,,,,,,,,
1781033547042264485,,,,,,,,,,,,,,,,,,,,,,
1781033547141476321,,,,,,,,,,,,,,,,,,,,,,
1781033547241575269,,,,,,,,,,,,,,,,,,,,,,
1781033547341876475,,,,,,,,,,,,,,,,,,,,,,
1781033547442034055,,,,,,,,,,,,,,,,,,,,,,
1781033547542130659,,,,,,,,,,,,,,,,,,,,,,
1781033547642065952,,,,,,,,,,,,,,,,,,,,,,
1781033547741907679,,,,,,,,,,,,,,,,,,,,,,
1781033547841541407,,,,,,,,,,,,,,,,,,,,,,
1781033547942228234,,,,,,,,,,,,,,,,,,,,,,
1781033548044853062,,,,,,,,,,,,,,,,,,,,,,
1781033548141581337,,,,,,,,,,,,,,,,,,,,,,
1781033548241874132,,,,,,,,,,,,,,,,,,,,,,
1781033548341634442,,,,,,,,,,,,,,,,,,,,,,
1781033548442132088,,,,,,,,,,,,,,,,,,,,,,
1781033548542152253,,,,,,,,,,,,,,,,,,,,,,
1781033548642330665,,,,,,,,,,,,,,,,,,,,,,
1781033548741711088,,,,,,,,,,,,,,,,,,,,,,
1781033548842178985,,,,,,,,,,,,,,,,,,,,,,
1781033548942307966,,,,,,,,,,,,,,,,,,,,,,
1781033549042214470,,,,,,,,,,,,,,,,,,,,,,
1781033549141722810,,,,,,,,,,,,,,,,,,,,,,
1781033549241797523,,,,,,,,,,,,,,,,,,,,,,
1781033549341863867,,,,,,,,,,,,,,,,,,,,,,
1781033549441536018,,,,,,,,,,,,,,,,,,,,,,
1781033549544889301,,,,,,,,,,,,,,,,,,,,,,
1781033549641842220,,,,,,,,,,,,,,,,,,,,,,
1781033549741924821,,,,,,,,,,,,,,,,,,,,,,
1781033549841397373,,,,,,,,,,,,,,,,,,,,,,
1781033549942331968,,,,,,,,,,,,,,,,,,,,,,
1781033550041824254,,,,,,,,,,,,,,,,,,,,,,
1781033550142296885,,,,,,,,,,,,,,,,,,,,,,
1781033550241976725,,,,,,,,,,,,,,,,,,,,,,
1781033550341733302,,,,,,,,,,,,,,,,,,,,,,
1781033550442080078,,,,,,,,,,,,,,,,,,,,,,
1781033550541857988,,,,,,,,,,,,,,,,,,,,,,
1781033550642320946,,,,,,,,,,,,,,,,,,,,,,
1781033550741452371,,,,,,,,,,,,,,,,,,,,,,
1781033550841552327,,,,,,,,,,,,,,,,,,,,,,
1781033550941606979,,,,,,,,,,,,,,,,,,,,,,
1781033551042189542,,,,,,,,,,,,,,,,,,,,,,
1781033551141426212,,,,,,,,,,,,,,,,,,,,,,
1781033551241622806,,,,,,,,,,,,,,,,,,,,,,
1781033551341725805,,,,,,,,,,,,,,,,,,,,,,
1781033551442170388,,,,,,,,,,,,,,,,,,,,,,
1781033551542358860,,,,,,,,,,,,,,,,,,,,,,
1781033551642315801,,,,,,,,,,,,,,,,,,,,,,
1781033551742294129,,,,,,,,,,,,,,,,,,,,,,
1781033551844850196,,,,,,,,,,,,,,,,,,,,,,
1781033551942146141,,,,,,,,,,,,,,,,,,,,,,
1781033552041895929,,,,,,,,,,,,,,,,,,,,,,
1781033552142627820,,,,,,,,,,,,,,,,,,,,,,
1781033552241652098,,,,,,,,,,,,,,,,,,,,,,
1781033552344934694,,,,,,,,,,,,,,,,,,,,,,
1781033552442956756,,,,,,,,,,,,,,,,,,,,,,
1781033552544375721,,,,,,,,,,,,,,,,,,,,,,
1781033552642090439,,,,,,,,,,,,,,,,,,,,,,
1781033552742276167,,,,,,,,,,,,,,,,,,,,,,
1781033552841891477,,,,,,,,,,,,,,,,,,,,,,
1781033552941792477,,,,,,,,,,,,,,,,,,,,,,
1781033553041443065,,,,,,,,,,,,,,,,,,,,,,
1781033553141365840,,,,,,,,,,,,,,,,,,,,,,
1781033553242352638,,,,,,,,,,,,,,,,,,,,,,
1781033553342271434,,,,,,,,,,,,,,,,,,,,,,
1781033553441916819,,,,,,,,,,,,,,,,,,,,,,
1781033553542220796,,,,,,,,,,,,,,,,,,,,,,
1781033553641823745,,,,,,,,,,,,,,,,,,,,,,
1781033553741453240,,,,,,,,,,,,,,,,,,,,,,
1781033553842253486,,,,,,,,,,,,,,,,,,,,,,
1781033553941582259,,,,,,,,,,,,,,,,,,,,,,
1781033554042195843,,,,,,,,,,,,,,,,,,,,,,
1781033554144824536,,,,,,,,,,,,,,,,,,,,,,
1781033554242394308,,,,,,,,,,,,,,,,,,,,,,
1781033554342010913,,,,,,,,,,,,,,,,,,,,,,
1781033554442161105,,,,,,,,,,,,,,,,,,,,,,
1781033554541587653,,,,,,,,,,,,,,,,,,,,,,
1781033554644549800,,,,,,,,,,,,,,,,,,,,,,
1781033554742055615,,,,,,,,,,,,,,,,,,,,,,
1781033554842052186,,,,,,,,,,,,,,,,,,,,,,
1781033554942318340,,,,,,,,,,,,,,,,,,,,,,
1781033555041594776,,,,,,,,,,,,,,,,,,,,,,
1781033555142191609,,,,,,,,,,,,,,,,,,,,,,
1781033555244768845,,,,,,,,,,,,,,,,,,,,,,
1781033555341861585,,,,,,,,,,,,,,,,,,,,,,
1781033555444863672,,,,,,,,,,,,,,,,,,,,,,
1781033555541625782,,,,,,,,,,,,,,,,,,,,,,
1781033555641468862,,,,,,,,,,,,,,,,,,,,,,
1781033555742009268,,,,,,,,,,,,,,,,,,,,,,
1781033555841616970,,,,,,,,,,,,,,,,,,,,,,
1781033555941806760,,,,,,,,,,,,,,,,,,,,,,
1781033556041427814,,,,,,,,,,,,,,,,,,,,,,
1781033556141496126,,,,,,,,,,,,,,,,,,,,,,
1781033556242118212,,,,,,,,,,,,,,,,,,,,,,
1781033556341931320,,,,,,,,,,,,,,,,,,,,,,
1781033556442865163,,,,,,,,,,,,,,,,,,,,,,
1781033556541738847,,,,,,,,,,,,,,,,,,,,,,
1781033556642099485,,,,,,,,,,,,,,,,,,,,,,
1781033556742063348,31,0,8,0,true,0.0,0.0573,0,8192,0.22,0.22,48.0,0.22,0,0,0.0182,0.0182,10.54,0.01,25.0,21.0,1781033556721924821
1781033556841723493,31,0,8,0,true,0.0019,0.0079,15,8192,0.003,0.003,47.96,0.003,0,0,0.0002,0.0002,0.13,0.0,25.0,21.0,1781033556838745659
1781033556942379506,31,0,8,0,true,0.0024,0.0052,20,8192,0.001,0.001,47.96,0.001,0,0,0.0001,0.0001,0.07,0.0,25.0,21.0,1781033556926163172
1781033557041577845,31,0,8,0,true,0.0029,0.004,23,8192,0.002,0.002,47.96,0.002,0,0,0.0002,0.0002,0.09,0.0,25.0,21.0,1781033557037934835
1781033557141861617,31,0,8,0,true,0.0033,0.0041,27,8192,0.003,0.003,47.96,0.003,0,0,0.0002,0.0002,0.14,0.0,25.0,21.0,1781033557131154897
1781033557244974024,31,0,8,0,true,0.0037,0.0041,30,8192,0.003,0.003,47.96,0.003,0,0,0.0002,0.0002,0.14,0.0,25.0,21.0,1781033557229900403
1781033557344897090,31,0,8,0,true,0.0041,0.0041,33,8192,0.003,0.003,47.96,0.003,0,0,0.0003,0.0003,0.15,0.0,25.0,21.0,1781033557332352176
1781033557444883195,31,0,8,0,true,0.0045,0.0041,36,8192,0.003,0.003,47.96,0.003,0,0,0.0003,0.0003,0.15,0.0,25.0,21.0,1781033557417152206
1781033557544931372,31,0,8,0,true,0.0049,0.0041,39,8192,0.003,0.003,47.96,0.003,0,0,0.0002,0.0002,0.12,0.0,25.0,21.0,1781033557517588680
1781033557648879773,31,0,8,0,true,0.0053,0.0042,43,8192,0.003,0.003,47.96,0.003,0,0,0.0002,0.0002,0.12,0.0,25.0,21.0,1781033557624112850
1781033557752866293,31,0,8,0,true,0.0058,0.0041,47,8192,0.003,0.003,47.96,0.003,0,0,0.0003,0.0003,0.15,0.0,25.0,21.0,1781033557735550072
1781033557850133489,31,0,8,0,true,0.0061,0.0042,50,8192,0.003,0.003,47.96,0.003,0,0,0.0002,0.0002,0.12,0.0,25.0,21.0,1781033557823572623
1781033557950295188,31,0,8,0,true,0.0066,0.0042,53,8192,0.003,0.003,47.96,0.003,0,0,0.0002,0.0002,0.14,0.0,25.0,21.0,1781033557926272156
1781033558049717630,31,0,8,0,true,0.007,0.0042,56,8192,0.003,0.003,47.96,0.003,0,0,0.0002,0.0002,0.14,0.0,25.0,21.0,1781033558020650892
1781033558152856436,31,0,8,0,true,0.0075,0.0041,61,8192,0.003,0.003,47.96,0.003,0,0,0.0002,0.0002,0.13,0.0,25.0,21.0,1781033558141137596
1781033558250192426,31,0,8,0,true,0.0078,0.0042,64,8192,0.003,0.003,47.96,0.003,0,0,0.0002,0.0002,0.12,0.0,25.0,21.0,1781033558233242728
1781033558349495510,31,0,8,0,true,0.0082,0.0041,67,8192,0.003,0.003,47.96,0.003,0,0,0.0002,0.0002,0.14,0.0,25.0,21.0,1781033558334970653
1781033558450080157,31,0,8,0,true,0.0086,0.0041,70,8192,0.003,0.003,47.96,0.003,0,0,0.0003,0.0003,0.15,0.0,25.0,21.0,1781033558428020529
1781033558552922549,31,0,8,0,true,0.0091,0.0041,74,8192,0.003,0.003,47.96,0.003,0,0,0.0002,0.0002,0.14,0.0,25.0,21.0,1781033558540656586
1781033558649660966,31,0,8,0,true,0.0095,0.0041,77,8192,0.003,0.003,47.96,0.003,0,0,0.0002,0.0002,0.14,0.0,25.0,21.0,1781033558640641772
1781033558750207339,31,0,8,0,true,0.0099,0.0042,81,8192,0.003,0.003,47.96,0.003,0,0,0.0002,0.0002,0.14,0.0,25.0,21.0,1781033558742202425
1781033558850204585,31,0,8,0,true,0.0103,0.0041,84,8192,0.003,0.003,47.96,0.003,0,0,0.0002,0.0002,0.14,0.0,25.0,21.0,1781033558826423086
1781033558950358823,31,0,8,0,true,0.0107,0.0041,87,8192,0.003,0.003,47.96,0.003,0,0,0.0002,0.0002,0.14,0.0,25.0,21.0,1781033558935954854
1781033559050085783,31,0,8,0,true,0.0111,0.0041,90,8192,0.003,0.003,47.96,0.003,0,0,0.0002,0.0002,0.12,0.0,25.0,21.0,1781033559031121836
1781033559152850518,31,0,8,0,true,0.0116,0.0041,94,8192,0.003,0.003,47.96,0.003,0,0,0.0002,0.0002,0.14,0.0,25.0,21.0,1781033559148168159
1781033559252887690,31,0,8,0,true,0.012,0.0041,97,8192,0.003,0.003,47.96,0.003,0,0,0.0002,0.0002,0.14,0.0,25.0,21.0,1781033559237141006
1781033559352852107,31,0,8,0,true,0.0123,0.0041,101,8192,0.003,0.003,47.96,0.003,0,0,0.0002,0.0002,0.13,0.0,25.0,21.0,1781033559332642638
1781033559450120574,31,0,8,0,true,0.0128,0.0041,104,8192,0.003,0.003,47.96,0.003,0,0,0.0002,0.0002,0.13,0.0,25.0,21.0,1781033559433296074
1781033559549611177,31,0,8,0,true,0.0132,0.0041,108,8192,0.003,0.003,47.96,0.003,0,0,0.0002,0.0002,0.14,0.0,25.0,21.0,1781033559537172781
1781033559649519482,31,0,8,0,true,0.0136,0.0042,111,8192,0.003,0.003,47.96,0.003,0,0,0.0002,0.0002,0.14,0.0,25.0,21.0,1781033559644362365
1781033559749678358,31,0,8,0,true,0.014,0.0041,114,8192,0.003,0.003,47.96,0.003,0,0,0.0002,0.0002,0.14,0.0,25.0,21.0,1781033559739253262
1781033559849887950,31,0,8,0,true,0.0145,0.0041,118,8192,0.003,0.003,47.96,0.003,0,0,0.0002,0.0002,0.14,0.0,25.0,21.0,1781033559848569942
1781033559949442963,31,0,8,0,true,0.0149,0.0041,121,8192,0.003,0.003,47.96,0.003,0,0,0.0002,0.0002,0.14,0.0,25.0,21.0,1781033559947104936
1781033560049529381,31,0,8,0,true,0.0153,0.0041,125,8192,0.003,0.003,47.96,0.003,0,0,0.0002,0.0002,0.13,0.0,25.0,21.0,1781033560042446255
1781033560150211068,31,0,8,0,true,0.0157,0.0041,128,8192,0.003,0.003,47.96,0.003,0,0,0.0002,0.0002,0.14,0.0,25.0,21.0,1781033560138929170
1781033560249523767,31,0,8,0,true,0.0161,0.0042,132,8192,0.003,0.003,47.96,0.003,0,0,0.0002,0.0002,0.12,0.0,25.0,21.0,1781033560250140837
1781033560351377271,31,0,8,0,true,0.0165,0.0041,135,8192,0.003,0.003,47.96,0.003,0,0,0.0002,0.0002,0.14,0.0,25.0,21.0,1781033560339218892
1781033560449799504,31,0,8,0,true,0.0169,0.0041,138,8192,0.003,0.003,47.96,0.003,0,0,0.0002,0.0002,0.14,0.0,25.0,21.0,1781033560442390640
1781033560550341755,31,0,8,0,true,0.0173,0.0042,141,8192,0.003,0.003,47.96,0.003,0,0,0.0002,0.0002,0.12,0.0,25.0,21.0,1781033560540459537
1781033560649768459,31,0,8,0,true,0.0178,0.0041,145,8192,0.003,0.003,47.96,0.003,0,0,0.0002,0.0002,0.14,0.0,25.0,21.0,1781033560649367904
1781033560750225782,31,0,8,0,true,0.0181,0.0042,148,8192,0.003,0.003,47.96,0.003,0,0,0.0002,0.0002,0.12,0.0,25.0,21.0,1781033560734585783
1781033560852920620,31,0,8,0,true,0.0186,0.0041,152,8192,0.003,0.003,47.96,0.003,0,0,0.0002,0.0002,0.13,0.0,25.0,21.0,1781033560842135085
1781033560949564605,31,0,8,0,true,0.019,0.0041,155,8192,0.003,0.003,47.96,0.003,0,0,0.0002,0.0002,0.14,0.0,25.0,21.0,1781033560947109384
1781033561049668998,31,0,8,0,true,0.0194,0.0041,158,8192,0.003,0.003,47.96,0.003,0,0,0.0002,0.0002,0.12,0.0,25.0,21.0,1781033561045452519
1781033561149747903,31,0,8,0,true,0.0198,0.0042,162,8192,0.003,0.003,47.96,0.003,0,0,0.0002,0.0002,0.14,0.0,25.0,21.0,1781033561147400690
1781033561250326757,31,0,8,0,true,0.0202,0.0041,165,8192,0.002,0.002,47.96,0.002,0,0,0.0002,0.0002,0.12,0.0,25.0,21.0,1781033561240561251
1781033561349950349,31,0,8,0,true,0.0206,0.0041,168,8192,0.003,0.003,47.96,0.003,0,0,0.0002,0.0002,0.14,0.0,25.0,21.0,1781033561340709023
1781033561452868235,31,0,8,0,true,0.021,0.0041,172,8192,0.003,0.003,47.96,0.003,0,0,0.0003,0.0003,0.15,0.0,25.0,21.0,1781033561440123043
1781033561550040357,31,0,8,0,true,0.0214,0.0041,175,8192,0.003,0.003,47.96,0.003,0,0,0.0002,0.0002,0.14,0.0,25.0,21.0,1781033561529192885
1781033561650449027,31,0,8,0,true,0.0218,0.0042,178,8192,0.002,0.002,47.96,0.002,0,0,0.0002,0.0002,0.12,0.0,25.0,21.0,1781033561631342592
1781033561749976764,31,0,8,0,true,0.0222,0.0041,181,8192,0.002,0.002,47.96,0.002,0,0,0.0002,0.0002,0.12,0.0,25.0,21.0,1781033561730751040
1781033561852891157,31,0,8,0,true,0.0226,0.0041,185,8192,0.003,0.003,47.96,0.003,0,0,0.0002,0.0002,0.14,0.0,25.0,21.0,1781033561834366855
1781033561952897497,31,0,8,0,true,0.0231,0.0041,189,8192,0.003,0.003,47.96,0.003,0,0,0.0002,0.0002,0.13,0.0,25.0,21.0,1781033561943679770
1781033562049906190,31,0,8,0,true,0.0235,0.0041,192,8192,0.003,0.003,47.96,0.003,0,0,0.0002,0.0002,0.14,0.0,25.0,21.0,1781033562043655040
1781033562152855663,31,0,8,0,true,0.0238,0.0041,195,8192,0.003,0.003,47.96,0.003,0,0,0.0002,0.0002,0.14,0.0,25.0,21.0,1781033562122768679
1781033562250091007,31,0,8,0,true,0.0242,0.0041,198,8192,0.002,0.002,47.96,0.002,0,0,0.0002,0.0002,0.12,0.0,25.0,21.0,1781033562211783656
1781033562352821987,31,0,8,0,true,0.0247,0.0041,202,8192,0.002,0.002,47.96,0.002,0,0,0.0002,0.0002,0.12,0.0,25.0,21.0,1781033562338089230
1781033562450136112,31,0,8,0,true,0.0251,0.0041,206,8192,0.003,0.003,47.96,0.003,0,0,0.0002,0.0002,0.14,0.0,25.0,21.0,1781033562446630611
1781033562550002093,31,0,8,0,true,0.0256,0.0042,209,8192,0.003,0.003,47.96,0.003,0,0,0.0002,0.0002,0.14,0.0,25.0,21.0,1781033562549600464
1781033562650338376,31,0,8,0,true,0.0259,0.0041,212,8192,0.003,0.003,47.96,0.003,0,0,0.0002,0.0002,0.13,0.0,25.0,21.0,1781033562634320163
1781033562750141309,31,0,8,0,true,0.0263,0.0041,215,8192,0.003,0.003,47.96,0.003,0,0,0.0002,0.0002,0.14,0.0,25.0,21.0,1781033562733233887
1781033562849419265,31,0,8,0,true,0.0268,0.0041,219,8192,0.003,0.003,47.96,0.003,0,0,0.0002,0.0002,0.14,0.0,25.0,21.0,1781033562843636099
1781033562950661761,31,0,8,0,true,0.0272,0.0042,222,8192,0.002,0.002,47.96,0.002,0,0,0.0002,0.0002,0.12,0.0,25.0,21.0,1781033562949999024
1781033563050056697,31,0,8,0,true,0.0276,0.0042,225,8192,0.003,0.003,47.96,0.003,0,0,0.0002,0.0002,0.13,0.0,25.0,21.0,1781033563038418983
1781033563152143986,31,0,8,0,true,0.0279,0.0042,228,8192,0.003,0.003,47.96,0.003,0,0,0.0002,0.0002,0.14,0.0,25.0,21.0,1781033563118869886
1781033563252861401,31,0,8,0,true,0.0284,0.0041,232,8192,0.003,0.003,47.96,0.003,0,0,0.0002,0.0002,0.13,0.0,25.0,21.0,1781033563238937351
1781033563350244618,31,0,8,0,true,0.0288,0.0041,235,8192,0.003,0.003,47.96,0.003,0,0,0.0002,0.0002,0.14,0.0,25.0,21.0,1781033563328668481
1781033563449765799,31,0,8,0,true,0.0292,0.0041,239,8192,0.003,0.003,47.96,0.003,0,0,0.0002,0.0002,0.14,0.0,25.0,21.0,1781033563441465323
1781033563552912348,31,0,8,0,true,0.0296,0.0041,242,8192,0.003,0.003,47.96,0.003,0,0,0.0002,0.0002,0.13,0.0,25.0,21.0,1781033563537768404
1781033563649457099,31,0,8,0,true,0.0301,0.0041,246,8192,0.003,0.003,47.96,0.003,0,0,0.0002,0.0002,0.14,0.0,25.0,21.0,1781033563645084943
1781033563749720608,31,0,8,0,true,0.0305,0.0041,249,8192,0.003,0.003,47.96,0.003,0,0,0.0002,0.0002,0.14,0.0,25.0,21.0,1781033563738450481
1781033563850089713,31,0,8,0,true,0.0308,0.0041,251,8192,0.003,0.003,47.96,0.003,0,0,0.0002,0.0002,0.14,0.0,25.0,21.0,1781033563813930697
1781033563950134336,31,0,8,0,true,0.0312,0.0041,255,8192,0.003,0.003,47.96,0.003,0,0,0.0002,0.0002,0.14,0.0,25.0,21.0,1781033563915995167
1781033564050064993,31,0,8,0,true,0.0316,0.0042,259,8192,0.003,0.003,47.96,0.003,0,0,0.0002,0.0002,0.13,0.0,25.0,21.0,1781033564023690741
1781033564152868251,31,0,8,0,true,0.032,0.0041,262,8192,0.002,0.002,47.96,0.002,0,0,0.0002,0.0002,0.11,0.0,25.0,21.0,1781033564122921535
1781033564250331153,31,0,8,0,true,0.0325,0.0041,266,8192,0.003,0.003,47.96,0.003,0,0,0.0002,0.0002,0.13,0.0,25.0,21.0,1781033564248165349
1781033564349581040,31,0,8,0,true,0.0328,0.0042,268,8192,0.003,0.003,47.96,0.003,0,0,0.0002,0.0002,0.13,0.0,25.0,21.0,1781033564319210301
1781033564449682840,31,0,8,0,true,0.0333,0.0041,272,8192,0.003,0.003,47.96,0.003,0,0,0.0002,0.0002,0.13,0.0,25.0,21.0,1781033564433289826
1781033564550830251,31,0,8,0,true,0.0337,0.0041,275,8192,0.003,0.003,47.96,0.003,0,0,0.0002,0.0002,0.13,0.0,25.0,21.0,1781033564529284689
1781033564650046291,31,0,8,0,true,0.0342,0.0042,279,8192,0.002,0.002,47.96,0.002,0,0,0.0002,0.0002,0.12,0.0,25.0,21.0,1781033564645919412
1781033564751197008,31,0,8,0,true,0.0346,0.0041,283,8192,0.003,0.003,47.96,0.003,0,0,0.0002,0.0002,0.14,0.0,25.0,21.0,1781033564739804152
1781033564849985933,31,0,8,0,true,0.035,0.0041,286,8192,0.003,0.003,47.96,0.003,0,0,0.0002,0.0002,0.12,0.0,25.0,21.0,1781033564836286535
1781033564950180957,31,0,8,0,true,0.0353,0.0041,289,8192,0.003,0.003,47.96,0.003,0,0,0.0002,0.0002,0.14,0.0,25.0,21.0,1781033564924508976
1781033565056977474,31,0,8,0,true,0.0358,0.0041,293,8192,0.002,0.002,47.96,0.002,0,0,0.0002,0.0002,0.11,0.0,25.0,21.0,1781033565039543762
1781033565160967189,31,0,8,0,true,0.0362,0.0041,296,8192,0.002,0.002,47.96,0.002,0,0,0.0002,0.0002,0.11,0.0,25.0,21.0,1781033565149701305
1781033565258006378,31,0,8,0,true,0.0366,0.0041,300,8192,0.003,0.003,47.96,0.003,0,0,0.0003,0.0003,0.15,0.0,25.0,21.0,1781033565243605419
1781033565365823701,31,0,8,0,true,0.0371,0.0041,303,8192,0.003,0.003,47.96,0.003,0,0,0.0002,0.0002,0.12,0.0,25.0,21.0,1781033565359074170
1781033565466574397,31,0,8,0,true,0.0375,0.0041,307,8192,0.003,0.003,47.96,0.003,0,0,0.0002,0.0002,0.13,0.0,25.0,21.0,1781033565465020784
1781033565566868067,31,0,8,0,true,0.038,0.0042,310,8192,0.003,0.003,47.96,0.003,0,0,0.0002,0.0002,0.13,0.0,25.0,21.0,1781033565564634199
1781033565666373568,31,0,8,0,true,0.0383,0.0041,313,8192,0.003,0.003,47.96,0.003,0,0,0.0002,0.0002,0.12,0.0,25.0,21.0,1781033565645771131
1781033565766632429,31,0,8,0,true,0.0387,0.0041,317,8192,0.002,0.002,47.96,0.002,0,0,0.0002,0.0002,0.11,0.0,25.0,21.0,1781033565751877504
1781033565871859209,31,0,8,0,true,0.0391,0.0041,320,8192,0.003,0.003,47.96,0.003,0,0,0.0002,0.0002,0.13,0.0,25.0,21.0,1781033565838001626
1781033565976882564,31,0,8,0,true,0.0396,0.0042,324,8192,0.003,0.003,47.96,0.003,0,0,0.0002,0.0002,0.14,0.0,25.0,21.0,1781033565961396719
1781033566082140163,31,0,8,0,true,0.04,0.0041,328,8192,0.003,0.003,47.96,0.003,0,0,0.0002,0.0002,0.12,0.0,25.0,21.0,1781033566074339693
1781033566184895815,31,0,8,0,true,0.0405,0.0041,331,8192,0.003,0.003,47.96,0.003,0,0,0.0002,0.0002,0.14,0.0,25.0,21.0,1781033566180850850
1781033566282735930,31,0,8,0,true,0.0408,0.0041,334,8192,0.002,0.002,47.96,0.002,0,0,0.0002,0.0002,0.11,0.0,25.0,21.0,1781033566255567730
1781033566384292096,31,0,8,0,true,0.0412,0.0041,337,8192,0.003,0.003,47.96,0.003,0,0,0.0002,0.0002,0.14,0.0,25.0,21.0,1781033566358684863
1781033566484891785,31,0,8,0,true,0.0416,0.0041,341,8192,0.003,0.003,47.96,0.003,0,0,0.0002,0.0002,0.13,0.0,25.0,21.0,1781033566463505195
1781033566582449258,31,0,8,0,true,0.0421,0.004,345,8192,0.003,0.003,47.96,0.003,0,0,0.0002,0.0002,0.14,0.0,25.0,21.0,1781033566581853452
1781033566688942088,31,0,8,0,true,0.0425,0.0041,348,8192,0.003,0.003,47.96,0.003,0,0,0.0002,0.0002,0.14,0.0,25.0,21.0,1781033566669556309
1781033566789825732,31,0,8,0,true,0.0429,0.0042,351,8192,0.003,0.003,47.96,0.003,0,0,0.0002,0.0002,0.14,0.0,25.0,21.0,1781033566772033379
1781033566889766817,31,0,8,0,true,0.0433,0.0041,354,8192,0.003,0.003,47.96,0.003,0,0,0.0002,0.0002,0.14,0.0,25.0,21.0,1781033566859628049
1781033566996963011,31,0,8,0,true,0.0437,0.0041,358,8192,0.003,0.003,47.96,0.003,0,0,0.0002,0.0002,0.13,0.0,25.0,21.0,1781033566975061856
1781033567097766497,31,0,8,0,true,0.0442,0.0041,361,8192,0.003,0.003,47.96,0.003,0,0,0.0002,0.0002,0.13,0.0,25.0,21.0,1781033567082254829
1781033567200973249,31,0,8,0,true,0.0446,0.0041,365,8192,0.003,0.003,47.96,0.003,0,0,0.0002,0.0002,0.12,0.0,25.0,21.0,1781033567189753676
1781033567297985169,31,0,8,0,true,0.0449,0.0041,368,8192,0.002,0.002,47.96,0.002,0,0,0.0002,0.0002,0.11,0.0,25.0,21.0,1781033567264962354
1781033567397445561,31,0,8,0,true,0.0454,0.0041,371,8192,0.003,0.003,47.96,0.003,0,0,0.0003,0.0003,0.15,0.0,25.0,21.0,1781033567370388590
1781033567504956223,31,0,8,0,true,0.0458,0.0041,375,8192,0.003,0.003,47.96,0.003,0,0,0.0002,0.0002,0.13,0.0,25.0,21.0,1781033567478040220
1781033567606159012,31,0,8,0,true,0.0463,0.0041,379,8192,0.003,0.003,47.96,0.003,0,0,0.0002,0.0002,0.13,0.0,25.0,21.0,1781033567593911318
1781033567708857636,31,0,8,0,true,0.0467,0.0041,382,8192,0.002,0.002,47.96,0.002,0,0,0.0002,0.0002,0.11,0.0,25.0,21.0,1781033567700174642
1781033567805617208,31,0,8,0,true,0.047,0.0042,385,8192,0.002,0.002,47.96,0.002,0,0,0.0002,0.0002,0.11,0.0,25.0,21.0,1781033567773239718
1781033567905844568,31,0,8,0,true,0.0475,0.0041,389,8192,0.003,0.003,47.96,0.003,0,0,0.0002,0.0002,0.13,0.0,25.0,21.0,1781033567894690543
1781033568005462285,31,0,8,0,true,0.0479,0.0042,392,8192,0.002,0.002,47.96,0.002,0,0,0.0002,0.0002,0.11,0.0,25.0,21.0,1781033567985393100
1781033568105984650,31,0,8,0,true,0.0483,0.0041,395,8192,0.003,0.003,47.96,0.003,0,0,0.0002,0.0002,0.12,0.0,25.0,21.0,1781033568082962780
1781033568206004387,31,0,8,0,true,0.0487,0.0041,398,8192,0.003,0.003,47.96,0.003,0,0,0.0002,0.0002,0.12,0.0,25.0,21.0,1781033568174136010
1781033568306188244,31,0,8,0,true,0.0491,0.004,402,8192,0.003,0.003,47.96,0.003,0,0,0.0002,0.0002,0.13,0.0,25.0,21.0,1781033568286234634
1781033568408848021,31,0,8,0,true,0.0496,0.004,406,8192,0.003,0.003,47.96,0.003,0,0,0.0002,0.0002,0.14,0.0,25.0,21.0,1781033568403102072
1781033568508866240,31,0,8,0,true,0.05,0.0041,409,8192,0.002,0.002,47.96,0.002,0,0,0.0002,0.0002,0.11,0.0,25.0,21.0,1781033568489989410
1781033568605785081,31,0,8,0,true,0.0504,0.0041,412,8192,0.003,0.003,47.96,0.003,0,0,0.0002,0.0002,0.14,0.0,25.0,21.0,1781033568588216533
1781033568705827345,31,0,8,0,true,0.0508,0.0041,416,8192,0.002,0.002,47.96,0.002,0,0,0.0002,0.0002,0.11,0.0,25.0,21.0,1781033568702273052
1781033568805794138,31,0,8,0,true,0.0512,0.0041,419,8192,0.003,0.003,47.96,0.003,0,0,0.0002,0.0002,0.14,0.0,25.0,21.0,1781033568796384798
1781033568907442407,31,0,8,0,true,0.0516,0.0042,422,8192,0.002,0.002,47.96,0.002,0,0,0.0002,0.0002,0.12,0.0,25.0,21.0,1781033568876436514
1781033569008858696,31,0,8,0,true,0.052,0.0041,425,8192,0.003,0.003,47.96,0.003,0,0,0.0002,0.0002,0.13,0.0,25.0,21.0,1781033568984467084
1781033569106294589,31,0,8,0,true,0.0525,0.0041,430,8192,0.002,0.002,47.96,0.002,0,0,0.0002,0.0002,0.12,0.0,25.0,21.0,1781033569105536611
1781033569206060834,31,0,8,0,true,0.0529,0.0041,433,8192,0.003,0.003,47.96,0.003,0,0,0.0002,0.0002,0.13,0.0,25.0,21.0,1781033569205187485
1781033569313217101,31,0,8,0,true,0.0533,0.0042,436,8192,0.002,0.002,47.96,0.002,0,0,0.0002,0.0002,0.12,0.0,25.0,21.0,1781033569295709932
1781033569413476894,31,0,8,0,true,0.0537,0.0043,439,8192,0.002,0.002,47.96,0.002,0,0,0.0002,0.0002,0.11,0.0,25.0,21.0,1781033569391391945
1781033569515085278,31,0,8,0,true,0.0542,0.0041,443,8192,0.003,0.003,47.96,0.003,0,0,0.0002,0.0002,0.12,0.0,25.0,21.0,1781033569514284480
1781033569621018208,31,0,8,0,true,0.0546,0.0041,446,8192,0.003,0.003,47.96,0.003,0,0,0.0002,0.0002,0.13,0.0,25.0,21.0,1781033569608132451
1781033569728883061,31,0,8,0,true,0.055,0.0041,450,8192,0.002,0.002,47.96,0.002,0,0,0.0002,0.0002,0.11,0.0,25.0,21.0,1781033569716130110
1781033569830236752,31,0,8,0,true,0.0554,0.0041,453,8192,0.003,0.003,47.96,0.003,0,0,0.0002,0.0002,0.14,0.0,25.0,21.0,1781033569814505314
1781033569930061938,31,0,8,0,true,0.0559,0.0041,457,8192,0.003,0.003,47.96,0.003,0,0,0.0002,0.0002,0.14,0.0,25.0,21.0,1781033569925187577
1781033570032875955,31,0,8,0,true,0.0563,0.0041,460,8192,0.002,0.002,47.96,0.002,0,0,0.0002,0.0002,0.1,0.0,25.0,21.0,1781033570025430815
1781033570130310443,31,0,8,0,true,0.0567,0.0042,464,8192,0.003,0.003,47.96,0.003,0,0,0.0002,0.0002,0.13,0.0,25.0,21.0,1781033570125720520
1781033570232888768,31,0,8,0,true,0.0571,0.0041,467,8192,0.003,0.003,47.96,0.003,0,0,0.0002,0.0002,0.14,0.0,25.0,21.0,1781033570220079317
1781033570330295298,31,0,8,0,true,0.0575,0.0041,471,8192,0.003,0.003,47.96,0.003,0,0,0.0002,0.0002,0.14,0.0,25.0,21.0,1781033570326832494
1781033570432887928,31,0,8,0,true,0.0579,0.0041,474,8192,0.003,0.003,47.96,0.003,0,0,0.0002,0.0002,0.12,0.0,25.0,21.0,1781033570421916244
1781033570533115429,31,0,8,0,true,0.0583,0.0041,477,8192,0.003,0.003,47.96,0.003,0,0,0.0002,0.0002,0.13,0.0,25.0,21.0,1781033570518679407
1781033570630184199,31,0,8,0,true,0.0588,0.0041,481,8192,0.002,0.002,47.96,0.002,0,0,0.0002,0.0002,0.11,0.0,25.0,21.0,1781033570625657454
1781033570732874793,31,0,8,0,true,0.0592,0.0042,484,8192,0.002,0.002,47.96,0.002,0,0,0.0002,0.0002,0.12,0.0,25.0,21.0,1781033570724016221
1781033570830994655,31,0,8,0,true,0.0595,0.0041,487,8192,0.003,0.003,47.96,0.003,0,0,0.0002,0.0002,0.13,0.0,25.0,21.0,1781033570797417742
1781033570929311440,31,0,8,0,true,0.0599,0.0041,490,8192,0.003,0.003,47.96,0.003,0,0,0.0002,0.0002,0.13,0.0,25.0,21.0,1781033570898149220
1781033571034723429,31,0,8,0,true,0.0603,0.0041,493,8192,0.003,0.003,47.96,0.003,0,0,0.0002,0.0002,0.14,0.0,25.0,21.0,1781033570996248338
1781033571135501289,31,0,8,0,true,0.0608,0.0041,498,8192,0.003,0.003,47.96,0.003,0,0,0.0002,0.0002,0.13,0.0,25.0,21.0,1781033571131086649
1781033571235910320,31,0,8,0,true,0.0612,0.0041,501,8192,0.002,0.002,47.96,0.002,0,0,0.0002,0.0002,0.12,0.0,25.0,21.0,1781033571219316698
1781033571336396664,31,0,8,0,true,0.0616,0.0041,504,8192,0.003,0.003,47.96,0.003,0,0,0.0003,0.0003,0.15,0.0,25.0,21.0,1781033571325293168
1781033571436474495,31,0,8,0,true,0.062,0.0043,507,8192,0.002,0.002,47.96,0.002,0,0,0.0002,0.0002,0.11,0.0,25.0,21.0,1781033571417011785
1781033571540998160,31,0,8,0,true,0.0624,0.0041,510,8192,0.002,0.002,47.96,0.002,0,0,0.0002,0.0002,0.1,0.0,25.0,21.0,1781033571507120280
1781033571641598097,31,0,8,0,true,0.0628,0.0041,514,8192,0.003,0.003,47.96,0.003,0,0,0.0002,0.0002,0.13,0.0,25.0,21.0,1781033571623510193
1781033571741493823,31,0,8,0,true,0.0632,0.0041,517,8192,0.003,0.003,47.96,0.003,0,0,0.0002,0.0002,0.14,0.0,25.0,21.0,1781033571704191106
1781033571842391635,31,0,8,0,true,0.0637,0.0042,522,8192,0.002,0.002,47.96,0.002,0,0,0.0002,0.0002,0.11,0.0,25.0,21.0,1781033571839444618
1781033571941586592,31,0,8,0,true,0.0641,0.0041,524,8192,0.002,0.002,47.96,0.002,0,0,0.0002,0.0002,0.1,0.0,25.0,21.0,1781033571920694247
1781033572041475822,31,0,8,0,true,0.0644,0.0041,527,8192,0.003,0.003,47.96,0.003,0,0,0.0002,0.0002,0.14,0.0,25.0,21.0,1781033572009389573
1781033572142358845,31,0,8,0,true,0.065,0.0041,532,8192,0.002,0.002,47.96,0.002,0,0,0.0002,0.0002,0.1,0.0,25.0,21.0,1781033572138894410
1781033572241431588,31,0,8,0,true,0.0652,0.0041,534,8192,0.002,0.002,47.96,0.002,0,0,0.0002,0.0002,0.1,0.0,25.0,21.0,1781033572204254955
1781033572341516576,31,0,8,0,true,0.0657,0.0041,538,8192,0.003,0.003,47.96,0.003,0,0,0.0002,0.0002,0.13,0.0,25.0,21.0,1781033572322615184
1781033572444907993,31,0,8,0,true,0.0662,0.0041,542,8192,0.003,0.003,47.96,0.003,0,0,0.0002,0.0002,0.13,0.0,25.0,21.0,1781033572429300401
1781033572547037733,31,0,8,0,true,0.0666,0.0041,545,8192,0.003,0.003,47.96,0.003,0,0,0.0002,0.0002,0.14,0.0,25.0,21.0,1781033572536622947
1781033572648130409,31,0,8,0,true,0.067,0.0042,549,8192,0.003,0.003,47.96,0.003,0,0,0.0002,0.0002,0.13,0.0,25.0,21.0,1781033572634942219
1781033572750000295,31,0,8,0,true,0.0674,0.0041,552,8192,0.003,0.003,47.96,0.003,0,0,0.0002,0.0002,0.13,0.0,25.0,21.0,1781033572726002767
1781033572848058584,31,0,8,0,true,0.0679,0.0041,556,8192,0.002,0.002,47.96,0.002,0,0,0.0002,0.0002,0.1,0.0,25.0,21.0,1781033572843402890
1781033572948007064,31,0,8,0,true,0.0683,0.0041,559,8192,0.003,0.003,47.96,0.003,0,0,0.0002,0.0002,0.14,0.0,25.0,21.0,1781033572939167433
1781033573052095876,31,0,8,0,true,0.0687,0.0042,562,8192,0.002,0.002,47.96,0.002,0,0,0.0002,0.0002,0.11,0.0,25.0,21.0,1781033573035630955
1781033573156841323,31,0,8,0,true,0.0691,0.0041,565,8192,0.003,0.003,47.96,0.003,0,0,0.0002,0.0002,0.12,0.0,25.0,21.0,1781033573137229188
1781033573260950263,31,0,8,0,true,0.0695,0.0041,569,8192,0.002,0.002,47.96,0.002,0,0,0.0002,0.0002,0.11,0.0,25.0,21.0,1781033573239762744
1781033573364921306,31,0,8,0,true,0.0699,0.0041,572,8192,0.003,0.003,47.96,0.003,0,0,0.0002,0.0002,0.13,0.0,25.0,21.0,1781033573341760224
1781033573461931961,31,0,8,0,true,0.0704,0.0041,576,8192,0.003,0.003,47.96,0.003,0,0,0.0002,0.0002,0.12,0.0,25.0,21.0,1781033573458198840
1781033573561481416,31,0,8,0,true,0.0707,0.0041,579,8192,0.003,0.003,47.96,0.003,0,0,0.0002,0.0002,0.12,0.0,25.0,21.0,1781033573536225606
1781033573664922965,31,0,8,0,true,0.0712,0.0041,582,8192,0.002,0.002,47.96,0.002,0,0,0.0002,0.0002,0.1,0.0,25.0,21.0,1781033573639390604
1781033573762102255,31,0,8,0,true,0.0716,0.0041,586,8192,0.002,0.002,47.96,0.002,0,0,0.0002,0.0002,0.09,0.0,25.0,21.0,1781033573737233080
1781033573862132607,31,0,8,0,true,0.0721,0.0041,590,8192,0.003,0.003,47.96,0.003,0,0,0.0002,0.0002,0.12,0.0,25.0,21.0,1781033573858800294
1781033573962192105,31,0,8,0,true,0.0724,0.0041,593,8192,0.003,0.003,47.96,0.003,0,0,0.0002,0.0002,0.13,0.0,25.0,21.0,1781033573940943515
1781033574062350977,31,0,8,0,true,0.0729,0.0041,596,8192,0.002,0.002,47.96,0.002,0,0,0.0002,0.0002,0.11,0.0,25.0,21.0,1781033574057036956
1781033574164887705,31,0,8,0,true,0.0732,0.0043,600,8192,0.002,0.002,47.96,0.002,0,0,0.0002,0.0002,0.11,0.0,25.0,21.0,1781033574150593632
1781033574261399206,31,0,8,0,true,0.0736,0.0041,602,8192,0.003,0.003,47.96,0.003,0,0,0.0002,0.0002,0.13,0.0,25.0,21.0,1781033574236933165
1781033574361311403,31,0,8,0,true,0.0741,0.0041,607,8192,0.003,0.003,47.96,0.003,0,0,0.0002,0.0002,0.13,0.0,25.0,21.0,1781033574360735513
1781033574464870528,31,0,8,0,true,0.0745,0.0041,609,8192,0.003,0.003,47.96,0.003,0,0,0.0002,0.0002,0.13,0.0,25.0,21.0,1781033574443505798
1781033574568903351,31,0,8,0,true,0.0748,0.0041,613,8192,0.003,0.003,47.96,0.003,0,0,0.0002,0.0002,0.13,0.0,25.0,21.0,1781033574536655691
1781033574670081134,31,0,8,0,true,0.0753,0.0041,616,8192,0.002,0.002,47.96,0.002,0,0,0.0002,0.0002,0.12,0.0,25.0,21.0,1781033574646616986
1781033574769768472,31,0,8,0,true,0.0758,0.0041,620,8192,0.002,0.002,47.96,0.002,0,0,0.0002,0.0002,0.11,0.0,25.0,21.0,1781033574763448833
1781033574870180843,31,0,8,0,true,0.0761,0.0041,623,8192,0.002,0.002,47.96,0.002,0,0,0.0002,0.0002,0.11,0.0,25.0,21.0,1781033574848862725
1781033574970167717,31,0,8,0,true,0.0765,0.0042,626,8192,0.002,0.002,47.96,0.002,0,0,0.0002,0.0002,0.11,0.0,25.0,21.0,1781033574946920677
1781033575069365346,31,0,8,0,true,0.077,0.0041,630,8192,0.002,0.002,47.96,0.002,0,0,0.0002,0.0002,0.11,0.0,25.0,21.0,1781033575067869420
1781033575170220941,31,0,8,0,true,0.0774,0.0041,633,8192,0.003,0.003,47.96,0.003,0,0,0.0002,0.0002,0.13,0.0,25.0,21.0,1781033575158095691
1781033575269923470,31,0,8,0,true,0.0778,0.0041,637,8192,0.003,0.003,47.96,0.003,0,0,0.0002,0.0002,0.14,0.0,25.0,21.0,1781033575251683213
1781033575369671332,31,0,8,0,true,0.0781,0.0041,640,8192,0.003,0.003,47.96,0.003,0,0,0.0002,0.0002,0.13,0.0,25.0,21.0,1781033575340698038
1781033575470998612,31,0,8,0,true,0.0787,0.0041,644,8192,0.003,0.003,47.96,0.003,0,0,0.0002,0.0002,0.14,0.0,25.0,21.0,1781033575468189652
1781033575570751507,31,0,8,0,true,0.079,0.0041,647,8192,0.002,0.002,47.96,0.002,0,0,0.0002,0.0002,0.11,0.0,25.0,21.0,1781033575547016407
1781033575672858744,31,0,8,0,true,0.0794,0.0043,650,8192,0.002,0.002,47.96,0.002,0,0,0.0002,0.0002,0.11,0.0,25.0,21.0,1781033575652840631
1781033575772862388,31,0,8,0,true,0.0798,0.0041,654,8192,0.003,0.003,47.96,0.003,0,0,0.0002,0.0002,0.13,0.0,25.0,21.0,1781033575756081859
1781033575870173256,31,0,8,0,true,0.0802,0.0042,657,8192,0.003,0.003,47.96,0.003,0,0,0.0002,0.0002,0.13,0.0,25.0,21.0,1781033575850197097
1781033575970186759,31,0,8,0,true,0.0807,0.0041,660,8192,0.002,0.002,47.96,0.002,0,0,0.0002,0.0002,0.1,0.0,25.0,21.0,1781033575954002063
1781033576069922257,31,0,8,0,true,0.081,0.0041,663,8192,0.002,0.002,47.96,0.002,0,0,0.0002,0.0002,0.12,0.0,25.0,21.0,1781033576034701348
1781033576172873371,31,0,8,0,true,0.0815,0.0042,667,8192,0.003,0.003,47.96,0.003,0,0,0.0002,0.0002,0.13,0.0,25.0,21.0,1781033576154287271
1781033576276881091,31,0,8,0,true,0.0819,0.0041,671,8192,0.003,0.003,47.96,0.003,0,0,0.0002,0.0002,0.12,0.0,25.0,21.0,1781033576262857136
1781033576378138750,31,0,8,0,true,0.0823,0.0041,674,8192,0.002,0.002,47.96,0.002,0,0,0.0002,0.0002,0.09,0.0,25.0,21.0,1781033576358370242
1781033576478122830,31,0,8,0,true,0.0828,0.0041,678,8192,0.002,0.002,47.96,0.002,0,0,0.0002,0.0002,0.12,0.0,25.0,21.0,1781033576468586951
1781033576578279000,31,0,8,0,true,0.0832,0.0041,681,8192,0.003,0.003,47.96,0.003,0,0,0.0002,0.0002,0.14,0.0,25.0,21.0,1781033576576444180
1781033576685064496,31,0,8,0,true,0.0835,0.0041,684,8192,0.003,0.003,47.96,0.003,0,0,0.0002,0.0002,0.12,0.0,25.0,21.0,1781033576655519422
1781033576788864792,31,0,8,0,true,0.084,0.0041,688,8192,0.003,0.003,47.96,0.003,0,0,0.0002,0.0002,0.12,0.0,25.0,21.0,1781033576774685153
1781033576889144038,31,0,8,0,true,0.0845,0.0042,691,8192,0.003,0.003,47.96,0.003,0,0,0.0002,0.0002,0.13,0.0,25.0,21.0,1781033576876894660
1781033576987597572,31,0,8,0,true,0.0848,0.0041,695,8192,0.002,0.002,47.96,0.002,0,0,0.0002,0.0002,0.11,0.0,25.0,21.0,1781033576967205104
1781033577086168504,31,0,8,0,true,0.0852,0.0041,698,8192,0.003,0.003,47.96,0.003,0,0,0.0002,0.0002,0.13,0.0,25.0,21.0,1781033577061025090
1781033577188870364,31,0,8,0,true,0.0857,0.0041,701,8192,0.003,0.003,47.96,0.003,0,0,0.0002,0.0002,0.13,0.0,25.0,21.0,1781033577166355734
1781033577285980862,31,0,8,0,true,0.0861,0.0041,705,8192,0.003,0.003,47.96,0.003,0,0,0.0002,0.0002,0.14,0.0,25.0,21.0,1781033577277089327
1781033577386098188,31,0,8,0,true,0.0865,0.0041,708,8192,0.003,0.003,47.96,0.003,0,0,0.0002,0.0002,0.13,0.0,25.0,21.0,1781033577365789021
1781033577488880520,31,0,8,0,true,0.0869,0.0042,711,8192,0.003,0.003,47.96,0.003,0,0,0.0002,0.0002,0.12,0.0,25.0,21.0,1781033577469515728
1781033577585883151,31,0,8,0,true,0.0873,0.0041,715,8192,0.003,0.003,47.96,0.003,0,0,0.0002,0.0002,0.13,0.0,25.0,21.0,1781033577575236051
1781033577686065115,31,0,8,0,true,0.0877,0.0041,718,8192,0.002,0.002,47.96,0.002,0,0,0.0002,0.0002,0.11,0.0,25.0,21.0,1781033577666137051
1781033577786020443,31,0,8,0,true,0.0881,0.0041,722,8192,0.002,0.002,47.96,0.002,0,0,0.0002,0.0002,0.11,0.0,25.0,21.0,1781033577770304573
1781033577888868453,31,0,8,0,true,0.0886,0.0041,725,8192,0.003,0.003,47.96,0.003,0,0,0.0002,0.0002,0.13,0.0,25.0,21.0,1781033577870962700
1781033577986232451,31,0,8,0,true,0.089,0.0041,729,8192,0.002,0.002,47.96,0.002,0,0,0.0002,0.0002,0.1,0.0,25.0,21.0,1781033577975801517
1781033578086156631,31,0,8,0,true,0.0894,0.004,732,8192,0.003,0.003,47.96,0.003,0,0,0.0002,0.0002,0.13,0.0,25.0,21.0,1781033578074674053
1781033578188873292,31,0,8,0,true,0.0898,0.0041,735,8192,0.003,0.003,47.96,0.003,0,0,0.0002,0.0002,0.12,0.0,25.0,21.0,1781033578166506232
1781033578285999288,31,0,8,0,true,0.0902,0.004,739,8192,0.003,0.003,47.96,0.003,0,0,0.0002,0.0002,0.13,0.0,25.0,21.0,1781033578274592997
1781033578386872854,31,0,8,0,true,0.0906,0.0041,742,8192,0.003,0.003,47.96,0.003,0,0,0.0002,0.0002,0.13,0.0,25.0,21.0,1781033578375978208
1781033578489214494,31,0,8,0,true,0.0911,0.0041,745,8192,0.002,0.002,47.96,0.002,0,0,0.0002,0.0002,0.09,0.0,25.0,21.0,1781033578477809590
1781033578585478308,31,0,8,0,true,0.0915,0.0041,749,8192,0.003,0.003,47.96,0.003,0,0,0.0002,0.0002,0.14,0.0,25.0,21.0,1781033578582002679
1781033578685974685,31,0,8,0,true,0.0919,0.004,752,8192,0.002,0.002,47.96,0.002,0,0,0.0001,0.0001,0.09,0.0,25.0,21.0,1781033578682224655
1781033578790700037,31,0,8,0,true,0.0923,0.0042,756,8192,0.002,0.002,47.96,0.002,0,0,0.0002,0.0002,0.11,0.0,25.0,21.0,1781033578778643961
1781033578892995036,31,0,8,0,true,0.0927,0.004,759,8192,0.003,0.003,47.96,0.003,0,0,0.0002,0.0002,0.13,0.0,25.0,21.0,1781033578890061223
1781033578999869061,31,0,8,0,true,0.0931,0.0041,762,8192,0.003,0.003,47.96,0.003,0,0,0.0002,0.0002,0.14,0.0,25.0,21.0,1781033578976966115
1781033579100315052,31,0,8,0,true,0.0936,0.0041,766,8192,0.003,0.003,47.96,0.003,0,0,0.0002,0.0002,0.13,0.0,25.0,21.0,1781033579096003083
1781033579200558690,31,0,8,0,true,0.0939,0.0041,769,8192,0.003,0.003,47.96,0.003,0,0,0.0002,0.0002,0.12,0.0,25.0,21.0,1781033579179528154
1781033579300520490,31,0,8,0,true,0.0944,0.0042,773,8192,0.003,0.003,47.96,0.003,0,0,0.0002,0.0002,0.13,0.0,25.0,21.0,1781033579287396146
1781033579400292810,31,0,8,0,true,0.0948,0.0041,776,8192,0.003,0.003,47.96,0.003,0,0,0.0002,0.0002,0.12,0.0,25.0,21.0,1781033579388266809
1781033579504863339,31,0,8,0,true,0.0952,0.0041,780,8192,0.003,0.003,47.96,0.003,0,0,0.0002,0.0002,0.13,0.0,25.0,21.0,1781033579493942972
1781033579600962545,31,0,8,0,true,0.0956,0.0041,783,8192,0.002,0.002,47.96,0.002,0,0,0.0002,0.0002,0.11,0.0,25.0,21.0,1781033579585859459
1781033579700758357,31,0,8,0,true,0.096,0.0041,786,8192,0.003,0.003,47.96,0.003,0,0,0.0002,0.0002,0.13,0.0,25.0,21.0,1781033579688600889
1781033579804895116,31,0,8,0,true,0.0965,0.0041,790,8192,0.003,0.003,47.96,0.003,0,0,0.0002,0.0002,0.13,0.0,25.0,21.0,1781033579793190061
1781033579906113244,31,0,8,0,true,0.0968,0.0042,793,8192,0.003,0.003,47.96,0.003,0,0,0.0002,0.0002,0.13,0.0,25.0,21.0,1781033579884563151
1781033580006331853,31,0,8,0,true,0.0973,0.0041,797,8192,0.002,0.002,47.96,0.002,0,0,0.0002,0.0002,0.12,0.0,25.0,21.0,1781033580001091948
1781033580108859262,31,0,8,0,true,0.0977,0.004,800,8192,0.002,0.002,47.96,0.002,0,0,0.0001,0.0001,0.09,0.0,25.0,21.0,1781033580101777285
1781033580206086243,31,0,8,0,true,0.0981,0.0041,803,8192,0.002,0.002,47.96,0.002,0,0,0.0002,0.0002,0.11,0.0,25.0,21.0,1781033580193922021
1781033580306090450,31,0,8,0,true,0.0985,0.0041,806,8192,0.003,0.003,47.96,0.003,0,0,0.0002,0.0002,0.13,0.0,25.0,21.0,1781033580286306610
1781033580408874474,31,0,8,0,true,0.0989,0.0041,810,8192,0.002,0.002,47.96,0.002,0,0,0.0002,0.0002,0.09,0.0,25.0,21.0,1781033580388436156
1781033580512853486,31,0,8,0,true,0.0994,0.0041,813,8192,0.003,0.003,47.96,0.003,0,0,0.0002,0.0002,0.13,0.0,25.0,21.0,1781033580492291054
1781033580616874902,31,0,8,0,true,0.0998,0.0041,817,8192,0.003,0.003,47.96,0.003,0,0,0.0002,0.0002,0.13,0.0,25.0,21.0,1781033580598167616
1781033580714124566,31,0,8,0,true,0.1002,0.0041,820,8192,0.002,0.002,47.96,0.002,0,0,0.0002,0.0002,0.1,0.0,25.0,21.0,1781033580687076592
1781033580816846020,31,0,8,0,true,0.1006,0.0041,823,8192,0.003,0.003,47.96,0.003,0,0,0.0002,0.0002,0.12,0.0,25.0,21.0,1781033580788920591
1781033580916855452,31,0,8,0,true,0.1011,0.0042,827,8192,0.002,0.002,47.95,0.002,0,0,0.0002,0.0002,0.1,0.0,25.0,21.0,1781033580905484096
1781033581013721139,31,0,8,0,true,0.1015,0.0041,831,8192,0.003,0.003,47.95,0.003,0,0,0.0002,0.0002,0.13,0.0,25.0,21.0,1781033581001799659
1781033581114237633,31,0,8,0,true,0.1018,0.0041,834,8192,0.003,0.003,47.95,0.003,0,0,0.0002,0.0002,0.12,0.0,25.0,21.0,1781033581091196514
1781033581214393530,31,0,8,0,true,0.1023,0.0041,837,8192,0.002,0.002,47.95,0.002,0,0,0.0002,0.0002,0.12,0.0,25.0,21.0,1781033581205876529
1781033581315970359,31,0,8,0,true,0.1027,0.0041,841,8192,0.003,0.003,47.95,0.003,0,0,0.0002,0.0002,0.13,0.0,25.0,21.0,1781033581301837764
1781033581416847866,31,0,8,0,true,0.1031,0.0041,844,8192,0.003,0.003,47.95,0.003,0,0,0.0002,0.0002,0.13,0.0,25.0,21.0,1781033581401250218
1781033581513940405,31,0,8,0,true,0.1035,0.0041,847,8192,0.003,0.003,47.95,0.003,0,0,0.0002,0.0002,0.13,0.0,25.0,21.0,1781033581500681896
1781033581616855366,31,0,8,0,true,0.1039,0.0041,851,8192,0.003,0.003,47.95,0.003,0,0,0.0002,0.0002,0.13,0.0,25.0,21.0,1781033581604448388
1781033581714195918,31,0,8,0,true,0.1043,0.0043,854,8192,0.002,0.002,47.95,0.002,0,0,0.0002,0.0002,0.1,0.0,25.0,21.0,1781033581701795664
1781033581815566947,31,0,8,0,true,0.1047,0.0041,857,8192,0.002,0.002,47.95,0.002,0,0,0.0002,0.0002,0.1,0.0,25.0,21.0,1781033581790124749
1781033581913909309,31,0,8,0,true,0.1052,0.0041,861,8192,0.003,0.003,47.95,0.003,0,0,0.0002,0.0002,0.13,0.0,25.0,21.0,1781033581905715708
1781033582016881461,31,0,8,0,true,0.1055,0.004,863,8192,0.003,0.003,47.95,0.003,0,0,0.0002,0.0002,0.13,0.0,25.0,21.0,1781033581972734256
1781033582116853234,31,0,8,0,true,0.106,0.0042,868,8192,0.003,0.003,47.95,0.003,0,0,0.0002,0.0002,0.13,0.0,25.0,21.0,1781033582100938315
1781033582213726491,31,0,8,0,true,0.1064,0.0041,871,8192,0.003,0.003,47.95,0.003,0,0,0.0002,0.0002,0.12,0.0,25.0,21.0,1781033582210960064
1781033582316856494,31,0,8,0,true,0.1068,0.0041,875,8192,0.003,0.003,47.95,0.003,0,0,0.0002,0.0002,0.13,0.0,25.0,21.0,1781033582309368933
1781033582414023531,31,0,8,0,true,0.1073,0.0041,878,8192,0.002,0.002,47.95,0.002,0,0,0.0002,0.0002,0.12,0.0,25.0,21.0,1781033582409949537
1781033582514195192,31,0,8,0,true,0.1076,0.004,881,8192,0.003,0.003,47.95,0.003,0,0,0.0002,0.0002,0.12,0.0,25.0,21.0,1781033582499338804
1781033582614780277,31,0,8,0,true,0.108,0.0041,884,8192,0.003,0.003,47.95,0.003,0,0,0.0002,0.0002,0.13,0.0,25.0,21.0,1781033582590452188
1781033582721049322,31,0,8,0,true,0.1084,0.0041,888,8192,0.002,0.002,47.95,0.002,0,0,0.0002,0.0002,0.1,0.0,25.0,21.0,1781033582696080722
1781033582821625386,31,0,8,0,true,0.1089,0.0041,892,8192,0.003,0.003,47.95,0.003,0,0,0.0002,0.0002,0.12,0.0,25.0,21.0,1781033582816671554
1781033582922058441,31,0,8,0,true,0.1093,0.0041,895,8192,0.003,0.003,47.95,0.003,0,0,0.0002,0.0002,0.13,0.0,25.0,21.0,1781033582913654454
1781033583024966698,31,0,8,0,true,0.1097,0.0041,898,8192,0.003,0.003,47.95,0.003,0,0,0.0002,0.0002,0.12,0.0,25.0,21.0,1781033583007236459
1781033583122023955,31,0,8,0,true,0.1101,0.0041,902,8192,0.003,0.003,47.95,0.003,0,0,0.0002,0.0002,0.13,0.0,25.0,21.0,1781033583111654998
1781033583224885549,31,0,8,0,true,0.1105,0.0041,905,8192,0.002,0.002,47.95,0.002,0,0,0.0002,0.0002,0.12,0.0,25.0,21.0,1781033583209117509
1781033583321340668,31,0,8,0,true,0.111,0.0043,909,8192,0.003,0.003,47.95,0.003,0,0,0.0002,0.0002,0.12,0.0,25.0,21.0,1781033583320606015
1781033583422306014,31,0,8,0,true,0.1113,0.0041,912,8192,0.004,0.004,47.95,0.004,0,0,0.0004,0.0004,0.2,0.0,25.0,21.0,1781033583406208866
1781033583524870102,31,0,8,0,true,0.1117,0.003,915,8192,0.002,0.002,47.95,0.002,0,0,0.0001,0.0001,0.09,0.0,25.0,21.0,1781033583511619709
1781033583622257565,31,0,8,0,true,0.1121,0.0039,918,8192,0.002,0.002,47.95,0.002,0,0,0.0002,0.0002,0.1,0.0,25.0,21.0,1781033583606724493
1781033583724868628,31,0,8,0,true,0.1125,0.0038,921,8192,0.002,0.002,47.95,0.002,0,0,0.0002,0.0002,0.09,0.0,25.0,21.0,1781033583707361058
1781033583821426954,31,0,8,0,true,0.1129,0.0039,924,8192,0.002,0.002,47.95,0.002,0,0,0.0002,0.0002,0.1,0.0,25.0,21.0,1781033583814978526
1781033583924938449,31,0,8,0,true,0.1132,0.0038,927,8192,0.002,0.002,47.95,0.002,0,0,0.0002,0.0002,0.09,0.0,25.0,21.0,1781033583905239119
1781033584024848219,31,0,8,0,true,0.1136,0.0038,930,8192,0.001,0.001,47.95,0.001,0,0,0.0001,0.0001,0.06,0.0,25.0,21.0,1781033584011084195
1781033584122032068,31,0,8,0,true,0.114,0.0039,933,8192,0.002,0.002,47.95,0.002,0,0,0.0002,0.0002,0.11,0.0,25.0,21.0,1781033584108126162
1781033584224935957,31,0,8,0,true,0.1144,0.0038,937,8192,0.002,0.002,47.95,0.002,0,0,0.0002,0.0002,0.1,0.0,25.0,21.0,1781033584203679252
1781033584321920397,31,0,8,0,true,0.1148,0.0038,940,8192,0.002,0.002,47.95,0.002,0,0,0.0002,0.0002,0.09,0.0,25.0,21.0,1781033584309449307
1781033584424866430,31,0,8,0,true,0.1152,0.0038,943,8192,0.002,0.002,47.95,0.002,0,0,0.0002,0.0002,0.09,0.0,25.0,21.0,1781033584407176570
1781033584521379927,31,0,8,0,true,0.1156,0.0038,946,8192,0.001,0.001,47.95,0.001,0,0,0.0001,0.0001,0.04,0.0,25.0,21.0,1781033584518015085
1781033584625337758,31,0,8,0,true,0.1159,0.0038,949,8192,0.001,0.001,47.95,0.001,0,0,0.0001,0.0001,0.07,0.0,25.0,21.0,1781033584609266141
1781033584728866175,31,0,8,0,true,0.1163,0.0038,952,8192,0.002,0.002,47.95,0.002,0,0,0.0002,0.0002,0.1,0.0,25.0,21.0,1781033584708867349
1781033584829849430,31,0,8,0,true,0.1167,0.0038,955,8192,0.002,0.002,47.95,0.002,0,0,0.0002,0.0002,0.1,0.0,25.0,21.0,1781033584803114366
1781033584932868591,31,0,8,0,true,0.1171,0.004,959,8192,0.002,0.002,47.95,0.002,0,0,0.0002,0.0002,0.1,0.0,25.0,21.0,1781033584913002568
1781033585029955797,31,0,8,0,true,0.1175,0.0038,962,8192,0.002,0.002,47.95,0.002,0,0,0.0002,0.0002,0.09,0.0,25.0,21.0,1781033585006201474
1781033585129634917,31,0,8,0,true,0.1178,0.0039,965,8192,0.002,0.002,47.95,0.002,0,0,0.0002,0.0002,0.1,0.0,25.0,21.0,1781033585102837736
1781033585229401610,31,0,8,0,true,0.1183,0.0039,968,8192,0.002,0.002,47.95,0.002,0,0,0.0002,0.0002,0.1,0.0,25.0,21.0,1781033585220121343
1781033585332868405,31,0,8,0,true,0.1187,0.0038,971,8192,0.002,0.002,47.95,0.002,0,0,0.0002,0.0002,0.1,0.0,25.0,21.0,1781033585314743524
1781033585430351490,31,0,8,0,true,0.119,0.0038,975,8192,0.002,0.002,47.95,0.002,0,0,0.0002,0.0002,0.1,0.0,25.0,21.0,1781033585410194610
1781033585531568890,31,0,8,0,true,0.1194,0.0038,978,8192,0.002,0.002,47.95,0.002,0,0,0.0002,0.0002,0.09,0.0,25.0,21.0,1781033585512838886
1781033585629647107,31,0,8,0,true,0.1199,0.0038,981,8192,0.002,0.002,47.95,0.002,0,0,0.0002,0.0002,0.11,0.0,25.0,21.0,1781033585627008634
1781033585736866579,31,0,8,0,true,0.1202,0.0038,984,8192,0.002,0.002,47.95,0.002,0,0,0.0002,0.0002,0.1,0.0,25.0,21.0,1781033585719239062
1781033585839351533,31,0,8,0,true,0.1206,0.0038,987,8192,0.002,0.002,47.95,0.002,0,0,0.0001,0.0001,0.08,0.0,25.0,21.0,1781033585816224124
1781033585938324812,31,0,8,0,true,0.121,0.0038,991,8192,0.001,0.001,47.95,0.001,0,0,0.0001,0.0001,0.06,0.0,25.0,21.0,1781033585931604330
1781033586037756639,31,0,8,0,true,0.1214,0.0039,994,8192,0.002,0.002,47.95,0.002,0,0,0.0002,0.0002,0.09,0.0,25.0,21.0,1781033586029544282
1781033586138385995,31,0,8,0,true,0.1218,0.0038,997,8192,0.001,0.001,47.95,0.001,0,0,0.0001,0.0001,0.04,0.0,25.0,21.0,1781033586133684397
1781033586245001118,31,0,8,0,true,0.1222,0.004,1000,8192,0.002,0.002,47.95,0.002,0,0,0.0002,0.0002,0.1,0.0,25.0,21.0,1781033586230307427
1781033586346155737,31,0,8,0,true,0.1226,0.0039,1004,8192,0.002,0.002,47.95,0.002,0,0,0.0002,0.0002,0.1,0.0,25.0,21.0,1781033586330418713
1781033586448873718,31,0,8,0,true,0.1229,0.0038,1007,8192,0.002,0.002,47.95,0.002,0,0,0.0002,0.0002,0.09,0.0,25.0,21.0,1781033586426598975
1781033586548843648,31,0,8,0,true,0.1234,0.0038,1010,8192,0.002,0.002,47.95,0.002,0,0,0.0002,0.0002,0.11,0.0,25.0,21.0,1781033586538470937
1781033586645726943,31,0,8,0,true,0.1238,0.0038,1013,8192,0.001,0.001,47.95,0.001,0,0,0.0001,0.0001,0.07,0.0,25.0,21.0,1781033586645418699
1781033586746067384,31,0,8,0,true,0.1241,0.0038,1016,8192,0.002,0.002,47.95,0.002,0,0,0.0002,0.0002,0.09,0.0,25.0,21.0,1781033586720812172
1781033586846095234,31,0,8,0,true,0.1245,0.0039,1019,8192,0.002,0.002,47.95,0.002,0,0,0.0002,0.0002,0.11,0.0,25.0,21.0,1781033586827460548
1781033586945871739,31,0,8,0,true,0.1249,0.0038,1023,8192,0.002,0.002,47.95,0.002,0,0,0.0002,0.0002,0.09,0.0,25.0,21.0,1781033586935859957
1781033587046264730,31,0,8,0,true,0.1252,0.0038,1025,8192,0.002,0.002,47.95,0.002,0,0,0.0002,0.0002,0.09,0.0,25.0,21.0,1781033587020916498
1781033587146862990,31,0,8,0,true,0.1256,0.0038,1029,8192,0.002,0.002,47.95,0.002,0,0,0.0002,0.0002,0.1,0.0,25.0,21.0,1781033587129440934
1781033587245777553,31,0,8,0,true,0.126,0.0038,1032,8192,0.002,0.002,47.95,0.002,0,0,0.0002,0.0002,0.11,0.0,25.0,21.0,1781033587233379207
1781033587345704759,31,0,8,0,true,0.1265,0.0038,1035,8192,0.002,0.002,47.95,0.002,0,0,0.0002,0.0002,0.09,0.0,25.0,21.0,1781033587340179662
1781033587446233341,31,0,8,0,true,0.1268,0.0038,1038,8192,0.002,0.002,47.95,0.002,0,0,0.0001,0.0001,0.07,0.0,25.0,21.0,1781033587427160225
1781033587548880331,31,0,8,0,true,0.1272,0.0038,1041,8192,0.002,0.002,47.95,0.002,0,0,0.0002,0.0002,0.09,0.0,25.0,21.0,1781033587530045921
1781033587645712225,31,0,8,0,true,0.1276,0.0038,1045,8192,0.002,0.002,47.95,0.002,0,0,0.0002,0.0002,0.09,0.0,25.0,21.0,1781033587633323375
1781033587746479702,31,0,8,0,true,0.1279,0.0039,1048,8192,0.002,0.002,47.95,0.002,0,0,0.0002,0.0002,0.1,0.0,25.0,21.0,1781033587729967615
1781033587848856398,31,0,8,0,true,0.1284,0.0038,1051,8192,0.002,0.002,47.95,0.002,0,0,0.0001,0.0001,0.08,0.0,25.0,21.0,1781033587835947447
1781033587945554171,31,0,8,0,true,0.1287,0.0038,1054,8192,0.002,0.002,47.95,0.002,0,0,0.0002,0.0002,0.1,0.0,25.0,21.0,1781033587930677980
1781033588048856466,31,0,8,0,true,0.1291,0.0038,1057,8192,0.002,0.002,47.95,0.002,0,0,0.0002,0.0002,0.09,0.0,25.0,21.0,1781033588036303359
1781033588148867294,31,0,8,0,true,0.1295,0.0038,1060,8192,0.002,0.002,47.95,0.002,0,0,0.0001,0.0001,0.08,0.0,25.0,21.0,1781033588132697060
1781033588252868839,31,0,8,0,true,0.1299,0.0039,1064,8192,0.002,0.002,47.95,0.002,0,0,0.0002,0.0002,0.09,0.0,25.0,21.0,1781033588241872219
1781033588356863843,31,0,8,0,true,0.1303,0.0039,1067,8192,0.002,0.002,47.95,0.002,0,0,0.0002,0.0002,0.11,0.0,25.0,21.0,1781033588344830052
1781033588454398024,31,0,8,0,true,0.1306,0.0038,1070,8192,0.002,0.002,47.95,0.002,0,0,0.0002,0.0002,0.11,0.0,25.0,21.0,1781033588433239994
1781033588553991242,31,0,8,0,true,0.1311,0.0038,1073,8192,0.002,0.002,47.95,0.002,0,0,0.0001,0.0001,0.08,0.0,25.0,21.0,1781033588545673359
1781033588654059903,31,0,8,0,true,0.1314,0.0038,1076,8192,0.002,0.002,47.95,0.002,0,0,0.0001,0.0001,0.09,0.0,25.0,21.0,1781033588635013302
1781033588753700776,31,0,8,0,true,0.1318,0.0038,1079,8192,0.002,0.002,47.95,0.002,0,0,0.0002,0.0002,0.09,0.0,25.0,21.0,1781033588735660211
1781033588854418798,31,0,8,0,true,0.1322,0.0039,1083,8192,0.002,0.002,47.95,0.002,0,0,0.0002,0.0002,0.09,0.0,25.0,21.0,1781033588844498810
1781033588953931359,31,0,8,0,true,0.1326,0.0038,1086,8192,0.002,0.002,47.95,0.002,0,0,0.0001,0.0001,0.08,0.0,25.0,21.0,1781033588939611569
1781033589056161138,31,0,8,0,true,0.133,0.0038,1089,8192,0.002,0.002,47.95,0.002,0,0,0.0001,0.0001,0.08,0.0,25.0,21.0,1781033589043088520
1781033589154455791,31,0,8,0,true,0.1334,0.0038,1092,8192,0.002,0.002,47.95,0.002,0,0,0.0001,0.0001,0.08,0.0,25.0,21.0,1781033589149475588
1781033589264357641,31,0,8,0,true,0.1338,0.0039,1095,8192,0.002,0.002,47.95,0.002,0,0,0.0002,0.0002,0.09,0.0,25.0,21.0,1781033589242033844
1781033589366381189,31,0,8,0,true,0.1342,0.0038,1099,8192,0.001,0.001,47.95,0.001,0,0,0.0001,0.0001,0.04,0.0,25.0,21.0,1781033589357256583
1781033589468872058,31,0,8,0,true,0.1346,0.0038,1102,8192,0.002,0.002,47.95,0.002,0,0,0.0002,0.0002,0.09,0.0,25.0,21.0,1781033589451840288
1781033589565600764,31,0,8,0,true,0.1349,0.0038,1105,8192,0.002,0.002,47.95,0.002,0,0,0.0001,0.0001,0.08,0.0,25.0,21.0,1781033589541750945
1781033589665606095,31,0,8,0,true,0.1353,0.004,1108,8192,0.002,0.002,47.95,0.002,0,0,0.0002,0.0002,0.1,0.0,25.0,21.0,1781033589645504167
1781033589768862006,31,0,8,0,true,0.1357,0.0039,1111,8192,0.002,0.002,47.95,0.002,0,0,0.0002,0.0002,0.1,0.0,25.0,21.0,1781033589751226999
1781033589865592766,31,0,8,0,true,0.1361,0.0038,1115,8192,0.002,0.002,47.95,0.002,0,0,0.0001,0.0001,0.08,0.0,25.0,21.0,1781033589851629947
1781033589966052851,31,0,8,0,true,0.1365,0.0038,1118,8192,0.002,0.002,47.95,0.002,0,0,0.0002,0.0002,0.09,0.0,25.0,21.0,1781033589951124212
1781033590065557153,31,0,8,0,true,0.1369,0.0038,1121,8192,0.002,0.002,47.95,0.002,0,0,0.0002,0.0002,0.09,0.0,25.0,21.0,1781033590057086211
1781033590167694584,31,0,8,0,true,0.1373,0.0039,1124,8192,0.002,0.002,47.95,0.002,0,0,0.0002,0.0002,0.11,0.0,25.0,21.0,1781033590149750215
1781033590265784909,31,0,8,0,true,0.1377,0.0039,1128,8192,0.002,0.002,47.95,0.002,0,0,0.0002,0.0002,0.1,0.0,25.0,21.0,1781033590263015512
1781033590366199587,31,0,8,0,true,0.138,0.0038,1130,8192,0.002,0.002,47.95,0.002,0,0,0.0002,0.0002,0.09,0.0,25.0,21.0,1781033590351792359
1781033590465312541,31,0,8,0,true,0.1384,0.0038,1133,8192,0.002,0.002,47.95,0.002,0,0,0.0001,0.0001,0.08,0.0,25.0,21.0,1781033590445852549
1781033590565619756,31,0,8,0,true,0.1388,0.0039,1137,8192,0.002,0.002,47.95,0.002,0,0,0.0002,0.0002,0.1,0.0,25.0,21.0,1781033590561184311
1781033590666268795,31,0,8,0,true,0.1391,0.0038,1139,8192,0.002,0.002,47.95,0.002,0,0,0.0002,0.0002,0.09,0.0,25.0,21.0,1781033590624336212
1781033590765770774,31,0,8,0,true,0.1396,0.0039,1143,8192,0.002,0.002,47.95,0.002,0,0,0.0002,0.0002,0.12,0.0,25.0,21.0,1781033590749993564
1781033590867302806,31,0,8,0,true,0.1399,0.0039,1145,8192,0.002,0.002,47.95,0.002,0,0,0.0002,0.0002,0.1,0.0,25.0,21.0,1781033590829894378
1781033590965895841,31,0,8,0,true,0.1404,0.0038,1149,8192,0.002,0.002,47.95,0.002,0,0,0.0002,0.0002,0.09,0.0,25.0,21.0,1781033590954549646
1781033591065475270,31,0,8,0,true,0.1408,0.0038,1153,8192,0.002,0.002,47.95,0.002,0,0,0.0001,0.0001,0.08,0.0,25.0,21.0,1781033591060313616
1781033591166289267,31,0,8,0,true,0.1412,0.0038,1156,8192,0.002,0.002,47.95,0.002,0,0,0.0002,0.0002,0.09,0.0,25.0,21.0,1781033591160378861
1781033591265981774,31,0,8,0,true,0.1415,0.0038,1159,8192,0.002,0.002,47.95,0.002,0,0,0.0002,0.0002,0.11,0.0,25.0,21.0,1781033591256568934
1781033591365615122,31,0,8,0,true,0.1418,0.0038,1161,8192,0.001,0.001,47.95,0.001,0,0,0.0001,0.0001,0.05,0.0,25.0,21.0,1781033591337109756
1781033591467901052,31,0,8,0,true,0.1423,0.0038,1165,8192,0.002,0.002,47.95,0.002,0,0,0.0001,0.0001,0.08,0.0,25.0,21.0,1781033591456714914
1781033591568850744,31,0,8,0,true,0.1427,0.0038,1168,8192,0.002,0.002,47.95,0.002,0,0,0.0002,0.0002,0.09,0.0,25.0,21.0,1781033591559915191
1781033591666283178,31,0,8,0,true,0.1431,0.004,1172,8192,0.002,0.002,47.95,0.002,0,0,0.0002,0.0002,0.11,0.0,25.0,21.0,1781033591661018771
1781033591765332109,31,0,8,0,true,0.1435,0.0039,1175,8192,0.002,0.002,47.95,0.002,0,0,0.0002,0.0002,0.1,0.0,25.0,21.0,1781033591761569307
1781033591866183586,31,0,8,0,true,0.1438,0.0038,1177,8192,0.002,0.002,47.95,0.002,0,0,0.0001,0.0001,0.08,0.0,25.0,21.0,1781033591836483269
1781033591966371838,31,0,8,0,true,0.1442,0.0038,1181,8192,0.002,0.002,47.95,0.002,0,0,0.0002,0.0002,0.09,0.0,25.0,21.0,1781033591960901746
1781033592068056352,31,0,8,0,true,0.1446,0.0039,1184,8192,0.002,0.002,47.95,0.002,0,0,0.0002,0.0002,0.09,0.0,25.0,21.0,1781033592050168917
1781033592168881548,31,0,8,0,true,0.145,0.0038,1187,8192,0.001,0.001,47.95,0.001,0,0,0.0001,0.0001,0.04,0.0,25.0,21.0,1781033592154659520
1781033592266362873,31,0,8,0,true,0.1454,0.0039,1191,8192,0.002,0.002,47.95,0.002,0,0,0.0002,0.0002,0.11,0.0,25.0,21.0,1781033592263986649
1781033592366231368,31,0,8,0,true,0.1458,0.0038,1194,8192,0.002,0.002,47.95,0.002,0,0,0.0001,0.0001,0.08,0.0,25.0,21.0,1781033592360795959
1781033592466202714,31,0,8,0,true,0.1461,0.0039,1196,8192,0.002,0.002,47.95,0.002,0,0,0.0002,0.0002,0.12,0.0,25.0,21.0,1781033592449985018
1781033592569981937,31,0,8,0,true,0.1465,0.0038,1199,8192,0.002,0.002,47.95,0.002,0,0,0.0001,0.0001,0.08,0.0,25.0,21.0,1781033592542802954
1781033592670960614,31,0,8,0,true,0.1468,0.0038,1202,8192,0.002,0.002,47.95,0.002,0,0,0.0002,0.0002,0.09,0.0,25.0,21.0,1781033592637905868
1781033592770835913,31,0,8,0,true,0.1473,0.0038,1206,8192,0.002,0.002,47.95,0.002,0,0,0.0002,0.0002,0.1,0.0,25.0,21.0,1781033592759042596
1781033592876898542,31,0,8,0,true,0.1477,0.0038,1209,8192,0.001,0.001,47.95,0.001,0,0,0.0001,0.0001,0.05,0.0,25.0,21.0,1781033592861311302
1781033592981002631,31,0,8,0,true,0.148,0.0039,1212,8192,0.002,0.002,47.95,0.002,0,0,0.0002,0.0002,0.1,0.0,25.0,21.0,1781033592949375998
1781033593077441640,31,0,8,0,true,0.1485,0.0038,1216,8192,0.002,0.002,47.95,0.002,0,0,0.0002,0.0002,0.09,0.0,25.0,21.0,1781033593064893779
1781033593177456718,31,0,8,0,true,0.1488,0.0038,1219,8192,0.002,0.002,47.95,0.002,0,0,0.0001,0.0001,0.08,0.0,25.0,21.0,1781033593161973699
1781033593281077310,31,0,8,0,true,0.1492,0.0038,1222,8192,0.002,0.002,47.95,0.002,0,0,0.0002,0.0002,0.09,0.0,25.0,21.0,1781033593251919905
1781033593378151011,31,0,8,0,true,0.1496,0.0038,1225,8192,0.001,0.001,47.95,0.001,0,0,0.0001,0.0001,0.07,0.0,25.0,21.0,1781033593354716166
1781033593477680906,31,0,8,0,true,0.15,0.0038,1228,8192,0.002,0.002,47.95,0.002,0,0,0.0002,0.0002,0.1,0.0,25.0,21.0,1781033593463745457
1781033593578103758,31,0,8,0,true,0.1503,0.0038,1231,8192,0.002,0.002,47.95,0.002,0,0,0.0001,0.0001,0.08,0.0,25.0,21.0,1781033593548358117
1781033593678817813,31,0,8,0,true,0.1508,0.0038,1235,8192,0.001,0.001,47.95,0.001,0,0,0.0001,0.0001,0.06,0.0,25.0,21.0,1781033593661361953
1781033593781036027,31,0,8,0,true,0.1511,0.0038,1238,8192,0.001,0.001,47.95,0.001,0,0,0.0001,0.0001,0.05,0.0,25.0,21.0,1781033593754871733
1781033593884999248,31,0,8,0,true,0.1516,0.0039,1241,8192,0.002,0.002,47.95,0.002,0,0,0.0002,0.0002,0.09,0.0,25.0,21.0,1781033593873894930
1781033593987087080,31,0,8,0,true,0.152,0.0039,1244,8192,0.002,0.002,47.95,0.002,0,0,0.0002,0.0002,0.12,0.0,25.0,21.0,1781033593975035760
1781033594086396471,31,0,8,0,true,0.1523,0.0038,1247,8192,0.002,0.002,47.95,0.002,0,0,0.0001,0.0001,0.08,0.0,25.0,21.0,1781033594057211497
1781033594185717853,31,0,8,0,true,0.1528,0.0038,1251,8192,0.002,0.002,47.95,0.002,0,0,0.0002,0.0002,0.09,0.0,25.0,21.0,1781033594184234134
1781033594285756160,31,0,8,0,true,0.1532,0.0039,1254,8192,0.002,0.002,47.95,0.002,0,0,0.0002,0.0002,0.1,0.0,25.0,21.0,1781033594283844231
1781033594386994907,31,0,8,0,true,0.1535,0.0038,1257,8192,0.002,0.002,47.95,0.002,0,0,0.0002,0.0002,0.1,0.0,25.0,21.0,1781033594379286350
1781033594487696863,31,0,8,0,true,0.1539,0.0038,1260,8192,0.002,0.002,47.95,0.002,0,0,0.0001,0.0001,0.09,0.0,25.0,21.0,1781033594464050756
1781033594588881685,31,0,8,0,true,0.1542,0.0039,1263,8192,0.002,0.002,47.95,0.002,0,0,0.0002,0.0002,0.11,0.0,25.0,21.0,1781033594561199278
1781033594686039096,31,0,8,0,true,0.1546,0.0038,1266,8192,0.002,0.002,47.95,0.002,0,0,0.0001,0.0001,0.09,0.0,25.0,21.0,1781033594662613505
1781033594788847778,31,0,8,0,true,0.155,0.0038,1270,8192,0.001,0.001,47.95,0.001,0,0,0.0001,0.0001,0.07,0.0,25.0,21.0,1781033594774260789
1781033594888878903,31,0,8,0,true,0.1554,0.0039,1273,8192,0.002,0.002,47.95,0.002,0,0,0.0001,0.0001,0.09,0.0,25.0,21.0,1781033594879932274
1781033594986424552,31,0,8,0,true,0.1557,0.0038,1275,8192,0.002,0.002,47.95,0.002,0,0,0.0002,0.0002,0.1,0.0,25.0,21.0,1781033594954874515
1781033595088858769,31,0,8,0,true,0.1562,0.0038,1279,8192,0.002,0.002,47.95,0.002,0,0,0.0002,0.0002,0.09,0.0,25.0,21.0,1781033595063885329
1781033595185697266,31,0,8,0,true,0.1566,0.0038,1283,8192,0.002,0.002,47.95,0.002,0,0,0.0002,0.0002,0.11,0.0,25.0,21.0,1781033595184624896
1781033595288838280,31,0,8,0,true,0.157,0.0038,1285,8192,0.002,0.002,47.95,0.002,0,0,0.0002,0.0002,0.09,0.0,25.0,21.0,1781033595273739422
1781033595385628513,31,0,8,0,true,0.1574,0.0038,1289,8192,0.002,0.002,47.95,0.002,0,0,0.0002,0.0002,0.1,0.0,25.0,21.0,1781033595384194358
1781033595488865292,31,0,8,0,true,0.1577,0.0038,1292,8192,0.002,0.002,47.95,0.002,0,0,0.0002,0.0002,0.09,0.0,25.0,21.0,1781033595471765077
1781033595588844391,31,0,8,0,true,0.1581,0.0039,1294,8192,0.002,0.002,47.95,0.002,0,0,0.0002,0.0002,0.1,0.0,25.0,21.0,1781033595564052950
1781033595685627630,31,0,8,0,true,0.1585,0.0038,1298,8192,0.002,0.002,47.95,0.002,0,0,0.0002,0.0002,0.09,0.0,25.0,21.0,1781033595665361226
1781033595788830466,31,0,8,0,true,0.1589,0.0038,1301,8192,0.002,0.002,47.95,0.002,0,0,0.0002,0.0002,0.09,0.0,25.0,21.0,1781033595781603187
1781033595886148736,31,0,8,0,true,0.1593,0.0038,1304,8192,0.002,0.002,47.95,0.002,0,0,0.0001,0.0001,0.08,0.0,25.0,21.0,1781033595876586972
1781033595985307177,31,0,8,0,true,0.1596,0.0038,1307,8192,0.002,0.002,47.95,0.002,0,0,0.0001,0.0001,0.08,0.0,25.0,21.0,1781033595962527847
1781033596086253771,31,0,8,0,true,0.16,0.0038,1310,8192,0.002,0.002,47.95,0.002,0,0,0.0002,0.0002,0.1,0.0,25.0,21.0,1781033596064840141
1781033596186046883,31,0,8,0,true,0.1605,0.0038,1314,8192,0.002,0.002,47.95,0.002,0,0,0.0001,0.0001,0.08,0.0,25.0,21.0,1781033596181482670
1781033596288964624,31,0,8,0,true,0.1608,0.0039,1317,8192,0.002,0.002,47.95,0.002,0,0,0.0002,0.0002,0.11,0.0,25.0,21.0,1781033596268659944
1781033596386885597,31,0,8,0,true,0.1612,0.0038,1320,8192,0.002,0.002,47.95,0.002,0,0,0.0002,0.0002,0.09,0.0,25.0,21.0,1781033596369846016
1781033596485770202,31,0,8,0,true,0.1616,0.0039,1323,8192,0.002,0.002,47.95,0.002,0,0,0.0002,0.0002,0.11,0.0,25.0,21.0,1781033596479068418
1781033596586374652,31,0,8,0,true,0.162,0.0039,1326,8192,0.002,0.002,47.95,0.002,0,0,0.0001,0.0001,0.08,0.0,25.0,21.0,1781033596576047359
1781033596685982283,31,0,8,0,true,0.1623,0.0038,1329,8192,0.002,0.002,47.95,0.002,0,0,0.0002,0.0002,0.11,0.0,25.0,21.0,1781033596670918454
1781033596788869756,31,0,8,0,true,0.1627,0.0039,1332,8192,0.002,0.002,47.95,0.002,0,0,0.0002,0.0002,0.11,0.0,25.0,21.0,1781033596764015622
1781033596887316977,31,0,8,0,true,0.1631,0.0038,1336,8192,0.002,0.002,47.95,0.002,0,0,0.0002,0.0002,0.09,0.0,25.0,21.0,1781033596875442045
1781033596988872174,31,0,8,0,true,0.1635,0.0038,1339,8192,0.002,0.002,47.95,0.002,0,0,0.0001,0.0001,0.08,0.0,25.0,21.0,1781033596962357160
1781033597086068288,31,0,8,0,true,0.1639,0.0038,1342,8192,0.002,0.002,47.95,0.002,0,0,0.0002,0.0002,0.1,0.0,25.0,21.0,1781033597067197966
1781033597186351972,31,0,8,0,true,0.1642,0.0039,1345,8192,0.002,0.002,47.95,0.002,0,0,0.0002,0.0002,0.1,0.0,25.0,21.0,1781033597162586491
1781033597285365631,31,0,8,0,true,0.1646,0.0038,1348,8192,0.002,0.002,47.95,0.002,0,0,0.0001,0.0001,0.09,0.0,25.0,21.0,1781033597266148452
1781033597385449663,31,0,8,0,true,0.165,0.0038,1351,8192,0.002,0.002,47.95,0.002,0,0,0.0002,0.0002,0.09,0.0,25.0,21.0,1781033597364258153
1781033597485874113,31,0,8,0,true,0.1655,0.0039,1355,8192,0.002,0.002,47.95,0.002,0,0,0.0002,0.0002,0.11,0.0,25.0,21.0,1781033597479022850
1781033597585419440,31,0,8,0,true,0.1658,0.0039,1358,8192,0.002,0.002,47.95,0.002,0,0,0.0002,0.0002,0.1,0.0,25.0,21.0,1781033597582302391
1781033597686084294,31,0,8,0,true,0.1662,0.0038,1361,8192,0.002,0.002,47.95,0.002,0,0,0.0002,0.0002,0.1,0.0,25.0,21.0,1781033597675700998
1781033597787086774,31,0,8,0,true,0.1666,0.0039,1365,8192,0.002,0.002,47.95,0.002,0,0,0.0001,0.0001,0.08,0.0,25.0,21.0,1781033597786303142
1781033597885814954,31,0,8,0,true,0.167,0.0038,1368,8192,0.002,0.002,47.95,0.002,0,0,0.0002,0.0002,0.09,0.0,25.0,21.0,1781033597881708776
1781033597987195055,31,0,8,0,true,0.1673,0.0038,1370,8192,0.002,0.002,47.95,0.002,0,0,0.0002,0.0002,0.1,0.0,25.0,21.0,1781033597957153133
1781033598086158655,31,0,8,0,true,0.1678,0.0038,1374,8192,0.002,0.002,47.95,0.002,0,0,0.0001,0.0001,0.07,0.0,25.0,21.0,1781033598080863476
1781033598188846092,31,0,8,0,true,0.1681,0.0038,1377,8192,0.001,0.001,47.95,0.001,0,0,0.0001,0.0001,0.06,0.0,25.0,21.0,1781033598179993662
1781033598285356915,31,0,8,0,true,0.1685,0.0039,1380,8192,0.002,0.002,47.95,0.002,0,0,0.0002,0.0002,0.1,0.0,25.0,21.0,1781033598271470958
1781033598386093246,31,0,8,0,true,0.1689,0.0038,1383,8192,0.002,0.002,47.95,0.002,0,0,0.0001,0.0001,0.09,0.0,25.0,21.0,1781033598374702660
1781033598488884877,31,0,8,0,true,0.1693,0.0039,1386,8192,0.002,0.002,47.95,0.002,0,0,0.0002,0.0002,0.11,0.0,25.0,21.0,1781033598474526410
1781033598586294056,31,0,8,0,true,0.1697,0.0039,1390,8192,0.002,0.002,47.95,0.002,0,0,0.0002,0.0002,0.11,0.0,25.0,21.0,1781033598582122848
1781033598685460242,31,0,8,0,true,0.17,0.0038,1392,8192,0.002,0.002,47.95,0.002,0,0,0.0002,0.0002,0.1,0.0,25.0,21.0,1781033598668854240
1781033598786270807,31,0,8,0,true,0.1705,0.004,1396,8192,0.002,0.002,47.95,0.002,0,0,0.0002,0.0002,0.1,0.0,25.0,21.0,1781033598782369199
1781033598892880224,31,0,8,0,true,0.1708,0.0039,1399,8192,0.002,0.002,47.95,0.002,0,0,0.0002,0.0002,0.1,0.0,25.0,21.0,1781033598881980772
1781033598994087379,31,0,8,0,true,0.1712,0.0038,1402,8192,0.002,0.002,47.95,0.002,0,0,0.0001,0.0001,0.08,0.0,25.0,21.0,1781033598976753661
1781033599094172184,31,0,8,0,true,0.1716,0.0039,1405,8192,0.002,0.002,47.95,0.002,0,0,0.0002,0.0002,0.11,0.0,25.0,21.0,1781033599069052105
1781033599193824513,31,0,8,0,true,0.172,0.0038,1408,8192,0.001,0.001,47.95,0.001,0,0,0.0001,0.0001,0.07,0.0,25.0,21.0,1781033599173528011
1781033599296849404,31,0,8,0,true,0.1724,0.004,1412,8192,0.002,0.002,47.95,0.002,0,0,0.0002,0.0002,0.11,0.0,25.0,21.0,1781033599284181191
1781033599394159844,31,0,8,0,true,0.1728,0.0039,1415,8192,0.002,0.002,47.95,0.002,0,0,0.0002,0.0002,0.09,0.0,25.0,21.0,1781033599392438078
1781033599493676850,31,0,8,0,true,0.1731,0.0039,1418,8192,0.002,0.002,47.95,0.002,0,0,0.0002,0.0002,0.11,0.0,25.0,21.0,1781033599473437905
1781033599594025365,31,0,8,0,true,0.1736,0.0038,1421,8192,0.002,0.002,47.95,0.002,0,0,0.0002,0.0002,0.1,0.0,25.0,21.0,1781033599590464416
1781033599696850582,31,0,8,0,true,0.1739,0.004,1424,8192,0.002,0.002,47.95,0.002,0,0,0.0002,0.0002,0.11,0.0,25.0,21.0,1781033599676605302
1781033599793748985,31,0,8,0,true,0.1743,0.0039,1427,8192,0.002,0.002,47.95,0.002,0,0,0.0002,0.0002,0.1,0.0,25.0,21.0,1781033599782604769
1781033599893757741,31,0,8,0,true,0.1747,0.0039,1431,8192,0.002,0.002,47.95,0.002,0,0,0.0002,0.0002,0.09,0.0,25.0,21.0,1781033599890323820
1781033599993423999,31,0,8,0,true,0.1751,0.0038,1434,8192,0.002,0.002,47.95,0.002,0,0,0.0001,0.0001,0.08,0.0,25.0,21.0,1781033599984933906
1781033600093679145,31,0,8,0,true,0.1755,0.0038,1437,8192,0.002,0.002,47.95,0.002,0,0,0.0002,0.0002,0.1,0.0,25.0,21.0,1781033600091229716
1781033600193543928,31,0,8,0,true,0.1758,0.0038,1440,8192,0.002,0.002,47.95,0.002,0,0,0.0001,0.0001,0.08,0.0,25.0,21.0,1781033600176968448
1781033600294081824,31,0,8,0,true,0.1763,0.0038,1443,8192,0.001,0.001,47.95,0.001,0,0,0.0001,0.0001,0.06,0.0,25.0,21.0,1781033600289896655
1781033600395739472,31,0,8,0,true,0.1766,0.0039,1446,8192,0.002,0.002,47.95,0.002,0,0,0.0002,0.0002,0.1,0.0,25.0,21.0,1781033600382833929
1781033600493777682,31,0,8,0,true,0.177,0.004,1450,8192,0.002,0.002,47.95,0.002,0,0,0.0002,0.0002,0.1,0.0,25.0,21.0,1781033600480031977
1781033600593898317,31,0,8,0,true,0.1774,0.0039,1453,8192,0.002,0.002,47.95,0.002,0,0,0.0002,0.0002,0.11,0.0,25.0,21.0,1781033600584665728
1781033600693496512,31,0,8,0,true,0.1778,0.0038,1456,8192,0.002,0.002,47.95,0.002,0,0,0.0002,0.0002,0.11,0.0,25.0,21.0,1781033600680060140
1781033600793575312,31,0,8,0,true,0.1782,0.0039,1459,8192,0.002,0.002,47.95,0.002,0,0,0.0002,0.0002,0.12,0.0,25.0,21.0,1781033600780893945
1781033600893765004,31,0,8,0,true,0.1786,0.0038,1462,8192,0.001,0.001,47.95,0.001,0,0,0.0001,0.0001,0.04,0.0,25.0,21.0,1781033600891782568
1781033600994379099,31,0,8,0,true,0.179,0.0038,1466,8192,0.001,0.001,47.95,0.001,0,0,0.0001,0.0001,0.07,0.0,25.0,21.0,1781033600993585017
1781033601093941906,31,0,8,0,true,0.1793,0.0038,1469,8192,0.002,0.002,47.95,0.002,0,0,0.0002,0.0002,0.09,0.0,25.0,21.0,1781033601083594349
1781033601194460843,31,0,8,0,true,0.1797,0.004,1472,8192,0.002,0.002,47.95,0.002,0,0,0.0002,0.0002,0.11,0.0,25.0,21.0,1781033601187433815
1781033601294261273,31,0,8,0,true,0.1801,0.0038,1475,8192,0.002,0.002,47.95,0.002,0,0,0.0001,0.0001,0.08,0.0,25.0,21.0,1781033601290122531
1781033601393918972,31,0,8,0,true,0.1805,0.0039,1478,8192,0.002,0.002,47.95,0.002,0,0,0.0002,0.0002,0.1,0.0,25.0,21.0,1781033601380530754
1781033601496918501,31,0,8,0,true,0.1809,0.0039,1481,8192,0.002,0.002,47.95,0.002,0,0,0.0002,0.0002,0.11,0.0,25.0,21.0,1781033601488519810
1781033601593626550,31,0,8,0,true,0.1812,0.0038,1484,8192,0.002,0.002,47.95,0.002,0,0,0.0001,0.0001,0.07,0.0,25.0,21.0,1781033601577564324
1781033601693558896,31,0,8,0,true,0.1816,0.0039,1487,8192,0.002,0.002,47.95,0.002,0,0,0.0002,0.0002,0.12,0.0,25.0,21.0,1781033601680603568
1781033601794004945,31,0,8,0,true,0.182,0.0038,1490,8192,0.002,0.002,47.95,0.002,0,0,0.0001,0.0001,0.08,0.0,25.0,21.0,1781033601768730995
1781033601896850027,31,0,8,0,true,0.1824,0.0038,1493,8192,0.001,0.001,47.95,0.001,0,0,0.0001,0.0001,0.06,0.0,25.0,21.0,1781033601870067018
1781033601994006528,31,0,8,0,true,0.1828,0.0039,1497,8192,0.002,0.002,47.95,0.002,0,0,0.0002,0.0002,0.11,0.0,25.0,21.0,1781033601991037774
1781033602094726551,31,0,8,0,true,0.1832,0.0038,1500,8192,0.001,0.001,47.95,0.001,0,0,0.0001,0.0001,0.07,0.0,25.0,21.0,1781033602088458598
1781033602194037217,31,0,8,0,true,0.1836,0.0038,1503,8192,0.002,0.002,47.95,0.002,0,0,0.0001,0.0001,0.08,0.0,25.0,21.0,1781033602189824207
1781033602301001951,31,0,8,0,true,0.1839,0.0038,1506,8192,0.002,0.002,47.95,0.002,0,0,0.0001,0.0001,0.08,0.0,25.0,21.0,1781033602282740404
1781033602404852703,31,0,8,0,true,0.1843,0.0038,1509,8192,0.002,0.002,47.95,0.002,0,0,0.0001,0.0001,0.08,0.0,25.0,21.0,1781033602383052616
1781033602501338422,31,0,8,0,true,0.1847,0.004,1512,8192,0.003,0.003,47.95,0.003,0,0,0.0002,0.0002,0.12,0.0,25.0,21.0,1781033602477462394
1781033602602119975,31,0,8,0,true,0.1851,0.0038,1516,8192,0.002,0.002,47.95,0.002,0,0,0.0001,0.0001,0.08,0.0,25.0,21.0,1781033602593442155
1781033602702242749,31,0,8,0,true,0.1855,0.004,1519,8192,0.002,0.002,47.95,0.002,0,0,0.0002,0.0002,0.11,0.0,25.0,21.0,1781033602676675039
1781033602801634664,31,0,8,0,true,0.1858,0.0038,1522,8192,0.002,0.002,47.95,0.002,0,0,0.0002,0.0002,0.11,0.0,25.0,21.0,1781033602766933674
1781033602902012416,31,0,8,0,true,0.1863,0.0038,1526,8192,0.002,0.002,47.95,0.002,0,0,0.0002,0.0002,0.11,0.0,25.0,21.0,1781033602900864742
1781033603005796938,31,0,8,0,true,0.1867,0.0038,1529,8192,0.002,0.002,47.95,0.002,0,0,0.0002,0.0002,0.1,0.0,25.0,21.0,1781033602998351619
1781033603101350621,31,0,8,0,true,0.1871,0.0038,1532,8192,0.001,0.001,47.95,0.001,0,0,0.0001,0.0001,0.04,0.0,25.0,21.0,1781033603100913355
1781033603202083861,31,0,8,0,true,0.1874,0.0039,1535,8192,0.002,0.002,47.95,0.002,0,0,0.0002,0.0002,0.11,0.0,25.0,21.0,1781033603188774278
1781033603301410555,31,0,8,0,true,0.1877,0.0038,1537,8192,0.001,0.001,47.95,0.001,0,0,0.0001,0.0001,0.07,0.0,25.0,21.0,1781033603264914629
1781033603401810995,31,0,8,0,true,0.1882,0.0038,1541,8192,0.0,0.0,47.95,0.0,0,0,0.0,0.0,0.02,0.0,25.0,21.0,1781033603398057062
1781033603504860316,31,0,8,0,true,0.1886,0.0038,1544,8192,0.002,0.002,47.95,0.002,0,0,0.0002,0.0002,0.1,0.0,25.0,21.0,1781033603486287988
1781033603601540181,31,0,8,0,true,0.189,0.0038,1548,8192,0.001,0.001,47.95,0.001,0,0,0.0001,0.0001,0.07,0.0,25.0,21.0,1781033603600966420
1781033603706131928,31,0,8,0,true,0.1893,0.0038,1551,8192,0.002,0.002,47.95,0.002,0,0,0.0002,0.0002,0.09,0.0,25.0,21.0,1781033603687636598
1781033603806907207,31,0,8,0,true,0.1897,0.0038,1554,8192,0.002,0.002,47.95,0.002,0,0,0.0002,0.0002,0.1,0.0,25.0,21.0,1781033603790170789
1781033603908751711,31,0,8,0,true,0.1902,0.0039,1557,8192,0.002,0.002,47.95,0.002,0,0,0.0002,0.0002,0.1,0.0,25.0,21.0,1781033603897661346
1781033604007295313,31,0,8,0,true,0.1905,0.0039,1560,8192,0.002,0.002,47.95,0.002,0,0,0.0002,0.0002,0.1,0.0,25.0,21.0,1781033603999843345
1781033604106625854,31,0,8,0,true,0.1909,0.0038,1564,8192,0.002,0.002,47.95,0.002,0,0,0.0001,0.0001,0.08,0.0,25.0,21.0,1781033604098194412
1781033604206723720,31,0,8,0,true,0.1913,0.0038,1567,8192,0.002,0.002,47.95,0.002,0,0,0.0002,0.0002,0.09,0.0,25.0,21.0,1781033604200286260
1781033604306465399,31,0,8,0,true,0.1917,0.0038,1570,8192,0.002,0.002,47.95,0.002,0,0,0.0002,0.0002,0.09,0.0,25.0,21.0,1781033604292848785
1781033604407009355,31,0,8,0,true,0.1921,0.0038,1573,8192,0.002,0.002,47.95,0.002,0,0,0.0002,0.0002,0.11,0.0,25.0,21.0,1781033604393582388
1781033604506818610,31,0,8,0,true,0.1924,0.0039,1576,8192,0.002,0.002,47.95,0.002,0,0,0.0002,0.0002,0.11,0.0,25.0,21.0,1781033604493056170
1781033604607330346,31,0,8,0,true,0.1928,0.0039,1579,8192,0.002,0.002,47.95,0.002,0,0,0.0002,0.0002,0.09,0.0,25.0,21.0,1781033604580999317
1781033604707360045,31,0,8,0,true,0.1932,0.0038,1582,8192,0.002,0.002,47.95,0.002,0,0,0.0002,0.0002,0.1,0.0,25.0,21.0,1781033604692854434
1781033604807145942,31,0,8,0,true,0.1936,0.0039,1585,8192,0.002,0.002,47.95,0.002,0,0,0.0002,0.0002,0.1,0.0,25.0,21.0,1781033604783463801
1781033604908864014,31,0,8,0,true,0.194,0.0039,1589,8192,0.002,0.002,47.95,0.002,0,0,0.0002,0.0002,0.11,0.0,25.0,21.0,1781033604900991698
1781033605015182121,31,0,8,0,true,0.1944,0.0038,1592,8192,0.002,0.002,47.95,0.002,0,0,0.0001,0.0001,0.08,0.0,25.0,21.0,1781033605002954599
1781033605116309283,31,0,8,0,true,0.1948,0.0038,1595,8192,0.002,0.002,47.95,0.002,0,0,0.0001,0.0001,0.08,0.0,25.0,21.0,1781033605105757168
1781033605215671330,31,0,8,0,true,0.1952,0.0038,1599,8192,0.001,0.001,47.95,0.001,0,0,0.0001,0.0001,0.06,0.0,25.0,21.0,1781033605213069811
1781033605315924394,31,0,8,0,true,0.1956,0.0038,1602,8192,0.002,0.002,47.95,0.002,0,0,0.0001,0.0001,0.07,0.0,25.0,21.0,1781033605305304266
1781033605417795456,31,0,8,0,true,0.1959,0.0038,1604,8192,0.002,0.002,47.95,0.002,0,0,0.0001,0.0001,0.07,0.0,25.0,21.0,1781033605383714795
1781033605516922533,31,0,8,0,true,0.1964,0.0038,1608,8192,0.002,0.002,47.95,0.002,0,0,0.0002,0.0002,0.1,0.0,25.0,21.0,1781033605512672902
1781033605616141044,31,0,8,0,true,0.1967,0.0038,1611,8192,0.001,0.001,47.95,0.001,0,0,0.0001,0.0001,0.05,0.0,25.0,21.0,1781033605589663245
1781033605716184705,31,0,8,0,true,0.1971,0.0039,1614,8192,0.002,0.002,47.95,0.002,0,0,0.0002,0.0002,0.09,0.0,25.0,21.0,1781033605710301548
1781033605816438004,31,0,8,0,true,0.1975,0.0038,1617,8192,0.001,0.001,47.95,0.001,0,0,0.0001,0.0001,0.04,0.0,25.0,21.0,1781033605810919454
1781033605915974087,31,0,8,0,true,0.1978,0.0038,1620,8192,0.002,0.002,47.95,0.002,0,0,0.0002,0.0002,0.11,0.0,25.0,21.0,1781033605877168974
1781033606016647303,31,0,8,0,true,0.1983,0.0039,1624,8192,0.002,0.002,47.95,0.002,0,0,0.0002,0.0002,0.12,0.0,25.0,21.0,1781033606013170120
1781033606120998105,31,0,8,0,true,0.1986,0.0038,1627,8192,0.002,0.002,47.95,0.002,0,0,0.0002,0.0002,0.1,0.0,25.0,21.0,1781033606104361869
1781033606222182402,31,0,8,0,true,0.1991,0.0038,1630,8192,0.001,0.001,47.95,0.001,0,0,0.0001,0.0001,0.04,0.0,25.0,21.0,1781033606211256503
1781033606322065933,31,0,8,0,true,0.1995,0.0039,1634,8192,0.002,0.002,47.95,0.002,0,0,0.0002,0.0002,0.11,0.0,25.0,21.0,1781033606319550764
1781033606422090402,31,0,8,0,true,0.1998,0.0039,1637,8192,0.002,0.002,47.95,0.002,0,0,0.0002,0.0002,0.1,0.0,25.0,21.0,1781033606416484454
1781033606524873438,31,0,8,0,true,0.2002,0.0038,1639,8192,0.002,0.002,47.95,0.002,0,0,0.0002,0.0002,0.1,0.0,25.0,21.0,1781033606500734990
1781033606621837755,31,0,8,0,true,0.2006,0.0038,1643,8192,0.002,0.002,47.95,0.002,0,0,0.0002,0.0002,0.1,0.0,25.0,21.0,1781033606618721138
1781033606721995378,31,0,8,0,true,0.201,0.0038,1646,8192,0.002,0.002,47.95,0.002,0,0,0.0001,0.0001,0.09,0.0,25.0,21.0,1781033606718102202
1781033606821583125,31,0,8,0,true,0.2014,0.0039,1649,8192,0.002,0.002,47.95,0.002,0,0,0.0002,0.0002,0.09,0.0,25.0,21.0,1781033606817384149
1781033606922285305,31,0,8,0,true,0.2017,0.0038,1652,8192,0.002,0.002,47.95,0.002,0,0,0.0002,0.0002,0.1,0.0,25.0,21.0,1781033606904123563
1781033607024891744,31,0,8,0,true,0.202,0.0038,1655,8192,0.002,0.002,47.95,0.002,0,0,0.0002,0.0002,0.09,0.0,25.0,21.0,1781033606984956364
1781033607121388843,31,0,8,0,true,0.2025,0.0038,1659,8192,0.002,0.002,47.95,0.002,0,0,0.0002,0.0002,0.11,0.0,25.0,21.0,1781033607118592251
1781033607222294009,31,0,8,0,true,0.2029,0.0038,1662,8192,0.002,0.002,47.95,0.002,0,0,0.0001,0.0001,0.08,0.0,25.0,21.0,1781033607209935698
1781033607322217612,31,0,8,0,true,0.2031,0.0039,1664,8192,0.002,0.002,47.95,0.002,0,0,0.0002,0.0002,0.09,0.0,25.0,21.0,1781033607274426781
1781033607421705015,31,0,8,0,true,0.2037,0.0039,1668,8192,0.002,0.002,47.95,0.002,0,0,0.0002,0.0002,0.1,0.0,25.0,21.0,1781033607418607400
1781033607524854030,31,0,8,0,true,0.204,0.0039,1671,8192,0.002,0.002,47.95,0.002,0,0,0.0002,0.0002,0.1,0.0,25.0,21.0,1781033607497703670
1781033607622315964,31,0,8,0,true,0.2044,0.0038,1674,8192,0.001,0.001,47.95,0.001,0,0,0.0001,0.0001,0.06,0.0,25.0,21.0,1781033607613188526
1781033607722345415,31,0,8,0,true,0.2048,0.0038,1677,8192,0.002,0.002,47.95,0.002,0,0,0.0002,0.0002,0.1,0.0,25.0,21.0,1781033607716734609
1781033607823289061,31,0,8,0,true,0.2051,0.0038,1680,8192,0.002,0.002,47.95,0.002,0,0,0.0002,0.0002,0.09,0.0,25.0,21.0,1781033607786032282
1781033607921454110,31,0,8,0,true,0.2055,0.0038,1683,8192,0.002,0.002,47.95,0.002,0,0,0.0002,0.0002,0.1,0.0,25.0,21.0,1781033607902855906
1781033608022122532,31,0,8,0,true,0.2059,0.0038,1686,8192,0.002,0.002,47.95,0.002,0,0,0.0002,0.0002,0.1,0.0,25.0,21.0,1781033608001515877
1781033608128844497,31,0,8,0,true,0.2063,0.0038,1690,8192,0.001,0.001,47.95,0.001,0,0,0.0001,0.0001,0.06,0.0,25.0,21.0,1781033608102925037
1781033608229372389,31,0,8,0,true,0.2068,0.0039,1694,8192,0.002,0.002,47.95,0.002,0,0,0.0002,0.0002,0.11,0.0,25.0,21.0,1781033608229001250
1781033608329449735,31,0,8,0,true,0.2071,0.0038,1696,8192,0.001,0.001,47.95,0.001,0,0,0.0001,0.0001,0.06,0.0,25.0,21.0,1781033608318062891
1781033608430121179,31,0,8,0,true,0.2075,0.004,1700,8192,0.002,0.002,47.95,0.002,0,0,0.0002,0.0002,0.12,0.0,25.0,21.0,1781033608419749215
1781033608529591449,31,0,8,0,true,0.2079,0.0038,1703,8192,0.002,0.002,47.95,0.002,0,0,0.0001,0.0001,0.08,0.0,25.0,21.0,1781033608526457987
1781033608630105113,31,0,8,0,true,0.2083,0.0038,1706,8192,0.002,0.002,47.95,0.002,0,0,0.0002,0.0002,0.09,0.0,25.0,21.0,1781033608612870744
1781033608729555586,31,0,8,0,true,0.2087,0.0039,1709,8192,0.002,0.002,47.95,0.002,0,0,0.0002,0.0002,0.11,0.0,25.0,21.0,1781033608717330835
1781033608829504486,31,0,8,0,true,0.2091,0.0038,1712,8192,0.002,0.002,47.95,0.002,0,0,0.0002,0.0002,0.09,0.0,25.0,21.0,1781033608823758017
1781033608930386029,31,0,8,0,true,0.2094,0.0039,1715,8192,0.002,0.002,47.95,0.002,0,0,0.0002,0.0002,0.1,0.0,25.0,21.0,1781033608908854937
1781033609030161348,31,0,8,0,true,0.2098,0.0038,1718,8192,0.001,0.001,47.95,0.001,0,0,0.0001,0.0001,0.03,0.0,25.0,21.0,1781033609008918749
1781033609129995578,31,0,8,0,true,0.2102,0.0039,1722,8192,0.001,0.001,47.95,0.001,0,0,0.0,0.0,0.03,0.0,25.0,21.0,1781033609122983291
1781033609232869389,31,0,8,0,true,0.2106,0.0038,1725,8192,0.002,0.002,47.95,0.002,0,0,0.0002,0.0002,0.1,0.0,25.0,21.0,1781033609212279124
1781033609330082532,31,0,8,0,true,0.211,0.004,1728,8192,0.002,0.002,47.95,0.002,0,0,0.0002,0.0002,0.1,0.0,25.0,21.0,1781033609312166645
1781033609429899393,31,0,8,0,true,0.2113,0.0039,1730,8192,0.002,0.002,47.95,0.002,0,0,0.0002,0.0002,0.09,0.0,25.0,21.0,1781033609389133662
1781033609530952322,31,0,8,0,true,0.2118,0.0038,1735,8192,0.002,0.002,47.95,0.002,0,0,0.0001,0.0001,0.08,0.0,25.0,21.0,1781033609530080870
1781033609630166013,31,0,8,0,true,0.2121,0.0038,1737,8192,0.001,0.001,47.95,0.001,0,0,0.0001,0.0001,0.07,0.0,25.0,21.0,1781033609600596754
1781033609729943403,31,0,8,0,true,0.2125,0.0025,1740,8192,0.011,0.011,47.95,0.011,0,0,0.0009,0.0009,0.51,0.0,25.0,21.0,1781033609708984422
1781033609832863005,31,0,8,0,true,0.2127,0.0023,1742,8192,0.002,0.002,47.95,0.002,0,0,0.0002,0.0002,0.1,0.0,25.0,21.0,1781033609805689460
1781033609930172247,31,0,8,0,true,0.2129,0.0024,1744,8192,0.001,0.001,47.95,0.001,0,0,0.0001,0.0001,0.07,0.0,25.0,21.0,1781033609909942060
1781033610036890971,31,0,8,0,true,0.2132,0.0023,1746,8192,0.003,0.003,47.95,0.003,0,0,0.0002,0.0002,0.13,0.0,25.0,21.0,1781033610010257087
1781033610137540055,31,0,8,0,true,0.2134,0.0025,1748,8192,0.003,0.003,47.95,0.003,0,0,0.0002,0.0002,0.12,0.0,25.0,21.0,1781033610125608641
1781033610238135935,31,0,8,0,true,0.2137,0.0023,1750,8192,0.003,0.003,47.95,0.003,0,0,0.0002,0.0002,0.13,0.0,25.0,21.0,1781033610225681700
1781033610341472999,31,0,8,0,true,0.2139,0.0022,1752,8192,0.002,0.002,47.95,0.002,0,0,0.0002,0.0002,0.1,0.0,25.0,21.0,1781033610339866599
1781033610437993785,31,0,8,0,true,0.2141,0.0023,1754,8192,0.002,0.002,47.95,0.002,0,0,0.0002,0.0002,0.09,0.0,25.0,21.0,1781033610425755240
1781033610544957743,31,0,8,0,true,0.2144,0.0025,1756,8192,0.001,0.001,47.95,0.001,0,0,0.0001,0.0001,0.07,0.0,25.0,21.0,1781033610535540433
1781033610645556924,31,0,8,0,true,0.2146,0.0022,1757,8192,0.002,0.002,47.95,0.002,0,0,0.0001,0.0001,0.08,0.0,25.0,21.0,1781033610612904884
1781033610746169440,31,0,8,0,true,0.2149,0.0023,1760,8192,0.002,0.002,47.95,0.002,0,0,0.0002,0.0002,0.1,0.0,25.0,21.0,1781033610736920466
1781033610846287118,31,0,8,0,true,0.2151,0.0023,1762,8192,0.002,0.002,47.95,0.002,0,0,0.0001,0.0001,0.09,0.0,25.0,21.0,1781033610837140888
1781033610952862062,31,0,8,0,true,0.2153,0.0022,1763,8192,0.0,0.0,47.95,0.0,0,0,0.0,0.0,0.01,0.0,25.0,21.0,1781033610943406335
1781033611055774381,31,0,8,0,true,0.2156,0.0022,1765,8192,0.002,0.002,47.95,0.002,0,0,0.0001,0.0001,0.09,0.0,25.0,21.0,1781033611046206875
1781033611154132971,31,0,8,0,true,0.2157,0.0022,1767,8192,0.001,0.001,47.95,0.001,0,0,0.0001,0.0001,0.06,0.0,25.0,21.0,1781033611121458829
1781033611253577494,31,0,8,0,true,0.2159,0.0022,1768,8192,0.001,0.001,47.95,0.001,0,0,0.0001,0.0001,0.04,0.0,25.0,21.0,1781033611213204808
1781033611356853387,31,0,8,0,true,0.2162,0.0022,1771,8192,0.001,0.001,47.95,0.001,0,0,0.0,0.0,0.03,0.0,25.0,21.0,1781033611346105721
1781033611454135754,31,0,8,0,true,0.2164,0.0021,1772,8192,0.0,0.0,47.95,0.0,0,0,0.0,0.0,0.02,0.0,25.0,21.0,1781033611425174627
1781033611554260967,31,0,8,0,true,0.2167,0.0022,1775,8192,0.003,0.003,47.95,0.003,0,0,0.0002,0.0002,0.13,0.0,25.0,21.0,1781033611549178822
1781033611653502438,31,0,8,0,true,0.2169,0.0022,1776,8192,0.004,0.004,47.95,0.004,0,0,0.0003,0.0003,0.17,0.0,25.0,21.0,1781033611644466535
1781033611756858868,31,0,8,0,true,0.2171,0.0023,1778,8192,0.0,0.0,47.95,0.0,0,0,0.0,0.0,0.02,0.0,25.0,21.0,1781033611749620558
1781033611853822965,31,0,8,0,true,0.2173,0.0022,1780,8192,0.0,0.0,47.95,0.0,0,0,0.0,0.0,0.02,0.0,25.0,21.0,1781033611842162493
1781033611956927775,31,0,8,0,true,0.2175,0.0022,1781,8192,0.0,0.0,47.95,0.0,0,0,0.0,0.0,0.01,0.0,25.0,21.0,1781033611933784971
1781033612056320253,31,0,8,0,true,0.2178,0.0022,1784,8192,0.0,0.0,47.95,0.0,0,0,0.0,0.0,0.02,0.0,25.0,21.0,1781033612049593018
1781033612156812397,31,0,8,0,true,0.2179,0.0021,1785,8192,0.0,0.0,47.95,0.0,0,0,0.0,0.0,0.02,0.0,25.0,21.0,1781033612125733200
1781033612254026155,31,0,8,0,true,0.2182,0.0021,1787,8192,0.0,0.0,47.95,0.0,0,0,0.0,0.0,0.02,0.0,25.0,21.0,1781033612229476802
1781033612353954472,31,0,8,0,true,0.2184,0.0022,1789,8192,0.0,0.0,47.95,0.0,0,0,0.0,0.0,0.0,0.0,25.0,21.0,1781033612333193421
1781033612454032814,31,0,8,0,true,0.2186,0.0022,1790,8192,0.0,0.0,47.95,0.0,0,0,0.0,0.0,0.01,0.0,25.0,21.0,1781033612440960223
1781033612554177971,31,0,8,0,true,0.2188,0.0021,1792,8192,0.003,0.003,47.95,0.003,0,0,0.0003,0.0003,0.16,0.0,25.0,21.0,1781033612529490698
1781033612659982772,31,0,8,0,true,0.2191,0.0021,1794,8192,0.004,0.004,47.95,0.004,0,0,0.0004,0.0004,0.2,0.0,25.0,21.0,1781033612649497328
1781033612760418702,31,0,8,0,true,0.2193,0.0022,1796,8192,0.001,0.001,47.95,0.001,0,0,0.0,0.0,0.03,0.0,25.0,21.0,1781033612747435739
1781033612861157236,31,0,8,0,true,0.2195,0.0021,1797,8192,0.007,0.007,47.95,0.007,0,0,0.0006,0.0006,0.33,0.0,25.0,21.0,1781033612845905056
1781033612962952860,31,0,8,0,true,0.2197,0.002,1799,8192,0.003,0.003,47.95,0.003,0,0,0.0003,0.0003,0.15,0.0,25.0,21.0,1781033612962463312
1781033613064820630,31,0,8,0,true,0.2199,0.0021,1801,8192,0.007,0.007,47.95,0.007,0,0,0.0006,0.0006,0.34,0.0,25.0,21.0,1781033613060238050
1781033613164941517,31,0,8,0,true,0.2201,0.0022,1803,8192,0.002,0.002,47.95,0.002,0,0,0.0001,0.0001,0.08,0.0,25.0,21.0,1781033613149672025
1781033613260395875,31,0,8,0,true,0.2203,0.0022,1804,8192,0.001,0.001,47.95,0.001,0,0,0.0001,0.0001,0.06,0.0,25.0,21.0,1781033613245115652
1781033613360861816,31,0,8,0,true,0.2205,0.0021,1806,8192,0.006,0.006,47.95,0.006,0,0,0.0005,0.0005,0.29,0.0,25.0,21.0,1781033613347802460
1781033613460866615,31,0,8,0,true,0.2207,0.0021,1808,8192,0.002,0.002,47.95,0.002,0,0,0.0002,0.0002,0.09,0.0,25.0,21.0,1781033613433667850
1781033613564920613,31,0,8,0,true,0.221,0.002,1810,8192,0.004,0.004,47.95,0.004,0,0,0.0004,0.0004,0.21,0.0,25.0,21.0,1781033613554215765
1781033613660940059,31,0,8,0,true,0.2211,0.002,1811,8192,0.003,0.003,47.95,0.003,0,0,0.0002,0.0002,0.12,0.0,25.0,21.0,1781033613636983910
1781033613760887212,31,0,8,0,true,0.2213,0.0021,1812,8192,0.006,0.006,47.95,0.006,0,0,0.0005,0.0005,0.27,0.0,25.0,21.0,1781033613723713346
1781033613861045198,31,0,8,0,true,0.2216,0.002,1815,8192,0.003,0.003,47.95,0.003,0,0,0.0003,0.0003,0.17,0.0,25.0,21.0,1781033613860690648
1781033613960369362,31,0,8,0,true,0.2217,0.002,1816,8192,0.004,0.004,47.95,0.004,0,0,0.0003,0.0003,0.19,0.0,25.0,21.0,1781033613925939648
1781033614064885346,31,0,8,0,true,0.222,0.002,1818,8192,0.004,0.004,47.95,0.004,0,0,0.0003,0.0003,0.2,0.0,25.0,21.0,1781033614048634379
1781033614161478640,31,0,8,0,true,0.2222,0.002,1820,8192,0.004,0.004,47.95,0.004,0,0,0.0003,0.0003,0.2,0.0,25.0,21.0,1781033614160065824
1781033614260327303,31,0,8,0,true,0.2223,0.002,1821,8192,0.003,0.003,47.95,0.003,0,0,0.0003,0.0003,0.16,0.0,25.0,21.0,1781033614230492245
1781033614364923304,31,0,8,0,true,0.2226,0.0021,1823,8192,0.004,0.004,47.95,0.004,0,0,0.0003,0.0003,0.19,0.0,25.0,21.0,1781033614353582152
1781033614460695560,31,0,8,0,true,0.2228,0.002,1825,8192,0.005,0.005,47.95,0.005,0,0,0.0004,0.0004,0.25,0.0,25.0,21.0,1781033614459990227
1781033614564874062,31,0,8,0,true,0.2229,0.0019,1826,8192,0.004,0.004,47.95,0.004,0,0,0.0003,0.0003,0.18,0.0,25.0,21.0,1781033614535395198
1781033614660880890,31,0,8,0,true,0.2231,0.002,1827,8192,0.005,0.005,47.95,0.005,0,0,0.0004,0.0004,0.24,0.0,25.0,21.0,1781033614628734456
1781033614764932143,31,0,8,0,true,0.2234,0.002,1829,8192,0.003,0.003,47.95,0.003,0,0,0.0003,0.0003,0.16,0.0,25.0,21.0,1781033614753894052
1781033614860305521,31,0,8,0,true,0.2236,0.002,1831,8192,0.005,0.005,47.95,0.005,0,0,0.0004,0.0004,0.23,0.0,25.0,21.0,1781033614858680169
1781033614961232160,31,0,8,0,true,0.2238,0.0022,1833,8192,0.005,0.005,47.95,0.005,0,0,0.0004,0.0004,0.22,0.0,25.0,21.0,1781033614946938020
1781033615061550628,31,0,8,0,true,0.224,0.0021,1834,8192,0.005,0.005,47.95,0.005,0,0,0.0004,0.0004,0.22,0.0,25.0,21.0,1781033615038638885
1781033615164902071,31,0,8,0,true,0.2242,0.002,1836,8192,0.005,0.005,47.95,0.005,0,0,0.0004,0.0004,0.25,0.0,25.0,21.0,1781033615139934229
1781033615262245355,31,0,8,0,true,0.2244,0.002,1838,8192,0.005,0.005,47.95,0.005,0,0,0.0004,0.0004,0.24,0.0,25.0,21.0,1781033615243335972
1781033615360838195,31,0,8,0,true,0.2246,0.002,1839,8192,0.005,0.005,47.95,0.005,0,0,0.0004,0.0004,0.26,0.0,25.0,21.0,1781033615345707806
1781033615460341431,31,0,8,0,true,0.2248,0.002,1841,8192,0.005,0.005,47.95,0.005,0,0,0.0004,0.0004,0.26,0.0,25.0,21.0,1781033615450092193
1781033615560723209,31,0,8,0,true,0.225,0.002,1843,8192,0.005,0.005,47.95,0.005,0,0,0.0004,0.0004,0.26,0.0,25.0,21.0,1781033615557274594
1781033615668883555,31,0,8,0,true,0.2252,0.0019,1844,8192,0.005,0.005,47.95,0.005,0,0,0.0004,0.0004,0.25,0.0,25.0,21.0,1781033615645022593
1781033615771837590,31,0,8,0,true,0.2254,0.0019,1846,8192,0.005,0.005,47.95,0.005,0,0,0.0004,0.0004,0.22,0.0,25.0,21.0,1781033615752667863
1781033615876865004,31,0,8,0,true,0.2256,0.002,1847,8192,0.005,0.005,47.95,0.005,0,0,0.0004,0.0004,0.23,0.0,25.0,21.0,1781033615851513840
1781033615985152830,31,0,8,0,true,0.2258,0.002,1849,8192,0.005,0.005,47.95,0.005,0,0,0.0004,0.0004,0.23,0.0,25.0,21.0,1781033615951618170
1781033616087196773,31,0,8,0,true,0.226,0.0021,1851,8192,0.005,0.005,47.95,0.005,0,0,0.0004,0.0004,0.24,0.0,25.0,21.0,1781033616074065892
1781033616186815113,31,0,8,0,true,0.2262,0.002,1853,8192,0.005,0.005,47.95,0.005,0,0,0.0004,0.0004,0.24,0.0,25.0,21.0,1781033616168256857
1781033616287775003,31,0,8,0,true,0.2264,0.002,1854,8192,0.005,0.005,47.95,0.005,0,0,0.0004,0.0004,0.26,0.0,25.0,21.0,1781033616269142773
1781033616386629246,31,0,8,0,true,0.2266,0.0021,1856,8192,0.005,0.005,47.95,0.005,0,0,0.0005,0.0005,0.26,0.0,25.0,21.0,1781033616381906155
1781033616488685323,31,0,8,0,true,0.2268,0.0019,1857,8192,0.006,0.006,47.95,0.006,0,0,0.0005,0.0005,0.27,0.0,25.0,21.0,1781033616449691152
1781033616586284120,31,0,8,0,true,0.227,0.002,1859,8192,0.005,0.005,47.95,0.005,0,0,0.0004,0.0004,0.25,0.0,25.0,21.0,1781033616567767071
1781033616686141754,31,0,8,0,true,0.2272,0.0019,1861,8192,0.006,0.006,47.95,0.006,0,0,0.0005,0.0005,0.28,0.0,25.0,21.0,1781033616660042356
1781033616788859521,31,0,8,0,true,0.2274,0.0019,1862,8192,0.006,0.006,47.95,0.006,0,0,0.0005,0.0005,0.27,0.0,25.0,21.0,1781033616773316751
1781033616888909826,31,0,8,0,true,0.2276,0.002,1864,8192,0.006,0.006,47.95,0.006,0,0,0.0005,0.0005,0.3,0.0,25.0,21.0,1781033616855965902
1781033616986666068,31,0,8,0,true,0.2278,0.0019,1866,8192,0.005,0.005,47.95,0.005,0,0,0.0004,0.0004,0.25,0.0,25.0,21.0,1781033616974517412
1781033617087791159,31,0,8,0,true,0.228,0.0021,1867,8192,0.006,0.006,47.95,0.006,0,0,0.0005,0.0005,0.28,0.0,25.0,21.0,1781033617068479595
1781033617188861438,31,0,8,0,true,0.2282,0.0021,1869,8192,0.006,0.006,47.95,0.006,0,0,0.0005,0.0005,0.28,0.0,25.0,21.0,1781033617165975811
1781033617285887491,31,0,8,0,true,0.2283,0.0019,1870,8192,0.005,0.005,47.95,0.005,0,0,0.0004,0.0004,0.26,0.0,25.0,21.0,1781033617252439179
1781033617388863705,31,0,8,0,true,0.2285,0.0019,1872,8192,0.005,0.005,47.95,0.005,0,0,0.0004,0.0004,0.26,0.0,25.0,21.0,1781033617358448587
1781033617486165974,31,0,8,0,true,0.2287,0.002,1873,8192,0.006,0.006,47.95,0.006,0,0,0.0005,0.0005,0.29,0.0,25.0,21.0,1781033617456406378
1781033617587861213,31,0,8,0,true,0.2289,0.0019,1875,8192,0.006,0.006,47.95,0.006,0,0,0.0005,0.0005,0.26,0.0,25.0,21.0,1781033617558832629
1781033617686313175,31,0,8,0,true,0.2291,0.0019,1876,8192,0.006,0.006,47.95,0.006,0,0,0.0005,0.0005,0.3,0.0,25.0,21.0,1781033617655682405
1781033617786486460,31,0,8,0,true,0.2293,0.0019,1878,8192,0.006,0.006,47.95,0.006,0,0,0.0005,0.0005,0.3,0.0,25.0,21.0,1781033617769110996
1781033617885496294,31,0,8,0,true,0.2295,0.0019,1880,8192,0.006,0.006,47.95,0.006,0,0,0.0005,0.0005,0.3,0.0,25.0,21.0,1781033617867691292
1781033617988875748,31,0,8,0,true,0.2297,0.0019,1881,8192,0.006,0.006,47.95,0.006,0,0,0.0005,0.0005,0.3,0.0,25.0,21.0,1781033617960749555
1781033618088833889,31,0,8,0,true,0.2299,0.0019,1883,8192,0.006,0.006,47.95,0.006,0,0,0.0005,0.0005,0.28,0.0,25.0,21.0,1781033618066458660
1781033618186199080,31,0,8,0,true,0.2301,0.0019,1884,8192,0.007,0.007,47.95,0.007,0,0,0.0005,0.0005,0.31,0.0,25.0,21.0,1781033618165454902
1781033618285458213,31,0,8,0,true,0.2303,0.0019,1886,8192,0.006,0.006,47.95,0.006,0,0,0.0005,0.0005,0.31,0.0,25.0,21.0,1781033618284845850
1781033618386489233,31,0,8,0,true,0.2305,0.0019,1887,8192,0.007,0.007,47.95,0.007,0,0,0.0005,0.0005,0.32,0.0,25.0,21.0,1781033618365974269
1781033618488860673,31,0,8,0,true,0.2307,0.0019,1889,8192,0.006,0.006,47.95,0.006,0,0,0.0005,0.0005,0.28,0.0,25.0,21.0,1781033618472654497
1781033618589278721,31,0,8,0,true,0.2309,0.0019,1891,8192,0.007,0.007,47.95,0.007,0,0,0.0006,0.0006,0.34,0.0,25.0,21.0,1781033618571770966
1781033618686363079,31,0,8,0,true,0.231,0.0019,1892,8192,0.006,0.006,47.95,0.006,0,0,0.0005,0.0005,0.28,0.0,25.0,21.0,1781033618660407559
1781033618786100046,31,0,8,0,true,0.2313,0.0021,1894,8192,0.007,0.007,47.95,0.007,0,0,0.0005,0.0005,0.32,0.0,25.0,21.0,1781033618781719592
1781033618885446404,31,0,8,0,true,0.2314,0.0018,1895,8192,0.006,0.006,47.95,0.006,0,0,0.0005,0.0005,0.29,0.0,25.0,21.0,1781033618866295099
1781033618986173257,31,0,8,0,true,0.2316,0.0021,1897,8192,0.007,0.007,47.95,0.007,0,0,0.0006,0.0006,0.32,0.0,25.0,21.0,1781033618972934755
1781033619087678519,31,0,8,0,true,0.2318,0.002,1898,8192,0.006,0.006,47.95,0.006,0,0,0.0005,0.0005,0.31,0.0,25.0,21.0,1781033619065409695
1781033619185694014,31,0,8,0,true,0.232,0.0019,1900,8192,0.007,0.007,47.95,0.007,0,0,0.0006,0.0006,0.34,0.0,25.0,21.0,1781033619164600810
1781033619285496890,31,0,8,0,true,0.2322,0.0018,1902,8192,0.007,0.007,47.95,0.007,0,0,0.0006,0.0006,0.32,0.0,25.0,21.0,1781033619283971970
1781033619388545694,31,0,8,0,true,0.2324,0.0019,1903,8192,0.007,0.007,47.95,0.007,0,0,0.0006,0.0006,0.34,0.0,25.0,21.0,1781033619377146613
1781033619485405576,31,0,8,0,true,0.2326,0.0018,1905,8192,0.006,0.006,47.95,0.006,0,0,0.0005,0.0005,0.31,0.0,25.0,21.0,1781033619485037029
1781033619586094248,31,0,8,0,true,0.2328,0.0018,1906,8192,0.006,0.006,47.95,0.006,0,0,0.0005,0.0005,0.31,0.0,25.0,21.0,1781033619580688733
1781033619686016849,31,0,8,0,true,0.233,0.0018,1908,8192,0.006,0.006,47.95,0.006,0,0,0.0005,0.0005,0.31,0.0,25.0,21.0,1781033619674032347
1781033619785636329,31,0,8,0,true,0.2332,0.0021,1909,8192,0.007,0.007,47.95,0.007,0,0,0.0006,0.0006,0.34,0.0,25.0,21.0,1781033619778083008
1781033619887916099,31,0,8,0,true,0.2333,0.0019,1911,8192,0.007,0.007,47.95,0.007,0,0,0.0006,0.0006,0.34,0.0,25.0,21.0,1781033619882193412
1781033619986123624,31,0,8,0,true,0.2335,0.0019,1912,8192,0.007,0.007,47.95,0.007,0,0,0.0006,0.0006,0.35,0.0,25.0,21.0,1781033619952420827
1781033620086137318,31,0,8,0,true,0.2337,0.0018,1914,8192,0.007,0.007,47.95,0.007,0,0,0.0005,0.0005,0.31,0.0,25.0,21.0,1781033620058132633
1781033620186048889,31,0,8,0,true,0.2339,0.0021,1916,8192,0.007,0.007,47.95,0.007,0,0,0.0006,0.0006,0.34,0.0,25.0,21.0,1781033620176587879
1781033620286129894,31,0,8,0,true,0.2341,0.0021,1917,8192,0.007,0.007,47.95,0.007,0,0,0.0006,0.0006,0.34,0.0,25.0,21.0,1781033620270922725
1781033620386362430,31,0,8,0,true,0.2343,0.0021,1919,8192,0.007,0.007,47.95,0.007,0,0,0.0006,0.0006,0.35,0.0,25.0,21.0,1781033620371102677
1781033620487122350,31,0,8,0,true,0.2345,0.0018,1920,8192,0.007,0.007,47.95,0.007,0,0,0.0006,0.0006,0.35,0.0,25.0,21.0,1781033620460991599
1781033620585987325,31,0,8,0,true,0.2347,0.0021,1922,8192,0.007,0.007,47.95,0.007,0,0,0.0006,0.0006,0.35,0.0,25.0,21.0,1781033620561598514
1781033620685796965,31,0,8,0,true,0.2349,0.002,1924,8192,0.007,0.007,47.95,0.007,0,0,0.0006,0.0006,0.35,0.0,25.0,21.0,1781033620676141909
1781033620785855304,31,0,8,0,true,0.2351,0.002,1925,8192,0.007,0.007,47.95,0.007,0,0,0.0006,0.0006,0.35,0.0,25.0,21.0,1781033620756627303
1781033620888921937,31,0,8,0,true,0.2353,0.0019,1927,8192,0.008,0.008,47.95,0.008,0,0,0.0006,0.0006,0.37,0.0,25.0,21.0,1781033620881270276
1781033620985440801,31,0,8,0,true,0.2355,0.0019,1928,8192,0.007,0.007,47.95,0.007,0,0,0.0006,0.0006,0.35,0.0,25.0,21.0,1781033620966395456
1781033621086058206,31,0,8,0,true,0.2356,0.0018,1930,8192,0.007,0.007,47.95,0.007,0,0,0.0006,0.0006,0.33,0.0,25.0,21.0,1781033621061992651
1781033621185959964,31,0,8,0,true,0.2358,0.0019,1931,8192,0.008,0.008,47.95,0.008,0,0,0.0007,0.0007,0.38,0.0,25.0,21.0,1781033621173151991
1781033621286223773,31,0,8,0,true,0.236,0.0018,1933,8192,0.008,0.008,47.95,0.008,0,0,0.0006,0.0006,0.36,0.0,25.0,21.0,1781033621277718353
1781033621386165659,31,0,8,0,true,0.2362,0.0018,1935,8192,0.008,0.008,47.95,0.008,0,0,0.0006,0.0006,0.36,0.0,25.0,21.0,1781033621371477074
1781033621485462851,31,0,8,0,true,0.2364,0.0018,1936,8192,0.008,0.008,47.95,0.008,0,0,0.0006,0.0006,0.36,0.0,25.0,21.0,1781033621481777735
1781033621588868907,31,0,8,0,true,0.2366,0.0018,1938,8192,0.008,0.008,47.95,0.008,0,0,0.0006,0.0006,0.37,0.0,25.0,21.0,1781033621577890606
1781033621686957746,31,0,8,0,true,0.2368,0.0018,1939,8192,0.007,0.007,47.95,0.007,0,0,0.0006,0.0006,0.34,0.0,25.0,21.0,1781033621676702285
1781033621788966232,31,0,8,0,true,0.2369,0.0019,1940,8192,0.008,0.008,47.95,0.008,0,0,0.0006,0.0006,0.37,0.0,25.0,21.0,1781033621756610457
1781033621888882600,31,0,8,0,true,0.2371,0.0018,1942,8192,0.008,0.008,47.95,0.008,0,0,0.0006,0.0006,0.37,0.0,25.0,21.0,1781033621863336919
1781033621986086443,31,0,8,0,true,0.2373,0.0018,1944,8192,0.008,0.008,47.95,0.008,0,0,0.0006,0.0006,0.37,0.0,25.0,21.0,1781033621973464374
1781033622088866127,31,0,8,0,true,0.2375,0.0019,1945,8192,0.008,0.008,47.95,0.008,0,0,0.0007,0.0007,0.39,0.0,25.0,21.0,1781033622069529498
1781033622185920419,31,0,8,0,true,0.2377,0.0019,1947,8192,0.008,0.008,47.95,0.008,0,0,0.0007,0.0007,0.38,0.0,25.0,21.0,1781033622170093501
1781033622288864686,31,0,8,0,true,0.2379,0.0019,1948,8192,0.008,0.008,47.95,0.008,0,0,0.0007,0.0007,0.4,0.0,25.0,21.0,1781033622271741761
1781033622392858133,31,0,8,0,true,0.2381,0.0018,1950,8192,0.007,0.007,47.95,0.007,0,0,0.0006,0.0006,0.35,0.0,25.0,21.0,1781033622378236757
1781033622494166753,31,0,8,0,true,0.2383,0.0019,1951,8192,0.008,0.008,47.95,0.008,0,0,0.0007,0.0007,0.39,0.0,25.0,21.0,1781033622466509138
1781033622593793260,31,0,8,0,true,0.2385,0.0018,1953,8192,0.008,0.008,47.95,0.008,0,0,0.0006,0.0006,0.37,0.0,25.0,21.0,1781033622587551647
1781033622696870426,31,0,8,0,true,0.2386,0.0019,1955,8192,0.008,0.008,47.95,0.008,0,0,0.0006,0.0006,0.37,0.0,25.0,21.0,1781033622678934300
1781033622794169766,31,0,8,0,true,0.2388,0.0018,1956,8192,0.008,0.008,47.95,0.008,0,0,0.0007,0.0007,0.38,0.0,25.0,21.0,1781033622773314080
1781033622895567005,31,0,8,0,true,0.239,0.0018,1957,8192,0.008,0.008,47.95,0.008,0,0,0.0007,0.0007,0.39,0.0,25.0,21.0,1781033622873034935
1781033622996868154,31,0,8,0,true,0.2392,0.0019,1959,8192,0.008,0.008,47.95,0.008,0,0,0.0006,0.0006,0.37,0.0,25.0,21.0,1781033622976324638
1781033623096878131,31,0,8,0,true,0.2394,0.0018,1961,8192,0.008,0.008,47.95,0.008,0,0,0.0007,0.0007,0.39,0.0,25.0,21.0,1781033623086791331
1781033623195855402,31,0,8,0,true,0.2396,0.0018,1962,8192,0.008,0.008,47.95,0.008,0,0,0.0007,0.0007,0.39,0.0,25.0,21.0,1781033623183531880
1781033623293933873,31,0,8,0,true,0.2398,0.0018,1964,8192,0.008,0.008,47.95,0.008,0,0,0.0007,0.0007,0.39,0.0,25.0,21.0,1781033623272604067
1781033623393761174,31,0,8,0,true,0.24,0.002,1965,8192,0.008,0.008,47.95,0.008,0,0,0.0007,0.0007,0.39,0.0,25.0,21.0,1781033623390201396
1781033623493416999,31,0,8,0,true,0.2402,0.0019,1967,8192,0.008,0.008,47.95,0.008,0,0,0.0007,0.0007,0.39,0.0,25.0,21.0,1781033623492051370
1781033623601404460,31,0,8,0,true,0.2403,0.0018,1968,8192,0.008,0.008,47.95,0.008,0,0,0.0007,0.0007,0.39,0.0,25.0,21.0,1781033623587854706
1781033623703183216,31,0,8,0,true,0.2405,0.0019,1970,8192,0.008,0.008,47.95,0.008,0,0,0.0007,0.0007,0.38,0.0,25.0,21.0,1781033623693640497
1781033623804903663,31,0,8,0,true,0.2407,0.0019,1971,8192,0.008,0.008,47.95,0.008,0,0,0.0007,0.0007,0.39,0.0,25.0,21.0,1781033623783150224
1781033623903163865,31,0,8,0,true,0.2409,0.0018,1973,8192,0.008,0.008,47.95,0.008,0,0,0.0006,0.0006,0.37,0.0,25.0,21.0,1781033623892744558
1781033624004868256,31,0,8,0,true,0.2411,0.0018,1974,8192,0.008,0.008,47.95,0.008,0,0,0.0007,0.0007,0.4,0.0,25.0,21.0,1781033623980528719
1781033624102789700,31,0,8,0,true,0.2413,0.0019,1976,8192,0.008,0.008,47.95,0.008,0,0,0.0007,0.0007,0.38,0.0,25.0,21.0,1781033624087684409
1781033624208903611,31,0,8,0,true,0.2415,0.0019,1978,8192,0.008,0.008,47.95,0.008,0,0,0.0007,0.0007,0.39,0.0,25.0,21.0,1781033624192333109
1781033624310281827,31,0,8,0,true,0.2417,0.0018,1979,8192,0.008,0.008,47.95,0.008,0,0,0.0007,0.0007,0.38,0.0,25.0,21.0,1781033624305118378
1781033624411521256,31,0,8,0,true,0.2418,0.0018,1981,8192,0.008,0.008,47.95,0.008,0,0,0.0007,0.0007,0.4,0.0,25.0,21.0,1781033624380313826
1781033624512863933,31,0,8,0,true,0.2421,0.0019,1982,8192,0.008,0.008,47.95,0.008,0,0,0.0007,0.0007,0.4,0.0,25.0,21.0,1781033624490835396
1781033624612852506,31,0,8,0,true,0.2422,0.0019,1984,8192,0.009,0.009,47.95,0.009,0,0,0.0007,0.0007,0.41,0.0,25.0,21.0,1781033624593201550
1781033624712858155,31,0,8,0,true,0.2424,0.0019,1985,8192,0.008,0.008,47.95,0.008,0,0,0.0007,0.0007,0.39,0.0,25.0,21.0,1781033624698269944
1781033624812866755,31,0,8,0,true,0.2426,0.0019,1987,8192,0.008,0.008,47.95,0.008,0,0,0.0007,0.0007,0.39,0.0,25.0,21.0,1781033624786595808
1781033624910162474,31,0,8,0,true,0.2428,0.0018,1989,8192,0.009,0.009,47.95,0.009,0,0,0.0007,0.0007,0.41,0.0,25.0,21.0,1781033624906878647
1781033625009674867,31,0,8,0,true,0.243,0.0018,1990,8192,0.008,0.008,47.95,0.008,0,0,0.0006,0.0006,0.37,0.0,25.0,21.0,1781033625004749911
1781033625111748585,31,0,8,0,true,0.2432,0.0018,1992,8192,0.008,0.008,47.95,0.008,0,0,0.0007,0.0007,0.38,0.0,25.0,21.0,1781033625098927517
1781033625212862896,31,0,8,0,true,0.2433,0.0018,1993,8192,0.009,0.009,47.95,0.009,0,0,0.0007,0.0007,0.41,0.0,25.0,21.0,1781033625192910697
1781033625312862403,31,0,8,0,true,0.2436,0.002,1995,8192,0.008,0.008,47.95,0.008,0,0,0.0007,0.0007,0.41,0.0,25.0,21.0,1781033625306103669
1781033625412555865,31,0,8,0,true,0.2437,0.0018,1996,8192,0.008,0.008,47.95,0.008,0,0,0.0007,0.0007,0.41,0.0,25.0,21.0,1781033625400197534
1781033625510219737,31,0,8,0,true,0.2439,0.0018,1998,8192,0.008,0.008,47.95,0.008,0,0,0.0007,0.0007,0.41,0.0,25.0,21.0,1781033625503280912
1781033625609345441,31,0,8,0,true,0.2441,0.0018,1999,8192,0.008,0.008,47.95,0.008,0,0,0.0007,0.0007,0.38,0.0,25.0,21.0,1781033625609162904
1781033653513460984,,,,,,,,,,,,,,,,,,,,,,
1781033653613412432,,,,,,,,,,,,,,,,,,,,,,
1781033653713846673,,,,,,,,,,,,,,,,,,,,,,
1781033653813921424,,,,,,,,,,,,,,,,,,,,,,
1781033653913491827,,,,,,,,,,,,,,,,,,,,,,
1781033654013503592,,,,,,,,,,,,,,,,,,,,,,
1781033654114381580,,,,,,,,,,,,,,,,,,,,,,
1781033654213430639,,,,,,,,,,,,,,,,,,,,,,
1781033654314208487,,,,,,,,,,,,,,,,,,,,,,
1781033654413424859,,,,,,,,,,,,,,,,,,,,,,
1781033654513459095,,,,,,,,,,,,,,,,,,,,,,
1781033654613446409,,,,,,,,,,,,,,,,,,,,,,
1781033654714436019,,,,,,,,,,,,,,,,,,,,,,
1781033654813470875,,,,,,,,,,,,,,,,,,,,,,
1781033654914427054,,,,,,,,,,,,,,,,,,,,,,
1781033655014430543,,,,,,,,,,,,,,,,,,,,,,
1781033655113877986,,,,,,,,,,,,,,,,,,,,,,
1781033655214051252,,,,,,,,,,,,,,,,,,,,,,
1781033655314390019,,,,,,,,,,,,,,,,,,,,,,
1781033655413392419,,,,,,,,,,,,,,,,,,,,,,
1781033655513403380,,,,,,,,,,,,,,,,,,,,,,
1781033655613485716,,,,,,,,,,,,,,,,,,,,,,
1781033655714423795,,,,,,,,,,,,,,,,,,,,,,
1781033655814426547,,,,,,,,,,,,,,,,,,,,,,
1781033655914423383,,,,,,,,,,,,,,,,,,,,,,
1781033656013428765,,,,,,,,,,,,,,,,,,,,,,
1781033656114033337,,,,,,,,,,,,,,,,,,,,,,
1781033656214271691,,,,,,,,,,,,,,,,,,,,,,
1781033656313410004,,,,,,,,,,,,,,,,,,,,,,
1781033656414073692,,,,,,,,,,,,,,,,,,,,,,
1781033656514005084,,,,,,,,,,,,,,,,,,,,,,
1781033656613904882,,,,,,,,,,,,,,,,,,,,,,
1781033656714083243,,,,,,,,,,,,,,,,,,,,,,
1781033656814030706,,,,,,,,,,,,,,,,,,,,,,
1781033656914257974,,,,,,,,,,,,,,,,,,,,,,
1781033657014469980,,,,,,,,,,,,,,,,,,,,,,
1781033657113442423,,,,,,,,,,,,,,,,,,,,,,
1781033657214408764,,,,,,,,,,,,,,,,,,,,,,
1781033657314361837,,,,,,,,,,,,,,,,,,,,,,
1781033657414238056,,,,,,,,,,,,,,,,,,,,,,
1781033657514096840,,,,,,,,,,,,,,,,,,,,,,
1781033657614023351,,,,,,,,,,,,,,,,,,,,,,
1781033657713804928,,,,,,,,,,,,,,,,,,,,,,
1781033657813832309,,,,,,,,,,,,,,,,,,,,,,
1781033657913886014,,,,,,,,,,,,,,,,,,,,,,
1781033658014331188,,,,,,,,,,,,,,,,,,,,,,
1781033658114242208,,,,,,,,,,,,,,,,,,,,,,
1781033658214176083,,,,,,,,,,,,,,,,,,,,,,
1781033658314164859,,,,,,,,,,,,,,,,,,,,,,
1781033658413883873,,,,,,,,,,,,,,,,,,,,,,
1781033658513941178,,,,,,,,,,,,,,,,,,,,,,
1781033658613791483,,,,,,,,,,,,,,,,,,,,,,
1781033658713439602,,,,,,,,,,,,,,,,,,,,,,
1781033658813393501,,,,,,,,,,,,,,,,,,,,,,
1781033658913409616,,,,,,,,,,,,,,,,,,,,,,
1781033659014293644,,,,,,,,,,,,,,,,,,,,,,
1781033659114269448,,,,,,,,,,,,,,,,,,,,,,
1781033659214413830,,,,,,,,,,,,,,,,,,,,,,
1781033659314465706,,,,,,,,,,,,,,,,,,,,,,
1781033659413808500,,,,,,,,,,,,,,,,,,,,,,
1781033659513982640,,,,,,,,,,,,,,,,,,,,,,
1781033659614111743,,,,,,,,,,,,,,,,,,,,,,
1781033659714323123,,,,,,,,,,,,,,,,,,,,,,
1781033659813478804,,,,,,,,,,,,,,,,,,,,,,
1781033659913760469,,,,,,,,,,,,,,,,,,,,,,
1781033660013822119,,,,,,,,,,,,,,,,,,,,,,
1781033660113451887,,,,,,,,,,,,,,,,,,,,,,
1781033660213866853,,,,,,,,,,,,,,,,,,,,,,
1781033660313873788,,,,,,,,,,,,,,,,,,,,,,
1781033660413871198,,,,,,,,,,,,,,,,,,,,,,
1781033660513861039,,,,,,,,,,,,,,,,,,,,,,
1781033660613769178,,,,,,,,,,,,,,,,,,,,,,
1781033660713490414,,,,,,,,,,,,,,,,,,,,,,
1781033660814245116,,,,,,,,,,,,,,,,,,,,,,
1781033660913444008,,,,,,,,,,,,,,,,,,,,,,
1781033661014395696,,,,,,,,,,,,,,,,,,,,,,
1781033661114371202,,,,,,,,,,,,,,,,,,,,,,
1781033661214407595,,,,,,,,,,,,,,,,,,,,,,
1781033661314285252,,,,,,,,,,,,,,,,,,,,,,
1781033661414410378,,,,,,,,,,,,,,,,,,,,,,
1781033661513726930,,,,,,,,,,,,,,,,,,,,,,
1781033661624875881,,,,,,,,,,,,,,,,,,,,,,
1781033661726449834,,,,,,,,,,,,,,,,,,,,,,
1781033661828820797,,,,,,,,,,,,,,,,,,,,,,
1781033661926424637,,,,,,,,,,,,,,,,,,,,,,
1781033662026170676,,,,,,,,,,,,,,,,,,,,,,
1781033662126323695,,,,,,,,,,,,,,,,,,,,,,
1781033662225991574,,,,,,,,,,,,,,,,,,,,,,
1781033662326379013,,,,,,,,,,,,,,,,,,,,,,
1781033662425892043,,,,,,,,,,,,,,,,,,,,,,
1781033662526398318,,,,,,,,,,,,,,,,,,,,,,
1781033662625747929,,,,,,,,,,,,,,,,,,,,,,
1781033662726209672,,,,,,,,,,,,,,,,,,,,,,
1781033662825723703,,,,,,,,,,,,,,,,,,,,,,
1781033662925982879,,,,,,,,,,,,,,,,,,,,,,
1781033663025521496,,,,,,,,,,,,,,,,,,,,,,
1781033663128848405,,,,,,,,,,,,,,,,,,,,,,
1781033663225861565,,,,,,,,,,,,,,,,,,,,,,
1781033663326189542,,,,,,,,,,,,,,,,,,,,,,
1781033663426111384,,,,,,,,,,,,,,,,,,,,,,
1781033663526128798,,,,,,,,,,,,,,,,,,,,,,
1781033663626449300,,,,,,,,,,,,,,,,,,,,,,
1781033663725621875,,,,,,,,,,,,,,,,,,,,,,
1781033663825681690,,,,,,,,,,,,,,,,,,,,,,
1781033663926281706,,,,,,,,,,,,,,,,,,,,,,
1781033664026949627,,,,,,,,,,,,,,,,,,,,,,
1781033664126062957,,,,,,,,,,,,,,,,,,,,,,
1781033664226263081,,,,,,,,,,,,,,,,,,,,,,
1781033664325948838,,,,,,,,,,,,,,,,,,,,,,
1781033664426257036,,,,,,,,,,,,,,,,,,,,,,
1781033664526361484,,,,,,,,,,,,,,,,,,,,,,
1781033664625674541,,,,,,,,,,,,,,,,,,,,,,
1781033664726374615,,,,,,,,,,,,,,,,,,,,,,
1781033664826171147,,,,,,,,,,,,,,,,,,,,,,
1781033664926034260,,,,,,,,,,,,,,,,,,,,,,
1781033665026401446,,,,,,,,,,,,,,,,,,,,,,
1781033665125968542,,,,,,,,,,,,,,,,,,,,,,
1781033665225761734,,,,,,,,,,,,,,,,,,,,,,
1781033665328441727,,,,,,,,,,,,,,,,,,,,,,
1781033665426017040,,,,,,,,,,,,,,,,,,,,,,
1781033665525883036,,,,,,,,,,,,,,,,,,,,,,
1781033665626089399,,,,,,,,,,,,,,,,,,,,,,
1781033665725725612,,,,,,,,,,,,,,,,,,,,,,
1781033665826235324,,,,,,,,,,,,,,,,,,,,,,
1781033665925473958,,,,,,,,,,,,,,,,,,,,,,
1781033666026155538,,,,,,,,,,,,,,,,,,,,,,
1781033666125486151,,,,,,,,,,,,,,,,,,,,,,
1781033666226381326,,,,,,,,,,,,,,,,,,,,,,
1781033666326155542,,,,,,,,,,,,,,,,,,,,,,
1781033666425694806,,,,,,,,,,,,,,,,,,,,,,
1781033666526016156,,,,,,,,,,,,,,,,,,,,,,
1781033666626392913,,,,,,,,,,,,,,,,,,,,,,
1781033666726413728,,,,,,,,,,,,,,,,,,,,,,
1781033666825746037,,,,,,,,,,,,,,,,,,,,,,
1781033666926661239,,,,,,,,,,,,,,,,,,,,,,
1781033667025794920,,,,,,,,,,,,,,,,,,,,,,
1781033667126341530,,,,,,,,,,,,,,,,,,,,,,
1781033667227416450,,,,,,,,,,,,,,,,,,,,,,
1781033667325643310,,,,,,,,,,,,,,,,,,,,,,
1781033667425694320,,,,,,,,,,,,,,,,,,,,,,
1781033667526138745,,,,,,,,,,,,,,,,,,,,,,
1781033667626269452,,,,,,,,,,,,,,,,,,,,,,
1781033667726403931,,,,,,,,,,,,,,,,,,,,,,
1781033667825682330,,,,,,,,,,,,,,,,,,,,,,
1781033667925754228,,,,,,,,,,,,,,,,,,,,,,
1781033668025954429,,,,,,,,,,,,,,,,,,,,,,
1781033668125600264,,,,,,,,,,,,,,,,,,,,,,
1781033668226298545,,,,,,,,,,,,,,,,,,,,,,
1781033668325647528,,,,,,,,,,,,,,,,,,,,,,
1781033668425545298,,,,,,,,,,,,,,,,,,,,,,
1781033668528847847,,,,,,,,,,,,,,,,,,,,,,
1781033668625719980,,,,,,,,,,,,,,,,,,,,,,
1781033668726229882,,,,,,,,,,,,,,,,,,,,,,
1781033668826095410,,,,,,,,,,,,,,,,,,,,,,
1781033668926150973,,,,,,,,,,,,,,,,,,,,,,
1781033669026111839,,,,,,,,,,,,,,,,,,,,,,
1781033669126088965,,,,,,,,,,,,,,,,,,,,,,
1781033669226003262,,,,,,,,,,,,,,,,,,,,,,
1781033669326384782,,,,,,,,,,,,,,,,,,,,,,
1781033669426210202,,,,,,,,,,,,,,,,,,,,,,
1781033669526153508,,,,,,,,,,,,,,,,,,,,,,
1781033669626278315,,,,,,,,,,,,,,,,,,,,,,
1781033669726091068,,,,,,,,,,,,,,,,,,,,,,
1781033669826407219,,,,,,,,,,,,,,,,,,,,,,
1781033669926178722,,,,,,,,,,,,,,,,,,,,,,
1781033670026239102,,,,,,,,,,,,,,,,,,,,,,
1781033670125676904,,,,,,,,,,,,,,,,,,,,,,
1781033670226379545,,,,,,,,,,,,,,,,,,,,,,
1781033670325991029,31,0,8,0,true,0.0,0.0573,0,8192,0.22,0.22,48.0,0.22,0,0,0.0182,0.0182,10.54,0.01,25.0,21.0,1781033670324150551
1781033670428868440,31,0,8,0,true,0.0016,0.0098,12,8192,0.006,0.006,47.96,0.006,0,0,0.0005,0.0005,0.3,0.0,25.0,21.0,1781033670411328000
1781033670526205457,31,0,8,0,true,0.0022,0.0046,18,8192,0.002,0.002,47.96,0.002,0,0,0.0002,0.0002,0.09,0.0,25.0,21.0,1781033670523855175
1781033670625529091,31,0,8,0,true,0.0026,0.004,20,8192,0.002,0.002,47.96,0.002,0,0,0.0002,0.0002,0.09,0.0,25.0,21.0,1781033670601473871
1781033670725413408,31,0,8,0,true,0.003,0.0041,24,8192,0.003,0.003,47.96,0.003,0,0,0.0002,0.0002,0.13,0.0,25.0,21.0,1781033670719875148
1781033670826105998,31,0,8,0,true,0.0034,0.0041,27,8192,0.003,0.003,47.96,0.003,0,0,0.0002,0.0002,0.14,0.0,25.0,21.0,1781033670809143287
1781033670928853204,31,0,8,0,true,0.0039,0.004,31,8192,0.003,0.003,47.96,0.003,0,0,0.0002,0.0002,0.13,0.0,25.0,21.0,1781033670921136638
1781033671025614009,31,0,8,0,true,0.0043,0.0041,34,8192,0.003,0.003,47.96,0.003,0,0,0.0003,0.0003,0.15,0.0,25.0,21.0,1781033671015773732
1781033671125700873,31,0,8,0,true,0.0047,0.0041,38,8192,0.003,0.003,47.96,0.003,0,0,0.0003,0.0003,0.15,0.0,25.0,21.0,1781033671116511451
1781033671228898882,31,0,8,0,true,0.005,0.0041,40,8192,0.003,0.003,47.96,0.003,0,0,0.0002,0.0002,0.14,0.0,25.0,21.0,1781033671194406765
1781033671326229828,31,0,8,0,true,0.0054,0.0041,44,8192,0.003,0.003,47.96,0.003,0,0,0.0002,0.0002,0.14,0.0,25.0,21.0,1781033671289092800
1781033671428858668,31,0,8,0,true,0.0059,0.0042,48,8192,0.003,0.003,47.96,0.003,0,0,0.0002,0.0002,0.14,0.0,25.0,21.0,1781033671412757405
1781033671526669876,31,0,8,0,true,0.0063,0.0042,51,8192,0.003,0.003,47.96,0.003,0,0,0.0002,0.0002,0.14,0.0,25.0,21.0,1781033671502048555
1781033671626407114,31,0,8,0,true,0.0068,0.0041,55,8192,0.003,0.003,47.96,0.003,0,0,0.0002,0.0002,0.13,0.0,25.0,21.0,1781033671621873794
1781033671727352075,31,0,8,0,true,0.0071,0.0041,58,8192,0.003,0.003,47.96,0.003,0,0,0.0002,0.0002,0.14,0.0,25.0,21.0,1781033671705197993
1781033671827885932,31,0,8,0,true,0.0076,0.0042,62,8192,0.003,0.003,47.96,0.003,0,0,0.0002,0.0002,0.12,0.0,25.0,21.0,1781033671826844782
1781033671926999756,31,0,8,0,true,0.0079,0.0042,64,8192,0.003,0.003,47.96,0.003,0,0,0.0002,0.0002,0.14,0.0,25.0,21.0,1781033671894328018
1781033672026440086,31,0,8,0,true,0.0084,0.0041,68,8192,0.003,0.003,47.96,0.003,0,0,0.0002,0.0002,0.12,0.0,25.0,21.0,1781033672021873455
1781033672126150771,31,0,8,0,true,0.0088,0.0041,72,8192,0.003,0.003,47.96,0.003,0,0,0.0002,0.0002,0.13,0.0,25.0,21.0,1781033672116581509
1781033672229277890,31,0,8,0,true,0.0092,0.0041,75,8192,0.003,0.003,47.96,0.003,0,0,0.0003,0.0003,0.15,0.0,25.0,21.0,1781033672223081522
1781033672325807432,31,0,8,0,true,0.0096,0.0041,78,8192,0.003,0.003,47.96,0.003,0,0,0.0002,0.0002,0.14,0.0,25.0,21.0,1781033672311652127
1781033672428243082,31,0,8,0,true,0.01,0.0041,81,8192,0.003,0.003,47.96,0.003,0,0,0.0002,0.0002,0.14,0.0,25.0,21.0,1781033672403486114
1781033672526469075,31,0,8,0,true,0.0104,0.0041,85,8192,0.003,0.003,47.96,0.003,0,0,0.0002,0.0002,0.13,0.0,25.0,21.0,1781033672514260840
1781033672626094476,31,0,8,0,true,0.0107,0.0041,87,8192,0.003,0.003,47.96,0.003,0,0,0.0002,0.0002,0.14,0.0,25.0,21.0,1781033672591014062
1781033672726074971,31,0,8,0,true,0.0113,0.0041,92,8192,0.003,0.003,47.96,0.003,0,0,0.0003,0.0003,0.15,0.0,25.0,21.0,1781033672717129716
1781033672827208822,31,0,8,0,true,0.0117,0.0041,95,8192,0.003,0.003,47.96,0.003,0,0,0.0002,0.0002,0.14,0.0,25.0,21.0,1781033672826446260
1781033672925479723,31,0,8,0,true,0.0121,0.0042,99,8192,0.003,0.003,47.96,0.003,0,0,0.0002,0.0002,0.14,0.0,25.0,21.0,1781033672923933979
1781033673025488088,31,0,8,0,true,0.0125,0.0041,102,8192,0.003,0.003,47.96,0.003,0,0,0.0002,0.0002,0.14,0.0,25.0,21.0,1781033673025013483
1781033673126018022,31,0,8,0,true,0.0129,0.0041,105,8192,0.003,0.003,47.96,0.003,0,0,0.0002,0.0002,0.14,0.0,25.0,21.0,1781033673114584614
1781033673226878047,31,0,8,0,true,0.0134,0.0041,109,8192,0.003,0.003,47.96,0.003,0,0,0.0003,0.0003,0.15,0.0,25.0,21.0,1781033673226308302
1781033673326494936,31,0,8,0,true,0.0137,0.0041,112,8192,0.003,0.003,47.96,0.003,0,0,0.0002,0.0002,0.14,0.0,25.0,21.0,1781033673312142337
1781033673428844209,31,0,8,0,true,0.0141,0.0041,115,8192,0.003,0.003,47.96,0.003,0,0,0.0002,0.0002,0.14,0.0,25.0,21.0,1781033673413897840
1781033673528874679,31,0,8,0,true,0.0144,0.0041,118,8192,0.003,0.003,47.96,0.003,0,0,0.0002,0.0002,0.14,0.0,25.0,21.0,1781033673487940322
1781033673626233502,31,0,8,0,true,0.015,0.0041,122,8192,0.003,0.003,47.96,0.003,0,0,0.0002,0.0002,0.14,0.0,25.0,21.0,1781033673625240622
1781033673726127970,31,0,8,0,true,0.0153,0.0041,125,8192,0.003,0.003,47.96,0.003,0,0,0.0003,0.0003,0.15,0.0,25.0,21.0,1781033673694072290
1781033673832984702,31,0,8,0,true,0.0158,0.0041,129,8192,0.003,0.003,47.96,0.003,0,0,0.0002,0.0002,0.14,0.0,25.0,21.0,1781033673812889173
1781033673934050631,31,0,8,0,true,0.0162,0.0041,132,8192,0.003,0.003,47.96,0.003,0,0,0.0003,0.0003,0.15,0.0,25.0,21.0,1781033673916232453
1781033674034419927,31,0,8,0,true,0.0166,0.0041,135,8192,0.003,0.003,47.96,0.003,0,0,0.0002,0.0002,0.14,0.0,25.0,21.0,1781033674011469160
1781033674134377963,31,0,8,0,true,0.0169,0.0041,138,8192,0.003,0.003,47.96,0.003,0,0,0.0002,0.0002,0.14,0.0,25.0,21.0,1781033674098623038
1781033674236873992,31,0,8,0,true,0.0174,0.0042,142,8192,0.003,0.003,47.96,0.003,0,0,0.0002,0.0002,0.14,0.0,25.0,21.0,1781033674217760447
1781033674333887205,31,0,8,0,true,0.0178,0.0041,145,8192,0.003,0.003,47.96,0.003,0,0,0.0002,0.0002,0.14,0.0,25.0,21.0,1781033674302354182
1781033674434967368,31,0,8,0,true,0.0182,0.0041,149,8192,0.003,0.003,47.96,0.003,0,0,0.0002,0.0002,0.14,0.0,25.0,21.0,1781033674405100027
1781033674533396413,31,0,8,0,true,0.0187,0.0042,153,8192,0.003,0.003,47.96,0.003,0,0,0.0002,0.0002,0.13,0.0,25.0,21.0,1781033674532386054
1781033674636857751,31,0,8,0,true,0.0191,0.0041,156,8192,0.003,0.003,47.96,0.003,0,0,0.0002,0.0002,0.14,0.0,25.0,21.0,1781033674611882065
1781033674736859927,31,0,8,0,true,0.0194,0.0041,159,8192,0.003,0.003,47.96,0.003,0,0,0.0002,0.0002,0.13,0.0,25.0,21.0,1781033674700122648
1781033674833787178,31,0,8,0,true,0.02,0.0041,163,8192,0.003,0.003,47.96,0.003,0,0,0.0002,0.0002,0.14,0.0,25.0,21.0,1781033674834000876
1781033674936870051,31,0,8,0,true,0.0203,0.0041,166,8192,0.003,0.003,47.96,0.003,0,0,0.0003,0.0003,0.15,0.0,25.0,21.0,1781033674926168656
1781033675034377818,31,0,8,0,true,0.0206,0.0041,168,8192,0.003,0.003,47.96,0.003,0,0,0.0002,0.0002,0.13,0.0,25.0,21.0,1781033674989286103
1781033675133836022,31,0,8,0,true,0.0211,0.0042,172,8192,0.002,0.002,47.96,0.002,0,0,0.0002,0.0002,0.12,0.0,25.0,21.0,1781033675113183834
1781033675233680948,31,0,8,0,true,0.0216,0.0041,176,8192,0.003,0.003,47.96,0.003,0,0,0.0002,0.0002,0.13,0.0,25.0,21.0,1781033675222382274
1781033675334815711,31,0,8,0,true,0.0219,0.0041,179,8192,0.003,0.003,47.96,0.003,0,0,0.0002,0.0002,0.14,0.0,25.0,21.0,1781033675296896308
1781033675440909234,31,0,8,0,true,0.0224,0.0042,183,8192,0.002,0.002,47.96,0.002,0,0,0.0002,0.0002,0.12,0.0,25.0,21.0,1781033675430312125
1781033675542494392,31,0,8,0,true,0.0229,0.0041,187,8192,0.003,0.003,47.96,0.003,0,0,0.0002,0.0002,0.13,0.0,25.0,21.0,1781033675534302499
1781033675641632744,31,0,8,0,true,0.0233,0.0041,190,8192,0.003,0.003,47.96,0.003,0,0,0.0002,0.0002,0.14,0.0,25.0,21.0,1781033675636372046
1781033675741996375,31,0,8,0,true,0.0236,0.0041,193,8192,0.003,0.003,47.96,0.003,0,0,0.0002,0.0002,0.14,0.0,25.0,21.0,1781033675727517924
1781033675848863362,31,0,8,0,true,0.0241,0.0041,197,8192,0.003,0.003,47.96,0.003,0,0,0.0002,0.0002,0.14,0.0,25.0,21.0,1781033675829114660
1781033675953017084,31,0,8,0,true,0.0245,0.0041,200,8192,0.003,0.003,47.96,0.003,0,0,0.0002,0.0002,0.14,0.0,25.0,21.0,1781033675942533399
1781033676053018091,31,0,8,0,true,0.0249,0.0041,204,8192,0.003,0.003,47.96,0.003,0,0,0.0002,0.0002,0.14,0.0,25.0,21.0,1781033676039120826
1781033676149800379,31,0,8,0,true,0.0253,0.0042,207,8192,0.003,0.003,47.96,0.003,0,0,0.0002,0.0002,0.14,0.0,25.0,21.0,1781033676128663743
1781033676249629882,31,0,8,0,true,0.0256,0.0041,209,8192,0.003,0.003,47.96,0.003,0,0,0.0002,0.0002,0.13,0.0,25.0,21.0,1781033676211603218
1781033676357743045,31,0,8,0,true,0.0262,0.0041,214,8192,0.003,0.003,47.96,0.003,0,0,0.0002,0.0002,0.14,0.0,25.0,21.0,1781033676350602561
1781033676459215713,31,0,8,0,true,0.0266,0.0041,218,8192,0.003,0.003,47.96,0.003,0,0,0.0002,0.0002,0.14,0.0,25.0,21.0,1781033676456892249
1781033676558988473,31,0,8,0,true,0.0271,0.0042,221,8192,0.002,0.002,47.96,0.002,0,0,0.0002,0.0002,0.12,0.0,25.0,21.0,1781033676557907562
1781033676659178615,31,0,8,0,true,0.0274,0.0041,224,8192,0.003,0.003,47.96,0.003,0,0,0.0002,0.0002,0.14,0.0,25.0,21.0,1781033676649371374
1781033676758639949,31,0,8,0,true,0.0279,0.0041,228,8192,0.003,0.003,47.96,0.003,0,0,0.0002,0.0002,0.13,0.0,25.0,21.0,1781033676753036178
1781033676859915351,31,0,8,0,true,0.0281,0.0041,230,8192,0.003,0.003,47.96,0.003,0,0,0.0002,0.0002,0.13,0.0,25.0,21.0,1781033676810744447
1781033676959170158,31,0,8,0,true,0.0286,0.0041,234,8192,0.003,0.003,47.96,0.003,0,0,0.0003,0.0003,0.15,0.0,25.0,21.0,1781033676937713513
1781033677059129562,31,0,8,0,true,0.0291,0.0041,238,8192,0.003,0.003,47.96,0.003,0,0,0.0002,0.0002,0.12,0.0,25.0,21.0,1781033677046701252
1781033677159141796,31,0,8,0,true,0.0295,0.0042,241,8192,0.003,0.003,47.96,0.003,0,0,0.0002,0.0002,0.12,0.0,25.0,21.0,1781033677150900571
1781033677266892076,31,0,8,0,true,0.03,0.0042,245,8192,0.002,0.002,47.96,0.002,0,0,0.0002,0.0002,0.12,0.0,25.0,21.0,1781033677266018906
1781033677368390643,31,0,8,0,true,0.0304,0.0041,248,8192,0.003,0.003,47.96,0.003,0,0,0.0002,0.0002,0.14,0.0,25.0,21.0,1781033677362204317
1781033677470947622,31,0,8,0,true,0.0307,0.0041,251,8192,0.003,0.003,47.96,0.003,0,0,0.0002,0.0002,0.14,0.0,25.0,21.0,1781033677450022782
1781033677573021949,31,0,8,0,true,0.0311,0.0041,254,8192,0.003,0.003,47.96,0.003,0,0,0.0002,0.0002,0.13,0.0,25.0,21.0,1781033677539364342
1781033677677346977,31,0,8,0,true,0.0316,0.0041,259,8192,0.003,0.003,47.96,0.003,0,0,0.0002,0.0002,0.14,0.0,25.0,21.0,1781033677670593219
1781033677774272773,31,0,8,0,true,0.032,0.0041,261,8192,0.003,0.003,47.96,0.003,0,0,0.0002,0.0002,0.13,0.0,25.0,21.0,1781033677753106192
1781033677876142549,31,0,8,0,true,0.0324,0.0041,265,8192,0.003,0.003,47.96,0.003,0,0,0.0002,0.0002,0.14,0.0,25.0,21.0,1781033677859448201
1781033677976877852,31,0,8,0,true,0.0329,0.0041,269,8192,0.002,0.002,47.96,0.002,0,0,0.0002,0.0002,0.11,0.0,25.0,21.0,1781033677970116343
1781033678080094769,31,0,8,0,true,0.0332,0.0041,271,8192,0.003,0.003,47.96,0.003,0,0,0.0002,0.0002,0.13,0.0,25.0,21.0,1781033678046032719
1781033678181657157,31,0,8,0,true,0.0336,0.0041,275,8192,0.003,0.003,47.96,0.003,0,0,0.0002,0.0002,0.13,0.0,25.0,21.0,1781033678157797101
1781033678281414806,31,0,8,0,true,0.0341,0.0041,279,8192,0.003,0.003,47.96,0.003,0,0,0.0002,0.0002,0.12,0.0,25.0,21.0,1781033678265991981
1781033678380870171,31,0,8,0,true,0.0345,0.0041,282,8192,0.002,0.002,47.96,0.002,0,0,0.0002,0.0002,0.11,0.0,25.0,21.0,1781033678374769666
1781033678481161698,31,0,8,0,true,0.0349,0.0041,285,8192,0.002,0.002,47.96,0.002,0,0,0.0002,0.0002,0.11,0.0,25.0,21.0,1781033678463394801
1781033678588854628,31,0,8,0,true,0.0353,0.0041,289,8192,0.003,0.003,47.96,0.003,0,0,0.0002,0.0002,0.14,0.0,25.0,21.0,1781033678577681132
1781033678689811341,31,0,8,0,true,0.0357,0.0041,292,8192,0.003,0.003,47.96,0.003,0,0,0.0002,0.0002,0.14,0.0,25.0,21.0,1781033678673200562
1781033678789762356,31,0,8,0,true,0.0362,0.0041,296,8192,0.002,0.002,47.96,0.002,0,0,0.0002,0.0002,0.11,0.0,25.0,21.0,1781033678785662760
1781033678891139447,31,0,8,0,true,0.0366,0.0041,300,8192,0.002,0.002,47.96,0.002,0,0,0.0002,0.0002,0.11,0.0,25.0,21.0,1781033678890218879
1781033678990108716,31,0,8,0,true,0.037,0.004,302,8192,0.003,0.003,47.96,0.003,0,0,0.0002,0.0002,0.14,0.0,25.0,21.0,1781033678973241910
1781033679090024271,31,0,8,0,true,0.0374,0.0041,306,8192,0.003,0.003,47.96,0.003,0,0,0.0002,0.0002,0.14,0.0,25.0,21.0,1781033679073912294
1781033679190298211,31,0,8,0,true,0.0379,0.0041,310,8192,0.003,0.003,47.96,0.003,0,0,0.0002,0.0002,0.13,0.0,25.0,21.0,1781033679186191278
1781033679293075989,31,0,8,0,true,0.0382,0.0042,313,8192,0.003,0.003,47.96,0.003,0,0,0.0002,0.0002,0.13,0.0,25.0,21.0,1781033679280239248
1781033679393006459,31,0,8,0,true,0.0386,0.0041,316,8192,0.003,0.003,47.96,0.003,0,0,0.0002,0.0002,0.14,0.0,25.0,21.0,1781033679374021884
1781033679493010304,31,0,8,0,true,0.039,0.0041,319,8192,0.003,0.003,47.96,0.003,0,0,0.0002,0.0002,0.13,0.0,25.0,21.0,1781033679458898910
1781033679589771365,31,0,8,0,true,0.0394,0.0041,323,8192,0.003,0.003,47.96,0.003,0,0,0.0002,0.0002,0.14,0.0,25.0,21.0,1781033679576020677
1781033679690443323,31,0,8,0,true,0.0399,0.0041,326,8192,0.003,0.003,47.96,0.003,0,0,0.0002,0.0002,0.14,0.0,25.0,21.0,1781033679687264642
1781033679790147777,31,0,8,0,true,0.0403,0.0042,329,8192,0.003,0.003,47.96,0.003,0,0,0.0002,0.0002,0.14,0.0,25.0,21.0,1781033679775180186
1781033679890026812,31,0,8,0,true,0.0407,0.004,333,8192,0.003,0.003,47.96,0.003,0,0,0.0002,0.0002,0.14,0.0,25.0,21.0,1781033679883765378
1781033679990182346,31,0,8,0,true,0.041,0.0041,336,8192,0.002,0.002,47.96,0.002,0,0,0.0002,0.0002,0.11,0.0,25.0,21.0,1781033679959915321
1781033680092254978,31,0,8,0,true,0.0415,0.0041,340,8192,0.003,0.003,47.96,0.003,0,0,0.0002,0.0002,0.13,0.0,25.0,21.0,1781033680088136074
1781033680189999389,31,0,8,0,true,0.0419,0.0041,343,8192,0.003,0.003,47.96,0.003,0,0,0.0002,0.0002,0.14,0.0,25.0,21.0,1781033680180546012
1781033680290433678,31,0,8,0,true,0.0424,0.0042,346,8192,0.003,0.003,47.96,0.003,0,0,0.0002,0.0002,0.14,0.0,25.0,21.0,1781033680284720860
1781033680394340283,31,0,8,0,true,0.0427,0.0041,349,8192,0.003,0.003,47.96,0.003,0,0,0.0002,0.0002,0.14,0.0,25.0,21.0,1781033680372670755
1781033680496904183,31,0,8,0,true,0.043,0.0041,352,8192,0.003,0.003,47.96,0.003,0,0,0.0002,0.0002,0.14,0.0,25.0,21.0,1781033680449019169
1781033680595317163,31,0,8,0,true,0.0435,0.0041,356,8192,0.003,0.003,47.96,0.003,0,0,0.0002,0.0002,0.13,0.0,25.0,21.0,1781033680572018726
1781033680696910185,31,0,8,0,true,0.0439,0.0041,359,8192,0.003,0.003,47.96,0.003,0,0,0.0002,0.0002,0.13,0.0,25.0,21.0,1781033680662295893
1781033680796887410,31,0,8,0,true,0.0444,0.0041,363,8192,0.003,0.003,47.96,0.003,0,0,0.0002,0.0002,0.12,0.0,25.0,21.0,1781033680782745274
1781033680895348210,31,0,8,0,true,0.0449,0.0042,367,8192,0.003,0.003,47.96,0.003,0,0,0.0002,0.0002,0.13,0.0,25.0,21.0,1781033680893486622
1781033680996886998,31,0,8,0,true,0.0452,0.0041,370,8192,0.003,0.003,47.96,0.003,0,0,0.0002,0.0002,0.12,0.0,25.0,21.0,1781033680980901377
1781033681096913987,31,0,8,0,true,0.0457,0.0041,374,8192,0.002,0.002,47.96,0.002,0,0,0.0002,0.0002,0.11,0.0,25.0,21.0,1781033681088525200
1781033681194935560,31,0,8,0,true,0.0461,0.004,377,8192,0.003,0.003,47.96,0.003,0,0,0.0002,0.0002,0.13,0.0,25.0,21.0,1781033681193235881
1781033681295448455,31,0,8,0,true,0.0465,0.0041,380,8192,0.003,0.003,47.96,0.003,0,0,0.0002,0.0002,0.14,0.0,25.0,21.0,1781033681282024289
1781033681396625555,31,0,8,0,true,0.0469,0.0042,383,8192,0.003,0.003,47.96,0.003,0,0,0.0002,0.0002,0.13,0.0,25.0,21.0,1781033681381810376
1781033681500889480,31,0,8,0,true,0.0472,0.0041,386,8192,0.003,0.003,47.96,0.003,0,0,0.0002,0.0002,0.13,0.0,25.0,21.0,1781033681472905351
1781033681602304810,31,0,8,0,true,0.0477,0.0041,391,8192,0.003,0.003,47.96,0.003,0,0,0.0002,0.0002,0.12,0.0,25.0,21.0,1781033681598082117
1781033681701548402,31,0,8,0,true,0.0481,0.0042,394,8192,0.002,0.002,47.96,0.002,0,0,0.0002,0.0002,0.11,0.0,25.0,21.0,1781033681690441871
1781033681802578127,31,0,8,0,true,0.0485,0.0041,397,8192,0.003,0.003,47.96,0.003,0,0,0.0002,0.0002,0.13,0.0,25.0,21.0,1781033681787587036
1781033681904853737,31,0,8,0,true,0.049,0.0041,401,8192,0.003,0.003,47.96,0.003,0,0,0.0002,0.0002,0.14,0.0,25.0,21.0,1781033681890483427
1781033682002030939,31,0,8,0,true,0.0494,0.0041,404,8192,0.003,0.003,47.96,0.003,0,0,0.0002,0.0002,0.12,0.0,25.0,21.0,1781033682001310680
1781033682104852190,31,0,8,0,true,0.0498,0.0041,407,8192,0.003,0.003,47.96,0.003,0,0,0.0002,0.0002,0.12,0.0,25.0,21.0,1781033682086138745
1781033682204853175,31,0,8,0,true,0.0502,0.0041,411,8192,0.003,0.003,47.96,0.003,0,0,0.0002,0.0002,0.12,0.0,25.0,21.0,1781033682194525401
1781033682302328575,31,0,8,0,true,0.0506,0.0041,414,8192,0.003,0.003,47.96,0.003,0,0,0.0002,0.0002,0.13,0.0,25.0,21.0,1781033682300748520
1781033682402170009,31,0,8,0,true,0.051,0.0041,417,8192,0.003,0.003,47.96,0.003,0,0,0.0002,0.0002,0.13,0.0,25.0,21.0,1781033682382604317
1781033682502165955,31,0,8,0,true,0.0514,0.0041,421,8192,0.003,0.003,47.96,0.003,0,0,0.0002,0.0002,0.13,0.0,25.0,21.0,1781033682493587034
1781033682608864696,31,0,8,0,true,0.0519,0.0041,424,8192,0.003,0.003,47.96,0.003,0,0,0.0002,0.0002,0.12,0.0,25.0,21.0,1781033682599064278
1781033682713020157,31,0,8,0,true,0.0522,0.0041,428,8192,0.003,0.003,47.96,0.003,0,0,0.0002,0.0002,0.12,0.0,25.0,21.0,1781033682693245028
1781033682813240409,31,0,8,0,true,0.0527,0.0042,432,8192,0.003,0.003,47.96,0.003,0,0,0.0002,0.0002,0.13,0.0,25.0,21.0,1781033682811620705
1781033682912991043,31,0,8,0,true,0.0531,0.0041,434,8192,0.003,0.003,47.96,0.003,0,0,0.0003,0.0003,0.15,0.0,25.0,21.0,1781033682893161562
1781033683009993676,31,0,8,0,true,0.0535,0.0042,438,8192,0.003,0.003,47.96,0.003,0,0,0.0002,0.0002,0.13,0.0,25.0,21.0,1781033683005758202
1781033683110094065,31,0,8,0,true,0.0539,0.0042,441,8192,0.002,0.002,47.96,0.002,0,0,0.0002,0.0002,0.12,0.0,25.0,21.0,1781033683104907877
1781033683210261032,31,0,8,0,true,0.0543,0.0043,445,8192,0.002,0.002,47.96,0.002,0,0,0.0002,0.0002,0.11,0.0,25.0,21.0,1781033683199013479
1781033683311265666,31,0,8,0,true,0.0547,0.0041,447,8192,0.002,0.002,47.96,0.002,0,0,0.0002,0.0002,0.11,0.0,25.0,21.0,1781033683278707117
1781033683412985152,31,0,8,0,true,0.0551,0.0041,451,8192,0.003,0.003,47.96,0.003,0,0,0.0002,0.0002,0.13,0.0,25.0,21.0,1781033683394639797
1781033683510441960,31,0,8,0,true,0.0556,0.0041,455,8192,0.002,0.002,47.96,0.002,0,0,0.0002,0.0002,0.11,0.0,25.0,21.0,1781033683502512070
1781033683609946215,31,0,8,0,true,0.056,0.0041,458,8192,0.003,0.003,47.96,0.003,0,0,0.0002,0.0002,0.12,0.0,25.0,21.0,1781033683603412706
1781033683709592901,31,0,8,0,true,0.0564,0.0042,461,8192,0.003,0.003,47.96,0.003,0,0,0.0002,0.0002,0.13,0.0,25.0,21.0,1781033683699198753
1781033683817010553,31,0,8,0,true,0.0568,0.0041,465,8192,0.002,0.002,47.96,0.002,0,0,0.0002,0.0002,0.1,0.0,25.0,21.0,1781033683794569223
1781033683917875949,31,0,8,0,true,0.0573,0.0041,469,8192,0.003,0.003,47.96,0.003,0,0,0.0002,0.0002,0.14,0.0,25.0,21.0,1781033683911932030
1781033684018307609,31,0,8,0,true,0.0577,0.0043,472,8192,0.002,0.002,47.96,0.002,0,0,0.0002,0.0002,0.11,0.0,25.0,21.0,1781033684016081661
1781033684120882930,31,0,8,0,true,0.058,0.0041,475,8192,0.002,0.002,47.96,0.002,0,0,0.0002,0.0002,0.12,0.0,25.0,21.0,1781033684100047186
1781033684218113921,31,0,8,0,true,0.0585,0.0041,478,8192,0.003,0.003,47.96,0.003,0,0,0.0002,0.0002,0.14,0.0,25.0,21.0,1781033684200667415
1781033684317546590,31,0,8,0,true,0.0589,0.0041,482,8192,0.003,0.003,47.96,0.003,0,0,0.0002,0.0002,0.14,0.0,25.0,21.0,1781033684305729952
1781033684418274549,31,0,8,0,true,0.0593,0.0041,486,8192,0.002,0.002,47.96,0.002,0,0,0.0002,0.0002,0.11,0.0,25.0,21.0,1781033684413530376
1781033684520527201,31,0,8,0,true,0.0597,0.0042,489,8192,0.002,0.002,47.96,0.002,0,0,0.0002,0.0002,0.12,0.0,25.0,21.0,1781033684509058785
1781033684618077493,31,0,8,0,true,0.0601,0.0042,492,8192,0.003,0.003,47.96,0.003,0,0,0.0002,0.0002,0.13,0.0,25.0,21.0,1781033684601678131
1781033684720896822,31,0,8,0,true,0.0605,0.0041,495,8192,0.003,0.003,47.96,0.003,0,0,0.0003,0.0003,0.14,0.0,25.0,21.0,1781033684705931058
1781033684818086083,31,0,8,0,true,0.0609,0.0041,498,8192,0.003,0.003,47.96,0.003,0,0,0.0002,0.0002,0.14,0.0,25.0,21.0,1781033684786089104
1781033684917597204,31,0,8,0,true,0.0614,0.0041,502,8192,0.003,0.003,47.96,0.003,0,0,0.0002,0.0002,0.13,0.0,25.0,21.0,1781033684914458629
1781033685018151057,31,0,8,0,true,0.0617,0.0041,505,8192,0.003,0.003,47.96,0.003,0,0,0.0002,0.0002,0.13,0.0,25.0,21.0,1781033684998913433
1781033685120863230,31,0,8,0,true,0.0622,0.0041,509,8192,0.003,0.003,47.96,0.003,0,0,0.0002,0.0002,0.13,0.0,25.0,21.0,1781033685112322306
1781033685218652428,31,0,8,0,true,0.0626,0.0041,512,8192,0.002,0.002,47.96,0.002,0,0,0.0002,0.0002,0.1,0.0,25.0,21.0,1781033685213257905
1781033685320891731,31,0,8,0,true,0.063,0.0041,516,8192,0.003,0.003,47.96,0.003,0,0,0.0002,0.0002,0.13,0.0,25.0,21.0,1781033685311368264
1781033685418265376,31,0,8,0,true,0.0633,0.0041,518,8192,0.003,0.003,47.96,0.003,0,0,0.0002,0.0002,0.14,0.0,25.0,21.0,1781033685388290214
1781033685518193981,31,0,8,0,true,0.0638,0.0042,522,8192,0.002,0.002,47.96,0.002,0,0,0.0002,0.0002,0.11,0.0,25.0,21.0,1781033685506193470
1781033685621003555,31,0,8,0,true,0.0642,0.0041,526,8192,0.003,0.003,47.96,0.003,0,0,0.0002,0.0002,0.13,0.0,25.0,21.0,1781033685604728312
1781033685724876585,31,0,8,0,true,0.0647,0.0041,529,8192,0.003,0.003,47.96,0.003,0,0,0.0002,0.0002,0.13,0.0,25.0,21.0,1781033685714225190
1781033685825558931,31,0,8,0,true,0.0651,0.0041,533,8192,0.003,0.003,47.96,0.003,0,0,0.0002,0.0002,0.13,0.0,25.0,21.0,1781033685821372692
1781033685926207491,31,0,8,0,true,0.0655,0.0041,536,8192,0.002,0.002,47.96,0.002,0,0,0.0002,0.0002,0.12,0.0,25.0,21.0,1781033685923807582
1781033686025761005,31,0,8,0,true,0.066,0.0042,540,8192,0.003,0.003,47.96,0.003,0,0,0.0002,0.0002,0.13,0.0,25.0,21.0,1781033686023267327
1781033686128877643,31,0,8,0,true,0.0663,0.0042,543,8192,0.003,0.003,47.96,0.003,0,0,0.0002,0.0002,0.13,0.0,25.0,21.0,1781033686109678898
1781033686226466319,31,0,8,0,true,0.0667,0.0041,546,8192,0.002,0.002,47.96,0.002,0,0,0.0002,0.0002,0.1,0.0,25.0,21.0,1781033686197423666
1781033686326190660,31,0,8,0,true,0.0671,0.0041,549,8192,0.003,0.003,47.96,0.003,0,0,0.0002,0.0002,0.13,0.0,25.0,21.0,1781033686291665129
1781033686426085138,31,0,8,0,true,0.0675,0.0041,553,8192,0.003,0.003,47.96,0.003,0,0,0.0002,0.0002,0.13,0.0,25.0,21.0,1781033686407621712
1781033686526174042,31,0,8,0,true,0.0679,0.0041,556,8192,0.003,0.003,47.96,0.003,0,0,0.0002,0.0002,0.13,0.0,25.0,21.0,1781033686496156806
1781033686628870388,31,0,8,0,true,0.0684,0.0041,560,8192,0.002,0.002,47.96,0.002,0,0,0.0002,0.0002,0.1,0.0,25.0,21.0,1781033686617405203
1781033686725641063,31,0,8,0,true,0.0688,0.0042,563,8192,0.003,0.003,47.96,0.003,0,0,0.0002,0.0002,0.13,0.0,25.0,21.0,1781033686721958214
1781033686828889201,31,0,8,0,true,0.0692,0.0042,566,8192,0.002,0.002,47.96,0.002,0,0,0.0002,0.0002,0.11,0.0,25.0,21.0,1781033686802066858
1781033686928865757,31,0,8,0,true,0.0696,0.0041,570,8192,0.003,0.003,47.96,0.003,0,0,0.0002,0.0002,0.12,0.0,25.0,21.0,1781033686911913481
1781033687025808532,31,0,8,0,true,0.07,0.0041,573,8192,0.002,0.002,47.96,0.002,0,0,0.0002,0.0002,0.11,0.0,25.0,21.0,1781033687015173963
1781033687126621433,31,0,8,0,true,0.0704,0.0041,576,8192,0.003,0.003,47.96,0.003,0,0,0.0002,0.0002,0.13,0.0,25.0,21.0,1781033687105936914
1781033687228864279,31,0,8,0,true,0.0708,0.0041,580,8192,0.003,0.003,47.96,0.003,0,0,0.0002,0.0002,0.12,0.0,25.0,21.0,1781033687206998875
1781033687326175326,31,0,8,0,true,0.0713,0.0042,584,8192,0.003,0.003,47.96,0.003,0,0,0.0002,0.0002,0.14,0.0,25.0,21.0,1781033687322040825
1781033687428481385,31,0,8,0,true,0.0716,0.0041,586,8192,0.002,0.002,47.96,0.002,0,0,0.0002,0.0002,0.1,0.0,25.0,21.0,1781033687398531721
1781033687529215350,31,0,8,0,true,0.072,0.004,589,8192,0.003,0.003,47.96,0.003,0,0,0.0002,0.0002,0.14,0.0,25.0,21.0,1781033687488659936
1781033687628874349,31,0,8,0,true,0.0725,0.0041,594,8192,0.003,0.003,47.96,0.003,0,0,0.0002,0.0002,0.12,0.0,25.0,21.0,1781033687616002177
1781033687726283549,31,0,8,0,true,0.0729,0.0041,597,8192,0.003,0.003,47.96,0.003,0,0,0.0002,0.0002,0.12,0.0,25.0,21.0,1781033687709028868
1781033687825663393,31,0,8,0,true,0.0733,0.0041,600,8192,0.003,0.003,47.96,0.003,0,0,0.0002,0.0002,0.13,0.0,25.0,21.0,1781033687813030911
1781033687926122019,31,0,8,0,true,0.0736,0.0041,603,8192,0.003,0.003,47.96,0.003,0,0,0.0002,0.0002,0.12,0.0,25.0,21.0,1781033687887801788
1781033688026148388,31,0,8,0,true,0.0741,0.0041,607,8192,0.003,0.003,47.96,0.003,0,0,0.0002,0.0002,0.13,0.0,25.0,21.0,1781033688010103244
1781033688128871980,31,0,8,0,true,0.0746,0.0041,610,8192,0.003,0.003,47.96,0.003,0,0,0.0002,0.0002,0.13,0.0,25.0,21.0,1781033688113705087
1781033688226185541,31,0,8,0,true,0.0749,0.0041,613,8192,0.002,0.002,47.96,0.002,0,0,0.0002,0.0002,0.11,0.0,25.0,21.0,1781033688201313324
1781033688326017214,31,0,8,0,true,0.0754,0.0042,617,8192,0.003,0.003,47.96,0.003,0,0,0.0002,0.0002,0.13,0.0,25.0,21.0,1781033688322757795
1781033688428862600,31,0,8,0,true,0.0758,0.0041,620,8192,0.002,0.002,47.96,0.002,0,0,0.0002,0.0002,0.12,0.0,25.0,21.0,1781033688409862653
1781033688526353683,31,0,8,0,true,0.0762,0.0041,624,8192,0.002,0.002,47.96,0.002,0,0,0.0002,0.0002,0.09,0.0,25.0,21.0,1781033688509193398
1781033688627107756,31,0,8,0,true,0.0766,0.0042,627,8192,0.003,0.003,47.96,0.003,0,0,0.0002,0.0002,0.13,0.0,25.0,21.0,1781033688611310657
1781033688728897010,31,0,8,0,true,0.0769,0.0041,630,8192,0.002,0.002,47.96,0.002,0,0,0.0002,0.0002,0.11,0.0,25.0,21.0,1781033688689157258
1781033688833014345,31,0,8,0,true,0.0774,0.0041,634,8192,0.002,0.002,47.96,0.002,0,0,0.0002,0.0002,0.11,0.0,25.0,21.0,1781033688815426930
1781033688934725738,31,0,8,0,true,0.0779,0.0041,638,8192,0.003,0.003,47.96,0.003,0,0,0.0002,0.0002,0.13,0.0,25.0,21.0,1781033688927133519
1781033689033420847,31,0,8,0,true,0.0782,0.0041,640,8192,0.002,0.002,47.96,0.002,0,0,0.0002,0.0002,0.11,0.0,25.0,21.0,1781033689008087025
1781033689133640975,31,0,8,0,true,0.0787,0.0043,644,8192,0.002,0.002,47.96,0.002,0,0,0.0002,0.0002,0.11,0.0,25.0,21.0,1781033689126545814
1781033689233429954,31,0,8,0,true,0.0791,0.0041,648,8192,0.003,0.003,47.96,0.003,0,0,0.0002,0.0002,0.14,0.0,25.0,21.0,1781033689222461434
1781033689334506013,31,0,8,0,true,0.0795,0.0041,650,8192,0.003,0.003,47.96,0.003,0,0,0.0002,0.0002,0.13,0.0,25.0,21.0,1781033689305779272
1781033689434357335,31,0,8,0,true,0.0799,0.0041,654,8192,0.003,0.003,47.96,0.003,0,0,0.0002,0.0002,0.14,0.0,25.0,21.0,1781033689415864756
1781033689536888446,31,0,8,0,true,0.0804,0.0041,658,8192,0.002,0.002,47.96,0.002,0,0,0.0002,0.0002,0.12,0.0,25.0,21.0,1781033689523706361
1781033689633398435,31,0,8,0,true,0.0807,0.0042,661,8192,0.003,0.003,47.96,0.003,0,0,0.0002,0.0002,0.12,0.0,25.0,21.0,1781033689619176328
1781033689740909834,31,0,8,0,true,0.0811,0.0041,664,8192,0.003,0.003,47.96,0.003,0,0,0.0002,0.0002,0.14,0.0,25.0,21.0,1781033689714343230
1781033689842392697,31,0,8,0,true,0.0816,0.0041,668,8192,0.002,0.002,47.96,0.002,0,0,0.0002,0.0002,0.11,0.0,25.0,21.0,1781033689829279329
1781033689942760440,31,0,8,0,true,0.0821,0.0041,672,8192,0.003,0.003,47.96,0.003,0,0,0.0002,0.0002,0.14,0.0,25.0,21.0,1781033689942250500
1781033690044600144,31,0,8,0,true,0.0825,0.0041,675,8192,0.003,0.003,47.96,0.003,0,0,0.0002,0.0002,0.12,0.0,25.0,21.0,1781033690043898647
1781033690148864251,31,0,8,0,true,0.0829,0.0041,679,8192,0.003,0.003,47.96,0.003,0,0,0.0002,0.0002,0.12,0.0,25.0,21.0,1781033690139124753
1781033690252941009,31,0,8,0,true,0.0833,0.0041,682,8192,0.002,0.002,47.96,0.002,0,0,0.0002,0.0002,0.09,0.0,25.0,21.0,1781033690234210304
1781033690352967358,31,0,8,0,true,0.0837,0.0041,685,8192,0.002,0.002,47.96,0.002,0,0,0.0002,0.0002,0.12,0.0,25.0,21.0,1781033690343627383
1781033690450144060,31,0,8,0,true,0.0841,0.0043,689,8192,0.002,0.002,47.96,0.002,0,0,0.0002,0.0002,0.1,0.0,25.0,21.0,1781033690440936265
1781033690550165795,31,0,8,0,true,0.0845,0.0041,692,8192,0.002,0.002,47.96,0.002,0,0,0.0002,0.0002,0.11,0.0,25.0,21.0,1781033690534152342
1781033690649640244,31,0,8,0,true,0.0849,0.0042,695,8192,0.002,0.002,47.96,0.002,0,0,0.0002,0.0002,0.12,0.0,25.0,21.0,1781033690636015246
1781033690751826503,31,0,8,0,true,0.0853,0.0041,699,8192,0.002,0.002,47.96,0.002,0,0,0.0002,0.0002,0.12,0.0,25.0,21.0,1781033690733762224
1781033690850357797,31,0,8,0,true,0.0857,0.0042,702,8192,0.003,0.003,47.96,0.003,0,0,0.0002,0.0002,0.13,0.0,25.0,21.0,1781033690822013635
1781033690949856173,31,0,8,0,true,0.0862,0.0041,706,8192,0.003,0.003,47.96,0.003,0,0,0.0002,0.0002,0.13,0.0,25.0,21.0,1781033690946810709
1781033691050200464,31,0,8,0,true,0.0866,0.0041,709,8192,0.002,0.002,47.96,0.002,0,0,0.0002,0.0002,0.09,0.0,25.0,21.0,1781033691037022370
1781033691150099290,31,0,8,0,true,0.0869,0.0041,712,8192,0.003,0.003,47.96,0.003,0,0,0.0002,0.0002,0.13,0.0,25.0,21.0,1781033691122698807
1781033691249485315,31,0,8,0,true,0.0874,0.004,716,8192,0.003,0.003,47.96,0.003,0,0,0.0002,0.0002,0.13,0.0,25.0,21.0,1781033691243000158
1781033691357042067,31,0,8,0,true,0.0878,0.0042,719,8192,0.002,0.002,47.96,0.002,0,0,0.0002,0.0002,0.11,0.0,25.0,21.0,1781033691328567931
1781033691459563905,31,0,8,0,true,0.0882,0.0041,722,8192,0.003,0.003,47.96,0.003,0,0,0.0002,0.0002,0.13,0.0,25.0,21.0,1781033691436879600
1781033691558173504,31,0,8,0,true,0.0887,0.0041,726,8192,0.003,0.003,47.96,0.003,0,0,0.0002,0.0002,0.13,0.0,25.0,21.0,1781033691549298730
1781033691657496261,31,0,8,0,true,0.0891,0.0041,730,8192,0.003,0.003,47.96,0.003,0,0,0.0002,0.0002,0.13,0.0,25.0,21.0,1781033691651035120
1781033691757721095,31,0,8,0,true,0.0895,0.0041,733,8192,0.003,0.003,47.96,0.003,0,0,0.0002,0.0002,0.13,0.0,25.0,21.0,1781033691753750327
1781033691858003996,31,0,8,0,true,0.0899,0.0043,736,8192,0.002,0.002,47.96,0.002,0,0,0.0002,0.0002,0.1,0.0,25.0,21.0,1781033691845196525
1781033691960870549,31,0,8,0,true,0.0904,0.0042,740,8192,0.003,0.003,47.96,0.003,0,0,0.0002,0.0002,0.13,0.0,25.0,21.0,1781033691949519239
1781033692060859884,31,0,8,0,true,0.0907,0.0041,743,8192,0.002,0.002,47.96,0.002,0,0,0.0002,0.0002,0.11,0.0,25.0,21.0,1781033692037945514
1781033692157727096,31,0,8,0,true,0.0911,0.0041,746,8192,0.002,0.002,47.96,0.002,0,0,0.0002,0.0002,0.11,0.0,25.0,21.0,1781033692143574725
1781033692260887849,31,0,8,0,true,0.0916,0.0041,750,8192,0.003,0.003,47.96,0.003,0,0,0.0002,0.0002,0.13,0.0,25.0,21.0,1781033692260498232
1781033692360855217,31,0,8,0,true,0.0919,0.0041,752,8192,0.003,0.003,47.96,0.003,0,0,0.0002,0.0002,0.14,0.0,25.0,21.0,1781033692322032676
1781033692457431614,31,0,8,0,true,0.0924,0.0041,757,8192,0.003,0.003,47.96,0.003,0,0,0.0002,0.0002,0.13,0.0,25.0,21.0,1781033692457067756
1781033692560866566,31,0,8,0,true,0.0928,0.0041,760,8192,0.002,0.002,47.96,0.002,0,0,0.0002,0.0002,0.11,0.0,25.0,21.0,1781033692544664991
1781033692658095952,31,0,8,0,true,0.0932,0.0041,763,8192,0.003,0.003,47.96,0.003,0,0,0.0002,0.0002,0.13,0.0,25.0,21.0,1781033692634944726
1781033692758305549,31,0,8,0,true,0.0937,0.0041,767,8192,0.003,0.003,47.96,0.003,0,0,0.0002,0.0002,0.14,0.0,25.0,21.0,1781033692755803121
1781033692860878361,31,0,8,0,true,0.094,0.0041,770,8192,0.003,0.003,47.96,0.003,0,0,0.0002,0.0002,0.13,0.0,25.0,21.0,1781033692849804887
1781033692958188771,31,0,8,0,true,0.0945,0.0041,773,8192,0.002,0.002,47.96,0.002,0,0,0.0002,0.0002,0.11,0.0,25.0,21.0,1781033692953609004
1781033693058442627,31,0,8,0,true,0.0948,0.0042,776,8192,0.002,0.002,47.96,0.002,0,0,0.0002,0.0002,0.11,0.0,25.0,21.0,1781033693044490127
1781033693160861249,31,0,8,0,true,0.0952,0.0041,779,8192,0.003,0.003,47.96,0.003,0,0,0.0002,0.0002,0.13,0.0,25.0,21.0,1781033693130946109
1781033693257642497,31,0,8,0,true,0.0956,0.0041,783,8192,0.003,0.003,47.96,0.003,0,0,0.0002,0.0002,0.13,0.0,25.0,21.0,1781033693237255022
1781033693358179495,31,0,8,0,true,0.0961,0.0042,787,8192,0.003,0.003,47.96,0.003,0,0,0.0002,0.0002,0.13,0.0,25.0,21.0,1781033693353758366
1781033693458116120,31,0,8,0,true,0.0965,0.0041,790,8192,0.003,0.003,47.96,0.003,0,0,0.0002,0.0002,0.12,0.0,25.0,21.0,1781033693445694044
1781033693558472978,31,0,8,0,true,0.0969,0.0041,793,8192,0.002,0.002,47.96,0.002,0,0,0.0002,0.0002,0.11,0.0,25.0,21.0,1781033693549652052
1781033693658612034,31,0,8,0,true,0.0973,0.0041,796,8192,0.003,0.003,47.96,0.003,0,0,0.0002,0.0002,0.12,0.0,25.0,21.0,1781033693637710493
1781033693760832902,31,0,8,0,true,0.0977,0.004,800,8192,0.003,0.003,47.96,0.003,0,0,0.0002,0.0002,0.13,0.0,25.0,21.0,1781033693736750793
1781033693860849248,31,0,8,0,true,0.0981,0.0041,803,8192,0.003,0.003,47.96,0.003,0,0,0.0002,0.0002,0.12,0.0,25.0,21.0,1781033693841220247
1781033693958221771,31,0,8,0,true,0.0985,0.0043,807,8192,0.002,0.002,47.96,0.002,0,0,0.0002,0.0002,0.1,0.0,25.0,21.0,1781033693942034059
1781033694062163903,31,0,8,0,true,0.0989,0.0041,810,8192,0.003,0.003,47.96,0.003,0,0,0.0002,0.0002,0.13,0.0,25.0,21.0,1781033694032569097
1781033694162447183,31,0,8,0,true,0.0993,0.0041,813,8192,0.002,0.002,47.96,0.002,0,0,0.0002,0.0002,0.12,0.0,25.0,21.0,1781033694131695762
1781033694263161949,31,0,8,0,true,0.0998,0.0041,817,8192,0.002,0.002,47.96,0.002,0,0,0.0002,0.0002,0.11,0.0,25.0,21.0,1781033694244612303
1781033694364875336,31,0,8,0,true,0.1002,0.0041,821,8192,0.002,0.002,47.96,0.002,0,0,0.0002,0.0002,0.1,0.0,25.0,21.0,1781033694348720996
1781033694463147068,31,0,8,0,true,0.1006,0.0041,824,8192,0.003,0.003,47.96,0.003,0,0,0.0002,0.0002,0.13,0.0,25.0,21.0,1781033694436895428
1781033694563041195,31,0,8,0,true,0.1011,0.0041,827,8192,0.003,0.003,47.95,0.003,0,0,0.0002,0.0002,0.12,0.0,25.0,21.0,1781033694553240099
1781033694662924865,31,0,8,0,true,0.1015,0.0042,831,8192,0.002,0.002,47.95,0.002,0,0,0.0002,0.0002,0.11,0.0,25.0,21.0,1781033694652102920
1781033694764943316,31,0,8,0,true,0.1019,0.0041,834,8192,0.003,0.003,47.95,0.003,0,0,0.0002,0.0002,0.13,0.0,25.0,21.0,1781033694757337955
1781033694863231135,31,0,8,0,true,0.1021,0.0041,836,8192,0.003,0.003,47.95,0.003,0,0,0.0002,0.0002,0.13,0.0,25.0,21.0,1781033694812720989
1781033694963483007,31,0,8,0,true,0.1027,0.0041,841,8192,0.002,0.002,47.95,0.002,0,0,0.0002,0.0002,0.1,0.0,25.0,21.0,1781033694955762902
1781033695062594221,31,0,8,0,true,0.1031,0.0041,844,8192,0.003,0.003,47.95,0.003,0,0,0.0002,0.0002,0.12,0.0,25.0,21.0,1781033695053351031
1781033695164567316,31,0,8,0,true,0.1036,0.0042,848,8192,0.002,0.002,47.95,0.002,0,0,0.0002,0.0002,0.1,0.0,25.0,21.0,1781033695164025757
1781033695263167682,31,0,8,0,true,0.1039,0.004,851,8192,0.003,0.003,47.95,0.003,0,0,0.0002,0.0002,0.12,0.0,25.0,21.0,1781033695245315688
1781033695363087996,31,0,8,0,true,0.1044,0.0041,855,8192,0.002,0.002,47.95,0.002,0,0,0.0002,0.0002,0.09,0.0,25.0,21.0,1781033695360019510
1781033695463084107,31,0,8,0,true,0.1048,0.0042,858,8192,0.002,0.002,47.95,0.002,0,0,0.0002,0.0002,0.1,0.0,25.0,21.0,1781033695461069293
1781033695564850446,31,0,8,0,true,0.1052,0.0041,861,8192,0.003,0.003,47.95,0.003,0,0,0.0002,0.0002,0.13,0.0,25.0,21.0,1781033695547699340
1781033695662782871,31,0,8,0,true,0.1056,0.004,865,8192,0.002,0.002,47.95,0.002,0,0,0.0001,0.0001,0.08,0.0,25.0,21.0,1781033695656410481
1781033695762897111,31,0,8,0,true,0.106,0.0041,867,8192,0.002,0.002,47.95,0.002,0,0,0.0002,0.0002,0.1,0.0,25.0,21.0,1781033695740693561
1781033695864845622,31,0,8,0,true,0.1064,0.0042,871,8192,0.002,0.002,47.95,0.002,0,0,0.0002,0.0002,0.11,0.0,25.0,21.0,1781033695849575295
1781033695964548528,31,0,8,0,true,0.1069,0.004,875,8192,0.003,0.003,47.95,0.003,0,0,0.0002,0.0002,0.13,0.0,25.0,21.0,1781033695963465788
1781033696063138591,31,0,8,0,true,0.1072,0.0042,878,8192,0.003,0.003,47.95,0.003,0,0,0.0002,0.0002,0.12,0.0,25.0,21.0,1781033696040501405
1781033696162956761,31,0,8,0,true,0.1077,0.0041,882,8192,0.003,0.003,47.95,0.003,0,0,0.0002,0.0002,0.12,0.0,25.0,21.0,1781033696157189742
1781033696264866565,31,0,8,0,true,0.108,0.0041,884,8192,0.002,0.002,47.95,0.002,0,0,0.0002,0.0002,0.12,0.0,25.0,21.0,1781033696243047792
1781033696363027517,31,0,8,0,true,0.1084,0.004,887,8192,0.003,0.003,47.95,0.003,0,0,0.0002,0.0002,0.13,0.0,25.0,21.0,1781033696326272432
1781033696463472311,31,0,8,0,true,0.1089,0.0042,892,8192,0.003,0.003,47.95,0.003,0,0,0.0002,0.0002,0.13,0.0,25.0,21.0,1781033696458755352
1781033696568865388,31,0,8,0,true,0.1093,0.0041,895,8192,0.003,0.003,47.95,0.003,0,0,0.0002,0.0002,0.12,0.0,25.0,21.0,1781033696556136161
1781033696672799190,31,0,8,0,true,0.1097,0.004,898,8192,0.002,0.002,47.95,0.002,0,0,0.0001,0.0001,0.08,0.0,25.0,21.0,1781033696653240421
1781033696769933132,31,0,8,0,true,0.1101,0.0041,902,8192,0.002,0.002,47.95,0.002,0,0,0.0002,0.0002,0.11,0.0,25.0,21.0,1781033696756910534
1781033696870431786,31,0,8,0,true,0.1105,0.0041,905,8192,0.003,0.003,47.95,0.003,0,0,0.0002,0.0002,0.13,0.0,25.0,21.0,1781033696853811920
1781033696971423046,31,0,8,0,true,0.1109,0.0042,908,8192,0.002,0.002,47.95,0.002,0,0,0.0002,0.0002,0.11,0.0,25.0,21.0,1781033696941053748
1781033697073051500,31,0,8,0,true,0.1114,0.0041,912,8192,0.003,0.003,47.95,0.003,0,0,0.0002,0.0002,0.14,0.0,25.0,21.0,1781033697062271622
1781033697169840326,31,0,8,0,true,0.1118,0.0041,916,8192,0.002,0.002,47.95,0.002,0,0,0.0002,0.0002,0.11,0.0,25.0,21.0,1781033697169175199
1781033697270045224,31,0,8,0,true,0.1121,0.0041,918,8192,0.003,0.003,47.95,0.003,0,0,0.0002,0.0002,0.12,0.0,25.0,21.0,1781033697227793582
1781033697370120075,31,0,8,0,true,0.1126,0.0041,922,8192,0.003,0.003,47.95,0.003,0,0,0.0002,0.0002,0.13,0.0,25.0,21.0,1781033697349884091
1781033697469725927,31,0,8,0,true,0.1129,0.0041,925,8192,0.003,0.003,47.95,0.003,0,0,0.0002,0.0002,0.13,0.0,25.0,21.0,1781033697437417209
1781033697569950230,31,0,8,0,true,0.1134,0.0042,928,8192,0.003,0.003,47.95,0.003,0,0,0.0002,0.0002,0.13,0.0,25.0,21.0,1781033697547101483
1781033697670464978,31,0,8,0,true,0.1138,0.0041,932,8192,0.002,0.002,47.95,0.002,0,0,0.0002,0.0002,0.11,0.0,25.0,21.0,1781033697650304942
1781033697773031702,31,0,8,0,true,0.1142,0.0041,935,8192,0.003,0.003,47.95,0.003,0,0,0.0002,0.0002,0.12,0.0,25.0,21.0,1781033697749736029
1781033697869726888,31,0,8,0,true,0.1146,0.0043,938,8192,0.003,0.003,47.95,0.003,0,0,0.0002,0.0002,0.12,0.0,25.0,21.0,1781033697837881116
1781033697970370072,31,0,8,0,true,0.1151,0.0041,942,8192,0.004,0.004,47.95,0.004,0,0,0.0004,0.0004,0.2,0.0,25.0,21.0,1781033697953756706
1781033698069876851,31,0,8,0,true,0.1155,0.003,945,8192,0.005,0.005,47.95,0.005,0,0,0.0004,0.0004,0.25,0.0,25.0,21.0,1781033698059358161
1781033698172890854,31,0,8,0,true,0.1158,0.0039,948,8192,0.002,0.002,47.95,0.002,0,0,0.0002,0.0002,0.1,0.0,25.0,21.0,1781033698161457133
1781033698272991157,31,0,8,0,true,0.1161,0.0038,951,8192,0.002,0.002,47.95,0.002,0,0,0.0002,0.0002,0.09,0.0,25.0,21.0,1781033698241859048
1781033698369993857,31,0,8,0,true,0.1166,0.0038,955,8192,0.002,0.002,47.95,0.002,0,0,0.0002,0.0002,0.11,0.0,25.0,21.0,1781033698366508955
1781033698472961167,31,0,8,0,true,0.1169,0.0039,958,8192,0.002,0.002,47.95,0.002,0,0,0.0002,0.0002,0.12,0.0,25.0,21.0,1781033698450339380
1781033698572979359,31,0,8,0,true,0.1174,0.0038,961,8192,0.001,0.001,47.95,0.001,0,0,0.0001,0.0001,0.06,0.0,25.0,21.0,1781033698567235129
1781033698669826563,31,0,8,0,true,0.1178,0.004,964,8192,0.002,0.002,47.95,0.002,0,0,0.0002,0.0002,0.1,0.0,25.0,21.0,1781033698665747594
1781033698769519072,31,0,8,0,true,0.1181,0.0038,967,8192,0.002,0.002,47.95,0.002,0,0,0.0002,0.0002,0.09,0.0,25.0,21.0,1781033698753094296
1781033698870581330,31,0,8,0,true,0.1186,0.0038,971,8192,0.002,0.002,47.95,0.002,0,0,0.0002,0.0002,0.1,0.0,25.0,21.0,1781033698869566412
1781033698971835119,31,0,8,0,true,0.1189,0.0039,973,8192,0.002,0.002,47.95,0.002,0,0,0.0002,0.0002,0.11,0.0,25.0,21.0,1781033698954301761
1781033699069781134,31,0,8,0,true,0.1193,0.0038,977,8192,0.002,0.002,47.95,0.002,0,0,0.0002,0.0002,0.09,0.0,25.0,21.0,1781033699060545915
1781033699172867220,31,0,8,0,true,0.1196,0.0039,980,8192,0.002,0.002,47.95,0.002,0,0,0.0002,0.0002,0.1,0.0,25.0,21.0,1781033699153269635
1781033699269692350,31,0,8,0,true,0.12,0.0038,982,8192,0.002,0.002,47.95,0.002,0,0,0.0002,0.0002,0.1,0.0,25.0,21.0,1781033699234043310
1781033699372802340,31,0,8,0,true,0.1204,0.0038,986,8192,0.002,0.002,47.95,0.002,0,0,0.0001,0.0001,0.08,0.0,25.0,21.0,1781033699360299894
1781033699470252763,31,0,8,0,true,0.1208,0.0038,989,8192,0.002,0.002,47.95,0.002,0,0,0.0002,0.0002,0.1,0.0,25.0,21.0,1781033699455358171
1781033699569861300,31,0,8,0,true,0.1211,0.0038,992,8192,0.002,0.002,47.95,0.002,0,0,0.0002,0.0002,0.09,0.0,25.0,21.0,1781033699543355440
1781033699669975598,31,0,8,0,true,0.1216,0.0038,996,8192,0.002,0.002,47.95,0.002,0,0,0.0002,0.0002,0.09,0.0,25.0,21.0,1781033699657806557
1781033699769625832,31,0,8,0,true,0.1219,0.0039,998,8192,0.002,0.002,47.95,0.002,0,0,0.0002,0.0002,0.12,0.0,25.0,21.0,1781033699749900258
1781033699869510408,31,0,8,0,true,0.1224,0.0038,1002,8192,0.002,0.002,47.95,0.002,0,0,0.0001,0.0001,0.09,0.0,25.0,21.0,1781033699867675430
1781033699973013759,31,0,8,0,true,0.1227,0.0038,1005,8192,0.002,0.002,47.95,0.002,0,0,0.0002,0.0002,0.09,0.0,25.0,21.0,1781033699945152109
1781033700069886109,31,0,8,0,true,0.1232,0.0038,1008,8192,0.002,0.002,47.95,0.002,0,0,0.0001,0.0001,0.08,0.0,25.0,21.0,1781033700064094866
1781033700169636196,31,0,8,0,true,0.1235,0.0038,1011,8192,0.002,0.002,47.95,0.002,0,0,0.0002,0.0002,0.11,0.0,25.0,21.0,1781033700163061143
1781033700276996378,31,0,8,0,true,0.1239,0.0038,1014,8192,0.002,0.002,47.95,0.002,0,0,0.0002,0.0002,0.1,0.0,25.0,21.0,1781033700253191625
1781033700377460793,31,0,8,0,true,0.1243,0.0038,1017,8192,0.002,0.002,47.95,0.002,0,0,0.0001,0.0001,0.08,0.0,25.0,21.0,1781033700353020470
1781033700477982522,31,0,8,0,true,0.1247,0.0039,1021,8192,0.002,0.002,47.95,0.002,0,0,0.0002,0.0002,0.11,0.0,25.0,21.0,1781033700458850498
1781033700577978719,31,0,8,0,true,0.1251,0.0039,1024,8192,0.002,0.002,47.95,0.002,0,0,0.0002,0.0002,0.09,0.0,25.0,21.0,1781033700575226939
1781033700679562116,31,0,8,0,true,0.1254,0.0039,1027,8192,0.002,0.002,47.95,0.002,0,0,0.0002,0.0002,0.1,0.0,25.0,21.0,1781033700646367227
1781033700777954071,31,0,8,0,true,0.1259,0.004,1031,8192,0.002,0.002,47.95,0.002,0,0,0.0002,0.0002,0.1,0.0,25.0,21.0,1781033700771964670
1781033700878097006,31,0,8,0,true,0.1262,0.0039,1033,8192,0.002,0.002,47.95,0.002,0,0,0.0002,0.0002,0.1,0.0,25.0,21.0,1781033700861191944
1781033700978103483,31,0,8,0,true,0.1266,0.0038,1037,8192,0.002,0.002,47.95,0.002,0,0,0.0002,0.0002,0.09,0.0,25.0,21.0,1781033700965072021
1781033701078145039,31,0,8,0,true,0.127,0.0039,1040,8192,0.003,0.003,47.95,0.003,0,0,0.0002,0.0002,0.13,0.0,25.0,21.0,1781033701071131548
1781033701178216388,31,0,8,0,true,0.1274,0.0038,1043,8192,0.002,0.002,47.95,0.002,0,0,0.0001,0.0001,0.08,0.0,25.0,21.0,1781033701159941139
1781033701280837820,31,0,8,0,true,0.1277,0.0038,1046,8192,0.002,0.002,47.95,0.002,0,0,0.0002,0.0002,0.09,0.0,25.0,21.0,1781033701256439102
1781033701378126994,31,0,8,0,true,0.1282,0.0038,1049,8192,0.002,0.002,47.95,0.002,0,0,0.0002,0.0002,0.09,0.0,25.0,21.0,1781033701365067829
1781033701480886349,31,0,8,0,true,0.1286,0.0039,1053,8192,0.002,0.002,47.95,0.002,0,0,0.0002,0.0002,0.09,0.0,25.0,21.0,1781033701472424696
1781033701578092521,31,0,8,0,true,0.1289,0.0039,1055,8192,0.002,0.002,47.95,0.002,0,0,0.0002,0.0002,0.1,0.0,25.0,21.0,1781033701559135799
1781033701680872944,31,0,8,0,true,0.1293,0.0038,1059,8192,0.002,0.002,47.95,0.002,0,0,0.0001,0.0001,0.08,0.0,25.0,21.0,1781033701673413650
1781033701778429045,31,0,8,0,true,0.1297,0.0039,1062,8192,0.002,0.002,47.95,0.002,0,0,0.0002,0.0002,0.11,0.0,25.0,21.0,1781033701766588983
1781033701880932905,31,0,8,0,true,0.1301,0.0038,1065,8192,0.002,0.002,47.95,0.002,0,0,0.0002,0.0002,0.09,0.0,25.0,21.0,1781033701865282764
1781033701978404101,31,0,8,0,true,0.1305,0.0038,1069,8192,0.002,0.002,47.95,0.002,0,0,0.0002,0.0002,0.1,0.0,25.0,21.0,1781033701974116505
1781033702078116255,31,0,8,0,true,0.1308,0.0038,1071,8192,0.002,0.002,47.95,0.002,0,0,0.0002,0.0002,0.09,0.0,25.0,21.0,1781033702048999256
1781033702178097599,31,0,8,0,true,0.1312,0.0038,1075,8192,0.002,0.002,47.95,0.002,0,0,0.0001,0.0001,0.08,0.0,25.0,21.0,1781033702166235185
1781033702277563753,31,0,8,0,true,0.1317,0.0038,1078,8192,0.001,0.001,47.95,0.001,0,0,0.0001,0.0001,0.06,0.0,25.0,21.0,1781033702274096490
1781033702380863466,31,0,8,0,true,0.132,0.0038,1081,8192,0.002,0.002,47.95,0.002,0,0,0.0002,0.0002,0.09,0.0,25.0,21.0,1781033702364972765
1781033702480868985,31,0,8,0,true,0.1323,0.0038,1084,8192,0.002,0.002,47.95,0.002,0,0,0.0002,0.0002,0.09,0.0,25.0,21.0,1781033702455603602
1781033702578133348,31,0,8,0,true,0.1328,0.0038,1087,8192,0.002,0.002,47.95,0.002,0,0,0.0002,0.0002,0.12,0.0,25.0,21.0,1781033702564582066
1781033702678323819,31,0,8,0,true,0.1332,0.0038,1091,8192,0.002,0.002,47.95,0.002,0,0,0.0002,0.0002,0.1,0.0,25.0,21.0,1781033702673270308
1781033702778336714,31,0,8,0,true,0.1336,0.0039,1094,8192,0.002,0.002,47.95,0.002,0,0,0.0002,0.0002,0.11,0.0,25.0,21.0,1781033702777549192
1781033702880917549,31,0,8,0,true,0.134,0.0038,1097,8192,0.002,0.002,47.95,0.002,0,0,0.0002,0.0002,0.1,0.0,25.0,21.0,1781033702873755896
1781033702978303552,31,0,8,0,true,0.1343,0.0039,1099,8192,0.002,0.002,47.95,0.002,0,0,0.0002,0.0002,0.11,0.0,25.0,21.0,1781033702951606260
1781033703080835109,31,0,8,0,true,0.1346,0.0038,1102,8192,0.002,0.002,47.95,0.002,0,0,0.0002,0.0002,0.12,0.0,25.0,21.0,1781033703048601736
1781033703179145260,31,0,8,0,true,0.1351,0.0039,1106,8192,0.002,0.002,47.95,0.002,0,0,0.0002,0.0002,0.09,0.0,25.0,21.0,1781033703179343651
1781033703280877920,31,0,8,0,true,0.1354,0.0038,1109,8192,0.002,0.002,47.95,0.002,0,0,0.0001,0.0001,0.08,0.0,25.0,21.0,1781033703262446069
1781033703377989303,31,0,8,0,true,0.1357,0.0038,1112,8192,0.002,0.002,47.95,0.002,0,0,0.0002,0.0002,0.1,0.0,25.0,21.0,1781033703338427217
1781033703477595794,31,0,8,0,true,0.1362,0.0038,1115,8192,0.002,0.002,47.95,0.002,0,0,0.0002,0.0002,0.09,0.0,25.0,21.0,1781033703445998286
1781033703577520161,31,0,8,0,true,0.1366,0.0039,1119,8192,0.002,0.002,47.95,0.002,0,0,0.0002,0.0002,0.11,0.0,25.0,21.0,1781033703561116280
1781033703677685598,31,0,8,0,true,0.137,0.0038,1122,8192,0.002,0.002,47.95,0.002,0,0,0.0002,0.0002,0.11,0.0,25.0,21.0,1781033703664197725
1781033703778763640,31,0,8,0,true,0.1374,0.0039,1125,8192,0.002,0.002,47.95,0.002,0,0,0.0002,0.0002,0.12,0.0,25.0,21.0,1781033703757135520
1781033703878466843,31,0,8,0,true,0.1378,0.0038,1128,8192,0.002,0.002,47.95,0.002,0,0,0.0002,0.0002,0.11,0.0,25.0,21.0,1781033703871707038
1781033703978141858,31,0,8,0,true,0.1381,0.0039,1131,8192,0.002,0.002,47.95,0.002,0,0,0.0001,0.0001,0.08,0.0,25.0,21.0,1781033703954847693
1781033704078363230,31,0,8,0,true,0.1386,0.0038,1135,8192,0.002,0.002,47.95,0.002,0,0,0.0002,0.0002,0.09,0.0,25.0,21.0,1781033704072045129
1781033704179293398,31,0,8,0,true,0.1389,0.0038,1137,8192,0.002,0.002,47.95,0.002,0,0,0.0002,0.0002,0.1,0.0,25.0,21.0,1781033704150509235
1781033704279213799,31,0,8,0,true,0.1393,0.0039,1141,8192,0.002,0.002,47.95,0.002,0,0,0.0001,0.0001,0.09,0.0,25.0,21.0,1781033704262111944
1781033704378178091,31,0,8,0,true,0.1397,0.0039,1144,8192,0.002,0.002,47.95,0.002,0,0,0.0002,0.0002,0.1,0.0,25.0,21.0,1781033704355745820
1781033704478122446,31,0,8,0,true,0.1401,0.0038,1147,8192,0.002,0.002,47.95,0.002,0,0,0.0002,0.0002,0.09,0.0,25.0,21.0,1781033704467511908
1781033704578047639,31,0,8,0,true,0.1405,0.0038,1150,8192,0.002,0.002,47.95,0.002,0,0,0.0002,0.0002,0.09,0.0,25.0,21.0,1781033704570611705
1781033704678140603,31,0,8,0,true,0.1408,0.0039,1153,8192,0.002,0.002,47.95,0.002,0,0,0.0002,0.0002,0.11,0.0,25.0,21.0,1781033704660852353
1781033704777951312,31,0,8,0,true,0.1413,0.0039,1157,8192,0.002,0.002,47.95,0.002,0,0,0.0002,0.0002,0.1,0.0,25.0,21.0,1781033704777222205
1781033704878811889,31,0,8,0,true,0.1416,0.0038,1160,8192,0.002,0.002,47.95,0.002,0,0,0.0002,0.0002,0.09,0.0,25.0,21.0,1781033704869115291
1781033704977804074,31,0,8,0,true,0.1419,0.0038,1162,8192,0.002,0.002,47.95,0.002,0,0,0.0002,0.0002,0.09,0.0,25.0,21.0,1781033704945440744
1781033705077920703,31,0,8,0,true,0.1424,0.0038,1166,8192,0.002,0.002,47.95,0.002,0,0,0.0001,0.0001,0.09,0.0,25.0,21.0,1781033705068712807
1781033705177438352,31,0,8,0,true,0.1428,0.0038,1169,8192,0.001,0.001,47.95,0.001,0,0,0.0001,0.0001,0.07,0.0,25.0,21.0,1781033705161947368
1781033705278376592,31,0,8,0,true,0.1432,0.0039,1172,8192,0.002,0.002,47.95,0.002,0,0,0.0002,0.0002,0.12,0.0,25.0,21.0,1781033705269094341
1781033705378120735,31,0,8,0,true,0.1436,0.0039,1176,8192,0.002,0.002,47.95,0.002,0,0,0.0002,0.0002,0.1,0.0,25.0,21.0,1781033705365222426
1781033705480935066,31,0,8,0,true,0.1439,0.0039,1179,8192,0.002,0.002,47.95,0.002,0,0,0.0002,0.0002,0.12,0.0,25.0,21.0,1781033705464256069
1781033705578084280,31,0,8,0,true,0.1443,0.0039,1182,8192,0.002,0.002,47.95,0.002,0,0,0.0002,0.0002,0.1,0.0,25.0,21.0,1781033705566134656
1781033705678140431,31,0,8,0,true,0.1447,0.0038,1185,8192,0.002,0.002,47.95,0.002,0,0,0.0001,0.0001,0.09,0.0,25.0,21.0,1781033705656179044
1781033705778363256,31,0,8,0,true,0.1451,0.0038,1188,8192,0.002,0.002,47.95,0.002,0,0,0.0002,0.0002,0.09,0.0,25.0,21.0,1781033705775906556
1781033705880847810,31,0,8,0,true,0.1455,0.0038,1191,8192,0.002,0.002,47.95,0.002,0,0,0.0002,0.0002,0.09,0.0,25.0,21.0,1781033705860881065
1781033705978090679,31,0,8,0,true,0.1459,0.0039,1195,8192,0.002,0.002,47.95,0.002,0,0,0.0002,0.0002,0.11,0.0,25.0,21.0,1781033705975839822
1781033706079000209,31,0,8,0,true,0.1463,0.0039,1198,8192,0.002,0.002,47.95,0.002,0,0,0.0002,0.0002,0.11,0.0,25.0,21.0,1781033706069081820
1781033706178385094,31,0,8,0,true,0.1467,0.0038,1201,8192,0.002,0.002,47.95,0.002,0,0,0.0001,0.0001,0.08,0.0,25.0,21.0,1781033706170720428
1781033706277765326,31,0,8,0,true,0.147,0.0038,1203,8192,0.002,0.002,47.95,0.002,0,0,0.0001,0.0001,0.08,0.0,25.0,21.0,1781033706251910946
1781033706377965634,31,0,8,0,true,0.1474,0.0038,1207,8192,0.002,0.002,47.95,0.002,0,0,0.0001,0.0001,0.09,0.0,25.0,21.0,1781033706356948709
1781033706480856192,31,0,8,0,true,0.1478,0.0039,1210,8192,0.002,0.002,47.95,0.002,0,0,0.0002,0.0002,0.1,0.0,25.0,21.0,1781033706469976440
1781033706577457202,31,0,8,0,true,0.1482,0.0038,1214,8192,0.002,0.002,47.95,0.002,0,0,0.0001,0.0001,0.08,0.0,25.0,21.0,1781033706577353142
1781033706678112828,31,0,8,0,true,0.1486,0.0039,1216,8192,0.002,0.002,47.95,0.002,0,0,0.0002,0.0002,0.1,0.0,25.0,21.0,1781033706663591193
1781033706778228080,31,0,8,0,true,0.149,0.0039,1220,8192,0.002,0.002,47.95,0.002,0,0,0.0002,0.0002,0.09,0.0,25.0,21.0,1781033706774570923
1781033706878425537,31,0,8,0,true,0.1493,0.0038,1223,8192,0.001,0.001,47.95,0.001,0,0,0.0001,0.0001,0.04,0.0,25.0,21.0,1781033706869419355
1781033706980862398,31,0,8,0,true,0.1497,0.0039,1226,8192,0.002,0.002,47.95,0.002,0,0,0.0002,0.0002,0.11,0.0,25.0,21.0,1781033706973739102
1781033707080844695,31,0,8,0,true,0.1501,0.0039,1229,8192,0.002,0.002,47.95,0.002,0,0,0.0002,0.0002,0.1,0.0,25.0,21.0,1781033707066946590
1781033707177452127,31,0,8,0,true,0.1505,0.0038,1232,8192,0.002,0.002,47.95,0.002,0,0,0.0002,0.0002,0.09,0.0,25.0,21.0,1781033707160550620
1781033707277860347,31,0,8,0,true,0.1509,0.0038,1236,8192,0.002,0.002,47.95,0.002,0,0,0.0002,0.0002,0.09,0.0,25.0,21.0,1781033707271339611
1781033707377779679,31,0,8,0,true,0.1513,0.0038,1239,8192,0.002,0.002,47.95,0.002,0,0,0.0002,0.0002,0.09,0.0,25.0,21.0,1781033707371329316
1781033707478405324,31,0,8,0,true,0.1517,0.0038,1242,8192,0.002,0.002,47.95,0.002,0,0,0.0002,0.0002,0.1,0.0,25.0,21.0,1781033707472304489
1781033707578098496,31,0,8,0,true,0.152,0.0038,1245,8192,0.002,0.002,47.95,0.002,0,0,0.0002,0.0002,0.09,0.0,25.0,21.0,1781033707563889320
1781033707678495561,31,0,8,0,true,0.1524,0.0039,1248,8192,0.002,0.002,47.95,0.002,0,0,0.0001,0.0001,0.09,0.0,25.0,21.0,1781033707665987544
1781033707780847700,31,0,8,0,true,0.1528,0.0038,1251,8192,0.002,0.002,47.95,0.002,0,0,0.0001,0.0001,0.08,0.0,25.0,21.0,1781033707766188070
1781033707884850097,31,0,8,0,true,0.1532,0.0038,1254,8192,0.002,0.002,47.95,0.002,0,0,0.0002,0.0002,0.1,0.0,25.0,21.0,1781033707869436052
1781033707985793740,31,0,8,0,true,0.1536,0.0038,1258,8192,0.001,0.001,47.95,0.001,0,0,0.0001,0.0001,0.07,0.0,25.0,21.0,1781033707974842294
1781033708088879129,31,0,8,0,true,0.1539,0.0039,1260,8192,0.002,0.002,47.95,0.002,0,0,0.0002,0.0002,0.11,0.0,25.0,21.0,1781033708062585649
1781033708186019903,31,0,8,0,true,0.1544,0.0038,1264,8192,0.002,0.002,47.95,0.002,0,0,0.0001,0.0001,0.08,0.0,25.0,21.0,1781033708176623010
1781033708285629839,31,0,8,0,true,0.1547,0.0038,1267,8192,0.002,0.002,47.95,0.002,0,0,0.0002,0.0002,0.09,0.0,25.0,21.0,1781033708263560611
1781033708388861763,31,0,8,0,true,0.1551,0.0038,1270,8192,0.002,0.002,47.95,0.002,0,0,0.0001,0.0001,0.08,0.0,25.0,21.0,1781033708361801191
1781033708486461725,31,0,8,0,true,0.1555,0.0039,1273,8192,0.002,0.002,47.95,0.002,0,0,0.0002,0.0002,0.1,0.0,25.0,21.0,1781033708472357540
1781033708585879902,31,0,8,0,true,0.1559,0.0038,1277,8192,0.002,0.002,47.95,0.002,0,0,0.0002,0.0002,0.09,0.0,25.0,21.0,1781033708580646764
1781033708686362285,31,0,8,0,true,0.1563,0.0038,1280,8192,0.002,0.002,47.95,0.002,0,0,0.0002,0.0002,0.09,0.0,25.0,21.0,1781033708672103784
1781033708788850638,31,0,8,0,true,0.1567,0.004,1283,8192,0.003,0.003,47.95,0.003,0,0,0.0002,0.0002,0.12,0.0,25.0,21.0,1781033708775517656
1781033708885652616,31,0,8,0,true,0.1571,0.0038,1286,8192,0.002,0.002,47.95,0.002,0,0,0.0002,0.0002,0.1,0.0,25.0,21.0,1781033708882496851
1781033708989117561,31,0,8,0,true,0.1574,0.0039,1289,8192,0.002,0.002,47.95,0.002,0,0,0.0002,0.0002,0.12,0.0,25.0,21.0,1781033708968848409
1781033709086046863,31,0,8,0,true,0.1579,0.004,1293,8192,0.002,0.002,47.95,0.002,0,0,0.0002,0.0002,0.1,0.0,25.0,21.0,1781033709083295487
1781033709188864017,31,0,8,0,true,0.1582,0.0038,1296,8192,0.002,0.002,47.95,0.002,0,0,0.0002,0.0002,0.11,0.0,25.0,21.0,1781033709178037085
1781033709286175530,31,0,8,0,true,0.1585,0.0038,1298,8192,0.001,0.001,47.95,0.001,0,0,0.0001,0.0001,0.06,0.0,25.0,21.0,1781033709253138237
1781033709390661066,31,0,8,0,true,0.159,0.0038,1302,8192,0.002,0.002,47.95,0.002,0,0,0.0002,0.0002,0.09,0.0,25.0,21.0,1781033709370222895
1781033709492359725,31,0,8,0,true,0.1594,0.0038,1305,8192,0.002,0.002,47.95,0.002,0,0,0.0002,0.0002,0.11,0.0,25.0,21.0,1781033709489153679
1781033709592214206,31,0,8,0,true,0.1597,0.0038,1308,8192,0.002,0.002,47.95,0.002,0,0,0.0001,0.0001,0.09,0.0,25.0,21.0,1781033709565496311
1781033709692416249,31,0,8,0,true,0.1601,0.0038,1311,8192,0.002,0.002,47.95,0.002,0,0,0.0001,0.0001,0.08,0.0,25.0,21.0,1781033709666790950
1781033709792131714,31,0,8,0,true,0.1605,0.0038,1315,8192,0.002,0.002,47.95,0.002,0,0,0.0002,0.0002,0.09,0.0,25.0,21.0,1781033709778106496
1781033709896897054,31,0,8,0,true,0.1609,0.0038,1318,8192,0.002,0.002,47.95,0.002,0,0,0.0002,0.0002,0.11,0.0,25.0,21.0,1781033709886468834
1781033710000860738,31,0,8,0,true,0.1613,0.0039,1321,8192,0.002,0.002,47.95,0.002,0,0,0.0002,0.0002,0.09,0.0,25.0,21.0,1781033709990397692
1781033710098428464,31,0,8,0,true,0.1617,0.0038,1324,8192,0.002,0.002,47.95,0.002,0,0,0.0002,0.0002,0.1,0.0,25.0,21.0,1781033710074422332
1781033710200812299,31,0,8,0,true,0.1621,0.0038,1327,8192,0.002,0.002,47.95,0.002,0,0,0.0002,0.0002,0.09,0.0,25.0,21.0,1781033710189376327
1781033710300520916,31,0,8,0,true,0.1625,0.0038,1331,8192,0.002,0.002,47.95,0.002,0,0,0.0001,0.0001,0.08,0.0,25.0,21.0,1781033710294434342
1781033710398382088,31,0,8,0,true,0.1629,0.0038,1334,8192,0.002,0.002,47.95,0.002,0,0,0.0002,0.0002,0.1,0.0,25.0,21.0,1781033710393153652
1781033710498074138,31,0,8,0,true,0.1633,0.0038,1337,8192,0.002,0.002,47.95,0.002,0,0,0.0002,0.0002,0.09,0.0,25.0,21.0,1781033710489698064
1781033710598327870,31,0,8,0,true,0.1635,0.0038,1339,8192,0.002,0.002,47.95,0.002,0,0,0.0001,0.0001,0.08,0.0,25.0,21.0,1781033710561992645
1781033710697688864,31,0,8,0,true,0.164,0.0038,1343,8192,0.002,0.002,47.95,0.002,0,0,0.0002,0.0002,0.09,0.0,25.0,21.0,1781033710683693397
1781033710798135574,31,0,8,0,true,0.1644,0.0038,1346,8192,0.002,0.002,47.95,0.002,0,0,0.0001,0.0001,0.08,0.0,25.0,21.0,1781033710780702356
1781033710897806426,31,0,8,0,true,0.1648,0.0038,1350,8192,0.002,0.002,47.95,0.002,0,0,0.0001,0.0001,0.08,0.0,25.0,21.0,1781033710890616975
1781033710999821207,31,0,8,0,true,0.1651,0.0038,1352,8192,0.002,0.002,47.95,0.002,0,0,0.0002,0.0002,0.1,0.0,25.0,21.0,1781033710978004057
1781033711098198369,31,0,8,0,true,0.1656,0.0039,1356,8192,0.002,0.002,47.95,0.002,0,0,0.0002,0.0002,0.1,0.0,25.0,21.0,1781033711088915018
1781033711200858613,31,0,8,0,true,0.1659,0.0038,1359,8192,0.002,0.002,47.95,0.002,0,0,0.0002,0.0002,0.09,0.0,25.0,21.0,1781033711186541654
1781033711300215825,31,0,8,0,true,0.1663,0.0038,1362,8192,0.002,0.002,47.95,0.002,0,0,0.0002,0.0002,0.1,0.0,25.0,21.0,1781033711279632330
1781033711400833121,31,0,8,0,true,0.1667,0.0038,1365,8192,0.002,0.002,47.95,0.002,0,0,0.0002,0.0002,0.11,0.0,25.0,21.0,1781033711393087911
1781033711504839789,31,0,8,0,true,0.1671,0.0038,1368,8192,0.002,0.002,47.95,0.002,0,0,0.0001,0.0001,0.08,0.0,25.0,21.0,1781033711474551310
1781033711606213368,31,0,8,0,true,0.1675,0.0039,1372,8192,0.002,0.002,47.95,0.002,0,0,0.0002,0.0002,0.11,0.0,25.0,21.0,1781033711595569721
1781033711708881087,31,0,8,0,true,0.1679,0.0038,1375,8192,0.002,0.002,47.95,0.002,0,0,0.0001,0.0001,0.08,0.0,25.0,21.0,1781033711697527280
1781033711808864769,31,0,8,0,true,0.1682,0.0038,1378,8192,0.002,0.002,47.95,0.002,0,0,0.0002,0.0002,0.1,0.0,25.0,21.0,1781033711784619585
1781033711906150836,31,0,8,0,true,0.1686,0.0039,1381,8192,0.002,0.002,47.95,0.002,0,0,0.0002,0.0002,0.1,0.0,25.0,21.0,1781033711870666314
1781033712008867768,31,0,8,0,true,0.1691,0.0038,1385,8192,0.002,0.002,47.95,0.002,0,0,0.0001,0.0001,0.08,0.0,25.0,21.0,1781033711999616322
1781033712105735866,31,0,8,0,true,0.1695,0.0038,1388,8192,0.002,0.002,47.95,0.002,0,0,0.0001,0.0001,0.08,0.0,25.0,21.0,1781033712101497921
1781033712205762198,31,0,8,0,true,0.1698,0.0038,1391,8192,0.002,0.002,47.95,0.002,0,0,0.0001,0.0001,0.08,0.0,25.0,21.0,1781033712196579878
1781033712308854981,31,0,8,0,true,0.1702,0.0039,1394,8192,0.002,0.002,47.95,0.002,0,0,0.0002,0.0002,0.1,0.0,25.0,21.0,1781033712287706854
1781033712407226116,31,0,8,0,true,0.1706,0.0039,1397,8192,0.0,0.0,47.95,0.0,0,0,0.0,0.0,0.01,0.0,25.0,21.0,1781033712397055326
1781033712506140800,31,0,8,0,true,0.171,0.0039,1400,8192,0.002,0.002,47.95,0.002,0,0,0.0001,0.0001,0.08,0.0,25.0,21.0,1781033712489358594
1781033712606152136,31,0,8,0,true,0.1713,0.0038,1403,8192,0.002,0.002,47.95,0.002,0,0,0.0002,0.0002,0.09,0.0,25.0,21.0,1781033712581668932
1781033712706424411,31,0,8,0,true,0.1717,0.0038,1406,8192,0.002,0.002,47.95,0.002,0,0,0.0001,0.0001,0.09,0.0,25.0,21.0,1781033712678062076
1781033712808861496,31,0,8,0,true,0.1721,0.0038,1409,8192,0.002,0.002,47.95,0.002,0,0,0.0002,0.0002,0.1,0.0,25.0,21.0,1781033712789760155
1781033712905434915,31,0,8,0,true,0.1726,0.0038,1413,8192,0.002,0.002,47.95,0.002,0,0,0.0002,0.0002,0.1,0.0,25.0,21.0,1781033712905304129
1781033713008875777,31,0,8,0,true,0.1728,0.004,1415,8192,0.002,0.002,47.95,0.002,0,0,0.0002,0.0002,0.1,0.0,25.0,21.0,1781033712978772255
1781033713106666094,31,0,8,0,true,0.1733,0.0039,1419,8192,0.002,0.002,47.95,0.002,0,0,0.0002,0.0002,0.11,0.0,25.0,21.0,1781033713100517169
1781033713206432205,31,0,8,0,true,0.1736,0.0039,1422,8192,0.002,0.002,47.95,0.002,0,0,0.0002,0.0002,0.11,0.0,25.0,21.0,1781033713187404120
1781033713306286028,31,0,8,0,true,0.1741,0.0038,1425,8192,0.002,0.002,47.95,0.002,0,0,0.0001,0.0001,0.08,0.0,25.0,21.0,1781033713297107947
1781033713408857988,31,0,8,0,true,0.1744,0.0038,1428,8192,0.002,0.002,47.95,0.002,0,0,0.0001,0.0001,0.08,0.0,25.0,21.0,1781033713389406633
1781033713506093618,31,0,8,0,true,0.1748,0.0039,1432,8192,0.002,0.002,47.95,0.002,0,0,0.0002,0.0002,0.1,0.0,25.0,21.0,1781033713493575356
1781033713607480305,31,0,8,0,true,0.1752,0.0038,1435,8192,0.002,0.002,47.95,0.002,0,0,0.0001,0.0001,0.08,0.0,25.0,21.0,1781033713597411393
1781033713705688954,31,0,8,0,true,0.1756,0.0038,1438,8192,0.002,0.002,47.95,0.002,0,0,0.0001,0.0001,0.09,0.0,25.0,21.0,1781033713694173370
1781033713805986568,31,0,8,0,true,0.1759,0.004,1441,8192,0.002,0.002,47.95,0.002,0,0,0.0002,0.0002,0.11,0.0,25.0,21.0,1781033713773284484
1781033713906991491,31,0,8,0,true,0.1764,0.0039,1445,8192,0.002,0.002,47.95,0.002,0,0,0.0001,0.0001,0.08,0.0,25.0,21.0,1781033713906501181
1781033714006970161,31,0,8,0,true,0.1768,0.004,1448,8192,0.002,0.002,47.95,0.002,0,0,0.0002,0.0002,0.11,0.0,25.0,21.0,1781033713997766452
1781033714107104350,31,0,8,0,true,0.1771,0.0039,1450,8192,0.002,0.002,47.95,0.002,0,0,0.0002,0.0002,0.1,0.0,25.0,21.0,1781033714085599247
1781033714205504252,31,0,8,0,true,0.1776,0.0038,1454,8192,0.002,0.002,47.95,0.002,0,0,0.0002,0.0002,0.11,0.0,25.0,21.0,1781033714204978808
1781033714307354099,31,0,8,0,true,0.1779,0.0038,1457,8192,0.002,0.002,47.95,0.002,0,0,0.0002,0.0002,0.1,0.0,25.0,21.0,1781033714297405729
1781033714405744150,31,0,8,0,true,0.1783,0.004,1460,8192,0.002,0.002,47.95,0.002,0,0,0.0002,0.0002,0.11,0.0,25.0,21.0,1781033714397935395
1781033714505950508,31,0,8,0,true,0.1787,0.0038,1463,8192,0.001,0.001,47.95,0.001,0,0,0.0001,0.0001,0.07,0.0,25.0,21.0,1781033714495524824
1781033714608885687,31,0,8,0,true,0.1791,0.0038,1466,8192,0.002,0.002,47.95,0.002,0,0,0.0002,0.0002,0.09,0.0,25.0,21.0,1781033714589497389
1781033714705540241,31,0,8,0,true,0.1795,0.0038,1470,8192,0.002,0.002,47.95,0.002,0,0,0.0001,0.0001,0.08,0.0,25.0,21.0,1781033714693238410
1781033714807477297,31,0,8,0,true,0.1799,0.0039,1473,8192,0.002,0.002,47.95,0.002,0,0,0.0002,0.0002,0.11,0.0,25.0,21.0,1781033714795855898
1781033714906208234,31,0,8,0,true,0.1803,0.0038,1476,8192,0.002,0.002,47.95,0.002,0,0,0.0001,0.0001,0.08,0.0,25.0,21.0,1781033714902091878
1781033715005622655,31,0,8,0,true,0.1806,0.0038,1479,8192,0.001,0.001,47.95,0.001,0,0,0.0001,0.0001,0.06,0.0,25.0,21.0,1781033715002460384
1781033715107997719,31,0,8,0,true,0.181,0.0039,1482,8192,0.002,0.002,47.95,0.002,0,0,0.0002,0.0002,0.1,0.0,25.0,21.0,1781033715093301272
1781033715205972749,31,0,8,0,true,0.1814,0.0038,1486,8192,0.002,0.002,47.95,0.002,0,0,0.0002,0.0002,0.09,0.0,25.0,21.0,1781033715197031185
1781033715306451682,31,0,8,0,true,0.1818,0.0038,1489,8192,0.002,0.002,47.95,0.002,0,0,0.0001,0.0001,0.08,0.0,25.0,21.0,1781033715304215882
1781033715408856550,31,0,8,0,true,0.1822,0.0039,1492,8192,0.002,0.002,47.95,0.002,0,0,0.0001,0.0001,0.07,0.0,25.0,21.0,1781033715400509193
1781033715506043045,31,0,8,0,true,0.1826,0.0038,1495,8192,0.002,0.002,47.95,0.002,0,0,0.0002,0.0002,0.1,0.0,25.0,21.0,1781033715505203966
1781033715605780887,31,0,8,0,true,0.1829,0.0038,1498,8192,0.001,0.001,47.95,0.001,0,0,0.0001,0.0001,0.06,0.0,25.0,21.0,1781033715597436287
1781033715705534353,31,0,8,0,true,0.1833,0.004,1501,8192,0.003,0.003,47.95,0.003,0,0,0.0002,0.0002,0.12,0.0,25.0,21.0,1781033715685180347
1781033715808871328,31,0,8,0,true,0.1837,0.0038,1504,8192,0.002,0.002,47.95,0.002,0,0,0.0002,0.0002,0.1,0.0,25.0,21.0,1781033715785008854
1781033715906425524,31,0,8,0,true,0.184,0.0039,1507,8192,0.002,0.002,47.95,0.002,0,0,0.0002,0.0002,0.1,0.0,25.0,21.0,1781033715881635758
1781033716008274079,31,0,8,0,true,0.1845,0.0038,1511,8192,0.002,0.002,47.95,0.002,0,0,0.0001,0.0001,0.08,0.0,25.0,21.0,1781033715994328361
1781033716105968190,31,0,8,0,true,0.1848,0.0038,1514,8192,0.001,0.001,47.95,0.001,0,0,0.0001,0.0001,0.07,0.0,25.0,21.0,1781033716088863795
1781033716208867902,31,0,8,0,true,0.1853,0.0039,1517,8192,0.002,0.002,47.95,0.002,0,0,0.0002,0.0002,0.11,0.0,25.0,21.0,1781033716198371429
1781033716306140121,31,0,8,0,true,0.1856,0.0038,1520,8192,0.002,0.002,47.95,0.002,0,0,0.0001,0.0001,0.07,0.0,25.0,21.0,1781033716299753233
1781033716408863358,31,0,8,0,true,0.186,0.0038,1523,8192,0.002,0.002,47.95,0.002,0,0,0.0002,0.0002,0.09,0.0,25.0,21.0,1781033716379879687
1781033716508690798,31,0,8,0,true,0.1864,0.0038,1526,8192,0.001,0.001,47.95,0.001,0,0,0.0001,0.0001,0.07,0.0,25.0,21.0,1781033716492863426
1781033716605608770,31,0,8,0,true,0.1868,0.0038,1530,8192,0.002,0.002,47.95,0.002,0,0,0.0001,0.0001,0.08,0.0,25.0,21.0,1781033716592502334
1781033716706167403,31,0,8,0,true,0.1871,0.0039,1532,8192,0.002,0.002,47.95,0.002,0,0,0.0002,0.0002,0.1,0.0,25.0,21.0,1781033716683607112
1781033716808881925,31,0,8,0,true,0.1875,0.0038,1536,8192,0.001,0.001,47.95,0.001,0,0,0.0001,0.0001,0.03,0.0,25.0,21.0,1781033716785136051
1781033716905546591,31,0,8,0,true,0.1879,0.0038,1539,8192,0.002,0.002,47.95,0.002,0,0,0.0001,0.0001,0.08,0.0,25.0,21.0,1781033716890549827
1781033717008087549,31,0,8,0,true,0.1883,0.0039,1542,8192,0.002,0.002,47.95,0.002,0,0,0.0002,0.0002,0.11,0.0,25.0,21.0,1781033716987536637
1781033717106175088,31,0,8,0,true,0.1886,0.0038,1545,8192,0.002,0.002,47.95,0.002,0,0,0.0002,0.0002,0.1,0.0,25.0,21.0,1781033717075960856
1781033717206283863,31,0,8,0,true,0.1891,0.0038,1548,8192,0.002,0.002,47.95,0.002,0,0,0.0002,0.0002,0.11,0.0,25.0,21.0,1781033717190998704
1781033717307455988,31,0,8,0,true,0.1894,0.0038,1551,8192,0.001,0.001,47.95,0.001,0,0,0.0,0.0,0.03,0.0,25.0,21.0,1781033717281688849
1781033717408863801,31,0,8,0,true,0.1898,0.0038,1554,8192,0.001,0.001,47.95,0.001,0,0,0.0001,0.0001,0.07,0.0,25.0,21.0,1781033717386912601
1781033717508867629,31,0,8,0,true,0.1902,0.0038,1558,8192,0.002,0.002,47.95,0.002,0,0,0.0002,0.0002,0.1,0.0,25.0,21.0,1781033717490086174
1781033717608874494,31,0,8,0,true,0.1906,0.0038,1561,8192,0.002,0.002,47.95,0.002,0,0,0.0001,0.0001,0.08,0.0,25.0,21.0,1781033717598474282
1781033717708857698,31,0,8,0,true,0.191,0.0038,1564,8192,0.002,0.002,47.95,0.002,0,0,0.0002,0.0002,0.11,0.0,25.0,21.0,1781033717684103505
1781033717805569043,31,0,8,0,true,0.1914,0.0038,1567,8192,0.002,0.002,47.95,0.002,0,0,0.0002,0.0002,0.1,0.0,25.0,21.0,1781033717792925398
1781033717906018825,31,0,8,0,true,0.1917,0.0039,1570,8192,0.002,0.002,47.95,0.002,0,0,0.0002,0.0002,0.11,0.0,25.0,21.0,1781033717889839627
1781033718006117292,31,0,8,0,true,0.1921,0.0038,1573,8192,0.002,0.002,47.95,0.002,0,0,0.0001,0.0001,0.08,0.0,25.0,21.0,1781033717980383417
1781033718106427640,31,0,8,0,true,0.1925,0.0038,1576,8192,0.001,0.001,47.95,0.001,0,0,0.0001,0.0001,0.07,0.0,25.0,21.0,1781033718074144169
1781033718205973121,31,0,8,0,true,0.1928,0.0039,1579,8192,0.002,0.002,47.95,0.002,0,0,0.0002,0.0002,0.11,0.0,25.0,21.0,1781033718171563208
1781033718306159187,31,0,8,0,true,0.1933,0.0038,1583,8192,0.002,0.002,47.95,0.002,0,0,0.0002,0.0002,0.1,0.0,25.0,21.0,1781033718284875713
1781033718406488345,31,0,8,0,true,0.1936,0.0038,1586,8192,0.002,0.002,47.95,0.002,0,0,0.0001,0.0001,0.08,0.0,25.0,21.0,1781033718376085162
1781033718508909586,31,0,8,0,true,0.194,0.0038,1589,8192,0.002,0.002,47.95,0.002,0,0,0.0002,0.0002,0.09,0.0,25.0,21.0,1781033718480706201
1781033718606497924,31,0,8,0,true,0.1945,0.0038,1592,8192,0.002,0.002,47.95,0.002,0,0,0.0002,0.0002,0.1,0.0,25.0,21.0,1781033718591705491
1781033718708652416,31,0,8,0,true,0.1948,0.0038,1595,8192,0.002,0.002,47.95,0.002,0,0,0.0002,0.0002,0.11,0.0,25.0,21.0,1781033718681174988
1781033718806218722,31,0,8,0,true,0.1952,0.0038,1599,8192,0.002,0.002,47.95,0.002,0,0,0.0002,0.0002,0.09,0.0,25.0,21.0,1781033718788296623
1781033718906132160,31,0,8,0,true,0.1956,0.0039,1602,8192,0.002,0.002,47.95,0.002,0,0,0.0002,0.0002,0.1,0.0,25.0,21.0,1781033718890507414
1781033719005700791,31,0,8,0,true,0.196,0.0038,1605,8192,0.002,0.002,47.95,0.002,0,0,0.0002,0.0002,0.09,0.0,25.0,21.0,1781033718992482061
1781033719106395352,31,0,8,0,true,0.1964,0.0038,1609,8192,0.002,0.002,47.95,0.002,0,0,0.0002,0.0002,0.09,0.0,25.0,21.0,1781033719104159617
1781033719205930795,31,0,8,0,true,0.1967,0.0038,1611,8192,0.002,0.002,47.95,0.002,0,0,0.0001,0.0001,0.08,0.0,25.0,21.0,1781033719189086924
1781033719305938763,31,0,8,0,true,0.1971,0.0039,1614,8192,0.002,0.002,47.95,0.002,0,0,0.0002,0.0002,0.11,0.0,25.0,21.0,1781033719282425105
1781033719406574248,31,0,8,0,true,0.1976,0.0038,1618,8192,0.002,0.002,47.95,0.002,0,0,0.0002,0.0002,0.1,0.0,25.0,21.0,1781033719401961235
1781033719505697259,31,0,8,0,true,0.1979,0.0038,1621,8192,0.001,0.001,47.95,0.001,0,0,0.0001,0.0001,0.04,0.0,25.0,21.0,1781033719491821209
1781033719606196990,31,0,8,0,true,0.1983,0.0038,1624,8192,0.002,0.002,47.95,0.002,0,0,0.0002,0.0002,0.09,0.0,25.0,21.0,1781033719599861189
1781033719708847344,31,0,8,0,true,0.1986,0.0038,1627,8192,0.002,0.002,47.95,0.002,0,0,0.0002,0.0002,0.11,0.0,25.0,21.0,1781033719681981038
1781033719808900644,31,0,8,0,true,0.199,0.0038,1630,8192,0.002,0.002,47.95,0.002,0,0,0.0002,0.0002,0.09,0.0,25.0,21.0,1781033719774050229
1781033719908858676,31,0,8,0,true,0.1994,0.004,1633,8192,0.002,0.002,47.95,0.002,0,0,0.0002,0.0002,0.11,0.0,25.0,21.0,1781033719889154135
1781033720008631839,31,0,8,0,true,0.1999,0.0039,1637,8192,0.002,0.002,47.95,0.002,0,0,0.0002,0.0002,0.11,0.0,25.0,21.0,1781033719999218766
1781033720105435793,31,0,8,0,true,0.2003,0.0039,1640,8192,0.002,0.002,47.95,0.002,0,0,0.0002,0.0002,0.11,0.0,25.0,21.0,1781033720104299357
1781033720208857181,31,0,8,0,true,0.2006,0.0039,1643,8192,0.002,0.002,47.95,0.002,0,0,0.0002,0.0002,0.1,0.0,25.0,21.0,1781033720197333735
1781033720305439166,31,0,8,0,true,0.2009,0.0039,1645,8192,0.002,0.002,47.95,0.002,0,0,0.0002,0.0002,0.11,0.0,25.0,21.0,1781033720275530510
1781033720406123687,31,0,8,0,true,0.2013,0.0039,1649,8192,0.002,0.002,47.95,0.002,0,0,0.0002,0.0002,0.11,0.0,25.0,21.0,1781033720384887669
1781033720506193515,31,0,8,0,true,0.2018,0.0039,1652,8192,0.002,0.002,47.95,0.002,0,0,0.0002,0.0002,0.1,0.0,25.0,21.0,1781033720493676604
1781033720606130456,31,0,8,0,true,0.2021,0.004,1655,8192,0.002,0.002,47.95,0.002,0,0,0.0002,0.0002,0.11,0.0,25.0,21.0,1781033720585323034
1781033720706092860,31,0,8,0,true,0.2025,0.0038,1658,8192,0.001,0.001,47.95,0.001,0,0,0.0001,0.0001,0.04,0.0,25.0,21.0,1781033720681982987
1781033720806175948,31,0,8,0,true,0.2029,0.0038,1662,8192,0.002,0.002,47.95,0.002,0,0,0.0002,0.0002,0.09,0.0,25.0,21.0,1781033720799676567
1781033720905962115,31,0,8,0,true,0.2033,0.0038,1665,8192,0.002,0.002,47.95,0.002,0,0,0.0002,0.0002,0.09,0.0,25.0,21.0,1781033720893385668
1781033721006040099,31,0,8,0,true,0.2036,0.0039,1668,8192,0.002,0.002,47.95,0.002,0,0,0.0002,0.0002,0.11,0.0,25.0,21.0,1781033720982672945
1781033721108875173,31,0,8,0,true,0.2041,0.0038,1671,8192,0.002,0.002,47.95,0.002,0,0,0.0001,0.0001,0.08,0.0,25.0,21.0,1781033721098999471
1781033721206161203,31,0,8,0,true,0.2045,0.0039,1675,8192,0.002,0.002,47.95,0.002,0,0,0.0002,0.0002,0.11,0.0,25.0,21.0,1781033721201389913
1781033721305591336,31,0,8,0,true,0.2049,0.0039,1678,8192,0.002,0.002,47.95,0.002,0,0,0.0002,0.0002,0.1,0.0,25.0,21.0,1781033721298814600
1781033721405804122,31,0,8,0,true,0.2052,0.0038,1681,8192,0.002,0.002,47.95,0.002,0,0,0.0002,0.0002,0.1,0.0,25.0,21.0,1781033721399634170
1781033721506955601,31,0,8,0,true,0.2057,0.004,1684,8192,0.002,0.002,47.95,0.002,0,0,0.0002,0.0002,0.11,0.0,25.0,21.0,1781033721506054403
1781033721606224182,31,0,8,0,true,0.206,0.0038,1687,8192,0.002,0.002,47.95,0.002,0,0,0.0002,0.0002,0.1,0.0,25.0,21.0,1781033721585126212
1781033721706066753,31,0,8,0,true,0.2064,0.0038,1690,8192,0.002,0.002,47.95,0.002,0,0,0.0001,0.0001,0.08,0.0,25.0,21.0,1781033721689202971
1781033721808875283,31,0,8,0,true,0.2067,0.0038,1693,8192,0.001,0.001,47.95,0.001,0,0,0.0001,0.0001,0.07,0.0,25.0,21.0,1781033721785411214
1781033721912997681,31,0,8,0,true,0.2072,0.0039,1696,8192,0.002,0.002,47.95,0.002,0,0,0.0002,0.0002,0.11,0.0,25.0,21.0,1781033721896272431
1781033722013502815,31,0,8,0,true,0.2076,0.0038,1700,8192,0.002,0.002,47.95,0.002,0,0,0.0001,0.0001,0.08,0.0,25.0,21.0,1781033722006811827
1781033722116882703,31,0,8,0,true,0.2079,0.0038,1702,8192,0.002,0.002,47.95,0.002,0,0,0.0002,0.0002,0.09,0.0,25.0,21.0,1781033722081923620
1781033722213896867,31,0,8,0,true,0.2084,0.0038,1706,8192,0.002,0.002,47.95,0.002,0,0,0.0002,0.0002,0.09,0.0,25.0,21.0,1781033722212094274
1781033722316892836,31,0,8,0,true,0.2087,0.0039,1709,8192,0.002,0.002,47.95,0.002,0,0,0.0002,0.0002,0.1,0.0,25.0,21.0,1781033722305133137
1781033722413980743,31,0,8,0,true,0.2091,0.0038,1713,8192,0.002,0.002,47.95,0.002,0,0,0.0001,0.0001,0.08,0.0,25.0,21.0,1781033722409129980
1781033722514035004,31,0,8,0,true,0.2095,0.0039,1715,8192,0.002,0.002,47.95,0.002,0,0,0.0002,0.0002,0.1,0.0,25.0,21.0,1781033722500703263
1781033722614697142,31,0,8,0,true,0.2098,0.0039,1719,8192,0.002,0.002,47.95,0.002,0,0,0.0002,0.0002,0.1,0.0,25.0,21.0,1781033722599225491
1781033722717734425,31,0,8,0,true,0.2102,0.0038,1722,8192,0.002,0.002,47.95,0.002,0,0,0.0002,0.0002,0.1,0.0,25.0,21.0,1781033722693609082
1781033722816881893,31,0,8,0,true,0.2106,0.0039,1724,8192,0.002,0.002,47.95,0.002,0,0,0.0002,0.0002,0.09,0.0,25.0,21.0,1781033722785339462
1781033722913857162,31,0,8,0,true,0.2109,0.0039,1727,8192,0.002,0.002,47.95,0.002,0,0,0.0002,0.0002,0.11,0.0,25.0,21.0,1781033722877855366
1781033723013756003,31,0,8,0,true,0.2114,0.0038,1731,8192,0.001,0.001,47.95,0.001,0,0,0.0001,0.0001,0.07,0.0,25.0,21.0,1781033723009988953
1781033723113618506,31,0,8,0,true,0.2118,0.0038,1735,8192,0.001,0.001,47.95,0.001,0,0,0.0001,0.0001,0.07,0.0,25.0,21.0,1781033723109120123
1781033723213459975,31,0,8,0,true,0.2122,0.0038,1738,8192,0.002,0.002,47.95,0.002,0,0,0.0002,0.0002,0.1,0.0,25.0,21.0,1781033723205268106
1781033723320863598,31,0,8,0,true,0.2126,0.0038,1741,8192,0.002,0.002,47.95,0.002,0,0,0.0002,0.0002,0.09,0.0,25.0,21.0,1781033723310489150
1781033723428908735,31,0,8,0,true,0.2129,0.004,1744,8192,0.002,0.002,47.95,0.002,0,0,0.0002,0.0002,0.12,0.0,25.0,21.0,1781033723406494231
1781033723529939413,31,0,8,0,true,0.2133,0.0039,1747,8192,0.002,0.002,47.95,0.002,0,0,0.0002,0.0002,0.1,0.0,25.0,21.0,1781033723507645515
1781033723631988741,31,0,8,0,true,0.2138,0.004,1751,8192,0.002,0.002,47.95,0.002,0,0,0.0002,0.0002,0.12,0.0,25.0,21.0,1781033723621020331
1781033723730274933,31,0,8,0,true,0.2142,0.0038,1754,8192,0.002,0.002,47.95,0.002,0,0,0.0002,0.0002,0.1,0.0,25.0,21.0,1781033723728056102
1781033723830508106,31,0,8,0,true,0.2145,0.0038,1757,8192,0.002,0.002,47.95,0.002,0,0,0.0002,0.0002,0.09,0.0,25.0,21.0,1781033723819284996
1781033723929584085,31,0,8,0,true,0.2149,0.0038,1760,8192,0.002,0.002,47.95,0.002,0,0,0.0001,0.0001,0.08,0.0,25.0,21.0,1781033723910391220
1781033724029653261,31,0,8,0,true,0.2153,0.0038,1764,8192,0.002,0.002,47.95,0.002,0,0,0.0002,0.0002,0.09,0.0,25.0,21.0,1781033724025980104
1781033724130121902,31,0,8,0,true,0.2157,0.0038,1767,8192,0.002,0.002,47.95,0.002,0,0,0.0001,0.0001,0.07,0.0,25.0,21.0,1781033724126541009
1781033724232998006,31,0,8,0,true,0.2161,0.0038,1770,8192,0.002,0.002,47.95,0.002,0,0,0.0002,0.0002,0.11,0.0,25.0,21.0,1781033724223995065
1781033724330053867,31,0,8,0,true,0.2165,0.0038,1773,8192,0.001,0.001,47.95,0.001,0,0,0.0001,0.0001,0.07,0.0,25.0,21.0,1781033724316760721
1781033724433012676,31,0,8,0,true,0.2168,0.0039,1776,8192,0.002,0.002,47.95,0.002,0,0,0.0002,0.0002,0.11,0.0,25.0,21.0,1781033724408973842
1781033724530215744,31,0,8,0,true,0.2172,0.0038,1779,8192,0.002,0.002,47.95,0.002,0,0,0.0001,0.0001,0.07,0.0,25.0,21.0,1781033724519012960
1781033724629883205,31,0,8,0,true,0.2176,0.0038,1782,8192,0.002,0.002,47.95,0.002,0,0,0.0001,0.0001,0.08,0.0,25.0,21.0,1781033724617515382
1781033724729818165,31,0,8,0,true,0.218,0.0038,1785,8192,0.002,0.002,47.95,0.002,0,0,0.0002,0.0002,0.09,0.0,25.0,21.0,1781033724716690589
1781033724829705482,31,0,8,0,true,0.2183,0.0023,1788,8192,0.003,0.003,47.95,0.003,0,0,0.0002,0.0002,0.13,0.0,25.0,21.0,1781033724818136914
1781033724930221873,31,0,8,0,true,0.2185,0.0023,1790,8192,0.001,0.001,47.95,0.001,0,0,0.0001,0.0001,0.06,0.0,25.0,21.0,1781033724919396054
1781033725033095787,31,0,8,0,true,0.2188,0.0024,1792,8192,0.003,0.003,47.95,0.003,0,0,0.0003,0.0003,0.15,0.0,25.0,21.0,1781033725031780908
1781033725129809544,31,0,8,0,true,0.219,0.0023,1793,8192,0.003,0.003,47.95,0.003,0,0,0.0002,0.0002,0.13,0.0,25.0,21.0,1781033725106599033
1781033725229674074,31,0,8,0,true,0.2192,0.0024,1796,8192,0.002,0.002,47.95,0.002,0,0,0.0002,0.0002,0.1,0.0,25.0,21.0,1781033725229168645
1781033725329515417,31,0,8,0,true,0.2194,0.0025,1797,8192,0.002,0.002,47.95,0.002,0,0,0.0002,0.0002,0.11,0.0,25.0,21.0,1781033725297655504
1781033725429956876,31,0,8,0,true,0.2197,0.0023,1799,8192,0.002,0.002,47.95,0.002,0,0,0.0002,0.0002,0.1,0.0,25.0,21.0,1781033725412809143
1781033725536957397,31,0,8,0,true,0.2199,0.0023,1801,8192,0.002,0.002,47.95,0.002,0,0,0.0002,0.0002,0.09,0.0,25.0,21.0,1781033725514760216
1781033725638028007,31,0,8,0,true,0.2202,0.0025,1803,8192,0.001,0.001,47.95,0.001,0,0,0.0001,0.0001,0.07,0.0,25.0,21.0,1781033725632552641
1781033725744839278,31,0,8,0,true,0.2204,0.0022,1805,8192,0.002,0.002,47.95,0.002,0,0,0.0001,0.0001,0.08,0.0,25.0,21.0,1781033725727289549
1781033725845807048,31,0,8,0,true,0.2206,0.0023,1807,8192,0.002,0.002,47.95,0.002,0,0,0.0002,0.0002,0.1,0.0,25.0,21.0,1781033725831904685
1781033725945580138,31,0,8,0,true,0.2209,0.0023,1809,8192,0.002,0.002,47.95,0.002,0,0,0.0001,0.0001,0.09,0.0,25.0,21.0,1781033725934156698
1781033726048843497,31,0,8,0,true,0.2211,0.0022,1811,8192,0.0,0.0,47.95,0.0,0,0,0.0,0.0,0.01,0.0,25.0,21.0,1781033726030889655
1781033726147466487,31,0,8,0,true,0.2213,0.0022,1813,8192,0.002,0.002,47.95,0.002,0,0,0.0001,0.0001,0.09,0.0,25.0,21.0,1781033726141076211
1781033726245607527,31,0,8,0,true,0.2215,0.0022,1814,8192,0.003,0.003,47.95,0.003,0,0,0.0002,0.0002,0.14,0.0,25.0,21.0,1781033726231119294
1781033726345755147,31,0,8,0,true,0.2218,0.0022,1816,8192,0.003,0.003,47.95,0.003,0,0,0.0002,0.0002,0.12,0.0,25.0,21.0,1781033726334982176
1781033726448879610,31,0,8,0,true,0.222,0.0022,1818,8192,0.001,0.001,47.95,0.001,0,0,0.0,0.0,0.03,0.0,25.0,21.0,1781033726417193813
1781033847917493755,,,,,,,,,,,,,,,,,,,,,,
1781033848017440756,,,,,,,,,,,,,,,,,,,,,,
1781033848118527645,,,,,,,,,,,,,,,,,,,,,,
1781033848218483233,,,,,,,,,,,,,,,,,,,,,,
1781033848318346151,,,,,,,,,,,,,,,,,,,,,,
1781033848417491546,,,,,,,,,,,,,,,,,,,,,,
1781033848517847972,,,,,,,,,,,,,,,,,,,,,,
1781033848617837918,,,,,,,,,,,,,,,,,,,,,,
1781033848717966782,,,,,,,,,,,,,,,,,,,,,,
1781033848818424922,,,,,,,,,,,,,,,,,,,,,,
1781033848917491833,,,,,,,,,,,,,,,,,,,,,,
1781033849018124715,,,,,,,,,,,,,,,,,,,,,,
1781033849118247284,,,,,,,,,,,,,,,,,,,,,,
1781033849218308612,,,,,,,,,,,,,,,,,,,,,,
1781033849318238317,,,,,,,,,,,,,,,,,,,,,,
1781033849417507219,,,,,,,,,,,,,,,,,,,,,,
1781033849517489060,,,,,,,,,,,,,,,,,,,,,,
1781033849617544579,,,,,,,,,,,,,,,,,,,,,,
1781033849717981943,,,,,,,,,,,,,,,,,,,,,,
1781033849818380027,,,,,,,,,,,,,,,,,,,,,,
1781033849917498054,,,,,,,,,,,,,,,,,,,,,,
1781033850017490511,,,,,,,,,,,,,,,,,,,,,,
1781033850118067621,,,,,,,,,,,,,,,,,,,,,,
1781033850218376431,,,,,,,,,,,,,,,,,,,,,,
1781033850317467787,,,,,,,,,,,,,,,,,,,,,,
1781033850418233728,,,,,,,,,,,,,,,,,,,,,,
1781033850518254809,,,,,,,,,,,,,,,,,,,,,,
1781033850617485529,,,,,,,,,,,,,,,,,,,,,,
1781033850718462316,,,,,,,,,,,,,,,,,,,,,,
1781033850817551038,,,,,,,,,,,,,,,,,,,,,,
1781033850917430691,,,,,,,,,,,,,,,,,,,,,,
1781033851017791742,,,,,,,,,,,,,,,,,,,,,,
1781033851118367938,,,,,,,,,,,,,,,,,,,,,,
1781033851217444124,,,,,,,,,,,,,,,,,,,,,,
1781033851317772959,,,,,,,,,,,,,,,,,,,,,,
1781033851418008241,,,,,,,,,,,,,,,,,,,,,,
1781033851518415388,,,,,,,,,,,,,,,,,,,,,,
1781033851617515534,,,,,,,,,,,,,,,,,,,,,,
1781033851717990093,,,,,,,,,,,,,,,,,,,,,,
1781033851817797944,,,,,,,,,,,,,,,,,,,,,,
1781033851917464382,,,,,,,,,,,,,,,,,,,,,,
1781033852018052568,,,,,,,,,,,,,,,,,,,,,,
1781033852118005112,,,,,,,,,,,,,,,,,,,,,,
1781033852218109313,,,,,,,,,,,,,,,,,,,,,,
1781033852318246811,,,,,,,,,,,,,,,,,,,,,,
1781033852417475589,,,,,,,,,,,,,,,,,,,,,,
1781033852517885379,,,,,,,,,,,,,,,,,,,,,,
1781033852618159369,,,,,,,,,,,,,,,,,,,,,,
1781033852718261088,,,,,,,,,,,,,,,,,,,,,,
1781033852817973363,,,,,,,,,,,,,,,,,,,,,,
1781033852917956320,,,,,,,,,,,,,,,,,,,,,,
1781033853017811865,,,,,,,,,,,,,,,,,,,,,,
1781033853117765808,,,,,,,,,,,,,,,,,,,,,,
1781033853217510408,,,,,,,,,,,,,,,,,,,,,,
1781033853317940484,,,,,,,,,,,,,,,,,,,,,,
1781033853418013909,,,,,,,,,,,,,,,,,,,,,,
1781033853518371576,,,,,,,,,,,,,,,,,,,,,,
1781033853617795699,,,,,,,,,,,,,,,,,,,,,,
1781033853718144778,,,,,,,,,,,,,,,,,,,,,,
1781033853817791519,,,,,,,,,,,,,,,,,,,,,,
1781033853918252425,,,,,,,,,,,,,,,,,,,,,,
1781033854018006103,,,,,,,,,,,,,,,,,,,,,,
1781033854118328262,,,,,,,,,,,,,,,,,,,,,,
1781033854218255051,,,,,,,,,,,,,,,,,,,,,,
1781033854318062016,,,,,,,,,,,,,,,,,,,,,,
1781033854418124277,,,,,,,,,,,,,,,,,,,,,,
1781033854517472710,,,,,,,,,,,,,,,,,,,,,,
1781033854618067523,,,,,,,,,,,,,,,,,,,,,,
1781033854718128765,,,,,,,,,,,,,,,,,,,,,,
1781033854818418014,,,,,,,,,,,,,,,,,,,,,,
1781033854917832338,,,,,,,,,,,,,,,,,,,,,,
1781033855017757821,,,,,,,,,,,,,,,,,,,,,,
1781033855117494935,,,,,,,,,,,,,,,,,,,,,,
1781033855218229891,,,,,,,,,,,,,,,,,,,,,,
1781033855317535076,,,,,,,,,,,,,,,,,,,,,,
1781033855418033019,,,,,,,,,,,,,,,,,,,,,,
1781033855518354095,,,,,,,,,,,,,,,,,,,,,,
1781033855617783571,,,,,,,,,,,,,,,,,,,,,,
1781033855717772773,,,,,,,,,,,,,,,,,,,,,,
1781033855818324690,,,,,,,,,,,,,,,,,,,,,,
1781033855917975563,,,,,,,,,,,,,,,,,,,,,,
1781033856020852745,,,,,,,,,,,,,,,,,,,,,,
1781033856117966209,,,,,,,,,,,,,,,,,,,,,,
1781033856218133222,,,,,,,,,,,,,,,,,,,,,,
1781033856318253873,,,,,,,,,,,,,,,,,,,,,,
1781033856418310546,,,,,,,,,,,,,,,,,,,,,,
1781033856517865881,,,,,,,,,,,,,,,,,,,,,,
1781033856617935602,,,,,,,,,,,,,,,,,,,,,,
1781033856718142305,,,,,,,,,,,,,,,,,,,,,,
1781033856817654082,,,,,,,,,,,,,,,,,,,,,,
1781033856918367838,,,,,,,,,,,,,,,,,,,,,,
1781033857018257038,,,,,,,,,,,,,,,,,,,,,,
1781033857118007718,,,,,,,,,,,,,,,,,,,,,,
1781033857217439754,,,,,,,,,,,,,,,,,,,,,,
1781033857318184299,,,,,,,,,,,,,,,,,,,,,,
1781033857423173395,,,,,,,,,,,,,,,,,,,,,,
1781033857524031105,,,,,,,,,,,,,,,,,,,,,,
1781033857623862848,,,,,,,,,,,,,,,,,,,,,,
1781033857724101440,,,,,,,,,,,,,,,,,,,,,,
1781033857823522527,,,,,,,,,,,,,,,,,,,,,,
1781033857924067967,,,,,,,,,,,,,,,,,,,,,,
1781033858024370134,,,,,,,,,,,,,,,,,,,,,,
1781033858124440733,,,,,,,,,,,,,,,,,,,,,,
1781033858224278394,,,,,,,,,,,,,,,,,,,,,,
1781033858324440032,,,,,,,,,,,,,,,,,,,,,,
1781033858424300915,,,,,,,,,,,,,,,,,,,,,,
1781033858524122336,,,,,,,,,,,,,,,,,,,,,,
1781033858624280671,,,,,,,,,,,,,,,,,,,,,,
1781033858723750003,,,,,,,,,,,,,,,,,,,,,,
1781033858824005493,,,,,,,,,,,,,,,,,,,,,,
1781033858924118731,,,,,,,,,,,,,,,,,,,,,,
1781033859024084829,,,,,,,,,,,,,,,,,,,,,,
1781033859124107593,,,,,,,,,,,,,,,,,,,,,,
1781033859223682497,,,,,,,,,,,,,,,,,,,,,,
1781033859324089636,,,,,,,,,,,,,,,,,,,,,,
1781033859424000478,,,,,,,,,,,,,,,,,,,,,,
1781033859524119815,,,,,,,,,,,,,,,,,,,,,,
1781033859624064063,,,,,,,,,,,,,,,,,,,,,,
1781033859724322261,,,,,,,,,,,,,,,,,,,,,,
1781033859824325774,,,,,,,,,,,,,,,,,,,,,,
1781033859924344344,,,,,,,,,,,,,,,,,,,,,,
1781033860023533610,,,,,,,,,,,,,,,,,,,,,,
1781033860124486409,,,,,,,,,,,,,,,,,,,,,,
1781033860224208108,,,,,,,,,,,,,,,,,,,,,,
1781033860324298759,,,,,,,,,,,,,,,,,,,,,,
1781033860423638257,,,,,,,,,,,,,,,,,,,,,,
1781033860524839148,,,,,,,,,,,,,,,,,,,,,,
1781033860624394321,,,,,,,,,,,,,,,,,,,,,,
1781033860723961724,,,,,,,,,,,,,,,,,,,,,,
1781033860824054456,,,,,,,,,,,,,,,,,,,,,,
1781033860923986975,,,,,,,,,,,,,,,,,,,,,,
1781033861023696288,,,,,,,,,,,,,,,,,,,,,,
1781033861123870374,,,,,,,,,,,,,,,,,,,,,,
1781033861223781647,,,,,,,,,,,,,,,,,,,,,,
1781033861324479453,,,,,,,,,,,,,,,,,,,,,,
1781033861424238914,,,,,,,,,,,,,,,,,,,,,,
1781033861524312714,,,,,,,,,,,,,,,,,,,,,,
1781033861624276701,,,,,,,,,,,,,,,,,,,,,,
1781033861724062182,,,,,,,,,,,,,,,,,,,,,,
1781033861823848415,,,,,,,,,,,,,,,,,,,,,,
1781033861923794782,,,,,,,,,,,,,,,,,,,,,,
1781033862024329043,,,,,,,,,,,,,,,,,,,,,,
1781033862124466639,,,,,,,,,,,,,,,,,,,,,,
1781033862224318440,,,,,,,,,,,,,,,,,,,,,,
1781033862324228685,,,,,,,,,,,,,,,,,,,,,,
1781033862424327304,,,,,,,,,,,,,,,,,,,,,,
1781033862524274402,,,,,,,,,,,,,,,,,,,,,,
1781033862623738198,,,,,,,,,,,,,,,,,,,,,,
1781033862723654190,,,,,,,,,,,,,,,,,,,,,,
1781033862824046006,,,,,,,,,,,,,,,,,,,,,,
1781033862924100075,,,,,,,,,,,,,,,,,,,,,,
1781033863023855452,,,,,,,,,,,,,,,,,,,,,,
1781033863124122774,,,,,,,,,,,,,,,,,,,,,,
1781033863224456494,,,,,,,,,,,,,,,,,,,,,,
1781033863323863540,,,,,,,,,,,,,,,,,,,,,,
1781033863424077252,,,,,,,,,,,,,,,,,,,,,,
1781033863523976605,,,,,,,,,,,,,,,,,,,,,,
1781033863624398827,,,,,,,,,,,,,,,,,,,,,,
1781033863724472169,,,,,,,,,,,,,,,,,,,,,,
1781033863824525419,,,,,,,,,,,,,,,,,,,,,,
1781033863928863398,31,0,8,0,true,0.0014,0.0098,11,8192,0.006,0.006,47.96,0.006,0,0,0.0005,0.0005,0.3,0.0,25.0,21.0,1781033863914337333
1781033864030090555,31,0,8,0,true,0.0019,0.0052,15,8192,0.001,0.001,47.96,0.001,0,0,0.0001,0.0001,0.07,0.0,25.0,21.0,1781033864006003531
1781033864130796263,31,0,8,0,true,0.0023,0.004,19,8192,0.001,0.001,47.96,0.001,0,0,0.0,0.0,0.02,0.0,25.0,21.0,1781033864099727874
1781033864230235874,31,0,8,0,true,0.0028,0.0042,23,8192,0.003,0.003,47.96,0.003,0,0,0.0002,0.0002,0.13,0.0,25.0,21.0,1781033864217902122
1781033864329882908,31,0,8,0,true,0.0032,0.0041,26,8192,0.003,0.003,47.96,0.003,0,0,0.0002,0.0002,0.13,0.0,25.0,21.0,1781033864316840895
1781033864430371811,31,0,8,0,true,0.0035,0.0042,29,8192,0.003,0.003,47.96,0.003,0,0,0.0002,0.0002,0.14,0.0,25.0,21.0,1781033864398077696
1781033864529925545,31,0,8,0,true,0.0041,0.0041,33,8192,0.003,0.003,47.96,0.003,0,0,0.0002,0.0002,0.14,0.0,25.0,21.0,1781033864525474346
1781033864632891106,31,0,8,0,true,0.0044,0.0041,36,8192,0.003,0.003,47.96,0.003,0,0,0.0002,0.0002,0.12,0.0,25.0,21.0,1781033864608235459
1781033864729814666,31,0,8,0,true,0.0049,0.0041,40,8192,0.003,0.003,47.96,0.003,0,0,0.0002,0.0002,0.14,0.0,25.0,21.0,1781033864727201606
1781033864832868114,31,0,8,0,true,0.0053,0.0041,43,8192,0.003,0.003,47.96,0.003,0,0,0.0002,0.0002,0.14,0.0,25.0,21.0,1781033864812899541
1781033864929805788,31,0,8,0,true,0.0057,0.0041,46,8192,0.003,0.003,47.96,0.003,0,0,0.0003,0.0003,0.15,0.0,25.0,21.0,1781033864919435805
1781033865031092741,31,0,8,0,true,0.0061,0.0042,49,8192,0.003,0.003,47.96,0.003,0,0,0.0002,0.0002,0.14,0.0,25.0,21.0,1781033865014458606
1781033865132869352,31,0,8,0,true,0.0065,0.0041,53,8192,0.003,0.003,47.96,0.003,0,0,0.0002,0.0002,0.14,0.0,25.0,21.0,1781033865112548596
1781033865236918258,31,0,8,0,true,0.0069,0.0041,56,8192,0.003,0.003,47.96,0.003,0,0,0.0002,0.0002,0.13,0.0,25.0,21.0,1781033865211286700
1781033865340917517,31,0,8,0,true,0.0074,0.0041,60,8192,0.003,0.003,47.96,0.003,0,0,0.0002,0.0002,0.14,0.0,25.0,21.0,1781033865330397554
1781033865437952142,31,0,8,0,true,0.0078,0.0041,63,8192,0.003,0.003,47.96,0.003,0,0,0.0002,0.0002,0.12,0.0,25.0,21.0,1781033865427580881
1781033865539026498,31,0,8,0,true,0.0081,0.0042,66,8192,0.003,0.003,47.96,0.003,0,0,0.0002,0.0002,0.12,0.0,25.0,21.0,1781033865508669685
1781033865640870626,31,0,8,0,true,0.0085,0.0041,70,8192,0.003,0.003,47.96,0.003,0,0,0.0002,0.0002,0.13,0.0,25.0,21.0,1781033865611613345
1781033865740869320,31,0,8,0,true,0.009,0.0041,73,8192,0.003,0.003,47.96,0.003,0,0,0.0002,0.0002,0.14,0.0,25.0,21.0,1781033865715876799
1781033865838118661,31,0,8,0,true,0.0095,0.0041,77,8192,0.003,0.003,47.96,0.003,0,0,0.0002,0.0002,0.13,0.0,25.0,21.0,1781033865834169318
1781033865938123510,31,0,8,0,true,0.0098,0.0041,80,8192,0.003,0.003,47.96,0.003,0,0,0.0002,0.0002,0.13,0.0,25.0,21.0,1781033865918065987
1781033866038474293,31,0,8,0,true,0.0103,0.0041,84,8192,0.003,0.003,47.96,0.003,0,0,0.0002,0.0002,0.13,0.0,25.0,21.0,1781033866029673278
1781033866137585243,31,0,8,0,true,0.0107,0.0041,87,8192,0.003,0.003,47.96,0.003,0,0,0.0002,0.0002,0.13,0.0,25.0,21.0,1781033866128640820
1781033866238428348,31,0,8,0,true,0.0111,0.0041,90,8192,0.003,0.003,47.96,0.003,0,0,0.0002,0.0002,0.14,0.0,25.0,21.0,1781033866229309921
1781033866340854696,31,0,8,0,true,0.0115,0.0041,93,8192,0.003,0.003,47.96,0.003,0,0,0.0002,0.0002,0.14,0.0,25.0,21.0,1781033866322883284
1781033866438020846,31,0,8,0,true,0.0119,0.0042,97,8192,0.003,0.003,47.96,0.003,0,0,0.0002,0.0002,0.14,0.0,25.0,21.0,1781033866426185257
1781033866538461154,31,0,8,0,true,0.0123,0.0041,100,8192,0.003,0.003,47.96,0.003,0,0,0.0002,0.0002,0.14,0.0,25.0,21.0,1781033866523705290
1781033866640878882,31,0,8,0,true,0.0127,0.0041,104,8192,0.003,0.003,47.96,0.003,0,0,0.0002,0.0002,0.14,0.0,25.0,21.0,1781033866624893408
1781033866740948751,31,0,8,0,true,0.0132,0.0041,107,8192,0.003,0.003,47.96,0.003,0,0,0.0003,0.0003,0.15,0.0,25.0,21.0,1781033866734204493
1781033866837527042,31,0,8,0,true,0.0135,0.0041,110,8192,0.003,0.003,47.96,0.003,0,0,0.0003,0.0003,0.14,0.0,25.0,21.0,1781033866825516883
1781033866937696421,31,0,8,0,true,0.0139,0.0041,113,8192,0.003,0.003,47.96,0.003,0,0,0.0002,0.0002,0.14,0.0,25.0,21.0,1781033866906063344
1781033867040864846,31,0,8,0,true,0.0143,0.0042,117,8192,0.002,0.002,47.96,0.002,0,0,0.0002,0.0002,0.12,0.0,25.0,21.0,1781033867016902518
1781033867144868102,31,0,8,0,true,0.0148,0.0041,121,8192,0.003,0.003,47.96,0.003,0,0,0.0002,0.0002,0.13,0.0,25.0,21.0,1781033867133790500
1781033867245688504,31,0,8,0,true,0.0152,0.0042,124,8192,0.003,0.003,47.96,0.003,0,0,0.0002,0.0002,0.14,0.0,25.0,21.0,1781033867241653036
1781033867346074329,31,0,8,0,true,0.0156,0.0041,128,8192,0.003,0.003,47.96,0.003,0,0,0.0002,0.0002,0.14,0.0,25.0,21.0,1781033867336631762
1781033867446143036,31,0,8,0,true,0.016,0.0041,131,8192,0.003,0.003,47.96,0.003,0,0,0.0002,0.0002,0.14,0.0,25.0,21.0,1781033867426178727
1781033867545881691,31,0,8,0,true,0.0165,0.0041,135,8192,0.003,0.003,47.96,0.003,0,0,0.0002,0.0002,0.14,0.0,25.0,21.0,1781033867542219950
1781033867646121632,31,0,8,0,true,0.0168,0.0042,137,8192,0.003,0.003,47.96,0.003,0,0,0.0002,0.0002,0.14,0.0,25.0,21.0,1781033867612983529
1781033867745647554,31,0,8,0,true,0.0173,0.0042,141,8192,0.003,0.003,47.96,0.003,0,0,0.0002,0.0002,0.14,0.0,25.0,21.0,1781033867740110753
1781033867849861229,31,0,8,0,true,0.0177,0.0041,144,8192,0.003,0.003,47.96,0.003,0,0,0.0002,0.0002,0.14,0.0,25.0,21.0,1781033867831733056
1781033867948866328,31,0,8,0,true,0.0181,0.0041,148,8192,0.003,0.003,47.96,0.003,0,0,0.0003,0.0003,0.15,0.0,25.0,21.0,1781033867933246962
1781033868045466044,31,0,8,0,true,0.0186,0.0041,151,8192,0.003,0.003,47.96,0.003,0,0,0.0002,0.0002,0.13,0.0,25.0,21.0,1781033868044887390
1781033868145869848,31,0,8,0,true,0.0189,0.0041,155,8192,0.002,0.002,47.96,0.002,0,0,0.0002,0.0002,0.12,0.0,25.0,21.0,1781033868139695329
1781033868245899250,31,0,8,0,true,0.0193,0.0041,158,8192,0.003,0.003,47.96,0.003,0,0,0.0003,0.0003,0.15,0.0,25.0,21.0,1781033868235284880
1781033868345809585,31,0,8,0,true,0.0198,0.0042,161,8192,0.003,0.003,47.96,0.003,0,0,0.0002,0.0002,0.14,0.0,25.0,21.0,1781033868338152879
1781033868446176610,31,0,8,0,true,0.0201,0.0041,164,8192,0.003,0.003,47.96,0.003,0,0,0.0002,0.0002,0.14,0.0,25.0,21.0,1781033868413544749
1781033868548863176,31,0,8,0,true,0.0205,0.0041,168,8192,0.003,0.003,47.96,0.003,0,0,0.0002,0.0002,0.13,0.0,25.0,21.0,1781033868521664848
1781033868648910220,31,0,8,0,true,0.021,0.0041,171,8192,0.003,0.003,47.96,0.003,0,0,0.0002,0.0002,0.14,0.0,25.0,21.0,1781033868637917588
1781033868746175278,31,0,8,0,true,0.0213,0.0042,174,8192,0.002,0.002,47.96,0.002,0,0,0.0002,0.0002,0.12,0.0,25.0,21.0,1781033868712694895
1781033868846349648,31,0,8,0,true,0.0218,0.0041,178,8192,0.003,0.003,47.96,0.003,0,0,0.0002,0.0002,0.14,0.0,25.0,21.0,1781033868834425147
1781033868945991736,31,0,8,0,true,0.0222,0.0041,181,8192,0.003,0.003,47.96,0.003,0,0,0.0002,0.0002,0.13,0.0,25.0,21.0,1781033868922027280
1781033869048868677,31,0,8,0,true,0.0226,0.0041,185,8192,0.003,0.003,47.96,0.003,0,0,0.0002,0.0002,0.14,0.0,25.0,21.0,1781033869039549868
1781033869148863264,31,0,8,0,true,0.023,0.0041,188,8192,0.003,0.003,47.96,0.003,0,0,0.0002,0.0002,0.13,0.0,25.0,21.0,1781033869130267601
1781033869248896844,31,0,8,0,true,0.0233,0.0041,191,8192,0.003,0.003,47.96,0.003,0,0,0.0002,0.0002,0.14,0.0,25.0,21.0,1781033869209656467
1781033869345654167,31,0,8,0,true,0.0239,0.0041,195,8192,0.003,0.003,47.96,0.003,0,0,0.0002,0.0002,0.14,0.0,25.0,21.0,1781033869335202596
1781033869446025673,31,0,8,0,true,0.0243,0.0041,198,8192,0.003,0.003,47.96,0.003,0,0,0.0002,0.0002,0.14,0.0,25.0,21.0,1781033869437171311
1781033869557295605,31,0,8,0,true,0.0248,0.0041,202,8192,0.003,0.003,47.96,0.003,0,0,0.0002,0.0002,0.14,0.0,25.0,21.0,1781033869555801932
1781033869657848450,31,0,8,0,true,0.0251,0.0041,205,8192,0.003,0.003,47.96,0.003,0,0,0.0002,0.0002,0.14,0.0,25.0,21.0,1781033869651378702
1781033869760883155,31,0,8,0,true,0.0256,0.0042,209,8192,0.003,0.003,47.96,0.003,0,0,0.0002,0.0002,0.14,0.0,25.0,21.0,1781033869750021155
1781033869864896329,31,0,8,0,true,0.026,0.0041,212,8192,0.003,0.003,47.96,0.003,0,0,0.0002,0.0002,0.14,0.0,25.0,21.0,1781033869854801595
1781033869966894816,31,0,8,0,true,0.0264,0.0042,215,8192,0.003,0.003,47.96,0.003,0,0,0.0002,0.0002,0.14,0.0,25.0,21.0,1781033869946031750
1781033870065676983,31,0,8,0,true,0.0268,0.0041,219,8192,0.003,0.003,47.96,0.003,0,0,0.0002,0.0002,0.14,0.0,25.0,21.0,1781033870054488401
1781033870166139653,31,0,8,0,true,0.0272,0.0042,223,8192,0.003,0.003,47.96,0.003,0,0,0.0002,0.0002,0.14,0.0,25.0,21.0,1781033870157223345
1781033870266181757,31,0,8,0,true,0.0276,0.0041,226,8192,0.003,0.003,47.96,0.003,0,0,0.0002,0.0002,0.14,0.0,25.0,21.0,1781033870248159393
1781033870366260591,31,0,8,0,true,0.028,0.0041,229,8192,0.002,0.002,47.96,0.002,0,0,0.0002,0.0002,0.11,0.0,25.0,21.0,1781033870348136473
1781033870466500907,31,0,8,0,true,0.0285,0.0041,233,8192,0.002,0.002,47.96,0.002,0,0,0.0002,0.0002,0.11,0.0,25.0,21.0,1781033870458612237
1781033870566080722,31,0,8,0,true,0.0288,0.0041,236,8192,0.003,0.003,47.96,0.003,0,0,0.0002,0.0002,0.14,0.0,25.0,21.0,1781033870550474564
1781033870666594706,31,0,8,0,true,0.0293,0.0042,240,8192,0.002,0.002,47.96,0.002,0,0,0.0002,0.0002,0.12,0.0,25.0,21.0,1781033870660414557
1781033870765829609,31,0,8,0,true,0.0297,0.0041,243,8192,0.003,0.003,47.96,0.003,0,0,0.0002,0.0002,0.14,0.0,25.0,21.0,1781033870762510241
1781033870866159157,31,0,8,0,true,0.0301,0.0041,246,8192,0.003,0.003,47.96,0.003,0,0,0.0002,0.0002,0.13,0.0,25.0,21.0,1781033870862606762
1781033870966018952,31,0,8,0,true,0.0305,0.004,249,8192,0.003,0.003,47.96,0.003,0,0,0.0002,0.0002,0.14,0.0,25.0,21.0,1781033870949895535
1781033871066335009,31,0,8,0,true,0.0309,0.0041,253,8192,0.003,0.003,47.96,0.003,0,0,0.0002,0.0002,0.13,0.0,25.0,21.0,1781033871061400339
1781033871166233983,31,0,8,0,true,0.0313,0.0041,256,8192,0.003,0.003,47.96,0.003,0,0,0.0002,0.0002,0.13,0.0,25.0,21.0,1781033871150725129
1781033871268902201,31,0,8,0,true,0.0317,0.0041,260,8192,0.003,0.003,47.96,0.003,0,0,0.0002,0.0002,0.13,0.0,25.0,21.0,1781033871259820962
1781033871366466154,31,0,8,0,true,0.0321,0.0042,263,8192,0.003,0.003,47.96,0.003,0,0,0.0002,0.0002,0.13,0.0,25.0,21.0,1781033871351330513
1781033871465471776,31,0,8,0,true,0.0325,0.0041,266,8192,0.003,0.003,47.96,0.003,0,0,0.0002,0.0002,0.13,0.0,25.0,21.0,1781033871452454253
1781033871565804840,31,0,8,0,true,0.033,0.0042,270,8192,0.003,0.003,47.96,0.003,0,0,0.0002,0.0002,0.13,0.0,25.0,21.0,1781033871565319707
1781033871666541438,31,0,8,0,true,0.0334,0.0042,273,8192,0.002,0.002,47.96,0.002,0,0,0.0002,0.0002,0.12,0.0,25.0,21.0,1781033871658846035
1781033871772880867,31,0,8,0,true,0.0338,0.0041,276,8192,0.003,0.003,47.96,0.003,0,0,0.0002,0.0002,0.14,0.0,25.0,21.0,1781033871750571753
1781033871874105491,31,0,8,0,true,0.0342,0.0041,280,8192,0.003,0.003,47.96,0.003,0,0,0.0002,0.0002,0.14,0.0,25.0,21.0,1781033871854118276
1781033871974487356,31,0,8,0,true,0.0346,0.0041,283,8192,0.003,0.003,47.96,0.003,0,0,0.0002,0.0002,0.14,0.0,25.0,21.0,1781033871946618846
1781033872077007016,31,0,8,0,true,0.035,0.0041,286,8192,0.003,0.003,47.96,0.003,0,0,0.0002,0.0002,0.14,0.0,25.0,21.0,1781033872045662776
1781033872177015436,31,0,8,0,true,0.0354,0.0042,290,8192,0.003,0.003,47.96,0.003,0,0,0.0002,0.0002,0.13,0.0,25.0,21.0,1781033872154418592
1781033872273879131,31,0,8,0,true,0.0358,0.0041,293,8192,0.003,0.003,47.96,0.003,0,0,0.0002,0.0002,0.13,0.0,25.0,21.0,1781033872246463602
1781033872374045516,31,0,8,0,true,0.0363,0.0041,296,8192,0.002,0.002,47.96,0.002,0,0,0.0002,0.0002,0.11,0.0,25.0,21.0,1781033872355155529
1781033872476958531,31,0,8,0,true,0.0367,0.0041,300,8192,0.003,0.003,47.96,0.003,0,0,0.0002,0.0002,0.12,0.0,25.0,21.0,1781033872466098338
1781033872573937661,31,0,8,0,true,0.037,0.0041,303,8192,0.003,0.003,47.96,0.003,0,0,0.0002,0.0002,0.13,0.0,25.0,21.0,1781033872547612618
1781033872674486208,31,0,8,0,true,0.0375,0.0042,307,8192,0.002,0.002,47.96,0.002,0,0,0.0002,0.0002,0.12,0.0,25.0,21.0,1781033872663794685
1781033872773767297,31,0,8,0,true,0.038,0.0041,311,8192,0.003,0.003,47.96,0.003,0,0,0.0002,0.0002,0.14,0.0,25.0,21.0,1781033872771841187
1781033872874020674,31,0,8,0,true,0.0384,0.0041,314,8192,0.003,0.003,47.96,0.003,0,0,0.0002,0.0002,0.13,0.0,25.0,21.0,1781033872866247583
1781033872974092468,31,0,8,0,true,0.0387,0.0041,317,8192,0.003,0.003,47.96,0.003,0,0,0.0002,0.0002,0.13,0.0,25.0,21.0,1781033872955296205
1781033873077006665,31,0,8,0,true,0.0391,0.0041,320,8192,0.003,0.003,47.96,0.003,0,0,0.0002,0.0002,0.13,0.0,25.0,21.0,1781033873059459072
1781033873173775886,31,0,8,0,true,0.0396,0.0041,324,8192,0.003,0.003,47.96,0.003,0,0,0.0002,0.0002,0.14,0.0,25.0,21.0,1781033873160069252
1781033873274119998,31,0,8,0,true,0.0399,0.0042,327,8192,0.003,0.003,47.96,0.003,0,0,0.0002,0.0002,0.14,0.0,25.0,21.0,1781033873250578782
1781033873374139977,31,0,8,0,true,0.0404,0.0041,330,8192,0.003,0.003,47.96,0.003,0,0,0.0002,0.0002,0.13,0.0,25.0,21.0,1781033873354328481
1781033873473544719,31,0,8,0,true,0.0407,0.0041,333,8192,0.003,0.003,47.96,0.003,0,0,0.0002,0.0002,0.12,0.0,25.0,21.0,1781033873437331816
1781033873574437847,31,0,8,0,true,0.0412,0.0041,337,8192,0.003,0.003,47.96,0.003,0,0,0.0002,0.0002,0.12,0.0,25.0,21.0,1781033873571814592
1781033873674350411,31,0,8,0,true,0.0416,0.0041,340,8192,0.003,0.003,47.96,0.003,0,0,0.0002,0.0002,0.14,0.0,25.0,21.0,1781033873660465764
1781033873773733174,31,0,8,0,true,0.042,0.0041,344,8192,0.003,0.003,47.96,0.003,0,0,0.0002,0.0002,0.14,0.0,25.0,21.0,1781033873763822249
1781033873874277548,31,0,8,0,true,0.0424,0.0041,347,8192,0.003,0.003,47.96,0.003,0,0,0.0002,0.0002,0.14,0.0,25.0,21.0,1781033873852341237
1781033873973963406,31,0,8,0,true,0.0428,0.0041,351,8192,0.003,0.003,47.96,0.003,0,0,0.0002,0.0002,0.14,0.0,25.0,21.0,1781033873962900146
1781033874073640840,31,0,8,0,true,0.0432,0.0041,353,8192,0.003,0.003,47.96,0.003,0,0,0.0002,0.0002,0.14,0.0,25.0,21.0,1781033874038867933
1781033874173759508,31,0,8,0,true,0.0436,0.0041,357,8192,0.003,0.003,47.96,0.003,0,0,0.0002,0.0002,0.14,0.0,25.0,21.0,1781033874155532779
1781033874277024140,31,0,8,0,true,0.044,0.0041,360,8192,0.003,0.003,47.96,0.003,0,0,0.0002,0.0002,0.13,0.0,25.0,21.0,1781033874253366786
1781033874385004152,31,0,8,0,true,0.0445,0.0041,364,8192,0.003,0.003,47.96,0.003,0,0,0.0002,0.0002,0.12,0.0,25.0,21.0,1781033874362915089
1781033874486250010,31,0,8,0,true,0.045,0.0041,368,8192,0.003,0.003,47.96,0.003,0,0,0.0002,0.0002,0.13,0.0,25.0,21.0,1781033874479019754
1781033874586470603,31,0,8,0,true,0.0454,0.0042,371,8192,0.003,0.003,47.96,0.003,0,0,0.0002,0.0002,0.13,0.0,25.0,21.0,1781033874579339342
1781033874686148144,31,0,8,0,true,0.0457,0.0041,374,8192,0.003,0.003,47.96,0.003,0,0,0.0002,0.0002,0.14,0.0,25.0,21.0,1781033874666414049
1781033874786506535,31,0,8,0,true,0.0462,0.0041,378,8192,0.003,0.003,47.96,0.003,0,0,0.0002,0.0002,0.13,0.0,25.0,21.0,1781033874782145023
1781033874892862687,31,0,8,0,true,0.0466,0.0041,381,8192,0.003,0.003,47.96,0.003,0,0,0.0002,0.0002,0.13,0.0,25.0,21.0,1781033874867698299
1781033874994636095,31,0,8,0,true,0.0471,0.0041,385,8192,0.003,0.003,47.96,0.003,0,0,0.0002,0.0002,0.13,0.0,25.0,21.0,1781033874993814617
1781033875094475478,31,0,8,0,true,0.0473,0.0041,387,8192,0.002,0.002,47.96,0.002,0,0,0.0002,0.0002,0.11,0.0,25.0,21.0,1781033875057241056
1781033875193492988,31,0,8,0,true,0.0478,0.0041,391,8192,0.002,0.002,47.96,0.002,0,0,0.0002,0.0002,0.11,0.0,25.0,21.0,1781033875162691671
1781033875295932005,31,0,8,0,true,0.0483,0.0041,395,8192,0.003,0.003,47.96,0.003,0,0,0.0002,0.0002,0.13,0.0,25.0,21.0,1781033875286680359
1781033875394421231,31,0,8,0,true,0.0486,0.0041,398,8192,0.003,0.003,47.96,0.003,0,0,0.0002,0.0002,0.13,0.0,25.0,21.0,1781033875366944999
1781033875497014636,31,0,8,0,true,0.0491,0.0041,402,8192,0.003,0.003,47.96,0.003,0,0,0.0002,0.0002,0.14,0.0,25.0,21.0,1781033875479232532
1781033875601039796,31,0,8,0,true,0.0495,0.0041,405,8192,0.003,0.003,47.96,0.003,0,0,0.0002,0.0002,0.12,0.0,25.0,21.0,1781033875580115972
1781033875702148401,31,0,8,0,true,0.0499,0.0041,409,8192,0.003,0.003,47.96,0.003,0,0,0.0002,0.0002,0.14,0.0,25.0,21.0,1781033875686085563
1781033875803154258,31,0,8,0,true,0.0504,0.0042,412,8192,0.002,0.002,47.96,0.002,0,0,0.0002,0.0002,0.11,0.0,25.0,21.0,1781033875793229329
1781033875901715351,31,0,8,0,true,0.0507,0.0041,415,8192,0.003,0.003,47.96,0.003,0,0,0.0002,0.0002,0.12,0.0,25.0,21.0,1781033875875323180
1781033876001873313,31,0,8,0,true,0.0512,0.0041,419,8192,0.003,0.003,47.96,0.003,0,0,0.0002,0.0002,0.13,0.0,25.0,21.0,1781033875991936463
1781033876101633008,31,0,8,0,true,0.0516,0.0042,422,8192,0.003,0.003,47.96,0.003,0,0,0.0002,0.0002,0.13,0.0,25.0,21.0,1781033876089528435
1781033876204915544,31,0,8,0,true,0.0519,0.0041,425,8192,0.003,0.003,47.96,0.003,0,0,0.0002,0.0002,0.12,0.0,25.0,21.0,1781033876174042926
1781033876304897223,31,0,8,0,true,0.0523,0.0041,428,8192,0.002,0.002,47.96,0.002,0,0,0.0002,0.0002,0.11,0.0,25.0,21.0,1781033876268142225
1781033876402510695,31,0,8,0,true,0.0528,0.0041,432,8192,0.003,0.003,47.96,0.003,0,0,0.0002,0.0002,0.14,0.0,25.0,21.0,1781033876388408837
1781033876502420585,31,0,8,0,true,0.0533,0.0041,436,8192,0.003,0.003,47.96,0.003,0,0,0.0002,0.0002,0.13,0.0,25.0,21.0,1781033876500828838
1781033876602511726,31,0,8,0,true,0.0537,0.0043,439,8192,0.002,0.002,47.96,0.002,0,0,0.0002,0.0002,0.12,0.0,25.0,21.0,1781033876594547872
1781033876708868199,31,0,8,0,true,0.0541,0.0042,443,8192,0.002,0.002,47.96,0.002,0,0,0.0002,0.0002,0.11,0.0,25.0,21.0,1781033876697421187
1781033876809672627,31,0,8,0,true,0.0545,0.0041,446,8192,0.003,0.003,47.96,0.003,0,0,0.0002,0.0002,0.14,0.0,25.0,21.0,1781033876800572627
1781033876909958268,31,0,8,0,true,0.0549,0.0042,449,8192,0.002,0.002,47.96,0.002,0,0,0.0002,0.0002,0.12,0.0,25.0,21.0,1781033876888044153
1781033877010515536,31,0,8,0,true,0.0553,0.0041,452,8192,0.002,0.002,47.96,0.002,0,0,0.0002,0.0002,0.11,0.0,25.0,21.0,1781033876987625224
1781033877112871942,31,0,8,0,true,0.0558,0.0041,456,8192,0.002,0.002,47.96,0.002,0,0,0.0002,0.0002,0.12,0.0,25.0,21.0,1781033877101584623
1781033877210058059,31,0,8,0,true,0.0561,0.0041,459,8192,0.003,0.003,47.96,0.003,0,0,0.0002,0.0002,0.14,0.0,25.0,21.0,1781033877191085891
1781033877309973229,31,0,8,0,true,0.0565,0.0041,463,8192,0.003,0.003,47.96,0.003,0,0,0.0002,0.0002,0.12,0.0,25.0,21.0,1781033877291127547
1781033877410225232,31,0,8,0,true,0.0569,0.004,466,8192,0.003,0.003,47.96,0.003,0,0,0.0002,0.0002,0.14,0.0,25.0,21.0,1781033877387392585
1781033877512893797,31,0,8,0,true,0.0574,0.0041,470,8192,0.003,0.003,47.96,0.003,0,0,0.0002,0.0002,0.14,0.0,25.0,21.0,1781033877507563560
1781033877612900624,31,0,8,0,true,0.0578,0.0041,473,8192,0.003,0.003,47.96,0.003,0,0,0.0002,0.0002,0.14,0.0,25.0,21.0,1781033877589693321
1781033877717006164,31,0,8,0,true,0.0582,0.0042,476,8192,0.002,0.002,47.96,0.002,0,0,0.0002,0.0002,0.12,0.0,25.0,21.0,1781033877698960192
1781033877819733828,31,0,8,0,true,0.0586,0.0042,480,8192,0.002,0.002,47.96,0.002,0,0,0.0002,0.0002,0.12,0.0,25.0,21.0,1781033877798777544
1781033877920897186,31,0,8,0,true,0.0591,0.0041,483,8192,0.003,0.003,47.96,0.003,0,0,0.0002,0.0002,0.13,0.0,25.0,21.0,1781033877909403596
1781033878017478347,31,0,8,0,true,0.0595,0.0041,487,8192,0.003,0.003,47.96,0.003,0,0,0.0002,0.0002,0.14,0.0,25.0,21.0,1781033878015552828
1781033878120893892,31,0,8,0,true,0.0599,0.0041,490,8192,0.003,0.003,47.96,0.003,0,0,0.0002,0.0002,0.14,0.0,25.0,21.0,1781033878103964838
1781033878220876174,31,0,8,0,true,0.0603,0.0041,493,8192,0.003,0.003,47.96,0.003,0,0,0.0002,0.0002,0.14,0.0,25.0,21.0,1781033878197615292
1781033878324851552,31,0,8,0,true,0.0607,0.004,497,8192,0.002,0.002,47.96,0.002,0,0,0.0002,0.0002,0.1,0.0,25.0,21.0,1781033878313055397
1781033878425541895,31,0,8,0,true,0.0612,0.0042,501,8192,0.003,0.003,47.96,0.003,0,0,0.0002,0.0002,0.13,0.0,25.0,21.0,1781033878417468748
1781033878526507328,31,0,8,0,true,0.0616,0.0041,504,8192,0.003,0.003,47.96,0.003,0,0,0.0003,0.0003,0.14,0.0,25.0,21.0,1781033878522159311
1781033878626016987,31,0,8,0,true,0.0619,0.0041,507,8192,0.003,0.003,47.96,0.003,0,0,0.0002,0.0002,0.14,0.0,25.0,21.0,1781033878605112263
1781033878728860238,31,0,8,0,true,0.0623,0.0041,510,8192,0.002,0.002,47.96,0.002,0,0,0.0002,0.0002,0.11,0.0,25.0,21.0,1781033878703243912
1781033878826912748,31,0,8,0,true,0.0628,0.0041,514,8192,0.003,0.003,47.96,0.003,0,0,0.0002,0.0002,0.13,0.0,25.0,21.0,1781033878826237267
1781033878928874180,31,0,8,0,true,0.0632,0.0041,517,8192,0.003,0.003,47.96,0.003,0,0,0.0002,0.0002,0.12,0.0,25.0,21.0,1781033878913509652
1781033879028865260,31,0,8,0,true,0.0637,0.0041,521,8192,0.003,0.003,47.96,0.003,0,0,0.0002,0.0002,0.13,0.0,25.0,21.0,1781033879022027740
1781033879128857572,31,0,8,0,true,0.064,0.0043,524,8192,0.002,0.002,47.96,0.002,0,0,0.0002,0.0002,0.11,0.0,25.0,21.0,1781033879110181063
1781033879228870361,31,0,8,0,true,0.0644,0.0041,527,8192,0.003,0.003,47.96,0.003,0,0,0.0002,0.0002,0.12,0.0,25.0,21.0,1781033879205272019
1781033879332864281,31,0,8,0,true,0.0649,0.0041,531,8192,0.003,0.003,47.96,0.003,0,0,0.0002,0.0002,0.12,0.0,25.0,21.0,1781033879320711480
1781033879437343730,31,0,8,0,true,0.0653,0.0041,535,8192,0.003,0.003,47.96,0.003,0,0,0.0002,0.0002,0.13,0.0,25.0,21.0,1781033879426140871
1781033879534174998,31,0,8,0,true,0.0657,0.0041,538,8192,0.003,0.003,47.96,0.003,0,0,0.0002,0.0002,0.14,0.0,25.0,21.0,1781033879521990829
1781033879634257735,31,0,8,0,true,0.0661,0.0041,541,8192,0.003,0.003,47.96,0.003,0,0,0.0002,0.0002,0.14,0.0,25.0,21.0,1781033879617110635
1781033879734495824,31,0,8,0,true,0.0665,0.0041,544,8192,0.003,0.003,47.96,0.003,0,0,0.0002,0.0002,0.13,0.0,25.0,21.0,1781033879718316618
1781033879834503380,31,0,8,0,true,0.0669,0.0041,547,8192,0.002,0.002,47.96,0.002,0,0,0.0002,0.0002,0.12,0.0,25.0,21.0,1781033879805672084
1781033879934387723,31,0,8,0,true,0.0674,0.0041,551,8192,0.003,0.003,47.96,0.003,0,0,0.0002,0.0002,0.14,0.0,25.0,21.0,1781033879922215611
1781033880036984880,31,0,8,0,true,0.0677,0.0041,554,8192,0.002,0.002,47.96,0.002,0,0,0.0002,0.0002,0.12,0.0,25.0,21.0,1781033880010148036
1781033880137012114,31,0,8,0,true,0.0681,0.0042,558,8192,0.003,0.003,47.96,0.003,0,0,0.0002,0.0002,0.12,0.0,25.0,21.0,1781033880105972186
1781033880237178398,31,0,8,0,true,0.0686,0.0042,561,8192,0.003,0.003,47.96,0.003,0,0,0.0002,0.0002,0.13,0.0,25.0,21.0,1781033880213027606
1781033880338535105,31,0,8,0,true,0.0691,0.0041,565,8192,0.003,0.003,47.96,0.003,0,0,0.0002,0.0002,0.13,0.0,25.0,21.0,1781033880337464347
1781033880440336168,31,0,8,0,true,0.0694,0.0041,568,8192,0.003,0.003,47.96,0.003,0,0,0.0002,0.0002,0.13,0.0,25.0,21.0,1781033880427800234
1781033880540502380,31,0,8,0,true,0.0699,0.0042,572,8192,0.003,0.003,47.96,0.003,0,0,0.0002,0.0002,0.13,0.0,25.0,21.0,1781033880533198821
1781033880640884462,31,0,8,0,true,0.0703,0.0041,575,8192,0.002,0.002,47.96,0.002,0,0,0.0002,0.0002,0.1,0.0,25.0,21.0,1781033880634095752
1781033880740290306,31,0,8,0,true,0.0707,0.0041,579,8192,0.002,0.002,47.96,0.002,0,0,0.0002,0.0002,0.12,0.0,25.0,21.0,1781033880727012330
1781033880839605824,31,0,8,0,true,0.0711,0.0041,582,8192,0.003,0.003,47.96,0.003,0,0,0.0002,0.0002,0.14,0.0,25.0,21.0,1781033880820903467
1781033880941180597,31,0,8,0,true,0.0715,0.0041,585,8192,0.002,0.002,47.96,0.002,0,0,0.0002,0.0002,0.12,0.0,25.0,21.0,1781033880919910281
1781033881039717926,31,0,8,0,true,0.0719,0.0042,589,8192,0.002,0.002,47.96,0.002,0,0,0.0002,0.0002,0.11,0.0,25.0,21.0,1781033881033710713
1781033881141046547,31,0,8,0,true,0.0723,0.0041,592,8192,0.003,0.003,47.96,0.003,0,0,0.0002,0.0002,0.12,0.0,25.0,21.0,1781033881131551533
1781033881240878065,31,0,8,0,true,0.0727,0.0042,595,8192,0.002,0.002,47.96,0.002,0,0,0.0002,0.0002,0.11,0.0,25.0,21.0,1781033881222571081
1781033881340096911,31,0,8,0,true,0.0731,0.0041,598,8192,0.002,0.002,47.96,0.002,0,0,0.0002,0.0002,0.12,0.0,25.0,21.0,1781033881315494926
1781033881440853909,31,0,8,0,true,0.0736,0.0041,602,8192,0.003,0.003,47.96,0.003,0,0,0.0002,0.0002,0.13,0.0,25.0,21.0,1781033881437033574
1781033881539962861,31,0,8,0,true,0.074,0.0041,606,8192,0.003,0.003,47.96,0.003,0,0,0.0002,0.0002,0.13,0.0,25.0,21.0,1781033881531851962
1781033881639716871,31,0,8,0,true,0.0744,0.004,609,8192,0.003,0.003,47.96,0.003,0,0,0.0002,0.0002,0.13,0.0,25.0,21.0,1781033881622136966
1781033881741615493,31,0,8,0,true,0.0747,0.0041,611,8192,0.003,0.003,47.96,0.003,0,0,0.0002,0.0002,0.14,0.0,25.0,21.0,1781033881705158406
1781033881840075527,31,0,8,0,true,0.0752,0.0041,615,8192,0.002,0.002,47.96,0.002,0,0,0.0002,0.0002,0.11,0.0,25.0,21.0,1781033881824921735
1781033881939801282,31,0,8,0,true,0.0756,0.0042,619,8192,0.003,0.003,47.96,0.003,0,0,0.0002,0.0002,0.13,0.0,25.0,21.0,1781033881930950828
1781033882040888895,31,0,8,0,true,0.076,0.0041,622,8192,0.002,0.002,47.96,0.002,0,0,0.0002,0.0002,0.12,0.0,25.0,21.0,1781033882026464430
1781033882140198318,31,0,8,0,true,0.0764,0.0041,625,8192,0.002,0.002,47.96,0.002,0,0,0.0002,0.0002,0.12,0.0,25.0,21.0,1781033882121741960
1781033882239564688,31,0,8,0,true,0.0769,0.0041,629,8192,0.003,0.003,47.96,0.003,0,0,0.0002,0.0002,0.13,0.0,25.0,21.0,1781033882239068300
1781033882340197196,31,0,8,0,true,0.0772,0.0041,632,8192,0.003,0.003,47.96,0.003,0,0,0.0002,0.0002,0.13,0.0,25.0,21.0,1781033882325741460
1781033882439748763,31,0,8,0,true,0.0777,0.0041,636,8192,0.002,0.002,47.96,0.002,0,0,0.0002,0.0002,0.11,0.0,25.0,21.0,1781033882433936574
1781033882540464958,31,0,8,0,true,0.0781,0.0041,639,8192,0.003,0.003,47.96,0.003,0,0,0.0002,0.0002,0.14,0.0,25.0,21.0,1781033882535013962
1781033882639502436,31,0,8,0,true,0.0785,0.0041,643,8192,0.002,0.002,47.96,0.002,0,0,0.0002,0.0002,0.11,0.0,25.0,21.0,1781033882628710264
1781033882744865400,31,0,8,0,true,0.0789,0.0042,646,8192,0.003,0.003,47.96,0.003,0,0,0.0002,0.0002,0.12,0.0,25.0,21.0,1781033882726658972
1781033882848917749,31,0,8,0,true,0.0794,0.0042,650,8192,0.002,0.002,47.96,0.002,0,0,0.0002,0.0002,0.11,0.0,25.0,21.0,1781033882838230012
1781033882945693031,31,0,8,0,true,0.0798,0.0041,653,8192,0.003,0.003,47.96,0.003,0,0,0.0002,0.0002,0.14,0.0,25.0,21.0,1781033882944896369
1781033883048873670,31,0,8,0,true,0.0802,0.0041,656,8192,0.002,0.002,47.96,0.002,0,0,0.0002,0.0002,0.12,0.0,25.0,21.0,1781033883037808913
1781033883146460058,31,0,8,0,true,0.0806,0.0043,660,8192,0.002,0.002,47.96,0.002,0,0,0.0002,0.0002,0.11,0.0,25.0,21.0,1781033883134676810
1781033883245524129,31,0,8,0,true,0.081,0.0041,663,8192,0.003,0.003,47.96,0.003,0,0,0.0002,0.0002,0.13,0.0,25.0,21.0,1781033883245416594
1781033883348121419,31,0,8,0,true,0.0814,0.0042,666,8192,0.003,0.003,47.96,0.003,0,0,0.0002,0.0002,0.13,0.0,25.0,21.0,1781033883333287433
1781033883452874544,31,0,8,0,true,0.0818,0.0041,670,8192,0.002,0.002,47.96,0.002,0,0,0.0002,0.0002,0.1,0.0,25.0,21.0,1781033883430235491
1781033883554280363,31,0,8,0,true,0.0823,0.004,674,8192,0.002,0.002,47.96,0.002,0,0,0.0002,0.0002,0.09,0.0,25.0,21.0,1781033883551389889
1781033883653535587,31,0,8,0,true,0.0827,0.0042,677,8192,0.003,0.003,47.96,0.003,0,0,0.0002,0.0002,0.13,0.0,25.0,21.0,1781033883650385570
1781033883756902172,31,0,8,0,true,0.0831,0.0042,680,8192,0.003,0.003,47.96,0.003,0,0,0.0002,0.0002,0.12,0.0,25.0,21.0,1781033883737347898
1781033883854285468,31,0,8,0,true,0.0835,0.0041,683,8192,0.003,0.003,47.96,0.003,0,0,0.0002,0.0002,0.12,0.0,25.0,21.0,1781033883835462199
1781033883953704608,31,0,8,0,true,0.0839,0.0042,687,8192,0.003,0.003,47.96,0.003,0,0,0.0002,0.0002,0.13,0.0,25.0,21.0,1781033883939016360
1781033884054133171,31,0,8,0,true,0.0843,0.0041,690,8192,0.002,0.002,47.96,0.002,0,0,0.0002,0.0002,0.1,0.0,25.0,21.0,1781033884033690151
1781033884153613751,31,0,8,0,true,0.0848,0.0041,694,8192,0.003,0.003,47.96,0.003,0,0,0.0002,0.0002,0.14,0.0,25.0,21.0,1781033884152372771
1781033884257526588,31,0,8,0,true,0.0852,0.0041,697,8192,0.003,0.003,47.96,0.003,0,0,0.0002,0.0002,0.12,0.0,25.0,21.0,1781033884256615415
1781033884354526527,31,0,8,0,true,0.0855,0.0042,700,8192,0.002,0.002,47.96,0.002,0,0,0.0002,0.0002,0.12,0.0,25.0,21.0,1781033884335459501
1781033884454260660,31,0,8,0,true,0.086,0.0042,704,8192,0.003,0.003,47.96,0.003,0,0,0.0002,0.0002,0.13,0.0,25.0,21.0,1781033884441689680
1781033884557001802,31,0,8,0,true,0.0864,0.0041,707,8192,0.002,0.002,47.96,0.002,0,0,0.0002,0.0002,0.12,0.0,25.0,21.0,1781033884543281103
1781033884657015122,31,0,8,0,true,0.0868,0.0041,710,8192,0.003,0.003,47.96,0.003,0,0,0.0002,0.0002,0.12,0.0,25.0,21.0,1781033884641449744
1781033884753874275,31,0,8,0,true,0.0871,0.0041,713,8192,0.003,0.003,47.96,0.003,0,0,0.0002,0.0002,0.13,0.0,25.0,21.0,1781033884721170021
1781033884856991275,31,0,8,0,true,0.0876,0.0043,717,8192,0.002,0.002,47.96,0.002,0,0,0.0002,0.0002,0.1,0.0,25.0,21.0,1781033884846219192
1781033884961136095,31,0,8,0,true,0.0881,0.0041,721,8192,0.003,0.003,47.96,0.003,0,0,0.0002,0.0002,0.13,0.0,25.0,21.0,1781033884956525741
1781033885062158535,31,0,8,0,true,0.0885,0.0041,724,8192,0.003,0.003,47.96,0.003,0,0,0.0002,0.0002,0.14,0.0,25.0,21.0,1781033885053348525
1781033885164862853,31,0,8,0,true,0.0889,0.0041,728,8192,0.003,0.003,47.96,0.003,0,0,0.0002,0.0002,0.12,0.0,25.0,21.0,1781033885149509867
1781033885261968550,31,0,8,0,true,0.0893,0.0041,731,8192,0.003,0.003,47.96,0.003,0,0,0.0002,0.0002,0.13,0.0,25.0,21.0,1781033885261187227
1781033885361461169,31,0,8,0,true,0.0897,0.0041,734,8192,0.002,0.002,47.96,0.002,0,0,0.0002,0.0002,0.11,0.0,25.0,21.0,1781033885341183657
1781033885461670842,31,0,8,0,true,0.0901,0.0041,738,8192,0.002,0.002,47.96,0.002,0,0,0.0002,0.0002,0.11,0.0,25.0,21.0,1781033885445753597
1781033885562665124,31,0,8,0,true,0.0906,0.0041,742,8192,0.002,0.002,47.96,0.002,0,0,0.0002,0.0002,0.11,0.0,25.0,21.0,1781033885561682175
1781033885662484758,31,0,8,0,true,0.0909,0.0041,744,8192,0.003,0.003,47.96,0.003,0,0,0.0002,0.0002,0.13,0.0,25.0,21.0,1781033885639303122
1781033885764848494,31,0,8,0,true,0.0914,0.0041,748,8192,0.002,0.002,47.96,0.002,0,0,0.0002,0.0002,0.11,0.0,25.0,21.0,1781033885752167270
1781033885863169979,31,0,8,0,true,0.0918,0.0041,752,8192,0.002,0.002,47.96,0.002,0,0,0.0002,0.0002,0.11,0.0,25.0,21.0,1781033885862427335
1781033885964016461,31,0,8,0,true,0.0921,0.004,754,8192,0.003,0.003,47.96,0.003,0,0,0.0002,0.0002,0.13,0.0,25.0,21.0,1781033885929387306
1781033886061999574,31,0,8,0,true,0.0926,0.0041,758,8192,0.003,0.003,47.96,0.003,0,0,0.0002,0.0002,0.14,0.0,25.0,21.0,1781033886048019489
1781033886164844726,31,0,8,0,true,0.0929,0.0042,761,8192,0.003,0.003,47.96,0.003,0,0,0.0002,0.0002,0.13,0.0,25.0,21.0,1781033886137769114
1781033886261854502,31,0,8,0,true,0.0934,0.0041,765,8192,0.002,0.002,47.96,0.002,0,0,0.0002,0.0002,0.11,0.0,25.0,21.0,1781033886253466721
1781033886363385562,31,0,8,0,true,0.0938,0.0041,768,8192,0.003,0.003,47.96,0.003,0,0,0.0002,0.0002,0.13,0.0,25.0,21.0,1781033886342754723
1781033886461925459,31,0,8,0,true,0.0942,0.004,772,8192,0.002,0.002,47.96,0.002,0,0,0.0001,0.0001,0.09,0.0,25.0,21.0,1781033886457509928
1781033886562090009,31,0,8,0,true,0.0946,0.0042,774,8192,0.002,0.002,47.96,0.002,0,0,0.0002,0.0002,0.11,0.0,25.0,21.0,1781033886534635492
1781033886664872378,31,0,8,0,true,0.095,0.004,778,8192,0.003,0.003,47.96,0.003,0,0,0.0002,0.0002,0.13,0.0,25.0,21.0,1781033886650382252
1781033886762087168,31,0,8,0,true,0.0954,0.0043,781,8192,0.002,0.002,47.96,0.002,0,0,0.0002,0.0002,0.1,0.0,25.0,21.0,1781033886736319874
1781033886862161101,31,0,8,0,true,0.0959,0.0041,785,8192,0.002,0.002,47.96,0.002,0,0,0.0002,0.0002,0.12,0.0,25.0,21.0,1781033886846496178
1781033886962068255,31,0,8,0,true,0.0963,0.0041,788,8192,0.003,0.003,47.96,0.003,0,0,0.0002,0.0002,0.12,0.0,25.0,21.0,1781033886949010679
1781033887062395559,31,0,8,0,true,0.0967,0.0042,792,8192,0.003,0.003,47.96,0.003,0,0,0.0002,0.0002,0.13,0.0,25.0,21.0,1781033887057415373
1781033887162315307,31,0,8,0,true,0.0971,0.0041,795,8192,0.003,0.003,47.96,0.003,0,0,0.0002,0.0002,0.12,0.0,25.0,21.0,1781033887141384396
1781033887264862519,31,0,8,0,true,0.0975,0.0041,798,8192,0.003,0.003,47.96,0.003,0,0,0.0002,0.0002,0.13,0.0,25.0,21.0,1781033887253074682
1781033887363081721,31,0,8,0,true,0.098,0.004,802,8192,0.003,0.003,47.96,0.003,0,0,0.0002,0.0002,0.13,0.0,25.0,21.0,1781033887357731962
1781033887462113843,31,0,8,0,true,0.0983,0.0041,805,8192,0.003,0.003,47.96,0.003,0,0,0.0002,0.0002,0.12,0.0,25.0,21.0,1781033887439188011
1781033887562063827,31,0,8,0,true,0.0987,0.0041,808,8192,0.002,0.002,47.96,0.002,0,0,0.0002,0.0002,0.1,0.0,25.0,21.0,1781033887545724906
1781033887662073572,31,0,8,0,true,0.0992,0.0042,812,8192,0.003,0.003,47.96,0.003,0,0,0.0002,0.0002,0.12,0.0,25.0,21.0,1781033887650359938
1781033887762126843,31,0,8,0,true,0.0996,0.0041,816,8192,0.002,0.002,47.95,0.002,0,0,0.0002,0.0002,0.11,0.0,25.0,21.0,1781033887759819471
1781033887863190677,31,0,8,0,true,0.1,0.0041,818,8192,0.003,0.003,47.96,0.003,0,0,0.0002,0.0002,0.12,0.0,25.0,21.0,1781033887846212531
1781033887964856412,31,0,8,0,true,0.1004,0.0041,822,8192,0.003,0.003,47.96,0.003,0,0,0.0002,0.0002,0.13,0.0,25.0,21.0,1781033887953606325
1781033888061805498,31,0,8,0,true,0.1009,0.0041,826,8192,0.002,0.002,47.95,0.002,0,0,0.0002,0.0002,0.09,0.0,25.0,21.0,1781033888059309883
1781033888161448956,31,0,8,0,true,0.1012,0.0043,829,8192,0.002,0.002,47.95,0.002,0,0,0.0002,0.0002,0.11,0.0,25.0,21.0,1781033888141865704
1781033888264834171,31,0,8,0,true,0.1016,0.0041,832,8192,0.003,0.003,47.95,0.003,0,0,0.0002,0.0002,0.13,0.0,25.0,21.0,1781033888243618397
1781033888362402153,31,0,8,0,true,0.102,0.0041,835,8192,0.002,0.002,47.95,0.002,0,0,0.0002,0.0002,0.12,0.0,25.0,21.0,1781033888342844961
1781033888463947708,31,0,8,0,true,0.1025,0.0041,839,8192,0.002,0.002,47.95,0.002,0,0,0.0002,0.0002,0.12,0.0,25.0,21.0,1781033888449109714
1781033888562399922,31,0,8,0,true,0.1029,0.0041,842,8192,0.003,0.003,47.95,0.003,0,0,0.0002,0.0002,0.13,0.0,25.0,21.0,1781033888557665925
1781033888662046812,31,0,8,0,true,0.1033,0.0041,846,8192,0.003,0.003,47.95,0.003,0,0,0.0002,0.0002,0.13,0.0,25.0,21.0,1781033888649670822
1781033888764857103,31,0,8,0,true,0.1037,0.0041,849,8192,0.002,0.002,47.95,0.002,0,0,0.0002,0.0002,0.11,0.0,25.0,21.0,1781033888757098522
1781033888862244229,31,0,8,0,true,0.1041,0.0041,852,8192,0.002,0.002,47.95,0.002,0,0,0.0002,0.0002,0.11,0.0,25.0,21.0,1781033888854101384
1781033888964863101,31,0,8,0,true,0.1045,0.0042,856,8192,0.003,0.003,47.95,0.003,0,0,0.0002,0.0002,0.13,0.0,25.0,21.0,1781033888954275283
1781033889063020707,31,0,8,0,true,0.1049,0.0042,859,8192,0.002,0.002,47.95,0.002,0,0,0.0002,0.0002,0.1,0.0,25.0,21.0,1781033889045894030
1781033889161867020,31,0,8,0,true,0.1054,0.0041,863,8192,0.003,0.003,47.95,0.003,0,0,0.0002,0.0002,0.13,0.0,25.0,21.0,1781033889155124247
1781033889261489211,31,0,8,0,true,0.1058,0.004,866,8192,0.003,0.003,47.95,0.003,0,0,0.0002,0.0002,0.13,0.0,25.0,21.0,1781033889261025755
1781033889362799946,31,0,8,0,true,0.1062,0.0042,869,8192,0.002,0.002,47.95,0.002,0,0,0.0002,0.0002,0.11,0.0,25.0,21.0,1781033889349221737
1781033889461789212,31,0,8,0,true,0.1066,0.0041,872,8192,0.002,0.002,47.95,0.002,0,0,0.0002,0.0002,0.12,0.0,25.0,21.0,1781033889447252214
1781033889568872119,31,0,8,0,true,0.107,0.004,876,8192,0.003,0.003,47.95,0.003,0,0,0.0002,0.0002,0.13,0.0,25.0,21.0,1781033889549303086
1781033889670086147,31,0,8,0,true,0.1075,0.0041,880,8192,0.003,0.003,47.95,0.003,0,0,0.0002,0.0002,0.12,0.0,25.0,21.0,1781033889663226396
1781033889770508755,31,0,8,0,true,0.1079,0.0041,883,8192,0.003,0.003,47.95,0.003,0,0,0.0002,0.0002,0.12,0.0,25.0,21.0,1781033889770181824
1781033889872579468,31,0,8,0,true,0.1083,0.0043,887,8192,0.002,0.002,47.95,0.002,0,0,0.0002,0.0002,0.1,0.0,25.0,21.0,1781033889872020646
1781033889970185851,31,0,8,0,true,0.1086,0.0043,889,8192,0.002,0.002,47.95,0.002,0,0,0.0002,0.0002,0.11,0.0,25.0,21.0,1781033889949091484
1781033890072856794,31,0,8,0,true,0.1091,0.0043,893,8192,0.002,0.002,47.95,0.002,0,0,0.0002,0.0002,0.1,0.0,25.0,21.0,1781033890058472433
1781033890170379336,31,0,8,0,true,0.1095,0.0041,897,8192,0.002,0.002,47.95,0.002,0,0,0.0002,0.0002,0.1,0.0,25.0,21.0,1781033890166236796
1781033890272857603,31,0,8,0,true,0.1099,0.0041,900,8192,0.002,0.002,47.95,0.002,0,0,0.0002,0.0002,0.11,0.0,25.0,21.0,1781033890255455373
1781033890370398197,31,0,8,0,true,0.1103,0.0041,903,8192,0.002,0.002,47.95,0.002,0,0,0.0002,0.0002,0.1,0.0,25.0,21.0,1781033890358814853
1781033890470384422,31,0,8,0,true,0.1108,0.0042,907,8192,0.003,0.003,47.95,0.003,0,0,0.0002,0.0002,0.12,0.0,25.0,21.0,1781033890467159774
1781033890569697356,31,0,8,0,true,0.1111,0.0041,910,8192,0.002,0.002,47.95,0.002,0,0,0.0002,0.0002,0.1,0.0,25.0,21.0,1781033890554147758
1781033890672866637,31,0,8,0,true,0.1115,0.0041,913,8192,0.002,0.002,47.95,0.002,0,0,0.0002,0.0002,0.12,0.0,25.0,21.0,1781033890652449472
1781033890777015904,31,0,8,0,true,0.112,0.004,917,8192,0.003,0.003,47.95,0.003,0,0,0.0002,0.0002,0.13,0.0,25.0,21.0,1781033890758878742
1781033890880885060,31,0,8,0,true,0.1124,0.0041,920,8192,0.003,0.003,47.95,0.003,0,0,0.0002,0.0002,0.13,0.0,25.0,21.0,1781033890869105912
1781033890977871665,31,0,8,0,true,0.1128,0.0041,924,8192,0.002,0.002,47.95,0.002,0,0,0.0002,0.0002,0.12,0.0,25.0,21.0,1781033890969893514
1781033891077605355,31,0,8,0,true,0.1132,0.0042,927,8192,0.002,0.002,47.95,0.002,0,0,0.0002,0.0002,0.1,0.0,25.0,21.0,1781033891065566449
1781033891178361336,31,0,8,0,true,0.1137,0.0041,931,8192,0.003,0.003,47.95,0.003,0,0,0.0002,0.0002,0.12,0.0,25.0,21.0,1781033891174772391
1781033891278112197,31,0,8,0,true,0.114,0.004,934,8192,0.005,0.005,47.95,0.005,0,0,0.0004,0.0004,0.25,0.0,25.0,21.0,1781033891263496792
1781033891377456522,31,0,8,0,true,0.1144,0.0041,937,8192,0.003,0.003,47.95,0.003,0,0,0.0002,0.0002,0.14,0.0,25.0,21.0,1781033891350827687
1781033891478439710,31,0,8,0,true,0.1148,0.0038,940,8192,0.002,0.002,47.95,0.002,0,0,0.0002,0.0002,0.11,0.0,25.0,21.0,1781033891470133022
1781033891577435412,31,0,8,0,true,0.1151,0.0038,943,8192,0.002,0.002,47.95,0.002,0,0,0.0002,0.0002,0.09,0.0,25.0,21.0,1781033891556109611
1781033891680879952,31,0,8,0,true,0.1156,0.0039,946,8192,0.002,0.002,47.95,0.002,0,0,0.0002,0.0002,0.11,0.0,25.0,21.0,1781033891668440434
1781033891780937917,31,0,8,0,true,0.1159,0.0038,949,8192,0.002,0.002,47.95,0.002,0,0,0.0001,0.0001,0.08,0.0,25.0,21.0,1781033891763473784
1781033891878119473,31,0,8,0,true,0.1164,0.0038,953,8192,0.002,0.002,47.95,0.002,0,0,0.0002,0.0002,0.09,0.0,25.0,21.0,1781033891876358006
1781033891978462792,31,0,8,0,true,0.1168,0.0039,956,8192,0.002,0.002,47.95,0.002,0,0,0.0002,0.0002,0.11,0.0,25.0,21.0,1781033891976456972
1781033892078318866,31,0,8,0,true,0.117,0.0038,958,8192,0.002,0.002,47.95,0.002,0,0,0.0002,0.0002,0.11,0.0,25.0,21.0,1781033892050597313
1781033892180882488,31,0,8,0,true,0.1175,0.0038,962,8192,0.002,0.002,47.95,0.002,0,0,0.0001,0.0001,0.08,0.0,25.0,21.0,1781033892169185601
1781033892284864951,31,0,8,0,true,0.1179,0.0038,965,8192,0.002,0.002,47.95,0.002,0,0,0.0002,0.0002,0.1,0.0,25.0,21.0,1781033892273913909
1781033892388866437,31,0,8,0,true,0.1183,0.0039,969,8192,0.002,0.002,47.95,0.002,0,0,0.0002,0.0002,0.11,0.0,25.0,21.0,1781033892380077896
1781033892486163420,31,0,8,0,true,0.1186,0.0038,971,8192,0.002,0.002,47.95,0.002,0,0,0.0002,0.0002,0.1,0.0,25.0,21.0,1781033892464172350
1781033892586264270,31,0,8,0,true,0.1191,0.0039,975,8192,0.002,0.002,47.95,0.002,0,0,0.0002,0.0002,0.1,0.0,25.0,21.0,1781033892575229249
1781033892686135983,31,0,8,0,true,0.1194,0.0038,978,8192,0.002,0.002,47.95,0.002,0,0,0.0002,0.0002,0.1,0.0,25.0,21.0,1781033892669062651
1781033892785638748,31,0,8,0,true,0.1198,0.0038,981,8192,0.002,0.002,47.95,0.002,0,0,0.0002,0.0002,0.1,0.0,25.0,21.0,1781033892774572876
1781033892887807707,31,0,8,0,true,0.1202,0.0038,984,8192,0.002,0.002,47.95,0.002,0,0,0.0002,0.0002,0.1,0.0,25.0,21.0,1781033892877325815
1781033892985617133,31,0,8,0,true,0.1206,0.0039,988,8192,0.0,0.0,47.95,0.0,0,0,0.0,0.0,0.02,0.0,25.0,21.0,1781033892979604041
1781033893085595758,31,0,8,0,true,0.1209,0.0038,990,8192,0.002,0.002,47.95,0.002,0,0,0.0002,0.0002,0.09,0.0,25.0,21.0,1781033893061408381
1781033893186137679,31,0,8,0,true,0.1213,0.0038,993,8192,0.002,0.002,47.95,0.002,0,0,0.0002,0.0002,0.09,0.0,25.0,21.0,1781033893161986704
1781033893286185660,31,0,8,0,true,0.1218,0.004,997,8192,0.003,0.003,47.95,0.003,0,0,0.0002,0.0002,0.12,0.0,25.0,21.0,1781033893276955367
1781033893388490450,31,0,8,0,true,0.1221,0.0038,999,8192,0.002,0.002,47.95,0.002,0,0,0.0001,0.0001,0.08,0.0,25.0,21.0,1781033893353687071
1781033893485893562,31,0,8,0,true,0.1225,0.0039,1003,8192,0.002,0.002,47.95,0.002,0,0,0.0002,0.0002,0.12,0.0,25.0,21.0,1781033893478822662
1781033893588858418,31,0,8,0,true,0.1229,0.0038,1006,8192,0.002,0.002,47.95,0.002,0,0,0.0002,0.0002,0.11,0.0,25.0,21.0,1781033893569170499
1781033893686917170,31,0,8,0,true,0.1232,0.0038,1009,8192,0.002,0.002,47.95,0.002,0,0,0.0002,0.0002,0.09,0.0,25.0,21.0,1781033893655190396
1781033893786281633,31,0,8,0,true,0.1237,0.0038,1013,8192,0.002,0.002,47.95,0.002,0,0,0.0001,0.0001,0.08,0.0,25.0,21.0,1781033893783384387
1781033893887676588,31,0,8,0,true,0.124,0.0039,1016,8192,0.002,0.002,47.95,0.002,0,0,0.0002,0.0002,0.11,0.0,25.0,21.0,1781033893867101871
1781033893988850057,31,0,8,0,true,0.1245,0.0038,1019,8192,0.002,0.002,47.95,0.002,0,0,0.0001,0.0001,0.08,0.0,25.0,21.0,1781033893982100992
1781033894092859536,31,0,8,0,true,0.1248,0.0039,1022,8192,0.002,0.002,47.95,0.002,0,0,0.0002,0.0002,0.1,0.0,25.0,21.0,1781033894061137248
1781033894194504381,31,0,8,0,true,0.1252,0.004,1025,8192,0.002,0.002,47.95,0.002,0,0,0.0002,0.0002,0.1,0.0,25.0,21.0,1781033894172038986
1781033894294265920,31,0,8,0,true,0.1256,0.0038,1028,8192,0.002,0.002,47.95,0.002,0,0,0.0002,0.0002,0.11,0.0,25.0,21.0,1781033894268431681
1781033894394496236,31,0,8,0,true,0.126,0.0039,1032,8192,0.002,0.002,47.95,0.002,0,0,0.0002,0.0002,0.11,0.0,25.0,21.0,1781033894382987409
1781033894493980582,31,0,8,0,true,0.1264,0.0039,1035,8192,0.003,0.003,47.95,0.003,0,0,0.0002,0.0002,0.13,0.0,25.0,21.0,1781033894486377563
1781033894593497433,31,0,8,0,true,0.1268,0.0038,1038,8192,0.002,0.002,47.95,0.002,0,0,0.0001,0.0001,0.08,0.0,25.0,21.0,1781033894591923139
1781033894693715281,31,0,8,0,true,0.1272,0.0038,1041,8192,0.002,0.002,47.95,0.002,0,0,0.0002,0.0002,0.09,0.0,25.0,21.0,1781033894685168093
1781033894793910851,31,0,8,0,true,0.1274,0.0039,1044,8192,0.002,0.002,47.95,0.002,0,0,0.0002,0.0002,0.11,0.0,25.0,21.0,1781033894756585646
1781033894894091015,31,0,8,0,true,0.1279,0.0038,1047,8192,0.002,0.002,47.95,0.002,0,0,0.0001,0.0001,0.08,0.0,25.0,21.0,1781033894873911741
1781033894994295905,31,0,8,0,true,0.1283,0.0038,1051,8192,0.002,0.002,47.95,0.002,0,0,0.0001,0.0001,0.09,0.0,25.0,21.0,1781033894980669463
1781033895093651439,31,0,8,0,true,0.1287,0.0038,1054,8192,0.002,0.002,47.95,0.002,0,0,0.0001,0.0001,0.08,0.0,25.0,21.0,1781033895090996574
1781033895193931106,31,0,8,0,true,0.1291,0.0039,1057,8192,0.002,0.002,47.95,0.002,0,0,0.0002,0.0002,0.11,0.0,25.0,21.0,1781033895190174864
1781033895297072028,31,0,8,0,true,0.1294,0.0038,1060,8192,0.002,0.002,47.95,0.002,0,0,0.0002,0.0002,0.11,0.0,25.0,21.0,1781033895263234635
1781033895394338071,31,0,8,0,true,0.1298,0.0039,1063,8192,0.002,0.002,47.95,0.002,0,0,0.0002,0.0002,0.11,0.0,25.0,21.0,1781033895373524903
1781033895496969461,31,0,8,0,true,0.1302,0.0038,1066,8192,0.002,0.002,47.95,0.002,0,0,0.0002,0.0002,0.09,0.0,25.0,21.0,1781033895477054929
1781033895594241082,31,0,8,0,true,0.1307,0.0038,1070,8192,0.001,0.001,47.95,0.001,0,0,0.0001,0.0001,0.05,0.0,25.0,21.0,1781033895590108882
1781033895693642603,31,0,8,0,true,0.131,0.0038,1073,8192,0.002,0.002,47.95,0.002,0,0,0.0001,0.0001,0.08,0.0,25.0,21.0,1781033895685986287
1781033895793945997,31,0,8,0,true,0.1314,0.0039,1076,8192,0.002,0.002,47.95,0.002,0,0,0.0002,0.0002,0.1,0.0,25.0,21.0,1781033895786371447
1781033895896988858,31,0,8,0,true,0.1318,0.0039,1079,8192,0.0,0.0,47.95,0.0,0,0,0.0,0.0,0.02,0.0,25.0,21.0,1781033895877412700
1781033895996905679,31,0,8,0,true,0.1322,0.0038,1082,8192,0.002,0.002,47.95,0.002,0,0,0.0002,0.0002,0.1,0.0,25.0,21.0,1781033895985454547
1781033896094022231,31,0,8,0,true,0.1325,0.0038,1085,8192,0.002,0.002,47.95,0.002,0,0,0.0002,0.0002,0.12,0.0,25.0,21.0,1781033896069624047
1781033896196742460,31,0,8,0,true,0.1329,0.0039,1088,8192,0.002,0.002,47.95,0.002,0,0,0.0002,0.0002,0.1,0.0,25.0,21.0,1781033896181769470
1781033896296961605,31,0,8,0,true,0.1333,0.0038,1092,8192,0.002,0.002,47.95,0.002,0,0,0.0001,0.0001,0.08,0.0,25.0,21.0,1781033896280173275
1781033896394101009,31,0,8,0,true,0.1337,0.0038,1095,8192,0.002,0.002,47.95,0.002,0,0,0.0002,0.0002,0.11,0.0,25.0,21.0,1781033896389222792
1781033896493972187,31,0,8,0,true,0.1341,0.004,1098,8192,0.002,0.002,47.95,0.002,0,0,0.0002,0.0002,0.1,0.0,25.0,21.0,1781033896487743137
1781033896593585623,31,0,8,0,true,0.1344,0.0038,1101,8192,0.002,0.002,47.95,0.002,0,0,0.0001,0.0001,0.08,0.0,25.0,21.0,1781033896577812129
1781033896694457663,31,0,8,0,true,0.1349,0.0038,1104,8192,0.002,0.002,47.95,0.002,0,0,0.0002,0.0002,0.09,0.0,25.0,21.0,1781033896683273007
1781033896794151466,31,0,8,0,true,0.1352,0.0039,1107,8192,0.0,0.0,47.95,0.0,0,0,0.0,0.0,0.02,0.0,25.0,21.0,1781033896773102790
1781033896894100656,31,0,8,0,true,0.1356,0.0039,1110,8192,0.002,0.002,47.95,0.002,0,0,0.0002,0.0002,0.12,0.0,25.0,21.0,1781033896874014228
1781033896994164129,31,0,8,0,true,0.136,0.0038,1114,8192,0.002,0.002,47.95,0.002,0,0,0.0002,0.0002,0.11,0.0,25.0,21.0,1781033896991260465
1781033897094089072,31,0,8,0,true,0.1364,0.0038,1117,8192,0.002,0.002,47.95,0.002,0,0,0.0001,0.0001,0.08,0.0,25.0,21.0,1781033897092015954
1781033897193704506,31,0,8,0,true,0.1368,0.0038,1120,8192,0.002,0.002,47.95,0.002,0,0,0.0002,0.0002,0.09,0.0,25.0,21.0,1781033897190983166
1781033897293903056,31,0,8,0,true,0.1371,0.0038,1123,8192,0.002,0.002,47.95,0.002,0,0,0.0001,0.0001,0.09,0.0,25.0,21.0,1781033897276962884
1781033897396997878,31,0,8,0,true,0.1376,0.0039,1127,8192,0.002,0.002,47.95,0.002,0,0,0.0001,0.0001,0.09,0.0,25.0,21.0,1781033897391075650
1781033897496915170,31,0,8,0,true,0.1379,0.0038,1130,8192,0.002,0.002,47.95,0.002,0,0,0.0001,0.0001,0.09,0.0,25.0,21.0,1781033897486291271
1781033897593824437,31,0,8,0,true,0.1384,0.0038,1133,8192,0.001,0.001,47.95,0.001,0,0,0.0001,0.0001,0.04,0.0,25.0,21.0,1781033897593331251
1781033897694512702,31,0,8,0,true,0.1387,0.0038,1136,8192,0.002,0.002,47.95,0.002,0,0,0.0001,0.0001,0.08,0.0,25.0,21.0,1781033897680890631
1781033897796970798,31,0,8,0,true,0.1391,0.0038,1139,8192,0.002,0.002,47.95,0.002,0,0,0.0002,0.0002,0.09,0.0,25.0,21.0,1781033897783741436
1781033897893615316,31,0,8,0,true,0.1394,0.0038,1141,8192,0.002,0.002,47.95,0.002,0,0,0.0002,0.0002,0.09,0.0,25.0,21.0,1781033897859457365
1781033897994345517,31,0,8,0,true,0.1399,0.0039,1145,8192,0.002,0.002,47.95,0.002,0,0,0.0002,0.0002,0.1,0.0,25.0,21.0,1781033897986154586
1781033898094353252,31,0,8,0,true,0.1403,0.004,1149,8192,0.002,0.002,47.95,0.002,0,0,0.0002,0.0002,0.1,0.0,25.0,21.0,1781033898091769883
1781033898195629178,31,0,8,0,true,0.1406,0.0038,1152,8192,0.002,0.002,47.95,0.002,0,0,0.0001,0.0001,0.09,0.0,25.0,21.0,1781033898182059355
1781033898296900940,31,0,8,0,true,0.141,0.0039,1155,8192,0.002,0.002,47.95,0.002,0,0,0.0002,0.0002,0.1,0.0,25.0,21.0,1781033898285943215
1781033898397565141,31,0,8,0,true,0.1414,0.0039,1158,8192,0.002,0.002,47.95,0.002,0,0,0.0002,0.0002,0.12,0.0,25.0,21.0,1781033898391669215
1781033898497174921,31,0,8,0,true,0.1417,0.0039,1160,8192,0.002,0.002,47.95,0.002,0,0,0.0002,0.0002,0.12,0.0,25.0,21.0,1781033898463515055
1781033898594335568,31,0,8,0,true,0.1422,0.0039,1164,8192,0.002,0.002,47.95,0.002,0,0,0.0002,0.0002,0.1,0.0,25.0,21.0,1781033898585299118
1781033898696987082,31,0,8,0,true,0.1425,0.0038,1167,8192,0.002,0.002,47.95,0.002,0,0,0.0002,0.0002,0.09,0.0,25.0,21.0,1781033898678368779
1781033898793828659,31,0,8,0,true,0.1429,0.004,1170,8192,0.002,0.002,47.95,0.002,0,0,0.0002,0.0002,0.1,0.0,25.0,21.0,1781033898781220251
1781033898895336444,31,0,8,0,true,0.1433,0.0039,1174,8192,0.002,0.002,47.95,0.002,0,0,0.0002,0.0002,0.11,0.0,25.0,21.0,1781033898879528172
1781033898993774873,31,0,8,0,true,0.1437,0.0038,1177,8192,0.002,0.002,47.95,0.002,0,0,0.0001,0.0001,0.09,0.0,25.0,21.0,1781033898980672466
1781033899093742554,31,0,8,0,true,0.1441,0.0039,1180,8192,0.002,0.002,47.95,0.002,0,0,0.0002,0.0002,0.12,0.0,25.0,21.0,1781033899085803986
1781033899196980787,31,0,8,0,true,0.1445,0.0038,1183,8192,0.002,0.002,47.95,0.002,0,0,0.0002,0.0002,0.1,0.0,25.0,21.0,1781033899186296474
1781033899294285398,31,0,8,0,true,0.1449,0.0038,1186,8192,0.001,0.001,47.95,0.001,0,0,0.0001,0.0001,0.03,0.0,25.0,21.0,1781033899286997825
1781033899394305349,31,0,8,0,true,0.1453,0.0039,1190,8192,0.003,0.003,47.95,0.003,0,0,0.0002,0.0002,0.13,0.0,25.0,21.0,1781033899391183682
1781033899496904536,31,0,8,0,true,0.1456,0.0038,1192,8192,0.002,0.002,47.95,0.002,0,0,0.0002,0.0002,0.1,0.0,25.0,21.0,1781033899478741534
1781033899596981256,31,0,8,0,true,0.146,0.0038,1196,8192,0.002,0.002,47.95,0.002,0,0,0.0002,0.0002,0.09,0.0,25.0,21.0,1781033899585105988
1781033899693516449,31,0,8,0,true,0.1464,0.0038,1199,8192,0.002,0.002,47.95,0.002,0,0,0.0002,0.0002,0.09,0.0,25.0,21.0,1781033899683289850
1781033899793604140,31,0,8,0,true,0.1468,0.0038,1202,8192,0.002,0.002,47.95,0.002,0,0,0.0002,0.0002,0.11,0.0,25.0,21.0,1781033899788858764
1781033899893718661,31,0,8,0,true,0.1471,0.0038,1205,8192,0.002,0.002,47.95,0.002,0,0,0.0001,0.0001,0.08,0.0,25.0,21.0,1781033899871456207
1781033899997085624,31,0,8,0,true,0.1475,0.0039,1208,8192,0.002,0.002,47.95,0.002,0,0,0.0002,0.0002,0.1,0.0,25.0,21.0,1781033899979426864
1781033900094223807,31,0,8,0,true,0.1479,0.0038,1211,8192,0.002,0.002,47.95,0.002,0,0,0.0001,0.0001,0.08,0.0,25.0,21.0,1781033900082060775
1781033900193571363,31,0,8,0,true,0.1484,0.0038,1215,8192,0.002,0.002,47.95,0.002,0,0,0.0002,0.0002,0.09,0.0,25.0,21.0,1781033900188379867
1781033900297066114,31,0,8,0,true,0.1488,0.0038,1218,8192,0.002,0.002,47.95,0.002,0,0,0.0001,0.0001,0.08,0.0,25.0,21.0,1781033900296651417
1781033900394057363,31,0,8,0,true,0.149,0.0038,1221,8192,0.002,0.002,47.95,0.002,0,0,0.0002,0.0002,0.09,0.0,25.0,21.0,1781033900369960742
1781033900494473613,31,0,8,0,true,0.1494,0.0039,1224,8192,0.002,0.002,47.95,0.002,0,0,0.0002,0.0002,0.09,0.0,25.0,21.0,1781033900473972435
1781033900594530213,31,0,8,0,true,0.1499,0.0038,1227,8192,0.002,0.002,47.95,0.002,0,0,0.0002,0.0002,0.1,0.0,25.0,21.0,1781033900581592262
1781033900694005156,31,0,8,0,true,0.1502,0.0039,1230,8192,0.002,0.002,47.95,0.002,0,0,0.0002,0.0002,0.11,0.0,25.0,21.0,1781033900679274271
1781033900793685403,31,0,8,0,true,0.1507,0.0038,1234,8192,0.002,0.002,47.95,0.002,0,0,0.0002,0.0002,0.09,0.0,25.0,21.0,1781033900788542528
1781033900894127223,31,0,8,0,true,0.151,0.0038,1236,8192,0.002,0.002,47.95,0.002,0,0,0.0002,0.0002,0.09,0.0,25.0,21.0,1781033900873474980
1781033900997037353,31,0,8,0,true,0.1514,0.0038,1240,8192,0.002,0.002,47.95,0.002,0,0,0.0002,0.0002,0.1,0.0,25.0,21.0,1781033900983487765
1781033901093836596,31,0,8,0,true,0.1518,0.0038,1243,8192,0.001,0.001,47.95,0.001,0,0,0.0001,0.0001,0.06,0.0,25.0,21.0,1781033901081138269
1781033901197531442,31,0,8,0,true,0.1522,0.0038,1246,8192,0.002,0.002,47.95,0.002,0,0,0.0002,0.0002,0.11,0.0,25.0,21.0,1781033901185625366
1781033901294477114,31,0,8,0,true,0.1525,0.0039,1249,8192,0.002,0.002,47.95,0.002,0,0,0.0002,0.0002,0.09,0.0,25.0,21.0,1781033901280736865
1781033901394186839,31,0,8,0,true,0.153,0.0038,1253,8192,0.002,0.002,47.95,0.002,0,0,0.0002,0.0002,0.09,0.0,25.0,21.0,1781033901389735823
1781033901496970174,31,0,8,0,true,0.1533,0.0038,1255,8192,0.002,0.002,47.95,0.002,0,0,0.0001,0.0001,0.08,0.0,25.0,21.0,1781033901474338806
1781033901595419024,31,0,8,0,true,0.1538,0.0038,1259,8192,0.002,0.002,47.95,0.002,0,0,0.0001,0.0001,0.08,0.0,25.0,21.0,1781033901594930866
1781033901694007932,31,0,8,0,true,0.1541,0.0038,1262,8192,0.002,0.002,47.95,0.002,0,0,0.0002,0.0002,0.09,0.0,25.0,21.0,1781033901693499782
1781033901793848635,31,0,8,0,true,0.1545,0.0039,1265,8192,0.002,0.002,47.95,0.002,0,0,0.0002,0.0002,0.11,0.0,25.0,21.0,1781033901777070450
1781033901893707843,31,0,8,0,true,0.1548,0.0038,1268,8192,0.002,0.002,47.95,0.002,0,0,0.0001,0.0001,0.08,0.0,25.0,21.0,1781033901873745580
1781033901994055499,31,0,8,0,true,0.1552,0.0038,1271,8192,0.002,0.002,47.95,0.002,0,0,0.0002,0.0002,0.09,0.0,25.0,21.0,1781033901977942211
1781033902093761232,31,0,8,0,true,0.1556,0.0038,1274,8192,0.002,0.002,47.95,0.002,0,0,0.0001,0.0001,0.08,0.0,25.0,21.0,1781033902066802274
1781033902201319166,31,0,8,0,true,0.1561,0.0039,1278,8192,0.002,0.002,47.95,0.002,0,0,0.0002,0.0002,0.11,0.0,25.0,21.0,1781033902198851377
1781033902302246670,31,0,8,0,true,0.1564,0.004,1281,8192,0.002,0.002,47.95,0.002,0,0,0.0002,0.0002,0.1,0.0,25.0,21.0,1781033902283407513
1781033902408891404,31,0,8,0,true,0.1568,0.0038,1284,8192,0.002,0.002,47.95,0.002,0,0,0.0002,0.0002,0.11,0.0,25.0,21.0,1781033902398749162
1781033902510130919,31,0,8,0,true,0.1573,0.0038,1288,8192,0.002,0.002,47.95,0.002,0,0,0.0001,0.0001,0.07,0.0,25.0,21.0,1781033902508519230
1781033902610173146,31,0,8,0,true,0.1576,0.0038,1291,8192,0.002,0.002,47.95,0.002,0,0,0.0002,0.0002,0.09,0.0,25.0,21.0,1781033902604616047
1781033902712881424,31,0,8,0,true,0.158,0.0038,1294,8192,0.002,0.002,47.95,0.002,0,0,0.0002,0.0002,0.11,0.0,25.0,21.0,1781033902700183843
1781033902809825982,31,0,8,0,true,0.1583,0.0039,1296,8192,0.002,0.002,47.95,0.002,0,0,0.0001,0.0001,0.09,0.0,25.0,21.0,1781033902780689044
1781033902910402389,31,0,8,0,true,0.1588,0.0038,1300,8192,0.002,0.002,47.95,0.002,0,0,0.0001,0.0001,0.08,0.0,25.0,21.0,1781033902895459033
1781033903009891090,31,0,8,0,true,0.1592,0.0038,1303,8192,0.002,0.002,47.95,0.002,0,0,0.0002,0.0002,0.09,0.0,25.0,21.0,1781033902999179394
1781033903111569430,31,0,8,0,true,0.1595,0.0039,1306,8192,0.002,0.002,47.95,0.002,0,0,0.0002,0.0002,0.09,0.0,25.0,21.0,1781033903094759681
1781033903210428602,31,0,8,0,true,0.1599,0.004,1309,8192,0.002,0.002,47.95,0.002,0,0,0.0002,0.0002,0.11,0.0,25.0,21.0,1781033903195524147
1781033903312902106,31,0,8,0,true,0.1604,0.0038,1313,8192,0.002,0.002,47.95,0.002,0,0,0.0001,0.0001,0.08,0.0,25.0,21.0,1781033903313208574
1781033903410125462,31,0,8,0,true,0.1607,0.0038,1316,8192,0.002,0.002,47.95,0.002,0,0,0.0002,0.0002,0.09,0.0,25.0,21.0,1781033903389783960
1781033903510104979,31,0,8,0,true,0.1611,0.0038,1319,8192,0.002,0.002,47.95,0.002,0,0,0.0002,0.0002,0.09,0.0,25.0,21.0,1781033903497809418
1781033903609453336,31,0,8,0,true,0.1615,0.0039,1322,8192,0.002,0.002,47.95,0.002,0,0,0.0002,0.0002,0.09,0.0,25.0,21.0,1781033903609370600
1781033903709562380,31,0,8,0,true,0.1619,0.0039,1326,8192,0.002,0.002,47.95,0.002,0,0,0.0001,0.0001,0.08,0.0,25.0,21.0,1781033903709055268
1781033903809849250,31,0,8,0,true,0.1622,0.0039,1329,8192,0.002,0.002,47.95,0.002,0,0,0.0002,0.0002,0.1,0.0,25.0,21.0,1781033903801182951
1781033903912867930,31,0,8,0,true,0.1626,0.0038,1332,8192,0.002,0.002,47.95,0.002,0,0,0.0002,0.0002,0.09,0.0,25.0,21.0,1781033903897174141
1781033904009561685,31,0,8,0,true,0.1629,0.0039,1334,8192,0.002,0.002,47.95,0.002,0,0,0.0002,0.0002,0.1,0.0,25.0,21.0,1781033903965456412
1781033904110503774,31,0,8,0,true,0.1633,0.0039,1338,8192,0.002,0.002,47.95,0.002,0,0,0.0002,0.0002,0.11,0.0,25.0,21.0,1781033904090739526
1781033904209955828,31,0,8,0,true,0.1638,0.0039,1341,8192,0.0,0.0,47.95,0.0,0,0,0.0,0.0,0.02,0.0,25.0,21.0,1781033904206130059
1781033904312800136,31,0,8,0,true,0.1642,0.0038,1344,8192,0.002,0.002,47.95,0.002,0,0,0.0002,0.0002,0.09,0.0,25.0,21.0,1781033904303481484
1781033904412900686,31,0,8,0,true,0.1645,0.0038,1347,8192,0.002,0.002,47.95,0.002,0,0,0.0002,0.0002,0.09,0.0,25.0,21.0,1781033904386054755
1781033904512879678,31,0,8,0,true,0.1649,0.0039,1350,8192,0.002,0.002,47.95,0.002,0,0,0.0002,0.0002,0.11,0.0,25.0,21.0,1781033904486031846
1781033904609627059,31,0,8,0,true,0.1653,0.0038,1354,8192,0.002,0.002,47.95,0.002,0,0,0.0001,0.0001,0.08,0.0,25.0,21.0,1781033904606291711
1781033904709762892,31,0,8,0,true,0.1657,0.0039,1357,8192,0.002,0.002,47.95,0.002,0,0,0.0002,0.0002,0.11,0.0,25.0,21.0,1781033904692620128
1781033904809662440,31,0,8,0,true,0.1661,0.0039,1360,8192,0.002,0.002,47.95,0.002,0,0,0.0002,0.0002,0.11,0.0,25.0,21.0,1781033904805667153
1781033904909964769,31,0,8,0,true,0.1664,0.0038,1363,8192,0.002,0.002,47.95,0.002,0,0,0.0002,0.0002,0.1,0.0,25.0,21.0,1781033904887075837
1781033905010897152,31,0,8,0,true,0.1668,0.0038,1366,8192,0.002,0.002,47.95,0.002,0,0,0.0002,0.0002,0.1,0.0,25.0,21.0,1781033904993093792
1781033905110037249,31,0,8,0,true,0.1672,0.0038,1369,8192,0.002,0.002,47.95,0.002,0,0,0.0002,0.0002,0.11,0.0,25.0,21.0,1781033905092924736
1781033905212862735,31,0,8,0,true,0.1676,0.0038,1373,8192,0.002,0.002,47.95,0.002,0,0,0.0001,0.0001,0.08,0.0,25.0,21.0,1781033905205636142
1781033905309669683,31,0,8,0,true,0.168,0.0038,1376,8192,0.002,0.002,47.95,0.002,0,0,0.0002,0.0002,0.09,0.0,25.0,21.0,1781033905306930480
1781033905412873351,31,0,8,0,true,0.1684,0.0038,1379,8192,0.001,0.001,47.95,0.001,0,0,0.0001,0.0001,0.04,0.0,25.0,21.0,1781033905406555786
1781033905510135197,31,0,8,0,true,0.1687,0.0038,1382,8192,0.002,0.002,47.95,0.002,0,0,0.0002,0.0002,0.1,0.0,25.0,21.0,1781033905487415657
1781033905610219963,31,0,8,0,true,0.1691,0.0038,1385,8192,0.002,0.002,47.95,0.002,0,0,0.0001,0.0001,0.08,0.0,25.0,21.0,1781033905589163199
1781033905710390519,31,0,8,0,true,0.1696,0.0039,1389,8192,0.0,0.0,47.95,0.0,0,0,0.0,0.0,0.01,0.0,25.0,21.0,1781033905706004014
1781033905810457744,31,0,8,0,true,0.17,0.0038,1392,8192,0.002,0.002,47.95,0.002,0,0,0.0001,0.0001,0.08,0.0,25.0,21.0,1781033905808269269
1781033905917280248,31,0,8,0,true,0.1703,0.0039,1394,8192,0.002,0.002,47.95,0.002,0,0,0.0002,0.0002,0.11,0.0,25.0,21.0,1781033905885170446
1781033906020905763,31,0,8,0,true,0.1707,0.0039,1398,8192,0.002,0.002,47.95,0.002,0,0,0.0001,0.0001,0.08,0.0,25.0,21.0,1781033906002827291
1781033906118331678,31,0,8,0,true,0.1711,0.0038,1401,8192,0.002,0.002,47.95,0.002,0,0,0.0002,0.0002,0.1,0.0,25.0,21.0,1781033906101064541
1781033906217504124,31,0,8,0,true,0.1715,0.0038,1404,8192,0.002,0.002,47.95,0.002,0,0,0.0002,0.0002,0.1,0.0,25.0,21.0,1781033906211120552
1781033906319813202,31,0,8,0,true,0.1719,0.0039,1407,8192,0.002,0.002,47.95,0.002,0,0,0.0002,0.0002,0.11,0.0,25.0,21.0,1781033906306274764
1781033906418501608,31,0,8,0,true,0.1722,0.0039,1410,8192,0.002,0.002,47.95,0.002,0,0,0.0002,0.0002,0.11,0.0,25.0,21.0,1781033906397368394
1781033906518250115,31,0,8,0,true,0.1727,0.0039,1414,8192,0.002,0.002,47.95,0.002,0,0,0.0002,0.0002,0.11,0.0,25.0,21.0,1781033906512484342
1781033906617570404,31,0,8,0,true,0.1731,0.0039,1417,8192,0.002,0.002,47.95,0.002,0,0,0.0002,0.0002,0.11,0.0,25.0,21.0,1781033906617374640
1781033906717741835,31,0,8,0,true,0.1734,0.0038,1420,8192,0.002,0.002,47.95,0.002,0,0,0.0002,0.0002,0.1,0.0,25.0,21.0,1781033906701624819
1781033906820833209,31,0,8,0,true,0.1738,0.004,1423,8192,0.002,0.002,47.95,0.002,0,0,0.0002,0.0002,0.1,0.0,25.0,21.0,1781033906807209017
1781033906920850080,31,0,8,0,true,0.1742,0.0038,1427,8192,0.002,0.002,47.95,0.002,0,0,0.0001,0.0001,0.09,0.0,25.0,21.0,1781033906911129667
1781033907020895270,31,0,8,0,true,0.1746,0.004,1430,8192,0.002,0.002,47.95,0.002,0,0,0.0002,0.0002,0.11,0.0,25.0,21.0,1781033907011353895
1781033907117512250,31,0,8,0,true,0.175,0.0039,1433,8192,0.002,0.002,47.95,0.002,0,0,0.0002,0.0002,0.12,0.0,25.0,21.0,1781033907105449405
1781033907218020160,31,0,8,0,true,0.1753,0.0038,1436,8192,0.002,0.002,47.95,0.002,0,0,0.0002,0.0002,0.1,0.0,25.0,21.0,1781033907207760297
1781033907318109736,31,0,8,0,true,0.1757,0.0039,1439,8192,0.002,0.002,47.95,0.002,0,0,0.0002,0.0002,0.1,0.0,25.0,21.0,1781033907308067011
1781033907417967993,31,0,8,0,true,0.1762,0.0039,1443,8192,0.002,0.002,47.95,0.002,0,0,0.0002,0.0002,0.11,0.0,25.0,21.0,1781033907416486075
1781033907518033445,31,0,8,0,true,0.1765,0.004,1445,8192,0.002,0.002,47.95,0.002,0,0,0.0002,0.0002,0.11,0.0,25.0,21.0,1781033907504718933
1781033907617493049,31,0,8,0,true,0.1769,0.004,1449,8192,0.002,0.002,47.95,0.002,0,0,0.0002,0.0002,0.11,0.0,25.0,21.0,1781033907615692950
1781033907717439200,31,0,8,0,true,0.1773,0.0038,1452,8192,0.001,0.001,47.95,0.001,0,0,0.0001,0.0001,0.07,0.0,25.0,21.0,1781033907717217563
1781033907820893607,31,0,8,0,true,0.1777,0.0038,1455,8192,0.002,0.002,47.95,0.002,0,0,0.0002,0.0002,0.09,0.0,25.0,21.0,1781033907813210532
1781033907922154301,31,0,8,0,true,0.178,0.0038,1458,8192,0.002,0.002,47.95,0.002,0,0,0.0002,0.0002,0.09,0.0,25.0,21.0,1781033907895352908
1781033908020799042,31,0,8,0,true,0.1784,0.0039,1461,8192,0.002,0.002,47.95,0.002,0,0,0.0002,0.0002,0.11,0.0,25.0,21.0,1781033908000186529
1781033908119201988,31,0,8,0,true,0.1788,0.0038,1464,8192,0.002,0.002,47.95,0.002,0,0,0.0001,0.0001,0.08,0.0,25.0,21.0,1781033908105103243
1781033908217803416,31,0,8,0,true,0.1791,0.004,1467,8192,0.002,0.002,47.95,0.002,0,0,0.0002,0.0002,0.11,0.0,25.0,21.0,1781033908193538582
1781033908317541665,31,0,8,0,true,0.1796,0.0039,1470,8192,0.002,0.002,47.95,0.002,0,0,0.0002,0.0002,0.1,0.0,25.0,21.0,1781033908302082203
1781033908420549427,31,0,8,0,true,0.1799,0.0038,1473,8192,0.002,0.002,47.95,0.002,0,0,0.0001,0.0001,0.08,0.0,25.0,21.0,1781033908385382735
1781033908517506735,31,0,8,0,true,0.1802,0.0038,1476,8192,0.002,0.002,47.95,0.002,0,0,0.0001,0.0001,0.08,0.0,25.0,21.0,1781033908479816331
1781033908618123667,31,0,8,0,true,0.1807,0.0038,1480,8192,0.002,0.002,47.95,0.002,0,0,0.0001,0.0001,0.08,0.0,25.0,21.0,1781033908600239824
1781033908718353125,31,0,8,0,true,0.1812,0.0038,1484,8192,0.002,0.002,47.95,0.002,0,0,0.0002,0.0002,0.09,0.0,25.0,21.0,1781033908715966386
1781033908818467214,31,0,8,0,true,0.1815,0.0038,1486,8192,0.002,0.002,47.95,0.002,0,0,0.0002,0.0002,0.09,0.0,25.0,21.0,1781033908797524271
1781033908918018330,31,0,8,0,true,0.1819,0.0038,1490,8192,0.001,0.001,47.95,0.001,0,0,0.0001,0.0001,0.06,0.0,25.0,21.0,1781033908912719217
1781033909019247070,31,0,8,0,true,0.1822,0.0038,1492,8192,0.001,0.001,47.95,0.001,0,0,0.0001,0.0001,0.07,0.0,25.0,21.0,1781033908993441929
1781033909118308692,31,0,8,0,true,0.1826,0.0038,1495,8192,0.002,0.002,47.95,0.002,0,0,0.0002,0.0002,0.09,0.0,25.0,21.0,1781033909092821654
1781033909217504879,31,0,8,0,true,0.183,0.004,1499,8192,0.002,0.002,47.95,0.002,0,0,0.0002,0.0002,0.11,0.0,25.0,21.0,1781033909191533469
1781033909320914816,31,0,8,0,true,0.1834,0.0038,1502,8192,0.002,0.002,47.95,0.002,0,0,0.0002,0.0002,0.1,0.0,25.0,21.0,1781033909305450059
1781033909417548563,31,0,8,0,true,0.1838,0.0039,1506,8192,0.002,0.002,47.95,0.002,0,0,0.0002,0.0002,0.1,0.0,25.0,21.0,1781033909413098526
1781033909519210025,31,0,8,0,true,0.1842,0.0039,1508,8192,0.002,0.002,47.95,0.002,0,0,0.0002,0.0002,0.11,0.0,25.0,21.0,1781033909497205576
1781033909618454623,31,0,8,0,true,0.1846,0.0039,1512,8192,0.002,0.002,47.95,0.002,0,0,0.0001,0.0001,0.08,0.0,25.0,21.0,1781033909607105858
1781033909720920061,31,0,8,0,true,0.185,0.0038,1515,8192,0.002,0.002,47.95,0.002,0,0,0.0002,0.0002,0.1,0.0,25.0,21.0,1781033909708198121
1781033909818227586,31,0,8,0,true,0.1854,0.0038,1518,8192,0.001,0.001,47.95,0.001,0,0,0.0001,0.0001,0.06,0.0,25.0,21.0,1781033909813158263
1781033909917476268,31,0,8,0,true,0.1857,0.0039,1521,8192,0.002,0.002,47.95,0.002,0,0,0.0002,0.0002,0.1,0.0,25.0,21.0,1781033909890334605
1781033910017485947,31,0,8,0,true,0.1862,0.0038,1525,8192,0.002,0.002,47.95,0.002,0,0,0.0001,0.0001,0.07,0.0,25.0,21.0,1781033910017311668
1781033910120882470,31,0,8,0,true,0.1865,0.0038,1527,8192,0.002,0.002,47.95,0.002,0,0,0.0001,0.0001,0.08,0.0,25.0,21.0,1781033910097321785
1781033910220881842,31,0,8,0,true,0.1868,0.0038,1530,8192,0.002,0.002,47.95,0.002,0,0,0.0001,0.0001,0.08,0.0,25.0,21.0,1781033910189408613
1781033910318097304,31,0,8,0,true,0.1873,0.0038,1534,8192,0.002,0.002,47.95,0.002,0,0,0.0002,0.0002,0.1,0.0,25.0,21.0,1781033910313773555
1781033910420884374,31,0,8,0,true,0.1877,0.0038,1537,8192,0.002,0.002,47.95,0.002,0,0,0.0001,0.0001,0.08,0.0,25.0,21.0,1781033910412210591
1781033910518162620,31,0,8,0,true,0.1881,0.0039,1540,8192,0.002,0.002,47.95,0.002,0,0,0.0001,0.0001,0.08,0.0,25.0,21.0,1781033910514577980
1781033910618312213,31,0,8,0,true,0.1884,0.0039,1543,8192,0.002,0.002,47.95,0.002,0,0,0.0002,0.0002,0.11,0.0,25.0,21.0,1781033910605088144
1781033910720859978,31,0,8,0,true,0.1888,0.0038,1546,8192,0.001,0.001,47.95,0.001,0,0,0.0001,0.0001,0.07,0.0,25.0,21.0,1781033910712579908
1781033910818425812,31,0,8,0,true,0.1892,0.0038,1550,8192,0.002,0.002,47.95,0.002,0,0,0.0001,0.0001,0.08,0.0,25.0,21.0,1781033910812377419
1781033910921740305,31,0,8,0,true,0.1896,0.0038,1552,8192,0.002,0.002,47.95,0.002,0,0,0.0001,0.0001,0.07,0.0,25.0,21.0,1781033910902221392
1781033911020893273,31,0,8,0,true,0.1899,0.0038,1555,8192,0.001,0.001,47.95,0.001,0,0,0.0001,0.0001,0.05,0.0,25.0,21.0,1781033911001863348
1781033911117561633,31,0,8,0,true,0.1904,0.0039,1559,8192,0.002,0.002,47.95,0.002,0,0,0.0002,0.0002,0.11,0.0,25.0,21.0,1781033911117070264
1781033911220880467,31,0,8,0,true,0.1907,0.0038,1562,8192,0.001,0.001,47.95,0.001,0,0,0.0001,0.0001,0.04,0.0,25.0,21.0,1781033911198223837
1781033911317725274,31,0,8,0,true,0.1911,0.0038,1565,8192,0.001,0.001,47.95,0.001,0,0,0.0001,0.0001,0.07,0.0,25.0,21.0,1781033911309338292
1781033911418754444,31,0,8,0,true,0.1915,0.0038,1569,8192,0.0,0.0,47.95,0.0,0,0,0.0,0.0,0.02,0.0,25.0,21.0,1781033911418255854
1781033911524894631,31,0,8,0,true,0.1919,0.0038,1571,8192,0.002,0.002,47.95,0.002,0,0,0.0001,0.0001,0.07,0.0,25.0,21.0,1781033911502250097
1781033911627996029,31,0,8,0,true,0.1923,0.0039,1575,8192,0.002,0.002,47.95,0.002,0,0,0.0002,0.0002,0.11,0.0,25.0,21.0,1781033911624161391
1781033911725820348,31,0,8,0,true,0.1927,0.0038,1578,8192,0.002,0.002,47.95,0.002,0,0,0.0002,0.0002,0.09,0.0,25.0,21.0,1781033911708558644
1781033911825889303,31,0,8,0,true,0.193,0.0038,1581,8192,0.002,0.002,47.95,0.002,0,0,0.0002,0.0002,0.1,0.0,25.0,21.0,1781033911808725136
1781033911926372334,31,0,8,0,true,0.1935,0.0039,1585,8192,0.002,0.002,47.95,0.002,0,0,0.0002,0.0002,0.1,0.0,25.0,21.0,1781033911921273889
1781033912025785075,31,0,8,0,true,0.1938,0.0038,1587,8192,0.002,0.002,47.95,0.002,0,0,0.0001,0.0001,0.08,0.0,25.0,21.0,1781033912011762136
1781033912128865149,31,0,8,0,true,0.1942,0.0038,1591,8192,0.001,0.001,47.95,0.001,0,0,0.0001,0.0001,0.04,0.0,25.0,21.0,1781033912118561060
1781033912226530661,31,0,8,0,true,0.1946,0.0038,1594,8192,0.002,0.002,47.95,0.002,0,0,0.0002,0.0002,0.09,0.0,25.0,21.0,1781033912212470129
1781033912329207221,31,0,8,0,true,0.195,0.0038,1597,8192,0.002,0.002,47.95,0.002,0,0,0.0002,0.0002,0.09,0.0,25.0,21.0,1781033912322753574
1781033912426089680,31,0,8,0,true,0.1954,0.0038,1600,8192,0.002,0.002,47.95,0.002,0,0,0.0001,0.0001,0.08,0.0,25.0,21.0,1781033912410619460
1781033912525553970,31,0,8,0,true,0.1957,0.0039,1603,8192,0.002,0.002,47.95,0.002,0,0,0.0002,0.0002,0.11,0.0,25.0,21.0,1781033912511027574
1781033912626246897,31,0,8,0,true,0.1962,0.0038,1607,8192,0.002,0.002,47.95,0.002,0,0,0.0002,0.0002,0.09,0.0,25.0,21.0,1781033912622228760
1781033912725843078,31,0,8,0,true,0.1966,0.0038,1610,8192,0.001,0.001,47.95,0.001,0,0,0.0001,0.0001,0.04,0.0,25.0,21.0,1781033912723656593
1781033912826077029,31,0,8,0,true,0.1969,0.0038,1613,8192,0.002,0.002,47.95,0.002,0,0,0.0002,0.0002,0.1,0.0,25.0,21.0,1781033912821322826
1781033912925654430,31,0,8,0,true,0.1973,0.0039,1616,8192,0.002,0.002,47.95,0.002,0,0,0.0002,0.0002,0.11,0.0,25.0,21.0,1781033912922092842
1781033913028676672,31,0,8,0,true,0.1977,0.0039,1619,8192,0.002,0.002,47.95,0.002,0,0,0.0002,0.0002,0.1,0.0,25.0,21.0,1781033913007768271
1781033913128870008,31,0,8,0,true,0.1981,0.0038,1622,8192,0.002,0.002,47.95,0.002,0,0,0.0001,0.0001,0.08,0.0,25.0,21.0,1781033913122649763
1781033913225450565,31,0,8,0,true,0.1984,0.0038,1625,8192,0.002,0.002,47.95,0.002,0,0,0.0001,0.0001,0.08,0.0,25.0,21.0,1781033913209894393
1781033913325706916,31,0,8,0,true,0.1988,0.0038,1628,8192,0.002,0.002,47.95,0.002,0,0,0.0001,0.0001,0.07,0.0,25.0,21.0,1781033913312705648
1781033913426312008,31,0,8,0,true,0.1992,0.0038,1632,8192,0.001,0.001,47.95,0.001,0,0,0.0001,0.0001,0.05,0.0,25.0,21.0,1781033913417661756
1781033913525782033,31,0,8,0,true,0.1996,0.0038,1635,8192,0.002,0.002,47.95,0.002,0,0,0.0001,0.0001,0.07,0.0,25.0,21.0,1781033913518377837
1781033913625937337,31,0,8,0,true,0.2,0.0038,1638,8192,0.001,0.001,47.95,0.001,0,0,0.0001,0.0001,0.04,0.0,25.0,21.0,1781033913618958122
1781033913726170519,31,0,8,0,true,0.2003,0.004,1641,8192,0.002,0.002,47.95,0.002,0,0,0.0002,0.0002,0.11,0.0,25.0,21.0,1781033913705694007
1781033913826152245,31,0,8,0,true,0.2007,0.0038,1644,8192,0.002,0.002,47.95,0.002,0,0,0.0001,0.0001,0.08,0.0,25.0,21.0,1781033913809692135
1781033913925881957,31,0,8,0,true,0.2011,0.0039,1647,8192,0.002,0.002,47.95,0.002,0,0,0.0002,0.0002,0.1,0.0,25.0,21.0,1781033913893166640
1781033914028886249,31,0,8,0,true,0.2016,0.0039,1651,8192,0.002,0.002,47.95,0.002,0,0,0.0002,0.0002,0.1,0.0,25.0,21.0,1781033914022900720
1781033914126166362,31,0,8,0,true,0.2019,0.0038,1653,8192,0.002,0.002,47.95,0.002,0,0,0.0002,0.0002,0.09,0.0,25.0,21.0,1781033914103244785
1781033914225747958,31,0,8,0,true,0.2023,0.0038,1657,8192,0.002,0.002,47.95,0.002,0,0,0.0001,0.0001,0.08,0.0,25.0,21.0,1781033914213629152
1781033914328872843,31,0,8,0,true,0.2027,0.0038,1660,8192,0.002,0.002,47.95,0.002,0,0,0.0001,0.0001,0.09,0.0,25.0,21.0,1781033914317382888
1781033914425479395,31,0,8,0,true,0.203,0.0038,1663,8192,0.002,0.002,47.95,0.002,0,0,0.0002,0.0002,0.09,0.0,25.0,21.0,1781033914405271948
1781033914526142090,31,0,8,0,true,0.2034,0.0038,1666,8192,0.002,0.002,47.95,0.002,0,0,0.0001,0.0001,0.08,0.0,25.0,21.0,1781033914507740984
1781033914628868944,31,0,8,0,true,0.2038,0.0039,1669,8192,0.002,0.002,47.95,0.002,0,0,0.0002,0.0002,0.1,0.0,25.0,21.0,1781033914612108183
1781033914728873501,31,0,8,0,true,0.2042,0.0038,1673,8192,0.002,0.002,47.95,0.002,0,0,0.0001,0.0001,0.07,0.0,25.0,21.0,1781033914717745302
1781033914826148326,31,0,8,0,true,0.2046,0.0038,1675,8192,0.001,0.001,47.95,0.001,0,0,0.0001,0.0001,0.06,0.0,25.0,21.0,1781033914801983627
1781033914928890866,31,0,8,0,true,0.205,0.0038,1679,8192,0.002,0.002,47.95,0.002,0,0,0.0001,0.0001,0.08,0.0,25.0,21.0,1781033914919518051
1781033915025561733,31,0,8,0,true,0.2054,0.0038,1682,8192,0.002,0.002,47.95,0.002,0,0,0.0002,0.0002,0.1,0.0,25.0,21.0,1781033915025763570
1781033915126417972,31,0,8,0,true,0.2057,0.004,1685,8192,0.002,0.002,47.95,0.002,0,0,0.0002,0.0002,0.11,0.0,25.0,21.0,1781033915110775838
1781033915225724677,31,0,8,0,true,0.2062,0.0039,1688,8192,0.002,0.002,47.95,0.002,0,0,0.0002,0.0002,0.11,0.0,25.0,21.0,1781033915225217730
1781033915325776441,31,0,8,0,true,0.2065,0.0038,1691,8192,0.002,0.002,47.95,0.002,0,0,0.0002,0.0002,0.11,0.0,25.0,21.0,1781033915320458567
1781033915428893279,31,0,8,0,true,0.2069,0.0038,1695,8192,0.001,0.001,47.95,0.001,0,0,0.0001,0.0001,0.03,0.0,25.0,21.0,1781033915423613745
1781033915526357144,31,0,8,0,true,0.2073,0.0038,1697,8192,0.002,0.002,47.95,0.002,0,0,0.0002,0.0002,0.1,0.0,25.0,21.0,1781033915511250503
1781033915626013764,31,0,8,0,true,0.2077,0.0038,1701,8192,0.001,0.001,47.95,0.001,0,0,0.0001,0.0001,0.06,0.0,25.0,21.0,1781033915612740632
1781033915725951875,31,0,8,0,true,0.208,0.0038,1704,8192,0.002,0.002,47.95,0.002,0,0,0.0002,0.0002,0.1,0.0,25.0,21.0,1781033915708670317
1781033915826174300,31,0,8,0,true,0.2084,0.0039,1707,8192,0.002,0.002,47.95,0.002,0,0,0.0002,0.0002,0.09,0.0,25.0,21.0,1781033915813270003
1781033915927779006,31,0,8,0,true,0.2088,0.0038,1710,8192,0.002,0.002,47.95,0.002,0,0,0.0002,0.0002,0.1,0.0,25.0,21.0,1781033915906687289
1781033916025886550,31,0,8,0,true,0.2092,0.0038,1713,8192,0.002,0.002,47.95,0.002,0,0,0.0002,0.0002,0.1,0.0,25.0,21.0,1781033916019304550
1781033916125752974,31,0,8,0,true,0.2096,0.0038,1716,8192,0.001,0.001,47.95,0.001,0,0,0.0001,0.0001,0.07,0.0,25.0,21.0,1781033916105661240
1781033916226081742,31,0,8,0,true,0.21,0.0038,1720,8192,0.002,0.002,47.95,0.002,0,0,0.0002,0.0002,0.1,0.0,25.0,21.0,1781033916218556514
1781033916325853211,31,0,8,0,true,0.2104,0.0039,1723,8192,0.002,0.002,47.95,0.002,0,0,0.0002,0.0002,0.11,0.0,25.0,21.0,1781033916311761236
1781033916428873485,31,0,8,0,true,0.2107,0.0038,1726,8192,0.002,0.002,47.95,0.002,0,0,0.0001,0.0001,0.07,0.0,25.0,21.0,1781033916411790605
1781033916525991372,31,0,8,0,true,0.2111,0.004,1729,8192,0.002,0.002,47.95,0.002,0,0,0.0002,0.0002,0.12,0.0,25.0,21.0,1781033916516911644
1781033916626509180,31,0,8,0,true,0.2115,0.0038,1732,8192,0.002,0.002,47.95,0.002,0,0,0.0002,0.0002,0.11,0.0,25.0,21.0,1781033916600530400
1781033916725969700,31,0,8,0,true,0.2119,0.0038,1735,8192,0.002,0.002,47.95,0.002,0,0,0.0002,0.0002,0.09,0.0,25.0,21.0,1781033916716445851
1781033916825680828,31,0,8,0,true,0.2123,0.0039,1739,8192,0.002,0.002,47.95,0.002,0,0,0.0002,0.0002,0.11,0.0,25.0,21.0,1781033916824156050
1781033916926569932,31,0,8,0,true,0.2127,0.0038,1742,8192,0.001,0.001,47.95,0.001,0,0,0.0001,0.0001,0.06,0.0,25.0,21.0,1781033916909696908
1781033917028866591,31,0,8,0,true,0.2131,0.0039,1745,8192,0.002,0.002,47.95,0.002,0,0,0.0002,0.0002,0.1,0.0,25.0,21.0,1781033917019352650
1781033917128861491,31,0,8,0,true,0.2135,0.0038,1748,8192,0.001,0.001,47.95,0.001,0,0,0.0001,0.0001,0.03,0.0,25.0,21.0,1781033917120336587
1781033917226056149,31,0,8,0,true,0.2138,0.0039,1751,8192,0.002,0.002,47.95,0.002,0,0,0.0002,0.0002,0.1,0.0,25.0,21.0,1781033917215136333
1781033917326119736,31,0,8,0,true,0.2143,0.0038,1755,8192,0.002,0.002,47.95,0.002,0,0,0.0002,0.0002,0.1,0.0,25.0,21.0,1781033917324627584
1781033917426051066,31,0,8,0,true,0.2146,0.004,1757,8192,0.002,0.002,47.95,0.002,0,0,0.0002,0.0002,0.1,0.0,25.0,21.0,1781033917413935891
1781033917526082652,31,0,8,0,true,0.215,0.0038,1761,8192,0.002,0.002,47.95,0.002,0,0,0.0001,0.0001,0.07,0.0,25.0,21.0,1781033917517098145
1781033917625499288,31,0,8,0,true,0.2154,0.0038,1764,8192,0.002,0.002,47.95,0.002,0,0,0.0002,0.0002,0.09,0.0,25.0,21.0,1781033917624263925
1781033917728890254,31,0,8,0,true,0.2158,0.0038,1767,8192,0.002,0.002,47.95,0.002,0,0,0.0002,0.0002,0.09,0.0,25.0,21.0,1781033917717240699
1781033917826195452,31,0,8,0,true,0.216,0.0025,1769,8192,0.011,0.011,47.95,0.011,0,0,0.0009,0.0009,0.51,0.0,25.0,21.0,1781033917799101577
1781033917927040775,31,0,8,0,true,0.2163,0.0023,1771,8192,0.001,0.001,47.95,0.001,0,0,0.0001,0.0001,0.05,0.0,25.0,21.0,1781033917895196888
1781033918026308381,31,0,8,0,true,0.2165,0.0024,1773,8192,0.003,0.003,47.95,0.003,0,0,0.0003,0.0003,0.16,0.0,25.0,21.0,1781033918018764694
1781033918126165078,31,0,8,0,true,0.2168,0.0023,1775,8192,0.002,0.002,47.95,0.002,0,0,0.0002,0.0002,0.12,0.0,25.0,21.0,1781033918107465288
1781033918228619104,31,0,8,0,true,0.217,0.0023,1777,8192,0.003,0.003,47.95,0.003,0,0,0.0003,0.0003,0.15,0.0,25.0,21.0,1781033918214638926
1781033918326129975,31,0,8,0,true,0.2172,0.0024,1779,8192,0.002,0.002,47.95,0.002,0,0,0.0002,0.0002,0.1,0.0,25.0,21.0,1781033918303748046
1781033918425490933,31,0,8,0,true,0.2175,0.0023,1781,8192,0.0,0.0,47.95,0.0,0,0,0.0,0.0,0.02,0.0,25.0,21.0,1781033918424965207
1781033918526776953,31,0,8,0,true,0.2177,0.0022,1783,8192,0.002,0.002,47.95,0.002,0,0,0.0002,0.0002,0.1,0.0,25.0,21.0,1781033918522085830
1781033918625871913,31,0,8,0,true,0.2179,0.0024,1785,8192,0.002,0.002,47.95,0.002,0,0,0.0002,0.0002,0.11,0.0,25.0,21.0,1781033918605220822
1781033918725796080,31,0,8,0,true,0.2182,0.0023,1787,8192,0.001,0.001,47.95,0.001,0,0,0.0001,0.0001,0.06,0.0,25.0,21.0,1781033918719992868
1781033918828910856,31,0,8,0,true,0.2184,0.0024,1789,8192,0.001,0.001,47.95,0.001,0,0,0.0001,0.0001,0.06,0.0,25.0,21.0,1781033918820201369
1781033918926538734,31,0,8,0,true,0.2186,0.0023,1791,8192,0.003,0.003,47.95,0.003,0,0,0.0003,0.0003,0.15,0.0,25.0,21.0,1781033918919654811
1781033919028872026,31,0,8,0,true,0.2189,0.0024,1792,8192,0.001,0.001,47.95,0.001,0,0,0.0001,0.0001,0.05,0.0,25.0,21.0,1781033919012524314
1781033919128875427,31,0,8,0,true,0.2191,0.0023,1794,8192,0.006,0.006,47.95,0.006,0,0,0.0005,0.0005,0.27,0.0,25.0,21.0,1781033919119625080
1781033919225595299,31,0,8,0,true,0.2193,0.0023,1796,8192,0.005,0.005,47.95,0.005,0,0,0.0004,0.0004,0.24,0.0,25.0,21.0,1781033919218630652
1781033919326490355,31,0,8,0,true,0.2196,0.0022,1798,8192,0.001,0.001,47.95,0.001,0,0,0.0001,0.0001,0.05,0.0,25.0,21.0,1781033919324399963
1781033919425878979,31,0,8,0,true,0.2197,0.0022,1799,8192,0.001,0.001,47.95,0.001,0,0,0.0001,0.0001,0.06,0.0,25.0,21.0,1781033919393677600
1781033919529361153,31,0,8,0,true,0.22,0.0022,1802,8192,0.001,0.001,47.95,0.001,0,0,0.0001,0.0001,0.04,0.0,25.0,21.0,1781033919506634370
1781033919628866841,31,0,8,0,true,0.2202,0.0023,1803,8192,0.001,0.001,47.95,0.001,0,0,0.0001,0.0001,0.03,0.0,25.0,21.0,1781033919609971708
1781033919726415319,31,0,8,0,true,0.2204,0.0021,1805,8192,0.0,0.0,47.95,0.0,0,0,0.0,0.0,0.02,0.0,25.0,21.0,1781033919706296506
1781033919830022037,31,0,8,0,true,0.2206,0.0021,1807,8192,0.0,0.0,47.95,0.0,0,0,0.0,0.0,0.02,0.0,25.0,21.0,1781033919790783732
1781033919931114908,31,0,8,0,true,0.2209,0.0022,1809,8192,0.0,0.0,47.95,0.0,0,0,0.0,0.0,0.02,0.0,25.0,21.0,1781033919906673335
1781033920032868023,31,0,8,0,true,0.2211,0.0022,1811,8192,0.004,0.004,47.95,0.004,0,0,0.0003,0.0003,0.17,0.0,25.0,21.0,1781033920006095186
1781033920131172709,31,0,8,0,true,0.2213,0.0022,1812,8192,0.0,0.0,47.95,0.0,0,0,0.0,0.0,0.01,0.0,25.0,21.0,1781033920113356548
1781033920231507729,31,0,8,0,true,0.2216,0.0022,1815,8192,0.0,0.0,47.95,0.0,0,0,0.0,0.0,0.02,0.0,25.0,21.0,1781033920226947412
1781033920331091319,31,0,8,0,true,0.2217,0.0022,1816,8192,0.007,0.007,47.95,0.007,0,0,0.0005,0.0005,0.32,0.0,25.0,21.0,1781033920302730901
1781033920431265894,31,0,8,0,true,0.2219,0.0021,1818,8192,0.002,0.002,47.95,0.002,0,0,0.0002,0.0002,0.11,0.0,25.0,21.0,1781033920399339454
1781033920531554607,31,0,8,0,true,0.2222,0.0023,1820,8192,0.0,0.0,47.95,0.0,0,0,0.0,0.0,0.0,0.0,25.0,21.0,1781033920517619756
1781033920630813757,31,0,8,0,true,0.2224,0.0022,1822,8192,0.0,0.0,47.95,0.0,0,0,0.0,0.0,0.02,0.0,25.0,21.0,1781033920620261886
1781033920732887294,31,0,8,0,true,0.2226,0.0021,1823,8192,0.003,0.003,47.95,0.003,0,0,0.0002,0.0002,0.13,0.0,25.0,21.0,1781033920705259944
1781033920837051633,31,0,8,0,true,0.2228,0.0021,1825,8192,0.002,0.002,47.95,0.002,0,0,0.0002,0.0002,0.11,0.0,25.0,21.0,1781033920813500176
1781033920937504226,31,0,8,0,true,0.2231,0.0021,1827,8192,0.001,0.001,47.95,0.001,0,0,0.0001,0.0001,0.04,0.0,25.0,21.0,1781033920933250134
1781033921037495750,31,0,8,0,true,0.2233,0.0021,1829,8192,0.001,0.001,47.95,0.001,0,0,0.0001,0.0001,0.04,0.0,25.0,21.0,1781033921034147295
1781033921139694253,31,0,8,0,true,0.2235,0.0022,1831,8192,0.009,0.009,47.95,0.009,0,0,0.0007,0.0007,0.41,0.0,25.0,21.0,1781033921135351638
1781033921238027821,31,0,8,0,true,0.2237,0.0021,1832,8192,0.001,0.001,47.95,0.001,0,0,0.0001,0.0001,0.06,0.0,25.0,21.0,1781033921217330604
1781033921337484384,31,0,8,0,true,0.2239,0.0021,1834,8192,0.007,0.007,47.95,0.007,0,0,0.0006,0.0006,0.33,0.0,25.0,21.0,1781033921317092121
1781033921441318226,31,0,8,0,true,0.2241,0.002,1836,8192,0.0,0.0,47.95,0.0,0,0,0.0,0.0,0.01,0.0,25.0,21.0,1781033921425975767
1781033921537757369,31,0,8,0,true,0.2244,0.0021,1837,8192,0.007,0.007,47.95,0.007,0,0,0.0006,0.0006,0.34,0.0,25.0,21.0,1781033921536855303
1781033921644864655,31,0,8,0,true,0.2245,0.002,1839,8192,0.004,0.004,47.95,0.004,0,0,0.0003,0.0003,0.18,0.0,25.0,21.0,1781033921617189667
1781033921746383952,31,0,8,0,true,0.2248,0.0021,1841,8192,0.006,0.006,47.95,0.006,0,0,0.0005,0.0005,0.3,0.0,25.0,21.0,1781033921726795687
1781033921845645507,31,0,8,0,true,0.225,0.002,1843,8192,0.002,0.002,47.95,0.002,0,0,0.0001,0.0001,0.07,0.0,25.0,21.0,1781033921833440816
1781033921946432098,31,0,8,0,true,0.2252,0.002,1844,8192,0.001,0.001,47.95,0.001,0,0,0.0001,0.0001,0.03,0.0,25.0,21.0,1781033921941933868
1781033922046176201,31,0,8,0,true,0.2254,0.0021,1846,8192,0.002,0.002,47.95,0.002,0,0,0.0002,0.0002,0.11,0.0,25.0,21.0,1781033922043234530
1781033922145765287,31,0,8,0,true,0.2256,0.002,1848,8192,0.002,0.002,47.95,0.002,0,0,0.0001,0.0001,0.07,0.0,25.0,21.0,1781033922137327317
1781033922246073152,31,0,8,0,true,0.2258,0.002,1849,8192,0.003,0.003,47.95,0.003,0,0,0.0002,0.0002,0.12,0.0,25.0,21.0,1781033922237383338
1781033922348607792,31,0,8,0,true,0.226,0.002,1851,8192,0.005,0.005,47.95,0.005,0,0,0.0004,0.0004,0.22,0.0,25.0,21.0,1781033922330584369
1781033922446165168,31,0,8,0,true,0.2262,0.002,1853,8192,0.003,0.003,47.95,0.003,0,0,0.0003,0.0003,0.16,0.0,25.0,21.0,1781033922427179821
1781033922552855585,31,0,8,0,true,0.2264,0.002,1854,8192,0.005,0.005,47.95,0.005,0,0,0.0004,0.0004,0.25,0.0,25.0,21.0,1781033922538538771
1781033922654279120,31,0,8,0,true,0.2266,0.002,1856,8192,0.004,0.004,47.95,0.004,0,0,0.0003,0.0003,0.2,0.0,25.0,21.0,1781033922646266209
1781033922758039885,31,0,8,0,true,0.2269,0.002,1858,8192,0.004,0.004,47.95,0.004,0,0,0.0004,0.0004,0.21,0.0,25.0,21.0,1781033922757103143
1781033922860327969,31,0,8,0,true,0.227,0.002,1859,8192,0.003,0.003,47.95,0.003,0,0,0.0002,0.0002,0.14,0.0,25.0,21.0,1781033922837385977
1781033922960893088,31,0,8,0,true,0.2273,0.002,1861,8192,0.004,0.004,47.95,0.004,0,0,0.0003,0.0003,0.2,0.0,25.0,21.0,1781033922945886245
1781033923060864580,31,0,8,0,true,0.2275,0.002,1863,8192,0.005,0.005,47.95,0.005,0,0,0.0004,0.0004,0.24,0.0,25.0,21.0,1781033923045695455
1781033923160872024,31,0,8,0,true,0.2277,0.002,1865,8192,0.004,0.004,47.95,0.004,0,0,0.0003,0.0003,0.18,0.0,25.0,21.0,1781033923151248861
1781033923259232760,31,0,8,0,true,0.2279,0.0022,1866,8192,0.005,0.005,47.95,0.005,0,0,0.0004,0.0004,0.22,0.0,25.0,21.0,1781033923250517752
1781033923358546215,31,0,8,0,true,0.2281,0.002,1868,8192,0.005,0.005,47.95,0.005,0,0,0.0004,0.0004,0.24,0.0,25.0,21.0,1781033923347093820
1781033923459318826,31,0,8,0,true,0.2282,0.002,1869,8192,0.005,0.005,47.95,0.005,0,0,0.0004,0.0004,0.25,0.0,25.0,21.0,1781033923429401677
1781033923560207881,31,0,8,0,true,0.2285,0.0019,1871,8192,0.004,0.004,47.95,0.004,0,0,0.0003,0.0003,0.2,0.0,25.0,21.0,1781033923559445382
1781033923658459771,31,0,8,0,true,0.2287,0.0019,1873,8192,0.005,0.005,47.95,0.005,0,0,0.0004,0.0004,0.23,0.0,25.0,21.0,1781033923636009100
1781033923759334864,31,0,8,0,true,0.2289,0.002,1875,8192,0.005,0.005,47.95,0.005,0,0,0.0004,0.0004,0.23,0.0,25.0,21.0,1781033923755927337
1781033923858435354,31,0,8,0,true,0.2291,0.0019,1876,8192,0.005,0.005,47.95,0.005,0,0,0.0004,0.0004,0.24,0.0,25.0,21.0,1781033923857102552
1781033923958965163,31,0,8,0,true,0.2292,0.002,1878,8192,0.005,0.005,47.95,0.005,0,0,0.0004,0.0004,0.26,0.0,25.0,21.0,1781033923939654116
1781033924058604592,31,0,8,0,true,0.2295,0.0019,1879,8192,0.005,0.005,47.95,0.005,0,0,0.0004,0.0004,0.25,0.0,25.0,21.0,1781033924041287823
1781033924160887708,31,0,8,0,true,0.2297,0.0019,1881,8192,0.005,0.005,47.95,0.005,0,0,0.0004,0.0004,0.22,0.0,25.0,21.0,1781033924150127845
1781033924260944454,31,0,8,0,true,0.2299,0.002,1883,8192,0.005,0.005,47.95,0.005,0,0,0.0004,0.0004,0.23,0.0,25.0,21.0,1781033924248925425
1781033924358503308,31,0,8,0,true,0.2301,0.002,1884,8192,0.005,0.005,47.95,0.005,0,0,0.0004,0.0004,0.23,0.0,25.0,21.0,1781033924350454208
1781033924459336120,31,0,8,0,true,0.2302,0.0019,1886,8192,0.005,0.005,47.95,0.005,0,0,0.0004,0.0004,0.26,0.0,25.0,21.0,1781033924433355009
1781033924560888551,31,0,8,0,true,0.2305,0.0022,1887,8192,0.005,0.005,47.95,0.005,0,0,0.0004,0.0004,0.25,0.0,25.0,21.0,1781033924542503517
1781033924659030388,31,0,8,0,true,0.2307,0.0021,1889,8192,0.005,0.005,47.95,0.005,0,0,0.0004,0.0004,0.25,0.0,25.0,21.0,1781033924653247535
1781033924760932034,31,0,8,0,true,0.2309,0.0019,1891,8192,0.006,0.006,47.95,0.006,0,0,0.0005,0.0005,0.27,0.0,25.0,21.0,1781033924741229258
1781033924858908058,31,0,8,0,true,0.231,0.0019,1892,8192,0.005,0.005,47.95,0.005,0,0,0.0004,0.0004,0.23,0.0,25.0,21.0,1781033924826645136
1781033924958496816,31,0,8,0,true,0.2313,0.002,1894,8192,0.006,0.006,47.95,0.006,0,0,0.0005,0.0005,0.28,0.0,25.0,21.0,1781033924957053980
1781033925060880981,31,0,8,0,true,0.2315,0.0019,1896,8192,0.006,0.006,47.95,0.006,0,0,0.0005,0.0005,0.27,0.0,25.0,21.0,1781033925050755372
1781033925160898688,31,0,8,0,true,0.2317,0.0019,1897,8192,0.006,0.006,47.95,0.006,0,0,0.0005,0.0005,0.28,0.0,25.0,21.0,1781033925151856762
1781033925258782934,31,0,8,0,true,0.2319,0.002,1899,8192,0.006,0.006,47.95,0.006,0,0,0.0005,0.0005,0.27,0.0,25.0,21.0,1781033925249958434
1781033925358547779,31,0,8,0,true,0.2321,0.0019,1900,8192,0.005,0.005,47.95,0.005,0,0,0.0004,0.0004,0.25,0.0,25.0,21.0,1781033925353617412
1781033925462770123,31,0,8,0,true,0.2322,0.002,1902,8192,0.006,0.006,47.95,0.006,0,0,0.0005,0.0005,0.3,0.0,25.0,21.0,1781033925447255259
1781033925560931549,31,0,8,0,true,0.2324,0.0019,1903,8192,0.006,0.006,47.95,0.006,0,0,0.0005,0.0005,0.29,0.0,25.0,21.0,1781033925534452760
1781033925658964326,31,0,8,0,true,0.2326,0.0019,1905,8192,0.006,0.006,47.95,0.006,0,0,0.0005,0.0005,0.29,0.0,25.0,21.0,1781033925656138988
1781033925758742710,31,0,8,0,true,0.2328,0.002,1907,8192,0.006,0.006,47.95,0.006,0,0,0.0005,0.0005,0.28,0.0,25.0,21.0,1781033925748258753
1781033925858710204,31,0,8,0,true,0.233,0.0019,1908,8192,0.006,0.006,47.95,0.006,0,0,0.0005,0.0005,0.29,0.0,25.0,21.0,1781033925851132466
1781033925960884214,31,0,8,0,true,0.2332,0.0019,1910,8192,0.005,0.005,47.95,0.005,0,0,0.0005,0.0005,0.26,0.0,25.0,21.0,1781033925940379014
1781033926059733238,31,0,8,0,true,0.2334,0.0019,1911,8192,0.006,0.006,47.95,0.006,0,0,0.0005,0.0005,0.29,0.0,25.0,21.0,1781033926049209322
1781033926159286768,31,0,8,0,true,0.2336,0.0019,1913,8192,0.006,0.006,47.95,0.006,0,0,0.0005,0.0005,0.3,0.0,25.0,21.0,1781033926151172229
1781033926260964947,31,0,8,0,true,0.2338,0.0018,1915,8192,0.006,0.006,47.95,0.006,0,0,0.0005,0.0005,0.27,0.0,25.0,21.0,1781033926253757828
1781033926360885173,31,0,8,0,true,0.234,0.0019,1916,8192,0.006,0.006,47.95,0.006,0,0,0.0005,0.0005,0.31,0.0,25.0,21.0,1781033926350008127
1781033926458943255,31,0,8,0,true,0.2342,0.0018,1918,8192,0.006,0.006,47.95,0.006,0,0,0.0005,0.0005,0.3,0.0,25.0,21.0,1781033926451935186
1781033926559286614,31,0,8,0,true,0.2343,0.0019,1919,8192,0.007,0.007,47.95,0.007,0,0,0.0006,0.0006,0.32,0.0,25.0,21.0,1781033926540566083
1781033926659204329,31,0,8,0,true,0.2345,0.0019,1921,8192,0.007,0.007,47.95,0.007,0,0,0.0005,0.0005,0.31,0.0,25.0,21.0,1781033926643144728
1781033926759382915,31,0,8,0,true,0.2347,0.0018,1922,8192,0.006,0.006,47.95,0.006,0,0,0.0005,0.0005,0.28,0.0,25.0,21.0,1781033926753197308
1781033926859188130,31,0,8,0,true,0.2349,0.0019,1924,8192,0.006,0.006,47.95,0.006,0,0,0.0005,0.0005,0.31,0.0,25.0,21.0,1781033926844840542
1781033926958625356,31,0,8,0,true,0.2351,0.0019,1926,8192,0.007,0.007,47.95,0.007,0,0,0.0006,0.0006,0.34,0.0,25.0,21.0,1781033926954526393
1781033927060889051,31,0,8,0,true,0.2353,0.0019,1927,8192,0.006,0.006,47.95,0.006,0,0,0.0005,0.0005,0.28,0.0,25.0,21.0,1781033927051909595
1781033927160867037,31,0,8,0,true,0.2355,0.0021,1928,8192,0.007,0.007,47.95,0.007,0,0,0.0006,0.0006,0.32,0.0,25.0,21.0,1781033927139308188
1781033927261478180,31,0,8,0,true,0.2357,0.0019,1930,8192,0.006,0.006,47.95,0.006,0,0,0.0005,0.0005,0.29,0.0,25.0,21.0,1781033927253186468
1781033927359157472,31,0,8,0,true,0.2359,0.0021,1932,8192,0.007,0.007,47.95,0.007,0,0,0.0006,0.0006,0.32,0.0,25.0,21.0,1781033927347150172
1781033927460851391,31,0,8,0,true,0.2361,0.0019,1933,8192,0.007,0.007,47.95,0.007,0,0,0.0006,0.0006,0.32,0.0,25.0,21.0,1781033927454717094
1781033927560929082,31,0,8,0,true,0.2363,0.0019,1935,8192,0.007,0.007,47.95,0.007,0,0,0.0006,0.0006,0.34,0.0,25.0,21.0,1781033927542314205
1781033927661278640,31,0,8,0,true,0.2364,0.0019,1936,8192,0.007,0.007,47.95,0.007,0,0,0.0006,0.0006,0.33,0.0,25.0,21.0,1781033927637461364
1781033927758811080,31,0,8,0,true,0.2367,0.0019,1938,8192,0.007,0.007,47.95,0.007,0,0,0.0006,0.0006,0.34,0.0,25.0,21.0,1781033927754501031
1781033927861881456,31,0,8,0,true,0.2368,0.0019,1939,8192,0.006,0.006,47.95,0.006,0,0,0.0005,0.0005,0.3,0.0,25.0,21.0,1781033927833924707
1781033927959057914,31,0,8,0,true,0.237,0.0019,1941,8192,0.007,0.007,47.95,0.007,0,0,0.0006,0.0006,0.35,0.0,25.0,21.0,1781033927956308367
1781033928060874985,31,0,8,0,true,0.2372,0.0019,1943,8192,0.007,0.007,47.95,0.007,0,0,0.0006,0.0006,0.35,0.0,25.0,21.0,1781033928039494656
1781033928160883729,31,0,8,0,true,0.2374,0.0018,1944,8192,0.006,0.006,47.95,0.006,0,0,0.0005,0.0005,0.31,0.0,25.0,21.0,1781033928154205334
1781033928258762313,31,0,8,0,true,0.2376,0.002,1946,8192,0.007,0.007,47.95,0.007,0,0,0.0006,0.0006,0.33,0.0,25.0,21.0,1781033928253646162
1781033928360890247,31,0,8,0,true,0.2378,0.0019,1947,8192,0.007,0.007,47.95,0.007,0,0,0.0006,0.0006,0.35,0.0,25.0,21.0,1781033928350015058
1781033928460903270,31,0,8,0,true,0.238,0.002,1949,8192,0.007,0.007,47.95,0.007,0,0,0.0006,0.0006,0.33,0.0,25.0,21.0,1781033928447344234
1781033928564883717,31,0,8,0,true,0.2382,0.0021,1951,8192,0.007,0.007,47.95,0.007,0,0,0.0006,0.0006,0.34,0.0,25.0,21.0,1781033928551989010
1781033928668872695,31,0,8,0,true,0.2384,0.0019,1952,8192,0.008,0.008,47.95,0.008,0,0,0.0006,0.0006,0.37,0.0,25.0,21.0,1781033928652878608
1781033928766449977,31,0,8,0,true,0.2386,0.002,1954,8192,0.007,0.007,47.95,0.007,0,0,0.0006,0.0006,0.34,0.0,25.0,21.0,1781033928758086263
1781033928868862956,31,0,8,0,true,0.2388,0.0019,1955,8192,0.007,0.007,47.95,0.007,0,0,0.0006,0.0006,0.36,0.0,25.0,21.0,1781033928847398081
1781033928967869914,31,0,8,0,true,0.239,0.0018,1957,8192,0.007,0.007,47.95,0.007,0,0,0.0006,0.0006,0.34,0.0,25.0,21.0,1781033928960407067
1781033929066230435,31,0,8,0,true,0.2391,0.0021,1959,8192,0.007,0.007,47.95,0.007,0,0,0.0006,0.0006,0.35,0.0,25.0,21.0,1781033929045675491
1781033929168888375,31,0,8,0,true,0.2394,0.002,1960,8192,0.007,0.007,47.95,0.007,0,0,0.0006,0.0006,0.35,0.0,25.0,21.0,1781033929159886856
1781033929268863806,31,0,8,0,true,0.2395,0.0019,1962,8192,0.007,0.007,47.95,0.007,0,0,0.0006,0.0006,0.34,0.0,25.0,21.0,1781033929251522002
1781033929366134186,31,0,8,0,true,0.2397,0.0019,1963,8192,0.007,0.007,47.95,0.007,0,0,0.0006,0.0006,0.35,0.0,25.0,21.0,1781033929356772072
1781033929466253173,31,0,8,0,true,0.2399,0.0018,1965,8192,0.007,0.007,47.95,0.007,0,0,0.0006,0.0006,0.33,0.0,25.0,21.0,1781033929453834576
1781033929568878127,31,0,8,0,true,0.2401,0.0019,1967,8192,0.008,0.008,47.95,0.008,0,0,0.0007,0.0007,0.38,0.0,25.0,21.0,1781033929557621174
1781033929669818216,31,0,8,0,true,0.2403,0.0018,1968,8192,0.007,0.007,47.95,0.007,0,0,0.0006,0.0006,0.36,0.0,25.0,21.0,1781033929637986032
1781033929768871822,31,0,8,0,true,0.2405,0.0018,1969,8192,0.008,0.008,47.95,0.008,0,0,0.0006,0.0006,0.36,0.0,25.0,21.0,1781033929744350105
1781033929865661108,31,0,8,0,true,0.2407,0.0018,1971,8192,0.008,0.008,47.95,0.008,0,0,0.0006,0.0006,0.36,0.0,25.0,21.0,1781033929849808521
1781033929966220926,31,0,8,0,true,0.2408,0.0018,1972,8192,0.008,0.008,47.95,0.008,0,0,0.0006,0.0006,0.37,0.0,25.0,21.0,1781033929937229485
1781033930066466932,31,0,8,0,true,0.241,0.002,1974,8192,0.008,0.008,47.95,0.008,0,0,0.0006,0.0006,0.36,0.0,25.0,21.0,1781033930055322775
1781033930165931708,31,0,8,0,true,0.2412,0.0019,1976,8192,0.008,0.008,47.95,0.008,0,0,0.0006,0.0006,0.36,0.0,25.0,21.0,1781033930155491287
1781033930268858982,31,0,8,0,true,0.2414,0.0018,1977,8192,0.008,0.008,47.95,0.008,0,0,0.0006,0.0006,0.37,0.0,25.0,21.0,1781033930256252567
1781033930368844674,31,0,8,0,true,0.2416,0.0019,1979,8192,0.007,0.007,47.95,0.007,0,0,0.0006,0.0006,0.35,0.0,25.0,21.0,1781033930356629037
1781033930465659167,31,0,8,0,true,0.2418,0.0018,1980,8192,0.008,0.008,47.95,0.008,0,0,0.0006,0.0006,0.37,0.0,25.0,21.0,1781033930461235415
1781033930566000775,31,0,8,0,true,0.2419,0.002,1982,8192,0.008,0.008,47.95,0.008,0,0,0.0006,0.0006,0.37,0.0,25.0,21.0,1781033930538604958
1781033930668852001,31,0,8,0,true,0.2422,0.0019,1983,8192,0.008,0.008,47.95,0.008,0,0,0.0007,0.0007,0.39,0.0,25.0,21.0,1781033930657107727
1781033930766184330,31,0,8,0,true,0.2424,0.0018,1985,8192,0.008,0.008,47.95,0.008,0,0,0.0006,0.0006,0.37,0.0,25.0,21.0,1781033930759996842
1781033930868866463,31,0,8,0,true,0.2425,0.0019,1986,8192,0.008,0.008,47.95,0.008,0,0,0.0007,0.0007,0.39,0.0,25.0,21.0,1781033930848469440
1781033930965938512,31,0,8,0,true,0.2427,0.0018,1988,8192,0.008,0.008,47.95,0.008,0,0,0.0007,0.0007,0.38,0.0,25.0,21.0,1781033930949444583
1781033931068848034,31,0,8,0,true,0.2429,0.0019,1989,8192,0.008,0.008,47.95,0.008,0,0,0.0007,0.0007,0.4,0.0,25.0,21.0,1781033931057869852
1781033931166185932,31,0,8,0,true,0.2431,0.0019,1991,8192,0.008,0.008,47.95,0.008,0,0,0.0007,0.0007,0.38,0.0,25.0,21.0,1781033931165685113
1781033931266476452,31,0,8,0,true,0.2433,0.002,1993,8192,0.008,0.008,47.95,0.008,0,0,0.0007,0.0007,0.38,0.0,25.0,21.0,1781033931262338517
1781033931366426925,31,0,8,0,true,0.2434,0.0018,1994,8192,0.008,0.008,47.95,0.008,0,0,0.0007,0.0007,0.39,0.0,25.0,21.0,1781033931340661234
1781033931466150183,31,0,8,0,true,0.2437,0.0018,1996,8192,0.008,0.008,47.95,0.008,0,0,0.0006,0.0006,0.36,0.0,25.0,21.0,1781033931457513881
1781033931566104417,31,0,8,0,true,0.2438,0.0018,1997,8192,0.007,0.007,47.95,0.007,0,0,0.0006,0.0006,0.35,0.0,25.0,21.0,1781033931553975887
1781033931668871125,31,0,8,0,true,0.244,0.0018,1998,8192,0.007,0.007,47.95,0.007,0,0,0.0006,0.0006,0.35,0.0,25.0,21.0,1781033931656398982
1781033931768855161,31,0,8,0,true,0.2442,0.002,2000,8192,0.008,0.008,47.95,0.008,0,0,0.0007,0.0007,0.39,0.0,25.0,21.0,1781033931755836105
1781033931865944444,31,0,8,0,true,0.2444,0.0019,2002,8192,0.008,0.008,47.95,0.008,0,0,0.0007,0.0007,0.39,0.0,25.0,21.0,1781033931854924623
1781033931965746204,31,0,8,0,true,0.2446,0.0019,2003,8192,0.008,0.008,47.95,0.008,0,0,0.0007,0.0007,0.4,0.0,25.0,21.0,1781033931959239863
1781033932066401202,31,0,8,0,true,0.2448,0.0019,2005,8192,0.008,0.008,47.95,0.008,0,0,0.0007,0.0007,0.38,0.0,25.0,21.0,1781033932057981721
1781033932167926236,31,0,8,0,true,0.2449,0.0019,2006,8192,0.008,0.008,47.95,0.008,0,0,0.0007,0.0007,0.39,0.0,25.0,21.0,1781033932142205679
1781033932266003729,31,0,8,0,true,0.2451,0.0019,2008,8192,0.008,0.008,47.95,0.008,0,0,0.0007,0.0007,0.39,0.0,25.0,21.0,1781033932257235309
1781033932367137707,31,0,8,0,true,0.2454,0.0018,2009,8192,0.008,0.008,47.95,0.008,0,0,0.0007,0.0007,0.4,0.0,25.0,21.0,1781033932366277540
1781033932468864161,31,0,8,0,true,0.2455,0.002,2011,8192,0.008,0.008,47.95,0.008,0,0,0.0007,0.0007,0.39,0.0,25.0,21.0,1781033932457322987
1781033932566262323,31,0,8,0,true,0.2457,0.0019,2012,8192,0.008,0.008,47.95,0.008,0,0,0.0007,0.0007,0.39,0.0,25.0,21.0,1781033932554244586
1781033932665886470,31,0,8,0,true,0.2459,0.0018,2014,8192,0.008,0.008,47.95,0.008,0,0,0.0006,0.0006,0.37,0.0,25.0,21.0,1781033932636248543
1781033932766265789,31,0,8,0,true,0.2461,0.0019,2016,8192,0.008,0.008,47.95,0.008,0,0,0.0007,0.0007,0.39,0.0,25.0,21.0,1781033932765562746
1781033932868862077,31,0,8,0,true,0.2463,0.002,2017,8192,0.008,0.008,47.95,0.008,0,0,0.0007,0.0007,0.4,0.0,25.0,21.0,1781033932858001471
1781033932966769578,31,0,8,0,true,0.2465,0.0018,2018,8192,0.008,0.008,47.95,0.008,0,0,0.0006,0.0006,0.37,0.0,25.0,21.0,1781033932949649821
1781033933065579191,31,0,8,0,true,0.2466,0.0018,2020,8192,0.008,0.008,47.95,0.008,0,0,0.0007,0.0007,0.4,0.0,25.0,21.0,1781033933050036345
1781033933166172025,31,0,8,0,true,0.2468,0.0019,2021,8192,0.008,0.008,47.95,0.008,0,0,0.0007,0.0007,0.39,0.0,25.0,21.0,1781033933149262820
1781033933268857093,31,0,8,0,true,0.247,0.002,2023,8192,0.008,0.008,47.95,0.008,0,0,0.0007,0.0007,0.4,0.0,25.0,21.0,1781033933257164122
1781033933365570186,31,0,8,0,true,0.2472,0.0018,2024,8192,0.009,0.009,47.95,0.009,0,0,0.0007,0.0007,0.41,0.0,25.0,21.0,1781033933336933801
1781033933468430475,31,0,8,0,true,0.2474,0.0018,2026,8192,0.008,0.008,47.95,0.008,0,0,0.0007,0.0007,0.38,0.0,25.0,21.0,1781033933448065187
1781033933565669332,31,0,8,0,true,0.2476,0.0018,2028,8192,0.008,0.008,47.94,0.008,0,0,0.0007,0.0007,0.4,0.0,25.0,21.0,1781033933562073341
1781033933665494797,31,0,8,0,true,0.2478,0.0019,2029,8192,0.008,0.008,47.94,0.008,0,0,0.0007,0.0007,0.39,0.0,25.0,21.0,1781033933653083053
1781033933768862610,31,0,8,0,true,0.248,0.0019,2031,8192,0.008,0.008,47.94,0.008,0,0,0.0007,0.0007,0.39,0.0,25.0,21.0,1781033933757094590
1781033933866306169,31,0,8,0,true,0.2481,0.0018,2032,8192,0.009,0.009,47.94,0.009,0,0,0.0007,0.0007,0.42,0.0,25.0,21.0,1781033933863820234
1781033933966108790,31,0,8,0,true,0.2483,0.0019,2034,8192,0.009,0.009,47.94,0.009,0,0,0.0007,0.0007,0.42,0.0,25.0,21.0,1781033933962300707
1781033934067662954,31,0,8,0,true,0.2485,0.0018,2035,8192,0.008,0.008,47.94,0.008,0,0,0.0007,0.0007,0.38,0.0,25.0,21.0,1781033934055701328
1781033934166056033,31,0,8,0,true,0.2487,0.0018,2037,8192,0.008,0.008,47.94,0.008,0,0,0.0007,0.0007,0.38,0.0,25.0,21.0,1781033934156416775
1781033934266156747,31,0,8,0,true,0.2489,0.0018,2038,8192,0.008,0.008,47.94,0.008,0,0,0.0007,0.0007,0.39,0.0,25.0,21.0,1781033934263679279
1781033934367601596,31,0,8,0,true,0.2491,0.0018,2040,8192,0.009,0.009,47.94,0.009,0,0,0.0007,0.0007,0.42,0.0,25.0,21.0,1781033934360276093
1781033934466505214,31,0,8,0,true,0.2492,0.0019,2041,8192,0.008,0.008,47.94,0.008,0,0,0.0007,0.0007,0.4,0.0,25.0,21.0,1781033934453130064
1781033934566461411,31,0,8,0,true,0.2494,0.002,2043,8192,0.009,0.009,47.94,0.009,0,0,0.0007,0.0007,0.41,0.0,25.0,21.0,1781033934557435477
1781033934666886528,31,0,8,0,true,0.2496,0.0018,2044,8192,0.009,0.009,47.94,0.009,0,0,0.0007,0.0007,0.42,0.0,25.0,21.0,1781033934654580876
1781033934766151878,31,0,8,0,true,0.2498,0.0018,2046,8192,0.009,0.009,47.94,0.009,0,0,0.0007,0.0007,0.42,0.0,25.0,21.0,1781033934746037772
1781033934865943651,31,0,8,0,true,0.25,0.0018,2047,8192,0.009,0.009,47.94,0.009,0,0,0.0007,0.0007,0.43,0.0,25.0,21.0,1781033934865011827
1781033934966666522,31,0,8,0,true,0.2502,0.0018,2049,8192,0.008,0.008,47.94,0.008,0,0,0.0007,0.0007,0.39,0.0,25.0,21.0,1781033934959902940
1781033935066163799,31,0,8,0,true,0.2503,0.0018,2050,8192,0.008,0.008,47.94,0.008,0,0,0.0007,0.0007,0.39,0.0,25.0,21.0,1781033935049233481
1781033935167010949,31,0,8,0,true,0.2505,0.0019,2052,8192,0.009,0.009,47.94,0.009,0,0,0.0007,0.0007,0.41,0.0,25.0,21.0,1781033935151306699
1781033935265451650,31,0,8,0,true,0.2507,0.0019,2053,8192,0.009,0.009,47.94,0.009,0,0,0.0007,0.0007,0.42,0.0,25.0,21.0,1781033935265062537
1781033935366220730,31,0,8,0,true,0.2509,0.002,2055,8192,0.009,0.009,47.94,0.009,0,0,0.0007,0.0007,0.42,0.0,25.0,21.0,1781033935354488900
1781033935466243566,31,0,8,0,true,0.2511,0.0018,2056,8192,0.009,0.009,47.94,0.009,0,0,0.0007,0.0007,0.41,0.0,25.0,21.0,1781033935454060150
1781033935566163910,31,0,8,0,true,0.2512,0.0018,2058,8192,0.009,0.009,47.94,0.009,0,0,0.0007,0.0007,0.42,0.0,25.0,21.0,1781033935536123622
1781033935666159554,31,0,8,0,true,0.2514,0.0018,2059,8192,0.008,0.008,47.94,0.008,0,0,0.0007,0.0007,0.4,0.0,25.0,21.0,1781033935648388964
1781033935765676539,31,0,8,0,true,0.2516,0.0018,2061,8192,0.008,0.008,47.94,0.008,0,0,0.0007,0.0007,0.39,0.0,25.0,21.0,1781033935748607674
1781033935866015424,31,0,8,0,true,0.2518,0.0018,2062,8192,0.008,0.008,47.94,0.008,0,0,0.0007,0.0007,0.4,0.0,25.0,21.0,1781033935834917875
1781033935965873811,31,0,8,0,true,0.252,0.0018,2064,8192,0.008,0.008,47.94,0.008,0,0,0.0007,0.0007,0.4,0.0,25.0,21.0,1781033935956219579
1781033936065611255,31,0,8,0,true,0.2522,0.0018,2066,8192,0.008,0.008,47.94,0.008,0,0,0.0007,0.0007,0.4,0.0,25.0,21.0,1781033936063074324
1781033936166185929,31,0,8,0,true,0.2523,0.0018,2067,8192,0.009,0.009,47.94,0.009,0,0,0.0007,0.0007,0.43,0.0,25.0,21.0,1781033936145451731
1781033936265929223,31,0,8,0,true,0.2526,0.0019,2068,8192,0.009,0.009,47.94,0.009,0,0,0.0007,0.0007,0.41,0.0,25.0,21.0,1781033936259729785
1781033936365628178,31,0,8,0,true,0.2527,0.0019,2070,8192,0.009,0.009,47.94,0.009,0,0,0.0007,0.0007,0.42,0.0,25.0,21.0,1781033936352979156
1781033936465626895,31,0,8,0,true,0.2529,0.0018,2071,8192,0.008,0.008,47.94,0.008,0,0,0.0007,0.0007,0.4,0.0,25.0,21.0,1781033936459307034
1781033936566375317,31,0,8,0,true,0.2531,0.0019,2073,8192,0.009,0.009,47.94,0.009,0,0,0.0007,0.0007,0.42,0.0,25.0,21.0,1781033936558196676
1781033936665452826,31,0,8,0,true,0.2533,0.0018,2075,8192,0.009,0.009,47.94,0.009,0,0,0.0007,0.0007,0.43,0.0,25.0,21.0,1781033936665085333
1781033936771171118,31,0,8,0,true,0.2535,0.0018,2076,8192,0.009,0.009,47.94,0.009,0,0,0.0007,0.0007,0.42,0.0,25.0,21.0,1781033936761010467
1781033936872426750,31,0,8,0,true,0.2537,0.0019,2077,8192,0.009,0.009,47.94,0.009,0,0,0.0007,0.0007,0.42,0.0,25.0,21.0,1781033936859972483
1781033936972117307,31,0,8,0,true,0.2538,0.0018,2079,8192,0.009,0.009,47.94,0.009,0,0,0.0007,0.0007,0.42,0.0,25.0,21.0,1781033936953417918
1781033937076998991,31,0,8,0,true,0.254,0.0018,2080,8192,0.009,0.009,47.94,0.009,0,0,0.0007,0.0007,0.43,0.0,25.0,21.0,1781033937059214896
1781033937178157958,31,0,8,0,true,0.2542,0.0019,2082,8192,0.009,0.009,47.94,0.009,0,0,0.0007,0.0007,0.42,0.0,25.0,21.0,1781033937161309757
1781033937277752293,31,0,8,0,true,0.2544,0.0018,2084,8192,0.008,0.008,47.94,0.008,0,0,0.0007,0.0007,0.4,0.0,25.0,21.0,1781033937275128675
1781033937380881485,31,0,8,0,true,0.2546,0.0019,2085,8192,0.009,0.009,47.94,0.009,0,0,0.0007,0.0007,0.42,0.0,25.0,21.0,1781033937366462174
1781033937477523535,31,0,8,0,true,0.2548,0.0018,2087,8192,0.009,0.009,47.94,0.009,0,0,0.0008,0.0008,0.43,0.0,25.0,21.0,1781033937471785095
1781033937577905132,31,0,8,0,true,0.255,0.0019,2088,8192,0.009,0.009,47.94,0.009,0,0,0.0007,0.0007,0.43,0.0,25.0,21.0,1781033937577198998
1781033937678194267,31,0,8,0,true,0.2551,0.0018,2090,8192,0.009,0.009,47.94,0.009,0,0,0.0008,0.0008,0.43,0.0,25.0,21.0,1781033937674043491
1781033937780896000,31,0,8,0,true,0.2553,0.002,2091,8192,0.009,0.009,47.94,0.009,0,0,0.0007,0.0007,0.43,0.0,25.0,21.0,1781033937763713421
1781033937877587911,31,0,8,0,true,0.2555,0.0018,2093,8192,0.009,0.009,47.94,0.009,0,0,0.0007,0.0007,0.41,0.0,25.0,21.0,1781033937871779866
1781033937981187335,31,0,8,0,true,0.2557,0.0019,2094,8192,0.009,0.009,47.94,0.009,0,0,0.0007,0.0007,0.43,0.0,25.0,21.0,1781033937975829187
1781033938077768224,31,0,8,0,true,0.2559,0.0019,2096,8192,0.009,0.009,47.94,0.009,0,0,0.0007,0.0007,0.42,0.0,25.0,21.0,1781033938075890361
1781033938177531942,31,0,8,0,true,0.2561,0.0019,2097,8192,0.009,0.009,47.94,0.009,0,0,0.0007,0.0007,0.43,0.0,25.0,21.0,1781033938176744528
1781033938277800706,31,0,8,0,true,0.2562,0.0018,2099,8192,0.009,0.009,47.94,0.009,0,0,0.0008,0.0008,0.44,0.0,25.0,21.0,1781033938263670238
1781033938380852167,31,0,8,0,true,0.2564,0.0019,2100,8192,0.009,0.009,47.94,0.009,0,0,0.0007,0.0007,0.42,0.0,25.0,21.0,1781033938371665802
1781033938477824974,31,0,8,0,true,0.2566,0.0018,2101,8192,0.009,0.009,47.94,0.009,0,0,0.0008,0.0008,0.43,0.0,25.0,21.0,1781033938453208765
1781033938579030275,31,0,8,0,true,0.2568,0.0018,2103,8192,0.009,0.009,47.94,0.009,0,0,0.0008,0.0008,0.44,0.0,25.0,21.0,1781033938578141578
1781033938678061240,31,0,8,0,true,0.257,0.0018,2105,8192,0.009,0.009,47.94,0.009,0,0,0.0007,0.0007,0.41,0.0,25.0,21.0,1781033938673050688
1781033938778008110,31,0,8,0,true,0.2571,0.0018,2106,8192,0.009,0.009,47.94,0.009,0,0,0.0007,0.0007,0.41,0.0,25.0,21.0,1781033938762478279
1781033938878486697,31,0,8,0,true,0.2573,0.0018,2107,8192,0.009,0.009,47.94,0.009,0,0,0.0008,0.0008,0.44,0.0,25.0,21.0,1781033938856125954
1781033938977485253,31,0,8,0,true,0.2575,0.0018,2109,8192,0.009,0.009,47.94,0.009,0,0,0.0008,0.0008,0.43,0.0,25.0,21.0,1781033938972318899
1781033939077819131,31,0,8,0,true,0.2577,0.0018,2110,8192,0.009,0.009,47.94,0.009,0,0,0.0007,0.0007,0.41,0.0,25.0,21.0,1781033939059761806
1781033939177848833,31,0,8,0,true,0.2578,0.0018,2112,8192,0.009,0.009,47.94,0.009,0,0,0.0008,0.0008,0.44,0.0,25.0,21.0,1781033939150144342
1781033939280899496,31,0,8,0,true,0.2581,0.0019,2113,8192,0.009,0.009,47.94,0.009,0,0,0.0007,0.0007,0.43,0.0,25.0,21.0,1781033939260588671
1781033939380883793,31,0,8,0,true,0.2582,0.0018,2115,8192,0.009,0.009,47.94,0.009,0,0,0.0007,0.0007,0.41,0.0,25.0,21.0,1781033939365675882
1781033939478078754,31,0,8,0,true,0.2584,0.0018,2116,8192,0.009,0.009,47.94,0.009,0,0,0.0007,0.0007,0.41,0.0,25.0,21.0,1781033939448432932
1781033939580880749,31,0,8,0,true,0.2586,0.0019,2118,8192,0.009,0.009,47.94,0.009,0,0,0.0007,0.0007,0.43,0.0,25.0,21.0,1781033939573058112
1781033939678083669,31,0,8,0,true,0.2588,0.0018,2120,8192,0.009,0.009,47.94,0.009,0,0,0.0007,0.0007,0.42,0.0,25.0,21.0,1781033939668703502
1781033939777663791,31,0,8,0,true,0.2589,0.0018,2121,8192,0.009,0.009,47.94,0.009,0,0,0.0008,0.0008,0.44,0.0,25.0,21.0,1781033939753761466
1781033939877600355,31,0,8,0,true,0.2592,0.0018,2123,8192,0.009,0.009,47.94,0.009,0,0,0.0007,0.0007,0.43,0.0,25.0,21.0,1781033939872622379
1781033939977527540,31,0,8,0,true,0.2593,0.0018,2124,8192,0.009,0.009,47.94,0.009,0,0,0.0007,0.0007,0.42,0.0,25.0,21.0,1781033939957725027
1781033940077474003,31,0,8,0,true,0.2595,0.0018,2125,8192,0.009,0.009,47.94,0.009,0,0,0.0007,0.0007,0.42,0.0,25.0,21.0,1781033940051080721
1781033940178485638,31,0,8,0,true,0.2597,0.0019,2127,8192,0.009,0.009,47.94,0.009,0,0,0.0007,0.0007,0.43,0.0,25.0,21.0,1781033940175695525
1781033940277754728,31,0,8,0,true,0.2599,0.0018,2129,8192,0.009,0.009,47.94,0.009,0,0,0.0007,0.0007,0.42,0.0,25.0,21.0,1781033940272935729
1781033940377435320,31,0,8,0,true,0.2601,0.0018,2130,8192,0.009,0.009,47.94,0.009,0,0,0.0008,0.0008,0.44,0.0,25.0,21.0,1781033940369484839
1781033940479882268,31,0,8,0,true,0.2603,0.0018,2132,8192,0.009,0.009,47.94,0.009,0,0,0.0008,0.0008,0.44,0.0,25.0,21.0,1781033940479209173
1781033940580899250,31,0,8,0,true,0.2604,0.0018,2133,8192,0.009,0.009,47.94,0.009,0,0,0.0008,0.0008,0.44,0.0,25.0,21.0,1781033940559847014
1781033940677991660,31,0,8,0,true,0.2606,0.0018,2134,8192,0.009,0.009,47.94,0.009,0,0,0.0007,0.0007,0.42,0.0,25.0,21.0,1781033940669785365
1781033940777962293,31,0,8,0,true,0.2608,0.0018,2136,8192,0.009,0.009,47.94,0.009,0,0,0.0008,0.0008,0.44,0.0,25.0,21.0,1781033940752333639
1781033940880870448,31,0,8,0,true,0.261,0.0018,2138,8192,0.009,0.009,47.94,0.009,0,0,0.0008,0.0008,0.44,0.0,25.0,21.0,1781033940875816694
1781033940980895003,31,0,8,0,true,0.2612,0.0018,2139,8192,0.009,0.009,47.94,0.009,0,0,0.0008,0.0008,0.44,0.0,25.0,21.0,1781033940966802625
1781033941078129427,31,0,8,0,true,0.2613,0.0019,2140,8192,0.009,0.009,47.94,0.009,0,0,0.0008,0.0008,0.43,0.0,25.0,21.0,1781033941069996225
1781033941178127885,31,0,8,0,true,0.2615,0.0018,2142,8192,0.009,0.009,47.94,0.009,0,0,0.0007,0.0007,0.43,0.0,25.0,21.0,1781033941170588382
1781033941277565262,31,0,8,0,true,0.2617,0.0018,2143,8192,0.009,0.009,47.94,0.009,0,0,0.0007,0.0007,0.42,0.0,25.0,21.0,1781033941253296296
1781033941378507398,31,0,8,0,true,0.2619,0.0018,2145,8192,0.009,0.009,47.94,0.009,0,0,0.0008,0.0008,0.44,0.0,25.0,21.0,1781033941350486318
1781033941478370142,31,0,8,0,true,0.2621,0.0019,2146,8192,0.009,0.009,47.94,0.009,0,0,0.0008,0.0008,0.43,0.0,25.0,21.0,1781033941470963035
1781033941580890123,31,0,8,0,true,0.2622,0.0018,2148,8192,0.009,0.009,47.94,0.009,0,0,0.0007,0.0007,0.42,0.0,25.0,21.0,1781033941551799036
1781033941678250396,31,0,8,0,true,0.2624,0.0018,2149,8192,0.009,0.009,47.94,0.009,0,0,0.0008,0.0008,0.44,0.0,25.0,21.0,1781033941672845898
1781033941780866556,31,0,8,0,true,0.2626,0.0018,2151,8192,0.009,0.009,47.94,0.009,0,0,0.0008,0.0008,0.44,0.0,25.0,21.0,1781033941773116924
1781033941877525241,31,0,8,0,true,0.2628,0.0018,2152,8192,0.009,0.009,47.94,0.009,0,0,0.0007,0.0007,0.43,0.0,25.0,21.0,1781033941874236635
1781033941977889440,31,0,8,0,true,0.263,0.0019,2154,8192,0.009,0.009,47.94,0.009,0,0,0.0008,0.0008,0.43,0.0,25.0,21.0,1781033941961434074
1781033942077454272,31,0,8,0,true,0.2632,0.0018,2155,8192,0.009,0.009,47.94,0.009,0,0,0.0008,0.0008,0.44,0.0,25.0,21.0,1781033942072332927
1781033942180843393,31,0,8,0,true,0.2633,0.0019,2157,8192,0.009,0.009,47.94,0.009,0,0,0.0008,0.0008,0.43,0.0,25.0,21.0,1781033942167146461
1781033942277853960,31,0,8,0,true,0.2635,0.0019,2158,8192,0.009,0.009,47.94,0.009,0,0,0.0008,0.0008,0.44,0.0,25.0,21.0,1781033942274539691
1781033942377463853,31,0,8,0,true,0.2637,0.0018,2160,8192,0.009,0.009,47.94,0.009,0,0,0.0007,0.0007,0.42,0.0,25.0,21.0,1781033942372691340
1781033942478382776,31,0,8,0,true,0.2639,0.0018,2161,8192,0.009,0.009,47.94,0.009,0,0,0.0007,0.0007,0.42,0.0,25.0,21.0,1781033942467569160
1781033942577490395,31,0,8,0,true,0.2641,0.0018,2163,8192,0.009,0.009,47.94,0.009,0,0,0.0008,0.0008,0.44,0.0,25.0,21.0,1781033942557869755
1781033942677789295,31,0,8,0,true,0.2643,0.0018,2164,8192,0.009,0.009,47.94,0.009,0,0,0.0007,0.0007,0.42,0.0,25.0,21.0,1781033942671262864
1781033942778024852,31,0,8,0,true,0.2644,0.0018,2166,8192,0.009,0.009,47.94,0.009,0,0,0.0008,0.0008,0.44,0.0,25.0,21.0,1781033942773060737
1781033942878090028,31,0,8,0,true,0.2646,0.0019,2167,8192,0.009,0.009,47.94,0.009,0,0,0.0008,0.0008,0.44,0.0,25.0,21.0,1781033942861371103
1781033942978330357,31,0,8,0,true,0.2648,0.0019,2169,8192,0.009,0.009,47.94,0.009,0,0,0.0008,0.0008,0.44,0.0,25.0,21.0,1781033942975946401
1781033943077942566,31,0,8,0,true,0.265,0.0019,2170,8192,0.009,0.009,47.94,0.009,0,0,0.0008,0.0008,0.44,0.0,25.0,21.0,1781033943077207383
1781033943178015534,31,0,8,0,true,0.2651,0.0018,2172,8192,0.009,0.009,47.94,0.009,0,0,0.0007,0.0007,0.43,0.0,25.0,21.0,1781033943157152052
1781033943277544728,31,0,8,0,true,0.2654,0.0018,2173,8192,0.009,0.009,47.94,0.009,0,0,0.0008,0.0008,0.44,0.0,25.0,21.0,1781033943275772585
1781033943377427494,31,0,8,0,true,0.2655,0.0018,2175,8192,0.009,0.009,47.94,0.009,0,0,0.0008,0.0008,0.44,0.0,25.0,21.0,1781033943361092473
1781033943477468934,31,0,8,0,true,0.2657,0.0018,2176,8192,0.009,0.009,47.94,0.009,0,0,0.0008,0.0008,0.43,0.0,25.0,21.0,1781033943456537430
1781033943580960878,31,0,8,0,true,0.2659,0.0018,2178,8192,0.009,0.009,47.94,0.009,0,0,0.0007,0.0007,0.43,0.0,25.0,21.0,1781033943569929128
1781033943684848682,31,0,8,0,true,0.2661,0.0019,2179,8192,0.009,0.009,47.94,0.009,0,0,0.0008,0.0008,0.44,0.0,25.0,21.0,1781033943673056545
1781033943785943267,31,0,8,0,true,0.2663,0.0019,2181,8192,0.009,0.009,47.94,0.009,0,0,0.0008,0.0008,0.44,0.0,25.0,21.0,1781033943776921430
1781033943885898760,31,0,8,0,true,0.2664,0.0018,2182,8192,0.009,0.009,47.94,0.009,0,0,0.0008,0.0008,0.44,0.0,25.0,21.0,1781033943862815129
1781033943985856188,31,0,8,0,true,0.2666,0.0019,2184,8192,0.009,0.009,47.94,0.009,0,0,0.0008,0.0008,0.44,0.0,25.0,21.0,1781033943965204078
1781033944088877324,31,0,8,0,true,0.2668,0.0018,2185,8192,0.009,0.009,47.94,0.009,0,0,0.0008,0.0008,0.44,0.0,25.0,21.0,1781033944075794065
1781033944186164686,31,0,8,0,true,0.267,0.0019,2187,8192,0.009,0.009,47.94,0.009,0,0,0.0008,0.0008,0.44,0.0,25.0,21.0,1781033944181932827
1781033944288868469,31,0,8,0,true,0.2672,0.0018,2188,8192,0.009,0.009,47.94,0.009,0,0,0.0007,0.0007,0.43,0.0,25.0,21.0,1781033944274190764
1781033944388872114,31,0,8,0,true,0.2674,0.0019,2190,8192,0.009,0.009,47.94,0.009,0,0,0.0008,0.0008,0.44,0.0,25.0,21.0,1781033944378784040
1781033944486447343,31,0,8,0,true,0.2675,0.0014,2191,8192,0.007,0.007,47.94,0.007,0,0,0.0006,0.0006,0.33,0.0,25.0,21.0,1781033944484430064
1781033944585993265,31,0,8,0,true,0.2677,0.0014,2192,8192,0.005,0.005,47.94,0.005,0,0,0.0004,0.0004,0.25,0.0,25.0,21.0,1781033944575939969
1781033944686127284,31,0,8,0,true,0.2678,0.0013,2193,8192,0.004,0.004,47.94,0.004,0,0,0.0004,0.0004,0.21,0.0,25.0,21.0,1781033944686554694
1781033944788853113,31,0,8,0,true,0.2679,0.0012,2194,8192,0.002,0.002,47.94,0.002,0,0,0.0001,0.0001,0.08,0.0,25.0,21.0,1781033944768886412
1781033944886050036,31,0,8,0,true,0.268,0.0012,2195,8192,0.001,0.001,47.94,0.001,0,0,0.0001,0.0001,0.06,0.0,25.0,21.0,1781033944875083630
1781033944985967620,31,0,8,0,true,0.2682,0.0012,2196,8192,0.001,0.001,47.94,0.001,0,0,0.0001,0.0001,0.04,0.0,25.0,21.0,1781033944967661329
1781033945088860176,31,0,8,0,true,0.2683,0.001,2197,8192,0.006,0.006,47.94,0.006,0,0,0.0005,0.0005,0.28,0.0,25.0,21.0,1781033945081845573
1781033945188888783,31,0,8,0,true,0.2684,0.001,2198,8192,0.001,0.001,47.94,0.001,0,0,0.0001,0.0001,0.05,0.0,25.0,21.0,1781033945177372796
1781033945286162274,31,0,8,0,true,0.2685,0.001,2199,8192,0.004,0.004,47.94,0.004,0,0,0.0003,0.0003,0.19,0.0,25.0,21.0,1781033945275067366
1781033945386344371,31,0,8,0,true,0.2685,0.0009,2199,8192,0.008,0.008,47.94,0.008,0,0,0.0007,0.0007,0.4,0.0,25.0,21.0,1781033945360458050
1781033945486534961,31,0,8,0,true,0.2687,0.0012,2200,8192,0.003,0.003,47.94,0.003,0,0,0.0002,0.0002,0.13,0.0,25.0,21.0,1781033945476770670
1781033945586121937,31,0,8,0,true,0.2688,0.0011,2201,8192,0.003,0.003,47.94,0.003,0,0,0.0002,0.0002,0.14,0.0,25.0,21.0,1781033945571667904
1781033945686277766,31,0,8,0,true,0.2689,0.0012,2202,8192,0.003,0.003,47.94,0.003,0,0,0.0002,0.0002,0.13,0.0,25.0,21.0,1781033945677093970
1781033945788857227,31,0,8,0,true,0.269,0.0012,2203,8192,0.003,0.003,47.94,0.003,0,0,0.0002,0.0002,0.14,0.0,25.0,21.0,1781033945769197425
1781033945886621326,31,0,8,0,true,0.2691,0.0012,2204,8192,0.003,0.003,47.94,0.003,0,0,0.0002,0.0002,0.14,0.0,25.0,21.0,1781033945882609132
1781033945985978440,31,0,8,0,true,0.2693,0.0012,2205,8192,0.003,0.003,47.94,0.003,0,0,0.0003,0.0003,0.17,0.0,25.0,21.0,1781033945978716571
1781033946086046652,31,0,8,0,true,0.2694,0.0011,2206,8192,0.003,0.003,47.94,0.003,0,0,0.0003,0.0003,0.15,0.0,25.0,21.0,1781033946077124851
1781033946186083876,31,0,8,0,true,0.2695,0.0011,2207,8192,0.003,0.003,47.94,0.003,0,0,0.0003,0.0003,0.17,0.0,25.0,21.0,1781033946166008156
1781033946288866519,31,0,8,0,true,0.2696,0.0012,2208,8192,0.003,0.003,47.94,0.003,0,0,0.0003,0.0003,0.15,0.0,25.0,21.0,1781033946264127272
1781033946387932692,31,0,8,0,true,0.2697,0.0012,2209,8192,0.003,0.003,47.94,0.003,0,0,0.0003,0.0003,0.16,0.0,25.0,21.0,1781033946374928002
1781033946486151644,31,0,8,0,true,0.2698,0.0011,2210,8192,0.004,0.004,47.94,0.004,0,0,0.0003,0.0003,0.18,0.0,25.0,21.0,1781033946456661998
1781033946587311918,31,0,8,0,true,0.2699,0.0011,2211,8192,0.004,0.004,47.94,0.004,0,0,0.0003,0.0003,0.17,0.0,25.0,21.0,1781033946558604343
1781033946685518038,31,0,8,0,true,0.2701,0.0011,2212,8192,0.004,0.004,47.94,0.004,0,0,0.0003,0.0003,0.18,0.0,25.0,21.0,1781033946682178443
1781033946788865623,31,0,8,0,true,0.2702,0.0012,2213,8192,0.004,0.004,47.94,0.004,0,0,0.0003,0.0003,0.18,0.0,25.0,21.0,1781033946780538008
1781033946888870834,31,0,8,0,true,0.2703,0.0011,2214,8192,0.004,0.004,47.94,0.004,0,0,0.0003,0.0003,0.18,0.0,25.0,21.0,1781033946874045028
1781033946985863701,31,0,8,0,true,0.2704,0.0012,2215,8192,0.004,0.004,47.94,0.004,0,0,0.0003,0.0003,0.17,0.0,25.0,21.0,1781033946982850043
1781033947088862656,31,0,8,0,true,0.2705,0.0012,2216,8192,0.004,0.004,47.94,0.004,0,0,0.0003,0.0003,0.18,0.0,25.0,21.0,1781033947072058015
1781033947188872704,31,0,8,0,true,0.2706,0.0011,2217,8192,0.004,0.004,47.94,0.004,0,0,0.0003,0.0003,0.19,0.0,25.0,21.0,1781033947178471192
1781033947286166509,31,0,8,0,true,0.2707,0.0011,2217,8192,0.004,0.004,47.94,0.004,0,0,0.0003,0.0003,0.19,0.0,25.0,21.0,1781033947263428647
1781033947386021218,31,0,8,0,true,0.2708,0.0011,2218,8192,0.004,0.004,47.94,0.004,0,0,0.0003,0.0003,0.2,0.0,25.0,21.0,1781033947361475719
1781033947492875317,31,0,8,0,true,0.271,0.0012,2219,8192,0.004,0.004,47.94,0.004,0,0,0.0003,0.0003,0.19,0.0,25.0,21.0,1781033947481820431
1781033947601006480,31,0,8,0,true,0.2711,0.0011,2220,8192,0.004,0.004,47.94,0.004,0,0,0.0004,0.0004,0.21,0.0,25.0,21.0,1781033947581991192
1781033947701944331,31,0,8,0,true,0.2712,0.0011,2221,8192,0.004,0.004,47.94,0.004,0,0,0.0004,0.0004,0.22,0.0,25.0,21.0,1781033947699332396
1781033947802451325,31,0,8,0,true,0.2713,0.0012,2222,8192,0.004,0.004,47.94,0.004,0,0,0.0003,0.0003,0.2,0.0,25.0,21.0,1781033947791068158
1781033947902013423,31,0,8,0,true,0.2715,0.0011,2223,8192,0.005,0.005,47.94,0.005,0,0,0.0004,0.0004,0.22,0.0,25.0,21.0,1781033947897066672
1781033948001539629,31,0,8,0,true,0.2716,0.0011,2224,8192,0.005,0.005,47.94,0.005,0,0,0.0004,0.0004,0.22,0.0,25.0,21.0,1781033948000434021
1781033948101821816,31,0,8,0,true,0.2717,0.0011,2225,8192,0.005,0.005,47.94,0.005,0,0,0.0004,0.0004,0.23,0.0,25.0,21.0,1781033948099126991
1781033948202073988,31,0,8,0,true,0.2718,0.0012,2226,8192,0.004,0.004,47.94,0.004,0,0,0.0004,0.0004,0.21,0.0,25.0,21.0,1781033948189959544
1781033948303953441,31,0,8,0,true,0.2719,0.0011,2227,8192,0.005,0.005,47.94,0.005,0,0,0.0004,0.0004,0.23,0.0,25.0,21.0,1781033948300125817
1781033948404853239,31,0,8,0,true,0.272,0.0012,2228,8192,0.004,0.004,47.94,0.004,0,0,0.0004,0.0004,0.21,0.0,25.0,21.0,1781033948396458091
1781033948501909391,31,0,8,0,true,0.2721,0.0011,2229,8192,0.005,0.005,47.94,0.005,0,0,0.0004,0.0004,0.23,0.0,25.0,21.0,1781033948491613040
1781033948601773008,31,0,8,0,true,0.2723,0.0012,2230,8192,0.005,0.005,47.94,0.005,0,0,0.0004,0.0004,0.22,0.0,25.0,21.0,1781033948591866055
1781033948704868971,31,0,8,0,true,0.2724,0.0012,2231,8192,0.005,0.005,47.94,0.005,0,0,0.0004,0.0004,0.22,0.0,25.0,21.0,1781033948688561628
1781033948804861237,31,0,8,0,true,0.2725,0.0011,2232,8192,0.005,0.005,47.94,0.005,0,0,0.0004,0.0004,0.24,0.0,25.0,21.0,1781033948796236315
1781033948902012377,31,0,8,0,true,0.2726,0.0012,2233,8192,0.005,0.005,47.94,0.005,0,0,0.0004,0.0004,0.23,0.0,25.0,21.0,1781033948897185857
1781033949001646618,31,0,8,0,true,0.2727,0.0011,2234,8192,0.005,0.005,47.94,0.005,0,0,0.0004,0.0004,0.25,0.0,25.0,21.0,1781033948986243194
1781033949101634308,31,0,8,0,true,0.2728,0.0011,2234,8192,0.005,0.005,47.94,0.005,0,0,0.0004,0.0004,0.24,0.0,25.0,21.0,1781033949075483630
1781033949202368296,31,0,8,0,true,0.273,0.0012,2236,8192,0.005,0.005,47.94,0.005,0,0,0.0004,0.0004,0.23,0.0,25.0,21.0,1781033949194364864
1781033949302240425,31,0,8,0,true,0.2731,0.0011,2236,8192,0.006,0.006,47.94,0.006,0,0,0.0005,0.0005,0.28,0.0,25.0,21.0,1781033949299554734
1781033949402570359,31,0,8,0,true,0.2732,0.0012,2237,8192,0.005,0.005,47.94,0.005,0,0,0.0004,0.0004,0.25,0.0,25.0,21.0,1781033949400618120
1781033949504865157,31,0,8,0,true,0.2733,0.0011,2238,8192,0.005,0.005,47.94,0.005,0,0,0.0004,0.0004,0.26,0.0,25.0,21.0,1781033949497193019
1781033949601850499,31,0,8,0,true,0.2734,0.0012,2239,8192,0.005,0.005,47.94,0.005,0,0,0.0004,0.0004,0.25,0.0,25.0,21.0,1781033949580712365
1781033949701564937,31,0,8,0,true,0.2735,0.0011,2240,8192,0.006,0.006,47.94,0.006,0,0,0.0005,0.0005,0.26,0.0,25.0,21.0,1781033949688662476
1781033949802313715,31,0,8,0,true,0.2736,0.0011,2241,8192,0.005,0.005,47.94,0.005,0,0,0.0004,0.0004,0.26,0.0,25.0,21.0,1781033949796995577
1781033949902195723,31,0,8,0,true,0.2737,0.0011,2242,8192,0.006,0.006,47.94,0.006,0,0,0.0005,0.0005,0.27,0.0,25.0,21.0,1781033949882457701
1781033950004856037,31,0,8,0,true,0.2738,0.0011,2243,8192,0.006,0.006,47.94,0.006,0,0,0.0005,0.0005,0.27,0.0,25.0,21.0,1781033949988914422
1781033950102092824,31,0,8,0,true,0.274,0.0012,2244,8192,0.005,0.005,47.94,0.005,0,0,0.0004,0.0004,0.25,0.0,25.0,21.0,1781033950094672265
1781033950204859109,31,0,8,0,true,0.2741,0.0011,2245,8192,0.006,0.006,47.94,0.006,0,0,0.0005,0.0005,0.27,0.0,25.0,21.0,1781033950193817751
1781033950302687777,31,0,8,0,true,0.2742,0.0011,2246,8192,0.006,0.006,47.94,0.006,0,0,0.0005,0.0005,0.27,0.0,25.0,21.0,1781033950292875240
1781033950401777157,31,0,8,0,true,0.2743,0.0011,2247,8192,0.006,0.006,47.94,0.006,0,0,0.0005,0.0005,0.27,0.0,25.0,21.0,1781033950399820276
1781033950502064360,31,0,8,0,true,0.2744,0.0011,2248,8192,0.006,0.006,47.94,0.006,0,0,0.0005,0.0005,0.27,0.0,25.0,21.0,1781033950489674363
1781033950603420711,31,0,8,0,true,0.2745,0.0011,2248,8192,0.006,0.006,47.94,0.006,0,0,0.0005,0.0005,0.28,0.0,25.0,21.0,1781033950593409675
1781033950702427181,31,0,8,0,true,0.2747,0.0012,2249,8192,0.005,0.005,47.94,0.005,0,0,0.0005,0.0005,0.26,0.0,25.0,21.0,1781033950697405663
1781033950801972259,31,0,8,0,true,0.2747,0.0011,2250,8192,0.006,0.006,47.94,0.006,0,0,0.0005,0.0005,0.27,0.0,25.0,21.0,1781033950777736645
1781033950901459408,31,0,8,0,true,0.2749,0.0011,2251,8192,0.006,0.006,47.94,0.006,0,0,0.0005,0.0005,0.27,0.0,25.0,21.0,1781033950901044883
1781033951002372355,31,0,8,0,true,0.275,0.0011,2252,8192,0.006,0.006,47.94,0.006,0,0,0.0005,0.0005,0.28,0.0,25.0,21.0,1781033950996184075
