timestamp_ns,activated,going_to_position,status,object_status,fault,position_request_echo,position,current_raw,current_a,link_up,timestamp_ns
1781033183560359061,,,,,,,,,,,
1781033183660363146,,,,,,,,,,,
1781033183760872848,,,,,,,,,,,
1781033183860398281,,,,,,,,,,,
1781033183960932563,,,,,,,,,,,
1781033184061386551,,,,,,,,,,,
1781033184160935533,,,,,,,,,,,
1781033184261306005,,,,,,,,,,,
1781033184360410463,,,,,,,,,,,
1781033184461187406,,,,,,,,,,,
1781033184560380125,,,,,,,,,,,
1781033184660968821,,,,,,,,,,,
1781033184761336439,,,,,,,,,,,
1781033184860861001,,,,,,,,,,,
1781033184961206537,,,,,,,,,,,
1781033185061425138,,,,,,,,,,,
1781033185160473495,,,,,,,,,,,
1781033185261211928,,,,,,,,,,,
1781033185360367178,,,,,,,,,,,
1781033185460459509,,,,,,,,,,,
1781033185560794656,,,,,,,,,,,
1781033185661158496,,,,,,,,,,,
1781033185760447588,,,,,,,,,,,
1781033185860935084,,,,,,,,,,,
1781033185961113021,,,,,,,,,,,
1781033186061177151,,,,,,,,,,,
1781033186160858880,,,,,,,,,,,
1781033186260926614,,,,,,,,,,,
1781033186360412949,,,,,,,,,,,
1781033186460852674,,,,,,,,,,,
1781033186561323657,,,,,,,,,,,
1781033186661395013,,,,,,,,,,,
1781033186760931921,,,,,,,,,,,
1781033186860858352,,,,,,,,,,,
1781033186961181331,,,,,,,,,,,
1781033187061418898,,,,,,,,,,,
1781033187160753079,,,,,,,,,,,
1781033187260837075,,,,,,,,,,,
1781033187361156854,,,,,,,,,,,
1781033187461073657,,,,,,,,,,,
1781033187561008763,,,,,,,,,,,
1781033187661174837,,,,,,,,,,,
1781033187761355511,,,,,,,,,,,
1781033187860385860,,,,,,,,,,,
1781033187960933195,,,,,,,,,,,
1781033188061282203,,,,,,,,,,,
1781033188161048920,,,,,,,,,,,
1781033188260853114,,,,,,,,,,,
1781033188361173405,,,,,,,,,,,
1781033188461321041,,,,,,,,,,,
1781033188560659126,,,,,,,,,,,
1781033188660854653,,,,,,,,,,,
1781033188761050440,,,,,,,,,,,
1781033188861284217,,,,,,,,,,,
1781033188960693033,,,,,,,,,,,
1781033189061044220,,,,,,,,,,,
1781033189160490013,,,,,,,,,,,
1781033189260436905,,,,,,,,,,,
1781033189360830934,,,,,,,,,,,
1781033189461196694,,,,,,,,,,,
1781033189560445974,,,,,,,,,,,
1781033189661068998,,,,,,,,,,,
1781033189760357166,,,,,,,,,,,
1781033189860728511,,,,,,,,,,,
1781033189960443529,,,,,,,,,,,
1781033190061033532,,,,,,,,,,,
1781033190160391861,,,,,,,,,,,
1781033190260833041,,,,,,,,,,,
1781033190361157518,,,,,,,,,,,
1781033190460380624,,,,,,,,,,,
1781033190560859739,,,,,,,,,,,
1781033190661324871,,,,,,,,,,,
1781033190761307017,,,,,,,,,,,
1781033190861423478,,,,,,,,,,,
1781033190960776831,,,,,,,,,,,
1781033191060344002,,,,,,,,,,,
1781033191160652289,,,,,,,,,,,
1781033191261377386,,,,,,,,,,,
1781033191360892362,,,,,,,,,,,
1781033191460714229,,,,,,,,,,,
1781033191561246426,,,,,,,,,,,
1781033191661056750,,,,,,,,,,,
1781033191760617302,,,,,,,,,,,
1781033191860882985,,,,,,,,,,,
1781033191961421348,,,,,,,,,,,
1781033192060959802,,,,,,,,,,,
1781033192160827261,,,,,,,,,,,
1781033192260489285,,,,,,,,,,,
1781033192361404941,,,,,,,,,,,
1781033192461127167,,,,,,,,,,,
1781033192561129069,,,,,,,,,,,
1781033192661383702,,,,,,,,,,,
1781033192760827997,,,,,,,,,,,
1781033192861372272,,,,,,,,,,,
1781033192960445512,,,,,,,,,,,
1781033193060447955,,,,,,,,,,,
1781033193161020970,,,,,,,,,,,
1781033193261050213,,,,,,,,,,,
1781033193361121486,,,,,,,,,,,
1781033193460960510,,,,,,,,,,,
1781033193561367389,,,,,,,,,,,
1781033193660777444,,,,,,,,,,,
1781033193761395995,,,,,,,,,,,
1781033193861108982,,,,,,,,,,,
1781033193961293673,,,,,,,,,,,
1781033194060513302,,,,,,,,,,,
1781033194160866729,,,,,,,,,,,
1781033194261216207,,,,,,,,,,,
1781033194361108398,,,,,,,,,,,
1781033194460940188,,,,,,,,,,,
1781033194560788668,,,,,,,,,,,
1781033194661236447,,,,,,,,,,,
1781033194761155127,,,,,,,,,,,
1781033194860878723,,,,,,,,,,,
1781033194960699877,,,,,,,,,,,
1781033195060581935,,,,,,,,,,,
1781033195161178217,,,,,,,,,,,
1781033195260456169,,,,,,,,,,,
1781033195360814637,,,,,,,,,,,
1781033195460364038,,,,,,,,,,,
1781033195560872188,,,,,,,,,,,
1781033195660491885,,,,,,,,,,,
1781033195761049001,,,,,,,,,,,
1781033195861020517,,,,,,,,,,,
1781033195960347055,,,,,,,,,,,
1781033196060468647,,,,,,,,,,,
1781033196160850417,,,,,,,,,,,
1781033196261168857,,,,,,,,,,,
1781033196360901438,,,,,,,,,,,
1781033196461289298,,,,,,,,,,,
1781033196561167616,,,,,,,,,,,
1781033196660984939,,,,,,,,,,,
1781033196761392220,,,,,,,,,,,
1781033196861230057,,,,,,,,,,,
1781033196961367694,,,,,,,,,,,
1781033197060703671,,,,,,,,,,,
1781033197160807021,,,,,,,,,,,
1781033197260770084,,,,,,,,,,,
1781033197360857202,,,,,,,,,,,
1781033197461129796,,,,,,,,,,,
1781033197560987014,,,,,,,,,,,
1781033197661261180,,,,,,,,,,,
1781033197761215750,,,,,,,,,,,
1781033197861295369,,,,,,,,,,,
1781033197960887210,,,,,,,,,,,
1781033198060901450,,,,,,,,,,,
1781033198160447406,,,,,,,,,,,
1781033198260428115,,,,,,,,,,,
1781033198364866291,,,,,,,,,,,
1781033198466275937,,,,,,,,,,,
1781033198566242275,,,,,,,,,,,
1781033198668859991,,,,,,,,,,,
1781033198768860900,,,,,,,,,,,
1781033198868892437,,,,,,,,,,,
1781033198968852502,,,,,,,,,,,
1781033199066258455,,,,,,,,,,,
1781033199165810510,,,,,,,,,,,
1781033199265581097,,,,,,,,,,,
1781033199368960577,,,,,,,,,,,
1781033199468852423,,,,,,,,,,,
1781033199568864124,,,,,,,,,,,
1781033199666184867,,,,,,,,,,,
1781033199765425521,,,,,,,,,,,
1781033199868852858,,,,,,,,,,,
1781033199966220501,,,,,,,,,,,
1781033200068853617,,,,,,,,,,,
1781033200165461881,,,,,,,,,,,
1781033200268856604,,,,,,,,,,,
1781033200366227143,,,,,,,,,,,
1781033200466238993,,,,,,,,,,,
1781033200568868577,,,,,,,,,,,
1781033200666222465,,,,,,,,,,,
1781033200766500485,,,,,,,,,,,
1781033200866406931,,,,,,,,,,,
1781033200965749401,,,,,,,,,,,
1781033201065485991,,,,,,,,,,,
1781033201168884500,true,false,3,3,0,0,0,0,0.0,true,1781033201132466086
1781033201265808815,true,false,3,3,0,0,0,0,0.0,true,1781033201229731242
1781033201372862083,true,false,3,3,0,0,0,0,0.0,true,1781033201338962066
1781033201474173501,true,false,3,3,0,0,0,0,0.0,true,1781033201437416242
1781033201573691828,true,false,3,3,0,0,0,0,0.0,true,1781033201560571705
1781033201676943576,true,false,3,3,0,0,0,0,0.0,true,1781033201670895869
1781033201776880281,true,false,3,3,0,0,0,0,0.0,true,1781033201754991356
1781033201881011980,true,false,3,3,0,0,0,0,0.0,true,1781033201863515708
1781033201984897311,true,false,3,3,0,0,0,0,0.0,true,1781033201975068227
1781033202081637941,true,false,3,3,0,0,0,0,0.0,true,1781033202061646542
1781033202182125682,true,false,3,3,0,0,0,0,0.0,true,1781033202156965093
1781033202284930197,true,false,3,3,0,0,0,0,0.0,true,1781033202254173145
1781033202382196932,true,false,3,3,0,0,0,0,0.0,true,1781033202369733438
1781033202481493665,true,false,3,3,0,0,0,0,0.0,true,1781033202463199796
1781033202582042377,true,false,3,3,0,0,0,0,0.0,true,1781033202563807909
1781033202681448706,true,false,3,3,0,0,0,0,0.0,true,1781033202661425390
1781033202781971033,true,false,3,3,0,0,0,0,0.0,true,1781033202774149840
1781033202882103497,true,false,3,3,0,0,0,0,0.0,true,1781033202857704815
1781033202982179733,true,false,3,3,0,0,0,0,0.0,true,1781033202968837812
1781033203084877947,true,false,3,3,0,0,0,0,0.0,true,1781033203077654051
1781033203182382288,true,false,3,3,0,0,0,0,0.0,true,1781033203153982944
1781033203284889441,true,false,3,3,0,0,0,0,0.0,true,1781033203264844484
1781033203384891392,true,false,3,3,0,0,0,0,0.0,true,1781033203366023041
1781033203481760921,true,false,3,3,0,0,0,0,0.0,true,1781033203477841344
1781033203585885596,true,false,3,3,0,0,0,0,0.0,true,1781033203540531736
1781033203684919617,true,false,3,3,0,0,0,0,0.0,true,1781033203672089530
1781033203781980980,true,false,3,3,0,0,0,0,0.0,true,1781033203733237404
1781033203881716818,true,false,3,3,0,0,0,0,0.0,true,1781033203881586948
1781033203981364951,true,false,3,3,0,0,0,0,0.0,true,1781033203976639053
1781033204081420401,true,false,3,3,0,0,0,0,0.0,true,1781033204049890850
1781033204182185538,true,false,3,3,0,0,0,0,0.0,true,1781033204153696935
1781033204284882425,true,false,3,3,0,0,0,0,0.0,true,1781033204262794693
1781033204384899013,true,false,3,3,0,0,0,0,0.0,true,1781033204366040266
1781033204484860740,true,false,3,3,0,0,0,0,0.0,true,1781033204477541335
1781033204581580826,true,false,3,3,0,0,0,0,0.0,true,1781033204576878563
1781033204684872029,true,false,3,3,0,0,0,0,0.0,true,1781033204673342082
1781033204788883563,true,false,3,3,0,0,0,0,0.0,true,1781033204764897450
1781033204892877154,true,false,3,3,0,0,0,0,0.0,true,1781033204871713766
1781033204990326944,true,false,3,3,0,0,0,0,0.0,true,1781033204968373020
1781033205089466362,true,false,3,3,0,0,0,0,0.0,true,1781033205086148645
1781033205189768959,true,false,3,3,0,0,0,0,0.0,true,1781033205176722945
1781033205289469168,true,false,3,3,0,0,0,0,0.0,true,1781033205283555277
1781033205389575437,true,false,3,3,0,0,0,0,0.0,true,1781033205369505995
1781033205491205635,true,false,3,3,0,0,0,0,0.0,true,1781033205469356848
1781033205590242659,true,false,3,3,0,0,0,0,0.0,true,1781033205563578458
1781033205692846561,true,false,3,3,0,0,0,0,0.0,true,1781033205682431414
1781033205796877939,true,false,3,3,0,0,0,0,0.0,true,1781033205781574494
1781033205901033994,true,false,3,3,0,0,0,0,0.0,true,1781033205887503539
1781033205998432649,true,false,3,3,0,0,0,0,0.0,true,1781033205994772978
1781033206097463630,true,false,3,3,0,0,0,0,0.0,true,1781033206084306552
1781033206197518346,true,false,3,3,0,0,0,0,0.0,true,1781033206192967883
1781033206300961762,true,false,3,3,0,0,0,0,0.0,true,1781033206278374655
1781033206405224119,true,false,3,3,0,0,0,0,0.0,true,1781033206400510248
1781033206510509990,true,false,3,3,0,0,0,0,0.0,true,1781033206479848985
1781033206615443177,true,false,3,3,0,0,0,0,0.0,true,1781033206582180352
1781033206712097353,true,false,3,3,0,0,0,0,0.0,true,1781033206706859341
1781033206812166083,true,false,3,3,0,0,0,0,0.0,true,1781033206807948426
1781033206916811541,true,false,3,3,0,0,0,0,0.0,true,1781033206912731010
1781033207018100425,true,false,3,3,0,0,0,0,0.0,true,1781033206997574837
1781033207117973450,true,false,3,3,0,0,0,0,0.0,true,1781033207088859333
1781033207217536725,true,false,3,3,0,0,0,0,0.0,true,1781033207190740838
1781033207321001327,true,false,3,3,0,0,0,0,0.0,true,1781033207296575193
1781033207420961049,true,false,3,3,0,0,0,0,0.0,true,1781033207396379055
1781033207521049790,true,false,3,3,0,0,0,0,0.0,true,1781033207494108717
1781033207617679010,true,false,3,3,0,0,0,0,0.0,true,1781033207615389236
1781033207725023636,true,false,3,3,0,0,0,0,0.0,true,1781033207698996287
1781033207825728150,true,false,3,3,0,0,0,0,0.0,true,1781033207820702108
1781033207926052746,true,false,3,3,0,0,0,0,0.0,true,1781033207913757040
1781033208028837562,true,false,3,3,0,0,0,0,0.0,true,1781033208006424485
1781033208126131137,true,false,3,3,0,0,0,0,0.0,true,1781033208116878753
1781033208226406461,true,false,3,3,0,0,0,0,0.0,true,1781033208194162932
1781033208332750937,true,false,3,3,0,0,0,0,0.0,true,1781033208290617641
1781033208434133574,true,false,3,3,0,0,0,0,0.0,true,1781033208396086831
1781033208534116747,true,false,3,3,0,0,0,0,0.0,true,1781033208511275662
1781033208634283750,true,false,3,3,0,0,0,0,0.0,true,1781033208617670609
1781033208736867534,true,false,3,3,0,0,0,0,0.0,true,1781033208715207232
1781033208839279204,true,false,3,3,0,0,0,0,0.0,true,1781033208814174344
1781033208939770031,true,false,3,3,0,0,0,0,0.0,true,1781033208916777262
1781033209039986466,true,false,3,3,0,0,0,0,0.0,true,1781033209026256491
1781033209140044801,true,false,3,3,0,0,0,0,0.0,true,1781033209127681509
1781033209240048685,true,false,3,3,0,0,0,0,0.0,true,1781033209217575412
1781033209345124245,true,false,3,3,0,0,0,0,0.0,true,1781033209337065756
1781033209448934130,true,false,3,3,0,0,0,0,0.0,true,1781033209433734256
1781033209545476511,true,false,3,3,0,0,0,0,0.0,true,1781033209544250705
1781033209648854873,true,false,3,3,0,0,0,0,0.0,true,1781033209641436702
1781033209746067304,true,false,3,3,0,0,0,0,0.0,true,1781033209728850020
1781033209848860624,true,false,3,3,0,0,0,0,0.0,true,1781033209812359071
1781033209948853074,true,false,3,3,0,0,0,0,0.0,true,1781033209916194260
1781033210048861663,true,false,3,3,0,0,0,0,0.0,true,1781033210017379329
1781033210147070839,true,false,3,3,0,0,0,0,0.0,true,1781033210146438675
1781033210248870250,true,false,3,3,0,0,0,0,0.0,true,1781033210238918265
1781033210350256800,true,false,3,3,0,0,0,0,0.0,true,1781033210326504040
1781033210450729613,true,false,3,3,0,0,0,0,0.0,true,1781033210421922831
1781033210556896165,true,false,3,3,0,0,0,0,0.0,true,1781033210525424152
1781033210657632779,true,false,3,3,0,0,0,0,0.0,true,1781033210650529531
1781033210761016140,true,false,3,3,0,0,0,0,0.0,true,1781033210697808209
1781033210858270211,true,false,3,3,0,0,0,0,0.0,true,1781033210814853259
1781033210958568860,true,false,3,3,0,0,0,0,0.0,true,1781033210919625772
1781033211061024371,true,false,3,3,0,0,0,0,0.0,true,1781033211050004511
1781033211165014116,true,false,3,3,0,0,0,0,0.0,true,1781033211152026115
1781033211266377363,true,false,3,3,0,0,0,0,0.0,true,1781033211246027781
1781033211368815895,true,false,3,3,0,0,0,0,0.0,true,1781033211328852807
1781033211472835433,true,false,3,3,0,0,0,0,0.0,true,1781033211438978107
1781033211576848664,true,false,3,3,0,0,0,0,0.0,true,1781033211563432698
1781033211673363017,true,false,3,3,0,0,0,0,0.0,true,1781033211668850398
1781033211773427379,true,false,3,3,0,0,0,0,0.0,true,1781033211772689501
1781033211873552631,true,false,3,3,0,0,0,0,0.0,true,1781033211841534814
1781033211974800399,true,false,3,3,0,0,0,0,0.0,true,1781033211923284627
1781033212074578404,true,false,3,3,0,0,0,0,0.0,true,1781033212061638336
1781033212174174712,true,false,3,3,0,0,0,0,0.0,true,1781033212134087740
1781033212274117570,true,false,3,3,0,0,0,0,0.0,true,1781033212253219744
1781033212373897520,true,false,3,3,0,0,0,0,0.0,true,1781033212369587958
1781033212476873430,true,false,3,3,0,0,0,0,0.0,true,1781033212456914051
1781033212576880505,true,false,3,3,0,0,0,0,0.0,true,1781033212557897156
1781033212673425100,true,false,3,3,0,0,0,0,0.0,true,1781033212673042944
1781033212774308871,true,false,3,3,0,0,0,0,0.0,true,1781033212765294930
1781033212876847132,true,false,3,3,0,0,0,0,0.0,true,1781033212865166668
1781033212974103679,true,false,3,3,0,0,0,0,0.0,true,1781033212932176937
1781033213076846154,true,false,3,3,0,0,0,0,0.0,true,1781033213057497840
1781033213176860113,true,false,3,3,0,0,0,0,0.0,true,1781033213150157006
1781033213281011492,true,false,3,3,0,0,0,0,0.0,true,1781033213254134497
1781033213388891177,true,false,3,3,0,0,0,0,0.0,true,1781033213349987362
1781033213489350676,true,false,3,3,0,0,0,0,0.0,true,1781033213484390339
1781033213590203304,true,false,3,3,0,0,0,0,0.0,true,1781033213557978611
1781033213690360239,true,false,3,3,0,0,0,0,0.0,true,1781033213683469639
1781033213791055943,true,false,3,3,0,0,0,0,0.0,true,1781033213778836907
1781033213892905273,true,false,3,3,0,0,0,0,0.0,true,1781033213862275100
1781033213992037188,true,false,3,3,0,0,0,0,0.0,true,1781033213950050157
1781033214090197561,true,false,3,3,0,0,0,0,0.0,true,1781033214069318261
1781033214189664985,true,false,3,3,0,0,0,0,0.0,true,1781033214181976466
1781033214292860507,true,false,3,3,0,0,0,0,0.0,true,1781033214246543512
1781033214392875271,true,false,3,3,0,0,0,0,0.0,true,1781033214381015964
1781033214490005905,true,false,3,3,0,0,0,0,0.0,true,1781033214458386975
1781033214592625240,true,false,3,3,0,0,0,0,0.0,true,1781033214576299277
1781033214696883113,true,false,3,3,0,0,0,0,0.0,true,1781033214680666589
1781033214798246106,true,false,3,3,0,0,0,0,0.0,true,1781033214792677903
1781033214897703924,true,false,3,3,0,0,0,0,0.0,true,1781033214885567316
1781033214997573753,true,false,3,3,0,0,0,0,0.0,true,1781033214988433444
1781033215100993615,true,false,3,3,0,0,0,0,0.0,true,1781033215087969703
1781033215197724907,true,false,3,3,0,0,0,0,0.0,true,1781033215193452313
1781033215305045344,true,false,3,3,0,0,0,0,0.0,true,1781033215265634474
1781033215408871636,true,false,3,3,0,0,0,0,0.0,true,1781033215384297370
1781033215507869758,true,false,3,3,0,0,0,0,0.0,true,1781033215487004654
1781033215607649426,true,false,3,3,0,0,0,0,0.0,true,1781033215606364099
1781033215707648044,true,false,3,3,0,0,0,0,0.0,true,1781033215692835249
1781033215807372632,true,false,3,3,0,0,0,0,0.0,true,1781033215780547415
1781033215908880945,true,false,3,3,0,0,0,0,0.0,true,1781033215901223994
1781033216009506439,true,false,3,3,0,0,0,0,0.0,true,1781033215981662735
1781033216105537867,true,false,3,3,0,0,0,0,0.0,true,1781033216102380772
1781033216208862326,true,false,3,3,0,0,0,0,0.0,true,1781033216198638534
1781033216312004616,true,false,3,3,0,0,0,0,0.0,true,1781033216283780315
1781033216416860937,true,false,3,3,0,0,0,0,0.0,true,1781033216399986730
1781033216512822360,true,false,3,3,0,0,0,0,0.0,true,1781033216500374954
1781033216612910627,true,false,3,3,0,0,0,0,0.0,true,1781033216576943858
1781033216718649455,true,false,3,3,0,0,0,0,0.0,true,1781033216686348823
1781033216825475193,true,false,3,3,0,0,0,0,0.0,true,1781033216823915742
1781033216928888133,true,false,3,3,0,0,0,0,0.0,true,1781033216909608658
1781033217026895588,true,false,3,3,0,0,0,0,0.0,true,1781033217021780026
1781033217126725862,true,false,3,3,0,0,0,0,0.0,true,1781033217123000520
1781033217226904003,true,false,3,3,0,0,0,0,0.0,true,1781033217219986069
1781033217332873485,true,false,3,3,0,0,0,0,0.0,true,1781033217319862296
1781033217434361445,true,false,3,3,0,0,0,0,0.0,true,1781033217420868157
1781033217534063652,true,false,3,3,0,0,0,0,0.0,true,1781033217520606804
1781033217636870796,true,false,3,3,0,0,0,0,0.0,true,1781033217622069618
1781033217734112279,true,false,3,3,0,0,0,0,0.0,true,1781033217721856175
1781033217833767448,true,false,3,3,0,0,0,0,0.0,true,1781033217829478027
1781033217934392493,true,false,3,3,0,0,0,0,0.0,true,1781033217933450743
1781033218036838718,true,false,3,3,0,0,0,0,0.0,true,1781033218013418615
1781033218136861084,true,false,3,3,0,0,0,0,0.0,true,1781033218120401727
1781033218239662053,true,false,3,3,0,0,0,0,0.0,true,1781033218226920275
1781033218340421299,true,false,3,3,0,0,0,0,0.0,true,1781033218338069807
1781033218441219007,true,false,3,3,0,0,0,0,0.0,true,1781033218425426531
1781033218540800744,true,false,3,3,0,0,0,0,0.0,true,1781033218538366887
1781033218640586298,true,false,3,3,0,0,0,0,0.0,true,1781033218627426697
1781033218741285463,true,false,3,3,0,0,0,0,0.0,true,1781033218713949968
1781033218844967316,true,false,3,3,0,0,0,0,0.0,true,1781033218813153421
1781033218948956549,true,false,3,3,0,0,0,0,0.0,true,1781033218911997521
1781033219050548686,true,false,3,3,0,0,0,0,0.0,true,1781033219009689458
1781033219161763356,true,false,3,3,0,0,0,0,0.0,true,1781033219152001127
1781033219262946789,true,false,3,3,0,0,0,0,0.0,true,1781033219259538868
1781033219364893402,true,false,3,3,0,0,0,0,0.0,true,1781033219350103062
1781033219468903457,true,false,3,3,0,0,0,0,0.0,true,1781033219445388992
1781033219572945538,true,false,3,3,0,0,0,0,0.0,true,1781033219536875935
1781033219670264882,true,false,3,3,0,0,0,0,0.0,true,1781033219626240204
1781033219769628587,true,false,3,3,0,0,0,0,0.0,true,1781033219749308631
1781033219869896670,true,false,3,3,0,0,0,0,0.0,true,1781033219853550854
1781033219969440558,true,false,3,3,0,0,0,0,0.0,true,1781033219965198338
1781033220069494345,true,false,3,3,0,0,0,0,0.0,true,1781033220065871006
1781033220176873372,true,false,3,3,0,0,0,0,0.0,true,1781033220162157043
1781033220284985074,true,false,3,3,0,0,0,0,0.0,true,1781033220268533922
1781033220386168307,true,false,3,3,0,0,0,0,0.0,true,1781033220334186124
1781033220488893742,true,false,3,3,0,0,0,0,0.0,true,1781033220464703681
1781033220588855138,true,false,3,3,0,0,0,0,0.0,true,1781033220581331300
1781033220686006920,true,false,3,3,0,0,0,0,0.0,true,1781033220681360587
1781033220785603791,true,false,3,3,0,0,0,0,0.0,true,1781033220751482713
1781033220888876000,true,false,3,3,0,0,0,0,0.0,true,1781033220870422079
1781033220985574162,true,false,3,3,0,0,0,0,0.0,true,1781033220984512411
1781033221086968833,true,false,3,3,0,0,0,0,0.0,true,1781033221086085965
1781033221188859537,true,false,3,3,0,0,0,0,0.0,true,1781033221176837001
1781033221285508821,true,false,3,3,0,0,0,0,0.0,true,1781033221279511209
1781033221388894869,true,false,3,3,0,0,0,0,0.0,true,1781033221371532275
1781033221491794878,true,false,3,3,0,0,0,0,0.0,true,1781033221456870038
1781033221592564964,true,false,3,3,0,0,0,0,0.0,true,1781033221552697721
1781033221692649893,true,false,3,3,0,0,0,0,0.0,true,1781033221651306070
1781033221792854874,true,false,3,3,0,0,0,0,0.0,true,1781033221789953217
1781033221893211393,true,false,3,3,0,0,0,0,0.0,true,1781033221887282348
1781033221996856863,true,false,3,3,0,0,0,0,0.0,true,1781033221976458288
1781033222101363352,true,false,3,3,0,0,0,0,0.0,true,1781033222085211932
1781033222197356067,true,false,3,3,0,0,0,0,0.0,true,1781033222190196292
1781033222297832578,true,false,3,3,0,0,0,0,0.0,true,1781033222292743622
1781033222398257301,true,false,3,3,0,0,0,0,0.0,true,1781033222383634207
1781033222497503265,true,false,3,3,0,0,0,0,0.0,true,1781033222477099043
1781033222601056117,true,false,3,3,0,0,0,0,0.0,true,1781033222592874297
1781033222698386740,true,false,3,3,0,0,0,0,0.0,true,1781033222679732871
1781033222798128215,true,false,3,3,0,0,0,0,0.0,true,1781033222751134329
1781033222901003172,true,false,3,3,0,0,0,0,0.0,true,1781033222883341825
1781033222998073265,true,false,3,3,0,0,0,0,0.0,true,1781033222982233474
1781033223102830136,true,false,3,3,0,0,0,0,0.0,true,1781033223061931702
1781033223203712575,true,false,3,3,0,0,0,0,0.0,true,1781033223175891909
1781033223308222307,true,false,3,3,0,0,0,0,0.0,true,1781033223284285658
1781033223412844116,true,false,3,3,0,0,0,0,0.0,true,1781033223405943852
1781033223516874739,true,false,3,3,0,0,0,0,0.0,true,1781033223489795045
1781033223621121828,true,false,3,3,0,0,0,0,0.0,true,1781033223605583742
1781033223718231477,true,false,3,3,0,0,0,0,0.0,true,1781033223710206693
1781033223817953742,true,false,3,3,0,0,0,0,0.0,true,1781033223801286333
1781033223925381948,true,false,3,3,0,0,0,0,0.0,true,1781033223924436367
1781033224027137910,true,false,3,3,0,0,0,0,0.0,true,1781033224001308803
1781033224128877214,true,false,3,3,0,0,0,0,0.0,true,1781033224109680555
1781033224236880984,true,false,3,3,0,0,0,0,0.0,true,1781033224218074309
1781033224341094061,true,false,3,3,0,0,0,0,0.0,true,1781033224336863504
1781033224441193622,true,false,3,3,0,0,0,0,0.0,true,1781033224387233681
1781033224541117805,true,false,3,3,0,0,0,0,0.0,true,1781033224495907930
1781033224641016090,true,false,3,3,0,0,0,0,0.0,true,1781033224617670316
1781033224738481245,true,false,3,3,0,0,0,0,0.0,true,1781033224730962176
1781033224837647379,true,false,3,3,0,0,0,0,0.0,true,1781033224837036640
1781033224938108476,true,false,3,3,0,0,0,0,0.0,true,1781033224920082084
1781033225041067006,true,false,3,3,0,0,0,0,0.0,true,1781033225028868991
1781033225140599345,true,false,3,3,0,0,0,0,0.0,true,1781033225133975486
1781033225238186342,true,false,3,3,0,0,0,0,0.0,true,1781033225195983801
1781033225339385005,true,false,3,3,0,0,0,0,0.0,true,1781033225329713727
1781033225444265472,true,false,3,3,0,0,0,0,0.0,true,1781033225442476501
1781033225547178805,true,false,3,3,0,0,0,0,0.0,true,1781033225526027395
1781033225648888257,true,false,3,3,0,0,0,0,0.0,true,1781033225608298409
1781033225744957394,true,false,3,3,0,0,0,0,0.0,true,1781033225739925114
1781033225844960864,true,false,3,3,0,0,0,0,0.0,true,1781033225836608005
1781033225948908192,true,false,3,3,0,0,0,0,0.0,true,1781033225914449573
1781033226044740520,true,false,3,3,0,0,0,0,0.0,true,1781033226042869842
1781033226145181139,true,false,3,3,0,0,0,0,0.0,true,1781033226136574651
1781033226244511236,true,false,3,3,0,0,0,0,0.0,true,1781033226237581616
1781033226344672924,true,false,3,3,0,0,0,0,0.0,true,1781033226335194634
1781033226448914828,true,false,3,3,0,0,0,0,0.0,true,1781033226436854533
1781033226544939057,true,false,3,3,0,0,0,0,0.0,true,1781033226518631528
1781033226652895218,true,false,3,3,0,0,0,0,0.0,true,1781033226624938025
1781033226756702319,true,false,3,3,0,0,0,0,0.0,true,1781033226720294514
1781033226861001787,true,false,3,3,0,0,0,0,0.0,true,1781033226849991996
1781033226965260462,true,false,3,3,0,0,0,0,0.0,true,1781033226950105102
1781033227061746960,true,false,3,3,0,0,0,0,0.0,true,1781033227033928416
1781033227162371677,true,false,3,3,0,0,0,0,0.0,true,1781033227125898789
1781033227265028905,true,false,3,3,0,0,0,0,0.0,true,1781033227236145815
1781033227364677517,true,false,3,3,0,0,0,0,0.0,true,1781033227334215894
1781033227468852596,true,false,3,3,0,0,0,0,0.0,true,1781033227423075294
1781033227572881058,true,false,3,3,0,0,0,0,0.0,true,1781033227540861916
1781033227670355499,true,false,3,3,0,0,0,0,0.0,true,1781033227655409452
1781033227771602704,true,false,3,3,0,0,0,0,0.0,true,1781033227752852667
1781033227869794170,true,false,3,3,0,0,0,0,0.0,true,1781033227865963510
1781033227969906105,true,false,3,3,0,0,0,0,0.0,true,1781033227952600602
1781033228070001169,true,false,3,3,0,0,0,0,0.0,true,1781033228025836846
1781033228171505141,true,false,3,3,0,0,0,0,0.0,true,1781033228156849131
1781033228271296824,true,false,3,3,0,0,0,0,0.0,true,1781033228243352042
1781033228369573901,true,false,3,3,0,0,0,0,0.0,true,1781033228368853877
1781033228470159640,true,false,3,3,0,0,0,0,0.0,true,1781033228464848130
1781033228569423776,true,false,3,3,0,0,0,0,0.0,true,1781033228565358814
1781033228672866688,true,false,3,3,0,0,0,0,0.0,true,1781033228652548887
1781033228772895004,true,false,3,3,0,0,0,0,0.0,true,1781033228753138589
1781033228872906471,true,false,3,3,0,0,0,0,0.0,true,1781033228842254279
1781033228976873660,true,false,3,3,0,0,0,0,0.0,true,1781033228967068764
1781033229077441395,true,false,3,3,0,0,0,0,0.0,true,1781033229068149596
1781033229180961768,true,false,3,3,0,0,0,0,0.0,true,1781033229149967463
1781033229285465275,true,false,3,3,0,0,0,0,0.0,true,1781033229279208620
1781033229387069357,true,false,3,3,0,0,0,0,0.0,true,1781033229358087411
1781033229492858543,true,false,3,3,0,0,0,0,0.0,true,1781033229462436894
1781033229593768648,true,false,3,3,0,0,0,0,0.0,true,1781033229585750738
1781033229696918252,true,false,3,3,0,0,0,0,0.0,true,1781033229647539281
1781033229796870964,true,false,3,3,0,0,0,0,0.0,true,1781033229782151084
1781033229894147961,true,false,3,3,0,0,0,0,0.0,true,1781033229890346016
1781033229996268589,true,false,3,3,0,0,0,0,0.0,true,1781033229981075131
1781033230096880511,true,false,3,3,0,0,0,0,0.0,true,1781033230087190612
1781033230193617422,true,false,3,3,0,0,0,0,0.0,true,1781033230184047646
1781033230294258401,true,false,3,3,0,0,0,0,0.0,true,1781033230289655324
1781033230394090430,true,false,3,3,0,0,0,0,0.0,true,1781033230372440513
1781033230496870646,true,false,3,3,0,0,0,0,0.0,true,1781033230461869771
1781033230593768784,true,false,3,3,0,0,0,0,0.0,true,1781033230584653312
1781033230696477674,true,false,3,3,0,0,0,0,0.0,true,1781033230695571551
1781033230793886740,true,false,3,3,0,0,0,0,0.0,true,1781033230787715322
1781033230893674098,true,false,3,3,0,0,0,0,0.0,true,1781033230891145456
1781033231005008648,true,false,3,3,0,0,0,0,0.0,true,1781033230960501502
1781033231110184755,true,false,3,3,0,0,0,0,0.0,true,1781033231089653279
1781033231210961015,true,false,3,3,0,0,0,0,0.0,true,1781033231205775893
1781033231316876397,true,false,3,3,0,0,0,0,0.0,true,1781033231304847741
1781033231425011081,true,false,3,3,0,0,0,0,0.0,true,1781033231414183596
1781033231525468481,true,false,3,3,0,0,0,0,0.0,true,1781033231524256455
1781033231626178278,true,false,3,3,0,0,0,0,0.0,true,1781033231619191753
1781033231728888635,true,false,3,3,0,0,0,0,0.0,true,1781033231693072226
1781033231826007537,true,false,3,3,0,0,0,0,0.0,true,1781033231809602152
1781033231927645113,true,false,3,3,0,0,0,0,0.0,true,1781033231921286103
1781033232026843064,true,false,3,3,0,0,0,0,0.0,true,1781033232002547934
1781033232125527156,true,false,3,3,0,0,0,0,0.0,true,1781033232107737897
1781033232228924473,true,false,3,3,0,0,0,0,0.0,true,1781033232227714976
1781033232328861909,true,false,3,3,0,0,0,0,0.0,true,1781033232320045522
1781033232427368416,true,false,3,3,0,0,0,0,0.0,true,1781033232407555982
1781033232526011699,true,false,3,3,0,0,0,0,0.0,true,1781033232483435619
1781033232626106528,true,false,3,3,0,0,0,0,0.0,true,1781033232598474658
1781033232728832726,true,false,3,3,0,0,0,0,0.0,true,1781033232709116428
1781033232832865784,true,false,3,3,0,0,0,0,0.0,true,1781033232812014012
1781033232933550893,true,false,3,3,0,0,0,0,0.0,true,1781033232915052705
1781033233036875192,true,false,3,3,0,0,0,0,0.0,true,1781033233017714934
1781033233136869039,true,false,3,3,0,0,0,0,0.0,true,1781033233120713382
1781033233241029946,true,false,3,3,0,0,0,0,0.0,true,1781033233225962823
1781033233342222985,true,false,3,3,0,0,0,0,0.0,true,1781033233323770040
1781033233445625690,true,false,3,3,0,0,0,0,0.0,true,1781033233433070836
1781033233543386961,true,false,3,3,0,0,0,0,0.0,true,1781033233519904237
1781033233644632163,true,false,3,3,0,0,0,0,0.0,true,1781033233626010517
1781033233744916230,true,false,3,3,0,0,0,0,0.0,true,1781033233726034809
1781033233842123936,true,false,3,3,0,0,0,0,0.0,true,1781033233836854395
1781033233944883194,true,false,3,3,0,0,0,0,0.0,true,1781033233923694569
1781033234042296151,true,false,3,3,0,0,0,0,0.0,true,1781033234039912683
1781033234141549717,true,false,3,3,0,0,0,0,0.0,true,1781033234135961603
1781033234241502586,true,false,3,3,0,0,0,0,0.0,true,1781033234213871485
1781033234344885229,true,false,3,3,0,0,0,0,0.0,true,1781033234325520006
1781033234444886335,true,false,3,3,0,0,0,0,0.0,true,1781033234424852614
1781033234545047165,true,false,3,3,0,0,0,0,0.0,true,1781033234517447087
1781033234644891197,true,false,3,3,0,0,0,0,0.0,true,1781033234626614780
1781033234743648646,true,false,3,3,0,0,0,0,0.0,true,1781033234725338589
1781033234848888484,true,false,3,3,0,0,0,0,0.0,true,1781033234818370194
1781033234951982539,true,false,3,3,0,0,0,0,0.0,true,1781033234933391969
1781033235049501535,true,false,3,3,0,0,0,0,0.0,true,1781033235030036975
1781033235156872150,true,false,3,3,0,0,0,0,0.0,true,1781033235114164950
1781033235257796844,true,false,3,3,0,0,0,0,0.0,true,1781033235237587978
1781033235359572711,true,false,3,3,0,0,0,0,0.0,true,1781033235343995743
1781033235458686805,true,false,3,3,0,0,0,0,0.0,true,1781033235446736746
1781033235565134153,true,false,3,3,0,0,0,0,0.0,true,1781033235539313468
1781033235666398620,true,false,3,3,0,0,0,0,0.0,true,1781033235665320035
1781033235768372989,true,false,3,3,0,0,0,0,0.0,true,1781033235758956787
1781033235868887542,true,false,3,3,0,0,0,0,0.0,true,1781033235856867872
1781033235966130574,true,false,3,3,0,0,0,0,0.0,true,1781033235956883480
1781033236065800310,true,false,3,3,0,0,0,0,0.0,true,1781033236052874880
1781033236168864321,true,false,3,3,0,0,0,0,0.0,true,1781033236154079455
1781033236267820882,true,false,3,3,0,0,0,0,0.0,true,1781033236250941244
1781033236366088586,true,false,3,3,0,0,0,0,0.0,true,1781033236352644672
1781033236468876940,true,false,3,3,0,0,0,0,0.0,true,1781033236460447314
1781033236566166402,true,false,3,3,0,0,0,0,0.0,true,1781033236553090230
1781033236666295092,true,false,3,3,0,0,0,0,0.0,true,1781033236637663500
1781033236766488183,true,false,3,3,0,0,0,0,0.0,true,1781033236764869200
1781033236867214490,true,false,3,3,0,0,0,0,0.0,true,1781033236845242421
1781033236968867314,true,false,3,3,0,0,0,0,0.0,true,1781033236957890220
1781033237068881152,true,false,3,3,0,0,0,0,0.0,true,1781033237045805639
1781033237167354472,true,false,3,3,0,0,0,0,0.0,true,1781033237139306963
1781033237269526890,true,false,3,3,0,0,0,0,0.0,true,1781033237256837444
1781033237365472482,true,false,3,3,0,0,0,0,0.0,true,1781033237334598437
1781033237466958053,true,false,3,3,0,0,0,0,0.0,true,1781033237466266187
1781033237568868678,true,false,3,3,0,0,0,0,0.0,true,1781033237547266162
1781033237666403570,true,false,3,3,0,0,0,0,0.0,true,1781033237654811828
1781033237768868214,true,false,3,3,0,0,0,0,0.0,true,1781033237760630824
1781033237868849595,true,false,3,3,0,0,0,0,0.0,true,1781033237859756877
1781033237972872170,true,false,3,3,0,0,0,0,0.0,true,1781033237957941361
1781033238074442096,true,false,3,3,0,0,0,0,0.0,true,1781033238040920252
1781033238181258471,true,false,3,3,0,0,0,0,0.0,true,1781033238165747423
1781033238282037744,true,false,3,3,0,0,0,0,0.0,true,1781033238279542398
1781033238381568714,true,false,3,3,0,0,0,0,0.0,true,1781033238348840534
1781033238482264418,true,false,3,3,0,0,0,0,0.0,true,1781033238456848278
1781033238582108572,true,false,3,3,0,0,0,0,0.0,true,1781033238555946631
1781033238685101537,true,false,3,3,0,0,0,0,0.0,true,1781033238663385184
1781033238781639679,true,false,3,3,0,0,0,0,0.0,true,1781033238749838153
1781033238882022323,true,false,3,3,0,0,0,0,0.0,true,1781033238850528690
1781033238981733040,true,false,3,3,0,0,0,0,0.0,true,1781033238979893832
1781033239082046897,true,false,3,3,0,0,0,0,0.0,true,1781033239069476518
1781033239184842237,true,false,3,3,0,0,0,0,0.0,true,1781033239176862845
1781033239281566346,true,false,3,3,0,0,0,0,0.0,true,1781033239259922680
1781033239384876741,true,false,3,3,0,0,0,0,0.0,true,1781033239357603062
1781033239484882826,true,false,3,3,0,0,0,0,0.0,true,1781033239449931673
1781033239592865601,true,false,3,3,0,0,0,0,0.0,true,1781033239567682002
1781033239694211553,true,false,3,3,0,0,0,0,0.0,true,1781033239668377439
1781033239794180631,true,false,3,3,0,0,0,0,0.0,true,1781033239765376341
1781033239896897894,true,false,3,3,0,0,0,0,0.0,true,1781033239854117508
1781033240000985503,true,false,3,3,0,0,0,0,0.0,true,1781033239990655440
1781033240102067574,true,false,3,3,0,0,0,0,0.0,true,1781033240096855395
1781033240204648828,true,false,3,3,0,0,0,0,0.0,true,1781033240199571904
1781033240304928568,true,false,3,3,0,0,0,0,0.0,true,1781033240295228533
1781033240402056259,true,false,3,3,0,0,0,0,0.0,true,1781033240390094509
1781033240504140279,true,false,3,3,0,0,0,0,0.0,true,1781033240487289160
1781033240604869345,true,false,3,3,0,0,0,0,0.0,true,1781033240597648419
1781033240701759551,true,false,3,3,0,0,0,0,0.0,true,1781033240699340866
1781033240805163927,true,false,3,3,0,0,0,0,0.0,true,1781033240776229334
1781033240902235228,true,false,3,3,0,0,0,0,0.0,true,1781033240881569206
1781033241001380028,true,false,3,3,0,0,0,0,0.0,true,1781033240996634912
1781033241103923278,true,false,3,3,0,0,0,0,0.0,true,1781033241091744126
1781033241202042208,true,false,3,3,0,0,0,0,0.0,true,1781033241193521864
1781033241304902132,true,false,3,3,0,0,0,0,0.0,true,1781033241293611989
1781033241402293312,true,false,3,3,0,0,0,0,0.0,true,1781033241399794921
1781033241502457149,true,false,3,3,0,0,0,0,0.0,true,1781033241492688134
1781033241602259639,true,false,3,3,0,0,0,0,0.0,true,1781033241589791441
1781033241702085513,true,false,3,3,0,0,0,0,0.0,true,1781033241687688686
1781033241804911665,true,false,3,3,0,0,0,0,0.0,true,1781033241790355630
1781033241902193869,true,false,3,3,0,0,0,0,0.0,true,1781033241885289195
1781033242001706630,true,false,3,3,0,0,0,0,0.0,true,1781033241986129012
1781033242108868292,true,false,3,3,0,0,0,0,0.0,true,1781033242089397719
1781033242210347821,true,false,3,3,0,0,0,0,0.0,true,1781033242181402642
1781033242309962235,true,false,3,3,0,0,0,0,0.0,true,1781033242304875054
1781033242413093664,true,false,3,3,0,0,0,0,0.0,true,1781033242394574231
1781033242509422809,true,false,3,3,0,0,0,0,0.0,true,1781033242508626539
1781033242612904220,true,false,3,3,0,0,0,0,0.0,true,1781033242601742140
1781033242710492453,true,false,3,3,0,0,0,0,0.0,true,1781033242678251719
1781033242810023423,true,false,3,3,0,0,0,0,0.0,true,1781033242808443209
1781033242912859513,true,false,3,3,0,0,0,0,0.0,true,1781033242900903290
1781033243010446209,true,false,3,3,0,0,0,0,0.0,true,1781033243007172596
1781033243109648519,true,false,3,3,0,0,0,0,0.0,true,1781033243107425165
1781033243210141852,true,false,3,3,0,0,0,0,0.0,true,1781033243193523014
1781033243316863879,true,false,3,3,0,0,0,0,0.0,true,1781033243287574346
1781033243424986724,true,false,3,3,0,0,0,0,0.0,true,1781033243396942828
1781033243526133798,true,false,3,3,0,0,0,0,0.0,true,1781033243500275155
1781033243628855465,true,false,3,3,0,0,0,0,0.0,true,1781033243612874284
1781033243726065852,true,false,3,3,0,0,0,0,0.0,true,1781033243712906127
1781033243828890397,true,false,3,3,0,0,0,0,0.0,true,1781033243816870343
1781033243926326570,true,false,3,3,0,0,0,0,0.0,true,1781033243897913325
1781033244026115685,true,false,3,3,0,0,0,0,0.0,true,1781033243996872683
1781033244126349319,true,false,3,3,0,0,0,0,0.0,true,1781033244080585757
1781033244228878441,true,false,3,3,0,0,0,0,0.0,true,1781033244213919187
1781033244325725935,true,false,3,3,0,0,0,0,0.0,true,1781033244319150194
1781033244426146499,true,false,3,3,0,0,0,0,0.0,true,1781033244412901273
1781033244526895737,true,false,3,3,0,0,0,0,0.0,true,1781033244478097358
1781033244626067843,true,false,3,3,0,0,0,0,0.0,true,1781033244603677890
1781033244726189894,true,false,3,3,0,0,0,0,0.0,true,1781033244698815633
1781033244828590953,true,false,3,3,0,0,0,0,0.0,true,1781033244799160153
1781033244932886058,true,false,3,3,0,0,0,0,0.0,true,1781033244915858019
1781033245033388637,true,false,3,3,0,0,0,0,0.0,true,1781033245031846421
1781033245133537644,true,false,3,3,0,0,0,0,0.0,true,1781033245132762928
1781033245241083284,true,false,3,3,0,0,0,0,0.0,true,1781033245229759309
1781033245347695380,true,false,3,3,0,0,0,0,0.0,true,1781033245336860942
1781033245448771115,true,false,3,3,0,0,0,0,0.0,true,1781033245444503465
1781033245548604836,true,false,3,3,0,0,0,0,0.0,true,1781033245540572316
1781033245648443608,true,false,3,3,0,0,0,0,0.0,true,1781033245631338554
1781033245749038391,true,false,3,3,0,0,0,0,0.0,true,1781033245732843776
1781033245848904008,true,false,3,3,0,0,0,0,0.0,true,1781033245829793391
1781033245948864417,true,false,3,3,0,0,0,0,0.0,true,1781033245940053805
1781033246056892845,true,false,3,3,0,0,0,0,0.0,true,1781033246028956784
1781033246165060631,true,false,3,3,0,0,0,0,0.0,true,1781033246153884924
1781033246268835540,true,false,3,3,0,0,0,0,0.0,true,1781033246263758737
1781033246368668385,true,false,3,3,0,0,0,0,0.0,true,1781033246350285650
1781033246467013047,true,false,3,3,0,0,0,0,0.0,true,1781033246443882566
1781033246565530241,true,false,3,3,0,0,0,0,0.0,true,1781033246548677788
1781033246666888763,true,false,3,3,0,0,0,0,0.0,true,1781033246641657443
1781033246768078635,true,false,3,3,0,0,0,0,0.0,true,1781033246749542625
1781033246868877954,true,false,3,3,0,0,0,0,0.0,true,1781033246840696934
1781033246965962731,true,false,3,3,0,0,0,0,0.0,true,1781033246952066005
1781033247066336095,true,false,3,3,0,0,0,0,0.0,true,1781033247040655362
1781033247166310446,true,false,3,3,0,0,0,0,0.0,true,1781033247118854898
1781033247266059028,true,false,3,3,0,0,0,0,0.0,true,1781033247248392277
1781033247368865278,true,false,3,3,0,0,0,0,0.0,true,1781033247330140520
1781033247465453875,true,false,3,3,0,0,0,0,0.0,true,1781033247464478867
1781033247565956006,true,false,3,3,0,0,0,0,0.0,true,1781033247562910886
1781033247665709099,true,false,3,3,0,0,0,0,0.0,true,1781033247660412481
1781033247768897162,true,false,3,3,0,0,0,0,0.0,true,1781033247743903089
1781033247865951965,true,false,3,3,0,0,0,0,0.0,true,1781033247849291547
1781033247967941817,true,false,3,3,0,0,0,0,0.0,true,1781033247967015348
1781033248072866554,true,false,3,3,0,0,0,0,0.0,true,1781033248038122460
1781033248174459147,true,false,3,3,0,0,0,0,0.0,true,1781033248169669886
1781033248276894567,true,false,3,3,0,0,0,0,0.0,true,1781033248261381696
1781033248381040861,true,false,3,3,0,0,0,0,0.0,true,1781033248345280740
1781033248485530994,true,false,3,3,0,0,0,0,0.0,true,1781033248467853288
1781033248584872303,true,false,3,3,0,0,0,0,0.0,true,1781033248569490232
1781033248681978062,true,false,3,3,0,0,0,0,0.0,true,1781033248653806308
1781033248781361500,true,false,3,3,0,0,0,0,0.0,true,1781033248760306706
1781033248881380733,true,false,3,3,0,0,0,0,0.0,true,1781033248868725980
1781033248988896392,true,false,3,3,0,0,0,0,0.0,true,1781033248953731874
1781033249091276935,true,false,3,3,0,0,0,0,0.0,true,1781033249069042774
1781033249190431887,true,false,3,3,0,0,0,0,0.0,true,1781033249176845690
1781033249290240564,true,false,3,3,0,0,0,0,0.0,true,1781033249288440733
1781033249392866758,true,false,3,3,0,0,0,0,0.0,true,1781033249368875801
1781033249492844984,true,false,3,3,0,0,0,0,0.0,true,1781033249477070705
1781033249592913681,true,false,3,3,0,0,0,0,0.0,true,1781033249543536787
1781033249692922767,true,false,3,3,0,0,0,0,0.0,true,1781033249648359750
1781033249792872650,true,false,3,3,0,0,0,0,0.0,true,1781033249755671870
1781033249892884893,true,false,3,3,0,0,0,0,0.0,true,1781033249880318864
1781033249990751066,true,false,3,3,0,0,0,0,0.0,true,1781033249988406622
1781033250090006266,true,false,3,3,0,0,0,0,0.0,true,1781033250067960751
1781033250189550870,true,false,3,3,0,0,0,0,0.0,true,1781033250179398626
1781033250293173187,true,false,3,3,0,0,0,0,0.0,true,1781033250261205858
1781033250390279387,true,false,3,3,0,0,0,0,0.0,true,1781033250348157694
1781033250490447124,true,false,3,3,0,0,0,0,0.0,true,1781033250480591303
1781033250589715345,true,false,3,3,0,0,0,0,0.0,true,1781033250584858031
1781033250690189987,true,false,3,3,0,0,0,0,0.0,true,1781033250685337568
1781033250789891303,true,false,3,3,0,0,0,0,0.0,true,1781033250772921365
1781033250889509160,true,false,3,3,0,0,0,0,0.0,true,1781033250885054648
1781033250991372561,true,false,3,3,0,0,0,0,0.0,true,1781033250972156642
1781033251096883488,true,false,3,3,0,0,0,0,0.0,true,1781033251066294097
1781033251197443525,true,false,3,3,0,0,0,0,0.0,true,1781033251196355707
1781033251298113301,true,false,3,3,0,0,0,0,0.0,true,1781033251283644140
1781033251398223073,true,false,3,3,0,0,0,0,0.0,true,1781033251370489423
1781033251497904316,true,false,3,3,0,0,0,0,0.0,true,1781033251481914678
1781033251600892024,true,false,3,3,0,0,0,0,0.0,true,1781033251598727859
1781033251698361792,true,false,3,3,0,0,0,0,0.0,true,1781033251685523403
1781033251797748688,true,false,3,3,0,0,0,0,0.0,true,1781033251789977382
1781033251899265092,true,false,3,3,0,0,0,0,0.0,true,1781033251871596431
1781033251998156163,true,false,3,3,0,0,0,0,0.0,true,1781033251971536107
1781033252097721299,true,false,3,3,0,0,0,0,0.0,true,1781033252070238239
1781033252201053859,true,false,3,3,0,0,0,0,0.0,true,1781033252185605940
1781033252297478589,true,false,3,3,0,0,0,0,0.0,true,1781033252288480392
1781033252397959567,true,false,3,3,0,0,0,0,0.0,true,1781033252393844808
1781033252498182000,true,false,3,3,0,0,0,0,0.0,true,1781033252480268327
1781033252601087073,true,false,3,3,0,0,0,0,0.0,true,1781033252579741338
1781033252705052444,true,false,3,3,0,0,0,0,0.0,true,1781033252687158961
1781033252808830982,true,false,3,3,0,0,0,0,0.0,true,1781033252800852253
1781033252908893414,true,false,3,3,0,0,0,0,0.0,true,1781033252884818052
1781033253008873273,true,false,3,3,0,0,0,0,0.0,true,1781033252983599916
1781033253108882250,true,false,3,3,0,0,0,0,0.0,true,1781033253080605112
1781033253206721475,true,false,3,3,0,0,0,0,0.0,true,1781033253174312279
1781033253312875419,true,false,3,3,0,0,0,0,0.0,true,1781033253300440323
1781033253416935606,true,false,3,3,0,0,0,0,0.0,true,1781033253386287846
1781033253516887970,true,false,3,3,0,0,0,0,0.0,true,1781033253506143614
1781033253613392202,true,false,3,3,0,0,0,0,0.0,true,1781033253612396468
1781033253714034626,true,false,3,3,0,0,0,0,0.0,true,1781033253706759495
1781033253816880829,true,false,3,3,0,0,0,0,0.0,true,1781033253801121166
1781033253913553103,true,false,3,3,0,0,0,0,0.0,true,1781033253905136815
1781033254014146540,true,false,3,3,0,0,0,0,0.0,true,1781033253992254488
1781033254116889967,true,false,3,3,0,0,0,0,0.0,true,1781033254101232449
1781033254214441429,true,false,3,3,0,0,0,0,0.0,true,1781033254198028042
1781033254314301304,true,false,3,3,0,0,0,0,0.0,true,1781033254305967638
1781033254413435184,true,false,3,3,0,0,0,0,0.0,true,1781033254408451964
1781033254516849885,true,false,3,3,0,0,0,0,0.0,true,1781033254510308094
1781033254613868867,true,false,3,3,0,0,0,0,0.0,true,1781033254610800933
1781033254715277076,true,false,3,3,0,0,0,0,0.0,true,1781033254680490249
1781033254816862743,true,false,3,3,0,0,0,0,0.0,true,1781033254807816601
1781033254916877159,true,false,3,3,0,0,0,0,0.0,true,1781033254901189508
1781033255014019082,true,false,3,3,0,0,0,0,0.0,true,1781033254989435418
1781033255120987193,true,false,3,3,0,0,0,0,0.0,true,1781033255097201725
1781033255221784006,true,false,3,3,0,0,0,0,0.0,true,1781033255220374917
1781033255324520918,true,false,3,3,0,0,0,0,0.0,true,1781033255309556686
1781033255421858159,true,false,3,3,0,0,0,0,0.0,true,1781033255419922516
1781033255524910209,true,false,3,3,0,0,0,0,0.0,true,1781033255500150798
1781033255624905126,true,false,3,3,0,0,0,0,0.0,true,1781033255600485347
1781033255722426556,true,false,3,3,0,0,0,0,0.0,true,1781033255705198182
1781033255822121897,true,false,3,3,0,0,0,0,0.0,true,1781033255814349818
1781033255924891628,true,false,3,3,0,0,0,0,0.0,true,1781033255894134287
1781033256025687995,true,false,3,3,0,0,0,0,0.0,true,1781033256020596767
1781033256124065291,true,false,3,3,0,0,0,0,0.0,true,1781033256105771840
1781033256228879430,true,false,3,3,0,0,0,0,0.0,true,1781033256199825146
1781033256329978093,true,false,3,3,0,0,0,0,0.0,true,1781033256303420530
1781033256430129330,true,false,3,3,0,0,0,0,0.0,true,1781033256422100652
1781033256529469251,true,false,3,3,0,0,0,0,0.0,true,1781033256524489389
1781033256629669060,true,false,3,3,0,0,0,0,0.0,true,1781033256626880750
1781033256732889972,true,false,3,3,0,0,0,0,0.0,true,1781033256718625967
1781033256830151204,true,false,3,3,0,0,0,0,0.0,true,1781033256806738010
1781033256932877340,true,false,3,3,0,0,0,0,0.0,true,1781033256910466503
1781033257032877194,true,false,3,3,0,0,0,0,0.0,true,1781033257010326419
1781033257132873004,true,false,3,3,0,0,0,0,0.0,true,1781033257109102798
1781033257229493493,true,false,3,3,0,0,0,0,0.0,true,1781033257218333256
1781033257332921725,true,false,3,3,0,0,0,0,0.0,true,1781033257303199581
1781033257429609765,true,false,3,3,0,0,0,0,0.0,true,1781033257403768632
1781033257532453455,true,false,3,3,0,0,0,0,0.0,true,1781033257531789262
1781033257632862584,true,false,3,3,0,0,0,0,0.0,true,1781033257619324003
1781033257730962692,true,false,3,3,0,0,0,0,0.0,true,1781033257725907652
1781033257830029945,true,false,3,3,0,0,0,0,0.0,true,1781033257808890565
1781033257932875889,true,false,3,3,0,0,0,0,0.0,true,1781033257897904383
1781033258029840068,true,false,3,3,0,0,0,0,0.0,true,1781033257996852217
1781033258130182971,true,false,3,3,0,0,0,0,0.0,true,1781033258104233911
1781033258230011904,true,false,3,3,0,0,0,0,0.0,true,1781033258211496733
1781033258335382147,true,false,3,3,0,0,0,0,0.0,true,1781033258319668099
1781033258440657180,true,false,3,3,0,0,0,0,0.0,true,1781033258432245331
1781033258548864078,true,false,3,3,0,0,0,0,0.0,true,1781033258536862903
1781033258651361629,true,false,3,3,0,0,0,0,0.0,true,1781033258621286773
1781033258751483316,true,false,3,3,0,0,0,0,0.0,true,1781033258736545295
1781033258849632992,true,false,3,3,0,0,0,0,0.0,true,1781033258845301435
1781033258949685182,true,false,3,3,0,0,0,0,0.0,true,1781033258938675024
1781033259050133152,true,false,3,3,0,0,0,0,0.0,true,1781033259037485485
1781033259149641972,true,false,3,3,0,0,0,0,0.0,true,1781033259144706200
1781033259256953669,true,false,3,3,0,0,0,0,0.0,true,1781033259227966591
1781033259358232116,true,false,3,3,0,0,0,0,0.0,true,1781033259353118698
1781033259457420540,true,false,3,3,0,0,0,0,0.0,true,1781033259456420315
1781033259565008780,true,false,3,3,0,0,0,0,0.0,true,1781033259550384921
1781033259668885386,true,false,3,3,0,0,0,0,0.0,true,1781033259641187011
1781033259765532209,true,false,3,3,0,0,0,0,0.0,true,1781033259718829262
1781033259868879664,true,false,3,3,0,0,0,0,0.0,true,1781033259860341007
1781033259967434138,true,false,3,3,0,0,0,0,0.0,true,1781033259946283975
1781033260067440299,true,false,3,3,0,0,0,0,0.0,true,1781033260054989037
1781033260169662330,true,false,3,3,0,0,0,0,0.0,true,1781033260155817575
1781033260268870410,true,false,3,3,0,0,0,0,0.0,true,1781033260246024706
1781033260366131000,true,false,3,3,0,0,0,0,0.0,true,1781033260353806652
1781033260466701457,true,false,3,3,0,0,0,0,0.0,true,1781033260440772538
1781033260566237517,true,false,3,3,0,0,0,0,0.0,true,1781033260532504524
1781033260665804217,true,false,3,3,0,0,0,0,0.0,true,1781033260658439808
1781033260767376967,true,false,3,3,0,0,0,0,0.0,true,1781033260733712645
1781033260868404127,true,false,3,3,0,0,0,0,0.0,true,1781033260840706824
1781033260968902422,true,false,3,3,0,0,0,0,0.0,true,1781033260934110473
1781033261068871513,true,false,3,3,0,0,0,0,0.0,true,1781033261055808570
1781033261165953003,true,false,3,3,0,0,0,0,0.0,true,1781033261156742560
1781033261267640720,true,false,3,3,0,0,0,0,0.0,true,1781033261254811085
1781033261365486498,true,false,3,3,0,0,0,0,0.0,true,1781033261364980609
1781033261468884098,true,false,3,3,0,0,0,0,0.0,true,1781033261460576585
1781033261565923816,true,false,3,3,0,0,0,0,0.0,true,1781033261563118854
1781033261665714106,true,false,3,3,0,0,0,0,0.0,true,1781033261663945865
1781033261772863422,true,false,3,3,0,0,0,0,0.0,true,1781033261749675384
1781033261881283834,true,false,3,3,0,0,0,0,0.0,true,1781033261878656354
1781033261982400819,true,false,3,3,0,0,0,0,0.0,true,1781033261953647491
1781033262081589255,true,false,3,3,0,0,0,0,0.0,true,1781033262077035360
1781033262181513501,true,false,3,3,0,0,0,0,0.0,true,1781033262164699600
1781033262281466971,true,false,3,3,0,0,0,0,0.0,true,1781033262280901169
1781033262381410321,true,false,3,3,0,0,0,0,0.0,true,1781033262381287087
1781033262481814189,true,false,3,3,0,0,0,0,0.0,true,1781033262481729774
1781033262581853059,true,false,3,3,0,0,0,0,0.0,true,1781033262562391541
1781033262682059832,true,false,3,3,0,0,0,0,0.0,true,1781033262667731009
1781033262782065608,true,false,3,3,0,0,0,0,0.0,true,1781033262763568116
1781033262881809284,true,false,3,3,0,0,0,0,0.0,true,1781033262867914512
1781033262981894702,true,false,3,3,0,0,0,0,0.0,true,1781033262968505344
1781033263081632253,true,false,3,3,0,0,0,0,0.0,true,1781033263069193812
1781033263181634452,true,false,3,3,0,0,0,0,0.0,true,1781033263170214864
1781033263282329029,true,false,3,3,0,0,0,0,0.0,true,1781033263270030719
1781033263381524583,true,false,3,3,0,0,0,0,0.0,true,1781033263366791653
1781033263481678514,true,false,3,3,0,0,0,0,0.0,true,1781033263467381784
1781033263581621079,true,false,3,3,0,0,0,0,0.0,true,1781033263568369664
1781033263681749825,true,false,3,3,0,0,0,0,0.0,true,1781033263668280829
1781033263783305055,true,false,3,3,0,0,0,0,0.0,true,1781033263767598158
1781033263882332467,true,false,3,3,0,0,0,0,0.0,true,1781033263868392225
1781033263982407555,true,false,3,3,0,0,0,0,0.0,true,1781033263968983863
1781033264082036949,true,false,3,3,0,0,0,0,0.0,true,1781033264069885044
1781033264182098517,true,false,3,3,0,0,0,0,0.0,true,1781033264170986911
1781033264282438977,true,false,3,3,0,0,0,0,0.0,true,1781033264271339058
1781033264382022321,true,false,3,3,0,0,0,0,0.0,true,1781033264372657701
1781033264482101011,true,false,3,3,0,0,0,0,0.0,true,1781033264472038939
1781033264581849363,true,false,3,3,0,0,0,0,0.0,true,1781033264572963808
1781033264681970319,true,false,3,3,0,0,0,0,0.0,true,1781033264674806590
1781033264781796259,true,false,3,3,0,0,0,0,0.0,true,1781033264776300342
1781033264882104690,true,false,3,3,0,0,0,0,0.0,true,1781033264879808861
1781033264982210510,true,false,3,3,0,0,0,0,0.0,true,1781033264974876897
1781033265081521234,true,false,3,3,0,0,0,0,0.0,true,1781033265080455308
1781033265181475323,true,false,3,3,0,0,0,0,0.0,true,1781033265181165835
1781033265281506343,true,false,3,3,0,0,0,0,0.0,true,1781033265277113858
1781033265381685335,true,false,3,3,0,0,0,0,0.0,true,1781033265378311820
1781033265481755405,true,false,3,3,0,0,0,0,0.0,true,1781033265477410555
1781033265581646570,true,false,3,3,0,0,0,0,0.0,true,1781033265581556376
1781033265681681037,true,false,3,3,0,0,0,0,0.0,true,1781033265678727854
1781033265782090669,true,false,3,3,0,0,0,0,0.0,true,1781033265779757663
1781033265882431875,true,false,3,3,0,0,0,0,0.0,true,1781033265880347916
1781033265982032765,true,false,3,3,0,0,0,0,0.0,true,1781033265979913223
1781033266082236398,true,false,3,3,0,0,0,0,0.0,true,1781033266080328010
1781033266182267454,true,false,3,3,0,0,0,0,0.0,true,1781033266180291504
1781033266281388913,true,false,3,3,0,0,0,0,0.0,true,1781033266280865527
1781033266381502660,true,false,3,3,0,0,0,0,0.0,true,1781033266366543118
1781033266482111576,true,false,3,3,0,0,0,0,0.0,true,1781033266463725062
1781033266581489921,true,false,3,3,0,0,0,0,0.0,true,1781033266564075379
1781033266681895396,true,false,3,3,0,0,0,0,0.0,true,1781033266667371363
1781033266782522634,true,false,3,3,0,0,0,0,0.0,true,1781033266764714006
1781033266881945966,true,false,3,3,0,0,0,0,0.0,true,1781033266865737444
1781033266982002661,true,false,3,3,0,0,0,0,0.0,true,1781033266966652996
1781033267082099722,true,false,3,3,0,0,0,0,0.0,true,1781033267065873781
1781033267182052694,true,false,3,3,0,0,0,0,0.0,true,1781033267166617427
1781033267282747933,true,false,3,3,0,0,0,0,0.0,true,1781033267266276163
1781033267382422749,true,false,3,3,0,0,0,0,0.0,true,1781033267371976143
1781033267482155317,true,false,3,3,0,0,0,0,0.0,true,1781033267471864741
1781033267581533332,true,false,3,3,0,0,0,0,0.0,true,1781033267572083270
1781033267681679798,true,false,3,3,0,0,0,0,0.0,true,1781033267670351890
1781033267781643085,true,false,3,3,0,0,0,0,0.0,true,1781033267768203136
1781033267881892967,true,false,3,3,0,0,0,0,0.0,true,1781033267871589200
1781033267981573595,true,false,3,3,0,0,0,0,0.0,true,1781033267969340283
1781033268082066931,true,false,3,3,0,0,0,0,0.0,true,1781033268074317646
1781033268182422791,true,false,3,3,0,0,0,0,0.0,true,1781033268171374506
1781033268281531627,true,false,3,3,0,0,0,0,0.0,true,1781033268271417813
1781033268382398526,true,false,3,3,0,0,0,0,0.0,true,1781033268373291242
1781033268482407200,true,false,3,3,0,0,0,0,0.0,true,1781033268473057214
1781033268581715258,true,false,3,3,0,0,0,0,0.0,true,1781033268574143160
1781033268681799748,true,false,3,3,0,0,0,0,0.0,true,1781033268678725532
1781033268781744398,true,false,3,3,0,0,0,0,0.0,true,1781033268779386565
1781033268881406917,true,false,3,3,0,0,0,0,0.0,true,1781033268880959724
1781033268981452195,true,false,3,3,0,0,0,0,0.0,true,1781033268980550667
1781033269081489940,true,false,3,3,0,0,0,0,0.0,true,1781033269081269033
1781033269181411455,true,false,3,3,0,0,0,0,0.0,true,1781033269180424183
1781033269282625128,true,false,3,3,0,0,0,0,0.0,true,1781033269261353828
1781033269381906567,true,false,3,3,0,0,0,0,0.0,true,1781033269377400565
1781033269482175975,true,false,3,3,0,0,0,0,0.0,true,1781033269477847142
1781033269582269720,true,false,3,3,0,0,0,0,0.0,true,1781033269562950756
1781033269682392209,true,false,3,3,0,0,0,0,0.0,true,1781033269679573167
1781033269782743032,true,false,3,3,0,0,0,0,0.0,true,1781033269781139548
1781033269881708015,true,false,3,3,0,0,0,0,0.0,true,1781033269861556354
1781033269981381292,true,false,3,3,0,0,0,0,0.0,true,1781033269980808914
1781033270082448926,true,false,3,3,0,0,0,0,0.0,true,1781033270067845608
1781033270184429883,true,false,3,3,0,0,0,0,0.0,true,1781033270166139450
1781033270282996541,true,false,3,3,0,0,0,0,0.0,true,1781033270265040292
1781033270382093781,true,false,3,3,0,0,0,0,0.0,true,1781033270365568019
1781033270481536672,true,false,3,3,0,0,0,0,0.0,true,1781033270466017728
1781033270581919494,true,false,3,3,0,0,0,0,0.0,true,1781033270568504026
1781033270684863147,true,false,3,3,0,0,0,0,0.0,true,1781033270668286759
1781033270781644708,true,false,3,3,0,0,0,0,0.0,true,1781033270772348155
1781033270882101624,true,false,3,3,0,0,0,0,0.0,true,1781033270874622400
1781033270982059819,true,false,3,3,0,0,0,0,0.0,true,1781033270974677891
1781033271081896476,true,false,3,3,0,0,0,0,0.0,true,1781033271071389139
1781033271182004714,true,false,3,3,0,0,0,0,0.0,true,1781033271172606020
1781033271282475730,true,false,3,3,0,0,0,0,0.0,true,1781033271272227123
1781033271381581589,true,false,3,3,0,0,0,0,0.0,true,1781033271374133952
1781033271482241448,true,false,3,3,0,0,0,0,0.0,true,1781033271473799290
1781033271581774147,true,false,3,3,0,0,0,0,0.0,true,1781033271576307530
1781033271682290325,true,false,3,3,0,0,0,0,0.0,true,1781033271676667118
1781033271784400737,true,false,3,3,0,0,0,0,0.0,true,1781033271761073792
1781033271881613711,true,false,3,3,0,0,0,0,0.0,true,1781033271876919646
1781033271982152481,true,false,3,3,0,0,0,0,0.0,true,1781033271978698251
1781033272083223493,true,false,3,3,0,0,0,0,0.0,true,1781033272060602628
1781033272182351232,true,false,3,3,0,0,0,0,0.0,true,1781033272166417853
1781033272282160222,true,false,3,3,0,0,0,0,0.0,true,1781033272266669193
1781033272381838018,true,false,3,3,0,0,0,0,0.0,true,1781033272366914556
1781033272483639575,true,false,3,3,0,0,0,0,0.0,true,1781033272464452459
1781033272581650469,true,false,3,3,0,0,0,0,0.0,true,1781033272564905537
1781033272682181065,true,false,3,3,0,0,0,0,0.0,true,1781033272666106235
1781033272782104156,true,false,3,3,0,0,0,0,0.0,true,1781033272764264680
1781033272881632949,true,false,3,3,0,0,0,0,0.0,true,1781033272865501670
1781033272982308449,true,false,3,3,0,0,0,0,0.0,true,1781033272969800703
1781033273081475665,true,false,3,3,0,0,0,0,0.0,true,1781033273070721811
1781033273182323845,true,false,3,3,0,0,0,0,0.0,true,1781033273172294593
1781033273284872540,true,false,3,3,0,0,0,0,0.0,true,1781033273271520362
1781033273381862466,true,false,3,3,0,0,0,0,0.0,true,1781033273352266996
1781033273481755830,true,false,3,3,0,0,0,0,0.0,true,1781033273476339036
1781033273582387152,true,false,3,3,0,0,0,0,0.0,true,1781033273576947569
1781033273682057339,true,false,3,3,0,0,0,0,0.0,true,1781033273678121907
1781033273782379447,true,false,3,3,0,0,0,0,0.0,true,1781033273778361588
1781033273882090427,true,false,3,3,0,0,0,0,0.0,true,1781033273879811157
1781033273982629705,true,false,3,3,0,0,0,0,0.0,true,1781033273964150636
1781033274082194664,true,false,3,3,0,0,0,0,0.0,true,1781033274064835333
1781033274182375084,true,false,3,3,0,0,0,0,0.0,true,1781033274166937658
1781033274281595019,true,false,3,3,0,0,0,0,0.0,true,1781033274281047247
1781033274382183903,true,false,3,3,0,0,0,0,0.0,true,1781033274362739716
1781033274481884666,true,false,3,3,0,0,0,0,0.0,true,1781033274464294905
1781033274582438097,true,false,3,3,0,0,0,0,0.0,true,1781033274568078030
1781033274681772479,true,false,3,3,0,0,0,0,0.0,true,1781033274666330240
1781033274782105498,true,false,3,3,0,0,0,0,0.0,true,1781033274765384089
1781033274882010598,true,false,3,3,0,0,0,0,0.0,true,1781033274865230847
1781033274981861483,true,false,3,3,0,0,0,0,0.0,true,1781033274967375013
1781033275082250648,true,false,3,3,0,0,0,0,0.0,true,1781033275066018710
1781033275181865311,true,false,3,3,0,0,0,0,0.0,true,1781033275171496925
1781033275282132666,true,false,3,3,0,0,0,0,0.0,true,1781033275270726313
1781033275381586134,true,false,3,3,0,0,0,0,0.0,true,1781033275371786990
1781033275482308138,true,false,3,3,0,0,0,0,0.0,true,1781033275467951487
1781033275582211648,true,false,3,3,0,0,0,0,0.0,true,1781033275569971894
1781033275681849623,true,false,3,3,0,0,0,0,0.0,true,1781033275675607793
1781033275782297775,true,false,3,3,0,0,0,0,0.0,true,1781033275774944010
1781033275881502252,true,false,3,3,0,0,0,0,0.0,true,1781033275876079648
1781033275982133293,true,false,3,3,0,0,0,0,0.0,true,1781033275971678027
1781033276082093143,true,false,3,3,0,0,0,0,0.0,true,1781033276073127180
1781033276182258217,true,false,3,3,0,0,0,0,0.0,true,1781033276177014488
1781033276282737268,true,false,3,3,0,0,0,0,0.0,true,1781033276277461421
1781033276382114293,true,false,3,3,0,0,0,0,0.0,true,1781033276379006239
1781033276481445905,true,false,3,3,0,0,0,0,0.0,true,1781033276480253487
1781033276582346216,true,false,3,3,0,0,0,0,0.0,true,1781033276576906648
1781033276681673193,true,false,3,3,0,0,0,0,0.0,true,1781033276676516821
1781033276781713609,true,false,3,3,0,0,0,0,0.0,true,1781033276778768349
1781033276882304280,true,false,3,3,0,0,0,0,0.0,true,1781033276863715841
1781033276981696749,true,false,3,3,0,0,0,0,0.0,true,1781033276964186761
1781033277081511084,true,false,3,3,0,0,0,0,0.0,true,1781033277064161112
1781033277182011155,true,false,3,3,0,0,0,0,0.0,true,1781033277165813752
1781033277282208393,true,false,3,3,0,0,0,0,0.0,true,1781033277265130747
1781033277381537753,true,false,3,3,0,0,0,0,0.0,true,1781033277366122049
1781033277482356189,true,false,3,3,0,0,0,0,0.0,true,1781033277463083654
1781033277581680994,true,false,3,3,0,0,0,0,0.0,true,1781033277567351015
1781033277682011605,true,false,3,3,0,0,0,0,0.0,true,1781033277669326832
1781033277781948623,true,false,3,3,0,0,0,0,0.0,true,1781033277768433860
1781033277882162631,true,false,3,3,0,0,0,0,0.0,true,1781033277869762591
1781033277982200153,true,false,3,3,0,0,0,0,0.0,true,1781033277967375168
1781033278082106057,true,false,3,3,0,0,0,0,0.0,true,1781033278067656041
1781033278181968944,true,false,3,3,0,0,0,0,0.0,true,1781033278169309874
1781033278282566380,true,false,3,3,0,0,0,0,0.0,true,1781033278266886878
1781033278381546563,true,false,3,3,0,0,0,0,0.0,true,1781033278370098785
1781033278482196406,true,false,3,3,0,0,0,0,0.0,true,1781033278467741639
1781033278582204441,true,false,3,3,0,0,0,0,0.0,true,1781033278569066041
1781033278681620251,true,false,3,3,0,0,0,0,0.0,true,1781033278670291782
1781033278781479128,true,false,3,3,0,0,0,0,0.0,true,1781033278769837282
1781033278881695734,true,false,3,3,0,0,0,0,0.0,true,1781033278873339731
1781033278982449542,true,false,3,3,0,0,0,0,0.0,true,1781033278971102005
1781033279081558270,true,false,3,3,0,0,0,0,0.0,true,1781033279071085810
1781033279181671883,true,false,3,3,0,0,0,0,0.0,true,1781033279178202004
1781033279282418397,true,false,3,3,0,0,0,0,0.0,true,1781033279278294915
1781033279381541246,true,false,3,3,0,0,0,0,0.0,true,1781033279379338736
1781033279482431442,true,false,3,3,0,0,0,0,0.0,true,1781033279479970340
1781033279582174836,true,false,3,3,0,0,0,0,0.0,true,1781033279578742696
1781033279682369002,true,false,3,3,0,0,0,0,0.0,true,1781033279676142755
1781033279782173075,true,false,3,3,0,0,0,0,0.0,true,1781033279776879275
1781033279881509680,true,false,3,3,0,0,0,0,0.0,true,1781033279858163444
1781033279982238934,true,false,3,3,0,0,0,0,0.0,true,1781033279979088480
1781033280082028556,true,false,3,3,0,0,0,0,0.0,true,1781033280080474075
1781033280182170859,true,false,3,3,0,0,0,0,0.0,true,1781033280164054243
1781033280282212703,true,false,3,3,0,0,0,0,0.0,true,1781033280263361042
1781033280381712705,true,false,3,3,0,0,0,0,0.0,true,1781033280371325631
1781033280482229210,true,false,3,3,0,0,0,0,0.0,true,1781033280470903662
1781033280582219203,true,false,3,3,0,0,0,0,0.0,true,1781033280572637212
1781033280681838638,true,false,3,3,0,0,0,0,0.0,true,1781033280677603165
1781033280781737118,true,false,3,3,0,0,0,0,0.0,true,1781033280777230792
1781033280882088083,true,false,3,3,0,0,0,0,0.0,true,1781033280878921154
1781033280981947259,true,false,3,3,0,0,0,0,0.0,true,1781033280978175917
1781033281082338620,true,false,3,3,0,0,0,0,0.0,true,1781033281080226449
1781033281181822345,true,false,3,3,0,0,0,0,0.0,true,1781033281179329276
1781033281282038723,true,false,3,3,0,0,0,0,0.0,true,1781033281276828769
1781033281382388841,true,false,3,3,0,0,0,0,0.0,true,1781033281380191214
1781033281482349228,true,false,3,3,0,0,0,0,0.0,true,1781033281481228027
1781033281582163214,true,false,3,3,0,0,0,0,0.0,true,1781033281561653255
1781033281681864531,true,false,3,3,0,0,0,0,0.0,true,1781033281663459876
1781033281782403854,true,false,3,3,0,0,0,0,0.0,true,1781033281778815703
1781033281882088175,true,false,3,3,0,0,0,0,0.0,true,1781033281879840155
1781033281981688854,true,false,3,3,0,0,0,0,0.0,true,1781033281960638250
1781033282082093431,true,false,3,3,0,0,0,0,0.0,true,1781033282061176088
1781033282181941259,true,false,3,3,0,0,0,0,0.0,true,1781033282165331482
1781033282282267815,true,false,3,3,0,0,0,0,0.0,true,1781033282265939176
1781033282382368542,true,false,3,3,0,0,0,0,0.0,true,1781033282362822224
1781033282481566870,true,false,3,3,0,0,0,0,0.0,true,1781033282468250175
1781033282582094214,true,false,3,3,0,0,0,0,0.0,true,1781033282563645095
1781033282681896506,true,false,3,3,0,0,0,0,0.0,true,1781033282668380054
1781033282781510487,true,false,3,3,0,0,0,0,0.0,true,1781033282768205654
1781033282881608148,true,false,3,3,0,0,0,0,0.0,true,1781033282870350277
1781033282982147331,true,false,3,3,0,0,0,0,0.0,true,1781033282969734175
1781033283082446562,true,false,3,3,0,0,0,0,0.0,true,1781033283070067162
1781033283181898558,true,false,3,3,0,0,0,0,0.0,true,1781033283170642177
1781033283281620148,true,false,3,3,0,0,0,0,0.0,true,1781033283271324032
1781033283381616303,true,false,3,3,0,0,0,0,0.0,true,1781033283373066517
1781033283482295444,true,false,3,3,0,0,0,0,0.0,true,1781033283473071484
1781033283581971327,true,false,3,3,0,0,0,0,0.0,true,1781033283572624473
1781033283681674818,true,false,3,3,0,0,0,0,0.0,true,1781033283674451146
1781033283782249144,true,false,3,3,0,0,0,0,0.0,true,1781033283770064036
1781033283882074442,true,false,3,3,0,0,0,0,0.0,true,1781033283875446600
1781033283981500823,true,false,3,3,0,0,0,0,0.0,true,1781033283974779389
1781033284082199265,true,false,3,3,0,0,0,0,0.0,true,1781033284075909560
1781033284182317066,true,false,3,3,0,0,0,0,0.0,true,1781033284172272309
1781033284282288109,true,false,3,3,0,0,0,0,0.0,true,1781033284277322932
1781033284382357004,true,false,3,3,0,0,0,0,0.0,true,1781033284379292099
1781033284481619495,true,false,3,3,0,0,0,0,0.0,true,1781033284477937740
1781033284581664228,true,false,3,3,0,0,0,0,0.0,true,1781033284578361738
1781033284681828365,true,false,3,3,0,0,0,0,0.0,true,1781033284678699408
1781033284781494659,true,false,3,3,0,0,0,0,0.0,true,1781033284760087542
1781033284882342966,true,false,3,3,0,0,0,0,0.0,true,1781033284879975078
1781033284982403114,true,false,3,3,0,0,0,0,0.0,true,1781033284981256708
1781033285081503198,true,false,3,3,0,0,0,0,0.0,true,1781033285060647916
1781033285181721690,true,false,3,3,0,0,0,0,0.0,true,1781033285181615287
1781033285282206314,true,false,3,3,0,0,0,0,0.0,true,1781033285261834380
1781033285381974447,true,false,3,3,0,0,0,0,0.0,true,1781033285379268015
1781033285482282600,true,false,3,3,0,0,0,0,0.0,true,1781033285464006160
1781033285582354937,true,false,3,3,0,0,0,0,0.0,true,1781033285565510663
1781033285682098660,true,false,3,3,0,0,0,0,0.0,true,1781033285664944365
1781033285784905870,true,false,3,3,0,0,0,0,0.0,true,1781033285765428538
1781033285882133702,true,false,3,3,0,0,0,0,0.0,true,1781033285865451074
1781033285982172136,true,false,3,3,0,0,0,0,0.0,true,1781033285963801183
1781033286081781557,true,false,3,3,0,0,0,0,0.0,true,1781033286064156461
1781033286181705115,true,false,3,3,0,0,0,0,0.0,true,1781033286164173404
1781033286283015731,true,false,3,3,0,0,0,0,0.0,true,1781033286263830855
1781033286383855982,true,false,3,3,0,0,0,0,0.0,true,1781033286364496868
1781033286482068835,true,false,3,3,0,0,0,0,0.0,true,1781033286466343703
1781033286584915565,true,false,3,3,0,0,0,0,0.0,true,1781033286567589855
1781033286684899123,true,false,3,3,0,0,0,0,0.0,true,1781033286668337257
1781033286783116612,true,false,3,3,0,0,0,0,0.0,true,1781033286766662995
1781033286881651519,true,false,3,3,0,0,0,0,0.0,true,1781033286868052942
1781033286981922692,true,false,3,3,0,0,0,0,0.0,true,1781033286967365541
1781033287082066439,true,false,3,3,0,0,0,0,0.0,true,1781033287068556653
1781033287181828203,true,false,3,3,0,0,0,0,0.0,true,1781033287171433579
1781033287281690987,true,false,3,3,0,0,0,0,0.0,true,1781033287269917259
1781033287381939823,true,false,3,3,0,0,0,0,0.0,true,1781033287370110982
1781033287482384189,true,false,3,3,0,0,0,0,0.0,true,1781033287469983629
1781033287581825845,true,false,3,3,0,0,0,0,0.0,true,1781033287570416709
1781033287681941109,true,false,3,3,0,0,0,0,0.0,true,1781033287671850365
1781033287782329047,true,false,3,3,0,0,0,0,0.0,true,1781033287774985951
1781033287881883470,true,false,3,3,0,0,0,0,0.0,true,1781033287876411114
1781033287982448832,true,false,3,3,0,0,0,0,0.0,true,1781033287976087040
1781033288081824761,true,false,3,3,0,0,0,0,0.0,true,1781033288072702817
1781033288181653901,true,false,3,3,0,0,0,0,0.0,true,1781033288177313564
1781033288282002868,true,false,3,3,0,0,0,0,0.0,true,1781033288277520359
1781033288381711182,true,false,3,3,0,0,0,0,0.0,true,1781033288378574677
1781033288482080196,true,false,3,3,0,0,0,0,0.0,true,1781033288478730048
1781033288582284119,true,false,3,3,0,0,0,0,0.0,true,1781033288579390615
1781033288682311671,true,false,3,3,0,0,0,0,0.0,true,1781033288679162592
1781033288781356152,true,false,3,3,0,0,0,0,0.0,true,1781033288780323426
1781033288881382703,true,false,3,3,0,0,0,0,0.0,true,1781033288880804777
1781033288982244541,true,false,3,3,0,0,0,0,0.0,true,1781033288982041404
1781033289081808489,true,false,3,3,0,0,0,0,0.0,true,1781033289062404998
1781033289181771075,true,false,3,3,0,0,0,0,0.0,true,1781033289179511404
1781033289281810317,true,false,3,3,0,0,0,0,0.0,true,1781033289264194848
1781033289381535269,true,false,3,3,0,0,0,0,0.0,true,1781033289381461600
1781033289482066131,true,false,3,3,0,0,0,0,0.0,true,1781033289466504299
1781033289581465353,true,false,3,3,0,0,0,0,0.0,true,1781033289568098776
1781033289681545914,true,false,3,3,0,0,0,0,0.0,true,1781033289670083727
1781033289782304830,true,false,3,3,0,0,0,0,0.0,true,1781033289769058533
1781033289882085083,true,false,3,3,0,0,0,0,0.0,true,1781033289869211527
1781033289981888633,true,false,3,3,0,0,0,0,0.0,true,1781033289969646850
1781033290082051173,true,false,3,3,0,0,0,0,0.0,true,1781033290066532355
1781033290182029125,true,false,3,3,0,0,0,0,0.0,true,1781033290171616990
1781033290282012945,true,false,3,3,0,0,0,0,0.0,true,1781033290272079925
1781033290382412706,true,false,3,3,0,0,0,0,0.0,true,1781033290369912490
1781033290481645022,true,false,3,3,0,0,0,0,0.0,true,1781033290468234917
1781033290582033791,true,false,3,3,0,0,0,0,0.0,true,1781033290573168666
1781033290681983804,true,false,3,3,0,0,0,0,0.0,true,1781033290669675391
1781033290782417986,true,false,3,3,0,0,0,0,0.0,true,1781033290770030315
1781033290882256170,true,false,3,3,0,0,0,0,0.0,true,1781033290875494129
1781033290981780445,true,false,3,3,0,0,0,0,0.0,true,1781033290974243675
1781033291081496588,true,false,3,3,0,0,0,0,0.0,true,1781033291073932193
1781033291182073629,true,false,3,3,0,0,0,0,0.0,true,1781033291172936077
1781033291281568048,true,false,3,3,0,0,0,0,0.0,true,1781033291272317261
1781033291381643788,true,false,3,3,0,0,0,0,0.0,true,1781033291375129391
1781033291482281364,true,false,3,3,0,0,0,0,0.0,true,1781033291473076114
1781033291581846166,true,false,3,3,0,0,0,0,0.0,true,1781033291574626424
1781033291681857389,true,false,3,3,0,0,0,0,0.0,true,1781033291675480637
1781033291781923166,true,false,3,3,0,0,0,0,0.0,true,1781033291776367650
1781033291881505157,true,false,3,3,0,0,0,0,0.0,true,1781033291878191935
1781033291982375220,true,false,3,3,0,0,0,0,0.0,true,1781033291976069010
1781033292081646853,true,false,3,3,0,0,0,0,0.0,true,1781033292059840803
1781033292181731883,true,false,3,3,0,0,0,0,0.0,true,1781033292180441061
1781033292282361625,true,false,3,3,0,0,0,0,0.0,true,1781033292281043503
1781033292381443209,true,false,3,3,0,0,0,0,0.0,true,1781033292359000164
1781033292482084765,true,false,3,3,0,0,0,0,0.0,true,1781033292462781719
1781033292584880251,true,false,3,3,0,0,0,0,0.0,true,1781033292583598898
1781033292682032417,true,false,3,3,0,0,0,0,0.0,true,1781033292664182248
1781033292781727895,true,false,3,3,0,0,0,0,0.0,true,1781033292764131019
1781033292881644507,true,false,3,3,0,0,0,0,0.0,true,1781033292864816368
1781033292981903596,true,false,3,3,0,0,0,0,0.0,true,1781033292965220281
1781033293081838552,true,false,3,3,0,0,0,0,0.0,true,1781033293065778095
1781033293182001025,true,false,3,3,0,0,0,0,0.0,true,1781033293166450614
1781033293282208563,true,false,3,3,0,0,0,0,0.0,true,1781033293266327159
1781033293382224024,true,false,3,3,0,0,0,0,0.0,true,1781033293366890859
1781033293481686378,true,false,3,3,0,0,0,0,0.0,true,1781033293463743262
1781033293581690373,true,false,3,3,0,0,0,0,0.0,true,1781033293564100875
1781033293682296591,true,false,3,3,0,0,0,0,0.0,true,1781033293665179910
1781033293783234393,true,false,3,3,0,0,0,0,0.0,true,1781033293768693967
1781033293882362564,true,false,3,3,0,0,0,0,0.0,true,1781033293868420440
1781033293981721933,true,false,3,3,0,0,0,0,0.0,true,1781033293969429150
1781033294082171260,true,false,3,3,0,0,0,0,0.0,true,1781033294070756892
1781033294184864242,true,false,3,3,0,0,0,0,0.0,true,1781033294167293918
1781033294281527487,true,false,3,3,0,0,0,0,0.0,true,1781033294267907099
1781033294381779645,true,false,3,3,0,0,0,0,0.0,true,1781033294368259151
1781033294481496686,true,false,3,3,0,0,0,0,0.0,true,1781033294469298064
1781033294582150638,true,false,3,3,0,0,0,0,0.0,true,1781033294572725122
1781033294681576179,true,false,3,3,0,0,0,0,0.0,true,1781033294669544948
1781033294782422696,true,false,3,3,0,0,0,0,0.0,true,1781033294770232407
1781033294881577746,true,false,3,3,0,0,0,0,0.0,true,1781033294875128218
1781033294982296027,true,false,3,3,0,0,0,0,0.0,true,1781033294974945828
1781033295081896108,true,false,3,3,0,0,0,0,0.0,true,1781033295075281403
1781033295181885296,true,false,3,3,0,0,0,0,0.0,true,1781033295176586639
1781033295282073475,true,false,3,3,0,0,0,0,0.0,true,1781033295276711979
1781033295381594342,true,false,3,3,0,0,0,0,0.0,true,1781033295377364456
1781033295482062233,true,false,3,3,0,0,0,0,0.0,true,1781033295477261068
1781033295581577522,true,false,3,3,0,0,0,0,0.0,true,1781033295579094500
1781033295681506431,true,false,3,3,0,0,0,0,0.0,true,1781033295678120954
1781033295781750093,true,false,3,3,0,0,0,0,0.0,true,1781033295778663799
1781033295882131108,true,false,3,3,0,0,0,0,0.0,true,1781033295875461854
1781033295981923947,true,false,3,3,0,0,0,0,0.0,true,1781033295975834857
1781033296082181664,true,false,3,3,0,0,0,0,0.0,true,1781033296078668973
1781033296181920679,true,false,3,3,0,0,0,0,0.0,true,1781033296177747787
1781033296281634790,true,false,3,3,0,0,0,0,0.0,true,1781033296277546207
1781033296381942401,true,false,3,3,0,0,0,0,0.0,true,1781033296379021264
1781033296482250118,true,false,3,3,0,0,0,0,0.0,true,1781033296478915353
1781033296582166744,true,false,3,3,0,0,0,0,0.0,true,1781033296579880925
1781033296681915833,true,false,3,3,0,0,0,0,0.0,true,1781033296679602653
1781033296782379064,true,false,3,3,0,0,0,0,0.0,true,1781033296763822296
1781033296882002872,true,false,3,3,0,0,0,0,0.0,true,1781033296860582760
1781033296982181927,true,false,3,3,0,0,0,0,0.0,true,1781033296981925791
1781033297081474600,true,false,3,3,0,0,0,0,0.0,true,1781033297066111133
1781033297181866501,true,false,3,3,0,0,0,0,0.0,true,1781033297166972589
1781033297282592085,true,false,3,3,0,0,0,0,0.0,true,1781033297266644762
1781033297381790580,true,false,3,3,0,0,0,0,0.0,true,1781033297367990597
1781033297481598205,true,false,3,3,0,0,0,0,0.0,true,1781033297468078548
1781033297582061030,true,false,3,3,0,0,0,0,0.0,true,1781033297564528035
1781033297681517644,true,false,3,3,0,0,0,0,0.0,true,1781033297667304670
1781033297782663300,true,false,3,3,0,0,0,0,0.0,true,1781033297765856724
1781033297881882081,true,false,3,3,0,0,0,0,0.0,true,1781033297866562474
1781033297981631726,true,false,3,3,0,0,0,0,0.0,true,1781033297966453182
1781033298082309581,true,false,3,3,0,0,0,0,0.0,true,1781033298067786913
1781033298181669266,true,false,3,3,0,0,0,0,0.0,true,1781033298171205740
1781033298284856521,true,false,3,3,0,0,0,0,0.0,true,1781033298271592705
1781033298382218802,true,false,3,3,0,0,0,0,0.0,true,1781033298370866886
1781033298481678505,true,false,3,3,0,0,0,0,0.0,true,1781033298468532598
1781033298582264211,true,false,3,3,0,0,0,0,0.0,true,1781033298569112778
1781033298681747964,true,false,3,3,0,0,0,0,0.0,true,1781033298671376668
1781033298782409838,true,false,3,3,0,0,0,0,0.0,true,1781033298770347906
1781033298881905927,true,false,3,3,0,0,0,0,0.0,true,1781033298871811003
1781033298981519908,true,false,3,3,0,0,0,0,0.0,true,1781033298971456413
1781033299081852336,true,false,3,3,0,0,0,0,0.0,true,1781033299076394110
1781033299181935376,true,false,3,3,0,0,0,0,0.0,true,1781033299173712274
1781033299282364428,true,false,3,3,0,0,0,0,0.0,true,1781033299277068843
1781033299381996564,true,false,3,3,0,0,0,0,0.0,true,1781033299377394564
1781033299481932112,true,false,3,3,0,0,0,0,0.0,true,1781033299474394615
1781033299581783664,true,false,3,3,0,0,0,0,0.0,true,1781033299581171585
1781033299682286568,true,false,3,3,0,0,0,0,0.0,true,1781033299675748006
1781033299781463230,true,false,3,3,0,0,0,0,0.0,true,1781033299779628143
1781033299883394715,true,false,3,3,0,0,0,0,0.0,true,1781033299860410169
1781033299981641118,true,false,3,3,0,0,0,0,0.0,true,1781033299978553548
1781033300082342925,true,false,3,3,0,0,0,0,0.0,true,1781033300079707831
1781033300181734639,true,false,3,3,0,0,0,0,0.0,true,1781033300162987477
1781033300282431407,true,false,3,3,0,0,0,0,0.0,true,1781033300280106052
1781033300382181252,true,false,3,3,0,0,0,0,0.0,true,1781033300379904141
1781033300481484580,true,false,3,3,0,0,0,0,0.0,true,1781033300480934333
1781033300584934040,true,false,3,3,0,0,0,0,0.0,true,1781033300562021829
1781033300681611513,true,false,3,3,0,0,0,0,0.0,true,1781033300661805799
1781033300781549386,true,false,3,3,0,0,0,0,0.0,true,1781033300761896995
1781033300881533160,true,false,3,3,0,0,0,0,0.0,true,1781033300862640413
1781033300981537470,true,false,3,3,0,0,0,0,0.0,true,1781033300967204467
1781033301081743269,true,false,3,3,0,0,0,0,0.0,true,1781033301068205606
1781033301182463521,true,false,3,3,0,0,0,0,0.0,true,1781033301172036555
1781033301281739072,true,false,3,3,0,0,0,0,0.0,true,1781033301268357044
1781033301381787764,true,false,3,3,0,0,0,0,0.0,true,1781033301368400107
1781033301482192741,true,false,3,3,0,0,0,0,0.0,true,1781033301468902615
1781033301582081396,true,false,3,3,0,0,0,0,0.0,true,1781033301565548239
1781033301681505314,true,false,3,3,0,0,0,0,0.0,true,1781033301670122172
1781033301782382214,true,false,3,3,0,0,0,0,0.0,true,1781033301770045288
1781033301881915465,true,false,3,3,0,0,0,0,0.0,true,1781033301871516173
1781033301982008043,true,false,3,3,0,0,0,0,0.0,true,1781033301967496696
1781033302081593468,true,false,3,3,0,0,0,0,0.0,true,1781033302071287006
1781033302181790867,true,false,3,3,0,0,0,0,0.0,true,1781033302170966385
1781033302282133625,true,false,3,3,0,0,0,0,0.0,true,1781033302273338711
1781033302381781467,true,false,3,3,0,0,0,0,0.0,true,1781033302373594762
1781033302481559515,true,false,3,3,0,0,0,0,0.0,true,1781033302474262523
1781033302582379249,true,false,3,3,0,0,0,0,0.0,true,1781033302570819231
1781033302681473861,true,false,3,3,0,0,0,0,0.0,true,1781033302672942759
1781033302781733022,true,false,3,3,0,0,0,0,0.0,true,1781033302773069070
1781033302882006828,true,false,3,3,0,0,0,0,0.0,true,1781033302873978824
1781033302982468794,true,false,3,3,0,0,0,0,0.0,true,1781033302973203767
1781033303081487728,true,false,3,3,0,0,0,0,0.0,true,1781033303074688172
1781033303181534812,true,false,3,3,0,0,0,0,0.0,true,1781033303174275229
1781033303281609831,true,false,3,3,0,0,0,0,0.0,true,1781033303275527328
1781033303381372149,true,false,3,3,0,0,0,0,0.0,true,1781033303379882243
1781033303481428242,true,false,3,3,0,0,0,0,0.0,true,1781033303480130793
1781033303581453549,true,false,3,3,0,0,0,0,0.0,true,1781033303580171511
1781033303681568283,true,false,3,3,0,0,0,0,0.0,true,1781033303678544433
1781033303781906878,true,false,3,3,0,0,0,0,0.0,true,1781033303762557960
1781033303881495886,true,false,3,3,0,0,0,0,0.0,true,1781033303881152677
1781033303981545137,true,false,3,3,0,0,0,0,0.0,true,1781033303981426969
1781033304082283406,true,false,3,3,0,0,0,0,0.0,true,1781033304060857711
1781033304182039191,true,false,3,3,0,0,0,0,0.0,true,1781033304166401830
1781033304282298956,true,false,3,3,0,0,0,0,0.0,true,1781033304281197081
1781033304382142017,true,false,3,3,0,0,0,0,0.0,true,1781033304361990596
1781033304482373488,true,false,3,3,0,0,0,0,0.0,true,1781033304463259004
1781033304581624486,true,false,3,3,0,0,0,0,0.0,true,1781033304564141726
1781033304681606465,true,false,3,3,0,0,0,0,0.0,true,1781033304666070602
1781033304781767105,true,false,3,3,0,0,0,0,0.0,true,1781033304763543535
1781033304882053993,true,false,3,3,0,0,0,0,0.0,true,1781033304867814291
1781033304982460091,true,false,3,3,0,0,0,0,0.0,true,1781033304969129050
1781033305082880901,true,false,3,3,0,0,0,0,0.0,true,1781033305065271776
1781033305182279945,true,false,3,3,0,0,0,0,0.0,true,1781033305169874998
1781033305282182673,true,false,3,3,0,0,0,0,0.0,true,1781033305269954125
1781033305382382719,true,false,3,3,0,0,0,0,0.0,true,1781033305370978182
1781033305482041699,true,false,3,3,0,0,0,0,0.0,true,1781033305470669668
1781033305581807371,true,false,3,3,0,0,0,0,0.0,true,1781033305572448563
1781033305681851356,true,false,3,3,0,0,0,0,0.0,true,1781033305672531246
1781033305781627722,true,false,3,3,0,0,0,0,0.0,true,1781033305772338741
1781033305881491784,true,false,3,3,0,0,0,0,0.0,true,1781033305872028771
1781033305981991721,true,false,3,3,0,0,0,0,0.0,true,1781033305969732512
1781033306081963495,true,false,3,3,0,0,0,0,0.0,true,1781033306070692764
1781033306182351482,true,false,3,3,0,0,0,0,0.0,true,1781033306172068300
1781033306282129795,true,false,3,3,0,0,0,0,0.0,true,1781033306271822298
1781033306381641557,true,false,3,3,0,0,0,0,0.0,true,1781033306374441409
1781033306481479835,true,false,3,3,0,0,0,0,0.0,true,1781033306475165467
1781033306581868454,true,false,3,3,0,0,0,0,0.0,true,1781033306576552530
1781033306682336857,true,false,3,3,0,0,0,0,0.0,true,1781033306679036456
1781033306782425127,true,false,3,3,0,0,0,0,0.0,true,1781033306776332170
1781033306881374821,true,false,3,3,0,0,0,0,0.0,true,1781033306880436217
1781033306982441861,true,false,3,3,0,0,0,0,0.0,true,1781033306977721324
1781033307081384241,true,false,3,3,0,0,0,0,0.0,true,1781033307081050952
1781033307182071872,true,false,3,3,0,0,0,0,0.0,true,1781033307178638362
1781033307281837123,true,false,3,3,0,0,0,0,0.0,true,1781033307279534157
1781033307382335775,true,false,3,3,0,0,0,0,0.0,true,1781033307380008998
1781033307482392268,true,false,3,3,0,0,0,0,0.0,true,1781033307464933562
1781033307582678592,true,false,3,3,0,0,0,0,0.0,true,1781033307581584728
1781033307681889410,true,false,3,3,0,0,0,0,0.0,true,1781033307681239225
1781033307782755787,true,false,3,3,0,0,0,0,0.0,true,1781033307781868928
1781033307882301386,true,false,3,3,0,0,0,0,0.0,true,1781033307861876210
1781033307981647822,true,false,3,3,0,0,0,0,0.0,true,1781033307964099146
1781033308082089769,true,false,3,3,0,0,0,0,0.0,true,1781033308063730159
1781033308182081903,true,false,3,3,0,0,0,0,0.0,true,1781033308166172325
1781033308282533167,true,false,3,3,0,0,0,0,0.0,true,1781033308264690651
1781033308382105531,true,false,3,3,0,0,0,0,0.0,true,1781033308365660537
1781033308482371310,true,false,3,3,0,0,0,0,0.0,true,1781033308468972534
1781033308582053681,true,false,3,3,0,0,0,0,0.0,true,1781033308565978356
1781033308681677735,true,false,3,3,0,0,0,0,0.0,true,1781033308671170086
1781033308782306839,true,false,3,3,0,0,0,0,0.0,true,1781033308770728681
1781033308882435608,true,false,3,3,0,0,0,0,0.0,true,1781033308871843633
1781033308982023558,true,false,3,3,0,0,0,0,0.0,true,1781033308971681034
1781033309082172715,true,false,3,3,0,0,0,0,0.0,true,1781033309071701891
1781033309181784411,true,false,3,3,0,0,0,0,0.0,true,1781033309172484488
1781033309281928348,true,false,3,3,0,0,0,0,0.0,true,1781033309273656124
1781033309381999039,true,false,3,3,0,0,0,0,0.0,true,1781033309375590941
1781033309482182344,true,false,3,3,0,0,0,0,0.0,true,1781033309474729096
1781033309582246632,true,false,3,3,0,0,0,0,0.0,true,1781033309575124331
1781033309681775345,true,false,3,3,0,0,0,0,0.0,true,1781033309676458330
1781033309781892423,true,false,3,3,0,0,0,0,0.0,true,1781033309777410605
1781033309882427345,true,false,3,3,0,0,0,0,0.0,true,1781033309877645232
1781033309981547780,true,false,3,3,0,0,0,0,0.0,true,1781033309977262645
1781033310081544556,true,false,3,3,0,0,0,0,0.0,true,1781033310077979635
1781033310181537256,true,false,3,3,0,0,0,0,0.0,true,1781033310177903068
1781033310281681125,true,false,3,3,0,0,0,0,0.0,true,1781033310279658147
1781033310382164632,true,false,3,3,0,0,0,0,0.0,true,1781033310379934730
1781033310482187504,true,false,3,3,0,0,0,0,0.0,true,1781033310480418807
1781033310583834524,true,false,3,3,0,0,0,0,0.0,true,1781033310579269201
1781033310681449191,true,false,3,3,0,0,0,0,0.0,true,1781033310678353909
1781033310781521565,true,false,3,3,0,0,0,0,0.0,true,1781033310778445547
1781033310881968660,true,false,3,3,0,0,0,0,0.0,true,1781033310858675251
1781033310981418426,true,false,3,3,0,0,0,0,0.0,true,1781033310979140662
1781033311082262759,true,false,3,3,0,0,0,0,0.0,true,1781033311079933794
1781033311182166036,true,false,3,3,0,0,0,0,0.0,true,1781033311180449283
1781033311281573263,true,false,3,3,0,0,0,0,0.0,true,1781033311260737934
1781033311381551917,true,false,3,3,0,0,0,0,0.0,true,1781033311365731443
1781033311481657004,true,false,3,3,0,0,0,0,0.0,true,1781033311463400061
1781033311582081183,true,false,3,3,0,0,0,0,0.0,true,1781033311563464501
1781033311682198846,true,false,3,3,0,0,0,0,0.0,true,1781033311667781461
1781033311781777295,true,false,3,3,0,0,0,0,0.0,true,1781033311766400980
1781033311882238566,true,false,3,3,0,0,0,0,0.0,true,1781033311867152357
1781033311981948492,true,false,3,3,0,0,0,0,0.0,true,1781033311964471866
1781033312082264384,true,false,3,3,0,0,0,0,0.0,true,1781033312065913289
1781033312182421463,true,false,3,3,0,0,0,0,0.0,true,1781033312167575781
1781033312281939900,true,false,3,3,0,0,0,0,0.0,true,1781033312270029295
1781033312382002566,true,false,3,3,0,0,0,0,0.0,true,1781033312370482404
1781033312482264446,true,false,3,3,0,0,0,0,0.0,true,1781033312469889105
1781033312581389747,true,false,3,3,0,0,0,0,0.0,true,1781033312571108628
1781033312681837432,true,false,3,3,0,0,0,0,0.0,true,1781033312671481071
1781033312781625241,true,false,3,3,0,0,0,0,0.0,true,1781033312771043221
1781033312881872561,true,false,3,3,0,0,0,0,0.0,true,1781033312872584413
1781033312981783475,true,false,3,3,0,0,0,0,0.0,true,1781033312968440143
1781033313081919681,true,false,3,3,0,0,0,0,0.0,true,1781033313073037976
1781033313182010192,true,false,3,3,0,0,0,0,0.0,true,1781033313171448440
1781033313281638074,true,false,3,3,0,0,0,0,0.0,true,1781033313275170384
1781033313381459649,true,false,3,3,0,0,0,0,0.0,true,1781033313374979944
1781033313482005796,true,false,3,3,0,0,0,0,0.0,true,1781033313474638596
1781033313581596348,true,false,3,3,0,0,0,0,0.0,true,1781033313575848520
1781033313682411633,true,false,3,3,0,0,0,0,0.0,true,1781033313676032914
1781033313781907261,true,false,3,3,0,0,0,0,0.0,true,1781033313776581555
1781033313881662787,true,false,3,3,0,0,0,0,0.0,true,1781033313878696511
1781033313981767535,true,false,3,3,0,0,0,0,0.0,true,1781033313974312028
1781033314081466923,true,false,3,3,0,0,0,0,0.0,true,1781033314075638474
1781033314182353020,true,false,3,3,0,0,0,0,0.0,true,1781033314176146453
1781033314282108893,true,false,3,3,0,0,0,0,0.0,true,1781033314275384604
1781033314381456871,true,false,3,3,0,0,0,0,0.0,true,1781033314376194964
1781033314482417449,true,false,3,3,0,0,0,0,0.0,true,1781033314476234028
1781033314581458076,true,false,3,3,0,0,0,0,0.0,true,1781033314559930548
1781033314681556333,true,false,3,3,0,0,0,0,0.0,true,1781033314680433291
1781033314782613411,true,false,3,3,0,0,0,0,0.0,true,1781033314781400922
1781033314881533481,true,false,3,3,0,0,0,0,0.0,true,1781033314879734068
1781033314982336539,true,false,3,3,0,0,0,0,0.0,true,1781033314963918510
1781033315081580437,true,false,3,3,0,0,0,0,0.0,true,1781033315059041826
1781033315181870029,true,false,3,3,0,0,0,0,0.0,true,1781033315179838001
1781033315281456221,true,false,3,3,0,0,0,0,0.0,true,1781033315280831480
1781033315382131015,true,false,3,3,0,0,0,0,0.0,true,1781033315360620693
1781033315482318467,true,false,3,3,0,0,0,0,0.0,true,1781033315463157621
1781033315582422092,true,false,3,3,0,0,0,0,0.0,true,1781033315562599017
1781033315682288822,true,false,3,3,0,0,0,0,0.0,true,1781033315665883631
1781033315782924701,true,false,3,3,0,0,0,0,0.0,true,1781033315763031710
1781033315882357563,true,false,3,3,0,0,0,0,0.0,true,1781033315863738095
1781033315981600794,true,false,3,3,0,0,0,0,0.0,true,1781033315965827272
1781033316082047554,true,false,3,3,0,0,0,0,0.0,true,1781033316065841518
1781033316181741099,true,false,3,3,0,0,0,0,0.0,true,1781033316171971699
1781033316281530843,true,false,3,3,0,0,0,0,0.0,true,1781033316268626926
1781033316381814564,true,false,3,3,0,0,0,0,0.0,true,1781033316371209309
1781033316482111781,true,false,3,3,0,0,0,0,0.0,true,1781033316467444227
1781033316581563023,true,false,3,3,0,0,0,0,0.0,true,1781033316568212101
1781033316681589376,true,false,3,3,0,0,0,0,0.0,true,1781033316671209709
1781033316781607443,true,false,3,3,0,0,0,0,0.0,true,1781033316772183334
1781033316882133415,true,false,3,3,0,0,0,0,0.0,true,1781033316873715782
1781033316982167938,true,false,3,3,0,0,0,0,0.0,true,1781033316972928233
1781033317082005073,true,false,3,3,0,0,0,0,0.0,true,1781033317075857047
1781033317182137296,true,false,3,3,0,0,0,0,0.0,true,1781033317174898036
1781033317281963990,true,false,3,3,0,0,0,0,0.0,true,1781033317275627885
1781033317382074763,true,false,3,3,0,0,0,0,0.0,true,1781033317376164305
1781033317482219814,true,false,3,3,0,0,0,0,0.0,true,1781033317475956982
1781033317582404951,true,false,3,3,0,0,0,0,0.0,true,1781033317577628300
1781033317681491783,true,false,3,3,0,0,0,0,0.0,true,1781033317677219167
1781033317782105742,true,false,3,3,0,0,0,0,0.0,true,1781033317777866208
1781033317882249779,true,false,3,3,0,0,0,0,0.0,true,1781033317878037194
1781033317981628943,true,false,3,3,0,0,0,0,0.0,true,1781033317978654536
1781033318081658660,true,false,3,3,0,0,0,0,0.0,true,1781033318058602937
1781033318181497667,true,false,3,3,0,0,0,0,0.0,true,1781033318180054405
1781033318281592491,true,false,3,3,0,0,0,0,0.0,true,1781033318260170988
1781033318382271667,true,false,3,3,0,0,0,0,0.0,true,1781033318361261018
1781033318481726475,true,false,3,3,0,0,0,0,0.0,true,1781033318461828677
1781033318581474165,true,false,3,3,0,0,0,0,0.0,true,1781033318561930082
1781033318682045636,true,false,3,3,0,0,0,0,0.0,true,1781033318663455094
1781033318782894848,true,false,3,3,0,0,0,0,0.0,true,1781033318762833634
1781033318881939112,true,false,3,3,0,0,0,0,0.0,true,1781033318863411141
1781033318981964063,true,false,3,3,0,0,0,0,0.0,true,1781033318981302736
1781033319081837155,true,false,3,3,0,0,0,0,0.0,true,1781033319062646136
1781033319182743652,true,false,3,3,0,0,0,0,0.0,true,1781033319181532309
1781033319281778824,true,false,3,3,0,0,0,0,0.0,true,1781033319262242823
1781033319384862999,true,false,3,3,0,0,0,0,0.0,true,1781033319362829631
1781033319481722527,true,false,3,3,0,0,0,0,0.0,true,1781033319463936321
1781033319581671321,true,false,3,3,0,0,0,0,0.0,true,1781033319567282310
1781033319682204526,true,false,3,3,0,0,0,0,0.0,true,1781033319666238953
1781033319782276238,true,false,3,3,0,0,0,0,0.0,true,1781033319764455267
1781033319882086390,true,false,3,3,0,0,0,0,0.0,true,1781033319866271960
1781033319984856374,true,false,3,3,0,0,0,0,0.0,true,1781033319966410675
1781033320083285421,true,false,3,3,0,0,0,0,0.0,true,1781033320066960440
1781033320184868883,true,false,3,3,0,0,0,0,0.0,true,1781033320188558820
1781033320281649073,true,false,3,3,0,0,0,0,0.0,true,1781033320267540109
1781033320382237015,true,false,3,3,0,0,0,0,0.0,true,1781033320370075828
1781033320482261053,true,false,3,3,0,0,0,0,0.0,true,1781033320468930098
1781033320582399137,true,false,3,3,0,0,0,0,0.0,true,1781033320568894804
1781033320682233444,true,false,3,3,0,0,0,0,0.0,true,1781033320670842853
1781033320782036205,true,false,3,3,0,0,0,0,0.0,true,1781033320771321288
1781033320882392481,true,false,3,3,0,0,0,0,0.0,true,1781033320872826001
1781033320981935947,true,false,3,3,0,0,0,0,0.0,true,1781033320971179767
1781033321081730171,true,false,3,3,0,0,0,0,0.0,true,1781033321071285704
1781033321182433902,true,false,3,3,0,0,0,0,0.0,true,1781033321172089674
1781033321281831189,true,false,3,3,0,0,0,0,0.0,true,1781033321272418208
1781033321382186384,true,false,3,3,0,0,0,0,0.0,true,1781033321374571368
1781033321481496152,true,false,3,3,0,0,0,0,0.0,true,1781033321473847910
1781033321582421807,true,false,3,3,0,0,0,0,0.0,true,1781033321573995400
1781033321681769977,true,false,3,3,0,0,0,0,0.0,true,1781033321674985831
1781033321781924701,true,false,3,3,0,0,0,0,0.0,true,1781033321774932608
1781033321881624150,true,false,3,3,0,0,0,0,0.0,true,1781033321875508347
1781033321981549752,true,false,3,3,0,0,0,0,0.0,true,1781033321980912512
1781033322082023240,true,false,3,3,0,0,0,0,0.0,true,1781033322081943862
1781033322181777727,true,false,3,3,0,0,0,0,0.0,true,1781033322181655932
1781033322282426068,true,false,3,3,0,0,0,0,0.0,true,1781033322261736902
1781033322382019865,true,false,3,3,0,0,0,0,0.0,true,1781033322362509621
1781033322481582815,true,false,3,3,0,0,0,0,0.0,true,1781033322467214885
1781033322581774474,true,false,3,3,0,0,0,0,0.0,true,1781033322563358037
1781033322682374108,true,false,3,3,0,0,0,0,0.0,true,1781033322664750811
1781033322781848836,true,false,3,3,0,0,0,0,0.0,true,1781033322764604136
1781033322881727104,true,false,3,3,0,0,0,0,0.0,true,1781033322865258942
1781033322982191825,true,false,3,3,0,0,0,0,0.0,true,1781033322969742985
1781033323082320122,true,false,3,3,0,0,0,0,0.0,true,1781033323067122053
1781033323181476284,true,false,3,3,0,0,0,0,0.0,true,1781033323166890934
1781033323281781074,true,false,3,3,0,0,0,0,0.0,true,1781033323267548856
1781033323381609395,true,false,3,3,0,0,0,0,0.0,true,1781033323367830396
1781033323481774395,true,false,3,3,0,0,0,0,0.0,true,1781033323468543338
1781033323582152331,true,false,3,3,0,0,0,0,0.0,true,1781033323569013925
1781033323681887901,true,false,3,3,0,0,0,0,0.0,true,1781033323671472834
1781033323782024189,true,false,3,3,0,0,0,0,0.0,true,1781033323771561397
1781033323882136296,true,false,3,3,0,0,0,0,0.0,true,1781033323871950347
1781033323982447096,true,false,3,3,0,0,0,0,0.0,true,1781033323971235901
1781033324081579009,true,false,3,3,0,0,0,0,0.0,true,1781033324071622373
1781033324181731963,true,false,3,3,0,0,0,0,0.0,true,1781033324173317172
1781033324283150661,true,false,3,3,0,0,0,0,0.0,true,1781033324273614018
1781033324381883339,true,false,3,3,0,0,0,0,0.0,true,1781033324375476740
1781033324482224386,true,false,3,3,0,0,0,0,0.0,true,1781033324473780861
1781033324581503305,true,false,3,3,0,0,0,0,0.0,true,1781033324574488906
1781033324681578480,true,false,3,3,0,0,0,0,0.0,true,1781033324675441537
1781033324783911830,true,false,3,3,0,0,0,0,0.0,true,1781033324775649271
1781033324882009139,true,false,3,3,0,0,0,0,0.0,true,1781033324876725678
1781033324981764574,true,false,3,3,0,0,0,0,0.0,true,1781033324976427082
1781033325082272383,true,false,3,3,0,0,0,0,0.0,true,1781033325062457711
1781033325181665619,true,false,3,3,0,0,0,0,0.0,true,1781033325163207535
1781033325282448027,true,false,3,3,0,0,0,0,0.0,true,1781033325263071483
1781033325381513357,true,false,3,3,0,0,0,0,0.0,true,1781033325381291525
1781033325482115728,true,false,3,3,0,0,0,0,0.0,true,1781033325464729867
1781033325582117028,true,false,3,3,0,0,0,0,0.0,true,1781033325564514049
1781033325681576654,true,false,3,3,0,0,0,0,0.0,true,1781033325664391373
1781033325781575516,true,false,3,3,0,0,0,0,0.0,true,1781033325762016721
1781033325882374559,true,false,3,3,0,0,0,0,0.0,true,1781033325862820152
1781033325981626733,true,false,3,3,0,0,0,0,0.0,true,1781033325965803995
1781033326082202408,true,false,3,3,0,0,0,0,0.0,true,1781033326064805194
1781033326182116902,true,false,3,3,0,0,0,0,0.0,true,1781033326166669108
1781033326282923572,true,false,3,3,0,0,0,0,0.0,true,1781033326265531432
1781033326381628942,true,false,3,3,0,0,0,0,0.0,true,1781033326367191764
1781033326482222347,true,false,3,3,0,0,0,0,0.0,true,1781033326466885407
1781033326581946918,true,false,3,3,0,0,0,0,0.0,true,1781033326571548399
1781033326681551507,true,false,3,3,0,0,0,0,0.0,true,1781033326668191230
1781033326782495916,true,false,3,3,0,0,0,0,0.0,true,1781033326768075835
1781033326882227230,true,false,3,3,0,0,0,0,0.0,true,1781033326870627140
1781033326981540754,true,false,3,3,0,0,0,0,0.0,true,1781033326969122750
1781033327082020052,true,false,3,3,0,0,0,0,0.0,true,1781033327069721309
1781033327182125597,true,false,3,3,0,0,0,0,0.0,true,1781033327170590315
1781033327281649507,true,false,3,3,0,0,0,0,0.0,true,1781033327270523578
1781033327382292466,true,false,3,3,0,0,0,0,0.0,true,1781033327372942773
1781033327481986178,true,false,3,3,0,0,0,0,0.0,true,1781033327471912260
1781033327581753221,true,false,3,3,0,0,0,0,0.0,true,1781033327572109780
1781033327681787427,true,false,3,3,0,0,0,0,0.0,true,1781033327673776546
1781033327781911554,true,false,3,3,0,0,0,0,0.0,true,1781033327773659999
1781033327881466011,true,false,3,3,0,0,0,0,0.0,true,1781033327873925167
1781033327982260183,true,false,3,3,0,0,0,0,0.0,true,1781033327974086623
1781033328081981666,true,false,3,3,0,0,0,0,0.0,true,1781033328077396938
1781033328182326711,true,false,3,3,0,0,0,0,0.0,true,1781033328174943333
1781033328282399314,true,false,3,3,0,0,0,0,0.0,true,1781033328276226033
1781033328381600624,true,false,3,3,0,0,0,0,0.0,true,1781033328378302054
1781033328481838931,true,false,3,3,0,0,0,0,0.0,true,1781033328476303855
1781033328582324672,true,false,3,3,0,0,0,0,0.0,true,1781033328579903186
1781033328682297719,true,false,3,3,0,0,0,0,0.0,true,1781033328677675790
1781033328782437063,true,false,3,3,0,0,0,0,0.0,true,1781033328777949289
1781033328882333191,true,false,3,3,0,0,0,0,0.0,true,1781033328881237567
1781033328981412284,true,false,3,3,0,0,0,0,0.0,true,1781033328979275049
1781033329082410101,true,false,3,3,0,0,0,0,0.0,true,1781033329082159535
1781033329182459218,true,false,3,3,0,0,0,0,0.0,true,1781033329165342964
1781033329282566156,true,false,3,3,0,0,0,0,0.0,true,1781033329265075277
1781033329382227698,true,false,3,3,0,0,0,0,0.0,true,1781033329365550270
1781033329482465512,true,false,3,3,0,0,0,0,0.0,true,1781033329466055335
1781033329581752366,true,false,3,3,0,0,0,0,0.0,true,1781033329566276360
1781033329682284464,true,false,3,3,0,0,0,0,0.0,true,1781033329667332374
1781033329782518227,true,false,3,3,0,0,0,0,0.0,true,1781033329767008531
1781033329884625262,true,false,3,3,0,0,0,0,0.0,true,1781033329868020059
1781033329982448284,true,false,3,3,0,0,0,0,0.0,true,1781033329967236054
1781033330082073375,true,false,3,3,0,0,0,0,0.0,true,1781033330065919256
1781033330184895184,true,false,3,3,0,0,0,0,0.0,true,1781033330167261810
1781033330282640579,true,false,3,3,0,0,0,0,0.0,true,1781033330267736149
1781033330384892249,true,false,3,3,0,0,0,0,0.0,true,1781033330368801477
1781033330482075262,true,false,3,3,0,0,0,0,0.0,true,1781033330467576911
1781033330583883537,true,false,3,3,0,0,0,0,0.0,true,1781033330567994950
1781033330681814122,true,false,3,3,0,0,0,0,0.0,true,1781033330669198218
1781033330782299790,true,false,3,3,0,0,0,0,0.0,true,1781033330769399602
1781033330882165502,true,false,3,3,0,0,0,0,0.0,true,1781033330873310672
1781033330981632981,true,false,3,3,0,0,0,0,0.0,true,1781033330970619226
1781033331082038799,true,false,3,3,0,0,0,0,0.0,true,1781033331071183344
1781033331181467742,true,false,3,3,0,0,0,0,0.0,true,1781033331171827686
1781033331281798130,true,false,3,3,0,0,0,0,0.0,true,1781033331271819708
1781033331381876614,true,false,3,3,0,0,0,0,0.0,true,1781033331373305792
1781033331482045231,true,false,3,3,0,0,0,0,0.0,true,1781033331473263283
1781033331581743809,true,false,3,3,0,0,0,0,0.0,true,1781033331575807966
1781033331681969129,true,false,3,3,0,0,0,0,0.0,true,1781033331674135869
1781033331782225174,true,false,3,3,0,0,0,0,0.0,true,1781033331776328770
1781033331881498962,true,false,3,3,0,0,0,0,0.0,true,1781033331877854504
1781033331982081315,true,false,3,3,0,0,0,0,0.0,true,1781033331975281393
1781033332081903709,true,false,3,3,0,0,0,0,0.0,true,1781033332078175938
1781033332181539753,true,false,3,3,0,0,0,0,0.0,true,1781033332175957026
1781033332281520183,true,false,3,3,0,0,0,0,0.0,true,1781033332277052381
1781033332381785627,true,false,3,3,0,0,0,0,0.0,true,1781033332378406835
1781033332481918855,true,false,3,3,0,0,0,0,0.0,true,1781033332477879949
1781033332581811411,true,false,3,3,0,0,0,0,0.0,true,1781033332558543471
1781033332682112893,true,false,3,3,0,0,0,0,0.0,true,1781033332679549238
1781033332781452166,true,false,3,3,0,0,0,0,0.0,true,1781033332780016852
1781033332881927094,true,false,3,3,0,0,0,0,0.0,true,1781033332861854137
1781033332982675537,true,false,3,3,0,0,0,0,0.0,true,1781033332963384841
1781033333081742987,true,false,3,3,0,0,0,0,0.0,true,1781033333061507202
1781033333181564922,true,false,3,3,0,0,0,0,0.0,true,1781033333164645620
1781033333281960898,true,false,3,3,0,0,0,0,0.0,true,1781033333262204153
1781033333382765825,true,false,3,3,0,0,0,0,0.0,true,1781033333362865260
1781033333484334884,true,false,3,3,0,0,0,0,0.0,true,1781033333464333371
1781033333582203120,true,false,3,3,0,0,0,0,0.0,true,1781033333565229608
1781033333683628387,true,false,3,3,0,0,0,0,0.0,true,1781033333666561212
1781033333782145850,true,false,3,3,0,0,0,0,0.0,true,1781033333765263198
1781033333882073671,true,false,3,3,0,0,0,0,0.0,true,1781033333867399502
1781033333981969132,true,false,3,3,0,0,0,0,0.0,true,1781033333966062924
1781033334083289185,true,false,3,3,0,0,0,0,0.0,true,1781033334067501736
1781033334184843461,true,false,3,3,0,0,0,0,0.0,true,1781033334168110151
1781033334283379455,true,false,3,3,0,0,0,0,0.0,true,1781033334267462047
1781033334384851367,true,false,3,3,0,0,0,0,0.0,true,1781033334369101488
1781033334484845376,true,false,3,3,0,0,0,0,0.0,true,1781033334468666879
1781033334581879560,true,false,3,3,0,0,0,0,0.0,true,1781033334569340735
1781033334682435988,true,false,3,3,0,0,0,0,0.0,true,1781033334671955042
1781033334781891891,true,false,3,3,0,0,0,0,0.0,true,1781033334770877334
1781033334881744756,true,false,3,3,0,0,0,0,0.0,true,1781033334874204479
1781033334981604447,true,false,3,3,0,0,0,0,0.0,true,1781033334971094773
1781033335081701970,true,false,3,3,0,0,0,0,0.0,true,1781033335071205780
1781033335182070254,true,false,3,3,0,0,0,0,0.0,true,1781033335172868112
1781033335282197305,true,false,3,3,0,0,0,0,0.0,true,1781033335272905853
1781033335381546520,true,false,3,3,0,0,0,0,0.0,true,1781033335373448820
1781033335481496776,true,false,3,3,0,0,0,0,0.0,true,1781033335477661309
1781033335582345702,true,false,3,3,0,0,0,0,0.0,true,1781033335573962464
1781033335682273327,true,false,3,3,0,0,0,0,0.0,true,1781033335679045570
1781033335782320457,true,false,3,3,0,0,0,0,0.0,true,1781033335776252394
1781033335882251067,true,false,3,3,0,0,0,0,0.0,true,1781033335876987656
1781033335981533095,true,false,3,3,0,0,0,0,0.0,true,1781033335976351503
1781033336081919699,true,false,3,3,0,0,0,0,0.0,true,1781033336077423089
1781033336181752639,true,false,3,3,0,0,0,0,0.0,true,1781033336178081857
1781033336281458374,true,false,3,3,0,0,0,0,0.0,true,1781033336277964025
1781033336381935936,true,false,3,3,0,0,0,0,0.0,true,1781033336378652353
1781033336481803145,true,false,3,3,0,0,0,0,0.0,true,1781033336479798264
1781033336581444418,true,false,3,3,0,0,0,0,0.0,true,1781033336560122378
1781033336681434316,true,false,3,3,0,0,0,0,0.0,true,1781033336680393147
1781033336782256550,true,false,3,3,0,0,0,0,0.0,true,1781033336780388823
1781033336883191778,true,false,3,3,0,0,0,0,0.0,true,1781033336882125861
1781033336981841339,true,false,3,3,0,0,0,0,0.0,true,1781033336962207664
1781033337082853438,true,false,3,3,0,0,0,0,0.0,true,1781033337062924319
1781033337181685459,true,false,3,3,0,0,0,0,0.0,true,1781033337169330115
1781033337282304535,true,false,3,3,0,0,0,0,0.0,true,1781033337265132461
1781033337381632560,true,false,3,3,0,0,0,0,0.0,true,1781033337366076808
1781033337482052368,true,false,3,3,0,0,0,0,0.0,true,1781033337465853920
1781033337582343788,true,false,3,3,0,0,0,0,0.0,true,1781033337571873398
1781033337682982896,true,false,3,3,0,0,0,0,0.0,true,1781033337670563686
1781033337783154811,true,false,3,3,0,0,0,0,0.0,true,1781033337767349441
1781033337882123662,true,false,3,3,0,0,0,0,0.0,true,1781033337871553977
1781033337981915821,true,false,3,3,0,0,0,0,0.0,true,1781033337971474636
1781033338081888730,true,false,3,3,0,0,0,0,0.0,true,1781033338072296782
1781033338181380950,true,false,3,3,0,0,0,0,0.0,true,1781033338173128954
1781033338282131722,true,false,3,3,0,0,0,0,0.0,true,1781033338269769447
1781033338381765209,true,false,3,3,0,0,0,0,0.0,true,1781033338377534482
1781033338481694826,true,false,3,3,0,0,0,0,0.0,true,1781033338474408456
1781033338581928728,true,false,3,3,0,0,0,0,0.0,true,1781033338571696262
1781033338682433451,true,false,3,3,0,0,0,0,0.0,true,1781033338671917480
1781033338782495415,true,false,3,3,0,0,0,0,0.0,true,1781033338772713480
1781033338881840723,true,false,3,3,0,0,0,0,0.0,true,1781033338875429948
1781033338982328397,true,false,3,3,0,0,0,0,0.0,true,1781033338973795573
1781033339082250681,true,false,3,3,0,0,0,0,0.0,true,1781033339054058591
1781033339181842815,true,false,3,3,0,0,0,0,0.0,true,1781033339179591290
1781033339281369923,true,false,3,3,0,0,0,0,0.0,true,1781033339280805211
1781033339381373766,true,false,3,3,0,0,0,0,0.0,true,1781033339380514145
1781033339481361014,true,false,3,3,0,0,0,0,0.0,true,1781033339480771471
1781033339582398319,true,false,3,3,0,0,0,0,0.0,true,1781033339581815402
1781033339681493476,true,false,3,3,0,0,0,0,0.0,true,1781033339662139176
1781033339781454352,true,false,3,3,0,0,0,0,0.0,true,1781033339778044097
1781033339881381445,true,false,3,3,0,0,0,0,0.0,true,1781033339880357570
1781033339981695464,true,false,3,3,0,0,0,0,0.0,true,1781033339979177605
1781033340081844876,true,false,3,3,0,0,0,0,0.0,true,1781033340079623095
1781033340181749075,true,false,3,3,0,0,0,0,0.0,true,1781033340164220870
1781033340283173322,true,false,3,3,0,0,0,0,0.0,true,1781033340263765000
1781033340382443069,true,false,3,3,0,0,0,0,0.0,true,1781033340364369287
1781033340482608040,true,false,3,3,0,0,0,0,0.0,true,1781033340468527216
1781033539541311317,,,,,,,,,,,
1781033539641765786,,,,,,,,,,,
1781033539742042334,,,,,,,,,,,
1781033539841487238,,,,,,,,,,,
1781033539941538917,,,,,,,,,,,
1781033540041811230,,,,,,,,,,,
1781033540142107587,,,,,,,,,,,
1781033540241772889,,,,,,,,,,,
1781033540342351230,,,,,,,,,,,
1781033540441749417,,,,,,,,,,,
1781033540542027236,,,,,,,,,,,
1781033540641399249,,,,,,,,,,,
1781033540741792446,,,,,,,,,,,
1781033540841968039,,,,,,,,,,,
1781033540941392810,,,,,,,,,,,
1781033541042084472,,,,,,,,,,,
1781033541141489267,,,,,,,,,,,
1781033541241737026,,,,,,,,,,,
1781033541342324878,,,,,,,,,,,
1781033541441616331,,,,,,,,,,,
1781033541541690993,,,,,,,,,,,
1781033541642233871,,,,,,,,,,,
1781033541742177071,,,,,,,,,,,
1781033541841504004,,,,,,,,,,,
1781033541941820921,,,,,,,,,,,
1781033542042155955,,,,,,,,,,,
1781033542142105344,,,,,,,,,,,
1781033542241986133,,,,,,,,,,,
1781033542342275815,,,,,,,,,,,
1781033542442202226,,,,,,,,,,,
1781033542541600200,,,,,,,,,,,
1781033542642105149,,,,,,,,,,,
1781033542741755883,,,,,,,,,,,
1781033542841848000,,,,,,,,,,,
1781033542942220317,,,,,,,,,,,
1781033543041700323,,,,,,,,,,,
1781033543141926598,,,,,,,,,,,
1781033543241982094,,,,,,,,,,,
1781033543341840244,,,,,,,,,,,
1781033543442200243,,,,,,,,,,,
1781033543542386454,,,,,,,,,,,
1781033543641524996,,,,,,,,,,,
1781033543741522160,,,,,,,,,,,
1781033543841633524,,,,,,,,,,,
1781033543941562017,,,,,,,,,,,
1781033544042353393,,,,,,,,,,,
1781033544141373267,,,,,,,,,,,
1781033544242400190,,,,,,,,,,,
1781033544341630266,,,,,,,,,,,
1781033544441794022,,,,,,,,,,,
1781033544541945961,,,,,,,,,,,
1781033544641830665,,,,,,,,,,,
1781033544741703100,,,,,,,,,,,
1781033544841657142,,,,,,,,,,,
1781033544941523231,,,,,,,,,,,
1781033545041450207,,,,,,,,,,,
1781033545142367726,,,,,,,,,,,
1781033545241895117,,,,,,,,,,,
1781033545341924421,,,,,,,,,,,
1781033545442065344,,,,,,,,,,,
1781033545542392318,,,,,,,,,,,
1781033545641705194,,,,,,,,,,,
1781033545742075682,,,,,,,,,,,
1781033545841550640,,,,,,,,,,,
1781033545942189268,,,,,,,,,,,
1781033546041679725,,,,,,,,,,,
1781033546141423286,,,,,,,,,,,
1781033546241867680,,,,,,,,,,,
1781033546341898811,,,,,,,,,,,
1781033546442354402,,,,,,,,,,,
1781033546541677585,,,,,,,,,,,
1781033546641885004,,,,,,,,,,,
1781033546742156997,,,,,,,,,,,
1781033546841418000,,,,,,,,,,,
1781033546942262408,,,,,,,,,,,
1781033547042264485,,,,,,,,,,,
1781033547141476321,,,,,,,,,,,
1781033547241575269,,,,,,,,,,,
1781033547341876475,,,,,,,,,,,
1781033547442034055,,,,,,,,,,,
1781033547542130659,,,,,,,,,,,
1781033547642065952,,,,,,,,,,,
1781033547741907679,,,,,,,,,,,
1781033547841541407,,,,,,,,,,,
1781033547942228234,,,,,,,,,,,
1781033548044853062,,,,,,,,,,,
1781033548141581337,,,,,,,,,,,
1781033548241874132,,,,,,,,,,,
1781033548341634442,,,,,,,,,,,
1781033548442132088,,,,,,,,,,,
1781033548542152253,,,,,,,,,,,
1781033548642330665,,,,,,,,,,,
1781033548741711088,,,,,,,,,,,
1781033548842178985,,,,,,,,,,,
1781033548942307966,,,,,,,,,,,
1781033549042214470,,,,,,,,,,,
1781033549141722810,,,,,,,,,,,
1781033549241797523,,,,,,,,,,,
1781033549341863867,,,,,,,,,,,
1781033549441536018,,,,,,,,,,,
1781033549544889301,,,,,,,,,,,
1781033549641842220,,,,,,,,,,,
1781033549741924821,,,,,,,,,,,
1781033549841397373,,,,,,,,,,,
1781033549942331968,,,,,,,,,,,
1781033550041824254,,,,,,,,,,,
1781033550142296885,,,,,,,,,,,
1781033550241976725,,,,,,,,,,,
1781033550341733302,,,,,,,,,,,
1781033550442080078,,,,,,,,,,,
1781033550541857988,,,,,,,,,,,
1781033550642320946,,,,,,,,,,,
1781033550741452371,,,,,,,,,,,
1781033550841552327,,,,,,,,,,,
1781033550941606979,,,,,,,,,,,
1781033551042189542,,,,,,,,,,,
1781033551141426212,,,,,,,,,,,
1781033551241622806,,,,,,,,,,,
1781033551341725805,,,,,,,,,,,
1781033551442170388,,,,,,,,,,,
1781033551542358860,,,,,,,,,,,
1781033551642315801,,,,,,,,,,,
1781033551742294129,,,,,,,,,,,
1781033551844850196,,,,,,,,,,,
1781033551942146141,,,,,,,,,,,
1781033552041895929,,,,,,,,,,,
1781033552142627820,,,,,,,,,,,
1781033552241652098,,,,,,,,,,,
1781033552344934694,,,,,,,,,,,
1781033552442956756,,,,,,,,,,,
1781033552544375721,,,,,,,,,,,
1781033552642090439,,,,,,,,,,,
1781033552742276167,,,,,,,,,,,
1781033552841891477,,,,,,,,,,,
1781033552941792477,,,,,,,,,,,
1781033553041443065,,,,,,,,,,,
1781033553141365840,,,,,,,,,,,
1781033553242352638,,,,,,,,,,,
1781033553342271434,,,,,,,,,,,
1781033553441916819,,,,,,,,,,,
1781033553542220796,,,,,,,,,,,
1781033553641823745,,,,,,,,,,,
1781033553741453240,,,,,,,,,,,
1781033553842253486,,,,,,,,,,,
1781033553941582259,,,,,,,,,,,
1781033554042195843,,,,,,,,,,,
1781033554144824536,,,,,,,,,,,
1781033554242394308,,,,,,,,,,,
1781033554342010913,,,,,,,,,,,
1781033554442161105,,,,,,,,,,,
1781033554541587653,,,,,,,,,,,
1781033554644549800,,,,,,,,,,,
1781033554742055615,,,,,,,,,,,
1781033554842052186,,,,,,,,,,,
1781033554942318340,,,,,,,,,,,
1781033555041594776,,,,,,,,,,,
1781033555142191609,,,,,,,,,,,
1781033555244768845,,,,,,,,,,,
1781033555341861585,,,,,,,,,,,
1781033555444863672,,,,,,,,,,,
1781033555541625782,,,,,,,,,,,
1781033555641468862,,,,,,,,,,,
1781033555742009268,,,,,,,,,,,
1781033555841616970,,,,,,,,,,,
1781033555941806760,,,,,,,,,,,
1781033556041427814,,,,,,,,,,,
1781033556141496126,,,,,,,,,,,
1781033556242118212,,,,,,,,,,,
1781033556341931320,,,,,,,,,,,
1781033556442865163,,,,,,,,,,,
1781033556541738847,,,,,,,,,,,
1781033556642099485,,,,,,,,,,,
1781033556742063348,true,false,3,3,0,0,0,0,0.0,true,1781033556721630024
1781033556841723493,true,false,3,3,0,0,0,0,0.0,true,1781033556838347964
1781033556942379506,true,false,3,3,0,0,0,0,0.0,true,1781033556925784929
1781033557041577845,true,false,3,3,0,0,0,0,0.0,true,1781033557037419835
1781033557141861617,true,false,3,3,0,0,0,0,0.0,true,1781033557130628114
1781033557244974024,true,false,3,3,0,0,0,0,0.0,true,1781033557229375391
1781033557344897090,true,false,3,3,0,0,0,0,0.0,true,1781033557331820014
1781033557444883195,true,false,3,3,0,0,0,0,0.0,true,1781033557416970958
1781033557544931372,true,false,3,3,0,0,0,0,0.0,true,1781033557517191990
1781033557648879773,true,false,3,3,0,0,0,0,0.0,true,1781033557623735467
1781033557752866293,true,false,3,3,0,0,0,0,0.0,true,1781033557735349138
1781033557850133489,true,false,3,3,0,0,0,0,0.0,true,1781033557823195062
1781033557950295188,true,false,3,3,0,0,0,0,0.0,true,1781033557926028534
1781033558049717630,true,false,3,3,0,0,0,0,0.0,true,1781033558020471535
1781033558152856436,true,false,3,3,0,0,0,0,0.0,true,1781033558140590793
1781033558250192426,true,false,3,3,0,0,0,0,0.0,true,1781033558232984692
1781033558349495510,true,false,3,3,0,0,0,0,0.0,true,1781033558334447310
1781033558450080157,true,false,3,3,0,0,0,0,0.0,true,1781033558427635126
1781033558552922549,true,false,3,3,0,0,0,0,0.0,true,1781033558540242395
1781033558649660966,true,false,3,3,0,0,0,0,0.0,true,1781033558640464008
1781033558750207339,true,false,3,3,0,0,0,0,0.0,true,1781033558741981390
1781033558850204585,true,false,3,3,0,0,0,0,0.0,true,1781033558826043791
1781033558950358823,true,false,3,3,0,0,0,0,0.0,true,1781033558935578377
1781033559050085783,true,false,3,3,0,0,0,0,0.0,true,1781033559030759627
1781033559152850518,true,false,3,3,0,0,0,0,0.0,true,1781033559147915077
1781033559252887690,true,false,3,3,0,0,0,0,0.0,true,1781033559236676646
1781033559352852107,true,false,3,3,0,0,0,0,0.0,true,1781033559332464241
1781033559450120574,true,false,3,3,0,0,0,0,0.0,true,1781033559432742236
1781033559549611177,true,false,3,3,0,0,0,0,0.0,true,1781033559536755597
1781033559649519482,true,false,3,3,0,0,0,0,0.0,true,1781033559643989213
1781033559749678358,true,false,3,3,0,0,0,0,0.0,true,1781033559738860575
1781033559849887950,true,false,3,3,0,0,0,0,0.0,true,1781033559848068461
1781033559949442963,true,false,3,3,0,0,0,0,0.0,true,1781033559946597885
1781033560049529381,true,false,3,3,0,0,0,0,0.0,true,1781033560042067287
1781033560150211068,true,false,3,3,0,0,0,0,0.0,true,1781033560138753386
1781033560249523767,true,false,3,3,0,0,0,0,0.0,true,1781033560249009115
1781033560351377271,true,false,3,3,0,0,0,0,0.0,true,1781033560338834717
1781033560449799504,true,false,3,3,0,0,0,0,0.0,true,1781033560441909516
1781033560550341755,true,false,3,3,0,0,0,0,0.0,true,1781033560540188783
1781033560649768459,true,false,3,3,0,0,0,0,0.0,true,1781033560649114168
1781033560750225782,true,false,3,3,0,0,0,0,0.0,true,1781033560734322052
1781033560852920620,true,false,3,3,0,0,0,0,0.0,true,1781033560841562615
1781033560949564605,true,false,3,3,0,0,0,0,0.0,true,1781033560946622043
1781033561049668998,true,false,3,3,0,0,0,0,0.0,true,1781033561044945465
1781033561149747903,true,false,3,3,0,0,0,0,0.0,true,1781033561146941711
1781033561250326757,true,false,3,3,0,0,0,0,0.0,true,1781033561240184769
1781033561349950349,true,false,3,3,0,0,0,0,0.0,true,1781033561340230887
1781033561452868235,true,false,3,3,0,0,0,0,0.0,true,1781033561439574464
1781033561550040357,true,false,3,3,0,0,0,0,0.0,true,1781033561528872721
1781033561650449027,true,false,3,3,0,0,0,0,0.0,true,1781033561630754680
1781033561749976764,true,false,3,3,0,0,0,0,0.0,true,1781033561730242289
1781033561852891157,true,false,3,3,0,0,0,0,0.0,true,1781033561834121336
1781033561952897497,true,false,3,3,0,0,0,0,0.0,true,1781033561943104727
1781033562049906190,true,false,3,3,0,0,0,0,0.0,true,1781033562043241784
1781033562152855663,true,false,3,3,0,0,0,0,0.0,true,1781033562122567896
1781033562250091007,true,false,3,3,0,0,0,0,0.0,true,1781033562211367380
1781033562352821987,true,false,3,3,0,0,0,0,0.0,true,1781033562337846097
1781033562450136112,true,false,3,3,0,0,0,0,0.0,true,1781033562446366649
1781033562550002093,true,false,3,3,0,0,0,0,0.0,true,1781033562549295896
1781033562650338376,true,false,3,3,0,0,0,0,0.0,true,1781033562634055508
1781033562750141309,true,false,3,3,0,0,0,0,0.0,true,1781033562732860368
1781033562849419265,true,false,3,3,0,0,0,0,0.0,true,1781033562843454134
1781033562950661761,true,false,3,3,0,0,0,0,0.0,true,1781033562949766101
1781033563050056697,true,false,3,3,0,0,0,0,0.0,true,1781033563038189783
1781033563152143986,true,false,3,3,0,0,0,0,0.0,true,1781033563118338452
1781033563252861401,true,false,3,3,0,0,0,0,0.0,true,1781033563238696180
1781033563350244618,true,false,3,3,0,0,0,0,0.0,true,1781033563328412031
1781033563449765799,true,false,3,3,0,0,0,0,0.0,true,1781033563441207848
1781033563552912348,true,false,3,3,0,0,0,0,0.0,true,1781033563537520278
1781033563649457099,true,false,3,3,0,0,0,0,0.0,true,1781033563644826817
1781033563749720608,true,false,3,3,0,0,0,0,0.0,true,1781033563737919550
1781033563850089713,true,false,3,3,0,0,0,0,0.0,true,1781033563813647332
1781033563950134336,true,false,3,3,0,0,0,0,0.0,true,1781033563915399213
1781033564050064993,true,false,3,3,0,0,0,0,0.0,true,1781033564023302096
1781033564152868251,true,false,3,3,0,0,0,0,0.0,true,1781033564122484874
1781033564250331153,true,false,3,3,0,0,0,0,0.0,true,1781033564247793957
1781033564349581040,true,false,3,3,0,0,0,0,0.0,true,1781033564319024667
1781033564449682840,true,false,3,3,0,0,0,0,0.0,true,1781033564433112892
1781033564550830251,true,false,3,3,0,0,0,0,0.0,true,1781033564529098527
1781033564650046291,true,false,3,3,0,0,0,0,0.0,true,1781033564645542355
1781033564751197008,true,false,3,3,0,0,0,0,0.0,true,1781033564739098476
1781033564849985933,true,false,3,3,0,0,0,0,0.0,true,1781033564835779144
1781033564950180957,true,false,3,3,0,0,0,0,0.0,true,1781033564923991684
1781033565056977474,true,false,3,3,0,0,0,0,0.0,true,1781033565039273054
1781033565160967189,true,false,3,3,0,0,0,0,0.0,true,1781033565149516188
1781033565258006378,true,false,3,3,0,0,0,0,0.0,true,1781033565243306331
1781033565365823701,true,false,3,3,0,0,0,0,0.0,true,1781033565358834691
1781033565466574397,true,false,3,3,0,0,0,0,0.0,true,1781033565464443699
1781033565566868067,true,false,3,3,0,0,0,0,0.0,true,1781033565564214846
1781033565666373568,true,false,3,3,0,0,0,0,0.0,true,1781033565645574877
1781033565766632429,true,false,3,3,0,0,0,0,0.0,true,1781033565751572084
1781033565871859209,true,false,3,3,0,0,0,0,0.0,true,1781033565837447730
1781033565976882564,true,false,3,3,0,0,0,0,0.0,true,1781033565960840945
1781033566082140163,true,false,3,3,0,0,0,0,0.0,true,1781033566074103177
1781033566184895815,true,false,3,3,0,0,0,0,0.0,true,1781033566177291360
1781033566282735930,true,false,3,3,0,0,0,0,0.0,true,1781033566255280806
1781033566384292096,true,false,3,3,0,0,0,0,0.0,true,1781033566358299573
1781033566484891785,true,false,3,3,0,0,0,0,0.0,true,1781033566463218450
1781033566582449258,true,false,3,3,0,0,0,0,0.0,true,1781033566581324525
1781033566688942088,true,false,3,3,0,0,0,0,0.0,true,1781033566668676581
1781033566789825732,true,false,3,3,0,0,0,0,0.0,true,1781033566771197164
1781033566889766817,true,false,3,3,0,0,0,0,0.0,true,1781033566858949502
1781033566996963011,true,false,3,3,0,0,0,0,0.0,true,1781033566974817593
1781033567097766497,true,false,3,3,0,0,0,0,0.0,true,1781033567081764642
1781033567200973249,true,false,3,3,0,0,0,0,0.0,true,1781033567189570716
1781033567297985169,true,false,3,3,0,0,0,0,0.0,true,1781033567264540533
1781033567397445561,true,false,3,3,0,0,0,0,0.0,true,1781033567370203536
1781033567504956223,true,false,3,3,0,0,0,0,0.0,true,1781033567477845916
1781033567606159012,true,false,3,3,0,0,0,0,0.0,true,1781033567593636498
1781033567708857636,true,false,3,3,0,0,0,0,0.0,true,1781033567699888353
1781033567805617208,true,false,3,3,0,0,0,0,0.0,true,1781033567772876148
1781033567905844568,true,false,3,3,0,0,0,0,0.0,true,1781033567894448647
1781033568005462285,true,false,3,3,0,0,0,0,0.0,true,1781033567985151676
1781033568105984650,true,false,3,3,0,0,0,0,0.0,true,1781033568082711860
1781033568206004387,true,false,3,3,0,0,0,0,0.0,true,1781033568173889433
1781033568306188244,true,false,3,3,0,0,0,0,0.0,true,1781033568285975295
1781033568408848021,true,false,3,3,0,0,0,0,0.0,true,1781033568402595300
1781033568508866240,true,false,3,3,0,0,0,0,0.0,true,1781033568489512984
1781033568605785081,true,false,3,3,0,0,0,0,0.0,true,1781033568587716691
1781033568705827345,true,false,3,3,0,0,0,0,0.0,true,1781033568701729181
1781033568805794138,true,false,3,3,0,0,0,0,0.0,true,1781033568796106017
1781033568907442407,true,false,3,3,0,0,0,0,0.0,true,1781033568876185415
1781033569008858696,true,false,3,3,0,0,0,0,0.0,true,1781033568984074557
1781033569106294589,true,false,3,3,0,0,0,0,0.0,true,1781033569105261445
1781033569206060834,true,false,3,3,0,0,0,0,0.0,true,1781033569199154164
1781033569313217101,true,false,3,3,0,0,0,0,0.0,true,1781033569295202384
1781033569413476894,true,false,3,3,0,0,0,0,0.0,true,1781033569391138775
1781033569515085278,true,false,3,3,0,0,0,0,0.0,true,1781033569513997595
1781033569621018208,true,false,3,3,0,0,0,0,0.0,true,1781033569607558841
1781033569728883061,true,false,3,3,0,0,0,0,0.0,true,1781033569715543343
1781033569830236752,true,false,3,3,0,0,0,0,0.0,true,1781033569814158678
1781033569930061938,true,false,3,3,0,0,0,0,0.0,true,1781033569924915712
1781033570032875955,true,false,3,3,0,0,0,0,0.0,true,1781033570025181677
1781033570130310443,true,false,3,3,0,0,0,0,0.0,true,1781033570125469740
1781033570232888768,true,false,3,3,0,0,0,0,0.0,true,1781033570219720110
1781033570330295298,true,false,3,3,0,0,0,0,0.0,true,1781033570326320854
1781033570432887928,true,false,3,3,0,0,0,0,0.0,true,1781033570421615838
1781033570533115429,true,false,3,3,0,0,0,0,0.0,true,1781033570518129332
1781033570630184199,true,false,3,3,0,0,0,0,0.0,true,1781033570625401600
1781033570732874793,true,false,3,3,0,0,0,0,0.0,true,1781033570723515165
1781033570830994655,true,false,3,3,0,0,0,0,0.0,true,1781033570797132883
1781033570929311440,true,false,3,3,0,0,0,0,0.0,true,1781033570897877778
1781033571034723429,true,false,3,3,0,0,0,0,0.0,true,1781033570995770358
1781033571135501289,true,false,3,3,0,0,0,0,0.0,true,1781033571130555794
1781033571235910320,true,false,3,3,0,0,0,0,0.0,true,1781033571219077622
1781033571336396664,true,false,3,3,0,0,0,0,0.0,true,1781033571325114340
1781033571436474495,true,false,3,3,0,0,0,0,0.0,true,1781033571436318560
1781033571540998160,true,false,3,3,0,0,0,0,0.0,true,1781033571506568935
1781033571641598097,true,false,3,3,0,0,0,0,0.0,true,1781033571622924951
1781033571741493823,true,false,3,3,0,0,0,0,0.0,true,1781033571703944725
1781033571842391635,true,false,3,3,0,0,0,0,0.0,true,1781033571839252579
1781033571941586592,true,false,3,3,0,0,0,0,0.0,true,1781033571920450543
1781033572041475822,true,false,3,3,0,0,0,0,0.0,true,1781033572008867103
1781033572142358845,true,false,3,3,0,0,0,0,0.0,true,1781033572138491229
1781033572241431588,true,false,3,3,0,0,0,0,0.0,true,1781033572204071768
1781033572341516576,true,false,3,3,0,0,0,0,0.0,true,1781033572340208938
1781033572444907993,true,false,3,3,0,0,0,0,0.0,true,1781033572428736029
1781033572547037733,true,false,3,3,0,0,0,0,0.0,true,1781033572536357492
1781033572648130409,true,false,3,3,0,0,0,0,0.0,true,1781033572634691078
1781033572750000295,true,false,3,3,0,0,0,0,0.0,true,1781033572725490782
1781033572848058584,true,false,3,3,0,0,0,0,0.0,true,1781033572843160701
1781033572948007064,true,false,3,3,0,0,0,0,0.0,true,1781033572938609178
1781033573052095876,true,false,3,3,0,0,0,0,0.0,true,1781033573035430514
1781033573156841323,true,false,3,3,0,0,0,0,0.0,true,1781033573136753635
1781033573260950263,true,false,3,3,0,0,0,0,0.0,true,1781033573239579365
1781033573364921306,true,false,3,3,0,0,0,0,0.0,true,1781033573341344801
1781033573461931961,true,false,3,3,0,0,0,0,0.0,true,1781033573457955126
1781033573561481416,true,false,3,3,0,0,0,0,0.0,true,1781033573535985953
1781033573664922965,true,false,3,3,0,0,0,0,0.0,true,1781033573639207328
1781033573762102255,true,false,3,3,0,0,0,0,0.0,true,1781033573736765527
1781033573862132607,true,false,3,3,0,0,0,0,0.0,true,1781033573858386963
1781033573962192105,true,false,3,3,0,0,0,0,0.0,true,1781033573940542960
1781033574062350977,true,false,3,3,0,0,0,0,0.0,true,1781033574056817272
1781033574164887705,true,false,3,3,0,0,0,0,0.0,true,1781033574150320594
1781033574261399206,true,false,3,3,0,0,0,0,0.0,true,1781033574236343147
1781033574361311403,true,false,3,3,0,0,0,0,0.0,true,1781033574360344147
1781033574464870528,true,false,3,3,0,0,0,0,0.0,true,1781033574443102029
1781033574568903351,true,false,3,3,0,0,0,0,0.0,true,1781033574536398877
1781033574670081134,true,false,3,3,0,0,0,0,0.0,true,1781033574646357846
1781033574769768472,true,false,3,3,0,0,0,0,0.0,true,1781033574762935026
1781033574870180843,true,false,3,3,0,0,0,0,0.0,true,1781033574846362847
1781033574970167717,true,false,3,3,0,0,0,0,0.0,true,1781033574946648394
1781033575069365346,true,false,3,3,0,0,0,0,0.0,true,1781033575067321446
1781033575170220941,true,false,3,3,0,0,0,0,0.0,true,1781033575157826266
1781033575269923470,true,false,3,3,0,0,0,0,0.0,true,1781033575251407283
1781033575369671332,true,false,3,3,0,0,0,0,0.0,true,1781033575340128306
1781033575470998612,true,false,3,3,0,0,0,0,0.0,true,1781033575466860051
1781033575570751507,true,false,3,3,0,0,0,0,0.0,true,1781033575546774876
1781033575672858744,true,false,3,3,0,0,0,0,0.0,true,1781033575652613143
1781033575772862388,true,false,3,3,0,0,0,0,0.0,true,1781033575755698898
1781033575870173256,true,false,3,3,0,0,0,0,0.0,true,1781033575849935286
1781033575970186759,true,false,3,3,0,0,0,0,0.0,true,1781033575953469963
1781033576069922257,true,false,3,3,0,0,0,0,0.0,true,1781033576034177550
1781033576172873371,true,false,3,3,0,0,0,0,0.0,true,1781033576153886871
1781033576276881091,true,false,3,3,0,0,0,0,0.0,true,1781033576262615783
1781033576378138750,true,false,3,3,0,0,0,0,0.0,true,1781033576357779650
1781033576478122830,true,false,3,3,0,0,0,0,0.0,true,1781033576466364333
1781033576578279000,true,false,3,3,0,0,0,0,0.0,true,1781033576576257521
1781033576685064496,true,false,3,3,0,0,0,0,0.0,true,1781033576655133993
1781033576788864792,true,false,3,3,0,0,0,0,0.0,true,1781033576774413260
1781033576889144038,true,false,3,3,0,0,0,0,0.0,true,1781033576872843031
1781033576987597572,true,false,3,3,0,0,0,0,0.0,true,1781033576966860605
1781033577086168504,true,false,3,3,0,0,0,0,0.0,true,1781033577060486688
1781033577188870364,true,false,3,3,0,0,0,0,0.0,true,1781033577165865884
1781033577285980862,true,false,3,3,0,0,0,0,0.0,true,1781033577276527195
1781033577386098188,true,false,3,3,0,0,0,0,0.0,true,1781033577365255947
1781033577488880520,true,false,3,3,0,0,0,0,0.0,true,1781033577469252545
1781033577585883151,true,false,3,3,0,0,0,0,0.0,true,1781033577574787271
1781033577686065115,true,false,3,3,0,0,0,0,0.0,true,1781033577665763739
1781033577786020443,true,false,3,3,0,0,0,0,0.0,true,1781033577770127664
1781033577888868453,true,false,3,3,0,0,0,0,0.0,true,1781033577870784896
1781033577986232451,true,false,3,3,0,0,0,0,0.0,true,1781033577975205424
1781033578086156631,true,false,3,3,0,0,0,0,0.0,true,1781033578074498081
1781033578188873292,true,false,3,3,0,0,0,0,0.0,true,1781033578166005599
1781033578285999288,true,false,3,3,0,0,0,0,0.0,true,1781033578274063051
1781033578386872854,true,false,3,3,0,0,0,0,0.0,true,1781033578375774853
1781033578489214494,true,false,3,3,0,0,0,0,0.0,true,1781033578477405211
1781033578585478308,true,false,3,3,0,0,0,0,0.0,true,1781033578581752270
1781033578685974685,true,false,3,3,0,0,0,0,0.0,true,1781033578681955486
1781033578790700037,true,false,3,3,0,0,0,0,0.0,true,1781033578778371482
1781033578892995036,true,false,3,3,0,0,0,0,0.0,true,1781033578889815226
1781033578999869061,true,false,3,3,0,0,0,0,0.0,true,1781033578976495021
1781033579100315052,true,false,3,3,0,0,0,0,0.0,true,1781033579095705225
1781033579200558690,true,false,3,3,0,0,0,0,0.0,true,1781033579179341088
1781033579300520490,true,false,3,3,0,0,0,0,0.0,true,1781033579287142177
1781033579400292810,true,false,3,3,0,0,0,0,0.0,true,1781033579387978082
1781033579504863339,true,false,3,3,0,0,0,0,0.0,true,1781033579493562675
1781033579600962545,true,false,3,3,0,0,0,0,0.0,true,1781033579585587727
1781033579700758357,true,false,3,3,0,0,0,0,0.0,true,1781033579688360074
1781033579804895116,true,false,3,3,0,0,0,0,0.0,true,1781033579792949183
1781033579906113244,true,false,3,3,0,0,0,0,0.0,true,1781033579884165354
1781033580006331853,true,false,3,3,0,0,0,0,0.0,true,1781033580000763422
1781033580108859262,true,false,3,3,0,0,0,0,0.0,true,1781033580101226850
1781033580206086243,true,false,3,3,0,0,0,0,0.0,true,1781033580193654798
1781033580306090450,true,false,3,3,0,0,0,0,0.0,true,1781033580285708921
1781033580408874474,true,false,3,3,0,0,0,0,0.0,true,1781033580388241245
1781033580512853486,true,false,3,3,0,0,0,0,0.0,true,1781033580492083586
1781033580616874902,true,false,3,3,0,0,0,0,0.0,true,1781033580597978329
1781033580714124566,true,false,3,3,0,0,0,0,0.0,true,1781033580686679073
1781033580816846020,true,false,3,3,0,0,0,0,0.0,true,1781033580788503878
1781033580916855452,true,false,3,3,0,0,0,0,0.0,true,1781033580905245699
1781033581013721139,true,false,3,3,0,0,0,0,0.0,true,1781033581001412250
1781033581114237633,true,false,3,3,0,0,0,0,0.0,true,1781033581090521819
1781033581214393530,true,false,3,3,0,0,0,0,0.0,true,1781033581205349361
1781033581315970359,true,false,3,3,0,0,0,0,0.0,true,1781033581301655048
1781033581416847866,true,false,3,3,0,0,0,0,0.0,true,1781033581401068596
1781033581513940405,true,false,3,3,0,0,0,0,0.0,true,1781033581500255127
1781033581616855366,true,false,3,3,0,0,0,0,0.0,true,1781033581604121322
1781033581714195918,true,false,3,3,0,0,0,0,0.0,true,1781033581701381632
1781033581815566947,true,false,3,3,0,0,0,0,0.0,true,1781033581789745318
1781033581913909309,true,false,3,3,0,0,0,0,0.0,true,1781033581905195216
1781033582016881461,true,false,3,3,0,0,0,0,0.0,true,1781033581972462530
1781033582116853234,true,false,3,3,0,0,0,0,0.0,true,1781033582100532478
1781033582213726491,true,false,3,3,0,0,0,0,0.0,true,1781033582210572751
1781033582316856494,true,false,3,3,0,0,0,0,0.0,true,1781033582308972150
1781033582414023531,true,false,3,3,0,0,0,0,0.0,true,1781033582409578051
1781033582514195192,true,false,3,3,0,0,0,0,0.0,true,1781033582498960014
1781033582614780277,true,false,3,3,0,0,0,0,0.0,true,1781033582590064124
1781033582721049322,true,false,3,3,0,0,0,0,0.0,true,1781033582695711305
1781033582821625386,true,false,3,3,0,0,0,0,0.0,true,1781033582816348571
1781033582922058441,true,false,3,3,0,0,0,0,0.0,true,1781033582913271629
1781033583024966698,true,false,3,3,0,0,0,0,0.0,true,1781033583006972510
1781033583122023955,true,false,3,3,0,0,0,0,0.0,true,1781033583111264543
1781033583224885549,true,false,3,3,0,0,0,0,0.0,true,1781033583208859775
1781033583321340668,true,false,3,3,0,0,0,0,0.0,true,1781033583317877988
1781033583422306014,true,false,3,3,0,0,0,0,0.0,true,1781033583405807373
1781033583524870102,true,false,3,3,0,0,0,0,0.0,true,1781033583511345854
1781033583622257565,true,false,3,3,0,0,0,0,0.0,true,1781033583606463360
1781033583724868628,true,false,3,3,0,0,0,0,0.0,true,1781033583707087040
1781033583821426954,true,false,3,3,0,0,0,0,0.0,true,1781033583814592077
1781033583924938449,true,false,3,3,0,0,0,0,0.0,true,1781033583904748123
1781033584024848219,true,false,3,3,0,0,0,0,0.0,true,1781033584010829136
1781033584122032068,true,false,3,3,0,0,0,0,0.0,true,1781033584107945527
1781033584224935957,true,false,3,3,0,0,0,0,0.0,true,1781033584203296171
1781033584321920397,true,false,3,3,0,0,0,0,0.0,true,1781033584309249473
1781033584424866430,true,false,3,3,0,0,0,0,0.0,true,1781033584406910497
1781033584521379927,true,false,3,3,0,0,0,0,0.0,true,1781033584517835728
1781033584625337758,true,false,3,3,0,0,0,0,0.0,true,1781033584608625919
1781033584728866175,true,false,3,3,0,0,0,0,0.0,true,1781033584708647368
1781033584829849430,true,false,3,3,0,0,0,0,0.0,true,1781033584802738310
1781033584932868591,true,false,3,3,0,0,0,0,0.0,true,1781033584912776332
1781033585029955797,true,false,3,3,0,0,0,0,0.0,true,1781033585006020946
1781033585129634917,true,false,3,3,0,0,0,0,0.0,true,1781033585102325300
1781033585229401610,true,false,3,3,0,0,0,0,0.0,true,1781033585219835683
1781033585332868405,true,false,3,3,0,0,0,0,0.0,true,1781033585314373039
1781033585430351490,true,false,3,3,0,0,0,0,0.0,true,1781033585409811399
1781033585531568890,true,false,3,3,0,0,0,0,0.0,true,1781033585512568738
1781033585629647107,true,false,3,3,0,0,0,0,0.0,true,1781033585626504783
1781033585736866579,true,false,3,3,0,0,0,0,0.0,true,1781033585718966644
1781033585839351533,true,false,3,3,0,0,0,0,0.0,true,1781033585816044875
1781033585938324812,true,false,3,3,0,0,0,0,0.0,true,1781033585931331625
1781033586037756639,true,false,3,3,0,0,0,0,0.0,true,1781033586028952570
1781033586138385995,true,false,3,3,0,0,0,0,0.0,true,1781033586133505903
1781033586245001118,true,false,3,3,0,0,0,0,0.0,true,1781033586229801248
1781033586346155737,true,false,3,3,0,0,0,0,0.0,true,1781033586329846848
1781033586448873718,true,false,3,3,0,0,0,0,0.0,true,1781033586426041330
1781033586548843648,true,false,3,3,0,0,0,0,0.0,true,1781033586538272438
1781033586645726943,true,false,3,3,0,0,0,0,0.0,true,1781033586632566058
1781033586746067384,true,false,3,3,0,0,0,0,0.0,true,1781033586719662030
1781033586846095234,true,false,3,3,0,0,0,0,0.0,true,1781033586827083332
1781033586945871739,true,false,3,3,0,0,0,0,0.0,true,1781033586935248932
1781033587046264730,true,false,3,3,0,0,0,0,0.0,true,1781033587019645146
1781033587146862990,true,false,3,3,0,0,0,0,0.0,true,1781033587129249606
1781033587245777553,true,false,3,3,0,0,0,0,0.0,true,1781033587233113330
1781033587345704759,true,false,3,3,0,0,0,0,0.0,true,1781033587339963907
1781033587446233341,true,false,3,3,0,0,0,0,0.0,true,1781033587426206462
1781033587548880331,true,false,3,3,0,0,0,0,0.0,true,1781033587529864904
1781033587645712225,true,false,3,3,0,0,0,0,0.0,true,1781033587632926726
1781033587746479702,true,false,3,3,0,0,0,0,0.0,true,1781033587729699343
1781033587848856398,true,false,3,3,0,0,0,0,0.0,true,1781033587835673881
1781033587945554171,true,false,3,3,0,0,0,0,0.0,true,1781033587930499665
1781033588048856466,true,false,3,3,0,0,0,0,0.0,true,1781033588036126665
1781033588148867294,true,false,3,3,0,0,0,0,0.0,true,1781033588132514652
1781033588252868839,true,false,3,3,0,0,0,0,0.0,true,1781033588241618884
1781033588356863843,true,false,3,3,0,0,0,0,0.0,true,1781033588344266899
1781033588454398024,true,false,3,3,0,0,0,0,0.0,true,1781033588432606711
1781033588553991242,true,false,3,3,0,0,0,0,0.0,true,1781033588545059398
1781033588654059903,true,false,3,3,0,0,0,0,0.0,true,1781033588634667784
1781033588753700776,true,false,3,3,0,0,0,0,0.0,true,1781033588735365252
1781033588854418798,true,false,3,3,0,0,0,0,0.0,true,1781033588844241077
1781033588953931359,true,false,3,3,0,0,0,0,0.0,true,1781033588939432286
1781033589056161138,true,false,3,3,0,0,0,0,0.0,true,1781033589042906035
1781033589154455791,true,false,3,3,0,0,0,0,0.0,true,1781033589148974660
1781033589264357641,true,false,3,3,0,0,0,0,0.0,true,1781033589241659666
1781033589366381189,true,false,3,3,0,0,0,0,0.0,true,1781033589357079801
1781033589468872058,true,false,3,3,0,0,0,0,0.0,true,1781033589451548185
1781033589565600764,true,false,3,3,0,0,0,0,0.0,true,1781033589541565679
1781033589665606095,true,false,3,3,0,0,0,0,0.0,true,1781033589645225795
1781033589768862006,true,false,3,3,0,0,0,0,0.0,true,1781033589750736958
1781033589865592766,true,false,3,3,0,0,0,0,0.0,true,1781033589850844652
1781033589966052851,true,false,3,3,0,0,0,0,0.0,true,1781033589950526396
1781033590065557153,true,false,3,3,0,0,0,0,0.0,true,1781033590056499382
1781033590167694584,true,false,3,3,0,0,0,0,0.0,true,1781033590149180293
1781033590265784909,true,false,3,3,0,0,0,0,0.0,true,1781033590262771473
1781033590366199587,true,false,3,3,0,0,0,0,0.0,true,1781033590351412516
1781033590465312541,true,false,3,3,0,0,0,0,0.0,true,1781033590445674108
1781033590565619756,true,false,3,3,0,0,0,0,0.0,true,1781033590560532761
1781033590666268795,true,false,3,3,0,0,0,0,0.0,true,1781033590623946163
1781033590765770774,true,false,3,3,0,0,0,0,0.0,true,1781033590749727088
1781033590867302806,true,false,3,3,0,0,0,0,0.0,true,1781033590864017261
1781033590965895841,true,false,3,3,0,0,0,0,0.0,true,1781033590954364105
1781033591065475270,true,false,3,3,0,0,0,0,0.0,true,1781033591060133519
1781033591166289267,true,false,3,3,0,0,0,0,0.0,true,1781033591160197441
1781033591265981774,true,false,3,3,0,0,0,0,0.0,true,1781033591256094365
1781033591365615122,true,false,3,3,0,0,0,0,0.0,true,1781033591336916207
1781033591467901052,true,false,3,3,0,0,0,0,0.0,true,1781033591456323040
1781033591568850744,true,false,3,3,0,0,0,0,0.0,true,1781033591559487350
1781033591666283178,true,false,3,3,0,0,0,0,0.0,true,1781033591660843125
1781033591765332109,true,false,3,3,0,0,0,0,0.0,true,1781033591761287320
1781033591866183586,true,false,3,3,0,0,0,0,0.0,true,1781033591836295913
1781033591966371838,true,false,3,3,0,0,0,0,0.0,true,1781033591959086692
1781033592068056352,true,false,3,3,0,0,0,0,0.0,true,1781033592049779032
1781033592168881548,true,false,3,3,0,0,0,0,0.0,true,1781033592154414752
1781033592266362873,true,false,3,3,0,0,0,0,0.0,true,1781033592263491376
1781033592366231368,true,false,3,3,0,0,0,0,0.0,true,1781033592360264122
1781033592466202714,true,false,3,3,0,0,0,0,0.0,true,1781033592449710405
1781033592569981937,true,false,3,3,0,0,0,0,0.0,true,1781033592542399890
1781033592670960614,true,false,3,3,0,0,0,0,0.0,true,1781033592637727414
1781033592770835913,true,false,3,3,0,0,0,0,0.0,true,1781033592758751020
1781033592876898542,true,false,3,3,0,0,0,0,0.0,true,1781033592861018091
1781033592981002631,true,false,3,3,0,0,0,0,0.0,true,1781033592948766069
1781033593077441640,true,false,3,3,0,0,0,0,0.0,true,1781033593060303742
1781033593177456718,true,false,3,3,0,0,0,0,0.0,true,1781033593161453068
1781033593281077310,true,false,3,3,0,0,0,0,0.0,true,1781033593251386344
1781033593378151011,true,false,3,3,0,0,0,0,0.0,true,1781033593354527024
1781033593477680906,true,false,3,3,0,0,0,0,0.0,true,1781033593463568891
1781033593578103758,true,false,3,3,0,0,0,0,0.0,true,1781033593548181370
1781033593678817813,true,false,3,3,0,0,0,0,0.0,true,1781033593661104447
1781033593781036027,true,false,3,3,0,0,0,0,0.0,true,1781033593754629163
1781033593884999248,true,false,3,3,0,0,0,0,0.0,true,1781033593873385114
1781033593987087080,true,false,3,3,0,0,0,0,0.0,true,1781033593974521169
1781033594086396471,true,false,3,3,0,0,0,0,0.0,true,1781033594056966182
1781033594185717853,true,false,3,3,0,0,0,0,0.0,true,1781033594183999075
1781033594285756160,true,false,3,3,0,0,0,0,0.0,true,1781033594283667071
1781033594386994907,true,false,3,3,0,0,0,0,0.0,true,1781033594379049625
1781033594487696863,true,false,3,3,0,0,0,0,0.0,true,1781033594463533908
1781033594588881685,true,false,3,3,0,0,0,0,0.0,true,1781033594560862253
1781033594686039096,true,false,3,3,0,0,0,0,0.0,true,1781033594662068139
1781033594788847778,true,false,3,3,0,0,0,0,0.0,true,1781033594773982577
1781033594888878903,true,false,3,3,0,0,0,0,0.0,true,1781033594879672939
1781033594986424552,true,false,3,3,0,0,0,0,0.0,true,1781033594954506267
1781033595088858769,true,false,3,3,0,0,0,0,0.0,true,1781033595063516857
1781033595185697266,true,false,3,3,0,0,0,0,0.0,true,1781033595184072820
1781033595288838280,true,false,3,3,0,0,0,0,0.0,true,1781033595273470509
1781033595385628513,true,false,3,3,0,0,0,0,0.0,true,1781033595383677530
1781033595488865292,true,false,3,3,0,0,0,0,0.0,true,1781033595471502962
1781033595588844391,true,false,3,3,0,0,0,0,0.0,true,1781033595563488160
1781033595685627630,true,false,3,3,0,0,0,0,0.0,true,1781033595664772764
1781033595788830466,true,false,3,3,0,0,0,0,0.0,true,1781033595781425971
1781033595886148736,true,false,3,3,0,0,0,0,0.0,true,1781033595876232071
1781033595985307177,true,false,3,3,0,0,0,0,0.0,true,1781033595984739427
1781033596086253771,true,false,3,3,0,0,0,0,0.0,true,1781033596064641466
1781033596186046883,true,false,3,3,0,0,0,0,0.0,true,1781033596177468498
1781033596288964624,true,false,3,3,0,0,0,0,0.0,true,1781033596268476711
1781033596386885597,true,false,3,3,0,0,0,0,0.0,true,1781033596369665264
1781033596485770202,true,false,3,3,0,0,0,0,0.0,true,1781033596476365930
1781033596586374652,true,false,3,3,0,0,0,0,0.0,true,1781033596575517896
1781033596685982283,true,false,3,3,0,0,0,0,0.0,true,1781033596670672190
1781033596788869756,true,false,3,3,0,0,0,0,0.0,true,1781033596763612325
1781033596887316977,true,false,3,3,0,0,0,0,0.0,true,1781033596875244423
1781033596988872174,true,false,3,3,0,0,0,0,0.0,true,1781033596962184437
1781033597086068288,true,false,3,3,0,0,0,0,0.0,true,1781033597066932753
1781033597186351972,true,false,3,3,0,0,0,0,0.0,true,1781033597162027615
1781033597285365631,true,false,3,3,0,0,0,0,0.0,true,1781033597284839025
1781033597385449663,true,false,3,3,0,0,0,0,0.0,true,1781033597385138692
1781033597485874113,true,false,3,3,0,0,0,0,0.0,true,1781033597478486956
1781033597585419440,true,false,3,3,0,0,0,0,0.0,true,1781033597581890372
1781033597686084294,true,false,3,3,0,0,0,0,0.0,true,1781033597675431811
1781033597787086774,true,false,3,3,0,0,0,0,0.0,true,1781033597786041632
1781033597885814954,true,false,3,3,0,0,0,0,0.0,true,1781033597881468369
1781033597987195055,true,false,3,3,0,0,0,0,0.0,true,1781033597956845315
1781033598086158655,true,false,3,3,0,0,0,0,0.0,true,1781033598080207466
1781033598188846092,true,false,3,3,0,0,0,0,0.0,true,1781033598179631141
1781033598285356915,true,false,3,3,0,0,0,0,0.0,true,1781033598271064967
1781033598386093246,true,false,3,3,0,0,0,0,0.0,true,1781033598374318031
1781033598488884877,true,false,3,3,0,0,0,0,0.0,true,1781033598474106517
1781033598586294056,true,false,3,3,0,0,0,0,0.0,true,1781033598581721961
1781033598685460242,true,false,3,3,0,0,0,0,0.0,true,1781033598685049509
1781033598786270807,true,false,3,3,0,0,0,0,0.0,true,1781033598782107061
1781033598892880224,true,false,3,3,0,0,0,0,0.0,true,1781033598881707270
1781033598994087379,true,false,3,3,0,0,0,0,0.0,true,1781033598976574995
1781033599094172184,true,false,3,3,0,0,0,0,0.0,true,1781033599068744893
1781033599193824513,true,false,3,3,0,0,0,0,0.0,true,1781033599172962014
1781033599296849404,true,false,3,3,0,0,0,0,0.0,true,1781033599283903784
1781033599394159844,true,false,3,3,0,0,0,0,0.0,true,1781033599392152564
1781033599493676850,true,false,3,3,0,0,0,0,0.0,true,1781033599473151881
1781033599594025365,true,false,3,3,0,0,0,0,0.0,true,1781033599590093719
1781033599696850582,true,false,3,3,0,0,0,0,0.0,true,1781033599676168851
1781033599793748985,true,false,3,3,0,0,0,0,0.0,true,1781033599782180765
1781033599893757741,true,false,3,3,0,0,0,0,0.0,true,1781033599890066983
1781033599993423999,true,false,3,3,0,0,0,0,0.0,true,1781033599984237199
1781033600093679145,true,false,3,3,0,0,0,0,0.0,true,1781033600090975218
1781033600193543928,true,false,3,3,0,0,0,0,0.0,true,1781033600176533734
1781033600294081824,true,false,3,3,0,0,0,0,0.0,true,1781033600289489782
1781033600395739472,true,false,3,3,0,0,0,0,0.0,true,1781033600382660191
1781033600493777682,true,false,3,3,0,0,0,0,0.0,true,1781033600479789708
1781033600593898317,true,false,3,3,0,0,0,0,0.0,true,1781033600584276743
1781033600693496512,true,false,3,3,0,0,0,0,0.0,true,1781033600679571317
1781033600793575312,true,false,3,3,0,0,0,0,0.0,true,1781033600780298035
1781033600893765004,true,false,3,3,0,0,0,0,0.0,true,1781033600891604122
1781033600994379099,true,false,3,3,0,0,0,0,0.0,true,1781033600993234269
1781033601093941906,true,false,3,3,0,0,0,0,0.0,true,1781033601083194235
1781033601194460843,true,false,3,3,0,0,0,0,0.0,true,1781033601187152553
1781033601294261273,true,false,3,3,0,0,0,0,0.0,true,1781033601289931836
1781033601393918972,true,false,3,3,0,0,0,0,0.0,true,1781033601380187376
1781033601496918501,true,false,3,3,0,0,0,0,0.0,true,1781033601487802337
1781033601593626550,true,false,3,3,0,0,0,0,0.0,true,1781033601577289512
1781033601693558896,true,false,3,3,0,0,0,0,0.0,true,1781033601680301477
1781033601794004945,true,false,3,3,0,0,0,0,0.0,true,1781033601768372911
1781033601896850027,true,false,3,3,0,0,0,0,0.0,true,1781033601869888668
1781033601994006528,true,false,3,3,0,0,0,0,0.0,true,1781033601990860423
1781033602094726551,true,false,3,3,0,0,0,0,0.0,true,1781033602088174475
1781033602194037217,true,false,3,3,0,0,0,0,0.0,true,1781033602189414935
1781033602301001951,true,false,3,3,0,0,0,0,0.0,true,1781033602282502485
1781033602404852703,true,false,3,3,0,0,0,0,0.0,true,1781033602382553144
1781033602501338422,true,false,3,3,0,0,0,0,0.0,true,1781033602500835187
1781033602602119975,true,false,3,3,0,0,0,0,0.0,true,1781033602592835964
1781033602702242749,true,false,3,3,0,0,0,0,0.0,true,1781033602676100304
1781033602801634664,true,false,3,3,0,0,0,0,0.0,true,1781033602766547374
1781033602902012416,true,false,3,3,0,0,0,0,0.0,true,1781033602900270036
1781033603005796938,true,false,3,3,0,0,0,0,0.0,true,1781033602998087251
1781033603101350621,true,false,3,3,0,0,0,0,0.0,true,1781033603100463743
1781033603202083861,true,false,3,3,0,0,0,0,0.0,true,1781033603188267060
1781033603301410555,true,false,3,3,0,0,0,0,0.0,true,1781033603264334989
1781033603401810995,true,false,3,3,0,0,0,0,0.0,true,1781033603397824419
1781033603504860316,true,false,3,3,0,0,0,0,0.0,true,1781033603486051218
1781033603601540181,true,false,3,3,0,0,0,0,0.0,true,1781033603600720180
1781033603706131928,true,false,3,3,0,0,0,0,0.0,true,1781033603687378411
1781033603806907207,true,false,3,3,0,0,0,0,0.0,true,1781033603789890988
1781033603908751711,true,false,3,3,0,0,0,0,0.0,true,1781033603897487149
1781033604007295313,true,false,3,3,0,0,0,0,0.0,true,1781033603999591030
1781033604106625854,true,false,3,3,0,0,0,0,0.0,true,1781033604097955412
1781033604206723720,true,false,3,3,0,0,0,0,0.0,true,1781033604194680432
1781033604306465399,true,false,3,3,0,0,0,0,0.0,true,1781033604286763818
1781033604407009355,true,false,3,3,0,0,0,0,0.0,true,1781033604393061829
1781033604506818610,true,false,3,3,0,0,0,0,0.0,true,1781033604492835277
1781033604607330346,true,false,3,3,0,0,0,0,0.0,true,1781033604580712930
1781033604707360045,true,false,3,3,0,0,0,0,0.0,true,1781033604687949511
1781033604807145942,true,false,3,3,0,0,0,0,0.0,true,1781033604782949279
1781033604908864014,true,false,3,3,0,0,0,0,0.0,true,1781033604900460933
1781033605015182121,true,false,3,3,0,0,0,0,0.0,true,1781033605002443230
1781033605116309283,true,false,3,3,0,0,0,0,0.0,true,1781033605105247936
1781033605215671330,true,false,3,3,0,0,0,0,0.0,true,1781033605212829676
1781033605315924394,true,false,3,3,0,0,0,0,0.0,true,1781033605304740403
1781033605417795456,true,false,3,3,0,0,0,0,0.0,true,1781033605383191091
1781033605516922533,true,false,3,3,0,0,0,0,0.0,true,1781033605512356222
1781033605616141044,true,false,3,3,0,0,0,0,0.0,true,1781033605589129413
1781033605716184705,true,false,3,3,0,0,0,0,0.0,true,1781033605709776481
1781033605816438004,true,false,3,3,0,0,0,0,0.0,true,1781033605810373345
1781033605915974087,true,false,3,3,0,0,0,0,0.0,true,1781033605876539391
1781033606016647303,true,false,3,3,0,0,0,0,0.0,true,1781033606012840532
1781033606120998105,true,false,3,3,0,0,0,0,0.0,true,1781033606103833630
1781033606222182402,true,false,3,3,0,0,0,0,0.0,true,1781033606210969238
1781033606322065933,true,false,3,3,0,0,0,0,0.0,true,1781033606318912260
1781033606422090402,true,false,3,3,0,0,0,0,0.0,true,1781033606411586406
1781033606524873438,true,false,3,3,0,0,0,0,0.0,true,1781033606500413084
1781033606621837755,true,false,3,3,0,0,0,0,0.0,true,1781033606618469521
1781033606721995378,true,false,3,3,0,0,0,0,0.0,true,1781033606717732882
1781033606821583125,true,false,3,3,0,0,0,0,0.0,true,1781033606817152788
1781033606922285305,true,false,3,3,0,0,0,0,0.0,true,1781033606903865240
1781033607024891744,true,false,3,3,0,0,0,0,0.0,true,1781033606984507451
1781033607121388843,true,false,3,3,0,0,0,0,0.0,true,1781033607118036922
1781033607222294009,true,false,3,3,0,0,0,0,0.0,true,1781033607209550630
1781033607322217612,true,false,3,3,0,0,0,0,0.0,true,1781033607274034632
1781033607421705015,true,false,3,3,0,0,0,0,0.0,true,1781033607418359772
1781033607524854030,true,false,3,3,0,0,0,0,0.0,true,1781033607497458967
1781033607622315964,true,false,3,3,0,0,0,0,0.0,true,1781033607612989921
1781033607722345415,true,false,3,3,0,0,0,0,0.0,true,1781033607716340844
1781033607823289061,true,false,3,3,0,0,0,0,0.0,true,1781033607785497979
1781033607921454110,true,false,3,3,0,0,0,0,0.0,true,1781033607902339756
1781033608022122532,true,false,3,3,0,0,0,0,0.0,true,1781033608000998889
1781033608128844497,true,false,3,3,0,0,0,0,0.0,true,1781033608102749635
1781033608229372389,true,false,3,3,0,0,0,0,0.0,true,1781033608228526693
1781033608329449735,true,false,3,3,0,0,0,0,0.0,true,1781033608317660987
1781033608430121179,true,false,3,3,0,0,0,0,0.0,true,1781033608419503267
1781033608529591449,true,false,3,3,0,0,0,0,0.0,true,1781033608526276665
1781033608630105113,true,false,3,3,0,0,0,0,0.0,true,1781033608608602536
1781033608729555586,true,false,3,3,0,0,0,0,0.0,true,1781033608717055543
1781033608829504486,true,false,3,3,0,0,0,0,0.0,true,1781033608823521887
1781033608930386029,true,false,3,3,0,0,0,0,0.0,true,1781033608908006410
1781033609030161348,true,false,3,3,0,0,0,0,0.0,true,1781033609008316471
1781033609129995578,true,false,3,3,0,0,0,0,0.0,true,1781033609122714622
1781033609232869389,true,false,3,3,0,0,0,0,0.0,true,1781033609211776753
1781033609330082532,true,false,3,3,0,0,0,0,0.0,true,1781033609311919910
1781033609429899393,true,false,3,3,0,0,0,0,0.0,true,1781033609388946658
1781033609530952322,true,false,3,3,0,0,0,0,0.0,true,1781033609529795379
1781033609630166013,true,false,3,3,0,0,0,0,0.0,true,1781033609600313943
1781033609729943403,true,false,3,3,0,0,0,0,0.0,true,1781033609704726676
1781033609832863005,true,false,3,3,0,0,0,0,0.0,true,1781033609805427232
1781033609930172247,true,false,3,3,0,0,0,0,0.0,true,1781033609909670098
1781033610036890971,true,false,3,3,0,0,0,0,0.0,true,1781033610009742276
1781033610137540055,true,false,3,3,0,0,0,0,0.0,true,1781033610125427313
1781033610238135935,true,false,3,3,0,0,0,0,0.0,true,1781033610225293596
1781033610341472999,true,false,3,3,0,0,0,0,0.0,true,1781033610339695183
1781033610437993785,true,false,3,3,0,0,0,0,0.0,true,1781033610425572079
1781033610544957743,true,false,3,3,0,0,0,0,0.0,true,1781033610535350824
1781033610645556924,true,false,3,3,0,0,0,0,0.0,true,1781033610612356493
1781033610746169440,true,false,3,3,0,0,0,0,0.0,true,1781033610736718051
1781033610846287118,true,false,3,3,0,0,0,0,0.0,true,1781033610836945716
1781033610952862062,true,false,3,3,0,0,0,0,0.0,true,1781033610943203367
1781033611055774381,true,false,3,3,0,0,0,0,0.0,true,1781033611046033431
1781033611154132971,true,false,3,3,0,0,0,0,0.0,true,1781033611121067643
1781033611253577494,true,false,3,3,0,0,0,0,0.0,true,1781033611212925320
1781033611356853387,true,false,3,3,0,0,0,0,0.0,true,1781033611345811019
1781033611454135754,true,false,3,3,0,0,0,0,0.0,true,1781033611424606880
1781033611554260967,true,false,3,3,0,0,0,0,0.0,true,1781033611548993215
1781033611653502438,true,false,3,3,0,0,0,0,0.0,true,1781033611643876636
1781033611756858868,true,false,3,3,0,0,0,0,0.0,true,1781033611749440167
1781033611853822965,true,false,3,3,0,0,0,0,0.0,true,1781033611841908386
1781033611956927775,true,false,3,3,0,0,0,0,0.0,true,1781033611933606004
1781033612056320253,true,false,3,3,0,0,0,0,0.0,true,1781033612049410955
1781033612156812397,true,false,3,3,0,0,0,0,0.0,true,1781033612125152442
1781033612254026155,true,false,3,3,0,0,0,0,0.0,true,1781033612229239901
1781033612353954472,true,false,3,3,0,0,0,0,0.0,true,1781033612332628712
1781033612454032814,true,false,3,3,0,0,0,0,0.0,true,1781033612440615638
1781033612554177971,true,false,3,3,0,0,0,0,0.0,true,1781033612529214649
1781033612659982772,true,false,3,3,0,0,0,0,0.0,true,1781033612649299364
1781033612760418702,true,false,3,3,0,0,0,0,0.0,true,1781033612747243010
1781033612861157236,true,false,3,3,0,0,0,0,0.0,true,1781033612845667753
1781033612962952860,true,false,3,3,0,0,0,0,0.0,true,1781033612962281109
1781033613064820630,true,false,3,3,0,0,0,0,0.0,true,1781033613059976359
1781033613164941517,true,false,3,3,0,0,0,0,0.0,true,1781033613149495144
1781033613260395875,true,false,3,3,0,0,0,0,0.0,true,1781033613244847886
1781033613360861816,true,false,3,3,0,0,0,0,0.0,true,1781033613347624905
1781033613460866615,true,false,3,3,0,0,0,0,0.0,true,1781033613433487533
1781033613564920613,true,false,3,3,0,0,0,0,0.0,true,1781033613550551003
1781033613660940059,true,false,3,3,0,0,0,0,0.0,true,1781033613636680238
1781033613760887212,true,false,3,3,0,0,0,0,0.0,true,1781033613723529944
1781033613861045198,true,false,3,3,0,0,0,0,0.0,true,1781033613860452678
1781033613960369362,true,false,3,3,0,0,0,0,0.0,true,1781033613925670267
1781033614064885346,true,false,3,3,0,0,0,0,0.0,true,1781033614048104465
1781033614161478640,true,false,3,3,0,0,0,0,0.0,true,1781033614159806060
1781033614260327303,true,false,3,3,0,0,0,0,0.0,true,1781033614229970599
1781033614364923304,true,false,3,3,0,0,0,0,0.0,true,1781033614353332883
1781033614460695560,true,false,3,3,0,0,0,0,0.0,true,1781033614459731507
1781033614564874062,true,false,3,3,0,0,0,0,0.0,true,1781033614535150178
1781033614660880890,true,false,3,3,0,0,0,0,0.0,true,1781033614628154250
1781033614764932143,true,false,3,3,0,0,0,0,0.0,true,1781033614753640108
1781033614860305521,true,false,3,3,0,0,0,0,0.0,true,1781033614857231846
1781033614961232160,true,false,3,3,0,0,0,0,0.0,true,1781033614946562534
1781033615061550628,true,false,3,3,0,0,0,0,0.0,true,1781033615038460129
1781033615164902071,true,false,3,3,0,0,0,0,0.0,true,1781033615139736844
1781033615262245355,true,false,3,3,0,0,0,0,0.0,true,1781033615242919751
1781033615360838195,true,false,3,3,0,0,0,0,0.0,true,1781033615345105822
1781033615460341431,true,false,3,3,0,0,0,0,0.0,true,1781033615449901674
1781033615560723209,true,false,3,3,0,0,0,0,0.0,true,1781033615556861501
1781033615668883555,true,false,3,3,0,0,0,0,0.0,true,1781033615644594252
1781033615771837590,true,false,3,3,0,0,0,0,0.0,true,1781033615752418986
1781033615876865004,true,false,3,3,0,0,0,0,0.0,true,1781033615851314953
1781033615985152830,true,false,3,3,0,0,0,0,0.0,true,1781033615980724284
1781033616087196773,true,false,3,3,0,0,0,0,0.0,true,1781033616073822617
1781033616186815113,true,false,3,3,0,0,0,0,0.0,true,1781033616168078304
1781033616287775003,true,false,3,3,0,0,0,0,0.0,true,1781033616268845646
1781033616386629246,true,false,3,3,0,0,0,0,0.0,true,1781033616381663625
1781033616488685323,true,false,3,3,0,0,0,0,0.0,true,1781033616449164472
1781033616586284120,true,false,3,3,0,0,0,0,0.0,true,1781033616567510739
1781033616686141754,true,false,3,3,0,0,0,0,0.0,true,1781033616659704502
1781033616788859521,true,false,3,3,0,0,0,0,0.0,true,1781033616772762850
1781033616888909826,true,false,3,3,0,0,0,0,0.0,true,1781033616855723902
1781033616986666068,true,false,3,3,0,0,0,0,0.0,true,1781033616973956990
1781033617087791159,true,false,3,3,0,0,0,0,0.0,true,1781033617068277688
1781033617188861438,true,false,3,3,0,0,0,0,0.0,true,1781033617165715483
1781033617285887491,true,false,3,3,0,0,0,0,0.0,true,1781033617252139766
1781033617388863705,true,false,3,3,0,0,0,0,0.0,true,1781033617358047789
1781033617486165974,true,false,3,3,0,0,0,0,0.0,true,1781033617456156355
1781033617587861213,true,false,3,3,0,0,0,0,0.0,true,1781033617558271431
1781033617686313175,true,false,3,3,0,0,0,0,0.0,true,1781033617655379889
1781033617786486460,true,false,3,3,0,0,0,0,0.0,true,1781033617768779999
1781033617885496294,true,false,3,3,0,0,0,0,0.0,true,1781033617867418717
1781033617988875748,true,false,3,3,0,0,0,0,0.0,true,1781033617960476007
1781033618088833889,true,false,3,3,0,0,0,0,0.0,true,1781033618066271432
1781033618186199080,true,false,3,3,0,0,0,0,0.0,true,1781033618165202535
1781033618285458213,true,false,3,3,0,0,0,0,0.0,true,1781033618284407053
1781033618386489233,true,false,3,3,0,0,0,0,0.0,true,1781033618365417647
1781033618488860673,true,false,3,3,0,0,0,0,0.0,true,1781033618472103159
1781033618589278721,true,false,3,3,0,0,0,0,0.0,true,1781033618571541510
1781033618686363079,true,false,3,3,0,0,0,0,0.0,true,1781033618660207759
1781033618786100046,true,false,3,3,0,0,0,0,0.0,true,1781033618781515764
1781033618885446404,true,false,3,3,0,0,0,0,0.0,true,1781033618865782938
1781033618986173257,true,false,3,3,0,0,0,0,0.0,true,1781033618972698188
1781033619087678519,true,false,3,3,0,0,0,0,0.0,true,1781033619065220695
1781033619185694014,true,false,3,3,0,0,0,0,0.0,true,1781033619164287704
1781033619285496890,true,false,3,3,0,0,0,0,0.0,true,1781033619283330395
1781033619388545694,true,false,3,3,0,0,0,0,0.0,true,1781033619376510138
1781033619485405576,true,false,3,3,0,0,0,0,0.0,true,1781033619484575880
1781033619586094248,true,false,3,3,0,0,0,0,0.0,true,1781033619580119398
1781033619686016849,true,false,3,3,0,0,0,0,0.0,true,1781033619673844152
1781033619785636329,true,false,3,3,0,0,0,0,0.0,true,1781033619777689792
1781033619887916099,true,false,3,3,0,0,0,0,0.0,true,1781033619881946656
1781033619986123624,true,false,3,3,0,0,0,0,0.0,true,1781033619952158536
1781033620086137318,true,false,3,3,0,0,0,0,0.0,true,1781033620057610004
1781033620186048889,true,false,3,3,0,0,0,0,0.0,true,1781033620176340536
1781033620286129894,true,false,3,3,0,0,0,0,0.0,true,1781033620270660363
1781033620386362430,true,false,3,3,0,0,0,0,0.0,true,1781033620370924886
1781033620487122350,true,false,3,3,0,0,0,0,0.0,true,1781033620460796059
1781033620585987325,true,false,3,3,0,0,0,0,0.0,true,1781033620561317134
1781033620685796965,true,false,3,3,0,0,0,0,0.0,true,1781033620675866756
1781033620785855304,true,false,3,3,0,0,0,0,0.0,true,1781033620756035388
1781033620888921937,true,false,3,3,0,0,0,0,0.0,true,1781033620880993509
1781033620985440801,true,false,3,3,0,0,0,0,0.0,true,1781033620966111791
1781033621086058206,true,false,3,3,0,0,0,0,0.0,true,1781033621061813330
1781033621185959964,true,false,3,3,0,0,0,0,0.0,true,1781033621172889248
1781033621286223773,true,false,3,3,0,0,0,0,0.0,true,1781033621277178472
1781033621386165659,true,false,3,3,0,0,0,0,0.0,true,1781033621370964971
1781033621485462851,true,false,3,3,0,0,0,0,0.0,true,1781033621481514171
1781033621588868907,true,false,3,3,0,0,0,0,0.0,true,1781033621577555000
1781033621686957746,true,false,3,3,0,0,0,0,0.0,true,1781033621676519102
1781033621788966232,true,false,3,3,0,0,0,0,0.0,true,1781033621787960974
1781033621888882600,true,false,3,3,0,0,0,0,0.0,true,1781033621863154137
1781033621986086443,true,false,3,3,0,0,0,0,0.0,true,1781033621973075806
1781033622088866127,true,false,3,3,0,0,0,0,0.0,true,1781033622069118178
1781033622185920419,true,false,3,3,0,0,0,0,0.0,true,1781033622169564991
1781033622288864686,true,false,3,3,0,0,0,0,0.0,true,1781033622271350124
1781033622392858133,true,false,3,3,0,0,0,0,0.0,true,1781033622378045642
1781033622494166753,true,false,3,3,0,0,0,0,0.0,true,1781033622466288111
1781033622593793260,true,false,3,3,0,0,0,0,0.0,true,1781033622587167354
1781033622696870426,true,false,3,3,0,0,0,0,0.0,true,1781033622678661493
1781033622794169766,true,false,3,3,0,0,0,0,0.0,true,1781033622773054823
1781033622895567005,true,false,3,3,0,0,0,0,0.0,true,1781033622872844868
1781033622996868154,true,false,3,3,0,0,0,0,0.0,true,1781033622975934901
1781033623096878131,true,false,3,3,0,0,0,0,0.0,true,1781033623086606379
1781033623195855402,true,false,3,3,0,0,0,0,0.0,true,1781033623183123569
1781033623293933873,true,false,3,3,0,0,0,0,0.0,true,1781033623272413583
1781033623393761174,true,false,3,3,0,0,0,0,0.0,true,1781033623389686538
1781033623493416999,true,false,3,3,0,0,0,0,0.0,true,1781033623490222691
1781033623601404460,true,false,3,3,0,0,0,0,0.0,true,1781033623587595605
1781033623703183216,true,false,3,3,0,0,0,0,0.0,true,1781033623693357397
1781033623804903663,true,false,3,3,0,0,0,0,0.0,true,1781033623782595281
1781033623903163865,true,false,3,3,0,0,0,0,0.0,true,1781033623892465376
1781033624004868256,true,false,3,3,0,0,0,0,0.0,true,1781033623979751081
1781033624102789700,true,false,3,3,0,0,0,0,0.0,true,1781033624087500067
1781033624208903611,true,false,3,3,0,0,0,0,0.0,true,1781033624191954885
1781033624310281827,true,false,3,3,0,0,0,0,0.0,true,1781033624304857671
1781033624411521256,true,false,3,3,0,0,0,0,0.0,true,1781033624380115283
1781033624512863933,true,false,3,3,0,0,0,0,0.0,true,1781033624490451963
1781033624612852506,true,false,3,3,0,0,0,0,0.0,true,1781033624593005502
1781033624712858155,true,false,3,3,0,0,0,0,0.0,true,1781033624698094347
1781033624812866755,true,false,3,3,0,0,0,0,0.0,true,1781033624786015550
1781033624910162474,true,false,3,3,0,0,0,0,0.0,true,1781033624906288661
1781033625009674867,true,false,3,3,0,0,0,0,0.0,true,1781033625004488822
1781033625111748585,true,false,3,3,0,0,0,0,0.0,true,1781033625098510283
1781033625212862896,true,false,3,3,0,0,0,0,0.0,true,1781033625192626076
1781033625312862403,true,false,3,3,0,0,0,0,0.0,true,1781033625305844643
1781033625412555865,true,false,3,3,0,0,0,0,0.0,true,1781033625399855489
1781033625510219737,true,false,3,3,0,0,0,0,0.0,true,1781033625502740285
1781033625609345441,true,false,3,3,0,0,0,0,0.0,true,1781033625608565252
1781033653513460984,,,,,,,,,,,
1781033653613412432,,,,,,,,,,,
1781033653713846673,,,,,,,,,,,
1781033653813921424,,,,,,,,,,,
1781033653913491827,,,,,,,,,,,
1781033654013503592,,,,,,,,,,,
1781033654114381580,,,,,,,,,,,
1781033654213430639,,,,,,,,,,,
1781033654314208487,,,,,,,,,,,
1781033654413424859,,,,,,,,,,,
1781033654513459095,,,,,,,,,,,
1781033654613446409,,,,,,,,,,,
1781033654714436019,,,,,,,,,,,
1781033654813470875,,,,,,,,,,,
1781033654914427054,,,,,,,,,,,
1781033655014430543,,,,,,,,,,,
1781033655113877986,,,,,,,,,,,
1781033655214051252,,,,,,,,,,,
1781033655314390019,,,,,,,,,,,
1781033655413392419,,,,,,,,,,,
1781033655513403380,,,,,,,,,,,
1781033655613485716,,,,,,,,,,,
1781033655714423795,,,,,,,,,,,
1781033655814426547,,,,,,,,,,,
1781033655914423383,,,,,,,,,,,
1781033656013428765,,,,,,,,,,,
1781033656114033337,,,,,,,,,,,
1781033656214271691,,,,,,,,,,,
1781033656313410004,,,,,,,,,,,
1781033656414073692,,,,,,,,,,,
1781033656514005084,,,,,,,,,,,
1781033656613904882,,,,,,,,,,,
1781033656714083243,,,,,,,,,,,
1781033656814030706,,,,,,,,,,,
1781033656914257974,,,,,,,,,,,
1781033657014469980,,,,,,,,,,,
1781033657113442423,,,,,,,,,,,
1781033657214408764,,,,,,,,,,,
1781033657314361837,,,,,,,,,,,
1781033657414238056,,,,,,,,,,,
1781033657514096840,,,,,,,,,,,
1781033657614023351,,,,,,,,,,,
1781033657713804928,,,,,,,,,,,
1781033657813832309,,,,,,,,,,,
1781033657913886014,,,,,,,,,,,
1781033658014331188,,,,,,,,,,,
1781033658114242208,,,,,,,,,,,
1781033658214176083,,,,,,,,,,,
1781033658314164859,,,,,,,,,,,
1781033658413883873,,,,,,,,,,,
1781033658513941178,,,,,,,,,,,
1781033658613791483,,,,,,,,,,,
1781033658713439602,,,,,,,,,,,
1781033658813393501,,,,,,,,,,,
1781033658913409616,,,,,,,,,,,
1781033659014293644,,,,,,,,,,,
1781033659114269448,,,,,,,,,,,
1781033659214413830,,,,,,,,,,,
1781033659314465706,,,,,,,,,,,
1781033659413808500,,,,,,,,,,,
1781033659513982640,,,,,,,,,,,
1781033659614111743,,,,,,,,,,,
1781033659714323123,,,,,,,,,,,
1781033659813478804,,,,,,,,,,,
1781033659913760469,,,,,,,,,,,
1781033660013822119,,,,,,,,,,,
1781033660113451887,,,,,,,,,,,
1781033660213866853,,,,,,,,,,,
1781033660313873788,,,,,,,,,,,
1781033660413871198,,,,,,,,,,,
1781033660513861039,,,,,,,,,,,
1781033660613769178,,,,,,,,,,,
1781033660713490414,,,,,,,,,,,
1781033660814245116,,,,,,,,,,,
1781033660913444008,,,,,,,,,,,
1781033661014395696,,,,,,,,,,,
1781033661114371202,,,,,,,,,,,
1781033661214407595,,,,,,,,,,,
1781033661314285252,,,,,,,,,,,
1781033661414410378,,,,,,,,,,,
1781033661513726930,,,,,,,,,,,
1781033661624875881,,,,,,,,,,,
1781033661726449834,,,,,,,,,,,
1781033661828820797,,,,,,,,,,,
1781033661926424637,,,,,,,,,,,
1781033662026170676,,,,,,,,,,,
1781033662126323695,,,,,,,,,,,
1781033662225991574,,,,,,,,,,,
1781033662326379013,,,,,,,,,,,
1781033662425892043,,,,,,,,,,,
1781033662526398318,,,,,,,,,,,
1781033662625747929,,,,,,,,,,,
1781033662726209672,,,,,,,,,,,
1781033662825723703,,,,,,,,,,,
1781033662925982879,,,,,,,,,,,
1781033663025521496,,,,,,,,,,,
1781033663128848405,,,,,,,,,,,
1781033663225861565,,,,,,,,,,,
1781033663326189542,,,,,,,,,,,
1781033663426111384,,,,,,,,,,,
1781033663526128798,,,,,,,,,,,
1781033663626449300,,,,,,,,,,,
1781033663725621875,,,,,,,,,,,
1781033663825681690,,,,,,,,,,,
1781033663926281706,,,,,,,,,,,
1781033664026949627,,,,,,,,,,,
1781033664126062957,,,,,,,,,,,
1781033664226263081,,,,,,,,,,,
1781033664325948838,,,,,,,,,,,
1781033664426257036,,,,,,,,,,,
1781033664526361484,,,,,,,,,,,
1781033664625674541,,,,,,,,,,,
1781033664726374615,,,,,,,,,,,
1781033664826171147,,,,,,,,,,,
1781033664926034260,,,,,,,,,,,
1781033665026401446,,,,,,,,,,,
1781033665125968542,,,,,,,,,,,
1781033665225761734,,,,,,,,,,,
1781033665328441727,,,,,,,,,,,
1781033665426017040,,,,,,,,,,,
1781033665525883036,,,,,,,,,,,
1781033665626089399,,,,,,,,,,,
1781033665725725612,,,,,,,,,,,
1781033665826235324,,,,,,,,,,,
1781033665925473958,,,,,,,,,,,
1781033666026155538,,,,,,,,,,,
1781033666125486151,,,,,,,,,,,
1781033666226381326,,,,,,,,,,,
1781033666326155542,,,,,,,,,,,
1781033666425694806,,,,,,,,,,,
1781033666526016156,,,,,,,,,,,
1781033666626392913,,,,,,,,,,,
1781033666726413728,,,,,,,,,,,
1781033666825746037,,,,,,,,,,,
1781033666926661239,,,,,,,,,,,
1781033667025794920,,,,,,,,,,,
1781033667126341530,,,,,,,,,,,
1781033667227416450,,,,,,,,,,,
1781033667325643310,,,,,,,,,,,
1781033667425694320,,,,,,,,,,,
1781033667526138745,,,,,,,,,,,
1781033667626269452,,,,,,,,,,,
1781033667726403931,,,,,,,,,,,
1781033667825682330,,,,,,,,,,,
1781033667925754228,,,,,,,,,,,
1781033668025954429,,,,,,,,,,,
1781033668125600264,,,,,,,,,,,
1781033668226298545,,,,,,,,,,,
1781033668325647528,,,,,,,,,,,
1781033668425545298,,,,,,,,,,,
1781033668528847847,,,,,,,,,,,
1781033668625719980,,,,,,,,,,,
1781033668726229882,,,,,,,,,,,
1781033668826095410,,,,,,,,,,,
1781033668926150973,,,,,,,,,,,
1781033669026111839,,,,,,,,,,,
1781033669126088965,,,,,,,,,,,
1781033669226003262,,,,,,,,,,,
1781033669326384782,,,,,,,,,,,
1781033669426210202,,,,,,,,,,,
1781033669526153508,,,,,,,,,,,
1781033669626278315,,,,,,,,,,,
1781033669726091068,,,,,,,,,,,
1781033669826407219,,,,,,,,,,,
1781033669926178722,,,,,,,,,,,
1781033670026239102,,,,,,,,,,,
1781033670125676904,,,,,,,,,,,
1781033670226379545,,,,,,,,,,,
1781033670325991029,true,false,3,3,0,0,0,0,0.0,true,1781033670323928646
1781033670428868440,true,false,3,3,0,0,0,0,0.0,true,1781033670411142582
1781033670526205457,true,false,3,3,0,0,0,0,0.0,true,1781033670523600153
1781033670625529091,true,false,3,3,0,0,0,0,0.0,true,1781033670601222634
1781033670725413408,true,false,3,3,0,0,0,0,0.0,true,1781033670719365854
1781033670826105998,true,false,3,3,0,0,0,0,0.0,true,1781033670808844132
1781033670928853204,true,false,3,3,0,0,0,0,0.0,true,1781033670920841812
1781033671025614009,true,false,3,3,0,0,0,0,0.0,true,1781033671014667939
1781033671125700873,true,false,3,3,0,0,0,0,0.0,true,1781033671116116106
1781033671228898882,true,false,3,3,0,0,0,0,0.0,true,1781033671194171885
1781033671326229828,true,false,3,3,0,0,0,0,0.0,true,1781033671288846845
1781033671428858668,true,false,3,3,0,0,0,0,0.0,true,1781033671412579271
1781033671526669876,true,false,3,3,0,0,0,0,0.0,true,1781033671522747731
1781033671626407114,true,false,3,3,0,0,0,0,0.0,true,1781033671621633651
1781033671727352075,true,false,3,3,0,0,0,0,0.0,true,1781033671704848064
1781033671827885932,true,false,3,3,0,0,0,0,0.0,true,1781033671826665824
1781033671926999756,true,false,3,3,0,0,0,0,0.0,true,1781033671894154101
1781033672026440086,true,false,3,3,0,0,0,0,0.0,true,1781033672021317721
1781033672126150771,true,false,3,3,0,0,0,0,0.0,true,1781033672116326807
1781033672229277890,true,false,3,3,0,0,0,0,0.0,true,1781033672222580158
1781033672325807432,true,false,3,3,0,0,0,0,0.0,true,1781033672311463606
1781033672428243082,true,false,3,3,0,0,0,0,0.0,true,1781033672403104272
1781033672526469075,true,false,3,3,0,0,0,0,0.0,true,1781033672514077761
1781033672626094476,true,false,3,3,0,0,0,0,0.0,true,1781033672590624483
1781033672726074971,true,false,3,3,0,0,0,0,0.0,true,1781033672716833882
1781033672827208822,true,false,3,3,0,0,0,0,0.0,true,1781033672826128604
1781033672925479723,true,false,3,3,0,0,0,0,0.0,true,1781033672923755577
1781033673025488088,true,false,3,3,0,0,0,0,0.0,true,1781033673024820194
1781033673126018022,true,false,3,3,0,0,0,0,0.0,true,1781033673114313085
1781033673226878047,true,false,3,3,0,0,0,0,0.0,true,1781033673226056440
1781033673326494936,true,false,3,3,0,0,0,0,0.0,true,1781033673311765479
1781033673428844209,true,false,3,3,0,0,0,0,0.0,true,1781033673413657000
1781033673528874679,true,false,3,3,0,0,0,0,0.0,true,1781033673487425454
1781033673626233502,true,false,3,3,0,0,0,0,0.0,true,1781033673624954979
1781033673726127970,true,false,3,3,0,0,0,0,0.0,true,1781033673693679038
1781033673832984702,true,false,3,3,0,0,0,0,0.0,true,1781033673811496369
1781033673934050631,true,false,3,3,0,0,0,0,0.0,true,1781033673915982666
1781033674034419927,true,false,3,3,0,0,0,0,0.0,true,1781033674011210354
1781033674134377963,true,false,3,3,0,0,0,0,0.0,true,1781033674098373197
1781033674236873992,true,false,3,3,0,0,0,0,0.0,true,1781033674217487361
1781033674333887205,true,false,3,3,0,0,0,0,0.0,true,1781033674302088531
1781033674434967368,true,false,3,3,0,0,0,0,0.0,true,1781033674404827748
1781033674533396413,true,false,3,3,0,0,0,0,0.0,true,1781033674532009597
1781033674636857751,true,false,3,3,0,0,0,0,0.0,true,1781033674611492755
1781033674736859927,true,false,3,3,0,0,0,0,0.0,true,1781033674699743571
1781033674833787178,true,false,3,3,0,0,0,0,0.0,true,1781033674833772348
1781033674936870051,true,false,3,3,0,0,0,0,0.0,true,1781033674925889431
1781033675034377818,true,false,3,3,0,0,0,0,0.0,true,1781033674988727726
1781033675133836022,true,false,3,3,0,0,0,0,0.0,true,1781033675112885188
1781033675233680948,true,false,3,3,0,0,0,0,0.0,true,1781033675222003115
1781033675334815711,true,false,3,3,0,0,0,0,0.0,true,1781033675284548591
1781033675440909234,true,false,3,3,0,0,0,0,0.0,true,1781033675430052877
1781033675542494392,true,false,3,3,0,0,0,0,0.0,true,1781033675533893179
1781033675641632744,true,false,3,3,0,0,0,0,0.0,true,1781033675635932863
1781033675741996375,true,false,3,3,0,0,0,0,0.0,true,1781033675727104724
1781033675848863362,true,false,3,3,0,0,0,0,0.0,true,1781033675828706115
1781033675953017084,true,false,3,3,0,0,0,0,0.0,true,1781033675942010666
1781033676053018091,true,false,3,3,0,0,0,0,0.0,true,1781033676038610598
1781033676149800379,true,false,3,3,0,0,0,0,0.0,true,1781033676128417496
1781033676249629882,true,false,3,3,0,0,0,0,0.0,true,1781033676211328130
1781033676357743045,true,false,3,3,0,0,0,0,0.0,true,1781033676350272476
1781033676459215713,true,false,3,3,0,0,0,0,0.0,true,1781033676456330010
1781033676558988473,true,false,3,3,0,0,0,0,0.0,true,1781033676557668519
1781033676659178615,true,false,3,3,0,0,0,0,0.0,true,1781033676648767518
1781033676758639949,true,false,3,3,0,0,0,0,0.0,true,1781033676752683969
1781033676859915351,true,false,3,3,0,0,0,0,0.0,true,1781033676810199802
1781033676959170158,true,false,3,3,0,0,0,0,0.0,true,1781033676937173484
1781033677059129562,true,false,3,3,0,0,0,0,0.0,true,1781033677046125727
1781033677159141796,true,false,3,3,0,0,0,0,0.0,true,1781033677150657998
1781033677266892076,true,false,3,3,0,0,0,0,0.0,true,1781033677265746287
1781033677368390643,true,false,3,3,0,0,0,0,0.0,true,1781033677361823553
1781033677470947622,true,false,3,3,0,0,0,0,0.0,true,1781033677449627216
1781033677573021949,true,false,3,3,0,0,0,0,0.0,true,1781033677538955366
1781033677677346977,true,false,3,3,0,0,0,0,0.0,true,1781033677670078874
1781033677774272773,true,false,3,3,0,0,0,0,0.0,true,1781033677752824985
1781033677876142549,true,false,3,3,0,0,0,0,0.0,true,1781033677859039038
1781033677976877852,true,false,3,3,0,0,0,0,0.0,true,1781033677969868771
1781033678080094769,true,false,3,3,0,0,0,0,0.0,true,1781033678045785718
1781033678181657157,true,false,3,3,0,0,0,0,0.0,true,1781033678157611219
1781033678281414806,true,false,3,3,0,0,0,0,0.0,true,1781033678265741203
1781033678380870171,true,false,3,3,0,0,0,0,0.0,true,1781033678374495884
1781033678481161698,true,false,3,3,0,0,0,0,0.0,true,1781033678462801475
1781033678588854628,true,false,3,3,0,0,0,0,0.0,true,1781033678577353822
1781033678689811341,true,false,3,3,0,0,0,0,0.0,true,1781033678672859680
1781033678789762356,true,false,3,3,0,0,0,0,0.0,true,1781033678785479430
1781033678891139447,true,false,3,3,0,0,0,0,0.0,true,1781033678890038869
1781033678990108716,true,false,3,3,0,0,0,0,0.0,true,1781033678972866461
1781033679090024271,true,false,3,3,0,0,0,0,0.0,true,1781033679073637977
1781033679190298211,true,false,3,3,0,0,0,0,0.0,true,1781033679185653409
1781033679293075989,true,false,3,3,0,0,0,0,0.0,true,1781033679279700396
1781033679393006459,true,false,3,3,0,0,0,0,0.0,true,1781033679373762136
1781033679493010304,true,false,3,3,0,0,0,0,0.0,true,1781033679458389550
1781033679589771365,true,false,3,3,0,0,0,0,0.0,true,1781033679575835385
1781033679690443323,true,false,3,3,0,0,0,0,0.0,true,1781033679686883764
1781033679790147777,true,false,3,3,0,0,0,0,0.0,true,1781033679775003456
1781033679890026812,true,false,3,3,0,0,0,0,0.0,true,1781033679883139783
1781033679990182346,true,false,3,3,0,0,0,0,0.0,true,1781033679959519378
1781033680092254978,true,false,3,3,0,0,0,0,0.0,true,1781033680087737827
1781033680189999389,true,false,3,3,0,0,0,0,0.0,true,1781033680174940004
1781033680290433678,true,false,3,3,0,0,0,0,0.0,true,1781033680284147797
1781033680394340283,true,false,3,3,0,0,0,0,0.0,true,1781033680371881761
1781033680496904183,true,false,3,3,0,0,0,0,0.0,true,1781033680448636180
1781033680595317163,true,false,3,3,0,0,0,0,0.0,true,1781033680571439932
1781033680696910185,true,false,3,3,0,0,0,0,0.0,true,1781033680659643467
1781033680796887410,true,false,3,3,0,0,0,0,0.0,true,1781033680782495281
1781033680895348210,true,false,3,3,0,0,0,0,0.0,true,1781033680893192422
1781033680996886998,true,false,3,3,0,0,0,0,0.0,true,1781033680980608367
1781033681096913987,true,false,3,3,0,0,0,0,0.0,true,1781033681087996502
1781033681194935560,true,false,3,3,0,0,0,0,0.0,true,1781033681192857338
1781033681295448455,true,false,3,3,0,0,0,0,0.0,true,1781033681281755565
1781033681396625555,true,false,3,3,0,0,0,0,0.0,true,1781033681381563889
1781033681500889480,true,false,3,3,0,0,0,0,0.0,true,1781033681469927259
1781033681602304810,true,false,3,3,0,0,0,0,0.0,true,1781033681597694386
1781033681701548402,true,false,3,3,0,0,0,0,0.0,true,1781033681690046416
1781033681802578127,true,false,3,3,0,0,0,0,0.0,true,1781033681787372437
1781033681904853737,true,false,3,3,0,0,0,0,0.0,true,1781033681890084915
1781033682002030939,true,false,3,3,0,0,0,0,0.0,true,1781033682001044865
1781033682104852190,true,false,3,3,0,0,0,0,0.0,true,1781033682085956783
1781033682204853175,true,false,3,3,0,0,0,0,0.0,true,1781033682194344384
1781033682302328575,true,false,3,3,0,0,0,0,0.0,true,1781033682300470028
1781033682402170009,true,false,3,3,0,0,0,0,0.0,true,1781033682382062506
1781033682502165955,true,false,3,3,0,0,0,0,0.0,true,1781033682493177055
1781033682608864696,true,false,3,3,0,0,0,0,0.0,true,1781033682598710291
1781033682713020157,true,false,3,3,0,0,0,0,0.0,true,1781033682692872108
1781033682813240409,true,false,3,3,0,0,0,0,0.0,true,1781033682811440461
1781033682912991043,true,false,3,3,0,0,0,0,0.0,true,1781033682892881581
1781033683009993676,true,false,3,3,0,0,0,0,0.0,true,1781033683005444778
1781033683110094065,true,false,3,3,0,0,0,0,0.0,true,1781033683104436424
1781033683210261032,true,false,3,3,0,0,0,0,0.0,true,1781033683198625443
1781033683311265666,true,false,3,3,0,0,0,0,0.0,true,1781033683278304331
1781033683412985152,true,false,3,3,0,0,0,0,0.0,true,1781033683394454273
1781033683510441960,true,false,3,3,0,0,0,0,0.0,true,1781033683502258816
1781033683609946215,true,false,3,3,0,0,0,0,0.0,true,1781033683602908398
1781033683709592901,true,false,3,3,0,0,0,0,0.0,true,1781033683698637322
1781033683817010553,true,false,3,3,0,0,0,0,0.0,true,1781033683793269540
1781033683917875949,true,false,3,3,0,0,0,0,0.0,true,1781033683911361078
1781033684018307609,true,false,3,3,0,0,0,0,0.0,true,1781033684015701040
1781033684120882930,true,false,3,3,0,0,0,0,0.0,true,1781033684099778173
1781033684218113921,true,false,3,3,0,0,0,0,0.0,true,1781033684200256891
1781033684317546590,true,false,3,3,0,0,0,0,0.0,true,1781033684305536519
1781033684418274549,true,false,3,3,0,0,0,0,0.0,true,1781033684413251091
1781033684520527201,true,false,3,3,0,0,0,0,0.0,true,1781033684508869963
1781033684618077493,true,false,3,3,0,0,0,0,0.0,true,1781033684601493822
1781033684720896822,true,false,3,3,0,0,0,0,0.0,true,1781033684705737404
1781033684818086083,true,false,3,3,0,0,0,0,0.0,true,1781033684785749636
1781033684917597204,true,false,3,3,0,0,0,0,0.0,true,1781033684914046313
1781033685018151057,true,false,3,3,0,0,0,0,0.0,true,1781033684998524238
1781033685120863230,true,false,3,3,0,0,0,0,0.0,true,1781033685112107195
1781033685218652428,true,false,3,3,0,0,0,0,0.0,true,1781033685212835393
1781033685320891731,true,false,3,3,0,0,0,0,0.0,true,1781033685311110714
1781033685418265376,true,false,3,3,0,0,0,0,0.0,true,1781033685387739796
1781033685518193981,true,false,3,3,0,0,0,0,0.0,true,1781033685505934485
1781033685621003555,true,false,3,3,0,0,0,0,0.0,true,1781033685604066088
1781033685724876585,true,false,3,3,0,0,0,0,0.0,true,1781033685713955395
1781033685825558931,true,false,3,3,0,0,0,0,0.0,true,1781033685820964367
1781033685926207491,true,false,3,3,0,0,0,0,0.0,true,1781033685923246057
1781033686025761005,true,false,3,3,0,0,0,0,0.0,true,1781033686022995295
1781033686128877643,true,false,3,3,0,0,0,0,0.0,true,1781033686109065005
1781033686226466319,true,false,3,3,0,0,0,0,0.0,true,1781033686197097409
1781033686326190660,true,false,3,3,0,0,0,0,0.0,true,1781033686291402818
1781033686426085138,true,false,3,3,0,0,0,0,0.0,true,1781033686407217536
1781033686526174042,true,false,3,3,0,0,0,0,0.0,true,1781033686495956504
1781033686628870388,true,false,3,3,0,0,0,0,0.0,true,1781033686617145580
1781033686725641063,true,false,3,3,0,0,0,0,0.0,true,1781033686721712902
1781033686828889201,true,false,3,3,0,0,0,0,0.0,true,1781033686801804945
1781033686928865757,true,false,3,3,0,0,0,0,0.0,true,1781033686911593600
1781033687025808532,true,false,3,3,0,0,0,0,0.0,true,1781033687014626619
1781033687126621433,true,false,3,3,0,0,0,0,0.0,true,1781033687105754529
1781033687228864279,true,false,3,3,0,0,0,0,0.0,true,1781033687206605330
1781033687326175326,true,false,3,3,0,0,0,0,0.0,true,1781033687321832457
1781033687428481385,true,false,3,3,0,0,0,0,0.0,true,1781033687397976454
1781033687529215350,true,false,3,3,0,0,0,0,0.0,true,1781033687488134222
1781033687628874349,true,false,3,3,0,0,0,0,0.0,true,1781033687615507111
1781033687726283549,true,false,3,3,0,0,0,0,0.0,true,1781033687696682271
1781033687825663393,true,false,3,3,0,0,0,0,0.0,true,1781033687812719932
1781033687926122019,true,false,3,3,0,0,0,0,0.0,true,1781033687887271970
1781033688026148388,true,false,3,3,0,0,0,0,0.0,true,1781033688009831217
1781033688128871980,true,false,3,3,0,0,0,0,0.0,true,1781033688113434725
1781033688226185541,true,false,3,3,0,0,0,0,0.0,true,1781033688200665962
1781033688326017214,true,false,3,3,0,0,0,0,0.0,true,1781033688322363889
1781033688428862600,true,false,3,3,0,0,0,0,0.0,true,1781033688409681867
1781033688526353683,true,false,3,3,0,0,0,0,0.0,true,1781033688508833366
1781033688627107756,true,false,3,3,0,0,0,0,0.0,true,1781033688611117617
1781033688728897010,true,false,3,3,0,0,0,0,0.0,true,1781033688688960226
1781033688833014345,true,false,3,3,0,0,0,0,0.0,true,1781033688815153114
1781033688934725738,true,false,3,3,0,0,0,0,0.0,true,1781033688926586888
1781033689033420847,true,false,3,3,0,0,0,0,0.0,true,1781033689007419469
1781033689133640975,true,false,3,3,0,0,0,0,0.0,true,1781033689126293213
1781033689233429954,true,false,3,3,0,0,0,0,0.0,true,1781033689221867417
1781033689334506013,true,false,3,3,0,0,0,0,0.0,true,1781033689305147453
1781033689434357335,true,false,3,3,0,0,0,0,0.0,true,1781033689415309307
1781033689536888446,true,false,3,3,0,0,0,0,0.0,true,1781033689523406345
1781033689633398435,true,false,3,3,0,0,0,0,0.0,true,1781033689618909051
1781033689740909834,true,false,3,3,0,0,0,0,0.0,true,1781033689714126114
1781033689842392697,true,false,3,3,0,0,0,0,0.0,true,1781033689829095936
1781033689942760440,true,false,3,3,0,0,0,0,0.0,true,1781033689942058027
1781033690044600144,true,false,3,3,0,0,0,0,0.0,true,1781033690025144483
1781033690148864251,true,false,3,3,0,0,0,0,0.0,true,1781033690138941321
1781033690252941009,true,false,3,3,0,0,0,0,0.0,true,1781033690248713245
1781033690352967358,true,false,3,3,0,0,0,0,0.0,true,1781033690343425501
1781033690450144060,true,false,3,3,0,0,0,0,0.0,true,1781033690440465640
1781033690550165795,true,false,3,3,0,0,0,0,0.0,true,1781033690533895043
1781033690649640244,true,false,3,3,0,0,0,0,0.0,true,1781033690635499904
1781033690751826503,true,false,3,3,0,0,0,0,0.0,true,1781033690733160196
1781033690850357797,true,false,3,3,0,0,0,0,0.0,true,1781033690821742966
1781033690949856173,true,false,3,3,0,0,0,0,0.0,true,1781033690946396099
1781033691050200464,true,false,3,3,0,0,0,0,0.0,true,1781033691036571473
1781033691150099290,true,false,3,3,0,0,0,0,0.0,true,1781033691122440108
1781033691249485315,true,false,3,3,0,0,0,0,0.0,true,1781033691242447574
1781033691357042067,true,false,3,3,0,0,0,0,0.0,true,1781033691328365289
1781033691459563905,true,false,3,3,0,0,0,0,0.0,true,1781033691436473574
1781033691558173504,true,false,3,3,0,0,0,0,0.0,true,1781033691549113779
1781033691657496261,true,false,3,3,0,0,0,0,0.0,true,1781033691650656911
1781033691757721095,true,false,3,3,0,0,0,0,0.0,true,1781033691753503374
1781033691858003996,true,false,3,3,0,0,0,0,0.0,true,1781033691844857973
1781033691960870549,true,false,3,3,0,0,0,0,0.0,true,1781033691949246978
1781033692060859884,true,false,3,3,0,0,0,0,0.0,true,1781033692037693282
1781033692157727096,true,false,3,3,0,0,0,0,0.0,true,1781033692143317381
1781033692260887849,true,false,3,3,0,0,0,0,0.0,true,1781033692260230373
1781033692360855217,true,false,3,3,0,0,0,0,0.0,true,1781033692321779167
1781033692457431614,true,false,3,3,0,0,0,0,0.0,true,1781033692456855179
1781033692560866566,true,false,3,3,0,0,0,0,0.0,true,1781033692544247707
1781033692658095952,true,false,3,3,0,0,0,0,0.0,true,1781033692634697978
1781033692758305549,true,false,3,3,0,0,0,0,0.0,true,1781033692755247254
1781033692860878361,true,false,3,3,0,0,0,0,0.0,true,1781033692849404087
1781033692958188771,true,false,3,3,0,0,0,0,0.0,true,1781033692953029657
1781033693058442627,true,false,3,3,0,0,0,0,0.0,true,1781033693043959738
1781033693160861249,true,false,3,3,0,0,0,0,0.0,true,1781033693130373599
1781033693257642497,true,false,3,3,0,0,0,0,0.0,true,1781033693232836792
1781033693358179495,true,false,3,3,0,0,0,0,0.0,true,1781033693353177348
1781033693458116120,true,false,3,3,0,0,0,0,0.0,true,1781033693445510336
1781033693558472978,true,false,3,3,0,0,0,0,0.0,true,1781033693549069839
1781033693658612034,true,false,3,3,0,0,0,0,0.0,true,1781033693637392146
1781033693760832902,true,false,3,3,0,0,0,0,0.0,true,1781033693736180935
1781033693860849248,true,false,3,3,0,0,0,0,0.0,true,1781033693840655340
1781033693958221771,true,false,3,3,0,0,0,0,0.0,true,1781033693941791016
1781033694062163903,true,false,3,3,0,0,0,0,0.0,true,1781033694031949415
1781033694162447183,true,false,3,3,0,0,0,0,0.0,true,1781033694131434331
1781033694263161949,true,false,3,3,0,0,0,0,0.0,true,1781033694244085928
1781033694364875336,true,false,3,3,0,0,0,0,0.0,true,1781033694348438577
1781033694463147068,true,false,3,3,0,0,0,0,0.0,true,1781033694432916585
1781033694563041195,true,false,3,3,0,0,0,0,0.0,true,1781033694552050644
1781033694662924865,true,false,3,3,0,0,0,0,0.0,true,1781033694651797696
1781033694764943316,true,false,3,3,0,0,0,0,0.0,true,1781033694757064668
1781033694863231135,true,false,3,3,0,0,0,0,0.0,true,1781033694812347681
1781033694963483007,true,false,3,3,0,0,0,0,0.0,true,1781033694955549085
1781033695062594221,true,false,3,3,0,0,0,0,0.0,true,1781033695052942799
1781033695164567316,true,false,3,3,0,0,0,0,0.0,true,1781033695163846788
1781033695263167682,true,false,3,3,0,0,0,0,0.0,true,1781033695244939780
1781033695363087996,true,false,3,3,0,0,0,0,0.0,true,1781033695359638579
1781033695463084107,true,false,3,3,0,0,0,0,0.0,true,1781033695460837563
1781033695564850446,true,false,3,3,0,0,0,0,0.0,true,1781033695547279240
1781033695662782871,true,false,3,3,0,0,0,0,0.0,true,1781033695655635834
1781033695762897111,true,false,3,3,0,0,0,0,0.0,true,1781033695740260453
1781033695864845622,true,false,3,3,0,0,0,0,0.0,true,1781033695844904451
1781033695964548528,true,false,3,3,0,0,0,0,0.0,true,1781033695963248003
1781033696063138591,true,false,3,3,0,0,0,0,0.0,true,1781033696039920655
1781033696162956761,true,false,3,3,0,0,0,0,0.0,true,1781033696156854611
1781033696264866565,true,false,3,3,0,0,0,0,0.0,true,1781033696242752917
1781033696363027517,true,false,3,3,0,0,0,0,0.0,true,1781033696326027285
1781033696463472311,true,false,3,3,0,0,0,0,0.0,true,1781033696458494560
1781033696568865388,true,false,3,3,0,0,0,0,0.0,true,1781033696555950470
1781033696672799190,true,false,3,3,0,0,0,0,0.0,true,1781033696652818679
1781033696769933132,true,false,3,3,0,0,0,0,0.0,true,1781033696756447521
1781033696870431786,true,false,3,3,0,0,0,0,0.0,true,1781033696853242628
1781033696971423046,true,false,3,3,0,0,0,0,0.0,true,1781033696940864950
1781033697073051500,true,false,3,3,0,0,0,0,0.0,true,1781033697061981318
1781033697169840326,true,false,3,3,0,0,0,0,0.0,true,1781033697168584853
1781033697270045224,true,false,3,3,0,0,0,0,0.0,true,1781033697262469224
1781033697370120075,true,false,3,3,0,0,0,0,0.0,true,1781033697349633016
1781033697469725927,true,false,3,3,0,0,0,0,0.0,true,1781033697464165967
1781033697569950230,true,false,3,3,0,0,0,0,0.0,true,1781033697546719881
1781033697670464978,true,false,3,3,0,0,0,0,0.0,true,1781033697650036536
1781033697773031702,true,false,3,3,0,0,0,0,0.0,true,1781033697749177826
1781033697869726888,true,false,3,3,0,0,0,0,0.0,true,1781033697864583361
1781033697970370072,true,false,3,3,0,0,0,0,0.0,true,1781033697953458717
1781033698069876851,true,false,3,3,0,0,0,0,0.0,true,1781033698058798000
1781033698172890854,true,false,3,3,0,0,0,0,0.0,true,1781033698161218045
1781033698272991157,true,false,3,3,0,0,0,0,0.0,true,1781033698241452549
1781033698369993857,true,false,3,3,0,0,0,0,0.0,true,1781033698366001526
1781033698472961167,true,false,3,3,0,0,0,0,0.0,true,1781033698450146419
1781033698572979359,true,false,3,3,0,0,0,0,0.0,true,1781033698567058034
1781033698669826563,true,false,3,3,0,0,0,0,0.0,true,1781033698665567433
1781033698769519072,true,false,3,3,0,0,0,0,0.0,true,1781033698752841626
1781033698870581330,true,false,3,3,0,0,0,0,0.0,true,1781033698869386435
1781033698971835119,true,false,3,3,0,0,0,0,0.0,true,1781033698953922774
1781033699069781134,true,false,3,3,0,0,0,0,0.0,true,1781033699060148847
1781033699172867220,true,false,3,3,0,0,0,0,0.0,true,1781033699152938379
1781033699269692350,true,false,3,3,0,0,0,0,0.0,true,1781033699233653168
1781033699372802340,true,false,3,3,0,0,0,0,0.0,true,1781033699359724570
1781033699470252763,true,false,3,3,0,0,0,0,0.0,true,1781033699454804746
1781033699569861300,true,false,3,3,0,0,0,0,0.0,true,1781033699542938774
1781033699669975598,true,false,3,3,0,0,0,0,0.0,true,1781033699657425299
1781033699769625832,true,false,3,3,0,0,0,0,0.0,true,1781033699769093173
1781033699869510408,true,false,3,3,0,0,0,0,0.0,true,1781033699867401323
1781033699973013759,true,false,3,3,0,0,0,0,0.0,true,1781033699944849558
1781033700069886109,true,false,3,3,0,0,0,0,0.0,true,1781033700063510733
1781033700169636196,true,false,3,3,0,0,0,0,0.0,true,1781033700162518114
1781033700276996378,true,false,3,3,0,0,0,0,0.0,true,1781033700252877202
1781033700377460793,true,false,3,3,0,0,0,0,0.0,true,1781033700352275685
1781033700477982522,true,false,3,3,0,0,0,0,0.0,true,1781033700458358141
1781033700577978719,true,false,3,3,0,0,0,0,0.0,true,1781033700574990511
1781033700679562116,true,false,3,3,0,0,0,0,0.0,true,1781033700645834725
1781033700777954071,true,false,3,3,0,0,0,0,0.0,true,1781033700771720478
1781033700878097006,true,false,3,3,0,0,0,0,0.0,true,1781033700860904636
1781033700978103483,true,false,3,3,0,0,0,0,0.0,true,1781033700960831164
1781033701078145039,true,false,3,3,0,0,0,0,0.0,true,1781033701070951340
1781033701178216388,true,false,3,3,0,0,0,0,0.0,true,1781033701159438584
1781033701280837820,true,false,3,3,0,0,0,0,0.0,true,1781033701256188290
1781033701378126994,true,false,3,3,0,0,0,0,0.0,true,1781033701360043958
1781033701480886349,true,false,3,3,0,0,0,0,0.0,true,1781033701467143755
1781033701578092521,true,false,3,3,0,0,0,0,0.0,true,1781033701558674039
1781033701680872944,true,false,3,3,0,0,0,0,0.0,true,1781033701672759216
1781033701778429045,true,false,3,3,0,0,0,0,0.0,true,1781033701766025281
1781033701880932905,true,false,3,3,0,0,0,0,0.0,true,1781033701865030511
1781033701978404101,true,false,3,3,0,0,0,0,0.0,true,1781033701973775198
1781033702078116255,true,false,3,3,0,0,0,0,0.0,true,1781033702048473842
1781033702178097599,true,false,3,3,0,0,0,0,0.0,true,1781033702165988776
1781033702277563753,true,false,3,3,0,0,0,0,0.0,true,1781033702273541165
1781033702380863466,true,false,3,3,0,0,0,0,0.0,true,1781033702364534479
1781033702480868985,true,false,3,3,0,0,0,0,0.0,true,1781033702455074372
1781033702578133348,true,false,3,3,0,0,0,0,0.0,true,1781033702564071532
1781033702678323819,true,false,3,3,0,0,0,0,0.0,true,1781033702672922588
1781033702778336714,true,false,3,3,0,0,0,0,0.0,true,1781033702777295564
1781033702880917549,true,false,3,3,0,0,0,0,0.0,true,1781033702872859977
1781033702978303552,true,false,3,3,0,0,0,0,0.0,true,1781033702951315631
1781033703080835109,true,false,3,3,0,0,0,0,0.0,true,1781033703076694601
1781033703179145260,true,false,3,3,0,0,0,0,0.0,true,1781033703179056167
1781033703280877920,true,false,3,3,0,0,0,0,0.0,true,1781033703261893862
1781033703377989303,true,false,3,3,0,0,0,0,0.0,true,1781033703338016616
1781033703477595794,true,false,3,3,0,0,0,0,0.0,true,1781033703445755643
1781033703577520161,true,false,3,3,0,0,0,0,0.0,true,1781033703558181343
1781033703677685598,true,false,3,3,0,0,0,0,0.0,true,1781033703663804796
1781033703778763640,true,false,3,3,0,0,0,0,0.0,true,1781033703756533230
1781033703878466843,true,false,3,3,0,0,0,0,0.0,true,1781033703871475394
1781033703978141858,true,false,3,3,0,0,0,0,0.0,true,1781033703954299520
1781033704078363230,true,false,3,3,0,0,0,0,0.0,true,1781033704071611795
1781033704179293398,true,false,3,3,0,0,0,0,0.0,true,1781033704150327531
1781033704279213799,true,false,3,3,0,0,0,0,0.0,true,1781033704261045265
1781033704378178091,true,false,3,3,0,0,0,0,0.0,true,1781033704355557099
1781033704478122446,true,false,3,3,0,0,0,0,0.0,true,1781033704464161248
1781033704578047639,true,false,3,3,0,0,0,0,0.0,true,1781033704570376604
1781033704678140603,true,false,3,3,0,0,0,0,0.0,true,1781033704660273350
1781033704777951312,true,false,3,3,0,0,0,0,0.0,true,1781033704776888456
1781033704878811889,true,false,3,3,0,0,0,0,0.0,true,1781033704868482143
1781033704977804074,true,false,3,3,0,0,0,0,0.0,true,1781033704945248230
1781033705077920703,true,false,3,3,0,0,0,0,0.0,true,1781033705068531017
1781033705177438352,true,false,3,3,0,0,0,0,0.0,true,1781033705161296991
1781033705278376592,true,false,3,3,0,0,0,0,0.0,true,1781033705268850499
1781033705378120735,true,false,3,3,0,0,0,0,0.0,true,1781033705364869567
1781033705480935066,true,false,3,3,0,0,0,0,0.0,true,1781033705458685376
1781033705578084280,true,false,3,3,0,0,0,0,0.0,true,1781033705565866066
1781033705678140431,true,false,3,3,0,0,0,0,0.0,true,1781033705655648106
1781033705778363256,true,false,3,3,0,0,0,0,0.0,true,1781033705775621998
1781033705880847810,true,false,3,3,0,0,0,0,0.0,true,1781033705860677804
1781033705978090679,true,false,3,3,0,0,0,0,0.0,true,1781033705975661836
1781033706079000209,true,false,3,3,0,0,0,0,0.0,true,1781033706068845517
1781033706178385094,true,false,3,3,0,0,0,0,0.0,true,1781033706170303899
1781033706277765326,true,false,3,3,0,0,0,0,0.0,true,1781033706251650573
1781033706377965634,true,false,3,3,0,0,0,0,0.0,true,1781033706356550998
1781033706480856192,true,false,3,3,0,0,0,0,0.0,true,1781033706469515215
1781033706577457202,true,false,3,3,0,0,0,0,0.0,true,1781033706576738599
1781033706678112828,true,false,3,3,0,0,0,0,0.0,true,1781033706663040927
1781033706778228080,true,false,3,3,0,0,0,0,0.0,true,1781033706774279140
1781033706878425537,true,false,3,3,0,0,0,0,0.0,true,1781033706868682013
1781033706980862398,true,false,3,3,0,0,0,0,0.0,true,1781033706972593182
1781033707080844695,true,false,3,3,0,0,0,0,0.0,true,1781033707066557697
1781033707177452127,true,false,3,3,0,0,0,0,0.0,true,1781033707160327829
1781033707277860347,true,false,3,3,0,0,0,0,0.0,true,1781033707271150188
1781033707377779679,true,false,3,3,0,0,0,0,0.0,true,1781033707371142540
1781033707478405324,true,false,3,3,0,0,0,0,0.0,true,1781033707472121256
1781033707578098496,true,false,3,3,0,0,0,0,0.0,true,1781033707563647641
1781033707678495561,true,false,3,3,0,0,0,0,0.0,true,1781033707665748632
1781033707780847700,true,false,3,3,0,0,0,0,0.0,true,1781033707765797128
1781033707884850097,true,false,3,3,0,0,0,0,0.0,true,1781033707869012981
1781033707985793740,true,false,3,3,0,0,0,0,0.0,true,1781033707974392146
1781033708088879129,true,false,3,3,0,0,0,0,0.0,true,1781033708062193164
1781033708186019903,true,false,3,3,0,0,0,0,0.0,true,1781033708176444595
1781033708285629839,true,false,3,3,0,0,0,0,0.0,true,1781033708263265976
1781033708388861763,true,false,3,3,0,0,0,0,0.0,true,1781033708361486260
1781033708486461725,true,false,3,3,0,0,0,0,0.0,true,1781033708471819336
1781033708585879902,true,false,3,3,0,0,0,0,0.0,true,1781033708580255824
1781033708686362285,true,false,3,3,0,0,0,0,0.0,true,1781033708671814851
1781033708788850638,true,false,3,3,0,0,0,0,0.0,true,1781033708775341460
1781033708885652616,true,false,3,3,0,0,0,0,0.0,true,1781033708882099614
1781033708989117561,true,false,3,3,0,0,0,0,0.0,true,1781033708968646273
1781033709086046863,true,false,3,3,0,0,0,0,0.0,true,1781033709082740415
1781033709188864017,true,false,3,3,0,0,0,0,0.0,true,1781033709177757529
1781033709286175530,true,false,3,3,0,0,0,0,0.0,true,1781033709252328221
1781033709390661066,true,false,3,3,0,0,0,0,0.0,true,1781033709369961744
1781033709492359725,true,false,3,3,0,0,0,0,0.0,true,1781033709488843009
1781033709592214206,true,false,3,3,0,0,0,0,0.0,true,1781033709564893990
1781033709692416249,true,false,3,3,0,0,0,0,0.0,true,1781033709666527207
1781033709792131714,true,false,3,3,0,0,0,0,0.0,true,1781033709777822036
1781033709896897054,true,false,3,3,0,0,0,0,0.0,true,1781033709886145259
1781033710000860738,true,false,3,3,0,0,0,0,0.0,true,1781033709989996659
1781033710098428464,true,false,3,3,0,0,0,0,0.0,true,1781033710074154805
1781033710200812299,true,false,3,3,0,0,0,0,0.0,true,1781033710189171084
1781033710300520916,true,false,3,3,0,0,0,0,0.0,true,1781033710294237870
1781033710398382088,true,false,3,3,0,0,0,0,0.0,true,1781033710392976927
1781033710498074138,true,false,3,3,0,0,0,0,0.0,true,1781033710489473167
1781033710598327870,true,false,3,3,0,0,0,0,0.0,true,1781033710596620084
1781033710697688864,true,false,3,3,0,0,0,0,0.0,true,1781033710683415862
1781033710798135574,true,false,3,3,0,0,0,0,0.0,true,1781033710780457403
1781033710897806426,true,false,3,3,0,0,0,0,0.0,true,1781033710890369559
1781033710999821207,true,false,3,3,0,0,0,0,0.0,true,1781033710977304523
1781033711098198369,true,false,3,3,0,0,0,0,0.0,true,1781033711083114445
1781033711200858613,true,false,3,3,0,0,0,0,0.0,true,1781033711186232267
1781033711300215825,true,false,3,3,0,0,0,0,0.0,true,1781033711279075188
1781033711400833121,true,false,3,3,0,0,0,0,0.0,true,1781033711392656574
1781033711504839789,true,false,3,3,0,0,0,0,0.0,true,1781033711474372997
1781033711606213368,true,false,3,3,0,0,0,0,0.0,true,1781033711595390587
1781033711708881087,true,false,3,3,0,0,0,0,0.0,true,1781033711697349620
1781033711808864769,true,false,3,3,0,0,0,0,0.0,true,1781033711784431401
1781033711906150836,true,false,3,3,0,0,0,0,0.0,true,1781033711870430251
1781033712008867768,true,false,3,3,0,0,0,0,0.0,true,1781033711999346561
1781033712105735866,true,false,3,3,0,0,0,0,0.0,true,1781033712100892288
1781033712205762198,true,false,3,3,0,0,0,0,0.0,true,1781033712196194788
1781033712308854981,true,false,3,3,0,0,0,0,0.0,true,1781033712287509107
1781033712407226116,true,false,3,3,0,0,0,0,0.0,true,1781033712396828163
1781033712506140800,true,false,3,3,0,0,0,0,0.0,true,1781033712489061631
1781033712606152136,true,false,3,3,0,0,0,0,0.0,true,1781033712581495367
1781033712706424411,true,false,3,3,0,0,0,0,0.0,true,1781033712677869110
1781033712808861496,true,false,3,3,0,0,0,0,0.0,true,1781033712789576070
1781033712905434915,true,false,3,3,0,0,0,0,0.0,true,1781033712904701873
1781033713008875777,true,false,3,3,0,0,0,0,0.0,true,1781033712978528362
1781033713106666094,true,false,3,3,0,0,0,0,0.0,true,1781033713096643561
1781033713206432205,true,false,3,3,0,0,0,0,0.0,true,1781033713186857339
1781033713306286028,true,false,3,3,0,0,0,0,0.0,true,1781033713296835341
1781033713408857988,true,false,3,3,0,0,0,0,0.0,true,1781033713389137105
1781033713506093618,true,false,3,3,0,0,0,0,0.0,true,1781033713493221548
1781033713607480305,true,false,3,3,0,0,0,0,0.0,true,1781033713596879048
1781033713705688954,true,false,3,3,0,0,0,0,0.0,true,1781033713693591370
1781033713805986568,true,false,3,3,0,0,0,0,0.0,true,1781033713773105579
1781033713906991491,true,false,3,3,0,0,0,0,0.0,true,1781033713906322657
1781033714006970161,true,false,3,3,0,0,0,0,0.0,true,1781033713997573260
1781033714107104350,true,false,3,3,0,0,0,0,0.0,true,1781033714085416963
1781033714205504252,true,false,3,3,0,0,0,0,0.0,true,1781033714204775966
1781033714307354099,true,false,3,3,0,0,0,0,0.0,true,1781033714297172078
1781033714405744150,true,false,3,3,0,0,0,0,0.0,true,1781033714397679139
1781033714505950508,true,false,3,3,0,0,0,0,0.0,true,1781033714495253692
1781033714608885687,true,false,3,3,0,0,0,0,0.0,true,1781033714589018465
1781033714705540241,true,false,3,3,0,0,0,0,0.0,true,1781033714705121113
1781033714807477297,true,false,3,3,0,0,0,0,0.0,true,1781033714795600007
1781033714906208234,true,false,3,3,0,0,0,0,0.0,true,1781033714901916280
1781033715005622655,true,false,3,3,0,0,0,0,0.0,true,1781033715002074484
1781033715107997719,true,false,3,3,0,0,0,0,0.0,true,1781033715092862357
1781033715205972749,true,false,3,3,0,0,0,0,0.0,true,1781033715196827251
1781033715306451682,true,false,3,3,0,0,0,0,0.0,true,1781033715303773689
1781033715408856550,true,false,3,3,0,0,0,0,0.0,true,1781033715400003965
1781033715506043045,true,false,3,3,0,0,0,0,0.0,true,1781033715505017219
1781033715605780887,true,false,3,3,0,0,0,0,0.0,true,1781033715597012063
1781033715705534353,true,false,3,3,0,0,0,0,0.0,true,1781033715684857878
1781033715808871328,true,false,3,3,0,0,0,0,0.0,true,1781033715784416680
1781033715906425524,true,false,3,3,0,0,0,0,0.0,true,1781033715880869117
1781033716008274079,true,false,3,3,0,0,0,0,0.0,true,1781033715994076878
1781033716105968190,true,false,3,3,0,0,0,0,0.0,true,1781033716087791967
1781033716208867902,true,false,3,3,0,0,0,0,0.0,true,1781033716198116170
1781033716306140121,true,false,3,3,0,0,0,0,0.0,true,1781033716299062437
1781033716408863358,true,false,3,3,0,0,0,0,0.0,true,1781033716379348882
1781033716508690798,true,false,3,3,0,0,0,0,0.0,true,1781033716490742130
1781033716605608770,true,false,3,3,0,0,0,0,0.0,true,1781033716592239593
1781033716706167403,true,false,3,3,0,0,0,0,0.0,true,1781033716683043428
1781033716808881925,true,false,3,3,0,0,0,0,0.0,true,1781033716784843633
1781033716905546591,true,false,3,3,0,0,0,0,0.0,true,1781033716890274447
1781033717008087549,true,false,3,3,0,0,0,0,0.0,true,1781033716987144681
1781033717106175088,true,false,3,3,0,0,0,0,0.0,true,1781033717075408486
1781033717206283863,true,false,3,3,0,0,0,0,0.0,true,1781033717190824398
1781033717307455988,true,false,3,3,0,0,0,0,0.0,true,1781033717281158416
1781033717408863801,true,false,3,3,0,0,0,0,0.0,true,1781033717386663930
1781033717508867629,true,false,3,3,0,0,0,0,0.0,true,1781033717489845268
1781033717608874494,true,false,3,3,0,0,0,0,0.0,true,1781033717598225152
1781033717708857698,true,false,3,3,0,0,0,0,0.0,true,1781033717683840625
1781033717805569043,true,false,3,3,0,0,0,0,0.0,true,1781033717789436530
1781033717906018825,true,false,3,3,0,0,0,0,0.0,true,1781033717889566020
1781033718006117292,true,false,3,3,0,0,0,0,0.0,true,1781033717979805560
1781033718106427640,true,false,3,3,0,0,0,0,0.0,true,1781033718073904047
1781033718205973121,true,false,3,3,0,0,0,0,0.0,true,1781033718171039949
1781033718306159187,true,false,3,3,0,0,0,0,0.0,true,1781033718280833854
1781033718406488345,true,false,3,3,0,0,0,0,0.0,true,1781033718405801418
1781033718508909586,true,false,3,3,0,0,0,0,0.0,true,1781033718480324747
1781033718606497924,true,false,3,3,0,0,0,0,0.0,true,1781033718591301325
1781033718708652416,true,false,3,3,0,0,0,0,0.0,true,1781033718680858842
1781033718806218722,true,false,3,3,0,0,0,0,0.0,true,1781033718785046185
1781033718906132160,true,false,3,3,0,0,0,0,0.0,true,1781033718890254130
1781033719005700791,true,false,3,3,0,0,0,0,0.0,true,1781033718992287752
1781033719106395352,true,false,3,3,0,0,0,0,0.0,true,1781033719103770086
1781033719205930795,true,false,3,3,0,0,0,0,0.0,true,1781033719204242534
1781033719305938763,true,false,3,3,0,0,0,0,0.0,true,1781033719282235128
1781033719406574248,true,false,3,3,0,0,0,0,0.0,true,1781033719401341057
1781033719505697259,true,false,3,3,0,0,0,0,0.0,true,1781033719507199734
1781033719606196990,true,false,3,3,0,0,0,0,0.0,true,1781033719599470493
1781033719708847344,true,false,3,3,0,0,0,0,0.0,true,1781033719681576123
1781033719808900644,true,false,3,3,0,0,0,0,0.0,true,1781033719773512846
1781033719908858676,true,false,3,3,0,0,0,0,0.0,true,1781033719883498557
1781033720008631839,true,false,3,3,0,0,0,0,0.0,true,1781033719998723562
1781033720105435793,true,false,3,3,0,0,0,0,0.0,true,1781033720103794756
1781033720208857181,true,false,3,3,0,0,0,0,0.0,true,1781033720196759956
1781033720305439166,true,false,3,3,0,0,0,0,0.0,true,1781033720275255708
1781033720406123687,true,false,3,3,0,0,0,0,0.0,true,1781033720382011373
1781033720506193515,true,false,3,3,0,0,0,0,0.0,true,1781033720493417856
1781033720606130456,true,false,3,3,0,0,0,0,0.0,true,1781033720584744191
1781033720706092860,true,false,3,3,0,0,0,0,0.0,true,1781033720681741081
1781033720806175948,true,false,3,3,0,0,0,0,0.0,true,1781033720799387885
1781033720905962115,true,false,3,3,0,0,0,0,0.0,true,1781033720893009426
1781033721006040099,true,false,3,3,0,0,0,0,0.0,true,1781033720982491510
1781033721108875173,true,false,3,3,0,0,0,0,0.0,true,1781033721098754594
1781033721206161203,true,false,3,3,0,0,0,0,0.0,true,1781033721201197125
1781033721305591336,true,false,3,3,0,0,0,0,0.0,true,1781033721298553694
1781033721405804122,true,false,3,3,0,0,0,0,0.0,true,1781033721399240487
1781033721506955601,true,false,3,3,0,0,0,0,0.0,true,1781033721505785820
1781033721606224182,true,false,3,3,0,0,0,0,0.0,true,1781033721582233831
1781033721706066753,true,false,3,3,0,0,0,0,0.0,true,1781033721688536467
1781033721808875283,true,false,3,3,0,0,0,0,0.0,true,1781033721785085326
1781033721912997681,true,false,3,3,0,0,0,0,0.0,true,1781033721896093981
1781033722013502815,true,false,3,3,0,0,0,0,0.0,true,1781033722006240231
1781033722116882703,true,false,3,3,0,0,0,0,0.0,true,1781033722081683714
1781033722213896867,true,false,3,3,0,0,0,0,0.0,true,1781033722211692472
1781033722316892836,true,false,3,3,0,0,0,0,0.0,true,1781033722304896627
1781033722413980743,true,false,3,3,0,0,0,0,0.0,true,1781033722408831415
1781033722514035004,true,false,3,3,0,0,0,0,0.0,true,1781033722500507152
1781033722614697142,true,false,3,3,0,0,0,0,0.0,true,1781033722598970937
1781033722717734425,true,false,3,3,0,0,0,0,0.0,true,1781033722693247296
1781033722816881893,true,false,3,3,0,0,0,0,0.0,true,1781033722784744707
1781033722913857162,true,false,3,3,0,0,0,0,0.0,true,1781033722877587537
1781033723013756003,true,false,3,3,0,0,0,0,0.0,true,1781033723009747682
1781033723113618506,true,false,3,3,0,0,0,0,0.0,true,1781033723108833330
1781033723213459975,true,false,3,3,0,0,0,0,0.0,true,1781033723204859064
1781033723320863598,true,false,3,3,0,0,0,0,0.0,true,1781033723310289067
1781033723428908735,true,false,3,3,0,0,0,0,0.0,true,1781033723406309076
1781033723529939413,true,false,3,3,0,0,0,0,0.0,true,1781033723507243862
1781033723631988741,true,false,3,3,0,0,0,0,0.0,true,1781033723617783531
1781033723730274933,true,false,3,3,0,0,0,0,0.0,true,1781033723727671562
1781033723830508106,true,false,3,3,0,0,0,0,0.0,true,1781033723818893267
1781033723929584085,true,false,3,3,0,0,0,0,0.0,true,1781033723910116781
1781033724029653261,true,false,3,3,0,0,0,0,0.0,true,1781033724025713323
1781033724130121902,true,false,3,3,0,0,0,0,0.0,true,1781033724125961486
1781033724232998006,true,false,3,3,0,0,0,0,0.0,true,1781033724223745596
1781033724330053867,true,false,3,3,0,0,0,0,0.0,true,1781033724316238694
1781033724433012676,true,false,3,3,0,0,0,0,0.0,true,1781033724408585763
1781033724530215744,true,false,3,3,0,0,0,0,0.0,true,1781033724518749343
1781033724629883205,true,false,3,3,0,0,0,0,0.0,true,1781033724617219652
1781033724729818165,true,false,3,3,0,0,0,0,0.0,true,1781033724716412067
1781033724829705482,true,false,3,3,0,0,0,0,0.0,true,1781033724817612533
1781033724930221873,true,false,3,3,0,0,0,0,0.0,true,1781033724919115707
1781033725033095787,true,false,3,3,0,0,0,0,0.0,true,1781033725031534896
1781033725129809544,true,false,3,3,0,0,0,0,0.0,true,1781033725106359181
1781033725229674074,true,false,3,3,0,0,0,0,0.0,true,1781033725228985256
1781033725329515417,true,false,3,3,0,0,0,0,0.0,true,1781033725324821311
1781033725429956876,true,false,3,3,0,0,0,0,0.0,true,1781033725412586929
1781033725536957397,true,false,3,3,0,0,0,0,0.0,true,1781033725514360850
1781033725638028007,true,false,3,3,0,0,0,0,0.0,true,1781033725632337080
1781033725744839278,true,false,3,3,0,0,0,0,0.0,true,1781033725727114137
1781033725845807048,true,false,3,3,0,0,0,0,0.0,true,1781033725831607456
1781033725945580138,true,false,3,3,0,0,0,0,0.0,true,1781033725933916846
1781033726048843497,true,false,3,3,0,0,0,0,0.0,true,1781033726030494216
1781033726147466487,true,false,3,3,0,0,0,0,0.0,true,1781033726140842022
1781033726245607527,true,false,3,3,0,0,0,0,0.0,true,1781033726230739164
1781033726345755147,true,false,3,3,0,0,0,0,0.0,true,1781033726334710449
1781033726448879610,true,false,3,3,0,0,0,0,0.0,true,1781033726416929248
1781033847917493755,,,,,,,,,,,
1781033848017440756,,,,,,,,,,,
1781033848118527645,,,,,,,,,,,
1781033848218483233,,,,,,,,,,,
1781033848318346151,,,,,,,,,,,
1781033848417491546,,,,,,,,,,,
1781033848517847972,,,,,,,,,,,
1781033848617837918,,,,,,,,,,,
1781033848717966782,,,,,,,,,,,
1781033848818424922,,,,,,,,,,,
1781033848917491833,,,,,,,,,,,
1781033849018124715,,,,,,,,,,,
1781033849118247284,,,,,,,,,,,
1781033849218308612,,,,,,,,,,,
1781033849318238317,,,,,,,,,,,
1781033849417507219,,,,,,,,,,,
1781033849517489060,,,,,,,,,,,
1781033849617544579,,,,,,,,,,,
1781033849717981943,,,,,,,,,,,
1781033849818380027,,,,,,,,,,,
1781033849917498054,,,,,,,,,,,
1781033850017490511,,,,,,,,,,,
1781033850118067621,,,,,,,,,,,
1781033850218376431,,,,,,,,,,,
1781033850317467787,,,,,,,,,,,
1781033850418233728,,,,,,,,,,,
1781033850518254809,,,,,,,,,,,
1781033850617485529,,,,,,,,,,,
1781033850718462316,,,,,,,,,,,
1781033850817551038,,,,,,,,,,,
1781033850917430691,,,,,,,,,,,
1781033851017791742,,,,,,,,,,,
1781033851118367938,,,,,,,,,,,
1781033851217444124,,,,,,,,,,,
1781033851317772959,,,,,,,,,,,
1781033851418008241,,,,,,,,,,,
1781033851518415388,,,,,,,,,,,
1781033851617515534,,,,,,,,,,,
1781033851717990093,,,,,,,,,,,
1781033851817797944,,,,,,,,,,,
1781033851917464382,,,,,,,,,,,
1781033852018052568,,,,,,,,,,,
1781033852118005112,,,,,,,,,,,
1781033852218109313,,,,,,,,,,,
1781033852318246811,,,,,,,,,,,
1781033852417475589,,,,,,,,,,,
1781033852517885379,,,,,,,,,,,
1781033852618159369,,,,,,,,,,,
1781033852718261088,,,,,,,,,,,
1781033852817973363,,,,,,,,,,,
1781033852917956320,,,,,,,,,,,
1781033853017811865,,,,,,,,,,,
1781033853117765808,,,,,,,,,,,
1781033853217510408,,,,,,,,,,,
1781033853317940484,,,,,,,,,,,
1781033853418013909,,,,,,,,,,,
1781033853518371576,,,,,,,,,,,
1781033853617795699,,,,,,,,,,,
1781033853718144778,,,,,,,,,,,
1781033853817791519,,,,,,,,,,,
1781033853918252425,,,,,,,,,,,
1781033854018006103,,,,,,,,,,,
1781033854118328262,,,,,,,,,,,
1781033854218255051,,,,,,,,,,,
1781033854318062016,,,,,,,,,,,
1781033854418124277,,,,,,,,,,,
1781033854517472710,,,,,,,,,,,
1781033854618067523,,,,,,,,,,,
1781033854718128765,,,,,,,,,,,
1781033854818418014,,,,,,,,,,,
1781033854917832338,,,,,,,,,,,
1781033855017757821,,,,,,,,,,,
1781033855117494935,,,,,,,,,,,
1781033855218229891,,,,,,,,,,,
1781033855317535076,,,,,,,,,,,
1781033855418033019,,,,,,,,,,,
1781033855518354095,,,,,,,,,,,
1781033855617783571,,,,,,,,,,,
1781033855717772773,,,,,,,,,,,
1781033855818324690,,,,,,,,,,,
1781033855917975563,,,,,,,,,,,
1781033856020852745,,,,,,,,,,,
1781033856117966209,,,,,,,,,,,
1781033856218133222,,,,,,,,,,,
1781033856318253873,,,,,,,,,,,
1781033856418310546,,,,,,,,,,,
1781033856517865881,,,,,,,,,,,
1781033856617935602,,,,,,,,,,,
1781033856718142305,,,,,,,,,,,
1781033856817654082,,,,,,,,,,,
1781033856918367838,,,,,,,,,,,
1781033857018257038,,,,,,,,,,,
1781033857118007718,,,,,,,,,,,
1781033857217439754,,,,,,,,,,,
1781033857318184299,,,,,,,,,,,
1781033857423173395,,,,,,,,,,,
1781033857524031105,,,,,,,,,,,
1781033857623862848,,,,,,,,,,,
1781033857724101440,,,,,,,,,,,
1781033857823522527,,,,,,,,,,,
1781033857924067967,,,,,,,,,,,
1781033858024370134,,,,,,,,,,,
1781033858124440733,,,,,,,,,,,
1781033858224278394,,,,,,,,,,,
1781033858324440032,,,,,,,,,,,
1781033858424300915,,,,,,,,,,,
1781033858524122336,,,,,,,,,,,
1781033858624280671,,,,,,,,,,,
1781033858723750003,,,,,,,,,,,
1781033858824005493,,,,,,,,,,,
1781033858924118731,,,,,,,,,,,
1781033859024084829,,,,,,,,,,,
1781033859124107593,,,,,,,,,,,
1781033859223682497,,,,,,,,,,,
1781033859324089636,,,,,,,,,,,
1781033859424000478,,,,,,,,,,,
1781033859524119815,,,,,,,,,,,
1781033859624064063,,,,,,,,,,,
1781033859724322261,,,,,,,,,,,
1781033859824325774,,,,,,,,,,,
1781033859924344344,,,,,,,,,,,
1781033860023533610,,,,,,,,,,,
1781033860124486409,,,,,,,,,,,
1781033860224208108,,,,,,,,,,,
1781033860324298759,,,,,,,,,,,
1781033860423638257,,,,,,,,,,,
1781033860524839148,,,,,,,,,,,
1781033860624394321,,,,,,,,,,,
1781033860723961724,,,,,,,,,,,
1781033860824054456,,,,,,,,,,,
1781033860923986975,,,,,,,,,,,
1781033861023696288,,,,,,,,,,,
1781033861123870374,,,,,,,,,,,
1781033861223781647,,,,,,,,,,,
1781033861324479453,,,,,,,,,,,
1781033861424238914,,,,,,,,,,,
1781033861524312714,,,,,,,,,,,
1781033861624276701,,,,,,,,,,,
1781033861724062182,,,,,,,,,,,
1781033861823848415,,,,,,,,,,,
1781033861923794782,,,,,,,,,,,
1781033862024329043,,,,,,,,,,,
1781033862124466639,,,,,,,,,,,
1781033862224318440,,,,,,,,,,,
1781033862324228685,,,,,,,,,,,
1781033862424327304,,,,,,,,,,,
1781033862524274402,,,,,,,,,,,
1781033862623738198,,,,,,,,,,,
1781033862723654190,,,,,,,,,,,
1781033862824046006,,,,,,,,,,,
1781033862924100075,,,,,,,,,,,
1781033863023855452,,,,,,,,,,,
1781033863124122774,,,,,,,,,,,
1781033863224456494,,,,,,,,,,,
1781033863323863540,,,,,,,,,,,
1781033863424077252,,,,,,,,,,,
1781033863523976605,,,,,,,,,,,
1781033863624398827,,,,,,,,,,,
1781033863724472169,,,,,,,,,,,
1781033863824525419,,,,,,,,,,,
1781033863928863398,true,false,3,3,0,0,0,0,0.0,true,1781033863913936770
1781033864030090555,true,false,3,3,0,0,0,0,0.0,true,1781033864005738720
1781033864130796263,true,false,3,3,0,0,0,0,0.0,true,1781033864099487212
1781033864230235874,true,false,3,3,0,0,0,0,0.0,true,1781033864217627967
1781033864329882908,true,false,3,3,0,0,0,0,0.0,true,1781033864311236690
1781033864430371811,true,false,3,3,0,0,0,0,0.0,true,1781033864397826204
1781033864529925545,true,false,3,3,0,0,0,0,0.0,true,1781033864525233378
1781033864632891106,true,false,3,3,0,0,0,0,0.0,true,1781033864608049292
1781033864729814666,true,false,3,3,0,0,0,0,0.0,true,1781033864726950824
1781033864832868114,true,false,3,3,0,0,0,0,0.0,true,1781033864808666801
1781033864929805788,true,false,3,3,0,0,0,0,0.0,true,1781033864919195674
1781033865031092741,true,false,3,3,0,0,0,0,0.0,true,1781033865014187943
1781033865132869352,true,false,3,3,0,0,0,0,0.0,true,1781033865112275733
1781033865236918258,true,false,3,3,0,0,0,0,0.0,true,1781033865210889958
1781033865340917517,true,false,3,3,0,0,0,0,0.0,true,1781033865330206305
1781033865437952142,true,false,3,3,0,0,0,0,0.0,true,1781033865427384087
1781033865539026498,true,false,3,3,0,0,0,0,0.0,true,1781033865508294273
1781033865640870626,true,false,3,3,0,0,0,0,0.0,true,1781033865611226874
1781033865740869320,true,false,3,3,0,0,0,0,0.0,true,1781033865715451653
1781033865838118661,true,false,3,3,0,0,0,0,0.0,true,1781033865833990261
1781033865938123510,true,false,3,3,0,0,0,0,0.0,true,1781033865917883081
1781033866038474293,true,false,3,3,0,0,0,0,0.0,true,1781033866029492363
1781033866137585243,true,false,3,3,0,0,0,0,0.0,true,1781033866128425710
1781033866238428348,true,false,3,3,0,0,0,0,0.0,true,1781033866229114977
1781033866340854696,true,false,3,3,0,0,0,0,0.0,true,1781033866322510857
1781033866438020846,true,false,3,3,0,0,0,0,0.0,true,1781033866425651085
1781033866538461154,true,false,3,3,0,0,0,0,0.0,true,1781033866523159411
1781033866640878882,true,false,3,3,0,0,0,0,0.0,true,1781033866620566866
1781033866740948751,true,false,3,3,0,0,0,0,0.0,true,1781033866733689036
1781033866837527042,true,false,3,3,0,0,0,0,0.0,true,1781033866825121058
1781033866937696421,true,false,3,3,0,0,0,0,0.0,true,1781033866905674564
1781033867040864846,true,false,3,3,0,0,0,0,0.0,true,1781033867016672487
1781033867144868102,true,false,3,3,0,0,0,0,0.0,true,1781033867133607657
1781033867245688504,true,false,3,3,0,0,0,0,0.0,true,1781033867241473821
1781033867346074329,true,false,3,3,0,0,0,0,0.0,true,1781033867336363251
1781033867446143036,true,false,3,3,0,0,0,0,0.0,true,1781033867425648450
1781033867545881691,true,false,3,3,0,0,0,0,0.0,true,1781033867541949584
1781033867646121632,true,false,3,3,0,0,0,0,0.0,true,1781033867612593054
1781033867745647554,true,false,3,3,0,0,0,0,0.0,true,1781033867739597764
1781033867849861229,true,false,3,3,0,0,0,0,0.0,true,1781033867831194513
1781033867948866328,true,false,3,3,0,0,0,0,0.0,true,1781033867932824261
1781033868045466044,true,false,3,3,0,0,0,0,0.0,true,1781033868021963867
1781033868145869848,true,false,3,3,0,0,0,0,0.0,true,1781033868139283211
1781033868245899250,true,false,3,3,0,0,0,0,0.0,true,1781033868234797986
1781033868345809585,true,false,3,3,0,0,0,0,0.0,true,1781033868337904970
1781033868446176610,true,false,3,3,0,0,0,0,0.0,true,1781033868413287187
1781033868548863176,true,false,3,3,0,0,0,0,0.0,true,1781033868521355449
1781033868648910220,true,false,3,3,0,0,0,0,0.0,true,1781033868636864878
1781033868746175278,true,false,3,3,0,0,0,0,0.0,true,1781033868712269529
1781033868846349648,true,false,3,3,0,0,0,0,0.0,true,1781033868834160191
1781033868945991736,true,false,3,3,0,0,0,0,0.0,true,1781033868921750535
1781033869048868677,true,false,3,3,0,0,0,0,0.0,true,1781033869039289567
1781033869148863264,true,false,3,3,0,0,0,0,0.0,true,1781033869129975649
1781033869248896844,true,false,3,3,0,0,0,0,0.0,true,1781033869209452360
1781033869345654167,true,false,3,3,0,0,0,0,0.0,true,1781033869334749207
1781033869446025673,true,false,3,3,0,0,0,0,0.0,true,1781033869436849759
1781033869557295605,true,false,3,3,0,0,0,0,0.0,true,1781033869555562577
1781033869657848450,true,false,3,3,0,0,0,0,0.0,true,1781033869650834697
1781033869760883155,true,false,3,3,0,0,0,0,0.0,true,1781033869749750779
1781033869864896329,true,false,3,3,0,0,0,0,0.0,true,1781033869854537320
1781033869966894816,true,false,3,3,0,0,0,0,0.0,true,1781033869945781186
1781033870065676983,true,false,3,3,0,0,0,0,0.0,true,1781033870054095588
1781033870166139653,true,false,3,3,0,0,0,0,0.0,true,1781033870156863712
1781033870266181757,true,false,3,3,0,0,0,0,0.0,true,1781033870247588416
1781033870366260591,true,false,3,3,0,0,0,0,0.0,true,1781033870347562504
1781033870466500907,true,false,3,3,0,0,0,0,0.0,true,1781033870457482962
1781033870566080722,true,false,3,3,0,0,0,0,0.0,true,1781033870550172215
1781033870666594706,true,false,3,3,0,0,0,0,0.0,true,1781033870660122416
1781033870765829609,true,false,3,3,0,0,0,0,0.0,true,1781033870761949472
1781033870866159157,true,false,3,3,0,0,0,0,0.0,true,1781033870862046297
1781033870966018952,true,false,3,3,0,0,0,0,0.0,true,1781033870949693446
1781033871066335009,true,false,3,3,0,0,0,0,0.0,true,1781033871061215801
1781033871166233983,true,false,3,3,0,0,0,0,0.0,true,1781033871150419917
1781033871268902201,true,false,3,3,0,0,0,0,0.0,true,1781033871258751313
1781033871366466154,true,false,3,3,0,0,0,0,0.0,true,1781033871350724604
1781033871465471776,true,false,3,3,0,0,0,0,0.0,true,1781033871451752354
1781033871565804840,true,false,3,3,0,0,0,0,0.0,true,1781033871564586043
1781033871666541438,true,false,3,3,0,0,0,0,0.0,true,1781033871657659967
1781033871772880867,true,false,3,3,0,0,0,0,0.0,true,1781033871750371916
1781033871874105491,true,false,3,3,0,0,0,0,0.0,true,1781033871853815697
1781033871974487356,true,false,3,3,0,0,0,0,0.0,true,1781033871946073017
1781033872077007016,true,false,3,3,0,0,0,0,0.0,true,1781033872045391885
1781033872177015436,true,false,3,3,0,0,0,0,0.0,true,1781033872153834461
1781033872273879131,true,false,3,3,0,0,0,0,0.0,true,1781033872246204098
1781033872374045516,true,false,3,3,0,0,0,0,0.0,true,1781033872354975409
1781033872476958531,true,false,3,3,0,0,0,0,0.0,true,1781033872465708808
1781033872573937661,true,false,3,3,0,0,0,0,0.0,true,1781033872547169910
1781033872674486208,true,false,3,3,0,0,0,0,0.0,true,1781033872663483567
1781033872773767297,true,false,3,3,0,0,0,0,0.0,true,1781033872770427986
1781033872874020674,true,false,3,3,0,0,0,0,0.0,true,1781033872865984732
1781033872974092468,true,false,3,3,0,0,0,0,0.0,true,1781033872954978987
1781033873077006665,true,false,3,3,0,0,0,0,0.0,true,1781033873059224808
1781033873173775886,true,false,3,3,0,0,0,0,0.0,true,1781033873159821842
1781033873274119998,true,false,3,3,0,0,0,0,0.0,true,1781033873250341782
1781033873374139977,true,false,3,3,0,0,0,0,0.0,true,1781033873354071839
1781033873473544719,true,false,3,3,0,0,0,0,0.0,true,1781033873436967505
1781033873574437847,true,false,3,3,0,0,0,0,0.0,true,1781033873571100830
1781033873674350411,true,false,3,3,0,0,0,0,0.0,true,1781033873660213162
1781033873773733174,true,false,3,3,0,0,0,0,0.0,true,1781033873763561255
1781033873874277548,true,false,3,3,0,0,0,0,0.0,true,1781033873851330264
1781033873973963406,true,false,3,3,0,0,0,0,0.0,true,1781033873962585089
1781033874073640840,true,false,3,3,0,0,0,0,0.0,true,1781033874037861290
1781033874173759508,true,false,3,3,0,0,0,0,0.0,true,1781033874155262431
1781033874277024140,true,false,3,3,0,0,0,0,0.0,true,1781033874253059047
1781033874385004152,true,false,3,3,0,0,0,0,0.0,true,1781033874362666612
1781033874486250010,true,false,3,3,0,0,0,0,0.0,true,1781033874478517839
1781033874586470603,true,false,3,3,0,0,0,0,0.0,true,1781033874578899116
1781033874686148144,true,false,3,3,0,0,0,0,0.0,true,1781033874666111702
1781033874786506535,true,false,3,3,0,0,0,0,0.0,true,1781033874781855184
1781033874892862687,true,false,3,3,0,0,0,0,0.0,true,1781033874867292015
1781033874994636095,true,false,3,3,0,0,0,0,0.0,true,1781033874993562901
1781033875094475478,true,false,3,3,0,0,0,0,0.0,true,1781033875056896013
1781033875193492988,true,false,3,3,0,0,0,0,0.0,true,1781033875192946480
1781033875295932005,true,false,3,3,0,0,0,0,0.0,true,1781033875286413441
1781033875394421231,true,false,3,3,0,0,0,0,0.0,true,1781033875366697521
1781033875497014636,true,false,3,3,0,0,0,0,0.0,true,1781033875478687073
1781033875601039796,true,false,3,3,0,0,0,0,0.0,true,1781033875579701077
1781033875702148401,true,false,3,3,0,0,0,0,0.0,true,1781033875685739377
1781033875803154258,true,false,3,3,0,0,0,0,0.0,true,1781033875792868153
1781033875901715351,true,false,3,3,0,0,0,0,0.0,true,1781033875875046495
1781033876001873313,true,false,3,3,0,0,0,0,0.0,true,1781033875991688792
1781033876101633008,true,false,3,3,0,0,0,0,0.0,true,1781033876089254106
1781033876204915544,true,false,3,3,0,0,0,0,0.0,true,1781033876173773045
1781033876304897223,true,false,3,3,0,0,0,0,0.0,true,1781033876267861433
1781033876402510695,true,false,3,3,0,0,0,0,0.0,true,1781033876387859967
1781033876502420585,true,false,3,3,0,0,0,0,0.0,true,1781033876500230547
1781033876602511726,true,false,3,3,0,0,0,0,0.0,true,1781033876593990506
1781033876708868199,true,false,3,3,0,0,0,0,0.0,true,1781033876697153295
1781033876809672627,true,false,3,3,0,0,0,0,0.0,true,1781033876800329513
1781033876909958268,true,false,3,3,0,0,0,0,0.0,true,1781033876887778735
1781033877010515536,true,false,3,3,0,0,0,0,0.0,true,1781033876987370629
1781033877112871942,true,false,3,3,0,0,0,0,0.0,true,1781033877101289833
1781033877210058059,true,false,3,3,0,0,0,0,0.0,true,1781033877190554593
1781033877309973229,true,false,3,3,0,0,0,0,0.0,true,1781033877290610960
1781033877410225232,true,false,3,3,0,0,0,0,0.0,true,1781033877386770319
1781033877512893797,true,false,3,3,0,0,0,0,0.0,true,1781033877507306252
1781033877612900624,true,false,3,3,0,0,0,0,0.0,true,1781033877589506481
1781033877717006164,true,false,3,3,0,0,0,0,0.0,true,1781033877698707684
1781033877819733828,true,false,3,3,0,0,0,0,0.0,true,1781033877798347189
1781033877920897186,true,false,3,3,0,0,0,0,0.0,true,1781033877909200090
1781033878017478347,true,false,3,3,0,0,0,0,0.0,true,1781033878015139551
1781033878120893892,true,false,3,3,0,0,0,0,0.0,true,1781033878103234914
1781033878220876174,true,false,3,3,0,0,0,0,0.0,true,1781033878197379228
1781033878324851552,true,false,3,3,0,0,0,0,0.0,true,1781033878312775263
1781033878425541895,true,false,3,3,0,0,0,0,0.0,true,1781033878417231927
1781033878526507328,true,false,3,3,0,0,0,0,0.0,true,1781033878521760521
1781033878626016987,true,false,3,3,0,0,0,0,0.0,true,1781033878604852593
1781033878728860238,true,false,3,3,0,0,0,0,0.0,true,1781033878702832821
1781033878826912748,true,false,3,3,0,0,0,0,0.0,true,1781033878793708416
1781033878928874180,true,false,3,3,0,0,0,0,0.0,true,1781033878913097688
1781033879028865260,true,false,3,3,0,0,0,0,0.0,true,1781033879021780226
1781033879128857572,true,false,3,3,0,0,0,0,0.0,true,1781033879109979858
1781033879228870361,true,false,3,3,0,0,0,0,0.0,true,1781033879204879210
1781033879332864281,true,false,3,3,0,0,0,0,0.0,true,1781033879320466704
1781033879437343730,true,false,3,3,0,0,0,0,0.0,true,1781033879425750868
1781033879534174998,true,false,3,3,0,0,0,0,0.0,true,1781033879521426568
1781033879634257735,true,false,3,3,0,0,0,0,0.0,true,1781033879615318325
1781033879734495824,true,false,3,3,0,0,0,0,0.0,true,1781033879718040980
1781033879834503380,true,false,3,3,0,0,0,0,0.0,true,1781033879805487757
1781033879934387723,true,false,3,3,0,0,0,0,0.0,true,1781033879922000698
1781033880036984880,true,false,3,3,0,0,0,0,0.0,true,1781033880009877551
1781033880137012114,true,false,3,3,0,0,0,0,0.0,true,1781033880105480826
1781033880237178398,true,false,3,3,0,0,0,0,0.0,true,1781033880212844760
1781033880338535105,true,false,3,3,0,0,0,0,0.0,true,1781033880337284395
1781033880440336168,true,false,3,3,0,0,0,0,0.0,true,1781033880427621323
1781033880540502380,true,false,3,3,0,0,0,0,0.0,true,1781033880532942885
1781033880640884462,true,false,3,3,0,0,0,0,0.0,true,1781033880633915039
1781033880740290306,true,false,3,3,0,0,0,0,0.0,true,1781033880726826733
1781033880839605824,true,false,3,3,0,0,0,0,0.0,true,1781033880820593562
1781033880941180597,true,false,3,3,0,0,0,0,0.0,true,1781033880919393885
1781033881039717926,true,false,3,3,0,0,0,0,0.0,true,1781033881033074843
1781033881141046547,true,false,3,3,0,0,0,0,0.0,true,1781033881131288522
1781033881240878065,true,false,3,3,0,0,0,0,0.0,true,1781033881222168038
1781033881340096911,true,false,3,3,0,0,0,0,0.0,true,1781033881315012458
1781033881440853909,true,false,3,3,0,0,0,0,0.0,true,1781033881436754057
1781033881539962861,true,false,3,3,0,0,0,0,0.0,true,1781033881531650646
1781033881639716871,true,false,3,3,0,0,0,0,0.0,true,1781033881621864625
1781033881741615493,true,false,3,3,0,0,0,0,0.0,true,1781033881704740130
1781033881840075527,true,false,3,3,0,0,0,0,0.0,true,1781033881821447548
1781033881939801282,true,false,3,3,0,0,0,0,0.0,true,1781033881930766472
1781033882040888895,true,false,3,3,0,0,0,0,0.0,true,1781033882026069697
1781033882140198318,true,false,3,3,0,0,0,0,0.0,true,1781033882121359714
1781033882239564688,true,false,3,3,0,0,0,0,0.0,true,1781033882213908553
1781033882340197196,true,false,3,3,0,0,0,0,0.0,true,1781033882325552634
1781033882439748763,true,false,3,3,0,0,0,0,0.0,true,1781033882433701002
1781033882540464958,true,false,3,3,0,0,0,0,0.0,true,1781033882534618579
1781033882639502436,true,false,3,3,0,0,0,0,0.0,true,1781033882628530273
1781033882744865400,true,false,3,3,0,0,0,0,0.0,true,1781033882726260886
1781033882848917749,true,false,3,3,0,0,0,0,0.0,true,1781033882838033561
1781033882945693031,true,false,3,3,0,0,0,0,0.0,true,1781033882941345675
1781033883048873670,true,false,3,3,0,0,0,0,0.0,true,1781033883037625180
1781033883146460058,true,false,3,3,0,0,0,0,0.0,true,1781033883134106040
1781033883245524129,true,false,3,3,0,0,0,0,0.0,true,1781033883244857535
1781033883348121419,true,false,3,3,0,0,0,0,0.0,true,1781033883332991820
1781033883452874544,true,false,3,3,0,0,0,0,0.0,true,1781033883429646340
1781033883554280363,true,false,3,3,0,0,0,0,0.0,true,1781033883551020049
1781033883653535587,true,false,3,3,0,0,0,0,0.0,true,1781033883649985260
1781033883756902172,true,false,3,3,0,0,0,0,0.0,true,1781033883736777357
1781033883854285468,true,false,3,3,0,0,0,0,0.0,true,1781033883834923107
1781033883953704608,true,false,3,3,0,0,0,0,0.0,true,1781033883938500501
1781033884054133171,true,false,3,3,0,0,0,0,0.0,true,1781033884033441937
1781033884153613751,true,false,3,3,0,0,0,0,0.0,true,1781033884152091550
1781033884257526588,true,false,3,3,0,0,0,0,0.0,true,1781033884256350707
1781033884354526527,true,false,3,3,0,0,0,0,0.0,true,1781033884335211942
1781033884454260660,true,false,3,3,0,0,0,0,0.0,true,1781033884441510958
1781033884557001802,true,false,3,3,0,0,0,0,0.0,true,1781033884542800786
1781033884657015122,true,false,3,3,0,0,0,0,0.0,true,1781033884640836182
1781033884753874275,true,false,3,3,0,0,0,0,0.0,true,1781033884720849517
1781033884856991275,true,false,3,3,0,0,0,0,0.0,true,1781033884845714939
1781033884961136095,true,false,3,3,0,0,0,0,0.0,true,1781033884956284868
1781033885062158535,true,false,3,3,0,0,0,0,0.0,true,1781033885053061476
1781033885164862853,true,false,3,3,0,0,0,0,0.0,true,1781033885149144052
1781033885261968550,true,false,3,3,0,0,0,0,0.0,true,1781033885260856488
1781033885361461169,true,false,3,3,0,0,0,0,0.0,true,1781033885360897294
1781033885461670842,true,false,3,3,0,0,0,0,0.0,true,1781033885445238452
1781033885562665124,true,false,3,3,0,0,0,0,0.0,true,1781033885561504016
1781033885662484758,true,false,3,3,0,0,0,0,0.0,true,1781033885639019863
1781033885764848494,true,false,3,3,0,0,0,0,0.0,true,1781033885751992062
1781033885863169979,true,false,3,3,0,0,0,0,0.0,true,1781033885831153833
1781033885964016461,true,false,3,3,0,0,0,0,0.0,true,1781033885928542830
1781033886061999574,true,false,3,3,0,0,0,0,0.0,true,1781033886047480047
1781033886164844726,true,false,3,3,0,0,0,0,0.0,true,1781033886137370595
1781033886261854502,true,false,3,3,0,0,0,0,0.0,true,1781033886253185616
1781033886363385562,true,false,3,3,0,0,0,0,0.0,true,1781033886342512304
1781033886461925459,true,false,3,3,0,0,0,0,0.0,true,1781033886457243634
1781033886562090009,true,false,3,3,0,0,0,0,0.0,true,1781033886560543938
1781033886664872378,true,false,3,3,0,0,0,0,0.0,true,1781033886650115855
1781033886762087168,true,false,3,3,0,0,0,0,0.0,true,1781033886736048932
1781033886862161101,true,false,3,3,0,0,0,0,0.0,true,1781033886846253119
1781033886962068255,true,false,3,3,0,0,0,0,0.0,true,1781033886948600674
1781033887062395559,true,false,3,3,0,0,0,0,0.0,true,1781033887057183518
1781033887162315307,true,false,3,3,0,0,0,0,0.0,true,1781033887141161748
1781033887264862519,true,false,3,3,0,0,0,0,0.0,true,1781033887252844224
1781033887363081721,true,false,3,3,0,0,0,0,0.0,true,1781033887357500011
1781033887462113843,true,false,3,3,0,0,0,0,0.0,true,1781033887438797233
1781033887562063827,true,false,3,3,0,0,0,0,0.0,true,1781033887545543751
1781033887662073572,true,false,3,3,0,0,0,0,0.0,true,1781033887650152507
1781033887762126843,true,false,3,3,0,0,0,0,0.0,true,1781033887759642029
1781033887863190677,true,false,3,3,0,0,0,0,0.0,true,1781033887846025962
1781033887964856412,true,false,3,3,0,0,0,0,0.0,true,1781033887953429063
1781033888061805498,true,false,3,3,0,0,0,0,0.0,true,1781033888058795364
1781033888161448956,true,false,3,3,0,0,0,0,0.0,true,1781033888161303524
1781033888264834171,true,false,3,3,0,0,0,0,0.0,true,1781033888242795470
1781033888362402153,true,false,3,3,0,0,0,0,0.0,true,1781033888342189910
1781033888463947708,true,false,3,3,0,0,0,0,0.0,true,1781033888443176865
1781033888562399922,true,false,3,3,0,0,0,0,0.0,true,1781033888557091950
1781033888662046812,true,false,3,3,0,0,0,0,0.0,true,1781033888649277246
1781033888764857103,true,false,3,3,0,0,0,0,0.0,true,1781033888756843445
1781033888862244229,true,false,3,3,0,0,0,0,0.0,true,1781033888853849585
1781033888964863101,true,false,3,3,0,0,0,0,0.0,true,1781033888953984278
1781033889063020707,true,false,3,3,0,0,0,0,0.0,true,1781033889045377073
1781033889161867020,true,false,3,3,0,0,0,0,0.0,true,1781033889154560665
1781033889261489211,true,false,3,3,0,0,0,0,0.0,true,1781033889252735090
1781033889362799946,true,false,3,3,0,0,0,0,0.0,true,1781033889348859292
1781033889461789212,true,false,3,3,0,0,0,0,0.0,true,1781033889446761537
1781033889568872119,true,false,3,3,0,0,0,0,0.0,true,1781033889549103913
1781033889670086147,true,false,3,3,0,0,0,0,0.0,true,1781033889663037099
1781033889770508755,true,false,3,3,0,0,0,0,0.0,true,1781033889769903657
1781033889872579468,true,false,3,3,0,0,0,0,0.0,true,1781033889838994275
1781033889970185851,true,false,3,3,0,0,0,0,0.0,true,1781033889948847487
1781033890072856794,true,false,3,3,0,0,0,0,0.0,true,1781033890058295888
1781033890170379336,true,false,3,3,0,0,0,0,0.0,true,1781033890166042465
1781033890272857603,true,false,3,3,0,0,0,0,0.0,true,1781033890255257214
1781033890370398197,true,false,3,3,0,0,0,0,0.0,true,1781033890358636703
1781033890470384422,true,false,3,3,0,0,0,0,0.0,true,1781033890466892107
1781033890569697356,true,false,3,3,0,0,0,0,0.0,true,1781033890553895901
1781033890672866637,true,false,3,3,0,0,0,0,0.0,true,1781033890652188606
1781033890777015904,true,false,3,3,0,0,0,0,0.0,true,1781033890758612461
1781033890880885060,true,false,3,3,0,0,0,0,0.0,true,1781033890868690728
1781033890977871665,true,false,3,3,0,0,0,0,0.0,true,1781033890969703853
1781033891077605355,true,false,3,3,0,0,0,0,0.0,true,1781033891065313140
1781033891178361336,true,false,3,3,0,0,0,0,0.0,true,1781033891174492585
1781033891278112197,true,false,3,3,0,0,0,0,0.0,true,1781033891263217763
1781033891377456522,true,false,3,3,0,0,0,0,0.0,true,1781033891377363317
1781033891478439710,true,false,3,3,0,0,0,0,0.0,true,1781033891469883702
1781033891577435412,true,false,3,3,0,0,0,0,0.0,true,1781033891555921241
1781033891680879952,true,false,3,3,0,0,0,0,0.0,true,1781033891667858312
1781033891780937917,true,false,3,3,0,0,0,0,0.0,true,1781033891762899597
1781033891878119473,true,false,3,3,0,0,0,0,0.0,true,1781033891876167579
1781033891978462792,true,false,3,3,0,0,0,0,0.0,true,1781033891976278688
1781033892078318866,true,false,3,3,0,0,0,0,0.0,true,1781033892050323565
1781033892180882488,true,false,3,3,0,0,0,0,0.0,true,1781033892168849913
1781033892284864951,true,false,3,3,0,0,0,0,0.0,true,1781033892273637774
1781033892388866437,true,false,3,3,0,0,0,0,0.0,true,1781033892379515246
1781033892486163420,true,false,3,3,0,0,0,0,0.0,true,1781033892463986409
1781033892586264270,true,false,3,3,0,0,0,0,0.0,true,1781033892574694789
1781033892686135983,true,false,3,3,0,0,0,0,0.0,true,1781033892668467152
1781033892785638748,true,false,3,3,0,0,0,0,0.0,true,1781033892774169497
1781033892887807707,true,false,3,3,0,0,0,0,0.0,true,1781033892877120725
1781033892985617133,true,false,3,3,0,0,0,0,0.0,true,1781033892979403566
1781033893085595758,true,false,3,3,0,0,0,0,0.0,true,1781033893085306525
1781033893186137679,true,false,3,3,0,0,0,0,0.0,true,1781033893161610677
1781033893286185660,true,false,3,3,0,0,0,0,0.0,true,1781033893276684220
1781033893388490450,true,false,3,3,0,0,0,0,0.0,true,1781033893353280421
1781033893485893562,true,false,3,3,0,0,0,0,0.0,true,1781033893478580569
1781033893588858418,true,false,3,3,0,0,0,0,0.0,true,1781033893568849101
1781033893686917170,true,false,3,3,0,0,0,0,0.0,true,1781033893654908935
1781033893786281633,true,false,3,3,0,0,0,0,0.0,true,1781033893783120659
1781033893887676588,true,false,3,3,0,0,0,0,0.0,true,1781033893866587260
1781033893988850057,true,false,3,3,0,0,0,0,0.0,true,1781033893981852777
1781033894092859536,true,false,3,3,0,0,0,0,0.0,true,1781033894060889583
1781033894194504381,true,false,3,3,0,0,0,0,0.0,true,1781033894167533343
1781033894294265920,true,false,3,3,0,0,0,0,0.0,true,1781033894268170018
1781033894394496236,true,false,3,3,0,0,0,0,0.0,true,1781033894382483222
1781033894493980582,true,false,3,3,0,0,0,0,0.0,true,1781033894485874942
1781033894593497433,true,false,3,3,0,0,0,0,0.0,true,1781033894591387817
1781033894693715281,true,false,3,3,0,0,0,0,0.0,true,1781033894680710779
1781033894793910851,true,false,3,3,0,0,0,0,0.0,true,1781033894756326998
1781033894894091015,true,false,3,3,0,0,0,0,0.0,true,1781033894873722983
1781033894994295905,true,false,3,3,0,0,0,0,0.0,true,1781033894980405281
1781033895093651439,true,false,3,3,0,0,0,0,0.0,true,1781033895090432644
1781033895193931106,true,false,3,3,0,0,0,0,0.0,true,1781033895189591860
1781033895297072028,true,false,3,3,0,0,0,0,0.0,true,1781033895262680666
1781033895394338071,true,false,3,3,0,0,0,0,0.0,true,1781033895373125225
1781033895496969461,true,false,3,3,0,0,0,0,0.0,true,1781033895476852326
1781033895594241082,true,false,3,3,0,0,0,0,0.0,true,1781033895589733095
1781033895693642603,true,false,3,3,0,0,0,0,0.0,true,1781033895685721455
1781033895793945997,true,false,3,3,0,0,0,0,0.0,true,1781033895786180273
1781033895896988858,true,false,3,3,0,0,0,0,0.0,true,1781033895877189967
1781033895996905679,true,false,3,3,0,0,0,0,0.0,true,1781033895984859609
1781033896094022231,true,false,3,3,0,0,0,0,0.0,true,1781033896069248716
1781033896196742460,true,false,3,3,0,0,0,0,0.0,true,1781033896181581969
1781033896296961605,true,false,3,3,0,0,0,0,0.0,true,1781033896279989223
1781033896394101009,true,false,3,3,0,0,0,0,0.0,true,1781033896389023560
1781033896493972187,true,false,3,3,0,0,0,0,0.0,true,1781033896487553217
1781033896593585623,true,false,3,3,0,0,0,0,0.0,true,1781033896577416385
1781033896694457663,true,false,3,3,0,0,0,0,0.0,true,1781033896682867899
1781033896794151466,true,false,3,3,0,0,0,0,0.0,true,1781033896772854558
1781033896894100656,true,false,3,3,0,0,0,0,0.0,true,1781033896873732528
1781033896994164129,true,false,3,3,0,0,0,0,0.0,true,1781033896991069452
1781033897094089072,true,false,3,3,0,0,0,0,0.0,true,1781033897091836478
1781033897193704506,true,false,3,3,0,0,0,0,0.0,true,1781033897190800732
1781033897293903056,true,false,3,3,0,0,0,0,0.0,true,1781033897276635439
1781033897396997878,true,false,3,3,0,0,0,0,0.0,true,1781033897390559499
1781033897496915170,true,false,3,3,0,0,0,0,0.0,true,1781033897486004668
1781033897593824437,true,false,3,3,0,0,0,0,0.0,true,1781033897563552405
1781033897694512702,true,false,3,3,0,0,0,0,0.0,true,1781033897676932370
1781033897796970798,true,false,3,3,0,0,0,0,0.0,true,1781033897783349708
1781033897893615316,true,false,3,3,0,0,0,0,0.0,true,1781033897859277679
1781033897994345517,true,false,3,3,0,0,0,0,0.0,true,1781033897985762187
1781033898094353252,true,false,3,3,0,0,0,0,0.0,true,1781033898091587352
1781033898195629178,true,false,3,3,0,0,0,0,0.0,true,1781033898181874498
1781033898296900940,true,false,3,3,0,0,0,0,0.0,true,1781033898285411601
1781033898397565141,true,false,3,3,0,0,0,0,0.0,true,1781033898391113700
1781033898497174921,true,false,3,3,0,0,0,0,0.0,true,1781033898496613503
1781033898594335568,true,false,3,3,0,0,0,0,0.0,true,1781033898584862650
1781033898696987082,true,false,3,3,0,0,0,0,0.0,true,1781033898677980623
1781033898793828659,true,false,3,3,0,0,0,0,0.0,true,1781033898780869834
1781033898895336444,true,false,3,3,0,0,0,0,0.0,true,1781033898879282514
1781033898993774873,true,false,3,3,0,0,0,0,0.0,true,1781033898980493986
1781033899093742554,true,false,3,3,0,0,0,0,0.0,true,1781033899085618086
1781033899196980787,true,false,3,3,0,0,0,0,0.0,true,1781033899186097523
1781033899294285398,true,false,3,3,0,0,0,0,0.0,true,1781033899286755853
1781033899394305349,true,false,3,3,0,0,0,0,0.0,true,1781033899388768726
1781033899496904536,true,false,3,3,0,0,0,0,0.0,true,1781033899478327483
1781033899596981256,true,false,3,3,0,0,0,0,0.0,true,1781033899584857685
1781033899693516449,true,false,3,3,0,0,0,0,0.0,true,1781033899682905245
1781033899793604140,true,false,3,3,0,0,0,0,0.0,true,1781033899788144487
1781033899893718661,true,false,3,3,0,0,0,0,0.0,true,1781033899871227162
1781033899997085624,true,false,3,3,0,0,0,0,0.0,true,1781033899979244844
1781033900094223807,true,false,3,3,0,0,0,0,0.0,true,1781033900081675021
1781033900193571363,true,false,3,3,0,0,0,0,0.0,true,1781033900188186870
1781033900297066114,true,false,3,3,0,0,0,0,0.0,true,1781033900296386436
1781033900394057363,true,false,3,3,0,0,0,0,0.0,true,1781033900369708718
1781033900494473613,true,false,3,3,0,0,0,0,0.0,true,1781033900473703842
1781033900594530213,true,false,3,3,0,0,0,0,0.0,true,1781033900581028681
1781033900694005156,true,false,3,3,0,0,0,0,0.0,true,1781033900678796278
1781033900793685403,true,false,3,3,0,0,0,0,0.0,true,1781033900788362477
1781033900894127223,true,false,3,3,0,0,0,0,0.0,true,1781033900873229675
1781033900997037353,true,false,3,3,0,0,0,0,0.0,true,1781033900983221806
1781033901093836596,true,false,3,3,0,0,0,0,0.0,true,1781033901080841536
1781033901197531442,true,false,3,3,0,0,0,0,0.0,true,1781033901185329032
1781033901294477114,true,false,3,3,0,0,0,0,0.0,true,1781033901280214310
1781033901394186839,true,false,3,3,0,0,0,0,0.0,true,1781033901389551941
1781033901496970174,true,false,3,3,0,0,0,0,0.0,true,1781033901474139127
1781033901595419024,true,false,3,3,0,0,0,0,0.0,true,1781033901594754141
1781033901694007932,true,false,3,3,0,0,0,0,0.0,true,1781033901693315534
1781033901793848635,true,false,3,3,0,0,0,0,0.0,true,1781033901776244558
1781033901893707843,true,false,3,3,0,0,0,0,0.0,true,1781033901873083393
1781033901994055499,true,false,3,3,0,0,0,0,0.0,true,1781033901977694710
1781033902093761232,true,false,3,3,0,0,0,0,0.0,true,1781033902066205885
1781033902201319166,true,false,3,3,0,0,0,0,0.0,true,1781033902198582983
1781033902302246670,true,false,3,3,0,0,0,0,0.0,true,1781033902282851122
1781033902408891404,true,false,3,3,0,0,0,0,0.0,true,1781033902398496631
1781033902510130919,true,false,3,3,0,0,0,0,0.0,true,1781033902508240611
1781033902610173146,true,false,3,3,0,0,0,0,0.0,true,1781033902604088222
1781033902712881424,true,false,3,3,0,0,0,0,0.0,true,1781033902699640083
1781033902809825982,true,false,3,3,0,0,0,0,0.0,true,1781033902780423528
1781033902910402389,true,false,3,3,0,0,0,0,0.0,true,1781033902895138201
1781033903009891090,true,false,3,3,0,0,0,0,0.0,true,1781033902998653530
1781033903111569430,true,false,3,3,0,0,0,0,0.0,true,1781033903094209050
1781033903210428602,true,false,3,3,0,0,0,0,0.0,true,1781033903194814354
1781033903312902106,true,false,3,3,0,0,0,0,0.0,true,1781033903312866925
1781033903410125462,true,false,3,3,0,0,0,0,0.0,true,1781033903389511754
1781033903510104979,true,false,3,3,0,0,0,0,0.0,true,1781033903497567234
1781033903609453336,true,false,3,3,0,0,0,0,0.0,true,1781033903608848662
1781033903709562380,true,false,3,3,0,0,0,0,0.0,true,1781033903687745687
1781033903809849250,true,false,3,3,0,0,0,0,0.0,true,1781033903800852605
1781033903912867930,true,false,3,3,0,0,0,0,0.0,true,1781033903896858007
1781033904009561685,true,false,3,3,0,0,0,0,0.0,true,1781033903964925642
1781033904110503774,true,false,3,3,0,0,0,0,0.0,true,1781033904090337052
1781033904209955828,true,false,3,3,0,0,0,0,0.0,true,1781033904205803482
1781033904312800136,true,false,3,3,0,0,0,0,0.0,true,1781033904303189561
1781033904412900686,true,false,3,3,0,0,0,0,0.0,true,1781033904385533167
1781033904512879678,true,false,3,3,0,0,0,0,0.0,true,1781033904485783690
1781033904609627059,true,false,3,3,0,0,0,0,0.0,true,1781033904606032029
1781033904709762892,true,false,3,3,0,0,0,0,0.0,true,1781033904692326690
1781033904809662440,true,false,3,3,0,0,0,0,0.0,true,1781033904805484735
1781033904909964769,true,false,3,3,0,0,0,0,0.0,true,1781033904886895657
1781033905010897152,true,false,3,3,0,0,0,0,0.0,true,1781033904992847343
1781033905110037249,true,false,3,3,0,0,0,0,0.0,true,1781033905088570056
1781033905212862735,true,false,3,3,0,0,0,0,0.0,true,1781033905205453393
1781033905309669683,true,false,3,3,0,0,0,0,0.0,true,1781033905306674485
1781033905412873351,true,false,3,3,0,0,0,0,0.0,true,1781033905405974300
1781033905510135197,true,false,3,3,0,0,0,0,0.0,true,1781033905486905470
1781033905610219963,true,false,3,3,0,0,0,0,0.0,true,1781033905588847531
1781033905710390519,true,false,3,3,0,0,0,0,0.0,true,1781033905705735437
1781033905810457744,true,false,3,3,0,0,0,0,0.0,true,1781033905807880009
1781033905917280248,true,false,3,3,0,0,0,0,0.0,true,1781033905916540530
1781033906020905763,true,false,3,3,0,0,0,0,0.0,true,1781033906002584782
1781033906118331678,true,false,3,3,0,0,0,0,0.0,true,1781033906096709356
1781033906217504124,true,false,3,3,0,0,0,0,0.0,true,1781033906210730656
1781033906319813202,true,false,3,3,0,0,0,0,0.0,true,1781033906306076921
1781033906418501608,true,false,3,3,0,0,0,0,0.0,true,1781033906397016056
1781033906518250115,true,false,3,3,0,0,0,0,0.0,true,1781033906512304831
1781033906617570404,true,false,3,3,0,0,0,0,0.0,true,1781033906616894868
1781033906717741835,true,false,3,3,0,0,0,0,0.0,true,1781033906701164391
1781033906820833209,true,false,3,3,0,0,0,0,0.0,true,1781033906807016482
1781033906920850080,true,false,3,3,0,0,0,0,0.0,true,1781033906910745220
1781033907020895270,true,false,3,3,0,0,0,0,0.0,true,1781033907011146126
1781033907117512250,true,false,3,3,0,0,0,0,0.0,true,1781033907105265022
1781033907218020160,true,false,3,3,0,0,0,0,0.0,true,1781033907207578417
1781033907318109736,true,false,3,3,0,0,0,0,0.0,true,1781033907307781822
1781033907417967993,true,false,3,3,0,0,0,0,0.0,true,1781033907416304808
1781033907518033445,true,false,3,3,0,0,0,0,0.0,true,1781033907504540084
1781033907617493049,true,false,3,3,0,0,0,0,0.0,true,1781033907614885334
1781033907717439200,true,false,3,3,0,0,0,0,0.0,true,1781033907716848528
1781033907820893607,true,false,3,3,0,0,0,0,0.0,true,1781033907812861841
1781033907922154301,true,false,3,3,0,0,0,0,0.0,true,1781033907894959942
1781033908020799042,true,false,3,3,0,0,0,0,0.0,true,1781033908000009490
1781033908119201988,true,false,3,3,0,0,0,0,0.0,true,1781033908104833422
1781033908217803416,true,false,3,3,0,0,0,0,0.0,true,1781033908193290098
1781033908317541665,true,false,3,3,0,0,0,0,0.0,true,1781033908301839509
1781033908420549427,true,false,3,3,0,0,0,0,0.0,true,1781033908384829613
1781033908517506735,true,false,3,3,0,0,0,0,0.0,true,1781033908479563200
1781033908618123667,true,false,3,3,0,0,0,0,0.0,true,1781033908599982682
1781033908718353125,true,false,3,3,0,0,0,0,0.0,true,1781033908715570439
1781033908818467214,true,false,3,3,0,0,0,0,0.0,true,1781033908796948916
1781033908918018330,true,false,3,3,0,0,0,0,0.0,true,1781033908912212872
1781033909019247070,true,false,3,3,0,0,0,0,0.0,true,1781033908993084042
1781033909118308692,true,false,3,3,0,0,0,0,0.0,true,1781033909092263145
1781033909217504879,true,false,3,3,0,0,0,0,0.0,true,1781033909191137448
1781033909320914816,true,false,3,3,0,0,0,0,0.0,true,1781033909305195227
1781033909417548563,true,false,3,3,0,0,0,0,0.0,true,1781033909412836737
1781033909519210025,true,false,3,3,0,0,0,0,0.0,true,1781033909496849074
1781033909618454623,true,false,3,3,0,0,0,0,0.0,true,1781033909606826192
1781033909720920061,true,false,3,3,0,0,0,0,0.0,true,1781033909707553230
1781033909818227586,true,false,3,3,0,0,0,0,0.0,true,1781033909810337686
1781033909917476268,true,false,3,3,0,0,0,0,0.0,true,1781033909890050768
1781033910017485947,true,false,3,3,0,0,0,0,0.0,true,1781033910016680332
1781033910120882470,true,false,3,3,0,0,0,0,0.0,true,1781033910096849887
1781033910220881842,true,false,3,3,0,0,0,0,0.0,true,1781033910188633657
1781033910318097304,true,false,3,3,0,0,0,0,0.0,true,1781033910313584262
1781033910420884374,true,false,3,3,0,0,0,0,0.0,true,1781033910411934326
1781033910518162620,true,false,3,3,0,0,0,0,0.0,true,1781033910514159366
1781033910618312213,true,false,3,3,0,0,0,0,0.0,true,1781033910604846259
1781033910720859978,true,false,3,3,0,0,0,0,0.0,true,1781033910712401670
1781033910818425812,true,false,3,3,0,0,0,0,0.0,true,1781033910812086082
1781033910921740305,true,false,3,3,0,0,0,0,0.0,true,1781033910902015401
1781033911020893273,true,false,3,3,0,0,0,0,0.0,true,1781033911001482093
1781033911117561633,true,false,3,3,0,0,0,0,0.0,true,1781033911116836889
1781033911220880467,true,false,3,3,0,0,0,0,0.0,true,1781033911197809524
1781033911317725274,true,false,3,3,0,0,0,0,0.0,true,1781033911308924044
1781033911418754444,true,false,3,3,0,0,0,0,0.0,true,1781033911418064660
1781033911524894631,true,false,3,3,0,0,0,0,0.0,true,1781033911501858418
1781033911627996029,true,false,3,3,0,0,0,0,0.0,true,1781033911623873623
1781033911725820348,true,false,3,3,0,0,0,0,0.0,true,1781033911708292318
1781033911825889303,true,false,3,3,0,0,0,0,0.0,true,1781033911808337177
1781033911926372334,true,false,3,3,0,0,0,0,0.0,true,1781033911920874154
1781033912025785075,true,false,3,3,0,0,0,0,0.0,true,1781033912011253560
1781033912128865149,true,false,3,3,0,0,0,0,0.0,true,1781033912118288622
1781033912226530661,true,false,3,3,0,0,0,0,0.0,true,1781033912212154366
1781033912329207221,true,false,3,3,0,0,0,0,0.0,true,1781033912322343268
1781033912426089680,true,false,3,3,0,0,0,0,0.0,true,1781033912410437905
1781033912525553970,true,false,3,3,0,0,0,0,0.0,true,1781033912510843122
1781033912626246897,true,false,3,3,0,0,0,0,0.0,true,1781033912621974231
1781033912725843078,true,false,3,3,0,0,0,0,0.0,true,1781033912723048857
1781033912826077029,true,false,3,3,0,0,0,0,0.0,true,1781033912821122035
1781033912925654430,true,false,3,3,0,0,0,0,0.0,true,1781033912921841539
1781033913028676672,true,false,3,3,0,0,0,0,0.0,true,1781033913007228861
1781033913128870008,true,false,3,3,0,0,0,0,0.0,true,1781033913122374043
1781033913225450565,true,false,3,3,0,0,0,0,0.0,true,1781033913225070243
1781033913325706916,true,false,3,3,0,0,0,0,0.0,true,1781033913312526339
1781033913426312008,true,false,3,3,0,0,0,0,0.0,true,1781033913417480647
1781033913525782033,true,false,3,3,0,0,0,0,0.0,true,1781033913518201763
1781033913625937337,true,false,3,3,0,0,0,0,0.0,true,1781033913618783819
1781033913726170519,true,false,3,3,0,0,0,0,0.0,true,1781033913705513649
1781033913826152245,true,false,3,3,0,0,0,0,0.0,true,1781033913809513845
1781033913925881957,true,false,3,3,0,0,0,0,0.0,true,1781033913892941053
1781033914028886249,true,false,3,3,0,0,0,0,0.0,true,1781033914022623138
1781033914126166362,true,false,3,3,0,0,0,0,0.0,true,1781033914103053034
1781033914225747958,true,false,3,3,0,0,0,0,0.0,true,1781033914213448514
1781033914328872843,true,false,3,3,0,0,0,0,0.0,true,1781033914317081407
1781033914425479395,true,false,3,3,0,0,0,0,0.0,true,1781033914400754830
1781033914526142090,true,false,3,3,0,0,0,0,0.0,true,1781033914507473229
1781033914628868944,true,false,3,3,0,0,0,0,0.0,true,1781033914611560429
1781033914728873501,true,false,3,3,0,0,0,0,0.0,true,1781033914717465399
1781033914826148326,true,false,3,3,0,0,0,0,0.0,true,1781033914801562945
1781033914928890866,true,false,3,3,0,0,0,0,0.0,true,1781033914918970189
1781033915025561733,true,false,3,3,0,0,0,0,0.0,true,1781033915025474678
1781033915126417972,true,false,3,3,0,0,0,0,0.0,true,1781033915110116966
1781033915225724677,true,false,3,3,0,0,0,0,0.0,true,1781033915216712592
1781033915325776441,true,false,3,3,0,0,0,0,0.0,true,1781033915320129669
1781033915428893279,true,false,3,3,0,0,0,0,0.0,true,1781033915409948020
1781033915526357144,true,false,3,3,0,0,0,0,0.0,true,1781033915510991822
1781033915626013764,true,false,3,3,0,0,0,0,0.0,true,1781033915612556941
1781033915725951875,true,false,3,3,0,0,0,0,0.0,true,1781033915708491895
1781033915826174300,true,false,3,3,0,0,0,0,0.0,true,1781033915812971866
1781033915927779006,true,false,3,3,0,0,0,0,0.0,true,1781033915906050517
1781033916025886550,true,false,3,3,0,0,0,0,0.0,true,1781033916019015908
1781033916125752974,true,false,3,3,0,0,0,0,0.0,true,1781033916105402240
1781033916226081742,true,false,3,3,0,0,0,0,0.0,true,1781033916218264967
1781033916325853211,true,false,3,3,0,0,0,0,0.0,true,1781033916311475358
1781033916428873485,true,false,3,3,0,0,0,0,0.0,true,1781033916411299332
1781033916525991372,true,false,3,3,0,0,0,0,0.0,true,1781033916516670431
1781033916626509180,true,false,3,3,0,0,0,0,0.0,true,1781033916600351925
1781033916725969700,true,false,3,3,0,0,0,0,0.0,true,1781033916716196656
1781033916825680828,true,false,3,3,0,0,0,0,0.0,true,1781033916823614487
1781033916926569932,true,false,3,3,0,0,0,0,0.0,true,1781033916909167449
1781033917028866591,true,false,3,3,0,0,0,0,0.0,true,1781033917018833996
1781033917128861491,true,false,3,3,0,0,0,0,0.0,true,1781033917120017237
1781033917226056149,true,false,3,3,0,0,0,0,0.0,true,1781033917214884125
1781033917326119736,true,false,3,3,0,0,0,0,0.0,true,1781033917324448483
1781033917426051066,true,false,3,3,0,0,0,0,0.0,true,1781033917413754478
1781033917526082652,true,false,3,3,0,0,0,0,0.0,true,1781033917516844827
1781033917625499288,true,false,3,3,0,0,0,0,0.0,true,1781033917623668453
1781033917728890254,true,false,3,3,0,0,0,0,0.0,true,1781033917716875450
1781033917826195452,true,false,3,3,0,0,0,0,0.0,true,1781033917798831759
1781033917927040775,true,false,3,3,0,0,0,0,0.0,true,1781033917894939921
1781033918026308381,true,false,3,3,0,0,0,0,0.0,true,1781033918018214035
1781033918126165078,true,false,3,3,0,0,0,0,0.0,true,1781033918106829946
1781033918228619104,true,false,3,3,0,0,0,0,0.0,true,1781033918214012168
1781033918326129975,true,false,3,3,0,0,0,0,0.0,true,1781033918303476155
1781033918425490933,true,false,3,3,0,0,0,0,0.0,true,1781033918424379221
1781033918526776953,true,false,3,3,0,0,0,0,0.0,true,1781033918521537920
1781033918625871913,true,false,3,3,0,0,0,0,0.0,true,1781033918605007717
1781033918725796080,true,false,3,3,0,0,0,0,0.0,true,1781033918719436089
1781033918828910856,true,false,3,3,0,0,0,0,0.0,true,1781033918819685664
1781033918926538734,true,false,3,3,0,0,0,0,0.0,true,1781033918919410885
1781033919028872026,true,false,3,3,0,0,0,0,0.0,true,1781033919011948773
1781033919128875427,true,false,3,3,0,0,0,0,0.0,true,1781033919119117466
1781033919225595299,true,false,3,3,0,0,0,0,0.0,true,1781033919218367434
1781033919326490355,true,false,3,3,0,0,0,0,0.0,true,1781033919324142631
1781033919425878979,true,false,3,3,0,0,0,0,0.0,true,1781033919393425105
1781033919529361153,true,false,3,3,0,0,0,0,0.0,true,1781033919506376781
1781033919628866841,true,false,3,3,0,0,0,0,0.0,true,1781033919609725222
1781033919726415319,true,false,3,3,0,0,0,0,0.0,true,1781033919705988353
1781033919830022037,true,false,3,3,0,0,0,0,0.0,true,1781033919790543427
1781033919931114908,true,false,3,3,0,0,0,0,0.0,true,1781033919906109458
1781033920032868023,true,false,3,3,0,0,0,0,0.0,true,1781033920005759264
1781033920131172709,true,false,3,3,0,0,0,0,0.0,true,1781033920113066501
1781033920231507729,true,false,3,3,0,0,0,0,0.0,true,1781033920226431832
1781033920331091319,true,false,3,3,0,0,0,0,0.0,true,1781033920302475661
1781033920431265894,true,false,3,3,0,0,0,0,0.0,true,1781033920398792156
1781033920531554607,true,false,3,3,0,0,0,0,0.0,true,1781033920517092476
1781033920630813757,true,false,3,3,0,0,0,0,0.0,true,1781033920620014209
1781033920732887294,true,false,3,3,0,0,0,0,0.0,true,1781033920704873235
1781033920837051633,true,false,3,3,0,0,0,0,0.0,true,1781033920812963572
1781033920937504226,true,false,3,3,0,0,0,0,0.0,true,1781033920932847569
1781033921037495750,true,false,3,3,0,0,0,0,0.0,true,1781033921033770075
1781033921139694253,true,false,3,3,0,0,0,0,0.0,true,1781033921135076694
1781033921238027821,true,false,3,3,0,0,0,0,0.0,true,1781033921216227910
1781033921337484384,true,false,3,3,0,0,0,0,0.0,true,1781033921316909588
1781033921441318226,true,false,3,3,0,0,0,0,0.0,true,1781033921425589036
1781033921537757369,true,false,3,3,0,0,0,0,0.0,true,1781033921536200906
1781033921644864655,true,false,3,3,0,0,0,0,0.0,true,1781033921616899239
1781033921746383952,true,false,3,3,0,0,0,0,0.0,true,1781033921726248375
1781033921845645507,true,false,3,3,0,0,0,0,0.0,true,1781033921833114406
1781033921946432098,true,false,3,3,0,0,0,0,0.0,true,1781033921941542213
1781033922046176201,true,false,3,3,0,0,0,0,0.0,true,1781033922043040549
1781033922145765287,true,false,3,3,0,0,0,0,0.0,true,1781033922136715526
1781033922246073152,true,false,3,3,0,0,0,0,0.0,true,1781033922236763861
1781033922348607792,true,false,3,3,0,0,0,0,0.0,true,1781033922330012957
1781033922446165168,true,false,3,3,0,0,0,0,0.0,true,1781033922426920039
1781033922552855585,true,false,3,3,0,0,0,0,0.0,true,1781033922538351214
1781033922654279120,true,false,3,3,0,0,0,0,0.0,true,1781033922646034768
1781033922758039885,true,false,3,3,0,0,0,0,0.0,true,1781033922756850087
1781033922860327969,true,false,3,3,0,0,0,0,0.0,true,1781033922836839789
1781033922960893088,true,false,3,3,0,0,0,0,0.0,true,1781033922945695842
1781033923060864580,true,false,3,3,0,0,0,0,0.0,true,1781033923045506630
1781033923160872024,true,false,3,3,0,0,0,0,0.0,true,1781033923151039859
1781033923259232760,true,false,3,3,0,0,0,0,0.0,true,1781033923250042518
1781033923358546215,true,false,3,3,0,0,0,0,0.0,true,1781033923346841521
1781033923459318826,true,false,3,3,0,0,0,0,0.0,true,1781033923428828485
1781033923560207881,true,false,3,3,0,0,0,0,0.0,true,1781033923536739571
1781033923658459771,true,false,3,3,0,0,0,0,0.0,true,1781033923635435086
1781033923759334864,true,false,3,3,0,0,0,0,0.0,true,1781033923755660368
1781033923858435354,true,false,3,3,0,0,0,0,0.0,true,1781033923856772296
1781033923958965163,true,false,3,3,0,0,0,0,0.0,true,1781033923939410416
1781033924058604592,true,false,3,3,0,0,0,0,0.0,true,1781033924040887216
1781033924160887708,true,false,3,3,0,0,0,0,0.0,true,1781033924149855788
1781033924260944454,true,false,3,3,0,0,0,0,0.0,true,1781033924246099465
1781033924358503308,true,false,3,3,0,0,0,0,0.0,true,1781033924350175250
1781033924459336120,true,false,3,3,0,0,0,0,0.0,true,1781033924433137672
1781033924560888551,true,false,3,3,0,0,0,0,0.0,true,1781033924541988390
1781033924659030388,true,false,3,3,0,0,0,0,0.0,true,1781033924652865629
1781033924760932034,true,false,3,3,0,0,0,0,0.0,true,1781033924740869718
1781033924858908058,true,false,3,3,0,0,0,0,0.0,true,1781033924826068844
1781033924958496816,true,false,3,3,0,0,0,0,0.0,true,1781033924956218292
1781033925060880981,true,false,3,3,0,0,0,0,0.0,true,1781033925050234746
1781033925160898688,true,false,3,3,0,0,0,0,0.0,true,1781033925151306512
1781033925258782934,true,false,3,3,0,0,0,0,0.0,true,1781033925249780298
1781033925358547779,true,false,3,3,0,0,0,0,0.0,true,1781033925353428251
1781033925462770123,true,false,3,3,0,0,0,0,0.0,true,1781033925447040968
1781033925560931549,true,false,3,3,0,0,0,0,0.0,true,1781033925534050300
1781033925658964326,true,false,3,3,0,0,0,0,0.0,true,1781033925655960392
1781033925758742710,true,false,3,3,0,0,0,0,0.0,true,1781033925747867728
1781033925858710204,true,false,3,3,0,0,0,0,0.0,true,1781033925850593434
1781033925960884214,true,false,3,3,0,0,0,0,0.0,true,1781033925939879487
1781033926059733238,true,false,3,3,0,0,0,0,0.0,true,1781033926048669090
1781033926159286768,true,false,3,3,0,0,0,0,0.0,true,1781033926150986078
1781033926260964947,true,false,3,3,0,0,0,0,0.0,true,1781033926253574113
1781033926360885173,true,false,3,3,0,0,0,0,0.0,true,1781033926349761730
1781033926458943255,true,false,3,3,0,0,0,0,0.0,true,1781033926451573317
1781033926559286614,true,false,3,3,0,0,0,0,0.0,true,1781033926540390099
1781033926659204329,true,false,3,3,0,0,0,0,0.0,true,1781033926642869549
1781033926759382915,true,false,3,3,0,0,0,0,0.0,true,1781033926753011288
1781033926859188130,true,false,3,3,0,0,0,0,0.0,true,1781033926844386280
1781033926958625356,true,false,3,3,0,0,0,0,0.0,true,1781033926954349035
1781033927060889051,true,false,3,3,0,0,0,0,0.0,true,1781033927051645114
1781033927160867037,true,false,3,3,0,0,0,0,0.0,true,1781033927138712541
1781033927261478180,true,false,3,3,0,0,0,0,0.0,true,1781033927252848202
1781033927359157472,true,false,3,3,0,0,0,0,0.0,true,1781033927346642466
1781033927460851391,true,false,3,3,0,0,0,0,0.0,true,1781033927454038941
1781033927560929082,true,false,3,3,0,0,0,0,0.0,true,1781033927541993003
1781033927661278640,true,false,3,3,0,0,0,0,0.0,true,1781033927637056346
1781033927758811080,true,false,3,3,0,0,0,0,0.0,true,1781033927754322718
1781033927861881456,true,false,3,3,0,0,0,0,0.0,true,1781033927833681609
1781033927959057914,true,false,3,3,0,0,0,0,0.0,true,1781033927956019909
1781033928060874985,true,false,3,3,0,0,0,0,0.0,true,1781033928038959220
1781033928160883729,true,false,3,3,0,0,0,0,0.0,true,1781033928153958529
1781033928258762313,true,false,3,3,0,0,0,0,0.0,true,1781033928253466269
1781033928360890247,true,false,3,3,0,0,0,0,0.0,true,1781033928349769536
1781033928460903270,true,false,3,3,0,0,0,0,0.0,true,1781033928447156064
1781033928564883717,true,false,3,3,0,0,0,0,0.0,true,1781033928550733039
1781033928668872695,true,false,3,3,0,0,0,0,0.0,true,1781033928648868910
1781033928766449977,true,false,3,3,0,0,0,0,0.0,true,1781033928757810548
1781033928868862956,true,false,3,3,0,0,0,0,0.0,true,1781033928847214653
1781033928967869914,true,false,3,3,0,0,0,0,0.0,true,1781033928960164914
1781033929066230435,true,false,3,3,0,0,0,0,0.0,true,1781033929064702868
1781033929168888375,true,false,3,3,0,0,0,0,0.0,true,1781033929159700257
1781033929268863806,true,false,3,3,0,0,0,0,0.0,true,1781033929251085733
1781033929366134186,true,false,3,3,0,0,0,0,0.0,true,1781033929356585865
1781033929466253173,true,false,3,3,0,0,0,0,0.0,true,1781033929453428508
1781033929568878127,true,false,3,3,0,0,0,0,0.0,true,1781033929557358388
1781033929669818216,true,false,3,3,0,0,0,0,0.0,true,1781033929664215846
1781033929768871822,true,false,3,3,0,0,0,0,0.0,true,1781033929744085406
1781033929865661108,true,false,3,3,0,0,0,0,0.0,true,1781033929849213173
1781033929966220926,true,false,3,3,0,0,0,0,0.0,true,1781033929936973837
1781033930066466932,true,false,3,3,0,0,0,0,0.0,true,1781033930055119859
1781033930165931708,true,false,3,3,0,0,0,0,0.0,true,1781033930154977811
1781033930268858982,true,false,3,3,0,0,0,0,0.0,true,1781033930256043619
1781033930368844674,true,false,3,3,0,0,0,0,0.0,true,1781033930353104579
1781033930465659167,true,false,3,3,0,0,0,0,0.0,true,1781033930460852460
1781033930566000775,true,false,3,3,0,0,0,0,0.0,true,1781033930538359584
1781033930668852001,true,false,3,3,0,0,0,0,0.0,true,1781033930656863048
1781033930766184330,true,false,3,3,0,0,0,0,0.0,true,1781033930759820824
1781033930868866463,true,false,3,3,0,0,0,0,0.0,true,1781033930848075509
1781033930965938512,true,false,3,3,0,0,0,0,0.0,true,1781033930948990055
1781033931068848034,true,false,3,3,0,0,0,0,0.0,true,1781033931057693459
1781033931166185932,true,false,3,3,0,0,0,0,0.0,true,1781033931165506186
1781033931266476452,true,false,3,3,0,0,0,0,0.0,true,1781033931261937317
1781033931366426925,true,false,3,3,0,0,0,0,0.0,true,1781033931340370037
1781033931466150183,true,false,3,3,0,0,0,0,0.0,true,1781033931457261652
1781033931566104417,true,false,3,3,0,0,0,0,0.0,true,1781033931553720864
1781033931668871125,true,false,3,3,0,0,0,0,0.0,true,1781033931656121266
1781033931768855161,true,false,3,3,0,0,0,0,0.0,true,1781033931755588972
1781033931865944444,true,false,3,3,0,0,0,0,0.0,true,1781033931854657379
1781033931965746204,true,false,3,3,0,0,0,0,0.0,true,1781033931958661990
1781033932066401202,true,false,3,3,0,0,0,0,0.0,true,1781033932057382888
1781033932167926236,true,false,3,3,0,0,0,0,0.0,true,1781033932141925671
1781033932266003729,true,false,3,3,0,0,0,0,0.0,true,1781033932256858071
1781033932367137707,true,false,3,3,0,0,0,0,0.0,true,1781033932365993275
1781033932468864161,true,false,3,3,0,0,0,0,0.0,true,1781033932457040563
1781033932566262323,true,false,3,3,0,0,0,0,0.0,true,1781033932553971673
1781033932665886470,true,false,3,3,0,0,0,0,0.0,true,1781033932635975382
1781033932766265789,true,false,3,3,0,0,0,0,0.0,true,1781033932741644457
1781033932868862077,true,false,3,3,0,0,0,0,0.0,true,1781033932857748181
1781033932966769578,true,false,3,3,0,0,0,0,0.0,true,1781033932949464250
1781033933065579191,true,false,3,3,0,0,0,0,0.0,true,1781033933049768508
1781033933166172025,true,false,3,3,0,0,0,0,0.0,true,1781033933148994600
1781033933268857093,true,false,3,3,0,0,0,0,0.0,true,1781033933256945150
1781033933365570186,true,false,3,3,0,0,0,0,0.0,true,1781033933336230957
1781033933468430475,true,false,3,3,0,0,0,0,0.0,true,1781033933447861033
1781033933565669332,true,false,3,3,0,0,0,0,0.0,true,1781033933561896965
1781033933665494797,true,false,3,3,0,0,0,0,0.0,true,1781033933665111868
1781033933768862610,true,false,3,3,0,0,0,0,0.0,true,1781033933756886658
1781033933866306169,true,false,3,3,0,0,0,0,0.0,true,1781033933863564772
1781033933966108790,true,false,3,3,0,0,0,0,0.0,true,1781033933961983704
1781033934067662954,true,false,3,3,0,0,0,0,0.0,true,1781033934054592026
1781033934166056033,true,false,3,3,0,0,0,0,0.0,true,1781033934155908177
1781033934266156747,true,false,3,3,0,0,0,0,0.0,true,1781033934263298993
1781033934367601596,true,false,3,3,0,0,0,0,0.0,true,1781033934360077552
1781033934466505214,true,false,3,3,0,0,0,0,0.0,true,1781033934452854330
1781033934566461411,true,false,3,3,0,0,0,0,0.0,true,1781033934557214851
1781033934666886528,true,false,3,3,0,0,0,0,0.0,true,1781033934654163135
1781033934766151878,true,false,3,3,0,0,0,0,0.0,true,1781033934745842523
1781033934865943651,true,false,3,3,0,0,0,0,0.0,true,1781033934860725780
1781033934966666522,true,false,3,3,0,0,0,0,0.0,true,1781033934959728248
1781033935066163799,true,false,3,3,0,0,0,0,0.0,true,1781033935048857408
1781033935167010949,true,false,3,3,0,0,0,0,0.0,true,1781033935147847819
1781033935265451650,true,false,3,3,0,0,0,0,0.0,true,1781033935264483169
1781033935366220730,true,false,3,3,0,0,0,0,0.0,true,1781033935354305187
1781033935466243566,true,false,3,3,0,0,0,0,0.0,true,1781033935453809275
1781033935566163910,true,false,3,3,0,0,0,0,0.0,true,1781033935535602591
1781033935666159554,true,false,3,3,0,0,0,0,0.0,true,1781033935648116417
1781033935765676539,true,false,3,3,0,0,0,0,0.0,true,1781033935748092606
1781033935866015424,true,false,3,3,0,0,0,0,0.0,true,1781033935834654170
1781033935965873811,true,false,3,3,0,0,0,0,0.0,true,1781033935956031623
1781033936065611255,true,false,3,3,0,0,0,0,0.0,true,1781033936062539980
1781033936166185929,true,false,3,3,0,0,0,0,0.0,true,1781033936145202286
1781033936265929223,true,false,3,3,0,0,0,0,0.0,true,1781033936259487353
1781033936365628178,true,false,3,3,0,0,0,0,0.0,true,1781033936352772920
1781033936465626895,true,false,3,3,0,0,0,0,0.0,true,1781033936459039889
1781033936566375317,true,false,3,3,0,0,0,0,0.0,true,1781033936557804103
1781033936665452826,true,false,3,3,0,0,0,0,0.0,true,1781033936664487322
1781033936771171118,true,false,3,3,0,0,0,0,0.0,true,1781033936760391164
1781033936872426750,true,false,3,3,0,0,0,0,0.0,true,1781033936859677081
1781033936972117307,true,false,3,3,0,0,0,0,0.0,true,1781033936953075816
1781033937076998991,true,false,3,3,0,0,0,0,0.0,true,1781033937058934785
1781033937178157958,true,false,3,3,0,0,0,0,0.0,true,1781033937160640507
1781033937277752293,true,false,3,3,0,0,0,0,0.0,true,1781033937274819607
1781033937380881485,true,false,3,3,0,0,0,0,0.0,true,1781033937366223989
1781033937477523535,true,false,3,3,0,0,0,0,0.0,true,1781033937471525663
1781033937577905132,true,false,3,3,0,0,0,0,0.0,true,1781033937576856191
1781033937678194267,true,false,3,3,0,0,0,0,0.0,true,1781033937673792793
1781033937780896000,true,false,3,3,0,0,0,0,0.0,true,1781033937763471094
1781033937877587911,true,false,3,3,0,0,0,0,0.0,true,1781033937871252159
1781033937981187335,true,false,3,3,0,0,0,0,0.0,true,1781033937975575014
1781033938077768224,true,false,3,3,0,0,0,0,0.0,true,1781033938075611700
1781033938177531942,true,false,3,3,0,0,0,0,0.0,true,1781033938176076248
1781033938277800706,true,false,3,3,0,0,0,0,0.0,true,1781033938259649315
1781033938380852167,true,false,3,3,0,0,0,0,0.0,true,1781033938371484288
1781033938477824974,true,false,3,3,0,0,0,0,0.0,true,1781033938452910656
1781033938579030275,true,false,3,3,0,0,0,0,0.0,true,1781033938554759657
1781033938678061240,true,false,3,3,0,0,0,0,0.0,true,1781033938672444554
1781033938778008110,true,false,3,3,0,0,0,0,0.0,true,1781033938761897042
1781033938878486697,true,false,3,3,0,0,0,0,0.0,true,1781033938855836431
1781033938977485253,true,false,3,3,0,0,0,0,0.0,true,1781033938971914595
1781033939077819131,true,false,3,3,0,0,0,0,0.0,true,1781033939059585395
1781033939177848833,true,false,3,3,0,0,0,0,0.0,true,1781033939149878044
1781033939280899496,true,false,3,3,0,0,0,0,0.0,true,1781033939260405401
1781033939380883793,true,false,3,3,0,0,0,0,0.0,true,1781033939365488485
1781033939478078754,true,false,3,3,0,0,0,0,0.0,true,1781033939447776150
1781033939580880749,true,false,3,3,0,0,0,0,0.0,true,1781033939572841415
1781033939678083669,true,false,3,3,0,0,0,0,0.0,true,1781033939668452153
1781033939777663791,true,false,3,3,0,0,0,0,0.0,true,1781033939753132833
1781033939877600355,true,false,3,3,0,0,0,0,0.0,true,1781033939872051666
1781033939977527540,true,false,3,3,0,0,0,0,0.0,true,1781033939957379264
1781033940077474003,true,false,3,3,0,0,0,0,0.0,true,1781033940050480383
1781033940178485638,true,false,3,3,0,0,0,0,0.0,true,1781033940175514129
1781033940277754728,true,false,3,3,0,0,0,0,0.0,true,1781033940268572248
1781033940377435320,true,false,3,3,0,0,0,0,0.0,true,1781033940369090272
1781033940479882268,true,false,3,3,0,0,0,0,0.0,true,1781033940478957195
1781033940580899250,true,false,3,3,0,0,0,0,0.0,true,1781033940559596547
1781033940677991660,true,false,3,3,0,0,0,0,0.0,true,1781033940669603516
1781033940777962293,true,false,3,3,0,0,0,0,0.0,true,1781033940752147840
1781033940880870448,true,false,3,3,0,0,0,0,0.0,true,1781033940875582436
1781033940980895003,true,false,3,3,0,0,0,0,0.0,true,1781033940966294164
1781033941078129427,true,false,3,3,0,0,0,0,0.0,true,1781033941069719279
1781033941178127885,true,false,3,3,0,0,0,0,0.0,true,1781033941170037205
1781033941277565262,true,false,3,3,0,0,0,0,0.0,true,1781033941253027635
1781033941378507398,true,false,3,3,0,0,0,0,0.0,true,1781033941350089307
1781033941478370142,true,false,3,3,0,0,0,0,0.0,true,1781033941470575430
1781033941580890123,true,false,3,3,0,0,0,0,0.0,true,1781033941551416679
1781033941678250396,true,false,3,3,0,0,0,0,0.0,true,1781033941672547594
1781033941780866556,true,false,3,3,0,0,0,0,0.0,true,1781033941772860492
1781033941877525241,true,false,3,3,0,0,0,0,0.0,true,1781033941873856187
1781033941977889440,true,false,3,3,0,0,0,0,0.0,true,1781033941961205898
1781033942077454272,true,false,3,3,0,0,0,0,0.0,true,1781033942072067970
1781033942180843393,true,false,3,3,0,0,0,0,0.0,true,1781033942166560847
1781033942277853960,true,false,3,3,0,0,0,0,0.0,true,1781033942274358469
1781033942377463853,true,false,3,3,0,0,0,0,0.0,true,1781033942372192953
1781033942478382776,true,false,3,3,0,0,0,0,0.0,true,1781033942466976698
1781033942577490395,true,false,3,3,0,0,0,0,0.0,true,1781033942557597320
1781033942677789295,true,false,3,3,0,0,0,0,0.0,true,1781033942670745989
1781033942778024852,true,false,3,3,0,0,0,0,0.0,true,1781033942772439338
1781033942878090028,true,false,3,3,0,0,0,0,0.0,true,1781033942861098302
1781033942978330357,true,false,3,3,0,0,0,0,0.0,true,1781033942975552422
1781033943077942566,true,false,3,3,0,0,0,0,0.0,true,1781033943076858821
1781033943178015534,true,false,3,3,0,0,0,0,0.0,true,1781033943156846907
1781033943277544728,true,false,3,3,0,0,0,0,0.0,true,1781033943275595338
1781033943377427494,true,false,3,3,0,0,0,0,0.0,true,1781033943360845685
1781033943477468934,true,false,3,3,0,0,0,0,0.0,true,1781033943456349725
1781033943580960878,true,false,3,3,0,0,0,0,0.0,true,1781033943568660541
1781033943684848682,true,false,3,3,0,0,0,0,0.0,true,1781033943669140059
1781033943785943267,true,false,3,3,0,0,0,0,0.0,true,1781033943776641079
1781033943885898760,true,false,3,3,0,0,0,0,0.0,true,1781033943862531656
1781033943985856188,true,false,3,3,0,0,0,0,0.0,true,1781033943964843585
1781033944088877324,true,false,3,3,0,0,0,0,0.0,true,1781033944075540039
1781033944186164686,true,false,3,3,0,0,0,0,0.0,true,1781033944181682326
1781033944288868469,true,false,3,3,0,0,0,0,0.0,true,1781033944273938807
1781033944388872114,true,false,3,3,0,0,0,0,0.0,true,1781033944378598978
1781033944486447343,true,false,3,3,0,0,0,0,0.0,true,1781033944481158429
1781033944585993265,true,false,3,3,0,0,0,0,0.0,true,1781033944575694142
1781033944686127284,true,false,3,3,0,0,0,0,0.0,true,1781033944685919563
1781033944788853113,true,false,3,3,0,0,0,0,0.0,true,1781033944765257723
1781033944886050036,true,false,3,3,0,0,0,0,0.0,true,1781033944874409060
1781033944985967620,true,false,3,3,0,0,0,0,0.0,true,1781033944967480118
1781033945088860176,true,false,3,3,0,0,0,0,0.0,true,1781033945081575101
1781033945188888783,true,false,3,3,0,0,0,0,0.0,true,1781033945177097494
1781033945286162274,true,false,3,3,0,0,0,0,0.0,true,1781033945274794026
1781033945386344371,true,false,3,3,0,0,0,0,0.0,true,1781033945360211207
1781033945486534961,true,false,3,3,0,0,0,0,0.0,true,1781033945475968014
1781033945586121937,true,false,3,3,0,0,0,0,0.0,true,1781033945571480622
1781033945686277766,true,false,3,3,0,0,0,0,0.0,true,1781033945676841837
1781033945788857227,true,false,3,3,0,0,0,0,0.0,true,1781033945768854246
1781033945886621326,true,false,3,3,0,0,0,0,0.0,true,1781033945882049724
1781033945985978440,true,false,3,3,0,0,0,0,0.0,true,1781033945978471700
1781033946086046652,true,false,3,3,0,0,0,0,0.0,true,1781033946076867091
1781033946186083876,true,false,3,3,0,0,0,0,0.0,true,1781033946165812205
1781033946288866519,true,false,3,3,0,0,0,0,0.0,true,1781033946263740454
1781033946387932692,true,false,3,3,0,0,0,0,0.0,true,1781033946374750540
1781033946486151644,true,false,3,3,0,0,0,0,0.0,true,1781033946456409126
1781033946587311918,true,false,3,3,0,0,0,0,0.0,true,1781033946558045639
1781033946685518038,true,false,3,3,0,0,0,0,0.0,true,1781033946681920133
1781033946788865623,true,false,3,3,0,0,0,0,0.0,true,1781033946779959663
1781033946888870834,true,false,3,3,0,0,0,0,0.0,true,1781033946873472051
1781033946985863701,true,false,3,3,0,0,0,0,0.0,true,1781033946982669291
1781033947088862656,true,false,3,3,0,0,0,0,0.0,true,1781033947071877983
1781033947188872704,true,false,3,3,0,0,0,0,0.0,true,1781033947178214360
1781033947286166509,true,false,3,3,0,0,0,0,0.0,true,1781033947263035929
1781033947386021218,true,false,3,3,0,0,0,0,0.0,true,1781033947361164080
1781033947492875317,true,false,3,3,0,0,0,0,0.0,true,1781033947481562217
1781033947601006480,true,false,3,3,0,0,0,0,0.0,true,1781033947581745660
1781033947701944331,true,false,3,3,0,0,0,0,0.0,true,1781033947699081339
1781033947802451325,true,false,3,3,0,0,0,0,0.0,true,1781033947790667433
1781033947902013423,true,false,3,3,0,0,0,0,0.0,true,1781033947896836398
1781033948001539629,true,false,3,3,0,0,0,0,0.0,true,1781033948000189547
1781033948101821816,true,false,3,3,0,0,0,0,0.0,true,1781033948098857400
1781033948202073988,true,false,3,3,0,0,0,0,0.0,true,1781033948189763842
1781033948303953441,true,false,3,3,0,0,0,0,0.0,true,1781033948299604105
1781033948404853239,true,false,3,3,0,0,0,0,0.0,true,1781033948396225407
1781033948501909391,true,false,3,3,0,0,0,0,0.0,true,1781033948491077451
1781033948601773008,true,false,3,3,0,0,0,0,0.0,true,1781033948591350085
1781033948704868971,true,false,3,3,0,0,0,0,0.0,true,1781033948688293256
1781033948804861237,true,false,3,3,0,0,0,0,0.0,true,1781033948795663533
1781033948902012377,true,false,3,3,0,0,0,0,0.0,true,1781033948896969889
1781033949001646618,true,false,3,3,0,0,0,0,0.0,true,1781033948985963070
1781033949101634308,true,false,3,3,0,0,0,0,0.0,true,1781033949074934548
1781033949202368296,true,false,3,3,0,0,0,0,0.0,true,1781033949194082319
1781033949302240425,true,false,3,3,0,0,0,0,0.0,true,1781033949299297440
1781033949402570359,true,false,3,3,0,0,0,0,0.0,true,1781033949400351578
1781033949504865157,true,false,3,3,0,0,0,0,0.0,true,1781033949496857288
1781033949601850499,true,false,3,3,0,0,0,0,0.0,true,1781033949580402372
1781033949701564937,true,false,3,3,0,0,0,0,0.0,true,1781033949688481264
1781033949802313715,true,false,3,3,0,0,0,0,0.0,true,1781033949792552092
1781033949902195723,true,false,3,3,0,0,0,0,0.0,true,1781033949882167192
1781033950004856037,true,false,3,3,0,0,0,0,0.0,true,1781033949988507287
1781033950102092824,true,false,3,3,0,0,0,0,0.0,true,1781033950094116351
1781033950204859109,true,false,3,3,0,0,0,0,0.0,true,1781033950193636208
1781033950302687777,true,false,3,3,0,0,0,0,0.0,true,1781033950289480093
1781033950401777157,true,false,3,3,0,0,0,0,0.0,true,1781033950399630290
1781033950502064360,true,false,3,3,0,0,0,0,0.0,true,1781033950489496180
1781033950603420711,true,false,3,3,0,0,0,0,0.0,true,1781033950593053374
1781033950702427181,true,false,3,3,0,0,0,0,0.0,true,1781033950697185302
1781033950801972259,true,false,3,3,0,0,0,0,0.0,true,1781033950777560043
1781033950901459408,true,false,3,3,0,0,0,0,0.0,true,1781033950900620301
1781033951002372355,true,false,3,3,0,0,0,0,0.0,true,1781033950995730779
