# https://github.com/mikedh/trimesh
mtllib material.mtl
usemtl Dirt_Road_Trails
v 77.50039789 40.55535596 -13.25856674
v 78.00314448 40.81684583 -13.25566762
v 77.66380427 41.50209561 -13.38841919
v 77.15843317 41.25790873 -13.39700985
v 81.07187006 39.90704010 -12.98100926
v 81.31421015 40.03939483 -13.00119666
v 80.94600031 40.64681669 -13.10915270
v 80.69764826 40.51839109 -13.08840072
v 78.16992304 41.74506131 -13.38246830
v 78.66688654 41.97920743 -13.38069832
v 78.33519099 42.65438594 -13.51047443
v 77.83322260 42.42935694 -13.51192398
v 78.51152155 41.06763929 -13.25508782
v 78.87257502 40.40757461 -13.14073835
v 79.35810969 40.65904660 -13.14000597
v 79.00270197 41.30937665 -13.25315000
v 79.85080073 40.90793271 -13.16316885
v 79.49728510 41.54745143 -13.27677064
v 79.16986201 42.21082726 -13.40380017
v 78.84056208 42.87636221 -13.53378990
v 80.34651301 41.15753597 -13.20322321
v 80.00039789 41.78739588 -13.31696233
v 79.67712519 42.44320335 -13.44232865
v 79.35434077 43.09992635 -13.57175380
v 77.32696650 42.19548548 -13.52390209
v 77.52626154 43.13454186 -13.65305264
v 77.00796625 42.90934502 -13.66577843
v 78.02133295 43.34627949 -13.65363251
v 78.53549311 43.56230961 -13.67604770
v 79.05278132 43.77877460 -13.71173805
v 78.37071345 40.14713759 -13.13996011
v 79.23989985 39.74555633 -13.02553439
v 79.72293207 40.00683257 -13.02487830
v 80.20582697 40.26192137 -13.04776652
v 78.75297663 44.45563920 -13.85837512
v 78.23040888 44.24782213 -13.82376815
v 77.44406245 48.07674808 -14.66782395
v 77.71763727 48.16303653 -14.67676561
v 77.47706721 48.91750828 -14.82447082
v 77.20724604 48.82980839 -14.81510191
v 77.95030329 46.58633828 -14.33486167
v 78.21685908 46.68135857 -14.34769433
v 77.96260187 47.41212484 -14.51044469
v 77.69455073 47.31956884 -14.50006870
v 78.47775385 45.15324812 -14.01132933
v 78.74180720 45.25428038 -14.02794617
v 78.47337458 45.95546367 -14.18547802
v 78.20543024 45.85695674 -14.17057017
v 79.31292841 43.88762317 -13.73105569
v 79.01538203 44.56022675 -13.87653309
v 80.25677607 41.90874139 -13.33911811
v 79.93275568 42.56003990 -13.46395037
v 77.41444514 46.39956308 -14.30341328
v 77.15829584 47.13922140 -14.46790314
v 77.67672846 45.66486385 -14.13880134
v 77.71412775 44.04139360 -13.80031536
v 77.21476862 43.83919653 -13.79703469
v 80.59774897 41.28303188 -13.22478390
v 79.61274836 43.21237600 -13.59242948
v 77.43702814 44.75335342 -13.95641289
v 77.95169184 44.95325118 -13.97844661
v 77.15692255 45.47177532 -14.12096378
v 77.89721796 39.89889998 -13.15527989
v 77.63505671 39.77019209 -13.16857028
v 77.25480768 40.43146222 -13.26604353
v 76.92550776 44.54744464 -13.95882374
v 80.58470270 39.64077424 -12.94237397
v 96.50705073 14.52540234 -8.26974720
v 97.04103205 14.67026928 -8.25337454
v 96.84939692 15.33517863 -8.36654908
v 96.31780360 15.17774607 -8.37997679
v 95.39215205 12.27672990 -7.99148755
v 95.92600367 12.38277849 -7.97178847
v 95.77227137 12.99889785 -8.07296960
v 95.24017451 12.88194686 -8.09157005
v 94.86306116 17.56830902 -8.78589149
v 95.38474390 17.76546783 -8.80942057
v 95.12057612 18.40215604 -8.91890249
v 94.59763453 18.19918363 -8.89186388
v 96.46400568 12.48952898 -7.96492203
v 96.31014368 13.11628372 -8.06674404
v 96.27437708 10.54426993 -7.68449569
v 96.82028315 10.61224783 -7.66726853
v 96.72202418 11.23623311 -7.76646602
v 96.17787287 11.15602528 -7.77903925
v 97.26616785 11.31943929 -7.75128354
v 97.80806086 11.40429342 -7.73340025
v 97.68042872 12.04873310 -7.83464242
v 97.13879511 11.95232044 -7.85283088
v 96.59275934 11.85813556 -7.86477850
v 96.05288050 11.76626239 -7.87367436
v 95.63322565 11.07488667 -7.79750237
v 95.51613734 11.67181811 -7.89166445
v 95.08694575 10.98923908 -7.81996329
v 94.97538111 11.57491717 -7.91821473
v 94.81198237 10.94771992 -7.83058340
v 94.70129511 11.52642473 -7.93110840
v 95.72760126 10.47649038 -7.70294356
v 95.17654536 10.40958059 -7.72268842
v 94.89945338 10.37601125 -7.73265240
v 97.53021357 9.42574732 -7.45518643
v 98.07598994 9.46982997 -7.43368680
v 98.00721857 10.11480370 -7.53123634
v 97.46219752 10.05601922 -7.55153052
v 96.98317835 9.38279383 -7.47639614
v 96.91616175 9.99835625 -7.57126013
v 97.36581538 10.68059958 -7.64941576
v 96.41292689 16.64901374 -8.59924583
v 96.67722437 16.74037574 -8.59112817
v 96.42923853 17.39631196 -8.70778172
v 96.16206476 17.29980107 -8.71379367
v 95.91446039 17.96266478 -8.82915022
v 96.18076441 18.06483001 -8.82580856
v 95.90592310 18.71854703 -8.93994441
v 95.63485834 18.60916440 -8.93995965
v 94.54505274 19.68543542 -9.14300853
v 95.07100794 19.91591943 -9.16960464
v 94.77132532 20.57076560 -9.28525111
v 94.25904963 20.33075248 -9.25409262
v 95.36014674 19.26946559 -9.05432438
v 94.83908961 19.04993739 -9.03535767
v 97.11319086 15.41481425 -8.35763797
v 96.89771387 16.07076669 -8.47207899
v 96.63229487 15.98555398 -8.48082226
v 94.33622858 18.83706966 -9.00101010
v 95.63034174 19.38455500 -9.05641486
v 95.33379481 20.03647912 -9.17044389
v 95.03247950 20.69746695 -9.28342008
v 97.90921137 10.75109519 -7.63052539
v 94.85415003 12.16339524 -8.02484325
v 94.58157465 12.10726578 -8.04004099
v 94.70794794 21.33688649 -9.39621315
v 94.44239924 21.20521077 -9.39702184
v 96.43438837 9.34023706 -7.49672084
v 96.36875269 9.94216576 -7.59024205
v 95.88383601 9.29964105 -7.51796107
v 95.81920740 9.88670005 -7.61017002
v 95.33002589 9.26018182 -7.53918603
v 95.26715205 9.83089866 -7.63006748
v 95.05217860 9.24088708 -7.54950097
v 94.99018976 9.80409659 -7.63954318
v 97.63048670 8.18642850 -7.26886115
v 98.17927668 8.20161863 -7.24511848
v 98.14250300 8.83843655 -7.33867022
v 97.59472010 8.80740780 -7.36126848
v 97.08144495 8.17139859 -7.29156623
v 97.04642603 8.77677577 -7.38299699
v 96.53202174 8.15684933 -7.31237921
v 96.49763605 8.74715846 -7.40376420
v 95.98084376 8.14413113 -7.33622870
v 95.94696162 8.71880763 -7.42604203
v 95.42891810 8.13216060 -7.36320624
v 95.39277766 8.69298975 -7.44957107
v 95.15069697 8.12749904 -7.37750372
v 95.11480067 8.68085901 -7.46174759
v 97.66738245 6.96467255 -7.08853258
v 98.21830103 6.94923066 -7.06143297
v 98.21479151 7.57653472 -7.15300107
v 97.66423914 7.57557342 -7.17799496
v 97.11595270 6.98029755 -7.11341967
v 97.11319086 7.57467314 -7.20156979
v 98.41545985 8.85381741 -7.32725665
v 98.34831354 9.49182551 -7.42274625
v 98.48937342 7.57739685 -7.13986325
v 98.45298121 8.20914122 -7.23266731
v 98.22043726 6.33348513 -6.97348121
v 98.49589655 6.31803561 -6.95956519
v 98.49314234 6.94166230 -7.04834093
v 95.78067896 15.02196909 -8.38220455
v 96.10094569 15.81989693 -8.48861948
v 95.55842707 15.65701699 -8.47918952
v 96.69127772 13.88554793 -8.16266091
v 97.22701380 14.02094679 -8.14520488
v 98.27854273 10.14448205 -7.52089089
v 96.15227625 13.75169783 -8.17184668
v 95.96729395 14.38197735 -8.27644578
v 98.18040583 10.78678550 -7.62075977
v 95.61703608 13.62180738 -8.17509678
v 95.43745539 14.24102429 -8.27949752
v 95.08757136 13.49078016 -8.19229341
v 94.91413996 14.09832409 -8.29966961
v 94.55773279 13.35910443 -8.22529815
v 94.38166163 13.95412090 -8.33261331
v 95.62996027 17.11330815 -8.70195282
v 95.10614130 16.93102666 -8.67886624
v 94.59713862 16.75010320 -8.67564661
v 94.35994837 17.37671203 -8.77862827
v 95.88383601 16.47225592 -8.59958150
v 95.34584162 16.29745887 -8.57818865
v 95.04641077 15.49711251 -8.47719059
v 94.83356592 16.12611030 -8.57654067
v 94.53087733 15.33200478 -8.50631959
v 94.32217524 15.95093939 -8.60592907
v 97.00802729 12.59872087 -7.95440875
v 97.54765436 12.70917162 -7.93698323
v 97.38953516 13.35836441 -8.03987335
v 96.85141108 13.23638565 -8.05702421
v 96.56402705 6.99552581 -7.13391223
v 96.56402705 7.57401701 -7.22274899
v 96.01749537 7.01105926 -7.15863147
v 96.01347468 7.57429167 -7.24714780
v 95.46643946 7.02903411 -7.19094959
v 95.46104548 7.57563443 -7.27586484
v 95.18809626 7.03868529 -7.21006885
v 95.18282435 7.57767148 -7.29271054
v 97.30632899 14.74329785 -8.24524162
v 94.70732233 12.76287490 -8.12550558
v 94.73480341 14.71919657 -8.40704581
v 95.25410578 14.87360026 -8.37977838
v 94.43524287 12.70322829 -8.14377034
v 95.18909571 6.50219391 -7.12683207
v 95.46756861 6.48620270 -7.10542399
v 96.01812098 6.45449494 -7.06869608
v 96.56490443 6.42424440 -7.04499917
v 97.11406824 6.39394044 -7.02761941
v 97.67076990 6.36390352 -7.00413612
v 94.20094416 14.55308938 -8.44159168
v 98.07862971 11.44714010 -7.72419921
v 97.94999811 12.09714924 -7.82518198
v 97.81633875 12.76454577 -7.92804159
v 97.65746424 13.41923172 -8.03123688
v 97.49382136 14.08835249 -8.13717876
v 86.59518549 31.44569850 -11.36566670
v 87.04432795 31.77115321 -11.40907801
v 86.59291193 32.32442925 -11.52589939
v 86.14389155 31.99844049 -11.48108427
v 86.13586542 32.88787528 -11.64470441
v 85.68634150 32.56307670 -11.59967567
v 87.28064081 31.94103693 -11.42424527
v 86.82821772 32.49294731 -11.54460669
v 86.37342951 33.05633230 -11.66690598
v 85.91247675 33.61718434 -11.77860040
v 85.68232844 33.45284718 -11.75638358
v 87.06202814 30.00538139 -11.10413082
v 87.51054499 30.33548240 -11.13400758
v 87.06088373 30.88685300 -11.24933360
v 86.61186335 30.55897787 -11.21660345
v 88.41824457 30.10720330 -11.05290708
v 88.64439509 30.27649193 -11.07301819
v 88.19021723 30.83347014 -11.18172190
v 87.96194575 30.66925315 -11.16545600
v 89.29571650 28.97716030 -10.84067240
v 89.52574274 29.14277157 -10.86693280
v 89.07371638 29.70963556 -10.96799186
v 88.84530756 29.54132350 -10.94290638
v 87.51643488 31.21571805 -11.28615311
v 86.16385004 30.22796133 -11.19127380
v 86.15255854 31.12035061 -11.33095290
v 85.70704768 30.79014279 -11.30547067
v 88.84581110 27.77385986 -10.65617819
v 89.28392145 28.08876311 -10.69148708
v 88.85270808 28.65499387 -10.79875646
v 88.41084406 28.33193479 -10.76749114
v 88.38876459 27.44732178 -10.63438858
v 87.95617792 28.00232969 -10.74440454
v 89.72816584 28.40982328 -10.73926240
v 87.93145869 27.11982239 -10.61282786
v 87.50087092 27.67222868 -10.72154682
v 88.31634638 25.68966954 -10.37764391
v 88.77842829 26.01017277 -10.39706840
v 88.36340449 26.56479921 -10.50403260
v 87.90359614 26.24071780 -10.48349422
v 89.24325678 26.33119480 -10.41389890
v 88.82498286 26.88979616 -10.52373175
v 88.88371393 24.42779060 -10.16275418
v 89.11775324 24.58414741 -10.17242828
v 88.72671625 25.13604254 -10.27167153
v 88.49417231 24.97889227 -10.26326391
v 89.59175226 24.89940925 -10.18863316
v 89.19694636 25.45392126 -10.28970747
v 89.69955561 26.64414493 -10.43706179
v 89.27664301 27.21032228 -10.54669628
v 86.61174128 27.89957700 -10.81100914
v 87.05799982 28.22763333 -10.83231046
v 86.62115595 28.78269465 -10.94356238
v 86.16887018 28.44798549 -10.92093355
v 90.13903925 26.95225802 -10.47711616
v 89.72314570 27.52331818 -10.58412614
v 90.61880610 27.27143373 -10.52876722
v 90.17103693 27.83760345 -10.63615867
v 90.42253229 28.00916565 -10.65346216
v 89.97728083 28.58075987 -10.76166233
v 86.16586420 29.33744317 -11.05820176
v 86.61488459 29.67357140 -11.07910635
v 85.71708796 29.89314536 -11.17294794
v 89.66705439 25.77160924 -10.30235706
v 90.76300165 23.19843579 -9.87085334
v 91.24403498 23.49522687 -9.85957715
v 90.85649226 24.07329845 -9.96957785
v 90.38350031 23.77138805 -9.97784807
v 90.26240656 22.89042188 -9.86302554
v 89.88542292 23.45664500 -9.96850964
v 92.53575251 23.44626142 -9.80893322
v 93.02743647 23.72981549 -9.85365678
v 92.65535090 24.34612560 -9.95938503
v 92.16955683 24.05439282 -9.91658407
v 92.04469416 23.16942885 -9.75583259
v 91.68238947 23.76316358 -9.86455156
v 91.60444758 22.90787795 -9.75340640
v 91.29359553 24.34793376 -9.97308742
v 90.13075373 26.08218663 -10.31979791
v 90.56747553 26.37514775 -10.36215635
v 86.39538691 27.73978696 -10.80817098
v 85.94184992 28.28645595 -10.91272429
v 85.69676325 31.67298578 -11.44591271
v 92.90860102 22.84006027 -9.70489870
v 93.40731928 23.11040786 -9.74296942
v 90.00488398 24.34115121 -10.08478175
v 90.47587702 24.64505288 -10.07986847
v 90.06663630 25.20901008 -10.19264627
v 91.04875300 26.69507877 -10.41417362
v 91.77989313 24.63932322 -10.02370087
v 90.91761896 24.92892740 -10.08737584
v 90.53610346 25.51470466 -10.20340377
v 92.26292536 24.93655679 -10.06697484
v 91.38295100 25.22439095 -10.13731791
v 90.97509882 25.79951758 -10.24765431
v 91.29258845 26.85947696 -10.42699103
v 90.86215327 27.43847932 -10.54262222
v 89.27412531 23.87366769 -10.06270221
v 89.50830195 24.02518747 -10.07327657
v 89.65362665 23.31173992 -9.95959848
v 88.08531306 25.52956669 -10.36845809
v 91.87590143 25.53230568 -10.18196517
v 91.46351740 26.11486333 -10.29814569
v 93.29173395 23.88236524 -9.86130145
v 92.91638300 24.50219249 -9.96966947
v 92.51252863 25.09157846 -10.07967018
v 92.11998102 25.69034095 -10.19441637
v 91.70823786 26.27613347 -10.31036801
v 93.67135737 23.25816634 -9.74856942
v 87.51078913 28.55944332 -10.85587009
v 87.06703303 29.11437494 -10.96675580
v 87.96383784 28.89103206 -10.87961282
v 87.51895258 29.44640619 -10.99155138
v 88.41461298 29.22041591 -10.90646834
v 87.96884272 29.77590448 -11.01965813
v 87.74458430 31.38473202 -11.30196125
v 87.25352595 26.63167847 -10.58456850
v 87.47578547 26.79304017 -10.59123662
v 87.05247614 27.34620177 -10.69990981
v 86.83638117 27.18425261 -10.69644603
v 85.71872065 29.00442010 -11.03639689
v 87.68008539 26.08050051 -10.47520867
v 82.08148310 34.47990096 -12.09117684
v 82.54971430 34.80541671 -12.10156813
v 82.11686823 35.40582715 -12.21431542
v 81.65316889 35.08509503 -12.21149249
v 81.62443659 34.15990127 -12.07947329
v 81.17289851 34.75844251 -12.20462598
v 81.38449213 33.99886001 -12.06819702
v 80.93495295 34.60180341 -12.18961131
v 84.31994746 34.26369921 -11.92798405
v 84.79130671 34.58642259 -11.97546946
v 84.34089777 35.16028274 -12.08180805
v 83.87594721 34.84431137 -12.03015700
v 83.88762018 33.95809618 -11.89771057
v 83.44122431 34.54143967 -12.00221811
v 83.44085810 33.63631121 -11.88010187
v 82.99232600 34.22199692 -11.99048405
v 82.98718378 33.31058184 -11.87190785
v 82.52824518 33.89677110 -11.98308348
v 82.52913019 32.98569171 -11.86476668
v 82.07220576 33.57694688 -11.97266168
v 82.29245112 32.81514423 -11.84787517
v 81.83514521 33.40963426 -11.95834890
v 79.62428400 39.10511445 -12.91678489
v 80.10179255 39.37512635 -12.91963833
v 85.02058527 34.74589982 -11.99748792
v 84.57357905 35.31857741 -12.10547446
v 83.90643427 35.72769605 -12.18758207
v 84.13998530 35.88502942 -12.21188935
v 83.71342585 36.47227916 -12.32416361
v 83.48063776 36.31713542 -12.30155006
v 83.05571101 36.88825662 -12.41303087
v 83.29351923 37.04087503 -12.43437794
v 82.88101313 37.63541083 -12.55054320
v 82.64019892 37.48497444 -12.52860103
v 82.23584101 38.07265905 -12.64195867
v 82.47767756 38.21914342 -12.66422127
v 82.07847712 38.82549716 -12.77864703
v 81.83790705 38.68276645 -12.75723892
v 81.44873164 39.28240633 -12.87035242
v 81.69282648 39.41999482 -12.89026517
v 85.23355219 34.02512042 -11.86743714
v 85.46095393 34.18735949 -11.88976077
v 84.34781000 31.58619378 -11.52017722
v 84.80536005 31.92033074 -11.53891507
v 84.34127924 32.48302908 -11.65399695
v 83.89363215 32.15288230 -11.63513703
v 84.78640864 32.80728598 -11.67749554
v 84.33236811 33.38206165 -11.78932729
v 83.88572809 33.05933827 -11.76672897
v 83.89502070 31.25140832 -11.49992875
v 83.43783686 31.81795951 -11.61522426
v 83.66824457 31.08480523 -11.48709608
v 83.20980952 31.65340873 -11.60251366
v 84.58386347 29.95260885 -11.25667293
v 84.80987665 30.11965444 -11.26839170
v 84.35357783 30.68154407 -11.38451118
v 84.12744257 30.51462817 -11.37161748
v 85.26078913 30.45502736 -11.28958622
v 84.80624506 31.01732325 -11.40572095
v 85.25877497 31.35021662 -11.42001849
v 85.23217890 33.12833089 -11.71338426
v 84.77461359 33.70018451 -11.82292720
v 83.44813654 35.41733992 -12.13516808
v 80.71647761 35.35577067 -12.32719993
v 80.48066828 35.20150432 -12.30786702
v 81.21406672 35.68246898 -12.33492093
v 81.68316767 35.99525126 -12.32990084
v 82.57280085 35.71477948 -12.22490507
v 82.13795588 36.29416331 -12.33630958
v 78.79426691 37.74406100 -12.81539002
v 79.03608820 37.89045382 -12.81596987
v 78.63700983 38.55105256 -12.92162184
v 78.41301081 38.41164063 -12.92926647
v 83.02571223 36.01601086 -12.25208102
v 82.59600947 36.59103068 -12.36546917
v 81.76248286 37.78414587 -12.60112611
v 81.36038325 38.39978459 -12.71768810
v 81.29576227 37.49705176 -12.57254635
v 80.89354059 38.11903813 -12.69150397
v 80.83982966 37.21035437 -12.57098990
v 80.41829035 37.83375218 -12.69167177
v 80.35403559 36.90965705 -12.57578112
v 79.94844172 37.54395726 -12.69762265
v 83.01027033 35.12048781 -12.10983844
v 85.26780817 29.55847434 -11.15109730
v 83.44323847 32.73240346 -11.75266032
v 82.99032709 32.39973134 -11.73840855
v 82.75639460 32.23306722 -11.72441622
v 79.86160395 36.60125403 -12.57037945
v 79.44369623 37.23934605 -12.69086296
v 79.52000544 38.17395449 -12.81947944
v 79.12506220 38.82790850 -12.92191180
v 78.02647517 39.08742234 -13.05823386
v 78.27256892 39.21806809 -13.03645959
v 80.01168940 38.45840121 -12.80750134
v 80.49171564 38.73701907 -12.81120927
v 80.96595881 39.00886965 -12.83295309
v 80.04582331 35.82353646 -12.43123443
v 80.28326533 35.97594888 -12.44736299
v 79.61889765 36.44961982 -12.55734842
v 80.78073237 36.29652077 -12.45613685
v 81.26023981 36.60651833 -12.45041486
v 85.23996088 32.23930809 -11.56342074
v 79.21028254 37.09285405 -12.68182973
v 81.71540949 36.89983041 -12.45619798
v 82.17710993 37.19198281 -12.48485404
v 78.74168513 39.47383592 -13.02330656
v 85.49345515 28.83736688 -11.02617348
v 85.04292414 29.39206199 -11.14040086
v 93.54799769 19.24055017 -9.10411381
v 94.04583094 19.46334375 -9.11239937
v 93.75180170 20.09493553 -9.22600115
v 93.25898096 19.86272728 -9.21467910
v 93.06559107 19.01936640 -9.11818238
v 92.77330897 19.62697899 -9.22865611
v 93.85696528 17.18381900 -8.80173005
v 94.09816859 17.99815672 -8.88496688
v 93.59819147 17.79662626 -8.90201091
v 92.55243799 18.78782190 -9.14931027
v 92.25991175 19.38464653 -9.24563910
v 93.61952326 21.59876545 -9.48105206
v 94.11511347 21.85192401 -9.51314133
v 93.76159785 22.47645860 -9.62598018
v 93.27316401 22.21779924 -9.59315848
v 92.29943964 18.67365563 -9.15906062
v 92.01719782 19.26713096 -9.25755620
v 93.10939143 21.34051808 -9.44760475
v 92.76603815 21.95279223 -9.55342455
v 92.64819453 21.09795674 -9.43556553
v 92.31375239 21.70322710 -9.54681746
v 94.02688715 22.61919694 -9.62973387
v 93.83462641 18.62308803 -8.99385370
v 92.41427729 22.56874375 -9.65668088
v 91.96914789 22.31485276 -9.65202691
v 91.82644770 21.43015581 -9.55643045
v 91.48936579 22.03680710 -9.66899463
v 91.31028864 21.15258318 -9.56854588
v 90.97735712 21.74555496 -9.67479293
v 91.06343958 21.01928240 -9.56270174
v 90.73364374 21.60354142 -9.66769757
v 90.02960322 22.75187970 -9.85654053
v 91.12179682 22.62065413 -9.77061827
v 90.61692927 22.32276442 -9.76927544
v 90.38011286 22.18277266 -9.76303458
v 94.37989924 21.98928363 -9.51385852
v 92.14558527 20.83314808 -9.44946624
v 91.65627405 20.56936939 -9.45473048
v 91.40014002 20.44456013 -9.45622582
v 93.93966791 20.96170339 -9.36839632
v 93.43592951 20.71525106 -9.33752774
v 93.30829737 16.28245182 -8.75166582
v 93.57447169 16.37546940 -8.73559833
v 93.32962916 16.98241824 -8.83337675
v 93.07952235 16.88250369 -8.84605678
v 94.00579951 15.16708778 -8.53894286
v 93.80400202 15.77169439 -8.63464608
v 93.07425043 17.57766263 -8.93605323
v 92.82639429 17.47303311 -8.95117468
v 93.73548243 15.08108161 -8.55894711
v 93.53657648 15.67922613 -8.65420783
v 94.11234400 13.88036754 -8.34775002
v 93.93552515 14.47289681 -8.45830004
v 94.08900568 16.56522008 -8.70363119
v 94.28352473 13.29226331 -8.24162505
v 93.34745142 18.41102901 -9.00577078
v 92.83216975 18.18773952 -9.04584032
v 92.57314417 18.07420649 -9.05910019
v 92.95841334 20.47991476 -9.32474084
v 92.46722529 20.23011312 -9.34170857
v 91.95972559 19.98025045 -9.34898698
v 91.70246241 19.85679159 -9.36014113
v 97.26466486 2.88181742 -6.50709576
v 97.81195185 2.74546489 -6.48463480
v 97.91699335 3.32087381 -6.56216480
v 97.37020991 3.43896157 -6.58648733
v 95.41210291 5.42699863 -6.92991722
v 95.95612452 5.36555912 -6.89148032
v 95.98724482 5.90664339 -6.98011872
v 95.44247553 5.95312166 -7.01785371
v 95.13413355 5.45736361 -6.95810021
v 95.16387293 5.97835206 -7.04287813
v 97.12285731 2.32803020 -6.42739902
v 97.66549799 2.17139874 -6.40625031
v 95.07351801 4.95391514 -6.87612991
v 95.34483454 4.91545537 -6.84777908
v 96.58197138 2.48524150 -6.44220007
v 96.71938441 3.01903208 -6.52121016
v 96.04033015 2.64260539 -6.45309487
v 96.17473719 3.15635355 -6.53181505
v 95.50647089 2.79641398 -6.48466533
v 95.63536188 3.29004343 -6.56053211
v 95.88935969 4.83554509 -6.80592421
v 94.97538111 2.94573648 -6.53694196
v 95.09936640 3.41988808 -6.60961965
v 96.43425867 4.75454382 -6.77908398
v 96.50002405 5.30215122 -6.86671530
v 96.98832056 4.66921667 -6.77104259
v 97.05295679 5.23684361 -6.85687337
v 94.70958063 3.01854379 -6.56735274
v 94.83093378 3.48291451 -6.64076285
v 97.54175684 4.58544592 -6.75267099
v 97.60814783 5.17158177 -6.83903583
v 97.47323725 4.01124244 -6.66899170
v 98.02266047 3.91344887 -6.64032042
v 98.09079859 4.50419287 -6.72200081
v 95.66786310 -0.02432570 -6.07537837
v 96.17436335 -0.27178510 -6.04754630
v 96.39360163 0.22243943 -6.12004089
v 95.88019678 0.45327439 -6.14875796
v 96.92181513 4.11106544 -6.68547121
v 96.37050745 4.21270423 -6.69470279
v 95.82661555 4.31016974 -6.72091741
v 95.28334162 4.40573553 -6.76620551
v 95.01214716 4.45234350 -6.79483100
v 98.15831873 5.10924962 -6.80683978
v 96.26948664 1.45081770 -6.29182453
v 96.79970667 1.25634444 -6.27326981
v 96.98079798 1.78970014 -6.35044886
v 96.44455073 1.96404706 -6.36674527
v 96.53402827 5.85825778 -6.95681854
v 97.08382532 5.81081820 -6.94361968
v 97.64002344 5.76241733 -6.92363066
v 98.18931696 5.71448948 -6.89007657
v 97.51966975 1.61561262 -6.33114646
v 97.78710291 1.53035414 -6.30906698
v 97.93418238 2.09509716 -6.38420135
v 95.73801539 1.64853346 -6.29791282
v 95.90755579 2.13859234 -6.37388641
v 95.21733210 1.83573591 -6.33880641
v 95.37746546 2.30880413 -6.41024813
v 96.13834498 -1.51552134 -5.86570711
v 96.38180659 -1.65690928 -5.84176604
v 96.65525934 -1.16420299 -5.91690040
v 96.40740320 -1.03145153 -5.94053629
v 94.69364283 2.01942120 -6.39387541
v 94.85063288 2.47481975 -6.46504247
v 94.43085596 2.11173687 -6.42413360
v 94.58533594 2.55780467 -6.49549903
v 96.91240046 -0.01208815 -6.10104365
v 97.14569208 0.52264084 -6.18109135
v 96.61798975 0.73651565 -6.19766243
v 96.09517023 0.94818557 -6.22001659
v 96.68474695 -0.52334150 -6.02188097
v 96.93812678 -0.64570172 -5.99751267
v 97.16903803 -0.12588820 -6.07623285
v 97.40672419 0.41930832 -6.15676882
v 97.59597132 0.96651137 -6.23289501
v 97.33193323 1.06153548 -6.25714124
v 95.15998194 -0.94433910 -5.92745952
v 95.65017054 -1.23076183 -5.90406775
v 95.90793726 -0.76077588 -5.97581465
v 95.41159937 -0.49122937 -6.00296008
v 95.36215327 0.68809952 -6.16453559
v 95.56910059 1.16274703 -6.23161330
v 98.18906519 3.26264627 -6.54048205
v 98.29623530 3.86471993 -6.62088071
v 98.36500666 4.46366553 -6.70382759
v 94.85339472 0.91298355 -6.20494090
v 95.05419276 1.36785567 -6.27130145
v 94.34137842 1.13872969 -6.25523391
v 94.53614161 1.57010328 -6.32182333
v 98.08277247 2.67937144 -6.46173135
v 98.43315241 5.07793859 -6.78946001
v 98.46465418 5.69039585 -6.87391751
v 96.82166407 3.55878121 -6.60073906
v 94.91237757 -0.22241529 -6.02586357
v 95.15722010 0.22751298 -6.09545898
v 95.34270594 -1.69145517 -5.83294646
v 95.81669733 -1.99508218 -5.79370080
v 94.38993952 -1.07930308 -5.87963845
v 94.86594507 -1.38466196 -5.85118076
v 94.67130396 -0.65733654 -5.95263657
v 94.41906092 0.04160753 -6.06333920
v 94.65612147 0.46991410 -6.13267520
v 94.92279932 3.96688514 -6.71768249
v 95.19261286 3.91062599 -6.68753111
v 95.04151270 -2.13458566 -5.75913962
v 95.50471613 -2.45410469 -5.72061113
v 96.05388758 -2.14641885 -5.76893576
v 95.73098872 3.79730660 -6.63983212
v 96.27275202 3.68029458 -6.61183222
v 94.18726466 -0.37659772 -5.98931874
v 94.15162775 0.71255173 -6.18466194
v 94.57517359 -1.80942086 -5.77911343
v 95.14065668 -2.90440680 -5.64590402
v 95.36466334 -3.07311560 -5.62123053
v 95.73663447 -2.61349800 -5.69580031
v 94.37852595 -3.75763249 -5.49600154
v 94.58684656 -3.94205784 -5.46667412
v 95.00424311 -3.51211858 -5.54511962
v 94.78688166 -3.33603216 -5.57121218
v 94.69050715 -2.56427314 -5.68347122
v 94.24286005 -2.22313240 -5.70617635
v 94.35066340 -2.98047186 -5.60855050
v 78.59396479 -7.90606200 -3.27863941
v 78.56723902 -8.46053587 -3.24714518
v 79.25470087 -8.48872649 -3.32514811
v 79.27678797 -7.93742645 -3.36656055
v 80.64242670 -6.87819188 -3.66706732
v 80.64594385 -7.42503635 -3.58132809
v 81.32323572 -7.42660802 -3.65714901
v 81.30278132 -6.89319891 -3.74642828
v 79.98935053 -5.49701209 -3.76156522
v 79.98922083 -5.77282995 -3.72921654
v 80.62121699 -5.77931496 -3.82690331
v 80.61594507 -5.50728127 -3.86001493
v 80.63226435 -6.32901282 -3.75135696
v 81.28546259 -6.34489723 -3.84559524
v 79.98470423 -6.32544225 -3.66058242
v 79.98394892 -6.87687961 -3.58361700
v 81.26124689 -5.78946207 -3.92587182
v 81.24907038 -5.51565836 -3.96020414
v 79.96537897 -8.51372040 -3.40724039
v 79.97830317 -7.96206941 -3.44312915
v 79.29548762 -7.39029969 -3.42027158
v 79.98370478 -7.42348757 -3.49867123
v 78.61429713 -7.36667144 -3.32960386
v 80.64318201 -7.96654025 -3.52223071
v 81.33202479 -7.96991245 -3.60899219
v 78.63525507 -6.81655396 -3.39596442
v 79.30740473 -6.84150972 -3.49030951
v 80.63853571 -8.51563540 -3.48670816
v 81.33867762 -8.51941196 -3.58170938
v 81.85195277 -5.50289440 -4.05476285
v 81.87090418 -5.77177714 -4.01801965
v 82.48570368 -5.76484967 -4.11321923
v 82.46148035 -5.49036695 -4.15165617
v 81.90641901 -6.32489297 -3.92948806
v 82.53376887 -6.31629466 -4.01696670
v 81.93377039 -6.87260719 -3.83589056
v 82.58258173 -6.84834573 -3.92709235
v 81.95912287 -7.40853400 -3.74803036
v 82.62085841 -7.38896462 -3.85127133
v 78.65596125 -6.26579561 -3.46084488
v 79.31820032 -6.29222385 -3.55944717
v 85.22940943 -7.65744306 -4.17019524
v 85.33369562 -8.18358135 -4.08325058
v 85.94724390 -8.06285383 -4.18023546
v 85.82801935 -7.54329208 -4.26754633
v 85.12436793 -7.12704757 -4.24746584
v 85.70779536 -7.01201157 -4.34214664
v 90.86892054 -5.75055233 -5.03341577
v 91.15906641 -6.21318355 -4.97852983
v 91.65426752 -5.91328733 -5.06848044
v 91.34617731 -5.45756834 -5.11260893
v 93.79358790 -1.88308266 -5.73316920
v 94.11272547 -1.48932199 -5.80596895
v 86.31569788 -4.93774712 -4.77429114
v 86.40040705 -5.20187675 -4.73738009
v 86.92372248 -5.06837762 -4.81414708
v 86.82846949 -4.80959619 -4.85163797
v 93.96049616 -3.38397527 -5.53242433
v 92.38314936 -2.61430669 -5.56886244
v 92.78196833 -2.99417424 -5.51959175
v 93.12833521 -2.63711096 -5.58816481
v 92.71106837 -2.26849677 -5.63822896
v 86.56241724 -5.71451101 -4.65803430
v 87.10556147 -5.56997978 -4.73651028
v 90.57864497 -5.28227536 -5.07736116
v 91.03795740 -4.99853819 -5.14736853
v 93.18155024 -3.37985539 -5.49087465
v 93.54284785 -3.00928045 -5.56071419
v 93.58451197 -3.76913761 -5.46084529
v 90.29214594 -4.81872862 -5.11917031
v 90.73363612 -4.54945678 -5.18406599
v 86.71878931 -6.22514638 -4.58779801
v 87.28125880 -6.07614432 -4.66807453
v 86.87226984 -6.74603565 -4.52569466
v 87.45481989 -6.59205922 -4.61367686
v 87.02600214 -7.26890856 -4.46429321
v 87.62762568 -7.11032399 -4.55818056
v 90.07089350 -5.54158321 -5.00349332
v 90.33819697 -6.02011409 -4.94888203
v 90.00299952 -4.36215514 -5.18295213
v 90.42679713 -4.10621948 -5.24851918
v 89.70607874 -3.90310211 -5.25945977
v 90.11268732 -3.66552278 -5.32693417
v 85.81195948 -5.06837760 -4.68987950
v 85.88826105 -5.33511648 -4.65432648
v 86.03395960 -5.85270985 -4.57697959
v 86.17376063 -6.37122638 -4.50689589
v 89.55711481 -3.67912599 -5.29975827
v 89.95405695 -3.43825075 -5.37017762
v 93.91532252 -2.62321784 -5.63372756
v 91.78264735 -2.04815223 -5.67797814
v 91.98130915 -2.23445441 -5.63793904
v 92.29805872 -1.90571907 -5.70378077
v 92.09224818 -1.72650460 -5.74253813
v 91.44293330 -2.34997870 -5.61675983
v 91.63431666 -2.54468084 -5.57521011
v 92.01493952 -2.93937993 -5.50289865
v 92.39280817 -3.33435367 -5.45158327
v 86.59002802 -7.93724350 -4.27889881
v 86.44985316 -7.42305284 -4.37025326
v 93.48047755 -2.26776435 -5.66018635
v 87.17935297 -7.78419023 -4.38372671
v 87.79967615 -7.62205798 -4.49101129
v 87.30585596 -4.65066828 -4.93276897
v 87.40963862 -4.90640558 -4.89349281
v 87.90572474 -4.73727718 -4.96824564
v 87.79290125 -4.48445431 -5.00735396
v 87.60804865 -5.40555108 -4.81320098
v 88.12169764 -5.23169245 -4.89100557
v 87.80068323 -5.90368949 -4.74473471
v 88.33466456 -5.72319329 -4.82411096
v 93.98735163 -4.15713046 -5.42552113
v 87.99105952 -6.41030417 -4.69213758
v 88.54876063 -6.22082817 -4.77004899
v 86.31218073 -6.89380175 -4.43890264
v 85.58794520 -6.48625475 -4.41702160
v 85.46659205 -5.96015460 -4.49459737
v 88.17968104 -6.92164907 -4.64324834
v 88.75859186 -6.72470390 -4.72631722
v 88.36854670 -7.43116292 -4.58053463
v 88.96666071 -7.22871695 -4.67477295
v 93.04852412 -1.91810158 -5.70732081
v 88.24292872 -4.30797117 -5.08361742
v 88.36478541 -4.54831997 -5.04293745
v 88.83100245 -4.35175627 -5.11665269
v 88.70236323 -4.11320036 -5.15666127
v 88.59770319 -5.03209224 -4.96838292
v 89.08738825 -4.82516781 -5.04156411
v 88.82711146 -5.52019037 -4.90417386
v 89.33950922 -5.30383602 -4.98028474
v 92.61744807 -1.57160501 -5.76882905
v 85.34047053 -5.43622120 -4.57255461
v 85.27496455 -5.16605672 -4.60732944
v 92.77256129 -3.73591922 -5.41958553
v 93.15644953 -4.14087985 -5.38832020
v 90.60487482 -6.49406733 -4.89263806
v 93.53933832 -4.54552767 -5.35606306
v 89.05789301 -6.01414788 -4.84614461
v 89.58848688 -5.79082789 -4.92813012
v 90.35915491 -3.18612979 -5.43278447
v 90.52932856 -3.40593264 -5.39063966
v 90.90619013 -3.13171695 -5.45313970
v 90.72773859 -2.91681980 -5.49539133
v 90.85987971 -3.83665773 -5.31079035
v 91.25306055 -3.55026552 -5.37313781
v 91.18629572 -4.26951904 -5.24838183
v 91.59654352 -3.96979829 -5.31263664
v 85.38577387 -8.44627666 -4.04327251
v 86.00434229 -8.32583905 -4.14089826
v 81.98033259 -7.94711584 -3.69857654
v 82.65700648 -7.92630287 -3.80676136
v 82.00003931 -8.49634832 -3.66781473
v 82.69628260 -8.47284216 -3.74406291
v 78.67516444 -5.71472445 -3.52448938
v 79.32811091 -5.74554722 -3.62544152
v 83.62570307 -5.40523820 -4.33904937
v 83.66410181 -5.67884354 -4.30177210
v 84.22619746 -5.60588365 -4.39672756
v 84.18077204 -5.33313280 -4.43182282
v 92.01493952 -3.66206667 -5.38110287
v 91.65301630 -3.25461124 -5.43669071
v 91.28820154 -2.84788823 -5.51301524
v 91.10434840 -2.64659429 -5.55439711
v 91.84113428 -5.15388030 -5.18621738
v 92.17068598 -5.59779662 -5.14936733
v 92.63237879 -5.26317901 -5.22315889
v 92.28563807 -4.82965393 -5.25561440
v 91.51133082 -4.70708007 -5.21456828
v 91.93901942 -4.39610596 -5.28036423
v 89.80547449 -5.06981198 -5.05116185
v 94.18839381 -4.34971163 -5.39730760
v 89.83797571 -6.27174677 -4.87263382
v 93.11340449 -4.91124268 -5.29095375
v 93.29687617 -5.11912842 -5.26571567
v 93.73046229 -4.74681398 -5.33151163
v 92.33533594 -5.81770628 -5.12200829
v 92.80593989 -5.47774810 -5.19727995
v 91.30413935 -6.44334712 -4.94647107
v 91.80862543 -6.13824002 -5.03828326
v 90.08657954 -6.75703729 -4.82391243
v 90.20981715 -6.99805748 -4.79556156
v 90.73702357 -6.73126520 -4.86433297
v 89.07119868 -7.47635183 -4.63920467
v 89.62300226 -7.24428092 -4.71655151
v 89.51017878 -6.99966728 -4.75091434
v 87.88689539 -7.87572009 -4.45431386
v 88.46204493 -7.68229969 -4.54571404
v 86.65804407 -8.19605544 -4.23104720
v 87.25779078 -8.03879075 -4.33665331
v 92.37812922 -4.07370302 -5.35006643
v 92.74607966 -4.49203798 -5.32208174
v 92.40335200 -1.40091257 -5.80581638
v 92.68345759 -1.05481272 -5.87246682
v 92.90420649 -1.21783762 -5.83674597
v 93.19334528 -0.85990459 -5.90306073
v 92.96418879 -0.70392925 -5.93774398
v 93.34845850 -1.54903726 -5.77835053
v 93.65152857 -1.17171793 -5.84779334
v 89.26295588 -4.13214416 -5.19160390
v 89.12591669 -3.90180511 -5.23037652
v 94.08686945 1.24947798 -6.28450028
v 94.27549097 1.67208539 -6.35287498
v 93.92698786 0.30268540 -6.11488343
v 93.68052027 0.43236985 -6.14453128
v 93.90001032 0.83312667 -6.21435556
v 93.44822809 -0.48187573 -5.97303760
v 93.21329615 -0.33359845 -6.00532522
v 93.91758082 -0.77753002 -5.91853315
v 93.46228144 0.03971544 -6.07254025
v 93.70448420 -0.09911665 -6.04211420
v 89.28479121 -6.50466454 -4.79745373
v 89.53640864 -4.60367124 -5.11474530
v 77.32093928 -5.62122619 -3.32057094
v 77.28856013 -6.17544829 -3.25848284
v 77.96811793 -6.21955383 -3.35874833
v 77.99510309 -5.66925324 -3.42100428
v 77.25593684 -6.72629056 -3.19525032
v 77.93962977 -6.76997649 -3.29411201
v 77.22217676 -7.27647671 -3.13389464
v 77.91076777 -7.31945310 -3.23026915
v 77.18528101 -7.81858333 -3.10177480
v 77.88027308 -7.86159024 -3.19109975
v 77.33700678 -5.34187591 -3.34879974
v 78.00702784 -5.39412965 -3.45088103
v 79.33388636 -5.46959203 -3.65829374
v 83.34760401 -8.41883369 -3.82038738
v 83.29677698 -7.87481973 -3.89921437
v 77.84501002 -8.41644559 -3.16987468
v 83.24432490 -7.33711527 -3.95136900
v 83.37257502 -8.68290992 -3.76966712
v 84.06656763 -8.62304970 -3.84393166
v 84.03293726 -8.36011788 -3.89158490
v 78.68394587 -5.43954745 -3.55648711
v 83.74178431 -6.22365858 -4.21220292
v 84.31793330 -6.14929489 -4.31194964
v 83.18998072 -6.80327129 -4.02523688
v 83.13276026 -6.27125073 -4.11363114
v 83.07214472 -5.72072127 -4.20701501
v 83.04101679 -5.44851974 -4.24525358
v 83.96315882 -7.82097910 -3.98361074
v 83.88961909 -7.28782940 -4.05634948
v 83.81833765 -6.75511456 -4.12774544
v 78.55280421 -8.73851286 -3.23377844
v 79.24378321 -8.76521575 -3.30625768
v 84.67019770 -8.27070902 -3.97764448
v 84.71374628 -8.53348062 -3.93134927
v 81.34369776 -8.79484836 -3.55486913
v 82.01032374 -8.76998417 -3.63613744
v 79.95910761 -8.79010285 -3.38886876
v 80.63639948 -8.79199495 -3.46897741
v 85.01920435 -6.59651474 -4.32784922
v 84.80259821 -5.53988940 -4.48629666
v 84.74499628 -5.26785572 -4.52036958
v 84.91291163 -6.06756883 -4.40969745
v 77.14336512 -8.37736781 -3.07661297
v 77.12316248 -8.65469630 -3.06320045
v 77.82455561 -8.69505581 -3.15792701
v 84.40929529 -6.67803481 -4.22700387
v 82.71360132 -8.74370092 -3.70115515
v 84.49801752 -7.20713331 -4.15191529
v 84.58398554 -7.74275494 -4.07408012
v 68.52385065 66.53899239 -18.76821453
v 68.97763941 66.85455942 -18.70611131
v 68.62675593 67.37127922 -18.81743952
v 68.18250391 67.04198691 -18.87650624
v 66.13755152 69.12445676 -19.44385887
v 66.33006403 69.32753218 -19.41210537
v 65.92333338 69.70744549 -19.52042757
v 65.73722193 69.49842678 -19.54929717
v 69.90040705 67.49510814 -18.60850094
v 70.36612055 67.81830075 -18.56350283
v 69.99139521 68.37205744 -18.68149913
v 69.53395960 68.03709268 -18.72544439
v 61.32800410 72.56395549 -20.53373370
v 61.51788447 73.08879299 -20.50115627
v 60.98697016 73.28452509 -20.60221526
v 60.82150385 72.75520150 -20.63183249
v 61.23400996 72.29710215 -20.55613356
v 60.73748896 72.48765008 -20.65346941
v 70.83195612 68.14024213 -18.52245674
v 70.44731257 68.70593883 -18.64033097
v 68.61784479 65.83749628 -18.69457550
v 68.84863398 65.98789836 -18.65246127
v 68.29757807 66.38010262 -18.80570535
v 64.79412958 72.01830130 -19.85596872
v 65.10529444 72.48675376 -19.83843645
v 64.58918879 72.82850484 -19.94390525
v 64.30174372 72.35022572 -19.95777541
v 65.41752741 72.95962363 -19.81792871
v 64.88209650 73.31713704 -19.92678497
v 65.72969172 73.43256980 -19.79595613
v 65.17418787 73.80354146 -19.90850502
v 66.52106592 68.70734252 -19.33848161
v 66.71822474 68.90204468 -19.30517170
v 67.11303065 69.28600159 -19.25727443
v 66.70793268 69.72683562 -19.36663424
v 67.51775477 69.67615739 -19.21987520
v 67.09608576 70.13250579 -19.33185953
v 67.92498133 70.06659548 -19.18867104
v 67.48574946 70.53970947 -19.30356980
v 68.33259699 70.45757143 -19.16086959
v 67.87741968 70.94862595 -19.27711112
v 68.74472163 70.85434573 -19.12891775
v 68.27172968 71.35938111 -19.24456419
v 65.33105585 69.87680658 -19.65549840
v 65.50399134 70.09090265 -19.62884133
v 65.07511256 70.43060143 -19.73200606
v 64.90983698 70.21080620 -19.75854106
v 68.77120325 69.98628086 -19.04818335
v 69.19461939 70.36676640 -19.01688764
v 68.34740565 69.60846943 -19.07761750
v 67.92812464 69.23036807 -19.11132410
v 67.51122401 68.85262530 -19.15075275
v 67.10437128 68.48112718 -19.20038953
v 66.90107081 68.29271165 -19.23421824
v 69.59896967 68.94437264 -18.80440877
v 70.04284785 69.29494332 -18.76479701
v 69.63096735 69.81996009 -18.88648594
v 69.19387171 69.45535132 -18.92377836
v 69.15358088 68.59295127 -18.84493606
v 68.75814936 69.09297796 -18.95942283
v 68.71045801 68.24326941 -18.88494455
v 68.32518885 68.73105474 -18.99668474
v 68.26896784 67.89565130 -18.93094974
v 67.89486811 68.36990208 -19.03969920
v 67.83312342 67.54900975 -18.98546933
v 67.46906397 68.01067203 -19.09125859
v 65.85493586 70.52367244 -19.58587265
v 65.41031000 70.87486490 -19.68705374
v 66.20958826 70.95508800 -19.55402763
v 65.74990198 71.31783899 -19.65493406
v 66.57000849 71.39032970 -19.52508178
v 66.09601710 71.76448664 -19.62842962
v 66.93055842 71.82623898 -19.49589178
v 66.44213221 72.21187052 -19.60082654
v 67.29136011 72.26238858 -19.46577101
v 66.78824732 72.65951381 -19.57209431
v 64.48861048 70.55333929 -19.86321641
v 64.64071009 70.77897101 -19.83677296
v 64.19212458 71.08025197 -19.93799982
v 64.04887507 70.84922627 -19.96699148
v 64.95664332 71.24030143 -19.79018795
v 64.49086878 71.55257253 -19.88737123
v 67.41372034 71.37704314 -19.38431945
v 67.79371760 71.79966582 -19.35297796
v 67.03647730 70.95583189 -19.41273124
v 66.66137049 70.53642118 -19.44219590
v 66.28701899 70.11878049 -19.47532266
v 65.27609370 71.69521172 -19.75819035
v 65.60275385 72.15316231 -19.73537853
v 65.93098566 72.61554940 -19.71120869
v 66.25866053 73.07774957 -19.68580288
v 63.59985468 71.15143420 -20.07088862
v 63.74291346 71.39720752 -20.04067626
v 63.27670405 71.66011644 -20.13994999
v 63.14191553 71.40953660 -20.16823974
v 64.02208063 71.87693623 -19.98810981
v 63.53892634 72.14937426 -20.08881786
v 63.80440638 72.63406207 -20.05796467
v 64.07271693 73.12029101 -20.04652066
v 64.34905360 73.61845996 -20.03170445
v 64.62244532 74.11430957 -20.01626264
v 63.47743342 74.70405411 -20.23673698
v 63.59445307 74.96451401 -20.22492672
v 62.98693201 75.24468061 -20.34194642
v 62.88107416 74.97896787 -20.35410763
v 67.26236841 67.83059161 -19.12437014
v 64.76005671 74.36482075 -20.00312486
v 64.17198298 74.69415880 -20.11500236
v 64.04498408 74.43753267 -20.12727038
v 65.88581202 73.67003852 -19.78202490
v 65.31963465 74.04826193 -19.89486370
v 66.96067927 72.88283382 -19.55791893
v 66.42167780 73.30909570 -19.67185638
v 61.68547938 75.42682855 -20.59353336
v 61.76824305 75.70679682 -20.58266915
v 61.15313074 75.89457146 -20.68778698
v 61.07858393 75.62209145 -20.70100105
v 62.39453242 75.46937008 -20.45951543
v 62.29721186 75.20016308 -20.47059326
v 67.47270319 72.48170316 -19.45176347
v 67.97944758 72.00580444 -19.33787179
v 68.46386072 71.55908814 -19.22819155
v 68.94664118 71.04868167 -19.11098870
v 69.84807703 70.00244758 -18.86674110
v 69.40470240 70.55783315 -18.99685288
v 70.67546961 68.87301876 -18.62009785
v 70.26597712 69.47056436 -18.74576933
v 71.20380518 67.51088577 -18.40101193
v 71.44349787 67.66364913 -18.38203002
v 71.06513331 68.30099348 -18.50341379
v 71.56008265 66.89804322 -18.28498400
v 71.80442164 67.04505022 -18.26342335
v 62.66861079 74.45089933 -20.36750476
v 62.09924433 74.66194362 -20.48098441
v 71.90230677 66.22028217 -18.16218115
v 72.15041468 66.35840091 -18.14168862
v 62.45338557 73.92618391 -20.37270792
v 61.89951441 74.13312359 -20.48122846
v 62.67645380 71.66700576 -20.26513309
v 62.80188868 71.92630600 -20.23894905
v 62.31842158 72.15065214 -20.33706310
v 62.20158503 71.88727400 -20.36155342
v 63.04735682 72.42832780 -20.19129594
v 62.54694483 72.66090224 -20.29436909
v 63.29188654 72.92143083 -20.16537133
v 62.77377436 73.16167281 -20.27203031
v 63.53848383 73.41918779 -20.15470552
v 63.00625727 73.67132781 -20.26087622
v 63.79317591 73.92973543 -20.14237650
v 63.24281428 74.18621658 -20.25066817
v 60.51165888 76.08255972 -20.79485793
v 60.44621393 75.80531515 -20.81022349
v 62.24136469 73.40756818 -20.37946748
v 61.70575068 73.60923595 -20.48553136
v 69.77993128 66.59448483 -18.53411420
v 70.25179407 66.89889768 -18.48646105
v 69.43870661 67.17447902 -18.65423148
v 62.03479883 72.89558240 -20.39768639
v 61.82772944 72.37742444 -20.43519241
v 67.61814997 67.37447209 -19.01847407
v 69.07904169 67.70387887 -18.76861145
v 69.31133387 66.29099133 -18.59026649
v 71.40735743 65.94513568 -18.20162508
v 71.07566950 66.60650116 -18.32380231
v 70.91529200 65.67028292 -18.24190824
v 70.59088251 66.31289917 -18.36602333
v 67.95987055 66.87670371 -18.91193712
v 61.72482416 72.11393566 -20.45844676
v 60.91374323 75.04830375 -20.70692136
v 60.30954859 75.23207678 -20.81200867
v 60.76101801 74.51007668 -20.69730824
v 60.17715571 74.67831244 -20.80547782
v 61.50897333 74.88026636 -20.59974360
v 61.32975886 74.34397333 -20.59087816
v 70.72766993 67.20550780 -18.44172233
v 61.15770838 73.81231134 -20.59136635
v 60.60440180 73.97125069 -20.69578227
v 69.64025233 65.72876600 -18.47327727
v 70.11487696 66.02125411 -18.41407321
v 60.45380518 73.43890205 -20.70229769
v 60.04023859 74.12798895 -20.79870283
v 59.91367457 73.59264197 -20.80526402
v 60.30622217 72.90440956 -20.73023644
v 60.23067591 72.63419166 -20.74897419
v 55.28032038 76.36452294 -21.59693623
v 55.27247736 76.65429498 -21.58570580
v 54.60490534 76.63023948 -21.68322472
v 54.62091181 76.33455466 -21.69471454
v 53.27201960 76.24796863 -21.87841509
v 53.24152491 76.53510853 -21.86684897
v 52.55248949 76.46411700 -21.95869161
v 52.59189532 76.17769427 -21.96978471
v 51.92257235 76.07848923 -22.06374831
v 51.87607119 76.36133378 -22.05206013
v 51.18089602 76.25333968 -22.14500139
v 51.23541567 75.97193709 -22.15847486
v 44.03198550 73.03772519 -23.19317287
v 43.77917788 73.56274961 -23.16779759
v 43.10777590 73.24170467 -23.26638457
v 43.37350390 72.72330257 -23.28847921
v 50.56314394 75.83233442 -22.25031749
v 50.50252840 76.11468305 -22.23579116
v 49.80420992 75.96989239 -22.32786267
v 49.87204287 75.68944347 -22.34280098
v 49.14541552 73.15685066 -22.55256314
v 48.98873827 73.69691262 -22.55387549
v 48.34889910 73.49955542 -22.64753390
v 48.51901171 72.96347602 -22.64776270
v 44.91484377 72.82419371 -23.11013450
v 44.67953799 73.34353423 -23.09995697
v 44.27826998 72.52426694 -23.20324358
v 49.30065844 72.62338814 -22.56724201
v 48.68591234 72.43327887 -22.66103776
v 49.37996599 72.35446724 -22.58118850
v 48.77119372 72.16707022 -22.67437390
v 49.19668886 75.51487528 -22.43044744
v 49.12289736 75.79368388 -22.41665354
v 48.42683718 75.61463723 -22.50799262
v 48.50702212 75.34271035 -22.52152712
v 47.83305666 75.13337501 -22.61207274
v 47.74696657 75.40345558 -22.59859928
v 47.05215761 75.18699438 -22.69106750
v 47.14577791 74.91961462 -22.70443416
v 46.47085879 74.68520908 -22.79806205
v 46.37310335 74.94613438 -22.78348995
v 45.68219302 74.69388369 -22.87797233
v 45.78691408 74.43556002 -22.89345996
v 59.78792689 73.04879583 -20.83085292
v 59.72304652 72.77554906 -20.84583701
v 45.14907763 72.31076979 -23.11408644
v 44.52410815 72.01422666 -23.20985056
v 45.38124773 71.79401946 -23.11919805
v 44.76701281 71.50253079 -23.21197144
v 50.00952074 75.13950145 -22.35993651
v 49.34294817 74.96880899 -22.45080257
v 50.14417193 74.57568157 -22.36355276
v 49.48952410 74.41600595 -22.45661608
v 50.27481005 74.02334392 -22.36536846
v 49.63554308 73.85791574 -22.46014077
v 50.40180895 73.48058116 -22.36553622
v 49.77590868 73.32060037 -22.45847748
v 50.53340075 72.93172252 -22.37835351
v 49.92085192 72.78275095 -22.47202719
v 50.60072253 72.65986430 -22.38853108
v 49.99439165 72.51150308 -22.48374590
v 51.34096072 75.40956679 -22.17294010
v 50.68161318 75.27966108 -22.26452333
v 51.45152209 74.83949843 -22.17109369
v 50.80132983 74.71228589 -22.26720878
v 57.58950159 73.16437346 -21.23878141
v 57.61509821 73.44313628 -21.21990633
v 57.05494807 73.48540693 -21.31094027
v 57.03756830 73.20602613 -21.32886930
v 57.66580317 73.99453170 -21.19295940
v 57.09153864 74.03644758 -21.28274212
v 51.55630419 74.28426925 -22.17104782
v 50.91722033 74.15682019 -22.27044356
v 43.65637514 73.81381773 -23.15363747
v 42.97795412 73.48994229 -23.25014926
v 59.25889704 73.16170322 -20.93558927
v 59.36751673 73.71251881 -20.90939002
v 58.80435297 73.82967578 -21.00709206
v 58.71487543 73.28128634 -21.03475616
v 51.65808031 73.73347274 -22.17139869
v 51.03750536 73.60957135 -22.27245763
v 51.76261828 73.18180647 -22.18165250
v 51.15384600 73.05742062 -22.28210109
v 59.47023127 74.24553120 -20.89931930
v 58.89314387 74.36824237 -20.99685350
v 59.59184382 74.81227696 -20.90780328
v 58.99398157 74.93806277 -21.00921321
v 59.70485041 75.36089909 -20.90995486
v 59.08641169 75.49054156 -21.00932012
v 59.82563898 75.93475544 -20.90914624
v 59.18410609 76.07010470 -21.01060195
v 58.13640711 73.07990082 -21.14448208
v 58.16941950 73.35827836 -21.12919282
v 58.23498652 73.91309175 -21.10496195
v 59.20249293 72.88659107 -20.94813195
v 45.01059649 70.99766324 -23.22578057
v 44.14373705 71.21022960 -23.30370724
v 44.39886401 70.71567699 -23.32230762
v 57.71976588 74.53514679 -21.18307179
v 57.13182184 74.58485609 -21.27451772
v 52.41758654 72.99628250 -22.08695643
v 52.37296984 73.27498429 -22.08036468
v 51.81495592 72.90437499 -22.18862572
v 52.28374407 73.82928269 -22.07241494
v 57.78088496 75.10173995 -21.20022276
v 57.17311213 75.14990812 -21.29378966
v 57.84137080 75.66907317 -21.21204842
v 57.21539423 75.71613508 -21.30724801
v 52.19319842 74.38355057 -22.07091967
v 57.90254328 76.25131042 -21.21168230
v 57.25756953 76.29475599 -21.30964373
v 52.10428545 74.94123642 -22.07284237
v 52.01374361 75.51309006 -22.07595525
v 51.21295092 72.78392209 -22.28916587
v 52.67039416 75.61471361 -21.98080146
v 52.75102160 75.03939623 -21.97434690
v 52.82562945 74.47978014 -21.96889942
v 52.89973376 73.92429919 -21.96917399
v 52.97447130 73.36346239 -21.97723054
v 53.01299975 73.08547777 -21.98443264
v 56.59651301 76.34426693 -21.40586567
v 56.60574457 76.63551907 -21.39469628
v 55.94632838 76.64681056 -21.48782067
v 55.94575617 76.35706141 -21.49912739
v 53.98916743 75.72923086 -21.78973092
v 53.93846247 76.31561086 -21.78948688
v 53.33740351 75.66353412 -21.88448799
v 59.88330195 76.21489155 -20.89567277
v 56.55359766 75.19488339 -21.39082031
v 56.53195307 74.62839322 -21.37412710
v 56.50998804 74.07932095 -21.37775861
v 56.48978541 73.52466396 -21.40166904
v 43.63372729 72.21648189 -23.29883985
v 56.48011896 73.24474147 -21.41878935
v 48.17822573 74.04335578 -22.64407025
v 48.00567171 74.58775885 -22.63254995
v 47.33226321 74.38207799 -22.72433153
v 47.51900027 73.84074956 -22.73739297
v 58.47468684 75.57954987 -21.10908209
v 58.55406306 76.15997514 -21.10995194
v 58.39128992 75.01658448 -21.10593869
v 47.70372698 73.30013066 -22.74096344
v 54.64625666 75.75362967 -21.69231882
v 54.67330286 75.18566703 -21.68188171
v 54.03547022 75.15955923 -21.78010253
v 54.69889948 74.62498283 -21.67170401
v 54.07876704 74.60143087 -21.76937551
v 47.88569567 72.76685887 -22.74168051
v 47.55118487 71.75677279 -22.86166021
v 47.45367358 72.01926212 -22.84875131
v 46.83655474 71.79469850 -22.94320318
v 46.94165728 71.53465059 -22.95537965
v 48.06729052 72.24078923 -22.75472669
v 58.31009028 74.45261583 -21.09122913
v 48.15902636 71.97678166 -22.76821542
v 48.66921923 74.79314980 -22.54223321
v 48.83048937 74.24472603 -22.55077804
v 54.72651026 74.07021903 -21.67332135
v 54.12243769 74.04477499 -21.76997052
v 54.75669215 73.51019858 -21.68442966
v 54.16742823 73.48472402 -21.78043795
v 54.77112696 73.23075293 -21.69460722
v 54.19020197 73.20493886 -21.78963896
v 55.92549250 74.63686946 -21.47204276
v 55.92173121 74.08698847 -21.47433148
v 55.93352625 75.20424464 -21.48637085
v 56.57618830 75.76273922 -21.40441599
v 55.94156000 75.77477839 -21.49958505
v 55.91639826 73.53237727 -21.49375583
v 55.31784174 74.65111352 -21.57229300
v 55.32939265 74.09586907 -21.57258283
v 43.88980028 71.70937129 -23.30318852
v 43.00662157 71.87653131 -23.39255927
v 43.27267382 71.37914057 -23.39280333
v 43.53759692 70.88594980 -23.39228445
v 55.91426203 73.25228693 -21.50840422
v 55.29124567 75.78290368 -21.59821787
v 55.34175226 73.53659631 -21.58764316
v 55.30523798 75.21343804 -21.58555298
v 58.67277643 73.00403414 -21.04754298
v 43.80383227 70.39749689 -23.41147993
v 42.92862627 70.56153649 -23.48246384
v 43.20760271 70.07722633 -23.50118630
v 46.22701952 71.54010941 -23.03757875
v 46.33689806 71.28307892 -23.04926694
v 46.62986681 72.31401613 -22.93008071
v 46.00897143 72.05482269 -23.02505137
v 43.93880389 70.15146798 -23.42628092
v 43.34916613 69.83456199 -23.51598729
v 46.42216799 72.83601549 -22.92771568
v 45.78979418 72.57204987 -23.02085529
v 46.21222231 73.36699465 -22.92429780
v 45.56692049 73.09812714 -23.01807827
v 42.73411486 72.38506098 -23.38436539
v 55.34890864 73.25684166 -21.59916350
v 42.64682696 71.05020684 -23.48115167
v 46.67196963 74.14259128 -22.81821882
v 46.86912844 73.60549716 -22.83121922
v 44.43928072 73.86723876 -23.07670266
v 44.32174990 74.12529541 -23.06155073
v 47.06702349 73.06910495 -22.83485073
v 46.00175783 73.89793184 -22.91332681
v 45.34498141 73.62318207 -23.00715306
v 44.53251574 70.46558925 -23.33631515
v 53.60188410 73.14618869 -21.88676114
v 53.57208369 73.42474552 -21.87846040
v 45.11827395 74.15300538 -22.98600447
v 45.00733492 74.41373994 -22.96888415
v 53.51303217 73.98352619 -21.86951885
v 47.26048205 72.54003314 -22.83538470
v 45.73131487 71.02941679 -23.14361199
v 45.61366198 71.28404402 -23.13224424
v 45.13383410 70.74767849 -23.23858265
v 53.45480463 74.53892322 -21.86893910
v 53.39595148 75.09600635 -21.87662962
v 59.23053858 76.34997760 -20.99990558
v 58.59176752 76.44058808 -21.10029317
v 57.92826960 76.53405578 -21.20077231
v 57.27827570 76.58438307 -21.29929832
v 53.91481135 76.60352895 -21.77674583
v 41.73717425 69.84464421 -23.67005528
v 41.43064806 70.32140127 -23.66279217
v 40.83975146 69.92593921 -23.75510778
v 41.15731737 69.45658649 -23.76256925
v 42.04099963 69.37284627 -23.68383389
v 41.47238085 68.99222339 -23.77604269
v 42.19284746 69.13931050 -23.69697167
v 41.62918017 68.76210559 -23.78884478
v 39.88486407 71.33521809 -23.72094358
v 39.72554705 71.57061543 -23.71160524
v 39.08206866 71.13696063 -23.80695735
v 39.24829027 70.90650714 -23.81580741
v 38.63906786 70.45032273 -23.91105269
v 38.46726916 70.67652665 -23.90244677
v 37.84167406 70.20628891 -24.00239176
v 38.02088091 69.98396072 -24.01050940
v 37.43280718 69.49614484 -24.11071379
v 37.24933550 69.71144254 -24.10343539
v 36.64701960 69.20303112 -24.20867517
v 36.83770869 68.99321514 -24.21734213
v 40.00816271 68.64246903 -23.94895523
v 39.66712878 69.09390030 -23.94250084
v 39.08808825 68.65517577 -24.03751724
v 39.44186327 68.21474990 -24.04239999
v 39.32377550 69.54798661 -23.93436798
v 38.73155901 69.10025176 -24.03129173
v 36.27900812 68.45851664 -24.32160535
v 36.07946894 68.67175059 -24.31255692
v 35.49929926 68.12566903 -24.41459235
v 35.70611689 67.91822579 -24.42066532
v 34.61952326 66.79474019 -24.61819016
v 34.40542719 66.98622274 -24.61297168
v 33.89465449 66.38959644 -24.70882730
v 34.11302302 66.20417163 -24.71372534
v 38.98129198 69.99953614 -23.92322913
v 38.37728808 69.54254684 -24.02222808
v 39.97025988 67.56183394 -24.06597471
v 39.79412768 67.77855834 -24.05392030
v 39.25983355 67.33294827 -24.14686151
v 39.44224474 67.11736829 -24.15865652
v 39.57978747 70.44547045 -23.82882308
v 37.44259569 67.21684794 -24.31631035
v 37.05280993 67.63343195 -24.31850768
v 36.50784418 67.11473610 -24.41302053
v 36.90736506 66.71096184 -24.40653548
v 36.66565821 68.04849772 -24.32148321
v 36.10801813 67.51694252 -24.42193173
v 37.82536242 66.81066279 -24.31711899
v 37.30197832 66.31685402 -24.40652016
v 38.21157000 66.40365747 -24.33057718
v 37.70017931 65.92135384 -24.41959688
v 37.80239794 69.05763013 -24.12209678
v 37.21833727 68.56400829 -24.22207228
v 40.20324633 70.86592640 -23.73485952
v 38.16683123 68.62537153 -24.12775772
v 37.59834215 68.13716274 -24.22526130
v 38.53372118 68.19051893 -24.13207588
v 37.97450945 67.71527630 -24.22671082
v 38.89696429 67.75845868 -24.13395265
v 38.34992907 67.30042034 -24.22788568
v 38.72679064 66.88239818 -24.24070299
v 38.91541216 66.67194896 -24.24988875
v 42.62467882 69.72777716 -23.59283053
v 42.77024767 69.48911062 -23.60653288
v 42.33491442 70.20572440 -23.57610697
v 42.04187701 70.68756644 -23.57168200
v 42.45306704 72.89366312 -23.36468163
v 42.36572192 71.53319329 -23.47890870
v 41.74758837 71.17160956 -23.56463252
v 39.91108630 69.98466646 -23.83976355
v 40.24227831 69.52453768 -23.84847625
v 40.57207415 69.06467974 -23.85639549
v 40.90212939 68.60831224 -23.86901443
v 40.34794543 68.19397125 -23.96082650
v 42.07896349 72.03434151 -23.47036386
v 41.79314349 72.53000420 -23.45136675
v 41.45191881 71.65714042 -23.55544681
v 41.15512774 72.14713066 -23.53763988
v 40.50762865 71.75488821 -23.62903997
v 40.35433886 71.99288717 -23.61858773
v 34.95691035 67.56282569 -24.51472044
v 35.16705439 67.36456443 -24.52021357
v 42.31896899 73.13889094 -23.34608121
v 41.65183947 72.77568597 -23.43554343
v 41.00873492 72.38989036 -23.52517349
v 41.12457201 70.79568639 -23.65432362
v 35.58194086 66.96611930 -24.51720752
v 35.99168513 66.57428122 -24.50684674
v 41.06565020 68.38240587 -23.88090099
v 40.51704333 67.97348557 -23.97297246
v 40.81710741 71.27366796 -23.64446652
v 40.52162096 70.39624561 -23.74590681
v 36.40061304 66.18077613 -24.49538732
v 36.80633662 65.79252387 -24.49422759
v 35.47646448 66.02353811 -24.59987949
v 35.89335558 65.64574194 -24.58523099
v 35.05342219 66.40520238 -24.61350565
v 34.55658076 65.82502887 -24.70850677
v 38.40276263 66.20380167 -24.33996130
v 74.97506068 54.93304917 -15.95620092
v 75.51682398 55.09512040 -15.96431862
v 75.32644770 55.87545485 -16.12166738
v 74.78456232 55.71014113 -16.12090442
v 74.44609949 54.77264878 -15.95940524
v 74.25007746 55.54612440 -16.12914414
v 73.92817805 54.60994431 -16.00205353
v 73.73228571 55.37960523 -16.17293683
v 73.42055628 54.43944258 -16.08632779
v 73.22666285 55.21460430 -16.25246562
v 72.87854121 54.26055616 -16.17180750
v 72.68100855 55.03517619 -16.33664833
v 72.60822413 54.17182629 -16.20009728
v 72.41746638 54.94666758 -16.36733374
v 75.37238428 53.35776999 -15.65409190
v 75.92481348 53.51540090 -15.66619215
v 75.71585963 54.30298328 -15.81177638
v 75.17547724 54.14088154 -15.79280968
v 74.83889887 53.20159628 -15.64797310
v 74.64237330 53.98228168 -15.79021566
v 74.32198450 53.03802206 -15.68387700
v 74.14077112 53.82435321 -15.83590045
v 73.81987879 52.86517811 -15.75519656
v 73.61971400 53.65036485 -15.92046463
v 73.29091761 52.68403338 -15.83358093
v 73.08836481 53.47333237 -16.00461682
v 72.22558710 55.72288215 -16.53675220
v 72.49201319 55.81393135 -16.50171803
v 72.29661677 56.56933293 -16.67360842
v 72.02893183 56.47932896 -16.70881043
v 73.01670954 55.98953713 -16.42513420
v 72.81591914 56.74884497 -16.59626164
v 73.53638575 56.15932932 -16.35550837
v 73.33596918 56.92413795 -16.53219002
v 72.61637995 57.51512607 -16.76906755
v 72.10799525 57.33494264 -16.84528518
v 71.72309992 65.31123982 -18.07828818
v 72.22533533 65.57620107 -18.03856960
v 71.83353541 57.23983461 -16.88063977
v 73.14069483 57.69486698 -16.70589620
v 71.22350428 65.04758320 -18.11738116
v 70.73256800 64.78446063 -18.16540053
v 70.42598078 65.39546449 -18.28950036
v 73.01219294 52.59994219 -15.87575621
v 72.81001398 53.38847061 -16.03897960
v 75.12452814 56.66837017 -16.28014530
v 74.58515284 56.49616710 -16.29558716
v 74.06145594 56.32885447 -16.31063230
v 75.78927729 51.77685267 -15.37291794
v 76.32928583 51.93948848 -15.38193591
v 76.12786219 52.72367577 -15.51834961
v 75.58446619 52.56206231 -15.51293271
v 75.24952051 51.61264522 -15.36855390
v 75.05236933 52.40715508 -15.51271907
v 70.24376032 64.52010973 -18.22410104
v 69.94181940 65.12051254 -18.34789570
v 69.75169489 64.25530107 -18.29209416
v 69.46343348 64.84387450 -18.41468337
v 69.51626704 64.12710816 -18.33436099
v 69.23503229 64.70918135 -18.45702649
v 70.30149195 62.99719488 -18.03495285
v 70.79242823 63.23678839 -17.96154285
v 70.52286646 63.87577687 -18.09098326
v 70.02514765 63.62558612 -18.16407282
v 71.29478571 63.47715629 -17.90331535
v 71.01555750 64.12427389 -18.03380862
v 71.79940150 63.71612420 -17.85764583
v 71.51641199 64.37256872 -17.98655219
v 72.31029627 63.95483270 -17.81719482
v 72.02266047 64.62111152 -17.94681835
v 73.61469385 62.00438187 -17.37386565
v 73.87735865 62.10984109 -17.34351593
v 73.62185023 62.86867019 -17.47953290
v 73.36106989 62.75876112 -17.50759380
v 74.74151728 51.44978053 -15.38503336
v 74.52980921 52.24258141 -15.53821647
v 74.21656916 51.27930933 -15.43376991
v 74.00673792 52.07017234 -15.59423146
v 73.66991541 51.10732751 -15.48317784
v 73.49434016 51.89305594 -15.65342028
v 73.40800593 51.01217370 -15.50067965
v 73.21862910 51.79781820 -15.68544846
v 74.09019587 60.51072767 -17.08753423
v 74.35473749 60.61033514 -17.05652839
v 74.12232325 61.38196636 -17.20333332
v 73.85702631 61.27910495 -17.23467486
v 74.52604029 58.98137362 -16.77422526
v 74.79372523 59.07359012 -16.74981122
v 74.57837031 59.86202698 -16.90584772
v 74.31659052 59.76634293 -16.93300835
v 74.93440363 57.43823708 -16.44402482
v 75.20346186 57.52555550 -16.42815569
v 74.99978754 58.31430517 -16.58913604
v 74.73474238 58.22432409 -16.60886564
v 75.59601710 55.95893568 -16.11625053
v 75.39672968 56.75346843 -16.27175298
v 75.99960444 54.38514423 -15.81116604
v 75.79128382 55.17741868 -15.96357096
v 73.86066553 57.09493721 -16.49210520
v 73.65899012 57.86931310 -16.66709312
v 76.40558741 52.80702691 -15.51705263
v 76.20529291 53.59826376 -15.66297256
v 76.54387018 51.15247068 -15.24506444
v 76.81945917 51.23822507 -15.24803992
v 76.60975764 52.02406031 -15.38248524
v 74.39376948 57.26518715 -16.46712659
v 74.19498560 58.04548345 -16.64075648
v 73.35667536 63.57716244 -17.60866815
v 73.09865687 63.46343106 -17.63502006
v 69.77578852 63.49535235 -18.20736198
v 69.16011164 65.44064954 -18.54258264
v 68.93434260 65.29892208 -18.58439170
v 71.46759150 59.54901765 -17.33039296
v 71.99617884 59.74816966 -17.25419060
v 71.77267573 60.47933838 -17.40212468
v 71.25537989 60.27296134 -17.47632813
v 71.20906946 59.45013116 -17.36596118
v 70.99498102 60.16993208 -17.51256774
v 70.76946375 60.86049908 -17.65503917
v 71.02371332 60.96735829 -17.61837232
v 70.79895136 61.66516749 -17.76008080
v 70.54168818 61.55369249 -17.79937217
v 71.53937647 61.17948408 -17.54410782
v 71.29654047 61.88415592 -17.68821194
v 71.62634394 57.97814635 -17.05076013
v 71.89603541 58.07523803 -17.01450527
v 71.69085047 58.81928707 -17.18146706
v 71.42605707 58.72785640 -17.21837805
v 71.54840967 62.78402201 -17.76807659
v 72.06369898 63.01018397 -17.72489425
v 70.04610560 62.87383137 -18.07692975
v 71.80593226 62.10140484 -17.63154084
v 72.32335017 62.32064504 -17.58814487
v 72.40880701 58.26229553 -16.93432036
v 71.04856226 62.55804505 -17.82435097
v 70.54859278 62.32969536 -17.89808140
v 72.21881220 59.01507261 -17.09894756
v 72.93200037 58.44582826 -16.87380403
v 73.45205042 58.62278444 -16.83602330
v 73.98577997 58.80132754 -16.81014442
v 70.29458735 62.21211494 -17.93831881
v 72.04525111 61.38342925 -17.48487324
v 72.72229883 59.20464209 -17.03634078
v 72.27390406 60.67538522 -17.34086067
v 75.15677759 49.87461578 -15.07862136
v 75.68084833 50.03948700 -15.07286883
v 75.46349451 50.82459745 -15.22191681
v 74.94030115 50.65945920 -15.22995816
v 76.21182368 50.20460998 -15.08652547
v 76.00274775 50.99041471 -15.23258273
v 72.58174250 63.23639553 -17.68177295
v 72.82457850 64.19460550 -17.77378361
v 72.47644923 65.70867025 -18.01533049
v 73.07970545 64.31427637 -17.74906439
v 72.53292200 64.87106575 -17.90764907
v 72.78617213 64.99487938 -17.88447099
v 72.83950922 62.54002828 -17.55060829
v 73.32856104 61.07715868 -17.27697219
v 73.08773920 61.79862282 -17.41663600
v 72.79496119 60.87408327 -17.30565868
v 72.55613825 61.58964225 -17.44858787
v 76.75169489 50.37320816 -15.10442406
v 77.02301142 50.45779907 -15.11109216
v 73.61971400 50.23026760 -15.34342245
v 73.89078638 50.31589229 -15.32219748
v 73.23519251 59.38642196 -16.99988756
v 73.77846644 59.57443695 -16.97385610
v 72.50518915 59.93936993 -17.19057674
v 73.01507685 60.12592770 -17.15548155
v 73.55357477 60.31947972 -17.13514162
v 74.43029139 50.48919018 -15.26877649
v 74.57109186 47.95477024 -14.87039961
v 75.09202692 48.14297978 -14.82172411
v 74.86261866 48.91839708 -14.96418029
v 74.33854792 48.74138749 -15.01744869
v 76.49945185 42.68240104 -13.68297505
v 76.69358942 43.62355169 -13.80800572
v 76.18032191 43.40449270 -13.83170258
v 76.12598536 46.76996252 -14.48206324
v 76.63762018 46.95774100 -14.45677946
v 76.38700983 47.72308464 -14.62209330
v 75.85616419 47.54470939 -14.64296730
v 76.90831110 47.89867801 -14.63309492
v 75.61107752 48.31543080 -14.78386708
v 75.38417933 49.09140124 -14.92852053
v 76.89990351 41.13605204 -13.40572260
v 75.60379908 46.57154580 -14.54341880
v 75.33987543 47.36529273 -14.69057469
v 75.06328699 46.37179299 -14.58300006
v 74.79736445 47.17089193 -14.72863008
v 75.63630030 44.00645952 -14.03865764
v 75.89005396 44.11198549 -14.02370404
v 75.60178492 44.84890105 -14.21776544
v 75.34414789 44.75109221 -14.23633537
v 76.38801691 46.02098203 -14.30568677
v 76.89175532 46.21261621 -14.28784928
v 74.53971979 47.07703893 -14.75025177
v 74.30228541 47.86186328 -14.89392865
v 76.41424677 44.33075076 -13.98487046
v 76.14379999 45.06219985 -14.17472043
v 74.63421747 49.70560562 -15.11277050
v 74.10399744 49.53206740 -15.16500131
v 73.83593867 49.44099150 -15.18705025
v 75.87197993 45.81798290 -14.36164072
v 76.97671625 49.59911074 -14.96617930
v 77.24978754 49.68206514 -14.97333569
v 76.13488886 48.48523442 -14.77408622
v 76.66648981 48.65564076 -14.78649165
v 74.06660578 48.65112412 -15.04079463
v 75.90473292 49.25956835 -14.92406499
v 76.43771479 49.42806734 -14.94088020
v 75.07383082 45.51390575 -14.41983769
v 75.32733271 45.61144374 -14.40149664
v 74.80238459 46.28605385 -14.60372149
v 76.64151118 45.27218369 -14.13130921
v 75.92493555 43.28190740 -13.84389434
v 76.81330988 41.95890558 -13.53884041
v 76.55429194 41.83894098 -13.54473028
v 76.23917506 42.56599174 -13.69322894
v 34.98973009 65.45249698 -24.69427026
v 35.41590807 65.08438633 -24.67675311
v 36.30824206 65.26793813 -24.57973776
v 35.84108660 64.71906803 -24.66771985
v 36.72137568 64.90218877 -24.59438614
v 36.25265429 64.37153385 -24.68316169
v 35.37185595 64.17092272 -24.75551883
v 35.79547045 63.82948061 -24.77183042
v 36.47120783 64.18583057 -24.69761173
v 36.01785204 63.65007158 -24.78362544
v 34.94147417 64.52634570 -24.76726816
v 34.49546740 63.93933625 -24.85656250
v 34.91825793 63.61304612 -24.84670527
v 35.15908739 62.53498214 -24.95524086
v 34.92980883 62.70730728 -24.94933573
v 34.51278612 62.13248960 -25.03492219
v 34.75398180 61.94234602 -25.03385404
v 35.36050341 63.27134843 -24.86097218
v 37.20892260 65.41390372 -24.50701440
v 34.06532976 65.25069948 -24.80906210
v 34.50826952 64.88513704 -24.78953079
v 36.93428156 64.71637105 -24.60853101
v 37.89746020 65.72749855 -24.43011015
v 37.41649554 65.22055960 -24.51931295
v 35.58602068 63.09608979 -24.87035630
v 34.47820971 63.04343170 -24.93810532
v 29.49403307 55.28575638 -25.83431377
v 29.01483080 55.58765915 -25.86852403
v 28.65428088 55.02885176 -25.91985450
v 29.13047716 54.72169235 -25.88927584
v 29.86324236 55.86594132 -25.78566885
v 29.38290331 56.16552475 -25.82541804
v 28.57434008 55.86604812 -25.90860891
v 28.21002886 55.31046034 -25.95375958
v 28.10479662 56.18370557 -25.98426204
v 27.75755236 55.60450482 -26.02855821
v 27.63940356 56.50037121 -26.05333863
v 27.30351183 55.91512798 -26.10804129
v 29.45475695 53.68671920 -25.90757096
v 29.22151873 53.84301497 -25.91813007
v 28.85444567 53.28282667 -25.97687631
v 29.08196947 53.12043501 -25.96463874
v 33.23022387 61.27396907 -25.18807451
v 32.77429125 61.58351649 -25.19597862
v 32.37553332 60.98312509 -25.27086866
v 32.85147021 60.66206110 -25.25080330
v 28.09726641 52.19800495 -26.11899650
v 27.64266131 52.53546069 -26.14757626
v 27.25751421 52.01514360 -26.23188099
v 27.70553515 51.67105791 -26.20201948
v 28.31933520 52.03024219 -26.10924610
v 27.92327044 51.50309679 -26.19004131
v 34.05673144 62.46120970 -25.02652991
v 33.14915392 65.00774902 -24.92356401
v 32.91435168 65.18948501 -24.91906270
v 32.44160387 64.57371275 -25.01436900
v 32.67690966 64.40132277 -25.02137275
v 34.05013964 63.36336654 -24.94394949
v 33.60921404 62.78461210 -25.03348797
v 32.23792956 63.77962628 -25.11234555
v 31.99459002 63.95924512 -25.10373962
v 31.55623553 63.34980144 -25.20087698
v 31.80327532 63.17062892 -25.20212817
v 33.60037157 63.70349639 -24.97890743
v 33.16998217 63.10460416 -25.06778978
v 34.34957812 61.35489407 -25.09295124
v 34.11395953 61.53129712 -25.10816428
v 33.73377154 60.89800014 -25.16305004
v 33.96374438 60.73806133 -25.13830026
v 27.04518053 54.52793811 -26.13327910
v 26.58869097 54.84550974 -26.21766026
v 26.22770617 54.32872697 -26.27938198
v 26.68701098 54.01042101 -26.19695395
v 27.48510668 54.22730183 -26.06649133
v 27.09788439 53.70769427 -26.13773454
v 33.63431475 61.87020627 -25.11350491
v 33.18189928 62.18707409 -25.12012727
v 32.74009630 62.50235882 -25.15334571
v 32.33198473 61.88965739 -25.23243191
v 33.33513567 60.30615748 -25.20145631
v 32.28448412 62.82412853 -25.18812054
v 31.87004015 62.20601404 -25.26771029
v 33.56378100 60.15101757 -25.17356322
v 31.37790606 62.55815637 -25.29580177
v 32.96856615 59.71236551 -25.25509086
v 33.19526598 59.56259669 -25.22336781
v 32.47285387 60.04427087 -25.31922361
v 31.99082873 60.36607873 -25.34733035
v 31.93409655 61.27472818 -25.30741350
v 31.53716204 60.66578804 -25.38115913
v 32.80892870 58.96929681 -25.27907756
v 32.57770464 59.11966455 -25.31249433
v 32.21942065 58.53165184 -25.38753696
v 32.45396349 58.38789116 -25.35631745
v 32.09040758 59.44616066 -25.38286792
v 31.71128771 58.84539542 -25.45116616
v 31.06172106 60.97877250 -25.42388379
v 30.67607043 60.36640295 -25.50268008
v 31.14849779 60.05785498 -25.45682737
v 27.91398546 53.92639088 -26.03959004
v 27.54188463 53.38263630 -26.10291393
v 28.39475939 53.59150624 -26.00978957
v 28.00609515 53.06249165 -26.07340338
v 28.46992419 52.73621296 -26.04705139
v 28.69914171 52.57608533 -26.03574461
v 26.94628832 55.37149546 -26.16008893
v 27.40447161 55.06354260 -26.07262550
v 27.84163592 54.75437665 -26.00158053
v 28.28444598 54.46858907 -25.97713590
v 28.76327441 54.15002943 -25.95139428
v 31.60555956 59.76379524 -25.41991631
v 30.33767626 55.56814317 -25.74862046
v 29.96639941 54.98716477 -25.80118689
v 30.57511065 55.42128496 -25.73313276
v 30.20101092 54.84044389 -25.78910191
v 29.19353411 57.94536332 -25.80924402
v 28.69720385 58.26691177 -25.86040679
v 28.34091875 57.66266371 -25.93140583
v 28.81899187 57.35062911 -25.87967849
v 29.66609118 57.64744310 -25.75147419
v 29.30290148 57.05638627 -25.82000132
v 30.13317797 57.35289507 -25.69883132
v 29.76817248 56.76323442 -25.76909795
v 29.59487078 54.41436508 -25.85903287
v 29.82973406 54.26186111 -25.84911463
v 27.98319170 57.08556104 -25.99598094
v 28.46879504 56.75557448 -25.93421330
v 28.94260332 56.44063308 -25.86939392
v 30.60002062 57.05596667 -25.65908213
v 30.23388598 56.46534472 -25.72530518
v 27.19169543 52.86994860 -26.17792605
v 31.07357714 56.75748188 -25.62207952
v 30.70675585 56.16595965 -25.68641047
v 31.31402514 56.61274464 -25.60526431
v 30.94293902 56.01722461 -25.67101433
v 26.74762652 53.19720384 -26.21718697
v 33.62126086 65.61301942 -24.81667629
v 33.60331652 64.65003723 -24.91321850
v 33.39060328 65.79931398 -24.81104583
v 29.56381151 58.54168444 -25.73903842
v 29.06101153 58.85783891 -25.78431130
v 30.03297350 58.24126941 -25.68074980
v 30.49981615 57.94399769 -25.62998376
v 30.96753619 57.65328724 -25.58979206
v 26.32458422 53.51464768 -26.27753553
v 31.44805834 57.35517629 -25.54747939
v 26.41933367 51.84817428 -26.33214646
v 25.98461840 52.19964523 -26.36476981
v 25.60135577 51.72625654 -26.42525558
v 26.02577898 51.36991805 -26.39231179
v 26.85919115 51.49581070 -26.30622172
v 26.45905230 51.00502700 -26.36534945
v 31.68656084 57.20682271 -25.52906201
v 29.92768023 59.15080005 -25.66080671
v 29.42168352 59.46963625 -25.70437061
v 30.29764483 59.74590428 -25.58091179
v 29.79214403 60.07913334 -25.62220213
v 30.39684984 58.84957630 -25.60709573
v 27.30357287 51.13381882 -26.28058690
v 26.89289019 50.63777847 -26.33635769
v 27.52105639 50.95996781 -26.26844088
v 27.10648272 50.45909614 -26.32441003
v 30.76863024 59.44553884 -25.53151904
v 31.23421404 59.14589438 -25.49111372
v 30.86369250 58.55135854 -25.56083103
v 25.86219713 53.85560531 -26.35234943
v 31.33805773 58.24902853 -25.51928130
v 31.82793352 57.96278128 -25.47139917
v 33.13772509 64.05166762 -25.00803651
v 34.05497668 64.29015107 -24.88651556
v 30.56846545 61.30407843 -25.46198504
v 30.17158434 60.69064077 -25.54226143
v 26.68174670 55.56115458 -26.19059128
v 26.33995745 55.01723977 -26.25272498
v 27.37911913 56.66825604 -26.07250369
v 27.03614733 56.09933971 -26.13063959
v 28.08729479 57.82675673 -25.94127830
v 27.73063586 57.25127912 -26.00994275
v 28.80198595 59.01810960 -25.79535869
v 28.44137499 58.42308548 -25.86927217
v 29.54303667 60.23655826 -25.62983155
v 29.17119524 59.62827807 -25.71416677
v 30.31884692 61.46684775 -25.46729513
v 29.92222521 60.84912618 -25.54854808
v 31.13720629 62.71626413 -25.29812114
v 30.72338793 62.09033714 -25.38444000
v 30.96803973 61.92573677 -25.38268522
v 25.98185656 54.50357742 -26.31377531
v 31.46047900 61.59540688 -25.34623191
v 32.69786761 63.44913235 -25.09716300
v 32.06738207 57.81527457 -25.44799216
v 25.62921068 50.89715498 -26.44342866
v 26.04862139 50.52940291 -26.41909083
v 26.47743914 50.14668196 -26.39128925
v 26.36988756 52.69909592 -26.30059143
v 25.93881151 53.00386733 -26.35793401
v 25.56897661 52.53632277 -26.41814511
v 26.81194994 52.35819169 -26.26325311
v 25.63021776 50.07723920 -26.47107745
v 26.04881213 49.68334501 -26.44236035
v 26.68839953 49.95585555 -26.37874650
v 26.25430224 49.48689192 -26.42623177
v 25.21922228 51.26892774 -26.47730323
v 24.81864092 51.62863842 -26.52825239
v 24.42282793 51.19680706 -26.57875891
v 24.82761309 50.82296673 -26.52430023
v 24.38680956 52.01336589 -26.58910450
v 24.01584551 51.58110728 -26.63506390
v 24.42967150 50.40011516 -26.56023461
v 24.04696581 50.79305949 -26.61708892
v 23.64688799 50.39546503 -26.65226036
v 24.01440356 50.01885905 -26.60204363
v 23.64776537 51.19460214 -26.67499609
v 23.25835345 50.81960977 -26.71575225
v 25.48551867 53.36192244 -26.42469127
v 25.13671038 52.89009778 -26.48412417
v 25.18546221 52.06959455 -26.47803578
v 23.05806658 51.03179085 -26.74793307
v 22.70523760 50.68014061 -26.78437101
v 22.88883898 50.47259820 -26.75244958
v 23.80344317 51.78800882 -26.65900498
v 23.44364855 51.40595926 -26.70375894
v 24.74346850 52.44188610 -26.54108516
v 24.52648852 52.61517254 -26.56597227
v 24.17121050 52.19942393 -26.61165702
v 25.26470873 53.54652326 -26.45479689
v 24.93014452 53.05921856 -26.51535894
v 25.62375567 54.02574080 -26.38109701
v 22.30483935 50.34144126 -26.81848960
v 22.48731158 50.12329781 -26.78505756
v 25.22235796 50.45158307 -26.48929651
v 24.81518481 50.02908627 -26.53290606
v 23.26494524 50.02120889 -26.68012285
v 18.91809771 46.98391637 -26.93401335
v 18.73688433 47.49293431 -26.97557837
v 18.21934435 47.34789570 -26.99791722
v 18.38053820 46.83346471 -26.95896144
v 25.63122484 49.20965497 -26.48827396
v 25.21482775 49.63262860 -26.52193492
v 24.79141161 49.20252910 -26.57175480
v 25.18151018 48.78266445 -26.53614072
v 25.82843706 49.01079862 -26.46921570
v 25.37289355 48.57602231 -26.51635003
v 20.92263720 46.55794059 -26.81377402
v 20.68130419 47.09590064 -26.82512665
v 20.17311785 46.85717688 -26.85182949
v 20.39517901 46.31781684 -26.82863604
v 21.15882036 46.07010185 -26.78633864
v 20.60726855 45.81902610 -26.81203440
v 19.10157702 46.45204458 -26.90666951
v 18.54098437 46.29595098 -26.92888628
v 19.28530047 45.93304358 -26.88570385
v 18.70055315 45.76146612 -26.91162850
v 19.45986101 45.37230979 -26.85489626
v 18.86514208 45.22335348 -26.88014954
v 19.54820940 45.11740027 -26.84609190
v 18.94068835 44.94462500 -26.86882747
v 20.86547777 49.01109991 -26.89994080
v 20.72046587 49.26105031 -26.93407475
v 20.29710314 49.02031621 -26.96308167
v 20.43370745 48.76192770 -26.92781857
v 19.98004076 48.55181035 -26.95839715
v 19.85335467 48.81353672 -26.99446897
v 19.40527270 48.61279972 -27.02343012
v 19.51815722 48.34903630 -26.98638173
v 21.69669268 49.54057990 -26.84079782
v 21.53254626 49.77110205 -26.87326856
v 21.14037249 49.49868307 -26.90207711
v 21.29516527 49.25466834 -26.86959111
v 21.93362353 50.04400931 -26.84334612
v 22.10693285 49.81850349 -26.81005141
v 18.94131396 48.42969806 -27.04857657
v 19.04540942 48.17436894 -27.01371020
v 19.73595354 47.85712347 -26.91965497
v 19.24244616 47.67555532 -26.94767008
v 19.95374987 47.36499320 -26.87403111
v 19.43991015 47.17678366 -26.90436555
v 19.63894579 46.66232214 -26.88207238
v 21.88474963 48.33008492 -26.75505849
v 21.59240649 48.79132377 -26.80234555
v 21.14350817 48.53707420 -26.83283257
v 21.41131518 48.07597649 -26.78565232
v 22.85111925 49.68696893 -26.70935864
v 23.60572741 49.63527216 -26.63343089
v 23.17872546 49.28810038 -26.66420781
v 23.96627734 49.21848597 -26.61856877
v 23.52384112 48.85829844 -26.64725523
v 24.35035631 48.78210750 -26.61345700
v 23.89198229 48.40922083 -26.64601920
v 24.72903368 48.35065380 -26.57938405
v 24.25303576 47.97194590 -26.61719527
v 21.28218005 45.79980004 -26.76815012
v 20.72071764 45.54434883 -26.79442571
v 20.69216845 48.27603827 -26.86035938
v 20.93612597 47.82282173 -26.81575787
v 21.67893145 47.61058724 -26.76895913
v 21.19370959 47.33176338 -26.79653171
v 21.95947954 47.11460793 -26.76219940
v 21.45341418 46.82794487 -26.78815456
v 24.42960284 47.75588527 -26.60129558
v 23.77351305 47.58579935 -26.65666970
v 23.93985674 47.36145701 -26.64505772
v 23.42940447 48.04770578 -26.67827622
v 22.24384997 46.59973443 -26.74423973
v 21.71037218 46.30222237 -26.76686846
v 24.91351244 48.14031139 -26.56034105
v 22.38308642 46.34734262 -26.72429645
v 21.84251330 46.04549706 -26.74521620
v 23.09157488 48.51153482 -26.67671990
v 22.32655260 48.63627923 -26.72657038
v 22.02178881 49.08448708 -26.77286562
v 22.62103197 48.20944894 -26.70928210
v 22.16592333 47.88550103 -26.73998273
v 22.94825671 47.71926797 -26.70569621
v 22.46510241 47.39998544 -26.73503881
v 18.56162951 47.99438388 -27.04004684
v 18.47421953 48.23640735 -27.07199878
v 17.98730395 48.09945590 -27.09606187
v 18.06448290 47.85459811 -27.06427777
v 23.27341387 47.24478830 -26.68819430
v 22.76892016 46.90346444 -26.71924588
v 23.43197558 47.00459589 -26.67465971
v 22.91857836 46.65724481 -26.70177452
v 17.49874804 47.96848971 -27.12084212
v 17.57398150 47.70788867 -27.08644877
v 17.98704455 46.14853582 -26.95287307
v 18.12428210 45.60366735 -26.93268561
v 17.84649584 46.67720326 -26.98134606
v 17.70895312 47.20925816 -27.02060701
v 18.33241198 44.77938376 -26.89170037
v 18.26778338 45.06016836 -26.90958371
v 17.63917467 44.92537221 -26.92684138
v 17.69677660 44.64911184 -26.90613516
v 17.52447436 45.48342809 -26.95197270
v 17.40788958 46.03458317 -26.97495252
v 17.28565905 46.56592472 -26.99895469
v 17.16630480 47.10055072 -27.03910065
v 20.21861193 48.05725393 -26.88959519
v 20.13478014 45.32778083 -26.82196779
v 20.03688738 45.57936393 -26.83766912
v 19.84142992 46.13358985 -26.85346206
v 20.44311449 47.59550391 -26.84555825
v 24.39107439 49.62627330 -26.58121532
v 22.77143786 48.93983377 -26.69512206
v 22.44885180 49.37620461 -26.73722113
v 9.25639269 45.71276860 -27.21697212
v 9.39575121 46.24016956 -27.25437150
v 8.76476977 46.41583637 -27.28057087
v 8.60765002 45.89668659 -27.24637584
v 9.11314318 45.18744283 -27.17429321
v 8.44670031 45.37248235 -27.20467349
v 17.05210802 47.60222918 -27.10437783
v 16.53124163 47.49227053 -27.12079627
v 16.62542651 46.98884494 -27.05593107
v 12.59708330 46.28317266 -27.18100725
v 12.63724444 46.81304173 -27.22890468
v 12.04948351 46.85231403 -27.25196071
v 11.98887560 46.32510381 -27.20381915
v 15.78071520 44.36882695 -26.94721177
v 15.75392077 44.65155324 -26.97426565
v 15.10366747 44.61349400 -26.99304922
v 15.12236712 44.33310231 -26.96515610
v 12.11022875 47.37700274 -27.30988316
v 11.53068468 47.45495226 -27.33638769
v 11.44798205 46.93429569 -27.27645108
v 15.69581530 45.21083744 -27.00997131
v 15.06589434 45.17556675 -27.02996032
v 11.37005541 46.41097264 -27.22739399
v 10.86035082 47.01383975 -27.29553984
v 10.75889513 46.49093250 -27.24480428
v 12.55648730 45.74781710 -27.14151742
v 11.92655871 45.78987127 -27.16196420
v 12.51469347 45.20406252 -27.10134094
v 11.86820910 45.25543600 -27.12433594
v 13.80454180 47.29614548 -27.23761752
v 13.80454180 47.56512359 -27.27188881
v 13.25932238 47.56515411 -27.29573830
v 13.24796984 47.29521850 -27.26148227
v 11.29412768 45.88756566 -27.18340282
v 11.21198962 45.34211736 -27.14887209
v 11.80163500 44.70385653 -27.07985648
v 11.13763354 44.81154257 -27.10431634
v 11.77169726 44.43353946 -27.05451159
v 11.09364245 44.53306205 -27.07816273
v 15.63733599 45.77007206 -27.03530099
v 15.02943346 45.73634250 -27.05876900
v 15.57546923 46.31196506 -27.06128680
v 14.99140856 46.27859027 -27.08568560
v 14.95175097 46.80300814 -27.12722011
v 14.38445208 46.76613908 -27.15128321
v 14.40164873 46.23730380 -27.10874162
v 15.46408770 47.35964494 -27.16374974
v 15.43209002 47.63250642 -27.19925698
v 14.89019701 47.59808640 -27.22344216
v 14.90977404 47.32472520 -27.18817905
v 14.36575243 47.29414277 -27.21097568
v 13.79437182 44.31464299 -26.99985459
v 13.79524920 44.59598835 -27.02649648
v 13.13671801 44.60675724 -27.04338796
v 13.12580035 44.32621677 -27.01744797
v 13.79362414 45.14051349 -27.06739012
v 13.15534899 45.14993197 -27.08087889
v 13.80139849 45.70077807 -27.10028816
v 13.17988512 45.69943911 -27.11855293
v 13.80472491 46.24281221 -27.13446794
v 13.20310137 46.23790269 -27.15644059
v 13.80429003 46.76969819 -27.17784876
v 13.22713396 46.77094941 -27.20232386
v 16.48072741 47.76515871 -27.15773784
v 15.95283434 47.69621186 -27.17829142
v 15.99468157 47.42262560 -27.14167028
v 16.99149248 47.87404161 -27.14026654
v 9.80110094 47.74955370 -27.39162456
v 9.87289355 48.00803758 -27.42969528
v 9.30439684 48.16090775 -27.45101183
v 9.22332690 47.90553285 -27.41269697
v 14.41846392 45.69356830 -27.07814766
v 14.43785021 45.14242465 -27.04874388
v 12.46819994 44.64902408 -27.06328543
v 12.44805834 44.37725361 -27.03688768
v 9.90966723 45.57570653 -27.19351934
v 10.02918932 46.10850529 -27.23291762
v 12.67420122 47.33441833 -27.28743748
v 16.31068346 45.28579243 -26.99068421
v 16.23086474 45.84006794 -27.01380137
v 14.35508654 47.56357102 -27.24591835
v 16.15180895 46.39147861 -27.04088581
v 16.07562945 46.91857821 -27.07982633
v 15.51886675 46.83701617 -27.10230251
v 9.07273791 47.41271975 -27.35283666
v 8.65960619 48.06403733 -27.43701951
v 8.47958300 47.56773760 -27.37566383
v 14.45529101 44.58061512 -27.00995595
v 14.46401903 44.30034550 -26.98220017
v 8.74983141 48.31804657 -27.47370168
v 10.37681505 47.63662340 -27.37667092
v 10.44445727 47.90565492 -27.41362776
v 10.46762011 44.90929037 -27.13234675
v 10.41334460 44.63355643 -27.10269888
v 11.57072375 47.72202303 -27.36896525
v 11.01339648 47.79274751 -27.38910686
v 10.95779345 47.52076342 -27.35460670
v 10.56254504 45.43598180 -27.17021915
v 12.14053271 47.64585879 -27.34311685
v 10.66746447 45.97987370 -27.20825940
v 10.14132616 46.61867908 -27.26386253
v 9.53456042 46.75411991 -27.28629297
v 12.69334338 47.60302642 -27.32172402
v 17.06742022 44.52911291 -26.91666370
v 17.01960680 44.80670461 -26.93793450
v 16.38893053 44.72780904 -26.95595512
v 16.42576525 44.44538793 -26.93198352
v 16.92460558 45.36737737 -26.96926089
v 16.82646868 45.91415318 -26.99364452
v 16.72751543 46.46416767 -27.01824178
v 10.26074145 47.13498690 -27.31693268
v 9.72914049 44.78136450 -27.12737236
v 9.78605578 45.04438024 -27.15518918
v 9.04638598 44.92688757 -27.15129817
v 9.66355822 47.25145342 -27.33138278
v 8.91818163 46.92006305 -27.31185147
v -8.22453382 66.29518563 -30.04122475
v -7.97261121 66.42195565 -30.04302530
v -8.28270033 67.20819526 -30.13282341
v -8.53433302 67.08203940 -30.13178579
v -20.01370886 86.52453244 -32.56162904
v -19.58331945 86.86602034 -32.52084236
v -20.10330847 87.53686535 -32.61202899
v -20.51952245 87.18965923 -32.65705762
v -19.14884832 87.20617689 -32.50160108
v -19.67499426 87.88751233 -32.59243676
v -20.23609045 86.34792721 -32.59583922
v -20.73956945 87.00669871 -32.68989450
v -18.68269232 87.56237044 -32.48522845
v -19.23576238 88.24352658 -32.59695342
v -18.24113348 87.90698257 -32.45207116
v -18.77894476 88.60459531 -32.58007726
v -17.79543951 88.25933472 -32.40537933
v -18.33958318 88.96620191 -32.54179301
v -21.27693823 87.64324579 -32.79319661
v -21.06152990 87.83004389 -32.76089378
v -21.60272863 88.47547539 -32.86592013
v -21.80823400 88.28567512 -32.89980987
v -19.24931219 85.01688019 -32.39964149
v -19.02900579 85.18111817 -32.36877299
v -19.50990179 85.85779967 -32.46664297
v -19.73021581 85.68713011 -32.50155505
v -18.58373907 85.50809114 -32.33119064
v -19.06413152 86.19729629 -32.42704647
v -17.19770696 86.50976961 -32.29450868
v -16.74066045 86.84076327 -32.25247077
v -17.25988653 87.56606691 -32.31631366
v -17.71110418 87.22504822 -32.36042676
v -18.12512090 85.83534257 -32.32069265
v -18.62528875 86.53020111 -32.41270326
v -17.67346075 86.16643159 -32.31150691
v -18.17669561 86.87394348 -32.38348274
v -17.66216924 84.10890217 -32.14060814
v -17.20298650 84.41797276 -32.12791288
v -17.64271429 85.13887424 -32.22389078
v -18.10578802 84.81765384 -32.23951573
v -16.72961309 84.73122807 -32.13358920
v -17.18333318 85.45843142 -32.22827010
v -14.12174871 82.32962825 -31.74258234
v -13.87408331 82.47616604 -31.71980099
v -14.25334051 83.26140620 -31.80209177
v -14.49503973 83.11225153 -31.82601752
v -14.90101507 83.87179589 -31.91369465
v -14.66125372 84.02342248 -31.88755637
v -15.08531072 84.79149268 -31.97147983
v -15.32324102 84.63569281 -31.99784700
v -15.77258184 85.37480566 -32.08245710
v -15.53690984 85.53420278 -32.05692917
v -16.00575140 86.28358098 -32.14187497
v -16.23635748 86.12055607 -32.16856257
v -21.40582922 92.34469227 -33.08876012
v -21.20804479 92.54828267 -33.06773354
v -21.88158300 93.21601870 -33.17875660
v -22.07245519 93.00788119 -33.20086655
v -24.95772436 95.48287577 -33.66973902
v -24.78447607 95.70804209 -33.65191679
v -25.55997350 96.28514474 -33.77180519
v -25.73128393 96.05370705 -33.78800999
v -16.24607732 85.05593892 -32.11683510
v -16.69924810 85.79399127 -32.21005116
v -23.47794225 94.26989363 -33.43936163
v -23.29503515 94.48762129 -33.41912851
v -24.03589513 95.09457776 -33.53770466
v -24.21410253 94.87366864 -33.55606094
v -18.35478094 83.64202136 -32.20551895
v -18.12556341 83.79801197 -32.17820575
v -18.56146124 84.49906939 -32.27285613
v -18.78440740 84.33978670 -32.29946743
v -17.69724920 83.09538671 -32.08343329
v -17.23423650 83.39907858 -32.04331799
v -16.76971319 83.70026037 -32.03568864
v -16.29482916 84.00457022 -32.04064780
v -15.80189398 84.32348273 -32.02956997
v -16.35977056 82.96198677 -31.94239628
v -15.88484075 83.25673317 -31.94813364
v -16.83715704 82.66636680 -31.95225341
v -17.30105474 82.37184165 -31.99323847
v -17.53767278 82.22166846 -32.02273369
v -17.93003729 82.94165059 -32.11172306
v -14.61244085 82.03907038 -31.77189443
v -14.98885992 82.81226754 -31.85845766
v -15.10883978 81.75008418 -31.77357284
v -15.48142889 82.51585031 -31.86073117
v -15.39108160 83.56577324 -31.94364760
v -15.96804693 82.22460580 -31.85255241
v -16.44811895 81.93457055 -31.86594958
v -16.91673162 81.64695000 -31.90553084
v -17.15359380 81.49895119 -31.93536174
v -16.51124456 87.00635165 -32.22634775
v -17.03512457 87.73595446 -32.29209799
v -17.57676580 88.43476883 -32.37698275
v -18.12235906 89.14781584 -32.51214522
v -18.91737249 89.65494167 -32.66665580
v -18.70214727 89.83954632 -32.64143305
v -19.29818609 90.53931055 -32.74172918
v -19.51096990 90.34777078 -32.76603640
v -21.15685156 91.29587179 -33.00237994
v -20.75055578 91.69518286 -32.97764551
v -21.80484655 91.93640903 -33.11425749
v -21.56966284 90.89592748 -33.00819348
v -22.20159033 91.53345875 -33.11598167
v -21.97269323 90.50303274 -33.01165716
v -22.59909704 91.13125614 -33.12316849
v -22.36342504 90.11775594 -33.03793273
v -22.98537328 90.73266605 -33.15432687
v -22.75972631 89.72562794 -33.08959892
v -23.37253454 90.33143236 -33.20451296
v -22.96008947 89.52772526 -33.11793446
v -23.57024267 90.12618257 -33.23342834
v -24.58042028 94.42477795 -33.56217965
v -25.31325414 95.02593226 -33.67732257
v -24.94052770 93.98558422 -33.56065370
v -25.65817907 94.58138270 -33.67756663
v -22.46726110 92.58602144 -33.22166421
v -22.77278784 93.63684845 -33.31982417
v -23.15843847 93.20576477 -33.33247364
v -22.58548620 93.84974671 -33.29789733
v -22.84895971 92.17395784 -33.23124666
v -23.53842809 92.78250885 -33.34208661
v -23.23618200 91.76137544 -33.23443568
v -23.90708044 92.36965179 -33.34699987
v -20.12483862 91.01607521 -32.86885023
v -19.91544225 91.21258172 -32.84519914
v -20.54555395 91.89699561 -32.95590177
v -23.61046484 91.35217286 -33.27096516
v -24.27709081 91.95006561 -33.38349882
v -23.98018530 90.94366455 -33.32420300
v -24.63432958 91.53564833 -33.44224509
v -24.17638281 90.73134994 -33.35015817
v -24.82369116 91.31890104 -33.46726947
v -20.54430273 90.62549217 -32.89303535
v -20.96233251 90.23809059 -32.89958131
v -21.37596777 89.85546119 -32.90005427
v -21.77666357 89.48053748 -32.92402576
v -22.17775610 89.10081106 -32.97830122
v -22.38155248 88.90836721 -33.01060404
v -19.36193731 89.27727901 -32.69174119
v -19.93677404 89.96636972 -32.78866513
v -19.79653051 88.90996181 -32.69140543
v -20.36296728 89.58781823 -32.79330374
v -20.22711828 88.54587184 -32.68951328
v -20.78789404 89.21160898 -32.79322738
v -20.65148046 88.18514262 -32.71113493
v -21.19606664 88.84643945 -32.81274331
v -15.60560491 81.46411921 -31.76992595
v -13.75279119 81.55279950 -31.65402020
v -13.50482061 81.69659070 -31.63163558
v -25.28764990 92.12404248 -33.55923432
v -25.47200659 91.90252300 -33.58451810
v -24.93514135 92.55135343 -33.49632241
v -24.58199194 92.97634886 -33.45581039
v -24.22438696 93.39802931 -33.44918815
v -23.85379675 93.82978056 -33.44746397
v -25.28865698 93.55509563 -33.57406610
v -25.63809850 93.12109370 -33.61817919
v -12.75924566 79.16750749 -31.39811466
v -12.50688055 79.30244859 -31.38433600
v -12.82581976 80.10857040 -31.46514667
v -13.07850530 79.97046692 -31.48125993
v -15.05424383 78.89493590 -31.54148620
v -14.57140997 79.15964156 -31.52198551
v -14.90849188 79.93074064 -31.60751115
v -15.38712957 79.66403608 -31.62302929
v -15.54443243 78.62632399 -31.57629145
v -15.87084844 79.38961819 -31.66167976
v -15.78939703 78.49145155 -31.59679924
v -16.11292913 79.25241497 -31.68279790
v -12.95013311 78.10845599 -31.32955675
v -12.44940069 78.36980090 -31.31380972
v -13.25916937 78.90185197 -31.41557067
v -13.45518377 77.84761461 -31.33978009
v -13.75901678 78.63723405 -31.42489375
v -13.94869878 77.59128221 -31.34985085
v -14.25628545 78.37461503 -31.43473562
v -14.44283941 77.33294328 -31.37121312
v -14.74697759 78.11339218 -31.45603685
v -14.93176153 77.07429917 -31.40485870
v -15.23509100 77.85123855 -31.49033857
v -15.17823675 76.94333298 -31.42011747
v -15.48055914 77.71813613 -31.50831340
v -12.09023931 75.68971671 -31.06773079
v -11.57795599 75.94353141 -31.06451123
v -11.86108282 76.75677144 -31.14678675
v -12.37184026 76.49927938 -31.15650656
v -14.89524725 76.15712389 -31.33648392
v -14.64092901 76.28703722 -31.32067584
v -14.15043524 76.54090533 -31.28808310
v -13.65522649 76.79470477 -31.26640041
v -12.15135076 77.55989491 -31.22915383
v -12.65363958 77.30323444 -31.24255100
v -12.86736944 76.24679982 -31.16428850
v -13.15870550 77.04741321 -31.25440704
v -13.36338690 75.99542653 -31.17841810
v -13.86103704 75.74361836 -31.20374765
v -12.17243841 68.11793565 -30.44663581
v -11.91892889 68.24189805 -30.44213449
v -12.20298650 69.05387543 -30.53283286
v -12.45460394 68.92946289 -30.53892110
v -11.41299322 68.48900652 -30.42989698
v -11.70001104 69.30302475 -30.52151088
v -11.04518011 74.30955165 -30.81657090
v -10.79305723 74.43282740 -30.82879321
v -11.05464056 75.24892083 -30.94660645
v -11.31730535 75.11771050 -30.94472960
v -11.32615545 76.06909598 -31.05755324
v -11.60984686 76.88409078 -31.13795193
v -11.89904669 77.68925129 -31.21900675
v -12.19810369 78.50146899 -31.30210625
v -14.35993841 75.49576221 -31.23713384
v -14.61213567 75.36854969 -31.25291140
v -11.80428961 74.87468377 -30.94984126
v -12.31066778 74.62824669 -30.96026297
v -12.59428289 75.43951072 -31.07034001
v -12.81039312 74.38503685 -30.97654406
v -13.08441045 75.19324912 -31.07983093
v -13.29662969 74.14184227 -31.00776350
v -13.58288458 74.94453085 -31.10668636
v -10.03619459 66.32608084 -30.14774636
v -9.53370741 66.57948737 -30.13923199
v -9.83187940 67.37918141 -30.22996088
v -10.33374098 67.12903645 -30.23893301
v -13.80369451 73.89990653 -31.04932840
v -14.07783392 74.69678152 -31.14301750
v -14.05624273 73.77483023 -31.06664711
v -14.33108404 74.57058370 -31.16015310
v -11.27659490 73.27772183 -30.71920440
v -10.78608396 73.51328702 -30.72626926
v -11.53272894 74.06948512 -30.81553326
v -11.76997259 73.03852505 -30.72877162
v -12.04128912 73.82368892 -30.83182961
v -12.28211858 72.79390377 -30.75594748
v -12.53655889 73.58288996 -30.85844090
v -12.77744940 72.55600399 -30.78121600
v -13.02662542 73.33942835 -30.89132355
v -13.24316290 72.29603236 -30.83579665
v -13.53123357 73.09376946 -30.94543118
v -13.50845220 72.17082636 -30.86782482
v -13.78536871 72.97153893 -30.96860926
v -10.74574354 71.66680572 -30.59064884
v -10.23992994 71.90895125 -30.59409736
v -10.50617674 72.70295378 -30.64376485
v -11.00576666 72.46606489 -30.64338334
v -11.23693731 71.42732665 -30.59560791
v -11.49922064 72.22741361 -30.65554456
v -11.73094061 71.18281981 -30.62452327
v -11.99624517 71.98610730 -30.68998361
v -10.91127088 68.73547792 -30.41862077
v -11.19024542 69.54261826 -30.50809844
v -12.23713567 70.93577238 -30.67304618
v -12.50562933 71.74594922 -30.72704717
v -12.74394109 70.68388791 -30.70373156
v -13.01319769 71.49300426 -30.77181641
v -12.99687078 70.55708356 -30.71528245
v -13.26029852 71.36682552 -30.79146971
v -9.32971266 67.62907842 -30.22359801
v -8.82948377 67.87778905 -30.22237735
v -9.12051466 68.67339756 -30.31017655
v -9.62344434 68.42593052 -30.31241955
v -10.12498548 68.17857029 -30.31982002
v -10.62866285 67.93048145 -30.32935673
v -10.83961561 66.87725499 -30.24715746
v -11.13365057 67.68183566 -30.33871032
v -11.34266546 66.62557271 -30.25518354
v -11.63920477 67.43196536 -30.34957454
v -10.40747144 68.98204470 -30.40824484
v -10.68725660 69.78801774 -30.49612033
v -11.59396246 66.50028279 -30.25844890
v -11.89082220 67.30788852 -30.35340448
v -10.18415907 70.03263139 -30.48661415
v -9.68022230 70.27743958 -30.48070904
v -9.96673658 71.09801529 -30.55576715
v -10.47210767 70.85576294 -30.55297476
v -10.96140936 70.61668060 -30.55372240
v -11.47430303 70.36295745 -30.57242963
v -14.07382086 79.42890578 -31.51234200
v -9.03210523 66.83162360 -30.13285386
v -9.90341261 69.22847414 -30.40015772
v -11.97321966 70.11228988 -30.59681314
v -12.46421697 69.86590239 -30.61851109
v -12.71952703 69.74156615 -30.62775790
v -9.40275648 69.47385454 -30.39669401
v -13.57623174 79.69917709 -31.50092847
v -8.86789015 68.79751255 -30.30944415
v -9.14968946 69.59712267 -30.39582428
v -8.57730177 68.00245336 -30.22254521
v -9.42842176 70.39984940 -30.47907637
v -9.71229627 71.21851776 -30.55793392
v -9.99364927 72.02539870 -30.60161997
v -10.25549009 72.82207151 -30.65234031
v -10.53057554 73.63333554 -30.73882726
v -11.29609564 65.69390539 -30.16309660
v -11.04611089 65.81997351 -30.16088409
v -10.54130628 66.07419257 -30.15532993
v -16.19958379 80.15129878 -31.74748005
v -16.44309881 80.01106288 -31.77003252
v -14.25096014 81.26632336 -31.68169960
v -14.74722173 80.98656872 -31.68708590
v -15.24638250 80.70548275 -31.68954252
v -15.72314336 80.43180111 -31.70355005
v -16.08230474 81.18326975 -31.78492529
v -16.55384710 80.90320993 -31.82678010
v -16.79574468 80.75728631 -31.85246062
v -13.40711858 80.75859099 -31.56416106
v -13.90759161 80.47919874 -31.58848353
v -14.40487554 80.20607404 -31.59939352
v -13.15933111 80.89833861 -31.54655244
v -8.72149732 66.04224831 -30.04076694
v -9.22398451 65.78665978 -30.04638213
v -41.55196264 101.40678360 -36.16496399
v -41.36208227 101.93604233 -36.11399972
v -42.28967931 102.26796675 -36.24217360
v -42.47228124 101.73809003 -36.29263433
v -41.17252233 102.46190599 -36.06353899
v -40.98195532 102.98859362 -36.02034144
v -41.92317846 103.32729294 -36.14834748
v -42.10614660 102.79868270 -36.19236900
v -40.78951147 103.51649432 -35.98462070
v -41.73856237 103.85667374 -36.11261148
v -40.59480932 104.04804187 -35.95425580
v -41.55089452 104.39108995 -36.08268908
v -41.45758703 104.65746263 -36.06659110
v -42.42760351 105.00531722 -36.19299497
v -42.51627233 104.73725081 -36.20894036
v -39.64913061 103.67291982 -35.82269446
v -39.54729345 103.93736990 -35.80710002
v -40.49767187 104.31376606 -35.93773057
v -41.64896276 101.13935806 -36.18733333
v -42.56482580 101.46994733 -36.31495789
v -37.77850988 102.90393793 -35.56021264
v -37.66925695 103.16502344 -35.54515226
v -38.60457494 103.56787834 -35.67669835
v -38.70986059 103.30458031 -35.69253693
v -35.93579748 102.08280150 -35.30349864
v -35.81857946 102.34032408 -35.28975052
v -36.73964575 102.76916470 -35.41632224
v -36.85266760 102.50961270 -35.43058917
v -42.69458654 104.19945479 -36.23784042
v -42.86960485 103.66669416 -36.27446143
v -43.04291418 103.13474225 -36.31967313
v -34.86757543 99.69336671 -35.13607882
v -34.62222936 100.19591494 -35.09639079
v -35.50345495 100.64254730 -35.22610583
v -35.73795202 100.13704650 -35.27020365
v -32.61856725 99.77902961 -34.80534458
v -32.35170629 100.27675605 -34.79341229
v -33.23123815 100.75473760 -34.92097584
v -33.48561743 100.25518010 -34.93823345
v -32.88173559 99.28523993 -34.82579128
v -33.74088171 99.75505802 -34.96400547
v -33.14113500 98.79388403 -34.86415179
v -33.99419286 99.25640079 -35.00276271
v -33.40077856 98.30044530 -34.91651988
v -34.24875524 98.75548526 -35.05003436
v -33.66519811 97.80236790 -34.97341982
v -34.50125768 98.25691194 -35.10084604
v -33.79733923 97.55110904 -34.99647581
v -34.62888220 98.00329561 -35.12464971
v -30.90512731 98.80989818 -34.54248126
v -30.61723974 99.30313854 -34.53680507
v -31.47481420 99.80747964 -34.66510106
v -31.75372961 99.30830362 -34.67308132
v -31.18535497 98.32731609 -34.55519176
v -32.02435949 98.82057931 -34.68924030
v -31.46263769 97.84453562 -34.59275882
v -32.29221227 98.33310677 -34.72575450
v -31.73746374 97.36074045 -34.64857539
v -32.55884435 97.84351325 -34.78025882
v -29.23979833 97.78795608 -34.29937807
v -28.93446996 98.26892074 -34.28468393
v -29.76706579 98.79971296 -34.41220172
v -30.06424597 98.31307966 -34.41790843
v -29.54111364 97.31189331 -34.30549677
v -30.35614660 97.83088666 -34.42550723
v -34.37325170 100.69926424 -35.07093921
v -35.26582983 101.14771240 -35.19954036
v -34.12300756 101.20568057 -35.04904293
v -35.02237585 101.66117066 -35.17517216
v -39.85155370 103.14609487 -35.85218961
v -38.92012670 102.77948722 -35.72073508
v -35.11115148 99.18929261 -35.18402185
v -35.35399511 98.68547790 -35.23727494
v -35.47867468 98.42978637 -35.26100232
v -40.05266454 102.62157399 -35.88749836
v -32.82356909 97.35147833 -34.83979853
v -30.63907507 97.35607892 -34.46153315
v -36.20961645 99.11650815 -35.37571801
v -36.32996252 98.85855832 -35.39859089
v -28.41600683 97.27119432 -34.17205865
v -28.10751989 97.74380480 -34.15976014
v -33.10079076 101.00856755 -34.91002007
v -33.99719885 101.45993777 -35.03717164
v -31.33689001 100.05649545 -34.65376382
v -32.21579626 100.53038764 -34.78122056
v -35.97255590 99.62795225 -35.32278535
v -40.25195959 102.09822803 -35.92956676
v -39.12776830 102.25786551 -35.75457899
v -29.61897924 99.04494459 -34.40216148
v -30.47498205 99.54901867 -34.52777191
v -39.33489111 101.73639639 -35.79660161
v -39.53913000 101.21802480 -35.84721493
v -40.44998815 101.57575183 -35.98059207
v -27.95084264 97.98355852 -34.14552373
v -28.78180578 98.51134476 -34.27302626
v -39.74671056 100.69213063 -35.89654651
v -40.64864233 101.04981188 -36.03025934
v -39.85030248 100.42929798 -35.91943465
v -40.74985388 100.78409532 -36.05323903
v -37.07811620 101.99083675 -35.45617807
v -37.99730566 102.38235437 -35.58776993
v -37.30211523 101.47521175 -35.48826722
v -38.21271398 101.86520349 -35.62005745
v -37.52318456 100.96274531 -35.53131218
v -38.42787817 101.34728966 -35.66395690
v -37.20630529 99.26445735 -35.52887050
v -37.09015539 99.52304805 -35.50668426
v -37.96549108 99.92966424 -35.63469031
v -38.07742956 99.66912041 -35.65701387
v -36.85861852 100.03937496 -35.45428566
v -37.74216345 100.44994318 -35.58360397
v -36.17178991 101.56587187 -35.32660037
v -38.64034155 100.83249626 -35.71556204
v -38.85613134 100.31018790 -35.76551923
v -38.96393469 100.04912527 -35.78805642
v -36.40149572 101.05741086 -35.35786554
v -36.63109472 100.54833951 -35.40281785
v -34.90215185 101.91651124 -35.16241585
v -43.21727636 102.60057781 -36.36811970
v -43.39034155 102.06732891 -36.41870250
v -43.47812536 101.79752299 -36.44145331
v -44.39681127 102.10140176 -36.57484569
v -44.31410864 102.37284036 -36.55011124
v -45.23386266 102.66847937 -36.68303060
v -45.31619909 102.39719336 -36.71013016
v -44.15096166 102.91049143 -36.49498132
v -45.07166174 103.20569557 -36.62211760
v -43.99115637 103.43650767 -36.44398653
v -43.82361486 103.97269390 -36.40013286
v -43.65576818 104.50873516 -36.36348134
v -44.91278722 103.73181863 -36.56236427
v -44.74506262 104.26821085 -36.52040269
v -44.57715490 104.80449625 -36.48370538
v -43.48546484 105.04927777 -36.33532896
v -44.40691259 105.34488627 -36.45514102
v -43.40082433 105.31879376 -36.31932253
v -44.32233312 105.61437175 -36.43858528
v -31.20462682 96.39053706 -34.57661478
v -30.91724279 96.87910824 -34.51557970
v -32.01821020 96.86764504 -34.70706225
v -31.34644201 96.14953974 -34.60371435
v -32.15865209 96.62071968 -34.73619123
v -28.72936132 96.79468141 -34.18383836
v -29.02904394 96.32939897 -34.21527139
v -29.83341100 96.84334929 -34.34062242
v -29.33042028 95.85992035 -34.26150544
v -30.12650182 96.36801893 -34.39021341
v -29.63117101 95.38724883 -34.31584191
v -30.42021826 95.88859540 -34.44757112
v -29.78151586 95.15097411 -34.34277364
v -30.56723669 95.65013867 -34.47444181
v -26.83412817 96.17124929 -33.92266882
v -26.50307348 96.63633719 -33.91012617
v -27.30046728 97.18728626 -34.03579765
v -27.62486913 96.71675480 -34.04548690
v -32.96300390 97.09896063 -34.86613516
v -26.07231786 95.59612267 -33.79777554
v -26.40944555 95.14458840 -33.80223103
v -27.16135290 95.71223440 -33.92999297
v -25.97560766 92.69383616 -33.67869548
v -26.74075964 94.69620125 -33.82258618
v -27.48425939 95.25540151 -33.95262168
v -28.28385046 94.11262119 -34.07579044
v -28.12171056 94.34453953 -34.05039985
v -28.87825659 94.86172853 -34.18222061
v -29.03438451 94.62826524 -34.20811474
v -27.06917455 94.24742118 -33.86283880
v -27.80238989 94.79964055 -33.99482741
v -28.56464269 95.33005511 -34.12826561
v -28.25342443 95.79278171 -34.08248932
v -27.39685705 93.79932394 -33.92642210
v -26.83989599 93.02988044 -33.83006272
v -26.66678503 93.26060478 -33.79995717
v -27.56557348 93.56946554 -33.95416254
v -26.15526464 92.46669763 -33.70671058
v -26.34010961 93.69643396 -33.73529049
v -27.14006689 97.42276753 -34.02127132
v -27.94319799 96.25088489 -34.05763282
v -26.00040319 94.13873667 -33.69587711
v -26.33849218 96.86919013 -33.89588976
v 3.62980578 50.45959944 -27.80637414
v 3.80343554 50.66534514 -27.83350430
v 3.27070544 51.01274961 -27.88727633
v 3.09400866 50.81597227 -27.86312164
v 2.00665209 51.61753932 -27.99814679
v 2.19395373 51.80535975 -28.02112656
v 1.66148302 52.24965753 -28.09922111
v 1.46633837 52.06494226 -28.07782826
v 0.92864916 52.51293267 -28.15599911
v 1.12756274 52.69368065 -28.17606445
v 0.60687182 53.18290030 -28.25843147
v 0.40176317 53.00532615 -28.24121953
v 3.30891344 50.05430312 -27.77220965
v 2.74613879 50.42409987 -27.83411462
v 1.44656298 50.02123731 -27.87230730
v 1.82549975 50.43406385 -27.88340051
v 1.25486681 50.85600368 -27.96279205
v 0.87455675 50.46051113 -27.95667322
v 2.18849108 50.82792752 -27.89469207
v 1.63336108 51.24093715 -27.97232886
v 2.54019091 51.21691983 -27.92791052
v 0.69416735 51.32155695 -28.04547951
v 1.08262560 51.69620600 -28.05312422
v 0.53114245 52.15072717 -28.13591849
v 0.12609789 51.78323449 -28.12627487
v 2.72323534 51.40864651 -27.95322488
v 4.18217394 50.10093780 -27.75832416
v 4.34677050 50.31090636 -27.78357749
v 0.28623888 50.93256465 -28.04023042
v 2.38716051 50.01263518 -27.81414079
v -0.01419141 52.65095603 -28.22037597
v 0.47454760 50.06223766 -27.94536639
v -0.10273817 50.55218592 -28.02422389
v -6.15016248 61.70544687 -29.47316980
v -5.90989759 61.83900515 -29.48066189
v -6.28859022 62.57290901 -29.57371010
v -6.53067091 62.44073929 -29.56786596
v -5.37535169 60.25598401 -29.27820801
v -5.12587049 60.39248342 -29.29056766
v -5.52456739 61.10568111 -29.38445510
v -5.76055982 60.97011440 -29.37323987
v -6.38816908 58.68302987 -29.10222814
v -5.91467359 58.97901223 -29.10653117
v -6.32310560 59.68267317 -29.23598685
v -6.81077650 59.39888067 -29.23974047
v -7.90867689 65.50647028 -29.94709315
v -7.65786817 65.63517054 -29.94962613
v -5.43841627 59.24912521 -29.12912948
v -5.83360365 59.97732038 -29.24999447
v -5.05502393 57.63456798 -28.90198688
v -4.55549696 57.93077922 -28.92228112
v -4.99516370 58.57598185 -29.00718113
v -5.46948316 58.29540323 -28.99404327
v -5.48277357 57.32286907 -28.88822341
v -5.93594434 58.01140665 -28.99964320
v -7.24372938 63.95581876 -29.75747192
v -6.99505689 64.08670865 -29.76214113
v -7.32988050 64.86010417 -29.85691360
v -7.57887342 64.73109493 -29.85274793
v -5.97290113 57.01971508 -28.90659494
v -6.45379713 57.70735239 -29.00174886
v -6.46905592 56.71659160 -28.90603031
v -6.93156507 57.41812968 -28.99303604
v -6.70980909 56.56803203 -28.90850221
v -7.17433241 57.27255320 -28.99125074
v -7.73944166 59.84801357 -29.38134210
v -7.23098829 60.13534992 -29.38036559
v -7.62435987 60.88135782 -29.47999034
v -8.13003614 60.59973017 -29.48026496
v -7.38365247 62.93288100 -29.66143294
v -6.89096143 63.19747985 -29.66291308
v -7.73875501 63.69477140 -29.75648006
v -7.88018873 62.66632712 -29.66715494
v -8.23602369 63.43239270 -29.76137809
v -6.24177625 60.68829220 -29.36619026
v -6.64067152 61.43295733 -29.47397847
v -6.73246839 60.39661663 -29.37313296
v -7.13398817 61.15818468 -29.48029556
v -3.61634901 56.61593702 -28.79136050
v -3.15647962 56.91622999 -28.80498665
v -3.62469557 57.55507732 -28.88648394
v -4.09417799 57.27163769 -28.86170362
v -4.07560804 56.30761793 -28.79810483
v -4.55951002 56.98116376 -28.85712594
v -4.56170728 56.01050641 -28.81322624
v -5.04586866 56.67405011 -28.84853519
v -5.04637220 55.68560102 -28.79503771
v -5.51478651 56.36267163 -28.83974608
v -5.49777296 55.37587813 -28.76863996
v -5.99134901 56.05038526 -28.82824090
v -5.72354200 55.22043684 -28.75722636
v -6.21812513 55.89722516 -28.82947684
v -7.02261427 62.17305817 -29.56701143
v -7.51667860 61.90317978 -29.57284024
v -8.01634290 61.62953819 -29.57915734
v -8.51927259 61.35529961 -29.57923358
v -4.11349561 58.19217753 -28.95835294
v -3.87123182 58.33685374 -28.98368256
v -4.30381849 59.00458596 -29.06788066
v -4.53974989 58.85774301 -29.03879739
v -4.94371107 59.53958579 -29.15734303
v -4.70420912 59.68392821 -29.17504325
v -7.30340650 59.10701818 -29.24976544
v -6.64329603 63.32913268 -29.66805532
v -8.07551649 64.47242794 -29.85178658
v -8.40776136 65.25023706 -29.94687948
v -8.38003614 62.39796126 -29.67331945
v -1.31445387 50.46536341 -28.06179101
v -1.10989454 50.65040674 -28.07914029
v -1.68956068 51.18473137 -28.16243810
v -1.89807203 51.00438775 -28.14415805
v -0.68246534 51.03607263 -28.10677402
v -1.26205518 51.55568016 -28.19315411
v -7.36973646 58.09752724 -29.11161220
v -7.61200025 57.95439980 -29.11399255
v -0.28540113 51.40917291 -28.11525797
v -0.83569410 51.92665947 -28.20038683
v -6.87797620 58.38745949 -29.10590546
v -0.42488172 52.29040611 -28.20856560
v -8.04162672 58.68219061 -29.25100134
v -7.79779127 58.82270880 -29.25051308
v -8.22654798 59.56982868 -29.36847890
v -8.47590711 59.42931812 -29.36437426
v -0.64920118 54.03301319 -28.39948386
v -0.43792799 54.20039448 -28.41516992
v -0.94888380 54.73040088 -28.49105196
v -1.16417005 54.56950458 -28.47452667
v -2.48106458 51.53986442 -28.23049236
v -2.27017286 51.71464622 -28.24616317
v -2.82943800 52.28585134 -28.33646477
v -3.05224683 52.11138235 -28.31975637
v -1.83915785 52.07035910 -28.27780995
v -2.39289930 52.63228688 -28.36805052
v -1.39326551 52.44252096 -28.28974239
v -1.93898084 52.99600300 -28.38166142
v -0.97035291 52.79907309 -28.29239747
v -1.50038221 53.34887013 -28.37992198
v -1.67004469 55.13966448 -28.55384195
v -1.45784071 55.29431230 -28.56836834
v -1.95027235 55.86090164 -28.64908743
v -2.17065504 55.70671158 -28.63776538
v 0.07948229 53.67313467 -28.33597672
v -0.12864759 53.50158010 -28.31842908
v -0.54855421 53.15179525 -28.30002693
v -1.08154371 53.69258198 -28.38320267
v -8.57328870 64.21262798 -29.85685246
v -3.12793043 55.99995498 -28.71758415
v -2.65976026 56.31316451 -28.72489316
v -3.58592298 55.68321303 -28.72219226
v -4.03538587 55.36666182 -28.72664777
v -4.51364210 55.03273848 -28.72142921
v -4.97935560 54.71291427 -28.70284395
v -3.61554029 52.68782124 -28.40758605
v -3.39039686 52.85903248 -28.42519472
v -3.92877271 53.46556933 -28.51580151
v -4.15686109 53.29798968 -28.50002390
v -2.43556287 56.46412734 -28.73673401
v -5.21724012 54.55120925 -28.68700530
v -2.94613722 53.19576343 -28.45665840
v -3.47993543 53.79403765 -28.54607500
v -2.48765638 53.54428180 -28.47257338
v -3.02150037 54.13936693 -28.55458946
v -2.03241041 53.89539416 -28.47078816
v -2.55598524 54.48236162 -28.55899931
v -1.59161451 54.23790057 -28.46634790
v -2.10519483 54.81478960 -28.55397922
v -2.62066724 55.38963394 -28.63601057
v -3.07559278 55.06402664 -28.64296852
v -3.52713087 54.73961716 -28.63836031
v -4.01329115 54.39546280 -28.63300442
v -4.46513441 54.07322007 -28.60698814
v -4.69830396 53.90891343 -28.59172932
v -2.92456129 57.06588056 -28.81994028
v -3.39102247 57.70089794 -28.90488607
v -8.62367323 60.32367197 -29.47324587
v -0.50984266 50.15647594 -27.99668171
v -0.70813062 49.96572963 -27.98076676
v 7.52217028 48.45537567 -27.49846671
v 7.63029406 48.69589233 -27.53119685
v 7.06857226 48.92547225 -27.56674987
v 6.95123217 48.68891524 -27.53534724
v 8.18617174 48.50742721 -27.50159477
v 8.08640978 48.25692749 -27.46660633
v 1.92671130 48.34368893 -27.68878957
v 2.27709887 48.78137585 -27.71414975
v 1.67954943 49.18635268 -27.77887760
v 1.30738756 48.75305267 -27.75547055
v 8.36437914 45.11110311 -27.17916075
v 7.77586291 45.55867390 -27.23580145
v 7.68362353 45.30136113 -27.20659608
v 6.65582201 46.51699450 -27.33997335
v 6.87580797 47.01238634 -27.37435149
v 6.25329516 47.26517869 -27.41382602
v 6.01484606 46.77832033 -27.37816615
v 7.95695421 46.07575229 -27.27764113
v 8.13421557 46.58808139 -27.30864707
v 8.30808947 47.08576586 -27.33708954
v 7.69900439 47.28573229 -27.36847690
v 7.50404284 46.79761889 -27.34143824
v 7.30714342 47.97095872 -27.44147506
v 6.72383044 48.21428299 -27.48316211
v 2.61906359 49.20219799 -27.73784672
v 2.02114794 49.59035582 -27.79842417
v 6.33480761 45.77216343 -27.26793649
v 6.44090197 46.01808170 -27.29344923
v 5.78713915 46.30008700 -27.33867632
v 5.66935656 46.05545810 -27.31415541
v 6.40081713 48.92196654 -27.57871276
v 6.52636645 49.15340040 -27.60683475
v 5.97087023 49.42281434 -27.65345039
v 5.83615038 49.19529340 -27.62778507
v 5.13305590 46.56323244 -27.38336936
v 5.37376330 47.04123689 -27.41681670
v 4.76032946 47.35583496 -27.47937779
v 4.48387072 46.88349915 -27.44803616
v 4.11892626 48.90859601 -27.64807921
v 4.42507860 49.35353944 -27.67583502
v 3.85789416 49.67829605 -27.72055859
v 3.53462145 49.24377819 -27.69950139
v 5.63372729 47.52252961 -27.45546729
v 5.02387926 47.81674957 -27.50695050
v 5.89280627 48.00088501 -27.48636642
v 5.29920885 48.28632735 -27.53571339
v 4.73573229 49.78580948 -27.71344801
v 4.88922045 50.00294586 -27.73923540
v 7.09040758 47.49230195 -27.40253455
v 6.48464892 47.73651887 -27.44205485
v 2.95866320 49.62727828 -27.75655406
v 3.81623766 48.47145841 -27.62375663
v 3.20846484 48.81233975 -27.67852048
v 3.50030443 48.01985167 -27.59903732
v 2.88574145 48.38026425 -27.65319082
v 3.18405077 47.56092833 -27.56256874
v 2.55412218 47.93405912 -27.62328352
v 3.03539965 47.34584807 -27.54059605
v 2.39260790 47.72164534 -27.60291300
v 7.10333178 45.78739170 -27.26508310
v 7.00595019 45.53701405 -27.23705266
v 7.30349657 46.29391101 -27.30965410
v 6.14819262 48.46150207 -27.52979301
v 5.55703661 48.73578261 -27.57814815
v 4.34638903 46.65369416 -27.42211144
v 3.82099840 47.19383621 -27.50716402
v 3.68101427 46.97400284 -27.48093412
v 4.98879931 49.01360700 -27.62230714
v 4.71095202 48.57341765 -27.59124017
v 1.07516405 49.61752408 -27.86655467
v 7.89596484 47.77258302 -27.40590679
v 5.27894518 49.46486375 -27.66812935
v 5.42759630 49.69050309 -27.69466442
v 4.12953112 47.66088485 -27.54442606
v 5.00460741 46.32842257 -27.36078631
v 4.41590807 48.11481093 -27.56342332
v 0.69491503 49.20594114 -27.83448063
v 0.08280871 49.66007321 -27.91240734
v 1.13095019 48.55103298 -27.73772454
v 0.51017687 49.00772566 -27.81655152
v 1.75811693 48.13681027 -27.66858690
v -0.10737684 49.46617978 -27.89568367
v -8.90760877 64.99375589 -29.95240312
v -8.73738172 63.16790830 -29.76716113
v -8.87416151 60.18527094 -29.46869873
v -9.01547315 61.08397736 -29.57393874
v -9.26438978 60.94786324 -29.56937634
v -8.88552931 62.12674964 -29.67432648
v -9.38098219 61.85945380 -29.67191555
v -9.63165357 61.72470725 -29.66907739
v -10.33248975 63.29586467 -29.86794545
v -10.08206251 63.42652568 -29.86884574
v -10.41380384 64.21952112 -29.96702092
v -10.66648939 64.08960397 -29.96729555
v -9.23960951 62.90142880 -29.76999922
v -9.74115064 62.63662396 -29.77021280
v -9.99296644 62.50401174 -29.76827491
v -9.57737806 63.68952236 -29.86698421
v -9.07489088 63.95159587 -29.86257446
v -10.73162916 65.01918465 -30.06447893
v -10.98461797 64.89040810 -30.06606583
v -9.91169813 64.47785242 -29.96357247
v -10.22706678 65.27554375 -30.05955039
v -9.40789869 64.73652323 -29.95801832
v -9.72451856 65.53146797 -30.05305018
v 68.28527186 -6.39943564 -1.86370741
v 68.23632929 -6.94884360 -1.86595036
v 69.01164362 -7.02515282 -1.98181033
v 69.06511042 -6.47462334 -1.98469434
v 63.50383875 -4.29068615 -1.26118395
v 63.46819422 -4.86118938 -1.24148476
v 64.30819819 -4.92410138 -1.34190284
v 64.33944819 -4.36320356 -1.37319871
v 60.75310633 -6.96269080 -0.96053959
v 60.73955653 -7.24397132 -0.95739624
v 61.60961268 -7.28584145 -1.02429076
v 61.62529871 -7.00465248 -1.02726627
v 62.45187495 -7.33914041 -1.09934874
v 62.46925471 -7.05782937 -1.10284304
v 63.32061121 -7.11132670 -1.18417238
v 63.30135462 -7.39275981 -1.18046445
v 64.12365839 -7.45657208 -1.27413815
v 64.14392969 -7.17640545 -1.27879212
v 60.09701655 -6.91760107 -0.90997197
v 60.10090754 -7.19782873 -0.90811036
v 66.59623072 -7.37557848 -1.62065000
v 66.57188532 -7.65693529 -1.61305108
v 67.36187861 -7.73189411 -1.72952140
v 67.38585017 -7.45213184 -1.73780697
v 68.18374750 -7.52079641 -1.85624568
v 68.15839503 -7.80546438 -1.84617483
v 68.93295405 -7.88151421 -1.95884572
v 68.95868037 -7.59797539 -1.96989313
v 69.73449824 -7.67314402 -2.08102288
v 69.70814631 -7.95733133 -2.07014331
v 70.46186945 -8.03235881 -2.17812975
v 70.48834345 -7.74977367 -2.18888724
v 69.16011164 -5.36573664 -2.06991485
v 69.11254999 -5.92431512 -2.02011007
v 69.89073298 -5.99766795 -2.13384908
v 69.94069025 -5.43763988 -2.18072417
v 69.84105036 -6.55183665 -2.09712108
v 69.78770563 -7.10036722 -2.09548830
v 64.95669672 -7.51861433 -1.38110225
v 64.97809717 -7.23892073 -1.38702270
v 71.22702143 -8.10777540 -2.28384263
v 71.25361750 -7.82629652 -2.29554617
v 67.53581354 -5.76521168 -1.75982568
v 67.49138758 -6.31295643 -1.74064529
v 68.32982752 -5.84861625 -1.89602561
v 64.26867029 -5.48975232 -1.31436063
v 65.11243555 -5.55154280 -1.41802884
v 65.14808008 -5.00269943 -1.45384130
v 65.18686030 -4.42697006 -1.49262924
v 70.76770136 -4.67410537 -2.36578289
v 70.74122736 -4.95708724 -2.34181128
v 71.50724909 -5.03898881 -2.47172460
v 71.53448603 -4.75622056 -2.49388041
v 67.43843195 -6.87369404 -1.74606207
v 72.05641291 -7.33806106 -2.41079588
v 72.00032160 -7.89753219 -2.39770375
v 72.75843928 -7.97551988 -2.49792346
v 72.81402705 -7.41675065 -2.51328915
v 73.77482722 -4.99785117 -2.83341894
v 73.74658320 -5.28856162 -2.80833344
v 74.48324702 -5.36738854 -2.92129425
v 74.51435969 -5.07600671 -2.94367894
v 73.70053217 -5.84216573 -2.74595542
v 74.43931696 -5.92200736 -2.85443014
v 73.65297053 -6.38695027 -2.68569838
v 74.39376948 -6.46759298 -2.79186902
v 75.75250361 -7.70500450 -2.91392387
v 75.70619318 -8.25989799 -2.88517622
v 76.41600153 -8.31929284 -2.97802594
v 76.46230433 -7.76028711 -3.00854361
v 75.79805109 -7.15729028 -2.94419740
v 76.50622675 -7.21360285 -3.04124329
v 75.84060786 -6.60766870 -2.99812205
v 76.54525111 -6.66464504 -3.09706003
v 75.88464472 -6.05494960 -3.05963032
v 76.58390925 -6.11270413 -3.15771380
v 75.93145869 -5.49544033 -3.11553861
v 76.61954615 -5.56161008 -3.21488858
v 75.94865534 -5.21915707 -3.14120394
v 76.63900111 -5.28215299 -3.24331575
v 74.29574702 -7.56570699 -2.71375910
v 74.24253962 -8.12448384 -2.69471604
v 74.96753046 -8.19173697 -2.79119735
v 75.01785395 -7.63624838 -2.81458917
v 74.34558222 -7.01628377 -2.74622989
v 75.06855891 -7.08323173 -2.84658694
v 75.11422846 -6.53544121 -2.89521679
v 75.15828059 -5.99053460 -2.95854085
v 75.21011469 -5.42575342 -3.02218535
v 70.69616816 -5.51474256 -2.29443265
v 71.45880244 -5.60455581 -2.41796779
v 69.23503229 -4.51751582 -2.13542097
v 69.21269343 -4.79483668 -2.11805643
v 69.99414179 -4.87100476 -2.22280800
v 70.01698420 -4.59434766 -2.24433820
v 71.97308466 -8.18217727 -2.38586288
v 75.23132441 -5.14874537 -3.04299838
v 70.64759943 -6.07341260 -2.24534504
v 71.41249201 -6.15751906 -2.36138811
v 73.49345515 -8.04935717 -2.59588487
v 73.54879877 -7.48991656 -2.61280696
v 64.35795710 -4.08231978 -1.38900686
v 65.20668146 -4.14623886 -1.50949025
v 62.50370142 -6.49414682 -1.11314282
v 63.35895655 -6.54497386 -1.19531139
v 62.53978846 -5.92914438 -1.11910910
v 63.39842341 -5.98359538 -1.19937032
v 70.59614680 -6.62689465 -2.20907480
v 71.36267206 -6.70468397 -2.32383614
v 70.54570124 -7.17317455 -2.20187257
v 71.31234858 -7.25187177 -2.30403015
v 63.52140925 -4.01238873 -1.27406241
v 72.86673090 -6.86625170 -2.53463629
v 73.60113642 -6.94021869 -2.64030339
v 72.91906855 -6.31231951 -2.58167923
v 72.96737788 -5.76654316 -2.63920495
v 73.01594660 -5.20540120 -2.69949252
v 73.04104731 -4.92318990 -2.72412025
v 72.11226008 -6.78097794 -2.43134956
v 72.16208002 -6.23476670 -2.47334184
v 72.21365473 -5.68226885 -2.53048609
v 72.26197932 -5.12375903 -2.58604343
v 72.73120234 -8.25787614 -2.48535017
v 72.28782770 -4.84115100 -2.60913003
v 62.57379267 -5.36644602 -1.13297943
v 63.43381617 -5.42722179 -1.21612456
v 62.60466883 -4.80139017 -1.15003885
v 73.46609614 -8.33091998 -2.58216718
v 74.21630976 -8.40563465 -2.68066265
v 74.94156000 -8.47206381 -2.77636576
v 75.68197748 -8.53993492 -2.87158060
v 76.39390681 -8.59671289 -2.96446084
v 60.85369227 -4.69956825 -0.98089519
v 60.83040736 -5.26186225 -0.97326570
v 61.71251795 -5.31252907 -1.05233674
v 61.74231837 -4.74255227 -1.06518473
v 61.65598414 -6.43986366 -1.03596387
v 61.68396876 -5.87534950 -1.04046531
v 68.37336848 -5.29025139 -1.94821076
v 68.41641352 -4.72906365 -2.00065531
v 68.44264338 -4.44004693 -2.01956100
v 62.63528559 -4.23591471 -1.16471789
v 64.22757075 -6.04647687 -1.29699604
v 64.18471644 -6.60482647 -1.29345591
v 66.85726282 -4.29412709 -1.74352953
v 66.83642695 -4.57408008 -1.72119062
v 67.61864588 -4.65345633 -1.85598675
v 67.64373896 -4.36469901 -1.87866135
v 66.79376337 -5.13847217 -1.67678745
v 67.57672999 -5.21314870 -1.80654818
v 66.74896357 -5.69104632 -1.63665674
v 66.70164606 -6.23820360 -1.62626542
v 61.77475855 -4.17352151 -1.07275318
v 66.64781306 -6.80205401 -1.63098029
v 61.78901026 -3.89709329 -1.08216790
v 62.65116236 -3.95747233 -1.17648247
v 60.77939722 -6.39772651 -0.96780287
v 60.80656550 -5.82175300 -0.97030540
v 60.08898279 -6.34980627 -0.91444289
v 60.08126185 -5.77577063 -0.91285607
v 60.07398341 -5.21652075 -0.90769869
v 60.06620142 -4.65041967 -0.90843120
v 66.03150294 -4.22413500 -1.62544177
v 66.01167414 -4.50437029 -1.60555952
v 60.88148615 -4.13032386 -0.99064565
v 65.97026179 -5.07186753 -1.56574925
v 65.92959711 -5.62075669 -1.52548122
v 65.02157709 -6.66783766 -1.40321237
v 65.78590510 -7.30669266 -1.49989195
v 65.83422205 -6.73286301 -1.51467781
v 65.88279078 -6.17421585 -1.51261797
v 60.05811426 -4.09049841 -0.91378713
v 60.05378077 -3.80987402 -0.92004328
v 60.89365504 -3.85378120 -0.99874811
v 65.76344416 -7.58697372 -1.49223200
v 65.06945917 -6.10470442 -1.40354816
vt -2.75726414 0.08333182
vt -2.75726414 0.25007010
vt -2.70051694 0.25006777
vt -2.70051694 0.08332908
vt -2.92368841 0.91702414
vt -2.92368841 1.00039256
vt -2.86877179 1.00039232
vt -2.86877179 0.91702366
vt -2.70051694 0.41680634
vt -2.70051694 0.58354497
vt -2.64403725 0.58354366
vt -2.64403725 0.41680455
vt -2.75726414 0.41680825
vt -2.81270170 0.41681010
vt -2.81270170 0.58354777
vt -2.75726414 0.58354640
vt -2.81270170 0.75028551
vt -2.75726414 0.75028455
vt -2.70051694 0.75028372
vt -2.64403725 0.75028276
vt -2.81270170 0.91702318
vt -2.75726414 0.91702276
vt -2.70051694 0.91702229
vt -2.64403725 0.91702187
vt -2.64403725 0.25006545
vt -2.58633256 0.41680276
vt -2.58633256 0.25006318
vt -2.58633256 0.58354229
vt -2.58633256 0.75028181
vt -2.58633256 0.91702139
vt -2.81270170 0.25007236
vt -2.86877179 0.41681194
vt -2.86877179 0.58354914
vt -2.86877179 0.75028646
vt -2.52904201 0.91702098
vt -2.52904201 0.75028104
vt -2.23332334 0.91701871
vt -2.23332334 1.00038981
vt -2.17320251 1.00038958
vt -2.17320466 0.91701829
vt -2.35304189 0.91701961
vt -2.35304189 1.00039029
vt -2.29349113 1.00039005
vt -2.29349113 0.91701913
vt -2.47076058 0.91702056
vt -2.47076058 1.00039077
vt -2.41238117 1.00039053
vt -2.41238117 0.91702008
vt -2.58633256 1.00039124
vt -2.52904201 1.00039101
vt -2.75726414 1.00039184
vt -2.70051694 1.00039160
vt -2.35304189 0.75027829
vt -2.29349113 0.75027740
vt -2.41238117 0.75027925
vt -2.52904201 0.58354104
vt -2.52904201 0.41680110
vt -2.81270170 1.00039208
vt -2.64403725 1.00039136
vt -2.47076058 0.58353972
vt -2.47076058 0.75028014
vt -2.41238117 0.58353841
vt -2.81270170 0.08333462
vt -2.81270170 -0.00003421
vt -2.75726414 -0.00003719
vt -2.47076058 0.41679931
vt -2.92368841 0.75028729
vt -5.09744167 0.75032187
vt -5.09744167 0.91704142
vt -5.05048418 0.91704100
vt -5.05048418 0.75032109
vt -5.23555040 0.25016940
vt -5.23555040 0.41688764
vt -5.18993807 0.41688609
vt -5.18993807 0.25016743
vt -4.85967493 0.58359623
vt -4.85967493 0.75031781
vt -4.81121874 0.75031698
vt -4.81122065 0.58359504
vt -5.23555040 0.58360595
vt -5.18993807 0.58360481
vt -5.37059689 0.41689229
vt -5.37059689 0.58360946
vt -5.32587767 0.58360839
vt -5.32587767 0.41689086
vt -5.32587767 0.75032592
vt -5.32587767 0.91704345
vt -5.28106880 0.91704303
vt -5.28106689 0.75032508
vt -5.28106880 0.58360714
vt -5.28106880 0.41688925
vt -5.32587767 0.25017333
vt -5.28106689 0.25017130
vt -5.32587767 0.08345580
vt -5.28106689 0.08345342
vt -5.32587767 0.00009704
vt -5.28106880 0.00009453
vt -5.37059689 0.25017524
vt -5.37059689 0.08345807
vt -5.37059689 0.00009954
vt -5.45854998 0.75032818
vt -5.45854998 0.91704452
vt -5.41464806 0.91704416
vt -5.41464567 0.75032741
vt -5.45854998 0.58361173
vt -5.41464806 0.58361065
vt -5.37059689 0.75032663
vt -4.95577860 0.91704023
vt -4.95577860 1.00040054
vt -4.90800190 1.00040030
vt -4.90800190 0.91703975
vt -4.85967493 0.91703939
vt -4.85967493 1.00040019
vt -4.81121874 1.00039995
vt -4.81121874 0.91703892
vt -4.71307230 0.75031531
vt -4.71307230 0.91703814
vt -4.66340256 0.91703773
vt -4.66340256 0.75031453
vt -4.76219893 0.91703856
vt -4.76219893 0.75031614
vt -5.05048656 1.00040102
vt -5.00340414 1.00040078
vt -5.00340414 0.91704059
vt -4.76219893 0.58359373
vt -4.76219893 1.00039983
vt -4.71307230 1.00039959
vt -4.66340256 1.00039935
vt -5.37059689 0.91704381
vt -5.23555040 0.08345103
vt -5.23555040 0.00009185
vt -4.61358595 1.00039911
vt -4.61358595 0.91703725
vt -5.45854998 0.41689539
vt -5.41464806 0.41689384
vt -5.45854998 0.25017899
vt -5.41464806 0.25017709
vt -5.45854998 0.08346260
vt -5.41464806 0.08346033
vt -5.45854998 0.00010437
vt -5.41464806 0.00010186
vt -5.54502916 0.75032973
vt -5.54502916 0.91704535
vt -5.50188875 0.91704500
vt -5.50188875 0.75032902
vt -5.54502916 0.58361411
vt -5.50188875 0.58361292
vt -5.54502916 0.41689849
vt -5.50188875 0.41689694
vt -5.54502916 0.25018287
vt -5.50188875 0.25018102
vt -5.54502916 0.08346725
vt -5.50188875 0.08346498
vt -5.54502916 0.00010949
vt -5.50188875 0.00010699
vt -5.63009882 0.75033128
vt -5.63009882 0.91704613
vt -5.58767748 0.91704571
vt -5.58767748 0.75033057
vt -5.63009882 0.58361650
vt -5.58767748 0.58361530
vt -5.50188875 1.00040293
vt -5.45854998 1.00040269
vt -5.58767748 1.00040340
vt -5.54502916 1.00040317
vt -5.67207432 0.91704655
vt -5.67207432 1.00040376
vt -5.63009882 1.00040352
vt -5.05048418 0.58360112
vt -5.00340414 0.75032026
vt -5.00340414 0.58359993
vt -5.14375305 0.75032270
vt -5.14375305 0.91704184
vt -5.41464806 1.00040257
vt -5.14375544 0.58360356
vt -5.09744167 0.58360231
vt -5.37059689 1.00040233
vt -5.14375544 0.41688442
vt -5.09744167 0.41688281
vt -5.14375544 0.25016534
vt -5.09743929 0.25016326
vt -5.14375544 0.08344615
vt -5.09744167 0.08344376
vt -4.90800190 0.75031865
vt -4.90800190 0.58359748
vt -4.90800190 0.41687632
vt -4.85967493 0.41687471
vt -4.95577860 0.75031948
vt -4.95577860 0.58359873
vt -5.00340414 0.41687953
vt -4.95577860 0.41687799
vt -5.00340176 0.25015920
vt -4.95577860 0.25015724
vt -5.23554802 0.75032431
vt -5.23554802 0.91704261
vt -5.18993807 0.91704226
vt -5.18993807 0.75032353
vt -5.63009882 0.41690171
vt -5.58767748 0.41690010
vt -5.63009882 0.25018692
vt -5.58767748 0.25018489
vt -5.63009882 0.08347213
vt -5.58767748 0.08346963
vt -5.63009882 0.00011468
vt -5.58767748 0.00011206
vt -5.09744167 1.00040126
vt -5.18993807 0.08344865
vt -5.05048418 0.25016129
vt -5.05048418 0.41688114
vt -5.18993807 0.00008935
vt -5.67207432 0.00011730
vt -5.67207432 0.08347452
vt -5.67207432 0.25018895
vt -5.67207670 0.41690332
vt -5.67207670 0.58361769
vt -5.67207432 0.75033212
vt -5.05048656 0.08344132
vt -5.32587767 1.00040221
vt -5.28106880 1.00040197
vt -5.23555040 1.00040174
vt -5.18993807 1.00040162
vt -5.14375544 1.00040138
vt -3.68164372 0.75029850
vt -3.68164611 0.91702974
vt -3.62869143 0.91702938
vt -3.62869143 0.75029784
vt -3.57502866 0.91702902
vt -3.57502866 0.75029707
vt -3.68164372 1.00039530
vt -3.62869143 1.00039518
vt -3.57502627 1.00039506
vt -3.52175784 1.00039482
vt -3.52175784 0.91702861
vt -3.78769994 0.58356953
vt -3.78769755 0.75029999
vt -3.73500133 0.75029933
vt -3.73500133 0.58356845
vt -3.84073901 0.91703087
vt -3.84073901 1.00039589
vt -3.78769755 1.00039566
vt -3.78769755 0.91703045
vt -3.94582629 0.91703165
vt -3.94582629 1.00039625
vt -3.89316344 1.00039601
vt -3.89316344 0.91703129
vt -3.73500133 0.91703016
vt -3.73500133 0.41683769
vt -3.68164611 0.58356732
vt -3.68164611 0.41683614
vt -3.99792361 0.58357430
vt -3.99792361 0.75030321
vt -3.94582629 0.75030243
vt -3.94582629 0.58357310
vt -3.99792361 0.41684544
vt -3.94582629 0.41684389
vt -3.99792361 0.91703206
vt -3.99792171 0.25011659
vt -3.94582629 0.25011462
vt -4.10208035 0.08339262
vt -4.10208035 0.25012064
vt -4.05025291 0.25011873
vt -4.05025291 0.08339024
vt -4.10208035 0.41684866
vt -4.05025291 0.41684711
vt -4.20557976 0.00003409
vt -4.20557976 0.08339775
vt -4.15404654 0.08339524
vt -4.15404654 0.00003147
vt -4.20557976 0.25012499
vt -4.15404654 0.25012290
vt -4.10208035 0.58357674
vt -4.05025291 0.58357561
vt -3.89316344 0.08338296
vt -3.89316344 0.25011259
vt -3.84073901 0.25011063
vt -3.84073901 0.08338058
vt -4.10208035 0.75030482
vt -4.05025291 0.75030410
vt -4.10208035 0.91703284
vt -4.05025291 0.91703248
vt -4.05025291 1.00039673
vt -3.99792361 1.00039649
vt -3.78769755 0.25010860
vt -3.78769994 0.41683906
vt -3.73500133 0.25010693
vt -4.15404654 0.41685045
vt -4.35981846 0.25013179
vt -4.35981846 0.41685760
vt -4.30848074 0.41685575
vt -4.30848074 0.25012952
vt -4.35981846 0.08340597
vt -4.30848074 0.08340323
vt -4.41093588 0.75031018
vt -4.41093588 0.91703558
vt -4.35981607 0.91703510
vt -4.35981607 0.75030929
vt -4.41093588 0.58358479
vt -4.35981846 0.58358347
vt -4.41093588 0.41685945
vt -4.30848074 0.58358204
vt -4.15404654 0.58357811
vt -4.15404654 0.75030577
vt -3.89316344 0.00001812
vt -3.84073901 0.00001550
vt -3.62869143 0.58356619
vt -4.46191502 0.75031102
vt -4.46191740 0.91703600
vt -4.25719833 0.25012732
vt -4.25719833 0.41685396
vt -4.20558214 0.41685212
vt -4.15404654 0.91703331
vt -4.30848074 0.75030833
vt -4.25719833 0.58358073
vt -4.20558214 0.58357930
vt -4.30848074 0.91703463
vt -4.25719833 0.75030744
vt -4.20558214 0.75030655
vt -4.15404654 1.00039721
vt -4.10208035 1.00039697
vt -4.25719833 0.00003707
vt -4.25719833 0.08340049
vt -4.30848074 0.00004011
vt -4.10208035 0.00002855
vt -4.25719833 0.91703415
vt -4.20558214 0.91703373
vt -4.41093588 1.00039828
vt -4.35981607 1.00039804
vt -4.30848074 1.00039768
vt -4.25719833 1.00039756
vt -4.20558214 1.00039732
vt -4.46191740 1.00039840
vt -3.89316583 0.41684222
vt -3.84073901 0.41684067
vt -3.89316583 0.58357185
vt -3.84073901 0.58357072
vt -3.89316344 0.75030160
vt -3.84073901 0.75030082
vt -3.73500133 1.00039554
vt -3.99792361 0.00002337
vt -3.99792171 0.08338779
vt -3.94582629 0.08338529
vt -3.94582629 0.00002068
vt -3.78769755 0.08337820
vt -4.05025291 0.00002605
vt -3.30640721 0.25009167
vt -3.30640721 0.41682547
vt -3.25178480 0.41682380
vt -3.25178480 0.25008965
vt -3.30640721 0.08335769
vt -3.25178480 0.08335537
vt -3.30640721 -0.00000918
vt -3.25178480 -0.00001180
vt -3.41438770 0.75029480
vt -3.41438770 0.91702783
vt -3.36021042 0.91702747
vt -3.36021042 0.75029397
vt -3.41438985 0.58356166
vt -3.36021042 0.58356053
vt -3.41438985 0.41682857
vt -3.36021042 0.41682702
vt -3.41438770 0.25009555
vt -3.36020827 0.25009352
vt -3.41438770 0.08336240
vt -3.36020827 0.08336008
vt -3.41438770 -0.00000417
vt -3.36021042 -0.00000668
vt -2.92368841 0.41681373
vt -2.92368841 0.58355051
vt -3.41438770 1.00039434
vt -3.36021042 1.00039411
vt -3.30640721 0.91702712
vt -3.30640721 1.00039399
vt -3.25178480 1.00039387
vt -3.25178480 0.91702664
vt -3.19788599 0.91702628
vt -3.19788361 1.00039363
vt -3.14304519 1.00039339
vt -3.14304519 0.91702586
vt -3.08886123 0.91702545
vt -3.08886123 1.00039315
vt -3.03366852 1.00039291
vt -3.03366852 0.91702497
vt -2.97923970 0.91702461
vt -2.97923970 1.00039268
vt -3.46774316 0.91702825
vt -3.46774316 1.00039458
vt -3.57502627 0.25010133
vt -3.57502866 0.41683322
vt -3.52175784 0.41683167
vt -3.52175784 0.25009942
vt -3.52175784 0.58356398
vt -3.46774316 0.58356285
vt -3.46774316 0.41683018
vt -3.57502627 0.08336937
vt -3.52175784 0.08336705
vt -3.57502627 0.00000334
vt -3.52175784 0.00000089
vt -3.68164372 0.00000823
vt -3.68164611 0.08337379
vt -3.62869143 0.08337158
vt -3.62869143 0.00000584
vt -3.68164611 0.25010490
vt -3.62869143 0.25010324
vt -3.62869143 0.41683465
vt -3.52175784 0.75029635
vt -3.46774316 0.75029552
vt -3.30640721 0.75029325
vt -3.19788361 0.08335304
vt -3.19788361 -0.00001431
vt -3.19788361 0.25008768
vt -3.19788599 0.41682231
vt -3.25178480 0.58355808
vt -3.19788599 0.58355695
vt -2.97923970 -0.00002527
vt -2.97923970 0.08334285
vt -2.92368841 0.08334017
vt -2.92368841 -0.00002825
vt -3.25178480 0.75029236
vt -3.19788599 0.75029165
vt -3.08886123 0.75029004
vt -3.03366852 0.75028908
vt -3.08886123 0.58355451
vt -3.03366852 0.58355319
vt -3.08886123 0.41681904
vt -3.03366852 0.41681731
vt -3.08886123 0.25008357
vt -3.03366852 0.25008142
vt -3.30640721 0.58355933
vt -3.73500133 0.08337605
vt -3.46774077 0.25009751
vt -3.46774316 0.08336484
vt -3.46774316 -0.00000155
vt -3.08886123 0.08334804
vt -3.03366852 0.08334547
vt -2.97923970 0.25007927
vt -2.92368841 0.25007695
vt -2.86877179 -0.00003123
vt -2.86877179 0.08333749
vt -2.97923970 0.41681552
vt -2.97923970 0.58355188
vt -2.97923970 0.75028825
vt -3.14304519 -0.00001693
vt -3.14304519 0.08335054
vt -3.08886123 -0.00001955
vt -3.14304519 0.25008559
vt -3.14304519 0.41682065
vt -3.57502866 0.58356512
vt -3.03366852 -0.00002241
vt -3.14304519 0.58355570
vt -3.14304519 0.75029081
vt -2.86877179 0.25007474
vt -3.78769755 0.00001293
vt -3.73500133 0.00001055
vt -4.71307230 0.41686976
vt -4.71307230 0.58359253
vt -4.66340256 0.58359128
vt -4.66340256 0.41686809
vt -4.71307230 0.25014699
vt -4.66340256 0.25014490
vt -4.85967493 0.25015318
vt -4.81122065 0.41687304
vt -4.81121874 0.25015104
vt -4.71307230 0.08342409
vt -4.66340256 0.08342159
vt -4.56322575 0.75031281
vt -4.56322575 0.91703689
vt -4.51279402 0.91703641
vt -4.51279402 0.75031197
vt -4.71307230 0.00006276
vt -4.66340256 0.00005996
vt -4.56322765 0.58358872
vt -4.51279402 0.58358741
vt -4.56322765 0.41686469
vt -4.51279402 0.41686291
vt -4.51279402 1.00039864
vt -4.76219893 0.41687137
vt -4.46191502 0.58358610
vt -4.46191502 0.41686118
vt -4.51279402 0.25013846
vt -4.46191502 0.25013626
vt -4.51279402 0.08341396
vt -4.46191502 0.08341134
vt -4.51279402 0.00005174
vt -4.46191740 0.00004888
vt -4.35981607 0.00004303
vt -4.41093588 0.25013411
vt -4.41093588 0.08340871
vt -4.41093588 0.00004601
vt -4.56322575 1.00039887
vt -4.56322575 0.25014067
vt -4.56322575 0.08341658
vt -4.56322575 0.00005448
vt -4.61358356 0.75031364
vt -4.61358595 0.58358997
vt -4.90800190 0.00007349
vt -4.90799952 0.08343399
vt -4.85967493 0.08343160
vt -4.85967493 0.00007075
vt -5.00340176 0.08343887
vt -4.95577860 0.08343649
vt -4.81121874 0.08342898
vt -4.81121874 0.00006807
vt -5.00340414 0.00007874
vt -4.95577860 0.00007612
vt -5.09744167 0.00008398
vt -5.05048656 0.00008136
vt -4.90799952 0.25015521
vt -5.14375544 0.00008667
vt -4.76219893 0.25014901
vt -4.76219893 0.08342659
vt -4.76219893 0.00006545
vt -4.61358595 0.41686636
vt -4.61358356 0.25014269
vt -4.61358356 0.08341908
vt -4.61358595 0.00005722
vt -5.91694736 0.75033689
vt -5.91694736 0.91704893
vt -5.87714958 0.91704851
vt -5.87714958 0.75033617
vt -5.75504589 0.08347917
vt -5.75504589 0.25019282
vt -5.71385193 0.25019085
vt -5.71385193 0.08347690
vt -5.75504589 0.00012231
vt -5.71385431 0.00011981
vt -5.95683193 0.75033778
vt -5.95683193 0.91704935
vt -5.79612207 0.00012499
vt -5.79612207 0.08348161
vt -5.95683432 0.58362621
vt -5.91694736 0.58362490
vt -5.95683432 0.41691464
vt -5.91694736 0.41691291
vt -5.95683432 0.25020307
vt -5.91694736 0.25020087
vt -5.79612207 0.25019485
vt -5.95683432 0.08349150
vt -5.91694736 0.08348882
vt -5.79612207 0.41690809
vt -5.75504589 0.41690642
vt -5.79612207 0.58362126
vt -5.75504589 0.58362007
vt -5.95683193 0.00013566
vt -5.91694736 0.00013286
vt -5.79612207 0.75033450
vt -5.75504589 0.75033373
vt -5.83664370 0.75033534
vt -5.83664370 0.91704810
vt -5.79612207 0.91704774
vt -6.15125799 0.58363259
vt -6.15125799 0.75034213
vt -6.11315250 0.75034124
vt -6.11315250 0.58363140
vt -5.83664608 0.58362252
vt -5.83664608 0.41690969
vt -5.83664608 0.25019693
vt -5.83664608 0.08348411
vt -5.83664370 0.00012767
vt -5.75504589 0.91704738
vt -6.03532076 0.58362877
vt -6.03532076 0.75033951
vt -5.99597740 0.75033867
vt -5.99597740 0.58362746
vt -5.71385431 0.41690493
vt -5.71385431 0.58361888
vt -5.71385193 0.75033295
vt -5.71385431 0.91704690
vt -5.99597740 0.91704977
vt -5.99597740 1.00040531
vt -5.95683193 1.00040507
vt -6.03532076 0.41691810
vt -5.99597740 0.41691631
vt -6.03532076 0.25020736
vt -5.99597740 0.25020522
vt -6.22771120 0.91705239
vt -6.22771120 1.00040662
vt -6.19002676 1.00040650
vt -6.19002676 0.91705191
vt -6.03532076 0.08349663
vt -5.99597740 0.08349401
vt -6.03532076 0.00014126
vt -5.99597740 0.00013840
vt -6.11315250 0.91705108
vt -6.07402515 0.91705072
vt -6.07402515 0.75034040
vt -6.07402515 0.58363008
vt -6.15125799 0.91705155
vt -6.15125799 1.00040627
vt -6.11315250 1.00040603
vt -6.07402515 1.00040579
vt -6.03532076 1.00040555
vt -6.03532076 0.91705018
vt -6.22771120 0.58363521
vt -6.22771120 0.75034380
vt -6.19002676 0.75034291
vt -6.19002676 0.58363390
vt -6.11315250 0.41692150
vt -6.07402515 0.41691977
vt -5.87714958 1.00040472
vt -5.83664370 1.00040460
vt -5.79612207 1.00040436
vt -6.11315250 0.25021172
vt -6.07402515 0.25020957
vt -6.11315250 0.08350188
vt -6.07402515 0.08349919
vt -5.91694736 1.00040495
vt -5.75504589 1.00040412
vt -5.71385431 1.00040388
vt -5.87715197 0.58362371
vt -6.19002676 0.41692495
vt -6.15125799 0.41692317
vt -6.26619053 0.75034463
vt -6.26619053 0.91705275
vt -6.26619053 0.41692829
vt -6.26619053 0.58363646
vt -6.22771120 0.41692662
vt -6.19002485 0.25021595
vt -6.15125799 0.25021386
vt -5.87715197 0.00013030
vt -5.87715197 0.08348644
vt -6.30369043 0.75034547
vt -6.30369043 0.91705322
vt -6.26619053 1.00040686
vt -5.87715197 0.25019896
vt -5.87715197 0.41691130
vt -6.22771120 0.25021809
vt -6.15125799 0.08350438
vt -6.30369234 0.58363771
vt -6.34209871 0.91705364
vt -6.34209871 1.00040722
vt -6.30369234 1.00040698
vt -6.41817999 0.91705447
vt -6.41817999 1.00040770
vt -6.37957811 1.00040746
vt -6.37957573 0.91705406
vt -6.34209871 0.75034630
vt -6.34209871 0.58363903
vt -6.37957573 0.75034726
vt -7.54731607 0.75037301
vt -7.54731607 0.91706693
vt -7.49988222 0.91706640
vt -7.49988222 0.75037193
vt -7.40551519 0.41697854
vt -7.40551519 0.58367407
vt -7.35835981 0.58367246
vt -7.35835981 0.41697627
vt -7.45155525 0.00024289
vt -7.45155525 0.08359045
vt -7.40551519 0.08358729
vt -7.40551519 0.00023955
vt -7.40551519 0.25028294
vt -7.35835981 0.25028014
vt -7.45155525 0.25028563
vt -7.45155525 0.41698062
vt -7.35835981 0.08358395
vt -7.35835743 0.00023592
vt -7.45155525 0.91706586
vt -7.45155525 0.75037080
vt -7.49988222 0.58367741
vt -7.45155525 0.58367568
vt -7.54731607 0.58367902
vt -7.40551519 0.75036973
vt -7.35835743 0.75036865
vt -7.54731607 0.41698503
vt -7.49988222 0.41698283
vt -7.40551519 0.91706532
vt -7.35835743 0.91706479
vt -7.31356668 0.00023252
vt -7.31356668 0.08358085
vt -7.26735973 0.08357751
vt -7.26735973 0.00022888
vt -7.31356668 0.25027752
vt -7.26735973 0.25027478
vt -7.31356668 0.41697419
vt -7.26735973 0.41697198
vt -7.31356668 0.58367085
vt -7.26735973 0.58366919
vt -7.54731607 0.25029117
vt -7.49988222 0.25028837
vt -7.09163809 0.75036216
vt -7.09163809 0.91706157
vt -7.04998541 0.91706109
vt -7.04998541 0.75036120
vt -7.09163809 0.58366281
vt -7.04998541 0.58366138
vt -6.68572569 0.75035357
vt -6.68572569 0.91705728
vt -6.64746428 0.91705692
vt -6.64746428 0.75035286
vt -6.34209871 0.41693175
vt -6.30369234 0.41692996
vt -6.96649265 0.00020587
vt -6.96649265 0.08355629
vt -6.92451239 0.08355349
vt -6.92451239 0.00020289
vt -6.41817999 0.75034797
vt -6.45555687 0.25023067
vt -6.45555925 0.41693670
vt -6.41817999 0.41693509
vt -6.41817999 0.25022864
vt -6.96649265 0.25025707
vt -6.92451239 0.25025475
vt -6.68572569 0.58364987
vt -6.64746428 0.58364874
vt -6.45555925 0.58364278
vt -6.41817999 0.58364153
vt -6.45555925 0.75034881
vt -6.68572569 0.41694623
vt -6.64746428 0.41694468
vt -6.96649265 0.41695780
vt -6.92451239 0.41695595
vt -6.96649265 0.58365858
vt -6.92451239 0.58365721
vt -6.96649265 0.75035942
vt -6.92451239 0.75035846
vt -6.72586870 0.58365107
vt -6.72586870 0.75035441
vt -6.68572569 0.25024259
vt -6.64746189 0.25024062
vt -6.68572569 0.08353889
vt -6.64746428 0.08353662
vt -7.00709629 0.00020885
vt -7.00709629 0.08355904
vt -7.00709629 0.25025940
vt -7.00709629 0.41695964
vt -6.68572569 0.00018704
vt -6.64746428 0.00018454
vt -6.37957811 0.58364034
vt -6.45555687 0.00017160
vt -6.45555925 0.08352458
vt -6.41817999 0.08352220
vt -6.41817999 0.00016898
vt -6.49429035 0.00017428
vt -6.49429035 0.08352709
vt -6.49429035 0.25023270
vt -6.49429035 0.41693830
vt -7.00709438 0.91706061
vt -7.00709438 0.75036037
vt -6.37957811 0.41693342
vt -6.96649265 0.91706014
vt -6.92451239 0.91705972
vt -6.88476562 0.00020021
vt -6.88476562 0.08355105
vt -6.84366512 0.08354843
vt -6.84366512 0.00019735
vt -6.88476562 0.25025266
vt -6.84366274 0.25025052
vt -6.88476562 0.41695428
vt -6.84366274 0.41695255
vt -6.45555925 0.91705489
vt -6.88476562 0.58365595
vt -6.84366274 0.58365464
vt -7.00709629 0.58365995
vt -7.04998541 0.41696155
vt -7.04998302 0.25026166
vt -6.88476562 0.75035763
vt -6.84366274 0.75035679
vt -6.88476562 0.91705930
vt -6.84366274 0.91705883
vt -6.37957811 0.25022662
vt -6.80470228 0.00019479
vt -6.80470228 0.08354604
vt -6.76425648 0.08354348
vt -6.76425648 0.00019205
vt -6.80470228 0.25024849
vt -6.76425457 0.25024641
vt -6.80470228 0.41695094
vt -6.76425457 0.41694927
vt -6.37957811 0.08351970
vt -7.04998541 0.08356184
vt -7.04998541 0.00021195
vt -6.49429035 0.58364403
vt -6.49429035 0.75034964
vt -6.72586870 0.91705763
vt -6.49429035 0.91705525
vt -6.80470228 0.58365345
vt -6.76425457 0.58365220
vt -6.60817432 0.00018203
vt -6.60817432 0.08353430
vt -6.57043409 0.08353198
vt -6.57043648 0.00017953
vt -6.60817432 0.25023878
vt -6.57043409 0.25023681
vt -6.60817432 0.41694319
vt -6.57043648 0.41694164
vt -7.09163570 1.00041127
vt -7.04998541 1.00041103
vt -7.31356668 0.75036758
vt -7.26735973 0.75036645
vt -7.31356668 0.91706425
vt -7.26735973 0.91706371
vt -7.54731894 0.08359718
vt -7.49988222 0.08359385
vt -7.17840242 0.00022185
vt -7.17840004 0.08357096
vt -7.13564253 0.08356786
vt -7.13564253 0.00021839
vt -6.53164053 0.41693997
vt -6.53164053 0.25023478
vt -6.53164291 0.08352947
vt -6.53164291 0.00017691
vt -6.60817432 0.75035208
vt -6.60817432 0.91705656
vt -6.57043648 0.91705608
vt -6.57043648 0.75035125
vt -6.60817432 0.58364761
vt -6.57043648 0.58364642
vt -6.72586870 0.41694778
vt -6.45555687 1.00040793
vt -6.76425457 0.75035512
vt -6.53164053 0.91705573
vt -6.53164291 1.00040829
vt -6.49429035 1.00040817
vt -6.60817432 1.00040865
vt -6.57043648 1.00040853
vt -6.68572569 1.00040913
vt -6.64746428 1.00040889
vt -6.76425457 0.91705805
vt -6.76425648 1.00040948
vt -6.72586870 1.00040936
vt -6.84366512 1.00040984
vt -6.80470228 1.00040960
vt -6.80470228 0.91705847
vt -6.92451239 1.00041032
vt -6.88476562 1.00041008
vt -7.00709629 1.00041080
vt -6.96649265 1.00041056
vt -6.53164053 0.58364522
vt -6.53164053 0.75035048
vt -6.37957811 0.00016630
vt -6.34209633 0.00016356
vt -6.34209633 0.08351719
vt -6.30369234 0.08351451
vt -6.30369234 0.00016057
vt -6.34209633 0.25022447
vt -6.30369234 0.25022227
vt -6.72586870 0.08354127
vt -6.72586870 0.00018954
vt -6.11315250 0.00014699
vt -6.07402515 0.00014406
vt -6.19002676 0.08350694
vt -6.19002676 0.00015241
vt -6.15125799 0.00014961
vt -6.26619053 0.08351201
vt -6.26619053 0.00015795
vt -6.26619053 0.25022018
vt -6.22771120 0.00015521
vt -6.22771120 0.08350945
vt -6.80470228 0.75035596
vt -6.72586870 0.25024456
vt -7.64572287 0.08360386
vt -7.64572287 0.25029671
vt -7.59696817 0.25029397
vt -7.59696817 0.08360052
vt -7.64572287 0.41698951
vt -7.59696817 0.41698730
vt -7.64572287 0.58368236
vt -7.59696817 0.58368069
vt -7.64572287 0.75037527
vt -7.59696817 0.75037408
vt -7.64572287 0.00025749
vt -7.59696817 0.00025392
vt -7.49988222 0.00024664
vt -7.22357368 0.91706312
vt -7.22357368 0.75036538
vt -7.59696817 0.91706753
vt -7.22357368 0.58366764
vt -7.22357368 1.00041199
vt -7.17840242 1.00041175
vt -7.17840242 0.91706264
vt -7.54731894 0.00025022
vt -7.17840004 0.25026929
vt -7.13564253 0.25026673
vt -7.22357368 0.41696984
vt -7.22357368 0.25027210
vt -7.22357368 0.08357430
vt -7.22357368 0.00022542
vt -7.17840242 0.75036430
vt -7.17840242 0.58366597
vt -7.17840242 0.41696769
vt -7.54731894 1.00041389
vt -7.49988222 1.00041366
vt -7.13564253 0.91706210
vt -7.13564253 1.00041151
vt -7.35835743 1.00041294
vt -7.31356668 1.00041258
vt -7.45155525 1.00041342
vt -7.40551519 1.00041318
vt -7.09163809 0.41696340
vt -7.09163570 0.08356470
vt -7.09163570 0.00021505
vt -7.09163570 0.25026405
vt -7.64572287 0.91706806
vt -7.64572287 1.00041449
vt -7.59696817 1.00041425
vt -7.13564253 0.41696548
vt -7.26735973 1.00041223
vt -7.13564253 0.58366436
vt -7.13564253 0.75036323
vt -0.67769086 0.08323741
vt -0.67769086 0.24999136
vt -0.62919235 0.24998957
vt -0.62919462 0.08323526
vt -0.39007166 -0.00015235
vt -0.39007166 0.08322561
vt -0.34490243 0.08322394
vt -0.34490243 -0.00015426
vt -0.67769086 0.58349919
vt -0.67769086 0.75025308
vt -0.62919235 0.75025237
vt -0.62919235 0.58349806
vt 0.10132903 0.08320576
vt 0.10132903 0.24996495
vt 0.14589250 0.24996328
vt 0.14589250 0.08320379
vt 0.10132903 -0.00017381
vt 0.14589250 -0.00017595
vt -0.67769086 0.91700709
vt -0.62919462 0.91700661
vt -0.72890174 -0.00013709
vt -0.72890174 0.08323967
vt -0.67769086 -0.00013959
vt -0.16403195 0.41673166
vt -0.16403195 0.58348894
vt -0.11874023 0.58348811
vt -0.11874023 0.41673058
vt -0.16403195 0.75024629
vt -0.11874023 0.75024581
vt -0.16403195 0.91700363
vt -0.11874023 0.91700339
vt -0.43753460 -0.00015044
vt -0.43753460 0.08322740
vt -0.43753460 0.24998301
vt -0.39007166 0.24998152
vt -0.43753460 0.41673857
vt -0.39007166 0.41673738
vt -0.43753460 0.58349413
vt -0.39007166 0.58349329
vt -0.43753234 0.75024974
vt -0.39007166 0.75024915
vt -0.43753460 0.91700530
vt -0.39007166 0.91700506
vt -0.29835698 -0.00015616
vt -0.29835925 0.08322203
vt -0.25396499 0.08322036
vt -0.25396499 -0.00015807
vt -0.48363462 0.75025034
vt -0.48363462 0.91700566
vt -0.48363462 0.58349502
vt -0.48363462 0.41673976
vt -0.48363462 0.24998450
vt -0.48363462 0.08322912
vt -0.48363462 -0.00014853
vt -0.57938445 0.75025165
vt -0.57938445 0.91700625
vt -0.53219318 0.91700596
vt -0.53219318 0.75025100
vt -0.57938445 0.58349699
vt -0.53219318 0.58349603
vt -0.57938445 0.41674232
vt -0.53219318 0.41674107
vt -0.57938445 0.24998772
vt -0.53219318 0.24998605
vt -0.57938445 0.08323312
vt -0.53219318 0.08323115
vt -0.29835925 0.24997854
vt -0.25396499 0.24997711
vt -0.29835925 0.41673505
vt -0.25396499 0.41673386
vt -0.29835925 0.58349144
vt -0.25396499 0.58349061
vt -0.29835925 0.75024796
vt -0.25396499 0.75024736
vt -0.29835925 0.91700447
vt -0.25396499 0.91700417
vt -0.20803866 -0.00015998
vt -0.20803866 0.08321863
vt -0.16403195 0.08321708
vt -0.16403195 -0.00016165
vt -0.20803866 0.24997568
vt -0.16403195 0.24997437
vt -0.34490243 0.75024861
vt -0.34490243 0.91700476
vt -0.34490243 0.58349240
vt -0.34490243 0.41673619
vt -0.34490243 0.24998009
vt -0.20803866 0.41673273
vt -0.20803866 0.58348978
vt -0.20803866 0.75024688
vt -0.20803866 0.91700387
vt -0.11874023 -0.00016332
vt -0.11874023 0.08321542
vt -0.07511875 0.08321357
vt -0.07511875 -0.00016534
vt -0.11874023 0.24997306
vt -0.07511875 0.24997145
vt -0.07511875 0.41672939
vt -0.07511875 0.58348727
vt -0.07511875 0.75024515
vt -0.07511875 0.91700304
vt 0.01323763 0.91700238
vt 0.01323763 1.00038171
vt 0.05790353 1.00038147
vt 0.05790353 0.91700208
vt -0.53219318 -0.00014627
vt -0.07511875 1.00038195
vt -0.03021458 1.00038183
vt -0.03021458 0.91700274
vt -0.16403195 1.00038230
vt -0.11874023 1.00038218
vt -0.25396499 1.00038254
vt -0.20803866 1.00038242
vt 0.14589250 0.91700137
vt 0.14589250 1.00038123
vt 0.18943602 1.00038099
vt 0.18943602 0.91700107
vt 0.10132903 1.00038135
vt 0.10132903 0.91700172
vt -0.29835698 1.00038266
vt -0.34490243 1.00038290
vt -0.39007166 1.00038290
vt -0.43753460 1.00038314
vt -0.53219318 1.00038338
vt -0.48363462 1.00038338
vt -0.62919462 1.00038385
vt -0.57938445 1.00038362
vt -0.72890174 0.91700739
vt -0.72890174 1.00038409
vt -0.67769086 1.00038397
vt -0.77913725 0.91700774
vt -0.77913725 1.00038433
vt 0.05790353 0.75024325
vt 0.10132903 0.75024259
vt -0.83233690 0.91700816
vt -0.83233690 1.00038457
vt 0.05790353 0.58348435
vt 0.10132903 0.58348334
vt -0.03021458 -0.00016737
vt -0.03021458 0.08321166
vt 0.01323763 0.08320975
vt 0.01323763 -0.00016952
vt -0.03021458 0.24996996
vt 0.01323763 0.24996829
vt -0.03021458 0.41672808
vt 0.01323763 0.41672671
vt -0.03021458 0.58348626
vt 0.01323763 0.58348531
vt -0.03021458 0.75024450
vt 0.01323763 0.75024384
vt 0.23402175 1.00038075
vt 0.23402175 0.91700071
vt 0.05790353 0.41672552
vt 0.10132903 0.41672415
vt -0.72890174 0.41674680
vt -0.72890174 0.58350027
vt -0.67769086 0.41674525
vt 0.05790353 0.24996662
vt 0.05790353 0.08320773
vt -0.57938445 -0.00014424
vt -0.62919235 0.41674381
vt -0.72890174 0.24999321
vt -0.83233690 0.75025547
vt -0.77913725 0.75025463
vt -0.83233690 0.58350265
vt -0.77913725 0.58350146
vt -0.62919462 -0.00014186
vt 0.05790353 -0.00017166
vt 0.18943602 0.75024122
vt 0.23402175 0.75024045
vt 0.18943602 0.58348131
vt 0.23402175 0.58348024
vt 0.14589250 0.75024188
vt 0.14589250 0.58348238
vt -0.72890174 0.75025380
vt 0.14589250 0.41672283
vt 0.18943602 0.41672146
vt -0.77913725 0.24999511
vt -0.77913725 0.41674823
vt 0.18943602 0.24996161
vt 0.23402175 0.41671997
vt 0.23402175 0.24995977
vt 0.18943602 0.08320171
vt 0.18943602 -0.00017822
vt 0.59431076 0.91699803
vt 0.59431076 1.00037944
vt 0.64068478 1.00037932
vt 0.64068478 0.91699767
vt 0.73484904 0.91699696
vt 0.73484904 1.00037885
vt 0.78265274 1.00037873
vt 0.78265274 0.91699654
vt 0.83058554 0.91699618
vt 0.83058554 1.00037861
vt 0.87915087 1.00037837
vt 0.87915087 0.91699576
vt 1.43463182 0.75022233
vt 1.43463182 0.91699165
vt 1.48714328 0.91699123
vt 1.48714328 0.75022149
vt 0.92780519 0.91699541
vt 0.92780519 1.00037813
vt 0.97714323 1.00037801
vt 0.97714323 0.91699505
vt 1.07660544 0.24992776
vt 1.07660544 0.41669440
vt 1.12670505 0.41669291
vt 1.12670505 0.24992597
vt 1.38280630 0.58345425
vt 1.38280630 0.75022316
vt 1.43463182 0.58345306
vt 1.07660544 0.08316112
vt 1.12670505 0.08315891
vt 1.07660544 -0.00022221
vt 1.12670505 -0.00022459
vt 1.02657485 0.91699469
vt 1.02657485 1.00037777
vt 1.07660544 1.00037766
vt 1.07660544 0.91699433
vt 1.12670505 0.91699398
vt 1.12670505 1.00037742
vt 1.17743266 1.00037718
vt 1.17743266 0.91699356
vt 1.22818708 0.91699320
vt 1.22818482 1.00037706
vt 1.27954054 1.00037694
vt 1.27954054 0.91699278
vt 0.23402175 0.08319956
vt 0.23402175 -0.00018048
vt 1.38280630 0.41668534
vt 1.43463182 0.41668373
vt 1.38280630 0.24991643
vt 1.43463182 0.24991447
vt 0.97714323 0.75022918
vt 1.02657485 0.75022846
vt 0.97714323 0.58346331
vt 1.02657485 0.58346218
vt 0.97714323 0.41669738
vt 1.02657485 0.41669589
vt 0.97714323 0.24993151
vt 1.02657485 0.24992967
vt 0.97714323 0.08316565
vt 1.02657485 0.08316344
vt 0.97714323 -0.00021720
vt 1.02657485 -0.00021970
vt 0.87915087 0.75023067
vt 0.92780519 0.75022995
vt 0.87915087 0.58346558
vt 0.92780519 0.58346438
vt 0.41200835 -0.00018930
vt 0.41200835 0.08319151
vt 0.45691699 0.08318961
vt 0.45691699 -0.00019145
vt 0.41200835 0.24995315
vt 0.45691699 0.24995160
vt 0.87915087 0.41670042
vt 0.92780519 0.41669893
vt 1.43463182 1.00037622
vt 1.48714328 1.00037611
vt 0.27784586 0.08319753
vt 0.27784586 0.24995816
vt 0.32262310 0.24995643
vt 0.32262310 0.08319551
vt 0.87915087 0.24993527
vt 0.92780519 0.24993348
vt 0.87915087 0.08317012
vt 0.92780519 0.08316791
vt 0.27784586 0.41671866
vt 0.32262310 0.41671729
vt 0.27784586 0.58347923
vt 0.32262310 0.58347821
vt 0.27784586 0.75023985
vt 0.32262310 0.75023913
vt 0.27784586 0.91700035
vt 0.32262310 0.91700006
vt 0.36688593 -0.00018704
vt 0.36688593 0.08319354
vt 0.36688593 0.24995482
vt 0.27784586 -0.00018275
vt 1.43463182 0.08314514
vt 1.48714328 0.24991244
vt 1.48714328 0.08314276
vt 0.41200835 0.41671467
vt 0.45691699 0.41671336
vt 0.83058554 -0.00021005
vt 0.83058554 0.08317232
vt 0.87915087 -0.00021243
vt 0.83058554 0.24993718
vt 0.41200835 0.58347625
vt 0.45691699 0.58347523
vt 0.41200835 0.75023782
vt 0.45691699 0.75023723
vt 0.83058554 0.41670191
vt 0.41200835 0.91699940
vt 0.45691699 0.91699904
vt 0.83058554 0.58346665
vt 0.83058554 0.75023144
vt 0.92780519 -0.00021482
vt 0.78265274 0.75023210
vt 0.78265274 0.58346772
vt 0.78265274 0.41670334
vt 0.78265494 0.24993902
vt 0.78265494 0.08317459
vt 0.78265274 -0.00020766
vt 0.50248033 0.91699868
vt 0.50248033 1.00037980
vt 0.54808825 1.00037956
vt 0.54808825 0.91699839
vt 0.68768674 0.75023359
vt 0.68768674 0.91699725
vt 0.73484904 0.75023293
vt 0.27784586 1.00038064
vt 0.50248033 0.58347428
vt 0.50248033 0.41671205
vt 0.50248033 0.24994981
vt 0.50248033 0.08318758
vt 1.48714328 0.58345181
vt 0.50248033 -0.00019360
vt 1.12670505 0.58345991
vt 1.12670505 0.75022697
vt 1.17743266 0.75022620
vt 1.17743266 0.58345884
vt 0.36688593 0.75023854
vt 0.36688593 0.91699970
vt 0.36688593 0.58347726
vt 1.17743266 0.41669148
vt 0.64068478 0.75023437
vt 0.64068478 0.58347106
vt 0.68768674 0.58346987
vt 0.64068478 0.41670775
vt 0.68768674 0.41670626
vt 1.17743266 0.24992418
vt 1.22818482 -0.00022936
vt 1.22818482 0.08315444
vt 1.27954054 0.08315223
vt 1.27954054 -0.00023186
vt 1.17743266 0.08315676
vt 0.36688593 0.41671604
vt 1.17743266 -0.00022697
vt 1.07660544 0.75022769
vt 1.07660544 0.58346099
vt 0.64068478 0.24994445
vt 0.68768674 0.24994266
vt 0.64068478 0.08318114
vt 0.68768674 0.08317900
vt 0.64068478 -0.00020051
vt 0.68768674 -0.00020289
vt 0.54808825 0.41671062
vt 0.54809046 0.24994802
vt 0.54808825 0.58347321
vt 0.50248033 0.75023651
vt 0.54808825 0.75023580
vt 0.54809046 0.08318543
vt 0.59431076 0.41670913
vt 0.59431076 0.24994624
vt 1.48714328 0.41668212
vt 1.53951669 0.58345079
vt 1.53951669 0.41668075
vt 1.53951669 0.24991071
vt 0.54808825 -0.00019586
vt 0.59431076 0.75023508
vt 0.59431076 0.08318329
vt 0.59431076 0.58347207
vt 0.32262310 -0.00018501
vt 1.53951669 0.08314061
vt 1.59245348 0.24990880
vt 1.59245348 0.08313847
vt 1.33086944 0.08314979
vt 1.33086944 -0.00023448
vt 1.27954054 0.24992037
vt 1.33086944 0.24991834
vt 1.53951669 -0.00024438
vt 1.59245348 -0.00024676
vt 1.27954054 0.41668844
vt 1.33086944 0.41668689
vt 1.27954054 0.58345652
vt 1.33086944 0.58345532
vt 1.53951669 0.75022089
vt 0.59431076 -0.00019813
vt 1.59245121 0.41667926
vt 1.22818708 0.75022542
vt 1.22818482 0.58345765
vt 1.38280630 0.91699201
vt 1.38280630 1.00037646
vt 1.22818482 0.41668993
vt 1.27954054 0.75022471
vt 1.33086944 0.75022393
vt 1.48714328 -0.00024199
vt 0.73484904 -0.00020528
vt 0.73484904 0.08317679
vt 1.33086944 0.91699243
vt 1.33086944 1.00037670
vt 0.73484904 0.24994087
vt 1.22818482 0.24992228
vt 1.38280630 -0.00023699
vt 1.38280630 0.08314753
vt 1.43463182 -0.00023961
vt 0.73484904 0.41670483
vt 0.73484904 0.58346885
vt 0.32262310 1.00038052
vt 0.36688593 1.00038028
vt 0.41200835 1.00038016
vt 0.45691699 1.00038004
vt 0.68768674 1.00037909
vt 1.69864106 0.24990559
vt 1.69864106 0.41667664
vt 1.75186956 0.41667545
vt 1.75186956 0.24990410
vt 1.69864106 0.08313447
vt 1.75186956 0.08313274
vt 1.69864106 -0.00025105
vt 1.75186956 -0.00025296
vt 1.75186956 0.91698956
vt 1.75186956 1.00037527
vt 1.80585527 1.00037503
vt 1.80585527 0.91698933
vt 1.85968065 0.91698897
vt 1.85968065 1.00037491
vt 1.91417181 1.00037479
vt 1.91417181 0.91698873
vt 1.96836019 0.91698837
vt 1.96836019 1.00037467
vt 2.02322316 1.00037456
vt 2.02322316 0.91698813
vt 1.85968065 0.24990124
vt 1.85968065 0.41667318
vt 1.91417181 0.41667199
vt 1.91417181 0.24989974
vt 1.85968065 0.58344507
vt 1.91417181 0.58344424
vt 2.07778335 0.91698778
vt 2.07778335 1.00037432
vt 2.13295817 1.00037420
vt 2.13295817 0.91698748
vt 2.24322343 0.91698682
vt 2.24322343 1.00037384
vt 2.29830027 1.00037384
vt 2.29830027 0.91698658
vt 1.85968065 0.75021708
vt 1.91417181 0.75021648
vt 1.91417181 -0.00025868
vt 1.91417181 0.08312750
vt 1.96836019 0.08312571
vt 1.96836019 -0.00026059
vt 1.80585527 0.75021768
vt 2.07778335 0.41666842
vt 2.07778335 0.58344156
vt 2.13295817 0.58344060
vt 2.13295817 0.41666716
vt 2.07778335 0.75021470
vt 2.13295817 0.75021404
vt 2.07778335 0.24989533
vt 2.13295817 0.24989372
vt 2.07778335 0.08312213
vt 2.13295817 0.08312029
vt 1.96836019 0.75021589
vt 2.02322316 0.75021529
vt 1.75186956 0.75021815
vt 1.96836019 0.58344328
vt 2.02322316 0.58344245
vt 1.96836019 0.41667080
vt 2.02322316 0.41666961
vt 1.96836019 0.24989825
vt 2.02322316 0.24989676
vt 2.02322316 0.08312392
vt 2.02322316 -0.00026250
vt 1.64522994 0.08313644
vt 1.64522994 -0.00024891
vt 1.64522994 0.24990726
vt 1.64522994 0.41667795
vt 1.53951669 0.91699088
vt 1.59245121 0.58344972
vt 1.64522994 0.58344865
vt 1.80585527 0.58344597
vt 1.80585527 0.41667432
vt 1.80585527 0.24990273
vt 1.80585527 0.08313102
vt 1.85968065 0.08312935
vt 1.59245121 0.75022006
vt 1.59245121 0.91699052
vt 1.64522994 0.75021946
vt 1.64522994 0.91699016
vt 1.69864106 0.91698986
vt 1.69864106 1.00037539
vt 2.18784809 1.00037408
vt 2.18784809 0.91698718
vt 1.53951669 1.00037599
vt 1.59245121 1.00037575
vt 1.64522994 1.00037551
vt 1.69864106 0.58344769
vt 2.18784809 0.75021344
vt 2.18784809 0.58343971
vt 1.80585527 -0.00025487
vt 1.85968065 -0.00025666
vt 1.69864106 0.75021881
vt 1.75186956 0.58344680
vt 2.18784809 0.41666591
vt 2.18784809 0.24989223
vt 2.24322343 0.58343875
vt 2.24322343 0.41666466
vt 2.24322343 0.75021279
vt 2.29830027 0.75021225
vt 2.07778335 -0.00026441
vt -1.68683696 0.75026798
vt -1.68683696 0.91701448
vt -1.62682509 0.91701400
vt -1.62682509 0.75026703
vt -1.68683696 0.58352149
vt -1.62682509 0.58352005
vt -1.68683696 0.41677499
vt -1.62682509 0.41677308
vt -1.68683696 0.25002849
vt -1.62682509 0.25002617
vt -1.68683696 0.08328199
vt -1.62682509 0.08327925
vt -1.68683696 -0.00009131
vt -1.62682509 -0.00009418
vt -1.80837274 0.75027001
vt -1.80837274 0.91701543
vt -1.74778414 0.91701496
vt -1.74778175 0.75026894
vt -1.80837274 0.58352447
vt -1.74778175 0.58352298
vt -1.80837274 0.41677892
vt -1.74778175 0.41677701
vt -1.80837274 0.25003350
vt -1.74778175 0.25003099
vt -1.80837274 0.08328795
vt -1.74778175 0.08328497
vt -1.56633449 -0.00009716
vt -1.56633449 0.08327663
vt -1.50711560 0.08327401
vt -1.50711560 -0.00009990
vt -1.56633449 0.25002396
vt -1.50711560 0.25002182
vt -1.56633449 0.41677135
vt -1.50711560 0.41676962
vt -1.44726181 0.25001979
vt -1.44726181 0.08327144
vt -0.88381279 0.75025618
vt -0.88381279 0.91700852
vt -1.44726181 -0.00010276
vt -1.44726181 0.41676795
vt -0.88381279 0.58350372
vt -0.88381279 0.41675138
vt -0.83233690 0.41674984
vt -1.80837274 -0.00008476
vt -1.74778414 -0.00008798
vt -1.56633449 0.91701353
vt -1.56633449 0.75026619
vt -1.56633449 0.58351874
vt -1.93033600 0.75027186
vt -1.93033600 0.91701639
vt -1.86961150 0.91701591
vt -1.86961150 0.75027090
vt -1.93033600 0.58352727
vt -1.86961150 0.58352590
vt -0.88381279 0.24999905
vt -0.83233690 0.24999714
vt -0.88381279 0.08324671
vt -0.83233690 0.08324432
vt -0.88381279 -0.00012958
vt -0.83233690 -0.00013208
vt -0.99133432 0.08325148
vt -0.99133432 0.25000310
vt -0.93828619 0.25000107
vt -0.93828619 0.08324909
vt -0.99133432 0.41675460
vt -0.93828619 0.41675305
vt -0.99133432 0.58350617
vt -0.93828619 0.58350497
vt -0.99133432 0.75025779
vt -0.93828619 0.75025702
vt -1.15876961 0.91701061
vt -1.15876961 1.00038576
vt -1.10172188 1.00038552
vt -1.10172188 0.91701019
vt -1.93033600 0.41678268
vt -1.86961150 0.41678089
vt -1.93033600 0.25003821
vt -1.86961150 0.25003588
vt -1.93033600 0.08329368
vt -1.86961150 0.08329082
vt -1.93033600 -0.00007868
vt -1.86961150 -0.00008178
vt -1.27264905 0.91701138
vt -1.27264905 1.00038612
vt -1.21461701 1.00038600
vt -1.21461475 0.91701102
vt -1.38904500 0.91701227
vt -1.38904500 1.00038660
vt -1.32985485 1.00038648
vt -1.32985485 0.91701186
vt -1.50711560 0.91701311
vt -1.50711560 1.00038695
vt -1.44726181 1.00038683
vt -1.44726181 0.91701269
vt -1.62682509 1.00038743
vt -1.56633449 1.00038719
vt -1.74778414 1.00038791
vt -1.68683696 1.00038767
vt -1.50711560 0.58351749
vt -1.44726181 0.58351618
vt -1.86961150 1.00038838
vt -1.80837274 1.00038815
vt -1.99129415 0.91701686
vt -1.99129415 1.00038886
vt -1.93033600 1.00038862
vt -1.50711560 0.75026530
vt -1.44726181 0.75026447
vt -1.04718614 1.00038528
vt -1.04718614 0.91700977
vt -0.93828619 -0.00012696
vt -0.77913725 0.08324194
vt -0.77913725 -0.00013471
vt -1.27264905 0.08326375
vt -1.27264905 0.25001323
vt -1.21461701 0.25001121
vt -1.21461701 0.08326125
vt -1.27264905 -0.00011110
vt -1.21461701 -0.00011373
vt -1.15876961 -0.00011635
vt -1.15876961 0.08325887
vt -1.10172188 0.08325642
vt -1.10172188 -0.00011897
vt -1.15876961 0.25000918
vt -1.10172188 0.25000727
vt -1.38904500 -0.00010538
vt -1.38904500 0.08326894
vt -1.32985485 0.08326626
vt -1.32985485 -0.00010824
vt -1.04718614 0.41675627
vt -1.04718614 0.58350742
vt -0.99133432 -0.00012422
vt -1.10172188 0.41675794
vt -1.10172188 0.58350867
vt -1.38904500 0.25001764
vt -1.04718614 0.25000513
vt -1.04718614 0.08325398
vt -1.32985270 0.25001538
vt -1.38904500 0.41676629
vt -1.38904500 0.58351493
vt -1.38904500 0.75026357
vt -1.04718614 -0.00012159
vt -1.15876961 0.41675949
vt -1.32985485 0.41676444
vt -1.21461701 0.41676110
vt -2.05205417 0.41678643
vt -2.05205417 0.58353007
vt -1.99129415 0.58352864
vt -1.99129415 0.41678458
vt -2.05205417 0.75027370
vt -1.99129415 0.75027275
vt -1.04718614 0.75025862
vt -0.99133432 0.91700935
vt -0.88381279 1.00038481
vt -0.99133432 1.00038517
vt -0.93828619 0.91700900
vt -0.93828619 1.00038505
vt -1.10172188 0.75025946
vt -1.21461475 0.75026107
vt -1.15876961 0.75026023
vt -1.21461701 0.58351105
vt -1.15876961 0.58350986
vt -2.05205417 0.91701734
vt -2.05205202 1.00038910
vt -1.99129415 -0.00007558
vt -1.99129415 0.08329642
vt -1.32985485 0.58351356
vt -1.32985485 0.75026274
vt -1.27265131 0.41676277
vt -1.27265131 0.58351231
vt -1.27264905 0.75026190
vt -1.99129415 0.25004053
vt -2.17320466 0.08330470
vt -2.17320251 0.25004745
vt -2.11279416 0.25004524
vt -2.11279655 0.08330202
vt -2.58633256 0.08332360
vt -2.52904201 0.25006115
vt -2.52904201 0.08332109
vt -2.29349113 0.41679382
vt -2.29349113 0.58353561
vt -2.23332334 0.58353424
vt -2.23332334 0.41679204
vt -2.23332334 0.75027645
vt -2.17320466 0.41679013
vt -2.11279416 0.41678834
vt -2.70051694 -0.00004029
vt -2.29349113 0.25005209
vt -2.23332334 0.25004983
vt -2.29349113 0.08331025
vt -2.23332334 0.08330756
vt -2.47076058 -0.00005174
vt -2.47076058 0.08331847
vt -2.41238117 0.08331585
vt -2.41238117 -0.00005460
vt -2.35304189 0.41679561
vt -2.35304189 0.58353698
vt -2.23332334 -0.00006366
vt -2.17320251 -0.00006676
vt -2.47076058 0.25005889
vt -2.41238117 0.25005674
vt -2.05205202 0.25004286
vt -2.05205202 0.08329922
vt -2.05205202 -0.00007260
vt -2.35303974 0.25005436
vt -2.11279655 0.91701776
vt -2.11279655 1.00038934
vt -2.17320466 0.58353281
vt -2.17320466 0.75027561
vt -2.11279655 -0.00006962
vt -2.11279416 0.58353150
vt -2.11279416 0.75027466
vt -2.35304189 -0.00005770
vt -2.35303974 0.08331305
vt -2.29349113 -0.00006056
vt -2.41238117 0.41679752
vt -2.52904201 -0.00004888
vt -2.64403725 0.08332634
vt -2.64403725 -0.00004315
vt -2.58633256 -0.00004601
vt 2.29830027 0.58343780
vt 2.29830027 0.41666347
vt 2.24322343 0.24989057
vt 2.29830027 0.24988914
vt 2.24322343 0.08311653
vt 2.29830027 0.08311474
vt 2.35333252 0.24988753
vt 2.35333252 0.08311284
vt 2.29830027 -0.00027251
vt 2.35333252 -0.00027442
vt 2.35333252 0.41666216
vt 2.40815783 0.41666096
vt 2.40815783 0.24988604
vt 2.46259117 -0.00027847
vt 2.46259117 0.08310914
vt 2.51717806 0.08310723
vt 2.51717806 -0.00028062
vt 2.40815783 0.08311093
vt 2.18784809 0.08311844
vt 2.35333252 0.75021160
vt 2.35333252 0.58343685
vt 2.24322343 -0.00027049
vt 2.13295817 -0.00026631
vt 2.18784809 -0.00026846
vt 2.40815783 -0.00027657
vt 2.46259117 0.24988449
vt 3.14786339 0.24986482
vt 3.14786339 0.41664410
vt 3.19759560 0.41664296
vt 3.19759560 0.24986351
vt 3.09744525 0.24986637
vt 3.09744525 0.41664523
vt 3.14786339 0.58342326
vt 3.19759560 0.58342242
vt 3.14786339 0.75020254
vt 3.19759560 0.75020194
vt 3.14786339 0.91698170
vt 3.19759560 0.91698146
vt 3.24697590 -0.00030744
vt 3.24697590 0.08308244
vt 3.29565024 0.08308077
vt 3.29565239 -0.00030923
vt 2.62567949 0.24987960
vt 2.62567949 0.41665590
vt 2.67945147 0.41665465
vt 2.67945147 0.24987817
vt 3.39111733 0.08307731
vt 3.39111733 0.24985796
vt 3.43795657 0.24985635
vt 3.43795657 0.08307546
vt 3.39111733 -0.00031304
vt 3.43795657 -0.00031495
vt 2.51717806 0.24988282
vt 2.40815783 0.91698599
vt 2.40815783 1.00037336
vt 2.46259117 1.00037324
vt 2.46259117 0.91698563
vt 2.46259117 0.41665971
vt 2.51717806 0.41665840
vt 2.51717806 0.91698527
vt 2.51717806 1.00037313
vt 2.57142210 1.00037289
vt 2.57142210 0.91698498
vt 2.46259117 0.58343506
vt 2.51717806 0.58343405
vt 2.57142210 -0.00028276
vt 2.57142210 0.08310533
vt 2.62567949 0.08310342
vt 2.62567949 -0.00028479
vt 3.29565239 0.75020087
vt 3.29565239 0.91698092
vt 3.34389043 0.91698062
vt 3.34389043 0.75020027
vt 3.29565239 0.58342087
vt 3.34389043 0.58341992
vt 2.57142210 0.24988127
vt 2.57142210 0.41665715
vt 2.57142210 0.58343309
vt 2.62567735 0.58343214
vt 2.67945147 0.08310151
vt 2.57142210 0.75020909
vt 2.62567949 0.75020838
vt 2.67945147 -0.00028682
vt 2.62567949 0.91698468
vt 2.73314309 0.08309972
vt 2.73314309 -0.00028872
vt 2.73314309 0.24987662
vt 2.73314309 0.41665345
vt 2.67945147 0.58343124
vt 2.73314309 0.58343029
vt 2.78644729 -0.00029075
vt 2.78644729 0.08309782
vt 2.83952451 0.08309603
vt 2.83952451 -0.00029278
vt 2.78644729 0.24987501
vt 2.83952451 0.24987352
vt 2.73314309 0.75020719
vt 2.78644729 0.75020659
vt 2.78644729 0.58342934
vt 3.29565024 0.41664082
vt 3.34389043 0.41663963
vt 3.29565024 0.24986082
vt 3.34389043 0.24985927
vt 3.34389043 0.08307898
vt 3.34389043 -0.00031114
vt 3.24697590 0.91698116
vt 3.24697590 0.75020140
vt 3.24697590 0.58342171
vt 3.24697590 0.41664195
vt 3.24697804 0.24986219
vt 2.78644729 0.41665214
vt 3.09744525 0.08308744
vt 3.14786339 0.08308566
vt 3.09744525 -0.00030208
vt 3.14786339 -0.00030398
vt 2.99547768 0.75020427
vt 2.99547768 0.91698265
vt 3.04671979 0.91698229
vt 3.04671979 0.75020361
vt 2.99547553 0.58342588
vt 3.04671979 0.58342499
vt 2.99547553 0.41664755
vt 3.04671979 0.41664636
vt 3.19759321 0.08308399
vt 3.19759321 -0.00030577
vt 3.09744525 0.91698205
vt 3.09744740 0.75020313
vt 3.09744525 0.58342421
vt 2.99547553 0.24986923
vt 3.04671979 0.24986780
vt 3.39111733 0.41663849
vt 2.99547553 0.08309084
vt 3.04671979 0.08308911
vt 2.99547553 -0.00029826
vt 3.04671979 -0.00030017
vt 3.39111733 0.58341908
vt 2.35333252 0.91698623
vt 2.40815783 0.75021094
vt 2.35333252 1.00037360
vt 2.94393706 0.75020480
vt 2.94393706 0.91698289
vt 2.94393706 0.58342671
vt 2.94393706 0.41664863
vt 2.94393706 0.24987066
vt 3.39111733 0.75019974
vt 2.94393706 0.08309257
vt 3.48363137 0.41663629
vt 3.48363137 0.58341742
vt 3.52890754 0.58341664
vt 3.52890754 0.41663522
vt 3.48363137 0.24985516
vt 3.52890968 0.24985385
vt 2.94393706 -0.00029647
vt 2.89186215 0.75020540
vt 2.89186215 0.91698319
vt 2.83952451 0.75020593
vt 2.83952451 0.91698349
vt 2.89186215 0.58342761
vt 3.48363137 0.08307397
vt 3.52890754 0.08307242
vt 3.48363137 -0.00031662
vt 3.52890754 -0.00031829
vt 2.83952451 0.58342844
vt 2.83952451 0.41665095
vt 2.89186215 0.41664982
vt 3.39111733 0.91698033
vt 2.89186215 0.24987215
vt 2.89186215 0.08309436
vt 2.46259117 0.75021040
vt 2.40815783 0.58343595
vt 2.73314309 0.91698408
vt 2.78644729 0.91698372
vt 3.24697590 1.00037098
vt 3.29565239 1.00037098
vt 3.14786339 1.00037134
vt 3.19759560 1.00037122
vt 3.04671979 1.00037158
vt 3.09744525 1.00037146
vt 2.94393706 1.00037193
vt 2.99547768 1.00037169
vt 2.83952451 1.00037217
vt 2.89186215 1.00037205
vt 2.73314309 1.00037253
vt 2.78644729 1.00037241
vt 2.62567949 1.00037277
vt 2.67945147 1.00037265
vt 2.67945147 0.91698432
vt 3.34389043 1.00037074
vt 2.67945147 0.75020778
vt 2.51717806 0.75020969
vt 2.89186215 -0.00029445
vt 3.57308793 0.41663420
vt 3.57309008 0.24985254
vt 3.57309008 0.08307081
vt 3.43795657 0.58341819
vt 3.43795657 0.75019908
vt 3.48363137 0.75019860
vt 3.43795657 0.41663724
vt 3.61691642 0.24985135
vt 3.61691642 0.08306944
vt 3.57309008 -0.00031996
vt 3.61691642 -0.00032151
vt 3.57309008 0.58341587
vt 3.57309008 0.75019759
vt 3.61691880 0.75019705
vt 3.61691642 0.58341515
vt 3.57309008 0.91697931
vt 3.61691642 0.91697901
vt 3.65969396 0.58341449
vt 3.65969610 0.75019670
vt 3.70223093 0.75019622
vt 3.70223093 0.58341384
vt 3.65969610 0.91697878
vt 3.70223093 0.91697860
vt 3.43795657 0.91698003
vt 3.48363137 0.91697979
vt 3.52890754 0.75019807
vt 3.70223093 1.00036979
vt 3.74350071 1.00036967
vt 3.74350071 0.91697836
vt 3.61691642 1.00037003
vt 3.65969610 1.00036979
vt 3.52890754 0.91697949
vt 3.52890754 1.00037026
vt 3.57309008 1.00037003
vt 3.43795657 1.00037050
vt 3.48363137 1.00037026
vt 3.39111733 1.00037062
vt 3.78478384 1.00036955
vt 3.78478384 0.91697812
vt 3.61691642 0.41663319
vt 3.65969396 0.41663235
vt 3.74350071 0.75019586
vt 4.14599466 0.58340752
vt 4.14599466 0.75019199
vt 4.18676996 0.75019163
vt 4.18676805 0.58340698
vt 3.65969396 0.08306813
vt 3.65969610 0.24985027
vt 3.70223093 0.24984908
vt 3.70223093 0.08306670
vt 3.65969396 -0.00032306
vt 3.70223093 -0.00032449
vt 4.02542353 0.24984092
vt 4.02542353 0.41662484
vt 4.06535673 0.41662419
vt 4.06535673 0.24984002
vt 4.02542353 0.08305681
vt 4.06535673 0.08305573
vt 4.14599466 0.41662300
vt 4.18676996 0.41662234
vt 4.14599466 0.24983853
vt 4.18676996 0.24983770
vt 4.14599466 0.08305407
vt 4.18676996 0.08305305
vt 4.14599466 -0.00033820
vt 4.18676996 -0.00033927
vt 3.94524431 0.91697729
vt 3.94524431 1.00036907
vt 3.98518252 1.00036907
vt 3.98518252 0.91697711
vt 4.02542353 0.91697693
vt 4.02542353 1.00036883
vt 4.06535673 1.00036883
vt 4.06535673 0.91697681
vt 3.86527681 0.91697776
vt 3.86527681 1.00036931
vt 3.90514159 1.00036931
vt 3.90514159 0.91697752
vt 3.82492685 1.00036943
vt 3.82492685 0.91697794
vt 4.10567570 1.00036883
vt 4.10567570 0.91697657
vt 4.06535673 0.75019258
vt 4.10567570 0.75019222
vt 4.06535673 0.58340836
vt 4.10567570 0.58340788
vt 4.10567570 0.41662353
vt 3.90514159 0.58341068
vt 3.90514159 0.75019407
vt 3.94524431 0.75019372
vt 3.94524431 0.58341002
vt 3.78478384 0.75019538
vt 3.74350071 0.58341318
vt 3.78478384 0.58341253
vt 3.74350071 0.41663063
vt 3.78478384 0.41662979
vt 3.74350071 0.24984807
vt 3.78478384 0.24984705
vt 3.74350071 0.08306545
vt 3.78478384 0.08306420
vt 4.02542353 -0.00033522
vt 4.06535673 -0.00033629
vt 3.98518252 0.75019336
vt 3.98518252 0.58340949
vt 3.94524431 0.41662645
vt 3.98518252 0.41662568
vt 3.94524670 0.24984288
vt 3.98518252 0.24984193
vt 3.78478384 -0.00032723
vt 3.82492685 0.08306295
vt 3.82492685 -0.00032854
vt 3.82492685 0.24984592
vt 3.94524670 0.08305925
vt 3.98518252 0.08305806
vt 3.74350071 -0.00032592
vt 3.94524670 -0.00033259
vt 3.98518252 -0.00033379
vt 3.82492685 0.41662896
vt 3.86527681 0.58341134
vt 3.86527681 0.75019455
vt 3.86527681 0.41662812
vt 3.90514159 0.41662723
vt 3.86527681 0.24984503
vt 3.90514159 0.24984384
vt 4.14599466 0.91697645
vt 4.14599466 1.00036860
vt 4.18676996 1.00036860
vt 4.18676996 0.91697627
vt 3.86527681 0.08306175
vt 3.90514159 0.08306044
vt 3.86527681 -0.00032985
vt 3.90514159 -0.00033128
vt 4.22711372 1.00036860
vt 4.22711372 0.91697615
vt 4.22711372 0.41662169
vt 4.22711372 0.24983686
vt 4.22711372 0.58340645
vt 4.22711372 0.75019133
vt 4.22711372 -0.00034046
vt 4.22711372 0.08305204
vt 4.26809835 0.08305091
vt 4.26809835 -0.00034153
vt 4.26809835 0.24983591
vt 4.26809835 0.41662091
vt 4.26809835 0.58340585
vt 4.26809835 0.75019091
vt 4.02542543 0.75019288
vt 4.10567570 -0.00033736
vt 4.10567570 0.08305490
vt 4.10567570 0.24983925
vt 4.02542353 0.58340889
vt 3.70223093 0.41663146
vt 3.82492685 0.58341193
vt 3.82492685 0.75019491
vt 4.82197142 0.24982285
vt 4.82197142 0.41661036
vt 4.86674213 0.41660970
vt 4.86674213 0.24982184
vt 4.82197142 0.08303517
vt 4.86674213 0.08303398
vt 4.26809835 0.91697598
vt 4.30934143 0.91697574
vt 4.30934143 0.75019062
vt 4.60439873 0.58340132
vt 4.60439873 0.75018787
vt 4.64730310 0.75018746
vt 4.64730310 0.58340067
vt 4.39261150 -0.00034499
vt 4.39261150 0.08304769
vt 4.43468761 0.08304656
vt 4.43468761 -0.00034630
vt 4.64730310 0.91697419
vt 4.69089317 0.91697395
vt 4.69089317 0.75018698
vt 4.39261150 0.24983323
vt 4.43468761 0.24983227
vt 4.69089317 0.58340001
vt 4.73406935 0.75018656
vt 4.73406935 0.58339942
vt 4.60439873 0.41661477
vt 4.64730310 0.41661394
vt 4.60439873 0.24982822
vt 4.64730310 0.24982721
vt 4.51911736 0.91697478
vt 4.51911736 1.00036788
vt 4.56145430 1.00036776
vt 4.56145430 0.91697460
vt 4.69089317 0.41661304
vt 4.69089317 0.24982607
vt 4.64730310 0.08304036
vt 4.69089317 0.08303916
vt 4.64730310 -0.00035298
vt 4.69089317 -0.00035429
vt 4.39261150 0.41661870
vt 4.43468761 0.41661799
vt 4.39261150 0.58340430
vt 4.43468761 0.58340371
vt 4.43468761 0.75018948
vt 4.47662306 0.75018913
vt 4.47662306 0.58340317
vt 4.39261150 0.91697538
vt 4.39261150 1.00036812
vt 4.43468761 1.00036812
vt 4.43468761 0.91697520
vt 4.47662306 0.91697502
vt 4.51911736 -0.00034881
vt 4.51911736 0.08304423
vt 4.56145430 0.08304304
vt 4.56145430 -0.00035012
vt 4.51911736 0.24983037
vt 4.56145430 0.24982941
vt 4.51911736 0.41661644
vt 4.56145191 0.41661566
vt 4.51911736 0.58340251
vt 4.56145430 0.58340198
vt 4.51911736 0.75018871
vt 4.56145430 0.75018835
vt 4.30934143 1.00036836
vt 4.35107422 1.00036824
vt 4.35107422 0.91697562
vt 4.26809835 1.00036836
vt 4.82197142 0.91697329
vt 4.82197142 1.00036716
vt 4.86674213 1.00036693
vt 4.86674213 0.91697311
vt 4.47662306 0.41661727
vt 4.47662306 0.24983138
vt 4.60439873 0.08304173
vt 4.60439873 -0.00035167
vt 4.77803135 0.24982393
vt 4.77803135 0.41661131
vt 4.60439873 0.91697443
vt 4.35107422 0.24983406
vt 4.35107422 0.41661942
vt 4.47662306 1.00036800
vt 4.35107422 0.58340484
vt 4.35107422 0.75019026
vt 4.39261150 0.75018990
vt 4.86674404 0.75018525
vt 4.91109371 0.91697294
vt 4.91109371 0.75018495
vt 4.47662306 0.08304536
vt 4.47662306 -0.00034761
vt 4.91109371 1.00036693
vt 4.77803135 0.91697347
vt 4.77803135 1.00036716
vt 4.73406935 0.08303785
vt 4.73406935 -0.00035572
vt 4.69089317 1.00036740
vt 4.73406935 1.00036740
vt 4.73406935 0.91697377
vt 4.73406935 0.24982500
vt 4.64730310 1.00036764
vt 4.73406935 0.41661221
vt 4.77803135 0.58339870
vt 4.82197142 0.58339798
vt 4.60439873 1.00036764
vt 4.30934143 -0.00034273
vt 4.30934143 0.08304989
vt 4.35107422 0.08304876
vt 4.35107422 -0.00034392
vt 4.30934143 0.24983507
vt 4.30934143 0.41662019
vt 4.30934143 0.58340538
vt 4.77803135 0.75018609
vt 4.77803135 -0.00035727
vt 4.77803135 0.08303654
vt 4.82197142 -0.00035870
vt 4.82197142 0.75018573
vt 4.86674213 0.58339745
vt 6.84442806 0.91696900
vt 6.84442806 1.00036502
vt 6.90688276 1.00036490
vt 6.90688276 0.91696894
vt 8.58829594 0.08300060
vt 8.58829594 0.24979401
vt 8.65246773 0.24979377
vt 8.65246773 0.08300024
vt 8.58829594 0.41658741
vt 8.65246773 0.41658711
vt 8.58829594 -0.00039613
vt 8.65246773 -0.00039649
vt 8.58829594 0.58338076
vt 8.65246773 0.58338058
vt 8.58829594 0.75017416
vt 8.65246677 0.75017405
vt 8.58829594 0.91696751
vt 8.65246773 0.91696751
vt 8.71668148 -0.00039673
vt 8.71668148 0.08299989
vt 8.78167534 0.08299959
vt 8.78167534 -0.00039721
vt 8.46096992 -0.00039506
vt 8.46096992 0.08300155
vt 8.52467632 0.08300108
vt 8.52467632 -0.00039554
vt 8.46096992 0.24979478
vt 8.52467632 0.24979442
vt 8.46096992 0.75017446
vt 8.46096992 0.91696769
vt 8.52467632 0.91696763
vt 8.52467632 0.75017434
vt 8.46096992 0.41658795
vt 8.52467632 0.41658771
vt 8.46096992 0.58338118
vt 8.52467632 0.58338100
vt 8.33489132 0.24979556
vt 8.33489132 0.41658860
vt 8.39802551 0.41658825
vt 8.39802551 0.24979508
vt 8.33489132 0.58338165
vt 8.39802551 0.58338141
vt 8.08487225 0.91696823
vt 8.08487225 1.00036454
vt 8.14737797 1.00036454
vt 8.14737797 0.91696811
vt 8.20959377 0.91696805
vt 8.20959377 1.00036454
vt 8.27236557 1.00036442
vt 8.27236557 0.91696793
vt 8.33489132 0.91696787
vt 8.33489132 1.00036442
vt 8.39802551 1.00036430
vt 8.39802551 0.91696781
vt 8.97883606 0.91696715
vt 8.97883606 1.00036407
vt 9.04581642 1.00036407
vt 9.04581642 0.91696709
vt 9.31819820 0.91696703
vt 9.31819820 1.00036407
vt 9.38750744 1.00036395
vt 9.38750744 0.91696697
vt 8.33489132 0.75017476
vt 8.39802551 0.75017464
vt 9.18108273 0.91696703
vt 9.18108273 1.00036407
vt 9.24941063 1.00036407
vt 9.24941063 0.91696703
vt 8.33489132 -0.00039411
vt 8.33489132 0.08300245
vt 8.39802551 0.08300191
vt 8.39802551 -0.00039458
vt 8.27236557 0.08300292
vt 8.27236557 0.24979591
vt 8.27236557 0.41658890
vt 8.27236557 0.58338189
vt 8.27236557 0.75017494
vt 8.20959377 0.41658938
vt 8.20959377 0.58338225
vt 8.20959377 0.24979651
vt 8.20959377 0.08300358
vt 8.20959377 -0.00039291
vt 8.27236557 -0.00039363
vt 8.08487225 0.75017548
vt 8.14737797 0.75017536
vt 8.08487225 0.58338279
vt 8.14737797 0.58338249
vt 8.20959377 0.75017512
vt 8.14737797 0.41658974
vt 8.14737797 0.24979699
vt 8.14737797 0.08300412
vt 8.14737797 -0.00039220
vt 8.46096992 1.00036430
vt 8.52467632 1.00036430
vt 8.58829594 1.00036430
vt 8.65246773 1.00036430
vt 8.71668148 0.91696745
vt 8.71668148 1.00036418
vt 8.78167534 1.00036418
vt 8.78167534 0.91696739
vt 8.91266918 0.75017357
vt 8.91266918 0.91696727
vt 8.97883606 0.75017345
vt 8.91266918 0.58337975
vt 8.97883606 0.58337963
vt 8.91266918 0.41658610
vt 8.97883606 0.41658586
vt 8.91266918 0.24979246
vt 8.97883606 0.24979210
vt 8.91266918 0.08299875
vt 8.97883606 0.08299839
vt 8.91266918 -0.00039816
vt 8.97883606 -0.00039840
vt 9.24941063 0.75017309
vt 9.31819820 0.75017309
vt 9.24941063 0.58337921
vt 9.31819820 0.58337915
vt 9.04581642 0.75017333
vt 9.11332226 0.91696709
vt 9.11332226 0.75017327
vt 9.11332226 1.00036407
vt 9.04581642 0.58337951
vt 9.11332226 0.58337939
vt 9.04581642 0.41658568
vt 9.11332226 0.41658556
vt 8.84684849 0.91696727
vt 8.84684849 1.00036407
vt 8.91266918 1.00036407
vt 9.04581642 0.24979192
vt 9.11332226 0.24979174
vt 9.04581642 0.08299810
vt 9.11332226 0.08299780
vt 9.04581642 -0.00039887
vt 9.11332226 -0.00039911
vt 8.84684944 0.75017369
vt 8.84684849 0.58337998
vt 8.84684849 0.41658640
vt 8.84684944 0.24979275
vt 8.84684944 0.08299911
vt 8.84684944 -0.00039768
vt 8.71668148 0.75017393
vt 8.78167534 0.75017381
vt 8.71668148 0.58338040
vt 8.78167534 0.58338022
vt 8.71668148 0.41658694
vt 8.78167534 0.41658664
vt 8.71668148 0.24979341
vt 8.78167534 0.24979317
vt 8.08487225 0.41659003
vt 8.02285576 0.91696829
vt 8.02285576 1.00036454
vt 9.18108273 0.08299756
vt 9.18108273 -0.00039935
vt 9.18108273 0.24979150
vt 9.18108273 0.41658533
vt 9.18108273 0.58337927
vt 9.18108273 0.75017315
vt 9.24941063 0.41658533
vt 9.24941063 0.24979138
vt 7.83651447 0.91696846
vt 7.83651447 1.00036478
vt 7.89867878 1.00036466
vt 7.89867878 0.91696846
vt 7.89867878 0.24979842
vt 7.89867878 0.41659081
vt 7.96050215 0.41659063
vt 7.96050215 0.24979806
vt 7.89867878 0.08300579
vt 7.96050215 0.08300543
vt 7.89867878 -0.00039041
vt 7.96050215 -0.00039077
vt 7.77476025 0.75017607
vt 7.77476025 0.91696846
vt 7.83651352 0.75017595
vt 7.77476025 0.58338356
vt 7.83651352 0.58338344
vt 7.77476025 0.41659111
vt 7.83651352 0.41659105
vt 7.77476025 0.24979877
vt 7.83651352 0.24979860
vt 7.77476025 0.08300626
vt 7.83651447 0.08300608
vt 7.77476025 -0.00039005
vt 7.83651447 -0.00039005
vt 7.58893490 0.75017607
vt 7.58893251 0.91696846
vt 7.65095997 0.91696858
vt 7.65095997 0.75017619
vt 7.71266413 -0.00038981
vt 7.71266508 0.08300644
vt 7.71266508 0.24979889
vt 7.71266508 0.41659123
vt 7.71266413 0.91696846
vt 7.71266413 0.75017607
vt 7.65095758 0.58338368
vt 7.71266508 0.58338368
vt 7.65095758 0.41659129
vt 7.65095997 0.24979895
vt 7.09358788 -0.00038910
vt 7.09358788 0.08300698
vt 7.15574884 0.08300644
vt 7.15574884 -0.00038970
vt 7.09358788 0.24979937
vt 7.15574884 0.24979889
vt 7.46523905 0.91696846
vt 7.46523905 1.00036466
vt 7.52723503 1.00036478
vt 7.52723503 0.91696846
vt 7.58893251 1.00036478
vt 7.65095854 1.00036478
vt 7.71266413 1.00036478
vt 7.77476025 1.00036478
vt 7.65095758 0.08300650
vt 7.65095758 -0.00038970
vt 7.52723503 0.75017607
vt 7.52723503 0.58338356
vt 7.58893490 0.58338368
vt 7.52723503 0.41659111
vt 7.58893251 0.41659123
vt 7.52723503 0.24979866
vt 7.58893490 0.24979889
vt 6.90688276 0.41659284
vt 6.90688276 0.58338487
vt 6.96924543 0.58338451
vt 6.96924543 0.41659242
vt 7.52723503 0.08300614
vt 7.58893490 0.08300644
vt 7.52723503 -0.00039005
vt 7.58893394 -0.00038981
vt 7.40352678 0.75017595
vt 7.40352678 0.91696846
vt 7.46523905 0.75017595
vt 7.40352678 0.58338332
vt 7.46523905 0.58338344
vt 7.40352678 0.41659081
vt 7.46523905 0.41659087
vt 7.40352678 0.24979830
vt 7.46523905 0.24979842
vt 7.40352678 0.08300573
vt 7.46523905 0.08300591
vt 7.40352678 -0.00039053
vt 7.46523905 -0.00039029
vt 7.27973843 0.75017595
vt 7.27973843 0.91696846
vt 7.34153891 0.91696846
vt 7.34153891 0.75017583
vt 7.27973843 0.58338344
vt 7.34153891 0.58338338
vt 7.27973843 0.41659087
vt 7.34153891 0.41659087
vt 7.09358597 0.41659164
vt 7.15574884 0.41659123
vt 7.27973843 0.24979842
vt 7.34153891 0.24979842
vt 7.27973843 0.08300591
vt 7.34153891 0.08300591
vt 7.27973843 -0.00039029
vt 7.34153891 -0.00039041
vt 6.96924543 0.75017667
vt 6.96924543 0.91696882
vt 7.03152084 0.91696870
vt 7.03152084 0.75017643
vt 7.03152084 0.58338428
vt 7.03152084 0.41659200
vt 6.96924400 0.24980026
vt 7.03152084 0.24979979
vt 6.96924400 0.08300817
vt 7.03152084 0.08300757
vt 7.09358788 0.58338398
vt 7.15574884 0.58338368
vt 6.96924400 -0.00038791
vt 7.03152084 -0.00038862
vt 7.15574884 0.75017613
vt 7.15574884 0.91696852
vt 7.21765137 0.91696846
vt 7.21765137 0.75017601
vt 7.21765137 0.58338356
vt 7.21765137 0.41659111
vt 7.89867878 0.58338332
vt 6.90688276 0.75017691
vt 7.09358788 0.75017631
vt 7.21765041 0.24979866
vt 7.21765041 0.08300614
vt 7.21765137 -0.00039005
vt 7.09358788 0.91696864
vt 7.89867878 0.75017595
vt 7.03152084 1.00036478
vt 7.09358788 1.00036478
vt 6.96924400 1.00036478
vt 7.15574884 1.00036478
vt 7.21765137 1.00036478
vt 7.27973843 1.00036466
vt 7.34153891 1.00036466
vt 7.40352678 1.00036466
vt 6.90688276 -0.00038719
vt 6.90688276 0.08300877
vt 6.90688276 0.24980092
vt 8.02285576 0.08300507
vt 8.02285576 -0.00039124
vt 8.02285576 0.75017565
vt 8.02285576 0.58338296
vt 8.02285576 0.41659033
vt 8.02285576 0.24979776
vt 8.08487225 0.24979734
vt 8.08487225 0.08300459
vt 8.08487225 -0.00039172
vt 7.96050215 0.91696835
vt 7.96050215 0.75017577
vt 7.96050215 0.58338320
vt 7.96050215 1.00036466
vt 6.84442806 0.75017709
vt 6.84442806 0.58338517
vt 10.61391449 0.08299422
vt 10.61391449 0.24978870
vt 10.68764114 0.24978858
vt 10.68764114 0.08299410
vt 10.61391449 0.41658312
vt 10.61391449 0.58337754
vt 10.68764114 0.58337748
vt 10.68764114 0.41658306
vt 10.61391449 0.75017202
vt 10.68764114 0.75017202
vt 10.61391449 0.91696644
vt 10.68764114 0.91696644
vt 10.68764114 1.00036371
vt 10.76182365 1.00036371
vt 10.76182365 0.91696644
vt 10.54009342 0.91696656
vt 10.54009342 1.00036371
vt 10.61391449 1.00036371
vt 10.61391449 -0.00040293
vt 10.68764114 -0.00040317
vt 10.39307308 0.91696662
vt 10.39307308 1.00036383
vt 10.46666527 1.00036371
vt 10.46666527 0.91696656
vt 10.24647713 0.91696668
vt 10.24647713 1.00036383
vt 10.31979656 1.00036383
vt 10.31979656 0.91696668
vt 10.76182365 0.75017202
vt 10.76182365 0.58337748
vt 10.76182365 0.41658294
vt 10.10039616 0.41658437
vt 10.10039616 0.58337849
vt 10.17340755 0.58337843
vt 10.17340755 0.41658419
vt 9.95535469 0.75017273
vt 9.95535469 0.91696680
vt 10.02779293 0.91696680
vt 10.02779293 0.75017273
vt 9.95535469 0.58337867
vt 10.02779293 0.58337855
vt 9.95535469 0.41658455
vt 10.02779293 0.41658443
vt 9.95535564 0.24979055
vt 10.02779293 0.24979037
vt 9.95535469 0.08299637
vt 10.02779293 0.08299619
vt 9.95535469 -0.00040078
vt 10.02779293 -0.00040078
vt 9.81131268 0.75017285
vt 9.81131268 0.91696692
vt 9.88319778 0.91696692
vt 9.88319778 0.75017285
vt 9.81131268 0.58337873
vt 9.88319778 0.58337867
vt 9.81131268 0.41658473
vt 9.88319778 0.41658461
vt 9.81131268 0.24979067
vt 9.88319778 0.24979055
vt 9.66850567 0.75017285
vt 9.66850567 0.91696692
vt 9.73973083 0.91696692
vt 9.73973083 0.75017285
vt 9.66850567 0.58337891
vt 9.73973179 0.58337879
vt 10.10039616 0.75017262
vt 10.17340755 0.75017262
vt 10.10039616 0.91696680
vt 10.17340755 0.91696680
vt 10.54009342 0.75017214
vt 10.46666527 0.75017226
vt 10.10039616 0.24979025
vt 10.10039616 0.08299613
vt 10.10039616 -0.00040102
vt 10.54009342 0.58337772
vt 9.88319778 0.08299649
vt 9.73973179 0.41658479
vt 10.17340755 0.08299589
vt 10.17340755 -0.00040114
vt 9.59760189 0.75017297
vt 9.59760189 0.91696697
vt 10.02779293 1.00036383
vt 10.10039616 1.00036383
vt 9.88319778 1.00036383
vt 9.95535469 1.00036383
vt 10.17340755 0.24979007
vt 10.54009342 0.41658330
vt 10.46666527 0.58337784
vt 9.73973083 1.00036383
vt 9.81131268 1.00036383
vt 10.46666527 0.41658342
vt 10.46666527 0.24978912
vt 10.54009342 0.24978888
vt 9.59760189 1.00036395
vt 9.66850567 1.00036383
vt 10.46666527 0.08299470
vt 10.54009342 0.08299446
vt 10.46666527 -0.00040245
vt 10.54009342 -0.00040269
vt 10.31979656 0.75017250
vt 10.39307308 0.75017232
vt 10.31979656 0.58337820
vt 10.39307308 0.58337802
vt 10.31979656 0.41658396
vt 10.39307308 0.41658366
vt 10.24647713 -0.00040138
vt 10.24647713 0.08299565
vt 10.31979656 0.08299541
vt 10.31979656 -0.00040174
vt 10.24647713 0.24978983
vt 10.31979656 0.24978971
vt 10.24647713 0.75017250
vt 10.39307308 0.24978942
vt 10.39307308 0.08299506
vt 10.39307308 -0.00040209
vt 10.24647713 0.58337831
vt 10.24647713 0.41658407
vt 10.17340755 1.00036383
vt 10.76182365 0.24978852
vt 10.76182365 0.08299398
vt 10.76182365 -0.00040317
vt 10.83574486 -0.00040317
vt 10.83574486 0.08299404
vt 10.90749359 0.08299398
vt 10.90749359 -0.00040317
vt 10.83574486 0.24978852
vt 10.90749359 0.24978852
vt 10.83574486 0.41658294
vt 10.83574486 0.58337748
vt 10.83574486 0.75017196
vt 10.90749359 0.41658294
vt 10.90749359 0.58337748
vt 10.90749359 0.75017202
vt 10.83574486 0.91696644
vt 10.90749359 0.91696644
vt 10.83574486 1.00036359
vt 10.90749359 1.00036371
vt 9.73973179 0.08299673
vt 9.73973179 0.24979079
vt 9.81131268 0.08299655
vt 9.73973179 -0.00040030
vt 9.81131268 -0.00040042
vt 9.59760189 0.58337891
vt 9.59760189 0.41658491
vt 9.66850567 0.41658485
vt 9.59760189 0.24979091
vt 9.66850567 0.24979079
vt 9.59760189 0.08299690
vt 9.66850567 0.08299685
vt 9.59760189 -0.00040007
vt 9.66850567 -0.00040007
vt 9.45706272 0.75017297
vt 9.45706272 0.91696697
vt 9.52709484 0.91696692
vt 9.52709484 0.75017291
vt 9.88319778 -0.00040054
vt 9.38750744 0.75017303
vt 9.38750744 0.58337903
vt 9.45706272 0.58337891
vt 9.24941063 0.08299744
vt 9.38750744 0.41658509
vt 9.45706272 0.41658497
vt 9.45706272 -0.00039995
vt 9.45706272 0.08299708
vt 9.52709484 0.08299696
vt 9.52709484 -0.00040007
vt 9.38750744 0.24979120
vt 9.45706272 0.24979109
vt 9.52709484 0.24979091
vt 9.52709484 0.41658491
vt 9.38750744 0.08299726
vt 9.31819820 -0.00039959
vt 9.31819820 0.08299732
vt 9.38750744 -0.00039971
vt 9.24941063 -0.00039947
vt 9.31819820 0.24979126
vt 9.52709484 1.00036395
vt 9.52709484 0.58337891
vt 9.31819820 0.41658521
vt 9.45706272 1.00036395
vt 5.33217001 0.91697145
vt 5.33217001 1.00036621
vt 5.38160801 1.00036609
vt 5.38160801 0.91697127
vt 5.48380947 0.91697103
vt 5.48380947 1.00036597
vt 5.53660583 1.00036597
vt 5.53660583 0.91697085
vt 5.58931923 0.91697079
vt 5.58931923 1.00036585
vt 5.64375353 1.00036573
vt 5.64375353 0.91697061
vt 5.33217001 0.75018185
vt 5.38160801 0.75018167
vt 5.43278551 0.41660184
vt 5.43278551 0.58339155
vt 5.48380947 0.58339119
vt 5.48380947 0.41660124
vt 5.43278551 0.75018138
vt 5.48380947 0.75018114
vt 5.43278551 0.91697115
vt 5.53660583 0.58339071
vt 5.53660583 0.75018078
vt 5.58931923 0.75018060
vt 5.58931923 0.58339041
vt 5.43278551 1.00036597
vt 5.28269148 0.91697156
vt 5.28269148 1.00036621
vt 5.53660583 0.41660064
vt 5.38160801 0.58339196
vt 5.64375353 0.75018036
vt 5.48380947 0.24981141
vt 5.53660583 0.24981058
vt 6.46931648 0.91696948
vt 6.46931648 1.00036526
vt 6.53141403 1.00036514
vt 6.53141403 0.91696942
vt 6.34545612 0.91696966
vt 6.34545612 1.00036526
vt 6.40705347 1.00036526
vt 6.40705347 0.91696960
vt 6.28366566 0.41659606
vt 6.28366566 0.58338726
vt 6.34545612 0.58338702
vt 6.34545612 0.41659576
vt 6.78177166 0.91696912
vt 6.78177166 1.00036502
vt 6.28366566 0.75017852
vt 6.34545612 0.75017834
vt 6.16207218 0.58338761
vt 6.16207218 0.75017869
vt 6.22295141 0.75017858
vt 6.22295141 0.58338737
vt 6.16207218 0.41659647
vt 6.22295141 0.41659623
vt 6.65646029 0.91696930
vt 6.65646029 1.00036502
vt 6.71919918 1.00036502
vt 6.71919918 0.91696918
vt 6.16207218 0.24980545
vt 6.22295141 0.24980509
vt 6.16207218 0.08301431
vt 6.22295141 0.08301395
vt 6.16207218 -0.00038123
vt 6.22295141 -0.00038171
vt 6.40705347 0.24980414
vt 6.40705347 0.41659546
vt 6.46931648 0.41659510
vt 6.46931648 0.24980360
vt 6.59401226 0.75017762
vt 6.59401226 0.91696930
vt 6.65646029 0.75017756
vt 6.59401226 0.58338594
vt 6.65646029 0.58338583
vt 6.40705347 0.75017822
vt 6.46931648 0.75017798
vt 6.40705347 0.58338684
vt 6.46931648 0.58338654
vt 6.04212570 0.75017905
vt 6.04212570 0.91697001
vt 6.10206270 0.91696990
vt 6.10206270 0.75017887
vt 6.04212570 0.58338809
vt 6.10206270 0.58338785
vt 6.04212570 0.41659713
vt 6.10206270 0.41659683
vt 6.04212570 0.24980628
vt 6.10206270 0.24980581
vt 6.04212570 0.08301526
vt 6.10206270 0.08301479
vt 6.04212570 -0.00038016
vt 6.10206270 -0.00038075
vt 6.53141403 0.75017786
vt 6.53141403 0.58338618
vt 6.53141403 0.41659462
vt 6.53141403 0.24980313
vt 6.16207218 0.91696978
vt 6.16207218 1.00036538
vt 6.22295141 1.00036526
vt 6.22295141 0.91696978
vt 6.28366566 0.91696978
vt 6.28366566 1.00036526
vt 6.34545612 0.24980444
vt 6.59401226 1.00036502
vt 6.71919918 0.75017738
vt 6.78177166 0.75017726
vt 6.59401226 0.41659433
vt 5.58931923 -0.00037527
vt 5.58931923 0.08301985
vt 5.64375353 0.08301914
vt 5.64375353 -0.00037611
vt 5.58931923 0.24981010
vt 5.64375353 0.24980944
vt 6.28366566 0.08301359
vt 6.28366566 -0.00038207
vt 5.58931923 0.41660023
vt 5.64375353 0.41659975
vt 6.28366566 0.24980485
vt 5.64375353 0.58339000
vt 6.34545612 -0.00038242
vt 6.34545612 0.08301318
vt 6.40705347 0.08301276
vt 6.40705347 -0.00038290
vt 5.75409889 0.91697037
vt 5.75409889 1.00036573
vt 5.80997276 1.00036561
vt 5.80997276 0.91697037
vt 5.69809675 -0.00037670
vt 5.69809675 0.08301848
vt 5.75409985 0.08301783
vt 5.75409889 -0.00037742
vt 5.69809675 0.24980891
vt 5.75409985 0.24980831
vt 5.69809675 0.41659927
vt 5.75409889 0.41659880
vt 5.69809675 0.58338964
vt 5.75409889 0.58338934
vt 5.86739922 0.91697025
vt 5.86739922 1.00036550
vt 5.92473650 1.00036550
vt 5.92473650 0.91697013
vt 5.69809675 1.00036573
vt 5.69809675 0.91697049
vt 5.69809675 0.75018013
vt 5.75409889 0.75017989
vt 6.71919918 0.58338565
vt 5.98347425 0.75017923
vt 5.98347425 0.91697013
vt 5.98347425 0.58338833
vt 5.98347425 0.41659749
vt 5.98347425 0.24980664
vt 5.98347425 0.08301580
vt 5.80997276 -0.00037801
vt 5.80997276 0.08301729
vt 5.86739922 0.08301675
vt 5.86739922 -0.00037861
vt 5.98347425 1.00036550
vt 5.98347425 -0.00037956
vt 5.80997276 0.24980795
vt 5.86739922 0.24980748
vt 5.80997276 0.41659850
vt 5.86739922 0.41659814
vt 5.80997276 0.58338910
vt 5.86739922 0.58338881
vt 5.80997276 0.75017977
vt 5.86739922 0.75017953
vt 5.92473650 0.75017941
vt 5.92473650 0.58338863
vt 5.92473650 0.41659784
vt 5.92473650 0.24980712
vt 5.92473650 0.08301628
vt 5.92473650 -0.00037909
vt 6.04212570 1.00036550
vt 6.10206270 1.00036550
vt 6.46931648 0.08301210
vt 5.53660583 0.08302045
vt 5.53660583 -0.00037456
vt 5.00154114 0.91697264
vt 5.00154114 1.00036669
vt 5.04771709 1.00036669
vt 5.04771709 0.91697240
vt 4.95641661 1.00036681
vt 4.95641661 0.91697276
vt 5.33217001 0.08302379
vt 5.33217001 0.24981332
vt 5.38160801 0.24981272
vt 5.38160801 0.08302301
vt 4.86674213 -0.00036001
vt 4.91109371 0.08303285
vt 4.91109371 -0.00036108
vt 5.00154114 0.24981928
vt 5.00154114 0.41660750
vt 5.04771709 0.41660690
vt 5.04771709 0.24981844
vt 4.91109371 0.24982095
vt 4.91109371 0.41660893
vt 4.91109371 0.58339691
vt 4.95641661 0.58339632
vt 4.95641661 0.41660815
vt 5.00154114 0.75018430
vt 5.04771709 0.75018394
vt 5.33217001 0.41660279
vt 5.38160801 0.41660231
vt 5.00154114 -0.00036335
vt 5.00154114 0.08303082
vt 5.04771709 0.08302999
vt 5.04771709 -0.00036430
vt 5.09345198 0.91697228
vt 5.09345198 1.00036657
vt 5.14053202 1.00036645
vt 5.14053202 0.91697204
vt 5.09345198 0.08302885
vt 5.09345198 0.24981761
vt 5.14053202 0.24981666
vt 5.14053202 0.08302784
vt 5.23482561 0.58339334
vt 5.23482561 0.75018263
vt 5.28269148 0.75018221
vt 5.28269148 0.58339286
vt 5.09345198 0.41660619
vt 5.14053202 0.41660553
vt 5.09345198 0.58339489
vt 5.14053202 0.58339435
vt 5.23482561 0.91697180
vt 5.23482561 1.00036633
vt 5.00154114 0.58339584
vt 5.04771709 0.58339542
vt 5.33217001 0.58339232
vt 5.23482561 0.41660416
vt 5.28269148 0.41660351
vt 5.23482561 0.24981499
vt 5.28269148 0.24981415
vt 5.23482561 0.08302581
vt 5.28269148 0.08302480
vt 5.23482561 -0.00036883
vt 5.28269148 -0.00036991
vt 4.95641661 0.08303183
vt 4.95641661 -0.00036228
vt 4.95641661 0.24981999
vt 5.09345198 0.75018358
vt 5.14053202 0.75018322
vt 5.14053202 -0.00036669
vt 5.18692398 0.08302683
vt 5.18692398 -0.00036764
vt 5.18692398 0.75018287
vt 5.18692398 0.58339381
vt 5.43278551 0.24981213
vt 4.95641661 0.75018454
vt 5.18692398 0.91697192
vt 5.18692398 1.00036645
vt 5.18692398 0.24981582
vt 5.09345198 -0.00036550
vt 5.18692398 0.41660482
vt 5.43278551 0.08302230
vt 5.48380947 0.08302146
vt 5.38160801 -0.00037181
vt 5.43278551 -0.00037265
vt 5.33217001 -0.00037098
vt 5.48380947 -0.00037348
vt 6.78177166 0.58338535
vt 6.65646029 0.41659409
vt 6.46931648 -0.00038362
vt 6.53141403 0.08301151
vt 6.53141403 -0.00038433
vt 6.59401226 0.24980259
vt 6.59401226 0.08301103
vt 6.59401226 -0.00038481
vt 6.71919918 -0.00038552
vt 6.71919918 0.08301032
vt 6.78177166 0.08300984
vt 6.78177166 -0.00038612
vt 6.65646029 0.24980241
vt 6.65646029 0.08301067
vt 6.65646029 -0.00038505
vt 6.71919918 0.24980211
vt 6.71919918 0.41659379
vt 6.84442806 0.08300942
vt 6.84442806 -0.00038648
vt 6.78177166 0.24980175
vt 6.84442806 0.24980140
vt 6.78177166 0.41659355
vt 6.84442806 0.41659325
vt -8.29699516 0.58370614
vt -8.29699516 0.75039113
vt -8.23901939 0.75038981
vt -8.23901939 0.58370411
vt -8.66344452 0.08367813
vt -8.66344452 0.25035870
vt -8.60087872 0.25035489
vt -8.60087872 0.08367372
vt -8.85620499 0.91708279
vt -8.85620499 1.00042176
vt -8.79092121 1.00042140
vt -8.79092121 0.91708195
vt -8.72720623 1.00042105
vt -8.72720623 0.91708124
vt -8.66344452 0.91708046
vt -8.66344452 1.00042069
vt -8.60087872 1.00042033
vt -8.60087872 0.91707969
vt -8.92262650 0.91708350
vt -8.92262650 1.00042224
vt -8.41618156 0.91707754
vt -8.41618156 1.00041914
vt -8.35675144 1.00041890
vt -8.35675144 0.91707677
vt -8.29699516 0.91707599
vt -8.29699516 1.00041842
vt -8.23901939 1.00041819
vt -8.23901939 0.91707534
vt -8.18098068 0.91707468
vt -8.18098068 1.00041783
vt -8.12463856 1.00041747
vt -8.12463856 0.91707397
vt -8.23901939 0.25033307
vt -8.23901939 0.41701859
vt -8.18098068 0.41701591
vt -8.18098068 0.25032973
vt -8.18098068 0.58370215
vt -8.18098068 0.75038844
vt -8.53825855 1.00041997
vt -8.53825855 0.91707897
vt -8.06794548 1.00041723
vt -8.06794548 0.91707337
vt -8.35675144 0.41702425
vt -8.35675144 0.58370841
vt -8.29699516 0.41702127
vt -8.60087872 0.41703606
vt -8.53825855 0.41703308
vt -8.53825855 0.25035119
vt -8.53825855 0.08366919
vt -8.12463856 0.00029600
vt -8.12463856 0.08363944
vt -8.06794548 0.08363545
vt -8.06794548 0.00029159
vt -8.35675144 0.75039256
vt -8.01310444 0.75038445
vt -8.01310444 0.91707265
vt -7.95789385 0.91707206
vt -7.95789385 0.75038314
vt -7.90461683 0.00027847
vt -7.90461683 0.08362329
vt -7.85088491 0.08361924
vt -7.85088491 0.00027406
vt -7.90461683 0.25031286
vt -7.85088491 0.25030953
vt -7.90461683 0.41700244
vt -7.85088491 0.41699976
vt -7.74683332 0.75037777
vt -7.74683332 0.91706932
vt -7.69658899 0.91706872
vt -7.69658899 0.75037646
vt -7.74683523 0.58368605
vt -7.69658899 0.58368427
vt -7.74683523 0.41699445
vt -7.69658899 0.41699201
vt -7.74683523 0.25030285
vt -7.69658899 0.25029981
vt -7.74683523 0.08361119
vt -7.69658899 0.08360755
vt -7.74683523 0.00026542
vt -7.69658899 0.00026143
vt -7.85088491 0.75038040
vt -7.85088491 0.91707063
vt -7.79909945 0.91706997
vt -7.79909945 0.75037903
vt -7.85088491 0.58369005
vt -7.79910135 0.58368802
vt -7.79910135 0.41699708
vt -7.79909945 0.25030619
vt -7.79909945 0.08361518
vt -8.12463856 0.25032640
vt -8.06794548 0.25032306
vt -8.23901939 0.00030470
vt -8.23901939 0.08364749
vt -8.18098068 0.08364344
vt -8.18098068 0.00030029
vt -8.01310444 1.00041676
vt -7.79909945 0.00026977
vt -8.12463856 0.41701323
vt -8.06794548 0.41701061
vt -7.90461683 0.91707134
vt -7.90461683 0.75038171
vt -8.60087872 0.00033307
vt -8.53825855 0.00032818
vt -8.72720623 0.75040150
vt -8.66344452 0.75040007
vt -8.72720623 0.58372176
vt -8.66344452 0.58371955
vt -8.12463856 0.58370018
vt -8.06794548 0.58369815
vt -8.12463856 0.75038707
vt -8.06794548 0.75038576
vt -8.66344452 0.00033796
vt -7.95789385 0.58369416
vt -7.90461683 0.58369213
vt -7.95789385 0.41700524
vt -7.95789385 0.25031638
vt -7.95789385 0.08362740
vt -7.95789385 0.00028300
vt -8.01310444 0.58369619
vt -8.01310444 0.41700792
vt -8.01310444 0.25031972
vt -8.01310444 0.08363146
vt -7.95789385 1.00041652
vt -8.01310444 0.00028729
vt -8.72720623 0.41704208
vt -8.66344452 0.41703904
vt -8.72720623 0.25036240
vt -7.90461683 1.00041616
vt -7.85088491 1.00041580
vt -7.79909945 1.00041544
vt -7.74683523 1.00041509
vt -7.69658899 1.00041485
vt -8.85620499 0.25036997
vt -8.85620499 0.41704810
vt -8.79092121 0.41704506
vt -8.79092121 0.25036603
vt -8.79092121 0.75040299
vt -8.79092121 0.58372402
vt -8.29699516 0.25033641
vt -8.29699516 0.08365148
vt -8.29699516 0.00030899
vt -8.72720623 0.08368260
vt -8.60087872 0.58371729
vt -8.60087872 0.75039852
vt -8.41618156 0.00031859
vt -8.41618156 0.08366036
vt -8.35674953 0.08365583
vt -8.35675144 0.00031376
vt -8.41618156 0.25034380
vt -8.35674953 0.25034010
vt -8.41618156 0.41702718
vt -8.41618156 0.58371061
vt -8.79092121 0.08368707
vt -8.41618156 0.75039411
vt -8.79092121 0.00034755
vt -8.72720623 0.00034273
vt -8.85620499 0.75040460
vt -8.85620499 0.58372629
vt -8.92262650 0.75040609
vt -8.92262650 0.58372861
vt -8.92262650 0.41705120
vt -8.92262650 0.25037378
vt -8.47718716 0.00032330
vt -8.47718716 0.08366472
vt -8.85620499 0.08369172
vt -8.47718716 0.25034738
vt -8.47718716 0.41703010
vt -8.53825855 0.75039709
vt -8.47718716 0.91707826
vt -8.47718716 0.75039554
vt -8.47718716 0.58371282
vt -8.92262650 0.08369631
vt -8.92262650 0.00035757
vt -8.85620499 0.00035256
vt -8.47718716 1.00041962
vt -8.53825855 0.58371508
f 1/1 2/2 3/3
f 1/1 3/3 4/4
f 5/5 6/6 7/7
f 5/5 7/7 8/8
f 9/9 10/10 11/11
f 9/9 11/11 12/12
f 2/2 13/13 9/9
f 2/2 9/9 3/3
f 14/14 15/15 16/16
f 14/14 16/16 13/13
f 15/15 17/17 18/18
f 15/15 18/18 16/16
f 10/10 19/19 20/20
f 10/10 20/20 11/11
f 17/17 21/21 22/22
f 17/17 22/22 18/18
f 19/19 23/23 24/24
f 19/19 24/24 20/20
f 25/25 12/12 26/26
f 25/25 26/26 27/27
f 12/12 11/11 28/28
f 12/12 28/28 26/26
f 11/11 20/20 29/29
f 11/11 29/29 28/28
f 20/20 24/24 30/30
f 20/20 30/30 29/29
f 31/31 14/14 13/13
f 31/31 13/13 2/2
f 32/32 33/33 15/15
f 32/32 15/15 14/14
f 33/33 34/34 17/17
f 33/33 17/17 15/15
f 29/29 30/30 35/35
f 29/29 35/35 36/36
f 37/37 38/38 39/39
f 37/37 39/39 40/40
f 41/41 42/42 43/43
f 41/41 43/43 44/44
f 45/45 46/46 47/47
f 45/45 47/47 48/48
f 30/30 49/49 50/50
f 30/30 50/50 35/35
f 22/22 51/51 52/52
f 22/22 52/52 23/23
f 53/53 41/41 44/44
f 53/53 44/44 54/54
f 55/55 48/48 41/41
f 55/55 41/41 53/53
f 26/26 28/28 56/56
f 26/26 56/56 57/57
f 28/28 29/29 36/36
f 28/28 36/36 56/56
f 8/8 7/7 58/58
f 8/8 58/58 21/21
f 23/23 52/52 59/59
f 23/23 59/59 24/24
f 24/24 59/59 49/49
f 24/24 49/49 30/30
f 35/35 50/50 46/46
f 35/35 46/46 45/45
f 48/48 47/47 42/42
f 48/48 42/42 41/41
f 44/44 43/43 38/38
f 44/44 38/38 37/37
f 21/21 58/58 51/51
f 21/21 51/51 22/22
f 60/60 61/61 55/55
f 60/60 55/55 62/62
f 61/61 45/45 48/48
f 61/61 48/48 55/55
f 63/63 31/31 2/2
f 63/63 2/2 1/1
f 64/64 63/63 1/1
f 64/64 1/1 65/65
f 34/34 8/8 21/21
f 34/34 21/21 17/17
f 57/57 56/56 60/60
f 57/57 60/60 66/66
f 18/18 22/22 23/23
f 18/18 23/23 19/19
f 3/3 9/9 12/12
f 3/3 12/12 25/25
f 56/56 36/36 61/61
f 56/56 61/61 60/60
f 36/36 35/35 45/45
f 36/36 45/45 61/61
f 16/16 18/18 19/19
f 16/16 19/19 10/10
f 67/67 5/5 8/8
f 67/67 8/8 34/34
f 13/13 16/16 10/10
f 13/13 10/10 9/9
f 68/68 69/69 70/70
f 68/68 70/70 71/71
f 72/72 73/73 74/74
f 72/72 74/74 75/75
f 76/76 77/77 78/78
f 76/76 78/78 79/79
f 73/73 80/80 81/81
f 73/73 81/81 74/74
f 82/82 83/83 84/84
f 82/82 84/84 85/85
f 86/86 87/87 88/88
f 86/86 88/88 89/89
f 84/84 86/86 89/89
f 84/84 89/89 90/90
f 85/85 84/84 90/90
f 85/85 90/90 91/91
f 92/92 85/85 91/91
f 92/92 91/91 93/93
f 94/94 92/92 93/93
f 94/94 93/93 95/95
f 96/96 94/94 95/95
f 96/96 95/95 97/97
f 98/98 82/82 85/85
f 98/98 85/85 92/92
f 99/99 98/98 92/92
f 99/99 92/92 94/94
f 100/100 99/99 94/94
f 100/100 94/94 96/96
f 101/101 102/102 103/103
f 101/101 103/103 104/104
f 105/105 101/101 104/104
f 105/105 104/104 106/106
f 83/83 107/107 86/86
f 83/83 86/86 84/84
f 108/108 109/109 110/110
f 108/108 110/110 111/111
f 112/112 113/113 114/114
f 112/112 114/114 115/115
f 116/116 117/117 118/118
f 116/116 118/118 119/119
f 78/78 115/115 120/120
f 78/78 120/120 121/121
f 70/70 122/122 123/123
f 70/70 123/123 124/124
f 79/79 78/78 121/121
f 79/79 121/121 125/125
f 120/120 126/126 127/127
f 120/120 127/127 117/117
f 121/121 120/120 117/117
f 121/121 117/117 116/116
f 117/117 127/127 128/128
f 117/117 128/128 118/118
f 107/107 129/129 87/87
f 107/107 87/87 86/86
f 97/97 95/95 130/130
f 97/97 130/130 131/131
f 95/95 93/93 72/72
f 95/95 72/72 130/130
f 93/93 91/91 73/73
f 93/93 73/73 72/72
f 115/115 114/114 126/126
f 115/115 126/126 120/120
f 118/118 128/128 132/132
f 118/118 132/132 133/133
f 111/111 110/110 113/113
f 111/111 113/113 112/112
f 134/134 105/105 106/106
f 134/134 106/106 135/135
f 136/136 134/134 135/135
f 136/136 135/135 137/137
f 138/138 136/136 137/137
f 138/138 137/137 139/139
f 140/140 138/138 139/139
f 140/140 139/139 141/141
f 142/142 143/143 144/144
f 142/142 144/144 145/145
f 146/146 142/142 145/145
f 146/146 145/145 147/147
f 148/148 146/146 147/147
f 148/148 147/147 149/149
f 150/150 148/148 149/149
f 150/150 149/149 151/151
f 152/152 150/150 151/151
f 152/152 151/151 153/153
f 104/104 103/103 129/129
f 104/104 129/129 107/107
f 106/106 104/104 107/107
f 106/106 107/107 83/83
f 135/135 106/106 83/83
f 135/135 83/83 82/82
f 137/137 135/135 82/82
f 137/137 82/82 98/98
f 139/139 137/137 98/98
f 139/139 98/98 99/99
f 141/141 139/139 99/99
f 141/141 99/99 100/100
f 154/154 152/152 153/153
f 154/154 153/153 155/155
f 156/156 157/157 158/158
f 156/156 158/158 159/159
f 160/160 156/156 159/159
f 160/160 159/159 161/161
f 144/144 162/162 163/163
f 144/144 163/163 102/102
f 158/158 164/164 165/165
f 158/158 165/165 143/143
f 166/166 167/167 168/168
f 166/166 168/168 157/157
f 169/169 71/71 170/170
f 169/169 170/170 171/171
f 172/172 173/173 69/69
f 172/172 69/69 68/68
f 157/157 168/168 164/164
f 157/157 164/164 158/158
f 143/143 165/165 162/162
f 143/143 162/162 144/144
f 102/102 163/163 174/174
f 102/102 174/174 103/103
f 175/175 172/172 68/68
f 175/175 68/68 176/176
f 103/103 174/174 177/177
f 103/103 177/177 129/129
f 178/178 175/175 176/176
f 178/178 176/176 179/179
f 180/180 178/178 179/179
f 180/180 179/179 181/181
f 182/182 180/180 181/181
f 182/182 181/181 183/183
f 184/184 111/111 112/112
f 184/184 112/112 77/77
f 71/71 70/70 124/124
f 71/71 124/124 170/170
f 185/185 184/184 77/77
f 185/185 77/77 76/76
f 186/186 185/185 76/76
f 186/186 76/76 187/187
f 170/170 124/124 108/108
f 170/170 108/108 188/188
f 171/171 170/170 188/188
f 171/171 188/188 189/189
f 190/190 171/171 189/189
f 190/190 189/189 191/191
f 192/192 190/190 191/191
f 192/192 191/191 193/193
f 194/194 195/195 196/196
f 194/194 196/196 197/197
f 80/80 194/194 197/197
f 80/80 197/197 81/81
f 198/198 160/160 161/161
f 198/198 161/161 199/199
f 200/200 198/198 199/199
f 200/200 199/199 201/201
f 202/202 200/200 201/201
f 202/202 201/201 203/203
f 145/145 144/144 102/102
f 145/145 102/102 101/101
f 147/147 145/145 101/101
f 147/147 101/101 105/105
f 149/149 147/147 105/105
f 149/149 105/105 134/134
f 151/151 149/149 134/134
f 151/151 134/134 136/136
f 153/153 151/151 136/136
f 153/153 136/136 138/138
f 155/155 153/153 138/138
f 155/155 138/138 140/140
f 204/204 202/202 203/203
f 204/204 203/203 205/205
f 124/124 123/123 109/109
f 124/124 109/109 108/108
f 69/69 206/206 122/122
f 69/69 122/122 70/70
f 91/91 90/90 80/80
f 91/91 80/80 73/73
f 90/90 89/89 194/194
f 90/90 194/194 80/80
f 89/89 88/88 195/195
f 89/89 195/195 194/194
f 207/207 75/75 180/180
f 207/207 180/180 182/182
f 208/208 209/209 190/190
f 208/208 190/190 192/192
f 75/75 74/74 178/178
f 75/75 178/178 180/180
f 74/74 81/81 175/175
f 74/74 175/175 178/178
f 81/81 197/197 172/172
f 81/81 172/172 175/175
f 131/131 130/130 207/207
f 131/131 207/207 210/210
f 130/130 72/72 75/75
f 130/130 75/75 207/207
f 176/176 68/68 71/71
f 176/176 71/71 169/169
f 179/179 176/176 169/169
f 179/179 169/169 209/209
f 211/211 212/212 202/202
f 211/211 202/202 204/204
f 212/212 213/213 200/200
f 212/212 200/200 202/202
f 213/213 214/214 198/198
f 213/213 198/198 200/200
f 214/214 215/215 160/160
f 214/214 160/160 198/198
f 215/215 216/216 156/156
f 215/215 156/156 160/160
f 216/216 166/166 157/157
f 216/216 157/157 156/156
f 205/205 203/203 152/152
f 205/205 152/152 154/154
f 203/203 201/201 150/150
f 203/203 150/150 152/152
f 201/201 199/199 148/148
f 201/201 148/148 150/150
f 199/199 161/161 146/146
f 199/199 146/146 148/148
f 161/161 159/159 142/142
f 161/161 142/142 146/146
f 159/159 158/158 143/143
f 159/159 143/143 142/142
f 181/181 179/179 209/209
f 181/181 209/209 208/208
f 183/183 181/181 208/208
f 183/183 208/208 217/217
f 129/129 177/177 218/218
f 129/129 218/218 87/87
f 188/188 108/108 111/111
f 188/188 111/111 184/184
f 189/189 188/188 184/184
f 189/189 184/184 185/185
f 191/191 189/189 185/185
f 191/191 185/185 186/186
f 88/88 219/219 220/220
f 88/88 220/220 195/195
f 87/87 218/218 219/219
f 87/87 219/219 88/88
f 196/196 221/221 222/222
f 196/196 222/222 173/173
f 195/195 220/220 221/221
f 195/195 221/221 196/196
f 173/173 222/222 206/206
f 173/173 206/206 69/69
f 197/197 196/196 173/173
f 197/197 173/173 172/172
f 77/77 112/112 115/115
f 77/77 115/115 78/78
f 209/209 169/169 171/171
f 209/209 171/171 190/190
f 223/223 224/224 225/225
f 223/223 225/225 226/226
f 226/226 225/225 227/227
f 226/226 227/227 228/228
f 224/224 229/229 230/230
f 224/224 230/230 225/225
f 227/227 231/231 232/232
f 227/227 232/232 233/233
f 225/225 230/230 231/231
f 225/225 231/231 227/227
f 234/234 235/235 236/236
f 234/234 236/236 237/237
f 238/238 239/239 240/240
f 238/238 240/240 241/241
f 242/242 243/243 244/244
f 242/242 244/244 245/245
f 235/235 241/241 246/246
f 235/235 246/246 236/236
f 247/247 237/237 248/248
f 247/247 248/248 249/249
f 237/237 236/236 223/223
f 237/237 223/223 248/248
f 250/250 251/251 252/252
f 250/250 252/252 253/253
f 254/254 250/250 253/253
f 254/254 253/253 255/255
f 236/236 246/246 224/224
f 236/236 224/224 223/223
f 251/251 256/256 242/242
f 251/251 242/242 252/252
f 257/257 254/254 255/255
f 257/257 255/255 258/258
f 259/259 260/260 261/261
f 259/259 261/261 262/262
f 260/260 263/263 264/264
f 260/260 264/264 261/261
f 265/265 266/266 267/267
f 265/265 267/267 268/268
f 266/266 269/269 270/270
f 266/266 270/270 267/267
f 263/263 271/271 272/272
f 263/263 272/272 264/264
f 273/273 274/274 275/275
f 273/273 275/275 276/276
f 271/271 277/277 278/278
f 271/271 278/278 272/272
f 277/277 279/279 280/280
f 277/277 280/280 278/278
f 280/280 281/281 282/282
f 280/280 282/282 256/256
f 283/283 284/284 247/247
f 283/283 247/247 285/285
f 270/270 286/286 263/263
f 270/270 263/263 260/260
f 267/267 270/270 260/260
f 267/267 260/260 259/259
f 287/287 288/288 289/289
f 287/287 289/289 290/290
f 291/291 287/287 290/290
f 291/291 290/290 292/292
f 293/293 294/294 295/295
f 293/293 295/295 296/296
f 297/297 293/293 296/296
f 297/297 296/296 298/298
f 299/299 297/297 298/298
f 299/299 298/298 288/288
f 288/288 298/298 300/300
f 288/288 300/300 289/289
f 301/301 302/302 277/277
f 301/301 277/277 271/271
f 303/303 273/273 276/276
f 303/303 276/276 304/304
f 248/248 223/223 226/226
f 248/248 226/226 305/305
f 306/306 307/307 294/294
f 306/306 294/294 293/293
f 286/286 301/301 271/271
f 286/286 271/271 263/263
f 308/308 309/309 310/310
f 308/308 310/310 269/269
f 302/302 311/311 279/279
f 302/302 279/279 277/277
f 269/269 310/310 286/286
f 269/269 286/286 270/270
f 298/298 296/296 312/312
f 298/298 312/312 300/300
f 309/309 313/313 314/314
f 309/309 314/314 310/310
f 296/296 295/295 315/315
f 296/296 315/315 312/312
f 313/313 316/316 317/317
f 313/313 317/317 314/314
f 311/311 318/318 319/319
f 311/311 319/319 279/279
f 320/320 321/321 266/266
f 320/320 266/266 265/265
f 292/292 290/290 308/308
f 292/292 308/308 321/321
f 279/279 319/319 281/281
f 279/279 281/281 280/280
f 322/322 292/292 321/321
f 322/322 321/321 320/320
f 321/321 308/308 269/269
f 321/321 269/269 266/266
f 284/284 234/234 237/237
f 284/284 237/237 247/247
f 268/268 267/267 259/259
f 268/268 259/259 323/323
f 290/290 289/289 309/309
f 290/290 309/309 308/308
f 289/289 300/300 313/313
f 289/289 313/313 309/309
f 316/316 324/324 325/325
f 316/316 325/325 317/317
f 310/310 314/314 301/301
f 310/310 301/301 286/286
f 300/300 312/312 316/316
f 300/300 316/316 313/313
f 294/294 326/326 327/327
f 294/294 327/327 295/295
f 314/314 317/317 302/302
f 314/314 302/302 301/301
f 295/295 327/327 328/328
f 295/295 328/328 315/315
f 317/317 325/325 311/311
f 317/317 311/311 302/302
f 324/324 329/329 330/330
f 324/324 330/330 325/325
f 307/307 331/331 326/326
f 307/307 326/326 294/294
f 315/315 328/328 329/329
f 315/315 329/329 324/324
f 325/325 330/330 318/318
f 325/325 318/318 311/311
f 274/274 332/332 333/333
f 274/274 333/333 275/275
f 332/332 334/334 335/335
f 332/332 335/335 333/333
f 258/258 255/255 332/332
f 258/258 332/332 274/274
f 334/334 336/336 337/337
f 334/334 337/337 335/335
f 336/336 245/245 238/238
f 336/336 238/238 337/337
f 241/241 240/240 338/338
f 241/241 338/338 246/246
f 245/245 244/244 239/239
f 245/245 239/239 238/238
f 256/256 282/282 243/243
f 256/256 243/243 242/242
f 339/339 340/340 341/341
f 339/339 341/341 342/342
f 255/255 253/253 334/334
f 255/255 334/334 332/332
f 253/253 252/252 336/336
f 253/253 336/336 334/334
f 252/252 242/242 245/245
f 252/252 245/245 336/336
f 276/276 275/275 283/283
f 276/276 283/283 343/343
f 275/275 333/333 284/284
f 275/275 284/284 283/283
f 312/312 315/315 324/324
f 312/312 324/324 316/316
f 333/333 335/335 234/234
f 333/333 234/234 284/284
f 335/335 337/337 235/235
f 335/335 235/235 234/234
f 337/337 238/238 241/241
f 337/337 241/241 235/235
f 341/341 258/258 274/274
f 341/341 274/274 273/273
f 342/342 341/341 273/273
f 342/342 273/273 303/303
f 278/278 280/280 256/256
f 278/278 256/256 251/251
f 272/272 278/278 251/251
f 272/272 251/251 250/250
f 264/264 272/272 250/250
f 264/264 250/250 254/254
f 261/261 264/264 254/254
f 261/261 254/254 257/257
f 323/323 259/259 262/262
f 323/323 262/262 344/344
f 262/262 261/261 257/257
f 262/262 257/257 340/340
f 344/344 262/262 340/340
f 344/344 340/340 339/339
f 340/340 257/257 258/258
f 340/340 258/258 341/341
f 246/246 338/338 229/229
f 246/246 229/229 224/224
f 345/345 346/346 347/347
f 345/345 347/347 348/348
f 349/349 345/345 348/348
f 349/349 348/348 350/350
f 351/351 349/349 350/350
f 351/351 350/350 352/352
f 353/353 354/354 355/355
f 353/353 355/355 356/356
f 357/357 353/353 356/356
f 357/357 356/356 358/358
f 359/359 357/357 358/358
f 359/359 358/358 360/360
f 361/361 359/359 360/360
f 361/361 360/360 362/362
f 363/363 361/361 362/362
f 363/363 362/362 364/364
f 365/365 363/363 364/364
f 365/365 364/364 366/366
f 367/367 368/368 33/33
f 367/367 33/33 32/32
f 368/368 67/67 34/34
f 368/368 34/34 33/33
f 354/354 369/369 370/370
f 354/354 370/370 355/355
f 371/371 372/372 373/373
f 371/371 373/373 374/374
f 375/375 376/376 377/377
f 375/375 377/377 378/378
f 379/379 380/380 381/381
f 379/379 381/381 382/382
f 383/383 384/384 6/6
f 383/383 6/6 5/5
f 385/385 386/386 369/369
f 385/385 369/369 354/354
f 355/355 370/370 372/372
f 355/355 372/372 371/371
f 374/374 373/373 376/376
f 374/374 376/376 375/375
f 387/387 388/388 389/389
f 387/387 389/389 390/390
f 389/389 391/391 392/392
f 389/389 392/392 393/393
f 378/378 377/377 380/380
f 378/378 380/380 379/379
f 394/394 387/387 390/390
f 394/394 390/390 395/395
f 396/396 394/394 395/395
f 396/396 395/395 397/397
f 398/398 399/399 400/400
f 398/398 400/400 401/401
f 399/399 402/402 403/403
f 399/399 403/403 400/400
f 402/402 249/249 404/404
f 402/402 404/404 403/403
f 391/391 405/405 406/406
f 391/391 406/406 392/392
f 249/249 248/248 305/305
f 249/249 305/305 404/404
f 405/405 233/233 385/385
f 405/405 385/385 406/406
f 356/356 355/355 371/371
f 356/356 371/371 407/407
f 401/401 400/400 394/394
f 401/401 394/394 396/396
f 400/400 403/403 387/387
f 400/400 387/387 394/394
f 352/352 350/350 408/408
f 352/352 408/408 409/409
f 350/350 348/348 410/410
f 350/350 410/410 408/408
f 348/348 347/347 411/411
f 348/348 411/411 410/410
f 347/347 412/412 413/413
f 347/347 413/413 411/411
f 414/414 415/415 416/416
f 414/414 416/416 417/417
f 412/412 418/418 419/419
f 412/412 419/419 413/413
f 420/420 379/379 382/382
f 420/420 382/382 421/421
f 422/422 420/420 421/421
f 422/422 421/421 423/423
f 424/424 422/422 423/423
f 424/424 423/423 425/425
f 426/426 424/424 425/425
f 426/426 425/425 427/427
f 358/358 356/356 407/407
f 358/358 407/407 428/428
f 360/360 358/358 428/428
f 360/360 428/428 346/346
f 362/362 360/360 346/346
f 362/362 346/346 345/345
f 403/403 404/404 388/388
f 403/403 388/388 387/387
f 364/364 362/362 345/345
f 364/364 345/345 349/349
f 366/366 364/364 349/349
f 366/366 349/349 351/351
f 406/406 385/385 354/354
f 406/406 354/354 353/353
f 392/392 406/406 353/353
f 392/392 353/353 357/357
f 285/285 247/247 249/249
f 285/285 249/249 402/402
f 429/429 285/285 402/402
f 429/429 402/402 399/399
f 393/393 392/392 357/357
f 393/393 357/357 359/359
f 430/430 393/393 359/359
f 430/430 359/359 361/361
f 431/431 430/430 361/361
f 431/431 361/361 363/363
f 432/432 431/431 363/363
f 432/432 363/363 365/365
f 433/433 426/426 427/427
f 433/433 427/427 434/434
f 418/418 374/374 375/375
f 418/418 375/375 419/419
f 415/415 435/435 436/436
f 415/415 436/436 416/416
f 437/437 438/438 63/63
f 437/437 63/63 64/64
f 435/435 439/439 367/367
f 435/435 367/367 436/436
f 439/439 440/440 368/368
f 439/439 368/368 367/367
f 440/440 441/441 67/67
f 440/440 67/67 368/368
f 441/441 383/383 5/5
f 441/441 5/5 67/67
f 442/442 443/443 433/433
f 442/442 433/433 444/444
f 443/443 445/445 426/426
f 443/443 426/426 433/433
f 445/445 446/446 424/424
f 445/445 424/424 426/426
f 404/404 305/305 447/447
f 404/404 447/447 388/388
f 444/444 433/433 434/434
f 444/444 434/434 448/448
f 446/446 449/449 422/422
f 446/446 422/422 424/424
f 449/449 450/450 420/420
f 449/449 420/420 422/422
f 305/305 226/226 228/228
f 305/305 228/228 447/447
f 419/419 375/375 378/378
f 419/419 378/378 450/450
f 228/228 227/227 233/233
f 228/228 233/233 405/405
f 438/438 451/451 31/31
f 438/438 31/31 63/63
f 450/450 378/378 379/379
f 450/450 379/379 420/420
f 448/448 434/434 415/415
f 448/448 415/415 414/414
f 397/397 395/395 431/431
f 397/397 431/431 432/432
f 395/395 390/390 430/430
f 395/395 430/430 431/431
f 390/390 389/389 393/393
f 390/390 393/393 430/430
f 452/452 343/343 429/429
f 452/452 429/429 453/453
f 451/451 32/32 14/14
f 451/451 14/14 31/31
f 434/434 427/427 435/435
f 434/434 435/435 415/415
f 343/343 283/283 285/285
f 343/343 285/285 429/429
f 427/427 425/425 439/439
f 427/427 439/439 435/435
f 346/346 428/428 412/412
f 346/346 412/412 347/347
f 428/428 407/407 418/418
f 428/428 418/418 412/412
f 407/407 371/371 374/374
f 407/407 374/374 418/418
f 409/409 408/408 443/443
f 409/409 443/443 442/442
f 408/408 410/410 445/445
f 408/408 445/445 443/443
f 436/436 367/367 32/32
f 436/436 32/32 451/451
f 410/410 411/411 446/446
f 410/410 446/446 445/445
f 411/411 413/413 449/449
f 411/411 449/449 446/446
f 416/416 436/436 451/451
f 416/416 451/451 438/438
f 413/413 419/419 450/450
f 413/413 450/450 449/449
f 417/417 416/416 438/438
f 417/417 438/438 437/437
f 421/421 382/382 383/383
f 421/421 383/383 441/441
f 382/382 381/381 384/384
f 382/382 384/384 383/383
f 304/304 276/276 343/343
f 304/304 343/343 452/452
f 233/233 232/232 386/386
f 233/233 386/386 385/385
f 423/423 421/421 441/441
f 423/423 441/441 440/440
f 425/425 423/423 440/440
f 425/425 440/440 439/439
f 447/447 228/228 405/405
f 447/447 405/405 391/391
f 388/388 447/447 391/391
f 388/388 391/391 389/389
f 453/453 429/429 399/399
f 453/453 399/399 398/398
f 454/454 455/455 456/456
f 454/454 456/456 457/457
f 458/458 454/454 457/457
f 458/458 457/457 459/459
f 460/460 187/187 461/461
f 460/460 461/461 462/462
f 463/463 458/458 459/459
f 463/463 459/459 464/464
f 465/465 466/466 467/467
f 465/465 467/467 468/468
f 469/469 463/463 464/464
f 469/469 464/464 470/470
f 471/471 465/465 468/468
f 471/471 468/468 472/472
f 473/473 471/471 472/472
f 473/473 472/472 474/474
f 467/467 475/475 331/331
f 467/467 331/331 307/307
f 461/461 79/79 125/125
f 461/461 125/125 476/476
f 468/468 467/467 307/307
f 468/468 307/307 306/306
f 472/472 468/468 306/306
f 472/472 306/306 477/477
f 474/474 472/472 477/477
f 474/474 477/477 478/478
f 479/479 474/474 478/478
f 479/479 478/478 480/480
f 481/481 479/479 480/480
f 481/481 480/480 482/482
f 483/483 481/481 482/482
f 483/483 482/482 484/484
f 485/485 291/291 292/292
f 485/485 292/292 322/322
f 486/486 299/299 288/288
f 486/486 288/288 287/287
f 487/487 486/486 287/287
f 487/487 287/287 291/291
f 488/488 487/487 291/291
f 488/488 291/291 485/485
f 466/466 489/489 475/475
f 466/466 475/475 467/467
f 490/490 473/473 474/474
f 490/490 474/474 479/479
f 491/491 490/490 479/479
f 491/491 479/479 481/481
f 492/492 491/491 481/481
f 492/492 481/481 483/483
f 119/119 118/118 133/133
f 119/119 133/133 493/493
f 456/456 119/119 493/493
f 456/456 493/493 494/494
f 495/495 496/496 497/497
f 495/495 497/497 498/498
f 499/499 192/192 193/193
f 499/499 193/193 500/500
f 497/497 460/460 462/462
f 497/497 462/462 501/501
f 498/498 497/497 501/501
f 498/498 501/501 502/502
f 503/503 499/499 500/500
f 503/503 500/500 504/504
f 505/505 183/183 217/217
f 505/505 217/217 506/506
f 496/496 507/507 460/460
f 496/496 460/460 497/497
f 507/507 186/186 187/187
f 507/507 187/187 460/460
f 506/506 217/217 499/499
f 506/506 499/499 503/503
f 217/217 208/208 192/192
f 217/217 192/192 499/499
f 210/210 207/207 182/182
f 210/210 182/182 508/508
f 462/462 461/461 476/476
f 462/462 476/476 509/509
f 502/502 501/501 510/510
f 502/502 510/510 511/511
f 501/501 462/462 509/509
f 501/501 509/509 510/510
f 193/193 191/191 186/186
f 193/193 186/186 507/507
f 477/477 306/306 293/293
f 477/477 293/293 297/297
f 478/478 477/477 297/297
f 478/478 297/297 299/299
f 480/480 478/478 299/299
f 480/480 299/299 486/486
f 482/482 480/480 486/486
f 482/482 486/486 487/487
f 484/484 482/482 487/487
f 484/484 487/487 488/488
f 187/187 76/76 79/79
f 187/187 79/79 461/461
f 493/493 133/133 466/466
f 493/493 466/466 465/465
f 494/494 493/493 465/465
f 494/494 465/465 471/471
f 512/512 494/494 471/471
f 512/512 471/471 473/473
f 500/500 193/193 507/507
f 500/500 507/507 496/496
f 513/513 512/512 473/473
f 513/513 473/473 490/490
f 514/514 513/513 490/490
f 514/514 490/490 491/491
f 515/515 514/514 491/491
f 515/515 491/491 492/492
f 504/504 500/500 496/496
f 504/504 496/496 495/495
f 455/455 116/116 119/119
f 455/455 119/119 456/456
f 508/508 182/182 183/183
f 508/508 183/183 505/505
f 511/511 510/510 463/463
f 511/511 463/463 469/469
f 510/510 509/509 458/458
f 510/510 458/458 463/463
f 509/509 476/476 454/454
f 509/509 454/454 458/458
f 476/476 125/125 455/455
f 476/476 455/455 454/454
f 125/125 121/121 116/116
f 125/125 116/116 455/455
f 470/470 464/464 514/514
f 470/470 514/514 515/515
f 464/464 459/459 513/513
f 464/464 513/513 514/514
f 459/459 457/457 512/512
f 459/459 512/512 513/513
f 133/133 132/132 489/489
f 133/133 489/489 466/466
f 457/457 456/456 494/494
f 457/457 494/494 512/512
f 516/516 517/517 518/518
f 516/516 518/518 519/519
f 520/520 521/521 522/522
f 520/520 522/522 523/523
f 524/524 520/520 523/523
f 524/524 523/523 525/525
f 526/526 527/527 517/517
f 526/526 517/517 516/516
f 528/528 529/529 520/520
f 528/528 520/520 524/524
f 530/530 526/526 516/516
f 530/530 516/516 531/531
f 532/532 530/530 531/531
f 532/532 531/531 533/533
f 534/534 532/532 533/533
f 534/534 533/533 535/535
f 529/529 536/536 521/521
f 529/529 521/521 520/520
f 537/537 534/534 535/535
f 537/537 535/535 538/538
f 536/536 539/539 540/540
f 536/536 540/540 521/521
f 539/539 541/541 542/542
f 539/539 542/542 540/540
f 543/543 537/537 538/538
f 543/543 538/538 544/544
f 541/541 545/545 546/546
f 541/541 546/546 542/542
f 547/547 548/548 549/549
f 547/547 549/549 545/545
f 550/550 551/551 552/552
f 550/550 552/552 553/553
f 554/554 547/547 545/545
f 554/554 545/545 541/541
f 555/555 554/554 541/541
f 555/555 541/541 539/539
f 556/556 555/555 539/539
f 556/556 539/539 536/536
f 557/557 556/556 536/536
f 557/557 536/536 529/529
f 558/558 557/557 529/529
f 558/558 529/529 528/528
f 545/545 549/549 559/559
f 545/545 559/559 546/546
f 525/525 523/523 212/212
f 525/525 212/212 211/211
f 560/560 561/561 562/562
f 560/560 562/562 563/563
f 523/523 522/522 213/213
f 523/523 213/213 212/212
f 522/522 564/564 214/214
f 522/522 214/214 213/213
f 564/564 565/565 215/215
f 564/564 215/215 214/214
f 565/565 566/566 216/216
f 565/565 216/216 215/215
f 566/566 567/567 166/166
f 566/566 166/166 216/216
f 568/568 569/569 570/570
f 568/568 570/570 527/527
f 571/571 560/560 563/563
f 571/571 563/563 572/572
f 573/573 571/571 572/572
f 573/573 572/572 574/574
f 575/575 576/576 577/577
f 575/575 577/577 578/578
f 579/579 573/573 574/574
f 579/579 574/574 580/580
f 581/581 579/579 580/580
f 581/581 580/580 582/582
f 552/552 583/583 584/584
f 552/552 584/584 585/585
f 553/553 552/552 585/585
f 553/553 585/585 586/586
f 587/587 588/588 589/589
f 587/587 589/589 583/583
f 584/584 590/590 591/591
f 584/584 591/591 592/592
f 593/593 594/594 595/595
f 593/593 595/595 596/596
f 597/597 553/553 586/586
f 597/597 586/586 598/598
f 594/594 575/575 578/578
f 594/594 578/578 595/595
f 518/518 599/599 600/600
f 518/518 600/600 548/548
f 548/548 600/600 601/601
f 548/548 601/601 549/549
f 602/602 597/597 598/598
f 602/602 598/598 603/603
f 604/604 602/602 603/603
f 604/604 603/603 605/605
f 595/595 578/578 587/587
f 595/595 587/587 551/551
f 527/527 570/570 606/606
f 527/527 606/606 517/517
f 519/519 518/518 548/548
f 519/519 548/548 547/547
f 559/559 607/607 608/608
f 559/559 608/608 567/567
f 609/609 519/519 547/547
f 609/609 547/547 554/554
f 596/596 595/595 551/551
f 596/596 551/551 550/550
f 578/578 577/577 588/588
f 578/578 588/588 587/587
f 583/583 589/589 590/590
f 583/583 590/590 584/584
f 610/610 596/596 550/550
f 610/610 550/550 611/611
f 592/592 591/591 569/569
f 592/592 569/569 568/568
f 551/551 587/587 583/583
f 551/551 583/583 552/552
f 517/517 606/606 599/599
f 517/517 599/599 518/518
f 612/612 613/613 575/575
f 612/612 575/575 594/594
f 549/549 601/601 607/607
f 549/549 607/607 559/559
f 567/567 608/608 167/167
f 567/567 167/167 166/166
f 614/614 615/615 593/593
f 614/614 593/593 616/616
f 617/617 610/610 611/611
f 617/617 611/611 618/618
f 619/619 620/620 557/557
f 619/619 557/557 558/558
f 621/621 622/622 613/613
f 621/621 613/613 612/612
f 613/613 623/623 576/576
f 613/613 576/576 575/575
f 620/620 624/624 556/556
f 620/620 556/556 557/557
f 603/603 598/598 571/571
f 603/603 571/571 573/573
f 605/605 603/603 573/573
f 605/605 573/573 579/579
f 624/624 625/625 555/555
f 624/624 555/555 556/556
f 625/625 609/609 554/554
f 625/625 554/554 555/555
f 626/626 616/616 610/610
f 626/626 610/610 617/617
f 574/574 572/572 532/532
f 574/574 532/532 534/534
f 627/627 618/618 602/602
f 627/627 602/602 604/604
f 572/572 563/563 530/530
f 572/572 530/530 532/532
f 618/618 611/611 597/597
f 618/618 597/597 602/602
f 611/611 550/550 553/553
f 611/611 553/553 597/597
f 586/586 585/585 561/561
f 586/586 561/561 560/560
f 580/580 574/574 534/534
f 580/580 534/534 537/537
f 582/582 580/580 537/537
f 582/582 537/537 543/543
f 563/563 562/562 526/526
f 563/563 526/526 530/530
f 615/615 612/612 594/594
f 615/615 594/594 593/593
f 546/546 559/559 567/567
f 546/546 567/567 566/566
f 538/538 535/535 624/624
f 538/538 624/624 620/620
f 585/585 584/584 592/592
f 585/585 592/592 561/561
f 598/598 586/586 560/560
f 598/598 560/560 571/571
f 562/562 568/568 527/527
f 562/562 527/527 526/526
f 544/544 538/538 620/620
f 544/544 620/620 619/619
f 561/561 592/592 568/568
f 561/561 568/568 562/562
f 535/535 533/533 625/625
f 535/535 625/625 624/624
f 533/533 531/531 609/609
f 533/533 609/609 625/625
f 542/542 546/546 566/566
f 542/542 566/566 565/565
f 628/628 621/621 612/612
f 628/628 612/612 615/615
f 616/616 593/593 596/596
f 616/616 596/596 610/610
f 540/540 542/542 565/565
f 540/540 565/565 564/564
f 521/521 540/540 564/564
f 521/521 564/564 522/522
f 531/531 516/516 519/519
f 531/531 519/519 609/609
f 629/629 630/630 631/631
f 629/629 631/631 622/622
f 632/632 633/633 634/634
f 632/632 634/634 635/635
f 636/636 629/629 622/622
f 636/636 622/622 621/621
f 637/637 636/636 621/621
f 637/637 621/621 628/628
f 622/622 631/631 623/623
f 622/622 623/623 613/613
f 635/635 634/634 630/630
f 635/635 630/630 629/629
f 638/638 635/635 629/629
f 638/638 629/629 636/636
f 639/639 640/640 641/641
f 639/639 641/641 642/642
f 643/643 644/644 645/645
f 643/643 645/645 646/646
f 647/647 648/648 649/649
f 647/647 649/649 650/650
f 651/651 643/643 646/646
f 651/651 646/646 652/652
f 648/648 653/653 651/651
f 648/648 651/651 649/649
f 653/653 654/654 643/643
f 653/653 643/643 651/651
f 649/649 651/651 652/652
f 649/649 652/652 655/655
f 650/650 649/649 655/655
f 650/650 655/655 656/656
f 642/642 641/641 657/657
f 642/642 657/657 658/658
f 659/659 642/642 658/658
f 659/659 658/658 660/660
f 661/661 639/639 642/642
f 661/661 642/642 659/659
f 644/644 662/662 663/663
f 644/644 663/663 645/645
f 664/664 661/661 659/659
f 664/664 659/659 665/665
f 662/662 666/666 667/667
f 662/662 667/667 663/663
f 668/668 669/669 670/670
f 668/668 670/670 671/671
f 669/669 672/672 673/673
f 669/669 673/673 670/670
f 672/672 674/674 675/675
f 672/672 675/675 673/673
f 674/674 676/676 677/677
f 674/674 677/677 675/675
f 678/678 664/664 665/665
f 678/678 665/665 679/679
f 680/680 681/681 682/682
f 680/680 682/682 683/683
f 684/684 680/680 683/683
f 684/684 683/683 685/685
f 686/686 687/687 688/688
f 686/686 688/688 689/689
f 690/690 637/637 628/628
f 690/690 628/628 691/691
f 692/692 693/693 694/694
f 692/692 694/694 695/695
f 696/696 632/632 635/635
f 696/696 635/635 638/638
f 697/697 698/698 699/699
f 697/697 699/699 700/700
f 693/693 701/701 702/702
f 693/693 702/702 694/694
f 703/703 686/686 689/689
f 703/703 689/689 704/704
f 698/698 705/705 706/706
f 698/698 706/706 699/699
f 705/705 707/707 696/696
f 705/705 696/696 706/706
f 708/708 703/703 704/704
f 708/708 704/704 709/709
f 701/701 710/710 711/711
f 701/701 711/711 702/702
f 710/710 712/712 713/713
f 710/710 713/713 711/711
f 712/712 714/714 715/715
f 712/712 715/715 713/713
f 716/716 717/717 686/686
f 716/716 686/686 703/703
f 718/718 708/708 709/709
f 718/718 709/709 719/719
f 720/720 718/718 719/719
f 720/720 719/719 721/721
f 722/722 723/723 693/693
f 722/722 693/693 692/692
f 723/723 724/724 701/701
f 723/723 701/701 693/693
f 724/724 725/725 710/710
f 724/724 710/710 701/701
f 726/726 720/720 721/721
f 726/726 721/721 727/727
f 706/706 696/696 638/638
f 706/706 638/638 728/728
f 729/729 730/730 731/731
f 729/729 731/731 732/732
f 730/730 697/697 700/700
f 730/730 700/700 731/731
f 733/733 734/734 730/730
f 733/733 730/730 729/729
f 734/734 735/735 697/697
f 734/734 697/697 730/730
f 735/735 736/736 698/698
f 735/735 698/698 697/697
f 683/683 682/682 737/737
f 683/683 737/737 738/738
f 699/699 706/706 728/728
f 699/699 728/728 739/739
f 714/714 740/740 741/741
f 714/714 741/741 715/715
f 742/742 743/743 744/744
f 742/742 744/744 745/745
f 743/743 746/746 747/747
f 743/743 747/747 744/744
f 746/746 748/748 749/749
f 746/746 749/749 747/747
f 707/707 750/750 632/632
f 707/707 632/632 696/696
f 748/748 751/751 752/752
f 748/748 752/752 749/749
f 685/685 683/683 738/738
f 685/685 738/738 753/753
f 754/754 685/685 753/753
f 754/754 753/753 725/725
f 755/755 754/754 725/725
f 755/755 725/725 724/724
f 751/751 756/756 757/757
f 751/751 757/757 752/752
f 756/756 758/758 759/759
f 756/756 759/759 757/757
f 725/725 753/753 712/712
f 725/725 712/712 710/710
f 753/753 738/738 714/714
f 753/753 714/714 712/712
f 700/700 699/699 739/739
f 700/700 739/739 760/760
f 738/738 737/737 740/740
f 738/738 740/740 714/714
f 695/695 694/694 743/743
f 695/695 743/743 742/742
f 761/761 762/762 763/763
f 761/761 763/763 764/764
f 762/762 765/765 766/766
f 762/762 766/766 763/763
f 765/765 767/767 768/768
f 765/765 768/768 766/766
f 731/731 700/700 760/760
f 731/731 760/760 769/769
f 770/770 755/755 724/724
f 770/770 724/724 723/723
f 771/771 770/770 723/723
f 771/771 723/723 722/722
f 736/736 772/772 705/705
f 736/736 705/705 698/698
f 694/694 702/702 746/746
f 694/694 746/746 743/743
f 772/772 773/773 707/707
f 772/772 707/707 705/705
f 702/702 711/711 748/748
f 702/702 748/748 746/746
f 711/711 713/713 751/751
f 711/711 751/751 748/748
f 713/713 715/715 756/756
f 713/713 756/756 751/751
f 717/717 774/774 687/687
f 717/717 687/687 686/686
f 773/773 775/775 750/750
f 773/773 750/750 707/707
f 767/767 776/776 777/777
f 767/767 777/777 768/768
f 778/778 779/779 780/780
f 778/778 780/780 781/781
f 779/779 782/782 783/783
f 779/779 783/783 780/780
f 782/782 784/784 785/785
f 782/782 785/785 783/783
f 681/681 786/786 787/787
f 681/681 787/787 682/682
f 727/727 721/721 779/779
f 727/727 779/779 778/778
f 721/721 719/719 782/782
f 721/721 782/782 779/779
f 719/719 709/709 784/784
f 719/719 784/784 782/782
f 676/676 788/788 789/789
f 676/676 789/789 677/677
f 788/788 790/790 791/791
f 788/788 791/791 789/789
f 792/792 678/678 679/679
f 792/792 679/679 793/793
f 794/794 795/795 796/796
f 794/794 796/796 797/797
f 783/783 785/785 798/798
f 783/783 798/798 799/799
f 780/780 783/783 799/799
f 780/780 799/799 800/800
f 781/781 780/780 800/800
f 781/781 800/800 801/801
f 801/801 800/800 734/734
f 801/801 734/734 733/733
f 802/802 803/803 804/804
f 802/802 804/804 805/805
f 806/806 802/802 805/805
f 806/806 805/805 807/807
f 768/768 777/777 716/716
f 768/768 716/716 808/808
f 750/750 809/809 633/633
f 750/750 633/633 632/632
f 777/777 810/810 717/717
f 777/777 717/717 716/716
f 811/811 812/812 813/813
f 811/811 813/813 775/775
f 803/803 814/814 815/815
f 803/803 815/815 804/804
f 687/687 816/816 817/817
f 687/687 817/817 688/688
f 818/818 819/819 820/820
f 818/818 820/820 774/774
f 784/784 806/806 807/807
f 784/784 807/807 785/785
f 689/689 688/688 803/803
f 689/689 803/803 802/802
f 810/810 818/818 774/774
f 810/810 774/774 717/717
f 759/759 821/821 822/822
f 759/759 822/822 823/823
f 741/741 824/824 825/825
f 741/741 825/825 758/758
f 737/737 826/826 827/827
f 737/737 827/827 740/740
f 798/798 828/828 772/772
f 798/798 772/772 736/736
f 828/828 829/829 773/773
f 828/828 773/773 772/772
f 732/732 731/731 769/769
f 732/732 769/769 830/830
f 728/728 638/638 636/636
f 728/728 636/636 637/637
f 739/739 728/728 637/637
f 739/739 637/637 690/690
f 831/831 832/832 833/833
f 831/831 833/833 834/834
f 832/832 835/835 836/836
f 832/832 836/836 833/833
f 760/760 739/739 690/690
f 760/760 690/690 835/835
f 764/764 763/763 837/837
f 764/764 837/837 838/838
f 835/835 690/690 691/691
f 835/835 691/691 836/836
f 839/839 604/604 605/605
f 839/839 605/605 840/840
f 841/841 617/617 618/618
f 841/841 618/618 627/627
f 842/842 841/841 627/627
f 842/842 627/627 843/843
f 830/830 769/769 832/832
f 830/830 832/832 831/831
f 769/769 760/760 835/835
f 769/769 835/835 832/832
f 834/834 833/833 844/844
f 834/834 844/844 845/845
f 833/833 836/836 846/846
f 833/833 846/846 844/844
f 836/836 691/691 614/614
f 836/836 614/614 846/846
f 691/691 628/628 615/615
f 691/691 615/615 614/614
f 847/847 848/848 841/841
f 847/847 841/841 842/842
f 805/805 804/804 811/811
f 805/805 811/811 829/829
f 848/848 626/626 617/617
f 848/848 617/617 841/841
f 807/807 805/805 829/829
f 807/807 829/829 828/828
f 829/829 811/811 775/775
f 829/829 775/775 773/773
f 757/757 759/759 823/823
f 757/757 823/823 849/849
f 840/840 605/605 579/579
f 840/840 579/579 581/581
f 763/763 766/766 850/850
f 763/763 850/850 837/837
f 851/851 852/852 853/853
f 851/851 853/853 854/854
f 843/843 627/627 604/604
f 843/843 604/604 839/839
f 846/846 614/614 616/616
f 846/846 616/616 626/626
f 752/752 757/757 849/849
f 752/752 849/849 776/776
f 749/749 752/752 776/776
f 749/749 776/776 767/767
f 747/747 749/749 767/767
f 747/747 767/767 765/765
f 744/744 747/747 765/765
f 744/744 765/765 762/762
f 808/808 716/716 703/703
f 808/808 703/703 708/708
f 850/850 808/808 708/708
f 850/850 708/708 718/718
f 837/837 850/850 718/718
f 837/837 718/718 720/720
f 766/766 768/768 808/808
f 766/766 808/808 850/850
f 799/799 798/798 736/736
f 799/799 736/736 735/735
f 838/838 837/837 720/720
f 838/838 720/720 726/726
f 844/844 846/846 626/626
f 844/844 626/626 848/848
f 852/852 855/855 856/856
f 852/852 856/856 853/853
f 855/855 857/857 858/858
f 855/855 858/858 856/856
f 857/857 859/859 860/860
f 857/857 860/860 858/858
f 861/861 851/851 854/854
f 861/861 854/854 862/862
f 709/709 704/704 806/806
f 709/709 806/806 784/784
f 704/704 689/689 802/802
f 704/704 802/802 806/806
f 665/665 659/659 660/660
f 665/665 660/660 654/654
f 679/679 665/665 654/654
f 679/679 654/654 653/653
f 793/793 679/679 653/653
f 793/793 653/653 648/648
f 863/863 793/793 648/648
f 863/863 648/648 647/647
f 789/789 791/791 864/864
f 789/789 864/864 865/865
f 654/654 660/660 644/644
f 654/654 644/644 643/643
f 860/860 866/866 640/640
f 860/860 640/640 639/639
f 858/858 860/860 639/639
f 858/858 639/639 661/661
f 856/856 858/858 661/661
f 856/856 661/661 664/664
f 677/677 789/789 865/865
f 677/677 865/865 867/867
f 864/864 868/868 869/869
f 864/864 869/869 870/870
f 871/871 792/792 793/793
f 871/871 793/793 863/863
f 795/795 872/872 873/873
f 795/795 873/873 796/796
f 675/675 677/677 867/867
f 675/675 867/867 874/874
f 673/673 675/675 874/874
f 673/673 874/874 875/875
f 670/670 673/673 875/875
f 670/670 875/875 876/876
f 660/660 658/658 662/662
f 660/660 662/662 644/644
f 671/671 670/670 876/876
f 671/671 876/876 877/877
f 658/658 657/657 666/666
f 658/658 666/666 662/662
f 656/656 655/655 669/669
f 656/656 669/669 668/668
f 655/655 652/652 672/672
f 655/655 672/672 669/669
f 652/652 646/646 674/674
f 652/652 674/674 672/672
f 646/646 645/645 676/676
f 646/646 676/676 674/674
f 865/865 864/864 870/870
f 865/865 870/870 878/878
f 867/867 865/865 878/878
f 867/867 878/878 879/879
f 874/874 867/867 879/879
f 874/874 879/879 880/880
f 875/875 874/874 880/880
f 875/875 880/880 872/872
f 876/876 875/875 872/872
f 876/876 872/872 795/795
f 877/877 876/876 795/795
f 877/877 795/795 794/794
f 645/645 663/663 788/788
f 645/645 788/788 676/676
f 640/640 881/881 882/882
f 640/640 882/882 641/641
f 883/883 884/884 786/786
f 883/883 786/786 681/681
f 667/667 885/885 886/886
f 667/667 886/886 790/790
f 657/657 887/887 888/888
f 657/657 888/888 666/666
f 889/889 684/684 685/685
f 889/889 685/685 754/754
f 663/663 667/667 790/790
f 663/663 790/790 788/788
f 797/797 796/796 890/890
f 797/797 890/890 891/891
f 796/796 873/873 892/892
f 796/796 892/892 890/890
f 893/893 894/894 895/895
f 893/893 895/895 866/866
f 892/892 889/889 754/754
f 892/892 754/754 755/755
f 853/853 856/856 664/664
f 853/853 664/664 678/678
f 890/890 892/892 755/755
f 890/890 755/755 770/770
f 785/785 807/807 828/828
f 785/785 828/828 798/798
f 891/891 890/890 770/770
f 891/891 770/770 771/771
f 682/682 787/787 826/826
f 682/682 826/826 737/737
f 873/873 896/896 889/889
f 873/873 889/889 892/892
f 740/740 827/827 824/824
f 740/740 824/824 741/741
f 758/758 825/825 821/821
f 758/758 821/821 759/759
f 866/866 895/895 881/881
f 866/866 881/881 640/640
f 641/641 882/882 887/887
f 641/641 887/887 657/657
f 666/666 888/888 885/885
f 666/666 885/885 667/667
f 823/823 822/822 819/819
f 823/823 819/819 818/818
f 790/790 886/886 897/897
f 790/790 897/897 791/791
f 715/715 741/741 758/758
f 715/715 758/758 756/756
f 774/774 820/820 816/816
f 774/774 816/816 687/687
f 688/688 817/817 814/814
f 688/688 814/814 803/803
f 854/854 853/853 678/678
f 854/854 678/678 792/792
f 776/776 849/849 810/810
f 776/776 810/810 777/777
f 800/800 799/799 735/735
f 800/800 735/735 734/734
f 896/896 898/898 684/684
f 896/896 684/684 889/889
f 804/804 815/815 812/812
f 804/804 812/812 811/811
f 745/745 744/744 762/762
f 745/745 762/762 761/761
f 775/775 813/813 809/809
f 775/775 809/809 750/750
f 870/870 869/869 884/884
f 870/870 884/884 883/883
f 849/849 823/823 818/818
f 849/849 818/818 810/810
f 862/862 854/854 792/792
f 862/862 792/792 871/871
f 899/899 883/883 681/681
f 899/899 681/681 680/680
f 898/898 899/899 680/680
f 898/898 680/680 684/684
f 791/791 897/897 868/868
f 791/791 868/868 864/864
f 845/845 844/844 848/848
f 845/845 848/848 847/847
f 872/872 880/880 896/896
f 872/872 896/896 873/873
f 859/859 893/893 866/866
f 859/859 866/866 860/860
f 880/880 879/879 898/898
f 880/880 898/898 896/896
f 879/879 878/878 899/899
f 879/879 899/899 898/898
f 878/878 870/870 883/883
f 878/878 883/883 899/899
f 900/900 901/901 902/902
f 900/900 902/902 903/903
f 904/904 905/905 906/906
f 904/904 906/906 907/907
f 908/908 909/909 910/910
f 908/908 910/910 911/911
f 912/912 913/913 914/914
f 912/912 914/914 915/915
f 916/916 912/912 915/915
f 916/916 915/915 917/917
f 909/909 918/918 919/919
f 909/909 919/919 910/910
f 920/920 921/921 900/900
f 920/920 900/900 922/922
f 923/923 924/924 925/925
f 923/923 925/925 926/926
f 924/924 927/927 928/928
f 924/924 928/928 925/925
f 927/927 929/929 930/930
f 927/927 930/930 928/928
f 931/931 932/932 905/905
f 931/931 905/905 904/904
f 932/932 933/933 934/934
f 932/932 934/934 905/905
f 933/933 935/935 936/936
f 933/933 936/936 934/934
f 935/935 937/937 938/938
f 935/935 938/938 936/936
f 937/937 939/939 940/940
f 937/937 940/940 938/938
f 939/939 941/941 942/942
f 939/939 942/942 940/940
f 943/943 944/944 945/945
f 943/943 945/945 946/946
f 947/947 948/948 941/941
f 947/947 941/941 939/939
f 949/949 947/947 939/939
f 949/949 939/939 937/937
f 950/950 949/949 937/937
f 950/950 937/937 935/935
f 951/951 950/950 935/935
f 951/951 935/935 933/933
f 952/952 951/951 933/933
f 952/952 933/933 932/932
f 953/953 952/952 932/932
f 953/953 932/932 931/931
f 954/954 955/955 956/956
f 954/954 956/956 957/957
f 958/958 954/954 957/957
f 958/958 957/957 959/959
f 960/960 958/958 959/959
f 960/960 959/959 961/961
f 962/962 960/960 961/961
f 962/962 961/961 963/963
f 964/964 962/962 963/963
f 964/964 963/963 965/965
f 944/944 966/966 967/967
f 944/944 967/967 945/945
f 966/966 968/968 969/969
f 966/966 969/969 967/967
f 968/968 970/970 971/971
f 968/968 971/971 969/969
f 970/970 972/972 973/973
f 970/970 973/973 971/971
f 972/972 974/974 975/975
f 972/972 975/975 973/973
f 976/976 977/977 978/978
f 976/976 978/978 979/979
f 977/977 980/980 981/981
f 977/977 981/981 978/978
f 982/982 983/983 974/974
f 982/982 974/974 972/972
f 984/984 982/982 972/972
f 984/984 972/972 970/970
f 985/985 984/984 970/970
f 985/985 970/970 968/968
f 986/986 985/985 968/968
f 986/986 968/968 966/966
f 957/957 956/956 948/948
f 957/957 948/948 947/947
f 959/959 957/957 947/947
f 959/959 947/947 949/949
f 906/906 986/986 966/966
f 906/906 966/966 944/944
f 907/907 906/906 944/944
f 907/907 944/944 943/943
f 980/980 987/987 923/923
f 980/980 923/923 981/981
f 987/987 988/988 924/924
f 987/987 924/924 923/923
f 988/988 989/989 927/927
f 988/988 927/927 924/924
f 989/989 990/990 929/929
f 989/989 929/929 927/927
f 991/991 992/992 993/993
f 991/991 993/993 994/994
f 961/961 959/959 949/949
f 961/961 949/949 950/950
f 992/992 995/995 996/996
f 992/992 996/996 993/993
f 963/963 961/961 950/950
f 963/963 950/950 951/951
f 995/995 926/926 997/997
f 995/995 997/997 996/996
f 965/965 963/963 951/951
f 965/965 951/951 952/952
f 926/926 925/925 998/998
f 926/926 998/998 997/997
f 925/925 928/928 999/999
f 925/925 999/999 998/998
f 928/928 930/930 1000/1000
f 928/928 1000/1000 999/999
f 1001/1001 1002/1002 1003/1003
f 1001/1001 1003/1003 1004/1004
f 1005/1005 965/965 952/952
f 1005/1005 952/952 953/953
f 1000/1000 1006/1006 1007/1007
f 1000/1000 1007/1007 1008/1008
f 929/929 1009/1009 1010/1010
f 929/929 1010/1010 930/930
f 910/910 919/919 955/955
f 910/910 955/955 954/954
f 975/975 1011/1011 1012/1012
f 975/975 1012/1012 990/990
f 1013/1013 1014/1014 1015/1015
f 1013/1013 1015/1015 1016/1016
f 1004/1004 1003/1003 1017/1017
f 1004/1004 1017/1017 1018/1018
f 1008/1008 1007/1007 1002/1002
f 1008/1008 1002/1002 1001/1001
f 930/930 1010/1010 1006/1006
f 930/930 1006/1006 1000/1000
f 990/990 1012/1012 1009/1009
f 990/990 1009/1009 929/929
f 974/974 1019/1019 1011/1011
f 974/974 1011/1011 975/975
f 983/983 1020/1020 1019/1019
f 983/983 1019/1019 974/974
f 942/942 1021/1021 1020/1020
f 942/942 1020/1020 983/983
f 941/941 1022/1022 1021/1021
f 941/941 1021/1021 942/942
f 956/956 1023/1023 1024/1024
f 956/956 1024/1024 948/948
f 919/919 1025/1025 1026/1026
f 919/919 1026/1026 955/955
f 1027/1027 1028/1028 1029/1029
f 1027/1027 1029/1029 918/918
f 948/948 1024/1024 1022/1022
f 948/948 1022/1022 941/941
f 955/955 1026/1026 1023/1023
f 955/955 1023/1023 956/956
f 918/918 1029/1029 1025/1025
f 918/918 1025/1025 919/919
f 1030/1030 1031/1031 1028/1028
f 1030/1030 1028/1028 1027/1027
f 1032/1032 1004/1004 1018/1018
f 1032/1032 1018/1018 1033/1033
f 1034/1034 1035/1035 1031/1031
f 1034/1034 1031/1031 1030/1030
f 1036/1036 1032/1032 1033/1033
f 1036/1036 1033/1033 1037/1037
f 1038/1038 1039/1039 1040/1040
f 1038/1038 1040/1040 1041/1041
f 1039/1039 1042/1042 1043/1043
f 1039/1039 1043/1043 1040/1040
f 1042/1042 1044/1044 1045/1045
f 1042/1042 1045/1045 1043/1043
f 1044/1044 1046/1046 1047/1047
f 1044/1044 1047/1047 1045/1045
f 1046/1046 1048/1048 1049/1049
f 1046/1046 1049/1049 1047/1047
f 1048/1048 1008/1008 1001/1001
f 1048/1048 1001/1001 1049/1049
f 1016/1016 1015/1015 1050/1050
f 1016/1016 1050/1050 1051/1051
f 1018/1018 1017/1017 1014/1014
f 1018/1018 1014/1014 1013/1013
f 1049/1049 1001/1001 1004/1004
f 1049/1049 1004/1004 1032/1032
f 1047/1047 1049/1049 1032/1032
f 1047/1047 1032/1032 1036/1036
f 1052/1052 1036/1036 1037/1037
f 1052/1052 1037/1037 1053/1053
f 1054/1054 1055/1055 908/908
f 1054/1054 908/908 1056/1056
f 1057/1057 1052/1052 1053/1053
f 1057/1057 1053/1053 913/913
f 1045/1045 1047/1047 1036/1036
f 1045/1045 1036/1036 1052/1052
f 1043/1043 1045/1045 1052/1052
f 1043/1043 1052/1052 1057/1057
f 1040/1040 1043/1043 1057/1057
f 1040/1040 1057/1057 1058/1058
f 1059/1059 964/964 965/965
f 1059/1059 965/965 1005/1005
f 979/979 978/978 992/992
f 979/979 992/992 991/991
f 911/911 910/910 954/954
f 911/911 954/954 958/958
f 1060/1060 911/911 958/958
f 1060/1060 958/958 960/960
f 940/940 942/942 983/983
f 940/940 983/983 982/982
f 973/973 975/975 990/990
f 973/973 990/990 989/989
f 1061/1061 1054/1054 1056/1056
f 1061/1061 1056/1056 901/901
f 971/971 973/973 989/989
f 971/971 989/989 988/988
f 938/938 940/940 982/982
f 938/938 982/982 984/984
f 936/936 938/938 984/984
f 936/936 984/984 985/985
f 969/969 971/971 988/988
f 969/969 988/988 987/987
f 967/967 969/969 987/987
f 967/967 987/987 980/980
f 945/945 967/967 980/980
f 945/945 980/980 977/977
f 946/946 945/945 977/977
f 946/946 977/977 976/976
f 902/902 1060/1060 960/960
f 902/902 960/960 962/962
f 978/978 981/981 995/995
f 978/978 995/995 992/992
f 981/981 923/923 926/926
f 981/981 926/926 995/995
f 1062/1062 1034/1034 1030/1030
f 1062/1062 1030/1030 1063/1063
f 1064/1064 1062/1062 1063/1063
f 1064/1064 1063/1063 1065/1065
f 903/903 902/902 962/962
f 903/903 962/962 964/964
f 1066/1066 903/903 964/964
f 1066/1066 964/964 1059/1059
f 934/934 936/936 985/985
f 934/934 985/985 986/986
f 1041/1041 1040/1040 1058/1058
f 1041/1041 1058/1058 1067/1067
f 1068/1068 1016/1016 1051/1051
f 1068/1068 1051/1051 1069/1069
f 1070/1070 1068/1068 1069/1069
f 1070/1070 1069/1069 1071/1071
f 1072/1072 1013/1013 1016/1016
f 1072/1072 1016/1016 1068/1068
f 1073/1073 1072/1072 1068/1068
f 1073/1073 1068/1068 1070/1070
f 1074/1074 1027/1027 918/918
f 1074/1074 918/918 909/909
f 1075/1075 1073/1073 1070/1070
f 1075/1075 1070/1070 1076/1076
f 999/999 1000/1000 1008/1008
f 999/999 1008/1008 1048/1048
f 1077/1077 1078/1078 1054/1054
f 1077/1077 1054/1054 1061/1061
f 998/998 999/999 1048/1048
f 998/998 1048/1048 1046/1046
f 1078/1078 1065/1065 1055/1055
f 1078/1078 1055/1055 1054/1054
f 997/997 998/998 1046/1046
f 997/997 1046/1046 1044/1044
f 905/905 934/934 986/986
f 905/905 986/986 906/906
f 921/921 1061/1061 901/901
f 921/921 901/901 900/900
f 1065/1065 1063/1063 1074/1074
f 1065/1065 1074/1074 1055/1055
f 1063/1063 1030/1030 1027/1027
f 1063/1063 1027/1027 1074/1074
f 996/996 997/997 1044/1044
f 996/996 1044/1044 1042/1042
f 922/922 900/900 903/903
f 922/922 903/903 1066/1066
f 993/993 996/996 1042/1042
f 993/993 1042/1042 1039/1039
f 994/994 993/993 1039/1039
f 994/994 1039/1039 1038/1038
f 1058/1058 1057/1057 913/913
f 1058/1058 913/913 912/912
f 1067/1067 1058/1058 912/912
f 1067/1067 912/912 916/916
f 1056/1056 908/908 911/911
f 1056/1056 911/911 1060/1060
f 1055/1055 1074/1074 909/909
f 1055/1055 909/909 908/908
f 914/914 1075/1075 1076/1076
f 914/914 1076/1076 1079/1079
f 1076/1076 1070/1070 1071/1071
f 1076/1076 1071/1071 1080/1080
f 1079/1079 1076/1076 1080/1080
f 1079/1079 1080/1080 1081/1081
f 901/901 1056/1056 1060/1060
f 901/901 1060/1060 902/902
f 915/915 914/914 1079/1079
f 915/915 1079/1079 1082/1082
f 917/917 915/915 1082/1082
f 917/917 1082/1082 1083/1083
f 913/913 1053/1053 1075/1075
f 913/913 1075/1075 914/914
f 1033/1033 1018/1018 1013/1013
f 1033/1033 1013/1013 1072/1072
f 1037/1037 1033/1033 1072/1072
f 1037/1037 1072/1072 1073/1073
f 1053/1053 1037/1037 1073/1073
f 1053/1053 1073/1073 1075/1075
f 1084/1084 1085/1085 1086/1086
f 1084/1084 1086/1086 1087/1087
f 1088/1088 1089/1089 1090/1090
f 1088/1088 1090/1090 1091/1091
f 1092/1092 1093/1093 1094/1094
f 1092/1092 1094/1094 1095/1095
f 1096/1096 1097/1097 1098/1098
f 1096/1096 1098/1098 1099/1099
f 1100/1100 1101/1101 1102/1102
f 1100/1100 1102/1102 1103/1103
f 1104/1104 1105/1105 1106/1106
f 1104/1104 1106/1106 1107/1107
f 1108/1108 1109/1109 1096/1096
f 1108/1108 1096/1096 1110/1110
f 1111/1111 1104/1104 1107/1107
f 1111/1111 1107/1107 1112/1112
f 1113/1113 1111/1111 1112/1112
f 1113/1113 1112/1112 1114/1114
f 1115/1115 1116/1116 1117/1117
f 1115/1115 1117/1117 1118/1118
f 1119/1119 1120/1120 1121/1121
f 1119/1119 1121/1121 1122/1122
f 1123/1123 1124/1124 1125/1125
f 1123/1123 1125/1125 1126/1126
f 1083/1083 1082/1082 1127/1127
f 1083/1083 1127/1127 1128/1128
f 1082/1082 1079/1079 1081/1081
f 1082/1082 1081/1081 1127/1127
f 1129/1129 1108/1108 1110/1110
f 1129/1129 1110/1110 1130/1130
f 1131/1131 1129/1129 1130/1130
f 1131/1131 1130/1130 1132/1132
f 1133/1133 1103/1103 1115/1115
f 1133/1133 1115/1115 1134/1134
f 1135/1135 1133/1133 1134/1134
f 1135/1135 1134/1134 1136/1136
f 1137/1137 1135/1135 1136/1136
f 1137/1137 1136/1136 1138/1138
f 1139/1139 1137/1137 1138/1138
f 1139/1139 1138/1138 1140/1140
f 1141/1141 1139/1139 1140/1140
f 1141/1141 1140/1140 1142/1142
f 1143/1143 1141/1141 1142/1142
f 1143/1143 1142/1142 1144/1144
f 1145/1145 1095/1095 1100/1100
f 1145/1145 1100/1100 1146/1146
f 1147/1147 1145/1145 1146/1146
f 1147/1147 1146/1146 1148/1148
f 1149/1149 1150/1150 1151/1151
f 1149/1149 1151/1151 1152/1152
f 1150/1150 1153/1153 1154/1154
f 1150/1150 1154/1154 1151/1151
f 1155/1155 1147/1147 1148/1148
f 1155/1155 1148/1148 1156/1156
f 1097/1097 1157/1157 1158/1158
f 1097/1097 1158/1158 1098/1098
f 1159/1159 1160/1160 1161/1161
f 1159/1159 1161/1161 1162/1162
f 1163/1163 1155/1155 1156/1156
f 1163/1163 1156/1156 1164/1164
f 1165/1165 1163/1163 1164/1164
f 1165/1165 1164/1164 1166/1166
f 1160/1160 1167/1167 1168/1168
f 1160/1160 1168/1168 1161/1161
f 1167/1167 1169/1169 1170/1170
f 1167/1167 1170/1170 1168/1168
f 1169/1169 1171/1171 1172/1172
f 1169/1169 1172/1172 1170/1170
f 1171/1171 1173/1173 1174/1174
f 1171/1171 1174/1174 1172/1172
f 1175/1175 1176/1176 1150/1150
f 1175/1175 1150/1150 1149/1149
f 1176/1176 1177/1177 1153/1153
f 1176/1176 1153/1153 1150/1150
f 1128/1128 1127/1127 1159/1159
f 1128/1128 1159/1159 1178/1178
f 1179/1179 1132/1132 1180/1180
f 1179/1179 1180/1180 1181/1181
f 1127/1127 1081/1081 1160/1160
f 1127/1127 1160/1160 1159/1159
f 1153/1153 1182/1182 1183/1183
f 1153/1153 1183/1183 1154/1154
f 1184/1184 1185/1185 1165/1165
f 1184/1184 1165/1165 1186/1186
f 1185/1185 1187/1187 1163/1163
f 1185/1185 1163/1163 1165/1165
f 1182/1182 1188/1188 1189/1189
f 1182/1182 1189/1189 1183/1183
f 1188/1188 1190/1190 1191/1191
f 1188/1188 1191/1191 1189/1189
f 1187/1187 1192/1192 1155/1155
f 1187/1187 1155/1155 1163/1163
f 1190/1190 1193/1193 1194/1194
f 1190/1190 1194/1194 1191/1191
f 1192/1192 1195/1195 1147/1147
f 1192/1192 1147/1147 1155/1155
f 1195/1195 1196/1196 1145/1145
f 1195/1195 1145/1145 1147/1147
f 1196/1196 1092/1092 1095/1095
f 1196/1196 1095/1095 1145/1145
f 1186/1186 1165/1165 1166/1166
f 1186/1186 1166/1166 1197/1197
f 1198/1198 1091/1091 1092/1092
f 1198/1198 1092/1092 1196/1196
f 1199/1199 1198/1198 1196/1196
f 1199/1199 1196/1196 1195/1195
f 1200/1200 1199/1199 1195/1195
f 1200/1200 1195/1195 1192/1192
f 1081/1081 1080/1080 1167/1167
f 1081/1081 1167/1167 1160/1160
f 1201/1201 1200/1200 1192/1192
f 1201/1201 1192/1192 1187/1187
f 1202/1202 1201/1201 1187/1187
f 1202/1202 1187/1187 1185/1185
f 1080/1080 1071/1071 1169/1169
f 1080/1080 1169/1169 1167/1167
f 1203/1203 1202/1202 1185/1185
f 1203/1203 1185/1185 1184/1184
f 1204/1204 1205/1205 1206/1206
f 1204/1204 1206/1206 1207/1207
f 1208/1208 1209/1209 1088/1088
f 1208/1208 1088/1088 1210/1210
f 1051/1051 1050/1050 1211/1211
f 1051/1051 1211/1211 1173/1173
f 1183/1183 1189/1189 1212/1212
f 1183/1183 1212/1212 1213/1213
f 1154/1154 1183/1183 1213/1213
f 1154/1154 1213/1213 1214/1214
f 1151/1151 1154/1154 1214/1214
f 1151/1151 1214/1214 1215/1215
f 1110/1110 1096/1096 1099/1099
f 1110/1110 1099/1099 1216/1216
f 1152/1152 1151/1151 1215/1215
f 1152/1152 1215/1215 1217/1217
f 1218/1218 1219/1219 1220/1220
f 1218/1218 1220/1220 1221/1221
f 1222/1222 1223/1223 1193/1193
f 1222/1222 1193/1193 1190/1190
f 1224/1224 1222/1222 1190/1190
f 1224/1224 1190/1190 1188/1188
f 1106/1106 1218/1218 1221/1221
f 1106/1106 1221/1221 1225/1225
f 1226/1226 1087/1087 1209/1209
f 1226/1226 1209/1209 1208/1208
f 1227/1227 1226/1226 1208/1208
f 1227/1227 1208/1208 1228/1228
f 1219/1219 1119/1119 1122/1122
f 1219/1219 1122/1122 1220/1220
f 1229/1229 1227/1227 1228/1228
f 1229/1229 1228/1228 1230/1230
f 1107/1107 1106/1106 1225/1225
f 1107/1107 1225/1225 1231/1231
f 1232/1232 1233/1233 1234/1234
f 1232/1232 1234/1234 1235/1235
f 1112/1112 1107/1107 1231/1231
f 1112/1112 1231/1231 1236/1236
f 1237/1237 1224/1224 1188/1188
f 1237/1237 1188/1188 1182/1182
f 1114/1114 1112/1112 1236/1236
f 1114/1114 1236/1236 1238/1238
f 1134/1134 1115/1115 1118/1118
f 1134/1134 1118/1118 1239/1239
f 1136/1136 1134/1134 1239/1239
f 1136/1136 1239/1239 1240/1240
f 1241/1241 1229/1229 1230/1230
f 1241/1241 1230/1230 1242/1242
f 1243/1243 1241/1241 1242/1242
f 1243/1243 1242/1242 1244/1244
f 1177/1177 1237/1237 1182/1182
f 1177/1177 1182/1182 1153/1153
f 1245/1245 1243/1243 1244/1244
f 1245/1245 1244/1244 1246/1246
f 1138/1138 1136/1136 1240/1240
f 1138/1138 1240/1240 1105/1105
f 1214/1214 1213/1213 1247/1247
f 1214/1214 1247/1247 1248/1248
f 1172/1172 1174/1174 1223/1223
f 1172/1172 1223/1223 1222/1222
f 1213/1213 1212/1212 1249/1249
f 1213/1213 1249/1249 1247/1247
f 1212/1212 1250/1250 1251/1251
f 1212/1212 1251/1251 1249/1249
f 1215/1215 1214/1214 1248/1248
f 1215/1215 1248/1248 1252/1252
f 1248/1248 1247/1247 1253/1253
f 1248/1248 1253/1253 1254/1254
f 1255/1255 1216/1216 1256/1256
f 1255/1255 1256/1256 1257/1257
f 1180/1180 1255/1255 1257/1257
f 1180/1180 1257/1257 1258/1258
f 1217/1217 1215/1215 1252/1252
f 1217/1217 1252/1252 1259/1259
f 1260/1260 1084/1084 1087/1087
f 1260/1260 1087/1087 1226/1226
f 1170/1170 1172/1172 1222/1222
f 1170/1170 1222/1222 1224/1224
f 1168/1168 1170/1170 1224/1224
f 1168/1168 1224/1224 1237/1237
f 1161/1161 1168/1168 1237/1237
f 1161/1161 1237/1237 1177/1177
f 1252/1252 1248/1248 1254/1254
f 1252/1252 1254/1254 1261/1261
f 1162/1162 1161/1161 1177/1177
f 1162/1162 1177/1177 1176/1176
f 1262/1262 1260/1260 1226/1226
f 1262/1262 1226/1226 1227/1227
f 1247/1247 1249/1249 1262/1262
f 1247/1247 1262/1262 1253/1253
f 1263/1263 1162/1162 1176/1176
f 1263/1263 1176/1176 1175/1175
f 1249/1249 1251/1251 1260/1260
f 1249/1249 1260/1260 1262/1262
f 1264/1264 1258/1258 1265/1265
f 1264/1264 1265/1265 1266/1266
f 1251/1251 1207/1207 1084/1084
f 1251/1251 1084/1084 1260/1260
f 1235/1235 1234/1234 1267/1267
f 1235/1235 1267/1267 1268/1268
f 1234/1234 1269/1269 1270/1270
f 1234/1234 1270/1270 1267/1267
f 1271/1271 1264/1264 1266/1266
f 1271/1271 1266/1266 1272/1272
f 1269/1269 1273/1273 1274/1274
f 1269/1269 1274/1274 1270/1270
f 1273/1273 1275/1275 1276/1276
f 1273/1273 1276/1276 1274/1274
f 1216/1216 1099/1099 1277/1277
f 1216/1216 1277/1277 1256/1256
f 1259/1259 1252/1252 1261/1261
f 1259/1259 1261/1261 1278/1278
f 1253/1253 1262/1262 1227/1227
f 1253/1253 1227/1227 1229/1229
f 1254/1254 1253/1253 1229/1229
f 1254/1254 1229/1229 1241/1241
f 1261/1261 1254/1254 1241/1241
f 1261/1261 1241/1241 1243/1243
f 1258/1258 1257/1257 1279/1279
f 1258/1258 1279/1279 1265/1265
f 1250/1250 1204/1204 1207/1207
f 1250/1250 1207/1207 1251/1251
f 1220/1220 1122/1122 1123/1123
f 1220/1220 1123/1123 1280/1280
f 1221/1221 1220/1220 1280/1280
f 1221/1221 1280/1280 1281/1281
f 1282/1282 1283/1283 1157/1157
f 1282/1282 1157/1157 1097/1097
f 1130/1130 1110/1110 1216/1216
f 1130/1130 1216/1216 1255/1255
f 1225/1225 1221/1221 1281/1281
f 1225/1225 1281/1281 1284/1284
f 1275/1275 1285/1285 1286/1286
f 1275/1275 1286/1286 1276/1276
f 1181/1181 1180/1180 1258/1258
f 1181/1181 1258/1258 1264/1264
f 1287/1287 1181/1181 1264/1264
f 1287/1287 1264/1264 1271/1271
f 1288/1288 1289/1289 1202/1202
f 1288/1288 1202/1202 1203/1203
f 1290/1290 1291/1291 1283/1283
f 1290/1290 1283/1283 1282/1282
f 1289/1289 1292/1292 1201/1201
f 1289/1289 1201/1201 1202/1202
f 1109/1109 1282/1282 1097/1097
f 1109/1109 1097/1097 1096/1096
f 1132/1132 1130/1130 1255/1255
f 1132/1132 1255/1255 1180/1180
f 1231/1231 1225/1225 1284/1284
f 1231/1231 1284/1284 1293/1293
f 1285/1285 1126/1126 1290/1290
f 1285/1285 1290/1290 1286/1286
f 1294/1294 1295/1295 1179/1179
f 1294/1294 1179/1179 1296/1296
f 1295/1295 1131/1131 1132/1132
f 1295/1295 1132/1132 1179/1179
f 1178/1178 1159/1159 1162/1162
f 1178/1178 1162/1162 1263/1263
f 1236/1236 1231/1231 1293/1293
f 1236/1236 1293/1293 1233/1233
f 1238/1238 1236/1236 1233/1233
f 1238/1238 1233/1233 1232/1232
f 1292/1292 1297/1297 1200/1200
f 1292/1292 1200/1200 1201/1201
f 1239/1239 1118/1118 1119/1119
f 1239/1239 1119/1119 1219/1219
f 1297/1297 1298/1298 1199/1199
f 1297/1297 1199/1199 1200/1200
f 1240/1240 1239/1239 1219/1219
f 1240/1240 1219/1219 1218/1218
f 1278/1278 1261/1261 1243/1243
f 1278/1278 1243/1243 1245/1245
f 1105/1105 1240/1240 1218/1218
f 1105/1105 1218/1218 1106/1106
f 1191/1191 1194/1194 1204/1204
f 1191/1191 1204/1204 1250/1250
f 1173/1173 1211/1211 1299/1299
f 1173/1173 1299/1299 1174/1174
f 1298/1298 1210/1210 1198/1198
f 1298/1298 1198/1198 1199/1199
f 1210/1210 1088/1088 1091/1091
f 1210/1210 1091/1091 1198/1198
f 1223/1223 1300/1300 1301/1301
f 1223/1223 1301/1301 1193/1193
f 1194/1194 1302/1302 1205/1205
f 1194/1194 1205/1205 1204/1204
f 1189/1189 1191/1191 1250/1250
f 1189/1189 1250/1250 1212/1212
f 1233/1233 1293/1293 1269/1269
f 1233/1233 1269/1269 1234/1234
f 1293/1293 1284/1284 1273/1273
f 1293/1293 1273/1273 1269/1269
f 1284/1284 1281/1281 1275/1275
f 1284/1284 1275/1275 1273/1273
f 1069/1069 1051/1051 1173/1173
f 1069/1069 1173/1173 1171/1171
f 1281/1281 1280/1280 1285/1285
f 1281/1281 1285/1285 1275/1275
f 1280/1280 1123/1123 1126/1126
f 1280/1280 1126/1126 1285/1285
f 1268/1268 1267/1267 1295/1295
f 1268/1268 1295/1295 1294/1294
f 1267/1267 1270/1270 1131/1131
f 1267/1267 1131/1131 1295/1295
f 1270/1270 1274/1274 1129/1129
f 1270/1270 1129/1129 1131/1131
f 1274/1274 1276/1276 1108/1108
f 1274/1274 1108/1108 1129/1129
f 1126/1126 1125/1125 1291/1291
f 1126/1126 1291/1291 1290/1290
f 1207/1207 1206/1206 1085/1085
f 1207/1207 1085/1085 1084/1084
f 1276/1276 1286/1286 1109/1109
f 1276/1276 1109/1109 1108/1108
f 1122/1122 1121/1121 1124/1124
f 1122/1122 1124/1124 1123/1123
f 1286/1286 1290/1290 1282/1282
f 1286/1286 1282/1282 1109/1109
f 1296/1296 1179/1179 1181/1181
f 1296/1296 1181/1181 1287/1287
f 1118/1118 1117/1117 1120/1120
f 1118/1118 1120/1120 1119/1119
f 1071/1071 1069/1069 1171/1171
f 1071/1071 1171/1171 1169/1169
f 1103/1103 1102/1102 1116/1116
f 1103/1103 1116/1116 1115/1115
f 1246/1246 1244/1244 1289/1289
f 1246/1246 1289/1289 1288/1288
f 1140/1140 1138/1138 1105/1105
f 1140/1140 1105/1105 1104/1104
f 1142/1142 1140/1140 1104/1104
f 1142/1142 1104/1104 1111/1111
f 1144/1144 1142/1142 1111/1111
f 1144/1144 1111/1111 1113/1113
f 1146/1146 1100/1100 1103/1103
f 1146/1146 1103/1103 1133/1133
f 1244/1244 1242/1242 1292/1292
f 1244/1244 1292/1292 1289/1289
f 1242/1242 1230/1230 1297/1297
f 1242/1242 1297/1297 1292/1292
f 1148/1148 1146/1146 1133/1133
f 1148/1148 1133/1133 1135/1135
f 1156/1156 1148/1148 1135/1135
f 1156/1156 1135/1135 1137/1137
f 1164/1164 1156/1156 1137/1137
f 1164/1164 1137/1137 1139/1139
f 1166/1166 1164/1164 1139/1139
f 1166/1166 1139/1139 1141/1141
f 1197/1197 1166/1166 1141/1141
f 1197/1197 1141/1141 1143/1143
f 1095/1095 1094/1094 1101/1101
f 1095/1095 1101/1101 1100/1100
f 1091/1091 1090/1090 1093/1093
f 1091/1091 1093/1093 1092/1092
f 1230/1230 1228/1228 1298/1298
f 1230/1230 1298/1298 1297/1297
f 1228/1228 1208/1208 1210/1210
f 1228/1228 1210/1210 1298/1298
f 1209/1209 1303/1303 1089/1089
f 1209/1209 1089/1089 1088/1088
f 1087/1087 1086/1086 1303/1303
f 1087/1087 1303/1303 1209/1209
f 1193/1193 1301/1301 1302/1302
f 1193/1193 1302/1302 1194/1194
f 1174/1174 1299/1299 1300/1300
f 1174/1174 1300/1300 1223/1223
f 1304/1304 1305/1305 1306/1306
f 1304/1304 1306/1306 1307/1307
f 1308/1308 1304/1304 1307/1307
f 1308/1308 1307/1307 1309/1309
f 1310/1310 1308/1308 1309/1309
f 1310/1310 1309/1309 1311/1311
f 1312/1312 1313/1313 1314/1314
f 1312/1312 1314/1314 1315/1315
f 1316/1316 1317/1317 1318/1318
f 1316/1316 1318/1318 1319/1319
f 1320/1320 1321/1321 1322/1322
f 1320/1320 1322/1322 1323/1323
f 1324/1324 1325/1325 1326/1326
f 1324/1324 1326/1326 1327/1327
f 1325/1325 1328/1328 1329/1329
f 1325/1325 1329/1329 1326/1326
f 1330/1330 1331/1331 1332/1332
f 1330/1330 1332/1332 1333/1333
f 1334/1334 1335/1335 1336/1336
f 1334/1334 1336/1336 1337/1337
f 1328/1328 1338/1338 1339/1339
f 1328/1328 1339/1339 1329/1329
f 1340/1340 1341/1341 1342/1342
f 1340/1340 1342/1342 1343/1343
f 1344/1344 1315/1315 1316/1316
f 1344/1344 1316/1316 1338/1338
f 1345/1345 1346/1346 1347/1347
f 1345/1345 1347/1347 1348/1348
f 1346/1346 1349/1349 1350/1350
f 1346/1346 1350/1350 1347/1347
f 1351/1351 1345/1345 1348/1348
f 1351/1351 1348/1348 1352/1352
f 1353/1353 1351/1351 1352/1352
f 1353/1353 1352/1352 1354/1354
f 1355/1355 1320/1320 1323/1323
f 1355/1355 1323/1323 1356/1356
f 1357/1357 1312/1312 1315/1315
f 1357/1357 1315/1315 1344/1344
f 1358/1358 1355/1355 1356/1356
f 1358/1358 1356/1356 1359/1359
f 1360/1360 1358/1358 1359/1359
f 1360/1360 1359/1359 1361/1361
f 1362/1362 1360/1360 1361/1361
f 1362/1362 1361/1361 1363/1363
f 1342/1342 1362/1362 1363/1363
f 1342/1342 1363/1363 1364/1364
f 1343/1343 1342/1342 1364/1364
f 1343/1343 1364/1364 1365/1365
f 1272/1272 1266/1266 1366/1366
f 1272/1272 1366/1366 1367/1367
f 1266/1266 1265/1265 1368/1368
f 1266/1266 1368/1368 1366/1366
f 1265/1265 1279/1279 1369/1369
f 1265/1265 1369/1369 1368/1368
f 1099/1099 1098/1098 1370/1370
f 1099/1099 1370/1370 1277/1277
f 1279/1279 1371/1371 1372/1372
f 1279/1279 1372/1372 1369/1369
f 1338/1338 1316/1316 1319/1319
f 1338/1338 1319/1319 1339/1339
f 1373/1373 1344/1344 1338/1338
f 1373/1373 1338/1338 1328/1328
f 1374/1374 1373/1373 1328/1328
f 1374/1374 1328/1328 1325/1325
f 1375/1375 1374/1374 1325/1325
f 1375/1375 1325/1325 1324/1324
f 1376/1376 1375/1375 1324/1324
f 1376/1376 1324/1324 1377/1377
f 1257/1257 1256/1256 1371/1371
f 1257/1257 1371/1371 1279/1279
f 1256/1256 1277/1277 1378/1378
f 1256/1256 1378/1378 1371/1371
f 1277/1277 1370/1370 1379/1379
f 1277/1277 1379/1379 1378/1378
f 1367/1367 1366/1366 1308/1308
f 1367/1367 1308/1308 1310/1310
f 1366/1366 1368/1368 1304/1304
f 1366/1366 1304/1304 1308/1308
f 1371/1371 1378/1378 1380/1380
f 1371/1371 1380/1380 1372/1372
f 1378/1378 1379/1379 1381/1381
f 1378/1378 1381/1381 1380/1380
f 1382/1382 1383/1383 1313/1313
f 1382/1382 1313/1313 1312/1312
f 1315/1315 1314/1314 1317/1317
f 1315/1315 1317/1317 1316/1316
f 1319/1319 1318/1318 1321/1321
f 1319/1319 1321/1321 1320/1320
f 1333/1333 1332/1332 1384/1384
f 1333/1333 1384/1384 1385/1385
f 1323/1323 1322/1322 1331/1331
f 1323/1323 1331/1331 1330/1330
f 1098/1098 1158/1158 1386/1386
f 1098/1098 1386/1386 1370/1370
f 1379/1379 1387/1387 1388/1388
f 1379/1379 1388/1388 1381/1381
f 1368/1368 1369/1369 1305/1305
f 1368/1368 1305/1305 1304/1304
f 1385/1385 1384/1384 1335/1335
f 1385/1385 1335/1335 1334/1334
f 1369/1369 1372/1372 1389/1389
f 1369/1369 1389/1389 1305/1305
f 1350/1350 1333/1333 1385/1385
f 1350/1350 1385/1385 1390/1390
f 1347/1347 1350/1350 1390/1390
f 1347/1347 1390/1390 1391/1391
f 1392/1392 1376/1376 1377/1377
f 1392/1392 1377/1377 1393/1393
f 1394/1394 1382/1382 1312/1312
f 1394/1394 1312/1312 1357/1357
f 1372/1372 1380/1380 1394/1394
f 1372/1372 1394/1394 1389/1389
f 1341/1341 1327/1327 1362/1362
f 1341/1341 1362/1362 1342/1342
f 1380/1380 1381/1381 1382/1382
f 1380/1380 1382/1382 1394/1394
f 1311/1311 1309/1309 1376/1376
f 1311/1311 1376/1376 1392/1392
f 1309/1309 1307/1307 1375/1375
f 1309/1309 1375/1375 1376/1376
f 1307/1307 1306/1306 1374/1374
f 1307/1307 1374/1374 1375/1375
f 1306/1306 1395/1395 1373/1373
f 1306/1306 1373/1373 1374/1374
f 1348/1348 1347/1347 1391/1391
f 1348/1348 1391/1391 1396/1396
f 1352/1352 1348/1348 1396/1396
f 1352/1352 1396/1396 1397/1397
f 1349/1349 1330/1330 1333/1333
f 1349/1349 1333/1333 1350/1350
f 1327/1327 1326/1326 1360/1360
f 1327/1327 1360/1360 1362/1362
f 1395/1395 1357/1357 1344/1344
f 1395/1395 1344/1344 1373/1373
f 1396/1396 1391/1391 1398/1398
f 1396/1396 1398/1398 1399/1399
f 1326/1326 1329/1329 1358/1358
f 1326/1326 1358/1358 1360/1360
f 1329/1329 1339/1339 1355/1355
f 1329/1329 1355/1355 1358/1358
f 1391/1391 1390/1390 1400/1400
f 1391/1391 1400/1400 1398/1398
f 1390/1390 1385/1385 1334/1334
f 1390/1390 1334/1334 1400/1400
f 1400/1400 1334/1334 1337/1337
f 1400/1400 1337/1337 1401/1401
f 1339/1339 1319/1319 1320/1320
f 1339/1339 1320/1320 1355/1355
f 1370/1370 1386/1386 1387/1387
f 1370/1370 1387/1387 1379/1379
f 1365/1365 1364/1364 1353/1353
f 1365/1365 1353/1353 1402/1402
f 1381/1381 1388/1388 1383/1383
f 1381/1381 1383/1383 1382/1382
f 1356/1356 1323/1323 1330/1330
f 1356/1356 1330/1330 1349/1349
f 1359/1359 1356/1356 1349/1349
f 1359/1359 1349/1349 1346/1346
f 1361/1361 1359/1359 1346/1346
f 1361/1361 1346/1346 1345/1345
f 1363/1363 1361/1361 1345/1345
f 1363/1363 1345/1345 1351/1351
f 1364/1364 1363/1363 1351/1351
f 1364/1364 1351/1351 1353/1353
f 1393/1393 1377/1377 1341/1341
f 1393/1393 1341/1341 1340/1340
f 1377/1377 1324/1324 1327/1327
f 1377/1377 1327/1327 1341/1341
f 1389/1389 1394/1394 1357/1357
f 1389/1389 1357/1357 1395/1395
f 1305/1305 1389/1389 1395/1395
f 1305/1305 1395/1395 1306/1306
f 1403/1403 1404/1404 1405/1405
f 1403/1403 1405/1405 1406/1406
f 1407/1407 1403/1403 1406/1406
f 1407/1407 1406/1406 1408/1408
f 1409/1409 1407/1407 1408/1408
f 1409/1409 1408/1408 1410/1410
f 1411/1411 1409/1409 1410/1410
f 1411/1411 1410/1410 1412/1412
f 1413/1413 1411/1411 1412/1412
f 1413/1413 1412/1412 1414/1414
f 1415/1415 1413/1413 1414/1414
f 1415/1415 1414/1414 1416/1416
f 1417/1417 1418/1418 1419/1419
f 1417/1417 1419/1419 1420/1420
f 1421/1421 1417/1417 1420/1420
f 1421/1421 1420/1420 1422/1422
f 1423/1423 1421/1421 1422/1422
f 1423/1423 1422/1422 1424/1424
f 1425/1425 1423/1423 1424/1424
f 1425/1425 1424/1424 1426/1426
f 1427/1427 1425/1425 1426/1426
f 1427/1427 1426/1426 1428/1428
f 1429/1429 1430/1430 1431/1431
f 1429/1429 1431/1431 1432/1432
f 1430/1430 1433/1433 1434/1434
f 1430/1430 1434/1434 1431/1431
f 1433/1433 1435/1435 1436/1436
f 1433/1433 1436/1436 1434/1434
f 1431/1431 1434/1434 1437/1437
f 1431/1431 1437/1437 1438/1438
f 1439/1439 1440/1440 1034/1034
f 1439/1439 1034/1034 1062/1062
f 1432/1432 1431/1431 1438/1438
f 1432/1432 1438/1438 1441/1441
f 1434/1434 1436/1436 1442/1442
f 1434/1434 1442/1442 1437/1437
f 1443/1443 1439/1439 1062/1062
f 1443/1443 1062/1062 1064/1064
f 1444/1444 1443/1443 1064/1064
f 1444/1444 1064/1064 1445/1445
f 1446/1446 1427/1427 1428/1428
f 1446/1446 1428/1428 1447/1447
f 1406/1406 1405/1405 1448/1448
f 1406/1406 1448/1448 1449/1449
f 1408/1408 1406/1406 1449/1449
f 1408/1408 1449/1449 1450/1450
f 1451/1451 1452/1452 1453/1453
f 1451/1451 1453/1453 1454/1454
f 1410/1410 1408/1408 1450/1450
f 1410/1410 1450/1450 1435/1435
f 1455/1455 1451/1451 1454/1454
f 1455/1455 1454/1454 1456/1456
f 1412/1412 1410/1410 1435/1435
f 1412/1412 1435/1435 1433/1433
f 1414/1414 1412/1412 1433/1433
f 1414/1414 1433/1433 1430/1430
f 1416/1416 1414/1414 1430/1430
f 1416/1416 1430/1430 1429/1429
f 1420/1420 1419/1419 1404/1404
f 1420/1420 1404/1404 1403/1403
f 1422/1422 1420/1420 1403/1403
f 1422/1422 1403/1403 1407/1407
f 1457/1457 1444/1444 1445/1445
f 1457/1457 1445/1445 1458/1458
f 1459/1459 1457/1457 1458/1458
f 1459/1459 1458/1458 1460/1460
f 1461/1461 1459/1459 1460/1460
f 1461/1461 1460/1460 1462/1462
f 1463/1463 1464/1464 1465/1465
f 1463/1463 1465/1465 1466/1466
f 1464/1464 1467/1467 1468/1468
f 1464/1464 1468/1468 1465/1465
f 1467/1467 1469/1469 1470/1470
f 1467/1467 1470/1470 1468/1468
f 1469/1469 1471/1471 1472/1472
f 1469/1469 1472/1472 1470/1470
f 1470/1470 1472/1472 1439/1439
f 1470/1470 1439/1439 1443/1443
f 1468/1468 1470/1470 1443/1443
f 1468/1468 1443/1443 1444/1444
f 1473/1473 1474/1474 1475/1475
f 1473/1473 1475/1475 1476/1476
f 1477/1477 1455/1455 1456/1456
f 1477/1477 1456/1456 1478/1478
f 1424/1424 1422/1422 1407/1407
f 1424/1424 1407/1407 1409/1409
f 1426/1426 1424/1424 1409/1409
f 1426/1426 1409/1409 1411/1411
f 1479/1479 1477/1477 1478/1478
f 1479/1479 1478/1478 1480/1480
f 1481/1481 1479/1479 1480/1480
f 1481/1481 1480/1480 1482/1482
f 1483/1483 1481/1481 1482/1482
f 1483/1483 1482/1482 1484/1484
f 1428/1428 1426/1426 1411/1411
f 1428/1428 1411/1411 1413/1413
f 1465/1465 1468/1468 1444/1444
f 1465/1465 1444/1444 1457/1457
f 1485/1485 1486/1486 1487/1487
f 1485/1485 1487/1487 1488/1488
f 1447/1447 1428/1428 1413/1413
f 1447/1447 1413/1413 1415/1415
f 1466/1466 1465/1465 1457/1457
f 1466/1466 1457/1457 1459/1459
f 1454/1454 1453/1453 1418/1418
f 1454/1454 1418/1418 1417/1417
f 1456/1456 1454/1454 1417/1417
f 1456/1456 1417/1417 1421/1421
f 1489/1489 1490/1490 1491/1491
f 1489/1489 1491/1491 1492/1492
f 1493/1493 1494/1494 1495/1495
f 1493/1493 1495/1495 1496/1496
f 1478/1478 1456/1456 1421/1421
f 1478/1478 1421/1421 1423/1423
f 1480/1480 1478/1478 1423/1423
f 1480/1480 1423/1423 1425/1425
f 1482/1482 1480/1480 1425/1425
f 1482/1482 1425/1425 1427/1427
f 1405/1405 1497/1497 1498/1498
f 1405/1405 1498/1498 1448/1448
f 1419/1419 1499/1499 1500/1500
f 1419/1419 1500/1500 1404/1404
f 1436/1436 1501/1501 1502/1502
f 1436/1436 1502/1502 1442/1442
f 1453/1453 1503/1503 1504/1504
f 1453/1453 1504/1504 1418/1418
f 1505/1505 1506/1506 1507/1507
f 1505/1505 1507/1507 1452/1452
f 1435/1435 1450/1450 1501/1501
f 1435/1435 1501/1501 1436/1436
f 1450/1450 1449/1449 1508/1508
f 1450/1450 1508/1508 1501/1501
f 1449/1449 1448/1448 1493/1493
f 1449/1449 1493/1493 1508/1508
f 1484/1484 1482/1482 1427/1427
f 1484/1484 1427/1427 1446/1446
f 1501/1501 1508/1508 1509/1509
f 1501/1501 1509/1509 1502/1502
f 1476/1476 1475/1475 1510/1510
f 1476/1476 1510/1510 1511/1511
f 1488/1488 1487/1487 1474/1474
f 1488/1488 1474/1474 1473/1473
f 1508/1508 1493/1493 1496/1496
f 1508/1508 1496/1496 1509/1509
f 1512/1512 1466/1466 1459/1459
f 1512/1512 1459/1459 1461/1461
f 1462/1462 1460/1460 1513/1513
f 1462/1462 1513/1513 1514/1514
f 1460/1460 1458/1458 1077/1077
f 1460/1460 1077/1077 1513/1513
f 1458/1458 1445/1445 1078/1078
f 1458/1458 1078/1078 1077/1077
f 1445/1445 1064/1064 1065/1065
f 1445/1445 1065/1065 1078/1078
f 1513/1513 1077/1077 1061/1061
f 1513/1513 1061/1061 921/921
f 1514/1514 1513/1513 921/921
f 1514/1514 921/921 920/920
f 1515/1515 1516/1516 1517/1517
f 1515/1515 1517/1517 1518/1518
f 1519/1519 1515/1515 1518/1518
f 1519/1519 1518/1518 1520/1520
f 1521/1521 1522/1522 1523/1523
f 1521/1521 1523/1523 1524/1524
f 1522/1522 1525/1525 1526/1526
f 1522/1522 1526/1526 1523/1523
f 1527/1527 1528/1528 1529/1529
f 1527/1527 1529/1529 1530/1530
f 1531/1531 1532/1532 1469/1469
f 1531/1531 1469/1469 1467/1467
f 1533/1533 1463/1463 1466/1466
f 1533/1533 1466/1466 1512/1512
f 1534/1534 1535/1535 1532/1532
f 1534/1534 1532/1532 1531/1531
f 1438/1438 1437/1437 1536/1536
f 1438/1438 1536/1536 1528/1528
f 1526/1526 1534/1534 1531/1531
f 1526/1526 1531/1531 1537/1537
f 1523/1523 1526/1526 1537/1537
f 1523/1523 1537/1537 1538/1538
f 1528/1528 1536/1536 1539/1539
f 1528/1528 1539/1539 1529/1529
f 1437/1437 1442/1442 1540/1540
f 1437/1437 1540/1540 1536/1536
f 1537/1537 1531/1531 1467/1467
f 1537/1537 1467/1467 1464/1464
f 1442/1442 1502/1502 1541/1541
f 1442/1442 1541/1541 1540/1540
f 1502/1502 1509/1509 1542/1542
f 1502/1502 1542/1542 1541/1541
f 1524/1524 1523/1523 1538/1538
f 1524/1524 1538/1538 1543/1543
f 1525/1525 1544/1544 1534/1534
f 1525/1525 1534/1534 1526/1526
f 1536/1536 1540/1540 1545/1545
f 1536/1536 1545/1545 1539/1539
f 1517/1517 1546/1546 1544/1544
f 1517/1517 1544/1544 1525/1525
f 1529/1529 1539/1539 1516/1516
f 1529/1529 1516/1516 1515/1515
f 1530/1530 1529/1529 1515/1515
f 1530/1530 1515/1515 1519/1519
f 1441/1441 1438/1438 1528/1528
f 1441/1441 1528/1528 1527/1527
f 1538/1538 1537/1537 1464/1464
f 1538/1538 1464/1464 1463/1463
f 1547/1547 1548/1548 1549/1549
f 1547/1547 1549/1549 1550/1550
f 1543/1543 1538/1538 1463/1463
f 1543/1543 1463/1463 1533/1533
f 1548/1548 1551/1551 1552/1552
f 1548/1548 1552/1552 1549/1549
f 1518/1518 1517/1517 1525/1525
f 1518/1518 1525/1525 1522/1522
f 1520/1520 1518/1518 1522/1522
f 1520/1520 1522/1522 1521/1521
f 1532/1532 1553/1553 1471/1471
f 1532/1532 1471/1471 1469/1469
f 1553/1553 1511/1511 1554/1554
f 1553/1553 1554/1554 1471/1471
f 1440/1440 1555/1555 1035/1035
f 1440/1440 1035/1035 1034/1034
f 1511/1511 1510/1510 1556/1556
f 1511/1511 1556/1556 1554/1554
f 1557/1557 1558/1558 1555/1555
f 1557/1557 1555/1555 1440/1440
f 1554/1554 1556/1556 1558/1558
f 1554/1554 1558/1558 1557/1557
f 1471/1471 1554/1554 1557/1557
f 1471/1471 1557/1557 1472/1472
f 1472/1472 1557/1557 1440/1440
f 1472/1472 1440/1440 1439/1439
f 1559/1559 1476/1476 1511/1511
f 1559/1559 1511/1511 1553/1553
f 1535/1535 1559/1559 1553/1553
f 1535/1535 1553/1553 1532/1532
f 1560/1560 1488/1488 1473/1473
f 1560/1560 1473/1473 1561/1561
f 1562/1562 1560/1560 1561/1561
f 1562/1562 1561/1561 1563/1563
f 1546/1546 1562/1562 1563/1563
f 1546/1546 1563/1563 1544/1544
f 1564/1564 1565/1565 1506/1506
f 1564/1564 1506/1506 1505/1505
f 1452/1452 1507/1507 1503/1503
f 1452/1452 1503/1503 1453/1453
f 1418/1418 1504/1504 1499/1499
f 1418/1418 1499/1499 1419/1419
f 1404/1404 1500/1500 1497/1497
f 1404/1404 1497/1497 1405/1405
f 1448/1448 1498/1498 1494/1494
f 1448/1448 1494/1494 1493/1493
f 1496/1496 1495/1495 1490/1490
f 1496/1496 1490/1490 1489/1489
f 1492/1492 1491/1491 1486/1486
f 1492/1492 1486/1486 1485/1485
f 1551/1551 1564/1564 1505/1505
f 1551/1551 1505/1505 1552/1552
f 1566/1566 1567/1567 1481/1481
f 1566/1566 1481/1481 1483/1483
f 1540/1540 1541/1541 1568/1568
f 1540/1540 1568/1568 1545/1545
f 1541/1541 1542/1542 1569/1569
f 1541/1541 1569/1569 1568/1568
f 1509/1509 1496/1496 1489/1489
f 1509/1509 1489/1489 1542/1542
f 1542/1542 1489/1489 1492/1492
f 1542/1542 1492/1492 1569/1569
f 1516/1516 1570/1570 1546/1546
f 1516/1516 1546/1546 1517/1517
f 1570/1570 1571/1571 1562/1562
f 1570/1570 1562/1562 1546/1546
f 1569/1569 1492/1492 1485/1485
f 1569/1569 1485/1485 1572/1572
f 1568/1568 1569/1569 1572/1572
f 1568/1568 1572/1572 1571/1571
f 1567/1567 1573/1573 1479/1479
f 1567/1567 1479/1479 1481/1481
f 1571/1571 1572/1572 1560/1560
f 1571/1571 1560/1560 1562/1562
f 1573/1573 1550/1550 1477/1477
f 1573/1573 1477/1477 1479/1479
f 1545/1545 1568/1568 1571/1571
f 1545/1545 1571/1571 1570/1570
f 1539/1539 1545/1545 1570/1570
f 1539/1539 1570/1570 1516/1516
f 1561/1561 1473/1473 1476/1476
f 1561/1561 1476/1476 1559/1559
f 1563/1563 1561/1561 1559/1559
f 1563/1563 1559/1559 1535/1535
f 1552/1552 1505/1505 1452/1452
f 1552/1552 1452/1452 1451/1451
f 1544/1544 1563/1563 1535/1535
f 1544/1544 1535/1535 1534/1534
f 1549/1549 1552/1552 1451/1451
f 1549/1549 1451/1451 1455/1455
f 1572/1572 1485/1485 1488/1488
f 1572/1572 1488/1488 1560/1560
f 1550/1550 1549/1549 1455/1455
f 1550/1550 1455/1455 1477/1477
f 1574/1574 1575/1575 1576/1576
f 1574/1574 1576/1576 1577/1577
f 1578/1578 27/27 1579/1579
f 1578/1578 1579/1579 1580/1580
f 1581/1581 1582/1582 1583/1583
f 1581/1581 1583/1583 1584/1584
f 1582/1582 54/54 1585/1585
f 1582/1582 1585/1585 1583/1583
f 1575/1575 1586/1586 1587/1587
f 1575/1575 1587/1587 1576/1576
f 27/27 26/26 57/57
f 27/27 57/57 1579/1579
f 65/65 1/1 4/4
f 65/65 4/4 1588/1588
f 1589/1589 1581/1581 1584/1584
f 1589/1589 1584/1584 1590/1590
f 1591/1591 1589/1589 1590/1590
f 1591/1591 1590/1590 1592/1592
f 1593/1593 1594/1594 1595/1595
f 1593/1593 1595/1595 1596/1596
f 1597/1597 1598/1598 1582/1582
f 1597/1597 1582/1582 1581/1581
f 1598/1598 53/53 54/54
f 1598/1598 54/54 1582/1582
f 1599/1599 1592/1592 1574/1574
f 1599/1599 1574/1574 1600/1600
f 1592/1592 1590/1590 1575/1575
f 1592/1592 1575/1575 1574/1574
f 1594/1594 1601/1601 1602/1602
f 1594/1594 1602/1602 1595/1595
f 1603/1603 1547/1547 1550/1550
f 1603/1603 1550/1550 1573/1573
f 1590/1590 1584/1584 1586/1586
f 1590/1590 1586/1586 1575/1575
f 1604/1604 1603/1603 1573/1573
f 1604/1604 1573/1573 1567/1567
f 1605/1605 1604/1604 1567/1567
f 1605/1605 1567/1567 1566/1566
f 1606/1606 1597/1597 1581/1581
f 1606/1606 1581/1581 1589/1589
f 1607/1607 1608/1608 1565/1565
f 1607/1607 1565/1565 1564/1564
f 1584/1584 1583/1583 1609/1609
f 1584/1584 1609/1609 1586/1586
f 1583/1583 1585/1585 1610/1610
f 1583/1583 1610/1610 1609/1609
f 1585/1585 37/37 40/40
f 1585/1585 40/40 1610/1610
f 1611/1611 1577/1577 1604/1604
f 1611/1611 1604/1604 1605/1605
f 1577/1577 1576/1576 1603/1603
f 1577/1577 1603/1603 1604/1604
f 1576/1576 1587/1587 1547/1547
f 1576/1576 1547/1547 1603/1603
f 1587/1587 1612/1612 1548/1548
f 1587/1587 1548/1548 1547/1547
f 1612/1612 1613/1613 1551/1551
f 1612/1612 1551/1551 1548/1548
f 1600/1600 1574/1574 1577/1577
f 1600/1600 1577/1577 1611/1611
f 40/40 39/39 1608/1608
f 40/40 1608/1608 1607/1607
f 1613/1613 1607/1607 1564/1564
f 1613/1613 1564/1564 1551/1551
f 1614/1614 1615/1615 1591/1591
f 1614/1614 1591/1591 1616/1616
f 1615/1615 1606/1606 1589/1589
f 1615/1615 1589/1589 1591/1591
f 66/66 60/60 62/62
f 66/66 62/62 1617/1617
f 1601/1601 66/66 1617/1617
f 1601/1601 1617/1617 1602/1602
f 1579/1579 57/57 66/66
f 1579/1579 66/66 1601/1601
f 1580/1580 1579/1579 1601/1601
f 1580/1580 1601/1601 1594/1594
f 1618/1618 1580/1580 1594/1594
f 1618/1618 1594/1594 1593/1593
f 1619/1619 25/25 27/27
f 1619/1619 27/27 1578/1578
f 1620/1620 1619/1619 1578/1578
f 1620/1620 1578/1578 1621/1621
f 4/4 3/3 25/25
f 4/4 25/25 1619/1619
f 1588/1588 4/4 1619/1619
f 1588/1588 1619/1619 1620/1620
f 1610/1610 40/40 1607/1607
f 1610/1610 1607/1607 1613/1613
f 1609/1609 1610/1610 1613/1613
f 1609/1609 1613/1613 1612/1612
f 1586/1586 1609/1609 1612/1612
f 1586/1586 1612/1612 1587/1587
f 1596/1596 1595/1595 1615/1615
f 1596/1596 1615/1615 1614/1614
f 1595/1595 1602/1602 1606/1606
f 1595/1595 1606/1606 1615/1615
f 1602/1602 1617/1617 1597/1597
f 1602/1602 1597/1597 1606/1606
f 1617/1617 62/62 1598/1598
f 1617/1617 1598/1598 1597/1597
f 62/62 55/55 53/53
f 62/62 53/53 1598/1598
f 1621/1621 1578/1578 1580/1580
f 1621/1621 1580/1580 1618/1618
f 54/54 44/44 37/37
f 54/54 37/37 1585/1585
f 1616/1616 1591/1591 1592/1592
f 1616/1616 1592/1592 1599/1599
f 1399/1399 1398/1398 1622/1622
f 1399/1399 1622/1622 1623/1623
f 1624/1624 1399/1399 1623/1623
f 1624/1624 1623/1623 1625/1625
f 1626/1626 1624/1624 1625/1625
f 1626/1626 1625/1625 1627/1627
f 1397/1397 1396/1396 1399/1399
f 1397/1397 1399/1399 1624/1624
f 1627/1627 1625/1625 1628/1628
f 1627/1627 1628/1628 1629/1629
f 1630/1630 1627/1627 1629/1629
f 1630/1630 1629/1629 1631/1631
f 1628/1628 1632/1632 1633/1633
f 1628/1628 1633/1633 1634/1634
f 1625/1625 1623/1623 1632/1632
f 1625/1625 1632/1632 1628/1628
f 1398/1398 1400/1400 1401/1401
f 1398/1398 1401/1401 1622/1622
f 1635/1635 1636/1636 1637/1637
f 1635/1635 1637/1637 1638/1638
f 1629/1629 1628/1628 1634/1634
f 1629/1629 1634/1634 1639/1639
f 1640/1640 1397/1397 1624/1624
f 1640/1640 1624/1624 1626/1626
f 1622/1622 1401/1401 1641/1641
f 1622/1622 1641/1641 1642/1642
f 1623/1623 1622/1622 1642/1642
f 1623/1623 1642/1642 1632/1632
f 1643/1643 1626/1626 1627/1627
f 1643/1643 1627/1627 1630/1630
f 1644/1644 1354/1354 1640/1640
f 1644/1644 1640/1640 1645/1645
f 1354/1354 1352/1352 1397/1397
f 1354/1354 1397/1397 1640/1640
f 1646/1646 1639/1639 1636/1636
f 1646/1646 1636/1636 1635/1635
f 1402/1402 1353/1353 1354/1354
f 1402/1402 1354/1354 1644/1644
f 1639/1639 1634/1634 1647/1647
f 1639/1639 1647/1647 1636/1636
f 1645/1645 1640/1640 1626/1626
f 1645/1645 1626/1626 1643/1643
f 1631/1631 1629/1629 1639/1639
f 1631/1631 1639/1639 1646/1646
f 1648/1648 1649/1649 1650/1650
f 1648/1648 1650/1650 1651/1651
f 1652/1652 1653/1653 1649/1649
f 1652/1652 1649/1649 1648/1648
f 1649/1649 1654/1654 1655/1655
f 1649/1649 1655/1655 1650/1650
f 1654/1654 1656/1656 1657/1657
f 1654/1654 1657/1657 1655/1655
f 1656/1656 1658/1658 1659/1659
f 1656/1656 1659/1659 1657/1657
f 1660/1660 1661/1661 1662/1662
f 1660/1660 1662/1662 1663/1663
f 1664/1664 1665/1665 1666/1666
f 1664/1664 1666/1666 1667/1667
f 1668/1668 1669/1669 1670/1670
f 1668/1668 1670/1670 1671/1671
f 1672/1672 1668/1668 1671/1671
f 1672/1672 1671/1671 1673/1673
f 1636/1636 1647/1647 1674/1674
f 1636/1636 1674/1674 1637/1637
f 1675/1675 1676/1676 1677/1677
f 1675/1675 1677/1677 1678/1678
f 1647/1647 1679/1679 1680/1680
f 1647/1647 1680/1680 1674/1674
f 1681/1681 1682/1682 1683/1683
f 1681/1681 1683/1683 1684/1684
f 1679/1679 1685/1685 1686/1686
f 1679/1679 1686/1686 1680/1680
f 1687/1687 1688/1688 1689/1689
f 1687/1687 1689/1689 1690/1690
f 1691/1691 1692/1692 1693/1693
f 1691/1691 1693/1693 1694/1694
f 1695/1695 1691/1691 1694/1694
f 1695/1695 1694/1694 1696/1696
f 1688/1688 1697/1697 1664/1664
f 1688/1688 1664/1664 1689/1689
f 1697/1697 1698/1698 1665/1665
f 1697/1697 1665/1665 1664/1664
f 1698/1698 1699/1699 1700/1700
f 1698/1698 1700/1700 1665/1665
f 1689/1689 1664/1664 1667/1667
f 1689/1689 1667/1667 1701/1701
f 1699/1699 1702/1702 1703/1703
f 1699/1699 1703/1703 1700/1700
f 1690/1690 1689/1689 1701/1701
f 1690/1690 1701/1701 1704/1704
f 1702/1702 1684/1684 1705/1705
f 1702/1702 1705/1705 1703/1703
f 1704/1704 1701/1701 1706/1706
f 1704/1704 1706/1706 1707/1707
f 1701/1701 1667/1667 1708/1708
f 1701/1701 1708/1708 1706/1706
f 1667/1667 1666/1666 1709/1709
f 1667/1667 1709/1709 1708/1708
f 1666/1666 1710/1710 1711/1711
f 1666/1666 1711/1711 1709/1709
f 1712/1712 1713/1713 1714/1714
f 1712/1712 1714/1714 1715/1715
f 1713/1713 1716/1716 1717/1717
f 1713/1713 1717/1717 1714/1714
f 1711/1711 1718/1718 1719/1719
f 1711/1711 1719/1719 1720/1720
f 1638/1638 1637/1637 1688/1688
f 1638/1638 1688/1688 1687/1687
f 1721/1721 1695/1695 1696/1696
f 1721/1721 1696/1696 1722/1722
f 1723/1723 1721/1721 1722/1722
f 1723/1723 1722/1722 1724/1724
f 1662/1662 1723/1723 1724/1724
f 1662/1662 1724/1724 1725/1725
f 1663/1663 1662/1662 1725/1725
f 1663/1663 1725/1725 1726/1726
f 1657/1657 1659/1659 1727/1727
f 1657/1657 1727/1727 1728/1728
f 1655/1655 1657/1657 1728/1728
f 1655/1655 1728/1728 1729/1729
f 1650/1650 1655/1655 1729/1729
f 1650/1650 1729/1729 1730/1730
f 1651/1651 1650/1650 1730/1730
f 1651/1651 1730/1730 1731/1731
f 1709/1709 1711/1711 1720/1720
f 1709/1709 1720/1720 1732/1732
f 1733/1733 1652/1652 1648/1648
f 1733/1733 1648/1648 1734/1734
f 1661/1661 1731/1731 1723/1723
f 1661/1661 1723/1723 1662/1662
f 1731/1731 1730/1730 1721/1721
f 1731/1731 1721/1721 1723/1723
f 1730/1730 1729/1729 1695/1695
f 1730/1730 1695/1695 1721/1721
f 1729/1729 1728/1728 1691/1691
f 1729/1729 1691/1691 1695/1695
f 1735/1735 1733/1733 1734/1734
f 1735/1735 1734/1734 1736/1736
f 1728/1728 1727/1727 1692/1692
f 1728/1728 1692/1692 1691/1691
f 1737/1737 1738/1738 1739/1739
f 1737/1737 1739/1739 1740/1740
f 1741/1741 1737/1737 1740/1740
f 1741/1741 1740/1740 1742/1742
f 1726/1726 1725/1725 1668/1668
f 1726/1726 1668/1668 1672/1672
f 1743/1743 1741/1741 1742/1742
f 1743/1743 1742/1742 1744/1744
f 1725/1725 1724/1724 1669/1669
f 1725/1725 1669/1669 1668/1668
f 1734/1734 1648/1648 1651/1651
f 1734/1734 1651/1651 1745/1745
f 1736/1736 1734/1734 1745/1745
f 1736/1736 1745/1745 1746/1746
f 1740/1740 1739/1739 1747/1747
f 1740/1740 1747/1747 1748/1748
f 1742/1742 1740/1740 1748/1748
f 1742/1742 1748/1748 1749/1749
f 1750/1750 1743/1743 1744/1744
f 1750/1750 1744/1744 1751/1751
f 1744/1744 1742/1742 1749/1749
f 1744/1744 1749/1749 1653/1653
f 1724/1724 1722/1722 1752/1752
f 1724/1724 1752/1752 1669/1669
f 1753/1753 1750/1750 1751/1751
f 1753/1753 1751/1751 1754/1754
f 1755/1755 1753/1753 1754/1754
f 1755/1755 1754/1754 1756/1756
f 1722/1722 1696/1696 1757/1757
f 1722/1722 1757/1757 1752/1752
f 1641/1641 1758/1758 1675/1675
f 1641/1641 1675/1675 1759/1759
f 1337/1337 1336/1336 1760/1760
f 1337/1337 1760/1760 1758/1758
f 1751/1751 1744/1744 1653/1653
f 1751/1751 1653/1653 1652/1652
f 1754/1754 1751/1751 1652/1652
f 1754/1754 1652/1652 1733/1733
f 1756/1756 1754/1754 1733/1733
f 1756/1756 1733/1733 1735/1735
f 1761/1761 1762/1762 1738/1738
f 1761/1761 1738/1738 1737/1737
f 1758/1758 1760/1760 1676/1676
f 1758/1758 1676/1676 1675/1675
f 1763/1763 1761/1761 1737/1737
f 1763/1763 1737/1737 1741/1741
f 1764/1764 1763/1763 1741/1741
f 1764/1764 1741/1741 1743/1743
f 1678/1678 1677/1677 1682/1682
f 1678/1678 1682/1682 1681/1681
f 1401/1401 1337/1337 1758/1758
f 1401/1401 1758/1758 1641/1641
f 1765/1765 1764/1764 1743/1743
f 1765/1765 1743/1743 1750/1750
f 1696/1696 1694/1694 1766/1766
f 1696/1696 1766/1766 1757/1757
f 1767/1767 1765/1765 1750/1750
f 1767/1767 1750/1750 1753/1753
f 1768/1768 1769/1769 1770/1770
f 1768/1768 1770/1770 1771/1771
f 1772/1772 1768/1768 1771/1771
f 1772/1772 1771/1771 1773/1773
f 1774/1774 1767/1767 1753/1753
f 1774/1774 1753/1753 1755/1755
f 1775/1775 1776/1776 1762/1762
f 1775/1775 1762/1762 1761/1761
f 1777/1777 1778/1778 1776/1776
f 1777/1777 1776/1776 1775/1775
f 1779/1779 1775/1775 1761/1761
f 1779/1779 1761/1761 1763/1763
f 1780/1780 1772/1772 1773/1773
f 1780/1780 1773/1773 1781/1781
f 1782/1782 1780/1780 1781/1781
f 1782/1782 1781/1781 1783/1783
f 1784/1784 1777/1777 1775/1775
f 1784/1784 1775/1775 1779/1779
f 1785/1785 1784/1784 1779/1779
f 1785/1785 1779/1779 1786/1786
f 1694/1694 1693/1693 1787/1787
f 1694/1694 1787/1787 1766/1766
f 1717/1717 1785/1785 1786/1786
f 1717/1717 1786/1786 1788/1788
f 1714/1714 1717/1717 1788/1788
f 1714/1714 1788/1788 1789/1789
f 1759/1759 1675/1675 1678/1678
f 1759/1759 1678/1678 1790/1790
f 1642/1642 1641/1641 1759/1759
f 1642/1642 1759/1759 1791/1791
f 1632/1632 1642/1642 1791/1791
f 1632/1632 1791/1791 1633/1633
f 1718/1718 1792/1792 1793/1793
f 1718/1718 1793/1793 1719/1719
f 1727/1727 1794/1794 1795/1795
f 1727/1727 1795/1795 1692/1692
f 1673/1673 1671/1671 1780/1780
f 1673/1673 1780/1780 1782/1782
f 1658/1658 1796/1796 1797/1797
f 1658/1658 1797/1797 1659/1659
f 1739/1739 1798/1798 1799/1799
f 1739/1739 1799/1799 1747/1747
f 1762/1762 1800/1800 1801/1801
f 1762/1762 1801/1801 1738/1738
f 1778/1778 1802/1802 1803/1803
f 1778/1778 1803/1803 1776/1776
f 1792/1792 1804/1804 1805/1805
f 1792/1792 1805/1805 1793/1793
f 1705/1705 1806/1806 1807/1807
f 1705/1705 1807/1807 1808/1808
f 1692/1692 1795/1795 1809/1809
f 1692/1692 1809/1809 1693/1693
f 1659/1659 1797/1797 1794/1794
f 1659/1659 1794/1794 1727/1727
f 1745/1745 1651/1651 1731/1731
f 1745/1745 1731/1731 1661/1661
f 1637/1637 1674/1674 1697/1697
f 1637/1637 1697/1697 1688/1688
f 1710/1710 1810/1810 1718/1718
f 1710/1710 1718/1718 1711/1711
f 1674/1674 1680/1680 1698/1698
f 1674/1674 1698/1698 1697/1697
f 1680/1680 1686/1686 1699/1699
f 1680/1680 1699/1699 1698/1698
f 1686/1686 1811/1811 1702/1702
f 1686/1686 1702/1702 1699/1699
f 1811/1811 1681/1681 1684/1684
f 1811/1811 1684/1684 1702/1702
f 1715/1715 1714/1714 1789/1789
f 1715/1715 1789/1789 1812/1812
f 1708/1708 1709/1709 1732/1732
f 1708/1708 1732/1732 1716/1716
f 1786/1786 1779/1779 1763/1763
f 1786/1786 1763/1763 1764/1764
f 1788/1788 1786/1786 1764/1764
f 1788/1788 1764/1764 1765/1765
f 1789/1789 1788/1788 1765/1765
f 1789/1789 1765/1765 1767/1767
f 1773/1773 1771/1771 1813/1813
f 1773/1773 1813/1813 1814/1814
f 1781/1781 1773/1773 1814/1814
f 1781/1781 1814/1814 1815/1815
f 1812/1812 1789/1789 1767/1767
f 1812/1812 1767/1767 1774/1774
f 1816/1816 1817/1817 1818/1818
f 1816/1816 1818/1818 1769/1769
f 1819/1819 1816/1816 1769/1769
f 1819/1819 1769/1769 1768/1768
f 1746/1746 1745/1745 1661/1661
f 1746/1746 1661/1661 1660/1660
f 1719/1719 1793/1793 1778/1778
f 1719/1719 1778/1778 1777/1777
f 1720/1720 1719/1719 1777/1777
f 1720/1720 1777/1777 1784/1784
f 1670/1670 1819/1819 1768/1768
f 1670/1670 1768/1768 1772/1772
f 1732/1732 1720/1720 1784/1784
f 1732/1732 1784/1784 1785/1785
f 1716/1716 1732/1732 1785/1785
f 1716/1716 1785/1785 1717/1717
f 1810/1810 1808/1808 1792/1792
f 1810/1810 1792/1792 1718/1718
f 1748/1748 1747/1747 1658/1658
f 1748/1748 1658/1658 1656/1656
f 1749/1749 1748/1748 1656/1656
f 1749/1749 1656/1656 1654/1654
f 1653/1653 1749/1749 1654/1654
f 1653/1653 1654/1654 1649/1649
f 1669/1669 1752/1752 1819/1819
f 1669/1669 1819/1819 1670/1670
f 1665/1665 1700/1700 1710/1710
f 1665/1665 1710/1710 1666/1666
f 1700/1700 1703/1703 1810/1810
f 1700/1700 1810/1810 1710/1710
f 1707/1707 1706/1706 1713/1713
f 1707/1707 1713/1713 1712/1712
f 1706/1706 1708/1708 1716/1716
f 1706/1706 1716/1716 1713/1713
f 1790/1790 1678/1678 1681/1681
f 1790/1790 1681/1681 1811/1811
f 1685/1685 1790/1790 1811/1811
f 1685/1685 1811/1811 1686/1686
f 1634/1634 1633/1633 1679/1679
f 1634/1634 1679/1679 1647/1647
f 1703/1703 1705/1705 1808/1808
f 1703/1703 1808/1808 1810/1810
f 1684/1684 1683/1683 1806/1806
f 1684/1684 1806/1806 1705/1705
f 1808/1808 1807/1807 1804/1804
f 1808/1808 1804/1804 1792/1792
f 1633/1633 1791/1791 1685/1685
f 1633/1633 1685/1685 1679/1679
f 1793/1793 1805/1805 1802/1802
f 1793/1793 1802/1802 1778/1778
f 1776/1776 1803/1803 1800/1800
f 1776/1776 1800/1800 1762/1762
f 1738/1738 1801/1801 1798/1798
f 1738/1738 1798/1798 1739/1739
f 1752/1752 1757/1757 1816/1816
f 1752/1752 1816/1816 1819/1819
f 1757/1757 1766/1766 1817/1817
f 1757/1757 1817/1817 1816/1816
f 1791/1791 1759/1759 1790/1790
f 1791/1791 1790/1790 1685/1685
f 1671/1671 1670/1670 1772/1772
f 1671/1671 1772/1772 1780/1780
f 1747/1747 1799/1799 1796/1796
f 1747/1747 1796/1796 1658/1658
f 1815/1815 1814/1814 1820/1820
f 1815/1815 1820/1820 1821/1821
f 1822/1822 1815/1815 1821/1821
f 1822/1822 1821/1821 1823/1823
f 1783/1783 1781/1781 1815/1815
f 1783/1783 1815/1815 1822/1822
f 1824/1824 1825/1825 1826/1826
f 1824/1824 1826/1826 1827/1827
f 1825/1825 1828/1828 1829/1829
f 1825/1825 1829/1829 1826/1826
f 1830/1830 1831/1831 1832/1832
f 1830/1830 1832/1832 1833/1833
f 1831/1831 1834/1834 1835/1835
f 1831/1831 1835/1835 1832/1832
f 1817/1817 1836/1836 1837/1837
f 1817/1817 1837/1837 1818/1818
f 1770/1770 1838/1838 1825/1825
f 1770/1770 1825/1825 1824/1824
f 1835/1835 1839/1839 1840/1840
f 1835/1835 1840/1840 1841/1841
f 1829/1829 1842/1842 1843/1843
f 1829/1829 1843/1843 1834/1834
f 1844/1844 1845/1845 1846/1846
f 1844/1844 1846/1846 1828/1828
f 1836/1836 1847/1847 1848/1848
f 1836/1836 1848/1848 1837/1837
f 1693/1693 1809/1809 1849/1849
f 1693/1693 1849/1849 1787/1787
f 1838/1838 1844/1844 1828/1828
f 1838/1838 1828/1828 1825/1825
f 1834/1834 1843/1843 1839/1839
f 1834/1834 1839/1839 1835/1835
f 1841/1841 1840/1840 1850/1850
f 1841/1841 1850/1850 1851/1851
f 1769/1769 1818/1818 1838/1838
f 1769/1769 1838/1838 1770/1770
f 1771/1771 1770/1770 1824/1824
f 1771/1771 1824/1824 1813/1813
f 1828/1828 1846/1846 1842/1842
f 1828/1828 1842/1842 1829/1829
f 1837/1837 1848/1848 1845/1845
f 1837/1837 1845/1845 1844/1844
f 1852/1852 1827/1827 1830/1830
f 1852/1852 1830/1830 1853/1853
f 1826/1826 1829/1829 1834/1834
f 1826/1826 1834/1834 1831/1831
f 1766/1766 1787/1787 1836/1836
f 1766/1766 1836/1836 1817/1817
f 1827/1827 1826/1826 1831/1831
f 1827/1827 1831/1831 1830/1830
f 1787/1787 1849/1849 1847/1847
f 1787/1787 1847/1847 1836/1836
f 1832/1832 1835/1835 1841/1841
f 1832/1832 1841/1841 1854/1854
f 1818/1818 1837/1837 1844/1844
f 1818/1818 1844/1844 1838/1838
f 1814/1814 1813/1813 1852/1852
f 1814/1814 1852/1852 1820/1820
f 1813/1813 1824/1824 1827/1827
f 1813/1813 1827/1827 1852/1852
f 1855/1855 1856/1856 1857/1857
f 1855/1855 1857/1857 1858/1858
f 1859/1859 1860/1860 1861/1861
f 1859/1859 1861/1861 1862/1862
f 1863/1863 1859/1859 1862/1862
f 1863/1863 1862/1862 1864/1864
f 1865/1865 1866/1866 1867/1867
f 1865/1865 1867/1867 1868/1868
f 1869/1869 1865/1865 1868/1868
f 1869/1869 1868/1868 1870/1870
f 1871/1871 1855/1855 1858/1858
f 1871/1871 1858/1858 1872/1872
f 1873/1873 1871/1871 1872/1872
f 1873/1873 1872/1872 1874/1874
f 1875/1875 1873/1873 1874/1874
f 1875/1875 1874/1874 1876/1876
f 1877/1877 1875/1875 1876/1876
f 1877/1877 1876/1876 1878/1878
f 1879/1879 1880/1880 1881/1881
f 1879/1879 1881/1881 1882/1882
f 1883/1883 1884/1884 1885/1885
f 1883/1883 1885/1885 1886/1886
f 1887/1887 1888/1888 1889/1889
f 1887/1887 1889/1889 1890/1890
f 1890/1890 1889/1889 1880/1880
f 1890/1890 1880/1880 1879/1879
f 1851/1851 1850/1850 1891/1891
f 1851/1851 1891/1891 1892/1892
f 1882/1882 1881/1881 1884/1884
f 1882/1882 1884/1884 1883/1883
f 1886/1886 1885/1885 1893/1893
f 1886/1886 1893/1893 1894/1894
f 1895/1895 1886/1886 1894/1894
f 1895/1895 1894/1894 1896/1896
f 1897/1897 1895/1895 1896/1896
f 1897/1897 1896/1896 1898/1898
f 1867/1867 1897/1897 1898/1898
f 1867/1867 1898/1898 1899/1899
f 1900/1900 1901/1901 1902/1902
f 1900/1900 1902/1902 1903/1903
f 1854/1854 1841/1841 1851/1851
f 1854/1854 1851/1851 1904/1904
f 1905/1905 1854/1854 1904/1904
f 1905/1905 1904/1904 1906/1906
f 1907/1907 1905/1905 1906/1906
f 1907/1907 1906/1906 1908/1908
f 1909/1909 1907/1907 1908/1908
f 1909/1909 1908/1908 1910/1910
f 1911/1911 1909/1909 1910/1910
f 1911/1911 1910/1910 1912/1912
f 1913/1913 1869/1869 1870/1870
f 1913/1913 1870/1870 1914/1914
f 1902/1902 1879/1879 1882/1882
f 1902/1902 1882/1882 1915/1915
f 1903/1903 1902/1902 1915/1915
f 1903/1903 1915/1915 1916/1916
f 1917/1917 1903/1903 1916/1916
f 1917/1917 1916/1916 1918/1918
f 1919/1919 1917/1917 1918/1918
f 1919/1919 1918/1918 1920/1920
f 1901/1901 1890/1890 1879/1879
f 1901/1901 1879/1879 1902/1902
f 1921/1921 1912/1912 1922/1922
f 1921/1921 1922/1922 1923/1923
f 1912/1912 1910/1910 1924/1924
f 1912/1912 1924/1924 1922/1922
f 1925/1925 1919/1919 1920/1920
f 1925/1925 1920/1920 1926/1926
f 1927/1927 1911/1911 1912/1912
f 1927/1927 1912/1912 1921/1921
f 1928/1928 1925/1925 1926/1926
f 1928/1928 1926/1926 1929/1929
f 1892/1892 1891/1891 1888/1888
f 1892/1892 1888/1888 1887/1887
f 1910/1910 1908/1908 1930/1930
f 1910/1910 1930/1930 1924/1924
f 1931/1931 1932/1932 1901/1901
f 1931/1931 1901/1901 1900/1900
f 1933/1933 1931/1931 1900/1900
f 1933/1933 1900/1900 1934/1934
f 1935/1935 1933/1933 1934/1934
f 1935/1935 1934/1934 1936/1936
f 1932/1932 1887/1887 1890/1890
f 1932/1932 1890/1890 1901/1901
f 1937/1937 1938/1938 1939/1939
f 1937/1937 1939/1939 1940/1940
f 1941/1941 1935/1935 1936/1936
f 1941/1941 1936/1936 1942/1942
f 1894/1894 1893/1893 1938/1938
f 1894/1894 1938/1938 1937/1937
f 1943/1943 1941/1941 1942/1942
f 1943/1943 1942/1942 1944/1944
f 1944/1944 1942/1942 1925/1925
f 1944/1944 1925/1925 1928/1928
f 1940/1940 1939/1939 1945/1945
f 1940/1940 1945/1945 1946/1946
f 1942/1942 1936/1936 1919/1919
f 1942/1942 1919/1919 1925/1925
f 1936/1936 1934/1934 1917/1917
f 1936/1936 1917/1917 1919/1919
f 1934/1934 1900/1900 1903/1903
f 1934/1934 1903/1903 1917/1917
f 1874/1874 1872/1872 1947/1947
f 1874/1874 1947/1947 1948/1948
f 1872/1872 1858/1858 1949/1949
f 1872/1872 1949/1949 1947/1947
f 1858/1858 1857/1857 1950/1950
f 1858/1858 1950/1950 1949/1949
f 1951/1951 1952/1952 1953/1953
f 1951/1951 1953/1953 1954/1954
f 1952/1952 1948/1948 1955/1955
f 1952/1952 1955/1955 1953/1953
f 1948/1948 1947/1947 1956/1956
f 1948/1948 1956/1956 1955/1955
f 1857/1857 1940/1940 1946/1946
f 1857/1857 1946/1946 1950/1950
f 1947/1947 1949/1949 1957/1957
f 1947/1947 1957/1957 1956/1956
f 1949/1949 1950/1950 1958/1958
f 1949/1949 1958/1958 1957/1957
f 1959/1959 1883/1883 1886/1886
f 1959/1959 1886/1886 1895/1895
f 1960/1960 1961/1961 1875/1875
f 1960/1960 1875/1875 1877/1877
f 1961/1961 1962/1962 1873/1873
f 1961/1961 1873/1873 1875/1875
f 1962/1962 1899/1899 1871/1871
f 1962/1962 1871/1871 1873/1873
f 1899/1899 1898/1898 1855/1855
f 1899/1899 1855/1855 1871/1871
f 1898/1898 1896/1896 1856/1856
f 1898/1898 1856/1856 1855/1855
f 1896/1896 1894/1894 1937/1937
f 1896/1896 1937/1937 1856/1856
f 1878/1878 1876/1876 1952/1952
f 1878/1878 1952/1952 1951/1951
f 1876/1876 1874/1874 1948/1948
f 1876/1876 1948/1948 1952/1952
f 1856/1856 1937/1937 1940/1940
f 1856/1856 1940/1940 1857/1857
f 1963/1963 1959/1959 1895/1895
f 1963/1963 1895/1895 1897/1897
f 1853/1853 1830/1830 1833/1833
f 1853/1853 1833/1833 1964/1964
f 1860/1860 1853/1853 1964/1964
f 1860/1860 1964/1964 1861/1861
f 1866/1866 1963/1963 1897/1897
f 1866/1866 1897/1897 1867/1867
f 1833/1833 1832/1832 1854/1854
f 1833/1833 1854/1854 1905/1905
f 1964/1964 1833/1833 1905/1905
f 1964/1964 1905/1905 1907/1907
f 1915/1915 1882/1882 1883/1883
f 1915/1915 1883/1883 1959/1959
f 1923/1923 1922/1922 1941/1941
f 1923/1923 1941/1941 1943/1943
f 1922/1922 1924/1924 1935/1935
f 1922/1922 1935/1935 1941/1941
f 1861/1861 1964/1964 1907/1907
f 1861/1861 1907/1907 1909/1909
f 1862/1862 1861/1861 1909/1909
f 1862/1862 1909/1909 1911/1911
f 1864/1864 1862/1862 1911/1911
f 1864/1864 1911/1911 1927/1927
f 1916/1916 1915/1915 1959/1959
f 1916/1916 1959/1959 1963/1963
f 1918/1918 1916/1916 1963/1963
f 1918/1918 1963/1963 1866/1866
f 1920/1920 1918/1918 1866/1866
f 1920/1920 1866/1866 1865/1865
f 1924/1924 1930/1930 1933/1933
f 1924/1924 1933/1933 1935/1935
f 1930/1930 1965/1965 1931/1931
f 1930/1930 1931/1931 1933/1933
f 1965/1965 1966/1966 1932/1932
f 1965/1965 1932/1932 1931/1931
f 1820/1820 1852/1852 1853/1853
f 1820/1820 1853/1853 1860/1860
f 1914/1914 1870/1870 1961/1961
f 1914/1914 1961/1961 1960/1960
f 1966/1966 1892/1892 1887/1887
f 1966/1966 1887/1887 1932/1932
f 1926/1926 1920/1920 1865/1865
f 1926/1926 1865/1865 1869/1869
f 1929/1929 1926/1926 1869/1869
f 1929/1929 1869/1869 1913/1913
f 1904/1904 1851/1851 1892/1892
f 1904/1904 1892/1892 1966/1966
f 1821/1821 1820/1820 1860/1860
f 1821/1821 1860/1860 1859/1859
f 1906/1906 1904/1904 1966/1966
f 1906/1906 1966/1966 1965/1965
f 1823/1823 1821/1821 1859/1859
f 1823/1823 1859/1859 1863/1863
f 1870/1870 1868/1868 1962/1962
f 1870/1870 1962/1962 1961/1961
f 1868/1868 1867/1867 1899/1899
f 1868/1868 1899/1899 1962/1962
f 1908/1908 1906/1906 1965/1965
f 1908/1908 1965/1965 1930/1930
f 1967/1967 1968/1968 1969/1969
f 1967/1967 1969/1969 1970/1970
f 1971/1971 1967/1967 1970/1970
f 1971/1971 1970/1970 1972/1972
f 1958/1958 1973/1973 1974/1974
f 1958/1958 1974/1974 1975/1975
f 1976/1976 1977/1977 1978/1978
f 1976/1976 1978/1978 1979/1979
f 1980/1980 1981/1981 1982/1982
f 1980/1980 1982/1982 1983/1983
f 1978/1978 1984/1984 1985/1985
f 1978/1978 1985/1985 1986/1986
f 1981/1981 1987/1987 1988/1988
f 1981/1981 1988/1988 1982/1982
f 1989/1989 1986/1986 1990/1990
f 1989/1989 1990/1990 1991/1991
f 1979/1979 1978/1978 1986/1986
f 1979/1979 1986/1986 1989/1989
f 1992/1992 1976/1976 1979/1979
f 1992/1992 1979/1979 1993/1993
f 1994/1994 1992/1992 1993/1993
f 1994/1994 1993/1993 1995/1995
f 1996/1996 1997/1997 1998/1998
f 1996/1996 1998/1998 1999/1999
f 1993/1993 1979/1979 1989/1989
f 1993/1993 1989/1989 2000/2000
f 1995/1995 1993/1993 2000/2000
f 1995/1995 2000/2000 2001/2001
f 2002/2002 1995/1995 2001/2001
f 2002/2002 2001/2001 2003/2003
f 2004/2004 2002/2002 2003/2003
f 2004/2004 2003/2003 2005/2005
f 1987/1987 2006/2006 2007/2007
f 1987/1987 2007/2007 1988/1988
f 2006/2006 2008/2008 2009/2009
f 2006/2006 2009/2009 2007/2007
f 2009/2009 2010/2010 2011/2011
f 2009/2009 2011/2011 2012/2012
f 2013/2013 2014/2014 2015/2015
f 2013/2013 2015/2015 2016/2016
f 2010/2010 2016/2016 2017/2017
f 2010/2010 2017/2017 2011/2011
f 2018/2018 2019/2019 2020/2020
f 2018/2018 2020/2020 2021/2021
f 2019/2019 2022/2022 2023/2023
f 2019/2019 2023/2023 2020/2020
f 2022/2022 2024/2024 2025/2025
f 2022/2022 2025/2025 2023/2023
f 2024/2024 2026/2026 2027/2027
f 2024/2024 2027/2027 2025/2025
f 2026/2026 2028/2028 2029/2029
f 2026/2026 2029/2029 2027/2027
f 1974/1974 2030/2030 2031/2031
f 1974/1974 2031/2031 2032/2032
f 1946/1946 1945/1945 2033/2033
f 1946/1946 2033/2033 1973/1973
f 2011/2011 2017/2017 1996/1996
f 2011/2011 1996/1996 2028/2028
f 2012/2012 2011/2011 2028/2028
f 2012/2012 2028/2028 2026/2026
f 2034/2034 2035/2035 2036/2036
f 2034/2034 2036/2036 2037/2037
f 2038/2038 2012/2012 2026/2026
f 2038/2038 2026/2026 2024/2024
f 2039/2039 2038/2038 2024/2024
f 2039/2039 2024/2024 2022/2022
f 2021/2021 2020/2020 2040/2040
f 2021/2021 2040/2040 2041/2041
f 2042/2042 2043/2043 1968/1968
f 2042/2042 1968/1968 1967/1967
f 2020/2020 2023/2023 1994/1994
f 2020/2020 1994/1994 2040/2040
f 2023/2023 2025/2025 1992/1992
f 2023/2023 1992/1992 1994/1994
f 2025/2025 2027/2027 1976/1976
f 2025/2025 1976/1976 1992/1992
f 2027/2027 2029/2029 1977/1977
f 2027/2027 1977/1977 1976/1976
f 1977/1977 2044/2044 1984/1984
f 1977/1977 1984/1984 1978/1978
f 2045/2045 2046/2046 2006/2006
f 2045/2045 2006/2006 1987/1987
f 2017/2017 2047/2047 1997/1997
f 2017/2017 1997/1997 1996/1996
f 2046/2046 2048/2048 2008/2008
f 2046/2046 2008/2008 2006/2006
f 2048/2048 2049/2049 2050/2050
f 2048/2048 2050/2050 2008/2008
f 2049/2049 2032/2032 2013/2013
f 2049/2049 2013/2013 2050/2050
f 2051/2051 2037/2037 2052/2052
f 2051/2051 2052/2052 2053/2053
f 1983/1983 1982/1982 2054/2054
f 1983/1983 2054/2054 2055/2055
f 1982/1982 1988/1988 2039/2039
f 1982/1982 2039/2039 2054/2054
f 1988/1988 2007/2007 2038/2038
f 1988/1988 2038/2038 2039/2039
f 2007/2007 2009/2009 2012/2012
f 2007/2007 2012/2012 2038/2038
f 2029/2029 1999/1999 2044/2044
f 2029/2029 2044/2044 1977/1977
f 2037/2037 2036/2036 2056/2056
f 2037/2037 2056/2056 2052/2052
f 2057/2057 2058/2058 2035/2035
f 2057/2057 2035/2035 2034/2034
f 2054/2054 2039/2039 2022/2022
f 2054/2054 2022/2022 2019/2019
f 2005/2005 2003/2003 2059/2059
f 2005/2005 2059/2059 2060/2060
f 2055/2055 2054/2054 2019/2019
f 2055/2055 2019/2019 2018/2018
f 1985/1985 2061/2061 2062/2062
f 1985/1985 2062/2062 2063/2063
f 2063/2063 2062/2062 2058/2058
f 2063/2063 2058/2058 2057/2057
f 2003/2003 2001/2001 2064/2064
f 2003/2003 2064/2064 2059/2059
f 1984/1984 2065/2065 2061/2061
f 1984/1984 2061/2061 1985/1985
f 2001/2001 2000/2000 2066/2066
f 2001/2001 2066/2066 2064/2064
f 2028/2028 1996/1996 1999/1999
f 2028/2028 1999/1999 2029/2029
f 2041/2041 2040/2040 2002/2002
f 2041/2041 2002/2002 2004/2004
f 2000/2000 1989/1989 1991/1991
f 2000/2000 1991/1991 2066/2066
f 2043/2043 2067/2067 2068/2068
f 2043/2043 2068/2068 1968/1968
f 2050/2050 2013/2013 2016/2016
f 2050/2050 2016/2016 2010/2010
f 1999/1999 1998/1998 2069/2069
f 1999/1999 2069/2069 2044/2044
f 2008/2008 2050/2050 2010/2010
f 2008/2008 2010/2010 2009/2009
f 2040/2040 1994/1994 1995/1995
f 2040/2040 1995/1995 2002/2002
f 2044/2044 2069/2069 2065/2065
f 2044/2044 2065/2065 1984/1984
f 2070/2070 2071/2071 2072/2072
f 2070/2070 2072/2072 2073/2073
f 2071/2071 2074/2074 2045/2045
f 2071/2071 2045/2045 2072/2072
f 1973/1973 2033/2033 2030/2030
f 1973/1973 2030/2030 1974/1974
f 2074/2074 2075/2075 2046/2046
f 2074/2074 2046/2046 2045/2045
f 2075/2075 2076/2076 2048/2048
f 2075/2075 2048/2048 2046/2046
f 1950/1950 1946/1946 1973/1973
f 1950/1950 1973/1973 1958/1958
f 2032/2032 2031/2031 2014/2014
f 2032/2032 2014/2014 2013/2013
f 2072/2072 2045/2045 1987/1987
f 2072/2072 1987/1987 1981/1981
f 2076/2076 1975/1975 2049/2049
f 2076/2076 2049/2049 2048/2048
f 2016/2016 2015/2015 2047/2047
f 2016/2016 2047/2047 2017/2017
f 1975/1975 1974/1974 2032/2032
f 1975/1975 2032/2032 2049/2049
f 1956/1956 1957/1957 2076/2076
f 1956/1956 2076/2076 2075/2075
f 1955/1955 1956/1956 2075/2075
f 1955/1955 2075/2075 2074/2074
f 1990/1990 2063/2063 2057/2057
f 1990/1990 2057/2057 2077/2077
f 1991/1991 1990/1990 2077/2077
f 1991/1991 2077/2077 2067/2067
f 1953/1953 1955/1955 2074/2074
f 1953/1953 2074/2074 2071/2071
f 1954/1954 1953/1953 2071/2071
f 1954/1954 2071/2071 2070/2070
f 2073/2073 2072/2072 1981/1981
f 2073/2073 1981/1981 1980/1980
f 2078/2078 2079/2079 1971/1971
f 2078/2078 1971/1971 2080/2080
f 2066/2066 1991/1991 2067/2067
f 2066/2066 2067/2067 2043/2043
f 2064/2064 2066/2066 2043/2043
f 2064/2064 2043/2043 2042/2042
f 1986/1986 1985/1985 2063/2063
f 1986/1986 2063/2063 1990/1990
f 2067/2067 2077/2077 2081/2081
f 2067/2067 2081/2081 2068/2068
f 2059/2059 2064/2064 2042/2042
f 2059/2059 2042/2042 2079/2079
f 2060/2060 2059/2059 2079/2079
f 2060/2060 2079/2079 2078/2078
f 2077/2077 2057/2057 2034/2034
f 2077/2077 2034/2034 2081/2081
f 2079/2079 2042/2042 1967/1967
f 2079/2079 1967/1967 1971/1971
f 1957/1957 1958/1958 1975/1975
f 1957/1957 1975/1975 2076/2076
f 2081/2081 2034/2034 2037/2037
f 2081/2081 2037/2037 2051/2051
f 2068/2068 2081/2081 2051/2051
f 2068/2068 2051/2051 2082/2082
f 1968/1968 2068/2068 2082/2082
f 1968/1968 2082/2082 1969/1969
f 2083/2083 2084/2084 2085/2085
f 2083/2083 2085/2085 2086/2086
f 2087/2087 2088/2088 2089/2089
f 2087/2087 2089/2089 2090/2090
f 2088/2088 2091/2091 2092/2092
f 2088/2088 2092/2092 2089/2089
f 2093/2093 2087/2087 2090/2090
f 2093/2093 2090/2090 2094/2094
f 2091/2091 2095/2095 2096/2096
f 2091/2091 2096/2096 2092/2092
f 2095/2095 2097/2097 2098/2098
f 2095/2095 2098/2098 2096/2096
f 2097/2097 2099/2099 2100/2100
f 2097/2097 2100/2100 2098/2098
f 2101/2101 2102/2102 2103/2103
f 2101/2101 2103/2103 2104/2104
f 2105/2105 2106/2106 2107/2107
f 2105/2105 2107/2107 2108/2108
f 2106/2106 2109/2109 2110/2110
f 2106/2106 2110/2110 2107/2107
f 2111/2111 2112/2112 2113/2113
f 2111/2111 2113/2113 2114/2114
f 2109/2109 2115/2115 2116/2116
f 2109/2109 2116/2116 2110/2110
f 2117/2117 2111/2111 2114/2114
f 2117/2117 2114/2114 2118/2118
f 2115/2115 2117/2117 2118/2118
f 2115/2115 2118/2118 2116/2116
f 2119/2119 2120/2120 2121/2121
f 2119/2119 2121/2121 2122/2122
f 2120/2120 2123/2123 2124/2124
f 2120/2120 2124/2124 2121/2121
f 2125/2125 2126/2126 2127/2127
f 2125/2125 2127/2127 2128/2128
f 2129/2129 2130/2130 2131/2131
f 2129/2129 2131/2131 2132/2132
f 2133/2133 2134/2134 2135/2135
f 2133/2133 2135/2135 2136/2136
f 2137/2137 2138/2138 2139/2139
f 2137/2137 2139/2139 2140/2140
f 2141/2141 2142/2142 2143/2143
f 2141/2141 2143/2143 2144/2144
f 2145/2145 2133/2133 2136/2136
f 2145/2145 2136/2136 2146/2146
f 2123/2123 2145/2145 2146/2146
f 2123/2123 2146/2146 2124/2124
f 2147/2147 2148/2148 2149/2149
f 2147/2147 2149/2149 2150/2150
f 2151/2151 2152/2152 2153/2153
f 2151/2151 2153/2153 2154/2154
f 2152/2152 2119/2119 2122/2122
f 2152/2152 2122/2122 2153/2153
f 2155/2155 2156/2156 2119/2119
f 2155/2155 2119/2119 2152/2152
f 2156/2156 2157/2157 2120/2120
f 2156/2156 2120/2120 2119/2119
f 2157/2157 2158/2158 2123/2123
f 2157/2157 2123/2123 2120/2120
f 2158/2158 2159/2159 2145/2145
f 2158/2158 2145/2145 2123/2123
f 2159/2159 2132/2132 2133/2133
f 2159/2159 2133/2133 2145/2145
f 2160/2160 2161/2161 2158/2158
f 2160/2160 2158/2158 2157/2157
f 2162/2162 2160/2160 2157/2157
f 2162/2162 2157/2157 2156/2156
f 2163/2163 2162/2162 2156/2156
f 2163/2163 2156/2156 2155/2155
f 2164/2164 2163/2163 2155/2155
f 2164/2164 2155/2155 2165/2165
f 2166/2166 2125/2125 2128/2128
f 2166/2166 2128/2128 2167/2167
f 2168/2168 2166/2166 2167/2167
f 2168/2168 2167/2167 2169/2169
f 2154/2154 2153/2153 2106/2106
f 2154/2154 2106/2106 2105/2105
f 2153/2153 2122/2122 2109/2109
f 2153/2153 2109/2109 2106/2106
f 2122/2122 2121/2121 2115/2115
f 2122/2122 2115/2115 2109/2109
f 2121/2121 2124/2124 2117/2117
f 2121/2121 2117/2117 2115/2115
f 2165/2165 2155/2155 2152/2152
f 2165/2165 2152/2152 2151/2151
f 2124/2124 2146/2146 2111/2111
f 2124/2124 2111/2111 2117/2117
f 2167/2167 2128/2128 2129/2129
f 2167/2167 2129/2129 2170/2170
f 2169/2169 2167/2167 2170/2170
f 2169/2169 2170/2170 2161/2161
f 2171/2171 2169/2169 2161/2161
f 2171/2171 2161/2161 2160/2160
f 2172/2172 2171/2171 2160/2160
f 2172/2172 2160/2160 2162/2162
f 2173/2173 2172/2172 2162/2162
f 2173/2173 2162/2162 2163/2163
f 2174/2174 2173/2173 2163/2163
f 2174/2174 2163/2163 2164/2164
f 2112/2112 2175/2175 2176/2176
f 2112/2112 2176/2176 2113/2113
f 2099/2099 2177/2177 2178/2178
f 2099/2099 2178/2178 2100/2100
f 2179/2179 2180/2180 2181/2181
f 2179/2179 2181/2181 2182/2182
f 2183/2183 2184/2184 2137/2137
f 2183/2183 2137/2137 2185/2185
f 2186/2186 2183/2183 2185/2185
f 2186/2186 2185/2185 2187/2187
f 2188/2188 2186/2186 2187/2187
f 2188/2188 2187/2187 2189/2189
f 2190/2190 2188/2188 2189/2189
f 2190/2190 2189/2189 2191/2191
f 2192/2192 2190/2190 2191/2191
f 2192/2192 2191/2191 2193/2193
f 2194/2194 2192/2192 2193/2193
f 2194/2194 2193/2193 2195/2195
f 2196/2196 2150/2150 2141/2141
f 2196/2196 2141/2141 2197/2197
f 2198/2198 2196/2196 2197/2197
f 2198/2198 2197/2197 2199/2199
f 2200/2200 2140/2140 2201/2201
f 2200/2200 2201/2201 2202/2202
f 2146/2146 2136/2136 2112/2112
f 2146/2146 2112/2112 2111/2111
f 2150/2150 2149/2149 2142/2142
f 2150/2150 2142/2142 2141/2141
f 2140/2140 2139/2139 2203/2203
f 2140/2140 2203/2203 2201/2201
f 2204/2204 2200/2200 2202/2202
f 2204/2204 2202/2202 2205/2205
f 2206/2206 2204/2204 2205/2205
f 2206/2206 2205/2205 2207/2207
f 2208/2208 2209/2209 2210/2210
f 2208/2208 2210/2210 2184/2184
f 2108/2108 2107/2107 2087/2087
f 2108/2108 2087/2087 2093/2093
f 2107/2107 2110/2110 2088/2088
f 2107/2107 2088/2088 2087/2087
f 2110/2110 2116/2116 2091/2091
f 2110/2110 2091/2091 2088/2088
f 2116/2116 2118/2118 2095/2095
f 2116/2116 2095/2095 2091/2091
f 2211/2211 2206/2206 2207/2207
f 2211/2211 2207/2207 2212/2212
f 2213/2213 2211/2211 2212/2212
f 2213/2213 2212/2212 2214/2214
f 2215/2215 2213/2213 2214/2214
f 2215/2215 2214/2214 2216/2216
f 2217/2217 2208/2208 2184/2184
f 2217/2217 2184/2184 2183/2183
f 2218/2218 2217/2217 2183/2183
f 2218/2218 2183/2183 2186/2186
f 2219/2219 2218/2218 2186/2186
f 2219/2219 2186/2186 2188/2188
f 2220/2220 2219/2219 2188/2188
f 2220/2220 2188/2188 2190/2190
f 2221/2221 2220/2220 2190/2190
f 2221/2221 2190/2190 2192/2192
f 2118/2118 2114/2114 2097/2097
f 2118/2118 2097/2097 2095/2095
f 2222/2222 2221/2221 2192/2192
f 2222/2222 2192/2192 2194/2194
f 2223/2223 2179/2179 2182/2182
f 2223/2223 2182/2182 2224/2224
f 2225/2225 2223/2223 2224/2224
f 2225/2225 2224/2224 2226/2226
f 2114/2114 2113/2113 2099/2099
f 2114/2114 2099/2099 2097/2097
f 2227/2227 2225/2225 2226/2226
f 2227/2227 2226/2226 2228/2228
f 2229/2229 2227/2227 2228/2228
f 2229/2229 2228/2228 2230/2230
f 2094/2094 2090/2090 2102/2102
f 2094/2094 2102/2102 2101/2101
f 2090/2090 2089/2089 2229/2229
f 2090/2090 2229/2229 2102/2102
f 2231/2231 2168/2168 2169/2169
f 2231/2231 2169/2169 2171/2171
f 2184/2184 2210/2210 2138/2138
f 2184/2184 2138/2138 2137/2137
f 2232/2232 2233/2233 2126/2126
f 2232/2232 2126/2126 2125/2125
f 2102/2102 2229/2229 2230/2230
f 2102/2102 2230/2230 2103/2103
f 2128/2128 2127/2127 2130/2130
f 2128/2128 2130/2130 2129/2129
f 2089/2089 2092/2092 2227/2227
f 2089/2089 2227/2227 2229/2229
f 2092/2092 2096/2096 2225/2225
f 2092/2092 2225/2225 2227/2227
f 2096/2096 2098/2098 2223/2223
f 2096/2096 2223/2223 2225/2225
f 2098/2098 2100/2100 2179/2179
f 2098/2098 2179/2179 2223/2223
f 2104/2104 2103/2103 2221/2221
f 2104/2104 2221/2221 2222/2222
f 2103/2103 2230/2230 2220/2220
f 2103/2103 2220/2220 2221/2221
f 2230/2230 2228/2228 2219/2219
f 2230/2230 2219/2219 2220/2220
f 2228/2228 2226/2226 2218/2218
f 2228/2228 2218/2218 2219/2219
f 2226/2226 2224/2224 2217/2217
f 2226/2226 2217/2217 2218/2218
f 2224/2224 2182/2182 2208/2208
f 2224/2224 2208/2208 2217/2217
f 2170/2170 2129/2129 2132/2132
f 2170/2170 2132/2132 2159/2159
f 2216/2216 2214/2214 2234/2234
f 2216/2216 2234/2234 2235/2235
f 2214/2214 2212/2212 2236/2236
f 2214/2214 2236/2236 2234/2234
f 2161/2161 2170/2170 2159/2159
f 2161/2161 2159/2159 2158/2158
f 2132/2132 2131/2131 2134/2134
f 2132/2132 2134/2134 2133/2133
f 2136/2136 2135/2135 2175/2175
f 2136/2136 2175/2175 2112/2112
f 2113/2113 2176/2176 2177/2177
f 2113/2113 2177/2177 2099/2099
f 2100/2100 2178/2178 2180/2180
f 2100/2100 2180/2180 2179/2179
f 2182/2182 2181/2181 2209/2209
f 2182/2182 2209/2209 2208/2208
f 2212/2212 2207/2207 2237/2237
f 2212/2212 2237/2237 2236/2236
f 2207/2207 2205/2205 2238/2238
f 2207/2207 2238/2238 2237/2237
f 2205/2205 2202/2202 2239/2239
f 2205/2205 2239/2239 2238/2238
f 2202/2202 2201/2201 2147/2147
f 2202/2202 2147/2147 2239/2239
f 2236/2236 2237/2237 2240/2240
f 2236/2236 2240/2240 2241/2241
f 2237/2237 2238/2238 2198/2198
f 2237/2237 2198/2198 2240/2240
f 2238/2238 2239/2239 2196/2196
f 2238/2238 2196/2196 2198/2198
f 2239/2239 2147/2147 2150/2150
f 2239/2239 2150/2150 2196/2196
f 2195/2195 2193/2193 2213/2213
f 2195/2195 2213/2213 2215/2215
f 2193/2193 2191/2191 2211/2211
f 2193/2193 2211/2211 2213/2213
f 2191/2191 2189/2189 2206/2206
f 2191/2191 2206/2206 2211/2211
f 2189/2189 2187/2187 2204/2204
f 2189/2189 2204/2204 2206/2206
f 2187/2187 2185/2185 2200/2200
f 2187/2187 2200/2200 2204/2204
f 2185/2185 2137/2137 2140/2140
f 2185/2185 2140/2140 2200/2200
f 2201/2201 2203/2203 2148/2148
f 2201/2201 2148/2148 2147/2147
f 2242/2242 2243/2243 2244/2244
f 2242/2242 2244/2244 2245/2245
f 2246/2246 2247/2247 2248/2248
f 2246/2246 2248/2248 2249/2249
f 2250/2250 2246/2246 2249/2249
f 2250/2250 2249/2249 2251/2251
f 2252/2252 2250/2250 2251/2251
f 2252/2252 2251/2251 2253/2253
f 2254/2254 2255/2255 2242/2242
f 2254/2254 2242/2242 2256/2256
f 2257/2257 2254/2254 2256/2256
f 2257/2257 2256/2256 2258/2258
f 2259/2259 2257/2257 2258/2258
f 2259/2259 2258/2258 2260/2260
f 2261/2261 2259/2259 2260/2260
f 2261/2261 2260/2260 2262/2262
f 2263/2263 2261/2261 2262/2262
f 2263/2263 2262/2262 2264/2264
f 2265/2265 2263/2263 2264/2264
f 2265/2265 2264/2264 2266/2266
f 2267/2267 2268/2268 2269/2269
f 2267/2267 2269/2269 2270/2270
f 2271/2271 2272/2272 2263/2263
f 2271/2271 2263/2263 2265/2265
f 2272/2272 2273/2273 2261/2261
f 2272/2272 2261/2261 2263/2263
f 2273/2273 2274/2274 2259/2259
f 2273/2273 2259/2259 2261/2261
f 2270/2270 2269/2269 2275/2275
f 2270/2270 2275/2275 2276/2276
f 2277/2277 2270/2270 2276/2276
f 2277/2277 2276/2276 2278/2278
f 2279/2279 2277/2277 2278/2278
f 2279/2279 2278/2278 2274/2274
f 2280/2280 2279/2279 2274/2274
f 2280/2280 2274/2274 2273/2273
f 2281/2281 2282/2282 2283/2283
f 2281/2281 2283/2283 2284/2284
f 2282/2282 2285/2285 2286/2286
f 2282/2282 2286/2286 2283/2283
f 2287/2287 2288/2288 2289/2289
f 2287/2287 2289/2289 2290/2290
f 2268/2268 2291/2291 2292/2292
f 2268/2268 2292/2292 2269/2269
f 2275/2275 2293/2293 2294/2294
f 2275/2275 2294/2294 2255/2255
f 2295/2295 2280/2280 2273/2273
f 2295/2295 2273/2273 2272/2272
f 2274/2274 2278/2278 2257/2257
f 2274/2274 2257/2257 2259/2259
f 2296/2296 2295/2295 2272/2272
f 2296/2296 2272/2272 2271/2271
f 2297/2297 2290/2290 2268/2268
f 2297/2297 2268/2268 2267/2267
f 2298/2298 2297/2297 2267/2267
f 2298/2298 2267/2267 2299/2299
f 2300/2300 2298/2298 2299/2299
f 2300/2300 2299/2299 2301/2301
f 2302/2302 2300/2300 2301/2301
f 2302/2302 2301/2301 2303/2303
f 2278/2278 2276/2276 2254/2254
f 2278/2278 2254/2254 2257/2257
f 2276/2276 2275/2275 2255/2255
f 2276/2276 2255/2255 2254/2254
f 2266/2266 2264/2264 2250/2250
f 2266/2266 2250/2250 2252/2252
f 2264/2264 2262/2262 2246/2246
f 2264/2264 2246/2246 2250/2250
f 2262/2262 2260/2260 2247/2247
f 2262/2262 2247/2247 2246/2246
f 2304/2304 2305/2305 2306/2306
f 2304/2304 2306/2306 2307/2307
f 2308/2308 2302/2302 2303/2303
f 2308/2308 2303/2303 2309/2309
f 2310/2310 2308/2308 2309/2309
f 2310/2310 2309/2309 2311/2311
f 2312/2312 2313/2313 2287/2287
f 2312/2312 2287/2287 2314/2314
f 2315/2315 2312/2312 2314/2314
f 2315/2315 2314/2314 2316/2316
f 2317/2317 2315/2315 2316/2316
f 2317/2317 2316/2316 2318/2318
f 2319/2319 2317/2317 2318/2318
f 2319/2319 2318/2318 2320/2320
f 2321/2321 2319/2319 2320/2320
f 2321/2321 2320/2320 2322/2322
f 2323/2323 2321/2321 2322/2322
f 2323/2323 2322/2322 2324/2324
f 2325/2325 2326/2326 2327/2327
f 2325/2325 2327/2327 2328/2328
f 2329/2329 2325/2325 2328/2328
f 2329/2329 2328/2328 2330/2330
f 2331/2331 2329/2329 2330/2330
f 2331/2331 2330/2330 2332/2332
f 2285/2285 2333/2333 2334/2334
f 2285/2285 2334/2334 2286/2286
f 2335/2335 2331/2331 2332/2332
f 2335/2335 2332/2332 2336/2336
f 2337/2337 2335/2335 2336/2336
f 2337/2337 2336/2336 2338/2338
f 2339/2339 2337/2337 2338/2338
f 2339/2339 2338/2338 2340/2340
f 2341/2341 2342/2342 2343/2343
f 2341/2341 2343/2343 2344/2344
f 2306/2306 2341/2341 2344/2344
f 2306/2306 2344/2344 2345/2345
f 2307/2307 2306/2306 2345/2345
f 2307/2307 2345/2345 2346/2346
f 2347/2347 2307/2307 2346/2346
f 2347/2347 2346/2346 2348/2348
f 2349/2349 2347/2347 2348/2348
f 2349/2349 2348/2348 2350/2350
f 2333/2333 2351/2351 2352/2352
f 2333/2333 2352/2352 2334/2334
f 2353/2353 2349/2349 2350/2350
f 2353/2353 2350/2350 2354/2354
f 2355/2355 2356/2356 2357/2357
f 2355/2355 2357/2357 2358/2358
f 2352/2352 2355/2355 2358/2358
f 2352/2352 2358/2358 2359/2359
f 2334/2334 2352/2352 2359/2359
f 2334/2334 2359/2359 2360/2360
f 2260/2260 2258/2258 2361/2361
f 2260/2260 2361/2361 2247/2247
f 2305/2305 2362/2362 2341/2341
f 2305/2305 2341/2341 2306/2306
f 2351/2351 2363/2363 2355/2355
f 2351/2351 2355/2355 2352/2352
f 2362/2362 2086/2086 2342/2342
f 2362/2362 2342/2342 2341/2341
f 2286/2286 2334/2334 2360/2360
f 2286/2286 2360/2360 2364/2364
f 2283/2283 2286/2286 2364/2364
f 2283/2283 2364/2364 2365/2365
f 2284/2284 2283/2283 2365/2365
f 2284/2284 2365/2365 2366/2366
f 2363/2363 2367/2367 2356/2356
f 2363/2363 2356/2356 2355/2355
f 2258/2258 2256/2256 2368/2368
f 2258/2258 2368/2368 2361/2361
f 2343/2343 2369/2369 2370/2370
f 2343/2343 2370/2370 2367/2367
f 2086/2086 2085/2085 2371/2371
f 2086/2086 2371/2371 2342/2342
f 2367/2367 2370/2370 2372/2372
f 2367/2367 2372/2372 2356/2356
f 2356/2356 2372/2372 2373/2373
f 2356/2356 2373/2373 2357/2357
f 2358/2358 2357/2357 2326/2326
f 2358/2358 2326/2326 2325/2325
f 2359/2359 2358/2358 2325/2325
f 2359/2359 2325/2325 2329/2329
f 2360/2360 2359/2359 2329/2329
f 2360/2360 2329/2329 2331/2331
f 2342/2342 2371/2371 2369/2369
f 2342/2342 2369/2369 2343/2343
f 2326/2326 2374/2374 2375/2375
f 2326/2326 2375/2375 2327/2327
f 2313/2313 2376/2376 2288/2288
f 2313/2313 2288/2288 2287/2287
f 2290/2290 2289/2289 2291/2291
f 2290/2290 2291/2291 2268/2268
f 2269/2269 2292/2292 2293/2293
f 2269/2269 2293/2293 2275/2275
f 2255/2255 2294/2294 2243/2243
f 2255/2255 2243/2243 2242/2242
f 2377/2377 2378/2378 2349/2349
f 2377/2377 2349/2349 2353/2353
f 2378/2378 2379/2379 2347/2347
f 2378/2378 2347/2347 2349/2349
f 2256/2256 2242/2242 2245/2245
f 2256/2256 2245/2245 2368/2368
f 2253/2253 2251/2251 2380/2380
f 2253/2253 2380/2380 2381/2381
f 2382/2382 2232/2232 2125/2125
f 2382/2382 2125/2125 2166/2166
f 2383/2383 2382/2382 2166/2166
f 2383/2383 2166/2166 2168/2168
f 2357/2357 2373/2373 2374/2374
f 2357/2357 2374/2374 2326/2326
f 2327/2327 2375/2375 2376/2376
f 2327/2327 2376/2376 2313/2313
f 2384/2384 2383/2383 2168/2168
f 2384/2384 2168/2168 2231/2231
f 2385/2385 2384/2384 2231/2231
f 2385/2385 2231/2231 2386/2386
f 2380/2380 2385/2385 2386/2386
f 2380/2380 2386/2386 2387/2387
f 2340/2340 2338/2338 2321/2321
f 2340/2340 2321/2321 2323/2323
f 2338/2338 2336/2336 2319/2319
f 2338/2338 2319/2319 2321/2321
f 2336/2336 2332/2332 2317/2317
f 2336/2336 2317/2317 2319/2319
f 2332/2332 2330/2330 2315/2315
f 2332/2332 2315/2315 2317/2317
f 2330/2330 2328/2328 2312/2312
f 2330/2330 2312/2312 2315/2315
f 2328/2328 2327/2327 2313/2313
f 2328/2328 2313/2313 2312/2312
f 2381/2381 2380/2380 2387/2387
f 2381/2381 2387/2387 2388/2388
f 2368/2368 2245/2245 2389/2389
f 2368/2368 2389/2389 2390/2390
f 2361/2361 2368/2368 2390/2390
f 2361/2361 2390/2390 2391/2391
f 2247/2247 2361/2361 2391/2391
f 2247/2247 2391/2391 2248/2248
f 2386/2386 2231/2231 2171/2171
f 2386/2386 2171/2171 2172/2172
f 2387/2387 2386/2386 2172/2172
f 2387/2387 2172/2172 2173/2173
f 2388/2388 2387/2387 2173/2173
f 2388/2388 2173/2173 2174/2174
f 2390/2390 2389/2389 2232/2232
f 2390/2390 2232/2232 2382/2382
f 2391/2391 2390/2390 2382/2382
f 2391/2391 2382/2382 2383/2383
f 2245/2245 2244/2244 2392/2392
f 2245/2245 2392/2392 2389/2389
f 2251/2251 2249/2249 2385/2385
f 2251/2251 2385/2385 2380/2380
f 2379/2379 2304/2304 2307/2307
f 2379/2379 2307/2307 2347/2347
f 2364/2364 2360/2360 2331/2331
f 2364/2364 2331/2331 2335/2335
f 2365/2365 2364/2364 2335/2335
f 2365/2365 2335/2335 2337/2337
f 2366/2366 2365/2365 2337/2337
f 2366/2366 2337/2337 2339/2339
f 2303/2303 2301/2301 2279/2279
f 2303/2303 2279/2279 2280/2280
f 2301/2301 2299/2299 2277/2277
f 2301/2301 2277/2277 2279/2279
f 2299/2299 2267/2267 2270/2270
f 2299/2299 2270/2270 2277/2277
f 2344/2344 2343/2343 2367/2367
f 2344/2344 2367/2367 2363/2363
f 2345/2345 2344/2344 2363/2363
f 2345/2345 2363/2363 2351/2351
f 2346/2346 2345/2345 2351/2351
f 2346/2346 2351/2351 2333/2333
f 2348/2348 2346/2346 2333/2333
f 2348/2348 2333/2333 2285/2285
f 2350/2350 2348/2348 2285/2285
f 2350/2350 2285/2285 2282/2282
f 2354/2354 2350/2350 2282/2282
f 2354/2354 2282/2282 2281/2281
f 2393/2393 2083/2083 2086/2086
f 2393/2393 2086/2086 2362/2362
f 2394/2394 2393/2393 2362/2362
f 2394/2394 2362/2362 2305/2305
f 2249/2249 2248/2248 2384/2384
f 2249/2249 2384/2384 2385/2385
f 2248/2248 2391/2391 2383/2383
f 2248/2248 2383/2383 2384/2384
f 2314/2314 2287/2287 2290/2290
f 2314/2314 2290/2290 2297/2297
f 2316/2316 2314/2314 2297/2297
f 2316/2316 2297/2297 2298/2298
f 2318/2318 2316/2316 2298/2298
f 2318/2318 2298/2298 2300/2300
f 2320/2320 2318/2318 2300/2300
f 2320/2320 2300/2300 2302/2302
f 2322/2322 2320/2320 2302/2302
f 2322/2322 2302/2302 2308/2308
f 2324/2324 2322/2322 2308/2308
f 2324/2324 2308/2308 2310/2310
f 2311/2311 2309/2309 2295/2295
f 2311/2311 2295/2295 2296/2296
f 2309/2309 2303/2303 2280/2280
f 2309/2309 2280/2280 2295/2295
f 2389/2389 2392/2392 2233/2233
f 2389/2389 2233/2233 2232/2232
f 2395/2395 2396/2396 2397/2397
f 2395/2395 2397/2397 2398/2398
f 2399/2399 2400/2400 2401/2401
f 2399/2399 2401/2401 2402/2402
f 2396/2396 2399/2399 2402/2402
f 2396/2396 2402/2402 2397/2397
f 2400/2400 2403/2403 2404/2404
f 2400/2400 2404/2404 2401/2401
f 2403/2403 2405/2405 2406/2406
f 2403/2403 2406/2406 2404/2404
f 2406/2406 2407/2407 2408/2408
f 2406/2406 2408/2408 2409/2409
f 2410/2410 2411/2411 2412/2412
f 2410/2410 2412/2412 2405/2405
f 2413/2413 2395/2395 2398/2398
f 2413/2413 2398/2398 2414/2414
f 2415/2415 2416/2416 2417/2417
f 2415/2415 2417/2417 2418/2418
f 2419/2419 2420/2420 2421/2421
f 2419/2419 2421/2421 2422/2422
f 2404/2404 2406/2406 2409/2409
f 2404/2404 2409/2409 2423/2423
f 2401/2401 2404/2404 2423/2423
f 2401/2401 2423/2423 2424/2424
f 2402/2402 2401/2401 2424/2424
f 2402/2402 2424/2424 2425/2425
f 2426/2426 2427/2427 2428/2428
f 2426/2426 2428/2428 2429/2429
f 2430/2430 2431/2431 2432/2432
f 2430/2430 2432/2432 2433/2433
f 2434/2434 2430/2430 2433/2433
f 2434/2434 2433/2433 2435/2435
f 2436/2436 2434/2434 2435/2435
f 2436/2436 2435/2435 2437/2437
f 2438/2438 2436/2436 2437/2437
f 2438/2438 2437/2437 2439/2439
f 2440/2440 2438/2438 2439/2439
f 2440/2440 2439/2439 2441/2441
f 2442/2442 2440/2440 2441/2441
f 2442/2442 2441/2441 2443/2443
f 2444/2444 2445/2445 2446/2446
f 2444/2444 2446/2446 2447/2447
f 2448/2448 2444/2444 2447/2447
f 2448/2448 2447/2447 2449/2449
f 2450/2450 2448/2448 2449/2449
f 2450/2450 2449/2449 2451/2451
f 2452/2452 2450/2450 2451/2451
f 2452/2452 2451/2451 2453/2453
f 2454/2454 2455/2455 2456/2456
f 2454/2454 2456/2456 2457/2457
f 2458/2458 2454/2454 2457/2457
f 2458/2458 2457/2457 2459/2459
f 2427/2427 2460/2460 2461/2461
f 2427/2427 2461/2461 2428/2428
f 2460/2460 2462/2462 2463/2463
f 2460/2460 2463/2463 2461/2461
f 2405/2405 2412/2412 2407/2407
f 2405/2405 2407/2407 2406/2406
f 2464/2464 2410/2410 2405/2405
f 2464/2464 2405/2405 2403/2403
f 2433/2433 2432/2432 2462/2462
f 2433/2433 2462/2462 2460/2460
f 2465/2465 2418/2418 2410/2410
f 2465/2465 2410/2410 2464/2464
f 2435/2435 2433/2433 2460/2460
f 2435/2435 2460/2460 2427/2427
f 2437/2437 2435/2435 2427/2427
f 2437/2437 2427/2427 2426/2426
f 2439/2439 2437/2437 2426/2426
f 2439/2439 2426/2426 2466/2466
f 2441/2441 2439/2439 2466/2466
f 2441/2441 2466/2466 2467/2467
f 2443/2443 2441/2441 2467/2467
f 2443/2443 2467/2467 2468/2468
f 2447/2447 2446/2446 2431/2431
f 2447/2447 2431/2431 2430/2430
f 2449/2449 2447/2447 2430/2430
f 2449/2449 2430/2430 2434/2434
f 2451/2451 2449/2449 2434/2434
f 2451/2451 2434/2434 2436/2436
f 2469/2469 2464/2464 2403/2403
f 2469/2469 2403/2403 2400/2400
f 2453/2453 2451/2451 2436/2436
f 2453/2453 2436/2436 2438/2438
f 2470/2470 2453/2453 2438/2438
f 2470/2470 2438/2438 2440/2440
f 2457/2457 2456/2456 2445/2445
f 2457/2457 2445/2445 2444/2444
f 2459/2459 2457/2457 2444/2444
f 2459/2459 2444/2444 2448/2448
f 2471/2471 2459/2459 2448/2448
f 2471/2471 2448/2448 2450/2450
f 2468/2468 2467/2467 2472/2472
f 2468/2468 2472/2472 2473/2473
f 2474/2474 2475/2475 2455/2455
f 2474/2474 2455/2455 2454/2454
f 2432/2432 2476/2476 2477/2477
f 2432/2432 2477/2477 2462/2462
f 2446/2446 2478/2478 2479/2479
f 2446/2446 2479/2479 2431/2431
f 2467/2467 2466/2466 2480/2480
f 2467/2467 2480/2480 2472/2472
f 2466/2466 2426/2426 2429/2429
f 2466/2466 2429/2429 2480/2480
f 2481/2481 2469/2469 2400/2400
f 2481/2481 2400/2400 2399/2399
f 2482/2482 2465/2465 2464/2464
f 2482/2482 2464/2464 2469/2469
f 2456/2456 2483/2483 2484/2484
f 2456/2456 2484/2484 2445/2445
f 2485/2485 2482/2482 2469/2469
f 2485/2485 2469/2469 2481/2481
f 2486/2486 2485/2485 2481/2481
f 2486/2486 2481/2481 2487/2487
f 2475/2475 2488/2488 2489/2489
f 2475/2475 2489/2489 2455/2455
f 2490/2490 2486/2486 2487/2487
f 2490/2490 2487/2487 2491/2491
f 2492/2492 2490/2490 2491/2491
f 2492/2492 2491/2491 2493/2493
f 2494/2494 2422/2422 2415/2415
f 2494/2494 2415/2415 2495/2495
f 2496/2496 2494/2494 2495/2495
f 2496/2496 2495/2495 2497/2497
f 2498/2498 2496/2496 2497/2497
f 2498/2498 2497/2497 2499/2499
f 2500/2500 2501/2501 2502/2502
f 2500/2500 2502/2502 2503/2503
f 2501/2501 2504/2504 2505/2505
f 2501/2501 2505/2505 2502/2502
f 2506/2506 2419/2419 2422/2422
f 2506/2506 2422/2422 2494/2494
f 2505/2505 2498/2498 2499/2499
f 2505/2505 2499/2499 2507/2507
f 2502/2502 2505/2505 2507/2507
f 2502/2502 2507/2507 2508/2508
f 2503/2503 2502/2502 2508/2508
f 2503/2503 2508/2508 2509/2509
f 2461/2461 2463/2463 2419/2419
f 2461/2461 2419/2419 2506/2506
f 2428/2428 2461/2461 2506/2506
f 2428/2428 2506/2506 2510/2510
f 2429/2429 2428/2428 2510/2510
f 2429/2429 2510/2510 2511/2511
f 2509/2509 2508/2508 2490/2490
f 2509/2509 2490/2490 2492/2492
f 2508/2508 2507/2507 2486/2486
f 2508/2508 2486/2486 2490/2490
f 2507/2507 2499/2499 2485/2485
f 2507/2507 2485/2485 2486/2486
f 2499/2499 2497/2497 2482/2482
f 2499/2499 2482/2482 2485/2485
f 2497/2497 2495/2495 2465/2465
f 2497/2497 2465/2465 2482/2482
f 2495/2495 2415/2415 2418/2418
f 2495/2495 2418/2418 2465/2465
f 2480/2480 2429/2429 2511/2511
f 2480/2480 2511/2511 2504/2504
f 2463/2463 2512/2512 2420/2420
f 2463/2463 2420/2420 2419/2419
f 2472/2472 2480/2480 2504/2504
f 2472/2472 2504/2504 2501/2501
f 2422/2422 2421/2421 2416/2416
f 2422/2422 2416/2416 2415/2415
f 2473/2473 2472/2472 2501/2501
f 2473/2473 2501/2501 2500/2500
f 2418/2418 2417/2417 2411/2411
f 2418/2418 2411/2411 2410/2410
f 2493/2493 2491/2491 2395/2395
f 2493/2493 2395/2395 2413/2413
f 2445/2445 2484/2484 2478/2478
f 2445/2445 2478/2478 2446/2446
f 2455/2455 2489/2489 2483/2483
f 2455/2455 2483/2483 2456/2456
f 2431/2431 2479/2479 2476/2476
f 2431/2431 2476/2476 2432/2432
f 2462/2462 2477/2477 2512/2512
f 2462/2462 2512/2512 2463/2463
f 2491/2491 2487/2487 2396/2396
f 2491/2491 2396/2396 2395/2395
f 2510/2510 2506/2506 2494/2494
f 2510/2510 2494/2494 2496/2496
f 2487/2487 2481/2481 2399/2399
f 2487/2487 2399/2399 2396/2396
f 2511/2511 2510/2510 2496/2496
f 2511/2511 2496/2496 2498/2498
f 2504/2504 2511/2511 2498/2498
f 2504/2504 2498/2498 2505/2505
f 2398/2398 2397/2397 2513/2513
f 2398/2398 2513/2513 2514/2514
f 2414/2414 2398/2398 2514/2514
f 2414/2414 2514/2514 2515/2515
f 2397/2397 2402/2402 2425/2425
f 2397/2397 2425/2425 2513/2513
f 2516/2516 2517/2517 2518/2518
f 2516/2516 2518/2518 2519/2519
f 2517/2517 2520/2520 2521/2521
f 2517/2517 2521/2521 2518/2518
f 2515/2515 2514/2514 2517/2517
f 2515/2515 2517/2517 2516/2516
f 2514/2514 2513/2513 2520/2520
f 2514/2514 2520/2520 2517/2517
f 2513/2513 2425/2425 2522/2522
f 2513/2513 2522/2522 2520/2520
f 2425/2425 2424/2424 2523/2523
f 2425/2425 2523/2523 2522/2522
f 2424/2424 2423/2423 2524/2524
f 2424/2424 2524/2524 2523/2523
f 2520/2520 2522/2522 2525/2525
f 2520/2520 2525/2525 2521/2521
f 2522/2522 2523/2523 2526/2526
f 2522/2522 2526/2526 2525/2525
f 2523/2523 2524/2524 2527/2527
f 2523/2523 2527/2527 2526/2526
f 2524/2524 2528/2528 2529/2529
f 2524/2524 2529/2529 2527/2527
f 2409/2409 2408/2408 2530/2530
f 2409/2409 2530/2530 2528/2528
f 2528/2528 2530/2530 2531/2531
f 2528/2528 2531/2531 2529/2529
f 2423/2423 2409/2409 2528/2528
f 2423/2423 2528/2528 2524/2524
f 2532/2532 2533/2533 2452/2452
f 2532/2532 2452/2452 2534/2534
f 2535/2535 2532/2532 2534/2534
f 2535/2535 2534/2534 2536/2536
f 2537/2537 2474/2474 2454/2454
f 2537/2537 2454/2454 2458/2458
f 2538/2538 2537/2537 2458/2458
f 2538/2538 2458/2458 2539/2539
f 2540/2540 2538/2538 2539/2539
f 2540/2540 2539/2539 2541/2541
f 2542/2542 2540/2540 2541/2541
f 2542/2542 2541/2541 2543/2543
f 2544/2544 2542/2542 2543/2543
f 2544/2544 2543/2543 2545/2545
f 2546/2546 2547/2547 2548/2548
f 2546/2546 2548/2548 2549/2549
f 2533/2533 2471/2471 2450/2450
f 2533/2533 2450/2450 2452/2452
f 2550/2550 2470/2470 2440/2440
f 2550/2550 2440/2440 2442/2442
f 2543/2543 2541/2541 2533/2533
f 2543/2543 2533/2533 2532/2532
f 2197/2197 2141/2141 2144/2144
f 2197/2197 2144/2144 2551/2551
f 2199/2199 2197/2197 2551/2551
f 2199/2199 2551/2551 2552/2552
f 2552/2552 2551/2551 2546/2546
f 2552/2552 2546/2546 2553/2553
f 2234/2234 2236/2236 2241/2241
f 2234/2234 2241/2241 2554/2554
f 2555/2555 2552/2552 2553/2553
f 2555/2555 2553/2553 2556/2556
f 2557/2557 2558/2558 2559/2559
f 2557/2557 2559/2559 2560/2560
f 2561/2561 2555/2555 2556/2556
f 2561/2561 2556/2556 2562/2562
f 2558/2558 2562/2562 2563/2563
f 2558/2558 2563/2563 2559/2559
f 2562/2562 2556/2556 2564/2564
f 2562/2562 2564/2564 2563/2563
f 2565/2565 2561/2561 2562/2562
f 2565/2565 2562/2562 2558/2558
f 2566/2566 2567/2567 2565/2565
f 2566/2566 2565/2565 2568/2568
f 2235/2235 2234/2234 2554/2554
f 2235/2235 2554/2554 2569/2569
f 2567/2567 2570/2570 2561/2561
f 2567/2567 2561/2561 2565/2565
f 2534/2534 2452/2452 2453/2453
f 2534/2534 2453/2453 2470/2470
f 2536/2536 2534/2534 2470/2470
f 2536/2536 2470/2470 2550/2550
f 2551/2551 2144/2144 2547/2547
f 2551/2551 2547/2547 2546/2546
f 2548/2548 2571/2571 2488/2488
f 2548/2548 2488/2488 2475/2475
f 2568/2568 2565/2565 2558/2558
f 2568/2568 2558/2558 2557/2557
f 2556/2556 2553/2553 2572/2572
f 2556/2556 2572/2572 2564/2564
f 2240/2240 2198/2198 2199/2199
f 2240/2240 2199/2199 2573/2573
f 2553/2553 2546/2546 2549/2549
f 2553/2553 2549/2549 2572/2572
f 2241/2241 2240/2240 2573/2573
f 2241/2241 2573/2573 2570/2570
f 2564/2564 2572/2572 2537/2537
f 2564/2564 2537/2537 2538/2538
f 2144/2144 2143/2143 2574/2574
f 2144/2144 2574/2574 2547/2547
f 2539/2539 2458/2458 2459/2459
f 2539/2539 2459/2459 2471/2471
f 2563/2563 2564/2564 2538/2538
f 2563/2563 2538/2538 2540/2540
f 2572/2572 2549/2549 2474/2474
f 2572/2572 2474/2474 2537/2537
f 2554/2554 2241/2241 2570/2570
f 2554/2554 2570/2570 2567/2567
f 2549/2549 2548/2548 2475/2475
f 2549/2549 2475/2475 2474/2474
f 2541/2541 2539/2539 2471/2471
f 2541/2541 2471/2471 2533/2533
f 2547/2547 2574/2574 2571/2571
f 2547/2547 2571/2571 2548/2548
f 2559/2559 2563/2563 2540/2540
f 2559/2559 2540/2540 2542/2542
f 2569/2569 2554/2554 2567/2567
f 2569/2569 2567/2567 2566/2566
f 2560/2560 2559/2559 2542/2542
f 2560/2560 2542/2542 2544/2544
f 2545/2545 2543/2543 2532/2532
f 2545/2545 2532/2532 2535/2535
f 2570/2570 2573/2573 2555/2555
f 2570/2570 2555/2555 2561/2561
f 2573/2573 2199/2199 2552/2552
f 2573/2573 2552/2552 2555/2555
f 2575/2575 2576/2576 2577/2577
f 2575/2575 2577/2577 2578/2578
f 2579/2579 2580/2580 2581/2581
f 2579/2579 2581/2581 2582/2582
f 2583/2583 2584/2584 2585/2585
f 2583/2583 2585/2585 2586/2586
f 2587/2587 2575/2575 2578/2578
f 2587/2587 2578/2578 2588/2588
f 2589/2589 2590/2590 2591/2591
f 2589/2589 2591/2591 2592/2592
f 2590/2590 2593/2593 2594/2594
f 2590/2590 2594/2594 2591/2591
f 2593/2593 2595/2595 2579/2579
f 2593/2593 2579/2579 2594/2594
f 2596/2596 2597/2597 2598/2598
f 2596/2596 2598/2598 2599/2599
f 2578/2578 2577/2577 2600/2600
f 2578/2578 2600/2600 2595/2595
f 2595/2595 2600/2600 2580/2580
f 2595/2595 2580/2580 2579/2579
f 2601/2601 2602/2602 2576/2576
f 2601/2601 2576/2576 2575/2575
f 2582/2582 2581/2581 2584/2584
f 2582/2582 2584/2584 2583/2583
f 2597/2597 2582/2582 2583/2583
f 2597/2597 2583/2583 2598/2598
f 2592/2592 2591/2591 2596/2596
f 2592/2592 2596/2596 2603/2603
f 2604/2604 2588/2588 2593/2593
f 2604/2604 2593/2593 2590/2590
f 2588/2588 2578/2578 2595/2595
f 2588/2588 2595/2595 2593/2593
f 2598/2598 2583/2583 2586/2586
f 2598/2598 2586/2586 2605/2605
f 2594/2594 2579/2579 2582/2582
f 2594/2594 2582/2582 2597/2597
f 2591/2591 2594/2594 2597/2597
f 2591/2591 2597/2597 2596/2596
f 2606/2606 2592/2592 2603/2603
f 2606/2606 2603/2603 2607/2607
f 2608/2608 2609/2609 2610/2610
f 2608/2608 2610/2610 2611/2611
f 2612/2612 2613/2613 2614/2614
f 2612/2612 2614/2614 2615/2615
f 2616/2616 2617/2617 2618/2618
f 2616/2616 2618/2618 2619/2619
f 2620/2620 2621/2621 2084/2084
f 2620/2620 2084/2084 2083/2083
f 2617/2617 2622/2622 2623/2623
f 2617/2617 2623/2623 2618/2618
f 2624/2624 2625/2625 2626/2626
f 2624/2624 2626/2626 2627/2627
f 2628/2628 2624/2624 2627/2627
f 2628/2628 2627/2627 2629/2629
f 2630/2630 2631/2631 2632/2632
f 2630/2630 2632/2632 2633/2633
f 2634/2634 2628/2628 2629/2629
f 2634/2634 2629/2629 2635/2635
f 2636/2636 2634/2634 2635/2635
f 2636/2636 2635/2635 2637/2637
f 2638/2638 2636/2636 2637/2637
f 2638/2638 2637/2637 2639/2639
f 2640/2640 2641/2641 2642/2642
f 2640/2640 2642/2642 2643/2643
f 2644/2644 2645/2645 2630/2630
f 2644/2644 2630/2630 2646/2646
f 2647/2647 2644/2644 2646/2646
f 2647/2647 2646/2646 2648/2648
f 2649/2649 2615/2615 2608/2608
f 2649/2649 2608/2608 2650/2650
f 2651/2651 2649/2649 2650/2650
f 2651/2651 2650/2650 2652/2652
f 2641/2641 2651/2651 2652/2652
f 2641/2641 2652/2652 2642/2642
f 2653/2653 2654/2654 2655/2655
f 2653/2653 2655/2655 2656/2656
f 2657/2657 2653/2653 2656/2656
f 2657/2657 2656/2656 2658/2658
f 2659/2659 2657/2657 2658/2658
f 2659/2659 2658/2658 2660/2660
f 2661/2661 2659/2659 2660/2660
f 2661/2661 2660/2660 2662/2662
f 2663/2663 2661/2661 2662/2662
f 2663/2663 2662/2662 2664/2664
f 2665/2665 2663/2663 2664/2664
f 2665/2665 2664/2664 2666/2666
f 2650/2650 2608/2608 2611/2611
f 2650/2650 2611/2611 2667/2667
f 2652/2652 2650/2650 2667/2667
f 2652/2652 2667/2667 2668/2668
f 2642/2642 2652/2652 2668/2668
f 2642/2642 2668/2668 2669/2669
f 2643/2643 2642/2642 2669/2669
f 2643/2643 2669/2669 2670/2670
f 2623/2623 2612/2612 2615/2615
f 2623/2623 2615/2615 2649/2649
f 2618/2618 2623/2623 2649/2649
f 2618/2618 2649/2649 2651/2651
f 2671/2671 2672/2672 2673/2673
f 2671/2671 2673/2673 2674/2674
f 2675/2675 2676/2676 2613/2613
f 2675/2675 2613/2613 2612/2612
f 2619/2619 2618/2618 2651/2651
f 2619/2619 2651/2651 2641/2641
f 2677/2677 2619/2619 2641/2641
f 2677/2677 2641/2641 2640/2640
f 2615/2615 2614/2614 2609/2609
f 2615/2615 2609/2609 2608/2608
f 2645/2645 2678/2678 2631/2631
f 2645/2645 2631/2631 2630/2630
f 2679/2679 2633/2633 2620/2620
f 2679/2679 2620/2620 2680/2680
f 2669/2669 2668/2668 2647/2647
f 2669/2669 2647/2647 2681/2681
f 2682/2682 2683/2683 2684/2684
f 2682/2682 2684/2684 2685/2685
f 2683/2683 2686/2686 2687/2687
f 2683/2683 2687/2687 2684/2684
f 2639/2639 2637/2637 2688/2688
f 2639/2639 2688/2688 2689/2689
f 2686/2686 2690/2690 2691/2691
f 2686/2686 2691/2691 2687/2687
f 2637/2637 2635/2635 2692/2692
f 2637/2637 2692/2692 2688/2688
f 2635/2635 2629/2629 2616/2616
f 2635/2635 2616/2616 2692/2692
f 2629/2629 2627/2627 2617/2617
f 2629/2629 2617/2617 2616/2616
f 2690/2690 2599/2599 2693/2693
f 2690/2690 2693/2693 2691/2691
f 2599/2599 2598/2598 2605/2605
f 2599/2599 2605/2605 2693/2693
f 2627/2627 2626/2626 2622/2622
f 2627/2627 2622/2622 2617/2617
f 2656/2656 2655/2655 2671/2671
f 2656/2656 2671/2671 2625/2625
f 2658/2658 2656/2656 2625/2625
f 2658/2658 2625/2625 2624/2624
f 2660/2660 2658/2658 2624/2624
f 2660/2660 2624/2624 2628/2628
f 2662/2662 2660/2660 2628/2628
f 2662/2662 2628/2628 2634/2634
f 2626/2626 2674/2674 2675/2675
f 2626/2626 2675/2675 2622/2622
f 2694/2694 2695/2695 2696/2696
f 2694/2694 2696/2696 2697/2697
f 2625/2625 2671/2671 2674/2674
f 2625/2625 2674/2674 2626/2626
f 2698/2698 2699/2699 2700/2700
f 2698/2698 2700/2700 2701/2701
f 2664/2664 2662/2662 2634/2634
f 2664/2664 2634/2634 2636/2636
f 2666/2666 2664/2664 2636/2636
f 2666/2666 2636/2636 2638/2638
f 2702/2702 2703/2703 2704/2704
f 2702/2702 2704/2704 2705/2705
f 2703/2703 2706/2706 2707/2707
f 2703/2703 2707/2707 2704/2704
f 2706/2706 2708/2708 2709/2709
f 2706/2706 2709/2709 2707/2707
f 2708/2708 2710/2710 2711/2711
f 2708/2708 2711/2711 2709/2709
f 2712/2712 2713/2713 2714/2714
f 2712/2712 2714/2714 2715/2715
f 2695/2695 2677/2677 2640/2640
f 2695/2695 2640/2640 2696/2696
f 2586/2586 2585/2585 2716/2716
f 2586/2586 2716/2716 2717/2717
f 2717/2717 2716/2716 2699/2699
f 2717/2717 2699/2699 2698/2698
f 2701/2701 2700/2700 2713/2713
f 2701/2701 2713/2713 2712/2712
f 2710/2710 2718/2718 2719/2719
f 2710/2710 2719/2719 2711/2711
f 2668/2668 2667/2667 2644/2644
f 2668/2668 2644/2644 2647/2647
f 2667/2667 2611/2611 2645/2645
f 2667/2667 2645/2645 2644/2644
f 2648/2648 2646/2646 2679/2679
f 2648/2648 2679/2679 2720/2720
f 2718/2718 2717/2717 2698/2698
f 2718/2718 2698/2698 2719/2719
f 2721/2721 2722/2722 2654/2654
f 2721/2721 2654/2654 2653/2653
f 2723/2723 2721/2721 2653/2653
f 2723/2723 2653/2653 2657/2657
f 2724/2724 2723/2723 2657/2657
f 2724/2724 2657/2657 2659/2659
f 2646/2646 2630/2630 2633/2633
f 2646/2646 2633/2633 2679/2679
f 2725/2725 2724/2724 2659/2659
f 2725/2725 2659/2659 2661/2661
f 2726/2726 2725/2725 2661/2661
f 2726/2726 2661/2661 2663/2663
f 2689/2689 2688/2688 2695/2695
f 2689/2689 2695/2695 2694/2694
f 2727/2727 2728/2728 2729/2729
f 2727/2727 2729/2729 2730/2730
f 2715/2715 2714/2714 2731/2731
f 2715/2715 2731/2731 2722/2722
f 2732/2732 2726/2726 2663/2663
f 2732/2732 2663/2663 2665/2665
f 2728/2728 2733/2733 2734/2734
f 2728/2728 2734/2734 2729/2729
f 2733/2733 2735/2735 2736/2736
f 2733/2733 2736/2736 2734/2734
f 2735/2735 2737/2737 2738/2738
f 2735/2735 2738/2738 2736/2736
f 2737/2737 2739/2739 2740/2740
f 2737/2737 2740/2740 2738/2738
f 2739/2739 2701/2701 2712/2712
f 2739/2739 2712/2712 2740/2740
f 2740/2740 2712/2712 2715/2715
f 2740/2740 2715/2715 2741/2741
f 2738/2738 2740/2740 2741/2741
f 2738/2738 2741/2741 2742/2742
f 2736/2736 2738/2738 2742/2742
f 2736/2736 2742/2742 2743/2743
f 2688/2688 2692/2692 2677/2677
f 2688/2688 2677/2677 2695/2695
f 2734/2734 2736/2736 2743/2743
f 2734/2734 2743/2743 2744/2744
f 2729/2729 2734/2734 2744/2744
f 2729/2729 2744/2744 2745/2745
f 2730/2730 2729/2729 2745/2745
f 2730/2730 2745/2745 2746/2746
f 2719/2719 2698/2698 2701/2701
f 2719/2719 2701/2701 2739/2739
f 2711/2711 2719/2719 2739/2739
f 2711/2711 2739/2739 2737/2737
f 2746/2746 2745/2745 2726/2726
f 2746/2746 2726/2726 2732/2732
f 2745/2745 2744/2744 2725/2725
f 2745/2745 2725/2725 2726/2726
f 2744/2744 2743/2743 2724/2724
f 2744/2744 2724/2724 2725/2725
f 2743/2743 2742/2742 2723/2723
f 2743/2743 2723/2723 2724/2724
f 2742/2742 2741/2741 2721/2721
f 2742/2742 2721/2721 2723/2723
f 2722/2722 2731/2731 2747/2747
f 2722/2722 2747/2747 2654/2654
f 2741/2741 2715/2715 2722/2722
f 2741/2741 2722/2722 2721/2721
f 2709/2709 2711/2711 2737/2737
f 2709/2709 2737/2737 2735/2735
f 2707/2707 2709/2709 2735/2735
f 2707/2707 2735/2735 2733/2733
f 2704/2704 2707/2707 2733/2733
f 2704/2704 2733/2733 2728/2728
f 2705/2705 2704/2704 2728/2728
f 2705/2705 2728/2728 2727/2727
f 2605/2605 2586/2586 2717/2717
f 2605/2605 2717/2717 2718/2718
f 2693/2693 2605/2605 2718/2718
f 2693/2693 2718/2718 2710/2710
f 2691/2691 2693/2693 2710/2710
f 2691/2691 2710/2710 2708/2708
f 2687/2687 2691/2691 2708/2708
f 2687/2687 2708/2708 2706/2706
f 2684/2684 2687/2687 2706/2706
f 2684/2684 2706/2706 2703/2703
f 2692/2692 2616/2616 2619/2619
f 2692/2692 2619/2619 2677/2677
f 2633/2633 2632/2632 2621/2621
f 2633/2633 2621/2621 2620/2620
f 2655/2655 2748/2748 2672/2672
f 2655/2655 2672/2672 2671/2671
f 2674/2674 2673/2673 2676/2676
f 2674/2674 2676/2676 2675/2675
f 2611/2611 2610/2610 2678/2678
f 2611/2611 2678/2678 2645/2645
f 2685/2685 2684/2684 2703/2703
f 2685/2685 2703/2703 2702/2702
f 2622/2622 2675/2675 2612/2612
f 2622/2622 2612/2612 2623/2623
f 2696/2696 2640/2640 2643/2643
f 2696/2696 2643/2643 2749/2749
f 2603/2603 2596/2596 2599/2599
f 2603/2603 2599/2599 2690/2690
f 2607/2607 2603/2603 2690/2690
f 2607/2607 2690/2690 2686/2686
f 2750/2750 2607/2607 2686/2686
f 2750/2750 2686/2686 2683/2683
f 2751/2751 2750/2750 2683/2683
f 2751/2751 2683/2683 2682/2682
f 2654/2654 2747/2747 2748/2748
f 2654/2654 2748/2748 2655/2655
f 2752/2752 2753/2753 2754/2754
f 2752/2752 2754/2754 2755/2755
f 2052/2052 2056/2056 2756/2756
f 2052/2052 2756/2756 2757/2757
f 2758/2758 2759/2759 2760/2760
f 2758/2758 2760/2760 2761/2761
f 2762/2762 1972/1972 2763/2763
f 2762/2762 2763/2763 2764/2764
f 2765/2765 2766/2766 2767/2767
f 2765/2765 2767/2767 2768/2768
f 1972/1972 1970/1970 2769/2769
f 1972/1972 2769/2769 2763/2763
f 1970/1970 1969/1969 2770/2770
f 1970/1970 2770/2770 2769/2769
f 2770/2770 2771/2771 2772/2772
f 2770/2770 2772/2772 2773/2773
f 2080/2080 1971/1971 1972/1972
f 2080/2080 1972/1972 2762/2762
f 1969/1969 2082/2082 2771/2771
f 1969/1969 2771/2771 2770/2770
f 2774/2774 2752/2752 2755/2755
f 2774/2774 2755/2755 2775/2775
f 2759/2759 2776/2776 2777/2777
f 2759/2759 2777/2777 2760/2760
f 2778/2778 2779/2779 2780/2780
f 2778/2778 2780/2780 2781/2781
f 2782/2782 2783/2783 2784/2784
f 2782/2782 2784/2784 2785/2785
f 2786/2786 2787/2787 2788/2788
f 2786/2786 2788/2788 2789/2789
f 2790/2790 2791/2791 2792/2792
f 2790/2790 2792/2792 2793/2793
f 2787/2787 2794/2794 2795/2795
f 2787/2787 2795/2795 2788/2788
f 2794/2794 2796/2796 2797/2797
f 2794/2794 2797/2797 2795/2795
f 2798/2798 2799/2799 2602/2602
f 2798/2798 2602/2602 2601/2601
f 2800/2800 2774/2774 2775/2775
f 2800/2800 2775/2775 2801/2801
f 2776/2776 2802/2802 2604/2604
f 2776/2776 2604/2604 2777/2777
f 2803/2803 2790/2790 2793/2793
f 2803/2803 2793/2793 2804/2804
f 2805/2805 2803/2803 2804/2804
f 2805/2805 2804/2804 2806/2806
f 2807/2807 2805/2805 2806/2806
f 2807/2807 2806/2806 2808/2808
f 2809/2809 2807/2807 2808/2808
f 2809/2809 2808/2808 2810/2810
f 2808/2808 2806/2806 2759/2759
f 2808/2808 2759/2759 2758/2758
f 2764/2764 2763/2763 2811/2811
f 2764/2764 2811/2811 2812/2812
f 2769/2769 2770/2770 2773/2773
f 2769/2769 2773/2773 2813/2813
f 2814/2814 2782/2782 2785/2785
f 2814/2814 2785/2785 2815/2815
f 2796/2796 2814/2814 2815/2815
f 2796/2796 2815/2815 2797/2797
f 2793/2793 2792/2792 2587/2587
f 2793/2793 2587/2587 2802/2802
f 2792/2792 2601/2601 2575/2575
f 2792/2792 2575/2575 2587/2587
f 2804/2804 2793/2793 2802/2802
f 2804/2804 2802/2802 2776/2776
f 2806/2806 2804/2804 2776/2776
f 2806/2806 2776/2776 2759/2759
f 2816/2816 2789/2789 2817/2817
f 2816/2816 2817/2817 2818/2818
f 2797/2797 2815/2815 2819/2819
f 2797/2797 2819/2819 2820/2820
f 2821/2821 2589/2589 2592/2592
f 2821/2821 2592/2592 2606/2606
f 2082/2082 2051/2051 2053/2053
f 2082/2082 2053/2053 2771/2771
f 2812/2812 2811/2811 2779/2779
f 2812/2812 2779/2779 2778/2778
f 2053/2053 2052/2052 2757/2757
f 2053/2053 2757/2757 2822/2822
f 2811/2811 2813/2813 2765/2765
f 2811/2811 2765/2765 2779/2779
f 2813/2813 2773/2773 2766/2766
f 2813/2813 2766/2766 2765/2765
f 2823/2823 2824/2824 2799/2799
f 2823/2823 2799/2799 2798/2798
f 2773/2773 2772/2772 2800/2800
f 2773/2773 2800/2800 2766/2766
f 2772/2772 2822/2822 2774/2774
f 2772/2772 2774/2774 2800/2800
f 2785/2785 2784/2784 2824/2824
f 2785/2785 2824/2824 2823/2823
f 2755/2755 2754/2754 2783/2783
f 2755/2755 2783/2783 2782/2782
f 2757/2757 2756/2756 2753/2753
f 2757/2757 2753/2753 2752/2752
f 2789/2789 2788/2788 2825/2825
f 2789/2789 2825/2825 2817/2817
f 2815/2815 2785/2785 2823/2823
f 2815/2815 2823/2823 2819/2819
f 2822/2822 2757/2757 2752/2752
f 2822/2822 2752/2752 2774/2774
f 2781/2781 2780/2780 2786/2786
f 2781/2781 2786/2786 2826/2826
f 2780/2780 2768/2768 2787/2787
f 2780/2780 2787/2787 2786/2786
f 2768/2768 2767/2767 2794/2794
f 2768/2768 2794/2794 2787/2787
f 2788/2788 2795/2795 2827/2827
f 2788/2788 2827/2827 2825/2825
f 2795/2795 2797/2797 2820/2820
f 2795/2795 2820/2820 2827/2827
f 2767/2767 2801/2801 2796/2796
f 2767/2767 2796/2796 2794/2794
f 2828/2828 2821/2821 2606/2606
f 2828/2828 2606/2606 2829/2829
f 2826/2826 2786/2786 2789/2789
f 2826/2826 2789/2789 2816/2816
f 2830/2830 2761/2761 2828/2828
f 2830/2830 2828/2828 2831/2831
f 2761/2761 2760/2760 2821/2821
f 2761/2761 2821/2821 2828/2828
f 2832/2832 2758/2758 2761/2761
f 2832/2832 2761/2761 2830/2830
f 2819/2819 2823/2823 2798/2798
f 2819/2819 2798/2798 2791/2791
f 2801/2801 2775/2775 2814/2814
f 2801/2801 2814/2814 2796/2796
f 2775/2775 2755/2755 2782/2782
f 2775/2775 2782/2782 2814/2814
f 2820/2820 2819/2819 2791/2791
f 2820/2820 2791/2791 2790/2790
f 2827/2827 2820/2820 2790/2790
f 2827/2827 2790/2790 2803/2803
f 2771/2771 2053/2053 2822/2822
f 2771/2771 2822/2822 2772/2772
f 2825/2825 2827/2827 2803/2803
f 2825/2825 2803/2803 2805/2805
f 2817/2817 2825/2825 2805/2805
f 2817/2817 2805/2805 2807/2807
f 2818/2818 2817/2817 2807/2807
f 2818/2818 2807/2807 2809/2809
f 2791/2791 2798/2798 2601/2601
f 2791/2791 2601/2601 2792/2792
f 2831/2831 2828/2828 2829/2829
f 2831/2831 2829/2829 2833/2833
f 2760/2760 2777/2777 2589/2589
f 2760/2760 2589/2589 2821/2821
f 2802/2802 2587/2587 2588/2588
f 2802/2802 2588/2588 2604/2604
f 2777/2777 2604/2604 2590/2590
f 2777/2777 2590/2590 2589/2589
f 2810/2810 2808/2808 2758/2758
f 2810/2810 2758/2758 2832/2832
f 2779/2779 2765/2765 2768/2768
f 2779/2779 2768/2768 2780/2780
f 2766/2766 2800/2800 2801/2801
f 2766/2766 2801/2801 2767/2767
f 2763/2763 2769/2769 2813/2813
f 2763/2763 2813/2813 2811/2811
f 2833/2833 2829/2829 2750/2750
f 2833/2833 2750/2750 2751/2751
f 2829/2829 2606/2606 2607/2607
f 2829/2829 2607/2607 2750/2750
f 2680/2680 2620/2620 2083/2083
f 2680/2680 2083/2083 2393/2393
f 2720/2720 2679/2679 2680/2680
f 2720/2720 2680/2680 2834/2834
f 2681/2681 2647/2647 2648/2648
f 2681/2681 2648/2648 2835/2835
f 2836/2836 2749/2749 2837/2837
f 2836/2836 2837/2837 2838/2838
f 2697/2697 2696/2696 2749/2749
f 2697/2697 2749/2749 2836/2836
f 2670/2670 2669/2669 2681/2681
f 2670/2670 2681/2681 2839/2839
f 2838/2838 2837/2837 2840/2840
f 2838/2838 2840/2840 2841/2841
f 2842/2842 2843/2843 2844/2844
f 2842/2842 2844/2844 2845/2845
f 2839/2839 2681/2681 2835/2835
f 2839/2839 2835/2835 2846/2846
f 2840/2840 2839/2839 2846/2846
f 2840/2840 2846/2846 2847/2847
f 2837/2837 2670/2670 2839/2839
f 2837/2837 2839/2839 2840/2840
f 2848/2848 2847/2847 2843/2843
f 2848/2848 2843/2843 2842/2842
f 2847/2847 2846/2846 2849/2849
f 2847/2847 2849/2849 2843/2843
f 2846/2846 2835/2835 2850/2850
f 2846/2846 2850/2850 2849/2849
f 2835/2835 2648/2648 2720/2720
f 2835/2835 2720/2720 2850/2850
f 2845/2845 2844/2844 2851/2851
f 2845/2845 2851/2851 2852/2852
f 2844/2844 2853/2853 2854/2854
f 2844/2844 2854/2854 2851/2851
f 2834/2834 2680/2680 2393/2393
f 2834/2834 2393/2393 2394/2394
f 2855/2855 2834/2834 2394/2394
f 2855/2855 2394/2394 2856/2856
f 2853/2853 2855/2855 2856/2856
f 2853/2853 2856/2856 2854/2854
f 2841/2841 2840/2840 2847/2847
f 2841/2841 2847/2847 2848/2848
f 2749/2749 2643/2643 2670/2670
f 2749/2749 2670/2670 2837/2837
f 2854/2854 2856/2856 2304/2304
f 2854/2854 2304/2304 2379/2379
f 2851/2851 2854/2854 2379/2379
f 2851/2851 2379/2379 2378/2378
f 2852/2852 2851/2851 2378/2378
f 2852/2852 2378/2378 2377/2377
f 2850/2850 2720/2720 2834/2834
f 2850/2850 2834/2834 2855/2855
f 2849/2849 2850/2850 2855/2855
f 2849/2849 2855/2855 2853/2853
f 2843/2843 2849/2849 2853/2853
f 2843/2843 2853/2853 2844/2844
f 2856/2856 2394/2394 2305/2305
f 2856/2856 2305/2305 2304/2304
f 2857/2857 2858/2858 2859/2859
f 2857/2857 2859/2859 2860/2860
f 2861/2861 2862/2862 2863/2863
f 2861/2861 2863/2863 2864/2864
f 2865/2865 2866/2866 2867/2867
f 2865/2865 2867/2867 2868/2868
f 2868/2868 2867/2867 2869/2869
f 2868/2868 2869/2869 2870/2870
f 2871/2871 2872/2872 2873/2873
f 2871/2871 2873/2873 2874/2874
f 2875/2875 2876/2876 2866/2866
f 2875/2875 2866/2866 2865/2865
f 2877/2877 2878/2878 2879/2879
f 2877/2877 2879/2879 2880/2880
f 2881/2881 2882/2882 2883/2883
f 2881/2881 2883/2883 2884/2884
f 2885/2885 2886/2886 2887/2887
f 2885/2885 2887/2887 2888/2888
f 2889/2889 2890/2890 2891/2891
f 2889/2889 2891/2891 2892/2892
f 2890/2890 2860/2860 2893/2893
f 2890/2890 2893/2893 2891/2891
f 2870/2870 2869/2869 2872/2872
f 2870/2870 2872/2872 2871/2871
f 2860/2860 2859/2859 2894/2894
f 2860/2860 2894/2894 2893/2893
f 2874/2874 2873/2873 2895/2895
f 2874/2874 2895/2895 2896/2896
f 2880/2880 2879/2879 2882/2882
f 2880/2880 2882/2882 2881/2881
f 2884/2884 2883/2883 2886/2886
f 2884/2884 2886/2886 2885/2885
f 2888/2888 2887/2887 2897/2897
f 2888/2888 2897/2897 2898/2898
f 2899/2899 2900/2900 2857/2857
f 2899/2899 2857/2857 2901/2901
f 2863/2863 2902/2902 2903/2903
f 2863/2863 2903/2903 2904/2904
f 2859/2859 2884/2884 2885/2885
f 2859/2859 2885/2885 2894/2894
f 2864/2864 2863/2863 2904/2904
f 2864/2864 2904/2904 2905/2905
f 2906/2906 2907/2907 2908/2908
f 2906/2906 2908/2908 2909/2909
f 2900/2900 2910/2910 2858/2858
f 2900/2900 2858/2858 2857/2857
f 2910/2910 2880/2880 2881/2881
f 2910/2910 2881/2881 2858/2858
f 2911/2911 2912/2912 2913/2913
f 2911/2911 2913/2913 2914/2914
f 2915/2915 2916/2916 2917/2917
f 2915/2915 2917/2917 2918/2918
f 2916/2916 2919/2919 2920/2920
f 2916/2916 2920/2920 2917/2917
f 2919/2919 2921/2921 2922/2922
f 2919/2919 2922/2922 2920/2920
f 2923/2923 2924/2924 2925/2925
f 2923/2923 2925/2925 2926/2926
f 2927/2927 2923/2923 2926/2926
f 2927/2927 2926/2926 2928/2928
f 2929/2929 2927/2927 2928/2928
f 2929/2929 2928/2928 2930/2930
f 2931/2931 2929/2929 2930/2930
f 2931/2931 2930/2930 2932/2932
f 2933/2933 2931/2931 2932/2932
f 2933/2933 2932/2932 2934/2934
f 2935/2935 2933/2933 2934/2934
f 2935/2935 2934/2934 2936/2936
f 2937/2937 2938/2938 2939/2939
f 2937/2937 2939/2939 2940/2940
f 2941/2941 2937/2937 2940/2940
f 2941/2941 2940/2940 2942/2942
f 2922/2922 2941/2941 2942/2942
f 2922/2922 2942/2942 2943/2943
f 2920/2920 2922/2922 2943/2943
f 2920/2920 2943/2943 2944/2944
f 2917/2917 2920/2920 2944/2944
f 2917/2917 2944/2944 2945/2945
f 2907/2907 2946/2946 2947/2947
f 2907/2907 2947/2947 2908/2908
f 2948/2948 2949/2949 2950/2950
f 2948/2948 2950/2950 2951/2951
f 2949/2949 2889/2889 2892/2892
f 2949/2949 2892/2892 2950/2950
f 2898/2898 2897/2897 2952/2952
f 2898/2898 2952/2952 2912/2912
f 2918/2918 2917/2917 2945/2945
f 2918/2918 2945/2945 2953/2953
f 2946/2946 2954/2954 2955/2955
f 2946/2946 2955/2955 2947/2947
f 2914/2914 2913/2913 2956/2956
f 2914/2914 2956/2956 2957/2957
f 2958/2958 2864/2864 2905/2905
f 2958/2958 2905/2905 2959/2959
f 2960/2960 2870/2870 2871/2871
f 2960/2960 2871/2871 2961/2961
f 2962/2962 2960/2960 2961/2961
f 2962/2962 2961/2961 2963/2963
f 2954/2954 2964/2964 2965/2965
f 2954/2954 2965/2965 2955/2955
f 2964/2964 2966/2966 2967/2967
f 2964/2964 2967/2967 2965/2965
f 2966/2966 2888/2888 2898/2898
f 2966/2966 2898/2898 2967/2967
f 2968/2968 2861/2861 2864/2864
f 2968/2968 2864/2864 2958/2958
f 2969/2969 2914/2914 2957/2957
f 2969/2969 2957/2957 2970/2970
f 2971/2971 2969/2969 2970/2970
f 2971/2971 2970/2970 2921/2921
f 2972/2972 2971/2971 2921/2921
f 2972/2972 2921/2921 2919/2919
f 2973/2973 2972/2972 2919/2919
f 2973/2973 2919/2919 2916/2916
f 2974/2974 2973/2973 2916/2916
f 2974/2974 2916/2916 2915/2915
f 2975/2975 2911/2911 2914/2914
f 2975/2975 2914/2914 2969/2969
f 2976/2976 2975/2975 2969/2969
f 2976/2976 2969/2969 2971/2971
f 2977/2977 2976/2976 2971/2971
f 2977/2977 2971/2971 2972/2972
f 2978/2978 2977/2977 2972/2972
f 2978/2978 2972/2972 2973/2973
f 2912/2912 2952/2952 2979/2979
f 2912/2912 2979/2979 2913/2913
f 2921/2921 2970/2970 2941/2941
f 2921/2921 2941/2941 2922/2922
f 2970/2970 2957/2957 2937/2937
f 2970/2970 2937/2937 2941/2941
f 2957/2957 2956/2956 2938/2938
f 2957/2957 2938/2938 2937/2937
f 2980/2980 2978/2978 2973/2973
f 2980/2980 2973/2973 2974/2974
f 2945/2945 2944/2944 2931/2931
f 2945/2945 2931/2931 2933/2933
f 2981/2981 2962/2962 2963/2963
f 2981/2981 2963/2963 2982/2982
f 2858/2858 2881/2881 2884/2884
f 2858/2858 2884/2884 2859/2859
f 2944/2944 2943/2943 2929/2929
f 2944/2944 2929/2929 2931/2931
f 2943/2943 2942/2942 2927/2927
f 2943/2943 2927/2927 2929/2929
f 2942/2942 2940/2940 2923/2923
f 2942/2942 2923/2923 2927/2927
f 2953/2953 2945/2945 2933/2933
f 2953/2953 2933/2933 2935/2935
f 2983/2983 2981/2981 2982/2982
f 2983/2983 2982/2982 2862/2862
f 2913/2913 2979/2979 2984/2984
f 2913/2913 2984/2984 2956/2956
f 2938/2938 2985/2985 2986/2986
f 2938/2938 2986/2986 2939/2939
f 2924/2924 2987/2987 2988/2988
f 2924/2924 2988/2988 2925/2925
f 2925/2925 2988/2988 894/894
f 2925/2925 894/894 893/893
f 2939/2939 2986/2986 2987/2987
f 2939/2939 2987/2987 2924/2924
f 2956/2956 2984/2984 2985/2985
f 2956/2956 2985/2985 2938/2938
f 2926/2926 2925/2925 893/893
f 2926/2926 893/893 859/859
f 2928/2928 2926/2926 859/859
f 2928/2928 859/859 857/857
f 2930/2930 2928/2928 857/857
f 2930/2930 857/857 855/855
f 2940/2940 2939/2939 2924/2924
f 2940/2940 2924/2924 2923/2923
f 2932/2932 2930/2930 855/855
f 2932/2932 855/855 852/852
f 2951/2951 2950/2950 2907/2907
f 2951/2951 2907/2907 2906/2906
f 2989/2989 2990/2990 2991/2991
f 2989/2989 2991/2991 2992/2992
f 2993/2993 2868/2868 2870/2870
f 2993/2993 2870/2870 2960/2960
f 2994/2994 2993/2993 2960/2960
f 2994/2994 2960/2960 2962/2962
f 2991/2991 2994/2994 2962/2962
f 2991/2991 2962/2962 2981/2981
f 2901/2901 2857/2857 2860/2860
f 2901/2901 2860/2860 2890/2890
f 2995/2995 2901/2901 2890/2890
f 2995/2995 2890/2890 2889/2889
f 2992/2992 2991/2991 2981/2981
f 2992/2992 2981/2981 2983/2983
f 2996/2996 2995/2995 2889/2889
f 2996/2996 2889/2889 2949/2949
f 2997/2997 2996/2996 2949/2949
f 2997/2997 2949/2949 2948/2948
f 2998/2998 2983/2983 2862/2862
f 2998/2998 2862/2862 2861/2861
f 2862/2862 2982/2982 2902/2902
f 2862/2862 2902/2902 2863/2863
f 2982/2982 2963/2963 2999/2999
f 2982/2982 2999/2999 2902/2902
f 2934/2934 2932/2932 852/852
f 2934/2934 852/852 851/851
f 2936/2936 2934/2934 851/851
f 2936/2936 851/851 861/861
f 2963/2963 2961/2961 3000/3000
f 2963/2963 3000/3000 2999/2999
f 2961/2961 2871/2871 2874/2874
f 2961/2961 2874/2874 3000/3000
f 3001/3001 3002/3002 3003/3003
f 3001/3001 3003/3003 3004/3004
f 3002/3002 3005/3005 3006/3006
f 3002/3002 3006/3006 3003/3003
f 3005/3005 3007/3007 2899/2899
f 3005/3005 2899/2899 3006/3006
f 3007/3007 3008/3008 2900/2900
f 3007/3007 2900/2900 2899/2899
f 3009/3009 2992/2992 2983/2983
f 3009/3009 2983/2983 2998/2998
f 3010/3010 2877/2877 2880/2880
f 3010/3010 2880/2880 2910/2910
f 3008/3008 3010/3010 2910/2910
f 3008/3008 2910/2910 2900/2900
f 2950/2950 2892/2892 2946/2946
f 2950/2950 2946/2946 2907/2907
f 2892/2892 2891/2891 2954/2954
f 2892/2892 2954/2954 2946/2946
f 2891/2891 2893/2893 2964/2964
f 2891/2891 2964/2964 2954/2954
f 2893/2893 2894/2894 2966/2966
f 2893/2893 2966/2966 2964/2964
f 2894/2894 2885/2885 2888/2888
f 2894/2894 2888/2888 2966/2966
f 3011/3011 3009/3009 2998/2998
f 3011/3011 2998/2998 3012/3012
f 3013/3013 2865/2865 2868/2868
f 3013/3013 2868/2868 2993/2993
f 3014/3014 3013/3013 2993/2993
f 3014/3014 2993/2993 2994/2994
f 2909/2909 2908/2908 2978/2978
f 2909/2909 2978/2978 2980/2980
f 2990/2990 3014/3014 2994/2994
f 2990/2990 2994/2994 2991/2991
f 2908/2908 2947/2947 2977/2977
f 2908/2908 2977/2977 2978/2978
f 3012/3012 2998/2998 2861/2861
f 3012/3012 2861/2861 2968/2968
f 3015/3015 2875/2875 2865/2865
f 3015/3015 2865/2865 3013/3013
f 3016/3016 3015/3015 3013/3013
f 3016/3016 3013/3013 3014/3014
f 3017/3017 3016/3016 3014/3014
f 3017/3017 3014/3014 2990/2990
f 3018/3018 3017/3017 2990/2990
f 3018/3018 2990/2990 2989/2989
f 2947/2947 2955/2955 2976/2976
f 2947/2947 2976/2976 2977/2977
f 2955/2955 2965/2965 2975/2975
f 2955/2955 2975/2975 2976/2976
f 2965/2965 2967/2967 2911/2911
f 2965/2965 2911/2911 2975/2975
f 2967/2967 2898/2898 2912/2912
f 2967/2967 2912/2912 2911/2911
f 3019/3019 3020/3020 3002/3002
f 3019/3019 3002/3002 3001/3001
f 3021/3021 2989/2989 2992/2992
f 3021/3021 2992/2992 3009/3009
f 3020/3020 3022/3022 3005/3005
f 3020/3020 3005/3005 3002/3002
f 3022/3022 3023/3023 3007/3007
f 3022/3022 3007/3007 3005/3005
f 3024/3024 2896/2896 3025/3025
f 3024/3024 3025/3025 3026/3026
f 3023/3023 3027/3027 3008/3008
f 3023/3023 3008/3008 3007/3007
f 3027/3027 3026/3026 3010/3010
f 3027/3027 3010/3010 3008/3008
f 3028/3028 3018/3018 2989/2989
f 3028/3028 2989/2989 3021/3021
f 3026/3026 3025/3025 2877/2877
f 3026/3026 2877/2877 3010/3010
f 3029/3029 3028/3028 3021/3021
f 3029/3029 3021/3021 3030/3030
f 3030/3030 3021/3021 3009/3009
f 3030/3030 3009/3009 3011/3011
f 2959/2959 2905/2905 3020/3020
f 2959/2959 3020/3020 3019/3019
f 3025/3025 3031/3031 2878/2878
f 3025/3025 2878/2878 2877/2877
f 2902/2902 2999/2999 3032/3032
f 2902/2902 3032/3032 2903/2903
f 3032/3032 3024/3024 3026/3026
f 3032/3032 3026/3026 3027/3027
f 2905/2905 2904/2904 3022/3022
f 2905/2905 3022/3022 3020/3020
f 2999/2999 3000/3000 3024/3024
f 2999/2999 3024/3024 3032/3032
f 3000/3000 2874/2874 2896/2896
f 3000/3000 2896/2896 3024/3024
f 2903/2903 3032/3032 3027/3027
f 2903/2903 3027/3027 3023/3023
f 2904/2904 2903/2903 3023/3023
f 2904/2904 3023/3023 3022/3022
f 3004/3004 3003/3003 2996/2996
f 3004/3004 2996/2996 2997/2997
f 3003/3003 3006/3006 2995/2995
f 3003/3003 2995/2995 2996/2996
f 2896/2896 2895/2895 3031/3031
f 2896/2896 3031/3031 3025/3025
f 3006/3006 2899/2899 2901/2901
f 3006/3006 2901/2901 2995/2995

