# https://github.com/mikedh/trimesh
mtllib material.mtl
usemtl Road_Edge_Gravel_Dusty
v 80.45125696 42.44133126 -13.61566849
v 79.80169794 43.72738011 -13.84571020
v 79.68435786 43.64711125 -13.85428563
v 95.54640314 20.78723918 -9.30539275
v 94.96052668 21.69792183 -9.48172346
v 95.43100092 20.76865397 -9.31706572
v 79.71391413 -10.16216170 -3.27409193
v 79.67750666 -9.99075209 -3.30146622
v 78.56393549 -9.94017682 -3.19528032
v 27.04187701 61.17260104 -25.66669693
v 27.54078028 62.48574384 -25.56133521
v 26.78398058 61.42768984 -25.70087666
v 18.43910143 53.21072679 -27.15543465
v 19.36563799 52.97057636 -27.03586674
v 19.24057696 53.49593647 -27.02788648
v -19.62589147 92.88129814 -32.85984785
v -18.00638464 91.73539743 -32.77856410
v -19.37140539 93.11886603 -32.95132433
v -18.33455541 89.16569149 -32.62086409
v -18.59821203 89.45706188 -32.62953113
v -18.36499670 89.14222347 -32.62516707
v -12.38927343 78.95386536 -31.46490235
v -12.29288366 79.04328568 -31.44910951
v -13.07749059 80.31924085 -31.60944908
v 72.16674921 -9.37483475 -2.43731532
v 72.17772028 -9.30731461 -2.45129238
v 71.76408503 -9.25619766 -2.41100919
v 76.88449213 -10.06614571 -2.92196487
v 76.83924982 -9.82071573 -3.00071552
v 75.47071955 -9.68829993 -2.83491354
v 68.83784601 -9.04960885 -2.04565278
v 68.85755274 -8.88740030 -2.08087009
v 67.76392481 -8.74773659 -1.94843908
v 60.22459528 -7.93643424 -0.99464283
v 61.99841425 -8.13775110 -1.14105088
v 62.00374720 -8.08249140 -1.14678819
v 77.77049372 48.14513889 -14.84970873
v 77.58451197 48.02267566 -14.86766830
v 78.14772913 46.46677514 -14.54450215
v 78.32756922 46.59793970 -14.52507774
v 77.26455805 49.73184691 -15.13942761
v 77.07725642 49.60746871 -15.15569346
v 80.09887049 45.74958161 -14.07242562
v 80.75564692 44.30104193 -13.77753403
v 81.33870051 44.63315710 -13.77521475
v 80.69541285 46.04963044 -14.06880934
v 81.62351343 44.79633459 -13.77420769
v 82.32114527 43.42572917 -13.50818574
v 82.60413477 43.60469092 -13.50902500
v 81.90769312 44.95811495 -13.78021968
v 77.95659754 48.26793019 -14.81589527
v 78.51386378 46.72017786 -14.48859399
v 77.45185969 49.85623657 -15.10689590
v 80.98912928 46.19838838 -14.06722245
v 80.46268580 44.14077124 -13.76079511
v 81.18766138 42.70585001 -13.53505635
v 81.46972010 42.88834514 -13.49971703
v 82.03846094 43.24699534 -13.50736174
v 80.89758417 42.52692545 -13.55196306
v 81.67885706 41.11987393 -13.31323908
v 81.96228907 41.30989163 -13.29640866
v 80.16996119 43.97223791 -13.81322428
v 81.28285334 46.34545163 -14.07479083
v 79.79880640 45.60312776 -14.06911444
v 80.40947077 47.62676643 -14.38552102
v 80.71178553 47.75696586 -14.38872539
v 79.19216273 47.10025524 -14.39353180
v 79.49793360 47.23005031 -14.39052584
v 79.88395808 49.08795183 -14.71178469
v 80.19318507 49.20075625 -14.71190678
v 78.64029810 48.63189810 -14.72037531
v 78.95253107 48.74435537 -14.71750668
v 79.40914271 50.59137452 -15.01374111
v 79.72527430 50.68806565 -15.01261197
v 78.14245722 50.20353043 -15.02161458
v 78.46021387 50.29908860 -15.01920371
v 78.98654291 52.14026745 -15.28563772
v 79.30774805 52.22197064 -15.28484428
v 77.69757960 51.81218823 -15.29169541
v 78.02022669 51.89289196 -15.28983385
v 80.10802576 47.49610637 -14.38629920
v 79.50057337 45.45320252 -14.11249515
v 79.57499049 48.97502535 -14.71303589
v 79.09308741 50.49474061 -15.01538904
v 78.66545985 52.05877026 -15.28672108
v 77.82370112 50.11076844 -15.03977252
v 78.32730982 48.52121465 -14.74553704
v 77.37386439 51.73466595 -15.30402450
v 76.99875757 51.47755534 -15.37056803
v 82.23844263 41.50765365 -13.23947815
v 83.05277369 40.15464065 -12.98371011
v 83.60169337 40.54705856 -13.01021469
v 82.79696009 41.88654368 -13.25934516
v 83.34912989 42.26424449 -13.26492994
v 83.88769648 42.62087290 -13.30354999
v 83.15204737 43.94185675 -13.55332132
v 84.14515040 40.93933913 -13.01547904
v 84.67995570 41.31189772 -13.03945066
v 78.88570521 46.96988032 -14.42613981
v 81.87349818 46.63845090 -14.09079735
v 81.31698725 48.01736473 -14.39490524
v 83.07285425 42.07525676 -13.26212229
v 83.87339136 40.74298904 -13.01286975
v 84.71232722 39.42128040 -12.75098294
v 84.98176691 39.62168934 -12.75160858
v 85.51085779 40.01038410 -12.76175574
v 82.50179407 39.74807020 -13.07636141
v 82.78189966 39.94625899 -13.05934789
v 81.48395655 40.95925228 -13.33444877
v 82.43119929 39.69416853 -13.08940767
v 82.48308680 45.27957185 -13.81172913
v 79.12891505 45.20582703 -14.12702148
v 80.35651514 50.88173974 -15.01049103
v 79.95053980 52.38617810 -15.28334894
v 80.81192896 49.42728346 -14.71230354
v 80.54864619 42.29397714 -13.58664625
v 81.48395655 40.95925228 -13.33444877
v 77.90772364 55.25116061 -15.85062541
v 78.27291224 53.64961342 -15.55298721
v 78.59964106 53.72021583 -15.55416215
v 78.23720667 55.31100558 -15.85501995
v 77.57541010 56.88128751 -16.15665595
v 77.90564844 56.93445676 -16.16782539
v 77.25463984 58.52223290 -16.46019931
v 77.58362696 58.57097710 -16.48372837
v 76.91191218 56.76708311 -16.15880742
v 77.24648402 55.12790011 -15.85381448
v 77.61744807 53.50771431 -15.55596265
v 77.25307581 60.20863993 -16.78946899
v 77.91298792 58.62114036 -16.50776097
v 77.57979700 60.25991900 -16.82515931
v 78.23607752 56.98844999 -16.17922372
v 78.56688807 55.37144564 -15.85953656
v 78.92630122 53.79081825 -15.55533709
v 77.28997156 53.43842415 -15.55764111
v 76.96054194 53.37185005 -15.56894786
v 79.57913325 53.93160347 -15.55764119
v 79.22629664 55.49224184 -15.86855453
v 78.89693568 57.09629147 -16.20197459
v 78.57177851 58.72130667 -16.55579566
v 78.23337672 60.36241799 -16.89653994
v 77.22100947 61.89959218 -17.11175015
v 77.86774561 62.01707531 -17.19941192
v 76.82645533 63.51031754 -17.37374382
v 77.46666834 63.64977141 -17.46918757
v 96.02805445 24.26334379 -10.07985315
v 96.90644953 22.93516541 -9.90782535
v 97.54635737 23.25424956 -10.02466195
v 96.65001795 24.60305018 -10.21536651
v 95.11325953 25.56722254 -10.23865158
v 95.71444056 25.91973870 -10.37709463
v 94.16696284 26.84433739 -10.39004950
v 94.74857447 27.20139303 -10.52171764
v 95.47142145 23.98659516 -9.89197164
v 96.34567377 22.68325809 -9.70592101
v 96.62616083 22.80918123 -9.80685792
v 95.74996302 24.12499236 -9.98595054
v 94.83597681 25.41553494 -10.15652875
v 94.55806849 25.26362607 -10.07428386
v 94.00531885 24.95694733 -9.93217870
v 94.92683527 23.71814732 -9.68149186
v 95.80812189 22.45578774 -9.42239741
v 96.78402827 19.56583420 -8.97021799
v 96.30107233 19.50467696 -9.05542306
v 96.99229548 18.19941730 -8.79413134
v 97.48417780 18.23859425 -8.72775561
v 100.19418452 8.46529433 -7.17773571
v 100.27638361 7.08280230 -6.97749440
v 100.94552729 7.09204912 -6.98967091
v 100.85836909 8.50243422 -7.21280041
v 97.96450922 19.98922739 -9.32756364
v 98.68377802 18.61440291 -9.09572137
v 98.97700617 18.70631421 -9.17833247
v 98.25132868 20.09073647 -9.41427935
v 97.18248102 21.34889991 -9.52971230
v 97.46058771 21.46149450 -9.62169229
v 97.73861811 21.57392124 -9.71370281
v 99.77465937 7.26913499 -7.03422660
v 99.26997492 7.43579908 -7.24539301
v 99.28584406 6.09761093 -7.09695529
v 99.79385493 5.91153003 -6.91644379
v 99.67883417 8.61138197 -7.23312514
v 99.15928767 8.75783581 -7.33163590
v 99.52925226 9.98862498 -7.43632666
v 99.01358149 10.10967294 -7.53064125
v 99.31182978 11.38063086 -7.64775266
v 98.80037043 11.47554815 -7.74063293
v 99.01609919 12.77461276 -7.86015524
v 98.50526545 12.84069093 -7.95013633
v 95.20028803 22.14171608 -9.47781728
v 96.01957819 20.86792004 -9.21313812
v 96.58073542 21.13098157 -9.18373448
v 98.60397455 20.22551734 -9.49061910
v 101.79506037 8.53727764 -7.33395520
v 101.90217707 7.08530472 -7.08108632
v 102.21772883 7.07534072 -7.15884510
v 102.10516474 8.54085582 -7.42234937
v 97.36947748 19.77531446 -9.14677747
v 100.04089472 9.86747020 -7.38388218
v 100.69780085 9.93030589 -7.44452062
v 102.81521723 7.05220837 -7.30513111
v 102.68959162 8.54798164 -7.58905164
v 99.33322260 17.22753924 -8.84065523
v 99.66955683 17.33309190 -8.91740695
v 99.90484736 15.81618522 -8.58650461
v 100.23146174 15.90956899 -8.65024058
v 100.38844416 14.37390926 -8.33729783
v 100.70552180 14.45484949 -8.40020983
v 100.77497980 12.91121704 -8.07107750
v 101.08212397 12.97614317 -8.14348046
v 101.09335444 11.45194279 -7.78091613
v 101.38218806 11.48952518 -7.86332885
v 101.32251093 9.99064676 -7.49984900
v 101.61975214 10.00785103 -7.58932654
v 101.48547480 8.53546949 -7.24713269
v 101.58812067 7.09785509 -7.00512807
v 101.60763666 5.67194418 -6.79130642
v 101.93010065 5.64780476 -6.84626858
v 101.92677424 10.02611578 -7.68222205
v 99.81952021 11.28458442 -7.59651363
v 100.46525690 11.36702765 -7.69471921
v 101.69159052 11.52487978 -7.94949524
v 99.52774164 12.70812260 -7.81132710
v 100.15684626 12.80792268 -7.95433249
v 101.39755366 13.03086118 -8.21309107
v 99.32965205 18.83374035 -9.23099057
v 98.07695124 18.42060868 -8.92380056
v 94.33041498 23.38671878 -9.75018687
v 99.97607539 17.42881028 -8.95810216
v 100.95643732 5.70066122 -6.78683560
v 100.53985712 15.99317189 -8.69694775
v 98.71698115 17.05156728 -8.67958342
v 99.28019831 15.65949273 -8.43741095
v 99.76129267 14.24214963 -8.20109786
v 100.60518000 17.62536635 -9.04165932
v 99.95028803 19.05213175 -9.30322572
v 101.17335627 16.16395587 -8.79271194
v 101.01623652 14.52449823 -8.45486682
v 101.62118647 14.65924094 -8.56114431
v 101.98236201 13.13042476 -8.34179897
v 102.26260493 11.59006530 -8.10847658
v 102.49978754 10.06052432 -7.85568397
v 98.66841242 15.51282528 -8.25572453
v 99.14134333 14.11860688 -8.03123700
v 99.21293757 20.46524817 -9.55856652
v 98.40550349 21.86991884 -9.80162400
v 97.61450312 16.87272667 -8.53497585
v 97.11753962 16.85896322 -8.62478908
v 97.65954706 15.53609492 -8.38795720
v 98.16304133 15.52414730 -8.30169926
v 98.12350580 14.19559507 -8.16379011
v 98.63176081 14.15695983 -8.07771527
v 98.11409113 16.88719201 -8.48591884
v 100.28604243 5.72542623 -6.78541654
v 102.25363276 5.62551166 -6.90181056
v 94.06454584 23.34599306 -9.78857798
v 94.78534052 22.04471594 -9.54469654
v 88.28091547 32.27373479 -11.51927706
v 89.20632288 31.02777078 -11.26433301
v 89.75423548 31.41716746 -11.19066364
v 88.82801173 32.66393255 -11.44148782
v 87.34603236 35.43850007 -11.97676659
v 88.21628687 34.11982030 -11.71841982
v 88.49250147 34.30602330 -11.72650701
v 87.61980555 35.62840333 -11.98196987
v 87.39064905 33.54533451 -11.78275078
v 87.93906519 33.93338079 -11.70819640
v 86.52655146 34.85514130 -12.03645888
v 87.07132838 35.24852052 -11.96800802
v 85.65235255 36.17609463 -12.27686132
v 86.19066737 36.57933102 -12.21861859
v 87.21056483 33.42003696 -11.79764334
v 86.30737421 34.68338073 -12.05327404
v 86.46148035 36.77516995 -12.22354721
v 86.73142359 36.97072659 -12.22678210
v 88.11795924 32.15956852 -11.53272004
v 89.38012812 33.03732370 -11.46706161
v 89.93387720 33.41161416 -11.49406973
v 89.04737208 34.67977208 -11.74268139
v 89.10447809 32.85101293 -11.45361859
v 90.30571863 31.78950479 -11.22105921
v 90.85959742 32.16140725 -11.25961823
v 85.57975123 38.10252434 -12.48255011
v 85.84743616 38.30157524 -12.48294687
v 87.27393458 37.36468564 -12.23345026
v 86.37777827 38.69427544 -12.48471695
v 90.03019068 31.60421732 -11.20181785
v 88.17041895 36.00930085 -11.99228488
v 90.70824549 30.18981154 -10.93613158
v 90.98295710 30.37535841 -10.94954409
v 91.67989466 28.97134387 -10.68335429
v 91.95416376 29.15014635 -10.71983808
v 92.65831873 27.75576011 -10.42859334
v 92.92913935 27.92199697 -10.51007531
v 93.32833979 24.57579038 -10.06975188
v 93.41838190 24.61057280 -10.00287262
v 92.82227442 25.38832851 -10.16652326
v 93.30004237 24.62117765 -10.07883087
v 93.61296198 26.51706690 -10.25198792
v 93.89037440 26.68093866 -10.32112552
v 91.11723444 28.59665667 -10.68814548
v 92.08919642 27.38849632 -10.43512405
v 93.05557368 26.17832943 -10.18040888
v 93.20435450 28.09323873 -10.56300807
v 93.74937556 28.43156421 -10.66769868
v 90.15104792 29.80932600 -10.95334344
v 92.22956202 29.32830797 -10.75829026
v 91.25829432 30.55873091 -10.97615545
v 90.81874964 28.38412462 -10.76303559
v 89.92791102 29.64598066 -11.01584341
v 89.02623102 30.90177895 -11.27910350
v 92.78437922 29.68679795 -10.83569815
v 91.81210444 30.92697126 -11.02959179
v 85.31106684 37.90287834 -12.48158877
v 84.44282648 39.22073414 -12.75035730
v 82.45560572 39.66149946 -13.08307527
v 83.06683466 38.86801194 -12.91316852
v 83.90621302 38.81401111 -12.78816851
v 84.77526209 37.49403434 -12.52945553
v 84.38604090 37.19770865 -12.56265860
v 83.40924952 38.43582964 -12.83040478
v 85.35442469 35.95468196 -12.30199251
v 99.55352900 0.64537874 -6.06736761
v 99.16769526 -0.51372463 -5.90670764
v 99.79216120 -0.75844509 -5.91571028
v 100.19456599 0.44751802 -6.07835391
v 101.15648005 0.15436616 -6.08734129
v 100.72842524 -1.12303859 -5.92864968
v 101.04026911 -1.24507839 -5.93214392
v 101.47674677 0.05647340 -6.08551022
v 100.83627436 0.25222841 -6.08918762
v 100.41656611 -1.00099880 -5.92515543
v 99.07269404 0.92118133 -6.19850169
v 98.57498286 1.20230160 -6.38371292
v 98.20282099 0.08840240 -6.21989438
v 98.68861506 -0.20725186 -5.98724357
v 98.23413203 -1.29567652 -5.83424352
v 98.70034907 -1.62409905 -5.76113861
v 99.90768549 -2.20651940 -5.77648885
v 100.20898554 -2.35260705 -5.78251605
v 99.37056086 2.10791836 -6.37269622
v 98.86795161 2.36624963 -6.55693088
v 99.58828852 3.33805139 -6.54614308
v 99.08192560 3.57247214 -6.73033196
v 99.85679743 1.85234893 -6.24118068
v 100.07859919 3.10608730 -6.41381882
v 100.22085688 4.39795739 -6.59770270
v 99.72921870 4.60762839 -6.72947764
v 99.22096369 4.81816913 -6.91217115
v 101.81614802 1.40035307 -6.27215595
v 102.12060664 -0.13595518 -6.07627862
v 102.46904108 1.25181639 -6.26741044
v 102.05540583 2.78133449 -6.47187846
v 102.70672724 2.66399440 -6.48886147
v 102.19978449 4.19040733 -6.67605655
v 102.84282038 4.10132651 -6.72854677
v 102.89427302 5.56946611 -7.00318995
v 101.54231379 4.26492364 -6.61113041
v 101.87136957 4.22759300 -6.64361637
v 101.39674494 2.89043483 -6.44435162
v 101.72616694 2.83583888 -6.45811504
v 101.16345331 1.55017912 -6.26957723
v 101.48979304 1.47525847 -6.27085896
v 101.66906855 -1.48703701 -5.93136568
v 100.51017878 1.70055449 -6.25575280
v 100.74058649 2.99933681 -6.42947432
v 100.88893244 4.33390099 -6.60401983
v 99.30423090 -1.91635827 -5.76838648
v 97.75994990 -0.97925505 -6.06922892
v 97.24240229 -1.99764186 -5.92007409
v 97.70662043 -2.34342888 -5.74055438
v 98.15507624 -2.68074728 -5.61561536
v 100.51023981 -2.49864129 -5.78854325
v 101.11958430 -2.78929834 -5.79122875
v 99.31414912 -3.35445334 -5.62393129
v 99.60322687 -3.52356650 -5.63056884
v 98.91299555 -4.63460469 -5.48931805
v 99.18759272 -4.82556843 -5.50062478
v 99.89212153 -3.69257285 -5.63720639
v 97.53506586 -3.68268513 -5.47116024
v 97.09745905 -3.31719136 -5.54104556
v 96.42172358 -4.24666522 -5.40534900
v 96.84289667 -4.62915727 -5.33129803
v 95.68168757 -5.12956926 -5.31606968
v 96.08125422 -5.51941604 -5.19782926
v 94.87078974 -5.93456190 -5.12800497
v 95.25444147 -6.34918897 -5.05934035
v 93.99980280 -6.69199291 -5.00475961
v 94.36348078 -7.12042155 -4.92967104
v 95.69731257 -6.84200209 -5.12383917
v 96.56549189 -5.97943802 -5.23556417
v 97.36464045 -5.05082628 -5.33949193
v 97.05185053 -6.44611283 -5.26888929
v 97.88337824 -5.47255632 -5.34738066
v 97.29512141 -6.67581864 -5.26623422
v 96.38006708 -7.59845656 -5.16586175
v 96.60640070 -7.84421462 -5.14918386
v 97.53863642 -6.90562363 -5.26357915
v 95.26912043 -4.72895741 -5.48802104
v 94.47856257 -5.52648088 -5.34471036
v 98.14239619 -5.68409655 -5.36080836
v 98.40135309 -5.89548418 -5.37422080
v 98.73486445 -3.01886679 -5.61898750
v 95.99185297 -3.87203147 -5.62686090
v 96.65063593 -2.96128015 -5.77172799
v 96.15435908 -7.35321731 -5.18252439
v 95.18786738 -8.19365613 -5.07760482
v 95.39480707 -8.45343701 -5.05366374
v 98.08711359 -4.06424641 -5.47360159
v 98.63823054 -4.44347309 -5.47801132
v 95.60249445 -8.71402661 -5.02969214
v 96.02040217 -9.23392406 -4.98115385
v 97.06356928 -8.33521955 -5.11247113
v 94.53321955 -9.50907816 -4.89700158
v 94.91278193 -10.05602182 -4.84263443
v 98.93176386 -6.32240984 -5.38673293
v 99.74603388 -5.20931172 -5.51026827
v 100.47679255 -4.02988364 -5.64013602
v 94.76487849 -7.64337841 -5.00671258
v 94.34471247 -9.23490061 -4.92417753
v 98.03408930 -7.36666031 -5.24934263
v 94.15678522 -8.96169200 -4.95132296
v 93.07031367 -7.38714517 -4.86822385
v 92.71786616 -6.94851606 -5.07345463
v 91.76635859 -7.57779612 -4.93252436
v 92.08197138 -8.02072059 -4.72959765
v 90.22828791 -9.55962281 -4.35708458
v 89.06010554 -10.00820067 -4.22537064
v 89.26617548 -10.64701750 -4.22306646
v 90.48172114 -10.18122010 -4.35693189
v 91.05108759 -8.62631140 -4.65643166
v 90.69210932 -8.15692819 -4.86964279
v 89.67033503 -8.59673222 -4.55390786
v 89.95100519 -9.08600527 -4.43755951
v 91.34080622 -9.04841525 -4.50326386
v 91.62831232 -9.65315922 -4.52944785
v 93.06228754 -9.65513527 -4.79112082
v 93.22906611 -9.94258797 -4.76646257
v 93.41229365 -7.82895577 -4.79795705
v 92.40142939 -8.47493658 -4.66647196
v 93.62707636 -6.26680679 -5.21028031
v 85.14703486 -10.37921804 -3.70330637
v 84.94793818 -9.86923882 -3.89539935
v 83.66757319 -9.96097464 -3.76307512
v 83.84634516 -10.47870532 -3.54357735
v 90.73428461 -10.80037599 -4.35851870
v 91.92178461 -10.25733860 -4.55666943
v 92.71879694 -9.05698310 -4.72903290
v 92.06735346 -10.55865391 -4.55778327
v 93.77208063 -8.38043894 -4.87727215
v 93.39622614 -10.23081123 -4.74178906
v 88.81050226 -9.52120116 -4.26054223
v 87.63598749 -9.87804317 -4.04334857
v 87.86338923 -10.37139033 -4.00608652
v 86.41711542 -10.16858574 -3.84992811
v 86.62518427 -10.66631217 -3.79830754
v 92.21286127 -10.86020573 -4.55888185
v 86.20176813 -9.65885066 -3.98209982
v 87.39158747 -9.38443663 -4.22221217
v 88.54206965 -9.03551394 -4.44442597
v 93.73387263 -10.80618964 -4.69053469
v 89.47323725 -11.28468230 -4.22149470
v 88.02752802 -11.02191829 -4.00509460
v 88.19168207 -11.67173671 -4.00337025
v 89.67823908 -11.92270568 -4.22347824
v 88.35470698 -12.32153987 -4.00436196
v 88.52172968 -12.97147273 -3.99804472
v 89.88925288 -12.56069853 -4.21737462
v 90.98301813 -11.42063051 -4.38984490
v 91.24247858 -12.04906374 -4.40287580
v 92.51197932 -11.46837528 -4.54798698
v 86.75463984 -11.32311149 -3.82299616
v 85.41998408 -11.55301565 -3.72447012
v 85.50808832 -12.23128409 -3.74809061
v 86.88256953 -11.98274895 -3.83523360
v 87.01396296 -12.63905998 -3.82433872
v 87.14743159 -13.29636283 -3.80637902
v 90.85870478 -11.11061769 -4.37418943
v 85.33308527 -10.90035909 -3.66503724
v 86.94821284 -12.31079765 -3.82978616
v 85.55647394 -12.56183523 -3.72537022
v 85.60490534 -12.89304250 -3.70264983
v 89.57577631 -11.60379698 -4.22248647
v 88.27319453 -11.99666499 -4.00385847
v 85.70355341 -13.55457204 -3.65737690
v 84.00679133 -11.00803271 -3.52134521
v 82.49682734 -10.47208299 -3.44885079
v 82.64541743 -11.00813950 -3.40699584
v 81.12027094 -10.36322678 -3.37612742
v 81.25103876 -10.90218245 -3.28466615
v 79.82785151 -10.69969067 -3.15908635
v 81.22706721 -12.24289597 -3.40237223
v 79.75601313 -12.03729902 -3.24828901
v 79.74163935 -12.37226759 -3.24268898
v 81.22148249 -12.60408676 -3.37872105
v 78.26631281 -11.74519999 -3.06837268
v 78.24008295 -12.07868083 -3.06933393
v 76.75743220 -11.38177375 -2.84777642
v 76.72259638 -11.71404151 -2.85711475
v 84.14157221 -12.69525044 -3.61787203
v 84.17482111 -13.02651111 -3.57662747
v 82.66529963 -11.67352191 -3.53751942
v 84.05322382 -11.66414540 -3.62179371
v 82.69152949 -12.70587816 -3.49847201
v 81.22575495 -12.93197524 -3.32328581
v 82.70628474 -13.03613939 -3.44776700
v 79.73159907 -12.72810254 -3.19454744
v 78.21574518 -12.43820079 -3.06355079
v 78.17859003 -13.08624917 -2.94515774
v 79.71710322 -13.37995036 -3.07612387
v 81.23408625 -13.58903394 -3.21357501
v 82.73915217 -13.69892013 -3.35665666
v 79.80651972 -11.17588695 -3.09922604
v 81.23416254 -11.56856431 -3.41602895
v 78.36991999 -10.41915019 -3.06661813
v 78.33000300 -11.08991128 -2.95840269
v 76.68765375 -12.04584388 -2.86645307
v 76.63047907 -12.72251013 -2.80833223
v 84.24076960 -13.68900194 -3.50439226
v 76.82933161 -10.73110083 -2.81841862
v 84.10925410 -12.33408254 -3.65870461
v 82.68864558 -12.34818164 -3.53674111
v 68.63373682 73.30826032 -19.45226715
v 68.45923731 73.10865627 -19.53661770
v 69.30821345 72.23327102 -19.33662061
v 69.48428461 72.42671052 -19.25741227
v 67.73939631 74.11849818 -19.61246931
v 67.56684229 73.91095956 -19.70071085
v 66.80508539 74.84388954 -19.79572748
v 66.63648341 74.62824468 -19.88726492
v 65.82277033 75.49116352 -19.97669683
v 65.65868494 75.26828982 -20.07153016
v 65.10067103 76.50907352 -20.00289633
v 66.13989374 75.93026191 -19.82059948
v 66.32355616 76.21110755 -19.81268022
v 65.26111719 76.80370930 -19.99480922
v 67.13086817 75.26892694 -19.64397889
v 67.33636591 75.53426966 -19.63616644
v 64.79332850 76.05802751 -20.16318984
v 64.63451502 75.82870696 -20.26093760
v 63.71463129 76.54180738 -20.35032371
v 63.56146357 76.30600186 -20.45075702
v 62.58623621 76.93727702 -20.53928861
v 62.44016382 76.69540994 -20.64257532
v 61.40658686 77.24728217 -20.74029269
v 61.26822779 77.00118078 -20.84452544
v 60.17283747 77.46821033 -20.93780249
v 60.04307673 77.21881685 -21.04192843
v 71.74959681 69.36602642 -18.56753140
v 71.56688044 69.19564296 -18.63938501
v 72.24599573 68.04411940 -18.41819341
v 72.42922327 68.20738083 -18.34855233
v 71.03045008 70.45809792 -18.78289413
v 70.84885523 70.28044746 -18.85763165
v 68.07308314 74.52808988 -19.46450490
v 68.29703638 74.77804410 -19.45715020
v 70.27251551 71.48033757 -18.99892823
v 70.09256098 71.29500812 -19.07651914
v 75.25186274 68.10844670 -18.06321296
v 75.87539027 66.61311592 -17.88758405
v 76.50241968 66.82876838 -17.95420396
v 75.86026118 68.37937031 -18.11432994
v 60.42533228 77.95474067 -20.76705672
v 61.67501948 77.72814387 -20.57006572
v 61.75954554 78.05231302 -20.56451157
v 60.48438380 78.28397193 -20.76612599
v 62.86847803 77.41051313 -20.37115209
v 62.97791407 77.72738477 -20.36309550
v 70.16497156 74.86695327 -19.31443476
v 71.10336420 73.88031619 -19.11852701
v 71.35836909 74.09721225 -19.12904035
v 70.40360377 75.09712066 -19.33065489
v 70.89202997 72.04567573 -18.85583140
v 71.66363642 70.99304820 -18.64257439
v 71.94386408 71.17648936 -18.64110957
v 71.16165278 72.24442909 -18.85427503
v 71.96193812 72.83824775 -18.86132469
v 72.23024866 73.03520438 -18.86941188
v 70.08672449 73.02354281 -19.11190455
v 70.34449122 73.23778766 -19.10956999
v 68.97408411 73.70733871 -19.30793433
v 69.21672938 73.93955078 -19.29984721
v 72.87654993 66.81532534 -18.20911729
v 73.06253168 66.97393283 -18.14103260
v 69.45655176 74.17352524 -19.29864180
v 68.51841090 75.02937925 -19.45655515
v 69.17123530 75.76895749 -19.47791757
v 69.39267084 76.01449429 -19.49853224
v 67.53904078 75.80106958 -19.63518992
v 68.13137934 76.59004816 -19.65549949
v 68.33436701 76.85243448 -19.67397793
v 66.50433466 76.49324638 -19.81158163
v 67.03279230 77.33115226 -19.82735936
v 67.21764490 77.60692435 -19.84054299
v 65.41854975 77.09953907 -19.99355805
v 65.87735865 77.98337772 -20.00307968
v 66.03937647 78.27432468 -20.01054127
v 72.78336451 68.53340014 -18.22101942
v 73.42038080 67.28946554 -18.01624627
v 73.72897455 67.42314779 -18.00814387
v 73.08330653 68.68510302 -18.21270341
v 72.10186121 69.70536665 -18.43860994
v 72.39408228 69.87144332 -18.43014134
v 64.14614985 77.31010270 -20.17846409
v 64.27861140 77.61795640 -20.17721292
v 60.69866297 79.60016455 -20.80865245
v 62.07553980 79.34887522 -20.58848334
v 62.15874598 79.67195718 -20.60445935
v 60.75532648 79.92858709 -20.82948075
v 61.84067652 78.37747019 -20.56594595
v 60.54004023 78.61430182 -20.77222956
v 63.39687464 78.99429914 -20.37331910
v 63.50743983 79.30912229 -20.38398504
v 63.08438990 78.04516050 -20.36185959
v 64.66475794 78.53887391 -20.18439996
v 64.80016444 78.84375596 -20.19053404
v 64.01067469 77.00333237 -20.18656646
v 73.98455164 65.95300546 -17.82369539
v 74.30368159 66.05996194 -17.81493687
v 74.56527827 69.46231707 -18.24369413
v 75.15818140 69.77147539 -18.27270114
v 73.83683893 70.71860747 -18.44541553
v 74.41430781 71.05682234 -18.46122369
v 73.05776331 71.91195537 -18.65234016
v 73.61596796 72.27959681 -18.66399794
v 73.43261835 65.48828375 -17.99630274
v 73.62061426 65.64263404 -17.93540494
v 71.69350550 72.64118049 -18.85322224
v 72.49936793 71.54394389 -18.64037721
v 72.77860377 71.72831965 -18.64654179
v 73.54813502 70.54946379 -18.43751145
v 74.26879237 69.30781420 -18.22919826
v 73.25917933 70.37892775 -18.42904279
v 73.97193262 69.15099200 -18.21433617
v 73.38097498 68.83873614 -18.21149799
v 72.68372462 70.03964858 -18.42866127
v 61.99233362 79.02554911 -20.57250734
v 63.28650782 78.67916319 -20.36259212
v 64.52997706 78.23346543 -20.17838795
v 65.71646998 77.69154957 -19.99575541
v 66.84919092 77.05327064 -19.81387054
v 67.92852137 76.32658609 -19.63656329
v 68.94954798 75.52338254 -19.45744024
v 69.82563135 72.81172030 -19.12145652
v 69.92596552 74.63699951 -19.29847403
v 68.28460810 72.90906367 -19.60136071
v 69.13208124 72.03984678 -19.39646555
v 70.84816859 73.66301578 -19.10769323
v 67.39415858 73.70343239 -19.76902441
v 70.61976740 71.84874961 -18.86428473
v 71.38070795 70.81164409 -18.65099721
v 60.64187739 79.27161230 -20.78782415
v 66.46769068 74.41261128 -19.95864550
v 65.49446986 75.04543519 -20.14600828
v 71.38403437 69.02527476 -18.69276022
v 72.06258509 67.88086943 -18.46970706
v 64.47551081 75.59940168 -20.33819281
v 74.64302180 67.83748113 -18.01208071
v 75.24709437 66.39468255 -17.81980447
v 75.56177637 66.50510277 -17.85425884
v 74.94766352 67.97306692 -18.03765446
v 74.03543970 67.55860769 -18.00718259
v 74.62037012 66.16977945 -17.81377722
v 62.32044337 80.31947915 -20.63723533
v 60.86582300 80.58597386 -20.87154934
v 63.72078059 79.94184705 -20.40719377
v 65.06251643 79.45781159 -20.20464852
v 66.35179255 78.86324527 -20.02824156
v 67.57756922 78.16546469 -19.86982470
v 68.73764918 77.37827142 -19.71191137
v 69.83561060 76.50662075 -19.54003622
v 70.87088129 75.56994475 -19.36558234
v 70.66719935 70.10280844 -18.91355508
v 69.91246912 71.10969393 -19.13499079
v 71.86913416 74.52571337 -19.14913624
v 63.40830347 76.07020778 -20.53054519
v 62.29402277 76.45355812 -20.72514059
v 61.12980768 76.75508701 -20.92803675
v 59.91318629 76.96943482 -21.12539397
v 72.69043848 66.65672548 -18.25915083
v 72.76667902 73.43123481 -18.88589144
v 56.33117792 78.06569485 -21.36700181
v 57.74945948 78.12174805 -21.12952928
v 57.76326868 78.45873077 -21.16593681
v 56.31913111 78.39907650 -21.37041983
v 43.66059801 75.15452743 -23.05151061
v 45.24824068 75.86323718 -22.84292308
v 44.99982760 76.48181705 -22.84159567
v 43.39272997 75.75967956 -23.05033578
v 43.92990801 74.54252410 -23.06255788
v 44.00037310 74.09345030 -23.16190778
v 45.52872393 74.78011873 -22.95919488
v 45.49307940 75.24097995 -22.85332947
v 42.39215014 73.78326580 -23.27654701
v 42.49631426 73.34674998 -23.37368439
v 44.03388140 73.86650250 -23.21032388
v 45.54515765 74.54723145 -23.01336354
v 42.54751513 73.12645501 -23.42571683
v 43.12297747 76.36877609 -23.06789875
v 44.75052950 77.10212878 -22.84727204
v 44.50123141 77.72237186 -22.85294841
v 42.85303423 76.97781921 -23.08549223
v 58.86511347 77.58928499 -21.07983132
v 58.74175379 77.33487518 -21.17245213
v 42.59865496 72.90623254 -23.46136132
v 44.06738970 73.63953946 -23.24197057
v 43.79669878 74.84856201 -23.05241083
v 42.24739764 74.08398220 -23.26572858
v 45.37210009 75.55213718 -22.84388433
v 45.56153796 74.31435943 -23.05041184
v 53.29594538 77.99812887 -21.78463486
v 54.82535670 78.24378778 -21.57099659
v 54.78965113 78.57668878 -21.57789362
v 53.24242518 78.32877157 -21.78635915
v 53.14215205 76.90489001 -21.97076139
v 53.07256243 76.64905733 -22.01891808
v 54.52385828 76.88371083 -21.80782803
v 54.60881159 77.14181326 -21.75692476
v 57.77568934 79.45744903 -21.20121529
v 59.23520014 79.41568194 -20.99564888
v 59.26400111 79.74824343 -21.01859815
v 57.78189966 79.79022033 -21.22761305
v 43.25807116 76.06427551 -23.05909438
v 44.87520907 76.79201297 -22.84443385
v 59.11447260 78.08442509 -20.93058519
v 53.07212374 79.31779286 -21.80587530
v 54.67257044 79.57091332 -21.61440806
v 54.63535425 79.90255547 -21.63328324
v 53.01697085 79.64764973 -21.81806713
v 51.73427889 77.66505998 -21.99305460
v 51.66400454 77.99252504 -21.99206283
v 58.62178156 77.08396727 -21.27485382
v 51.44507906 78.97307390 -21.99886841
v 51.37317202 79.30007356 -22.00474310
v 46.85031435 76.50484260 -22.62803366
v 46.62310335 77.13429053 -22.62685884
v 48.46017000 77.07647883 -22.41544830
v 48.25780794 77.71507441 -22.41442607
v 50.06701205 77.57342711 -22.20118447
v 49.89100954 78.21996107 -22.20103199
v 51.51698611 78.64597124 -21.99300898
v 50.15210268 77.24952498 -22.20217624
v 49.80397341 78.54338637 -22.20121514
v 49.71694491 78.86678877 -22.20141356
v 53.12734339 78.98777578 -21.79365296
v 57.41758845 77.34885221 -21.31799046
v 57.30828211 77.09323315 -21.40066254
v 51.64586947 76.58417311 -22.17786888
v 51.59253237 76.33150663 -22.22362995
v 46.50978396 77.44927009 -22.62663001
v 48.15722201 78.03444850 -22.41341904
v 57.53028223 77.60799224 -21.24506875
v 54.70984003 79.23905755 -21.59553288
v 48.55874941 76.75644480 -22.41644007
v 56.26466486 79.39754681 -21.40513374
v 56.24816248 79.73040584 -21.42915113
v 50.12938235 76.18426311 -22.38416764
v 50.09311983 75.93555247 -22.42797558
v 48.60116122 75.70937904 -22.59420480
v 48.58227846 75.46551307 -22.63561711
v 56.30394099 78.73340420 -21.38068905
v 47.07030794 75.16248112 -22.80312805
v 47.06899569 74.92396335 -22.84248042
v 57.76998255 78.79333313 -21.17664853
v 59.18218348 78.75356494 -20.97309628
v 48.05664370 78.35382640 -22.41241201
v 57.78798792 80.12278944 -21.25402607
v 59.29330561 80.08007631 -21.04141010
v 59.35906336 80.74298295 -21.08605742
v 57.80022547 80.78792387 -21.30683685
v 46.96194765 76.18911536 -22.62899491
v 46.39639590 77.76422675 -22.62641643
v 46.16975710 78.39414390 -22.62597403
v 47.85534975 78.99257456 -22.41039796
v 49.54281924 79.51356306 -22.20179514
v 51.22928927 79.95406526 -22.01647722
v 52.90653536 80.30733296 -21.84249656
v 54.56075403 80.56583213 -21.67103359
v 56.23166010 80.06302455 -21.45315326
v 56.19852564 80.72823908 -21.50117278
v 53.21167872 77.16073795 -21.90313448
v 54.69365046 77.39993857 -21.68613927
v 51.69908449 76.83684723 -22.11311062
v 56.13716242 77.55165293 -21.48052712
v 54.85817072 77.91162301 -21.57085921
v 53.34652064 77.66787526 -21.78965494
v 51.80160830 77.33778185 -22.00083653
v 50.23417208 76.92575255 -22.21000394
v 56.03770563 77.29253961 -21.55216709
v 48.65437624 76.43645274 -22.42458821
v 50.16559145 76.43298138 -22.32183553
v 48.62005160 75.95326027 -22.53481763
v 47.07149813 75.40101415 -22.74625858
v 55.93812678 77.03343010 -21.60360442
v 59.15174982 78.42018711 -20.96337638
v 47.07055971 75.87340339 -22.63767711
v 33.76052210 68.66955329 -24.48902482
v 34.98278162 69.73387293 -24.29584872
v 34.58282587 70.23265604 -24.29771037
v 33.34174464 69.14530326 -24.48960473
v 40.26625750 74.12421197 -23.47172224
v 41.81462023 74.97363827 -23.26383663
v 41.67431567 75.27132961 -23.28291017
v 40.11598131 74.41415184 -23.50036303
v 38.75762102 73.22261586 -23.68439909
v 38.59340594 73.50502934 -23.71833469
v 32.06651995 65.99485917 -24.88012240
v 32.36450884 65.64016479 -24.95769803
v 33.37788317 66.73301073 -24.76896224
v 33.09351275 67.09360264 -24.69385854
v 34.47032091 67.79946661 -24.58741335
v 34.60403368 67.61311864 -24.63114500
v 35.76800654 68.64103462 -24.43966263
v 35.64458582 68.83194497 -24.39423724
v 41.02462694 72.54248587 -23.57693133
v 41.09183428 72.32820669 -23.62128859
v 39.59429858 71.68496860 -23.77970524
v 39.67693255 71.47683489 -23.82120911
v 36.28347895 70.75767668 -24.09318165
v 35.90799830 71.27810438 -24.09455503
v 38.21485064 70.77803955 -23.98044972
v 38.31230089 70.57589492 -24.02177049
v 37.11801836 72.55066453 -23.92268023
v 38.42906878 73.78696216 -23.75242287
v 36.94270441 72.82768021 -23.95309104
v 36.89558527 69.82592160 -24.18845738
v 37.00639269 69.62956768 -24.22898469
v 39.96488116 74.70380180 -23.52956840
v 39.66055987 75.28360526 -23.58839113
v 38.09976885 74.35055697 -23.82070604
v 41.53295061 75.56895992 -23.30250250
v 41.24757311 76.16491862 -23.34212967
v 37.83792803 71.45776140 -23.88828674
v 39.25865862 72.38453069 -23.68319351
v 39.08760760 72.67237248 -23.68264424
v 37.65483019 71.73802721 -23.88810368
v 40.73078081 73.26073998 -23.47245452
v 40.57128069 73.55517739 -23.47163059
v 33.52038500 66.55014940 -24.81116802
v 36.59037897 73.38063583 -24.01432466
v 34.20132563 68.16703177 -24.49990425
v 34.73768542 67.42677067 -24.65818355
v 35.89136622 68.45022346 -24.46863904
v 35.53164027 71.81133801 -24.16503546
v 35.15540430 72.34450298 -24.23557693
v 35.39659998 69.20899729 -24.30688074
v 37.29434130 72.27302324 -23.89210157
v 36.67188380 70.21363600 -24.10482402
v 38.01813433 71.17730485 -23.89890682
v 39.42682574 72.09647908 -23.69430186
v 40.88752672 72.96616143 -23.48362390
v 35.19104121 69.47162394 -24.29650480
v 33.98220942 68.41847755 -24.48981823
v 36.47906611 70.48579176 -24.09391403
v 33.66250536 66.36754747 -24.83651284
v 34.18174097 70.74673227 -24.36994556
v 33.78103754 71.26009895 -24.44225705
v 35.71981928 71.54498060 -24.12974184
v 32.92359278 69.63121557 -24.58088288
v 32.50499842 70.11957310 -24.67231363
v 32.86203692 67.33372257 -24.68403192
v 32.62805102 67.57334659 -24.68316221
v 42.09968493 74.38454601 -23.26479784
v 34.38191340 70.48995355 -24.33390426
v 33.13304255 69.38878012 -24.53489285
v 31.97597620 68.25103518 -24.74273263
v 31.76401636 68.48015352 -24.80311170
v 32.18731043 68.02098606 -24.68371160
v 31.82531855 66.22569031 -24.87275244
v 31.58123133 66.45596070 -24.87401896
v 31.12744257 66.87950654 -24.87786425
v 30.90236780 67.10115188 -24.94427053
v 30.67778895 67.32189696 -25.01110406
v 29.88948939 65.96703854 -25.12652132
v 29.64025233 66.18343486 -25.18677832
v 30.60839197 65.33313314 -25.05391990
v 30.14104578 65.75030652 -25.06431120
v 41.15891192 72.11388555 -23.64927318
v 39.75951311 71.26871264 -23.84646237
v 38.40962145 70.37384948 -24.04684064
v 37.11714098 69.43321758 -24.25315458
v 30.22857783 67.76290646 -25.14460328
v 29.15766260 66.61780679 -25.30434736
v 31.33224604 68.94036239 -24.92463277
v 73.90442011 64.09203593 -17.71465578
v 74.09454462 64.24222439 -17.65511601
v 75.88008997 56.38658229 -16.27480467
v 75.69272730 56.25233546 -16.32709652
v 76.03469965 54.61058136 -16.02622345
v 76.21868250 54.74200532 -15.97376376
v 74.32181666 62.62055847 -17.44849649
v 74.51338312 62.76733277 -17.38970440
v 75.55782435 58.02476584 -16.57499110
v 75.36782191 57.88751302 -16.62803063
v 75.74826166 64.90790052 -17.54427628
v 76.18548701 63.37088656 -17.27828482
v 76.50637934 63.44060777 -17.32602958
v 76.06714747 64.99555654 -17.58794695
v 76.39267847 52.98394873 -15.66239262
v 76.58186457 53.11065772 -15.63161566
v 75.26139948 61.51965216 -17.02727743
v 75.60500452 59.92775996 -16.76424617
v 75.93688319 59.98240360 -16.75419064
v 75.59176752 61.58254699 -17.01883933
v 76.24904749 56.66204160 -16.17228092
v 76.58531306 55.01265048 -15.86782203
v 73.24450037 65.33393918 -18.03928672
v 73.71416590 63.94185892 -17.75637329
v 75.92834589 58.30488670 -16.47359649
v 76.58148310 56.71303647 -16.16091313
v 76.26084254 58.35563744 -16.46285431
v 76.20337031 52.85725500 -15.67667483
v 76.62277338 51.22702128 -15.41797705
v 76.81083033 51.35228068 -15.40245888
v 75.85060236 54.47917266 -16.06218840
v 75.50523493 56.11809626 -16.36254267
v 74.69780085 61.08569218 -17.19059218
v 74.88955805 61.22915723 -17.13358537
v 75.04140589 59.50216561 -16.92106068
v 75.23278925 59.64223749 -16.86667837
v 75.10967371 64.72366209 -17.53689099
v 75.53836939 63.21457743 -17.27181506
v 74.88428614 63.06371569 -17.28092454
v 76.91687128 55.06875704 -15.85587441
v 74.46243403 64.54516096 -17.54552744
v 74.13018153 62.47380133 -17.48955786
v 75.21233485 63.13793826 -17.27254747
v 76.59140131 58.40936364 -16.46085542
v 76.26674769 60.03997691 -16.75243588
v 76.89760706 61.84081915 -17.06791164
v 75.92019007 61.64811972 -17.01833581
v 74.50591395 60.94224048 -17.23000561
v 74.84990046 59.36210136 -16.95806322
v 76.92634699 60.15850719 -16.75432799
v 76.57376978 61.78266982 -17.02430201
v 74.78708765 64.63316221 -17.53740978
v 76.38483546 65.08156269 -17.63083942
v 75.17775843 57.75027547 -16.66388876
v 77.02015040 65.25350444 -17.71662436
v 28.60021136 61.50690968 -25.56930014
v 28.91940996 61.16093570 -25.64263382
v 29.70670435 62.28186926 -25.47788486
v 29.38732264 62.62677131 -25.40113321
v 27.13279650 59.31759002 -25.88385972
v 27.84912035 60.39886599 -25.70861270
v 27.57874224 60.66033106 -25.69494087
v 26.86298296 59.59719017 -25.86499990
v 28.33284876 61.75553639 -25.55706263
v 28.93572352 64.86237085 -25.27859024
v 28.66145441 65.08198869 -25.31676776
v 29.12440607 62.86475502 -25.39303083
v 29.96328089 63.98317088 -25.22191895
v 30.86158106 65.10598890 -25.05082233
v 29.70250056 64.21299113 -25.22324650
v 30.69667933 63.23089730 -25.36052967
v 30.85536310 63.05575691 -25.39425156
v 31.72875330 64.17407741 -25.20017521
v 31.57463953 64.35132350 -25.17554755
v 32.66406176 65.28116171 -25.03654013
v 32.51453326 65.46038191 -25.00561060
v 26.20061419 56.71055146 -26.27639164
v 26.35108111 56.53038330 -26.29853211
v 27.05153582 57.55527041 -26.15889910
v 26.89711687 57.73324130 -26.13746053
v 27.76221392 58.61666417 -26.01386449
v 27.60452959 58.79281164 -25.99138832
v 28.49178240 59.70552566 -25.87148490
v 28.33171770 59.88044479 -25.84568232
v 30.53754542 63.40660989 -25.30958060
v 30.22155115 63.75305689 -25.22863278
v 29.24048540 60.81142931 -25.70751414
v 29.08016894 60.98616153 -25.68374097
v 30.02829096 61.93245824 -25.55437711
v 29.86784479 62.10700735 -25.52480561
v 26.74212572 57.91147922 -26.09884057
v 27.44609759 58.96921087 -25.95166972
v 28.17177508 60.05527810 -25.80249997
v 31.42022059 64.52856960 -25.13375375
v 26.04946062 56.89111635 -26.23716132
v 28.85873530 63.10228096 -25.39296983
v 28.06290552 62.00368627 -25.55279021
v 27.30610583 60.92165118 -25.68914257
v 31.11187861 64.87844221 -25.05611709
v 26.52057001 61.68677454 -25.74172448
v 27.28495905 62.73415882 -25.60007732
v 27.02907679 62.98206073 -25.64004012
v 26.25796625 61.94562844 -25.78145841
v 29.21482966 64.64317835 -25.23643017
v 26.59039995 59.87595871 -25.85441035
v 26.32630083 60.14478424 -25.82894347
v 26.06853411 60.41774109 -25.86011722
v 28.34345362 63.56277214 -25.40490228
v 25.89409563 58.85699773 -26.00112344
v 25.62954638 59.14449621 -25.97503095
v 25.80141375 60.69409301 -25.89496834
v 25.53467486 60.97031523 -25.92316663
v 26.16585467 58.56037450 -26.01223179
v 25.74990008 57.24660037 -26.16967176
v 26.43497393 58.26315617 -26.03164092
v 25.48372576 57.56386874 -26.14885882
v 28.08480189 63.79883323 -25.44123349
v 28.14341090 65.52578865 -25.39017787
v 27.82666132 64.03450522 -25.47751893
v 27.30961726 64.50575765 -25.55018136
v 26.51059077 63.47639208 -25.72123222
v 25.78328059 62.42966202 -25.85370886
v 18.81753466 51.04745011 -27.19702976
v 19.73483965 51.40317064 -27.13800882
v 19.61800310 51.92643267 -27.11089404
v 18.72492144 51.58755021 -27.18306805
v 16.90027544 50.59707929 -27.38442287
v 17.01335070 50.12901212 -27.43093158
v 18.00871966 50.32622435 -27.33766990
v 17.87450335 50.77913573 -27.29990447
v 24.95130846 58.18927311 -26.10758390
v 25.37128374 59.43612790 -26.00550280
v 24.69385454 58.50204776 -26.13430209
v 25.21497271 57.88060306 -26.13648400
v 25.10215685 59.72970319 -26.03284660
v 24.83177874 60.02328610 -26.04378720
v 19.98419878 50.76372819 -27.18019927
v 20.06778643 50.55094438 -27.17229518
v 20.99594805 51.01349933 -27.06995456
v 20.89849779 51.22310931 -27.06180640
v 21.85578081 51.56573017 -26.99657513
v 21.75023577 51.77012166 -26.98993759
v 20.60176775 51.84555348 -26.99340135
v 20.80067370 51.43329151 -27.03688883
v 21.64519427 51.97510060 -26.96648486
v 21.43718645 52.38183889 -26.92101374
v 19.90106127 50.97492509 -27.17116610
v 18.97089312 50.60635666 -27.24019680
v 19.97724078 53.83837423 -26.93119159
v 19.82156298 54.32474050 -26.91925929
v 19.11019060 54.00662525 -27.00280111
v 23.87757036 56.08491820 -26.40293268
v 24.54665301 56.95529481 -26.27387398
v 24.28599474 57.28746339 -26.24109816
v 23.62313006 56.44147796 -26.36878357
v 23.49806902 58.29772493 -26.23586456
v 24.15177843 59.12942622 -26.12917524
v 23.75859759 59.67923471 -26.23586478
v 23.13702318 58.88150329 -26.37368203
v 20.70423052 54.27257835 -26.83457301
v 20.50920794 54.71480858 -26.79566317
v 17.49964068 54.11921983 -27.20230980
v 18.26378557 54.29971606 -27.11774562
v 18.10497210 55.32892901 -27.10083905
v 17.39065478 55.18812088 -27.22260416
v 17.62789843 53.00940994 -27.24121953
v 18.35156939 53.75476366 -27.14269365
v 17.56427691 53.56400589 -27.22521315
v 19.04399035 50.38674454 -27.25464684
v 18.07366106 50.09672453 -27.36031390
v 24.42510912 58.81528018 -26.13823891
v 24.03136370 57.62365266 -26.26270466
v 23.76776049 57.95954438 -26.25513635
v 24.80993578 56.61632843 -26.28858340
v 23.20848772 55.28605953 -26.55196514
v 22.96402666 55.66971127 -26.51065966
v 22.51368639 54.54693903 -26.66364410
v 22.28258440 54.95687403 -26.62885412
v 24.38576433 55.35917967 -26.44204084
v 24.66160509 54.99444119 -26.49520240
v 25.35741350 55.91497344 -26.37148429
v 25.07046435 56.27659912 -26.31211240
v 22.86005328 57.52540893 -26.36658648
v 22.52931139 58.15907589 -26.51673306
v 18.97967455 54.51728352 -26.98694731
v 19.49627611 52.44904620 -27.09366695
v 20.29335711 52.84163197 -26.96573732
v 20.13253710 53.33809194 -26.92362315
v 18.62998125 52.12791734 -27.17752920
v 23.37483904 56.80209655 -26.38999334
v 23.12013933 57.16258544 -26.38370678
v 25.07498858 61.48127103 -25.99160238
v 24.40421221 60.54910587 -26.11463384
v 22.97036669 53.71723474 -26.69901383
v 23.21790240 53.33319390 -26.75487620
v 23.95606921 54.12770380 -26.68746300
v 23.69215319 54.50683131 -26.60326506
v 25.50273821 55.73193663 -26.40511463
v 23.45207903 54.89711300 -26.57283910
v 22.74340746 54.13222040 -26.67655296
v 22.22178576 53.00599205 -26.79926396
v 22.45345232 52.61268149 -26.85459227
v 22.01540301 53.44990074 -26.77559765
v 21.25835345 52.85533438 -26.89414309
v 24.08250353 53.93822015 -26.70728413
v 24.80115435 54.80807034 -26.52744419
v 23.33788225 53.14183342 -26.77141669
v 22.56677172 52.41376028 -26.87940303
v 19.66519091 54.81074819 -26.91349155
v 20.44866106 52.34353932 -26.97509088
v 20.31676409 55.15685570 -26.79848611
v 20.88676379 53.79824363 -26.82744708
v 21.07563708 53.32804404 -26.87682444
v 22.72577593 56.05746762 -26.52521661
v 22.48118517 56.44459073 -26.51537475
v 22.05770037 55.37092127 -26.65009443
v 21.83180926 55.77823939 -26.64486073
v 21.38692400 54.77743066 -26.73682529
v 21.20300982 55.19116509 -26.72120035
v 22.68084643 52.21478567 -26.88752067
v 23.45891497 52.94898522 -26.77114201
v 24.21176836 53.74917138 -26.70960344
v 24.93957445 54.62235561 -26.54290131
v 25.64717791 55.54902189 -26.42179245
v 22.23358080 56.83351437 -26.50290838
v 21.89725420 57.49888910 -26.67502763
v 21.60309527 56.18731226 -26.63651424
v 21.26180956 56.92122184 -26.82442634
v 21.59348986 54.33336938 -26.72083400
v 21.02267382 55.60263360 -26.71183152
v 20.58783648 56.42442617 -26.90406188
v 19.95282671 56.07119283 -26.93081048
v 19.35610125 55.80026540 -26.94939564
v 21.80633471 53.89343560 -26.76133076
v 19.11784289 50.16585831 -27.25191548
v 24.13295672 55.72226256 -26.41794727
v 17.81626818 51.33574203 -27.28395912
v 17.75434038 51.89253524 -27.27607042
v 18.75880358 55.51635273 -27.00060409
v 8.61676714 52.01601880 -27.91294178
v 8.55219958 51.48331921 -27.91739726
v 9.61402056 51.04278272 -27.85962741
v 9.65743182 51.57462782 -27.85167767
v 13.84609148 50.54973697 -27.54377040
v 14.87673113 50.48555851 -27.46732385
v 14.89536211 51.06802655 -27.46057956
v 13.89428637 51.13429546 -27.53803319
v 8.59511492 55.70632636 -28.22237536
v 9.55741808 55.25383462 -28.11377849
v 9.83557818 56.34586798 -28.28823240
v 8.93044207 56.76189122 -28.36292424
v 10.44153521 54.91415111 -27.99817785
v 10.72829363 55.99217689 -28.19551994
v 11.39310381 54.60000318 -27.87247589
v 11.63574908 55.68330088 -28.07529589
v 12.33500597 54.36484237 -27.77002834
v 12.52789233 55.44656841 -27.94663374
v 13.24133227 54.17769143 -27.64690514
v 13.40021441 55.26377387 -27.80939617
v 14.13548968 54.04894542 -27.54479331
v 14.24053118 55.14162728 -27.68534219
v 15.00504992 53.97132397 -27.45644491
v 15.05687640 55.06967448 -27.57924782
v 15.86814043 53.96570875 -27.39165609
v 15.89713213 55.06973553 -27.46428810
v 11.93700335 52.07154366 -27.70922170
v 12.94861529 51.86029337 -27.61418992
v 13.08621905 53.03260515 -27.60953618
v 12.11777422 53.23495194 -27.71234994
v 13.94015429 51.71959209 -27.53894881
v 14.03584978 52.89302348 -27.53008365
v 14.91255877 51.65100384 -27.46054914
v 14.94687578 52.81766797 -27.45826051
v 15.90090105 50.49951077 -27.45249231
v 16.87035296 51.16530897 -27.37258214
v 15.89820025 51.07629681 -27.44344395
v 9.58766100 50.77220243 -27.88274443
v 9.56243822 50.50372022 -27.88596399
v 10.65091631 50.15934844 -27.77558186
v 10.66478655 50.42207808 -27.77993066
v 16.69697497 54.01183608 -27.30310934
v 16.66271899 55.10442641 -27.34056985
v 8.51819536 51.21374981 -27.93346472
v 8.48355791 50.94576733 -27.92838350
v 9.79090044 52.14015669 -27.84764944
v 8.78003619 52.56433575 -27.91211789
v 8.26613543 54.66797342 -28.09856538
v 9.25271532 54.21705334 -27.94921228
v 9.40337298 54.73659984 -28.01868563
v 8.42971728 55.18825997 -28.15072001
v 10.18897173 53.83311170 -27.86293902
v 10.31433794 54.37415021 -27.91915249
v 12.80254290 50.69276140 -27.61562406
v 12.82544634 50.18441865 -27.63456013
v 13.89183733 50.05302905 -27.55893755
v 11.75528643 50.91055008 -27.71160188
v 11.75597307 50.38953109 -27.74056297
v 16.83708880 51.73397352 -27.36815719
v 16.73400042 53.44281294 -27.32981213
v 8.93840716 53.11417096 -27.92328742
v 9.92323992 52.70596784 -27.85170837
v 11.16921923 53.49909682 -27.76659498
v 11.28040240 54.04877180 -27.81400412
v 16.76926348 52.87444594 -27.34444522
v 15.89230273 51.65362836 -27.44150617
v 15.87975237 52.81101514 -27.42652223
v 10.68047259 50.68493743 -27.76545011
v 15.87461016 53.38790418 -27.41617687
v 10.70200274 51.20843978 -27.75443335
v 11.84651873 51.49080940 -27.70722270
v 10.82147143 51.78014846 -27.75304489
v 11.75804064 50.13936706 -27.74437763
v 14.97580645 53.39401532 -27.45868785
v 12.87720415 51.27604959 -27.61150428
v 14.08610461 53.46975230 -27.53925427
v 13.16434405 53.60372446 -27.62918960
v 12.22538683 53.79853531 -27.74314227
v 10.93743059 52.35287948 -27.75856867
v 17.06812975 49.89262677 -27.45832107
v 17.12296984 49.65647793 -27.46802562
v 18.13898394 49.86777403 -27.36560867
v 16.03662035 49.78277111 -27.49478956
v 16.08104632 49.54181576 -27.49836008
v 12.83504412 49.92822358 -27.65438126
v 13.91304705 49.80099200 -27.57708021
v 14.97473833 49.75182056 -27.51676221
v 14.94235918 49.99813175 -27.49599504
v 15.99112627 50.02563000 -27.47304583
v 11.75704119 49.88630386 -27.72300003
v 12.84389422 49.67296693 -27.65119213
v 13.93369219 49.55033968 -27.57645456
v 15.00674364 49.50590228 -27.51847116
v -8.82106474 77.31285896 -31.01604954
v -8.05766752 75.93401377 -30.85648816
v -7.75064542 76.07558863 -30.86448379
v -8.51630094 77.45148124 -31.03431433
v -6.90280988 73.04864929 -30.53391689
v -6.19175031 71.69223452 -30.39005680
v -5.88692548 71.84073687 -30.37855170
v -6.59647443 73.19366119 -30.52584501
v -7.62558439 74.41505094 -30.69692675
v -7.31781461 74.55852552 -30.69585866
v -7.00990751 74.70171781 -30.69807121
v -6.39844206 74.98204846 -30.71047665
v -7.15103605 76.34093897 -30.89149189
v -5.18917158 70.49840978 -30.24123764
v -4.48990705 69.19000678 -30.12101343
v -4.20314863 69.34023719 -30.12090664
v -4.89557722 70.64420751 -30.23199084
v -6.44078901 67.90169195 -30.20701175
v -6.60218122 67.72898534 -30.21454956
v -5.86164167 66.36134390 -30.18561868
v -5.70539167 66.54427390 -30.14814312
v -8.24039533 74.12759824 -30.70562422
v -7.51409223 72.75958297 -30.55192221
v -6.08030012 70.05424168 -30.26603310
v -5.36649397 68.72839789 -30.12670488
v -4.77640608 69.03995566 -30.12115073
v -5.48232343 70.35277226 -30.25030133
v -7.91705778 77.72121085 -31.08048747
v -6.79557111 71.40083742 -30.40887084
v -3.06835249 66.71650752 -29.88518844
v -2.33414533 65.56443845 -29.74628749
v -2.04964521 65.76587735 -29.76665801
v -2.78517988 66.89682063 -29.90853441
v -3.78461530 67.92730386 -30.00815922
v -3.49974897 68.09046227 -30.02254828
v -4.94809797 67.25994546 -29.98372979
v -4.22197797 65.98152599 -29.83237765
v -3.92774275 66.16819820 -29.83871008
v -4.65229109 67.42900522 -29.98566768
v -5.58071211 71.98781252 -30.39085031
v -7.89635542 70.63074158 -30.52079393
v -8.06250837 70.47082947 -30.53054427
v -7.33281782 69.09627963 -30.37127281
v -7.16854170 69.26234866 -30.36225489
v -5.24463728 67.09354837 -29.98919241
v -5.54921797 66.72722297 -30.09298263
v -4.82592085 65.41646632 -29.86860192
v -4.51487043 65.79876766 -29.83352203
v -4.06874922 67.76473672 -29.99348023
v -3.34871748 66.53916988 -29.85999615
v -6.28931501 73.33687637 -30.53774689
v -7.40265730 71.11367464 -30.43902216
v -7.72962263 70.79131745 -30.49325185
v -7.00432661 69.42843677 -30.33622343
v -6.68224409 69.76153996 -30.28837192
v -7.09807661 71.25483370 -30.41692746
v -6.38036421 69.90538456 -30.27207555
v -7.81897810 72.61536071 -30.56037556
v -8.54749372 73.98369260 -30.71001872
v -8.36400297 75.79210322 -30.85561838
v -8.45694807 72.16190764 -30.64487866
v -8.62566450 72.00589414 -30.67312265
v -5.96259382 68.42091803 -30.13834728
v -6.27933576 68.07449011 -30.18172797
v -2.91719892 68.41947228 -30.03724255
v -3.60648420 69.65720038 -30.16032014
v -2.20990827 67.26483591 -29.92316765
v -5.66486433 68.57304053 -30.12853591
v -8.12581709 72.47552154 -30.58739885
v -4.97921064 72.28296328 -30.37229567
v -5.67803266 73.62568710 -30.54053929
v -4.28885725 70.95069172 -30.26336296
v -1.48623731 66.16547833 -29.77093054
v -16.35210302 88.41702670 -32.23795992
v -15.21405676 87.04475041 -32.14375193
v -14.94937780 87.19516009 -32.22662244
v -16.08643224 88.59972779 -32.35786351
v -21.08038976 94.20705418 -33.05665593
v -20.83605077 94.45806888 -33.11183175
v -17.51984289 89.79014221 -32.39771966
v -17.24927404 89.99182143 -32.46723874
v -18.78433874 91.13777553 -32.67648270
v -18.51853063 91.35503017 -32.65284687
v -21.80989721 93.52265169 -33.20568841
v -20.39098242 92.22713477 -32.96285983
v -20.13529089 92.45806510 -32.90655494
v -21.56598547 93.76083758 -33.15618894
v -19.04785803 90.91576014 -32.74557446
v -14.13886144 85.67183708 -31.95307788
v -13.85838964 85.82010672 -32.02918874
v -13.12888220 84.29531504 -31.78358303
v -12.83302953 84.45617701 -31.81887663
v -14.32095983 83.61348749 -31.84255813
v -13.38941076 82.25004224 -31.64465142
v -13.08376196 82.41794996 -31.60775569
v -14.02246740 83.78840281 -31.78895404
v -25.90180090 98.05141440 -33.86129828
v -24.22568395 96.80398174 -33.58042955
v -24.00098303 97.05842968 -33.54327444
v -25.68903234 98.31302635 -33.81662059
v -19.87657812 92.69078453 -32.85681132
v -21.32089880 94.00308995 -33.08990480
v -16.60724523 88.24502200 -32.23887542
v -15.48035314 86.88719579 -32.09341316
v -22.84699133 95.28885650 -33.35656760
v -22.61820104 95.50449754 -33.28990199
v -24.45032385 96.54954143 -33.61758466
v -26.11450842 97.78981772 -33.90596071
v -14.61850622 83.43887352 -31.93151685
v -13.69078710 82.08130290 -31.73830984
v -21.89159277 93.43445588 -33.27528373
v -22.87836340 94.44771957 -33.38949593
v -22.27033117 93.85085297 -33.33895873
v -12.17862585 82.91112928 -31.63325321
v -11.28937414 81.50606948 -31.50147808
v -10.99281957 81.65995818 -31.51719466
v -11.87631872 83.07574109 -31.64852728
v -17.79724767 89.58714690 -32.46340872
v -10.40363004 81.96669035 -31.60346790
v -11.30417516 83.38421657 -31.72820873
v -12.25386694 84.76471734 -31.90490573
v -13.25888708 86.13919468 -32.18298213
v -14.43791845 87.47528472 -32.43568315
v -15.60602453 88.92044842 -32.59292521
v -16.74552038 90.38568888 -32.71087589
v -17.16330602 87.84225098 -32.38600060
v -16.05806616 86.50266666 -32.17590211
v -15.01018408 85.15024970 -31.99069071
v -14.42418554 85.51479744 -31.91935593
v -13.42523840 84.13307597 -31.74810631
v -12.48074987 82.74474363 -31.61329469
v -12.18997839 81.03936798 -31.45409946
v -11.58566930 81.35028488 -31.48498330
v -14.68677404 83.36038612 -31.94880504
v -15.23895910 84.31049368 -32.05238186
v -14.97115209 83.87535880 -32.00652912
v -22.38567236 95.76719285 -33.31167632
v -8.98080900 75.50346033 -30.85931096
v -9.61281278 78.69796025 -31.20554867
v -9.31300810 78.83595692 -31.22944395
v -10.83569792 78.12070882 -31.16303759
v -10.04947355 76.74045982 -31.00741297
v -9.74225309 76.88348808 -31.00277432
v -10.52667692 78.26879155 -31.15778859
v -11.64916113 79.50175128 -31.31455759
v -11.34290197 79.65404162 -31.30477673
v -10.73386076 79.95182833 -31.34557878
v -9.91368559 78.55781590 -31.18954217
v -10.43399503 80.09891161 -31.36721576
v -9.12576750 77.17245140 -31.01154817
v -11.95838049 79.34507020 -31.38793708
v -11.48050573 77.66848025 -31.28173563
v -11.14316442 77.96979938 -31.23521163
v -8.72229459 79.09966311 -31.29166934
v -9.29016569 75.36047785 -30.86188967
v -11.67458227 77.49303469 -31.31411475
v -10.97876623 76.03750264 -31.16325087
v -10.69672086 76.29095114 -31.11710833
v -10.10243681 74.77198830 -30.96538995
v -10.27203825 74.62451592 -30.96343680
v -9.51888349 73.23702663 -30.81170317
v -9.35743025 73.38729518 -30.81203889
v -12.80554846 80.71595793 -31.56089567
v -12.49909094 80.87887985 -31.47288301
v -9.59982755 75.21915476 -30.88404541
v -8.85627058 73.84494824 -30.73447854
v -10.35931852 76.59327353 -31.06727318
v -10.13506010 80.24508317 -31.39324728
v -9.54974821 80.51776916 -31.47991725
v -8.79377058 71.85046049 -30.68340705
v -9.18821027 73.53907436 -30.78890659
v -9.93784025 74.91859094 -30.93841243
v -29.41515997 100.49129469 -34.40921127
v -27.63231542 99.27957903 -34.15149013
v -27.42994573 99.54822528 -34.10559174
v -29.22296026 100.76576979 -34.36683766
v -31.24206426 101.68588999 -34.63273747
v -31.05776861 101.96791819 -34.59765756
v -27.83467748 99.01091752 -34.19740378
v -29.60735967 100.21681958 -34.45158489
v -31.42642095 101.40386178 -34.66783264
v 5.47084734 53.21526802 -28.17430977
v 5.40415118 52.94974983 -28.18305302
v 6.41614458 52.30084695 -28.14069451
v 6.47116778 52.55821694 -28.14109128
v 5.33901140 52.68459786 -28.17131896
v 6.35954974 52.03941049 -28.11914906
v 7.59598467 52.51603403 -28.07338803
v 7.76270983 53.05663767 -28.06658270
v 7.51265642 51.98042765 -28.06472095
v 7.47777483 51.72276774 -28.05574874
v 3.44679949 54.41655428 -28.55991483
v 3.35932848 54.15382082 -28.56160851
v 4.33907244 53.37755284 -28.39106090
v 4.41631243 53.64053807 -28.40728103
v 0.45372698 61.16770813 -29.15372696
v 1.26261065 60.22784304 -29.00620484
v 1.52960894 60.57162165 -29.00870733
v 0.72711870 61.48210403 -29.15047689
v 2.50194475 55.27543336 -28.57895794
v 2.40744707 55.01718599 -28.58233009
v 3.40814898 59.31502799 -28.73278245
v 4.23088763 58.59495240 -28.62111851
v 4.71059344 59.44151001 -28.66730700
v 3.90780566 60.11013487 -28.76455137
v 4.49211046 53.90277561 -28.40310017
v 1.58676836 56.17436675 -28.69495540
v 1.48248217 55.92119293 -28.69907523
v 6.58173296 53.09885873 -28.11820319
v 6.77054522 53.61879434 -28.11652480
v 2.59625170 55.53345949 -28.55539841
v 3.53414080 54.67875368 -28.53794221
v 7.43736193 51.46325389 -28.02384257
v 1.69174883 56.42856292 -28.67034301
v 0.69882891 57.13554074 -28.83391735
v 0.58757708 56.89171292 -28.82648628
v 0.18273089 58.86206507 -28.97724343
v -0.05075910 58.38441157 -28.98523896
v 0.80844805 57.37932279 -28.82094741
v 1.02712176 57.87281492 -28.80274376
v -0.17098310 58.14686274 -28.99947537
v 2.33835528 59.71753193 -28.85556999
v 3.15721819 58.91901855 -28.71378519
v 2.59794543 60.08745839 -28.86542723
v 1.79634783 60.91527056 -29.00965343
v 2.07865069 59.34714391 -28.84661302
v 2.90697405 58.52267913 -28.70000644
v 3.75187609 57.74823457 -28.57921774
v 3.99094317 58.17179566 -28.59615506
v 4.15502856 56.12355502 -28.49149470
v 5.07604143 55.39584050 -28.39649336
v 5.51270220 56.35422978 -28.41175230
v 4.61233446 57.03503878 -28.49570627
v 3.26959917 56.89679415 -28.54853217
v 2.40180132 57.72659759 -28.67147237
v 1.55445025 58.60648038 -28.82128331
v -0.09568098 60.53374740 -29.15229253
v 0.72373125 59.54048418 -28.99147999
v 1.00070879 61.79719612 -29.14563991
v -0.05835035 62.43166418 -29.26740515
v 0.21968767 62.71849699 -29.26848857
v 0.45455096 59.20034670 -28.98066146
v 1.29222796 58.23852994 -28.80796232
v 4.84061358 57.48193057 -28.51313188
v 4.85867998 54.91832432 -28.38752111
v 5.80994341 54.23624885 -28.19364283
v 6.01957629 54.73128975 -28.20569735
v 5.59421465 53.74528969 -28.18369401
v 7.93024370 53.59674540 -28.07073318
v 2.14905474 57.32938080 -28.65995192
v 3.11398241 60.82887913 -28.88163218
v 4.64044878 54.44103703 -28.38469816
v 2.32631609 61.59994768 -29.00995872
v 1.54535601 62.42066833 -29.13938390
v 6.95690081 54.13971414 -28.11983605
v 7.50751421 55.67630470 -28.20960375
v 7.68816302 56.17949377 -28.29660945
v 3.02713702 56.47192080 -28.53539429
v 3.70117876 55.21157534 -28.49584330
v 3.92832110 55.66766818 -28.49039599
v 0.77574847 63.28392286 -29.27140309
v 2.78104327 56.04991610 -28.52987054
v 1.89341662 56.93419342 -28.65635078
v 5.06926653 57.92968447 -28.53656945
v 7.32749102 55.17108620 -28.14612711
v 6.43057940 55.73656165 -28.26313159
v 8.05869219 57.20389256 -28.42054150
v 6.81326983 56.72201237 -28.38886418
v 7.20488665 57.69355472 -28.47696858
v 5.72453997 56.82424625 -28.42987982
v 5.93837664 57.29355319 -28.46918654
v 6.35803911 58.23891146 -28.53301420
v 5.52594683 58.82103425 -28.59205055
v 6.62132952 56.22797094 -28.31244808
v -1.67479780 62.65127819 -29.38486734
v -0.89415052 61.56887312 -29.26137778
v -0.33594587 62.14519376 -29.26836640
v -1.10717848 63.17070644 -29.39617419
v -4.98241499 65.22673854 -29.89281759
v -3.19065168 64.95110762 -29.69434648
v -2.43987348 63.77897897 -29.53861508
v -1.86566999 64.24379792 -29.56099980
v -2.61374738 65.36559355 -29.72260582
v -0.64196851 59.90152618 -29.15593928
v -0.36820295 60.21754715 -29.15050720
v -1.01017072 59.20654554 -29.23456771
v -1.13805464 58.97074576 -29.22704509
v -0.29102400 57.90957331 -28.99407372
v -0.88687208 59.43643446 -29.22118579
v -1.58487776 64.47059120 -29.57502267
v -0.82688215 63.42768352 -29.39892081
v -0.54589918 63.68348567 -29.40835079
v -1.30182722 64.69725861 -29.58874035
v -2.72782209 63.54698815 -29.52988702
v -1.95866468 62.39303081 -29.37970983
v 0.01732561 64.18763606 -29.41887943
v -0.73872450 65.14453568 -29.59318074
v -3.48204878 64.74336493 -29.68381788
v -4.07370832 64.14077818 -29.71523563
v -3.77301862 64.53903449 -29.68058298
v -3.30510786 62.90379395 -29.55944319
v -3.01703718 63.31743112 -29.52826955
v -2.51969221 61.70751063 -29.40905237
v -2.24504926 62.13681476 -29.38143403
v -1.71658399 60.54963941 -29.30501776
v -1.45385816 60.99822492 -29.25826490
v -1.85023573 60.33109921 -29.33260561
v -1.98238447 60.11574238 -29.34073851
v -2.66024091 61.49244563 -29.43340536
v -2.80054548 61.27792231 -29.43894427
v -1.17287519 61.28254003 -29.25603716
v -3.45156172 62.69776406 -29.58257548
v -3.59801557 62.49209465 -29.58696998
v -4.22611311 63.94271909 -29.74180114
v -4.37815168 63.74495946 -29.74993405
v -5.13897016 65.03727969 -29.89879900
v 68.83303187 -10.05682242 -1.85851883
v 67.14693568 -9.84217700 -1.65366962
v 66.70782587 -13.36128096 -1.38497703
v 68.38513300 -13.57481248 -1.58982624
v 68.80692408 -9.56419242 -1.89617760
v 67.12880060 -9.35455188 -1.67669521
v 67.11010096 -8.86714038 -1.70229954
v 65.40976832 -8.66911178 -1.45031593
v 65.42218897 -9.15133529 -1.43862762
v 68.78226588 -9.07098258 -1.91650238
v 75.30575678 -10.31346775 -2.66401500
v 73.74873469 -9.86076998 -2.56555011
v 73.67625544 -10.51637146 -2.43481270
v 75.23234675 -10.96527743 -2.61584290
v 63.72868464 -8.42306759 -1.28861858
v 61.93811152 -8.80400322 -1.03947301
v 63.65765497 -9.08806086 -1.19659271
v 72.00460932 -10.67676038 -2.23992742
v 70.39605830 -10.18882242 -2.04377576
v 70.30156061 -10.83423105 -2.03568850
v 71.91059992 -11.33484906 -2.23838617
v 72.04965327 -10.35215253 -2.25176829
v 70.44067499 -9.85899607 -2.07708575
v 72.09231684 -10.02617902 -2.28338455
v 70.47355768 -9.54016369 -2.19253380
v 68.79850886 -9.37476601 -1.97508083
v 68.76500056 -9.69484198 -1.86262350
v 67.09842036 -9.23463688 -1.75211942
v 67.02224848 -9.87306460 -1.62373187
v 68.67338679 -10.34105169 -1.82984751
v 61.92501185 -9.26417397 -1.04186856
v 60.12942622 -9.11680456 -0.88653411
v 59.87103388 -12.65392915 -0.61784152
v 61.60449335 -12.79615635 -0.77319123
v 61.91791651 -8.79278420 -1.05532689
v 60.12190363 -8.65060278 -0.91049049
v 73.78933832 -9.49968601 -2.63052209
v 75.15095637 -11.62739444 -2.63163563
v 75.07333491 -12.29502750 -2.63059793
v 75.19168207 -11.29672885 -2.62374689
v 73.63478205 -10.84110138 -2.42080507
v 73.59167597 -11.16612884 -2.42129330
v 60.16819117 -8.61749502 -0.89837502
v 73.50421259 -11.82582733 -2.42228502
v 65.43460963 -9.63358931 -1.42335349
v 63.68558619 -8.96177532 -1.21992342
v 63.69449732 -9.43849040 -1.20541224
v 63.32139704 -12.96528479 -0.93671965
v 65.02123377 -13.15585184 -1.15466090
v 75.38813898 -9.67990760 -2.82467489
v 61.91069910 -8.32145547 -1.06736615
v 60.11418268 -8.18447729 -0.93144088
v 63.67661402 -8.48506023 -1.23144389
v 65.43780634 -8.78604369 -1.43345495
v 65.35039637 -9.45256285 -1.40350183
v 70.52626154 -9.10364027 -2.28722992
v 65.47369501 -8.44493348 -1.51855327
v 63.74750635 -8.25314572 -1.30627303
v 67.15646479 -8.65379584 -1.86718605
v 46.89499590 -8.73669272 -0.03286596
v 46.84529803 -8.29748374 -0.05047468
v 44.87075732 -8.50131064 0.00647116
v 44.92999193 -8.93772726 0.00377042
v 46.94425127 -9.17600852 -0.02088774
v 44.98940966 -9.37411337 0.00848546
v 43.02195666 -9.62771444 0.02108926
v 43.52462694 -13.13863969 0.28978185
v 45.39457629 -12.89761186 0.27717805
v 42.95143053 -9.19419699 0.01280367
v 42.88108752 -8.76063376 0.01231531
v 50.80699847 -8.93594202 -0.19032138
v 48.88428423 -9.03080589 -0.08178559
v 49.10277483 -12.57073810 0.18690700
v 50.93707964 -12.48020772 0.07837122
v 58.30014155 -8.54083102 -0.74592447
v 58.29060480 -8.07945102 -0.77107103
v 56.43960688 -8.01025239 -0.62325915
v 56.45272944 -8.46720734 -0.59561015
v 50.77500078 -8.49040064 -0.22207499
v 50.74299547 -8.04484401 -0.25109728
v 48.80284045 -8.14636071 -0.14843613
v 48.84381029 -8.58852990 -0.11083840
v 54.56251643 -7.97975005 -0.50301990
v 54.58108637 -8.43250884 -0.46673442
v 54.59935114 -8.88535917 -0.43354648
v 52.71258471 -8.88836513 -0.30637973
v 52.75801012 -12.43469077 -0.03770240
v 54.56358454 -12.43179162 -0.16485389
v 56.46595881 -8.92413178 -0.56448214
v 56.35220454 -12.46890102 -0.29578955
v 58.30955622 -9.00224154 -0.72003023
v 58.12106440 -12.54380644 -0.45133763
v 47.25479052 -12.70907427 0.24780485
v 52.68836901 -8.43923794 -0.33378459
v 52.66320727 -7.99030911 -0.37702807
v 40.96182177 -9.50868063 0.01339881
v 41.04377672 -9.93945150 0.02174544
v 41.64684222 -13.43456865 0.29043802
v 38.96293566 -9.88395148 0.00637983
v 39.05668566 -10.31205206 0.00900441
v 36.95507738 -10.32306892 -0.05338878
v 37.06098864 -10.74846870 -0.04063236
v 34.94187853 -10.82836373 -0.10694704
v 35.06002734 -11.25104744 -0.08666804
v 39.76296923 -13.78780580 0.27769699
v 32.92667315 -11.40227730 -0.12501336
v 33.05668566 -11.82230599 -0.11498826
v 30.91046068 -12.04773934 -0.13734235
v 31.05227587 -12.46497567 -0.11779578
v 28.89538500 -12.76742013 -0.12785127
v 29.04855273 -13.18178780 -0.10809107
v 30.76846239 -11.63054879 -0.16316029
v 28.74209521 -12.35309823 -0.15687355
v 32.79646990 -10.98229440 -0.14494140
v 34.82347033 -10.40572579 -0.13938730
v 36.84896776 -9.89769966 -0.06971575
v 38.86900255 -9.45589667 -0.00349268
v 40.87950060 -9.07798605 -0.00391999
v 37.87275622 -14.20113589 0.22806022
v 35.97909472 -14.67673709 0.18200927
v 26.71860430 -13.15154488 -0.11631556
v 26.88256762 -13.56293709 -0.10552753
v 27.04646227 -13.97431404 -0.08750683
v 30.29861376 -16.50109318 0.16060149
v 32.19120714 -15.82401493 0.15089679
v 34.08480761 -15.21686771 0.15370431
v 28.40299914 -17.25148990 0.18118572
v 25.04625628 -14.83936531 -0.05996458
v 26.50055620 -18.07427432 0.20872796
v 12.88537524 -20.91306525 -0.03246725
v 12.66042254 -20.52428657 -0.04726834
v 10.67327044 -21.77781135 -0.04635261
v 10.90493700 -22.16338569 -0.03863160
v 14.87152788 -19.70379096 -0.02586039
v 14.65385363 -19.31176215 -0.03927293
v 19.06118700 -17.82500678 -0.02341929
v 17.07315752 -18.93537360 -0.01986381
v 18.83322832 -22.01435305 0.24881345
v 20.75638506 -20.94024111 0.24527323
v 23.04830096 -15.77253181 -0.04560591
v 21.05317614 -16.76923591 -0.03323087
v 22.67608568 -19.92275454 0.23546166
v 24.59120867 -18.96602847 0.22308663
v 16.86307452 -18.54004889 -0.02674559
v 16.65306017 -18.14473945 -0.03185735
v 18.85939715 -17.42638617 -0.02961443
v 18.65759966 -17.02779609 -0.03107933
v 11.13665697 -22.54899055 -0.03100214
v 8.93076250 -23.45028144 -0.04557414
v 9.16870043 -23.83277350 -0.03335179
v 13.11032793 -21.30185920 -0.02112991
v 15.08926317 -20.09580451 -0.01951267
v 8.69282458 -23.06777412 -0.05839158
v 24.87213061 -14.43107063 -0.07044743
v 22.86439440 -15.36738044 -0.05119069
v 20.85997698 -16.36733466 -0.03855625
v 7.20708391 -25.14863044 -0.04871717
v 9.19938586 -28.08257510 0.21997532
v 11.12542651 -26.79056765 0.23534071
v 20.66690752 -15.96544868 -0.04122660
v 22.68054125 -14.96224433 -0.05448665
v 16.90750048 -23.14080263 0.24917984
v 14.98046038 -24.31521059 0.24756260
v 24.69800494 -14.02274544 -0.07496410
v 13.05278704 -25.53325869 0.23769036
v 6.71972582 -24.38961250 -0.07480982
v 6.96337817 -24.76914436 -0.05715534
v 5.00320360 -26.11550361 -0.07424497
v 5.25230334 -26.49212104 -0.06699698
v 4.75414965 -25.73887092 -0.08269840
v -0.82875898 -30.27434381 -0.14876822
v -1.09111097 -29.90529473 -0.15854916
v -3.02072218 -31.31846842 -0.20141087
v -2.75492933 -31.68548807 -0.18389372
v 1.10662768 -28.87264473 -0.11582472
v 0.84835741 -28.50121529 -0.13027485
v -8.20399740 -36.31143413 -0.28772903
v -9.30647543 -37.14503704 -0.31835328
v -7.16752889 -39.97377235 -0.04966080
v -6.06976583 -39.14367896 -0.01903655
v 1.36508868 -29.24400933 -0.10846992
v -0.56634596 -30.64340813 -0.13837692
v 1.52226946 -33.50950840 0.13031556
v 3.43608019 -32.12289646 0.16022256
v 3.30474779 -27.85877449 -0.08014984
v 5.35389540 -30.75325229 0.18854265
v 7.27528975 -29.40495898 0.20169551
v -2.48906019 -32.05250772 -0.16430137
v -0.38657453 -34.90844945 0.10439111
v -4.67161634 -33.10231241 -0.21598272
v -4.40242079 -33.46734842 -0.20890258
v -2.28846243 -36.31479101 0.05978990
v 2.79692766 -27.11091072 -0.10448773
v 3.05080340 -27.48484261 -0.09350134
v -4.94055250 -32.73710856 -0.23513256
v -6.30726698 -34.88711772 -0.24781227
v -4.18275717 -37.72671728 0.02088021
v -6.85072401 -34.16002117 -0.28518116
v -6.57908704 -34.52362285 -0.26412397
v -8.47813680 -35.94929729 -0.30814534
v -8.75191000 -35.58696209 -0.34179103
v -9.58180502 -36.78364788 -0.33506171
v -9.85682943 -36.42202985 -0.36608289
v -10.44296529 -36.86503827 -0.37896123
v -10.16725424 -37.22625958 -0.34934387
v -10.75952223 -37.67590558 -0.36571647
v -11.03585699 -37.31505048 -0.39252622
v -12.53088262 -38.45233381 -0.42739237
v -12.25309637 -38.81227338 -0.40952427
v -14.13026312 -40.24901045 -0.46228893
v -14.40930059 -39.88974227 -0.49356951
v -16.28163030 -41.33027878 -0.54555597
v -16.00146368 -41.68884506 -0.51703723
v -13.85096624 -40.60808027 -0.44287969
v -15.72085455 -42.04710616 -0.50437238
v -17.86701849 -43.13136521 -0.57993372
v -18.14829900 -42.77347031 -0.59992280
v -18.84844854 -43.31714097 -0.62935691
v -18.56703069 -43.67495957 -0.60413408
v -17.58546331 -43.48910751 -0.56549885
v -18.28529241 -44.03259507 -0.58626598
v -11.97518804 -39.17215192 -0.39241911
v -19.72773626 -44.57632677 -0.64429506
v -20.00947454 -44.21864550 -0.67818489
v -20.86453130 -44.88513415 -0.70163754
v -20.58247259 -45.24260179 -0.67099783
v -10.48298910 -38.03656231 -0.35102220
v -9.89128378 -37.58723675 -0.33458856
v -8.33677938 -40.85978920 -0.08232972
v -7.74939230 -40.41375953 -0.06591134
v -19.44567754 -44.93377915 -0.62070492
v -20.30018499 -45.59994737 -0.64588181
v -18.11983373 -48.39688336 -0.37718934
v -17.26778295 -47.73266827 -0.35201244
v -16.11001470 -46.83348308 -0.31757350
v -9.82345846 -41.99118264 -0.12372663
v -21.58436468 -46.02359240 -0.70229348
v -21.30181768 -46.38078539 -0.67539218
v -19.12140539 -49.17769086 -0.40671497
v -15.41306951 -46.29222332 -0.29682164
v -13.55461004 -44.85499796 -0.23567990
v -11.69163397 -43.42129739 -0.17418722
v -21.86680486 -45.66633838 -0.72911849
v 78.83086512 45.12830475 -14.16048399
v 78.88175318 45.03965881 -14.14212765
v 79.65631220 43.69111760 -13.86299841
v 96.57942316 18.16830462 -8.86453539
v 96.65069697 17.99736041 -8.83319381
v 96.91699335 17.28502675 -8.70538607
v 95.45799372 20.71518717 -9.30800199
v 96.03112910 19.47198500 -9.09596565
v 96.08050654 19.36460890 -9.07649542
v 85.38040278 35.92133388 -12.29500398
v 92.53438685 25.84352106 -10.25281178
v 92.50238917 25.89516443 -10.26251638
v 91.69024775 27.11780539 -10.50908335
v 91.66847346 27.15145101 -10.51573619
v 78.27818415 -9.92342266 -3.14916826
v 78.38083002 -9.93190655 -3.16920305
v 76.89911005 -9.82643778 -3.00868061
v 79.82290766 -9.99782455 -3.31692338
v 81.03424189 -10.01518907 -3.44988846
v 82.35382197 -10.00202077 -3.63975358
v 81.42547724 -10.01285448 -3.47736954
v 81.22003290 -10.01767625 -3.46249222
v 82.48352167 -9.99903767 -3.65482926
v 83.20675776 -9.95658011 -3.72270036
v 82.55995295 -9.99989980 -3.66302323
v -16.41226843 86.26104372 -32.27773923
v -17.35800817 87.70309463 -32.42170614
v -16.75482824 86.80598848 -32.33634833
v -17.73142126 88.25981917 -32.47862151
v -19.44751623 90.57956703 -32.85246222
v -18.76319006 89.68795024 -32.66412284
v -15.52878454 84.82106419 -32.11712498
v -15.83826330 85.34672947 -32.17623762
v -20.62578466 92.00974278 -33.04922454
v -21.02185705 92.48512653 -33.12734962
v -19.85480383 91.09597022 -32.91024734
v -23.27643469 94.83208464 -33.46235671
v -24.74423864 96.20614236 -33.72541846
v -23.62387731 95.17724988 -33.51390096
v -25.04221227 96.47990792 -33.77810710
v -26.31285742 97.54827108 -33.93530332
v -13.88780859 81.88871028 -31.77712817
v -14.15216711 82.39166284 -31.83389094
v -10.47690275 74.99071539 -31.12498166
v -13.36826208 80.90340451 -31.67216279
v -13.12366369 80.41932325 -31.61976403
v -26.55205419 97.74945821 -33.97496095
v -27.95715978 98.85086808 -34.21168598
v -29.76754644 100.17786389 -34.46899516
v -29.68109014 100.11283093 -34.45971780
v -31.47289922 101.31966377 -34.73721434
v -28.12464025 98.98224625 -34.23957907
v 62.03091547 -8.08468103 -1.14913804
vt 11.29352379 0.64151722
vt 11.11885452 0.64151746
vt 11.11885071 0.67537469
vt 14.60106277 0.64151287
vt 14.46262550 0.64151299
vt 14.60106087 0.66680181
vt 20.41672134 0.64152616
vt 20.41672134 0.67422426
vt 20.56283379 0.64152682
vt 1.02653313 0.33320433
vt 1.19304800 0.26451373
vt 1.02653265 0.26451355
vt -0.57726717 0.26451373
vt -0.46223831 0.33320343
vt -0.46223831 0.26451337
vt -8.12720108 0.05845016
vt -7.89468145 -0.01024103
vt -8.12720108 -0.01024091
vt -7.66614485 0.40190578
vt -7.71519995 0.40190578
vt -7.66614485 0.41251612
vt -6.15072584 0.67185616
vt -6.15072584 0.64153725
vt -6.34524870 0.64153802
vt 21.37121582 0.40202636
vt 21.37121582 0.41715944
vt 21.42204475 0.40202677
vt 20.78678513 0.53944314
vt 20.78677940 0.58756101
vt 20.96447945 0.53944594
vt 21.77968597 0.26460564
vt 21.77968597 0.29894793
vt 21.91497231 0.26460630
vt 22.85673904 0.12718475
vt 22.63533401 0.12718391
vt 22.63532829 0.13983899
vt 10.52448559 0.69411349
vt 10.52407265 0.74561650
vt 10.72311211 0.74567699
vt 10.72287941 0.69432068
vt 10.32437611 0.69402915
vt 10.32402420 0.74544716
vt 10.92240715 0.40194321
vt 11.11885071 0.40194452
vt 11.11885071 0.26454300
vt 10.92241096 0.26454198
vt 11.11885071 0.19584233
vt 11.31462097 0.19584316
vt 11.31462097 0.12714225
vt 11.11885452 0.12714154
vt 10.52510452 0.64248860
vt 10.72360229 0.64257324
vt 10.32495689 0.64243209
vt 10.92240906 0.19584143
vt 11.11885071 0.47064531
vt 11.31462479 0.47064686
vt 11.31462669 0.40194583
vt 11.31462097 0.26454413
vt 11.31462669 0.53934765
vt 11.51029682 0.53934932
vt 11.51029682 0.47064823
vt 11.11885071 0.53934598
vt 10.92240620 0.12714088
vt 10.92240906 0.47064364
vt 10.72503853 0.19584036
vt 10.72504044 0.12713999
vt 10.72504139 0.47064191
vt 10.72504044 0.40194160
vt 10.52639961 0.19583952
vt 10.52640057 0.12713909
vt 10.52639580 0.47064024
vt 10.52639675 0.40194005
vt 10.32614517 0.19583839
vt 10.32614422 0.12713844
vt 10.32614517 0.47063869
vt 10.32614708 0.40193850
vt 10.12329483 0.19583762
vt 10.12330055 0.12713760
vt 10.12329483 0.47063708
vt 10.12329483 0.40193713
vt 10.72504044 0.26454079
vt 10.92240906 0.53934419
vt 10.52639771 0.26453978
vt 10.32614326 0.26453865
vt 10.12329483 0.26453745
vt 10.32607079 0.53940475
vt 10.52631378 0.53941464
vt 10.12322998 0.53939545
vt 10.12210274 0.64240956
vt 11.51029682 0.40194720
vt 11.70629692 0.40194869
vt 11.70629978 0.26454604
vt 11.51029682 0.26454508
vt 11.51029587 0.12714291
vt 11.51029301 -0.01025915
vt 11.31462860 -0.01025963
vt 11.70629501 0.12714368
vt 11.70629883 -0.01025879
vt 10.72494316 0.53940976
vt 10.92240906 -0.01026034
vt 10.72504234 -0.01026082
vt 11.51029587 0.19584394
vt 11.70629692 0.19584483
vt 11.90265656 0.19584590
vt 11.90265751 0.12714434
vt 11.90265369 -0.01025820
vt 11.70629597 0.53935122
vt 11.70629978 0.47064996
vt 11.51314163 0.59893209
vt 11.70629692 0.56215167
vt 11.11885071 -0.01025963
vt 10.92240715 0.64151770
vt 10.32614517 -0.01026154
vt 10.12329769 -0.01026201
vt 10.52640343 -0.01026154
vt 11.31462860 0.63739949
vt 11.51029778 0.59930670
vt 9.71008015 0.26453531
vt 9.91763878 0.26453632
vt 9.91763592 0.19583666
vt 9.71007919 0.19583571
vt 9.50146294 0.26453435
vt 9.50146294 0.19583499
vt 9.29301834 0.26453310
vt 9.29301834 0.19583404
vt 9.50146580 0.40193295
vt 9.71007824 0.40193427
vt 9.91763687 0.40193570
vt 9.08618736 0.19583333
vt 9.29302120 0.12713492
vt 9.08619022 0.12713438
vt 9.50146484 0.12713552
vt 9.71007919 0.12713623
vt 9.91763687 0.12713695
vt 9.91763973 0.47063547
vt 9.91756344 0.53942370
vt 9.91763973 -0.01026249
vt 9.71008015 -0.01026273
vt 9.50146580 -0.01026297
vt 9.29302120 -0.01026332
vt 9.08619118 -0.01026344
vt 8.88226700 0.12713385
vt 8.88226700 -0.01026344
vt 8.68237209 0.12713313
vt 8.68237305 -0.01026380
vt 14.21891975 0.12715209
vt 14.40988922 0.12715274
vt 14.40988922 -0.01025486
vt 14.21891975 -0.01025522
vt 14.02815247 0.12715161
vt 14.02815437 -0.01025522
vt 13.83735847 0.12715107
vt 13.83735847 -0.01025558
vt 14.21891785 0.26455945
vt 14.40988922 0.26456022
vt 14.40988922 0.19585633
vt 14.21891785 0.19585574
vt 14.02815437 0.19585520
vt 14.02815819 0.26455855
vt 14.02815247 0.40196538
vt 14.21891785 0.40196657
vt 14.40988922 0.40196776
vt 14.79199982 0.53937936
vt 14.79199982 0.64151263
vt 14.98231316 0.64151257
vt 14.98231316 0.53938121
vt 16.26844215 0.53939342
vt 16.44211960 0.53939492
vt 16.44211960 0.40198255
vt 16.26844788 0.40198123
vt 14.79199791 0.26456231
vt 14.98230553 0.26456344
vt 14.98230553 0.19585896
vt 14.79199982 0.19585806
vt 14.60106087 0.26456130
vt 14.60106277 0.19585729
vt 14.60106087 0.12715340
vt 16.44211960 0.64151180
vt 16.44211769 0.74388492
vt 16.61268234 0.74388516
vt 16.61267853 0.64151186
vt 16.26844597 0.64151180
vt 16.26844597 0.74388444
vt 16.09178352 0.64151180
vt 16.09177971 0.74388415
vt 15.91231918 0.64151192
vt 15.91231728 0.74388391
vt 15.73028946 0.64151204
vt 15.73028946 0.74388349
vt 14.40988731 0.53937554
vt 14.60106277 0.53937745
vt 14.60106277 0.40196937
vt 14.79199982 0.12715375
vt 16.26844597 0.19586337
vt 16.44212151 0.19586402
vt 16.44211960 0.12715793
vt 16.26844597 0.12715733
vt 14.79199982 0.40197092
vt 16.09178352 0.53939170
vt 16.09178352 0.40198016
vt 16.44211960 -0.01025450
vt 16.26844597 -0.01025462
vt 15.17165184 0.26456428
vt 15.17165184 0.19585961
vt 15.35964775 0.26456511
vt 15.35964775 0.19586009
vt 15.54596901 0.26456594
vt 15.54596901 0.19586086
vt 15.73028755 0.26456702
vt 15.73028946 0.19586164
vt 15.91231728 0.26456773
vt 15.91231728 0.19586217
vt 16.09177971 0.26456851
vt 16.09178352 0.19586277
vt 16.26844215 0.26456940
vt 16.44212151 0.26457030
vt 16.61268234 0.26457107
vt 16.61268234 0.19586468
vt 16.09178352 0.12715691
vt 15.91231918 0.53938997
vt 15.91232300 0.40197885
vt 15.91231918 0.12715650
vt 15.73028946 0.53938830
vt 15.73028946 0.40197760
vt 15.73028946 0.12715620
vt 14.98231125 0.12715441
vt 14.98231125 0.40197229
vt 14.21891975 0.53937376
vt 15.17165184 0.12715489
vt 16.61268234 0.40198368
vt 15.35964775 0.12715530
vt 15.17165184 0.40197361
vt 15.35964966 0.40197486
vt 15.54596901 0.40197629
vt 15.17165184 -0.01025414
vt 14.98231125 -0.01025462
vt 15.35964775 -0.01025438
vt 15.54597282 0.12715566
vt 15.54596901 -0.01025462
vt 15.73028755 -0.01025438
vt 15.91232300 -0.01025486
vt 16.09178543 -0.01025462
vt 15.35964775 0.53938472
vt 15.54596901 0.53938651
vt 14.79199982 -0.01025462
vt 14.60106277 -0.01025462
vt 15.17165184 0.64151251
vt 15.17165184 0.74388254
vt 15.35964775 0.74388278
vt 15.35964584 0.64151233
vt 15.54596901 0.74388313
vt 15.54596901 0.64151204
vt 15.17165184 0.53938293
vt 16.61268234 0.53939629
vt 16.61268234 0.12715816
vt 14.21891975 0.59651518
vt 14.41044998 0.63209301
vt 12.87952423 0.40195739
vt 13.07172775 0.40195876
vt 13.07173061 0.26455379
vt 12.87952614 0.26455271
vt 12.49232101 0.19584870
vt 12.68683529 0.19584954
vt 12.68683529 0.12714744
vt 12.49232101 0.12714684
vt 12.68683529 0.40195608
vt 12.68683529 0.26455182
vt 12.49231911 0.40195471
vt 12.49231911 0.26455069
vt 12.29598999 0.40195328
vt 12.29599190 0.26454967
vt 12.68683529 0.44811606
vt 12.49311447 0.45983458
vt 12.29598999 0.19584787
vt 12.29599190 0.12714612
vt 12.87952614 0.44395387
vt 12.87952423 0.12714821
vt 12.87952137 -0.01025629
vt 12.68683243 -0.01025677
vt 12.87952423 0.19585055
vt 13.07173347 0.12714857
vt 13.07173347 -0.01025641
vt 12.09926796 0.19584686
vt 12.09927177 0.12714529
vt 12.29598999 -0.01025748
vt 12.09927177 -0.01025796
vt 13.07173061 0.19585121
vt 12.49232101 -0.01025701
vt 13.26361752 0.26455468
vt 13.26361752 0.19585204
vt 13.45516968 0.26455569
vt 13.45516968 0.19585288
vt 13.64639282 0.26455665
vt 13.64639282 0.19585347
vt 14.02815819 0.56126845
vt 14.02815437 0.53937221
vt 13.90485954 0.53937113
vt 14.02115059 0.55971265
vt 13.83735275 0.26455760
vt 13.83735657 0.19585437
vt 13.45516968 0.40196151
vt 13.64639282 0.40196282
vt 13.83735847 0.40196395
vt 13.64638901 0.12715042
vt 13.64639282 -0.01025558
vt 13.26362038 0.40196013
vt 13.45517254 0.12714982
vt 13.26362038 0.12714946
vt 13.45517254 0.47799063
vt 13.26362038 0.45985949
vt 13.07172775 0.44812590
vt 13.45516777 -0.01025558
vt 13.26362038 -0.01025605
vt 12.09926987 0.26454854
vt 11.90265751 0.26454723
vt 11.71129608 0.56143647
vt 11.83559132 0.53935242
vt 11.90265751 0.40195012
vt 12.09926891 0.40195179
vt 12.09927177 0.50156629
vt 11.90265369 0.52886182
vt 12.29598808 0.47823954
vt 17.26362801 0.53940213
vt 17.41912079 0.53940350
vt 17.41912460 0.40198910
vt 17.26362610 0.40198803
vt 17.26362801 0.19586712
vt 17.41912270 0.19586784
vt 17.41912460 0.12716061
vt 17.26362610 0.12716007
vt 17.26362228 0.26457411
vt 17.41912270 0.26457506
vt 17.26362228 0.64151227
vt 17.26362610 0.74388647
vt 17.41912270 0.74388695
vt 17.41912270 0.64151239
vt 17.57228661 0.64151251
vt 17.57228661 0.53940469
vt 17.57228661 0.26457560
vt 17.57228851 0.19586825
vt 17.10539627 0.64151198
vt 17.10539436 0.74388611
vt 16.94425964 0.64151204
vt 16.94426346 0.74388576
vt 17.10539436 0.53940070
vt 16.94425964 0.53939927
vt 16.78006172 0.53939778
vt 16.78006172 0.64151192
vt 16.78006172 0.74388546
vt 17.10539436 0.12715960
vt 17.26362228 -0.01025391
vt 17.10539055 -0.01025403
vt 16.94426346 0.12715900
vt 16.94425964 -0.01025426
vt 16.78006554 0.12715846
vt 16.78006554 -0.01025438
vt 16.61268234 -0.01025450
vt 16.78006172 0.26457173
vt 16.78006172 0.19586504
vt 16.94425774 0.26457250
vt 16.94425774 0.19586575
vt 17.10539436 0.26457334
vt 17.10539436 0.19586647
vt 17.41912460 -0.01025367
vt 17.10539055 0.40198708
vt 16.94425964 0.40198600
vt 16.78006172 0.40198475
vt 17.57228661 0.40199018
vt 17.57228661 0.74388731
vt 17.72361565 0.74388778
vt 17.72361374 0.64151287
vt 17.72361565 0.53940606
vt 17.57228661 0.12716115
vt 17.57228851 -0.01025343
vt 17.72361374 0.26457649
vt 17.72361374 0.19586909
vt 17.87358856 0.19586992
vt 17.87359238 0.12716228
vt 17.72361374 0.12716162
vt 17.87359428 0.53940749
vt 17.87358856 0.64151323
vt 18.02270508 0.64151376
vt 18.02270699 0.53940898
vt 18.17146683 0.64151424
vt 18.17146683 0.53941047
vt 18.32027435 0.64151484
vt 18.32028008 0.53941190
vt 18.46955299 0.64151549
vt 18.46955872 0.53941369
vt 18.32027817 0.40199614
vt 18.17146683 0.40199482
vt 18.02270889 0.40199363
vt 18.17146492 0.26457924
vt 18.02270508 0.26457834
vt 18.17146111 0.19587159
vt 18.32027435 0.19587231
vt 18.32028008 0.12716436
vt 18.17146683 0.12716371
vt 18.17146683 0.74388933
vt 18.32027435 0.74388999
vt 18.02270508 0.19587064
vt 18.02270889 0.12716305
vt 17.72361183 0.40199137
vt 18.02270508 0.74388885
vt 17.87359238 0.74388826
vt 18.32027245 0.26458025
vt 18.46955299 0.26458162
vt 18.46955872 0.19587350
vt 17.87358475 0.40199250
vt 17.87358856 0.26457745
vt 18.46955490 0.12716544
vt 18.46955872 -0.01025081
vt 18.32028008 -0.01025152
vt 18.61972618 0.12716657
vt 18.61972809 -0.01024985
vt 18.02270889 -0.01025248
vt 17.87358856 -0.01025248
vt 17.72361565 -0.01025331
vt 18.46955872 0.40199757
vt 18.61972809 0.19587469
vt 18.17146873 -0.01025200
vt 18.61972809 0.26458281
vt 18.61972809 0.64151633
vt 18.61972809 0.74389148
vt 18.77122879 0.74389243
vt 18.77122498 0.64151728
vt 19.07896233 0.53942192
vt 19.23596382 0.53942394
vt 19.23596382 0.40200633
vt 19.07895470 0.40200472
vt 18.92422104 0.64151824
vt 18.92421913 0.74389344
vt 19.07896042 0.74389446
vt 19.07895851 0.64151931
vt 18.92422104 0.53941977
vt 18.92421913 0.40200299
vt 18.77122498 0.26458442
vt 18.77122498 0.19587612
vt 18.61972809 0.53941560
vt 18.77122307 0.53941768
vt 18.46955872 0.74389064
vt 19.72204971 0.64152312
vt 19.72204399 0.74389803
vt 19.89030838 0.74389887
vt 19.89031029 0.64152396
vt 19.07896042 0.26458746
vt 18.92421913 0.26458591
vt 18.77122498 0.40200102
vt 18.92422104 0.19587737
vt 18.61972809 0.40199924
vt 18.77122879 0.12716770
vt 19.23596764 0.64152038
vt 19.39533615 0.64152133
vt 19.39533615 0.53942609
vt 19.55707550 0.64152229
vt 19.55707741 0.53942835
vt 18.92422104 0.12716889
vt 19.55707741 0.74389708
vt 19.39533615 0.74389625
vt 19.23596382 0.74389529
vt 18.77122879 -0.01024890
vt 19.23596382 0.26458883
vt 19.39533615 0.40200830
vt 19.39533615 0.26459044
vt 19.23596764 0.12717140
vt 19.39533615 0.12717259
vt 19.39533234 -0.01024532
vt 19.23596382 -0.01024604
vt 19.07896042 0.12717032
vt 19.07896042 -0.01024675
vt 18.92422485 -0.01024795
vt 19.55707932 0.40201008
vt 19.72204399 0.40201175
vt 19.72204971 0.26459318
vt 19.55707550 0.26459199
vt 19.55707741 0.12717372
vt 19.55707741 -0.01024449
vt 19.07896042 0.19587880
vt 19.72204590 0.53943044
vt 19.55707741 0.19588286
vt 19.72204971 0.19588387
vt 19.72204590 0.12717456
vt 19.23596382 0.19588012
vt 19.39533615 0.19588143
vt 19.72204971 -0.01024389
vt 19.89030838 0.53943264
vt 20.06223488 0.64152479
vt 20.06223679 0.53943479
vt 20.23770714 0.64152539
vt 20.23770523 0.53943670
vt 20.41672325 0.53943884
vt 20.23770714 0.26459700
vt 20.41672134 0.26459825
vt 20.41672325 0.19588804
vt 20.23770905 0.19588685
vt 20.59977531 0.26459944
vt 20.59977341 0.19588906
vt 20.78678322 0.26460063
vt 20.78678322 0.19588995
vt 19.89030266 0.19588518
vt 19.89030457 0.12717563
vt 20.06223869 0.40201533
vt 19.89031029 0.40201366
vt 20.06223679 0.19588608
vt 20.23770905 0.12717694
vt 20.06223679 0.12717640
vt 20.41672134 0.12717795
vt 20.59977341 0.12717867
vt 20.59977341 -0.01024199
vt 20.41672134 -0.01024234
vt 20.23770905 -0.01024270
vt 20.06223679 -0.01024306
vt 20.41672325 0.40201855
vt 20.23770714 0.40201688
vt 20.59977150 0.53944111
vt 20.59977341 0.40202022
vt 20.78678322 0.12717927
vt 20.78678322 -0.01024175
vt 19.89031029 -0.01024330
vt 20.78678322 0.40202188
vt 19.89030457 0.26459467
vt 20.06223679 0.26459581
vt 7.11264229 0.64304525
vt 7.11199474 0.69545066
vt 7.26941299 0.69545782
vt 7.27020836 0.64308083
vt 6.95710707 0.64296150
vt 6.95638561 0.69536877
vt 6.80339718 0.64290583
vt 6.80270433 0.69532418
vt 6.65038681 0.64286304
vt 6.64970970 0.69529235
vt 6.49795008 0.53930700
vt 6.65105772 0.53930801
vt 6.65105534 0.47061151
vt 6.49795008 0.47061074
vt 6.80410862 0.53930891
vt 6.80410862 0.47061229
vt 6.49734116 0.64283860
vt 6.49671221 0.69528228
vt 6.34335184 0.64282489
vt 6.34276342 0.69529235
vt 6.18745995 0.64280808
vt 6.18689680 0.69529104
vt 6.02882004 0.64283180
vt 6.02835321 0.69534075
vt 5.86656380 0.64285171
vt 5.86661959 0.69618189
vt 7.76165771 0.64332795
vt 7.76083469 0.69571340
vt 7.93268490 0.69581783
vt 7.93349934 0.64343119
vt 7.59419918 0.64324147
vt 7.59335566 0.69562900
vt 6.95789623 0.53930998
vt 6.95789480 0.47061324
vt 7.43048096 0.64316106
vt 7.42947006 0.69555342
vt 8.11246490 0.12713164
vt 8.29711628 0.12713194
vt 8.29711628 -0.01026416
vt 8.11246681 -0.01026416
vt 5.86669731 0.53930300
vt 6.02925014 0.53930402
vt 6.02924871 0.47060817
vt 5.86669588 0.47060740
vt 6.18797636 0.53930509
vt 6.18797493 0.47060919
vt 7.11338806 0.19582653
vt 7.27116489 0.19582707
vt 7.27116489 0.12712991
vt 7.11338806 0.12712955
vt 7.43176937 0.47061616
vt 7.59533167 0.47061729
vt 7.59533405 0.40191972
vt 7.43176937 0.40191889
vt 7.43177080 0.19582725
vt 7.43177319 0.12712991
vt 7.27116346 0.47061527
vt 7.27116585 0.40191811
vt 7.11338806 0.53931129
vt 7.11338806 0.47061419
vt 8.11048508 0.69588041
vt 8.11127090 0.64347321
vt 7.11338949 0.40191734
vt 6.95789480 0.40191633
vt 6.95789480 0.19582593
vt 6.95789480 0.12712914
vt 6.80410957 0.40191567
vt 6.80410719 0.19582582
vt 6.80410862 0.12712896
vt 6.65105629 0.40191495
vt 6.65105534 0.19582546
vt 6.65105772 0.12712896
vt 6.49795008 0.40191442
vt 6.49794722 0.19582546
vt 6.49794865 0.12712896
vt 7.93471432 0.53932768
vt 8.11245728 0.53933471
vt 8.11246490 0.47062117
vt 7.93472195 0.47061986
vt 7.76282597 0.53931683
vt 7.76282692 0.47061849
vt 6.34389353 0.47061002
vt 6.34389210 0.40191376
vt 5.86669445 0.19582540
vt 6.02924871 0.19582510
vt 6.02924871 0.12712944
vt 5.86669731 0.12712973
vt 6.02924871 0.40191257
vt 5.86669731 0.40191191
vt 6.18797398 0.19582534
vt 6.18797493 0.12712938
vt 6.18797493 0.40191329
vt 6.34389067 0.19582534
vt 6.34389353 0.12712908
vt 6.34389210 0.53930604
vt 8.29710484 0.53934020
vt 8.29711628 0.47062254
vt 7.93472099 0.12713122
vt 7.93472099 -0.01026416
vt 7.76282597 0.12713075
vt 7.76282692 -0.01026440
vt 7.59533167 0.12713039
vt 7.59533167 -0.01026440
vt 8.29504013 0.69587535
vt 8.29587364 0.64347792
vt 7.43176699 0.26452458
vt 7.59533310 0.26452500
vt 7.59533405 0.19582754
vt 7.76282692 0.19582832
vt 7.93472099 0.19582891
vt 7.76282835 0.26452583
vt 7.93472195 0.26452661
vt 7.93472099 0.40192211
vt 7.76282835 0.40192086
vt 6.02925014 0.26452088
vt 6.18797493 0.26452148
vt 6.34389210 0.26452148
vt 6.49795008 0.26452184
vt 6.65105534 0.26452196
vt 6.80410957 0.26452243
vt 6.95789480 0.26452267
vt 7.27116489 0.53931236
vt 7.11338806 0.26452357
vt 7.11146450 0.74717295
vt 7.26867867 0.74722731
vt 7.27116489 0.26452416
vt 6.95609665 0.74713600
vt 7.43177319 0.53931338
vt 7.59533167 0.53931469
vt 5.86669588 0.26452088
vt 6.80229473 0.74708581
vt 6.64933300 0.74706042
vt 7.76041746 0.74747223
vt 7.93233633 0.74757969
vt 6.49632406 0.74705148
vt 8.11246490 0.26452732
vt 8.29711628 0.26452816
vt 8.29711628 0.19583011
vt 8.11246681 0.19582945
vt 8.11246681 0.40192318
vt 8.29711628 0.40192443
vt 6.02924871 -0.01026201
vt 5.86669588 -0.01026118
vt 6.18797493 -0.01026273
vt 6.34389210 -0.01026297
vt 6.49794865 -0.01026344
vt 6.65105772 -0.01026404
vt 6.80410862 -0.01026440
vt 6.95789719 -0.01026464
vt 7.11338949 -0.01026440
vt 7.59294510 0.74738032
vt 7.42919350 0.74730575
vt 7.27116489 -0.01026440
vt 6.34239674 0.74706441
vt 6.18656969 0.74708295
vt 6.02800560 0.74713010
vt 5.86616707 0.74778962
vt 8.11005592 0.74759841
vt 7.43177319 -0.01026428
vt 5.34651756 0.53929949
vt 5.52611828 0.53930068
vt 5.52611732 0.47060573
vt 5.34651756 0.47060466
vt 3.73640871 0.40190446
vt 3.94805241 0.40190506
vt 3.94805384 0.26451838
vt 3.73640800 0.26451808
vt 3.73637629 0.53933072
vt 3.73567128 0.64231002
vt 3.94740200 0.64226913
vt 3.94803476 0.53932101
vt 3.52419472 0.53933883
vt 3.52352452 0.64232600
vt 3.73521972 0.69384146
vt 3.94704294 0.69383037
vt 3.52318263 0.69388986
vt 3.73640943 0.12713176
vt 3.94805503 0.12713152
vt 3.94805241 -0.01025510
vt 3.73640800 -0.01025450
vt 5.69899511 0.64240277
vt 5.69912195 0.69610566
vt 3.52292848 0.74520707
vt 3.73508644 0.74517655
vt 3.73640680 0.47059762
vt 3.52423286 0.47059679
vt 3.94805384 0.47059846
vt 3.94682598 0.74522150
vt 4.96925449 0.47060293
vt 5.16074085 0.47060382
vt 5.16074228 0.40190929
vt 4.96925592 0.40190852
vt 4.96823359 0.69381166
vt 4.96795607 0.74519902
vt 5.15937519 0.74517131
vt 5.15963984 0.69376695
vt 5.52611828 0.26452035
vt 5.69928789 0.26452065
vt 5.69928789 0.19582546
vt 5.52611828 0.19582528
vt 3.73640800 0.19582498
vt 3.94805384 0.19582498
vt 5.69928932 0.53930175
vt 4.96925735 0.19582504
vt 5.16074324 0.19582510
vt 5.16074228 0.12713039
vt 4.96925735 0.12713045
vt 4.77259350 0.47060192
vt 4.77259350 0.40190762
vt 5.69928169 0.74825358
vt 4.77259350 0.19582468
vt 4.77259350 0.12713057
vt 4.15832233 0.40190560
vt 4.15832233 0.26451856
vt 4.36637878 0.40190631
vt 4.36637878 0.26451868
vt 4.57139635 0.40190685
vt 4.57139635 0.26451874
vt 4.77259493 0.26451910
vt 4.57139492 0.47060096
vt 4.57139397 0.19582474
vt 4.57139492 0.12713069
vt 4.96925592 0.26451945
vt 5.52513409 0.69453138
vt 5.52533197 0.74693209
vt 4.77158785 0.69385648
vt 4.77134943 0.74523914
vt 4.15832233 0.19582486
vt 4.36637878 0.19582474
vt 5.52541828 0.64195871
vt 5.16074228 0.26451981
vt 4.36637974 0.47060019
vt 5.34651613 0.26452017
vt 5.34651852 0.19582516
vt 4.57036877 0.69387943
vt 4.57015085 0.74526203
vt 4.36535120 0.69391435
vt 4.36513710 0.74528456
vt 5.34651756 0.40190983
vt 4.15726709 0.69392622
vt 4.15706635 0.74529505
vt 5.52611732 0.40191054
vt 5.69928932 0.40191120
vt 4.36637878 0.12713104
vt 5.52611589 0.12713021
vt 5.69928789 0.12712997
vt 5.69928789 -0.01026070
vt 5.52611828 -0.01025999
vt 4.15832233 0.47059917
vt 4.15832329 0.12713122
vt 4.15832233 -0.01025569
vt 4.36637878 -0.01025677
vt 4.57139635 -0.01025736
vt 4.77259493 -0.01025808
vt 4.96925831 -0.01025844
vt 5.16074228 -0.01025891
vt 5.34651852 0.12713021
vt 5.34651852 -0.01025963
vt 4.96870279 0.64215922
vt 5.16016245 0.64211130
vt 4.77203321 0.64221013
vt 5.34597206 0.64209300
vt 5.16074228 0.53929847
vt 4.96925974 0.53929734
vt 4.77259350 0.53929603
vt 4.57139492 0.53929490
vt 5.34543180 0.69375646
vt 4.36637497 0.53929943
vt 4.57079744 0.64224589
vt 4.36576462 0.64229190
vt 4.15767384 0.64231992
vt 5.34518671 0.74551803
vt 5.69928789 0.47060651
vt 4.15831327 0.53930950
vt 2.28580141 0.40189981
vt 2.48426580 0.40190041
vt 2.48426580 0.26451629
vt 2.28580070 0.26451606
vt 3.31237340 0.26451772
vt 3.52423358 0.26451784
vt 3.52423215 0.19582510
vt 3.31237221 0.19582504
vt 3.10166574 0.26451749
vt 3.10166621 0.19582498
vt 1.90344667 0.53929591
vt 1.90272737 0.64205623
vt 2.09138608 0.64210200
vt 2.09217930 0.53929949
vt 2.28502655 0.64207166
vt 2.28461552 0.69349837
vt 2.48304319 0.69369012
vt 2.48346162 0.64220220
vt 3.31159401 0.64208770
vt 3.31119323 0.69350123
vt 3.10085845 0.64204460
vt 3.10043478 0.69343317
vt 2.68687820 0.40190101
vt 2.68687940 0.26451659
vt 2.89205360 0.64202547
vt 2.89160967 0.69340801
vt 2.89291048 0.19582480
vt 3.10166502 0.12713242
vt 2.89291096 0.12713242
vt 2.68601060 0.64213473
vt 2.68551970 0.69356716
vt 3.31237411 0.12713212
vt 3.31237483 -0.01025319
vt 3.10166574 -0.01025248
vt 3.52423286 0.12713212
vt 3.52423286 -0.01025379
vt 2.89291096 0.47059417
vt 3.10166621 0.47059512
vt 3.10166502 0.40190262
vt 2.89291096 0.40190184
vt 3.31237411 0.47059590
vt 3.31237411 0.40190327
vt 2.09088945 0.69354922
vt 2.89291096 -0.01025236
vt 2.28576398 0.53931034
vt 2.28440118 0.74487758
vt 2.48277235 0.74492997
vt 2.68687868 0.12713230
vt 2.68687677 -0.01025200
vt 2.48422456 0.53932571
vt 2.89290977 0.26451719
vt 2.68682933 0.53932977
vt 2.89285827 0.53932816
vt 3.10161424 0.53933048
vt 3.31232715 0.53933734
vt 2.48426461 0.47059250
vt 2.28580022 0.47059166
vt 2.68687820 0.47059321
vt 2.09074688 0.74481201
vt 2.48426700 0.12713206
vt 2.48426580 -0.01025164
vt 2.68687820 0.19582444
vt 2.28580141 0.12713242
vt 2.28580022 -0.01025128
vt 2.09221101 0.47059101
vt 2.09221172 0.40189922
vt 3.52423358 0.40190381
vt 2.48426580 0.19582427
vt 2.28580141 0.19582427
vt 2.09221244 0.19582415
vt 2.09221172 0.12713236
vt 2.09221101 0.26451594
vt 1.90347314 0.47059011
vt 1.90347266 0.40189862
vt 1.90347123 0.26451552
vt 1.90347266 0.19582397
vt 1.90347314 0.12713236
vt 1.71930885 0.19582355
vt 1.71930885 0.12713218
vt 1.71930742 0.40189779
vt 1.71930695 0.26451516
vt 3.31105375 0.74497139
vt 3.10025907 0.74473524
vt 2.89143729 0.74468410
vt 2.68533278 0.74477023
vt 1.90347314 -0.01025081
vt 1.71930885 -0.01025057
vt 2.09221172 -0.01025081
vt 8.48470402 0.69605106
vt 8.48570824 0.64360440
vt 9.49975491 0.64390099
vt 9.49884319 0.69631648
vt 9.70749664 0.69639313
vt 9.70835972 0.64399832
vt 8.67988491 0.69610667
vt 8.68083477 0.64364952
vt 9.29135609 0.64381218
vt 9.29041767 0.69624603
vt 8.48730946 0.26452923
vt 8.68237495 0.26453024
vt 8.68237495 0.19583172
vt 8.48730850 0.19583082
vt 9.91481400 0.69561911
vt 9.91587162 0.64340222
vt 8.88224030 0.53936571
vt 9.08615494 0.53938019
vt 9.08618736 0.47062886
vt 8.88226700 0.47062737
vt 9.50139999 0.53942728
vt 9.70999718 0.53945947
vt 8.29429340 0.74772060
vt 8.48432350 0.74783969
vt 9.29297161 0.53940076
vt 9.50146580 0.47063220
vt 9.29301834 0.47063053
vt 9.91512966 0.74608290
vt 10.12126541 0.74538016
vt 10.12151718 0.69399536
vt 9.70693779 0.74756801
vt 9.49847221 0.74804723
vt 8.87984180 0.69614589
vt 8.88075542 0.64369333
vt 9.08370781 0.69617999
vt 9.08462620 0.64373815
vt 8.48730850 0.40192574
vt 8.68237591 0.40192711
vt 8.68235397 0.53935438
vt 9.71007919 0.47063386
vt 8.48729038 0.53934741
vt 8.67949772 0.74787557
vt 8.68237495 0.47062564
vt 9.29302025 0.40193135
vt 9.08618736 0.40193003
vt 8.88226604 0.19583261
vt 8.88226604 0.40192866
vt 8.87939072 0.74789834
vt 9.08321190 0.74793994
vt 9.08618736 0.26453227
vt 8.88226700 0.26453125
vt 8.48730850 0.47062403
vt 8.48730850 0.12713248
vt 9.28999138 0.74799037
vt 8.48730850 -0.01026404
vt 1.19303274 0.53928936
vt 1.19229603 0.64178169
vt 1.36334324 0.64189887
vt 1.36404848 0.53928494
vt 0.86482143 0.53927732
vt 1.02651596 0.53928542
vt 1.02653313 0.47058606
vt 0.86484098 0.47058541
vt 1.19304800 0.47058666
vt 1.53951979 0.19582325
vt 1.53951931 0.12713206
vt 1.36406565 0.47058743
vt 1.53951931 0.47058833
vt 1.71930885 0.47058916
vt 1.53951883 0.40189713
vt 1.53843451 0.69369936
vt 1.53814745 0.74492145
vt 1.71788979 0.74479461
vt 1.71800947 0.69349992
vt 1.90206289 0.74481845
vt 1.90235138 0.69351184
vt 0.55602264 0.69267780
vt 0.55582857 0.74391657
vt 0.70698452 0.74401873
vt 0.70716906 0.69282216
vt 0.86355352 0.74412972
vt 0.86370230 0.69283342
vt 1.02522373 0.74427927
vt 1.02546024 0.69304532
vt 1.53881359 0.64216459
vt 1.53950071 0.53928936
vt 1.19170189 0.74439722
vt 1.19184446 0.69306147
vt 1.36279535 0.74475169
vt 1.36296701 0.69327950
vt 0.70757246 0.64161944
vt 0.86410856 0.64162278
vt 1.02583313 0.64175832
vt 1.71852255 0.64207125
vt 0.55636644 0.64150977
vt 1.36406469 0.40189648
vt 1.19304800 0.40189576
vt 1.02653313 0.40189511
vt 1.71928596 0.53929353
vt 1.02653265 0.19582248
vt 1.19304895 0.19582260
vt 1.19304895 0.12713158
vt 1.02653265 0.12713164
vt 1.53951883 0.26451463
vt 0.86484051 0.40189463
vt 0.86484098 0.33320391
vt 0.86484098 0.26451308
vt 1.36406565 0.26451397
vt 0.70828485 0.40189433
vt 0.70828485 0.33320379
vt 0.86484051 0.19582236
vt 0.86483955 0.12713170
vt 0.70828485 0.47058499
vt 0.55705070 0.53927249
vt 0.70826578 0.53927672
vt 0.55707407 0.47058469
vt 1.36406565 0.19582283
vt 1.53951883 -0.01025045
vt 1.36406469 0.12713182
vt 1.36406565 -0.01025033
vt 1.19304752 -0.01025045
vt 1.02653313 -0.01025009
vt -0.57728767 0.53926516
vt -0.46225739 0.53925538
vt -0.46223974 0.47058326
vt -0.57726717 0.47058356
vt -0.81026459 0.53927010
vt -0.81047392 0.64125061
vt -0.69377470 0.64130723
vt -0.69322443 0.53927064
vt 0.55707407 0.33320367
vt 0.70828485 0.26451313
vt 0.55707407 0.26451313
vt 0.55707407 0.40189421
vt 0.70828485 0.19582248
vt 0.70828581 0.12713176
vt -0.46296883 0.69118226
vt -0.46306419 0.74211395
vt -0.34814835 0.74285346
vt -0.34816217 0.69156146
vt -0.23222923 0.74308133
vt -0.23194122 0.69210052
vt -0.34717941 0.53925300
vt -0.34791613 0.64080054
vt -0.23169422 0.64115584
vt -0.23124647 0.53925920
vt -0.46269894 0.64056379
vt -0.57789230 0.64096487
vt -0.34714270 0.26451331
vt -0.34714270 0.19582337
vt -0.46223831 0.19582355
vt 0.27183676 0.40189391
vt 0.41152143 0.40189409
vt 0.41152239 0.33320349
vt 0.27183676 0.33320367
vt 0.41152239 0.12713242
vt 0.55707407 0.12713206
vt 0.55707407 -0.01024878
vt 0.41152239 -0.01024818
vt -0.23122597 0.26451325
vt -0.23122454 0.19582331
vt -0.69321299 0.12713408
vt -0.57726717 0.12713385
vt -0.57726717 -0.01024604
vt -0.69321299 -0.01024556
vt -0.69321299 0.26451403
vt -0.57726574 0.19582379
vt -0.69321299 0.19582415
vt -0.57827950 0.69178796
vt -0.69411707 0.69232166
vt 0.55707407 0.19582260
vt 0.41152239 0.26451308
vt 0.41152239 0.19582272
vt 0.41152239 0.47058433
vt 0.13790703 0.40189373
vt 0.13790703 0.33320355
vt 0.00980091 0.40189373
vt 0.00980234 0.33320355
vt 0.27179527 0.53927112
vt 0.27069283 0.64080513
vt 0.41080952 0.64135283
vt 0.41149569 0.53926528
vt 0.27183676 0.12713283
vt 0.27183676 -0.01024759
vt -0.46223831 0.12713349
vt -0.46223974 0.40189338
vt -0.34714270 0.40189314
vt -0.34714270 0.33320314
vt -0.57726717 0.40189362
vt 0.27183580 0.26451349
vt 0.27183676 0.19582319
vt 0.86484098 -0.01024997
vt 0.70828581 -0.01024938
vt 0.00976896 0.53926468
vt 0.00908661 0.64078969
vt 0.13741875 0.64072812
vt 0.13788795 0.53928435
vt 0.41043806 0.69241858
vt 0.13790703 0.47058392
vt 0.00980091 0.47058374
vt -0.11291885 0.53925920
vt -0.11359835 0.64102852
vt -0.11288214 0.47058356
vt -0.23122454 0.47058320
vt 0.13719797 0.69142717
vt 0.27020979 0.69161105
vt 0.00866461 0.69151354
vt -0.11393976 0.69191760
vt -0.34714127 0.12713325
vt -0.34714270 0.47058314
vt -0.23122597 0.12713331
vt -0.23122597 0.33320320
vt -0.23122454 0.40189314
vt 0.13790703 0.26451337
vt 0.13790798 0.19582331
vt 0.00980091 0.26451355
vt 0.00980234 0.19582331
vt -0.11288309 0.26451349
vt -0.11288214 0.19582343
vt -0.11414003 0.74276507
vt 0.00870275 0.74245644
vt 0.13664103 0.74248838
vt 0.27022648 0.74300730
vt 0.41028976 0.74367130
vt 0.13790798 0.12713325
vt 0.13790798 -0.01024723
vt 0.00980091 0.12713337
vt 0.00980091 -0.01024675
vt -0.11288214 0.33320343
vt -0.11288309 0.12713337
vt -0.11288309 -0.01024652
vt -0.23122454 -0.01024652
vt -0.34714270 -0.01024652
vt -0.11288214 0.40189344
vt -0.57828331 0.74247450
vt 0.27183676 0.47058409
vt -0.69321299 0.47058374
vt -0.69321299 0.40189373
vt -0.46223974 -0.01024604
vt -1.82784843 0.53927588
vt -1.82828140 0.64076245
vt -1.69211960 0.64109212
vt -1.69195747 0.53927559
vt -1.17367506 0.53927433
vt -1.05034161 0.53927326
vt -1.05034161 0.47058427
vt -1.17367506 0.47058439
vt -1.96598148 0.12713683
vt -1.82784700 0.12713617
vt -1.82784843 -0.01024354
vt -1.96598053 -0.01024294
vt -1.69195747 0.12713611
vt -1.69195747 -0.01024377
vt -1.55859041 0.12713587
vt -1.55859041 -0.01024389
vt -1.42776251 0.12713563
vt -1.42776155 -0.01024389
vt -1.29947901 0.12713552
vt -1.29947805 -0.01024437
vt -1.17367363 0.12713528
vt -1.17367506 -0.01024461
vt -1.05034018 0.12713492
vt -1.05034018 -0.01024461
vt -0.92914629 0.12713468
vt -0.92914629 -0.01024508
vt -1.42776251 0.40189523
vt -1.29947805 0.40189487
vt -1.29947901 0.26451516
vt -1.42776155 0.26451546
vt -1.17367506 0.40189457
vt -1.17367506 0.26451492
vt -1.05034018 0.40189433
vt -1.05034018 0.26451457
vt -0.92914772 0.53927183
vt -0.81026220 0.47058398
vt -0.92914629 0.47058403
vt -1.69217253 0.69178593
vt -1.69262075 0.74292642
vt -1.55951500 0.74301332
vt -1.55936909 0.69200253
vt -0.81026077 0.12713450
vt -0.81026220 -0.01024520
vt -1.82837963 0.69097376
vt -1.82848501 0.74177539
vt -1.69195890 0.47058570
vt -1.82784748 0.47058582
vt -1.96598148 0.26451665
vt -1.82784748 0.26451617
vt -1.82784748 0.19582623
vt -1.96598005 0.19582665
vt -1.69195747 0.26451582
vt -1.69195890 0.19582605
vt -1.29947805 0.53927457
vt -1.29988623 0.64086610
vt -1.17402744 0.64107984
vt -1.42776155 0.53927481
vt -1.42778540 0.64059281
vt -0.81026220 0.40189409
vt -0.81026220 0.19582450
vt -1.82784748 0.40189600
vt -1.69195890 0.40189582
vt -1.55859041 0.26451570
vt -1.55858946 0.19582570
vt -0.81026220 0.26451433
vt -0.92914629 0.40189427
vt -0.92914629 0.26451451
vt -1.55900145 0.64113617
vt -0.92914629 0.19582468
vt -1.55858994 0.53927517
vt -1.42776155 0.47058499
vt -1.55858946 0.47058529
vt -1.42789459 0.69095087
vt -1.05034018 0.19582468
vt -1.29947805 0.47058469
vt -1.17367363 0.19582510
vt -1.29947805 0.19582534
vt -1.42776155 0.19582558
vt -1.55858994 0.40189534
vt -0.81053591 0.69220746
vt -0.81096601 0.74336457
vt -0.69432783 0.74311793
vt -0.92927074 0.69189978
vt -0.92938995 0.74312556
vt -1.29996490 0.69110715
vt -1.17423153 0.69174981
vt -1.05079031 0.69185209
vt -1.05063963 0.64106572
vt -0.92923641 0.64108384
vt -1.42790461 0.74176753
vt -1.30011177 0.74241644
vt -1.17426872 0.74281752
vt -1.05066872 0.74290621
vt -5.73993254 0.19583070
vt -5.53809881 0.19583040
vt -5.53809881 0.12713957
vt -5.73993254 0.12713963
vt -5.14181852 0.26452100
vt -4.94746828 0.26452082
vt -4.94746828 0.19583011
vt -5.14181757 0.19583017
vt -5.33871317 0.26452106
vt -5.33871126 0.19583017
vt -5.33871126 0.12713945
vt -5.33871126 -0.01024199
vt -5.53809881 -0.01024199
vt -4.75560904 0.19582999
vt -4.56629801 0.19582987
vt -4.56629801 0.12713933
vt -4.75560904 0.12713927
vt -4.56735849 0.69289970
vt -4.56710100 0.74461842
vt -4.38143778 0.74561882
vt -4.38017607 0.69363356
vt -5.33871126 0.40190244
vt -5.14181757 0.40190226
vt -4.75560904 0.40190184
vt -4.56629801 0.40190154
vt -4.56629801 0.26452041
vt -4.75560904 0.26452059
vt -5.73993254 -0.01024175
vt -4.94746828 0.40190214
vt -4.19600821 0.19582945
vt -4.01536798 0.19582945
vt -4.01536798 0.12713915
vt -4.19600821 0.12713909
vt -4.37970495 0.19582969
vt -4.37970495 0.12713915
vt -4.37970495 0.47059155
vt -4.19600821 0.47059119
vt -4.19600821 0.40190071
vt -4.37970495 0.40190113
vt -4.94746828 0.12713957
vt -4.94853258 0.69298577
vt -4.94871569 0.74418819
vt -4.75685072 0.74413180
vt -4.75670671 0.69297677
vt -4.37971544 0.53929418
vt -4.38014269 0.64222789
vt -4.19720507 0.64260727
vt -4.19601393 0.53928578
vt -4.37970495 0.26452023
vt -4.19600821 0.26451993
vt -5.14181566 0.12713945
vt -4.94749880 0.53930151
vt -4.94817495 0.64180017
vt -4.75632334 0.64175719
vt -4.75563478 0.53929448
vt -4.94746828 0.47059274
vt -4.75560904 0.47059250
vt -5.14181757 0.47059298
vt -5.33871126 0.47059321
vt -5.53809881 0.26452124
vt -5.14245653 0.64165771
vt -5.14268446 0.69249332
vt -4.56631613 0.53928816
vt -4.56697893 0.64169300
vt -4.37970495 -0.01024151
vt -4.56629801 -0.01024163
vt -4.19600821 -0.01024163
vt -4.56629801 0.47059208
vt -5.14184999 0.53930217
vt -4.94746828 -0.01024175
vt -5.14181566 -0.01024187
vt -4.75560904 -0.01024163
vt -4.01536798 -0.01024163
vt -7.44120073 0.19583213
vt -7.21948671 0.19583201
vt -7.21948671 0.12714088
vt -7.44120073 0.12714100
vt -8.36427116 0.05845052
vt -8.36427116 -0.01024067
vt -7.66614485 0.19583249
vt -7.66614485 0.12714112
vt -7.89468145 0.19583255
vt -7.89468145 0.12714142
vt -8.36427116 0.26452398
vt -8.12720108 0.26452386
vt -8.12720108 0.19583267
vt -8.36427116 0.19583285
vt -7.89468145 0.26452368
vt -7.00061178 0.19583189
vt -7.00061178 0.12714082
vt -6.78447866 0.19583172
vt -6.78447866 0.12714076
vt -6.78447866 0.47059566
vt -6.57086229 0.47059536
vt -6.57086229 0.40190440
vt -6.78447866 0.40190482
vt -9.10329056 0.05845094
vt -8.85266113 0.05845082
vt -8.85266113 -0.01024044
vt -9.10329056 -0.01024008
vt -8.12720108 0.12714136
vt -8.36427116 0.12714171
vt -7.44120073 0.26452327
vt -7.21948671 0.26452315
vt -8.60618782 0.12714189
vt -8.60618782 0.05845070
vt -8.85266113 0.12714183
vt -9.10329056 0.12714219
vt -6.78447866 0.53928661
vt -6.57086229 0.53928638
vt -8.36427116 0.29241335
vt -8.53799248 0.26452422
vt -8.43369484 0.27835631
vt -6.57086229 0.19583148
vt -6.35962152 0.19583136
vt -6.35962152 0.12714028
vt -6.57086229 0.12714052
vt -7.66614485 0.26452357
vt -6.35962152 -0.01024127
vt -6.57086229 -0.01024127
vt -6.78447866 -0.01024127
vt -7.00061178 -0.01024139
vt -7.21948671 -0.01024127
vt -7.44120073 -0.01024115
vt -7.66614485 -0.01024127
vt -7.44120073 0.40190542
vt -7.21948671 0.40190518
vt -7.00061178 0.40190500
vt -7.00061178 0.26452303
vt -6.78447866 0.26452273
vt -6.57086229 0.26452261
vt -6.35962152 0.40190423
vt -6.35962152 0.26452243
vt -6.78447866 0.56632876
vt -6.92338514 0.53928721
vt -6.85910749 0.55030733
vt -8.60618782 -0.01024044
vt -5.53809881 0.40190279
vt -5.94415808 0.19583088
vt -5.94415808 0.12713999
vt -5.94415808 0.47059447
vt -5.73993254 0.47059393
vt -5.73993254 0.40190309
vt -5.94415808 0.40190351
vt -6.15072584 0.47059476
vt -6.15072584 0.40190387
vt -6.15072584 0.26452214
vt -5.94415808 0.26452178
vt -6.15072584 0.19583124
vt -5.73993254 0.26452136
vt -6.15072584 0.53928566
vt -5.94415808 0.64153719
vt -5.94415808 0.53928518
vt -5.94415998 -0.01024151
vt -5.53809881 0.47059363
vt -5.94415808 0.70120752
vt -5.73993254 0.72741371
vt -5.73993254 0.64153719
vt -5.54044390 0.69694644
vt -5.53980398 0.74532306
vt -5.33973551 0.74336016
vt -5.33964586 0.69194853
vt -6.35962152 0.53928602
vt -6.35962152 0.47059518
vt -5.53816748 0.53935432
vt -5.33875608 0.53930402
vt -5.73993254 0.53928477
vt -6.15072584 0.12714028
vt -6.15072584 -0.01024151
vt -5.14294481 0.74396074
vt -5.33941793 0.64166296
vt -5.53970098 0.64449596
vt -9.61532974 0.05845153
vt -9.35765648 0.05845129
vt -9.35765648 -0.01023984
vt -9.61532974 -0.01023960
vt -9.87585640 0.05845153
vt -9.87585449 -0.01023960
vt -9.35765648 0.12714249
vt -9.61532974 0.12714261
vt -9.87585449 0.12714267
vt -2.24947786 0.64111698
vt -2.25013685 0.69183135
vt -2.10594225 0.69079792
vt -2.10599661 0.64048970
vt -2.25044489 0.74278975
vt -2.10600090 0.74154937
vt -1.96598148 0.53927624
vt -1.96598005 0.47058630
vt -1.96606493 0.64025140
vt -1.96619463 0.69031596
vt -2.54069090 0.69185042
vt -2.54152155 0.74292159
vt -2.39534140 0.74287283
vt -2.39474916 0.69196415
vt -3.32574034 0.26451945
vt -3.16189909 0.26451921
vt -3.16190004 0.19582909
vt -3.32574129 0.19582933
vt -2.69239378 0.69244331
vt -2.69191408 0.74309444
vt -2.84497499 0.12713873
vt -2.69160986 0.12713850
vt -2.69160986 -0.01024163
vt -2.84497404 -0.01024127
vt -2.39420366 0.64112413
vt -2.84579229 0.69219017
vt -2.84594679 0.74344134
vt -2.10605240 0.53927672
vt -2.10605240 0.47058690
vt -2.69203711 0.64142370
vt -2.54072142 0.64109987
vt -1.96621466 0.74096751
vt -2.84547853 0.64133430
vt -3.00266600 0.69203043
vt -3.00274134 0.74317205
vt -3.16189909 0.53927952
vt -3.16279173 0.64142370
vt -3.00222635 0.64120018
vt -3.00166368 0.53927934
vt -3.16345549 0.69239616
vt -3.00166368 0.19582880
vt -2.84497404 0.19582874
vt -3.00166368 0.12713885
vt -3.16190004 0.12713897
vt -3.00166464 0.26451910
vt -2.84497499 0.26451880
vt -2.69160986 0.26451850
vt -2.69160986 0.19582850
vt -2.54076242 0.40189803
vt -2.39372683 0.40189779
vt -2.39372683 0.26451790
vt -2.54076242 0.26451808
vt -2.69160986 0.40189862
vt -2.84497499 0.40189898
vt -3.00166368 0.40189922
vt -3.32574224 0.40189970
vt -3.16189909 0.40189940
vt -3.32574034 0.12713909
vt -3.49306726 0.19582945
vt -3.49306631 0.12713915
vt -3.16190004 0.47058958
vt -3.00166368 0.47058928
vt -2.54076242 0.19582808
vt -2.39372683 0.47058785
vt -2.24863958 0.47058731
vt -2.24863958 0.40189743
vt -2.24864054 0.53927737
vt -1.96598005 0.40189636
vt -2.84497499 0.47058904
vt -3.00166368 -0.01024127
vt -2.39372683 0.53927767
vt -3.16190004 -0.01024103
vt -3.32574034 -0.01024103
vt -2.10605240 0.40189695
vt -2.10605240 0.19582707
vt -2.10605240 0.12713701
vt -2.69160986 0.47058856
vt -2.54076338 0.53927815
vt -2.54076338 0.47058809
vt -3.49306726 -0.01024103
vt -2.69160986 0.53927863
vt -2.84497499 0.53927904
vt -2.54076338 0.12713814
vt -2.10605240 0.26451701
vt -2.24863958 0.26451749
vt -2.10605240 -0.01024270
vt -2.24863958 0.12713754
vt -2.24863958 -0.01024222
vt -2.39372683 0.19582790
vt -2.39372683 0.12713784
vt -2.39372683 -0.01024199
vt -2.54076338 -0.01024187
vt -2.24863958 0.19582736
vt -3.66382074 0.40190005
vt -3.49306726 0.40190005
vt -3.49306726 0.26451969
vt -3.66382074 0.26451981
vt -4.19816637 0.69455135
vt -4.01536798 0.40190053
vt -3.83793020 0.40190047
vt -3.83793020 0.26451981
vt -4.01536798 0.26451981
vt -3.32574034 0.53927988
vt -3.32574129 0.47058976
vt -3.32629824 0.69213212
vt -3.32718134 0.74338901
vt -3.16336393 0.74321562
vt -3.32600546 0.64123189
vt -3.83792925 0.19582951
vt -3.66382074 0.19582951
vt -3.66382074 0.12713921
vt -3.83793020 0.12713921
vt -3.83792925 0.47059071
vt -3.66382074 0.47059047
vt -3.66382074 -0.01024103
vt -3.83793020 -0.01024127
vt -4.01536798 0.47059095
vt -4.01599741 0.64163089
vt -4.01536894 0.53928125
vt -3.83857679 0.64161694
vt -3.83792925 0.53928101
vt -3.66441679 0.64154375
vt -3.66382074 0.53928065
vt -3.49348307 0.64150774
vt -3.49306631 0.53928030
vt -3.49372911 0.69258004
vt -3.49379396 0.74336404
vt -3.66481256 0.69266987
vt -3.66475058 0.74376345
vt -3.49306631 0.47059011
vt -3.83902597 0.69281006
vt -3.83915186 0.74389052
vt -4.01637983 0.69280577
vt -4.01662207 0.74399233
vt -4.19770670 0.74477291
vt -0.41104364 0.63138837
vt -0.24772692 0.63143551
vt -0.24753714 -0.03021014
vt -0.41086864 -0.03021014
vt -0.41086864 0.71555489
vt -0.24753714 0.71555495
vt -0.24753714 0.79990292
vt -0.08177042 0.79990292
vt -0.08177042 0.71555495
vt -0.41086864 0.79990298
vt 20.97773552 0.40202349
vt 21.17257500 0.40202498
vt 21.17257500 0.26460272
vt 20.97773933 0.26460159
vt 22.41736984 0.12718302
vt 22.63533401 -0.01024163
vt 22.41736984 -0.01024187
vt 21.37121010 0.12718087
vt 21.57367706 0.12718123
vt 21.57367516 -0.01024175
vt 21.37121201 -0.01024187
vt 21.37121582 0.19589221
vt 21.57367706 0.19589281
vt 21.37121582 0.26460367
vt 21.57367516 0.26460445
vt 21.77968216 0.19589376
vt 21.77968216 0.12718183
vt 21.98909760 0.12718213
vt 21.98909378 -0.01024199
vt 21.77968216 -0.01024175
vt 0.25558090 0.63133895
vt 0.42731500 0.63136083
vt 0.42743516 -0.03021049
vt 0.25571346 -0.03021038
vt 0.25571346 0.71555501
vt 0.42743516 0.71555507
vt 21.17257309 0.47741234
vt 20.97774124 0.12717986
vt 20.97774124 -0.01024199
vt 20.97773933 0.19589072
vt 21.17257500 0.19589162
vt 21.17257500 0.12718046
vt 22.85673904 -0.01024127
vt 21.17257309 -0.01024163
vt -0.08196640 0.63138151
vt 0.08605146 0.71555495
vt 0.08587360 0.63135421
vt 0.08605146 -0.03021038
vt -0.08177042 -0.03021026
vt 20.97773933 0.53571522
vt 0.25571346 0.79990280
vt 0.42743516 0.79990280
vt 0.08605146 0.79990286
vt 22.20185852 0.12718278
vt 22.20186234 -0.01024199
vt 21.57367706 0.35690761
vt 22.20185852 0.19964194
vt 22.41736984 0.16347861
vt 21.98909378 0.24569297
vt 1.68443060 0.71555519
vt 1.68443060 0.79990292
vt 1.87118769 0.79990292
vt 1.87118769 0.71555519
vt 1.68437958 0.63137436
vt 1.87116313 0.63130081
vt 2.05971599 0.63128972
vt 2.05972552 -0.03021073
vt 1.87118769 -0.03021085
vt 2.05972552 0.71555519
vt 2.05972552 0.79990298
vt 1.31611300 0.63142443
vt 1.49937081 0.63143146
vt 1.49945140 -0.03021097
vt 1.31619763 -0.03021085
vt 0.60130429 0.71555507
vt 0.60130429 0.79990280
vt 0.77717876 0.79990280
vt 0.77717876 0.71555513
vt 1.31619763 0.71555519
vt 1.31619763 0.79990286
vt 1.49945140 0.79990292
vt 1.49945140 0.71555519
vt 0.95498800 0.79990280
vt 0.95498800 0.71555519
vt 0.95488834 0.63143563
vt 1.13459349 0.63142723
vt 1.13469100 -0.03021073
vt 0.95498800 -0.03021061
vt 0.77706051 0.63141453
vt 0.77717876 -0.03021061
vt 0.60117459 0.63139570
vt 0.60130429 -0.03021061
vt 1.68443060 -0.03021097
vt 1.13469100 0.71555519
vt 1.13469100 0.79990280
vt 2.25002718 0.71555519
vt 2.25003290 0.63128424
vt 2.25002718 -0.03021073
vt 2.44209146 0.71555519
vt 2.44212723 0.63129628
vt 2.63621426 0.71555519
vt 2.63624644 0.63135016
vt 2.83221483 0.71555519
vt 2.83223009 0.63134170
vt 2.44209146 -0.03021073
vt 3.02998376 0.71555519
vt 3.02998948 0.63133937
vt 3.22975111 0.71555519
vt 3.22975111 0.63135058
vt 3.43166494 0.71555519
vt 3.43165779 0.63136721
vt 3.22975111 0.79990286
vt 3.43166494 0.79990286
vt 3.02998376 0.79990292
vt 2.83221483 0.79990292
vt 2.63621426 0.79990292
vt 2.44209146 0.79990298
vt 2.25002718 0.79990298
vt 2.63621426 -0.03021097
vt 2.83221483 -0.03021133
vt 3.63604689 0.79990280
vt 3.63604689 0.71555513
vt 3.63603354 0.63136131
vt 3.43166494 -0.03021240
vt 3.22975111 -0.03021204
vt 3.02998376 -0.03021169
vt 3.63604689 -0.03021300
vt 3.84306955 0.63133234
vt 3.84308815 -0.03021359
vt 5.13713598 0.71555483
vt 5.13713598 0.79990214
vt 5.36006546 0.79990202
vt 5.36006546 0.71555477
vt 4.91597271 0.71555495
vt 4.91597271 0.79990232
vt 4.47973537 0.63128132
vt 4.69677496 0.63128471
vt 4.69677448 -0.03021646
vt 4.47973824 -0.03021574
vt 4.05276012 0.63129491
vt 4.26501560 0.63127893
vt 4.26502180 -0.03021491
vt 4.05276966 -0.03021419
vt 4.69677448 0.71555507
vt 4.69677448 0.79990244
vt 4.47973824 0.71555507
vt 4.47973824 0.79990250
vt 5.36007023 0.63130271
vt 5.58453655 0.71555471
vt 5.58454609 0.63130480
vt 5.13714314 0.63130081
vt 4.91597795 0.63129771
vt 5.58453655 0.79990184
vt 3.84308815 0.71555507
vt 4.05276966 0.71555507
vt 4.26502180 0.71555507
vt 5.81031609 0.63128990
vt 5.81030416 -0.03022194
vt 5.58453655 -0.03022075
vt 4.26502180 0.79990262
vt 4.05276966 0.79990268
vt 4.91597271 -0.03021741
vt 5.13713598 -0.03021848
vt 3.84308815 0.79990274
vt 5.36006546 -0.03021955
vt 5.81030416 0.79990172
vt 5.81030416 0.71555465
vt 6.03712130 0.71555459
vt 6.03713226 0.63130361
vt 6.03712130 0.79990155
vt 6.72120285 0.71555459
vt 6.72120285 0.79990113
vt 6.94950294 0.79990107
vt 6.94950294 0.71555459
vt 6.49284458 0.71555459
vt 6.49284458 0.79990125
vt 7.63228893 0.63134700
vt 7.76470852 0.63133085
vt 7.76468182 -0.03023028
vt 7.63226128 -0.03022957
vt 6.49286413 0.63129455
vt 6.72122049 0.63132936
vt 6.72120285 -0.03022599
vt 6.49284458 -0.03022504
vt 6.26474333 0.63130343
vt 6.26472712 -0.03022408
vt 6.03712130 -0.03022301
vt 6.94952583 0.63131893
vt 6.94950294 -0.03022683
vt 7.17747259 0.71555459
vt 7.17749691 0.63130927
vt 7.17747259 -0.03022766
vt 6.26472712 0.79990143
vt 6.26472712 0.71555459
vt 7.17747259 0.79990095
vt 7.40507412 0.63134640
vt 7.40505075 -0.03022861
vt 7.40505075 0.79990083
vt 7.40505075 0.71555459
vt 7.63226128 0.71555459
vt 7.63226128 0.79990077
vt 7.76468182 0.71555459
vt 7.76468182 0.79990065
vt 7.83491230 0.79990065
vt 7.83491230 0.71555459
vt 7.90603542 0.71555459
vt 7.90603542 0.79990053
vt 8.08569717 0.79990035
vt 8.08569717 0.71555454
vt 8.31198406 0.71555448
vt 8.31198406 0.79990005
vt 8.53802490 0.79989982
vt 8.53802490 0.71555442
vt 8.31201744 0.63133109
vt 8.53805923 0.63131666
vt 8.76384544 0.71555436
vt 8.76384544 0.79989952
vt 8.84870338 0.79989940
vt 8.84870338 0.71555436
vt 8.76387691 0.63133109
vt 8.84873581 0.63135701
vt 8.08572578 0.63134432
vt 8.98947620 0.71555436
vt 8.98947620 0.79989922
vt 9.09326935 0.79989910
vt 9.09326935 0.71555436
vt 7.90606546 0.63133132
vt 7.83494186 0.63132507
vt 7.90603542 -0.03023136
vt 7.83491230 -0.03023076
vt 8.98950768 0.63137704
vt 9.09329987 0.63138580
vt 9.09326935 -0.03024089
vt 8.98947620 -0.03024018
vt 8.84870338 -0.03023922
vt 8.08569717 -0.03023291
vt 9.21501732 0.71555436
vt 9.21504879 0.63136578
vt 9.21501732 -0.03024173
vt 8.76384544 -0.03023851
vt 8.53802490 -0.03023672
vt 8.31198406 -0.03023481
vt 9.21501732 0.79989886
vt 10.90989971 0.71459264
vt 10.92240620 0.71139157
vt 11.11250591 0.67709219
vt 14.98231316 0.72803718
vt 15.00700569 0.72990024
vt 15.10977173 0.74388242
vt 14.60898018 0.66767895
vt 14.79200172 0.69919288
vt 14.80770683 0.70069563
vt 12.30125904 0.47759122
vt 13.83735657 0.52878642
vt 13.82978630 0.52743232
vt 13.64639282 0.50135428
vt 13.64140511 0.50060666
vt 20.59977531 0.63385451
vt 20.58646584 0.63627207
vt 20.77890396 0.58927798
vt 20.39771271 0.67698991
vt 20.23770523 0.70784169
vt 20.06223679 0.73323137
vt 20.18622589 0.71441919
vt 20.21346283 0.71022069
vt 20.04521179 0.73396254
vt 19.95013618 0.74389941
vt 20.03541756 0.73436075
vt -7.21948671 0.49067652
vt -7.44120073 0.45183742
vt -7.30245161 0.47350764
vt -7.52689409 0.43433285
vt -7.89468145 0.37191951
vt -7.75153685 0.39406472
vt -7.00061178 0.52773273
vt -7.07975912 0.51213866
vt -8.12720108 0.33165550
vt -8.20435715 0.31538713
vt -7.97716761 0.35431260
vt -8.60618973 0.25544542
vt -8.85266113 0.22147906
vt -8.66614342 0.24414080
vt -8.90202904 0.21300399
vt -9.10329056 0.19184446
vt -6.57086229 0.60423386
vt -6.64313936 0.58962512
vt -5.59475660 0.74652416
vt -6.42866278 0.62647784
vt -6.35962152 0.63941115
vt -9.14125061 0.18635762
vt -9.35765648 0.16867757
vt -9.62829590 0.15251690
vt -9.61532974 0.15353292
vt -9.87584496 0.14791292
vt -9.38339233 0.16574520
vt 22.63195992 0.14029479
f 1/1 2/2 3/3
f 4/4 5/5 6/6
f 7/7 8/8 9/9
f 10/10 11/11 12/12
f 13/13 14/14 15/15
f 16/16 17/17 18/18
f 19/19 20/20 21/21
f 22/22 23/23 24/24
f 25/25 26/26 27/27
f 28/28 29/29 30/30
f 31/31 32/32 33/33
f 34/34 35/35 36/36
f 37/37 38/38 39/39
f 37/37 39/39 40/40
f 41/41 42/42 38/38
f 41/41 38/38 37/37
f 43/43 44/44 45/45
f 43/43 45/45 46/46
f 47/47 48/48 49/49
f 47/47 49/49 50/50
f 51/51 37/37 40/40
f 51/51 40/40 52/52
f 53/53 41/41 37/37
f 53/53 37/37 51/51
f 46/46 45/45 47/47
f 46/46 47/47 54/54
f 55/55 56/56 57/57
f 55/55 57/57 44/44
f 45/45 58/58 48/48
f 45/45 48/48 47/47
f 59/59 60/60 61/61
f 59/59 61/61 56/56
f 62/62 59/59 56/56
f 62/62 56/56 55/55
f 54/54 47/47 50/50
f 54/54 50/50 63/63
f 64/64 55/55 44/44
f 64/64 44/44 43/43
f 65/65 54/54 63/63
f 65/65 63/63 66/66
f 67/67 64/64 43/43
f 67/67 43/43 68/68
f 69/69 65/65 66/66
f 69/69 66/66 70/70
f 71/71 67/67 68/68
f 71/71 68/68 72/72
f 73/73 69/69 70/70
f 73/73 70/70 74/74
f 75/75 71/71 72/72
f 75/75 72/72 76/76
f 77/77 73/73 74/74
f 77/77 74/74 78/78
f 79/79 75/75 76/76
f 79/79 76/76 80/80
f 68/68 43/43 46/46
f 68/68 46/46 81/81
f 82/82 62/62 55/55
f 82/82 55/55 64/64
f 72/72 68/68 81/81
f 72/72 81/81 83/83
f 76/76 72/72 83/83
f 76/76 83/83 84/84
f 80/80 76/76 84/84
f 80/80 84/84 85/85
f 86/86 53/53 51/51
f 86/86 51/51 87/87
f 88/88 89/89 53/53
f 88/88 53/53 86/86
f 90/90 91/91 92/92
f 90/90 92/92 93/93
f 57/57 90/90 93/93
f 57/57 93/93 58/58
f 49/49 94/94 95/95
f 49/49 95/95 96/96
f 94/94 97/97 98/98
f 94/94 98/98 95/95
f 99/99 82/82 64/64
f 99/99 64/64 67/67
f 66/66 63/63 100/100
f 66/66 100/100 101/101
f 87/87 99/99 67/67
f 87/87 67/67 71/71
f 86/86 87/87 71/71
f 86/86 71/71 75/75
f 88/88 86/86 75/75
f 88/88 75/75 79/79
f 102/102 103/103 97/97
f 102/102 97/97 94/94
f 103/103 104/104 105/105
f 103/103 105/105 97/97
f 97/97 105/105 106/106
f 97/97 106/106 98/98
f 93/93 92/92 103/103
f 93/93 103/103 102/102
f 60/60 107/107 108/108
f 60/60 108/108 61/61
f 107/107 60/60 109/109
f 107/107 109/109 110/110
f 48/48 102/102 94/94
f 48/48 94/94 49/49
f 61/61 108/108 91/91
f 61/61 91/91 90/90
f 81/81 46/46 54/54
f 81/81 54/54 65/65
f 50/50 49/49 96/96
f 50/50 96/96 111/111
f 82/82 112/112 2/2
f 82/82 2/2 62/62
f 44/44 57/57 58/58
f 44/44 58/58 45/45
f 85/85 84/84 73/73
f 85/85 73/73 77/77
f 84/84 83/83 69/69
f 84/84 69/69 73/73
f 87/87 51/51 52/52
f 87/87 52/52 99/99
f 83/83 81/81 65/65
f 83/83 65/65 69/69
f 56/56 61/61 90/90
f 56/56 90/90 57/57
f 58/58 93/93 102/102
f 58/58 102/102 48/48
f 78/78 74/74 113/113
f 78/78 113/113 114/114
f 63/63 50/50 111/111
f 63/63 111/111 100/100
f 99/99 52/52 112/112
f 99/99 112/112 82/82
f 74/74 70/70 115/115
f 74/74 115/115 113/113
f 70/70 66/66 101/101
f 70/70 101/101 115/115
f 60/60 59/59 116/116
f 60/60 116/116 117/117
f 118/118 119/119 120/120
f 118/118 120/120 121/121
f 122/122 118/118 121/121
f 122/122 121/121 123/123
f 119/119 85/85 77/77
f 119/119 77/77 120/120
f 124/124 122/122 123/123
f 124/124 123/123 125/125
f 126/126 127/127 118/118
f 126/126 118/118 122/122
f 127/127 128/128 119/119
f 127/127 119/119 118/118
f 128/128 80/80 85/85
f 128/128 85/85 119/119
f 129/129 125/125 130/130
f 129/129 130/130 131/131
f 125/125 123/123 132/132
f 125/125 132/132 130/130
f 123/123 121/121 133/133
f 123/123 133/133 132/132
f 121/121 120/120 134/134
f 121/121 134/134 133/133
f 120/120 77/77 78/78
f 120/120 78/78 134/134
f 135/135 79/79 80/80
f 135/135 80/80 128/128
f 136/136 88/88 79/79
f 136/136 79/79 135/135
f 134/134 78/78 114/114
f 134/134 114/114 137/137
f 133/133 134/134 137/137
f 133/133 137/137 138/138
f 132/132 133/133 138/138
f 132/132 138/138 139/139
f 130/130 132/132 139/139
f 130/130 139/139 140/140
f 131/131 130/130 140/140
f 131/131 140/140 141/141
f 142/142 131/131 141/141
f 142/142 141/141 143/143
f 144/144 142/142 143/143
f 144/144 143/143 145/145
f 146/146 147/147 148/148
f 146/146 148/148 149/149
f 150/150 146/146 149/149
f 150/150 149/149 151/151
f 152/152 150/150 151/151
f 152/152 151/151 153/153
f 154/154 155/155 156/156
f 154/154 156/156 157/157
f 158/158 157/157 146/146
f 158/158 146/146 150/150
f 159/159 154/154 157/157
f 159/159 157/157 158/158
f 160/160 161/161 154/154
f 160/160 154/154 159/159
f 157/157 156/156 147/147
f 157/157 147/147 146/146
f 161/161 162/162 155/155
f 161/161 155/155 154/154
f 163/163 164/164 165/165
f 163/163 165/165 166/166
f 167/167 168/168 169/169
f 167/167 169/169 170/170
f 171/171 172/172 173/173
f 171/171 173/173 174/174
f 175/175 171/171 174/174
f 175/175 174/174 176/176
f 155/155 175/175 176/176
f 155/155 176/176 156/156
f 156/156 176/176 177/177
f 156/156 177/177 147/147
f 178/178 179/179 180/180
f 178/178 180/180 181/181
f 182/182 183/183 179/179
f 182/182 179/179 178/178
f 184/184 185/185 183/183
f 184/184 183/183 182/182
f 186/186 187/187 185/185
f 186/186 185/185 184/184
f 188/188 189/189 187/187
f 188/188 187/187 186/186
f 190/190 191/191 192/192
f 190/190 192/192 162/162
f 176/176 174/174 193/193
f 176/176 193/193 177/177
f 194/194 195/195 196/196
f 194/194 196/196 197/197
f 191/191 163/163 198/198
f 191/191 198/198 192/192
f 199/199 167/167 170/170
f 199/199 170/170 200/200
f 197/197 196/196 201/201
f 197/197 201/201 202/202
f 172/172 203/203 204/204
f 172/172 204/204 173/173
f 203/203 205/205 206/206
f 203/203 206/206 204/204
f 205/205 207/207 208/208
f 205/205 208/208 206/206
f 207/207 209/209 210/210
f 207/207 210/210 208/208
f 209/209 211/211 212/212
f 209/209 212/212 210/210
f 211/211 213/213 214/214
f 211/211 214/214 212/212
f 213/213 215/215 194/194
f 213/213 194/194 214/214
f 215/215 216/216 195/195
f 215/215 195/195 194/194
f 216/216 217/217 218/218
f 216/216 218/218 195/195
f 214/214 194/194 197/197
f 214/214 197/197 219/219
f 220/220 199/199 200/200
f 220/220 200/200 221/221
f 212/212 214/214 219/219
f 212/212 219/219 222/222
f 223/223 220/220 221/221
f 223/223 221/221 224/224
f 210/210 212/212 222/222
f 210/210 222/222 225/225
f 174/174 173/173 226/226
f 174/174 226/226 193/193
f 163/163 166/166 227/227
f 163/163 227/227 198/198
f 228/228 190/190 162/162
f 228/228 162/162 161/161
f 173/173 204/204 229/229
f 173/173 229/229 226/226
f 169/169 230/230 217/217
f 169/169 217/217 216/216
f 170/170 169/169 216/216
f 170/170 216/216 215/215
f 204/204 206/206 231/231
f 204/204 231/231 229/229
f 232/232 233/233 205/205
f 232/232 205/205 203/203
f 233/233 234/234 207/207
f 233/233 207/207 205/205
f 226/226 229/229 235/235
f 226/226 235/235 236/236
f 229/229 231/231 237/237
f 229/229 237/237 235/235
f 231/231 238/238 239/239
f 231/231 239/239 237/237
f 238/238 225/225 240/240
f 238/238 240/240 239/239
f 225/225 222/222 241/241
f 225/225 241/241 240/240
f 222/222 219/219 242/242
f 222/222 242/242 241/241
f 219/219 197/197 202/202
f 219/219 202/202 242/242
f 234/234 224/224 209/209
f 234/234 209/209 207/207
f 224/224 221/221 211/211
f 224/224 211/211 209/209
f 200/200 170/170 215/215
f 200/200 215/215 213/213
f 221/221 200/200 213/213
f 221/221 213/213 211/211
f 206/206 208/208 238/238
f 206/206 238/238 231/231
f 243/243 244/244 234/234
f 243/243 234/234 233/233
f 177/177 193/193 245/245
f 177/177 245/245 246/246
f 147/147 177/177 246/246
f 147/147 246/246 148/148
f 193/193 226/226 236/236
f 193/193 236/236 245/245
f 227/227 232/232 203/203
f 227/227 203/203 172/172
f 247/247 248/248 249/249
f 247/247 249/249 250/250
f 250/250 249/249 251/251
f 250/250 251/251 252/252
f 252/252 251/251 189/189
f 252/252 189/189 188/188
f 243/243 250/250 252/252
f 243/243 252/252 244/244
f 253/253 247/247 250/250
f 253/253 250/250 243/243
f 166/166 253/253 232/232
f 166/166 232/232 227/227
f 166/166 165/165 247/247
f 166/166 247/247 253/253
f 208/208 210/210 225/225
f 208/208 225/225 238/238
f 244/244 223/223 224/224
f 244/244 224/224 234/234
f 253/253 243/243 233/233
f 253/253 233/233 232/232
f 168/168 254/254 230/230
f 168/168 230/230 169/169
f 191/191 4/4 164/164
f 191/191 164/164 163/163
f 198/198 227/227 172/172
f 198/198 172/172 171/171
f 192/192 198/198 171/171
f 192/192 171/171 175/175
f 162/162 192/192 175/175
f 162/162 175/175 155/155
f 195/195 218/218 255/255
f 195/195 255/255 196/196
f 190/190 228/228 256/256
f 190/190 256/256 257/257
f 244/244 252/252 188/188
f 244/244 188/188 223/223
f 223/223 188/188 186/186
f 223/223 186/186 220/220
f 220/220 186/186 184/184
f 220/220 184/184 199/199
f 199/199 184/184 182/182
f 199/199 182/182 167/167
f 167/167 182/182 178/178
f 167/167 178/178 168/168
f 168/168 178/178 181/181
f 168/168 181/181 254/254
f 258/258 259/259 260/260
f 258/258 260/260 261/261
f 262/262 263/263 264/264
f 262/262 264/264 265/265
f 266/266 258/258 261/261
f 266/266 261/261 267/267
f 268/268 266/266 267/267
f 268/268 267/267 269/269
f 270/270 268/268 269/269
f 270/270 269/269 271/271
f 272/272 266/266 268/268
f 272/272 268/268 273/273
f 274/274 262/262 265/265
f 274/274 265/265 275/275
f 258/258 266/266 272/272
f 258/258 272/272 276/276
f 264/264 277/277 278/278
f 264/264 278/278 279/279
f 263/263 280/280 277/277
f 263/263 277/277 264/264
f 277/277 281/281 282/282
f 277/277 282/282 278/278
f 271/271 269/269 262/262
f 271/271 262/262 274/274
f 269/269 267/267 263/263
f 269/269 263/263 262/262
f 283/283 274/274 275/275
f 283/283 275/275 284/284
f 284/284 275/275 285/285
f 284/284 285/285 286/286
f 280/280 287/287 281/281
f 280/280 281/281 277/277
f 275/275 265/265 288/288
f 275/275 288/288 285/285
f 265/265 264/264 279/279
f 265/265 279/279 288/288
f 261/261 260/260 287/287
f 261/261 287/287 280/280
f 267/267 261/261 280/280
f 267/267 280/280 263/263
f 260/260 289/289 290/290
f 260/260 290/290 287/287
f 289/289 291/291 292/292
f 289/289 292/292 290/290
f 291/291 293/293 294/294
f 291/291 294/294 292/292
f 295/295 296/296 297/297
f 295/295 297/297 298/298
f 256/256 228/228 296/296
f 256/256 296/296 295/295
f 293/293 299/299 300/300
f 293/293 300/300 294/294
f 299/299 159/159 158/158
f 299/299 158/158 300/300
f 301/301 302/302 293/293
f 301/301 293/293 291/291
f 300/300 158/158 150/150
f 300/300 150/150 152/152
f 303/303 160/160 159/159
f 303/303 159/159 299/299
f 296/296 228/228 161/161
f 296/296 161/161 160/160
f 304/304 152/152 153/153
f 304/304 153/153 305/305
f 294/294 300/300 152/152
f 294/294 152/152 304/304
f 302/302 303/303 299/299
f 302/302 299/299 293/293
f 259/259 306/306 289/289
f 259/259 289/289 260/260
f 306/306 301/301 291/291
f 306/306 291/291 289/289
f 292/292 294/294 304/304
f 292/292 304/304 307/307
f 290/290 292/292 307/307
f 290/290 307/307 308/308
f 309/309 301/301 306/306
f 309/309 306/306 310/310
f 287/287 290/290 308/308
f 287/287 308/308 281/281
f 310/310 306/306 259/259
f 310/310 259/259 311/311
f 311/311 259/259 258/258
f 311/311 258/258 276/276
f 307/307 304/304 305/305
f 307/307 305/305 312/312
f 308/308 307/307 312/312
f 308/308 312/312 313/313
f 281/281 308/308 313/313
f 281/281 313/313 282/282
f 314/314 271/271 274/274
f 314/314 274/274 283/283
f 315/315 314/314 283/283
f 315/315 283/283 104/104
f 107/107 110/110 316/316
f 107/107 316/316 317/317
f 92/92 315/315 104/104
f 92/92 104/104 103/103
f 318/318 319/319 314/314
f 318/318 314/314 315/315
f 91/91 318/318 315/315
f 91/91 315/315 92/92
f 319/319 270/270 271/271
f 319/319 271/271 314/314
f 105/105 284/284 286/286
f 105/105 286/286 106/106
f 320/320 319/319 318/318
f 320/320 318/318 321/321
f 104/104 283/283 284/284
f 104/104 284/284 105/105
f 270/270 319/319 320/320
f 270/270 320/320 322/322
f 323/323 324/324 325/325
f 323/323 325/325 326/326
f 327/327 328/328 329/329
f 327/327 329/329 330/330
f 331/331 332/332 328/328
f 331/331 328/328 327/327
f 333/333 334/334 335/335
f 333/333 335/335 336/336
f 324/324 336/336 337/337
f 324/324 337/337 338/338
f 332/332 339/339 340/340
f 332/332 340/340 328/328
f 341/341 342/342 334/334
f 341/341 334/334 333/333
f 343/343 344/344 342/342
f 343/343 342/342 341/341
f 345/345 341/341 333/333
f 345/345 333/333 323/323
f 346/346 343/343 341/341
f 346/346 341/341 345/345
f 326/326 325/325 332/332
f 326/326 332/332 331/331
f 347/347 348/348 343/343
f 347/347 343/343 346/346
f 254/254 181/181 348/348
f 254/254 348/348 347/347
f 323/323 333/333 336/336
f 323/323 336/336 324/324
f 348/348 349/349 344/344
f 348/348 344/344 343/343
f 181/181 180/180 349/349
f 181/181 349/349 348/348
f 350/350 330/330 351/351
f 350/350 351/351 352/352
f 353/353 350/350 352/352
f 353/353 352/352 354/354
f 355/355 353/353 354/354
f 355/355 354/354 356/356
f 255/255 355/355 356/356
f 255/255 356/356 357/357
f 196/196 255/255 357/357
f 196/196 357/357 201/201
f 217/217 358/358 359/359
f 217/217 359/359 218/218
f 358/358 360/360 361/361
f 358/358 361/361 359/359
f 360/360 362/362 363/363
f 360/360 363/363 361/361
f 362/362 331/331 327/327
f 362/362 327/327 363/363
f 330/330 329/329 364/364
f 330/330 364/364 351/351
f 365/365 326/326 331/331
f 365/365 331/331 362/362
f 366/366 365/365 362/362
f 366/366 362/362 360/360
f 367/367 366/366 360/360
f 367/367 360/360 358/358
f 230/230 367/367 358/358
f 230/230 358/358 217/217
f 325/325 368/368 339/339
f 325/325 339/339 332/332
f 337/337 369/369 370/370
f 337/337 370/370 371/371
f 338/338 337/337 371/371
f 338/338 371/371 372/372
f 329/329 373/373 374/374
f 329/329 374/374 364/364
f 328/328 340/340 373/373
f 328/328 373/373 329/329
f 336/336 335/335 369/369
f 336/336 369/369 337/337
f 345/345 323/323 326/326
f 345/345 326/326 365/365
f 363/363 327/327 330/330
f 363/363 330/330 350/350
f 346/346 345/345 365/365
f 346/346 365/365 366/366
f 361/361 363/363 350/350
f 361/361 350/350 353/353
f 347/347 346/346 366/366
f 347/347 366/366 367/367
f 359/359 361/361 353/353
f 359/359 353/353 355/355
f 254/254 347/347 367/367
f 254/254 367/367 230/230
f 218/218 359/359 355/355
f 218/218 355/355 255/255
f 324/324 338/338 368/368
f 324/324 368/368 325/325
f 339/339 375/375 376/376
f 339/339 376/376 340/340
f 376/376 377/377 378/378
f 376/376 378/378 379/379
f 380/380 381/381 382/382
f 380/380 382/382 383/383
f 383/383 382/382 384/384
f 383/383 384/384 385/385
f 385/385 384/384 386/386
f 385/385 386/386 387/387
f 387/387 386/386 388/388
f 387/387 388/388 389/389
f 385/385 387/387 390/390
f 385/385 390/390 391/391
f 392/392 391/391 393/393
f 392/392 393/393 394/394
f 395/395 396/396 397/397
f 395/395 397/397 398/398
f 384/384 399/399 400/400
f 384/384 400/400 386/386
f 383/383 385/385 391/391
f 383/383 391/391 392/392
f 401/401 395/395 398/398
f 401/401 398/398 402/402
f 340/340 376/376 379/379
f 340/340 379/379 373/373
f 368/368 403/403 375/375
f 368/368 375/375 339/339
f 382/382 404/404 399/399
f 382/382 399/399 384/384
f 381/381 405/405 404/404
f 381/381 404/404 382/382
f 371/371 370/370 405/405
f 371/371 405/405 381/381
f 406/406 407/407 408/408
f 406/406 408/408 396/396
f 409/409 392/392 394/394
f 409/409 394/394 410/410
f 403/403 409/409 410/410
f 403/403 410/410 375/375
f 397/397 411/411 412/412
f 397/397 412/412 413/413
f 411/411 414/414 415/415
f 411/411 415/415 412/412
f 393/393 406/406 396/396
f 393/393 396/396 395/395
f 394/394 393/393 395/395
f 394/394 395/395 401/401
f 410/410 394/394 401/401
f 410/410 401/401 377/377
f 378/378 402/402 416/416
f 378/378 416/416 417/417
f 375/375 410/410 377/377
f 375/375 377/377 376/376
f 373/373 379/379 418/418
f 373/373 418/418 374/374
f 372/372 371/371 381/381
f 372/372 381/381 380/380
f 396/396 408/408 411/411
f 396/396 411/411 397/397
f 387/387 389/389 419/419
f 387/387 419/419 390/390
f 408/408 420/420 414/414
f 408/408 414/414 411/411
f 391/391 390/390 406/406
f 391/391 406/406 393/393
f 379/379 378/378 417/417
f 379/379 417/417 418/418
f 380/380 383/383 392/392
f 380/380 392/392 409/409
f 377/377 401/401 402/402
f 377/377 402/402 378/378
f 372/372 380/380 409/409
f 372/372 409/409 403/403
f 402/402 398/398 421/421
f 402/402 421/421 416/416
f 338/338 372/372 403/403
f 338/338 403/403 368/368
f 398/398 397/397 413/413
f 398/398 413/413 421/421
f 390/390 419/419 407/407
f 390/390 407/407 406/406
f 407/407 422/422 420/420
f 407/407 420/420 408/408
f 423/423 424/424 425/425
f 423/423 425/425 426/426
f 427/427 428/428 429/429
f 427/427 429/429 430/430
f 431/431 432/432 433/433
f 431/431 433/433 434/434
f 426/426 425/425 432/432
f 426/426 432/432 431/431
f 435/435 427/427 430/430
f 435/435 430/430 436/436
f 422/422 437/437 438/438
f 422/422 438/438 420/420
f 389/389 388/388 423/423
f 389/389 423/423 439/439
f 439/439 423/423 426/426
f 439/439 426/426 440/440
f 440/440 426/426 431/431
f 440/440 431/431 435/435
f 388/388 441/441 424/424
f 388/388 424/424 423/423
f 442/442 443/443 444/444
f 442/442 444/444 445/445
f 436/436 430/430 446/446
f 436/436 446/446 447/447
f 448/448 436/436 447/447
f 448/448 447/447 437/437
f 386/386 400/400 441/441
f 386/386 441/441 388/388
f 435/435 431/431 434/434
f 435/435 434/434 427/427
f 437/437 447/447 449/449
f 437/437 449/449 438/438
f 389/389 439/439 450/450
f 389/389 450/450 419/419
f 420/420 438/438 451/451
f 420/420 451/451 414/414
f 450/450 448/448 437/437
f 450/450 437/437 422/422
f 419/419 450/450 422/422
f 419/419 422/422 407/407
f 427/427 434/434 452/452
f 427/427 452/452 428/428
f 428/428 452/452 453/453
f 428/428 453/453 454/454
f 454/454 453/453 455/455
f 454/454 455/455 456/456
f 439/439 440/440 448/448
f 439/439 448/448 450/450
f 438/438 449/449 457/457
f 438/438 457/457 451/451
f 455/455 458/458 443/443
f 455/455 443/443 442/442
f 453/453 459/459 458/458
f 453/453 458/458 455/455
f 440/440 435/435 436/436
f 440/440 436/436 448/448
f 452/452 460/460 459/459
f 452/452 459/459 453/453
f 434/434 433/433 460/460
f 434/434 460/460 452/452
f 414/414 451/451 461/461
f 414/414 461/461 415/415
f 430/430 429/429 462/462
f 430/430 462/462 446/446
f 429/429 463/463 464/464
f 429/429 464/464 462/462
f 465/465 466/466 467/467
f 465/465 467/467 468/468
f 469/469 465/465 468/468
f 469/469 468/468 470/470
f 457/457 469/469 470/470
f 457/457 470/470 471/471
f 472/472 473/473 474/474
f 472/472 474/474 475/475
f 466/466 476/476 477/477
f 466/466 477/477 467/467
f 451/451 457/457 471/471
f 451/451 471/471 461/461
f 463/463 472/472 475/475
f 463/463 475/475 464/464
f 447/447 446/446 478/478
f 447/447 478/478 449/449
f 456/456 479/479 473/473
f 456/456 473/473 472/472
f 480/480 481/481 482/482
f 480/480 482/482 476/476
f 454/454 456/456 472/472
f 454/454 472/472 463/463
f 446/446 462/462 483/483
f 446/446 483/483 478/478
f 484/484 480/480 476/476
f 484/484 476/476 466/466
f 428/428 454/454 463/463
f 428/428 463/463 429/429
f 483/483 484/484 466/466
f 483/483 466/466 465/465
f 462/462 464/464 484/484
f 462/462 484/484 483/483
f 478/478 483/483 465/465
f 478/478 465/465 469/469
f 449/449 478/478 469/469
f 449/449 469/469 457/457
f 464/464 475/475 480/480
f 464/464 480/480 484/484
f 476/476 482/482 485/485
f 476/476 485/485 477/477
f 475/475 474/474 481/481
f 475/475 481/481 480/480
f 486/486 445/445 487/487
f 486/486 487/487 488/488
f 488/488 487/487 489/489
f 488/488 489/489 490/490
f 490/490 489/489 7/7
f 490/490 7/7 491/491
f 492/492 493/493 494/494
f 492/492 494/494 495/495
f 493/493 496/496 497/497
f 493/493 497/497 494/494
f 496/496 498/498 499/499
f 496/496 499/499 497/497
f 481/481 500/500 501/501
f 481/481 501/501 482/482
f 486/486 488/488 502/502
f 486/486 502/502 503/503
f 479/479 442/442 445/445
f 479/479 445/445 486/486
f 504/504 495/495 505/505
f 504/504 505/505 506/506
f 507/507 508/508 509/509
f 507/507 509/509 510/510
f 505/505 507/507 510/510
f 505/505 510/510 511/511
f 506/506 505/505 511/511
f 506/506 511/511 512/512
f 490/490 491/491 513/513
f 490/490 513/513 514/514
f 495/495 494/494 507/507
f 495/495 507/507 505/505
f 491/491 515/515 516/516
f 491/491 516/516 513/513
f 508/508 517/517 518/518
f 508/508 518/518 509/509
f 501/501 506/506 512/512
f 501/501 512/512 519/519
f 482/482 501/501 519/519
f 482/482 519/519 485/485
f 494/494 497/497 508/508
f 494/494 508/508 507/507
f 515/515 28/28 520/520
f 515/515 520/520 516/516
f 473/473 503/503 521/521
f 473/473 521/521 474/474
f 503/503 502/502 522/522
f 503/503 522/522 521/521
f 502/502 514/514 492/492
f 502/502 492/492 522/522
f 516/516 520/520 498/498
f 516/516 498/498 496/496
f 456/456 455/455 442/442
f 456/456 442/442 479/479
f 488/488 490/490 514/514
f 488/488 514/514 502/502
f 500/500 504/504 506/506
f 500/500 506/506 501/501
f 513/513 516/516 496/496
f 513/513 496/496 493/493
f 514/514 513/513 493/493
f 514/514 493/493 492/492
f 497/497 499/499 517/517
f 497/497 517/517 508/508
f 522/522 492/492 495/495
f 522/522 495/495 504/504
f 521/521 522/522 504/504
f 521/521 504/504 500/500
f 474/474 521/521 500/500
f 474/474 500/500 481/481
f 479/479 486/486 503/503
f 479/479 503/503 473/473
f 523/523 524/524 525/525
f 523/523 525/525 526/526
f 527/527 528/528 524/524
f 527/527 524/524 523/523
f 529/529 530/530 528/528
f 529/529 528/528 527/527
f 531/531 532/532 530/530
f 531/531 530/530 529/529
f 533/533 534/534 535/535
f 533/533 535/535 536/536
f 534/534 537/537 538/538
f 534/534 538/538 535/535
f 539/539 540/540 532/532
f 539/539 532/532 531/531
f 541/541 542/542 540/540
f 541/541 540/540 539/539
f 543/543 544/544 542/542
f 543/543 542/542 541/541
f 545/545 546/546 544/544
f 545/545 544/544 543/543
f 547/547 548/548 546/546
f 547/547 546/546 545/545
f 549/549 550/550 551/551
f 549/549 551/551 552/552
f 553/553 554/554 550/550
f 553/553 550/550 549/549
f 537/537 555/555 556/556
f 537/537 556/556 538/538
f 557/557 558/558 554/554
f 557/557 554/554 553/553
f 559/559 560/560 561/561
f 559/559 561/561 562/562
f 526/526 525/525 558/558
f 526/526 558/558 557/557
f 563/563 564/564 565/565
f 563/563 565/565 566/566
f 564/564 567/567 568/568
f 564/564 568/568 565/565
f 569/569 570/570 571/571
f 569/569 571/571 572/572
f 573/573 574/574 575/575
f 573/573 575/575 576/576
f 570/570 577/577 578/578
f 570/570 578/578 571/571
f 579/579 573/573 576/576
f 579/579 576/576 580/580
f 555/555 581/581 582/582
f 555/555 582/582 556/556
f 552/552 551/551 583/583
f 552/552 583/583 584/584
f 556/556 582/582 585/585
f 556/556 585/585 586/586
f 587/587 569/569 572/572
f 587/587 572/572 588/588
f 538/538 556/556 586/586
f 538/538 586/586 589/589
f 590/590 587/587 588/588
f 590/590 588/588 591/591
f 535/535 538/538 589/589
f 535/535 589/589 592/592
f 593/593 590/590 591/591
f 593/593 591/591 594/594
f 536/536 535/535 592/592
f 536/536 592/592 595/595
f 596/596 593/593 594/594
f 596/596 594/594 597/597
f 598/598 599/599 600/600
f 598/598 600/600 601/601
f 602/602 598/598 601/601
f 602/602 601/601 603/603
f 604/604 536/536 595/595
f 604/604 595/595 605/605
f 606/606 607/607 608/608
f 606/606 608/608 609/609
f 566/566 565/565 610/610
f 566/566 610/610 611/611
f 607/607 612/612 613/613
f 607/607 613/613 608/608
f 565/565 568/568 614/614
f 565/565 614/614 610/610
f 612/612 615/615 616/616
f 612/612 616/616 613/613
f 568/568 604/604 605/605
f 568/568 605/605 614/614
f 615/615 596/596 597/597
f 615/615 597/597 616/616
f 617/617 533/533 536/536
f 617/617 536/536 604/604
f 567/567 617/617 604/604
f 567/567 604/604 568/568
f 582/582 579/579 580/580
f 582/582 580/580 585/585
f 599/599 618/618 619/619
f 599/599 619/619 600/600
f 620/620 559/559 562/562
f 620/620 562/562 621/621
f 622/622 620/620 621/621
f 622/622 621/621 623/623
f 624/624 622/622 623/623
f 624/624 623/623 625/625
f 584/584 583/583 626/626
f 584/584 626/626 627/627
f 628/628 629/629 630/630
f 628/628 630/630 577/577
f 631/631 632/632 620/620
f 631/631 620/620 622/622
f 629/629 633/633 631/631
f 629/629 631/631 630/630
f 633/633 634/634 632/632
f 633/633 632/632 631/631
f 603/603 601/601 635/635
f 603/603 635/635 636/636
f 617/617 541/541 539/539
f 617/617 539/539 533/533
f 533/533 539/539 531/531
f 533/533 531/531 534/534
f 534/534 531/531 529/529
f 534/534 529/529 537/537
f 537/537 529/529 527/527
f 537/537 527/527 555/555
f 637/637 638/638 612/612
f 637/637 612/612 607/607
f 638/638 639/639 615/615
f 638/638 615/615 612/612
f 639/639 640/640 596/596
f 639/639 596/596 615/615
f 640/640 641/641 593/593
f 640/640 593/593 596/596
f 641/641 642/642 590/590
f 641/641 590/590 593/593
f 642/642 643/643 587/587
f 642/642 587/587 590/590
f 555/555 527/527 523/523
f 555/555 523/523 581/581
f 581/581 523/523 526/526
f 581/581 526/526 644/644
f 643/643 645/645 569/569
f 643/643 569/569 587/587
f 524/524 646/646 647/647
f 524/524 647/647 525/525
f 645/645 648/648 570/570
f 645/645 570/570 569/569
f 648/648 628/628 577/577
f 648/648 577/577 570/570
f 528/528 649/649 646/646
f 528/528 646/646 524/524
f 650/650 557/557 553/553
f 650/650 553/553 651/651
f 651/651 553/553 549/549
f 651/651 549/549 602/602
f 611/611 610/610 637/637
f 611/611 637/637 652/652
f 610/610 614/614 638/638
f 610/610 638/638 637/637
f 614/614 605/605 639/639
f 614/614 639/639 638/638
f 605/605 595/595 640/640
f 605/605 640/640 639/639
f 595/595 592/592 641/641
f 595/595 641/641 640/640
f 592/592 589/589 642/642
f 592/592 642/642 641/641
f 530/530 653/653 649/649
f 530/530 649/649 528/528
f 589/589 586/586 643/643
f 589/589 643/643 642/642
f 532/532 654/654 653/653
f 532/532 653/653 530/530
f 550/550 655/655 656/656
f 550/550 656/656 551/551
f 540/540 657/657 654/654
f 540/540 654/654 532/532
f 658/658 659/659 660/660
f 658/658 660/660 661/661
f 634/634 658/658 661/661
f 634/634 661/661 632/632
f 630/630 631/631 622/622
f 630/630 622/622 624/624
f 574/574 603/603 636/636
f 574/574 636/636 575/575
f 577/577 630/630 624/624
f 577/577 624/624 578/578
f 662/662 663/663 659/659
f 662/662 659/659 658/658
f 661/661 660/660 560/560
f 661/661 560/560 559/559
f 609/609 608/608 664/664
f 609/609 664/664 665/665
f 608/608 613/613 666/666
f 608/608 666/666 664/664
f 613/613 616/616 667/667
f 613/613 667/667 666/666
f 616/616 597/597 668/668
f 616/616 668/668 667/667
f 597/597 594/594 669/669
f 597/597 669/669 668/668
f 594/594 591/591 670/670
f 594/594 670/670 669/669
f 591/591 588/588 671/671
f 591/591 671/671 670/670
f 588/588 572/572 672/672
f 588/588 672/672 671/671
f 554/554 673/673 655/655
f 554/554 655/655 550/550
f 586/586 585/585 645/645
f 586/586 645/645 643/643
f 558/558 674/674 673/673
f 558/558 673/673 554/554
f 525/525 647/647 674/674
f 525/525 674/674 558/558
f 572/572 571/571 675/675
f 572/572 675/675 672/672
f 580/580 576/576 628/628
f 580/580 628/628 648/648
f 576/576 575/575 629/629
f 576/576 629/629 628/628
f 585/585 580/580 648/648
f 585/585 648/648 645/645
f 542/542 676/676 657/657
f 542/542 657/657 540/540
f 544/544 677/677 676/676
f 544/544 676/676 542/542
f 546/546 678/678 677/677
f 546/546 677/677 544/544
f 548/548 679/679 678/678
f 548/548 678/678 546/546
f 600/600 619/619 663/663
f 600/600 663/663 662/662
f 599/599 584/584 627/627
f 599/599 627/627 618/618
f 602/602 549/549 552/552
f 602/602 552/552 598/598
f 598/598 552/552 584/584
f 598/598 584/584 599/599
f 644/644 526/526 557/557
f 644/644 557/557 650/650
f 567/567 543/543 541/541
f 567/567 541/541 617/617
f 564/564 545/545 543/543
f 564/564 543/543 567/567
f 551/551 656/656 680/680
f 551/551 680/680 583/583
f 652/652 637/637 607/607
f 652/652 607/607 606/606
f 563/563 547/547 545/545
f 563/563 545/545 564/564
f 644/644 650/650 573/573
f 644/644 573/573 579/579
f 650/650 651/651 574/574
f 650/650 574/574 573/573
f 651/651 602/602 603/603
f 651/651 603/603 574/574
f 581/581 644/644 579/579
f 581/581 579/579 582/582
f 575/575 636/636 633/633
f 575/575 633/633 629/629
f 636/636 635/635 634/634
f 636/636 634/634 633/633
f 635/635 662/662 658/658
f 635/635 658/658 634/634
f 571/571 578/578 681/681
f 571/571 681/681 675/675
f 578/578 624/624 625/625
f 578/578 625/625 681/681
f 601/601 600/600 662/662
f 601/601 662/662 635/635
f 632/632 661/661 559/559
f 632/632 559/559 620/620
f 682/682 683/683 684/684
f 682/682 684/684 685/685
f 686/686 687/687 688/688
f 686/686 688/688 689/689
f 690/690 691/691 692/692
f 690/690 692/692 693/693
f 694/694 695/695 691/691
f 694/694 691/691 690/690
f 691/691 696/696 697/697
f 691/691 697/697 692/692
f 695/695 698/698 696/696
f 695/695 696/696 691/691
f 699/699 700/700 701/701
f 699/699 701/701 702/702
f 703/703 704/704 548/548
f 703/703 548/548 547/547
f 698/698 705/705 706/706
f 698/698 706/706 696/696
f 694/694 690/690 707/707
f 694/694 707/707 708/708
f 690/690 693/693 709/709
f 690/690 709/709 707/707
f 696/696 706/706 710/710
f 696/696 710/710 697/697
f 711/711 712/712 713/713
f 711/711 713/713 714/714
f 707/707 709/709 687/687
f 707/707 687/687 686/686
f 715/715 716/716 717/717
f 715/715 717/717 718/718
f 719/719 720/720 721/721
f 719/719 721/721 722/722
f 720/720 652/652 606/606
f 720/720 606/606 721/721
f 723/723 724/724 700/700
f 723/723 700/700 699/699
f 725/725 703/703 547/547
f 725/725 547/547 563/563
f 726/726 727/727 728/728
f 726/726 728/728 729/729
f 730/730 711/711 714/714
f 730/730 714/714 731/731
f 689/689 688/688 724/724
f 689/689 724/724 723/723
f 704/704 732/732 679/679
f 704/704 679/679 548/548
f 733/733 726/726 729/729
f 733/733 729/729 734/734
f 687/687 735/735 736/736
f 687/687 736/736 688/688
f 735/735 737/737 738/738
f 735/735 738/738 736/736
f 737/737 739/739 740/740
f 737/737 740/740 738/738
f 739/739 731/731 741/741
f 739/739 741/741 740/740
f 742/742 730/730 731/731
f 742/742 731/731 739/739
f 743/743 733/733 734/734
f 743/743 734/734 744/744
f 731/731 714/714 745/745
f 731/731 745/745 741/741
f 746/746 747/747 732/732
f 746/746 732/732 704/704
f 748/748 749/749 716/716
f 748/748 716/716 715/715
f 688/688 736/736 750/750
f 688/688 750/750 724/724
f 736/736 738/738 751/751
f 736/736 751/751 750/750
f 738/738 740/740 743/743
f 738/738 743/743 751/751
f 740/740 741/741 733/733
f 740/740 733/733 743/743
f 741/741 745/745 726/726
f 741/741 726/726 733/733
f 683/683 752/752 703/703
f 683/683 703/703 725/725
f 714/714 713/713 753/753
f 714/714 753/753 745/745
f 754/754 742/742 739/739
f 754/754 739/739 737/737
f 745/745 753/753 727/727
f 745/745 727/727 726/726
f 753/753 755/755 756/756
f 753/753 756/756 727/727
f 755/755 719/719 722/722
f 755/755 722/722 756/756
f 757/757 758/758 749/749
f 757/757 749/749 748/748
f 759/759 760/760 758/758
f 759/759 758/758 757/757
f 713/713 761/761 755/755
f 713/713 755/755 753/753
f 762/762 763/763 760/760
f 762/762 760/760 759/759
f 764/764 765/765 720/720
f 764/764 720/720 719/719
f 765/765 611/611 652/652
f 765/765 652/652 720/720
f 697/697 710/710 763/763
f 697/697 763/763 762/762
f 751/751 743/743 744/744
f 751/751 744/744 766/766
f 767/767 768/768 769/769
f 767/767 769/769 770/770
f 771/771 754/754 737/737
f 771/771 737/737 735/735
f 750/750 751/751 766/766
f 750/750 766/766 772/772
f 709/709 771/771 735/735
f 709/709 735/735 687/687
f 768/768 609/609 665/665
f 768/768 665/665 769/769
f 700/700 772/772 773/773
f 700/700 773/773 701/701
f 772/772 766/766 774/774
f 772/772 774/774 773/773
f 766/766 744/744 775/775
f 766/766 775/775 774/774
f 724/724 750/750 772/772
f 724/724 772/772 700/700
f 744/744 734/734 776/776
f 744/744 776/776 775/775
f 734/734 729/729 777/777
f 734/734 777/777 776/776
f 729/729 728/728 778/778
f 729/729 778/778 777/777
f 728/728 779/779 780/780
f 728/728 780/780 778/778
f 779/779 767/767 770/770
f 779/779 770/770 780/780
f 761/761 764/764 719/719
f 761/761 719/719 755/755
f 752/752 746/746 704/704
f 752/752 704/704 703/703
f 781/781 715/715 718/718
f 781/781 718/718 782/782
f 783/783 748/748 715/715
f 783/783 715/715 781/781
f 682/682 784/784 752/752
f 682/682 752/752 683/683
f 785/785 682/682 685/685
f 785/785 685/685 712/712
f 786/786 785/785 712/712
f 786/786 712/712 711/711
f 787/787 786/786 711/711
f 787/787 711/711 730/730
f 788/788 787/787 730/730
f 788/788 730/730 742/742
f 784/784 789/789 746/746
f 784/784 746/746 752/752
f 790/790 788/788 742/742
f 790/790 742/742 754/754
f 791/791 757/757 748/748
f 791/791 748/748 783/783
f 792/792 759/759 757/757
f 792/792 757/757 791/791
f 793/793 762/762 759/759
f 793/793 759/759 792/792
f 787/787 783/783 781/781
f 787/787 781/781 786/786
f 782/782 718/718 789/789
f 782/782 789/789 784/784
f 788/788 791/791 783/783
f 788/788 783/783 787/787
f 692/692 697/697 762/762
f 692/692 762/762 793/793
f 685/685 684/684 764/764
f 685/685 764/764 761/761
f 756/756 722/722 767/767
f 756/756 767/767 779/779
f 789/789 794/794 747/747
f 789/789 747/747 746/746
f 718/718 717/717 794/794
f 718/718 794/794 789/789
f 795/795 566/566 611/611
f 795/795 611/611 765/765
f 721/721 606/606 609/609
f 721/721 609/609 768/768
f 683/683 725/725 795/795
f 683/683 795/795 684/684
f 725/725 563/563 566/566
f 725/725 566/566 795/795
f 684/684 795/795 765/765
f 684/684 765/765 764/764
f 722/722 721/721 768/768
f 722/722 768/768 767/767
f 790/790 792/792 791/791
f 790/790 791/791 788/788
f 796/796 793/793 792/792
f 796/796 792/792 790/790
f 693/693 692/692 793/793
f 693/693 793/793 796/796
f 786/786 781/781 782/782
f 786/786 782/782 785/785
f 785/785 782/782 784/784
f 785/785 784/784 682/682
f 693/693 796/796 771/771
f 693/693 771/771 709/709
f 712/712 685/685 761/761
f 712/712 761/761 713/713
f 727/727 756/756 779/779
f 727/727 779/779 728/728
f 796/796 790/790 754/754
f 796/796 754/754 771/771
f 797/797 798/798 799/799
f 797/797 799/799 800/800
f 801/801 802/802 803/803
f 801/801 803/803 804/804
f 802/802 689/689 723/723
f 802/802 723/723 803/803
f 805/805 801/801 804/804
f 805/805 804/804 806/806
f 807/807 808/808 809/809
f 807/807 809/809 810/810
f 811/811 812/812 813/813
f 811/811 813/813 814/814
f 815/815 816/816 698/698
f 815/815 698/698 695/695
f 817/817 818/818 816/816
f 817/817 816/816 815/815
f 798/798 819/819 820/820
f 798/798 820/820 799/799
f 821/821 822/822 818/818
f 821/821 818/818 817/817
f 823/823 806/806 824/824
f 823/823 824/824 825/825
f 826/826 827/827 822/822
f 826/826 822/822 821/821
f 814/814 813/813 827/827
f 814/814 827/827 826/826
f 824/824 828/828 829/829
f 824/824 829/829 830/830
f 828/828 831/831 832/832
f 828/828 832/832 829/829
f 833/833 834/834 835/835
f 833/833 835/835 836/836
f 831/831 699/699 702/702
f 831/831 702/702 832/832
f 806/806 804/804 828/828
f 806/806 828/828 824/824
f 834/834 837/837 838/838
f 834/834 838/838 835/835
f 804/804 803/803 831/831
f 804/804 831/831 828/828
f 809/809 839/839 812/812
f 809/809 812/812 811/811
f 825/825 824/824 830/830
f 825/825 830/830 840/840
f 810/810 809/809 811/811
f 810/810 811/811 841/841
f 812/812 842/842 843/843
f 812/812 843/843 813/813
f 844/844 825/825 840/840
f 844/844 840/840 845/845
f 841/841 811/811 814/814
f 841/841 814/814 846/846
f 847/847 805/805 806/806
f 847/847 806/806 823/823
f 848/848 826/826 821/821
f 848/848 821/821 849/849
f 849/849 821/821 817/817
f 849/849 817/817 850/850
f 850/850 817/817 815/815
f 850/850 815/815 851/851
f 841/841 846/846 852/852
f 841/841 852/852 853/853
f 846/846 814/814 826/826
f 846/846 826/826 848/848
f 846/846 848/848 854/854
f 846/846 854/854 852/852
f 848/848 849/849 833/833
f 848/848 833/833 854/854
f 839/839 855/855 842/842
f 839/839 842/842 812/812
f 851/851 815/815 695/695
f 851/851 695/695 694/694
f 856/856 844/844 845/845
f 856/856 845/845 857/857
f 820/820 847/847 823/823
f 820/820 823/823 858/858
f 859/859 856/856 857/857
f 859/859 857/857 860/860
f 861/861 853/853 797/797
f 861/861 797/797 862/862
f 849/849 850/850 834/834
f 849/849 834/834 833/833
f 837/837 708/708 863/863
f 837/837 863/863 838/838
f 799/799 820/820 858/858
f 799/799 858/858 864/864
f 800/800 799/799 864/864
f 800/800 864/864 865/865
f 835/835 838/838 801/801
f 835/835 801/801 805/805
f 852/852 854/854 819/819
f 852/852 819/819 798/798
f 866/866 865/865 859/859
f 866/866 859/859 867/867
f 864/864 858/858 844/844
f 864/864 844/844 856/856
f 853/853 852/852 798/798
f 853/853 798/798 797/797
f 863/863 686/686 689/689
f 863/863 689/689 802/802
f 862/862 797/797 800/800
f 862/862 800/800 868/868
f 869/869 861/861 862/862
f 869/869 862/862 870/870
f 865/865 864/864 856/856
f 865/865 856/856 859/859
f 819/819 836/836 847/847
f 819/819 847/847 820/820
f 858/858 823/823 825/825
f 858/858 825/825 844/844
f 870/870 862/862 868/868
f 870/870 868/868 871/871
f 872/872 866/866 867/867
f 872/872 867/867 873/873
f 874/874 872/872 873/873
f 874/874 873/873 875/875
f 850/850 851/851 837/837
f 850/850 837/837 834/834
f 876/876 870/870 871/871
f 876/876 871/871 877/877
f 854/854 833/833 836/836
f 854/854 836/836 819/819
f 851/851 694/694 708/708
f 851/851 708/708 837/837
f 838/838 863/863 802/802
f 838/838 802/802 801/801
f 836/836 835/835 805/805
f 836/836 805/805 847/847
f 816/816 878/878 705/705
f 816/816 705/705 698/698
f 818/818 879/879 878/878
f 818/818 878/878 816/816
f 807/807 810/810 861/861
f 807/807 861/861 869/869
f 810/810 841/841 853/853
f 810/810 853/853 861/861
f 822/822 880/880 879/879
f 822/822 879/879 818/818
f 827/827 881/881 880/880
f 827/827 880/880 822/822
f 868/868 800/800 865/865
f 868/868 865/865 866/866
f 871/871 868/868 866/866
f 871/871 866/866 872/872
f 877/877 871/871 872/872
f 877/877 872/872 874/874
f 875/875 873/873 882/882
f 875/875 882/882 883/883
f 873/873 867/867 884/884
f 873/873 884/884 882/882
f 813/813 843/843 881/881
f 813/813 881/881 827/827
f 867/867 859/859 860/860
f 867/867 860/860 884/884
f 708/708 707/707 686/686
f 708/708 686/686 863/863
f 803/803 723/723 699/699
f 803/803 699/699 831/831
f 627/627 626/626 885/885
f 627/627 885/885 886/886
f 887/887 888/888 889/889
f 887/887 889/889 890/890
f 886/886 885/885 891/891
f 886/886 891/891 892/892
f 893/893 894/894 888/888
f 893/893 888/888 887/887
f 895/895 896/896 897/897
f 895/895 897/897 898/898
f 890/890 889/889 899/899
f 890/890 899/899 900/900
f 901/901 902/902 903/903
f 901/901 903/903 904/904
f 905/905 887/887 890/890
f 905/905 890/890 906/906
f 626/626 907/907 908/908
f 626/626 908/908 885/885
f 909/909 905/905 910/910
f 909/909 910/910 911/911
f 899/899 912/912 913/913
f 899/899 913/913 914/914
f 889/889 915/915 912/912
f 889/889 912/912 899/899
f 888/888 916/916 915/915
f 888/888 915/915 889/889
f 892/892 891/891 917/917
f 892/892 917/917 918/918
f 918/918 917/917 919/919
f 918/918 919/919 920/920
f 920/920 919/919 894/894
f 920/920 894/894 893/893
f 921/921 922/922 896/896
f 921/921 896/896 895/895
f 923/923 892/892 918/918
f 923/923 918/918 901/901
f 924/924 135/135 128/128
f 924/924 128/128 127/127
f 925/925 886/886 892/892
f 925/925 892/892 923/923
f 914/914 913/913 42/42
f 914/914 42/42 41/41
f 906/906 136/136 135/135
f 906/906 135/135 924/924
f 885/885 908/908 926/926
f 885/885 926/926 891/891
f 923/923 901/901 904/904
f 923/923 904/904 927/927
f 663/663 921/921 895/895
f 663/663 895/895 659/659
f 910/910 924/924 127/127
f 910/910 127/127 126/126
f 900/900 899/899 914/914
f 900/900 914/914 89/89
f 911/911 910/910 126/126
f 911/911 126/126 928/928
f 903/903 911/911 928/928
f 903/903 928/928 929/929
f 930/930 129/129 131/131
f 930/930 131/131 142/142
f 904/904 903/903 929/929
f 904/904 929/929 931/931
f 897/897 930/930 142/142
f 897/897 142/142 144/144
f 927/927 904/904 931/931
f 927/927 931/931 922/922
f 917/917 932/932 933/933
f 917/917 933/933 919/919
f 928/928 126/126 122/122
f 928/928 122/122 124/124
f 929/929 928/928 124/124
f 929/929 124/124 934/934
f 901/901 918/918 920/920
f 901/901 920/920 902/902
f 931/931 929/929 934/934
f 931/931 934/934 935/935
f 922/922 931/931 935/935
f 922/922 935/935 896/896
f 89/89 914/914 41/41
f 89/89 41/41 53/53
f 934/934 124/124 125/125
f 934/934 125/125 129/129
f 136/136 900/900 89/89
f 136/136 89/89 88/88
f 902/902 909/909 911/911
f 902/902 911/911 903/903
f 896/896 935/935 930/930
f 896/896 930/930 897/897
f 936/936 927/927 922/922
f 936/936 922/922 921/921
f 660/660 898/898 937/937
f 660/660 937/937 560/560
f 619/619 936/936 921/921
f 619/619 921/921 663/663
f 906/906 890/890 900/900
f 906/906 900/900 136/136
f 935/935 934/934 129/129
f 935/935 129/129 930/930
f 909/909 893/893 887/887
f 909/909 887/887 905/905
f 905/905 906/906 924/924
f 905/905 924/924 910/910
f 898/898 897/897 144/144
f 898/898 144/144 937/937
f 894/894 938/938 916/916
f 894/894 916/916 888/888
f 919/919 933/933 938/938
f 919/919 938/938 894/894
f 902/902 920/920 893/893
f 902/902 893/893 909/909
f 937/937 144/144 145/145
f 937/937 145/145 939/939
f 618/618 925/925 936/936
f 618/618 936/936 619/619
f 618/618 627/627 886/886
f 618/618 886/886 925/925
f 560/560 937/937 939/939
f 560/560 939/939 561/561
f 925/925 923/923 927/927
f 925/925 927/927 936/936
f 659/659 895/895 898/898
f 659/659 898/898 660/660
f 891/891 926/926 932/932
f 891/891 932/932 917/917
f 583/583 680/680 907/907
f 583/583 907/907 626/626
f 940/940 941/941 942/942
f 940/940 942/942 943/943
f 944/944 945/945 946/946
f 944/944 946/946 947/947
f 945/945 940/940 948/948
f 945/945 948/948 946/946
f 949/949 874/874 875/875
f 949/949 875/875 950/950
f 940/940 943/943 951/951
f 940/940 951/951 948/948
f 952/952 953/953 876/876
f 952/952 876/876 954/954
f 955/955 956/956 957/957
f 955/955 957/957 958/958
f 958/958 957/957 959/959
f 958/958 959/959 960/960
f 953/953 869/869 870/870
f 953/953 870/870 876/876
f 961/961 962/962 963/963
f 961/961 963/963 964/964
f 964/964 963/963 965/965
f 964/964 965/965 966/966
f 966/966 965/965 967/967
f 966/966 967/967 968/968
f 943/943 942/942 969/969
f 943/943 969/969 970/970
f 968/968 967/967 971/971
f 968/968 971/971 972/972
f 972/972 971/971 973/973
f 972/972 973/973 974/974
f 974/974 973/973 956/956
f 974/974 956/956 955/955
f 808/808 960/960 839/839
f 808/808 839/839 809/809
f 975/975 964/964 966/966
f 975/975 966/966 976/976
f 976/976 966/966 968/968
f 976/976 968/968 977/977
f 978/978 958/958 960/960
f 978/978 960/960 808/808
f 969/969 955/955 958/958
f 969/969 958/958 978/978
f 977/977 968/968 972/972
f 977/977 972/972 941/941
f 979/979 961/961 964/964
f 979/979 964/964 975/975
f 941/941 972/972 974/974
f 941/941 974/974 942/942
f 942/942 974/974 955/955
f 942/942 955/955 969/969
f 948/948 951/951 980/980
f 948/948 980/980 981/981
f 946/946 948/948 981/981
f 946/946 981/981 982/982
f 970/970 969/969 978/978
f 970/970 978/978 983/983
f 983/983 978/978 808/808
f 983/983 808/808 807/807
f 984/984 985/985 986/986
f 984/984 986/986 987/987
f 960/960 959/959 855/855
f 960/960 855/855 839/839
f 954/954 876/876 877/877
f 954/954 877/877 988/988
f 947/947 946/946 982/982
f 947/947 982/982 989/989
f 990/990 10/10 12/12
f 990/990 12/12 991/991
f 981/981 980/980 992/992
f 981/981 992/992 11/11
f 982/982 981/981 11/11
f 982/982 11/11 10/10
f 989/989 982/982 10/10
f 989/989 10/10 990/990
f 980/980 954/954 988/988
f 980/980 988/988 992/992
f 993/993 989/989 990/990
f 993/993 990/990 994/994
f 995/995 984/984 987/987
f 995/995 987/987 996/996
f 997/997 947/947 989/989
f 997/997 989/989 993/993
f 998/998 999/999 997/997
f 998/998 997/997 1000/1000
f 992/992 988/988 949/949
f 992/992 949/949 1001/1001
f 950/950 875/875 883/883
f 950/950 883/883 1002/1002
f 986/986 1003/1003 1004/1004
f 986/986 1004/1004 1005/1005
f 1003/1003 950/950 1002/1002
f 1003/1003 1002/1002 1004/1004
f 988/988 877/877 874/874
f 988/988 874/874 949/949
f 983/983 807/807 869/869
f 983/983 869/869 953/953
f 985/985 1001/1001 1003/1003
f 985/985 1003/1003 986/986
f 1001/1001 949/949 950/950
f 1001/1001 950/950 1003/1003
f 951/951 952/952 954/954
f 951/951 954/954 980/980
f 991/991 12/12 984/984
f 991/991 984/984 995/995
f 943/943 970/970 952/952
f 943/943 952/952 951/951
f 945/945 977/977 941/941
f 945/945 941/941 940/940
f 944/944 976/976 977/977
f 944/944 977/977 945/945
f 999/999 975/975 976/976
f 999/999 976/976 944/944
f 998/998 979/979 975/975
f 998/998 975/975 999/999
f 987/987 986/986 1005/1005
f 987/987 1005/1005 1006/1006
f 970/970 983/983 953/953
f 970/970 953/953 952/952
f 999/999 944/944 947/947
f 999/999 947/947 997/997
f 12/12 11/11 985/985
f 12/12 985/985 984/984
f 11/11 992/992 1001/1001
f 11/11 1001/1001 985/985
f 1007/1007 1008/1008 1009/1009
f 1007/1007 1009/1009 1010/1010
f 1011/1011 1012/1012 1013/1013
f 1011/1011 1013/1013 1014/1014
f 1015/1015 994/994 1016/1016
f 1015/1015 1016/1016 1017/1017
f 1000/1000 997/997 993/993
f 1000/1000 993/993 1018/1018
f 1019/1019 995/995 996/996
f 1019/1019 996/996 1020/1020
f 994/994 990/990 991/991
f 994/994 991/991 1016/1016
f 1021/1021 1022/1022 1023/1023
f 1021/1021 1023/1023 1024/1024
f 1024/1024 1023/1023 1025/1025
f 1024/1024 1025/1025 1026/1026
f 1027/1027 1028/1028 1029/1029
f 1027/1027 1029/1029 1030/1030
f 1008/1008 1031/1031 1028/1028
f 1008/1008 1028/1028 1027/1027
f 1007/1007 1032/1032 1031/1031
f 1007/1007 1031/1031 1008/1008
f 15/15 1033/1033 1034/1034
f 15/15 1034/1034 1035/1035
f 1036/1036 1037/1037 1038/1038
f 1036/1036 1038/1038 1039/1039
f 1040/1040 1041/1041 1042/1042
f 1040/1040 1042/1042 1043/1043
f 1037/1037 1018/1018 1015/1015
f 1037/1037 1015/1015 1038/1038
f 1033/1033 1044/1044 1045/1045
f 1033/1033 1045/1045 1034/1034
f 1018/1018 993/993 994/994
f 1018/1018 994/994 1015/1015
f 1046/1046 1047/1047 1048/1048
f 1046/1046 1048/1048 1049/1049
f 1028/1028 1024/1024 1026/1026
f 1028/1028 1026/1026 1029/1029
f 1050/1050 13/13 1051/1051
f 1050/1050 1051/1051 1052/1052
f 1031/1031 1021/1021 1024/1024
f 1031/1031 1024/1024 1028/1028
f 1032/1032 1053/1053 1021/1021
f 1032/1032 1021/1021 1031/1031
f 1013/1013 1054/1054 1053/1053
f 1013/1013 1053/1053 1032/1032
f 1016/1016 991/991 995/995
f 1016/1016 995/995 1019/1019
f 1017/1017 1016/1016 1019/1019
f 1017/1017 1019/1019 1055/1055
f 1056/1056 1017/1017 1055/1055
f 1056/1056 1055/1055 1057/1057
f 1055/1055 1019/1019 1020/1020
f 1055/1055 1020/1020 1041/1041
f 1058/1058 1000/1000 1018/1018
f 1058/1058 1018/1018 1037/1037
f 1059/1059 1036/1036 1039/1039
f 1059/1059 1039/1039 1060/1060
f 1038/1038 1015/1015 1017/1017
f 1038/1038 1017/1017 1056/1056
f 1061/1061 1059/1059 1060/1060
f 1061/1061 1060/1060 1062/1062
f 1063/1063 1064/1064 1065/1065
f 1063/1063 1065/1065 1066/1066
f 1067/1067 1040/1040 1043/1043
f 1067/1067 1043/1043 1068/1068
f 1051/1051 1035/1035 1069/1069
f 1051/1051 1069/1069 1047/1047
f 1070/1070 1071/1071 1072/1072
f 1070/1070 1072/1072 14/14
f 1073/1073 1070/1070 14/14
f 1073/1073 14/14 13/13
f 1074/1074 1056/1056 1057/1057
f 1074/1074 1057/1057 1075/1075
f 1020/1020 996/996 1076/1076
f 1020/1020 1076/1076 1077/1077
f 996/996 987/987 1006/1006
f 996/996 1006/1006 1076/1076
f 1078/1078 1079/1079 1080/1080
f 1078/1078 1080/1080 1081/1081
f 1065/1065 1082/1082 961/961
f 1065/1065 961/961 979/979
f 1078/1078 1081/1081 1083/1083
f 1078/1078 1083/1083 1084/1084
f 1085/1085 1086/1086 1079/1079
f 1085/1085 1079/1079 1078/1078
f 1085/1085 1078/1078 1084/1084
f 1085/1085 1084/1084 1087/1087
f 1030/1030 1085/1085 1087/1087
f 1030/1030 1087/1087 1088/1088
f 1080/1080 1089/1089 1090/1090
f 1080/1080 1090/1090 1064/1064
f 1079/1079 1091/1091 1089/1089
f 1079/1079 1089/1089 1080/1080
f 1086/1086 1092/1092 1091/1091
f 1086/1086 1091/1091 1079/1079
f 1010/1010 1009/1009 1070/1070
f 1010/1010 1070/1070 1073/1073
f 1035/1035 1034/1034 1093/1093
f 1035/1035 1093/1093 1069/1069
f 14/14 1072/1072 1033/1033
f 14/14 1033/1033 15/15
f 1009/1009 1094/1094 1071/1071
f 1009/1009 1071/1071 1070/1070
f 1034/1034 1045/1045 1095/1095
f 1034/1034 1095/1095 1093/1093
f 1072/1072 1096/1096 1044/1044
f 1072/1072 1044/1044 1033/1033
f 1094/1094 1088/1088 1097/1097
f 1094/1094 1097/1097 1071/1071
f 1071/1071 1097/1097 1096/1096
f 1071/1071 1096/1096 1072/1072
f 1029/1029 1026/1026 1092/1092
f 1029/1029 1092/1092 1086/1086
f 1098/1098 1074/1074 1075/1075
f 1098/1098 1075/1075 1099/1099
f 1100/1100 1098/1098 1099/1099
f 1100/1100 1099/1099 1101/1101
f 1102/1102 1100/1100 1101/1101
f 1102/1102 1101/1101 1103/1103
f 1014/1014 1013/1013 1032/1032
f 1014/1014 1032/1032 1007/1007
f 1092/1092 1104/1104 1105/1105
f 1092/1092 1105/1105 1091/1091
f 1091/1091 1105/1105 1106/1106
f 1091/1091 1106/1106 1089/1089
f 1089/1089 1106/1106 1107/1107
f 1089/1089 1107/1107 1090/1090
f 1090/1090 1107/1107 1108/1108
f 1090/1090 1108/1108 1082/1082
f 1082/1082 1108/1108 962/962
f 1082/1082 962/962 961/961
f 1008/1008 1027/1027 1094/1094
f 1008/1008 1094/1094 1009/1009
f 1109/1109 1067/1067 1068/1068
f 1109/1109 1068/1068 1110/1110
f 1027/1027 1030/1030 1088/1088
f 1027/1027 1088/1088 1094/1094
f 1111/1111 1109/1109 1110/1110
f 1111/1111 1110/1110 1112/1112
f 1113/1113 1062/1062 1100/1100
f 1113/1113 1100/1100 1102/1102
f 1114/1114 1111/1111 1112/1112
f 1114/1114 1112/1112 1115/1115
f 1093/1093 1095/1095 1116/1116
f 1093/1093 1116/1116 1117/1117
f 1030/1030 1029/1029 1086/1086
f 1030/1030 1086/1086 1085/1085
f 1026/1026 1025/1025 1104/1104
f 1026/1026 1104/1104 1092/1092
f 1095/1095 1114/1114 1115/1115
f 1095/1095 1115/1115 1116/1116
f 1103/1103 1101/1101 1111/1111
f 1103/1103 1111/1111 1114/1114
f 1088/1088 1087/1087 1118/1118
f 1088/1088 1118/1118 1097/1097
f 1053/1053 1119/1119 1022/1022
f 1053/1053 1022/1022 1021/1021
f 1096/1096 1113/1113 1102/1102
f 1096/1096 1102/1102 1044/1044
f 1045/1045 1103/1103 1114/1114
f 1045/1045 1114/1114 1095/1095
f 1118/1118 1061/1061 1062/1062
f 1118/1118 1062/1062 1113/1113
f 1081/1081 1080/1080 1064/1064
f 1081/1081 1064/1064 1063/1063
f 1097/1097 1118/1118 1113/1113
f 1097/1097 1113/1113 1096/1096
f 1052/1052 1051/1051 1047/1047
f 1052/1052 1047/1047 1046/1046
f 1057/1057 1055/1055 1041/1041
f 1057/1057 1041/1041 1040/1040
f 1120/1120 1058/1058 1037/1037
f 1120/1120 1037/1037 1036/1036
f 1039/1039 1038/1038 1056/1056
f 1039/1039 1056/1056 1074/1074
f 1075/1075 1057/1057 1040/1040
f 1075/1075 1040/1040 1067/1067
f 1121/1121 1010/1010 1073/1073
f 1121/1121 1073/1073 1122/1122
f 1014/1014 1007/1007 1010/1010
f 1014/1014 1010/1010 1121/1121
f 1083/1083 1120/1120 1036/1036
f 1083/1083 1036/1036 1059/1059
f 1060/1060 1039/1039 1074/1074
f 1060/1060 1074/1074 1098/1098
f 1041/1041 1020/1020 1077/1077
f 1041/1041 1077/1077 1042/1042
f 13/13 15/15 1035/1035
f 13/13 1035/1035 1051/1051
f 1099/1099 1075/1075 1067/1067
f 1099/1099 1067/1067 1109/1109
f 1084/1084 1083/1083 1059/1059
f 1084/1084 1059/1059 1061/1061
f 1062/1062 1060/1060 1098/1098
f 1062/1062 1098/1098 1100/1100
f 1101/1101 1099/1099 1109/1109
f 1101/1101 1109/1109 1111/1111
f 1087/1087 1084/1084 1061/1061
f 1087/1087 1061/1061 1118/1118
f 1122/1122 1073/1073 13/13
f 1122/1122 13/13 1050/1050
f 1064/1064 1090/1090 1082/1082
f 1064/1064 1082/1082 1065/1065
f 1066/1066 998/998 1000/1000
f 1066/1066 1000/1000 1058/1058
f 1063/1063 1066/1066 1058/1058
f 1063/1063 1058/1058 1120/1120
f 1081/1081 1063/1063 1120/1120
f 1081/1081 1120/1120 1083/1083
f 1069/1069 1093/1093 1117/1117
f 1069/1069 1117/1117 1123/1123
f 1047/1047 1069/1069 1123/1123
f 1047/1047 1123/1123 1048/1048
f 1066/1066 1065/1065 979/979
f 1066/1066 979/979 998/998
f 1044/1044 1102/1102 1103/1103
f 1044/1044 1103/1103 1045/1045
f 1124/1124 1125/1125 1126/1126
f 1124/1124 1126/1126 1127/1127
f 1128/1128 1129/1129 1130/1130
f 1128/1128 1130/1130 1131/1131
f 1132/1132 1133/1133 1134/1134
f 1132/1132 1134/1134 1135/1135
f 1133/1133 1136/1136 1137/1137
f 1133/1133 1137/1137 1134/1134
f 1136/1136 1138/1138 1139/1139
f 1136/1136 1139/1139 1137/1137
f 1138/1138 1140/1140 1141/1141
f 1138/1138 1141/1141 1139/1139
f 1140/1140 1142/1142 1143/1143
f 1140/1140 1143/1143 1141/1141
f 1142/1142 1144/1144 1145/1145
f 1142/1142 1145/1145 1143/1143
f 1144/1144 1146/1146 1147/1147
f 1144/1144 1147/1147 1145/1145
f 1146/1146 1148/1148 1149/1149
f 1146/1146 1149/1149 1147/1147
f 1150/1150 1151/1151 1152/1152
f 1150/1150 1152/1152 1153/1153
f 1151/1151 1154/1154 1155/1155
f 1151/1151 1155/1155 1152/1152
f 1154/1154 1156/1156 1157/1157
f 1154/1154 1157/1157 1155/1155
f 1158/1158 1011/1011 1159/1159
f 1158/1158 1159/1159 1160/1160
f 1161/1161 1162/1162 1163/1163
f 1161/1161 1163/1163 1164/1164
f 1148/1148 1165/1165 1166/1166
f 1148/1148 1166/1166 1149/1149
f 1167/1167 1168/1168 1162/1162
f 1167/1167 1162/1162 1161/1161
f 1124/1124 1127/1127 1169/1169
f 1124/1124 1169/1169 1170/1170
f 1171/1171 1172/1172 1173/1173
f 1171/1171 1173/1173 1174/1174
f 1172/1172 1175/1175 1176/1176
f 1172/1172 1176/1176 1173/1173
f 1177/1177 1178/1178 1179/1179
f 1177/1177 1179/1179 1128/1128
f 1180/1180 1181/1181 1178/1178
f 1180/1180 1178/1178 1177/1177
f 1129/1129 1158/1158 1160/1160
f 1129/1129 1160/1160 1130/1130
f 1159/1159 1121/1121 1122/1122
f 1159/1159 1122/1122 1182/1182
f 1183/1183 1052/1052 1046/1046
f 1183/1183 1046/1046 1165/1165
f 1184/1184 1185/1185 1175/1175
f 1184/1184 1175/1175 1172/1172
f 1175/1175 1186/1186 1187/1187
f 1175/1175 1187/1187 1176/1176
f 1165/1165 1046/1046 1049/1049
f 1165/1165 1049/1049 1166/1166
f 1188/1188 1050/1050 1052/1052
f 1188/1188 1052/1052 1183/1183
f 1156/1156 1189/1189 1190/1190
f 1156/1156 1190/1190 1157/1157
f 1126/1126 1161/1161 1164/1164
f 1126/1126 1164/1164 1191/1191
f 1190/1190 1188/1188 1183/1183
f 1190/1190 1183/1183 1192/1192
f 1189/1189 1182/1182 1188/1188
f 1189/1189 1188/1188 1190/1190
f 1193/1193 1180/1180 1194/1194
f 1193/1193 1194/1194 1195/1195
f 1191/1191 1164/1164 1196/1196
f 1191/1191 1196/1196 1181/1181
f 1127/1127 1193/1193 1195/1195
f 1127/1127 1195/1195 1169/1169
f 1157/1157 1190/1190 1192/1192
f 1157/1157 1192/1192 1197/1197
f 1180/1180 1177/1177 1198/1198
f 1180/1180 1198/1198 1194/1194
f 1182/1182 1122/1122 1050/1050
f 1182/1182 1050/1050 1188/1188
f 1155/1155 1157/1157 1197/1197
f 1155/1155 1197/1197 1199/1199
f 1152/1152 1155/1155 1199/1199
f 1152/1152 1199/1199 1200/1200
f 1153/1153 1152/1152 1200/1200
f 1153/1153 1200/1200 1201/1201
f 1186/1186 1153/1153 1201/1201
f 1186/1186 1201/1201 1187/1187
f 1127/1127 1126/1126 1191/1191
f 1127/1127 1191/1191 1193/1193
f 1177/1177 1128/1128 1131/1131
f 1177/1177 1131/1131 1198/1198
f 1193/1193 1191/1191 1181/1181
f 1193/1193 1181/1181 1180/1180
f 1202/1202 1150/1150 1153/1153
f 1202/1202 1153/1153 1186/1186
f 1174/1174 1173/1173 1133/1133
f 1174/1174 1133/1133 1132/1132
f 1173/1173 1176/1176 1136/1136
f 1173/1173 1136/1136 1133/1133
f 1170/1170 1169/1169 1185/1185
f 1170/1170 1185/1185 1184/1184
f 1176/1176 1187/1187 1138/1138
f 1176/1176 1138/1138 1136/1136
f 1169/1169 1195/1195 1202/1202
f 1169/1169 1202/1202 1185/1185
f 1187/1187 1201/1201 1140/1140
f 1187/1187 1140/1140 1138/1138
f 1195/1195 1194/1194 1150/1150
f 1195/1195 1150/1150 1202/1202
f 1201/1201 1200/1200 1142/1142
f 1201/1201 1142/1142 1140/1140
f 1194/1194 1198/1198 1151/1151
f 1194/1194 1151/1151 1150/1150
f 1185/1185 1202/1202 1186/1186
f 1185/1185 1186/1186 1175/1175
f 1200/1200 1199/1199 1144/1144
f 1200/1200 1144/1144 1142/1142
f 1198/1198 1131/1131 1154/1154
f 1198/1198 1154/1154 1151/1151
f 1199/1199 1197/1197 1146/1146
f 1199/1199 1146/1146 1144/1144
f 1011/1011 1014/1014 1121/1121
f 1011/1011 1121/1121 1159/1159
f 1125/1125 1167/1167 1161/1161
f 1125/1125 1161/1161 1126/1126
f 1131/1131 1130/1130 1156/1156
f 1131/1131 1156/1156 1154/1154
f 1197/1197 1192/1192 1148/1148
f 1197/1197 1148/1148 1146/1146
f 1160/1160 1159/1159 1182/1182
f 1160/1160 1182/1182 1189/1189
f 1192/1192 1183/1183 1165/1165
f 1192/1192 1165/1165 1148/1148
f 1130/1130 1160/1160 1189/1189
f 1130/1130 1189/1189 1156/1156
f 1012/1012 1203/1203 1054/1054
f 1012/1012 1054/1054 1013/1013
f 1203/1203 1204/1204 1205/1205
f 1203/1203 1205/1205 1054/1054
f 1054/1054 1205/1205 1119/1119
f 1054/1054 1119/1119 1053/1053
f 1206/1206 1207/1207 1204/1204
f 1206/1206 1204/1204 1203/1203
f 1181/1181 1196/1196 1208/1208
f 1181/1181 1208/1208 1178/1178
f 1178/1178 1208/1208 1209/1209
f 1178/1178 1209/1209 1179/1179
f 1179/1179 1209/1209 1210/1210
f 1179/1179 1210/1210 1211/1211
f 1211/1211 1210/1210 1206/1206
f 1211/1211 1206/1206 1212/1212
f 1212/1212 1206/1206 1203/1203
f 1212/1212 1203/1203 1012/1012
f 1128/1128 1179/1179 1211/1211
f 1128/1128 1211/1211 1129/1129
f 1158/1158 1212/1212 1012/1012
f 1158/1158 1012/1012 1011/1011
f 1129/1129 1211/1211 1212/1212
f 1129/1129 1212/1212 1158/1158
f 1164/1164 1163/1163 1213/1213
f 1164/1164 1213/1213 1196/1196
f 1196/1196 1213/1213 1214/1214
f 1196/1196 1214/1214 1208/1208
f 1208/1208 1214/1214 1215/1215
f 1208/1208 1215/1215 1209/1209
f 1209/1209 1215/1215 1216/1216
f 1209/1209 1216/1216 1210/1210
f 1210/1210 1216/1216 1207/1207
f 1210/1210 1207/1207 1206/1206
f 1217/1217 1218/1218 1219/1219
f 1217/1217 1219/1219 1220/1220
f 1221/1221 1222/1222 1223/1223
f 1221/1221 1223/1223 1224/1224
f 1225/1225 1221/1221 1224/1224
f 1225/1225 1224/1224 1226/1226
f 1219/1219 1227/1227 1228/1228
f 1219/1219 1228/1228 1229/1229
f 1230/1230 1231/1231 1232/1232
f 1230/1230 1232/1232 1233/1233
f 1234/1234 1235/1235 1236/1236
f 1234/1234 1236/1236 1237/1237
f 1238/1238 1239/1239 1221/1221
f 1238/1238 1221/1221 1225/1225
f 1240/1240 1241/1241 1242/1242
f 1240/1240 1242/1242 1243/1243
f 1220/1220 1219/1219 1229/1229
f 1220/1220 1229/1229 1244/1244
f 1239/1239 1245/1245 1222/1222
f 1239/1239 1222/1222 1221/1221
f 1246/1246 1247/1247 1248/1248
f 1246/1246 1248/1248 1249/1249
f 1250/1250 1246/1246 1249/1249
f 1250/1250 1249/1249 1251/1251
f 1252/1252 1253/1253 1254/1254
f 1252/1252 1254/1254 1255/1255
f 1222/1222 1243/1243 1230/1230
f 1222/1222 1230/1230 1223/1223
f 1243/1243 1242/1242 1231/1231
f 1243/1243 1231/1231 1230/1230
f 1223/1223 1230/1230 1233/1233
f 1223/1223 1233/1233 1256/1256
f 1257/1257 1258/1258 1259/1259
f 1257/1257 1259/1259 1260/1260
f 1261/1261 1262/1262 1263/1263
f 1261/1261 1263/1263 1264/1264
f 1242/1242 1265/1265 1250/1250
f 1242/1242 1250/1250 1231/1231
f 1265/1265 1266/1266 1246/1246
f 1265/1265 1246/1246 1250/1250
f 1224/1224 1223/1223 1256/1256
f 1224/1224 1256/1256 1267/1267
f 1268/1268 1269/1269 1270/1270
f 1268/1268 1270/1270 1271/1271
f 1272/1272 1273/1273 1240/1240
f 1272/1272 1240/1240 1245/1245
f 1274/1274 1272/1272 1245/1245
f 1274/1274 1245/1245 1239/1239
f 1226/1226 1224/1224 1267/1267
f 1226/1226 1267/1267 1227/1227
f 1275/1275 1274/1274 1239/1239
f 1275/1275 1239/1239 1238/1238
f 1276/1276 1225/1225 1226/1226
f 1276/1276 1226/1226 1218/1218
f 1277/1277 1278/1278 1257/1257
f 1277/1277 1257/1257 1269/1269
f 1279/1279 1280/1280 1262/1262
f 1279/1279 1262/1262 1261/1261
f 1271/1271 1270/1270 1280/1280
f 1271/1271 1280/1280 1279/1279
f 1255/1255 1254/1254 1266/1266
f 1255/1255 1266/1266 1265/1265
f 1241/1241 1255/1255 1265/1265
f 1241/1241 1265/1265 1242/1242
f 1232/1232 1251/1251 1281/1281
f 1232/1232 1281/1281 1282/1282
f 1270/1270 1260/1260 1234/1234
f 1270/1270 1234/1234 1280/1280
f 1280/1280 1234/1234 1237/1237
f 1280/1280 1237/1237 1262/1262
f 1251/1251 1249/1249 1283/1283
f 1251/1251 1283/1283 1281/1281
f 1268/1268 1271/1271 1273/1273
f 1268/1268 1273/1273 1272/1272
f 1271/1271 1279/1279 1284/1284
f 1271/1271 1284/1284 1273/1273
f 1269/1269 1257/1257 1260/1260
f 1269/1269 1260/1260 1270/1270
f 1285/1285 1268/1268 1272/1272
f 1285/1285 1272/1272 1274/1274
f 1267/1267 1256/1256 1286/1286
f 1267/1267 1286/1286 1287/1287
f 1233/1233 1232/1232 1282/1282
f 1233/1233 1282/1282 1288/1288
f 1249/1249 1248/1248 1289/1289
f 1249/1249 1289/1289 1283/1283
f 1256/1256 1233/1233 1288/1288
f 1256/1256 1288/1288 1286/1286
f 1284/1284 1252/1252 1255/1255
f 1284/1284 1255/1255 1241/1241
f 1261/1261 1264/1264 1253/1253
f 1261/1261 1253/1253 1252/1252
f 1279/1279 1261/1261 1252/1252
f 1279/1279 1252/1252 1284/1284
f 1231/1231 1250/1250 1251/1251
f 1231/1231 1251/1251 1232/1232
f 1227/1227 1267/1267 1287/1287
f 1227/1227 1287/1287 1228/1228
f 1285/1285 1277/1277 1269/1269
f 1285/1285 1269/1269 1268/1268
f 1260/1260 1259/1259 1235/1235
f 1260/1260 1235/1235 1234/1234
f 1273/1273 1284/1284 1241/1241
f 1273/1273 1241/1241 1240/1240
f 1245/1245 1240/1240 1243/1243
f 1245/1245 1243/1243 1222/1222
f 1218/1218 1226/1226 1227/1227
f 1218/1218 1227/1227 1219/1219
f 1290/1290 1291/1291 1292/1292
f 1290/1290 1292/1292 1293/1293
f 1294/1294 16/16 18/18
f 1294/1294 18/18 1295/1295
f 1296/1296 1290/1290 1293/1293
f 1296/1296 1293/1293 1297/1297
f 1298/1298 1296/1296 1297/1297
f 1298/1298 1297/1297 1299/1299
f 1300/1300 1301/1301 1302/1302
f 1300/1300 1302/1302 1303/1303
f 1301/1301 1304/1304 1298/1298
f 1301/1301 1298/1298 1302/1302
f 1291/1291 1305/1305 1306/1306
f 1291/1291 1306/1306 1292/1292
f 1305/1305 1307/1307 1308/1308
f 1305/1305 1308/1308 1306/1306
f 1309/1309 1310/1310 1311/1311
f 1309/1309 1311/1311 1312/1312
f 1313/1313 1314/1314 1315/1315
f 1313/1313 1315/1315 1316/1316
f 1303/1303 1302/1302 1317/1317
f 1303/1303 1317/1317 1318/1318
f 1302/1302 1298/1298 1299/1299
f 1302/1302 1299/1299 1317/1317
f 1319/1319 1320/1320 1291/1291
f 1319/1319 1291/1291 1290/1290
f 1321/1321 1318/1318 1294/1294
f 1321/1321 1294/1294 1322/1322
f 1323/1323 1321/1321 1322/1322
f 1323/1323 1322/1322 1314/1314
f 1324/1324 1323/1323 1314/1314
f 1324/1324 1314/1314 1313/1313
f 1325/1325 1326/1326 1310/1310
f 1325/1325 1310/1310 1309/1309
f 1327/1327 1300/1300 1328/1328
f 1327/1327 1328/1328 1329/1329
f 1330/1330 1331/1331 1332/1332
f 1330/1330 1332/1332 1333/1333
f 1334/1334 1319/1319 1290/1290
f 1334/1334 1290/1290 1296/1296
f 1304/1304 1334/1334 1296/1296
f 1304/1304 1296/1296 1298/1298
f 1307/1307 1330/1330 1333/1333
f 1307/1307 1333/1333 1308/1308
f 1333/1333 1332/1332 1335/1335
f 1333/1333 1335/1335 1336/1336
f 1308/1308 1333/1333 1336/1336
f 1308/1308 1336/1336 1337/1337
f 1306/1306 1308/1308 1337/1337
f 1306/1306 1337/1337 1338/1338
f 1292/1292 1306/1306 1338/1338
f 1292/1292 1338/1338 1339/1339
f 1293/1293 1292/1292 1339/1339
f 1293/1293 1339/1339 1340/1340
f 1297/1297 1293/1293 1340/1340
f 1297/1297 1340/1340 1341/1341
f 1299/1299 1297/1297 1341/1341
f 1299/1299 1341/1341 17/17
f 1317/1317 1299/1299 17/17
f 1317/1317 17/17 16/16
f 1318/1318 1317/1317 16/16
f 1318/1318 16/16 1294/1294
f 19/19 1342/1342 1319/1319
f 19/19 1319/1319 1334/1334
f 1342/1342 1343/1343 1320/1320
f 1342/1342 1320/1320 1319/1319
f 1343/1343 1344/1344 1345/1345
f 1343/1343 1345/1345 1320/1320
f 1344/1344 1312/1312 1346/1346
f 1344/1344 1346/1346 1345/1345
f 1312/1312 1311/1311 1347/1347
f 1312/1312 1347/1347 1346/1346
f 1311/1311 1348/1348 1349/1349
f 1311/1311 1349/1349 1347/1347
f 1350/1350 1325/1325 1351/1351
f 1350/1350 1351/1351 1352/1352
f 1347/1347 1349/1349 1331/1331
f 1347/1347 1331/1331 1330/1330
f 1346/1346 1347/1347 1330/1330
f 1346/1346 1330/1330 1307/1307
f 1345/1345 1346/1346 1307/1307
f 1345/1345 1307/1307 1305/1305
f 1320/1320 1345/1345 1305/1305
f 1320/1320 1305/1305 1291/1291
f 1322/1322 1294/1294 1295/1295
f 1322/1322 1295/1295 1353/1353
f 1314/1314 1322/1322 1353/1353
f 1314/1314 1353/1353 1315/1315
f 1354/1354 1238/1238 1225/1225
f 1354/1354 1225/1225 1276/1276
f 1355/1355 1217/1217 1220/1220
f 1355/1355 1220/1220 1356/1356
f 1357/1357 1358/1358 1359/1359
f 1357/1357 1359/1359 1360/1360
f 1361/1361 1357/1357 1360/1360
f 1361/1361 1360/1360 1362/1362
f 1363/1363 1364/1364 1355/1355
f 1363/1363 1355/1355 1365/1365
f 1360/1360 1359/1359 1366/1366
f 1360/1360 1366/1366 1364/1364
f 1359/1359 1354/1354 1276/1276
f 1359/1359 1276/1276 1366/1366
f 1367/1367 23/23 1368/1368
f 1367/1367 1368/1368 1369/1369
f 1356/1356 1220/1220 1244/1244
f 1356/1356 1244/1244 1370/1370
f 1358/1358 1371/1371 1354/1354
f 1358/1358 1354/1354 1359/1359
f 1372/1372 1368/1368 23/23
f 1372/1372 23/23 22/22
f 1373/1373 1374/1374 1368/1368
f 1373/1373 1368/1368 1372/1372
f 1375/1375 1376/1376 1377/1377
f 1375/1375 1377/1377 1378/1378
f 1379/1379 1367/1367 1361/1361
f 1379/1379 1361/1361 1380/1380
f 1381/1381 1382/1382 1275/1275
f 1381/1381 1275/1275 1371/1371
f 1383/1383 1381/1381 1371/1371
f 1383/1383 1371/1371 1358/1358
f 1384/1384 1356/1356 1370/1370
f 1384/1384 1370/1370 1385/1385
f 1326/1326 1379/1379 1380/1380
f 1326/1326 1380/1380 1310/1310
f 1365/1365 1355/1355 1356/1356
f 1365/1365 1356/1356 1384/1384
f 1332/1332 1384/1384 1385/1385
f 1332/1332 1385/1385 1335/1335
f 1331/1331 1365/1365 1384/1384
f 1331/1331 1384/1384 1332/1332
f 1362/1362 1360/1360 1364/1364
f 1362/1362 1364/1364 1363/1363
f 1380/1380 1361/1361 1362/1362
f 1380/1380 1362/1362 1348/1348
f 1310/1310 1380/1380 1348/1348
f 1310/1310 1348/1348 1311/1311
f 1378/1378 1377/1377 1386/1386
f 1378/1378 1386/1386 1278/1278
f 1371/1371 1275/1275 1238/1238
f 1371/1371 1238/1238 1354/1354
f 1382/1382 1387/1387 1277/1277
f 1382/1382 1277/1277 1285/1285
f 1381/1381 1388/1388 1387/1387
f 1381/1381 1387/1387 1382/1382
f 1383/1383 1374/1374 1388/1388
f 1383/1383 1388/1388 1381/1381
f 1387/1387 1378/1378 1278/1278
f 1387/1387 1278/1278 1277/1277
f 1349/1349 1363/1363 1365/1365
f 1349/1349 1365/1365 1331/1331
f 1348/1348 1362/1362 1363/1363
f 1348/1348 1363/1363 1349/1349
f 1369/1369 1368/1368 1374/1374
f 1369/1369 1374/1374 1383/1383
f 1388/1388 1375/1375 1378/1378
f 1388/1388 1378/1378 1387/1387
f 1366/1366 1276/1276 1218/1218
f 1366/1366 1218/1218 1217/1217
f 1382/1382 1285/1285 1274/1274
f 1382/1382 1274/1274 1275/1275
f 1364/1364 1366/1366 1217/1217
f 1364/1364 1217/1217 1355/1355
f 1367/1367 1369/1369 1357/1357
f 1367/1367 1357/1357 1361/1361
f 1278/1278 1386/1386 1258/1258
f 1278/1278 1258/1258 1257/1257
f 1369/1369 1383/1383 1358/1358
f 1369/1369 1358/1358 1357/1357
f 1389/1389 1390/1390 1391/1391
f 1389/1389 1391/1391 1392/1392
f 1390/1390 1313/1313 1316/1316
f 1390/1390 1316/1316 1391/1391
f 1393/1393 1389/1389 1392/1392
f 1393/1393 1392/1392 1394/1394
f 1395/1395 1324/1324 1313/1313
f 1395/1395 1313/1313 1390/1390
f 1396/1396 1395/1395 1390/1390
f 1396/1396 1390/1390 1389/1389
f 1397/1397 1396/1396 1389/1389
f 1397/1397 1389/1389 1393/1393
f 1398/1398 1399/1399 1400/1400
f 1398/1398 1400/1400 1401/1401
f 1399/1399 1402/1402 1403/1403
f 1399/1399 1403/1403 1400/1400
f 1404/1404 1124/1124 1170/1170
f 1404/1404 1170/1170 1405/1405
f 1406/1406 1407/1407 1167/1167
f 1406/1406 1167/1167 1125/1125
f 1408/1408 1409/1409 1410/1410
f 1408/1408 1410/1410 1411/1411
f 1412/1412 1413/1413 1414/1414
f 1412/1412 1414/1414 1415/1415
f 1416/1416 1417/1417 1409/1409
f 1416/1416 1409/1409 1408/1408
f 1418/1418 1419/1419 1420/1420
f 1418/1418 1420/1420 1421/1421
f 1401/1401 1400/1400 1407/1407
f 1401/1401 1407/1407 1406/1406
f 1422/1422 1411/1411 1399/1399
f 1422/1422 1399/1399 1398/1398
f 1423/1423 1424/1424 1417/1417
f 1423/1423 1417/1417 1416/1416
f 1425/1425 1404/1404 1405/1405
f 1425/1425 1405/1405 1426/1426
f 1427/1427 1416/1416 1408/1408
f 1427/1427 1408/1408 1428/1428
f 1400/1400 1403/1403 1429/1429
f 1400/1400 1429/1429 1407/1407
f 1430/1430 1423/1423 1416/1416
f 1430/1430 1416/1416 1427/1427
f 1431/1431 1432/1432 1424/1424
f 1431/1431 1424/1424 1423/1423
f 1433/1433 1434/1434 1435/1435
f 1433/1433 1435/1435 1436/1436
f 1435/1435 1431/1431 1423/1423
f 1435/1435 1423/1423 1430/1430
f 1434/1434 1437/1437 1431/1431
f 1434/1434 1431/1431 1435/1435
f 1438/1438 1439/1439 1418/1418
f 1438/1438 1418/1418 1440/1440
f 1414/1414 1438/1438 1440/1440
f 1414/1414 1440/1440 1441/1441
f 1442/1442 1443/1443 1439/1439
f 1442/1442 1439/1439 1438/1438
f 1443/1443 1444/1444 1445/1445
f 1443/1443 1445/1445 1439/1439
f 1446/1446 1447/1447 1448/1448
f 1446/1446 1448/1448 1449/1449
f 1450/1450 1446/1446 1449/1449
f 1450/1450 1449/1449 1444/1444
f 1451/1451 1450/1450 1444/1444
f 1451/1451 1444/1444 1443/1443
f 1452/1452 1451/1451 1443/1443
f 1452/1452 1443/1443 1442/1442
f 1453/1453 1454/1454 1413/1413
f 1453/1453 1413/1413 1412/1412
f 1415/1415 1414/1414 1441/1441
f 1415/1415 1441/1441 1455/1455
f 1456/1456 1415/1415 1455/1455
f 1456/1456 1455/1455 1457/1457
f 1454/1454 1452/1452 1442/1442
f 1454/1454 1442/1442 1413/1413
f 1458/1458 1459/1459 1452/1452
f 1458/1458 1452/1452 1454/1454
f 1444/1444 1449/1449 1460/1460
f 1444/1444 1460/1460 1445/1445
f 1461/1461 1462/1462 1463/1463
f 1461/1461 1463/1463 1447/1447
f 1464/1464 1425/1425 1426/1426
f 1464/1464 1426/1426 1462/1462
f 1465/1465 1184/1184 1172/1172
f 1465/1465 1172/1172 1171/1171
f 1405/1405 1170/1170 1184/1184
f 1405/1405 1184/1184 1465/1465
f 1459/1459 1466/1466 1451/1451
f 1459/1459 1451/1451 1452/1452
f 1440/1440 1418/1418 1421/1421
f 1440/1440 1421/1421 1467/1467
f 1468/1468 1422/1422 1398/1398
f 1468/1468 1398/1398 1464/1464
f 1441/1441 1440/1440 1467/1467
f 1441/1441 1467/1467 1469/1469
f 1455/1455 1441/1441 1469/1469
f 1455/1455 1469/1469 1470/1470
f 1426/1426 1405/1405 1465/1465
f 1426/1426 1465/1465 1471/1471
f 1472/1472 1174/1174 1132/1132
f 1472/1472 1132/1132 1473/1473
f 1462/1462 1426/1426 1471/1471
f 1462/1462 1471/1471 1463/1463
f 1466/1466 1474/1474 1450/1450
f 1466/1466 1450/1450 1451/1451
f 1475/1475 1468/1468 1461/1461
f 1475/1475 1461/1461 1476/1476
f 1457/1457 1455/1455 1470/1470
f 1457/1457 1470/1470 1477/1477
f 1439/1439 1445/1445 1419/1419
f 1439/1439 1419/1419 1418/1418
f 1478/1478 1475/1475 1476/1476
f 1478/1478 1476/1476 1474/1474
f 1474/1474 1476/1476 1446/1446
f 1474/1474 1446/1446 1450/1450
f 1433/1433 1436/1436 1459/1459
f 1433/1433 1459/1459 1458/1458
f 1476/1476 1461/1461 1447/1447
f 1476/1476 1447/1447 1446/1446
f 1436/1436 1479/1479 1466/1466
f 1436/1436 1466/1466 1459/1459
f 1479/1479 1478/1478 1474/1474
f 1479/1479 1474/1474 1466/1466
f 1445/1445 1460/1460 1480/1480
f 1445/1445 1480/1480 1419/1419
f 1471/1471 1465/1465 1171/1171
f 1471/1471 1171/1171 1481/1481
f 1468/1468 1464/1464 1462/1462
f 1468/1468 1462/1462 1461/1461
f 1463/1463 1471/1471 1481/1481
f 1463/1463 1481/1481 1482/1482
f 1473/1473 1132/1132 1135/1135
f 1473/1473 1135/1135 1483/1483
f 1484/1484 1473/1473 1483/1483
f 1484/1484 1483/1483 1485/1485
f 1460/1460 1486/1486 1487/1487
f 1460/1460 1487/1487 1480/1480
f 1425/1425 1401/1401 1406/1406
f 1425/1425 1406/1406 1404/1404
f 1404/1404 1406/1406 1125/1125
f 1404/1404 1125/1125 1124/1124
f 1480/1480 1487/1487 1488/1488
f 1480/1480 1488/1488 1489/1489
f 1487/1487 1484/1484 1485/1485
f 1487/1487 1485/1485 1488/1488
f 1447/1447 1463/1463 1482/1482
f 1447/1447 1482/1482 1448/1448
f 1490/1490 1472/1472 1473/1473
f 1490/1490 1473/1473 1484/1484
f 1464/1464 1398/1398 1401/1401
f 1464/1464 1401/1401 1425/1425
f 1413/1413 1442/1442 1438/1438
f 1413/1413 1438/1438 1414/1414
f 1436/1436 1435/1435 1430/1430
f 1436/1436 1430/1430 1479/1479
f 1428/1428 1408/1408 1411/1411
f 1428/1428 1411/1411 1422/1422
f 1411/1411 1410/1410 1402/1402
f 1411/1411 1402/1402 1399/1399
f 1486/1486 1490/1490 1484/1484
f 1486/1486 1484/1484 1487/1487
f 1448/1448 1482/1482 1490/1490
f 1448/1448 1490/1490 1486/1486
f 1419/1419 1480/1480 1489/1489
f 1419/1419 1489/1489 1420/1420
f 1481/1481 1171/1171 1174/1174
f 1481/1481 1174/1174 1472/1472
f 1407/1407 1429/1429 1168/1168
f 1407/1407 1168/1168 1167/1167
f 1479/1479 1430/1430 1427/1427
f 1479/1479 1427/1427 1478/1478
f 1478/1478 1427/1427 1428/1428
f 1478/1478 1428/1428 1475/1475
f 1475/1475 1428/1428 1422/1422
f 1475/1475 1422/1422 1468/1468
f 1482/1482 1481/1481 1472/1472
f 1482/1482 1472/1472 1490/1490
f 1449/1449 1448/1448 1486/1486
f 1449/1449 1486/1486 1460/1460
f 1491/1491 1492/1492 1493/1493
f 1491/1491 1493/1493 1494/1494
f 1262/1262 1237/1237 1495/1495
f 1262/1262 1495/1495 1263/1263
f 1496/1496 1497/1497 1498/1498
f 1496/1496 1498/1498 1499/1499
f 1500/1500 1433/1433 1458/1458
f 1500/1500 1458/1458 1501/1501
f 1502/1502 1503/1503 1504/1504
f 1502/1502 1504/1504 1437/1437
f 1505/1505 1502/1502 1437/1437
f 1505/1505 1437/1437 1434/1434
f 1437/1437 1504/1504 1432/1432
f 1437/1437 1432/1432 1431/1431
f 1506/1506 1507/1507 1508/1508
f 1506/1506 1508/1508 1509/1509
f 1510/1510 1511/1511 1491/1491
f 1510/1510 1491/1491 1497/1497
f 1500/1500 1505/1505 1434/1434
f 1500/1500 1434/1434 1433/1433
f 1509/1509 1508/1508 1512/1512
f 1509/1509 1512/1512 1513/1513
f 1498/1498 1494/1494 1507/1507
f 1498/1498 1507/1507 1506/1506
f 1494/1494 1493/1493 1456/1456
f 1494/1494 1456/1456 1507/1507
f 1493/1493 1412/1412 1415/1415
f 1493/1493 1415/1415 1456/1456
f 1266/1266 1499/1499 1247/1247
f 1266/1266 1247/1247 1246/1246
f 1499/1499 1498/1498 1506/1506
f 1499/1499 1506/1506 1247/1247
f 1247/1247 1506/1506 1509/1509
f 1247/1247 1509/1509 1248/1248
f 1514/1514 1510/1510 1497/1497
f 1514/1514 1497/1497 1496/1496
f 1254/1254 1496/1496 1499/1499
f 1254/1254 1499/1499 1266/1266
f 1248/1248 1509/1509 1513/1513
f 1248/1248 1513/1513 1289/1289
f 1264/1264 1263/1263 1515/1515
f 1264/1264 1515/1515 1516/1516
f 1516/1516 1515/1515 1517/1517
f 1516/1516 1517/1517 1518/1518
f 1518/1518 1517/1517 1519/1519
f 1518/1518 1519/1519 1520/1520
f 1520/1520 1519/1519 1521/1521
f 1520/1520 1521/1521 1522/1522
f 1522/1522 1521/1521 1505/1505
f 1522/1522 1505/1505 1500/1500
f 1523/1523 1524/1524 1503/1503
f 1523/1523 1503/1503 1502/1502
f 1525/1525 1526/1526 1524/1524
f 1525/1525 1524/1524 1523/1523
f 1511/1511 1527/1527 1492/1492
f 1511/1511 1492/1492 1491/1491
f 1507/1507 1456/1456 1457/1457
f 1507/1507 1457/1457 1508/1508
f 1527/1527 1501/1501 1453/1453
f 1527/1527 1453/1453 1492/1492
f 1528/1528 1529/1529 1526/1526
f 1528/1528 1526/1526 1525/1525
f 1530/1530 1531/1531 1529/1529
f 1530/1530 1529/1529 1528/1528
f 1495/1495 1532/1532 1531/1531
f 1495/1495 1531/1531 1530/1530
f 1520/1520 1522/1522 1527/1527
f 1520/1520 1527/1527 1511/1511
f 1518/1518 1520/1520 1511/1511
f 1518/1518 1511/1511 1510/1510
f 1522/1522 1500/1500 1501/1501
f 1522/1522 1501/1501 1527/1527
f 1501/1501 1458/1458 1454/1454
f 1501/1501 1454/1454 1453/1453
f 1237/1237 1236/1236 1532/1532
f 1237/1237 1532/1532 1495/1495
f 1508/1508 1457/1457 1477/1477
f 1508/1508 1477/1477 1512/1512
f 1492/1492 1453/1453 1412/1412
f 1492/1492 1412/1412 1493/1493
f 1497/1497 1491/1491 1494/1494
f 1497/1497 1494/1494 1498/1498
f 1521/1521 1523/1523 1502/1502
f 1521/1521 1502/1502 1505/1505
f 1263/1263 1495/1495 1530/1530
f 1263/1263 1530/1530 1515/1515
f 1516/1516 1518/1518 1510/1510
f 1516/1516 1510/1510 1514/1514
f 1264/1264 1516/1516 1514/1514
f 1264/1264 1514/1514 1253/1253
f 1253/1253 1514/1514 1496/1496
f 1253/1253 1496/1496 1254/1254
f 1515/1515 1530/1530 1528/1528
f 1515/1515 1528/1528 1517/1517
f 1517/1517 1528/1528 1525/1525
f 1517/1517 1525/1525 1519/1519
f 1519/1519 1525/1525 1523/1523
f 1519/1519 1523/1523 1521/1521
f 1533/1533 1534/1534 1535/1535
f 1533/1533 1535/1535 1536/1536
f 1533/1533 1537/1537 1538/1538
f 1533/1533 1538/1538 1534/1534
f 1538/1538 1539/1539 1540/1540
f 1538/1538 1540/1540 1541/1541
f 1537/1537 1542/1542 1539/1539
f 1537/1537 1539/1539 1538/1538
f 1543/1543 1544/1544 1545/1545
f 1543/1543 1545/1545 1546/1546
f 1547/1547 35/35 1548/1548
f 1547/1547 1548/1548 1549/1549
f 520/520 1543/1543 1546/1546
f 520/520 1546/1546 498/498
f 1550/1550 1551/1551 1552/1552
f 1550/1550 1552/1552 1553/1553
f 1554/1554 1555/1555 1551/1551
f 1554/1554 1551/1551 1550/1550
f 1556/1556 1557/1557 1555/1555
f 1556/1556 1555/1555 1554/1554
f 1557/1557 31/31 1558/1558
f 1557/1557 1558/1558 1555/1555
f 1559/1559 1560/1560 1561/1561
f 1559/1559 1561/1561 1562/1562
f 1563/1563 1564/1564 1565/1565
f 1563/1563 1565/1565 1566/1566
f 1563/1563 1567/1567 1568/1568
f 1563/1563 1568/1568 1564/1564
f 25/25 1544/1544 1569/1569
f 25/25 1569/1569 26/26
f 517/517 1570/1570 1571/1571
f 517/517 1571/1571 518/518
f 1572/1572 1573/1573 1574/1574
f 1572/1572 1574/1574 1570/1570
f 35/35 34/34 1575/1575
f 35/35 1575/1575 1548/1548
f 1570/1570 1574/1574 1576/1576
f 1570/1570 1576/1576 1571/1571
f 1577/1577 1541/1541 1578/1578
f 1577/1577 1578/1578 1579/1579
f 1577/1577 1579/1579 1580/1580
f 1577/1577 1580/1580 1581/1581
f 1569/1569 1544/1544 1543/1543
f 1569/1569 1543/1543 1582/1582
f 499/499 1572/1572 1570/1570
f 499/499 1570/1570 517/517
f 1534/1534 1538/1538 1541/1541
f 1534/1534 1541/1541 1577/1577
f 1567/1567 1583/1583 1584/1584
f 1567/1567 1584/1584 1568/1568
f 1579/1579 1563/1563 1566/1566
f 1579/1579 1566/1566 1580/1580
f 1579/1579 1578/1578 1567/1567
f 1579/1579 1567/1567 1563/1563
f 1578/1578 1585/1585 1583/1583
f 1578/1578 1583/1583 1567/1567
f 1544/1544 25/25 1556/1556
f 1544/1544 1556/1556 1545/1545
f 1573/1573 1554/1554 1550/1550
f 1573/1573 1550/1550 1574/1574
f 498/498 1546/1546 1572/1572
f 498/498 1572/1572 499/499
f 1546/1546 1545/1545 1573/1573
f 1546/1546 1573/1573 1572/1572
f 1545/1545 1556/1556 1554/1554
f 1545/1545 1554/1554 1573/1573
f 1574/1574 1550/1550 1553/1553
f 1574/1574 1553/1553 1576/1576
f 1541/1541 1540/1540 1585/1585
f 1541/1541 1585/1585 1578/1578
f 1534/1534 1577/1577 1581/1581
f 1534/1534 1581/1581 1535/1535
f 1560/1560 1586/1586 1587/1587
f 1560/1560 1587/1587 1561/1561
f 1555/1555 1558/1558 1559/1559
f 1555/1555 1559/1559 1551/1551
f 31/31 1557/1557 1588/1588
f 31/31 1588/1588 32/32
f 1547/1547 1586/1586 1589/1589
f 1547/1547 1589/1589 1590/1590
f 1589/1589 1586/1586 1560/1560
f 1589/1589 1560/1560 1591/1591
f 1551/1551 1559/1559 1562/1562
f 1551/1551 1562/1562 1552/1552
f 1586/1586 1547/1547 1549/1549
f 1586/1586 1549/1549 1587/1587
f 1592/1592 1593/1593 1594/1594
f 1592/1592 1594/1594 1595/1595
f 1596/1596 1592/1592 1595/1595
f 1596/1596 1595/1595 1597/1597
f 1597/1597 1598/1598 1599/1599
f 1597/1597 1599/1599 1600/1600
f 1597/1597 1595/1595 1601/1601
f 1597/1597 1601/1601 1598/1598
f 1595/1595 1594/1594 1602/1602
f 1595/1595 1602/1602 1601/1601
f 1603/1603 1604/1604 1605/1605
f 1603/1603 1605/1605 1606/1606
f 1607/1607 1608/1608 1609/1609
f 1607/1607 1609/1609 1610/1610
f 1611/1611 1612/1612 1613/1613
f 1611/1611 1613/1613 1614/1614
f 1610/1610 1609/1609 1615/1615
f 1610/1610 1615/1615 1616/1616
f 1617/1617 1618/1618 1619/1619
f 1617/1617 1619/1619 1620/1620
f 1621/1621 1617/1617 1620/1620
f 1621/1621 1620/1620 1622/1622
f 1623/1623 1621/1621 1622/1622
f 1623/1623 1622/1622 1624/1624
f 1596/1596 1597/1597 1600/1600
f 1596/1596 1600/1600 1625/1625
f 1604/1604 1596/1596 1625/1625
f 1604/1604 1625/1625 1605/1605
f 1618/1618 1626/1626 1611/1611
f 1618/1618 1611/1611 1603/1603
f 1614/1614 1613/1613 1593/1593
f 1614/1614 1593/1593 1592/1592
f 1568/1568 1584/1584 1608/1608
f 1568/1568 1608/1608 1607/1607
f 1564/1564 1568/1568 1607/1607
f 1564/1564 1607/1607 1623/1623
f 1564/1564 1623/1623 1624/1624
f 1564/1564 1624/1624 1565/1565
f 1626/1626 1627/1627 1612/1612
f 1626/1626 1612/1612 1611/1611
f 1616/1616 1615/1615 1627/1627
f 1616/1616 1627/1627 1626/1626
f 1621/1621 1610/1610 1616/1616
f 1621/1621 1616/1616 1617/1617
f 1603/1603 1611/1611 1614/1614
f 1603/1603 1614/1614 1604/1604
f 1604/1604 1614/1614 1592/1592
f 1604/1604 1592/1592 1596/1596
f 1623/1623 1607/1607 1610/1610
f 1623/1623 1610/1610 1621/1621
f 1618/1618 1603/1603 1606/1606
f 1618/1618 1606/1606 1619/1619
f 1617/1617 1616/1616 1626/1626
f 1617/1617 1626/1626 1618/1618
f 1598/1598 1601/1601 1628/1628
f 1598/1598 1628/1628 1629/1629
f 1598/1598 1629/1629 1630/1630
f 1598/1598 1630/1630 1599/1599
f 1629/1629 1628/1628 1631/1631
f 1629/1629 1631/1631 1632/1632
f 1632/1632 1631/1631 1633/1633
f 1632/1632 1633/1633 1634/1634
f 1634/1634 1633/1633 1635/1635
f 1634/1634 1635/1635 1636/1636
f 1629/1629 1632/1632 1637/1637
f 1629/1629 1637/1637 1630/1630
f 1636/1636 1635/1635 1638/1638
f 1636/1636 1638/1638 1639/1639
f 1639/1639 1638/1638 1640/1640
f 1639/1639 1640/1640 1641/1641
f 1641/1641 1640/1640 1642/1642
f 1641/1641 1642/1642 1643/1643
f 1640/1640 1644/1644 1645/1645
f 1640/1640 1645/1645 1642/1642
f 1638/1638 1646/1646 1644/1644
f 1638/1638 1644/1644 1640/1640
f 1635/1635 1647/1647 1646/1646
f 1635/1635 1646/1646 1638/1638
f 1633/1633 1648/1648 1647/1647
f 1633/1633 1647/1647 1635/1635
f 1631/1631 1649/1649 1648/1648
f 1631/1631 1648/1648 1633/1633
f 1628/1628 1650/1650 1649/1649
f 1628/1628 1649/1649 1631/1631
f 1601/1601 1602/1602 1650/1650
f 1601/1601 1650/1650 1628/1628
f 1632/1632 1634/1634 1651/1651
f 1632/1632 1651/1651 1637/1637
f 1634/1634 1636/1636 1652/1652
f 1634/1634 1652/1652 1651/1651
f 1642/1642 1645/1645 1653/1653
f 1642/1642 1653/1653 1654/1654
f 1643/1643 1642/1642 1654/1654
f 1643/1643 1654/1654 1655/1655
f 1641/1641 1643/1643 1656/1656
f 1641/1641 1656/1656 1657/1657
f 1639/1639 1641/1641 1657/1657
f 1639/1639 1657/1657 1658/1658
f 1643/1643 1655/1655 1659/1659
f 1643/1643 1659/1659 1656/1656
f 1655/1655 1660/1660 1661/1661
f 1655/1655 1661/1661 1659/1659
f 1636/1636 1639/1639 1658/1658
f 1636/1636 1658/1658 1652/1652
f 1662/1662 1663/1663 1664/1664
f 1662/1662 1664/1664 1665/1665
f 1666/1666 1667/1667 1663/1663
f 1666/1666 1663/1663 1662/1662
f 1668/1668 1669/1669 1670/1670
f 1668/1668 1670/1670 1671/1671
f 1672/1672 1673/1673 1674/1674
f 1672/1672 1674/1674 1675/1675
f 1676/1676 1677/1677 1667/1667
f 1676/1676 1667/1667 1666/1666
f 1678/1678 1679/1679 1677/1677
f 1678/1678 1677/1677 1676/1676
f 1680/1680 1665/1665 1681/1681
f 1680/1680 1681/1681 1682/1682
f 1683/1683 1662/1662 1665/1665
f 1683/1683 1665/1665 1680/1680
f 1684/1684 1666/1666 1662/1662
f 1684/1684 1662/1662 1683/1683
f 1665/1665 1664/1664 1685/1685
f 1665/1665 1685/1685 1681/1681
f 1673/1673 1668/1668 1671/1671
f 1673/1673 1671/1671 1674/1674
f 1660/1660 1672/1672 1675/1675
f 1660/1660 1675/1675 1661/1661
f 1655/1655 1654/1654 1686/1686
f 1655/1655 1686/1686 1660/1660
f 1660/1660 1686/1686 1687/1687
f 1660/1660 1687/1687 1672/1672
f 1672/1672 1687/1687 1688/1688
f 1672/1672 1688/1688 1673/1673
f 1682/1682 1689/1689 1690/1690
f 1682/1682 1690/1690 1691/1691
f 1673/1673 1688/1688 1678/1678
f 1673/1673 1678/1678 1668/1668
f 1688/1688 1692/1692 1679/1679
f 1688/1688 1679/1679 1678/1678
f 1669/1669 1676/1676 1666/1666
f 1669/1669 1666/1666 1684/1684
f 1668/1668 1678/1678 1676/1676
f 1668/1668 1676/1676 1669/1669
f 1687/1687 1693/1693 1692/1692
f 1687/1687 1692/1692 1688/1688
f 1669/1669 1684/1684 1694/1694
f 1669/1669 1694/1694 1670/1670
f 1684/1684 1683/1683 1695/1695
f 1684/1684 1695/1695 1694/1694
f 1654/1654 1653/1653 1696/1696
f 1654/1654 1696/1696 1686/1686
f 1686/1686 1696/1696 1693/1693
f 1686/1686 1693/1693 1687/1687
f 1680/1680 1682/1682 1691/1691
f 1680/1680 1691/1691 1697/1697
f 1683/1683 1680/1680 1697/1697
f 1683/1683 1697/1697 1695/1695
f 1681/1681 1685/1685 1698/1698
f 1681/1681 1698/1698 1699/1699
f 1682/1682 1681/1681 1699/1699
f 1682/1682 1699/1699 1689/1689
f 1689/1689 1699/1699 1700/1700
f 1689/1689 1700/1700 1701/1701
f 1699/1699 1698/1698 1702/1702
f 1699/1699 1702/1702 1700/1700
f 1703/1703 1704/1704 1705/1705
f 1703/1703 1705/1705 1706/1706
f 1707/1707 1708/1708 1704/1704
f 1707/1707 1704/1704 1703/1703
f 1709/1709 1710/1710 1711/1711
f 1709/1709 1711/1711 1712/1712
f 1713/1713 1714/1714 1715/1715
f 1713/1713 1715/1715 1716/1716
f 1701/1701 1717/1717 1718/1718
f 1701/1701 1718/1718 1719/1719
f 1689/1689 1701/1701 1719/1719
f 1689/1689 1719/1719 1690/1690
f 1717/1717 1713/1713 1716/1716
f 1717/1717 1716/1716 1718/1718
f 1714/1714 1720/1720 1721/1721
f 1714/1714 1721/1721 1715/1715
f 1720/1720 1706/1706 1722/1722
f 1720/1720 1722/1722 1723/1723
f 1720/1720 1723/1723 1724/1724
f 1720/1720 1724/1724 1721/1721
f 1700/1700 1702/1702 1725/1725
f 1700/1700 1725/1725 1726/1726
f 1726/1726 1725/1725 1708/1708
f 1726/1726 1708/1708 1707/1707
f 1701/1701 1700/1700 1726/1726
f 1701/1701 1726/1726 1717/1717
f 1717/1717 1726/1726 1707/1707
f 1717/1717 1707/1707 1713/1713
f 1713/1713 1707/1707 1703/1703
f 1713/1713 1703/1703 1714/1714
f 1714/1714 1703/1703 1706/1706
f 1714/1714 1706/1706 1720/1720
f 1706/1706 1705/1705 1727/1727
f 1706/1706 1727/1727 1722/1722
f 1728/1728 1709/1709 1712/1712
f 1728/1728 1712/1712 1729/1729
f 1722/1722 1727/1727 1730/1730
f 1722/1722 1730/1730 1731/1731
f 1728/1728 1731/1731 1732/1732
f 1728/1728 1732/1732 1709/1709
f 1731/1731 1730/1730 1733/1733
f 1731/1731 1733/1733 1732/1732
f 1723/1723 1722/1722 1731/1731
f 1723/1723 1731/1731 1728/1728
f 1723/1723 1728/1728 1729/1729
f 1723/1723 1729/1729 1724/1724
f 1734/1734 1735/1735 1736/1736
f 1734/1734 1736/1736 1737/1737
f 1738/1738 1739/1739 1740/1740
f 1738/1738 1740/1740 1741/1741
f 1742/1742 1743/1743 1744/1744
f 1742/1742 1744/1744 1745/1745
f 1746/1746 1742/1742 1745/1745
f 1746/1746 1745/1745 1747/1747
f 1748/1748 1749/1749 1750/1750
f 1748/1748 1750/1750 1751/1751
f 1752/1752 1748/1748 1751/1751
f 1752/1752 1751/1751 1753/1753
f 1741/1741 1740/1740 1743/1743
f 1741/1741 1743/1743 1742/1742
f 1754/1754 1741/1741 1742/1742
f 1754/1754 1742/1742 1746/1746
f 1755/1755 1756/1756 1757/1757
f 1755/1755 1757/1757 1758/1758
f 1759/1759 1738/1738 1741/1741
f 1759/1759 1741/1741 1754/1754
f 1710/1710 1734/1734 1737/1737
f 1710/1710 1737/1737 1760/1760
f 1709/1709 1732/1732 1734/1734
f 1709/1709 1734/1734 1710/1710
f 1732/1732 1733/1733 1735/1735
f 1732/1732 1735/1735 1734/1734
f 1760/1760 1737/1737 1738/1738
f 1760/1760 1738/1738 1759/1759
f 1737/1737 1736/1736 1739/1739
f 1737/1737 1739/1739 1738/1738
f 1760/1760 1759/1759 1761/1761
f 1760/1760 1761/1761 1762/1762
f 1763/1763 1755/1755 1758/1758
f 1763/1763 1758/1758 1764/1764
f 1747/1747 1745/1745 1748/1748
f 1747/1747 1748/1748 1752/1752
f 1763/1763 1764/1764 1765/1765
f 1763/1763 1765/1765 1766/1766
f 1753/1753 1763/1763 1766/1766
f 1753/1753 1766/1766 1767/1767
f 1759/1759 1754/1754 1768/1768
f 1759/1759 1768/1768 1761/1761
f 1710/1710 1760/1760 1762/1762
f 1710/1710 1762/1762 1711/1711
f 1764/1764 1758/1758 1769/1769
f 1764/1764 1769/1769 1770/1770
f 1764/1764 1770/1770 1771/1771
f 1764/1764 1771/1771 1765/1765
f 1747/1747 1752/1752 1772/1772
f 1747/1747 1772/1772 1773/1773
f 1754/1754 1746/1746 1774/1774
f 1754/1754 1774/1774 1768/1768
f 1746/1746 1747/1747 1773/1773
f 1746/1746 1773/1773 1774/1774
f 1758/1758 1757/1757 1775/1775
f 1758/1758 1775/1775 1769/1769
f 1751/1751 1750/1750 1756/1756
f 1751/1751 1756/1756 1755/1755
f 1745/1745 1744/1744 1749/1749
f 1745/1745 1749/1749 1748/1748
f 1753/1753 1751/1751 1755/1755
f 1753/1753 1755/1755 1763/1763
f 1752/1752 1753/1753 1767/1767
f 1752/1752 1767/1767 1772/1772
f 1776/1776 40/40 39/39
f 40/40 1776/1776 52/52
f 52/52 1776/1776 112/112
f 112/112 1776/1776 1777/1777
f 1778/1778 112/112 1777/1777
f 112/112 1778/1778 2/2
f 2/2 1778/1778 3/3
f 1/1 62/62 2/2
f 62/62 1/1 59/59
f 59/59 1/1 116/116
f 1780/1780 165/165 1779/1779
f 165/165 1780/1780 1781/1781
f 165/165 1781/1781 248/248
f 165/165 248/248 247/247
f 1782/1782 4/4 6/6
f 4/4 1782/1782 1783/1783
f 4/4 1783/1783 164/164
f 1784/1784 164/164 1783/1783
f 164/164 1784/1784 1779/1779
f 164/164 1779/1779 165/165
f 5/5 190/190 257/257
f 190/190 5/5 4/4
f 190/190 4/4 191/191
f 1785/1785 270/270 322/322
f 270/270 1785/1785 273/273
f 270/270 273/273 268/268
f 297/297 303/303 1786/1786
f 303/303 297/297 296/296
f 303/303 296/296 160/160
f 1787/1787 302/302 1788/1788
f 302/302 1787/1787 303/303
f 303/303 1787/1787 1786/1786
f 1789/1789 301/301 309/309
f 301/301 1789/1789 302/302
f 302/302 1789/1789 1788/1788
f 317/317 108/108 107/107
f 108/108 317/317 91/91
f 91/91 317/317 318/318
f 318/318 317/317 321/321
f 515/515 1791/1791 1790/1790
f 1791/1791 515/515 491/491
f 1791/1791 491/491 9/9
f 9/9 491/491 7/7
f 28/28 1792/1792 29/29
f 1792/1792 28/28 515/515
f 1792/1792 515/515 1790/1790
f 7/7 1793/1793 8/8
f 1793/1793 7/7 489/489
f 1793/1793 489/489 1794/1794
f 489/489 1797/1797 1794/1794
f 1797/1797 489/489 487/487
f 1797/1797 487/487 1796/1796
f 1796/1796 487/487 1795/1795
f 487/487 1798/1798 1795/1795
f 1798/1798 487/487 1800/1800
f 1800/1800 487/487 445/445
f 1800/1800 445/445 1799/1799
f 1799/1799 445/445 444/444
f 1803/1803 1342/1342 1802/1802
f 1342/1342 1803/1803 1343/1343
f 1343/1343 1803/1803 1801/1801
f 1804/1804 19/19 21/21
f 19/19 1804/1804 1342/1342
f 1342/1342 1804/1804 1802/1802
f 1806/1806 1304/1304 1805/1805
f 1304/1304 1806/1806 1334/1334
f 1334/1334 1806/1806 20/20
f 1334/1334 20/20 19/19
f 1808/1808 1343/1343 1801/1801
f 1343/1343 1808/1808 1344/1344
f 1344/1344 1808/1808 1807/1807
f 1351/1351 1344/1344 1807/1807
f 1344/1344 1351/1351 1325/1325
f 1344/1344 1325/1325 1309/1309
f 1344/1344 1309/1309 1312/1312
f 1810/1810 1300/1300 1327/1327
f 1300/1300 1810/1810 1301/1301
f 1301/1301 1810/1810 1809/1809
f 1811/1811 1301/1301 1809/1809
f 1301/1301 1811/1811 1304/1304
f 1304/1304 1811/1811 1805/1805
f 1328/1328 1321/1321 1812/1812
f 1321/1321 1328/1328 1300/1300
f 1321/1321 1300/1300 1318/1318
f 1318/1318 1300/1300 1303/1303
f 1814/1814 1323/1323 1813/1813
f 1323/1323 1814/1814 1321/1321
f 1321/1321 1814/1814 1812/1812
f 1815/1815 1324/1324 1816/1816
f 1324/1324 1815/1815 1323/1323
f 1323/1323 1815/1815 1813/1813
f 1818/1818 1325/1325 1350/1350
f 1325/1325 1818/1818 1326/1326
f 1326/1326 1818/1818 1817/1817
f 1819/1819 1374/1374 1373/1373
f 1374/1374 1819/1819 1388/1388
f 1388/1388 1819/1819 1376/1376
f 1388/1388 1376/1376 1375/1375
f 1820/1820 1326/1326 1817/1817
f 1326/1326 1820/1820 1379/1379
f 1379/1379 1820/1820 1821/1821
f 24/24 1379/1379 1821/1821
f 1379/1379 24/24 23/23
f 1379/1379 23/23 1367/1367
f 1822/1822 1395/1395 1823/1823
f 1395/1395 1822/1822 1324/1324
f 1324/1324 1822/1822 1816/1816
f 1824/1824 1397/1397 1826/1826
f 1397/1397 1824/1824 1396/1396
f 1396/1396 1824/1824 1825/1825
f 1827/1827 1396/1396 1825/1825
f 1396/1396 1827/1827 1395/1395
f 1395/1395 1827/1827 1823/1823
f 1556/1556 1588/1588 1557/1557
f 1588/1588 1556/1556 27/27
f 27/27 1556/1556 25/25
f 520/520 1582/1582 1543/1543
f 1582/1582 520/520 30/30
f 30/30 520/520 28/28
f 1559/1559 1591/1591 1560/1560
f 1591/1591 1559/1559 33/33
f 33/33 1559/1559 1558/1558
f 33/33 1558/1558 31/31
f 1547/1547 36/36 35/35
f 36/36 1547/1547 1828/1828
f 1828/1828 1547/1547 1590/1590

