# https://github.com/mikedh/trimesh
v 0.02510000 0.02510000 0.47000000
v 0.02510000 -0.02510000 0.47000000
v 0.02510000 -0.02510000 0.41000000
v 0.02510000 0.02510000 0.41000000
v -0.02510000 -0.02510000 0.47000000
v -0.02510000 0.02510000 0.47000000
v -0.02510000 0.02510000 0.41000000
v -0.02510000 -0.02510000 0.41000000
v 0.00175000 0.02510000 0.48500001
v 0.00169915 0.02510000 0.48458120
v 0.00154955 0.02510000 0.48418674
v 0.00130989 0.02510000 0.48383954
v 0.00099411 0.02510000 0.48355979
v 0.00062056 0.02510000 0.48336372
v 0.00021094 0.02510000 0.48326275
v -0.00021094 0.02510000 0.48326275
v -0.00062056 0.02510000 0.48336372
v -0.00099411 0.02510000 0.48355979
v -0.00130989 0.02510000 0.48383954
v -0.00154955 0.02510000 0.48418674
v -0.00169915 0.02510000 0.48458120
v -0.00175000 0.02510000 0.48500001
v -0.00169915 0.02510000 0.48541880
v -0.00154955 0.02510000 0.48581326
v -0.00130989 0.02510000 0.48616046
v -0.00099411 0.02510000 0.48644021
v -0.00062056 0.02510000 0.48663628
v -0.00021094 0.02510000 0.48673725
v 0.00021094 0.02510000 0.48673725
v 0.00062056 0.02510000 0.48663628
v 0.00099411 0.02510000 0.48644021
v 0.00130989 0.02510000 0.48616046
v 0.00154955 0.02510000 0.48581326
v 0.00169915 0.02510000 0.48541880
v 0.00175000 -0.02510000 0.48500001
v 0.00169915 -0.02510000 0.48541880
v 0.00154955 -0.02510000 0.48581326
v 0.00130989 -0.02510000 0.48616046
v 0.00099411 -0.02510000 0.48644021
v 0.00062056 -0.02510000 0.48663628
v 0.00021094 -0.02510000 0.48673725
v -0.00021094 -0.02510000 0.48673725
v -0.00062056 -0.02510000 0.48663628
v -0.00099411 -0.02510000 0.48644021
v -0.00130989 -0.02510000 0.48616046
v -0.00154955 -0.02510000 0.48581326
v -0.00169915 -0.02510000 0.48541880
v -0.00175000 -0.02510000 0.48500001
v -0.00169915 -0.02510000 0.48458120
v -0.00154955 -0.02510000 0.48418674
v -0.00130989 -0.02510000 0.48383954
v -0.00099411 -0.02510000 0.48355979
v -0.00062056 -0.02510000 0.48336372
v -0.00021094 -0.02510000 0.48326275
v 0.00021094 -0.02510000 0.48326275
v 0.00062056 -0.02510000 0.48336372
v 0.00099411 -0.02510000 0.48355979
v 0.00130989 -0.02510000 0.48383954
v 0.00154955 -0.02510000 0.48418674
v 0.00169915 -0.02510000 0.48458120
v 0.02510000 -0.02510000 0.47000000
v -0.02510000 -0.02510000 0.47000000
v -0.02510000 -0.02510000 0.41000000
v 0.02510000 -0.02510000 0.41000000
v -0.05950100 -0.04000000 0.41000000
v 0.05950100 -0.04000000 0.41000000
v 0.05950100 0.12000000 0.41000000
v -0.05950100 0.12000000 0.41000000
v -0.02510000 -0.02510000 0.41000000
v 0.02510000 -0.02510000 0.41000000
v -0.02510000 0.02510000 0.41000000
v 0.02510000 0.02510000 0.41000000
v -0.05950100 0.12000000 0.19000000
v 0.05950100 0.12000000 0.19000000
v 0.05950100 -0.04000000 0.19000000
v -0.05950100 -0.04000000 0.19000000
v 0.02510000 -0.02510000 0.19000000
v -0.02510000 -0.02510000 0.19000000
v 0.02510000 0.02510000 0.19000000
v -0.02510000 0.02510000 0.19000000
v -0.05950100 0.12000000 0.19000000
v -0.05950100 -0.04000000 0.19000000
v -0.05950100 -0.04000000 0.41000000
v -0.05950100 0.12000000 0.41000000
v 0.05950100 -0.04000000 0.19000000
v -0.05950100 -0.04000000 0.19000000
v 0.05950100 -0.04000000 0.41000000
v -0.05950100 -0.04000000 0.41000000
v -0.05950100 0.12000000 0.41000000
v 0.05950100 0.12000000 0.41000000
v 0.05950100 0.12000000 0.19000000
v -0.05950100 0.12000000 0.19000000
v 0.05950100 -0.04000000 0.19000000
v 0.05950100 0.12000000 0.19000000
v 0.05950100 0.12000000 0.41000000
v 0.05950100 -0.04000000 0.41000000
v -0.02510000 -0.02510000 0.19000000
v -0.02510000 0.02510000 0.19000000
v -0.02510000 0.02510000 0.06000000
v -0.02510000 0.02510000 0.00000000
v -0.02510000 0.01955378 0.00000000
v -0.02510000 0.01955378 0.06000000
v -0.02510000 -0.01955378 0.06000000
v -0.02510000 -0.01955378 0.00000000
v -0.02510000 -0.02510000 0.00000000
v -0.02510000 -0.02510000 0.06000000
v -0.02510000 0.02510000 0.19000000
v 0.02510000 0.02510000 0.19000000
v 0.02510000 0.02510000 0.06000000
v 0.02510000 0.02510000 0.00000000
v 0.01955378 0.02510000 0.00000000
v 0.01955378 0.02510000 0.06000000
v -0.01955378 0.02510000 0.06000000
v -0.01955378 0.02510000 0.00000000
v -0.02510000 0.02510000 0.00000000
v -0.02510000 0.02510000 0.06000000
v -0.02510000 0.02510000 0.47000000
v 0.02510000 0.02510000 0.47000000
v 0.02510000 0.02510000 0.41000000
v -0.02510000 0.02510000 0.41000000
v 0.02510000 0.02510000 0.19000000
v 0.02510000 -0.02510000 0.19000000
v 0.02510000 -0.02510000 0.06000000
v 0.02510000 -0.02510000 0.00000000
v 0.02510000 -0.01955378 0.00000000
v 0.02510000 -0.01955378 0.06000000
v 0.02510000 0.01955378 0.06000000
v 0.02510000 0.01955378 0.00000000
v 0.02510000 0.02510000 0.00000000
v 0.02510000 0.02510000 0.06000000
v 0.02510000 -0.02510000 0.19000000
v -0.02510000 -0.02510000 0.19000000
v -0.02510000 -0.02510000 0.06000000
v -0.02510000 -0.02510000 0.00000000
v -0.01955378 -0.02510000 0.00000000
v -0.01955378 -0.02510000 0.06000000
v 0.01955378 -0.02510000 0.06000000
v 0.01955378 -0.02510000 0.00000000
v 0.02510000 -0.02510000 0.00000000
v 0.02510000 -0.02510000 0.06000000
v 0.03500000 -0.04500000 0.06000000
v 0.03500000 0.04500000 0.06000000
v -0.03500000 -0.04500000 0.06000000
v -0.03500000 0.04500000 0.06000000
v 0.02278669 -0.02563700 0.06000000
v 0.02173091 -0.02533987 0.06000000
v 0.02064893 -0.02516015 0.06000000
v 0.01955378 -0.02510000 0.06000000
v 0.02510000 -0.02510000 0.06000000
v 0.02470976 -0.02541168 0.06000000
v 0.02426026 -0.02562938 0.06000000
v 0.02377376 -0.02574231 0.06000000
v 0.02327433 -0.02574489 0.06000000
v 0.02563700 -0.02278669 0.06000000
v 0.02574489 -0.02327433 0.06000000
v 0.02574231 -0.02377376 0.06000000
v 0.02562938 -0.02426026 0.06000000
v 0.02541168 -0.02470976 0.06000000
v 0.02510000 -0.01955378 0.06000000
v 0.02516015 -0.02064893 0.06000000
v 0.02533987 -0.02173091 0.06000000
v 0.02510000 0.01955378 0.06000000
v 0.02563700 0.02278669 0.06000000
v 0.02533987 0.02173091 0.06000000
v 0.02516015 0.02064893 0.06000000
v 0.02510000 0.02510000 0.06000000
v 0.02541168 0.02470976 0.06000000
v 0.02562938 0.02426026 0.06000000
v 0.02574231 0.02377376 0.06000000
v 0.02574489 0.02327433 0.06000000
v 0.02278669 0.02563700 0.06000000
v 0.02327433 0.02574489 0.06000000
v 0.02377376 0.02574231 0.06000000
v 0.02426026 0.02562938 0.06000000
v 0.02470976 0.02541168 0.06000000
v 0.01955378 0.02510000 0.06000000
v 0.02064893 0.02516015 0.06000000
v 0.02173091 0.02533987 0.06000000
v -0.01955378 0.02510000 0.06000000
v -0.02278669 0.02563700 0.06000000
v -0.02173091 0.02533987 0.06000000
v -0.02064893 0.02516015 0.06000000
v -0.02510000 0.02510000 0.06000000
v -0.02470976 0.02541168 0.06000000
v -0.02426026 0.02562938 0.06000000
v -0.02377376 0.02574231 0.06000000
v -0.02327433 0.02574489 0.06000000
v -0.02563700 0.02278669 0.06000000
v -0.02574489 0.02327433 0.06000000
v -0.02574231 0.02377376 0.06000000
v -0.02562938 0.02426026 0.06000000
v -0.02541168 0.02470976 0.06000000
v -0.02510000 0.01955378 0.06000000
v -0.02516015 0.02064893 0.06000000
v -0.02533987 0.02173091 0.06000000
v -0.02510000 -0.01955378 0.06000000
v -0.02563700 -0.02278669 0.06000000
v -0.02533987 -0.02173091 0.06000000
v -0.02516015 -0.02064893 0.06000000
v -0.02510000 -0.02510000 0.06000000
v -0.02541168 -0.02470976 0.06000000
v -0.02562938 -0.02426026 0.06000000
v -0.02574231 -0.02377376 0.06000000
v -0.02574489 -0.02327433 0.06000000
v -0.02278669 -0.02563700 0.06000000
v -0.02327433 -0.02574489 0.06000000
v -0.02377376 -0.02574231 0.06000000
v -0.02426026 -0.02562938 0.06000000
v -0.02470976 -0.02541168 0.06000000
v -0.01955378 -0.02510000 0.06000000
v -0.02064893 -0.02516015 0.06000000
v -0.02173091 -0.02533987 0.06000000
v 0.01955378 -0.02510000 0.00000000
v 0.02064893 -0.02516015 0.00000000
v 0.02173091 -0.02533987 0.00000000
v 0.02278669 -0.02563700 0.00000000
v 0.01955378 -0.02510000 0.06000000
v 0.02278669 -0.02563700 0.06000000
v 0.02173091 -0.02533987 0.06000000
v 0.02064893 -0.02516015 0.06000000
v 0.02510000 -0.02510000 0.00000000
v 0.02510000 -0.02510000 0.06000000
v 0.02470976 -0.02541168 0.06000000
v 0.02426026 -0.02562938 0.06000000
v 0.02377376 -0.02574231 0.06000000
v 0.02327433 -0.02574489 0.06000000
v 0.02278669 -0.02563700 0.06000000
v 0.02278669 -0.02563700 0.00000000
v 0.02327433 -0.02574489 0.00000000
v 0.02377376 -0.02574231 0.00000000
v 0.02426026 -0.02562938 0.00000000
v 0.02470976 -0.02541168 0.00000000
v 0.02563700 -0.02278669 0.00000000
v 0.02563700 -0.02278669 0.06000000
v 0.02574489 -0.02327433 0.06000000
v 0.02574231 -0.02377376 0.06000000
v 0.02562938 -0.02426026 0.06000000
v 0.02541168 -0.02470976 0.06000000
v 0.02510000 -0.02510000 0.06000000
v 0.02510000 -0.02510000 0.00000000
v 0.02541168 -0.02470976 0.00000000
v 0.02562938 -0.02426026 0.00000000
v 0.02574231 -0.02377376 0.00000000
v 0.02574489 -0.02327433 0.00000000
v 0.02563700 -0.02278669 0.00000000
v 0.02533987 -0.02173091 0.00000000
v 0.02516015 -0.02064893 0.00000000
v 0.02510000 -0.01955378 0.00000000
v 0.02563700 -0.02278669 0.06000000
v 0.02510000 -0.01955378 0.06000000
v 0.02516015 -0.02064893 0.06000000
v 0.02533987 -0.02173091 0.06000000
v 0.02510000 0.01955378 0.00000000
v 0.02516015 0.02064893 0.00000000
v 0.02533987 0.02173091 0.00000000
v 0.02563700 0.02278669 0.00000000
v 0.02510000 0.01955378 0.06000000
v 0.02563700 0.02278669 0.06000000
v 0.02533987 0.02173091 0.06000000
v 0.02516015 0.02064893 0.06000000
v 0.02510000 0.02510000 0.00000000
v 0.02510000 0.02510000 0.06000000
v 0.02541168 0.02470976 0.06000000
v 0.02562938 0.02426026 0.06000000
v 0.02574231 0.02377376 0.06000000
v 0.02574489 0.02327433 0.06000000
v 0.02563700 0.02278669 0.06000000
v 0.02563700 0.02278669 0.00000000
v 0.02574489 0.02327433 0.00000000
v 0.02574231 0.02377376 0.00000000
v 0.02562938 0.02426026 0.00000000
v 0.02541168 0.02470976 0.00000000
v 0.02278669 0.02563700 0.00000000
v 0.02278669 0.02563700 0.06000000
v 0.02327433 0.02574489 0.06000000
v 0.02377376 0.02574231 0.06000000
v 0.02426026 0.02562938 0.06000000
v 0.02470976 0.02541168 0.06000000
v 0.02510000 0.02510000 0.06000000
v 0.02510000 0.02510000 0.00000000
v 0.02470976 0.02541168 0.00000000
v 0.02426026 0.02562938 0.00000000
v 0.02377376 0.02574231 0.00000000
v 0.02327433 0.02574489 0.00000000
v 0.02278669 0.02563700 0.00000000
v 0.02173091 0.02533987 0.00000000
v 0.02064893 0.02516015 0.00000000
v 0.01955378 0.02510000 0.00000000
v 0.02278669 0.02563700 0.06000000
v 0.01955378 0.02510000 0.06000000
v 0.02064893 0.02516015 0.06000000
v 0.02173091 0.02533987 0.06000000
v -0.01955378 0.02510000 0.00000000
v -0.02064893 0.02516015 0.00000000
v -0.02173091 0.02533987 0.00000000
v -0.02278669 0.02563700 0.00000000
v -0.01955378 0.02510000 0.06000000
v -0.02278669 0.02563700 0.06000000
v -0.02173091 0.02533987 0.06000000
v -0.02064893 0.02516015 0.06000000
v -0.02510000 0.02510000 0.00000000
v -0.02510000 0.02510000 0.06000000
v -0.02470976 0.02541168 0.06000000
v -0.02426026 0.02562938 0.06000000
v -0.02377376 0.02574231 0.06000000
v -0.02327433 0.02574489 0.06000000
v -0.02278669 0.02563700 0.06000000
v -0.02278669 0.02563700 0.00000000
v -0.02327433 0.02574489 0.00000000
v -0.02377376 0.02574231 0.00000000
v -0.02426026 0.02562938 0.00000000
v -0.02470976 0.02541168 0.00000000
v -0.02563700 0.02278669 0.00000000
v -0.02563700 0.02278669 0.06000000
v -0.02574489 0.02327433 0.06000000
v -0.02574231 0.02377376 0.06000000
v -0.02562938 0.02426026 0.06000000
v -0.02541168 0.02470976 0.06000000
v -0.02510000 0.02510000 0.06000000
v -0.02510000 0.02510000 0.00000000
v -0.02541168 0.02470976 0.00000000
v -0.02562938 0.02426026 0.00000000
v -0.02574231 0.02377376 0.00000000
v -0.02574489 0.02327433 0.00000000
v -0.02563700 0.02278669 0.00000000
v -0.02533987 0.02173091 0.00000000
v -0.02516015 0.02064893 0.00000000
v -0.02510000 0.01955378 0.00000000
v -0.02563700 0.02278669 0.06000000
v -0.02510000 0.01955378 0.06000000
v -0.02516015 0.02064893 0.06000000
v -0.02533987 0.02173091 0.06000000
v -0.02278669 -0.02563700 0.00000000
v -0.02278669 -0.02563700 0.06000000
v -0.02327433 -0.02574489 0.06000000
v -0.02377376 -0.02574231 0.06000000
v -0.02426026 -0.02562938 0.06000000
v -0.02470976 -0.02541168 0.06000000
v -0.02510000 -0.02510000 0.06000000
v -0.02510000 -0.02510000 0.00000000
v -0.02470976 -0.02541168 0.00000000
v -0.02426026 -0.02562938 0.00000000
v -0.02377376 -0.02574231 0.00000000
v -0.02327433 -0.02574489 0.00000000
v -0.02278669 -0.02563700 0.00000000
v -0.02173091 -0.02533987 0.00000000
v -0.02064893 -0.02516015 0.00000000
v -0.01955378 -0.02510000 0.00000000
v -0.02278669 -0.02563700 0.06000000
v -0.01955378 -0.02510000 0.06000000
v -0.02064893 -0.02516015 0.06000000
v -0.02173091 -0.02533987 0.06000000
v -0.02510000 -0.01955378 0.00000000
v -0.02516015 -0.02064893 0.00000000
v -0.02533987 -0.02173091 0.00000000
v -0.02563700 -0.02278669 0.00000000
v -0.02510000 -0.01955378 0.06000000
v -0.02563700 -0.02278669 0.06000000
v -0.02533987 -0.02173091 0.06000000
v -0.02516015 -0.02064893 0.06000000
v -0.02510000 -0.02510000 0.00000000
v -0.02510000 -0.02510000 0.06000000
v -0.02541168 -0.02470976 0.06000000
v -0.02562938 -0.02426026 0.06000000
v -0.02574231 -0.02377376 0.06000000
v -0.02574489 -0.02327433 0.06000000
v -0.02563700 -0.02278669 0.06000000
v -0.02563700 -0.02278669 0.00000000
v -0.02574489 -0.02327433 0.00000000
v -0.02574231 -0.02377376 0.00000000
v -0.02562938 -0.02426026 0.00000000
v -0.02541168 -0.02470976 0.00000000
v 0.03500000 -0.04500000 0.00000000
v 0.03500000 0.04500000 0.00000000
v 0.03500000 0.04500000 0.06000000
v 0.03500000 -0.04500000 0.06000000
v -0.03500000 -0.04500000 0.00000000
v 0.03500000 -0.04500000 0.00000000
v 0.03500000 -0.04500000 0.06000000
v -0.03500000 -0.04500000 0.06000000
v -0.03500000 0.04500000 0.00000000
v -0.03500000 -0.04500000 0.00000000
v -0.03500000 -0.04500000 0.06000000
v -0.03500000 0.04500000 0.06000000
v 0.03500000 0.04500000 0.00000000
v -0.03500000 0.04500000 0.00000000
v -0.03500000 0.04500000 0.06000000
v 0.03500000 0.04500000 0.06000000
v 0.03500000 0.04500000 0.00000000
v -0.03500000 0.04500000 0.00000000
v 0.03500000 -0.04500000 0.00000000
v -0.03500000 -0.04500000 0.00000000
v 0.02278669 -0.02563700 0.00000000
v 0.02327433 -0.02574489 0.00000000
v 0.02377376 -0.02574231 0.00000000
v 0.02426026 -0.02562938 0.00000000
v 0.02470976 -0.02541168 0.00000000
v 0.02510000 -0.02510000 0.00000000
v 0.01955378 -0.02510000 0.00000000
v 0.02064893 -0.02516015 0.00000000
v 0.02173091 -0.02533987 0.00000000
v 0.02541168 -0.02470976 0.00000000
v 0.02562938 -0.02426026 0.00000000
v 0.02574231 -0.02377376 0.00000000
v 0.02574489 -0.02327433 0.00000000
v 0.02563700 -0.02278669 0.00000000
v 0.02533987 -0.02173091 0.00000000
v 0.02516015 -0.02064893 0.00000000
v 0.02510000 -0.01955378 0.00000000
v 0.02563700 0.02278669 0.00000000
v 0.02574489 0.02327433 0.00000000
v 0.02574231 0.02377376 0.00000000
v 0.02562938 0.02426026 0.00000000
v 0.02541168 0.02470976 0.00000000
v 0.02510000 0.02510000 0.00000000
v 0.02510000 0.01955378 0.00000000
v 0.02516015 0.02064893 0.00000000
v 0.02533987 0.02173091 0.00000000
v 0.02470976 0.02541168 0.00000000
v 0.02426026 0.02562938 0.00000000
v 0.02377376 0.02574231 0.00000000
v 0.02327433 0.02574489 0.00000000
v 0.02278669 0.02563700 0.00000000
v 0.02173091 0.02533987 0.00000000
v 0.02064893 0.02516015 0.00000000
v 0.01955378 0.02510000 0.00000000
v -0.01955378 -0.02510000 0.00000000
v -0.02510000 -0.02510000 0.00000000
v -0.02470976 -0.02541168 0.00000000
v -0.02426026 -0.02562938 0.00000000
v -0.02377376 -0.02574231 0.00000000
v -0.02327433 -0.02574489 0.00000000
v -0.02278669 -0.02563700 0.00000000
v -0.02173091 -0.02533987 0.00000000
v -0.02064893 -0.02516015 0.00000000
v -0.02510000 -0.01955378 0.00000000
v -0.02516015 -0.02064893 0.00000000
v -0.02533987 -0.02173091 0.00000000
v -0.02563700 -0.02278669 0.00000000
v -0.02574489 -0.02327433 0.00000000
v -0.02574231 -0.02377376 0.00000000
v -0.02562938 -0.02426026 0.00000000
v -0.02541168 -0.02470976 0.00000000
v -0.02510000 0.01955378 0.00000000
v -0.02510000 0.02510000 0.00000000
v -0.02541168 0.02470976 0.00000000
v -0.02562938 0.02426026 0.00000000
v -0.02574231 0.02377376 0.00000000
v -0.02574489 0.02327433 0.00000000
v -0.02563700 0.02278669 0.00000000
v -0.02533987 0.02173091 0.00000000
v -0.02516015 0.02064893 0.00000000
v -0.01955378 0.02510000 0.00000000
v -0.02064893 0.02516015 0.00000000
v -0.02173091 0.02533987 0.00000000
v -0.02278669 0.02563700 0.00000000
v -0.02327433 0.02574489 0.00000000
v -0.02377376 0.02574231 0.00000000
v -0.02426026 0.02562938 0.00000000
v -0.02470976 0.02541168 0.00000000
v 0.03242735 0.02823305 0.59200001
v 0.03242735 0.02823305 0.61199999
v 0.03222901 0.02929184 0.59200001
v 0.03178477 0.03027289 0.59200001
v 0.03112004 0.03112004 0.59200001
v 0.03112004 0.03112004 0.61199999
v 0.03178477 0.03027289 0.61199999
v 0.03222901 0.02929184 0.61199999
v -0.03242735 -0.02823305 0.59200001
v -0.03242735 -0.02823305 0.61199999
v -0.03222901 -0.02929184 0.59200001
v -0.03178477 -0.03027289 0.59200001
v -0.03112004 -0.03112004 0.59200001
v -0.03112004 -0.03112004 0.61199999
v -0.03178477 -0.03027289 0.61199999
v -0.03222901 -0.02929184 0.61199999
v -0.02823305 0.03242735 0.59200001
v -0.02823305 0.03242735 0.61199999
v -0.02929184 0.03222901 0.59200001
v -0.03027289 0.03178477 0.59200001
v -0.03112004 0.03112004 0.59200001
v -0.03112004 0.03112004 0.61199999
v -0.03027289 0.03178477 0.61199999
v -0.02929184 0.03222901 0.61199999
v 0.02823305 -0.03242735 0.59200001
v 0.02823305 -0.03242735 0.61199999
v 0.02929184 -0.03222901 0.59200001
v 0.03027289 -0.03178477 0.59200001
v 0.03112004 -0.03112004 0.59200001
v 0.03112004 -0.03112004 0.61199999
v 0.03027289 -0.03178477 0.61199999
v 0.02929184 -0.03222901 0.61199999
v -0.03289692 0.03678601 0.63000000
v -0.03338980 0.03717709 0.63000000
v -0.03395867 0.03744592 0.63000000
v -0.03457374 0.03757840 0.63000000
v -0.03520284 0.03756762 0.63000000
v -0.03581301 0.03741413 0.63000000
v -0.03637233 0.03712597 0.63000000
v -0.03436851 0.03755049 0.63294822
v -0.03514381 0.03757497 0.63151890
v -0.03580729 0.03741594 0.63055116
v -0.03608247 0.03729544 0.63024372
v -0.03213244 0.03531442 0.63939452
v -0.03257061 0.03639190 0.63732600
v -0.03337894 0.03717279 0.63505185
v -0.03531442 0.03213244 0.63939452
v -0.03460933 0.03210120 0.64028168
v -0.03401236 0.03221970 0.64083838
v -0.03373937 0.03232198 0.64103359
v -0.03346364 0.03246156 0.64118791
v -0.03316169 0.03266415 0.64129984
v -0.03290120 0.03289266 0.64133573
v -0.03267141 0.03315232 0.64130217
v -0.03248076 0.03343098 0.64120311
v -0.03233143 0.03371799 0.64104718
v -0.03222275 0.03400276 0.64084589
v -0.03213358 0.03436250 0.64053303
v -0.03209127 0.03486086 0.63999468
v -0.03755049 0.03436851 0.63294822
v -0.03714755 0.03334385 0.63513601
v -0.03637024 0.03255532 0.63737893
v -0.03712597 0.03637233 0.63000000
v -0.03730237 0.03606862 0.63025755
v -0.03747876 0.03561962 0.63079578
v -0.03757602 0.03513429 0.63153470
v -0.03742225 0.03579121 0.63000000
v -0.03757334 0.03515666 0.63000000
v -0.03757073 0.03450438 0.63000000
v -0.03741456 0.03387105 0.63000000
v -0.03711362 0.03329233 0.63000000
v -0.03668484 0.03280077 0.63000000
v -0.03615236 0.03242402 0.63000000
v -0.03554612 0.03218328 0.63000000
v -0.03490023 0.03209209 0.63000000
v -0.03425104 0.03215560 0.63000000
v -0.03363506 0.03237021 0.63000000
v -0.03308696 0.03272387 0.63000000
v -0.03263758 0.03319666 0.63000000
v -0.03231219 0.03376200 0.63000000
v -0.03212910 0.03438807 0.63000000
v -0.03209862 0.03503965 0.63000000
v -0.03222245 0.03568008 0.63000000
v -0.03249364 0.03627332 0.63000000
v -0.03363938 0.03604355 0.62936908
v -0.03289692 0.03678601 0.63000000
v -0.03363938 0.03604355 0.62936908
v -0.03289692 0.03678601 0.63000000
v -0.03712597 0.03637233 0.63000000
v -0.03742225 0.03579121 0.63000000
v -0.03757334 0.03515666 0.63000000
v -0.03757073 0.03450438 0.63000000
v -0.03741456 0.03387105 0.63000000
v -0.03711362 0.03329233 0.63000000
v -0.03668484 0.03280077 0.63000000
v -0.03615236 0.03242402 0.63000000
v -0.03554612 0.03218328 0.63000000
v -0.03490023 0.03209209 0.63000000
v -0.03425104 0.03215560 0.63000000
v -0.03363506 0.03237021 0.63000000
v -0.03308696 0.03272387 0.63000000
v -0.03263758 0.03319666 0.63000000
v -0.03231219 0.03376200 0.63000000
v -0.03212910 0.03438807 0.63000000
v -0.03209862 0.03503965 0.63000000
v -0.03222245 0.03568008 0.63000000
v -0.03249364 0.03627332 0.63000000
v -0.03637233 0.03712597 0.63000000
v -0.03338980 0.03717709 0.63000000
v -0.03395867 0.03744592 0.63000000
v -0.03457374 0.03757840 0.63000000
v -0.03520284 0.03756762 0.63000000
v -0.03581301 0.03741413 0.63000000
v -0.03396199 0.03629629 0.62936908
v -0.03433571 0.03646449 0.62936908
v -0.03473882 0.03653836 0.62936908
v -0.03514790 0.03651362 0.62936908
v -0.03553917 0.03639169 0.62936908
v -0.03588989 0.03617968 0.62936908
v -0.03617968 0.03588989 0.62936908
v -0.03639169 0.03553917 0.62936908
v -0.03651362 0.03514790 0.62936908
v -0.03653836 0.03473882 0.62936908
v -0.03646449 0.03433571 0.62936908
v -0.03629629 0.03396199 0.62936908
v -0.03604355 0.03363938 0.62936908
v -0.03572094 0.03338664 0.62936908
v -0.03534722 0.03321844 0.62936908
v -0.03494411 0.03314457 0.62936908
v -0.03453503 0.03316931 0.62936908
v -0.03414376 0.03329124 0.62936908
v -0.03379304 0.03350325 0.62936908
v -0.03350325 0.03379304 0.62936908
v -0.03329124 0.03414376 0.62936908
v -0.03316931 0.03453503 0.62936908
v -0.03314457 0.03494411 0.62936908
v -0.03321844 0.03534722 0.62936908
v -0.03338664 0.03572094 0.62936908
v 0.03755049 0.03436851 0.63294822
v 0.03757497 0.03514381 0.63151890
v 0.03741594 0.03580729 0.63055116
v 0.03729544 0.03608247 0.63024372
v 0.03712597 0.03637233 0.63000000
v 0.03531442 0.03213244 0.63939452
v 0.03639190 0.03257061 0.63732600
v 0.03717279 0.03337894 0.63505185
v 0.03213244 0.03531442 0.63939452
v 0.03210120 0.03460933 0.64028168
v 0.03221970 0.03401236 0.64083838
v 0.03232198 0.03373937 0.64103359
v 0.03246156 0.03346364 0.64118791
v 0.03266415 0.03316169 0.64129984
v 0.03289266 0.03290120 0.64133573
v 0.03315232 0.03267141 0.64130217
v 0.03343098 0.03248076 0.64120311
v 0.03371799 0.03233143 0.64104718
v 0.03400276 0.03222275 0.64084589
v 0.03436250 0.03213358 0.64053303
v 0.03486086 0.03209127 0.63999468
v 0.03436851 0.03755049 0.63294822
v 0.03334385 0.03714755 0.63513601
v 0.03255532 0.03637024 0.63737893
v 0.03637233 0.03712597 0.63000000
v 0.03606862 0.03730237 0.63025755
v 0.03561984 0.03747870 0.63079548
v 0.03513429 0.03757602 0.63153470
v 0.03577108 0.03742958 0.63000000
v 0.03511405 0.03757792 0.63000000
v 0.03444068 0.03756210 0.63000000
v 0.03379134 0.03738307 0.63000000
v 0.03320501 0.03705156 0.63000000
v 0.03271685 0.03658747 0.63000000
v 0.03235615 0.03601862 0.63000000
v 0.03214455 0.03537916 0.63000000
v 0.03209473 0.03470745 0.63000000
v 0.03220970 0.03404377 0.63000000
v 0.03248255 0.03342795 0.63000000
v 0.03289692 0.03289692 0.63000000
v 0.03342795 0.03248255 0.63000000
v 0.03404377 0.03220970 0.63000000
v 0.03470745 0.03209473 0.63000000
v 0.03537916 0.03214455 0.63000000
v 0.03601862 0.03235615 0.63000000
v 0.03658747 0.03271685 0.63000000
v 0.03705156 0.03320501 0.63000000
v 0.03738307 0.03379134 0.63000000
v 0.03756210 0.03444068 0.63000000
v 0.03757792 0.03511405 0.63000000
v 0.03742958 0.03577108 0.63000000
v 0.03604355 0.03604355 0.62936908
v 0.03675549 0.03675549 0.62997407
v 0.03604355 0.03604355 0.62936908
v 0.03675549 0.03675549 0.62997407
v 0.03712597 0.03637233 0.63000000
v 0.03637233 0.03712597 0.63000000
v 0.03577108 0.03742958 0.63000000
v 0.03511405 0.03757792 0.63000000
v 0.03444068 0.03756210 0.63000000
v 0.03379134 0.03738307 0.63000000
v 0.03320501 0.03705156 0.63000000
v 0.03271685 0.03658747 0.63000000
v 0.03235615 0.03601862 0.63000000
v 0.03214455 0.03537916 0.63000000
v 0.03209473 0.03470745 0.63000000
v 0.03220970 0.03404377 0.63000000
v 0.03248255 0.03342795 0.63000000
v 0.03289692 0.03289692 0.63000000
v 0.03342795 0.03248255 0.63000000
v 0.03404377 0.03220970 0.63000000
v 0.03470745 0.03209473 0.63000000
v 0.03537916 0.03214455 0.63000000
v 0.03601862 0.03235615 0.63000000
v 0.03658747 0.03271685 0.63000000
v 0.03705156 0.03320501 0.63000000
v 0.03738307 0.03379134 0.63000000
v 0.03756210 0.03444068 0.63000000
v 0.03757792 0.03511405 0.63000000
v 0.03742958 0.03577108 0.63000000
v 0.03572094 0.03629629 0.62936908
v 0.03534722 0.03646449 0.62936908
v 0.03494411 0.03653836 0.62936908
v 0.03453503 0.03651362 0.62936908
v 0.03414376 0.03639169 0.62936908
v 0.03379304 0.03617968 0.62936908
v 0.03350325 0.03588989 0.62936908
v 0.03329124 0.03553917 0.62936908
v 0.03316931 0.03514790 0.62936908
v 0.03314457 0.03473882 0.62936908
v 0.03321844 0.03433571 0.62936908
v 0.03338664 0.03396199 0.62936908
v 0.03363938 0.03363938 0.62936908
v 0.03396199 0.03338664 0.62936908
v 0.03433571 0.03321844 0.62936908
v 0.03473882 0.03314457 0.62936908
v 0.03514790 0.03316931 0.62936908
v 0.03553917 0.03329124 0.62936908
v 0.03588989 0.03350325 0.62936908
v 0.03617968 0.03379304 0.62936908
v 0.03639169 0.03414376 0.62936908
v 0.03651362 0.03453503 0.62936908
v 0.03653836 0.03494411 0.62936908
v 0.03646449 0.03534722 0.62936908
v 0.03629629 0.03572094 0.62936908
v 0.03678601 -0.03289692 0.63000000
v 0.03627332 -0.03249364 0.63000000
v 0.03568007 -0.03222245 0.63000000
v 0.03503965 -0.03209862 0.63000000
v 0.03438807 -0.03212910 0.63000000
v 0.03376200 -0.03231219 0.63000000
v 0.03319666 -0.03263758 0.63000000
v 0.03272387 -0.03308696 0.63000000
v 0.03237021 -0.03363506 0.63000000
v 0.03215560 -0.03425104 0.63000000
v 0.03209209 -0.03490023 0.63000000
v 0.03218328 -0.03554612 0.63000000
v 0.03242402 -0.03615236 0.63000000
v 0.03280077 -0.03668484 0.63000000
v 0.03329233 -0.03711362 0.63000000
v 0.03387105 -0.03741456 0.63000000
v 0.03450438 -0.03757073 0.63000000
v 0.03515666 -0.03757334 0.63000000
v 0.03579121 -0.03742225 0.63000000
v 0.03637233 -0.03712597 0.63000000
v 0.03436851 -0.03755049 0.63294822
v 0.03514381 -0.03757497 0.63151890
v 0.03580729 -0.03741594 0.63055116
v 0.03608247 -0.03729544 0.63024372
v 0.03213244 -0.03531442 0.63939452
v 0.03257061 -0.03639190 0.63732600
v 0.03337894 -0.03717279 0.63505185
v 0.03531442 -0.03213244 0.63939452
v 0.03460933 -0.03210120 0.64028168
v 0.03401236 -0.03221970 0.64083838
v 0.03373937 -0.03232198 0.64103359
v 0.03346364 -0.03246156 0.64118791
v 0.03316169 -0.03266415 0.64129984
v 0.03290120 -0.03289266 0.64133573
v 0.03267141 -0.03315232 0.64130217
v 0.03248076 -0.03343098 0.64120311
v 0.03233143 -0.03371799 0.64104718
v 0.03222275 -0.03400276 0.64084589
v 0.03213358 -0.03436250 0.64053303
v 0.03209127 -0.03486086 0.63999468
v 0.03755049 -0.03436851 0.63294822
v 0.03714755 -0.03334385 0.63513601
v 0.03637024 -0.03255532 0.63737893
v 0.03712597 -0.03637233 0.63000000
v 0.03730237 -0.03606862 0.63025755
v 0.03747870 -0.03561984 0.63079548
v 0.03757602 -0.03513429 0.63153470
v 0.03741413 -0.03581301 0.63000000
v 0.03756762 -0.03520284 0.63000000
v 0.03757840 -0.03457374 0.63000000
v 0.03744592 -0.03395867 0.63000000
v 0.03717709 -0.03338980 0.63000000
v 0.03604355 -0.03363938 0.62936908
v 0.03678601 -0.03289692 0.63000000
v 0.03604355 -0.03363938 0.62936908
v 0.03678601 -0.03289692 0.63000000
v 0.03712597 -0.03637233 0.63000000
v 0.03741413 -0.03581301 0.63000000
v 0.03756762 -0.03520284 0.63000000
v 0.03757840 -0.03457374 0.63000000
v 0.03744592 -0.03395867 0.63000000
v 0.03717709 -0.03338980 0.63000000
v 0.03637233 -0.03712597 0.63000000
v 0.03627332 -0.03249364 0.63000000
v 0.03568007 -0.03222245 0.63000000
v 0.03503965 -0.03209862 0.63000000
v 0.03438807 -0.03212910 0.63000000
v 0.03376200 -0.03231219 0.63000000
v 0.03319666 -0.03263758 0.63000000
v 0.03272387 -0.03308696 0.63000000
v 0.03237021 -0.03363506 0.63000000
v 0.03215560 -0.03425104 0.63000000
v 0.03209209 -0.03490023 0.63000000
v 0.03218328 -0.03554612 0.63000000
v 0.03242402 -0.03615236 0.63000000
v 0.03280077 -0.03668484 0.63000000
v 0.03329233 -0.03711362 0.63000000
v 0.03387105 -0.03741456 0.63000000
v 0.03450438 -0.03757073 0.63000000
v 0.03515666 -0.03757334 0.63000000
v 0.03579121 -0.03742225 0.63000000
v 0.03572094 -0.03338664 0.62936908
v 0.03534722 -0.03321844 0.62936908
v 0.03494411 -0.03314457 0.62936908
v 0.03453503 -0.03316931 0.62936908
v 0.03414376 -0.03329124 0.62936908
v 0.03379304 -0.03350325 0.62936908
v 0.03350325 -0.03379304 0.62936908
v 0.03329124 -0.03414376 0.62936908
v 0.03316931 -0.03453503 0.62936908
v 0.03314457 -0.03494411 0.62936908
v 0.03321844 -0.03534722 0.62936908
v 0.03338664 -0.03572094 0.62936908
v 0.03363938 -0.03604355 0.62936908
v 0.03396199 -0.03629629 0.62936908
v 0.03433571 -0.03646449 0.62936908
v 0.03473882 -0.03653836 0.62936908
v 0.03514790 -0.03651362 0.62936908
v 0.03553917 -0.03639169 0.62936908
v 0.03588989 -0.03617968 0.62936908
v 0.03617968 -0.03588989 0.62936908
v 0.03639169 -0.03553917 0.62936908
v 0.03651362 -0.03514790 0.62936908
v 0.03653836 -0.03473882 0.62936908
v 0.03646449 -0.03433571 0.62936908
v 0.03629629 -0.03396199 0.62936908
v -0.03363938 -0.03363938 0.62936908
v -0.03289692 -0.03289692 0.63000000
v -0.03363938 -0.03363938 0.62936908
v -0.03289692 -0.03289692 0.63000000
v -0.03637233 -0.03712597 0.63000000
v -0.03577108 -0.03742958 0.63000000
v -0.03511405 -0.03757792 0.63000000
v -0.03444068 -0.03756210 0.63000000
v -0.03379134 -0.03738307 0.63000000
v -0.03320501 -0.03705156 0.63000000
v -0.03271685 -0.03658747 0.63000000
v -0.03235615 -0.03601862 0.63000000
v -0.03214455 -0.03537916 0.63000000
v -0.03209473 -0.03470745 0.63000000
v -0.03220970 -0.03404377 0.63000000
v -0.03248255 -0.03342795 0.63000000
v -0.03712597 -0.03637233 0.63000000
v -0.03342795 -0.03248255 0.63000000
v -0.03404377 -0.03220970 0.63000000
v -0.03470745 -0.03209473 0.63000000
v -0.03537916 -0.03214455 0.63000000
v -0.03601862 -0.03235615 0.63000000
v -0.03658747 -0.03271685 0.63000000
v -0.03705156 -0.03320501 0.63000000
v -0.03738307 -0.03379134 0.63000000
v -0.03756210 -0.03444068 0.63000000
v -0.03757792 -0.03511405 0.63000000
v -0.03742958 -0.03577108 0.63000000
v -0.03396199 -0.03338664 0.62936908
v -0.03433571 -0.03321844 0.62936908
v -0.03473882 -0.03314457 0.62936908
v -0.03514790 -0.03316931 0.62936908
v -0.03553917 -0.03329124 0.62936908
v -0.03588989 -0.03350325 0.62936908
v -0.03617968 -0.03379304 0.62936908
v -0.03639169 -0.03414376 0.62936908
v -0.03651362 -0.03453503 0.62936908
v -0.03653836 -0.03494411 0.62936908
v -0.03646449 -0.03534722 0.62936908
v -0.03629629 -0.03572094 0.62936908
v -0.03604355 -0.03604355 0.62936908
v -0.03572094 -0.03629629 0.62936908
v -0.03534722 -0.03646449 0.62936908
v -0.03494411 -0.03653836 0.62936908
v -0.03453503 -0.03651362 0.62936908
v -0.03414376 -0.03639169 0.62936908
v -0.03379304 -0.03617968 0.62936908
v -0.03350325 -0.03588989 0.62936908
v -0.03329124 -0.03553917 0.62936908
v -0.03316931 -0.03514790 0.62936908
v -0.03314457 -0.03473882 0.62936908
v -0.03321844 -0.03433571 0.62936908
v -0.03338664 -0.03396199 0.62936908
v 0.02052444 0.02052444 0.67100000
v 0.01501622 0.02483986 0.67100000
v 0.00863531 0.02771167 0.67100000
v 0.00175254 0.02897299 0.67100000
v -0.00523207 0.02855049 0.67100000
v -0.01191262 0.02646875 0.67100000
v -0.01790085 0.02284874 0.67100000
v -0.02284874 0.01790085 0.67100000
v -0.02646875 0.01191262 0.67100000
v -0.02855049 0.00523207 0.67100000
v -0.02897299 -0.00175254 0.67100000
v -0.02771167 -0.00863531 0.67100000
v -0.02483986 -0.01501622 0.67100000
v -0.02052444 -0.02052444 0.67100000
v -0.01501622 -0.02483986 0.67100000
v -0.00863531 -0.02771167 0.67100000
v -0.00175254 -0.02897299 0.67100000
v 0.00523207 -0.02855049 0.67100000
v 0.01191262 -0.02646875 0.67100000
v 0.01790085 -0.02284874 0.67100000
v 0.02284874 -0.01790085 0.67100000
v 0.02646875 -0.01191262 0.67100000
v 0.02855049 -0.00523207 0.67100000
v 0.02897299 0.00175254 0.67100000
v 0.02771167 0.00863531 0.67100000
v 0.02483986 0.01501622 0.67100000
v 0.02052444 0.02052444 0.67100000
v 0.02065158 0.02065158 0.67097813
v 0.02077131 0.02077131 0.67091382
v 0.02087663 0.02087663 0.67081076
v 0.02096142 0.02096142 0.67067498
v 0.02102072 0.02102072 0.67051440
v 0.02105107 0.02105107 0.67033845
v 0.02105071 0.02105071 0.67015731
v 0.02101965 0.02101965 0.66998160
v 0.02095971 0.02095971 0.66982156
v 0.02065158 0.02065158 0.67097813
v 0.02077131 0.02077131 0.67091382
v 0.02087663 0.02087663 0.67081076
v 0.02096142 0.02096142 0.67067498
v 0.02102072 0.02102072 0.67051440
v 0.02105107 0.02105107 0.67033845
v 0.02105071 0.02105071 0.67015731
v 0.02101965 0.02101965 0.66998160
v 0.02095971 0.02095971 0.66982156
v 0.02536665 0.01533467 0.66982156
v 0.02829937 0.00881844 0.66982156
v 0.02958743 0.00178971 0.66982156
v 0.02915598 -0.00534303 0.66982156
v 0.02703009 -0.01216525 0.66982156
v 0.02333331 -0.01828048 0.66982156
v 0.01828048 -0.02333331 0.66982156
v 0.01216525 -0.02703009 0.66982156
v 0.00534303 -0.02915598 0.66982156
v -0.00178971 -0.02958743 0.66982156
v -0.00881844 -0.02829937 0.66982156
v -0.01533467 -0.02536665 0.66982156
v -0.02095971 -0.02095971 0.66982156
v -0.02536665 -0.01533467 0.66982156
v -0.02829937 -0.00881844 0.66982156
v -0.02958743 -0.00178971 0.66982156
v -0.02915598 0.00534303 0.66982156
v -0.02703009 0.01216525 0.66982156
v -0.02333331 0.01828048 0.66982156
v -0.01828048 0.02333331 0.66982156
v -0.01216525 0.02703009 0.66982156
v -0.00534303 0.02915598 0.66982156
v 0.00178971 0.02958743 0.66982156
v 0.00881844 0.02829937 0.66982156
v 0.01533467 0.02536665 0.66982156
v 0.01537853 0.02543919 0.66998160
v 0.01540125 0.02547678 0.67015731
v 0.01540151 0.02547721 0.67033845
v 0.01537931 0.02544048 0.67051440
v 0.01533592 0.02536871 0.67067498
v 0.01527389 0.02526610 0.67081076
v 0.01519683 0.02513863 0.67091382
v 0.01510924 0.02499373 0.67097813
v 0.00884366 0.02838030 0.66998160
v 0.00885672 0.02842223 0.67015731
v 0.00885688 0.02842272 0.67033845
v 0.00884411 0.02838173 0.67051440
v 0.00881916 0.02830167 0.67067498
v 0.00878348 0.02818719 0.67081076
v 0.00873917 0.02804499 0.67091382
v 0.00868880 0.02788334 0.67097813
v 0.00179483 0.02967204 0.66998160
v 0.00179748 0.02971588 0.67015731
v 0.00179751 0.02971639 0.67033845
v 0.00179492 0.02967354 0.67051440
v 0.00178986 0.02958984 0.67067498
v 0.00178262 0.02947015 0.67081076
v 0.00177362 0.02932147 0.67091382
v 0.00176340 0.02915246 0.67097813
v -0.00535831 0.02923936 0.66998160
v -0.00536623 0.02928256 0.67015731
v -0.00536632 0.02928306 0.67033845
v -0.00535858 0.02924084 0.67051440
v -0.00534347 0.02915835 0.67067498
v -0.00532185 0.02904041 0.67081076
v -0.00529500 0.02889390 0.67091382
v -0.00526448 0.02872735 0.67097813
v -0.01220004 0.02710739 0.66998160
v -0.01221807 0.02714744 0.67015731
v -0.01221828 0.02714790 0.67033845
v -0.01220066 0.02710876 0.67051440
v -0.01216624 0.02703229 0.67067498
v -0.01211703 0.02692295 0.67081076
v -0.01205590 0.02678712 0.67091382
v -0.01198641 0.02663272 0.67097813
v -0.01833276 0.02340003 0.66998160
v -0.01835984 0.02343461 0.67015731
v -0.01836016 0.02343501 0.67033845
v -0.01833368 0.02340122 0.67051440
v -0.01828196 0.02333521 0.67067498
v -0.01820802 0.02324082 0.67081076
v -0.01811616 0.02312356 0.67091382
v -0.01801174 0.02299028 0.67097813
v -0.02340003 0.01833276 0.66998160
v -0.02343461 0.01835984 0.67015731
v -0.02343501 0.01836016 0.67033845
v -0.02340122 0.01833368 0.67051440
v -0.02333521 0.01828197 0.67067498
v -0.02324082 0.01820802 0.67081076
v -0.02312356 0.01811616 0.67091382
v -0.02299028 0.01801174 0.67097813
v -0.02710739 0.01220004 0.66998160
v -0.02714744 0.01221807 0.67015731
v -0.02714790 0.01221828 0.67033845
v -0.02710876 0.01220066 0.67051440
v -0.02703229 0.01216624 0.67067498
v -0.02692295 0.01211703 0.67081076
v -0.02678712 0.01205590 0.67091382
v -0.02663272 0.01198641 0.67097813
v -0.02923936 0.00535831 0.66998160
v -0.02928256 0.00536623 0.67015731
v -0.02928306 0.00536632 0.67033845
v -0.02924084 0.00535858 0.67051440
v -0.02915835 0.00534347 0.67067498
v -0.02904041 0.00532185 0.67081076
v -0.02889390 0.00529500 0.67091382
v -0.02872735 0.00526448 0.67097813
v -0.02967204 -0.00179483 0.66998160
v -0.02971588 -0.00179748 0.67015731
v -0.02971639 -0.00179751 0.67033845
v -0.02967354 -0.00179492 0.67051440
v -0.02958984 -0.00178986 0.67067498
v -0.02947015 -0.00178262 0.67081076
v -0.02932147 -0.00177362 0.67091382
v -0.02915246 -0.00176340 0.67097813
v -0.02838030 -0.00884366 0.66998160
v -0.02842223 -0.00885672 0.67015731
v -0.02842272 -0.00885688 0.67033845
v -0.02838173 -0.00884411 0.67051440
v -0.02830167 -0.00881916 0.67067498
v -0.02818719 -0.00878348 0.67081076
v -0.02804499 -0.00873917 0.67091382
v -0.02788334 -0.00868880 0.67097813
v -0.02543919 -0.01537853 0.66998160
v -0.02547678 -0.01540125 0.67015731
v -0.02547721 -0.01540151 0.67033845
v -0.02544048 -0.01537931 0.67051440
v -0.02536871 -0.01533592 0.67067498
v -0.02526610 -0.01527389 0.67081076
v -0.02513863 -0.01519683 0.67091382
v -0.02499373 -0.01510924 0.67097813
v -0.02101965 -0.02101965 0.66998160
v -0.02105071 -0.02105071 0.67015731
v -0.02105107 -0.02105107 0.67033845
v -0.02102072 -0.02102072 0.67051440
v -0.02096142 -0.02096142 0.67067498
v -0.02087663 -0.02087663 0.67081076
v -0.02077131 -0.02077131 0.67091382
v -0.02065158 -0.02065158 0.67097813
v -0.01537853 -0.02543919 0.66998160
v -0.01540125 -0.02547678 0.67015731
v -0.01540151 -0.02547721 0.67033845
v -0.01537931 -0.02544048 0.67051440
v -0.01533592 -0.02536871 0.67067498
v -0.01527389 -0.02526610 0.67081076
v -0.01519683 -0.02513863 0.67091382
v -0.01510924 -0.02499373 0.67097813
v -0.00884366 -0.02838030 0.66998160
v -0.00885672 -0.02842223 0.67015731
v -0.00885688 -0.02842272 0.67033845
v -0.00884411 -0.02838173 0.67051440
v -0.00881916 -0.02830167 0.67067498
v -0.00878348 -0.02818719 0.67081076
v -0.00873917 -0.02804499 0.67091382
v -0.00868880 -0.02788334 0.67097813
v -0.00179483 -0.02967204 0.66998160
v -0.00179748 -0.02971588 0.67015731
v -0.00179751 -0.02971639 0.67033845
v -0.00179492 -0.02967354 0.67051440
v -0.00178986 -0.02958984 0.67067498
v -0.00178262 -0.02947015 0.67081076
v -0.00177362 -0.02932147 0.67091382
v -0.00176340 -0.02915246 0.67097813
v 0.00535831 -0.02923936 0.66998160
v 0.00536623 -0.02928256 0.67015731
v 0.00536632 -0.02928306 0.67033845
v 0.00535858 -0.02924084 0.67051440
v 0.00534347 -0.02915835 0.67067498
v 0.00532185 -0.02904041 0.67081076
v 0.00529500 -0.02889390 0.67091382
v 0.00526448 -0.02872735 0.67097813
v 0.01220004 -0.02710739 0.66998160
v 0.01221807 -0.02714744 0.67015731
v 0.01221828 -0.02714790 0.67033845
v 0.01220066 -0.02710876 0.67051440
v 0.01216624 -0.02703229 0.67067498
v 0.01211703 -0.02692295 0.67081076
v 0.01205590 -0.02678712 0.67091382
v 0.01198641 -0.02663272 0.67097813
v 0.01833276 -0.02340003 0.66998160
v 0.01835984 -0.02343461 0.67015731
v 0.01836016 -0.02343501 0.67033845
v 0.01833368 -0.02340122 0.67051440
v 0.01828196 -0.02333521 0.67067498
v 0.01820802 -0.02324082 0.67081076
v 0.01811616 -0.02312356 0.67091382
v 0.01801174 -0.02299028 0.67097813
v 0.02340003 -0.01833276 0.66998160
v 0.02343461 -0.01835984 0.67015731
v 0.02343501 -0.01836016 0.67033845
v 0.02340122 -0.01833368 0.67051440
v 0.02333521 -0.01828197 0.67067498
v 0.02324082 -0.01820802 0.67081076
v 0.02312356 -0.01811616 0.67091382
v 0.02299028 -0.01801174 0.67097813
v 0.02710739 -0.01220004 0.66998160
v 0.02714744 -0.01221807 0.67015731
v 0.02714790 -0.01221828 0.67033845
v 0.02710876 -0.01220066 0.67051440
v 0.02703229 -0.01216624 0.67067498
v 0.02692295 -0.01211703 0.67081076
v 0.02678712 -0.01205590 0.67091382
v 0.02663272 -0.01198641 0.67097813
v 0.02923936 -0.00535831 0.66998160
v 0.02928256 -0.00536623 0.67015731
v 0.02928306 -0.00536632 0.67033845
v 0.02924084 -0.00535858 0.67051440
v 0.02915835 -0.00534347 0.67067498
v 0.02904041 -0.00532185 0.67081076
v 0.02889390 -0.00529500 0.67091382
v 0.02872735 -0.00526448 0.67097813
v 0.02967204 0.00179483 0.66998160
v 0.02971588 0.00179748 0.67015731
v 0.02971639 0.00179751 0.67033845
v 0.02967354 0.00179492 0.67051440
v 0.02958984 0.00178986 0.67067498
v 0.02947015 0.00178262 0.67081076
v 0.02932147 0.00177362 0.67091382
v 0.02915246 0.00176340 0.67097813
v 0.02838030 0.00884366 0.66998160
v 0.02842223 0.00885672 0.67015731
v 0.02842272 0.00885688 0.67033845
v 0.02838173 0.00884411 0.67051440
v 0.02830167 0.00881916 0.67067498
v 0.02818719 0.00878348 0.67081076
v 0.02804499 0.00873917 0.67091382
v 0.02788334 0.00868880 0.67097813
v 0.02543919 0.01537853 0.66998160
v 0.02547678 0.01540125 0.67015731
v 0.02547721 0.01540151 0.67033845
v 0.02544048 0.01537931 0.67051440
v 0.02536871 0.01533592 0.67067498
v 0.02526610 0.01527389 0.67081076
v 0.02513863 0.01519683 0.67091382
v 0.02499373 0.01510924 0.67097813
v 0.02095971 0.02095971 0.66982156
v 0.02536665 0.01533467 0.66982156
v 0.02829937 0.00881844 0.66982156
v 0.02958743 0.00178971 0.66982156
v 0.02915598 -0.00534303 0.66982156
v 0.02703009 -0.01216525 0.66982156
v 0.02333331 -0.01828048 0.66982156
v 0.01828048 -0.02333331 0.66982156
v 0.01216525 -0.02703009 0.66982156
v 0.00534303 -0.02915598 0.66982156
v -0.00178971 -0.02958743 0.66982156
v -0.00881844 -0.02829937 0.66982156
v -0.01533467 -0.02536665 0.66982156
v -0.02095971 -0.02095971 0.66982156
v -0.02536665 -0.01533467 0.66982156
v -0.02829937 -0.00881844 0.66982156
v -0.02958743 -0.00178971 0.66982156
v -0.02915598 0.00534303 0.66982156
v -0.02703009 0.01216525 0.66982156
v -0.02333331 0.01828048 0.66982156
v -0.01828048 0.02333331 0.66982156
v -0.01216525 0.02703009 0.66982156
v -0.00534303 0.02915598 0.66982156
v 0.00178971 0.02958743 0.66982156
v 0.00881844 0.02829937 0.66982156
v 0.01533467 0.02536665 0.66982156
v 0.02095971 0.02095971 0.66982156
v 0.02082946 0.02082946 0.66959435
v 0.02067717 0.02067717 0.66939640
v 0.02050610 0.02050610 0.66923207
v 0.02082946 0.02082946 0.66959435
v 0.02067717 0.02067717 0.66939640
v 0.02050610 0.02050610 0.66923207
v 0.02481766 0.01500280 0.66923207
v 0.02768691 0.00862759 0.66923207
v 0.02894709 0.00175098 0.66923207
v 0.02852498 -0.00522740 0.66923207
v 0.02644510 -0.01190197 0.66923207
v 0.02282832 -0.01788485 0.66923207
v 0.01788485 -0.02282832 0.66923207
v 0.01190197 -0.02644510 0.66923207
v 0.00522740 -0.02852498 0.66923207
v -0.00175098 -0.02894709 0.66923207
v -0.00862759 -0.02768691 0.66923207
v -0.01500280 -0.02481766 0.66923207
v -0.02050610 -0.02050610 0.66923207
v -0.02481766 -0.01500280 0.66923207
v -0.02768691 -0.00862759 0.66923207
v -0.02894709 -0.00175098 0.66923207
v -0.02852498 0.00522740 0.66923207
v -0.02644510 0.01190197 0.66923207
v -0.02282832 0.01788485 0.66923207
v -0.01788485 0.02282832 0.66923207
v -0.01190197 0.02644510 0.66923207
v -0.00522740 0.02852498 0.66923207
v 0.00175098 0.02894709 0.66923207
v 0.00862759 0.02768691 0.66923207
v 0.01500280 0.02481766 0.66923207
v 0.01512796 0.02502470 0.66939640
v 0.01523938 0.02520901 0.66959435
v 0.00869957 0.02791788 0.66939640
v 0.00876364 0.02812351 0.66959435
v 0.00176558 0.02918858 0.66939640
v 0.00177859 0.02940356 0.66959435
v -0.00527101 0.02876295 0.66939640
v -0.00530983 0.02897479 0.66959435
v -0.01200126 0.02666572 0.66939640
v -0.01208966 0.02686211 0.66959435
v -0.01803405 0.02301877 0.66939640
v -0.01816688 0.02318830 0.66959435
v -0.02301877 0.01803405 0.66939640
v -0.02318830 0.01816688 0.66959435
v -0.02666572 0.01200126 0.66939640
v -0.02686211 0.01208966 0.66959435
v -0.02876295 0.00527101 0.66939640
v -0.02897479 0.00530983 0.66959435
v -0.02918858 -0.00176558 0.66939640
v -0.02940356 -0.00177859 0.66959435
v -0.02791788 -0.00869956 0.66939640
v -0.02812351 -0.00876364 0.66959435
v -0.02502470 -0.01512796 0.66939640
v -0.02520901 -0.01523938 0.66959435
v -0.02067717 -0.02067717 0.66939640
v -0.02082946 -0.02082946 0.66959435
v -0.01512796 -0.02502470 0.66939640
v -0.01523938 -0.02520901 0.66959435
v -0.00869957 -0.02791788 0.66939640
v -0.00876364 -0.02812351 0.66959435
v -0.00176558 -0.02918858 0.66939640
v -0.00177859 -0.02940356 0.66959435
v 0.00527101 -0.02876295 0.66939640
v 0.00530983 -0.02897479 0.66959435
v 0.01200126 -0.02666572 0.66939640
v 0.01208966 -0.02686211 0.66959435
v 0.01803405 -0.02301877 0.66939640
v 0.01816688 -0.02318830 0.66959435
v 0.02301877 -0.01803405 0.66939640
v 0.02318830 -0.01816688 0.66959435
v 0.02666572 -0.01200126 0.66939640
v 0.02686211 -0.01208966 0.66959435
v 0.02876295 -0.00527101 0.66939640
v 0.02897479 -0.00530983 0.66959435
v 0.02918858 0.00176558 0.66939640
v 0.02940356 0.00177859 0.66959435
v 0.02791788 0.00869956 0.66939640
v 0.02812351 0.00876364 0.66959435
v 0.02502470 0.01512796 0.66939640
v 0.02520901 0.01523938 0.66959435
v 0.02050610 0.02050610 0.66923207
v 0.02026691 0.02026691 0.66898626
v 0.02006908 0.02006908 0.66867554
v 0.01992125 0.01992125 0.66831344
v 0.01982989 0.01982989 0.66791582
v 0.01979899 0.01979899 0.66750002
v 0.02050610 0.02050610 0.66923207
v 0.02026691 0.02026691 0.66898626
v 0.02006908 0.02006908 0.66867554
v 0.01992125 0.01992125 0.66831344
v 0.01982989 0.01982989 0.66791582
v 0.01979899 0.01979899 0.66750002
v 0.02396188 0.01448546 0.66750002
v 0.02673218 0.00833009 0.66750002
v 0.02794892 0.00169060 0.66750002
v 0.02754136 -0.00504714 0.66750002
v 0.02553320 -0.01149156 0.66750002
v 0.02204114 -0.01726813 0.66750002
v 0.01726813 -0.02204114 0.66750002
v 0.01149156 -0.02553320 0.66750002
v 0.00504714 -0.02754136 0.66750002
v -0.00169060 -0.02794892 0.66750002
v -0.00833009 -0.02673218 0.66750002
v -0.01448546 -0.02396188 0.66750002
v -0.01979899 -0.01979899 0.66750002
v -0.02396188 -0.01448546 0.66750002
v -0.02673218 -0.00833009 0.66750002
v -0.02794892 -0.00169060 0.66750002
v -0.02754136 0.00504714 0.66750002
v -0.02553320 0.01149156 0.66750002
v -0.02204114 0.01726813 0.66750002
v -0.01726813 0.02204114 0.66750002
v -0.01149156 0.02553320 0.66750002
v -0.00504714 0.02754136 0.66750002
v 0.00169060 0.02794892 0.66750002
v 0.00833009 0.02673218 0.66750002
v 0.01448546 0.02396188 0.66750002
v 0.02481766 0.01500280 0.66923207
v 0.02768691 0.00862759 0.66923207
v 0.02894709 0.00175098 0.66923207
v 0.02852498 -0.00522740 0.66923207
v 0.02644510 -0.01190197 0.66923207
v 0.02282832 -0.01788485 0.66923207
v 0.01788485 -0.02282832 0.66923207
v 0.01190197 -0.02644510 0.66923207
v 0.00522740 -0.02852498 0.66923207
v -0.00175098 -0.02894709 0.66923207
v -0.00862759 -0.02768691 0.66923207
v -0.01500280 -0.02481766 0.66923207
v -0.02050610 -0.02050610 0.66923207
v -0.02481766 -0.01500280 0.66923207
v -0.02768691 -0.00862759 0.66923207
v -0.02894709 -0.00175098 0.66923207
v -0.02852498 0.00522740 0.66923207
v -0.02644510 0.01190197 0.66923207
v -0.02282832 0.01788485 0.66923207
v -0.01788485 0.02282832 0.66923207
v -0.01190197 0.02644510 0.66923207
v -0.00522740 0.02852498 0.66923207
v 0.00175098 0.02894709 0.66923207
v 0.00862759 0.02768691 0.66923207
v 0.01500280 0.02481766 0.66923207
v 0.01482780 0.02452818 0.66898626
v 0.01468306 0.02428875 0.66867554
v 0.01457491 0.02410985 0.66831344
v 0.01450807 0.02399928 0.66791582
v 0.00852695 0.02736396 0.66898626
v 0.00844372 0.02709685 0.66867554
v 0.00838153 0.02689726 0.66831344
v 0.00834309 0.02677391 0.66791582
v 0.00173055 0.02860945 0.66898626
v 0.00171366 0.02833018 0.66867554
v 0.00170104 0.02812151 0.66831344
v 0.00169324 0.02799254 0.66791582
v -0.00516642 0.02819226 0.66898626
v -0.00511599 0.02791707 0.66867554
v -0.00507831 0.02771143 0.66831344
v -0.00505502 0.02758435 0.66791582
v -0.01176314 0.02613663 0.66898626
v -0.01164832 0.02588151 0.66867554
v -0.01156252 0.02569087 0.66831344
v -0.01150950 0.02557305 0.66791582
v -0.01767624 0.02256205 0.66898626
v -0.01750369 0.02234182 0.66867554
v -0.01737477 0.02217725 0.66831344
v -0.01729508 0.02207554 0.66791582
v -0.02256205 0.01767624 0.66898626
v -0.02234181 0.01750369 0.66867554
v -0.02217725 0.01737477 0.66831344
v -0.02207554 0.01729508 0.66791582
v -0.02613663 0.01176314 0.66898626
v -0.02588151 0.01164832 0.66867554
v -0.02569087 0.01156252 0.66831344
v -0.02557305 0.01150950 0.66791582
v -0.02819226 0.00516642 0.66898626
v -0.02791707 0.00511599 0.66867554
v -0.02771143 0.00507831 0.66831344
v -0.02758435 0.00505502 0.66791582
v -0.02860945 -0.00173055 0.66898626
v -0.02833018 -0.00171366 0.66867554
v -0.02812151 -0.00170104 0.66831344
v -0.02799254 -0.00169324 0.66791582
v -0.02736396 -0.00852695 0.66898626
v -0.02709685 -0.00844372 0.66867554
v -0.02689726 -0.00838153 0.66831344
v -0.02677391 -0.00834309 0.66791582
v -0.02452818 -0.01482780 0.66898626
v -0.02428875 -0.01468306 0.66867554
v -0.02410985 -0.01457491 0.66831344
v -0.02399928 -0.01450807 0.66791582
v -0.02026691 -0.02026691 0.66898626
v -0.02006908 -0.02006908 0.66867554
v -0.01992125 -0.01992125 0.66831344
v -0.01982989 -0.01982989 0.66791582
v -0.01482780 -0.02452818 0.66898626
v -0.01468306 -0.02428875 0.66867554
v -0.01457491 -0.02410985 0.66831344
v -0.01450807 -0.02399928 0.66791582
v -0.00852695 -0.02736396 0.66898626
v -0.00844372 -0.02709685 0.66867554
v -0.00838153 -0.02689726 0.66831344
v -0.00834309 -0.02677391 0.66791582
v -0.00173055 -0.02860945 0.66898626
v -0.00171366 -0.02833018 0.66867554
v -0.00170104 -0.02812151 0.66831344
v -0.00169324 -0.02799254 0.66791582
v 0.00516642 -0.02819226 0.66898626
v 0.00511599 -0.02791707 0.66867554
v 0.00507831 -0.02771143 0.66831344
v 0.00505502 -0.02758435 0.66791582
v 0.01176314 -0.02613663 0.66898626
v 0.01164832 -0.02588151 0.66867554
v 0.01156252 -0.02569087 0.66831344
v 0.01150950 -0.02557305 0.66791582
v 0.01767624 -0.02256205 0.66898626
v 0.01750369 -0.02234182 0.66867554
v 0.01737477 -0.02217725 0.66831344
v 0.01729508 -0.02207554 0.66791582
v 0.02256205 -0.01767624 0.66898626
v 0.02234181 -0.01750369 0.66867554
v 0.02217725 -0.01737477 0.66831344
v 0.02207554 -0.01729508 0.66791582
v 0.02613663 -0.01176314 0.66898626
v 0.02588151 -0.01164832 0.66867554
v 0.02569087 -0.01156252 0.66831344
v 0.02557305 -0.01150950 0.66791582
v 0.02819226 -0.00516642 0.66898626
v 0.02791707 -0.00511599 0.66867554
v 0.02771143 -0.00507831 0.66831344
v 0.02758435 -0.00505502 0.66791582
v 0.02860945 0.00173055 0.66898626
v 0.02833018 0.00171366 0.66867554
v 0.02812151 0.00170104 0.66831344
v 0.02799254 0.00169324 0.66791582
v 0.02736396 0.00852695 0.66898626
v 0.02709685 0.00844372 0.66867554
v 0.02689726 0.00838153 0.66831344
v 0.02677391 0.00834309 0.66791582
v 0.02452818 0.01482780 0.66898626
v 0.02428875 0.01468306 0.66867554
v 0.02410985 0.01457491 0.66831344
v 0.02399928 0.01450807 0.66791582
v 0.03363938 0.03363938 0.62936908
v 0.03363938 0.03363938 0.59200001
v 0.03363938 0.03363938 0.62936908
v 0.03363938 0.03363938 0.59200001
v 0.03338664 0.03396199 0.59200001
v 0.03321844 0.03433571 0.59200001
v 0.03314457 0.03473882 0.59200001
v 0.03316931 0.03514790 0.59200001
v 0.03329124 0.03553917 0.59200001
v 0.03350325 0.03588989 0.59200001
v 0.03379304 0.03617968 0.59200001
v 0.03414376 0.03639169 0.59200001
v 0.03453503 0.03651362 0.59200001
v 0.03494411 0.03653836 0.59200001
v 0.03534722 0.03646449 0.59200001
v 0.03572094 0.03629629 0.59200001
v 0.03604355 0.03604355 0.59200001
v 0.03629629 0.03572094 0.59200001
v 0.03646449 0.03534722 0.59200001
v 0.03653836 0.03494411 0.59200001
v 0.03651362 0.03453503 0.59200001
v 0.03639169 0.03414376 0.59200001
v 0.03617968 0.03379304 0.59200001
v 0.03588989 0.03350325 0.59200001
v 0.03553917 0.03329124 0.59200001
v 0.03514790 0.03316931 0.59200001
v 0.03473882 0.03314457 0.59200001
v 0.03433571 0.03321844 0.59200001
v 0.03396199 0.03338664 0.59200001
v 0.03604355 0.03604355 0.62936908
v 0.03572094 0.03629629 0.62936908
v 0.03534722 0.03646449 0.62936908
v 0.03494411 0.03653836 0.62936908
v 0.03453503 0.03651362 0.62936908
v 0.03414376 0.03639169 0.62936908
v 0.03379304 0.03617968 0.62936908
v 0.03350325 0.03588989 0.62936908
v 0.03329124 0.03553917 0.62936908
v 0.03316931 0.03514790 0.62936908
v 0.03314457 0.03473882 0.62936908
v 0.03321844 0.03433571 0.62936908
v 0.03338664 0.03396199 0.62936908
v 0.03396199 0.03338664 0.62936908
v 0.03433571 0.03321844 0.62936908
v 0.03473882 0.03314457 0.62936908
v 0.03514790 0.03316931 0.62936908
v 0.03553917 0.03329124 0.62936908
v 0.03588989 0.03350325 0.62936908
v 0.03617968 0.03379304 0.62936908
v 0.03639169 0.03414376 0.62936908
v 0.03651362 0.03453503 0.62936908
v 0.03653836 0.03494411 0.62936908
v 0.03646449 0.03534722 0.62936908
v 0.03629629 0.03572094 0.62936908
v -0.03604355 0.03363938 0.62936908
v -0.03604355 0.03363938 0.59200001
v -0.03604355 0.03363938 0.62936908
v -0.03604355 0.03363938 0.59200001
v -0.03629629 0.03396199 0.59200001
v -0.03646449 0.03433571 0.59200001
v -0.03653836 0.03473882 0.59200001
v -0.03651362 0.03514790 0.59200001
v -0.03639169 0.03553917 0.59200001
v -0.03617968 0.03588989 0.59200001
v -0.03588989 0.03617968 0.59200001
v -0.03553917 0.03639169 0.59200001
v -0.03514790 0.03651362 0.59200001
v -0.03473882 0.03653836 0.59200001
v -0.03433571 0.03646449 0.59200001
v -0.03396199 0.03629629 0.59200001
v -0.03363938 0.03604355 0.59200001
v -0.03338664 0.03572094 0.59200001
v -0.03321844 0.03534722 0.59200001
v -0.03314457 0.03494411 0.59200001
v -0.03316931 0.03453503 0.59200001
v -0.03329124 0.03414376 0.59200001
v -0.03350325 0.03379304 0.59200001
v -0.03379304 0.03350325 0.59200001
v -0.03414376 0.03329124 0.59200001
v -0.03453503 0.03316931 0.59200001
v -0.03494411 0.03314457 0.59200001
v -0.03534722 0.03321844 0.59200001
v -0.03572094 0.03338664 0.59200001
v -0.03363938 0.03604355 0.62936908
v -0.03396199 0.03629629 0.62936908
v -0.03433571 0.03646449 0.62936908
v -0.03473882 0.03653836 0.62936908
v -0.03514790 0.03651362 0.62936908
v -0.03553917 0.03639169 0.62936908
v -0.03588989 0.03617968 0.62936908
v -0.03617968 0.03588989 0.62936908
v -0.03639169 0.03553917 0.62936908
v -0.03651362 0.03514790 0.62936908
v -0.03653836 0.03473882 0.62936908
v -0.03646449 0.03433571 0.62936908
v -0.03629629 0.03396199 0.62936908
v -0.03572094 0.03338664 0.62936908
v -0.03534722 0.03321844 0.62936908
v -0.03494411 0.03314457 0.62936908
v -0.03453503 0.03316931 0.62936908
v -0.03414376 0.03329124 0.62936908
v -0.03379304 0.03350325 0.62936908
v -0.03350325 0.03379304 0.62936908
v -0.03329124 0.03414376 0.62936908
v -0.03316931 0.03453503 0.62936908
v -0.03314457 0.03494411 0.62936908
v -0.03321844 0.03534722 0.62936908
v -0.03338664 0.03572094 0.62936908
v -0.03604355 -0.03604355 0.62936908
v -0.03604355 -0.03604355 0.59200001
v -0.03604355 -0.03604355 0.62936908
v -0.03604355 -0.03604355 0.59200001
v -0.03629629 -0.03572094 0.59200001
v -0.03646449 -0.03534722 0.59200001
v -0.03653836 -0.03494411 0.59200001
v -0.03651362 -0.03453503 0.59200001
v -0.03639169 -0.03414376 0.59200001
v -0.03617968 -0.03379304 0.59200001
v -0.03588989 -0.03350325 0.59200001
v -0.03553917 -0.03329124 0.59200001
v -0.03514790 -0.03316931 0.59200001
v -0.03473882 -0.03314457 0.59200001
v -0.03433571 -0.03321844 0.59200001
v -0.03396199 -0.03338664 0.59200001
v -0.03363938 -0.03363938 0.59200001
v -0.03338664 -0.03396199 0.59200001
v -0.03321844 -0.03433571 0.59200001
v -0.03314457 -0.03473882 0.59200001
v -0.03316931 -0.03514790 0.59200001
v -0.03329124 -0.03553917 0.59200001
v -0.03350325 -0.03588989 0.59200001
v -0.03379304 -0.03617968 0.59200001
v -0.03414376 -0.03639169 0.59200001
v -0.03453503 -0.03651362 0.59200001
v -0.03494411 -0.03653836 0.59200001
v -0.03534722 -0.03646449 0.59200001
v -0.03572094 -0.03629629 0.59200001
v -0.03363938 -0.03363938 0.62936908
v -0.03396199 -0.03338664 0.62936908
v -0.03433571 -0.03321844 0.62936908
v -0.03473882 -0.03314457 0.62936908
v -0.03514790 -0.03316931 0.62936908
v -0.03553917 -0.03329124 0.62936908
v -0.03588989 -0.03350325 0.62936908
v -0.03617968 -0.03379304 0.62936908
v -0.03639169 -0.03414376 0.62936908
v -0.03651362 -0.03453503 0.62936908
v -0.03653836 -0.03494411 0.62936908
v -0.03646449 -0.03534722 0.62936908
v -0.03629629 -0.03572094 0.62936908
v -0.03572094 -0.03629629 0.62936908
v -0.03534722 -0.03646449 0.62936908
v -0.03494411 -0.03653836 0.62936908
v -0.03453503 -0.03651362 0.62936908
v -0.03414376 -0.03639169 0.62936908
v -0.03379304 -0.03617968 0.62936908
v -0.03350325 -0.03588989 0.62936908
v -0.03329124 -0.03553917 0.62936908
v -0.03316931 -0.03514790 0.62936908
v -0.03314457 -0.03473882 0.62936908
v -0.03321844 -0.03433571 0.62936908
v -0.03338664 -0.03396199 0.62936908
v 0.03363938 -0.03604355 0.62936908
v 0.03363938 -0.03604355 0.59200001
v 0.03363938 -0.03604355 0.62936908
v 0.03363938 -0.03604355 0.59200001
v 0.03338664 -0.03572094 0.59200001
v 0.03321844 -0.03534722 0.59200001
v 0.03314457 -0.03494411 0.59200001
v 0.03316931 -0.03453503 0.59200001
v 0.03329124 -0.03414376 0.59200001
v 0.03350325 -0.03379304 0.59200001
v 0.03379304 -0.03350325 0.59200001
v 0.03414376 -0.03329124 0.59200001
v 0.03453503 -0.03316931 0.59200001
v 0.03494411 -0.03314457 0.59200001
v 0.03534722 -0.03321844 0.59200001
v 0.03572094 -0.03338664 0.59200001
v 0.03604355 -0.03363938 0.59200001
v 0.03629629 -0.03396199 0.59200001
v 0.03646449 -0.03433571 0.59200001
v 0.03653836 -0.03473882 0.59200001
v 0.03651362 -0.03514790 0.59200001
v 0.03639169 -0.03553917 0.59200001
v 0.03617968 -0.03588989 0.59200001
v 0.03588989 -0.03617968 0.59200001
v 0.03553917 -0.03639169 0.59200001
v 0.03514790 -0.03651362 0.59200001
v 0.03473882 -0.03653836 0.59200001
v 0.03433571 -0.03646449 0.59200001
v 0.03396199 -0.03629629 0.59200001
v 0.03604355 -0.03363938 0.62936908
v 0.03572094 -0.03338664 0.62936908
v 0.03534722 -0.03321844 0.62936908
v 0.03494411 -0.03314457 0.62936908
v 0.03453503 -0.03316931 0.62936908
v 0.03414376 -0.03329124 0.62936908
v 0.03379304 -0.03350325 0.62936908
v 0.03350325 -0.03379304 0.62936908
v 0.03329124 -0.03414376 0.62936908
v 0.03316931 -0.03453503 0.62936908
v 0.03314457 -0.03494411 0.62936908
v 0.03321844 -0.03534722 0.62936908
v 0.03338664 -0.03572094 0.62936908
v 0.03396199 -0.03629629 0.62936908
v 0.03433571 -0.03646449 0.62936908
v 0.03473882 -0.03653836 0.62936908
v 0.03514790 -0.03651362 0.62936908
v 0.03553917 -0.03639169 0.62936908
v 0.03588989 -0.03617968 0.62936908
v 0.03617968 -0.03588989 0.62936908
v 0.03639169 -0.03553917 0.62936908
v 0.03651362 -0.03514790 0.62936908
v 0.03653836 -0.03473882 0.62936908
v 0.03646449 -0.03433571 0.62936908
v 0.03629629 -0.03396199 0.62936908
v 0.01979899 0.01979899 0.66214913
v 0.01802371 0.02142769 0.66216111
v 0.01668906 0.02248278 0.66212803
v 0.01423181 0.02411339 0.66196412
v 0.00880550 0.02657937 0.66196412
v 0.00298018 0.02784095 0.66196412
v -0.00298018 0.02784095 0.66196412
v -0.00880550 0.02657937 0.66196412
v -0.01423181 0.02411339 0.66196412
v -0.01668906 0.02248278 0.66212803
v -0.01802371 0.02142769 0.66216111
v -0.02142769 0.01802371 0.66216111
v -0.02248278 0.01668906 0.66212803
v -0.02411339 0.01423181 0.66196412
v -0.02657937 0.00880550 0.66196412
v -0.02784095 0.00298018 0.66196412
v -0.02784095 -0.00298018 0.66196412
v -0.02657937 -0.00880550 0.66196412
v -0.02411339 -0.01423181 0.66196412
v -0.02248278 -0.01668906 0.66212803
v -0.02142769 -0.01802371 0.66216111
v -0.01979899 -0.01979899 0.66214913
v -0.01979899 -0.01979899 0.66750002
v -0.01979899 -0.01979899 0.66214913
v -0.01979899 -0.01979899 0.66750002
v -0.02396188 -0.01448546 0.66750002
v -0.02673218 -0.00833009 0.66750002
v -0.02794892 -0.00169060 0.66750002
v -0.02754136 0.00504714 0.66750002
v -0.02553320 0.01149156 0.66750002
v -0.02204114 0.01726813 0.66750002
v -0.01726813 0.02204114 0.66750002
v -0.01149156 0.02553320 0.66750002
v -0.00504714 0.02754136 0.66750002
v 0.00169060 0.02794892 0.66750002
v 0.00833009 0.02673218 0.66750002
v 0.01448546 0.02396188 0.66750002
v 0.01979899 0.01979899 0.66750002
v 0.02396188 0.01448546 0.66750002
v 0.02673218 0.00833009 0.66750002
v 0.02794892 0.00169060 0.66750002
v 0.02754136 -0.00504714 0.66750002
v 0.02553320 -0.01149156 0.66750002
v 0.02204114 -0.01726813 0.66750002
v 0.01726813 -0.02204114 0.66750002
v 0.01149156 -0.02553320 0.66750002
v 0.00504714 -0.02754136 0.66750002
v -0.00169060 -0.02794892 0.66750002
v -0.00833009 -0.02673218 0.66750002
v -0.01448546 -0.02396188 0.66750002
v -0.01802371 -0.02142769 0.66216111
v -0.01668906 -0.02248278 0.66212803
v -0.01423181 -0.02411339 0.66196412
v -0.00867527 -0.02662216 0.66196412
v -0.00270744 -0.02786879 0.66196412
v 0.00338874 -0.02779418 0.66196412
v 0.00932427 -0.02640186 0.66196412
v 0.01481774 -0.02375783 0.66196412
v 0.01739088 -0.02194441 0.66201085
v 0.02194441 -0.01739088 0.66201085
v 0.02375783 -0.01481774 0.66196412
v 0.02640186 -0.00932427 0.66196412
v 0.02779418 -0.00338874 0.66196412
v 0.02786879 0.00270744 0.66196412
v 0.02662216 0.00867527 0.66196412
v 0.02411339 0.01423181 0.66196412
v 0.02248278 0.01668906 0.66212803
v 0.02142769 0.01802371 0.66216111
v 0.03250557 0.02800837 0.61199999
v 0.03248034 0.02808355 0.61199999
v 0.03245426 0.02815845 0.61199999
v 0.03242735 0.02823305 0.61199999
v 0.03250557 0.02800837 0.59200001
v 0.03248034 0.02808355 0.59200001
v 0.03245426 0.02815845 0.59200001
v 0.03242735 0.02823305 0.59200001
v -0.03250557 -0.02800837 0.61199999
v -0.03248034 -0.02808355 0.61199999
v -0.03245426 -0.02815845 0.61199999
v -0.03242735 -0.02823305 0.61199999
v -0.03250557 -0.02800837 0.59200001
v -0.03248034 -0.02808355 0.59200001
v -0.03245426 -0.02815845 0.59200001
v -0.03242735 -0.02823305 0.59200001
v -0.02800837 0.03250557 0.61199999
v -0.02808355 0.03248034 0.61199999
v -0.02815845 0.03245426 0.61199999
v -0.02823305 0.03242735 0.61199999
v -0.02800837 0.03250557 0.59200001
v -0.02808355 0.03248034 0.59200001
v -0.02815845 0.03245426 0.59200001
v -0.02823305 0.03242735 0.59200001
v 0.03242735 -0.02823305 0.59200001
v 0.03245426 -0.02815845 0.59200001
v 0.03248034 -0.02808355 0.59200001
v 0.03250557 -0.02800837 0.59200001
v 0.03250557 -0.02800837 0.61199999
v 0.03242735 -0.02823305 0.61199999
v 0.03245426 -0.02815845 0.61199999
v 0.03248034 -0.02808355 0.61199999
v -0.03531442 0.03213244 0.63939452
v -0.03460933 0.03210120 0.64028168
v -0.03401236 0.03221970 0.64083838
v -0.03373937 0.03232198 0.64103359
v -0.03346364 0.03246156 0.64118791
v -0.03316169 0.03266415 0.64129984
v -0.03290120 0.03289266 0.64133573
v -0.03267141 0.03315232 0.64130217
v -0.03248076 0.03343098 0.64120311
v -0.03233143 0.03371799 0.64104718
v -0.03222275 0.03400276 0.64084589
v -0.03213358 0.03436250 0.64053303
v -0.03209127 0.03486086 0.63999468
v -0.03213244 0.03531442 0.63939452
v -0.03276117 0.02957919 0.64489132
v -0.02976223 0.02658025 0.64991784
v -0.02636048 0.02317850 0.65440220
v -0.02548432 0.02212641 0.65549260
v -0.02502938 0.02137541 0.65613949
v -0.02465476 0.02054742 0.65675914
v -0.02054742 0.02465476 0.65675914
v -0.02183491 0.02529334 0.65575457
v -0.02254206 0.02579221 0.65509176
v -0.02317850 0.02636048 0.65440220
v -0.02658025 0.02976223 0.64991784
v -0.02957919 0.03276117 0.64489132
v 0.03213244 0.03531442 0.63939452
v 0.03210120 0.03460933 0.64028168
v 0.03221970 0.03401236 0.64083838
v 0.03232198 0.03373937 0.64103359
v 0.03246156 0.03346364 0.64118791
v 0.03266415 0.03316169 0.64129984
v 0.03289266 0.03290120 0.64133573
v 0.03315232 0.03267141 0.64130217
v 0.03343098 0.03248076 0.64120311
v 0.03371799 0.03233143 0.64104718
v 0.03400276 0.03222275 0.64084589
v 0.03436250 0.03213358 0.64053303
v 0.03486086 0.03209127 0.63999468
v 0.03531442 0.03213244 0.63939452
v 0.02957919 0.03276117 0.64489132
v 0.02658025 0.02976223 0.64991784
v 0.02317850 0.02636048 0.65440220
v 0.02212641 0.02548432 0.65549260
v 0.02137541 0.02502938 0.65613949
v 0.02054742 0.02465476 0.65675914
v 0.02465476 0.02054742 0.65675914
v 0.02529334 0.02183491 0.65575457
v 0.02579221 0.02254206 0.65509176
v 0.02636048 0.02317850 0.65440220
v 0.02976223 0.02658025 0.64991784
v 0.03276117 0.02957919 0.64489132
v 0.03531442 -0.03213244 0.63939452
v 0.03460933 -0.03210120 0.64028168
v 0.03401236 -0.03221970 0.64083838
v 0.03373937 -0.03232198 0.64103359
v 0.03346364 -0.03246156 0.64118791
v 0.03316169 -0.03266415 0.64129984
v 0.03290120 -0.03289266 0.64133573
v 0.03267141 -0.03315232 0.64130217
v 0.03248076 -0.03343098 0.64120311
v 0.03233143 -0.03371799 0.64104718
v 0.03222275 -0.03400276 0.64084589
v 0.03213358 -0.03436250 0.64053303
v 0.03209127 -0.03486086 0.63999468
v 0.03213244 -0.03531442 0.63939452
v 0.03276117 -0.02957919 0.64489132
v 0.02976223 -0.02658025 0.64991784
v 0.02636048 -0.02317850 0.65440220
v 0.02542314 -0.02203652 0.65557510
v 0.02470535 -0.02067669 0.65666807
v 0.02426954 -0.01911301 0.65765059
v 0.02183313 -0.02183382 0.65751481
v 0.01911301 -0.02426954 0.65765059
v 0.02067669 -0.02470535 0.65666807
v 0.02203652 -0.02542314 0.65557510
v 0.02317850 -0.02636048 0.65440220
v 0.02658025 -0.02976223 0.64991784
v 0.02957919 -0.03276117 0.64489132
v -0.03213244 -0.03531442 0.63939452
v -0.03210050 -0.03461765 0.64027268
v -0.03221444 -0.03402923 0.64082503
v -0.03231449 -0.03375670 0.64102238
v -0.03245166 -0.03348088 0.64117962
v -0.03264911 -0.03318135 0.64129460
v -0.03287223 -0.03292194 0.64133537
v -0.03313635 -0.03268413 0.64130586
v -0.03342947 -0.03248178 0.64120364
v -0.03371623 -0.03233223 0.64104825
v -0.03399438 -0.03222657 0.64085090
v -0.03436172 -0.03213595 0.64053065
v -0.03487284 -0.03209164 0.63997996
v -0.03531442 -0.03213244 0.63939452
v -0.02957919 -0.03276117 0.64489132
v -0.02658025 -0.02976223 0.64991784
v -0.02317850 -0.02636048 0.65440220
v -0.02212641 -0.02548432 0.65549260
v -0.02137541 -0.02502938 0.65613949
v -0.02054742 -0.02465476 0.65675914
v -0.02465476 -0.02054742 0.65675914
v -0.02529334 -0.02183491 0.65575457
v -0.02579221 -0.02254206 0.65509176
v -0.02636048 -0.02317850 0.65440220
v -0.02976223 -0.02658025 0.64991784
v -0.03276117 -0.02957919 0.64489132
v -0.01313929 0.02696957 0.65849996
v -0.01488649 0.02604597 0.65772557
v -0.01504662 0.02595379 0.65812624
v -0.01524837 0.02583577 0.65850002
v -0.01455549 0.02623238 0.65850002
v -0.01385230 0.02661041 0.65850002
v -0.02696957 -0.01313929 0.65849996
v -0.02604597 -0.01488649 0.65772557
v -0.02595379 -0.01504662 0.65812624
v -0.02583577 -0.01524837 0.65850002
v -0.02623238 -0.01455549 0.65850002
v -0.02661041 -0.01385230 0.65850002
v 0.02696957 0.01313929 0.65849996
v 0.02604597 0.01488649 0.65772557
v 0.02595379 0.01504662 0.65812624
v 0.02583577 0.01524837 0.65850002
v 0.02623238 0.01455549 0.65850002
v 0.02661041 0.01385230 0.65850002
v 0.02601621 -0.01493844 0.65769517
v 0.02696958 -0.01313933 0.65850002
v 0.02649649 -0.01406898 0.65850002
v 0.02599136 -0.01498162 0.65850002
v 0.02545482 -0.01587615 0.65850002
v 0.01313929 -0.02696957 0.65849996
v 0.01493844 -0.02601621 0.65769517
v 0.01587615 -0.02545482 0.65850002
v 0.01498161 -0.02599137 0.65850002
v 0.01406896 -0.02649650 0.65850002
v 0.01488649 0.02604597 0.65772557
v 0.01313933 0.02696958 0.65850002
v 0.01385232 0.02661040 0.65850002
v 0.01455550 0.02623237 0.65850002
v 0.01524837 0.02583577 0.65850002
v 0.01503574 0.02596009 0.65810317
v -0.02604597 0.01488649 0.65772557
v -0.02696958 0.01313933 0.65850002
v -0.02661040 0.01385232 0.65850002
v -0.02623237 0.01455550 0.65850002
v -0.02583577 0.01524837 0.65850002
v -0.02596009 0.01503574 0.65810317
v -0.01488649 -0.02604597 0.65772557
v -0.01313933 -0.02696958 0.65850002
v -0.01385232 -0.02661040 0.65850002
v -0.01455550 -0.02623237 0.65850002
v -0.01524837 -0.02583577 0.65850002
v -0.01503574 -0.02596009 0.65810317
v 0.03712597 -0.03637233 0.63000000
v 0.03730237 -0.03606862 0.63025755
v 0.03747870 -0.03561984 0.63079548
v 0.03757602 -0.03513429 0.63153470
v 0.03755049 -0.03436851 0.63294822
v 0.03637233 -0.03712597 0.63000000
v 0.03436851 -0.03755049 0.63294822
v 0.03514381 -0.03757497 0.63151890
v 0.03580729 -0.03741594 0.63055116
v 0.03608247 -0.03729544 0.63024372
v 0.03598779 -0.03916977 0.62616581
v 0.03697047 -0.04015245 0.61914343
v 0.03729988 -0.04048186 0.61199999
v 0.04048186 -0.03729988 0.61199999
v 0.04015245 -0.03697047 0.61914343
v 0.03916977 -0.03598779 0.62616581
v 0.02687006 -0.03288047 0.61199999
v 0.03447146 -0.04048186 0.61199999
v 0.03389208 -0.03990249 0.62128335
v 0.03217187 -0.03818228 0.63027966
v 0.02936402 -0.03537443 0.63871080
v 0.02555533 -0.03156574 0.64631605
v 0.02086358 -0.02687399 0.65286028
v 0.02086358 -0.02687399 0.64899999
v 0.01141808 -0.01742849 0.64899999
v 0.02619242 -0.03220283 0.62094760
v 0.02419027 -0.03020068 0.62948930
v 0.02095442 -0.02696482 0.63723761
v 0.01663165 -0.02264206 0.64384103
v -0.03712597 0.03637233 0.63000000
v -0.03730237 0.03606862 0.63025755
v -0.03747876 0.03561962 0.63079578
v -0.03757602 0.03513429 0.63153470
v -0.03755049 0.03436851 0.63294822
v -0.03637233 0.03712597 0.63000000
v -0.03436851 0.03755049 0.63294822
v -0.03514381 0.03757497 0.63151890
v -0.03580729 0.03741594 0.63055116
v -0.03608247 0.03729544 0.63024372
v -0.03598779 0.03916977 0.62616581
v -0.03697047 0.04015245 0.61914343
v -0.03729988 0.04048186 0.61199999
v -0.04048186 0.03729988 0.61199999
v -0.04015245 0.03697047 0.61914343
v -0.03916977 0.03598779 0.62616581
v 0.02687399 -0.02086358 0.64899999
v 0.02687399 -0.02086358 0.65286028
v 0.03156574 -0.02555533 0.64631605
v 0.03537443 -0.02936402 0.63871080
v 0.03818228 -0.03217187 0.63027966
v 0.03990249 -0.03389208 0.62128335
v 0.04048186 -0.03447146 0.61199999
v 0.03288047 -0.02687006 0.61199999
v 0.03220283 -0.02619242 0.62094760
v 0.03020068 -0.02419027 0.62948930
v 0.02696482 -0.02095442 0.63723761
v 0.02264206 -0.01663165 0.64384103
v 0.01742849 -0.01141808 0.64899999
v -0.02687399 0.02086358 0.64899999
v -0.02687399 0.02086358 0.65286028
v -0.03156574 0.02555533 0.64631605
v -0.03537443 0.02936402 0.63871080
v -0.03818228 0.03217187 0.63027966
v -0.03990249 0.03389208 0.62128335
v -0.04048186 0.03447146 0.61199999
v -0.03288047 0.02687006 0.61199999
v -0.01742849 0.01141808 0.64899999
v -0.02264206 0.01663165 0.64384103
v -0.02696482 0.02095442 0.63723761
v -0.03020068 0.02419027 0.62948930
v -0.03220283 0.02619242 0.62094760
v 0.03288047 0.02687006 0.61199999
v 0.04048186 0.03447146 0.61199999
v 0.03990249 0.03389208 0.62128335
v 0.03818228 0.03217187 0.63027966
v 0.03537443 0.02936402 0.63871080
v 0.03156574 0.02555533 0.64631605
v 0.02687399 0.02086358 0.65286028
v 0.02687399 0.02086358 0.64899999
v 0.01742849 0.01141808 0.64899999
v 0.03220283 0.02619242 0.62094760
v 0.03020068 0.02419027 0.62948930
v 0.02696482 0.02095442 0.63723761
v 0.02264206 0.01663165 0.64384103
v 0.02086358 0.02687399 0.64899999
v 0.02086358 0.02687399 0.65286028
v 0.02555533 0.03156574 0.64631605
v 0.02936402 0.03537443 0.63871080
v 0.03217187 0.03818228 0.63027966
v 0.03389208 0.03990249 0.62128335
v 0.03447146 0.04048186 0.61199999
v 0.02687006 0.03288047 0.61199999
v 0.02619242 0.03220283 0.62094760
v 0.02419027 0.03020068 0.62948930
v 0.02095442 0.02696482 0.63723761
v 0.01663165 0.02264206 0.64384103
v 0.01141808 0.01742849 0.64899999
v 0.03637233 0.03712597 0.63000000
v 0.03606862 0.03730237 0.63025755
v 0.03561984 0.03747870 0.63079548
v 0.03513429 0.03757602 0.63153470
v 0.03436851 0.03755049 0.63294822
v 0.03675549 0.03675549 0.62997407
v 0.03712597 0.03637233 0.63000000
v 0.03755049 0.03436851 0.63294822
v 0.03757497 0.03514381 0.63151890
v 0.03741594 0.03580729 0.63055116
v 0.03729544 0.03608247 0.63024372
v 0.03916977 0.03598779 0.62616581
v 0.04015245 0.03697047 0.61914343
v 0.04048186 0.03729988 0.61199999
v 0.03729988 0.04048186 0.61199999
v 0.03697047 0.04015245 0.61914343
v 0.03598779 0.03916977 0.62616581
v -0.02687006 0.03288047 0.61199999
v -0.03447146 0.04048186 0.61199999
v -0.03389208 0.03990249 0.62128335
v -0.03217187 0.03818228 0.63027966
v -0.02936402 0.03537443 0.63871080
v -0.02555533 0.03156574 0.64631605
v -0.02086358 0.02687399 0.65286028
v -0.02086358 0.02687399 0.64899999
v -0.01141808 0.01742849 0.64899999
v -0.02619242 0.03220283 0.62094760
v -0.02419027 0.03020068 0.62948930
v -0.02095442 0.02696482 0.63723761
v -0.01663165 0.02264206 0.64384103
v -0.03288047 -0.02687006 0.61199999
v -0.04048186 -0.03447146 0.61199999
v -0.03990249 -0.03389208 0.62128335
v -0.03818228 -0.03217187 0.63027966
v -0.03537443 -0.02936402 0.63871080
v -0.03156574 -0.02555533 0.64631605
v -0.02687399 -0.02086358 0.65286028
v -0.02687399 -0.02086358 0.64899999
v -0.01742849 -0.01141808 0.64899999
v -0.03220283 -0.02619242 0.62094760
v -0.03020068 -0.02419027 0.62948930
v -0.02696482 -0.02095442 0.63723761
v -0.02264206 -0.01663165 0.64384103
v -0.02086358 -0.02687399 0.64899999
v -0.02086358 -0.02687399 0.65286028
v -0.02555533 -0.03156574 0.64631605
v -0.02936402 -0.03537443 0.63871080
v -0.03217187 -0.03818228 0.63027966
v -0.03389208 -0.03990249 0.62128335
v -0.03447146 -0.04048186 0.61199999
v -0.02687006 -0.03288047 0.61199999
v -0.02619242 -0.03220283 0.62094760
v -0.02419027 -0.03020068 0.62948930
v -0.02095442 -0.02696482 0.63723761
v -0.01663165 -0.02264206 0.64384103
v -0.01141808 -0.01742849 0.64899999
v -0.03637233 -0.03712597 0.63000000
v -0.03606862 -0.03730237 0.63025755
v -0.03561978 -0.03747871 0.63079560
v -0.03513429 -0.03757602 0.63153470
v -0.03436851 -0.03755049 0.63294822
v -0.03712597 -0.03637233 0.63000000
v -0.03755049 -0.03436851 0.63294822
v -0.03757497 -0.03514381 0.63151890
v -0.03741594 -0.03580729 0.63055116
v -0.03729544 -0.03608247 0.63024372
v -0.03916977 -0.03598779 0.62616581
v -0.04015245 -0.03697047 0.61914343
v -0.04048186 -0.03729988 0.61199999
v -0.03729988 -0.04048186 0.61199999
v -0.03697047 -0.04015245 0.61914343
v -0.03598779 -0.03916977 0.62616581
v 0.00707107 -0.01308148 0.65177435
v 0.00511598 -0.01155871 0.65257263
v 0.00358882 -0.01081886 0.65300333
v 0.00222016 -0.01040215 0.65329653
v 0.00111517 -0.01021494 0.65348345
v -0.00000000 -0.01015254 0.65363562
v 0.01141808 -0.01742849 0.64899999
v 0.02687006 -0.03288047 0.61199999
v 0.02619242 -0.03220283 0.62094760
v 0.02419027 -0.03020068 0.62948930
v 0.02095442 -0.02696482 0.63723761
v 0.01663165 -0.02264206 0.64384103
v 0.03288047 -0.02687006 0.61199999
v 0.03220283 -0.02619242 0.62094760
v 0.03020068 -0.02419027 0.62948930
v 0.02696482 -0.02095442 0.63723761
v 0.02264206 -0.01663165 0.64384103
v 0.01742849 -0.01141808 0.64899999
v 0.01308148 -0.00707107 0.65177435
v 0.01015254 -0.00000000 0.65363562
v 0.01038697 -0.00215248 0.65330911
v 0.01109601 -0.00424105 0.65283471
v 0.01183834 -0.00555896 0.65242058
v 0.00763064 -0.00000000 0.65390402
v 0.00509483 -0.00000000 0.65409613
v 0.00254974 -0.00000000 0.65421152
v -0.00000000 -0.00000000 0.65425003
v -0.00000000 -0.00254974 0.65421152
v -0.00000000 -0.00509483 0.65409613
v -0.00000000 -0.00763064 0.65390402
v 0.00000000 0.01015254 0.65363562
v 0.00000000 0.00763064 0.65390402
v 0.00000000 0.00509483 0.65409613
v 0.00000000 0.00254974 0.65421152
v -0.00000000 -0.00000000 0.65425003
v -0.00707107 0.01308148 0.65177435
v -0.00511598 0.01155871 0.65257263
v -0.00358882 0.01081886 0.65300333
v -0.00222016 0.01040215 0.65329653
v -0.00111517 0.01021494 0.65348345
v -0.01141808 0.01742849 0.64899999
v -0.02687006 0.03288047 0.61199999
v -0.02619242 0.03220283 0.62094760
v -0.02419027 0.03020068 0.62948930
v -0.02095442 0.02696482 0.63723761
v -0.01663165 0.02264206 0.64384103
v -0.03288047 0.02687006 0.61199999
v -0.01742849 0.01141808 0.64899999
v -0.02264206 0.01663165 0.64384103
v -0.02696482 0.02095442 0.63723761
v -0.03020068 0.02419027 0.62948930
v -0.03220283 0.02619242 0.62094760
v -0.01308148 0.00707107 0.65177435
v -0.01015254 0.00000000 0.65363562
v -0.01038697 0.00215248 0.65330911
v -0.01109601 0.00424105 0.65283471
v -0.01183834 0.00555896 0.65242058
v -0.00763064 0.00000000 0.65390402
v -0.00509483 0.00000000 0.65409613
v -0.00254974 0.00000000 0.65421152
v 0.03447146 -0.04048186 0.59200001
v 0.02687006 -0.03288047 0.59200001
v 0.03447146 -0.04048186 0.61199999
v 0.02687006 -0.03288047 0.61199999
v 0.04048186 -0.03447146 0.61199999
v 0.03288047 -0.02687006 0.61199999
v 0.04048186 -0.03447146 0.59200001
v 0.03288047 -0.02687006 0.59200001
v 0.03729988 -0.04048186 0.61199999
v 0.04048186 -0.03729988 0.61199999
v 0.03729988 -0.04048186 0.59200001
v 0.04048186 -0.03729988 0.59200001
v 0.01015254 -0.00000000 0.65363562
v 0.00763064 -0.00000000 0.65390402
v 0.00509483 -0.00000000 0.65409613
v 0.00254974 -0.00000000 0.65421152
v -0.00000000 -0.00000000 0.65425003
v 0.01308148 0.00707107 0.65177435
v 0.01155871 0.00511598 0.65257263
v 0.01081886 0.00358882 0.65300333
v 0.01040215 0.00222016 0.65329653
v 0.01021494 0.00111517 0.65348345
v 0.01742849 0.01141808 0.64899999
v 0.03288047 0.02687006 0.61199999
v 0.03220283 0.02619242 0.62094760
v 0.03020068 0.02419027 0.62948930
v 0.02696482 0.02095442 0.63723761
v 0.02264206 0.01663165 0.64384103
v 0.02687006 0.03288047 0.61199999
v 0.02619242 0.03220283 0.62094760
v 0.02419027 0.03020068 0.62948930
v 0.02095442 0.02696482 0.63723761
v 0.01663165 0.02264206 0.64384103
v 0.01141808 0.01742849 0.64899999
v 0.00707107 0.01308148 0.65177435
v 0.00000000 0.01015254 0.65363562
v 0.00215248 0.01038697 0.65330911
v 0.00424105 0.01109601 0.65283471
v 0.00555896 0.01183834 0.65242058
v 0.00000000 0.00763064 0.65390402
v 0.00000000 0.00509483 0.65409613
v 0.00000000 0.00254974 0.65421152
v 0.04048186 0.03447146 0.59200001
v 0.03288047 0.02687006 0.59200001
v 0.04048186 0.03447146 0.61199999
v 0.03288047 0.02687006 0.61199999
v 0.03447146 0.04048186 0.61199999
v 0.02687006 0.03288047 0.61199999
v 0.03447146 0.04048186 0.59200001
v 0.02687006 0.03288047 0.59200001
v 0.03729988 0.04048186 0.59200001
v 0.04048186 0.03729988 0.59200001
v 0.03729988 0.04048186 0.61199999
v 0.04048186 0.03729988 0.61199999
v -0.03447146 0.04048186 0.59200001
v -0.02687006 0.03288047 0.59200001
v -0.03447146 0.04048186 0.61199999
v -0.02687006 0.03288047 0.61199999
v -0.04048186 0.03447146 0.61199999
v -0.03288047 0.02687006 0.61199999
v -0.04048186 0.03447146 0.59200001
v -0.03288047 0.02687006 0.59200001
v -0.03729988 0.04048186 0.61199999
v -0.04048186 0.03729988 0.61199999
v -0.03729988 0.04048186 0.59200001
v -0.04048186 0.03729988 0.59200001
v -0.01308148 -0.00707107 0.65177435
v -0.01155871 -0.00511598 0.65257263
v -0.01081886 -0.00358882 0.65300333
v -0.01040215 -0.00222016 0.65329653
v -0.01021494 -0.00111517 0.65348345
v -0.01015254 0.00000000 0.65363562
v -0.01742849 -0.01141808 0.64899999
v -0.03288047 -0.02687006 0.61199999
v -0.03220283 -0.02619242 0.62094760
v -0.03020068 -0.02419027 0.62948930
v -0.02696482 -0.02095442 0.63723761
v -0.02264206 -0.01663165 0.64384103
v -0.02687006 -0.03288047 0.61199999
v -0.02619242 -0.03220283 0.62094760
v -0.02419027 -0.03020068 0.62948930
v -0.02095442 -0.02696482 0.63723761
v -0.01663165 -0.02264206 0.64384103
v -0.01141808 -0.01742849 0.64899999
v -0.00707107 -0.01308148 0.65177435
v -0.00000000 -0.01015254 0.65363562
v -0.00215248 -0.01038697 0.65330911
v -0.00424105 -0.01109601 0.65283471
v -0.00555896 -0.01183834 0.65242058
v -0.00000000 -0.00000000 0.65425003
v -0.00000000 -0.00254974 0.65421152
v -0.00000000 -0.00509483 0.65409613
v -0.00000000 -0.00763064 0.65390402
v -0.00763064 0.00000000 0.65390402
v -0.00509483 0.00000000 0.65409613
v -0.00254974 0.00000000 0.65421152
v -0.04048186 -0.03447146 0.59200001
v -0.03288047 -0.02687006 0.59200001
v -0.04048186 -0.03447146 0.61199999
v -0.03288047 -0.02687006 0.61199999
v -0.03447146 -0.04048186 0.61199999
v -0.02687006 -0.03288047 0.61199999
v -0.03447146 -0.04048186 0.59200001
v -0.02687006 -0.03288047 0.59200001
v -0.04048186 -0.03729988 0.61199999
v -0.03729988 -0.04048186 0.61199999
v -0.04048186 -0.03729988 0.59200001
v -0.03729988 -0.04048186 0.59200001
v 0.03288047 0.02687006 0.59200001
v 0.03250557 0.02800837 0.59200001
v 0.03288047 0.02687006 0.61199999
v 0.03250557 0.02800837 0.61199999
v 0.02823305 0.03242735 0.59200001
v 0.02815845 0.03245426 0.59200001
v 0.02808355 0.03248034 0.59200001
v 0.02800837 0.03250557 0.59200001
v 0.02800837 0.03250557 0.61199999
v 0.02823305 0.03242735 0.61199999
v 0.02815845 0.03245426 0.61199999
v 0.02808355 0.03248034 0.61199999
v 0.02800837 0.03250557 0.59200001
v 0.02687006 0.03288047 0.59200001
v 0.02800837 0.03250557 0.61199999
v 0.02687006 0.03288047 0.61199999
v 0.03250557 0.02800837 0.61199999
v 0.03248034 0.02808355 0.61199999
v 0.03245426 0.02815845 0.61199999
v 0.03242735 0.02823305 0.61199999
v 0.03112004 0.03112004 0.61199999
v 0.03178477 0.03027289 0.61199999
v 0.03222901 0.02929184 0.61199999
v 0.02823305 0.03242735 0.61199999
v 0.02929184 0.03222901 0.61199999
v 0.03027289 0.03178477 0.61199999
v 0.02815845 0.03245426 0.61199999
v 0.02808355 0.03248034 0.61199999
v 0.02800837 0.03250557 0.61199999
v 0.02687006 0.03288047 0.61199999
v 0.03288047 0.02687006 0.61199999
v -0.03288047 -0.02687006 0.59200001
v -0.03250557 -0.02800837 0.59200001
v -0.03288047 -0.02687006 0.61199999
v -0.03250557 -0.02800837 0.61199999
v -0.02823305 -0.03242735 0.59200001
v -0.02815845 -0.03245426 0.59200001
v -0.02808355 -0.03248034 0.59200001
v -0.02800837 -0.03250557 0.59200001
v -0.02800837 -0.03250557 0.61199999
v -0.02823305 -0.03242735 0.61199999
v -0.02815845 -0.03245426 0.61199999
v -0.02808355 -0.03248034 0.61199999
v -0.02800837 -0.03250557 0.59200001
v -0.02687006 -0.03288047 0.59200001
v -0.02800837 -0.03250557 0.61199999
v -0.02687006 -0.03288047 0.61199999
v -0.03250557 -0.02800837 0.61199999
v -0.03248034 -0.02808355 0.61199999
v -0.03245426 -0.02815845 0.61199999
v -0.03242735 -0.02823305 0.61199999
v -0.03112004 -0.03112004 0.61199999
v -0.03178477 -0.03027289 0.61199999
v -0.03222901 -0.02929184 0.61199999
v -0.02823305 -0.03242735 0.61199999
v -0.02929184 -0.03222901 0.61199999
v -0.03027289 -0.03178477 0.61199999
v -0.02815845 -0.03245426 0.61199999
v -0.02808355 -0.03248034 0.61199999
v -0.02800837 -0.03250557 0.61199999
v -0.02687006 -0.03288047 0.61199999
v -0.03288047 -0.02687006 0.61199999
v -0.02687006 0.03288047 0.59200001
v -0.02800837 0.03250557 0.59200001
v -0.02687006 0.03288047 0.61199999
v -0.02800837 0.03250557 0.61199999
v -0.03242735 0.02823305 0.59200001
v -0.03245426 0.02815845 0.59200001
v -0.03248034 0.02808355 0.59200001
v -0.03250557 0.02800837 0.59200001
v -0.03250557 0.02800837 0.61199999
v -0.03242735 0.02823305 0.61199999
v -0.03245426 0.02815845 0.61199999
v -0.03248034 0.02808355 0.61199999
v -0.03250557 0.02800837 0.59200001
v -0.03288047 0.02687006 0.59200001
v -0.03250557 0.02800837 0.61199999
v -0.03288047 0.02687006 0.61199999
v -0.02800837 0.03250557 0.61199999
v -0.02808355 0.03248034 0.61199999
v -0.02815845 0.03245426 0.61199999
v -0.02823305 0.03242735 0.61199999
v -0.03112004 0.03112004 0.61199999
v -0.03027289 0.03178477 0.61199999
v -0.02929184 0.03222901 0.61199999
v -0.03242735 0.02823305 0.61199999
v -0.03222901 0.02929184 0.61199999
v -0.03178477 0.03027289 0.61199999
v -0.03245426 0.02815845 0.61199999
v -0.03248034 0.02808355 0.61199999
v -0.03250557 0.02800837 0.61199999
v -0.03288047 0.02687006 0.61199999
v -0.02687006 0.03288047 0.61199999
v 0.02687006 -0.03288047 0.59200001
v 0.02800837 -0.03250557 0.59200001
v 0.02687006 -0.03288047 0.61199999
v 0.02800837 -0.03250557 0.61199999
v 0.02800837 -0.03250557 0.61199999
v 0.02808355 -0.03248034 0.61199999
v 0.02815845 -0.03245426 0.61199999
v 0.02823305 -0.03242735 0.61199999
v 0.02800837 -0.03250557 0.59200001
v 0.02808355 -0.03248034 0.59200001
v 0.02815845 -0.03245426 0.59200001
v 0.02823305 -0.03242735 0.59200001
v 0.03250557 -0.02800837 0.59200001
v 0.03288047 -0.02687006 0.59200001
v 0.03250557 -0.02800837 0.61199999
v 0.03288047 -0.02687006 0.61199999
v 0.03250557 -0.02800837 0.61199999
v 0.03288047 -0.02687006 0.61199999
v 0.02687006 -0.03288047 0.61199999
v 0.02800837 -0.03250557 0.61199999
v 0.02808355 -0.03248034 0.61199999
v 0.02815845 -0.03245426 0.61199999
v 0.02823305 -0.03242735 0.61199999
v 0.03112004 -0.03112004 0.61199999
v 0.03027289 -0.03178477 0.61199999
v 0.02929184 -0.03222901 0.61199999
v 0.03242735 -0.02823305 0.61199999
v 0.03222901 -0.02929184 0.61199999
v 0.03178477 -0.03027289 0.61199999
v 0.03245426 -0.02815845 0.61199999
v 0.03248034 -0.02808355 0.61199999
v 0.01763767 -0.00110919 0.65700001
v 0.01728405 -0.00079442 0.65700001
v 0.01698880 -0.00042299 0.65700001
v 0.01677522 -0.00000000 0.65700001
v 0.02308535 -0.00576123 0.65700001
v 0.02646567 -0.00914156 0.65700001
v 0.02646567 0.00914156 0.65700001
v 0.02782812 0.00309774 0.65700001
v 0.02782812 -0.00309774 0.65700001
v 0.02308535 0.00576123 0.65700001
v 0.01763767 0.00110919 0.65700001
v 0.01698753 0.00042103 0.65700001
v 0.01728313 0.00079346 0.65700001
v 0.00110919 0.01763767 0.65700001
v 0.00079442 0.01728405 0.65700001
v 0.00042299 0.01698880 0.65700001
v 0.00000000 0.01677522 0.65700001
v 0.00576123 0.02308535 0.65700001
v 0.00914156 0.02646567 0.65700001
v -0.00914156 0.02646567 0.65700001
v -0.00309774 0.02782812 0.65700001
v 0.00309774 0.02782812 0.65700001
v -0.00576123 0.02308535 0.65700001
v -0.00110919 0.01763767 0.65700001
v -0.00042103 0.01698753 0.65700001
v -0.00079346 0.01728313 0.65700001
v -0.01763767 0.00110919 0.65700001
v -0.01728405 0.00079442 0.65700001
v -0.01698880 0.00042299 0.65700001
v -0.01677522 0.00000000 0.65700001
v -0.02308535 0.00576123 0.65700001
v -0.02646567 0.00914156 0.65700001
v -0.02646567 -0.00914156 0.65700001
v -0.02782812 -0.00309774 0.65700001
v -0.02782812 0.00309774 0.65700001
v -0.02308535 -0.00576123 0.65700001
v -0.01763767 -0.00110919 0.65700001
v -0.01698753 -0.00042103 0.65700001
v -0.01728313 -0.00079346 0.65700001
v -0.00110919 -0.01763767 0.65700001
v -0.00079442 -0.01728405 0.65700001
v -0.00042299 -0.01698880 0.65700001
v -0.00000000 -0.01677522 0.65700001
v -0.00576123 -0.02308535 0.65700001
v -0.00914156 -0.02646567 0.65700001
v 0.00914156 -0.02646567 0.65700001
v 0.00309774 -0.02782812 0.65700001
v -0.00309774 -0.02782812 0.65700001
v 0.00576123 -0.02308535 0.65700001
v 0.00110919 -0.01763767 0.65700001
v 0.00042103 -0.01698753 0.65700001
v 0.00079346 -0.01728313 0.65700001
v 0.02052444 0.02052444 0.67100000
v 0.01501622 0.02483986 0.67100000
v 0.00863531 0.02771167 0.67100000
v 0.00175254 0.02897299 0.67100000
v -0.00523207 0.02855049 0.67100000
v -0.01191262 0.02646875 0.67100000
v -0.01790085 0.02284874 0.67100000
v -0.02284874 0.01790085 0.67100000
v -0.02646875 0.01191262 0.67100000
v -0.02855049 0.00523207 0.67100000
v -0.02897299 -0.00175254 0.67100000
v -0.02771167 -0.00863531 0.67100000
v -0.02483986 -0.01501622 0.67100000
v -0.02052444 -0.02052444 0.67100000
v -0.01501622 -0.02483986 0.67100000
v -0.00863531 -0.02771167 0.67100000
v -0.00175254 -0.02897299 0.67100000
v 0.00523207 -0.02855049 0.67100000
v 0.01191262 -0.02646875 0.67100000
v 0.01790085 -0.02284874 0.67100000
v 0.02284874 -0.01790085 0.67100000
v 0.02646875 -0.01191262 0.67100000
v 0.02855049 -0.00523207 0.67100000
v 0.02897299 0.00175254 0.67100000
v 0.02771167 0.00863531 0.67100000
v 0.02483986 0.01501622 0.67100000
v 0.02687399 0.02086358 0.64899999
v 0.02534973 0.01880127 0.65143770
v 0.02458399 0.01656442 0.65355110
v 0.02451401 0.01503708 0.65476298
v 0.02464277 0.01421730 0.65534067
v 0.02489026 0.01344954 0.65583318
v 0.01742849 0.01141808 0.64899999
v 0.01757032 0.01127626 0.65078014
v 0.01798870 0.01085788 0.65247107
v 0.01866264 0.01018394 0.65398794
v 0.01955836 0.00928822 0.65525466
v 0.02063093 0.00821565 0.65620774
v 0.02182658 0.00702000 0.65679944
v 0.02308535 0.00576123 0.65700001
v 0.02646567 0.00914156 0.65700001
v 0.02500043 0.01320320 0.65598047
v 0.02556561 0.01194024 0.65656042
v 0.02606182 0.01057287 0.65689403
v 0.02492483 0.01336690 0.65588301
v 0.02496156 0.01328477 0.65593207
v 0.01742849 0.01141808 0.64899999
v 0.01308148 0.00707107 0.65177435
v 0.01362158 0.00636433 0.65350050
v 0.01439829 0.00534798 0.65496147
v 0.01536587 0.00408189 0.65607119
v 0.01646729 0.00264065 0.65676433
v 0.01763767 0.00110919 0.65700001
v 0.02308535 0.00576123 0.65700001
v 0.01757032 0.01127626 0.65078014
v 0.01798870 0.01085788 0.65247107
v 0.01866264 0.01018394 0.65398794
v 0.01955836 0.00928822 0.65525466
v 0.02063093 0.00821565 0.65620774
v 0.02182658 0.00702000 0.65679944
v 0.01714638 0.00725941 0.65515143
v 0.02646567 -0.00914156 0.65700001
v 0.02605342 -0.01059864 0.65689003
v 0.02554973 -0.01197955 0.65654677
v 0.02498028 -0.01324406 0.65595615
v 0.02308535 -0.00576123 0.65700001
v 0.02182658 -0.00702000 0.65679944
v 0.02063093 -0.00821565 0.65620774
v 0.01955836 -0.00928822 0.65525466
v 0.01866264 -0.01018394 0.65398794
v 0.01798870 -0.01085788 0.65247107
v 0.01757032 -0.01127626 0.65078014
v 0.01742849 -0.01141808 0.64899999
v 0.02687399 -0.02086358 0.64899999
v 0.02489026 -0.01344954 0.65583318
v 0.02455567 -0.01467207 0.65502656
v 0.02450536 -0.01586806 0.65412539
v 0.02467218 -0.01700326 0.65317005
v 0.02515391 -0.01840243 0.65184778
v 0.02590886 -0.01971602 0.65043092
v 0.02494808 -0.01331179 0.65591550
v 0.02491806 -0.01338030 0.65587455
v 0.01308148 0.00707107 0.65177435
v 0.01155871 0.00511598 0.65257263
v 0.01081886 0.00358882 0.65300333
v 0.01040215 0.00222016 0.65329653
v 0.01021494 0.00111517 0.65348345
v 0.01015254 -0.00000000 0.65363562
v 0.01141090 -0.00000000 0.65502131
v 0.01295674 -0.00000000 0.65607649
v 0.01470042 -0.00000000 0.65674400
v 0.01572830 -0.00000000 0.65693694
v 0.01677522 -0.00000000 0.65700001
v 0.01698753 0.00042103 0.65700001
v 0.01728313 0.00079346 0.65700001
v 0.01763767 0.00110919 0.65700001
v 0.01362158 0.00636433 0.65350050
v 0.01439829 0.00534798 0.65496147
v 0.01536587 0.00408189 0.65607119
v 0.01646729 0.00264065 0.65676433
v 0.01301561 0.00040368 0.65607274
v 0.01197385 0.00350327 0.65441918
v 0.01248776 0.00318293 0.65501070
v 0.02308535 -0.00576123 0.65700001
v 0.01763767 -0.00110919 0.65700001
v 0.01646729 -0.00264065 0.65676433
v 0.01536587 -0.00408189 0.65607119
v 0.01439829 -0.00534798 0.65496147
v 0.01362158 -0.00636433 0.65350050
v 0.01308148 -0.00707107 0.65177435
v 0.01742849 -0.01141808 0.64899999
v 0.02182658 -0.00702000 0.65679944
v 0.02063093 -0.00821565 0.65620774
v 0.01955836 -0.00928822 0.65525466
v 0.01866264 -0.01018394 0.65398794
v 0.01798870 -0.01085788 0.65247107
v 0.01757032 -0.01127626 0.65078014
v 0.01714638 -0.00725941 0.65515143
v 0.01015254 -0.00000000 0.65363562
v 0.01038697 -0.00215248 0.65330911
v 0.01109601 -0.00424105 0.65283471
v 0.01183834 -0.00555896 0.65242058
v 0.01308148 -0.00707107 0.65177435
v 0.01763767 -0.00110919 0.65700001
v 0.01646729 -0.00264065 0.65676433
v 0.01536587 -0.00408189 0.65607119
v 0.01439829 -0.00534798 0.65496147
v 0.01362158 -0.00636433 0.65350050
v 0.01728405 -0.00079442 0.65700001
v 0.01698880 -0.00042299 0.65700001
v 0.01677522 -0.00000000 0.65700001
v 0.01141090 -0.00000000 0.65502131
v 0.01295674 -0.00000000 0.65607649
v 0.01470042 -0.00000000 0.65674400
v 0.01572830 -0.00000000 0.65693694
v 0.01301561 -0.00040368 0.65607274
v 0.01248776 -0.00318293 0.65501070
v 0.01141808 -0.01742849 0.64899999
v 0.01127626 -0.01757032 0.65078014
v 0.01085788 -0.01798870 0.65247107
v 0.01018394 -0.01866264 0.65398794
v 0.00928822 -0.01955836 0.65525466
v 0.00821565 -0.02063093 0.65620774
v 0.00702000 -0.02182658 0.65679944
v 0.00576123 -0.02308535 0.65700001
v 0.00914156 -0.02646567 0.65700001
v 0.01324406 -0.02498028 0.65595615
v 0.01197083 -0.02555319 0.65654981
v 0.01058902 -0.02605661 0.65689158
v 0.01344954 -0.02489026 0.65583318
v 0.01338030 -0.02491806 0.65587455
v 0.01331179 -0.02494808 0.65591550
v 0.02086358 -0.02687399 0.64899999
v 0.01880127 -0.02534973 0.65143770
v 0.01656442 -0.02458399 0.65355110
v 0.01503708 -0.02451401 0.65476298
v 0.01421730 -0.02464277 0.65534067
v 0.01141808 -0.01742849 0.64899999
v 0.00707107 -0.01308148 0.65177435
v 0.00636433 -0.01362158 0.65350050
v 0.00534798 -0.01439829 0.65496147
v 0.00408189 -0.01536587 0.65607119
v 0.00264065 -0.01646729 0.65676433
v 0.00110919 -0.01763767 0.65700001
v 0.00576123 -0.02308535 0.65700001
v 0.01127626 -0.01757032 0.65078014
v 0.01085788 -0.01798870 0.65247107
v 0.01018394 -0.01866264 0.65398794
v 0.00928822 -0.01955836 0.65525466
v 0.00821565 -0.02063093 0.65620774
v 0.00702000 -0.02182658 0.65679944
v 0.00725941 -0.01714638 0.65515143
v -0.00914156 -0.02646567 0.65700001
v -0.01058260 -0.02605860 0.65689254
v -0.01194907 -0.02556212 0.65655738
v -0.01320320 -0.02500043 0.65598047
v -0.00576123 -0.02308535 0.65700001
v -0.00702000 -0.02182658 0.65679944
v -0.00821565 -0.02063093 0.65620774
v -0.00928822 -0.01955836 0.65525466
v -0.01018394 -0.01866264 0.65398794
v -0.01085788 -0.01798870 0.65247107
v -0.01127626 -0.01757032 0.65078014
v -0.01141808 -0.01742849 0.64899999
v -0.02086358 -0.02687399 0.64899999
v -0.01344954 -0.02489026 0.65583318
v -0.01467207 -0.02455567 0.65502656
v -0.01586806 -0.02450536 0.65412539
v -0.01700326 -0.02467218 0.65317005
v -0.01840243 -0.02515391 0.65184778
v -0.01971602 -0.02590886 0.65043092
v -0.01328477 -0.02496156 0.65593207
v -0.01336690 -0.02492483 0.65588301
v 0.00707107 -0.01308148 0.65177435
v 0.00511598 -0.01155871 0.65257263
v 0.00358882 -0.01081886 0.65300333
v 0.00222016 -0.01040215 0.65329653
v 0.00111517 -0.01021494 0.65348345
v -0.00000000 -0.01015254 0.65363562
v -0.00000000 -0.01141090 0.65502131
v -0.00000000 -0.01295674 0.65607649
v -0.00000000 -0.01470042 0.65674400
v -0.00000000 -0.01572830 0.65693694
v -0.00000000 -0.01677522 0.65700001
v 0.00042103 -0.01698753 0.65700001
v 0.00079346 -0.01728313 0.65700001
v 0.00110919 -0.01763767 0.65700001
v 0.00636433 -0.01362158 0.65350050
v 0.00534798 -0.01439829 0.65496147
v 0.00408189 -0.01536587 0.65607119
v 0.00264065 -0.01646729 0.65676433
v 0.00040368 -0.01301561 0.65607274
v 0.00350327 -0.01197385 0.65441918
v 0.00318293 -0.01248776 0.65501070
v -0.00576123 -0.02308535 0.65700001
v -0.00110919 -0.01763767 0.65700001
v -0.00264065 -0.01646729 0.65676433
v -0.00408189 -0.01536587 0.65607119
v -0.00534798 -0.01439829 0.65496147
v -0.00636433 -0.01362158 0.65350050
v -0.00707107 -0.01308148 0.65177435
v -0.01141808 -0.01742849 0.64899999
v -0.00702000 -0.02182658 0.65679944
v -0.00821565 -0.02063093 0.65620774
v -0.00928822 -0.01955836 0.65525466
v -0.01018394 -0.01866264 0.65398794
v -0.01085788 -0.01798870 0.65247107
v -0.01127626 -0.01757032 0.65078014
v -0.00725941 -0.01714638 0.65515143
v -0.00000000 -0.01015254 0.65363562
v -0.00215248 -0.01038697 0.65330911
v -0.00424105 -0.01109601 0.65283471
v -0.00555896 -0.01183834 0.65242058
v -0.00707107 -0.01308148 0.65177435
v -0.00110919 -0.01763767 0.65700001
v -0.00264065 -0.01646729 0.65676433
v -0.00408189 -0.01536587 0.65607119
v -0.00534798 -0.01439829 0.65496147
v -0.00636433 -0.01362158 0.65350050
v -0.00079442 -0.01728405 0.65700001
v -0.00042299 -0.01698880 0.65700001
v -0.00000000 -0.01677522 0.65700001
v -0.00000000 -0.01141090 0.65502131
v -0.00000000 -0.01295674 0.65607649
v -0.00000000 -0.01470042 0.65674400
v -0.00000000 -0.01572830 0.65693694
v -0.00040368 -0.01301561 0.65607274
v -0.00318293 -0.01248776 0.65501070
v -0.01742849 -0.01141808 0.64899999
v -0.01757032 -0.01127626 0.65078014
v -0.01798870 -0.01085788 0.65247107
v -0.01866264 -0.01018394 0.65398794
v -0.01955836 -0.00928822 0.65525466
v -0.02063093 -0.00821565 0.65620774
v -0.02182658 -0.00702000 0.65679944
v -0.02308535 -0.00576123 0.65700001
v -0.02646567 -0.00914156 0.65700001
v -0.02500043 -0.01320320 0.65598047
v -0.02556561 -0.01194024 0.65656042
v -0.02606182 -0.01057287 0.65689403
v -0.02489026 -0.01344954 0.65583318
v -0.02492483 -0.01336690 0.65588301
v -0.02496156 -0.01328477 0.65593207
v -0.02687399 -0.02086358 0.64899999
v -0.02534973 -0.01880127 0.65143770
v -0.02458399 -0.01656442 0.65355110
v -0.02451401 -0.01503708 0.65476298
v -0.02464277 -0.01421730 0.65534067
v -0.01742849 -0.01141808 0.64899999
v -0.01308148 -0.00707107 0.65177435
v -0.01362158 -0.00636433 0.65350050
v -0.01439829 -0.00534798 0.65496147
v -0.01536587 -0.00408189 0.65607119
v -0.01646729 -0.00264065 0.65676433
v -0.01763767 -0.00110919 0.65700001
v -0.02308535 -0.00576123 0.65700001
v -0.01757032 -0.01127626 0.65078014
v -0.01798870 -0.01085788 0.65247107
v -0.01866264 -0.01018394 0.65398794
v -0.01955836 -0.00928822 0.65525466
v -0.02063093 -0.00821565 0.65620774
v -0.02182658 -0.00702000 0.65679944
v -0.01714638 -0.00725941 0.65515143
v -0.02646567 0.00914156 0.65700001
v -0.02605860 0.01058260 0.65689254
v -0.02556212 0.01194907 0.65655738
v -0.02500043 0.01320320 0.65598047
v -0.02308535 0.00576123 0.65700001
v -0.02182658 0.00702000 0.65679944
v -0.02063093 0.00821565 0.65620774
v -0.01955836 0.00928822 0.65525466
v -0.01866264 0.01018394 0.65398794
v -0.01798870 0.01085788 0.65247107
v -0.01757032 0.01127626 0.65078014
v -0.01742849 0.01141808 0.64899999
v -0.02687399 0.02086358 0.64899999
v -0.02489026 0.01344954 0.65583318
v -0.02455567 0.01467207 0.65502656
v -0.02450536 0.01586806 0.65412539
v -0.02467218 0.01700326 0.65317005
v -0.02515391 0.01840243 0.65184778
v -0.02590886 0.01971602 0.65043092
v -0.02496156 0.01328477 0.65593207
v -0.02492483 0.01336690 0.65588301
v -0.01308148 -0.00707107 0.65177435
v -0.01155871 -0.00511598 0.65257263
v -0.01081886 -0.00358882 0.65300333
v -0.01040215 -0.00222016 0.65329653
v -0.01021494 -0.00111517 0.65348345
v -0.01015254 0.00000000 0.65363562
v -0.01141090 0.00000000 0.65502131
v -0.01295674 0.00000000 0.65607649
v -0.01470042 0.00000000 0.65674400
v -0.01572830 0.00000000 0.65693694
v -0.01677522 0.00000000 0.65700001
v -0.01698753 -0.00042103 0.65700001
v -0.01728313 -0.00079346 0.65700001
v -0.01763767 -0.00110919 0.65700001
v -0.01362158 -0.00636433 0.65350050
v -0.01439829 -0.00534798 0.65496147
v -0.01536587 -0.00408189 0.65607119
v -0.01646729 -0.00264065 0.65676433
v -0.01301561 -0.00040368 0.65607274
v -0.01197385 -0.00350327 0.65441918
v -0.01248776 -0.00318293 0.65501070
v -0.02308535 0.00576123 0.65700001
v -0.01763767 0.00110919 0.65700001
v -0.01646729 0.00264065 0.65676433
v -0.01536587 0.00408189 0.65607119
v -0.01439829 0.00534798 0.65496147
v -0.01362158 0.00636433 0.65350050
v -0.01308148 0.00707107 0.65177435
v -0.01742849 0.01141808 0.64899999
v -0.02182658 0.00702000 0.65679944
v -0.02063093 0.00821565 0.65620774
v -0.01955836 0.00928822 0.65525466
v -0.01866264 0.01018394 0.65398794
v -0.01798870 0.01085788 0.65247107
v -0.01757032 0.01127626 0.65078014
v -0.01714638 0.00725941 0.65515143
v -0.01015254 0.00000000 0.65363562
v -0.01038697 0.00215248 0.65330911
v -0.01109601 0.00424105 0.65283471
v -0.01183834 0.00555896 0.65242058
v -0.01308148 0.00707107 0.65177435
v -0.01763767 0.00110919 0.65700001
v -0.01646729 0.00264065 0.65676433
v -0.01536587 0.00408189 0.65607119
v -0.01439829 0.00534798 0.65496147
v -0.01362158 0.00636433 0.65350050
v -0.01728405 0.00079442 0.65700001
v -0.01698880 0.00042299 0.65700001
v -0.01677522 0.00000000 0.65700001
v -0.01141090 0.00000000 0.65502131
v -0.01295674 0.00000000 0.65607649
v -0.01470042 0.00000000 0.65674400
v -0.01572830 0.00000000 0.65693694
v -0.01301561 0.00040368 0.65607274
v -0.01248776 0.00318293 0.65501070
v -0.01141808 0.01742849 0.64899999
v -0.01127626 0.01757032 0.65078014
v -0.01085788 0.01798870 0.65247107
v -0.01018394 0.01866264 0.65398794
v -0.00928822 0.01955836 0.65525466
v -0.00821565 0.02063093 0.65620774
v -0.00702000 0.02182658 0.65679944
v -0.00576123 0.02308535 0.65700001
v -0.00914156 0.02646567 0.65700001
v -0.01320320 0.02500043 0.65598047
v -0.01194024 0.02556561 0.65656042
v -0.01057287 0.02606182 0.65689403
v -0.01344954 0.02489026 0.65583318
v -0.01336690 0.02492483 0.65588301
v -0.01328477 0.02496156 0.65593207
v -0.02086358 0.02687399 0.64899999
v -0.01880127 0.02534973 0.65143770
v -0.01656442 0.02458399 0.65355110
v -0.01503708 0.02451401 0.65476298
v -0.01421730 0.02464277 0.65534067
v -0.01141808 0.01742849 0.64899999
v -0.00707107 0.01308148 0.65177435
v -0.00636433 0.01362158 0.65350050
v -0.00534798 0.01439829 0.65496147
v -0.00408189 0.01536587 0.65607119
v -0.00264065 0.01646729 0.65676433
v -0.00110919 0.01763767 0.65700001
v -0.00576123 0.02308535 0.65700001
v -0.01127626 0.01757032 0.65078014
v -0.01085788 0.01798870 0.65247107
v -0.01018394 0.01866264 0.65398794
v -0.00928822 0.01955836 0.65525466
v -0.00821565 0.02063093 0.65620774
v -0.00702000 0.02182658 0.65679944
v -0.00725941 0.01714638 0.65515143
v 0.00914156 0.02646567 0.65700001
v 0.01058260 0.02605860 0.65689254
v 0.01194907 0.02556212 0.65655738
v 0.01320320 0.02500043 0.65598047
v 0.00576123 0.02308535 0.65700001
v 0.00702000 0.02182658 0.65679944
v 0.00821565 0.02063093 0.65620774
v 0.00928822 0.01955836 0.65525466
v 0.01018394 0.01866264 0.65398794
v 0.01085788 0.01798870 0.65247107
v 0.01127626 0.01757032 0.65078014
v 0.01141808 0.01742849 0.64899999
v 0.02086358 0.02687399 0.64899999
v 0.01344954 0.02489026 0.65583318
v 0.01467207 0.02455567 0.65502656
v 0.01586806 0.02450536 0.65412539
v 0.01700326 0.02467218 0.65317005
v 0.01840243 0.02515391 0.65184778
v 0.01971602 0.02590886 0.65043092
v 0.01328477 0.02496156 0.65593207
v 0.01336690 0.02492483 0.65588301
v -0.00707107 0.01308148 0.65177435
v -0.00511598 0.01155871 0.65257263
v -0.00358882 0.01081886 0.65300333
v -0.00222016 0.01040215 0.65329653
v -0.00111517 0.01021494 0.65348345
v 0.00000000 0.01015254 0.65363562
v 0.00000000 0.01141090 0.65502131
v 0.00000000 0.01295674 0.65607649
v 0.00000000 0.01470042 0.65674400
v 0.00000000 0.01572830 0.65693694
v 0.00000000 0.01677522 0.65700001
v -0.00042103 0.01698753 0.65700001
v -0.00079346 0.01728313 0.65700001
v -0.00110919 0.01763767 0.65700001
v -0.00636433 0.01362158 0.65350050
v -0.00534798 0.01439829 0.65496147
v -0.00408189 0.01536587 0.65607119
v -0.00264065 0.01646729 0.65676433
v -0.00040368 0.01301561 0.65607274
v -0.00350327 0.01197385 0.65441918
v -0.00318293 0.01248776 0.65501070
v 0.00576123 0.02308535 0.65700001
v 0.00110919 0.01763767 0.65700001
v 0.00264065 0.01646729 0.65676433
v 0.00408189 0.01536587 0.65607119
v 0.00534798 0.01439829 0.65496147
v 0.00636433 0.01362158 0.65350050
v 0.00707107 0.01308148 0.65177435
v 0.01141808 0.01742849 0.64899999
v 0.00702000 0.02182658 0.65679944
v 0.00821565 0.02063093 0.65620774
v 0.00928822 0.01955836 0.65525466
v 0.01018394 0.01866264 0.65398794
v 0.01085788 0.01798870 0.65247107
v 0.01127626 0.01757032 0.65078014
v 0.00725941 0.01714638 0.65515143
v 0.00000000 0.01015254 0.65363562
v 0.00215248 0.01038697 0.65330911
v 0.00424105 0.01109601 0.65283471
v 0.00555896 0.01183834 0.65242058
v 0.00707107 0.01308148 0.65177435
v 0.00110919 0.01763767 0.65700001
v 0.00264065 0.01646729 0.65676433
v 0.00408189 0.01536587 0.65607119
v 0.00534798 0.01439829 0.65496147
v 0.00636433 0.01362158 0.65350050
v 0.00079442 0.01728405 0.65700001
v 0.00042299 0.01698880 0.65700001
v 0.00000000 0.01677522 0.65700001
v 0.00000000 0.01141090 0.65502131
v 0.00000000 0.01295674 0.65607649
v 0.00000000 0.01470042 0.65674400
v 0.00000000 0.01572830 0.65693694
v 0.00040368 0.01301561 0.65607274
v 0.00318293 0.01248776 0.65501070
v -0.02086358 0.02687399 0.65286028
v -0.02086358 0.02687399 0.64899999
v -0.01508299 0.02594189 0.65754151
v -0.01627462 0.02552170 0.65633601
v -0.01738437 0.02540981 0.65499306
v -0.01870261 0.02560216 0.65310240
v -0.01988416 0.02611227 0.65106499
v -0.01956048 0.02593563 0.65459621
v -0.01819567 0.02548534 0.65586966
v -0.01700683 0.02541986 0.65668625
v -0.01604994 0.02557563 0.65718222
v -0.02594189 0.01508299 0.65754151
v -0.02558002 0.01603345 0.65718955
v -0.02542250 0.01696820 0.65670896
v -0.02543849 0.01786572 0.65612024
v -0.02559785 0.01868728 0.65545815
v -0.02598608 0.01965891 0.65448672
v -0.02639256 0.02030564 0.65368891
v -0.02687399 0.02086358 0.65286028
v -0.02687399 0.02086358 0.64899999
v -0.02583800 0.01935323 0.65202844
v -0.02541033 0.01741924 0.65494740
v -0.02551764 0.01629359 0.65631485
v -0.02687399 -0.02086358 0.65286028
v -0.02687399 -0.02086358 0.64899999
v -0.02594189 -0.01508299 0.65754151
v -0.02552170 -0.01627462 0.65633601
v -0.02540981 -0.01738437 0.65499306
v -0.02560216 -0.01870261 0.65310240
v -0.02611227 -0.01988416 0.65106499
v -0.02593563 -0.01956048 0.65459621
v -0.02548534 -0.01819567 0.65586966
v -0.02541986 -0.01700683 0.65668625
v -0.02557563 -0.01604994 0.65718222
v -0.01508299 -0.02594189 0.65754151
v -0.01603345 -0.02558002 0.65718955
v -0.01696820 -0.02542250 0.65670896
v -0.01786572 -0.02543849 0.65612024
v -0.01868728 -0.02559785 0.65545815
v -0.01965891 -0.02598608 0.65448672
v -0.02030564 -0.02639256 0.65368891
v -0.02086358 -0.02687399 0.65286028
v -0.02086358 -0.02687399 0.64899999
v -0.01935323 -0.02583800 0.65202844
v -0.01741924 -0.02541033 0.65494740
v -0.01629359 -0.02551764 0.65631485
v 0.02086358 -0.02687399 0.65286028
v 0.02086358 -0.02687399 0.64899999
v 0.01508299 -0.02594189 0.65754151
v 0.01627462 -0.02552170 0.65633601
v 0.01738437 -0.02540981 0.65499306
v 0.01870261 -0.02560216 0.65310240
v 0.01988416 -0.02611227 0.65106499
v 0.01956048 -0.02593563 0.65459621
v 0.01819567 -0.02548534 0.65586966
v 0.01700683 -0.02541986 0.65668625
v 0.01604994 -0.02557563 0.65718222
v 0.02594189 -0.01508299 0.65754151
v 0.02558002 -0.01603345 0.65718955
v 0.02542250 -0.01696820 0.65670896
v 0.02543849 -0.01786572 0.65612024
v 0.02559785 -0.01868728 0.65545815
v 0.02598608 -0.01965891 0.65448672
v 0.02639256 -0.02030564 0.65368891
v 0.02687399 -0.02086358 0.65286028
v 0.02687399 -0.02086358 0.64899999
v 0.02583800 -0.01935323 0.65202844
v 0.02541033 -0.01741924 0.65494740
v 0.02551764 -0.01629359 0.65631485
v 0.02687399 0.02086358 0.65286028
v 0.02687399 0.02086358 0.64899999
v 0.02594189 0.01508299 0.65754151
v 0.02552170 0.01627462 0.65633601
v 0.02540981 0.01738437 0.65499306
v 0.02560216 0.01870261 0.65310240
v 0.02611227 0.01988416 0.65106499
v 0.02593563 0.01956048 0.65459621
v 0.02548534 0.01819567 0.65586966
v 0.02541986 0.01700683 0.65668625
v 0.02557563 0.01604994 0.65718222
v 0.01508299 0.02594189 0.65754151
v 0.01603345 0.02558002 0.65718955
v 0.01696820 0.02542250 0.65670896
v 0.01786572 0.02543849 0.65612024
v 0.01868728 0.02559785 0.65545815
v 0.01965891 0.02598608 0.65448672
v 0.02030564 0.02639256 0.65368891
v 0.02086358 0.02687399 0.65286028
v 0.02086358 0.02687399 0.64899999
v 0.01935323 0.02583800 0.65202844
v 0.01741924 0.02541033 0.65494740
v 0.01629359 0.02551764 0.65631485
v 0.04048186 -0.03447146 0.59200001
v 0.04076110 -0.03482160 0.59200001
v 0.04095542 -0.03522511 0.59200001
v 0.04105508 -0.03566174 0.59200001
v 0.04105508 -0.03610960 0.59200001
v 0.04095542 -0.03654623 0.59200001
v 0.04076110 -0.03694974 0.59200001
v 0.04048186 -0.03729988 0.59200001
v 0.04048186 -0.03447146 0.61199999
v 0.04048186 -0.03729988 0.61199999
v 0.04076110 -0.03694974 0.61199999
v 0.04095542 -0.03654623 0.61199999
v 0.04105508 -0.03610960 0.61199999
v 0.04105508 -0.03566174 0.61199999
v 0.04095542 -0.03522511 0.61199999
v 0.04076110 -0.03482160 0.61199999
v 0.03755049 -0.03436851 0.63294822
v 0.03714755 -0.03334385 0.63513601
v 0.03637024 -0.03255532 0.63737893
v 0.03531442 -0.03213244 0.63939452
v 0.04048186 -0.03729988 0.61199999
v 0.04015245 -0.03697047 0.61914343
v 0.03916977 -0.03598779 0.62616581
v 0.04076110 -0.03694974 0.61199999
v 0.04095542 -0.03654623 0.61199999
v 0.04105508 -0.03610960 0.61199999
v 0.04105508 -0.03566174 0.61199999
v 0.04095542 -0.03522511 0.61199999
v 0.04076110 -0.03482160 0.61199999
v 0.04048186 -0.03447146 0.61199999
v 0.02687399 -0.02086358 0.65286028
v 0.03156574 -0.02555533 0.64631605
v 0.03537443 -0.02936402 0.63871080
v 0.03818228 -0.03217187 0.63027966
v 0.03990249 -0.03389208 0.62128335
v 0.02636048 -0.02317850 0.65440220
v 0.02665259 -0.02284123 0.65436351
v 0.02688489 -0.02247570 0.65424949
v 0.02704572 -0.02210025 0.65406579
v 0.02712703 -0.02173370 0.65382165
v 0.02712474 -0.02139443 0.65352929
v 0.02703895 -0.02109946 0.65320337
v 0.03276117 -0.02957919 0.64489132
v 0.02976223 -0.02658025 0.64991784
v 0.03004784 -0.02624461 0.64988416
v 0.03027438 -0.02586520 0.64978129
v 0.03042048 -0.02547501 0.64961702
v 0.03048220 -0.02508887 0.64939868
v 0.03045646 -0.02472615 0.64913726
v 0.03034453 -0.02440504 0.64884585
v 0.03187590 -0.02693042 0.64732850
v 0.03192917 -0.02653584 0.64712346
v 0.03189331 -0.02616300 0.64687788
v 0.03177011 -0.02583061 0.64660418
v 0.03304411 -0.02924088 0.64486212
v 0.03326252 -0.02885334 0.64477289
v 0.03339563 -0.02845016 0.64463037
v 0.03344009 -0.02804675 0.64444101
v 0.03339366 -0.02766336 0.64421421
v 0.03325868 -0.02731919 0.64396143
v 0.03546249 -0.03165926 0.63969415
v 0.03567433 -0.03126514 0.63961893
v 0.03579695 -0.03085148 0.63949883
v 0.03582747 -0.03043414 0.63933927
v 0.03576436 -0.03003405 0.63914812
v 0.03561077 -0.02967128 0.63893509
v 0.03657477 -0.03216559 0.63731074
v 0.03669348 -0.03174800 0.63720071
v 0.03671879 -0.03132546 0.63705444
v 0.03664945 -0.03091914 0.63687927
v 0.03648892 -0.03054943 0.63668406
v 0.03735364 -0.03294445 0.63507253
v 0.03746895 -0.03252348 0.63497221
v 0.03748977 -0.03209643 0.63483888
v 0.03741504 -0.03168473 0.63467926
v 0.03724850 -0.03130901 0.63450128
v 0.03782918 -0.03402595 0.63292962
v 0.03803460 -0.03362541 0.63287282
v 0.03814696 -0.03320148 0.63278204
v 0.03816383 -0.03277050 0.63266146
v 0.03808439 -0.03235408 0.63251698
v 0.03791260 -0.03197311 0.63235599
v 0.03868765 -0.03374217 0.63081896
v 0.03870139 -0.03330806 0.63070977
v 0.03861818 -0.03288788 0.63057899
v 0.03844221 -0.03250271 0.63043314
v 0.03944703 -0.03564380 0.62615323
v 0.03964805 -0.03523886 0.62611479
v 0.03975339 -0.03480792 0.62605345
v 0.03976095 -0.03436761 0.62597185
v 0.03967034 -0.03394003 0.62587422
v 0.03948610 -0.03354661 0.62576532
v 0.04045861 -0.03551313 0.62155724
v 0.04046207 -0.03506874 0.62150174
v 0.04036656 -0.03463625 0.62143534
v 0.04017686 -0.03423737 0.62136132
v 0.04042883 -0.03662560 0.61913705
v 0.04062719 -0.03621799 0.61911768
v 0.04072827 -0.03578280 0.61908674
v 0.04073017 -0.03533683 0.61904562
v 0.04063278 -0.03490248 0.61899638
v 0.04044099 -0.03450150 0.61894149
v 0.02426954 -0.01911301 0.65765059
v 0.02480084 -0.01777509 0.65786481
v 0.02532820 -0.01641659 0.65784365
v 0.02592895 -0.01510082 0.65765792
v 0.02636048 -0.02317850 0.65440220
v 0.02542314 -0.02203652 0.65557510
v 0.02470535 -0.02067669 0.65666807
v 0.02665259 -0.02284123 0.65436351
v 0.02688489 -0.02247570 0.65424949
v 0.02704572 -0.02210025 0.65406579
v 0.02712703 -0.02173370 0.65382165
v 0.02712474 -0.02139443 0.65352929
v 0.02703895 -0.02109946 0.65320337
v 0.02687399 -0.02086358 0.65286028
v 0.02594189 -0.01508299 0.65754151
v 0.02558002 -0.01603345 0.65718955
v 0.02542250 -0.01696820 0.65670896
v 0.02543849 -0.01786572 0.65612024
v 0.02559785 -0.01868728 0.65545815
v 0.02598608 -0.01965891 0.65448672
v 0.02639256 -0.02030564 0.65368891
v 0.02593828 -0.01508931 0.65758032
v 0.02593397 -0.01509527 0.65761912
v 0.02597903 -0.02062713 0.65544313
v 0.02509084 -0.01804470 0.65735793
v 0.02548086 -0.01966064 0.65628314
v 0.02526642 -0.01902105 0.65675104
v 0.02592895 -0.01510082 0.65765792
v 0.02601621 -0.01493844 0.65769517
v 0.02426954 -0.01911301 0.65765059
v 0.02480084 -0.01777509 0.65786481
v 0.02532820 -0.01641659 0.65784365
v 0.02402202 -0.01894039 0.65789574
v 0.02381367 -0.01880411 0.65819436
v 0.02365235 -0.01870931 0.65853518
v 0.02354416 -0.01865958 0.65890533
v 0.02545482 -0.01587615 0.65850002
v 0.02455394 -0.01728686 0.65882885
v 0.02430287 -0.01786991 0.65848404
v 0.02426954 -0.01911301 0.65765059
v 0.02183313 -0.02183382 0.65751481
v 0.01911301 -0.02426954 0.65765059
v 0.01894039 -0.02402202 0.65789574
v 0.01880411 -0.02381367 0.65819436
v 0.01870931 -0.02365235 0.65853518
v 0.01865958 -0.02354416 0.65890533
v 0.02354416 -0.01865958 0.65890533
v 0.02402202 -0.01894039 0.65789574
v 0.02381367 -0.01880411 0.65819436
v 0.02365235 -0.01870931 0.65853518
v 0.02145762 -0.02145121 0.65805274
v 0.01911301 -0.02426954 0.65765059
v 0.01777509 -0.02480084 0.65786481
v 0.01641659 -0.02532820 0.65784365
v 0.01510082 -0.02592895 0.65765792
v 0.01493844 -0.02601621 0.65769517
v 0.01587615 -0.02545482 0.65850002
v 0.01865958 -0.02354416 0.65890533
v 0.01728686 -0.02455394 0.65882885
v 0.01894039 -0.02402202 0.65789574
v 0.01880411 -0.02381367 0.65819436
v 0.01870931 -0.02365235 0.65853518
v 0.01786991 -0.02430287 0.65848404
v 0.01510082 -0.02592895 0.65765792
v 0.01509527 -0.02593397 0.65761912
v 0.01508931 -0.02593828 0.65758032
v 0.01508299 -0.02594189 0.65754151
v 0.02086358 -0.02687399 0.65286028
v 0.01956048 -0.02593563 0.65459621
v 0.01819567 -0.02548534 0.65586966
v 0.01700683 -0.02541986 0.65668625
v 0.01604994 -0.02557563 0.65718222
v 0.02317850 -0.02636048 0.65440220
v 0.02284123 -0.02665259 0.65436351
v 0.02247570 -0.02688489 0.65424949
v 0.02210025 -0.02704572 0.65406579
v 0.02173370 -0.02712703 0.65382165
v 0.02139443 -0.02712474 0.65352929
v 0.02109946 -0.02703895 0.65320337
v 0.01911301 -0.02426954 0.65765059
v 0.02067669 -0.02470535 0.65666807
v 0.02203652 -0.02542314 0.65557510
v 0.01777509 -0.02480084 0.65786481
v 0.01641659 -0.02532820 0.65784365
v 0.02062713 -0.02597903 0.65544313
v 0.01804470 -0.02509084 0.65735793
v 0.01938090 -0.02537673 0.65649539
v 0.01872542 -0.02519457 0.65694761
v 0.03213244 -0.03531442 0.63939452
v 0.03257061 -0.03639190 0.63732600
v 0.03337894 -0.03717279 0.63505185
v 0.03436851 -0.03755049 0.63294822
v 0.02317850 -0.02636048 0.65440220
v 0.02658025 -0.02976223 0.64991784
v 0.02957919 -0.03276117 0.64489132
v 0.02284123 -0.02665259 0.65436351
v 0.02247570 -0.02688489 0.65424949
v 0.02210025 -0.02704572 0.65406579
v 0.02173370 -0.02712703 0.65382165
v 0.02139443 -0.02712474 0.65352929
v 0.02109946 -0.02703895 0.65320337
v 0.02086358 -0.02687399 0.65286028
v 0.03447146 -0.04048186 0.61199999
v 0.03389208 -0.03990249 0.62128335
v 0.03217187 -0.03818228 0.63027966
v 0.02936402 -0.03537443 0.63871080
v 0.02555533 -0.03156574 0.64631605
v 0.03729988 -0.04048186 0.61199999
v 0.03694973 -0.04076110 0.61199999
v 0.03654623 -0.04095542 0.61199999
v 0.03610960 -0.04105508 0.61199999
v 0.03566174 -0.04105508 0.61199999
v 0.03522511 -0.04095542 0.61199999
v 0.03482160 -0.04076110 0.61199999
v 0.03598779 -0.03916977 0.62616581
v 0.03697047 -0.04015245 0.61914343
v 0.03663193 -0.04042479 0.61913729
v 0.03621799 -0.04062719 0.61911768
v 0.03578279 -0.04072827 0.61908674
v 0.03533683 -0.04073017 0.61904562
v 0.03490248 -0.04063278 0.61899638
v 0.03450150 -0.04044100 0.61894149
v 0.03551313 -0.04045861 0.62155724
v 0.03506874 -0.04046207 0.62150174
v 0.03463625 -0.04036656 0.62143534
v 0.03423737 -0.04017686 0.62136132
v 0.03565010 -0.03944296 0.62615365
v 0.03523886 -0.03964805 0.62611479
v 0.03480792 -0.03975339 0.62605345
v 0.03436761 -0.03976095 0.62597185
v 0.03394003 -0.03967034 0.62587422
v 0.03354661 -0.03948610 0.62576532
v 0.03374217 -0.03868765 0.63081896
v 0.03330805 -0.03870139 0.63070977
v 0.03288788 -0.03861818 0.63057899
v 0.03403221 -0.03782507 0.63293028
v 0.03250271 -0.03844221 0.63043314
v 0.03362541 -0.03803460 0.63287282
v 0.03320148 -0.03814696 0.63278204
v 0.03277050 -0.03816383 0.63266146
v 0.03235408 -0.03808439 0.63251698
v 0.03197311 -0.03791260 0.63235599
v 0.03297239 -0.03738158 0.63498724
v 0.03255130 -0.03749678 0.63488728
v 0.03212409 -0.03751743 0.63475442
v 0.03171220 -0.03744250 0.63459533
v 0.03133626 -0.03727575 0.63441807
v 0.03218478 -0.03659397 0.63725853
v 0.03176711 -0.03671259 0.63714874
v 0.03134446 -0.03673780 0.63700277
v 0.03093801 -0.03666832 0.63682801
v 0.03056815 -0.03650764 0.63663316
v 0.03179806 -0.03559092 0.63937104
v 0.03139739 -0.03580659 0.63929588
v 0.03098315 -0.03592863 0.63917720
v 0.03056505 -0.03595838 0.63901949
v 0.03016405 -0.03589435 0.63883060
v 0.02980026 -0.03573975 0.63862002
v 0.02924700 -0.03303986 0.64486313
v 0.02885334 -0.03326252 0.64477289
v 0.02845016 -0.03339563 0.64463037
v 0.02804675 -0.03344009 0.64444101
v 0.02766336 -0.03339366 0.64421421
v 0.02731919 -0.03325868 0.64396143
v 0.02693042 -0.03187590 0.64732850
v 0.02653584 -0.03192917 0.64712346
v 0.02616300 -0.03189331 0.64687788
v 0.02583061 -0.03177011 0.64660418
v 0.02625063 -0.03004349 0.64988530
v 0.02586520 -0.03027438 0.64978129
v 0.02547501 -0.03042048 0.64961702
v 0.02508887 -0.03048220 0.64939868
v 0.02472615 -0.03045646 0.64913726
v 0.02440504 -0.03034453 0.64884585
v 0.03729988 -0.04048186 0.59200001
v 0.03694973 -0.04076110 0.59200001
v 0.03654623 -0.04095542 0.59200001
v 0.03610960 -0.04105508 0.59200001
v 0.03566174 -0.04105508 0.59200001
v 0.03522511 -0.04095542 0.59200001
v 0.03482160 -0.04076110 0.59200001
v 0.03447146 -0.04048186 0.59200001
v 0.03729988 -0.04048186 0.61199999
v 0.03694973 -0.04076110 0.61199999
v 0.03654623 -0.04095542 0.61199999
v 0.03610960 -0.04105508 0.61199999
v 0.03566174 -0.04105508 0.61199999
v 0.03522511 -0.04095542 0.61199999
v 0.03482160 -0.04076110 0.61199999
v 0.03447146 -0.04048186 0.61199999
v -0.01918087 0.02493337 0.65713716
v -0.01709896 0.02528924 0.65740341
v -0.01598675 0.02557326 0.65749770
v -0.01508915 0.02593828 0.65757960
v -0.01508716 0.02593960 0.65756691
v -0.01508509 0.02594078 0.65755421
v -0.01508299 0.02594189 0.65754151
v -0.02086358 0.02687399 0.65286028
v -0.01956048 0.02593563 0.65459621
v -0.01819567 0.02548534 0.65586966
v -0.01700683 0.02541986 0.65668625
v -0.01604994 0.02557563 0.65718222
v -0.02317850 0.02636048 0.65440220
v -0.02284123 0.02665259 0.65436351
v -0.02247570 0.02688489 0.65424949
v -0.02210025 0.02704572 0.65406579
v -0.02173370 0.02712703 0.65382165
v -0.02139443 0.02712474 0.65352929
v -0.02109946 0.02703895 0.65320337
v -0.02054742 0.02465476 0.65675914
v -0.02183491 0.02529334 0.65575457
v -0.02254206 0.02579221 0.65509176
v -0.02062713 0.02597903 0.65544313
v -0.01946001 0.02564135 0.65595686
v -0.03213244 0.03531442 0.63939452
v -0.03257061 0.03639190 0.63732600
v -0.03337894 0.03717279 0.63505185
v -0.03436851 0.03755049 0.63294822
v -0.02317850 0.02636048 0.65440220
v -0.02658025 0.02976223 0.64991784
v -0.02957919 0.03276117 0.64489132
v -0.02284123 0.02665259 0.65436351
v -0.02247570 0.02688489 0.65424949
v -0.02210025 0.02704572 0.65406579
v -0.02173370 0.02712703 0.65382165
v -0.02139443 0.02712474 0.65352929
v -0.02109946 0.02703895 0.65320337
v -0.02086358 0.02687399 0.65286028
v -0.03447146 0.04048186 0.61199999
v -0.03389208 0.03990249 0.62128335
v -0.03217187 0.03818228 0.63027966
v -0.02936402 0.03537443 0.63871080
v -0.02555533 0.03156574 0.64631605
v -0.03729988 0.04048186 0.61199999
v -0.03694973 0.04076110 0.61199999
v -0.03654623 0.04095542 0.61199999
v -0.03610960 0.04105508 0.61199999
v -0.03566174 0.04105508 0.61199999
v -0.03522511 0.04095542 0.61199999
v -0.03482160 0.04076110 0.61199999
v -0.03598779 0.03916977 0.62616581
v -0.03697047 0.04015245 0.61914343
v -0.03663193 0.04042479 0.61913729
v -0.03621799 0.04062719 0.61911768
v -0.03578279 0.04072827 0.61908674
v -0.03533683 0.04073017 0.61904562
v -0.03490248 0.04063278 0.61899638
v -0.03450150 0.04044100 0.61894149
v -0.03551313 0.04045861 0.62155724
v -0.03506874 0.04046207 0.62150174
v -0.03463625 0.04036656 0.62143534
v -0.03423737 0.04017686 0.62136132
v -0.03565010 0.03944296 0.62615365
v -0.03523886 0.03964805 0.62611479
v -0.03480792 0.03975339 0.62605345
v -0.03436761 0.03976095 0.62597185
v -0.03394003 0.03967034 0.62587422
v -0.03354661 0.03948610 0.62576532
v -0.03374217 0.03868765 0.63081896
v -0.03330805 0.03870139 0.63070977
v -0.03288788 0.03861818 0.63057899
v -0.03403221 0.03782507 0.63293028
v -0.03250271 0.03844221 0.63043314
v -0.03362541 0.03803460 0.63287282
v -0.03320148 0.03814696 0.63278204
v -0.03277050 0.03816383 0.63266146
v -0.03235408 0.03808439 0.63251698
v -0.03197311 0.03791260 0.63235599
v -0.03297239 0.03738158 0.63498724
v -0.03255130 0.03749678 0.63488728
v -0.03212409 0.03751743 0.63475442
v -0.03171220 0.03744250 0.63459533
v -0.03133626 0.03727575 0.63441807
v -0.03218478 0.03659397 0.63725853
v -0.03176711 0.03671259 0.63714874
v -0.03134446 0.03673780 0.63700277
v -0.03093801 0.03666832 0.63682801
v -0.03056815 0.03650764 0.63663316
v -0.03179806 0.03559092 0.63937104
v -0.03139739 0.03580659 0.63929588
v -0.03098315 0.03592863 0.63917720
v -0.03056505 0.03595838 0.63901949
v -0.03016405 0.03589435 0.63883060
v -0.02980026 0.03573975 0.63862002
v -0.02924700 0.03303986 0.64486313
v -0.02885334 0.03326252 0.64477289
v -0.02845016 0.03339563 0.64463037
v -0.02804675 0.03344009 0.64444101
v -0.02766336 0.03339366 0.64421421
v -0.02731919 0.03325868 0.64396143
v -0.02693042 0.03187590 0.64732850
v -0.02653584 0.03192917 0.64712346
v -0.02616300 0.03189331 0.64687788
v -0.02583061 0.03177011 0.64660418
v -0.02625063 0.03004349 0.64988530
v -0.02586520 0.03027438 0.64978129
v -0.02547501 0.03042048 0.64961702
v -0.02508887 0.03048220 0.64939868
v -0.02472615 0.03045646 0.64913726
v -0.02440504 0.03034453 0.64884585
v -0.03729988 0.04048186 0.59200001
v -0.03694973 0.04076110 0.59200001
v -0.03654623 0.04095542 0.59200001
v -0.03610960 0.04105508 0.59200001
v -0.03566174 0.04105508 0.59200001
v -0.03522511 0.04095542 0.59200001
v -0.03482160 0.04076110 0.59200001
v -0.03447146 0.04048186 0.59200001
v -0.03729988 0.04048186 0.61199999
v -0.03694973 0.04076110 0.61199999
v -0.03654623 0.04095542 0.61199999
v -0.03610960 0.04105508 0.61199999
v -0.03566174 0.04105508 0.61199999
v -0.03522511 0.04095542 0.61199999
v -0.03482160 0.04076110 0.61199999
v -0.03447146 0.04048186 0.61199999
v -0.04048186 0.03447146 0.59200001
v -0.04076110 0.03482160 0.59200001
v -0.04095542 0.03522511 0.59200001
v -0.04105508 0.03566174 0.59200001
v -0.04105508 0.03610960 0.59200001
v -0.04095542 0.03654623 0.59200001
v -0.04076110 0.03694974 0.59200001
v -0.04048186 0.03729988 0.59200001
v -0.04048186 0.03447146 0.61199999
v -0.04048186 0.03729988 0.61199999
v -0.04076110 0.03694974 0.61199999
v -0.04095542 0.03654623 0.61199999
v -0.04105508 0.03610960 0.61199999
v -0.04105508 0.03566174 0.61199999
v -0.04095542 0.03522511 0.61199999
v -0.04076110 0.03482160 0.61199999
v -0.03755049 0.03436851 0.63294822
v -0.03714755 0.03334385 0.63513601
v -0.03637024 0.03255532 0.63737893
v -0.03531442 0.03213244 0.63939452
v -0.04048186 0.03729988 0.61199999
v -0.04015245 0.03697047 0.61914343
v -0.03916977 0.03598779 0.62616581
v -0.04076110 0.03694974 0.61199999
v -0.04095542 0.03654623 0.61199999
v -0.04105508 0.03610960 0.61199999
v -0.04105508 0.03566174 0.61199999
v -0.04095542 0.03522511 0.61199999
v -0.04076110 0.03482160 0.61199999
v -0.04048186 0.03447146 0.61199999
v -0.02687399 0.02086358 0.65286028
v -0.03156574 0.02555533 0.64631605
v -0.03537443 0.02936402 0.63871080
v -0.03818228 0.03217187 0.63027966
v -0.03990249 0.03389208 0.62128335
v -0.02636048 0.02317850 0.65440220
v -0.02665259 0.02284123 0.65436351
v -0.02688489 0.02247570 0.65424949
v -0.02704572 0.02210025 0.65406579
v -0.02712703 0.02173370 0.65382165
v -0.02712474 0.02139443 0.65352929
v -0.02703895 0.02109946 0.65320337
v -0.03276117 0.02957919 0.64489132
v -0.02976223 0.02658025 0.64991784
v -0.03004784 0.02624461 0.64988416
v -0.03027438 0.02586520 0.64978129
v -0.03042048 0.02547501 0.64961702
v -0.03048220 0.02508887 0.64939868
v -0.03045646 0.02472615 0.64913726
v -0.03034453 0.02440504 0.64884585
v -0.03187590 0.02693042 0.64732850
v -0.03192917 0.02653584 0.64712346
v -0.03189331 0.02616300 0.64687788
v -0.03177011 0.02583061 0.64660418
v -0.03304411 0.02924088 0.64486212
v -0.03326252 0.02885334 0.64477289
v -0.03339563 0.02845016 0.64463037
v -0.03344009 0.02804675 0.64444101
v -0.03339366 0.02766336 0.64421421
v -0.03325868 0.02731919 0.64396143
v -0.03546249 0.03165926 0.63969415
v -0.03567433 0.03126514 0.63961893
v -0.03579695 0.03085148 0.63949883
v -0.03582747 0.03043414 0.63933927
v -0.03576436 0.03003405 0.63914812
v -0.03561077 0.02967128 0.63893509
v -0.03657477 0.03216559 0.63731074
v -0.03669348 0.03174800 0.63720071
v -0.03671879 0.03132546 0.63705444
v -0.03664945 0.03091914 0.63687927
v -0.03648892 0.03054943 0.63668406
v -0.03735364 0.03294445 0.63507253
v -0.03746895 0.03252348 0.63497221
v -0.03748977 0.03209643 0.63483888
v -0.03741504 0.03168473 0.63467926
v -0.03724850 0.03130901 0.63450128
v -0.03782918 0.03402595 0.63292962
v -0.03803460 0.03362541 0.63287282
v -0.03814696 0.03320148 0.63278204
v -0.03816383 0.03277050 0.63266146
v -0.03808439 0.03235408 0.63251698
v -0.03791260 0.03197311 0.63235599
v -0.03868765 0.03374217 0.63081896
v -0.03870139 0.03330806 0.63070977
v -0.03861818 0.03288788 0.63057899
v -0.03844221 0.03250271 0.63043314
v -0.03944703 0.03564380 0.62615323
v -0.03964805 0.03523886 0.62611479
v -0.03975339 0.03480792 0.62605345
v -0.03976095 0.03436761 0.62597185
v -0.03967034 0.03394003 0.62587422
v -0.03948610 0.03354661 0.62576532
v -0.04045861 0.03551313 0.62155724
v -0.04046207 0.03506874 0.62150174
v -0.04036656 0.03463625 0.62143534
v -0.04017686 0.03423737 0.62136132
v -0.04042883 0.03662560 0.61913705
v -0.04062719 0.03621799 0.61911768
v -0.04072827 0.03578280 0.61908674
v -0.04073017 0.03533683 0.61904562
v -0.04063278 0.03490248 0.61899638
v -0.04044099 0.03450150 0.61894149
v -0.02594189 0.01508299 0.65754151
v -0.02558002 0.01603345 0.65718955
v -0.02542250 0.01696820 0.65670896
v -0.02543849 0.01786572 0.65612024
v -0.02559785 0.01868728 0.65545815
v -0.02598608 0.01965891 0.65448672
v -0.02639256 0.02030564 0.65368891
v -0.02687399 0.02086358 0.65286028
v -0.02594078 0.01508509 0.65755421
v -0.02593960 0.01508716 0.65756691
v -0.02593828 0.01508915 0.65757960
v -0.02557289 0.01598790 0.65749764
v -0.02528924 0.01709896 0.65740341
v -0.02493337 0.01918087 0.65713716
v -0.02465476 0.02054742 0.65675914
v -0.02636048 0.02317850 0.65440220
v -0.02548432 0.02212641 0.65549260
v -0.02502938 0.02137541 0.65613949
v -0.02665259 0.02284123 0.65436351
v -0.02688489 0.02247570 0.65424949
v -0.02704572 0.02210025 0.65406579
v -0.02712703 0.02173370 0.65382165
v -0.02712474 0.02139443 0.65352929
v -0.02703895 0.02109946 0.65320337
v -0.02597903 0.02062713 0.65544313
v -0.02493337 -0.01918087 0.65713716
v -0.02528924 -0.01709896 0.65740341
v -0.02557326 -0.01598675 0.65749770
v -0.02593828 -0.01508915 0.65757960
v -0.02593960 -0.01508716 0.65756691
v -0.02594078 -0.01508509 0.65755421
v -0.02594189 -0.01508299 0.65754151
v -0.02687399 -0.02086358 0.65286028
v -0.02593563 -0.01956048 0.65459621
v -0.02548534 -0.01819567 0.65586966
v -0.02541986 -0.01700683 0.65668625
v -0.02557563 -0.01604994 0.65718222
v -0.02636048 -0.02317850 0.65440220
v -0.02665259 -0.02284123 0.65436351
v -0.02688489 -0.02247570 0.65424949
v -0.02704572 -0.02210025 0.65406579
v -0.02712703 -0.02173370 0.65382165
v -0.02712474 -0.02139443 0.65352929
v -0.02703895 -0.02109946 0.65320337
v -0.02465476 -0.02054742 0.65675914
v -0.02529334 -0.02183491 0.65575457
v -0.02579221 -0.02254206 0.65509176
v -0.02597903 -0.02062713 0.65544313
v -0.02564135 -0.01946001 0.65595686
v -0.03531442 -0.03213244 0.63939452
v -0.03639087 -0.03256955 0.63732868
v -0.03717240 -0.03337819 0.63505399
v -0.03755049 -0.03436851 0.63294822
v -0.02636048 -0.02317850 0.65440220
v -0.02976223 -0.02658025 0.64991784
v -0.03276117 -0.02957919 0.64489132
v -0.02665259 -0.02284123 0.65436351
v -0.02688489 -0.02247570 0.65424949
v -0.02704572 -0.02210025 0.65406579
v -0.02712703 -0.02173370 0.65382165
v -0.02712474 -0.02139443 0.65352929
v -0.02703895 -0.02109946 0.65320337
v -0.02687399 -0.02086358 0.65286028
v -0.04048186 -0.03447146 0.61199999
v -0.03990249 -0.03389208 0.62128335
v -0.03818228 -0.03217187 0.63027966
v -0.03537443 -0.02936402 0.63871080
v -0.03156574 -0.02555533 0.64631605
v -0.04048186 -0.03729988 0.61199999
v -0.04076110 -0.03694973 0.61199999
v -0.04095542 -0.03654623 0.61199999
v -0.04105508 -0.03610960 0.61199999
v -0.04105508 -0.03566174 0.61199999
v -0.04095542 -0.03522511 0.61199999
v -0.04076110 -0.03482160 0.61199999
v -0.03916977 -0.03598779 0.62616581
v -0.04015245 -0.03697047 0.61914343
v -0.04042490 -0.03663175 0.61913729
v -0.04062719 -0.03621799 0.61911768
v -0.04072827 -0.03578279 0.61908674
v -0.04073017 -0.03533683 0.61904562
v -0.04063278 -0.03490248 0.61899638
v -0.04044100 -0.03450150 0.61894149
v -0.04045861 -0.03551313 0.62155724
v -0.04046207 -0.03506874 0.62150174
v -0.04036656 -0.03463625 0.62143534
v -0.04017686 -0.03423737 0.62136132
v -0.03944307 -0.03564992 0.62615365
v -0.03964805 -0.03523886 0.62611479
v -0.03975339 -0.03480792 0.62605345
v -0.03976095 -0.03436761 0.62597185
v -0.03967034 -0.03394003 0.62587422
v -0.03948610 -0.03354661 0.62576532
v -0.03868765 -0.03374217 0.63081896
v -0.03870139 -0.03330805 0.63070977
v -0.03861818 -0.03288788 0.63057899
v -0.03782518 -0.03403203 0.63293022
v -0.03844221 -0.03250271 0.63043314
v -0.03803460 -0.03362541 0.63287282
v -0.03814696 -0.03320148 0.63278204
v -0.03816383 -0.03277050 0.63266146
v -0.03808439 -0.03235408 0.63251698
v -0.03791260 -0.03197311 0.63235599
v -0.03738090 -0.03297171 0.63498926
v -0.03749610 -0.03255063 0.63488930
v -0.03751676 -0.03212342 0.63475651
v -0.03744183 -0.03171153 0.63459742
v -0.03727509 -0.03133560 0.63442010
v -0.03659302 -0.03218383 0.63726115
v -0.03671164 -0.03176617 0.63715130
v -0.03673685 -0.03134352 0.63700533
v -0.03666738 -0.03093708 0.63683051
v -0.03650672 -0.03056722 0.63663566
v -0.03559104 -0.03179789 0.63937098
v -0.03580659 -0.03139739 0.63929588
v -0.03592863 -0.03098315 0.63917720
v -0.03595838 -0.03056505 0.63901949
v -0.03589435 -0.03016405 0.63883060
v -0.03573975 -0.02980026 0.63862002
v -0.03303998 -0.02924683 0.64486307
v -0.03326252 -0.02885334 0.64477289
v -0.03339563 -0.02845016 0.64463037
v -0.03344009 -0.02804675 0.64444101
v -0.03339366 -0.02766336 0.64421421
v -0.03325868 -0.02731919 0.64396143
v -0.03187590 -0.02693042 0.64732850
v -0.03192917 -0.02653584 0.64712346
v -0.03189331 -0.02616300 0.64687788
v -0.03177011 -0.02583061 0.64660418
v -0.03004361 -0.02625046 0.64988524
v -0.03027438 -0.02586520 0.64978129
v -0.03042048 -0.02547501 0.64961702
v -0.03048220 -0.02508887 0.64939868
v -0.03045646 -0.02472615 0.64913726
v -0.03034453 -0.02440504 0.64884585
v -0.04048186 -0.03729988 0.59200001
v -0.04076110 -0.03694973 0.59200001
v -0.04095542 -0.03654623 0.59200001
v -0.04105508 -0.03610960 0.59200001
v -0.04105508 -0.03566174 0.59200001
v -0.04095542 -0.03522511 0.59200001
v -0.04076110 -0.03482160 0.59200001
v -0.04048186 -0.03447146 0.59200001
v -0.04048186 -0.03729988 0.61199999
v -0.04076110 -0.03694973 0.61199999
v -0.04095542 -0.03654623 0.61199999
v -0.04105508 -0.03610960 0.61199999
v -0.04105508 -0.03566174 0.61199999
v -0.04095542 -0.03522511 0.61199999
v -0.04076110 -0.03482160 0.61199999
v -0.04048186 -0.03447146 0.61199999
v -0.01508299 -0.02594189 0.65754151
v -0.01603345 -0.02558002 0.65718955
v -0.01696820 -0.02542250 0.65670896
v -0.01786572 -0.02543849 0.65612024
v -0.01868728 -0.02559785 0.65545815
v -0.01965891 -0.02598608 0.65448672
v -0.02030564 -0.02639256 0.65368891
v -0.02086358 -0.02687399 0.65286028
v -0.01508509 -0.02594078 0.65755421
v -0.01508716 -0.02593960 0.65756691
v -0.01508915 -0.02593828 0.65757960
v -0.01598790 -0.02557289 0.65749764
v -0.01709896 -0.02528924 0.65740341
v -0.01918087 -0.02493337 0.65713716
v -0.02054742 -0.02465476 0.65675914
v -0.02317850 -0.02636048 0.65440220
v -0.02212641 -0.02548432 0.65549260
v -0.02137541 -0.02502938 0.65613949
v -0.02109946 -0.02703895 0.65320337
v -0.02139443 -0.02712474 0.65352929
v -0.02173370 -0.02712703 0.65382165
v -0.02210025 -0.02704572 0.65406579
v -0.02247570 -0.02688489 0.65424949
v -0.02284123 -0.02665259 0.65436351
v -0.02062713 -0.02597903 0.65544313
v -0.03436851 -0.03755049 0.63294822
v -0.03334385 -0.03714755 0.63513601
v -0.03255532 -0.03637024 0.63737893
v -0.03213244 -0.03531442 0.63939452
v -0.03729988 -0.04048186 0.61199999
v -0.03697047 -0.04015245 0.61914343
v -0.03598779 -0.03916977 0.62616581
v -0.03447146 -0.04048186 0.61199999
v -0.03482160 -0.04076110 0.61199999
v -0.03522511 -0.04095542 0.61199999
v -0.03566174 -0.04105508 0.61199999
v -0.03610960 -0.04105508 0.61199999
v -0.03654623 -0.04095542 0.61199999
v -0.03694974 -0.04076110 0.61199999
v -0.02086358 -0.02687399 0.65286028
v -0.02555533 -0.03156574 0.64631605
v -0.02936402 -0.03537443 0.63871080
v -0.03217187 -0.03818228 0.63027966
v -0.03389208 -0.03990249 0.62128335
v -0.02109946 -0.02703895 0.65320337
v -0.02139443 -0.02712474 0.65352929
v -0.02173370 -0.02712703 0.65382165
v -0.02210025 -0.02704572 0.65406579
v -0.02247570 -0.02688489 0.65424949
v -0.02284123 -0.02665259 0.65436351
v -0.02317850 -0.02636048 0.65440220
v -0.02957919 -0.03276117 0.64489132
v -0.02658025 -0.02976223 0.64991784
v -0.02624461 -0.03004784 0.64988416
v -0.02586520 -0.03027438 0.64978129
v -0.02547501 -0.03042048 0.64961702
v -0.02508887 -0.03048220 0.64939868
v -0.02472615 -0.03045646 0.64913726
v -0.02440504 -0.03034453 0.64884585
v -0.02693042 -0.03187590 0.64732850
v -0.02653584 -0.03192917 0.64712346
v -0.02616300 -0.03189331 0.64687788
v -0.02583061 -0.03177011 0.64660418
v -0.02924088 -0.03304411 0.64486212
v -0.02885334 -0.03326252 0.64477289
v -0.02845016 -0.03339563 0.64463037
v -0.02804675 -0.03344009 0.64444101
v -0.02766336 -0.03339366 0.64421421
v -0.02731919 -0.03325868 0.64396143
v -0.03165926 -0.03546249 0.63969415
v -0.03126514 -0.03567433 0.63961893
v -0.03085148 -0.03579695 0.63949883
v -0.03043414 -0.03582747 0.63933927
v -0.03003405 -0.03576436 0.63914812
v -0.02967128 -0.03561077 0.63893509
v -0.03216559 -0.03657477 0.63731074
v -0.03174800 -0.03669348 0.63720071
v -0.03132546 -0.03671879 0.63705444
v -0.03091914 -0.03664945 0.63687927
v -0.03054943 -0.03648892 0.63668406
v -0.03294445 -0.03735364 0.63507253
v -0.03252348 -0.03746895 0.63497221
v -0.03209643 -0.03748977 0.63483888
v -0.03168473 -0.03741504 0.63467926
v -0.03130901 -0.03724850 0.63450128
v -0.03402595 -0.03782918 0.63292962
v -0.03362541 -0.03803460 0.63287282
v -0.03320148 -0.03814696 0.63278204
v -0.03277050 -0.03816383 0.63266146
v -0.03235408 -0.03808439 0.63251698
v -0.03197311 -0.03791260 0.63235599
v -0.03374217 -0.03868765 0.63081896
v -0.03330806 -0.03870139 0.63070977
v -0.03288788 -0.03861818 0.63057899
v -0.03250271 -0.03844221 0.63043314
v -0.03564380 -0.03944703 0.62615323
v -0.03523886 -0.03964805 0.62611479
v -0.03480792 -0.03975339 0.62605345
v -0.03436761 -0.03976095 0.62597185
v -0.03394003 -0.03967034 0.62587422
v -0.03354661 -0.03948610 0.62576532
v -0.03551313 -0.04045861 0.62155724
v -0.03506874 -0.04046207 0.62150174
v -0.03463625 -0.04036656 0.62143534
v -0.03423737 -0.04017686 0.62136132
v -0.03662560 -0.04042883 0.61913705
v -0.03621799 -0.04062719 0.61911768
v -0.03578280 -0.04072827 0.61908674
v -0.03533683 -0.04073017 0.61904562
v -0.03490248 -0.04063278 0.61899638
v -0.03450150 -0.04044099 0.61894149
v -0.03447146 -0.04048186 0.59200001
v -0.03482160 -0.04076110 0.59200001
v -0.03522511 -0.04095542 0.59200001
v -0.03566174 -0.04105508 0.59200001
v -0.03610960 -0.04105508 0.59200001
v -0.03654623 -0.04095542 0.59200001
v -0.03694974 -0.04076110 0.59200001
v -0.03729988 -0.04048186 0.59200001
v -0.03447146 -0.04048186 0.61199999
v -0.03482160 -0.04076110 0.61199999
v -0.03522511 -0.04095542 0.61199999
v -0.03566174 -0.04105508 0.61199999
v -0.03610960 -0.04105508 0.61199999
v -0.03654623 -0.04095542 0.61199999
v -0.03694974 -0.04076110 0.61199999
v -0.03729988 -0.04048186 0.61199999
v 0.01508299 0.02594189 0.65754151
v 0.01603345 0.02558002 0.65718955
v 0.01696820 0.02542250 0.65670896
v 0.01786572 0.02543849 0.65612024
v 0.01868728 0.02559785 0.65545815
v 0.01965891 0.02598608 0.65448672
v 0.02030564 0.02639256 0.65368891
v 0.02086358 0.02687399 0.65286028
v 0.01508509 0.02594078 0.65755421
v 0.01508716 0.02593960 0.65756691
v 0.01508915 0.02593828 0.65757960
v 0.01598790 0.02557289 0.65749764
v 0.01709896 0.02528924 0.65740341
v 0.01918087 0.02493337 0.65713716
v 0.02054742 0.02465476 0.65675914
v 0.02317850 0.02636048 0.65440220
v 0.02212641 0.02548432 0.65549260
v 0.02137541 0.02502938 0.65613949
v 0.02109946 0.02703895 0.65320337
v 0.02139443 0.02712474 0.65352929
v 0.02173370 0.02712703 0.65382165
v 0.02210025 0.02704572 0.65406579
v 0.02247570 0.02688489 0.65424949
v 0.02284123 0.02665259 0.65436351
v 0.02062713 0.02597903 0.65544313
v 0.03436851 0.03755049 0.63294822
v 0.03334385 0.03714755 0.63513601
v 0.03255532 0.03637024 0.63737893
v 0.03213244 0.03531442 0.63939452
v 0.03729988 0.04048186 0.61199999
v 0.03697047 0.04015245 0.61914343
v 0.03598779 0.03916977 0.62616581
v 0.03447146 0.04048186 0.61199999
v 0.03482160 0.04076110 0.61199999
v 0.03522511 0.04095542 0.61199999
v 0.03566174 0.04105508 0.61199999
v 0.03610960 0.04105508 0.61199999
v 0.03654623 0.04095542 0.61199999
v 0.03694974 0.04076110 0.61199999
v 0.02086358 0.02687399 0.65286028
v 0.02555533 0.03156574 0.64631605
v 0.02936402 0.03537443 0.63871080
v 0.03217187 0.03818228 0.63027966
v 0.03389208 0.03990249 0.62128335
v 0.02109946 0.02703895 0.65320337
v 0.02139443 0.02712474 0.65352929
v 0.02173370 0.02712703 0.65382165
v 0.02210025 0.02704572 0.65406579
v 0.02247570 0.02688489 0.65424949
v 0.02284123 0.02665259 0.65436351
v 0.02317850 0.02636048 0.65440220
v 0.02957919 0.03276117 0.64489132
v 0.02658025 0.02976223 0.64991784
v 0.02624461 0.03004784 0.64988416
v 0.02586520 0.03027438 0.64978129
v 0.02547501 0.03042048 0.64961702
v 0.02508887 0.03048220 0.64939868
v 0.02472615 0.03045646 0.64913726
v 0.02440504 0.03034453 0.64884585
v 0.02693042 0.03187590 0.64732850
v 0.02653584 0.03192917 0.64712346
v 0.02616300 0.03189331 0.64687788
v 0.02583061 0.03177011 0.64660418
v 0.02924088 0.03304411 0.64486212
v 0.02885334 0.03326252 0.64477289
v 0.02845016 0.03339563 0.64463037
v 0.02804675 0.03344009 0.64444101
v 0.02766336 0.03339366 0.64421421
v 0.02731919 0.03325868 0.64396143
v 0.03165926 0.03546249 0.63969415
v 0.03126514 0.03567433 0.63961893
v 0.03085148 0.03579695 0.63949883
v 0.03043414 0.03582747 0.63933927
v 0.03003405 0.03576436 0.63914812
v 0.02967128 0.03561077 0.63893509
v 0.03216559 0.03657477 0.63731074
v 0.03174800 0.03669348 0.63720071
v 0.03132546 0.03671879 0.63705444
v 0.03091914 0.03664945 0.63687927
v 0.03054943 0.03648892 0.63668406
v 0.03294445 0.03735364 0.63507253
v 0.03252348 0.03746895 0.63497221
v 0.03209643 0.03748977 0.63483888
v 0.03168473 0.03741504 0.63467926
v 0.03130901 0.03724850 0.63450128
v 0.03402595 0.03782918 0.63292962
v 0.03362541 0.03803460 0.63287282
v 0.03320148 0.03814696 0.63278204
v 0.03277050 0.03816383 0.63266146
v 0.03235408 0.03808439 0.63251698
v 0.03197311 0.03791260 0.63235599
v 0.03374217 0.03868765 0.63081896
v 0.03330806 0.03870139 0.63070977
v 0.03288788 0.03861818 0.63057899
v 0.03250271 0.03844221 0.63043314
v 0.03564380 0.03944703 0.62615323
v 0.03523886 0.03964805 0.62611479
v 0.03480792 0.03975339 0.62605345
v 0.03436761 0.03976095 0.62597185
v 0.03394003 0.03967034 0.62587422
v 0.03354661 0.03948610 0.62576532
v 0.03551313 0.04045861 0.62155724
v 0.03506874 0.04046207 0.62150174
v 0.03463625 0.04036656 0.62143534
v 0.03423737 0.04017686 0.62136132
v 0.03662560 0.04042883 0.61913705
v 0.03621799 0.04062719 0.61911768
v 0.03578280 0.04072827 0.61908674
v 0.03533683 0.04073017 0.61904562
v 0.03490248 0.04063278 0.61899638
v 0.03450150 0.04044099 0.61894149
v 0.03447146 0.04048186 0.59200001
v 0.03482160 0.04076110 0.59200001
v 0.03522511 0.04095542 0.59200001
v 0.03566174 0.04105508 0.59200001
v 0.03610960 0.04105508 0.59200001
v 0.03654623 0.04095542 0.59200001
v 0.03694974 0.04076110 0.59200001
v 0.03729988 0.04048186 0.59200001
v 0.03447146 0.04048186 0.61199999
v 0.03482160 0.04076110 0.61199999
v 0.03522511 0.04095542 0.61199999
v 0.03566174 0.04105508 0.61199999
v 0.03610960 0.04105508 0.61199999
v 0.03654623 0.04095542 0.61199999
v 0.03694974 0.04076110 0.61199999
v 0.03729988 0.04048186 0.61199999
v 0.02493337 0.01918087 0.65713716
v 0.02528924 0.01709896 0.65740341
v 0.02557326 0.01598675 0.65749770
v 0.02593828 0.01508915 0.65757960
v 0.02593960 0.01508716 0.65756691
v 0.02594078 0.01508509 0.65755421
v 0.02594189 0.01508299 0.65754151
v 0.02687399 0.02086358 0.65286028
v 0.02593563 0.01956048 0.65459621
v 0.02548534 0.01819567 0.65586966
v 0.02541986 0.01700683 0.65668625
v 0.02557563 0.01604994 0.65718222
v 0.02636048 0.02317850 0.65440220
v 0.02665259 0.02284123 0.65436351
v 0.02688489 0.02247570 0.65424949
v 0.02704572 0.02210025 0.65406579
v 0.02712703 0.02173370 0.65382165
v 0.02712474 0.02139443 0.65352929
v 0.02703895 0.02109946 0.65320337
v 0.02465476 0.02054742 0.65675914
v 0.02529334 0.02183491 0.65575457
v 0.02579221 0.02254206 0.65509176
v 0.02597903 0.02062713 0.65544313
v 0.02564135 0.01946001 0.65595686
v 0.03531442 0.03213244 0.63939452
v 0.03639190 0.03257061 0.63732600
v 0.03717279 0.03337894 0.63505185
v 0.03755049 0.03436851 0.63294822
v 0.02636048 0.02317850 0.65440220
v 0.02976223 0.02658025 0.64991784
v 0.03276117 0.02957919 0.64489132
v 0.02665259 0.02284123 0.65436351
v 0.02688489 0.02247570 0.65424949
v 0.02704572 0.02210025 0.65406579
v 0.02712703 0.02173370 0.65382165
v 0.02712474 0.02139443 0.65352929
v 0.02703895 0.02109946 0.65320337
v 0.02687399 0.02086358 0.65286028
v 0.04048186 0.03447146 0.61199999
v 0.03990249 0.03389208 0.62128335
v 0.03818228 0.03217187 0.63027966
v 0.03537443 0.02936402 0.63871080
v 0.03156574 0.02555533 0.64631605
v 0.04048186 0.03729988 0.61199999
v 0.04076110 0.03694973 0.61199999
v 0.04095542 0.03654623 0.61199999
v 0.04105508 0.03610960 0.61199999
v 0.04105508 0.03566174 0.61199999
v 0.04095542 0.03522511 0.61199999
v 0.04076110 0.03482160 0.61199999
v 0.03916977 0.03598779 0.62616581
v 0.04015245 0.03697047 0.61914343
v 0.04042479 0.03663193 0.61913729
v 0.04062719 0.03621799 0.61911768
v 0.04072827 0.03578279 0.61908674
v 0.04073017 0.03533683 0.61904562
v 0.04063278 0.03490248 0.61899638
v 0.04044100 0.03450150 0.61894149
v 0.04045861 0.03551313 0.62155724
v 0.04046207 0.03506874 0.62150174
v 0.04036656 0.03463625 0.62143534
v 0.04017686 0.03423737 0.62136132
v 0.03944296 0.03565010 0.62615365
v 0.03964805 0.03523886 0.62611479
v 0.03975339 0.03480792 0.62605345
v 0.03976095 0.03436761 0.62597185
v 0.03967034 0.03394003 0.62587422
v 0.03948610 0.03354661 0.62576532
v 0.03868765 0.03374217 0.63081896
v 0.03870139 0.03330805 0.63070977
v 0.03861818 0.03288788 0.63057899
v 0.03782507 0.03403221 0.63293028
v 0.03844221 0.03250271 0.63043314
v 0.03803460 0.03362541 0.63287282
v 0.03814696 0.03320148 0.63278204
v 0.03816383 0.03277050 0.63266146
v 0.03808439 0.03235408 0.63251698
v 0.03791260 0.03197311 0.63235599
v 0.03738158 0.03297239 0.63498724
v 0.03749678 0.03255130 0.63488728
v 0.03751743 0.03212409 0.63475442
v 0.03744250 0.03171220 0.63459533
v 0.03727575 0.03133626 0.63441807
v 0.03659397 0.03218478 0.63725853
v 0.03671259 0.03176711 0.63714874
v 0.03673780 0.03134446 0.63700277
v 0.03666832 0.03093801 0.63682801
v 0.03650764 0.03056815 0.63663316
v 0.03559092 0.03179806 0.63937104
v 0.03580659 0.03139739 0.63929588
v 0.03592863 0.03098315 0.63917720
v 0.03595838 0.03056505 0.63901949
v 0.03589435 0.03016405 0.63883060
v 0.03573975 0.02980026 0.63862002
v 0.03303986 0.02924700 0.64486313
v 0.03326252 0.02885334 0.64477289
v 0.03339563 0.02845016 0.64463037
v 0.03344009 0.02804675 0.64444101
v 0.03339366 0.02766336 0.64421421
v 0.03325868 0.02731919 0.64396143
v 0.03187590 0.02693042 0.64732850
v 0.03192917 0.02653584 0.64712346
v 0.03189331 0.02616300 0.64687788
v 0.03177011 0.02583061 0.64660418
v 0.03004349 0.02625063 0.64988530
v 0.03027438 0.02586520 0.64978129
v 0.03042048 0.02547501 0.64961702
v 0.03048220 0.02508887 0.64939868
v 0.03045646 0.02472615 0.64913726
v 0.03034453 0.02440504 0.64884585
v 0.04048186 0.03729988 0.59200001
v 0.04076110 0.03694973 0.59200001
v 0.04095542 0.03654623 0.59200001
v 0.04105508 0.03610960 0.59200001
v 0.04105508 0.03566174 0.59200001
v 0.04095542 0.03522511 0.59200001
v 0.04076110 0.03482160 0.59200001
v 0.04048186 0.03447146 0.59200001
v 0.04048186 0.03729988 0.61199999
v 0.04076110 0.03694973 0.61199999
v 0.04095542 0.03654623 0.61199999
v 0.04105508 0.03610960 0.61199999
v 0.04105508 0.03566174 0.61199999
v 0.04095542 0.03522511 0.61199999
v 0.04076110 0.03482160 0.61199999
v 0.04048186 0.03447146 0.61199999
v 0.02493337 0.01918087 0.65713716
v 0.02528924 0.01709896 0.65740341
v 0.02557326 0.01598675 0.65749770
v 0.02593828 0.01508915 0.65757960
v 0.02593828 0.01508915 0.65757960
v 0.02604597 0.01488649 0.65772557
v 0.02595379 0.01504662 0.65812624
v 0.02583577 0.01524837 0.65850002
v 0.02428856 0.01799920 0.65907145
v 0.02508154 0.01662928 0.65881181
v 0.02440467 0.01834390 0.65836769
v 0.02462142 0.01874111 0.65771753
v 0.02591506 0.01513086 0.65767002
v 0.01508915 0.02593828 0.65757960
v 0.01488649 0.02604597 0.65772557
v 0.01598790 0.02557289 0.65749764
v 0.01709896 0.02528924 0.65740341
v 0.01918087 0.02493337 0.65713716
v 0.01874111 0.02462142 0.65771753
v 0.01834390 0.02440467 0.65836769
v 0.01799920 0.02428856 0.65907145
v 0.01524837 0.02583577 0.65850002
v 0.01662928 0.02508154 0.65881181
v 0.01503574 0.02596009 0.65810317
v 0.02465476 0.02054742 0.65675914
v 0.02493337 0.01918087 0.65713716
v 0.02428856 0.01799920 0.65907145
v 0.02440467 0.01834390 0.65836769
v 0.02462142 0.01874111 0.65771753
v 0.02316481 0.01949234 0.65916520
v 0.02353615 0.01972921 0.65824413
v 0.02403980 0.02008586 0.65743083
v 0.02413600 0.01922096 0.65800005
v 0.01918087 0.02493337 0.65713716
v 0.02054742 0.02465476 0.65675914
v 0.02008586 0.02403980 0.65743083
v 0.01972921 0.02353615 0.65824413
v 0.01949234 0.02316481 0.65916520
v 0.01799920 0.02428856 0.65907145
v 0.01874111 0.02462142 0.65771753
v 0.01834390 0.02440467 0.65836769
v 0.01922096 0.02413600 0.65800005
v 0.02054742 0.02465476 0.65675914
v 0.02465476 0.02054742 0.65675914
v 0.02316481 0.01949234 0.65916520
v 0.02353615 0.01972921 0.65824413
v 0.02403980 0.02008586 0.65743083
v 0.01949234 0.02316481 0.65916520
v 0.02077501 0.02200018 0.65914220
v 0.02200018 0.02077501 0.65914220
v 0.02008586 0.02403980 0.65743083
v 0.01972921 0.02353615 0.65824413
v 0.02191585 0.02190277 0.65775126
v -0.01918087 0.02493337 0.65713716
v -0.01709896 0.02528924 0.65740341
v -0.01598675 0.02557326 0.65749770
v -0.01508915 0.02593828 0.65757960
v -0.01508915 0.02593828 0.65757960
v -0.01488649 0.02604597 0.65772557
v -0.01504662 0.02595379 0.65812624
v -0.01524837 0.02583577 0.65850002
v -0.01799920 0.02428856 0.65907145
v -0.01662928 0.02508154 0.65881181
v -0.01834390 0.02440467 0.65836769
v -0.01874111 0.02462142 0.65771753
v -0.01513086 0.02591506 0.65767002
v -0.02593828 0.01508915 0.65757960
v -0.02604597 0.01488649 0.65772557
v -0.02593828 0.01508915 0.65757960
v -0.02557289 0.01598790 0.65749764
v -0.02528924 0.01709896 0.65740341
v -0.02493337 0.01918087 0.65713716
v -0.02462142 0.01874111 0.65771753
v -0.02440467 0.01834390 0.65836769
v -0.02428856 0.01799920 0.65907145
v -0.02583577 0.01524837 0.65850002
v -0.02508154 0.01662928 0.65881181
v -0.02596009 0.01503574 0.65810317
v -0.02054742 0.02465476 0.65675914
v -0.01918087 0.02493337 0.65713716
v -0.01799920 0.02428856 0.65907145
v -0.01834390 0.02440467 0.65836769
v -0.01874111 0.02462142 0.65771753
v -0.01949234 0.02316481 0.65916520
v -0.01972921 0.02353615 0.65824413
v -0.02008586 0.02403980 0.65743083
v -0.01922096 0.02413600 0.65800005
v -0.02493337 0.01918087 0.65713716
v -0.02465476 0.02054742 0.65675914
v -0.02403980 0.02008586 0.65743083
v -0.02353615 0.01972921 0.65824413
v -0.02316481 0.01949234 0.65916520
v -0.02428856 0.01799920 0.65907145
v -0.02462142 0.01874111 0.65771753
v -0.02440467 0.01834390 0.65836769
v -0.02413600 0.01922096 0.65800005
v -0.02465476 0.02054742 0.65675914
v -0.02054742 0.02465476 0.65675914
v -0.01949234 0.02316481 0.65916520
v -0.01972921 0.02353615 0.65824413
v -0.02008586 0.02403980 0.65743083
v -0.02316481 0.01949234 0.65916520
v -0.02200018 0.02077501 0.65914220
v -0.02077501 0.02200018 0.65914220
v -0.02403980 0.02008586 0.65743083
v -0.02353615 0.01972921 0.65824413
v -0.02190277 0.02191585 0.65775126
v -0.02493337 -0.01918087 0.65713716
v -0.02528924 -0.01709896 0.65740341
v -0.02557326 -0.01598675 0.65749770
v -0.02593828 -0.01508915 0.65757960
v -0.02593828 -0.01508915 0.65757960
v -0.02604597 -0.01488649 0.65772557
v -0.02595379 -0.01504662 0.65812624
v -0.02583577 -0.01524837 0.65850002
v -0.02428856 -0.01799920 0.65907145
v -0.02508154 -0.01662928 0.65881181
v -0.02440467 -0.01834390 0.65836769
v -0.02462142 -0.01874111 0.65771753
v -0.02591506 -0.01513086 0.65767002
v -0.01508915 -0.02593828 0.65757960
v -0.01488649 -0.02604597 0.65772557
v -0.01508915 -0.02593828 0.65757960
v -0.01598790 -0.02557289 0.65749764
v -0.01709896 -0.02528924 0.65740341
v -0.01918087 -0.02493337 0.65713716
v -0.01874111 -0.02462142 0.65771753
v -0.01834390 -0.02440467 0.65836769
v -0.01799920 -0.02428856 0.65907145
v -0.01524837 -0.02583577 0.65850002
v -0.01662928 -0.02508154 0.65881181
v -0.01503574 -0.02596009 0.65810317
v -0.02465476 -0.02054742 0.65675914
v -0.02493337 -0.01918087 0.65713716
v -0.02428856 -0.01799920 0.65907145
v -0.02440467 -0.01834390 0.65836769
v -0.02462142 -0.01874111 0.65771753
v -0.02316481 -0.01949234 0.65916520
v -0.02353615 -0.01972921 0.65824413
v -0.02403980 -0.02008586 0.65743083
v -0.02413600 -0.01922096 0.65800005
v -0.01918087 -0.02493337 0.65713716
v -0.02054742 -0.02465476 0.65675914
v -0.02008586 -0.02403980 0.65743083
v -0.01972921 -0.02353615 0.65824413
v -0.01949234 -0.02316481 0.65916520
v -0.01799920 -0.02428856 0.65907145
v -0.01874111 -0.02462142 0.65771753
v -0.01834390 -0.02440467 0.65836769
v -0.01922096 -0.02413600 0.65800005
v -0.02054742 -0.02465476 0.65675914
v -0.02465476 -0.02054742 0.65675914
v -0.02316481 -0.01949234 0.65916520
v -0.02353615 -0.01972921 0.65824413
v -0.02403980 -0.02008586 0.65743083
v -0.01949234 -0.02316481 0.65916520
v -0.02077501 -0.02200018 0.65914220
v -0.02200018 -0.02077501 0.65914220
v -0.02008586 -0.02403980 0.65743083
v -0.01972921 -0.02353615 0.65824413
v -0.02191585 -0.02190277 0.65775126
v -0.02086358 0.02687399 0.64899999
v -0.01880127 0.02534973 0.65143770
v -0.01656442 0.02458399 0.65355110
v -0.01503708 0.02451401 0.65476298
v -0.01421730 0.02464277 0.65534067
v -0.01344954 0.02489026 0.65583318
v -0.02086358 0.02687399 0.64899999
v -0.01508299 0.02594189 0.65754151
v -0.01627462 0.02552170 0.65633601
v -0.01738437 0.02540981 0.65499306
v -0.01870261 0.02560216 0.65310240
v -0.01988416 0.02611227 0.65106499
v -0.01370941 0.02526262 0.65594572
v -0.01399530 0.02557437 0.65614545
v -0.01429156 0.02580846 0.65642160
v -0.01458199 0.02595209 0.65675902
v -0.01485070 0.02599739 0.65713930
v -0.01950813 0.02586409 0.65110743
v -0.01788128 0.02528018 0.65313077
v -0.01631670 0.02519798 0.65474045
v -0.01472073 0.02559902 0.65610325
v -0.01559055 0.02531415 0.65539461
v -0.01523293 0.02541060 0.65569597
v -0.01344954 0.02489026 0.65583318
v -0.01370941 0.02526262 0.65594572
v -0.01399530 0.02557437 0.65614545
v -0.01429156 0.02580846 0.65642160
v -0.01458199 0.02595209 0.65675902
v -0.01485070 0.02599739 0.65713930
v -0.01508299 0.02594189 0.65754151
v -0.01508915 0.02593828 0.65757960
v -0.01508716 0.02593960 0.65756691
v -0.01508509 0.02594078 0.65755421
v -0.01371062 0.02526828 0.65594929
v -0.01399832 0.02558380 0.65615469
v -0.01429649 0.02581911 0.65643799
v -0.01458841 0.02596100 0.65678322
v -0.01485768 0.02600151 0.65717101
v -0.01344954 0.02489026 0.65583318
v -0.01371062 0.02526828 0.65594929
v -0.01399832 0.02558380 0.65615469
v -0.01429649 0.02581911 0.65643799
v -0.01458841 0.02596100 0.65678322
v -0.01485768 0.02600151 0.65717101
v -0.01508915 0.02593828 0.65757960
v -0.01488649 0.02604597 0.65772557
v -0.01320320 0.02500043 0.65598047
v -0.01348255 0.02537602 0.65608442
v -0.01378555 0.02569031 0.65628272
v -0.01409479 0.02592524 0.65656394
v -0.01439250 0.02606730 0.65691197
v -0.01466155 0.02610833 0.65730673
v -0.01336690 0.02492483 0.65588301
v -0.01328477 0.02496156 0.65593207
v -0.01416164 0.02588865 0.65652317
v -0.01313929 0.02696957 0.65849996
v -0.00978941 0.02834125 0.65875000
v -0.00914156 0.02646567 0.65700001
v -0.00929735 0.02691670 0.65705776
v -0.00944414 0.02734168 0.65722769
v -0.00957346 0.02771606 0.65750003
v -0.00967783 0.02801822 0.65785897
v -0.00975122 0.02823071 0.65828377
v -0.01320320 0.02500043 0.65598047
v -0.01194024 0.02556561 0.65656042
v -0.01057287 0.02606182 0.65689403
v -0.01348255 0.02537602 0.65608442
v -0.01378555 0.02569031 0.65628272
v -0.01409479 0.02592524 0.65656394
v -0.01439250 0.02606730 0.65691197
v -0.01466155 0.02610833 0.65730673
v -0.01488649 0.02604597 0.65772557
v -0.01195999 0.02694007 0.65737605
v -0.00914156 0.02646567 0.65700001
v -0.00929735 0.02691670 0.65705776
v -0.00944414 0.02734168 0.65722769
v -0.00957346 0.02771606 0.65750003
v -0.00967783 0.02801822 0.65785897
v -0.00975122 0.02823071 0.65828377
v -0.00978941 0.02834125 0.65875000
v -0.00331727 0.02980025 0.65875000
v 0.00331727 0.02980025 0.65875000
v 0.00978941 0.02834125 0.65875000
v 0.00914156 0.02646567 0.65700001
v 0.00929735 0.02691670 0.65705776
v 0.00944414 0.02734168 0.65722769
v 0.00957346 0.02771606 0.65750003
v 0.00967783 0.02801822 0.65785897
v 0.00975122 0.02823071 0.65828377
v -0.00309774 0.02782812 0.65700001
v 0.00309774 0.02782812 0.65700001
v 0.00315053 0.02830236 0.65705776
v 0.00320027 0.02874922 0.65722769
v 0.00324409 0.02914287 0.65750003
v 0.00327946 0.02946059 0.65785897
v 0.00330433 0.02968401 0.65828377
v -0.00315053 0.02830236 0.65705776
v -0.00320027 0.02874922 0.65722769
v -0.00324409 0.02914287 0.65750003
v -0.00327946 0.02946059 0.65785897
v -0.00330433 0.02968401 0.65828377
v 0.00914156 0.02646567 0.65700001
v 0.00929735 0.02691670 0.65705776
v 0.00944414 0.02734168 0.65722769
v 0.00957346 0.02771606 0.65750003
v 0.00967783 0.02801822 0.65785897
v 0.00975122 0.02823071 0.65828377
v 0.00978941 0.02834125 0.65875000
v 0.01313933 0.02696958 0.65850002
v 0.01488649 0.02604597 0.65772557
v 0.01320320 0.02500043 0.65598047
v 0.01348255 0.02537602 0.65608442
v 0.01378555 0.02569031 0.65628272
v 0.01409479 0.02592524 0.65656394
v 0.01439250 0.02606730 0.65691197
v 0.01466155 0.02610833 0.65730673
v 0.01058260 0.02605860 0.65689254
v 0.01194907 0.02556212 0.65655738
v 0.01197622 0.02693322 0.65737242
v 0.01320320 0.02500043 0.65598047
v 0.01348255 0.02537602 0.65608442
v 0.01378555 0.02569031 0.65628272
v 0.01409479 0.02592524 0.65656394
v 0.01439250 0.02606730 0.65691197
v 0.01466155 0.02610833 0.65730673
v 0.01488649 0.02604597 0.65772557
v 0.01508915 0.02593828 0.65757960
v 0.01344954 0.02489026 0.65583318
v 0.01371062 0.02526828 0.65594929
v 0.01399832 0.02558380 0.65615469
v 0.01429649 0.02581911 0.65643799
v 0.01458841 0.02596100 0.65678322
v 0.01485768 0.02600151 0.65717101
v 0.01328477 0.02496156 0.65593207
v 0.01336690 0.02492483 0.65588301
v 0.01422889 0.02585332 0.65648127
v 0.02086358 0.02687399 0.64899999
v 0.01935323 0.02583800 0.65202844
v 0.01741924 0.02541033 0.65494740
v 0.01629359 0.02551764 0.65631485
v 0.01508299 0.02594189 0.65754151
v 0.02086358 0.02687399 0.64899999
v 0.01344954 0.02489026 0.65583318
v 0.01467207 0.02455567 0.65502656
v 0.01586806 0.02450536 0.65412539
v 0.01700326 0.02467218 0.65317005
v 0.01840243 0.02515391 0.65184778
v 0.01971602 0.02590886 0.65043092
v 0.01485070 0.02599739 0.65713930
v 0.01458199 0.02595209 0.65675902
v 0.01429156 0.02580846 0.65642160
v 0.01399530 0.02557437 0.65614545
v 0.01370941 0.02526262 0.65594572
v 0.01950813 0.02586409 0.65110743
v 0.01788127 0.02528018 0.65313071
v 0.01631670 0.02519798 0.65474045
v 0.01472073 0.02559901 0.65610319
v 0.01544099 0.02535118 0.65552235
v 0.01344954 0.02489026 0.65583318
v 0.01371062 0.02526828 0.65594929
v 0.01399832 0.02558380 0.65615469
v 0.01429649 0.02581911 0.65643799
v 0.01458841 0.02596100 0.65678322
v 0.01485768 0.02600151 0.65717101
v 0.01508915 0.02593828 0.65757960
v 0.01508299 0.02594189 0.65754151
v 0.01508509 0.02594078 0.65755421
v 0.01508716 0.02593960 0.65756691
v 0.01485070 0.02599739 0.65713930
v 0.01458199 0.02595209 0.65675902
v 0.01429156 0.02580846 0.65642160
v 0.01399530 0.02557437 0.65614545
v 0.01370941 0.02526262 0.65594572
v -0.02687399 -0.02086358 0.64899999
v -0.02534973 -0.01880127 0.65143770
v -0.02458399 -0.01656442 0.65355110
v -0.02451401 -0.01503708 0.65476298
v -0.02464277 -0.01421730 0.65534067
v -0.02489026 -0.01344954 0.65583318
v -0.02687399 -0.02086358 0.64899999
v -0.02594189 -0.01508299 0.65754151
v -0.02552170 -0.01627462 0.65633601
v -0.02540981 -0.01738437 0.65499306
v -0.02560216 -0.01870261 0.65310240
v -0.02611227 -0.01988416 0.65106499
v -0.02526262 -0.01370941 0.65594572
v -0.02557437 -0.01399530 0.65614545
v -0.02580846 -0.01429156 0.65642160
v -0.02595209 -0.01458199 0.65675902
v -0.02599739 -0.01485070 0.65713930
v -0.02586409 -0.01950813 0.65110743
v -0.02528018 -0.01788128 0.65313077
v -0.02519798 -0.01631670 0.65474045
v -0.02559902 -0.01472073 0.65610325
v -0.02531415 -0.01559055 0.65539461
v -0.02541060 -0.01523293 0.65569597
v -0.02489026 -0.01344954 0.65583318
v -0.02526262 -0.01370941 0.65594572
v -0.02557437 -0.01399530 0.65614545
v -0.02580846 -0.01429156 0.65642160
v -0.02595209 -0.01458199 0.65675902
v -0.02599739 -0.01485070 0.65713930
v -0.02594189 -0.01508299 0.65754151
v -0.02593828 -0.01508915 0.65757960
v -0.02593960 -0.01508716 0.65756691
v -0.02594078 -0.01508509 0.65755421
v -0.02526828 -0.01371062 0.65594929
v -0.02558380 -0.01399832 0.65615469
v -0.02581911 -0.01429649 0.65643799
v -0.02596100 -0.01458841 0.65678322
v -0.02600151 -0.01485768 0.65717101
v -0.02489026 -0.01344954 0.65583318
v -0.02526828 -0.01371062 0.65594929
v -0.02558380 -0.01399832 0.65615469
v -0.02581911 -0.01429649 0.65643799
v -0.02596100 -0.01458841 0.65678322
v -0.02600151 -0.01485768 0.65717101
v -0.02593828 -0.01508915 0.65757960
v -0.02604597 -0.01488649 0.65772557
v -0.02500043 -0.01320320 0.65598047
v -0.02537602 -0.01348255 0.65608442
v -0.02569031 -0.01378555 0.65628272
v -0.02592524 -0.01409479 0.65656394
v -0.02606730 -0.01439250 0.65691197
v -0.02610833 -0.01466155 0.65730673
v -0.02492483 -0.01336690 0.65588301
v -0.02496156 -0.01328477 0.65593207
v -0.02588865 -0.01416164 0.65652317
v -0.02696957 -0.01313929 0.65849996
v -0.02834125 -0.00978941 0.65875000
v -0.02646567 -0.00914156 0.65700001
v -0.02691670 -0.00929735 0.65705776
v -0.02734168 -0.00944414 0.65722769
v -0.02771606 -0.00957346 0.65750003
v -0.02801822 -0.00967783 0.65785897
v -0.02823071 -0.00975122 0.65828377
v -0.02500043 -0.01320320 0.65598047
v -0.02556561 -0.01194024 0.65656042
v -0.02606182 -0.01057287 0.65689403
v -0.02537602 -0.01348255 0.65608442
v -0.02569031 -0.01378555 0.65628272
v -0.02592524 -0.01409479 0.65656394
v -0.02606730 -0.01439250 0.65691197
v -0.02610833 -0.01466155 0.65730673
v -0.02604597 -0.01488649 0.65772557
v -0.02694007 -0.01195999 0.65737605
v -0.02646567 -0.00914156 0.65700001
v -0.02691670 -0.00929735 0.65705776
v -0.02734168 -0.00944414 0.65722769
v -0.02771606 -0.00957346 0.65750003
v -0.02801822 -0.00967783 0.65785897
v -0.02823071 -0.00975122 0.65828377
v -0.02834125 -0.00978941 0.65875000
v -0.02980025 -0.00331727 0.65875000
v -0.02980025 0.00331727 0.65875000
v -0.02834125 0.00978941 0.65875000
v -0.02646567 0.00914156 0.65700001
v -0.02691670 0.00929735 0.65705776
v -0.02734168 0.00944414 0.65722769
v -0.02771606 0.00957346 0.65750003
v -0.02801822 0.00967783 0.65785897
v -0.02823071 0.00975122 0.65828377
v -0.02782812 -0.00309774 0.65700001
v -0.02782812 0.00309774 0.65700001
v -0.02874922 0.00320027 0.65722769
v -0.02914287 0.00324409 0.65750003
v -0.02946059 0.00327946 0.65785897
v -0.02968401 0.00330433 0.65828377
v -0.02874922 -0.00320027 0.65722769
v -0.02914287 -0.00324409 0.65750003
v -0.02946059 -0.00327946 0.65785897
v -0.02968401 -0.00330433 0.65828377
v -0.02646567 0.00914156 0.65700001
v -0.02691670 0.00929735 0.65705776
v -0.02734168 0.00944414 0.65722769
v -0.02771606 0.00957346 0.65750003
v -0.02801822 0.00967783 0.65785897
v -0.02823071 0.00975122 0.65828377
v -0.02834125 0.00978941 0.65875000
v -0.02696958 0.01313933 0.65850002
v -0.02604597 0.01488649 0.65772557
v -0.02500043 0.01320320 0.65598047
v -0.02537602 0.01348255 0.65608442
v -0.02569031 0.01378555 0.65628272
v -0.02592524 0.01409479 0.65656394
v -0.02606730 0.01439250 0.65691197
v -0.02610833 0.01466155 0.65730673
v -0.02605860 0.01058260 0.65689254
v -0.02556212 0.01194907 0.65655738
v -0.02693322 0.01197622 0.65737242
v -0.02500043 0.01320320 0.65598047
v -0.02537602 0.01348255 0.65608442
v -0.02569031 0.01378555 0.65628272
v -0.02592524 0.01409479 0.65656394
v -0.02606730 0.01439250 0.65691197
v -0.02610833 0.01466155 0.65730673
v -0.02604597 0.01488649 0.65772557
v -0.02593828 0.01508915 0.65757960
v -0.02489026 0.01344954 0.65583318
v -0.02526828 0.01371062 0.65594929
v -0.02558380 0.01399832 0.65615469
v -0.02581911 0.01429649 0.65643799
v -0.02596100 0.01458841 0.65678322
v -0.02600151 0.01485768 0.65717101
v -0.02496156 0.01328477 0.65593207
v -0.02492483 0.01336690 0.65588301
v -0.02585332 0.01422889 0.65648127
v -0.02687399 0.02086358 0.64899999
v -0.02583800 0.01935323 0.65202844
v -0.02541033 0.01741924 0.65494740
v -0.02551764 0.01629359 0.65631485
v -0.02594189 0.01508299 0.65754151
v -0.02687399 0.02086358 0.64899999
v -0.02489026 0.01344954 0.65583318
v -0.02455567 0.01467207 0.65502656
v -0.02450536 0.01586806 0.65412539
v -0.02467218 0.01700326 0.65317005
v -0.02515391 0.01840243 0.65184778
v -0.02590886 0.01971602 0.65043092
v -0.02599739 0.01485070 0.65713930
v -0.02595209 0.01458199 0.65675902
v -0.02580846 0.01429156 0.65642160
v -0.02557437 0.01399530 0.65614545
v -0.02526262 0.01370941 0.65594572
v -0.02586409 0.01950813 0.65110743
v -0.02528018 0.01788127 0.65313071
v -0.02519798 0.01631670 0.65474045
v -0.02559901 0.01472073 0.65610319
v -0.02535118 0.01544099 0.65552235
v -0.02489026 0.01344954 0.65583318
v -0.02526828 0.01371062 0.65594929
v -0.02558380 0.01399832 0.65615469
v -0.02581911 0.01429649 0.65643799
v -0.02596100 0.01458841 0.65678322
v -0.02600151 0.01485768 0.65717101
v -0.02593828 0.01508915 0.65757960
v -0.02594189 0.01508299 0.65754151
v -0.02594078 0.01508509 0.65755421
v -0.02593960 0.01508716 0.65756691
v -0.02599739 0.01485070 0.65713930
v -0.02595209 0.01458199 0.65675902
v -0.02580846 0.01429156 0.65642160
v -0.02557437 0.01399530 0.65614545
v -0.02526262 0.01370941 0.65594572
v 0.02086358 -0.02687399 0.64899999
v 0.01880127 -0.02534973 0.65143770
v 0.01656442 -0.02458399 0.65355110
v 0.01503708 -0.02451401 0.65476298
v 0.01421730 -0.02464277 0.65534067
v 0.01344954 -0.02489026 0.65583318
v 0.02086358 -0.02687399 0.64899999
v 0.01508299 -0.02594189 0.65754151
v 0.01627462 -0.02552170 0.65633601
v 0.01738437 -0.02540981 0.65499306
v 0.01870261 -0.02560216 0.65310240
v 0.01988416 -0.02611227 0.65106499
v 0.01370941 -0.02526262 0.65594572
v 0.01399530 -0.02557437 0.65614545
v 0.01429156 -0.02580846 0.65642160
v 0.01458199 -0.02595209 0.65675902
v 0.01485070 -0.02599739 0.65713930
v 0.01950813 -0.02586409 0.65110743
v 0.01788128 -0.02528018 0.65313077
v 0.01631670 -0.02519798 0.65474045
v 0.01472073 -0.02559902 0.65610325
v 0.01559055 -0.02531415 0.65539461
v 0.01523293 -0.02541060 0.65569597
v 0.01344954 -0.02489026 0.65583318
v 0.01371293 -0.02527992 0.65595680
v 0.01400422 -0.02560307 0.65617406
v 0.01430620 -0.02584059 0.65647215
v 0.01460102 -0.02597846 0.65683347
v 0.01487123 -0.02600851 0.65723670
v 0.01510082 -0.02592895 0.65765792
v 0.01370941 -0.02526262 0.65594572
v 0.01399530 -0.02557437 0.65614545
v 0.01429156 -0.02580846 0.65642160
v 0.01458199 -0.02595209 0.65675902
v 0.01485070 -0.02599739 0.65713930
v 0.01508299 -0.02594189 0.65754151
v 0.01509527 -0.02593397 0.65761912
v 0.01508931 -0.02593828 0.65758032
v 0.01493844 -0.02601621 0.65769517
v 0.01510082 -0.02592895 0.65765792
v 0.01324406 -0.02498028 0.65595615
v 0.01352469 -0.02535477 0.65605986
v 0.01382933 -0.02566762 0.65625757
v 0.01414047 -0.02590088 0.65653783
v 0.01444024 -0.02604113 0.65688461
v 0.01471142 -0.02608032 0.65727788
v 0.01344954 -0.02489026 0.65583318
v 0.01338030 -0.02491806 0.65587455
v 0.01331179 -0.02494808 0.65591550
v 0.01371293 -0.02527992 0.65595680
v 0.01400422 -0.02560307 0.65617406
v 0.01430620 -0.02584059 0.65647215
v 0.01460102 -0.02597846 0.65683347
v 0.01487123 -0.02600851 0.65723670
v 0.01419529 -0.02587930 0.65651596
v 0.01313929 -0.02696957 0.65849996
v 0.00978941 -0.02834125 0.65875000
v 0.00914156 -0.02646567 0.65700001
v 0.00929735 -0.02691670 0.65705776
v 0.00944414 -0.02734168 0.65722769
v 0.00957346 -0.02771606 0.65750003
v 0.00967783 -0.02801822 0.65785897
v 0.00975122 -0.02823071 0.65828377
v 0.01324406 -0.02498028 0.65595615
v 0.01197083 -0.02555319 0.65654981
v 0.01058902 -0.02605661 0.65689158
v 0.01352469 -0.02535477 0.65605986
v 0.01382933 -0.02566762 0.65625757
v 0.01414047 -0.02590088 0.65653783
v 0.01444024 -0.02604113 0.65688461
v 0.01471142 -0.02608032 0.65727788
v 0.01493844 -0.02601621 0.65769517
v 0.01198661 -0.02692884 0.65737009
v 0.00914156 -0.02646567 0.65700001
v 0.00929735 -0.02691670 0.65705776
v 0.00944414 -0.02734168 0.65722769
v 0.00957346 -0.02771606 0.65750003
v 0.00967783 -0.02801822 0.65785897
v 0.00975122 -0.02823071 0.65828377
v 0.00978941 -0.02834125 0.65875000
v 0.00331727 -0.02980025 0.65875000
v -0.00331727 -0.02980025 0.65875000
v -0.00978941 -0.02834125 0.65875000
v -0.00914156 -0.02646567 0.65700001
v -0.00929735 -0.02691670 0.65705776
v -0.00944414 -0.02734168 0.65722769
v -0.00957346 -0.02771606 0.65750003
v -0.00967783 -0.02801822 0.65785897
v -0.00975122 -0.02823071 0.65828377
v 0.00309774 -0.02782812 0.65700001
v -0.00309774 -0.02782812 0.65700001
v -0.00315053 -0.02830236 0.65705776
v -0.00320027 -0.02874922 0.65722769
v -0.00324409 -0.02914287 0.65750003
v -0.00327946 -0.02946059 0.65785897
v -0.00330433 -0.02968401 0.65828377
v 0.00315053 -0.02830236 0.65705776
v 0.00320027 -0.02874922 0.65722769
v 0.00324409 -0.02914287 0.65750003
v 0.00327946 -0.02946059 0.65785897
v 0.00330433 -0.02968401 0.65828377
v -0.00914156 -0.02646567 0.65700001
v -0.00929735 -0.02691670 0.65705776
v -0.00944414 -0.02734168 0.65722769
v -0.00957346 -0.02771606 0.65750003
v -0.00967783 -0.02801822 0.65785897
v -0.00975122 -0.02823071 0.65828377
v -0.00978941 -0.02834125 0.65875000
v -0.01313933 -0.02696958 0.65850002
v -0.01488649 -0.02604597 0.65772557
v -0.01320320 -0.02500043 0.65598047
v -0.01348255 -0.02537602 0.65608442
v -0.01378555 -0.02569031 0.65628272
v -0.01409479 -0.02592524 0.65656394
v -0.01439250 -0.02606730 0.65691197
v -0.01466155 -0.02610833 0.65730673
v -0.01058260 -0.02605860 0.65689254
v -0.01194907 -0.02556212 0.65655738
v -0.01197622 -0.02693322 0.65737242
v -0.01320320 -0.02500043 0.65598047
v -0.01348255 -0.02537602 0.65608442
v -0.01378555 -0.02569031 0.65628272
v -0.01409479 -0.02592524 0.65656394
v -0.01439250 -0.02606730 0.65691197
v -0.01466155 -0.02610833 0.65730673
v -0.01488649 -0.02604597 0.65772557
v -0.01508915 -0.02593828 0.65757960
v -0.01344954 -0.02489026 0.65583318
v -0.01371062 -0.02526828 0.65594929
v -0.01399832 -0.02558380 0.65615469
v -0.01429649 -0.02581911 0.65643799
v -0.01458841 -0.02596100 0.65678322
v -0.01485768 -0.02600151 0.65717101
v -0.01328477 -0.02496156 0.65593207
v -0.01336690 -0.02492483 0.65588301
v -0.01422889 -0.02585332 0.65648127
v -0.02086358 -0.02687399 0.64899999
v -0.01935323 -0.02583800 0.65202844
v -0.01741924 -0.02541033 0.65494740
v -0.01629359 -0.02551764 0.65631485
v -0.01508299 -0.02594189 0.65754151
v -0.02086358 -0.02687399 0.64899999
v -0.01344954 -0.02489026 0.65583318
v -0.01467207 -0.02455567 0.65502656
v -0.01586806 -0.02450536 0.65412539
v -0.01700326 -0.02467218 0.65317005
v -0.01840243 -0.02515391 0.65184778
v -0.01971602 -0.02590886 0.65043092
v -0.01485070 -0.02599739 0.65713930
v -0.01458199 -0.02595209 0.65675902
v -0.01429156 -0.02580846 0.65642160
v -0.01399530 -0.02557437 0.65614545
v -0.01370941 -0.02526262 0.65594572
v -0.01950813 -0.02586409 0.65110743
v -0.01788127 -0.02528018 0.65313071
v -0.01631670 -0.02519798 0.65474045
v -0.01472073 -0.02559901 0.65610319
v -0.01544099 -0.02535118 0.65552235
v -0.01344954 -0.02489026 0.65583318
v -0.01371062 -0.02526828 0.65594929
v -0.01399832 -0.02558380 0.65615469
v -0.01429649 -0.02581911 0.65643799
v -0.01458841 -0.02596100 0.65678322
v -0.01485768 -0.02600151 0.65717101
v -0.01508915 -0.02593828 0.65757960
v -0.01508299 -0.02594189 0.65754151
v -0.01508509 -0.02594078 0.65755421
v -0.01508716 -0.02593960 0.65756691
v -0.01485070 -0.02599739 0.65713930
v -0.01458199 -0.02595209 0.65675902
v -0.01429156 -0.02580846 0.65642160
v -0.01399530 -0.02557437 0.65614545
v -0.01370941 -0.02526262 0.65594572
v 0.02687399 0.02086358 0.64899999
v 0.02534973 0.01880127 0.65143770
v 0.02458399 0.01656442 0.65355110
v 0.02451401 0.01503708 0.65476298
v 0.02464277 0.01421730 0.65534067
v 0.02489026 0.01344954 0.65583318
v 0.02687399 0.02086358 0.64899999
v 0.02594189 0.01508299 0.65754151
v 0.02552170 0.01627462 0.65633601
v 0.02540981 0.01738437 0.65499306
v 0.02560216 0.01870261 0.65310240
v 0.02611227 0.01988416 0.65106499
v 0.02526262 0.01370941 0.65594572
v 0.02557437 0.01399530 0.65614545
v 0.02580846 0.01429156 0.65642160
v 0.02595209 0.01458199 0.65675902
v 0.02599739 0.01485070 0.65713930
v 0.02586409 0.01950813 0.65110743
v 0.02528018 0.01788128 0.65313077
v 0.02519798 0.01631670 0.65474045
v 0.02559902 0.01472073 0.65610325
v 0.02531415 0.01559055 0.65539461
v 0.02541060 0.01523293 0.65569597
v 0.02489026 0.01344954 0.65583318
v 0.02526262 0.01370941 0.65594572
v 0.02557437 0.01399530 0.65614545
v 0.02580846 0.01429156 0.65642160
v 0.02595209 0.01458199 0.65675902
v 0.02599739 0.01485070 0.65713930
v 0.02594189 0.01508299 0.65754151
v 0.02593828 0.01508915 0.65757960
v 0.02593960 0.01508716 0.65756691
v 0.02594078 0.01508509 0.65755421
v 0.02526828 0.01371062 0.65594929
v 0.02558380 0.01399832 0.65615469
v 0.02581911 0.01429649 0.65643799
v 0.02596100 0.01458841 0.65678322
v 0.02600151 0.01485768 0.65717101
v 0.02489026 0.01344954 0.65583318
v 0.02526828 0.01371062 0.65594929
v 0.02558380 0.01399832 0.65615469
v 0.02581911 0.01429649 0.65643799
v 0.02596100 0.01458841 0.65678322
v 0.02600151 0.01485768 0.65717101
v 0.02593828 0.01508915 0.65757960
v 0.02604597 0.01488649 0.65772557
v 0.02500043 0.01320320 0.65598047
v 0.02537602 0.01348255 0.65608442
v 0.02569031 0.01378555 0.65628272
v 0.02592524 0.01409479 0.65656394
v 0.02606730 0.01439250 0.65691197
v 0.02610833 0.01466155 0.65730673
v 0.02492483 0.01336690 0.65588301
v 0.02496156 0.01328477 0.65593207
v 0.02588865 0.01416164 0.65652317
v 0.02696957 0.01313929 0.65849996
v 0.02834125 0.00978941 0.65875000
v 0.02646567 0.00914156 0.65700001
v 0.02691670 0.00929735 0.65705776
v 0.02734168 0.00944414 0.65722769
v 0.02771606 0.00957346 0.65750003
v 0.02801822 0.00967783 0.65785897
v 0.02823071 0.00975122 0.65828377
v 0.02500043 0.01320320 0.65598047
v 0.02556561 0.01194024 0.65656042
v 0.02606182 0.01057287 0.65689403
v 0.02537602 0.01348255 0.65608442
v 0.02569031 0.01378555 0.65628272
v 0.02592524 0.01409479 0.65656394
v 0.02606730 0.01439250 0.65691197
v 0.02610833 0.01466155 0.65730673
v 0.02604597 0.01488649 0.65772557
v 0.02694007 0.01195999 0.65737605
v 0.02646567 0.00914156 0.65700001
v 0.02691670 0.00929735 0.65705776
v 0.02734168 0.00944414 0.65722769
v 0.02771606 0.00957346 0.65750003
v 0.02801822 0.00967783 0.65785897
v 0.02823071 0.00975122 0.65828377
v 0.02834125 0.00978941 0.65875000
v 0.02980025 0.00331727 0.65875000
v 0.02980025 -0.00331727 0.65875000
v 0.02834125 -0.00978941 0.65875000
v 0.02646567 -0.00914156 0.65700001
v 0.02691670 -0.00929735 0.65705776
v 0.02734168 -0.00944414 0.65722769
v 0.02771606 -0.00957346 0.65750003
v 0.02801822 -0.00967783 0.65785897
v 0.02823071 -0.00975122 0.65828377
v 0.02782812 0.00309774 0.65700001
v 0.02782812 -0.00309774 0.65700001
v 0.02874922 -0.00320027 0.65722769
v 0.02914287 -0.00324409 0.65750003
v 0.02946059 -0.00327946 0.65785897
v 0.02968401 -0.00330433 0.65828377
v 0.02874922 0.00320027 0.65722769
v 0.02914287 0.00324409 0.65750003
v 0.02946059 0.00327946 0.65785897
v 0.02968401 0.00330433 0.65828377
v 0.02498028 -0.01324406 0.65595615
v 0.02535477 -0.01352469 0.65605986
v 0.02566762 -0.01382933 0.65625757
v 0.02590088 -0.01414047 0.65653783
v 0.02604113 -0.01444024 0.65688461
v 0.02608032 -0.01471142 0.65727788
v 0.02601621 -0.01493844 0.65769517
v 0.02646567 -0.00914156 0.65700001
v 0.02605342 -0.01059864 0.65689003
v 0.02554973 -0.01197955 0.65654677
v 0.02691670 -0.00929735 0.65705776
v 0.02734168 -0.00944414 0.65722769
v 0.02771606 -0.00957346 0.65750003
v 0.02801822 -0.00967783 0.65785897
v 0.02823071 -0.00975122 0.65828377
v 0.02834125 -0.00978941 0.65875000
v 0.02696958 -0.01313933 0.65850002
v 0.02692197 -0.01200285 0.65736639
v 0.02489026 -0.01344954 0.65583318
v 0.02527992 -0.01371293 0.65595680
v 0.02560307 -0.01400422 0.65617406
v 0.02584059 -0.01430620 0.65647215
v 0.02597846 -0.01460102 0.65683347
v 0.02600851 -0.01487123 0.65723670
v 0.02592895 -0.01510082 0.65765792
v 0.02498028 -0.01324406 0.65595615
v 0.02494808 -0.01331179 0.65591550
v 0.02491806 -0.01338030 0.65587455
v 0.02535477 -0.01352469 0.65605986
v 0.02566762 -0.01382933 0.65625757
v 0.02590088 -0.01414047 0.65653783
v 0.02604113 -0.01444024 0.65688461
v 0.02608032 -0.01471142 0.65727788
v 0.02601621 -0.01493844 0.65769517
v 0.02585928 -0.01425035 0.65649414
v 0.02687399 -0.02086358 0.64899999
v 0.02583800 -0.01935323 0.65202844
v 0.02541033 -0.01741924 0.65494740
v 0.02551764 -0.01629359 0.65631485
v 0.02594189 -0.01508299 0.65754151
v 0.02687399 -0.02086358 0.64899999
v 0.02489026 -0.01344954 0.65583318
v 0.02455567 -0.01467207 0.65502656
v 0.02450536 -0.01586806 0.65412539
v 0.02467218 -0.01700326 0.65317005
v 0.02515391 -0.01840243 0.65184778
v 0.02590886 -0.01971602 0.65043092
v 0.02599739 -0.01485070 0.65713930
v 0.02595209 -0.01458199 0.65675902
v 0.02580846 -0.01429156 0.65642160
v 0.02557437 -0.01399530 0.65614545
v 0.02526262 -0.01370941 0.65594572
v 0.02586409 -0.01950813 0.65110743
v 0.02528018 -0.01788127 0.65313071
v 0.02519798 -0.01631670 0.65474045
v 0.02559901 -0.01472073 0.65610319
v 0.02535118 -0.01544099 0.65552235
v 0.02594189 -0.01508299 0.65754151
v 0.02593828 -0.01508931 0.65758032
v 0.02593397 -0.01509527 0.65761912
v 0.02592895 -0.01510082 0.65765792
v 0.02599739 -0.01485070 0.65713930
v 0.02595209 -0.01458199 0.65675902
v 0.02580846 -0.01429156 0.65642160
v 0.02557437 -0.01399530 0.65614545
v 0.02526262 -0.01370941 0.65594572
v 0.02489026 -0.01344954 0.65583318
v 0.02527992 -0.01371293 0.65595680
v 0.02560307 -0.01400422 0.65617406
v 0.02584059 -0.01430620 0.65647215
v 0.02597846 -0.01460102 0.65683347
v 0.02600851 -0.01487123 0.65723670
v -0.02497458 0.01474009 0.66023207
v -0.02526589 0.01491202 0.65998632
v -0.02550683 0.01505423 0.65967560
v -0.02568687 0.01516049 0.65931350
v -0.02579813 0.01522616 0.65891582
v -0.02583577 0.01524837 0.65850002
v -0.02336351 0.01745277 0.66031402
v -0.02428856 0.01799920 0.65907145
v -0.02414843 0.01791642 0.65946120
v -0.02394094 0.01779386 0.65980810
v -0.02367535 0.01763698 0.66009665
v -0.02508154 0.01662928 0.65881181
v -0.02428856 0.01799920 0.65907145
v -0.02414843 0.01791642 0.65946120
v -0.02394094 0.01779386 0.65980810
v -0.02367535 0.01763698 0.66009665
v -0.02336351 0.01745277 0.66031402
v -0.02235261 0.01877978 0.66033053
v -0.02316481 0.01949234 0.65916520
v -0.02303389 0.01937748 0.65953398
v -0.02284945 0.01921567 0.65985978
v -0.02261916 0.01901364 0.66012901
v -0.02359963 0.01829336 0.65983111
v -0.02583577 -0.01524837 0.65850002
v -0.02623238 -0.01455549 0.65850002
v -0.02661041 -0.01385230 0.65850002
v -0.02696957 -0.01313929 0.65849996
v -0.02497458 -0.01474009 0.66023207
v -0.02526589 -0.01491202 0.65998632
v -0.02550683 -0.01505423 0.65967560
v -0.02568687 -0.01516049 0.65931350
v -0.02579813 -0.01522616 0.65891582
v -0.02752864 -0.00911998 0.66023207
v -0.02883527 -0.00308662 0.66023207
v -0.02883527 0.00308662 0.66023207
v -0.02752864 0.00911998 0.66023207
v -0.02497458 0.01474009 0.66023207
v -0.02526589 0.01491202 0.65998632
v -0.02550683 0.01505423 0.65967560
v -0.02568687 0.01516049 0.65931350
v -0.02579813 0.01522616 0.65891582
v -0.02583577 0.01524837 0.65850002
v -0.02696958 0.01313933 0.65850002
v -0.02661040 0.01385232 0.65850002
v -0.02623237 0.01455550 0.65850002
v -0.02834125 0.00978941 0.65875000
v -0.02834125 -0.00978941 0.65875000
v -0.02980025 -0.00331727 0.65875000
v -0.02980025 0.00331727 0.65875000
v -0.02681415 -0.01306357 0.65931350
v -0.02693030 -0.01312016 0.65891582
v -0.02773060 -0.00957848 0.65998632
v -0.02799504 -0.00966982 0.65967560
v -0.02819264 -0.00973807 0.65931350
v -0.02831477 -0.00978026 0.65891582
v -0.02915816 -0.00324580 0.65998632
v -0.02943622 -0.00327675 0.65967560
v -0.02964399 -0.00329988 0.65931350
v -0.02977240 -0.00331417 0.65891582
v -0.02917161 0.00312262 0.65998632
v -0.02944979 0.00315240 0.65967560
v -0.02965766 0.00317465 0.65931350
v -0.02978613 0.00318840 0.65891582
v -0.02784974 0.00922636 0.65998632
v -0.02811532 0.00931435 0.65967560
v -0.02831377 0.00938009 0.65931350
v -0.02681413 0.01306359 0.65931350
v -0.02693029 0.01312018 0.65891582
v -0.02316481 0.01949234 0.65916520
v -0.02303389 0.01937748 0.65953398
v -0.02284945 0.01921567 0.65985978
v -0.02261916 0.01901364 0.66012901
v -0.02235261 0.01877978 0.66033053
v -0.02151058 0.01972361 0.66032612
v -0.02063406 0.02063406 0.66032463
v -0.01972360 0.02151058 0.66032612
v -0.01877978 0.02235261 0.66033053
v -0.01949234 0.02316481 0.65916520
v -0.01937748 0.02303389 0.65953398
v -0.01921567 0.02284945 0.65985978
v -0.01901364 0.02261916 0.66012901
v -0.02200018 0.02077501 0.65914220
v -0.02077501 0.02200018 0.65914220
v -0.02170791 0.02049593 0.65983427
v -0.02336351 -0.01745277 0.66031402
v -0.02367535 -0.01763698 0.66009665
v -0.02394094 -0.01779386 0.65980810
v -0.02414843 -0.01791642 0.65946120
v -0.02428856 -0.01799920 0.65907145
v -0.02497458 -0.01474009 0.66023207
v -0.02526589 -0.01491202 0.65998632
v -0.02550683 -0.01505423 0.65967560
v -0.02568687 -0.01516049 0.65931350
v -0.02579813 -0.01522616 0.65891582
v -0.02583577 -0.01524837 0.65850002
v -0.02508154 -0.01662928 0.65881181
v -0.01949234 0.02316481 0.65916520
v -0.01937748 0.02303389 0.65953398
v -0.01921567 0.02284945 0.65985978
v -0.01901364 0.02261916 0.66012901
v -0.01877978 0.02235261 0.66033053
v -0.01745277 0.02336351 0.66031402
v -0.01799920 0.02428856 0.65907145
v -0.01791642 0.02414843 0.65946120
v -0.01779386 0.02394094 0.65980810
v -0.01763698 0.02367535 0.66009665
v -0.01876633 0.02323630 0.65984732
v -0.02235261 -0.01877978 0.66033053
v -0.02261916 -0.01901364 0.66012901
v -0.02284945 -0.01921567 0.65985978
v -0.02303389 -0.01937748 0.65953398
v -0.02316481 -0.01949234 0.65916520
v -0.02336351 -0.01745277 0.66031402
v -0.02367535 -0.01763698 0.66009665
v -0.02394094 -0.01779386 0.65980810
v -0.02414843 -0.01791642 0.65946120
v -0.02428856 -0.01799920 0.65907145
v -0.02323630 -0.01876633 0.65984732
v -0.01799920 0.02428856 0.65907145
v -0.01791642 0.02414843 0.65946120
v -0.01779386 0.02394094 0.65980810
v -0.01763698 0.02367535 0.66009665
v -0.01745277 0.02336351 0.66031402
v -0.01474009 0.02497458 0.66023207
v -0.01524837 0.02583577 0.65850002
v -0.01522616 0.02579813 0.65891582
v -0.01516049 0.02568687 0.65931350
v -0.01505423 0.02550683 0.65967560
v -0.01491202 0.02526589 0.65998632
v -0.01662928 0.02508154 0.65881181
v -0.01877978 -0.02235261 0.66033053
v -0.01901364 -0.02261916 0.66012901
v -0.01921567 -0.02284945 0.65985978
v -0.01937748 -0.02303389 0.65953398
v -0.01949234 -0.02316481 0.65916520
v -0.01972361 -0.02151058 0.66032612
v -0.02063406 -0.02063406 0.66032463
v -0.02151058 -0.01972360 0.66032612
v -0.02235261 -0.01877978 0.66033053
v -0.02261916 -0.01901364 0.66012901
v -0.02284945 -0.01921567 0.65985978
v -0.02303389 -0.01937748 0.65953398
v -0.02316481 -0.01949234 0.65916520
v -0.02077501 -0.02200018 0.65914220
v -0.02200018 -0.02077501 0.65914220
v -0.02049593 -0.02170791 0.65983427
v -0.01524837 0.02583577 0.65850002
v -0.01455549 0.02623238 0.65850002
v -0.01385230 0.02661041 0.65850002
v -0.01313929 0.02696957 0.65849996
v -0.01522616 0.02579813 0.65891582
v -0.01516049 0.02568687 0.65931350
v -0.01505423 0.02550683 0.65967560
v -0.01491202 0.02526589 0.65998632
v -0.01474009 0.02497458 0.66023207
v -0.00911998 0.02752864 0.66023207
v -0.00308662 0.02883527 0.66023207
v 0.00308662 0.02883527 0.66023207
v 0.00911998 0.02752864 0.66023207
v 0.01474009 0.02497458 0.66023207
v 0.01524837 0.02583577 0.65850002
v 0.01522616 0.02579813 0.65891582
v 0.01516049 0.02568687 0.65931350
v 0.01505423 0.02550683 0.65967560
v 0.01491202 0.02526589 0.65998632
v 0.01313933 0.02696958 0.65850002
v 0.01385232 0.02661040 0.65850002
v 0.01455550 0.02623237 0.65850002
v 0.00978941 0.02834125 0.65875000
v -0.00978941 0.02834125 0.65875000
v -0.00331727 0.02980025 0.65875000
v 0.00331727 0.02980025 0.65875000
v -0.01306357 0.02681415 0.65931350
v -0.01312016 0.02693030 0.65891582
v -0.00957848 0.02773060 0.65998632
v -0.00966982 0.02799504 0.65967560
v -0.00973807 0.02819264 0.65931350
v -0.00978026 0.02831477 0.65891582
v -0.00324580 0.02915816 0.65998632
v -0.00327675 0.02943622 0.65967560
v -0.00329988 0.02964399 0.65931350
v -0.00331417 0.02977240 0.65891582
v 0.00312262 0.02917161 0.65998632
v 0.00315240 0.02944979 0.65967560
v 0.00317465 0.02965766 0.65931350
v 0.00318840 0.02978613 0.65891582
v 0.00922636 0.02784974 0.65998632
v 0.00931435 0.02811532 0.65967560
v 0.00938009 0.02831377 0.65931350
v 0.01306359 0.02681413 0.65931350
v 0.01312018 0.02693029 0.65891582
v -0.01745277 -0.02336351 0.66031402
v -0.01763698 -0.02367535 0.66009665
v -0.01779386 -0.02394094 0.65980810
v -0.01791642 -0.02414843 0.65946120
v -0.01799920 -0.02428856 0.65907145
v -0.01877978 -0.02235261 0.66033053
v -0.01901364 -0.02261916 0.66012901
v -0.01921567 -0.02284945 0.65985978
v -0.01937748 -0.02303389 0.65953398
v -0.01949234 -0.02316481 0.65916520
v -0.01829336 -0.02359963 0.65983111
v 0.01524837 0.02583577 0.65850002
v 0.01522616 0.02579813 0.65891582
v 0.01516049 0.02568687 0.65931350
v 0.01505423 0.02550683 0.65967560
v 0.01491202 0.02526589 0.65998632
v 0.01474009 0.02497458 0.66023207
v 0.01745277 0.02336351 0.66031402
v 0.01799920 0.02428856 0.65907145
v 0.01791642 0.02414843 0.65946120
v 0.01779386 0.02394094 0.65980810
v 0.01763698 0.02367535 0.66009665
v 0.01662928 0.02508154 0.65881181
v -0.01474009 -0.02497458 0.66023207
v -0.01491202 -0.02526589 0.65998632
v -0.01505423 -0.02550683 0.65967560
v -0.01516049 -0.02568687 0.65931350
v -0.01522616 -0.02579813 0.65891582
v -0.01524837 -0.02583577 0.65850002
v -0.01745277 -0.02336351 0.66031402
v -0.01763698 -0.02367535 0.66009665
v -0.01779386 -0.02394094 0.65980810
v -0.01791642 -0.02414843 0.65946120
v -0.01799920 -0.02428856 0.65907145
v -0.01662928 -0.02508154 0.65881181
v 0.01799920 0.02428856 0.65907145
v 0.01791642 0.02414843 0.65946120
v 0.01779386 0.02394094 0.65980810
v 0.01763698 0.02367535 0.66009665
v 0.01745277 0.02336351 0.66031402
v 0.01877978 0.02235261 0.66033053
v 0.01949234 0.02316481 0.65916520
v 0.01937748 0.02303389 0.65953398
v 0.01921567 0.02284945 0.65985978
v 0.01901364 0.02261916 0.66012901
v 0.01829336 0.02359963 0.65983111
v 0.01587615 -0.02545482 0.65850002
v 0.01498161 -0.02599137 0.65850002
v 0.01406896 -0.02649650 0.65850002
v 0.01313929 -0.02696957 0.65849996
v 0.01534695 -0.02460632 0.66023207
v 0.01552596 -0.02489334 0.65998632
v 0.01567401 -0.02513072 0.65967560
v 0.01578465 -0.02530811 0.65931350
v 0.01585302 -0.02541774 0.65891582
v 0.00965728 -0.02734478 0.66023207
v 0.00350977 -0.02878683 0.66023207
v -0.00280414 -0.02886411 0.66023207
v -0.00898510 -0.02757296 0.66023207
v -0.01474009 -0.02497458 0.66023207
v -0.01491202 -0.02526589 0.65998632
v -0.01505423 -0.02550683 0.65967560
v -0.01516049 -0.02568687 0.65931350
v -0.01522616 -0.02579813 0.65891582
v -0.01524837 -0.02583577 0.65850002
v -0.01313933 -0.02696958 0.65850002
v -0.01385232 -0.02661040 0.65850002
v -0.01455550 -0.02623237 0.65850002
v -0.00978941 -0.02834125 0.65875000
v 0.00978941 -0.02834125 0.65875000
v 0.00331727 -0.02980025 0.65875000
v -0.00331727 -0.02980025 0.65875000
v 0.01388983 -0.02615914 0.65967560
v 0.01398787 -0.02634378 0.65931350
v 0.01404847 -0.02645789 0.65891582
v 0.00976993 -0.02766373 0.65998632
v 0.00986309 -0.02792754 0.65967560
v 0.00993271 -0.02812466 0.65931350
v 0.00997574 -0.02824649 0.65891582
v 0.00355071 -0.02912260 0.65998632
v 0.00358457 -0.02940032 0.65967560
v 0.00360987 -0.02960784 0.65931350
v -0.00283685 -0.02920078 0.65998632
v -0.00286390 -0.02947925 0.65967560
v -0.00288411 -0.02968732 0.65931350
v -0.00908991 -0.02789457 0.65998632
v -0.00917659 -0.02816058 0.65967560
v -0.00924136 -0.02835935 0.65931350
v -0.01306359 -0.02681413 0.65931350
v -0.01312018 -0.02693029 0.65891582
v 0.01949234 0.02316481 0.65916520
v 0.01937748 0.02303389 0.65953398
v 0.01921567 0.02284945 0.65985978
v 0.01901364 0.02261916 0.66012901
v 0.01877978 0.02235261 0.66033053
v 0.01972361 0.02151058 0.66032612
v 0.02063406 0.02063406 0.66032463
v 0.02151058 0.01972360 0.66032612
v 0.02235261 0.01877978 0.66033053
v 0.02316481 0.01949234 0.65916520
v 0.02303389 0.01937748 0.65953398
v 0.02284945 0.01921567 0.65985978
v 0.02261916 0.01901364 0.66012901
v 0.02077501 0.02200018 0.65914220
v 0.02200018 0.02077501 0.65914220
v 0.02049593 0.02170791 0.65983427
v 0.01802523 -0.02277094 0.66025543
v 0.01825046 -0.02304547 0.66000825
v 0.01843669 -0.02327248 0.65969050
v 0.01857523 -0.02344134 0.65931702
v 0.01865958 -0.02354416 0.65890533
v 0.01534695 -0.02460632 0.66023207
v 0.01552596 -0.02489334 0.65998632
v 0.01567401 -0.02513072 0.65967560
v 0.01578465 -0.02530811 0.65931350
v 0.01585302 -0.02541774 0.65891582
v 0.01587615 -0.02545482 0.65850002
v 0.01728686 -0.02455394 0.65882885
v 0.01702621 -0.02431823 0.65965366
v 0.02316481 0.01949234 0.65916520
v 0.02303389 0.01937748 0.65953398
v 0.02284945 0.01921567 0.65985978
v 0.02261916 0.01901364 0.66012901
v 0.02235261 0.01877978 0.66033053
v 0.02336351 0.01745277 0.66031402
v 0.02428856 0.01799920 0.65907145
v 0.02414843 0.01791642 0.65946120
v 0.02394094 0.01779386 0.65980810
v 0.02367535 0.01763698 0.66009665
v 0.02323630 0.01876633 0.65984732
v 0.02277094 -0.01802523 0.66025543
v 0.02304547 -0.01825046 0.66000825
v 0.02327248 -0.01843669 0.65969050
v 0.02344134 -0.01857523 0.65931702
v 0.02354416 -0.01865958 0.65890533
v 0.01802523 -0.02277094 0.66025543
v 0.01825046 -0.02304547 0.66000825
v 0.01843669 -0.02327248 0.65969050
v 0.01857523 -0.02344134 0.65931702
v 0.01865958 -0.02354416 0.65890533
v 0.02428856 0.01799920 0.65907145
v 0.02414843 0.01791642 0.65946120
v 0.02394094 0.01779386 0.65980810
v 0.02367535 0.01763698 0.66009665
v 0.02336351 0.01745277 0.66031402
v 0.02497458 0.01474009 0.66023207
v 0.02583577 0.01524837 0.65850002
v 0.02579813 0.01522616 0.65891582
v 0.02568687 0.01516049 0.65931350
v 0.02550683 0.01505423 0.65967560
v 0.02526589 0.01491202 0.65998632
v 0.02508154 0.01662928 0.65881181
v 0.02460632 -0.01534695 0.66023207
v 0.02489334 -0.01552596 0.65998632
v 0.02513072 -0.01567401 0.65967560
v 0.02530811 -0.01578465 0.65931350
v 0.02541774 -0.01585302 0.65891582
v 0.02545482 -0.01587615 0.65850002
v 0.02277094 -0.01802523 0.66025543
v 0.02304547 -0.01825046 0.66000825
v 0.02327248 -0.01843669 0.65969050
v 0.02344134 -0.01857523 0.65931702
v 0.02354416 -0.01865958 0.65890533
v 0.02455394 -0.01728686 0.65882885
v 0.02431781 -0.01702679 0.65965372
v 0.02583577 0.01524837 0.65850002
v 0.02623238 0.01455549 0.65850002
v 0.02661041 0.01385230 0.65850002
v 0.02696957 0.01313929 0.65849996
v 0.02579813 0.01522616 0.65891582
v 0.02568687 0.01516049 0.65931350
v 0.02550683 0.01505423 0.65967560
v 0.02526589 0.01491202 0.65998632
v 0.02497458 0.01474009 0.66023207
v 0.02757296 0.00898510 0.66023207
v 0.02886411 0.00280414 0.66023207
v 0.02878683 -0.00350977 0.66023207
v 0.02734478 -0.00965728 0.66023207
v 0.02460632 -0.01534695 0.66023207
v 0.02489334 -0.01552596 0.65998632
v 0.02513072 -0.01567401 0.65967560
v 0.02530811 -0.01578465 0.65931350
v 0.02541774 -0.01585302 0.65891582
v 0.02545482 -0.01587615 0.65850002
v 0.02696958 -0.01313933 0.65850002
v 0.02649649 -0.01406898 0.65850002
v 0.02599136 -0.01498162 0.65850002
v 0.02834125 -0.00978941 0.65875000
v 0.02834125 0.00978941 0.65875000
v 0.02980025 0.00331727 0.65875000
v 0.02980025 -0.00331727 0.65875000
v 0.02681415 0.01306357 0.65931350
v 0.02693030 0.01312016 0.65891582
v 0.02773060 0.00957848 0.65998632
v 0.02799504 0.00966982 0.65967560
v 0.02819264 0.00973807 0.65931350
v 0.02831477 0.00978026 0.65891582
v 0.02915816 0.00324580 0.65998632
v 0.02943622 0.00327675 0.65967560
v 0.02964399 0.00329988 0.65931350
v 0.02977240 0.00331417 0.65891582
v 0.02915816 -0.00324580 0.65998632
v 0.02943622 -0.00327675 0.65967560
v 0.02964399 -0.00329988 0.65931350
v 0.02977240 -0.00331417 0.65891582
v 0.02773060 -0.00957848 0.65998632
v 0.02799504 -0.00966982 0.65967560
v 0.02819264 -0.00973807 0.65931350
v 0.02831477 -0.00978026 0.65891582
v 0.02681413 -0.01306359 0.65931350
v 0.02693029 -0.01312018 0.65891582
v 0.02541805 -0.01465116 0.65998632
v 0.02566044 -0.01479087 0.65967560
v 0.02584156 -0.01489527 0.65931350
v 0.02595350 -0.01495980 0.65891582
v -0.02235261 0.01877978 0.66033053
v -0.02151058 0.01972361 0.66032612
v -0.02063406 0.02063406 0.66032463
v -0.01972360 0.02151058 0.66032612
v -0.01877978 0.02235261 0.66033053
v -0.01852514 0.02204655 0.66056389
v -0.01831234 0.02178903 0.66088229
v -0.01815272 0.02159376 0.66126871
v -0.01805477 0.02147114 0.66170269
v -0.01802371 0.02142769 0.66216111
v -0.02142769 0.01802371 0.66216111
v -0.02147114 0.01805477 0.66170269
v -0.02159376 0.01815272 0.66126871
v -0.02178903 0.01831234 0.66088229
v -0.02204655 0.01852514 0.66056389
v -0.02059497 0.01944088 0.66106319
v -0.01877978 0.02235261 0.66033053
v -0.01745277 0.02336351 0.66031402
v -0.01721205 0.02305847 0.66054970
v -0.01700589 0.02280664 0.66086698
v -0.01684492 0.02262100 0.66124928
v -0.01673746 0.02251116 0.66167700
v -0.01668906 0.02248278 0.66212803
v -0.01802371 0.02142769 0.66216111
v -0.01852514 0.02204655 0.66056389
v -0.01831234 0.02178903 0.66088229
v -0.01815272 0.02159376 0.66126871
v -0.01805477 0.02147114 0.66170269
v -0.01736087 0.02237710 0.66106308
v -0.02142769 0.01802371 0.66216111
v -0.02248278 0.01668906 0.66212803
v -0.02251116 0.01673746 0.66167700
v -0.02262100 0.01684492 0.66124928
v -0.02280664 0.01700589 0.66086698
v -0.02305847 0.01721205 0.66054970
v -0.02336351 0.01745277 0.66031402
v -0.02235261 0.01877978 0.66033053
v -0.02147114 0.01805477 0.66170269
v -0.02159376 0.01815272 0.66126871
v -0.02178903 0.01831234 0.66088229
v -0.02204655 0.01852514 0.66056389
v -0.02237724 0.01736068 0.66106308
v -0.01745277 0.02336351 0.66031402
v -0.01474009 0.02497458 0.66023207
v -0.01456816 0.02468327 0.66047782
v -0.01442596 0.02444234 0.66078854
v -0.01431970 0.02426230 0.66115063
v -0.01425403 0.02415103 0.66154826
v -0.01423181 0.02411339 0.66196412
v -0.01668906 0.02248278 0.66212803
v -0.01721205 0.02305847 0.66054970
v -0.01700589 0.02280664 0.66086698
v -0.01684492 0.02262100 0.66124928
v -0.01673746 0.02251116 0.66167700
v -0.01569801 0.02353184 0.66099948
v -0.02248278 0.01668906 0.66212803
v -0.02411339 0.01423181 0.66196412
v -0.02415103 0.01425403 0.66154826
v -0.02426230 0.01431970 0.66115063
v -0.02444234 0.01442596 0.66078854
v -0.02468327 0.01456816 0.66047782
v -0.02497458 0.01474009 0.66023207
v -0.02336351 0.01745277 0.66031402
v -0.02251116 0.01673746 0.66167700
v -0.02262100 0.01684492 0.66124928
v -0.02280664 0.01700589 0.66086698
v -0.02305847 0.01721205 0.66054970
v -0.02353184 0.01569801 0.66099948
v -0.01474009 0.02497458 0.66023207
v -0.00911998 0.02752864 0.66023207
v -0.00308662 0.02883527 0.66023207
v 0.00308662 0.02883527 0.66023207
v 0.00911998 0.02752864 0.66023207
v 0.01474009 0.02497458 0.66023207
v 0.01456816 0.02468327 0.66047782
v 0.01442596 0.02444234 0.66078854
v 0.01431970 0.02426230 0.66115063
v 0.01425403 0.02415103 0.66154826
v 0.01423181 0.02411339 0.66196412
v 0.00880550 0.02657937 0.66196412
v 0.00298018 0.02784095 0.66196412
v -0.00298018 0.02784095 0.66196412
v -0.00880550 0.02657937 0.66196412
v -0.01423181 0.02411339 0.66196412
v -0.01456816 0.02468327 0.66047782
v -0.01442596 0.02444234 0.66078854
v -0.01431970 0.02426230 0.66115063
v -0.01425403 0.02415103 0.66154826
v -0.00901361 0.02720754 0.66047782
v -0.00892562 0.02694196 0.66078854
v -0.00885988 0.02674351 0.66115063
v -0.00881925 0.02662086 0.66154826
v -0.00305061 0.02849893 0.66047782
v -0.00302084 0.02822075 0.66078854
v -0.00299859 0.02801288 0.66115063
v -0.00298483 0.02788441 0.66154826
v 0.00305061 0.02849893 0.66047782
v 0.00302084 0.02822075 0.66078854
v 0.00299859 0.02801288 0.66115063
v 0.00298483 0.02788441 0.66154826
v 0.00901361 0.02720754 0.66047782
v 0.00892562 0.02694196 0.66078854
v 0.00885988 0.02674351 0.66115063
v 0.00881925 0.02662086 0.66154826
v -0.02411339 0.01423181 0.66196412
v -0.02657937 0.00880550 0.66196412
v -0.02784095 0.00298018 0.66196412
v -0.02784095 -0.00298018 0.66196412
v -0.02657937 -0.00880550 0.66196412
v -0.02411339 -0.01423181 0.66196412
v -0.02415103 -0.01425403 0.66154826
v -0.02426230 -0.01431970 0.66115063
v -0.02444234 -0.01442596 0.66078854
v -0.02468327 -0.01456816 0.66047782
v -0.02497458 -0.01474009 0.66023207
v -0.02752864 -0.00911998 0.66023207
v -0.02883527 -0.00308662 0.66023207
v -0.02883527 0.00308662 0.66023207
v -0.02752864 0.00911998 0.66023207
v -0.02497458 0.01474009 0.66023207
v -0.02415103 0.01425403 0.66154826
v -0.02426230 0.01431970 0.66115063
v -0.02444234 0.01442596 0.66078854
v -0.02468327 0.01456816 0.66047782
v -0.02720754 -0.00901361 0.66047782
v -0.02694196 -0.00892562 0.66078854
v -0.02674351 -0.00885988 0.66115063
v -0.02662086 -0.00881925 0.66154826
v -0.02849893 -0.00305061 0.66047782
v -0.02822075 -0.00302084 0.66078854
v -0.02801288 -0.00299859 0.66115063
v -0.02788441 -0.00298483 0.66154826
v -0.02849893 0.00305061 0.66047782
v -0.02822075 0.00302084 0.66078854
v -0.02801288 0.00299859 0.66115063
v -0.02788441 0.00298483 0.66154826
v -0.02720754 0.00901361 0.66047782
v -0.02694196 0.00892562 0.66078854
v -0.02674351 0.00885988 0.66115063
v -0.02662086 0.00881925 0.66154826
v 0.01474009 0.02497458 0.66023207
v 0.01745277 0.02336351 0.66031402
v 0.01721205 0.02305847 0.66054970
v 0.01700589 0.02280664 0.66086698
v 0.01684492 0.02262100 0.66124928
v 0.01673746 0.02251116 0.66167700
v 0.01668906 0.02248278 0.66212803
v 0.01423181 0.02411339 0.66196412
v 0.01456816 0.02468327 0.66047782
v 0.01442596 0.02444234 0.66078854
v 0.01431970 0.02426230 0.66115063
v 0.01425403 0.02415103 0.66154826
v 0.01569801 0.02353184 0.66099948
v -0.02411339 -0.01423181 0.66196412
v -0.02248278 -0.01668906 0.66212803
v -0.02251116 -0.01673746 0.66167700
v -0.02262100 -0.01684492 0.66124928
v -0.02280664 -0.01700589 0.66086698
v -0.02305847 -0.01721205 0.66054970
v -0.02336351 -0.01745277 0.66031402
v -0.02497458 -0.01474009 0.66023207
v -0.02415103 -0.01425403 0.66154826
v -0.02426230 -0.01431970 0.66115063
v -0.02444234 -0.01442596 0.66078854
v -0.02468327 -0.01456816 0.66047782
v -0.02353184 -0.01569801 0.66099948
v 0.01745277 0.02336351 0.66031402
v 0.01877978 0.02235261 0.66033053
v 0.01852514 0.02204655 0.66056389
v 0.01831234 0.02178903 0.66088229
v 0.01815272 0.02159376 0.66126871
v 0.01805477 0.02147114 0.66170269
v 0.01802371 0.02142769 0.66216111
v 0.01668906 0.02248278 0.66212803
v 0.01721205 0.02305847 0.66054970
v 0.01700589 0.02280664 0.66086698
v 0.01684492 0.02262100 0.66124928
v 0.01673746 0.02251116 0.66167700
v 0.01736068 0.02237724 0.66106308
v -0.02248278 -0.01668906 0.66212803
v -0.02142769 -0.01802371 0.66216111
v -0.02147114 -0.01805477 0.66170269
v -0.02159376 -0.01815272 0.66126871
v -0.02178903 -0.01831234 0.66088229
v -0.02204655 -0.01852514 0.66056389
v -0.02235261 -0.01877978 0.66033053
v -0.02336351 -0.01745277 0.66031402
v -0.02251116 -0.01673746 0.66167700
v -0.02262100 -0.01684492 0.66124928
v -0.02280664 -0.01700589 0.66086698
v -0.02305847 -0.01721205 0.66054970
v -0.02237710 -0.01736087 0.66106308
v 0.01877978 0.02235261 0.66033053
v 0.01972361 0.02151058 0.66032612
v 0.02063406 0.02063406 0.66032463
v 0.02151058 0.01972360 0.66032612
v 0.02235261 0.01877978 0.66033053
v 0.02204655 0.01852514 0.66056389
v 0.02178903 0.01831234 0.66088229
v 0.02159376 0.01815272 0.66126871
v 0.02147114 0.01805477 0.66170269
v 0.02142769 0.01802371 0.66216111
v 0.01979899 0.01979899 0.66214913
v 0.01802371 0.02142769 0.66216111
v 0.01852514 0.02204655 0.66056389
v 0.01831234 0.02178903 0.66088229
v 0.01815272 0.02159376 0.66126871
v 0.01805477 0.02147114 0.66170269
v 0.01944088 0.02059497 0.66106319
v 0.02002567 0.02002622 0.66106248
v 0.02045365 0.01958927 0.66106284
v -0.02142769 -0.01802371 0.66216111
v -0.01979899 -0.01979899 0.66214913
v -0.01802371 -0.02142769 0.66216111
v -0.01805477 -0.02147114 0.66170269
v -0.01815272 -0.02159376 0.66126871
v -0.01831234 -0.02178903 0.66088229
v -0.01852514 -0.02204655 0.66056389
v -0.01877978 -0.02235261 0.66033053
v -0.01972361 -0.02151058 0.66032612
v -0.02063406 -0.02063406 0.66032463
v -0.02151058 -0.01972360 0.66032612
v -0.02235261 -0.01877978 0.66033053
v -0.02147114 -0.01805477 0.66170269
v -0.02159376 -0.01815272 0.66126871
v -0.02178903 -0.01831234 0.66088229
v -0.02204655 -0.01852514 0.66056389
v -0.01944088 -0.02059497 0.66106319
v -0.02002567 -0.02002622 0.66106248
v -0.02045365 -0.01958927 0.66106284
v 0.02235261 0.01877978 0.66033053
v 0.02336351 0.01745277 0.66031402
v 0.02305847 0.01721205 0.66054970
v 0.02280664 0.01700589 0.66086698
v 0.02262100 0.01684492 0.66124928
v 0.02251116 0.01673746 0.66167700
v 0.02248278 0.01668906 0.66212803
v 0.02142769 0.01802371 0.66216111
v 0.02204655 0.01852514 0.66056389
v 0.02178903 0.01831234 0.66088229
v 0.02159376 0.01815272 0.66126871
v 0.02147114 0.01805477 0.66170269
v 0.02237710 0.01736087 0.66106308
v -0.01802371 -0.02142769 0.66216111
v -0.01668906 -0.02248278 0.66212803
v -0.01673746 -0.02251116 0.66167700
v -0.01684492 -0.02262100 0.66124928
v -0.01700589 -0.02280664 0.66086698
v -0.01721205 -0.02305847 0.66054970
v -0.01745277 -0.02336351 0.66031402
v -0.01877978 -0.02235261 0.66033053
v -0.01805477 -0.02147114 0.66170269
v -0.01815272 -0.02159376 0.66126871
v -0.01831234 -0.02178903 0.66088229
v -0.01852514 -0.02204655 0.66056389
v -0.01736068 -0.02237724 0.66106308
v 0.02336351 0.01745277 0.66031402
v 0.02497458 0.01474009 0.66023207
v 0.02468327 0.01456816 0.66047782
v 0.02444234 0.01442596 0.66078854
v 0.02426230 0.01431970 0.66115063
v 0.02415103 0.01425403 0.66154826
v 0.02411339 0.01423181 0.66196412
v 0.02248278 0.01668906 0.66212803
v 0.02305847 0.01721205 0.66054970
v 0.02280664 0.01700589 0.66086698
v 0.02262100 0.01684492 0.66124928
v 0.02251116 0.01673746 0.66167700
v 0.02353184 0.01569801 0.66099948
v -0.01668906 -0.02248278 0.66212803
v -0.01423181 -0.02411339 0.66196412
v -0.01425403 -0.02415103 0.66154826
v -0.01431970 -0.02426230 0.66115063
v -0.01442596 -0.02444234 0.66078854
v -0.01456816 -0.02468327 0.66047782
v -0.01474009 -0.02497458 0.66023207
v -0.01745277 -0.02336351 0.66031402
v -0.01673746 -0.02251116 0.66167700
v -0.01684492 -0.02262100 0.66124928
v -0.01700589 -0.02280664 0.66086698
v -0.01721205 -0.02305847 0.66054970
v -0.01569801 -0.02353184 0.66099948
v 0.02497458 0.01474009 0.66023207
v 0.02757296 0.00898510 0.66023207
v 0.02886411 0.00280414 0.66023207
v 0.02878683 -0.00350977 0.66023207
v 0.02734478 -0.00965728 0.66023207
v 0.02460632 -0.01534695 0.66023207
v 0.02431931 -0.01516794 0.66047782
v 0.02408193 -0.01501988 0.66078854
v 0.02390454 -0.01490925 0.66115063
v 0.02379491 -0.01484087 0.66154826
v 0.02375783 -0.01481774 0.66196412
v 0.02640186 -0.00932427 0.66196412
v 0.02779418 -0.00338874 0.66196412
v 0.02786879 0.00270744 0.66196412
v 0.02662216 0.00867527 0.66196412
v 0.02411339 0.01423181 0.66196412
v 0.02468327 0.01456816 0.66047782
v 0.02444234 0.01442596 0.66078854
v 0.02426230 0.01431970 0.66115063
v 0.02415103 0.01425403 0.66154826
v 0.02725134 0.00888030 0.66047782
v 0.02698533 0.00879362 0.66078854
v 0.02678656 0.00872885 0.66115063
v 0.02666372 0.00868881 0.66154826
v 0.02852743 0.00277143 0.66047782
v 0.02824897 0.00274438 0.66078854
v 0.02804089 0.00272416 0.66115063
v 0.02791229 0.00271167 0.66154826
v 0.02845105 -0.00346883 0.66047782
v 0.02817334 -0.00343497 0.66078854
v 0.02796582 -0.00340967 0.66115063
v 0.02783756 -0.00339403 0.66154826
v 0.02702582 -0.00954464 0.66047782
v 0.02676202 -0.00945147 0.66078854
v 0.02656489 -0.00938185 0.66115063
v 0.02644306 -0.00933883 0.66154826
v -0.01423181 -0.02411339 0.66196412
v -0.00867527 -0.02662216 0.66196412
v -0.00270744 -0.02786879 0.66196412
v 0.00338874 -0.02779418 0.66196412
v 0.00932427 -0.02640186 0.66196412
v 0.01481774 -0.02375783 0.66196412
v 0.01484087 -0.02379491 0.66154826
v 0.01490925 -0.02390454 0.66115063
v 0.01501988 -0.02408193 0.66078854
v 0.01516794 -0.02431931 0.66047782
v 0.01534695 -0.02460632 0.66023207
v 0.00965728 -0.02734478 0.66023207
v 0.00350977 -0.02878683 0.66023207
v -0.00280414 -0.02886411 0.66023207
v -0.00898510 -0.02757296 0.66023207
v -0.01474009 -0.02497458 0.66023207
v -0.01425403 -0.02415103 0.66154826
v -0.01431970 -0.02426230 0.66115063
v -0.01442596 -0.02444234 0.66078854
v -0.01456816 -0.02468327 0.66047782
v 0.00954464 -0.02702582 0.66047782
v 0.00945147 -0.02676202 0.66078854
v 0.00938185 -0.02656489 0.66115063
v 0.00933883 -0.02644306 0.66154826
v 0.00346883 -0.02845105 0.66047782
v 0.00343497 -0.02817334 0.66078854
v 0.00340967 -0.02796582 0.66115063
v 0.00339403 -0.02783756 0.66154826
v -0.00277143 -0.02852743 0.66047782
v -0.00274438 -0.02824897 0.66078854
v -0.00272416 -0.02804089 0.66115063
v -0.00271167 -0.02791229 0.66154826
v -0.00888030 -0.02725134 0.66047782
v -0.00879362 -0.02698533 0.66078854
v -0.00872885 -0.02678656 0.66115063
v -0.00868881 -0.02666372 0.66154826
v 0.02460632 -0.01534695 0.66023207
v 0.02277094 -0.01802523 0.66025543
v 0.02249421 -0.01780880 0.66049927
v 0.02226401 -0.01763005 0.66081220
v 0.02209086 -0.01749716 0.66117996
v 0.02198268 -0.01741621 0.66158569
v 0.02194441 -0.01739088 0.66201085
v 0.02375783 -0.01481774 0.66196412
v 0.02431931 -0.01516794 0.66047782
v 0.02408193 -0.01501988 0.66078854
v 0.02390454 -0.01490925 0.66115063
v 0.02379491 -0.01484087 0.66154826
v 0.02309977 -0.01630813 0.66098201
v 0.01481774 -0.02375783 0.66196412
v 0.01739088 -0.02194441 0.66201085
v 0.01741621 -0.02198268 0.66158569
v 0.01749716 -0.02209086 0.66117996
v 0.01763005 -0.02226401 0.66081220
v 0.01780880 -0.02249421 0.66049927
v 0.01802523 -0.02277094 0.66025543
v 0.01534695 -0.02460632 0.66023207
v 0.01484087 -0.02379491 0.66154826
v 0.01490925 -0.02390454 0.66115063
v 0.01501988 -0.02408193 0.66078854
v 0.01516794 -0.02431931 0.66047782
v 0.01630813 -0.02309977 0.66098201
v 0.02277094 -0.01802523 0.66025543
v 0.01802523 -0.02277094 0.66025543
v 0.01739088 -0.02194441 0.66201085
v 0.01741621 -0.02198268 0.66158569
v 0.01749716 -0.02209086 0.66117996
v 0.01763005 -0.02226401 0.66081220
v 0.01780880 -0.02249421 0.66049927
v 0.02194441 -0.01739088 0.66201085
v 0.02249421 -0.01780880 0.66049927
v 0.02226401 -0.01763005 0.66081220
v 0.02209086 -0.01749716 0.66117996
v 0.02198268 -0.01741621 0.66158569
v 0.01999496 -0.01999352 0.66098207
v -0.03531442 -0.03213244 0.63939452
v -0.03639087 -0.03256955 0.63732868
v -0.03717240 -0.03337819 0.63505399
v -0.03755049 -0.03436851 0.63294822
v -0.03213244 -0.03531442 0.63939452
v -0.03210050 -0.03461765 0.64027268
v -0.03221444 -0.03402923 0.64082503
v -0.03231449 -0.03375670 0.64102238
v -0.03245166 -0.03348088 0.64117962
v -0.03264911 -0.03318135 0.64129460
v -0.03287223 -0.03292194 0.64133537
v -0.03313635 -0.03268413 0.64130586
v -0.03342947 -0.03248178 0.64120364
v -0.03371623 -0.03233223 0.64104825
v -0.03399438 -0.03222657 0.64085090
v -0.03436172 -0.03213595 0.64053065
v -0.03487284 -0.03209164 0.63997996
v -0.03436851 -0.03755049 0.63294822
v -0.03334385 -0.03714755 0.63513601
v -0.03255532 -0.03637024 0.63737893
v -0.03637233 -0.03712597 0.63000000
v -0.03606862 -0.03730237 0.63025755
v -0.03561978 -0.03747871 0.63079560
v -0.03513429 -0.03757602 0.63153470
v -0.03577108 -0.03742958 0.63000000
v -0.03511405 -0.03757792 0.63000000
v -0.03444068 -0.03756210 0.63000000
v -0.03379134 -0.03738307 0.63000000
v -0.03320501 -0.03705156 0.63000000
v -0.03271685 -0.03658747 0.63000000
v -0.03235615 -0.03601862 0.63000000
v -0.03214455 -0.03537916 0.63000000
v -0.03209473 -0.03470745 0.63000000
v -0.03220970 -0.03404377 0.63000000
v -0.03248255 -0.03342795 0.63000000
v -0.03289692 -0.03289692 0.63000000
v -0.03342795 -0.03248255 0.63000000
v -0.03404377 -0.03220970 0.63000000
v -0.03470745 -0.03209473 0.63000000
v -0.03537916 -0.03214455 0.63000000
v -0.03601862 -0.03235615 0.63000000
v -0.03658747 -0.03271685 0.63000000
v -0.03705156 -0.03320501 0.63000000
v -0.03738307 -0.03379134 0.63000000
v -0.03756210 -0.03444068 0.63000000
v -0.03757792 -0.03511405 0.63000000
v -0.03742958 -0.03577108 0.63000000
v -0.03712597 -0.03637233 0.63000000
v -0.03757497 -0.03514381 0.63151890
v -0.03741594 -0.03580729 0.63055116
v -0.03729544 -0.03608247 0.63024372
v 0.03112004 -0.03112004 0.59200001
v 0.03178477 -0.03027289 0.59200001
v 0.03222901 -0.02929184 0.59200001
v 0.03242735 -0.02823305 0.59200001
v 0.03242735 -0.02823305 0.61199999
v 0.03222901 -0.02929184 0.61199999
v 0.03178477 -0.03027289 0.61199999
v 0.03112004 -0.03112004 0.61199999
v -0.03112004 0.03112004 0.59200001
v -0.03178477 0.03027289 0.59200001
v -0.03222901 0.02929184 0.59200001
v -0.03242735 0.02823305 0.59200001
v -0.03242735 0.02823305 0.61199999
v -0.03222901 0.02929184 0.61199999
v -0.03178477 0.03027289 0.61199999
v -0.03112004 0.03112004 0.61199999
v -0.03112004 -0.03112004 0.59200001
v -0.03027289 -0.03178477 0.59200001
v -0.02929184 -0.03222901 0.59200001
v -0.02823305 -0.03242735 0.59200001
v -0.02823305 -0.03242735 0.61199999
v -0.02929184 -0.03222901 0.61199999
v -0.03027289 -0.03178477 0.61199999
v -0.03112004 -0.03112004 0.61199999
v 0.03112004 0.03112004 0.59200001
v 0.03027289 0.03178477 0.59200001
v 0.02929184 0.03222901 0.59200001
v 0.02823305 0.03242735 0.59200001
v 0.02823305 0.03242735 0.61199999
v 0.02929184 0.03222901 0.61199999
v 0.03027289 0.03178477 0.61199999
v 0.03112004 0.03112004 0.61199999
v 0.03743525 -0.04062088 0.59200001
v 0.03743525 -0.04062088 0.59249997
v 0.03433127 -0.04062088 0.59249997
v 0.03471554 -0.04092732 0.59249997
v 0.03515835 -0.04114056 0.59249997
v 0.03563752 -0.04124993 0.59249997
v 0.03612901 -0.04124993 0.59249997
v 0.03660817 -0.04114056 0.59249997
v 0.03705099 -0.04092732 0.59249997
v 0.03433127 -0.04062088 0.59200001
v 0.03471554 -0.04092732 0.59200001
v 0.03515835 -0.04114056 0.59200001
v 0.03563752 -0.04124993 0.59200001
v 0.03612901 -0.04124993 0.59200001
v 0.03660817 -0.04114056 0.59200001
v 0.03705099 -0.04092732 0.59200001
v -0.03433127 -0.04062088 0.59200001
v -0.03433127 -0.04062088 0.59249997
v -0.03743525 -0.04062088 0.59249997
v -0.03705099 -0.04092732 0.59249997
v -0.03660817 -0.04114056 0.59249997
v -0.03612901 -0.04124993 0.59249997
v -0.03563752 -0.04124993 0.59249997
v -0.03515835 -0.04114056 0.59249997
v -0.03471554 -0.04092732 0.59249997
v -0.03743525 -0.04062088 0.59200001
v -0.03705099 -0.04092732 0.59200001
v -0.03660817 -0.04114056 0.59200001
v -0.03612901 -0.04124993 0.59200001
v -0.03563752 -0.04124993 0.59200001
v -0.03515835 -0.04114056 0.59200001
v -0.03471554 -0.04092732 0.59200001
v 0.07520000 0.02400000 0.58850002
v 0.07520000 0.03750000 0.58850002
v 0.07520000 0.02400000 0.58850002
v 0.07520000 0.03750000 0.58850002
v 0.07515060 0.03750000 0.58809316
v 0.07500528 0.03750000 0.58770996
v 0.07477247 0.03750000 0.58737272
v 0.07446571 0.03750000 0.58710092
v 0.07410283 0.03750000 0.58691049
v 0.07370491 0.03750000 0.58681238
v 0.07329509 0.03750000 0.58681238
v 0.07289717 0.03750000 0.58691049
v 0.07253429 0.03750000 0.58710092
v 0.07222753 0.03750000 0.58737272
v 0.07199472 0.03750000 0.58770996
v 0.07184940 0.03750000 0.58809316
v 0.07180000 0.03750000 0.58850002
v 0.07184940 0.03750000 0.58890682
v 0.07199472 0.03750000 0.58929002
v 0.07222753 0.03750000 0.58962733
v 0.07253429 0.03750000 0.58989906
v 0.07289717 0.03750000 0.59008950
v 0.07329509 0.03750000 0.59018761
v 0.07370491 0.03750000 0.59018761
v 0.07410283 0.03750000 0.59008950
v 0.07446571 0.03750000 0.58989906
v 0.07477247 0.03750000 0.58962733
v 0.07500528 0.03750000 0.58929002
v 0.07515060 0.03750000 0.58890682
v 0.07515060 0.02400000 0.58890682
v 0.07500528 0.02400000 0.58929002
v 0.07477247 0.02400000 0.58962733
v 0.07446571 0.02400000 0.58989906
v 0.07410283 0.02400000 0.59008950
v 0.07370491 0.02400000 0.59018761
v 0.07329509 0.02400000 0.59018761
v 0.07289717 0.02400000 0.59008950
v 0.07253429 0.02400000 0.58989906
v 0.07222753 0.02400000 0.58962733
v 0.07199472 0.02400000 0.58929002
v 0.07184940 0.02400000 0.58890682
v 0.07180000 0.02400000 0.58850002
v 0.07184940 0.02400000 0.58809316
v 0.07199472 0.02400000 0.58770996
v 0.07222753 0.02400000 0.58737272
v 0.07253429 0.02400000 0.58710092
v 0.07289717 0.02400000 0.58691049
v 0.07329509 0.02400000 0.58681238
v 0.07370491 0.02400000 0.58681238
v 0.07410283 0.02400000 0.58691049
v 0.07446571 0.02400000 0.58710092
v 0.07477247 0.02400000 0.58737272
v 0.07500528 0.02400000 0.58770996
v 0.07515060 0.02400000 0.58809316
v 0.07520000 -0.03750000 0.58850002
v 0.07520000 -0.02400000 0.58850002
v 0.07520000 -0.03750000 0.58850002
v 0.07520000 -0.02400000 0.58850002
v 0.07515060 -0.02400000 0.58809316
v 0.07500528 -0.02400000 0.58770996
v 0.07477247 -0.02400000 0.58737272
v 0.07446571 -0.02400000 0.58710092
v 0.07410283 -0.02400000 0.58691049
v 0.07370491 -0.02400000 0.58681238
v 0.07329509 -0.02400000 0.58681238
v 0.07289717 -0.02400000 0.58691049
v 0.07253429 -0.02400000 0.58710092
v 0.07222753 -0.02400000 0.58737272
v 0.07199472 -0.02400000 0.58770996
v 0.07184940 -0.02400000 0.58809316
v 0.07180000 -0.02400000 0.58850002
v 0.07184940 -0.02400000 0.58890682
v 0.07199472 -0.02400000 0.58929002
v 0.07222753 -0.02400000 0.58962733
v 0.07253429 -0.02400000 0.58989906
v 0.07289717 -0.02400000 0.59008950
v 0.07329509 -0.02400000 0.59018761
v 0.07370491 -0.02400000 0.59018761
v 0.07410283 -0.02400000 0.59008950
v 0.07446571 -0.02400000 0.58989906
v 0.07477247 -0.02400000 0.58962733
v 0.07500528 -0.02400000 0.58929002
v 0.07515060 -0.02400000 0.58890682
v 0.07515060 -0.03750000 0.58890682
v 0.07500528 -0.03750000 0.58929002
v 0.07477247 -0.03750000 0.58962733
v 0.07446571 -0.03750000 0.58989906
v 0.07410283 -0.03750000 0.59008950
v 0.07370491 -0.03750000 0.59018761
v 0.07329509 -0.03750000 0.59018761
v 0.07289717 -0.03750000 0.59008950
v 0.07253429 -0.03750000 0.58989906
v 0.07222753 -0.03750000 0.58962733
v 0.07199472 -0.03750000 0.58929002
v 0.07184940 -0.03750000 0.58890682
v 0.07180000 -0.03750000 0.58850002
v 0.07184940 -0.03750000 0.58809316
v 0.07199472 -0.03750000 0.58770996
v 0.07222753 -0.03750000 0.58737272
v 0.07253429 -0.03750000 0.58710092
v 0.07289717 -0.03750000 0.58691049
v 0.07329509 -0.03750000 0.58681238
v 0.07370491 -0.03750000 0.58681238
v 0.07410283 -0.03750000 0.58691049
v 0.07446571 -0.03750000 0.58710092
v 0.07477247 -0.03750000 0.58737272
v 0.07500528 -0.03750000 0.58770996
v 0.07515060 -0.03750000 0.58809316
v -0.07520000 -0.02400000 0.58850002
v -0.07520000 -0.03750000 0.58850002
v -0.07520000 -0.02400000 0.58850002
v -0.07520000 -0.03750000 0.58850002
v -0.07515060 -0.03750000 0.58809316
v -0.07500528 -0.03750000 0.58770996
v -0.07477247 -0.03750000 0.58737272
v -0.07446571 -0.03750000 0.58710092
v -0.07410283 -0.03750000 0.58691049
v -0.07370491 -0.03750000 0.58681238
v -0.07329509 -0.03750000 0.58681238
v -0.07289717 -0.03750000 0.58691049
v -0.07253429 -0.03750000 0.58710092
v -0.07222753 -0.03750000 0.58737272
v -0.07199472 -0.03750000 0.58770996
v -0.07184940 -0.03750000 0.58809316
v -0.07180000 -0.03750000 0.58850002
v -0.07184940 -0.03750000 0.58890682
v -0.07199472 -0.03750000 0.58929002
v -0.07222753 -0.03750000 0.58962733
v -0.07253429 -0.03750000 0.58989906
v -0.07289717 -0.03750000 0.59008950
v -0.07329509 -0.03750000 0.59018761
v -0.07370491 -0.03750000 0.59018761
v -0.07410283 -0.03750000 0.59008950
v -0.07446571 -0.03750000 0.58989906
v -0.07477247 -0.03750000 0.58962733
v -0.07500528 -0.03750000 0.58929002
v -0.07515060 -0.03750000 0.58890682
v -0.07515060 -0.02400000 0.58809316
v -0.07500528 -0.02400000 0.58770996
v -0.07477247 -0.02400000 0.58737272
v -0.07446571 -0.02400000 0.58710092
v -0.07410283 -0.02400000 0.58691049
v -0.07370491 -0.02400000 0.58681238
v -0.07329509 -0.02400000 0.58681238
v -0.07289717 -0.02400000 0.58691049
v -0.07253429 -0.02400000 0.58710092
v -0.07222753 -0.02400000 0.58737272
v -0.07199472 -0.02400000 0.58770996
v -0.07184940 -0.02400000 0.58809316
v -0.07180000 -0.02400000 0.58850002
v -0.07184940 -0.02400000 0.58890682
v -0.07199472 -0.02400000 0.58929002
v -0.07222753 -0.02400000 0.58962733
v -0.07253429 -0.02400000 0.58989906
v -0.07289717 -0.02400000 0.59008950
v -0.07329509 -0.02400000 0.59018761
v -0.07370491 -0.02400000 0.59018761
v -0.07410283 -0.02400000 0.59008950
v -0.07446571 -0.02400000 0.58989906
v -0.07477247 -0.02400000 0.58962733
v -0.07500528 -0.02400000 0.58929002
v -0.07515060 -0.02400000 0.58890682
v -0.07520000 0.03750000 0.58850002
v -0.07520000 0.02400000 0.58850002
v -0.07520000 0.03750000 0.58850002
v -0.07520000 0.02400000 0.58850002
v -0.07515060 0.02400000 0.58890682
v -0.07500528 0.02400000 0.58929002
v -0.07477247 0.02400000 0.58962733
v -0.07446571 0.02400000 0.58989906
v -0.07410283 0.02400000 0.59008950
v -0.07370491 0.02400000 0.59018761
v -0.07329509 0.02400000 0.59018761
v -0.07289717 0.02400000 0.59008950
v -0.07253429 0.02400000 0.58989906
v -0.07222753 0.02400000 0.58962733
v -0.07199472 0.02400000 0.58929002
v -0.07184940 0.02400000 0.58890682
v -0.07180000 0.02400000 0.58850002
v -0.07184940 0.02400000 0.58809316
v -0.07199472 0.02400000 0.58770996
v -0.07222753 0.02400000 0.58737272
v -0.07253429 0.02400000 0.58710092
v -0.07289717 0.02400000 0.58691049
v -0.07329509 0.02400000 0.58681238
v -0.07370491 0.02400000 0.58681238
v -0.07410283 0.02400000 0.58691049
v -0.07446571 0.02400000 0.58710092
v -0.07477247 0.02400000 0.58737272
v -0.07500528 0.02400000 0.58770996
v -0.07515060 0.02400000 0.58809316
v -0.07515060 0.03750000 0.58809316
v -0.07500528 0.03750000 0.58770996
v -0.07477247 0.03750000 0.58737272
v -0.07446571 0.03750000 0.58710092
v -0.07410283 0.03750000 0.58691049
v -0.07370491 0.03750000 0.58681238
v -0.07329509 0.03750000 0.58681238
v -0.07289717 0.03750000 0.58691049
v -0.07253429 0.03750000 0.58710092
v -0.07222753 0.03750000 0.58737272
v -0.07199472 0.03750000 0.58770996
v -0.07184940 0.03750000 0.58809316
v -0.07180000 0.03750000 0.58850002
v -0.07184940 0.03750000 0.58890682
v -0.07199472 0.03750000 0.58929002
v -0.07222753 0.03750000 0.58962733
v -0.07253429 0.03750000 0.58989906
v -0.07289717 0.03750000 0.59008950
v -0.07329509 0.03750000 0.59018761
v -0.07370491 0.03750000 0.59018761
v -0.07410283 0.03750000 0.59008950
v -0.07446571 0.03750000 0.58989906
v -0.07477247 0.03750000 0.58962733
v -0.07500528 0.03750000 0.58929002
v -0.07515060 0.03750000 0.58890682
v 0.03750000 0.07520000 0.58850002
v 0.02400000 0.07520000 0.58850002
v 0.03750000 0.07520000 0.58850002
v 0.02400000 0.07520000 0.58850002
v 0.02400000 0.07515060 0.58809316
v 0.02400000 0.07500528 0.58770996
v 0.02400000 0.07477247 0.58737272
v 0.02400000 0.07446571 0.58710092
v 0.02400000 0.07410283 0.58691049
v 0.02400000 0.07370491 0.58681238
v 0.02400000 0.07329509 0.58681238
v 0.02400000 0.07289717 0.58691049
v 0.02400000 0.07253429 0.58710092
v 0.02400000 0.07222753 0.58737272
v 0.02400000 0.07199472 0.58770996
v 0.02400000 0.07184940 0.58809316
v 0.02400000 0.07180000 0.58850002
v 0.02400000 0.07184940 0.58890682
v 0.02400000 0.07199472 0.58929002
v 0.02400000 0.07222753 0.58962733
v 0.02400000 0.07253429 0.58989906
v 0.02400000 0.07289717 0.59008950
v 0.02400000 0.07329509 0.59018761
v 0.02400000 0.07370491 0.59018761
v 0.02400000 0.07410283 0.59008950
v 0.02400000 0.07446571 0.58989906
v 0.02400000 0.07477247 0.58962733
v 0.02400000 0.07500528 0.58929002
v 0.02400000 0.07515060 0.58890682
v 0.03750000 0.07515060 0.58890682
v 0.03750000 0.07500528 0.58929002
v 0.03750000 0.07477247 0.58962733
v 0.03750000 0.07446571 0.58989906
v 0.03750000 0.07410283 0.59008950
v 0.03750000 0.07370491 0.59018761
v 0.03750000 0.07329509 0.59018761
v 0.03750000 0.07289717 0.59008950
v 0.03750000 0.07253429 0.58989906
v 0.03750000 0.07222753 0.58962733
v 0.03750000 0.07199472 0.58929002
v 0.03750000 0.07184940 0.58890682
v 0.03750000 0.07180000 0.58850002
v 0.03750000 0.07184940 0.58809316
v 0.03750000 0.07199472 0.58770996
v 0.03750000 0.07222753 0.58737272
v 0.03750000 0.07253429 0.58710092
v 0.03750000 0.07289717 0.58691049
v 0.03750000 0.07329509 0.58681238
v 0.03750000 0.07370491 0.58681238
v 0.03750000 0.07410283 0.58691049
v 0.03750000 0.07446571 0.58710092
v 0.03750000 0.07477247 0.58737272
v 0.03750000 0.07500528 0.58770996
v 0.03750000 0.07515060 0.58809316
v -0.02400000 0.07520000 0.58850002
v -0.03750000 0.07520000 0.58850002
v -0.02400000 0.07520000 0.58850002
v -0.03750000 0.07520000 0.58850002
v -0.03750000 0.07515060 0.58809316
v -0.03750000 0.07500528 0.58770996
v -0.03750000 0.07477247 0.58737272
v -0.03750000 0.07446571 0.58710092
v -0.03750000 0.07410283 0.58691049
v -0.03750000 0.07370491 0.58681238
v -0.03750000 0.07329509 0.58681238
v -0.03750000 0.07289717 0.58691049
v -0.03750000 0.07253429 0.58710092
v -0.03750000 0.07222753 0.58737272
v -0.03750000 0.07199472 0.58770996
v -0.03750000 0.07184940 0.58809316
v -0.03750000 0.07180000 0.58850002
v -0.03750000 0.07184940 0.58890682
v -0.03750000 0.07199472 0.58929002
v -0.03750000 0.07222753 0.58962733
v -0.03750000 0.07253429 0.58989906
v -0.03750000 0.07289717 0.59008950
v -0.03750000 0.07329509 0.59018761
v -0.03750000 0.07370491 0.59018761
v -0.03750000 0.07410283 0.59008950
v -0.03750000 0.07446571 0.58989906
v -0.03750000 0.07477247 0.58962733
v -0.03750000 0.07500528 0.58929002
v -0.03750000 0.07515060 0.58890682
v -0.02400000 0.07515060 0.58890682
v -0.02400000 0.07500528 0.58929002
v -0.02400000 0.07477247 0.58962733
v -0.02400000 0.07446571 0.58989906
v -0.02400000 0.07410283 0.59008950
v -0.02400000 0.07370491 0.59018761
v -0.02400000 0.07329509 0.59018761
v -0.02400000 0.07289717 0.59008950
v -0.02400000 0.07253429 0.58989906
v -0.02400000 0.07222753 0.58962733
v -0.02400000 0.07199472 0.58929002
v -0.02400000 0.07184940 0.58890682
v -0.02400000 0.07180000 0.58850002
v -0.02400000 0.07184940 0.58809316
v -0.02400000 0.07199472 0.58770996
v -0.02400000 0.07222753 0.58737272
v -0.02400000 0.07253429 0.58710092
v -0.02400000 0.07289717 0.58691049
v -0.02400000 0.07329509 0.58681238
v -0.02400000 0.07370491 0.58681238
v -0.02400000 0.07410283 0.58691049
v -0.02400000 0.07446571 0.58710092
v -0.02400000 0.07477247 0.58737272
v -0.02400000 0.07500528 0.58770996
v -0.02400000 0.07515060 0.58809316
v 0.03750000 -0.07180000 0.58850002
v 0.02400000 -0.07180000 0.58850002
v 0.03750000 -0.07180000 0.58850002
v 0.02400000 -0.07180000 0.58850002
v 0.02400000 -0.07184940 0.58890682
v 0.02400000 -0.07199472 0.58929002
v 0.02400000 -0.07222753 0.58962733
v 0.02400000 -0.07253429 0.58989906
v 0.02400000 -0.07289717 0.59008950
v 0.02400000 -0.07329509 0.59018761
v 0.02400000 -0.07370491 0.59018761
v 0.02400000 -0.07410283 0.59008950
v 0.02400000 -0.07446571 0.58989906
v 0.02400000 -0.07477247 0.58962733
v 0.02400000 -0.07500528 0.58929002
v 0.02400000 -0.07515060 0.58890682
v 0.02400000 -0.07520000 0.58850002
v 0.02400000 -0.07515060 0.58809316
v 0.02400000 -0.07500528 0.58770996
v 0.02400000 -0.07477247 0.58737272
v 0.02400000 -0.07446571 0.58710092
v 0.02400000 -0.07410283 0.58691049
v 0.02400000 -0.07370491 0.58681238
v 0.02400000 -0.07329509 0.58681238
v 0.02400000 -0.07289717 0.58691049
v 0.02400000 -0.07253429 0.58710092
v 0.02400000 -0.07222753 0.58737272
v 0.02400000 -0.07199472 0.58770996
v 0.02400000 -0.07184940 0.58809316
v 0.03750000 -0.07184940 0.58809316
v 0.03750000 -0.07199472 0.58770996
v 0.03750000 -0.07222753 0.58737272
v 0.03750000 -0.07253429 0.58710092
v 0.03750000 -0.07289717 0.58691049
v 0.03750000 -0.07329509 0.58681238
v 0.03750000 -0.07370491 0.58681238
v 0.03750000 -0.07410283 0.58691049
v 0.03750000 -0.07446571 0.58710092
v 0.03750000 -0.07477247 0.58737272
v 0.03750000 -0.07500528 0.58770996
v 0.03750000 -0.07515060 0.58809316
v 0.03750000 -0.07520000 0.58850002
v 0.03750000 -0.07515060 0.58890682
v 0.03750000 -0.07500528 0.58929002
v 0.03750000 -0.07477247 0.58962733
v 0.03750000 -0.07446571 0.58989906
v 0.03750000 -0.07410283 0.59008950
v 0.03750000 -0.07370491 0.59018761
v 0.03750000 -0.07329509 0.59018761
v 0.03750000 -0.07289717 0.59008950
v 0.03750000 -0.07253429 0.58989906
v 0.03750000 -0.07222753 0.58962733
v 0.03750000 -0.07199472 0.58929002
v 0.03750000 -0.07184940 0.58890682
v -0.02400000 -0.07180000 0.58850002
v -0.03750000 -0.07180000 0.58850002
v -0.02400000 -0.07180000 0.58850002
v -0.03750000 -0.07180000 0.58850002
v -0.03750000 -0.07184940 0.58809316
v -0.03750000 -0.07199472 0.58770996
v -0.03750000 -0.07222753 0.58737272
v -0.03750000 -0.07253429 0.58710092
v -0.03750000 -0.07289717 0.58691049
v -0.03750000 -0.07329509 0.58681238
v -0.03750000 -0.07370491 0.58681238
v -0.03750000 -0.07410283 0.58691049
v -0.03750000 -0.07446571 0.58710092
v -0.03750000 -0.07477247 0.58737272
v -0.03750000 -0.07500528 0.58770996
v -0.03750000 -0.07515060 0.58809316
v -0.03750000 -0.07520000 0.58850002
v -0.03750000 -0.07515060 0.58890682
v -0.03750000 -0.07500528 0.58929002
v -0.03750000 -0.07477247 0.58962733
v -0.03750000 -0.07446571 0.58989906
v -0.03750000 -0.07410283 0.59008950
v -0.03750000 -0.07370491 0.59018761
v -0.03750000 -0.07329509 0.59018761
v -0.03750000 -0.07289717 0.59008950
v -0.03750000 -0.07253429 0.58989906
v -0.03750000 -0.07222753 0.58962733
v -0.03750000 -0.07199472 0.58929002
v -0.03750000 -0.07184940 0.58890682
v -0.02400000 -0.07184940 0.58809316
v -0.02400000 -0.07199472 0.58770996
v -0.02400000 -0.07222753 0.58737272
v -0.02400000 -0.07253429 0.58710092
v -0.02400000 -0.07289717 0.58691049
v -0.02400000 -0.07329509 0.58681238
v -0.02400000 -0.07370491 0.58681238
v -0.02400000 -0.07410283 0.58691049
v -0.02400000 -0.07446571 0.58710092
v -0.02400000 -0.07477247 0.58737272
v -0.02400000 -0.07500528 0.58770996
v -0.02400000 -0.07515060 0.58809316
v -0.02400000 -0.07520000 0.58850002
v -0.02400000 -0.07515060 0.58890682
v -0.02400000 -0.07500528 0.58929002
v -0.02400000 -0.07477247 0.58962733
v -0.02400000 -0.07446571 0.58989906
v -0.02400000 -0.07410283 0.59008950
v -0.02400000 -0.07370491 0.59018761
v -0.02400000 -0.07329509 0.59018761
v -0.02400000 -0.07289717 0.59008950
v -0.02400000 -0.07253429 0.58989906
v -0.02400000 -0.07222753 0.58962733
v -0.02400000 -0.07199472 0.58929002
v -0.02400000 -0.07184940 0.58890682
v -0.02400000 0.01630000 0.58700001
v -0.02400000 0.01630000 0.58350003
v -0.02400000 0.01630000 0.58700001
v -0.02400000 0.01630000 0.58350003
v -0.02440684 0.01634940 0.58350003
v -0.02479003 0.01649472 0.58350003
v -0.02512731 0.01672753 0.58350003
v -0.02539907 0.01703429 0.58350003
v -0.02558953 0.01739717 0.58350003
v -0.02568761 0.01779509 0.58350003
v -0.02568761 0.01820491 0.58350003
v -0.02558953 0.01860283 0.58350003
v -0.02539907 0.01896571 0.58350003
v -0.02512731 0.01927247 0.58350003
v -0.02479003 0.01950528 0.58350003
v -0.02440684 0.01965060 0.58350003
v -0.02400000 0.01970000 0.58350003
v -0.02359316 0.01965060 0.58350003
v -0.02320997 0.01950528 0.58350003
v -0.02287269 0.01927247 0.58350003
v -0.02260093 0.01896571 0.58350003
v -0.02241047 0.01860283 0.58350003
v -0.02231240 0.01820491 0.58350003
v -0.02231240 0.01779509 0.58350003
v -0.02241047 0.01739717 0.58350003
v -0.02260093 0.01703429 0.58350003
v -0.02287269 0.01672753 0.58350003
v -0.02320997 0.01649472 0.58350003
v -0.02359316 0.01634940 0.58350003
v -0.02359316 0.01634940 0.58700001
v -0.02320997 0.01649472 0.58700001
v -0.02287269 0.01672753 0.58700001
v -0.02260093 0.01703429 0.58700001
v -0.02241047 0.01739717 0.58700001
v -0.02231240 0.01779509 0.58700001
v -0.02231240 0.01820491 0.58700001
v -0.02241047 0.01860283 0.58700001
v -0.02260093 0.01896571 0.58700001
v -0.02287269 0.01927247 0.58700001
v -0.02320997 0.01950528 0.58700001
v -0.02359316 0.01965060 0.58700001
v -0.02400000 0.01970000 0.58700001
v -0.02440684 0.01965060 0.58700001
v -0.02479003 0.01950528 0.58700001
v -0.02512731 0.01927247 0.58700001
v -0.02539907 0.01896571 0.58700001
v -0.02558953 0.01860283 0.58700001
v -0.02568761 0.01820491 0.58700001
v -0.02568761 0.01779509 0.58700001
v -0.02558953 0.01739717 0.58700001
v -0.02539907 0.01703429 0.58700001
v -0.02512731 0.01672753 0.58700001
v -0.02479003 0.01649472 0.58700001
v -0.02440684 0.01634940 0.58700001
v 0.02400000 0.01630000 0.58700001
v 0.02400000 0.01630000 0.58350003
v 0.02400000 0.01630000 0.58700001
v 0.02400000 0.01630000 0.58350003
v 0.02359316 0.01634940 0.58350003
v 0.02320997 0.01649472 0.58350003
v 0.02287269 0.01672753 0.58350003
v 0.02260093 0.01703429 0.58350003
v 0.02241047 0.01739717 0.58350003
v 0.02231240 0.01779509 0.58350003
v 0.02231240 0.01820491 0.58350003
v 0.02241047 0.01860283 0.58350003
v 0.02260093 0.01896571 0.58350003
v 0.02287269 0.01927247 0.58350003
v 0.02320997 0.01950528 0.58350003
v 0.02359316 0.01965060 0.58350003
v 0.02400000 0.01970000 0.58350003
v 0.02440684 0.01965060 0.58350003
v 0.02479003 0.01950528 0.58350003
v 0.02512731 0.01927247 0.58350003
v 0.02539907 0.01896571 0.58350003
v 0.02558953 0.01860283 0.58350003
v 0.02568761 0.01820491 0.58350003
v 0.02568761 0.01779509 0.58350003
v 0.02558953 0.01739717 0.58350003
v 0.02539907 0.01703429 0.58350003
v 0.02512731 0.01672753 0.58350003
v 0.02479003 0.01649472 0.58350003
v 0.02440684 0.01634940 0.58350003
v 0.02440684 0.01634940 0.58700001
v 0.02479003 0.01649472 0.58700001
v 0.02512731 0.01672753 0.58700001
v 0.02539907 0.01703429 0.58700001
v 0.02558953 0.01739717 0.58700001
v 0.02568761 0.01779509 0.58700001
v 0.02568761 0.01820491 0.58700001
v 0.02558953 0.01860283 0.58700001
v 0.02539907 0.01896571 0.58700001
v 0.02512731 0.01927247 0.58700001
v 0.02479003 0.01950528 0.58700001
v 0.02440684 0.01965060 0.58700001
v 0.02400000 0.01970000 0.58700001
v 0.02359316 0.01965060 0.58700001
v 0.02320997 0.01950528 0.58700001
v 0.02287269 0.01927247 0.58700001
v 0.02260093 0.01896571 0.58700001
v 0.02241047 0.01860283 0.58700001
v 0.02231240 0.01820491 0.58700001
v 0.02231240 0.01779509 0.58700001
v 0.02241047 0.01739717 0.58700001
v 0.02260093 0.01703429 0.58700001
v 0.02287269 0.01672753 0.58700001
v 0.02320997 0.01649472 0.58700001
v 0.02359316 0.01634940 0.58700001
v 0.02400000 -0.01970000 0.58700001
v 0.02400000 -0.01970000 0.58350003
v 0.02400000 -0.01970000 0.58700001
v 0.02400000 -0.01970000 0.58350003
v 0.02359316 -0.01965060 0.58350003
v 0.02320997 -0.01950528 0.58350003
v 0.02287269 -0.01927247 0.58350003
v 0.02260093 -0.01896571 0.58350003
v 0.02241047 -0.01860283 0.58350003
v 0.02231240 -0.01820491 0.58350003
v 0.02231240 -0.01779509 0.58350003
v 0.02241047 -0.01739717 0.58350003
v 0.02260093 -0.01703429 0.58350003
v 0.02287269 -0.01672753 0.58350003
v 0.02320997 -0.01649472 0.58350003
v 0.02359316 -0.01634940 0.58350003
v 0.02400000 -0.01630000 0.58350003
v 0.02440684 -0.01634940 0.58350003
v 0.02479003 -0.01649472 0.58350003
v 0.02512731 -0.01672753 0.58350003
v 0.02539907 -0.01703429 0.58350003
v 0.02558953 -0.01739717 0.58350003
v 0.02568761 -0.01779509 0.58350003
v 0.02568761 -0.01820491 0.58350003
v 0.02558953 -0.01860283 0.58350003
v 0.02539907 -0.01896571 0.58350003
v 0.02512731 -0.01927247 0.58350003
v 0.02479003 -0.01950528 0.58350003
v 0.02440684 -0.01965060 0.58350003
v 0.02440684 -0.01965060 0.58700001
v 0.02479003 -0.01950528 0.58700001
v 0.02512731 -0.01927247 0.58700001
v 0.02539907 -0.01896571 0.58700001
v 0.02558953 -0.01860283 0.58700001
v 0.02568761 -0.01820491 0.58700001
v 0.02568761 -0.01779509 0.58700001
v 0.02558953 -0.01739717 0.58700001
v 0.02539907 -0.01703429 0.58700001
v 0.02512731 -0.01672753 0.58700001
v 0.02479003 -0.01649472 0.58700001
v 0.02440684 -0.01634940 0.58700001
v 0.02400000 -0.01630000 0.58700001
v 0.02359316 -0.01634940 0.58700001
v 0.02320997 -0.01649472 0.58700001
v 0.02287269 -0.01672753 0.58700001
v 0.02260093 -0.01703429 0.58700001
v 0.02241047 -0.01739717 0.58700001
v 0.02231240 -0.01779509 0.58700001
v 0.02231240 -0.01820491 0.58700001
v 0.02241047 -0.01860283 0.58700001
v 0.02260093 -0.01896571 0.58700001
v 0.02287269 -0.01927247 0.58700001
v 0.02320997 -0.01950528 0.58700001
v 0.02359316 -0.01965060 0.58700001
v -0.02400000 -0.01970000 0.58700001
v -0.02400000 -0.01970000 0.58350003
v -0.02400000 -0.01970000 0.58700001
v -0.02400000 -0.01970000 0.58350003
v -0.02440684 -0.01965060 0.58350003
v -0.02479003 -0.01950528 0.58350003
v -0.02512731 -0.01927247 0.58350003
v -0.02539907 -0.01896571 0.58350003
v -0.02558953 -0.01860283 0.58350003
v -0.02568761 -0.01820491 0.58350003
v -0.02568761 -0.01779509 0.58350003
v -0.02558953 -0.01739717 0.58350003
v -0.02539907 -0.01703429 0.58350003
v -0.02512731 -0.01672753 0.58350003
v -0.02479003 -0.01649472 0.58350003
v -0.02440684 -0.01634940 0.58350003
v -0.02400000 -0.01630000 0.58350003
v -0.02359316 -0.01634940 0.58350003
v -0.02320997 -0.01649472 0.58350003
v -0.02287269 -0.01672753 0.58350003
v -0.02260093 -0.01703429 0.58350003
v -0.02241047 -0.01739717 0.58350003
v -0.02231240 -0.01779509 0.58350003
v -0.02231240 -0.01820491 0.58350003
v -0.02241047 -0.01860283 0.58350003
v -0.02260093 -0.01896571 0.58350003
v -0.02287269 -0.01927247 0.58350003
v -0.02320997 -0.01950528 0.58350003
v -0.02359316 -0.01965060 0.58350003
v -0.02359316 -0.01965060 0.58700001
v -0.02320997 -0.01950528 0.58700001
v -0.02287269 -0.01927247 0.58700001
v -0.02260093 -0.01896571 0.58700001
v -0.02241047 -0.01860283 0.58700001
v -0.02231240 -0.01820491 0.58700001
v -0.02231240 -0.01779509 0.58700001
v -0.02241047 -0.01739717 0.58700001
v -0.02260093 -0.01703429 0.58700001
v -0.02287269 -0.01672753 0.58700001
v -0.02320997 -0.01649472 0.58700001
v -0.02359316 -0.01634940 0.58700001
v -0.02400000 -0.01630000 0.58700001
v -0.02440684 -0.01634940 0.58700001
v -0.02479003 -0.01649472 0.58700001
v -0.02512731 -0.01672753 0.58700001
v -0.02539907 -0.01703429 0.58700001
v -0.02558953 -0.01739717 0.58700001
v -0.02568761 -0.01779509 0.58700001
v -0.02568761 -0.01820491 0.58700001
v -0.02558953 -0.01860283 0.58700001
v -0.02539907 -0.01896571 0.58700001
v -0.02512731 -0.01927247 0.58700001
v -0.02479003 -0.01950528 0.58700001
v -0.02440684 -0.01965060 0.58700001
v 0.02793952 0.03243692 0.58700001
v 0.02793952 0.03243692 0.59200001
v 0.02823305 0.03242735 0.59200001
v 0.02815973 0.03243154 0.59200001
v 0.02808636 0.03243453 0.59200001
v 0.02801295 0.03243632 0.59200001
v 0.03112004 0.03112004 0.59200001
v 0.03027289 0.03178477 0.59200001
v 0.02929184 0.03222901 0.59200001
v 0.03112004 0.03112004 0.58700001
v 0.03028986 0.03177442 0.58700001
v 0.02932969 0.03221691 0.58700001
v 0.02864332 0.03238159 0.58700001
v -0.03243692 0.02793952 0.58700001
v -0.03243692 0.02793952 0.59200001
v -0.03242735 0.02823305 0.59200001
v -0.03243154 0.02815973 0.59200001
v -0.03243453 0.02808636 0.59200001
v -0.03243632 0.02801295 0.59200001
v -0.03112004 0.03112004 0.59200001
v -0.03178477 0.03027289 0.59200001
v -0.03222901 0.02929184 0.59200001
v -0.03112004 0.03112004 0.58700001
v -0.03177442 0.03028986 0.58700001
v -0.03221691 0.02932969 0.58700001
v -0.03238159 0.02864332 0.58700001
v -0.02793952 -0.03243692 0.58700001
v -0.02793952 -0.03243692 0.59200001
v -0.02823305 -0.03242735 0.59200001
v -0.02815974 -0.03243154 0.59200001
v -0.02808636 -0.03243453 0.59200001
v -0.02801295 -0.03243632 0.59200001
v -0.03112004 -0.03112004 0.59200001
v -0.03027289 -0.03178477 0.59200001
v -0.02929184 -0.03222901 0.59200001
v -0.03112004 -0.03112004 0.58700001
v -0.03028986 -0.03177442 0.58700001
v -0.02932969 -0.03221691 0.58700001
v -0.02864332 -0.03238159 0.58700001
v 0.03243692 -0.02793952 0.58700001
v 0.03243692 -0.02793952 0.59200001
v 0.03242735 -0.02823305 0.59200001
v 0.03243154 -0.02815973 0.59200001
v 0.03243453 -0.02808636 0.59200001
v 0.03243632 -0.02801295 0.59200001
v 0.03112004 -0.03112004 0.59200001
v 0.03178477 -0.03027289 0.59200001
v 0.03222901 -0.02929184 0.59200001
v 0.03112004 -0.03112004 0.58700001
v 0.03177442 -0.03028986 0.58700001
v 0.03221691 -0.02932969 0.58700001
v 0.03238159 -0.02864332 0.58700001
v -0.06000000 0.03750000 0.59249997
v -0.05457107 0.03750000 0.59249997
v -0.06000000 0.02400000 0.59249997
v -0.05250000 0.02400000 0.59249997
v -0.05138740 0.02387464 0.59249997
v -0.05033058 0.02350484 0.59249997
v -0.04938255 0.02290916 0.59249997
v -0.04859084 0.02211745 0.59249997
v -0.04799515 0.02116942 0.59249997
v -0.04762536 0.02011260 0.59249997
v -0.04750000 0.01900000 0.59249997
v -0.04750000 -0.01900000 0.59249997
v -0.04762536 -0.02011260 0.59249997
v -0.04799515 -0.02116942 0.59249997
v -0.04859084 -0.02211745 0.59249997
v -0.04938255 -0.02290916 0.59249997
v -0.05033058 -0.02350484 0.59249997
v -0.05138740 -0.02387464 0.59249997
v -0.05250000 -0.02400000 0.59249997
v -0.06000000 -0.02400000 0.59249997
v -0.06000000 -0.03750000 0.59249997
v -0.05457107 -0.03750000 0.59249997
v -0.03750000 -0.05457107 0.59249997
v -0.03792801 -0.05077240 0.59249997
v -0.03919057 -0.04716421 0.59249997
v -0.04122437 -0.04392743 0.59249997
v -0.04392743 -0.04122437 0.59249997
v -0.04716421 -0.03919057 0.59249997
v -0.05077240 -0.03792801 0.59249997
v -0.03750000 -0.06000000 0.59249997
v -0.02400000 -0.06000000 0.59249997
v -0.02400000 -0.05250000 0.59249997
v -0.02387464 -0.05138740 0.59249997
v -0.02350484 -0.05033058 0.59249997
v -0.02290916 -0.04938255 0.59249997
v -0.02211745 -0.04859084 0.59249997
v -0.02116942 -0.04799515 0.59249997
v -0.02011260 -0.04762536 0.59249997
v -0.01900000 -0.04750000 0.59249997
v 0.01900000 -0.04750000 0.59249997
v 0.02011260 -0.04762536 0.59249997
v 0.02116942 -0.04799515 0.59249997
v 0.02211745 -0.04859084 0.59249997
v 0.02290916 -0.04938255 0.59249997
v 0.02350484 -0.05033058 0.59249997
v 0.02387464 -0.05138740 0.59249997
v 0.02400000 -0.05250000 0.59249997
v 0.02400000 -0.06000000 0.59249997
v 0.03750000 -0.06000000 0.59249997
v 0.03750000 -0.05457107 0.59249997
v 0.05457107 -0.03750000 0.59249997
v 0.05077240 -0.03792801 0.59249997
v 0.04716421 -0.03919057 0.59249997
v 0.04392743 -0.04122437 0.59249997
v 0.04122437 -0.04392743 0.59249997
v 0.03919057 -0.04716421 0.59249997
v 0.03792801 -0.05077240 0.59249997
v 0.06000000 -0.03750000 0.59249997
v 0.06000000 -0.02400000 0.59249997
v 0.05250000 -0.02400000 0.59249997
v 0.05138740 -0.02387464 0.59249997
v 0.05033058 -0.02350484 0.59249997
v 0.04938255 -0.02290916 0.59249997
v 0.04859084 -0.02211745 0.59249997
v 0.04799515 -0.02116942 0.59249997
v 0.04762536 -0.02011260 0.59249997
v 0.04750000 -0.01900000 0.59249997
v 0.04750000 0.01900000 0.59249997
v 0.04762536 0.02011260 0.59249997
v 0.04799515 0.02116942 0.59249997
v 0.04859084 0.02211745 0.59249997
v 0.04938255 0.02290916 0.59249997
v 0.05033058 0.02350484 0.59249997
v 0.05138740 0.02387464 0.59249997
v 0.05250000 0.02400000 0.59249997
v 0.06000000 0.02400000 0.59249997
v 0.06000000 0.03750000 0.59249997
v 0.05457107 0.03750000 0.59249997
v 0.03750000 0.05457107 0.59249997
v 0.03792801 0.05077240 0.59249997
v 0.03919057 0.04716421 0.59249997
v 0.04122437 0.04392743 0.59249997
v 0.04392743 0.04122437 0.59249997
v 0.04716421 0.03919057 0.59249997
v 0.05077240 0.03792801 0.59249997
v 0.03750000 0.06250000 0.59249997
v 0.02400000 0.06250000 0.59249997
v 0.02400000 0.05250000 0.59249997
v 0.02387464 0.05138740 0.59249997
v 0.02350484 0.05033058 0.59249997
v 0.02290916 0.04938255 0.59249997
v 0.02211745 0.04859084 0.59249997
v 0.02116942 0.04799515 0.59249997
v 0.02011260 0.04762536 0.59249997
v 0.01900000 0.04750000 0.59249997
v -0.01900000 0.04750000 0.59249997
v -0.02011260 0.04762536 0.59249997
v -0.02116942 0.04799515 0.59249997
v -0.02211745 0.04859084 0.59249997
v -0.02290916 0.04938255 0.59249997
v -0.02350484 0.05033058 0.59249997
v -0.02387464 0.05138740 0.59249997
v -0.02400000 0.05250000 0.59249997
v -0.02400000 0.06000000 0.59249997
v -0.03750000 0.06000000 0.59249997
v -0.03750000 0.05457107 0.59249997
v -0.05077240 0.03792801 0.59249997
v -0.04716421 0.03919057 0.59249997
v -0.04392743 0.04122437 0.59249997
v -0.04122437 0.04392743 0.59249997
v -0.03919057 0.04716421 0.59249997
v -0.03792801 0.05077240 0.59249997
v 0.02614732 -0.03243692 0.59249997
v 0.03433127 -0.04062088 0.59249997
v -0.02614732 -0.03243692 0.59249997
v -0.03433127 -0.04062088 0.59249997
v -0.03743525 -0.04062088 0.59249997
v -0.03705099 -0.04092732 0.59249997
v -0.03660817 -0.04114056 0.59249997
v -0.03612901 -0.04124993 0.59249997
v -0.03563752 -0.04124993 0.59249997
v -0.03515835 -0.04114056 0.59249997
v -0.03471554 -0.04092732 0.59249997
v -0.04062088 -0.03743525 0.59249997
v -0.04062088 -0.03433127 0.59249997
v -0.04092732 -0.03471554 0.59249997
v -0.04114056 -0.03515835 0.59249997
v -0.04124993 -0.03563752 0.59249997
v -0.04124993 -0.03612901 0.59249997
v -0.04114056 -0.03660817 0.59249997
v -0.04092732 -0.03705099 0.59249997
v -0.03243692 -0.02614732 0.59249997
v -0.03243692 0.02614732 0.59249997
v -0.04062088 0.03433127 0.59249997
v -0.04062088 0.03743525 0.59249997
v -0.04092732 0.03705099 0.59249997
v -0.04114056 0.03660817 0.59249997
v -0.04124993 0.03612901 0.59249997
v -0.04124993 0.03563752 0.59249997
v -0.04114056 0.03515835 0.59249997
v -0.04092732 0.03471554 0.59249997
v -0.03743525 0.04062088 0.59249997
v -0.03433127 0.04062088 0.59249997
v -0.03471554 0.04092732 0.59249997
v -0.03515835 0.04114056 0.59249997
v -0.03563752 0.04124993 0.59249997
v -0.03612901 0.04124993 0.59249997
v -0.03660817 0.04114056 0.59249997
v -0.03705099 0.04092732 0.59249997
v -0.02614732 0.03243692 0.59249997
v 0.02614732 0.03243692 0.59249997
v 0.03433127 0.04062088 0.59249997
v 0.03743525 0.04062088 0.59249997
v 0.03705099 0.04092732 0.59249997
v 0.03660817 0.04114056 0.59249997
v 0.03612901 0.04124993 0.59249997
v 0.03563752 0.04124993 0.59249997
v 0.03515835 0.04114056 0.59249997
v 0.03471554 0.04092732 0.59249997
v 0.04062088 0.03743525 0.59249997
v 0.04062088 0.03433127 0.59249997
v 0.04092732 0.03471554 0.59249997
v 0.04114056 0.03515835 0.59249997
v 0.04124993 0.03563752 0.59249997
v 0.04124993 0.03612901 0.59249997
v 0.04114056 0.03660817 0.59249997
v 0.04092732 0.03705099 0.59249997
v 0.03243692 0.02614732 0.59249997
v 0.03243692 -0.02614732 0.59249997
v 0.04062088 -0.03433127 0.59249997
v 0.04062088 -0.03743525 0.59249997
v 0.04092732 -0.03705099 0.59249997
v 0.04114056 -0.03660817 0.59249997
v 0.04124993 -0.03612901 0.59249997
v 0.04124993 -0.03563752 0.59249997
v 0.04114056 -0.03515835 0.59249997
v 0.04092732 -0.03471554 0.59249997
v 0.03743525 -0.04062088 0.59249997
v 0.03471554 -0.04092732 0.59249997
v 0.03515835 -0.04114056 0.59249997
v 0.03563752 -0.04124993 0.59249997
v 0.03612901 -0.04124993 0.59249997
v 0.03660817 -0.04114056 0.59249997
v 0.03705099 -0.04092732 0.59249997
v 0.02823305 -0.03242735 0.59200001
v 0.02929184 -0.03222901 0.59200001
v 0.03027289 -0.03178477 0.59200001
v 0.03112004 -0.03112004 0.59200001
v 0.02793952 -0.03243692 0.59200001
v 0.02801295 -0.03243632 0.59200001
v 0.02808636 -0.03243453 0.59200001
v 0.02815973 -0.03243154 0.59200001
v 0.02793952 -0.03243692 0.58700001
v 0.02898976 -0.03231272 0.58700001
v 0.02998175 -0.03194692 0.58700001
v 0.03058346 -0.03157828 0.58700001
v 0.03112004 -0.03112004 0.58700001
v -0.02614732 -0.03243692 0.59200001
v -0.02614732 -0.03243692 0.59249997
v -0.02793952 -0.03243692 0.59200001
v -0.02793952 -0.03243692 0.58700001
v 0.02793952 -0.03243692 0.58700001
v 0.02793952 -0.03243692 0.59200001
v 0.02614732 -0.03243692 0.59200001
v 0.02614732 -0.03243692 0.59249997
v -0.03242735 -0.02823305 0.59200001
v -0.03222901 -0.02929184 0.59200001
v -0.03178477 -0.03027289 0.59200001
v -0.03112004 -0.03112004 0.59200001
v -0.03243692 -0.02793952 0.59200001
v -0.03243632 -0.02801295 0.59200001
v -0.03243453 -0.02808636 0.59200001
v -0.03243154 -0.02815974 0.59200001
v -0.03243692 -0.02793952 0.58700001
v -0.03231272 -0.02898976 0.58700001
v -0.03194692 -0.02998175 0.58700001
v -0.03157828 -0.03058346 0.58700001
v -0.03112004 -0.03112004 0.58700001
v -0.03243692 0.02793952 0.58700001
v -0.03243692 0.02793952 0.59200001
v -0.03243692 -0.02793952 0.58700001
v -0.03243692 -0.02793952 0.59200001
v -0.03243692 -0.02614732 0.59200001
v -0.03243692 -0.02614732 0.59249997
v -0.03243692 0.02614732 0.59249997
v -0.03243692 0.02614732 0.59200001
v -0.02823305 0.03242735 0.59200001
v -0.02929184 0.03222901 0.59200001
v -0.03027289 0.03178477 0.59200001
v -0.03112004 0.03112004 0.59200001
v -0.02793952 0.03243692 0.59200001
v -0.02801295 0.03243632 0.59200001
v -0.02808636 0.03243453 0.59200001
v -0.02815973 0.03243154 0.59200001
v -0.02793952 0.03243692 0.58700001
v -0.02898976 0.03231272 0.58700001
v -0.02998175 0.03194692 0.58700001
v -0.03058346 0.03157828 0.58700001
v -0.03112004 0.03112004 0.58700001
v 0.02793952 0.03243692 0.58700001
v 0.02793952 0.03243692 0.59200001
v -0.02793952 0.03243692 0.58700001
v -0.02793952 0.03243692 0.59200001
v -0.02614732 0.03243692 0.59200001
v -0.02614732 0.03243692 0.59249997
v 0.02614732 0.03243692 0.59249997
v 0.02614732 0.03243692 0.59200001
v 0.03242735 0.02823305 0.59200001
v 0.03222901 0.02929184 0.59200001
v 0.03178477 0.03027289 0.59200001
v 0.03112004 0.03112004 0.59200001
v 0.03243692 0.02793952 0.59200001
v 0.03243632 0.02801295 0.59200001
v 0.03243453 0.02808636 0.59200001
v 0.03243154 0.02815973 0.59200001
v 0.03243692 0.02793952 0.58700001
v 0.03231272 0.02898976 0.58700001
v 0.03194692 0.02998175 0.58700001
v 0.03157828 0.03058346 0.58700001
v 0.03112004 0.03112004 0.58700001
v 0.03243692 -0.02793952 0.58700001
v 0.03243692 -0.02793952 0.59200001
v 0.03243692 0.02793952 0.58700001
v 0.03243692 0.02793952 0.59200001
v 0.03243692 0.02614732 0.59200001
v 0.03243692 0.02614732 0.59249997
v 0.03243692 -0.02614732 0.59249997
v 0.03243692 -0.02614732 0.59200001
v 0.02793952 -0.03243692 0.58700001
v 0.02898976 -0.03231272 0.58700001
v 0.02998175 -0.03194692 0.58700001
v 0.03058346 -0.03157828 0.58700001
v 0.03112004 -0.03112004 0.58700001
v 0.03177442 -0.03028986 0.58700001
v 0.03221691 -0.02932969 0.58700001
v 0.03238159 -0.02864332 0.58700001
v 0.03243692 -0.02793952 0.58700001
v 0.03243692 0.02793952 0.58700001
v 0.03231272 0.02898976 0.58700001
v 0.03194692 0.02998175 0.58700001
v 0.03157828 0.03058346 0.58700001
v 0.03112004 0.03112004 0.58700001
v 0.03028986 0.03177442 0.58700001
v 0.02932969 0.03221691 0.58700001
v 0.02864332 0.03238159 0.58700001
v 0.02793952 0.03243692 0.58700001
v -0.02793952 0.03243692 0.58700001
v -0.02898976 0.03231272 0.58700001
v -0.02998175 0.03194692 0.58700001
v -0.03058346 0.03157828 0.58700001
v -0.03112004 0.03112004 0.58700001
v -0.03177442 0.03028986 0.58700001
v -0.03221691 0.02932969 0.58700001
v -0.03238159 0.02864332 0.58700001
v -0.03243692 0.02793952 0.58700001
v -0.03243692 -0.02793952 0.58700001
v -0.03231272 -0.02898976 0.58700001
v -0.03194692 -0.02998175 0.58700001
v -0.03157828 -0.03058346 0.58700001
v -0.03112004 -0.03112004 0.58700001
v -0.03028986 -0.03177442 0.58700001
v -0.02932969 -0.03221691 0.58700001
v -0.02864332 -0.03238159 0.58700001
v -0.02793952 -0.03243692 0.58700001
v -0.02400000 0.01630000 0.58700001
v -0.02359316 0.01634940 0.58700001
v -0.02320997 0.01649472 0.58700001
v -0.02287269 0.01672753 0.58700001
v -0.02260093 0.01703429 0.58700001
v -0.02241047 0.01739717 0.58700001
v -0.02231240 0.01779509 0.58700001
v -0.02231240 0.01820491 0.58700001
v -0.02241047 0.01860283 0.58700001
v -0.02260093 0.01896571 0.58700001
v -0.02287269 0.01927247 0.58700001
v -0.02320997 0.01950528 0.58700001
v -0.02359316 0.01965060 0.58700001
v -0.02400000 0.01970000 0.58700001
v -0.02440684 0.01965060 0.58700001
v -0.02479003 0.01950528 0.58700001
v -0.02512731 0.01927247 0.58700001
v -0.02539907 0.01896571 0.58700001
v -0.02558953 0.01860283 0.58700001
v -0.02568761 0.01820491 0.58700001
v -0.02568761 0.01779509 0.58700001
v -0.02558953 0.01739717 0.58700001
v -0.02539907 0.01703429 0.58700001
v -0.02512731 0.01672753 0.58700001
v -0.02479003 0.01649472 0.58700001
v -0.02440684 0.01634940 0.58700001
v 0.02400000 0.01630000 0.58700001
v 0.02440684 0.01634940 0.58700001
v 0.02479003 0.01649472 0.58700001
v 0.02512731 0.01672753 0.58700001
v 0.02539907 0.01703429 0.58700001
v 0.02558953 0.01739717 0.58700001
v 0.02568761 0.01779509 0.58700001
v 0.02568761 0.01820491 0.58700001
v 0.02558953 0.01860283 0.58700001
v 0.02539907 0.01896571 0.58700001
v 0.02512731 0.01927247 0.58700001
v 0.02479003 0.01950528 0.58700001
v 0.02440684 0.01965060 0.58700001
v 0.02400000 0.01970000 0.58700001
v 0.02359316 0.01965060 0.58700001
v 0.02320997 0.01950528 0.58700001
v 0.02287269 0.01927247 0.58700001
v 0.02260093 0.01896571 0.58700001
v 0.02241047 0.01860283 0.58700001
v 0.02231240 0.01820491 0.58700001
v 0.02231240 0.01779509 0.58700001
v 0.02241047 0.01739717 0.58700001
v 0.02260093 0.01703429 0.58700001
v 0.02287269 0.01672753 0.58700001
v 0.02320997 0.01649472 0.58700001
v 0.02359316 0.01634940 0.58700001
v 0.02400000 -0.01970000 0.58700001
v 0.02440684 -0.01965060 0.58700001
v 0.02479003 -0.01950528 0.58700001
v 0.02512731 -0.01927247 0.58700001
v 0.02539907 -0.01896571 0.58700001
v 0.02558953 -0.01860283 0.58700001
v 0.02568761 -0.01820491 0.58700001
v 0.02568761 -0.01779509 0.58700001
v 0.02558953 -0.01739717 0.58700001
v 0.02539907 -0.01703429 0.58700001
v 0.02512731 -0.01672753 0.58700001
v 0.02479003 -0.01649472 0.58700001
v 0.02440684 -0.01634940 0.58700001
v 0.02400000 -0.01630000 0.58700001
v 0.02359316 -0.01634940 0.58700001
v 0.02320997 -0.01649472 0.58700001
v 0.02287269 -0.01672753 0.58700001
v 0.02260093 -0.01703429 0.58700001
v 0.02241047 -0.01739717 0.58700001
v 0.02231240 -0.01779509 0.58700001
v 0.02231240 -0.01820491 0.58700001
v 0.02241047 -0.01860283 0.58700001
v 0.02260093 -0.01896571 0.58700001
v 0.02287269 -0.01927247 0.58700001
v 0.02320997 -0.01950528 0.58700001
v 0.02359316 -0.01965060 0.58700001
v -0.02400000 -0.01970000 0.58700001
v -0.02359316 -0.01965060 0.58700001
v -0.02320997 -0.01950528 0.58700001
v -0.02287269 -0.01927247 0.58700001
v -0.02260093 -0.01896571 0.58700001
v -0.02241047 -0.01860283 0.58700001
v -0.02231240 -0.01820491 0.58700001
v -0.02231240 -0.01779509 0.58700001
v -0.02241047 -0.01739717 0.58700001
v -0.02260093 -0.01703429 0.58700001
v -0.02287269 -0.01672753 0.58700001
v -0.02320997 -0.01649472 0.58700001
v -0.02359316 -0.01634940 0.58700001
v -0.02400000 -0.01630000 0.58700001
v -0.02440684 -0.01634940 0.58700001
v -0.02479003 -0.01649472 0.58700001
v -0.02512731 -0.01672753 0.58700001
v -0.02539907 -0.01703429 0.58700001
v -0.02558953 -0.01739717 0.58700001
v -0.02568761 -0.01779509 0.58700001
v -0.02568761 -0.01820491 0.58700001
v -0.02558953 -0.01860283 0.58700001
v -0.02539907 -0.01896571 0.58700001
v -0.02512731 -0.01927247 0.58700001
v -0.02479003 -0.01950528 0.58700001
v -0.02440684 -0.01965060 0.58700001
v -0.02400000 -0.02125000 0.58350003
v -0.02477778 -0.02115556 0.58350003
v -0.02551035 -0.02087773 0.58350003
v -0.02615515 -0.02043266 0.58350003
v -0.02667470 -0.01984621 0.58350003
v -0.02703880 -0.01915247 0.58350003
v -0.02722630 -0.01839174 0.58350003
v -0.02722630 -0.01760826 0.58350003
v -0.02703880 -0.01684753 0.58350003
v -0.02667470 -0.01615379 0.58350003
v -0.02615515 -0.01556734 0.58350003
v -0.02551035 -0.01512227 0.58350003
v -0.02477778 -0.01484444 0.58350003
v -0.02400000 -0.01475000 0.58350003
v -0.02322222 -0.01484444 0.58350003
v -0.02248965 -0.01512227 0.58350003
v -0.02184485 -0.01556734 0.58350003
v -0.02132530 -0.01615379 0.58350003
v -0.02096120 -0.01684753 0.58350003
v -0.02077370 -0.01760826 0.58350003
v -0.02077370 -0.01839174 0.58350003
v -0.02096120 -0.01915247 0.58350003
v -0.02132530 -0.01984621 0.58350003
v -0.02184485 -0.02043266 0.58350003
v -0.02248965 -0.02087773 0.58350003
v -0.02322222 -0.02115556 0.58350003
v -0.02400000 -0.01970000 0.58350003
v -0.02440684 -0.01965060 0.58350003
v -0.02479003 -0.01950528 0.58350003
v -0.02512731 -0.01927247 0.58350003
v -0.02539907 -0.01896571 0.58350003
v -0.02558953 -0.01860283 0.58350003
v -0.02568761 -0.01820491 0.58350003
v -0.02568761 -0.01779509 0.58350003
v -0.02558953 -0.01739717 0.58350003
v -0.02539907 -0.01703429 0.58350003
v -0.02512731 -0.01672753 0.58350003
v -0.02479003 -0.01649472 0.58350003
v -0.02440684 -0.01634940 0.58350003
v -0.02400000 -0.01630000 0.58350003
v -0.02359316 -0.01634940 0.58350003
v -0.02320997 -0.01649472 0.58350003
v -0.02287269 -0.01672753 0.58350003
v -0.02260093 -0.01703429 0.58350003
v -0.02241047 -0.01739717 0.58350003
v -0.02231240 -0.01779509 0.58350003
v -0.02231240 -0.01820491 0.58350003
v -0.02241047 -0.01860283 0.58350003
v -0.02260093 -0.01896571 0.58350003
v -0.02287269 -0.01927247 0.58350003
v -0.02320997 -0.01950528 0.58350003
v -0.02359316 -0.01965060 0.58350003
v 0.02400000 -0.02125000 0.58350003
v 0.02322222 -0.02115556 0.58350003
v 0.02248965 -0.02087773 0.58350003
v 0.02184485 -0.02043266 0.58350003
v 0.02132530 -0.01984621 0.58350003
v 0.02096120 -0.01915247 0.58350003
v 0.02077370 -0.01839174 0.58350003
v 0.02077370 -0.01760826 0.58350003
v 0.02096120 -0.01684753 0.58350003
v 0.02132530 -0.01615379 0.58350003
v 0.02184485 -0.01556734 0.58350003
v 0.02248965 -0.01512227 0.58350003
v 0.02322222 -0.01484444 0.58350003
v 0.02400000 -0.01475000 0.58350003
v 0.02477778 -0.01484444 0.58350003
v 0.02551035 -0.01512227 0.58350003
v 0.02615515 -0.01556734 0.58350003
v 0.02667470 -0.01615379 0.58350003
v 0.02703880 -0.01684753 0.58350003
v 0.02722630 -0.01760826 0.58350003
v 0.02722630 -0.01839174 0.58350003
v 0.02703880 -0.01915247 0.58350003
v 0.02667470 -0.01984621 0.58350003
v 0.02615515 -0.02043266 0.58350003
v 0.02551035 -0.02087773 0.58350003
v 0.02477778 -0.02115556 0.58350003
v 0.02400000 -0.01970000 0.58350003
v 0.02359316 -0.01965060 0.58350003
v 0.02320997 -0.01950528 0.58350003
v 0.02287269 -0.01927247 0.58350003
v 0.02260093 -0.01896571 0.58350003
v 0.02241047 -0.01860283 0.58350003
v 0.02231240 -0.01820491 0.58350003
v 0.02231240 -0.01779509 0.58350003
v 0.02241047 -0.01739717 0.58350003
v 0.02260093 -0.01703429 0.58350003
v 0.02287269 -0.01672753 0.58350003
v 0.02320997 -0.01649472 0.58350003
v 0.02359316 -0.01634940 0.58350003
v 0.02400000 -0.01630000 0.58350003
v 0.02440684 -0.01634940 0.58350003
v 0.02479003 -0.01649472 0.58350003
v 0.02512731 -0.01672753 0.58350003
v 0.02539907 -0.01703429 0.58350003
v 0.02558953 -0.01739717 0.58350003
v 0.02568761 -0.01779509 0.58350003
v 0.02568761 -0.01820491 0.58350003
v 0.02558953 -0.01860283 0.58350003
v 0.02539907 -0.01896571 0.58350003
v 0.02512731 -0.01927247 0.58350003
v 0.02479003 -0.01950528 0.58350003
v 0.02440684 -0.01965060 0.58350003
v 0.02400000 0.01475000 0.58350003
v 0.02322222 0.01484444 0.58350003
v 0.02248965 0.01512227 0.58350003
v 0.02184485 0.01556734 0.58350003
v 0.02132530 0.01615379 0.58350003
v 0.02096120 0.01684753 0.58350003
v 0.02077370 0.01760826 0.58350003
v 0.02077370 0.01839174 0.58350003
v 0.02096120 0.01915247 0.58350003
v 0.02132530 0.01984621 0.58350003
v 0.02184485 0.02043266 0.58350003
v 0.02248965 0.02087773 0.58350003
v 0.02322222 0.02115556 0.58350003
v 0.02400000 0.02125000 0.58350003
v 0.02477778 0.02115556 0.58350003
v 0.02551035 0.02087773 0.58350003
v 0.02615515 0.02043266 0.58350003
v 0.02667470 0.01984621 0.58350003
v 0.02703880 0.01915247 0.58350003
v 0.02722630 0.01839174 0.58350003
v 0.02722630 0.01760826 0.58350003
v 0.02703880 0.01684753 0.58350003
v 0.02667470 0.01615379 0.58350003
v 0.02615515 0.01556734 0.58350003
v 0.02551035 0.01512227 0.58350003
v 0.02477778 0.01484444 0.58350003
v 0.02400000 0.01630000 0.58350003
v 0.02359316 0.01634940 0.58350003
v 0.02320997 0.01649472 0.58350003
v 0.02287269 0.01672753 0.58350003
v 0.02260093 0.01703429 0.58350003
v 0.02241047 0.01739717 0.58350003
v 0.02231240 0.01779509 0.58350003
v 0.02231240 0.01820491 0.58350003
v 0.02241047 0.01860283 0.58350003
v 0.02260093 0.01896571 0.58350003
v 0.02287269 0.01927247 0.58350003
v 0.02320997 0.01950528 0.58350003
v 0.02359316 0.01965060 0.58350003
v 0.02400000 0.01970000 0.58350003
v 0.02440684 0.01965060 0.58350003
v 0.02479003 0.01950528 0.58350003
v 0.02512731 0.01927247 0.58350003
v 0.02539907 0.01896571 0.58350003
v 0.02558953 0.01860283 0.58350003
v 0.02568761 0.01820491 0.58350003
v 0.02568761 0.01779509 0.58350003
v 0.02558953 0.01739717 0.58350003
v 0.02539907 0.01703429 0.58350003
v 0.02512731 0.01672753 0.58350003
v 0.02479003 0.01649472 0.58350003
v 0.02440684 0.01634940 0.58350003
v -0.02400000 0.01475000 0.58350003
v -0.02477778 0.01484444 0.58350003
v -0.02551035 0.01512227 0.58350003
v -0.02615515 0.01556734 0.58350003
v -0.02667470 0.01615379 0.58350003
v -0.02703880 0.01684753 0.58350003
v -0.02722630 0.01760826 0.58350003
v -0.02722630 0.01839174 0.58350003
v -0.02703880 0.01915247 0.58350003
v -0.02667470 0.01984621 0.58350003
v -0.02615515 0.02043266 0.58350003
v -0.02551035 0.02087773 0.58350003
v -0.02477778 0.02115556 0.58350003
v -0.02400000 0.02125000 0.58350003
v -0.02322222 0.02115556 0.58350003
v -0.02248965 0.02087773 0.58350003
v -0.02184485 0.02043266 0.58350003
v -0.02132530 0.01984621 0.58350003
v -0.02096120 0.01915247 0.58350003
v -0.02077370 0.01839174 0.58350003
v -0.02077370 0.01760826 0.58350003
v -0.02096120 0.01684753 0.58350003
v -0.02132530 0.01615379 0.58350003
v -0.02184485 0.01556734 0.58350003
v -0.02248965 0.01512227 0.58350003
v -0.02322222 0.01484444 0.58350003
v -0.02400000 0.01630000 0.58350003
v -0.02440684 0.01634940 0.58350003
v -0.02479003 0.01649472 0.58350003
v -0.02512731 0.01672753 0.58350003
v -0.02539907 0.01703429 0.58350003
v -0.02558953 0.01739717 0.58350003
v -0.02568761 0.01779509 0.58350003
v -0.02568761 0.01820491 0.58350003
v -0.02558953 0.01860283 0.58350003
v -0.02539907 0.01896571 0.58350003
v -0.02512731 0.01927247 0.58350003
v -0.02479003 0.01950528 0.58350003
v -0.02440684 0.01965060 0.58350003
v -0.02400000 0.01970000 0.58350003
v -0.02359316 0.01965060 0.58350003
v -0.02320997 0.01950528 0.58350003
v -0.02287269 0.01927247 0.58350003
v -0.02260093 0.01896571 0.58350003
v -0.02241047 0.01860283 0.58350003
v -0.02231240 0.01820491 0.58350003
v -0.02231240 0.01779509 0.58350003
v -0.02241047 0.01739717 0.58350003
v -0.02260093 0.01703429 0.58350003
v -0.02287269 0.01672753 0.58350003
v -0.02320997 0.01649472 0.58350003
v -0.02359316 0.01634940 0.58350003
v -0.06500000 0.03500000 0.59750003
v -0.07900401 0.03500000 0.59750003
v -0.06500000 0.02400000 0.59750003
v -0.08500000 0.02400000 0.59750003
v -0.08500000 0.03008540 0.59750003
v -0.08135735 0.03382936 0.59750003
v -0.08339018 0.03216315 0.59750003
v -0.06500000 -0.03500000 0.59750003
v -0.06500000 -0.02400000 0.59750003
v -0.07900401 -0.03500000 0.59750003
v -0.08500000 -0.03008540 0.59750003
v -0.08339018 -0.03216315 0.59750003
v -0.08135735 -0.03382936 0.59750003
v -0.08500000 -0.02400000 0.59750003
v -0.03008540 -0.08500000 0.59750003
v -0.02400000 -0.08500000 0.59750003
v -0.03500000 -0.07900401 0.59750003
v -0.03382936 -0.08135735 0.59750003
v -0.03216315 -0.08339018 0.59750003
v -0.03500000 -0.06500000 0.59750003
v -0.02400000 -0.06500000 0.59750003
v 0.03008540 -0.08500000 0.59750003
v 0.03216315 -0.08339018 0.59750003
v 0.03382936 -0.08135735 0.59750003
v 0.03500000 -0.07900401 0.59750003
v 0.02400000 -0.08500000 0.59750003
v 0.02400000 -0.06500000 0.59750003
v 0.03500000 -0.06500000 0.59750003
v 0.06500000 -0.03500000 0.59750003
v 0.07900401 -0.03500000 0.59750003
v 0.06500000 -0.02400000 0.59750003
v 0.08500000 -0.02400000 0.59750003
v 0.08500000 -0.03008540 0.59750003
v 0.08135735 -0.03382936 0.59750003
v 0.08339018 -0.03216315 0.59750003
v 0.08500000 0.03008540 0.59750003
v 0.08339018 0.03216315 0.59750003
v 0.08135735 0.03382936 0.59750003
v 0.07900401 0.03500000 0.59750003
v 0.08500000 0.02400000 0.59750003
v 0.06500000 0.02400000 0.59750003
v 0.06500000 0.03500000 0.59750003
v 0.03750000 0.06250000 0.59249997
v 0.03750000 0.06250000 0.59500003
v 0.03743732 0.06250000 0.59555632
v 0.03725242 0.06250000 0.59608471
v 0.03695458 0.06250000 0.59655875
v 0.03655872 0.06250000 0.59695458
v 0.03608471 0.06250000 0.59725243
v 0.03555630 0.06250000 0.59743732
v 0.03500000 0.06250000 0.59750003
v 0.02400000 0.06250000 0.59750003
v 0.02400000 0.06250000 0.59249997
v 0.02400000 0.08500000 0.59750003
v 0.02400000 0.06250000 0.59750003
v 0.03008540 0.08500000 0.59750003
v 0.03500000 0.07900401 0.59750003
v 0.03382936 0.08135735 0.59750003
v 0.03216315 0.08339018 0.59750003
v 0.03500000 0.06250000 0.59750003
v -0.03008540 0.08500000 0.59750003
v -0.03216315 0.08339018 0.59750003
v -0.03382936 0.08135735 0.59750003
v -0.03500000 0.07900401 0.59750003
v -0.02400000 0.08500000 0.59750003
v -0.02400000 0.06500000 0.59750003
v -0.03500000 0.06500000 0.59750003
v -0.02614732 -0.03243692 0.59200001
v -0.02614732 -0.03243692 0.59249997
v -0.03433127 -0.04062088 0.59249997
v -0.03433127 -0.04062088 0.59200001
v -0.03243692 -0.02614732 0.59249997
v -0.03243692 -0.02614732 0.59200001
v -0.04062088 -0.03433127 0.59200001
v -0.04062088 -0.03433127 0.59249997
v -0.03288047 -0.02687006 0.59200001
v -0.03250557 -0.02800837 0.59200001
v -0.04048186 -0.03447146 0.59200001
v -0.04048186 -0.03729988 0.59200001
v -0.04076110 -0.03694973 0.59200001
v -0.04095542 -0.03654623 0.59200001
v -0.04105508 -0.03610960 0.59200001
v -0.04105508 -0.03566174 0.59200001
v -0.04095542 -0.03522511 0.59200001
v -0.04076110 -0.03482160 0.59200001
v -0.03729988 -0.04048186 0.59200001
v -0.03447146 -0.04048186 0.59200001
v -0.03482160 -0.04076110 0.59200001
v -0.03522511 -0.04095542 0.59200001
v -0.03566174 -0.04105508 0.59200001
v -0.03610960 -0.04105508 0.59200001
v -0.03654623 -0.04095542 0.59200001
v -0.03694974 -0.04076110 0.59200001
v -0.02687006 -0.03288047 0.59200001
v -0.02800837 -0.03250557 0.59200001
v -0.02823305 -0.03242735 0.59200001
v -0.02815845 -0.03245426 0.59200001
v -0.02808355 -0.03248034 0.59200001
v -0.02815974 -0.03243154 0.59200001
v -0.02808636 -0.03243453 0.59200001
v -0.02801295 -0.03243632 0.59200001
v -0.02793952 -0.03243692 0.59200001
v -0.02614732 -0.03243692 0.59200001
v -0.03433127 -0.04062088 0.59200001
v -0.03743525 -0.04062088 0.59200001
v -0.03705099 -0.04092732 0.59200001
v -0.03660817 -0.04114056 0.59200001
v -0.03612901 -0.04124993 0.59200001
v -0.03563752 -0.04124993 0.59200001
v -0.03515835 -0.04114056 0.59200001
v -0.03471554 -0.04092732 0.59200001
v -0.04062088 -0.03743525 0.59200001
v -0.04062088 -0.03433127 0.59200001
v -0.04092732 -0.03471554 0.59200001
v -0.04114056 -0.03515835 0.59200001
v -0.04124993 -0.03563752 0.59200001
v -0.04124993 -0.03612901 0.59200001
v -0.04114056 -0.03660817 0.59200001
v -0.04092732 -0.03705099 0.59200001
v -0.03243692 -0.02614732 0.59200001
v -0.03243692 -0.02793952 0.59200001
v -0.03243632 -0.02801295 0.59200001
v -0.03243453 -0.02808636 0.59200001
v -0.03243154 -0.02815974 0.59200001
v -0.03242735 -0.02823305 0.59200001
v -0.03248034 -0.02808355 0.59200001
v -0.03245426 -0.02815845 0.59200001
v -0.04062088 -0.03743525 0.59200001
v -0.04062088 -0.03743525 0.59249997
v -0.03743525 -0.04062088 0.59200001
v -0.03743525 -0.04062088 0.59249997
v -0.04062088 -0.03433127 0.59200001
v -0.04062088 -0.03433127 0.59249997
v -0.04092732 -0.03471554 0.59200001
v -0.04114056 -0.03515835 0.59200001
v -0.04124993 -0.03563752 0.59200001
v -0.04124993 -0.03612901 0.59200001
v -0.04114056 -0.03660817 0.59200001
v -0.04092732 -0.03705099 0.59200001
v -0.04062088 -0.03743525 0.59200001
v -0.04062088 -0.03743525 0.59249997
v -0.04092732 -0.03471554 0.59249997
v -0.04114056 -0.03515835 0.59249997
v -0.04124993 -0.03563752 0.59249997
v -0.04124993 -0.03612901 0.59249997
v -0.04114056 -0.03660817 0.59249997
v -0.04092732 -0.03705099 0.59249997
v 0.02614732 0.03243692 0.59200001
v 0.02614732 0.03243692 0.59249997
v 0.03433127 0.04062088 0.59249997
v 0.03433127 0.04062088 0.59200001
v 0.03243692 0.02614732 0.59249997
v 0.03243692 0.02614732 0.59200001
v 0.04062088 0.03433127 0.59200001
v 0.04062088 0.03433127 0.59249997
v 0.03288047 0.02687006 0.59200001
v 0.03250557 0.02800837 0.59200001
v 0.04048186 0.03447146 0.59200001
v 0.04048186 0.03729988 0.59200001
v 0.04076110 0.03694973 0.59200001
v 0.04095542 0.03654623 0.59200001
v 0.04105508 0.03610960 0.59200001
v 0.04105508 0.03566174 0.59200001
v 0.04095542 0.03522511 0.59200001
v 0.04076110 0.03482160 0.59200001
v 0.03729988 0.04048186 0.59200001
v 0.03447146 0.04048186 0.59200001
v 0.03482160 0.04076110 0.59200001
v 0.03522511 0.04095542 0.59200001
v 0.03566174 0.04105508 0.59200001
v 0.03610960 0.04105508 0.59200001
v 0.03654623 0.04095542 0.59200001
v 0.03694974 0.04076110 0.59200001
v 0.02687006 0.03288047 0.59200001
v 0.02800837 0.03250557 0.59200001
v 0.02823305 0.03242735 0.59200001
v 0.02815845 0.03245426 0.59200001
v 0.02808355 0.03248034 0.59200001
v 0.02815973 0.03243154 0.59200001
v 0.02808636 0.03243453 0.59200001
v 0.02801295 0.03243632 0.59200001
v 0.02793952 0.03243692 0.59200001
v 0.02614732 0.03243692 0.59200001
v 0.03433127 0.04062088 0.59200001
v 0.03743525 0.04062088 0.59200001
v 0.03705099 0.04092732 0.59200001
v 0.03660817 0.04114056 0.59200001
v 0.03612901 0.04124993 0.59200001
v 0.03563752 0.04124993 0.59200001
v 0.03515835 0.04114056 0.59200001
v 0.03471554 0.04092732 0.59200001
v 0.04062088 0.03743525 0.59200001
v 0.04062088 0.03433127 0.59200001
v 0.04092732 0.03471554 0.59200001
v 0.04114056 0.03515835 0.59200001
v 0.04124993 0.03563752 0.59200001
v 0.04124993 0.03612901 0.59200001
v 0.04114056 0.03660817 0.59200001
v 0.04092732 0.03705099 0.59200001
v 0.03243692 0.02614732 0.59200001
v 0.03243692 0.02793952 0.59200001
v 0.03243632 0.02801295 0.59200001
v 0.03243453 0.02808636 0.59200001
v 0.03243154 0.02815973 0.59200001
v 0.03242735 0.02823305 0.59200001
v 0.03248034 0.02808355 0.59200001
v 0.03245426 0.02815845 0.59200001
v 0.03743525 0.04062088 0.59200001
v 0.03743525 0.04062088 0.59249997
v 0.03705099 0.04092732 0.59200001
v 0.03660817 0.04114056 0.59200001
v 0.03612901 0.04124993 0.59200001
v 0.03563752 0.04124993 0.59200001
v 0.03515835 0.04114056 0.59200001
v 0.03471554 0.04092732 0.59200001
v 0.03433127 0.04062088 0.59200001
v 0.03433127 0.04062088 0.59249997
v 0.03705099 0.04092732 0.59249997
v 0.03660817 0.04114056 0.59249997
v 0.03612901 0.04124993 0.59249997
v 0.03563752 0.04124993 0.59249997
v 0.03515835 0.04114056 0.59249997
v 0.03471554 0.04092732 0.59249997
v 0.04062088 0.03743525 0.59200001
v 0.04062088 0.03743525 0.59249997
v 0.03743525 0.04062088 0.59200001
v 0.03743525 0.04062088 0.59249997
v 0.04062088 0.03433127 0.59200001
v 0.04062088 0.03433127 0.59249997
v 0.04092732 0.03471554 0.59200001
v 0.04114056 0.03515835 0.59200001
v 0.04124993 0.03563752 0.59200001
v 0.04124993 0.03612901 0.59200001
v 0.04114056 0.03660817 0.59200001
v 0.04092732 0.03705099 0.59200001
v 0.04062088 0.03743525 0.59200001
v 0.04062088 0.03743525 0.59249997
v 0.04092732 0.03471554 0.59249997
v 0.04114056 0.03515835 0.59249997
v 0.04124993 0.03563752 0.59249997
v 0.04124993 0.03612901 0.59249997
v 0.04114056 0.03660817 0.59249997
v 0.04092732 0.03705099 0.59249997
v 0.02614732 -0.03243692 0.59249997
v 0.02614732 -0.03243692 0.59200001
v 0.03433127 -0.04062088 0.59200001
v 0.03433127 -0.04062088 0.59249997
v 0.03243692 -0.02614732 0.59200001
v 0.03243692 -0.02614732 0.59249997
v 0.04062088 -0.03433127 0.59249997
v 0.04062088 -0.03433127 0.59200001
v 0.02687006 -0.03288047 0.59200001
v 0.02800837 -0.03250557 0.59200001
v 0.03447146 -0.04048186 0.59200001
v 0.03729988 -0.04048186 0.59200001
v 0.03694973 -0.04076110 0.59200001
v 0.03654623 -0.04095542 0.59200001
v 0.03610960 -0.04105508 0.59200001
v 0.03566174 -0.04105508 0.59200001
v 0.03522511 -0.04095542 0.59200001
v 0.03482160 -0.04076110 0.59200001
v 0.04048186 -0.03729988 0.59200001
v 0.04048186 -0.03447146 0.59200001
v 0.04076110 -0.03482160 0.59200001
v 0.04095542 -0.03522511 0.59200001
v 0.04105508 -0.03566174 0.59200001
v 0.04105508 -0.03610960 0.59200001
v 0.04095542 -0.03654623 0.59200001
v 0.04076110 -0.03694974 0.59200001
v 0.03288047 -0.02687006 0.59200001
v 0.03250557 -0.02800837 0.59200001
v 0.03242735 -0.02823305 0.59200001
v 0.03245426 -0.02815845 0.59200001
v 0.03248034 -0.02808355 0.59200001
v 0.03243154 -0.02815973 0.59200001
v 0.03243453 -0.02808636 0.59200001
v 0.03243632 -0.02801295 0.59200001
v 0.03243692 -0.02793952 0.59200001
v 0.03243692 -0.02614732 0.59200001
v 0.04062088 -0.03433127 0.59200001
v 0.04062088 -0.03743525 0.59200001
v 0.04092732 -0.03705099 0.59200001
v 0.04114056 -0.03660817 0.59200001
v 0.04124993 -0.03612901 0.59200001
v 0.04124993 -0.03563752 0.59200001
v 0.04114056 -0.03515835 0.59200001
v 0.04092732 -0.03471554 0.59200001
v 0.03743525 -0.04062088 0.59200001
v 0.03433127 -0.04062088 0.59200001
v 0.03471554 -0.04092732 0.59200001
v 0.03515835 -0.04114056 0.59200001
v 0.03563752 -0.04124993 0.59200001
v 0.03612901 -0.04124993 0.59200001
v 0.03660817 -0.04114056 0.59200001
v 0.03705099 -0.04092732 0.59200001
v 0.02614732 -0.03243692 0.59200001
v 0.02793952 -0.03243692 0.59200001
v 0.02801295 -0.03243632 0.59200001
v 0.02808636 -0.03243453 0.59200001
v 0.02815973 -0.03243154 0.59200001
v 0.02823305 -0.03242735 0.59200001
v 0.02808355 -0.03248034 0.59200001
v 0.02815845 -0.03245426 0.59200001
v 0.04062088 -0.03743525 0.59200001
v 0.04062088 -0.03743525 0.59249997
v 0.04092732 -0.03705099 0.59200001
v 0.04114056 -0.03660817 0.59200001
v 0.04124993 -0.03612901 0.59200001
v 0.04124993 -0.03563752 0.59200001
v 0.04114056 -0.03515835 0.59200001
v 0.04092732 -0.03471554 0.59200001
v 0.04062088 -0.03433127 0.59200001
v 0.04062088 -0.03433127 0.59249997
v 0.04092732 -0.03705099 0.59249997
v 0.04114056 -0.03660817 0.59249997
v 0.04124993 -0.03612901 0.59249997
v 0.04124993 -0.03563752 0.59249997
v 0.04114056 -0.03515835 0.59249997
v 0.04092732 -0.03471554 0.59249997
v 0.03743525 -0.04062088 0.59200001
v 0.03743525 -0.04062088 0.59249997
v 0.04062088 -0.03743525 0.59200001
v 0.04062088 -0.03743525 0.59249997
v -0.03243692 0.02614732 0.59200001
v -0.03243692 0.02614732 0.59249997
v -0.04062088 0.03433127 0.59249997
v -0.04062088 0.03433127 0.59200001
v -0.02614732 0.03243692 0.59249997
v -0.02614732 0.03243692 0.59200001
v -0.03433127 0.04062088 0.59200001
v -0.03433127 0.04062088 0.59249997
v -0.02687006 0.03288047 0.59200001
v -0.02800837 0.03250557 0.59200001
v -0.03447146 0.04048186 0.59200001
v -0.03729988 0.04048186 0.59200001
v -0.03694973 0.04076110 0.59200001
v -0.03654623 0.04095542 0.59200001
v -0.03610960 0.04105508 0.59200001
v -0.03566174 0.04105508 0.59200001
v -0.03522511 0.04095542 0.59200001
v -0.03482160 0.04076110 0.59200001
v -0.04048186 0.03729988 0.59200001
v -0.04048186 0.03447146 0.59200001
v -0.04076110 0.03482160 0.59200001
v -0.04095542 0.03522511 0.59200001
v -0.04105508 0.03566174 0.59200001
v -0.04105508 0.03610960 0.59200001
v -0.04095542 0.03654623 0.59200001
v -0.04076110 0.03694974 0.59200001
v -0.03288047 0.02687006 0.59200001
v -0.03250557 0.02800837 0.59200001
v -0.03242735 0.02823305 0.59200001
v -0.03245426 0.02815845 0.59200001
v -0.03248034 0.02808355 0.59200001
v -0.03243154 0.02815973 0.59200001
v -0.03243453 0.02808636 0.59200001
v -0.03243632 0.02801295 0.59200001
v -0.03243692 0.02793952 0.59200001
v -0.03243692 0.02614732 0.59200001
v -0.04062088 0.03433127 0.59200001
v -0.04062088 0.03743525 0.59200001
v -0.04092732 0.03705099 0.59200001
v -0.04114056 0.03660817 0.59200001
v -0.04124993 0.03612901 0.59200001
v -0.04124993 0.03563752 0.59200001
v -0.04114056 0.03515835 0.59200001
v -0.04092732 0.03471554 0.59200001
v -0.03743525 0.04062088 0.59200001
v -0.03433127 0.04062088 0.59200001
v -0.03471554 0.04092732 0.59200001
v -0.03515835 0.04114056 0.59200001
v -0.03563752 0.04124993 0.59200001
v -0.03612901 0.04124993 0.59200001
v -0.03660817 0.04114056 0.59200001
v -0.03705099 0.04092732 0.59200001
v -0.02614732 0.03243692 0.59200001
v -0.02793952 0.03243692 0.59200001
v -0.02801295 0.03243632 0.59200001
v -0.02808636 0.03243453 0.59200001
v -0.02815973 0.03243154 0.59200001
v -0.02823305 0.03242735 0.59200001
v -0.02808355 0.03248034 0.59200001
v -0.02815845 0.03245426 0.59200001
v -0.04062088 0.03743525 0.59200001
v -0.04062088 0.03743525 0.59249997
v -0.04092732 0.03705099 0.59200001
v -0.04114056 0.03660817 0.59200001
v -0.04124993 0.03612901 0.59200001
v -0.04124993 0.03563752 0.59200001
v -0.04114056 0.03515835 0.59200001
v -0.04092732 0.03471554 0.59200001
v -0.04062088 0.03433127 0.59200001
v -0.04062088 0.03433127 0.59249997
v -0.04092732 0.03705099 0.59249997
v -0.04114056 0.03660817 0.59249997
v -0.04124993 0.03612901 0.59249997
v -0.04124993 0.03563752 0.59249997
v -0.04114056 0.03515835 0.59249997
v -0.04092732 0.03471554 0.59249997
v -0.03743525 0.04062088 0.59200001
v -0.03743525 0.04062088 0.59249997
v -0.04062088 0.03743525 0.59200001
v -0.04062088 0.03743525 0.59249997
v -0.03433127 0.04062088 0.59200001
v -0.03433127 0.04062088 0.59249997
v -0.03471554 0.04092732 0.59200001
v -0.03515835 0.04114056 0.59200001
v -0.03563752 0.04124993 0.59200001
v -0.03612901 0.04124993 0.59200001
v -0.03660817 0.04114056 0.59200001
v -0.03705099 0.04092732 0.59200001
v -0.03743525 0.04062088 0.59200001
v -0.03743525 0.04062088 0.59249997
v -0.03471554 0.04092732 0.59249997
v -0.03515835 0.04114056 0.59249997
v -0.03563752 0.04124993 0.59249997
v -0.03612901 0.04124993 0.59249997
v -0.03660817 0.04114056 0.59249997
v -0.03705099 0.04092732 0.59249997
v -0.06000000 0.02400000 0.59249997
v -0.06055630 0.02400000 0.59256268
v -0.06108471 0.02400000 0.59274757
v -0.06155872 0.02400000 0.59304541
v -0.06195458 0.02400000 0.59344125
v -0.06225242 0.02400000 0.59391528
v -0.06243732 0.02400000 0.59444368
v -0.06250000 0.02400000 0.59500003
v -0.06250000 0.03750000 0.59500003
v -0.06243732 0.03750000 0.59444368
v -0.06225242 0.03750000 0.59391528
v -0.06195458 0.03750000 0.59344125
v -0.06155872 0.03750000 0.59304541
v -0.06108471 0.03750000 0.59274757
v -0.06055630 0.03750000 0.59256268
v -0.06000000 0.03750000 0.59249997
v -0.08500000 0.02400000 0.59750003
v -0.08555631 0.02400000 0.59743732
v -0.08608471 0.02400000 0.59725243
v -0.08655872 0.02400000 0.59695458
v -0.08695458 0.02400000 0.59655875
v -0.08725242 0.02400000 0.59608471
v -0.08743732 0.02400000 0.59555632
v -0.08750000 0.02400000 0.59500003
v -0.08500000 0.03008540 0.59750003
v -0.08750000 0.03008540 0.59500003
v -0.08743732 0.03008540 0.59555632
v -0.08725242 0.03008540 0.59608471
v -0.08695458 0.03008540 0.59655875
v -0.08655872 0.03008540 0.59695458
v -0.08608471 0.03008540 0.59725243
v -0.08555631 0.03008540 0.59743732
v -0.06250000 0.02400000 0.59500003
v -0.06256268 0.02400000 0.59555632
v -0.06274758 0.02400000 0.59608471
v -0.06304542 0.02400000 0.59655875
v -0.06344128 0.02400000 0.59695458
v -0.06391529 0.02400000 0.59725243
v -0.06444370 0.02400000 0.59743732
v -0.06500000 0.02400000 0.59750003
v -0.06250000 0.03750000 0.59500003
v -0.06500000 0.03500000 0.59750003
v -0.06435295 0.03564705 0.59741479
v -0.06375000 0.03625000 0.59716505
v -0.06323224 0.03676777 0.59676778
v -0.06286840 0.03713160 0.59630626
v -0.06265932 0.03734069 0.59587818
v -0.06254366 0.03745634 0.59546518
v -0.06251094 0.03748906 0.59523362
v -0.08713564 0.03138503 0.59500003
v -0.08733580 0.03097649 0.59500003
v -0.08745861 0.03053845 0.59500003
v -0.08750000 0.03008540 0.59500003
v -0.08750000 0.03008540 0.59500003
v -0.08743732 0.03008540 0.59555632
v -0.08725242 0.03008540 0.59608471
v -0.08695458 0.03008540 0.59655875
v -0.08655872 0.03008540 0.59695458
v -0.08608471 0.03008540 0.59725243
v -0.08555631 0.03008540 0.59743732
v -0.08500000 0.03008540 0.59750003
v -0.08708210 0.03135245 0.59555632
v -0.08692415 0.03125633 0.59608471
v -0.08666971 0.03110149 0.59655875
v -0.08633155 0.03089571 0.59695458
v -0.08592662 0.03064929 0.59725243
v -0.08547523 0.03037460 0.59743732
v -0.08737764 0.03084843 0.59512085
v -0.08737764 0.03077374 0.59535074
v -0.08737764 0.03063167 0.59554625
v -0.08737764 0.03043613 0.59568834
v -0.08737764 0.03020626 0.59576303
v -0.08702254 0.03094913 0.59618884
v -0.08702254 0.03053949 0.59639752
v -0.08646946 0.03040180 0.59699762
v -0.06500000 0.03500000 0.59750003
v -0.06435295 0.03564705 0.59741479
v -0.06375000 0.03625000 0.59716505
v -0.06323224 0.03676777 0.59676778
v -0.06286840 0.03713160 0.59630626
v -0.06265932 0.03734069 0.59587818
v -0.06254366 0.03745634 0.59546518
v -0.06251094 0.03748906 0.59523362
v -0.06250000 0.03750000 0.59500003
v -0.07900401 0.03750000 0.59500003
v -0.07900401 0.03500000 0.59750003
v -0.07900401 0.03555630 0.59743732
v -0.07900401 0.03608471 0.59725243
v -0.07900401 0.03655872 0.59695458
v -0.07900401 0.03695458 0.59655875
v -0.07900401 0.03725242 0.59608471
v -0.07900401 0.03743732 0.59555632
v -0.08713564 0.03138503 0.59500003
v -0.08708210 0.03135245 0.59555632
v -0.08692415 0.03125633 0.59608471
v -0.08666971 0.03110149 0.59655875
v -0.08633155 0.03089571 0.59695458
v -0.08592662 0.03064929 0.59725243
v -0.08547523 0.03037460 0.59743732
v -0.08500000 0.03008540 0.59750003
v -0.07900401 0.03500000 0.59750003
v -0.08135735 0.03382936 0.59750003
v -0.08339018 0.03216315 0.59750003
v -0.07985913 0.03734921 0.59500003
v -0.07983769 0.03729031 0.59555632
v -0.07977445 0.03711656 0.59608471
v -0.07967257 0.03683668 0.59655875
v -0.07953717 0.03646471 0.59695458
v -0.07937504 0.03601928 0.59725243
v -0.07919429 0.03552275 0.59743732
v -0.08518202 0.03390652 0.59500003
v -0.08271506 0.03592855 0.59500003
v -0.08378889 0.03255109 0.59743732
v -0.08416762 0.03291957 0.59725243
v -0.08450737 0.03325012 0.59695458
v -0.08479109 0.03352617 0.59655875
v -0.08500457 0.03373387 0.59608471
v -0.08513709 0.03386281 0.59555632
v -0.08165947 0.03429647 0.59743732
v -0.08194643 0.03474016 0.59725243
v -0.08220387 0.03513819 0.59695458
v -0.08241884 0.03547058 0.59655875
v -0.08258060 0.03572067 0.59608471
v -0.08268102 0.03587592 0.59555632
v -0.07985913 0.03734921 0.59500003
v -0.07983769 0.03729031 0.59555632
v -0.07977445 0.03711656 0.59608471
v -0.07967257 0.03683668 0.59655875
v -0.07953717 0.03646471 0.59695458
v -0.07937504 0.03601928 0.59725243
v -0.07919429 0.03552275 0.59743732
v -0.07900401 0.03500000 0.59750003
v -0.07900401 0.03555630 0.59743732
v -0.07900401 0.03608471 0.59725243
v -0.07900401 0.03655872 0.59695458
v -0.07900401 0.03695458 0.59655875
v -0.07900401 0.03725242 0.59608471
v -0.07900401 0.03743732 0.59555632
v -0.07900401 0.03750000 0.59500003
v -0.07958060 0.03743260 0.59500003
v -0.07929427 0.03748309 0.59500003
v -0.06000000 -0.03750000 0.59249997
v -0.06055630 -0.03750000 0.59256268
v -0.06108471 -0.03750000 0.59274757
v -0.06155872 -0.03750000 0.59304541
v -0.06195458 -0.03750000 0.59344125
v -0.06225242 -0.03750000 0.59391528
v -0.06243732 -0.03750000 0.59444368
v -0.06250000 -0.03750000 0.59500003
v -0.06250000 -0.02400000 0.59500003
v -0.06243732 -0.02400000 0.59444368
v -0.06225242 -0.02400000 0.59391528
v -0.06195458 -0.02400000 0.59344125
v -0.06155872 -0.02400000 0.59304541
v -0.06108471 -0.02400000 0.59274757
v -0.06055630 -0.02400000 0.59256268
v -0.06000000 -0.02400000 0.59249997
v -0.06500000 -0.02400000 0.59750003
v -0.06444370 -0.02400000 0.59743732
v -0.06391529 -0.02400000 0.59725243
v -0.06344128 -0.02400000 0.59695458
v -0.06304542 -0.02400000 0.59655875
v -0.06274758 -0.02400000 0.59608471
v -0.06256268 -0.02400000 0.59555632
v -0.06250000 -0.02400000 0.59500003
v -0.06500000 -0.03500000 0.59750003
v -0.06250000 -0.03750000 0.59500003
v -0.06253679 -0.03746321 0.59542733
v -0.06264608 -0.03735393 0.59584206
v -0.06282464 -0.03717536 0.59623200
v -0.06306723 -0.03693277 0.59658569
v -0.06336670 -0.03663331 0.59689271
v -0.06371424 -0.03628576 0.59714401
v -0.06423455 -0.03576544 0.59737992
v -0.06461260 -0.03538740 0.59746981
v -0.06250000 -0.03750000 0.59500003
v -0.06253679 -0.03746321 0.59542733
v -0.06264608 -0.03735393 0.59584206
v -0.06282464 -0.03717536 0.59623200
v -0.06306723 -0.03693277 0.59658569
v -0.06336670 -0.03663331 0.59689271
v -0.06371424 -0.03628576 0.59714401
v -0.06423455 -0.03576544 0.59737992
v -0.06461260 -0.03538740 0.59746981
v -0.06500000 -0.03500000 0.59750003
v -0.07900401 -0.03500000 0.59750003
v -0.07900401 -0.03750000 0.59500003
v -0.07900401 -0.03743732 0.59555632
v -0.07900401 -0.03725242 0.59608471
v -0.07900401 -0.03695458 0.59655875
v -0.07900401 -0.03655872 0.59695458
v -0.07900401 -0.03608471 0.59725243
v -0.07900401 -0.03555630 0.59743732
v -0.07985913 -0.03734921 0.59500003
v -0.07958060 -0.03743260 0.59500003
v -0.07929427 -0.03748309 0.59500003
v -0.07900401 -0.03750000 0.59500003
v -0.07900401 -0.03750000 0.59500003
v -0.07900401 -0.03743732 0.59555632
v -0.07900401 -0.03725242 0.59608471
v -0.07900401 -0.03695458 0.59655875
v -0.07900401 -0.03655872 0.59695458
v -0.07900401 -0.03608471 0.59725243
v -0.07900401 -0.03555630 0.59743732
v -0.07900401 -0.03500000 0.59750003
v -0.07983769 -0.03729031 0.59555632
v -0.07977445 -0.03711656 0.59608471
v -0.07967257 -0.03683668 0.59655875
v -0.07953717 -0.03646471 0.59695458
v -0.07937504 -0.03601928 0.59725243
v -0.07919429 -0.03552275 0.59743732
v -0.07923389 -0.03702254 0.59645134
v -0.07924274 -0.03737764 0.59573472
v -0.07945810 -0.03737764 0.59562498
v -0.07962901 -0.03737764 0.59545410
v -0.07973874 -0.03737764 0.59523875
v -0.08750000 -0.02400000 0.59500003
v -0.08743732 -0.02400000 0.59555632
v -0.08725242 -0.02400000 0.59608471
v -0.08695458 -0.02400000 0.59655875
v -0.08655872 -0.02400000 0.59695458
v -0.08608471 -0.02400000 0.59725243
v -0.08555631 -0.02400000 0.59743732
v -0.08500000 -0.02400000 0.59750003
v -0.08750000 -0.03008540 0.59500003
v -0.08500000 -0.03008540 0.59750003
v -0.08555631 -0.03008540 0.59743732
v -0.08608471 -0.03008540 0.59725243
v -0.08655872 -0.03008540 0.59695458
v -0.08695458 -0.03008540 0.59655875
v -0.08725242 -0.03008540 0.59608471
v -0.08743732 -0.03008540 0.59555632
v -0.07985913 -0.03734921 0.59500003
v -0.07983769 -0.03729031 0.59555632
v -0.07977445 -0.03711656 0.59608471
v -0.07967257 -0.03683668 0.59655875
v -0.07953717 -0.03646471 0.59695458
v -0.07937504 -0.03601928 0.59725243
v -0.07919429 -0.03552275 0.59743732
v -0.07900401 -0.03500000 0.59750003
v -0.08500000 -0.03008540 0.59750003
v -0.08339018 -0.03216315 0.59750003
v -0.08135735 -0.03382936 0.59750003
v -0.08713564 -0.03138503 0.59500003
v -0.08708210 -0.03135245 0.59555632
v -0.08692415 -0.03125633 0.59608471
v -0.08666971 -0.03110149 0.59655875
v -0.08633155 -0.03089571 0.59695458
v -0.08592662 -0.03064929 0.59725243
v -0.08547523 -0.03037460 0.59743732
v -0.08271506 -0.03592855 0.59500003
v -0.08518202 -0.03390652 0.59500003
v -0.08165947 -0.03429647 0.59743732
v -0.08194643 -0.03474016 0.59725243
v -0.08220387 -0.03513819 0.59695458
v -0.08241884 -0.03547058 0.59655875
v -0.08258060 -0.03572067 0.59608471
v -0.08268102 -0.03587592 0.59555632
v -0.08378889 -0.03255109 0.59743732
v -0.08416762 -0.03291957 0.59725243
v -0.08450737 -0.03325012 0.59695458
v -0.08479109 -0.03352617 0.59655875
v -0.08500457 -0.03373387 0.59608471
v -0.08513709 -0.03386281 0.59555632
v -0.08713564 -0.03138503 0.59500003
v -0.08708210 -0.03135245 0.59555632
v -0.08692415 -0.03125633 0.59608471
v -0.08666971 -0.03110149 0.59655875
v -0.08633155 -0.03089571 0.59695458
v -0.08592662 -0.03064929 0.59725243
v -0.08547523 -0.03037460 0.59743732
v -0.08500000 -0.03008540 0.59750003
v -0.08555631 -0.03008540 0.59743732
v -0.08608471 -0.03008540 0.59725243
v -0.08655872 -0.03008540 0.59695458
v -0.08695458 -0.03008540 0.59655875
v -0.08725242 -0.03008540 0.59608471
v -0.08743732 -0.03008540 0.59555632
v -0.08750000 -0.03008540 0.59500003
v -0.08750000 -0.03008540 0.59500003
v -0.08733580 -0.03097649 0.59500003
v -0.08745861 -0.03053845 0.59500003
v -0.08737764 -0.03020626 0.59576303
v -0.08737764 -0.03043613 0.59568834
v -0.08737764 -0.03063167 0.59554625
v -0.08702254 -0.03053949 0.59639752
v -0.08737764 -0.03077374 0.59535074
v -0.08702254 -0.03094913 0.59618884
v -0.08646946 -0.03040180 0.59699762
v -0.08737764 -0.03084843 0.59512085
v -0.02400000 -0.08500000 0.59750003
v -0.02400000 -0.08555631 0.59743732
v -0.02400000 -0.08608471 0.59725243
v -0.02400000 -0.08655872 0.59695458
v -0.02400000 -0.08695458 0.59655875
v -0.02400000 -0.08725242 0.59608471
v -0.02400000 -0.08743732 0.59555632
v -0.02400000 -0.08750000 0.59500003
v -0.03008540 -0.08500000 0.59750003
v -0.03008540 -0.08750000 0.59500003
v -0.03008540 -0.08743732 0.59555632
v -0.03008540 -0.08725242 0.59608471
v -0.03008540 -0.08695458 0.59655875
v -0.03008540 -0.08655872 0.59695458
v -0.03008540 -0.08608471 0.59725243
v -0.03008540 -0.08555631 0.59743732
v -0.03138503 -0.08713564 0.59500003
v -0.03097649 -0.08733580 0.59500003
v -0.03053845 -0.08745861 0.59500003
v -0.03008540 -0.08750000 0.59500003
v -0.03008540 -0.08743732 0.59555632
v -0.03008540 -0.08725242 0.59608471
v -0.03008540 -0.08695458 0.59655875
v -0.03008540 -0.08655872 0.59695458
v -0.03008540 -0.08608471 0.59725243
v -0.03008540 -0.08555631 0.59743732
v -0.03008540 -0.08500000 0.59750003
v -0.03135245 -0.08708210 0.59555632
v -0.03125633 -0.08692415 0.59608471
v -0.03110149 -0.08666971 0.59655875
v -0.03089571 -0.08633155 0.59695458
v -0.03064929 -0.08592662 0.59725243
v -0.03037460 -0.08547523 0.59743732
v -0.03076027 -0.08670214 0.59670216
v -0.03076027 -0.08714482 0.59609282
v -0.03076027 -0.08737755 0.59537655
v -0.03138503 -0.08713564 0.59500003
v -0.03135245 -0.08708210 0.59555632
v -0.03125633 -0.08692415 0.59608471
v -0.03110149 -0.08666971 0.59655875
v -0.03089571 -0.08633155 0.59695458
v -0.03064929 -0.08592662 0.59725243
v -0.03037460 -0.08547523 0.59743732
v -0.03008540 -0.08500000 0.59750003
v -0.03500000 -0.07900401 0.59750003
v -0.03382936 -0.08135735 0.59750003
v -0.03216315 -0.08339018 0.59750003
v -0.03734921 -0.07985913 0.59500003
v -0.03729031 -0.07983769 0.59555632
v -0.03711656 -0.07977445 0.59608471
v -0.03683668 -0.07967257 0.59655875
v -0.03646471 -0.07953717 0.59695458
v -0.03601928 -0.07937504 0.59725243
v -0.03552275 -0.07919429 0.59743732
v -0.03390652 -0.08518202 0.59500003
v -0.03592855 -0.08271506 0.59500003
v -0.03255109 -0.08378889 0.59743732
v -0.03291957 -0.08416762 0.59725243
v -0.03325012 -0.08450737 0.59695458
v -0.03352617 -0.08479109 0.59655875
v -0.03373387 -0.08500457 0.59608471
v -0.03386281 -0.08513709 0.59555632
v -0.03429647 -0.08165947 0.59743732
v -0.03474016 -0.08194643 0.59725243
v -0.03513819 -0.08220387 0.59695458
v -0.03547058 -0.08241884 0.59655875
v -0.03572067 -0.08258060 0.59608471
v -0.03587592 -0.08268102 0.59555632
v -0.03750000 -0.07900401 0.59500003
v -0.03750000 -0.07900401 0.59500003
v -0.03748309 -0.07929427 0.59500003
v -0.03743260 -0.07958060 0.59500003
v -0.03734921 -0.07985913 0.59500003
v -0.03729031 -0.07983769 0.59555632
v -0.03711656 -0.07977445 0.59608471
v -0.03683668 -0.07967257 0.59655875
v -0.03646471 -0.07953717 0.59695458
v -0.03601928 -0.07937504 0.59725243
v -0.03552275 -0.07919429 0.59743732
v -0.03500000 -0.07900401 0.59750003
v -0.03743732 -0.07900401 0.59555632
v -0.03725242 -0.07900401 0.59608471
v -0.03695458 -0.07900401 0.59655875
v -0.03655872 -0.07900401 0.59695458
v -0.03608471 -0.07900401 0.59725243
v -0.03555630 -0.07900401 0.59743732
v -0.03737764 -0.07912487 0.59576303
v -0.03737764 -0.07935474 0.59568834
v -0.03737764 -0.07955029 0.59554625
v -0.03702254 -0.07945810 0.59639752
v -0.03737764 -0.07969236 0.59535074
v -0.03646946 -0.07932041 0.59699762
v -0.03737764 -0.07976705 0.59512085
v -0.02400000 -0.06000000 0.59249997
v -0.02400000 -0.06055630 0.59256268
v -0.02400000 -0.06108471 0.59274757
v -0.02400000 -0.06155872 0.59304541
v -0.02400000 -0.06195458 0.59344125
v -0.02400000 -0.06225242 0.59391528
v -0.02400000 -0.06243732 0.59444368
v -0.02400000 -0.06250000 0.59500003
v -0.03750000 -0.06250000 0.59500003
v -0.03750000 -0.06243732 0.59444368
v -0.03750000 -0.06225242 0.59391528
v -0.03750000 -0.06195458 0.59344125
v -0.03750000 -0.06155872 0.59304541
v -0.03750000 -0.06108471 0.59274757
v -0.03750000 -0.06055630 0.59256268
v -0.03750000 -0.06000000 0.59249997
v -0.03750000 -0.07900401 0.59500003
v -0.03743732 -0.07900401 0.59555632
v -0.03725242 -0.07900401 0.59608471
v -0.03695458 -0.07900401 0.59655875
v -0.03655872 -0.07900401 0.59695458
v -0.03608471 -0.07900401 0.59725243
v -0.03555630 -0.07900401 0.59743732
v -0.03500000 -0.07900401 0.59750003
v -0.03500000 -0.06500000 0.59750003
v -0.03750000 -0.06250000 0.59500003
v -0.03746321 -0.06253679 0.59542733
v -0.03735393 -0.06264608 0.59584206
v -0.03717536 -0.06282464 0.59623200
v -0.03693277 -0.06306723 0.59658569
v -0.03663331 -0.06336670 0.59689271
v -0.03628576 -0.06371424 0.59714401
v -0.03576544 -0.06423455 0.59737992
v -0.03538740 -0.06461260 0.59746981
v -0.02400000 -0.06250000 0.59500003
v -0.02400000 -0.06256268 0.59555632
v -0.02400000 -0.06274758 0.59608471
v -0.02400000 -0.06304542 0.59655875
v -0.02400000 -0.06344128 0.59695458
v -0.02400000 -0.06391529 0.59725243
v -0.02400000 -0.06444370 0.59743732
v -0.02400000 -0.06500000 0.59750003
v -0.03750000 -0.06250000 0.59500003
v -0.03746321 -0.06253679 0.59542733
v -0.03735393 -0.06264608 0.59584206
v -0.03717536 -0.06282464 0.59623200
v -0.03693277 -0.06306723 0.59658569
v -0.03663331 -0.06336670 0.59689271
v -0.03628576 -0.06371424 0.59714401
v -0.03576544 -0.06423455 0.59737992
v -0.03538740 -0.06461260 0.59746981
v -0.03500000 -0.06500000 0.59750003
v 0.02400000 -0.08750000 0.59500003
v 0.02400000 -0.08743732 0.59555632
v 0.02400000 -0.08725242 0.59608471
v 0.02400000 -0.08695458 0.59655875
v 0.02400000 -0.08655872 0.59695458
v 0.02400000 -0.08608471 0.59725243
v 0.02400000 -0.08555631 0.59743732
v 0.02400000 -0.08500000 0.59750003
v 0.03008540 -0.08750000 0.59500003
v 0.03008540 -0.08500000 0.59750003
v 0.03008540 -0.08555631 0.59743732
v 0.03008540 -0.08608471 0.59725243
v 0.03008540 -0.08655872 0.59695458
v 0.03008540 -0.08695458 0.59655875
v 0.03008540 -0.08725242 0.59608471
v 0.03008540 -0.08743732 0.59555632
v 0.03008540 -0.08500000 0.59750003
v 0.03008540 -0.08555631 0.59743732
v 0.03008540 -0.08608471 0.59725243
v 0.03008540 -0.08655872 0.59695458
v 0.03008540 -0.08695458 0.59655875
v 0.03008540 -0.08725242 0.59608471
v 0.03008540 -0.08743732 0.59555632
v 0.03008540 -0.08750000 0.59500003
v 0.03008540 -0.08750000 0.59500003
v 0.03053845 -0.08745861 0.59500003
v 0.03097649 -0.08733580 0.59500003
v 0.03138503 -0.08713564 0.59500003
v 0.03037460 -0.08547523 0.59743732
v 0.03064929 -0.08592662 0.59725243
v 0.03089571 -0.08633155 0.59695458
v 0.03110149 -0.08666971 0.59655875
v 0.03125633 -0.08692415 0.59608471
v 0.03135245 -0.08708210 0.59555632
v 0.03045735 -0.08577254 0.59734839
v 0.03071040 -0.08646946 0.59692353
v 0.03112447 -0.08702254 0.59603906
v 0.03082014 -0.08737764 0.59523875
v 0.03075253 -0.08702254 0.59630930
v 0.03071040 -0.08737764 0.59545410
v 0.03031528 -0.08702254 0.59645134
v 0.03053949 -0.08737764 0.59562498
v 0.03032413 -0.08737764 0.59573472
v 0.03008540 -0.08500000 0.59750003
v 0.03037460 -0.08547523 0.59743732
v 0.03064929 -0.08592662 0.59725243
v 0.03089571 -0.08633155 0.59695458
v 0.03110149 -0.08666971 0.59655875
v 0.03125633 -0.08692415 0.59608471
v 0.03135245 -0.08708210 0.59555632
v 0.03138503 -0.08713564 0.59500003
v 0.03734921 -0.07985913 0.59500003
v 0.03592855 -0.08271506 0.59500003
v 0.03390652 -0.08518202 0.59500003
v 0.03500000 -0.07900401 0.59750003
v 0.03552275 -0.07919429 0.59743732
v 0.03601928 -0.07937504 0.59725243
v 0.03646471 -0.07953717 0.59695458
v 0.03683668 -0.07967257 0.59655875
v 0.03711656 -0.07977445 0.59608471
v 0.03729031 -0.07983769 0.59555632
v 0.03216315 -0.08339018 0.59750003
v 0.03382936 -0.08135735 0.59750003
v 0.03429647 -0.08165947 0.59743732
v 0.03474016 -0.08194643 0.59725243
v 0.03513819 -0.08220387 0.59695458
v 0.03547058 -0.08241884 0.59655875
v 0.03572067 -0.08258060 0.59608471
v 0.03587592 -0.08268102 0.59555632
v 0.03255109 -0.08378889 0.59743732
v 0.03291957 -0.08416762 0.59725243
v 0.03325012 -0.08450737 0.59695458
v 0.03352617 -0.08479109 0.59655875
v 0.03373387 -0.08500457 0.59608471
v 0.03386281 -0.08513709 0.59555632
v 0.03500000 -0.07900401 0.59750003
v 0.03552275 -0.07919429 0.59743732
v 0.03601928 -0.07937504 0.59725243
v 0.03646471 -0.07953717 0.59695458
v 0.03683668 -0.07967257 0.59655875
v 0.03711656 -0.07977445 0.59608471
v 0.03729031 -0.07983769 0.59555632
v 0.03734921 -0.07985913 0.59500003
v 0.03743260 -0.07958060 0.59500003
v 0.03748309 -0.07929427 0.59500003
v 0.03750000 -0.07900401 0.59500003
v 0.03750000 -0.07900401 0.59500003
v 0.03555630 -0.07900401 0.59743732
v 0.03608471 -0.07900401 0.59725243
v 0.03655872 -0.07900401 0.59695458
v 0.03695458 -0.07900401 0.59655875
v 0.03725242 -0.07900401 0.59608471
v 0.03743732 -0.07900401 0.59555632
v 0.03702254 -0.07923389 0.59645134
v 0.03737764 -0.07924274 0.59573472
v 0.03737764 -0.07945810 0.59562498
v 0.03737764 -0.07962901 0.59545410
v 0.03737764 -0.07973874 0.59523875
v 0.03750000 -0.06000000 0.59249997
v 0.03750000 -0.06055630 0.59256268
v 0.03750000 -0.06108471 0.59274757
v 0.03750000 -0.06155872 0.59304541
v 0.03750000 -0.06195458 0.59344125
v 0.03750000 -0.06225242 0.59391528
v 0.03750000 -0.06243732 0.59444368
v 0.03750000 -0.06250000 0.59500003
v 0.02400000 -0.06250000 0.59500003
v 0.02400000 -0.06243732 0.59444368
v 0.02400000 -0.06225242 0.59391528
v 0.02400000 -0.06195458 0.59344125
v 0.02400000 -0.06155872 0.59304541
v 0.02400000 -0.06108471 0.59274757
v 0.02400000 -0.06055630 0.59256268
v 0.02400000 -0.06000000 0.59249997
v 0.03500000 -0.07900401 0.59750003
v 0.03555630 -0.07900401 0.59743732
v 0.03608471 -0.07900401 0.59725243
v 0.03655872 -0.07900401 0.59695458
v 0.03695458 -0.07900401 0.59655875
v 0.03725242 -0.07900401 0.59608471
v 0.03743732 -0.07900401 0.59555632
v 0.03750000 -0.07900401 0.59500003
v 0.03750000 -0.06250000 0.59500003
v 0.03500000 -0.06500000 0.59750003
v 0.03564705 -0.06435295 0.59741479
v 0.03625000 -0.06375000 0.59716505
v 0.03676777 -0.06323224 0.59676778
v 0.03713160 -0.06286840 0.59630626
v 0.03734069 -0.06265932 0.59587818
v 0.03745634 -0.06254366 0.59546518
v 0.03748906 -0.06251094 0.59523362
v 0.03500000 -0.06500000 0.59750003
v 0.03564705 -0.06435295 0.59741479
v 0.03625000 -0.06375000 0.59716505
v 0.03676777 -0.06323224 0.59676778
v 0.03713160 -0.06286840 0.59630626
v 0.03734069 -0.06265932 0.59587818
v 0.03745634 -0.06254366 0.59546518
v 0.03748906 -0.06251094 0.59523362
v 0.03750000 -0.06250000 0.59500003
v 0.02400000 -0.06250000 0.59500003
v 0.02400000 -0.06500000 0.59750003
v 0.02400000 -0.06444370 0.59743732
v 0.02400000 -0.06391529 0.59725243
v 0.02400000 -0.06344128 0.59695458
v 0.02400000 -0.06304542 0.59655875
v 0.02400000 -0.06274758 0.59608471
v 0.02400000 -0.06256268 0.59555632
v 0.06000000 -0.02400000 0.59249997
v 0.06055630 -0.02400000 0.59256268
v 0.06108471 -0.02400000 0.59274757
v 0.06155872 -0.02400000 0.59304541
v 0.06195458 -0.02400000 0.59344125
v 0.06225242 -0.02400000 0.59391528
v 0.06243732 -0.02400000 0.59444368
v 0.06250000 -0.02400000 0.59500003
v 0.06250000 -0.03750000 0.59500003
v 0.06243732 -0.03750000 0.59444368
v 0.06225242 -0.03750000 0.59391528
v 0.06195458 -0.03750000 0.59344125
v 0.06155872 -0.03750000 0.59304541
v 0.06108471 -0.03750000 0.59274757
v 0.06055630 -0.03750000 0.59256268
v 0.06000000 -0.03750000 0.59249997
v 0.08500000 -0.02400000 0.59750003
v 0.08555631 -0.02400000 0.59743732
v 0.08608471 -0.02400000 0.59725243
v 0.08655872 -0.02400000 0.59695458
v 0.08695458 -0.02400000 0.59655875
v 0.08725242 -0.02400000 0.59608471
v 0.08743732 -0.02400000 0.59555632
v 0.08750000 -0.02400000 0.59500003
v 0.08500000 -0.03008540 0.59750003
v 0.08750000 -0.03008540 0.59500003
v 0.08743732 -0.03008540 0.59555632
v 0.08725242 -0.03008540 0.59608471
v 0.08695458 -0.03008540 0.59655875
v 0.08655872 -0.03008540 0.59695458
v 0.08608471 -0.03008540 0.59725243
v 0.08555631 -0.03008540 0.59743732
v 0.06250000 -0.02400000 0.59500003
v 0.06256268 -0.02400000 0.59555632
v 0.06274758 -0.02400000 0.59608471
v 0.06304542 -0.02400000 0.59655875
v 0.06344128 -0.02400000 0.59695458
v 0.06391529 -0.02400000 0.59725243
v 0.06444370 -0.02400000 0.59743732
v 0.06500000 -0.02400000 0.59750003
v 0.06250000 -0.03750000 0.59500003
v 0.06500000 -0.03500000 0.59750003
v 0.06435295 -0.03564705 0.59741479
v 0.06375000 -0.03625000 0.59716505
v 0.06323224 -0.03676777 0.59676778
v 0.06286840 -0.03713160 0.59630626
v 0.06265932 -0.03734069 0.59587818
v 0.06254366 -0.03745634 0.59546518
v 0.06251094 -0.03748906 0.59523362
v 0.08713564 -0.03138503 0.59500003
v 0.08733580 -0.03097649 0.59500003
v 0.08745861 -0.03053845 0.59500003
v 0.08750000 -0.03008540 0.59500003
v 0.08750000 -0.03008540 0.59500003
v 0.08743732 -0.03008540 0.59555632
v 0.08725242 -0.03008540 0.59608471
v 0.08695458 -0.03008540 0.59655875
v 0.08655872 -0.03008540 0.59695458
v 0.08608471 -0.03008540 0.59725243
v 0.08555631 -0.03008540 0.59743732
v 0.08500000 -0.03008540 0.59750003
v 0.08708210 -0.03135245 0.59555632
v 0.08692415 -0.03125633 0.59608471
v 0.08666971 -0.03110149 0.59655875
v 0.08633155 -0.03089571 0.59695458
v 0.08592662 -0.03064929 0.59725243
v 0.08547523 -0.03037460 0.59743732
v 0.08577254 -0.03045735 0.59734839
v 0.08646946 -0.03071040 0.59692353
v 0.08702254 -0.03031528 0.59645134
v 0.08702254 -0.03075253 0.59630930
v 0.08702254 -0.03112447 0.59603906
v 0.08737764 -0.03032413 0.59573472
v 0.08737764 -0.03053949 0.59562498
v 0.08737764 -0.03071040 0.59545410
v 0.08737764 -0.03082014 0.59523875
v 0.06500000 -0.03500000 0.59750003
v 0.06435295 -0.03564705 0.59741479
v 0.06375000 -0.03625000 0.59716505
v 0.06323224 -0.03676777 0.59676778
v 0.06286840 -0.03713160 0.59630626
v 0.06265932 -0.03734069 0.59587818
v 0.06254366 -0.03745634 0.59546518
v 0.06251094 -0.03748906 0.59523362
v 0.06250000 -0.03750000 0.59500003
v 0.07900401 -0.03750000 0.59500003
v 0.07900401 -0.03500000 0.59750003
v 0.07900401 -0.03555630 0.59743732
v 0.07900401 -0.03608471 0.59725243
v 0.07900401 -0.03655872 0.59695458
v 0.07900401 -0.03695458 0.59655875
v 0.07900401 -0.03725242 0.59608471
v 0.07900401 -0.03743732 0.59555632
v 0.08713564 -0.03138503 0.59500003
v 0.08708210 -0.03135245 0.59555632
v 0.08692415 -0.03125633 0.59608471
v 0.08666971 -0.03110149 0.59655875
v 0.08633155 -0.03089571 0.59695458
v 0.08592662 -0.03064929 0.59725243
v 0.08547523 -0.03037460 0.59743732
v 0.08500000 -0.03008540 0.59750003
v 0.07900401 -0.03500000 0.59750003
v 0.08135735 -0.03382936 0.59750003
v 0.08339018 -0.03216315 0.59750003
v 0.07985913 -0.03734921 0.59500003
v 0.07983769 -0.03729031 0.59555632
v 0.07977445 -0.03711656 0.59608471
v 0.07967257 -0.03683668 0.59655875
v 0.07953717 -0.03646471 0.59695458
v 0.07937504 -0.03601928 0.59725243
v 0.07919429 -0.03552275 0.59743732
v 0.08518202 -0.03390652 0.59500003
v 0.08271506 -0.03592855 0.59500003
v 0.08378889 -0.03255109 0.59743732
v 0.08416762 -0.03291957 0.59725243
v 0.08450737 -0.03325012 0.59695458
v 0.08479109 -0.03352617 0.59655875
v 0.08500457 -0.03373387 0.59608471
v 0.08513709 -0.03386281 0.59555632
v 0.08165947 -0.03429647 0.59743732
v 0.08194643 -0.03474016 0.59725243
v 0.08220387 -0.03513819 0.59695458
v 0.08241884 -0.03547058 0.59655875
v 0.08258060 -0.03572067 0.59608471
v 0.08268102 -0.03587592 0.59555632
v 0.07985913 -0.03734921 0.59500003
v 0.07983769 -0.03729031 0.59555632
v 0.07977445 -0.03711656 0.59608471
v 0.07967257 -0.03683668 0.59655875
v 0.07953717 -0.03646471 0.59695458
v 0.07937504 -0.03601928 0.59725243
v 0.07919429 -0.03552275 0.59743732
v 0.07900401 -0.03500000 0.59750003
v 0.07900401 -0.03555630 0.59743732
v 0.07900401 -0.03608471 0.59725243
v 0.07900401 -0.03655872 0.59695458
v 0.07900401 -0.03695458 0.59655875
v 0.07900401 -0.03725242 0.59608471
v 0.07900401 -0.03743732 0.59555632
v 0.07900401 -0.03750000 0.59500003
v 0.07900401 -0.03750000 0.59500003
v 0.07958060 -0.03743260 0.59500003
v 0.07929427 -0.03748309 0.59500003
v 0.07973874 -0.03737764 0.59523875
v 0.07962901 -0.03737764 0.59545410
v 0.07923389 -0.03702254 0.59645134
v 0.07945810 -0.03737764 0.59562498
v 0.07924274 -0.03737764 0.59573472
v 0.08750000 0.02400000 0.59500003
v 0.08743732 0.02400000 0.59555632
v 0.08725242 0.02400000 0.59608471
v 0.08695458 0.02400000 0.59655875
v 0.08655872 0.02400000 0.59695458
v 0.08608471 0.02400000 0.59725243
v 0.08555631 0.02400000 0.59743732
v 0.08500000 0.02400000 0.59750003
v 0.08750000 0.03008540 0.59500003
v 0.08500000 0.03008540 0.59750003
v 0.08555631 0.03008540 0.59743732
v 0.08608471 0.03008540 0.59725243
v 0.08655872 0.03008540 0.59695458
v 0.08695458 0.03008540 0.59655875
v 0.08725242 0.03008540 0.59608471
v 0.08743732 0.03008540 0.59555632
v 0.08500000 0.03008540 0.59750003
v 0.08555631 0.03008540 0.59743732
v 0.08608471 0.03008540 0.59725243
v 0.08655872 0.03008540 0.59695458
v 0.08695458 0.03008540 0.59655875
v 0.08725242 0.03008540 0.59608471
v 0.08743732 0.03008540 0.59555632
v 0.08750000 0.03008540 0.59500003
v 0.08750000 0.03008540 0.59500003
v 0.08745861 0.03053845 0.59500003
v 0.08733580 0.03097649 0.59500003
v 0.08713564 0.03138503 0.59500003
v 0.08547523 0.03037460 0.59743732
v 0.08592662 0.03064929 0.59725243
v 0.08633155 0.03089571 0.59695458
v 0.08666971 0.03110149 0.59655875
v 0.08692415 0.03125633 0.59608471
v 0.08708210 0.03135245 0.59555632
v 0.08577254 0.03045735 0.59734839
v 0.08646946 0.03071040 0.59692353
v 0.08702254 0.03112447 0.59603906
v 0.08737764 0.03082014 0.59523875
v 0.08702254 0.03075253 0.59630930
v 0.08737764 0.03071040 0.59545410
v 0.08702254 0.03031528 0.59645134
v 0.08737764 0.03053949 0.59562498
v 0.08737764 0.03032413 0.59573472
v 0.08500000 0.03008540 0.59750003
v 0.08547523 0.03037460 0.59743732
v 0.08592662 0.03064929 0.59725243
v 0.08633155 0.03089571 0.59695458
v 0.08666971 0.03110149 0.59655875
v 0.08692415 0.03125633 0.59608471
v 0.08708210 0.03135245 0.59555632
v 0.08713564 0.03138503 0.59500003
v 0.07985913 0.03734921 0.59500003
v 0.08271506 0.03592855 0.59500003
v 0.08518202 0.03390652 0.59500003
v 0.07900401 0.03500000 0.59750003
v 0.07919429 0.03552275 0.59743732
v 0.07937504 0.03601928 0.59725243
v 0.07953717 0.03646471 0.59695458
v 0.07967257 0.03683668 0.59655875
v 0.07977445 0.03711656 0.59608471
v 0.07983769 0.03729031 0.59555632
v 0.08339018 0.03216315 0.59750003
v 0.08135735 0.03382936 0.59750003
v 0.08165947 0.03429647 0.59743732
v 0.08194643 0.03474016 0.59725243
v 0.08220387 0.03513819 0.59695458
v 0.08241884 0.03547058 0.59655875
v 0.08258060 0.03572067 0.59608471
v 0.08268102 0.03587592 0.59555632
v 0.08378889 0.03255109 0.59743732
v 0.08416762 0.03291957 0.59725243
v 0.08450737 0.03325012 0.59695458
v 0.08479109 0.03352617 0.59655875
v 0.08500457 0.03373387 0.59608471
v 0.08513709 0.03386281 0.59555632
v 0.07900401 0.03500000 0.59750003
v 0.07919429 0.03552275 0.59743732
v 0.07937504 0.03601928 0.59725243
v 0.07953717 0.03646471 0.59695458
v 0.07967257 0.03683668 0.59655875
v 0.07977445 0.03711656 0.59608471
v 0.07983769 0.03729031 0.59555632
v 0.07985913 0.03734921 0.59500003
v 0.07958060 0.03743260 0.59500003
v 0.07929427 0.03748309 0.59500003
v 0.07900401 0.03750000 0.59500003
v 0.07900401 0.03750000 0.59500003
v 0.07900401 0.03555630 0.59743732
v 0.07900401 0.03608471 0.59725243
v 0.07900401 0.03655872 0.59695458
v 0.07900401 0.03695458 0.59655875
v 0.07900401 0.03725242 0.59608471
v 0.07900401 0.03743732 0.59555632
v 0.07976705 0.03737764 0.59512085
v 0.07969236 0.03737764 0.59535074
v 0.07955029 0.03737764 0.59554625
v 0.07935474 0.03737764 0.59568834
v 0.07912487 0.03737764 0.59576303
v 0.07945810 0.03702254 0.59639752
v 0.07932041 0.03646946 0.59699762
v 0.06000000 0.03750000 0.59249997
v 0.06055630 0.03750000 0.59256268
v 0.06108471 0.03750000 0.59274757
v 0.06155872 0.03750000 0.59304541
v 0.06195458 0.03750000 0.59344125
v 0.06225242 0.03750000 0.59391528
v 0.06243732 0.03750000 0.59444368
v 0.06250000 0.03750000 0.59500003
v 0.06250000 0.02400000 0.59500003
v 0.06243732 0.02400000 0.59444368
v 0.06225242 0.02400000 0.59391528
v 0.06195458 0.02400000 0.59344125
v 0.06155872 0.02400000 0.59304541
v 0.06108471 0.02400000 0.59274757
v 0.06055630 0.02400000 0.59256268
v 0.06000000 0.02400000 0.59249997
v 0.07900401 0.03500000 0.59750003
v 0.07900401 0.03555630 0.59743732
v 0.07900401 0.03608471 0.59725243
v 0.07900401 0.03655872 0.59695458
v 0.07900401 0.03695458 0.59655875
v 0.07900401 0.03725242 0.59608471
v 0.07900401 0.03743732 0.59555632
v 0.07900401 0.03750000 0.59500003
v 0.06250000 0.03750000 0.59500003
v 0.06500000 0.03500000 0.59750003
v 0.06435295 0.03564705 0.59741479
v 0.06375000 0.03625000 0.59716505
v 0.06323224 0.03676777 0.59676778
v 0.06286840 0.03713160 0.59630626
v 0.06265932 0.03734069 0.59587818
v 0.06254366 0.03745634 0.59546518
v 0.06251094 0.03748906 0.59523362
v 0.06500000 0.03500000 0.59750003
v 0.06435295 0.03564705 0.59741479
v 0.06375000 0.03625000 0.59716505
v 0.06323224 0.03676777 0.59676778
v 0.06286840 0.03713160 0.59630626
v 0.06265932 0.03734069 0.59587818
v 0.06254366 0.03745634 0.59546518
v 0.06251094 0.03748906 0.59523362
v 0.06250000 0.03750000 0.59500003
v 0.06250000 0.02400000 0.59500003
v 0.06500000 0.02400000 0.59750003
v 0.06444370 0.02400000 0.59743732
v 0.06391529 0.02400000 0.59725243
v 0.06344128 0.02400000 0.59695458
v 0.06304542 0.02400000 0.59655875
v 0.06274758 0.02400000 0.59608471
v 0.06256268 0.02400000 0.59555632
v -0.02400000 0.08750000 0.59500003
v -0.02400000 0.08743732 0.59555632
v -0.02400000 0.08725242 0.59608471
v -0.02400000 0.08695458 0.59655875
v -0.02400000 0.08655872 0.59695458
v -0.02400000 0.08608471 0.59725243
v -0.02400000 0.08555631 0.59743732
v -0.02400000 0.08500000 0.59750003
v -0.03008540 0.08750000 0.59500003
v -0.03008540 0.08500000 0.59750003
v -0.03008540 0.08555631 0.59743732
v -0.03008540 0.08608471 0.59725243
v -0.03008540 0.08655872 0.59695458
v -0.03008540 0.08695458 0.59655875
v -0.03008540 0.08725242 0.59608471
v -0.03008540 0.08743732 0.59555632
v -0.03008540 0.08500000 0.59750003
v -0.03008540 0.08555631 0.59743732
v -0.03008540 0.08608471 0.59725243
v -0.03008540 0.08655872 0.59695458
v -0.03008540 0.08695458 0.59655875
v -0.03008540 0.08725242 0.59608471
v -0.03008540 0.08743732 0.59555632
v -0.03008540 0.08750000 0.59500003
v -0.03053845 0.08745861 0.59500003
v -0.03097649 0.08733580 0.59500003
v -0.03138503 0.08713564 0.59500003
v -0.03037460 0.08547523 0.59743732
v -0.03064929 0.08592662 0.59725243
v -0.03089571 0.08633155 0.59695458
v -0.03110149 0.08666971 0.59655875
v -0.03125633 0.08692415 0.59608471
v -0.03135245 0.08708210 0.59555632
v -0.03076027 0.08737755 0.59537655
v -0.03076027 0.08714482 0.59609282
v -0.03076027 0.08670214 0.59670216
v -0.03008540 0.08500000 0.59750003
v -0.03037460 0.08547523 0.59743732
v -0.03064929 0.08592662 0.59725243
v -0.03089571 0.08633155 0.59695458
v -0.03110149 0.08666971 0.59655875
v -0.03125633 0.08692415 0.59608471
v -0.03135245 0.08708210 0.59555632
v -0.03138503 0.08713564 0.59500003
v -0.03734921 0.07985913 0.59500003
v -0.03592855 0.08271506 0.59500003
v -0.03390652 0.08518202 0.59500003
v -0.03500000 0.07900401 0.59750003
v -0.03552275 0.07919429 0.59743732
v -0.03601928 0.07937504 0.59725243
v -0.03646471 0.07953717 0.59695458
v -0.03683668 0.07967257 0.59655875
v -0.03711656 0.07977445 0.59608471
v -0.03729031 0.07983769 0.59555632
v -0.03216315 0.08339018 0.59750003
v -0.03382936 0.08135735 0.59750003
v -0.03429647 0.08165947 0.59743732
v -0.03474016 0.08194643 0.59725243
v -0.03513819 0.08220387 0.59695458
v -0.03547058 0.08241884 0.59655875
v -0.03572067 0.08258060 0.59608471
v -0.03587592 0.08268102 0.59555632
v -0.03255109 0.08378889 0.59743732
v -0.03291957 0.08416762 0.59725243
v -0.03325012 0.08450737 0.59695458
v -0.03352617 0.08479109 0.59655875
v -0.03373387 0.08500457 0.59608471
v -0.03386281 0.08513709 0.59555632
v -0.03500000 0.07900401 0.59750003
v -0.03552275 0.07919429 0.59743732
v -0.03601928 0.07937504 0.59725243
v -0.03646471 0.07953717 0.59695458
v -0.03683668 0.07967257 0.59655875
v -0.03711656 0.07977445 0.59608471
v -0.03729031 0.07983769 0.59555632
v -0.03734921 0.07985913 0.59500003
v -0.03743260 0.07958060 0.59500003
v -0.03748309 0.07929427 0.59500003
v -0.03750000 0.07900401 0.59500003
v -0.03750000 0.07900401 0.59500003
v -0.03555630 0.07900401 0.59743732
v -0.03608471 0.07900401 0.59725243
v -0.03655872 0.07900401 0.59695458
v -0.03695458 0.07900401 0.59655875
v -0.03725242 0.07900401 0.59608471
v -0.03743732 0.07900401 0.59555632
v -0.03737764 0.07976705 0.59512085
v -0.03737764 0.07969236 0.59535074
v -0.03737764 0.07955029 0.59554625
v -0.03737764 0.07935474 0.59568834
v -0.03737764 0.07912487 0.59576303
v -0.03702254 0.07945810 0.59639752
v -0.03646946 0.07932041 0.59699762
v -0.03500000 0.06500000 0.59750003
v -0.03564705 0.06435295 0.59741479
v -0.03625000 0.06375000 0.59716505
v -0.03676777 0.06323224 0.59676778
v -0.03713160 0.06286840 0.59630626
v -0.03734069 0.06265932 0.59587818
v -0.03745634 0.06254366 0.59546518
v -0.03748906 0.06251094 0.59523362
v -0.03750000 0.06250000 0.59500003
v -0.03500000 0.07900401 0.59750003
v -0.03555630 0.07900401 0.59743732
v -0.03608471 0.07900401 0.59725243
v -0.03655872 0.07900401 0.59695458
v -0.03695458 0.07900401 0.59655875
v -0.03725242 0.07900401 0.59608471
v -0.03743732 0.07900401 0.59555632
v -0.03750000 0.07900401 0.59500003
v -0.02400000 0.06250000 0.59500003
v -0.03750000 0.06250000 0.59500003
v -0.02400000 0.06500000 0.59750003
v -0.02400000 0.06444370 0.59743732
v -0.02400000 0.06391529 0.59725243
v -0.02400000 0.06344128 0.59695458
v -0.02400000 0.06304542 0.59655875
v -0.02400000 0.06274758 0.59608471
v -0.02400000 0.06256268 0.59555632
v -0.03500000 0.06500000 0.59750003
v -0.03564705 0.06435295 0.59741479
v -0.03625000 0.06375000 0.59716505
v -0.03676777 0.06323224 0.59676778
v -0.03713160 0.06286840 0.59630626
v -0.03734069 0.06265932 0.59587818
v -0.03745634 0.06254366 0.59546518
v -0.03748906 0.06251094 0.59523362
v -0.02400000 0.06000000 0.59249997
v -0.03750000 0.06000000 0.59249997
v -0.03750000 0.06055630 0.59256268
v -0.03750000 0.06108471 0.59274757
v -0.03750000 0.06155872 0.59304541
v -0.03750000 0.06195458 0.59344125
v -0.03750000 0.06225242 0.59391528
v -0.03750000 0.06243732 0.59444368
v -0.03750000 0.06250000 0.59500003
v -0.02400000 0.06250000 0.59500003
v -0.02400000 0.06243732 0.59444368
v -0.02400000 0.06225242 0.59391528
v -0.02400000 0.06195458 0.59344125
v -0.02400000 0.06155872 0.59304541
v -0.02400000 0.06108471 0.59274757
v -0.02400000 0.06055630 0.59256268
v 0.02400000 0.08500000 0.59750003
v 0.02400000 0.08555631 0.59743732
v 0.02400000 0.08608471 0.59725243
v 0.02400000 0.08655872 0.59695458
v 0.02400000 0.08695458 0.59655875
v 0.02400000 0.08725242 0.59608471
v 0.02400000 0.08743732 0.59555632
v 0.02400000 0.08750000 0.59500003
v 0.03008540 0.08500000 0.59750003
v 0.03008540 0.08750000 0.59500003
v 0.03008540 0.08743732 0.59555632
v 0.03008540 0.08725242 0.59608471
v 0.03008540 0.08695458 0.59655875
v 0.03008540 0.08655872 0.59695458
v 0.03008540 0.08608471 0.59725243
v 0.03008540 0.08555631 0.59743732
v 0.03138503 0.08713564 0.59500003
v 0.03097649 0.08733580 0.59500003
v 0.03053845 0.08745861 0.59500003
v 0.03008540 0.08750000 0.59500003
v 0.03008540 0.08750000 0.59500003
v 0.03008540 0.08743732 0.59555632
v 0.03008540 0.08725242 0.59608471
v 0.03008540 0.08695458 0.59655875
v 0.03008540 0.08655872 0.59695458
v 0.03008540 0.08608471 0.59725243
v 0.03008540 0.08555631 0.59743732
v 0.03008540 0.08500000 0.59750003
v 0.03135245 0.08708210 0.59555632
v 0.03125633 0.08692415 0.59608471
v 0.03110149 0.08666971 0.59655875
v 0.03089571 0.08633155 0.59695458
v 0.03064929 0.08592662 0.59725243
v 0.03037460 0.08547523 0.59743732
v 0.03084843 0.08737764 0.59512085
v 0.03077374 0.08737764 0.59535074
v 0.03063167 0.08737764 0.59554625
v 0.03043613 0.08737764 0.59568834
v 0.03020626 0.08737764 0.59576303
v 0.03094913 0.08702254 0.59618884
v 0.03053949 0.08702254 0.59639752
v 0.03040180 0.08646946 0.59699762
v 0.03138503 0.08713564 0.59500003
v 0.03135245 0.08708210 0.59555632
v 0.03125633 0.08692415 0.59608471
v 0.03110149 0.08666971 0.59655875
v 0.03089571 0.08633155 0.59695458
v 0.03064929 0.08592662 0.59725243
v 0.03037460 0.08547523 0.59743732
v 0.03008540 0.08500000 0.59750003
v 0.03500000 0.07900401 0.59750003
v 0.03382936 0.08135735 0.59750003
v 0.03216315 0.08339018 0.59750003
v 0.03734921 0.07985913 0.59500003
v 0.03729031 0.07983769 0.59555632
v 0.03711656 0.07977445 0.59608471
v 0.03683668 0.07967257 0.59655875
v 0.03646471 0.07953717 0.59695458
v 0.03601928 0.07937504 0.59725243
v 0.03552275 0.07919429 0.59743732
v 0.03390652 0.08518202 0.59500003
v 0.03592855 0.08271506 0.59500003
v 0.03255109 0.08378889 0.59743732
v 0.03291957 0.08416762 0.59725243
v 0.03325012 0.08450737 0.59695458
v 0.03352617 0.08479109 0.59655875
v 0.03373387 0.08500457 0.59608471
v 0.03386281 0.08513709 0.59555632
v 0.03429647 0.08165947 0.59743732
v 0.03474016 0.08194643 0.59725243
v 0.03513819 0.08220387 0.59695458
v 0.03547058 0.08241884 0.59655875
v 0.03572067 0.08258060 0.59608471
v 0.03587592 0.08268102 0.59555632
v 0.03750000 0.07900401 0.59500003
v 0.03750000 0.07900401 0.59500003
v 0.03748309 0.07929427 0.59500003
v 0.03743260 0.07958060 0.59500003
v 0.03734921 0.07985913 0.59500003
v 0.03729031 0.07983769 0.59555632
v 0.03711656 0.07977445 0.59608471
v 0.03683668 0.07967257 0.59655875
v 0.03646471 0.07953717 0.59695458
v 0.03601928 0.07937504 0.59725243
v 0.03552275 0.07919429 0.59743732
v 0.03500000 0.07900401 0.59750003
v 0.03743732 0.07900401 0.59555632
v 0.03725242 0.07900401 0.59608471
v 0.03695458 0.07900401 0.59655875
v 0.03655872 0.07900401 0.59695458
v 0.03608471 0.07900401 0.59725243
v 0.03555630 0.07900401 0.59743732
v 0.03737764 0.07973874 0.59523875
v 0.03737764 0.07962901 0.59545410
v 0.03702254 0.07923389 0.59645134
v 0.03737764 0.07945810 0.59562498
v 0.03737764 0.07924274 0.59573472
v 0.03750000 0.06250000 0.59500003
v 0.03743732 0.06250000 0.59555632
v 0.03725242 0.06250000 0.59608471
v 0.03695458 0.06250000 0.59655875
v 0.03655872 0.06250000 0.59695458
v 0.03608471 0.06250000 0.59725243
v 0.03555630 0.06250000 0.59743732
v 0.03500000 0.06250000 0.59750003
v 0.03750000 0.07900401 0.59500003
v 0.03743732 0.07900401 0.59555632
v 0.03725242 0.07900401 0.59608471
v 0.03695458 0.07900401 0.59655875
v 0.03655872 0.07900401 0.59695458
v 0.03608471 0.07900401 0.59725243
v 0.03555630 0.07900401 0.59743732
v 0.03500000 0.07900401 0.59750003
v -0.03743525 -0.04062088 0.56900001
v -0.03743525 -0.04062088 0.56849998
v -0.03433127 -0.04062088 0.56849998
v -0.03471554 -0.04092732 0.56849998
v -0.03515835 -0.04114056 0.56849998
v -0.03563752 -0.04124993 0.56849998
v -0.03612901 -0.04124993 0.56849998
v -0.03660817 -0.04114056 0.56849998
v -0.03705099 -0.04092732 0.56849998
v -0.03433127 -0.04062088 0.56900001
v -0.03471554 -0.04092732 0.56900001
v -0.03515835 -0.04114056 0.56900001
v -0.03563752 -0.04124993 0.56900001
v -0.03612901 -0.04124993 0.56900001
v -0.03660817 -0.04114056 0.56900001
v -0.03705099 -0.04092732 0.56900001
v 0.03433127 -0.04062088 0.56900001
v 0.03433127 -0.04062088 0.56849998
v 0.03743525 -0.04062088 0.56849998
v 0.03705099 -0.04092732 0.56849998
v 0.03660817 -0.04114056 0.56849998
v 0.03612901 -0.04124993 0.56849998
v 0.03563752 -0.04124993 0.56849998
v 0.03515835 -0.04114056 0.56849998
v 0.03471554 -0.04092732 0.56849998
v 0.03743525 -0.04062088 0.56900001
v 0.03705099 -0.04092732 0.56900001
v 0.03660817 -0.04114056 0.56900001
v 0.03612901 -0.04124993 0.56900001
v 0.03563752 -0.04124993 0.56900001
v 0.03515835 -0.04114056 0.56900001
v 0.03471554 -0.04092732 0.56900001
v -0.07520000 0.02400000 0.57249999
v -0.07520000 0.03750000 0.57249999
v -0.07520000 0.02400000 0.57249999
v -0.07520000 0.03750000 0.57249999
v -0.07515060 0.03750000 0.57290685
v -0.07500528 0.03750000 0.57329005
v -0.07477247 0.03750000 0.57362729
v -0.07446571 0.03750000 0.57389909
v -0.07410283 0.03750000 0.57408953
v -0.07370491 0.03750000 0.57418758
v -0.07329509 0.03750000 0.57418758
v -0.07289717 0.03750000 0.57408953
v -0.07253429 0.03750000 0.57389909
v -0.07222753 0.03750000 0.57362729
v -0.07199472 0.03750000 0.57329005
v -0.07184940 0.03750000 0.57290685
v -0.07180000 0.03750000 0.57249999
v -0.07184940 0.03750000 0.57209319
v -0.07199472 0.03750000 0.57170999
v -0.07222753 0.03750000 0.57137269
v -0.07253429 0.03750000 0.57110095
v -0.07289717 0.03750000 0.57091045
v -0.07329509 0.03750000 0.57081240
v -0.07370491 0.03750000 0.57081240
v -0.07410283 0.03750000 0.57091045
v -0.07446571 0.03750000 0.57110095
v -0.07477247 0.03750000 0.57137269
v -0.07500528 0.03750000 0.57170999
v -0.07515060 0.03750000 0.57209319
v -0.07515060 0.02400000 0.57209319
v -0.07500528 0.02400000 0.57170999
v -0.07477247 0.02400000 0.57137269
v -0.07446571 0.02400000 0.57110095
v -0.07410283 0.02400000 0.57091045
v -0.07370491 0.02400000 0.57081240
v -0.07329509 0.02400000 0.57081240
v -0.07289717 0.02400000 0.57091045
v -0.07253429 0.02400000 0.57110095
v -0.07222753 0.02400000 0.57137269
v -0.07199472 0.02400000 0.57170999
v -0.07184940 0.02400000 0.57209319
v -0.07180000 0.02400000 0.57249999
v -0.07184940 0.02400000 0.57290685
v -0.07199472 0.02400000 0.57329005
v -0.07222753 0.02400000 0.57362729
v -0.07253429 0.02400000 0.57389909
v -0.07289717 0.02400000 0.57408953
v -0.07329509 0.02400000 0.57418758
v -0.07370491 0.02400000 0.57418758
v -0.07410283 0.02400000 0.57408953
v -0.07446571 0.02400000 0.57389909
v -0.07477247 0.02400000 0.57362729
v -0.07500528 0.02400000 0.57329005
v -0.07515060 0.02400000 0.57290685
v -0.07520000 -0.03750000 0.57249999
v -0.07520000 -0.02400000 0.57249999
v -0.07520000 -0.03750000 0.57249999
v -0.07520000 -0.02400000 0.57249999
v -0.07515060 -0.02400000 0.57290685
v -0.07500528 -0.02400000 0.57329005
v -0.07477247 -0.02400000 0.57362729
v -0.07446571 -0.02400000 0.57389909
v -0.07410283 -0.02400000 0.57408953
v -0.07370491 -0.02400000 0.57418758
v -0.07329509 -0.02400000 0.57418758
v -0.07289717 -0.02400000 0.57408953
v -0.07253429 -0.02400000 0.57389909
v -0.07222753 -0.02400000 0.57362729
v -0.07199472 -0.02400000 0.57329005
v -0.07184940 -0.02400000 0.57290685
v -0.07180000 -0.02400000 0.57249999
v -0.07184940 -0.02400000 0.57209319
v -0.07199472 -0.02400000 0.57170999
v -0.07222753 -0.02400000 0.57137269
v -0.07253429 -0.02400000 0.57110095
v -0.07289717 -0.02400000 0.57091045
v -0.07329509 -0.02400000 0.57081240
v -0.07370491 -0.02400000 0.57081240
v -0.07410283 -0.02400000 0.57091045
v -0.07446571 -0.02400000 0.57110095
v -0.07477247 -0.02400000 0.57137269
v -0.07500528 -0.02400000 0.57170999
v -0.07515060 -0.02400000 0.57209319
v -0.07515060 -0.03750000 0.57209319
v -0.07500528 -0.03750000 0.57170999
v -0.07477247 -0.03750000 0.57137269
v -0.07446571 -0.03750000 0.57110095
v -0.07410283 -0.03750000 0.57091045
v -0.07370491 -0.03750000 0.57081240
v -0.07329509 -0.03750000 0.57081240
v -0.07289717 -0.03750000 0.57091045
v -0.07253429 -0.03750000 0.57110095
v -0.07222753 -0.03750000 0.57137269
v -0.07199472 -0.03750000 0.57170999
v -0.07184940 -0.03750000 0.57209319
v -0.07180000 -0.03750000 0.57249999
v -0.07184940 -0.03750000 0.57290685
v -0.07199472 -0.03750000 0.57329005
v -0.07222753 -0.03750000 0.57362729
v -0.07253429 -0.03750000 0.57389909
v -0.07289717 -0.03750000 0.57408953
v -0.07329509 -0.03750000 0.57418758
v -0.07370491 -0.03750000 0.57418758
v -0.07410283 -0.03750000 0.57408953
v -0.07446571 -0.03750000 0.57389909
v -0.07477247 -0.03750000 0.57362729
v -0.07500528 -0.03750000 0.57329005
v -0.07515060 -0.03750000 0.57290685
v 0.07520000 -0.02400000 0.57249999
v 0.07520000 -0.03750000 0.57249999
v 0.07520000 -0.02400000 0.57249999
v 0.07520000 -0.03750000 0.57249999
v 0.07515060 -0.03750000 0.57290685
v 0.07500528 -0.03750000 0.57329005
v 0.07477247 -0.03750000 0.57362729
v 0.07446571 -0.03750000 0.57389909
v 0.07410283 -0.03750000 0.57408953
v 0.07370491 -0.03750000 0.57418758
v 0.07329509 -0.03750000 0.57418758
v 0.07289717 -0.03750000 0.57408953
v 0.07253429 -0.03750000 0.57389909
v 0.07222753 -0.03750000 0.57362729
v 0.07199472 -0.03750000 0.57329005
v 0.07184940 -0.03750000 0.57290685
v 0.07180000 -0.03750000 0.57249999
v 0.07184940 -0.03750000 0.57209319
v 0.07199472 -0.03750000 0.57170999
v 0.07222753 -0.03750000 0.57137269
v 0.07253429 -0.03750000 0.57110095
v 0.07289717 -0.03750000 0.57091045
v 0.07329509 -0.03750000 0.57081240
v 0.07370491 -0.03750000 0.57081240
v 0.07410283 -0.03750000 0.57091045
v 0.07446571 -0.03750000 0.57110095
v 0.07477247 -0.03750000 0.57137269
v 0.07500528 -0.03750000 0.57170999
v 0.07515060 -0.03750000 0.57209319
v 0.07515060 -0.02400000 0.57290685
v 0.07500528 -0.02400000 0.57329005
v 0.07477247 -0.02400000 0.57362729
v 0.07446571 -0.02400000 0.57389909
v 0.07410283 -0.02400000 0.57408953
v 0.07370491 -0.02400000 0.57418758
v 0.07329509 -0.02400000 0.57418758
v 0.07289717 -0.02400000 0.57408953
v 0.07253429 -0.02400000 0.57389909
v 0.07222753 -0.02400000 0.57362729
v 0.07199472 -0.02400000 0.57329005
v 0.07184940 -0.02400000 0.57290685
v 0.07180000 -0.02400000 0.57249999
v 0.07184940 -0.02400000 0.57209319
v 0.07199472 -0.02400000 0.57170999
v 0.07222753 -0.02400000 0.57137269
v 0.07253429 -0.02400000 0.57110095
v 0.07289717 -0.02400000 0.57091045
v 0.07329509 -0.02400000 0.57081240
v 0.07370491 -0.02400000 0.57081240
v 0.07410283 -0.02400000 0.57091045
v 0.07446571 -0.02400000 0.57110095
v 0.07477247 -0.02400000 0.57137269
v 0.07500528 -0.02400000 0.57170999
v 0.07515060 -0.02400000 0.57209319
v 0.07520000 0.03750000 0.57249999
v 0.07520000 0.02400000 0.57249999
v 0.07520000 0.03750000 0.57249999
v 0.07520000 0.02400000 0.57249999
v 0.07515060 0.02400000 0.57209319
v 0.07500528 0.02400000 0.57170999
v 0.07477247 0.02400000 0.57137269
v 0.07446571 0.02400000 0.57110095
v 0.07410283 0.02400000 0.57091045
v 0.07370491 0.02400000 0.57081240
v 0.07329509 0.02400000 0.57081240
v 0.07289717 0.02400000 0.57091045
v 0.07253429 0.02400000 0.57110095
v 0.07222753 0.02400000 0.57137269
v 0.07199472 0.02400000 0.57170999
v 0.07184940 0.02400000 0.57209319
v 0.07180000 0.02400000 0.57249999
v 0.07184940 0.02400000 0.57290685
v 0.07199472 0.02400000 0.57329005
v 0.07222753 0.02400000 0.57362729
v 0.07253429 0.02400000 0.57389909
v 0.07289717 0.02400000 0.57408953
v 0.07329509 0.02400000 0.57418758
v 0.07370491 0.02400000 0.57418758
v 0.07410283 0.02400000 0.57408953
v 0.07446571 0.02400000 0.57389909
v 0.07477247 0.02400000 0.57362729
v 0.07500528 0.02400000 0.57329005
v 0.07515060 0.02400000 0.57290685
v 0.07515060 0.03750000 0.57290685
v 0.07500528 0.03750000 0.57329005
v 0.07477247 0.03750000 0.57362729
v 0.07446571 0.03750000 0.57389909
v 0.07410283 0.03750000 0.57408953
v 0.07370491 0.03750000 0.57418758
v 0.07329509 0.03750000 0.57418758
v 0.07289717 0.03750000 0.57408953
v 0.07253429 0.03750000 0.57389909
v 0.07222753 0.03750000 0.57362729
v 0.07199472 0.03750000 0.57329005
v 0.07184940 0.03750000 0.57290685
v 0.07180000 0.03750000 0.57249999
v 0.07184940 0.03750000 0.57209319
v 0.07199472 0.03750000 0.57170999
v 0.07222753 0.03750000 0.57137269
v 0.07253429 0.03750000 0.57110095
v 0.07289717 0.03750000 0.57091045
v 0.07329509 0.03750000 0.57081240
v 0.07370491 0.03750000 0.57081240
v 0.07410283 0.03750000 0.57091045
v 0.07446571 0.03750000 0.57110095
v 0.07477247 0.03750000 0.57137269
v 0.07500528 0.03750000 0.57170999
v 0.07515060 0.03750000 0.57209319
v -0.03750000 0.07520000 0.57249999
v -0.02400000 0.07520000 0.57249999
v -0.03750000 0.07520000 0.57249999
v -0.02400000 0.07520000 0.57249999
v -0.02400000 0.07515060 0.57290685
v -0.02400000 0.07500528 0.57329005
v -0.02400000 0.07477247 0.57362729
v -0.02400000 0.07446571 0.57389909
v -0.02400000 0.07410283 0.57408953
v -0.02400000 0.07370491 0.57418758
v -0.02400000 0.07329509 0.57418758
v -0.02400000 0.07289717 0.57408953
v -0.02400000 0.07253429 0.57389909
v -0.02400000 0.07222753 0.57362729
v -0.02400000 0.07199472 0.57329005
v -0.02400000 0.07184940 0.57290685
v -0.02400000 0.07180000 0.57249999
v -0.02400000 0.07184940 0.57209319
v -0.02400000 0.07199472 0.57170999
v -0.02400000 0.07222753 0.57137269
v -0.02400000 0.07253429 0.57110095
v -0.02400000 0.07289717 0.57091045
v -0.02400000 0.07329509 0.57081240
v -0.02400000 0.07370491 0.57081240
v -0.02400000 0.07410283 0.57091045
v -0.02400000 0.07446571 0.57110095
v -0.02400000 0.07477247 0.57137269
v -0.02400000 0.07500528 0.57170999
v -0.02400000 0.07515060 0.57209319
v -0.03750000 0.07515060 0.57209319
v -0.03750000 0.07500528 0.57170999
v -0.03750000 0.07477247 0.57137269
v -0.03750000 0.07446571 0.57110095
v -0.03750000 0.07410283 0.57091045
v -0.03750000 0.07370491 0.57081240
v -0.03750000 0.07329509 0.57081240
v -0.03750000 0.07289717 0.57091045
v -0.03750000 0.07253429 0.57110095
v -0.03750000 0.07222753 0.57137269
v -0.03750000 0.07199472 0.57170999
v -0.03750000 0.07184940 0.57209319
v -0.03750000 0.07180000 0.57249999
v -0.03750000 0.07184940 0.57290685
v -0.03750000 0.07199472 0.57329005
v -0.03750000 0.07222753 0.57362729
v -0.03750000 0.07253429 0.57389909
v -0.03750000 0.07289717 0.57408953
v -0.03750000 0.07329509 0.57418758
v -0.03750000 0.07370491 0.57418758
v -0.03750000 0.07410283 0.57408953
v -0.03750000 0.07446571 0.57389909
v -0.03750000 0.07477247 0.57362729
v -0.03750000 0.07500528 0.57329005
v -0.03750000 0.07515060 0.57290685
v 0.02400000 0.07520000 0.57249999
v 0.03750000 0.07520000 0.57249999
v 0.02400000 0.07520000 0.57249999
v 0.03750000 0.07520000 0.57249999
v 0.03750000 0.07515060 0.57290685
v 0.03750000 0.07500528 0.57329005
v 0.03750000 0.07477247 0.57362729
v 0.03750000 0.07446571 0.57389909
v 0.03750000 0.07410283 0.57408953
v 0.03750000 0.07370491 0.57418758
v 0.03750000 0.07329509 0.57418758
v 0.03750000 0.07289717 0.57408953
v 0.03750000 0.07253429 0.57389909
v 0.03750000 0.07222753 0.57362729
v 0.03750000 0.07199472 0.57329005
v 0.03750000 0.07184940 0.57290685
v 0.03750000 0.07180000 0.57249999
v 0.03750000 0.07184940 0.57209319
v 0.03750000 0.07199472 0.57170999
v 0.03750000 0.07222753 0.57137269
v 0.03750000 0.07253429 0.57110095
v 0.03750000 0.07289717 0.57091045
v 0.03750000 0.07329509 0.57081240
v 0.03750000 0.07370491 0.57081240
v 0.03750000 0.07410283 0.57091045
v 0.03750000 0.07446571 0.57110095
v 0.03750000 0.07477247 0.57137269
v 0.03750000 0.07500528 0.57170999
v 0.03750000 0.07515060 0.57209319
v 0.02400000 0.07515060 0.57209319
v 0.02400000 0.07500528 0.57170999
v 0.02400000 0.07477247 0.57137269
v 0.02400000 0.07446571 0.57110095
v 0.02400000 0.07410283 0.57091045
v 0.02400000 0.07370491 0.57081240
v 0.02400000 0.07329509 0.57081240
v 0.02400000 0.07289717 0.57091045
v 0.02400000 0.07253429 0.57110095
v 0.02400000 0.07222753 0.57137269
v 0.02400000 0.07199472 0.57170999
v 0.02400000 0.07184940 0.57209319
v 0.02400000 0.07180000 0.57249999
v 0.02400000 0.07184940 0.57290685
v 0.02400000 0.07199472 0.57329005
v 0.02400000 0.07222753 0.57362729
v 0.02400000 0.07253429 0.57389909
v 0.02400000 0.07289717 0.57408953
v 0.02400000 0.07329509 0.57418758
v 0.02400000 0.07370491 0.57418758
v 0.02400000 0.07410283 0.57408953
v 0.02400000 0.07446571 0.57389909
v 0.02400000 0.07477247 0.57362729
v 0.02400000 0.07500528 0.57329005
v 0.02400000 0.07515060 0.57290685
v -0.03750000 -0.07180000 0.57249999
v -0.02400000 -0.07180000 0.57249999
v -0.03750000 -0.07180000 0.57249999
v -0.02400000 -0.07180000 0.57249999
v -0.02400000 -0.07184940 0.57209319
v -0.02400000 -0.07199472 0.57170999
v -0.02400000 -0.07222753 0.57137269
v -0.02400000 -0.07253429 0.57110095
v -0.02400000 -0.07289717 0.57091045
v -0.02400000 -0.07329509 0.57081240
v -0.02400000 -0.07370491 0.57081240
v -0.02400000 -0.07410283 0.57091045
v -0.02400000 -0.07446571 0.57110095
v -0.02400000 -0.07477247 0.57137269
v -0.02400000 -0.07500528 0.57170999
v -0.02400000 -0.07515060 0.57209319
v -0.02400000 -0.07520000 0.57249999
v -0.02400000 -0.07515060 0.57290685
v -0.02400000 -0.07500528 0.57329005
v -0.02400000 -0.07477247 0.57362729
v -0.02400000 -0.07446571 0.57389909
v -0.02400000 -0.07410283 0.57408953
v -0.02400000 -0.07370491 0.57418758
v -0.02400000 -0.07329509 0.57418758
v -0.02400000 -0.07289717 0.57408953
v -0.02400000 -0.07253429 0.57389909
v -0.02400000 -0.07222753 0.57362729
v -0.02400000 -0.07199472 0.57329005
v -0.02400000 -0.07184940 0.57290685
v -0.03750000 -0.07184940 0.57290685
v -0.03750000 -0.07199472 0.57329005
v -0.03750000 -0.07222753 0.57362729
v -0.03750000 -0.07253429 0.57389909
v -0.03750000 -0.07289717 0.57408953
v -0.03750000 -0.07329509 0.57418758
v -0.03750000 -0.07370491 0.57418758
v -0.03750000 -0.07410283 0.57408953
v -0.03750000 -0.07446571 0.57389909
v -0.03750000 -0.07477247 0.57362729
v -0.03750000 -0.07500528 0.57329005
v -0.03750000 -0.07515060 0.57290685
v -0.03750000 -0.07520000 0.57249999
v -0.03750000 -0.07515060 0.57209319
v -0.03750000 -0.07500528 0.57170999
v -0.03750000 -0.07477247 0.57137269
v -0.03750000 -0.07446571 0.57110095
v -0.03750000 -0.07410283 0.57091045
v -0.03750000 -0.07370491 0.57081240
v -0.03750000 -0.07329509 0.57081240
v -0.03750000 -0.07289717 0.57091045
v -0.03750000 -0.07253429 0.57110095
v -0.03750000 -0.07222753 0.57137269
v -0.03750000 -0.07199472 0.57170999
v -0.03750000 -0.07184940 0.57209319
v 0.02400000 -0.07180000 0.57249999
v 0.03750000 -0.07180000 0.57249999
v 0.02400000 -0.07180000 0.57249999
v 0.03750000 -0.07180000 0.57249999
v 0.03750000 -0.07184940 0.57290685
v 0.03750000 -0.07199472 0.57329005
v 0.03750000 -0.07222753 0.57362729
v 0.03750000 -0.07253429 0.57389909
v 0.03750000 -0.07289717 0.57408953
v 0.03750000 -0.07329509 0.57418758
v 0.03750000 -0.07370491 0.57418758
v 0.03750000 -0.07410283 0.57408953
v 0.03750000 -0.07446571 0.57389909
v 0.03750000 -0.07477247 0.57362729
v 0.03750000 -0.07500528 0.57329005
v 0.03750000 -0.07515060 0.57290685
v 0.03750000 -0.07520000 0.57249999
v 0.03750000 -0.07515060 0.57209319
v 0.03750000 -0.07500528 0.57170999
v 0.03750000 -0.07477247 0.57137269
v 0.03750000 -0.07446571 0.57110095
v 0.03750000 -0.07410283 0.57091045
v 0.03750000 -0.07370491 0.57081240
v 0.03750000 -0.07329509 0.57081240
v 0.03750000 -0.07289717 0.57091045
v 0.03750000 -0.07253429 0.57110095
v 0.03750000 -0.07222753 0.57137269
v 0.03750000 -0.07199472 0.57170999
v 0.03750000 -0.07184940 0.57209319
v 0.02400000 -0.07184940 0.57290685
v 0.02400000 -0.07199472 0.57329005
v 0.02400000 -0.07222753 0.57362729
v 0.02400000 -0.07253429 0.57389909
v 0.02400000 -0.07289717 0.57408953
v 0.02400000 -0.07329509 0.57418758
v 0.02400000 -0.07370491 0.57418758
v 0.02400000 -0.07410283 0.57408953
v 0.02400000 -0.07446571 0.57389909
v 0.02400000 -0.07477247 0.57362729
v 0.02400000 -0.07500528 0.57329005
v 0.02400000 -0.07515060 0.57290685
v 0.02400000 -0.07520000 0.57249999
v 0.02400000 -0.07515060 0.57209319
v 0.02400000 -0.07500528 0.57170999
v 0.02400000 -0.07477247 0.57137269
v 0.02400000 -0.07446571 0.57110095
v 0.02400000 -0.07410283 0.57091045
v 0.02400000 -0.07370491 0.57081240
v 0.02400000 -0.07329509 0.57081240
v 0.02400000 -0.07289717 0.57091045
v 0.02400000 -0.07253429 0.57110095
v 0.02400000 -0.07222753 0.57137269
v 0.02400000 -0.07199472 0.57170999
v 0.02400000 -0.07184940 0.57209319
v 0.02400000 0.01475000 0.57749999
v 0.02400000 0.01475000 0.58350003
v 0.02400000 0.01475000 0.57749999
v 0.02400000 0.01475000 0.58350003
v 0.02322222 0.01484444 0.58350003
v 0.02248965 0.01512227 0.58350003
v 0.02184485 0.01556734 0.58350003
v 0.02132530 0.01615379 0.58350003
v 0.02096120 0.01684753 0.58350003
v 0.02077370 0.01760826 0.58350003
v 0.02077370 0.01839174 0.58350003
v 0.02096120 0.01915247 0.58350003
v 0.02132530 0.01984621 0.58350003
v 0.02184485 0.02043266 0.58350003
v 0.02248965 0.02087773 0.58350003
v 0.02322222 0.02115556 0.58350003
v 0.02400000 0.02125000 0.58350003
v 0.02477778 0.02115556 0.58350003
v 0.02551035 0.02087773 0.58350003
v 0.02615515 0.02043266 0.58350003
v 0.02667470 0.01984621 0.58350003
v 0.02703880 0.01915247 0.58350003
v 0.02722630 0.01839174 0.58350003
v 0.02722630 0.01760826 0.58350003
v 0.02703880 0.01684753 0.58350003
v 0.02667470 0.01615379 0.58350003
v 0.02615515 0.01556734 0.58350003
v 0.02551035 0.01512227 0.58350003
v 0.02477778 0.01484444 0.58350003
v 0.02477778 0.01484444 0.57749999
v 0.02551035 0.01512227 0.57749999
v 0.02615515 0.01556734 0.57749999
v 0.02667470 0.01615379 0.57749999
v 0.02703880 0.01684753 0.57749999
v 0.02722630 0.01760826 0.57749999
v 0.02722630 0.01839174 0.57749999
v 0.02703880 0.01915247 0.57749999
v 0.02667470 0.01984621 0.57749999
v 0.02615515 0.02043266 0.57749999
v 0.02551035 0.02087773 0.57749999
v 0.02477778 0.02115556 0.57749999
v 0.02400000 0.02125000 0.57749999
v 0.02322222 0.02115556 0.57749999
v 0.02248965 0.02087773 0.57749999
v 0.02184485 0.02043266 0.57749999
v 0.02132530 0.01984621 0.57749999
v 0.02096120 0.01915247 0.57749999
v 0.02077370 0.01839174 0.57749999
v 0.02077370 0.01760826 0.57749999
v 0.02096120 0.01684753 0.57749999
v 0.02132530 0.01615379 0.57749999
v 0.02184485 0.01556734 0.57749999
v 0.02248965 0.01512227 0.57749999
v 0.02322222 0.01484444 0.57749999
v 0.02400000 0.01630000 0.57400000
v 0.02400000 0.01630000 0.57749999
v 0.02400000 0.01630000 0.57400000
v 0.02400000 0.01630000 0.57749999
v 0.02440684 0.01634940 0.57749999
v 0.02479003 0.01649472 0.57749999
v 0.02512731 0.01672753 0.57749999
v 0.02539907 0.01703429 0.57749999
v 0.02558953 0.01739717 0.57749999
v 0.02568761 0.01779509 0.57749999
v 0.02568761 0.01820491 0.57749999
v 0.02558953 0.01860283 0.57749999
v 0.02539907 0.01896571 0.57749999
v 0.02512731 0.01927247 0.57749999
v 0.02479003 0.01950528 0.57749999
v 0.02440684 0.01965060 0.57749999
v 0.02400000 0.01970000 0.57749999
v 0.02359316 0.01965060 0.57749999
v 0.02320997 0.01950528 0.57749999
v 0.02287269 0.01927247 0.57749999
v 0.02260093 0.01896571 0.57749999
v 0.02241047 0.01860283 0.57749999
v 0.02231240 0.01820491 0.57749999
v 0.02231240 0.01779509 0.57749999
v 0.02241047 0.01739717 0.57749999
v 0.02260093 0.01703429 0.57749999
v 0.02287269 0.01672753 0.57749999
v 0.02320997 0.01649472 0.57749999
v 0.02359316 0.01634940 0.57749999
v 0.02359316 0.01634940 0.57400000
v 0.02320997 0.01649472 0.57400000
v 0.02287269 0.01672753 0.57400000
v 0.02260093 0.01703429 0.57400000
v 0.02241047 0.01739717 0.57400000
v 0.02231240 0.01779509 0.57400000
v 0.02231240 0.01820491 0.57400000
v 0.02241047 0.01860283 0.57400000
v 0.02260093 0.01896571 0.57400000
v 0.02287269 0.01927247 0.57400000
v 0.02320997 0.01950528 0.57400000
v 0.02359316 0.01965060 0.57400000
v 0.02400000 0.01970000 0.57400000
v 0.02440684 0.01965060 0.57400000
v 0.02479003 0.01950528 0.57400000
v 0.02512731 0.01927247 0.57400000
v 0.02539907 0.01896571 0.57400000
v 0.02558953 0.01860283 0.57400000
v 0.02568761 0.01820491 0.57400000
v 0.02568761 0.01779509 0.57400000
v 0.02558953 0.01739717 0.57400000
v 0.02539907 0.01703429 0.57400000
v 0.02512731 0.01672753 0.57400000
v 0.02479003 0.01649472 0.57400000
v 0.02440684 0.01634940 0.57400000
v -0.02400000 0.01475000 0.57749999
v -0.02400000 0.01475000 0.58350003
v -0.02400000 0.01475000 0.57749999
v -0.02400000 0.01475000 0.58350003
v -0.02477778 0.01484444 0.58350003
v -0.02551035 0.01512227 0.58350003
v -0.02615515 0.01556734 0.58350003
v -0.02667470 0.01615379 0.58350003
v -0.02703880 0.01684753 0.58350003
v -0.02722630 0.01760826 0.58350003
v -0.02722630 0.01839174 0.58350003
v -0.02703880 0.01915247 0.58350003
v -0.02667470 0.01984621 0.58350003
v -0.02615515 0.02043266 0.58350003
v -0.02551035 0.02087773 0.58350003
v -0.02477778 0.02115556 0.58350003
v -0.02400000 0.02125000 0.58350003
v -0.02322222 0.02115556 0.58350003
v -0.02248965 0.02087773 0.58350003
v -0.02184485 0.02043266 0.58350003
v -0.02132530 0.01984621 0.58350003
v -0.02096120 0.01915247 0.58350003
v -0.02077370 0.01839174 0.58350003
v -0.02077370 0.01760826 0.58350003
v -0.02096120 0.01684753 0.58350003
v -0.02132530 0.01615379 0.58350003
v -0.02184485 0.01556734 0.58350003
v -0.02248965 0.01512227 0.58350003
v -0.02322222 0.01484444 0.58350003
v -0.02322222 0.01484444 0.57749999
v -0.02248965 0.01512227 0.57749999
v -0.02184485 0.01556734 0.57749999
v -0.02132530 0.01615379 0.57749999
v -0.02096120 0.01684753 0.57749999
v -0.02077370 0.01760826 0.57749999
v -0.02077370 0.01839174 0.57749999
v -0.02096120 0.01915247 0.57749999
v -0.02132530 0.01984621 0.57749999
v -0.02184485 0.02043266 0.57749999
v -0.02248965 0.02087773 0.57749999
v -0.02322222 0.02115556 0.57749999
v -0.02400000 0.02125000 0.57749999
v -0.02477778 0.02115556 0.57749999
v -0.02551035 0.02087773 0.57749999
v -0.02615515 0.02043266 0.57749999
v -0.02667470 0.01984621 0.57749999
v -0.02703880 0.01915247 0.57749999
v -0.02722630 0.01839174 0.57749999
v -0.02722630 0.01760826 0.57749999
v -0.02703880 0.01684753 0.57749999
v -0.02667470 0.01615379 0.57749999
v -0.02615515 0.01556734 0.57749999
v -0.02551035 0.01512227 0.57749999
v -0.02477778 0.01484444 0.57749999
v -0.02400000 0.01630000 0.57400000
v -0.02400000 0.01630000 0.57749999
v -0.02400000 0.01630000 0.57400000
v -0.02400000 0.01630000 0.57749999
v -0.02359316 0.01634940 0.57749999
v -0.02320997 0.01649472 0.57749999
v -0.02287269 0.01672753 0.57749999
v -0.02260093 0.01703429 0.57749999
v -0.02241047 0.01739717 0.57749999
v -0.02231240 0.01779509 0.57749999
v -0.02231240 0.01820491 0.57749999
v -0.02241047 0.01860283 0.57749999
v -0.02260093 0.01896571 0.57749999
v -0.02287269 0.01927247 0.57749999
v -0.02320997 0.01950528 0.57749999
v -0.02359316 0.01965060 0.57749999
v -0.02400000 0.01970000 0.57749999
v -0.02440684 0.01965060 0.57749999
v -0.02479003 0.01950528 0.57749999
v -0.02512731 0.01927247 0.57749999
v -0.02539907 0.01896571 0.57749999
v -0.02558953 0.01860283 0.57749999
v -0.02568761 0.01820491 0.57749999
v -0.02568761 0.01779509 0.57749999
v -0.02558953 0.01739717 0.57749999
v -0.02539907 0.01703429 0.57749999
v -0.02512731 0.01672753 0.57749999
v -0.02479003 0.01649472 0.57749999
v -0.02440684 0.01634940 0.57749999
v -0.02440684 0.01634940 0.57400000
v -0.02479003 0.01649472 0.57400000
v -0.02512731 0.01672753 0.57400000
v -0.02539907 0.01703429 0.57400000
v -0.02558953 0.01739717 0.57400000
v -0.02568761 0.01779509 0.57400000
v -0.02568761 0.01820491 0.57400000
v -0.02558953 0.01860283 0.57400000
v -0.02539907 0.01896571 0.57400000
v -0.02512731 0.01927247 0.57400000
v -0.02479003 0.01950528 0.57400000
v -0.02440684 0.01965060 0.57400000
v -0.02400000 0.01970000 0.57400000
v -0.02359316 0.01965060 0.57400000
v -0.02320997 0.01950528 0.57400000
v -0.02287269 0.01927247 0.57400000
v -0.02260093 0.01896571 0.57400000
v -0.02241047 0.01860283 0.57400000
v -0.02231240 0.01820491 0.57400000
v -0.02231240 0.01779509 0.57400000
v -0.02241047 0.01739717 0.57400000
v -0.02260093 0.01703429 0.57400000
v -0.02287269 0.01672753 0.57400000
v -0.02320997 0.01649472 0.57400000
v -0.02359316 0.01634940 0.57400000
v -0.02400000 -0.02125000 0.57749999
v -0.02400000 -0.02125000 0.58350003
v -0.02400000 -0.02125000 0.57749999
v -0.02400000 -0.02125000 0.58350003
v -0.02477778 -0.02115556 0.58350003
v -0.02551035 -0.02087773 0.58350003
v -0.02615515 -0.02043266 0.58350003
v -0.02667470 -0.01984621 0.58350003
v -0.02703880 -0.01915247 0.58350003
v -0.02722630 -0.01839174 0.58350003
v -0.02722630 -0.01760826 0.58350003
v -0.02703880 -0.01684753 0.58350003
v -0.02667470 -0.01615379 0.58350003
v -0.02615515 -0.01556734 0.58350003
v -0.02551035 -0.01512227 0.58350003
v -0.02477778 -0.01484444 0.58350003
v -0.02400000 -0.01475000 0.58350003
v -0.02322222 -0.01484444 0.58350003
v -0.02248965 -0.01512227 0.58350003
v -0.02184485 -0.01556734 0.58350003
v -0.02132530 -0.01615379 0.58350003
v -0.02096120 -0.01684753 0.58350003
v -0.02077370 -0.01760826 0.58350003
v -0.02077370 -0.01839174 0.58350003
v -0.02096120 -0.01915247 0.58350003
v -0.02132530 -0.01984621 0.58350003
v -0.02184485 -0.02043266 0.58350003
v -0.02248965 -0.02087773 0.58350003
v -0.02322222 -0.02115556 0.58350003
v -0.02322222 -0.02115556 0.57749999
v -0.02248965 -0.02087773 0.57749999
v -0.02184485 -0.02043266 0.57749999
v -0.02132530 -0.01984621 0.57749999
v -0.02096120 -0.01915247 0.57749999
v -0.02077370 -0.01839174 0.57749999
v -0.02077370 -0.01760826 0.57749999
v -0.02096120 -0.01684753 0.57749999
v -0.02132530 -0.01615379 0.57749999
v -0.02184485 -0.01556734 0.57749999
v -0.02248965 -0.01512227 0.57749999
v -0.02322222 -0.01484444 0.57749999
v -0.02400000 -0.01475000 0.57749999
v -0.02477778 -0.01484444 0.57749999
v -0.02551035 -0.01512227 0.57749999
v -0.02615515 -0.01556734 0.57749999
v -0.02667470 -0.01615379 0.57749999
v -0.02703880 -0.01684753 0.57749999
v -0.02722630 -0.01760826 0.57749999
v -0.02722630 -0.01839174 0.57749999
v -0.02703880 -0.01915247 0.57749999
v -0.02667470 -0.01984621 0.57749999
v -0.02615515 -0.02043266 0.57749999
v -0.02551035 -0.02087773 0.57749999
v -0.02477778 -0.02115556 0.57749999
v -0.02400000 -0.01970000 0.57400000
v -0.02400000 -0.01970000 0.57749999
v -0.02400000 -0.01970000 0.57400000
v -0.02400000 -0.01970000 0.57749999
v -0.02359316 -0.01965060 0.57749999
v -0.02320997 -0.01950528 0.57749999
v -0.02287269 -0.01927247 0.57749999
v -0.02260093 -0.01896571 0.57749999
v -0.02241047 -0.01860283 0.57749999
v -0.02231240 -0.01820491 0.57749999
v -0.02231240 -0.01779509 0.57749999
v -0.02241047 -0.01739717 0.57749999
v -0.02260093 -0.01703429 0.57749999
v -0.02287269 -0.01672753 0.57749999
v -0.02320997 -0.01649472 0.57749999
v -0.02359316 -0.01634940 0.57749999
v -0.02400000 -0.01630000 0.57749999
v -0.02440684 -0.01634940 0.57749999
v -0.02479003 -0.01649472 0.57749999
v -0.02512731 -0.01672753 0.57749999
v -0.02539907 -0.01703429 0.57749999
v -0.02558953 -0.01739717 0.57749999
v -0.02568761 -0.01779509 0.57749999
v -0.02568761 -0.01820491 0.57749999
v -0.02558953 -0.01860283 0.57749999
v -0.02539907 -0.01896571 0.57749999
v -0.02512731 -0.01927247 0.57749999
v -0.02479003 -0.01950528 0.57749999
v -0.02440684 -0.01965060 0.57749999
v -0.02440684 -0.01965060 0.57400000
v -0.02479003 -0.01950528 0.57400000
v -0.02512731 -0.01927247 0.57400000
v -0.02539907 -0.01896571 0.57400000
v -0.02558953 -0.01860283 0.57400000
v -0.02568761 -0.01820491 0.57400000
v -0.02568761 -0.01779509 0.57400000
v -0.02558953 -0.01739717 0.57400000
v -0.02539907 -0.01703429 0.57400000
v -0.02512731 -0.01672753 0.57400000
v -0.02479003 -0.01649472 0.57400000
v -0.02440684 -0.01634940 0.57400000
v -0.02400000 -0.01630000 0.57400000
v -0.02359316 -0.01634940 0.57400000
v -0.02320997 -0.01649472 0.57400000
v -0.02287269 -0.01672753 0.57400000
v -0.02260093 -0.01703429 0.57400000
v -0.02241047 -0.01739717 0.57400000
v -0.02231240 -0.01779509 0.57400000
v -0.02231240 -0.01820491 0.57400000
v -0.02241047 -0.01860283 0.57400000
v -0.02260093 -0.01896571 0.57400000
v -0.02287269 -0.01927247 0.57400000
v -0.02320997 -0.01950528 0.57400000
v -0.02359316 -0.01965060 0.57400000
v 0.02400000 -0.02125000 0.57749999
v 0.02400000 -0.02125000 0.58350003
v 0.02400000 -0.02125000 0.57749999
v 0.02400000 -0.02125000 0.58350003
v 0.02322222 -0.02115556 0.58350003
v 0.02248965 -0.02087773 0.58350003
v 0.02184485 -0.02043266 0.58350003
v 0.02132530 -0.01984621 0.58350003
v 0.02096120 -0.01915247 0.58350003
v 0.02077370 -0.01839174 0.58350003
v 0.02077370 -0.01760826 0.58350003
v 0.02096120 -0.01684753 0.58350003
v 0.02132530 -0.01615379 0.58350003
v 0.02184485 -0.01556734 0.58350003
v 0.02248965 -0.01512227 0.58350003
v 0.02322222 -0.01484444 0.58350003
v 0.02400000 -0.01475000 0.58350003
v 0.02477778 -0.01484444 0.58350003
v 0.02551035 -0.01512227 0.58350003
v 0.02615515 -0.01556734 0.58350003
v 0.02667470 -0.01615379 0.58350003
v 0.02703880 -0.01684753 0.58350003
v 0.02722630 -0.01760826 0.58350003
v 0.02722630 -0.01839174 0.58350003
v 0.02703880 -0.01915247 0.58350003
v 0.02667470 -0.01984621 0.58350003
v 0.02615515 -0.02043266 0.58350003
v 0.02551035 -0.02087773 0.58350003
v 0.02477778 -0.02115556 0.58350003
v 0.02477778 -0.02115556 0.57749999
v 0.02551035 -0.02087773 0.57749999
v 0.02615515 -0.02043266 0.57749999
v 0.02667470 -0.01984621 0.57749999
v 0.02703880 -0.01915247 0.57749999
v 0.02722630 -0.01839174 0.57749999
v 0.02722630 -0.01760826 0.57749999
v 0.02703880 -0.01684753 0.57749999
v 0.02667470 -0.01615379 0.57749999
v 0.02615515 -0.01556734 0.57749999
v 0.02551035 -0.01512227 0.57749999
v 0.02477778 -0.01484444 0.57749999
v 0.02400000 -0.01475000 0.57749999
v 0.02322222 -0.01484444 0.57749999
v 0.02248965 -0.01512227 0.57749999
v 0.02184485 -0.01556734 0.57749999
v 0.02132530 -0.01615379 0.57749999
v 0.02096120 -0.01684753 0.57749999
v 0.02077370 -0.01760826 0.57749999
v 0.02077370 -0.01839174 0.57749999
v 0.02096120 -0.01915247 0.57749999
v 0.02132530 -0.01984621 0.57749999
v 0.02184485 -0.02043266 0.57749999
v 0.02248965 -0.02087773 0.57749999
v 0.02322222 -0.02115556 0.57749999
v 0.02400000 -0.01970000 0.57400000
v 0.02400000 -0.01970000 0.57749999
v 0.02400000 -0.01970000 0.57400000
v 0.02400000 -0.01970000 0.57749999
v 0.02440684 -0.01965060 0.57749999
v 0.02479003 -0.01950528 0.57749999
v 0.02512731 -0.01927247 0.57749999
v 0.02539907 -0.01896571 0.57749999
v 0.02558953 -0.01860283 0.57749999
v 0.02568761 -0.01820491 0.57749999
v 0.02568761 -0.01779509 0.57749999
v 0.02558953 -0.01739717 0.57749999
v 0.02539907 -0.01703429 0.57749999
v 0.02512731 -0.01672753 0.57749999
v 0.02479003 -0.01649472 0.57749999
v 0.02440684 -0.01634940 0.57749999
v 0.02400000 -0.01630000 0.57749999
v 0.02359316 -0.01634940 0.57749999
v 0.02320997 -0.01649472 0.57749999
v 0.02287269 -0.01672753 0.57749999
v 0.02260093 -0.01703429 0.57749999
v 0.02241047 -0.01739717 0.57749999
v 0.02231240 -0.01779509 0.57749999
v 0.02231240 -0.01820491 0.57749999
v 0.02241047 -0.01860283 0.57749999
v 0.02260093 -0.01896571 0.57749999
v 0.02287269 -0.01927247 0.57749999
v 0.02320997 -0.01950528 0.57749999
v 0.02359316 -0.01965060 0.57749999
v 0.02359316 -0.01965060 0.57400000
v 0.02320997 -0.01950528 0.57400000
v 0.02287269 -0.01927247 0.57400000
v 0.02260093 -0.01896571 0.57400000
v 0.02241047 -0.01860283 0.57400000
v 0.02231240 -0.01820491 0.57400000
v 0.02231240 -0.01779509 0.57400000
v 0.02241047 -0.01739717 0.57400000
v 0.02260093 -0.01703429 0.57400000
v 0.02287269 -0.01672753 0.57400000
v 0.02320997 -0.01649472 0.57400000
v 0.02359316 -0.01634940 0.57400000
v 0.02400000 -0.01630000 0.57400000
v 0.02440684 -0.01634940 0.57400000
v 0.02479003 -0.01649472 0.57400000
v 0.02512731 -0.01672753 0.57400000
v 0.02539907 -0.01703429 0.57400000
v 0.02558953 -0.01739717 0.57400000
v 0.02568761 -0.01779509 0.57400000
v 0.02568761 -0.01820491 0.57400000
v 0.02558953 -0.01860283 0.57400000
v 0.02539907 -0.01896571 0.57400000
v 0.02512731 -0.01927247 0.57400000
v 0.02479003 -0.01950528 0.57400000
v 0.02440684 -0.01965060 0.57400000
v -0.02793952 0.03243692 0.57400000
v -0.02793952 0.03243692 0.56900001
v -0.02823305 0.03242735 0.56900001
v -0.02815973 0.03243154 0.56900001
v -0.02808636 0.03243453 0.56900001
v -0.02801295 0.03243632 0.56900001
v -0.02929184 0.03222901 0.56900001
v -0.03027289 0.03178477 0.56900001
v -0.03112004 0.03112004 0.56900001
v -0.03112004 0.03112004 0.57400000
v -0.03028986 0.03177442 0.57400000
v -0.02932969 0.03221691 0.57400000
v -0.02864332 0.03238159 0.57400000
v 0.03243692 0.02793952 0.57400000
v 0.03243692 0.02793952 0.56900001
v 0.03242735 0.02823305 0.56900001
v 0.03243154 0.02815973 0.56900001
v 0.03243453 0.02808636 0.56900001
v 0.03243632 0.02801295 0.56900001
v 0.03222901 0.02929184 0.56900001
v 0.03178477 0.03027289 0.56900001
v 0.03112004 0.03112004 0.56900001
v 0.03112004 0.03112004 0.57400000
v 0.03177442 0.03028986 0.57400000
v 0.03221691 0.02932969 0.57400000
v 0.03238159 0.02864332 0.57400000
v 0.02793952 -0.03243692 0.57400000
v 0.02793952 -0.03243692 0.56900001
v 0.02823305 -0.03242735 0.56900001
v 0.02815974 -0.03243154 0.56900001
v 0.02808636 -0.03243453 0.56900001
v 0.02801295 -0.03243632 0.56900001
v 0.02929184 -0.03222901 0.56900001
v 0.03027289 -0.03178477 0.56900001
v 0.03112004 -0.03112004 0.56900001
v 0.03112004 -0.03112004 0.57400000
v 0.03028986 -0.03177442 0.57400000
v 0.02932969 -0.03221691 0.57400000
v 0.02864332 -0.03238159 0.57400000
v -0.03243692 -0.02793952 0.57400000
v -0.03243692 -0.02793952 0.56900001
v -0.03242735 -0.02823305 0.56900001
v -0.03243154 -0.02815973 0.56900001
v -0.03243453 -0.02808636 0.56900001
v -0.03243632 -0.02801295 0.56900001
v -0.03222901 -0.02929184 0.56900001
v -0.03178477 -0.03027289 0.56900001
v -0.03112004 -0.03112004 0.56900001
v -0.03112004 -0.03112004 0.57400000
v -0.03177442 -0.03028986 0.57400000
v -0.03221691 -0.02932969 0.57400000
v -0.03238159 -0.02864332 0.57400000
v 0.03750000 -0.05457107 0.56849998
v 0.03792801 -0.05077240 0.56849998
v 0.03919057 -0.04716421 0.56849998
v 0.04122437 -0.04392743 0.56849998
v 0.04392743 -0.04122437 0.56849998
v 0.04716421 -0.03919057 0.56849998
v 0.05077240 -0.03792801 0.56849998
v 0.05457107 -0.03750000 0.56849998
v 0.03750000 -0.05457107 0.59249997
v 0.05457107 -0.03750000 0.59249997
v 0.05077240 -0.03792801 0.59249997
v 0.04716421 -0.03919057 0.59249997
v 0.04392743 -0.04122437 0.59249997
v 0.04122437 -0.04392743 0.59249997
v 0.03919057 -0.04716421 0.59249997
v 0.03792801 -0.05077240 0.59249997
v 0.03750000 0.05457107 0.59249997
v 0.03792801 0.05077240 0.59249997
v 0.03919057 0.04716421 0.59249997
v 0.04122437 0.04392743 0.59249997
v 0.04392743 0.04122437 0.59249997
v 0.04716421 0.03919057 0.59249997
v 0.05077240 0.03792801 0.59249997
v 0.05457107 0.03750000 0.59249997
v 0.03750000 0.05457107 0.56849998
v 0.05457107 0.03750000 0.56849998
v 0.05077240 0.03792801 0.56849998
v 0.04716421 0.03919057 0.56849998
v 0.04392743 0.04122437 0.56849998
v 0.04122437 0.04392743 0.56849998
v 0.03919057 0.04716421 0.56849998
v 0.03792801 0.05077240 0.56849998
v -0.05457107 0.03750000 0.59249997
v -0.05077240 0.03792801 0.59249997
v -0.04716421 0.03919057 0.59249997
v -0.04392743 0.04122437 0.59249997
v -0.04122437 0.04392743 0.59249997
v -0.03919057 0.04716421 0.59249997
v -0.03792801 0.05077240 0.59249997
v -0.03750000 0.05457107 0.59249997
v -0.05457107 0.03750000 0.56849998
v -0.03750000 0.05457107 0.56849998
v -0.03792801 0.05077240 0.56849998
v -0.03919057 0.04716421 0.56849998
v -0.04122437 0.04392743 0.56849998
v -0.04392743 0.04122437 0.56849998
v -0.04716421 0.03919057 0.56849998
v -0.05077240 0.03792801 0.56849998
v -0.05457107 -0.03750000 0.56849998
v -0.05077240 -0.03792801 0.56849998
v -0.04716421 -0.03919057 0.56849998
v -0.04392743 -0.04122437 0.56849998
v -0.04122437 -0.04392743 0.56849998
v -0.03919057 -0.04716421 0.56849998
v -0.03792801 -0.05077240 0.56849998
v -0.03750000 -0.05457107 0.56849998
v -0.05457107 -0.03750000 0.59249997
v -0.03750000 -0.05457107 0.59249997
v -0.03792801 -0.05077240 0.59249997
v -0.03919057 -0.04716421 0.59249997
v -0.04122437 -0.04392743 0.59249997
v -0.04392743 -0.04122437 0.59249997
v -0.04716421 -0.03919057 0.59249997
v -0.05077240 -0.03792801 0.59249997
v -0.04750000 0.01900000 0.59249997
v -0.04750000 -0.01900000 0.59249997
v -0.04750000 -0.01900000 0.56849998
v -0.04750000 0.01900000 0.56849998
v 0.04750000 -0.01900000 0.59249997
v 0.04750000 -0.01900000 0.56849998
v 0.04750000 0.01900000 0.59249997
v 0.04750000 0.01900000 0.56849998
v -0.01900000 -0.04750000 0.59249997
v 0.01900000 -0.04750000 0.59249997
v 0.01900000 -0.04750000 0.56849998
v -0.01900000 -0.04750000 0.56849998
v 0.01900000 0.04750000 0.59249997
v 0.01900000 0.04750000 0.56849998
v -0.01900000 0.04750000 0.59249997
v -0.01900000 0.04750000 0.56849998
v 0.06000000 0.03750000 0.56849998
v 0.05457107 0.03750000 0.56849998
v 0.06000000 0.02400000 0.56849998
v 0.05250000 0.02400000 0.56849998
v 0.05138740 0.02387464 0.56849998
v 0.05033058 0.02350484 0.56849998
v 0.04938255 0.02290916 0.56849998
v 0.04859084 0.02211745 0.56849998
v 0.04799515 0.02116942 0.56849998
v 0.04762536 0.02011260 0.56849998
v 0.04750000 0.01900000 0.56849998
v 0.04750000 -0.01900000 0.56849998
v 0.04762536 -0.02011260 0.56849998
v 0.04799515 -0.02116942 0.56849998
v 0.04859084 -0.02211745 0.56849998
v 0.04938255 -0.02290916 0.56849998
v 0.05033058 -0.02350484 0.56849998
v 0.05138740 -0.02387464 0.56849998
v 0.05250000 -0.02400000 0.56849998
v 0.06000000 -0.02400000 0.56849998
v 0.06000000 -0.03750000 0.56849998
v 0.05457107 -0.03750000 0.56849998
v 0.03750000 -0.05457107 0.56849998
v 0.03792801 -0.05077240 0.56849998
v 0.03919057 -0.04716421 0.56849998
v 0.04122437 -0.04392743 0.56849998
v 0.04392743 -0.04122437 0.56849998
v 0.04716421 -0.03919057 0.56849998
v 0.05077240 -0.03792801 0.56849998
v 0.03750000 -0.06000000 0.56849998
v 0.02400000 -0.06000000 0.56849998
v 0.02400000 -0.05250000 0.56849998
v 0.02387464 -0.05138740 0.56849998
v 0.02350484 -0.05033058 0.56849998
v 0.02290916 -0.04938255 0.56849998
v 0.02211745 -0.04859084 0.56849998
v 0.02116942 -0.04799515 0.56849998
v 0.02011260 -0.04762536 0.56849998
v 0.01900000 -0.04750000 0.56849998
v -0.01900000 -0.04750000 0.56849998
v -0.02011260 -0.04762536 0.56849998
v -0.02116942 -0.04799515 0.56849998
v -0.02211745 -0.04859084 0.56849998
v -0.02290916 -0.04938255 0.56849998
v -0.02350484 -0.05033058 0.56849998
v -0.02387464 -0.05138740 0.56849998
v -0.02400000 -0.05250000 0.56849998
v -0.02400000 -0.06000000 0.56849998
v -0.03750000 -0.06000000 0.56849998
v -0.03750000 -0.05457107 0.56849998
v -0.05457107 -0.03750000 0.56849998
v -0.05077240 -0.03792801 0.56849998
v -0.04716421 -0.03919057 0.56849998
v -0.04392743 -0.04122437 0.56849998
v -0.04122437 -0.04392743 0.56849998
v -0.03919057 -0.04716421 0.56849998
v -0.03792801 -0.05077240 0.56849998
v -0.06000000 -0.03750000 0.56849998
v -0.06000000 -0.02400000 0.56849998
v -0.05250000 -0.02400000 0.56849998
v -0.05138740 -0.02387464 0.56849998
v -0.05033058 -0.02350484 0.56849998
v -0.04938255 -0.02290916 0.56849998
v -0.04859084 -0.02211745 0.56849998
v -0.04799515 -0.02116942 0.56849998
v -0.04762536 -0.02011260 0.56849998
v -0.04750000 -0.01900000 0.56849998
v -0.04750000 0.01900000 0.56849998
v -0.04762536 0.02011260 0.56849998
v -0.04799515 0.02116942 0.56849998
v -0.04859084 0.02211745 0.56849998
v -0.04938255 0.02290916 0.56849998
v -0.05033058 0.02350484 0.56849998
v -0.05138740 0.02387464 0.56849998
v -0.05250000 0.02400000 0.56849998
v -0.06000000 0.02400000 0.56849998
v -0.06000000 0.03750000 0.56849998
v -0.05457107 0.03750000 0.56849998
v -0.03750000 0.05457107 0.56849998
v -0.03792801 0.05077240 0.56849998
v -0.03919057 0.04716421 0.56849998
v -0.04122437 0.04392743 0.56849998
v -0.04392743 0.04122437 0.56849998
v -0.04716421 0.03919057 0.56849998
v -0.05077240 0.03792801 0.56849998
v -0.03750000 0.06250000 0.56849998
v -0.02400000 0.06250000 0.56849998
v -0.02400000 0.05250000 0.56849998
v -0.02387464 0.05138740 0.56849998
v -0.02350484 0.05033058 0.56849998
v -0.02290916 0.04938255 0.56849998
v -0.02211745 0.04859084 0.56849998
v -0.02116942 0.04799515 0.56849998
v -0.02011260 0.04762536 0.56849998
v -0.01900000 0.04750000 0.56849998
v 0.01900000 0.04750000 0.56849998
v 0.02011260 0.04762536 0.56849998
v 0.02116942 0.04799515 0.56849998
v 0.02211745 0.04859084 0.56849998
v 0.02290916 0.04938255 0.56849998
v 0.02350484 0.05033058 0.56849998
v 0.02387464 0.05138740 0.56849998
v 0.02400000 0.05250000 0.56849998
v 0.02400000 0.06000000 0.56849998
v 0.03750000 0.06000000 0.56849998
v 0.03750000 0.05457107 0.56849998
v 0.05077240 0.03792801 0.56849998
v 0.04716421 0.03919057 0.56849998
v 0.04392743 0.04122437 0.56849998
v 0.04122437 0.04392743 0.56849998
v 0.03919057 0.04716421 0.56849998
v 0.03792801 0.05077240 0.56849998
v -0.02614732 -0.03243692 0.56849998
v -0.03433127 -0.04062088 0.56849998
v 0.02614732 -0.03243692 0.56849998
v 0.03433127 -0.04062088 0.56849998
v 0.03743525 -0.04062088 0.56849998
v 0.03705099 -0.04092732 0.56849998
v 0.03660817 -0.04114056 0.56849998
v 0.03612901 -0.04124993 0.56849998
v 0.03563752 -0.04124993 0.56849998
v 0.03515835 -0.04114056 0.56849998
v 0.03471554 -0.04092732 0.56849998
v 0.04062088 -0.03743525 0.56849998
v 0.04062088 -0.03433127 0.56849998
v 0.04092732 -0.03471554 0.56849998
v 0.04114056 -0.03515835 0.56849998
v 0.04124993 -0.03563752 0.56849998
v 0.04124993 -0.03612901 0.56849998
v 0.04114056 -0.03660817 0.56849998
v 0.04092732 -0.03705099 0.56849998
v 0.03243692 -0.02614732 0.56849998
v 0.03243692 0.02614732 0.56849998
v 0.04062088 0.03433127 0.56849998
v 0.04062088 0.03743525 0.56849998
v 0.04092732 0.03705099 0.56849998
v 0.04114056 0.03660817 0.56849998
v 0.04124993 0.03612901 0.56849998
v 0.04124993 0.03563752 0.56849998
v 0.04114056 0.03515835 0.56849998
v 0.04092732 0.03471554 0.56849998
v 0.03743525 0.04062088 0.56849998
v 0.03433127 0.04062088 0.56849998
v 0.03471554 0.04092732 0.56849998
v 0.03515835 0.04114056 0.56849998
v 0.03563752 0.04124993 0.56849998
v 0.03612901 0.04124993 0.56849998
v 0.03660817 0.04114056 0.56849998
v 0.03705099 0.04092732 0.56849998
v 0.02614732 0.03243692 0.56849998
v -0.02614732 0.03243692 0.56849998
v -0.03433127 0.04062088 0.56849998
v -0.03743525 0.04062088 0.56849998
v -0.03705099 0.04092732 0.56849998
v -0.03660817 0.04114056 0.56849998
v -0.03612901 0.04124993 0.56849998
v -0.03563752 0.04124993 0.56849998
v -0.03515835 0.04114056 0.56849998
v -0.03471554 0.04092732 0.56849998
v -0.04062088 0.03743525 0.56849998
v -0.04062088 0.03433127 0.56849998
v -0.04092732 0.03471554 0.56849998
v -0.04114056 0.03515835 0.56849998
v -0.04124993 0.03563752 0.56849998
v -0.04124993 0.03612901 0.56849998
v -0.04114056 0.03660817 0.56849998
v -0.04092732 0.03705099 0.56849998
v -0.03243692 0.02614732 0.56849998
v -0.03243692 -0.02614732 0.56849998
v -0.04062088 -0.03433127 0.56849998
v -0.04062088 -0.03743525 0.56849998
v -0.04092732 -0.03705099 0.56849998
v -0.04114056 -0.03660817 0.56849998
v -0.04124993 -0.03612901 0.56849998
v -0.04124993 -0.03563752 0.56849998
v -0.04114056 -0.03515835 0.56849998
v -0.04092732 -0.03471554 0.56849998
v -0.03743525 -0.04062088 0.56849998
v -0.03471554 -0.04092732 0.56849998
v -0.03515835 -0.04114056 0.56849998
v -0.03563752 -0.04124993 0.56849998
v -0.03612901 -0.04124993 0.56849998
v -0.03660817 -0.04114056 0.56849998
v -0.03705099 -0.04092732 0.56849998
v -0.03112004 -0.03112004 0.56900001
v -0.03027289 -0.03178477 0.56900001
v -0.02929184 -0.03222901 0.56900001
v -0.02823305 -0.03242735 0.56900001
v -0.02793952 -0.03243692 0.56900001
v -0.02801295 -0.03243632 0.56900001
v -0.02808636 -0.03243453 0.56900001
v -0.02815973 -0.03243154 0.56900001
v -0.02793952 -0.03243692 0.57400000
v -0.02898976 -0.03231272 0.57400000
v -0.02998175 -0.03194692 0.57400000
v -0.03058346 -0.03157828 0.57400000
v -0.03112004 -0.03112004 0.57400000
v 0.02614732 -0.03243692 0.56900001
v 0.02614732 -0.03243692 0.56849998
v 0.02793952 -0.03243692 0.56900001
v 0.02793952 -0.03243692 0.57400000
v -0.02793952 -0.03243692 0.57400000
v -0.02793952 -0.03243692 0.56900001
v -0.02614732 -0.03243692 0.56900001
v -0.02614732 -0.03243692 0.56849998
v 0.03112004 -0.03112004 0.56900001
v 0.03178477 -0.03027289 0.56900001
v 0.03222901 -0.02929184 0.56900001
v 0.03242735 -0.02823305 0.56900001
v 0.03243692 -0.02793952 0.56900001
v 0.03243632 -0.02801295 0.56900001
v 0.03243453 -0.02808636 0.56900001
v 0.03243154 -0.02815974 0.56900001
v 0.03243692 -0.02793952 0.57400000
v 0.03231272 -0.02898976 0.57400000
v 0.03194692 -0.02998175 0.57400000
v 0.03157828 -0.03058346 0.57400000
v 0.03112004 -0.03112004 0.57400000
v 0.03243692 0.02793952 0.57400000
v 0.03243692 0.02793952 0.56900001
v 0.03243692 -0.02793952 0.57400000
v 0.03243692 -0.02793952 0.56900001
v 0.03243692 -0.02614732 0.56900001
v 0.03243692 -0.02614732 0.56849998
v 0.03243692 0.02614732 0.56849998
v 0.03243692 0.02614732 0.56900001
v 0.03112004 0.03112004 0.56900001
v 0.03027289 0.03178477 0.56900001
v 0.02929184 0.03222901 0.56900001
v 0.02823305 0.03242735 0.56900001
v 0.02793952 0.03243692 0.56900001
v 0.02801295 0.03243632 0.56900001
v 0.02808636 0.03243453 0.56900001
v 0.02815973 0.03243154 0.56900001
v 0.02793952 0.03243692 0.57400000
v 0.02898976 0.03231272 0.57400000
v 0.02998175 0.03194692 0.57400000
v 0.03058346 0.03157828 0.57400000
v 0.03112004 0.03112004 0.57400000
v -0.02793952 0.03243692 0.57400000
v -0.02793952 0.03243692 0.56900001
v 0.02793952 0.03243692 0.57400000
v 0.02793952 0.03243692 0.56900001
v 0.02614732 0.03243692 0.56900001
v 0.02614732 0.03243692 0.56849998
v -0.02614732 0.03243692 0.56849998
v -0.02614732 0.03243692 0.56900001
v -0.03112004 0.03112004 0.56900001
v -0.03178477 0.03027289 0.56900001
v -0.03222901 0.02929184 0.56900001
v -0.03242735 0.02823305 0.56900001
v -0.03243692 0.02793952 0.56900001
v -0.03243632 0.02801295 0.56900001
v -0.03243453 0.02808636 0.56900001
v -0.03243154 0.02815973 0.56900001
v -0.03243692 0.02793952 0.57400000
v -0.03231272 0.02898976 0.57400000
v -0.03194692 0.02998175 0.57400000
v -0.03157828 0.03058346 0.57400000
v -0.03112004 0.03112004 0.57400000
v -0.03243692 -0.02793952 0.57400000
v -0.03243692 -0.02793952 0.56900001
v -0.03243692 0.02793952 0.57400000
v -0.03243692 0.02793952 0.56900001
v -0.03243692 0.02614732 0.56900001
v -0.03243692 0.02614732 0.56849998
v -0.03243692 -0.02614732 0.56849998
v -0.03243692 -0.02614732 0.56900001
v -0.02793952 -0.03243692 0.57400000
v -0.02898976 -0.03231272 0.57400000
v -0.02998175 -0.03194692 0.57400000
v -0.03058346 -0.03157828 0.57400000
v -0.03112004 -0.03112004 0.57400000
v -0.03177442 -0.03028986 0.57400000
v -0.03221691 -0.02932969 0.57400000
v -0.03238159 -0.02864332 0.57400000
v -0.03243692 -0.02793952 0.57400000
v -0.03243692 0.02793952 0.57400000
v -0.03231272 0.02898976 0.57400000
v -0.03194692 0.02998175 0.57400000
v -0.03157828 0.03058346 0.57400000
v -0.03112004 0.03112004 0.57400000
v -0.03028986 0.03177442 0.57400000
v -0.02932969 0.03221691 0.57400000
v -0.02864332 0.03238159 0.57400000
v -0.02793952 0.03243692 0.57400000
v 0.02793952 0.03243692 0.57400000
v 0.02898976 0.03231272 0.57400000
v 0.02998175 0.03194692 0.57400000
v 0.03058346 0.03157828 0.57400000
v 0.03112004 0.03112004 0.57400000
v 0.03177442 0.03028986 0.57400000
v 0.03221691 0.02932969 0.57400000
v 0.03238159 0.02864332 0.57400000
v 0.03243692 0.02793952 0.57400000
v 0.03243692 -0.02793952 0.57400000
v 0.03231272 -0.02898976 0.57400000
v 0.03194692 -0.02998175 0.57400000
v 0.03157828 -0.03058346 0.57400000
v 0.03112004 -0.03112004 0.57400000
v 0.03028986 -0.03177442 0.57400000
v 0.02932969 -0.03221691 0.57400000
v 0.02864332 -0.03238159 0.57400000
v 0.02793952 -0.03243692 0.57400000
v 0.02400000 0.01630000 0.57400000
v 0.02359316 0.01634940 0.57400000
v 0.02320997 0.01649472 0.57400000
v 0.02287269 0.01672753 0.57400000
v 0.02260093 0.01703429 0.57400000
v 0.02241047 0.01739717 0.57400000
v 0.02231240 0.01779509 0.57400000
v 0.02231240 0.01820491 0.57400000
v 0.02241047 0.01860283 0.57400000
v 0.02260093 0.01896571 0.57400000
v 0.02287269 0.01927247 0.57400000
v 0.02320997 0.01950528 0.57400000
v 0.02359316 0.01965060 0.57400000
v 0.02400000 0.01970000 0.57400000
v 0.02440684 0.01965060 0.57400000
v 0.02479003 0.01950528 0.57400000
v 0.02512731 0.01927247 0.57400000
v 0.02539907 0.01896571 0.57400000
v 0.02558953 0.01860283 0.57400000
v 0.02568761 0.01820491 0.57400000
v 0.02568761 0.01779509 0.57400000
v 0.02558953 0.01739717 0.57400000
v 0.02539907 0.01703429 0.57400000
v 0.02512731 0.01672753 0.57400000
v 0.02479003 0.01649472 0.57400000
v 0.02440684 0.01634940 0.57400000
v -0.02400000 0.01630000 0.57400000
v -0.02440684 0.01634940 0.57400000
v -0.02479003 0.01649472 0.57400000
v -0.02512731 0.01672753 0.57400000
v -0.02539907 0.01703429 0.57400000
v -0.02558953 0.01739717 0.57400000
v -0.02568761 0.01779509 0.57400000
v -0.02568761 0.01820491 0.57400000
v -0.02558953 0.01860283 0.57400000
v -0.02539907 0.01896571 0.57400000
v -0.02512731 0.01927247 0.57400000
v -0.02479003 0.01950528 0.57400000
v -0.02440684 0.01965060 0.57400000
v -0.02400000 0.01970000 0.57400000
v -0.02359316 0.01965060 0.57400000
v -0.02320997 0.01950528 0.57400000
v -0.02287269 0.01927247 0.57400000
v -0.02260093 0.01896571 0.57400000
v -0.02241047 0.01860283 0.57400000
v -0.02231240 0.01820491 0.57400000
v -0.02231240 0.01779509 0.57400000
v -0.02241047 0.01739717 0.57400000
v -0.02260093 0.01703429 0.57400000
v -0.02287269 0.01672753 0.57400000
v -0.02320997 0.01649472 0.57400000
v -0.02359316 0.01634940 0.57400000
v -0.02400000 -0.01970000 0.57400000
v -0.02440684 -0.01965060 0.57400000
v -0.02479003 -0.01950528 0.57400000
v -0.02512731 -0.01927247 0.57400000
v -0.02539907 -0.01896571 0.57400000
v -0.02558953 -0.01860283 0.57400000
v -0.02568761 -0.01820491 0.57400000
v -0.02568761 -0.01779509 0.57400000
v -0.02558953 -0.01739717 0.57400000
v -0.02539907 -0.01703429 0.57400000
v -0.02512731 -0.01672753 0.57400000
v -0.02479003 -0.01649472 0.57400000
v -0.02440684 -0.01634940 0.57400000
v -0.02400000 -0.01630000 0.57400000
v -0.02359316 -0.01634940 0.57400000
v -0.02320997 -0.01649472 0.57400000
v -0.02287269 -0.01672753 0.57400000
v -0.02260093 -0.01703429 0.57400000
v -0.02241047 -0.01739717 0.57400000
v -0.02231240 -0.01779509 0.57400000
v -0.02231240 -0.01820491 0.57400000
v -0.02241047 -0.01860283 0.57400000
v -0.02260093 -0.01896571 0.57400000
v -0.02287269 -0.01927247 0.57400000
v -0.02320997 -0.01950528 0.57400000
v -0.02359316 -0.01965060 0.57400000
v 0.02400000 -0.01970000 0.57400000
v 0.02359316 -0.01965060 0.57400000
v 0.02320997 -0.01950528 0.57400000
v 0.02287269 -0.01927247 0.57400000
v 0.02260093 -0.01896571 0.57400000
v 0.02241047 -0.01860283 0.57400000
v 0.02231240 -0.01820491 0.57400000
v 0.02231240 -0.01779509 0.57400000
v 0.02241047 -0.01739717 0.57400000
v 0.02260093 -0.01703429 0.57400000
v 0.02287269 -0.01672753 0.57400000
v 0.02320997 -0.01649472 0.57400000
v 0.02359316 -0.01634940 0.57400000
v 0.02400000 -0.01630000 0.57400000
v 0.02440684 -0.01634940 0.57400000
v 0.02479003 -0.01649472 0.57400000
v 0.02512731 -0.01672753 0.57400000
v 0.02539907 -0.01703429 0.57400000
v 0.02558953 -0.01739717 0.57400000
v 0.02568761 -0.01779509 0.57400000
v 0.02568761 -0.01820491 0.57400000
v 0.02558953 -0.01860283 0.57400000
v 0.02539907 -0.01896571 0.57400000
v 0.02512731 -0.01927247 0.57400000
v 0.02479003 -0.01950528 0.57400000
v 0.02440684 -0.01965060 0.57400000
v 0.02400000 -0.02125000 0.57749999
v 0.02477778 -0.02115556 0.57749999
v 0.02551035 -0.02087773 0.57749999
v 0.02615515 -0.02043266 0.57749999
v 0.02667470 -0.01984621 0.57749999
v 0.02703880 -0.01915247 0.57749999
v 0.02722630 -0.01839174 0.57749999
v 0.02722630 -0.01760826 0.57749999
v 0.02703880 -0.01684753 0.57749999
v 0.02667470 -0.01615379 0.57749999
v 0.02615515 -0.01556734 0.57749999
v 0.02551035 -0.01512227 0.57749999
v 0.02477778 -0.01484444 0.57749999
v 0.02400000 -0.01475000 0.57749999
v 0.02322222 -0.01484444 0.57749999
v 0.02248965 -0.01512227 0.57749999
v 0.02184485 -0.01556734 0.57749999
v 0.02132530 -0.01615379 0.57749999
v 0.02096120 -0.01684753 0.57749999
v 0.02077370 -0.01760826 0.57749999
v 0.02077370 -0.01839174 0.57749999
v 0.02096120 -0.01915247 0.57749999
v 0.02132530 -0.01984621 0.57749999
v 0.02184485 -0.02043266 0.57749999
v 0.02248965 -0.02087773 0.57749999
v 0.02322222 -0.02115556 0.57749999
v 0.02400000 -0.01970000 0.57749999
v 0.02440684 -0.01965060 0.57749999
v 0.02479003 -0.01950528 0.57749999
v 0.02512731 -0.01927247 0.57749999
v 0.02539907 -0.01896571 0.57749999
v 0.02558953 -0.01860283 0.57749999
v 0.02568761 -0.01820491 0.57749999
v 0.02568761 -0.01779509 0.57749999
v 0.02558953 -0.01739717 0.57749999
v 0.02539907 -0.01703429 0.57749999
v 0.02512731 -0.01672753 0.57749999
v 0.02479003 -0.01649472 0.57749999
v 0.02440684 -0.01634940 0.57749999
v 0.02400000 -0.01630000 0.57749999
v 0.02359316 -0.01634940 0.57749999
v 0.02320997 -0.01649472 0.57749999
v 0.02287269 -0.01672753 0.57749999
v 0.02260093 -0.01703429 0.57749999
v 0.02241047 -0.01739717 0.57749999
v 0.02231240 -0.01779509 0.57749999
v 0.02231240 -0.01820491 0.57749999
v 0.02241047 -0.01860283 0.57749999
v 0.02260093 -0.01896571 0.57749999
v 0.02287269 -0.01927247 0.57749999
v 0.02320997 -0.01950528 0.57749999
v 0.02359316 -0.01965060 0.57749999
v -0.02400000 -0.02125000 0.57749999
v -0.02322222 -0.02115556 0.57749999
v -0.02248965 -0.02087773 0.57749999
v -0.02184485 -0.02043266 0.57749999
v -0.02132530 -0.01984621 0.57749999
v -0.02096120 -0.01915247 0.57749999
v -0.02077370 -0.01839174 0.57749999
v -0.02077370 -0.01760826 0.57749999
v -0.02096120 -0.01684753 0.57749999
v -0.02132530 -0.01615379 0.57749999
v -0.02184485 -0.01556734 0.57749999
v -0.02248965 -0.01512227 0.57749999
v -0.02322222 -0.01484444 0.57749999
v -0.02400000 -0.01475000 0.57749999
v -0.02477778 -0.01484444 0.57749999
v -0.02551035 -0.01512227 0.57749999
v -0.02615515 -0.01556734 0.57749999
v -0.02667470 -0.01615379 0.57749999
v -0.02703880 -0.01684753 0.57749999
v -0.02722630 -0.01760826 0.57749999
v -0.02722630 -0.01839174 0.57749999
v -0.02703880 -0.01915247 0.57749999
v -0.02667470 -0.01984621 0.57749999
v -0.02615515 -0.02043266 0.57749999
v -0.02551035 -0.02087773 0.57749999
v -0.02477778 -0.02115556 0.57749999
v -0.02400000 -0.01970000 0.57749999
v -0.02359316 -0.01965060 0.57749999
v -0.02320997 -0.01950528 0.57749999
v -0.02287269 -0.01927247 0.57749999
v -0.02260093 -0.01896571 0.57749999
v -0.02241047 -0.01860283 0.57749999
v -0.02231240 -0.01820491 0.57749999
v -0.02231240 -0.01779509 0.57749999
v -0.02241047 -0.01739717 0.57749999
v -0.02260093 -0.01703429 0.57749999
v -0.02287269 -0.01672753 0.57749999
v -0.02320997 -0.01649472 0.57749999
v -0.02359316 -0.01634940 0.57749999
v -0.02400000 -0.01630000 0.57749999
v -0.02440684 -0.01634940 0.57749999
v -0.02479003 -0.01649472 0.57749999
v -0.02512731 -0.01672753 0.57749999
v -0.02539907 -0.01703429 0.57749999
v -0.02558953 -0.01739717 0.57749999
v -0.02568761 -0.01779509 0.57749999
v -0.02568761 -0.01820491 0.57749999
v -0.02558953 -0.01860283 0.57749999
v -0.02539907 -0.01896571 0.57749999
v -0.02512731 -0.01927247 0.57749999
v -0.02479003 -0.01950528 0.57749999
v -0.02440684 -0.01965060 0.57749999
v -0.02400000 0.01475000 0.57749999
v -0.02322222 0.01484444 0.57749999
v -0.02248965 0.01512227 0.57749999
v -0.02184485 0.01556734 0.57749999
v -0.02132530 0.01615379 0.57749999
v -0.02096120 0.01684753 0.57749999
v -0.02077370 0.01760826 0.57749999
v -0.02077370 0.01839174 0.57749999
v -0.02096120 0.01915247 0.57749999
v -0.02132530 0.01984621 0.57749999
v -0.02184485 0.02043266 0.57749999
v -0.02248965 0.02087773 0.57749999
v -0.02322222 0.02115556 0.57749999
v -0.02400000 0.02125000 0.57749999
v -0.02477778 0.02115556 0.57749999
v -0.02551035 0.02087773 0.57749999
v -0.02615515 0.02043266 0.57749999
v -0.02667470 0.01984621 0.57749999
v -0.02703880 0.01915247 0.57749999
v -0.02722630 0.01839174 0.57749999
v -0.02722630 0.01760826 0.57749999
v -0.02703880 0.01684753 0.57749999
v -0.02667470 0.01615379 0.57749999
v -0.02615515 0.01556734 0.57749999
v -0.02551035 0.01512227 0.57749999
v -0.02477778 0.01484444 0.57749999
v -0.02400000 0.01630000 0.57749999
v -0.02359316 0.01634940 0.57749999
v -0.02320997 0.01649472 0.57749999
v -0.02287269 0.01672753 0.57749999
v -0.02260093 0.01703429 0.57749999
v -0.02241047 0.01739717 0.57749999
v -0.02231240 0.01779509 0.57749999
v -0.02231240 0.01820491 0.57749999
v -0.02241047 0.01860283 0.57749999
v -0.02260093 0.01896571 0.57749999
v -0.02287269 0.01927247 0.57749999
v -0.02320997 0.01950528 0.57749999
v -0.02359316 0.01965060 0.57749999
v -0.02400000 0.01970000 0.57749999
v -0.02440684 0.01965060 0.57749999
v -0.02479003 0.01950528 0.57749999
v -0.02512731 0.01927247 0.57749999
v -0.02539907 0.01896571 0.57749999
v -0.02558953 0.01860283 0.57749999
v -0.02568761 0.01820491 0.57749999
v -0.02568761 0.01779509 0.57749999
v -0.02558953 0.01739717 0.57749999
v -0.02539907 0.01703429 0.57749999
v -0.02512731 0.01672753 0.57749999
v -0.02479003 0.01649472 0.57749999
v -0.02440684 0.01634940 0.57749999
v 0.02400000 0.01475000 0.57749999
v 0.02477778 0.01484444 0.57749999
v 0.02551035 0.01512227 0.57749999
v 0.02615515 0.01556734 0.57749999
v 0.02667470 0.01615379 0.57749999
v 0.02703880 0.01684753 0.57749999
v 0.02722630 0.01760826 0.57749999
v 0.02722630 0.01839174 0.57749999
v 0.02703880 0.01915247 0.57749999
v 0.02667470 0.01984621 0.57749999
v 0.02615515 0.02043266 0.57749999
v 0.02551035 0.02087773 0.57749999
v 0.02477778 0.02115556 0.57749999
v 0.02400000 0.02125000 0.57749999
v 0.02322222 0.02115556 0.57749999
v 0.02248965 0.02087773 0.57749999
v 0.02184485 0.02043266 0.57749999
v 0.02132530 0.01984621 0.57749999
v 0.02096120 0.01915247 0.57749999
v 0.02077370 0.01839174 0.57749999
v 0.02077370 0.01760826 0.57749999
v 0.02096120 0.01684753 0.57749999
v 0.02132530 0.01615379 0.57749999
v 0.02184485 0.01556734 0.57749999
v 0.02248965 0.01512227 0.57749999
v 0.02322222 0.01484444 0.57749999
v 0.02400000 0.01630000 0.57749999
v 0.02440684 0.01634940 0.57749999
v 0.02479003 0.01649472 0.57749999
v 0.02512731 0.01672753 0.57749999
v 0.02539907 0.01703429 0.57749999
v 0.02558953 0.01739717 0.57749999
v 0.02568761 0.01779509 0.57749999
v 0.02568761 0.01820491 0.57749999
v 0.02558953 0.01860283 0.57749999
v 0.02539907 0.01896571 0.57749999
v 0.02512731 0.01927247 0.57749999
v 0.02479003 0.01950528 0.57749999
v 0.02440684 0.01965060 0.57749999
v 0.02400000 0.01970000 0.57749999
v 0.02359316 0.01965060 0.57749999
v 0.02320997 0.01950528 0.57749999
v 0.02287269 0.01927247 0.57749999
v 0.02260093 0.01896571 0.57749999
v 0.02241047 0.01860283 0.57749999
v 0.02231240 0.01820491 0.57749999
v 0.02231240 0.01779509 0.57749999
v 0.02241047 0.01739717 0.57749999
v 0.02260093 0.01703429 0.57749999
v 0.02287269 0.01672753 0.57749999
v 0.02320997 0.01649472 0.57749999
v 0.02359316 0.01634940 0.57749999
v -0.03750000 0.07900401 0.59500003
v -0.03750000 0.07900401 0.56599998
v -0.03750000 0.06250000 0.56599998
v -0.03750000 0.06250000 0.56849998
v -0.03750000 0.05457107 0.56849998
v -0.03750000 0.05457107 0.59249997
v -0.03750000 0.06000000 0.59249997
v -0.03750000 0.06055630 0.59256268
v -0.03750000 0.06108471 0.59274757
v -0.03750000 0.06155872 0.59304541
v -0.03750000 0.06195458 0.59344125
v -0.03750000 0.06225242 0.59391528
v -0.03750000 0.06243732 0.59444368
v -0.03750000 0.06250000 0.59500003
v -0.03750000 0.07520000 0.58850002
v -0.03750000 0.07515060 0.58809316
v -0.03750000 0.07500528 0.58770996
v -0.03750000 0.07477247 0.58737272
v -0.03750000 0.07446571 0.58710092
v -0.03750000 0.07410283 0.58691049
v -0.03750000 0.07370491 0.58681238
v -0.03750000 0.07329509 0.58681238
v -0.03750000 0.07289717 0.58691049
v -0.03750000 0.07253429 0.58710092
v -0.03750000 0.07222753 0.58737272
v -0.03750000 0.07199472 0.58770996
v -0.03750000 0.07184940 0.58809316
v -0.03750000 0.07180000 0.58850002
v -0.03750000 0.07184940 0.58890682
v -0.03750000 0.07199472 0.58929002
v -0.03750000 0.07222753 0.58962733
v -0.03750000 0.07253429 0.58989906
v -0.03750000 0.07289717 0.59008950
v -0.03750000 0.07329509 0.59018761
v -0.03750000 0.07370491 0.59018761
v -0.03750000 0.07410283 0.59008950
v -0.03750000 0.07446571 0.58989906
v -0.03750000 0.07477247 0.58962733
v -0.03750000 0.07500528 0.58929002
v -0.03750000 0.07515060 0.58890682
v -0.03750000 0.07520000 0.57249999
v -0.03750000 0.07515060 0.57209319
v -0.03750000 0.07500528 0.57170999
v -0.03750000 0.07477247 0.57137269
v -0.03750000 0.07446571 0.57110095
v -0.03750000 0.07410283 0.57091045
v -0.03750000 0.07370491 0.57081240
v -0.03750000 0.07329509 0.57081240
v -0.03750000 0.07289717 0.57091045
v -0.03750000 0.07253429 0.57110095
v -0.03750000 0.07222753 0.57137269
v -0.03750000 0.07199472 0.57170999
v -0.03750000 0.07184940 0.57209319
v -0.03750000 0.07180000 0.57249999
v -0.03750000 0.07184940 0.57290685
v -0.03750000 0.07199472 0.57329005
v -0.03750000 0.07222753 0.57362729
v -0.03750000 0.07253429 0.57389909
v -0.03750000 0.07289717 0.57408953
v -0.03750000 0.07329509 0.57418758
v -0.03750000 0.07370491 0.57418758
v -0.03750000 0.07410283 0.57408953
v -0.03750000 0.07446571 0.57389909
v -0.03750000 0.07477247 0.57362729
v -0.03750000 0.07500528 0.57329005
v -0.03750000 0.07515060 0.57290685
v -0.02400000 0.08500000 0.56349999
v -0.02400000 0.06250000 0.56349999
v -0.02400000 0.08555631 0.56356269
v -0.02400000 0.08608471 0.56374758
v -0.02400000 0.08655872 0.56404543
v -0.02400000 0.08695458 0.56444126
v -0.02400000 0.08725242 0.56491530
v -0.02400000 0.08743732 0.56544369
v -0.02400000 0.08750000 0.56599998
v -0.02400000 0.08750000 0.59500003
v -0.02400000 0.08743732 0.59555632
v -0.02400000 0.08725242 0.59608471
v -0.02400000 0.08695458 0.59655875
v -0.02400000 0.08655872 0.59695458
v -0.02400000 0.08608471 0.59725243
v -0.02400000 0.08555631 0.59743732
v -0.02400000 0.08500000 0.59750003
v -0.02400000 0.06500000 0.59750003
v -0.02400000 0.06444370 0.59743732
v -0.02400000 0.06391529 0.59725243
v -0.02400000 0.06344128 0.59695458
v -0.02400000 0.06304542 0.59655875
v -0.02400000 0.06274758 0.59608471
v -0.02400000 0.06256268 0.59555632
v -0.02400000 0.06250000 0.59500003
v -0.02400000 0.06243732 0.59444368
v -0.02400000 0.06225242 0.59391528
v -0.02400000 0.06195458 0.59344125
v -0.02400000 0.06155872 0.59304541
v -0.02400000 0.06108471 0.59274757
v -0.02400000 0.06055630 0.59256268
v -0.02400000 0.06000000 0.59249997
v -0.02400000 0.05250000 0.59249997
v -0.02400000 0.05250000 0.56849998
v -0.02400000 0.06250000 0.56849998
v -0.02400000 0.07520000 0.58850002
v -0.02400000 0.07515060 0.58890682
v -0.02400000 0.07500528 0.58929002
v -0.02400000 0.07477247 0.58962733
v -0.02400000 0.07446571 0.58989906
v -0.02400000 0.07410283 0.59008950
v -0.02400000 0.07370491 0.59018761
v -0.02400000 0.07329509 0.59018761
v -0.02400000 0.07289717 0.59008950
v -0.02400000 0.07253429 0.58989906
v -0.02400000 0.07222753 0.58962733
v -0.02400000 0.07199472 0.58929002
v -0.02400000 0.07184940 0.58890682
v -0.02400000 0.07180000 0.58850002
v -0.02400000 0.07184940 0.58809316
v -0.02400000 0.07199472 0.58770996
v -0.02400000 0.07222753 0.58737272
v -0.02400000 0.07253429 0.58710092
v -0.02400000 0.07289717 0.58691049
v -0.02400000 0.07329509 0.58681238
v -0.02400000 0.07370491 0.58681238
v -0.02400000 0.07410283 0.58691049
v -0.02400000 0.07446571 0.58710092
v -0.02400000 0.07477247 0.58737272
v -0.02400000 0.07500528 0.58770996
v -0.02400000 0.07515060 0.58809316
v -0.02400000 0.07520000 0.57249999
v -0.02400000 0.07515060 0.57290685
v -0.02400000 0.07500528 0.57329005
v -0.02400000 0.07477247 0.57362729
v -0.02400000 0.07446571 0.57389909
v -0.02400000 0.07410283 0.57408953
v -0.02400000 0.07370491 0.57418758
v -0.02400000 0.07329509 0.57418758
v -0.02400000 0.07289717 0.57408953
v -0.02400000 0.07253429 0.57389909
v -0.02400000 0.07222753 0.57362729
v -0.02400000 0.07199472 0.57329005
v -0.02400000 0.07184940 0.57290685
v -0.02400000 0.07180000 0.57249999
v -0.02400000 0.07184940 0.57209319
v -0.02400000 0.07199472 0.57170999
v -0.02400000 0.07222753 0.57137269
v -0.02400000 0.07253429 0.57110095
v -0.02400000 0.07289717 0.57091045
v -0.02400000 0.07329509 0.57081240
v -0.02400000 0.07370491 0.57081240
v -0.02400000 0.07410283 0.57091045
v -0.02400000 0.07446571 0.57110095
v -0.02400000 0.07477247 0.57137269
v -0.02400000 0.07500528 0.57170999
v -0.02400000 0.07515060 0.57209319
v 0.03750000 0.06000000 0.56849998
v 0.03750000 0.05457107 0.56849998
v 0.03750000 0.06055630 0.56843734
v 0.03750000 0.06108471 0.56825244
v 0.03750000 0.06155872 0.56795460
v 0.03750000 0.06195458 0.56755871
v 0.03750000 0.06225242 0.56708473
v 0.03750000 0.06243732 0.56655627
v 0.03750000 0.06250000 0.56599998
v 0.03750000 0.07900401 0.56599998
v 0.03750000 0.07900401 0.59500003
v 0.03750000 0.06250000 0.59500003
v 0.03750000 0.06250000 0.59249997
v 0.03750000 0.05457107 0.59249997
v 0.03750000 0.07520000 0.58850002
v 0.03750000 0.07515060 0.58890682
v 0.03750000 0.07500528 0.58929002
v 0.03750000 0.07477247 0.58962733
v 0.03750000 0.07446571 0.58989906
v 0.03750000 0.07410283 0.59008950
v 0.03750000 0.07370491 0.59018761
v 0.03750000 0.07329509 0.59018761
v 0.03750000 0.07289717 0.59008950
v 0.03750000 0.07253429 0.58989906
v 0.03750000 0.07222753 0.58962733
v 0.03750000 0.07199472 0.58929002
v 0.03750000 0.07184940 0.58890682
v 0.03750000 0.07180000 0.58850002
v 0.03750000 0.07184940 0.58809316
v 0.03750000 0.07199472 0.58770996
v 0.03750000 0.07222753 0.58737272
v 0.03750000 0.07253429 0.58710092
v 0.03750000 0.07289717 0.58691049
v 0.03750000 0.07329509 0.58681238
v 0.03750000 0.07370491 0.58681238
v 0.03750000 0.07410283 0.58691049
v 0.03750000 0.07446571 0.58710092
v 0.03750000 0.07477247 0.58737272
v 0.03750000 0.07500528 0.58770996
v 0.03750000 0.07515060 0.58809316
v 0.03750000 0.07520000 0.57249999
v 0.03750000 0.07515060 0.57290685
v 0.03750000 0.07500528 0.57329005
v 0.03750000 0.07477247 0.57362729
v 0.03750000 0.07446571 0.57389909
v 0.03750000 0.07410283 0.57408953
v 0.03750000 0.07370491 0.57418758
v 0.03750000 0.07329509 0.57418758
v 0.03750000 0.07289717 0.57408953
v 0.03750000 0.07253429 0.57389909
v 0.03750000 0.07222753 0.57362729
v 0.03750000 0.07199472 0.57329005
v 0.03750000 0.07184940 0.57290685
v 0.03750000 0.07180000 0.57249999
v 0.03750000 0.07184940 0.57209319
v 0.03750000 0.07199472 0.57170999
v 0.03750000 0.07222753 0.57137269
v 0.03750000 0.07253429 0.57110095
v 0.03750000 0.07289717 0.57091045
v 0.03750000 0.07329509 0.57081240
v 0.03750000 0.07370491 0.57081240
v 0.03750000 0.07410283 0.57091045
v 0.03750000 0.07446571 0.57110095
v 0.03750000 0.07477247 0.57137269
v 0.03750000 0.07500528 0.57170999
v 0.03750000 0.07515060 0.57209319
v 0.02400000 0.06500000 0.56349999
v 0.02400000 0.08500000 0.56349999
v 0.02400000 0.06444370 0.56356269
v 0.02400000 0.06391529 0.56374758
v 0.02400000 0.06344128 0.56404543
v 0.02400000 0.06304542 0.56444126
v 0.02400000 0.06274758 0.56491530
v 0.02400000 0.06256268 0.56544369
v 0.02400000 0.06250000 0.56599998
v 0.02400000 0.06243732 0.56655627
v 0.02400000 0.06225242 0.56708473
v 0.02400000 0.06195458 0.56755871
v 0.02400000 0.06155872 0.56795460
v 0.02400000 0.06108471 0.56825244
v 0.02400000 0.06055630 0.56843734
v 0.02400000 0.06000000 0.56849998
v 0.02400000 0.05250000 0.56849998
v 0.02400000 0.05250000 0.59249997
v 0.02400000 0.06250000 0.59249997
v 0.02400000 0.06250000 0.59750003
v 0.02400000 0.08500000 0.59750003
v 0.02400000 0.08555631 0.59743732
v 0.02400000 0.08608471 0.59725243
v 0.02400000 0.08655872 0.59695458
v 0.02400000 0.08695458 0.59655875
v 0.02400000 0.08725242 0.59608471
v 0.02400000 0.08743732 0.59555632
v 0.02400000 0.08750000 0.59500003
v 0.02400000 0.08750000 0.56599998
v 0.02400000 0.08743732 0.56544369
v 0.02400000 0.08725242 0.56491530
v 0.02400000 0.08695458 0.56444126
v 0.02400000 0.08655872 0.56404543
v 0.02400000 0.08608471 0.56374758
v 0.02400000 0.08555631 0.56356269
v 0.02400000 0.07520000 0.58850002
v 0.02400000 0.07515060 0.58809316
v 0.02400000 0.07500528 0.58770996
v 0.02400000 0.07477247 0.58737272
v 0.02400000 0.07446571 0.58710092
v 0.02400000 0.07410283 0.58691049
v 0.02400000 0.07370491 0.58681238
v 0.02400000 0.07329509 0.58681238
v 0.02400000 0.07289717 0.58691049
v 0.02400000 0.07253429 0.58710092
v 0.02400000 0.07222753 0.58737272
v 0.02400000 0.07199472 0.58770996
v 0.02400000 0.07184940 0.58809316
v 0.02400000 0.07180000 0.58850002
v 0.02400000 0.07184940 0.58890682
v 0.02400000 0.07199472 0.58929002
v 0.02400000 0.07222753 0.58962733
v 0.02400000 0.07253429 0.58989906
v 0.02400000 0.07289717 0.59008950
v 0.02400000 0.07329509 0.59018761
v 0.02400000 0.07370491 0.59018761
v 0.02400000 0.07410283 0.59008950
v 0.02400000 0.07446571 0.58989906
v 0.02400000 0.07477247 0.58962733
v 0.02400000 0.07500528 0.58929002
v 0.02400000 0.07515060 0.58890682
v 0.02400000 0.07520000 0.57249999
v 0.02400000 0.07515060 0.57209319
v 0.02400000 0.07500528 0.57170999
v 0.02400000 0.07477247 0.57137269
v 0.02400000 0.07446571 0.57110095
v 0.02400000 0.07410283 0.57091045
v 0.02400000 0.07370491 0.57081240
v 0.02400000 0.07329509 0.57081240
v 0.02400000 0.07289717 0.57091045
v 0.02400000 0.07253429 0.57110095
v 0.02400000 0.07222753 0.57137269
v 0.02400000 0.07199472 0.57170999
v 0.02400000 0.07184940 0.57209319
v 0.02400000 0.07180000 0.57249999
v 0.02400000 0.07184940 0.57290685
v 0.02400000 0.07199472 0.57329005
v 0.02400000 0.07222753 0.57362729
v 0.02400000 0.07253429 0.57389909
v 0.02400000 0.07289717 0.57408953
v 0.02400000 0.07329509 0.57418758
v 0.02400000 0.07370491 0.57418758
v 0.02400000 0.07410283 0.57408953
v 0.02400000 0.07446571 0.57389909
v 0.02400000 0.07477247 0.57362729
v 0.02400000 0.07500528 0.57329005
v 0.02400000 0.07515060 0.57290685
v -0.02400000 -0.08750000 0.56599998
v -0.02400000 -0.08743732 0.56544369
v -0.02400000 -0.08725242 0.56491530
v -0.02400000 -0.08695458 0.56444126
v -0.02400000 -0.08655872 0.56404543
v -0.02400000 -0.08608471 0.56374758
v -0.02400000 -0.08555631 0.56356269
v -0.02400000 -0.08500000 0.56349999
v -0.02400000 -0.08750000 0.59500003
v -0.02400000 -0.08500000 0.59750003
v -0.02400000 -0.08555631 0.59743732
v -0.02400000 -0.08608471 0.59725243
v -0.02400000 -0.08655872 0.59695458
v -0.02400000 -0.08695458 0.59655875
v -0.02400000 -0.08725242 0.59608471
v -0.02400000 -0.08743732 0.59555632
v -0.02400000 -0.06500000 0.59750003
v -0.02400000 -0.06250000 0.59500003
v -0.02400000 -0.06256268 0.59555632
v -0.02400000 -0.06274758 0.59608471
v -0.02400000 -0.06304542 0.59655875
v -0.02400000 -0.06344128 0.59695458
v -0.02400000 -0.06391529 0.59725243
v -0.02400000 -0.06444370 0.59743732
v -0.02400000 -0.06000000 0.59249997
v -0.02400000 -0.06055630 0.59256268
v -0.02400000 -0.06108471 0.59274757
v -0.02400000 -0.06155872 0.59304541
v -0.02400000 -0.06195458 0.59344125
v -0.02400000 -0.06225242 0.59391528
v -0.02400000 -0.06243732 0.59444368
v -0.02400000 -0.05250000 0.59249997
v -0.02400000 -0.05250000 0.56849998
v -0.02400000 -0.06000000 0.56849998
v -0.02400000 -0.06250000 0.56599998
v -0.02400000 -0.06243732 0.56655627
v -0.02400000 -0.06225242 0.56708473
v -0.02400000 -0.06195458 0.56755871
v -0.02400000 -0.06155872 0.56795460
v -0.02400000 -0.06108471 0.56825244
v -0.02400000 -0.06055630 0.56843734
v -0.02400000 -0.06500000 0.56349999
v -0.02400000 -0.06444370 0.56356269
v -0.02400000 -0.06391529 0.56374758
v -0.02400000 -0.06344128 0.56404543
v -0.02400000 -0.06304542 0.56444126
v -0.02400000 -0.06274758 0.56491530
v -0.02400000 -0.06256268 0.56544369
v -0.02400000 -0.07180000 0.58850002
v -0.02400000 -0.07184940 0.58809316
v -0.02400000 -0.07199472 0.58770996
v -0.02400000 -0.07222753 0.58737272
v -0.02400000 -0.07253429 0.58710092
v -0.02400000 -0.07289717 0.58691049
v -0.02400000 -0.07329509 0.58681238
v -0.02400000 -0.07370491 0.58681238
v -0.02400000 -0.07410283 0.58691049
v -0.02400000 -0.07446571 0.58710092
v -0.02400000 -0.07477247 0.58737272
v -0.02400000 -0.07500528 0.58770996
v -0.02400000 -0.07515060 0.58809316
v -0.02400000 -0.07520000 0.58850002
v -0.02400000 -0.07515060 0.58890682
v -0.02400000 -0.07500528 0.58929002
v -0.02400000 -0.07477247 0.58962733
v -0.02400000 -0.07446571 0.58989906
v -0.02400000 -0.07410283 0.59008950
v -0.02400000 -0.07370491 0.59018761
v -0.02400000 -0.07329509 0.59018761
v -0.02400000 -0.07289717 0.59008950
v -0.02400000 -0.07253429 0.58989906
v -0.02400000 -0.07222753 0.58962733
v -0.02400000 -0.07199472 0.58929002
v -0.02400000 -0.07184940 0.58890682
v -0.02400000 -0.07180000 0.57249999
v -0.02400000 -0.07184940 0.57209319
v -0.02400000 -0.07199472 0.57170999
v -0.02400000 -0.07222753 0.57137269
v -0.02400000 -0.07253429 0.57110095
v -0.02400000 -0.07289717 0.57091045
v -0.02400000 -0.07329509 0.57081240
v -0.02400000 -0.07370491 0.57081240
v -0.02400000 -0.07410283 0.57091045
v -0.02400000 -0.07446571 0.57110095
v -0.02400000 -0.07477247 0.57137269
v -0.02400000 -0.07500528 0.57170999
v -0.02400000 -0.07515060 0.57209319
v -0.02400000 -0.07520000 0.57249999
v -0.02400000 -0.07515060 0.57290685
v -0.02400000 -0.07500528 0.57329005
v -0.02400000 -0.07477247 0.57362729
v -0.02400000 -0.07446571 0.57389909
v -0.02400000 -0.07410283 0.57408953
v -0.02400000 -0.07370491 0.57418758
v -0.02400000 -0.07329509 0.57418758
v -0.02400000 -0.07289717 0.57408953
v -0.02400000 -0.07253429 0.57389909
v -0.02400000 -0.07222753 0.57362729
v -0.02400000 -0.07199472 0.57329005
v -0.02400000 -0.07184940 0.57290685
v -0.03750000 -0.06000000 0.56849998
v -0.03750000 -0.06055630 0.56843734
v -0.03750000 -0.06108471 0.56825244
v -0.03750000 -0.06155872 0.56795460
v -0.03750000 -0.06195458 0.56755871
v -0.03750000 -0.06225242 0.56708473
v -0.03750000 -0.06243732 0.56655627
v -0.03750000 -0.06250000 0.56599998
v -0.03750000 -0.05457107 0.56849998
v -0.03750000 -0.05457107 0.59249997
v -0.03750000 -0.06000000 0.59249997
v -0.03750000 -0.06250000 0.59500003
v -0.03750000 -0.06243732 0.59444368
v -0.03750000 -0.06225242 0.59391528
v -0.03750000 -0.06195458 0.59344125
v -0.03750000 -0.06155872 0.59304541
v -0.03750000 -0.06108471 0.59274757
v -0.03750000 -0.06055630 0.59256268
v -0.03750000 -0.07900401 0.59500003
v -0.03750000 -0.07900401 0.56599998
v -0.03750000 -0.07180000 0.58850002
v -0.03750000 -0.07184940 0.58809316
v -0.03750000 -0.07199472 0.58770996
v -0.03750000 -0.07222753 0.58737272
v -0.03750000 -0.07253429 0.58710092
v -0.03750000 -0.07289717 0.58691049
v -0.03750000 -0.07329509 0.58681238
v -0.03750000 -0.07370491 0.58681238
v -0.03750000 -0.07410283 0.58691049
v -0.03750000 -0.07446571 0.58710092
v -0.03750000 -0.07477247 0.58737272
v -0.03750000 -0.07500528 0.58770996
v -0.03750000 -0.07515060 0.58809316
v -0.03750000 -0.07520000 0.58850002
v -0.03750000 -0.07515060 0.58890682
v -0.03750000 -0.07500528 0.58929002
v -0.03750000 -0.07477247 0.58962733
v -0.03750000 -0.07446571 0.58989906
v -0.03750000 -0.07410283 0.59008950
v -0.03750000 -0.07370491 0.59018761
v -0.03750000 -0.07329509 0.59018761
v -0.03750000 -0.07289717 0.59008950
v -0.03750000 -0.07253429 0.58989906
v -0.03750000 -0.07222753 0.58962733
v -0.03750000 -0.07199472 0.58929002
v -0.03750000 -0.07184940 0.58890682
v -0.03750000 -0.07180000 0.57249999
v -0.03750000 -0.07184940 0.57290685
v -0.03750000 -0.07199472 0.57329005
v -0.03750000 -0.07222753 0.57362729
v -0.03750000 -0.07253429 0.57389909
v -0.03750000 -0.07289717 0.57408953
v -0.03750000 -0.07329509 0.57418758
v -0.03750000 -0.07370491 0.57418758
v -0.03750000 -0.07410283 0.57408953
v -0.03750000 -0.07446571 0.57389909
v -0.03750000 -0.07477247 0.57362729
v -0.03750000 -0.07500528 0.57329005
v -0.03750000 -0.07515060 0.57290685
v -0.03750000 -0.07520000 0.57249999
v -0.03750000 -0.07515060 0.57209319
v -0.03750000 -0.07500528 0.57170999
v -0.03750000 -0.07477247 0.57137269
v -0.03750000 -0.07446571 0.57110095
v -0.03750000 -0.07410283 0.57091045
v -0.03750000 -0.07370491 0.57081240
v -0.03750000 -0.07329509 0.57081240
v -0.03750000 -0.07289717 0.57091045
v -0.03750000 -0.07253429 0.57110095
v -0.03750000 -0.07222753 0.57137269
v -0.03750000 -0.07199472 0.57170999
v -0.03750000 -0.07184940 0.57209319
v 0.02400000 -0.05250000 0.59249997
v 0.02400000 -0.05250000 0.56849998
v 0.02400000 -0.06000000 0.59249997
v 0.02400000 -0.06250000 0.59500003
v 0.02400000 -0.06243732 0.59444368
v 0.02400000 -0.06225242 0.59391528
v 0.02400000 -0.06195458 0.59344125
v 0.02400000 -0.06155872 0.59304541
v 0.02400000 -0.06108471 0.59274757
v 0.02400000 -0.06055630 0.59256268
v 0.02400000 -0.06500000 0.59750003
v 0.02400000 -0.06444370 0.59743732
v 0.02400000 -0.06391529 0.59725243
v 0.02400000 -0.06344128 0.59695458
v 0.02400000 -0.06304542 0.59655875
v 0.02400000 -0.06274758 0.59608471
v 0.02400000 -0.06256268 0.59555632
v 0.02400000 -0.08500000 0.59750003
v 0.02400000 -0.08750000 0.59500003
v 0.02400000 -0.08743732 0.59555632
v 0.02400000 -0.08725242 0.59608471
v 0.02400000 -0.08695458 0.59655875
v 0.02400000 -0.08655872 0.59695458
v 0.02400000 -0.08608471 0.59725243
v 0.02400000 -0.08555631 0.59743732
v 0.02400000 -0.08750000 0.56599998
v 0.02400000 -0.08500000 0.56349999
v 0.02400000 -0.08555631 0.56356269
v 0.02400000 -0.08608471 0.56374758
v 0.02400000 -0.08655872 0.56404543
v 0.02400000 -0.08695458 0.56444126
v 0.02400000 -0.08725242 0.56491530
v 0.02400000 -0.08743732 0.56544369
v 0.02400000 -0.06500000 0.56349999
v 0.02400000 -0.06250000 0.56599998
v 0.02400000 -0.06256268 0.56544369
v 0.02400000 -0.06274758 0.56491530
v 0.02400000 -0.06304542 0.56444126
v 0.02400000 -0.06344128 0.56404543
v 0.02400000 -0.06391529 0.56374758
v 0.02400000 -0.06444370 0.56356269
v 0.02400000 -0.06000000 0.56849998
v 0.02400000 -0.06055630 0.56843734
v 0.02400000 -0.06108471 0.56825244
v 0.02400000 -0.06155872 0.56795460
v 0.02400000 -0.06195458 0.56755871
v 0.02400000 -0.06225242 0.56708473
v 0.02400000 -0.06243732 0.56655627
v 0.02400000 -0.07180000 0.58850002
v 0.02400000 -0.07184940 0.58890682
v 0.02400000 -0.07199472 0.58929002
v 0.02400000 -0.07222753 0.58962733
v 0.02400000 -0.07253429 0.58989906
v 0.02400000 -0.07289717 0.59008950
v 0.02400000 -0.07329509 0.59018761
v 0.02400000 -0.07370491 0.59018761
v 0.02400000 -0.07410283 0.59008950
v 0.02400000 -0.07446571 0.58989906
v 0.02400000 -0.07477247 0.58962733
v 0.02400000 -0.07500528 0.58929002
v 0.02400000 -0.07515060 0.58890682
v 0.02400000 -0.07520000 0.58850002
v 0.02400000 -0.07515060 0.58809316
v 0.02400000 -0.07500528 0.58770996
v 0.02400000 -0.07477247 0.58737272
v 0.02400000 -0.07446571 0.58710092
v 0.02400000 -0.07410283 0.58691049
v 0.02400000 -0.07370491 0.58681238
v 0.02400000 -0.07329509 0.58681238
v 0.02400000 -0.07289717 0.58691049
v 0.02400000 -0.07253429 0.58710092
v 0.02400000 -0.07222753 0.58737272
v 0.02400000 -0.07199472 0.58770996
v 0.02400000 -0.07184940 0.58809316
v 0.02400000 -0.07180000 0.57249999
v 0.02400000 -0.07184940 0.57290685
v 0.02400000 -0.07199472 0.57329005
v 0.02400000 -0.07222753 0.57362729
v 0.02400000 -0.07253429 0.57389909
v 0.02400000 -0.07289717 0.57408953
v 0.02400000 -0.07329509 0.57418758
v 0.02400000 -0.07370491 0.57418758
v 0.02400000 -0.07410283 0.57408953
v 0.02400000 -0.07446571 0.57389909
v 0.02400000 -0.07477247 0.57362729
v 0.02400000 -0.07500528 0.57329005
v 0.02400000 -0.07515060 0.57290685
v 0.02400000 -0.07520000 0.57249999
v 0.02400000 -0.07515060 0.57209319
v 0.02400000 -0.07500528 0.57170999
v 0.02400000 -0.07477247 0.57137269
v 0.02400000 -0.07446571 0.57110095
v 0.02400000 -0.07410283 0.57091045
v 0.02400000 -0.07370491 0.57081240
v 0.02400000 -0.07329509 0.57081240
v 0.02400000 -0.07289717 0.57091045
v 0.02400000 -0.07253429 0.57110095
v 0.02400000 -0.07222753 0.57137269
v 0.02400000 -0.07199472 0.57170999
v 0.02400000 -0.07184940 0.57209319
v 0.03750000 -0.06250000 0.59500003
v 0.03750000 -0.07900401 0.59500003
v 0.03750000 -0.06000000 0.59249997
v 0.03750000 -0.06055630 0.59256268
v 0.03750000 -0.06108471 0.59274757
v 0.03750000 -0.06155872 0.59304541
v 0.03750000 -0.06195458 0.59344125
v 0.03750000 -0.06225242 0.59391528
v 0.03750000 -0.06243732 0.59444368
v 0.03750000 -0.05457107 0.59249997
v 0.03750000 -0.05457107 0.56849998
v 0.03750000 -0.06000000 0.56849998
v 0.03750000 -0.06250000 0.56599998
v 0.03750000 -0.06243732 0.56655627
v 0.03750000 -0.06225242 0.56708473
v 0.03750000 -0.06195458 0.56755871
v 0.03750000 -0.06155872 0.56795460
v 0.03750000 -0.06108471 0.56825244
v 0.03750000 -0.06055630 0.56843734
v 0.03750000 -0.07900401 0.56599998
v 0.03750000 -0.07180000 0.58850002
v 0.03750000 -0.07184940 0.58809316
v 0.03750000 -0.07199472 0.58770996
v 0.03750000 -0.07222753 0.58737272
v 0.03750000 -0.07253429 0.58710092
v 0.03750000 -0.07289717 0.58691049
v 0.03750000 -0.07329509 0.58681238
v 0.03750000 -0.07370491 0.58681238
v 0.03750000 -0.07410283 0.58691049
v 0.03750000 -0.07446571 0.58710092
v 0.03750000 -0.07477247 0.58737272
v 0.03750000 -0.07500528 0.58770996
v 0.03750000 -0.07515060 0.58809316
v 0.03750000 -0.07520000 0.58850002
v 0.03750000 -0.07515060 0.58890682
v 0.03750000 -0.07500528 0.58929002
v 0.03750000 -0.07477247 0.58962733
v 0.03750000 -0.07446571 0.58989906
v 0.03750000 -0.07410283 0.59008950
v 0.03750000 -0.07370491 0.59018761
v 0.03750000 -0.07329509 0.59018761
v 0.03750000 -0.07289717 0.59008950
v 0.03750000 -0.07253429 0.58989906
v 0.03750000 -0.07222753 0.58962733
v 0.03750000 -0.07199472 0.58929002
v 0.03750000 -0.07184940 0.58890682
v 0.03750000 -0.07180000 0.57249999
v 0.03750000 -0.07184940 0.57290685
v 0.03750000 -0.07199472 0.57329005
v 0.03750000 -0.07222753 0.57362729
v 0.03750000 -0.07253429 0.57389909
v 0.03750000 -0.07289717 0.57408953
v 0.03750000 -0.07329509 0.57418758
v 0.03750000 -0.07370491 0.57418758
v 0.03750000 -0.07410283 0.57408953
v 0.03750000 -0.07446571 0.57389909
v 0.03750000 -0.07477247 0.57362729
v 0.03750000 -0.07500528 0.57329005
v 0.03750000 -0.07515060 0.57290685
v 0.03750000 -0.07520000 0.57249999
v 0.03750000 -0.07515060 0.57209319
v 0.03750000 -0.07500528 0.57170999
v 0.03750000 -0.07477247 0.57137269
v 0.03750000 -0.07446571 0.57110095
v 0.03750000 -0.07410283 0.57091045
v 0.03750000 -0.07370491 0.57081240
v 0.03750000 -0.07329509 0.57081240
v 0.03750000 -0.07289717 0.57091045
v 0.03750000 -0.07253429 0.57110095
v 0.03750000 -0.07222753 0.57137269
v 0.03750000 -0.07199472 0.57170999
v 0.03750000 -0.07184940 0.57209319
v 0.08500000 -0.02400000 0.59750003
v 0.08555631 -0.02400000 0.59743732
v 0.08608471 -0.02400000 0.59725243
v 0.08655872 -0.02400000 0.59695458
v 0.08695458 -0.02400000 0.59655875
v 0.08725242 -0.02400000 0.59608471
v 0.08743732 -0.02400000 0.59555632
v 0.08750000 -0.02400000 0.59500003
v 0.06500000 -0.02400000 0.59750003
v 0.06250000 -0.02400000 0.59500003
v 0.06256268 -0.02400000 0.59555632
v 0.06274758 -0.02400000 0.59608471
v 0.06304542 -0.02400000 0.59655875
v 0.06344128 -0.02400000 0.59695458
v 0.06391529 -0.02400000 0.59725243
v 0.06444370 -0.02400000 0.59743732
v 0.06000000 -0.02400000 0.59249997
v 0.06055630 -0.02400000 0.59256268
v 0.06108471 -0.02400000 0.59274757
v 0.06155872 -0.02400000 0.59304541
v 0.06195458 -0.02400000 0.59344125
v 0.06225242 -0.02400000 0.59391528
v 0.06243732 -0.02400000 0.59444368
v 0.05250000 -0.02400000 0.59249997
v 0.05250000 -0.02400000 0.56849998
v 0.06000000 -0.02400000 0.56849998
v 0.06250000 -0.02400000 0.56599998
v 0.06243732 -0.02400000 0.56655627
v 0.06225242 -0.02400000 0.56708473
v 0.06195458 -0.02400000 0.56755871
v 0.06155872 -0.02400000 0.56795460
v 0.06108471 -0.02400000 0.56825244
v 0.06055630 -0.02400000 0.56843734
v 0.06500000 -0.02400000 0.56349999
v 0.06444370 -0.02400000 0.56356269
v 0.06391529 -0.02400000 0.56374758
v 0.06344128 -0.02400000 0.56404543
v 0.06304542 -0.02400000 0.56444126
v 0.06274758 -0.02400000 0.56491530
v 0.06256268 -0.02400000 0.56544369
v 0.08500000 -0.02400000 0.56349999
v 0.08750000 -0.02400000 0.56599998
v 0.08743732 -0.02400000 0.56544369
v 0.08725242 -0.02400000 0.56491530
v 0.08695458 -0.02400000 0.56444126
v 0.08655872 -0.02400000 0.56404543
v 0.08608471 -0.02400000 0.56374758
v 0.08555631 -0.02400000 0.56356269
v 0.07520000 -0.02400000 0.58850002
v 0.07515060 -0.02400000 0.58809316
v 0.07500528 -0.02400000 0.58770996
v 0.07477247 -0.02400000 0.58737272
v 0.07446571 -0.02400000 0.58710092
v 0.07410283 -0.02400000 0.58691049
v 0.07370491 -0.02400000 0.58681238
v 0.07329509 -0.02400000 0.58681238
v 0.07289717 -0.02400000 0.58691049
v 0.07253429 -0.02400000 0.58710092
v 0.07222753 -0.02400000 0.58737272
v 0.07199472 -0.02400000 0.58770996
v 0.07184940 -0.02400000 0.58809316
v 0.07180000 -0.02400000 0.58850002
v 0.07184940 -0.02400000 0.58890682
v 0.07199472 -0.02400000 0.58929002
v 0.07222753 -0.02400000 0.58962733
v 0.07253429 -0.02400000 0.58989906
v 0.07289717 -0.02400000 0.59008950
v 0.07329509 -0.02400000 0.59018761
v 0.07370491 -0.02400000 0.59018761
v 0.07410283 -0.02400000 0.59008950
v 0.07446571 -0.02400000 0.58989906
v 0.07477247 -0.02400000 0.58962733
v 0.07500528 -0.02400000 0.58929002
v 0.07515060 -0.02400000 0.58890682
v 0.07520000 -0.02400000 0.57249999
v 0.07515060 -0.02400000 0.57290685
v 0.07500528 -0.02400000 0.57329005
v 0.07477247 -0.02400000 0.57362729
v 0.07446571 -0.02400000 0.57389909
v 0.07410283 -0.02400000 0.57408953
v 0.07370491 -0.02400000 0.57418758
v 0.07329509 -0.02400000 0.57418758
v 0.07289717 -0.02400000 0.57408953
v 0.07253429 -0.02400000 0.57389909
v 0.07222753 -0.02400000 0.57362729
v 0.07199472 -0.02400000 0.57329005
v 0.07184940 -0.02400000 0.57290685
v 0.07180000 -0.02400000 0.57249999
v 0.07184940 -0.02400000 0.57209319
v 0.07199472 -0.02400000 0.57170999
v 0.07222753 -0.02400000 0.57137269
v 0.07253429 -0.02400000 0.57110095
v 0.07289717 -0.02400000 0.57091045
v 0.07329509 -0.02400000 0.57081240
v 0.07370491 -0.02400000 0.57081240
v 0.07410283 -0.02400000 0.57091045
v 0.07446571 -0.02400000 0.57110095
v 0.07477247 -0.02400000 0.57137269
v 0.07500528 -0.02400000 0.57170999
v 0.07515060 -0.02400000 0.57209319
v 0.06000000 -0.03750000 0.56849998
v 0.06055630 -0.03750000 0.56843734
v 0.06108471 -0.03750000 0.56825244
v 0.06155872 -0.03750000 0.56795460
v 0.06195458 -0.03750000 0.56755871
v 0.06225242 -0.03750000 0.56708473
v 0.06243732 -0.03750000 0.56655627
v 0.06250000 -0.03750000 0.56599998
v 0.05457107 -0.03750000 0.56849998
v 0.05457107 -0.03750000 0.59249997
v 0.06000000 -0.03750000 0.59249997
v 0.06250000 -0.03750000 0.59500003
v 0.06243732 -0.03750000 0.59444368
v 0.06225242 -0.03750000 0.59391528
v 0.06195458 -0.03750000 0.59344125
v 0.06155872 -0.03750000 0.59304541
v 0.06108471 -0.03750000 0.59274757
v 0.06055630 -0.03750000 0.59256268
v 0.07900401 -0.03750000 0.59500003
v 0.07900401 -0.03750000 0.56599998
v 0.07520000 -0.03750000 0.58850002
v 0.07515060 -0.03750000 0.58890682
v 0.07500528 -0.03750000 0.58929002
v 0.07477247 -0.03750000 0.58962733
v 0.07446571 -0.03750000 0.58989906
v 0.07410283 -0.03750000 0.59008950
v 0.07370491 -0.03750000 0.59018761
v 0.07329509 -0.03750000 0.59018761
v 0.07289717 -0.03750000 0.59008950
v 0.07253429 -0.03750000 0.58989906
v 0.07222753 -0.03750000 0.58962733
v 0.07199472 -0.03750000 0.58929002
v 0.07184940 -0.03750000 0.58890682
v 0.07180000 -0.03750000 0.58850002
v 0.07184940 -0.03750000 0.58809316
v 0.07199472 -0.03750000 0.58770996
v 0.07222753 -0.03750000 0.58737272
v 0.07253429 -0.03750000 0.58710092
v 0.07289717 -0.03750000 0.58691049
v 0.07329509 -0.03750000 0.58681238
v 0.07370491 -0.03750000 0.58681238
v 0.07410283 -0.03750000 0.58691049
v 0.07446571 -0.03750000 0.58710092
v 0.07477247 -0.03750000 0.58737272
v 0.07500528 -0.03750000 0.58770996
v 0.07515060 -0.03750000 0.58809316
v 0.07520000 -0.03750000 0.57249999
v 0.07515060 -0.03750000 0.57290685
v 0.07500528 -0.03750000 0.57329005
v 0.07477247 -0.03750000 0.57362729
v 0.07446571 -0.03750000 0.57389909
v 0.07410283 -0.03750000 0.57408953
v 0.07370491 -0.03750000 0.57418758
v 0.07329509 -0.03750000 0.57418758
v 0.07289717 -0.03750000 0.57408953
v 0.07253429 -0.03750000 0.57389909
v 0.07222753 -0.03750000 0.57362729
v 0.07199472 -0.03750000 0.57329005
v 0.07184940 -0.03750000 0.57290685
v 0.07180000 -0.03750000 0.57249999
v 0.07184940 -0.03750000 0.57209319
v 0.07199472 -0.03750000 0.57170999
v 0.07222753 -0.03750000 0.57137269
v 0.07253429 -0.03750000 0.57110095
v 0.07289717 -0.03750000 0.57091045
v 0.07329509 -0.03750000 0.57081240
v 0.07370491 -0.03750000 0.57081240
v 0.07410283 -0.03750000 0.57091045
v 0.07446571 -0.03750000 0.57110095
v 0.07477247 -0.03750000 0.57137269
v 0.07500528 -0.03750000 0.57170999
v 0.07515060 -0.03750000 0.57209319
v 0.06250000 0.02400000 0.56599998
v 0.06256268 0.02400000 0.56544369
v 0.06274758 0.02400000 0.56491530
v 0.06304542 0.02400000 0.56444126
v 0.06344128 0.02400000 0.56404543
v 0.06391529 0.02400000 0.56374758
v 0.06444370 0.02400000 0.56356269
v 0.06500000 0.02400000 0.56349999
v 0.06000000 0.02400000 0.56849998
v 0.06055630 0.02400000 0.56843734
v 0.06108471 0.02400000 0.56825244
v 0.06155872 0.02400000 0.56795460
v 0.06195458 0.02400000 0.56755871
v 0.06225242 0.02400000 0.56708473
v 0.06243732 0.02400000 0.56655627
v 0.05250000 0.02400000 0.56849998
v 0.05250000 0.02400000 0.59249997
v 0.06000000 0.02400000 0.59249997
v 0.06250000 0.02400000 0.59500003
v 0.06243732 0.02400000 0.59444368
v 0.06225242 0.02400000 0.59391528
v 0.06195458 0.02400000 0.59344125
v 0.06155872 0.02400000 0.59304541
v 0.06108471 0.02400000 0.59274757
v 0.06055630 0.02400000 0.59256268
v 0.06500000 0.02400000 0.59750003
v 0.06444370 0.02400000 0.59743732
v 0.06391529 0.02400000 0.59725243
v 0.06344128 0.02400000 0.59695458
v 0.06304542 0.02400000 0.59655875
v 0.06274758 0.02400000 0.59608471
v 0.06256268 0.02400000 0.59555632
v 0.08500000 0.02400000 0.59750003
v 0.08750000 0.02400000 0.59500003
v 0.08743732 0.02400000 0.59555632
v 0.08725242 0.02400000 0.59608471
v 0.08695458 0.02400000 0.59655875
v 0.08655872 0.02400000 0.59695458
v 0.08608471 0.02400000 0.59725243
v 0.08555631 0.02400000 0.59743732
v 0.08750000 0.02400000 0.56599998
v 0.08500000 0.02400000 0.56349999
v 0.08555631 0.02400000 0.56356269
v 0.08608471 0.02400000 0.56374758
v 0.08655872 0.02400000 0.56404543
v 0.08695458 0.02400000 0.56444126
v 0.08725242 0.02400000 0.56491530
v 0.08743732 0.02400000 0.56544369
v 0.07520000 0.02400000 0.58850002
v 0.07515060 0.02400000 0.58890682
v 0.07500528 0.02400000 0.58929002
v 0.07477247 0.02400000 0.58962733
v 0.07446571 0.02400000 0.58989906
v 0.07410283 0.02400000 0.59008950
v 0.07370491 0.02400000 0.59018761
v 0.07329509 0.02400000 0.59018761
v 0.07289717 0.02400000 0.59008950
v 0.07253429 0.02400000 0.58989906
v 0.07222753 0.02400000 0.58962733
v 0.07199472 0.02400000 0.58929002
v 0.07184940 0.02400000 0.58890682
v 0.07180000 0.02400000 0.58850002
v 0.07184940 0.02400000 0.58809316
v 0.07199472 0.02400000 0.58770996
v 0.07222753 0.02400000 0.58737272
v 0.07253429 0.02400000 0.58710092
v 0.07289717 0.02400000 0.58691049
v 0.07329509 0.02400000 0.58681238
v 0.07370491 0.02400000 0.58681238
v 0.07410283 0.02400000 0.58691049
v 0.07446571 0.02400000 0.58710092
v 0.07477247 0.02400000 0.58737272
v 0.07500528 0.02400000 0.58770996
v 0.07515060 0.02400000 0.58809316
v 0.07520000 0.02400000 0.57249999
v 0.07515060 0.02400000 0.57209319
v 0.07500528 0.02400000 0.57170999
v 0.07477247 0.02400000 0.57137269
v 0.07446571 0.02400000 0.57110095
v 0.07410283 0.02400000 0.57091045
v 0.07370491 0.02400000 0.57081240
v 0.07329509 0.02400000 0.57081240
v 0.07289717 0.02400000 0.57091045
v 0.07253429 0.02400000 0.57110095
v 0.07222753 0.02400000 0.57137269
v 0.07199472 0.02400000 0.57170999
v 0.07184940 0.02400000 0.57209319
v 0.07180000 0.02400000 0.57249999
v 0.07184940 0.02400000 0.57290685
v 0.07199472 0.02400000 0.57329005
v 0.07222753 0.02400000 0.57362729
v 0.07253429 0.02400000 0.57389909
v 0.07289717 0.02400000 0.57408953
v 0.07329509 0.02400000 0.57418758
v 0.07370491 0.02400000 0.57418758
v 0.07410283 0.02400000 0.57408953
v 0.07446571 0.02400000 0.57389909
v 0.07477247 0.02400000 0.57362729
v 0.07500528 0.02400000 0.57329005
v 0.07515060 0.02400000 0.57290685
v 0.06250000 0.03750000 0.59500003
v 0.07900401 0.03750000 0.59500003
v 0.06000000 0.03750000 0.59249997
v 0.06055630 0.03750000 0.59256268
v 0.06108471 0.03750000 0.59274757
v 0.06155872 0.03750000 0.59304541
v 0.06195458 0.03750000 0.59344125
v 0.06225242 0.03750000 0.59391528
v 0.06243732 0.03750000 0.59444368
v 0.05457107 0.03750000 0.59249997
v 0.05457107 0.03750000 0.56849998
v 0.06000000 0.03750000 0.56849998
v 0.06250000 0.03750000 0.56599998
v 0.06243732 0.03750000 0.56655627
v 0.06225242 0.03750000 0.56708473
v 0.06195458 0.03750000 0.56755871
v 0.06155872 0.03750000 0.56795460
v 0.06108471 0.03750000 0.56825244
v 0.06055630 0.03750000 0.56843734
v 0.07900401 0.03750000 0.56599998
v 0.07520000 0.03750000 0.58850002
v 0.07515060 0.03750000 0.58809316
v 0.07500528 0.03750000 0.58770996
v 0.07477247 0.03750000 0.58737272
v 0.07446571 0.03750000 0.58710092
v 0.07410283 0.03750000 0.58691049
v 0.07370491 0.03750000 0.58681238
v 0.07329509 0.03750000 0.58681238
v 0.07289717 0.03750000 0.58691049
v 0.07253429 0.03750000 0.58710092
v 0.07222753 0.03750000 0.58737272
v 0.07199472 0.03750000 0.58770996
v 0.07184940 0.03750000 0.58809316
v 0.07180000 0.03750000 0.58850002
v 0.07184940 0.03750000 0.58890682
v 0.07199472 0.03750000 0.58929002
v 0.07222753 0.03750000 0.58962733
v 0.07253429 0.03750000 0.58989906
v 0.07289717 0.03750000 0.59008950
v 0.07329509 0.03750000 0.59018761
v 0.07370491 0.03750000 0.59018761
v 0.07410283 0.03750000 0.59008950
v 0.07446571 0.03750000 0.58989906
v 0.07477247 0.03750000 0.58962733
v 0.07500528 0.03750000 0.58929002
v 0.07515060 0.03750000 0.58890682
v 0.07520000 0.03750000 0.57249999
v 0.07515060 0.03750000 0.57290685
v 0.07500528 0.03750000 0.57329005
v 0.07477247 0.03750000 0.57362729
v 0.07446571 0.03750000 0.57389909
v 0.07410283 0.03750000 0.57408953
v 0.07370491 0.03750000 0.57418758
v 0.07329509 0.03750000 0.57418758
v 0.07289717 0.03750000 0.57408953
v 0.07253429 0.03750000 0.57389909
v 0.07222753 0.03750000 0.57362729
v 0.07199472 0.03750000 0.57329005
v 0.07184940 0.03750000 0.57290685
v 0.07180000 0.03750000 0.57249999
v 0.07184940 0.03750000 0.57209319
v 0.07199472 0.03750000 0.57170999
v 0.07222753 0.03750000 0.57137269
v 0.07253429 0.03750000 0.57110095
v 0.07289717 0.03750000 0.57091045
v 0.07329509 0.03750000 0.57081240
v 0.07370491 0.03750000 0.57081240
v 0.07410283 0.03750000 0.57091045
v 0.07446571 0.03750000 0.57110095
v 0.07477247 0.03750000 0.57137269
v 0.07500528 0.03750000 0.57170999
v 0.07515060 0.03750000 0.57209319
v -0.07900401 -0.03750000 0.59500003
v -0.07900401 -0.03750000 0.56599998
v -0.06250000 -0.03750000 0.56599998
v -0.06243732 -0.03750000 0.56655627
v -0.06225242 -0.03750000 0.56708473
v -0.06195458 -0.03750000 0.56755871
v -0.06155872 -0.03750000 0.56795460
v -0.06108471 -0.03750000 0.56825244
v -0.06055630 -0.03750000 0.56843734
v -0.06000000 -0.03750000 0.56849998
v -0.05457107 -0.03750000 0.56849998
v -0.05457107 -0.03750000 0.59249997
v -0.06000000 -0.03750000 0.59249997
v -0.06055630 -0.03750000 0.59256268
v -0.06108471 -0.03750000 0.59274757
v -0.06155872 -0.03750000 0.59304541
v -0.06195458 -0.03750000 0.59344125
v -0.06225242 -0.03750000 0.59391528
v -0.06243732 -0.03750000 0.59444368
v -0.06250000 -0.03750000 0.59500003
v -0.07520000 -0.03750000 0.58850002
v -0.07515060 -0.03750000 0.58809316
v -0.07500528 -0.03750000 0.58770996
v -0.07477247 -0.03750000 0.58737272
v -0.07446571 -0.03750000 0.58710092
v -0.07410283 -0.03750000 0.58691049
v -0.07370491 -0.03750000 0.58681238
v -0.07329509 -0.03750000 0.58681238
v -0.07289717 -0.03750000 0.58691049
v -0.07253429 -0.03750000 0.58710092
v -0.07222753 -0.03750000 0.58737272
v -0.07199472 -0.03750000 0.58770996
v -0.07184940 -0.03750000 0.58809316
v -0.07180000 -0.03750000 0.58850002
v -0.07184940 -0.03750000 0.58890682
v -0.07199472 -0.03750000 0.58929002
v -0.07222753 -0.03750000 0.58962733
v -0.07253429 -0.03750000 0.58989906
v -0.07289717 -0.03750000 0.59008950
v -0.07329509 -0.03750000 0.59018761
v -0.07370491 -0.03750000 0.59018761
v -0.07410283 -0.03750000 0.59008950
v -0.07446571 -0.03750000 0.58989906
v -0.07477247 -0.03750000 0.58962733
v -0.07500528 -0.03750000 0.58929002
v -0.07515060 -0.03750000 0.58890682
v -0.07520000 -0.03750000 0.57249999
v -0.07515060 -0.03750000 0.57209319
v -0.07500528 -0.03750000 0.57170999
v -0.07477247 -0.03750000 0.57137269
v -0.07446571 -0.03750000 0.57110095
v -0.07410283 -0.03750000 0.57091045
v -0.07370491 -0.03750000 0.57081240
v -0.07329509 -0.03750000 0.57081240
v -0.07289717 -0.03750000 0.57091045
v -0.07253429 -0.03750000 0.57110095
v -0.07222753 -0.03750000 0.57137269
v -0.07199472 -0.03750000 0.57170999
v -0.07184940 -0.03750000 0.57209319
v -0.07180000 -0.03750000 0.57249999
v -0.07184940 -0.03750000 0.57290685
v -0.07199472 -0.03750000 0.57329005
v -0.07222753 -0.03750000 0.57362729
v -0.07253429 -0.03750000 0.57389909
v -0.07289717 -0.03750000 0.57408953
v -0.07329509 -0.03750000 0.57418758
v -0.07370491 -0.03750000 0.57418758
v -0.07410283 -0.03750000 0.57408953
v -0.07446571 -0.03750000 0.57389909
v -0.07477247 -0.03750000 0.57362729
v -0.07500528 -0.03750000 0.57329005
v -0.07515060 -0.03750000 0.57290685
v -0.08500000 -0.02400000 0.56349999
v -0.06500000 -0.02400000 0.56349999
v -0.08555631 -0.02400000 0.56356269
v -0.08608471 -0.02400000 0.56374758
v -0.08655872 -0.02400000 0.56404543
v -0.08695458 -0.02400000 0.56444126
v -0.08725242 -0.02400000 0.56491530
v -0.08743732 -0.02400000 0.56544369
v -0.08750000 -0.02400000 0.56599998
v -0.08750000 -0.02400000 0.59500003
v -0.08743732 -0.02400000 0.59555632
v -0.08725242 -0.02400000 0.59608471
v -0.08695458 -0.02400000 0.59655875
v -0.08655872 -0.02400000 0.59695458
v -0.08608471 -0.02400000 0.59725243
v -0.08555631 -0.02400000 0.59743732
v -0.08500000 -0.02400000 0.59750003
v -0.06500000 -0.02400000 0.59750003
v -0.06444370 -0.02400000 0.59743732
v -0.06391529 -0.02400000 0.59725243
v -0.06344128 -0.02400000 0.59695458
v -0.06304542 -0.02400000 0.59655875
v -0.06274758 -0.02400000 0.59608471
v -0.06256268 -0.02400000 0.59555632
v -0.06250000 -0.02400000 0.59500003
v -0.06243732 -0.02400000 0.59444368
v -0.06225242 -0.02400000 0.59391528
v -0.06195458 -0.02400000 0.59344125
v -0.06155872 -0.02400000 0.59304541
v -0.06108471 -0.02400000 0.59274757
v -0.06055630 -0.02400000 0.59256268
v -0.06000000 -0.02400000 0.59249997
v -0.05250000 -0.02400000 0.59249997
v -0.05250000 -0.02400000 0.56849998
v -0.06000000 -0.02400000 0.56849998
v -0.06055630 -0.02400000 0.56843734
v -0.06108471 -0.02400000 0.56825244
v -0.06155872 -0.02400000 0.56795460
v -0.06195458 -0.02400000 0.56755871
v -0.06225242 -0.02400000 0.56708473
v -0.06243732 -0.02400000 0.56655627
v -0.06250000 -0.02400000 0.56599998
v -0.06256268 -0.02400000 0.56544369
v -0.06274758 -0.02400000 0.56491530
v -0.06304542 -0.02400000 0.56444126
v -0.06344128 -0.02400000 0.56404543
v -0.06391529 -0.02400000 0.56374758
v -0.06444370 -0.02400000 0.56356269
v -0.07520000 -0.02400000 0.58850002
v -0.07515060 -0.02400000 0.58809316
v -0.07500528 -0.02400000 0.58770996
v -0.07477247 -0.02400000 0.58737272
v -0.07446571 -0.02400000 0.58710092
v -0.07410283 -0.02400000 0.58691049
v -0.07370491 -0.02400000 0.58681238
v -0.07329509 -0.02400000 0.58681238
v -0.07289717 -0.02400000 0.58691049
v -0.07253429 -0.02400000 0.58710092
v -0.07222753 -0.02400000 0.58737272
v -0.07199472 -0.02400000 0.58770996
v -0.07184940 -0.02400000 0.58809316
v -0.07180000 -0.02400000 0.58850002
v -0.07184940 -0.02400000 0.58890682
v -0.07199472 -0.02400000 0.58929002
v -0.07222753 -0.02400000 0.58962733
v -0.07253429 -0.02400000 0.58989906
v -0.07289717 -0.02400000 0.59008950
v -0.07329509 -0.02400000 0.59018761
v -0.07370491 -0.02400000 0.59018761
v -0.07410283 -0.02400000 0.59008950
v -0.07446571 -0.02400000 0.58989906
v -0.07477247 -0.02400000 0.58962733
v -0.07500528 -0.02400000 0.58929002
v -0.07515060 -0.02400000 0.58890682
v -0.07520000 -0.02400000 0.57249999
v -0.07515060 -0.02400000 0.57290685
v -0.07500528 -0.02400000 0.57329005
v -0.07477247 -0.02400000 0.57362729
v -0.07446571 -0.02400000 0.57389909
v -0.07410283 -0.02400000 0.57408953
v -0.07370491 -0.02400000 0.57418758
v -0.07329509 -0.02400000 0.57418758
v -0.07289717 -0.02400000 0.57408953
v -0.07253429 -0.02400000 0.57389909
v -0.07222753 -0.02400000 0.57362729
v -0.07199472 -0.02400000 0.57329005
v -0.07184940 -0.02400000 0.57290685
v -0.07180000 -0.02400000 0.57249999
v -0.07184940 -0.02400000 0.57209319
v -0.07199472 -0.02400000 0.57170999
v -0.07222753 -0.02400000 0.57137269
v -0.07253429 -0.02400000 0.57110095
v -0.07289717 -0.02400000 0.57091045
v -0.07329509 -0.02400000 0.57081240
v -0.07370491 -0.02400000 0.57081240
v -0.07410283 -0.02400000 0.57091045
v -0.07446571 -0.02400000 0.57110095
v -0.07477247 -0.02400000 0.57137269
v -0.07500528 -0.02400000 0.57170999
v -0.07515060 -0.02400000 0.57209319
v -0.06000000 0.03750000 0.56849998
v -0.05457107 0.03750000 0.56849998
v -0.06055630 0.03750000 0.56843734
v -0.06108471 0.03750000 0.56825244
v -0.06155872 0.03750000 0.56795460
v -0.06195458 0.03750000 0.56755871
v -0.06225242 0.03750000 0.56708473
v -0.06243732 0.03750000 0.56655627
v -0.06250000 0.03750000 0.56599998
v -0.07900401 0.03750000 0.56599998
v -0.07900401 0.03750000 0.59500003
v -0.06250000 0.03750000 0.59500003
v -0.06243732 0.03750000 0.59444368
v -0.06225242 0.03750000 0.59391528
v -0.06195458 0.03750000 0.59344125
v -0.06155872 0.03750000 0.59304541
v -0.06108471 0.03750000 0.59274757
v -0.06055630 0.03750000 0.59256268
v -0.06000000 0.03750000 0.59249997
v -0.05457107 0.03750000 0.59249997
v -0.07520000 0.03750000 0.58850002
v -0.07515060 0.03750000 0.58809316
v -0.07500528 0.03750000 0.58770996
v -0.07477247 0.03750000 0.58737272
v -0.07446571 0.03750000 0.58710092
v -0.07410283 0.03750000 0.58691049
v -0.07370491 0.03750000 0.58681238
v -0.07329509 0.03750000 0.58681238
v -0.07289717 0.03750000 0.58691049
v -0.07253429 0.03750000 0.58710092
v -0.07222753 0.03750000 0.58737272
v -0.07199472 0.03750000 0.58770996
v -0.07184940 0.03750000 0.58809316
v -0.07180000 0.03750000 0.58850002
v -0.07184940 0.03750000 0.58890682
v -0.07199472 0.03750000 0.58929002
v -0.07222753 0.03750000 0.58962733
v -0.07253429 0.03750000 0.58989906
v -0.07289717 0.03750000 0.59008950
v -0.07329509 0.03750000 0.59018761
v -0.07370491 0.03750000 0.59018761
v -0.07410283 0.03750000 0.59008950
v -0.07446571 0.03750000 0.58989906
v -0.07477247 0.03750000 0.58962733
v -0.07500528 0.03750000 0.58929002
v -0.07515060 0.03750000 0.58890682
v -0.07520000 0.03750000 0.57249999
v -0.07515060 0.03750000 0.57290685
v -0.07500528 0.03750000 0.57329005
v -0.07477247 0.03750000 0.57362729
v -0.07446571 0.03750000 0.57389909
v -0.07410283 0.03750000 0.57408953
v -0.07370491 0.03750000 0.57418758
v -0.07329509 0.03750000 0.57418758
v -0.07289717 0.03750000 0.57408953
v -0.07253429 0.03750000 0.57389909
v -0.07222753 0.03750000 0.57362729
v -0.07199472 0.03750000 0.57329005
v -0.07184940 0.03750000 0.57290685
v -0.07180000 0.03750000 0.57249999
v -0.07184940 0.03750000 0.57209319
v -0.07199472 0.03750000 0.57170999
v -0.07222753 0.03750000 0.57137269
v -0.07253429 0.03750000 0.57110095
v -0.07289717 0.03750000 0.57091045
v -0.07329509 0.03750000 0.57081240
v -0.07370491 0.03750000 0.57081240
v -0.07410283 0.03750000 0.57091045
v -0.07446571 0.03750000 0.57110095
v -0.07477247 0.03750000 0.57137269
v -0.07500528 0.03750000 0.57170999
v -0.07515060 0.03750000 0.57209319
v -0.06500000 0.02400000 0.56349999
v -0.08500000 0.02400000 0.56349999
v -0.06444370 0.02400000 0.56356269
v -0.06391529 0.02400000 0.56374758
v -0.06344128 0.02400000 0.56404543
v -0.06304542 0.02400000 0.56444126
v -0.06274758 0.02400000 0.56491530
v -0.06256268 0.02400000 0.56544369
v -0.06250000 0.02400000 0.56599998
v -0.06243732 0.02400000 0.56655627
v -0.06225242 0.02400000 0.56708473
v -0.06195458 0.02400000 0.56755871
v -0.06155872 0.02400000 0.56795460
v -0.06108471 0.02400000 0.56825244
v -0.06055630 0.02400000 0.56843734
v -0.06000000 0.02400000 0.56849998
v -0.05250000 0.02400000 0.56849998
v -0.05250000 0.02400000 0.59249997
v -0.06000000 0.02400000 0.59249997
v -0.06055630 0.02400000 0.59256268
v -0.06108471 0.02400000 0.59274757
v -0.06155872 0.02400000 0.59304541
v -0.06195458 0.02400000 0.59344125
v -0.06225242 0.02400000 0.59391528
v -0.06243732 0.02400000 0.59444368
v -0.06250000 0.02400000 0.59500003
v -0.06256268 0.02400000 0.59555632
v -0.06274758 0.02400000 0.59608471
v -0.06304542 0.02400000 0.59655875
v -0.06344128 0.02400000 0.59695458
v -0.06391529 0.02400000 0.59725243
v -0.06444370 0.02400000 0.59743732
v -0.06500000 0.02400000 0.59750003
v -0.08500000 0.02400000 0.59750003
v -0.08555631 0.02400000 0.59743732
v -0.08608471 0.02400000 0.59725243
v -0.08655872 0.02400000 0.59695458
v -0.08695458 0.02400000 0.59655875
v -0.08725242 0.02400000 0.59608471
v -0.08743732 0.02400000 0.59555632
v -0.08750000 0.02400000 0.59500003
v -0.08750000 0.02400000 0.56599998
v -0.08743732 0.02400000 0.56544369
v -0.08725242 0.02400000 0.56491530
v -0.08695458 0.02400000 0.56444126
v -0.08655872 0.02400000 0.56404543
v -0.08608471 0.02400000 0.56374758
v -0.08555631 0.02400000 0.56356269
v -0.07520000 0.02400000 0.58850002
v -0.07515060 0.02400000 0.58890682
v -0.07500528 0.02400000 0.58929002
v -0.07477247 0.02400000 0.58962733
v -0.07446571 0.02400000 0.58989906
v -0.07410283 0.02400000 0.59008950
v -0.07370491 0.02400000 0.59018761
v -0.07329509 0.02400000 0.59018761
v -0.07289717 0.02400000 0.59008950
v -0.07253429 0.02400000 0.58989906
v -0.07222753 0.02400000 0.58962733
v -0.07199472 0.02400000 0.58929002
v -0.07184940 0.02400000 0.58890682
v -0.07180000 0.02400000 0.58850002
v -0.07184940 0.02400000 0.58809316
v -0.07199472 0.02400000 0.58770996
v -0.07222753 0.02400000 0.58737272
v -0.07253429 0.02400000 0.58710092
v -0.07289717 0.02400000 0.58691049
v -0.07329509 0.02400000 0.58681238
v -0.07370491 0.02400000 0.58681238
v -0.07410283 0.02400000 0.58691049
v -0.07446571 0.02400000 0.58710092
v -0.07477247 0.02400000 0.58737272
v -0.07500528 0.02400000 0.58770996
v -0.07515060 0.02400000 0.58809316
v -0.07520000 0.02400000 0.57249999
v -0.07515060 0.02400000 0.57209319
v -0.07500528 0.02400000 0.57170999
v -0.07477247 0.02400000 0.57137269
v -0.07446571 0.02400000 0.57110095
v -0.07410283 0.02400000 0.57091045
v -0.07370491 0.02400000 0.57081240
v -0.07329509 0.02400000 0.57081240
v -0.07289717 0.02400000 0.57091045
v -0.07253429 0.02400000 0.57110095
v -0.07222753 0.02400000 0.57137269
v -0.07199472 0.02400000 0.57170999
v -0.07184940 0.02400000 0.57209319
v -0.07180000 0.02400000 0.57249999
v -0.07184940 0.02400000 0.57290685
v -0.07199472 0.02400000 0.57329005
v -0.07222753 0.02400000 0.57362729
v -0.07253429 0.02400000 0.57389909
v -0.07289717 0.02400000 0.57408953
v -0.07329509 0.02400000 0.57418758
v -0.07370491 0.02400000 0.57418758
v -0.07410283 0.02400000 0.57408953
v -0.07446571 0.02400000 0.57389909
v -0.07477247 0.02400000 0.57362729
v -0.07500528 0.02400000 0.57329005
v -0.07515060 0.02400000 0.57290685
v 0.08750000 0.02400000 0.56599998
v 0.08750000 0.03008540 0.56599998
v 0.08750000 0.03008540 0.59500003
v 0.08750000 0.02400000 0.59500003
v 0.06500000 0.03500000 0.56349999
v 0.07900401 0.03500000 0.56349999
v 0.06500000 0.02400000 0.56349999
v 0.08500000 0.02400000 0.56349999
v 0.08500000 0.03008540 0.56349999
v 0.08135735 0.03382936 0.56349999
v 0.08339018 0.03216315 0.56349999
v 0.08750000 -0.03008540 0.59500003
v 0.08750000 -0.03008540 0.56599998
v 0.08750000 -0.02400000 0.56599998
v 0.08750000 -0.02400000 0.59500003
v 0.06500000 -0.03500000 0.56349999
v 0.06500000 -0.02400000 0.56349999
v 0.07900401 -0.03500000 0.56349999
v 0.08500000 -0.03008540 0.56349999
v 0.08339018 -0.03216315 0.56349999
v 0.08135735 -0.03382936 0.56349999
v 0.08500000 -0.02400000 0.56349999
v 0.02400000 -0.08750000 0.56599998
v 0.02400000 -0.08750000 0.59500003
v 0.03008540 -0.08750000 0.56599998
v 0.03008540 -0.08750000 0.59500003
v 0.03008540 -0.08500000 0.56349999
v 0.02400000 -0.08500000 0.56349999
v 0.03500000 -0.07900401 0.56349999
v 0.03382936 -0.08135735 0.56349999
v 0.03216315 -0.08339018 0.56349999
v 0.03500000 -0.06500000 0.56349999
v 0.02400000 -0.06500000 0.56349999
v -0.03008540 -0.08750000 0.59500003
v -0.03008540 -0.08750000 0.56599998
v -0.02400000 -0.08750000 0.56599998
v -0.02400000 -0.08750000 0.59500003
v -0.03008540 -0.08500000 0.56349999
v -0.03216315 -0.08339018 0.56349999
v -0.03382936 -0.08135735 0.56349999
v -0.03500000 -0.07900401 0.56349999
v -0.02400000 -0.08500000 0.56349999
v -0.02400000 -0.06500000 0.56349999
v -0.03500000 -0.06500000 0.56349999
v -0.08750000 -0.02400000 0.56599998
v -0.08750000 -0.03008540 0.56599998
v -0.08750000 -0.03008540 0.59500003
v -0.08750000 -0.02400000 0.59500003
v -0.06500000 -0.03500000 0.56349999
v -0.07900401 -0.03500000 0.56349999
v -0.06500000 -0.02400000 0.56349999
v -0.08500000 -0.02400000 0.56349999
v -0.08500000 -0.03008540 0.56349999
v -0.08135735 -0.03382936 0.56349999
v -0.08339018 -0.03216315 0.56349999
v -0.08750000 0.03008540 0.59500003
v -0.08750000 0.03008540 0.56599998
v -0.08750000 0.02400000 0.56599998
v -0.08750000 0.02400000 0.59500003
v -0.08500000 0.03008540 0.56349999
v -0.08339018 0.03216315 0.56349999
v -0.08135735 0.03382936 0.56349999
v -0.07900401 0.03500000 0.56349999
v -0.08500000 0.02400000 0.56349999
v -0.06500000 0.02400000 0.56349999
v -0.06500000 0.03500000 0.56349999
v -0.03750000 0.06250000 0.56849998
v -0.03750000 0.06250000 0.56599998
v -0.03743732 0.06250000 0.56544369
v -0.03725242 0.06250000 0.56491530
v -0.03695458 0.06250000 0.56444126
v -0.03655872 0.06250000 0.56404543
v -0.03608471 0.06250000 0.56374758
v -0.03555630 0.06250000 0.56356269
v -0.03500000 0.06250000 0.56349999
v -0.02400000 0.06250000 0.56349999
v -0.02400000 0.06250000 0.56849998
v -0.02400000 0.08750000 0.56599998
v -0.02400000 0.08750000 0.59500003
v -0.03008540 0.08750000 0.56599998
v -0.03008540 0.08750000 0.59500003
v -0.02400000 0.08500000 0.56349999
v -0.02400000 0.06250000 0.56349999
v -0.03008540 0.08500000 0.56349999
v -0.03500000 0.07900401 0.56349999
v -0.03382936 0.08135735 0.56349999
v -0.03216315 0.08339018 0.56349999
v -0.03500000 0.06250000 0.56349999
v 0.03008540 0.08750000 0.59500003
v 0.03008540 0.08750000 0.56599998
v 0.02400000 0.08750000 0.56599998
v 0.02400000 0.08750000 0.59500003
v 0.03008540 0.08500000 0.56349999
v 0.03216315 0.08339018 0.56349999
v 0.03382936 0.08135735 0.56349999
v 0.03500000 0.07900401 0.56349999
v 0.02400000 0.08500000 0.56349999
v 0.02400000 0.06500000 0.56349999
v 0.03500000 0.06500000 0.56349999
v -0.05250000 0.02400000 0.59249997
v -0.05138740 0.02387464 0.59249997
v -0.05033058 0.02350484 0.59249997
v -0.04938255 0.02290916 0.59249997
v -0.04859084 0.02211745 0.59249997
v -0.04799515 0.02116942 0.59249997
v -0.04762536 0.02011260 0.59249997
v -0.04750000 0.01900000 0.59249997
v -0.04750000 0.01900000 0.56849998
v -0.04762536 0.02011260 0.56849998
v -0.04799515 0.02116942 0.56849998
v -0.04859084 0.02211745 0.56849998
v -0.04938255 0.02290916 0.56849998
v -0.05033058 0.02350484 0.56849998
v -0.05138740 0.02387464 0.56849998
v -0.05250000 0.02400000 0.56849998
v -0.04750000 -0.01900000 0.59249997
v -0.04762536 -0.02011260 0.59249997
v -0.04799515 -0.02116942 0.59249997
v -0.04859084 -0.02211745 0.59249997
v -0.04938255 -0.02290916 0.59249997
v -0.05033058 -0.02350484 0.59249997
v -0.05138740 -0.02387464 0.59249997
v -0.05250000 -0.02400000 0.59249997
v -0.05250000 -0.02400000 0.56849998
v -0.05138740 -0.02387464 0.56849998
v -0.05033058 -0.02350484 0.56849998
v -0.04938255 -0.02290916 0.56849998
v -0.04859084 -0.02211745 0.56849998
v -0.04799515 -0.02116942 0.56849998
v -0.04762536 -0.02011260 0.56849998
v -0.04750000 -0.01900000 0.56849998
v -0.01900000 0.04750000 0.59249997
v -0.02011260 0.04762536 0.59249997
v -0.02116942 0.04799515 0.59249997
v -0.02211745 0.04859084 0.59249997
v -0.02290916 0.04938255 0.59249997
v -0.02350484 0.05033058 0.59249997
v -0.02387464 0.05138740 0.59249997
v -0.02400000 0.05250000 0.59249997
v -0.02400000 0.05250000 0.56849998
v -0.02387464 0.05138740 0.56849998
v -0.02350484 0.05033058 0.56849998
v -0.02290916 0.04938255 0.56849998
v -0.02211745 0.04859084 0.56849998
v -0.02116942 0.04799515 0.56849998
v -0.02011260 0.04762536 0.56849998
v -0.01900000 0.04750000 0.56849998
v 0.02400000 0.05250000 0.59249997
v 0.02387464 0.05138740 0.59249997
v 0.02350484 0.05033058 0.59249997
v 0.02290916 0.04938255 0.59249997
v 0.02211745 0.04859084 0.59249997
v 0.02116942 0.04799515 0.59249997
v 0.02011260 0.04762536 0.59249997
v 0.01900000 0.04750000 0.59249997
v 0.01900000 0.04750000 0.56849998
v 0.02011260 0.04762536 0.56849998
v 0.02116942 0.04799515 0.56849998
v 0.02211745 0.04859084 0.56849998
v 0.02290916 0.04938255 0.56849998
v 0.02350484 0.05033058 0.56849998
v 0.02387464 0.05138740 0.56849998
v 0.02400000 0.05250000 0.56849998
v 0.04750000 0.01900000 0.59249997
v 0.04762536 0.02011260 0.59249997
v 0.04799515 0.02116942 0.59249997
v 0.04859084 0.02211745 0.59249997
v 0.04938255 0.02290916 0.59249997
v 0.05033058 0.02350484 0.59249997
v 0.05138740 0.02387464 0.59249997
v 0.05250000 0.02400000 0.59249997
v 0.05250000 0.02400000 0.56849998
v 0.05138740 0.02387464 0.56849998
v 0.05033058 0.02350484 0.56849998
v 0.04938255 0.02290916 0.56849998
v 0.04859084 0.02211745 0.56849998
v 0.04799515 0.02116942 0.56849998
v 0.04762536 0.02011260 0.56849998
v 0.04750000 0.01900000 0.56849998
v 0.05250000 -0.02400000 0.59249997
v 0.05138740 -0.02387464 0.59249997
v 0.05033058 -0.02350484 0.59249997
v 0.04938255 -0.02290916 0.59249997
v 0.04859084 -0.02211745 0.59249997
v 0.04799515 -0.02116942 0.59249997
v 0.04762536 -0.02011260 0.59249997
v 0.04750000 -0.01900000 0.59249997
v 0.04750000 -0.01900000 0.56849998
v 0.04762536 -0.02011260 0.56849998
v 0.04799515 -0.02116942 0.56849998
v 0.04859084 -0.02211745 0.56849998
v 0.04938255 -0.02290916 0.56849998
v 0.05033058 -0.02350484 0.56849998
v 0.05138740 -0.02387464 0.56849998
v 0.05250000 -0.02400000 0.56849998
v -0.02400000 -0.05250000 0.59249997
v -0.02387464 -0.05138740 0.59249997
v -0.02350484 -0.05033058 0.59249997
v -0.02290916 -0.04938255 0.59249997
v -0.02211745 -0.04859084 0.59249997
v -0.02116942 -0.04799515 0.59249997
v -0.02011260 -0.04762536 0.59249997
v -0.01900000 -0.04750000 0.59249997
v -0.01900000 -0.04750000 0.56849998
v -0.02011260 -0.04762536 0.56849998
v -0.02116942 -0.04799515 0.56849998
v -0.02211745 -0.04859084 0.56849998
v -0.02290916 -0.04938255 0.56849998
v -0.02350484 -0.05033058 0.56849998
v -0.02387464 -0.05138740 0.56849998
v -0.02400000 -0.05250000 0.56849998
v 0.01900000 -0.04750000 0.59249997
v 0.02011260 -0.04762536 0.59249997
v 0.02116942 -0.04799515 0.59249997
v 0.02211745 -0.04859084 0.59249997
v 0.02290916 -0.04938255 0.59249997
v 0.02350484 -0.05033058 0.59249997
v 0.02387464 -0.05138740 0.59249997
v 0.02400000 -0.05250000 0.59249997
v 0.02400000 -0.05250000 0.56849998
v 0.02387464 -0.05138740 0.56849998
v 0.02350484 -0.05033058 0.56849998
v 0.02290916 -0.04938255 0.56849998
v 0.02211745 -0.04859084 0.56849998
v 0.02116942 -0.04799515 0.56849998
v 0.02011260 -0.04762536 0.56849998
v 0.01900000 -0.04750000 0.56849998
v 0.02614732 -0.03243692 0.56900001
v 0.02614732 -0.03243692 0.56849998
v 0.03433127 -0.04062088 0.56849998
v 0.03433127 -0.04062088 0.56900001
v 0.03243692 -0.02614732 0.56849998
v 0.03243692 -0.02614732 0.56900001
v 0.04062088 -0.03433127 0.56900001
v 0.04062088 -0.03433127 0.56849998
v 0.03288047 -0.02687006 0.56900001
v 0.03250557 -0.02800837 0.56900001
v 0.04048186 -0.03447146 0.56900001
v 0.04048186 -0.03729988 0.56900001
v 0.04076110 -0.03694974 0.56900001
v 0.04095542 -0.03654623 0.56900001
v 0.04105508 -0.03610960 0.56900001
v 0.04105508 -0.03566174 0.56900001
v 0.04095542 -0.03522511 0.56900001
v 0.04076110 -0.03482160 0.56900001
v 0.03729988 -0.04048186 0.56900001
v 0.03447146 -0.04048186 0.56900001
v 0.03482160 -0.04076110 0.56900001
v 0.03522511 -0.04095542 0.56900001
v 0.03566174 -0.04105508 0.56900001
v 0.03610960 -0.04105508 0.56900001
v 0.03654623 -0.04095542 0.56900001
v 0.03694974 -0.04076110 0.56900001
v 0.02687006 -0.03288047 0.56900001
v 0.02800837 -0.03250557 0.56900001
v 0.02823305 -0.03242735 0.56900001
v 0.02815845 -0.03245426 0.56900001
v 0.02808355 -0.03248034 0.56900001
v 0.02815974 -0.03243154 0.56900001
v 0.02808636 -0.03243453 0.56900001
v 0.02801295 -0.03243632 0.56900001
v 0.02793952 -0.03243692 0.56900001
v 0.02614732 -0.03243692 0.56900001
v 0.03433127 -0.04062088 0.56900001
v 0.03743525 -0.04062088 0.56900001
v 0.03705099 -0.04092732 0.56900001
v 0.03660817 -0.04114056 0.56900001
v 0.03612901 -0.04124993 0.56900001
v 0.03563752 -0.04124993 0.56900001
v 0.03515835 -0.04114056 0.56900001
v 0.03471554 -0.04092732 0.56900001
v 0.04062088 -0.03743525 0.56900001
v 0.04062088 -0.03433127 0.56900001
v 0.04092732 -0.03471554 0.56900001
v 0.04114056 -0.03515835 0.56900001
v 0.04124993 -0.03563752 0.56900001
v 0.04124993 -0.03612901 0.56900001
v 0.04114056 -0.03660817 0.56900001
v 0.04092732 -0.03705099 0.56900001
v 0.03243692 -0.02614732 0.56900001
v 0.03243692 -0.02793952 0.56900001
v 0.03243632 -0.02801295 0.56900001
v 0.03243453 -0.02808636 0.56900001
v 0.03243154 -0.02815974 0.56900001
v 0.03242735 -0.02823305 0.56900001
v 0.03248034 -0.02808355 0.56900001
v 0.03245426 -0.02815845 0.56900001
v 0.04062088 -0.03743525 0.56900001
v 0.04062088 -0.03743525 0.56849998
v 0.03743525 -0.04062088 0.56900001
v 0.03743525 -0.04062088 0.56849998
v 0.04062088 -0.03433127 0.56900001
v 0.04062088 -0.03433127 0.56849998
v 0.04092732 -0.03471554 0.56900001
v 0.04114056 -0.03515835 0.56900001
v 0.04124993 -0.03563752 0.56900001
v 0.04124993 -0.03612901 0.56900001
v 0.04114056 -0.03660817 0.56900001
v 0.04092732 -0.03705099 0.56900001
v 0.04062088 -0.03743525 0.56900001
v 0.04062088 -0.03743525 0.56849998
v 0.04092732 -0.03471554 0.56849998
v 0.04114056 -0.03515835 0.56849998
v 0.04124993 -0.03563752 0.56849998
v 0.04124993 -0.03612901 0.56849998
v 0.04114056 -0.03660817 0.56849998
v 0.04092732 -0.03705099 0.56849998
v -0.02614732 0.03243692 0.56900001
v -0.02614732 0.03243692 0.56849998
v -0.03433127 0.04062088 0.56849998
v -0.03433127 0.04062088 0.56900001
v -0.03243692 0.02614732 0.56849998
v -0.03243692 0.02614732 0.56900001
v -0.04062088 0.03433127 0.56900001
v -0.04062088 0.03433127 0.56849998
v -0.03288047 0.02687006 0.56900001
v -0.03250557 0.02800837 0.56900001
v -0.04048186 0.03447146 0.56900001
v -0.04048186 0.03729988 0.56900001
v -0.04076110 0.03694974 0.56900001
v -0.04095542 0.03654623 0.56900001
v -0.04105508 0.03610960 0.56900001
v -0.04105508 0.03566174 0.56900001
v -0.04095542 0.03522511 0.56900001
v -0.04076110 0.03482160 0.56900001
v -0.03729988 0.04048186 0.56900001
v -0.03447146 0.04048186 0.56900001
v -0.03482160 0.04076110 0.56900001
v -0.03522511 0.04095542 0.56900001
v -0.03566174 0.04105508 0.56900001
v -0.03610960 0.04105508 0.56900001
v -0.03654623 0.04095542 0.56900001
v -0.03694974 0.04076110 0.56900001
v -0.02687006 0.03288047 0.56900001
v -0.02800837 0.03250557 0.56900001
v -0.02823305 0.03242735 0.56900001
v -0.02815845 0.03245426 0.56900001
v -0.02808355 0.03248034 0.56900001
v -0.02815973 0.03243154 0.56900001
v -0.02808636 0.03243453 0.56900001
v -0.02801295 0.03243632 0.56900001
v -0.02793952 0.03243692 0.56900001
v -0.02614732 0.03243692 0.56900001
v -0.03433127 0.04062088 0.56900001
v -0.03743525 0.04062088 0.56900001
v -0.03705099 0.04092732 0.56900001
v -0.03660817 0.04114056 0.56900001
v -0.03612901 0.04124993 0.56900001
v -0.03563752 0.04124993 0.56900001
v -0.03515835 0.04114056 0.56900001
v -0.03471554 0.04092732 0.56900001
v -0.04062088 0.03743525 0.56900001
v -0.04062088 0.03433127 0.56900001
v -0.04092732 0.03471554 0.56900001
v -0.04114056 0.03515835 0.56900001
v -0.04124993 0.03563752 0.56900001
v -0.04124993 0.03612901 0.56900001
v -0.04114056 0.03660817 0.56900001
v -0.04092732 0.03705099 0.56900001
v -0.03243692 0.02614732 0.56900001
v -0.03243692 0.02793952 0.56900001
v -0.03243632 0.02801295 0.56900001
v -0.03243453 0.02808636 0.56900001
v -0.03243154 0.02815973 0.56900001
v -0.03242735 0.02823305 0.56900001
v -0.03248034 0.02808355 0.56900001
v -0.03245426 0.02815845 0.56900001
v -0.03743525 0.04062088 0.56900001
v -0.03743525 0.04062088 0.56849998
v -0.03705099 0.04092732 0.56900001
v -0.03660817 0.04114056 0.56900001
v -0.03612901 0.04124993 0.56900001
v -0.03563752 0.04124993 0.56900001
v -0.03515835 0.04114056 0.56900001
v -0.03471554 0.04092732 0.56900001
v -0.03433127 0.04062088 0.56900001
v -0.03433127 0.04062088 0.56849998
v -0.03705099 0.04092732 0.56849998
v -0.03660817 0.04114056 0.56849998
v -0.03612901 0.04124993 0.56849998
v -0.03563752 0.04124993 0.56849998
v -0.03515835 0.04114056 0.56849998
v -0.03471554 0.04092732 0.56849998
v -0.04062088 0.03743525 0.56900001
v -0.04062088 0.03743525 0.56849998
v -0.03743525 0.04062088 0.56900001
v -0.03743525 0.04062088 0.56849998
v -0.04062088 0.03433127 0.56900001
v -0.04062088 0.03433127 0.56849998
v -0.04092732 0.03471554 0.56900001
v -0.04114056 0.03515835 0.56900001
v -0.04124993 0.03563752 0.56900001
v -0.04124993 0.03612901 0.56900001
v -0.04114056 0.03660817 0.56900001
v -0.04092732 0.03705099 0.56900001
v -0.04062088 0.03743525 0.56900001
v -0.04062088 0.03743525 0.56849998
v -0.04092732 0.03471554 0.56849998
v -0.04114056 0.03515835 0.56849998
v -0.04124993 0.03563752 0.56849998
v -0.04124993 0.03612901 0.56849998
v -0.04114056 0.03660817 0.56849998
v -0.04092732 0.03705099 0.56849998
v -0.02614732 -0.03243692 0.56849998
v -0.02614732 -0.03243692 0.56900001
v -0.03433127 -0.04062088 0.56900001
v -0.03433127 -0.04062088 0.56849998
v -0.03243692 -0.02614732 0.56900001
v -0.03243692 -0.02614732 0.56849998
v -0.04062088 -0.03433127 0.56849998
v -0.04062088 -0.03433127 0.56900001
v -0.02687006 -0.03288047 0.56900001
v -0.02800837 -0.03250557 0.56900001
v -0.03447146 -0.04048186 0.56900001
v -0.03729988 -0.04048186 0.56900001
v -0.03694974 -0.04076110 0.56900001
v -0.03654623 -0.04095542 0.56900001
v -0.03610960 -0.04105508 0.56900001
v -0.03566174 -0.04105508 0.56900001
v -0.03522511 -0.04095542 0.56900001
v -0.03482160 -0.04076110 0.56900001
v -0.04048186 -0.03729988 0.56900001
v -0.04048186 -0.03447146 0.56900001
v -0.04076110 -0.03482160 0.56900001
v -0.04095542 -0.03522511 0.56900001
v -0.04105508 -0.03566174 0.56900001
v -0.04105508 -0.03610960 0.56900001
v -0.04095542 -0.03654623 0.56900001
v -0.04076110 -0.03694974 0.56900001
v -0.03288047 -0.02687006 0.56900001
v -0.03250557 -0.02800837 0.56900001
v -0.03242735 -0.02823305 0.56900001
v -0.03245426 -0.02815845 0.56900001
v -0.03248034 -0.02808355 0.56900001
v -0.03243154 -0.02815973 0.56900001
v -0.03243453 -0.02808636 0.56900001
v -0.03243632 -0.02801295 0.56900001
v -0.03243692 -0.02793952 0.56900001
v -0.03243692 -0.02614732 0.56900001
v -0.04062088 -0.03433127 0.56900001
v -0.04062088 -0.03743525 0.56900001
v -0.04092732 -0.03705099 0.56900001
v -0.04114056 -0.03660817 0.56900001
v -0.04124993 -0.03612901 0.56900001
v -0.04124993 -0.03563752 0.56900001
v -0.04114056 -0.03515835 0.56900001
v -0.04092732 -0.03471554 0.56900001
v -0.03743525 -0.04062088 0.56900001
v -0.03433127 -0.04062088 0.56900001
v -0.03471554 -0.04092732 0.56900001
v -0.03515835 -0.04114056 0.56900001
v -0.03563752 -0.04124993 0.56900001
v -0.03612901 -0.04124993 0.56900001
v -0.03660817 -0.04114056 0.56900001
v -0.03705099 -0.04092732 0.56900001
v -0.02614732 -0.03243692 0.56900001
v -0.02793952 -0.03243692 0.56900001
v -0.02801295 -0.03243632 0.56900001
v -0.02808636 -0.03243453 0.56900001
v -0.02815973 -0.03243154 0.56900001
v -0.02823305 -0.03242735 0.56900001
v -0.02808355 -0.03248034 0.56900001
v -0.02815845 -0.03245426 0.56900001
v -0.04062088 -0.03743525 0.56900001
v -0.04062088 -0.03743525 0.56849998
v -0.04092732 -0.03705099 0.56900001
v -0.04114056 -0.03660817 0.56900001
v -0.04124993 -0.03612901 0.56900001
v -0.04124993 -0.03563752 0.56900001
v -0.04114056 -0.03515835 0.56900001
v -0.04092732 -0.03471554 0.56900001
v -0.04062088 -0.03433127 0.56900001
v -0.04062088 -0.03433127 0.56849998
v -0.04092732 -0.03705099 0.56849998
v -0.04114056 -0.03660817 0.56849998
v -0.04124993 -0.03612901 0.56849998
v -0.04124993 -0.03563752 0.56849998
v -0.04114056 -0.03515835 0.56849998
v -0.04092732 -0.03471554 0.56849998
v -0.03743525 -0.04062088 0.56900001
v -0.03743525 -0.04062088 0.56849998
v -0.04062088 -0.03743525 0.56900001
v -0.04062088 -0.03743525 0.56849998
v 0.03243692 0.02614732 0.56900001
v 0.03243692 0.02614732 0.56849998
v 0.04062088 0.03433127 0.56849998
v 0.04062088 0.03433127 0.56900001
v 0.02614732 0.03243692 0.56849998
v 0.02614732 0.03243692 0.56900001
v 0.03433127 0.04062088 0.56900001
v 0.03433127 0.04062088 0.56849998
v 0.02687006 0.03288047 0.56900001
v 0.02800837 0.03250557 0.56900001
v 0.03447146 0.04048186 0.56900001
v 0.03729988 0.04048186 0.56900001
v 0.03694974 0.04076110 0.56900001
v 0.03654623 0.04095542 0.56900001
v 0.03610960 0.04105508 0.56900001
v 0.03566174 0.04105508 0.56900001
v 0.03522511 0.04095542 0.56900001
v 0.03482160 0.04076110 0.56900001
v 0.04048186 0.03729988 0.56900001
v 0.04048186 0.03447146 0.56900001
v 0.04076110 0.03482160 0.56900001
v 0.04095542 0.03522511 0.56900001
v 0.04105508 0.03566174 0.56900001
v 0.04105508 0.03610960 0.56900001
v 0.04095542 0.03654623 0.56900001
v 0.04076110 0.03694974 0.56900001
v 0.03288047 0.02687006 0.56900001
v 0.03250557 0.02800837 0.56900001
v 0.03242735 0.02823305 0.56900001
v 0.03245426 0.02815845 0.56900001
v 0.03248034 0.02808355 0.56900001
v 0.03243154 0.02815973 0.56900001
v 0.03243453 0.02808636 0.56900001
v 0.03243632 0.02801295 0.56900001
v 0.03243692 0.02793952 0.56900001
v 0.03243692 0.02614732 0.56900001
v 0.04062088 0.03433127 0.56900001
v 0.04062088 0.03743525 0.56900001
v 0.04092732 0.03705099 0.56900001
v 0.04114056 0.03660817 0.56900001
v 0.04124993 0.03612901 0.56900001
v 0.04124993 0.03563752 0.56900001
v 0.04114056 0.03515835 0.56900001
v 0.04092732 0.03471554 0.56900001
v 0.03743525 0.04062088 0.56900001
v 0.03433127 0.04062088 0.56900001
v 0.03471554 0.04092732 0.56900001
v 0.03515835 0.04114056 0.56900001
v 0.03563752 0.04124993 0.56900001
v 0.03612901 0.04124993 0.56900001
v 0.03660817 0.04114056 0.56900001
v 0.03705099 0.04092732 0.56900001
v 0.02614732 0.03243692 0.56900001
v 0.02793952 0.03243692 0.56900001
v 0.02801295 0.03243632 0.56900001
v 0.02808636 0.03243453 0.56900001
v 0.02815973 0.03243154 0.56900001
v 0.02823305 0.03242735 0.56900001
v 0.02808355 0.03248034 0.56900001
v 0.02815845 0.03245426 0.56900001
v 0.04062088 0.03743525 0.56900001
v 0.04062088 0.03743525 0.56849998
v 0.04092732 0.03705099 0.56900001
v 0.04114056 0.03660817 0.56900001
v 0.04124993 0.03612901 0.56900001
v 0.04124993 0.03563752 0.56900001
v 0.04114056 0.03515835 0.56900001
v 0.04092732 0.03471554 0.56900001
v 0.04062088 0.03433127 0.56900001
v 0.04062088 0.03433127 0.56849998
v 0.04092732 0.03705099 0.56849998
v 0.04114056 0.03660817 0.56849998
v 0.04124993 0.03612901 0.56849998
v 0.04124993 0.03563752 0.56849998
v 0.04114056 0.03515835 0.56849998
v 0.04092732 0.03471554 0.56849998
v 0.03743525 0.04062088 0.56900001
v 0.03743525 0.04062088 0.56849998
v 0.04062088 0.03743525 0.56900001
v 0.04062088 0.03743525 0.56849998
v 0.03433127 0.04062088 0.56900001
v 0.03433127 0.04062088 0.56849998
v 0.03471554 0.04092732 0.56900001
v 0.03515835 0.04114056 0.56900001
v 0.03563752 0.04124993 0.56900001
v 0.03612901 0.04124993 0.56900001
v 0.03660817 0.04114056 0.56900001
v 0.03705099 0.04092732 0.56900001
v 0.03743525 0.04062088 0.56900001
v 0.03743525 0.04062088 0.56849998
v 0.03471554 0.04092732 0.56849998
v 0.03515835 0.04114056 0.56849998
v 0.03563752 0.04124993 0.56849998
v 0.03612901 0.04124993 0.56849998
v 0.03660817 0.04114056 0.56849998
v 0.03705099 0.04092732 0.56849998
v 0.03734921 0.07985913 0.56599998
v 0.03592855 0.08271506 0.56599998
v 0.03390652 0.08518202 0.56599998
v 0.03138503 0.08713564 0.56599998
v 0.03138503 0.08713564 0.59500003
v 0.03390652 0.08518202 0.59500003
v 0.03592855 0.08271506 0.59500003
v 0.03734921 0.07985913 0.59500003
v -0.03138503 0.08713564 0.56599998
v -0.03390652 0.08518202 0.56599998
v -0.03592855 0.08271506 0.56599998
v -0.03734921 0.07985913 0.56599998
v -0.03734921 0.07985913 0.59500003
v -0.03592855 0.08271506 0.59500003
v -0.03390652 0.08518202 0.59500003
v -0.03138503 0.08713564 0.59500003
v -0.07985913 0.03734921 0.59500003
v -0.07985913 0.03734921 0.56599998
v -0.08271506 0.03592855 0.56599998
v -0.08518202 0.03390652 0.56599998
v -0.08713564 0.03138503 0.56599998
v -0.08713564 0.03138503 0.59500003
v -0.08518202 0.03390652 0.59500003
v -0.08271506 0.03592855 0.59500003
v -0.08713564 -0.03138503 0.56599998
v -0.08518202 -0.03390652 0.56599998
v -0.08271506 -0.03592855 0.56599998
v -0.07985913 -0.03734921 0.56599998
v -0.07985913 -0.03734921 0.59500003
v -0.08271506 -0.03592855 0.59500003
v -0.08518202 -0.03390652 0.59500003
v -0.08713564 -0.03138503 0.59500003
v -0.03734921 -0.07985913 0.59500003
v -0.03734921 -0.07985913 0.56599998
v -0.03592855 -0.08271506 0.56599998
v -0.03390652 -0.08518202 0.56599998
v -0.03138503 -0.08713564 0.56599998
v -0.03138503 -0.08713564 0.59500003
v -0.03390652 -0.08518202 0.59500003
v -0.03592855 -0.08271506 0.59500003
v 0.03138503 -0.08713564 0.59500003
v 0.03138503 -0.08713564 0.56599998
v 0.03390652 -0.08518202 0.56599998
v 0.03592855 -0.08271506 0.56599998
v 0.03734921 -0.07985913 0.56599998
v 0.03734921 -0.07985913 0.59500003
v 0.03592855 -0.08271506 0.59500003
v 0.03390652 -0.08518202 0.59500003
v 0.07985913 -0.03734921 0.56599998
v 0.08271506 -0.03592855 0.56599998
v 0.08518202 -0.03390652 0.56599998
v 0.08713564 -0.03138503 0.56599998
v 0.08713564 -0.03138503 0.59500003
v 0.08518202 -0.03390652 0.59500003
v 0.08271506 -0.03592855 0.59500003
v 0.07985913 -0.03734921 0.59500003
v 0.08713564 0.03138503 0.56599998
v 0.08518202 0.03390652 0.56599998
v 0.08271506 0.03592855 0.56599998
v 0.07985913 0.03734921 0.56599998
v 0.07985913 0.03734921 0.59500003
v 0.08271506 0.03592855 0.59500003
v 0.08518202 0.03390652 0.59500003
v 0.08713564 0.03138503 0.59500003
v 0.06000000 0.02400000 0.56849998
v 0.06055630 0.02400000 0.56843734
v 0.06108471 0.02400000 0.56825244
v 0.06155872 0.02400000 0.56795460
v 0.06195458 0.02400000 0.56755871
v 0.06225242 0.02400000 0.56708473
v 0.06243732 0.02400000 0.56655627
v 0.06250000 0.02400000 0.56599998
v 0.06250000 0.03750000 0.56599998
v 0.06243732 0.03750000 0.56655627
v 0.06225242 0.03750000 0.56708473
v 0.06195458 0.03750000 0.56755871
v 0.06155872 0.03750000 0.56795460
v 0.06108471 0.03750000 0.56825244
v 0.06055630 0.03750000 0.56843734
v 0.06000000 0.03750000 0.56849998
v 0.08500000 0.02400000 0.56349999
v 0.08555631 0.02400000 0.56356269
v 0.08608471 0.02400000 0.56374758
v 0.08655872 0.02400000 0.56404543
v 0.08695458 0.02400000 0.56444126
v 0.08725242 0.02400000 0.56491530
v 0.08743732 0.02400000 0.56544369
v 0.08750000 0.02400000 0.56599998
v 0.08500000 0.03008540 0.56349999
v 0.08750000 0.03008540 0.56599998
v 0.08743732 0.03008540 0.56544369
v 0.08725242 0.03008540 0.56491530
v 0.08695458 0.03008540 0.56444126
v 0.08655872 0.03008540 0.56404543
v 0.08608471 0.03008540 0.56374758
v 0.08555631 0.03008540 0.56356269
v 0.08750000 0.03008540 0.56599998
v 0.08750000 0.03008540 0.59500003
v 0.08713564 0.03138503 0.56599998
v 0.08733580 0.03097649 0.56599998
v 0.08745861 0.03053845 0.56599998
v 0.08713564 0.03138503 0.59500003
v 0.08745861 0.03053845 0.59500003
v 0.08733580 0.03097649 0.59500003
v 0.06250000 0.02400000 0.56599998
v 0.06256268 0.02400000 0.56544369
v 0.06274758 0.02400000 0.56491530
v 0.06304542 0.02400000 0.56444126
v 0.06344128 0.02400000 0.56404543
v 0.06391529 0.02400000 0.56374758
v 0.06444370 0.02400000 0.56356269
v 0.06500000 0.02400000 0.56349999
v 0.06250000 0.03750000 0.56599998
v 0.06500000 0.03500000 0.56349999
v 0.06435295 0.03564705 0.56358516
v 0.06375000 0.03625000 0.56383497
v 0.06323224 0.03676777 0.56423223
v 0.06286840 0.03713160 0.56469375
v 0.06265932 0.03734069 0.56512183
v 0.06254366 0.03745634 0.56553483
v 0.06251094 0.03748906 0.56576639
v 0.08713564 0.03138503 0.56599998
v 0.08733580 0.03097649 0.56599998
v 0.08745861 0.03053845 0.56599998
v 0.08750000 0.03008540 0.56599998
v 0.08750000 0.03008540 0.56599998
v 0.08743732 0.03008540 0.56544369
v 0.08725242 0.03008540 0.56491530
v 0.08695458 0.03008540 0.56444126
v 0.08655872 0.03008540 0.56404543
v 0.08608471 0.03008540 0.56374758
v 0.08555631 0.03008540 0.56356269
v 0.08500000 0.03008540 0.56349999
v 0.08708210 0.03135245 0.56544369
v 0.08692415 0.03125633 0.56491530
v 0.08666971 0.03110149 0.56444126
v 0.08633155 0.03089571 0.56404543
v 0.08592662 0.03064929 0.56374758
v 0.08547523 0.03037460 0.56356269
v 0.08737764 0.03084843 0.56587917
v 0.08737764 0.03077374 0.56564927
v 0.08737764 0.03063167 0.56545371
v 0.08737764 0.03043613 0.56531167
v 0.08737764 0.03020626 0.56523699
v 0.08702254 0.03094913 0.56481117
v 0.08702254 0.03053949 0.56460243
v 0.08646946 0.03040180 0.56400234
v 0.06500000 0.03500000 0.56349999
v 0.06435295 0.03564705 0.56358516
v 0.06375000 0.03625000 0.56383497
v 0.06323224 0.03676777 0.56423223
v 0.06286840 0.03713160 0.56469375
v 0.06265932 0.03734069 0.56512183
v 0.06254366 0.03745634 0.56553483
v 0.06251094 0.03748906 0.56576639
v 0.06250000 0.03750000 0.56599998
v 0.07900401 0.03750000 0.56599998
v 0.07900401 0.03500000 0.56349999
v 0.07900401 0.03555630 0.56356269
v 0.07900401 0.03608471 0.56374758
v 0.07900401 0.03655872 0.56404543
v 0.07900401 0.03695458 0.56444126
v 0.07900401 0.03725242 0.56491530
v 0.07900401 0.03743732 0.56544369
v 0.08713564 0.03138503 0.56599998
v 0.08708210 0.03135245 0.56544369
v 0.08692415 0.03125633 0.56491530
v 0.08666971 0.03110149 0.56444126
v 0.08633155 0.03089571 0.56404543
v 0.08592662 0.03064929 0.56374758
v 0.08547523 0.03037460 0.56356269
v 0.08500000 0.03008540 0.56349999
v 0.07900401 0.03500000 0.56349999
v 0.08135735 0.03382936 0.56349999
v 0.08339018 0.03216315 0.56349999
v 0.07985913 0.03734921 0.56599998
v 0.07983769 0.03729031 0.56544369
v 0.07977445 0.03711656 0.56491530
v 0.07967257 0.03683668 0.56444126
v 0.07953717 0.03646471 0.56404543
v 0.07937504 0.03601928 0.56374758
v 0.07919429 0.03552275 0.56356269
v 0.08518202 0.03390652 0.56599998
v 0.08271506 0.03592855 0.56599998
v 0.08378889 0.03255109 0.56356269
v 0.08416762 0.03291957 0.56374758
v 0.08450737 0.03325012 0.56404543
v 0.08479109 0.03352617 0.56444126
v 0.08500457 0.03373387 0.56491530
v 0.08513709 0.03386281 0.56544369
v 0.08165947 0.03429647 0.56356269
v 0.08194643 0.03474016 0.56374758
v 0.08220387 0.03513819 0.56404543
v 0.08241884 0.03547058 0.56444126
v 0.08258060 0.03572067 0.56491530
v 0.08268102 0.03587592 0.56544369
v 0.07985913 0.03734921 0.56599998
v 0.07983769 0.03729031 0.56544369
v 0.07977445 0.03711656 0.56491530
v 0.07967257 0.03683668 0.56444126
v 0.07953717 0.03646471 0.56404543
v 0.07937504 0.03601928 0.56374758
v 0.07919429 0.03552275 0.56356269
v 0.07900401 0.03500000 0.56349999
v 0.07900401 0.03555630 0.56356269
v 0.07900401 0.03608471 0.56374758
v 0.07900401 0.03655872 0.56404543
v 0.07900401 0.03695458 0.56444126
v 0.07900401 0.03725242 0.56491530
v 0.07900401 0.03743732 0.56544369
v 0.07900401 0.03750000 0.56599998
v 0.07958060 0.03743260 0.56599998
v 0.07929427 0.03748309 0.56599998
v 0.07985913 0.03734921 0.56599998
v 0.07985913 0.03734921 0.59500003
v 0.07958060 0.03743260 0.56599998
v 0.07929427 0.03748309 0.56599998
v 0.07900401 0.03750000 0.56599998
v 0.07900401 0.03750000 0.59500003
v 0.07958060 0.03743260 0.59500003
v 0.07929427 0.03748309 0.59500003
v 0.06000000 -0.03750000 0.56849998
v 0.06055630 -0.03750000 0.56843734
v 0.06108471 -0.03750000 0.56825244
v 0.06155872 -0.03750000 0.56795460
v 0.06195458 -0.03750000 0.56755871
v 0.06225242 -0.03750000 0.56708473
v 0.06243732 -0.03750000 0.56655627
v 0.06250000 -0.03750000 0.56599998
v 0.06250000 -0.02400000 0.56599998
v 0.06243732 -0.02400000 0.56655627
v 0.06225242 -0.02400000 0.56708473
v 0.06195458 -0.02400000 0.56755871
v 0.06155872 -0.02400000 0.56795460
v 0.06108471 -0.02400000 0.56825244
v 0.06055630 -0.02400000 0.56843734
v 0.06000000 -0.02400000 0.56849998
v 0.06500000 -0.02400000 0.56349999
v 0.06444370 -0.02400000 0.56356269
v 0.06391529 -0.02400000 0.56374758
v 0.06344128 -0.02400000 0.56404543
v 0.06304542 -0.02400000 0.56444126
v 0.06274758 -0.02400000 0.56491530
v 0.06256268 -0.02400000 0.56544369
v 0.06250000 -0.02400000 0.56599998
v 0.06500000 -0.03500000 0.56349999
v 0.06250000 -0.03750000 0.56599998
v 0.06253679 -0.03746321 0.56557268
v 0.06264608 -0.03735393 0.56515795
v 0.06282464 -0.03717536 0.56476802
v 0.06306723 -0.03693277 0.56441432
v 0.06336670 -0.03663331 0.56410730
v 0.06371424 -0.03628576 0.56385601
v 0.06423455 -0.03576544 0.56362009
v 0.06461260 -0.03538740 0.56353021
v 0.06250000 -0.03750000 0.56599998
v 0.06253679 -0.03746321 0.56557268
v 0.06264608 -0.03735393 0.56515795
v 0.06282464 -0.03717536 0.56476802
v 0.06306723 -0.03693277 0.56441432
v 0.06336670 -0.03663331 0.56410730
v 0.06371424 -0.03628576 0.56385601
v 0.06423455 -0.03576544 0.56362009
v 0.06461260 -0.03538740 0.56353021
v 0.06500000 -0.03500000 0.56349999
v 0.07900401 -0.03500000 0.56349999
v 0.07900401 -0.03750000 0.56599998
v 0.07900401 -0.03743732 0.56544369
v 0.07900401 -0.03725242 0.56491530
v 0.07900401 -0.03695458 0.56444126
v 0.07900401 -0.03655872 0.56404543
v 0.07900401 -0.03608471 0.56374758
v 0.07900401 -0.03555630 0.56356269
v 0.07900401 -0.03750000 0.56599998
v 0.07900401 -0.03750000 0.59500003
v 0.07985913 -0.03734921 0.56599998
v 0.07958060 -0.03743260 0.56599998
v 0.07929427 -0.03748309 0.56599998
v 0.07985913 -0.03734921 0.59500003
v 0.07958060 -0.03743260 0.59500003
v 0.07929427 -0.03748309 0.59500003
v 0.07985913 -0.03734921 0.56599998
v 0.07958060 -0.03743260 0.56599998
v 0.07929427 -0.03748309 0.56599998
v 0.07900401 -0.03750000 0.56599998
v 0.07900401 -0.03750000 0.56599998
v 0.07900401 -0.03743732 0.56544369
v 0.07900401 -0.03725242 0.56491530
v 0.07900401 -0.03695458 0.56444126
v 0.07900401 -0.03655872 0.56404543
v 0.07900401 -0.03608471 0.56374758
v 0.07900401 -0.03555630 0.56356269
v 0.07900401 -0.03500000 0.56349999
v 0.07983769 -0.03729031 0.56544369
v 0.07977445 -0.03711656 0.56491530
v 0.07967257 -0.03683668 0.56444126
v 0.07953717 -0.03646471 0.56404543
v 0.07937504 -0.03601928 0.56374758
v 0.07919429 -0.03552275 0.56356269
v 0.07923389 -0.03702254 0.56454861
v 0.07924274 -0.03737764 0.56526530
v 0.07945810 -0.03737764 0.56537497
v 0.07962901 -0.03737764 0.56554592
v 0.07973874 -0.03737764 0.56576127
v 0.08750000 -0.02400000 0.56599998
v 0.08743732 -0.02400000 0.56544369
v 0.08725242 -0.02400000 0.56491530
v 0.08695458 -0.02400000 0.56444126
v 0.08655872 -0.02400000 0.56404543
v 0.08608471 -0.02400000 0.56374758
v 0.08555631 -0.02400000 0.56356269
v 0.08500000 -0.02400000 0.56349999
v 0.08750000 -0.03008540 0.56599998
v 0.08500000 -0.03008540 0.56349999
v 0.08555631 -0.03008540 0.56356269
v 0.08608471 -0.03008540 0.56374758
v 0.08655872 -0.03008540 0.56404543
v 0.08695458 -0.03008540 0.56444126
v 0.08725242 -0.03008540 0.56491530
v 0.08743732 -0.03008540 0.56544369
v 0.07985913 -0.03734921 0.56599998
v 0.07983769 -0.03729031 0.56544369
v 0.07977445 -0.03711656 0.56491530
v 0.07967257 -0.03683668 0.56444126
v 0.07953717 -0.03646471 0.56404543
v 0.07937504 -0.03601928 0.56374758
v 0.07919429 -0.03552275 0.56356269
v 0.07900401 -0.03500000 0.56349999
v 0.08500000 -0.03008540 0.56349999
v 0.08339018 -0.03216315 0.56349999
v 0.08135735 -0.03382936 0.56349999
v 0.08713564 -0.03138503 0.56599998
v 0.08708210 -0.03135245 0.56544369
v 0.08692415 -0.03125633 0.56491530
v 0.08666971 -0.03110149 0.56444126
v 0.08633155 -0.03089571 0.56404543
v 0.08592662 -0.03064929 0.56374758
v 0.08547523 -0.03037460 0.56356269
v 0.08271506 -0.03592855 0.56599998
v 0.08518202 -0.03390652 0.56599998
v 0.08165947 -0.03429647 0.56356269
v 0.08194643 -0.03474016 0.56374758
v 0.08220387 -0.03513819 0.56404543
v 0.08241884 -0.03547058 0.56444126
v 0.08258060 -0.03572067 0.56491530
v 0.08268102 -0.03587592 0.56544369
v 0.08378889 -0.03255109 0.56356269
v 0.08416762 -0.03291957 0.56374758
v 0.08450737 -0.03325012 0.56404543
v 0.08479109 -0.03352617 0.56444126
v 0.08500457 -0.03373387 0.56491530
v 0.08513709 -0.03386281 0.56544369
v 0.08713564 -0.03138503 0.56599998
v 0.08708210 -0.03135245 0.56544369
v 0.08692415 -0.03125633 0.56491530
v 0.08666971 -0.03110149 0.56444126
v 0.08633155 -0.03089571 0.56404543
v 0.08592662 -0.03064929 0.56374758
v 0.08547523 -0.03037460 0.56356269
v 0.08500000 -0.03008540 0.56349999
v 0.08555631 -0.03008540 0.56356269
v 0.08608471 -0.03008540 0.56374758
v 0.08655872 -0.03008540 0.56404543
v 0.08695458 -0.03008540 0.56444126
v 0.08725242 -0.03008540 0.56491530
v 0.08743732 -0.03008540 0.56544369
v 0.08750000 -0.03008540 0.56599998
v 0.08750000 -0.03008540 0.56599998
v 0.08733580 -0.03097649 0.56599998
v 0.08745861 -0.03053845 0.56599998
v 0.08737764 -0.03020626 0.56523699
v 0.08737764 -0.03043613 0.56531167
v 0.08737764 -0.03063167 0.56545371
v 0.08702254 -0.03053949 0.56460243
v 0.08737764 -0.03077374 0.56564927
v 0.08702254 -0.03094913 0.56481117
v 0.08646946 -0.03040180 0.56400234
v 0.08737764 -0.03084843 0.56587917
v 0.08713564 -0.03138503 0.56599998
v 0.08713564 -0.03138503 0.59500003
v 0.08733580 -0.03097649 0.56599998
v 0.08745861 -0.03053845 0.56599998
v 0.08750000 -0.03008540 0.56599998
v 0.08750000 -0.03008540 0.59500003
v 0.08733580 -0.03097649 0.59500003
v 0.08745861 -0.03053845 0.59500003
v 0.02400000 -0.08500000 0.56349999
v 0.02400000 -0.08555631 0.56356269
v 0.02400000 -0.08608471 0.56374758
v 0.02400000 -0.08655872 0.56404543
v 0.02400000 -0.08695458 0.56444126
v 0.02400000 -0.08725242 0.56491530
v 0.02400000 -0.08743732 0.56544369
v 0.02400000 -0.08750000 0.56599998
v 0.03008540 -0.08500000 0.56349999
v 0.03008540 -0.08750000 0.56599998
v 0.03008540 -0.08743732 0.56544369
v 0.03008540 -0.08725242 0.56491530
v 0.03008540 -0.08695458 0.56444126
v 0.03008540 -0.08655872 0.56404543
v 0.03008540 -0.08608471 0.56374758
v 0.03008540 -0.08555631 0.56356269
v 0.03008540 -0.08750000 0.56599998
v 0.03008540 -0.08750000 0.59500003
v 0.03138503 -0.08713564 0.56599998
v 0.03097649 -0.08733580 0.56599998
v 0.03053845 -0.08745861 0.56599998
v 0.03138503 -0.08713564 0.59500003
v 0.03053845 -0.08745861 0.59500003
v 0.03097649 -0.08733580 0.59500003
v 0.03138503 -0.08713564 0.56599998
v 0.03097649 -0.08733580 0.56599998
v 0.03053845 -0.08745861 0.56599998
v 0.03008540 -0.08750000 0.56599998
v 0.03008540 -0.08743732 0.56544369
v 0.03008540 -0.08725242 0.56491530
v 0.03008540 -0.08695458 0.56444126
v 0.03008540 -0.08655872 0.56404543
v 0.03008540 -0.08608471 0.56374758
v 0.03008540 -0.08555631 0.56356269
v 0.03008540 -0.08500000 0.56349999
v 0.03135245 -0.08708210 0.56544369
v 0.03125633 -0.08692415 0.56491530
v 0.03110149 -0.08666971 0.56444126
v 0.03089571 -0.08633155 0.56404543
v 0.03064929 -0.08592662 0.56374758
v 0.03037460 -0.08547523 0.56356269
v 0.03076027 -0.08670214 0.56429785
v 0.03076027 -0.08714482 0.56490713
v 0.03076027 -0.08737755 0.56562346
v 0.03138503 -0.08713564 0.56599998
v 0.03135245 -0.08708210 0.56544369
v 0.03125633 -0.08692415 0.56491530
v 0.03110149 -0.08666971 0.56444126
v 0.03089571 -0.08633155 0.56404543
v 0.03064929 -0.08592662 0.56374758
v 0.03037460 -0.08547523 0.56356269
v 0.03008540 -0.08500000 0.56349999
v 0.03500000 -0.07900401 0.56349999
v 0.03382936 -0.08135735 0.56349999
v 0.03216315 -0.08339018 0.56349999
v 0.03734921 -0.07985913 0.56599998
v 0.03729031 -0.07983769 0.56544369
v 0.03711656 -0.07977445 0.56491530
v 0.03683668 -0.07967257 0.56444126
v 0.03646471 -0.07953717 0.56404543
v 0.03601928 -0.07937504 0.56374758
v 0.03552275 -0.07919429 0.56356269
v 0.03390652 -0.08518202 0.56599998
v 0.03592855 -0.08271506 0.56599998
v 0.03255109 -0.08378889 0.56356269
v 0.03291957 -0.08416762 0.56374758
v 0.03325012 -0.08450737 0.56404543
v 0.03352617 -0.08479109 0.56444126
v 0.03373387 -0.08500457 0.56491530
v 0.03386281 -0.08513709 0.56544369
v 0.03429647 -0.08165947 0.56356269
v 0.03474016 -0.08194643 0.56374758
v 0.03513819 -0.08220387 0.56404543
v 0.03547058 -0.08241884 0.56444126
v 0.03572067 -0.08258060 0.56491530
v 0.03587592 -0.08268102 0.56544369
v 0.03734921 -0.07985913 0.56599998
v 0.03734921 -0.07985913 0.59500003
v 0.03750000 -0.07900401 0.56599998
v 0.03748309 -0.07929427 0.56599998
v 0.03743260 -0.07958060 0.56599998
v 0.03750000 -0.07900401 0.59500003
v 0.03743260 -0.07958060 0.59500003
v 0.03748309 -0.07929427 0.59500003
v 0.03750000 -0.07900401 0.56599998
v 0.03750000 -0.07900401 0.56599998
v 0.03748309 -0.07929427 0.56599998
v 0.03743260 -0.07958060 0.56599998
v 0.03734921 -0.07985913 0.56599998
v 0.03729031 -0.07983769 0.56544369
v 0.03711656 -0.07977445 0.56491530
v 0.03683668 -0.07967257 0.56444126
v 0.03646471 -0.07953717 0.56404543
v 0.03601928 -0.07937504 0.56374758
v 0.03552275 -0.07919429 0.56356269
v 0.03500000 -0.07900401 0.56349999
v 0.03743732 -0.07900401 0.56544369
v 0.03725242 -0.07900401 0.56491530
v 0.03695458 -0.07900401 0.56444126
v 0.03655872 -0.07900401 0.56404543
v 0.03608471 -0.07900401 0.56374758
v 0.03555630 -0.07900401 0.56356269
v 0.03737764 -0.07912487 0.56523699
v 0.03737764 -0.07935474 0.56531167
v 0.03737764 -0.07955029 0.56545371
v 0.03702254 -0.07945810 0.56460243
v 0.03737764 -0.07969236 0.56564927
v 0.03646946 -0.07932041 0.56400234
v 0.03737764 -0.07976705 0.56587917
v 0.02400000 -0.06000000 0.56849998
v 0.02400000 -0.06055630 0.56843734
v 0.02400000 -0.06108471 0.56825244
v 0.02400000 -0.06155872 0.56795460
v 0.02400000 -0.06195458 0.56755871
v 0.02400000 -0.06225242 0.56708473
v 0.02400000 -0.06243732 0.56655627
v 0.02400000 -0.06250000 0.56599998
v 0.03750000 -0.06250000 0.56599998
v 0.03750000 -0.06243732 0.56655627
v 0.03750000 -0.06225242 0.56708473
v 0.03750000 -0.06195458 0.56755871
v 0.03750000 -0.06155872 0.56795460
v 0.03750000 -0.06108471 0.56825244
v 0.03750000 -0.06055630 0.56843734
v 0.03750000 -0.06000000 0.56849998
v 0.03750000 -0.07900401 0.56599998
v 0.03743732 -0.07900401 0.56544369
v 0.03725242 -0.07900401 0.56491530
v 0.03695458 -0.07900401 0.56444126
v 0.03655872 -0.07900401 0.56404543
v 0.03608471 -0.07900401 0.56374758
v 0.03555630 -0.07900401 0.56356269
v 0.03500000 -0.07900401 0.56349999
v 0.03500000 -0.06500000 0.56349999
v 0.03750000 -0.06250000 0.56599998
v 0.03746321 -0.06253679 0.56557268
v 0.03735393 -0.06264608 0.56515795
v 0.03717536 -0.06282464 0.56476802
v 0.03693277 -0.06306723 0.56441432
v 0.03663331 -0.06336670 0.56410730
v 0.03628576 -0.06371424 0.56385601
v 0.03576544 -0.06423455 0.56362009
v 0.03538740 -0.06461260 0.56353021
v 0.02400000 -0.06250000 0.56599998
v 0.02400000 -0.06256268 0.56544369
v 0.02400000 -0.06274758 0.56491530
v 0.02400000 -0.06304542 0.56444126
v 0.02400000 -0.06344128 0.56404543
v 0.02400000 -0.06391529 0.56374758
v 0.02400000 -0.06444370 0.56356269
v 0.02400000 -0.06500000 0.56349999
v 0.03750000 -0.06250000 0.56599998
v 0.03746321 -0.06253679 0.56557268
v 0.03735393 -0.06264608 0.56515795
v 0.03717536 -0.06282464 0.56476802
v 0.03693277 -0.06306723 0.56441432
v 0.03663331 -0.06336670 0.56410730
v 0.03628576 -0.06371424 0.56385601
v 0.03576544 -0.06423455 0.56362009
v 0.03538740 -0.06461260 0.56353021
v 0.03500000 -0.06500000 0.56349999
v -0.03138503 -0.08713564 0.56599998
v -0.03138503 -0.08713564 0.59500003
v -0.03008540 -0.08750000 0.56599998
v -0.03053845 -0.08745861 0.56599998
v -0.03097649 -0.08733580 0.56599998
v -0.03008540 -0.08750000 0.59500003
v -0.03097649 -0.08733580 0.59500003
v -0.03053845 -0.08745861 0.59500003
v -0.02400000 -0.08750000 0.56599998
v -0.02400000 -0.08743732 0.56544369
v -0.02400000 -0.08725242 0.56491530
v -0.02400000 -0.08695458 0.56444126
v -0.02400000 -0.08655872 0.56404543
v -0.02400000 -0.08608471 0.56374758
v -0.02400000 -0.08555631 0.56356269
v -0.02400000 -0.08500000 0.56349999
v -0.03008540 -0.08750000 0.56599998
v -0.03008540 -0.08500000 0.56349999
v -0.03008540 -0.08555631 0.56356269
v -0.03008540 -0.08608471 0.56374758
v -0.03008540 -0.08655872 0.56404543
v -0.03008540 -0.08695458 0.56444126
v -0.03008540 -0.08725242 0.56491530
v -0.03008540 -0.08743732 0.56544369
v -0.03008540 -0.08500000 0.56349999
v -0.03008540 -0.08555631 0.56356269
v -0.03008540 -0.08608471 0.56374758
v -0.03008540 -0.08655872 0.56404543
v -0.03008540 -0.08695458 0.56444126
v -0.03008540 -0.08725242 0.56491530
v -0.03008540 -0.08743732 0.56544369
v -0.03008540 -0.08750000 0.56599998
v -0.03008540 -0.08750000 0.56599998
v -0.03053845 -0.08745861 0.56599998
v -0.03097649 -0.08733580 0.56599998
v -0.03138503 -0.08713564 0.56599998
v -0.03037460 -0.08547523 0.56356269
v -0.03064929 -0.08592662 0.56374758
v -0.03089571 -0.08633155 0.56404543
v -0.03110149 -0.08666971 0.56444126
v -0.03125633 -0.08692415 0.56491530
v -0.03135245 -0.08708210 0.56544369
v -0.03045735 -0.08577254 0.56365162
v -0.03071040 -0.08646946 0.56407642
v -0.03112447 -0.08702254 0.56496096
v -0.03082014 -0.08737764 0.56576127
v -0.03075253 -0.08702254 0.56469071
v -0.03071040 -0.08737764 0.56554592
v -0.03031528 -0.08702254 0.56454861
v -0.03053949 -0.08737764 0.56537497
v -0.03032413 -0.08737764 0.56526530
v -0.03750000 -0.07900401 0.56599998
v -0.03750000 -0.07900401 0.59500003
v -0.03734921 -0.07985913 0.56599998
v -0.03743260 -0.07958060 0.56599998
v -0.03748309 -0.07929427 0.56599998
v -0.03734921 -0.07985913 0.59500003
v -0.03748309 -0.07929427 0.59500003
v -0.03743260 -0.07958060 0.59500003
v -0.03008540 -0.08500000 0.56349999
v -0.03037460 -0.08547523 0.56356269
v -0.03064929 -0.08592662 0.56374758
v -0.03089571 -0.08633155 0.56404543
v -0.03110149 -0.08666971 0.56444126
v -0.03125633 -0.08692415 0.56491530
v -0.03135245 -0.08708210 0.56544369
v -0.03138503 -0.08713564 0.56599998
v -0.03734921 -0.07985913 0.56599998
v -0.03592855 -0.08271506 0.56599998
v -0.03390652 -0.08518202 0.56599998
v -0.03500000 -0.07900401 0.56349999
v -0.03552275 -0.07919429 0.56356269
v -0.03601928 -0.07937504 0.56374758
v -0.03646471 -0.07953717 0.56404543
v -0.03683668 -0.07967257 0.56444126
v -0.03711656 -0.07977445 0.56491530
v -0.03729031 -0.07983769 0.56544369
v -0.03216315 -0.08339018 0.56349999
v -0.03382936 -0.08135735 0.56349999
v -0.03429647 -0.08165947 0.56356269
v -0.03474016 -0.08194643 0.56374758
v -0.03513819 -0.08220387 0.56404543
v -0.03547058 -0.08241884 0.56444126
v -0.03572067 -0.08258060 0.56491530
v -0.03587592 -0.08268102 0.56544369
v -0.03255109 -0.08378889 0.56356269
v -0.03291957 -0.08416762 0.56374758
v -0.03325012 -0.08450737 0.56404543
v -0.03352617 -0.08479109 0.56444126
v -0.03373387 -0.08500457 0.56491530
v -0.03386281 -0.08513709 0.56544369
v -0.03500000 -0.07900401 0.56349999
v -0.03552275 -0.07919429 0.56356269
v -0.03601928 -0.07937504 0.56374758
v -0.03646471 -0.07953717 0.56404543
v -0.03683668 -0.07967257 0.56444126
v -0.03711656 -0.07977445 0.56491530
v -0.03729031 -0.07983769 0.56544369
v -0.03734921 -0.07985913 0.56599998
v -0.03743260 -0.07958060 0.56599998
v -0.03748309 -0.07929427 0.56599998
v -0.03750000 -0.07900401 0.56599998
v -0.03750000 -0.07900401 0.56599998
v -0.03555630 -0.07900401 0.56356269
v -0.03608471 -0.07900401 0.56374758
v -0.03655872 -0.07900401 0.56404543
v -0.03695458 -0.07900401 0.56444126
v -0.03725242 -0.07900401 0.56491530
v -0.03743732 -0.07900401 0.56544369
v -0.03702254 -0.07923389 0.56454861
v -0.03737764 -0.07924274 0.56526530
v -0.03737764 -0.07945810 0.56537497
v -0.03737764 -0.07962901 0.56554592
v -0.03737764 -0.07973874 0.56576127
v -0.03750000 -0.06000000 0.56849998
v -0.03750000 -0.06055630 0.56843734
v -0.03750000 -0.06108471 0.56825244
v -0.03750000 -0.06155872 0.56795460
v -0.03750000 -0.06195458 0.56755871
v -0.03750000 -0.06225242 0.56708473
v -0.03750000 -0.06243732 0.56655627
v -0.03750000 -0.06250000 0.56599998
v -0.02400000 -0.06250000 0.56599998
v -0.02400000 -0.06243732 0.56655627
v -0.02400000 -0.06225242 0.56708473
v -0.02400000 -0.06195458 0.56755871
v -0.02400000 -0.06155872 0.56795460
v -0.02400000 -0.06108471 0.56825244
v -0.02400000 -0.06055630 0.56843734
v -0.02400000 -0.06000000 0.56849998
v -0.03500000 -0.07900401 0.56349999
v -0.03555630 -0.07900401 0.56356269
v -0.03608471 -0.07900401 0.56374758
v -0.03655872 -0.07900401 0.56404543
v -0.03695458 -0.07900401 0.56444126
v -0.03725242 -0.07900401 0.56491530
v -0.03743732 -0.07900401 0.56544369
v -0.03750000 -0.07900401 0.56599998
v -0.03750000 -0.06250000 0.56599998
v -0.03500000 -0.06500000 0.56349999
v -0.03564705 -0.06435295 0.56358516
v -0.03625000 -0.06375000 0.56383497
v -0.03676777 -0.06323224 0.56423223
v -0.03713160 -0.06286840 0.56469375
v -0.03734069 -0.06265932 0.56512183
v -0.03745634 -0.06254366 0.56553483
v -0.03748906 -0.06251094 0.56576639
v -0.03500000 -0.06500000 0.56349999
v -0.03564705 -0.06435295 0.56358516
v -0.03625000 -0.06375000 0.56383497
v -0.03676777 -0.06323224 0.56423223
v -0.03713160 -0.06286840 0.56469375
v -0.03734069 -0.06265932 0.56512183
v -0.03745634 -0.06254366 0.56553483
v -0.03748906 -0.06251094 0.56576639
v -0.03750000 -0.06250000 0.56599998
v -0.02400000 -0.06250000 0.56599998
v -0.02400000 -0.06500000 0.56349999
v -0.02400000 -0.06444370 0.56356269
v -0.02400000 -0.06391529 0.56374758
v -0.02400000 -0.06344128 0.56404543
v -0.02400000 -0.06304542 0.56444126
v -0.02400000 -0.06274758 0.56491530
v -0.02400000 -0.06256268 0.56544369
v -0.06000000 -0.02400000 0.56849998
v -0.06055630 -0.02400000 0.56843734
v -0.06108471 -0.02400000 0.56825244
v -0.06155872 -0.02400000 0.56795460
v -0.06195458 -0.02400000 0.56755871
v -0.06225242 -0.02400000 0.56708473
v -0.06243732 -0.02400000 0.56655627
v -0.06250000 -0.02400000 0.56599998
v -0.06250000 -0.03750000 0.56599998
v -0.06243732 -0.03750000 0.56655627
v -0.06225242 -0.03750000 0.56708473
v -0.06195458 -0.03750000 0.56755871
v -0.06155872 -0.03750000 0.56795460
v -0.06108471 -0.03750000 0.56825244
v -0.06055630 -0.03750000 0.56843734
v -0.06000000 -0.03750000 0.56849998
v -0.08500000 -0.02400000 0.56349999
v -0.08555631 -0.02400000 0.56356269
v -0.08608471 -0.02400000 0.56374758
v -0.08655872 -0.02400000 0.56404543
v -0.08695458 -0.02400000 0.56444126
v -0.08725242 -0.02400000 0.56491530
v -0.08743732 -0.02400000 0.56544369
v -0.08750000 -0.02400000 0.56599998
v -0.08500000 -0.03008540 0.56349999
v -0.08750000 -0.03008540 0.56599998
v -0.08743732 -0.03008540 0.56544369
v -0.08725242 -0.03008540 0.56491530
v -0.08695458 -0.03008540 0.56444126
v -0.08655872 -0.03008540 0.56404543
v -0.08608471 -0.03008540 0.56374758
v -0.08555631 -0.03008540 0.56356269
v -0.08750000 -0.03008540 0.56599998
v -0.08750000 -0.03008540 0.59500003
v -0.08713564 -0.03138503 0.56599998
v -0.08733580 -0.03097649 0.56599998
v -0.08745861 -0.03053845 0.56599998
v -0.08713564 -0.03138503 0.59500003
v -0.08733580 -0.03097649 0.59500003
v -0.08745861 -0.03053845 0.59500003
v -0.06250000 -0.02400000 0.56599998
v -0.06256268 -0.02400000 0.56544369
v -0.06274758 -0.02400000 0.56491530
v -0.06304542 -0.02400000 0.56444126
v -0.06344128 -0.02400000 0.56404543
v -0.06391529 -0.02400000 0.56374758
v -0.06444370 -0.02400000 0.56356269
v -0.06500000 -0.02400000 0.56349999
v -0.06250000 -0.03750000 0.56599998
v -0.06500000 -0.03500000 0.56349999
v -0.06435295 -0.03564705 0.56358516
v -0.06375000 -0.03625000 0.56383497
v -0.06323224 -0.03676777 0.56423223
v -0.06286840 -0.03713160 0.56469375
v -0.06265932 -0.03734069 0.56512183
v -0.06254366 -0.03745634 0.56553483
v -0.06251094 -0.03748906 0.56576639
v -0.08713564 -0.03138503 0.56599998
v -0.08733580 -0.03097649 0.56599998
v -0.08745861 -0.03053845 0.56599998
v -0.08750000 -0.03008540 0.56599998
v -0.08750000 -0.03008540 0.56599998
v -0.08743732 -0.03008540 0.56544369
v -0.08725242 -0.03008540 0.56491530
v -0.08695458 -0.03008540 0.56444126
v -0.08655872 -0.03008540 0.56404543
v -0.08608471 -0.03008540 0.56374758
v -0.08555631 -0.03008540 0.56356269
v -0.08500000 -0.03008540 0.56349999
v -0.08708210 -0.03135245 0.56544369
v -0.08692415 -0.03125633 0.56491530
v -0.08666971 -0.03110149 0.56444126
v -0.08633155 -0.03089571 0.56404543
v -0.08592662 -0.03064929 0.56374758
v -0.08547523 -0.03037460 0.56356269
v -0.08577254 -0.03045735 0.56365162
v -0.08646946 -0.03071040 0.56407642
v -0.08702254 -0.03031528 0.56454861
v -0.08702254 -0.03075253 0.56469071
v -0.08702254 -0.03112447 0.56496096
v -0.08737764 -0.03032413 0.56526530
v -0.08737764 -0.03053949 0.56537497
v -0.08737764 -0.03071040 0.56554592
v -0.08737764 -0.03082014 0.56576127
v -0.06500000 -0.03500000 0.56349999
v -0.06435295 -0.03564705 0.56358516
v -0.06375000 -0.03625000 0.56383497
v -0.06323224 -0.03676777 0.56423223
v -0.06286840 -0.03713160 0.56469375
v -0.06265932 -0.03734069 0.56512183
v -0.06254366 -0.03745634 0.56553483
v -0.06251094 -0.03748906 0.56576639
v -0.06250000 -0.03750000 0.56599998
v -0.07900401 -0.03750000 0.56599998
v -0.07900401 -0.03500000 0.56349999
v -0.07900401 -0.03555630 0.56356269
v -0.07900401 -0.03608471 0.56374758
v -0.07900401 -0.03655872 0.56404543
v -0.07900401 -0.03695458 0.56444126
v -0.07900401 -0.03725242 0.56491530
v -0.07900401 -0.03743732 0.56544369
v -0.08713564 -0.03138503 0.56599998
v -0.08708210 -0.03135245 0.56544369
v -0.08692415 -0.03125633 0.56491530
v -0.08666971 -0.03110149 0.56444126
v -0.08633155 -0.03089571 0.56404543
v -0.08592662 -0.03064929 0.56374758
v -0.08547523 -0.03037460 0.56356269
v -0.08500000 -0.03008540 0.56349999
v -0.07900401 -0.03500000 0.56349999
v -0.08135735 -0.03382936 0.56349999
v -0.08339018 -0.03216315 0.56349999
v -0.07985913 -0.03734921 0.56599998
v -0.07983769 -0.03729031 0.56544369
v -0.07977445 -0.03711656 0.56491530
v -0.07967257 -0.03683668 0.56444126
v -0.07953717 -0.03646471 0.56404543
v -0.07937504 -0.03601928 0.56374758
v -0.07919429 -0.03552275 0.56356269
v -0.08518202 -0.03390652 0.56599998
v -0.08271506 -0.03592855 0.56599998
v -0.08378889 -0.03255109 0.56356269
v -0.08416762 -0.03291957 0.56374758
v -0.08450737 -0.03325012 0.56404543
v -0.08479109 -0.03352617 0.56444126
v -0.08500457 -0.03373387 0.56491530
v -0.08513709 -0.03386281 0.56544369
v -0.08165947 -0.03429647 0.56356269
v -0.08194643 -0.03474016 0.56374758
v -0.08220387 -0.03513819 0.56404543
v -0.08241884 -0.03547058 0.56444126
v -0.08258060 -0.03572067 0.56491530
v -0.08268102 -0.03587592 0.56544369
v -0.07985913 -0.03734921 0.56599998
v -0.07983769 -0.03729031 0.56544369
v -0.07977445 -0.03711656 0.56491530
v -0.07967257 -0.03683668 0.56444126
v -0.07953717 -0.03646471 0.56404543
v -0.07937504 -0.03601928 0.56374758
v -0.07919429 -0.03552275 0.56356269
v -0.07900401 -0.03500000 0.56349999
v -0.07900401 -0.03555630 0.56356269
v -0.07900401 -0.03608471 0.56374758
v -0.07900401 -0.03655872 0.56404543
v -0.07900401 -0.03695458 0.56444126
v -0.07900401 -0.03725242 0.56491530
v -0.07900401 -0.03743732 0.56544369
v -0.07900401 -0.03750000 0.56599998
v -0.07900401 -0.03750000 0.56599998
v -0.07958060 -0.03743260 0.56599998
v -0.07929427 -0.03748309 0.56599998
v -0.07973874 -0.03737764 0.56576127
v -0.07962901 -0.03737764 0.56554592
v -0.07923389 -0.03702254 0.56454861
v -0.07945810 -0.03737764 0.56537497
v -0.07924274 -0.03737764 0.56526530
v -0.07985913 -0.03734921 0.56599998
v -0.07985913 -0.03734921 0.59500003
v -0.07958060 -0.03743260 0.56599998
v -0.07929427 -0.03748309 0.56599998
v -0.07900401 -0.03750000 0.56599998
v -0.07900401 -0.03750000 0.59500003
v -0.07958060 -0.03743260 0.59500003
v -0.07929427 -0.03748309 0.59500003
v -0.08713564 0.03138503 0.56599998
v -0.08713564 0.03138503 0.59500003
v -0.08750000 0.03008540 0.56599998
v -0.08745861 0.03053845 0.56599998
v -0.08733580 0.03097649 0.56599998
v -0.08750000 0.03008540 0.59500003
v -0.08733580 0.03097649 0.59500003
v -0.08745861 0.03053845 0.59500003
v -0.08750000 0.02400000 0.56599998
v -0.08743732 0.02400000 0.56544369
v -0.08725242 0.02400000 0.56491530
v -0.08695458 0.02400000 0.56444126
v -0.08655872 0.02400000 0.56404543
v -0.08608471 0.02400000 0.56374758
v -0.08555631 0.02400000 0.56356269
v -0.08500000 0.02400000 0.56349999
v -0.08750000 0.03008540 0.56599998
v -0.08500000 0.03008540 0.56349999
v -0.08555631 0.03008540 0.56356269
v -0.08608471 0.03008540 0.56374758
v -0.08655872 0.03008540 0.56404543
v -0.08695458 0.03008540 0.56444126
v -0.08725242 0.03008540 0.56491530
v -0.08743732 0.03008540 0.56544369
v -0.08500000 0.03008540 0.56349999
v -0.08555631 0.03008540 0.56356269
v -0.08608471 0.03008540 0.56374758
v -0.08655872 0.03008540 0.56404543
v -0.08695458 0.03008540 0.56444126
v -0.08725242 0.03008540 0.56491530
v -0.08743732 0.03008540 0.56544369
v -0.08750000 0.03008540 0.56599998
v -0.08750000 0.03008540 0.56599998
v -0.08745861 0.03053845 0.56599998
v -0.08733580 0.03097649 0.56599998
v -0.08713564 0.03138503 0.56599998
v -0.08547523 0.03037460 0.56356269
v -0.08592662 0.03064929 0.56374758
v -0.08633155 0.03089571 0.56404543
v -0.08666971 0.03110149 0.56444126
v -0.08692415 0.03125633 0.56491530
v -0.08708210 0.03135245 0.56544369
v -0.08577254 0.03045735 0.56365162
v -0.08646946 0.03071040 0.56407642
v -0.08702254 0.03112447 0.56496096
v -0.08737764 0.03082014 0.56576127
v -0.08702254 0.03075253 0.56469071
v -0.08737764 0.03071040 0.56554592
v -0.08702254 0.03031528 0.56454861
v -0.08737764 0.03053949 0.56537497
v -0.08737764 0.03032413 0.56526530
v -0.07900401 0.03750000 0.56599998
v -0.07900401 0.03750000 0.59500003
v -0.07985913 0.03734921 0.56599998
v -0.07958060 0.03743260 0.56599998
v -0.07929427 0.03748309 0.56599998
v -0.07985913 0.03734921 0.59500003
v -0.07958060 0.03743260 0.59500003
v -0.07929427 0.03748309 0.59500003
v -0.08500000 0.03008540 0.56349999
v -0.08547523 0.03037460 0.56356269
v -0.08592662 0.03064929 0.56374758
v -0.08633155 0.03089571 0.56404543
v -0.08666971 0.03110149 0.56444126
v -0.08692415 0.03125633 0.56491530
v -0.08708210 0.03135245 0.56544369
v -0.08713564 0.03138503 0.56599998
v -0.07985913 0.03734921 0.56599998
v -0.08271506 0.03592855 0.56599998
v -0.08518202 0.03390652 0.56599998
v -0.07900401 0.03500000 0.56349999
v -0.07919429 0.03552275 0.56356269
v -0.07937504 0.03601928 0.56374758
v -0.07953717 0.03646471 0.56404543
v -0.07967257 0.03683668 0.56444126
v -0.07977445 0.03711656 0.56491530
v -0.07983769 0.03729031 0.56544369
v -0.08339018 0.03216315 0.56349999
v -0.08135735 0.03382936 0.56349999
v -0.08165947 0.03429647 0.56356269
v -0.08194643 0.03474016 0.56374758
v -0.08220387 0.03513819 0.56404543
v -0.08241884 0.03547058 0.56444126
v -0.08258060 0.03572067 0.56491530
v -0.08268102 0.03587592 0.56544369
v -0.08378889 0.03255109 0.56356269
v -0.08416762 0.03291957 0.56374758
v -0.08450737 0.03325012 0.56404543
v -0.08479109 0.03352617 0.56444126
v -0.08500457 0.03373387 0.56491530
v -0.08513709 0.03386281 0.56544369
v -0.07900401 0.03500000 0.56349999
v -0.07919429 0.03552275 0.56356269
v -0.07937504 0.03601928 0.56374758
v -0.07953717 0.03646471 0.56404543
v -0.07967257 0.03683668 0.56444126
v -0.07977445 0.03711656 0.56491530
v -0.07983769 0.03729031 0.56544369
v -0.07985913 0.03734921 0.56599998
v -0.07958060 0.03743260 0.56599998
v -0.07929427 0.03748309 0.56599998
v -0.07900401 0.03750000 0.56599998
v -0.07900401 0.03750000 0.56599998
v -0.07900401 0.03555630 0.56356269
v -0.07900401 0.03608471 0.56374758
v -0.07900401 0.03655872 0.56404543
v -0.07900401 0.03695458 0.56444126
v -0.07900401 0.03725242 0.56491530
v -0.07900401 0.03743732 0.56544369
v -0.07976705 0.03737764 0.56587917
v -0.07969236 0.03737764 0.56564927
v -0.07955029 0.03737764 0.56545371
v -0.07935474 0.03737764 0.56531167
v -0.07912487 0.03737764 0.56523699
v -0.07945810 0.03702254 0.56460243
v -0.07932041 0.03646946 0.56400234
v -0.06000000 0.03750000 0.56849998
v -0.06055630 0.03750000 0.56843734
v -0.06108471 0.03750000 0.56825244
v -0.06155872 0.03750000 0.56795460
v -0.06195458 0.03750000 0.56755871
v -0.06225242 0.03750000 0.56708473
v -0.06243732 0.03750000 0.56655627
v -0.06250000 0.03750000 0.56599998
v -0.06250000 0.02400000 0.56599998
v -0.06243732 0.02400000 0.56655627
v -0.06225242 0.02400000 0.56708473
v -0.06195458 0.02400000 0.56755871
v -0.06155872 0.02400000 0.56795460
v -0.06108471 0.02400000 0.56825244
v -0.06055630 0.02400000 0.56843734
v -0.06000000 0.02400000 0.56849998
v -0.07900401 0.03500000 0.56349999
v -0.07900401 0.03555630 0.56356269
v -0.07900401 0.03608471 0.56374758
v -0.07900401 0.03655872 0.56404543
v -0.07900401 0.03695458 0.56444126
v -0.07900401 0.03725242 0.56491530
v -0.07900401 0.03743732 0.56544369
v -0.07900401 0.03750000 0.56599998
v -0.06250000 0.03750000 0.56599998
v -0.06500000 0.03500000 0.56349999
v -0.06435295 0.03564705 0.56358516
v -0.06375000 0.03625000 0.56383497
v -0.06323224 0.03676777 0.56423223
v -0.06286840 0.03713160 0.56469375
v -0.06265932 0.03734069 0.56512183
v -0.06254366 0.03745634 0.56553483
v -0.06251094 0.03748906 0.56576639
v -0.06500000 0.03500000 0.56349999
v -0.06435295 0.03564705 0.56358516
v -0.06375000 0.03625000 0.56383497
v -0.06323224 0.03676777 0.56423223
v -0.06286840 0.03713160 0.56469375
v -0.06265932 0.03734069 0.56512183
v -0.06254366 0.03745634 0.56553483
v -0.06251094 0.03748906 0.56576639
v -0.06250000 0.03750000 0.56599998
v -0.06250000 0.02400000 0.56599998
v -0.06500000 0.02400000 0.56349999
v -0.06444370 0.02400000 0.56356269
v -0.06391529 0.02400000 0.56374758
v -0.06344128 0.02400000 0.56404543
v -0.06304542 0.02400000 0.56444126
v -0.06274758 0.02400000 0.56491530
v -0.06256268 0.02400000 0.56544369
v 0.03138503 0.08713564 0.56599998
v 0.03138503 0.08713564 0.59500003
v 0.03008540 0.08750000 0.56599998
v 0.03053845 0.08745861 0.56599998
v 0.03097649 0.08733580 0.56599998
v 0.03008540 0.08750000 0.59500003
v 0.03097649 0.08733580 0.59500003
v 0.03053845 0.08745861 0.59500003
v 0.02400000 0.08750000 0.56599998
v 0.02400000 0.08743732 0.56544369
v 0.02400000 0.08725242 0.56491530
v 0.02400000 0.08695458 0.56444126
v 0.02400000 0.08655872 0.56404543
v 0.02400000 0.08608471 0.56374758
v 0.02400000 0.08555631 0.56356269
v 0.02400000 0.08500000 0.56349999
v 0.03008540 0.08750000 0.56599998
v 0.03008540 0.08500000 0.56349999
v 0.03008540 0.08555631 0.56356269
v 0.03008540 0.08608471 0.56374758
v 0.03008540 0.08655872 0.56404543
v 0.03008540 0.08695458 0.56444126
v 0.03008540 0.08725242 0.56491530
v 0.03008540 0.08743732 0.56544369
v 0.03008540 0.08500000 0.56349999
v 0.03008540 0.08555631 0.56356269
v 0.03008540 0.08608471 0.56374758
v 0.03008540 0.08655872 0.56404543
v 0.03008540 0.08695458 0.56444126
v 0.03008540 0.08725242 0.56491530
v 0.03008540 0.08743732 0.56544369
v 0.03008540 0.08750000 0.56599998
v 0.03053845 0.08745861 0.56599998
v 0.03097649 0.08733580 0.56599998
v 0.03138503 0.08713564 0.56599998
v 0.03037460 0.08547523 0.56356269
v 0.03064929 0.08592662 0.56374758
v 0.03089571 0.08633155 0.56404543
v 0.03110149 0.08666971 0.56444126
v 0.03125633 0.08692415 0.56491530
v 0.03135245 0.08708210 0.56544369
v 0.03076027 0.08737755 0.56562346
v 0.03076027 0.08714482 0.56490713
v 0.03076027 0.08670214 0.56429785
v 0.03750000 0.07900401 0.56599998
v 0.03750000 0.07900401 0.59500003
v 0.03734921 0.07985913 0.56599998
v 0.03743260 0.07958060 0.56599998
v 0.03748309 0.07929427 0.56599998
v 0.03734921 0.07985913 0.59500003
v 0.03748309 0.07929427 0.59500003
v 0.03743260 0.07958060 0.59500003
v 0.03008540 0.08500000 0.56349999
v 0.03037460 0.08547523 0.56356269
v 0.03064929 0.08592662 0.56374758
v 0.03089571 0.08633155 0.56404543
v 0.03110149 0.08666971 0.56444126
v 0.03125633 0.08692415 0.56491530
v 0.03135245 0.08708210 0.56544369
v 0.03138503 0.08713564 0.56599998
v 0.03734921 0.07985913 0.56599998
v 0.03592855 0.08271506 0.56599998
v 0.03390652 0.08518202 0.56599998
v 0.03500000 0.07900401 0.56349999
v 0.03552275 0.07919429 0.56356269
v 0.03601928 0.07937504 0.56374758
v 0.03646471 0.07953717 0.56404543
v 0.03683668 0.07967257 0.56444126
v 0.03711656 0.07977445 0.56491530
v 0.03729031 0.07983769 0.56544369
v 0.03216315 0.08339018 0.56349999
v 0.03382936 0.08135735 0.56349999
v 0.03429647 0.08165947 0.56356269
v 0.03474016 0.08194643 0.56374758
v 0.03513819 0.08220387 0.56404543
v 0.03547058 0.08241884 0.56444126
v 0.03572067 0.08258060 0.56491530
v 0.03587592 0.08268102 0.56544369
v 0.03255109 0.08378889 0.56356269
v 0.03291957 0.08416762 0.56374758
v 0.03325012 0.08450737 0.56404543
v 0.03352617 0.08479109 0.56444126
v 0.03373387 0.08500457 0.56491530
v 0.03386281 0.08513709 0.56544369
v 0.03500000 0.07900401 0.56349999
v 0.03552275 0.07919429 0.56356269
v 0.03601928 0.07937504 0.56374758
v 0.03646471 0.07953717 0.56404543
v 0.03683668 0.07967257 0.56444126
v 0.03711656 0.07977445 0.56491530
v 0.03729031 0.07983769 0.56544369
v 0.03734921 0.07985913 0.56599998
v 0.03743260 0.07958060 0.56599998
v 0.03748309 0.07929427 0.56599998
v 0.03750000 0.07900401 0.56599998
v 0.03750000 0.07900401 0.56599998
v 0.03555630 0.07900401 0.56356269
v 0.03608471 0.07900401 0.56374758
v 0.03655872 0.07900401 0.56404543
v 0.03695458 0.07900401 0.56444126
v 0.03725242 0.07900401 0.56491530
v 0.03743732 0.07900401 0.56544369
v 0.03737764 0.07976705 0.56587917
v 0.03737764 0.07969236 0.56564927
v 0.03737764 0.07955029 0.56545371
v 0.03737764 0.07935474 0.56531167
v 0.03737764 0.07912487 0.56523699
v 0.03702254 0.07945810 0.56460243
v 0.03646946 0.07932041 0.56400234
v 0.03500000 0.06500000 0.56349999
v 0.03564705 0.06435295 0.56358516
v 0.03625000 0.06375000 0.56383497
v 0.03676777 0.06323224 0.56423223
v 0.03713160 0.06286840 0.56469375
v 0.03734069 0.06265932 0.56512183
v 0.03745634 0.06254366 0.56553483
v 0.03748906 0.06251094 0.56576639
v 0.03750000 0.06250000 0.56599998
v 0.03500000 0.07900401 0.56349999
v 0.03555630 0.07900401 0.56356269
v 0.03608471 0.07900401 0.56374758
v 0.03655872 0.07900401 0.56404543
v 0.03695458 0.07900401 0.56444126
v 0.03725242 0.07900401 0.56491530
v 0.03743732 0.07900401 0.56544369
v 0.03750000 0.07900401 0.56599998
v 0.02400000 0.06250000 0.56599998
v 0.03750000 0.06250000 0.56599998
v 0.02400000 0.06500000 0.56349999
v 0.02400000 0.06444370 0.56356269
v 0.02400000 0.06391529 0.56374758
v 0.02400000 0.06344128 0.56404543
v 0.02400000 0.06304542 0.56444126
v 0.02400000 0.06274758 0.56491530
v 0.02400000 0.06256268 0.56544369
v 0.03500000 0.06500000 0.56349999
v 0.03564705 0.06435295 0.56358516
v 0.03625000 0.06375000 0.56383497
v 0.03676777 0.06323224 0.56423223
v 0.03713160 0.06286840 0.56469375
v 0.03734069 0.06265932 0.56512183
v 0.03745634 0.06254366 0.56553483
v 0.03748906 0.06251094 0.56576639
v 0.02400000 0.06000000 0.56849998
v 0.03750000 0.06000000 0.56849998
v 0.03750000 0.06055630 0.56843734
v 0.03750000 0.06108471 0.56825244
v 0.03750000 0.06155872 0.56795460
v 0.03750000 0.06195458 0.56755871
v 0.03750000 0.06225242 0.56708473
v 0.03750000 0.06243732 0.56655627
v 0.03750000 0.06250000 0.56599998
v 0.02400000 0.06250000 0.56599998
v 0.02400000 0.06243732 0.56655627
v 0.02400000 0.06225242 0.56708473
v 0.02400000 0.06195458 0.56755871
v 0.02400000 0.06155872 0.56795460
v 0.02400000 0.06108471 0.56825244
v 0.02400000 0.06055630 0.56843734
v -0.02400000 0.08500000 0.56349999
v -0.02400000 0.08555631 0.56356269
v -0.02400000 0.08608471 0.56374758
v -0.02400000 0.08655872 0.56404543
v -0.02400000 0.08695458 0.56444126
v -0.02400000 0.08725242 0.56491530
v -0.02400000 0.08743732 0.56544369
v -0.02400000 0.08750000 0.56599998
v -0.03008540 0.08500000 0.56349999
v -0.03008540 0.08750000 0.56599998
v -0.03008540 0.08743732 0.56544369
v -0.03008540 0.08725242 0.56491530
v -0.03008540 0.08695458 0.56444126
v -0.03008540 0.08655872 0.56404543
v -0.03008540 0.08608471 0.56374758
v -0.03008540 0.08555631 0.56356269
v -0.03008540 0.08750000 0.56599998
v -0.03008540 0.08750000 0.59500003
v -0.03138503 0.08713564 0.56599998
v -0.03097649 0.08733580 0.56599998
v -0.03053845 0.08745861 0.56599998
v -0.03138503 0.08713564 0.59500003
v -0.03053845 0.08745861 0.59500003
v -0.03097649 0.08733580 0.59500003
v -0.03138503 0.08713564 0.56599998
v -0.03097649 0.08733580 0.56599998
v -0.03053845 0.08745861 0.56599998
v -0.03008540 0.08750000 0.56599998
v -0.03008540 0.08750000 0.56599998
v -0.03008540 0.08743732 0.56544369
v -0.03008540 0.08725242 0.56491530
v -0.03008540 0.08695458 0.56444126
v -0.03008540 0.08655872 0.56404543
v -0.03008540 0.08608471 0.56374758
v -0.03008540 0.08555631 0.56356269
v -0.03008540 0.08500000 0.56349999
v -0.03135245 0.08708210 0.56544369
v -0.03125633 0.08692415 0.56491530
v -0.03110149 0.08666971 0.56444126
v -0.03089571 0.08633155 0.56404543
v -0.03064929 0.08592662 0.56374758
v -0.03037460 0.08547523 0.56356269
v -0.03084843 0.08737764 0.56587917
v -0.03077374 0.08737764 0.56564927
v -0.03063167 0.08737764 0.56545371
v -0.03043613 0.08737764 0.56531167
v -0.03020626 0.08737764 0.56523699
v -0.03094913 0.08702254 0.56481117
v -0.03053949 0.08702254 0.56460243
v -0.03040180 0.08646946 0.56400234
v -0.03138503 0.08713564 0.56599998
v -0.03135245 0.08708210 0.56544369
v -0.03125633 0.08692415 0.56491530
v -0.03110149 0.08666971 0.56444126
v -0.03089571 0.08633155 0.56404543
v -0.03064929 0.08592662 0.56374758
v -0.03037460 0.08547523 0.56356269
v -0.03008540 0.08500000 0.56349999
v -0.03500000 0.07900401 0.56349999
v -0.03382936 0.08135735 0.56349999
v -0.03216315 0.08339018 0.56349999
v -0.03734921 0.07985913 0.56599998
v -0.03729031 0.07983769 0.56544369
v -0.03711656 0.07977445 0.56491530
v -0.03683668 0.07967257 0.56444126
v -0.03646471 0.07953717 0.56404543
v -0.03601928 0.07937504 0.56374758
v -0.03552275 0.07919429 0.56356269
v -0.03390652 0.08518202 0.56599998
v -0.03592855 0.08271506 0.56599998
v -0.03255109 0.08378889 0.56356269
v -0.03291957 0.08416762 0.56374758
v -0.03325012 0.08450737 0.56404543
v -0.03352617 0.08479109 0.56444126
v -0.03373387 0.08500457 0.56491530
v -0.03386281 0.08513709 0.56544369
v -0.03429647 0.08165947 0.56356269
v -0.03474016 0.08194643 0.56374758
v -0.03513819 0.08220387 0.56404543
v -0.03547058 0.08241884 0.56444126
v -0.03572067 0.08258060 0.56491530
v -0.03587592 0.08268102 0.56544369
v -0.03734921 0.07985913 0.56599998
v -0.03734921 0.07985913 0.59500003
v -0.03750000 0.07900401 0.56599998
v -0.03748309 0.07929427 0.56599998
v -0.03743260 0.07958060 0.56599998
v -0.03750000 0.07900401 0.59500003
v -0.03743260 0.07958060 0.59500003
v -0.03748309 0.07929427 0.59500003
v -0.03750000 0.07900401 0.56599998
v -0.03750000 0.07900401 0.56599998
v -0.03748309 0.07929427 0.56599998
v -0.03743260 0.07958060 0.56599998
v -0.03734921 0.07985913 0.56599998
v -0.03729031 0.07983769 0.56544369
v -0.03711656 0.07977445 0.56491530
v -0.03683668 0.07967257 0.56444126
v -0.03646471 0.07953717 0.56404543
v -0.03601928 0.07937504 0.56374758
v -0.03552275 0.07919429 0.56356269
v -0.03500000 0.07900401 0.56349999
v -0.03743732 0.07900401 0.56544369
v -0.03725242 0.07900401 0.56491530
v -0.03695458 0.07900401 0.56444126
v -0.03655872 0.07900401 0.56404543
v -0.03608471 0.07900401 0.56374758
v -0.03555630 0.07900401 0.56356269
v -0.03737764 0.07973874 0.56576127
v -0.03737764 0.07962901 0.56554592
v -0.03702254 0.07923389 0.56454861
v -0.03737764 0.07945810 0.56537497
v -0.03737764 0.07924274 0.56526530
v -0.03750000 0.06250000 0.56599998
v -0.03743732 0.06250000 0.56544369
v -0.03725242 0.06250000 0.56491530
v -0.03695458 0.06250000 0.56444126
v -0.03655872 0.06250000 0.56404543
v -0.03608471 0.06250000 0.56374758
v -0.03555630 0.06250000 0.56356269
v -0.03500000 0.06250000 0.56349999
v -0.03750000 0.07900401 0.56599998
v -0.03743732 0.07900401 0.56544369
v -0.03725242 0.07900401 0.56491530
v -0.03695458 0.07900401 0.56444126
v -0.03655872 0.07900401 0.56404543
v -0.03608471 0.07900401 0.56374758
v -0.03555630 0.07900401 0.56356269
v -0.03500000 0.07900401 0.56349999
v 0.02823305 0.03242735 0.56900001
v 0.02823305 0.03242735 0.54900002
v 0.03112004 0.03112004 0.56900001
v 0.03027289 0.03178477 0.56900001
v 0.02929184 0.03222901 0.56900001
v 0.03112004 0.03112004 0.54900002
v 0.03027289 0.03178477 0.54900002
v 0.02929184 0.03222901 0.54900002
v -0.02823305 -0.03242735 0.56900001
v -0.02823305 -0.03242735 0.54900002
v -0.03112004 -0.03112004 0.56900001
v -0.03027289 -0.03178477 0.56900001
v -0.02929184 -0.03222901 0.56900001
v -0.03112004 -0.03112004 0.54900002
v -0.03027289 -0.03178477 0.54900002
v -0.02929184 -0.03222901 0.54900002
v 0.03242735 -0.02823305 0.56900001
v 0.03242735 -0.02823305 0.54900002
v 0.03112004 -0.03112004 0.56900001
v 0.03178477 -0.03027289 0.56900001
v 0.03222901 -0.02929184 0.56900001
v 0.03112004 -0.03112004 0.54900002
v 0.03178477 -0.03027289 0.54900002
v 0.03222901 -0.02929184 0.54900002
v -0.03242735 0.02823305 0.56900001
v -0.03242735 0.02823305 0.54900002
v -0.03112004 0.03112004 0.56900001
v -0.03178477 0.03027289 0.56900001
v -0.03222901 0.02929184 0.56900001
v -0.03112004 0.03112004 0.54900002
v -0.03178477 0.03027289 0.54900002
v -0.03222901 0.02929184 0.54900002
v -0.00300000 0.02750000 0.48500001
v -0.00300000 0.02850000 0.48500001
v -0.00300000 0.02750000 0.48500001
v -0.00300000 0.02850000 0.48500001
v -0.00291283 0.02850000 0.48571795
v -0.00265637 0.02850000 0.48639417
v -0.00224553 0.02850000 0.48698938
v -0.00170419 0.02850000 0.48746896
v -0.00106381 0.02850000 0.48780504
v -0.00036161 0.02850000 0.48797813
v 0.00036161 0.02850000 0.48797813
v 0.00106381 0.02850000 0.48780504
v 0.00170419 0.02850000 0.48746896
v 0.00224553 0.02850000 0.48698938
v 0.00265637 0.02850000 0.48639417
v 0.00291283 0.02850000 0.48571795
v 0.00300000 0.02850000 0.48500001
v 0.00291283 0.02850000 0.48428205
v 0.00265637 0.02850000 0.48360583
v 0.00224553 0.02850000 0.48301062
v 0.00170419 0.02850000 0.48253104
v 0.00106381 0.02850000 0.48219496
v 0.00036161 0.02850000 0.48202187
v -0.00036161 0.02850000 0.48202187
v -0.00106381 0.02850000 0.48219496
v -0.00170419 0.02850000 0.48253104
v -0.00224553 0.02850000 0.48301062
v -0.00265637 0.02850000 0.48360583
v -0.00291283 0.02850000 0.48428205
v -0.00291283 0.02750000 0.48571795
v -0.00265637 0.02750000 0.48639417
v -0.00224553 0.02750000 0.48698938
v -0.00170419 0.02750000 0.48746896
v -0.00106381 0.02750000 0.48780504
v -0.00036161 0.02750000 0.48797813
v 0.00036161 0.02750000 0.48797813
v 0.00106381 0.02750000 0.48780504
v 0.00170419 0.02750000 0.48746896
v 0.00224553 0.02750000 0.48698938
v 0.00265637 0.02750000 0.48639417
v 0.00291283 0.02750000 0.48571795
v 0.00300000 0.02750000 0.48500001
v 0.00291283 0.02750000 0.48428205
v 0.00265637 0.02750000 0.48360583
v 0.00224553 0.02750000 0.48301062
v 0.00170419 0.02750000 0.48253104
v 0.00106381 0.02750000 0.48219496
v 0.00036161 0.02750000 0.48202187
v -0.00036161 0.02750000 0.48202187
v -0.00106381 0.02750000 0.48219496
v -0.00170419 0.02750000 0.48253104
v -0.00224553 0.02750000 0.48301062
v -0.00265637 0.02750000 0.48360583
v -0.00291283 0.02750000 0.48428205
v 0.00300000 -0.02750000 0.48500001
v 0.00300000 -0.02850000 0.48500001
v 0.00300000 -0.02750000 0.48500001
v 0.00300000 -0.02850000 0.48500001
v 0.00291283 -0.02850000 0.48571795
v 0.00265637 -0.02850000 0.48639417
v 0.00224553 -0.02850000 0.48698938
v 0.00170419 -0.02850000 0.48746896
v 0.00106381 -0.02850000 0.48780504
v 0.00036161 -0.02850000 0.48797813
v -0.00036161 -0.02850000 0.48797813
v -0.00106381 -0.02850000 0.48780504
v -0.00170419 -0.02850000 0.48746896
v -0.00224553 -0.02850000 0.48698938
v -0.00265637 -0.02850000 0.48639417
v -0.00291283 -0.02850000 0.48571795
v -0.00300000 -0.02850000 0.48500001
v -0.00291283 -0.02850000 0.48428205
v -0.00265637 -0.02850000 0.48360583
v -0.00224553 -0.02850000 0.48301062
v -0.00170419 -0.02850000 0.48253104
v -0.00106381 -0.02850000 0.48219496
v -0.00036161 -0.02850000 0.48202187
v 0.00036161 -0.02850000 0.48202187
v 0.00106381 -0.02850000 0.48219496
v 0.00170419 -0.02850000 0.48253104
v 0.00224553 -0.02850000 0.48301062
v 0.00265637 -0.02850000 0.48360583
v 0.00291283 -0.02850000 0.48428205
v 0.00291283 -0.02750000 0.48571795
v 0.00265637 -0.02750000 0.48639417
v 0.00224553 -0.02750000 0.48698938
v 0.00170419 -0.02750000 0.48746896
v 0.00106381 -0.02750000 0.48780504
v 0.00036161 -0.02750000 0.48797813
v -0.00036161 -0.02750000 0.48797813
v -0.00106381 -0.02750000 0.48780504
v -0.00170419 -0.02750000 0.48746896
v -0.00224553 -0.02750000 0.48698938
v -0.00265637 -0.02750000 0.48639417
v -0.00291283 -0.02750000 0.48571795
v -0.00300000 -0.02750000 0.48500001
v -0.00291283 -0.02750000 0.48428205
v -0.00265637 -0.02750000 0.48360583
v -0.00224553 -0.02750000 0.48301062
v -0.00170419 -0.02750000 0.48253104
v -0.00106381 -0.02750000 0.48219496
v -0.00036161 -0.02750000 0.48202187
v 0.00036161 -0.02750000 0.48202187
v 0.00106381 -0.02750000 0.48219496
v 0.00170419 -0.02750000 0.48253104
v 0.00224553 -0.02750000 0.48301062
v 0.00265637 -0.02750000 0.48360583
v 0.00291283 -0.02750000 0.48428205
v 0.02450000 0.02850000 0.47000000
v 0.02539008 0.02839971 0.47000000
v 0.02623554 0.02810387 0.47000000
v 0.02699396 0.02762733 0.47000000
v 0.02762733 0.02699396 0.47000000
v 0.02810387 0.02623554 0.47000000
v 0.02839971 0.02539008 0.47000000
v 0.02850000 0.02450000 0.47000000
v 0.02450000 0.02850000 0.50000000
v 0.02850000 0.02450000 0.50000000
v 0.02839971 0.02539008 0.50000000
v 0.02810387 0.02623554 0.50000000
v 0.02762733 0.02699396 0.50000000
v 0.02699396 0.02762733 0.50000000
v 0.02623554 0.02810387 0.50000000
v 0.02539008 0.02839971 0.50000000
v 0.00175000 -0.02510000 0.48500001
v 0.00175000 -0.02750000 0.48500001
v 0.00175000 -0.02510000 0.48500001
v 0.00175000 -0.02750000 0.48500001
v 0.00169915 -0.02750000 0.48458120
v 0.00154955 -0.02750000 0.48418674
v 0.00130989 -0.02750000 0.48383954
v 0.00099411 -0.02750000 0.48355979
v 0.00062056 -0.02750000 0.48336372
v 0.00021094 -0.02750000 0.48326275
v -0.00021094 -0.02750000 0.48326275
v -0.00062056 -0.02750000 0.48336372
v -0.00099411 -0.02750000 0.48355979
v -0.00130989 -0.02750000 0.48383954
v -0.00154955 -0.02750000 0.48418674
v -0.00169915 -0.02750000 0.48458120
v -0.00175000 -0.02750000 0.48500001
v -0.00169915 -0.02750000 0.48541880
v -0.00154955 -0.02750000 0.48581326
v -0.00130989 -0.02750000 0.48616046
v -0.00099411 -0.02750000 0.48644021
v -0.00062056 -0.02750000 0.48663628
v -0.00021094 -0.02750000 0.48673725
v 0.00021094 -0.02750000 0.48673725
v 0.00062056 -0.02750000 0.48663628
v 0.00099411 -0.02750000 0.48644021
v 0.00130989 -0.02750000 0.48616046
v 0.00154955 -0.02750000 0.48581326
v 0.00169915 -0.02750000 0.48541880
v 0.00169915 -0.02510000 0.48541880
v 0.00154955 -0.02510000 0.48581326
v 0.00130989 -0.02510000 0.48616046
v 0.00099411 -0.02510000 0.48644021
v 0.00062056 -0.02510000 0.48663628
v 0.00021094 -0.02510000 0.48673725
v -0.00021094 -0.02510000 0.48673725
v -0.00062056 -0.02510000 0.48663628
v -0.00099411 -0.02510000 0.48644021
v -0.00130989 -0.02510000 0.48616046
v -0.00154955 -0.02510000 0.48581326
v -0.00169915 -0.02510000 0.48541880
v -0.00175000 -0.02510000 0.48500001
v -0.00169915 -0.02510000 0.48458120
v -0.00154955 -0.02510000 0.48418674
v -0.00130989 -0.02510000 0.48383954
v -0.00099411 -0.02510000 0.48355979
v -0.00062056 -0.02510000 0.48336372
v -0.00021094 -0.02510000 0.48326275
v 0.00021094 -0.02510000 0.48326275
v 0.00062056 -0.02510000 0.48336372
v 0.00099411 -0.02510000 0.48355979
v 0.00130989 -0.02510000 0.48383954
v 0.00154955 -0.02510000 0.48418674
v 0.00169915 -0.02510000 0.48458120
v 0.00175000 0.02750000 0.48500001
v 0.00175000 0.02510000 0.48500001
v 0.00175000 0.02750000 0.48500001
v 0.00175000 0.02510000 0.48500001
v 0.00169915 0.02510000 0.48458120
v 0.00154955 0.02510000 0.48418674
v 0.00130989 0.02510000 0.48383954
v 0.00099411 0.02510000 0.48355979
v 0.00062056 0.02510000 0.48336372
v 0.00021094 0.02510000 0.48326275
v -0.00021094 0.02510000 0.48326275
v -0.00062056 0.02510000 0.48336372
v -0.00099411 0.02510000 0.48355979
v -0.00130989 0.02510000 0.48383954
v -0.00154955 0.02510000 0.48418674
v -0.00169915 0.02510000 0.48458120
v -0.00175000 0.02510000 0.48500001
v -0.00169915 0.02510000 0.48541880
v -0.00154955 0.02510000 0.48581326
v -0.00130989 0.02510000 0.48616046
v -0.00099411 0.02510000 0.48644021
v -0.00062056 0.02510000 0.48663628
v -0.00021094 0.02510000 0.48673725
v 0.00021094 0.02510000 0.48673725
v 0.00062056 0.02510000 0.48663628
v 0.00099411 0.02510000 0.48644021
v 0.00130989 0.02510000 0.48616046
v 0.00154955 0.02510000 0.48581326
v 0.00169915 0.02510000 0.48541880
v 0.00169915 0.02750000 0.48541880
v 0.00154955 0.02750000 0.48581326
v 0.00130989 0.02750000 0.48616046
v 0.00099411 0.02750000 0.48644021
v 0.00062056 0.02750000 0.48663628
v 0.00021094 0.02750000 0.48673725
v -0.00021094 0.02750000 0.48673725
v -0.00062056 0.02750000 0.48663628
v -0.00099411 0.02750000 0.48644021
v -0.00130989 0.02750000 0.48616046
v -0.00154955 0.02750000 0.48581326
v -0.00169915 0.02750000 0.48541880
v -0.00175000 0.02750000 0.48500001
v -0.00169915 0.02750000 0.48458120
v -0.00154955 0.02750000 0.48418674
v -0.00130989 0.02750000 0.48383954
v -0.00099411 0.02750000 0.48355979
v -0.00062056 0.02750000 0.48336372
v -0.00021094 0.02750000 0.48326275
v 0.00021094 0.02750000 0.48326275
v 0.00062056 0.02750000 0.48336372
v 0.00099411 0.02750000 0.48355979
v 0.00130989 0.02750000 0.48383954
v 0.00154955 0.02750000 0.48418674
v 0.00169915 0.02750000 0.48458120
v 0.03363938 -0.03604355 0.53700000
v 0.03363938 -0.03604355 0.59200001
v 0.03363938 -0.03604355 0.53700000
v 0.03363938 -0.03604355 0.59200001
v 0.03338664 -0.03572094 0.59200001
v 0.03321844 -0.03534722 0.59200001
v 0.03314457 -0.03494411 0.59200001
v 0.03316931 -0.03453503 0.59200001
v 0.03329124 -0.03414376 0.59200001
v 0.03350325 -0.03379304 0.59200001
v 0.03379304 -0.03350325 0.59200001
v 0.03414376 -0.03329124 0.59200001
v 0.03453503 -0.03316931 0.59200001
v 0.03494411 -0.03314457 0.59200001
v 0.03534722 -0.03321844 0.59200001
v 0.03572094 -0.03338664 0.59200001
v 0.03604355 -0.03363938 0.59200001
v 0.03629629 -0.03396199 0.59200001
v 0.03646449 -0.03433571 0.59200001
v 0.03653836 -0.03473882 0.59200001
v 0.03651362 -0.03514790 0.59200001
v 0.03639169 -0.03553917 0.59200001
v 0.03617968 -0.03588989 0.59200001
v 0.03588989 -0.03617968 0.59200001
v 0.03553917 -0.03639169 0.59200001
v 0.03514790 -0.03651362 0.59200001
v 0.03473882 -0.03653836 0.59200001
v 0.03433571 -0.03646449 0.59200001
v 0.03396199 -0.03629629 0.59200001
v 0.03396199 -0.03629629 0.53700000
v 0.03433571 -0.03646449 0.53700000
v 0.03473882 -0.03653836 0.53700000
v 0.03514790 -0.03651362 0.53700000
v 0.03553917 -0.03639169 0.53700000
v 0.03588989 -0.03617968 0.53700000
v 0.03617968 -0.03588989 0.53700000
v 0.03639169 -0.03553917 0.53700000
v 0.03651362 -0.03514790 0.53700000
v 0.03653836 -0.03473882 0.53700000
v 0.03646449 -0.03433571 0.53700000
v 0.03629629 -0.03396199 0.53700000
v 0.03604355 -0.03363938 0.53700000
v 0.03572094 -0.03338664 0.53700000
v 0.03534722 -0.03321844 0.53700000
v 0.03494411 -0.03314457 0.53700000
v 0.03453503 -0.03316931 0.53700000
v 0.03414376 -0.03329124 0.53700000
v 0.03379304 -0.03350325 0.53700000
v 0.03350325 -0.03379304 0.53700000
v 0.03329124 -0.03414376 0.53700000
v 0.03316931 -0.03453503 0.53700000
v 0.03314457 -0.03494411 0.53700000
v 0.03321844 -0.03534722 0.53700000
v 0.03338664 -0.03572094 0.53700000
v 0.03363938 0.03363938 0.53700000
v 0.03363938 0.03363938 0.59200001
v 0.03363938 0.03363938 0.53700000
v 0.03363938 0.03363938 0.59200001
v 0.03338664 0.03396199 0.59200001
v 0.03321844 0.03433571 0.59200001
v 0.03314457 0.03473882 0.59200001
v 0.03316931 0.03514790 0.59200001
v 0.03329124 0.03553917 0.59200001
v 0.03350325 0.03588989 0.59200001
v 0.03379304 0.03617968 0.59200001
v 0.03414376 0.03639169 0.59200001
v 0.03453503 0.03651362 0.59200001
v 0.03494411 0.03653836 0.59200001
v 0.03534722 0.03646449 0.59200001
v 0.03572094 0.03629629 0.59200001
v 0.03604355 0.03604355 0.59200001
v 0.03629629 0.03572094 0.59200001
v 0.03646449 0.03534722 0.59200001
v 0.03653836 0.03494411 0.59200001
v 0.03651362 0.03453503 0.59200001
v 0.03639169 0.03414376 0.59200001
v 0.03617968 0.03379304 0.59200001
v 0.03588989 0.03350325 0.59200001
v 0.03553917 0.03329124 0.59200001
v 0.03514790 0.03316931 0.59200001
v 0.03473882 0.03314457 0.59200001
v 0.03433571 0.03321844 0.59200001
v 0.03396199 0.03338664 0.59200001
v 0.03396199 0.03338664 0.53700000
v 0.03433571 0.03321844 0.53700000
v 0.03473882 0.03314457 0.53700000
v 0.03514790 0.03316931 0.53700000
v 0.03553917 0.03329124 0.53700000
v 0.03588989 0.03350325 0.53700000
v 0.03617968 0.03379304 0.53700000
v 0.03639169 0.03414376 0.53700000
v 0.03651362 0.03453503 0.53700000
v 0.03653836 0.03494411 0.53700000
v 0.03646449 0.03534722 0.53700000
v 0.03629629 0.03572094 0.53700000
v 0.03604355 0.03604355 0.53700000
v 0.03572094 0.03629629 0.53700000
v 0.03534722 0.03646449 0.53700000
v 0.03494411 0.03653836 0.53700000
v 0.03453503 0.03651362 0.53700000
v 0.03414376 0.03639169 0.53700000
v 0.03379304 0.03617968 0.53700000
v 0.03350325 0.03588989 0.53700000
v 0.03329124 0.03553917 0.53700000
v 0.03316931 0.03514790 0.53700000
v 0.03314457 0.03473882 0.53700000
v 0.03321844 0.03433571 0.53700000
v 0.03338664 0.03396199 0.53700000
v -0.03604355 -0.03604355 0.53700000
v -0.03604355 -0.03604355 0.59200001
v -0.03604355 -0.03604355 0.53700000
v -0.03604355 -0.03604355 0.59200001
v -0.03629629 -0.03572094 0.59200001
v -0.03646449 -0.03534722 0.59200001
v -0.03653836 -0.03494411 0.59200001
v -0.03651362 -0.03453503 0.59200001
v -0.03639169 -0.03414376 0.59200001
v -0.03617968 -0.03379304 0.59200001
v -0.03588989 -0.03350325 0.59200001
v -0.03553917 -0.03329124 0.59200001
v -0.03514790 -0.03316931 0.59200001
v -0.03473882 -0.03314457 0.59200001
v -0.03433571 -0.03321844 0.59200001
v -0.03396199 -0.03338664 0.59200001
v -0.03363938 -0.03363938 0.59200001
v -0.03338664 -0.03396199 0.59200001
v -0.03321844 -0.03433571 0.59200001
v -0.03314457 -0.03473882 0.59200001
v -0.03316931 -0.03514790 0.59200001
v -0.03329124 -0.03553917 0.59200001
v -0.03350325 -0.03588989 0.59200001
v -0.03379304 -0.03617968 0.59200001
v -0.03414376 -0.03639169 0.59200001
v -0.03453503 -0.03651362 0.59200001
v -0.03494411 -0.03653836 0.59200001
v -0.03534722 -0.03646449 0.59200001
v -0.03572094 -0.03629629 0.59200001
v -0.03572094 -0.03629629 0.53700000
v -0.03534722 -0.03646449 0.53700000
v -0.03494411 -0.03653836 0.53700000
v -0.03453503 -0.03651362 0.53700000
v -0.03414376 -0.03639169 0.53700000
v -0.03379304 -0.03617968 0.53700000
v -0.03350325 -0.03588989 0.53700000
v -0.03329124 -0.03553917 0.53700000
v -0.03316931 -0.03514790 0.53700000
v -0.03314457 -0.03473882 0.53700000
v -0.03321844 -0.03433571 0.53700000
v -0.03338664 -0.03396199 0.53700000
v -0.03363938 -0.03363938 0.53700000
v -0.03396199 -0.03338664 0.53700000
v -0.03433571 -0.03321844 0.53700000
v -0.03473882 -0.03314457 0.53700000
v -0.03514790 -0.03316931 0.53700000
v -0.03553917 -0.03329124 0.53700000
v -0.03588989 -0.03350325 0.53700000
v -0.03617968 -0.03379304 0.53700000
v -0.03639169 -0.03414376 0.53700000
v -0.03651362 -0.03453503 0.53700000
v -0.03653836 -0.03494411 0.53700000
v -0.03646449 -0.03534722 0.53700000
v -0.03629629 -0.03572094 0.53700000
v -0.03604355 0.03363938 0.53700000
v -0.03604355 0.03363938 0.59200001
v -0.03604355 0.03363938 0.53700000
v -0.03604355 0.03363938 0.59200001
v -0.03629629 0.03396199 0.59200001
v -0.03646449 0.03433571 0.59200001
v -0.03653836 0.03473882 0.59200001
v -0.03651362 0.03514790 0.59200001
v -0.03639169 0.03553917 0.59200001
v -0.03617968 0.03588989 0.59200001
v -0.03588989 0.03617968 0.59200001
v -0.03553917 0.03639169 0.59200001
v -0.03514790 0.03651362 0.59200001
v -0.03473882 0.03653836 0.59200001
v -0.03433571 0.03646449 0.59200001
v -0.03396199 0.03629629 0.59200001
v -0.03363938 0.03604355 0.59200001
v -0.03338664 0.03572094 0.59200001
v -0.03321844 0.03534722 0.59200001
v -0.03314457 0.03494411 0.59200001
v -0.03316931 0.03453503 0.59200001
v -0.03329124 0.03414376 0.59200001
v -0.03350325 0.03379304 0.59200001
v -0.03379304 0.03350325 0.59200001
v -0.03414376 0.03329124 0.59200001
v -0.03453503 0.03316931 0.59200001
v -0.03494411 0.03314457 0.59200001
v -0.03534722 0.03321844 0.59200001
v -0.03572094 0.03338664 0.59200001
v -0.03572094 0.03338664 0.53700000
v -0.03534722 0.03321844 0.53700000
v -0.03494411 0.03314457 0.53700000
v -0.03453503 0.03316931 0.53700000
v -0.03414376 0.03329124 0.53700000
v -0.03379304 0.03350325 0.53700000
v -0.03350325 0.03379304 0.53700000
v -0.03329124 0.03414376 0.53700000
v -0.03316931 0.03453503 0.53700000
v -0.03314457 0.03494411 0.53700000
v -0.03321844 0.03534722 0.53700000
v -0.03338664 0.03572094 0.53700000
v -0.03363938 0.03604355 0.53700000
v -0.03396199 0.03629629 0.53700000
v -0.03433571 0.03646449 0.53700000
v -0.03473882 0.03653836 0.53700000
v -0.03514790 0.03651362 0.53700000
v -0.03553917 0.03639169 0.53700000
v -0.03588989 0.03617968 0.53700000
v -0.03617968 0.03588989 0.53700000
v -0.03639169 0.03553917 0.53700000
v -0.03651362 0.03514790 0.53700000
v -0.03653836 0.03473882 0.53700000
v -0.03646449 0.03433571 0.53700000
v -0.03629629 0.03396199 0.53700000
v 0.02800837 0.03250557 0.54900002
v 0.02808355 0.03248034 0.54900002
v 0.02815845 0.03245426 0.54900002
v 0.02823305 0.03242735 0.54900002
v 0.02800837 0.03250557 0.56900001
v 0.02808355 0.03248034 0.56900001
v 0.02815845 0.03245426 0.56900001
v 0.02823305 0.03242735 0.56900001
v -0.02800837 -0.03250557 0.54900002
v -0.02808355 -0.03248034 0.54900002
v -0.02815845 -0.03245426 0.54900002
v -0.02823305 -0.03242735 0.54900002
v -0.02800837 -0.03250557 0.56900001
v -0.02808355 -0.03248034 0.56900001
v -0.02815845 -0.03245426 0.56900001
v -0.02823305 -0.03242735 0.56900001
v 0.03250557 -0.02800837 0.54900002
v 0.03248034 -0.02808355 0.54900002
v 0.03245426 -0.02815845 0.54900002
v 0.03242735 -0.02823305 0.54900002
v 0.03250557 -0.02800837 0.56900001
v 0.03248034 -0.02808355 0.56900001
v 0.03245426 -0.02815845 0.56900001
v 0.03242735 -0.02823305 0.56900001
v -0.02823305 0.03242735 0.56900001
v -0.02815845 0.03245426 0.56900001
v -0.02808355 0.03248034 0.56900001
v -0.02800837 0.03250557 0.56900001
v -0.02800837 0.03250557 0.54900002
v -0.02823305 0.03242735 0.54900002
v -0.02815845 0.03245426 0.54900002
v -0.02808355 0.03248034 0.54900002
v -0.03704601 0.03704601 0.53226119
v -0.03646465 0.03720178 0.53134698
v -0.03585248 0.03736581 0.53043818
v -0.03520969 0.03753805 0.52953506
v -0.03453646 0.03771844 0.52863789
v -0.03771844 0.03453646 0.52863789
v -0.03753805 0.03520969 0.52953506
v -0.03736581 0.03585248 0.53043818
v -0.03720178 0.03646465 0.53134698
v -0.03924545 0.03606347 0.53524202
v -0.04017152 0.03698954 0.54206568
v -0.04048186 0.03729988 0.54900002
v -0.03729988 0.04048186 0.54900002
v -0.03698954 0.04017152 0.54206568
v -0.03606347 0.03924545 0.53524202
v 0.03704601 0.03704601 0.53226119
v 0.03720178 0.03646465 0.53134698
v 0.03736581 0.03585248 0.53043818
v 0.03753805 0.03520969 0.52953506
v 0.03771844 0.03453646 0.52863789
v 0.03453646 0.03771844 0.52863789
v 0.03520969 0.03753805 0.52953506
v 0.03585248 0.03736581 0.53043818
v 0.03646465 0.03720178 0.53134698
v 0.03606347 0.03924545 0.53524202
v 0.03698954 0.04017152 0.54206568
v 0.03729988 0.04048186 0.54900002
v 0.04048186 0.03729988 0.54900002
v 0.04017152 0.03698954 0.54206568
v 0.03924545 0.03606347 0.53524202
v -0.03704601 -0.03704601 0.53226119
v -0.03720178 -0.03646465 0.53134698
v -0.03736581 -0.03585248 0.53043818
v -0.03753805 -0.03520969 0.52953506
v -0.03771844 -0.03453646 0.52863789
v -0.03453646 -0.03771844 0.52863789
v -0.03520969 -0.03753805 0.52953506
v -0.03585248 -0.03736581 0.53043818
v -0.03646465 -0.03720178 0.53134698
v -0.03606347 -0.03924545 0.53524202
v -0.03698954 -0.04017152 0.54206568
v -0.03729988 -0.04048186 0.54900002
v -0.04048186 -0.03729988 0.54900002
v -0.04017152 -0.03698954 0.54206568
v -0.03924545 -0.03606347 0.53524202
v 0.03704601 -0.03704601 0.53226119
v 0.03646465 -0.03720178 0.53134698
v 0.03585248 -0.03736581 0.53043818
v 0.03520969 -0.03753805 0.52953506
v 0.03453646 -0.03771844 0.52863789
v 0.03771844 -0.03453646 0.52863789
v 0.03753805 -0.03520969 0.52953506
v 0.03736581 -0.03585248 0.53043818
v 0.03720178 -0.03646465 0.53134698
v 0.03924545 -0.03606347 0.53524202
v 0.04017152 -0.03698954 0.54206568
v 0.04048186 -0.03729988 0.54900002
v 0.03729988 -0.04048186 0.54900002
v 0.03698954 -0.04017152 0.54206568
v 0.03606347 -0.03924545 0.53524202
v 0.00000000 -0.01238931 0.50400001
v -0.00010081 -0.01242963 0.50400001
v -0.00019570 -0.01249013 0.50400001
v -0.00028220 -0.01256922 0.50400001
v 0.00028220 -0.01256922 0.50400001
v 0.00019570 -0.01249013 0.50400001
v 0.00010081 -0.01242963 0.50400001
v 0.00232200 -0.01469637 0.50400001
v 0.01212563 -0.02450000 0.50400001
v -0.01212563 -0.02450000 0.50400001
v -0.00232200 -0.01469637 0.50400001
v 0.01238931 0.00000000 0.50400001
v 0.01242963 -0.00010081 0.50400001
v 0.01249013 -0.00019570 0.50400001
v 0.01256922 -0.00028220 0.50400001
v 0.01256922 0.00028220 0.50400001
v 0.01249013 0.00019570 0.50400001
v 0.01242963 0.00010081 0.50400001
v 0.01469637 0.00232200 0.50400001
v 0.02450000 0.01212563 0.50400001
v 0.02450000 -0.01212563 0.50400001
v 0.01469637 -0.00232200 0.50400001
v -0.00000000 0.01238931 0.50400001
v 0.00010081 0.01242963 0.50400001
v 0.00019570 0.01249013 0.50400001
v 0.00028220 0.01256922 0.50400001
v -0.00028220 0.01256922 0.50400001
v -0.00019570 0.01249013 0.50400001
v -0.00010081 0.01242963 0.50400001
v -0.00232200 0.01469637 0.50400001
v -0.01212563 0.02450000 0.50400001
v 0.01212563 0.02450000 0.50400001
v 0.00232200 0.01469637 0.50400001
v -0.01469637 0.00232200 0.50400001
v -0.02450000 0.01212563 0.50400001
v -0.01256922 0.00028220 0.50400001
v -0.01238931 -0.00000000 0.50400001
v -0.01242963 0.00010081 0.50400001
v -0.01249013 0.00019570 0.50400001
v -0.01256922 -0.00028220 0.50400001
v -0.01249013 -0.00019570 0.50400001
v -0.01242963 -0.00010081 0.50400001
v -0.01469637 -0.00232200 0.50400001
v -0.02450000 -0.01212563 0.50400001
v -0.03196449 0.03514647 0.52119607
v -0.03212799 0.03453630 0.52066386
v -0.03229457 0.03391460 0.52013528
v -0.03246422 0.03328145 0.51961035
v -0.03263693 0.03263693 0.51908910
v -0.02992310 0.03310508 0.51677078
v -0.02759087 0.03077285 0.51264292
v -0.02498932 0.02817130 0.50885057
v -0.02617106 0.02724614 0.50902116
v -0.02724052 0.02617702 0.50902146
v -0.02817130 0.02498932 0.50885057
v -0.03077285 0.02759087 0.51264292
v -0.03310508 0.02992310 0.51677078
v -0.03514647 0.03196449 0.52119607
v -0.03328145 0.03246422 0.51961035
v -0.03391460 0.03229457 0.52013528
v -0.03453630 0.03212799 0.52066386
v -0.04048186 0.03447146 0.54900002
v -0.03986116 0.03385075 0.53939390
v -0.03801960 0.03200919 0.53010595
v -0.03501819 0.02900778 0.52144390
v -0.03095635 0.02494594 0.51369464
v -0.02596863 0.01995823 0.50711489
v -0.02452240 0.01851199 0.50787270
v -0.02294313 0.01693272 0.50834310
v -0.02131802 0.01530761 0.50849998
v -0.01151439 0.00550398 0.50849998
v -0.03288047 0.02687006 0.54900002
v -0.03220113 0.02619072 0.54004127
v -0.03019402 0.02418361 0.53149003
v -0.02695041 0.02094000 0.52373505
v -0.02261781 0.01660740 0.51712912
v -0.01739327 0.01138286 0.51197261
v 0.03196449 -0.03514647 0.52119607
v 0.03212799 -0.03453630 0.52066386
v 0.03229457 -0.03391460 0.52013528
v 0.03246422 -0.03328145 0.51961035
v 0.03263693 -0.03263693 0.51908910
v 0.02992310 -0.03310508 0.51677078
v 0.02759087 -0.03077285 0.51264292
v 0.02498932 -0.02817130 0.50885057
v 0.02617106 -0.02724614 0.50902116
v 0.02724052 -0.02617702 0.50902146
v 0.02817130 -0.02498932 0.50885057
v 0.03077285 -0.02759087 0.51264292
v 0.03310508 -0.02992310 0.51677078
v 0.03514647 -0.03196449 0.52119607
v 0.03328145 -0.03246422 0.51961035
v 0.03391460 -0.03229457 0.52013528
v 0.03453630 -0.03212799 0.52066386
v -0.02687006 0.03288047 0.54900002
v -0.02619072 0.03220113 0.54004127
v -0.02418361 0.03019402 0.53149003
v -0.02094000 0.02695041 0.52373505
v -0.01660740 0.02261781 0.51712912
v -0.01138286 0.01739327 0.51197261
v -0.00550398 0.01151439 0.50849998
v -0.01530761 0.02131802 0.50849998
v -0.01746876 0.02347917 0.50822067
v -0.01876444 0.02477485 0.50776517
v -0.01995823 0.02596863 0.50711489
v -0.02494594 0.03095635 0.51369464
v -0.02900778 0.03501819 0.52144390
v -0.03200919 0.03801960 0.53010595
v -0.03385075 0.03986116 0.53939390
v -0.03447146 0.04048186 0.54900002
v 0.00550398 -0.01151439 0.50849998
v 0.01138286 -0.01739327 0.51197261
v 0.01660740 -0.02261781 0.51712912
v 0.02094000 -0.02695041 0.52373505
v 0.02418361 -0.03019402 0.53149003
v 0.02619072 -0.03220113 0.54004127
v 0.02687006 -0.03288047 0.54900002
v 0.01530761 -0.02131802 0.50849998
v 0.01746876 -0.02347917 0.50822067
v 0.01876444 -0.02477485 0.50776517
v 0.01995823 -0.02596863 0.50711489
v 0.02494594 -0.03095635 0.51369464
v 0.02900778 -0.03501819 0.52144390
v 0.03200919 -0.03801960 0.53010595
v 0.03385075 -0.03986116 0.53939390
v 0.03447146 -0.04048186 0.54900002
v 0.03447146 0.04048186 0.54900002
v 0.03385075 0.03986116 0.53939390
v 0.03200919 0.03801960 0.53010595
v 0.02900778 0.03501819 0.52144390
v 0.02494594 0.03095635 0.51369464
v 0.01995823 0.02596863 0.50711489
v 0.01851199 0.02452240 0.50787270
v 0.01693272 0.02294313 0.50834310
v 0.01530761 0.02131802 0.50849998
v 0.00550398 0.01151439 0.50849998
v 0.02687006 0.03288047 0.54900002
v 0.02619072 0.03220113 0.54004127
v 0.02418361 0.03019402 0.53149003
v 0.02094000 0.02695041 0.52373505
v 0.01660740 0.02261781 0.51712912
v 0.01138286 0.01739327 0.51197261
v 0.03288047 0.02687006 0.54900002
v 0.03220113 0.02619072 0.54004127
v 0.03019402 0.02418361 0.53149003
v 0.02695041 0.02094000 0.52373505
v 0.02261781 0.01660740 0.51712912
v 0.01739327 0.01138286 0.51197261
v 0.01151439 0.00550398 0.50849998
v 0.02131802 0.01530761 0.50849998
v 0.02347917 0.01746876 0.50822067
v 0.02477485 0.01876444 0.50776517
v 0.02596863 0.01995823 0.50711489
v 0.03095635 0.02494594 0.51369464
v 0.03501819 0.02900778 0.52144390
v 0.03801960 0.03200919 0.53010595
v 0.03986116 0.03385075 0.53939390
v 0.04048186 0.03447146 0.54900002
v 0.03514647 0.03196449 0.52119607
v 0.03453630 0.03212799 0.52066386
v 0.03391460 0.03229457 0.52013528
v 0.03328145 0.03246422 0.51961035
v 0.03263693 0.03263693 0.51908910
v 0.03310508 0.02992310 0.51677078
v 0.03077285 0.02759087 0.51264292
v 0.02817130 0.02498932 0.50885057
v 0.02724614 0.02617106 0.50902116
v 0.02617702 0.02724052 0.50902146
v 0.02498932 0.02817130 0.50885057
v 0.02759087 0.03077285 0.51264292
v 0.02992310 0.03310508 0.51677078
v 0.03196449 0.03514647 0.52119607
v 0.03246422 0.03328145 0.51961035
v 0.03229457 0.03391460 0.52013528
v 0.03212799 0.03453630 0.52066386
v 0.04048186 -0.03447146 0.54900002
v 0.03986116 -0.03385075 0.53939390
v 0.03801960 -0.03200919 0.53010595
v 0.03501819 -0.02900778 0.52144390
v 0.03095635 -0.02494594 0.51369464
v 0.02596863 -0.01995823 0.50711489
v 0.02452240 -0.01851199 0.50787270
v 0.02294313 -0.01693272 0.50834310
v 0.02131802 -0.01530761 0.50849998
v 0.01151439 -0.00550398 0.50849998
v 0.03288047 -0.02687006 0.54900002
v 0.03220113 -0.02619072 0.54004127
v 0.03019402 -0.02418361 0.53149003
v 0.02695041 -0.02094000 0.52373505
v 0.02261781 -0.01660740 0.51712912
v 0.01739327 -0.01138286 0.51197261
v -0.03447146 -0.04048186 0.54900002
v -0.03385075 -0.03986116 0.53939390
v -0.03200919 -0.03801960 0.53010595
v -0.02900778 -0.03501819 0.52144390
v -0.02494594 -0.03095635 0.51369464
v -0.01995823 -0.02596863 0.50711489
v -0.01851199 -0.02452240 0.50787270
v -0.01693272 -0.02294313 0.50834310
v -0.01530761 -0.02131802 0.50849998
v -0.00550398 -0.01151439 0.50849998
v -0.02687006 -0.03288047 0.54900002
v -0.02619072 -0.03220113 0.54004127
v -0.02418361 -0.03019402 0.53149003
v -0.02094000 -0.02695041 0.52373505
v -0.01660740 -0.02261781 0.51712912
v -0.01138286 -0.01739327 0.51197261
v -0.03288047 -0.02687006 0.54900002
v -0.03220113 -0.02619072 0.54004127
v -0.03019402 -0.02418361 0.53149003
v -0.02695041 -0.02094000 0.52373505
v -0.02261781 -0.01660740 0.51712912
v -0.01739327 -0.01138286 0.51197261
v -0.01151439 -0.00550398 0.50849998
v -0.02131802 -0.01530761 0.50849998
v -0.02347917 -0.01746876 0.50822067
v -0.02477485 -0.01876444 0.50776517
v -0.02596863 -0.01995823 0.50711489
v -0.03095635 -0.02494594 0.51369464
v -0.03501819 -0.02900778 0.52144390
v -0.03801960 -0.03200919 0.53010595
v -0.03986116 -0.03385075 0.53939390
v -0.04048186 -0.03447146 0.54900002
v -0.03514647 -0.03196449 0.52119607
v -0.03453630 -0.03212799 0.52066386
v -0.03391460 -0.03229457 0.52013528
v -0.03328145 -0.03246422 0.51961035
v -0.03263693 -0.03263693 0.51908910
v -0.03310508 -0.02992310 0.51677078
v -0.03077285 -0.02759087 0.51264292
v -0.02817130 -0.02498932 0.50885057
v -0.02724614 -0.02617106 0.50902116
v -0.02617702 -0.02724052 0.50902146
v -0.02498932 -0.02817130 0.50885057
v -0.02759087 -0.03077285 0.51264292
v -0.02992310 -0.03310508 0.51677078
v -0.03196449 -0.03514647 0.52119607
v -0.03246422 -0.03328145 0.51961035
v -0.03229457 -0.03391460 0.52013528
v -0.03212799 -0.03453630 0.52066386
v -0.00954594 0.00353553 0.50777501
v -0.00880161 0.00258650 0.50752425
v -0.00842208 0.00181381 0.50737458
v -0.00820943 0.00112404 0.50726867
v -0.00811405 0.00056619 0.50719821
v -0.00808148 -0.00000000 0.50713825
v -0.01151439 0.00550398 0.50849998
v -0.01086218 0.00485177 0.50823730
v -0.01020591 0.00419551 0.50799561
v -0.03288047 0.02687006 0.54900002
v -0.03220113 0.02619072 0.54004127
v -0.03019402 0.02418361 0.53149003
v -0.02695041 0.02094000 0.52373505
v -0.02261781 0.01660740 0.51712912
v -0.01739327 0.01138286 0.51197261
v -0.02687006 0.03288047 0.54900002
v -0.02619072 0.03220113 0.54004127
v -0.02418361 0.03019402 0.53149003
v -0.02094000 0.02695041 0.52373505
v -0.01660740 0.02261781 0.51712912
v -0.01138286 0.01739327 0.51197261
v -0.00550398 0.01151439 0.50849998
v -0.00485177 0.01086218 0.50823730
v -0.00419551 0.01020591 0.50799561
v -0.00353553 0.00954594 0.50777501
v -0.00000000 0.00808148 0.50713825
v -0.00108998 0.00820171 0.50726396
v -0.00214860 0.00856643 0.50743484
v -0.00280323 0.00894030 0.50757384
v 0.00000000 0.00606926 0.50696856
v 0.00000000 0.00405005 0.50684714
v -0.00000000 0.00202619 0.50677431
v -0.00000000 -0.00000000 0.50674999
v -0.00202619 0.00000000 0.50677431
v -0.00405005 0.00000000 0.50684714
v -0.00606926 0.00000000 0.50696856
v 0.00808148 0.00000000 0.50713825
v 0.00606926 0.00000000 0.50696856
v 0.00405005 0.00000000 0.50684714
v 0.00202619 0.00000000 0.50677431
v -0.00000000 -0.00000000 0.50674999
v 0.00954594 -0.00353553 0.50777501
v 0.00880161 -0.00258650 0.50752425
v 0.00842208 -0.00181381 0.50737458
v 0.00820943 -0.00112404 0.50726867
v 0.00811405 -0.00056619 0.50719821
v 0.01151439 -0.00550398 0.50849998
v 0.01086218 -0.00485177 0.50823730
v 0.01020591 -0.00419551 0.50799561
v 0.03288047 -0.02687006 0.54900002
v 0.03220113 -0.02619072 0.54004127
v 0.03019402 -0.02418361 0.53149003
v 0.02695041 -0.02094000 0.52373505
v 0.02261781 -0.01660740 0.51712912
v 0.01739327 -0.01138286 0.51197261
v 0.02687006 -0.03288047 0.54900002
v 0.00550398 -0.01151439 0.50849998
v 0.01138286 -0.01739327 0.51197261
v 0.01660740 -0.02261781 0.51712912
v 0.02094000 -0.02695041 0.52373505
v 0.02418361 -0.03019402 0.53149003
v 0.02619072 -0.03220113 0.54004127
v 0.00353553 -0.00954594 0.50777501
v 0.00419551 -0.01020591 0.50799561
v 0.00485177 -0.01086218 0.50823730
v 0.00000000 -0.00808148 0.50713825
v 0.00108998 -0.00820171 0.50726396
v 0.00214860 -0.00856643 0.50743484
v 0.00280323 -0.00894030 0.50757384
v -0.00000000 -0.00606926 0.50696856
v -0.00000000 -0.00405005 0.50684714
v -0.00000000 -0.00202619 0.50677431
v -0.03288047 0.02687006 0.56900001
v -0.04048186 0.03447146 0.56900001
v -0.04048186 0.03447146 0.54900002
v -0.03288047 0.02687006 0.54900002
v -0.03447146 0.04048186 0.54900002
v -0.02687006 0.03288047 0.54900002
v -0.03447146 0.04048186 0.56900001
v -0.02687006 0.03288047 0.56900001
v -0.04048186 0.03729988 0.56900001
v -0.03729988 0.04048186 0.56900001
v -0.03729988 0.04048186 0.54900002
v -0.04048186 0.03729988 0.54900002
v -0.00000000 0.00808148 0.50713825
v 0.00000000 0.00606926 0.50696856
v 0.00000000 0.00405005 0.50684714
v -0.00000000 0.00202619 0.50677431
v -0.00000000 -0.00000000 0.50674999
v 0.00353553 0.00954594 0.50777501
v 0.00258650 0.00880161 0.50752425
v 0.00181381 0.00842208 0.50737458
v 0.00112404 0.00820943 0.50726867
v 0.00056619 0.00811405 0.50719821
v 0.00550398 0.01151439 0.50849998
v 0.00485177 0.01086218 0.50823730
v 0.00419551 0.01020591 0.50799561
v 0.02687006 0.03288047 0.54900002
v 0.02619072 0.03220113 0.54004127
v 0.02418361 0.03019402 0.53149003
v 0.02094000 0.02695041 0.52373505
v 0.01660740 0.02261781 0.51712912
v 0.01138286 0.01739327 0.51197261
v 0.03288047 0.02687006 0.54900002
v 0.03220113 0.02619072 0.54004127
v 0.03019402 0.02418361 0.53149003
v 0.02695041 0.02094000 0.52373505
v 0.02261781 0.01660740 0.51712912
v 0.01739327 0.01138286 0.51197261
v 0.01151439 0.00550398 0.50849998
v 0.01086218 0.00485177 0.50823730
v 0.01020591 0.00419551 0.50799561
v 0.00954594 0.00353553 0.50777501
v 0.00808148 0.00000000 0.50713825
v 0.00820171 0.00108998 0.50726396
v 0.00856643 0.00214860 0.50743484
v 0.00894030 0.00280323 0.50757384
v 0.00606926 0.00000000 0.50696856
v 0.00405005 0.00000000 0.50684714
v 0.00202619 0.00000000 0.50677431
v 0.02687006 0.03288047 0.56900001
v 0.03447146 0.04048186 0.56900001
v 0.03447146 0.04048186 0.54900002
v 0.02687006 0.03288047 0.54900002
v 0.04048186 0.03447146 0.54900002
v 0.03288047 0.02687006 0.54900002
v 0.04048186 0.03447146 0.56900001
v 0.03288047 0.02687006 0.56900001
v 0.03729988 0.04048186 0.54900002
v 0.04048186 0.03729988 0.54900002
v 0.03729988 0.04048186 0.56900001
v 0.04048186 0.03729988 0.56900001
v 0.03288047 -0.02687006 0.56900001
v 0.04048186 -0.03447146 0.56900001
v 0.04048186 -0.03447146 0.54900002
v 0.03288047 -0.02687006 0.54900002
v 0.03447146 -0.04048186 0.54900002
v 0.02687006 -0.03288047 0.54900002
v 0.03447146 -0.04048186 0.56900001
v 0.02687006 -0.03288047 0.56900001
v 0.04048186 -0.03729988 0.56900001
v 0.03729988 -0.04048186 0.56900001
v 0.03729988 -0.04048186 0.54900002
v 0.04048186 -0.03729988 0.54900002
v -0.00353553 -0.00954594 0.50777501
v -0.00258650 -0.00880161 0.50752425
v -0.00181381 -0.00842208 0.50737458
v -0.00112404 -0.00820943 0.50726867
v -0.00056619 -0.00811405 0.50719821
v 0.00000000 -0.00808148 0.50713825
v -0.00550398 -0.01151439 0.50849998
v -0.00485177 -0.01086218 0.50823730
v -0.00419551 -0.01020591 0.50799561
v -0.02687006 -0.03288047 0.54900002
v -0.02619072 -0.03220113 0.54004127
v -0.02418361 -0.03019402 0.53149003
v -0.02094000 -0.02695041 0.52373505
v -0.01660740 -0.02261781 0.51712912
v -0.01138286 -0.01739327 0.51197261
v -0.03288047 -0.02687006 0.54900002
v -0.03220113 -0.02619072 0.54004127
v -0.03019402 -0.02418361 0.53149003
v -0.02695041 -0.02094000 0.52373505
v -0.02261781 -0.01660740 0.51712912
v -0.01739327 -0.01138286 0.51197261
v -0.01151439 -0.00550398 0.50849998
v -0.01086218 -0.00485177 0.50823730
v -0.01020591 -0.00419551 0.50799561
v -0.00954594 -0.00353553 0.50777501
v -0.00808148 -0.00000000 0.50713825
v -0.00820171 -0.00108998 0.50726396
v -0.00856643 -0.00214860 0.50743484
v -0.00894030 -0.00280323 0.50757384
v -0.00000000 -0.00000000 0.50674999
v -0.00202619 0.00000000 0.50677431
v -0.00405005 0.00000000 0.50684714
v -0.00606926 0.00000000 0.50696856
v -0.00000000 -0.00606926 0.50696856
v -0.00000000 -0.00405005 0.50684714
v -0.00000000 -0.00202619 0.50677431
v -0.02687006 -0.03288047 0.56900001
v -0.03447146 -0.04048186 0.56900001
v -0.03447146 -0.04048186 0.54900002
v -0.02687006 -0.03288047 0.54900002
v -0.04048186 -0.03447146 0.54900002
v -0.03288047 -0.02687006 0.54900002
v -0.04048186 -0.03447146 0.56900001
v -0.03288047 -0.02687006 0.56900001
v -0.03729988 -0.04048186 0.56900001
v -0.04048186 -0.03729988 0.56900001
v -0.04048186 -0.03729988 0.54900002
v -0.03729988 -0.04048186 0.54900002
v 0.02687006 0.03288047 0.56900001
v 0.02800837 0.03250557 0.56900001
v 0.02687006 0.03288047 0.54900002
v 0.02800837 0.03250557 0.54900002
v 0.03242735 0.02823305 0.56900001
v 0.03245426 0.02815845 0.56900001
v 0.03248034 0.02808355 0.56900001
v 0.03250557 0.02800837 0.56900001
v 0.03250557 0.02800837 0.54900002
v 0.03242735 0.02823305 0.54900002
v 0.03245426 0.02815845 0.54900002
v 0.03248034 0.02808355 0.54900002
v 0.03250557 0.02800837 0.56900001
v 0.03288047 0.02687006 0.56900001
v 0.03250557 0.02800837 0.54900002
v 0.03288047 0.02687006 0.54900002
v 0.02800837 0.03250557 0.54900002
v 0.02808355 0.03248034 0.54900002
v 0.02815845 0.03245426 0.54900002
v 0.02823305 0.03242735 0.54900002
v 0.03112004 0.03112004 0.54900002
v 0.03027289 0.03178477 0.54900002
v 0.02929184 0.03222901 0.54900002
v 0.03242735 0.02823305 0.54900002
v 0.03222901 0.02929184 0.54900002
v 0.03178477 0.03027289 0.54900002
v 0.03245426 0.02815845 0.54900002
v 0.03248034 0.02808355 0.54900002
v 0.03250557 0.02800837 0.54900002
v 0.03288047 0.02687006 0.54900002
v 0.02687006 0.03288047 0.54900002
v -0.02687006 -0.03288047 0.56900001
v -0.02800837 -0.03250557 0.56900001
v -0.02687006 -0.03288047 0.54900002
v -0.02800837 -0.03250557 0.54900002
v -0.03242735 -0.02823305 0.56900001
v -0.03245426 -0.02815845 0.56900001
v -0.03248034 -0.02808355 0.56900001
v -0.03250557 -0.02800837 0.56900001
v -0.03250557 -0.02800837 0.54900002
v -0.03242735 -0.02823305 0.54900002
v -0.03245426 -0.02815845 0.54900002
v -0.03248034 -0.02808355 0.54900002
v -0.03250557 -0.02800837 0.56900001
v -0.03288047 -0.02687006 0.56900001
v -0.03250557 -0.02800837 0.54900002
v -0.03288047 -0.02687006 0.54900002
v -0.02800837 -0.03250557 0.54900002
v -0.02808355 -0.03248034 0.54900002
v -0.02815845 -0.03245426 0.54900002
v -0.02823305 -0.03242735 0.54900002
v -0.03112004 -0.03112004 0.54900002
v -0.03027289 -0.03178477 0.54900002
v -0.02929184 -0.03222901 0.54900002
v -0.03242735 -0.02823305 0.54900002
v -0.03222901 -0.02929184 0.54900002
v -0.03178477 -0.03027289 0.54900002
v -0.03245426 -0.02815845 0.54900002
v -0.03248034 -0.02808355 0.54900002
v -0.03250557 -0.02800837 0.54900002
v -0.03288047 -0.02687006 0.54900002
v -0.02687006 -0.03288047 0.54900002
v 0.03288047 -0.02687006 0.56900001
v 0.03250557 -0.02800837 0.56900001
v 0.03288047 -0.02687006 0.54900002
v 0.03250557 -0.02800837 0.54900002
v 0.02823305 -0.03242735 0.56900001
v 0.02815845 -0.03245426 0.56900001
v 0.02808355 -0.03248034 0.56900001
v 0.02800837 -0.03250557 0.56900001
v 0.02800837 -0.03250557 0.54900002
v 0.02823305 -0.03242735 0.54900002
v 0.02815845 -0.03245426 0.54900002
v 0.02808355 -0.03248034 0.54900002
v 0.02800837 -0.03250557 0.56900001
v 0.02687006 -0.03288047 0.56900001
v 0.02800837 -0.03250557 0.54900002
v 0.02687006 -0.03288047 0.54900002
v 0.03250557 -0.02800837 0.54900002
v 0.03248034 -0.02808355 0.54900002
v 0.03245426 -0.02815845 0.54900002
v 0.03242735 -0.02823305 0.54900002
v 0.03112004 -0.03112004 0.54900002
v 0.03178477 -0.03027289 0.54900002
v 0.03222901 -0.02929184 0.54900002
v 0.02823305 -0.03242735 0.54900002
v 0.02929184 -0.03222901 0.54900002
v 0.03027289 -0.03178477 0.54900002
v 0.02815845 -0.03245426 0.54900002
v 0.02808355 -0.03248034 0.54900002
v 0.02800837 -0.03250557 0.54900002
v 0.02687006 -0.03288047 0.54900002
v 0.03288047 -0.02687006 0.54900002
v -0.03288047 0.02687006 0.56900001
v -0.03250557 0.02800837 0.56900001
v -0.03288047 0.02687006 0.54900002
v -0.03250557 0.02800837 0.54900002
v -0.03250557 0.02800837 0.54900002
v -0.03248034 0.02808355 0.54900002
v -0.03245426 0.02815845 0.54900002
v -0.03242735 0.02823305 0.54900002
v -0.03250557 0.02800837 0.56900001
v -0.03248034 0.02808355 0.56900001
v -0.03245426 0.02815845 0.56900001
v -0.03242735 0.02823305 0.56900001
v -0.02800837 0.03250557 0.56900001
v -0.02687006 0.03288047 0.56900001
v -0.02800837 0.03250557 0.54900002
v -0.02687006 0.03288047 0.54900002
v -0.02800837 0.03250557 0.54900002
v -0.02687006 0.03288047 0.54900002
v -0.03288047 0.02687006 0.54900002
v -0.03250557 0.02800837 0.54900002
v -0.03248034 0.02808355 0.54900002
v -0.03245426 0.02815845 0.54900002
v -0.03242735 0.02823305 0.54900002
v -0.03112004 0.03112004 0.54900002
v -0.03178477 0.03027289 0.54900002
v -0.03222901 0.02929184 0.54900002
v -0.02823305 0.03242735 0.54900002
v -0.02929184 0.03222901 0.54900002
v -0.03027289 0.03178477 0.54900002
v -0.02815845 0.03245426 0.54900002
v -0.02808355 0.03248034 0.54900002
v -0.02450000 0.02850000 0.47000000
v -0.02450000 0.02850000 0.50000000
v 0.02450000 0.02850000 0.47000000
v 0.02450000 0.02850000 0.50000000
v -0.00300000 0.02850000 0.48500001
v -0.00291283 0.02850000 0.48571795
v -0.00265637 0.02850000 0.48639417
v -0.00224553 0.02850000 0.48698938
v -0.00170419 0.02850000 0.48746896
v -0.00106381 0.02850000 0.48780504
v -0.00036161 0.02850000 0.48797813
v 0.00036161 0.02850000 0.48797813
v 0.00106381 0.02850000 0.48780504
v 0.00170419 0.02850000 0.48746896
v 0.00224553 0.02850000 0.48698938
v 0.00265637 0.02850000 0.48639417
v 0.00291283 0.02850000 0.48571795
v 0.00300000 0.02850000 0.48500001
v 0.00291283 0.02850000 0.48428205
v 0.00265637 0.02850000 0.48360583
v 0.00224553 0.02850000 0.48301062
v 0.00170419 0.02850000 0.48253104
v 0.00106381 0.02850000 0.48219496
v 0.00036161 0.02850000 0.48202187
v -0.00036161 0.02850000 0.48202187
v -0.00106381 0.02850000 0.48219496
v -0.00170419 0.02850000 0.48253104
v -0.00224553 0.02850000 0.48301062
v -0.00265637 0.02850000 0.48360583
v -0.00291283 0.02850000 0.48428205
v 0.02850000 0.02450000 0.47000000
v 0.02850000 0.02450000 0.50000000
v 0.02850000 -0.02450000 0.47000000
v 0.02850000 -0.02450000 0.50000000
v -0.02450000 -0.02850000 0.50000000
v -0.02450000 -0.02850000 0.47000000
v 0.02450000 -0.02850000 0.50000000
v 0.02450000 -0.02850000 0.47000000
v 0.00300000 -0.02850000 0.48500001
v 0.00291283 -0.02850000 0.48571795
v 0.00265637 -0.02850000 0.48639417
v 0.00224553 -0.02850000 0.48698938
v 0.00170419 -0.02850000 0.48746896
v 0.00106381 -0.02850000 0.48780504
v 0.00036161 -0.02850000 0.48797813
v -0.00036161 -0.02850000 0.48797813
v -0.00106381 -0.02850000 0.48780504
v -0.00170419 -0.02850000 0.48746896
v -0.00224553 -0.02850000 0.48698938
v -0.00265637 -0.02850000 0.48639417
v -0.00291283 -0.02850000 0.48571795
v -0.00300000 -0.02850000 0.48500001
v -0.00291283 -0.02850000 0.48428205
v -0.00265637 -0.02850000 0.48360583
v -0.00224553 -0.02850000 0.48301062
v -0.00170419 -0.02850000 0.48253104
v -0.00106381 -0.02850000 0.48219496
v -0.00036161 -0.02850000 0.48202187
v 0.00036161 -0.02850000 0.48202187
v 0.00106381 -0.02850000 0.48219496
v 0.00170419 -0.02850000 0.48253104
v 0.00224553 -0.02850000 0.48301062
v 0.00265637 -0.02850000 0.48360583
v 0.00291283 -0.02850000 0.48428205
v -0.02850000 0.02450000 0.50000000
v -0.02850000 0.02450000 0.47000000
v -0.02850000 -0.02450000 0.50000000
v -0.02850000 -0.02450000 0.47000000
v 0.02850000 0.02450000 0.47000000
v 0.02850000 -0.02450000 0.47000000
v 0.02839971 -0.02539008 0.47000000
v 0.02810387 -0.02623554 0.47000000
v 0.02762733 -0.02699396 0.47000000
v 0.02699396 -0.02762733 0.47000000
v 0.02623554 -0.02810387 0.47000000
v 0.02539008 -0.02839971 0.47000000
v 0.02450000 -0.02850000 0.47000000
v -0.02450000 -0.02850000 0.47000000
v -0.02539008 -0.02839971 0.47000000
v -0.02623554 -0.02810387 0.47000000
v -0.02699396 -0.02762733 0.47000000
v -0.02762733 -0.02699396 0.47000000
v -0.02810387 -0.02623554 0.47000000
v -0.02839971 -0.02539008 0.47000000
v -0.02850000 -0.02450000 0.47000000
v -0.02850000 0.02450000 0.47000000
v -0.02839971 0.02539008 0.47000000
v -0.02810387 0.02623554 0.47000000
v -0.02762733 0.02699396 0.47000000
v -0.02699396 0.02762733 0.47000000
v -0.02623554 0.02810387 0.47000000
v -0.02539008 0.02839971 0.47000000
v -0.02450000 0.02850000 0.47000000
v 0.02450000 0.02850000 0.47000000
v 0.02539008 0.02839971 0.47000000
v 0.02623554 0.02810387 0.47000000
v 0.02699396 0.02762733 0.47000000
v 0.02762733 0.02699396 0.47000000
v 0.02810387 0.02623554 0.47000000
v 0.02839971 0.02539008 0.47000000
v -0.02510000 -0.02510000 0.47000000
v -0.02510000 0.02510000 0.47000000
v 0.02510000 -0.02510000 0.47000000
v 0.02510000 0.02510000 0.47000000
v -0.02850000 0.02450000 0.47000000
v -0.02839971 0.02539008 0.47000000
v -0.02810387 0.02623554 0.47000000
v -0.02762733 0.02699396 0.47000000
v -0.02699396 0.02762733 0.47000000
v -0.02623554 0.02810387 0.47000000
v -0.02539008 0.02839971 0.47000000
v -0.02450000 0.02850000 0.47000000
v -0.02850000 0.02450000 0.50000000
v -0.02450000 0.02850000 0.50000000
v -0.02539008 0.02839971 0.50000000
v -0.02623554 0.02810387 0.50000000
v -0.02699396 0.02762733 0.50000000
v -0.02762733 0.02699396 0.50000000
v -0.02810387 0.02623554 0.50000000
v -0.02839971 0.02539008 0.50000000
v -0.02450000 -0.02850000 0.47000000
v -0.02539008 -0.02839971 0.47000000
v -0.02623554 -0.02810387 0.47000000
v -0.02699396 -0.02762733 0.47000000
v -0.02762733 -0.02699396 0.47000000
v -0.02810387 -0.02623554 0.47000000
v -0.02839971 -0.02539008 0.47000000
v -0.02850000 -0.02450000 0.47000000
v -0.02450000 -0.02850000 0.50000000
v -0.02850000 -0.02450000 0.50000000
v -0.02839971 -0.02539008 0.50000000
v -0.02810387 -0.02623554 0.50000000
v -0.02762733 -0.02699396 0.50000000
v -0.02699396 -0.02762733 0.50000000
v -0.02623554 -0.02810387 0.50000000
v -0.02539008 -0.02839971 0.50000000
v -0.02768655 -0.02450000 0.50241786
v -0.02769231 -0.02185267 0.50241023
v -0.02742461 -0.01923962 0.50272888
v -0.02713505 -0.01797476 0.50300944
v -0.02668853 -0.01677625 0.50334817
v -0.02564171 -0.01455177 0.50383359
v -0.02450000 -0.01212563 0.50400001
v -0.02450000 0.01212563 0.50400001
v -0.02564171 0.01455177 0.50383359
v -0.02668853 0.01677625 0.50334817
v -0.02732987 0.01875292 0.50282699
v -0.02762878 0.02084911 0.50249213
v -0.02771577 0.02267257 0.50237888
v -0.02768655 0.02450000 0.50241786
v -0.02850000 0.02450000 0.50000000
v -0.02840674 0.02450000 0.50085872
v -0.02813131 0.02450000 0.50167739
v -0.02850000 -0.02450000 0.50000000
v -0.02813131 -0.02450000 0.50167739
v -0.02840674 -0.02450000 0.50085872
v -0.02850000 0.02450000 0.50000000
v -0.02840674 0.02450000 0.50085872
v -0.02813131 0.02450000 0.50167739
v -0.02768655 0.02450000 0.50241786
v -0.02760868 0.02494332 0.50247777
v -0.02746395 0.02536405 0.50254339
v -0.02725108 0.02575368 0.50261915
v -0.02681814 0.02631747 0.50270611
v -0.02631412 0.02682105 0.50270587
v -0.02575368 0.02725108 0.50261915
v -0.02536088 0.02746510 0.50254291
v -0.02493987 0.02760967 0.50247723
v -0.02450000 0.02768655 0.50241786
v -0.02450000 0.02850000 0.50000000
v -0.02450000 0.02840674 0.50085872
v -0.02450000 0.02813131 0.50167739
v -0.02539008 0.02839971 0.50000000
v -0.02623554 0.02810387 0.50000000
v -0.02699396 0.02762733 0.50000000
v -0.02762733 0.02699396 0.50000000
v -0.02810387 0.02623554 0.50000000
v -0.02839971 0.02539008 0.50000000
v -0.02797587 0.02505052 0.50190139
v -0.02763563 0.02609768 0.50190139
v -0.02818814 0.02569835 0.50098062
v -0.02698845 0.02698845 0.50190139
v -0.02763732 0.02677939 0.50098062
v -0.02609768 0.02763563 0.50190139
v -0.02677939 0.02763732 0.50098062
v -0.02505052 0.02797587 0.50190139
v -0.02569835 0.02818814 0.50098062
v -0.02450000 -0.02768655 0.50241786
v -0.02450000 -0.02813131 0.50167739
v -0.02450000 -0.02840674 0.50085872
v -0.02450000 -0.02850000 0.50000000
v -0.02494332 -0.02760868 0.50247777
v -0.02536405 -0.02746395 0.50254339
v -0.02575368 -0.02725108 0.50261915
v -0.02631747 -0.02681814 0.50270611
v -0.02682105 -0.02631412 0.50270587
v -0.02725108 -0.02575368 0.50261915
v -0.02746510 -0.02536088 0.50254291
v -0.02760967 -0.02493987 0.50247723
v -0.02768655 -0.02450000 0.50241786
v -0.02813131 -0.02450000 0.50167739
v -0.02840674 -0.02450000 0.50085872
v -0.02850000 -0.02450000 0.50000000
v -0.02839971 -0.02539008 0.50000000
v -0.02810387 -0.02623554 0.50000000
v -0.02762733 -0.02699396 0.50000000
v -0.02699396 -0.02762733 0.50000000
v -0.02623554 -0.02810387 0.50000000
v -0.02539008 -0.02839971 0.50000000
v -0.02505052 -0.02797587 0.50190139
v -0.02609768 -0.02763563 0.50190139
v -0.02569835 -0.02818814 0.50098062
v -0.02698845 -0.02698845 0.50190139
v -0.02677939 -0.02763732 0.50098062
v -0.02763563 -0.02609768 0.50190139
v -0.02763732 -0.02677939 0.50098062
v -0.02797587 -0.02505052 0.50190139
v -0.02818814 -0.02569835 0.50098062
v 0.01212563 0.02450000 0.50400001
v 0.01455177 0.02564171 0.50383359
v 0.01677625 0.02668853 0.50334817
v 0.01875292 0.02732987 0.50282699
v 0.02084911 0.02762878 0.50249213
v 0.02267257 0.02771577 0.50237888
v 0.02450000 0.02768655 0.50241786
v 0.02450000 0.02850000 0.50000000
v 0.02450000 0.02840674 0.50085872
v 0.02450000 0.02813131 0.50167739
v -0.02450000 0.02850000 0.50000000
v -0.02450000 0.02840674 0.50085872
v -0.02450000 0.02813131 0.50167739
v -0.02450000 0.02768655 0.50241786
v -0.02185267 0.02769231 0.50241023
v -0.01923962 0.02742461 0.50272888
v -0.01797476 0.02713505 0.50300944
v -0.01677625 0.02668853 0.50334817
v -0.01455177 0.02564171 0.50383359
v -0.01212563 0.02450000 0.50400001
v 0.02850000 -0.02450000 0.47000000
v 0.02839971 -0.02539008 0.47000000
v 0.02810387 -0.02623554 0.47000000
v 0.02762733 -0.02699396 0.47000000
v 0.02699396 -0.02762733 0.47000000
v 0.02623554 -0.02810387 0.47000000
v 0.02539008 -0.02839971 0.47000000
v 0.02450000 -0.02850000 0.47000000
v 0.02850000 -0.02450000 0.50000000
v 0.02450000 -0.02850000 0.50000000
v 0.02539008 -0.02839971 0.50000000
v 0.02623554 -0.02810387 0.50000000
v 0.02699396 -0.02762733 0.50000000
v 0.02762733 -0.02699396 0.50000000
v 0.02810387 -0.02623554 0.50000000
v 0.02839971 -0.02539008 0.50000000
v -0.01212563 -0.02450000 0.50400001
v -0.01455177 -0.02564171 0.50383359
v -0.01677625 -0.02668853 0.50334817
v -0.01875292 -0.02732987 0.50282699
v -0.02084911 -0.02762878 0.50249213
v -0.02267257 -0.02771577 0.50237888
v -0.02450000 -0.02768655 0.50241786
v -0.02450000 -0.02813131 0.50167739
v -0.02450000 -0.02840674 0.50085872
v -0.02450000 -0.02850000 0.50000000
v 0.02450000 -0.02850000 0.50000000
v 0.02450000 -0.02768655 0.50241786
v 0.02450000 -0.02813131 0.50167739
v 0.02450000 -0.02840674 0.50085872
v 0.02185267 -0.02769231 0.50241023
v 0.01923962 -0.02742461 0.50272888
v 0.01797476 -0.02713505 0.50300944
v 0.01677625 -0.02668853 0.50334817
v 0.01455177 -0.02564171 0.50383359
v 0.01212563 -0.02450000 0.50400001
v 0.02450000 0.02850000 0.50000000
v 0.02450000 0.02840674 0.50085872
v 0.02450000 0.02813131 0.50167739
v 0.02450000 0.02768655 0.50241786
v 0.02494332 0.02760868 0.50247777
v 0.02536405 0.02746395 0.50254339
v 0.02575368 0.02725108 0.50261915
v 0.02631747 0.02681814 0.50270611
v 0.02682105 0.02631412 0.50270587
v 0.02725108 0.02575368 0.50261915
v 0.02746510 0.02536088 0.50254291
v 0.02760967 0.02493987 0.50247723
v 0.02768655 0.02450000 0.50241786
v 0.02850000 0.02450000 0.50000000
v 0.02840674 0.02450000 0.50085872
v 0.02813131 0.02450000 0.50167739
v 0.02839971 0.02539008 0.50000000
v 0.02810387 0.02623554 0.50000000
v 0.02762733 0.02699396 0.50000000
v 0.02699396 0.02762733 0.50000000
v 0.02623554 0.02810387 0.50000000
v 0.02539008 0.02839971 0.50000000
v 0.02505052 0.02797587 0.50190139
v 0.02609768 0.02763563 0.50190139
v 0.02569835 0.02818814 0.50098062
v 0.02698845 0.02698845 0.50190139
v 0.02677939 0.02763732 0.50098062
v 0.02763563 0.02609768 0.50190139
v 0.02763732 0.02677939 0.50098062
v 0.02797587 0.02505052 0.50190139
v 0.02818814 0.02569835 0.50098062
v 0.02768655 -0.02450000 0.50241786
v 0.02813131 -0.02450000 0.50167739
v 0.02840674 -0.02450000 0.50085872
v 0.02850000 -0.02450000 0.50000000
v 0.02760868 -0.02494332 0.50247777
v 0.02746395 -0.02536405 0.50254339
v 0.02725108 -0.02575368 0.50261915
v 0.02681814 -0.02631747 0.50270611
v 0.02631412 -0.02682105 0.50270587
v 0.02575368 -0.02725108 0.50261915
v 0.02536088 -0.02746510 0.50254291
v 0.02493987 -0.02760967 0.50247723
v 0.02450000 -0.02768655 0.50241786
v 0.02450000 -0.02813131 0.50167739
v 0.02450000 -0.02840674 0.50085872
v 0.02450000 -0.02850000 0.50000000
v 0.02539008 -0.02839971 0.50000000
v 0.02623554 -0.02810387 0.50000000
v 0.02699396 -0.02762733 0.50000000
v 0.02762733 -0.02699396 0.50000000
v 0.02810387 -0.02623554 0.50000000
v 0.02839971 -0.02539008 0.50000000
v 0.02797587 -0.02505052 0.50190139
v 0.02763563 -0.02609768 0.50190139
v 0.02818814 -0.02569835 0.50098062
v 0.02698845 -0.02698845 0.50190139
v 0.02763732 -0.02677939 0.50098062
v 0.02609768 -0.02763563 0.50190139
v 0.02677939 -0.02763732 0.50098062
v 0.02505052 -0.02797587 0.50190139
v 0.02569835 -0.02818814 0.50098062
v 0.02450000 -0.01212563 0.50400001
v 0.02564171 -0.01455177 0.50383359
v 0.02668853 -0.01677625 0.50334817
v 0.02732987 -0.01875292 0.50282699
v 0.02762878 -0.02084911 0.50249213
v 0.02771577 -0.02267257 0.50237888
v 0.02768655 -0.02450000 0.50241786
v 0.02813131 -0.02450000 0.50167739
v 0.02840674 -0.02450000 0.50085872
v 0.02850000 -0.02450000 0.50000000
v 0.02850000 0.02450000 0.50000000
v 0.02840674 0.02450000 0.50085872
v 0.02813131 0.02450000 0.50167739
v 0.02768655 0.02450000 0.50241786
v 0.02769231 0.02185267 0.50241023
v 0.02742461 0.01923962 0.50272888
v 0.02713505 0.01797476 0.50300944
v 0.02668853 0.01677625 0.50334817
v 0.02564171 0.01455177 0.50383359
v 0.02450000 0.01212563 0.50400001
v 0.00300000 -0.02750000 0.48500001
v 0.00291283 -0.02750000 0.48571795
v 0.00265637 -0.02750000 0.48639417
v 0.00224553 -0.02750000 0.48698938
v 0.00170419 -0.02750000 0.48746896
v 0.00106381 -0.02750000 0.48780504
v 0.00036161 -0.02750000 0.48797813
v -0.00036161 -0.02750000 0.48797813
v -0.00106381 -0.02750000 0.48780504
v -0.00170419 -0.02750000 0.48746896
v -0.00224553 -0.02750000 0.48698938
v -0.00265637 -0.02750000 0.48639417
v -0.00291283 -0.02750000 0.48571795
v -0.00300000 -0.02750000 0.48500001
v -0.00291283 -0.02750000 0.48428205
v -0.00265637 -0.02750000 0.48360583
v -0.00224553 -0.02750000 0.48301062
v -0.00170419 -0.02750000 0.48253104
v -0.00106381 -0.02750000 0.48219496
v -0.00036161 -0.02750000 0.48202187
v 0.00036161 -0.02750000 0.48202187
v 0.00106381 -0.02750000 0.48219496
v 0.00170419 -0.02750000 0.48253104
v 0.00224553 -0.02750000 0.48301062
v 0.00265637 -0.02750000 0.48360583
v 0.00291283 -0.02750000 0.48428205
v 0.00175000 -0.02750000 0.48500001
v 0.00169915 -0.02750000 0.48458120
v 0.00154955 -0.02750000 0.48418674
v 0.00130989 -0.02750000 0.48383954
v 0.00099411 -0.02750000 0.48355979
v 0.00062056 -0.02750000 0.48336372
v 0.00021094 -0.02750000 0.48326275
v -0.00021094 -0.02750000 0.48326275
v -0.00062056 -0.02750000 0.48336372
v -0.00099411 -0.02750000 0.48355979
v -0.00130989 -0.02750000 0.48383954
v -0.00154955 -0.02750000 0.48418674
v -0.00169915 -0.02750000 0.48458120
v -0.00175000 -0.02750000 0.48500001
v -0.00169915 -0.02750000 0.48541880
v -0.00154955 -0.02750000 0.48581326
v -0.00130989 -0.02750000 0.48616046
v -0.00099411 -0.02750000 0.48644021
v -0.00062056 -0.02750000 0.48663628
v -0.00021094 -0.02750000 0.48673725
v 0.00021094 -0.02750000 0.48673725
v 0.00062056 -0.02750000 0.48663628
v 0.00099411 -0.02750000 0.48644021
v 0.00130989 -0.02750000 0.48616046
v 0.00154955 -0.02750000 0.48581326
v 0.00169915 -0.02750000 0.48541880
v -0.00300000 0.02750000 0.48500001
v -0.00291283 0.02750000 0.48571795
v -0.00265637 0.02750000 0.48639417
v -0.00224553 0.02750000 0.48698938
v -0.00170419 0.02750000 0.48746896
v -0.00106381 0.02750000 0.48780504
v -0.00036161 0.02750000 0.48797813
v 0.00036161 0.02750000 0.48797813
v 0.00106381 0.02750000 0.48780504
v 0.00170419 0.02750000 0.48746896
v 0.00224553 0.02750000 0.48698938
v 0.00265637 0.02750000 0.48639417
v 0.00291283 0.02750000 0.48571795
v 0.00300000 0.02750000 0.48500001
v 0.00291283 0.02750000 0.48428205
v 0.00265637 0.02750000 0.48360583
v 0.00224553 0.02750000 0.48301062
v 0.00170419 0.02750000 0.48253104
v 0.00106381 0.02750000 0.48219496
v 0.00036161 0.02750000 0.48202187
v -0.00036161 0.02750000 0.48202187
v -0.00106381 0.02750000 0.48219496
v -0.00170419 0.02750000 0.48253104
v -0.00224553 0.02750000 0.48301062
v -0.00265637 0.02750000 0.48360583
v -0.00291283 0.02750000 0.48428205
v 0.00175000 0.02750000 0.48500001
v 0.00169915 0.02750000 0.48541880
v 0.00154955 0.02750000 0.48581326
v 0.00130989 0.02750000 0.48616046
v 0.00099411 0.02750000 0.48644021
v 0.00062056 0.02750000 0.48663628
v 0.00021094 0.02750000 0.48673725
v -0.00021094 0.02750000 0.48673725
v -0.00062056 0.02750000 0.48663628
v -0.00099411 0.02750000 0.48644021
v -0.00130989 0.02750000 0.48616046
v -0.00154955 0.02750000 0.48581326
v -0.00169915 0.02750000 0.48541880
v -0.00175000 0.02750000 0.48500001
v -0.00169915 0.02750000 0.48458120
v -0.00154955 0.02750000 0.48418674
v -0.00130989 0.02750000 0.48383954
v -0.00099411 0.02750000 0.48355979
v -0.00062056 0.02750000 0.48336372
v -0.00021094 0.02750000 0.48326275
v 0.00021094 0.02750000 0.48326275
v 0.00062056 0.02750000 0.48336372
v 0.00099411 0.02750000 0.48355979
v 0.00130989 0.02750000 0.48383954
v 0.00154955 0.02750000 0.48418674
v 0.00169915 0.02750000 0.48458120
v -0.03447146 0.04048186 0.56900001
v -0.03482160 0.04076110 0.56900001
v -0.03522511 0.04095542 0.56900001
v -0.03566174 0.04105508 0.56900001
v -0.03610960 0.04105508 0.56900001
v -0.03654623 0.04095542 0.56900001
v -0.03694974 0.04076110 0.56900001
v -0.03729988 0.04048186 0.56900001
v -0.03447146 0.04048186 0.54900002
v -0.03729988 0.04048186 0.54900002
v -0.03694974 0.04076110 0.54900002
v -0.03654623 0.04095542 0.54900002
v -0.03610960 0.04105508 0.54900002
v -0.03566174 0.04105508 0.54900002
v -0.03522511 0.04095542 0.54900002
v -0.03482160 0.04076110 0.54900002
v -0.03183001 0.03564838 0.52174759
v -0.03196449 0.03514647 0.52119607
v -0.03403455 0.03785292 0.52813238
v -0.03336486 0.03718324 0.52595991
v -0.03262956 0.03644793 0.52383035
v -0.03453646 0.03771844 0.52863789
v -0.03430327 0.03778092 0.52836788
v -0.03729988 0.04048186 0.54900002
v -0.03698954 0.04017152 0.54206568
v -0.03606347 0.03924545 0.53524202
v -0.03694974 0.04076110 0.54900002
v -0.03654623 0.04095542 0.54900002
v -0.03610960 0.04105508 0.54900002
v -0.03566174 0.04105508 0.54900002
v -0.03522511 0.04095542 0.54900002
v -0.03482160 0.04076110 0.54900002
v -0.03447146 0.04048186 0.54900002
v -0.01995823 0.02596863 0.50711489
v -0.02494594 0.03095635 0.51369464
v -0.02900778 0.03501819 0.52144390
v -0.03200919 0.03801960 0.53010595
v -0.03385075 0.03986116 0.53939390
v -0.02114343 0.02691487 0.50728512
v -0.02246774 0.02758998 0.50761783
v -0.02378394 0.02807036 0.50821859
v -0.02430980 0.02819117 0.50850314
v -0.02464746 0.02821303 0.50867826
v -0.02498932 0.02817130 0.50885057
v -0.02992310 0.03310508 0.51677078
v -0.02759087 0.03077285 0.51264292
v -0.02189369 0.02762400 0.50806427
v -0.02406108 0.02834750 0.50857437
v -0.02159480 0.02753430 0.50838548
v -0.02359893 0.02854441 0.50877899
v -0.02322368 0.02861702 0.50901240
v -0.02287400 0.02860431 0.50929195
v -0.02256742 0.02850691 0.50960356
v -0.02707378 0.03088515 0.51239580
v -0.02677896 0.03106538 0.51246816
v -0.02630305 0.03124853 0.51265305
v -0.02591211 0.03130545 0.51286399
v -0.02554364 0.03127395 0.51311660
v -0.02521611 0.03115560 0.51339823
v -0.02957968 0.03339104 0.51680017
v -0.02927991 0.03356633 0.51686382
v -0.02879134 0.03373682 0.51702642
v -0.02838596 0.03377929 0.51721203
v -0.02800019 0.03373050 0.51743424
v -0.02765338 0.03359288 0.51768196
v -0.03128505 0.03509642 0.52043015
v -0.03098191 0.03526833 0.52048659
v -0.03048473 0.03543020 0.52063096
v -0.03006952 0.03546285 0.52079558
v -0.02967198 0.03540229 0.52099276
v -0.03152998 0.03581640 0.52180088
v -0.02931205 0.03525155 0.52121252
v -0.03103003 0.03597550 0.52193856
v -0.03061165 0.03600499 0.52209562
v -0.03021033 0.03594063 0.52228367
v -0.02984617 0.03578567 0.52249336
v -0.03232797 0.03661439 0.52387959
v -0.03182398 0.03676945 0.52400672
v -0.03140099 0.03679433 0.52415180
v -0.03099415 0.03672445 0.52432549
v -0.03062384 0.03656334 0.52451909
v -0.03306183 0.03734826 0.52600503
v -0.03255413 0.03749960 0.52612138
v -0.03212690 0.03752024 0.52625418
v -0.03171499 0.03744529 0.52641320
v -0.03133903 0.03727852 0.52659041
v -0.03373021 0.03801663 0.52817321
v -0.03321912 0.03816460 0.52827859
v -0.03278804 0.03818137 0.52839887
v -0.03237150 0.03810180 0.52854288
v -0.03199039 0.03792988 0.52870345
v -0.03571445 0.03952582 0.53525454
v -0.03540255 0.03968897 0.53528172
v -0.03488300 0.03982848 0.53535116
v -0.03444226 0.03983559 0.53543037
v -0.03401415 0.03974446 0.53552520
v -0.03362015 0.03955964 0.53563094
v -0.03547058 0.04041605 0.53911048
v -0.03502643 0.04041976 0.53916788
v -0.03459424 0.04032455 0.53923661
v -0.03419569 0.04013518 0.53931320
v -0.03663968 0.04045104 0.54207200
v -0.03632595 0.04061237 0.54208571
v -0.03580172 0.04074720 0.54212070
v -0.03535565 0.04074898 0.54216063
v -0.03492116 0.04065146 0.54220843
v -0.03452004 0.04045953 0.54226172
v -0.04048186 0.03729988 0.56900001
v -0.04076110 0.03694974 0.56900001
v -0.04095542 0.03654623 0.56900001
v -0.04105508 0.03610960 0.56900001
v -0.04105508 0.03566174 0.56900001
v -0.04095542 0.03522511 0.56900001
v -0.04076110 0.03482160 0.56900001
v -0.04048186 0.03447146 0.56900001
v -0.04048186 0.03729988 0.54900002
v -0.04048186 0.03447146 0.54900002
v -0.04076110 0.03482160 0.54900002
v -0.04095542 0.03522511 0.54900002
v -0.04105508 0.03566174 0.54900002
v -0.04105508 0.03610960 0.54900002
v -0.04095542 0.03654623 0.54900002
v -0.04076110 0.03694974 0.54900002
v -0.03785292 0.03403455 0.52813238
v -0.03778092 0.03430327 0.52836788
v -0.03771844 0.03453646 0.52863789
v -0.03564838 0.03183001 0.52174759
v -0.03644793 0.03262956 0.52383035
v -0.03718324 0.03336486 0.52595991
v -0.03514647 0.03196449 0.52119607
v -0.02817130 0.02498932 0.50885057
v -0.03077285 0.02759087 0.51264292
v -0.03310508 0.02992310 0.51677078
v -0.02821316 0.02458243 0.50864494
v -0.02816978 0.02417916 0.50843388
v -0.02807036 0.02378394 0.50821859
v -0.02758999 0.02246778 0.50761783
v -0.02691494 0.02114356 0.50728518
v -0.02596863 0.01995823 0.50711489
v -0.04048186 0.03447146 0.54900002
v -0.03986116 0.03385075 0.53939390
v -0.03801960 0.03200919 0.53010595
v -0.03501819 0.02900778 0.52144390
v -0.03095635 0.02494594 0.51369464
v -0.04076110 0.03482160 0.54900002
v -0.04095542 0.03522511 0.54900002
v -0.04105508 0.03566174 0.54900002
v -0.04105508 0.03610960 0.54900002
v -0.04095542 0.03654623 0.54900002
v -0.04076110 0.03694974 0.54900002
v -0.04048186 0.03729988 0.54900002
v -0.03924545 0.03606347 0.53524202
v -0.04017152 0.03698954 0.54206568
v -0.04045104 0.03663968 0.54207200
v -0.04061237 0.03632595 0.54208571
v -0.04074720 0.03580172 0.54212070
v -0.04074898 0.03535565 0.54216063
v -0.04065146 0.03492116 0.54220843
v -0.04045953 0.03452004 0.54226172
v -0.04041605 0.03547058 0.53911048
v -0.04041976 0.03502643 0.53916788
v -0.04032455 0.03459424 0.53923661
v -0.04013518 0.03419569 0.53931320
v -0.03952582 0.03571445 0.53525454
v -0.03968897 0.03540255 0.53528172
v -0.03982848 0.03488300 0.53535116
v -0.03983559 0.03444226 0.53543037
v -0.03974446 0.03401415 0.53552520
v -0.03955964 0.03362015 0.53563094
v -0.03820825 0.03439688 0.52941084
v -0.03837401 0.03408759 0.52944958
v -0.03852016 0.03357469 0.52954853
v -0.03853488 0.03314154 0.52966142
v -0.03845284 0.03272253 0.52979660
v -0.03827816 0.03233866 0.52994734
v -0.03734826 0.03306183 0.52600503
v -0.03749960 0.03255413 0.52612138
v -0.03752024 0.03212690 0.52625418
v -0.03744529 0.03171499 0.52641320
v -0.03727852 0.03133903 0.52659041
v -0.03661439 0.03232797 0.52387959
v -0.03676945 0.03182398 0.52400672
v -0.03679433 0.03140099 0.52415180
v -0.03672445 0.03099415 0.52432549
v -0.03656334 0.03062384 0.52451909
v -0.03581640 0.03152998 0.52180088
v -0.03597550 0.03103003 0.52193856
v -0.03600499 0.03061165 0.52209562
v -0.03594063 0.03021033 0.52228367
v -0.03526833 0.03098191 0.52048659
v -0.03578567 0.02984617 0.52249336
v -0.03543020 0.03048473 0.52063096
v -0.03546285 0.03006952 0.52079558
v -0.03540229 0.02967198 0.52099276
v -0.03525155 0.02931205 0.52121252
v -0.03339104 0.02957968 0.51680017
v -0.03356633 0.02927991 0.51686382
v -0.03373682 0.02879134 0.51702642
v -0.03377929 0.02838596 0.51721203
v -0.03373050 0.02800019 0.51743424
v -0.03359288 0.02765338 0.51768196
v -0.03106094 0.02724957 0.51267606
v -0.03124083 0.02695441 0.51274788
v -0.03142309 0.02647761 0.51293135
v -0.03147899 0.02608566 0.51314068
v -0.03144627 0.02571597 0.51339138
v -0.03132658 0.02538709 0.51367080
v -0.02846176 0.02465039 0.50888723
v -0.02864679 0.02436036 0.50896651
v -0.02884217 0.02389670 0.50916910
v -0.02891306 0.02351972 0.50940031
v -0.02889828 0.02316797 0.50967711
v -0.02879858 0.02285908 0.50998569
v -0.02762402 0.02189372 0.50806427
v -0.02753432 0.02159483 0.50838554
v -0.04048186 -0.03447146 0.56900001
v -0.04076110 -0.03482160 0.56900001
v -0.04095542 -0.03522511 0.56900001
v -0.04105508 -0.03566174 0.56900001
v -0.04105508 -0.03610960 0.56900001
v -0.04095542 -0.03654623 0.56900001
v -0.04076110 -0.03694974 0.56900001
v -0.04048186 -0.03729988 0.56900001
v -0.04048186 -0.03447146 0.54900002
v -0.04048186 -0.03729988 0.54900002
v -0.04076110 -0.03694974 0.54900002
v -0.04095542 -0.03654623 0.54900002
v -0.04105508 -0.03610960 0.54900002
v -0.04105508 -0.03566174 0.54900002
v -0.04095542 -0.03522511 0.54900002
v -0.04076110 -0.03482160 0.54900002
v -0.03564838 -0.03183001 0.52174759
v -0.03514647 -0.03196449 0.52119607
v -0.03785292 -0.03403455 0.52813238
v -0.03718324 -0.03336486 0.52595991
v -0.03644793 -0.03262956 0.52383035
v -0.03771844 -0.03453646 0.52863789
v -0.03778092 -0.03430327 0.52836788
v -0.04048186 -0.03729988 0.54900002
v -0.04017152 -0.03698954 0.54206568
v -0.03924545 -0.03606347 0.53524202
v -0.04076110 -0.03694974 0.54900002
v -0.04095542 -0.03654623 0.54900002
v -0.04105508 -0.03610960 0.54900002
v -0.04105508 -0.03566174 0.54900002
v -0.04095542 -0.03522511 0.54900002
v -0.04076110 -0.03482160 0.54900002
v -0.04048186 -0.03447146 0.54900002
v -0.02596863 -0.01995823 0.50711489
v -0.03095635 -0.02494594 0.51369464
v -0.03501819 -0.02900778 0.52144390
v -0.03801960 -0.03200919 0.53010595
v -0.03986116 -0.03385075 0.53939390
v -0.02691487 -0.02114343 0.50728512
v -0.02758998 -0.02246774 0.50761783
v -0.02807036 -0.02378394 0.50821859
v -0.02819117 -0.02430980 0.50850314
v -0.02821303 -0.02464746 0.50867826
v -0.02817130 -0.02498932 0.50885057
v -0.03310508 -0.02992310 0.51677078
v -0.03077285 -0.02759087 0.51264292
v -0.02762400 -0.02189369 0.50806427
v -0.02834750 -0.02406108 0.50857437
v -0.02753430 -0.02159480 0.50838548
v -0.02854441 -0.02359893 0.50877899
v -0.02861702 -0.02322368 0.50901240
v -0.02860431 -0.02287400 0.50929195
v -0.02850691 -0.02256742 0.50960356
v -0.03088515 -0.02707378 0.51239580
v -0.03106538 -0.02677896 0.51246816
v -0.03124853 -0.02630305 0.51265305
v -0.03130545 -0.02591211 0.51286399
v -0.03127395 -0.02554364 0.51311660
v -0.03115560 -0.02521611 0.51339823
v -0.03339104 -0.02957968 0.51680017
v -0.03356633 -0.02927991 0.51686382
v -0.03373682 -0.02879134 0.51702642
v -0.03377929 -0.02838596 0.51721203
v -0.03373050 -0.02800019 0.51743424
v -0.03359288 -0.02765338 0.51768196
v -0.03509642 -0.03128505 0.52043015
v -0.03526833 -0.03098191 0.52048659
v -0.03543020 -0.03048473 0.52063096
v -0.03546285 -0.03006952 0.52079558
v -0.03540229 -0.02967198 0.52099276
v -0.03581640 -0.03152998 0.52180088
v -0.03525155 -0.02931205 0.52121252
v -0.03597550 -0.03103003 0.52193856
v -0.03600499 -0.03061165 0.52209562
v -0.03594063 -0.03021033 0.52228367
v -0.03578567 -0.02984617 0.52249336
v -0.03661439 -0.03232797 0.52387959
v -0.03676945 -0.03182398 0.52400672
v -0.03679433 -0.03140099 0.52415180
v -0.03672445 -0.03099415 0.52432549
v -0.03656334 -0.03062384 0.52451909
v -0.03734826 -0.03306183 0.52600503
v -0.03749960 -0.03255413 0.52612138
v -0.03752024 -0.03212690 0.52625418
v -0.03744529 -0.03171499 0.52641320
v -0.03727852 -0.03133903 0.52659041
v -0.03801663 -0.03373021 0.52817321
v -0.03816460 -0.03321912 0.52827859
v -0.03818137 -0.03278804 0.52839887
v -0.03810180 -0.03237150 0.52854288
v -0.03792988 -0.03199039 0.52870345
v -0.03952582 -0.03571445 0.53525454
v -0.03968897 -0.03540255 0.53528172
v -0.03982848 -0.03488300 0.53535116
v -0.03983559 -0.03444226 0.53543037
v -0.03974446 -0.03401415 0.53552520
v -0.03955964 -0.03362015 0.53563094
v -0.04041605 -0.03547058 0.53911048
v -0.04041976 -0.03502643 0.53916788
v -0.04032455 -0.03459424 0.53923661
v -0.04013518 -0.03419569 0.53931320
v -0.04045104 -0.03663968 0.54207200
v -0.04061237 -0.03632595 0.54208571
v -0.04074720 -0.03580172 0.54212070
v -0.04074898 -0.03535565 0.54216063
v -0.04065146 -0.03492116 0.54220843
v -0.04045953 -0.03452004 0.54226172
v -0.03729988 -0.04048186 0.56900001
v -0.03694974 -0.04076110 0.56900001
v -0.03654623 -0.04095542 0.56900001
v -0.03610960 -0.04105508 0.56900001
v -0.03566174 -0.04105508 0.56900001
v -0.03522511 -0.04095542 0.56900001
v -0.03482160 -0.04076110 0.56900001
v -0.03447146 -0.04048186 0.56900001
v -0.03729988 -0.04048186 0.54900002
v -0.03447146 -0.04048186 0.54900002
v -0.03482160 -0.04076110 0.54900002
v -0.03522511 -0.04095542 0.54900002
v -0.03566174 -0.04105508 0.54900002
v -0.03610960 -0.04105508 0.54900002
v -0.03654623 -0.04095542 0.54900002
v -0.03694974 -0.04076110 0.54900002
v -0.03403455 -0.03785292 0.52813238
v -0.03430327 -0.03778092 0.52836788
v -0.03453646 -0.03771844 0.52863789
v -0.03183001 -0.03564838 0.52174759
v -0.03262956 -0.03644793 0.52383035
v -0.03336486 -0.03718324 0.52595991
v -0.03196449 -0.03514647 0.52119607
v -0.02498932 -0.02817130 0.50885057
v -0.02759087 -0.03077285 0.51264292
v -0.02992310 -0.03310508 0.51677078
v -0.02458243 -0.02821316 0.50864494
v -0.02417916 -0.02816978 0.50843388
v -0.02378394 -0.02807036 0.50821859
v -0.02246778 -0.02758999 0.50761783
v -0.02114356 -0.02691494 0.50728518
v -0.01995823 -0.02596863 0.50711489
v -0.03447146 -0.04048186 0.54900002
v -0.03385075 -0.03986116 0.53939390
v -0.03200919 -0.03801960 0.53010595
v -0.02900778 -0.03501819 0.52144390
v -0.02494594 -0.03095635 0.51369464
v -0.03482160 -0.04076110 0.54900002
v -0.03522511 -0.04095542 0.54900002
v -0.03566174 -0.04105508 0.54900002
v -0.03610960 -0.04105508 0.54900002
v -0.03654623 -0.04095542 0.54900002
v -0.03694974 -0.04076110 0.54900002
v -0.03729988 -0.04048186 0.54900002
v -0.03606347 -0.03924545 0.53524202
v -0.03698954 -0.04017152 0.54206568
v -0.03663968 -0.04045104 0.54207200
v -0.03632595 -0.04061237 0.54208571
v -0.03580172 -0.04074720 0.54212070
v -0.03535565 -0.04074898 0.54216063
v -0.03492116 -0.04065146 0.54220843
v -0.03452004 -0.04045953 0.54226172
v -0.03547058 -0.04041605 0.53911048
v -0.03502643 -0.04041976 0.53916788
v -0.03459424 -0.04032455 0.53923661
v -0.03419569 -0.04013518 0.53931320
v -0.03571445 -0.03952582 0.53525454
v -0.03540255 -0.03968897 0.53528172
v -0.03488300 -0.03982848 0.53535116
v -0.03444226 -0.03983559 0.53543037
v -0.03401415 -0.03974446 0.53552520
v -0.03362015 -0.03955964 0.53563094
v -0.03439688 -0.03820825 0.52941084
v -0.03408759 -0.03837401 0.52944958
v -0.03357469 -0.03852016 0.52954853
v -0.03314154 -0.03853488 0.52966142
v -0.03272253 -0.03845284 0.52979660
v -0.03233866 -0.03827816 0.52994734
v -0.03306183 -0.03734826 0.52600503
v -0.03255413 -0.03749960 0.52612138
v -0.03212690 -0.03752024 0.52625418
v -0.03171499 -0.03744529 0.52641320
v -0.03133903 -0.03727852 0.52659041
v -0.03232797 -0.03661439 0.52387959
v -0.03182398 -0.03676945 0.52400672
v -0.03140099 -0.03679433 0.52415180
v -0.03099415 -0.03672445 0.52432549
v -0.03062384 -0.03656334 0.52451909
v -0.03152998 -0.03581640 0.52180088
v -0.03103003 -0.03597550 0.52193856
v -0.03061165 -0.03600499 0.52209562
v -0.03021033 -0.03594063 0.52228367
v -0.03098191 -0.03526833 0.52048659
v -0.02984617 -0.03578567 0.52249336
v -0.03048473 -0.03543020 0.52063096
v -0.03006952 -0.03546285 0.52079558
v -0.02967198 -0.03540229 0.52099276
v -0.02931205 -0.03525155 0.52121252
v -0.02957968 -0.03339104 0.51680017
v -0.02927991 -0.03356633 0.51686382
v -0.02879134 -0.03373682 0.51702642
v -0.02838596 -0.03377929 0.51721203
v -0.02800019 -0.03373050 0.51743424
v -0.02765338 -0.03359288 0.51768196
v -0.02724957 -0.03106094 0.51267606
v -0.02695441 -0.03124083 0.51274788
v -0.02647761 -0.03142309 0.51293135
v -0.02608566 -0.03147899 0.51314068
v -0.02571597 -0.03144627 0.51339138
v -0.02538709 -0.03132658 0.51367080
v -0.02465039 -0.02846176 0.50888723
v -0.02436036 -0.02864679 0.50896651
v -0.02389670 -0.02884217 0.50916910
v -0.02351972 -0.02891306 0.50940031
v -0.02316797 -0.02889828 0.50967711
v -0.02285908 -0.02879858 0.50998569
v -0.02189372 -0.02762402 0.50806427
v -0.02159483 -0.02753432 0.50838554
v 0.03729988 0.04048186 0.56900001
v 0.03694974 0.04076110 0.56900001
v 0.03654623 0.04095542 0.56900001
v 0.03610960 0.04105508 0.56900001
v 0.03566174 0.04105508 0.56900001
v 0.03522511 0.04095542 0.56900001
v 0.03482160 0.04076110 0.56900001
v 0.03447146 0.04048186 0.56900001
v 0.03729988 0.04048186 0.54900002
v 0.03447146 0.04048186 0.54900002
v 0.03482160 0.04076110 0.54900002
v 0.03522511 0.04095542 0.54900002
v 0.03566174 0.04105508 0.54900002
v 0.03610960 0.04105508 0.54900002
v 0.03654623 0.04095542 0.54900002
v 0.03694974 0.04076110 0.54900002
v 0.03403455 0.03785292 0.52813238
v 0.03430327 0.03778092 0.52836788
v 0.03453646 0.03771844 0.52863789
v 0.03183001 0.03564838 0.52174759
v 0.03262956 0.03644793 0.52383035
v 0.03336486 0.03718324 0.52595991
v 0.03196449 0.03514647 0.52119607
v 0.02498932 0.02817130 0.50885057
v 0.02759087 0.03077285 0.51264292
v 0.02992310 0.03310508 0.51677078
v 0.02458243 0.02821316 0.50864494
v 0.02417916 0.02816978 0.50843388
v 0.02378394 0.02807036 0.50821859
v 0.02246778 0.02758999 0.50761783
v 0.02114356 0.02691494 0.50728518
v 0.01995823 0.02596863 0.50711489
v 0.03447146 0.04048186 0.54900002
v 0.03385075 0.03986116 0.53939390
v 0.03200919 0.03801960 0.53010595
v 0.02900778 0.03501819 0.52144390
v 0.02494594 0.03095635 0.51369464
v 0.03482160 0.04076110 0.54900002
v 0.03522511 0.04095542 0.54900002
v 0.03566174 0.04105508 0.54900002
v 0.03610960 0.04105508 0.54900002
v 0.03654623 0.04095542 0.54900002
v 0.03694974 0.04076110 0.54900002
v 0.03729988 0.04048186 0.54900002
v 0.03606347 0.03924545 0.53524202
v 0.03698954 0.04017152 0.54206568
v 0.03663968 0.04045104 0.54207200
v 0.03632595 0.04061237 0.54208571
v 0.03580172 0.04074720 0.54212070
v 0.03535565 0.04074898 0.54216063
v 0.03492116 0.04065146 0.54220843
v 0.03452004 0.04045953 0.54226172
v 0.03547058 0.04041605 0.53911048
v 0.03502643 0.04041976 0.53916788
v 0.03459424 0.04032455 0.53923661
v 0.03419569 0.04013518 0.53931320
v 0.03571445 0.03952582 0.53525454
v 0.03540255 0.03968897 0.53528172
v 0.03488300 0.03982848 0.53535116
v 0.03444226 0.03983559 0.53543037
v 0.03401415 0.03974446 0.53552520
v 0.03362015 0.03955964 0.53563094
v 0.03439688 0.03820825 0.52941084
v 0.03408759 0.03837401 0.52944958
v 0.03357469 0.03852016 0.52954853
v 0.03314154 0.03853488 0.52966142
v 0.03272253 0.03845284 0.52979660
v 0.03233866 0.03827816 0.52994734
v 0.03306183 0.03734826 0.52600503
v 0.03255413 0.03749960 0.52612138
v 0.03212690 0.03752024 0.52625418
v 0.03171499 0.03744529 0.52641320
v 0.03133903 0.03727852 0.52659041
v 0.03232797 0.03661439 0.52387959
v 0.03182398 0.03676945 0.52400672
v 0.03140099 0.03679433 0.52415180
v 0.03099415 0.03672445 0.52432549
v 0.03062384 0.03656334 0.52451909
v 0.03152998 0.03581640 0.52180088
v 0.03103003 0.03597550 0.52193856
v 0.03061165 0.03600499 0.52209562
v 0.03021033 0.03594063 0.52228367
v 0.03098191 0.03526833 0.52048659
v 0.02984617 0.03578567 0.52249336
v 0.03048473 0.03543020 0.52063096
v 0.03006952 0.03546285 0.52079558
v 0.02967198 0.03540229 0.52099276
v 0.02931205 0.03525155 0.52121252
v 0.02957968 0.03339104 0.51680017
v 0.02927991 0.03356633 0.51686382
v 0.02879134 0.03373682 0.51702642
v 0.02838596 0.03377929 0.51721203
v 0.02800019 0.03373050 0.51743424
v 0.02765338 0.03359288 0.51768196
v 0.02724957 0.03106094 0.51267606
v 0.02695441 0.03124083 0.51274788
v 0.02647761 0.03142309 0.51293135
v 0.02608566 0.03147899 0.51314068
v 0.02571597 0.03144627 0.51339138
v 0.02538709 0.03132658 0.51367080
v 0.02465039 0.02846176 0.50888723
v 0.02436036 0.02864679 0.50896651
v 0.02389670 0.02884217 0.50916910
v 0.02351972 0.02891306 0.50940031
v 0.02316797 0.02889828 0.50967711
v 0.02285908 0.02879858 0.50998569
v 0.02189372 0.02762402 0.50806427
v 0.02159483 0.02753432 0.50838554
v 0.04048186 0.03447146 0.56900001
v 0.04076110 0.03482160 0.56900001
v 0.04095542 0.03522511 0.56900001
v 0.04105508 0.03566174 0.56900001
v 0.04105508 0.03610960 0.56900001
v 0.04095542 0.03654623 0.56900001
v 0.04076110 0.03694974 0.56900001
v 0.04048186 0.03729988 0.56900001
v 0.04048186 0.03447146 0.54900002
v 0.04048186 0.03729988 0.54900002
v 0.04076110 0.03694974 0.54900002
v 0.04095542 0.03654623 0.54900002
v 0.04105508 0.03610960 0.54900002
v 0.04105508 0.03566174 0.54900002
v 0.04095542 0.03522511 0.54900002
v 0.04076110 0.03482160 0.54900002
v 0.03564838 0.03183001 0.52174759
v 0.03514647 0.03196449 0.52119607
v 0.03785292 0.03403455 0.52813238
v 0.03718324 0.03336486 0.52595991
v 0.03644793 0.03262956 0.52383035
v 0.03771844 0.03453646 0.52863789
v 0.03778092 0.03430327 0.52836788
v 0.04048186 0.03729988 0.54900002
v 0.04017152 0.03698954 0.54206568
v 0.03924545 0.03606347 0.53524202
v 0.04076110 0.03694974 0.54900002
v 0.04095542 0.03654623 0.54900002
v 0.04105508 0.03610960 0.54900002
v 0.04105508 0.03566174 0.54900002
v 0.04095542 0.03522511 0.54900002
v 0.04076110 0.03482160 0.54900002
v 0.04048186 0.03447146 0.54900002
v 0.02596863 0.01995823 0.50711489
v 0.03095635 0.02494594 0.51369464
v 0.03501819 0.02900778 0.52144390
v 0.03801960 0.03200919 0.53010595
v 0.03986116 0.03385075 0.53939390
v 0.02691487 0.02114343 0.50728512
v 0.02758998 0.02246774 0.50761783
v 0.02807036 0.02378394 0.50821859
v 0.02819117 0.02430980 0.50850314
v 0.02821303 0.02464746 0.50867826
v 0.02817130 0.02498932 0.50885057
v 0.03310508 0.02992310 0.51677078
v 0.03077285 0.02759087 0.51264292
v 0.02762400 0.02189369 0.50806427
v 0.02834750 0.02406108 0.50857437
v 0.02753430 0.02159480 0.50838548
v 0.02854441 0.02359893 0.50877899
v 0.02861702 0.02322368 0.50901240
v 0.02860431 0.02287400 0.50929195
v 0.02850691 0.02256742 0.50960356
v 0.03088515 0.02707378 0.51239580
v 0.03106538 0.02677896 0.51246816
v 0.03124853 0.02630305 0.51265305
v 0.03130545 0.02591211 0.51286399
v 0.03127395 0.02554364 0.51311660
v 0.03115560 0.02521611 0.51339823
v 0.03339104 0.02957968 0.51680017
v 0.03356633 0.02927991 0.51686382
v 0.03373682 0.02879134 0.51702642
v 0.03377929 0.02838596 0.51721203
v 0.03373050 0.02800019 0.51743424
v 0.03359288 0.02765338 0.51768196
v 0.03509642 0.03128505 0.52043015
v 0.03526833 0.03098191 0.52048659
v 0.03543020 0.03048473 0.52063096
v 0.03546285 0.03006952 0.52079558
v 0.03540229 0.02967198 0.52099276
v 0.03581640 0.03152998 0.52180088
v 0.03525155 0.02931205 0.52121252
v 0.03597550 0.03103003 0.52193856
v 0.03600499 0.03061165 0.52209562
v 0.03594063 0.03021033 0.52228367
v 0.03578567 0.02984617 0.52249336
v 0.03661439 0.03232797 0.52387959
v 0.03676945 0.03182398 0.52400672
v 0.03679433 0.03140099 0.52415180
v 0.03672445 0.03099415 0.52432549
v 0.03656334 0.03062384 0.52451909
v 0.03734826 0.03306183 0.52600503
v 0.03749960 0.03255413 0.52612138
v 0.03752024 0.03212690 0.52625418
v 0.03744529 0.03171499 0.52641320
v 0.03727852 0.03133903 0.52659041
v 0.03801663 0.03373021 0.52817321
v 0.03816460 0.03321912 0.52827859
v 0.03818137 0.03278804 0.52839887
v 0.03810180 0.03237150 0.52854288
v 0.03792988 0.03199039 0.52870345
v 0.03952582 0.03571445 0.53525454
v 0.03968897 0.03540255 0.53528172
v 0.03982848 0.03488300 0.53535116
v 0.03983559 0.03444226 0.53543037
v 0.03974446 0.03401415 0.53552520
v 0.03955964 0.03362015 0.53563094
v 0.04041605 0.03547058 0.53911048
v 0.04041976 0.03502643 0.53916788
v 0.04032455 0.03459424 0.53923661
v 0.04013518 0.03419569 0.53931320
v 0.04045104 0.03663968 0.54207200
v 0.04061237 0.03632595 0.54208571
v 0.04074720 0.03580172 0.54212070
v 0.04074898 0.03535565 0.54216063
v 0.04065146 0.03492116 0.54220843
v 0.04045953 0.03452004 0.54226172
v 0.03183001 -0.03564838 0.52174759
v 0.03196449 -0.03514647 0.52119607
v 0.03403455 -0.03785292 0.52813238
v 0.03336486 -0.03718324 0.52595991
v 0.03262956 -0.03644793 0.52383035
v 0.03453646 -0.03771844 0.52863789
v 0.03430327 -0.03778092 0.52836788
v 0.03729988 -0.04048186 0.54900002
v 0.03698954 -0.04017152 0.54206568
v 0.03606347 -0.03924545 0.53524202
v 0.03447146 -0.04048186 0.54900002
v 0.03482160 -0.04076110 0.54900002
v 0.03522511 -0.04095542 0.54900002
v 0.03566174 -0.04105508 0.54900002
v 0.03610960 -0.04105508 0.54900002
v 0.03654623 -0.04095542 0.54900002
v 0.03694974 -0.04076110 0.54900002
v 0.01995823 -0.02596863 0.50711489
v 0.02494594 -0.03095635 0.51369464
v 0.02900778 -0.03501819 0.52144390
v 0.03200919 -0.03801960 0.53010595
v 0.03385075 -0.03986116 0.53939390
v 0.02114343 -0.02691487 0.50728512
v 0.02246774 -0.02758998 0.50761783
v 0.02378394 -0.02807036 0.50821859
v 0.02430980 -0.02819117 0.50850314
v 0.02464746 -0.02821303 0.50867826
v 0.02498932 -0.02817130 0.50885057
v 0.02992310 -0.03310508 0.51677078
v 0.02759087 -0.03077285 0.51264292
v 0.02189369 -0.02762400 0.50806427
v 0.02406108 -0.02834750 0.50857437
v 0.02159480 -0.02753430 0.50838548
v 0.02359893 -0.02854441 0.50877899
v 0.02322368 -0.02861702 0.50901240
v 0.02287400 -0.02860431 0.50929195
v 0.02256742 -0.02850691 0.50960356
v 0.02707378 -0.03088515 0.51239580
v 0.02677896 -0.03106538 0.51246816
v 0.02630305 -0.03124853 0.51265305
v 0.02591211 -0.03130545 0.51286399
v 0.02554364 -0.03127395 0.51311660
v 0.02521611 -0.03115560 0.51339823
v 0.02957968 -0.03339104 0.51680017
v 0.02927991 -0.03356633 0.51686382
v 0.02879134 -0.03373682 0.51702642
v 0.02838596 -0.03377929 0.51721203
v 0.02800019 -0.03373050 0.51743424
v 0.02765338 -0.03359288 0.51768196
v 0.03128505 -0.03509642 0.52043015
v 0.03098191 -0.03526833 0.52048659
v 0.03048473 -0.03543020 0.52063096
v 0.03006952 -0.03546285 0.52079558
v 0.02967198 -0.03540229 0.52099276
v 0.03152998 -0.03581640 0.52180088
v 0.02931205 -0.03525155 0.52121252
v 0.03103003 -0.03597550 0.52193856
v 0.03061165 -0.03600499 0.52209562
v 0.03021033 -0.03594063 0.52228367
v 0.02984617 -0.03578567 0.52249336
v 0.03232797 -0.03661439 0.52387959
v 0.03182398 -0.03676945 0.52400672
v 0.03140099 -0.03679433 0.52415180
v 0.03099415 -0.03672445 0.52432549
v 0.03062384 -0.03656334 0.52451909
v 0.03306183 -0.03734826 0.52600503
v 0.03255413 -0.03749960 0.52612138
v 0.03212690 -0.03752024 0.52625418
v 0.03171499 -0.03744529 0.52641320
v 0.03133903 -0.03727852 0.52659041
v 0.03373021 -0.03801663 0.52817321
v 0.03321912 -0.03816460 0.52827859
v 0.03278804 -0.03818137 0.52839887
v 0.03237150 -0.03810180 0.52854288
v 0.03199039 -0.03792988 0.52870345
v 0.03571445 -0.03952582 0.53525454
v 0.03540255 -0.03968897 0.53528172
v 0.03488300 -0.03982848 0.53535116
v 0.03444226 -0.03983559 0.53543037
v 0.03401415 -0.03974446 0.53552520
v 0.03362015 -0.03955964 0.53563094
v 0.03547058 -0.04041605 0.53911048
v 0.03502643 -0.04041976 0.53916788
v 0.03459424 -0.04032455 0.53923661
v 0.03419569 -0.04013518 0.53931320
v 0.03663968 -0.04045104 0.54207200
v 0.03632595 -0.04061237 0.54208571
v 0.03580172 -0.04074720 0.54212070
v 0.03535565 -0.04074898 0.54216063
v 0.03492116 -0.04065146 0.54220843
v 0.03452004 -0.04045953 0.54226172
v 0.03447146 -0.04048186 0.56900001
v 0.03482160 -0.04076110 0.56900001
v 0.03522511 -0.04095542 0.56900001
v 0.03566174 -0.04105508 0.56900001
v 0.03610960 -0.04105508 0.56900001
v 0.03654623 -0.04095542 0.56900001
v 0.03694974 -0.04076110 0.56900001
v 0.03729988 -0.04048186 0.56900001
v 0.03447146 -0.04048186 0.54900002
v 0.03482160 -0.04076110 0.54900002
v 0.03522511 -0.04095542 0.54900002
v 0.03566174 -0.04105508 0.54900002
v 0.03610960 -0.04105508 0.54900002
v 0.03654623 -0.04095542 0.54900002
v 0.03694974 -0.04076110 0.54900002
v 0.03729988 -0.04048186 0.54900002
v 0.03785292 -0.03403455 0.52813238
v 0.03778092 -0.03430327 0.52836788
v 0.03771844 -0.03453646 0.52863789
v 0.03564838 -0.03183001 0.52174759
v 0.03644793 -0.03262956 0.52383035
v 0.03718324 -0.03336486 0.52595991
v 0.03514647 -0.03196449 0.52119607
v 0.02817130 -0.02498932 0.50885057
v 0.03077285 -0.02759087 0.51264292
v 0.03310508 -0.02992310 0.51677078
v 0.02821316 -0.02458243 0.50864494
v 0.02816978 -0.02417916 0.50843388
v 0.02807036 -0.02378394 0.50821859
v 0.02758999 -0.02246778 0.50761783
v 0.02691494 -0.02114356 0.50728518
v 0.02596863 -0.01995823 0.50711489
v 0.04048186 -0.03447146 0.54900002
v 0.03986116 -0.03385075 0.53939390
v 0.03801960 -0.03200919 0.53010595
v 0.03501819 -0.02900778 0.52144390
v 0.03095635 -0.02494594 0.51369464
v 0.04048186 -0.03729988 0.54900002
v 0.04076110 -0.03694974 0.54900002
v 0.04095542 -0.03654623 0.54900002
v 0.04105508 -0.03610960 0.54900002
v 0.04105508 -0.03566174 0.54900002
v 0.04095542 -0.03522511 0.54900002
v 0.04076110 -0.03482160 0.54900002
v 0.03924545 -0.03606347 0.53524202
v 0.04017152 -0.03698954 0.54206568
v 0.04045104 -0.03663968 0.54207200
v 0.04061237 -0.03632595 0.54208571
v 0.04074720 -0.03580172 0.54212070
v 0.04074898 -0.03535565 0.54216063
v 0.04065146 -0.03492116 0.54220843
v 0.04045953 -0.03452004 0.54226172
v 0.04041605 -0.03547058 0.53911048
v 0.04041976 -0.03502643 0.53916788
v 0.04032455 -0.03459424 0.53923661
v 0.04013518 -0.03419569 0.53931320
v 0.03952582 -0.03571445 0.53525454
v 0.03968897 -0.03540255 0.53528172
v 0.03982848 -0.03488300 0.53535116
v 0.03983559 -0.03444226 0.53543037
v 0.03974446 -0.03401415 0.53552520
v 0.03955964 -0.03362015 0.53563094
v 0.03820825 -0.03439688 0.52941084
v 0.03837401 -0.03408759 0.52944958
v 0.03852016 -0.03357469 0.52954853
v 0.03853488 -0.03314154 0.52966142
v 0.03845284 -0.03272253 0.52979660
v 0.03827816 -0.03233866 0.52994734
v 0.03734826 -0.03306183 0.52600503
v 0.03749960 -0.03255413 0.52612138
v 0.03752024 -0.03212690 0.52625418
v 0.03744529 -0.03171499 0.52641320
v 0.03727852 -0.03133903 0.52659041
v 0.03661439 -0.03232797 0.52387959
v 0.03676945 -0.03182398 0.52400672
v 0.03679433 -0.03140099 0.52415180
v 0.03672445 -0.03099415 0.52432549
v 0.03656334 -0.03062384 0.52451909
v 0.03581640 -0.03152998 0.52180088
v 0.03597550 -0.03103003 0.52193856
v 0.03600499 -0.03061165 0.52209562
v 0.03594063 -0.03021033 0.52228367
v 0.03526833 -0.03098191 0.52048659
v 0.03578567 -0.02984617 0.52249336
v 0.03543020 -0.03048473 0.52063096
v 0.03546285 -0.03006952 0.52079558
v 0.03540229 -0.02967198 0.52099276
v 0.03525155 -0.02931205 0.52121252
v 0.03339104 -0.02957968 0.51680017
v 0.03356633 -0.02927991 0.51686382
v 0.03373682 -0.02879134 0.51702642
v 0.03377929 -0.02838596 0.51721203
v 0.03373050 -0.02800019 0.51743424
v 0.03359288 -0.02765338 0.51768196
v 0.03106094 -0.02724957 0.51267606
v 0.03124083 -0.02695441 0.51274788
v 0.03142309 -0.02647761 0.51293135
v 0.03147899 -0.02608566 0.51314068
v 0.03144627 -0.02571597 0.51339138
v 0.03132658 -0.02538709 0.51367080
v 0.02846176 -0.02465039 0.50888723
v 0.02864679 -0.02436036 0.50896651
v 0.02884217 -0.02389670 0.50916910
v 0.02891306 -0.02351972 0.50940031
v 0.02889828 -0.02316797 0.50967711
v 0.02879858 -0.02285908 0.50998569
v 0.02762402 -0.02189372 0.50806427
v 0.02753432 -0.02159483 0.50838554
v 0.04048186 -0.03729988 0.56900001
v 0.04076110 -0.03694974 0.56900001
v 0.04095542 -0.03654623 0.56900001
v 0.04105508 -0.03610960 0.56900001
v 0.04105508 -0.03566174 0.56900001
v 0.04095542 -0.03522511 0.56900001
v 0.04076110 -0.03482160 0.56900001
v 0.04048186 -0.03447146 0.56900001
v 0.04048186 -0.03729988 0.54900002
v 0.04076110 -0.03694974 0.54900002
v 0.04095542 -0.03654623 0.54900002
v 0.04105508 -0.03610960 0.54900002
v 0.04105508 -0.03566174 0.54900002
v 0.04095542 -0.03522511 0.54900002
v 0.04076110 -0.03482160 0.54900002
v 0.04048186 -0.03447146 0.54900002
v 0.00808148 0.00000000 0.50713825
v 0.00820171 0.00108998 0.50726396
v 0.00856643 0.00214860 0.50743484
v 0.00894030 0.00280323 0.50757384
v 0.00954594 0.00353553 0.50777501
v 0.00974375 0.00332267 0.50676155
v 0.01009666 0.00294291 0.50584346
v 0.01058529 0.00241710 0.50507128
v 0.01118282 0.00177410 0.50448728
v 0.01185646 0.00104920 0.50412351
v 0.01256922 0.00028220 0.50400001
v 0.01249013 0.00019570 0.50400001
v 0.01242963 0.00010081 0.50400001
v 0.01238931 0.00000000 0.50400001
v 0.01144357 -0.00000000 0.50409764
v 0.01054115 -0.00000000 0.50438970
v 0.00972073 0.00000000 0.50486374
v 0.00901725 0.00000000 0.50549966
v 0.00846234 0.00000000 0.50626957
v 0.01151439 0.00550398 0.50849998
v 0.01086218 0.00485177 0.50823730
v 0.01020591 0.00419551 0.50799561
v 0.00954594 0.00353553 0.50777501
v 0.01159417 0.00542420 0.50749868
v 0.01182950 0.00518887 0.50654751
v 0.01220860 0.00480977 0.50569427
v 0.01271244 0.00430593 0.50498176
v 0.01331576 0.00370261 0.50444561
v 0.01398831 0.00303006 0.50411284
v 0.01469637 0.00232200 0.50400001
v 0.01256922 0.00028220 0.50400001
v 0.00974375 0.00332267 0.50676155
v 0.01009666 0.00294291 0.50584346
v 0.01058529 0.00241710 0.50507128
v 0.01118282 0.00177410 0.50448728
v 0.01185646 0.00104920 0.50412351
v 0.01122538 0.00313323 0.50514531
v 0.01238931 0.00000000 0.50400001
v 0.01242963 -0.00010081 0.50400001
v 0.01249013 -0.00019570 0.50400001
v 0.01256922 -0.00028220 0.50400001
v 0.01185646 -0.00104920 0.50412351
v 0.01118282 -0.00177410 0.50448728
v 0.01058529 -0.00241710 0.50507128
v 0.01009666 -0.00294291 0.50584346
v 0.00974375 -0.00332267 0.50676155
v 0.00954594 -0.00353553 0.50777501
v 0.00880161 -0.00258650 0.50752425
v 0.00842208 -0.00181381 0.50737458
v 0.00820943 -0.00112404 0.50726867
v 0.00811405 -0.00056619 0.50719821
v 0.00808148 0.00000000 0.50713825
v 0.01144357 -0.00000000 0.50409764
v 0.01054115 -0.00000000 0.50438970
v 0.00972073 0.00000000 0.50486374
v 0.00901725 0.00000000 0.50549966
v 0.00846234 0.00000000 0.50626957
v 0.01151439 0.00550398 0.50849998
v 0.02131802 0.01530761 0.50849998
v 0.02139780 0.01522783 0.50749868
v 0.02163314 0.01499250 0.50654751
v 0.02201223 0.01461340 0.50569427
v 0.02251607 0.01410956 0.50498176
v 0.02311939 0.01350624 0.50444561
v 0.02379194 0.01283369 0.50411284
v 0.02450000 0.01212563 0.50400001
v 0.01469637 0.00232200 0.50400001
v 0.01159417 0.00542420 0.50749868
v 0.01182950 0.00518887 0.50654751
v 0.01220860 0.00480977 0.50569427
v 0.01271244 0.00430593 0.50498176
v 0.01331576 0.00370261 0.50444561
v 0.01398831 0.00303006 0.50411284
v 0.01256922 -0.00028220 0.50400001
v 0.01469637 -0.00232200 0.50400001
v 0.01398831 -0.00303006 0.50411284
v 0.01331576 -0.00370261 0.50444561
v 0.01271244 -0.00430593 0.50498176
v 0.01220860 -0.00480977 0.50569427
v 0.01182950 -0.00518887 0.50654751
v 0.01159417 -0.00542420 0.50749868
v 0.01151439 -0.00550398 0.50849998
v 0.01086218 -0.00485177 0.50823730
v 0.01020591 -0.00419551 0.50799561
v 0.00954594 -0.00353553 0.50777501
v 0.01185646 -0.00104920 0.50412351
v 0.01118282 -0.00177410 0.50448728
v 0.01058529 -0.00241710 0.50507128
v 0.01009666 -0.00294291 0.50584346
v 0.00974375 -0.00332267 0.50676155
v 0.01122538 -0.00313323 0.50514531
v 0.02131802 0.01530761 0.50849998
v 0.02347917 0.01746876 0.50822067
v 0.02477485 0.01876444 0.50776517
v 0.02596863 0.01995823 0.50711489
v 0.02574541 0.01956051 0.50616491
v 0.02570891 0.01901012 0.50526708
v 0.02586115 0.01833723 0.50447053
v 0.02619376 0.01757874 0.50381899
v 0.02668853 0.01677625 0.50334817
v 0.02564171 0.01455177 0.50383359
v 0.02450000 0.01212563 0.50400001
v 0.02139780 0.01522783 0.50749868
v 0.02163314 0.01499250 0.50654751
v 0.02201223 0.01461340 0.50569427
v 0.02251607 0.01410956 0.50498176
v 0.02311939 0.01350624 0.50444561
v 0.02379194 0.01283369 0.50411284
v 0.02404536 0.01660427 0.50536460
v 0.01469637 -0.00232200 0.50400001
v 0.02450000 -0.01212563 0.50400001
v 0.02379194 -0.01283369 0.50411284
v 0.02311939 -0.01350624 0.50444561
v 0.02251607 -0.01410956 0.50498176
v 0.02201223 -0.01461340 0.50569427
v 0.02163314 -0.01499250 0.50654751
v 0.02139780 -0.01522783 0.50749868
v 0.02131802 -0.01530761 0.50849998
v 0.01151439 -0.00550398 0.50849998
v 0.01398831 -0.00303006 0.50411284
v 0.01331576 -0.00370261 0.50444561
v 0.01271244 -0.00430593 0.50498176
v 0.01220860 -0.00480977 0.50569427
v 0.01182950 -0.00518887 0.50654751
v 0.01159417 -0.00542420 0.50749868
v 0.02596863 0.01995823 0.50711489
v 0.02691487 0.02114343 0.50728512
v 0.02758998 0.02246774 0.50761783
v 0.02807036 0.02378394 0.50821859
v 0.02742620 0.02382975 0.50737733
v 0.02699561 0.02391278 0.50641173
v 0.02680250 0.02402843 0.50537539
v 0.02685759 0.02417027 0.50432581
v 0.02715783 0.02433043 0.50332141
v 0.02768655 0.02450000 0.50241786
v 0.02769231 0.02185267 0.50241023
v 0.02742461 0.01923962 0.50272888
v 0.02713505 0.01797476 0.50300944
v 0.02668853 0.01677625 0.50334817
v 0.02574541 0.01956051 0.50616491
v 0.02570891 0.01901012 0.50526708
v 0.02586115 0.01833723 0.50447053
v 0.02619376 0.01757874 0.50381899
v 0.02628181 0.01981936 0.50484890
v 0.02664719 0.02113543 0.50488394
v 0.02682605 0.02258427 0.50504714
v 0.02450000 -0.01212563 0.50400001
v 0.02564171 -0.01455177 0.50383359
v 0.02668853 -0.01677625 0.50334817
v 0.02619376 -0.01757874 0.50381899
v 0.02586115 -0.01833723 0.50447053
v 0.02570891 -0.01901012 0.50526708
v 0.02574541 -0.01956051 0.50616491
v 0.02596863 -0.01995823 0.50711489
v 0.02452240 -0.01851199 0.50787270
v 0.02294313 -0.01693272 0.50834310
v 0.02131802 -0.01530761 0.50849998
v 0.02379194 -0.01283369 0.50411284
v 0.02311939 -0.01350624 0.50444561
v 0.02251607 -0.01410956 0.50498176
v 0.02201223 -0.01461340 0.50569427
v 0.02163314 -0.01499250 0.50654751
v 0.02139780 -0.01522783 0.50749868
v 0.02404536 -0.01660427 0.50536460
v 0.02807036 0.02378394 0.50821859
v 0.02819117 0.02430980 0.50850314
v 0.02821303 0.02464746 0.50867826
v 0.02817130 0.02498932 0.50885057
v 0.02754207 0.02473358 0.50811130
v 0.02705241 0.02459880 0.50724530
v 0.02672667 0.02459171 0.50629574
v 0.02658108 0.02471264 0.50530982
v 0.02662287 0.02495559 0.50433660
v 0.02684997 0.02530846 0.50342458
v 0.02725108 0.02575368 0.50261915
v 0.02746510 0.02536088 0.50254291
v 0.02760967 0.02493987 0.50247723
v 0.02768655 0.02450000 0.50241786
v 0.02742620 0.02382975 0.50737733
v 0.02699561 0.02391278 0.50641173
v 0.02680250 0.02402843 0.50537539
v 0.02685759 0.02417027 0.50432581
v 0.02715783 0.02433043 0.50332141
v 0.02668853 -0.01677625 0.50334817
v 0.02732987 -0.01875292 0.50282699
v 0.02762878 -0.02084911 0.50249213
v 0.02771577 -0.02267257 0.50237888
v 0.02768655 -0.02450000 0.50241786
v 0.02715783 -0.02433043 0.50332141
v 0.02685759 -0.02417027 0.50432581
v 0.02680250 -0.02402843 0.50537539
v 0.02699561 -0.02391278 0.50641173
v 0.02742620 -0.02382975 0.50737733
v 0.02807036 -0.02378394 0.50821859
v 0.02758999 -0.02246778 0.50761783
v 0.02691494 -0.02114356 0.50728518
v 0.02596863 -0.01995823 0.50711489
v 0.02619376 -0.01757874 0.50381899
v 0.02586115 -0.01833723 0.50447053
v 0.02570891 -0.01901012 0.50526708
v 0.02574541 -0.01956051 0.50616491
v 0.02676189 -0.02185394 0.50494564
v 0.02628266 -0.01982167 0.50484890
v 0.02817130 0.02498932 0.50885057
v 0.02724614 0.02617106 0.50902116
v 0.02617702 0.02724052 0.50902146
v 0.02498932 0.02817130 0.50885057
v 0.02473358 0.02754207 0.50811130
v 0.02459880 0.02705241 0.50724530
v 0.02459171 0.02672667 0.50629574
v 0.02471264 0.02658108 0.50530982
v 0.02495559 0.02662287 0.50433660
v 0.02530846 0.02684997 0.50342458
v 0.02575368 0.02725108 0.50261915
v 0.02631747 0.02681814 0.50270611
v 0.02682105 0.02631412 0.50270587
v 0.02725108 0.02575368 0.50261915
v 0.02754207 0.02473358 0.50811130
v 0.02705241 0.02459880 0.50724530
v 0.02672667 0.02459171 0.50629574
v 0.02658108 0.02471264 0.50530982
v 0.02662287 0.02495559 0.50433660
v 0.02684997 0.02530846 0.50342458
v 0.02573188 0.02573007 0.50592303
v 0.02768655 -0.02450000 0.50241786
v 0.02760868 -0.02494332 0.50247777
v 0.02746395 -0.02536405 0.50254339
v 0.02725108 -0.02575368 0.50261915
v 0.02684997 -0.02530846 0.50342458
v 0.02662287 -0.02495559 0.50433660
v 0.02658108 -0.02471264 0.50530982
v 0.02672667 -0.02459171 0.50629574
v 0.02705241 -0.02459880 0.50724530
v 0.02754207 -0.02473358 0.50811130
v 0.02817130 -0.02498932 0.50885057
v 0.02821316 -0.02458243 0.50864494
v 0.02816978 -0.02417916 0.50843388
v 0.02807036 -0.02378394 0.50821859
v 0.02715783 -0.02433043 0.50332141
v 0.02685759 -0.02417027 0.50432581
v 0.02680250 -0.02402843 0.50537539
v 0.02699561 -0.02391278 0.50641173
v 0.02742620 -0.02382975 0.50737733
v 0.02498932 0.02817130 0.50885057
v 0.02458243 0.02821316 0.50864494
v 0.02417916 0.02816978 0.50843388
v 0.02378394 0.02807036 0.50821859
v 0.02382975 0.02742620 0.50737733
v 0.02391278 0.02699561 0.50641173
v 0.02402843 0.02680250 0.50537539
v 0.02417027 0.02685759 0.50432581
v 0.02433043 0.02715783 0.50332141
v 0.02450000 0.02768655 0.50241786
v 0.02494332 0.02760868 0.50247777
v 0.02536405 0.02746395 0.50254339
v 0.02575368 0.02725108 0.50261915
v 0.02473358 0.02754207 0.50811130
v 0.02459880 0.02705241 0.50724530
v 0.02459171 0.02672667 0.50629574
v 0.02471264 0.02658108 0.50530982
v 0.02495559 0.02662287 0.50433660
v 0.02530846 0.02684997 0.50342458
v 0.02725108 -0.02575368 0.50261915
v 0.02681814 -0.02631747 0.50270611
v 0.02631412 -0.02682105 0.50270587
v 0.02575368 -0.02725108 0.50261915
v 0.02530846 -0.02684997 0.50342458
v 0.02495559 -0.02662287 0.50433660
v 0.02471264 -0.02658108 0.50530982
v 0.02459171 -0.02672667 0.50629574
v 0.02459880 -0.02705241 0.50724530
v 0.02473358 -0.02754207 0.50811130
v 0.02498932 -0.02817130 0.50885057
v 0.02617106 -0.02724614 0.50902116
v 0.02724052 -0.02617702 0.50902146
v 0.02817130 -0.02498932 0.50885057
v 0.02684997 -0.02530846 0.50342458
v 0.02662287 -0.02495559 0.50433660
v 0.02658108 -0.02471264 0.50530982
v 0.02672667 -0.02459171 0.50629574
v 0.02705241 -0.02459880 0.50724530
v 0.02754207 -0.02473358 0.50811130
v 0.02573007 -0.02573188 0.50592303
v 0.02378394 0.02807036 0.50821859
v 0.02246778 0.02758999 0.50761783
v 0.02114356 0.02691494 0.50728518
v 0.01995823 0.02596863 0.50711489
v 0.01956051 0.02574541 0.50616491
v 0.01901012 0.02570891 0.50526708
v 0.01833723 0.02586115 0.50447053
v 0.01757874 0.02619376 0.50381899
v 0.01677625 0.02668853 0.50334817
v 0.01875292 0.02732987 0.50282699
v 0.02084911 0.02762878 0.50249213
v 0.02267257 0.02771577 0.50237888
v 0.02450000 0.02768655 0.50241786
v 0.02382975 0.02742620 0.50737733
v 0.02391278 0.02699561 0.50641173
v 0.02402843 0.02680250 0.50537539
v 0.02417027 0.02685759 0.50432581
v 0.02433043 0.02715783 0.50332141
v 0.02185394 0.02676189 0.50494564
v 0.01982167 0.02628266 0.50484890
v 0.02575368 -0.02725108 0.50261915
v 0.02536088 -0.02746510 0.50254291
v 0.02493987 -0.02760967 0.50247723
v 0.02450000 -0.02768655 0.50241786
v 0.02433043 -0.02715783 0.50332141
v 0.02417027 -0.02685759 0.50432581
v 0.02402843 -0.02680250 0.50537539
v 0.02391278 -0.02699561 0.50641173
v 0.02382975 -0.02742620 0.50737733
v 0.02378394 -0.02807036 0.50821859
v 0.02430980 -0.02819117 0.50850314
v 0.02464746 -0.02821303 0.50867826
v 0.02498932 -0.02817130 0.50885057
v 0.02530846 -0.02684997 0.50342458
v 0.02495559 -0.02662287 0.50433660
v 0.02471264 -0.02658108 0.50530982
v 0.02459171 -0.02672667 0.50629574
v 0.02459880 -0.02705241 0.50724530
v 0.02473358 -0.02754207 0.50811130
v 0.01995823 0.02596863 0.50711489
v 0.01851199 0.02452240 0.50787270
v 0.01693272 0.02294313 0.50834310
v 0.01530761 0.02131802 0.50849998
v 0.01522783 0.02139780 0.50749868
v 0.01499250 0.02163314 0.50654751
v 0.01461340 0.02201223 0.50569427
v 0.01410956 0.02251607 0.50498176
v 0.01350624 0.02311939 0.50444561
v 0.01283369 0.02379194 0.50411284
v 0.01212563 0.02450000 0.50400001
v 0.01455177 0.02564171 0.50383359
v 0.01677625 0.02668853 0.50334817
v 0.01956051 0.02574541 0.50616491
v 0.01901012 0.02570891 0.50526708
v 0.01833723 0.02586115 0.50447053
v 0.01757874 0.02619376 0.50381899
v 0.01660427 0.02404536 0.50536460
v 0.02450000 -0.02768655 0.50241786
v 0.02185267 -0.02769231 0.50241023
v 0.01923962 -0.02742461 0.50272888
v 0.01797476 -0.02713505 0.50300944
v 0.01677625 -0.02668853 0.50334817
v 0.01757874 -0.02619376 0.50381899
v 0.01833723 -0.02586115 0.50447053
v 0.01901012 -0.02570891 0.50526708
v 0.01956051 -0.02574541 0.50616491
v 0.01995823 -0.02596863 0.50711489
v 0.02114343 -0.02691487 0.50728512
v 0.02246774 -0.02758998 0.50761783
v 0.02378394 -0.02807036 0.50821859
v 0.02433043 -0.02715783 0.50332141
v 0.02417027 -0.02685759 0.50432581
v 0.02402843 -0.02680250 0.50537539
v 0.02391278 -0.02699561 0.50641173
v 0.02382975 -0.02742620 0.50737733
v 0.01981936 -0.02628181 0.50484890
v 0.02113543 -0.02664719 0.50488394
v 0.02258427 -0.02682605 0.50504714
v 0.01530761 0.02131802 0.50849998
v 0.00550398 0.01151439 0.50849998
v 0.00542420 0.01159417 0.50749868
v 0.00518887 0.01182950 0.50654751
v 0.00480977 0.01220860 0.50569427
v 0.00430593 0.01271244 0.50498176
v 0.00370261 0.01331576 0.50444561
v 0.00303006 0.01398831 0.50411284
v 0.00232200 0.01469637 0.50400001
v 0.01212563 0.02450000 0.50400001
v 0.01522783 0.02139780 0.50749868
v 0.01499250 0.02163314 0.50654751
v 0.01461340 0.02201223 0.50569427
v 0.01410956 0.02251607 0.50498176
v 0.01350624 0.02311939 0.50444561
v 0.01283369 0.02379194 0.50411284
v 0.01677625 -0.02668853 0.50334817
v 0.01455177 -0.02564171 0.50383359
v 0.01212563 -0.02450000 0.50400001
v 0.01283369 -0.02379194 0.50411284
v 0.01350624 -0.02311939 0.50444561
v 0.01410956 -0.02251607 0.50498176
v 0.01461340 -0.02201223 0.50569427
v 0.01499250 -0.02163314 0.50654751
v 0.01522783 -0.02139780 0.50749868
v 0.01530761 -0.02131802 0.50849998
v 0.01746876 -0.02347917 0.50822067
v 0.01876444 -0.02477485 0.50776517
v 0.01995823 -0.02596863 0.50711489
v 0.01757874 -0.02619376 0.50381899
v 0.01833723 -0.02586115 0.50447053
v 0.01901012 -0.02570891 0.50526708
v 0.01956051 -0.02574541 0.50616491
v 0.01660427 -0.02404536 0.50536460
v 0.00550398 0.01151439 0.50849998
v 0.00485177 0.01086218 0.50823730
v 0.00419551 0.01020591 0.50799561
v 0.00353553 0.00954594 0.50777501
v 0.00332267 0.00974375 0.50676155
v 0.00294291 0.01009666 0.50584346
v 0.00241710 0.01058529 0.50507128
v 0.00177410 0.01118282 0.50448728
v 0.00104920 0.01185646 0.50412351
v 0.00028220 0.01256922 0.50400001
v 0.00232200 0.01469637 0.50400001
v 0.00542420 0.01159417 0.50749868
v 0.00518887 0.01182950 0.50654751
v 0.00480977 0.01220860 0.50569427
v 0.00430593 0.01271244 0.50498176
v 0.00370261 0.01331576 0.50444561
v 0.00303006 0.01398831 0.50411284
v 0.00313323 0.01122538 0.50514531
v 0.01212563 -0.02450000 0.50400001
v 0.00232200 -0.01469637 0.50400001
v 0.00303006 -0.01398831 0.50411284
v 0.00370261 -0.01331576 0.50444561
v 0.00430593 -0.01271244 0.50498176
v 0.00480977 -0.01220860 0.50569427
v 0.00518887 -0.01182950 0.50654751
v 0.00542420 -0.01159417 0.50749868
v 0.00550398 -0.01151439 0.50849998
v 0.01530761 -0.02131802 0.50849998
v 0.01283369 -0.02379194 0.50411284
v 0.01350624 -0.02311939 0.50444561
v 0.01410956 -0.02251607 0.50498176
v 0.01461340 -0.02201223 0.50569427
v 0.01499250 -0.02163314 0.50654751
v 0.01522783 -0.02139780 0.50749868
v 0.00353553 0.00954594 0.50777501
v 0.00258650 0.00880161 0.50752425
v 0.00181381 0.00842208 0.50737458
v 0.00112404 0.00820943 0.50726867
v 0.00056619 0.00811405 0.50719821
v -0.00000000 0.00808148 0.50713825
v -0.00000000 0.00846234 0.50626957
v -0.00000000 0.00901725 0.50549966
v -0.00000000 0.00972073 0.50486374
v 0.00000000 0.01054115 0.50438970
v 0.00000000 0.01144357 0.50409764
v -0.00000000 0.01238931 0.50400001
v 0.00010081 0.01242963 0.50400001
v 0.00019570 0.01249013 0.50400001
v 0.00028220 0.01256922 0.50400001
v 0.00332267 0.00974375 0.50676155
v 0.00294291 0.01009666 0.50584346
v 0.00241710 0.01058529 0.50507128
v 0.00177410 0.01118282 0.50448728
v 0.00104920 0.01185646 0.50412351
v 0.00232200 -0.01469637 0.50400001
v 0.00028220 -0.01256922 0.50400001
v 0.00104920 -0.01185646 0.50412351
v 0.00177410 -0.01118282 0.50448728
v 0.00241710 -0.01058529 0.50507128
v 0.00294291 -0.01009666 0.50584346
v 0.00332267 -0.00974375 0.50676155
v 0.00353553 -0.00954594 0.50777501
v 0.00419551 -0.01020591 0.50799561
v 0.00485177 -0.01086218 0.50823730
v 0.00550398 -0.01151439 0.50849998
v 0.00303006 -0.01398831 0.50411284
v 0.00370261 -0.01331576 0.50444561
v 0.00430593 -0.01271244 0.50498176
v 0.00480977 -0.01220860 0.50569427
v 0.00518887 -0.01182950 0.50654751
v 0.00542420 -0.01159417 0.50749868
v 0.00313323 -0.01122538 0.50514531
v -0.00000000 0.00808148 0.50713825
v -0.00108998 0.00820171 0.50726396
v -0.00214860 0.00856643 0.50743484
v -0.00280323 0.00894030 0.50757384
v -0.00353553 0.00954594 0.50777501
v -0.00332267 0.00974375 0.50676155
v -0.00294291 0.01009666 0.50584346
v -0.00241710 0.01058529 0.50507128
v -0.00177410 0.01118282 0.50448728
v -0.00104920 0.01185646 0.50412351
v -0.00028220 0.01256922 0.50400001
v -0.00019570 0.01249013 0.50400001
v -0.00010081 0.01242963 0.50400001
v -0.00000000 0.01238931 0.50400001
v -0.00000000 0.00846234 0.50626957
v -0.00000000 0.00901725 0.50549966
v -0.00000000 0.00972073 0.50486374
v 0.00000000 0.01054115 0.50438970
v 0.00000000 0.01144357 0.50409764
v 0.00028220 -0.01256922 0.50400001
v 0.00019570 -0.01249013 0.50400001
v 0.00010081 -0.01242963 0.50400001
v 0.00000000 -0.01238931 0.50400001
v -0.00000000 -0.01144357 0.50409764
v -0.00000000 -0.01054115 0.50438970
v 0.00000000 -0.00972073 0.50486374
v 0.00000000 -0.00901725 0.50549966
v 0.00000000 -0.00846234 0.50626957
v 0.00000000 -0.00808148 0.50713825
v 0.00108998 -0.00820171 0.50726396
v 0.00214860 -0.00856643 0.50743484
v 0.00280323 -0.00894030 0.50757384
v 0.00353553 -0.00954594 0.50777501
v 0.00104920 -0.01185646 0.50412351
v 0.00177410 -0.01118282 0.50448728
v 0.00241710 -0.01058529 0.50507128
v 0.00294291 -0.01009666 0.50584346
v 0.00332267 -0.00974375 0.50676155
v -0.00550398 0.01151439 0.50849998
v -0.00485177 0.01086218 0.50823730
v -0.00419551 0.01020591 0.50799561
v -0.00353553 0.00954594 0.50777501
v -0.00542420 0.01159417 0.50749868
v -0.00518887 0.01182950 0.50654751
v -0.00480977 0.01220860 0.50569427
v -0.00430593 0.01271244 0.50498176
v -0.00370261 0.01331576 0.50444561
v -0.00303006 0.01398831 0.50411284
v -0.00232200 0.01469637 0.50400001
v -0.00028220 0.01256922 0.50400001
v -0.00332267 0.00974375 0.50676155
v -0.00294291 0.01009666 0.50584346
v -0.00241710 0.01058529 0.50507128
v -0.00177410 0.01118282 0.50448728
v -0.00104920 0.01185646 0.50412351
v -0.00313323 0.01122538 0.50514531
v 0.00000000 -0.01238931 0.50400001
v -0.00010081 -0.01242963 0.50400001
v -0.00019570 -0.01249013 0.50400001
v -0.00028220 -0.01256922 0.50400001
v -0.00104920 -0.01185646 0.50412351
v -0.00177410 -0.01118282 0.50448728
v -0.00241710 -0.01058529 0.50507128
v -0.00294291 -0.01009666 0.50584346
v -0.00332267 -0.00974375 0.50676155
v -0.00353553 -0.00954594 0.50777501
v -0.00258650 -0.00880161 0.50752425
v -0.00181381 -0.00842208 0.50737458
v -0.00112404 -0.00820943 0.50726867
v -0.00056619 -0.00811405 0.50719821
v 0.00000000 -0.00808148 0.50713825
v -0.00000000 -0.01144357 0.50409764
v -0.00000000 -0.01054115 0.50438970
v 0.00000000 -0.00972073 0.50486374
v 0.00000000 -0.00901725 0.50549966
v 0.00000000 -0.00846234 0.50626957
v -0.00550398 0.01151439 0.50849998
v -0.01530761 0.02131802 0.50849998
v -0.01522783 0.02139780 0.50749868
v -0.01499250 0.02163314 0.50654751
v -0.01461340 0.02201223 0.50569427
v -0.01410956 0.02251607 0.50498176
v -0.01350624 0.02311939 0.50444561
v -0.01283369 0.02379194 0.50411284
v -0.01212563 0.02450000 0.50400001
v -0.00232200 0.01469637 0.50400001
v -0.00542420 0.01159417 0.50749868
v -0.00518887 0.01182950 0.50654751
v -0.00480977 0.01220860 0.50569427
v -0.00430593 0.01271244 0.50498176
v -0.00370261 0.01331576 0.50444561
v -0.00303006 0.01398831 0.50411284
v -0.00028220 -0.01256922 0.50400001
v -0.00232200 -0.01469637 0.50400001
v -0.00303006 -0.01398831 0.50411284
v -0.00370261 -0.01331576 0.50444561
v -0.00430593 -0.01271244 0.50498176
v -0.00480977 -0.01220860 0.50569427
v -0.00518887 -0.01182950 0.50654751
v -0.00542420 -0.01159417 0.50749868
v -0.00550398 -0.01151439 0.50849998
v -0.00485177 -0.01086218 0.50823730
v -0.00419551 -0.01020591 0.50799561
v -0.00353553 -0.00954594 0.50777501
v -0.00104920 -0.01185646 0.50412351
v -0.00177410 -0.01118282 0.50448728
v -0.00241710 -0.01058529 0.50507128
v -0.00294291 -0.01009666 0.50584346
v -0.00332267 -0.00974375 0.50676155
v -0.00313323 -0.01122538 0.50514531
v -0.01530761 0.02131802 0.50849998
v -0.01746876 0.02347917 0.50822067
v -0.01876444 0.02477485 0.50776517
v -0.01995823 0.02596863 0.50711489
v -0.01956051 0.02574541 0.50616491
v -0.01901012 0.02570891 0.50526708
v -0.01833723 0.02586115 0.50447053
v -0.01757874 0.02619376 0.50381899
v -0.01677625 0.02668853 0.50334817
v -0.01455177 0.02564171 0.50383359
v -0.01212563 0.02450000 0.50400001
v -0.01522783 0.02139780 0.50749868
v -0.01499250 0.02163314 0.50654751
v -0.01461340 0.02201223 0.50569427
v -0.01410956 0.02251607 0.50498176
v -0.01350624 0.02311939 0.50444561
v -0.01283369 0.02379194 0.50411284
v -0.01660427 0.02404536 0.50536460
v -0.00232200 -0.01469637 0.50400001
v -0.01212563 -0.02450000 0.50400001
v -0.01283369 -0.02379194 0.50411284
v -0.01350624 -0.02311939 0.50444561
v -0.01410956 -0.02251607 0.50498176
v -0.01461340 -0.02201223 0.50569427
v -0.01499250 -0.02163314 0.50654751
v -0.01522783 -0.02139780 0.50749868
v -0.01530761 -0.02131802 0.50849998
v -0.00550398 -0.01151439 0.50849998
v -0.00303006 -0.01398831 0.50411284
v -0.00370261 -0.01331576 0.50444561
v -0.00430593 -0.01271244 0.50498176
v -0.00480977 -0.01220860 0.50569427
v -0.00518887 -0.01182950 0.50654751
v -0.00542420 -0.01159417 0.50749868
v -0.01995823 0.02596863 0.50711489
v -0.02114343 0.02691487 0.50728512
v -0.02246774 0.02758998 0.50761783
v -0.02378394 0.02807036 0.50821859
v -0.02382975 0.02742620 0.50737733
v -0.02391278 0.02699561 0.50641173
v -0.02402843 0.02680250 0.50537539
v -0.02417027 0.02685759 0.50432581
v -0.02433043 0.02715783 0.50332141
v -0.02450000 0.02768655 0.50241786
v -0.02185267 0.02769231 0.50241023
v -0.01923962 0.02742461 0.50272888
v -0.01797476 0.02713505 0.50300944
v -0.01677625 0.02668853 0.50334817
v -0.01956051 0.02574541 0.50616491
v -0.01901012 0.02570891 0.50526708
v -0.01833723 0.02586115 0.50447053
v -0.01757874 0.02619376 0.50381899
v -0.01981936 0.02628181 0.50484890
v -0.02113543 0.02664719 0.50488394
v -0.02258427 0.02682605 0.50504714
v -0.01212563 -0.02450000 0.50400001
v -0.01455177 -0.02564171 0.50383359
v -0.01677625 -0.02668853 0.50334817
v -0.01757874 -0.02619376 0.50381899
v -0.01833723 -0.02586115 0.50447053
v -0.01901012 -0.02570891 0.50526708
v -0.01956051 -0.02574541 0.50616491
v -0.01995823 -0.02596863 0.50711489
v -0.01851199 -0.02452240 0.50787270
v -0.01693272 -0.02294313 0.50834310
v -0.01530761 -0.02131802 0.50849998
v -0.01283369 -0.02379194 0.50411284
v -0.01350624 -0.02311939 0.50444561
v -0.01410956 -0.02251607 0.50498176
v -0.01461340 -0.02201223 0.50569427
v -0.01499250 -0.02163314 0.50654751
v -0.01522783 -0.02139780 0.50749868
v -0.01660427 -0.02404536 0.50536460
v -0.02378394 0.02807036 0.50821859
v -0.02430980 0.02819117 0.50850314
v -0.02464746 0.02821303 0.50867826
v -0.02498932 0.02817130 0.50885057
v -0.02473358 0.02754207 0.50811130
v -0.02459880 0.02705241 0.50724530
v -0.02459171 0.02672667 0.50629574
v -0.02471264 0.02658108 0.50530982
v -0.02495559 0.02662287 0.50433660
v -0.02530846 0.02684997 0.50342458
v -0.02575368 0.02725108 0.50261915
v -0.02536088 0.02746510 0.50254291
v -0.02493987 0.02760967 0.50247723
v -0.02450000 0.02768655 0.50241786
v -0.02382975 0.02742620 0.50737733
v -0.02391278 0.02699561 0.50641173
v -0.02402843 0.02680250 0.50537539
v -0.02417027 0.02685759 0.50432581
v -0.02433043 0.02715783 0.50332141
v -0.01677625 -0.02668853 0.50334817
v -0.01875292 -0.02732987 0.50282699
v -0.02084911 -0.02762878 0.50249213
v -0.02267257 -0.02771577 0.50237888
v -0.02450000 -0.02768655 0.50241786
v -0.02433043 -0.02715783 0.50332141
v -0.02417027 -0.02685759 0.50432581
v -0.02402843 -0.02680250 0.50537539
v -0.02391278 -0.02699561 0.50641173
v -0.02382975 -0.02742620 0.50737733
v -0.02378394 -0.02807036 0.50821859
v -0.02246778 -0.02758999 0.50761783
v -0.02114356 -0.02691494 0.50728518
v -0.01995823 -0.02596863 0.50711489
v -0.01757874 -0.02619376 0.50381899
v -0.01833723 -0.02586115 0.50447053
v -0.01901012 -0.02570891 0.50526708
v -0.01956051 -0.02574541 0.50616491
v -0.02185394 -0.02676189 0.50494564
v -0.01982167 -0.02628266 0.50484890
v -0.02498932 0.02817130 0.50885057
v -0.02617106 0.02724614 0.50902116
v -0.02724052 0.02617702 0.50902146
v -0.02817130 0.02498932 0.50885057
v -0.02754207 0.02473358 0.50811130
v -0.02705241 0.02459880 0.50724530
v -0.02672667 0.02459171 0.50629574
v -0.02658108 0.02471264 0.50530982
v -0.02662287 0.02495559 0.50433660
v -0.02684997 0.02530846 0.50342458
v -0.02725108 0.02575368 0.50261915
v -0.02681814 0.02631747 0.50270611
v -0.02631412 0.02682105 0.50270587
v -0.02575368 0.02725108 0.50261915
v -0.02473358 0.02754207 0.50811130
v -0.02459880 0.02705241 0.50724530
v -0.02459171 0.02672667 0.50629574
v -0.02471264 0.02658108 0.50530982
v -0.02495559 0.02662287 0.50433660
v -0.02530846 0.02684997 0.50342458
v -0.02573007 0.02573188 0.50592303
v -0.02450000 -0.02768655 0.50241786
v -0.02494332 -0.02760868 0.50247777
v -0.02536405 -0.02746395 0.50254339
v -0.02575368 -0.02725108 0.50261915
v -0.02530846 -0.02684997 0.50342458
v -0.02495559 -0.02662287 0.50433660
v -0.02471264 -0.02658108 0.50530982
v -0.02459171 -0.02672667 0.50629574
v -0.02459880 -0.02705241 0.50724530
v -0.02473358 -0.02754207 0.50811130
v -0.02498932 -0.02817130 0.50885057
v -0.02458243 -0.02821316 0.50864494
v -0.02417916 -0.02816978 0.50843388
v -0.02378394 -0.02807036 0.50821859
v -0.02433043 -0.02715783 0.50332141
v -0.02417027 -0.02685759 0.50432581
v -0.02402843 -0.02680250 0.50537539
v -0.02391278 -0.02699561 0.50641173
v -0.02382975 -0.02742620 0.50737733
v -0.02817130 0.02498932 0.50885057
v -0.02821316 0.02458243 0.50864494
v -0.02816978 0.02417916 0.50843388
v -0.02807036 0.02378394 0.50821859
v -0.02742620 0.02382975 0.50737733
v -0.02699561 0.02391278 0.50641173
v -0.02680250 0.02402843 0.50537539
v -0.02685759 0.02417027 0.50432581
v -0.02715783 0.02433043 0.50332141
v -0.02768655 0.02450000 0.50241786
v -0.02760868 0.02494332 0.50247777
v -0.02746395 0.02536405 0.50254339
v -0.02725108 0.02575368 0.50261915
v -0.02754207 0.02473358 0.50811130
v -0.02705241 0.02459880 0.50724530
v -0.02672667 0.02459171 0.50629574
v -0.02658108 0.02471264 0.50530982
v -0.02662287 0.02495559 0.50433660
v -0.02684997 0.02530846 0.50342458
v -0.02575368 -0.02725108 0.50261915
v -0.02631747 -0.02681814 0.50270611
v -0.02682105 -0.02631412 0.50270587
v -0.02725108 -0.02575368 0.50261915
v -0.02684997 -0.02530846 0.50342458
v -0.02662287 -0.02495559 0.50433660
v -0.02658108 -0.02471264 0.50530982
v -0.02672667 -0.02459171 0.50629574
v -0.02705241 -0.02459880 0.50724530
v -0.02754207 -0.02473358 0.50811130
v -0.02817130 -0.02498932 0.50885057
v -0.02724614 -0.02617106 0.50902116
v -0.02617702 -0.02724052 0.50902146
v -0.02498932 -0.02817130 0.50885057
v -0.02530846 -0.02684997 0.50342458
v -0.02495559 -0.02662287 0.50433660
v -0.02471264 -0.02658108 0.50530982
v -0.02459171 -0.02672667 0.50629574
v -0.02459880 -0.02705241 0.50724530
v -0.02473358 -0.02754207 0.50811130
v -0.02573188 -0.02573007 0.50592303
v -0.02807036 0.02378394 0.50821859
v -0.02758999 0.02246778 0.50761783
v -0.02691494 0.02114356 0.50728518
v -0.02596863 0.01995823 0.50711489
v -0.02574541 0.01956051 0.50616491
v -0.02570891 0.01901012 0.50526708
v -0.02586115 0.01833723 0.50447053
v -0.02619376 0.01757874 0.50381899
v -0.02668853 0.01677625 0.50334817
v -0.02732987 0.01875292 0.50282699
v -0.02762878 0.02084911 0.50249213
v -0.02771577 0.02267257 0.50237888
v -0.02768655 0.02450000 0.50241786
v -0.02742620 0.02382975 0.50737733
v -0.02699561 0.02391278 0.50641173
v -0.02680250 0.02402843 0.50537539
v -0.02685759 0.02417027 0.50432581
v -0.02715783 0.02433043 0.50332141
v -0.02676189 0.02185394 0.50494564
v -0.02628266 0.01982167 0.50484890
v -0.02725108 -0.02575368 0.50261915
v -0.02746510 -0.02536088 0.50254291
v -0.02760967 -0.02493987 0.50247723
v -0.02768655 -0.02450000 0.50241786
v -0.02715783 -0.02433043 0.50332141
v -0.02685759 -0.02417027 0.50432581
v -0.02680250 -0.02402843 0.50537539
v -0.02699561 -0.02391278 0.50641173
v -0.02742620 -0.02382975 0.50737733
v -0.02807036 -0.02378394 0.50821859
v -0.02819117 -0.02430980 0.50850314
v -0.02821303 -0.02464746 0.50867826
v -0.02817130 -0.02498932 0.50885057
v -0.02684997 -0.02530846 0.50342458
v -0.02662287 -0.02495559 0.50433660
v -0.02658108 -0.02471264 0.50530982
v -0.02672667 -0.02459171 0.50629574
v -0.02705241 -0.02459880 0.50724530
v -0.02754207 -0.02473358 0.50811130
v -0.02596863 0.01995823 0.50711489
v -0.02452240 0.01851199 0.50787270
v -0.02294313 0.01693272 0.50834310
v -0.02131802 0.01530761 0.50849998
v -0.02139780 0.01522783 0.50749868
v -0.02163314 0.01499250 0.50654751
v -0.02201223 0.01461340 0.50569427
v -0.02251607 0.01410956 0.50498176
v -0.02311939 0.01350624 0.50444561
v -0.02379194 0.01283369 0.50411284
v -0.02450000 0.01212563 0.50400001
v -0.02564171 0.01455177 0.50383359
v -0.02668853 0.01677625 0.50334817
v -0.02574541 0.01956051 0.50616491
v -0.02570891 0.01901012 0.50526708
v -0.02586115 0.01833723 0.50447053
v -0.02619376 0.01757874 0.50381899
v -0.02404536 0.01660427 0.50536460
v -0.02768655 -0.02450000 0.50241786
v -0.02769231 -0.02185267 0.50241023
v -0.02742461 -0.01923962 0.50272888
v -0.02713505 -0.01797476 0.50300944
v -0.02668853 -0.01677625 0.50334817
v -0.02619376 -0.01757874 0.50381899
v -0.02586115 -0.01833723 0.50447053
v -0.02570891 -0.01901012 0.50526708
v -0.02574541 -0.01956051 0.50616491
v -0.02596863 -0.01995823 0.50711489
v -0.02691487 -0.02114343 0.50728512
v -0.02758998 -0.02246774 0.50761783
v -0.02807036 -0.02378394 0.50821859
v -0.02715783 -0.02433043 0.50332141
v -0.02685759 -0.02417027 0.50432581
v -0.02680250 -0.02402843 0.50537539
v -0.02699561 -0.02391278 0.50641173
v -0.02742620 -0.02382975 0.50737733
v -0.02628181 -0.01981936 0.50484890
v -0.02664719 -0.02113543 0.50488394
v -0.02682605 -0.02258427 0.50504714
v -0.02131802 0.01530761 0.50849998
v -0.01151439 0.00550398 0.50849998
v -0.01159417 0.00542420 0.50749868
v -0.01182950 0.00518887 0.50654751
v -0.01220860 0.00480977 0.50569427
v -0.01271244 0.00430593 0.50498176
v -0.01331576 0.00370261 0.50444561
v -0.01398831 0.00303006 0.50411284
v -0.01469637 0.00232200 0.50400001
v -0.02450000 0.01212563 0.50400001
v -0.02139780 0.01522783 0.50749868
v -0.02163314 0.01499250 0.50654751
v -0.02201223 0.01461340 0.50569427
v -0.02251607 0.01410956 0.50498176
v -0.02311939 0.01350624 0.50444561
v -0.02379194 0.01283369 0.50411284
v -0.02668853 -0.01677625 0.50334817
v -0.02564171 -0.01455177 0.50383359
v -0.02450000 -0.01212563 0.50400001
v -0.02379194 -0.01283369 0.50411284
v -0.02311939 -0.01350624 0.50444561
v -0.02251607 -0.01410956 0.50498176
v -0.02201223 -0.01461340 0.50569427
v -0.02163314 -0.01499250 0.50654751
v -0.02139780 -0.01522783 0.50749868
v -0.02131802 -0.01530761 0.50849998
v -0.02347917 -0.01746876 0.50822067
v -0.02477485 -0.01876444 0.50776517
v -0.02596863 -0.01995823 0.50711489
v -0.02619376 -0.01757874 0.50381899
v -0.02586115 -0.01833723 0.50447053
v -0.02570891 -0.01901012 0.50526708
v -0.02574541 -0.01956051 0.50616491
v -0.02404536 -0.01660427 0.50536460
v -0.01151439 0.00550398 0.50849998
v -0.01086218 0.00485177 0.50823730
v -0.01020591 0.00419551 0.50799561
v -0.00954594 0.00353553 0.50777501
v -0.00974375 0.00332267 0.50676155
v -0.01009666 0.00294291 0.50584346
v -0.01058529 0.00241710 0.50507128
v -0.01118282 0.00177410 0.50448728
v -0.01185646 0.00104920 0.50412351
v -0.01256922 0.00028220 0.50400001
v -0.01469637 0.00232200 0.50400001
v -0.01159417 0.00542420 0.50749868
v -0.01182950 0.00518887 0.50654751
v -0.01220860 0.00480977 0.50569427
v -0.01271244 0.00430593 0.50498176
v -0.01331576 0.00370261 0.50444561
v -0.01398831 0.00303006 0.50411284
v -0.01122538 0.00313323 0.50514531
v -0.02450000 -0.01212563 0.50400001
v -0.01469637 -0.00232200 0.50400001
v -0.01398831 -0.00303006 0.50411284
v -0.01331576 -0.00370261 0.50444561
v -0.01271244 -0.00430593 0.50498176
v -0.01220860 -0.00480977 0.50569427
v -0.01182950 -0.00518887 0.50654751
v -0.01159417 -0.00542420 0.50749868
v -0.01151439 -0.00550398 0.50849998
v -0.02131802 -0.01530761 0.50849998
v -0.02379194 -0.01283369 0.50411284
v -0.02311939 -0.01350624 0.50444561
v -0.02251607 -0.01410956 0.50498176
v -0.02201223 -0.01461340 0.50569427
v -0.02163314 -0.01499250 0.50654751
v -0.02139780 -0.01522783 0.50749868
v -0.00954594 0.00353553 0.50777501
v -0.00880161 0.00258650 0.50752425
v -0.00842208 0.00181381 0.50737458
v -0.00820943 0.00112404 0.50726867
v -0.00811405 0.00056619 0.50719821
v -0.00808148 -0.00000000 0.50713825
v -0.00846234 -0.00000000 0.50626957
v -0.00901725 -0.00000000 0.50549966
v -0.00972073 -0.00000000 0.50486374
v -0.01054115 0.00000000 0.50438970
v -0.01144357 0.00000000 0.50409764
v -0.01238931 -0.00000000 0.50400001
v -0.01242963 0.00010081 0.50400001
v -0.01249013 0.00019570 0.50400001
v -0.01256922 0.00028220 0.50400001
v -0.00974375 0.00332267 0.50676155
v -0.01009666 0.00294291 0.50584346
v -0.01058529 0.00241710 0.50507128
v -0.01118282 0.00177410 0.50448728
v -0.01185646 0.00104920 0.50412351
v -0.01469637 -0.00232200 0.50400001
v -0.01256922 -0.00028220 0.50400001
v -0.01185646 -0.00104920 0.50412351
v -0.01118282 -0.00177410 0.50448728
v -0.01058529 -0.00241710 0.50507128
v -0.01009666 -0.00294291 0.50584346
v -0.00974375 -0.00332267 0.50676155
v -0.00954594 -0.00353553 0.50777501
v -0.01151439 -0.00550398 0.50849998
v -0.01086218 -0.00485177 0.50823730
v -0.01020591 -0.00419551 0.50799561
v -0.01398831 -0.00303006 0.50411284
v -0.01331576 -0.00370261 0.50444561
v -0.01271244 -0.00430593 0.50498176
v -0.01220860 -0.00480977 0.50569427
v -0.01182950 -0.00518887 0.50654751
v -0.01159417 -0.00542420 0.50749868
v -0.01122538 -0.00313323 0.50514531
v -0.00808148 -0.00000000 0.50713825
v -0.00820171 -0.00108998 0.50726396
v -0.00856643 -0.00214860 0.50743484
v -0.00894030 -0.00280323 0.50757384
v -0.00954594 -0.00353553 0.50777501
v -0.01256922 -0.00028220 0.50400001
v -0.01185646 -0.00104920 0.50412351
v -0.01118282 -0.00177410 0.50448728
v -0.01058529 -0.00241710 0.50507128
v -0.01009666 -0.00294291 0.50584346
v -0.00974375 -0.00332267 0.50676155
v -0.01249013 -0.00019570 0.50400001
v -0.01242963 -0.00010081 0.50400001
v -0.01238931 -0.00000000 0.50400001
v -0.00846234 -0.00000000 0.50626957
v -0.00901725 -0.00000000 0.50549966
v -0.00972073 -0.00000000 0.50486374
v -0.01054115 0.00000000 0.50438970
v -0.01144357 0.00000000 0.50409764
v 0.03183001 -0.03564838 0.53700000
v 0.03263693 -0.03263693 0.53700000
v 0.03564838 -0.03183001 0.53700000
v 0.03785292 -0.03403455 0.53700000
v 0.03704601 -0.03704601 0.53700000
v 0.03403455 -0.03785292 0.53700000
v 0.03363938 -0.03604355 0.53700000
v 0.03396199 -0.03629629 0.53700000
v 0.03433571 -0.03646449 0.53700000
v 0.03473882 -0.03653836 0.53700000
v 0.03514790 -0.03651362 0.53700000
v 0.03553917 -0.03639169 0.53700000
v 0.03588989 -0.03617968 0.53700000
v 0.03617968 -0.03588989 0.53700000
v 0.03639169 -0.03553917 0.53700000
v 0.03651362 -0.03514790 0.53700000
v 0.03653836 -0.03473882 0.53700000
v 0.03646449 -0.03433571 0.53700000
v 0.03629629 -0.03396199 0.53700000
v 0.03604355 -0.03363938 0.53700000
v 0.03572094 -0.03338664 0.53700000
v 0.03534722 -0.03321844 0.53700000
v 0.03494411 -0.03314457 0.53700000
v 0.03453503 -0.03316931 0.53700000
v 0.03414376 -0.03329124 0.53700000
v 0.03379304 -0.03350325 0.53700000
v 0.03350325 -0.03379304 0.53700000
v 0.03329124 -0.03414376 0.53700000
v 0.03316931 -0.03453503 0.53700000
v 0.03314457 -0.03494411 0.53700000
v 0.03321844 -0.03534722 0.53700000
v 0.03338664 -0.03572094 0.53700000
v 0.03183001 -0.03564838 0.52174759
v 0.03196449 -0.03514647 0.52119607
v 0.03183001 -0.03564838 0.53700000
v 0.03263693 -0.03263693 0.53700000
v 0.03263693 -0.03263693 0.51908910
v 0.03212799 -0.03453630 0.52066386
v 0.03229457 -0.03391460 0.52013528
v 0.03246422 -0.03328145 0.51961035
v 0.03403455 -0.03785292 0.53700000
v 0.03403455 -0.03785292 0.52813238
v 0.03183001 -0.03564838 0.53700000
v 0.03183001 -0.03564838 0.52174759
v 0.03336486 -0.03718324 0.52595991
v 0.03262956 -0.03644793 0.52383035
v 0.03704601 -0.03704601 0.53700000
v 0.03704601 -0.03704601 0.53226119
v 0.03403455 -0.03785292 0.53700000
v 0.03403455 -0.03785292 0.52813238
v 0.03453646 -0.03771844 0.52863789
v 0.03430327 -0.03778092 0.52836788
v 0.03646465 -0.03720178 0.53134698
v 0.03585248 -0.03736581 0.53043818
v 0.03520969 -0.03753805 0.52953506
v 0.03785292 -0.03403455 0.52813238
v 0.03778092 -0.03430327 0.52836788
v 0.03771844 -0.03453646 0.52863789
v 0.03785292 -0.03403455 0.53700000
v 0.03704601 -0.03704601 0.53700000
v 0.03704601 -0.03704601 0.53226119
v 0.03753805 -0.03520969 0.52953506
v 0.03736581 -0.03585248 0.53043818
v 0.03720178 -0.03646465 0.53134698
v 0.03564838 -0.03183001 0.53700000
v 0.03564838 -0.03183001 0.52174759
v 0.03785292 -0.03403455 0.53700000
v 0.03785292 -0.03403455 0.52813238
v 0.03644793 -0.03262956 0.52383035
v 0.03718324 -0.03336486 0.52595991
v 0.03263693 -0.03263693 0.53700000
v 0.03263693 -0.03263693 0.51908910
v 0.03564838 -0.03183001 0.53700000
v 0.03564838 -0.03183001 0.52174759
v 0.03514647 -0.03196449 0.52119607
v 0.03328145 -0.03246422 0.51961035
v 0.03391460 -0.03229457 0.52013528
v 0.03453630 -0.03212799 0.52066386
v 0.03564838 0.03183001 0.53700000
v 0.03263693 0.03263693 0.53700000
v 0.03183001 0.03564838 0.53700000
v 0.03403455 0.03785292 0.53700000
v 0.03704601 0.03704601 0.53700000
v 0.03785292 0.03403455 0.53700000
v 0.03363938 0.03363938 0.53700000
v 0.03396199 0.03338664 0.53700000
v 0.03433571 0.03321844 0.53700000
v 0.03473882 0.03314457 0.53700000
v 0.03514790 0.03316931 0.53700000
v 0.03553917 0.03329124 0.53700000
v 0.03588989 0.03350325 0.53700000
v 0.03617968 0.03379304 0.53700000
v 0.03639169 0.03414376 0.53700000
v 0.03651362 0.03453503 0.53700000
v 0.03653836 0.03494411 0.53700000
v 0.03646449 0.03534722 0.53700000
v 0.03629629 0.03572094 0.53700000
v 0.03604355 0.03604355 0.53700000
v 0.03572094 0.03629629 0.53700000
v 0.03534722 0.03646449 0.53700000
v 0.03494411 0.03653836 0.53700000
v 0.03453503 0.03651362 0.53700000
v 0.03414376 0.03639169 0.53700000
v 0.03379304 0.03617968 0.53700000
v 0.03350325 0.03588989 0.53700000
v 0.03329124 0.03553917 0.53700000
v 0.03316931 0.03514790 0.53700000
v 0.03314457 0.03473882 0.53700000
v 0.03321844 0.03433571 0.53700000
v 0.03338664 0.03396199 0.53700000
v 0.03564838 0.03183001 0.52174759
v 0.03514647 0.03196449 0.52119607
v 0.03564838 0.03183001 0.53700000
v 0.03263693 0.03263693 0.53700000
v 0.03263693 0.03263693 0.51908910
v 0.03453630 0.03212799 0.52066386
v 0.03391460 0.03229457 0.52013528
v 0.03328145 0.03246422 0.51961035
v 0.03785292 0.03403455 0.53700000
v 0.03785292 0.03403455 0.52813238
v 0.03564838 0.03183001 0.53700000
v 0.03564838 0.03183001 0.52174759
v 0.03718324 0.03336486 0.52595991
v 0.03644793 0.03262956 0.52383035
v 0.03704601 0.03704601 0.53700000
v 0.03704601 0.03704601 0.53226119
v 0.03785292 0.03403455 0.53700000
v 0.03785292 0.03403455 0.52813238
v 0.03771844 0.03453646 0.52863789
v 0.03778092 0.03430327 0.52836788
v 0.03720178 0.03646465 0.53134698
v 0.03736581 0.03585248 0.53043818
v 0.03753805 0.03520969 0.52953506
v 0.03403455 0.03785292 0.52813238
v 0.03430327 0.03778092 0.52836788
v 0.03453646 0.03771844 0.52863789
v 0.03403455 0.03785292 0.53700000
v 0.03704601 0.03704601 0.53700000
v 0.03704601 0.03704601 0.53226119
v 0.03520969 0.03753805 0.52953506
v 0.03585248 0.03736581 0.53043818
v 0.03646465 0.03720178 0.53134698
v 0.03183001 0.03564838 0.53700000
v 0.03183001 0.03564838 0.52174759
v 0.03403455 0.03785292 0.53700000
v 0.03403455 0.03785292 0.52813238
v 0.03262956 0.03644793 0.52383035
v 0.03336486 0.03718324 0.52595991
v 0.03263693 0.03263693 0.53700000
v 0.03263693 0.03263693 0.51908910
v 0.03183001 0.03564838 0.53700000
v 0.03183001 0.03564838 0.52174759
v 0.03196449 0.03514647 0.52119607
v 0.03246422 0.03328145 0.51961035
v 0.03229457 0.03391460 0.52013528
v 0.03212799 0.03453630 0.52066386
v -0.03564838 -0.03183001 0.53700000
v -0.03263693 -0.03263693 0.53700000
v -0.03183001 -0.03564838 0.53700000
v -0.03403455 -0.03785292 0.53700000
v -0.03704601 -0.03704601 0.53700000
v -0.03785292 -0.03403455 0.53700000
v -0.03604355 -0.03604355 0.53700000
v -0.03572094 -0.03629629 0.53700000
v -0.03534722 -0.03646449 0.53700000
v -0.03494411 -0.03653836 0.53700000
v -0.03453503 -0.03651362 0.53700000
v -0.03414376 -0.03639169 0.53700000
v -0.03379304 -0.03617968 0.53700000
v -0.03350325 -0.03588989 0.53700000
v -0.03329124 -0.03553917 0.53700000
v -0.03316931 -0.03514790 0.53700000
v -0.03314457 -0.03473882 0.53700000
v -0.03321844 -0.03433571 0.53700000
v -0.03338664 -0.03396199 0.53700000
v -0.03363938 -0.03363938 0.53700000
v -0.03396199 -0.03338664 0.53700000
v -0.03433571 -0.03321844 0.53700000
v -0.03473882 -0.03314457 0.53700000
v -0.03514790 -0.03316931 0.53700000
v -0.03553917 -0.03329124 0.53700000
v -0.03588989 -0.03350325 0.53700000
v -0.03617968 -0.03379304 0.53700000
v -0.03639169 -0.03414376 0.53700000
v -0.03651362 -0.03453503 0.53700000
v -0.03653836 -0.03494411 0.53700000
v -0.03646449 -0.03534722 0.53700000
v -0.03629629 -0.03572094 0.53700000
v -0.03564838 -0.03183001 0.52174759
v -0.03514647 -0.03196449 0.52119607
v -0.03564838 -0.03183001 0.53700000
v -0.03263693 -0.03263693 0.53700000
v -0.03263693 -0.03263693 0.51908910
v -0.03453630 -0.03212799 0.52066386
v -0.03391460 -0.03229457 0.52013528
v -0.03328145 -0.03246422 0.51961035
v -0.03785292 -0.03403455 0.53700000
v -0.03785292 -0.03403455 0.52813238
v -0.03564838 -0.03183001 0.53700000
v -0.03564838 -0.03183001 0.52174759
v -0.03718324 -0.03336486 0.52595991
v -0.03644793 -0.03262956 0.52383035
v -0.03704601 -0.03704601 0.53700000
v -0.03704601 -0.03704601 0.53226119
v -0.03785292 -0.03403455 0.53700000
v -0.03785292 -0.03403455 0.52813238
v -0.03771844 -0.03453646 0.52863789
v -0.03778092 -0.03430327 0.52836788
v -0.03720178 -0.03646465 0.53134698
v -0.03736581 -0.03585248 0.53043818
v -0.03753805 -0.03520969 0.52953506
v -0.03403455 -0.03785292 0.52813238
v -0.03430327 -0.03778092 0.52836788
v -0.03453646 -0.03771844 0.52863789
v -0.03403455 -0.03785292 0.53700000
v -0.03704601 -0.03704601 0.53700000
v -0.03704601 -0.03704601 0.53226119
v -0.03520969 -0.03753805 0.52953506
v -0.03585248 -0.03736581 0.53043818
v -0.03646465 -0.03720178 0.53134698
v -0.03183001 -0.03564838 0.53700000
v -0.03183001 -0.03564838 0.52174759
v -0.03403455 -0.03785292 0.53700000
v -0.03403455 -0.03785292 0.52813238
v -0.03262956 -0.03644793 0.52383035
v -0.03336486 -0.03718324 0.52595991
v -0.03263693 -0.03263693 0.53700000
v -0.03263693 -0.03263693 0.51908910
v -0.03183001 -0.03564838 0.53700000
v -0.03183001 -0.03564838 0.52174759
v -0.03196449 -0.03514647 0.52119607
v -0.03246422 -0.03328145 0.51961035
v -0.03229457 -0.03391460 0.52013528
v -0.03212799 -0.03453630 0.52066386
v -0.03183001 0.03564838 0.53700000
v -0.03263693 0.03263693 0.53700000
v -0.03564838 0.03183001 0.53700000
v -0.03785292 0.03403455 0.53700000
v -0.03704601 0.03704601 0.53700000
v -0.03403455 0.03785292 0.53700000
v -0.03604355 0.03363938 0.53700000
v -0.03572094 0.03338664 0.53700000
v -0.03534722 0.03321844 0.53700000
v -0.03494411 0.03314457 0.53700000
v -0.03453503 0.03316931 0.53700000
v -0.03414376 0.03329124 0.53700000
v -0.03379304 0.03350325 0.53700000
v -0.03350325 0.03379304 0.53700000
v -0.03329124 0.03414376 0.53700000
v -0.03316931 0.03453503 0.53700000
v -0.03314457 0.03494411 0.53700000
v -0.03321844 0.03534722 0.53700000
v -0.03338664 0.03572094 0.53700000
v -0.03363938 0.03604355 0.53700000
v -0.03396199 0.03629629 0.53700000
v -0.03433571 0.03646449 0.53700000
v -0.03473882 0.03653836 0.53700000
v -0.03514790 0.03651362 0.53700000
v -0.03553917 0.03639169 0.53700000
v -0.03588989 0.03617968 0.53700000
v -0.03617968 0.03588989 0.53700000
v -0.03639169 0.03553917 0.53700000
v -0.03651362 0.03514790 0.53700000
v -0.03653836 0.03473882 0.53700000
v -0.03646449 0.03433571 0.53700000
v -0.03629629 0.03396199 0.53700000
v -0.03183001 0.03564838 0.52174759
v -0.03196449 0.03514647 0.52119607
v -0.03183001 0.03564838 0.53700000
v -0.03263693 0.03263693 0.53700000
v -0.03263693 0.03263693 0.51908910
v -0.03212799 0.03453630 0.52066386
v -0.03229457 0.03391460 0.52013528
v -0.03246422 0.03328145 0.51961035
v -0.03403455 0.03785292 0.53700000
v -0.03403455 0.03785292 0.52813238
v -0.03183001 0.03564838 0.53700000
v -0.03183001 0.03564838 0.52174759
v -0.03336486 0.03718324 0.52595991
v -0.03262956 0.03644793 0.52383035
v -0.03704601 0.03704601 0.53700000
v -0.03704601 0.03704601 0.53226119
v -0.03403455 0.03785292 0.53700000
v -0.03403455 0.03785292 0.52813238
v -0.03453646 0.03771844 0.52863789
v -0.03430327 0.03778092 0.52836788
v -0.03646465 0.03720178 0.53134698
v -0.03585248 0.03736581 0.53043818
v -0.03520969 0.03753805 0.52953506
v -0.03785292 0.03403455 0.52813238
v -0.03778092 0.03430327 0.52836788
v -0.03771844 0.03453646 0.52863789
v -0.03785292 0.03403455 0.53700000
v -0.03704601 0.03704601 0.53700000
v -0.03704601 0.03704601 0.53226119
v -0.03753805 0.03520969 0.52953506
v -0.03736581 0.03585248 0.53043818
v -0.03720178 0.03646465 0.53134698
v -0.03564838 0.03183001 0.53700000
v -0.03564838 0.03183001 0.52174759
v -0.03785292 0.03403455 0.53700000
v -0.03785292 0.03403455 0.52813238
v -0.03644793 0.03262956 0.52383035
v -0.03718324 0.03336486 0.52595991
v -0.03263693 0.03263693 0.53700000
v -0.03263693 0.03263693 0.51908910
v -0.03564838 0.03183001 0.53700000
v -0.03564838 0.03183001 0.52174759
v -0.03514647 0.03196449 0.52119607
v -0.03328145 0.03246422 0.51961035
v -0.03391460 0.03229457 0.52013528
v -0.03453630 0.03212799 0.52066386
v -0.02823305 0.03242735 0.56900001
v -0.02929184 0.03222901 0.56900001
v -0.03027289 0.03178477 0.56900001
v -0.03112004 0.03112004 0.56900001
v -0.02823305 0.03242735 0.54900002
v -0.02929184 0.03222901 0.54900002
v -0.03027289 0.03178477 0.54900002
v -0.03112004 0.03112004 0.54900002
v 0.02823305 -0.03242735 0.56900001
v 0.02929184 -0.03222901 0.56900001
v 0.03027289 -0.03178477 0.56900001
v 0.03112004 -0.03112004 0.56900001
v 0.02823305 -0.03242735 0.54900002
v 0.02929184 -0.03222901 0.54900002
v 0.03027289 -0.03178477 0.54900002
v 0.03112004 -0.03112004 0.54900002
v -0.03242735 -0.02823305 0.56900001
v -0.03222901 -0.02929184 0.56900001
v -0.03178477 -0.03027289 0.56900001
v -0.03112004 -0.03112004 0.56900001
v -0.03242735 -0.02823305 0.54900002
v -0.03222901 -0.02929184 0.54900002
v -0.03178477 -0.03027289 0.54900002
v -0.03112004 -0.03112004 0.54900002
v 0.03242735 0.02823305 0.56900001
v 0.03222901 0.02929184 0.56900001
v 0.03178477 0.03027289 0.56900001
v 0.03112004 0.03112004 0.56900001
v 0.03242735 0.02823305 0.54900002
v 0.03222901 0.02929184 0.54900002
v 0.03178477 0.03027289 0.54900002
v 0.03112004 0.03112004 0.54900002
f 1 2 3
f 1 3 4
f 6 7 8
f 5 6 8
f 11 12 13
f 10 11 13
f 15 13 14
f 33 9 10
f 33 34 9
f 18 16 17
f 31 32 33
f 31 10 13
f 31 13 15
f 31 33 10
f 20 18 19
f 21 18 20
f 29 30 31
f 29 31 15
f 22 18 21
f 28 15 16
f 28 29 15
f 23 18 22
f 26 23 24
f 26 27 28
f 26 16 18
f 26 28 16
f 26 18 23
f 25 26 24
f 49 50 51
f 54 52 53
f 48 49 51
f 47 48 51
f 46 47 51
f 57 55 56
f 44 45 46
f 44 51 52
f 44 52 54
f 44 46 51
f 59 57 58
f 42 43 44
f 42 44 54
f 35 59 60
f 41 54 55
f 41 42 54
f 41 55 57
f 36 57 59
f 36 59 35
f 39 36 37
f 39 40 41
f 39 41 57
f 39 57 36
f 38 39 37
f 61 62 63
f 61 63 64
f 71 67 68
f 65 71 68
f 69 71 65
f 72 67 71
f 70 69 65
f 66 72 70
f 66 70 65
f 66 67 72
f 80 78 76
f 75 78 77
f 75 76 78
f 79 75 77
f 73 80 76
f 74 79 80
f 74 80 73
f 74 75 79
f 84 81 82
f 84 82 83
f 86 87 88
f 85 87 86
f 89 91 92
f 90 91 89
f 94 95 96
f 94 96 93
f 102 99 100
f 102 100 101
f 106 103 104
f 106 104 105
f 98 99 102
f 97 102 103
f 97 103 106
f 97 98 102
f 112 109 110
f 112 110 111
f 113 114 115
f 116 113 115
f 108 109 112
f 107 112 113
f 107 108 112
f 107 113 116
f 117 118 119
f 117 119 120
f 126 123 124
f 126 124 125
f 130 127 128
f 130 128 129
f 122 123 126
f 121 126 127
f 121 127 130
f 121 122 126
f 136 133 134
f 136 134 135
f 140 137 138
f 140 138 139
f 132 133 136
f 131 136 137
f 131 137 140
f 131 132 136
f 184 144 183
f 192 183 144
f 185 144 184
f 191 192 144
f 186 144 185
f 190 191 144
f 187 144 186
f 189 190 144
f 180 144 187
f 182 180 181
f 194 195 188
f 179 180 182
f 179 144 180
f 193 194 188
f 193 188 189
f 193 189 144
f 176 142 144
f 176 144 179
f 178 176 177
f 171 142 176
f 171 176 178
f 197 198 199
f 197 199 196
f 172 142 171
f 204 197 196
f 173 142 172
f 174 142 173
f 175 142 174
f 166 142 175
f 167 142 166
f 168 142 167
f 169 142 168
f 170 142 169
f 210 211 212
f 210 212 205
f 162 163 164
f 162 164 165
f 162 170 163
f 162 142 170
f 143 193 144
f 143 204 196
f 143 196 193
f 143 200 201
f 143 201 202
f 143 202 203
f 143 203 204
f 143 205 206
f 143 206 207
f 143 207 208
f 143 208 209
f 143 209 200
f 143 210 205
f 161 159 160
f 154 159 161
f 145 146 147
f 145 147 148
f 155 159 154
f 141 159 155
f 141 149 150
f 141 150 151
f 141 151 152
f 141 152 153
f 141 153 145
f 141 155 156
f 141 156 157
f 141 210 143
f 141 157 158
f 141 158 149
f 141 162 159
f 141 148 210
f 141 142 162
f 141 145 148
f 218 216 215
f 219 215 214
f 219 218 215
f 220 214 213
f 220 219 214
f 217 220 213
f 227 229 228
f 226 230 229
f 226 229 227
f 225 231 230
f 225 230 226
f 224 232 231
f 224 231 225
f 223 232 224
f 222 221 232
f 222 232 223
f 239 241 240
f 238 241 239
f 237 242 241
f 237 241 238
f 236 243 242
f 236 242 237
f 235 244 243
f 235 243 236
f 234 233 244
f 234 244 235
f 251 248 247
f 251 250 248
f 252 247 246
f 252 251 247
f 249 246 245
f 249 252 246
f 258 256 255
f 259 255 254
f 259 258 255
f 260 254 253
f 260 259 254
f 257 260 253
f 267 269 268
f 266 270 269
f 266 269 267
f 265 271 270
f 265 270 266
f 264 272 271
f 264 271 265
f 263 272 264
f 262 261 272
f 262 272 263
f 279 281 280
f 278 281 279
f 277 282 281
f 277 281 278
f 276 283 282
f 276 282 277
f 275 284 283
f 275 283 276
f 274 273 284
f 274 284 275
f 291 288 287
f 291 290 288
f 292 287 286
f 292 291 287
f 289 286 285
f 289 292 286
f 298 296 295
f 299 298 295
f 300 295 294
f 300 299 295
f 297 294 293
f 297 300 294
f 307 309 308
f 306 310 309
f 306 309 307
f 305 311 310
f 305 310 306
f 304 311 305
f 303 312 311
f 303 301 312
f 303 311 304
f 302 301 303
f 318 320 319
f 318 321 320
f 317 322 321
f 317 321 318
f 316 323 322
f 316 322 317
f 315 324 323
f 315 323 316
f 314 313 324
f 314 324 315
f 331 328 327
f 331 330 328
f 332 327 326
f 332 331 327
f 329 326 325
f 329 332 326
f 338 340 339
f 338 341 340
f 337 342 341
f 337 341 338
f 336 343 342
f 336 342 337
f 335 344 343
f 335 343 336
f 334 333 344
f 334 344 335
f 351 348 347
f 351 350 348
f 352 347 346
f 352 351 347
f 349 346 345
f 349 352 346
f 359 356 355
f 359 358 356
f 360 354 353
f 360 355 354
f 360 359 355
f 357 360 353
f 367 369 368
f 366 370 369
f 366 369 367
f 365 371 370
f 365 370 366
f 364 372 371
f 364 371 365
f 363 372 364
f 362 361 372
f 362 372 363
f 375 373 374
f 375 376 373
f 379 377 378
f 379 380 377
f 383 381 382
f 383 384 381
f 387 385 386
f 387 388 385
f 460 445 390
f 446 390 445
f 459 460 390
f 447 390 446
f 458 459 390
f 448 390 447
f 457 458 390
f 449 390 448
f 456 457 390
f 454 455 456
f 453 454 456
f 453 456 390
f 444 449 450
f 444 450 451
f 444 451 452
f 444 390 449
f 426 390 389
f 426 444 453
f 426 453 390
f 436 390 444
f 424 425 426
f 438 436 437
f 423 426 389
f 423 424 426
f 439 436 438
f 422 423 389
f 440 436 439
f 421 422 389
f 420 421 389
f 419 420 389
f 415 419 389
f 414 415 389
f 413 414 389
f 412 413 389
f 411 412 389
f 427 433 434
f 427 434 435
f 416 436 444
f 416 444 426
f 416 410 411
f 416 417 418
f 416 418 410
f 416 411 389
f 392 390 436
f 392 436 440
f 392 428 429
f 392 429 430
f 392 430 431
f 392 431 432
f 392 432 433
f 392 440 441
f 392 441 442
f 392 442 443
f 392 443 428
f 392 433 427
f 399 427 436
f 399 436 416
f 409 399 416
f 407 408 409
f 406 407 409
f 393 399 400
f 393 400 401
f 405 406 409
f 391 393 394
f 391 399 393
f 391 394 395
f 391 395 396
f 391 396 397
f 391 397 398
f 391 398 402
f 391 402 403
f 391 403 404
f 391 404 405
f 391 392 427
f 391 416 389
f 391 427 399
f 391 405 409
f 391 409 416
f 398 399 409
f 415 416 426
f 427 428 436
f 444 445 453
f 464 466 465
f 464 467 466
f 463 468 467
f 463 467 464
f 461 462 468
f 461 468 463
f 472 474 473
f 472 475 474
f 471 476 475
f 471 475 472
f 469 470 476
f 469 476 471
f 480 482 481
f 480 483 482
f 479 484 483
f 479 483 480
f 477 478 484
f 477 484 479
f 488 490 489
f 488 491 490
f 487 492 491
f 487 491 488
f 485 486 492
f 485 492 487
f 527 523 524
f 525 527 524
f 528 527 525
f 526 528 525
f 529 528 526
f 520 529 526
f 530 529 520
f 521 531 530
f 521 530 520
f 532 531 521
f 522 533 532
f 522 532 521
f 534 533 522
f 507 535 534
f 507 534 522
f 508 536 535
f 508 535 507
f 509 537 536
f 509 536 508
f 510 537 509
f 511 538 537
f 511 537 510
f 512 538 511
f 513 538 512
f 513 539 538
f 514 539 513
f 515 539 514
f 515 540 539
f 516 540 515
f 517 540 516
f 517 541 540
f 518 541 517
f 519 541 518
f 519 542 541
f 504 542 519
f 504 543 542
f 505 543 504
f 505 544 543
f 505 493 544
f 506 494 493
f 506 493 505
f 495 494 506
f 500 496 495
f 500 495 506
f 501 497 496
f 501 496 500
f 502 498 497
f 502 497 501
f 503 498 502
f 499 498 503
f 569 547 548
f 569 574 547
f 570 575 574
f 570 574 569
f 571 576 575
f 571 575 570
f 572 577 576
f 572 576 571
f 573 578 577
f 573 577 572
f 568 579 578
f 568 578 573
f 549 580 579
f 549 581 580
f 549 579 568
f 550 582 581
f 550 581 549
f 551 583 582
f 551 582 550
f 552 584 583
f 552 583 551
f 553 584 552
f 553 585 584
f 554 585 553
f 554 586 585
f 555 586 554
f 555 587 586
f 556 587 555
f 556 588 587
f 557 588 556
f 557 589 588
f 558 589 557
f 558 590 589
f 559 590 558
f 559 591 590
f 560 591 559
f 560 592 591
f 561 592 560
f 561 593 592
f 562 593 561
f 562 594 593
f 563 594 562
f 563 595 594
f 564 595 563
f 564 596 595
f 565 596 564
f 565 597 596
f 566 597 565
f 566 598 597
f 567 545 598
f 567 598 566
f 546 545 567
f 627 623 624
f 625 627 624
f 628 627 625
f 626 628 625
f 629 628 626
f 620 629 626
f 630 629 620
f 621 631 630
f 621 630 620
f 632 631 621
f 622 633 632
f 622 632 621
f 607 634 633
f 607 635 634
f 607 633 622
f 608 636 635
f 608 635 607
f 609 636 608
f 610 637 636
f 610 636 609
f 611 637 610
f 612 638 637
f 612 637 611
f 613 638 612
f 614 638 613
f 614 639 638
f 615 639 614
f 616 639 615
f 616 640 639
f 617 640 616
f 618 640 617
f 618 641 640
f 619 641 618
f 604 641 619
f 604 642 641
f 604 643 642
f 605 643 604
f 605 644 643
f 606 644 605
f 606 645 644
f 606 646 645
f 599 646 606
f 599 647 646
f 600 647 599
f 600 648 647
f 649 648 600
f 601 649 600
f 602 649 601
f 603 649 602
f 653 679 652
f 655 679 653
f 656 680 679
f 656 679 655
f 657 681 680
f 657 680 656
f 658 682 681
f 658 681 657
f 659 683 682
f 659 682 658
f 660 684 683
f 660 683 659
f 661 685 684
f 661 684 660
f 662 686 685
f 662 685 661
f 663 687 686
f 663 686 662
f 664 688 687
f 664 687 663
f 665 689 688
f 665 688 664
f 666 689 665
f 666 690 689
f 667 690 666
f 667 691 690
f 667 692 691
f 668 692 667
f 668 693 692
f 669 693 668
f 669 694 693
f 670 694 669
f 670 695 694
f 671 695 670
f 671 696 695
f 672 696 671
f 672 697 696
f 673 697 672
f 673 698 697
f 674 698 673
f 674 699 698
f 675 699 674
f 675 700 699
f 676 700 675
f 676 701 700
f 677 701 676
f 677 702 701
f 678 702 677
f 678 703 702
f 654 703 678
f 651 650 703
f 651 703 654
f 751 747 748
f 749 751 748
f 752 751 749
f 750 752 749
f 753 752 750
f 744 753 750
f 754 753 744
f 745 755 754
f 745 704 755
f 745 754 744
f 746 705 704
f 746 706 705
f 746 704 745
f 731 707 706
f 731 706 746
f 732 708 707
f 732 707 731
f 733 709 708
f 733 708 732
f 734 709 733
f 735 709 734
f 735 710 709
f 736 710 735
f 737 710 736
f 737 711 710
f 738 711 737
f 739 712 711
f 739 711 738
f 740 712 739
f 741 713 712
f 741 712 740
f 742 713 741
f 743 714 713
f 743 713 742
f 728 715 714
f 728 714 743
f 729 716 715
f 729 717 716
f 729 715 728
f 730 718 717
f 730 719 718
f 730 717 729
f 724 720 719
f 724 719 730
f 725 721 720
f 725 720 724
f 722 721 725
f 726 722 725
f 727 722 726
f 723 722 727
f 767 758 759
f 767 785 758
f 768 786 785
f 768 785 767
f 769 787 786
f 769 786 768
f 770 788 787
f 770 787 769
f 771 789 788
f 771 788 770
f 772 790 789
f 772 789 771
f 773 791 790
f 773 790 772
f 774 792 791
f 774 791 773
f 775 793 792
f 775 792 774
f 776 794 793
f 776 793 775
f 777 795 794
f 777 794 776
f 778 795 777
f 778 796 795
f 779 796 778
f 779 797 796
f 780 797 779
f 780 798 797
f 781 798 780
f 781 799 798
f 782 799 781
f 782 800 799
f 783 800 782
f 783 801 800
f 784 801 783
f 784 802 801
f 766 802 784
f 766 803 802
f 760 803 766
f 760 804 803
f 760 805 804
f 761 805 760
f 761 806 805
f 762 806 761
f 762 807 806
f 763 807 762
f 763 808 807
f 764 808 763
f 764 809 808
f 765 756 809
f 765 809 764
f 757 756 765
f 813 838 812
f 827 839 838
f 827 838 813
f 828 840 839
f 828 839 827
f 829 841 840
f 829 840 828
f 830 842 841
f 830 841 829
f 831 843 842
f 831 842 830
f 832 844 843
f 832 843 831
f 833 845 844
f 833 844 832
f 834 846 845
f 834 845 833
f 835 847 846
f 835 846 834
f 836 848 847
f 836 847 835
f 837 848 836
f 837 849 848
f 826 849 837
f 826 850 849
f 814 850 826
f 814 851 850
f 815 851 814
f 815 852 851
f 816 852 815
f 816 853 852
f 817 853 816
f 817 854 853
f 818 854 817
f 818 855 854
f 819 855 818
f 819 856 855
f 820 856 819
f 820 857 856
f 821 857 820
f 821 858 857
f 822 858 821
f 822 859 858
f 823 859 822
f 823 860 859
f 824 860 823
f 824 861 860
f 825 862 861
f 825 861 824
f 811 810 862
f 811 862 825
f 889 888 899
f 933 897 898
f 933 898 932
f 934 897 933
f 934 896 897
f 935 895 896
f 935 896 934
f 936 894 895
f 936 895 935
f 937 894 936
f 937 893 894
f 938 892 893
f 938 893 937
f 939 891 892
f 939 892 938
f 940 864 863
f 940 865 864
f 940 863 890
f 940 890 891
f 940 891 939
f 941 933 932
f 941 932 931
f 942 933 941
f 942 934 933
f 943 935 934
f 943 934 942
f 944 936 935
f 944 935 943
f 945 936 944
f 945 937 936
f 946 938 937
f 946 937 945
f 947 939 938
f 947 938 946
f 948 865 940
f 948 939 947
f 948 940 939
f 949 931 930
f 949 941 931
f 949 942 941
f 950 943 942
f 950 942 949
f 951 943 950
f 952 943 951
f 952 944 943
f 952 945 944
f 953 945 952
f 953 946 945
f 954 946 953
f 955 946 954
f 955 947 946
f 956 866 865
f 956 948 947
f 956 865 948
f 956 947 955
f 957 930 929
f 957 949 930
f 958 949 957
f 958 950 949
f 959 951 950
f 959 950 958
f 960 951 959
f 960 952 951
f 961 952 960
f 961 953 952
f 962 953 961
f 962 954 953
f 963 954 962
f 963 955 954
f 964 867 866
f 964 868 867
f 964 955 963
f 964 866 956
f 964 956 955
f 965 929 928
f 965 957 929
f 966 958 957
f 966 959 958
f 966 957 965
f 967 959 966
f 967 960 959
f 968 960 967
f 969 961 960
f 969 960 968
f 969 962 961
f 970 962 969
f 971 963 962
f 971 964 963
f 971 962 970
f 972 964 971
f 972 868 964
f 973 965 928
f 973 928 927
f 974 965 973
f 974 966 965
f 975 966 974
f 975 967 966
f 976 968 967
f 976 969 968
f 976 967 975
f 977 969 976
f 978 970 969
f 978 971 970
f 978 969 977
f 979 971 978
f 980 869 868
f 980 870 869
f 980 868 972
f 980 972 971
f 980 971 979
f 981 973 927
f 981 927 926
f 982 974 973
f 982 973 981
f 983 975 974
f 983 974 982
f 983 976 975
f 984 976 983
f 985 977 976
f 985 976 984
f 986 978 977
f 986 977 985
f 987 978 986
f 987 979 978
f 987 980 979
f 988 871 870
f 988 870 980
f 988 980 987
f 989 926 925
f 989 981 926
f 990 981 989
f 990 982 981
f 991 983 982
f 991 982 990
f 992 983 991
f 992 984 983
f 993 984 992
f 993 985 984
f 994 985 993
f 994 986 985
f 995 986 994
f 995 987 986
f 996 988 987
f 996 987 995
f 996 871 988
f 997 989 925
f 997 925 924
f 997 990 989
f 998 990 997
f 998 991 990
f 999 991 998
f 1000 991 999
f 1000 992 991
f 1000 993 992
f 1001 993 1000
f 1002 994 993
f 1002 993 1001
f 1002 995 994
f 1003 996 995
f 1003 995 1002
f 1004 872 871
f 1004 873 872
f 1004 871 996
f 1004 996 1003
f 1005 997 924
f 1005 998 997
f 1005 924 923
f 1006 998 1005
f 1007 1000 999
f 1007 998 1006
f 1007 999 998
f 1008 1000 1007
f 1008 1001 1000
f 1009 1001 1008
f 1010 1002 1001
f 1010 1003 1002
f 1010 1001 1009
f 1011 1004 1003
f 1011 1003 1010
f 1012 873 1004
f 1012 1004 1011
f 1013 1006 1005
f 1013 1005 923
f 1013 923 922
f 1014 1006 1013
f 1015 1008 1007
f 1015 1007 1006
f 1015 1006 1014
f 1016 1008 1015
f 1017 1009 1008
f 1017 1008 1016
f 1018 1010 1009
f 1018 1009 1017
f 1019 1011 1010
f 1019 1010 1018
f 1020 874 873
f 1020 873 1012
f 1020 1012 1011
f 1020 1011 1019
f 1021 922 921
f 1021 1013 922
f 1022 1014 1013
f 1022 1013 1021
f 1023 1015 1014
f 1023 1014 1022
f 1024 1015 1023
f 1024 1016 1015
f 1025 1017 1016
f 1025 1016 1024
f 1026 1017 1025
f 1026 1018 1017
f 1027 1018 1026
f 1027 1019 1018
f 1028 875 874
f 1028 1019 1027
f 1028 874 1020
f 1028 1020 1019
f 1029 1021 921
f 1029 921 920
f 1030 1021 1029
f 1030 1022 1021
f 1031 1023 1022
f 1031 1022 1030
f 1032 1024 1023
f 1032 1023 1031
f 1033 1025 1024
f 1033 1024 1032
f 1034 1025 1033
f 1034 1026 1025
f 1035 1026 1034
f 1035 1027 1026
f 1036 876 875
f 1036 875 1028
f 1036 1028 1027
f 1036 1027 1035
f 1037 1029 920
f 1037 1030 1029
f 1037 920 919
f 1038 1030 1037
f 1038 1031 1030
f 1039 1031 1038
f 1040 1031 1039
f 1040 1032 1031
f 1041 1032 1040
f 1041 1033 1032
f 1042 1033 1041
f 1042 1034 1033
f 1043 1035 1034
f 1043 1034 1042
f 1044 877 876
f 1044 876 1036
f 1044 1036 1035
f 1044 1035 1043
f 1045 1037 919
f 1045 919 918
f 1046 1038 1037
f 1046 1037 1045
f 1047 1039 1038
f 1047 1038 1046
f 1048 1039 1047
f 1048 1040 1039
f 1049 1041 1040
f 1049 1040 1048
f 1050 1042 1041
f 1050 1041 1049
f 1051 1043 1042
f 1051 1044 1043
f 1051 1042 1050
f 1052 878 877
f 1052 877 1044
f 1052 1044 1051
f 1053 917 916
f 1053 918 917
f 1053 1045 918
f 1054 1045 1053
f 1054 1046 1045
f 1055 1047 1046
f 1055 1048 1047
f 1055 1046 1054
f 1056 1048 1055
f 1057 1048 1056
f 1057 1049 1048
f 1058 1049 1057
f 1058 1050 1049
f 1059 1050 1058
f 1059 1051 1050
f 1059 1052 1051
f 1060 1052 1059
f 1060 879 878
f 1060 878 1052
f 1061 1053 916
f 1062 1053 1061
f 1062 1054 1053
f 1062 1055 1054
f 1063 1055 1062
f 1064 1056 1055
f 1064 1055 1063
f 1065 1056 1064
f 1065 1057 1056
f 1066 1058 1057
f 1066 1057 1065
f 1067 1059 1058
f 1067 1058 1066
f 1068 1060 1059
f 1068 879 1060
f 1068 880 879
f 1068 1059 1067
f 1069 916 915
f 1069 1061 916
f 1070 1061 1069
f 1070 1062 1061
f 1071 1062 1070
f 1071 1063 1062
f 1072 1064 1063
f 1072 1063 1071
f 1073 1065 1064
f 1073 1064 1072
f 1074 1066 1065
f 1074 1065 1073
f 1075 1067 1066
f 1075 1068 1067
f 1075 1066 1074
f 1076 881 880
f 1076 880 1068
f 1076 1068 1075
f 1077 915 914
f 1077 1069 915
f 1078 1070 1069
f 1078 1069 1077
f 1079 1071 1070
f 1079 1070 1078
f 1080 1072 1071
f 1080 1071 1079
f 1081 1072 1080
f 1081 1073 1072
f 1082 1073 1081
f 1082 1074 1073
f 1083 1075 1074
f 1083 1074 1082
f 1084 882 881
f 1084 883 882
f 1084 881 1076
f 1084 1076 1075
f 1084 1075 1083
f 1085 914 913
f 1085 1078 1077
f 1085 1077 914
f 1086 1078 1085
f 1087 1079 1078
f 1087 1080 1079
f 1087 1078 1086
f 1088 1080 1087
f 1089 1081 1080
f 1089 1082 1081
f 1089 1080 1088
f 1090 1082 1089
f 1091 1082 1090
f 1091 1083 1082
f 1091 1084 1083
f 1092 1084 1091
f 1092 883 1084
f 1093 913 912
f 1093 1085 913
f 1093 1086 1085
f 1094 1086 1093
f 1095 1086 1094
f 1095 1087 1086
f 1095 1088 1087
f 1096 1088 1095
f 1097 1089 1088
f 1097 1088 1096
f 1098 1090 1089
f 1098 1089 1097
f 1098 1091 1090
f 1099 1091 1098
f 1100 1092 1091
f 1100 883 1092
f 1100 884 883
f 1100 885 884
f 1100 1091 1099
f 1101 912 911
f 1101 1093 912
f 1101 1094 1093
f 1102 1094 1101
f 1103 1095 1094
f 1103 1096 1095
f 1103 1094 1102
f 1104 1096 1103
f 1105 1096 1104
f 1105 1097 1096
f 1105 1098 1097
f 1106 1098 1105
f 1107 1100 1099
f 1107 1098 1106
f 1107 1099 1098
f 1108 1100 1107
f 1108 885 1100
f 1109 910 909
f 1109 911 910
f 1109 1101 911
f 1110 1102 1101
f 1110 1101 1109
f 1111 1103 1102
f 1111 1102 1110
f 1112 1104 1103
f 1112 1103 1111
f 1113 1105 1104
f 1113 1104 1112
f 1114 1105 1113
f 1114 1106 1105
f 1115 1107 1106
f 1115 1106 1114
f 1116 886 885
f 1116 885 1108
f 1116 1108 1107
f 1116 1107 1115
f 1117 1109 909
f 1118 1110 1109
f 1118 1109 1117
f 1119 1111 1110
f 1119 1110 1118
f 1120 1112 1111
f 1120 1111 1119
f 1121 1114 1113
f 1121 1113 1112
f 1121 1112 1120
f 1122 1114 1121
f 1123 1115 1114
f 1123 1116 1115
f 1123 1114 1122
f 1124 1116 1123
f 1124 887 886
f 1124 888 887
f 1124 886 1116
f 1125 907 906
f 1125 908 907
f 1125 909 908
f 1125 1117 909
f 1126 905 904
f 1126 906 905
f 1126 1118 1117
f 1126 1125 906
f 1126 1117 1125
f 1127 1118 1126
f 1127 1119 1118
f 1127 1126 904
f 1128 1127 904
f 1128 1119 1127
f 1128 903 902
f 1128 904 903
f 1128 1120 1119
f 1129 1128 902
f 1129 1120 1128
f 1129 1121 1120
f 1130 1122 1121
f 1130 1121 1129
f 1130 901 900
f 1130 902 901
f 1130 1129 902
f 1131 1130 900
f 1131 1122 1130
f 1131 900 899
f 1131 1123 1122
f 1132 888 1124
f 1132 899 888
f 1132 1131 899
f 1132 1123 1131
f 1132 1124 1123
f 1191 1161 1162
f 1191 1162 1190
f 1192 1158 1159
f 1192 1159 1160
f 1192 1160 1161
f 1192 1161 1191
f 1193 1191 1190
f 1193 1190 1189
f 1194 1191 1193
f 1194 1192 1191
f 1194 1157 1158
f 1194 1158 1192
f 1195 1189 1188
f 1195 1193 1189
f 1196 1156 1157
f 1196 1193 1195
f 1196 1157 1194
f 1196 1194 1193
f 1197 1187 1186
f 1197 1188 1187
f 1197 1195 1188
f 1198 1195 1197
f 1198 1155 1156
f 1198 1196 1195
f 1198 1156 1196
f 1199 1197 1186
f 1199 1198 1197
f 1200 1154 1155
f 1200 1198 1199
f 1200 1155 1198
f 1201 1199 1186
f 1201 1186 1185
f 1202 1153 1154
f 1202 1199 1201
f 1202 1154 1200
f 1202 1200 1199
f 1203 1202 1201
f 1203 1185 1184
f 1203 1201 1185
f 1204 1152 1153
f 1204 1202 1203
f 1204 1153 1202
f 1205 1204 1203
f 1205 1184 1183
f 1205 1203 1184
f 1206 1151 1152
f 1206 1152 1204
f 1206 1204 1205
f 1207 1205 1183
f 1207 1183 1182
f 1208 1150 1151
f 1208 1206 1205
f 1208 1205 1207
f 1208 1151 1206
f 1209 1182 1181
f 1209 1207 1182
f 1210 1207 1209
f 1210 1149 1150
f 1210 1150 1208
f 1210 1208 1207
f 1211 1181 1180
f 1211 1209 1181
f 1211 1210 1209
f 1212 1210 1211
f 1212 1148 1149
f 1212 1149 1210
f 1213 1180 1179
f 1213 1211 1180
f 1214 1147 1148
f 1214 1212 1211
f 1214 1211 1213
f 1214 1148 1212
f 1215 1213 1179
f 1215 1179 1178
f 1216 1146 1147
f 1216 1213 1215
f 1216 1147 1214
f 1216 1214 1213
f 1217 1178 1177
f 1217 1215 1178
f 1217 1216 1215
f 1218 1145 1146
f 1218 1146 1216
f 1218 1216 1217
f 1219 1217 1177
f 1219 1177 1176
f 1220 1144 1145
f 1220 1217 1219
f 1220 1145 1218
f 1220 1218 1217
f 1221 1176 1175
f 1221 1219 1176
f 1222 1219 1221
f 1222 1143 1144
f 1222 1144 1220
f 1222 1220 1219
f 1223 1221 1175
f 1223 1175 1174
f 1224 1142 1143
f 1224 1221 1223
f 1224 1222 1221
f 1224 1143 1222
f 1225 1223 1174
f 1225 1174 1173
f 1226 1142 1224
f 1226 1140 1141
f 1226 1141 1142
f 1226 1224 1223
f 1226 1223 1225
f 1227 1225 1173
f 1227 1173 1172
f 1228 1140 1226
f 1228 1226 1225
f 1228 1225 1227
f 1229 1227 1172
f 1229 1172 1171
f 1230 1139 1140
f 1230 1140 1228
f 1230 1228 1227
f 1230 1227 1229
f 1231 1229 1171
f 1231 1171 1170
f 1232 1138 1139
f 1232 1139 1230
f 1232 1230 1229
f 1232 1229 1231
f 1233 1231 1170
f 1233 1232 1231
f 1233 1169 1168
f 1233 1170 1169
f 1234 1137 1138
f 1234 1138 1232
f 1234 1232 1233
f 1235 1233 1168
f 1236 1136 1137
f 1236 1137 1234
f 1236 1234 1233
f 1236 1233 1235
f 1237 1167 1166
f 1237 1168 1167
f 1237 1235 1168
f 1238 1135 1136
f 1238 1236 1235
f 1238 1235 1237
f 1238 1136 1236
f 1239 1164 1163
f 1239 1165 1164
f 1239 1166 1165
f 1239 1237 1166
f 1240 1133 1134
f 1240 1134 1135
f 1240 1163 1133
f 1240 1135 1238
f 1240 1238 1237
f 1240 1237 1239
f 1240 1239 1163
f 1277 1251 1252
f 1242 1241 1278
f 1246 1245 1253
f 1303 1247 1248
f 1303 1302 1247
f 1304 1248 1249
f 1304 1303 1248
f 1305 1249 1250
f 1305 1304 1249
f 1306 1250 1251
f 1306 1305 1250
f 1306 1251 1277
f 1307 1301 1302
f 1307 1302 1303
f 1308 1303 1304
f 1308 1307 1303
f 1309 1304 1305
f 1309 1308 1304
f 1310 1306 1277
f 1310 1305 1306
f 1310 1277 1276
f 1310 1309 1305
f 1311 1300 1301
f 1311 1301 1307
f 1312 1307 1308
f 1312 1311 1307
f 1313 1308 1309
f 1313 1312 1308
f 1314 1309 1310
f 1314 1276 1275
f 1314 1313 1309
f 1314 1310 1276
f 1315 1299 1300
f 1315 1300 1311
f 1316 1311 1312
f 1316 1315 1311
f 1317 1312 1313
f 1317 1316 1312
f 1318 1275 1274
f 1318 1317 1313
f 1318 1314 1275
f 1318 1313 1314
f 1319 1315 1316
f 1319 1298 1299
f 1319 1299 1315
f 1320 1319 1316
f 1321 1317 1318
f 1321 1320 1316
f 1321 1316 1317
f 1322 1274 1273
f 1322 1321 1318
f 1322 1318 1274
f 1323 1297 1298
f 1323 1298 1319
f 1324 1323 1319
f 1324 1319 1320
f 1325 1324 1320
f 1325 1321 1322
f 1325 1320 1321
f 1326 1272 1271
f 1326 1273 1272
f 1326 1325 1322
f 1326 1322 1273
f 1327 1297 1323
f 1327 1296 1297
f 1328 1327 1323
f 1328 1323 1324
f 1328 1324 1325
f 1329 1328 1325
f 1330 1329 1325
f 1330 1326 1271
f 1330 1325 1326
f 1331 1295 1296
f 1331 1296 1327
f 1332 1331 1327
f 1332 1327 1328
f 1333 1332 1328
f 1333 1328 1329
f 1334 1330 1271
f 1334 1333 1329
f 1334 1271 1270
f 1334 1329 1330
f 1335 1295 1331
f 1335 1331 1332
f 1335 1294 1295
f 1336 1335 1332
f 1337 1333 1334
f 1337 1336 1332
f 1337 1332 1333
f 1338 1334 1270
f 1338 1337 1334
f 1338 1270 1269
f 1339 1294 1335
f 1339 1293 1294
f 1340 1335 1336
f 1340 1336 1337
f 1340 1339 1335
f 1341 1340 1337
f 1342 1337 1338
f 1342 1338 1269
f 1342 1269 1268
f 1342 1341 1337
f 1343 1293 1339
f 1343 1292 1293
f 1344 1339 1340
f 1344 1343 1339
f 1345 1344 1340
f 1345 1340 1341
f 1346 1268 1267
f 1346 1342 1268
f 1346 1341 1342
f 1346 1345 1341
f 1347 1343 1344
f 1347 1292 1343
f 1347 1291 1292
f 1348 1347 1344
f 1349 1344 1345
f 1349 1348 1344
f 1350 1267 1266
f 1350 1346 1267
f 1350 1345 1346
f 1350 1349 1345
f 1351 1290 1291
f 1351 1291 1347
f 1352 1347 1348
f 1352 1348 1349
f 1352 1351 1347
f 1353 1352 1349
f 1354 1266 1265
f 1354 1350 1266
f 1354 1349 1350
f 1354 1353 1349
f 1355 1351 1352
f 1355 1290 1351
f 1355 1289 1290
f 1356 1355 1352
f 1357 1352 1353
f 1357 1356 1352
f 1358 1265 1264
f 1358 1354 1265
f 1358 1353 1354
f 1358 1357 1353
f 1359 1288 1289
f 1359 1289 1355
f 1360 1355 1356
f 1360 1359 1355
f 1361 1360 1356
f 1361 1356 1357
f 1361 1357 1358
f 1362 1264 1263
f 1362 1358 1264
f 1362 1361 1358
f 1363 1288 1359
f 1363 1287 1288
f 1364 1363 1359
f 1364 1359 1360
f 1364 1360 1361
f 1365 1364 1361
f 1366 1365 1361
f 1366 1263 1262
f 1366 1362 1263
f 1366 1361 1362
f 1367 1286 1287
f 1367 1287 1363
f 1368 1367 1363
f 1368 1363 1364
f 1369 1364 1365
f 1369 1365 1366
f 1369 1368 1364
f 1370 1369 1366
f 1370 1366 1262
f 1370 1262 1261
f 1371 1285 1286
f 1371 1286 1367
f 1372 1371 1367
f 1372 1367 1368
f 1373 1368 1369
f 1373 1372 1368
f 1374 1261 1260
f 1374 1370 1261
f 1374 1373 1369
f 1374 1369 1370
f 1375 1284 1285
f 1375 1285 1371
f 1376 1371 1372
f 1376 1375 1371
f 1377 1376 1372
f 1377 1372 1373
f 1378 1260 1259
f 1378 1373 1374
f 1378 1377 1373
f 1378 1374 1260
f 1379 1283 1284
f 1379 1284 1375
f 1380 1375 1376
f 1380 1379 1375
f 1380 1376 1377
f 1381 1377 1378
f 1381 1380 1377
f 1382 1258 1257
f 1382 1259 1258
f 1382 1378 1259
f 1382 1381 1378
f 1383 1282 1283
f 1383 1283 1379
f 1384 1379 1380
f 1384 1380 1381
f 1384 1383 1379
f 1385 1384 1381
f 1386 1382 1257
f 1386 1381 1382
f 1386 1385 1381
f 1387 1281 1282
f 1387 1282 1383
f 1388 1383 1384
f 1388 1387 1383
f 1389 1384 1385
f 1389 1388 1384
f 1390 1257 1256
f 1390 1389 1385
f 1390 1386 1257
f 1390 1385 1386
f 1391 1280 1281
f 1391 1281 1387
f 1392 1387 1388
f 1392 1391 1387
f 1393 1388 1389
f 1393 1389 1390
f 1393 1392 1388
f 1394 1255 1254
f 1394 1256 1255
f 1394 1390 1256
f 1394 1393 1390
f 1395 1279 1280
f 1395 1280 1391
f 1395 1391 1392
f 1396 1392 1393
f 1396 1395 1392
f 1397 1396 1393
f 1398 1397 1393
f 1398 1394 1254
f 1398 1393 1394
f 1399 1278 1279
f 1399 1279 1395
f 1399 1242 1278
f 1400 1396 1397
f 1400 1243 1242
f 1400 1399 1395
f 1400 1242 1399
f 1400 1395 1396
f 1401 1244 1243
f 1401 1400 1397
f 1401 1243 1400
f 1402 1398 1254
f 1402 1245 1244
f 1402 1254 1253
f 1402 1401 1397
f 1402 1244 1401
f 1402 1253 1245
f 1402 1397 1398
f 1406 1444 1405
f 1407 1443 1444
f 1407 1444 1406
f 1408 1442 1443
f 1408 1443 1407
f 1409 1441 1442
f 1409 1442 1408
f 1410 1440 1441
f 1410 1441 1409
f 1411 1439 1440
f 1411 1440 1410
f 1412 1438 1439
f 1412 1439 1411
f 1413 1437 1438
f 1413 1438 1412
f 1414 1436 1437
f 1414 1437 1413
f 1415 1435 1436
f 1415 1436 1414
f 1416 1434 1435
f 1416 1435 1415
f 1417 1433 1434
f 1417 1434 1416
f 1418 1433 1417
f 1419 1433 1418
f 1419 1432 1433
f 1420 1432 1419
f 1420 1456 1432
f 1421 1456 1420
f 1421 1455 1456
f 1422 1455 1421
f 1422 1454 1455
f 1423 1454 1422
f 1423 1453 1454
f 1424 1453 1423
f 1424 1452 1453
f 1425 1452 1424
f 1425 1451 1452
f 1426 1451 1425
f 1426 1450 1451
f 1427 1450 1426
f 1427 1449 1450
f 1428 1448 1449
f 1428 1449 1427
f 1429 1448 1428
f 1429 1447 1448
f 1430 1445 1446
f 1430 1446 1447
f 1430 1447 1429
f 1431 1445 1430
f 1404 1403 1445
f 1404 1445 1431
f 1461 1459 1460
f 1461 1498 1459
f 1462 1497 1498
f 1462 1498 1461
f 1463 1496 1497
f 1463 1497 1462
f 1464 1495 1496
f 1464 1496 1463
f 1465 1494 1495
f 1465 1495 1464
f 1466 1493 1494
f 1466 1494 1465
f 1467 1492 1493
f 1467 1493 1466
f 1468 1491 1492
f 1468 1492 1467
f 1469 1490 1491
f 1469 1491 1468
f 1470 1489 1490
f 1470 1490 1469
f 1471 1489 1470
f 1471 1488 1489
f 1472 1488 1471
f 1472 1487 1488
f 1473 1487 1472
f 1473 1486 1487
f 1474 1486 1473
f 1474 1510 1486
f 1475 1510 1474
f 1475 1509 1510
f 1476 1509 1475
f 1476 1508 1509
f 1477 1508 1476
f 1477 1507 1508
f 1478 1507 1477
f 1478 1506 1507
f 1479 1506 1478
f 1479 1505 1506
f 1480 1505 1479
f 1480 1504 1505
f 1481 1504 1480
f 1481 1503 1504
f 1482 1502 1503
f 1482 1503 1481
f 1483 1501 1502
f 1483 1502 1482
f 1484 1500 1501
f 1484 1501 1483
f 1485 1499 1500
f 1485 1500 1484
f 1458 1457 1499
f 1458 1499 1485
f 1515 1513 1514
f 1515 1552 1513
f 1516 1551 1552
f 1516 1552 1515
f 1517 1550 1551
f 1517 1551 1516
f 1518 1549 1550
f 1518 1550 1517
f 1519 1548 1549
f 1519 1549 1518
f 1520 1547 1548
f 1520 1548 1519
f 1521 1546 1547
f 1521 1547 1520
f 1522 1545 1546
f 1522 1546 1521
f 1523 1544 1545
f 1523 1545 1522
f 1524 1543 1544
f 1524 1544 1523
f 1525 1543 1524
f 1525 1542 1543
f 1526 1542 1525
f 1526 1541 1542
f 1527 1541 1526
f 1527 1540 1541
f 1528 1540 1527
f 1528 1564 1540
f 1529 1564 1528
f 1529 1563 1564
f 1530 1563 1529
f 1530 1562 1563
f 1531 1562 1530
f 1531 1561 1562
f 1532 1561 1531
f 1532 1560 1561
f 1533 1560 1532
f 1533 1559 1560
f 1534 1559 1533
f 1534 1558 1559
f 1535 1558 1534
f 1535 1556 1557
f 1535 1557 1558
f 1536 1556 1535
f 1537 1555 1556
f 1537 1556 1536
f 1538 1554 1555
f 1538 1555 1537
f 1539 1511 1553
f 1539 1553 1554
f 1539 1554 1538
f 1512 1511 1539
f 1568 1606 1567
f 1569 1605 1606
f 1569 1606 1568
f 1570 1604 1605
f 1570 1605 1569
f 1571 1603 1604
f 1571 1604 1570
f 1572 1602 1603
f 1572 1603 1571
f 1573 1601 1602
f 1573 1602 1572
f 1574 1600 1601
f 1574 1601 1573
f 1575 1599 1600
f 1575 1600 1574
f 1576 1598 1599
f 1576 1599 1575
f 1577 1598 1576
f 1578 1598 1577
f 1578 1596 1597
f 1578 1597 1598
f 1579 1595 1596
f 1579 1596 1578
f 1580 1595 1579
f 1581 1595 1580
f 1581 1594 1595
f 1582 1594 1581
f 1582 1618 1594
f 1583 1618 1582
f 1583 1617 1618
f 1584 1617 1583
f 1584 1616 1617
f 1585 1616 1584
f 1585 1615 1616
f 1586 1615 1585
f 1586 1614 1615
f 1587 1614 1586
f 1587 1613 1614
f 1588 1613 1587
f 1588 1611 1612
f 1588 1612 1613
f 1589 1611 1588
f 1590 1611 1589
f 1590 1609 1610
f 1590 1610 1611
f 1591 1609 1590
f 1592 1608 1609
f 1592 1609 1591
f 1593 1607 1608
f 1593 1608 1592
f 1566 1565 1607
f 1566 1607 1593
f 1639 1640 1641
f 1639 1641 1644
f 1638 1639 1644
f 1637 1638 1644
f 1636 1644 1645
f 1636 1637 1644
f 1635 1645 1646
f 1635 1636 1645
f 1634 1646 1647
f 1634 1635 1646
f 1633 1647 1648
f 1633 1634 1647
f 1632 1648 1649
f 1632 1633 1648
f 1631 1632 1649
f 1630 1631 1649
f 1630 1649 1650
f 1629 1630 1650
f 1628 1629 1650
f 1627 1628 1650
f 1627 1650 1651
f 1626 1627 1651
f 1626 1651 1652
f 1625 1626 1652
f 1625 1652 1653
f 1624 1625 1653
f 1624 1653 1654
f 1623 1624 1654
f 1623 1654 1655
f 1622 1623 1655
f 1621 1622 1655
f 1620 1655 1656
f 1620 1621 1655
f 1619 1620 1656
f 1686 1656 1657
f 1686 1619 1656
f 1685 1686 1657
f 1684 1685 1657
f 1683 1657 1658
f 1683 1684 1657
f 1682 1658 1659
f 1682 1683 1658
f 1681 1659 1660
f 1681 1682 1659
f 1680 1660 1661
f 1680 1681 1660
f 1679 1661 1662
f 1679 1680 1661
f 1678 1662 1663
f 1678 1679 1662
f 1677 1678 1663
f 1676 1663 1664
f 1676 1677 1663
f 1675 1664 1665
f 1675 1676 1664
f 1674 1665 1666
f 1674 1675 1665
f 1673 1666 1667
f 1673 1674 1666
f 1672 1667 1668
f 1672 1673 1667
f 1671 1672 1668
f 1670 1671 1668
f 1669 1668 1643
f 1669 1670 1668
f 1642 1669 1643
f 1694 1689 1690
f 1693 1688 1689
f 1693 1689 1694
f 1692 1687 1688
f 1692 1688 1693
f 1691 1687 1692
f 1701 1697 1698
f 1701 1698 1702
f 1700 1696 1697
f 1700 1697 1701
f 1699 1695 1696
f 1699 1696 1700
f 1709 1705 1706
f 1709 1706 1710
f 1708 1704 1705
f 1708 1705 1709
f 1707 1703 1704
f 1707 1704 1708
f 1714 1718 1715
f 1713 1717 1718
f 1713 1718 1714
f 1712 1716 1717
f 1712 1717 1713
f 1711 1716 1712
f 1737 1738 1739
f 1737 1739 1740
f 1736 1740 1741
f 1736 1737 1740
f 1735 1741 1742
f 1735 1742 1743
f 1735 1736 1741
f 1734 1743 1744
f 1734 1735 1743
f 1731 1744 1732
f 1730 1744 1731
f 1729 1744 1730
f 1728 1744 1729
f 1727 1744 1728
f 1726 1744 1727
f 1725 1744 1726
f 1733 1725 1724
f 1733 1734 1744
f 1733 1744 1725
f 1723 1733 1724
f 1722 1733 1723
f 1721 1733 1722
f 1720 1733 1721
f 1719 1733 1720
f 1759 1746 1745
f 1759 1747 1746
f 1759 1748 1747
f 1759 1749 1748
f 1750 1749 1759
f 1751 1750 1759
f 1770 1752 1751
f 1770 1753 1752
f 1770 1754 1753
f 1770 1755 1754
f 1770 1756 1755
f 1770 1757 1756
f 1770 1758 1757
f 1770 1759 1760
f 1770 1751 1759
f 1769 1760 1761
f 1769 1770 1760
f 1768 1769 1761
f 1767 1761 1762
f 1767 1768 1761
f 1766 1762 1763
f 1766 1767 1762
f 1765 1763 1764
f 1765 1766 1763
f 1785 1772 1771
f 1785 1773 1772
f 1785 1774 1773
f 1785 1775 1774
f 1785 1776 1775
f 1777 1776 1785
f 1797 1778 1777
f 1797 1779 1778
f 1797 1780 1779
f 1797 1781 1780
f 1797 1782 1781
f 1797 1783 1782
f 1797 1784 1783
f 1797 1785 1786
f 1797 1777 1785
f 1796 1797 1786
f 1795 1786 1787
f 1795 1796 1786
f 1791 1787 1788
f 1791 1788 1789
f 1791 1789 1790
f 1791 1795 1787
f 1794 1795 1791
f 1793 1794 1791
f 1792 1793 1791
f 1812 1799 1798
f 1812 1800 1799
f 1812 1801 1800
f 1812 1802 1801
f 1803 1802 1812
f 1804 1803 1812
f 1823 1805 1804
f 1823 1806 1805
f 1823 1807 1806
f 1823 1808 1807
f 1823 1809 1808
f 1823 1810 1809
f 1823 1811 1810
f 1823 1812 1813
f 1823 1804 1812
f 1822 1813 1814
f 1822 1823 1813
f 1821 1822 1814
f 1820 1814 1815
f 1820 1821 1814
f 1819 1815 1816
f 1819 1820 1815
f 1818 1816 1817
f 1818 1819 1816
f 1826 1827 1828
f 1826 1828 1829
f 1826 1829 1824
f 1824 1825 1826
f 1832 1833 1834
f 1832 1834 1835
f 1832 1835 1830
f 1830 1831 1832
f 1838 1839 1840
f 1838 1840 1841
f 1838 1841 1836
f 1836 1837 1838
f 1842 1843 1844
f 1842 1844 1845
f 1842 1845 1846
f 1848 1849 1850
f 1848 1850 1851
f 1848 1851 1847
f 1857 1853 1854
f 1857 1854 1855
f 1857 1855 1856
f 1852 1853 1857
f 1863 1859 1860
f 1863 1860 1861
f 1863 1861 1862
f 1858 1859 1863
f 1869 1865 1866
f 1869 1866 1867
f 1869 1867 1868
f 1864 1865 1869
f 1882 1883 1884
f 1873 1885 1874
f 1881 1882 1884
f 1872 1885 1873
f 1871 1885 1872
f 1870 1884 1885
f 1870 1885 1871
f 1875 1881 1884
f 1875 1884 1870
f 1880 1875 1879
f 1880 1881 1875
f 1878 1880 1879
f 1877 1880 1878
f 1876 1880 1877
f 1888 1886 1887
f 1888 1895 1886
f 1889 1896 1895
f 1889 1895 1888
f 1893 1898 1897
f 1893 1894 1898
f 1890 1897 1896
f 1890 1896 1889
f 1891 1892 1893
f 1891 1893 1897
f 1891 1897 1890
f 1909 1906 1905
f 1909 1907 1906
f 1908 1907 1909
f 1904 1908 1909
f 1910 1899 1904
f 1910 1904 1909
f 1914 1900 1899
f 1914 1901 1900
f 1914 1902 1901
f 1914 1903 1902
f 1913 1910 1911
f 1913 1914 1899
f 1913 1899 1910
f 1912 1913 1911
f 1922 1920 1921
f 1923 1920 1922
f 1919 1920 1923
f 1924 1919 1923
f 1918 1919 1924
f 1925 1918 1924
f 1917 1918 1925
f 1915 1917 1925
f 1926 1915 1925
f 1916 1917 1915
f 1927 1915 1926
f 1935 1933 1934
f 1940 1933 1935
f 1932 1933 1940
f 1939 1932 1940
f 1931 1932 1939
f 1938 1931 1939
f 1930 1931 1938
f 1928 1930 1938
f 1937 1928 1938
f 1929 1930 1928
f 1936 1928 1937
f 1943 1941 1942
f 1943 1950 1941
f 1944 1951 1950
f 1944 1950 1943
f 1948 1953 1952
f 1948 1949 1953
f 1945 1952 1951
f 1945 1951 1944
f 1946 1947 1948
f 1946 1948 1952
f 1946 1952 1945
f 1961 1959 1960
f 1962 1959 1961
f 1958 1959 1962
f 1963 1958 1962
f 1957 1958 1963
f 1964 1957 1963
f 1956 1957 1964
f 1954 1956 1964
f 1965 1954 1964
f 1955 1956 1954
f 1966 1954 1965
f 1970 1983 1971
f 1979 1980 1981
f 1979 1981 1982
f 1969 1983 1970
f 1968 1983 1969
f 1967 1983 1968
f 1972 1982 1983
f 1972 1979 1982
f 1972 1983 1967
f 1978 1972 1973
f 1978 1973 1977
f 1978 1979 1972
f 1976 1978 1977
f 1975 1978 1976
f 1974 1978 1975
f 1986 1984 1985
f 1986 1993 1984
f 1987 1994 1993
f 1987 1993 1986
f 1991 1996 1995
f 1991 1992 1996
f 1988 1995 1994
f 1988 1994 1987
f 1989 1990 1991
f 1989 1991 1995
f 1989 1995 1988
f 1999 1997 1998
f 1999 2006 1997
f 2000 2007 2006
f 2000 2006 1999
f 2004 2009 2008
f 2004 2005 2009
f 2001 2008 2007
f 2001 2007 2000
f 2002 2003 2004
f 2002 2004 2008
f 2002 2008 2001
f 2017 2015 2016
f 2018 2015 2017
f 2014 2015 2018
f 2019 2014 2018
f 2013 2014 2019
f 2020 2013 2019
f 2012 2013 2020
f 2010 2012 2020
f 2021 2010 2020
f 2011 2012 2010
f 2022 2010 2021
f 2026 2038 2027
f 2034 2035 2036
f 2034 2036 2037
f 2025 2038 2026
f 2024 2038 2025
f 2023 2037 2038
f 2023 2034 2037
f 2023 2038 2024
f 2028 2034 2023
f 2033 2028 2032
f 2033 2034 2028
f 2031 2033 2032
f 2030 2033 2031
f 2029 2033 2030
f 2052 2051 2046
f 2047 2052 2046
f 2048 2053 2052
f 2048 2052 2047
f 2049 2054 2053
f 2049 2053 2048
f 2050 2055 2054
f 2050 2054 2049
f 2056 2055 2050
f 2045 2056 2050
f 2039 2057 2056
f 2039 2061 2057
f 2039 2056 2045
f 2062 2058 2059
f 2040 2060 2061
f 2040 2061 2039
f 2063 2062 2059
f 2041 2059 2060
f 2041 2063 2059
f 2041 2060 2040
f 2068 2041 2042
f 2068 2042 2043
f 2068 2043 2044
f 2067 2064 2063
f 2067 2041 2068
f 2067 2063 2041
f 2066 2064 2067
f 2065 2064 2066
f 2078 2069 2070
f 2098 2072 2073
f 2077 2078 2070
f 2076 2070 2071
f 2076 2077 2070
f 2097 2071 2072
f 2097 2072 2098
f 2097 2076 2071
f 2093 2096 2092
f 2093 2097 2096
f 2093 2076 2097
f 2094 2075 2076
f 2094 2076 2093
f 2095 2074 2075
f 2095 2075 2094
f 2091 2074 2095
f 2086 2079 2074
f 2086 2074 2091
f 2084 2079 2086
f 2087 2084 2086
f 2083 2084 2087
f 2088 2083 2087
f 2089 2082 2083
f 2089 2083 2088
f 2090 2081 2082
f 2090 2082 2089
f 2085 2080 2081
f 2085 2081 2090
f 2101 2100 2099
f 2101 2102 2100
f 2104 2103 2105
f 2104 2105 2106
f 2108 2107 2109
f 2108 2109 2110
f 2123 2127 2122
f 2123 2128 2127
f 2129 2128 2123
f 2124 2129 2123
f 2130 2129 2124
f 2125 2130 2124
f 2131 2130 2125
f 2126 2131 2125
f 2132 2131 2126
f 2121 2133 2132
f 2121 2132 2126
f 2116 2137 2133
f 2116 2133 2121
f 2138 2134 2135
f 2117 2136 2137
f 2117 2137 2116
f 2139 2138 2135
f 2118 2135 2136
f 2118 2139 2135
f 2118 2136 2117
f 2112 2118 2119
f 2112 2119 2120
f 2112 2120 2111
f 2113 2118 2112
f 2113 2139 2118
f 2114 2140 2139
f 2114 2139 2113
f 2115 2140 2114
f 2143 2142 2141
f 2143 2144 2142
f 2145 2147 2148
f 2146 2145 2148
f 2151 2150 2149
f 2151 2152 2150
f 2155 2154 2153
f 2155 2156 2154
f 2157 2159 2160
f 2158 2157 2160
f 2161 2163 2164
f 2162 2161 2164
f 2173 2177 2172
f 2173 2178 2177
f 2174 2179 2178
f 2174 2178 2173
f 2175 2180 2179
f 2175 2179 2174
f 2176 2181 2180
f 2176 2180 2175
f 2182 2181 2176
f 2171 2183 2182
f 2171 2182 2176
f 2165 2187 2183
f 2165 2183 2171
f 2191 2184 2185
f 2166 2186 2187
f 2166 2187 2165
f 2190 2191 2185
f 2167 2185 2186
f 2167 2190 2185
f 2167 2186 2166
f 2192 2167 2168
f 2192 2168 2169
f 2192 2169 2170
f 2193 2189 2190
f 2193 2167 2192
f 2193 2190 2167
f 2194 2189 2193
f 2188 2189 2194
f 2197 2196 2195
f 2197 2198 2196
f 2200 2199 2201
f 2200 2201 2202
f 2203 2205 2206
f 2204 2203 2206
f 2210 2208 2207
f 2209 2210 2207
f 2213 2215 2214
f 2213 2218 2215
f 2212 2217 2218
f 2212 2218 2213
f 2211 2216 2217
f 2211 2217 2212
f 2221 2220 2219
f 2221 2222 2220
f 2230 2234 2233
f 2228 2232 2227
f 2229 2231 2232
f 2229 2232 2228
f 2226 2230 2231
f 2226 2231 2229
f 2225 2230 2226
f 2224 2235 2234
f 2224 2234 2230
f 2224 2230 2225
f 2223 2235 2224
f 2236 2235 2237
f 2235 2223 2237
f 2241 2239 2238
f 2240 2241 2238
f 2244 2246 2245
f 2244 2249 2246
f 2243 2248 2249
f 2243 2249 2244
f 2242 2247 2248
f 2242 2248 2243
f 2252 2251 2250
f 2252 2253 2251
f 2261 2265 2264
f 2259 2263 2258
f 2260 2262 2263
f 2260 2263 2259
f 2257 2261 2262
f 2257 2262 2260
f 2256 2261 2257
f 2255 2266 2265
f 2255 2265 2261
f 2255 2261 2256
f 2254 2266 2255
f 2267 2254 2268
f 2267 2266 2254
f 2271 2270 2269
f 2271 2272 2270
f 2275 2277 2276
f 2275 2280 2277
f 2274 2279 2280
f 2274 2280 2275
f 2273 2278 2279
f 2273 2279 2274
f 2283 2282 2281
f 2283 2284 2282
f 2295 2297 2296
f 2292 2297 2295
f 2290 2293 2294
f 2290 2294 2289
f 2291 2293 2290
f 2288 2292 2293
f 2288 2297 2292
f 2288 2293 2291
f 2285 2287 2286
f 2285 2288 2287
f 2285 2297 2288
f 2298 2297 2299
f 2297 2285 2299
f 2302 2301 2300
f 2302 2303 2301
f 2310 2305 2306
f 2310 2306 2307
f 2310 2307 2311
f 2309 2305 2310
f 2308 2304 2305
f 2308 2305 2309
f 2315 2313 2312
f 2314 2315 2312
f 2326 2330 2329
f 2326 2316 2330
f 2324 2328 2323
f 2325 2326 2327
f 2325 2327 2328
f 2325 2328 2324
f 2322 2326 2325
f 2321 2326 2322
f 2319 2321 2320
f 2319 2316 2326
f 2319 2326 2321
f 2317 2316 2318
f 2316 2319 2318
f 2338 2340 2337
f 2341 2340 2338
f 2333 2334 2342
f 2333 2342 2343
f 2332 2343 2341
f 2332 2333 2343
f 2331 2341 2338
f 2331 2332 2341
f 2339 2331 2338
f 2335 2331 2339
f 2336 2335 2339
f 2348 2352 2349
f 2353 2350 2351
f 2344 2351 2352
f 2344 2352 2348
f 2354 2353 2351
f 2354 2351 2344
f 2345 2354 2344
f 2356 2354 2345
f 2346 2356 2345
f 2355 2356 2346
f 2347 2355 2346
f 2365 2362 2361
f 2357 2365 2361
f 2368 2359 2360
f 2369 2358 2359
f 2369 2359 2368
f 2367 2357 2358
f 2367 2358 2369
f 2364 2365 2357
f 2364 2357 2367
f 2366 2364 2367
f 2363 2364 2366
f 2372 2373 2381
f 2382 2372 2381
f 2371 2372 2382
f 2380 2370 2371
f 2380 2371 2382
f 2377 2379 2376
f 2377 2380 2379
f 2378 2374 2370
f 2378 2375 2374
f 2378 2370 2380
f 2378 2380 2377
f 2385 2386 2387
f 2384 2385 2387
f 2389 2387 2388
f 2408 2383 2384
f 2392 2389 2390
f 2392 2390 2391
f 2405 2406 2407
f 2405 2407 2408
f 2394 2392 2393
f 2394 2384 2387
f 2394 2387 2389
f 2394 2389 2392
f 2403 2404 2405
f 2398 2396 2397
f 2400 2401 2402
f 2400 2402 2403
f 2400 2408 2384
f 2400 2384 2394
f 2400 2405 2408
f 2400 2403 2405
f 2399 2394 2395
f 2399 2395 2396
f 2399 2396 2398
f 2399 2400 2394
f 2422 2426 2423
f 2421 2425 2426
f 2421 2426 2422
f 2420 2424 2425
f 2420 2414 2427
f 2420 2427 2428
f 2420 2428 2424
f 2420 2425 2421
f 2419 2412 2413
f 2419 2413 2414
f 2419 2414 2420
f 2418 2411 2412
f 2418 2412 2419
f 2417 2410 2411
f 2417 2411 2418
f 2416 2410 2417
f 2415 2409 2410
f 2415 2410 2416
f 2442 2435 2434
f 2442 2436 2435
f 2437 2431 2430
f 2429 2437 2430
f 2443 2432 2431
f 2443 2433 2432
f 2443 2434 2433
f 2443 2437 2438
f 2443 2438 2439
f 2443 2439 2440
f 2443 2440 2441
f 2443 2441 2442
f 2443 2442 2434
f 2443 2431 2437
f 2445 2448 2444
f 2445 2449 2448
f 2446 2450 2449
f 2446 2449 2445
f 2447 2450 2446
f 2463 2450 2447
f 2464 2450 2463
f 2457 2451 2450
f 2457 2450 2464
f 2458 2452 2451
f 2458 2451 2457
f 2459 2452 2458
f 2460 2453 2452
f 2460 2452 2459
f 2461 2454 2453
f 2461 2453 2460
f 2462 2455 2454
f 2462 2454 2461
f 2456 2455 2462
f 2466 2465 2479
f 2471 2469 2468
f 2471 2470 2469
f 2477 2482 2478
f 2473 2481 2482
f 2476 2482 2477
f 2476 2473 2482
f 2474 2473 2476
f 2475 2474 2476
f 2483 2472 2471
f 2483 2473 2472
f 2483 2481 2473
f 2484 2467 2466
f 2484 2468 2467
f 2484 2466 2479
f 2484 2471 2468
f 2485 2479 2480
f 2485 2480 2481
f 2485 2471 2484
f 2485 2484 2479
f 2485 2483 2471
f 2485 2481 2483
f 2499 2492 2491
f 2499 2493 2492
f 2494 2488 2487
f 2486 2494 2487
f 2500 2489 2488
f 2500 2490 2489
f 2500 2491 2490
f 2500 2494 2495
f 2500 2495 2496
f 2500 2496 2497
f 2500 2497 2498
f 2500 2498 2499
f 2500 2499 2491
f 2500 2488 2494
f 2507 2511 2506
f 2512 2511 2507
f 2517 2513 2512
f 2516 2507 2508
f 2516 2512 2507
f 2516 2517 2512
f 2504 2510 2505
f 2501 2514 2502
f 2518 2514 2515
f 2518 2515 2516
f 2518 2516 2508
f 2519 2503 2502
f 2519 2504 2503
f 2519 2508 2509
f 2519 2509 2510
f 2519 2514 2518
f 2519 2510 2504
f 2519 2518 2508
f 2519 2502 2514
f 2527 2531 2528
f 2526 2530 2531
f 2526 2531 2527
f 2525 2529 2530
f 2525 2532 2533
f 2525 2533 2534
f 2525 2534 2529
f 2525 2530 2526
f 2524 2538 2539
f 2524 2539 2532
f 2524 2532 2525
f 2523 2537 2538
f 2523 2538 2524
f 2522 2536 2537
f 2522 2537 2523
f 2521 2536 2522
f 2520 2535 2536
f 2520 2536 2521
f 2553 2546 2545
f 2553 2547 2546
f 2548 2542 2541
f 2540 2548 2541
f 2554 2543 2542
f 2554 2544 2543
f 2554 2545 2544
f 2554 2548 2549
f 2554 2549 2550
f 2554 2550 2551
f 2554 2551 2552
f 2554 2552 2553
f 2554 2553 2545
f 2554 2542 2548
f 2556 2559 2555
f 2556 2560 2559
f 2557 2561 2560
f 2557 2560 2556
f 2558 2561 2557
f 2574 2561 2558
f 2575 2561 2574
f 2568 2562 2561
f 2568 2561 2575
f 2569 2563 2562
f 2569 2562 2568
f 2570 2563 2569
f 2571 2564 2563
f 2571 2563 2570
f 2572 2565 2564
f 2572 2564 2571
f 2573 2566 2565
f 2573 2565 2572
f 2567 2566 2573
f 2577 2576 2590
f 2582 2580 2579
f 2582 2581 2580
f 2588 2593 2589
f 2584 2592 2593
f 2587 2593 2588
f 2587 2584 2593
f 2585 2584 2587
f 2586 2585 2587
f 2594 2583 2582
f 2594 2584 2583
f 2594 2592 2584
f 2595 2578 2577
f 2595 2579 2578
f 2595 2577 2590
f 2595 2582 2579
f 2596 2590 2591
f 2596 2591 2592
f 2596 2582 2595
f 2596 2595 2590
f 2596 2594 2582
f 2596 2592 2594
f 2610 2603 2602
f 2610 2604 2603
f 2605 2599 2598
f 2597 2605 2598
f 2611 2600 2599
f 2611 2601 2600
f 2611 2602 2601
f 2611 2605 2606
f 2611 2606 2607
f 2611 2607 2608
f 2611 2608 2609
f 2611 2609 2610
f 2611 2610 2602
f 2611 2599 2605
f 2618 2622 2617
f 2623 2622 2618
f 2628 2624 2623
f 2627 2618 2619
f 2627 2623 2618
f 2627 2628 2623
f 2615 2621 2616
f 2612 2625 2613
f 2629 2625 2626
f 2629 2626 2627
f 2629 2627 2619
f 2630 2614 2613
f 2630 2615 2614
f 2630 2619 2620
f 2630 2620 2621
f 2630 2625 2629
f 2630 2621 2615
f 2630 2629 2619
f 2630 2613 2625
f 2638 2642 2639
f 2637 2641 2642
f 2637 2642 2638
f 2636 2640 2641
f 2636 2643 2644
f 2636 2644 2645
f 2636 2645 2640
f 2636 2641 2637
f 2635 2649 2650
f 2635 2650 2643
f 2635 2643 2636
f 2634 2648 2649
f 2634 2649 2635
f 2633 2647 2648
f 2633 2648 2634
f 2632 2647 2633
f 2631 2646 2647
f 2631 2647 2632
f 2664 2657 2656
f 2664 2658 2657
f 2659 2653 2652
f 2651 2659 2652
f 2665 2654 2653
f 2665 2655 2654
f 2665 2656 2655
f 2665 2659 2660
f 2665 2660 2661
f 2665 2661 2662
f 2665 2662 2663
f 2665 2663 2664
f 2665 2664 2656
f 2665 2653 2659
f 2667 2670 2666
f 2667 2671 2670
f 2668 2672 2671
f 2668 2671 2667
f 2669 2672 2668
f 2685 2672 2669
f 2686 2672 2685
f 2679 2673 2672
f 2679 2672 2686
f 2680 2674 2673
f 2680 2673 2679
f 2681 2674 2680
f 2682 2675 2674
f 2682 2674 2681
f 2683 2676 2675
f 2683 2675 2682
f 2684 2677 2676
f 2684 2676 2683
f 2678 2677 2684
f 2688 2687 2701
f 2693 2691 2690
f 2693 2692 2691
f 2699 2704 2700
f 2695 2703 2704
f 2698 2704 2699
f 2698 2695 2704
f 2696 2695 2698
f 2697 2696 2698
f 2705 2694 2693
f 2705 2695 2694
f 2705 2703 2695
f 2706 2689 2688
f 2706 2690 2689
f 2706 2688 2701
f 2706 2693 2690
f 2707 2701 2702
f 2707 2702 2703
f 2707 2693 2706
f 2707 2706 2701
f 2707 2705 2693
f 2707 2703 2705
f 2721 2714 2713
f 2721 2715 2714
f 2716 2710 2709
f 2708 2716 2709
f 2722 2711 2710
f 2722 2712 2711
f 2722 2713 2712
f 2722 2716 2717
f 2722 2717 2718
f 2722 2718 2719
f 2722 2719 2720
f 2722 2720 2721
f 2722 2721 2713
f 2722 2710 2716
f 2729 2733 2728
f 2734 2733 2729
f 2739 2735 2734
f 2738 2729 2730
f 2738 2734 2729
f 2738 2739 2734
f 2726 2732 2727
f 2723 2736 2724
f 2740 2736 2737
f 2740 2737 2738
f 2740 2738 2730
f 2741 2725 2724
f 2741 2726 2725
f 2741 2730 2731
f 2741 2731 2732
f 2741 2736 2740
f 2741 2732 2726
f 2741 2740 2730
f 2741 2724 2736
f 2749 2753 2750
f 2748 2752 2753
f 2748 2753 2749
f 2747 2751 2752
f 2747 2754 2755
f 2747 2755 2756
f 2747 2756 2751
f 2747 2752 2748
f 2746 2760 2761
f 2746 2761 2754
f 2746 2754 2747
f 2745 2759 2760
f 2745 2760 2746
f 2744 2758 2759
f 2744 2759 2745
f 2743 2758 2744
f 2742 2757 2758
f 2742 2758 2743
f 2775 2768 2767
f 2775 2769 2768
f 2770 2764 2763
f 2762 2770 2763
f 2776 2765 2764
f 2776 2766 2765
f 2776 2767 2766
f 2776 2770 2771
f 2776 2771 2772
f 2776 2772 2773
f 2776 2773 2774
f 2776 2774 2775
f 2776 2775 2767
f 2776 2764 2770
f 2778 2781 2777
f 2778 2782 2781
f 2779 2783 2782
f 2779 2782 2778
f 2780 2783 2779
f 2796 2783 2780
f 2797 2783 2796
f 2790 2784 2783
f 2790 2783 2797
f 2791 2785 2784
f 2791 2784 2790
f 2792 2785 2791
f 2793 2786 2785
f 2793 2785 2792
f 2794 2787 2786
f 2794 2786 2793
f 2795 2788 2787
f 2795 2787 2794
f 2789 2788 2795
f 2799 2798 2812
f 2804 2802 2801
f 2804 2803 2802
f 2810 2815 2811
f 2806 2814 2815
f 2809 2815 2810
f 2809 2806 2815
f 2807 2806 2809
f 2808 2807 2809
f 2816 2805 2804
f 2816 2806 2805
f 2816 2814 2806
f 2817 2800 2799
f 2817 2801 2800
f 2817 2799 2812
f 2817 2804 2801
f 2818 2812 2813
f 2818 2813 2814
f 2818 2804 2817
f 2818 2817 2812
f 2818 2816 2804
f 2818 2814 2816
f 2832 2825 2824
f 2832 2826 2825
f 2827 2821 2820
f 2819 2827 2820
f 2833 2822 2821
f 2833 2823 2822
f 2833 2824 2823
f 2833 2827 2828
f 2833 2828 2829
f 2833 2829 2830
f 2833 2830 2831
f 2833 2831 2832
f 2833 2832 2824
f 2833 2821 2827
f 2840 2844 2839
f 2845 2844 2840
f 2850 2846 2845
f 2849 2840 2841
f 2849 2845 2840
f 2849 2850 2845
f 2837 2843 2838
f 2834 2847 2835
f 2851 2847 2848
f 2851 2848 2849
f 2851 2849 2841
f 2852 2836 2835
f 2852 2837 2836
f 2852 2841 2842
f 2852 2842 2843
f 2852 2847 2851
f 2852 2843 2837
f 2852 2851 2841
f 2852 2835 2847
f 2856 2863 2855
f 2862 2863 2856
f 2857 2862 2856
f 2861 2862 2857
f 2858 2861 2857
f 2860 2861 2858
f 2859 2860 2858
f 2853 2860 2859
f 2854 2853 2859
f 2872 2870 2871
f 2873 2868 2869
f 2873 2869 2870
f 2873 2870 2872
f 2874 2866 2867
f 2874 2867 2868
f 2874 2868 2873
f 2875 2866 2874
f 2865 2866 2875
f 2864 2865 2875
f 2879 2886 2878
f 2885 2886 2879
f 2880 2885 2879
f 2884 2885 2880
f 2881 2884 2880
f 2883 2884 2881
f 2882 2883 2881
f 2876 2883 2882
f 2877 2876 2882
f 2895 2893 2894
f 2896 2891 2892
f 2896 2892 2893
f 2896 2893 2895
f 2897 2889 2890
f 2897 2890 2891
f 2897 2891 2896
f 2898 2889 2897
f 2888 2889 2898
f 2887 2888 2898
f 2902 2909 2901
f 2908 2909 2902
f 2903 2908 2902
f 2907 2908 2903
f 2904 2907 2903
f 2906 2907 2904
f 2905 2906 2904
f 2899 2906 2905
f 2900 2899 2905
f 2918 2916 2917
f 2919 2914 2915
f 2919 2915 2916
f 2919 2916 2918
f 2920 2912 2913
f 2920 2913 2914
f 2920 2914 2919
f 2921 2912 2920
f 2911 2912 2921
f 2910 2911 2921
f 2925 2932 2924
f 2931 2932 2925
f 2926 2931 2925
f 2930 2931 2926
f 2927 2930 2926
f 2929 2930 2927
f 2928 2929 2927
f 2922 2929 2928
f 2923 2922 2928
f 2941 2939 2940
f 2942 2937 2938
f 2942 2938 2939
f 2942 2939 2941
f 2943 2935 2936
f 2943 2936 2937
f 2943 2937 2942
f 2944 2935 2943
f 2934 2935 2944
f 2933 2934 2944
f 2954 2952 2951
f 2955 2951 2950
f 2955 2954 2951
f 2956 2950 2949
f 2956 2955 2950
f 2957 2949 2948
f 2957 2956 2949
f 2958 2948 2947
f 2958 2957 2948
f 2959 2958 2947
f 2960 2947 2946
f 2960 2959 2947
f 2953 2946 2945
f 2953 2960 2946
f 2989 2981 2980
f 2989 2980 2988
f 2990 2982 2981
f 2990 2981 2989
f 2991 2983 2982
f 2991 2982 2990
f 2992 2984 2983
f 2992 2983 2991
f 2993 2985 2984
f 2993 2984 2992
f 2994 2976 2975
f 2994 2986 2985
f 2994 2975 2986
f 2994 2985 2993
f 2995 2988 2987
f 2995 2991 2990
f 2995 2990 2989
f 2995 2989 2988
f 2996 2993 2992
f 2996 2991 2995
f 2996 2992 2991
f 2997 2993 2996
f 2998 2976 2994
f 2998 2993 2997
f 2998 2994 2993
f 2999 2995 2987
f 3000 2995 2999
f 3001 2996 2995
f 3001 2995 3000
f 3002 2996 3001
f 3003 2997 2996
f 3003 2996 3002
f 3004 2977 2976
f 3004 2976 2998
f 3004 2998 2997
f 3004 2997 3003
f 3005 2987 2964
f 3005 2999 2987
f 3006 2999 3005
f 3006 3005 2964
f 3006 3000 2999
f 3006 3001 3000
f 3007 3001 3006
f 3008 3001 3007
f 3008 3003 3002
f 3008 3002 3001
f 3009 3003 3008
f 3010 3003 3009
f 3010 2977 3004
f 3010 3004 3003
f 3011 2964 2963
f 3011 3006 2964
f 3012 3006 3011
f 3012 3007 3006
f 3013 3008 3007
f 3013 3007 3012
f 3014 3010 3009
f 3014 3008 3013
f 3014 3009 3008
f 3015 2977 3010
f 3015 3010 3014
f 3016 2963 2962
f 3016 3011 2963
f 3017 3011 3016
f 3017 3012 3011
f 3018 3013 3012
f 3018 3012 3017
f 3019 3014 3013
f 3019 3015 3014
f 3019 3013 3018
f 3020 2977 3015
f 3020 2978 2977
f 3020 3015 3019
f 3021 2962 2961
f 3021 3016 2962
f 3022 3017 3016
f 3022 3016 3021
f 3023 3017 3022
f 3024 3018 3017
f 3024 3017 3023
f 3025 3019 3018
f 3025 3020 3019
f 3025 3018 3024
f 3026 2978 3020
f 3026 3020 3025
f 3027 2961 2967
f 3027 3022 3021
f 3027 3021 2961
f 3027 3023 3022
f 3027 3024 3023
f 3028 3024 3027
f 3029 3025 3024
f 3029 3024 3028
f 3030 2978 3026
f 3030 3026 3025
f 3030 3025 3029
f 3031 3027 2967
f 3032 3027 3031
f 3033 3027 3032
f 3034 3028 3027
f 3034 3027 3033
f 3035 3029 3028
f 3035 3028 3034
f 3036 2979 2978
f 3036 2978 3030
f 3036 3030 3029
f 3036 3029 3035
f 3037 2967 2966
f 3037 3031 2967
f 3037 3032 3031
f 3037 3033 3032
f 3038 3034 3033
f 3038 3035 3034
f 3038 3033 3037
f 3039 3035 3038
f 3040 3035 3039
f 3040 2979 3036
f 3040 3036 3035
f 3041 2966 2965
f 3041 2965 2968
f 3041 3037 2966
f 3042 2968 2969
f 3042 3037 3041
f 3042 3041 2968
f 3043 2969 2970
f 3043 2970 2971
f 3043 3042 2969
f 3043 3037 3042
f 3044 3039 3038
f 3044 2971 2972
f 3044 3037 3043
f 3044 3043 2971
f 3044 3038 3037
f 3045 3044 2972
f 3045 3039 3044
f 3046 2979 3040
f 3046 3045 2972
f 3046 2972 2973
f 3046 2973 2974
f 3046 2974 2979
f 3046 3039 3045
f 3046 3040 3039
f 3067 3057 3058
f 3067 3058 3059
f 3067 3059 3060
f 3052 3051 3054
f 3052 3054 3055
f 3052 3055 3056
f 3049 3063 3062
f 3049 3048 3063
f 3068 3062 3061
f 3069 3062 3068
f 3050 3049 3062
f 3050 3062 3069
f 3070 3053 3052
f 3070 3056 3057
f 3070 3067 3066
f 3070 3057 3067
f 3070 3052 3056
f 3071 3048 3047
f 3071 3064 3063
f 3071 3063 3048
f 3072 3066 3065
f 3072 3053 3070
f 3072 3070 3066
f 3073 3047 3053
f 3073 3065 3064
f 3073 3071 3047
f 3073 3064 3071
f 3073 3053 3072
f 3073 3072 3065
f 3078 3083 3084
f 3078 3084 3077
f 3074 3075 3083
f 3074 3083 3078
f 3085 3076 3077
f 3085 3079 3076
f 3085 3080 3079
f 3085 3081 3080
f 3085 3082 3081
f 3085 3084 3082
f 3085 3077 3084
f 3087 3086 3094
f 3089 3088 3087
f 3097 3090 3089
f 3097 3091 3090
f 3097 3092 3091
f 3097 3093 3092
f 3097 3094 3095
f 3097 3095 3096
f 3097 3096 3093
f 3097 3087 3094
f 3097 3089 3087
f 3100 3099 3105
f 3103 3100 3105
f 3101 3100 3103
f 3102 3101 3103
f 3109 3099 3098
f 3109 3104 3105
f 3109 3098 3106
f 3109 3106 3107
f 3109 3107 3108
f 3109 3108 3104
f 3109 3105 3099
f 3128 3120 3119
f 3128 3121 3120
f 3128 3122 3121
f 3115 3114 3125
f 3130 3117 3129
f 3118 3117 3130
f 3110 3118 3130
f 3111 3118 3110
f 3112 3118 3111
f 3113 3118 3112
f 3131 3123 3122
f 3131 3124 3123
f 3131 3125 3124
f 3131 3128 3127
f 3131 3122 3128
f 3131 3115 3125
f 3132 3117 3116
f 3132 3126 3129
f 3132 3129 3117
f 3133 3116 3115
f 3133 3127 3126
f 3133 3115 3131
f 3133 3131 3127
f 3134 3132 3116
f 3134 3133 3126
f 3134 3126 3132
f 3134 3116 3133
f 3163 3155 3154
f 3163 3154 3162
f 3164 3156 3155
f 3164 3155 3163
f 3165 3157 3156
f 3165 3156 3164
f 3166 3158 3157
f 3166 3157 3165
f 3167 3159 3158
f 3167 3158 3166
f 3168 3150 3149
f 3168 3160 3159
f 3168 3149 3160
f 3168 3159 3167
f 3169 3162 3161
f 3169 3165 3164
f 3169 3164 3163
f 3169 3163 3162
f 3170 3165 3169
f 3170 3166 3165
f 3171 3167 3166
f 3171 3166 3170
f 3171 3168 3167
f 3172 3150 3168
f 3172 3168 3171
f 3173 3169 3161
f 3174 3169 3173
f 3175 3169 3174
f 3176 3170 3169
f 3176 3169 3175
f 3177 3171 3170
f 3177 3170 3176
f 3178 3151 3150
f 3178 3150 3172
f 3178 3172 3171
f 3178 3171 3177
f 3179 3161 3138
f 3179 3173 3161
f 3179 3174 3173
f 3179 3176 3175
f 3179 3175 3174
f 3180 3176 3179
f 3181 3176 3180
f 3181 3177 3176
f 3182 3138 3137
f 3182 3179 3138
f 3183 3178 3177
f 3183 3177 3181
f 3183 3151 3178
f 3184 3179 3182
f 3185 3179 3184
f 3186 3180 3179
f 3186 3179 3185
f 3187 3180 3186
f 3187 3181 3180
f 3188 3183 3181
f 3188 3151 3183
f 3188 3181 3187
f 3189 3137 3136
f 3189 3182 3137
f 3189 3184 3182
f 3190 3185 3184
f 3190 3184 3189
f 3190 3186 3185
f 3191 3186 3190
f 3192 3187 3186
f 3192 3188 3187
f 3192 3186 3191
f 3193 3152 3151
f 3193 3151 3188
f 3193 3188 3192
f 3194 3189 3136
f 3195 3190 3189
f 3195 3189 3194
f 3196 3191 3190
f 3196 3190 3195
f 3197 3192 3191
f 3197 3191 3196
f 3198 3152 3193
f 3198 3193 3192
f 3198 3192 3197
f 3199 3136 3135
f 3200 3194 3136
f 3200 3195 3194
f 3200 3136 3199
f 3201 3196 3195
f 3201 3195 3200
f 3202 3196 3201
f 3203 3197 3196
f 3203 3202 3152
f 3203 3196 3202
f 3204 3152 3198
f 3204 3198 3197
f 3204 3203 3152
f 3204 3197 3203
f 3205 3135 3141
f 3205 3199 3135
f 3206 3199 3205
f 3206 3200 3199
f 3207 3201 3200
f 3207 3200 3206
f 3208 3152 3202
f 3208 3202 3201
f 3208 3201 3207
f 3209 3152 3208
f 3210 3153 3152
f 3210 3152 3209
f 3211 3141 3140
f 3211 3205 3141
f 3211 3206 3205
f 3211 3207 3206
f 3212 3208 3207
f 3212 3207 3211
f 3213 3208 3212
f 3213 3209 3208
f 3214 3209 3213
f 3214 3153 3210
f 3214 3210 3209
f 3215 3140 3139
f 3215 3139 3142
f 3215 3211 3140
f 3216 3142 3143
f 3216 3211 3215
f 3216 3215 3142
f 3217 3143 3144
f 3217 3216 3143
f 3217 3211 3216
f 3218 3144 3145
f 3218 3211 3217
f 3218 3212 3211
f 3218 3217 3144
f 3219 3213 3212
f 3219 3214 3213
f 3219 3212 3218
f 3219 3145 3146
f 3219 3218 3145
f 3220 3153 3214
f 3220 3146 3147
f 3220 3214 3219
f 3220 3147 3148
f 3220 3148 3153
f 3220 3219 3146
f 3236 3228 3227
f 3235 3227 3226
f 3235 3236 3227
f 3234 3226 3225
f 3234 3235 3226
f 3233 3225 3224
f 3233 3234 3225
f 3232 3224 3223
f 3232 3233 3224
f 3231 3223 3222
f 3231 3232 3223
f 3230 3222 3221
f 3230 3231 3222
f 3229 3230 3221
f 3258 3250 3249
f 3258 3251 3250
f 3252 3251 3258
f 3245 3244 3255
f 3238 3246 3237
f 3247 3246 3238
f 3248 3238 3239
f 3248 3247 3238
f 3241 3239 3240
f 3242 3239 3241
f 3243 3248 3239
f 3243 3239 3242
f 3259 3253 3252
f 3259 3254 3253
f 3259 3255 3254
f 3259 3257 3256
f 3259 3258 3257
f 3259 3252 3258
f 3259 3245 3255
f 3260 3246 3245
f 3260 3256 3237
f 3260 3245 3259
f 3260 3259 3256
f 3260 3237 3246
f 3289 3281 3280
f 3289 3280 3288
f 3290 3282 3281
f 3290 3281 3289
f 3291 3283 3282
f 3291 3282 3290
f 3292 3284 3283
f 3292 3283 3291
f 3293 3285 3284
f 3293 3284 3292
f 3294 3276 3275
f 3294 3286 3285
f 3294 3275 3286
f 3294 3285 3293
f 3295 3288 3287
f 3295 3291 3290
f 3295 3290 3289
f 3295 3289 3288
f 3296 3291 3295
f 3296 3292 3291
f 3297 3293 3292
f 3297 3292 3296
f 3298 3276 3294
f 3298 3293 3297
f 3298 3294 3293
f 3299 3295 3287
f 3300 3295 3299
f 3301 3295 3300
f 3302 3296 3295
f 3302 3295 3301
f 3303 3297 3296
f 3303 3296 3302
f 3304 3277 3276
f 3304 3276 3298
f 3304 3298 3297
f 3304 3297 3303
f 3305 3287 3264
f 3305 3299 3287
f 3305 3300 3299
f 3305 3301 3300
f 3306 3301 3305
f 3306 3302 3301
f 3307 3302 3306
f 3307 3303 3302
f 3308 3264 3263
f 3308 3305 3264
f 3309 3304 3303
f 3309 3303 3307
f 3309 3277 3304
f 3310 3308 3263
f 3310 3305 3308
f 3311 3305 3310
f 3312 3307 3306
f 3312 3305 3311
f 3312 3306 3305
f 3313 3307 3312
f 3314 3309 3307
f 3314 3277 3309
f 3314 3307 3313
f 3315 3263 3262
f 3315 3310 3263
f 3316 3311 3310
f 3316 3310 3315
f 3317 3312 3311
f 3317 3311 3316
f 3318 3313 3312
f 3318 3314 3313
f 3318 3312 3317
f 3319 3278 3277
f 3319 3277 3314
f 3319 3314 3318
f 3320 3316 3315
f 3320 3315 3262
f 3321 3316 3320
f 3322 3317 3316
f 3322 3316 3321
f 3323 3318 3317
f 3323 3317 3322
f 3324 3278 3319
f 3324 3319 3318
f 3324 3318 3323
f 3325 3262 3261
f 3326 3320 3262
f 3326 3262 3325
f 3327 3321 3320
f 3327 3320 3326
f 3328 3322 3321
f 3328 3321 3327
f 3329 3328 3278
f 3329 3323 3322
f 3329 3322 3328
f 3330 3278 3324
f 3330 3324 3323
f 3330 3329 3278
f 3330 3323 3329
f 3331 3261 3267
f 3331 3325 3261
f 3332 3326 3325
f 3332 3327 3326
f 3332 3325 3331
f 3333 3327 3332
f 3334 3278 3328
f 3334 3328 3327
f 3334 3327 3333
f 3335 3278 3334
f 3336 3279 3278
f 3336 3278 3335
f 3337 3267 3266
f 3337 3331 3267
f 3337 3332 3331
f 3337 3333 3332
f 3338 3334 3333
f 3338 3333 3337
f 3339 3335 3334
f 3339 3334 3338
f 3340 3335 3339
f 3340 3279 3336
f 3340 3336 3335
f 3341 3266 3265
f 3341 3265 3268
f 3341 3337 3266
f 3342 3268 3269
f 3342 3269 3270
f 3342 3337 3341
f 3342 3341 3268
f 3343 3337 3342
f 3343 3342 3270
f 3344 3270 3271
f 3344 3337 3343
f 3344 3338 3337
f 3344 3343 3270
f 3345 3339 3338
f 3345 3338 3344
f 3345 3271 3272
f 3345 3272 3273
f 3345 3344 3271
f 3346 3340 3339
f 3346 3279 3340
f 3346 3339 3345
f 3346 3273 3274
f 3346 3274 3279
f 3346 3345 3273
f 3361 3354 3353
f 3361 3362 3354
f 3360 3353 3352
f 3360 3361 3353
f 3359 3352 3351
f 3359 3360 3352
f 3358 3351 3350
f 3358 3359 3351
f 3357 3350 3349
f 3357 3358 3350
f 3356 3349 3348
f 3356 3357 3349
f 3355 3348 3347
f 3355 3356 3348
f 3373 3370 3369
f 3373 3372 3370
f 3374 3369 3368
f 3374 3373 3369
f 3375 3368 3367
f 3375 3374 3368
f 3376 3367 3366
f 3376 3375 3367
f 3377 3366 3365
f 3377 3376 3366
f 3378 3364 3363
f 3378 3365 3364
f 3378 3377 3365
f 3371 3378 3363
f 3407 3399 3398
f 3407 3398 3406
f 3408 3400 3399
f 3408 3401 3400
f 3408 3399 3407
f 3409 3401 3408
f 3410 3402 3401
f 3410 3401 3409
f 3411 3403 3402
f 3411 3402 3410
f 3412 3394 3393
f 3412 3404 3403
f 3412 3393 3404
f 3412 3403 3411
f 3413 3406 3405
f 3413 3409 3408
f 3413 3408 3407
f 3413 3407 3406
f 3414 3411 3410
f 3414 3409 3413
f 3414 3410 3409
f 3415 3411 3414
f 3416 3394 3412
f 3416 3411 3415
f 3416 3412 3411
f 3417 3413 3405
f 3418 3413 3417
f 3419 3413 3418
f 3420 3414 3413
f 3420 3413 3419
f 3421 3415 3414
f 3421 3414 3420
f 3422 3395 3394
f 3422 3394 3416
f 3422 3416 3415
f 3422 3415 3421
f 3423 3405 3382
f 3423 3417 3405
f 3424 3417 3423
f 3424 3423 3382
f 3424 3418 3417
f 3424 3419 3418
f 3425 3419 3424
f 3426 3419 3425
f 3426 3420 3419
f 3427 3420 3426
f 3427 3421 3420
f 3428 3422 3421
f 3428 3421 3427
f 3428 3395 3422
f 3429 3382 3381
f 3429 3424 3382
f 3430 3424 3429
f 3430 3425 3424
f 3431 3426 3425
f 3431 3425 3430
f 3432 3426 3431
f 3432 3427 3426
f 3433 3428 3427
f 3433 3395 3428
f 3433 3427 3432
f 3434 3381 3380
f 3434 3429 3381
f 3435 3429 3434
f 3435 3430 3429
f 3436 3431 3430
f 3436 3430 3435
f 3437 3432 3431
f 3437 3431 3436
f 3438 3396 3395
f 3438 3395 3433
f 3438 3433 3432
f 3438 3432 3437
f 3439 3380 3379
f 3440 3434 3380
f 3440 3435 3434
f 3440 3380 3439
f 3441 3435 3440
f 3442 3436 3435
f 3442 3435 3441
f 3443 3437 3436
f 3443 3436 3442
f 3444 3396 3438
f 3444 3438 3437
f 3444 3437 3443
f 3445 3379 3385
f 3445 3439 3379
f 3445 3440 3439
f 3445 3441 3440
f 3446 3441 3445
f 3446 3442 3441
f 3447 3443 3442
f 3447 3442 3446
f 3448 3396 3444
f 3448 3444 3443
f 3448 3443 3447
f 3449 3445 3385
f 3450 3445 3449
f 3451 3445 3450
f 3452 3446 3445
f 3452 3445 3451
f 3453 3447 3446
f 3453 3446 3452
f 3454 3397 3396
f 3454 3396 3448
f 3454 3448 3447
f 3454 3447 3453
f 3455 3385 3384
f 3455 3449 3385
f 3455 3450 3449
f 3455 3451 3450
f 3456 3452 3451
f 3456 3453 3452
f 3456 3451 3455
f 3457 3453 3456
f 3458 3453 3457
f 3458 3397 3454
f 3458 3454 3453
f 3459 3384 3383
f 3459 3383 3386
f 3459 3455 3384
f 3460 3386 3387
f 3460 3387 3388
f 3460 3455 3459
f 3460 3459 3386
f 3461 3455 3460
f 3461 3460 3388
f 3461 3456 3455
f 3462 3388 3389
f 3462 3456 3461
f 3462 3461 3388
f 3463 3457 3456
f 3463 3456 3462
f 3463 3389 3390
f 3463 3462 3389
f 3464 3397 3458
f 3464 3390 3391
f 3464 3391 3392
f 3464 3392 3397
f 3464 3457 3463
f 3464 3463 3390
f 3464 3458 3457
f 3471 3486 3487
f 3471 3487 3488
f 3471 3488 3472
f 3481 3480 3483
f 3481 3483 3484
f 3481 3484 3485
f 3478 3469 3468
f 3477 3468 3467
f 3477 3478 3468
f 3466 3477 3467
f 3476 3477 3466
f 3465 3476 3466
f 3473 3476 3465
f 3474 3476 3473
f 3475 3476 3474
f 3489 3470 3469
f 3489 3471 3470
f 3489 3478 3479
f 3489 3482 3481
f 3489 3479 3482
f 3489 3485 3486
f 3489 3486 3471
f 3489 3481 3485
f 3489 3469 3478
f 3511 3503 3502
f 3511 3504 3503
f 3505 3504 3511
f 3498 3497 3508
f 3491 3499 3490
f 3500 3499 3491
f 3501 3491 3492
f 3501 3500 3491
f 3494 3492 3493
f 3495 3492 3494
f 3496 3501 3492
f 3496 3492 3495
f 3512 3506 3505
f 3512 3507 3506
f 3512 3508 3507
f 3512 3510 3509
f 3512 3511 3510
f 3512 3505 3511
f 3512 3498 3508
f 3513 3499 3498
f 3513 3509 3490
f 3513 3498 3512
f 3513 3512 3509
f 3513 3490 3499
f 3542 3534 3533
f 3542 3533 3541
f 3543 3535 3534
f 3543 3534 3542
f 3544 3536 3535
f 3544 3535 3543
f 3545 3537 3536
f 3545 3536 3544
f 3546 3538 3537
f 3546 3537 3545
f 3547 3529 3528
f 3547 3539 3538
f 3547 3528 3539
f 3547 3538 3546
f 3548 3541 3540
f 3548 3544 3543
f 3548 3543 3542
f 3548 3542 3541
f 3548 3545 3544
f 3549 3545 3548
f 3550 3546 3545
f 3550 3545 3549
f 3550 3547 3546
f 3551 3529 3547
f 3551 3547 3550
f 3552 3548 3540
f 3553 3548 3552
f 3554 3548 3553
f 3555 3549 3548
f 3555 3548 3554
f 3556 3550 3549
f 3556 3549 3555
f 3557 3530 3529
f 3557 3529 3551
f 3557 3551 3550
f 3557 3550 3556
f 3558 3540 3517
f 3558 3552 3540
f 3558 3553 3552
f 3558 3555 3554
f 3558 3554 3553
f 3559 3555 3558
f 3560 3557 3556
f 3560 3555 3559
f 3560 3556 3555
f 3561 3517 3516
f 3561 3558 3517
f 3562 3557 3560
f 3562 3530 3557
f 3563 3558 3561
f 3564 3558 3563
f 3565 3559 3558
f 3565 3558 3564
f 3565 3560 3559
f 3566 3560 3565
f 3567 3562 3560
f 3567 3530 3562
f 3567 3560 3566
f 3568 3516 3515
f 3568 3561 3516
f 3568 3563 3561
f 3569 3564 3563
f 3569 3563 3568
f 3570 3564 3569
f 3570 3565 3564
f 3571 3566 3565
f 3571 3565 3570
f 3572 3566 3571
f 3572 3531 3530
f 3572 3530 3567
f 3572 3567 3566
f 3573 3568 3515
f 3574 3569 3568
f 3574 3568 3573
f 3575 3570 3569
f 3575 3569 3574
f 3576 3571 3570
f 3576 3570 3575
f 3577 3531 3572
f 3577 3572 3571
f 3577 3571 3576
f 3578 3515 3514
f 3579 3573 3515
f 3579 3515 3578
f 3580 3574 3573
f 3580 3573 3579
f 3581 3575 3574
f 3581 3576 3575
f 3581 3574 3580
f 3582 3581 3531
f 3582 3576 3581
f 3583 3531 3577
f 3583 3577 3576
f 3583 3582 3531
f 3583 3576 3582
f 3584 3514 3520
f 3584 3578 3514
f 3585 3578 3584
f 3585 3579 3578
f 3586 3580 3579
f 3586 3579 3585
f 3587 3531 3581
f 3587 3581 3580
f 3587 3580 3586
f 3588 3531 3587
f 3589 3532 3531
f 3589 3531 3588
f 3590 3520 3519
f 3590 3584 3520
f 3590 3585 3584
f 3590 3586 3585
f 3591 3587 3586
f 3591 3588 3587
f 3591 3586 3590
f 3592 3588 3591
f 3592 3589 3588
f 3593 3589 3592
f 3593 3532 3589
f 3594 3519 3518
f 3594 3518 3521
f 3594 3590 3519
f 3595 3521 3522
f 3595 3590 3594
f 3595 3594 3521
f 3596 3522 3523
f 3596 3595 3522
f 3596 3590 3595
f 3597 3523 3524
f 3597 3590 3596
f 3597 3591 3590
f 3597 3596 3523
f 3598 3597 3524
f 3598 3524 3525
f 3598 3591 3597
f 3598 3592 3591
f 3599 3593 3592
f 3599 3532 3593
f 3599 3592 3598
f 3599 3525 3526
f 3599 3526 3527
f 3599 3527 3532
f 3599 3598 3525
f 3614 3607 3606
f 3614 3615 3607
f 3613 3606 3605
f 3613 3614 3606
f 3612 3605 3604
f 3612 3613 3605
f 3611 3604 3603
f 3611 3612 3604
f 3610 3603 3602
f 3610 3611 3603
f 3609 3602 3601
f 3609 3610 3602
f 3608 3601 3600
f 3608 3609 3601
f 3622 3634 3623
f 3622 3635 3634
f 3622 3636 3635
f 3632 3638 3637
f 3632 3639 3638
f 3632 3631 3639
f 3629 3620 3619
f 3628 3619 3618
f 3628 3629 3619
f 3617 3628 3618
f 3627 3628 3617
f 3616 3627 3617
f 3624 3627 3616
f 3625 3627 3624
f 3626 3627 3625
f 3640 3621 3620
f 3640 3622 3621
f 3640 3629 3630
f 3640 3633 3632
f 3640 3630 3633
f 3640 3637 3636
f 3640 3636 3622
f 3640 3632 3637
f 3640 3620 3629
f 3669 3665 3666
f 3669 3666 3668
f 3670 3664 3665
f 3670 3665 3669
f 3671 3663 3664
f 3671 3664 3670
f 3672 3662 3663
f 3672 3663 3671
f 3673 3661 3662
f 3673 3662 3672
f 3674 3656 3655
f 3674 3655 3660
f 3674 3660 3661
f 3674 3661 3673
f 3675 3668 3667
f 3675 3671 3670
f 3675 3670 3669
f 3675 3669 3668
f 3676 3671 3675
f 3676 3672 3671
f 3677 3673 3672
f 3677 3672 3676
f 3678 3673 3677
f 3678 3656 3674
f 3678 3674 3673
f 3679 3675 3667
f 3680 3675 3679
f 3681 3675 3680
f 3682 3676 3675
f 3682 3675 3681
f 3683 3677 3676
f 3683 3676 3682
f 3684 3657 3656
f 3684 3656 3678
f 3684 3678 3677
f 3684 3677 3683
f 3685 3667 3644
f 3685 3679 3667
f 3686 3679 3685
f 3686 3680 3679
f 3686 3685 3644
f 3687 3680 3686
f 3687 3681 3680
f 3688 3681 3687
f 3688 3682 3681
f 3689 3682 3688
f 3689 3683 3682
f 3689 3684 3683
f 3690 3684 3689
f 3690 3657 3684
f 3691 3644 3643
f 3691 3686 3644
f 3692 3686 3691
f 3692 3687 3686
f 3693 3688 3687
f 3693 3687 3692
f 3694 3689 3688
f 3694 3690 3689
f 3694 3688 3693
f 3695 3657 3690
f 3695 3690 3694
f 3696 3643 3642
f 3696 3691 3643
f 3697 3693 3692
f 3697 3691 3696
f 3697 3692 3691
f 3698 3694 3693
f 3698 3693 3697
f 3699 3694 3698
f 3700 3658 3657
f 3700 3657 3695
f 3700 3695 3694
f 3700 3694 3699
f 3701 3642 3641
f 3702 3642 3701
f 3702 3696 3642
f 3703 3696 3702
f 3703 3697 3696
f 3704 3698 3697
f 3704 3697 3703
f 3705 3699 3698
f 3705 3698 3704
f 3706 3658 3700
f 3706 3700 3699
f 3706 3699 3705
f 3707 3641 3647
f 3707 3701 3641
f 3707 3702 3701
f 3707 3703 3702
f 3708 3703 3707
f 3708 3704 3703
f 3709 3705 3704
f 3709 3704 3708
f 3710 3705 3709
f 3710 3658 3706
f 3710 3706 3705
f 3711 3707 3647
f 3712 3707 3711
f 3713 3708 3707
f 3713 3707 3712
f 3714 3709 3708
f 3714 3708 3713
f 3715 3709 3714
f 3716 3659 3658
f 3716 3710 3709
f 3716 3658 3710
f 3716 3709 3715
f 3717 3647 3646
f 3717 3711 3647
f 3717 3712 3711
f 3717 3713 3712
f 3718 3714 3713
f 3718 3713 3717
f 3719 3715 3714
f 3719 3714 3718
f 3720 3715 3719
f 3720 3659 3716
f 3720 3716 3715
f 3721 3646 3645
f 3721 3645 3654
f 3721 3717 3646
f 3722 3721 3654
f 3722 3717 3721
f 3722 3653 3652
f 3722 3654 3653
f 3723 3652 3651
f 3723 3717 3722
f 3723 3722 3652
f 3724 3651 3650
f 3724 3717 3723
f 3724 3723 3651
f 3724 3718 3717
f 3725 3720 3719
f 3725 3719 3718
f 3725 3718 3724
f 3725 3724 3650
f 3726 3659 3720
f 3726 3649 3648
f 3726 3650 3649
f 3726 3648 3659
f 3726 3725 3650
f 3726 3720 3725
f 3741 3734 3733
f 3741 3742 3734
f 3740 3733 3732
f 3740 3741 3733
f 3739 3732 3731
f 3739 3740 3732
f 3738 3731 3730
f 3738 3739 3731
f 3737 3730 3729
f 3737 3738 3730
f 3736 3729 3728
f 3736 3737 3729
f 3735 3728 3727
f 3735 3736 3728
f 3749 3761 3750
f 3749 3762 3761
f 3749 3763 3762
f 3759 3765 3764
f 3759 3766 3765
f 3759 3758 3766
f 3756 3747 3746
f 3755 3746 3745
f 3755 3756 3746
f 3744 3755 3745
f 3754 3755 3744
f 3743 3754 3744
f 3751 3754 3743
f 3752 3754 3751
f 3753 3754 3752
f 3767 3748 3747
f 3767 3749 3748
f 3767 3756 3757
f 3767 3760 3759
f 3767 3757 3760
f 3767 3764 3763
f 3767 3763 3749
f 3767 3759 3764
f 3767 3747 3756
f 3796 3792 3793
f 3796 3793 3795
f 3797 3791 3792
f 3797 3792 3796
f 3798 3789 3790
f 3798 3790 3791
f 3798 3791 3797
f 3799 3789 3798
f 3800 3788 3789
f 3800 3789 3799
f 3801 3783 3782
f 3801 3782 3787
f 3801 3787 3788
f 3801 3788 3800
f 3802 3795 3794
f 3802 3798 3797
f 3802 3797 3796
f 3802 3796 3795
f 3803 3798 3802
f 3803 3799 3798
f 3804 3799 3803
f 3804 3800 3799
f 3805 3783 3801
f 3805 3800 3804
f 3805 3801 3800
f 3806 3802 3794
f 3807 3802 3806
f 3808 3803 3802
f 3808 3802 3807
f 3809 3804 3803
f 3809 3803 3808
f 3810 3804 3809
f 3811 3784 3783
f 3811 3805 3804
f 3811 3783 3805
f 3811 3804 3810
f 3812 3794 3771
f 3812 3806 3794
f 3813 3806 3812
f 3813 3807 3806
f 3813 3812 3771
f 3814 3808 3807
f 3814 3807 3813
f 3814 3809 3808
f 3815 3809 3814
f 3815 3810 3809
f 3816 3810 3815
f 3817 3811 3810
f 3817 3810 3816
f 3817 3784 3811
f 3818 3771 3770
f 3818 3813 3771
f 3819 3814 3813
f 3819 3813 3818
f 3820 3814 3819
f 3820 3815 3814
f 3821 3816 3815
f 3821 3815 3820
f 3822 3816 3821
f 3822 3817 3816
f 3822 3784 3817
f 3823 3770 3769
f 3823 3818 3770
f 3824 3818 3823
f 3824 3819 3818
f 3825 3820 3819
f 3825 3819 3824
f 3826 3821 3820
f 3826 3820 3825
f 3827 3785 3784
f 3827 3822 3821
f 3827 3784 3822
f 3827 3821 3826
f 3828 3769 3768
f 3829 3823 3769
f 3829 3769 3828
f 3830 3824 3823
f 3830 3825 3824
f 3830 3823 3829
f 3831 3825 3830
f 3832 3826 3825
f 3832 3825 3831
f 3833 3785 3827
f 3833 3827 3826
f 3833 3826 3832
f 3834 3768 3774
f 3834 3828 3768
f 3834 3829 3828
f 3834 3830 3829
f 3835 3831 3830
f 3835 3832 3831
f 3835 3830 3834
f 3836 3832 3835
f 3837 3785 3833
f 3837 3833 3832
f 3837 3832 3836
f 3838 3834 3774
f 3839 3834 3838
f 3840 3835 3834
f 3840 3834 3839
f 3841 3835 3840
f 3842 3836 3835
f 3842 3837 3836
f 3842 3835 3841
f 3843 3786 3785
f 3843 3785 3837
f 3843 3837 3842
f 3844 3774 3773
f 3844 3838 3774
f 3844 3839 3838
f 3844 3840 3839
f 3845 3841 3840
f 3845 3840 3844
f 3846 3842 3841
f 3846 3841 3845
f 3847 3842 3846
f 3847 3786 3843
f 3847 3843 3842
f 3848 3773 3772
f 3848 3772 3781
f 3848 3844 3773
f 3849 3848 3781
f 3849 3844 3848
f 3849 3780 3779
f 3849 3781 3780
f 3850 3844 3849
f 3850 3849 3779
f 3851 3778 3777
f 3851 3779 3778
f 3851 3850 3779
f 3851 3844 3850
f 3851 3845 3844
f 3852 3846 3845
f 3852 3777 3776
f 3852 3851 3777
f 3852 3845 3851
f 3853 3847 3846
f 3853 3786 3847
f 3853 3776 3775
f 3853 3775 3786
f 3853 3852 3776
f 3853 3846 3852
f 3869 3861 3860
f 3868 3860 3859
f 3868 3869 3860
f 3867 3859 3858
f 3867 3868 3859
f 3866 3858 3857
f 3866 3867 3858
f 3865 3857 3856
f 3865 3866 3857
f 3864 3856 3855
f 3864 3865 3856
f 3863 3855 3854
f 3863 3864 3855
f 3862 3863 3854
f 3891 3883 3882
f 3891 3884 3883
f 3885 3884 3891
f 3878 3877 3888
f 3871 3879 3870
f 3880 3879 3871
f 3881 3871 3872
f 3881 3880 3871
f 3874 3872 3873
f 3875 3872 3874
f 3876 3881 3872
f 3876 3872 3875
f 3892 3886 3885
f 3892 3887 3886
f 3892 3888 3887
f 3892 3890 3889
f 3892 3891 3890
f 3892 3885 3891
f 3892 3878 3888
f 3893 3879 3878
f 3893 3889 3870
f 3893 3878 3892
f 3893 3892 3889
f 3893 3870 3879
f 3922 3914 3913
f 3922 3913 3921
f 3923 3915 3914
f 3923 3914 3922
f 3924 3916 3915
f 3924 3915 3923
f 3925 3917 3916
f 3925 3916 3924
f 3926 3918 3917
f 3926 3917 3925
f 3927 3909 3908
f 3927 3919 3918
f 3927 3908 3919
f 3927 3918 3926
f 3928 3921 3920
f 3928 3924 3923
f 3928 3923 3922
f 3928 3922 3921
f 3929 3924 3928
f 3929 3925 3924
f 3930 3926 3925
f 3930 3925 3929
f 3931 3909 3927
f 3931 3926 3930
f 3931 3927 3926
f 3932 3928 3920
f 3933 3928 3932
f 3934 3928 3933
f 3935 3929 3928
f 3935 3928 3934
f 3936 3930 3929
f 3936 3931 3930
f 3936 3929 3935
f 3937 3910 3909
f 3937 3909 3931
f 3937 3931 3936
f 3938 3920 3897
f 3938 3932 3920
f 3938 3933 3932
f 3938 3934 3933
f 3939 3934 3938
f 3939 3935 3934
f 3940 3935 3939
f 3940 3936 3935
f 3941 3897 3896
f 3941 3938 3897
f 3942 3937 3936
f 3942 3936 3940
f 3942 3910 3937
f 3943 3941 3896
f 3943 3938 3941
f 3944 3938 3943
f 3945 3940 3939
f 3945 3938 3944
f 3945 3939 3938
f 3946 3940 3945
f 3947 3942 3940
f 3947 3910 3942
f 3947 3940 3946
f 3948 3896 3895
f 3948 3943 3896
f 3949 3944 3943
f 3949 3943 3948
f 3950 3945 3944
f 3950 3944 3949
f 3951 3946 3945
f 3951 3945 3950
f 3952 3911 3910
f 3952 3910 3947
f 3952 3947 3946
f 3952 3946 3951
f 3953 3949 3948
f 3953 3948 3895
f 3954 3949 3953
f 3955 3950 3949
f 3955 3949 3954
f 3956 3951 3950
f 3956 3950 3955
f 3957 3911 3952
f 3957 3952 3951
f 3957 3951 3956
f 3958 3895 3894
f 3958 3894 3900
f 3959 3953 3895
f 3959 3895 3958
f 3960 3954 3953
f 3960 3955 3954
f 3960 3953 3959
f 3961 3955 3960
f 3962 3961 3911
f 3962 3956 3955
f 3962 3955 3961
f 3963 3962 3911
f 3963 3911 3957
f 3963 3957 3956
f 3963 3956 3962
f 3964 3958 3900
f 3965 3959 3958
f 3965 3960 3959
f 3965 3958 3964
f 3966 3960 3965
f 3967 3911 3961
f 3967 3961 3960
f 3967 3960 3966
f 3968 3911 3967
f 3969 3912 3911
f 3969 3911 3968
f 3970 3900 3899
f 3970 3964 3900
f 3970 3965 3964
f 3970 3966 3965
f 3970 3967 3966
f 3971 3968 3967
f 3971 3967 3970
f 3972 3968 3971
f 3973 3968 3972
f 3973 3912 3969
f 3973 3969 3968
f 3974 3899 3898
f 3974 3898 3901
f 3974 3970 3899
f 3975 3901 3902
f 3975 3902 3903
f 3975 3970 3974
f 3975 3974 3901
f 3976 3970 3975
f 3976 3975 3903
f 3977 3976 3903
f 3977 3903 3904
f 3977 3970 3976
f 3977 3971 3970
f 3978 3972 3971
f 3978 3904 3905
f 3978 3977 3904
f 3978 3971 3977
f 3979 3973 3972
f 3979 3912 3973
f 3979 3905 3906
f 3979 3906 3907
f 3979 3978 3905
f 3979 3907 3912
f 3979 3972 3978
f 3994 3987 3986
f 3994 3995 3987
f 3993 3986 3985
f 3993 3994 3986
f 3992 3984 3983
f 3992 3985 3984
f 3992 3993 3985
f 3991 3983 3982
f 3991 3992 3983
f 3990 3982 3981
f 3990 3991 3982
f 3989 3981 3980
f 3989 3990 3981
f 3988 3989 3980
f 3997 3996 4007
f 4005 4006 4004
f 4005 4007 4006
f 4005 3997 4007
f 4000 3999 4001
f 4008 3998 3997
f 4008 3999 3998
f 4008 4002 4001
f 4008 4003 4002
f 4008 4005 4003
f 4008 3997 4005
f 4008 4001 3999
f 4018 4015 4014
f 4018 4016 4015
f 4012 4014 4013
f 4012 4017 4018
f 4012 4018 4014
f 4011 4017 4012
f 4009 4019 4017
f 4009 4010 4019
f 4009 4017 4011
f 4026 4025 4022
f 4020 4024 4021
f 4020 4027 4024
f 4028 4022 4023
f 4028 4023 4024
f 4028 4027 4026
f 4028 4026 4022
f 4028 4024 4027
f 4030 4029 4035
f 4031 4030 4035
f 4033 4032 4034
f 4037 4032 4031
f 4037 4035 4036
f 4037 4036 4034
f 4037 4031 4035
f 4037 4034 4032
f 4044 4047 4043
f 4040 4041 4045
f 4048 4039 4038
f 4048 4041 4042
f 4048 4042 4039
f 4048 4044 4045
f 4048 4038 4046
f 4048 4046 4047
f 4048 4047 4044
f 4048 4045 4041
f 4050 4049 4060
f 4058 4059 4057
f 4058 4060 4059
f 4058 4050 4060
f 4053 4052 4054
f 4061 4051 4050
f 4061 4052 4051
f 4061 4055 4054
f 4061 4056 4055
f 4061 4058 4056
f 4061 4050 4058
f 4061 4054 4052
f 4072 4069 4068
f 4072 4070 4069
f 4066 4068 4067
f 4066 4071 4072
f 4066 4072 4068
f 4065 4071 4066
f 4062 4073 4071
f 4062 4063 4073
f 4062 4071 4065
f 4064 4062 4065
f 4080 4079 4076
f 4074 4078 4075
f 4074 4081 4078
f 4082 4076 4077
f 4082 4077 4078
f 4082 4081 4080
f 4082 4080 4076
f 4082 4078 4081
f 4084 4083 4089
f 4085 4084 4089
f 4087 4086 4088
f 4091 4086 4085
f 4091 4089 4090
f 4091 4090 4088
f 4091 4085 4089
f 4091 4088 4086
f 4098 4101 4097
f 4094 4095 4099
f 4102 4093 4092
f 4102 4095 4096
f 4102 4096 4093
f 4102 4098 4099
f 4102 4092 4100
f 4102 4100 4101
f 4102 4101 4098
f 4102 4099 4095
f 4104 4103 4114
f 4112 4113 4111
f 4112 4114 4113
f 4112 4104 4114
f 4107 4106 4108
f 4115 4105 4104
f 4115 4106 4105
f 4115 4109 4108
f 4115 4110 4109
f 4115 4112 4110
f 4115 4104 4112
f 4115 4108 4106
f 4126 4123 4122
f 4126 4124 4123
f 4120 4122 4121
f 4120 4125 4126
f 4120 4126 4122
f 4119 4125 4120
f 4116 4127 4125
f 4116 4117 4127
f 4116 4125 4119
f 4118 4116 4119
f 4134 4133 4130
f 4128 4132 4129
f 4128 4135 4132
f 4136 4130 4131
f 4136 4131 4132
f 4136 4135 4134
f 4136 4134 4130
f 4136 4132 4135
f 4138 4137 4143
f 4139 4138 4143
f 4141 4140 4142
f 4145 4140 4139
f 4145 4143 4144
f 4145 4144 4142
f 4145 4139 4143
f 4145 4142 4140
f 4152 4155 4151
f 4148 4149 4153
f 4156 4147 4146
f 4156 4149 4150
f 4156 4150 4147
f 4156 4152 4153
f 4156 4146 4154
f 4156 4154 4155
f 4156 4155 4152
f 4156 4153 4149
f 4168 4157 4163
f 4162 4161 4169
f 4174 4158 4157
f 4174 4168 4167
f 4174 4157 4168
f 4174 4167 4158
f 4175 4159 4158
f 4175 4167 4166
f 4175 4158 4167
f 4175 4166 4159
f 4176 4160 4159
f 4176 4166 4165
f 4176 4159 4166
f 4177 4165 4164
f 4177 4170 4169
f 4177 4171 4170
f 4177 4172 4171
f 4177 4173 4172
f 4177 4164 4173
f 4177 4169 4161
f 4178 4160 4176
f 4178 4176 4165
f 4179 4161 4160
f 4179 4160 4178
f 4179 4165 4177
f 4179 4177 4161
f 4179 4178 4165
f 4193 4184 4185
f 4193 4185 4194
f 4186 4194 4185
f 4189 4194 4186
f 4192 4184 4193
f 4183 4184 4192
f 4188 4194 4189
f 4187 4194 4188
f 4191 4183 4192
f 4182 4183 4191
f 4190 4182 4191
f 4181 4182 4190
f 4180 4181 4190
f 4204 4203 4210
f 4196 4209 4195
f 4196 4210 4209
f 4196 4204 4210
f 4197 4205 4204
f 4197 4204 4196
f 4208 4207 4199
f 4200 4208 4199
f 4202 4208 4200
f 4201 4202 4200
f 4211 4197 4198
f 4211 4198 4199
f 4211 4206 4205
f 4211 4207 4206
f 4211 4205 4197
f 4211 4199 4207
f 4222 4215 4214
f 4222 4216 4215
f 4222 4217 4216
f 4223 4221 4220
f 4224 4221 4223
f 4227 4212 4226
f 4228 4212 4227
f 4229 4212 4213
f 4229 4218 4217
f 4229 4219 4218
f 4229 4213 4219
f 4229 4222 4221
f 4229 4224 4225
f 4229 4225 4226
f 4229 4217 4222
f 4229 4221 4224
f 4229 4226 4212
f 4231 4246 4230
f 4248 4241 4240
f 4248 4242 4241
f 4248 4240 4247
f 4249 4243 4242
f 4249 4242 4248
f 4250 4244 4243
f 4250 4243 4249
f 4251 4245 4244
f 4251 4244 4250
f 4252 4238 4239
f 4252 4239 4245
f 4252 4245 4251
f 4253 4247 4246
f 4253 4248 4247
f 4253 4246 4231
f 4254 4231 4232
f 4254 4249 4248
f 4254 4248 4253
f 4254 4253 4231
f 4255 4232 4233
f 4255 4254 4232
f 4255 4250 4249
f 4255 4249 4254
f 4256 4233 4234
f 4256 4255 4233
f 4256 4250 4255
f 4256 4251 4250
f 4257 4234 4235
f 4257 4235 4236
f 4257 4236 4237
f 4257 4237 4238
f 4257 4238 4252
f 4257 4256 4234
f 4257 4252 4251
f 4257 4251 4256
f 4274 4268 4267
f 4274 4269 4268
f 4265 4272 4271
f 4265 4266 4272
f 4259 4273 4258
f 4260 4273 4259
f 4261 4273 4260
f 4275 4261 4262
f 4275 4262 4263
f 4275 4263 4264
f 4275 4264 4265
f 4275 4270 4269
f 4275 4271 4270
f 4275 4274 4273
f 4275 4269 4274
f 4275 4265 4271
f 4275 4273 4261
f 4285 4291 4290
f 4285 4284 4291
f 4277 4290 4276
f 4277 4285 4290
f 4286 4285 4277
f 4278 4286 4277
f 4281 4289 4288
f 4281 4288 4280
f 4282 4283 4289
f 4282 4289 4281
f 4292 4278 4279
f 4292 4279 4280
f 4292 4287 4286
f 4292 4288 4287
f 4292 4286 4278
f 4292 4280 4288
f 4304 4293 4298
f 4310 4294 4293
f 4310 4304 4303
f 4310 4293 4304
f 4310 4303 4294
f 4311 4295 4294
f 4311 4303 4302
f 4311 4294 4303
f 4311 4302 4295
f 4312 4296 4295
f 4312 4302 4301
f 4312 4295 4302
f 4313 4297 4296
f 4313 4300 4299
f 4313 4305 4297
f 4313 4306 4305
f 4313 4307 4306
f 4313 4308 4307
f 4313 4309 4308
f 4313 4299 4309
f 4314 4301 4300
f 4314 4313 4296
f 4314 4312 4301
f 4314 4300 4313
f 4314 4296 4312
f 4320 4323 4322
f 4320 4324 4323
f 4320 4321 4324
f 4325 4320 4322
f 4319 4320 4325
f 4326 4319 4325
f 4318 4319 4326
f 4327 4318 4326
f 4317 4318 4327
f 4328 4317 4327
f 4316 4317 4328
f 4329 4316 4328
f 4315 4316 4329
f 4341 4330 4336
f 4335 4334 4342
f 4347 4331 4330
f 4347 4341 4340
f 4347 4330 4341
f 4347 4340 4331
f 4348 4332 4331
f 4348 4340 4339
f 4348 4331 4340
f 4348 4339 4332
f 4349 4333 4332
f 4349 4339 4338
f 4349 4332 4339
f 4350 4338 4337
f 4350 4343 4342
f 4350 4344 4343
f 4350 4345 4344
f 4350 4346 4345
f 4350 4337 4346
f 4350 4342 4334
f 4351 4333 4349
f 4351 4349 4338
f 4352 4334 4333
f 4352 4333 4351
f 4352 4338 4350
f 4352 4350 4334
f 4352 4351 4338
f 4363 4353 4354
f 4355 4363 4354
f 4364 4363 4355
f 4356 4364 4355
f 4365 4364 4356
f 4357 4366 4365
f 4357 4365 4356
f 4367 4361 4360
f 4367 4362 4361
f 4367 4359 4362
f 4358 4367 4366
f 4358 4366 4357
f 4358 4359 4367
f 4377 4376 4383
f 4369 4382 4368
f 4369 4383 4382
f 4369 4377 4383
f 4370 4378 4377
f 4370 4377 4369
f 4381 4380 4372
f 4373 4381 4372
f 4375 4381 4373
f 4374 4375 4373
f 4384 4370 4371
f 4384 4371 4372
f 4384 4379 4378
f 4384 4380 4379
f 4384 4378 4370
f 4384 4372 4380
f 4395 4388 4387
f 4395 4389 4388
f 4395 4390 4389
f 4396 4394 4393
f 4397 4394 4396
f 4400 4385 4399
f 4401 4385 4400
f 4402 4385 4386
f 4402 4391 4390
f 4402 4392 4391
f 4402 4386 4392
f 4402 4395 4394
f 4402 4397 4398
f 4402 4398 4399
f 4402 4390 4395
f 4402 4394 4397
f 4402 4399 4385
f 4420 4414 4413
f 4404 4419 4403
f 4409 4410 4408
f 4421 4415 4414
f 4421 4416 4415
f 4421 4414 4420
f 4422 4417 4416
f 4422 4416 4421
f 4423 4418 4417
f 4423 4417 4422
f 4424 4411 4412
f 4424 4412 4418
f 4424 4418 4423
f 4425 4404 4405
f 4425 4420 4419
f 4425 4421 4420
f 4425 4419 4404
f 4426 4405 4406
f 4426 4422 4421
f 4426 4425 4405
f 4426 4421 4425
f 4427 4406 4407
f 4427 4423 4422
f 4427 4426 4406
f 4427 4422 4426
f 4428 4407 4408
f 4428 4410 4411
f 4428 4423 4427
f 4428 4411 4424
f 4428 4427 4407
f 4428 4424 4423
f 4428 4408 4410
f 4445 4439 4438
f 4445 4440 4439
f 4436 4443 4442
f 4436 4437 4443
f 4430 4444 4429
f 4431 4444 4430
f 4432 4444 4431
f 4446 4432 4433
f 4446 4433 4434
f 4446 4434 4435
f 4446 4435 4436
f 4446 4441 4440
f 4446 4442 4441
f 4446 4445 4444
f 4446 4440 4445
f 4446 4436 4442
f 4446 4444 4432
f 4456 4462 4461
f 4456 4455 4462
f 4448 4461 4447
f 4448 4456 4461
f 4457 4456 4448
f 4449 4457 4448
f 4452 4460 4459
f 4452 4459 4451
f 4453 4454 4460
f 4453 4460 4452
f 4463 4449 4450
f 4463 4450 4451
f 4463 4458 4457
f 4463 4459 4458
f 4463 4457 4449
f 4463 4451 4459
f 4475 4464 4469
f 4481 4465 4464
f 4481 4475 4474
f 4481 4464 4475
f 4481 4474 4465
f 4482 4466 4465
f 4482 4474 4473
f 4482 4465 4474
f 4482 4473 4466
f 4483 4467 4466
f 4483 4473 4472
f 4483 4466 4473
f 4484 4468 4467
f 4484 4471 4470
f 4484 4476 4468
f 4484 4477 4476
f 4484 4478 4477
f 4484 4479 4478
f 4484 4480 4479
f 4484 4470 4480
f 4485 4472 4471
f 4485 4484 4467
f 4485 4483 4472
f 4485 4471 4484
f 4485 4467 4483
f 4491 4494 4493
f 4491 4495 4494
f 4491 4492 4495
f 4496 4491 4493
f 4490 4491 4496
f 4497 4490 4496
f 4489 4490 4497
f 4498 4489 4497
f 4488 4489 4498
f 4499 4488 4498
f 4487 4488 4499
f 4500 4487 4499
f 4486 4487 4500
f 4512 4501 4507
f 4506 4505 4513
f 4518 4502 4501
f 4518 4512 4511
f 4518 4501 4512
f 4518 4511 4502
f 4519 4503 4502
f 4519 4511 4510
f 4519 4502 4511
f 4519 4510 4503
f 4520 4504 4503
f 4520 4510 4509
f 4520 4503 4510
f 4521 4509 4508
f 4521 4514 4513
f 4521 4515 4514
f 4521 4516 4515
f 4521 4517 4516
f 4521 4508 4517
f 4521 4513 4505
f 4522 4504 4520
f 4522 4520 4509
f 4523 4505 4504
f 4523 4504 4522
f 4523 4509 4521
f 4523 4521 4505
f 4523 4522 4509
f 4525 4524 4531
f 4532 4525 4531
f 4526 4525 4532
f 4533 4526 4532
f 4527 4526 4533
f 4534 4528 4527
f 4534 4527 4533
f 4529 4537 4530
f 4529 4538 4537
f 4529 4536 4538
f 4535 4529 4528
f 4535 4528 4534
f 4535 4536 4529
f 4542 4549 4548
f 4542 4541 4549
f 4550 4548 4547
f 4550 4542 4548
f 4543 4542 4550
f 4551 4543 4550
f 4554 4546 4545
f 4554 4545 4553
f 4540 4539 4546
f 4540 4546 4554
f 4555 4544 4543
f 4555 4545 4544
f 4555 4551 4552
f 4555 4552 4553
f 4555 4543 4551
f 4555 4553 4545
f 4566 4559 4558
f 4566 4560 4559
f 4566 4561 4560
f 4567 4565 4564
f 4568 4565 4567
f 4571 4556 4570
f 4572 4556 4571
f 4573 4556 4557
f 4573 4562 4561
f 4573 4563 4562
f 4573 4557 4563
f 4573 4566 4565
f 4573 4568 4569
f 4573 4569 4570
f 4573 4561 4566
f 4573 4565 4568
f 4573 4570 4556
f 4582 4583 4589
f 4575 4590 4574
f 4592 4585 4584
f 4592 4584 4591
f 4593 4586 4585
f 4593 4585 4592
f 4594 4587 4586
f 4594 4586 4593
f 4595 4588 4587
f 4595 4587 4594
f 4596 4589 4588
f 4596 4582 4589
f 4596 4588 4595
f 4597 4575 4576
f 4597 4591 4590
f 4597 4592 4591
f 4597 4590 4575
f 4598 4576 4577
f 4598 4593 4592
f 4598 4597 4576
f 4598 4592 4597
f 4599 4577 4578
f 4599 4598 4577
f 4599 4594 4593
f 4599 4593 4598
f 4600 4578 4579
f 4600 4595 4594
f 4600 4599 4578
f 4600 4594 4599
f 4601 4579 4580
f 4601 4580 4581
f 4601 4581 4582
f 4601 4596 4595
f 4601 4600 4579
f 4601 4582 4596
f 4601 4595 4600
f 4618 4612 4611
f 4618 4613 4612
f 4609 4616 4615
f 4609 4610 4616
f 4603 4617 4602
f 4604 4617 4603
f 4605 4617 4604
f 4619 4605 4606
f 4619 4606 4607
f 4619 4607 4608
f 4619 4608 4609
f 4619 4614 4613
f 4619 4615 4614
f 4619 4618 4617
f 4619 4613 4618
f 4619 4609 4615
f 4619 4617 4605
f 4629 4635 4634
f 4629 4628 4635
f 4621 4634 4620
f 4621 4629 4634
f 4630 4629 4621
f 4622 4630 4621
f 4625 4633 4632
f 4625 4632 4624
f 4626 4627 4633
f 4626 4633 4625
f 4636 4622 4623
f 4636 4623 4624
f 4636 4631 4630
f 4636 4632 4631
f 4636 4630 4622
f 4636 4624 4632
f 4648 4637 4642
f 4654 4638 4637
f 4654 4648 4647
f 4654 4637 4648
f 4654 4647 4638
f 4655 4639 4638
f 4655 4647 4646
f 4655 4638 4647
f 4655 4646 4639
f 4656 4640 4639
f 4656 4646 4645
f 4656 4639 4646
f 4657 4641 4640
f 4657 4644 4643
f 4657 4649 4641
f 4657 4650 4649
f 4657 4651 4650
f 4657 4652 4651
f 4657 4653 4652
f 4657 4643 4653
f 4658 4645 4644
f 4658 4657 4640
f 4658 4656 4645
f 4658 4644 4657
f 4658 4640 4656
f 4660 4673 4659
f 4672 4673 4660
f 4661 4672 4660
f 4671 4672 4661
f 4662 4671 4661
f 4670 4671 4662
f 4663 4670 4662
f 4669 4670 4663
f 4664 4669 4663
f 4667 4666 4664
f 4668 4667 4664
f 4665 4668 4664
f 4666 4669 4664
f 4685 4674 4680
f 4679 4678 4686
f 4691 4675 4674
f 4691 4685 4684
f 4691 4674 4685
f 4691 4684 4675
f 4692 4676 4675
f 4692 4684 4683
f 4692 4675 4684
f 4692 4683 4676
f 4693 4677 4676
f 4693 4683 4682
f 4693 4676 4683
f 4694 4682 4681
f 4694 4687 4686
f 4694 4688 4687
f 4694 4689 4688
f 4694 4690 4689
f 4694 4681 4690
f 4694 4686 4678
f 4695 4677 4693
f 4695 4693 4682
f 4696 4678 4677
f 4696 4677 4695
f 4696 4682 4694
f 4696 4694 4678
f 4696 4695 4682
f 4710 4701 4702
f 4710 4702 4711
f 4703 4711 4702
f 4706 4711 4703
f 4709 4701 4710
f 4700 4701 4709
f 4705 4711 4706
f 4704 4711 4705
f 4708 4700 4709
f 4699 4700 4708
f 4707 4699 4708
f 4698 4699 4707
f 4697 4698 4707
f 4721 4720 4727
f 4713 4726 4712
f 4713 4727 4726
f 4713 4721 4727
f 4714 4722 4721
f 4714 4721 4713
f 4725 4724 4716
f 4717 4725 4716
f 4719 4725 4717
f 4718 4719 4717
f 4728 4714 4715
f 4728 4715 4716
f 4728 4723 4722
f 4728 4724 4723
f 4728 4722 4714
f 4728 4716 4724
f 4739 4732 4731
f 4739 4733 4732
f 4739 4734 4733
f 4740 4738 4737
f 4741 4738 4740
f 4744 4729 4743
f 4745 4729 4744
f 4746 4729 4730
f 4746 4735 4734
f 4746 4736 4735
f 4746 4730 4736
f 4746 4739 4738
f 4746 4741 4742
f 4746 4742 4743
f 4746 4734 4739
f 4746 4738 4741
f 4746 4743 4729
f 4764 4758 4757
f 4748 4763 4747
f 4765 4759 4758
f 4765 4760 4759
f 4765 4758 4764
f 4766 4761 4760
f 4766 4760 4765
f 4767 4762 4761
f 4767 4761 4766
f 4768 4755 4756
f 4768 4756 4762
f 4768 4762 4767
f 4769 4748 4749
f 4769 4764 4763
f 4769 4765 4764
f 4769 4763 4748
f 4770 4749 4750
f 4770 4766 4765
f 4770 4769 4749
f 4770 4765 4769
f 4771 4750 4751
f 4771 4766 4770
f 4771 4767 4766
f 4771 4770 4750
f 4772 4751 4752
f 4772 4752 4753
f 4772 4753 4754
f 4772 4754 4755
f 4772 4767 4771
f 4772 4755 4768
f 4772 4771 4751
f 4772 4768 4767
f 4782 4774 4773
f 4782 4775 4774
f 4789 4778 4777
f 4789 4779 4778
f 4783 4781 4780
f 4784 4781 4783
f 4785 4781 4784
f 4790 4776 4775
f 4790 4777 4776
f 4790 4782 4781
f 4790 4785 4786
f 4790 4786 4787
f 4790 4787 4788
f 4790 4788 4789
f 4790 4775 4782
f 4790 4789 4777
f 4790 4781 4785
f 4792 4791 4800
f 4801 4799 4798
f 4801 4800 4799
f 4801 4792 4800
f 4802 4793 4792
f 4802 4792 4801
f 4796 4795 4804
f 4805 4796 4804
f 4797 4796 4805
f 4806 4797 4805
f 4807 4794 4793
f 4807 4795 4794
f 4807 4802 4803
f 4807 4803 4804
f 4807 4793 4802
f 4807 4804 4795
f 4819 4808 4813
f 4825 4809 4808
f 4825 4819 4818
f 4825 4808 4819
f 4825 4818 4809
f 4826 4810 4809
f 4826 4818 4817
f 4826 4809 4818
f 4826 4817 4810
f 4827 4811 4810
f 4827 4817 4816
f 4827 4810 4817
f 4828 4812 4811
f 4828 4815 4814
f 4828 4820 4812
f 4828 4821 4820
f 4828 4822 4821
f 4828 4823 4822
f 4828 4824 4823
f 4828 4814 4824
f 4829 4816 4815
f 4829 4828 4811
f 4829 4827 4816
f 4829 4815 4828
f 4829 4811 4827
f 4840 4838 4839
f 4837 4838 4840
f 4841 4837 4840
f 4836 4837 4841
f 4842 4836 4841
f 4835 4836 4842
f 4843 4835 4842
f 4834 4835 4843
f 4844 4834 4843
f 4831 4830 4844
f 4832 4831 4844
f 4833 4832 4844
f 4830 4834 4844
f 4851 4846 4845
f 4856 4847 4846
f 4856 4848 4847
f 4856 4849 4848
f 4856 4850 4849
f 4855 4856 4846
f 4855 4846 4851
f 4854 4856 4855
f 4853 4856 4854
f 4852 4856 4853
f 4867 4857 4858
f 4867 4858 4859
f 4867 4859 4860
f 4867 4860 4861
f 4867 4861 4862
f 4867 4864 4863
f 4867 4865 4864
f 4867 4866 4865
f 4867 4862 4866
f 4867 4863 4857
f 4869 4875 4874
f 4869 4876 4875
f 4869 4868 4876
f 4870 4869 4874
f 4889 4883 4884
f 4889 4888 4883
f 4885 4889 4884
f 4886 4889 4885
f 4894 4873 4872
f 4894 4874 4873
f 4894 4872 4877
f 4894 4870 4874
f 4895 4871 4870
f 4895 4891 4871
f 4895 4870 4894
f 4896 4894 4877
f 4897 4896 4877
f 4897 4894 4896
f 4898 4894 4897
f 4898 4897 4877
f 4899 4892 4891
f 4899 4894 4898
f 4899 4898 4877
f 4899 4891 4895
f 4899 4895 4894
f 4900 4877 4878
f 4901 4877 4900
f 4901 4900 4878
f 4902 4877 4901
f 4903 4892 4899
f 4903 4899 4877
f 4903 4877 4902
f 4904 4878 4879
f 4905 4901 4878
f 4905 4902 4901
f 4905 4878 4904
f 4906 4902 4905
f 4906 4905 4893
f 4907 4893 4892
f 4907 4903 4902
f 4907 4892 4903
f 4907 4906 4893
f 4907 4902 4906
f 4908 4879 4880
f 4908 4904 4879
f 4909 4893 4905
f 4909 4905 4904
f 4909 4904 4908
f 4910 4890 4893
f 4910 4909 4890
f 4910 4893 4909
f 4911 4880 4881
f 4911 4881 4882
f 4911 4882 4883
f 4911 4883 4888
f 4911 4908 4880
f 4911 4890 4909
f 4911 4909 4908
f 4912 4890 4911
f 4912 4888 4887
f 4912 4887 4890
f 4912 4911 4888
f 4918 4915 4916
f 4918 4916 4917
f 4926 4913 4914
f 4927 4919 4920
f 4925 4920 4921
f 4924 4927 4920
f 4924 4920 4925
f 4923 4927 4924
f 4922 4927 4923
f 4928 4914 4915
f 4928 4918 4919
f 4928 4927 4926
f 4928 4915 4918
f 4928 4926 4914
f 4928 4919 4927
f 4940 4931 4930
f 4940 4932 4931
f 4940 4933 4932
f 4935 4930 4929
f 4935 4929 4934
f 4935 4940 4930
f 4936 4940 4935
f 4937 4940 4936
f 4938 4940 4937
f 4939 4940 4938
f 4951 4941 4942
f 4951 4942 4943
f 4951 4943 4944
f 4951 4944 4945
f 4951 4945 4946
f 4951 4948 4947
f 4951 4949 4948
f 4951 4950 4949
f 4951 4946 4950
f 4951 4947 4941
f 4962 4953 4952
f 4962 4954 4953
f 4962 4955 4954
f 4962 4956 4955
f 4962 4952 4957
f 4962 4957 4958
f 4962 4958 4959
f 4962 4959 4960
f 4962 4960 4961
f 4962 4961 4956
f 4974 4963 4964
f 4974 4964 4965
f 4974 4965 4966
f 4973 4966 4967
f 4973 4967 4968
f 4973 4974 4966
f 4972 4974 4973
f 4971 4974 4972
f 4970 4974 4971
f 4969 4974 4970
f 4980 4976 4975
f 4980 4977 4976
f 4988 4979 4978
f 4989 4981 4982
f 4984 4982 4983
f 4985 4989 4982
f 4985 4982 4984
f 4986 4989 4985
f 4987 4989 4986
f 4990 4978 4977
f 4990 4980 4981
f 4990 4989 4988
f 4990 4977 4980
f 4990 4988 4978
f 4990 4981 4989
f 4992 4991 4995
f 4992 4995 4996
f 4992 4996 4997
f 4993 4992 4997
f 5012 5008 5007
f 5012 5011 5008
f 5006 5012 5007
f 5005 5012 5006
f 5017 4997 4998
f 5017 4998 4999
f 5017 4999 5000
f 5017 4993 4997
f 5018 4994 4993
f 5018 5014 4994
f 5018 4993 5017
f 5019 5017 5000
f 5020 5019 5000
f 5020 5017 5019
f 5021 5017 5020
f 5021 5020 5000
f 5022 5015 5014
f 5022 5017 5021
f 5022 5021 5000
f 5022 5014 5018
f 5022 5018 5017
f 5023 5000 5001
f 5024 5000 5023
f 5024 5023 5001
f 5025 5000 5024
f 5026 5015 5022
f 5026 5022 5000
f 5026 5000 5025
f 5027 5001 5002
f 5028 5024 5001
f 5028 5001 5027
f 5029 5025 5024
f 5029 5028 5016
f 5029 5024 5028
f 5030 5016 5015
f 5030 5025 5029
f 5030 5026 5025
f 5030 5015 5026
f 5030 5029 5016
f 5031 5002 5003
f 5031 5027 5002
f 5032 5016 5028
f 5032 5028 5027
f 5032 5027 5031
f 5033 5013 5016
f 5033 5032 5013
f 5033 5016 5032
f 5034 5003 5004
f 5034 5009 5008
f 5034 5004 5009
f 5034 5008 5011
f 5034 5031 5003
f 5034 5013 5032
f 5034 5032 5031
f 5035 5013 5034
f 5035 5011 5010
f 5035 5010 5013
f 5035 5034 5011
f 5046 5037 5036
f 5046 5038 5037
f 5046 5039 5038
f 5046 5040 5039
f 5046 5036 5041
f 5046 5041 5042
f 5046 5042 5043
f 5046 5043 5044
f 5046 5044 5045
f 5046 5045 5040
f 5053 5051 5052
f 5058 5047 5048
f 5058 5048 5049
f 5058 5049 5050
f 5058 5050 5051
f 5057 5051 5053
f 5057 5058 5051
f 5056 5058 5057
f 5055 5058 5056
f 5054 5058 5055
f 5065 5060 5059
f 5070 5061 5060
f 5070 5062 5061
f 5070 5063 5062
f 5070 5064 5063
f 5066 5070 5060
f 5066 5060 5065
f 5067 5070 5066
f 5068 5070 5067
f 5069 5070 5068
f 5081 5071 5072
f 5081 5072 5073
f 5081 5073 5074
f 5081 5074 5075
f 5081 5075 5076
f 5081 5078 5077
f 5081 5079 5078
f 5081 5080 5079
f 5081 5076 5080
f 5081 5077 5071
f 5083 5089 5088
f 5083 5090 5089
f 5083 5082 5090
f 5103 5097 5098
f 5103 5102 5097
f 5099 5103 5098
f 5100 5103 5099
f 5108 5087 5086
f 5108 5088 5087
f 5108 5086 5091
f 5108 5083 5088
f 5108 5091 5085
f 5109 5108 5085
f 5109 5083 5108
f 5110 5084 5083
f 5110 5085 5084
f 5110 5083 5109
f 5110 5109 5085
f 5111 5085 5091
f 5112 5085 5111
f 5113 5085 5112
f 5113 5112 5105
f 5114 5105 5085
f 5114 5113 5105
f 5114 5085 5113
f 5115 5091 5092
f 5115 5092 5093
f 5115 5111 5091
f 5116 5111 5115
f 5116 5112 5111
f 5116 5115 5106
f 5116 5105 5112
f 5117 5106 5105
f 5117 5116 5106
f 5117 5105 5116
f 5118 5106 5115
f 5118 5115 5093
f 5119 5118 5107
f 5119 5106 5118
f 5120 5107 5106
f 5120 5119 5107
f 5120 5106 5119
f 5121 5093 5094
f 5121 5118 5093
f 5121 5107 5118
f 5122 5121 5104
f 5122 5107 5121
f 5123 5104 5107
f 5123 5122 5104
f 5123 5107 5122
f 5124 5094 5095
f 5124 5095 5096
f 5124 5096 5097
f 5124 5121 5094
f 5124 5097 5102
f 5124 5104 5121
f 5125 5102 5101
f 5125 5101 5104
f 5125 5124 5102
f 5125 5104 5124
f 5131 5128 5129
f 5131 5129 5130
f 5139 5126 5127
f 5140 5132 5133
f 5138 5133 5134
f 5137 5140 5133
f 5137 5133 5138
f 5136 5140 5137
f 5135 5140 5136
f 5141 5127 5128
f 5141 5131 5132
f 5141 5140 5139
f 5141 5128 5131
f 5141 5139 5127
f 5141 5132 5140
f 5153 5146 5145
f 5152 5153 5151
f 5154 5143 5142
f 5154 5144 5143
f 5154 5145 5144
f 5154 5142 5147
f 5154 5147 5148
f 5154 5148 5149
f 5154 5149 5150
f 5154 5150 5151
f 5154 5153 5145
f 5154 5151 5153
f 5165 5155 5156
f 5165 5156 5157
f 5165 5157 5158
f 5165 5158 5159
f 5165 5159 5160
f 5165 5162 5161
f 5165 5163 5162
f 5165 5164 5163
f 5165 5160 5164
f 5165 5161 5155
f 5171 5167 5166
f 5172 5168 5167
f 5172 5167 5171
f 5173 5169 5168
f 5173 5168 5172
f 5174 5169 5173
f 5175 5170 5169
f 5175 5169 5174
f 5187 5176 5177
f 5187 5177 5178
f 5187 5178 5179
f 5186 5179 5180
f 5186 5180 5181
f 5186 5187 5179
f 5185 5187 5186
f 5184 5187 5185
f 5183 5187 5184
f 5182 5187 5183
f 5199 5193 5192
f 5198 5199 5197
f 5200 5189 5188
f 5200 5190 5189
f 5200 5191 5190
f 5200 5192 5191
f 5200 5188 5194
f 5200 5194 5195
f 5200 5195 5196
f 5200 5196 5197
f 5200 5199 5192
f 5200 5197 5199
f 5202 5201 5205
f 5202 5205 5206
f 5202 5206 5207
f 5203 5202 5207
f 5225 5224 5210
f 5219 5222 5218
f 5227 5207 5208
f 5227 5208 5209
f 5227 5203 5207
f 5228 5204 5203
f 5228 5224 5204
f 5228 5203 5227
f 5229 5209 5210
f 5229 5227 5209
f 5230 5229 5210
f 5230 5227 5229
f 5231 5230 5210
f 5231 5227 5230
f 5232 5227 5231
f 5232 5210 5224
f 5232 5224 5228
f 5232 5228 5227
f 5232 5231 5210
f 5233 5210 5211
f 5234 5210 5233
f 5234 5233 5211
f 5235 5210 5234
f 5235 5234 5211
f 5236 5226 5225
f 5236 5210 5235
f 5236 5225 5210
f 5236 5235 5211
f 5237 5211 5212
f 5238 5237 5212
f 5238 5211 5237
f 5239 5238 5212
f 5239 5211 5238
f 5240 5226 5236
f 5240 5236 5211
f 5240 5211 5239
f 5241 5212 5213
f 5242 5212 5241
f 5242 5241 5213
f 5243 5239 5212
f 5243 5240 5239
f 5243 5212 5242
f 5244 5223 5226
f 5244 5226 5240
f 5244 5240 5243
f 5245 5242 5213
f 5245 5243 5242
f 5246 5244 5243
f 5246 5245 5221
f 5246 5221 5220
f 5246 5220 5223
f 5246 5223 5244
f 5246 5243 5245
f 5247 5213 5214
f 5247 5214 5215
f 5247 5245 5213
f 5248 5221 5245
f 5248 5215 5216
f 5248 5245 5247
f 5248 5247 5215
f 5249 5221 5248
f 5249 5216 5217
f 5249 5248 5216
f 5250 5221 5249
f 5250 5249 5217
f 5250 5217 5218
f 5250 5222 5221
f 5250 5218 5222
f 5252 5265 5264
f 5252 5251 5265
f 5256 5255 5254
f 5257 5256 5254
f 5258 5257 5254
f 5259 5258 5254
f 5266 5253 5252
f 5266 5254 5253
f 5266 5260 5259
f 5266 5261 5260
f 5266 5262 5261
f 5266 5263 5262
f 5266 5264 5263
f 5266 5252 5264
f 5266 5259 5254
f 5274 5273 5272
f 5278 5274 5272
f 5267 5269 5268
f 5267 5275 5269
f 5279 5270 5269
f 5279 5271 5270
f 5279 5272 5271
f 5279 5275 5276
f 5279 5276 5277
f 5279 5277 5278
f 5279 5278 5272
f 5279 5269 5275
f 5287 5286 5285
f 5291 5287 5285
f 5280 5282 5281
f 5280 5288 5282
f 5292 5283 5282
f 5292 5284 5283
f 5292 5285 5284
f 5292 5288 5289
f 5292 5289 5290
f 5292 5290 5291
f 5292 5291 5285
f 5292 5282 5288
f 5305 5294 5293
f 5305 5295 5294
f 5305 5296 5295
f 5305 5297 5296
f 5305 5298 5297
f 5305 5299 5298
f 5305 5300 5299
f 5305 5293 5301
f 5305 5301 5302
f 5305 5302 5303
f 5305 5303 5304
f 5305 5304 5300
f 5318 5307 5306
f 5318 5308 5307
f 5318 5309 5308
f 5318 5310 5309
f 5318 5311 5310
f 5318 5312 5311
f 5318 5313 5312
f 5318 5306 5314
f 5318 5314 5315
f 5318 5315 5316
f 5318 5316 5317
f 5318 5317 5313
f 5320 5319 5335
f 5325 5324 5323
f 5339 5320 5335
f 5340 5335 5336
f 5340 5339 5335
f 5341 5336 5337
f 5341 5340 5336
f 5342 5334 5333
f 5342 5337 5338
f 5342 5338 5334
f 5342 5341 5337
f 5343 5321 5320
f 5343 5320 5339
f 5344 5343 5339
f 5344 5339 5340
f 5345 5344 5340
f 5345 5340 5341
f 5346 5333 5332
f 5346 5345 5341
f 5346 5342 5333
f 5346 5341 5342
f 5347 5322 5321
f 5347 5321 5343
f 5348 5343 5344
f 5348 5347 5343
f 5349 5348 5344
f 5349 5344 5345
f 5350 5332 5331
f 5350 5346 5332
f 5350 5345 5346
f 5350 5349 5345
f 5351 5323 5322
f 5351 5322 5347
f 5351 5325 5323
f 5352 5326 5325
f 5352 5327 5326
f 5352 5325 5351
f 5352 5351 5347
f 5352 5347 5348
f 5353 5348 5349
f 5353 5352 5348
f 5353 5327 5352
f 5354 5328 5327
f 5354 5329 5328
f 5354 5330 5329
f 5354 5331 5330
f 5354 5353 5349
f 5354 5350 5331
f 5354 5349 5350
f 5354 5327 5353
f 5359 5361 5360
f 5374 5370 5369
f 5375 5365 5364
f 5375 5366 5365
f 5376 5364 5363
f 5376 5375 5364
f 5377 5363 5362
f 5377 5376 5363
f 5378 5362 5361
f 5378 5377 5362
f 5378 5361 5359
f 5379 5367 5366
f 5379 5366 5375
f 5379 5375 5376
f 5380 5379 5376
f 5381 5376 5377
f 5381 5380 5376
f 5382 5358 5357
f 5382 5359 5358
f 5382 5381 5377
f 5382 5378 5359
f 5382 5377 5378
f 5383 5368 5367
f 5383 5367 5379
f 5384 5379 5380
f 5384 5380 5381
f 5384 5383 5379
f 5385 5384 5381
f 5386 5382 5357
f 5386 5381 5382
f 5386 5385 5381
f 5387 5369 5368
f 5387 5374 5369
f 5387 5368 5383
f 5388 5373 5374
f 5388 5374 5387
f 5388 5383 5384
f 5388 5387 5383
f 5389 5372 5373
f 5389 5384 5385
f 5389 5385 5386
f 5389 5373 5388
f 5389 5388 5384
f 5390 5356 5355
f 5390 5357 5356
f 5390 5355 5371
f 5390 5371 5372
f 5390 5372 5389
f 5390 5389 5386
f 5390 5386 5357
f 5403 5392 5391
f 5403 5393 5392
f 5403 5394 5393
f 5403 5395 5394
f 5403 5396 5395
f 5403 5397 5396
f 5403 5398 5397
f 5403 5391 5399
f 5403 5399 5400
f 5403 5400 5401
f 5403 5401 5402
f 5403 5402 5398
f 5416 5405 5404
f 5416 5406 5405
f 5416 5407 5406
f 5416 5408 5407
f 5416 5409 5408
f 5416 5410 5409
f 5416 5411 5410
f 5416 5404 5412
f 5416 5412 5413
f 5416 5413 5414
f 5416 5414 5415
f 5416 5415 5411
f 5418 5417 5425
f 5419 5418 5425
f 5423 5428 5424
f 5423 5422 5428
f 5429 5420 5419
f 5429 5421 5420
f 5429 5422 5421
f 5429 5425 5426
f 5429 5426 5427
f 5429 5427 5428
f 5429 5419 5425
f 5429 5428 5422
f 5431 5430 5438
f 5432 5431 5438
f 5436 5441 5437
f 5436 5435 5441
f 5442 5433 5432
f 5442 5434 5433
f 5442 5435 5434
f 5442 5438 5439
f 5442 5439 5440
f 5442 5440 5441
f 5442 5432 5438
f 5442 5441 5435
f 5444 5443 5455
f 5444 5455 5456
f 5448 5447 5446
f 5449 5448 5446
f 5459 5445 5444
f 5459 5454 5453
f 5459 5456 5457
f 5459 5457 5458
f 5459 5458 5454
f 5459 5444 5456
f 5460 5445 5459
f 5460 5459 5453
f 5461 5446 5445
f 5461 5450 5449
f 5461 5451 5450
f 5461 5452 5451
f 5461 5453 5452
f 5461 5460 5453
f 5461 5445 5460
f 5461 5449 5446
f 5470 5468 5467
f 5470 5469 5468
f 5477 5473 5472
f 5476 5477 5472
f 5478 5464 5463
f 5478 5465 5464
f 5478 5466 5465
f 5478 5467 5466
f 5478 5471 5470
f 5478 5470 5467
f 5479 5471 5478
f 5479 5478 5463
f 5480 5463 5462
f 5480 5472 5471
f 5480 5462 5474
f 5480 5474 5475
f 5480 5475 5476
f 5480 5479 5463
f 5480 5471 5479
f 5480 5476 5472
f 5488 5487 5486
f 5492 5488 5486
f 5481 5483 5482
f 5481 5489 5483
f 5493 5484 5483
f 5493 5485 5484
f 5493 5486 5485
f 5493 5489 5490
f 5493 5490 5491
f 5493 5491 5492
f 5493 5492 5486
f 5493 5483 5489
f 5501 5500 5499
f 5505 5501 5499
f 5494 5496 5495
f 5494 5502 5496
f 5506 5497 5496
f 5506 5498 5497
f 5506 5499 5498
f 5506 5502 5503
f 5506 5503 5504
f 5506 5504 5505
f 5506 5505 5499
f 5506 5496 5502
f 5519 5508 5507
f 5519 5509 5508
f 5519 5510 5509
f 5519 5511 5510
f 5519 5512 5511
f 5519 5513 5512
f 5519 5514 5513
f 5519 5507 5515
f 5519 5515 5516
f 5519 5516 5517
f 5519 5517 5518
f 5519 5518 5514
f 5532 5521 5520
f 5532 5522 5521
f 5532 5523 5522
f 5532 5524 5523
f 5532 5525 5524
f 5532 5526 5525
f 5532 5527 5526
f 5532 5520 5528
f 5532 5528 5529
f 5532 5529 5530
f 5532 5530 5531
f 5532 5531 5527
f 5539 5538 5537
f 5553 5534 5533
f 5553 5533 5549
f 5554 5549 5550
f 5554 5553 5549
f 5555 5550 5551
f 5555 5551 5552
f 5555 5554 5550
f 5556 5548 5547
f 5556 5552 5548
f 5556 5555 5552
f 5557 5535 5534
f 5557 5534 5553
f 5558 5553 5554
f 5558 5557 5553
f 5559 5558 5554
f 5559 5554 5555
f 5560 5547 5546
f 5560 5556 5547
f 5560 5555 5556
f 5560 5559 5555
f 5561 5536 5535
f 5561 5535 5557
f 5562 5557 5558
f 5562 5561 5557
f 5563 5562 5558
f 5563 5558 5559
f 5564 5545 5544
f 5564 5546 5545
f 5564 5560 5546
f 5564 5559 5560
f 5564 5563 5559
f 5565 5537 5536
f 5565 5536 5561
f 5565 5539 5537
f 5566 5540 5539
f 5566 5539 5565
f 5566 5565 5561
f 5566 5561 5562
f 5566 5562 5563
f 5567 5541 5540
f 5567 5540 5566
f 5567 5566 5563
f 5568 5542 5541
f 5568 5543 5542
f 5568 5544 5543
f 5568 5564 5544
f 5568 5541 5567
f 5568 5563 5564
f 5568 5567 5563
f 5569 5585 5570
f 5589 5579 5578
f 5589 5580 5579
f 5590 5578 5577
f 5590 5589 5578
f 5591 5577 5576
f 5591 5590 5577
f 5592 5574 5573
f 5592 5575 5574
f 5592 5576 5575
f 5592 5591 5576
f 5593 5581 5580
f 5593 5580 5589
f 5594 5593 5589
f 5594 5589 5590
f 5595 5594 5590
f 5595 5590 5591
f 5596 5573 5572
f 5596 5595 5591
f 5596 5592 5573
f 5596 5591 5592
f 5597 5582 5581
f 5597 5581 5593
f 5598 5593 5594
f 5598 5597 5593
f 5599 5594 5595
f 5599 5598 5594
f 5600 5572 5571
f 5600 5595 5596
f 5600 5599 5595
f 5600 5596 5572
f 5601 5583 5582
f 5601 5584 5583
f 5601 5588 5584
f 5601 5582 5597
f 5602 5586 5587
f 5602 5587 5588
f 5602 5601 5597
f 5602 5588 5601
f 5602 5597 5598
f 5602 5598 5599
f 5603 5586 5602
f 5603 5602 5599
f 5604 5571 5570
f 5604 5585 5586
f 5604 5586 5603
f 5604 5570 5585
f 5604 5600 5571
f 5604 5599 5600
f 5604 5603 5599
f 5617 5606 5605
f 5617 5607 5606
f 5617 5608 5607
f 5617 5609 5608
f 5617 5610 5609
f 5617 5611 5610
f 5617 5612 5611
f 5617 5605 5613
f 5617 5613 5614
f 5617 5614 5615
f 5617 5615 5616
f 5617 5616 5612
f 5630 5619 5618
f 5630 5620 5619
f 5630 5621 5620
f 5630 5622 5621
f 5630 5623 5622
f 5630 5624 5623
f 5630 5625 5624
f 5630 5618 5626
f 5630 5626 5627
f 5630 5627 5628
f 5630 5628 5629
f 5630 5629 5625
f 5643 5632 5631
f 5643 5633 5634
f 5643 5634 5635
f 5643 5635 5636
f 5643 5636 5637
f 5643 5637 5632
f 5643 5638 5633
f 5643 5631 5639
f 5643 5639 5640
f 5643 5640 5641
f 5643 5641 5642
f 5643 5642 5638
f 5668 5664 5665
f 5666 5668 5665
f 5669 5668 5666
f 5667 5669 5666
f 5670 5669 5667
f 5661 5670 5667
f 5671 5670 5661
f 5662 5672 5671
f 5662 5671 5661
f 5673 5672 5662
f 5663 5674 5673
f 5663 5673 5662
f 5648 5675 5674
f 5648 5676 5675
f 5648 5674 5663
f 5649 5677 5676
f 5649 5676 5648
f 5650 5677 5649
f 5651 5678 5677
f 5651 5677 5650
f 5652 5678 5651
f 5653 5679 5678
f 5653 5678 5652
f 5654 5679 5653
f 5655 5679 5654
f 5655 5680 5679
f 5656 5680 5655
f 5657 5680 5656
f 5657 5681 5680
f 5658 5681 5657
f 5659 5681 5658
f 5659 5682 5681
f 5660 5682 5659
f 5644 5682 5660
f 5644 5683 5682
f 5644 5684 5683
f 5645 5684 5644
f 5645 5685 5684
f 5646 5685 5645
f 5646 5686 5685
f 5646 5687 5686
f 5647 5687 5646
f 5647 5688 5687
f 5692 5688 5647
f 5692 5689 5688
f 5690 5689 5692
f 5693 5690 5692
f 5694 5690 5693
f 5691 5690 5694
f 5697 5699 5698
f 5697 5700 5699
f 5696 5701 5700
f 5696 5700 5697
f 5695 5702 5701
f 5695 5701 5696
f 5705 5707 5706
f 5705 5708 5707
f 5704 5709 5708
f 5704 5708 5705
f 5703 5710 5709
f 5703 5709 5704
f 5713 5715 5714
f 5713 5716 5715
f 5712 5717 5716
f 5712 5716 5713
f 5711 5718 5717
f 5711 5717 5712
f 5721 5723 5722
f 5721 5724 5723
f 5720 5725 5724
f 5720 5724 5721
f 5719 5726 5725
f 5719 5725 5720
f 5730 5736 5729
f 5730 5737 5736
f 5731 5738 5737
f 5731 5737 5730
f 5732 5739 5738
f 5732 5738 5731
f 5733 5740 5739
f 5733 5739 5732
f 5734 5741 5740
f 5734 5740 5733
f 5735 5742 5741
f 5735 5741 5734
f 5728 5727 5742
f 5728 5742 5735
f 5745 5753 5752
f 5746 5753 5745
f 5747 5754 5753
f 5747 5753 5746
f 5748 5755 5754
f 5748 5754 5747
f 5749 5756 5755
f 5749 5755 5748
f 5750 5757 5756
f 5750 5756 5749
f 5751 5758 5757
f 5751 5757 5750
f 5744 5743 5758
f 5744 5758 5751
f 5763 5761 5762
f 5763 5812 5761
f 5764 5811 5812
f 5764 5812 5763
f 5765 5810 5811
f 5765 5811 5764
f 5766 5809 5810
f 5766 5810 5765
f 5767 5808 5809
f 5767 5809 5766
f 5768 5807 5808
f 5768 5808 5767
f 5769 5806 5807
f 5769 5807 5768
f 5770 5805 5806
f 5770 5806 5769
f 5771 5804 5805
f 5771 5805 5770
f 5772 5803 5804
f 5772 5804 5771
f 5773 5803 5772
f 5773 5802 5803
f 5774 5802 5773
f 5774 5801 5802
f 5775 5801 5774
f 5775 5800 5801
f 5776 5800 5775
f 5776 5798 5799
f 5776 5799 5800
f 5777 5798 5776
f 5778 5798 5777
f 5778 5797 5798
f 5779 5797 5778
f 5779 5796 5797
f 5780 5796 5779
f 5780 5795 5796
f 5781 5794 5795
f 5781 5795 5780
f 5782 5794 5781
f 5782 5793 5794
f 5783 5792 5793
f 5783 5793 5782
f 5784 5790 5791
f 5784 5791 5792
f 5784 5792 5783
f 5785 5790 5784
f 5786 5788 5789
f 5786 5789 5790
f 5786 5790 5785
f 5787 5788 5786
f 5760 5759 5788
f 5760 5788 5787
f 5817 5815 5816
f 5817 5866 5815
f 5818 5865 5866
f 5818 5866 5817
f 5819 5864 5865
f 5819 5865 5818
f 5820 5863 5864
f 5820 5864 5819
f 5821 5862 5863
f 5821 5863 5820
f 5822 5861 5862
f 5822 5862 5821
f 5823 5860 5861
f 5823 5861 5822
f 5824 5859 5860
f 5824 5860 5823
f 5825 5858 5859
f 5825 5859 5824
f 5826 5857 5858
f 5826 5858 5825
f 5827 5857 5826
f 5827 5856 5857
f 5828 5856 5827
f 5828 5855 5856
f 5829 5855 5828
f 5829 5854 5855
f 5830 5854 5829
f 5830 5853 5854
f 5831 5853 5830
f 5831 5852 5853
f 5832 5852 5831
f 5832 5851 5852
f 5833 5851 5832
f 5833 5850 5851
f 5834 5850 5833
f 5834 5849 5850
f 5835 5848 5849
f 5835 5849 5834
f 5836 5848 5835
f 5836 5847 5848
f 5837 5846 5847
f 5837 5847 5836
f 5838 5845 5846
f 5838 5846 5837
f 5839 5844 5845
f 5839 5845 5838
f 5840 5843 5844
f 5840 5844 5839
f 5841 5842 5843
f 5841 5843 5840
f 5814 5813 5842
f 5814 5842 5841
f 5871 5869 5870
f 5871 5896 5869
f 5872 5897 5896
f 5872 5896 5871
f 5873 5898 5897
f 5873 5897 5872
f 5874 5899 5898
f 5874 5898 5873
f 5875 5900 5899
f 5875 5899 5874
f 5876 5901 5900
f 5876 5902 5901
f 5876 5900 5875
f 5877 5902 5876
f 5878 5903 5902
f 5878 5904 5903
f 5878 5902 5877
f 5879 5904 5878
f 5880 5905 5904
f 5880 5904 5879
f 5881 5906 5905
f 5881 5905 5880
f 5882 5906 5881
f 5882 5907 5906
f 5883 5907 5882
f 5883 5908 5907
f 5884 5908 5883
f 5884 5909 5908
f 5885 5909 5884
f 5885 5910 5909
f 5886 5910 5885
f 5886 5911 5910
f 5886 5912 5911
f 5887 5912 5886
f 5888 5912 5887
f 5888 5913 5912
f 5889 5913 5888
f 5889 5914 5913
f 5890 5914 5889
f 5890 5915 5914
f 5891 5915 5890
f 5891 5916 5915
f 5891 5917 5916
f 5892 5917 5891
f 5892 5918 5917
f 5893 5918 5892
f 5894 5919 5918
f 5894 5918 5893
f 5895 5920 5919
f 5895 5919 5894
f 5868 5920 5895
f 5868 5867 5920
f 5924 5950 5923
f 5949 5951 5950
f 5949 5950 5924
f 5948 5952 5951
f 5948 5951 5949
f 5947 5953 5952
f 5947 5952 5948
f 5946 5954 5953
f 5946 5953 5947
f 5945 5955 5954
f 5945 5954 5946
f 5944 5956 5955
f 5944 5955 5945
f 5943 5957 5956
f 5943 5956 5944
f 5942 5958 5957
f 5942 5957 5943
f 5941 5959 5958
f 5941 5958 5942
f 5940 5960 5959
f 5940 5959 5941
f 5939 5960 5940
f 5939 5961 5960
f 5938 5961 5939
f 5938 5962 5961
f 5937 5962 5938
f 5937 5963 5962
f 5936 5963 5937
f 5935 5963 5936
f 5935 5964 5963
f 5935 5965 5964
f 5934 5965 5935
f 5933 5965 5934
f 5933 5966 5965
f 5933 5967 5966
f 5932 5967 5933
f 5931 5967 5932
f 5931 5968 5967
f 5931 5969 5968
f 5930 5969 5931
f 5930 5970 5969
f 5929 5970 5930
f 5929 5971 5970
f 5928 5971 5929
f 5927 5971 5928
f 5927 5972 5971
f 5927 5973 5972
f 5926 5973 5927
f 5925 5974 5973
f 5925 5973 5926
f 5922 5921 5974
f 5922 5974 5925
f 5979 5977 5978
f 5979 6028 5977
f 5980 6027 6028
f 5980 6028 5979
f 5981 6026 6027
f 5981 6027 5980
f 5982 6025 6026
f 5982 6026 5981
f 5983 6024 6025
f 5983 6025 5982
f 5984 6023 6024
f 5984 6024 5983
f 5985 6022 6023
f 5985 6023 5984
f 5986 6021 6022
f 5986 6022 5985
f 5987 6020 6021
f 5987 6021 5986
f 5988 6019 6020
f 5988 6020 5987
f 5989 6019 5988
f 5989 6018 6019
f 5990 6018 5989
f 5990 6017 6018
f 5991 6017 5990
f 5991 6016 6017
f 5992 6016 5991
f 5992 6015 6016
f 5993 6015 5992
f 5993 6013 6014
f 5993 6014 6015
f 5994 6013 5993
f 5995 6013 5994
f 5995 6012 6013
f 5996 6012 5995
f 5996 6011 6012
f 5997 6010 6011
f 5997 6011 5996
f 5998 6009 6010
f 5998 6010 5997
f 5999 6008 6009
f 5999 6009 5998
f 6000 6007 6008
f 6000 6008 5999
f 6001 6006 6007
f 6001 6007 6000
f 6002 6004 6005
f 6002 6005 6006
f 6002 6006 6001
f 6003 6004 6002
f 5976 5975 6004
f 5976 6004 6003
f 6033 6031 6032
f 6033 6082 6031
f 6034 6081 6082
f 6034 6082 6033
f 6035 6080 6081
f 6035 6081 6034
f 6036 6079 6080
f 6036 6080 6035
f 6037 6078 6079
f 6037 6079 6036
f 6038 6077 6078
f 6038 6078 6037
f 6039 6076 6077
f 6039 6077 6038
f 6040 6075 6076
f 6040 6076 6039
f 6041 6074 6075
f 6041 6075 6040
f 6042 6073 6074
f 6042 6074 6041
f 6043 6073 6042
f 6043 6072 6073
f 6044 6072 6043
f 6044 6071 6072
f 6045 6071 6044
f 6045 6070 6071
f 6046 6070 6045
f 6046 6069 6070
f 6047 6069 6046
f 6047 6067 6068
f 6047 6068 6069
f 6048 6067 6047
f 6049 6067 6048
f 6049 6066 6067
f 6050 6066 6049
f 6050 6065 6066
f 6051 6064 6065
f 6051 6065 6050
f 6052 6063 6064
f 6052 6064 6051
f 6053 6062 6063
f 6053 6063 6052
f 6054 6061 6062
f 6054 6062 6053
f 6055 6060 6061
f 6055 6061 6054
f 6056 6058 6059
f 6056 6059 6060
f 6056 6060 6055
f 6057 6058 6056
f 6030 6029 6058
f 6030 6058 6057
f 6086 6112 6085
f 6111 6113 6112
f 6111 6112 6086
f 6110 6114 6113
f 6110 6113 6111
f 6109 6115 6114
f 6109 6114 6110
f 6108 6116 6115
f 6108 6115 6109
f 6107 6117 6116
f 6107 6116 6108
f 6106 6118 6117
f 6106 6117 6107
f 6105 6119 6118
f 6105 6118 6106
f 6104 6120 6119
f 6104 6119 6105
f 6103 6121 6120
f 6103 6120 6104
f 6102 6122 6121
f 6102 6121 6103
f 6101 6122 6102
f 6101 6123 6122
f 6100 6123 6101
f 6100 6124 6123
f 6099 6124 6100
f 6099 6125 6124
f 6098 6125 6099
f 6097 6125 6098
f 6097 6126 6125
f 6097 6127 6126
f 6096 6127 6097
f 6095 6127 6096
f 6095 6128 6127
f 6095 6129 6128
f 6094 6129 6095
f 6093 6129 6094
f 6093 6130 6129
f 6093 6131 6130
f 6092 6131 6093
f 6092 6132 6131
f 6091 6132 6092
f 6091 6133 6132
f 6090 6133 6091
f 6089 6133 6090
f 6089 6134 6133
f 6089 6135 6134
f 6088 6135 6089
f 6087 6136 6135
f 6087 6135 6088
f 6084 6083 6136
f 6084 6136 6087
f 6140 6166 6139
f 6141 6167 6166
f 6141 6166 6140
f 6142 6167 6141
f 6143 6168 6167
f 6143 6167 6142
f 6144 6169 6168
f 6144 6168 6143
f 6145 6170 6169
f 6145 6171 6170
f 6145 6169 6144
f 6146 6171 6145
f 6147 6172 6171
f 6147 6173 6172
f 6147 6171 6146
f 6148 6173 6147
f 6149 6174 6173
f 6149 6173 6148
f 6150 6175 6174
f 6150 6174 6149
f 6151 6176 6175
f 6151 6175 6150
f 6152 6176 6151
f 6152 6177 6176
f 6153 6177 6152
f 6153 6178 6177
f 6154 6178 6153
f 6154 6179 6178
f 6155 6179 6154
f 6155 6180 6179
f 6155 6181 6180
f 6156 6181 6155
f 6157 6181 6156
f 6157 6182 6181
f 6158 6182 6157
f 6158 6183 6182
f 6159 6183 6158
f 6159 6184 6183
f 6160 6184 6159
f 6160 6185 6184
f 6161 6185 6160
f 6161 6186 6185
f 6162 6186 6161
f 6162 6187 6186
f 6162 6188 6187
f 6163 6188 6162
f 6164 6189 6188
f 6164 6188 6163
f 6164 6190 6189
f 6165 6137 6190
f 6165 6190 6164
f 6138 6137 6165
f 6195 6193 6194
f 6195 6244 6193
f 6196 6243 6244
f 6196 6244 6195
f 6197 6242 6243
f 6197 6243 6196
f 6198 6241 6242
f 6198 6242 6197
f 6199 6240 6241
f 6199 6241 6198
f 6200 6239 6240
f 6200 6240 6199
f 6201 6238 6239
f 6201 6239 6200
f 6202 6237 6238
f 6202 6238 6201
f 6203 6236 6237
f 6203 6237 6202
f 6204 6235 6236
f 6204 6236 6203
f 6205 6235 6204
f 6205 6234 6235
f 6206 6234 6205
f 6206 6233 6234
f 6207 6233 6206
f 6207 6232 6233
f 6208 6232 6207
f 6208 6231 6232
f 6209 6231 6208
f 6209 6230 6231
f 6210 6230 6209
f 6210 6229 6230
f 6211 6229 6210
f 6211 6228 6229
f 6212 6228 6211
f 6212 6227 6228
f 6213 6226 6227
f 6213 6227 6212
f 6214 6226 6213
f 6214 6225 6226
f 6215 6224 6225
f 6215 6225 6214
f 6216 6223 6224
f 6216 6224 6215
f 6217 6222 6223
f 6217 6223 6216
f 6218 6221 6222
f 6218 6222 6217
f 6219 6220 6221
f 6219 6221 6218
f 6192 6191 6220
f 6192 6220 6219
f 6249 6247 6248
f 6249 6298 6247
f 6250 6297 6298
f 6250 6298 6249
f 6251 6296 6297
f 6251 6297 6250
f 6252 6295 6296
f 6252 6296 6251
f 6253 6294 6295
f 6253 6295 6252
f 6254 6293 6294
f 6254 6294 6253
f 6255 6292 6293
f 6255 6293 6254
f 6256 6291 6292
f 6256 6292 6255
f 6257 6290 6291
f 6257 6291 6256
f 6258 6289 6290
f 6258 6290 6257
f 6259 6289 6258
f 6259 6288 6289
f 6260 6288 6259
f 6260 6287 6288
f 6261 6287 6260
f 6261 6286 6287
f 6262 6286 6261
f 6262 6285 6286
f 6263 6285 6262
f 6263 6284 6285
f 6264 6284 6263
f 6264 6283 6284
f 6265 6283 6264
f 6265 6282 6283
f 6266 6282 6265
f 6266 6281 6282
f 6267 6280 6281
f 6267 6281 6266
f 6268 6280 6267
f 6268 6279 6280
f 6269 6278 6279
f 6269 6279 6268
f 6270 6277 6278
f 6270 6278 6269
f 6271 6276 6277
f 6271 6277 6270
f 6272 6275 6276
f 6272 6276 6271
f 6273 6274 6275
f 6273 6275 6272
f 6246 6245 6274
f 6246 6274 6273
f 6303 6301 6302
f 6303 6352 6301
f 6304 6351 6352
f 6304 6352 6303
f 6305 6350 6351
f 6305 6351 6304
f 6306 6349 6350
f 6306 6350 6305
f 6307 6348 6349
f 6307 6349 6306
f 6308 6347 6348
f 6308 6348 6307
f 6309 6346 6347
f 6309 6347 6308
f 6310 6345 6346
f 6310 6346 6309
f 6311 6344 6345
f 6311 6345 6310
f 6312 6343 6344
f 6312 6344 6311
f 6313 6343 6312
f 6313 6342 6343
f 6314 6342 6313
f 6314 6341 6342
f 6315 6341 6314
f 6315 6340 6341
f 6316 6340 6315
f 6316 6339 6340
f 6317 6339 6316
f 6317 6338 6339
f 6318 6338 6317
f 6318 6337 6338
f 6319 6337 6318
f 6319 6336 6337
f 6320 6336 6319
f 6320 6335 6336
f 6321 6334 6335
f 6321 6335 6320
f 6322 6334 6321
f 6322 6333 6334
f 6323 6332 6333
f 6323 6333 6322
f 6324 6331 6332
f 6324 6332 6323
f 6325 6330 6331
f 6325 6331 6324
f 6326 6329 6330
f 6326 6330 6325
f 6327 6328 6329
f 6327 6329 6326
f 6300 6299 6328
f 6300 6328 6327
f 6357 6355 6356
f 6357 6406 6355
f 6358 6405 6406
f 6358 6406 6357
f 6359 6404 6405
f 6359 6405 6358
f 6360 6403 6404
f 6360 6404 6359
f 6361 6402 6403
f 6361 6403 6360
f 6362 6401 6402
f 6362 6402 6361
f 6363 6400 6401
f 6363 6401 6362
f 6364 6399 6400
f 6364 6400 6363
f 6365 6398 6399
f 6365 6399 6364
f 6366 6397 6398
f 6366 6398 6365
f 6367 6397 6366
f 6367 6396 6397
f 6368 6396 6367
f 6368 6395 6396
f 6369 6395 6368
f 6369 6394 6395
f 6370 6394 6369
f 6370 6393 6394
f 6371 6393 6370
f 6371 6392 6393
f 6372 6392 6371
f 6372 6391 6392
f 6373 6391 6372
f 6373 6390 6391
f 6374 6390 6373
f 6374 6389 6390
f 6375 6388 6389
f 6375 6389 6374
f 6376 6388 6375
f 6376 6387 6388
f 6377 6386 6387
f 6377 6387 6376
f 6378 6385 6386
f 6378 6386 6377
f 6379 6384 6385
f 6379 6385 6378
f 6380 6383 6384
f 6380 6384 6379
f 6381 6382 6383
f 6381 6383 6380
f 6354 6353 6382
f 6354 6382 6381
f 6413 6417 6416
f 6414 6418 6417
f 6414 6417 6413
f 6415 6419 6418
f 6415 6418 6414
f 6409 6407 6419
f 6409 6419 6415
f 6410 6407 6409
f 6411 6407 6410
f 6412 6407 6411
f 6408 6407 6412
f 6426 6430 6429
f 6427 6431 6430
f 6427 6430 6426
f 6428 6432 6431
f 6428 6431 6427
f 6422 6420 6432
f 6422 6432 6428
f 6423 6420 6422
f 6424 6420 6423
f 6425 6420 6424
f 6421 6420 6425
f 6439 6443 6442
f 6440 6444 6443
f 6440 6443 6439
f 6441 6445 6444
f 6441 6444 6440
f 6435 6433 6445
f 6435 6445 6441
f 6436 6433 6435
f 6437 6433 6436
f 6438 6433 6437
f 6434 6433 6438
f 6452 6456 6455
f 6453 6457 6456
f 6453 6456 6452
f 6454 6458 6457
f 6454 6457 6453
f 6448 6446 6458
f 6448 6458 6454
f 6449 6446 6448
f 6450 6446 6449
f 6451 6446 6450
f 6447 6446 6451
f 6461 6460 6459
f 6562 6563 6564
f 6600 6568 6567
f 6593 6600 6567
f 6607 6568 6600
f 6594 6593 6567
f 6606 6569 6568
f 6606 6568 6607
f 6595 6567 6566
f 6595 6594 6567
f 6605 6569 6606
f 6596 6595 6566
f 6604 6569 6605
f 6597 6596 6566
f 6561 6564 6570
f 6561 6562 6564
f 6462 6565 6460
f 6462 6460 6461
f 6603 6570 6569
f 6603 6569 6604
f 6598 6566 6565
f 6598 6597 6566
f 6602 6570 6603
f 6599 6598 6565
f 6560 6561 6570
f 6463 6565 6462
f 6559 6560 6570
f 6559 6570 6602
f 6559 6602 6601
f 6464 6565 6463
f 6464 6599 6565
f 6464 6592 6599
f 6558 6559 6601
f 6465 6592 6464
f 6557 6558 6601
f 6466 6592 6465
f 6556 6557 6601
f 6467 6592 6466
f 6591 6467 6468
f 6591 6468 6469
f 6591 6592 6467
f 6608 6556 6601
f 6608 6554 6555
f 6608 6555 6556
f 6553 6554 6608
f 6537 6544 6545
f 6537 6545 6546
f 6480 6477 6478
f 6480 6478 6479
f 6538 6537 6546
f 6538 6546 6547
f 6538 6547 6548
f 6487 6475 6476
f 6487 6476 6477
f 6487 6477 6480
f 6610 6548 6549
f 6610 6549 6550
f 6610 6550 6551
f 6590 6469 6470
f 6590 6470 6471
f 6590 6471 6472
f 6590 6591 6469
f 6609 6610 6551
f 6609 6553 6608
f 6609 6551 6552
f 6609 6552 6553
f 6583 6472 6473
f 6583 6473 6474
f 6583 6474 6475
f 6583 6590 6472
f 6617 6538 6548
f 6617 6548 6610
f 6584 6583 6475
f 6584 6475 6487
f 6616 6538 6617
f 6616 6539 6538
f 6585 6487 6486
f 6585 6584 6487
f 6615 6539 6616
f 6586 6585 6486
f 6614 6539 6615
f 6587 6586 6486
f 6613 6539 6614
f 6588 6587 6486
f 6540 6539 6613
f 6540 6612 6611
f 6540 6613 6612
f 6485 6589 6588
f 6485 6582 6589
f 6485 6588 6486
f 6484 6582 6485
f 6618 6540 6611
f 6618 6541 6540
f 6575 6582 6484
f 6625 6541 6618
f 6576 6575 6484
f 6624 6541 6625
f 6577 6576 6484
f 6542 6622 6621
f 6542 6623 6622
f 6542 6624 6623
f 6542 6541 6624
f 6483 6578 6577
f 6483 6579 6578
f 6483 6580 6579
f 6483 6577 6484
f 6543 6621 6620
f 6543 6542 6621
f 6482 6581 6580
f 6482 6580 6483
f 6530 6619 6529
f 6531 6543 6620
f 6531 6619 6530
f 6531 6620 6619
f 6528 6529 6619
f 6528 6619 6626
f 6492 6581 6482
f 6492 6574 6581
f 6492 6493 6574
f 6495 6573 6574
f 6527 6528 6626
f 6532 6543 6531
f 6491 6492 6482
f 6496 6573 6495
f 6533 6543 6532
f 6533 6536 6543
f 6526 6527 6626
f 6490 6491 6482
f 6490 6482 6481
f 6497 6573 6496
f 6534 6536 6533
f 6534 6535 6536
f 6489 6481 6488
f 6489 6490 6481
f 6571 6573 6497
f 6525 6526 6626
f 6525 6626 6627
f 6498 6571 6497
f 6524 6525 6627
f 6499 6571 6498
f 6523 6524 6627
f 6500 6571 6499
f 6628 6520 6521
f 6628 6521 6522
f 6628 6522 6523
f 6628 6523 6627
f 6572 6500 6501
f 6572 6501 6502
f 6572 6502 6503
f 6572 6571 6500
f 6635 6520 6628
f 6637 6572 6503
f 6512 6630 6629
f 6512 6631 6630
f 6512 6629 6636
f 6513 6512 6636
f 6513 6642 6641
f 6513 6636 6642
f 6514 6513 6641
f 6514 6639 6638
f 6514 6640 6639
f 6514 6641 6640
f 6511 6632 6631
f 6511 6633 6632
f 6511 6634 6633
f 6511 6631 6512
f 6515 6514 6638
f 6515 6503 6504
f 6515 6504 6505
f 6515 6638 6637
f 6515 6637 6503
f 6510 6518 6519
f 6510 6519 6520
f 6510 6635 6634
f 6510 6634 6511
f 6510 6520 6635
f 6509 6517 6518
f 6509 6518 6510
f 6508 6515 6505
f 6508 6505 6506
f 6507 6508 6506
f 6516 6517 6509
f 6493 6494 6574
f 6574 6494 6495
f 6648 6651 6647
f 6649 6651 6648
f 6650 6651 6649
f 6643 6652 6651
f 6643 6651 6650
f 6644 6653 6652
f 6644 6652 6643
f 6645 6654 6653
f 6645 6653 6644
f 6646 6655 6654
f 6646 6654 6645
f 6656 6659 6658
f 6660 6659 6656
f 6662 6656 6657
f 6662 6660 6656
f 6663 6662 6657
f 6661 6660 6662
f 6669 6672 6668
f 6670 6672 6669
f 6671 6672 6670
f 6664 6673 6672
f 6664 6672 6671
f 6665 6674 6673
f 6665 6673 6664
f 6666 6675 6674
f 6666 6674 6665
f 6667 6676 6675
f 6667 6675 6666
f 6684 6677 6678
f 6681 6679 6677
f 6681 6677 6684
f 6682 6684 6683
f 6682 6681 6684
f 6680 6679 6681
f 6690 6693 6689
f 6691 6693 6690
f 6692 6693 6691
f 6685 6694 6693
f 6685 6693 6692
f 6686 6695 6694
f 6686 6694 6685
f 6687 6696 6695
f 6687 6695 6686
f 6688 6697 6696
f 6688 6696 6687
f 6705 6698 6699
f 6702 6700 6698
f 6702 6698 6705
f 6703 6705 6704
f 6703 6702 6705
f 6701 6700 6702
f 6711 6714 6710
f 6712 6714 6711
f 6713 6714 6712
f 6706 6715 6714
f 6706 6714 6713
f 6707 6716 6715
f 6707 6715 6706
f 6708 6717 6716
f 6708 6716 6707
f 6709 6718 6717
f 6709 6717 6708
f 6726 6719 6720
f 6721 6719 6726
f 6723 6721 6726
f 6724 6726 6725
f 6724 6723 6726
f 6722 6721 6723
f 6750 6748 6749
f 6747 6748 6750
f 6751 6747 6750
f 6746 6747 6751
f 6752 6746 6751
f 6745 6746 6752
f 6753 6745 6752
f 6780 6779 6753
f 6778 6753 6779
f 6781 6780 6753
f 6777 6745 6753
f 6777 6753 6778
f 6782 6781 6753
f 6776 6745 6777
f 6783 6782 6753
f 6775 6745 6776
f 6784 6783 6753
f 6774 6745 6775
f 6773 6745 6774
f 6772 6745 6773
f 6857 6786 6785
f 6857 6787 6786
f 6858 6857 6785
f 6856 6787 6857
f 6856 6788 6787
f 6859 6858 6785
f 6859 6785 6784
f 6859 6784 6753
f 6855 6788 6856
f 6855 6763 6788
f 6854 6763 6855
f 6853 6763 6854
f 6853 6764 6763
f 6852 6764 6853
f 6852 6765 6764
f 6852 6766 6765
f 6851 6766 6852
f 6850 6766 6851
f 6850 6767 6766
f 6754 6859 6753
f 6754 6860 6859
f 6754 6861 6860
f 6754 6862 6861
f 6754 6863 6862
f 6754 6864 6863
f 6754 6865 6864
f 6754 6866 6865
f 6739 6740 6741
f 6759 6756 6757
f 6759 6757 6758
f 6738 6741 6742
f 6738 6739 6741
f 6760 6755 6756
f 6760 6756 6759
f 6737 6742 6743
f 6737 6738 6742
f 6806 6744 6745
f 6806 6745 6772
f 6806 6805 6744
f 6804 6744 6805
f 6761 6754 6755
f 6761 6755 6760
f 6807 6772 6771
f 6807 6806 6772
f 6803 6744 6804
f 6808 6771 6770
f 6808 6807 6771
f 6802 6744 6803
f 6762 6842 6841
f 6762 6843 6842
f 6762 6844 6843
f 6762 6845 6844
f 6762 6866 6754
f 6762 6841 6866
f 6762 6754 6761
f 6736 6743 6744
f 6736 6737 6743
f 6809 6770 6769
f 6809 6808 6770
f 6801 6736 6744
f 6801 6744 6802
f 6810 6809 6769
f 6810 6769 6768
f 6800 6736 6801
f 6811 6810 6768
f 6811 6768 6767
f 6811 6767 6850
f 6799 6736 6800
f 6798 6736 6799
f 6797 6736 6798
f 6796 6736 6797
f 6795 6736 6796
f 6794 6736 6795
f 6831 6813 6812
f 6832 6831 6812
f 6832 6811 6850
f 6832 6812 6811
f 6830 6813 6831
f 6833 6850 6849
f 6833 6832 6850
f 6829 6813 6830
f 6829 6814 6813
f 6834 6833 6849
f 6834 6848 6847
f 6834 6849 6848
f 6828 6814 6829
f 6828 6789 6814
f 6835 6834 6847
f 6827 6789 6828
f 6827 6790 6789
f 6836 6846 6845
f 6836 6847 6846
f 6836 6835 6847
f 6826 6791 6790
f 6826 6790 6827
f 6837 6836 6845
f 6825 6791 6826
f 6825 6792 6791
f 6824 6793 6792
f 6824 6794 6793
f 6824 6792 6825
f 6823 6794 6824
f 6727 6838 6837
f 6727 6839 6838
f 6727 6840 6839
f 6727 6815 6840
f 6727 6837 6845
f 6727 6845 6762
f 6727 6816 6815
f 6735 6816 6727
f 6735 6817 6816
f 6735 6818 6817
f 6735 6819 6818
f 6735 6820 6819
f 6735 6821 6820
f 6735 6822 6821
f 6735 6823 6822
f 6734 6735 6727
f 6728 6734 6727
f 6733 6734 6728
f 6729 6733 6728
f 6732 6733 6729
f 6730 6732 6729
f 6731 6732 6730
f 6735 6736 6823
f 6823 6736 6794
f 6902 6876 6877
f 6902 6877 6903
f 6904 6877 6878
f 6904 6903 6877
f 6901 6875 6876
f 6901 6876 6902
f 6905 6878 6879
f 6905 6904 6878
f 6900 6874 6875
f 6900 6875 6901
f 6906 6879 6880
f 6906 6905 6879
f 6899 6873 6874
f 6899 6874 6900
f 6907 6880 6881
f 6907 6906 6880
f 6898 6872 6873
f 6898 6873 6899
f 6908 6881 6882
f 6908 6907 6881
f 6897 6871 6872
f 6897 6872 6898
f 6883 6908 6882
f 6909 6908 6883
f 6870 6871 6897
f 6870 6897 6896
f 6910 6909 6883
f 6884 6910 6883
f 6911 6910 6884
f 6869 6870 6896
f 6869 6895 6894
f 6869 6896 6895
f 6885 6911 6884
f 6868 6869 6894
f 6886 6911 6885
f 6886 6912 6911
f 6867 6894 6893
f 6867 6868 6894
f 6887 6912 6886
f 6887 6913 6912
f 6887 6914 6913
f 6892 6867 6893
f 6892 6893 6918
f 6888 6914 6887
f 6891 6892 6918
f 6891 6917 6916
f 6891 6918 6917
f 6889 6915 6914
f 6889 6914 6888
f 6890 6891 6916
f 6890 6916 6915
f 6890 6915 6889
f 6954 6928 6929
f 6954 6929 6955
f 6956 6929 6930
f 6956 6955 6929
f 6953 6927 6928
f 6953 6928 6954
f 6957 6930 6931
f 6957 6956 6930
f 6952 6926 6927
f 6952 6927 6953
f 6958 6931 6932
f 6958 6957 6931
f 6951 6925 6926
f 6951 6926 6952
f 6959 6932 6933
f 6959 6958 6932
f 6950 6924 6925
f 6950 6925 6951
f 6960 6933 6934
f 6960 6959 6933
f 6949 6923 6924
f 6949 6924 6950
f 6935 6960 6934
f 6961 6960 6935
f 6922 6923 6949
f 6922 6949 6948
f 6962 6961 6935
f 6936 6962 6935
f 6963 6962 6936
f 6921 6922 6948
f 6921 6947 6946
f 6921 6948 6947
f 6937 6963 6936
f 6920 6921 6946
f 6938 6963 6937
f 6938 6964 6963
f 6919 6946 6945
f 6919 6920 6946
f 6939 6964 6938
f 6939 6965 6964
f 6939 6966 6965
f 6944 6919 6945
f 6944 6945 6970
f 6940 6966 6939
f 6943 6944 6970
f 6943 6969 6968
f 6943 6970 6969
f 6941 6967 6966
f 6941 6966 6940
f 6942 6943 6968
f 6942 6968 6967
f 6942 6967 6941
f 7006 6980 6981
f 7006 6981 7007
f 7008 6981 6982
f 7008 7007 6981
f 7005 6979 6980
f 7005 6980 7006
f 7009 6982 6983
f 7009 7008 6982
f 7004 6978 6979
f 7004 6979 7005
f 7010 6983 6984
f 7010 7009 6983
f 7003 6977 6978
f 7003 6978 7004
f 7011 6984 6985
f 7011 7010 6984
f 7002 6976 6977
f 7002 6977 7003
f 7012 6985 6986
f 7012 7011 6985
f 7001 6975 6976
f 7001 6976 7002
f 6987 7012 6986
f 7013 7012 6987
f 6974 6975 7001
f 6974 7001 7000
f 7014 7013 6987
f 6988 7014 6987
f 7015 7014 6988
f 6973 6974 7000
f 6973 6999 6998
f 6973 7000 6999
f 6989 7015 6988
f 6972 6973 6998
f 6990 7015 6989
f 6990 7016 7015
f 6971 6998 6997
f 6971 6972 6998
f 6991 7016 6990
f 6991 7017 7016
f 6991 7018 7017
f 6996 6971 6997
f 6996 6997 7022
f 6992 7018 6991
f 6995 6996 7022
f 6995 7021 7020
f 6995 7022 7021
f 6993 7019 7018
f 6993 7018 6992
f 6994 6995 7020
f 6994 7020 7019
f 6994 7019 6993
f 7058 7032 7033
f 7058 7033 7059
f 7060 7033 7034
f 7060 7059 7033
f 7057 7031 7032
f 7057 7032 7058
f 7061 7034 7035
f 7061 7060 7034
f 7056 7030 7031
f 7056 7031 7057
f 7062 7035 7036
f 7062 7061 7035
f 7055 7029 7030
f 7055 7030 7056
f 7063 7036 7037
f 7063 7062 7036
f 7054 7028 7029
f 7054 7029 7055
f 7064 7037 7038
f 7064 7063 7037
f 7053 7027 7028
f 7053 7028 7054
f 7039 7064 7038
f 7065 7064 7039
f 7026 7027 7053
f 7026 7053 7052
f 7066 7065 7039
f 7040 7066 7039
f 7067 7066 7040
f 7025 7026 7052
f 7025 7051 7050
f 7025 7052 7051
f 7041 7067 7040
f 7024 7025 7050
f 7042 7067 7041
f 7042 7068 7067
f 7023 7050 7049
f 7023 7024 7050
f 7043 7068 7042
f 7043 7069 7068
f 7043 7070 7069
f 7048 7023 7049
f 7048 7049 7074
f 7044 7070 7043
f 7047 7048 7074
f 7047 7073 7072
f 7047 7074 7073
f 7045 7071 7070
f 7045 7070 7044
f 7046 7047 7072
f 7046 7072 7071
f 7046 7071 7045
f 7081 7079 7078
f 7080 7081 7078
f 7076 7080 7078
f 7077 7076 7078
f 7075 7076 7077
f 7088 7085 7086
f 7088 7086 7087
f 7088 7087 7084
f 7083 7084 7082
f 7083 7088 7084
f 7093 7089 7090
f 7092 7093 7090
f 7091 7092 7090
f 7095 7091 7090
f 7094 7091 7095
f 7100 7096 7097
f 7100 7097 7098
f 7100 7098 7099
f 7101 7099 7102
f 7101 7100 7099
f 7109 7107 7106
f 7108 7109 7106
f 7104 7108 7106
f 7105 7104 7106
f 7103 7104 7105
f 7114 7110 7111
f 7114 7111 7112
f 7114 7112 7113
f 7115 7113 7116
f 7115 7114 7113
f 7125 7126 7127
f 7125 7127 7117
f 7118 7125 7117
f 7120 7118 7119
f 7121 7118 7120
f 7122 7123 7124
f 7122 7124 7125
f 7122 7125 7118
f 7122 7118 7121
f 7133 7130 7128
f 7132 7133 7128
f 7131 7132 7128
f 7129 7131 7128
f 7134 7131 7129
f 7139 7135 7136
f 7139 7136 7137
f 7139 7137 7138
f 7140 7138 7141
f 7140 7139 7138
f 7143 7145 7144
f 7143 7142 7145
f 7149 7147 7146
f 7149 7148 7147
f 7160 7186 7179
f 7153 7186 7160
f 7167 7179 7180
f 7167 7160 7179
f 7154 7193 7186
f 7154 7186 7153
f 7166 7180 7181
f 7166 7167 7180
f 7155 7192 7193
f 7155 7193 7154
f 7165 7181 7182
f 7165 7166 7181
f 7156 7191 7192
f 7156 7192 7155
f 7164 7182 7183
f 7164 7165 7182
f 7157 7190 7191
f 7157 7191 7156
f 7163 7183 7184
f 7163 7164 7183
f 7158 7189 7190
f 7158 7190 7157
f 7162 7184 7185
f 7162 7163 7184
f 7159 7189 7158
f 7159 7188 7189
f 7161 7162 7185
f 7152 7188 7159
f 7187 7188 7152
f 7178 7161 7185
f 7173 7170 7171
f 7198 7201 7199
f 7174 7171 7172
f 7174 7173 7171
f 7197 7201 7198
f 7197 7200 7201
f 7175 7172 7169
f 7175 7174 7172
f 7196 7200 7197
f 7196 7151 7200
f 7176 7175 7169
f 7195 7151 7196
f 7168 7176 7169
f 7150 7151 7195
f 7177 7176 7168
f 7194 7150 7195
f 7150 7187 7152
f 7161 7178 7168
f 7177 7168 7178
f 7187 7150 7194
f 7205 7202 7203
f 7205 7204 7202
f 7216 7206 7207
f 7216 7208 7206
f 7217 7209 7208
f 7217 7208 7216
f 7218 7210 7209
f 7218 7209 7217
f 7219 7211 7210
f 7219 7210 7218
f 7220 7212 7211
f 7220 7211 7219
f 7221 7213 7212
f 7221 7212 7220
f 7215 7214 7213
f 7215 7213 7221
f 7223 7225 7224
f 7223 7222 7225
f 7228 7227 7226
f 7229 7228 7226
f 7240 7266 7259
f 7233 7266 7240
f 7247 7259 7260
f 7247 7240 7259
f 7234 7273 7266
f 7234 7266 7233
f 7246 7260 7261
f 7246 7247 7260
f 7235 7272 7273
f 7235 7273 7234
f 7245 7261 7262
f 7245 7246 7261
f 7236 7271 7272
f 7236 7272 7235
f 7244 7262 7263
f 7244 7245 7262
f 7237 7270 7271
f 7237 7271 7236
f 7243 7263 7264
f 7243 7244 7263
f 7238 7269 7270
f 7238 7270 7237
f 7242 7264 7265
f 7242 7243 7264
f 7239 7269 7238
f 7239 7268 7269
f 7241 7242 7265
f 7232 7268 7239
f 7267 7268 7232
f 7258 7241 7265
f 7253 7250 7251
f 7278 7281 7279
f 7254 7251 7252
f 7254 7253 7251
f 7277 7281 7278
f 7277 7280 7281
f 7255 7252 7249
f 7255 7254 7252
f 7276 7280 7277
f 7276 7231 7280
f 7256 7255 7249
f 7275 7231 7276
f 7248 7256 7249
f 7230 7231 7275
f 7257 7256 7248
f 7274 7230 7275
f 7230 7267 7232
f 7241 7258 7248
f 7257 7248 7258
f 7267 7230 7274
f 7292 7282 7283
f 7292 7284 7282
f 7293 7285 7284
f 7293 7284 7292
f 7294 7286 7285
f 7294 7285 7293
f 7295 7287 7286
f 7295 7286 7294
f 7296 7288 7287
f 7296 7287 7295
f 7297 7289 7288
f 7297 7290 7289
f 7297 7288 7296
f 7291 7290 7297
f 7300 7298 7299
f 7301 7300 7299
f 7312 7302 7303
f 7312 7304 7302
f 7313 7305 7304
f 7313 7304 7312
f 7314 7306 7305
f 7314 7305 7313
f 7315 7307 7306
f 7315 7306 7314
f 7316 7308 7307
f 7316 7307 7315
f 7317 7309 7308
f 7317 7308 7316
f 7311 7310 7309
f 7311 7309 7317
f 7321 7319 7318
f 7321 7320 7319
f 7322 7325 7324
f 7323 7322 7324
f 7336 7362 7355
f 7329 7362 7336
f 7343 7355 7356
f 7343 7336 7355
f 7330 7369 7362
f 7330 7362 7329
f 7342 7356 7357
f 7342 7343 7356
f 7331 7368 7369
f 7331 7369 7330
f 7341 7357 7358
f 7341 7342 7357
f 7332 7367 7368
f 7332 7368 7331
f 7340 7358 7359
f 7340 7341 7358
f 7333 7366 7367
f 7333 7367 7332
f 7339 7359 7360
f 7339 7340 7359
f 7334 7365 7366
f 7334 7366 7333
f 7338 7360 7361
f 7338 7339 7360
f 7335 7364 7365
f 7335 7365 7334
f 7337 7338 7361
f 7328 7364 7335
f 7363 7364 7328
f 7354 7337 7361
f 7349 7346 7347
f 7374 7377 7375
f 7350 7347 7348
f 7350 7349 7347
f 7373 7377 7374
f 7373 7376 7377
f 7351 7348 7345
f 7351 7350 7348
f 7372 7376 7373
f 7372 7327 7376
f 7371 7327 7372
f 7352 7351 7345
f 7344 7352 7345
f 7326 7327 7371
f 7353 7352 7344
f 7370 7326 7371
f 7326 7363 7328
f 7337 7354 7344
f 7353 7344 7354
f 7363 7326 7370
f 7388 7378 7379
f 7388 7380 7378
f 7389 7381 7380
f 7389 7380 7388
f 7390 7382 7381
f 7390 7381 7389
f 7391 7383 7382
f 7391 7382 7390
f 7392 7384 7383
f 7392 7383 7391
f 7393 7385 7384
f 7393 7384 7392
f 7387 7386 7385
f 7387 7385 7393
f 7397 7394 7395
f 7397 7396 7394
f 7398 7401 7400
f 7399 7398 7400
f 7404 7403 7402
f 7405 7404 7402
f 7416 7442 7435
f 7409 7442 7416
f 7423 7435 7436
f 7423 7416 7435
f 7410 7449 7442
f 7410 7442 7409
f 7422 7436 7437
f 7422 7423 7436
f 7411 7448 7449
f 7411 7449 7410
f 7421 7437 7438
f 7421 7422 7437
f 7412 7447 7448
f 7412 7448 7411
f 7420 7438 7439
f 7420 7421 7438
f 7413 7446 7447
f 7413 7447 7412
f 7419 7439 7440
f 7419 7420 7439
f 7414 7445 7446
f 7414 7446 7413
f 7418 7440 7441
f 7418 7419 7440
f 7415 7445 7414
f 7415 7444 7445
f 7417 7418 7441
f 7408 7444 7415
f 7443 7444 7408
f 7434 7417 7441
f 7429 7426 7427
f 7454 7457 7455
f 7430 7429 7427
f 7430 7427 7428
f 7453 7457 7454
f 7453 7456 7457
f 7431 7428 7425
f 7431 7430 7428
f 7452 7456 7453
f 7452 7407 7456
f 7451 7407 7452
f 7432 7431 7425
f 7424 7432 7425
f 7406 7407 7451
f 7433 7432 7424
f 7450 7406 7451
f 7406 7443 7408
f 7417 7434 7424
f 7433 7424 7434
f 7443 7406 7450
f 7468 7458 7459
f 7468 7460 7458
f 7469 7461 7460
f 7469 7460 7468
f 7470 7462 7461
f 7470 7461 7469
f 7471 7463 7462
f 7471 7462 7470
f 7472 7464 7463
f 7472 7463 7471
f 7473 7465 7464
f 7473 7464 7472
f 7467 7466 7465
f 7467 7465 7473
f 7477 7474 7475
f 7477 7476 7474
f 7488 7478 7479
f 7488 7480 7478
f 7489 7481 7480
f 7489 7480 7488
f 7490 7482 7481
f 7490 7481 7489
f 7491 7483 7482
f 7491 7482 7490
f 7492 7484 7483
f 7492 7483 7491
f 7493 7485 7484
f 7493 7484 7492
f 7487 7486 7485
f 7487 7485 7493
f 7501 7503 7502
f 7500 7503 7501
f 7499 7504 7503
f 7499 7503 7500
f 7498 7505 7504
f 7498 7504 7499
f 7497 7506 7505
f 7497 7505 7498
f 7496 7507 7506
f 7496 7506 7497
f 7495 7508 7507
f 7495 7509 7508
f 7495 7507 7496
f 7494 7509 7495
f 7520 7516 7515
f 7520 7517 7516
f 7520 7519 7517
f 7521 7515 7514
f 7521 7520 7515
f 7522 7514 7513
f 7522 7521 7514
f 7523 7513 7512
f 7523 7522 7513
f 7524 7512 7511
f 7524 7523 7512
f 7525 7511 7510
f 7525 7524 7511
f 7518 7525 7510
f 7526 7534 7542
f 7527 7541 7540
f 7527 7542 7541
f 7527 7526 7542
f 7528 7540 7539
f 7528 7527 7540
f 7529 7539 7538
f 7529 7528 7539
f 7530 7538 7537
f 7530 7529 7538
f 7531 7537 7536
f 7531 7530 7537
f 7532 7536 7535
f 7532 7531 7536
f 7533 7532 7535
f 7552 7559 7558
f 7553 7560 7559
f 7553 7559 7552
f 7554 7560 7553
f 7561 7543 7544
f 7561 7544 7545
f 7561 7555 7543
f 7562 7545 7546
f 7562 7561 7545
f 7562 7555 7561
f 7563 7546 7547
f 7563 7555 7562
f 7563 7562 7546
f 7564 7547 7548
f 7564 7563 7547
f 7565 7548 7549
f 7565 7564 7548
f 7566 7556 7555
f 7566 7557 7556
f 7566 7563 7564
f 7566 7555 7563
f 7567 7549 7550
f 7567 7566 7564
f 7567 7564 7565
f 7567 7565 7549
f 7567 7557 7566
f 7568 7550 7551
f 7568 7551 7552
f 7568 7558 7557
f 7568 7557 7567
f 7568 7567 7550
f 7568 7552 7558
f 7580 7569 7570
f 7580 7579 7569
f 7581 7570 7571
f 7581 7580 7570
f 7582 7571 7572
f 7582 7581 7571
f 7583 7572 7573
f 7583 7582 7572
f 7584 7573 7574
f 7584 7583 7573
f 7585 7574 7575
f 7585 7575 7576
f 7585 7584 7574
f 7578 7576 7577
f 7578 7585 7576
f 7596 7592 7593
f 7597 7605 7598
f 7606 7592 7596
f 7607 7591 7592
f 7607 7592 7606
f 7608 7589 7590
f 7608 7590 7591
f 7608 7591 7607
f 7609 7589 7608
f 7610 7588 7589
f 7610 7589 7609
f 7611 7586 7587
f 7611 7587 7588
f 7611 7604 7586
f 7611 7588 7610
f 7612 7595 7594
f 7612 7596 7595
f 7612 7603 7602
f 7612 7594 7603
f 7612 7606 7596
f 7613 7612 7602
f 7613 7606 7612
f 7613 7607 7606
f 7614 7602 7601
f 7614 7607 7613
f 7614 7613 7602
f 7614 7608 7607
f 7615 7601 7600
f 7615 7609 7608
f 7615 7614 7601
f 7615 7608 7614
f 7616 7599 7598
f 7616 7600 7599
f 7616 7610 7609
f 7616 7615 7600
f 7616 7609 7615
f 7617 7605 7604
f 7617 7611 7610
f 7617 7604 7611
f 7617 7610 7616
f 7617 7598 7605
f 7617 7616 7598
f 7619 7633 7618
f 7619 7634 7633
f 7631 7632 7634
f 7631 7634 7619
f 7630 7619 7620
f 7630 7620 7621
f 7630 7631 7619
f 7629 7630 7621
f 7622 7629 7621
f 7628 7629 7622
f 7623 7628 7622
f 7627 7628 7623
f 7624 7627 7623
f 7626 7627 7624
f 7625 7626 7624
f 7642 7644 7643
f 7641 7644 7642
f 7640 7645 7644
f 7640 7644 7641
f 7639 7646 7645
f 7639 7645 7640
f 7638 7647 7646
f 7638 7646 7639
f 7637 7648 7647
f 7637 7647 7638
f 7636 7649 7648
f 7636 7648 7637
f 7635 7650 7649
f 7635 7649 7636
f 7661 7658 7657
f 7661 7660 7658
f 7662 7657 7656
f 7662 7661 7657
f 7663 7656 7655
f 7663 7662 7656
f 7664 7663 7655
f 7665 7655 7654
f 7665 7664 7655
f 7666 7654 7653
f 7666 7665 7654
f 7667 7653 7652
f 7667 7666 7653
f 7668 7652 7651
f 7668 7667 7652
f 7659 7668 7651
f 7677 7678 7679
f 7677 7679 7686
f 7676 7686 7685
f 7676 7677 7686
f 7675 7685 7684
f 7675 7676 7685
f 7674 7684 7683
f 7674 7675 7684
f 7673 7674 7683
f 7672 7683 7682
f 7672 7673 7683
f 7671 7682 7681
f 7671 7672 7682
f 7670 7681 7680
f 7670 7671 7681
f 7669 7670 7680
f 7704 7697 7698
f 7703 7696 7697
f 7703 7697 7704
f 7702 7695 7696
f 7702 7696 7703
f 7701 7694 7695
f 7701 7695 7702
f 7705 7693 7694
f 7705 7701 7700
f 7705 7694 7701
f 7706 7691 7692
f 7706 7692 7693
f 7706 7705 7700
f 7706 7693 7705
f 7707 7700 7699
f 7707 7691 7706
f 7707 7706 7700
f 7708 7690 7691
f 7708 7707 7699
f 7708 7691 7707
f 7709 7687 7688
f 7709 7688 7689
f 7709 7689 7690
f 7709 7699 7687
f 7709 7690 7708
f 7709 7708 7699
f 7711 7710 7718
f 7711 7725 7724
f 7711 7718 7725
f 7712 7724 7723
f 7712 7711 7724
f 7713 7723 7722
f 7713 7712 7723
f 7714 7722 7721
f 7714 7713 7722
f 7715 7721 7720
f 7715 7714 7721
f 7716 7720 7719
f 7716 7715 7720
f 7717 7716 7719
f 7744 7726 7727
f 7743 7735 7734
f 7746 7732 7733
f 7746 7733 7736
f 7747 7731 7732
f 7747 7732 7746
f 7748 7730 7731
f 7748 7731 7747
f 7749 7729 7730
f 7749 7730 7748
f 7750 7728 7729
f 7750 7729 7749
f 7751 7727 7728
f 7751 7745 7744
f 7751 7728 7750
f 7751 7744 7727
f 7752 7736 7735
f 7752 7746 7736
f 7752 7735 7743
f 7753 7743 7742
f 7753 7746 7752
f 7753 7752 7743
f 7753 7747 7746
f 7754 7742 7741
f 7754 7747 7753
f 7754 7753 7742
f 7754 7748 7747
f 7755 7741 7740
f 7755 7754 7741
f 7755 7749 7748
f 7755 7748 7754
f 7756 7740 7739
f 7756 7749 7755
f 7756 7750 7749
f 7756 7755 7740
f 7757 7738 7737
f 7757 7739 7738
f 7757 7737 7745
f 7757 7751 7750
f 7757 7745 7751
f 7757 7756 7739
f 7757 7750 7756
f 7763 7767 7762
f 7766 7767 7763
f 7764 7766 7763
f 7765 7766 7764
f 7776 7770 7771
f 7777 7771 7772
f 7777 7776 7771
f 7778 7772 7773
f 7778 7777 7772
f 7779 7769 7770
f 7779 7776 7777
f 7779 7770 7776
f 7780 7773 7775
f 7780 7759 7778
f 7780 7778 7773
f 7781 7759 7760
f 7781 7760 7761
f 7781 7778 7759
f 7781 7761 7779
f 7781 7779 7777
f 7781 7777 7778
f 7782 7761 7762
f 7782 7767 7768
f 7782 7768 7769
f 7782 7769 7779
f 7782 7762 7767
f 7782 7779 7761
f 7783 7758 7759
f 7783 7774 7758
f 7783 7775 7774
f 7783 7759 7780
f 7783 7780 7775
f 7793 7791 7790
f 7794 7790 7789
f 7794 7793 7790
f 7795 7789 7788
f 7795 7794 7789
f 7796 7788 7787
f 7796 7795 7788
f 7797 7787 7786
f 7797 7796 7787
f 7798 7786 7785
f 7798 7797 7786
f 7799 7798 7785
f 7792 7785 7784
f 7792 7799 7785
f 7809 7810 7816
f 7808 7816 7815
f 7808 7809 7816
f 7807 7815 7814
f 7807 7808 7815
f 7801 7811 7800
f 7803 7804 7802
f 7817 7806 7807
f 7817 7814 7813
f 7817 7807 7814
f 7818 7804 7805
f 7818 7805 7806
f 7818 7812 7811
f 7818 7813 7812
f 7818 7817 7813
f 7818 7806 7817
f 7819 7801 7802
f 7819 7818 7811
f 7819 7804 7818
f 7819 7811 7801
f 7819 7802 7804
f 7837 7829 7828
f 7840 7826 7827
f 7840 7827 7830
f 7841 7825 7826
f 7841 7826 7840
f 7842 7824 7825
f 7842 7825 7841
f 7843 7823 7824
f 7843 7824 7842
f 7844 7822 7823
f 7844 7823 7843
f 7845 7820 7821
f 7845 7821 7822
f 7845 7838 7820
f 7845 7822 7844
f 7846 7830 7829
f 7846 7840 7830
f 7846 7829 7837
f 7847 7837 7836
f 7847 7840 7846
f 7847 7846 7837
f 7847 7841 7840
f 7848 7835 7834
f 7848 7836 7835
f 7848 7841 7847
f 7848 7847 7836
f 7848 7842 7841
f 7849 7842 7848
f 7849 7843 7842
f 7849 7848 7834
f 7850 7834 7833
f 7850 7844 7843
f 7850 7849 7834
f 7850 7843 7849
f 7851 7832 7831
f 7851 7833 7832
f 7851 7839 7838
f 7851 7831 7839
f 7851 7845 7844
f 7851 7844 7850
f 7851 7838 7845
f 7851 7850 7833
f 7859 7867 7866
f 7869 7868 7861
f 7862 7869 7861
f 7863 7869 7862
f 7870 7865 7864
f 7871 7864 7852
f 7871 7870 7864
f 7872 7852 7853
f 7872 7857 7858
f 7872 7858 7871
f 7872 7871 7852
f 7873 7858 7859
f 7873 7866 7865
f 7873 7871 7858
f 7873 7870 7871
f 7873 7865 7870
f 7873 7859 7866
f 7874 7853 7854
f 7874 7857 7872
f 7874 7872 7853
f 7875 7859 7860
f 7875 7860 7861
f 7875 7868 7867
f 7875 7867 7859
f 7875 7861 7868
f 7876 7854 7855
f 7876 7855 7856
f 7876 7856 7857
f 7876 7857 7874
f 7876 7874 7854
f 7883 7885 7884
f 7883 7886 7885
f 7882 7887 7886
f 7882 7886 7883
f 7881 7888 7887
f 7881 7887 7882
f 7880 7889 7888
f 7880 7888 7881
f 7879 7890 7889
f 7879 7889 7880
f 7878 7891 7890
f 7878 7890 7879
f 7877 7892 7891
f 7877 7891 7878
f 7900 7901 7910
f 7899 7910 7909
f 7899 7900 7910
f 7898 7909 7908
f 7898 7899 7909
f 7897 7908 7907
f 7897 7898 7908
f 7896 7906 7905
f 7896 7907 7906
f 7896 7897 7907
f 7895 7905 7904
f 7895 7896 7905
f 7894 7904 7903
f 7894 7895 7904
f 7893 7903 7902
f 7893 7894 7903
f 7911 7919 7920
f 7912 7920 7921
f 7912 7911 7920
f 7913 7921 7922
f 7913 7912 7921
f 7914 7922 7923
f 7914 7923 7924
f 7914 7913 7922
f 7915 7924 7925
f 7915 7914 7924
f 7916 7925 7926
f 7916 7915 7925
f 7917 7926 7927
f 7917 7916 7926
f 7918 7927 7928
f 7918 7917 7927
f 7929 7937 7944
f 7930 7929 7944
f 7931 7944 7943
f 7931 7930 7944
f 7932 7943 7942
f 7932 7931 7943
f 7933 7942 7941
f 7933 7932 7942
f 7934 7941 7940
f 7934 7933 7941
f 7935 7940 7939
f 7935 7934 7940
f 7936 7939 7938
f 7936 7935 7939
f 7946 7957 7945
f 7947 7959 7958
f 7963 7946 7947
f 7963 7958 7957
f 7963 7957 7946
f 7963 7947 7958
f 7964 7947 7948
f 7964 7960 7959
f 7964 7959 7947
f 7965 7962 7961
f 7966 7953 7954
f 7966 7954 7955
f 7966 7955 7956
f 7966 7956 7962
f 7967 7961 7960
f 7967 7965 7961
f 7968 7962 7965
f 7968 7953 7966
f 7968 7966 7962
f 7969 7948 7949
f 7969 7949 7950
f 7969 7960 7964
f 7969 7967 7960
f 7969 7964 7948
f 7970 7952 7953
f 7970 7965 7967
f 7970 7968 7965
f 7970 7953 7968
f 7971 7950 7951
f 7971 7951 7952
f 7971 7967 7969
f 7971 7969 7950
f 7971 7952 7970
f 7971 7970 7967
f 7981 7980 7989
f 7992 7984 7983
f 7992 7983 7991
f 7993 7985 7984
f 7993 7984 7992
f 7994 7986 7985
f 7994 7985 7993
f 7995 7987 7986
f 7995 7986 7994
f 7996 7988 7987
f 7996 7987 7995
f 7997 7989 7988
f 7997 7981 7989
f 7997 7988 7996
f 7998 7972 7973
f 7998 7990 7972
f 7998 7991 7990
f 7998 7992 7991
f 7999 7973 7974
f 7999 7992 7998
f 7999 7993 7992
f 7999 7998 7973
f 8000 7974 7975
f 8000 7994 7993
f 8000 7999 7974
f 8000 7993 7999
f 8001 7975 7976
f 8001 8000 7975
f 8001 7995 7994
f 8001 7994 8000
f 8002 7976 7977
f 8002 7996 7995
f 8002 8001 7976
f 8002 7995 8001
f 8003 7977 7978
f 8003 7978 7979
f 8003 7982 7981
f 8003 7979 7982
f 8003 7981 7997
f 8003 7997 7996
f 8003 8002 7977
f 8003 7996 8002
f 8005 8016 8004
f 8006 8017 8016
f 8006 8016 8005
f 8007 8018 8017
f 8007 8017 8006
f 8008 8019 8018
f 8008 8018 8007
f 8022 8008 8009
f 8022 8020 8019
f 8022 8019 8008
f 8023 8021 8020
f 8023 8015 8021
f 8023 8020 8022
f 8023 8022 8009
f 8024 8009 8010
f 8024 8015 8023
f 8024 8023 8009
f 8025 8014 8015
f 8025 8015 8024
f 8025 8024 8010
f 8026 8010 8011
f 8026 8011 8012
f 8026 8012 8013
f 8026 8013 8014
f 8026 8025 8010
f 8026 8014 8025
f 8033 8035 8034
f 8033 8036 8035
f 8033 8037 8036
f 8032 8038 8037
f 8032 8037 8033
f 8031 8039 8038
f 8031 8038 8032
f 8030 8040 8039
f 8030 8039 8031
f 8029 8041 8040
f 8029 8040 8030
f 8028 8042 8041
f 8028 8041 8029
f 8027 8042 8028
f 8052 8043 8044
f 8053 8044 8045
f 8053 8052 8044
f 8054 8045 8046
f 8054 8053 8045
f 8055 8046 8047
f 8055 8054 8046
f 8056 8047 8048
f 8056 8055 8047
f 8057 8048 8049
f 8057 8056 8048
f 8058 8057 8049
f 8059 8049 8050
f 8059 8058 8049
f 8051 8059 8050
f 8067 8068 8069
f 8067 8069 8076
f 8066 8067 8076
f 8065 8076 8075
f 8065 8066 8076
f 8064 8075 8074
f 8064 8065 8075
f 8063 8074 8073
f 8063 8064 8074
f 8062 8073 8072
f 8062 8063 8073
f 8061 8072 8071
f 8061 8062 8072
f 8060 8071 8070
f 8060 8061 8071
f 8091 8078 8077
f 8091 8077 8092
f 8090 8079 8078
f 8090 8078 8091
f 8089 8080 8079
f 8089 8079 8090
f 8088 8081 8080
f 8088 8080 8089
f 8087 8082 8081
f 8087 8081 8088
f 8086 8083 8082
f 8086 8084 8083
f 8086 8082 8087
f 8085 8084 8086
f 8103 8099 8098
f 8103 8100 8099
f 8103 8102 8100
f 8104 8098 8097
f 8104 8103 8098
f 8105 8097 8096
f 8105 8104 8097
f 8106 8096 8095
f 8106 8105 8096
f 8107 8095 8094
f 8107 8106 8095
f 8108 8094 8093
f 8108 8107 8094
f 8101 8108 8093
f 8109 8117 8125
f 8110 8124 8123
f 8110 8125 8124
f 8110 8109 8125
f 8111 8123 8122
f 8111 8110 8123
f 8112 8122 8121
f 8112 8111 8122
f 8113 8121 8120
f 8113 8112 8121
f 8114 8120 8119
f 8114 8113 8120
f 8115 8119 8118
f 8115 8114 8119
f 8116 8115 8118
f 8143 8136 8137
f 8141 8135 8142
f 8144 8135 8136
f 8144 8143 8142
f 8144 8136 8143
f 8144 8142 8135
f 8145 8134 8135
f 8145 8141 8140
f 8145 8135 8141
f 8146 8132 8133
f 8146 8133 8134
f 8146 8134 8145
f 8146 8145 8140
f 8147 8140 8139
f 8147 8146 8140
f 8148 8139 8138
f 8148 8147 8139
f 8149 8130 8131
f 8149 8131 8132
f 8149 8146 8147
f 8149 8132 8146
f 8150 8147 8148
f 8150 8130 8149
f 8150 8149 8147
f 8151 8129 8130
f 8151 8130 8150
f 8151 8150 8148
f 8151 8148 8138
f 8152 8126 8127
f 8152 8127 8128
f 8152 8128 8129
f 8152 8138 8126
f 8152 8129 8151
f 8152 8151 8138
f 8160 8161 8162
f 8160 8162 8169
f 8159 8160 8169
f 8158 8169 8168
f 8158 8159 8169
f 8157 8168 8167
f 8157 8158 8168
f 8156 8167 8166
f 8156 8157 8167
f 8155 8166 8165
f 8155 8156 8166
f 8154 8165 8164
f 8154 8155 8165
f 8153 8164 8163
f 8153 8154 8164
f 8180 8176 8177
f 8187 8179 8178
f 8190 8176 8180
f 8191 8175 8176
f 8191 8176 8190
f 8192 8174 8175
f 8192 8175 8191
f 8193 8173 8174
f 8193 8174 8192
f 8194 8172 8173
f 8194 8173 8193
f 8195 8170 8171
f 8195 8171 8172
f 8195 8188 8170
f 8195 8172 8194
f 8196 8180 8179
f 8196 8190 8180
f 8196 8179 8187
f 8197 8187 8186
f 8197 8190 8196
f 8197 8191 8190
f 8197 8196 8187
f 8198 8186 8185
f 8198 8191 8197
f 8198 8197 8186
f 8198 8192 8191
f 8199 8185 8184
f 8199 8193 8192
f 8199 8192 8198
f 8199 8198 8185
f 8200 8184 8183
f 8200 8199 8184
f 8200 8194 8193
f 8200 8193 8199
f 8201 8182 8181
f 8201 8183 8182
f 8201 8189 8188
f 8201 8181 8189
f 8201 8195 8194
f 8201 8188 8195
f 8201 8194 8200
f 8201 8200 8183
f 8210 8208 8209
f 8207 8208 8210
f 8211 8207 8210
f 8206 8207 8211
f 8212 8205 8206
f 8212 8206 8211
f 8213 8205 8212
f 8220 8202 8203
f 8220 8218 8202
f 8220 8219 8218
f 8220 8217 8219
f 8221 8216 8217
f 8221 8217 8220
f 8221 8220 8203
f 8222 8204 8205
f 8222 8213 8214
f 8222 8205 8213
f 8223 8203 8204
f 8223 8221 8203
f 8223 8216 8221
f 8224 8214 8215
f 8224 8215 8216
f 8224 8222 8214
f 8224 8223 8204
f 8224 8216 8223
f 8224 8204 8222
f 8226 8225 8233
f 8226 8240 8239
f 8226 8233 8240
f 8227 8239 8238
f 8227 8226 8239
f 8228 8238 8237
f 8228 8227 8238
f 8229 8228 8237
f 8230 8237 8236
f 8230 8229 8237
f 8231 8235 8234
f 8231 8236 8235
f 8231 8230 8236
f 8232 8231 8234
f 8242 8253 8241
f 8243 8255 8254
f 8259 8242 8243
f 8259 8254 8253
f 8259 8253 8242
f 8259 8243 8254
f 8260 8243 8244
f 8260 8256 8255
f 8260 8255 8243
f 8261 8258 8257
f 8262 8249 8250
f 8262 8250 8251
f 8262 8251 8252
f 8262 8252 8258
f 8263 8257 8256
f 8263 8261 8257
f 8264 8248 8249
f 8264 8258 8261
f 8264 8249 8262
f 8264 8262 8258
f 8265 8244 8245
f 8265 8245 8246
f 8265 8256 8260
f 8265 8263 8256
f 8265 8260 8244
f 8266 8261 8263
f 8266 8264 8261
f 8266 8248 8264
f 8267 8246 8247
f 8267 8247 8248
f 8267 8263 8265
f 8267 8266 8263
f 8267 8265 8246
f 8267 8248 8266
f 8275 8278 8274
f 8288 8280 8279
f 8288 8279 8287
f 8289 8281 8280
f 8289 8280 8288
f 8290 8282 8281
f 8290 8281 8289
f 8291 8283 8282
f 8291 8282 8290
f 8292 8284 8283
f 8292 8283 8291
f 8293 8277 8276
f 8293 8285 8284
f 8293 8276 8285
f 8293 8284 8292
f 8294 8268 8269
f 8294 8286 8268
f 8294 8287 8286
f 8294 8288 8287
f 8295 8269 8270
f 8295 8289 8288
f 8295 8294 8269
f 8295 8288 8294
f 8296 8270 8271
f 8296 8295 8270
f 8296 8290 8289
f 8296 8289 8295
f 8297 8271 8272
f 8297 8291 8290
f 8297 8290 8296
f 8297 8296 8271
f 8298 8272 8273
f 8298 8297 8272
f 8298 8292 8291
f 8298 8291 8297
f 8299 8273 8274
f 8299 8278 8277
f 8299 8293 8292
f 8299 8298 8273
f 8299 8277 8293
f 8299 8292 8298
f 8299 8274 8278
f 8314 8304 8315
f 8312 8301 8302
f 8312 8302 8313
f 8300 8301 8312
f 8318 8306 8307
f 8318 8307 8308
f 8318 8308 8309
f 8319 8309 8310
f 8319 8318 8309
f 8319 8306 8318
f 8320 8305 8306
f 8320 8310 8311
f 8320 8319 8310
f 8320 8306 8319
f 8321 8311 8317
f 8321 8320 8311
f 8321 8305 8320
f 8322 8317 8316
f 8322 8321 8317
f 8323 8304 8305
f 8323 8316 8315
f 8323 8321 8322
f 8323 8305 8321
f 8323 8315 8304
f 8323 8322 8316
f 8324 8302 8303
f 8324 8303 8304
f 8324 8314 8313
f 8324 8304 8314
f 8324 8313 8302
f 8339 8326 8325
f 8339 8325 8340
f 8338 8327 8326
f 8338 8326 8339
f 8337 8328 8327
f 8337 8327 8338
f 8336 8329 8328
f 8336 8328 8337
f 8335 8330 8329
f 8335 8329 8336
f 8334 8331 8330
f 8334 8330 8335
f 8333 8332 8331
f 8333 8331 8334
f 8348 8349 8357
f 8347 8356 8355
f 8347 8357 8356
f 8347 8348 8357
f 8346 8355 8354
f 8346 8347 8355
f 8345 8354 8353
f 8345 8346 8354
f 8344 8353 8352
f 8344 8345 8353
f 8343 8352 8351
f 8343 8344 8352
f 8342 8351 8350
f 8342 8343 8351
f 8341 8342 8350
f 8365 8366 8367
f 8365 8367 8374
f 8364 8365 8374
f 8363 8374 8373
f 8363 8364 8374
f 8362 8373 8372
f 8362 8363 8373
f 8361 8372 8371
f 8361 8362 8372
f 8360 8371 8370
f 8360 8361 8371
f 8359 8370 8369
f 8359 8360 8370
f 8358 8369 8368
f 8358 8359 8369
f 8375 8383 8390
f 8376 8390 8389
f 8376 8375 8390
f 8377 8389 8388
f 8377 8376 8389
f 8378 8388 8387
f 8378 8377 8388
f 8379 8387 8386
f 8379 8378 8387
f 8380 8386 8385
f 8380 8379 8386
f 8381 8380 8385
f 8382 8385 8384
f 8382 8381 8385
f 8407 8400 8401
f 8397 8398 8399
f 8403 8394 8404
f 8393 8394 8403
f 8402 8393 8403
f 8392 8393 8402
f 8391 8392 8402
f 8408 8399 8400
f 8408 8400 8407
f 8408 8397 8399
f 8409 8395 8396
f 8409 8396 8397
f 8409 8406 8405
f 8409 8407 8406
f 8409 8408 8407
f 8409 8397 8408
f 8410 8394 8395
f 8410 8405 8404
f 8410 8395 8409
f 8410 8409 8405
f 8410 8404 8394
f 8420 8419 8428
f 8412 8429 8411
f 8431 8423 8422
f 8431 8422 8430
f 8432 8424 8423
f 8432 8423 8431
f 8433 8425 8424
f 8433 8424 8432
f 8434 8426 8425
f 8434 8425 8433
f 8435 8427 8426
f 8435 8426 8434
f 8436 8428 8427
f 8436 8420 8428
f 8436 8427 8435
f 8437 8412 8413
f 8437 8430 8429
f 8437 8429 8412
f 8437 8431 8430
f 8438 8432 8431
f 8438 8437 8413
f 8438 8431 8437
f 8439 8413 8414
f 8439 8414 8415
f 8439 8438 8413
f 8439 8433 8432
f 8439 8432 8438
f 8440 8434 8433
f 8440 8439 8415
f 8440 8433 8439
f 8441 8415 8416
f 8441 8416 8417
f 8441 8435 8434
f 8441 8440 8415
f 8441 8434 8440
f 8442 8417 8418
f 8442 8421 8420
f 8442 8418 8421
f 8442 8420 8436
f 8442 8436 8435
f 8442 8441 8417
f 8442 8435 8441
f 8457 8447 8458
f 8455 8444 8445
f 8455 8445 8456
f 8443 8444 8455
f 8461 8449 8450
f 8461 8450 8451
f 8461 8451 8452
f 8462 8452 8453
f 8462 8461 8452
f 8462 8449 8461
f 8463 8448 8449
f 8463 8453 8454
f 8463 8462 8453
f 8463 8449 8462
f 8464 8454 8460
f 8464 8463 8454
f 8464 8448 8463
f 8465 8460 8459
f 8465 8464 8460
f 8466 8447 8448
f 8466 8459 8458
f 8466 8464 8465
f 8466 8448 8464
f 8466 8458 8447
f 8466 8465 8459
f 8467 8445 8446
f 8467 8446 8447
f 8467 8457 8456
f 8467 8447 8457
f 8467 8456 8445
f 8484 8476 8475
f 8483 8474 8473
f 8483 8475 8474
f 8483 8484 8475
f 8482 8473 8472
f 8482 8483 8473
f 8481 8472 8471
f 8481 8482 8472
f 8480 8471 8470
f 8480 8481 8471
f 8479 8470 8469
f 8479 8480 8470
f 8478 8469 8468
f 8478 8479 8469
f 8477 8478 8468
f 8501 8486 8485
f 8501 8485 8493
f 8500 8501 8493
f 8499 8493 8492
f 8499 8500 8493
f 8498 8492 8491
f 8498 8499 8492
f 8497 8491 8490
f 8497 8498 8491
f 8496 8490 8489
f 8496 8497 8490
f 8495 8489 8488
f 8495 8496 8489
f 8494 8488 8487
f 8494 8495 8488
f 8502 8504 8503
f 8517 8505 8504
f 8517 8504 8502
f 8516 8506 8505
f 8516 8505 8517
f 8515 8507 8506
f 8515 8506 8516
f 8514 8508 8507
f 8514 8507 8515
f 8513 8509 8508
f 8513 8508 8514
f 8512 8509 8513
f 8511 8510 8509
f 8511 8509 8512
f 8527 8525 8524
f 8528 8527 8524
f 8529 8524 8523
f 8529 8528 8524
f 8530 8523 8522
f 8530 8529 8523
f 8531 8522 8521
f 8531 8530 8522
f 8532 8521 8520
f 8532 8531 8521
f 8533 8520 8519
f 8533 8532 8520
f 8526 8519 8518
f 8526 8533 8519
f 8543 8550 8549
f 8544 8551 8550
f 8544 8550 8543
f 8545 8551 8544
f 8552 8534 8535
f 8552 8535 8536
f 8552 8546 8534
f 8553 8536 8537
f 8553 8552 8536
f 8553 8546 8552
f 8554 8537 8538
f 8554 8546 8553
f 8554 8553 8537
f 8555 8538 8539
f 8555 8554 8538
f 8556 8539 8540
f 8556 8555 8539
f 8557 8547 8546
f 8557 8548 8547
f 8557 8554 8555
f 8557 8546 8554
f 8558 8540 8541
f 8558 8557 8555
f 8558 8555 8556
f 8558 8556 8540
f 8558 8548 8557
f 8559 8541 8542
f 8559 8542 8543
f 8559 8549 8548
f 8559 8548 8558
f 8559 8558 8541
f 8559 8543 8549
f 8578 8560 8561
f 8577 8569 8568
f 8580 8566 8567
f 8580 8567 8570
f 8581 8565 8566
f 8581 8566 8580
f 8582 8564 8565
f 8582 8565 8581
f 8583 8563 8564
f 8583 8564 8582
f 8584 8562 8563
f 8584 8563 8583
f 8585 8561 8562
f 8585 8562 8584
f 8585 8578 8561
f 8586 8570 8569
f 8586 8577 8576
f 8586 8580 8570
f 8586 8569 8577
f 8587 8580 8586
f 8587 8581 8580
f 8587 8586 8576
f 8588 8576 8575
f 8588 8581 8587
f 8588 8587 8576
f 8588 8582 8581
f 8589 8575 8574
f 8589 8582 8588
f 8589 8583 8582
f 8589 8588 8575
f 8590 8574 8573
f 8590 8589 8574
f 8590 8584 8583
f 8590 8583 8589
f 8591 8572 8571
f 8591 8573 8572
f 8591 8579 8578
f 8591 8571 8579
f 8591 8585 8584
f 8591 8578 8585
f 8591 8590 8573
f 8591 8584 8590
f 8609 8602 8603
f 8601 8602 8609
f 8608 8601 8609
f 8600 8601 8608
f 8607 8599 8600
f 8607 8600 8608
f 8606 8599 8607
f 8610 8593 8594
f 8610 8594 8595
f 8610 8595 8596
f 8610 8596 8597
f 8611 8592 8593
f 8611 8610 8597
f 8611 8593 8610
f 8612 8598 8599
f 8612 8606 8605
f 8612 8599 8606
f 8613 8597 8598
f 8613 8592 8611
f 8613 8611 8597
f 8614 8604 8592
f 8614 8605 8604
f 8614 8612 8605
f 8614 8613 8598
f 8614 8598 8612
f 8614 8592 8613
f 8615 8623 8624
f 8616 8624 8625
f 8616 8615 8624
f 8617 8625 8626
f 8617 8616 8625
f 8618 8617 8626
f 8619 8626 8627
f 8619 8618 8626
f 8620 8627 8628
f 8620 8619 8627
f 8621 8628 8629
f 8621 8620 8628
f 8622 8629 8630
f 8622 8621 8629
f 8633 8641 8640
f 8634 8642 8641
f 8634 8641 8633
f 8635 8643 8642
f 8635 8642 8634
f 8636 8644 8643
f 8636 8643 8635
f 8637 8645 8644
f 8637 8644 8636
f 8638 8646 8645
f 8638 8645 8637
f 8639 8631 8646
f 8639 8646 8638
f 8632 8631 8639
f 8649 8657 8656
f 8650 8658 8657
f 8650 8657 8649
f 8651 8659 8658
f 8651 8658 8650
f 8652 8660 8659
f 8652 8659 8651
f 8653 8661 8660
f 8653 8660 8652
f 8654 8662 8661
f 8654 8661 8653
f 8655 8647 8662
f 8655 8662 8654
f 8648 8647 8655
f 8667 8665 8666
f 8667 8716 8665
f 8668 8715 8716
f 8668 8716 8667
f 8669 8714 8715
f 8669 8715 8668
f 8670 8713 8714
f 8670 8714 8669
f 8671 8712 8713
f 8671 8713 8670
f 8672 8711 8712
f 8672 8712 8671
f 8673 8710 8711
f 8673 8711 8672
f 8674 8709 8710
f 8674 8710 8673
f 8675 8708 8709
f 8675 8709 8674
f 8676 8707 8708
f 8676 8708 8675
f 8677 8707 8676
f 8677 8706 8707
f 8678 8706 8677
f 8678 8705 8706
f 8679 8705 8678
f 8679 8704 8705
f 8680 8704 8679
f 8680 8703 8704
f 8681 8703 8680
f 8681 8702 8703
f 8682 8702 8681
f 8682 8701 8702
f 8683 8701 8682
f 8683 8700 8701
f 8684 8700 8683
f 8684 8699 8700
f 8685 8698 8699
f 8685 8699 8684
f 8686 8698 8685
f 8686 8697 8698
f 8687 8696 8697
f 8687 8697 8686
f 8688 8695 8696
f 8688 8696 8687
f 8689 8694 8695
f 8689 8695 8688
f 8690 8692 8693
f 8690 8693 8694
f 8690 8694 8689
f 8691 8692 8690
f 8664 8663 8692
f 8664 8692 8691
f 8720 8770 8719
f 8721 8770 8720
f 8722 8769 8770
f 8722 8770 8721
f 8723 8768 8769
f 8723 8769 8722
f 8724 8767 8768
f 8724 8768 8723
f 8725 8766 8767
f 8725 8767 8724
f 8726 8765 8766
f 8726 8766 8725
f 8727 8764 8765
f 8727 8765 8726
f 8728 8763 8764
f 8728 8764 8727
f 8729 8762 8763
f 8729 8763 8728
f 8730 8761 8762
f 8730 8762 8729
f 8731 8761 8730
f 8731 8760 8761
f 8732 8760 8731
f 8732 8759 8760
f 8733 8759 8732
f 8733 8758 8759
f 8734 8758 8733
f 8734 8757 8758
f 8735 8757 8734
f 8735 8756 8757
f 8736 8756 8735
f 8736 8755 8756
f 8737 8755 8736
f 8737 8754 8755
f 8738 8754 8737
f 8738 8753 8754
f 8739 8752 8753
f 8739 8753 8738
f 8740 8752 8739
f 8740 8751 8752
f 8741 8750 8751
f 8741 8751 8740
f 8742 8748 8749
f 8742 8749 8750
f 8742 8750 8741
f 8743 8748 8742
f 8744 8747 8748
f 8744 8748 8743
f 8745 8717 8746
f 8745 8746 8747
f 8745 8747 8744
f 8718 8717 8745
f 8774 8800 8773
f 8775 8800 8774
f 8776 8801 8800
f 8776 8802 8801
f 8776 8800 8775
f 8777 8802 8776
f 8778 8803 8802
f 8778 8802 8777
f 8779 8804 8803
f 8779 8805 8804
f 8779 8803 8778
f 8780 8805 8779
f 8781 8806 8805
f 8781 8805 8780
f 8782 8807 8806
f 8782 8806 8781
f 8783 8808 8807
f 8783 8807 8782
f 8784 8809 8808
f 8784 8808 8783
f 8785 8810 8809
f 8785 8809 8784
f 8786 8810 8785
f 8786 8811 8810
f 8787 8811 8786
f 8787 8812 8811
f 8788 8812 8787
f 8788 8813 8812
f 8788 8814 8813
f 8789 8814 8788
f 8790 8814 8789
f 8790 8815 8814
f 8791 8815 8790
f 8791 8816 8815
f 8792 8816 8791
f 8792 8817 8816
f 8792 8818 8817
f 8793 8818 8792
f 8794 8818 8793
f 8794 8819 8818
f 8794 8820 8819
f 8795 8820 8794
f 8796 8820 8795
f 8796 8821 8820
f 8796 8822 8821
f 8797 8822 8796
f 8798 8823 8822
f 8798 8824 8823
f 8798 8822 8797
f 8799 8771 8824
f 8799 8824 8798
f 8772 8771 8799
f 8853 8827 8828
f 8853 8854 8827
f 8853 8855 8854
f 8852 8856 8855
f 8852 8855 8853
f 8851 8857 8856
f 8851 8856 8852
f 8850 8858 8857
f 8850 8857 8851
f 8849 8859 8858
f 8849 8858 8850
f 8848 8860 8859
f 8848 8859 8849
f 8847 8861 8860
f 8847 8860 8848
f 8846 8862 8861
f 8846 8861 8847
f 8845 8863 8862
f 8845 8862 8846
f 8844 8864 8863
f 8844 8863 8845
f 8843 8864 8844
f 8843 8865 8864
f 8842 8865 8843
f 8841 8865 8842
f 8841 8866 8865
f 8841 8867 8866
f 8840 8867 8841
f 8840 8868 8867
f 8839 8868 8840
f 8839 8869 8868
f 8838 8869 8839
f 8838 8870 8869
f 8837 8870 8838
f 8836 8870 8837
f 8836 8871 8870
f 8836 8872 8871
f 8835 8872 8836
f 8835 8873 8872
f 8834 8873 8835
f 8834 8874 8873
f 8833 8874 8834
f 8832 8874 8833
f 8832 8875 8874
f 8831 8875 8832
f 8831 8876 8875
f 8831 8877 8876
f 8830 8877 8831
f 8829 8878 8877
f 8829 8877 8830
f 8826 8825 8878
f 8826 8878 8829
f 8883 8881 8882
f 8883 8932 8881
f 8884 8931 8932
f 8884 8932 8883
f 8885 8930 8931
f 8885 8931 8884
f 8886 8929 8930
f 8886 8930 8885
f 8887 8928 8929
f 8887 8929 8886
f 8888 8927 8928
f 8888 8928 8887
f 8889 8926 8927
f 8889 8927 8888
f 8890 8925 8926
f 8890 8926 8889
f 8891 8924 8925
f 8891 8925 8890
f 8892 8923 8924
f 8892 8924 8891
f 8893 8923 8892
f 8893 8922 8923
f 8894 8922 8893
f 8894 8921 8922
f 8895 8921 8894
f 8895 8920 8921
f 8896 8920 8895
f 8896 8919 8920
f 8897 8919 8896
f 8897 8917 8918
f 8897 8918 8919
f 8898 8917 8897
f 8899 8917 8898
f 8899 8916 8917
f 8900 8916 8899
f 8900 8915 8916
f 8901 8914 8915
f 8901 8915 8900
f 8902 8913 8914
f 8902 8914 8901
f 8903 8912 8913
f 8903 8913 8902
f 8904 8911 8912
f 8904 8912 8903
f 8905 8910 8911
f 8905 8911 8904
f 8906 8908 8909
f 8906 8909 8910
f 8906 8910 8905
f 8907 8908 8906
f 8880 8879 8908
f 8880 8908 8907
f 8937 8935 8936
f 8937 8986 8935
f 8938 8985 8986
f 8938 8986 8937
f 8939 8984 8985
f 8939 8985 8938
f 8940 8983 8984
f 8940 8984 8939
f 8941 8982 8983
f 8941 8983 8940
f 8942 8981 8982
f 8942 8982 8941
f 8943 8980 8981
f 8943 8981 8942
f 8944 8979 8980
f 8944 8980 8943
f 8945 8978 8979
f 8945 8979 8944
f 8946 8977 8978
f 8946 8978 8945
f 8947 8977 8946
f 8947 8976 8977
f 8948 8976 8947
f 8948 8975 8976
f 8949 8975 8948
f 8949 8974 8975
f 8950 8974 8949
f 8950 8973 8974
f 8951 8973 8950
f 8951 8971 8972
f 8951 8972 8973
f 8952 8971 8951
f 8953 8971 8952
f 8953 8970 8971
f 8954 8970 8953
f 8954 8969 8970
f 8955 8968 8969
f 8955 8969 8954
f 8956 8967 8968
f 8956 8968 8955
f 8957 8966 8967
f 8957 8967 8956
f 8958 8965 8966
f 8958 8966 8957
f 8959 8964 8965
f 8959 8965 8958
f 8960 8962 8963
f 8960 8963 8964
f 8960 8964 8959
f 8961 8962 8960
f 8934 8933 8962
f 8934 8962 8961
f 8990 9016 8989
f 9015 9017 9016
f 9015 9016 8990
f 9014 9018 9017
f 9014 9017 9015
f 9013 9019 9018
f 9013 9018 9014
f 9012 9020 9019
f 9012 9019 9013
f 9011 9021 9020
f 9011 9020 9012
f 9010 9022 9021
f 9010 9021 9011
f 9009 9023 9022
f 9009 9022 9010
f 9008 9024 9023
f 9008 9023 9009
f 9007 9025 9024
f 9007 9024 9008
f 9006 9026 9025
f 9006 9025 9007
f 9005 9026 9006
f 9005 9027 9026
f 9004 9027 9005
f 9004 9028 9027
f 9003 9028 9004
f 9003 9029 9028
f 9002 9029 9003
f 9001 9029 9002
f 9001 9030 9029
f 9001 9031 9030
f 9000 9031 9001
f 8999 9031 9000
f 8999 9032 9031
f 8999 9033 9032
f 8998 9033 8999
f 8997 9033 8998
f 8997 9034 9033
f 8997 9035 9034
f 8996 9035 8997
f 8996 9036 9035
f 8995 9036 8996
f 8995 9037 9036
f 8994 9037 8995
f 8993 9037 8994
f 8993 9038 9037
f 8993 9039 9038
f 8992 9039 8993
f 8991 9040 9039
f 8991 9039 8992
f 8988 8987 9040
f 8988 9040 8991
f 9044 9070 9043
f 9045 9071 9070
f 9045 9070 9044
f 9046 9071 9045
f 9047 9072 9071
f 9047 9071 9046
f 9048 9073 9072
f 9048 9072 9047
f 9049 9074 9073
f 9049 9075 9074
f 9049 9073 9048
f 9050 9075 9049
f 9051 9076 9075
f 9051 9077 9076
f 9051 9075 9050
f 9052 9077 9051
f 9053 9078 9077
f 9053 9077 9052
f 9054 9079 9078
f 9054 9078 9053
f 9055 9080 9079
f 9055 9079 9054
f 9056 9080 9055
f 9056 9081 9080
f 9057 9081 9056
f 9057 9082 9081
f 9058 9082 9057
f 9058 9083 9082
f 9059 9083 9058
f 9059 9084 9083
f 9059 9085 9084
f 9060 9085 9059
f 9061 9085 9060
f 9061 9086 9085
f 9062 9086 9061
f 9062 9087 9086
f 9063 9087 9062
f 9063 9088 9087
f 9064 9088 9063
f 9064 9089 9088
f 9065 9089 9064
f 9065 9090 9089
f 9066 9090 9065
f 9066 9091 9090
f 9066 9092 9091
f 9067 9092 9066
f 9068 9093 9092
f 9068 9092 9067
f 9068 9094 9093
f 9069 9041 9094
f 9069 9094 9068
f 9042 9041 9069
f 9098 9124 9097
f 9123 9125 9124
f 9123 9124 9098
f 9122 9126 9125
f 9122 9125 9123
f 9121 9127 9126
f 9121 9126 9122
f 9120 9128 9127
f 9120 9127 9121
f 9119 9129 9128
f 9119 9128 9120
f 9118 9130 9129
f 9118 9129 9119
f 9117 9131 9130
f 9117 9130 9118
f 9116 9132 9131
f 9116 9131 9117
f 9115 9133 9132
f 9115 9132 9116
f 9114 9134 9133
f 9114 9133 9115
f 9113 9134 9114
f 9113 9135 9134
f 9112 9135 9113
f 9112 9136 9135
f 9111 9136 9112
f 9111 9137 9136
f 9110 9137 9111
f 9110 9138 9137
f 9109 9138 9110
f 9109 9139 9138
f 9108 9139 9109
f 9107 9139 9108
f 9107 9140 9139
f 9107 9141 9140
f 9106 9141 9107
f 9106 9142 9141
f 9105 9142 9106
f 9105 9143 9142
f 9104 9143 9105
f 9104 9144 9143
f 9103 9144 9104
f 9102 9144 9103
f 9102 9145 9144
f 9101 9145 9102
f 9101 9146 9145
f 9101 9147 9146
f 9100 9147 9101
f 9100 9148 9147
f 9099 9148 9100
f 9096 9095 9148
f 9096 9148 9099
f 9153 9151 9152
f 9153 9202 9151
f 9154 9201 9202
f 9154 9202 9153
f 9155 9200 9201
f 9155 9201 9154
f 9156 9199 9200
f 9156 9200 9155
f 9157 9198 9199
f 9157 9199 9156
f 9158 9197 9198
f 9158 9198 9157
f 9159 9196 9197
f 9159 9197 9158
f 9160 9195 9196
f 9160 9196 9159
f 9161 9194 9195
f 9161 9195 9160
f 9162 9193 9194
f 9162 9194 9161
f 9163 9193 9162
f 9163 9192 9193
f 9164 9192 9163
f 9164 9191 9192
f 9165 9191 9164
f 9165 9190 9191
f 9166 9190 9165
f 9166 9189 9190
f 9167 9189 9166
f 9167 9188 9189
f 9168 9188 9167
f 9168 9187 9188
f 9169 9187 9168
f 9169 9186 9187
f 9170 9186 9169
f 9170 9185 9186
f 9171 9184 9185
f 9171 9185 9170
f 9172 9184 9171
f 9172 9183 9184
f 9173 9182 9183
f 9173 9183 9172
f 9174 9181 9182
f 9174 9182 9173
f 9175 9180 9181
f 9175 9181 9174
f 9176 9179 9180
f 9176 9180 9175
f 9177 9178 9179
f 9177 9179 9176
f 9150 9149 9178
f 9150 9178 9177
f 9206 9232 9205
f 9231 9233 9232
f 9231 9232 9206
f 9230 9234 9233
f 9230 9233 9231
f 9229 9235 9234
f 9229 9234 9230
f 9228 9236 9235
f 9228 9235 9229
f 9227 9237 9236
f 9227 9236 9228
f 9226 9238 9237
f 9226 9237 9227
f 9225 9239 9238
f 9225 9238 9226
f 9224 9240 9239
f 9224 9239 9225
f 9223 9241 9240
f 9223 9240 9224
f 9222 9242 9241
f 9222 9241 9223
f 9221 9242 9222
f 9221 9243 9242
f 9220 9243 9221
f 9220 9244 9243
f 9219 9244 9220
f 9219 9245 9244
f 9218 9245 9219
f 9218 9246 9245
f 9217 9246 9218
f 9217 9247 9246
f 9216 9247 9217
f 9215 9247 9216
f 9215 9248 9247
f 9215 9249 9248
f 9214 9249 9215
f 9214 9250 9249
f 9213 9250 9214
f 9213 9251 9250
f 9212 9251 9213
f 9212 9252 9251
f 9211 9252 9212
f 9210 9252 9211
f 9210 9253 9252
f 9209 9253 9210
f 9209 9254 9253
f 9209 9255 9254
f 9208 9255 9209
f 9208 9256 9255
f 9207 9256 9208
f 9204 9203 9256
f 9204 9256 9207
f 9261 9259 9260
f 9261 9310 9259
f 9262 9309 9310
f 9262 9310 9261
f 9263 9308 9309
f 9263 9309 9262
f 9264 9307 9308
f 9264 9308 9263
f 9265 9306 9307
f 9265 9307 9264
f 9266 9305 9306
f 9266 9306 9265
f 9267 9304 9305
f 9267 9305 9266
f 9268 9303 9304
f 9268 9304 9267
f 9269 9302 9303
f 9269 9303 9268
f 9270 9301 9302
f 9270 9302 9269
f 9271 9301 9270
f 9271 9300 9301
f 9272 9300 9271
f 9272 9299 9300
f 9273 9299 9272
f 9273 9298 9299
f 9274 9298 9273
f 9274 9297 9298
f 9275 9297 9274
f 9275 9296 9297
f 9276 9296 9275
f 9276 9295 9296
f 9277 9295 9276
f 9277 9294 9295
f 9278 9294 9277
f 9278 9293 9294
f 9279 9292 9293
f 9279 9293 9278
f 9280 9292 9279
f 9280 9291 9292
f 9281 9290 9291
f 9281 9291 9280
f 9282 9289 9290
f 9282 9290 9281
f 9283 9288 9289
f 9283 9289 9282
f 9284 9287 9288
f 9284 9288 9283
f 9285 9286 9287
f 9285 9287 9284
f 9258 9257 9286
f 9258 9286 9285
f 9314 9340 9313
f 9339 9341 9340
f 9339 9340 9314
f 9338 9342 9341
f 9338 9341 9339
f 9337 9343 9342
f 9337 9342 9338
f 9336 9344 9343
f 9336 9343 9337
f 9335 9345 9344
f 9335 9344 9336
f 9334 9346 9345
f 9334 9345 9335
f 9333 9347 9346
f 9333 9346 9334
f 9332 9348 9347
f 9332 9347 9333
f 9331 9349 9348
f 9331 9348 9332
f 9330 9350 9349
f 9330 9349 9331
f 9329 9350 9330
f 9329 9351 9350
f 9328 9351 9329
f 9328 9352 9351
f 9327 9352 9328
f 9327 9353 9352
f 9326 9353 9327
f 9326 9354 9353
f 9325 9354 9326
f 9325 9355 9354
f 9324 9355 9325
f 9323 9355 9324
f 9323 9356 9355
f 9323 9357 9356
f 9322 9357 9323
f 9322 9358 9357
f 9321 9358 9322
f 9321 9359 9358
f 9320 9359 9321
f 9320 9360 9359
f 9319 9360 9320
f 9318 9360 9319
f 9318 9361 9360
f 9317 9361 9318
f 9317 9362 9361
f 9317 9363 9362
f 9316 9363 9317
f 9316 9364 9363
f 9315 9364 9316
f 9312 9311 9364
f 9312 9364 9315
f 9369 9367 9368
f 9369 9418 9367
f 9370 9417 9418
f 9370 9418 9369
f 9371 9416 9417
f 9371 9417 9370
f 9372 9415 9416
f 9372 9416 9371
f 9373 9414 9415
f 9373 9415 9372
f 9374 9413 9414
f 9374 9414 9373
f 9375 9412 9413
f 9375 9413 9374
f 9376 9411 9412
f 9376 9412 9375
f 9377 9410 9411
f 9377 9411 9376
f 9378 9409 9410
f 9378 9410 9377
f 9379 9409 9378
f 9379 9408 9409
f 9380 9408 9379
f 9380 9407 9408
f 9381 9407 9380
f 9381 9406 9407
f 9382 9406 9381
f 9382 9405 9406
f 9383 9405 9382
f 9383 9404 9405
f 9384 9404 9383
f 9384 9403 9404
f 9385 9403 9384
f 9385 9402 9403
f 9386 9402 9385
f 9386 9401 9402
f 9387 9400 9401
f 9387 9401 9386
f 9388 9400 9387
f 9388 9399 9400
f 9389 9398 9399
f 9389 9399 9388
f 9390 9397 9398
f 9390 9398 9389
f 9391 9396 9397
f 9391 9397 9390
f 9392 9395 9396
f 9392 9396 9391
f 9393 9394 9395
f 9393 9395 9392
f 9366 9365 9394
f 9366 9394 9393
f 9422 9448 9421
f 9447 9449 9448
f 9447 9448 9422
f 9446 9450 9449
f 9446 9449 9447
f 9445 9451 9450
f 9445 9450 9446
f 9444 9452 9451
f 9444 9451 9445
f 9443 9453 9452
f 9443 9452 9444
f 9442 9454 9453
f 9442 9453 9443
f 9441 9455 9454
f 9441 9454 9442
f 9440 9456 9455
f 9440 9455 9441
f 9439 9457 9456
f 9439 9456 9440
f 9438 9458 9457
f 9438 9457 9439
f 9437 9458 9438
f 9437 9459 9458
f 9436 9459 9437
f 9436 9460 9459
f 9435 9460 9436
f 9435 9461 9460
f 9434 9461 9435
f 9434 9462 9461
f 9433 9462 9434
f 9433 9463 9462
f 9432 9463 9433
f 9431 9463 9432
f 9431 9464 9463
f 9431 9465 9464
f 9430 9465 9431
f 9430 9466 9465
f 9429 9466 9430
f 9429 9467 9466
f 9428 9467 9429
f 9428 9468 9467
f 9427 9468 9428
f 9426 9468 9427
f 9426 9469 9468
f 9425 9469 9426
f 9425 9470 9469
f 9425 9471 9470
f 9424 9471 9425
f 9424 9472 9471
f 9423 9472 9424
f 9420 9419 9472
f 9420 9472 9423
f 9477 9475 9476
f 9477 9526 9475
f 9478 9525 9526
f 9478 9526 9477
f 9479 9524 9525
f 9479 9525 9478
f 9480 9523 9524
f 9480 9524 9479
f 9481 9522 9523
f 9481 9523 9480
f 9482 9521 9522
f 9482 9522 9481
f 9483 9520 9521
f 9483 9521 9482
f 9484 9519 9520
f 9484 9520 9483
f 9485 9518 9519
f 9485 9519 9484
f 9486 9517 9518
f 9486 9518 9485
f 9487 9517 9486
f 9487 9516 9517
f 9488 9516 9487
f 9488 9515 9516
f 9489 9515 9488
f 9489 9514 9515
f 9490 9514 9489
f 9490 9513 9514
f 9491 9513 9490
f 9491 9512 9513
f 9492 9512 9491
f 9492 9511 9512
f 9493 9511 9492
f 9493 9510 9511
f 9494 9510 9493
f 9494 9509 9510
f 9495 9508 9509
f 9495 9509 9494
f 9496 9508 9495
f 9496 9507 9508
f 9497 9506 9507
f 9497 9507 9496
f 9498 9505 9506
f 9498 9506 9497
f 9499 9504 9505
f 9499 9505 9498
f 9500 9503 9504
f 9500 9504 9499
f 9501 9502 9503
f 9501 9503 9500
f 9474 9473 9502
f 9474 9502 9501
f 9535 9537 9536
f 9534 9538 9537
f 9534 9537 9535
f 9533 9539 9538
f 9533 9538 9534
f 9529 9527 9539
f 9529 9539 9533
f 9530 9527 9529
f 9531 9527 9530
f 9532 9527 9531
f 9528 9527 9532
f 9548 9550 9549
f 9547 9551 9550
f 9547 9550 9548
f 9546 9552 9551
f 9546 9551 9547
f 9542 9540 9552
f 9542 9552 9546
f 9543 9540 9542
f 9544 9540 9543
f 9545 9540 9544
f 9541 9540 9545
f 9561 9563 9562
f 9560 9564 9563
f 9560 9563 9561
f 9559 9565 9564
f 9559 9564 9560
f 9555 9553 9565
f 9555 9565 9559
f 9556 9553 9555
f 9557 9553 9556
f 9558 9553 9557
f 9554 9553 9558
f 9574 9576 9575
f 9573 9577 9576
f 9573 9576 9574
f 9572 9578 9577
f 9572 9577 9573
f 9568 9566 9578
f 9568 9578 9572
f 9569 9566 9568
f 9570 9566 9569
f 9571 9566 9570
f 9567 9566 9571
f 9580 9587 9579
f 9580 9594 9587
f 9581 9593 9594
f 9581 9594 9580
f 9582 9592 9593
f 9582 9593 9581
f 9583 9591 9592
f 9583 9592 9582
f 9584 9590 9591
f 9584 9591 9583
f 9585 9589 9590
f 9585 9590 9584
f 9586 9588 9589
f 9586 9589 9585
f 9595 9610 9603
f 9596 9609 9610
f 9596 9610 9595
f 9597 9608 9609
f 9597 9609 9596
f 9598 9607 9608
f 9598 9608 9597
f 9599 9606 9607
f 9599 9607 9598
f 9600 9605 9606
f 9600 9606 9599
f 9601 9604 9605
f 9601 9605 9600
f 9602 9604 9601
f 9612 9619 9611
f 9612 9626 9619
f 9613 9625 9626
f 9613 9626 9612
f 9614 9624 9625
f 9614 9625 9613
f 9615 9623 9624
f 9615 9624 9614
f 9616 9622 9623
f 9616 9623 9615
f 9617 9621 9622
f 9617 9622 9616
f 9618 9620 9621
f 9618 9621 9617
f 9627 9642 9635
f 9628 9641 9642
f 9628 9642 9627
f 9629 9640 9641
f 9629 9641 9628
f 9630 9639 9640
f 9630 9640 9629
f 9631 9638 9639
f 9631 9639 9630
f 9632 9637 9638
f 9632 9638 9631
f 9633 9636 9637
f 9633 9637 9632
f 9634 9636 9633
f 9645 9644 9643
f 9645 9643 9646
f 9650 9647 9648
f 9650 9649 9647
f 9653 9652 9651
f 9653 9651 9654
f 9658 9655 9656
f 9658 9657 9655
f 9661 9660 9659
f 9762 9763 9764
f 9800 9768 9767
f 9793 9800 9767
f 9807 9768 9800
f 9794 9793 9767
f 9806 9769 9768
f 9806 9768 9807
f 9795 9767 9766
f 9795 9794 9767
f 9805 9769 9806
f 9796 9795 9766
f 9804 9769 9805
f 9797 9796 9766
f 9761 9764 9770
f 9761 9762 9764
f 9662 9765 9660
f 9662 9660 9661
f 9803 9770 9769
f 9803 9769 9804
f 9798 9766 9765
f 9798 9797 9766
f 9802 9770 9803
f 9799 9798 9765
f 9760 9761 9770
f 9663 9765 9662
f 9759 9770 9802
f 9759 9760 9770
f 9759 9802 9801
f 9664 9799 9765
f 9664 9792 9799
f 9664 9765 9663
f 9758 9759 9801
f 9665 9792 9664
f 9757 9758 9801
f 9666 9792 9665
f 9756 9757 9801
f 9667 9792 9666
f 9791 9667 9668
f 9791 9668 9669
f 9791 9792 9667
f 9808 9756 9801
f 9808 9754 9755
f 9808 9755 9756
f 9753 9754 9808
f 9737 9744 9745
f 9737 9745 9746
f 9680 9677 9678
f 9680 9678 9679
f 9738 9737 9746
f 9738 9746 9747
f 9738 9747 9748
f 9687 9675 9676
f 9687 9676 9677
f 9687 9677 9680
f 9810 9748 9749
f 9810 9749 9750
f 9810 9750 9751
f 9790 9669 9670
f 9790 9670 9671
f 9790 9671 9672
f 9790 9791 9669
f 9809 9810 9751
f 9809 9753 9808
f 9809 9751 9752
f 9809 9752 9753
f 9783 9672 9673
f 9783 9673 9674
f 9783 9674 9675
f 9783 9790 9672
f 9817 9748 9810
f 9817 9738 9748
f 9784 9783 9675
f 9784 9675 9687
f 9816 9738 9817
f 9816 9739 9738
f 9785 9687 9686
f 9785 9784 9687
f 9815 9739 9816
f 9786 9785 9686
f 9814 9739 9815
f 9787 9786 9686
f 9813 9739 9814
f 9788 9787 9686
f 9740 9739 9813
f 9740 9812 9811
f 9740 9813 9812
f 9685 9789 9788
f 9685 9782 9789
f 9685 9788 9686
f 9684 9782 9685
f 9818 9740 9811
f 9818 9741 9740
f 9775 9782 9684
f 9825 9741 9818
f 9776 9775 9684
f 9824 9741 9825
f 9777 9776 9684
f 9742 9741 9824
f 9742 9822 9821
f 9742 9823 9822
f 9742 9824 9823
f 9683 9778 9777
f 9683 9779 9778
f 9683 9780 9779
f 9683 9777 9684
f 9743 9821 9820
f 9743 9742 9821
f 9682 9781 9780
f 9682 9780 9683
f 9730 9819 9729
f 9731 9819 9730
f 9731 9820 9819
f 9731 9743 9820
f 9728 9819 9826
f 9728 9729 9819
f 9692 9781 9682
f 9692 9693 9774
f 9692 9774 9781
f 9695 9773 9774
f 9727 9728 9826
f 9732 9743 9731
f 9691 9692 9682
f 9696 9773 9695
f 9733 9743 9732
f 9733 9736 9743
f 9726 9727 9826
f 9690 9682 9681
f 9690 9691 9682
f 9697 9773 9696
f 9734 9736 9733
f 9734 9735 9736
f 9689 9681 9688
f 9689 9690 9681
f 9771 9773 9697
f 9725 9726 9826
f 9725 9826 9827
f 9698 9771 9697
f 9724 9725 9827
f 9699 9771 9698
f 9723 9724 9827
f 9700 9771 9699
f 9828 9720 9721
f 9828 9721 9722
f 9828 9722 9723
f 9828 9723 9827
f 9772 9700 9701
f 9772 9701 9702
f 9772 9702 9703
f 9772 9771 9700
f 9835 9720 9828
f 9837 9772 9703
f 9712 9830 9829
f 9712 9831 9830
f 9712 9829 9836
f 9713 9712 9836
f 9713 9842 9841
f 9713 9836 9842
f 9714 9713 9841
f 9714 9839 9838
f 9714 9840 9839
f 9714 9841 9840
f 9711 9832 9831
f 9711 9833 9832
f 9711 9834 9833
f 9711 9831 9712
f 9715 9714 9838
f 9715 9703 9704
f 9715 9704 9705
f 9715 9838 9837
f 9715 9837 9703
f 9710 9834 9711
f 9710 9718 9719
f 9710 9719 9720
f 9710 9835 9834
f 9710 9720 9835
f 9709 9718 9710
f 9709 9717 9718
f 9708 9705 9706
f 9708 9715 9705
f 9707 9708 9706
f 9716 9717 9709
f 9693 9694 9774
f 9774 9694 9695
f 9848 9851 9847
f 9849 9851 9848
f 9850 9851 9849
f 9846 9852 9851
f 9846 9851 9850
f 9845 9853 9852
f 9845 9852 9846
f 9844 9854 9853
f 9844 9853 9845
f 9843 9855 9854
f 9843 9854 9844
f 9856 9859 9858
f 9860 9859 9856
f 9862 9860 9856
f 9863 9856 9857
f 9863 9862 9856
f 9861 9860 9862
f 9869 9872 9868
f 9870 9872 9869
f 9871 9872 9870
f 9867 9873 9872
f 9867 9872 9871
f 9866 9874 9873
f 9866 9873 9867
f 9865 9875 9874
f 9865 9874 9866
f 9864 9876 9875
f 9864 9875 9865
f 9884 9877 9878
f 9881 9879 9877
f 9881 9877 9884
f 9882 9884 9883
f 9882 9881 9884
f 9880 9879 9881
f 9890 9893 9889
f 9891 9893 9890
f 9892 9893 9891
f 9888 9894 9893
f 9888 9893 9892
f 9887 9895 9894
f 9887 9894 9888
f 9886 9896 9895
f 9886 9895 9887
f 9885 9897 9896
f 9885 9896 9886
f 9905 9898 9899
f 9902 9900 9898
f 9902 9898 9905
f 9903 9905 9904
f 9903 9902 9905
f 9901 9900 9902
f 9911 9914 9910
f 9912 9914 9911
f 9913 9914 9912
f 9909 9915 9914
f 9909 9914 9913
f 9908 9916 9915
f 9908 9915 9909
f 9907 9917 9916
f 9907 9916 9908
f 9906 9918 9917
f 9906 9917 9907
f 9926 9919 9920
f 9921 9919 9926
f 9923 9921 9926
f 9924 9926 9925
f 9924 9923 9926
f 9922 9921 9923
f 9950 9948 9949
f 9947 9948 9950
f 9951 9947 9950
f 9946 9947 9951
f 9952 9946 9951
f 9945 9946 9952
f 9953 9945 9952
f 9980 9979 9953
f 9978 9953 9979
f 9981 9980 9953
f 9977 9945 9953
f 9977 9953 9978
f 9982 9981 9953
f 9976 9945 9977
f 9983 9982 9953
f 9975 9945 9976
f 9984 9983 9953
f 9974 9945 9975
f 9973 9945 9974
f 9972 9945 9973
f 10057 9986 9985
f 10057 9987 9986
f 10058 10057 9985
f 10056 9987 10057
f 10056 9988 9987
f 10059 10058 9985
f 10059 9985 9984
f 10059 9984 9953
f 10055 9988 10056
f 10055 9963 9988
f 10054 9963 10055
f 10053 9963 10054
f 10053 9964 9963
f 10052 9964 10053
f 10052 9965 9964
f 10052 9966 9965
f 10051 9966 10052
f 10050 9966 10051
f 10050 9967 9966
f 9954 10059 9953
f 9954 10060 10059
f 9954 10061 10060
f 9954 10062 10061
f 9954 10063 10062
f 9954 10064 10063
f 9954 10065 10064
f 9954 10066 10065
f 9939 9940 9941
f 9959 9956 9957
f 9959 9957 9958
f 9938 9941 9942
f 9938 9939 9941
f 9960 9955 9956
f 9960 9956 9959
f 9937 9942 9943
f 9937 9938 9942
f 10006 9944 9945
f 10006 9945 9972
f 10006 10005 9944
f 10004 9944 10005
f 9961 9954 9955
f 9961 9955 9960
f 10007 9972 9971
f 10007 10006 9972
f 10003 9944 10004
f 10008 9971 9970
f 10008 10007 9971
f 10002 9944 10003
f 9962 10042 10041
f 9962 10043 10042
f 9962 10044 10043
f 9962 10045 10044
f 9962 10066 9954
f 9962 10041 10066
f 9962 9954 9961
f 9936 9943 9944
f 9936 9937 9943
f 10009 9970 9969
f 10009 10008 9970
f 10001 9936 9944
f 10001 9944 10002
f 10010 10009 9969
f 10010 9969 9968
f 10000 9936 10001
f 10011 10010 9968
f 10011 9968 9967
f 10011 9967 10050
f 9999 9936 10000
f 9998 9936 9999
f 9997 9936 9998
f 9996 9936 9997
f 9995 9936 9996
f 9994 9936 9995
f 10031 10013 10012
f 10032 10031 10012
f 10032 10011 10050
f 10032 10012 10011
f 10030 10013 10031
f 10033 10050 10049
f 10033 10032 10050
f 10029 10013 10030
f 10029 10014 10013
f 10034 10033 10049
f 10034 10048 10047
f 10034 10049 10048
f 10028 10014 10029
f 10028 9989 10014
f 10035 10034 10047
f 10027 9989 10028
f 10027 9990 9989
f 10036 10046 10045
f 10036 10047 10046
f 10036 10035 10047
f 10026 9991 9990
f 10026 9990 10027
f 10037 10036 10045
f 10025 9991 10026
f 10025 9992 9991
f 10024 9993 9992
f 10024 9994 9993
f 10024 9992 10025
f 10023 9994 10024
f 9927 10038 10037
f 9927 10039 10038
f 9927 10040 10039
f 9927 10015 10040
f 9927 10037 10045
f 9927 10045 9962
f 9927 10016 10015
f 9935 10016 9927
f 9935 10017 10016
f 9935 10018 10017
f 9935 10019 10018
f 9935 10020 10019
f 9935 10021 10020
f 9935 10022 10021
f 9935 10023 10022
f 9934 9935 9927
f 9928 9934 9927
f 9933 9934 9928
f 9929 9933 9928
f 9932 9933 9929
f 9930 9932 9929
f 9931 9932 9930
f 9935 9936 10023
f 10023 9936 9994
f 10102 10076 10077
f 10102 10077 10103
f 10104 10077 10078
f 10104 10103 10077
f 10101 10075 10076
f 10101 10076 10102
f 10105 10078 10079
f 10105 10104 10078
f 10100 10074 10075
f 10100 10075 10101
f 10106 10079 10080
f 10106 10105 10079
f 10099 10073 10074
f 10099 10074 10100
f 10107 10080 10081
f 10107 10106 10080
f 10098 10072 10073
f 10098 10073 10099
f 10108 10081 10082
f 10108 10107 10081
f 10097 10071 10072
f 10097 10072 10098
f 10083 10108 10082
f 10109 10108 10083
f 10070 10071 10097
f 10070 10097 10096
f 10110 10109 10083
f 10084 10110 10083
f 10111 10110 10084
f 10069 10070 10096
f 10069 10095 10094
f 10069 10096 10095
f 10085 10111 10084
f 10068 10069 10094
f 10086 10111 10085
f 10086 10112 10111
f 10067 10094 10093
f 10067 10068 10094
f 10087 10112 10086
f 10087 10113 10112
f 10087 10114 10113
f 10092 10067 10093
f 10092 10093 10118
f 10088 10114 10087
f 10091 10092 10118
f 10091 10117 10116
f 10091 10118 10117
f 10089 10115 10114
f 10089 10114 10088
f 10090 10091 10116
f 10090 10116 10115
f 10090 10115 10089
f 10154 10128 10129
f 10154 10129 10155
f 10156 10129 10130
f 10156 10155 10129
f 10153 10127 10128
f 10153 10128 10154
f 10157 10130 10131
f 10157 10156 10130
f 10152 10126 10127
f 10152 10127 10153
f 10158 10131 10132
f 10158 10157 10131
f 10151 10125 10126
f 10151 10126 10152
f 10159 10132 10133
f 10159 10158 10132
f 10150 10124 10125
f 10150 10125 10151
f 10160 10133 10134
f 10160 10159 10133
f 10149 10123 10124
f 10149 10124 10150
f 10135 10160 10134
f 10161 10160 10135
f 10122 10123 10149
f 10122 10149 10148
f 10162 10161 10135
f 10136 10162 10135
f 10163 10162 10136
f 10121 10122 10148
f 10121 10147 10146
f 10121 10148 10147
f 10137 10163 10136
f 10120 10121 10146
f 10138 10163 10137
f 10138 10164 10163
f 10119 10146 10145
f 10119 10120 10146
f 10139 10164 10138
f 10139 10165 10164
f 10139 10166 10165
f 10144 10119 10145
f 10144 10145 10170
f 10140 10166 10139
f 10143 10144 10170
f 10143 10169 10168
f 10143 10170 10169
f 10141 10167 10166
f 10141 10166 10140
f 10142 10143 10168
f 10142 10168 10167
f 10142 10167 10141
f 10206 10180 10181
f 10206 10181 10207
f 10208 10181 10182
f 10208 10207 10181
f 10205 10179 10180
f 10205 10180 10206
f 10209 10182 10183
f 10209 10208 10182
f 10204 10178 10179
f 10204 10179 10205
f 10210 10183 10184
f 10210 10209 10183
f 10203 10177 10178
f 10203 10178 10204
f 10211 10184 10185
f 10211 10210 10184
f 10202 10176 10177
f 10202 10177 10203
f 10212 10185 10186
f 10212 10211 10185
f 10201 10175 10176
f 10201 10176 10202
f 10187 10212 10186
f 10213 10212 10187
f 10174 10175 10201
f 10174 10201 10200
f 10214 10213 10187
f 10188 10214 10187
f 10215 10214 10188
f 10173 10174 10200
f 10173 10199 10198
f 10173 10200 10199
f 10189 10215 10188
f 10172 10173 10198
f 10190 10215 10189
f 10190 10216 10215
f 10171 10198 10197
f 10171 10172 10198
f 10191 10216 10190
f 10191 10217 10216
f 10191 10218 10217
f 10196 10171 10197
f 10196 10197 10222
f 10192 10218 10191
f 10195 10196 10222
f 10195 10221 10220
f 10195 10222 10221
f 10193 10219 10218
f 10193 10218 10192
f 10194 10195 10220
f 10194 10220 10219
f 10194 10219 10193
f 10258 10232 10233
f 10258 10233 10259
f 10260 10233 10234
f 10260 10259 10233
f 10257 10231 10232
f 10257 10232 10258
f 10261 10234 10235
f 10261 10260 10234
f 10256 10230 10231
f 10256 10231 10257
f 10262 10235 10236
f 10262 10261 10235
f 10255 10229 10230
f 10255 10230 10256
f 10263 10236 10237
f 10263 10262 10236
f 10254 10228 10229
f 10254 10229 10255
f 10264 10237 10238
f 10264 10263 10237
f 10253 10227 10228
f 10253 10228 10254
f 10239 10264 10238
f 10265 10264 10239
f 10226 10227 10253
f 10226 10253 10252
f 10266 10265 10239
f 10240 10266 10239
f 10267 10266 10240
f 10225 10226 10252
f 10225 10251 10250
f 10225 10252 10251
f 10241 10267 10240
f 10224 10225 10250
f 10242 10267 10241
f 10242 10268 10267
f 10223 10250 10249
f 10223 10224 10250
f 10243 10268 10242
f 10243 10269 10268
f 10243 10270 10269
f 10248 10223 10249
f 10248 10249 10274
f 10244 10270 10243
f 10247 10248 10274
f 10247 10273 10272
f 10247 10274 10273
f 10245 10271 10270
f 10245 10270 10244
f 10246 10247 10272
f 10246 10272 10271
f 10246 10271 10245
f 10305 10287 10288
f 10306 10305 10288
f 10304 10286 10287
f 10304 10287 10305
f 10307 10306 10288
f 10303 10285 10286
f 10303 10286 10304
f 10302 10284 10285
f 10302 10285 10303
f 10301 10283 10284
f 10301 10284 10302
f 10275 10308 10307
f 10275 10309 10308
f 10275 10307 10288
f 10310 10309 10275
f 10300 10282 10283
f 10300 10283 10301
f 10311 10310 10275
f 10299 10282 10300
f 10312 10311 10275
f 10313 10312 10275
f 10279 10280 10281
f 10314 10313 10275
f 10289 10314 10275
f 10290 10289 10275
f 10278 10281 10282
f 10278 10282 10299
f 10278 10279 10281
f 10331 10278 10299
f 10332 10298 10297
f 10332 10299 10298
f 10332 10331 10299
f 10330 10278 10331
f 10333 10332 10297
f 10329 10278 10330
f 10334 10297 10296
f 10334 10333 10297
f 10328 10278 10329
f 10335 10334 10296
f 10335 10296 10295
f 10327 10278 10328
f 10336 10335 10295
f 10336 10295 10294
f 10326 10278 10327
f 10337 10293 10292
f 10337 10294 10293
f 10337 10336 10294
f 10325 10277 10278
f 10325 10278 10326
f 10338 10292 10291
f 10338 10337 10292
f 10324 10277 10325
f 10339 10338 10291
f 10323 10277 10324
f 10340 10291 10290
f 10340 10290 10275
f 10340 10339 10291
f 10276 10316 10315
f 10276 10317 10316
f 10276 10318 10317
f 10276 10319 10318
f 10276 10320 10319
f 10276 10321 10320
f 10276 10322 10321
f 10276 10323 10322
f 10276 10315 10340
f 10276 10277 10323
f 10276 10340 10275
f 10355 10353 10354
f 10356 10353 10355
f 10351 10352 10353
f 10350 10351 10353
f 10350 10356 10357
f 10350 10353 10356
f 10380 10379 10357
f 10378 10357 10379
f 10381 10380 10357
f 10377 10357 10378
f 10377 10350 10357
f 10382 10381 10357
f 10376 10350 10377
f 10401 10350 10376
f 10400 10350 10401
f 10358 10382 10357
f 10358 10383 10382
f 10358 10384 10383
f 10385 10384 10358
f 10386 10385 10358
f 10360 10358 10359
f 10361 10358 10360
f 10362 10358 10361
f 10365 10362 10363
f 10365 10363 10364
f 10365 10358 10362
f 10366 10386 10358
f 10366 10387 10386
f 10366 10358 10365
f 10367 10387 10366
f 10367 10388 10387
f 10368 10389 10388
f 10368 10388 10367
f 10369 10390 10389
f 10369 10389 10368
f 10370 10391 10390
f 10370 10390 10369
f 10371 10392 10391
f 10371 10391 10370
f 10346 10347 10348
f 10345 10346 10348
f 10343 10344 10345
f 10343 10345 10348
f 10341 10348 10349
f 10341 10343 10348
f 10406 10405 10399
f 10406 10399 10398
f 10404 10350 10400
f 10404 10399 10405
f 10404 10349 10350
f 10404 10400 10399
f 10407 10406 10398
f 10407 10398 10397
f 10403 10349 10404
f 10408 10407 10397
f 10408 10396 10395
f 10408 10397 10396
f 10402 10349 10403
f 10409 10408 10395
f 10427 10349 10402
f 10427 10341 10349
f 10410 10409 10395
f 10410 10395 10394
f 10426 10341 10427
f 10411 10410 10394
f 10411 10394 10393
f 10425 10341 10426
f 10412 10411 10393
f 10412 10393 10392
f 10424 10341 10425
f 10423 10341 10424
f 10422 10341 10423
f 10375 10412 10392
f 10375 10371 10372
f 10375 10392 10371
f 10375 10413 10412
f 10375 10414 10413
f 10375 10415 10414
f 10375 10416 10415
f 10375 10417 10416
f 10375 10418 10417
f 10375 10419 10418
f 10342 10341 10422
f 10342 10419 10375
f 10342 10420 10419
f 10342 10421 10420
f 10342 10422 10421
f 10374 10372 10373
f 10374 10375 10372
f 10446 10445 10438
f 10444 10438 10445
f 10447 10446 10438
f 10443 10438 10444
f 10448 10447 10438
f 10442 10438 10443
f 10449 10448 10438
f 10467 10438 10442
f 10450 10449 10438
f 10439 10451 10450
f 10439 10452 10451
f 10439 10450 10438
f 10440 10452 10439
f 10440 10453 10452
f 10440 10454 10453
f 10440 10455 10454
f 10440 10456 10455
f 10440 10457 10456
f 10440 10458 10457
f 10471 10466 10465
f 10472 10465 10464
f 10472 10471 10465
f 10470 10466 10471
f 10473 10472 10464
f 10473 10464 10463
f 10469 10467 10466
f 10469 10466 10470
f 10469 10438 10467
f 10474 10463 10462
f 10474 10473 10463
f 10475 10462 10461
f 10475 10474 10462
f 10476 10461 10460
f 10476 10475 10461
f 10477 10476 10460
f 10477 10460 10459
f 10478 10477 10459
f 10478 10458 10440
f 10478 10459 10458
f 10437 10438 10469
f 10437 10469 10468
f 10437 10490 10489
f 10437 10491 10490
f 10437 10492 10491
f 10437 10493 10492
f 10437 10468 10493
f 10488 10437 10489
f 10487 10437 10488
f 10486 10437 10487
f 10433 10482 10481
f 10432 10481 10480
f 10432 10433 10481
f 10431 10480 10479
f 10431 10432 10480
f 10434 10483 10482
f 10434 10482 10433
f 10430 10479 10478
f 10430 10478 10440
f 10430 10431 10479
f 10435 10484 10483
f 10435 10483 10434
f 10428 10440 10441
f 10428 10430 10440
f 10436 10485 10484
f 10436 10486 10485
f 10436 10437 10486
f 10436 10484 10435
f 10429 10428 10441
f 10546 10512 10513
f 10546 10545 10512
f 10544 10512 10545
f 10547 10546 10513
f 10543 10512 10544
f 10548 10547 10513
f 10542 10512 10543
f 10549 10548 10513
f 10541 10512 10542
f 10540 10512 10541
f 10539 10512 10540
f 10514 10549 10513
f 10514 10550 10549
f 10514 10551 10550
f 10514 10552 10551
f 10514 10553 10552
f 10514 10554 10553
f 10519 10516 10517
f 10519 10517 10518
f 10509 10510 10511
f 10509 10511 10512
f 10508 10509 10512
f 10521 10514 10515
f 10521 10515 10516
f 10521 10519 10520
f 10521 10530 10529
f 10521 10531 10530
f 10521 10554 10514
f 10521 10516 10519
f 10521 10529 10554
f 10571 10512 10539
f 10571 10508 10512
f 10572 10571 10539
f 10572 10539 10538
f 10570 10507 10508
f 10570 10508 10571
f 10573 10537 10536
f 10573 10538 10537
f 10573 10572 10538
f 10569 10506 10507
f 10569 10507 10570
f 10574 10536 10535
f 10574 10573 10536
f 10568 10505 10506
f 10568 10506 10569
f 10498 10499 10500
f 10575 10535 10534
f 10575 10574 10535
f 10567 10504 10505
f 10567 10505 10568
f 10576 10575 10534
f 10576 10534 10533
f 10497 10500 10501
f 10497 10498 10500
f 10566 10504 10567
f 10566 10503 10504
f 10577 10576 10533
f 10565 10503 10566
f 10578 10533 10532
f 10578 10577 10533
f 10494 10496 10497
f 10494 10501 10502
f 10494 10502 10503
f 10494 10503 10565
f 10494 10565 10564
f 10494 10497 10501
f 10579 10531 10521
f 10579 10532 10531
f 10579 10578 10532
f 10563 10494 10564
f 10562 10494 10563
f 10561 10494 10562
f 10495 10494 10561
f 10495 10557 10556
f 10495 10558 10557
f 10495 10559 10558
f 10495 10560 10559
f 10495 10561 10560
f 10522 10579 10521
f 10522 10495 10556
f 10522 10556 10555
f 10522 10580 10579
f 10522 10555 10580
f 10527 10528 10495
f 10525 10522 10523
f 10525 10523 10524
f 10525 10526 10527
f 10525 10495 10522
f 10525 10527 10495
f 10590 10591 10592
f 10590 10592 10593
f 10590 10593 10594
f 10590 10594 10595
f 10590 10595 10596
f 10590 10596 10589
f 10646 10590 10645
f 10644 10645 10590
f 10647 10590 10646
f 10643 10590 10589
f 10643 10644 10590
f 10648 10590 10647
f 10642 10643 10589
f 10641 10642 10589
f 10640 10641 10589
f 10597 10590 10648
f 10597 10648 10649
f 10597 10649 10650
f 10651 10597 10650
f 10652 10597 10651
f 10603 10604 10597
f 10602 10603 10597
f 10599 10600 10601
f 10599 10601 10602
f 10599 10602 10597
f 10598 10599 10597
f 10611 10597 10652
f 10611 10652 10653
f 10611 10598 10597
f 10610 10653 10654
f 10610 10611 10653
f 10609 10654 10629
f 10609 10610 10654
f 10608 10609 10629
f 10608 10629 10630
f 10607 10630 10631
f 10607 10608 10630
f 10581 10640 10589
f 10606 10631 10632
f 10606 10607 10631
f 10583 10581 10582
f 10584 10581 10583
f 10585 10581 10584
f 10588 10585 10586
f 10588 10586 10587
f 10588 10581 10585
f 10671 10639 10640
f 10672 10639 10671
f 10672 10638 10639
f 10670 10640 10581
f 10670 10671 10640
f 10673 10638 10672
f 10673 10636 10637
f 10673 10637 10638
f 10669 10670 10581
f 10674 10636 10673
f 10668 10669 10581
f 10675 10636 10674
f 10675 10635 10636
f 10667 10581 10588
f 10667 10668 10581
f 10676 10635 10675
f 10676 10633 10634
f 10676 10634 10635
f 10666 10667 10588
f 10677 10633 10676
f 10665 10666 10588
f 10678 10633 10677
f 10678 10632 10633
f 10678 10606 10632
f 10664 10665 10588
f 10663 10664 10588
f 10662 10663 10588
f 10618 10655 10656
f 10619 10655 10618
f 10619 10680 10655
f 10617 10618 10656
f 10617 10656 10657
f 10620 10680 10619
f 10620 10679 10680
f 10616 10657 10658
f 10616 10617 10657
f 10621 10606 10678
f 10621 10605 10606
f 10621 10679 10620
f 10621 10678 10679
f 10622 10615 10616
f 10622 10662 10588
f 10622 10616 10658
f 10622 10658 10659
f 10622 10659 10660
f 10622 10660 10661
f 10622 10661 10662
f 10614 10605 10621
f 10614 10612 10605
f 10624 10622 10623
f 10624 10628 10615
f 10624 10615 10622
f 10626 10624 10625
f 10626 10627 10628
f 10626 10628 10624
f 10613 10612 10614
f 10724 10692 10693
f 10723 10692 10724
f 10725 10693 10694
f 10725 10724 10693
f 10722 10692 10723
f 10726 10694 10695
f 10726 10725 10694
f 10701 10726 10695
f 10701 10695 10696
f 10702 10696 10697
f 10702 10701 10696
f 10699 10692 10722
f 10699 10721 10720
f 10699 10722 10721
f 10719 10699 10720
f 10703 10697 10698
f 10703 10702 10697
f 10718 10699 10719
f 10704 10703 10698
f 10717 10699 10718
f 10716 10699 10717
f 10715 10699 10716
f 10714 10699 10715
f 10713 10699 10714
f 10681 10690 10689
f 10681 10691 10690
f 10682 10698 10691
f 10682 10691 10681
f 10730 10704 10698
f 10730 10698 10682
f 10731 10705 10704
f 10731 10704 10730
f 10729 10682 10683
f 10729 10730 10682
f 10732 10706 10705
f 10732 10705 10731
f 10728 10683 10684
f 10728 10729 10683
f 10733 10707 10706
f 10733 10706 10732
f 10727 10684 10685
f 10727 10728 10684
f 10734 10708 10707
f 10734 10707 10733
f 10752 10685 10686
f 10752 10727 10685
f 10735 10709 10708
f 10735 10710 10709
f 10735 10708 10734
f 10751 10686 10687
f 10751 10752 10686
f 10736 10710 10735
f 10750 10687 10688
f 10750 10751 10687
f 10737 10711 10710
f 10737 10712 10711
f 10737 10710 10736
f 10749 10750 10688
f 10738 10712 10737
f 10748 10749 10688
f 10739 10713 10712
f 10739 10712 10738
f 10700 10699 10713
f 10700 10739 10740
f 10700 10740 10741
f 10700 10741 10742
f 10700 10742 10743
f 10700 10743 10744
f 10700 10744 10745
f 10700 10745 10746
f 10700 10746 10747
f 10700 10747 10748
f 10700 10713 10739
f 10700 10748 10688
f 10763 10764 10765
f 10763 10765 10766
f 10763 10766 10767
f 10763 10767 10768
f 10756 10768 10769
f 10756 10763 10768
f 10757 10763 10756
f 10804 10763 10757
f 10805 10763 10804
f 10803 10757 10758
f 10803 10804 10757
f 10806 10763 10805
f 10802 10758 10759
f 10802 10803 10758
f 10807 10763 10806
f 10801 10759 10760
f 10801 10802 10759
f 10808 10763 10807
f 10826 10760 10761
f 10826 10801 10760
f 10754 10755 10753
f 10825 10761 10762
f 10825 10826 10761
f 10824 10825 10762
f 10770 10763 10808
f 10770 10808 10809
f 10770 10809 10810
f 10770 10810 10811
f 10770 10811 10812
f 10770 10812 10813
f 10776 10777 10770
f 10774 10775 10776
f 10774 10776 10770
f 10773 10774 10770
f 10794 10755 10754
f 10795 10762 10755
f 10795 10824 10762
f 10795 10755 10794
f 10771 10773 10770
f 10771 10772 10773
f 10771 10813 10814
f 10771 10814 10815
f 10771 10815 10816
f 10771 10770 10813
f 10830 10824 10795
f 10830 10823 10824
f 10790 10788 10789
f 10831 10823 10830
f 10829 10830 10795
f 10829 10795 10796
f 10832 10823 10831
f 10832 10821 10822
f 10832 10822 10823
f 10828 10829 10796
f 10828 10796 10797
f 10833 10821 10832
f 10827 10828 10797
f 10827 10797 10798
f 10791 10788 10790
f 10834 10821 10833
f 10834 10820 10821
f 10852 10827 10798
f 10852 10798 10799
f 10835 10820 10834
f 10835 10818 10819
f 10835 10819 10820
f 10851 10799 10800
f 10851 10852 10799
f 10836 10818 10835
f 10850 10851 10800
f 10793 10788 10791
f 10793 10791 10792
f 10837 10818 10836
f 10837 10817 10818
f 10786 10787 10788
f 10786 10800 10787
f 10786 10788 10793
f 10786 10850 10800
f 10786 10849 10850
f 10838 10817 10837
f 10838 10816 10817
f 10838 10771 10816
f 10848 10849 10786
f 10847 10848 10786
f 10846 10847 10786
f 10778 10771 10838
f 10778 10838 10839
f 10778 10839 10840
f 10778 10840 10841
f 10779 10846 10786
f 10779 10841 10842
f 10779 10778 10841
f 10779 10842 10843
f 10779 10843 10844
f 10779 10844 10845
f 10779 10845 10846
f 10782 10780 10781
f 10783 10779 10780
f 10783 10784 10785
f 10783 10785 10778
f 10783 10778 10779
f 10783 10780 10782
f 10890 10854 10889
f 10888 10889 10854
f 10891 10854 10890
f 10887 10888 10854
f 10892 10854 10891
f 10886 10887 10854
f 10893 10854 10892
f 10885 10886 10854
f 10894 10854 10893
f 10853 10894 10895
f 10853 10895 10896
f 10853 10854 10894
f 10861 10853 10896
f 10861 10896 10897
f 10860 10861 10897
f 10860 10897 10898
f 10859 10860 10898
f 10859 10898 10873
f 10858 10859 10873
f 10858 10873 10874
f 10857 10874 10875
f 10857 10858 10874
f 10856 10875 10876
f 10856 10857 10875
f 10909 10883 10884
f 10908 10882 10883
f 10908 10883 10909
f 10910 10909 10884
f 10907 10882 10908
f 10907 10881 10882
f 10911 10884 10885
f 10911 10910 10884
f 10911 10885 10854
f 10906 10881 10907
f 10906 10880 10881
f 10905 10880 10906
f 10905 10879 10880
f 10904 10878 10879
f 10904 10879 10905
f 10903 10878 10904
f 10903 10877 10878
f 10902 10876 10877
f 10902 10877 10903
f 10872 10911 10854
f 10872 10912 10911
f 10872 10913 10912
f 10872 10914 10913
f 10872 10915 10914
f 10872 10916 10915
f 10872 10917 10916
f 10918 10917 10872
f 10919 10918 10872
f 10920 10919 10872
f 10869 10900 10899
f 10868 10899 10924
f 10868 10869 10899
f 10870 10901 10900
f 10870 10900 10869
f 10867 10868 10924
f 10867 10924 10923
f 10871 10901 10870
f 10871 10856 10876
f 10871 10902 10901
f 10871 10876 10902
f 10866 10867 10923
f 10866 10923 10922
f 10864 10856 10871
f 10864 10855 10856
f 10865 10921 10920
f 10865 10922 10921
f 10865 10866 10922
f 10865 10920 10872
f 10863 10862 10855
f 10863 10855 10864
f 10930 10928 10929
f 10926 10927 10928
f 10932 10930 10931
f 10925 10928 10930
f 10925 10926 10928
f 10925 10930 10932
f 10995 10925 10996
f 10997 10996 10925
f 10994 10925 10995
f 10998 10925 10932
f 10998 10997 10925
f 10993 10925 10994
f 10973 10998 10932
f 10974 10973 10932
f 10975 10974 10932
f 10933 10925 10993
f 10933 10992 10991
f 10933 10993 10992
f 10990 10933 10991
f 10989 10933 10990
f 10938 10939 10940
f 10937 10938 10940
f 10936 10940 10933
f 10936 10937 10940
f 10934 10935 10936
f 10934 10936 10933
f 10947 10933 10989
f 10947 10989 10988
f 10947 10934 10933
f 10946 10988 10987
f 10946 10947 10988
f 10945 10987 10986
f 10945 10946 10987
f 10944 10986 10985
f 10944 10945 10986
f 10943 10985 10984
f 10943 10944 10985
f 10966 10975 10932
f 10942 10984 10983
f 10942 10943 10984
f 10968 10966 10967
f 10969 10966 10968
f 10971 10966 10969
f 10971 10969 10970
f 10965 10966 10971
f 10965 10971 10972
f 11003 10976 11002
f 11003 10977 10976
f 11001 11002 10976
f 11001 10976 10975
f 11001 10975 10966
f 11004 10977 11003
f 11004 10978 10977
f 11000 11001 10966
f 11005 10978 11004
f 11005 10979 10978
f 10999 11000 10966
f 11006 10980 10979
f 11006 10979 11005
f 11024 10999 10966
f 11024 10966 10965
f 11007 10980 11006
f 11007 10981 10980
f 11023 11024 10965
f 11008 10981 11007
f 11008 10982 10981
f 11022 11023 10965
f 11009 10982 11008
f 11009 10983 10982
f 11021 11022 10965
f 11020 11021 10965
f 11019 11020 10965
f 10954 11012 11013
f 10955 11012 10954
f 10955 11011 11012
f 10956 11011 10955
f 10956 11010 11011
f 10953 10954 11013
f 10953 11013 11014
f 10957 10941 10942
f 10957 10983 11009
f 10957 11010 10956
f 10957 11009 11010
f 10957 10942 10983
f 10952 10953 11014
f 10952 11014 11015
f 10958 11019 10965
f 10958 10952 11015
f 10958 11015 11016
f 10958 11016 11017
f 10958 11017 11018
f 10958 11018 11019
f 10951 10952 10958
f 10950 10948 10941
f 10950 10941 10957
f 10960 10958 10959
f 10963 10964 10951
f 10963 10951 10958
f 10962 10960 10961
f 10962 10958 10960
f 10962 10963 10958
f 10949 10948 10950
f 11055 11036 11037
f 11054 11036 11055
f 11056 11037 11038
f 11056 11055 11037
f 11053 11036 11054
f 11057 11038 11039
f 11057 11056 11038
f 11058 11057 11039
f 11058 11039 11040
f 11059 11040 11041
f 11059 11058 11040
f 11043 11036 11053
f 11043 11052 11051
f 11043 11053 11052
f 11050 11043 11051
f 11060 11041 11042
f 11060 11059 11041
f 11049 11043 11050
f 11061 11060 11042
f 11048 11043 11049
f 11047 11043 11048
f 11046 11043 11047
f 11045 11043 11046
f 11070 11043 11045
f 11025 11034 11033
f 11025 11035 11034
f 11026 11042 11035
f 11026 11061 11042
f 11026 11035 11025
f 11081 11061 11026
f 11080 11061 11081
f 11080 11062 11061
f 11082 11026 11027
f 11082 11081 11026
f 11079 11063 11062
f 11079 11062 11080
f 11083 11027 11028
f 11083 11082 11027
f 11078 11064 11063
f 11078 11063 11079
f 11084 11028 11029
f 11084 11083 11028
f 11077 11065 11064
f 11077 11066 11065
f 11077 11064 11078
f 11085 11029 11030
f 11085 11084 11029
f 11076 11066 11077
f 11076 11067 11066
f 11086 11030 11031
f 11086 11085 11030
f 11075 11067 11076
f 11087 11031 11032
f 11087 11086 11031
f 11074 11068 11067
f 11074 11069 11068
f 11074 11067 11075
f 11088 11087 11032
f 11073 11070 11069
f 11073 11069 11074
f 11089 11088 11032
f 11072 11043 11070
f 11072 11070 11073
f 11044 11072 11071
f 11044 11090 11089
f 11044 11091 11090
f 11044 11092 11091
f 11044 11093 11092
f 11044 11094 11093
f 11044 11095 11094
f 11044 11096 11095
f 11044 11071 11096
f 11044 11043 11072
f 11044 11089 11032
f 11123 11124 11125
f 11128 11125 11126
f 11128 11126 11127
f 11115 11123 11125
f 11115 11125 11128
f 11122 11123 11115
f 11116 11122 11115
f 11155 11122 11116
f 11154 11122 11155
f 11156 11116 11117
f 11156 11155 11116
f 11153 11122 11154
f 11157 11117 11118
f 11157 11156 11117
f 11152 11122 11153
f 11158 11118 11119
f 11158 11157 11118
f 11151 11122 11152
f 11159 11119 11120
f 11159 11158 11119
f 11112 11114 11113
f 11160 11159 11120
f 11160 11120 11121
f 11161 11160 11121
f 11129 11147 11146
f 11129 11122 11151
f 11129 11148 11147
f 11129 11149 11148
f 11129 11150 11149
f 11129 11151 11150
f 11134 11135 11136
f 11134 11136 11129
f 11132 11133 11134
f 11105 11114 11112
f 11106 11121 11114
f 11106 11161 11121
f 11106 11114 11105
f 11130 11131 11132
f 11130 11146 11145
f 11130 11129 11146
f 11130 11170 11169
f 11130 11145 11170
f 11130 11134 11129
f 11130 11132 11134
f 11099 11097 11098
f 11187 11161 11106
f 11187 11162 11161
f 11188 11162 11187
f 11186 11106 11107
f 11186 11187 11106
f 11189 11162 11188
f 11189 11163 11162
f 11189 11164 11163
f 11185 11107 11108
f 11185 11186 11107
f 11190 11164 11189
f 11184 11108 11109
f 11184 11185 11108
f 11101 11099 11100
f 11101 11097 11099
f 11191 11164 11190
f 11191 11165 11164
f 11183 11109 11110
f 11183 11184 11109
f 11192 11165 11191
f 11192 11166 11165
f 11192 11167 11166
f 11182 11110 11111
f 11182 11183 11110
f 11193 11168 11167
f 11193 11167 11192
f 11181 11182 11111
f 11194 11168 11193
f 11194 11169 11168
f 11104 11101 11102
f 11104 11102 11103
f 11104 11097 11101
f 11104 11111 11097
f 11104 11181 11111
f 11104 11180 11181
f 11195 11169 11194
f 11195 11130 11169
f 11179 11180 11104
f 11178 11179 11104
f 11177 11178 11104
f 11137 11130 11195
f 11137 11171 11172
f 11137 11195 11196
f 11137 11196 11171
f 11138 11177 11104
f 11138 11172 11173
f 11138 11173 11174
f 11138 11174 11175
f 11138 11175 11176
f 11138 11137 11172
f 11138 11176 11177
f 11141 11139 11140
f 11142 11138 11139
f 11142 11143 11144
f 11142 11144 11137
f 11142 11137 11138
f 11142 11139 11141
f 11239 11198 11240
f 11241 11240 11198
f 11238 11198 11239
f 11242 11241 11198
f 11237 11198 11238
f 11217 11242 11198
f 11236 11198 11237
f 11218 11217 11198
f 11235 11198 11236
f 11197 11234 11233
f 11197 11235 11234
f 11197 11198 11235
f 11205 11197 11233
f 11205 11233 11232
f 11204 11205 11232
f 11204 11232 11231
f 11203 11231 11230
f 11203 11204 11231
f 11202 11230 11229
f 11202 11203 11230
f 11201 11229 11228
f 11201 11202 11229
f 11200 11228 11227
f 11200 11201 11228
f 11246 11220 11219
f 11247 11220 11246
f 11247 11221 11220
f 11245 11246 11219
f 11245 11219 11218
f 11248 11222 11221
f 11248 11221 11247
f 11244 11245 11218
f 11244 11218 11198
f 11249 11223 11222
f 11249 11222 11248
f 11250 11224 11223
f 11250 11223 11249
f 11251 11224 11250
f 11251 11225 11224
f 11252 11226 11225
f 11252 11225 11251
f 11253 11227 11226
f 11253 11226 11252
f 11216 11243 11244
f 11216 11244 11198
f 11216 11264 11265
f 11216 11265 11266
f 11216 11266 11267
f 11216 11267 11268
f 11216 11268 11243
f 11263 11264 11216
f 11262 11263 11216
f 11261 11262 11216
f 11212 11256 11257
f 11213 11255 11256
f 11213 11256 11212
f 11211 11257 11258
f 11211 11212 11257
f 11214 11254 11255
f 11214 11255 11213
f 11215 11200 11227
f 11215 11253 11254
f 11215 11254 11214
f 11215 11227 11253
f 11210 11211 11258
f 11210 11258 11259
f 11208 11199 11200
f 11208 11200 11215
f 11209 11259 11260
f 11209 11260 11261
f 11209 11210 11259
f 11209 11261 11216
f 11207 11206 11199
f 11207 11199 11208
f 11305 11287 11288
f 11306 11305 11288
f 11304 11286 11287
f 11304 11287 11305
f 11307 11306 11288
f 11303 11285 11286
f 11303 11286 11304
f 11302 11284 11285
f 11302 11285 11303
f 11301 11284 11302
f 11301 11283 11284
f 11269 11307 11288
f 11269 11308 11307
f 11269 11309 11308
f 11310 11309 11269
f 11300 11283 11301
f 11300 11282 11283
f 11311 11310 11269
f 11299 11282 11300
f 11312 11311 11269
f 11313 11312 11269
f 11279 11280 11281
f 11314 11313 11269
f 11289 11314 11269
f 11290 11289 11269
f 11278 11279 11281
f 11277 11281 11282
f 11277 11278 11281
f 11331 11282 11299
f 11331 11277 11282
f 11332 11299 11298
f 11332 11331 11299
f 11330 11277 11331
f 11330 11276 11277
f 11333 11298 11297
f 11333 11332 11298
f 11329 11275 11276
f 11329 11276 11330
f 11334 11297 11296
f 11334 11333 11297
f 11328 11274 11275
f 11328 11275 11329
f 11335 11296 11295
f 11335 11334 11296
f 11327 11273 11274
f 11327 11274 11328
f 11336 11295 11294
f 11336 11335 11295
f 11326 11272 11273
f 11326 11273 11327
f 11337 11294 11293
f 11337 11336 11294
f 11325 11271 11272
f 11325 11272 11326
f 11338 11293 11292
f 11338 11337 11293
f 11324 11271 11325
f 11339 11292 11291
f 11339 11338 11292
f 11323 11271 11324
f 11340 11291 11290
f 11340 11339 11291
f 11270 11290 11269
f 11270 11316 11315
f 11270 11317 11316
f 11270 11318 11317
f 11270 11319 11318
f 11270 11320 11319
f 11270 11321 11320
f 11270 11322 11321
f 11270 11323 11322
f 11270 11315 11340
f 11270 11340 11290
f 11270 11271 11323
f 11352 11353 11354
f 11356 11354 11355
f 11357 11352 11354
f 11357 11354 11356
f 11350 11351 11352
f 11350 11352 11357
f 11411 11412 11357
f 11413 11357 11412
f 11410 11411 11357
f 11414 11350 11357
f 11414 11357 11413
f 11409 11410 11357
f 11389 11350 11414
f 11390 11350 11389
f 11391 11350 11390
f 11358 11409 11357
f 11358 11407 11408
f 11358 11408 11409
f 11406 11407 11358
f 11405 11406 11358
f 11361 11358 11359
f 11361 11359 11360
f 11364 11361 11362
f 11364 11362 11363
f 11364 11358 11361
f 11365 11358 11364
f 11366 11405 11358
f 11366 11404 11405
f 11366 11358 11365
f 11367 11403 11404
f 11367 11404 11366
f 11368 11402 11403
f 11368 11403 11367
f 11369 11401 11402
f 11369 11402 11368
f 11370 11400 11401
f 11370 11401 11369
f 11349 11350 11391
f 11371 11399 11400
f 11371 11400 11370
f 11343 11344 11345
f 11343 11345 11346
f 11343 11346 11347
f 11343 11347 11348
f 11341 11348 11349
f 11341 11343 11348
f 11419 11392 11393
f 11419 11418 11392
f 11417 11349 11391
f 11417 11391 11392
f 11417 11392 11418
f 11420 11419 11393
f 11420 11393 11394
f 11416 11349 11417
f 11421 11420 11394
f 11421 11394 11395
f 11421 11395 11396
f 11415 11349 11416
f 11422 11421 11396
f 11440 11341 11349
f 11440 11349 11415
f 11423 11422 11396
f 11423 11396 11397
f 11423 11397 11398
f 11439 11341 11440
f 11424 11423 11398
f 11424 11398 11399
f 11438 11341 11439
f 11425 11424 11399
f 11437 11341 11438
f 11436 11341 11437
f 11435 11341 11436
f 11378 11428 11427
f 11379 11428 11378
f 11379 11429 11428
f 11377 11378 11427
f 11377 11427 11426
f 11380 11429 11379
f 11380 11430 11429
f 11376 11425 11399
f 11376 11377 11426
f 11376 11426 11425
f 11376 11399 11371
f 11381 11430 11380
f 11381 11431 11430
f 11375 11371 11372
f 11375 11376 11371
f 11342 11381 11382
f 11342 11341 11435
f 11342 11431 11381
f 11342 11432 11431
f 11342 11433 11432
f 11342 11434 11433
f 11342 11435 11434
f 11387 11388 11342
f 11385 11382 11383
f 11385 11383 11384
f 11385 11342 11382
f 11386 11387 11342
f 11386 11342 11385
f 11374 11372 11373
f 11374 11375 11372
f 11483 11484 11451
f 11485 11451 11484
f 11482 11483 11451
f 11486 11451 11485
f 11481 11482 11451
f 11461 11451 11486
f 11480 11481 11451
f 11462 11451 11461
f 11479 11480 11451
f 11452 11477 11478
f 11452 11478 11479
f 11452 11479 11451
f 11453 11477 11452
f 11453 11476 11477
f 11454 11476 11453
f 11454 11475 11476
f 11455 11474 11475
f 11455 11475 11454
f 11456 11473 11474
f 11456 11474 11455
f 11457 11472 11473
f 11457 11473 11456
f 11458 11472 11457
f 11458 11471 11472
f 11491 11464 11465
f 11491 11465 11466
f 11491 11490 11464
f 11489 11463 11464
f 11489 11464 11490
f 11492 11491 11466
f 11488 11462 11463
f 11488 11463 11489
f 11493 11492 11466
f 11493 11466 11467
f 11494 11467 11468
f 11494 11493 11467
f 11495 11468 11469
f 11495 11469 11470
f 11495 11494 11468
f 11496 11495 11470
f 11497 11496 11470
f 11497 11470 11471
f 11497 11471 11458
f 11450 11462 11488
f 11450 11488 11487
f 11450 11509 11508
f 11450 11510 11509
f 11450 11511 11510
f 11450 11512 11511
f 11450 11487 11512
f 11450 11451 11462
f 11507 11450 11508
f 11506 11450 11507
f 11505 11450 11506
f 11445 11500 11499
f 11446 11501 11500
f 11446 11500 11445
f 11447 11501 11446
f 11447 11502 11501
f 11444 11499 11498
f 11444 11445 11499
f 11448 11503 11502
f 11448 11502 11447
f 11443 11444 11498
f 11443 11458 11459
f 11443 11497 11458
f 11443 11498 11497
f 11441 11459 11460
f 11441 11443 11459
f 11449 11503 11448
f 11449 11504 11503
f 11449 11505 11504
f 11449 11450 11505
f 11442 11441 11460
f 11544 11542 11543
f 11545 11542 11544
f 11545 11538 11539
f 11545 11539 11540
f 11545 11540 11541
f 11545 11541 11542
f 11537 11538 11545
f 11571 11537 11545
f 11570 11571 11545
f 11572 11536 11537
f 11572 11537 11571
f 11569 11570 11545
f 11573 11535 11536
f 11573 11536 11572
f 11568 11569 11545
f 11574 11534 11535
f 11574 11535 11573
f 11567 11568 11545
f 11575 11533 11534
f 11575 11534 11574
f 11576 11532 11533
f 11576 11533 11575
f 11577 11532 11576
f 11546 11562 11563
f 11546 11567 11545
f 11546 11563 11564
f 11546 11564 11565
f 11546 11565 11566
f 11546 11566 11567
f 11551 11549 11550
f 11528 11529 11530
f 11528 11530 11531
f 11552 11548 11549
f 11552 11549 11551
f 11527 11531 11532
f 11527 11528 11531
f 11553 11546 11547
f 11553 11547 11548
f 11553 11561 11562
f 11553 11562 11546
f 11553 11585 11586
f 11553 11586 11561
f 11553 11548 11552
f 11603 11527 11532
f 11603 11532 11577
f 11604 11577 11578
f 11604 11603 11577
f 11602 11526 11527
f 11602 11527 11603
f 11605 11578 11579
f 11605 11604 11578
f 11601 11526 11602
f 11601 11525 11526
f 11606 11579 11580
f 11606 11605 11579
f 11600 11524 11525
f 11600 11525 11601
f 11517 11518 11519
f 11517 11519 11520
f 11607 11606 11580
f 11607 11580 11581
f 11599 11523 11524
f 11599 11524 11600
f 11608 11607 11581
f 11608 11581 11582
f 11598 11522 11523
f 11598 11523 11599
f 11609 11608 11582
f 11609 11582 11583
f 11597 11522 11598
f 11610 11609 11583
f 11610 11583 11584
f 11610 11584 11585
f 11513 11515 11516
f 11513 11516 11517
f 11513 11520 11521
f 11513 11521 11522
f 11513 11517 11520
f 11513 11522 11597
f 11513 11597 11596
f 11611 11610 11585
f 11595 11513 11596
f 11594 11513 11595
f 11593 11513 11594
f 11554 11585 11553
f 11554 11611 11585
f 11554 11588 11587
f 11554 11612 11611
f 11554 11587 11612
f 11514 11588 11554
f 11514 11589 11588
f 11514 11513 11593
f 11514 11590 11589
f 11514 11591 11590
f 11514 11592 11591
f 11514 11593 11592
f 11556 11554 11555
f 11558 11556 11557
f 11558 11559 11560
f 11558 11560 11514
f 11558 11514 11554
f 11558 11554 11556
f 11613 11614 11615
f 11613 11615 11616
f 11623 11621 11620
f 11622 11623 11620
f 11618 11622 11620
f 11619 11618 11620
f 11617 11618 11619
f 11625 11626 11627
f 11625 11627 11624
f 11634 11631 11632
f 11634 11632 11633
f 11634 11633 11630
f 11629 11630 11628
f 11629 11634 11630
f 11637 11638 11636
f 11635 11637 11636
f 11643 11639 11640
f 11642 11643 11640
f 11641 11642 11640
f 11645 11641 11640
f 11644 11641 11645
f 11648 11649 11646
f 11647 11648 11646
f 11654 11650 11651
f 11654 11651 11652
f 11654 11652 11653
f 11655 11653 11656
f 11655 11654 11653
f 11658 11659 11660
f 11657 11658 11660
f 11667 11665 11664
f 11666 11667 11664
f 11662 11666 11664
f 11663 11662 11664
f 11661 11662 11663
f 11670 11671 11668
f 11669 11670 11668
f 11676 11672 11673
f 11676 11673 11674
f 11676 11674 11675
f 11677 11675 11678
f 11677 11676 11675
f 11687 11688 11689
f 11687 11689 11679
f 11680 11687 11679
f 11682 11680 11681
f 11683 11680 11682
f 11684 11685 11686
f 11684 11686 11687
f 11684 11687 11680
f 11684 11680 11683
f 11692 11693 11691
f 11690 11692 11691
f 11699 11696 11694
f 11698 11699 11694
f 11697 11698 11694
f 11695 11697 11694
f 11700 11697 11695
f 11702 11703 11704
f 11702 11704 11701
f 11709 11705 11706
f 11709 11706 11707
f 11709 11707 11708
f 11710 11708 11711
f 11710 11709 11708
f 11726 11713 11712
f 11726 11712 11727
f 11725 11714 11713
f 11725 11715 11714
f 11725 11713 11726
f 11724 11715 11725
f 11723 11716 11715
f 11723 11715 11724
f 11722 11717 11716
f 11722 11718 11717
f 11722 11716 11723
f 11721 11718 11722
f 11720 11719 11718
f 11720 11718 11721
f 11742 11729 11728
f 11742 11728 11743
f 11741 11730 11729
f 11741 11729 11742
f 11740 11731 11730
f 11740 11730 11741
f 11739 11732 11731
f 11739 11731 11740
f 11738 11733 11732
f 11738 11732 11739
f 11737 11734 11733
f 11737 11733 11738
f 11736 11735 11734
f 11736 11734 11737
f 11758 11745 11744
f 11758 11744 11759
f 11757 11746 11745
f 11757 11745 11758
f 11756 11747 11746
f 11756 11746 11757
f 11755 11748 11747
f 11755 11747 11756
f 11754 11749 11748
f 11754 11748 11755
f 11753 11750 11749
f 11753 11751 11750
f 11753 11749 11754
f 11752 11751 11753
f 11774 11761 11760
f 11774 11760 11775
f 11773 11762 11761
f 11773 11761 11774
f 11772 11763 11762
f 11772 11762 11773
f 11771 11764 11763
f 11771 11763 11772
f 11770 11765 11764
f 11770 11764 11771
f 11769 11766 11765
f 11769 11765 11770
f 11768 11767 11766
f 11768 11766 11769
f 11782 11784 11783
f 11782 11785 11784
f 11781 11786 11785
f 11781 11785 11782
f 11780 11787 11786
f 11780 11786 11781
f 11779 11788 11787
f 11779 11787 11780
f 11778 11789 11788
f 11778 11788 11779
f 11777 11790 11789
f 11777 11789 11778
f 11776 11791 11790
f 11776 11790 11777
f 11798 11800 11799
f 11798 11801 11800
f 11797 11802 11801
f 11797 11801 11798
f 11796 11803 11802
f 11796 11802 11797
f 11795 11804 11803
f 11795 11803 11796
f 11794 11805 11804
f 11794 11804 11795
f 11793 11806 11805
f 11793 11805 11794
f 11792 11807 11806
f 11792 11806 11793
f 11815 11817 11816
f 11814 11818 11817
f 11814 11817 11815
f 11813 11819 11818
f 11813 11818 11814
f 11812 11820 11819
f 11812 11819 11813
f 11811 11821 11820
f 11811 11820 11812
f 11810 11822 11821
f 11810 11821 11811
f 11809 11823 11822
f 11809 11822 11810
f 11808 11823 11809
f 11830 11832 11831
f 11830 11833 11832
f 11830 11834 11833
f 11829 11835 11834
f 11829 11834 11830
f 11828 11836 11835
f 11828 11835 11829
f 11827 11837 11836
f 11827 11836 11828
f 11826 11838 11837
f 11826 11837 11827
f 11825 11839 11838
f 11825 11838 11826
f 11824 11839 11825
f 11840 11843 11842
f 11841 11840 11842
f 11846 11845 11844
f 11847 11846 11844
f 11858 11884 11877
f 11858 11851 11884
f 11865 11877 11878
f 11865 11858 11877
f 11852 11891 11884
f 11852 11884 11851
f 11864 11878 11879
f 11864 11865 11878
f 11853 11890 11891
f 11853 11891 11852
f 11863 11879 11880
f 11863 11864 11879
f 11854 11889 11890
f 11854 11890 11853
f 11862 11880 11881
f 11862 11863 11880
f 11855 11888 11889
f 11855 11889 11854
f 11861 11881 11882
f 11861 11862 11881
f 11856 11887 11888
f 11856 11888 11855
f 11860 11882 11883
f 11860 11861 11882
f 11857 11887 11856
f 11857 11886 11887
f 11859 11860 11883
f 11850 11886 11857
f 11885 11886 11850
f 11876 11859 11883
f 11871 11868 11869
f 11896 11899 11897
f 11872 11871 11869
f 11872 11869 11870
f 11895 11899 11896
f 11895 11898 11899
f 11873 11870 11867
f 11873 11872 11870
f 11894 11898 11895
f 11894 11849 11898
f 11874 11873 11867
f 11893 11849 11894
f 11848 11849 11893
f 11866 11874 11867
f 11875 11874 11866
f 11892 11848 11893
f 11848 11885 11850
f 11859 11876 11866
f 11875 11866 11876
f 11885 11848 11892
f 11902 11900 11901
f 11903 11902 11901
f 11905 11906 11904
f 11914 11907 11906
f 11914 11906 11905
f 11915 11908 11907
f 11915 11907 11914
f 11916 11909 11908
f 11916 11908 11915
f 11917 11910 11909
f 11917 11909 11916
f 11918 11911 11910
f 11918 11910 11917
f 11919 11912 11911
f 11919 11911 11918
f 11913 11912 11919
f 11921 11923 11922
f 11921 11920 11923
f 11927 11925 11924
f 11927 11926 11925
f 11938 11964 11957
f 11938 11931 11964
f 11932 11971 11964
f 11932 11964 11931
f 11945 11957 11958
f 11945 11938 11957
f 11933 11970 11971
f 11933 11971 11932
f 11944 11958 11959
f 11944 11945 11958
f 11934 11969 11970
f 11934 11970 11933
f 11943 11959 11960
f 11943 11944 11959
f 11935 11968 11969
f 11935 11969 11934
f 11942 11960 11961
f 11942 11943 11960
f 11936 11967 11968
f 11936 11968 11935
f 11941 11961 11962
f 11941 11942 11961
f 11937 11966 11967
f 11937 11967 11936
f 11940 11962 11963
f 11940 11941 11962
f 11930 11966 11937
f 11939 11940 11963
f 11965 11966 11930
f 11956 11939 11963
f 11951 11948 11949
f 11976 11979 11977
f 11952 11949 11950
f 11952 11951 11949
f 11975 11979 11976
f 11975 11978 11979
f 11953 11950 11947
f 11953 11952 11950
f 11974 11978 11975
f 11974 11929 11978
f 11954 11953 11947
f 11973 11929 11974
f 11928 11929 11973
f 11946 11954 11947
f 11955 11954 11946
f 11972 11928 11973
f 11928 11965 11930
f 11939 11956 11946
f 11955 11946 11956
f 11965 11928 11972
f 11990 11980 11981
f 11990 11982 11980
f 11991 11983 11982
f 11991 11982 11990
f 11992 11984 11983
f 11992 11983 11991
f 11993 11985 11984
f 11993 11984 11992
f 11994 11986 11985
f 11994 11985 11993
f 11995 11987 11986
f 11995 11986 11994
f 11989 11988 11987
f 11989 11987 11995
f 11999 11996 11997
f 11999 11998 11996
f 12010 12000 12001
f 12010 12002 12000
f 12011 12003 12002
f 12011 12002 12010
f 12012 12004 12003
f 12012 12003 12011
f 12013 12005 12004
f 12013 12004 12012
f 12014 12006 12005
f 12014 12005 12013
f 12015 12007 12006
f 12015 12006 12014
f 12009 12008 12007
f 12009 12007 12015
f 12018 12017 12016
f 12019 12018 12016
f 12021 12023 12022
f 12021 12020 12023
f 12034 12060 12053
f 12034 12027 12060
f 12028 12067 12060
f 12028 12060 12027
f 12041 12053 12054
f 12041 12034 12053
f 12029 12066 12067
f 12029 12067 12028
f 12040 12054 12055
f 12040 12041 12054
f 12030 12065 12066
f 12030 12066 12029
f 12039 12055 12056
f 12039 12040 12055
f 12031 12064 12065
f 12031 12065 12030
f 12038 12056 12057
f 12038 12039 12056
f 12032 12063 12064
f 12032 12064 12031
f 12037 12057 12058
f 12037 12038 12057
f 12033 12062 12063
f 12033 12063 12032
f 12036 12058 12059
f 12036 12037 12058
f 12026 12062 12033
f 12035 12036 12059
f 12061 12062 12026
f 12052 12035 12059
f 12047 12044 12045
f 12072 12075 12073
f 12048 12047 12045
f 12048 12045 12046
f 12071 12075 12072
f 12071 12074 12075
f 12049 12046 12043
f 12049 12048 12046
f 12070 12074 12071
f 12070 12025 12074
f 12069 12025 12070
f 12050 12049 12043
f 12024 12025 12069
f 12042 12050 12043
f 12051 12050 12042
f 12068 12024 12069
f 12024 12061 12026
f 12035 12052 12042
f 12051 12042 12052
f 12061 12024 12068
f 12086 12076 12077
f 12086 12078 12076
f 12087 12079 12078
f 12087 12078 12086
f 12088 12080 12079
f 12088 12079 12087
f 12089 12081 12080
f 12089 12080 12088
f 12090 12082 12081
f 12090 12081 12089
f 12091 12083 12082
f 12091 12082 12090
f 12085 12084 12083
f 12085 12083 12091
f 12095 12092 12093
f 12095 12094 12092
f 12097 12099 12098
f 12097 12096 12099
f 12103 12101 12100
f 12103 12102 12101
f 12114 12140 12133
f 12114 12107 12140
f 12108 12147 12140
f 12108 12140 12107
f 12121 12133 12134
f 12121 12114 12133
f 12109 12146 12147
f 12109 12147 12108
f 12120 12134 12135
f 12120 12121 12134
f 12119 12135 12136
f 12119 12120 12135
f 12110 12145 12146
f 12110 12146 12109
f 12118 12136 12137
f 12118 12119 12136
f 12111 12144 12145
f 12111 12145 12110
f 12117 12137 12138
f 12117 12118 12137
f 12112 12143 12144
f 12112 12144 12111
f 12116 12138 12139
f 12116 12117 12138
f 12113 12143 12112
f 12113 12142 12143
f 12115 12116 12139
f 12106 12142 12113
f 12141 12142 12106
f 12132 12115 12139
f 12127 12124 12125
f 12152 12155 12153
f 12128 12127 12125
f 12128 12125 12126
f 12151 12155 12152
f 12151 12154 12155
f 12129 12126 12123
f 12129 12128 12126
f 12150 12154 12151
f 12150 12105 12154
f 12149 12105 12150
f 12130 12129 12123
f 12122 12130 12123
f 12104 12105 12149
f 12131 12130 12122
f 12148 12104 12149
f 12104 12141 12106
f 12115 12132 12122
f 12131 12122 12132
f 12141 12104 12148
f 12157 12158 12156
f 12166 12159 12158
f 12166 12158 12157
f 12167 12160 12159
f 12167 12159 12166
f 12168 12161 12160
f 12168 12160 12167
f 12169 12162 12161
f 12169 12161 12168
f 12170 12163 12162
f 12170 12162 12169
f 12171 12164 12163
f 12171 12163 12170
f 12165 12164 12171
f 12174 12172 12173
f 12175 12174 12173
f 12186 12176 12177
f 12186 12178 12176
f 12187 12179 12178
f 12187 12178 12186
f 12188 12180 12179
f 12188 12179 12187
f 12189 12181 12180
f 12189 12180 12188
f 12190 12182 12181
f 12190 12181 12189
f 12191 12183 12182
f 12191 12182 12190
f 12185 12184 12183
f 12185 12183 12191
f 12194 12195 12196
f 12194 12196 12197
f 12193 12197 12198
f 12193 12194 12197
f 12192 12198 12199
f 12192 12193 12198
f 12202 12203 12204
f 12202 12204 12205
f 12201 12205 12206
f 12201 12202 12205
f 12200 12206 12207
f 12200 12201 12206
f 12212 12213 12214
f 12211 12214 12215
f 12211 12212 12214
f 12210 12215 12208
f 12210 12211 12215
f 12209 12210 12208
f 12218 12219 12220
f 12218 12220 12221
f 12217 12221 12222
f 12217 12218 12221
f 12216 12222 12223
f 12216 12217 12222
f 12227 12228 12229
f 12227 12229 12230
f 12226 12230 12231
f 12226 12227 12230
f 12225 12231 12224
f 12225 12226 12231
f 12235 12236 12237
f 12235 12237 12238
f 12234 12238 12239
f 12234 12235 12238
f 12233 12239 12232
f 12233 12234 12239
f 12242 12243 12244
f 12242 12244 12245
f 12241 12245 12246
f 12241 12246 12247
f 12241 12242 12245
f 12240 12241 12247
f 12250 12251 12252
f 12250 12252 12253
f 12249 12253 12254
f 12249 12254 12255
f 12249 12250 12253
f 12248 12249 12255
f 12263 12265 12264
f 12262 12265 12263
f 12261 12266 12265
f 12261 12265 12262
f 12260 12267 12266
f 12260 12268 12267
f 12260 12266 12261
f 12259 12268 12260
f 12258 12269 12268
f 12258 12268 12259
f 12257 12270 12269
f 12257 12271 12270
f 12257 12269 12258
f 12256 12271 12257
f 12282 12278 12277
f 12282 12279 12278
f 12282 12281 12279
f 12283 12277 12276
f 12283 12282 12277
f 12284 12276 12275
f 12284 12283 12276
f 12285 12275 12274
f 12285 12284 12275
f 12286 12274 12273
f 12286 12285 12274
f 12287 12273 12272
f 12287 12286 12273
f 12280 12287 12272
f 12290 12293 12295
f 12291 12295 12294
f 12291 12290 12295
f 12292 12294 12289
f 12292 12291 12294
f 12288 12292 12289
f 12296 12304 12312
f 12297 12311 12310
f 12297 12312 12311
f 12297 12296 12312
f 12298 12310 12309
f 12298 12297 12310
f 12299 12309 12308
f 12299 12298 12309
f 12300 12308 12307
f 12300 12299 12308
f 12301 12307 12306
f 12301 12300 12307
f 12302 12306 12305
f 12302 12301 12306
f 12303 12302 12305
f 12322 12329 12328
f 12323 12330 12329
f 12323 12329 12322
f 12324 12330 12323
f 12331 12313 12314
f 12331 12314 12315
f 12331 12325 12313
f 12332 12315 12316
f 12332 12331 12315
f 12332 12325 12331
f 12333 12316 12317
f 12333 12325 12332
f 12333 12332 12316
f 12334 12317 12318
f 12334 12333 12317
f 12335 12318 12319
f 12335 12334 12318
f 12336 12326 12325
f 12336 12327 12326
f 12336 12333 12334
f 12336 12325 12333
f 12337 12319 12320
f 12337 12336 12334
f 12337 12334 12335
f 12337 12335 12319
f 12337 12327 12336
f 12338 12320 12321
f 12338 12321 12322
f 12338 12328 12327
f 12338 12327 12337
f 12338 12337 12320
f 12338 12322 12328
f 12350 12339 12340
f 12350 12349 12339
f 12351 12340 12341
f 12351 12350 12340
f 12352 12341 12342
f 12352 12351 12341
f 12353 12342 12343
f 12353 12352 12342
f 12354 12343 12344
f 12354 12353 12343
f 12355 12344 12345
f 12355 12345 12346
f 12355 12354 12344
f 12348 12346 12347
f 12348 12355 12346
f 12373 12365 12364
f 12367 12375 12368
f 12376 12362 12363
f 12376 12363 12366
f 12377 12361 12362
f 12377 12362 12376
f 12378 12360 12361
f 12378 12361 12377
f 12379 12359 12360
f 12379 12360 12378
f 12380 12358 12359
f 12380 12359 12379
f 12381 12356 12357
f 12381 12357 12358
f 12381 12374 12356
f 12381 12358 12380
f 12382 12366 12365
f 12382 12376 12366
f 12382 12365 12373
f 12383 12373 12372
f 12383 12382 12373
f 12383 12377 12376
f 12383 12376 12382
f 12384 12372 12371
f 12384 12377 12383
f 12384 12383 12372
f 12384 12378 12377
f 12385 12371 12370
f 12385 12384 12371
f 12385 12379 12378
f 12385 12378 12384
f 12386 12370 12369
f 12386 12379 12385
f 12386 12385 12370
f 12386 12380 12379
f 12387 12369 12368
f 12387 12375 12374
f 12387 12381 12380
f 12387 12374 12381
f 12387 12368 12375
f 12387 12386 12369
f 12387 12380 12386
f 12389 12403 12388
f 12389 12404 12403
f 12401 12402 12404
f 12401 12404 12389
f 12400 12389 12390
f 12400 12390 12391
f 12400 12401 12389
f 12399 12400 12391
f 12392 12399 12391
f 12398 12399 12392
f 12393 12398 12392
f 12397 12398 12393
f 12394 12397 12393
f 12396 12397 12394
f 12395 12396 12394
f 12408 12409 12410
f 12408 12410 12412
f 12407 12412 12411
f 12407 12408 12412
f 12405 12411 12406
f 12405 12407 12411
f 12420 12422 12421
f 12419 12422 12420
f 12418 12423 12422
f 12418 12422 12419
f 12417 12424 12423
f 12417 12423 12418
f 12416 12425 12424
f 12416 12424 12417
f 12415 12426 12425
f 12415 12425 12416
f 12414 12427 12426
f 12414 12426 12415
f 12413 12428 12427
f 12413 12427 12414
f 12439 12436 12435
f 12439 12438 12436
f 12440 12435 12434
f 12440 12439 12435
f 12441 12434 12433
f 12441 12440 12434
f 12442 12441 12433
f 12443 12433 12432
f 12443 12442 12433
f 12444 12432 12431
f 12444 12443 12432
f 12445 12431 12430
f 12445 12444 12431
f 12446 12430 12429
f 12446 12445 12430
f 12437 12446 12429
f 12455 12456 12457
f 12455 12457 12464
f 12454 12464 12463
f 12454 12455 12464
f 12453 12463 12462
f 12453 12454 12463
f 12452 12462 12461
f 12452 12453 12462
f 12451 12452 12461
f 12450 12461 12460
f 12450 12451 12461
f 12449 12460 12459
f 12449 12450 12460
f 12448 12459 12458
f 12448 12449 12459
f 12447 12448 12458
f 12467 12470 12471
f 12468 12471 12472
f 12468 12467 12471
f 12469 12472 12466
f 12469 12468 12472
f 12465 12469 12466
f 12490 12483 12484
f 12489 12482 12483
f 12489 12483 12490
f 12488 12481 12482
f 12488 12482 12489
f 12487 12480 12481
f 12487 12481 12488
f 12491 12479 12480
f 12491 12487 12486
f 12491 12480 12487
f 12492 12477 12478
f 12492 12478 12479
f 12492 12491 12486
f 12492 12479 12491
f 12493 12486 12485
f 12493 12477 12492
f 12493 12492 12486
f 12494 12476 12477
f 12494 12493 12485
f 12494 12477 12493
f 12495 12473 12474
f 12495 12474 12475
f 12495 12475 12476
f 12495 12485 12473
f 12495 12476 12494
f 12495 12494 12485
f 12497 12496 12504
f 12497 12511 12510
f 12497 12504 12511
f 12498 12510 12509
f 12498 12497 12510
f 12499 12509 12508
f 12499 12498 12509
f 12500 12508 12507
f 12500 12499 12508
f 12501 12507 12506
f 12501 12500 12507
f 12502 12506 12505
f 12502 12501 12506
f 12503 12502 12505
f 12530 12512 12513
f 12529 12521 12520
f 12532 12518 12519
f 12532 12519 12522
f 12533 12517 12518
f 12533 12518 12532
f 12534 12516 12517
f 12534 12517 12533
f 12535 12515 12516
f 12535 12516 12534
f 12536 12514 12515
f 12536 12515 12535
f 12537 12513 12514
f 12537 12531 12530
f 12537 12514 12536
f 12537 12530 12513
f 12538 12522 12521
f 12538 12529 12528
f 12538 12532 12522
f 12538 12521 12529
f 12539 12533 12532
f 12539 12532 12538
f 12539 12538 12528
f 12540 12528 12527
f 12540 12533 12539
f 12540 12539 12528
f 12540 12534 12533
f 12541 12527 12526
f 12541 12535 12534
f 12541 12534 12540
f 12541 12540 12527
f 12542 12526 12525
f 12542 12541 12526
f 12542 12535 12541
f 12542 12537 12536
f 12542 12536 12535
f 12543 12524 12523
f 12543 12525 12524
f 12543 12523 12531
f 12543 12531 12537
f 12543 12542 12525
f 12543 12537 12542
f 12549 12553 12548
f 12552 12553 12549
f 12550 12552 12549
f 12551 12552 12550
f 12562 12556 12557
f 12563 12557 12558
f 12563 12562 12557
f 12564 12558 12559
f 12564 12563 12558
f 12565 12555 12556
f 12565 12562 12563
f 12565 12556 12562
f 12566 12559 12561
f 12566 12545 12564
f 12566 12564 12559
f 12567 12545 12546
f 12567 12546 12547
f 12567 12564 12545
f 12567 12547 12565
f 12567 12565 12563
f 12567 12563 12564
f 12568 12547 12548
f 12568 12553 12554
f 12568 12554 12555
f 12568 12555 12565
f 12568 12548 12553
f 12568 12565 12547
f 12569 12544 12545
f 12569 12560 12544
f 12569 12561 12560
f 12569 12545 12566
f 12569 12566 12561
f 12573 12574 12575
f 12573 12575 12577
f 12572 12577 12576
f 12572 12573 12577
f 12570 12576 12571
f 12570 12572 12576
f 12587 12585 12584
f 12588 12584 12583
f 12588 12587 12584
f 12589 12583 12582
f 12589 12588 12583
f 12590 12582 12581
f 12590 12589 12582
f 12591 12581 12580
f 12591 12590 12581
f 12592 12580 12579
f 12592 12591 12580
f 12593 12592 12579
f 12586 12579 12578
f 12586 12593 12579
f 12597 12596 12599
f 12597 12599 12601
f 12598 12601 12600
f 12598 12597 12601
f 12594 12600 12595
f 12594 12598 12600
f 12611 12612 12618
f 12610 12618 12617
f 12610 12611 12618
f 12609 12617 12616
f 12609 12610 12617
f 12603 12613 12602
f 12605 12606 12604
f 12619 12608 12609
f 12619 12616 12615
f 12619 12609 12616
f 12620 12606 12607
f 12620 12607 12608
f 12620 12614 12613
f 12620 12615 12614
f 12620 12619 12615
f 12620 12608 12619
f 12621 12603 12604
f 12621 12620 12613
f 12621 12606 12620
f 12621 12613 12603
f 12621 12604 12606
f 12632 12628 12629
f 12639 12631 12630
f 12642 12628 12632
f 12643 12627 12628
f 12643 12628 12642
f 12644 12626 12627
f 12644 12627 12643
f 12645 12625 12626
f 12645 12626 12644
f 12646 12624 12625
f 12646 12625 12645
f 12647 12622 12623
f 12647 12623 12624
f 12647 12640 12622
f 12647 12624 12646
f 12648 12632 12631
f 12648 12639 12638
f 12648 12642 12632
f 12648 12631 12639
f 12649 12642 12648
f 12649 12648 12638
f 12649 12643 12642
f 12650 12637 12636
f 12650 12638 12637
f 12650 12649 12638
f 12650 12644 12643
f 12650 12643 12649
f 12651 12636 12635
f 12651 12645 12644
f 12651 12650 12636
f 12651 12646 12645
f 12651 12644 12650
f 12652 12647 12646
f 12652 12651 12635
f 12652 12646 12651
f 12653 12634 12633
f 12653 12635 12634
f 12653 12641 12640
f 12653 12633 12641
f 12653 12640 12647
f 12653 12647 12652
f 12653 12652 12635
f 12657 12656 12659
f 12657 12659 12661
f 12658 12661 12660
f 12658 12657 12661
f 12654 12660 12655
f 12654 12658 12660
f 12669 12677 12676
f 12679 12678 12671
f 12672 12679 12671
f 12673 12679 12672
f 12680 12675 12674
f 12681 12674 12662
f 12681 12680 12674
f 12682 12662 12663
f 12682 12667 12668
f 12682 12668 12681
f 12682 12681 12662
f 12683 12668 12669
f 12683 12676 12675
f 12683 12681 12668
f 12683 12680 12681
f 12683 12675 12680
f 12683 12669 12676
f 12684 12663 12664
f 12684 12667 12682
f 12684 12682 12663
f 12685 12669 12670
f 12685 12670 12671
f 12685 12678 12677
f 12685 12677 12669
f 12685 12671 12678
f 12686 12664 12665
f 12686 12665 12666
f 12686 12666 12667
f 12686 12667 12684
f 12686 12684 12664
f 12693 12695 12694
f 12693 12696 12695
f 12692 12697 12696
f 12692 12696 12693
f 12691 12698 12697
f 12691 12699 12698
f 12691 12697 12692
f 12690 12700 12699
f 12690 12699 12691
f 12689 12701 12700
f 12689 12700 12690
f 12688 12702 12701
f 12688 12701 12689
f 12687 12702 12688
f 12710 12711 12720
f 12709 12720 12719
f 12709 12710 12720
f 12708 12719 12718
f 12708 12709 12719
f 12707 12718 12717
f 12707 12708 12718
f 12706 12716 12715
f 12706 12717 12716
f 12706 12707 12717
f 12705 12715 12714
f 12705 12706 12715
f 12704 12714 12713
f 12704 12705 12714
f 12703 12713 12712
f 12703 12704 12713
f 12721 12729 12730
f 12722 12730 12731
f 12722 12721 12730
f 12723 12731 12732
f 12723 12722 12731
f 12724 12732 12733
f 12724 12733 12734
f 12724 12723 12732
f 12725 12734 12735
f 12725 12724 12734
f 12726 12735 12736
f 12726 12725 12735
f 12727 12736 12737
f 12727 12726 12736
f 12728 12737 12738
f 12728 12727 12737
f 12741 12744 12746
f 12742 12746 12745
f 12742 12741 12746
f 12743 12745 12740
f 12743 12742 12745
f 12739 12743 12740
f 12747 12755 12762
f 12748 12747 12762
f 12749 12762 12761
f 12749 12748 12762
f 12750 12761 12760
f 12750 12749 12761
f 12751 12760 12759
f 12751 12750 12760
f 12752 12759 12758
f 12752 12751 12759
f 12753 12758 12757
f 12753 12752 12758
f 12754 12757 12756
f 12754 12753 12757
f 12764 12775 12763
f 12765 12777 12776
f 12781 12764 12765
f 12781 12776 12775
f 12781 12775 12764
f 12781 12765 12776
f 12782 12765 12766
f 12782 12778 12777
f 12782 12777 12765
f 12783 12780 12779
f 12784 12771 12772
f 12784 12772 12773
f 12784 12773 12774
f 12784 12774 12780
f 12785 12779 12778
f 12785 12783 12779
f 12786 12780 12783
f 12786 12771 12784
f 12786 12784 12780
f 12787 12766 12767
f 12787 12767 12768
f 12787 12778 12782
f 12787 12785 12778
f 12787 12782 12766
f 12788 12770 12771
f 12788 12783 12785
f 12788 12786 12783
f 12788 12771 12786
f 12789 12768 12769
f 12789 12769 12770
f 12789 12785 12787
f 12789 12787 12768
f 12789 12770 12788
f 12789 12788 12785
f 12793 12792 12795
f 12793 12795 12797
f 12794 12797 12796
f 12794 12793 12797
f 12790 12796 12791
f 12790 12794 12796
f 12807 12806 12815
f 12799 12816 12798
f 12805 12808 12804
f 12818 12810 12809
f 12818 12809 12817
f 12819 12811 12810
f 12819 12810 12818
f 12820 12812 12811
f 12820 12811 12819
f 12821 12813 12812
f 12821 12812 12820
f 12822 12814 12813
f 12822 12813 12821
f 12823 12815 12814
f 12823 12807 12815
f 12823 12814 12822
f 12824 12817 12816
f 12824 12816 12799
f 12824 12818 12817
f 12825 12799 12800
f 12825 12824 12799
f 12825 12819 12818
f 12825 12820 12819
f 12825 12818 12824
f 12826 12800 12801
f 12826 12820 12825
f 12826 12825 12800
f 12827 12801 12802
f 12827 12802 12803
f 12827 12826 12801
f 12827 12821 12820
f 12827 12822 12821
f 12827 12820 12826
f 12828 12827 12803
f 12828 12822 12827
f 12829 12803 12804
f 12829 12808 12807
f 12829 12807 12823
f 12829 12823 12822
f 12829 12804 12808
f 12829 12828 12803
f 12829 12822 12828
f 12831 12842 12830
f 12832 12843 12842
f 12832 12842 12831
f 12833 12844 12843
f 12833 12843 12832
f 12834 12845 12844
f 12834 12844 12833
f 12848 12834 12835
f 12848 12846 12845
f 12848 12845 12834
f 12849 12847 12846
f 12849 12841 12847
f 12849 12846 12848
f 12849 12848 12835
f 12850 12835 12836
f 12850 12841 12849
f 12850 12849 12835
f 12851 12840 12841
f 12851 12841 12850
f 12851 12850 12836
f 12852 12836 12837
f 12852 12837 12838
f 12852 12838 12839
f 12852 12839 12840
f 12852 12851 12836
f 12852 12840 12851
f 12859 12861 12860
f 12859 12862 12861
f 12858 12863 12862
f 12858 12862 12859
f 12857 12864 12863
f 12857 12863 12858
f 12856 12865 12864
f 12856 12864 12857
f 12855 12866 12865
f 12855 12865 12856
f 12854 12867 12866
f 12854 12866 12855
f 12853 12868 12867
f 12853 12867 12854
f 12878 12869 12870
f 12879 12870 12871
f 12879 12878 12870
f 12880 12871 12872
f 12880 12879 12871
f 12881 12872 12873
f 12881 12880 12872
f 12882 12873 12874
f 12882 12881 12873
f 12883 12874 12875
f 12883 12882 12874
f 12884 12883 12875
f 12885 12875 12876
f 12885 12884 12875
f 12877 12885 12876
f 12893 12894 12895
f 12893 12895 12902
f 12892 12893 12902
f 12891 12902 12901
f 12891 12892 12902
f 12890 12901 12900
f 12890 12891 12901
f 12889 12900 12899
f 12889 12890 12900
f 12888 12899 12898
f 12888 12889 12899
f 12887 12898 12897
f 12887 12888 12898
f 12886 12897 12896
f 12886 12887 12897
f 12917 12904 12903
f 12917 12903 12918
f 12916 12905 12904
f 12916 12904 12917
f 12915 12906 12905
f 12915 12905 12916
f 12914 12907 12906
f 12914 12906 12915
f 12913 12908 12907
f 12913 12907 12914
f 12912 12909 12908
f 12912 12910 12909
f 12912 12908 12913
f 12911 12910 12912
f 12929 12925 12924
f 12929 12926 12925
f 12929 12928 12926
f 12930 12924 12923
f 12930 12929 12924
f 12931 12923 12922
f 12931 12930 12923
f 12932 12922 12921
f 12932 12931 12922
f 12933 12921 12920
f 12933 12932 12921
f 12934 12920 12919
f 12934 12933 12920
f 12927 12934 12919
f 12938 12937 12940
f 12938 12940 12941
f 12939 12941 12942
f 12939 12938 12941
f 12935 12942 12936
f 12935 12939 12942
f 12943 12951 12959
f 12944 12958 12957
f 12944 12959 12958
f 12944 12943 12959
f 12945 12957 12956
f 12945 12944 12957
f 12946 12956 12955
f 12946 12945 12956
f 12947 12955 12954
f 12947 12946 12955
f 12948 12954 12953
f 12948 12947 12954
f 12949 12953 12952
f 12949 12948 12953
f 12950 12949 12952
f 12977 12970 12971
f 12975 12969 12976
f 12978 12969 12970
f 12978 12977 12976
f 12978 12970 12977
f 12978 12976 12969
f 12979 12968 12969
f 12979 12975 12974
f 12979 12969 12975
f 12980 12966 12967
f 12980 12967 12968
f 12980 12968 12979
f 12980 12979 12974
f 12981 12974 12973
f 12981 12980 12974
f 12982 12973 12972
f 12982 12981 12973
f 12983 12964 12965
f 12983 12965 12966
f 12983 12980 12981
f 12983 12966 12980
f 12984 12981 12982
f 12984 12964 12983
f 12984 12983 12981
f 12985 12963 12964
f 12985 12964 12984
f 12985 12984 12982
f 12985 12982 12972
f 12986 12960 12961
f 12986 12961 12962
f 12986 12962 12963
f 12986 12972 12960
f 12986 12963 12985
f 12986 12985 12972
f 12994 12995 12996
f 12994 12996 13003
f 12993 12994 13003
f 12992 13003 13002
f 12992 12993 13003
f 12991 13002 13001
f 12991 12992 13002
f 12990 13001 13000
f 12990 12991 13001
f 12989 13000 12999
f 12989 12990 13000
f 12988 12999 12998
f 12988 12989 12999
f 12987 12998 12997
f 12987 12988 12998
f 13014 13010 13011
f 13021 13013 13012
f 13024 13010 13014
f 13025 13009 13010
f 13025 13010 13024
f 13026 13008 13009
f 13026 13009 13025
f 13027 13007 13008
f 13027 13008 13026
f 13028 13006 13007
f 13028 13007 13027
f 13029 13004 13005
f 13029 13005 13006
f 13029 13022 13004
f 13029 13006 13028
f 13030 13014 13013
f 13030 13021 13020
f 13030 13024 13014
f 13030 13013 13021
f 13031 13024 13030
f 13031 13030 13020
f 13031 13025 13024
f 13032 13020 13019
f 13032 13025 13031
f 13032 13031 13020
f 13032 13026 13025
f 13033 13019 13018
f 13033 13027 13026
f 13033 13026 13032
f 13033 13032 13019
f 13034 13017 13016
f 13034 13018 13017
f 13034 13027 13033
f 13034 13033 13018
f 13034 13028 13027
f 13035 13016 13015
f 13035 13023 13022
f 13035 13015 13023
f 13035 13029 13028
f 13035 13022 13029
f 13035 13028 13034
f 13035 13034 13016
f 13044 13042 13043
f 13041 13042 13044
f 13045 13041 13044
f 13040 13041 13045
f 13046 13039 13040
f 13046 13040 13045
f 13047 13039 13046
f 13054 13036 13037
f 13054 13052 13036
f 13054 13053 13052
f 13054 13051 13053
f 13055 13050 13051
f 13055 13051 13054
f 13055 13054 13037
f 13056 13038 13039
f 13056 13047 13048
f 13056 13039 13047
f 13057 13037 13038
f 13057 13055 13037
f 13057 13050 13055
f 13058 13048 13049
f 13058 13049 13050
f 13058 13056 13048
f 13058 13057 13038
f 13058 13050 13057
f 13058 13038 13056
f 13063 13064 13066
f 13062 13066 13065
f 13062 13063 13066
f 13061 13065 13060
f 13061 13062 13065
f 13059 13061 13060
f 13069 13072 13074
f 13070 13074 13073
f 13070 13069 13074
f 13071 13073 13068
f 13071 13070 13073
f 13067 13071 13068
f 13076 13075 13083
f 13076 13090 13089
f 13076 13083 13090
f 13077 13089 13088
f 13077 13076 13089
f 13078 13088 13087
f 13078 13077 13088
f 13079 13087 13086
f 13079 13078 13087
f 13080 13086 13085
f 13080 13079 13086
f 13081 13085 13084
f 13081 13080 13085
f 13082 13081 13084
f 13092 13103 13091
f 13093 13105 13104
f 13109 13092 13093
f 13109 13104 13103
f 13109 13103 13092
f 13109 13093 13104
f 13110 13093 13094
f 13110 13106 13105
f 13110 13105 13093
f 13111 13108 13107
f 13112 13099 13100
f 13112 13100 13101
f 13112 13101 13102
f 13112 13102 13108
f 13113 13107 13106
f 13113 13111 13107
f 13114 13098 13099
f 13114 13108 13111
f 13114 13099 13112
f 13114 13112 13108
f 13115 13094 13095
f 13115 13095 13096
f 13115 13106 13110
f 13115 13113 13106
f 13115 13110 13094
f 13116 13111 13113
f 13116 13114 13111
f 13116 13098 13114
f 13117 13096 13097
f 13117 13097 13098
f 13117 13113 13115
f 13117 13116 13113
f 13117 13115 13096
f 13117 13098 13116
f 13121 13120 13123
f 13121 13123 13124
f 13122 13124 13125
f 13122 13121 13124
f 13118 13125 13119
f 13118 13122 13125
f 13133 13136 13132
f 13146 13138 13137
f 13146 13137 13145
f 13147 13139 13138
f 13147 13138 13146
f 13148 13140 13139
f 13148 13139 13147
f 13149 13141 13140
f 13149 13140 13148
f 13150 13142 13141
f 13150 13141 13149
f 13151 13135 13134
f 13151 13143 13142
f 13151 13134 13143
f 13151 13142 13150
f 13152 13126 13127
f 13152 13144 13126
f 13152 13145 13144
f 13152 13146 13145
f 13153 13127 13128
f 13153 13146 13152
f 13153 13147 13146
f 13153 13152 13127
f 13154 13128 13129
f 13154 13129 13130
f 13154 13147 13153
f 13154 13148 13147
f 13154 13153 13128
f 13155 13149 13148
f 13155 13154 13130
f 13155 13148 13154
f 13156 13130 13131
f 13156 13131 13132
f 13156 13150 13149
f 13156 13149 13155
f 13156 13155 13130
f 13157 13136 13135
f 13157 13151 13150
f 13157 13135 13151
f 13157 13150 13156
f 13157 13156 13132
f 13157 13132 13136
f 13172 13162 13173
f 13170 13159 13160
f 13170 13160 13171
f 13158 13159 13170
f 13176 13164 13165
f 13176 13165 13166
f 13176 13166 13167
f 13177 13167 13168
f 13177 13176 13167
f 13177 13164 13176
f 13178 13163 13164
f 13178 13168 13169
f 13178 13177 13168
f 13178 13164 13177
f 13179 13169 13175
f 13179 13178 13169
f 13179 13163 13178
f 13180 13175 13174
f 13180 13179 13175
f 13181 13162 13163
f 13181 13174 13173
f 13181 13179 13180
f 13181 13163 13179
f 13181 13173 13162
f 13181 13180 13174
f 13182 13160 13161
f 13182 13161 13162
f 13182 13172 13171
f 13182 13162 13172
f 13182 13171 13160
f 13197 13184 13183
f 13197 13183 13198
f 13196 13185 13184
f 13196 13184 13197
f 13195 13186 13185
f 13195 13185 13196
f 13194 13187 13186
f 13194 13186 13195
f 13193 13188 13187
f 13193 13187 13194
f 13192 13189 13188
f 13192 13190 13189
f 13192 13188 13193
f 13191 13190 13192
f 13206 13207 13215
f 13205 13214 13213
f 13205 13215 13214
f 13205 13206 13215
f 13204 13213 13212
f 13204 13205 13213
f 13203 13212 13211
f 13203 13204 13212
f 13202 13211 13210
f 13202 13203 13211
f 13201 13210 13209
f 13201 13202 13210
f 13200 13209 13208
f 13200 13201 13209
f 13199 13200 13208
f 13223 13224 13225
f 13223 13225 13232
f 13222 13223 13232
f 13221 13232 13231
f 13221 13222 13232
f 13220 13231 13230
f 13220 13221 13231
f 13219 13230 13229
f 13219 13220 13230
f 13218 13229 13228
f 13218 13219 13229
f 13217 13228 13227
f 13217 13218 13228
f 13216 13227 13226
f 13216 13217 13227
f 13236 13235 13238
f 13236 13238 13240
f 13237 13240 13239
f 13237 13236 13240
f 13233 13239 13234
f 13233 13237 13239
f 13241 13249 13256
f 13242 13256 13255
f 13242 13241 13256
f 13243 13255 13254
f 13243 13242 13255
f 13244 13254 13253
f 13244 13243 13254
f 13245 13253 13252
f 13245 13244 13253
f 13246 13252 13251
f 13246 13245 13252
f 13247 13246 13251
f 13248 13251 13250
f 13248 13247 13251
f 13273 13266 13267
f 13263 13264 13265
f 13269 13260 13270
f 13259 13260 13269
f 13268 13259 13269
f 13258 13259 13268
f 13257 13258 13268
f 13274 13265 13266
f 13274 13266 13273
f 13274 13263 13265
f 13275 13261 13262
f 13275 13262 13263
f 13275 13272 13271
f 13275 13273 13272
f 13275 13274 13273
f 13275 13263 13274
f 13276 13260 13261
f 13276 13271 13270
f 13276 13261 13275
f 13276 13275 13271
f 13276 13270 13260
f 13280 13279 13282
f 13280 13282 13284
f 13281 13284 13283
f 13281 13280 13284
f 13277 13283 13278
f 13277 13281 13283
f 13304 13297 13296
f 13292 13295 13291
f 13305 13297 13304
f 13306 13298 13297
f 13306 13297 13305
f 13307 13299 13298
f 13307 13298 13306
f 13308 13300 13299
f 13308 13299 13307
f 13309 13301 13300
f 13309 13300 13308
f 13310 13294 13293
f 13310 13302 13301
f 13310 13293 13302
f 13310 13301 13309
f 13311 13285 13286
f 13311 13286 13287
f 13311 13303 13285
f 13311 13304 13303
f 13311 13305 13304
f 13312 13306 13305
f 13312 13305 13311
f 13312 13311 13287
f 13313 13287 13288
f 13313 13288 13289
f 13313 13307 13306
f 13313 13312 13287
f 13313 13306 13312
f 13314 13313 13289
f 13314 13308 13307
f 13314 13307 13313
f 13315 13289 13290
f 13315 13290 13291
f 13315 13309 13308
f 13315 13314 13289
f 13315 13308 13314
f 13316 13295 13294
f 13316 13310 13309
f 13316 13294 13310
f 13316 13315 13291
f 13316 13309 13315
f 13316 13291 13295
f 13331 13321 13332
f 13329 13318 13319
f 13329 13319 13330
f 13317 13318 13329
f 13335 13323 13324
f 13335 13324 13325
f 13335 13325 13326
f 13336 13326 13327
f 13336 13335 13326
f 13336 13323 13335
f 13337 13322 13323
f 13337 13327 13328
f 13337 13336 13327
f 13337 13323 13336
f 13338 13328 13334
f 13338 13337 13328
f 13338 13322 13337
f 13339 13334 13333
f 13339 13338 13334
f 13340 13321 13322
f 13340 13333 13332
f 13340 13338 13339
f 13340 13322 13338
f 13340 13332 13321
f 13340 13339 13333
f 13341 13319 13320
f 13341 13320 13321
f 13341 13331 13330
f 13341 13321 13331
f 13341 13330 13319
f 13358 13350 13349
f 13357 13348 13347
f 13357 13349 13348
f 13357 13358 13349
f 13356 13347 13346
f 13356 13357 13347
f 13355 13346 13345
f 13355 13356 13346
f 13354 13345 13344
f 13354 13355 13345
f 13353 13344 13343
f 13353 13354 13344
f 13352 13343 13342
f 13352 13353 13343
f 13351 13352 13342
f 13375 13360 13359
f 13375 13359 13367
f 13374 13375 13367
f 13373 13367 13366
f 13373 13374 13367
f 13372 13366 13365
f 13372 13373 13366
f 13371 13365 13364
f 13371 13372 13365
f 13370 13364 13363
f 13370 13371 13364
f 13369 13363 13362
f 13369 13370 13363
f 13368 13362 13361
f 13368 13369 13362
f 13376 13378 13377
f 13391 13379 13378
f 13391 13378 13376
f 13390 13380 13379
f 13390 13379 13391
f 13389 13381 13380
f 13389 13380 13390
f 13388 13382 13381
f 13388 13381 13389
f 13387 13383 13382
f 13387 13382 13388
f 13386 13383 13387
f 13385 13384 13383
f 13385 13383 13386
f 13401 13399 13398
f 13402 13401 13398
f 13403 13398 13397
f 13403 13402 13398
f 13404 13397 13396
f 13404 13403 13397
f 13405 13396 13395
f 13405 13404 13396
f 13406 13395 13394
f 13406 13405 13395
f 13407 13394 13393
f 13407 13406 13394
f 13400 13393 13392
f 13400 13407 13393
f 13411 13410 13413
f 13411 13413 13415
f 13412 13415 13414
f 13412 13411 13415
f 13408 13414 13409
f 13408 13412 13414
f 13425 13432 13431
f 13426 13433 13432
f 13426 13432 13425
f 13427 13433 13426
f 13434 13416 13417
f 13434 13417 13418
f 13434 13428 13416
f 13435 13418 13419
f 13435 13434 13418
f 13435 13428 13434
f 13436 13419 13420
f 13436 13428 13435
f 13436 13435 13419
f 13437 13420 13421
f 13437 13436 13420
f 13438 13421 13422
f 13438 13437 13421
f 13439 13429 13428
f 13439 13430 13429
f 13439 13436 13437
f 13439 13428 13436
f 13440 13422 13423
f 13440 13439 13437
f 13440 13437 13438
f 13440 13438 13422
f 13440 13430 13439
f 13441 13423 13424
f 13441 13424 13425
f 13441 13431 13430
f 13441 13430 13440
f 13441 13440 13423
f 13441 13425 13431
f 13460 13442 13443
f 13453 13461 13454
f 13462 13448 13449
f 13462 13449 13452
f 13463 13447 13448
f 13463 13448 13462
f 13464 13446 13447
f 13464 13447 13463
f 13465 13445 13446
f 13465 13446 13464
f 13466 13444 13445
f 13466 13445 13465
f 13467 13443 13444
f 13467 13444 13466
f 13467 13460 13443
f 13468 13451 13450
f 13468 13452 13451
f 13468 13450 13459
f 13468 13462 13452
f 13469 13459 13458
f 13469 13468 13459
f 13469 13463 13462
f 13469 13462 13468
f 13470 13458 13457
f 13470 13469 13458
f 13470 13464 13463
f 13470 13463 13469
f 13471 13457 13456
f 13471 13470 13457
f 13471 13465 13464
f 13471 13464 13470
f 13472 13455 13454
f 13472 13456 13455
f 13472 13465 13471
f 13472 13466 13465
f 13472 13471 13456
f 13473 13461 13460
f 13473 13467 13466
f 13473 13460 13467
f 13473 13466 13472
f 13473 13454 13461
f 13473 13472 13454
f 13477 13476 13479
f 13477 13479 13481
f 13478 13481 13480
f 13478 13477 13481
f 13474 13480 13475
f 13474 13478 13480
f 13499 13492 13493
f 13491 13492 13499
f 13498 13491 13499
f 13490 13491 13498
f 13497 13489 13490
f 13497 13490 13498
f 13496 13489 13497
f 13500 13483 13484
f 13500 13484 13485
f 13500 13485 13486
f 13500 13486 13487
f 13501 13500 13487
f 13501 13483 13500
f 13502 13488 13489
f 13502 13496 13495
f 13502 13489 13496
f 13503 13482 13483
f 13503 13487 13488
f 13503 13501 13487
f 13503 13483 13501
f 13504 13494 13482
f 13504 13495 13494
f 13504 13502 13495
f 13504 13482 13503
f 13504 13488 13502
f 13504 13503 13488
f 13505 13513 13514
f 13506 13505 13514
f 13507 13514 13515
f 13507 13515 13516
f 13507 13506 13514
f 13508 13507 13516
f 13509 13516 13517
f 13509 13517 13518
f 13509 13508 13516
f 13510 13509 13518
f 13511 13518 13519
f 13511 13510 13518
f 13512 13519 13520
f 13512 13511 13519
f 13523 13527 13526
f 13524 13527 13523
f 13525 13528 13527
f 13525 13522 13528
f 13525 13527 13524
f 13521 13522 13525
f 13532 13534 13531
f 13532 13535 13534
f 13532 13536 13535
f 13533 13530 13536
f 13533 13536 13532
f 13529 13530 13533
f 13540 13542 13539
f 13540 13543 13542
f 13541 13544 13543
f 13541 13543 13540
f 13537 13538 13544
f 13537 13544 13541
f 13548 13550 13547
f 13548 13551 13550
f 13549 13552 13551
f 13549 13546 13552
f 13549 13551 13548
f 13545 13546 13549
f 13557 13555 13556
f 13557 13582 13555
f 13558 13583 13582
f 13558 13582 13557
f 13559 13584 13583
f 13559 13583 13558
f 13560 13585 13584
f 13560 13584 13559
f 13561 13586 13585
f 13561 13585 13560
f 13562 13587 13586
f 13562 13586 13561
f 13563 13588 13587
f 13563 13587 13562
f 13564 13589 13588
f 13564 13588 13563
f 13565 13590 13589
f 13565 13589 13564
f 13566 13591 13590
f 13566 13590 13565
f 13567 13592 13591
f 13567 13591 13566
f 13568 13592 13567
f 13568 13593 13592
f 13568 13594 13593
f 13569 13594 13568
f 13570 13594 13569
f 13570 13595 13594
f 13571 13595 13570
f 13571 13596 13595
f 13571 13597 13596
f 13572 13597 13571
f 13572 13598 13597
f 13573 13598 13572
f 13574 13598 13573
f 13574 13599 13598
f 13575 13599 13574
f 13575 13600 13599
f 13576 13600 13575
f 13576 13601 13600
f 13577 13601 13576
f 13577 13602 13601
f 13578 13602 13577
f 13578 13603 13602
f 13579 13603 13578
f 13579 13604 13603
f 13580 13605 13604
f 13580 13604 13579
f 13581 13606 13605
f 13581 13605 13580
f 13554 13606 13581
f 13554 13553 13606
f 13611 13609 13610
f 13611 13636 13609
f 13612 13637 13636
f 13612 13636 13611
f 13613 13638 13637
f 13613 13637 13612
f 13614 13639 13638
f 13614 13638 13613
f 13615 13640 13639
f 13615 13639 13614
f 13616 13641 13640
f 13616 13640 13615
f 13617 13642 13641
f 13617 13641 13616
f 13618 13643 13642
f 13618 13642 13617
f 13619 13644 13643
f 13619 13643 13618
f 13620 13645 13644
f 13620 13644 13619
f 13621 13646 13645
f 13621 13645 13620
f 13622 13646 13621
f 13622 13647 13646
f 13622 13648 13647
f 13623 13648 13622
f 13624 13648 13623
f 13624 13649 13648
f 13625 13649 13624
f 13625 13650 13649
f 13625 13651 13650
f 13626 13651 13625
f 13626 13652 13651
f 13627 13652 13626
f 13628 13652 13627
f 13628 13653 13652
f 13629 13653 13628
f 13629 13654 13653
f 13630 13654 13629
f 13630 13655 13654
f 13631 13655 13630
f 13631 13656 13655
f 13632 13656 13631
f 13632 13657 13656
f 13633 13657 13632
f 13633 13658 13657
f 13634 13659 13658
f 13634 13658 13633
f 13635 13660 13659
f 13635 13659 13634
f 13608 13660 13635
f 13608 13607 13660
f 13670 13668 13667
f 13671 13667 13666
f 13671 13670 13667
f 13672 13666 13665
f 13672 13671 13666
f 13673 13665 13664
f 13673 13672 13665
f 13674 13664 13663
f 13674 13673 13664
f 13675 13663 13662
f 13675 13674 13663
f 13676 13662 13661
f 13676 13675 13662
f 13669 13676 13661
f 13705 13679 13680
f 13705 13706 13679
f 13705 13707 13706
f 13704 13708 13707
f 13704 13707 13705
f 13703 13709 13708
f 13703 13708 13704
f 13702 13710 13709
f 13702 13709 13703
f 13701 13711 13710
f 13701 13710 13702
f 13700 13712 13711
f 13700 13711 13701
f 13699 13713 13712
f 13699 13712 13700
f 13698 13714 13713
f 13698 13713 13699
f 13697 13715 13714
f 13697 13714 13698
f 13696 13716 13715
f 13696 13715 13697
f 13695 13716 13696
f 13695 13717 13716
f 13694 13717 13695
f 13694 13718 13717
f 13693 13718 13694
f 13693 13719 13718
f 13692 13719 13693
f 13691 13719 13692
f 13691 13720 13719
f 13690 13720 13691
f 13690 13721 13720
f 13690 13722 13721
f 13689 13722 13690
f 13689 13723 13722
f 13688 13723 13689
f 13687 13723 13688
f 13687 13724 13723
f 13687 13725 13724
f 13686 13725 13687
f 13686 13726 13725
f 13685 13726 13686
f 13684 13726 13685
f 13684 13727 13726
f 13683 13727 13684
f 13683 13728 13727
f 13682 13729 13728
f 13682 13728 13683
f 13682 13730 13729
f 13681 13730 13682
f 13678 13677 13730
f 13678 13730 13681
f 13759 13733 13734
f 13759 13760 13733
f 13759 13761 13760
f 13758 13762 13761
f 13758 13761 13759
f 13757 13763 13762
f 13757 13762 13758
f 13756 13764 13763
f 13756 13763 13757
f 13755 13765 13764
f 13755 13764 13756
f 13754 13766 13765
f 13754 13765 13755
f 13753 13767 13766
f 13753 13766 13754
f 13752 13768 13767
f 13752 13767 13753
f 13751 13769 13768
f 13751 13768 13752
f 13750 13769 13751
f 13749 13769 13750
f 13749 13770 13769
f 13749 13771 13770
f 13748 13771 13749
f 13748 13772 13771
f 13747 13772 13748
f 13746 13772 13747
f 13746 13773 13772
f 13746 13774 13773
f 13745 13774 13746
f 13745 13775 13774
f 13744 13775 13745
f 13743 13775 13744
f 13743 13776 13775
f 13743 13777 13776
f 13742 13777 13743
f 13741 13777 13742
f 13741 13778 13777
f 13740 13778 13741
f 13740 13779 13778
f 13739 13779 13740
f 13739 13780 13779
f 13738 13780 13739
f 13738 13781 13780
f 13738 13782 13781
f 13737 13782 13738
f 13736 13783 13782
f 13736 13782 13737
f 13735 13784 13783
f 13735 13783 13736
f 13732 13784 13735
f 13732 13731 13784
f 13813 13787 13788
f 13813 13814 13787
f 13812 13815 13814
f 13812 13814 13813
f 13811 13816 13815
f 13811 13815 13812
f 13810 13817 13816
f 13810 13816 13811
f 13809 13818 13817
f 13809 13817 13810
f 13808 13819 13818
f 13808 13818 13809
f 13807 13820 13819
f 13807 13819 13808
f 13806 13821 13820
f 13806 13820 13807
f 13805 13822 13821
f 13805 13821 13806
f 13804 13823 13822
f 13804 13822 13805
f 13803 13824 13823
f 13803 13823 13804
f 13802 13824 13803
f 13802 13825 13824
f 13801 13825 13802
f 13801 13826 13825
f 13800 13826 13801
f 13800 13827 13826
f 13799 13827 13800
f 13799 13828 13827
f 13798 13828 13799
f 13798 13829 13828
f 13797 13829 13798
f 13797 13830 13829
f 13796 13830 13797
f 13796 13831 13830
f 13795 13831 13796
f 13795 13832 13831
f 13794 13832 13795
f 13794 13833 13832
f 13793 13833 13794
f 13793 13834 13833
f 13792 13834 13793
f 13792 13835 13834
f 13791 13835 13792
f 13791 13836 13835
f 13790 13837 13836
f 13790 13836 13791
f 13789 13838 13837
f 13789 13837 13790
f 13786 13838 13789
f 13786 13785 13838
f 13842 13868 13841
f 13867 13869 13868
f 13867 13868 13842
f 13866 13870 13869
f 13866 13869 13867
f 13865 13871 13870
f 13865 13870 13866
f 13864 13872 13871
f 13864 13871 13865
f 13863 13873 13872
f 13863 13872 13864
f 13862 13874 13873
f 13862 13873 13863
f 13861 13875 13874
f 13861 13874 13862
f 13860 13876 13875
f 13860 13875 13861
f 13859 13877 13876
f 13859 13876 13860
f 13858 13878 13877
f 13858 13877 13859
f 13857 13878 13858
f 13857 13879 13878
f 13856 13879 13857
f 13856 13880 13879
f 13855 13880 13856
f 13855 13881 13880
f 13854 13881 13855
f 13854 13882 13881
f 13853 13882 13854
f 13853 13883 13882
f 13852 13883 13853
f 13852 13884 13883
f 13851 13884 13852
f 13851 13885 13884
f 13850 13885 13851
f 13850 13886 13885
f 13849 13886 13850
f 13849 13887 13886
f 13848 13887 13849
f 13848 13888 13887
f 13847 13888 13848
f 13847 13889 13888
f 13846 13889 13847
f 13846 13890 13889
f 13845 13890 13846
f 13845 13891 13890
f 13844 13891 13845
f 13844 13892 13891
f 13843 13839 13892
f 13843 13892 13844
f 13840 13839 13843
f 13921 13895 13896
f 13921 13922 13895
f 13920 13923 13922
f 13920 13922 13921
f 13919 13924 13923
f 13919 13923 13920
f 13918 13925 13924
f 13918 13924 13919
f 13917 13926 13925
f 13917 13925 13918
f 13916 13927 13926
f 13916 13926 13917
f 13915 13928 13927
f 13915 13927 13916
f 13914 13929 13928
f 13914 13928 13915
f 13913 13930 13929
f 13913 13929 13914
f 13912 13931 13930
f 13912 13930 13913
f 13911 13932 13931
f 13911 13931 13912
f 13910 13932 13911
f 13910 13933 13932
f 13909 13933 13910
f 13909 13934 13933
f 13908 13934 13909
f 13908 13935 13934
f 13907 13935 13908
f 13907 13936 13935
f 13906 13936 13907
f 13906 13937 13936
f 13905 13937 13906
f 13905 13938 13937
f 13904 13938 13905
f 13904 13939 13938
f 13903 13939 13904
f 13903 13940 13939
f 13902 13940 13903
f 13902 13941 13940
f 13901 13941 13902
f 13901 13942 13941
f 13900 13942 13901
f 13900 13943 13942
f 13899 13943 13900
f 13899 13944 13943
f 13898 13945 13944
f 13898 13944 13899
f 13897 13946 13945
f 13897 13945 13898
f 13894 13946 13897
f 13894 13893 13946
f 13975 13949 13950
f 13975 13976 13949
f 13974 13977 13976
f 13974 13976 13975
f 13973 13978 13977
f 13973 13977 13974
f 13972 13979 13978
f 13972 13978 13973
f 13971 13980 13979
f 13971 13979 13972
f 13970 13981 13980
f 13970 13980 13971
f 13969 13982 13981
f 13969 13981 13970
f 13968 13983 13982
f 13968 13982 13969
f 13967 13984 13983
f 13967 13983 13968
f 13966 13985 13984
f 13966 13984 13967
f 13965 13986 13985
f 13965 13985 13966
f 13964 13986 13965
f 13964 13987 13986
f 13963 13987 13964
f 13963 13988 13987
f 13962 13988 13963
f 13962 13989 13988
f 13961 13989 13962
f 13961 13990 13989
f 13960 13990 13961
f 13960 13991 13990
f 13959 13991 13960
f 13959 13992 13991
f 13958 13992 13959
f 13958 13993 13992
f 13957 13993 13958
f 13957 13994 13993
f 13956 13994 13957
f 13956 13995 13994
f 13955 13995 13956
f 13955 13996 13995
f 13954 13996 13955
f 13954 13997 13996
f 13953 13997 13954
f 13953 13998 13997
f 13952 13999 13998
f 13952 13998 13953
f 13951 14000 13999
f 13951 13999 13952
f 13948 14000 13951
f 13948 13947 14000
f 14008 14003 14004
f 14007 14002 14003
f 14007 14003 14008
f 14006 14001 14002
f 14006 14002 14007
f 14005 14001 14006
f 14016 14011 14012
f 14015 14011 14016
f 14014 14010 14011
f 14014 14011 14015
f 14013 14009 14010
f 14013 14010 14014
f 14023 14019 14020
f 14023 14020 14024
f 14022 14018 14019
f 14022 14019 14023
f 14021 14017 14018
f 14021 14018 14022
f 14027 14029 14028
f 14027 14032 14029
f 14026 14031 14032
f 14026 14032 14027
f 14025 14030 14031
f 14025 14031 14026
f 14043 14044 14045
f 14043 14045 14046
f 14036 14047 14037
f 14035 14047 14036
f 14034 14047 14035
f 14033 14046 14047
f 14033 14043 14046
f 14033 14047 14034
f 14042 14033 14041
f 14042 14043 14033
f 14040 14042 14041
f 14039 14042 14040
f 14038 14042 14039
f 14059 14060 14061
f 14058 14059 14061
f 14051 14062 14052
f 14050 14062 14051
f 14049 14062 14050
f 14048 14061 14062
f 14048 14058 14061
f 14048 14062 14049
f 14057 14048 14056
f 14057 14058 14048
f 14055 14057 14056
f 14054 14057 14055
f 14053 14057 14054
f 14073 14074 14075
f 14073 14075 14076
f 14066 14077 14067
f 14065 14077 14066
f 14064 14077 14065
f 14063 14076 14077
f 14063 14073 14076
f 14063 14077 14064
f 14072 14063 14071
f 14072 14073 14063
f 14070 14072 14071
f 14069 14072 14070
f 14068 14072 14069
f 14087 14084 14083
f 14087 14085 14084
f 14086 14085 14087
f 14078 14086 14087
f 14088 14078 14087
f 14092 14079 14078
f 14092 14080 14079
f 14092 14081 14080
f 14092 14082 14081
f 14091 14078 14088
f 14091 14092 14078
f 14090 14088 14089
f 14090 14091 14088
f 14094 14099 14093
f 14095 14098 14099
f 14095 14099 14094
f 14096 14097 14098
f 14096 14098 14095
f 14103 14100 14097
f 14103 14097 14096
f 14102 14101 14100
f 14102 14100 14103
f 14114 14113 14112
f 14111 14114 14112
f 14108 14114 14111
f 14107 14114 14108
f 14109 14107 14108
f 14106 14107 14109
f 14110 14106 14109
f 14105 14106 14110
f 14104 14105 14110
f 14121 14115 14116
f 14121 14116 14117
f 14120 14117 14118
f 14120 14121 14117
f 14119 14120 14118
f 14122 14125 14124
f 14122 14118 14125
f 14122 14119 14118
f 14123 14122 14124
f 14134 14129 14130
f 14131 14134 14130
f 14133 14134 14131
f 14128 14133 14131
f 14132 14133 14128
f 14126 14132 14128
f 14135 14132 14126
f 14127 14135 14126
f 14136 14135 14127
f 14142 14138 14137
f 14142 14139 14138
f 14140 14139 14142
f 14141 14140 14142
f 14143 14141 14142
f 14149 14151 14141
f 14149 14152 14151
f 14149 14153 14152
f 14149 14150 14153
f 14145 14143 14144
f 14145 14141 14143
f 14148 14149 14141
f 14146 14148 14141
f 14146 14141 14145
f 14147 14148 14146
f 14155 14165 14164
f 14155 14164 14154
f 14162 14169 14168
f 14162 14163 14169
f 14156 14166 14165
f 14156 14165 14155
f 14161 14162 14168
f 14160 14161 14168
f 14157 14167 14166
f 14157 14166 14156
f 14158 14159 14160
f 14158 14168 14167
f 14158 14160 14168
f 14158 14167 14157
f 14181 14179 14180
f 14186 14182 14183
f 14185 14182 14186
f 14184 14182 14185
f 14176 14177 14178
f 14174 14178 14179
f 14174 14181 14182
f 14174 14179 14181
f 14174 14182 14184
f 14174 14176 14178
f 14175 14174 14173
f 14175 14176 14174
f 14172 14175 14173
f 14171 14175 14172
f 14170 14175 14171
f 14187 14201 14202
f 14188 14201 14187
f 14200 14201 14188
f 14189 14200 14188
f 14199 14200 14189
f 14190 14199 14189
f 14198 14199 14190
f 14191 14198 14190
f 14196 14197 14198
f 14196 14198 14191
f 14195 14196 14191
f 14194 14195 14191
f 14192 14194 14191
f 14193 14194 14192
f 14209 14217 14218
f 14208 14217 14209
f 14216 14217 14208
f 14207 14216 14208
f 14215 14216 14207
f 14206 14215 14207
f 14214 14215 14206
f 14205 14214 14206
f 14212 14213 14214
f 14212 14214 14205
f 14211 14212 14205
f 14210 14211 14205
f 14204 14210 14205
f 14203 14210 14204
f 14220 14230 14229
f 14220 14229 14219
f 14227 14234 14233
f 14227 14228 14234
f 14221 14231 14230
f 14221 14230 14220
f 14226 14227 14233
f 14225 14226 14233
f 14222 14232 14231
f 14222 14231 14221
f 14223 14224 14225
f 14223 14233 14232
f 14223 14225 14233
f 14223 14232 14222
f 14235 14249 14250
f 14236 14249 14235
f 14248 14249 14236
f 14237 14248 14236
f 14247 14248 14237
f 14238 14247 14237
f 14246 14247 14238
f 14239 14246 14238
f 14244 14245 14246
f 14244 14246 14239
f 14243 14244 14239
f 14242 14243 14239
f 14240 14242 14239
f 14241 14242 14240
f 14256 14252 14251
f 14256 14253 14252
f 14254 14253 14256
f 14255 14254 14256
f 14257 14255 14256
f 14263 14265 14255
f 14263 14266 14265
f 14263 14267 14266
f 14263 14264 14267
f 14259 14257 14258
f 14259 14255 14257
f 14262 14263 14255
f 14260 14262 14255
f 14260 14255 14259
f 14261 14262 14260
f 14269 14279 14278
f 14269 14278 14268
f 14276 14283 14282
f 14276 14277 14283
f 14270 14280 14279
f 14270 14279 14269
f 14275 14276 14282
f 14274 14275 14282
f 14271 14281 14280
f 14271 14280 14270
f 14272 14273 14274
f 14272 14282 14281
f 14272 14274 14282
f 14272 14281 14271
f 14285 14295 14294
f 14285 14294 14284
f 14292 14299 14298
f 14292 14293 14299
f 14286 14296 14295
f 14286 14295 14285
f 14291 14292 14298
f 14290 14291 14298
f 14287 14297 14296
f 14287 14296 14286
f 14288 14289 14290
f 14288 14298 14297
f 14288 14290 14298
f 14288 14297 14287
f 14300 14314 14315
f 14301 14314 14300
f 14313 14314 14301
f 14302 14313 14301
f 14312 14313 14302
f 14303 14312 14302
f 14311 14312 14303
f 14304 14311 14303
f 14309 14310 14311
f 14309 14311 14304
f 14308 14309 14304
f 14307 14308 14304
f 14305 14307 14304
f 14306 14307 14305
f 14321 14317 14316
f 14321 14318 14317
f 14319 14318 14321
f 14320 14319 14321
f 14322 14320 14321
f 14328 14330 14320
f 14328 14331 14330
f 14328 14332 14331
f 14328 14329 14332
f 14324 14322 14323
f 14324 14320 14322
f 14327 14328 14320
f 14325 14327 14320
f 14325 14320 14324
f 14326 14327 14325
f 14342 14349 14348
f 14343 14350 14349
f 14343 14349 14342
f 14344 14351 14350
f 14344 14350 14343
f 14345 14351 14344
f 14346 14352 14351
f 14346 14351 14345
f 14347 14353 14352
f 14347 14354 14353
f 14347 14352 14346
f 14362 14358 14359
f 14362 14359 14360
f 14339 14354 14347
f 14340 14355 14354
f 14340 14354 14339
f 14363 14360 14361
f 14363 14362 14360
f 14341 14356 14355
f 14341 14355 14340
f 14333 14357 14356
f 14333 14361 14357
f 14333 14356 14341
f 14334 14361 14333
f 14334 14363 14361
f 14366 14364 14363
f 14366 14365 14364
f 14367 14334 14335
f 14367 14366 14363
f 14367 14363 14334
f 14368 14367 14335
f 14368 14335 14336
f 14368 14336 14337
f 14338 14368 14337
f 14378 14369 14370
f 14377 14378 14370
f 14376 14370 14371
f 14376 14377 14370
f 14404 14372 14373
f 14375 14376 14371
f 14403 14371 14372
f 14403 14372 14404
f 14403 14375 14371
f 14399 14402 14398
f 14400 14403 14402
f 14400 14402 14399
f 14401 14374 14375
f 14401 14375 14403
f 14401 14403 14400
f 14395 14374 14401
f 14396 14381 14374
f 14396 14374 14395
f 14397 14380 14381
f 14397 14381 14396
f 14389 14379 14380
f 14389 14380 14397
f 14390 14387 14379
f 14390 14379 14389
f 14391 14386 14387
f 14391 14387 14390
f 14392 14385 14386
f 14392 14386 14391
f 14393 14383 14384
f 14393 14384 14385
f 14393 14385 14392
f 14394 14383 14393
f 14388 14383 14394
f 14388 14382 14383
f 14407 14405 14406
f 14407 14408 14405
f 14410 14409 14411
f 14410 14411 14412
f 14416 14413 14414
f 14415 14416 14414
f 14431 14436 14430
f 14431 14437 14436
f 14431 14438 14437
f 14432 14439 14438
f 14432 14438 14431
f 14433 14439 14432
f 14434 14440 14439
f 14434 14441 14440
f 14434 14439 14433
f 14435 14442 14441
f 14435 14441 14434
f 14450 14446 14447
f 14450 14447 14448
f 14427 14442 14435
f 14428 14443 14442
f 14428 14442 14427
f 14451 14448 14449
f 14451 14450 14448
f 14429 14444 14443
f 14429 14443 14428
f 14422 14445 14444
f 14422 14449 14445
f 14422 14444 14429
f 14423 14449 14422
f 14423 14451 14449
f 14420 14452 14451
f 14420 14421 14452
f 14419 14420 14451
f 14419 14423 14424
f 14419 14451 14423
f 14418 14424 14425
f 14418 14425 14426
f 14418 14419 14424
f 14417 14418 14426
f 14456 14453 14454
f 14455 14456 14454
f 14458 14457 14459
f 14458 14459 14460
f 14462 14461 14463
f 14462 14463 14464
f 14468 14465 14466
f 14467 14468 14466
f 14469 14471 14472
f 14470 14469 14472
f 14475 14473 14474
f 14475 14476 14473
f 14487 14492 14486
f 14487 14493 14492
f 14488 14494 14493
f 14488 14493 14487
f 14489 14495 14494
f 14489 14494 14488
f 14490 14496 14495
f 14490 14495 14489
f 14491 14497 14496
f 14491 14496 14490
f 14509 14502 14503
f 14509 14503 14504
f 14483 14498 14497
f 14483 14497 14491
f 14484 14499 14498
f 14484 14498 14483
f 14508 14504 14505
f 14508 14509 14504
f 14485 14500 14499
f 14485 14501 14500
f 14485 14499 14484
f 14477 14505 14501
f 14477 14501 14485
f 14478 14508 14505
f 14478 14505 14477
f 14512 14506 14507
f 14512 14507 14508
f 14511 14478 14479
f 14511 14512 14508
f 14511 14508 14478
f 14510 14511 14479
f 14510 14479 14480
f 14510 14480 14481
f 14482 14510 14481
f 14515 14513 14514
f 14515 14516 14513
f 14517 14519 14520
f 14518 14517 14520
f 14524 14521 14522
f 14523 14524 14522
f 14528 14526 14525
f 14527 14528 14525
f 14531 14533 14532
f 14531 14536 14533
f 14530 14535 14536
f 14530 14536 14531
f 14529 14534 14535
f 14529 14535 14530
f 14540 14538 14537
f 14539 14540 14537
f 14548 14552 14551
f 14546 14550 14545
f 14547 14549 14550
f 14547 14550 14546
f 14544 14548 14549
f 14544 14549 14547
f 14543 14552 14548
f 14543 14548 14544
f 14541 14543 14542
f 14541 14553 14552
f 14541 14552 14543
f 14554 14541 14555
f 14554 14553 14541
f 14559 14557 14556
f 14558 14559 14556
f 14563 14567 14564
f 14562 14566 14567
f 14562 14567 14563
f 14561 14565 14566
f 14561 14566 14562
f 14560 14565 14561
f 14570 14569 14568
f 14570 14571 14569
f 14577 14581 14576
f 14578 14580 14581
f 14578 14581 14577
f 14575 14579 14580
f 14575 14580 14578
f 14574 14582 14579
f 14574 14583 14582
f 14574 14579 14575
f 14572 14574 14573
f 14572 14584 14583
f 14572 14583 14574
f 14585 14572 14586
f 14585 14584 14572
f 14590 14588 14587
f 14589 14590 14587
f 14594 14598 14595
f 14593 14597 14598
f 14593 14598 14594
f 14592 14596 14597
f 14592 14597 14593
f 14591 14596 14592
f 14601 14600 14599
f 14601 14602 14600
f 14613 14615 14614
f 14610 14615 14613
f 14608 14612 14607
f 14609 14611 14612
f 14609 14612 14608
f 14606 14610 14611
f 14606 14615 14610
f 14606 14611 14609
f 14604 14606 14605
f 14603 14615 14606
f 14603 14606 14604
f 14616 14615 14617
f 14615 14603 14617
f 14620 14619 14618
f 14620 14621 14619
f 14629 14624 14625
f 14628 14623 14624
f 14628 14624 14629
f 14627 14622 14623
f 14627 14623 14628
f 14626 14622 14627
f 14632 14631 14630
f 14632 14633 14631
f 14644 14648 14647
f 14644 14634 14648
f 14642 14645 14646
f 14642 14646 14641
f 14643 14644 14645
f 14643 14645 14642
f 14640 14634 14644
f 14640 14644 14643
f 14637 14639 14638
f 14637 14640 14639
f 14637 14634 14640
f 14635 14634 14636
f 14634 14637 14636
f 14662 14652 14663
f 14664 14663 14652
f 14661 14652 14662
f 14665 14664 14652
f 14660 14652 14661
f 14666 14652 14651
f 14666 14665 14652
f 14667 14666 14651
f 14668 14667 14651
f 14669 14668 14651
f 14670 14669 14651
f 14671 14670 14651
f 14672 14671 14651
f 14650 14654 14653
f 14650 14655 14654
f 14650 14656 14655
f 14650 14657 14656
f 14650 14658 14657
f 14650 14659 14658
f 14650 14660 14659
f 14650 14652 14660
f 14649 14674 14673
f 14649 14675 14674
f 14649 14676 14675
f 14649 14677 14676
f 14649 14678 14677
f 14649 14653 14678
f 14649 14650 14653
f 14649 14673 14651
f 14673 14672 14651
f 14680 14682 14681
f 14679 14680 14681
f 14696 14683 14697
f 14698 14697 14683
f 14695 14683 14696
f 14699 14698 14683
f 14694 14683 14695
f 14700 14683 14684
f 14700 14699 14683
f 14701 14700 14684
f 14702 14701 14684
f 14703 14702 14684
f 14704 14703 14684
f 14705 14704 14684
f 14706 14705 14684
f 14685 14688 14687
f 14685 14689 14688
f 14685 14690 14689
f 14685 14691 14690
f 14685 14692 14691
f 14685 14693 14692
f 14685 14694 14693
f 14685 14683 14694
f 14686 14708 14707
f 14686 14709 14708
f 14686 14710 14709
f 14686 14711 14710
f 14686 14712 14711
f 14686 14687 14712
f 14686 14685 14687
f 14686 14707 14684
f 14707 14706 14684
f 14715 14713 14714
f 14716 14715 14714
f 14751 14718 14719
f 14751 14719 14720
f 14751 14720 14721
f 14751 14721 14722
f 14751 14722 14723
f 14751 14723 14724
f 14752 14717 14718
f 14752 14743 14744
f 14752 14744 14745
f 14752 14745 14746
f 14752 14746 14747
f 14752 14747 14748
f 14752 14748 14717
f 14752 14718 14751
f 14725 14751 14724
f 14742 14743 14752
f 14749 14725 14726
f 14749 14751 14725
f 14750 14741 14742
f 14750 14742 14752
f 14727 14749 14726
f 14740 14741 14750
f 14728 14749 14727
f 14739 14740 14750
f 14729 14749 14728
f 14738 14739 14750
f 14730 14749 14729
f 14737 14738 14750
f 14731 14749 14730
f 14736 14737 14750
f 14732 14749 14731
f 14735 14736 14750
f 14733 14749 14732
f 14734 14735 14750
f 14734 14749 14733
f 14734 14750 14749
f 14763 14759 14758
f 14763 14760 14759
f 14763 14762 14760
f 14764 14758 14757
f 14764 14763 14758
f 14765 14757 14756
f 14765 14764 14757
f 14766 14756 14755
f 14766 14765 14756
f 14767 14755 14754
f 14767 14766 14755
f 14768 14754 14753
f 14768 14767 14754
f 14761 14768 14753
f 14779 14776 14775
f 14779 14778 14776
f 14780 14775 14774
f 14780 14779 14775
f 14781 14774 14773
f 14781 14780 14774
f 14782 14773 14772
f 14782 14781 14773
f 14783 14772 14771
f 14783 14782 14772
f 14784 14771 14770
f 14784 14783 14771
f 14777 14770 14769
f 14777 14784 14770
f 14786 14803 14785
f 14800 14799 14802
f 14800 14802 14804
f 14801 14804 14803
f 14801 14800 14804
f 14801 14803 14786
f 14797 14801 14786
f 14796 14786 14787
f 14796 14797 14786
f 14798 14801 14797
f 14795 14787 14788
f 14795 14796 14787
f 14794 14788 14789
f 14794 14795 14788
f 14793 14789 14790
f 14793 14794 14789
f 14792 14790 14791
f 14792 14793 14790
f 14826 14805 14806
f 14818 14821 14819
f 14827 14807 14808
f 14827 14808 14809
f 14827 14809 14810
f 14828 14810 14811
f 14828 14811 14812
f 14828 14827 14810
f 14829 14806 14807
f 14829 14825 14826
f 14829 14807 14827
f 14829 14826 14806
f 14829 14827 14828
f 14830 14812 14813
f 14830 14828 14812
f 14831 14824 14825
f 14831 14825 14829
f 14831 14828 14830
f 14831 14829 14828
f 14832 14813 14814
f 14832 14814 14815
f 14832 14830 14813
f 14833 14822 14823
f 14833 14823 14824
f 14833 14824 14831
f 14833 14831 14830
f 14833 14830 14832
f 14834 14815 14816
f 14834 14816 14817
f 14834 14817 14820
f 14834 14832 14815
f 14835 14820 14819
f 14835 14821 14822
f 14835 14832 14834
f 14835 14833 14832
f 14835 14834 14820
f 14835 14822 14833
f 14835 14819 14821
f 14857 14839 14838
f 14851 14852 14850
f 14858 14837 14836
f 14858 14836 14840
f 14858 14840 14841
f 14859 14841 14842
f 14859 14842 14843
f 14859 14858 14841
f 14860 14838 14837
f 14860 14856 14857
f 14860 14837 14858
f 14860 14857 14838
f 14860 14858 14859
f 14861 14843 14844
f 14861 14859 14843
f 14862 14854 14855
f 14862 14855 14856
f 14862 14856 14860
f 14862 14859 14861
f 14862 14860 14859
f 14863 14844 14845
f 14863 14845 14846
f 14863 14861 14844
f 14864 14853 14854
f 14864 14854 14862
f 14864 14862 14861
f 14864 14861 14863
f 14865 14846 14847
f 14865 14847 14848
f 14865 14848 14849
f 14865 14863 14846
f 14866 14849 14850
f 14866 14852 14853
f 14866 14863 14865
f 14866 14865 14849
f 14866 14853 14864
f 14866 14850 14852
f 14866 14864 14863
f 14881 14879 14880
f 14875 14874 14877
f 14875 14877 14878
f 14875 14878 14879
f 14876 14875 14879
f 14876 14879 14881
f 14872 14876 14881
f 14871 14881 14882
f 14871 14872 14881
f 14873 14876 14872
f 14870 14882 14883
f 14870 14871 14882
f 14869 14883 14884
f 14869 14884 14885
f 14869 14870 14883
f 14868 14869 14885
f 14886 14868 14885
f 14867 14868 14886
f 14896 14894 14893
f 14897 14893 14892
f 14897 14896 14893
f 14898 14892 14891
f 14898 14897 14892
f 14899 14891 14890
f 14899 14898 14891
f 14900 14890 14889
f 14900 14899 14890
f 14901 14889 14888
f 14901 14900 14889
f 14902 14888 14887
f 14902 14901 14888
f 14895 14902 14887
f 14912 14913 14916
f 14917 14915 14914
f 14911 14916 14915
f 14911 14912 14916
f 14910 14911 14915
f 14910 14915 14917
f 14908 14910 14917
f 14907 14917 14918
f 14907 14908 14917
f 14909 14910 14908
f 14906 14918 14919
f 14906 14907 14918
f 14905 14919 14920
f 14905 14906 14919
f 14904 14920 14921
f 14904 14905 14920
f 14903 14921 14922
f 14903 14904 14921
f 14944 14923 14924
f 14936 14939 14937
f 14945 14925 14926
f 14945 14926 14927
f 14945 14927 14928
f 14946 14928 14929
f 14946 14929 14930
f 14946 14945 14928
f 14947 14924 14925
f 14947 14943 14944
f 14947 14925 14945
f 14947 14944 14924
f 14947 14945 14946
f 14948 14930 14931
f 14948 14946 14930
f 14949 14942 14943
f 14949 14943 14947
f 14949 14946 14948
f 14949 14947 14946
f 14950 14931 14932
f 14950 14932 14933
f 14950 14948 14931
f 14951 14940 14941
f 14951 14941 14942
f 14951 14942 14949
f 14951 14949 14948
f 14951 14948 14950
f 14952 14933 14934
f 14952 14934 14935
f 14952 14935 14938
f 14952 14950 14933
f 14953 14938 14937
f 14953 14939 14940
f 14953 14950 14952
f 14953 14951 14950
f 14953 14952 14938
f 14953 14940 14951
f 14953 14937 14939
f 14975 14957 14956
f 14969 14970 14968
f 14976 14955 14954
f 14976 14954 14958
f 14976 14958 14959
f 14977 14959 14960
f 14977 14960 14961
f 14977 14976 14959
f 14978 14956 14955
f 14978 14974 14975
f 14978 14955 14976
f 14978 14975 14956
f 14978 14976 14977
f 14979 14961 14962
f 14979 14977 14961
f 14980 14973 14974
f 14980 14974 14978
f 14980 14977 14979
f 14980 14978 14977
f 14981 14962 14963
f 14981 14963 14964
f 14981 14979 14962
f 14982 14971 14972
f 14982 14972 14973
f 14982 14973 14980
f 14982 14980 14979
f 14982 14979 14981
f 14983 14964 14965
f 14983 14965 14966
f 14983 14966 14967
f 14983 14981 14964
f 14984 14967 14968
f 14984 14970 14971
f 14984 14981 14983
f 14984 14983 14967
f 14984 14982 14981
f 14984 14971 14982
f 14984 14968 14970
f 14994 14995 14996
f 14999 14997 14998
f 14993 14996 14997
f 14993 14994 14996
f 14992 14993 14997
f 14992 14997 14999
f 14990 14992 14999
f 14989 14999 15000
f 14989 14990 14999
f 14991 14992 14990
f 14988 15000 15001
f 14988 14989 15000
f 14987 15001 15002
f 14987 15002 15003
f 14987 14988 15001
f 14986 14987 15003
f 15004 14986 15003
f 14985 14986 15004
f 15054 15008 15009
f 15053 15009 15010
f 15053 15054 15009
f 15055 15007 15008
f 15055 15008 15054
f 15052 15010 15011
f 15052 15053 15010
f 15056 15006 15007
f 15056 15007 15055
f 15051 15011 15012
f 15051 15052 15011
f 15031 15005 15006
f 15031 15006 15056
f 15050 15012 15013
f 15050 15051 15012
f 15032 15030 15005
f 15032 15005 15031
f 15049 15050 15013
f 15014 15049 15013
f 15033 15029 15030
f 15033 15030 15032
f 15048 15049 15014
f 15034 15028 15029
f 15034 15029 15033
f 15015 15047 15048
f 15015 15048 15014
f 15027 15028 15034
f 15027 15034 15035
f 15036 15027 15035
f 15016 15047 15015
f 15016 15046 15047
f 15026 15027 15036
f 15026 15036 15037
f 15017 15046 15016
f 15017 15045 15046
f 15025 15026 15037
f 15025 15037 15038
f 15018 15045 15017
f 15018 15044 15045
f 15024 15025 15038
f 15019 15043 15044
f 15019 15044 15018
f 15023 15038 15039
f 15023 15024 15038
f 15020 15042 15043
f 15020 15043 15019
f 15022 15039 15040
f 15022 15040 15041
f 15022 15023 15039
f 15021 15042 15020
f 15021 15041 15042
f 15021 15022 15041
f 15093 15060 15061
f 15092 15061 15062
f 15092 15093 15061
f 15094 15059 15060
f 15094 15060 15093
f 15091 15062 15063
f 15091 15092 15062
f 15095 15058 15059
f 15095 15059 15094
f 15090 15063 15064
f 15090 15091 15063
f 15096 15057 15058
f 15096 15058 15095
f 15089 15090 15064
f 15097 15082 15057
f 15097 15057 15096
f 15088 15064 15065
f 15088 15089 15064
f 15098 15081 15082
f 15098 15082 15097
f 15087 15065 15066
f 15087 15088 15065
f 15099 15080 15081
f 15099 15081 15098
f 15067 15087 15066
f 15067 15086 15087
f 15100 15080 15099
f 15079 15080 15100
f 15101 15079 15100
f 15068 15086 15067
f 15068 15085 15086
f 15078 15079 15101
f 15078 15101 15102
f 15069 15085 15068
f 15069 15084 15085
f 15077 15078 15102
f 15077 15102 15103
f 15070 15083 15084
f 15070 15084 15069
f 15076 15077 15103
f 15076 15103 15104
f 15071 15083 15070
f 15071 15108 15083
f 15075 15104 15105
f 15075 15076 15104
f 15072 15108 15071
f 15072 15107 15108
f 15074 15105 15106
f 15074 15075 15105
f 15073 15106 15107
f 15073 15107 15072
f 15073 15074 15106
f 15118 15116 15115
f 15119 15115 15114
f 15119 15118 15115
f 15120 15114 15113
f 15120 15119 15114
f 15121 15113 15112
f 15121 15120 15113
f 15122 15112 15111
f 15122 15121 15112
f 15123 15111 15110
f 15123 15122 15111
f 15124 15110 15109
f 15124 15123 15110
f 15117 15124 15109
f 15155 15147 15148
f 15156 15149 15150
f 15156 15150 15151
f 15157 15142 15147
f 15157 15147 15155
f 15158 15151 15152
f 15158 15149 15156
f 15158 15156 15151
f 15159 15148 15149
f 15159 15158 15152
f 15159 15149 15158
f 15159 15155 15148
f 15160 15155 15159
f 15160 15157 15155
f 15161 15143 15142
f 15161 15142 15157
f 15161 15157 15160
f 15162 15152 15154
f 15163 15162 15154
f 15163 15152 15162
f 15164 15163 15154
f 15164 15152 15163
f 15165 15159 15152
f 15165 15152 15164
f 15166 15160 15159
f 15166 15159 15165
f 15167 15160 15166
f 15167 15161 15160
f 15167 15143 15161
f 15168 15154 15153
f 15169 15154 15168
f 15170 15164 15154
f 15170 15165 15164
f 15170 15154 15169
f 15171 15165 15170
f 15172 15166 15165
f 15172 15165 15171
f 15173 15166 15172
f 15173 15144 15143
f 15173 15167 15166
f 15173 15143 15167
f 15174 15169 15168
f 15174 15153 15126
f 15174 15168 15153
f 15175 15174 15126
f 15175 15169 15174
f 15176 15170 15169
f 15176 15169 15175
f 15177 15170 15176
f 15177 15171 15170
f 15178 15172 15171
f 15178 15171 15177
f 15179 15126 15125
f 15179 15125 15129
f 15179 15176 15175
f 15179 15175 15126
f 15180 15172 15178
f 15180 15173 15172
f 15180 15144 15173
f 15181 15176 15179
f 15182 15177 15176
f 15182 15176 15181
f 15183 15178 15177
f 15183 15177 15182
f 15184 15180 15178
f 15184 15144 15180
f 15184 15178 15183
f 15185 15179 15129
f 15186 15181 15179
f 15186 15179 15185
f 15187 15181 15186
f 15187 15182 15181
f 15187 15183 15182
f 15188 15184 15183
f 15188 15183 15187
f 15189 15145 15144
f 15189 15144 15184
f 15189 15184 15188
f 15190 15128 15127
f 15190 15129 15128
f 15190 15186 15185
f 15190 15185 15129
f 15191 15186 15190
f 15192 15187 15186
f 15192 15186 15191
f 15193 15188 15187
f 15193 15187 15192
f 15194 15145 15189
f 15194 15189 15188
f 15194 15188 15193
f 15195 15131 15130
f 15195 15127 15131
f 15195 15190 15127
f 15196 15130 15145
f 15196 15191 15190
f 15196 15190 15195
f 15196 15195 15130
f 15197 15196 15145
f 15197 15192 15191
f 15197 15191 15196
f 15198 15193 15192
f 15198 15197 15145
f 15198 15192 15197
f 15199 15145 15194
f 15199 15194 15193
f 15199 15198 15145
f 15199 15193 15198
f 15200 15130 15134
f 15201 15145 15130
f 15201 15130 15200
f 15202 15145 15201
f 15203 15145 15202
f 15204 15145 15203
f 15205 15145 15204
f 15205 15146 15145
f 15206 15134 15133
f 15206 15200 15134
f 15206 15201 15200
f 15206 15202 15201
f 15207 15203 15202
f 15207 15202 15206
f 15208 15204 15203
f 15208 15203 15207
f 15209 15205 15204
f 15209 15146 15205
f 15209 15204 15208
f 15210 15133 15132
f 15210 15206 15133
f 15210 15132 15135
f 15211 15135 15136
f 15211 15210 15135
f 15211 15206 15210
f 15212 15136 15137
f 15212 15211 15136
f 15212 15206 15211
f 15213 15137 15138
f 15213 15207 15206
f 15213 15138 15139
f 15213 15212 15137
f 15213 15206 15212
f 15214 15208 15207
f 15214 15207 15213
f 15214 15213 15139
f 15215 15139 15140
f 15215 15140 15141
f 15215 15146 15209
f 15215 15209 15208
f 15215 15141 15146
f 15215 15214 15139
f 15215 15208 15214
f 15225 15223 15222
f 15226 15222 15221
f 15226 15225 15222
f 15227 15226 15221
f 15228 15220 15219
f 15228 15221 15220
f 15228 15227 15221
f 15229 15228 15219
f 15230 15218 15217
f 15230 15219 15218
f 15230 15229 15219
f 15231 15230 15217
f 15224 15217 15216
f 15224 15231 15217
f 15261 15258 15259
f 15262 15258 15261
f 15263 15257 15258
f 15263 15258 15262
f 15264 15256 15257
f 15264 15257 15263
f 15265 15255 15256
f 15265 15256 15264
f 15266 15254 15255
f 15266 15255 15265
f 15267 15249 15248
f 15267 15248 15253
f 15267 15253 15254
f 15267 15254 15266
f 15268 15261 15260
f 15268 15264 15263
f 15268 15263 15262
f 15268 15262 15261
f 15268 15265 15264
f 15269 15265 15268
f 15270 15265 15269
f 15270 15266 15265
f 15271 15249 15267
f 15271 15266 15270
f 15271 15267 15266
f 15272 15268 15260
f 15273 15268 15272
f 15274 15269 15268
f 15274 15268 15273
f 15275 15269 15274
f 15276 15270 15269
f 15276 15269 15275
f 15277 15250 15249
f 15277 15271 15270
f 15277 15249 15271
f 15277 15270 15276
f 15278 15234 15233
f 15278 15260 15234
f 15278 15272 15260
f 15278 15273 15272
f 15279 15233 15232
f 15279 15273 15278
f 15279 15278 15233
f 15280 15279 15232
f 15280 15273 15279
f 15280 15274 15273
f 15281 15276 15275
f 15281 15274 15280
f 15281 15280 15232
f 15281 15275 15274
f 15282 15276 15281
f 15282 15281 15232
f 15283 15277 15276
f 15283 15276 15282
f 15283 15250 15277
f 15284 15232 15237
f 15285 15232 15284
f 15286 15232 15285
f 15287 15282 15232
f 15287 15232 15286
f 15288 15283 15282
f 15288 15250 15283
f 15288 15282 15287
f 15289 15237 15236
f 15289 15284 15237
f 15290 15284 15289
f 15290 15285 15284
f 15291 15286 15285
f 15291 15285 15290
f 15292 15287 15286
f 15292 15288 15287
f 15292 15286 15291
f 15293 15251 15250
f 15293 15250 15288
f 15293 15288 15292
f 15294 15236 15235
f 15294 15235 15238
f 15294 15289 15236
f 15295 15290 15289
f 15295 15291 15290
f 15295 15289 15294
f 15296 15291 15295
f 15297 15292 15291
f 15297 15291 15296
f 15298 15238 15241
f 15298 15294 15238
f 15298 15295 15294
f 15299 15251 15293
f 15299 15293 15292
f 15299 15292 15297
f 15300 15295 15298
f 15301 15296 15295
f 15301 15295 15300
f 15302 15296 15301
f 15302 15297 15296
f 15302 15299 15297
f 15303 15251 15299
f 15303 15299 15302
f 15304 15298 15241
f 15305 15298 15304
f 15306 15300 15298
f 15306 15298 15305
f 15307 15301 15300
f 15307 15300 15306
f 15308 15302 15301
f 15308 15301 15307
f 15308 15303 15302
f 15309 15252 15251
f 15309 15251 15303
f 15309 15303 15308
f 15310 15241 15240
f 15310 15304 15241
f 15311 15305 15304
f 15311 15304 15310
f 15312 15305 15311
f 15312 15306 15305
f 15313 15306 15312
f 15313 15307 15306
f 15313 15308 15307
f 15314 15308 15313
f 15314 15313 15252
f 15315 15308 15314
f 15315 15314 15252
f 15315 15252 15309
f 15315 15309 15308
f 15316 15311 15310
f 15316 15240 15239
f 15316 15239 15242
f 15316 15310 15240
f 15317 15312 15311
f 15317 15242 15243
f 15317 15311 15316
f 15317 15316 15242
f 15318 15243 15244
f 15318 15312 15317
f 15318 15317 15243
f 15319 15318 15244
f 15319 15313 15312
f 15319 15252 15313
f 15319 15312 15318
f 15320 15319 15244
f 15320 15252 15319
f 15321 15247 15252
f 15321 15252 15320
f 15322 15244 15245
f 15322 15245 15246
f 15322 15321 15320
f 15322 15320 15244
f 15323 15322 15246
f 15323 15246 15247
f 15323 15247 15321
f 15323 15321 15322
f 15333 15331 15330
f 15334 15330 15329
f 15334 15333 15330
f 15335 15329 15328
f 15335 15334 15329
f 15336 15328 15327
f 15336 15335 15328
f 15337 15327 15326
f 15337 15336 15327
f 15338 15326 15325
f 15338 15337 15326
f 15339 15325 15324
f 15339 15338 15325
f 15332 15339 15324
f 15370 15362 15363
f 15371 15364 15365
f 15371 15365 15366
f 15372 15357 15362
f 15372 15362 15370
f 15373 15366 15367
f 15373 15364 15371
f 15373 15371 15366
f 15374 15363 15364
f 15374 15373 15367
f 15374 15364 15373
f 15374 15370 15363
f 15375 15370 15374
f 15376 15358 15357
f 15376 15357 15372
f 15376 15372 15370
f 15376 15370 15375
f 15377 15367 15369
f 15378 15367 15377
f 15378 15377 15369
f 15379 15367 15378
f 15379 15378 15369
f 15380 15374 15367
f 15380 15367 15379
f 15381 15375 15374
f 15381 15374 15380
f 15382 15376 15375
f 15382 15375 15381
f 15382 15358 15376
f 15383 15369 15368
f 15384 15369 15383
f 15385 15379 15369
f 15385 15369 15384
f 15386 15379 15385
f 15386 15380 15379
f 15387 15380 15386
f 15387 15381 15380
f 15388 15381 15387
f 15388 15359 15358
f 15388 15382 15381
f 15388 15358 15382
f 15389 15368 15341
f 15389 15383 15368
f 15389 15384 15383
f 15390 15389 15341
f 15390 15384 15389
f 15391 15384 15390
f 15391 15385 15384
f 15392 15386 15385
f 15392 15385 15391
f 15393 15387 15386
f 15393 15388 15387
f 15393 15386 15392
f 15394 15341 15340
f 15394 15391 15390
f 15394 15390 15341
f 15395 15359 15388
f 15395 15388 15393
f 15396 15391 15394
f 15397 15392 15391
f 15397 15391 15396
f 15398 15393 15392
f 15398 15392 15397
f 15399 15359 15395
f 15399 15395 15393
f 15399 15393 15398
f 15400 15344 15343
f 15400 15340 15344
f 15400 15394 15340
f 15400 15396 15394
f 15401 15396 15400
f 15402 15396 15401
f 15402 15397 15396
f 15403 15398 15397
f 15403 15397 15402
f 15404 15360 15359
f 15404 15359 15399
f 15404 15399 15398
f 15404 15398 15403
f 15405 15400 15343
f 15405 15401 15400
f 15406 15401 15405
f 15407 15402 15401
f 15407 15403 15402
f 15407 15401 15406
f 15408 15404 15403
f 15408 15403 15407
f 15409 15360 15404
f 15409 15404 15408
f 15410 15343 15342
f 15410 15346 15345
f 15410 15342 15346
f 15410 15405 15343
f 15411 15405 15410
f 15411 15345 15360
f 15411 15406 15405
f 15411 15410 15345
f 15411 15407 15406
f 15412 15411 15360
f 15412 15407 15411
f 15413 15408 15407
f 15413 15412 15360
f 15413 15407 15412
f 15414 15360 15409
f 15414 15409 15408
f 15414 15408 15413
f 15414 15413 15360
f 15415 15345 15349
f 15416 15360 15345
f 15416 15345 15415
f 15417 15360 15416
f 15418 15360 15417
f 15419 15360 15418
f 15420 15360 15419
f 15420 15361 15360
f 15421 15349 15348
f 15421 15415 15349
f 15421 15416 15415
f 15421 15417 15416
f 15422 15418 15417
f 15422 15417 15421
f 15423 15419 15418
f 15423 15418 15422
f 15424 15420 15419
f 15424 15361 15420
f 15424 15419 15423
f 15425 15348 15347
f 15425 15421 15348
f 15425 15347 15350
f 15426 15350 15351
f 15426 15425 15350
f 15426 15421 15425
f 15427 15351 15352
f 15427 15422 15421
f 15427 15426 15351
f 15427 15421 15426
f 15428 15352 15353
f 15428 15353 15354
f 15428 15427 15352
f 15428 15422 15427
f 15429 15423 15422
f 15429 15424 15423
f 15429 15428 15354
f 15429 15422 15428
f 15430 15354 15355
f 15430 15355 15356
f 15430 15361 15424
f 15430 15356 15361
f 15430 15429 15354
f 15430 15424 15429
f 15441 15438 15437
f 15441 15440 15438
f 15442 15437 15436
f 15442 15441 15437
f 15443 15436 15435
f 15443 15442 15436
f 15444 15435 15434
f 15444 15443 15435
f 15445 15434 15433
f 15445 15444 15434
f 15446 15433 15432
f 15446 15445 15433
f 15439 15432 15431
f 15439 15446 15432
f 15477 15473 15474
f 15477 15474 15476
f 15478 15472 15473
f 15478 15473 15477
f 15479 15471 15472
f 15479 15472 15478
f 15480 15470 15471
f 15480 15471 15479
f 15481 15469 15470
f 15481 15470 15480
f 15482 15464 15463
f 15482 15463 15468
f 15482 15468 15469
f 15482 15469 15481
f 15483 15476 15475
f 15483 15478 15477
f 15483 15479 15478
f 15483 15477 15476
f 15483 15480 15479
f 15484 15480 15483
f 15485 15481 15480
f 15485 15480 15484
f 15486 15464 15482
f 15486 15481 15485
f 15486 15482 15481
f 15487 15483 15475
f 15488 15483 15487
f 15489 15483 15488
f 15490 15484 15483
f 15490 15483 15489
f 15491 15485 15484
f 15491 15484 15490
f 15492 15485 15491
f 15492 15465 15464
f 15492 15486 15485
f 15492 15464 15486
f 15493 15449 15448
f 15493 15475 15449
f 15493 15488 15487
f 15493 15487 15475
f 15494 15448 15447
f 15494 15488 15493
f 15494 15493 15448
f 15495 15494 15447
f 15495 15488 15494
f 15495 15489 15488
f 15496 15489 15495
f 15496 15495 15447
f 15496 15490 15489
f 15496 15491 15490
f 15497 15496 15447
f 15497 15491 15496
f 15498 15465 15492
f 15498 15491 15497
f 15498 15492 15491
f 15499 15447 15452
f 15500 15447 15499
f 15501 15447 15500
f 15502 15497 15447
f 15502 15447 15501
f 15503 15498 15497
f 15503 15497 15502
f 15503 15465 15498
f 15504 15452 15451
f 15504 15499 15452
f 15505 15499 15504
f 15505 15500 15499
f 15506 15501 15500
f 15506 15500 15505
f 15507 15502 15501
f 15507 15503 15502
f 15507 15501 15506
f 15508 15466 15465
f 15508 15465 15503
f 15508 15503 15507
f 15509 15451 15450
f 15509 15450 15453
f 15509 15504 15451
f 15510 15505 15504
f 15510 15504 15509
f 15511 15506 15505
f 15511 15505 15510
f 15512 15507 15506
f 15512 15508 15507
f 15512 15506 15511
f 15513 15453 15456
f 15513 15509 15453
f 15513 15510 15509
f 15514 15466 15508
f 15514 15508 15512
f 15515 15511 15510
f 15515 15510 15513
f 15516 15511 15515
f 15517 15512 15511
f 15517 15514 15512
f 15517 15511 15516
f 15518 15466 15514
f 15518 15514 15517
f 15519 15513 15456
f 15520 15513 15519
f 15521 15515 15513
f 15521 15516 15515
f 15521 15513 15520
f 15522 15516 15521
f 15523 15517 15516
f 15523 15518 15517
f 15523 15516 15522
f 15524 15467 15466
f 15524 15466 15518
f 15524 15518 15523
f 15525 15456 15455
f 15525 15519 15456
f 15526 15520 15519
f 15526 15519 15525
f 15527 15520 15526
f 15527 15521 15520
f 15528 15521 15527
f 15528 15522 15521
f 15529 15522 15528
f 15529 15528 15467
f 15529 15523 15522
f 15530 15529 15467
f 15530 15523 15529
f 15530 15467 15524
f 15530 15524 15523
f 15531 15455 15454
f 15531 15454 15457
f 15531 15525 15455
f 15532 15526 15525
f 15532 15525 15531
f 15532 15457 15458
f 15532 15531 15457
f 15533 15527 15526
f 15533 15458 15459
f 15533 15526 15532
f 15533 15532 15458
f 15534 15527 15533
f 15534 15528 15527
f 15534 15467 15528
f 15534 15533 15459
f 15535 15534 15459
f 15535 15467 15534
f 15536 15462 15467
f 15536 15467 15535
f 15537 15459 15460
f 15537 15460 15461
f 15537 15535 15459
f 15538 15461 15462
f 15538 15462 15536
f 15538 15536 15535
f 15538 15535 15537
f 15538 15537 15461
f 15548 15546 15545
f 15549 15545 15544
f 15549 15548 15545
f 15550 15544 15543
f 15550 15549 15544
f 15551 15543 15542
f 15551 15550 15543
f 15552 15542 15541
f 15552 15551 15542
f 15553 15541 15540
f 15553 15552 15541
f 15554 15540 15539
f 15554 15553 15540
f 15547 15554 15539
f 15584 15581 15582
f 15585 15581 15584
f 15586 15580 15581
f 15586 15581 15585
f 15587 15579 15580
f 15587 15580 15586
f 15588 15578 15579
f 15588 15579 15587
f 15589 15577 15578
f 15589 15578 15588
f 15590 15572 15571
f 15590 15571 15576
f 15590 15576 15577
f 15590 15577 15589
f 15591 15584 15583
f 15591 15587 15586
f 15591 15586 15585
f 15591 15585 15584
f 15591 15588 15587
f 15592 15588 15591
f 15593 15588 15592
f 15593 15589 15588
f 15594 15572 15590
f 15594 15590 15589
f 15594 15589 15593
f 15595 15591 15583
f 15596 15591 15595
f 15597 15591 15596
f 15598 15592 15591
f 15598 15591 15597
f 15598 15593 15592
f 15599 15593 15598
f 15600 15593 15599
f 15600 15573 15572
f 15600 15594 15593
f 15600 15572 15594
f 15601 15557 15556
f 15601 15583 15557
f 15601 15595 15583
f 15601 15596 15595
f 15602 15556 15555
f 15602 15596 15601
f 15602 15601 15556
f 15603 15596 15602
f 15603 15602 15555
f 15603 15597 15596
f 15603 15598 15597
f 15604 15598 15603
f 15604 15603 15555
f 15605 15599 15598
f 15605 15598 15604
f 15605 15604 15555
f 15606 15573 15600
f 15606 15599 15605
f 15606 15600 15599
f 15607 15560 15559
f 15607 15555 15560
f 15608 15555 15607
f 15609 15555 15608
f 15610 15605 15555
f 15610 15555 15609
f 15611 15573 15606
f 15611 15606 15605
f 15611 15605 15610
f 15612 15607 15559
f 15613 15608 15607
f 15613 15609 15608
f 15613 15607 15612
f 15614 15609 15613
f 15615 15610 15609
f 15615 15611 15610
f 15615 15609 15614
f 15616 15574 15573
f 15616 15573 15611
f 15616 15611 15615
f 15617 15559 15558
f 15617 15558 15561
f 15617 15612 15559
f 15618 15613 15612
f 15618 15614 15613
f 15618 15612 15617
f 15619 15614 15618
f 15620 15615 15614
f 15620 15614 15619
f 15621 15561 15564
f 15621 15617 15561
f 15622 15574 15616
f 15622 15616 15615
f 15622 15615 15620
f 15623 15618 15617
f 15623 15617 15621
f 15624 15619 15618
f 15624 15618 15623
f 15625 15620 15619
f 15625 15619 15624
f 15626 15574 15622
f 15626 15622 15620
f 15626 15620 15625
f 15627 15621 15564
f 15628 15623 15621
f 15628 15621 15627
f 15629 15624 15623
f 15629 15623 15628
f 15630 15624 15629
f 15631 15625 15624
f 15631 15624 15630
f 15632 15575 15574
f 15632 15574 15626
f 15632 15626 15625
f 15632 15625 15631
f 15633 15564 15563
f 15633 15627 15564
f 15634 15628 15627
f 15634 15627 15633
f 15635 15628 15634
f 15635 15629 15628
f 15636 15629 15635
f 15636 15630 15629
f 15636 15631 15630
f 15637 15631 15636
f 15637 15636 15575
f 15638 15631 15637
f 15638 15637 15575
f 15638 15575 15632
f 15638 15632 15631
f 15639 15563 15562
f 15639 15562 15565
f 15639 15633 15563
f 15640 15634 15633
f 15640 15633 15639
f 15640 15565 15566
f 15640 15639 15565
f 15641 15635 15634
f 15641 15566 15567
f 15641 15634 15640
f 15641 15640 15566
f 15642 15635 15641
f 15642 15636 15635
f 15642 15575 15636
f 15642 15641 15567
f 15643 15642 15567
f 15643 15575 15642
f 15644 15570 15575
f 15644 15575 15643
f 15645 15567 15568
f 15645 15568 15569
f 15645 15643 15567
f 15645 15644 15643
f 15646 15569 15570
f 15646 15570 15644
f 15646 15644 15645
f 15646 15645 15569
f 15657 15654 15653
f 15657 15656 15654
f 15658 15653 15652
f 15658 15657 15653
f 15659 15652 15651
f 15659 15658 15652
f 15660 15651 15650
f 15660 15659 15651
f 15661 15650 15649
f 15661 15660 15650
f 15662 15649 15648
f 15662 15661 15649
f 15655 15648 15647
f 15655 15662 15648
f 15693 15685 15686
f 15694 15687 15688
f 15694 15688 15689
f 15695 15680 15685
f 15695 15685 15693
f 15696 15689 15690
f 15696 15687 15694
f 15696 15694 15689
f 15697 15686 15687
f 15697 15696 15690
f 15697 15687 15696
f 15697 15693 15686
f 15698 15693 15697
f 15699 15681 15680
f 15699 15680 15695
f 15699 15695 15693
f 15699 15693 15698
f 15700 15690 15692
f 15701 15690 15700
f 15701 15700 15692
f 15702 15690 15701
f 15702 15701 15692
f 15703 15697 15690
f 15703 15698 15697
f 15703 15690 15702
f 15704 15698 15703
f 15705 15699 15698
f 15705 15698 15704
f 15705 15681 15699
f 15706 15692 15691
f 15707 15692 15706
f 15708 15702 15692
f 15708 15692 15707
f 15709 15703 15702
f 15709 15702 15708
f 15710 15704 15703
f 15710 15703 15709
f 15711 15704 15710
f 15711 15682 15681
f 15711 15705 15704
f 15711 15681 15705
f 15712 15691 15664
f 15712 15706 15691
f 15713 15706 15712
f 15713 15712 15664
f 15713 15707 15706
f 15714 15708 15707
f 15714 15707 15713
f 15715 15709 15708
f 15715 15708 15714
f 15716 15710 15709
f 15716 15709 15715
f 15717 15713 15664
f 15717 15664 15663
f 15717 15714 15713
f 15718 15710 15716
f 15718 15682 15711
f 15718 15711 15710
f 15719 15714 15717
f 15720 15715 15714
f 15720 15714 15719
f 15721 15718 15716
f 15721 15716 15715
f 15721 15715 15720
f 15722 15682 15718
f 15722 15718 15721
f 15723 15663 15667
f 15723 15717 15663
f 15723 15719 15717
f 15724 15719 15723
f 15725 15720 15719
f 15725 15719 15724
f 15726 15721 15720
f 15726 15720 15725
f 15727 15683 15682
f 15727 15682 15722
f 15727 15722 15721
f 15727 15721 15726
f 15728 15666 15665
f 15728 15667 15666
f 15728 15723 15667
f 15729 15724 15723
f 15729 15723 15728
f 15730 15725 15724
f 15730 15726 15725
f 15730 15724 15729
f 15731 15727 15726
f 15731 15726 15730
f 15732 15683 15727
f 15732 15727 15731
f 15733 15669 15668
f 15733 15665 15669
f 15733 15728 15665
f 15734 15668 15683
f 15734 15729 15728
f 15734 15728 15733
f 15734 15733 15668
f 15735 15730 15729
f 15735 15729 15734
f 15735 15734 15683
f 15736 15731 15730
f 15736 15730 15735
f 15736 15735 15683
f 15737 15683 15732
f 15737 15732 15731
f 15737 15731 15736
f 15737 15736 15683
f 15738 15668 15672
f 15739 15683 15668
f 15739 15668 15738
f 15740 15683 15739
f 15741 15683 15740
f 15742 15683 15741
f 15743 15683 15742
f 15743 15684 15683
f 15744 15741 15740
f 15744 15672 15671
f 15744 15738 15672
f 15744 15739 15738
f 15744 15740 15739
f 15745 15741 15744
f 15746 15742 15741
f 15746 15743 15742
f 15746 15741 15745
f 15747 15684 15743
f 15747 15743 15746
f 15748 15671 15670
f 15748 15744 15671
f 15748 15670 15673
f 15749 15673 15674
f 15749 15748 15673
f 15749 15744 15748
f 15750 15674 15675
f 15750 15745 15744
f 15750 15749 15674
f 15750 15744 15749
f 15751 15675 15676
f 15751 15676 15677
f 15751 15745 15750
f 15751 15750 15675
f 15752 15746 15745
f 15752 15751 15677
f 15752 15745 15751
f 15753 15677 15678
f 15753 15684 15747
f 15753 15678 15679
f 15753 15747 15746
f 15753 15679 15684
f 15753 15746 15752
f 15753 15752 15677
f 15784 15776 15777
f 15785 15778 15779
f 15785 15779 15780
f 15786 15771 15776
f 15786 15776 15784
f 15787 15780 15781
f 15787 15785 15780
f 15787 15778 15785
f 15788 15777 15778
f 15788 15787 15781
f 15788 15778 15787
f 15788 15784 15777
f 15789 15784 15788
f 15789 15786 15784
f 15790 15772 15771
f 15790 15771 15786
f 15790 15786 15789
f 15791 15781 15783
f 15792 15791 15783
f 15792 15781 15791
f 15793 15792 15783
f 15793 15781 15792
f 15794 15788 15781
f 15794 15781 15793
f 15795 15789 15788
f 15795 15788 15794
f 15796 15789 15795
f 15796 15790 15789
f 15796 15772 15790
f 15797 15783 15782
f 15798 15783 15797
f 15799 15793 15783
f 15799 15783 15798
f 15800 15793 15799
f 15800 15794 15793
f 15801 15794 15800
f 15801 15795 15794
f 15802 15795 15801
f 15802 15773 15772
f 15802 15796 15795
f 15802 15772 15796
f 15803 15782 15755
f 15803 15797 15782
f 15804 15799 15798
f 15804 15797 15803
f 15804 15803 15755
f 15804 15798 15797
f 15805 15799 15804
f 15806 15799 15805
f 15806 15800 15799
f 15807 15801 15800
f 15807 15800 15806
f 15808 15804 15755
f 15808 15755 15754
f 15809 15802 15801
f 15809 15773 15802
f 15809 15801 15807
f 15810 15805 15804
f 15810 15804 15808
f 15811 15807 15806
f 15811 15805 15810
f 15811 15806 15805
f 15812 15807 15811
f 15813 15773 15809
f 15813 15809 15807
f 15813 15807 15812
f 15814 15754 15758
f 15814 15808 15754
f 15815 15808 15814
f 15815 15810 15808
f 15816 15810 15815
f 15816 15811 15810
f 15816 15812 15811
f 15817 15813 15812
f 15817 15812 15816
f 15818 15774 15773
f 15818 15813 15817
f 15818 15773 15813
f 15819 15757 15756
f 15819 15758 15757
f 15819 15814 15758
f 15820 15814 15819
f 15820 15815 15814
f 15820 15816 15815
f 15821 15816 15820
f 15822 15817 15816
f 15822 15816 15821
f 15823 15774 15818
f 15823 15818 15817
f 15823 15817 15822
f 15824 15760 15759
f 15824 15756 15760
f 15824 15819 15756
f 15825 15820 15819
f 15825 15759 15774
f 15825 15819 15824
f 15825 15824 15759
f 15826 15825 15774
f 15826 15821 15820
f 15826 15820 15825
f 15827 15823 15822
f 15827 15822 15821
f 15827 15826 15774
f 15827 15821 15826
f 15828 15823 15827
f 15828 15774 15823
f 15828 15827 15774
f 15829 15759 15763
f 15830 15774 15759
f 15830 15759 15829
f 15831 15774 15830
f 15832 15774 15831
f 15833 15774 15832
f 15834 15774 15833
f 15834 15775 15774
f 15835 15832 15831
f 15835 15763 15762
f 15835 15829 15763
f 15835 15830 15829
f 15835 15831 15830
f 15836 15832 15835
f 15837 15833 15832
f 15837 15834 15833
f 15837 15832 15836
f 15838 15775 15834
f 15838 15834 15837
f 15839 15762 15761
f 15839 15835 15762
f 15839 15761 15770
f 15840 15770 15769
f 15840 15835 15839
f 15840 15839 15770
f 15841 15769 15768
f 15841 15840 15769
f 15841 15835 15840
f 15842 15768 15767
f 15842 15836 15835
f 15842 15841 15768
f 15842 15835 15841
f 15843 15767 15766
f 15843 15837 15836
f 15843 15842 15767
f 15843 15836 15842
f 15844 15765 15764
f 15844 15766 15765
f 15844 15775 15838
f 15844 15838 15837
f 15844 15764 15775
f 15844 15843 15766
f 15844 15837 15843
f 15859 15851 15850
f 15859 15852 15851
f 15859 15860 15852
f 15858 15859 15850
f 15857 15849 15848
f 15857 15850 15849
f 15857 15858 15850
f 15856 15857 15848
f 15855 15847 15846
f 15855 15848 15847
f 15855 15856 15848
f 15854 15855 15846
f 15853 15846 15845
f 15853 15854 15846
f 15891 15883 15882
f 15891 15882 15890
f 15892 15884 15883
f 15892 15883 15891
f 15893 15885 15884
f 15893 15884 15892
f 15894 15886 15885
f 15894 15885 15893
f 15895 15887 15886
f 15895 15886 15894
f 15896 15878 15877
f 15896 15888 15887
f 15896 15877 15888
f 15896 15887 15895
f 15897 15890 15889
f 15897 15892 15891
f 15897 15893 15892
f 15897 15891 15890
f 15898 15893 15897
f 15898 15894 15893
f 15899 15894 15898
f 15899 15895 15894
f 15900 15878 15896
f 15900 15895 15899
f 15900 15896 15895
f 15901 15897 15889
f 15902 15897 15901
f 15903 15897 15902
f 15904 15898 15897
f 15904 15897 15903
f 15905 15899 15898
f 15905 15898 15904
f 15906 15879 15878
f 15906 15878 15900
f 15906 15900 15899
f 15906 15899 15905
f 15907 15863 15862
f 15907 15889 15863
f 15907 15901 15889
f 15907 15902 15901
f 15908 15862 15861
f 15908 15902 15907
f 15908 15907 15862
f 15909 15908 15861
f 15909 15902 15908
f 15909 15903 15902
f 15909 15904 15903
f 15910 15904 15909
f 15910 15909 15861
f 15911 15905 15904
f 15911 15906 15905
f 15911 15904 15910
f 15911 15910 15861
f 15912 15906 15911
f 15912 15879 15906
f 15913 15861 15866
f 15914 15861 15913
f 15915 15861 15914
f 15916 15911 15861
f 15916 15861 15915
f 15917 15912 15911
f 15917 15879 15912
f 15917 15911 15916
f 15918 15865 15864
f 15918 15866 15865
f 15918 15913 15866
f 15919 15914 15913
f 15919 15913 15918
f 15920 15915 15914
f 15920 15916 15915
f 15920 15914 15919
f 15921 15917 15916
f 15921 15916 15920
f 15922 15880 15879
f 15922 15879 15917
f 15922 15917 15921
f 15923 15864 15867
f 15923 15918 15864
f 15924 15919 15918
f 15924 15918 15923
f 15925 15920 15919
f 15925 15919 15924
f 15926 15921 15920
f 15926 15920 15925
f 15927 15867 15870
f 15927 15923 15867
f 15928 15880 15922
f 15928 15922 15921
f 15928 15921 15926
f 15929 15924 15923
f 15929 15923 15927
f 15930 15925 15924
f 15930 15924 15929
f 15931 15926 15925
f 15931 15925 15930
f 15932 15880 15928
f 15932 15928 15926
f 15932 15926 15931
f 15933 15927 15870
f 15934 15927 15933
f 15935 15929 15927
f 15935 15927 15934
f 15936 15930 15929
f 15936 15929 15935
f 15937 15931 15930
f 15937 15932 15931
f 15937 15930 15936
f 15938 15881 15880
f 15938 15880 15932
f 15938 15932 15937
f 15939 15870 15869
f 15939 15933 15870
f 15939 15934 15933
f 15940 15934 15939
f 15941 15934 15940
f 15941 15935 15934
f 15941 15936 15935
f 15942 15936 15941
f 15943 15936 15942
f 15943 15942 15881
f 15943 15937 15936
f 15943 15938 15937
f 15944 15943 15881
f 15944 15938 15943
f 15944 15881 15938
f 15945 15869 15868
f 15945 15868 15871
f 15945 15939 15869
f 15946 15940 15939
f 15946 15939 15945
f 15946 15871 15872
f 15946 15945 15871
f 15947 15872 15873
f 15947 15940 15946
f 15947 15941 15940
f 15947 15946 15872
f 15948 15881 15942
f 15948 15947 15873
f 15948 15941 15947
f 15948 15942 15941
f 15949 15948 15873
f 15949 15881 15948
f 15950 15876 15881
f 15950 15881 15949
f 15951 15873 15874
f 15951 15874 15875
f 15951 15949 15873
f 15952 15875 15876
f 15952 15876 15950
f 15952 15950 15949
f 15952 15949 15951
f 15952 15951 15875
f 15968 15960 15959
f 15967 15959 15958
f 15967 15968 15959
f 15966 15958 15957
f 15966 15967 15958
f 15965 15957 15956
f 15965 15966 15957
f 15964 15956 15955
f 15964 15965 15956
f 15963 15955 15954
f 15963 15964 15955
f 15962 15954 15953
f 15962 15963 15954
f 15961 15962 15953
f 15978 15980 15979
f 15981 15980 15978
f 15983 15978 15977
f 15983 15982 15981
f 15983 15981 15978
f 15984 15977 15976
f 15984 15983 15977
f 15985 15976 15975
f 15985 15984 15976
f 15986 15975 15974
f 15986 15985 15975
f 15972 15974 15973
f 15971 15974 15972
f 15987 15986 15974
f 15987 15974 15971
f 15970 15987 15971
f 15969 15987 15970
f 16000 15990 15991
f 15989 15990 16000
f 15992 15988 15989
f 15992 15989 16000
f 15993 16000 16001
f 15993 15992 16000
f 15996 16003 16004
f 15997 16004 15999
f 15997 15996 16004
f 15998 15997 15999
f 16005 15994 15993
f 16005 15995 15994
f 16005 15996 15995
f 16005 16001 16002
f 16005 16002 16003
f 16005 16003 15996
f 16005 15993 16001
f 16014 16016 16015
f 16017 16016 16014
f 16025 16018 16017
f 16025 16019 16018
f 16025 16020 16019
f 16025 16017 16014
f 16024 16014 16013
f 16024 16025 16014
f 16023 16013 16012
f 16023 16024 16013
f 16022 16012 16011
f 16022 16023 16012
f 16008 16010 16009
f 16007 16010 16008
f 16021 16011 16010
f 16021 16022 16011
f 16021 16010 16007
f 16006 16021 16007
f 16033 16035 16034
f 16033 16041 16035
f 16032 16040 16041
f 16032 16041 16033
f 16031 16039 16040
f 16031 16040 16032
f 16030 16038 16039
f 16030 16039 16031
f 16029 16037 16038
f 16029 16038 16030
f 16028 16036 16037
f 16028 16037 16029
f 16027 16026 16036
f 16027 16036 16028
f 16044 16043 16042
f 16044 16042 16054
f 16045 16054 16055
f 16045 16044 16054
f 16048 16057 16058
f 16052 16058 16053
f 16049 16048 16058
f 16051 16058 16052
f 16051 16049 16058
f 16050 16049 16051
f 16059 16046 16045
f 16059 16047 16046
f 16059 16048 16047
f 16059 16055 16056
f 16059 16056 16057
f 16059 16057 16048
f 16059 16045 16055
f 16069 16068 16067
f 16076 16070 16069
f 16075 16076 16069
f 16062 16064 16063
f 16071 16072 16061
f 16060 16071 16061
f 16077 16062 16061
f 16077 16065 16064
f 16077 16066 16065
f 16077 16067 16066
f 16077 16072 16073
f 16077 16073 16074
f 16077 16074 16075
f 16077 16069 16067
f 16077 16064 16062
f 16077 16075 16069
f 16077 16061 16072
f 16088 16079 16078
f 16088 16080 16079
f 16089 16081 16080
f 16089 16082 16081
f 16089 16080 16088
f 16090 16083 16082
f 16090 16082 16089
f 16091 16084 16083
f 16091 16083 16090
f 16092 16085 16084
f 16092 16084 16091
f 16093 16085 16092
f 16087 16086 16085
f 16087 16085 16093
f 16095 16094 16108
f 16106 16111 16107
f 16098 16097 16096
f 16103 16102 16104
f 16112 16106 16105
f 16112 16108 16109
f 16112 16109 16110
f 16112 16110 16111
f 16112 16095 16108
f 16112 16111 16106
f 16113 16096 16095
f 16113 16105 16104
f 16113 16112 16105
f 16113 16095 16112
f 16114 16099 16098
f 16114 16100 16099
f 16114 16101 16100
f 16114 16102 16101
f 16114 16113 16104
f 16114 16098 16096
f 16114 16096 16113
f 16114 16104 16102
f 16116 16115 16126
f 16116 16126 16127
f 16118 16117 16116
f 16124 16130 16131
f 16124 16131 16125
f 16122 16121 16123
f 16132 16119 16118
f 16132 16120 16119
f 16132 16121 16120
f 16132 16124 16123
f 16132 16127 16128
f 16132 16128 16129
f 16132 16129 16130
f 16132 16116 16127
f 16132 16130 16124
f 16132 16118 16116
f 16132 16123 16121
f 16147 16134 16133
f 16137 16135 16134
f 16137 16136 16135
f 16137 16134 16147
f 16138 16147 16148
f 16138 16137 16147
f 16139 16148 16149
f 16139 16138 16148
f 16140 16149 16150
f 16140 16139 16149
f 16141 16150 16151
f 16141 16140 16150
f 16142 16141 16151
f 16145 16151 16146
f 16145 16142 16151
f 16144 16142 16145
f 16143 16142 16144
f 16163 16162 16161
f 16160 16163 16161
f 16155 16157 16156
f 16155 16158 16157
f 16169 16165 16164
f 16152 16166 16153
f 16170 16154 16153
f 16170 16155 16154
f 16170 16159 16158
f 16170 16160 16159
f 16170 16164 16163
f 16170 16163 16160
f 16170 16158 16155
f 16171 16166 16167
f 16171 16167 16168
f 16171 16168 16169
f 16171 16164 16170
f 16171 16169 16164
f 16171 16170 16153
f 16171 16153 16166
f 16186 16173 16172
f 16187 16173 16186
f 16174 16173 16187
f 16176 16175 16174
f 16177 16174 16187
f 16177 16176 16174
f 16184 16190 16191
f 16184 16191 16185
f 16183 16181 16180
f 16183 16190 16184
f 16183 16180 16190
f 16182 16181 16183
f 16192 16178 16177
f 16192 16179 16178
f 16192 16180 16179
f 16192 16187 16188
f 16192 16188 16189
f 16192 16189 16190
f 16192 16177 16187
f 16192 16190 16180
f 16202 16204 16203
f 16202 16205 16204
f 16211 16202 16201
f 16211 16206 16205
f 16211 16205 16202
f 16210 16201 16200
f 16210 16211 16201
f 16209 16200 16199
f 16209 16210 16200
f 16208 16199 16198
f 16208 16209 16199
f 16207 16198 16197
f 16207 16208 16198
f 16195 16197 16196
f 16194 16207 16197
f 16194 16197 16195
f 16193 16207 16194
f 16225 16213 16212
f 16225 16214 16213
f 16216 16215 16214
f 16216 16225 16226
f 16216 16214 16225
f 16217 16226 16227
f 16217 16216 16226
f 16218 16227 16228
f 16218 16217 16227
f 16219 16228 16229
f 16219 16218 16228
f 16220 16229 16230
f 16220 16219 16229
f 16223 16230 16224
f 16222 16220 16230
f 16222 16230 16223
f 16221 16220 16222
f 16240 16242 16241
f 16239 16242 16240
f 16250 16244 16243
f 16249 16243 16242
f 16249 16242 16239
f 16249 16250 16243
f 16233 16235 16234
f 16233 16236 16235
f 16246 16236 16233
f 16232 16245 16246
f 16232 16246 16233
f 16231 16245 16232
f 16251 16237 16236
f 16251 16238 16237
f 16251 16239 16238
f 16251 16246 16247
f 16251 16247 16248
f 16251 16248 16249
f 16251 16249 16239
f 16251 16236 16246
f 16253 16252 16265
f 16266 16253 16265
f 16263 16268 16269
f 16263 16269 16264
f 16256 16255 16254
f 16260 16259 16261
f 16270 16254 16253
f 16270 16262 16261
f 16270 16263 16262
f 16270 16266 16267
f 16270 16267 16268
f 16270 16253 16266
f 16270 16268 16263
f 16271 16257 16256
f 16271 16258 16257
f 16271 16259 16258
f 16271 16254 16270
f 16271 16270 16261
f 16271 16256 16254
f 16271 16261 16259
f 16280 16282 16281
f 16290 16283 16282
f 16290 16284 16283
f 16290 16282 16280
f 16289 16280 16279
f 16289 16290 16280
f 16288 16279 16278
f 16288 16289 16279
f 16287 16278 16277
f 16287 16288 16278
f 16286 16277 16276
f 16286 16287 16277
f 16285 16286 16276
f 16274 16276 16275
f 16274 16285 16276
f 16273 16285 16274
f 16272 16285 16273
f 16302 16300 16299
f 16302 16301 16300
f 16307 16303 16302
f 16293 16295 16294
f 16293 16296 16295
f 16291 16304 16292
f 16308 16293 16292
f 16308 16297 16296
f 16308 16298 16297
f 16308 16299 16298
f 16308 16304 16305
f 16308 16305 16306
f 16308 16306 16307
f 16308 16302 16299
f 16308 16307 16302
f 16308 16296 16293
f 16308 16292 16304
f 16319 16318 16317
f 16312 16314 16313
f 16326 16321 16320
f 16309 16322 16310
f 16327 16312 16311
f 16327 16315 16314
f 16327 16316 16315
f 16327 16317 16316
f 16327 16319 16317
f 16327 16314 16312
f 16328 16311 16310
f 16328 16320 16319
f 16328 16319 16327
f 16328 16327 16311
f 16329 16322 16323
f 16329 16323 16324
f 16329 16324 16325
f 16329 16325 16326
f 16329 16328 16310
f 16329 16320 16328
f 16329 16326 16320
f 16329 16310 16322
f 16337 16339 16338
f 16337 16345 16339
f 16336 16344 16345
f 16336 16345 16337
f 16335 16342 16343
f 16335 16343 16344
f 16335 16344 16336
f 16334 16342 16335
f 16333 16340 16341
f 16333 16341 16342
f 16333 16342 16334
f 16332 16340 16333
f 16331 16330 16340
f 16331 16340 16332
f 16347 16346 16359
f 16349 16348 16347
f 16350 16349 16347
f 16357 16362 16358
f 16354 16353 16356
f 16355 16354 16356
f 16363 16351 16350
f 16363 16352 16351
f 16363 16353 16352
f 16363 16357 16356
f 16363 16359 16360
f 16363 16360 16361
f 16363 16361 16362
f 16363 16347 16359
f 16363 16362 16357
f 16363 16350 16347
f 16363 16356 16353
f 16380 16373 16372
f 16380 16374 16373
f 16379 16372 16371
f 16379 16380 16372
f 16376 16369 16368
f 16366 16368 16367
f 16375 16376 16368
f 16365 16368 16366
f 16365 16375 16368
f 16364 16375 16365
f 16381 16370 16369
f 16381 16371 16370
f 16381 16376 16377
f 16381 16377 16378
f 16381 16378 16379
f 16381 16379 16371
f 16381 16369 16376
f 16382 16384 16383
f 16392 16385 16384
f 16392 16384 16382
f 16393 16386 16385
f 16393 16385 16392
f 16394 16387 16386
f 16394 16386 16393
f 16395 16388 16387
f 16395 16387 16394
f 16396 16389 16388
f 16396 16388 16395
f 16397 16389 16396
f 16391 16390 16389
f 16391 16389 16397
f 16413 16399 16398
f 16400 16399 16413
f 16404 16401 16400
f 16404 16402 16401
f 16404 16403 16402
f 16404 16400 16413
f 16405 16413 16414
f 16405 16404 16413
f 16406 16414 16415
f 16406 16405 16414
f 16407 16415 16416
f 16407 16406 16415
f 16411 16417 16412
f 16410 16417 16411
f 16408 16416 16417
f 16408 16407 16416
f 16408 16417 16410
f 16409 16408 16410
f 16424 16426 16425
f 16427 16426 16424
f 16434 16428 16427
f 16434 16427 16424
f 16433 16424 16423
f 16433 16434 16424
f 16430 16421 16420
f 16429 16420 16419
f 16429 16430 16420
f 16418 16429 16419
f 16435 16422 16421
f 16435 16423 16422
f 16435 16430 16431
f 16435 16431 16432
f 16435 16432 16433
f 16435 16433 16423
f 16435 16421 16430
f 16445 16447 16446
f 16448 16447 16445
f 16454 16445 16444
f 16454 16449 16448
f 16454 16448 16445
f 16453 16444 16443
f 16453 16454 16444
f 16452 16443 16442
f 16452 16453 16443
f 16451 16442 16441
f 16451 16452 16442
f 16439 16441 16440
f 16438 16441 16439
f 16450 16451 16441
f 16450 16441 16438
f 16437 16450 16438
f 16436 16450 16437
f 16469 16456 16455
f 16457 16456 16469
f 16459 16458 16457
f 16459 16469 16470
f 16459 16457 16469
f 16460 16470 16471
f 16460 16459 16470
f 16461 16471 16472
f 16461 16460 16471
f 16462 16472 16473
f 16462 16461 16472
f 16467 16473 16468
f 16466 16473 16467
f 16463 16462 16473
f 16463 16473 16466
f 16465 16463 16466
f 16464 16463 16465
f 16486 16476 16477
f 16475 16476 16486
f 16478 16474 16475
f 16478 16475 16486
f 16479 16486 16487
f 16479 16478 16486
f 16482 16489 16490
f 16483 16490 16485
f 16483 16482 16490
f 16484 16483 16485
f 16491 16480 16479
f 16491 16481 16480
f 16491 16482 16481
f 16491 16487 16488
f 16491 16488 16489
f 16491 16489 16482
f 16491 16479 16487
f 16500 16502 16501
f 16503 16502 16500
f 16511 16504 16503
f 16511 16505 16504
f 16511 16506 16505
f 16511 16503 16500
f 16510 16500 16499
f 16510 16511 16500
f 16509 16499 16498
f 16509 16510 16499
f 16508 16498 16497
f 16508 16509 16498
f 16494 16496 16495
f 16493 16496 16494
f 16507 16497 16496
f 16507 16508 16497
f 16507 16496 16493
f 16492 16507 16493
f 16519 16521 16520
f 16519 16526 16527
f 16519 16527 16521
f 16518 16525 16526
f 16518 16526 16519
f 16517 16525 16518
f 16516 16524 16525
f 16516 16525 16517
f 16515 16522 16523
f 16515 16523 16524
f 16515 16524 16516
f 16514 16512 16522
f 16514 16522 16515
f 16513 16512 16514
f 16530 16529 16528
f 16530 16528 16540
f 16531 16540 16541
f 16531 16530 16540
f 16534 16543 16544
f 16538 16544 16539
f 16535 16534 16544
f 16537 16544 16538
f 16537 16535 16544
f 16536 16535 16537
f 16545 16532 16531
f 16545 16533 16532
f 16545 16534 16533
f 16545 16541 16542
f 16545 16542 16543
f 16545 16543 16534
f 16545 16531 16541
f 16555 16554 16553
f 16562 16556 16555
f 16561 16562 16555
f 16548 16550 16549
f 16557 16558 16547
f 16546 16557 16547
f 16563 16548 16547
f 16563 16551 16550
f 16563 16552 16551
f 16563 16553 16552
f 16563 16558 16559
f 16563 16559 16560
f 16563 16560 16561
f 16563 16555 16553
f 16563 16550 16548
f 16563 16561 16555
f 16563 16547 16558
f 16564 16566 16565
f 16574 16567 16566
f 16574 16566 16564
f 16575 16567 16574
f 16576 16568 16567
f 16576 16567 16575
f 16577 16569 16568
f 16577 16568 16576
f 16578 16570 16569
f 16578 16569 16577
f 16579 16571 16570
f 16579 16570 16578
f 16573 16572 16571
f 16573 16571 16579
f 16581 16580 16594
f 16592 16597 16593
f 16584 16583 16582
f 16589 16588 16590
f 16598 16592 16591
f 16598 16594 16595
f 16598 16595 16596
f 16598 16596 16597
f 16598 16581 16594
f 16598 16597 16592
f 16599 16582 16581
f 16599 16591 16590
f 16599 16598 16591
f 16599 16581 16598
f 16600 16585 16584
f 16600 16586 16585
f 16600 16587 16586
f 16600 16588 16587
f 16600 16599 16590
f 16600 16584 16582
f 16600 16582 16599
f 16600 16590 16588
f 16602 16601 16612
f 16602 16612 16613
f 16604 16603 16602
f 16610 16616 16617
f 16610 16617 16611
f 16608 16607 16609
f 16618 16605 16604
f 16618 16606 16605
f 16618 16607 16606
f 16618 16610 16609
f 16618 16613 16614
f 16618 16614 16615
f 16618 16615 16616
f 16618 16602 16613
f 16618 16616 16610
f 16618 16604 16602
f 16618 16609 16607
f 16633 16620 16619
f 16623 16621 16620
f 16623 16622 16621
f 16623 16620 16633
f 16624 16633 16634
f 16624 16623 16633
f 16625 16634 16635
f 16625 16624 16634
f 16626 16635 16636
f 16626 16625 16635
f 16627 16636 16637
f 16627 16626 16636
f 16628 16627 16637
f 16631 16637 16632
f 16631 16628 16637
f 16630 16628 16631
f 16629 16628 16630
f 16649 16648 16647
f 16646 16649 16647
f 16641 16643 16642
f 16641 16644 16643
f 16655 16651 16650
f 16638 16652 16639
f 16656 16640 16639
f 16656 16641 16640
f 16656 16645 16644
f 16656 16646 16645
f 16656 16650 16649
f 16656 16649 16646
f 16656 16644 16641
f 16657 16652 16653
f 16657 16653 16654
f 16657 16654 16655
f 16657 16650 16656
f 16657 16655 16650
f 16657 16656 16639
f 16657 16639 16652
f 16672 16659 16658
f 16673 16659 16672
f 16660 16659 16673
f 16662 16661 16660
f 16663 16660 16673
f 16663 16662 16660
f 16670 16676 16677
f 16670 16677 16671
f 16669 16667 16666
f 16669 16676 16670
f 16669 16666 16676
f 16668 16667 16669
f 16678 16664 16663
f 16678 16665 16664
f 16678 16666 16665
f 16678 16673 16674
f 16678 16674 16675
f 16678 16675 16676
f 16678 16663 16673
f 16678 16676 16666
f 16688 16690 16689
f 16688 16691 16690
f 16697 16688 16687
f 16697 16692 16691
f 16697 16691 16688
f 16696 16687 16686
f 16696 16697 16687
f 16695 16686 16685
f 16695 16696 16686
f 16694 16685 16684
f 16694 16695 16685
f 16693 16684 16683
f 16693 16694 16684
f 16681 16683 16682
f 16680 16693 16683
f 16680 16683 16681
f 16679 16693 16680
f 16711 16699 16698
f 16711 16700 16699
f 16702 16701 16700
f 16702 16711 16712
f 16702 16700 16711
f 16703 16712 16713
f 16703 16702 16712
f 16704 16713 16714
f 16704 16703 16713
f 16705 16714 16715
f 16705 16704 16714
f 16706 16715 16716
f 16706 16705 16715
f 16709 16716 16710
f 16708 16706 16716
f 16708 16716 16709
f 16707 16706 16708
f 16726 16728 16727
f 16725 16728 16726
f 16729 16728 16725
f 16736 16730 16729
f 16735 16729 16725
f 16735 16736 16729
f 16719 16721 16720
f 16719 16722 16721
f 16732 16722 16719
f 16718 16731 16732
f 16718 16732 16719
f 16717 16731 16718
f 16737 16723 16722
f 16737 16724 16723
f 16737 16725 16724
f 16737 16732 16733
f 16737 16733 16734
f 16737 16734 16735
f 16737 16735 16725
f 16737 16722 16732
f 16739 16738 16751
f 16752 16739 16751
f 16749 16754 16755
f 16749 16755 16750
f 16742 16741 16740
f 16746 16745 16747
f 16756 16740 16739
f 16756 16748 16747
f 16756 16749 16748
f 16756 16752 16753
f 16756 16753 16754
f 16756 16739 16752
f 16756 16754 16749
f 16757 16743 16742
f 16757 16744 16743
f 16757 16745 16744
f 16757 16740 16756
f 16757 16756 16747
f 16757 16742 16740
f 16757 16747 16745
f 16766 16768 16767
f 16776 16769 16768
f 16776 16770 16769
f 16776 16768 16766
f 16775 16766 16765
f 16775 16776 16766
f 16774 16765 16764
f 16774 16775 16765
f 16773 16764 16763
f 16773 16774 16764
f 16772 16763 16762
f 16772 16773 16763
f 16771 16772 16762
f 16760 16762 16761
f 16760 16771 16762
f 16759 16771 16760
f 16758 16771 16759
f 16788 16786 16785
f 16788 16787 16786
f 16793 16789 16788
f 16779 16781 16780
f 16779 16782 16781
f 16777 16790 16778
f 16794 16779 16778
f 16794 16783 16782
f 16794 16784 16783
f 16794 16785 16784
f 16794 16790 16791
f 16794 16791 16792
f 16794 16792 16793
f 16794 16788 16785
f 16794 16793 16788
f 16794 16782 16779
f 16794 16778 16790
f 16805 16804 16803
f 16798 16800 16799
f 16812 16807 16806
f 16795 16808 16796
f 16813 16798 16797
f 16813 16801 16800
f 16813 16802 16801
f 16813 16803 16802
f 16813 16805 16803
f 16813 16800 16798
f 16814 16797 16796
f 16814 16806 16805
f 16814 16805 16813
f 16814 16813 16797
f 16815 16808 16809
f 16815 16809 16810
f 16815 16810 16811
f 16815 16811 16812
f 16815 16814 16796
f 16815 16806 16814
f 16815 16812 16806
f 16815 16796 16808
f 16824 16831 16825
f 16823 16830 16831
f 16823 16831 16824
f 16822 16829 16830
f 16822 16830 16823
f 16821 16828 16829
f 16821 16829 16822
f 16820 16827 16828
f 16820 16828 16821
f 16819 16826 16827
f 16819 16827 16820
f 16818 16816 16826
f 16818 16826 16819
f 16817 16816 16818
f 16833 16832 16845
f 16835 16834 16833
f 16836 16835 16833
f 16843 16848 16844
f 16840 16839 16842
f 16841 16840 16842
f 16849 16837 16836
f 16849 16838 16837
f 16849 16839 16838
f 16849 16843 16842
f 16849 16845 16846
f 16849 16846 16847
f 16849 16847 16848
f 16849 16833 16845
f 16849 16848 16843
f 16849 16836 16833
f 16849 16842 16839
f 16866 16859 16858
f 16866 16860 16859
f 16865 16858 16857
f 16865 16866 16858
f 16862 16855 16854
f 16852 16854 16853
f 16861 16862 16854
f 16851 16854 16852
f 16851 16861 16854
f 16850 16861 16851
f 16867 16856 16855
f 16867 16857 16856
f 16867 16862 16863
f 16867 16863 16864
f 16867 16864 16865
f 16867 16865 16857
f 16867 16855 16862
f 16868 16870 16869
f 16878 16871 16870
f 16878 16870 16868
f 16879 16872 16871
f 16879 16871 16878
f 16880 16873 16872
f 16880 16872 16879
f 16881 16874 16873
f 16881 16873 16880
f 16882 16875 16874
f 16882 16874 16881
f 16883 16876 16875
f 16883 16875 16882
f 16877 16876 16883
f 16899 16885 16884
f 16886 16885 16899
f 16890 16887 16886
f 16890 16888 16887
f 16890 16889 16888
f 16890 16886 16899
f 16891 16899 16900
f 16891 16890 16899
f 16892 16900 16901
f 16892 16891 16900
f 16893 16901 16902
f 16893 16892 16901
f 16897 16903 16898
f 16896 16903 16897
f 16894 16902 16903
f 16894 16893 16902
f 16894 16903 16896
f 16895 16894 16896
f 16910 16914 16911
f 16913 16914 16910
f 16920 16912 16913
f 16920 16913 16910
f 16919 16910 16909
f 16919 16920 16910
f 16916 16907 16906
f 16915 16906 16905
f 16915 16916 16906
f 16904 16915 16905
f 16921 16908 16907
f 16921 16909 16908
f 16921 16916 16917
f 16921 16917 16918
f 16921 16918 16919
f 16921 16919 16909
f 16921 16907 16916
f 16928 16933 16927
f 16934 16933 16928
f 16940 16928 16929
f 16940 16935 16934
f 16940 16934 16928
f 16939 16929 16930
f 16939 16940 16929
f 16938 16930 16931
f 16938 16939 16930
f 16937 16931 16932
f 16937 16938 16931
f 16925 16932 16926
f 16924 16932 16925
f 16936 16937 16932
f 16936 16932 16924
f 16923 16936 16924
f 16922 16936 16923
f 16956 16944 16945
f 16956 16957 16944
f 16958 16944 16957
f 16955 16956 16945
f 16959 16944 16958
f 16954 16955 16945
f 16960 16944 16959
f 16953 16954 16945
f 16943 16960 16961
f 16943 16944 16960
f 16952 16953 16945
f 16962 16943 16961
f 16951 16952 16945
f 16963 16943 16962
f 16964 16943 16963
f 16946 16949 16950
f 16946 16950 16951
f 16946 16951 16945
f 16948 16949 16946
f 16947 16948 16946
f 16942 16964 16965
f 16942 16965 16966
f 16942 16966 16967
f 16942 16967 16968
f 16942 16968 16969
f 16942 16943 16964
f 16941 16969 16970
f 16941 16970 16971
f 16941 16971 16972
f 16941 16972 16947
f 16941 16947 16946
f 16941 16942 16969
f 16973 16976 16975
f 16978 16973 16974
f 16978 16976 16973
f 16979 16976 16978
f 16980 16976 16979
f 16977 16976 16980
f 16982 16983 16981
f 16985 16983 16982
f 16986 16983 16985
f 16983 16986 16984
f 16988 16989 16987
f 16993 16989 16988
f 16994 16989 16993
f 16995 16989 16994
f 16991 16989 16995
f 16990 16991 16992
f 16990 16989 16991
f 17001 17000 16999
f 17004 17001 16999
f 17003 17004 16999
f 17002 17003 16999
f 16998 16999 16996
f 16998 17002 16999
f 16997 16998 16996
f 17008 17007 17005
f 17010 17008 17005
f 17009 17010 17005
f 17006 17009 17005
f 17016 17011 17012
f 17017 17011 17016
f 17018 17011 17017
f 17014 17013 17011
f 17014 17011 17018
f 17015 17014 17018
f 17042 17022 17041
f 17040 17022 17023
f 17040 17041 17022
f 17043 17022 17042
f 17039 17040 17023
f 17044 17022 17043
f 17038 17039 17023
f 17045 17022 17044
f 17037 17038 17023
f 17021 17022 17045
f 17046 17021 17045
f 17036 17037 17023
f 17047 17021 17046
f 17048 17021 17047
f 17049 17021 17048
f 17024 17033 17034
f 17024 17034 17035
f 17024 17035 17036
f 17024 17036 17023
f 17032 17033 17024
f 17031 17032 17024
f 17020 17025 17026
f 17020 17026 17027
f 17020 17049 17050
f 17020 17050 17025
f 17020 17021 17049
f 17019 17027 17028
f 17019 17028 17029
f 17019 17029 17030
f 17019 17030 17031
f 17019 17031 17024
f 17019 17020 17027
f 17051 17054 17053
f 17056 17051 17052
f 17056 17054 17051
f 17057 17054 17056
f 17058 17054 17057
f 17055 17054 17058
f 17060 17061 17059
f 17063 17061 17060
f 17064 17061 17063
f 17061 17064 17062
f 17066 17067 17065
f 17071 17067 17066
f 17072 17067 17071
f 17073 17067 17072
f 17069 17067 17073
f 17068 17069 17070
f 17068 17067 17069
f 17079 17078 17077
f 17082 17079 17077
f 17081 17082 17077
f 17080 17081 17077
f 17076 17077 17074
f 17076 17080 17077
f 17075 17076 17074
f 17086 17085 17083
f 17088 17086 17083
f 17087 17088 17083
f 17084 17087 17083
f 17094 17089 17090
f 17095 17089 17094
f 17096 17089 17095
f 17092 17091 17089
f 17092 17089 17096
f 17093 17092 17096
f 17107 17100 17106
f 17105 17100 17101
f 17105 17106 17100
f 17108 17100 17107
f 17104 17105 17101
f 17109 17100 17108
f 17103 17104 17101
f 17110 17100 17109
f 17128 17103 17101
f 17099 17100 17110
f 17111 17099 17110
f 17127 17128 17101
f 17112 17099 17111
f 17113 17099 17112
f 17114 17099 17113
f 17102 17124 17125
f 17102 17125 17126
f 17102 17126 17127
f 17102 17127 17101
f 17123 17124 17102
f 17122 17123 17102
f 17098 17114 17115
f 17098 17115 17116
f 17098 17116 17117
f 17098 17117 17118
f 17098 17099 17114
f 17097 17118 17119
f 17097 17119 17120
f 17097 17120 17121
f 17097 17121 17122
f 17097 17098 17118
f 17097 17122 17102
f 17129 17132 17131
f 17134 17129 17130
f 17134 17132 17129
f 17135 17132 17134
f 17136 17132 17135
f 17133 17132 17136
f 17138 17139 17137
f 17141 17139 17138
f 17142 17139 17141
f 17139 17142 17140
f 17144 17145 17143
f 17149 17145 17144
f 17150 17145 17149
f 17151 17145 17150
f 17147 17145 17151
f 17146 17147 17148
f 17146 17145 17147
f 17157 17156 17155
f 17160 17157 17155
f 17159 17160 17155
f 17158 17159 17155
f 17154 17155 17152
f 17154 17158 17155
f 17153 17154 17152
f 17164 17163 17161
f 17166 17164 17161
f 17165 17166 17161
f 17162 17165 17161
f 17172 17167 17168
f 17173 17167 17172
f 17174 17167 17173
f 17170 17169 17167
f 17170 17167 17174
f 17171 17170 17174
f 17203 17178 17179
f 17203 17204 17178
f 17205 17178 17204
f 17202 17203 17179
f 17206 17178 17205
f 17201 17202 17179
f 17181 17178 17206
f 17200 17201 17179
f 17177 17181 17182
f 17177 17178 17181
f 17199 17200 17179
f 17183 17177 17182
f 17198 17199 17179
f 17184 17177 17183
f 17185 17177 17184
f 17180 17196 17197
f 17180 17197 17198
f 17180 17198 17179
f 17195 17196 17180
f 17194 17195 17180
f 17176 17185 17186
f 17176 17186 17187
f 17176 17187 17188
f 17176 17188 17189
f 17176 17189 17190
f 17176 17177 17185
f 17175 17190 17191
f 17175 17191 17192
f 17175 17192 17193
f 17175 17193 17194
f 17175 17176 17190
f 17175 17194 17180
f 17207 17210 17209
f 17212 17207 17208
f 17212 17210 17207
f 17213 17210 17212
f 17214 17210 17213
f 17211 17210 17214
f 17216 17217 17215
f 17219 17217 17216
f 17220 17217 17219
f 17217 17220 17218
f 17222 17223 17221
f 17227 17223 17222
f 17228 17223 17227
f 17229 17223 17228
f 17225 17223 17229
f 17224 17225 17226
f 17224 17223 17225
f 17235 17234 17233
f 17238 17235 17233
f 17237 17238 17233
f 17236 17237 17233
f 17232 17233 17230
f 17232 17236 17233
f 17231 17232 17230
f 17242 17241 17239
f 17244 17242 17239
f 17243 17244 17239
f 17240 17243 17239
f 17250 17245 17246
f 17251 17245 17250
f 17252 17245 17251
f 17248 17247 17245
f 17248 17245 17252
f 17249 17248 17252
f 17254 17257 17253
f 17254 17258 17257
f 17254 17259 17258
f 17255 17259 17254
f 17256 17260 17259
f 17256 17259 17255
f 17262 17265 17261
f 17262 17266 17265
f 17263 17267 17266
f 17263 17268 17267
f 17263 17266 17262
f 17264 17268 17263
f 17270 17273 17269
f 17270 17274 17273
f 17271 17275 17274
f 17271 17276 17275
f 17271 17274 17270
f 17272 17276 17271
f 17278 17281 17277
f 17278 17282 17281
f 17279 17283 17282
f 17279 17284 17283
f 17279 17282 17278
f 17280 17284 17279

