timestamp_ns,activated,going_to_position,status,object_status,fault,position_request_echo,position,current_raw,current_a,link_up,timestamp_ns
1780984941148671164,,,,,,,,,,,
1780984941248794440,true,false,3,3,0,0,0,0,0.0,true,1780984941245572634
1780984941349040996,true,false,3,3,0,0,0,0,0.0,true,1780984941321168174
1780984941449664017,true,false,3,3,0,0,0,0,0.0,true,1780984941321168174
1780984941549389636,true,false,3,3,0,0,0,0,0.0,true,1780984941542846065
1780984941649420345,true,false,3,3,0,0,0,0,0.0,true,1780984941586325201
1780984941749543532,true,false,3,3,0,0,0,0,0.0,true,1780984941586325201
1780984941849420762,true,false,3,3,0,0,0,0,0.0,true,1780984941842816045
1780984941949419462,true,false,3,3,0,0,0,0,0.0,true,1780984941905975693
1780984942049436456,true,false,3,3,0,0,0,0,0.0,true,1780984941905975693
1780984942148923259,true,false,3,3,0,0,0,0,0.0,true,1780984942148796340
1780984942249218237,true,false,3,3,0,0,0,0,0.0,true,1780984942168707452
1780984942349689242,true,false,3,3,0,0,0,0,0.0,true,1780984942343054465
1780984942449452104,true,false,3,3,0,0,0,0,0.0,true,1780984942422300317
1780984942548960413,true,false,3,3,0,0,0,0,0.0,true,1780984942422300317
1780984942649482548,true,false,3,3,0,0,0,0,0.0,true,1780984942643017483
1780984942749837471,true,false,3,3,0,0,0,0,0.0,true,1780984942679175229
1780984942849025407,true,false,3,3,0,0,0,0,0.0,true,1780984942679175229
1780984942949609230,true,false,3,3,0,0,0,0,0.0,true,1780984942934426708
1780984943049692820,true,false,3,3,0,0,0,0,0.0,true,1780984942934426708
1780984943149595904,true,false,3,3,0,0,0,0,0.0,true,1780984943143124580
1780984943248873522,true,false,3,3,0,0,0,0,0.0,true,1780984943204381887
1780984943349258992,true,false,3,3,0,0,0,0,0.0,true,1780984943204381887
1780984943449006995,true,false,3,3,0,0,0,0,0.0,true,1780984943442293943
1780984943549665246,true,false,3,3,0,0,0,0,0.0,true,1780984943460178360
1780984943649240519,true,false,3,3,0,0,0,0,0.0,true,1780984943649075730
1780984943749580310,true,false,3,3,0,0,0,0,0.0,true,1780984943710408429
1780984943849133268,true,false,3,3,0,0,0,0,0.0,true,1780984943710408429
1780984943950026129,true,false,3,3,0,0,0,0,0.0,true,1780984943938988745
1780984944048963997,true,false,3,3,0,0,0,0,0.0,true,1780984944011142802
1780984944149149033,true,false,3,3,0,0,0,0,0.0,true,1780984944011142802
1780984944248817752,true,false,3,3,0,0,0,0,0.0,true,1780984944011142802
1780984944349207308,true,false,3,3,0,0,0,0,0.0,true,1780984944329937269
1780984944448963952,true,false,3,3,0,0,0,0,0.0,true,1780984944329937269
1780984944549496663,true,false,3,3,0,0,0,0,0.0,true,1780984944542981873
1780984944650348170,true,false,3,3,0,0,0,0,0.0,true,1780984944623639823
1780984944749553515,true,false,3,3,0,0,0,0,0.0,true,1780984944623639823
1780984944849091441,true,false,3,3,0,0,0,0,0.0,true,1780984944840528038
1780984944949058694,true,false,3,3,0,0,0,0,0.0,true,1780984944899263783
1780984945049211680,true,false,3,3,0,0,0,0,0.0,true,1780984944899263783
1780984945148643233,true,false,3,3,0,0,0,0,0.0,true,1780984945148209114
1780984945249511975,true,false,3,3,0,0,0,0,0.0,true,1780984945186275139
1780984945349436169,true,false,3,3,0,0,0,0,0.0,true,1780984945186275139
1780984945450697352,true,false,3,3,0,0,0,0,0.0,true,1780984945442770523
1780984945548927846,true,false,3,3,0,0,0,0,0.0,true,1780984945442770523
1780984945648747960,true,false,3,3,0,0,0,0,0.0,true,1780984945647256669
1780984945749013242,true,false,3,3,0,0,0,0,0.0,true,1780984945710891446
1780984945848956773,true,false,3,3,0,0,0,0,0.0,true,1780984945710891446
1780984945949695073,true,false,3,3,0,0,0,0,0.0,true,1780984945931805327
1780984946050634409,true,false,3,3,0,0,0,0,0.0,true,1780984945974961575
1780984946149612810,true,false,3,3,0,0,0,0,0.0,true,1780984945974961575
1780984946251897642,true,false,3,3,0,0,0,0,0.0,true,1780984946240605111
1780984946349007890,true,false,3,3,0,0,0,0,0.0,true,1780984946240605111
1780984946449316837,true,false,3,3,0,0,0,0,0.0,true,1780984946240605111
1780984946551425557,true,false,3,3,0,0,0,0,0.0,true,1780984946540124255
1780984946649491296,true,false,3,3,0,0,0,0,0.0,true,1780984946540124255
1780984946749329684,true,false,3,3,0,0,0,0,0.0,true,1780984946734753535
1780984946849695986,true,false,3,3,0,0,0,0,0.0,true,1780984946815574068
1780984946949459637,true,false,3,3,0,0,0,0,0.0,true,1780984946815574068
1780984947049060336,true,false,3,3,0,0,0,0,0.0,true,1780984947027691648
1780984947149836889,true,false,3,3,0,0,0,0,0.0,true,1780984947086993849
1780984947248759025,true,false,3,3,0,0,0,0,0.0,true,1780984947086993849
1780984947350685413,true,false,3,3,0,0,0,0,0.0,true,1780984947340996553
1780984947449460918,true,false,3,3,0,0,0,0,0.0,true,1780984947340996553
1780984947548759830,true,false,3,3,0,0,0,0,0.0,true,1780984947340996553
1780984947649724102,true,false,3,3,0,0,0,0,0.0,true,1780984947633228090
1780984947749131827,true,false,3,3,0,0,0,0,0.0,true,1780984947633228090
1780984947848801836,true,false,3,3,0,0,0,0,0.0,true,1780984947845212784
1780984947948889530,true,false,3,3,0,0,0,0,0.0,true,1780984947905434858
1780984948048911900,true,false,3,3,0,0,0,0,0.0,true,1780984947905434858
1780984948149642811,true,false,3,3,0,0,0,0,0.0,true,1780984948139795366
1780984948248963050,true,false,3,3,0,0,0,0,0.0,true,1780984948159452587
1780984948349557880,true,false,3,3,0,0,0,0,0.0,true,1780984948337765022
1780984948451628810,true,false,3,3,0,0,0,0,0.0,true,1780984948417340998
1780984948548893143,true,false,3,3,0,0,0,0,0.0,true,1780984948417340998
1780984948649432337,true,false,3,3,0,0,0,0,0.0,true,1780984948642720817
1780984948749595016,true,false,3,3,0,0,0,0,0.0,true,1780984948681901972
1780984948848902582,true,false,3,3,0,0,0,0,0.0,true,1780984948681901972
1780984948949724703,true,false,3,3,0,0,0,0,0.0,true,1780984948938351689
1780984949048905921,true,false,3,3,0,0,0,0,0.0,true,1780984948938351689
1780984949149336555,true,false,3,3,0,0,0,0,0.0,true,1780984949131604004
1780984949249658033,true,false,3,3,0,0,0,0,0.0,true,1780984949211343872
1780984949349179057,true,false,3,3,0,0,0,0,0.0,true,1780984949211343872
1780984949449392128,true,false,3,3,0,0,0,0,0.0,true,1780984949441685389
1780984949549537577,true,false,3,3,0,0,0,0,0.0,true,1780984949480832342
1780984949649048299,true,false,3,3,0,0,0,0,0.0,true,1780984949480832342
1780984949748805190,true,false,3,3,0,0,0,0,0.0,true,1780984949745195418
1780984949850959820,true,false,3,3,0,0,0,0,0.0,true,1780984949745195418
1780984949949764882,true,false,3,3,0,0,0,0,0.0,true,1780984949745195418
1780984950049150537,true,false,3,3,0,0,0,0,0.0,true,1780984950038563106
1780984950149618766,true,false,3,3,0,0,0,0,0.0,true,1780984950059679009
1780984950248844405,true,false,3,3,0,0,0,0,0.0,true,1780984950059679009
1780984950349680249,true,false,3,3,0,0,0,0,0.0,true,1780984950331738525
1780984950449710993,true,false,3,3,0,0,0,0,0.0,true,1780984950331738525
1780984950548878181,true,false,3,3,0,0,0,0,0.0,true,1780984950535987833
1780984950649683562,true,false,3,3,0,0,0,0,0.0,true,1780984950597420775
1780984950749123597,true,false,3,3,0,0,0,0,0.0,true,1780984950597420775
1780984950848888226,true,false,3,3,0,0,0,0,0.0,true,1780984950841395380
1780984950949211475,true,false,3,3,0,0,0,0,0.0,true,1780984950858092428
1780984951049663975,true,false,3,3,0,0,0,0,0.0,true,1780984951036718903
1780984951149206197,true,false,3,3,0,0,0,0,0.0,true,1780984951117731529
1780984951249229703,true,false,3,3,0,0,0,0,0.0,true,1780984951117731529
1780984951349191593,true,false,3,3,0,0,0,0,0.0,true,1780984951335638732
1780984951449297708,true,false,3,3,0,0,0,0,0.0,true,1780984951395368632
1780984951548875684,true,false,3,3,0,0,0,0,0.0,true,1780984951395368632
1780984951649505907,true,false,3,3,0,0,0,0,0.0,true,1780984951626208533
1780984951749298190,true,false,3,3,0,0,0,0,0.0,true,1780984951650649505
1780984951849440410,true,false,3,3,0,0,0,0,0.0,true,1780984951832517185
1780984951948911182,true,false,3,3,0,0,0,0,0.0,true,1780984951911196023
1780984952049670730,true,false,3,3,0,0,0,0,0.0,true,1780984951911196023
1780984952149417493,true,false,3,3,0,0,0,0,0.0,true,1780984952146901730
1780984952249342725,true,false,3,3,0,0,0,0,0.0,true,1780984952167667359
1780984952349551116,true,false,3,3,0,0,0,0,0.0,true,1780984952338874523
1780984952449045550,true,false,3,3,0,0,0,0,0.0,true,1780984952417657555
1780984952549231753,true,false,3,3,0,0,0,0,0.0,true,1780984952417657555
1780984952649685107,true,false,3,3,0,0,0,0,0.0,true,1780984952636611885
1780984952750078404,true,false,3,3,0,0,0,0,0.0,true,1780984952675929396
1780984952849571977,true,false,3,3,0,0,0,0,0.0,true,1780984952675929396
1780984952949744239,true,false,3,3,0,0,0,0,0.0,true,1780984952933864185
1780984953049938872,true,false,3,3,0,0,0,0,0.0,true,1780984952933864185
1780984953149836785,true,false,3,3,0,0,0,0,0.0,true,1780984953138824380
1780984953249917790,true,false,3,3,0,0,0,0,0.0,true,1780984953196259033
1780984953349266905,true,false,3,3,0,0,0,0,0.0,true,1780984953196259033
1780984953451852621,true,false,3,3,0,0,0,0,0.0,true,1780984953442616768
1780984953548894150,true,false,3,3,0,0,0,0,0.0,true,1780984953442616768
1780984953648945186,true,false,3,3,0,0,0,0,0.0,true,1780984953646278437
1780984953749254757,true,false,3,3,0,0,0,0,0.0,true,1780984953686586828
1780984953849683556,true,false,3,3,0,0,0,0,0.0,true,1780984953827196247
1780984953953484045,true,false,3,3,0,0,0,0,0.0,true,1780984953948821308
1780984954054670305,true,false,3,3,0,0,0,0,0.0,true,1780984953948821308
1780984954154220714,true,false,3,3,0,0,0,0,0.0,true,1780984953948821308
1780984954254281981,true,false,3,3,0,0,0,0,0.0,true,1780984953948821308
1780984954353875172,true,false,3,3,0,0,0,0,0.0,true,1780984954352327051
1780984954454309422,true,false,3,3,0,0,0,0,0.0,true,1780984954408204533
1780984954554351262,true,false,3,3,0,0,0,0,0.0,true,1780984954408204533
1780984954654381959,true,false,3,3,0,0,0,0,0.0,true,1780984954646235000
1780984954753892168,true,false,3,3,0,0,0,0,0.0,true,1780984954664244118
1780984954853916930,true,false,3,3,0,0,0,0,0.0,true,1780984954836482056
1780984954954074383,true,false,3,3,0,0,0,0,0.0,true,1780984954952531616
1780984955054070930,true,false,3,3,0,0,0,0,0.0,true,1780984954999059480
1780984955154701268,true,false,3,3,0,0,0,0,0.0,true,1780984955135650256
1780984955253939056,true,false,3,3,0,0,0,0,0.0,true,1780984955155657284
1780984955354615907,true,false,3,3,0,0,0,0,0.0,true,1780984955352947827
1780984955456587632,true,false,3,3,0,0,0,0,0.0,true,1780984955451349347
1780984955553656744,true,false,3,3,0,0,0,0,0.0,true,1780984955471600710
1780984955653998259,true,false,3,3,0,0,0,0,0.0,true,1780984955636018374
1780984955753957179,true,false,3,3,0,0,0,0,0.0,true,1780984955740737922
1780984955853883636,true,false,3,3,0,0,0,0,0.0,true,1780984955779460620
1780984955954290581,true,false,3,3,0,0,0,0,0.0,true,1780984955950712171
1780984956053909073,true,false,3,3,0,0,0,0,0.0,true,1780984956031959748
1780984956153736365,true,false,3,3,0,0,0,0,0.0,true,1780984956103280925
1780984956254670159,true,false,3,3,0,0,0,0,0.0,true,1780984956103280925
1780984956353811912,true,false,3,3,0,0,0,0,0.0,true,1780984956345097064
1780984956454082124,true,false,3,3,0,0,0,0,0.0,true,1780984956416536552
1780984956556554052,true,false,3,3,0,0,0,0,0.0,true,1780984956416536552
1780984956654351487,true,false,3,3,0,0,0,0,0.0,true,1780984956641445447
1780984956754363792,true,false,3,3,0,0,0,0,0.0,true,1780984956747246679
1780984956854211098,true,false,3,3,0,0,0,0,0.0,true,1780984956789176716
1780984956954524484,true,false,3,3,0,0,0,0,0.0,true,1780984956945693953
1780984957053800447,true,false,3,3,0,0,0,0,0.0,true,1780984957047164435
1780984957154323239,true,false,3,3,0,0,0,0,0.0,true,1780984957084555055
1780984957253910117,true,false,3,3,0,0,0,0,0.0,true,1780984957251234453
1780984957353841969,true,false,3,3,0,0,0,0,0.0,true,1780984957332210574
1780984957458543823,true,false,3,3,0,0,0,0,0.0,true,1780984957375047586
1780984957559273323,true,false,3,3,0,0,0,0,0.0,true,1780984957557788406
1780984957658942793,true,false,3,3,0,0,0,0,0.0,true,1780984957641700469
1780984957759315667,true,false,3,3,0,0,0,0,0.0,true,1780984957677893430
1780984957859227668,true,false,3,3,0,0,0,0,0.0,true,1780984957677893430
1780984957960518662,true,false,3,3,0,0,0,0,0.0,true,1780984957955252925
1780984958059454636,true,false,3,3,0,0,0,0,0.0,true,1780984957991687467
1780984958159339170,true,false,3,3,0,0,0,0,0.0,true,1780984957991687467
1780984958260527573,true,false,3,3,0,0,0,0,0.0,true,1780984958250231641
1780984958358948184,true,false,3,3,0,0,0,0,0.0,true,1780984958296733178
1780984958459430802,true,false,3,3,0,0,0,0,0.0,true,1780984958296733178
1780984958559596483,true,false,3,3,0,0,0,0,0.0,true,1780984958548852470
1780984958659300642,true,false,3,3,0,0,0,0,0.0,true,1780984958596637673
1780984958758889514,true,false,3,3,0,0,0,0,0.0,true,1780984958596637673
1780984958861523527,true,false,3,3,0,0,0,0,0.0,true,1780984958854396731
1780984958959314340,true,false,3,3,0,0,0,0,0.0,true,1780984958890270201
1780984959059191276,true,false,3,3,0,0,0,0,0.0,true,1780984958890270201
1780984959158866928,true,false,3,3,0,0,0,0,0.0,true,1780984959140905048
1780984959262529957,true,false,3,3,0,0,0,0,0.0,true,1780984959215267850
1780984959359420004,true,false,3,3,0,0,0,0,0.0,true,1780984959215267850
1780984959459122667,true,false,3,3,0,0,0,0,0.0,true,1780984959455370123
1780984959558673421,true,false,3,3,0,0,0,0,0.0,true,1780984959530089675
1780984959659582071,true,false,3,3,0,0,0,0,0.0,true,1780984959555617785
1780984959758794113,true,false,3,3,0,0,0,0,0.0,true,1780984959754363081
1780984959858818152,true,false,3,3,0,0,0,0,0.0,true,1780984959837705848
1780984959959568914,true,false,3,3,0,0,0,0,0.0,true,1780984959837705848
1780984960058680216,true,false,3,3,0,0,0,0,0.0,true,1780984960058421708
1780984960159080357,true,false,3,3,0,0,0,0,0.0,true,1780984960155548181
1780984960259392613,true,false,3,3,0,0,0,0,0.0,true,1780984960168306205
1780984960359650118,true,false,3,3,0,0,0,0,0.0,true,1780984960349140548
1780984960459295034,true,false,3,3,0,0,0,0,0.0,true,1780984960452192402
1780984960561684798,true,false,3,3,0,0,0,0,0.0,true,1780984960465410527
1780984960659532395,true,false,3,3,0,0,0,0,0.0,true,1780984960643562837
1780984960758782576,true,false,3,3,0,0,0,0,0.0,true,1780984960722393174
1780984960859078420,true,false,3,3,0,0,0,0,0.0,true,1780984960776244972
1780984960958922993,true,false,3,3,0,0,0,0,0.0,true,1780984960948330054
1780984961059029324,true,false,3,3,0,0,0,0,0.0,true,1780984961027202742
1780984961159495260,true,false,3,3,0,0,0,0,0.0,true,1780984961071037312
1780984961259336089,true,false,3,3,0,0,0,0,0.0,true,1780984961251816954
1780984961359552354,true,false,3,3,0,0,0,0,0.0,true,1780984961346867734
1780984961459634815,true,false,3,3,0,0,0,0,0.0,true,1780984961384288060
1780984961559455764,true,false,3,3,0,0,0,0,0.0,true,1780984961384288060
1780984961658842973,true,false,3,3,0,0,0,0,0.0,true,1780984961641569292
1780984961759600342,true,false,3,3,0,0,0,0,0.0,true,1780984961692612501
1780984961858758880,true,false,3,3,0,0,0,0,0.0,true,1780984961692612501
1780984961959538214,true,false,3,3,0,0,0,0,0.0,true,1780984961947049363
1780984962059011529,true,false,3,3,0,0,0,0,0.0,true,1780984961998646856
1780984962158959774,true,false,3,3,0,0,0,0,0.0,true,1780984961998646856
1780984962260485969,true,false,3,3,0,0,0,0,0.0,true,1780984962247397819
1780984962359195184,true,false,3,3,0,0,0,0,0.0,true,1780984962294622304
1780984962459654996,true,false,3,3,0,0,0,0,0.0,true,1780984962294622304
1780984962561532188,true,false,3,3,0,0,0,0,0.0,true,1780984962549034051
1780984962658732154,true,false,3,3,0,0,0,0,0.0,true,1780984962590157650
1780984962759354887,true,false,3,3,0,0,0,0,0.0,true,1780984962590157650
1780984962858955664,true,false,3,3,0,0,0,0,0.0,true,1780984962845115434
1780984962962545232,true,false,3,3,0,0,0,0,0.0,true,1780984962911058026
1780984963059110550,true,false,3,3,0,0,0,0,0.0,true,1780984962911058026
1780984963159442913,true,false,3,3,0,0,0,0,0.0,true,1780984963154954169
1780984963259424232,true,false,3,3,0,0,0,0,0.0,true,1780984963199617368
1780984963358858535,true,false,3,3,0,0,0,0,0.0,true,1780984963199617368
1780984963458949855,true,false,3,3,0,0,0,0,0.0,true,1780984963454490611
1780984963558917625,true,false,3,3,0,0,0,0,0.0,true,1780984963551426344
1780984963660549815,true,false,3,3,0,0,0,0,0.0,true,1780984963561713350
1780984963758993634,true,false,3,3,0,0,0,0,0.0,true,1780984963751512187
1780984963861554189,true,false,3,3,0,0,0,0,0.0,true,1780984963848104634
1780984963961538731,true,false,3,3,0,0,0,0,0.0,true,1780984963869737785
1780984964058956183,true,false,3,3,0,0,0,0,0.0,true,1780984964048085549
1780984964159095397,true,false,3,3,0,0,0,0,0.0,true,1780984964148916120
1780984964258970461,true,false,3,3,0,0,0,0,0.0,true,1780984964162709186
1780984964358755412,true,false,3,3,0,0,0,0,0.0,true,1780984964355158644
1780984964459017349,true,false,3,3,0,0,0,0,0.0,true,1780984964432907887
1780984964559179212,true,false,3,3,0,0,0,0,0.0,true,1780984964488046317
1780984964659167206,true,false,3,3,0,0,0,0,0.0,true,1780984964488046317
1780984964758676365,true,false,3,3,0,0,0,0,0.0,true,1780984964744763078
1780984964859147587,true,false,3,3,0,0,0,0,0.0,true,1780984964809433591
1780984964959613958,true,false,3,3,0,0,0,0,0.0,true,1780984964809433591
1780984965058724863,true,false,3,3,0,0,0,0,0.0,true,1780984965056134832
1780984965158887362,true,false,3,3,0,0,0,0,0.0,true,1780984965120929177
1780984965258751137,true,false,3,3,0,0,0,0,0.0,true,1780984965120929177
1780984965359360552,true,false,3,3,0,0,0,0,0.0,true,1780984965356798648
1780984965460892087,true,false,3,3,0,0,0,0,0.0,true,1780984965427085846
1780984965559494730,true,false,3,3,0,0,0,0,0.0,true,1780984965427085846
1780984965658782168,true,false,3,3,0,0,0,0,0.0,true,1780984965640983532
1780984965758686416,true,false,3,3,0,0,0,0,0.0,true,1780984965726440495
1780984965859223796,true,false,3,3,0,0,0,0,0.0,true,1780984965726440495
1780984965959025494,true,false,3,3,0,0,0,0,0.0,true,1780984965957581454
1780984966059064895,true,false,3,3,0,0,0,0,0.0,true,1780984966030564393
1780984966158965378,true,false,3,3,0,0,0,0,0.0,true,1780984966030564393
1780984966259383707,true,false,3,3,0,0,0,0,0.0,true,1780984966247419307
1780984966358765446,true,false,3,3,0,0,0,0,0.0,true,1780984966338435324
1780984966458880340,true,false,3,3,0,0,0,0,0.0,true,1780984966338435324
1780984966558919258,true,false,3,3,0,0,0,0,0.0,true,1780984966545312283
1780984966658762748,true,false,3,3,0,0,0,0,0.0,true,1780984966625779782
1780984966759051806,true,false,3,3,0,0,0,0,0.0,true,1780984966625779782
1780984966859163594,true,false,3,3,0,0,0,0,0.0,true,1780984966846538318
1780984966963529566,true,false,3,3,0,0,0,0,0.0,true,1780984966931297106
1780984967059534405,true,false,3,3,0,0,0,0,0.0,true,1780984966931297106
1780984967158814617,true,false,3,3,0,0,0,0,0.0,true,1780984967149333819
1780984967262565324,true,false,3,3,0,0,0,0,0.0,true,1780984967233879185
1780984967359708844,true,false,3,3,0,0,0,0,0.0,true,1780984967233879185
1780984967458683583,true,false,3,3,0,0,0,0,0.0,true,1780984967439708772
1780984967559489228,true,false,3,3,0,0,0,0,0.0,true,1780984967545800054
1780984967659152248,true,false,3,3,0,0,0,0,0.0,true,1780984967545800054
1780984967758706477,true,false,3,3,0,0,0,0,0.0,true,1780984967736831058
1780984967859230014,true,false,3,3,0,0,0,0,0.0,true,1780984967824583109
1780984967958875558,true,false,3,3,0,0,0,0,0.0,true,1780984967873211209
1780984968059601227,true,false,3,3,0,0,0,0,0.0,true,1780984967873211209
1780984968159988317,true,false,3,3,0,0,0,0,0.0,true,1780984968151840187
1780984968259290252,true,false,3,3,0,0,0,0,0.0,true,1780984968193304970
1780984968358994230,true,false,3,3,0,0,0,0,0.0,true,1780984968193304970
1780984968458867546,true,false,3,3,0,0,0,0,0.0,true,1780984968453373591
1780984968559228530,true,false,3,3,0,0,0,0,0.0,true,1780984968540774426
1780984968658907178,true,false,3,3,0,0,0,0,0.0,true,1780984968540774426
1780984968759453073,true,false,3,3,0,0,0,0,0.0,true,1780984968750894657
1780984968858992979,true,false,3,3,0,0,0,0,0.0,true,1780984968838363103
1780984968959382279,true,false,3,3,0,0,0,0,0.0,true,1780984968838363103
1780984969059591607,true,false,3,3,0,0,0,0,0.0,true,1780984969057127079
1780984969159194856,true,false,3,3,0,0,0,0,0.0,true,1780984969145035616
1780984969259062129,true,false,3,3,0,0,0,0,0.0,true,1780984969145035616
1780984969359174522,true,false,3,3,0,0,0,0,0.0,true,1780984969351504121
1780984969459358913,true,false,3,3,0,0,0,0,0.0,true,1780984969455670521
1780984969559192026,true,false,3,3,0,0,0,0,0.0,true,1780984969474849352
1780984969659611407,true,false,3,3,0,0,0,0,0.0,true,1780984969652057294
1780984969759061074,true,false,3,3,0,0,0,0,0.0,true,1780984969731937337
1780984969859228168,true,false,3,3,0,0,0,0,0.0,true,1780984969794694124
1780984969959000512,true,false,3,3,0,0,0,0,0.0,true,1780984969794694124
1780984970059086690,true,false,3,3,0,0,0,0,0.0,true,1780984970043228231
1780984970159020478,true,false,3,3,0,0,0,0,0.0,true,1780984970117754638
1780984970258821582,true,false,3,3,0,0,0,0,0.0,true,1780984970117754638
1780984970359174305,true,false,3,3,0,0,0,0,0.0,true,1780984970355467509
1780984970459135379,true,false,3,3,0,0,0,0,0.0,true,1780984970450574007
1780984970559577077,true,false,3,3,0,0,0,0,0.0,true,1780984970504125872
1780984970659423934,true,false,3,3,0,0,0,0,0.0,true,1780984970641465820
1780984970759553849,true,false,3,3,0,0,0,0,0.0,true,1780984970750401280
1780984970858858898,true,false,3,3,0,0,0,0,0.0,true,1780984970790372422
1780984970959534644,true,false,3,3,0,0,0,0,0.0,true,1780984970950966178
1780984971059610346,true,false,3,3,0,0,0,0,0.0,true,1780984971040333808
1780984971162672942,true,false,3,3,0,0,0,0,0.0,true,1780984971085160973
1780984971259323892,true,false,3,3,0,0,0,0,0.0,true,1780984971245449550
1780984971358974636,true,false,3,3,0,0,0,0,0.0,true,1780984971351509220
1780984971459460993,true,false,3,3,0,0,0,0,0.0,true,1780984971351509220
1780984971559371419,true,false,3,3,0,0,0,0,0.0,true,1780984971557851910
1780984971661539767,true,false,3,3,0,0,0,0,0.0,true,1780984971639377723
1780984971758924585,true,false,3,3,0,0,0,0,0.0,true,1780984971639377723
1780984971858805310,true,false,3,3,0,0,0,0,0.0,true,1780984971847166633
1780984971958828514,true,false,3,3,0,0,0,0,0.0,true,1780984971937419665
1780984972058930235,true,false,3,3,0,0,0,0,0.0,true,1780984971937419665
1780984972158865763,true,false,3,3,0,0,0,0,0.0,true,1780984972158743207
1780984972259383049,true,false,3,3,0,0,0,0,0.0,true,1780984972251297499
1780984972358800830,true,false,3,3,0,0,0,0,0.0,true,1780984972251297499
1780984972458605242,true,false,3,3,0,0,0,0,0.0,true,1780984972458401476
1780984972558845354,true,false,3,3,0,0,0,0,0.0,true,1780984972545100779
1780984972660729692,true,false,3,3,0,0,0,0,0.0,true,1780984972545100779
1780984972759583182,true,false,3,3,0,0,0,0,0.0,true,1780984972744707230
1780984972859545412,true,false,3,3,0,0,0,0,0.0,true,1780984972851407207
1780984972958932968,true,false,3,3,0,0,0,0,0.0,true,1780984972851407207
1780984973059457899,true,false,3,3,0,0,0,0,0.0,true,1780984973044653190
1780984973162652381,true,false,3,3,0,0,0,0,0.0,true,1780984973149986677
1780984973261341803,true,false,3,3,0,0,0,0,0.0,true,1780984973149986677
1780984973358828231,true,false,3,3,0,0,0,0,0.0,true,1780984973346961380
1780984973463890533,true,false,3,3,0,0,0,0,0.0,true,1780984973448764887
1780984973565125446,true,false,3,3,0,0,0,0,0.0,true,1780984973448764887
1780984973665647680,true,false,3,3,0,0,0,0,0.0,true,1780984973664177859
1780984973768942126,true,false,3,3,0,0,0,0,0.0,true,1780984973751708195
1780984973870564406,true,false,3,3,0,0,0,0,0.0,true,1780984973751708195
1780984973970305538,true,false,3,3,0,0,0,0,0.0,true,1780984973964493709
1780984974071595737,true,false,3,3,0,0,0,0,0.0,true,1780984974058870049
1780984974169947226,true,false,3,3,0,0,0,0,0.0,true,1780984974058870049
1780984974269590934,true,false,3,3,0,0,0,0,0.0,true,1780984974266661903
1780984974370363146,true,false,3,3,0,0,0,0,0.0,true,1780984974364086456
1780984974469680155,true,false,3,3,0,0,0,0,0.0,true,1780984974376341017
1780984974569654430,true,false,3,3,0,0,0,0,0.0,true,1780984974376341017
1780984974671599633,true,false,3,3,0,0,0,0,0.0,true,1780984974663105497
1780984974770119397,true,false,3,3,0,0,0,0,0.0,true,1780984974712462968
1780984974870462600,true,false,3,3,0,0,0,0,0.0,true,1780984974712462968
1780984974970596138,true,false,3,3,0,0,0,0,0.0,true,1780984974969005994
1780984975070569745,true,false,3,3,0,0,0,0,0.0,true,1780984975065223678
1780984975169737218,true,false,3,3,0,0,0,0,0.0,true,1780984975091231396
1780984975270541801,true,false,3,3,0,0,0,0,0.0,true,1780984975091231396
1780984975370254168,true,false,3,3,0,0,0,0,0.0,true,1780984975367467150
1780984975473605738,true,false,3,3,0,0,0,0,0.0,true,1780984975417722452
1780984975570520837,true,false,3,3,0,0,0,0,0.0,true,1780984975417722452
1780984975670501300,true,false,3,3,0,0,0,0,0.0,true,1780984975667932044
1780984975769811646,true,false,3,3,0,0,0,0,0.0,true,1780984975749679609
1780984975870162389,true,false,3,3,0,0,0,0,0.0,true,1780984975749679609
1780984975970236502,true,false,3,3,0,0,0,0,0.0,true,1780984975959448958
1780984976072555429,true,false,3,3,0,0,0,0,0.0,true,1780984976046999926
1780984976170126234,true,false,3,3,0,0,0,0,0.0,true,1780984976046999926
1780984976270499133,true,false,3,3,0,0,0,0,0.0,true,1780984976268046096
1780984976370356068,true,false,3,3,0,0,0,0,0.0,true,1780984976332646470
1780984976470419109,true,false,3,3,0,0,0,0,0.0,true,1780984976332646470
1780984976569682702,true,false,3,3,0,0,0,0,0.0,true,1780984976560143222
1780984976669683418,true,false,3,3,0,0,0,0,0.0,true,1780984976620982579
1780984976769596766,true,false,3,3,0,0,0,0,0.0,true,1780984976620982579
1780984976869915673,true,false,3,3,0,0,0,0,0.0,true,1780984976863142072
1780984976970332230,true,false,3,3,0,0,0,0,0.0,true,1780984976914862876
1780984977070092518,true,false,3,3,0,0,0,0,0.0,true,1780984976914862876
1780984977170174279,true,false,3,3,0,0,0,0,0.0,true,1780984977165577643
1780984977271559074,true,false,3,3,0,0,0,0,0.0,true,1780984977250902866
1780984977370271948,true,false,3,3,0,0,0,0,0.0,true,1780984977250902866
1780984977470440966,true,false,3,3,0,0,0,0,0.0,true,1780984977455754932
1780984977570518092,true,false,3,3,0,0,0,0,0.0,true,1780984977568939175
1780984977670096429,true,false,3,3,0,0,0,0,0.0,true,1780984977568939175
1780984977770418900,true,false,3,3,0,0,0,0,0.0,true,1780984977770366601
1780984977870064037,true,false,3,3,0,0,0,0,0.0,true,1780984977854332381
1780984977970061605,true,false,3,3,0,0,0,0,0.0,true,1780984977854332381
1780984978069707268,true,false,3,3,0,0,0,0,0.0,true,1780984978058154852
1780984978172534215,true,false,3,3,0,0,0,0,0.0,true,1780984978141874388
1780984978270169481,true,false,3,3,0,0,0,0,0.0,true,1780984978141874388
1780984978370348465,true,false,3,3,0,0,0,0,0.0,true,1780984978358598134
1780984978470211877,true,false,3,3,0,0,0,0,0.0,true,1780984978441631574
1780984978570501251,true,false,3,3,0,0,0,0,0.0,true,1780984978441631574
1780984978669627229,true,false,3,3,0,0,0,0,0.0,true,1780984978666199724
1780984978770144972,true,false,3,3,0,0,0,0,0.0,true,1780984978733201862
1780984978869688633,true,false,3,3,0,0,0,0,0.0,true,1780984978733201862
1780984978970258154,true,false,3,3,0,0,0,0,0.0,true,1780984978959588175
1780984979072552608,true,false,3,3,0,0,0,0,0.0,true,1780984979028203909
1780984979169635699,true,false,3,3,0,0,0,0,0.0,true,1780984979028203909
1780984979269601640,true,false,3,3,0,0,0,0,0.0,true,1780984979259661679
1780984979369640519,true,false,3,3,0,0,0,0,0.0,true,1780984979324360709
1780984979470641203,true,false,3,3,0,0,0,0,0.0,true,1780984979324360709
1780984979569603969,true,false,3,3,0,0,0,0,0.0,true,1780984979569102429
1780984979669606671,true,false,3,3,0,0,0,0,0.0,true,1780984979618371594
1780984979769645988,true,false,3,3,0,0,0,0,0.0,true,1780984979618371594
1780984979870497716,true,false,3,3,0,0,0,0,0.0,true,1780984979865676249
1780984979970364951,true,false,3,3,0,0,0,0,0.0,true,1780984979908426179
1780984980069998349,true,false,3,3,0,0,0,0,0.0,true,1780984979908426179
1780984980169710374,true,false,3,3,0,0,0,0,0.0,true,1780984980157751846
1780984980269606411,true,false,3,3,0,0,0,0,0.0,true,1780984980201185347
1780984980370369001,true,false,3,3,0,0,0,0,0.0,true,1780984980362660149
1780984980469710585,true,false,3,3,0,0,0,0,0.0,true,1780984980442537340
1780984980569630563,true,false,3,3,0,0,0,0,0.0,true,1780984980490309772
1780984980670106166,true,false,3,3,0,0,0,0,0.0,true,1780984980656425817
1780984980769664678,true,false,3,3,0,0,0,0,0.0,true,1780984980741320980
1780984980869610798,true,false,3,3,0,0,0,0,0.0,true,1780984980790145061
1780984980970134672,true,false,3,3,0,0,0,0,0.0,true,1780984980790145061
1780984981070537604,true,false,3,3,0,0,0,0,0.0,true,1780984981051350779
1780984981169934019,true,false,3,3,0,0,0,0,0.0,true,1780984981100489471
1780984981270263980,true,false,3,3,0,0,0,0,0.0,true,1780984981265531204
1780984981370540330,true,false,3,3,0,0,0,0,0.0,true,1780984981346035066
1780984981469649087,true,false,3,3,0,0,0,0,0.0,true,1780984981389806457
1780984981570076017,true,false,3,3,0,0,0,0,0.0,true,1780984981567432391
1780984981669630198,true,false,3,3,0,0,0,0,0.0,true,1780984981646905428
1780984981769944784,true,false,3,3,0,0,0,0,0.0,true,1780984981694394090
1780984981870418272,true,false,3,3,0,0,0,0,0.0,true,1780984981694394090
1780984981969689039,true,false,3,3,0,0,0,0,0.0,true,1780984981962990532
1780984982069663912,true,false,3,3,0,0,0,0,0.0,true,1780984981988054047
1780984982170309144,true,false,3,3,0,0,0,0,0.0,true,1780984982163507088
1780984982270536916,true,false,3,3,0,0,0,0,0.0,true,1780984982240875865
1780984982370256050,true,false,3,3,0,0,0,0,0.0,true,1780984982284771791
1780984982469791020,true,false,3,3,0,0,0,0,0.0,true,1780984982468333929
1780984982570390638,true,false,3,3,0,0,0,0,0.0,true,1780984982565738495
1780984982670026556,true,false,3,3,0,0,0,0,0.0,true,1780984982574200582
1780984982770246913,true,false,3,3,0,0,0,0,0.0,true,1780984982758410741
1780984982874191759,true,false,3,3,0,0,0,0,0.0,true,1780984982861621842
1780984982975127574,true,false,3,3,0,0,0,0,0.0,true,1780984982861621842
1780984983074757537,true,false,3,3,0,0,0,0,0.0,true,1780984983065507407
1780984983176671784,true,false,3,3,0,0,0,0,0.0,true,1780984983152590078
1780984983275090183,true,false,3,3,0,0,0,0,0.0,true,1780984983152590078
1780984983375621768,true,false,3,3,0,0,0,0,0.0,true,1780984983360710394
1780984983475379936,true,false,3,3,0,0,0,0,0.0,true,1780984983448432603
1780984983575640059,true,false,3,3,0,0,0,0,0.0,true,1780984983448432603
1780984983676024689,true,false,3,3,0,0,0,0,0.0,true,1780984983664922798
1780984983779552193,true,false,3,3,0,0,0,0,0.0,true,1780984983754018909
1780984983879822264,true,false,3,3,0,0,0,0,0.0,true,1780984983754018909
1780984983980099696,true,false,3,3,0,0,0,0,0.0,true,1780984983975581192
1780984984080544887,true,false,3,3,0,0,0,0,0.0,true,1780984984066402633
1780984984179965180,true,false,3,3,0,0,0,0,0.0,true,1780984984066402633
1780984984280635860,true,false,3,3,0,0,0,0,0.0,true,1780984984273906333
1780984984379887949,true,false,3,3,0,0,0,0,0.0,true,1780984984364146611
1780984984480662538,true,false,3,3,0,0,0,0,0.0,true,1780984984364146611
1780984984580051602,true,false,3,3,0,0,0,0,0.0,true,1780984984571526689
1780984984679819010,true,false,3,3,0,0,0,0,0.0,true,1780984984663888947
1780984984780187903,true,false,3,3,0,0,0,0,0.0,true,1780984984663888947
1780984984880103278,true,false,3,3,0,0,0,0,0.0,true,1780984984873398458
1780984984979806308,true,false,3,3,0,0,0,0,0.0,true,1780984984957351244
1780984985079892505,true,false,3,3,0,0,0,0,0.0,true,1780984984957351244
1780984985179693075,true,false,3,3,0,0,0,0,0.0,true,1780984985170098199
1780984985280418366,true,false,3,3,0,0,0,0,0.0,true,1780984985271592607
1780984985379702188,true,false,3,3,0,0,0,0,0.0,true,1780984985271592607
1780984985479859370,true,false,3,3,0,0,0,0,0.0,true,1780984985478303070
1780984985580497745,true,false,3,3,0,0,0,0,0.0,true,1780984985568424442
1780984985680531367,true,false,3,3,0,0,0,0,0.0,true,1780984985568424442
1780984985779624059,true,false,3,3,0,0,0,0,0.0,true,1780984985779124249
1780984985880333278,true,false,3,3,0,0,0,0,0.0,true,1780984985862150955
1780984985980120087,true,false,3,3,0,0,0,0,0.0,true,1780984985862150955
1780984986080134363,true,false,3,3,0,0,0,0,0.0,true,1780984985862150955
1780984986180502129,true,false,3,3,0,0,0,0,0.0,true,1780984986180391353
1780984986280527161,true,false,3,3,0,0,0,0,0.0,true,1780984986180391353
1780984986379767742,true,false,3,3,0,0,0,0,0.0,true,1780984986180391353
1780984986479915235,true,false,3,3,0,0,0,0,0.0,true,1780984986479802888
1780984986582563409,true,false,3,3,0,0,0,0,0.0,true,1780984986503149017
1780984986680666732,true,false,3,3,0,0,0,0,0.0,true,1780984986503149017
1780984986780015939,true,false,3,3,0,0,0,0,0.0,true,1780984986777535529
1780984986880011613,true,false,3,3,0,0,0,0,0.0,true,1780984986824694167
1780984986979703746,true,false,3,3,0,0,0,0,0.0,true,1780984986824694167
1780984987080657442,true,false,3,3,0,0,0,0,0.0,true,1780984987071500816
1780984987179803869,true,false,3,3,0,0,0,0,0.0,true,1780984987118184483
1780984987280441248,true,false,3,3,0,0,0,0,0.0,true,1780984987118184483
1780984987382560733,true,false,3,3,0,0,0,0,0.0,true,1780984987368955207
1780984987480495672,true,false,3,3,0,0,0,0,0.0,true,1780984987411930023
1780984987579860776,true,false,3,3,0,0,0,0,0.0,true,1780984987411930023
1780984987680429683,true,false,3,3,0,0,0,0,0.0,true,1780984987658512354
1780984987779824485,true,false,3,3,0,0,0,0,0.0,true,1780984987704976604
1780984987879943108,true,false,3,3,0,0,0,0,0.0,true,1780984987868429878
1780984987979860630,true,false,3,3,0,0,0,0,0.0,true,1780984987949297109
1780984988082651944,true,false,3,3,0,0,0,0,0.0,true,1780984987992685381
1780984988180510927,true,false,3,3,0,0,0,0,0.0,true,1780984988159685092
1780984988280078236,true,false,3,3,0,0,0,0,0.0,true,1780984988265796458
1780984988380053917,true,false,3,3,0,0,0,0,0.0,true,1780984988281765457
1780984988480353402,true,false,3,3,0,0,0,0,0.0,true,1780984988468902293
1780984988581445538,true,false,3,3,0,0,0,0,0.0,true,1780984988574625068
1780984988679838775,true,false,3,3,0,0,0,0,0.0,true,1780984988574625068
1780984988779891005,true,false,3,3,0,0,0,0,0.0,true,1780984988779797474
1780984988881377632,true,false,3,3,0,0,0,0,0.0,true,1780984988863368200
1780984988980267277,true,false,3,3,0,0,0,0,0.0,true,1780984988863368200
1780984989080197221,true,false,3,3,0,0,0,0,0.0,true,1780984989075708989
1780984989182078702,true,false,3,3,0,0,0,0,0.0,true,1780984989155434105
1780984989279879922,true,false,3,3,0,0,0,0,0.0,true,1780984989155434105
1780984989379942181,true,false,3,3,0,0,0,0,0.0,true,1780984989372382645
1780984989480188732,true,false,3,3,0,0,0,0,0.0,true,1780984989437031397
1780984989580089548,true,false,3,3,0,0,0,0,0.0,true,1780984989437031397
1780984989680321562,true,false,3,3,0,0,0,0,0.0,true,1780984989673685138
1780984989780212033,true,false,3,3,0,0,0,0,0.0,true,1780984989726744111
1780984989879779329,true,false,3,3,0,0,0,0,0.0,true,1780984989726744111
1780984989980653738,true,false,3,3,0,0,0,0,0.0,true,1780984989976760495
1780984990080491760,true,false,3,3,0,0,0,0,0.0,true,1780984990016988557
1780984990180517402,true,false,3,3,0,0,0,0,0.0,true,1780984990016988557
1780984990279815611,true,false,3,3,0,0,0,0,0.0,true,1780984990277311885
1780984990380292516,true,false,3,3,0,0,0,0,0.0,true,1780984990340324739
1780984990480509124,true,false,3,3,0,0,0,0,0.0,true,1780984990340324739
1780984990580582227,true,false,3,3,0,0,0,0,0.0,true,1780984990573111551
1780984990679602380,true,false,3,3,0,0,0,0,0.0,true,1780984990679433900
1780984990779824256,true,false,3,3,0,0,0,0,0.0,true,1780984990679433900
1780984990880072221,true,false,3,3,0,0,0,0,0.0,true,1780984990869374963
1780984990980540331,true,false,3,3,0,0,0,0,0.0,true,1780984990969234897
1780984991079902545,true,false,3,3,0,0,0,0,0.0,true,1780984990969234897
1780984991180007201,true,false,3,3,0,0,0,0,0.0,true,1780984991173421059
1780984991282643402,true,false,3,3,0,0,0,0,0.0,true,1780984991260787056
1780984991383143693,true,false,3,3,0,0,0,0,0.0,true,1780984991260787056
1780984991479829114,true,false,3,3,0,0,0,0,0.0,true,1780984991472379908
1780984991580175766,true,false,3,3,0,0,0,0,0.0,true,1780984991556431542
1780984991680277894,true,false,3,3,0,0,0,0,0.0,true,1780984991556431542
1780984991779772667,true,false,3,3,0,0,0,0,0.0,true,1780984991777214106
1780984991884150614,true,false,3,3,0,0,0,0,0.0,true,1780984991842128256
1780984991980552036,true,false,3,3,0,0,0,0,0.0,true,1780984991842128256
1780984992079869566,true,false,3,3,0,0,0,0,0.0,true,1780984992073315851
1780984992179929704,true,false,3,3,0,0,0,0,0.0,true,1780984992145009711
1780984992280301337,true,false,3,3,0,0,0,0,0.0,true,1780984992145009711
1780984992380189065,true,false,3,3,0,0,0,0,0.0,true,1780984992377668397
1780984992480548224,true,false,3,3,0,0,0,0,0.0,true,1780984992439719771
1780984992580523320,true,false,3,3,0,0,0,0,0.0,true,1780984992439719771
1780984992679890511,true,false,3,3,0,0,0,0,0.0,true,1780984992665059897
1780984992780312438,true,false,3,3,0,0,0,0,0.0,true,1780984992727442682
1780984992879774608,true,false,3,3,0,0,0,0,0.0,true,1780984992727442682
1780984992980501989,true,false,3,3,0,0,0,0,0.0,true,1780984992967875552
1780984993079806118,true,false,3,3,0,0,0,0,0.0,true,1780984993015121131
1780984993179861720,true,false,3,3,0,0,0,0,0.0,true,1780984993015121131
1780984993279853678,true,false,3,3,0,0,0,0,0.0,true,1780984993275292642
1780984993380616841,true,false,3,3,0,0,0,0,0.0,true,1780984993364437515
1780984993480431602,true,false,3,3,0,0,0,0,0.0,true,1780984993473749696
1780984993579921825,true,false,3,3,0,0,0,0,0.0,true,1780984993552407068
1780984993680425232,true,false,3,3,0,0,0,0,0.0,true,1780984993644818600
1780984993779963684,true,false,3,3,0,0,0,0,0.0,true,1780984993769446239
1780984993879879317,true,false,3,3,0,0,0,0,0.0,true,1780984993849772252
1780984993980298947,true,false,3,3,0,0,0,0,0.0,true,1780984993941950809
1780984994080064360,true,false,3,3,0,0,0,0,0.0,true,1780984994069297326
1780984994179701002,true,false,3,3,0,0,0,0,0.0,true,1780984994179450874
1780984994279819962,true,false,3,3,0,0,0,0,0.0,true,1780984994219926530
1780984994380671044,true,false,3,3,0,0,0,0,0.0,true,1780984994371116612
1780984994479896971,true,false,3,3,0,0,0,0,0.0,true,1780984994456087494
1780984994580533837,true,false,3,3,0,0,0,0,0.0,true,1780984994496603074
1780984994679929591,true,false,3,3,0,0,0,0,0.0,true,1780984994667183116
1780984994781551725,true,false,3,3,0,0,0,0,0.0,true,1780984994771030707
1780984994880765259,true,false,3,3,0,0,0,0,0.0,true,1780984994771030707
1780984994979840311,true,false,3,3,0,0,0,0,0.0,true,1780984994962369867
1780984995079788399,true,false,3,3,0,0,0,0,0.0,true,1780984995050549796
1780984995180235083,true,false,3,3,0,0,0,0,0.0,true,1780984995163555516
1780984995280608931,true,false,3,3,0,0,0,0,0.0,true,1780984995278919536
1780984995380248987,true,false,3,3,0,0,0,0,0.0,true,1780984995331083022
1780984995480483722,true,false,3,3,0,0,0,0,0.0,true,1780984995473261844
1780984995579777874,true,false,3,3,0,0,0,0,0.0,true,1780984995571253428
1780984995680023792,true,false,3,3,0,0,0,0,0.0,true,1780984995615181819
1780984995780320297,true,false,3,3,0,0,0,0,0.0,true,1780984995764572932
1780984995879871716,true,false,3,3,0,0,0,0,0.0,true,1780984995850635435
1780984995979908352,true,false,3,3,0,0,0,0,0.0,true,1780984995891099394
1780984996080382234,true,false,3,3,0,0,0,0,0.0,true,1780984996080287026
1780984996182797294,true,false,3,3,0,0,0,0,0.0,true,1780984996167216468
1780984996279794681,true,false,3,3,0,0,0,0,0.0,true,1780984996167216468
1780984996380664618,true,false,3,3,0,0,0,0,0.0,true,1780984996369857738
1780984996479785649,true,false,3,3,0,0,0,0,0.0,true,1780984996413006021
1780984996579766409,true,false,3,3,0,0,0,0,0.0,true,1780984996413006021
1780984996680551475,true,false,3,3,0,0,0,0,0.0,true,1780984996674647291
1780984996779855083,true,false,3,3,0,0,0,0,0.0,true,1780984996697798868
1780984996880432136,true,false,3,3,0,0,0,0,0.0,true,1780984996697798868
1780984996981290887,true,false,3,3,0,0,0,0,0.0,true,1780984996970533880
1780984997079855468,true,false,3,3,0,0,0,0,0.0,true,1780984997007538054
1780984997179781123,true,false,3,3,0,0,0,0,0.0,true,1780984997007538054
1780984997280279816,true,false,3,3,0,0,0,0,0.0,true,1780984997260669325
1780984997380097711,true,false,3,3,0,0,0,0,0.0,true,1780984997305027814
1780984997480043387,true,false,3,3,0,0,0,0,0.0,true,1780984997468481972
1780984997580193825,true,false,3,3,0,0,0,0,0.0,true,1780984997569428343
1780984997685984766,true,false,3,3,0,0,0,0,0.0,true,1780984997590092091
1780984997787106579,true,false,3,3,0,0,0,0,0.0,true,1780984997765868594
1780984997886934059,true,false,3,3,0,0,0,0,0.0,true,1780984997883415901
1780984997988538649,true,false,3,3,0,0,0,0,0.0,true,1780984997896430424
1780984998086890763,true,false,3,3,0,0,0,0,0.0,true,1780984998075309173
1780984998187355844,true,false,3,3,0,0,0,0,0.0,true,1780984998181852965
1780984998287536998,true,false,3,3,0,0,0,0,0.0,true,1780984998181852965
1780984998387256894,true,false,3,3,0,0,0,0,0.0,true,1780984998371801133
1780984998487321961,true,false,3,3,0,0,0,0,0.0,true,1780984998480523586
1780984998586829369,true,false,3,3,0,0,0,0,0.0,true,1780984998480523586
1780984998686893869,true,false,3,3,0,0,0,0,0.0,true,1780984998683376985
1780984998786798762,true,false,3,3,0,0,0,0,0.0,true,1780984998766856208
1780984998886751735,true,false,3,3,0,0,0,0,0.0,true,1780984998766856208
1780984998987001978,true,false,3,3,0,0,0,0,0.0,true,1780984998974557831
1780984999089741165,true,false,3,3,0,0,0,0,0.0,true,1780984999055799930
1780984999187124554,true,false,3,3,0,0,0,0,0.0,true,1780984999055799930
1780984999286764582,true,false,3,3,0,0,0,0,0.0,true,1780984999286703179
1780984999388583484,true,false,3,3,0,0,0,0,0.0,true,1780984999354911892
1780984999487161154,true,false,3,3,0,0,0,0,0.0,true,1780984999354911892
1780984999587254034,true,false,3,3,0,0,0,0,0.0,true,1780984999584796492
1780984999687646055,true,false,3,3,0,0,0,0,0.0,true,1780984999651475818
1780984999787231070,true,false,3,3,0,0,0,0,0.0,true,1780984999651475818
1780984999887166729,true,false,3,3,0,0,0,0,0.0,true,1780984999875725682
1780984999986788682,true,false,3,3,0,0,0,0,0.0,true,1780984999938370579
1780985000087072804,true,false,3,3,0,0,0,0,0.0,true,1780984999938370579
1780985000187573186,true,false,3,3,0,0,0,0,0.0,true,1780985000185884044
1780985000286803589,true,false,3,3,0,0,0,0,0.0,true,1780985000237828870
1780985000387459304,true,false,3,3,0,0,0,0,0.0,true,1780985000237828870
1780985000487433115,true,false,3,3,0,0,0,0,0.0,true,1780985000470246757
1780985000588540692,true,false,3,3,0,0,0,0,0.0,true,1780985000578725046
1780985000687556990,true,false,3,3,0,0,0,0,0.0,true,1780985000619861296
1780985000787271325,true,false,3,3,0,0,0,0,0.0,true,1780985000765269341
1780985000886729199,true,false,3,3,0,0,0,0,0.0,true,1780985000883852628
1780985000986884079,true,false,3,3,0,0,0,0,0.0,true,1780985000912486386
1780985001087495977,true,false,3,3,0,0,0,0,0.0,true,1780985001082934991
1780985001186841933,true,false,3,3,0,0,0,0,0.0,true,1780985001166963742
1780985001286989027,true,false,3,3,0,0,0,0,0.0,true,1780985001208293828
1780985001387531472,true,false,3,3,0,0,0,0,0.0,true,1780985001372926631
1780985001486854287,true,false,3,3,0,0,0,0,0.0,true,1780985001459930523
1780985001586885414,true,false,3,3,0,0,0,0,0.0,true,1780985001502614077
1780985001686665929,true,false,3,3,0,0,0,0,0.0,true,1780985001666388276
1780985001787022397,true,false,3,3,0,0,0,0,0.0,true,1780985001775175813
1780985001889881011,true,false,3,3,0,0,0,0,0.0,true,1780985001878643583
1780985001987326829,true,false,3,3,0,0,0,0,0.0,true,1780985001878643583
1780985002088562684,true,false,3,3,0,0,0,0,0.0,true,1780985002073165333
1780985002187654992,true,false,3,3,0,0,0,0,0.0,true,1780985002183996762
1780985002287016289,true,false,3,3,0,0,0,0,0.0,true,1780985002183996762
1780985002387527085,true,false,3,3,0,0,0,0,0.0,true,1780985002375522049
1780985002486962934,true,false,3,3,0,0,0,0,0.0,true,1780985002478323376
1780985002587066774,true,false,3,3,0,0,0,0,0.0,true,1780985002478323376
1780985002688531833,true,false,3,3,0,0,0,0,0.0,true,1780985002676624236
1780985002788770807,true,false,3,3,0,0,0,0,0.0,true,1780985002766409915
1780985002887451214,true,false,3,3,0,0,0,0,0.0,true,1780985002766409915
1780985002987545615,true,false,3,3,0,0,0,0,0.0,true,1780985002983977773
1780985003090778244,true,false,3,3,0,0,0,0,0.0,true,1780985003056571767
1780985003187024148,true,false,3,3,0,0,0,0,0.0,true,1780985003056571767
1780985003287227069,true,false,3,3,0,0,0,0,0.0,true,1780985003285698386
1780985003387392449,true,false,3,3,0,0,0,0,0.0,true,1780985003377795703
1780985003486785160,true,false,3,3,0,0,0,0,0.0,true,1780985003390388572
1780985003587085792,true,false,3,3,0,0,0,0,0.0,true,1780985003574270636
1780985003687539941,true,false,3,3,0,0,0,0,0.0,true,1780985003654061280
1780985003787038100,true,false,3,3,0,0,0,0,0.0,true,1780985003751721227
1780985003887658633,true,false,3,3,0,0,0,0,0.0,true,1780985003875972091
1780985003987535293,true,false,3,3,0,0,0,0,0.0,true,1780985003958755611
1780985004090790677,true,false,3,3,0,0,0,0,0.0,true,1780985004066167724
1780985004187060571,true,false,3,3,0,0,0,0,0.0,true,1780985004066167724
1780985004287538396,true,false,3,3,0,0,0,0,0.0,true,1780985004264770986
1780985004387603605,true,false,3,3,0,0,0,0,0.0,true,1780985004364081099
1780985004487365657,true,false,3,3,0,0,0,0,0.0,true,1780985004474886939
1780985004586923069,true,false,3,3,0,0,0,0,0.0,true,1780985004567305024
1780985004686854244,true,false,3,3,0,0,0,0,0.0,true,1780985004643369074
1780985004786830695,true,false,3,3,0,0,0,0,0.0,true,1780985004770349645
1780985004887545455,true,false,3,3,0,0,0,0,0.0,true,1780985004866678055
1780985004987587459,true,false,3,3,0,0,0,0,0.0,true,1780985004952717256
1780985005087550148,true,false,3,3,0,0,0,0,0.0,true,1780985005085808355
1780985005187175658,true,false,3,3,0,0,0,0,0.0,true,1780985005181915560
1780985005287622851,true,false,3,3,0,0,0,0,0.0,true,1780985005247309285
1780985005387205134,true,false,3,3,0,0,0,0,0.0,true,1780985005375631037
1780985005486993935,true,false,3,3,0,0,0,0,0.0,true,1780985005457936175
1780985005587406350,true,false,3,3,0,0,0,0,0.0,true,1780985005541510782
1780985005687178445,true,false,3,3,0,0,0,0,0.0,true,1780985005678712841
1780985005787028063,true,false,3,3,0,0,0,0,0.0,true,1780985005782915404
1780985005887407754,true,false,3,3,0,0,0,0,0.0,true,1780985005823739378
1780985005987537445,true,false,3,3,0,0,0,0,0.0,true,1780985005978129827
1780985006086890391,true,false,3,3,0,0,0,0,0.0,true,1780985006058457876
1780985006187273859,true,false,3,3,0,0,0,0,0.0,true,1780985006101535280
1780985006287140232,true,false,3,3,0,0,0,0,0.0,true,1780985006284498195
1780985006386702836,true,false,3,3,0,0,0,0,0.0,true,1780985006353640696
1780985006486856034,true,false,3,3,0,0,0,0,0.0,true,1780985006394352099
1780985006587269521,true,false,3,3,0,0,0,0,0.0,true,1780985006583713854
1780985006687876153,true,false,3,3,0,0,0,0,0.0,true,1780985006652965183
1780985006786892456,true,false,3,3,0,0,0,0,0.0,true,1780985006698256064
1780985006887022627,true,false,3,3,0,0,0,0,0.0,true,1780985006868151272
1780985006988562837,true,false,3,3,0,0,0,0,0.0,true,1780985006961925667
1780985007086959046,true,false,3,3,0,0,0,0,0.0,true,1780985006994025087
1780985007187423871,true,false,3,3,0,0,0,0,0.0,true,1780985007181894167
1780985007288036007,true,false,3,3,0,0,0,0,0.0,true,1780985007281017594
1780985007387050927,true,false,3,3,0,0,0,0,0.0,true,1780985007281017594
1780985007487332454,true,false,3,3,0,0,0,0,0.0,true,1780985007481651451
1780985007597769928,true,false,3,3,0,0,0,0,0.0,true,1780985007583031510
1780985007698883190,true,false,3,3,0,0,0,0,0.0,true,1780985007583031510
1780985007799492979,true,false,3,3,0,0,0,0,0.0,true,1780985007791023654
1780985007900358952,true,false,3,3,0,0,0,0,0.0,true,1780985007895436289
1780985007999010752,true,false,3,3,0,0,0,0,0.0,true,1780985007895436289
1780985008099037808,true,false,3,3,0,0,0,0,0.0,true,1780985008088405998
1780985008199865028,true,false,3,3,0,0,0,0,0.0,true,1780985008187209908
1780985008299391026,true,false,3,3,0,0,0,0,0.0,true,1780985008187209908
1780985008398728812,true,false,3,3,0,0,0,0,0.0,true,1780985008385904814
1780985008501757806,true,false,3,3,0,0,0,0,0.0,true,1780985008490226826
1780985008599542337,true,false,3,3,0,0,0,0,0.0,true,1780985008490226826
1780985008699214528,true,false,3,3,0,0,0,0,0.0,true,1780985008697711828
1780985008802530993,true,false,3,3,0,0,0,0,0.0,true,1780985008787984846
1780985008899206113,true,false,3,3,0,0,0,0,0.0,true,1780985008829526222
1780985008999159404,true,false,3,3,0,0,0,0,0.0,true,1780985008996694222
1780985009101545335,true,false,3,3,0,0,0,0,0.0,true,1780985009086552813
1780985009199115792,true,false,3,3,0,0,0,0,0.0,true,1780985009124068367
1780985009299207025,true,false,3,3,0,0,0,0,0.0,true,1780985009296534372
1780985009399005555,true,false,3,3,0,0,0,0,0.0,true,1780985009376339003
1780985009499271887,true,false,3,3,0,0,0,0,0.0,true,1780985009422566968
1780985009599219101,true,false,3,3,0,0,0,0,0.0,true,1780985009422566968
1780985009698735648,true,false,3,3,0,0,0,0,0.0,true,1780985009679404386
1780985009800315843,true,false,3,3,0,0,0,0,0.0,true,1780985009718995619
1780985009899695748,true,false,3,3,0,0,0,0,0.0,true,1780985009718995619
1780985009999151710,true,false,3,3,0,0,0,0,0.0,true,1780985009992683742
1780985010098975834,true,false,3,3,0,0,0,0,0.0,true,1780985010054727252
1780985010199446231,true,false,3,3,0,0,0,0,0.0,true,1780985010054727252
1780985010298762216,true,false,3,3,0,0,0,0,0.0,true,1780985010288008696
1780985010402532376,true,false,3,3,0,0,0,0,0.0,true,1780985010380702501
1780985010501575546,true,false,3,3,0,0,0,0,0.0,true,1780985010380702501
1780985010598886432,true,false,3,3,0,0,0,0,0.0,true,1780985010597355623
1780985010700661462,true,false,3,3,0,0,0,0,0.0,true,1780985010681730391
1780985010798957004,true,false,3,3,0,0,0,0,0.0,true,1780985010681730391
1780985010899368488,true,false,3,3,0,0,0,0,0.0,true,1780985010895983514
1780985010998962129,true,false,3,3,0,0,0,0,0.0,true,1780985010995506142
1780985011100550470,true,false,3,3,0,0,0,0,0.0,true,1780985010995506142
1780985011198595547,true,false,3,3,0,0,0,0,0.0,true,1780985011198266130
1780985011299094887,true,false,3,3,0,0,0,0,0.0,true,1780985011289346987
1780985011400550694,true,false,3,3,0,0,0,0,0.0,true,1780985011305441920
1780985011499055891,true,false,3,3,0,0,0,0,0.0,true,1780985011486242330
1780985011599587228,true,false,3,3,0,0,0,0,0.0,true,1780985011566349628
1780985011699202997,true,false,3,3,0,0,0,0,0.0,true,1780985011618851952
1780985011799163958,true,false,3,3,0,0,0,0,0.0,true,1780985011618851952
1780985011898962549,true,false,3,3,0,0,0,0,0.0,true,1780985011888035017
1780985011999194492,true,false,3,3,0,0,0,0,0.0,true,1780985011952701675
1780985012098964124,true,false,3,3,0,0,0,0,0.0,true,1780985011952701675
1780985012199062276,true,false,3,3,0,0,0,0,0.0,true,1780985012197541145
1780985012298981302,true,false,3,3,0,0,0,0,0.0,true,1780985012272223886
1780985012399534548,true,false,3,3,0,0,0,0,0.0,true,1780985012272223886
1780985012499103283,true,false,3,3,0,0,0,0,0.0,true,1780985012489460748
1780985012601557406,true,false,3,3,0,0,0,0,0.0,true,1780985012584904507
1780985012699092796,true,false,3,3,0,0,0,0,0.0,true,1780985012598422580
1780985012799558378,true,false,3,3,0,0,0,0,0.0,true,1780985012793909264
1780985012898929324,true,false,3,3,0,0,0,0,0.0,true,1780985012894381370
1780985013000549927,true,false,3,3,0,0,0,0,0.0,true,1780985012904206070
1780985013099042444,true,false,3,3,0,0,0,0,0.0,true,1780985013097524953
1780985013198990387,true,false,3,3,0,0,0,0,0.0,true,1780985013192453687
1780985013299546007,true,false,3,3,0,0,0,0,0.0,true,1780985013205543274
1780985013398712477,true,false,3,3,0,0,0,0,0.0,true,1780985013383961627
1780985013499162784,true,false,3,3,0,0,0,0,0.0,true,1780985013485976942
1780985013599520720,true,false,3,3,0,0,0,0,0.0,true,1780985013503767982
1780985013699671124,true,false,3,3,0,0,0,0,0.0,true,1780985013685884590
1780985013798654366,true,false,3,3,0,0,0,0,0.0,true,1780985013798356123
1780985013900547410,true,false,3,3,0,0,0,0,0.0,true,1780985013798356123
1780985013999453443,true,false,3,3,0,0,0,0,0.0,true,1780985013994016128
1780985014099239684,true,false,3,3,0,0,0,0,0.0,true,1780985014095658034
1780985014198941888,true,false,3,3,0,0,0,0,0.0,true,1780985014095658034
1780985014299259462,true,false,3,3,0,0,0,0,0.0,true,1780985014296718157
1780985014399515480,true,false,3,3,0,0,0,0,0.0,true,1780985014394714840
1780985014498806215,true,false,3,3,0,0,0,0,0.0,true,1780985014394714840
1780985014598742620,true,false,3,3,0,0,0,0,0.0,true,1780985014591319163
1780985014698802842,true,false,3,3,0,0,0,0,0.0,true,1780985014671708481
1780985014799378151,true,false,3,3,0,0,0,0,0.0,true,1780985014671708481
1780985014898788955,true,false,3,3,0,0,0,0,0.0,true,1780985014888295610
1780985015001506861,true,false,3,3,0,0,0,0,0.0,true,1780985014950515468
1780985015099664553,true,false,3,3,0,0,0,0,0.0,true,1780985014950515468
1780985015199416417,true,false,3,3,0,0,0,0,0.0,true,1780985015195931694
1780985015298721650,true,false,3,3,0,0,0,0,0.0,true,1780985015241808752
1780985015398842592,true,false,3,3,0,0,0,0,0.0,true,1780985015241808752
1780985015499528817,true,false,3,3,0,0,0,0,0.0,true,1780985015479873954
1780985015602538417,true,false,3,3,0,0,0,0,0.0,true,1780985015520613794
1780985015698689981,true,false,3,3,0,0,0,0,0.0,true,1780985015520613794
1780985015798810987,true,false,3,3,0,0,0,0,0.0,true,1780985015779898288
1780985015898937561,true,false,3,3,0,0,0,0,0.0,true,1780985015819047430
1780985015999465639,true,false,3,3,0,0,0,0,0.0,true,1780985015997946571
1780985016098783782,true,false,3,3,0,0,0,0,0.0,true,1780985016078919089
1780985016199548419,true,false,3,3,0,0,0,0,0.0,true,1780985016118880388
1780985016299344489,true,false,3,3,0,0,0,0,0.0,true,1780985016297941147
1780985016401525738,true,false,3,3,0,0,0,0,0.0,true,1780985016396552116
1780985016501523758,true,false,3,3,0,0,0,0,0.0,true,1780985016396552116
1780985016599071236,true,false,3,3,0,0,0,0,0.0,true,1780985016595582386
1780985016698802731,true,false,3,3,0,0,0,0,0.0,true,1780985016676699630
1780985016799178060,true,false,3,3,0,0,0,0,0.0,true,1780985016676699630
1780985016899069802,true,false,3,3,0,0,0,0,0.0,true,1780985016898997468
1780985016999462554,true,false,3,3,0,0,0,0,0.0,true,1780985016978595303
1780985017099129449,true,false,3,3,0,0,0,0,0.0,true,1780985017021695017
1780985017198848069,true,false,3,3,0,0,0,0,0.0,true,1780985017186203212
1780985017298833094,true,false,3,3,0,0,0,0,0.0,true,1780985017265014283
1780985017398833740,true,false,3,3,0,0,0,0,0.0,true,1780985017308387392
1780985017499561345,true,false,3,3,0,0,0,0,0.0,true,1780985017488871379
1780985017601214766,true,false,3,3,0,0,0,0,0.0,true,1780985017588214056
1780985017698725831,true,false,3,3,0,0,0,0,0.0,true,1780985017588214056
1780985017799196343,true,false,3,3,0,0,0,0,0.0,true,1780985017789732660
1780985017900521786,true,false,3,3,0,0,0,0,0.0,true,1780985017867876923
1780985017999546076,true,false,3,3,0,0,0,0,0.0,true,1780985017867876923
1780985018099079989,true,false,3,3,0,0,0,0,0.0,true,1780985018097605796
1780985018199306189,true,false,3,3,0,0,0,0,0.0,true,1780985018146081685
1780985018299540629,true,false,3,3,0,0,0,0,0.0,true,1780985018146081685
1780985018398939512,true,false,3,3,0,0,0,0,0.0,true,1780985018382908674
1780985018499261763,true,false,3,3,0,0,0,0,0.0,true,1780985018427597596
1780985018598889989,true,false,3,3,0,0,0,0,0.0,true,1780985018427597596
1780985018699634463,true,false,3,3,0,0,0,0,0.0,true,1780985018692790186
1780985018799531025,true,false,3,3,0,0,0,0,0.0,true,1780985018733843473
1780985018899388095,true,false,3,3,0,0,0,0,0.0,true,1780985018897636097
1780985018998782618,true,false,3,3,0,0,0,0,0.0,true,1780985018977125825
1780985019099415883,true,false,3,3,0,0,0,0,0.0,true,1780985019018766426
1780985019198748866,true,false,3,3,0,0,0,0,0.0,true,1780985019195271876
1780985019301535220,true,false,3,3,0,0,0,0,0.0,true,1780985019293089358
1780985019399042813,true,false,3,3,0,0,0,0,0.0,true,1780985019293089358
1780985019498715297,true,false,3,3,0,0,0,0,0.0,true,1780985019496011422
1780985019602515956,true,false,3,3,0,0,0,0,0.0,true,1780985019577657170
1780985019699589688,true,false,3,3,0,0,0,0,0.0,true,1780985019577657170
1780985019799331853,true,false,3,3,0,0,0,0,0.0,true,1780985019795758057
1780985019903452766,true,false,3,3,0,0,0,0,0.0,true,1780985019856505057
1780985020004491617,true,false,3,3,0,0,0,0,0.0,true,1780985019856505057
1780985020105543562,true,false,3,3,0,0,0,0,0.0,true,1780985020097091818
1780985020204443608,true,false,3,3,0,0,0,0,0.0,true,1780985020140611328
1780985020304309033,true,false,3,3,0,0,0,0,0.0,true,1780985020140611328
1780985020405552736,true,false,3,3,0,0,0,0,0.0,true,1780985020387428069
1780985020505540775,true,false,3,3,0,0,0,0,0.0,true,1780985020428765079
1780985020603620447,true,false,3,3,0,0,0,0,0.0,true,1780985020603342977
1780985020704601659,true,false,3,3,0,0,0,0,0.0,true,1780985020702993064
1780985020803837550,true,false,3,3,0,0,0,0,0.0,true,1780985020702993064
1780985020904509834,true,false,3,3,0,0,0,0,0.0,true,1780985020896064317
1780985021007656987,true,false,3,3,0,0,0,0,0.0,true,1780985020996404845
1780985021103862984,true,false,3,3,0,0,0,0,0.0,true,1780985020996404845
1780985021203997774,true,false,3,3,0,0,0,0,0.0,true,1780985021199485456
1780985021306530320,true,false,3,3,0,0,0,0,0.0,true,1780985021287328599
1780985021403892700,true,false,3,3,0,0,0,0,0.0,true,1780985021287328599
1780985021504452553,true,false,3,3,0,0,0,0,0.0,true,1780985021487878708
1780985021604617766,true,false,3,3,0,0,0,0,0.0,true,1780985021568662144
1780985021704154291,true,false,3,3,0,0,0,0,0.0,true,1780985021568662144
1780985021804216290,true,false,3,3,0,0,0,0,0.0,true,1780985021791705941
1780985021903792214,true,false,3,3,0,0,0,0,0.0,true,1780985021854645527
1780985022004499426,true,false,3,3,0,0,0,0,0.0,true,1780985021854645527
1780985022107545492,true,false,3,3,0,0,0,0,0.0,true,1780985022099980989
1780985022204054420,true,false,3,3,0,0,0,0,0.0,true,1780985022143486441
1780985022304626803,true,false,3,3,0,0,0,0,0.0,true,1780985022143486441
1780985022404903640,true,false,3,3,0,0,0,0,0.0,true,1780985022391050956
1780985022503881808,true,false,3,3,0,0,0,0,0.0,true,1780985022434596560
1780985022604315600,true,false,3,3,0,0,0,0,0.0,true,1780985022600691780
1780985022704542616,true,false,3,3,0,0,0,0,0.0,true,1780985022679022578
1780985022804268969,true,false,3,3,0,0,0,0,0.0,true,1780985022720733134
1780985022904115858,true,false,3,3,0,0,0,0,0.0,true,1780985022904064380
1780985023004561146,true,false,3,3,0,0,0,0,0.0,true,1780985022979727289
1780985023104616842,true,false,3,3,0,0,0,0,0.0,true,1780985023006879420
1780985023204153166,true,false,3,3,0,0,0,0,0.0,true,1780985023200731844
1780985023303789081,true,false,3,3,0,0,0,0,0.0,true,1780985023281397787
1780985023403763364,true,false,3,3,0,0,0,0,0.0,true,1780985023314043633
1780985023503889293,true,false,3,3,0,0,0,0,0.0,true,1780985023500418638
1780985023603844433,true,false,3,3,0,0,0,0,0.0,true,1780985023601135421
1780985023703828133,true,false,3,3,0,0,0,0,0.0,true,1780985023601135421
1780985023804632547,true,false,3,3,0,0,0,0,0.0,true,1780985023798140561
1780985023903910940,true,false,3,3,0,0,0,0,0.0,true,1780985023882036644
1780985024003863491,true,false,3,3,0,0,0,0,0.0,true,1780985023882036644
1780985024104508322,true,false,3,3,0,0,0,0,0.0,true,1780985024099057139
1780985024206549383,true,false,3,3,0,0,0,0,0.0,true,1780985024196268792
1780985024303905939,true,false,3,3,0,0,0,0,0.0,true,1780985024196268792
1780985024404227854,true,false,3,3,0,0,0,0,0.0,true,1780985024395809491
1780985024503864821,true,false,3,3,0,0,0,0,0.0,true,1780985024485913627
1780985024603895304,true,false,3,3,0,0,0,0,0.0,true,1780985024485913627
1780985024704589072,true,false,3,3,0,0,0,0,0.0,true,1780985024702069095
1780985024806533963,true,false,3,3,0,0,0,0,0.0,true,1780985024773808909
1780985024904184927,true,false,3,3,0,0,0,0,0.0,true,1780985024773808909
1780985025004200268,true,false,3,3,0,0,0,0,0.0,true,1780985024993766034
1780985025104072815,true,false,3,3,0,0,0,0,0.0,true,1780985025052260115
1780985025203789354,true,false,3,3,0,0,0,0,0.0,true,1780985025052260115
1780985025308547716,true,false,3,3,0,0,0,0,0.0,true,1780985025291822878
1780985025408862960,true,false,3,3,0,0,0,0,0.0,true,1780985025331586386
1780985025509067075,true,false,3,3,0,0,0,0,0.0,true,1780985025495349102
1780985025608945940,true,false,3,3,0,0,0,0,0.0,true,1780985025574838263
1780985025710716439,true,false,3,3,0,0,0,0,0.0,true,1780985025617659022
1780985025808899875,true,false,3,3,0,0,0,0,0.0,true,1780985025794198558
1780985025910720149,true,false,3,3,0,0,0,0,0.0,true,1780985025892951696
1780985026008849114,true,false,3,3,0,0,0,0,0.0,true,1780985025892951696
1780985026109514584,true,false,3,3,0,0,0,0,0.0,true,1780985026094033011
1780985026209740740,true,false,3,3,0,0,0,0,0.0,true,1780985026175460301
1780985026309579857,true,false,3,3,0,0,0,0,0.0,true,1780985026175460301
1780985026408674622,true,false,3,3,0,0,0,0,0.0,true,1780985026405525977
1780985026509033219,true,false,3,3,0,0,0,0,0.0,true,1780985026451572929
1780985026608807628,true,false,3,3,0,0,0,0,0.0,true,1780985026451572929
1780985026710689926,true,false,3,3,0,0,0,0,0.0,true,1780985026691262531
1780985026809041227,true,false,3,3,0,0,0,0,0.0,true,1780985026732189938
1780985026909065567,true,false,3,3,0,0,0,0,0.0,true,1780985026890321036
1780985027009619961,true,false,3,3,0,0,0,0,0.0,true,1780985027002329372
1780985027109804899,true,false,3,3,0,0,0,0,0.0,true,1780985027012293659
1780985027209589708,true,false,3,3,0,0,0,0,0.0,true,1780985027209572741
1780985027309743796,true,false,3,3,0,0,0,0,0.0,true,1780985027303084335
1780985027409653575,true,false,3,3,0,0,0,0,0.0,true,1780985027303084335
1780985027509593389,true,false,3,3,0,0,0,0,0.0,true,1780985027504096458
1780985027613720710,true,false,3,3,0,0,0,0,0.0,true,1780985027594339514
1780985027715054813,true,false,3,3,0,0,0,0,0.0,true,1780985027594339514
1780985027814818472,true,false,3,3,0,0,0,0,0.0,true,1780985027814798826
1780985027915260067,true,false,3,3,0,0,0,0,0.0,true,1780985027868696012
1780985028014796935,true,false,3,3,0,0,0,0,0.0,true,1780985027868696012
1780985028115502267,true,false,3,3,0,0,0,0,0.0,true,1780985028103932712
1780985028215008205,true,false,3,3,0,0,0,0,0.0,true,1780985028153151570
1780985028314975538,true,false,3,3,0,0,0,0,0.0,true,1780985028153151570
1780985028414769972,true,false,3,3,0,0,0,0,0.0,true,1780985028414712708
1780985028515359719,true,false,3,3,0,0,0,0,0.0,true,1780985028447877620
1780985028614976641,true,false,3,3,0,0,0,0,0.0,true,1780985028447877620
1780985028714856788,true,false,3,3,0,0,0,0,0.0,true,1780985028696442250
1780985028818541420,true,false,3,3,0,0,0,0,0.0,true,1780985028737189756
1780985028914715917,true,false,3,3,0,0,0,0,0.0,true,1780985028897795199
1780985029014882841,true,false,3,3,0,0,0,0,0.0,true,1780985029007763181
1780985029114793907,true,false,3,3,0,0,0,0,0.0,true,1780985029016735257
1780985029215071824,true,false,3,3,0,0,0,0,0.0,true,1780985029209553026
1780985029315039715,true,false,3,3,0,0,0,0,0.0,true,1780985029296440742
1780985029415483428,true,false,3,3,0,0,0,0,0.0,true,1780985029296440742
1780985029514802061,true,false,3,3,0,0,0,0,0.0,true,1780985029513222579
1780985029614926402,true,false,3,3,0,0,0,0,0.0,true,1780985029583184790
1780985029715046476,true,false,3,3,0,0,0,0,0.0,true,1780985029583184790
1780985029815313390,true,false,3,3,0,0,0,0,0.0,true,1780985029811927901
1780985029915530117,true,false,3,3,0,0,0,0,0.0,true,1780985029890645026
1780985030015437340,true,false,3,3,0,0,0,0,0.0,true,1780985030001659396
1780985030115343788,true,false,3,3,0,0,0,0,0.0,true,1780985030081815209
1780985030215427886,true,false,3,3,0,0,0,0,0.0,true,1780985030165208663
1780985030315224524,true,false,3,3,0,0,0,0,0.0,true,1780985030302209011
1780985030414821600,true,false,3,3,0,0,0,0,0.0,true,1780985030407843856
1780985030516540627,true,false,3,3,0,0,0,0,0.0,true,1780985030465008618
1780985030615465038,true,false,3,3,0,0,0,0,0.0,true,1780985030604565157
1780985030715618986,true,false,3,3,0,0,0,0,0.0,true,1780985030694222128
1780985030815513631,true,false,3,3,0,0,0,0,0.0,true,1780985030720168712
1780985030916515993,true,false,3,3,0,0,0,0,0.0,true,1780985030909178980
1780985031016155459,true,false,3,3,0,0,0,0,0.0,true,1780985030984347400
1780985031114814179,true,false,3,3,0,0,0,0,0.0,true,1780985031111164607
1780985031217542438,true,false,3,3,0,0,0,0,0.0,true,1780985031208283740
1780985031315016278,true,false,3,3,0,0,0,0,0.0,true,1780985031268969879
1780985031414792494,true,false,3,3,0,0,0,0,0.0,true,1780985031407972522
1780985031515478678,true,false,3,3,0,0,0,0,0.0,true,1780985031495177387
1780985031618541237,true,false,3,3,0,0,0,0,0.0,true,1780985031538206172
1780985031714909008,true,false,3,3,0,0,0,0,0.0,true,1780985031707162416
1780985031814989789,true,false,3,3,0,0,0,0,0.0,true,1780985031810315245
1780985031914811971,true,false,3,3,0,0,0,0,0.0,true,1780985031810315245
1780985032014931306,true,false,3,3,0,0,0,0,0.0,true,1780985032007349372
1780985032114853582,true,false,3,3,0,0,0,0,0.0,true,1780985032092457499
1780985032215202535,true,false,3,3,0,0,0,0,0.0,true,1780985032092457499
1780985032315290618,true,false,3,3,0,0,0,0,0.0,true,1780985032305656050
1780985032414750501,true,false,3,3,0,0,0,0,0.0,true,1780985032374784407
1780985032515431602,true,false,3,3,0,0,0,0,0.0,true,1780985032374784407
1780985032614808043,true,false,3,3,0,0,0,0,0.0,true,1780985032610325604
1780985032715425031,true,false,3,3,0,0,0,0,0.0,true,1780985032658379891
1780985032815666577,true,false,3,3,0,0,0,0,0.0,true,1780985032658379891
1780985032914856120,true,false,3,3,0,0,0,0,0.0,true,1780985032903346034
1780985033015487474,true,false,3,3,0,0,0,0,0.0,true,1780985032949785971
1780985033115118797,true,false,3,3,0,0,0,0,0.0,true,1780985033106391992
1780985033214858164,true,false,3,3,0,0,0,0,0.0,true,1780985033185824079
1780985033314885761,true,false,3,3,0,0,0,0,0.0,true,1780985033226623202
1780985033414795493,true,false,3,3,0,0,0,0,0.0,true,1780985033414772286
1780985033515552612,true,false,3,3,0,0,0,0,0.0,true,1780985033502852340
1780985033615079204,true,false,3,3,0,0,0,0,0.0,true,1780985033502852340
1780985033715426485,true,false,3,3,0,0,0,0,0.0,true,1780985033710057394
1780985033814892622,true,false,3,3,0,0,0,0,0.0,true,1780985033786164339
1780985033915126373,true,false,3,3,0,0,0,0,0.0,true,1780985033786164339
1780985034014857332,true,false,3,3,0,0,0,0,0.0,true,1780985034007132182
1780985034115108622,true,false,3,3,0,0,0,0,0.0,true,1780985034062550000
1780985034214735222,true,false,3,3,0,0,0,0,0.0,true,1780985034062550000
1780985034314808408,true,false,3,3,0,0,0,0,0.0,true,1780985034304492531
1780985034414792565,true,false,3,3,0,0,0,0,0.0,true,1780985034346690743
1780985034515365246,true,false,3,3,0,0,0,0,0.0,true,1780985034505738406
1780985034615700683,true,false,3,3,0,0,0,0,0.0,true,1780985034585460568
1780985034715581049,true,false,3,3,0,0,0,0,0.0,true,1780985034625657250
1780985034815027337,true,false,3,3,0,0,0,0,0.0,true,1780985034802170884
1780985034916501773,true,false,3,3,0,0,0,0,0.0,true,1780985034901252812
1780985035014816428,true,false,3,3,0,0,0,0,0.0,true,1780985034901252812
1780985035114829375,true,false,3,3,0,0,0,0,0.0,true,1780985035113369858
1780985035215101658,true,false,3,3,0,0,0,0,0.0,true,1780985035182412170
1780985035315573061,true,false,3,3,0,0,0,0,0.0,true,1780985035182412170
1780985035415356113,true,false,3,3,0,0,0,0,0.0,true,1780985035412919760
1780985035517500285,true,false,3,3,0,0,0,0,0.0,true,1780985035459306581
1780985035614680517,true,false,3,3,0,0,0,0,0.0,true,1780985035459306581
1780985035715028724,true,false,3,3,0,0,0,0,0.0,true,1780985035708135199
1780985035815523054,true,false,3,3,0,0,0,0,0.0,true,1780985035731139339
1780985035915349189,true,false,3,3,0,0,0,0,0.0,true,1780985035731139339
1780985036014605588,true,false,3,3,0,0,0,0,0.0,true,1780985036014074533
1780985036115486486,true,false,3,3,0,0,0,0,0.0,true,1780985036048696272
1780985036215184054,true,false,3,3,0,0,0,0,0.0,true,1780985036208526371
1780985036315508744,true,false,3,3,0,0,0,0,0.0,true,1780985036303790238
1780985036416541724,true,false,3,3,0,0,0,0,0.0,true,1780985036321482652
1780985036514756203,true,false,3,3,0,0,0,0,0.0,true,1780985036506978376
1780985036614688564,true,false,3,3,0,0,0,0,0.0,true,1780985036611792975
1780985036714743297,true,false,3,3,0,0,0,0,0.0,true,1780985036611792975
1780985036815362025,true,false,3,3,0,0,0,0,0.0,true,1780985036796613566
1780985036915127074,true,false,3,3,0,0,0,0,0.0,true,1780985036908490496
1780985037015362946,true,false,3,3,0,0,0,0,0.0,true,1780985036919912575
1780985037114831730,true,false,3,3,0,0,0,0,0.0,true,1780985037111321984
1780985037216558208,true,false,3,3,0,0,0,0,0.0,true,1780985037212872561
1780985037315513371,true,false,3,3,0,0,0,0,0.0,true,1780985037212872561
1780985037414586696,true,false,3,3,0,0,0,0,0.0,true,1780985037414400534
1780985037518506860,true,false,3,3,0,0,0,0,0.0,true,1780985037495334231
1780985037615185187,true,false,3,3,0,0,0,0,0.0,true,1780985037495334231
1780985037714866932,true,false,3,3,0,0,0,0,0.0,true,1780985037711243536
1780985037815044867,true,false,3,3,0,0,0,0,0.0,true,1780985037767432376
1780985037915608525,true,false,3,3,0,0,0,0,0.0,true,1780985037767432376
1780985038014761003,true,false,3,3,0,0,0,0,0.0,true,1780985038008300300
1780985038115562231,true,false,3,3,0,0,0,0,0.0,true,1780985038063079719
1780985038214758849,true,false,3,3,0,0,0,0,0.0,true,1780985038063079719
1780985038314763146,true,false,3,3,0,0,0,0,0.0,true,1780985038300646410
1780985038415702786,true,false,3,3,0,0,0,0,0.0,true,1780985038340503184
1780985038515235470,true,false,3,3,0,0,0,0,0.0,true,1780985038500492839
1780985038615461933,true,false,3,3,0,0,0,0,0.0,true,1780985038611792050
1780985038716605313,true,false,3,3,0,0,0,0,0.0,true,1780985038619323572
1780985038814892882,true,false,3,3,0,0,0,0,0.0,true,1780985038810454071
1780985038916533381,true,false,3,3,0,0,0,0,0.0,true,1780985038898235797
1780985039014920918,true,false,3,3,0,0,0,0,0.0,true,1780985038898235797
1780985039114980482,true,false,3,3,0,0,0,0,0.0,true,1780985039112568924
1780985039214867454,true,false,3,3,0,0,0,0,0.0,true,1780985039179679101
1780985039315635742,true,false,3,3,0,0,0,0,0.0,true,1780985039179679101
1780985039415442679,true,false,3,3,0,0,0,0,0.0,true,1780985039410050507
1780985039514804331,true,false,3,3,0,0,0,0,0.0,true,1780985039457455085
1780985039614770584,true,false,3,3,0,0,0,0,0.0,true,1780985039614673438
1780985039714845080,true,false,3,3,0,0,0,0,0.0,true,1780985039694073686
1780985039815457606,true,false,3,3,0,0,0,0,0.0,true,1780985039733036269
1780985039915152004,true,false,3,3,0,0,0,0,0.0,true,1780985039908684537
1780985040015350013,true,false,3,3,0,0,0,0,0.0,true,1780985040010889929
1780985040114779206,true,false,3,3,0,0,0,0,0.0,true,1780985040010889929
1780985040215263981,true,false,3,3,0,0,0,0,0.0,true,1780985040198533520
1780985040317534655,true,false,3,3,0,0,0,0,0.0,true,1780985040305123762
1780985040415134594,true,false,3,3,0,0,0,0,0.0,true,1780985040305123762
1780985040514829163,true,false,3,3,0,0,0,0,0.0,true,1780985040512342902
1780985040614747033,true,false,3,3,0,0,0,0,0.0,true,1780985040577167200
1780985040715618191,true,false,3,3,0,0,0,0,0.0,true,1780985040577167200
1780985040814906471,true,false,3,3,0,0,0,0,0.0,true,1780985040809458837
1780985040916520823,true,false,3,3,0,0,0,0,0.0,true,1780985040854287174
1780985041015640928,true,false,3,3,0,0,0,0,0.0,true,1780985040854287174
1780985041114866034,true,false,3,3,0,0,0,0,0.0,true,1780985041097602778
1780985041214708302,true,false,3,3,0,0,0,0,0.0,true,1780985041128563475
1780985041314920101,true,false,3,3,0,0,0,0,0.0,true,1780985041305214993
1780985041415961716,true,false,3,3,0,0,0,0,0.0,true,1780985041402227916
1780985041514772893,true,false,3,3,0,0,0,0,0.0,true,1780985041402227916
1780985041614873717,true,false,3,3,0,0,0,0,0.0,true,1780985041614836683
1780985041715462080,true,false,3,3,0,0,0,0,0.0,true,1780985041685998148
1780985041815159668,true,false,3,3,0,0,0,0,0.0,true,1780985041685998148
1780985041915600158,true,false,3,3,0,0,0,0,0.0,true,1780985041912148944
1780985042015200452,true,false,3,3,0,0,0,0,0.0,true,1780985041966810555
1780985042115068864,true,false,3,3,0,0,0,0,0.0,true,1780985041966810555
1780985042215396756,true,false,3,3,0,0,0,0,0.0,true,1780985042207705753
1780985042314811179,true,false,3,3,0,0,0,0,0.0,true,1780985042287890229
1780985042415071276,true,false,3,3,0,0,0,0,0.0,true,1780985042287890229
1780985042514886996,true,false,3,3,0,0,0,0,0.0,true,1780985042506101385
1780985042614805186,true,false,3,3,0,0,0,0,0.0,true,1780985042567345759
1780985042714645399,true,false,3,3,0,0,0,0,0.0,true,1780985042567345759
1780985042814732297,true,false,3,3,0,0,0,0,0.0,true,1780985042803982817
1780985042915603130,true,false,3,3,0,0,0,0,0.0,true,1780985042842345090
1780985043014875610,true,false,3,3,0,0,0,0,0.0,true,1780985042998998266
1780985043115395281,true,false,3,3,0,0,0,0,0.0,true,1780985043113806310
1780985043214752179,true,false,3,3,0,0,0,0,0.0,true,1780985043127522287
1780985043315161779,true,false,3,3,0,0,0,0,0.0,true,1780985043305550174
1780985043414804753,true,false,3,3,0,0,0,0,0.0,true,1780985043403977690
1780985043515516287,true,false,3,3,0,0,0,0,0.0,true,1780985043403977690
1780985043615022736,true,false,3,3,0,0,0,0,0.0,true,1780985043613582392
1780985043720535678,true,false,3,3,0,0,0,0,0.0,true,1780985043678179118
1780985043821444496,true,false,3,3,0,0,0,0,0.0,true,1780985043678179118
1780985043922525884,true,false,3,3,0,0,0,0,0.0,true,1780985043912141662
1780985044021139007,true,false,3,3,0,0,0,0,0.0,true,1780985043950746911
1780985044120808050,true,false,3,3,0,0,0,0,0.0,true,1780985044108145490
1780985044221117166,true,false,3,3,0,0,0,0,0.0,true,1780985044205607883
1780985044320931201,true,false,3,3,0,0,0,0,0.0,true,1780985044224101776
1780985044421492865,true,false,3,3,0,0,0,0,0.0,true,1780985044419017574
1780985044523518013,true,false,3,3,0,0,0,0,0.0,true,1780985044497320896
1780985044620839516,true,false,3,3,0,0,0,0,0.0,true,1780985044497320896
1780985044720670333,true,false,3,3,0,0,0,0,0.0,true,1780985044710257175
1780985044820747633,true,false,3,3,0,0,0,0,0.0,true,1780985044768196411
1780985044921363695,true,false,3,3,0,0,0,0,0.0,true,1780985044768196411
1780985045020835987,true,false,3,3,0,0,0,0,0.0,true,1780985045019622342
1780985045121539581,true,false,3,3,0,0,0,0,0.0,true,1780985045038484616
1780985045220773502,true,false,3,3,0,0,0,0,0.0,true,1780985045218347713
1780985045326550467,true,false,3,3,0,0,0,0,0.0,true,1780985045316568715
1780985045427099274,true,false,3,3,0,0,0,0,0.0,true,1780985045316568715
1780985045526775729,true,false,3,3,0,0,0,0,0.0,true,1780985045516327075
1780985045627030620,true,false,3,3,0,0,0,0,0.0,true,1780985045601004804
1780985045727171416,true,false,3,3,0,0,0,0,0.0,true,1780985045601004804
1780985045827401735,true,false,3,3,0,0,0,0,0.0,true,1780985045823931149
1780985045927521021,true,false,3,3,0,0,0,0,0.0,true,1780985045887485688
1780985046027431150,true,false,3,3,0,0,0,0,0.0,true,1780985045887485688
1780985046127543895,true,false,3,3,0,0,0,0,0.0,true,1780985046120388580
1780985046227386917,true,false,3,3,0,0,0,0,0.0,true,1780985046161965036
1780985046327145199,true,false,3,3,0,0,0,0,0.0,true,1780985046316573524
1780985046427025793,true,false,3,3,0,0,0,0,0.0,true,1780985046396133657
1780985046527538128,true,false,3,3,0,0,0,0,0.0,true,1780985046437454072
1780985046626735802,true,false,3,3,0,0,0,0,0.0,true,1780985046617109494
1780985046727355721,true,false,3,3,0,0,0,0,0.0,true,1780985046720789624
1780985046826938981,true,false,3,3,0,0,0,0,0.0,true,1780985046720789624
1780985046927443803,true,false,3,3,0,0,0,0,0.0,true,1780985046924058541
1780985047026888768,true,false,3,3,0,0,0,0,0.0,true,1780985047004664752
1780985047126745757,true,false,3,3,0,0,0,0,0.0,true,1780985047004664752
1780985047226966196,true,false,3,3,0,0,0,0,0.0,true,1780985047226911018
1780985047329622044,true,false,3,3,0,0,0,0,0.0,true,1780985047288573161
1780985047427663571,true,false,3,3,0,0,0,0,0.0,true,1780985047288573161
1780985047526834362,true,false,3,3,0,0,0,0,0.0,true,1780985047525411007
1780985047628532368,true,false,3,3,0,0,0,0,0.0,true,1780985047565423325
1780985047726987703,true,false,3,3,0,0,0,0,0.0,true,1780985047565423325
1780985047827146351,true,false,3,3,0,0,0,0,0.0,true,1780985047823565221
1780985047930896076,true,false,3,3,0,0,0,0,0.0,true,1780985047872343284
1780985048026630020,true,false,3,3,0,0,0,0,0.0,true,1780985047872343284
1780985048126920658,true,false,3,3,0,0,0,0,0.0,true,1780985048126830744
1780985048227646731,true,false,3,3,0,0,0,0,0.0,true,1780985048158327254
1780985048326805421,true,false,3,3,0,0,0,0,0.0,true,1780985048158327254
1780985048427575276,true,false,3,3,0,0,0,0,0.0,true,1780985048424174412
1780985048527178428,true,false,3,3,0,0,0,0,0.0,true,1780985048468380251
1780985048627643830,true,false,3,3,0,0,0,0,0.0,true,1780985048468380251
1780985048728528985,true,false,3,3,0,0,0,0,0.0,true,1780985048715455372
1780985048827660472,true,false,3,3,0,0,0,0,0.0,true,1780985048753529053
1780985048927619093,true,false,3,3,0,0,0,0,0.0,true,1780985048916139054
1780985049027663247,true,false,3,3,0,0,0,0,0.0,true,1780985048995914905
1780985049127510709,true,false,3,3,0,0,0,0,0.0,true,1780985049029920754
1780985049227004302,true,false,3,3,0,0,0,0,0.0,true,1780985049217436170
1780985049329708535,true,false,3,3,0,0,0,0,0.0,true,1780985049304707062
1780985049430766008,true,false,3,3,0,0,0,0,0.0,true,1780985049304707062
1780985049527014201,true,false,3,3,0,0,0,0,0.0,true,1780985049304707062
1780985049626900578,true,false,3,3,0,0,0,0,0.0,true,1780985049618750975
1780985049727751514,true,false,3,3,0,0,0,0,0.0,true,1780985049644162369
1780985049826995615,true,false,3,3,0,0,0,0,0.0,true,1780985049824496010
1780985049930736937,true,false,3,3,0,0,0,0,0.0,true,1780985049920388028
1780985050026797755,true,false,3,3,0,0,0,0,0.0,true,1780985049920388028
1780985050127011406,true,false,3,3,0,0,0,0,0.0,true,1780985050121509035
1780985050227518044,true,false,3,3,0,0,0,0,0.0,true,1780985050202709539
1780985050326835475,true,false,3,3,0,0,0,0,0.0,true,1780985050202709539
1780985050427304460,true,false,3,3,0,0,0,0,0.0,true,1780985050422840892
1780985050526814162,true,false,3,3,0,0,0,0,0.0,true,1780985050481046179
1780985050627130493,true,false,3,3,0,0,0,0,0.0,true,1780985050481046179
1780985050727525542,true,false,3,3,0,0,0,0,0.0,true,1780985050717036260
1780985050827085471,true,false,3,3,0,0,0,0,0.0,true,1780985050751170772
1780985050926987630,true,false,3,3,0,0,0,0,0.0,true,1780985050915455123
1780985051026606383,true,false,3,3,0,0,0,0,0.0,true,1780985051026052477
1780985051126748156,true,false,3,3,0,0,0,0,0.0,true,1780985051026052477
1780985051227105666,true,false,3,3,0,0,0,0,0.0,true,1780985051220580419
1780985051328545399,true,false,3,3,0,0,0,0,0.0,true,1780985051306045108
1780985051426689363,true,false,3,3,0,0,0,0,0.0,true,1780985051306045108
1780985051527215973,true,false,3,3,0,0,0,0,0.0,true,1780985051524613770
1780985051629666765,true,false,3,3,0,0,0,0,0.0,true,1780985051582566940
1780985051727425103,true,false,3,3,0,0,0,0,0.0,true,1780985051582566940
1780985051826717593,true,false,3,3,0,0,0,0,0.0,true,1780985051819290885
1780985051927142125,true,false,3,3,0,0,0,0,0.0,true,1780985051866446470
1780985052027507585,true,false,3,3,0,0,0,0,0.0,true,1780985051866446470
1780985052127673640,true,false,3,3,0,0,0,0,0.0,true,1780985052115797346
1780985052227139993,true,false,3,3,0,0,0,0,0.0,true,1780985052150557558
1780985052326703779,true,false,3,3,0,0,0,0,0.0,true,1780985052311921028
1780985052427591356,true,false,3,3,0,0,0,0,0.0,true,1780985052423174585
1780985052526812862,true,false,3,3,0,0,0,0,0.0,true,1780985052430684277
1780985052627475471,true,false,3,3,0,0,0,0,0.0,true,1780985052623979941
1780985052731728720,true,false,3,3,0,0,0,0,0.0,true,1780985052708946769
1780985052833295125,true,false,3,3,0,0,0,0,0.0,true,1780985052708946769
1780985052933022123,true,false,3,3,0,0,0,0,0.0,true,1780985052930601905
1780985053032753955,true,false,3,3,0,0,0,0,0.0,true,1780985052988720159
1780985053132783749,true,false,3,3,0,0,0,0,0.0,true,1780985052988720159
1780985053235512329,true,false,3,3,0,0,0,0,0.0,true,1780985053225911711
1780985053333658936,true,false,3,3,0,0,0,0,0.0,true,1780985053263878005
1780985053432708910,true,false,3,3,0,0,0,0,0.0,true,1780985053421627431
1780985053532797033,true,false,3,3,0,0,0,0,0.0,true,1780985053530264097
1780985053635555977,true,false,3,3,0,0,0,0,0.0,true,1780985053538226942
1780985053732584021,true,false,3,3,0,0,0,0,0.0,true,1780985053732114086
1780985053834565463,true,false,3,3,0,0,0,0,0.0,true,1780985053815940549
1780985053933171258,true,false,3,3,0,0,0,0,0.0,true,1780985053815940549
1780985054033042140,true,false,3,3,0,0,0,0,0.0,true,1780985054028476640
1780985054134510042,true,false,3,3,0,0,0,0,0.0,true,1780985054093077871
1780985054233643202,true,false,3,3,0,0,0,0,0.0,true,1780985054093077871
1780985054333618143,true,false,3,3,0,0,0,0,0.0,true,1780985054330075452
1780985054433446749,true,false,3,3,0,0,0,0,0.0,true,1780985054382215854
1780985054532671323,true,false,3,3,0,0,0,0,0.0,true,1780985054382215854
1780985054633399345,true,false,3,3,0,0,0,0,0.0,true,1780985054621158366
1780985054732820011,true,false,3,3,0,0,0,0,0.0,true,1780985054699736856
1780985054833632825,true,false,3,3,0,0,0,0,0.0,true,1780985054825854061
1780985054933182704,true,false,3,3,0,0,0,0,0.0,true,1780985054921772935
1780985055034501131,true,false,3,3,0,0,0,0,0.0,true,1780985054961743363
1780985055133072066,true,false,3,3,0,0,0,0,0.0,true,1780985055127362420
1780985055232764550,true,false,3,3,0,0,0,0,0.0,true,1780985055213036943
1780985055332675127,true,false,3,3,0,0,0,0,0.0,true,1780985055213036943
1780985055432953722,true,false,3,3,0,0,0,0,0.0,true,1780985055422640273
1780985055532715800,true,false,3,3,0,0,0,0,0.0,true,1780985055465820485
1780985055633061083,true,false,3,3,0,0,0,0,0.0,true,1780985055631660768
1780985055733420960,true,false,3,3,0,0,0,0,0.0,true,1780985055726813557
1780985055833512053,true,false,3,3,0,0,0,0,0.0,true,1780985055726813557
1780985055933585165,true,false,3,3,0,0,0,0,0.0,true,1780985055926736674
1780985056032832056,true,false,3,3,0,0,0,0,0.0,true,1780985056008636327
1780985056133149112,true,false,3,3,0,0,0,0,0.0,true,1780985056008636327
1780985056232996967,true,false,3,3,0,0,0,0,0.0,true,1780985056229451427
1780985056334526004,true,false,3,3,0,0,0,0,0.0,true,1780985056326886851
1780985056432855923,true,false,3,3,0,0,0,0,0.0,true,1780985056326886851
1780985056532827759,true,false,3,3,0,0,0,0,0.0,true,1780985056512388751
1780985056633142058,true,false,3,3,0,0,0,0,0.0,true,1780985056592311161
1780985056733166180,true,false,3,3,0,0,0,0,0.0,true,1780985056726443061
1780985056834520993,true,false,3,3,0,0,0,0,0.0,true,1780985056829346111
1780985056933351475,true,false,3,3,0,0,0,0,0.0,true,1780985056867313705
1780985057032780802,true,false,3,3,0,0,0,0,0.0,true,1780985057021133182
1780985057132945336,true,false,3,3,0,0,0,0,0.0,true,1780985057106284271
1780985057233108175,true,false,3,3,0,0,0,0,0.0,true,1780985057146693184
1780985057333589648,true,false,3,3,0,0,0,0,0.0,true,1780985057330133527
1780985057432944513,true,false,3,3,0,0,0,0,0.0,true,1780985057407511816
1780985057533565036,true,false,3,3,0,0,0,0,0.0,true,1780985057407511816
1780985057632775431,true,false,3,3,0,0,0,0,0.0,true,1780985057624947164
1780985057732783116,true,false,3,3,0,0,0,0,0.0,true,1780985057659559858
1780985057833565806,true,false,3,3,0,0,0,0,0.0,true,1780985057817878147
1780985057933462606,true,false,3,3,0,0,0,0,0.0,true,1780985057930052742
1780985058032768172,true,false,3,3,0,0,0,0,0.0,true,1780985057930052742
1780985058132658563,true,false,3,3,0,0,0,0,0.0,true,1780985058120976410
1780985058235546551,true,false,3,3,0,0,0,0,0.0,true,1780985058207671397
1780985058332900980,true,false,3,3,0,0,0,0,0.0,true,1780985058207671397
1780985058432869949,true,false,3,3,0,0,0,0,0.0,true,1780985058429258656
1780985058533488621,true,false,3,3,0,0,0,0,0.0,true,1780985058484308592
1780985058633202195,true,false,3,3,0,0,0,0,0.0,true,1780985058484308592
1780985058732889397,true,false,3,3,0,0,0,0,0.0,true,1780985058722606347
1780985058836546360,true,false,3,3,0,0,0,0,0.0,true,1780985058757210748
1780985058933632347,true,false,3,3,0,0,0,0,0.0,true,1780985058919938401
1780985059032780393,true,false,3,3,0,0,0,0,0.0,true,1780985059016842659
1780985059134523386,true,false,3,3,0,0,0,0,0.0,true,1780985059035661306
1780985059233311123,true,false,3,3,0,0,0,0,0.0,true,1780985059224615338
1780985059334589199,true,false,3,3,0,0,0,0,0.0,true,1780985059311228710
1780985059433120306,true,false,3,3,0,0,0,0,0.0,true,1780985059311228710
1780985059533536346,true,false,3,3,0,0,0,0,0.0,true,1780985059531114757
1780985059633222898,true,false,3,3,0,0,0,0,0.0,true,1780985059589535771
1780985059733478831,true,false,3,3,0,0,0,0,0.0,true,1780985059589535771
1780985059833186612,true,false,3,3,0,0,0,0,0.0,true,1780985059826306465
1780985059932725333,true,false,3,3,0,0,0,0,0.0,true,1780985059864301632
1780985060032934224,true,false,3,3,0,0,0,0,0.0,true,1780985060024267758
1780985060132920269,true,false,3,3,0,0,0,0,0.0,true,1780985060102679739
1780985060233227083,true,false,3,3,0,0,0,0,0.0,true,1780985060143495978
1780985060333196796,true,false,3,3,0,0,0,0,0.0,true,1780985060321577347
1780985060434387183,true,false,3,3,0,0,0,0,0.0,true,1780985060417483997
1780985060533501188,true,false,3,3,0,0,0,0,0.0,true,1780985060417483997
1780985060633387348,true,false,3,3,0,0,0,0,0.0,true,1780985060628804496
1780985060732849444,true,false,3,3,0,0,0,0,0.0,true,1780985060712882658
1780985060832887272,true,false,3,3,0,0,0,0,0.0,true,1780985060712882658
1780985060933123868,true,false,3,3,0,0,0,0,0.0,true,1780985060922255453
1780985061033456774,true,false,3,3,0,0,0,0,0.0,true,1780985061028741453
1780985061133522624,true,false,3,3,0,0,0,0,0.0,true,1780985061028741453
1780985061232693873,true,false,3,3,0,0,0,0,0.0,true,1780985061228123717
1780985061337500247,true,false,3,3,0,0,0,0,0.0,true,1780985061311600621
1780985061438080183,true,false,3,3,0,0,0,0,0.0,true,1780985061311600621
1780985061537750492,true,false,3,3,0,0,0,0,0.0,true,1780985061537355633
1780985061638472621,true,false,3,3,0,0,0,0,0.0,true,1780985061583164308
1780985061738098061,true,false,3,3,0,0,0,0,0.0,true,1780985061583164308
1780985061838521978,true,false,3,3,0,0,0,0,0.0,true,1780985061831871368
1780985061938150371,true,false,3,3,0,0,0,0,0.0,true,1780985061864061973
1780985062038252728,true,false,3,3,0,0,0,0,0.0,true,1780985062030540103
1780985062137812064,true,false,3,3,0,0,0,0,0.0,true,1780985062112572780
1780985062238286541,true,false,3,3,0,0,0,0,0.0,true,1780985062162219515
1780985062337940374,true,false,3,3,0,0,0,0,0.0,true,1780985062331466176
1780985062438645078,true,false,3,3,0,0,0,0,0.0,true,1780985062431928182
1780985062538358831,true,false,3,3,0,0,0,0,0.0,true,1780985062448578201
1780985062638354295,true,false,3,3,0,0,0,0,0.0,true,1780985062633916024
1780985062737779314,true,false,3,3,0,0,0,0,0.0,true,1780985062725128229
1780985062838359108,true,false,3,3,0,0,0,0,0.0,true,1780985062725128229
1780985062937897449,true,false,3,3,0,0,0,0,0.0,true,1780985062931396057
1780985063038541156,true,false,3,3,0,0,0,0,0.0,true,1780985063020623189
1780985063138218301,true,false,3,3,0,0,0,0,0.0,true,1780985063020623189
1780985063238026194,true,false,3,3,0,0,0,0,0.0,true,1780985063226312907
1780985063337808097,true,false,3,3,0,0,0,0,0.0,true,1780985063293750501
1780985063438477802,true,false,3,3,0,0,0,0,0.0,true,1780985063293750501
1780985063538238850,true,false,3,3,0,0,0,0,0.0,true,1780985063532773979
1780985063637928254,true,false,3,3,0,0,0,0,0.0,true,1780985063567296105
1780985063738289550,true,false,3,3,0,0,0,0,0.0,true,1780985063730787554
1780985063837830892,true,false,3,3,0,0,0,0,0.0,true,1780985063810145189
1780985063938534940,true,false,3,3,0,0,0,0,0.0,true,1780985063841194597
1780985064037699824,true,false,3,3,0,0,0,0,0.0,true,1780985064035247807
1780985064138610449,true,false,3,3,0,0,0,0,0.0,true,1780985064110712611
1780985064237896212,true,false,3,3,0,0,0,0,0.0,true,1780985064141370349
1780985064337759038,true,false,3,3,0,0,0,0,0.0,true,1780985064328039019
1780985064438507752,true,false,3,3,0,0,0,0,0.0,true,1780985064414759480
1780985064538116453,true,false,3,3,0,0,0,0,0.0,true,1780985064414759480
1780985064638248618,true,false,3,3,0,0,0,0,0.0,true,1780985064634465642
1780985064740531327,true,false,3,3,0,0,0,0,0.0,true,1780985064690965055
1780985064837989185,true,false,3,3,0,0,0,0,0.0,true,1780985064690965055
1780985064938396881,true,false,3,3,0,0,0,0,0.0,true,1780985064921743014
1780985065038638051,true,false,3,3,0,0,0,0,0.0,true,1780985064968989754
1780985065138371888,true,false,3,3,0,0,0,0,0.0,true,1780985065130819890
1780985065237816331,true,false,3,3,0,0,0,0,0.0,true,1780985065221713438
1780985065337734767,true,false,3,3,0,0,0,0,0.0,true,1780985065242706544
1780985065437956749,true,false,3,3,0,0,0,0,0.0,true,1780985065429401159
1780985065537864346,true,false,3,3,0,0,0,0,0.0,true,1780985065514878812
1780985065638136661,true,false,3,3,0,0,0,0,0.0,true,1780985065514878812
1780985065738521373,true,false,3,3,0,0,0,0,0.0,true,1780985065733146480
1780985065837916989,true,false,3,3,0,0,0,0,0.0,true,1780985065789706962
1780985065938489567,true,false,3,3,0,0,0,0,0.0,true,1780985065789706962
1780985066039554518,true,false,3,3,0,0,0,0,0.0,true,1780985066027836494
1780985066138510812,true,false,3,3,0,0,0,0,0.0,true,1780985066061404248
1780985066237744795,true,false,3,3,0,0,0,0,0.0,true,1780985066220106582
1780985066337682293,true,false,3,3,0,0,0,0,0.0,true,1780985066328852603
1780985066437808276,true,false,3,3,0,0,0,0,0.0,true,1780985066337290325
1780985066537927843,true,false,3,3,0,0,0,0,0.0,true,1780985066537878197
1780985066638480191,true,false,3,3,0,0,0,0,0.0,true,1780985066620446980
1780985066738607503,true,false,3,3,0,0,0,0,0.0,true,1780985066620446980
1780985066838128376,true,false,3,3,0,0,0,0,0.0,true,1780985066825442727
1780985066937829351,true,false,3,3,0,0,0,0,0.0,true,1780985066917594218
1780985067038536037,true,false,3,3,0,0,0,0,0.0,true,1780985066917594218
1780985067137856183,true,false,3,3,0,0,0,0,0.0,true,1780985067124906278
1780985067237814645,true,false,3,3,0,0,0,0,0.0,true,1780985067206195602
1780985067337753683,true,false,3,3,0,0,0,0,0.0,true,1780985067206195602
1780985067437796582,true,false,3,3,0,0,0,0,0.0,true,1780985067427972591
1780985067540570998,true,false,3,3,0,0,0,0,0.0,true,1780985067491184330
1780985067638415508,true,false,3,3,0,0,0,0,0.0,true,1780985067491184330
1780985067737997951,true,false,3,3,0,0,0,0,0.0,true,1780985067733965896
1780985067837802143,true,false,3,3,0,0,0,0,0.0,true,1780985067791923097
1780985067938599703,true,false,3,3,0,0,0,0,0.0,true,1780985067791923097
1780985068038527203,true,false,3,3,0,0,0,0,0.0,true,1780985068028786286
1780985068137838974,true,false,3,3,0,0,0,0,0.0,true,1780985068068196357
1780985068238026907,true,false,3,3,0,0,0,0,0.0,true,1780985068227371676
1780985068337905956,true,false,3,3,0,0,0,0,0.0,true,1780985068307064629
1780985068440325488,true,false,3,3,0,0,0,0,0.0,true,1780985068348547062
1780985068537724490,true,false,3,3,0,0,0,0,0.0,true,1780985068528137467
1780985068638609768,true,false,3,3,0,0,0,0,0.0,true,1780985068626320860
1780985068737801558,true,false,3,3,0,0,0,0,0.0,true,1780985068626320860
1780985068838407940,true,false,3,3,0,0,0,0,0.0,true,1780985068829013684
1780985068941537487,true,false,3,3,0,0,0,0,0.0,true,1780985068905340213
1780985069038456022,true,false,3,3,0,0,0,0,0.0,true,1780985068905340213
1780985069137862374,true,false,3,3,0,0,0,0,0.0,true,1780985069135955327
1780985069238085312,true,false,3,3,0,0,0,0,0.0,true,1780985069177640394
1780985069337969321,true,false,3,3,0,0,0,0,0.0,true,1780985069177640394
1780985069437730850,true,false,3,3,0,0,0,0,0.0,true,1780985069433196259
1780985069537890688,true,false,3,3,0,0,0,0,0.0,true,1780985069439765059
1780985069638040659,true,false,3,3,0,0,0,0,0.0,true,1780985069439765059
1780985069738547061,true,false,3,3,0,0,0,0,0.0,true,1780985069726658580
1780985069838623947,true,false,3,3,0,0,0,0,0.0,true,1780985069748099615
1780985069938217433,true,false,3,3,0,0,0,0,0.0,true,1780985069748099615
1780985070038415823,true,false,3,3,0,0,0,0,0.0,true,1780985070036972293
1780985070137780701,true,false,3,3,0,0,0,0,0.0,true,1780985070042625405
1780985070237927160,true,false,3,3,0,0,0,0,0.0,true,1780985070042625405
1780985070338939770,true,false,3,3,0,0,0,0,0.0,true,1780985070329816979
1780985070437780610,true,false,3,3,0,0,0,0,0.0,true,1780985070338689343
1780985070537852324,true,false,3,3,0,0,0,0,0.0,true,1780985070338689343
1780985070637740825,true,false,3,3,0,0,0,0,0.0,true,1780985070622004498
1780985070737818018,true,false,3,3,0,0,0,0,0.0,true,1780985070701447608
1780985070838398523,true,false,3,3,0,0,0,0,0.0,true,1780985070701447608
1780985070937762518,true,false,3,3,0,0,0,0,0.0,true,1780985070925103175
1780985071038206481,true,false,3,3,0,0,0,0,0.0,true,1780985070984496896
1780985071137928523,true,false,3,3,0,0,0,0,0.0,true,1780985070984496896
1780985071237775195,true,false,3,3,0,0,0,0,0.0,true,1780985071223263492
1780985071339567814,true,false,3,3,0,0,0,0,0.0,true,1780985071261090570
1780985071437822810,true,false,3,3,0,0,0,0,0.0,true,1780985071436321380
1780985071543546894,true,false,3,3,0,0,0,0,0.0,true,1780985071532565821
1780985071643902403,true,false,3,3,0,0,0,0,0.0,true,1780985071532565821
1780985071743948530,true,false,3,3,0,0,0,0,0.0,true,1780985071740364396
1780985071845541966,true,false,3,3,0,0,0,0,0.0,true,1780985071822376405
1780985071943893700,true,false,3,3,0,0,0,0,0.0,true,1780985071822376405
1780985072043750489,true,false,3,3,0,0,0,0,0.0,true,1780985072038076794
1780985072143906435,true,false,3,3,0,0,0,0,0.0,true,1780985072125217858
1780985072244278950,true,false,3,3,0,0,0,0,0.0,true,1780985072125217858
1780985072343691335,true,false,3,3,0,0,0,0,0.0,true,1780985072342240017
1780985072446168235,true,false,3,3,0,0,0,0,0.0,true,1780985072402212834
1780985072544531511,true,false,3,3,0,0,0,0,0.0,true,1780985072402212834
1780985072644033430,true,false,3,3,0,0,0,0,0.0,true,1780985072643972338
1780985072744519193,true,false,3,3,0,0,0,0,0.0,true,1780985072685630989
1780985072843773468,true,false,3,3,0,0,0,0,0.0,true,1780985072685630989
1780985072943843380,true,false,3,3,0,0,0,0,0.0,true,1780985072924633068
1780985073043790396,true,false,3,3,0,0,0,0,0.0,true,1780985072962725702
1780985073144525955,true,false,3,3,0,0,0,0,0.0,true,1780985072962725702
1780985073249682374,true,false,3,3,0,0,0,0,0.0,true,1780985073234351278
1780985073351504285,true,false,3,3,0,0,0,0,0.0,true,1780985073234351278
1780985073451443586,true,false,3,3,0,0,0,0,0.0,true,1780985073447723465
1780985073551560183,true,false,3,3,0,0,0,0,0.0,true,1780985073531945051
1780985073650995889,true,false,3,3,0,0,0,0,0.0,true,1780985073531945051
1780985073751191988,true,false,3,3,0,0,0,0,0.0,true,1780985073748621298
1780985073851323060,true,false,3,3,0,0,0,0,0.0,true,1780985073807714213
1780985073950677425,true,false,3,3,0,0,0,0,0.0,true,1780985073807714213
1780985074050712591,true,false,3,3,0,0,0,0,0.0,true,1780985074043407892
1780985074150651875,true,false,3,3,0,0,0,0,0.0,true,1780985074084174471
1780985074251092303,true,false,3,3,0,0,0,0,0.0,true,1780985074240483554
1780985074351073694,true,false,3,3,0,0,0,0,0.0,true,1780985074351051289
1780985074452557670,true,false,3,3,0,0,0,0,0.0,true,1780985074361795166
1780985074551413964,true,false,3,3,0,0,0,0,0.0,true,1780985074543717866
1780985074651377990,true,false,3,3,0,0,0,0,0.0,true,1780985074640797172
1780985074751496626,true,false,3,3,0,0,0,0,0.0,true,1780985074640797172
1780985074851426796,true,false,3,3,0,0,0,0,0.0,true,1780985074841787223
1780985074950914274,true,false,3,3,0,0,0,0,0.0,true,1780985074922427252
1780985075050788553,true,false,3,3,0,0,0,0,0.0,true,1780985074922427252
1780985075150966315,true,false,3,3,0,0,0,0,0.0,true,1780985075142174095
1780985075250960618,true,false,3,3,0,0,0,0,0.0,true,1780985075199058919
1780985075351551561,true,false,3,3,0,0,0,0,0.0,true,1780985075199058919
1780985075450757961,true,false,3,3,0,0,0,0,0.0,true,1780985075436054955
1780985075551145436,true,false,3,3,0,0,0,0,0.0,true,1780985075472840228
1780985075651076196,true,false,3,3,0,0,0,0,0.0,true,1780985075634098342
1780985075751077313,true,false,3,3,0,0,0,0,0.0,true,1780985075751049003
1780985075850918847,true,false,3,3,0,0,0,0,0.0,true,1780985075751049003
1780985075950786575,true,false,3,3,0,0,0,0,0.0,true,1780985075947038239
1780985076052556803,true,false,3,3,0,0,0,0,0.0,true,1780985076025945290
1780985076151494677,true,false,3,3,0,0,0,0,0.0,true,1780985076025945290
1780985076251181748,true,false,3,3,0,0,0,0,0.0,true,1780985076244429636
1780985076355529933,true,false,3,3,0,0,0,0,0.0,true,1780985076301856716
1780985076456280502,true,false,3,3,0,0,0,0,0.0,true,1780985076301856716
1780985076555741837,true,false,3,3,0,0,0,0,0.0,true,1780985076543726325
1780985076655858370,true,false,3,3,0,0,0,0,0.0,true,1780985076578160311
1780985076756016936,true,false,3,3,0,0,0,0,0.0,true,1780985076755955533
1780985076855769415,true,false,3,3,0,0,0,0,0.0,true,1780985076835798006
1780985076955947176,true,false,3,3,0,0,0,0,0.0,true,1780985076863014715
1780985077056115605,true,false,3,3,0,0,0,0,0.0,true,1780985077054656566
1780985077155811331,true,false,3,3,0,0,0,0,0.0,true,1780985077147789213
1780985077255938305,true,false,3,3,0,0,0,0,0.0,true,1780985077147789213
1780985077356430879,true,false,3,3,0,0,0,0,0.0,true,1780985077352926053
1780985077458511880,true,false,3,3,0,0,0,0,0.0,true,1780985077437616392
1780985077556092083,true,false,3,3,0,0,0,0,0.0,true,1780985077437616392
1780985077656614198,true,false,3,3,0,0,0,0,0.0,true,1780985077651047999
1780985077756150708,true,false,3,3,0,0,0,0,0.0,true,1780985077718408151
1780985077856576325,true,false,3,3,0,0,0,0,0.0,true,1780985077718408151
1780985077955840428,true,false,3,3,0,0,0,0,0.0,true,1780985077955822322
1780985078055899585,true,false,3,3,0,0,0,0,0.0,true,1780985078026552265
1780985078156349109,true,false,3,3,0,0,0,0,0.0,true,1780985078026552265
1780985078256404980,true,false,3,3,0,0,0,0,0.0,true,1780985078248825128
1780985078356079588,true,false,3,3,0,0,0,0,0.0,true,1780985078308959968
1780985078455738883,true,false,3,3,0,0,0,0,0.0,true,1780985078308959968
1780985078556530096,true,false,3,3,0,0,0,0,0.0,true,1780985078547006230
1780985078655858314,true,false,3,3,0,0,0,0,0.0,true,1780985078583101747
1780985078756529564,true,false,3,3,0,0,0,0,0.0,true,1780985078743745590
1780985078856339510,true,false,3,3,0,0,0,0,0.0,true,1780985078851730107
1780985078956509781,true,false,3,3,0,0,0,0,0.0,true,1780985078859627436
1780985079056132185,true,false,3,3,0,0,0,0,0.0,true,1780985079054629505
1780985079155797265,true,false,3,3,0,0,0,0,0.0,true,1780985079133557413
1780985079256084421,true,false,3,3,0,0,0,0,0.0,true,1780985079133557413
1780985079356289081,true,false,3,3,0,0,0,0,0.0,true,1780985079348754594
1780985079457524535,true,false,3,3,0,0,0,0,0.0,true,1780985079421332607
1780985079556069190,true,false,3,3,0,0,0,0,0.0,true,1780985079421332607
1780985079655754802,true,false,3,3,0,0,0,0,0.0,true,1780985079645749744
1780985079755806309,true,false,3,3,0,0,0,0,0.0,true,1780985079725560958
1780985079855907804,true,false,3,3,0,0,0,0,0.0,true,1780985079725560958
1780985079955982517,true,false,3,3,0,0,0,0,0.0,true,1780985079947106108
1780985080055730112,true,false,3,3,0,0,0,0,0.0,true,1780985080017663974
1780985080155925306,true,false,3,3,0,0,0,0,0.0,true,1780985080017663974
1780985080256584685,true,false,3,3,0,0,0,0,0.0,true,1780985080248918428
1780985080355767834,true,false,3,3,0,0,0,0,0.0,true,1780985080309777171
1780985080456032949,true,false,3,3,0,0,0,0,0.0,true,1780985080309777171
1780985080557537192,true,false,3,3,0,0,0,0,0.0,true,1780985080549699539
1780985080655756750,true,false,3,3,0,0,0,0,0.0,true,1780985080588966830
1780985080755749560,true,false,3,3,0,0,0,0,0.0,true,1780985080588966830
1780985080858526778,true,false,3,3,0,0,0,0,0.0,true,1780985080848308547
1780985080956369717,true,false,3,3,0,0,0,0,0.0,true,1780985080886355429
1780985081055707766,true,false,3,3,0,0,0,0,0.0,true,1780985081044871852
1780985081156127075,true,false,3,3,0,0,0,0,0.0,true,1780985081123962863
1780985081256500087,true,false,3,3,0,0,0,0,0.0,true,1780985081165267485
1780985081356359181,true,false,3,3,0,0,0,0,0.0,true,1780985081353986999
1780985081455755692,true,false,3,3,0,0,0,0,0.0,true,1780985081436689335
1780985081556205015,true,false,3,3,0,0,0,0,0.0,true,1780985081436689335
1780985081655889431,true,false,3,3,0,0,0,0,0.0,true,1780985081655841203
1780985081756198765,true,false,3,3,0,0,0,0,0.0,true,1780985081721649920
1780985081856070106,true,false,3,3,0,0,0,0,0.0,true,1780985081721649920
1780985081955736178,true,false,3,3,0,0,0,0,0.0,true,1780985081948288710
1780985082056202865,true,false,3,3,0,0,0,0,0.0,true,1780985082009725293
1780985082155762158,true,false,3,3,0,0,0,0,0.0,true,1780985082009725293
1780985082255715570,true,false,3,3,0,0,0,0,0.0,true,1780985082252270833
1780985082356070288,true,false,3,3,0,0,0,0,0.0,true,1780985082292306894
1780985082456515829,true,false,3,3,0,0,0,0,0.0,true,1780985082453081767
1780985082555842022,true,false,3,3,0,0,0,0,0.0,true,1780985082532452159
1780985082657533802,true,false,3,3,0,0,0,0,0.0,true,1780985082573972897
1780985082756466856,true,false,3,3,0,0,0,0,0.0,true,1780985082738627037
1780985082855947884,true,false,3,3,0,0,0,0,0.0,true,1780985082849343072
1780985082958508643,true,false,3,3,0,0,0,0,0.0,true,1780985082856600210
1780985083055888510,true,false,3,3,0,0,0,0,0.0,true,1780985083050475741
1780985083159503277,true,false,3,3,0,0,0,0,0.0,true,1780985083128656039
1780985083256086954,true,false,3,3,0,0,0,0,0.0,true,1780985083128656039
1780985083356003443,true,false,3,3,0,0,0,0,0.0,true,1780985083347348925
1780985083456181349,true,false,3,3,0,0,0,0,0.0,true,1780985083404955348
1780985083556064591,true,false,3,3,0,0,0,0,0.0,true,1780985083404955348
1780985083655767530,true,false,3,3,0,0,0,0,0.0,true,1780985083643900796
1780985083755862173,true,false,3,3,0,0,0,0,0.0,true,1780985083683082632
1780985083856307474,true,false,3,3,0,0,0,0,0.0,true,1780985083839614698
1780985083956167039,true,false,3,3,0,0,0,0,0.0,true,1780985083950548738
1780985084055796610,true,false,3,3,0,0,0,0,0.0,true,1780985083957551726
1780985084155633463,true,false,3,3,0,0,0,0,0.0,true,1780985084155189817
1780985084259534129,true,false,3,3,0,0,0,0,0.0,true,1780985084233354212
1780985084356100099,true,false,3,3,0,0,0,0,0.0,true,1780985084233354212
1780985084455998471,true,false,3,3,0,0,0,0,0.0,true,1780985084449453673
1780985084561499748,true,false,3,3,0,0,0,0,0.0,true,1780985084518253134
1780985084662241666,true,false,3,3,0,0,0,0,0.0,true,1780985084518253134
1780985084762551778,true,false,3,3,0,0,0,0,0.0,true,1780985084755390120
1780985084862408098,true,false,3,3,0,0,0,0,0.0,true,1780985084790960066
1780985084962147792,true,false,3,3,0,0,0,0,0.0,true,1780985084946132256
1780985085061813348,true,false,3,3,0,0,0,0,0.0,true,1780985085061738498
1780985085162603859,true,false,3,3,0,0,0,0,0.0,true,1780985085061738498
1780985085262393192,true,false,3,3,0,0,0,0,0.0,true,1780985085260743735
1780985085362659185,true,false,3,3,0,0,0,0,0.0,true,1780985085339392310
1780985085462480787,true,false,3,3,0,0,0,0,0.0,true,1780985085339392310
1780985085561740103,true,false,3,3,0,0,0,0,0.0,true,1780985085548033772
1780985085661790684,true,false,3,3,0,0,0,0,0.0,true,1780985085609277425
1780985085762240534,true,false,3,3,0,0,0,0,0.0,true,1780985085609277425
1780985085862604958,true,false,3,3,0,0,0,0,0.0,true,1780985085848898179
1780985085961831531,true,false,3,3,0,0,0,0,0.0,true,1780985085920033227
1780985086062467023,true,false,3,3,0,0,0,0,0.0,true,1780985085920033227
1780985086162223172,true,false,3,3,0,0,0,0,0.0,true,1780985086159751488
1780985086264497579,true,false,3,3,0,0,0,0,0.0,true,1780985086205123747
1780985086362455338,true,false,3,3,0,0,0,0,0.0,true,1780985086205123747
1780985086464541650,true,false,3,3,0,0,0,0,0.0,true,1780985086449115421
1780985086562111120,true,false,3,3,0,0,0,0,0.0,true,1780985086488747693
1780985086662240091,true,false,3,3,0,0,0,0,0.0,true,1780985086655754881
1780985086761785653,true,false,3,3,0,0,0,0,0.0,true,1780985086734679246
1780985086863604510,true,false,3,3,0,0,0,0,0.0,true,1780985086776117452
1780985086962165817,true,false,3,3,0,0,0,0,0.0,true,1780985086958666479
1780985087061613726,true,false,3,3,0,0,0,0,0.0,true,1780985087061300161
1780985087164237277,true,false,3,3,0,0,0,0,0.0,true,1780985087061300161
1780985087262381709,true,false,3,3,0,0,0,0,0.0,true,1780985087259957782
1780985087361784852,true,false,3,3,0,0,0,0,0.0,true,1780985087342980946
1780985087462283481,true,false,3,3,0,0,0,0,0.0,true,1780985087342980946
1780985087561955177,true,false,3,3,0,0,0,0,0.0,true,1780985087556584952
1780985087664522472,true,false,3,3,0,0,0,0,0.0,true,1780985087623155037
1780985087762536613,true,false,3,3,0,0,0,0,0.0,true,1780985087623155037
1780985087861868490,true,false,3,3,0,0,0,0,0.0,true,1780985087852167292
1780985087962040149,true,false,3,3,0,0,0,0,0.0,true,1780985087899774366
1780985088062524904,true,false,3,3,0,0,0,0,0.0,true,1780985087899774366
1780985088163540107,true,false,3,3,0,0,0,0,0.0,true,1780985088155146908
1780985088262176963,true,false,3,3,0,0,0,0,0.0,true,1780985088193806777
1780985088362026387,true,false,3,3,0,0,0,0,0.0,true,1780985088357253610
1780985088461862095,true,false,3,3,0,0,0,0,0.0,true,1780985088435357884
1780985088562546955,true,false,3,3,0,0,0,0,0.0,true,1780985088474383326
1780985088661895663,true,false,3,3,0,0,0,0,0.0,true,1780985088656435240
1780985088761841726,true,false,3,3,0,0,0,0,0.0,true,1780985088736691360
1780985088861758219,true,false,3,3,0,0,0,0,0.0,true,1780985088774893211
1780985088962407566,true,false,3,3,0,0,0,0,0.0,true,1780985088944640411
1780985089062060400,true,false,3,3,0,0,0,0,0.0,true,1780985089060675026
1780985089161839089,true,false,3,3,0,0,0,0,0.0,true,1780985089060675026
1780985089261745129,true,false,3,3,0,0,0,0,0.0,true,1780985089260320259
1780985089361856897,true,false,3,3,0,0,0,0,0.0,true,1780985089339284470
1780985089462338342,true,false,3,3,0,0,0,0,0.0,true,1780985089339284470
1780985089562043230,true,false,3,3,0,0,0,0,0.0,true,1780985089556514922
1780985089664535168,true,false,3,3,0,0,0,0,0.0,true,1780985089637732399
1780985089762208566,true,false,3,3,0,0,0,0,0.0,true,1780985089637732399
1780985089861847101,true,false,3,3,0,0,0,0,0.0,true,1780985089860402749
1780985089962601340,true,false,3,3,0,0,0,0,0.0,true,1780985089920533393
1780985090062351503,true,false,3,3,0,0,0,0,0.0,true,1780985089920533393
1780985090162041559,true,false,3,3,0,0,0,0,0.0,true,1780985090160646132
1780985090261911086,true,false,3,3,0,0,0,0,0.0,true,1780985090198751249
1780985090361777210,true,false,3,3,0,0,0,0,0.0,true,1780985090359336791
1780985090461639019,true,false,3,3,0,0,0,0,0.0,true,1780985090438704637
1780985090564538741,true,false,3,3,0,0,0,0,0.0,true,1780985090475507144
1780985090661841476,true,false,3,3,0,0,0,0,0.0,true,1780985090658274114
1780985090762191581,true,false,3,3,0,0,0,0,0.0,true,1780985090757757586
1780985090861946664,true,false,3,3,0,0,0,0,0.0,true,1780985090757757586
1780985090962262488,true,false,3,3,0,0,0,0,0.0,true,1780985090957793557
1780985091064565114,true,false,3,3,0,0,0,0,0.0,true,1780985091035901410
1780985091162047707,true,false,3,3,0,0,0,0,0.0,true,1780985091035901410
1780985091262219757,true,false,3,3,0,0,0,0,0.0,true,1780985091252746203
1780985091362136489,true,false,3,3,0,0,0,0,0.0,true,1780985091310909130
1780985091462099502,true,false,3,3,0,0,0,0,0.0,true,1780985091310909130
1780985091561868329,true,false,3,3,0,0,0,0,0.0,true,1780985091559291029
1780985091661870973,true,false,3,3,0,0,0,0,0.0,true,1780985091630382992
1780985091762305292,true,false,3,3,0,0,0,0,0.0,true,1780985091630382992
1780985091862093871,true,false,3,3,0,0,0,0,0.0,true,1780985091851290413
1780985091961813912,true,false,3,3,0,0,0,0,0.0,true,1780985091906254791
1780985092061767320,true,false,3,3,0,0,0,0,0.0,true,1780985091906254791
1780985092164610933,true,false,3,3,0,0,0,0,0.0,true,1780985092149177866
1780985092264554126,true,false,3,3,0,0,0,0,0.0,true,1780985092248768699
1780985092362665051,true,false,3,3,0,0,0,0,0.0,true,1780985092248768699
1780985092462197721,true,false,3,3,0,0,0,0,0.0,true,1780985092452762446
1780985092564566095,true,false,3,3,0,0,0,0,0.0,true,1780985092556404855
1780985092661689197,true,false,3,3,0,0,0,0,0.0,true,1780985092556404855
1780985092761782830,true,false,3,3,0,0,0,0,0.0,true,1780985092744576394
1780985092862171323,true,false,3,3,0,0,0,0,0.0,true,1780985092822545160
1780985092962860917,true,false,3,3,0,0,0,0,0.0,true,1780985092953994618
1780985093062437986,true,false,3,3,0,0,0,0,0.0,true,1780985093029750223
1780985093162358875,true,false,3,3,0,0,0,0,0.0,true,1780985093122405674
1780985093261768921,true,false,3,3,0,0,0,0,0.0,true,1780985093246968770
1780985093362173001,true,false,3,3,0,0,0,0,0.0,true,1780985093358808316
1780985093462315952,true,false,3,3,0,0,0,0,0.0,true,1780985093414188942
1780985093562176317,true,false,3,3,0,0,0,0,0.0,true,1780985093557198656
1780985093662391885,true,false,3,3,0,0,0,0,0.0,true,1780985093659927900
1780985093762360233,true,false,3,3,0,0,0,0,0.0,true,1780985093704035022
1780985093862051290,true,false,3,3,0,0,0,0,0.0,true,1780985093846149249
1780985093961835778,true,false,3,3,0,0,0,0,0.0,true,1780985093960394869
1780985094064553291,true,false,3,3,0,0,0,0,0.0,true,1780985093997011804
1780985094162043266,true,false,3,3,0,0,0,0,0.0,true,1780985094156579350
1780985094261862476,true,false,3,3,0,0,0,0,0.0,true,1780985094223516872
1780985094362045796,true,false,3,3,0,0,0,0,0.0,true,1780985094262412862
1780985094462541979,true,false,3,3,0,0,0,0,0.0,true,1780985094450981043
1780985094562583184,true,false,3,3,0,0,0,0,0.0,true,1780985094528773928
1780985094662180768,true,false,3,3,0,0,0,0,0.0,true,1780985094655710610
1780985094762513153,true,false,3,3,0,0,0,0,0.0,true,1780985094753557009
1780985094861827548,true,false,3,3,0,0,0,0,0.0,true,1780985094791964633
1780985094961996201,true,false,3,3,0,0,0,0,0.0,true,1780985094958520016
1780985095061796509,true,false,3,3,0,0,0,0,0.0,true,1780985095033638855
1780985095162450317,true,false,3,3,0,0,0,0,0.0,true,1780985095033638855
1780985095261757108,true,false,3,3,0,0,0,0,0.0,true,1780985095260268002
1780985095362854684,true,false,3,3,0,0,0,0,0.0,true,1780985095301980136
1780985095462481807,true,false,3,3,0,0,0,0,0.0,true,1780985095301980136
1780985095561735014,true,false,3,3,0,0,0,0,0.0,true,1780985095559216787
1780985095662419869,true,false,3,3,0,0,0,0,0.0,true,1780985095597245599
1780985095762604061,true,false,3,3,0,0,0,0,0.0,true,1780985095751928241
1780985095862389744,true,false,3,3,0,0,0,0,0.0,true,1780985095860967390
1780985095962540774,true,false,3,3,0,0,0,0,0.0,true,1780985095867888745
1780985096062168794,true,false,3,3,0,0,0,0,0.0,true,1780985096060714091
1780985096163539649,true,false,3,3,0,0,0,0,0.0,true,1780985096148010017
1780985096262103875,true,false,3,3,0,0,0,0,0.0,true,1780985096148010017
1780985096362248241,true,false,3,3,0,0,0,0,0.0,true,1780985096348813290
1780985096461774773,true,false,3,3,0,0,0,0,0.0,true,1780985096442020205
1780985096561829511,true,false,3,3,0,0,0,0,0.0,true,1780985096442020205
1780985096662560530,true,false,3,3,0,0,0,0,0.0,true,1780985096660119645
1780985096762070807,true,false,3,3,0,0,0,0,0.0,true,1780985096718376606
1780985096862539499,true,false,3,3,0,0,0,0,0.0,true,1780985096718376606
1780985096962195548,true,false,3,3,0,0,0,0,0.0,true,1780985096951698151
1780985097061840613,true,false,3,3,0,0,0,0,0.0,true,1780985096989204147
1780985097161945596,true,false,3,3,0,0,0,0,0.0,true,1780985097148379631
1780985097261901802,true,false,3,3,0,0,0,0,0.0,true,1780985097231144080
1780985097363542173,true,false,3,3,0,0,0,0,0.0,true,1780985097274682423
1780985097462249676,true,false,3,3,0,0,0,0,0.0,true,1780985097454794163
1780985097563547052,true,false,3,3,0,0,0,0,0.0,true,1780985097551945980
1780985097662655742,true,false,3,3,0,0,0,0,0.0,true,1780985097551945980
1780985097762176613,true,false,3,3,0,0,0,0,0.0,true,1780985097750568995
1780985097862460667,true,false,3,3,0,0,0,0,0.0,true,1780985097830570508
1780985097962226640,true,false,3,3,0,0,0,0,0.0,true,1780985097830570508
1780985098062133492,true,false,3,3,0,0,0,0,0.0,true,1780985098050641002
1780985098161918959,true,false,3,3,0,0,0,0,0.0,true,1780985098111334124
1780985098262230323,true,false,3,3,0,0,0,0,0.0,true,1780985098111334124
1780985098361602152,true,false,3,3,0,0,0,0,0.0,true,1780985098361554380
1780985098462723492,true,false,3,3,0,0,0,0,0.0,true,1780985098402459322
1780985098562231380,true,false,3,3,0,0,0,0,0.0,true,1780985098402459322
1780985098662352103,true,false,3,3,0,0,0,0,0.0,true,1780985098649712360
1780985098762062723,true,false,3,3,0,0,0,0,0.0,true,1780985098708348793
1780985098862508667,true,false,3,3,0,0,0,0,0.0,true,1780985098708348793
1780985098961738646,true,false,3,3,0,0,0,0,0.0,true,1780985098945024701
1780985099063558652,true,false,3,3,0,0,0,0,0.0,true,1780985098981602192
1780985099162450773,true,false,3,3,0,0,0,0,0.0,true,1780985099141810411
1780985099268552438,true,false,3,3,0,0,0,0,0.0,true,1780985099258123484
1780985099369338972,true,false,3,3,0,0,0,0,0.0,true,1780985099258123484
1780985099469221673,true,false,3,3,0,0,0,0,0.0,true,1780985099466398975
1780985099568906988,true,false,3,3,0,0,0,0,0.0,true,1780985099531310457
1780985099669157425,true,false,3,3,0,0,0,0,0.0,true,1780985099531310457
1780985099768753428,true,false,3,3,0,0,0,0,0.0,true,1780985099754258925
1780985099868940636,true,false,3,3,0,0,0,0,0.0,true,1780985099813140817
1780985099969548444,true,false,3,3,0,0,0,0,0.0,true,1780985099969500389
1780985100069742303,true,false,3,3,0,0,0,0,0.0,true,1780985100048716537
1780985100169728649,true,false,3,3,0,0,0,0,0.0,true,1780985100086239974
1780985100269498383,true,false,3,3,0,0,0,0,0.0,true,1780985100261042184
1780985100369546245,true,false,3,3,0,0,0,0,0.0,true,1780985100341486387
1780985100471736746,true,false,3,3,0,0,0,0,0.0,true,1780985100377854968
1780985100568664786,true,false,3,3,0,0,0,0,0.0,true,1780985100568284660
1780985100670712270,true,false,3,3,0,0,0,0,0.0,true,1780985100651369809
1780985100769657913,true,false,3,3,0,0,0,0,0.0,true,1780985100651369809
1780985100869376035,true,false,3,3,0,0,0,0,0.0,true,1780985100855887757
1780985100969883808,true,false,3,3,0,0,0,0,0.0,true,1780985100936669677
1780985101070512993,true,false,3,3,0,0,0,0,0.0,true,1780985100936669677
1780985101169236037,true,false,3,3,0,0,0,0,0.0,true,1780985101167671338
1780985101270754793,true,false,3,3,0,0,0,0,0.0,true,1780985101247163606
1780985101369210687,true,false,3,3,0,0,0,0,0.0,true,1780985101247163606
1780985101469610560,true,false,3,3,0,0,0,0,0.0,true,1780985101463029033
1780985101569715530,true,false,3,3,0,0,0,0,0.0,true,1780985101519937327
1780985101669517447,true,false,3,3,0,0,0,0,0.0,true,1780985101519937327
1780985101768920503,true,false,3,3,0,0,0,0,0.0,true,1780985101761295506
1780985101868928249,true,false,3,3,0,0,0,0,0.0,true,1780985101798777405
1780985101969282748,true,false,3,3,0,0,0,0,0.0,true,1780985101798777405
1780985102069775806,true,false,3,3,0,0,0,0,0.0,true,1780985102060897665
1780985102169502752,true,false,3,3,0,0,0,0,0.0,true,1780985102102233586
1780985102269196388,true,false,3,3,0,0,0,0,0.0,true,1780985102253631531
1780985102368825004,true,false,3,3,0,0,0,0,0.0,true,1780985102365242784
1780985102469511760,true,false,3,3,0,0,0,0,0.0,true,1780985102371686352
1780985102569154707,true,false,3,3,0,0,0,0,0.0,true,1780985102566295771
1780985102673673657,true,false,3,3,0,0,0,0,0.0,true,1780985102643977474
1780985102775353119,true,false,3,3,0,0,0,0,0.0,true,1780985102643977474
1780985102875438609,true,false,3,3,0,0,0,0,0.0,true,1780985102863284723
1780985102975505381,true,false,3,3,0,0,0,0,0.0,true,1780985102909591782
1780985103074809015,true,false,3,3,0,0,0,0,0.0,true,1780985103068205763
1780985103174997589,true,false,3,3,0,0,0,0,0.0,true,1780985103156465320
1780985103275515676,true,false,3,3,0,0,0,0,0.0,true,1780985103179365131
1780985103374760761,true,false,3,3,0,0,0,0,0.0,true,1780985103365027328
1780985103480504191,true,false,3,3,0,0,0,0,0.0,true,1780985103451613681
1780985103580696059,true,false,3,3,0,0,0,0,0.0,true,1780985103451613681
1780985103681371997,true,false,3,3,0,0,0,0,0.0,true,1780985103670939478
1780985103780736050,true,false,3,3,0,0,0,0,0.0,true,1780985103726106750
1780985103880751003,true,false,3,3,0,0,0,0,0.0,true,1780985103726106750
1780985103980781599,true,false,3,3,0,0,0,0,0.0,true,1780985103979180570
1780985104081453565,true,false,3,3,0,0,0,0,0.0,true,1780985103994884959
1780985104180655319,true,false,3,3,0,0,0,0,0.0,true,1780985104180582616
1780985104282575983,true,false,3,3,0,0,0,0,0.0,true,1780985104260222321
1780985104383498765,true,false,3,3,0,0,0,0,0.0,true,1780985104260222321
1780985104481465094,true,false,3,3,0,0,0,0,0.0,true,1780985104477987922
1780985104580892167,true,false,3,3,0,0,0,0,0.0,true,1780985104557130558
1780985104681400795,true,false,3,3,0,0,0,0,0.0,true,1780985104557130558
1780985104781091389,true,false,3,3,0,0,0,0,0.0,true,1780985104775642566
1780985104881609977,true,false,3,3,0,0,0,0,0.0,true,1780985104861997338
1780985104980950645,true,false,3,3,0,0,0,0,0.0,true,1780985104861997338
1780985105080605086,true,false,3,3,0,0,0,0,0.0,true,1780985105080126460
1780985105181059123,true,false,3,3,0,0,0,0,0.0,true,1780985105139592432
1780985105281443920,true,false,3,3,0,0,0,0,0.0,true,1780985105139592432
1780985105383528276,true,false,3,3,0,0,0,0,0.0,true,1780985105375653163
1780985105481088459,true,false,3,3,0,0,0,0,0.0,true,1780985105412646077
1780985105581391611,true,false,3,3,0,0,0,0,0.0,true,1780985105569726737
1780985105681508464,true,false,3,3,0,0,0,0,0.0,true,1780985105679962533
1780985105781516530,true,false,3,3,0,0,0,0,0.0,true,1780985105686425233
1780985105881421011,true,false,3,3,0,0,0,0,0.0,true,1780985105874702830
1780985105981528660,true,false,3,3,0,0,0,0,0.0,true,1780985105965574530
1780985106080926915,true,false,3,3,0,0,0,0,0.0,true,1780985105965574530
1780985106180768740,true,false,3,3,0,0,0,0,0.0,true,1780985106169232808
1780985106280742414,true,false,3,3,0,0,0,0,0.0,true,1780985106240047125
1780985106381195067,true,false,3,3,0,0,0,0,0.0,true,1780985106240047125
1780985106483518527,true,false,3,3,0,0,0,0,0.0,true,1780985106475782981
1780985106581055321,true,false,3,3,0,0,0,0,0.0,true,1780985106512018242
1780985106681335486,true,false,3,3,0,0,0,0,0.0,true,1780985106668842777
1780985106781383716,true,false,3,3,0,0,0,0,0.0,true,1780985106765851325
1780985106880805558,true,false,3,3,0,0,0,0,0.0,true,1780985106781867858
1780985106981297965,true,false,3,3,0,0,0,0,0.0,true,1780985106977812072
1780985107080833606,true,false,3,3,0,0,0,0,0.0,true,1780985107051059472
1780985107181257643,true,false,3,3,0,0,0,0,0.0,true,1780985107051059472
1780985107280692981,true,false,3,3,0,0,0,0,0.0,true,1780985107280283630
1780985107380904750,true,false,3,3,0,0,0,0,0.0,true,1780985107332008117
1780985107481537684,true,false,3,3,0,0,0,0,0.0,true,1780985107332008117
1780985107583530614,true,false,3,3,0,0,0,0,0.0,true,1780985107576693698
1780985107681130788,true,false,3,3,0,0,0,0,0.0,true,1780985107608826840
1780985107780751882,true,false,3,3,0,0,0,0,0.0,true,1780985107768115300
1780985107881166934,true,false,3,3,0,0,0,0,0.0,true,1780985107860364719
1780985107980820158,true,false,3,3,0,0,0,0,0.0,true,1780985107882181679
1780985108081554634,true,false,3,3,0,0,0,0,0.0,true,1780985108078020329
1780985108181182127,true,false,3,3,0,0,0,0,0.0,true,1780985108155409948
1780985108281130552,true,false,3,3,0,0,0,0,0.0,true,1780985108155409948
1780985108381701638,true,false,3,3,0,0,0,0,0.0,true,1780985108378054735
1780985108481450391,true,false,3,3,0,0,0,0,0.0,true,1780985108424001041
1780985108580726108,true,false,3,3,0,0,0,0,0.0,true,1780985108424001041
1780985108681534385,true,false,3,3,0,0,0,0,0.0,true,1780985108669548376
1780985108780753725,true,false,3,3,0,0,0,0,0.0,true,1780985108695384692
1780985108880709966,true,false,3,3,0,0,0,0,0.0,true,1780985108871200423
1780985108983525204,true,false,3,3,0,0,0,0,0.0,true,1780985108966877363
1780985109081575446,true,false,3,3,0,0,0,0,0.0,true,1780985108966877363
1780985109181192904,true,false,3,3,0,0,0,0,0.0,true,1780985109175635141
1780985109281603100,true,false,3,3,0,0,0,0,0.0,true,1780985109260094329
1780985109381217604,true,false,3,3,0,0,0,0,0.0,true,1780985109260094329
1780985109480997202,true,false,3,3,0,0,0,0,0.0,true,1780985109477450460
1780985109582231909,true,false,3,3,0,0,0,0,0.0,true,1780985109531028776
1780985109680860957,true,false,3,3,0,0,0,0,0.0,true,1780985109531028776
1780985109781534741,true,false,3,3,0,0,0,0,0.0,true,1780985109770463373
1780985109880846171,true,false,3,3,0,0,0,0,0.0,true,1780985109803873140
1780985109980933993,true,false,3,3,0,0,0,0,0.0,true,1780985109963532814
1780985110081784139,true,false,3,3,0,0,0,0,0.0,true,1780985110072966568
1780985110180737352,true,false,3,3,0,0,0,0,0.0,true,1780985110072966568
1780985110281574210,true,false,3,3,0,0,0,0,0.0,true,1780985110272640999
1780985110381252692,true,false,3,3,0,0,0,0,0.0,true,1780985110343979595
1780985110480877164,true,false,3,3,0,0,0,0,0.0,true,1780985110343979595
1780985110580639355,true,false,3,3,0,0,0,0,0.0,true,1780985110567843569
1780985110681407273,true,false,3,3,0,0,0,0,0.0,true,1780985110608985533
1780985110781423315,true,false,3,3,0,0,0,0,0.0,true,1780985110608985533
1780985110881549903,true,false,3,3,0,0,0,0,0.0,true,1780985110864225962
1780985110981056054,true,false,3,3,0,0,0,0,0.0,true,1780985110914403526
1780985111081295932,true,false,3,3,0,0,0,0,0.0,true,1780985111070820319
1780985111181292032,true,false,3,3,0,0,0,0,0.0,true,1780985111178573643
1780985111281542515,true,false,3,3,0,0,0,0,0.0,true,1780985111185270152
1780985111381384336,true,false,3,3,0,0,0,0,0.0,true,1780985111373895517
1780985111482528480,true,false,3,3,0,0,0,0,0.0,true,1780985111458664372
1780985111580953932,true,false,3,3,0,0,0,0,0.0,true,1780985111458664372
1780985111681362972,true,false,3,3,0,0,0,0,0.0,true,1780985111675810383
1780985111781498744,true,false,3,3,0,0,0,0,0.0,true,1780985111732266915
1780985111880801076,true,false,3,3,0,0,0,0,0.0,true,1780985111732266915
1780985111981525907,true,false,3,3,0,0,0,0,0.0,true,1780985111965465771
1780985112081545267,true,false,3,3,0,0,0,0,0.0,true,1780985112000968932
1780985112181205978,true,false,3,3,0,0,0,0,0.0,true,1780985112176708442
1780985112285536755,true,false,3,3,0,0,0,0,0.0,true,1780985112270918085
1780985112386122775,true,false,3,3,0,0,0,0,0.0,true,1780985112270918085
1780985112486146240,true,false,3,3,0,0,0,0,0.0,true,1780985112483706832
1780985112585799174,true,false,3,3,0,0,0,0,0.0,true,1780985112542310017
1780985112686129481,true,false,3,3,0,0,0,0,0.0,true,1780985112542310017
1780985112787543536,true,false,3,3,0,0,0,0,0.0,true,1780985112779090946
1780985112885749222,true,false,3,3,0,0,0,0,0.0,true,1780985112817442843
1780985112986348220,true,false,3,3,0,0,0,0,0.0,true,1780985112972864344
1780985113086275440,true,false,3,3,0,0,0,0,0.0,true,1780985113082794430
1780985113185989534,true,false,3,3,0,0,0,0,0.0,true,1780985113089265827
1780985113285859292,true,false,3,3,0,0,0,0,0.0,true,1780985113281361758
1780985113386544396,true,false,3,3,0,0,0,0,0.0,true,1780985113371119290
1780985113486200170,true,false,3,3,0,0,0,0,0.0,true,1780985113371119290
1780985113585928749,true,false,3,3,0,0,0,0,0.0,true,1780985113585874183
1780985113685807208,true,false,3,3,0,0,0,0,0.0,true,1780985113658451576
1780985113785955868,true,false,3,3,0,0,0,0,0.0,true,1780985113658451576
1780985113885917531,true,false,3,3,0,0,0,0,0.0,true,1780985113876352205
1780985113986509302,true,false,3,3,0,0,0,0,0.0,true,1780985113932245340
1780985114085786795,true,false,3,3,0,0,0,0,0.0,true,1780985113932245340
1780985114186539506,true,false,3,3,0,0,0,0,0.0,true,1780985114169255170
1780985114286539166,true,false,3,3,0,0,0,0,0.0,true,1780985114205254399
1780985114386379876,true,false,3,3,0,0,0,0,0.0,true,1780985114382934609
1780985114492711854,true,false,3,3,0,0,0,0,0.0,true,1780985114479130903
1780985114594130307,true,false,3,3,0,0,0,0,0.0,true,1780985114479130903
1780985114693795916,true,false,3,3,0,0,0,0,0.0,true,1780985114692358543
1780985114794233478,true,false,3,3,0,0,0,0,0.0,true,1780985114750928692
1780985114894189261,true,false,3,3,0,0,0,0,0.0,true,1780985114750928692
1780985114994521626,true,false,3,3,0,0,0,0,0.0,true,1780985114987933637
1780985115094532781,true,false,3,3,0,0,0,0,0.0,true,1780985115020423447
1780985115194404564,true,false,3,3,0,0,0,0,0.0,true,1780985115180720070
1780985115294580909,true,false,3,3,0,0,0,0,0.0,true,1780985115293050171
1780985115394056040,true,false,3,3,0,0,0,0,0.0,true,1780985115293050171
1780985115493810254,true,false,3,3,0,0,0,0,0.0,true,1780985115490296177
1780985115594247443,true,false,3,3,0,0,0,0,0.0,true,1780985115560944103
1780985115694328751,true,false,3,3,0,0,0,0,0.0,true,1780985115560944103
1780985115793950349,true,false,3,3,0,0,0,0,0.0,true,1780985115792416226
1780985115893743499,true,false,3,3,0,0,0,0,0.0,true,1780985115824025852
1780985115993825887,true,false,3,3,0,0,0,0,0.0,true,1780985115824025852
1780985116094125407,true,false,3,3,0,0,0,0,0.0,true,1780985116083378096
1780985116193776909,true,false,3,3,0,0,0,0,0.0,true,1780985116105611174
1780985116293764198,true,false,3,3,0,0,0,0,0.0,true,1780985116105611174
1780985116397529942,true,false,3,3,0,0,0,0,0.0,true,1780985116390583705
1780985116496510140,true,false,3,3,0,0,0,0,0.0,true,1780985116390583705
1780985116594491860,true,false,3,3,0,0,0,0,0.0,true,1780985116390583705
1780985116693822971,true,false,3,3,0,0,0,0,0.0,true,1780985116675022168
1780985116793778484,true,false,3,3,0,0,0,0,0.0,true,1780985116706482862
1780985116893849251,true,false,3,3,0,0,0,0,0.0,true,1780985116706482862
1780985116997509943,true,false,3,3,0,0,0,0,0.0,true,1780985116980297643
1780985117096508326,true,false,3,3,0,0,0,0,0.0,true,1780985116980297643
1780985117193677811,true,false,3,3,0,0,0,0,0.0,true,1780985116980297643
1780985117295515109,true,false,3,3,0,0,0,0,0.0,true,1780985117276771573
1780985117394492062,true,false,3,3,0,0,0,0,0.0,true,1780985117276771573
1780985117494385658,true,false,3,3,0,0,0,0,0.0,true,1780985117494320272
1780985117593857362,true,false,3,3,0,0,0,0,0.0,true,1780985117573724443
1780985117694354517,true,false,3,3,0,0,0,0,0.0,true,1780985117573724443
1780985117794233479,true,false,3,3,0,0,0,0,0.0,true,1780985117788662753
1780985117893963478,true,false,3,3,0,0,0,0,0.0,true,1780985117879551801
1780985117994504696,true,false,3,3,0,0,0,0,0.0,true,1780985117879551801
1780985118093590235,true,false,3,3,0,0,0,0,0.0,true,1780985118093441090
1780985118193707609,true,false,3,3,0,0,0,0,0.0,true,1780985118154633057
1780985118293812232,true,false,3,3,0,0,0,0,0.0,true,1780985118154633057
1780985118394424366,true,false,3,3,0,0,0,0,0.0,true,1780985118383642677
1780985118494099569,true,false,3,3,0,0,0,0,0.0,true,1780985118444082765
1780985118594086930,true,false,3,3,0,0,0,0,0.0,true,1780985118444082765
1780985118694229012,true,false,3,3,0,0,0,0,0.0,true,1780985118686635313
1780985118793747569,true,false,3,3,0,0,0,0,0.0,true,1780985118746649247
1780985118894361657,true,false,3,3,0,0,0,0,0.0,true,1780985118746649247
1780985118994183354,true,false,3,3,0,0,0,0,0.0,true,1780985118991611794
1780985119094129930,true,false,3,3,0,0,0,0,0.0,true,1780985119034331454
1780985119194224111,true,false,3,3,0,0,0,0,0.0,true,1780985119034331454
1780985119294391753,true,false,3,3,0,0,0,0,0.0,true,1780985119285590699
1780985119394115009,true,false,3,3,0,0,0,0,0.0,true,1780985119326645391
1780985119494234039,true,false,3,3,0,0,0,0,0.0,true,1780985119326645391
1780985119594252423,true,false,3,3,0,0,0,0,0.0,true,1780985119592628938
1780985119694078420,true,false,3,3,0,0,0,0,0.0,true,1780985119632814919
1780985119794643140,true,false,3,3,0,0,0,0,0.0,true,1780985119632814919
1780985119893848698,true,false,3,3,0,0,0,0,0.0,true,1780985119888025895
1780985119994369220,true,false,3,3,0,0,0,0,0.0,true,1780985119927969733
1780985120094081291,true,false,3,3,0,0,0,0,0.0,true,1780985119927969733
1780985120193934850,true,false,3,3,0,0,0,0,0.0,true,1780985120187351079
1780985120295538738,true,false,3,3,0,0,0,0,0.0,true,1780985120227867205
1780985120394334830,true,false,3,3,0,0,0,0,0.0,true,1780985120227867205
1780985120494122704,true,false,3,3,0,0,0,0,0.0,true,1780985120490674673
1780985120594397451,true,false,3,3,0,0,0,0,0.0,true,1780985120522465004
1780985120694445186,true,false,3,3,0,0,0,0,0.0,true,1780985120522465004
1780985120793803156,true,false,3,3,0,0,0,0,0.0,true,1780985120783960340
1780985120894479711,true,false,3,3,0,0,0,0,0.0,true,1780985120815850090
1780985120993707117,true,false,3,3,0,0,0,0,0.0,true,1780985120991269506
1780985121098544012,true,false,3,3,0,0,0,0,0.0,true,1780985121088450188
1780985121198663107,true,false,3,3,0,0,0,0,0.0,true,1780985121088450188
1780985121299125464,true,false,3,3,0,0,0,0,0.0,true,1780985121297652770
1780985121402499901,true,false,3,3,0,0,0,0,0.0,true,1780985121363078067
1780985121499435809,true,false,3,3,0,0,0,0,0.0,true,1780985121363078067
1780985121599042748,true,false,3,3,0,0,0,0,0.0,true,1780985121592560970
1780985121699187752,true,false,3,3,0,0,0,0,0.0,true,1780985121637872558
1780985121799370213,true,false,3,3,0,0,0,0,0.0,true,1780985121794928196
1780985121898888642,true,false,3,3,0,0,0,0,0.0,true,1780985121875175247
1780985121999494890,true,false,3,3,0,0,0,0,0.0,true,1780985121910799137
1780985122099040145,true,false,3,3,0,0,0,0,0.0,true,1780985121910799137
1780985122198815528,true,false,3,3,0,0,0,0,0.0,true,1780985122185883642
1780985122299525681,true,false,3,3,0,0,0,0,0.0,true,1780985122214068379
1780985122398752306,true,false,3,3,0,0,0,0,0.0,true,1780985122394281194
1780985122501532584,true,false,3,3,0,0,0,0,0.0,true,1780985122484397837
1780985122599266891,true,false,3,3,0,0,0,0,0.0,true,1780985122484397837
1780985122699197808,true,false,3,3,0,0,0,0,0.0,true,1780985122690759313
1780985122801548966,true,false,3,3,0,0,0,0,0.0,true,1780985122759454903
1780985122899346024,true,false,3,3,0,0,0,0,0.0,true,1780985122759454903
1780985122999534029,true,false,3,3,0,0,0,0,0.0,true,1780985122986630742
1780985123101531670,true,false,3,3,0,0,0,0,0.0,true,1780985123026701291
1780985123199168425,true,false,3,3,0,0,0,0,0.0,true,1780985123026701291
1780985123299271459,true,false,3,3,0,0,0,0,0.0,true,1780985123284424898
1780985123399503445,true,false,3,3,0,0,0,0,0.0,true,1780985123336137865
1780985123498930236,true,false,3,3,0,0,0,0,0.0,true,1780985123493391029
1780985123598825982,true,false,3,3,0,0,0,0,0.0,true,1780985123571593441
1780985123703527695,true,false,3,3,0,0,0,0,0.0,true,1780985123608228473
1780985123798652949,true,false,3,3,0,0,0,0,0.0,true,1780985123794213875
1780985123898796086,true,false,3,3,0,0,0,0,0.0,true,1780985123882780002
1780985123999152993,true,false,3,3,0,0,0,0,0.0,true,1780985123882780002
1780985124098944161,true,false,3,3,0,0,0,0,0.0,true,1780985124093435124
1780985124198774855,true,false,3,3,0,0,0,0,0.0,true,1780985124159401572
1780985124299349787,true,false,3,3,0,0,0,0,0.0,true,1780985124159401572
1780985124400534295,true,false,3,3,0,0,0,0,0.0,true,1780985124393577202
1780985124499572631,true,false,3,3,0,0,0,0,0.0,true,1780985124430947823
1780985124598992396,true,false,3,3,0,0,0,0,0.0,true,1780985124589428528
1780985124699503817,true,false,3,3,0,0,0,0,0.0,true,1780985124679742586
1780985124799548953,true,false,3,3,0,0,0,0,0.0,true,1780985124701562343
1780985124898784016,true,false,3,3,0,0,0,0,0.0,true,1780985124884941988
1780985125002520088,true,false,3,3,0,0,0,0,0.0,true,1780985124973806787
1780985125098684877,true,false,3,3,0,0,0,0,0.0,true,1780985124973806787
1780985125199669548,true,false,3,3,0,0,0,0,0.0,true,1780985125198197771
1780985125299385058,true,false,3,3,0,0,0,0,0.0,true,1780985125248741234
1780985125399073133,true,false,3,3,0,0,0,0,0.0,true,1780985125248741234
1780985125498810108,true,false,3,3,0,0,0,0,0.0,true,1780985125484827070
1780985125602527438,true,false,3,3,0,0,0,0,0.0,true,1780985125519650020
1780985125699227945,true,false,3,3,0,0,0,0,0.0,true,1780985125697771617
1780985125806527585,true,false,3,3,0,0,0,0,0.0,true,1780985125792767183
1780985125906848329,true,false,3,3,0,0,0,0,0.0,true,1780985125792767183
1780985126007161139,true,false,3,3,0,0,0,0,0.0,true,1780985126001395254
1780985126107642409,true,false,3,3,0,0,0,0,0.0,true,1780985126064728461
1780985126207553779,true,false,3,3,0,0,0,0,0.0,true,1780985126064728461
1780985126308510847,true,false,3,3,0,0,0,0,0.0,true,1780985126301145755
1780985126406798461,true,false,3,3,0,0,0,0,0.0,true,1780985126338860488
1780985126507247882,true,false,3,3,0,0,0,0,0.0,true,1780985126499611348
1780985126606858060,true,false,3,3,0,0,0,0,0.0,true,1780985126578686603
1780985126707581983,true,false,3,3,0,0,0,0,0.0,true,1780985126616634300
1780985126806671647,true,false,3,3,0,0,0,0,0.0,true,1780985126801955787
1780985126908535886,true,false,3,3,0,0,0,0,0.0,true,1780985126889112295
1780985127006926866,true,false,3,3,0,0,0,0,0.0,true,1780985126889112295
1780985127107411776,true,false,3,3,0,0,0,0,0.0,true,1780985127104828069
1780985127207587780,true,false,3,3,0,0,0,0,0.0,true,1780985127163011798
1780985127307674417,true,false,3,3,0,0,0,0,0.0,true,1780985127163011798
1780985127406916665,true,false,3,3,0,0,0,0,0.0,true,1780985127388036589
1780985127507216971,true,false,3,3,0,0,0,0,0.0,true,1780985127440905575
1780985127607065329,true,false,3,3,0,0,0,0,0.0,true,1780985127598598491
1780985127706823010,true,false,3,3,0,0,0,0,0.0,true,1780985127678219000
1780985127806793580,true,false,3,3,0,0,0,0,0.0,true,1780985127713463650
1780985127906683505,true,false,3,3,0,0,0,0,0.0,true,1780985127900257687
1780985128009812133,true,false,3,3,0,0,0,0,0.0,true,1780985127985154986
1780985128106882859,true,false,3,3,0,0,0,0,0.0,true,1780985127985154986
1780985128206769329,true,false,3,3,0,0,0,0,0.0,true,1780985128202894541
1780985128309615181,true,false,3,3,0,0,0,0,0.0,true,1780985128258465753
1780985128407494443,true,false,3,3,0,0,0,0,0.0,true,1780985128258465753
1780985128509755883,true,false,3,3,0,0,0,0,0.0,true,1780985128493448712
1780985128607949259,true,false,3,3,0,0,0,0,0.0,true,1780985128528676960
1780985128706633376,true,false,3,3,0,0,0,0,0.0,true,1780985128706297177
1780985128809665210,true,false,3,3,0,0,0,0,0.0,true,1780985128799894436
1780985128906971314,true,false,3,3,0,0,0,0,0.0,true,1780985128799894436
1780985129006843989,true,false,3,3,0,0,0,0,0.0,true,1780985129003805849
1780985129109641179,true,false,3,3,0,0,0,0,0.0,true,1780985129065250011
1780985129207428437,true,false,3,3,0,0,0,0,0.0,true,1780985129065250011
1780985129307433050,true,false,3,3,0,0,0,0,0.0,true,1780985129301821118
1780985129406847707,true,false,3,3,0,0,0,0,0.0,true,1780985129376270509
1780985129507188673,true,false,3,3,0,0,0,0,0.0,true,1780985129376270509
1780985129607577720,true,false,3,3,0,0,0,0,0.0,true,1780985129596981210
1780985129709640253,true,false,3,3,0,0,0,0,0.0,true,1780985129661658354
1780985129806701048,true,false,3,3,0,0,0,0,0.0,true,1780985129661658354
1780985129906785403,true,false,3,3,0,0,0,0,0.0,true,1780985129905193137
1780985130006779614,true,false,3,3,0,0,0,0,0.0,true,1780985129939633437
1780985130107147690,true,false,3,3,0,0,0,0,0.0,true,1780985129939633437
1780985130207144060,true,false,3,3,0,0,0,0,0.0,true,1780985130203730298
1780985130307482667,true,false,3,3,0,0,0,0,0.0,true,1780985130238184492
1780985130407069229,true,false,3,3,0,0,0,0,0.0,true,1780985130400606909
1780985130506767823,true,false,3,3,0,0,0,0,0.0,true,1780985130479750853
1780985130606774894,true,false,3,3,0,0,0,0,0.0,true,1780985130514287444
1780985130706782866,true,false,3,3,0,0,0,0,0.0,true,1780985130699254492
1780985130809693337,true,false,3,3,0,0,0,0,0.0,true,1780985130783016155
1780985130907161514,true,false,3,3,0,0,0,0,0.0,true,1780985130783016155
1780985131007440460,true,false,3,3,0,0,0,0,0.0,true,1780985131005310687
1780985131107089394,true,false,3,3,0,0,0,0,0.0,true,1780985131051155966
1780985131207067296,true,false,3,3,0,0,0,0,0.0,true,1780985131051155966
1780985131307402487,true,false,3,3,0,0,0,0,0.0,true,1780985131299499537
1780985131408530482,true,false,3,3,0,0,0,0,0.0,true,1780985131321024805
1780985131506827803,true,false,3,3,0,0,0,0,0.0,true,1780985131499334367
1780985131611714927,true,false,3,3,0,0,0,0,0.0,true,1780985131591988268
1780985131713154604,true,false,3,3,0,0,0,0,0.0,true,1780985131591988268
1780985131813128098,true,false,3,3,0,0,0,0,0.0,true,1780985131808759547
1780985131912758418,true,false,3,3,0,0,0,0,0.0,true,1780985131859638964
1780985132012919454,true,false,3,3,0,0,0,0,0.0,true,1780985131859638964
1780985132112673844,true,false,3,3,0,0,0,0,0.0,true,1780985132112317429
1780985132214558618,true,false,3,3,0,0,0,0,0.0,true,1780985132143662414
1780985132313019393,true,false,3,3,0,0,0,0,0.0,true,1780985132143662414
1780985132413120262,true,false,3,3,0,0,0,0,0.0,true,1780985132407509258
1780985132512762068,true,false,3,3,0,0,0,0,0.0,true,1780985132407509258
1780985132612657430,true,false,3,3,0,0,0,0,0.0,true,1780985132612567857
1780985132712887449,true,false,3,3,0,0,0,0,0.0,true,1780985132691640188
1780985132813572543,true,false,3,3,0,0,0,0,0.0,true,1780985132691640188
1780985132913435772,true,false,3,3,0,0,0,0,0.0,true,1780985132910938983
1780985133012765388,true,false,3,3,0,0,0,0,0.0,true,1780985132990245558
1780985133112767499,true,false,3,3,0,0,0,0,0.0,true,1780985132990245558
1780985133213690897,true,false,3,3,0,0,0,0,0.0,true,1780985133206191454
1780985133313040427,true,false,3,3,0,0,0,0,0.0,true,1780985133285093922
1780985133413278556,true,false,3,3,0,0,0,0,0.0,true,1780985133285093922
1780985133513038957,true,false,3,3,0,0,0,0,0.0,true,1780985133500218283
1780985133614118419,true,false,3,3,0,0,0,0,0.0,true,1780985133584441606
1780985133713314800,true,false,3,3,0,0,0,0,0.0,true,1780985133584441606
1780985133813650146,true,false,3,3,0,0,0,0,0.0,true,1780985133809086067
1780985133912816796,true,false,3,3,0,0,0,0,0.0,true,1780985133870037164
1780985134013611537,true,false,3,3,0,0,0,0,0.0,true,1780985133870037164
1780985134113161004,true,false,3,3,0,0,0,0,0.0,true,1780985134107377403
1780985134213127634,true,false,3,3,0,0,0,0,0.0,true,1780985134167425070
1780985134313333106,true,false,3,3,0,0,0,0,0.0,true,1780985134167425070
1780985134413410412,true,false,3,3,0,0,0,0,0.0,true,1780985134396722227
1780985134513575695,true,false,3,3,0,0,0,0,0.0,true,1780985134456663295
1780985134613465982,true,false,3,3,0,0,0,0,0.0,true,1780985134456663295
1780985134712864807,true,false,3,3,0,0,0,0,0.0,true,1780985134707242634
1780985134813515000,true,false,3,3,0,0,0,0,0.0,true,1780985134749056130
1780985134912774971,true,false,3,3,0,0,0,0,0.0,true,1780985134749056130
1780985135012729780,true,false,3,3,0,0,0,0,0.0,true,1780985134999018811
1780985135113411024,true,false,3,3,0,0,0,0,0.0,true,1780985135040123808
1780985135213625308,true,false,3,3,0,0,0,0,0.0,true,1780985135040123808
1780985135312861439,true,false,3,3,0,0,0,0,0.0,true,1780985135306189075
1780985135412804685,true,false,3,3,0,0,0,0,0.0,true,1780985135326598524
1780985135513530051,true,false,3,3,0,0,0,0,0.0,true,1780985135326598524
1780985135613547272,true,false,3,3,0,0,0,0,0.0,true,1780985135604096522
1780985135712775406,true,false,3,3,0,0,0,0,0.0,true,1780985135620031427
1780985135812739067,true,false,3,3,0,0,0,0,0.0,true,1780985135620031427
1780985135915574165,true,false,3,3,0,0,0,0,0.0,true,1780985135908626739
1780985136013823675,true,false,3,3,0,0,0,0,0.0,true,1780985135915028070
1780985136113595680,true,false,3,3,0,0,0,0,0.0,true,1780985135915028070
1780985136213744671,true,false,3,3,0,0,0,0,0.0,true,1780985136205341072
1780985136313499162,true,false,3,3,0,0,0,0,0.0,true,1780985136205341072
1780985136413519336,true,false,3,3,0,0,0,0,0.0,true,1780985136413460971
1780985136512732203,true,false,3,3,0,0,0,0,0.0,true,1780985136483916487
1780985136613107459,true,false,3,3,0,0,0,0,0.0,true,1780985136483916487
1780985136712848456,true,false,3,3,0,0,0,0,0.0,true,1780985136706203435
1780985136813106331,true,false,3,3,0,0,0,0,0.0,true,1780985136771264051
1780985136913513911,true,false,3,3,0,0,0,0,0.0,true,1780985136771264051
1780985137013052873,true,false,3,3,0,0,0,0,0.0,true,1780985137009454376
1780985137115570203,true,false,3,3,0,0,0,0,0.0,true,1780985137049031383
1780985137213055778,true,false,3,3,0,0,0,0,0.0,true,1780985137049031383
1780985137312847468,true,false,3,3,0,0,0,0,0.0,true,1780985137299922066
1780985137413312327,true,false,3,3,0,0,0,0,0.0,true,1780985137345673159
1780985137512870493,true,false,3,3,0,0,0,0,0.0,true,1780985137345673159
1780985137613541369,true,false,3,3,0,0,0,0,0.0,true,1780985137604309337
1780985137712772706,true,false,3,3,0,0,0,0,0.0,true,1780985137629676995
1780985137813216670,true,false,3,3,0,0,0,0,0.0,true,1780985137629676995
1780985137912786345,true,false,3,3,0,0,0,0,0.0,true,1780985137902584708
1780985138013552315,true,false,3,3,0,0,0,0,0.0,true,1780985137932549917
1780985138112617223,true,false,3,3,0,0,0,0,0.0,true,1780985138112180732
1780985138213440076,true,false,3,3,0,0,0,0,0.0,true,1780985138207080383
1780985138312731264,true,false,3,3,0,0,0,0,0.0,true,1780985138207080383
1780985138413037018,true,false,3,3,0,0,0,0,0.0,true,1780985138410628092
1780985138515500793,true,false,3,3,0,0,0,0,0.0,true,1780985138486684165
1780985138612930522,true,false,3,3,0,0,0,0,0.0,true,1780985138486684165
1780985138712830503,true,false,3,3,0,0,0,0,0.0,true,1780985138707042347
1780985138813308377,true,false,3,3,0,0,0,0,0.0,true,1780985138755854225
1780985138913544965,true,false,3,3,0,0,0,0,0.0,true,1780985138912130630
1780985139012787729,true,false,3,3,0,0,0,0,0.0,true,1780985138991350340
1780985139113450841,true,false,3,3,0,0,0,0,0.0,true,1780985139029089452
1780985139213560423,true,false,3,3,0,0,0,0,0.0,true,1780985139206929616
1780985139316502666,true,false,3,3,0,0,0,0,0.0,true,1780985139302748452
1780985139413086661,true,false,3,3,0,0,0,0,0.0,true,1780985139302748452
1780985139513322428,true,false,3,3,0,0,0,0,0.0,true,1780985139505500893
1780985139613512353,true,false,3,3,0,0,0,0,0.0,true,1780985139571445856
1780985139713634352,true,false,3,3,0,0,0,0,0.0,true,1780985139571445856
1780985139816563133,true,false,3,3,0,0,0,0,0.0,true,1780985139809170472
1780985139912783883,true,false,3,3,0,0,0,0,0.0,true,1780985139840267429
1780985140012762484,true,false,3,3,0,0,0,0,0.0,true,1780985139998867814
1780985140113631944,true,false,3,3,0,0,0,0,0.0,true,1780985140110151659
1780985140212830584,true,false,3,3,0,0,0,0,0.0,true,1780985140110151659
1780985140313331413,true,false,3,3,0,0,0,0,0.0,true,1780985140308789275
1780985140416492446,true,false,3,3,0,0,0,0,0.0,true,1780985140380531527
1780985140513432119,true,false,3,3,0,0,0,0,0.0,true,1780985140380531527
1780985140612846095,true,false,3,3,0,0,0,0,0.0,true,1780985140605341573
1780985140713670206,true,false,3,3,0,0,0,0,0.0,true,1780985140648903496
1780985140813388060,true,false,3,3,0,0,0,0,0.0,true,1780985140806707535
1780985140912966405,true,false,3,3,0,0,0,0,0.0,true,1780985140884899893
1780985141013643792,true,false,3,3,0,0,0,0,0.0,true,1780985140921450968
1780985141113010267,true,false,3,3,0,0,0,0,0.0,true,1780985141108517781
1780985141212855205,true,false,3,3,0,0,0,0,0.0,true,1780985141192868588
1780985141313062854,true,false,3,3,0,0,0,0,0.0,true,1780985141192868588
1780985141412923779,true,false,3,3,0,0,0,0,0.0,true,1780985141409342176
1780985141513351528,true,false,3,3,0,0,0,0,0.0,true,1780985141449730054
1780985141613024819,true,false,3,3,0,0,0,0,0.0,true,1780985141449730054
1780985141712709180,true,false,3,3,0,0,0,0,0.0,true,1780985141699991890
1780985141813494186,true,false,3,3,0,0,0,0,0.0,true,1780985141760424724
1780985141913335489,true,false,3,3,0,0,0,0,0.0,true,1780985141760424724
1780985142013203719,true,false,3,3,0,0,0,0,0.0,true,1780985142007407521
1780985142115561494,true,false,3,3,0,0,0,0,0.0,true,1780985142058750504
1780985142213030531,true,false,3,3,0,0,0,0,0.0,true,1780985142058750504
1780985142312746197,true,false,3,3,0,0,0,0,0.0,true,1780985142300973391
1780985142415507902,true,false,3,3,0,0,0,0,0.0,true,1780985142342564994
1780985142512983202,true,false,3,3,0,0,0,0,0.0,true,1780985142342564994
1780985142612915643,true,false,3,3,0,0,0,0,0.0,true,1780985142612843048
1780985142712816017,true,false,3,3,0,0,0,0,0.0,true,1780985142633167250
1780985142813511212,true,false,3,3,0,0,0,0,0.0,true,1780985142633167250
1780985142912766683,true,false,3,3,0,0,0,0,0.0,true,1780985142909172800
1780985143012789378,true,false,3,3,0,0,0,0,0.0,true,1780985142929135611
1780985143113219402,true,false,3,3,0,0,0,0,0.0,true,1780985142929135611
1780985143213136971,true,false,3,3,0,0,0,0,0.0,true,1780985143205150211
1780985143313556264,true,false,3,3,0,0,0,0,0.0,true,1780985143232149640
1780985143413078514,true,false,3,3,0,0,0,0,0.0,true,1780985143232149640
1780985143512782912,true,false,3,3,0,0,0,0,0.0,true,1780985143504184746
1780985143612786303,true,false,3,3,0,0,0,0,0.0,true,1780985143524434296
1780985143712660619,true,false,3,3,0,0,0,0,0.0,true,1780985143524434296
1780985143813139371,true,false,3,3,0,0,0,0,0.0,true,1780985143800197447
1780985143912888607,true,false,3,3,0,0,0,0,0.0,true,1780985143820629062
1780985144012868089,true,false,3,3,0,0,0,0,0.0,true,1780985143820629062
1780985144112966449,true,false,3,3,0,0,0,0,0.0,true,1780985144094324011
1780985144215498822,true,false,3,3,0,0,0,0,0.0,true,1780985144114414907
1780985144312788551,true,false,3,3,0,0,0,0,0.0,true,1780985144114414907
1780985144413402922,true,false,3,3,0,0,0,0,0.0,true,1780985144410982836
1780985144512652221,true,false,3,3,0,0,0,0,0.0,true,1780985144410982836
1780985144612839291,true,false,3,3,0,0,0,0,0.0,true,1780985144410982836
1780985144713515322,true,false,3,3,0,0,0,0,0.0,true,1780985144698797033
1780985144813562800,true,false,3,3,0,0,0,0,0.0,true,1780985144719924049
1780985144912792202,true,false,3,3,0,0,0,0,0.0,true,1780985144719924049
1780985145012935512,true,false,3,3,0,0,0,0,0.0,true,1780985144994264621
1780985145112797195,true,false,3,3,0,0,0,0,0.0,true,1780985145034376812
1780985145212917056,true,false,3,3,0,0,0,0,0.0,true,1780985145034376812
1780985145312932713,true,false,3,3,0,0,0,0,0.0,true,1780985145310459102
1780985145412838531,true,false,3,3,0,0,0,0,0.0,true,1780985145330711868
1780985145512883028,true,false,3,3,0,0,0,0,0.0,true,1780985145330711868
1780985145612882438,true,false,3,3,0,0,0,0,0.0,true,1780985145607046026
1780985145712820959,true,false,3,3,0,0,0,0,0.0,true,1780985145626237369
1780985145812683050,true,false,3,3,0,0,0,0,0.0,true,1780985145626237369
1780985145913232759,true,false,3,3,0,0,0,0,0.0,true,1780985145899457219
1780985146013199885,true,false,3,3,0,0,0,0,0.0,true,1780985145919621805
1780985146113183635,true,false,3,3,0,0,0,0,0.0,true,1780985145919621805
1780985146212614094,true,false,3,3,0,0,0,0,0.0,true,1780985146212293292
1780985146317546496,true,false,3,3,0,0,0,0,0.0,true,1780985146212293292
1780985146418130858,true,false,3,3,0,0,0,0,0.0,true,1780985146212293292
1780985146518228846,true,false,3,3,0,0,0,0,0.0,true,1780985146509588581
1780985146618561431,true,false,3,3,0,0,0,0,0.0,true,1780985146529754102
1780985146718312307,true,false,3,3,0,0,0,0,0.0,true,1780985146529754102
1780985146819528574,true,false,3,3,0,0,0,0,0.0,true,1780985146812295776
1780985146918559892,true,false,3,3,0,0,0,0,0.0,true,1780985146842955701
1780985147018371290,true,false,3,3,0,0,0,0,0.0,true,1780985147001439903
1780985147118512953,true,false,3,3,0,0,0,0,0.0,true,1780985147114993378
1780985147217771609,true,false,3,3,0,0,0,0,0.0,true,1780985147114993378
1780985147318303143,true,false,3,3,0,0,0,0,0.0,true,1780985147313909302
1780985147417801260,true,false,3,3,0,0,0,0,0.0,true,1780985147386379977
1780985147518657334,true,false,3,3,0,0,0,0,0.0,true,1780985147386379977
1780985147617908028,true,false,3,3,0,0,0,0,0.0,true,1780985147608426899
1780985147717883814,true,false,3,3,0,0,0,0,0.0,true,1780985147664400306
1780985147818403669,true,false,3,3,0,0,0,0,0.0,true,1780985147664400306
1780985147919541437,true,false,3,3,0,0,0,0,0.0,true,1780985147906551798
1780985148018666970,true,false,3,3,0,0,0,0,0.0,true,1780985147940447133
1780985148117770581,true,false,3,3,0,0,0,0,0.0,true,1780985147940447133
1780985148222536464,true,false,3,3,0,0,0,0,0.0,true,1780985148212655762
1780985148318187829,true,false,3,3,0,0,0,0,0.0,true,1780985148212655762
1780985148418087472,true,false,3,3,0,0,0,0,0.0,true,1780985148403204458
1780985148518218989,true,false,3,3,0,0,0,0,0.0,true,1780985148512330338
1780985148620533224,true,false,3,3,0,0,0,0,0.0,true,1780985148519124862
1780985148717590282,true,false,3,3,0,0,0,0,0.0,true,1780985148717185592
1780985148819514587,true,false,3,3,0,0,0,0,0.0,true,1780985148791458829
1780985148918253352,true,false,3,3,0,0,0,0,0.0,true,1780985148791458829
1780985149018558784,true,false,3,3,0,0,0,0,0.0,true,1780985149011003243
1780985149117781147,true,false,3,3,0,0,0,0,0.0,true,1780985149065901769
1780985149218023163,true,false,3,3,0,0,0,0,0.0,true,1780985149065901769
1780985149318205944,true,false,3,3,0,0,0,0,0.0,true,1780985149315747502
1780985149418545869,true,false,3,3,0,0,0,0,0.0,true,1780985149339091354
1780985149518400438,true,false,3,3,0,0,0,0,0.0,true,1780985149500507252
1780985149617962055,true,false,3,3,0,0,0,0,0.0,true,1780985149616604745
1780985149717796775,true,false,3,3,0,0,0,0,0.0,true,1780985149616604745
1780985149818165948,true,false,3,3,0,0,0,0,0.0,true,1780985149815758943
1780985149918519393,true,false,3,3,0,0,0,0,0.0,true,1780985149889246483
1780985150018005654,true,false,3,3,0,0,0,0,0.0,true,1780985149889246483
1780985150117793960,true,false,3,3,0,0,0,0,0.0,true,1780985150117758301
1780985150218228127,true,false,3,3,0,0,0,0,0.0,true,1780985150166683259
1780985150318682604,true,false,3,3,0,0,0,0,0.0,true,1780985150166683259
1780985150418017960,true,false,3,3,0,0,0,0,0.0,true,1780985150415593978
1780985150518528658,true,false,3,3,0,0,0,0,0.0,true,1780985150446960988
1780985150618550392,true,false,3,3,0,0,0,0,0.0,true,1780985150613010623
1780985150717835622,true,false,3,3,0,0,0,0,0.0,true,1780985150692228334
1780985150817818684,true,false,3,3,0,0,0,0,0.0,true,1780985150723571504
1780985150918291444,true,false,3,3,0,0,0,0,0.0,true,1780985150905609659
1780985151017892231,true,false,3,3,0,0,0,0,0.0,true,1780985150996744708
1780985151118052827,true,false,3,3,0,0,0,0,0.0,true,1780985150996744708
1780985151218054851,true,false,3,3,0,0,0,0,0.0,true,1780985151205217078
1780985151318066694,true,false,3,3,0,0,0,0,0.0,true,1780985151272111574
1780985151418455043,true,false,3,3,0,0,0,0,0.0,true,1780985151272111574
1780985151521533885,true,false,3,3,0,0,0,0,0.0,true,1780985151513917264
1780985151618221414,true,false,3,3,0,0,0,0,0.0,true,1780985151549800579
1780985151718205917,true,false,3,3,0,0,0,0,0.0,true,1780985151709778426
1780985151818620331,true,false,3,3,0,0,0,0,0.0,true,1780985151795140743
1780985151917987604,true,false,3,3,0,0,0,0,0.0,true,1780985151824038904
1780985152017619466,true,false,3,3,0,0,0,0,0.0,true,1780985152017494759
1780985152118197138,true,false,3,3,0,0,0,0,0.0,true,1780985152104279658
1780985152217839391,true,false,3,3,0,0,0,0,0.0,true,1780985152104279658
1780985152318560751,true,false,3,3,0,0,0,0,0.0,true,1780985152306879987
1780985152418053244,true,false,3,3,0,0,0,0,0.0,true,1780985152373783852
1780985152518067911,true,false,3,3,0,0,0,0,0.0,true,1780985152373783852
1780985152618069616,true,false,3,3,0,0,0,0,0.0,true,1780985152606350625
1780985152717837631,true,false,3,3,0,0,0,0,0.0,true,1780985152645252085
1780985152818617034,true,false,3,3,0,0,0,0,0.0,true,1780985152645252085
1780985152918630135,true,false,3,3,0,0,0,0,0.0,true,1780985152904440039
1780985153018559079,true,false,3,3,0,0,0,0,0.0,true,1780985152934692811
1780985153117939431,true,false,3,3,0,0,0,0,0.0,true,1780985153103871273
1780985153218075878,true,false,3,3,0,0,0,0,0.0,true,1780985153216527594
1780985153317872952,true,false,3,3,0,0,0,0,0.0,true,1780985153216527594
1780985153417665302,true,false,3,3,0,0,0,0,0.0,true,1780985153413245490
1780985153517901325,true,false,3,3,0,0,0,0,0.0,true,1780985153487285307
1780985153617713387,true,false,3,3,0,0,0,0,0.0,true,1780985153487285307
1780985153718346917,true,false,3,3,0,0,0,0,0.0,true,1780985153710822437
1780985153818139506,true,false,3,3,0,0,0,0,0.0,true,1780985153761159873
1780985153918349836,true,false,3,3,0,0,0,0,0.0,true,1780985153761159873
1780985154018001476,true,false,3,3,0,0,0,0,0.0,true,1780985154010756804
1780985154118120282,true,false,3,3,0,0,0,0,0.0,true,1780985154032303424
1780985154217883995,true,false,3,3,0,0,0,0,0.0,true,1780985154032303424
1780985154320580529,true,false,3,3,0,0,0,0,0.0,true,1780985154302503748
1780985154418272809,true,false,3,3,0,0,0,0,0.0,true,1780985154302503748
1780985154518053883,true,false,3,3,0,0,0,0,0.0,true,1780985154302503748
1780985154617908284,true,false,3,3,0,0,0,0,0.0,true,1780985154613624657
1780985154717872169,true,false,3,3,0,0,0,0,0.0,true,1780985154638615199
1780985154817987818,true,false,3,3,0,0,0,0,0.0,true,1780985154801895388
1780985154919540167,true,false,3,3,0,0,0,0,0.0,true,1780985154912191162
1780985155018536351,true,false,3,3,0,0,0,0,0.0,true,1780985154912191162
1780985155118366151,true,false,3,3,0,0,0,0,0.0,true,1780985155116919082
1780985155217792856,true,false,3,3,0,0,0,0,0.0,true,1780985155188083659
1780985155317760879,true,false,3,3,0,0,0,0,0.0,true,1780985155188083659
1780985155417804013,true,false,3,3,0,0,0,0,0.0,true,1780985155410319061
1780985155518455137,true,false,3,3,0,0,0,0,0.0,true,1780985155461818118
1780985155618158973,true,false,3,3,0,0,0,0,0.0,true,1780985155461818118
1780985155717745420,true,false,3,3,0,0,0,0,0.0,true,1780985155698734086
1780985155819539920,true,false,3,3,0,0,0,0,0.0,true,1780985155733873521
1780985155918064212,true,false,3,3,0,0,0,0,0.0,true,1780985155911443570
1780985156021546919,true,false,3,3,0,0,0,0,0.0,true,1780985156006803039
1780985156117790188,true,false,3,3,0,0,0,0,0.0,true,1780985156006803039
1780985156217759373,true,false,3,3,0,0,0,0,0.0,true,1780985156212359044
1780985156317801499,true,false,3,3,0,0,0,0,0.0,true,1780985156278945258
1780985156418122695,true,false,3,3,0,0,0,0,0.0,true,1780985156278945258
1780985156517938597,true,false,3,3,0,0,0,0,0.0,true,1780985156516524071
1780985156618465883,true,false,3,3,0,0,0,0,0.0,true,1780985156592873484
1780985156718361171,true,false,3,3,0,0,0,0,0.0,true,1780985156592873484
1780985156817785619,true,false,3,3,0,0,0,0,0.0,true,1780985156810554287
1780985156921545955,true,false,3,3,0,0,0,0,0.0,true,1780985156851675900
1780985157018044573,true,false,3,3,0,0,0,0,0.0,true,1780985156995236840
1780985157119536050,true,false,3,3,0,0,0,0,0.0,true,1780985157112571998
1780985157217712414,true,false,3,3,0,0,0,0,0.0,true,1780985157112571998
1780985157317795087,true,false,3,3,0,0,0,0,0.0,true,1780985157317748658
1780985157417819442,true,false,3,3,0,0,0,0,0.0,true,1780985157382314571
1780985157518426287,true,false,3,3,0,0,0,0,0.0,true,1780985157382314571
1780985157618244372,true,false,3,3,0,0,0,0,0.0,true,1780985157607293140
1780985157719439294,true,false,3,3,0,0,0,0,0.0,true,1780985157653023004
1780985157818134996,true,false,3,3,0,0,0,0,0.0,true,1780985157812684758
1780985157918649187,true,false,3,3,0,0,0,0,0.0,true,1780985157903084632
1780985158017804162,true,false,3,3,0,0,0,0,0.0,true,1780985157924188073
1780985158118577090,true,false,3,3,0,0,0,0,0.0,true,1780985158116986900
1780985158218419572,true,false,3,3,0,0,0,0,0.0,true,1780985158200602910
1780985158318109871,true,false,3,3,0,0,0,0,0.0,true,1780985158200602910
1780985158418486757,true,false,3,3,0,0,0,0,0.0,true,1780985158400761820
1780985158518060769,true,false,3,3,0,0,0,0,0.0,true,1780985158472800094
1780985158618043270,true,false,3,3,0,0,0,0,0.0,true,1780985158472800094
1780985158717768839,true,false,3,3,0,0,0,0,0.0,true,1780985158699928899
1780985158818542760,true,false,3,3,0,0,0,0,0.0,true,1780985158754024702
1780985158917907721,true,false,3,3,0,0,0,0,0.0,true,1780985158754024702
1780985159018359893,true,false,3,3,0,0,0,0,0.0,true,1780985158999251917
1780985159118537175,true,false,3,3,0,0,0,0,0.0,true,1780985159033037717
1780985159218413027,true,false,3,3,0,0,0,0,0.0,true,1780985159198706295
1780985159318539222,true,false,3,3,0,0,0,0,0.0,true,1780985159309309348
1780985159418041922,true,false,3,3,0,0,0,0,0.0,true,1780985159309309348
1780985159518534818,true,false,3,3,0,0,0,0,0.0,true,1780985159511860552
1780985159618044045,true,false,3,3,0,0,0,0,0.0,true,1780985159583037862
1780985159718546759,true,false,3,3,0,0,0,0,0.0,true,1780985159583037862
1780985159817820833,true,false,3,3,0,0,0,0,0.0,true,1780985159808338243
1780985159919347269,true,false,3,3,0,0,0,0,0.0,true,1780985159853378175
1780985160018105505,true,false,3,3,0,0,0,0,0.0,true,1780985159853378175
1780985160117706820,true,false,3,3,0,0,0,0,0.0,true,1780985160104428352
1780985160218571610,true,false,3,3,0,0,0,0,0.0,true,1780985160133329563
1780985160318487586,true,false,3,3,0,0,0,0,0.0,true,1780985160133329563
1780985160418542567,true,false,3,3,0,0,0,0,0.0,true,1780985160408655045
1780985160518140861,true,false,3,3,0,0,0,0,0.0,true,1780985160408655045
1780985160617760775,true,false,3,3,0,0,0,0,0.0,true,1780985160603111419
1780985160718549517,true,false,3,3,0,0,0,0,0.0,true,1780985160714984346
1780985160818503962,true,false,3,3,0,0,0,0,0.0,true,1780985160714984346
1780985160917983331,true,false,3,3,0,0,0,0,0.0,true,1780985160910558214
1780985161017810908,true,false,3,3,0,0,0,0,0.0,true,1780985160983658804
1780985161118508740,true,false,3,3,0,0,0,0,0.0,true,1780985160983658804
1780985161217915350,true,false,3,3,0,0,0,0,0.0,true,1780985161216499403
1780985161317948995,true,false,3,3,0,0,0,0,0.0,true,1780985161266293308
1780985161418379746,true,false,3,3,0,0,0,0,0.0,true,1780985161266293308
1780985161518049233,true,false,3,3,0,0,0,0,0.0,true,1780985161512572054
1780985161618244112,true,false,3,3,0,0,0,0,0.0,true,1780985161538027369
1780985161718127024,true,false,3,3,0,0,0,0,0.0,true,1780985161709606302
1780985161818395349,true,false,3,3,0,0,0,0,0.0,true,1780985161788820444
1780985161918175188,true,false,3,3,0,0,0,0,0.0,true,1780985161827531854
1780985162018143343,true,false,3,3,0,0,0,0,0.0,true,1780985162008576752
1780985162117860397,true,false,3,3,0,0,0,0,0.0,true,1780985162103564071
1780985162218181642,true,false,3,3,0,0,0,0,0.0,true,1780985162103564071
1780985162318452504,true,false,3,3,0,0,0,0,0.0,true,1780985162309962033
1780985162417944840,true,false,3,3,0,0,0,0,0.0,true,1780985162374582347
1780985162517846198,true,false,3,3,0,0,0,0,0.0,true,1780985162374582347
1780985162619546722,true,false,3,3,0,0,0,0,0.0,true,1780985162611687891
1780985162718192580,true,false,3,3,0,0,0,0,0.0,true,1780985162649330137
1780985162818416624,true,false,3,3,0,0,0,0,0.0,true,1780985162805742284
1780985162918204474,true,false,3,3,0,0,0,0,0.0,true,1780985162912702289
1780985163017867198,true,false,3,3,0,0,0,0,0.0,true,1780985162919925449
1780985163118317221,true,false,3,3,0,0,0,0,0.0,true,1780985163108604841
1780985163218628570,true,false,3,3,0,0,0,0,0.0,true,1780985163198953664
1780985163317980121,true,false,3,3,0,0,0,0,0.0,true,1780985163198953664
1780985163418580015,true,false,3,3,0,0,0,0,0.0,true,1780985163409079906
1780985163518074763,true,false,3,3,0,0,0,0,0.0,true,1780985163480085030
1780985163618585505,true,false,3,3,0,0,0,0,0.0,true,1780985163480085030
1780985163718411831,true,false,3,3,0,0,0,0,0.0,true,1780985163702624747
1780985163818806193,true,false,3,3,0,0,0,0,0.0,true,1780985163753981061
1780985163918541987,true,false,3,3,0,0,0,0,0.0,true,1780985163912124913
1780985164018646715,true,false,3,3,0,0,0,0,0.0,true,1780985163995369931
1780985164118527410,true,false,3,3,0,0,0,0,0.0,true,1780985164024787597
1780985164217658834,true,false,3,3,0,0,0,0,0.0,true,1780985164206725625
1780985164317825822,true,false,3,3,0,0,0,0,0.0,true,1780985164296478195
1780985164418178333,true,false,3,3,0,0,0,0,0.0,true,1780985164296478195
1780985164518141282,true,false,3,3,0,0,0,0,0.0,true,1780985164514759993
1780985164617806239,true,false,3,3,0,0,0,0,0.0,true,1780985164572919617
1780985164718698806,true,false,3,3,0,0,0,0,0.0,true,1780985164572919617
1780985164817992854,true,false,3,3,0,0,0,0,0.0,true,1780985164809516752
1780985164918045633,true,false,3,3,0,0,0,0,0.0,true,1780985164856288895
1780985165018564008,true,false,3,3,0,0,0,0,0.0,true,1780985165012948756
1780985165117760213,true,false,3,3,0,0,0,0,0.0,true,1780985165091537507
1780985165217717023,true,false,3,3,0,0,0,0,0.0,true,1780985165126734459
1780985165318227518,true,false,3,3,0,0,0,0,0.0,true,1780985165311766890
1780985165417870692,true,false,3,3,0,0,0,0,0.0,true,1780985165395856048
1780985165518296088,true,false,3,3,0,0,0,0,0.0,true,1780985165395856048
1780985165617688879,true,false,3,3,0,0,0,0,0.0,true,1780985165617504433
1780985165718528483,true,false,3,3,0,0,0,0,0.0,true,1780985165670133075
1780985165817897706,true,false,3,3,0,0,0,0,0.0,true,1780985165670133075
1780985165919534817,true,false,3,3,0,0,0,0,0.0,true,1780985165912081580
1780985166017779570,true,false,3,3,0,0,0,0,0.0,true,1780985165949717686
1780985166118302466,true,false,3,3,0,0,0,0,0.0,true,1780985166104570756
1780985166217661752,true,false,3,3,0,0,0,0,0.0,true,1780985166197777536
1780985166318538197,true,false,3,3,0,0,0,0,0.0,true,1780985166218870509
1780985166418001816,true,false,3,3,0,0,0,0,0.0,true,1780985166406919177
1780985166520512894,true,false,3,3,0,0,0,0,0.0,true,1780985166488370873
1780985166618291080,true,false,3,3,0,0,0,0,0.0,true,1780985166488370873
1780985166718114154,true,false,3,3,0,0,0,0,0.0,true,1780985166715621856
1780985166821637482,true,false,3,3,0,0,0,0,0.0,true,1780985166799716848
1780985166918159493,true,false,3,3,0,0,0,0,0.0,true,1780985166799716848
1780985167017732946,true,false,3,3,0,0,0,0,0.0,true,1780985167006347508
1780985167118128590,true,false,3,3,0,0,0,0,0.0,true,1780985167071029153
1780985167217715665,true,false,3,3,0,0,0,0,0.0,true,1780985167071029153
1780985167317935981,true,false,3,3,0,0,0,0,0.0,true,1780985167315806779
1780985167417886360,true,false,3,3,0,0,0,0,0.0,true,1780985167341054173
1780985167517937283,true,false,3,3,0,0,0,0,0.0,true,1780985167509318789
1780985167618205069,true,false,3,3,0,0,0,0,0.0,true,1780985167588300746
1780985167717922911,true,false,3,3,0,0,0,0,0.0,true,1780985167620072694
1780985167818559965,true,false,3,3,0,0,0,0,0.0,true,1780985167807843508
1780985167917887788,true,false,3,3,0,0,0,0,0.0,true,1780985167891600525
1780985168017943791,true,false,3,3,0,0,0,0,0.0,true,1780985167891600525
1780985168117760766,true,false,3,3,0,0,0,0,0.0,true,1780985168109133877
1780985168218184695,true,false,3,3,0,0,0,0,0.0,true,1780985168169495499
1780985168317859001,true,false,3,3,0,0,0,0,0.0,true,1780985168169495499
1780985168418533584,true,false,3,3,0,0,0,0,0.0,true,1780985168407457454
1780985168518534918,true,false,3,3,0,0,0,0,0.0,true,1780985168439702043
1780985168618573923,true,false,3,3,0,0,0,0,0.0,true,1780985168618508853
1780985168718535056,true,false,3,3,0,0,0,0,0.0,true,1780985168711814722
1780985168818042889,true,false,3,3,0,0,0,0,0.0,true,1780985168711814722
1780985168917811973,true,false,3,3,0,0,0,0,0.0,true,1780985168908268537
1780985169018550399,true,false,3,3,0,0,0,0,0.0,true,1780985168984729162
1780985169118030133,true,false,3,3,0,0,0,0,0.0,true,1780985168984729162
1780985169218377752,true,false,3,3,0,0,0,0,0.0,true,1780985169212908765
1780985169318053783,true,false,3,3,0,0,0,0,0.0,true,1780985169256564270
1780985169418510278,true,false,3,3,0,0,0,0,0.0,true,1780985169412030838
1780985169517819993,true,false,3,3,0,0,0,0,0.0,true,1780985169490463940
1780985169618333412,true,false,3,3,0,0,0,0,0.0,true,1780985169525856909
1780985169718355260,true,false,3,3,0,0,0,0,0.0,true,1780985169714928289
1780985169818516802,true,false,3,3,0,0,0,0,0.0,true,1780985169798027023
1780985169918107261,true,false,3,3,0,0,0,0,0.0,true,1780985169798027023
1780985170018455035,true,false,3,3,0,0,0,0,0.0,true,1780985170018356753
1780985170118155973,true,false,3,3,0,0,0,0,0.0,true,1780985170074312358
1780985170218427397,true,false,3,3,0,0,0,0,0.0,true,1780985170074312358
1780985170318115657,true,false,3,3,0,0,0,0,0.0,true,1780985170312720144
1780985170418281090,true,false,3,3,0,0,0,0,0.0,true,1780985170350257087
1780985170518027909,true,false,3,3,0,0,0,0,0.0,true,1780985170350257087
1780985170617829370,true,false,3,3,0,0,0,0,0.0,true,1780985170597665148
1780985170718172667,true,false,3,3,0,0,0,0,0.0,true,1780985170629859618
1780985170818486023,true,false,3,3,0,0,0,0,0.0,true,1780985170629859618
1780985170917791691,true,false,3,3,0,0,0,0,0.0,true,1780985170912572077
1780985171018239734,true,false,3,3,0,0,0,0,0.0,true,1780985170912572077
1780985171117736682,true,false,3,3,0,0,0,0,0.0,true,1780985171114197211
1780985171218128416,true,false,3,3,0,0,0,0,0.0,true,1780985171197998261
1780985171317964140,true,false,3,3,0,0,0,0,0.0,true,1780985171197998261
1780985171418596506,true,false,3,3,0,0,0,0,0.0,true,1780985171416120832
1780985171518197107,true,false,3,3,0,0,0,0,0.0,true,1780985171488484587
1780985171618513129,true,false,3,3,0,0,0,0,0.0,true,1780985171488484587
1780985171717898323,true,false,3,3,0,0,0,0,0.0,true,1780985171707036984
1780985171818522349,true,false,3,3,0,0,0,0,0.0,true,1780985171768167168
1780985171918430939,true,false,3,3,0,0,0,0,0.0,true,1780985171768167168
1780985172018380198,true,false,3,3,0,0,0,0,0.0,true,1780985172014959085
1780985172118455475,true,false,3,3,0,0,0,0,0.0,true,1780985172054896798
1780985172217967687,true,false,3,3,0,0,0,0,0.0,true,1780985172054896798
1780985172318356764,true,false,3,3,0,0,0,0,0.0,true,1780985172305524345
1780985172423528938,true,false,3,3,0,0,0,0,0.0,true,1780985172346294507
1780985172524666397,true,false,3,3,0,0,0,0,0.0,true,1780985172346294507
1780985172624269530,true,false,3,3,0,0,0,0,0.0,true,1780985172618678616
1780985172725261941,true,false,3,3,0,0,0,0,0.0,true,1780985172638616718
1780985172824441411,true,false,3,3,0,0,0,0,0.0,true,1780985172638616718
1780985172924683256,true,false,3,3,0,0,0,0,0.0,true,1780985172915990017
1780985173026552060,true,false,3,3,0,0,0,0,0.0,true,1780985172956870579
1780985173124330080,true,false,3,3,0,0,0,0,0.0,true,1780985172956870579
1780985173224364791,true,false,3,3,0,0,0,0,0.0,true,1780985173217782144
1780985173325548550,true,false,3,3,0,0,0,0,0.0,true,1780985173258532202
1780985173424446421,true,false,3,3,0,0,0,0,0.0,true,1780985173258532202
1780985173523851723,true,false,3,3,0,0,0,0,0.0,true,1780985173521212210
1780985173626543634,true,false,3,3,0,0,0,0,0.0,true,1780985173546800882
1780985173724553796,true,false,3,3,0,0,0,0,0.0,true,1780985173546800882
1780985173824618053,true,false,3,3,0,0,0,0,0.0,true,1780985173815030212
1780985173924593122,true,false,3,3,0,0,0,0,0.0,true,1780985173834465338
1780985174023869434,true,false,3,3,0,0,0,0,0.0,true,1780985173834465338
1780985174124278286,true,false,3,3,0,0,0,0,0.0,true,1780985174110787078
1780985174225526387,true,false,3,3,0,0,0,0,0.0,true,1780985174131070715
1780985174324559185,true,false,3,3,0,0,0,0,0.0,true,1780985174131070715
1780985174424647390,true,false,3,3,0,0,0,0,0.0,true,1780985174407982816
1780985174524638958,true,false,3,3,0,0,0,0,0.0,true,1780985174427204876
1780985174624679375,true,false,3,3,0,0,0,0,0.0,true,1780985174427204876
1780985174725532811,true,false,3,3,0,0,0,0,0.0,true,1780985174717639643
1780985174823775645,true,false,3,3,0,0,0,0,0.0,true,1780985174717639643
1780985174924185812,true,false,3,3,0,0,0,0,0.0,true,1780985174717639643
1780985175028534118,true,false,3,3,0,0,0,0,0.0,true,1780985175016867915
1780985175131711816,true,false,3,3,0,0,0,0,0.0,true,1780985175016867915
1780985175229417249,true,false,3,3,0,0,0,0,0.0,true,1780985175016867915
1780985175329734259,true,false,3,3,0,0,0,0,0.0,true,1780985175313334872
1780985175429325406,true,false,3,3,0,0,0,0,0.0,true,1780985175313334872
1780985175529408179,true,false,3,3,0,0,0,0,0.0,true,1780985175527743597
1780985175630753822,true,false,3,3,0,0,0,0,0.0,true,1780985175608580755
1780985175731646235,true,false,3,3,0,0,0,0,0.0,true,1780985175608580755
1780985175829503423,true,false,3,3,0,0,0,0,0.0,true,1780985175821732044
1780985175931030442,true,false,3,3,0,0,0,0,0.0,true,1780985175903321077
1780985176029199478,true,false,3,3,0,0,0,0,0.0,true,1780985175903321077
1780985176129805870,true,false,3,3,0,0,0,0,0.0,true,1780985176126198116
1780985176229745730,true,false,3,3,0,0,0,0,0.0,true,1780985176188758783
1780985176329230824,true,false,3,3,0,0,0,0,0.0,true,1780985176188758783
1780985176429714272,true,false,3,3,0,0,0,0,0.0,true,1780985176425154770
1780985176529628377,true,false,3,3,0,0,0,0,0.0,true,1780985176471429661
1780985176628850876,true,false,3,3,0,0,0,0,0.0,true,1780985176471429661
1780985176729429470,true,false,3,3,0,0,0,0,0.0,true,1780985176720838090
1780985176828988881,true,false,3,3,0,0,0,0,0.0,true,1780985176765028742
1780985176928924838,true,false,3,3,0,0,0,0,0.0,true,1780985176765028742
1780985177029356896,true,false,3,3,0,0,0,0,0.0,true,1780985177025759935
1780985177129136676,true,false,3,3,0,0,0,0,0.0,true,1780985177047236327
1780985177229475044,true,false,3,3,0,0,0,0,0.0,true,1780985177047236327
1780985177329353075,true,false,3,3,0,0,0,0,0.0,true,1780985177320776848
1780985177429578004,true,false,3,3,0,0,0,0,0.0,true,1780985177346490288
1780985177528802743,true,false,3,3,0,0,0,0,0.0,true,1780985177346490288
1780985177629791019,true,false,3,3,0,0,0,0,0.0,true,1780985177618813028
1780985177729390210,true,false,3,3,0,0,0,0,0.0,true,1780985177648020167
1780985177829196393,true,false,3,3,0,0,0,0,0.0,true,1780985177816433434
1780985177929427330,true,false,3,3,0,0,0,0,0.0,true,1780985177926968016
1780985178029848618,true,false,3,3,0,0,0,0,0.0,true,1780985177926968016
1780985178129496831,true,false,3,3,0,0,0,0,0.0,true,1780985178124971598
1780985178229047285,true,false,3,3,0,0,0,0,0.0,true,1780985178204218285
1780985178329591923,true,false,3,3,0,0,0,0,0.0,true,1780985178236647634
1780985178429116875,true,false,3,3,0,0,0,0,0.0,true,1780985178422550847
1780985178530763921,true,false,3,3,0,0,0,0,0.0,true,1780985178510580354
1780985178628848831,true,false,3,3,0,0,0,0,0.0,true,1780985178510580354
1780985178728748155,true,false,3,3,0,0,0,0,0.0,true,1780985178723055573
1780985178828947011,true,false,3,3,0,0,0,0,0.0,true,1780985178783178500
1780985178929011732,true,false,3,3,0,0,0,0,0.0,true,1780985178783178500
1780985179032686586,true,false,3,3,0,0,0,0,0.0,true,1780985179018961926
1780985179129628594,true,false,3,3,0,0,0,0,0.0,true,1780985179055904663
1780985179229442532,true,false,3,3,0,0,0,0,0.0,true,1780985179055904663
1780985179329436484,true,false,3,3,0,0,0,0,0.0,true,1780985179326998785
1780985179429127524,true,false,3,3,0,0,0,0,0.0,true,1780985179380747302
1780985179529427565,true,false,3,3,0,0,0,0,0.0,true,1780985179380747302
1780985179628624723,true,false,3,3,0,0,0,0,0.0,true,1780985179628568237
1780985179729111258,true,false,3,3,0,0,0,0,0.0,true,1780985179659314326
1780985179829221931,true,false,3,3,0,0,0,0,0.0,true,1780985179820700171
1780985179928805612,true,false,3,3,0,0,0,0,0.0,true,1780985179902182663
1780985180029706126,true,false,3,3,0,0,0,0,0.0,true,1780985179931408558
1780985180129467595,true,false,3,3,0,0,0,0,0.0,true,1780985180125860774
1780985180229727117,true,false,3,3,0,0,0,0,0.0,true,1780985180211107540
1780985180328912880,true,false,3,3,0,0,0,0,0.0,true,1780985180211107540
1780985180428733602,true,false,3,3,0,0,0,0,0.0,true,1780985180416219539
1780985180530651812,true,false,3,3,0,0,0,0,0.0,true,1780985180484028092
1780985180628791186,true,false,3,3,0,0,0,0,0.0,true,1780985180484028092
1780985180735672866,true,false,3,3,0,0,0,0,0.0,true,1780985180725053737
1780985180837537087,true,false,3,3,0,0,0,0,0.0,true,1780985180757317376
1780985180937412013,true,false,3,3,0,0,0,0,0.0,true,1780985180921771911
1780985181036655871,true,false,3,3,0,0,0,0,0.0,true,1780985181034165930
1780985181137415772,true,false,3,3,0,0,0,0,0.0,true,1780985181034165930
1780985181236905751,true,false,3,3,0,0,0,0,0.0,true,1780985181234343074
1780985181337126427,true,false,3,3,0,0,0,0,0.0,true,1780985181296344933
1780985181436730058,true,false,3,3,0,0,0,0,0.0,true,1780985181296344933
1780985181536842793,true,false,3,3,0,0,0,0,0.0,true,1780985181532336487
1780985181636688014,true,false,3,3,0,0,0,0,0.0,true,1780985181608721508
1780985181737574825,true,false,3,3,0,0,0,0,0.0,true,1780985181608721508
1780985181836760247,true,false,3,3,0,0,0,0,0.0,true,1780985181833321314
1780985181937646814,true,false,3,3,0,0,0,0,0.0,true,1780985181887010444
1780985182037177324,true,false,3,3,0,0,0,0,0.0,true,1780985181887010444
1780985182136699647,true,false,3,3,0,0,0,0,0.0,true,1780985182126998975
1780985182237496412,true,false,3,3,0,0,0,0,0.0,true,1780985182173957663
1780985182336686110,true,false,3,3,0,0,0,0,0.0,true,1780985182173957663
1780985182437541582,true,false,3,3,0,0,0,0,0.0,true,1780985182430829741
1780985182539536037,true,false,3,3,0,0,0,0,0.0,true,1780985182462420478
1780985182636870183,true,false,3,3,0,0,0,0,0.0,true,1780985182462420478
1780985182736812552,true,false,3,3,0,0,0,0,0.0,true,1780985182719778827
1780985182837116880,true,false,3,3,0,0,0,0,0.0,true,1780985182748955859
1780985182936892568,true,false,3,3,0,0,0,0,0.0,true,1780985182748955859
1780985183040531409,true,false,3,3,0,0,0,0,0.0,true,1780985183025820576
1780985183138549248,true,false,3,3,0,0,0,0,0.0,true,1780985183046674168
1780985183237642774,true,false,3,3,0,0,0,0,0.0,true,1780985183046674168
1780985183336847379,true,false,3,3,0,0,0,0,0.0,true,1780985183336763390
1780985183436862771,true,false,3,3,0,0,0,0,0.0,true,1780985183374747039
1780985183536850264,true,false,3,3,0,0,0,0,0.0,true,1780985183374747039
1780985183636725709,true,false,3,3,0,0,0,0,0.0,true,1780985183622828692
1780985183737072170,true,false,3,3,0,0,0,0,0.0,true,1780985183733414701
1780985183837575822,true,false,3,3,0,0,0,0,0.0,true,1780985183744866394
1780985183937582185,true,false,3,3,0,0,0,0,0.0,true,1780985183931893553
1780985184037135724,true,false,3,3,0,0,0,0,0.0,true,1780985184034488414
1780985184137550470,true,false,3,3,0,0,0,0,0.0,true,1780985184034488414
1780985184237568881,true,false,3,3,0,0,0,0,0.0,true,1780985184229080922
1780985184337315520,true,false,3,3,0,0,0,0,0.0,true,1780985184322177775
1780985184437059593,true,false,3,3,0,0,0,0,0.0,true,1780985184322177775
1780985184537330470,true,false,3,3,0,0,0,0,0.0,true,1780985184522684749
1780985184636819973,true,false,3,3,0,0,0,0,0.0,true,1780985184604039388
1780985184736785138,true,false,3,3,0,0,0,0,0.0,true,1780985184604039388
1780985184836753728,true,false,3,3,0,0,0,0,0.0,true,1780985184828172144
1780985184938501367,true,false,3,3,0,0,0,0,0.0,true,1780985184908324185
1780985185040463925,true,false,3,3,0,0,0,0,0.0,true,1780985184908324185
1780985185136965814,true,false,3,3,0,0,0,0,0.0,true,1780985185133226732
1780985185236857565,true,false,3,3,0,0,0,0,0.0,true,1780985185217594309
1780985185337243830,true,false,3,3,0,0,0,0,0.0,true,1780985185217594309
1780985185437617731,true,false,3,3,0,0,0,0,0.0,true,1780985185217594309
1780985185539536450,true,false,3,3,0,0,0,0,0.0,true,1780985185529696626
1780985185636825122,true,false,3,3,0,0,0,0,0.0,true,1780985185529696626
1780985185737578541,true,false,3,3,0,0,0,0,0.0,true,1780985185529696626
1780985185836830840,true,false,3,3,0,0,0,0,0.0,true,1780985185818142030
1780985185942534529,true,false,3,3,0,0,0,0,0.0,true,1780985185861216817
1780985186042728397,true,false,3,3,0,0,0,0,0.0,true,1780985185861216817
1780985186144539848,true,false,3,3,0,0,0,0,0.0,true,1780985186136661635
1780985186243504101,true,false,3,3,0,0,0,0,0.0,true,1780985186174320866
1780985186343619983,true,false,3,3,0,0,0,0,0.0,true,1780985186174320866
1780985186452689693,true,false,3,3,0,0,0,0,0.0,true,1780985186439793662
1780985186554784824,true,false,3,3,0,0,0,0,0.0,true,1780985186461207970
1780985186655679693,true,false,3,3,0,0,0,0,0.0,true,1780985186461207970
1780985186754110052,true,false,3,3,0,0,0,0,0.0,true,1780985186461207970
1780985186853958845,true,false,3,3,0,0,0,0,0.0,true,1780985186840061791
1780985186955533544,true,false,3,3,0,0,0,0,0.0,true,1780985186860017267
1780985187053940490,true,false,3,3,0,0,0,0,0.0,true,1780985186860017267
1780985187154634341,true,false,3,3,0,0,0,0,0.0,true,1780985187152010323
1780985187254416139,true,false,3,3,0,0,0,0,0.0,true,1780985187181888054
1780985187354027061,true,false,3,3,0,0,0,0,0.0,true,1780985187181888054
1780985187454459269,true,false,3,3,0,0,0,0,0.0,true,1780985187440755136
1780985187553934274,true,false,3,3,0,0,0,0,0.0,true,1780985187518294944
1780985187656558786,true,false,3,3,0,0,0,0,0.0,true,1780985187518294944
1780985187754497751,true,false,3,3,0,0,0,0,0.0,true,1780985187518294944
1780985187853715297,true,false,3,3,0,0,0,0,0.0,true,1780985187833996363
1780985187953862966,true,false,3,3,0,0,0,0,0.0,true,1780985187854382649
1780985188053958882,true,false,3,3,0,0,0,0,0.0,true,1780985187854382649
1780985188153940335,true,false,3,3,0,0,0,0,0.0,true,1780985188143363747
1780985188255526002,true,false,3,3,0,0,0,0,0.0,true,1780985188161258120
1780985188354323850,true,false,3,3,0,0,0,0,0.0,true,1780985188161258120
1780985188454054805,true,false,3,3,0,0,0,0,0.0,true,1780985188450680256
1780985188554159931,true,false,3,3,0,0,0,0,0.0,true,1780985188491894915
1780985188654627863,true,false,3,3,0,0,0,0,0.0,true,1780985188491894915
1780985188753896964,true,false,3,3,0,0,0,0,0.0,true,1780985188748352128
1780985188854524468,true,false,3,3,0,0,0,0,0.0,true,1780985188780456018
1780985188954490643,true,false,3,3,0,0,0,0,0.0,true,1780985188942855345
1780985189053740497,true,false,3,3,0,0,0,0,0.0,true,1780985189034461152
1780985189153894157,true,false,3,3,0,0,0,0,0.0,true,1780985189056305095
1780985189254135568,true,false,3,3,0,0,0,0,0.0,true,1780985189243403289
1780985189354685156,true,false,3,3,0,0,0,0,0.0,true,1780985189334138098
1780985189453828618,true,false,3,3,0,0,0,0,0.0,true,1780985189334138098
1780985189554030041,true,false,3,3,0,0,0,0,0.0,true,1780985189542342348
1780985189653874506,true,false,3,3,0,0,0,0,0.0,true,1780985189603052699
1780985189754014406,true,false,3,3,0,0,0,0,0.0,true,1780985189603052699
1780985189853744933,true,false,3,3,0,0,0,0,0.0,true,1780985189841000687
1780985189953870500,true,false,3,3,0,0,0,0,0.0,true,1780985189902874453
1780985190054421776,true,false,3,3,0,0,0,0,0.0,true,1780985189902874453
1780985190154249550,true,false,3,3,0,0,0,0,0.0,true,1780985190142507586
1780985190253918851,true,false,3,3,0,0,0,0,0.0,true,1780985190204028390
1780985190354419108,true,false,3,3,0,0,0,0,0.0,true,1780985190204028390
1780985190454189341,true,false,3,3,0,0,0,0,0.0,true,1780985190450677052
1780985190554129880,true,false,3,3,0,0,0,0,0.0,true,1780985190510899272
1780985190655632355,true,false,3,3,0,0,0,0,0.0,true,1780985190510899272
1780985190754334517,true,false,3,3,0,0,0,0,0.0,true,1780985190743685827
1780985190854062496,true,false,3,3,0,0,0,0,0.0,true,1780985190808592790
1780985190954145814,true,false,3,3,0,0,0,0,0.0,true,1780985190808592790
1780985191054440919,true,false,3,3,0,0,0,0,0.0,true,1780985191050746417
1780985191154507238,true,false,3,3,0,0,0,0,0.0,true,1780985191109509341
1780985191254388876,true,false,3,3,0,0,0,0,0.0,true,1780985191109509341
1780985191354165471,true,false,3,3,0,0,0,0,0.0,true,1780985191352694336
1780985191454620836,true,false,3,3,0,0,0,0,0.0,true,1780985191384354218
1780985191554282071,true,false,3,3,0,0,0,0,0.0,true,1780985191546592294
1780985191654359625,true,false,3,3,0,0,0,0,0.0,true,1780985191647861282
1780985191753826162,true,false,3,3,0,0,0,0,0.0,true,1780985191660122481
1780985191854451020,true,false,3,3,0,0,0,0,0.0,true,1780985191847597400
1780985191955529356,true,false,3,3,0,0,0,0,0.0,true,1780985191931774821
1780985192054151990,true,false,3,3,0,0,0,0,0.0,true,1780985191931774821
1780985192153890630,true,false,3,3,0,0,0,0,0.0,true,1780985192146291483
1780985192254178168,true,false,3,3,0,0,0,0,0.0,true,1780985192220203953
1780985192353738784,true,false,3,3,0,0,0,0,0.0,true,1780985192220203953
1780985192454625302,true,false,3,3,0,0,0,0,0.0,true,1780985192446663444
1780985192554639031,true,false,3,3,0,0,0,0,0.0,true,1780985192500038228
1780985192653715240,true,false,3,3,0,0,0,0,0.0,true,1780985192500038228
1780985192754109861,true,false,3,3,0,0,0,0,0.0,true,1780985192747467590
1780985192854161316,true,false,3,3,0,0,0,0,0.0,true,1780985192794661970
1780985192954080783,true,false,3,3,0,0,0,0,0.0,true,1780985192794661970
1780985193054583898,true,false,3,3,0,0,0,0,0.0,true,1780985193049006754
1780985193154496945,true,false,3,3,0,0,0,0,0.0,true,1780985193068186576
1780985193254256931,true,false,3,3,0,0,0,0,0.0,true,1780985193241534535
1780985193353906541,true,false,3,3,0,0,0,0,0.0,true,1780985193353822201
1780985193454535421,true,false,3,3,0,0,0,0,0.0,true,1780985193353822201
1780985193553808310,true,false,3,3,0,0,0,0,0.0,true,1780985193553778714
1780985193653793430,true,false,3,3,0,0,0,0,0.0,true,1780985193639596813
1780985193753795748,true,false,3,3,0,0,0,0,0.0,true,1780985193639596813
1780985193853780838,true,false,3,3,0,0,0,0,0.0,true,1780985193848378200
1780985193956503295,true,false,3,3,0,0,0,0,0.0,true,1780985193916107120
1780985194053859386,true,false,3,3,0,0,0,0,0.0,true,1780985193916107120
1780985194154052798,true,false,3,3,0,0,0,0,0.0,true,1780985194149596702
1780985194254448759,true,false,3,3,0,0,0,0,0.0,true,1780985194196052446
1780985194354042961,true,false,3,3,0,0,0,0,0.0,true,1780985194196052446
1780985194454456436,true,false,3,3,0,0,0,0,0.0,true,1780985194441741428
1780985194554611197,true,false,3,3,0,0,0,0,0.0,true,1780985194467925380
1780985194654225577,true,false,3,3,0,0,0,0,0.0,true,1780985194654169648
1780985194754527405,true,false,3,3,0,0,0,0,0.0,true,1780985194741588036
1780985194854358151,true,false,3,3,0,0,0,0,0.0,true,1780985194741588036
1780985194953903646,true,false,3,3,0,0,0,0,0.0,true,1780985194945262590
1780985195053857689,true,false,3,3,0,0,0,0,0.0,true,1780985195020650426
1780985195154497961,true,false,3,3,0,0,0,0,0.0,true,1780985195020650426
1780985195253966625,true,false,3,3,0,0,0,0,0.0,true,1780985195253942932
1780985195353722862,true,false,3,3,0,0,0,0,0.0,true,1780985195309077934
1780985195454061639,true,false,3,3,0,0,0,0,0.0,true,1780985195309077934
1780985195554305321,true,false,3,3,0,0,0,0,0.0,true,1780985195547686650
1780985195654433206,true,false,3,3,0,0,0,0,0.0,true,1780985195584733723
1780985195754211316,true,false,3,3,0,0,0,0,0.0,true,1780985195743523952
1780985195853832370,true,false,3,3,0,0,0,0,0.0,true,1780985195845276930
1780985195958116472,true,false,3,3,0,0,0,0,0.0,true,1780985195870355403
1780985196059061828,true,false,3,3,0,0,0,0,0.0,true,1780985196053517530
1780985196159528900,true,false,3,3,0,0,0,0,0.0,true,1780985196145960594
1780985196258907804,true,false,3,3,0,0,0,0,0.0,true,1780985196145960594
1780985196359535181,true,false,3,3,0,0,0,0,0.0,true,1780985196347895115
1780985196460523523,true,false,3,3,0,0,0,0,0.0,true,1780985196419348319
1780985196559002395,true,false,3,3,0,0,0,0,0.0,true,1780985196419348319
1780985196659582705,true,false,3,3,0,0,0,0,0.0,true,1780985196644894033
1780985196761502603,true,false,3,3,0,0,0,0,0.0,true,1780985196722090288
1780985196859001281,true,false,3,3,0,0,0,0,0.0,true,1780985196722090288
1780985196958674978,true,false,3,3,0,0,0,0,0.0,true,1780985196947678250
1780985197059382754,true,false,3,3,0,0,0,0,0.0,true,1780985196994764273
1780985197159204565,true,false,3,3,0,0,0,0,0.0,true,1780985196994764273
1780985197259533372,true,false,3,3,0,0,0,0,0.0,true,1780985197246306936
1780985197359532566,true,false,3,3,0,0,0,0,0.0,true,1780985197280000323
1780985197459548722,true,false,3,3,0,0,0,0,0.0,true,1780985197458191859
1780985197559530220,true,false,3,3,0,0,0,0,0.0,true,1780985197551744755
1780985197659392125,true,false,3,3,0,0,0,0,0.0,true,1780985197551744755
1780985197758597797,true,false,3,3,0,0,0,0,0.0,true,1780985197758218462
1780985197863523359,true,false,3,3,0,0,0,0,0.0,true,1780985197831214268
1780985197964040230,true,false,3,3,0,0,0,0,0.0,true,1780985197831214268
1780985198063626335,true,false,3,3,0,0,0,0,0.0,true,1780985198063413198
1780985198164514338,true,false,3,3,0,0,0,0,0.0,true,1780985198110352326
1780985198263728812,true,false,3,3,0,0,0,0,0.0,true,1780985198110352326
1780985198367535364,true,false,3,3,0,0,0,0,0.0,true,1780985198359933097
1780985198465542815,true,false,3,3,0,0,0,0,0.0,true,1780985198395825218
1780985198564668551,true,false,3,3,0,0,0,0,0.0,true,1780985198395825218
1780985198663839189,true,false,3,3,0,0,0,0,0.0,true,1780985198649074410
1780985198764184584,true,false,3,3,0,0,0,0,0.0,true,1780985198688563628
1780985198864475298,true,false,3,3,0,0,0,0,0.0,true,1780985198688563628
1780985198964005694,true,false,3,3,0,0,0,0,0.0,true,1780985198961649667
1780985199064281769,true,false,3,3,0,0,0,0,0.0,true,1780985199029112719
1780985199163717880,true,false,3,3,0,0,0,0,0.0,true,1780985199029112719
1780985199264273559,true,false,3,3,0,0,0,0,0.0,true,1780985199264174667
1780985199364508078,true,false,3,3,0,0,0,0,0.0,true,1780985199306937233
1780985199464638256,true,false,3,3,0,0,0,0,0.0,true,1780985199306937233
1780985199563759932,true,false,3,3,0,0,0,0,0.0,true,1780985199563701269
1780985199663876793,true,false,3,3,0,0,0,0,0.0,true,1780985199609500602
1780985199764405772,true,false,3,3,0,0,0,0,0.0,true,1780985199609500602
1780985199864140346,true,false,3,3,0,0,0,0,0.0,true,1780985199858772978
1780985199964254705,true,false,3,3,0,0,0,0,0.0,true,1780985199914897718
1780985200064042375,true,false,3,3,0,0,0,0,0.0,true,1780985199914897718
1780985200163902763,true,false,3,3,0,0,0,0,0.0,true,1780985200161454477
1780985200263782925,true,false,3,3,0,0,0,0,0.0,true,1780985200211646182
1780985200364385471,true,false,3,3,0,0,0,0,0.0,true,1780985200211646182
1780985200464380219,true,false,3,3,0,0,0,0,0.0,true,1780985200453851084
1780985200566561095,true,false,3,3,0,0,0,0,0.0,true,1780985200497070745
1780985200664427853,true,false,3,3,0,0,0,0,0.0,true,1780985200497070745
1780985200764032716,true,false,3,3,0,0,0,0,0.0,true,1780985200759356194
1780985200864571927,true,false,3,3,0,0,0,0,0.0,true,1780985200833622180
1780985200964269582,true,false,3,3,0,0,0,0,0.0,true,1780985200833622180
1780985201064186103,true,false,3,3,0,0,0,0,0.0,true,1780985201051656990
1780985201164532530,true,false,3,3,0,0,0,0,0.0,true,1780985201151420124
1780985201267537932,true,false,3,3,0,0,0,0,0.0,true,1780985201151420124
1780985201363877571,true,false,3,3,0,0,0,0,0.0,true,1780985201360227113
1780985201467553365,true,false,3,3,0,0,0,0,0.0,true,1780985201459569080
1780985201563917771,true,false,3,3,0,0,0,0,0.0,true,1780985201459569080
1780985201663733642,true,false,3,3,0,0,0,0,0.0,true,1780985201659333519
1780985201763700373,true,false,3,3,0,0,0,0,0.0,true,1780985201734802058
1780985201863844444,true,false,3,3,0,0,0,0,0.0,true,1780985201734802058
1780985201964088334,true,false,3,3,0,0,0,0,0.0,true,1780985201958639309
1780985202068411145,true,false,3,3,0,0,0,0,0.0,true,1780985202035674558
1780985202167568093,true,false,3,3,0,0,0,0,0.0,true,1780985202035674558
1780985202264281448,true,false,3,3,0,0,0,0,0.0,true,1780985202264221615
1780985202364520604,true,false,3,3,0,0,0,0,0.0,true,1780985202361036992
1780985202464763767,true,false,3,3,0,0,0,0,0.0,true,1780985202361036992
1780985202564355456,true,false,3,3,0,0,0,0,0.0,true,1780985202557855784
1780985202664038113,true,false,3,3,0,0,0,0,0.0,true,1780985202654364047
1780985202764536343,true,false,3,3,0,0,0,0,0.0,true,1780985202667676195
1780985202864324102,true,false,3,3,0,0,0,0,0.0,true,1780985202858895772
1780985202964248752,true,false,3,3,0,0,0,0,0.0,true,1780985202944386922
1780985203063932201,true,false,3,3,0,0,0,0,0.0,true,1780985202944386922
1780985203164025858,true,false,3,3,0,0,0,0,0.0,true,1780985203152498730
1780985203263849831,true,false,3,3,0,0,0,0,0.0,true,1780985203231433719
1780985203364188013,true,false,3,3,0,0,0,0,0.0,true,1780985203231433719
1780985203464359389,true,false,3,3,0,0,0,0,0.0,true,1780985203455939681
1780985203563861248,true,false,3,3,0,0,0,0,0.0,true,1780985203534286287
1780985203663855487,true,false,3,3,0,0,0,0,0.0,true,1780985203534286287
1780985203764376227,true,false,3,3,0,0,0,0,0.0,true,1780985203758734590
1780985203863875425,true,false,3,3,0,0,0,0,0.0,true,1780985203839428329
1780985203963837407,true,false,3,3,0,0,0,0,0.0,true,1780985203839428329
1780985204063970478,true,false,3,3,0,0,0,0,0.0,true,1780985204059464668
1780985204163783704,true,false,3,3,0,0,0,0,0.0,true,1780985204118698330
1780985204264206952,true,false,3,3,0,0,0,0,0.0,true,1780985204118698330
1780985204363840792,true,false,3,3,0,0,0,0,0.0,true,1780985204361318369
1780985204463762724,true,false,3,3,0,0,0,0,0.0,true,1780985204405623867
1780985204563914781,true,false,3,3,0,0,0,0,0.0,true,1780985204561265895
1780985204669094763,true,false,3,3,0,0,0,0,0.0,true,1780985204641255608
1780985204769757342,true,false,3,3,0,0,0,0,0.0,true,1780985204682093945
1780985204870631711,true,false,3,3,0,0,0,0,0.0,true,1780985204849198534
1780985204970558131,true,false,3,3,0,0,0,0,0.0,true,1780985204969076246
1780985205070508056,true,false,3,3,0,0,0,0,0.0,true,1780985204969076246
1780985205170072589,true,false,3,3,0,0,0,0,0.0,true,1780985205155272998
1780985205272546345,true,false,3,3,0,0,0,0,0.0,true,1780985205264849261
1780985205371234614,true,false,3,3,0,0,0,0,0.0,true,1780985205264849261
1780985205470461162,true,false,3,3,0,0,0,0,0.0,true,1780985205458648311
1780985205570120199,true,false,3,3,0,0,0,0,0.0,true,1780985205534343644
1780985205670448582,true,false,3,3,0,0,0,0,0.0,true,1780985205573136349
1780985205776554116,true,false,3,3,0,0,0,0,0.0,true,1780985205764762956
1780985205877679668,true,false,3,3,0,0,0,0,0.0,true,1780985205822844353
1780985205976993123,true,false,3,3,0,0,0,0,0.0,true,1780985205970427138
1780985206077650811,true,false,3,3,0,0,0,0,0.0,true,1780985206050067433
1780985206177147559,true,false,3,3,0,0,0,0,0.0,true,1780985206092565268
1780985206277557438,true,false,3,3,0,0,0,0,0.0,true,1780985206092565268
1780985206380551646,true,false,3,3,0,0,0,0,0.0,true,1780985206367766817
1780985206476931539,true,false,3,3,0,0,0,0,0.0,true,1780985206415181316
1780985206577526285,true,false,3,3,0,0,0,0,0.0,true,1780985206415181316
1780985206677171664,true,false,3,3,0,0,0,0,0.0,true,1780985206668865714
1780985206777464263,true,false,3,3,0,0,0,0,0.0,true,1780985206714461805
1780985206877240126,true,false,3,3,0,0,0,0,0.0,true,1780985206873790725
1780985206976803463,true,false,3,3,0,0,0,0,0.0,true,1780985206959243292
1780985207077413022,true,false,3,3,0,0,0,0,0.0,true,1780985206986372651
1780985207176793912,true,false,3,3,0,0,0,0,0.0,true,1780985207175384537
1780985207276826091,true,false,3,3,0,0,0,0,0.0,true,1780985207261527148
1780985207377161372,true,false,3,3,0,0,0,0,0.0,true,1780985207261527148
1780985207476752904,true,false,3,3,0,0,0,0,0.0,true,1780985207472067672
1780985207579506188,true,false,3,3,0,0,0,0,0.0,true,1780985207544164874
1780985207677149526,true,false,3,3,0,0,0,0,0.0,true,1780985207544164874
1780985207777427984,true,false,3,3,0,0,0,0,0.0,true,1780985207759569037
1780985207877487639,true,false,3,3,0,0,0,0,0.0,true,1780985207870805394
1780985207977551263,true,false,3,3,0,0,0,0,0.0,true,1780985207917167097
1780985208077424689,true,false,3,3,0,0,0,0,0.0,true,1780985208070936698
1780985208177314332,true,false,3,3,0,0,0,0,0.0,true,1780985208149047114
1780985208276949932,true,false,3,3,0,0,0,0,0.0,true,1780985208185377247
1780985208376787630,true,false,3,3,0,0,0,0,0.0,true,1780985208375361292
1780985208476735854,true,false,3,3,0,0,0,0,0.0,true,1780985208450372771
1780985208577590515,true,false,3,3,0,0,0,0,0.0,true,1780985208561594263
1780985208677315179,true,false,3,3,0,0,0,0,0.0,true,1780985208668709213
1780985208776806111,true,false,3,3,0,0,0,0,0.0,true,1780985208713691680
1780985208877179180,true,false,3,3,0,0,0,0,0.0,true,1780985208877094075
1780985208977067678,true,false,3,3,0,0,0,0,0.0,true,1780985208961826234
1780985209077016859,true,false,3,3,0,0,0,0,0.0,true,1780985208961826234
1780985209177266670,true,false,3,3,0,0,0,0,0.0,true,1780985209166549001
1780985209277045456,true,false,3,3,0,0,0,0,0.0,true,1780985209221658531
1780985209376789453,true,false,3,3,0,0,0,0,0.0,true,1780985209221658531
1780985209477349907,true,false,3,3,0,0,0,0,0.0,true,1780985209471373825
1780985209576772545,true,false,3,3,0,0,0,0,0.0,true,1780985209491634307
1780985209677583083,true,false,3,3,0,0,0,0,0.0,true,1780985209672571402
1780985209777581931,true,false,3,3,0,0,0,0,0.0,true,1780985209768773420
1780985209876844551,true,false,3,3,0,0,0,0,0.0,true,1780985209768773420
1780985209976902188,true,false,3,3,0,0,0,0,0.0,true,1780985209976817638
1780985210077182987,true,false,3,3,0,0,0,0,0.0,true,1780985210042324657
1780985210177139713,true,false,3,3,0,0,0,0,0.0,true,1780985210042324657
1780985210277107051,true,false,3,3,0,0,0,0,0.0,true,1780985210267208221
1780985210378654923,true,false,3,3,0,0,0,0,0.0,true,1780985210315073007
1780985210476912065,true,false,3,3,0,0,0,0,0.0,true,1780985210315073007
1780985210577602340,true,false,3,3,0,0,0,0,0.0,true,1780985210567443044
1780985210678557682,true,false,3,3,0,0,0,0,0.0,true,1780985210588246988
1780985210776900443,true,false,3,3,0,0,0,0,0.0,true,1780985210771449091
1780985210876835257,true,false,3,3,0,0,0,0,0.0,true,1780985210851001366
1780985210976798356,true,false,3,3,0,0,0,0,0.0,true,1780985210889370991
1780985211077279064,true,false,3,3,0,0,0,0,0.0,true,1780985211077226950
1780985211177543664,true,false,3,3,0,0,0,0,0.0,true,1780985211163392448
1780985211276680979,true,false,3,3,0,0,0,0,0.0,true,1780985211163392448
1780985211377140526,true,false,3,3,0,0,0,0,0.0,true,1780985211369684474
1780985211479306293,true,false,3,3,0,0,0,0,0.0,true,1780985211437937915
1780985211576869954,true,false,3,3,0,0,0,0,0.0,true,1780985211437937915
1780985211677584498,true,false,3,3,0,0,0,0,0.0,true,1780985211671023037
1780985211777545325,true,false,3,3,0,0,0,0,0.0,true,1780985211748793700
1780985211877290912,true,false,3,3,0,0,0,0,0.0,true,1780985211748793700
1780985211977185196,true,false,3,3,0,0,0,0,0.0,true,1780985211964589605
1780985212080011064,true,false,3,3,0,0,0,0,0.0,true,1780985212065543738
1780985212178671356,true,false,3,3,0,0,0,0,0.0,true,1780985212065543738
1780985212276604259,true,false,3,3,0,0,0,0,0.0,true,1780985212276216608
1780985212379548153,true,false,3,3,0,0,0,0,0.0,true,1780985212371986125
1780985212477467482,true,false,3,3,0,0,0,0,0.0,true,1780985212371986125
1780985212577534867,true,false,3,3,0,0,0,0,0.0,true,1780985212566609128
1780985212676854796,true,false,3,3,0,0,0,0,0.0,true,1780985212662585348
1780985212779561987,true,false,3,3,0,0,0,0,0.0,true,1780985212662585348
1780985212877095395,true,false,3,3,0,0,0,0,0.0,true,1780985212868886845
1780985212976836412,true,false,3,3,0,0,0,0,0.0,true,1780985212957822126
1780985213076847179,true,false,3,3,0,0,0,0,0.0,true,1780985212957822126
1780985213176699746,true,false,3,3,0,0,0,0,0.0,true,1780985213173265576
1780985213276697871,true,false,3,3,0,0,0,0,0.0,true,1780985213240945050
1780985213377482645,true,false,3,3,0,0,0,0,0.0,true,1780985213240945050
1780985213477391013,true,false,3,3,0,0,0,0,0.0,true,1780985213461397329
1780985213579591764,true,false,3,3,0,0,0,0,0.0,true,1780985213523698711
1780985213676888828,true,false,3,3,0,0,0,0,0.0,true,1780985213523698711
1780985213777423499,true,false,3,3,0,0,0,0,0.0,true,1780985213771981384
1780985213877639052,true,false,3,3,0,0,0,0,0.0,true,1780985213812952024
1780985213976851543,true,false,3,3,0,0,0,0,0.0,true,1780985213976765892
1780985214076813872,true,false,3,3,0,0,0,0,0.0,true,1780985214056673385
1780985214177296766,true,false,3,3,0,0,0,0,0.0,true,1780985214098548269
1780985214277584488,true,false,3,3,0,0,0,0,0.0,true,1780985214268995843
1780985214376740341,true,false,3,3,0,0,0,0,0.0,true,1780985214376293521
1780985214476850199,true,false,3,3,0,0,0,0,0.0,true,1780985214383684020
1780985214576996797,true,false,3,3,0,0,0,0,0.0,true,1780985214568427919
1780985214676765144,true,false,3,3,0,0,0,0,0.0,true,1780985214652049717
1780985214777575054,true,false,3,3,0,0,0,0,0.0,true,1780985214652049717
1780985214876793132,true,false,3,3,0,0,0,0,0.0,true,1780985214876770985
1780985214977098344,true,false,3,3,0,0,0,0,0.0,true,1780985214925362384
1780985215077384555,true,false,3,3,0,0,0,0,0.0,true,1780985214925362384
1780985215177111525,true,false,3,3,0,0,0,0,0.0,true,1780985215175922846
1780985215276749046,true,false,3,3,0,0,0,0,0.0,true,1780985215198047234
1780985215376773657,true,false,3,3,0,0,0,0,0.0,true,1780985215359078003
1780985215479547176,true,false,3,3,0,0,0,0,0.0,true,1780985215471660564
1780985215576790722,true,false,3,3,0,0,0,0,0.0,true,1780985215471660564
1780985215677435673,true,false,3,3,0,0,0,0,0.0,true,1780985215671031641
1780985215778653301,true,false,3,3,0,0,0,0,0.0,true,1780985215748071035
1780985215877283923,true,false,3,3,0,0,0,0,0.0,true,1780985215748071035
1780985215977239247,true,false,3,3,0,0,0,0,0.0,true,1780985215968135664
1780985216077062839,true,false,3,3,0,0,0,0,0.0,true,1780985216028647843
1780985216177576929,true,false,3,3,0,0,0,0,0.0,true,1780985216028647843
1780985216277246285,true,false,3,3,0,0,0,0,0.0,true,1780985216274686962
1780985216377250673,true,false,3,3,0,0,0,0,0.0,true,1780985216310666139
1780985216476700443,true,false,3,3,0,0,0,0,0.0,true,1780985216310666139
1780985216576935513,true,false,3,3,0,0,0,0,0.0,true,1780985216559267614
1780985216676897506,true,false,3,3,0,0,0,0,0.0,true,1780985216591924271
1780985216777243418,true,false,3,3,0,0,0,0,0.0,true,1780985216591924271
1780985216877195241,true,false,3,3,0,0,0,0,0.0,true,1780985216871718831
1780985216976987253,true,false,3,3,0,0,0,0,0.0,true,1780985216909026715
1780985217077142124,true,false,3,3,0,0,0,0,0.0,true,1780985216909026715
1780985217177042894,true,false,3,3,0,0,0,0,0.0,true,1780985216909026715
1780985217276887850,true,false,3,3,0,0,0,0,0.0,true,1780985216909026715
1780985217376975003,true,false,3,3,0,0,0,0,0.0,true,1780985216909026715
1780985217477695387,true,false,3,3,0,0,0,0,0.0,true,1780985216909026715
1780985217577009198,true,false,3,3,0,0,0,0,0.0,true,1780985216909026715
1780985217677376953,true,false,3,3,0,0,0,0,0.0,true,1780985217660612723
1780985217777269420,true,false,3,3,0,0,0,0,0.0,true,1780985217761608982
1780985217877599980,true,false,3,3,0,0,0,0,0.0,true,1780985217842643868
1780985217976875638,true,false,3,3,0,0,0,0,0.0,true,1780985217961310401
1780985218077617917,true,false,3,3,0,0,0,0,0.0,true,1780985217961310401
1780985218177344631,true,false,3,3,0,0,0,0,0.0,true,1780985217961310401
1780985218277432548,true,false,3,3,0,0,0,0,0.0,true,1780985217961310401
1780985218377538405,true,false,3,3,0,0,0,0,0.0,true,1780985217961310401
1780985218477492306,true,false,3,3,0,0,0,0,0.0,true,1780985217961310401
1780985218577069690,true,false,3,3,0,0,0,0,0.0,true,1780985217961310401
1780985218677743057,true,false,3,3,0,0,0,0,0.0,true,1780985217961310401
1780985218777398889,true,false,3,3,0,0,0,0,0.0,true,1780985217961310401
1780985218876914562,true,false,3,3,0,0,0,0,0.0,true,1780985218874038477
1780985218976821942,true,false,3,3,0,0,0,0,0.0,true,1780985218954212204
1780985219081593283,true,false,3,3,0,0,0,0,0.0,true,1780985219025236693
1780985219182850363,true,false,3,3,0,0,0,0,0.0,true,1780985219025236693
1780985219283326515,true,false,3,3,0,0,0,0,0.0,true,1780985219025236693
1780985219383625827,true,false,3,3,0,0,0,0,0.0,true,1780985219025236693
1780985219483153731,true,false,3,3,0,0,0,0,0.0,true,1780985219025236693
1780985219583110466,true,false,3,3,0,0,0,0,0.0,true,1780985219025236693
1780985219683501004,true,false,3,3,0,0,0,0,0.0,true,1780985219025236693
1780985219783287729,true,false,3,3,0,0,0,0,0.0,true,1780985219025236693
1780985219882927793,true,false,3,3,0,0,0,0,0.0,true,1780985219875815965
1780985219982864167,true,false,3,3,0,0,0,0,0.0,true,1780985219952114515
1780985220083112429,true,false,3,3,0,0,0,0,0.0,true,1780985219983883244
1780985220183001240,true,false,3,3,0,0,0,0,0.0,true,1780985220170436754
1780985220283276704,true,false,3,3,0,0,0,0,0.0,true,1780985220279663011
1780985220382856990,true,false,3,3,0,0,0,0,0.0,true,1780985220279663011
1780985220483099955,true,false,3,3,0,0,0,0,0.0,true,1780985220279663011
1780985220583467725,true,false,3,3,0,0,0,0,0.0,true,1780985220570928085
1780985220683524247,true,false,3,3,0,0,0,0,0.0,true,1780985220614078585
1780985220783654271,true,false,3,3,0,0,0,0,0.0,true,1780985220614078585
1780985220882698298,true,false,3,3,0,0,0,0,0.0,true,1780985220871160124
1780985220983259077,true,false,3,3,0,0,0,0,0.0,true,1780985220930750617
1780985221083014665,true,false,3,3,0,0,0,0,0.0,true,1780985220930750617
1780985221183410169,true,false,3,3,0,0,0,0,0.0,true,1780985221179801853
1780985221283653313,true,false,3,3,0,0,0,0,0.0,true,1780985221240154447
1780985221383252459,true,false,3,3,0,0,0,0,0.0,true,1780985221240154447
1780985221483188419,true,false,3,3,0,0,0,0,0.0,true,1780985221476711033
1780985221582813834,true,false,3,3,0,0,0,0,0.0,true,1780985221556421955
1780985221683479746,true,false,3,3,0,0,0,0,0.0,true,1780985221556421955
1780985221783400900,true,false,3,3,0,0,0,0,0.0,true,1780985221556421955
1780985221883080975,true,false,3,3,0,0,0,0,0.0,true,1780985221880523985
1780985221982964714,true,false,3,3,0,0,0,0,0.0,true,1780985221902969399
1780985222083065326,true,false,3,3,0,0,0,0,0.0,true,1780985221902969399
1780985222182911742,true,false,3,3,0,0,0,0,0.0,true,1780985222181452404
1780985222282785967,true,false,3,3,0,0,0,0,0.0,true,1780985222246077826
1780985222383384942,true,false,3,3,0,0,0,0,0.0,true,1780985222246077826
1780985222483345220,true,false,3,3,0,0,0,0,0.0,true,1780985222475952759
1780985222583218365,true,false,3,3,0,0,0,0,0.0,true,1780985222551543405
1780985222683085056,true,false,3,3,0,0,0,0,0.0,true,1780985222551543405
1780985222783034641,true,false,3,3,0,0,0,0,0.0,true,1780985222771614622
1780985222883185615,true,false,3,3,0,0,0,0,0.0,true,1780985222832062188
1780985222983345326,true,false,3,3,0,0,0,0,0.0,true,1780985222832062188
1780985223082921391,true,false,3,3,0,0,0,0,0.0,true,1780985223064055193
1780985223182887905,true,false,3,3,0,0,0,0,0.0,true,1780985223126265335
1780985223283213112,true,false,3,3,0,0,0,0,0.0,true,1780985223126265335
1780985223383283109,true,false,3,3,0,0,0,0,0.0,true,1780985223126265335
1780985223483265605,true,false,3,3,0,0,0,0,0.0,true,1780985223478058997
1780985223583036250,true,false,3,3,0,0,0,0,0.0,true,1780985223478058997
1780985223683028168,true,false,3,3,0,0,0,0,0.0,true,1780985223682990816
1780985223785538037,true,false,3,3,0,0,0,0,0.0,true,1780985223765659497
1780985223883643093,true,false,3,3,0,0,0,0,0.0,true,1780985223765659497
1780985223983433410,true,false,3,3,0,0,0,0,0.0,true,1780985223971759199
1780985224083408850,true,false,3,3,0,0,0,0,0.0,true,1780985224061425307
1780985224183020279,true,false,3,3,0,0,0,0,0.0,true,1780985224061425307
1780985224283118332,true,false,3,3,0,0,0,0,0.0,true,1780985224276665415
1780985224383558338,true,false,3,3,0,0,0,0,0.0,true,1780985224347721425
1780985224483142343,true,false,3,3,0,0,0,0,0.0,true,1780985224347721425
1780985224583390738,true,false,3,3,0,0,0,0,0.0,true,1780985224580775023
1780985224684562410,true,false,3,3,0,0,0,0,0.0,true,1780985224661426043
1780985224783429529,true,false,3,3,0,0,0,0,0.0,true,1780985224661426043
1780985224882964235,true,false,3,3,0,0,0,0,0.0,true,1780985224878455802
1780985224982854637,true,false,3,3,0,0,0,0,0.0,true,1780985224956789206
1780985225082960736,true,false,3,3,0,0,0,0,0.0,true,1780985224956789206
1780985225183045615,true,false,3,3,0,0,0,0,0.0,true,1780985225173551393
1780985225283193249,true,false,3,3,0,0,0,0,0.0,true,1780985225231435147
1780985225383602978,true,false,3,3,0,0,0,0,0.0,true,1780985225231435147
1780985225485534785,true,false,3,3,0,0,0,0,0.0,true,1780985225477994772
1780985225583212871,true,false,3,3,0,0,0,0,0.0,true,1780985225508434878
1780985225682681706,true,false,3,3,0,0,0,0,0.0,true,1780985225666082667
1780985225786538515,true,false,3,3,0,0,0,0,0.0,true,1780985225778429750
1780985225882873554,true,false,3,3,0,0,0,0,0.0,true,1780985225778429750
1780985225983154560,true,false,3,3,0,0,0,0,0.0,true,1780985225976628337
1780985226083029769,true,false,3,3,0,0,0,0,0.0,true,1780985226042718280
1780985226183345930,true,false,3,3,0,0,0,0,0.0,true,1780985226042718280
1780985226285526544,true,false,3,3,0,0,0,0,0.0,true,1780985226278122746
1780985226383117243,true,false,3,3,0,0,0,0,0.0,true,1780985226309184272
1780985226483396863,true,false,3,3,0,0,0,0,0.0,true,1780985226464681029
1780985226584538298,true,false,3,3,0,0,0,0,0.0,true,1780985226577176917
1780985226683150224,true,false,3,3,0,0,0,0,0.0,true,1780985226577176917
1780985226783620019,true,false,3,3,0,0,0,0,0.0,true,1780985226771075546
1780985226882764494,true,false,3,3,0,0,0,0,0.0,true,1780985226850284062
1780985226982878125,true,false,3,3,0,0,0,0,0.0,true,1780985226850284062
1780985227083261509,true,false,3,3,0,0,0,0,0.0,true,1780985226850284062
1780985227183520588,true,false,3,3,0,0,0,0,0.0,true,1780985227162406136
1780985227282817580,true,false,3,3,0,0,0,0,0.0,true,1780985227192508171
1780985227382761679,true,false,3,3,0,0,0,0,0.0,true,1780985227376287634
1780985227482884726,true,false,3,3,0,0,0,0,0.0,true,1780985227461819294
1780985227583189881,true,false,3,3,0,0,0,0,0.0,true,1780985227461819294
1780985227683001479,true,false,3,3,0,0,0,0,0.0,true,1780985227676564972
1780985227783231964,true,false,3,3,0,0,0,0,0.0,true,1780985227732678714
1780985227883558225,true,false,3,3,0,0,0,0,0.0,true,1780985227732678714
1780985227984527684,true,false,3,3,0,0,0,0,0.0,true,1780985227974787821
1780985228083477804,true,false,3,3,0,0,0,0,0.0,true,1780985228009516069
1780985228183320506,true,false,3,3,0,0,0,0,0.0,true,1780985228170824187
1780985228283025571,true,false,3,3,0,0,0,0,0.0,true,1780985228259973253
1780985228383629188,true,false,3,3,0,0,0,0,0.0,true,1780985228288697280
1780985228482876519,true,false,3,3,0,0,0,0,0.0,true,1780985228288697280
1780985228583613367,true,false,3,3,0,0,0,0,0.0,true,1780985228566636468
1780985228683394892,true,false,3,3,0,0,0,0,0.0,true,1780985228626130539
1780985228783247770,true,false,3,3,0,0,0,0,0.0,true,1780985228778838432
1780985228882770418,true,false,3,3,0,0,0,0,0.0,true,1780985228858106883
1780985228982795643,true,false,3,3,0,0,0,0,0.0,true,1780985228895090718
1780985229083255299,true,false,3,3,0,0,0,0,0.0,true,1780985229072719128
1780985229188538580,true,false,3,3,0,0,0,0,0.0,true,1780985229169176002
1780985229289625962,true,false,3,3,0,0,0,0,0.0,true,1780985229169176002
1780985229388813374,true,false,3,3,0,0,0,0,0.0,true,1780985229384366358
1780985229489474484,true,false,3,3,0,0,0,0,0.0,true,1780985229441157701
1780985229589491631,true,false,3,3,0,0,0,0,0.0,true,1780985229441157701
1780985229688632697,true,false,3,3,0,0,0,0,0.0,true,1780985229688397117
1780985229792659732,true,false,3,3,0,0,0,0,0.0,true,1780985229732077296
1780985229889441280,true,false,3,3,0,0,0,0,0.0,true,1780985229732077296
1780985229989056607,true,false,3,3,0,0,0,0,0.0,true,1780985229987591416
1780985230089316392,true,false,3,3,0,0,0,0,0.0,true,1780985230019727879
1780985230188912179,true,false,3,3,0,0,0,0,0.0,true,1780985230019727879
1780985230289707294,true,false,3,3,0,0,0,0,0.0,true,1780985230277098518
1780985230388782398,true,false,3,3,0,0,0,0,0.0,true,1780985230350660316
1780985230488623554,true,false,3,3,0,0,0,0,0.0,true,1780985230488108318
1780985230589086288,true,false,3,3,0,0,0,0,0.0,true,1780985230583438191
1780985230689622421,true,false,3,3,0,0,0,0,0.0,true,1780985230627495338
1780985230788951344,true,false,3,3,0,0,0,0,0.0,true,1780985230786493361
1780985230892289146,true,false,3,3,0,0,0,0,0.0,true,1780985230886654187
1780985230989252259,true,false,3,3,0,0,0,0,0.0,true,1780985230886654187
1780985231089404330,true,false,3,3,0,0,0,0,0.0,true,1780985231082703240
1780985231189116337,true,false,3,3,0,0,0,0,0.0,true,1780985231136617771
1780985231288795349,true,false,3,3,0,0,0,0,0.0,true,1780985231136617771
1780985231389480682,true,false,3,3,0,0,0,0,0.0,true,1780985231380656192
1780985231489150643,true,false,3,3,0,0,0,0,0.0,true,1780985231441049814
1780985231589189290,true,false,3,3,0,0,0,0,0.0,true,1780985231441049814
1780985231689720460,true,false,3,3,0,0,0,0,0.0,true,1780985231681260852
1780985231789415577,true,false,3,3,0,0,0,0,0.0,true,1780985231719018986
1780985231888830867,true,false,3,3,0,0,0,0,0.0,true,1780985231719018986
1780985231989736015,true,false,3,3,0,0,0,0,0.0,true,1780985231970340387
1780985232090225083,true,false,3,3,0,0,0,0,0.0,true,1780985232004543239
1780985232189692623,true,false,3,3,0,0,0,0,0.0,true,1780985232187138109
1780985232289774019,true,false,3,3,0,0,0,0,0.0,true,1780985232282127526
1780985232389795786,true,false,3,3,0,0,0,0,0.0,true,1780985232282127526
1780985232489558021,true,false,3,3,0,0,0,0,0.0,true,1780985232487061879
1780985232592752581,true,false,3,3,0,0,0,0,0.0,true,1780985232570531689
1780985232688960287,true,false,3,3,0,0,0,0,0.0,true,1780985232570531689
1780985232789799322,true,false,3,3,0,0,0,0,0.0,true,1780985232786852996
1780985232888880425,true,false,3,3,0,0,0,0,0.0,true,1780985232845773944
1780985232988957943,true,false,3,3,0,0,0,0,0.0,true,1780985232845773944
1780985233088752783,true,false,3,3,0,0,0,0,0.0,true,1780985233087271649
1780985233189242688,true,false,3,3,0,0,0,0,0.0,true,1780985233136223683
1780985233289315562,true,false,3,3,0,0,0,0,0.0,true,1780985233136223683
1780985233389295195,true,false,3,3,0,0,0,0,0.0,true,1780985233389135908
1780985233489039774,true,false,3,3,0,0,0,0,0.0,true,1780985233445523127
1780985233589398227,true,false,3,3,0,0,0,0,0.0,true,1780985233445523127
1780985233689467752,true,false,3,3,0,0,0,0,0.0,true,1780985233682013328
1780985233789335819,true,false,3,3,0,0,0,0,0.0,true,1780985233743894997
1780985233888900777,true,false,3,3,0,0,0,0,0.0,true,1780985233743894997
1780985233988632219,true,false,3,3,0,0,0,0,0.0,true,1780985233988252294
1780985234089719481,true,false,3,3,0,0,0,0,0.0,true,1780985234030191668
1780985234189585301,true,false,3,3,0,0,0,0,0.0,true,1780985234030191668
1780985234289660157,true,false,3,3,0,0,0,0,0.0,true,1780985234278715083
1780985234389305963,true,false,3,3,0,0,0,0,0.0,true,1780985234321675924
1780985234489838284,true,false,3,3,0,0,0,0,0.0,true,1780985234321675924
1780985234592588062,true,false,3,3,0,0,0,0,0.0,true,1780985234585940694
1780985234688881624,true,false,3,3,0,0,0,0,0.0,true,1780985234629634393
1780985234789026908,true,false,3,3,0,0,0,0,0.0,true,1780985234629634393
1780985234890573781,true,false,3,3,0,0,0,0,0.0,true,1780985234879907741
1780985234988848278,true,false,3,3,0,0,0,0,0.0,true,1780985234923668953
1780985235089038883,true,false,3,3,0,0,0,0,0.0,true,1780985235073494797
1780985235189206070,true,false,3,3,0,0,0,0,0.0,true,1780985235183668629
1780985235289670361,true,false,3,3,0,0,0,0,0.0,true,1780985235190926402
1780985235389352651,true,false,3,3,0,0,0,0,0.0,true,1780985235374786295
1780985235494795607,true,false,3,3,0,0,0,0,0.0,true,1780985235481684870
1780985235596546851,true,false,3,3,0,0,0,0,0.0,true,1780985235481684870
1780985235695839189,true,false,3,3,0,0,0,0,0.0,true,1780985235695785467
1780985235798511695,true,false,3,3,0,0,0,0,0.0,true,1780985235778435202
1780985235896186791,true,false,3,3,0,0,0,0,0.0,true,1780985235778435202
1780985235996624983,true,false,3,3,0,0,0,0,0.0,true,1780985235992997902
1780985236097512913,true,false,3,3,0,0,0,0,0.0,true,1780985236054841268
1780985236196614517,true,false,3,3,0,0,0,0,0.0,true,1780985236054841268
1780985236296515330,true,false,3,3,0,0,0,0,0.0,true,1780985236289511887
1780985236396581375,true,false,3,3,0,0,0,0,0.0,true,1780985236330685120
1780985236495885342,true,false,3,3,0,0,0,0,0.0,true,1780985236330685120
1780985236596529475,true,false,3,3,0,0,0,0,0.0,true,1780985236590045712
1780985236698534878,true,false,3,3,0,0,0,0,0.0,true,1780985236621626277
1780985236796242105,true,false,3,3,0,0,0,0,0.0,true,1780985236778513835
1780985236898530455,true,false,3,3,0,0,0,0,0.0,true,1780985236891136879
1780985236996498108,true,false,3,3,0,0,0,0,0.0,true,1780985236891136879
1780985237096601049,true,false,3,3,0,0,0,0,0.0,true,1780985237090014411
1780985237195782982,true,false,3,3,0,0,0,0,0.0,true,1780985237165199841
1780985237296085082,true,false,3,3,0,0,0,0,0.0,true,1780985237165199841
1780985237395744086,true,false,3,3,0,0,0,0,0.0,true,1780985237387126451
1780985237496351420,true,false,3,3,0,0,0,0,0.0,true,1780985237439654241
1780985237596097541,true,false,3,3,0,0,0,0,0.0,true,1780985237439654241
1780985237695918636,true,false,3,3,0,0,0,0,0.0,true,1780985237695771523
1780985237796263540,true,false,3,3,0,0,0,0,0.0,true,1780985237737236645
1780985237895821576,true,false,3,3,0,0,0,0,0.0,true,1780985237737236645
1780985237995941481,true,false,3,3,0,0,0,0,0.0,true,1780985237991493349
1780985238096132037,true,false,3,3,0,0,0,0,0.0,true,1780985238032407550
1780985238196236074,true,false,3,3,0,0,0,0,0.0,true,1780985238032407550
1780985238295825100,true,false,3,3,0,0,0,0,0.0,true,1780985238281074751
1780985238396293388,true,false,3,3,0,0,0,0,0.0,true,1780985238316500661
1780985238496498833,true,false,3,3,0,0,0,0,0.0,true,1780985238482746337
1780985238596250419,true,false,3,3,0,0,0,0,0.0,true,1780985238591736188
1780985238695811457,true,false,3,3,0,0,0,0,0.0,true,1780985238598237877
1780985238796753980,true,false,3,3,0,0,0,0,0.0,true,1780985238791061105
1780985238895950624,true,false,3,3,0,0,0,0,0.0,true,1780985238866249703
1780985238995843664,true,false,3,3,0,0,0,0,0.0,true,1780985238866249703
1780985239096061536,true,false,3,3,0,0,0,0,0.0,true,1780985239085111165
1780985239196223564,true,false,3,3,0,0,0,0,0.0,true,1780985239158093054
1780985239296192674,true,false,3,3,0,0,0,0,0.0,true,1780985239158093054
1780985239396166111,true,false,3,3,0,0,0,0,0.0,true,1780985239391562830
1780985239495935566,true,false,3,3,0,0,0,0,0.0,true,1780985239432144976
1780985239596368426,true,false,3,3,0,0,0,0,0.0,true,1780985239432144976
1780985239695856810,true,false,3,3,0,0,0,0,0.0,true,1780985239694385564
1780985239795952555,true,false,3,3,0,0,0,0,0.0,true,1780985239772098787
1780985239896465723,true,false,3,3,0,0,0,0,0.0,true,1780985239772098787
1780985239996176529,true,false,3,3,0,0,0,0,0.0,true,1780985239993723466
1780985240100599943,true,false,3,3,0,0,0,0,0.0,true,1780985240059504865
1780985240202358266,true,false,3,3,0,0,0,0,0.0,true,1780985240059504865
1780985240301836068,true,false,3,3,0,0,0,0,0.0,true,1780985240288182906
1780985240402202942,true,false,3,3,0,0,0,0,0.0,true,1780985240343516535
1780985240502292748,true,false,3,3,0,0,0,0,0.0,true,1780985240343516535
1780985240601755117,true,false,3,3,0,0,0,0,0.0,true,1780985240599172029
1780985240702301622,true,false,3,3,0,0,0,0,0.0,true,1780985240658380703
1780985240802668322,true,false,3,3,0,0,0,0,0.0,true,1780985240658380703
1780985240901712577,true,false,3,3,0,0,0,0,0.0,true,1780985240893078345
1780985241001779535,true,false,3,3,0,0,0,0,0.0,true,1780985240955961380
1780985241102540576,true,false,3,3,0,0,0,0,0.0,true,1780985240955961380
1780985241202277881,true,false,3,3,0,0,0,0,0.0,true,1780985241197724970
1780985241302100191,true,false,3,3,0,0,0,0,0.0,true,1780985241236257432
1780985241402288258,true,false,3,3,0,0,0,0,0.0,true,1780985241395787705
1780985241503536751,true,false,3,3,0,0,0,0,0.0,true,1780985241492194718
1780985241601853299,true,false,3,3,0,0,0,0,0.0,true,1780985241514301669
1780985241702421840,true,false,3,3,0,0,0,0,0.0,true,1780985241514301669
1780985241802420628,true,false,3,3,0,0,0,0,0.0,true,1780985241795627030
1780985241901852826,true,false,3,3,0,0,0,0,0.0,true,1780985241892580852
1780985242002087670,true,false,3,3,0,0,0,0,0.0,true,1780985241892580852
1780985242102107978,true,false,3,3,0,0,0,0,0.0,true,1780985241892580852
1780985242201675630,true,false,3,3,0,0,0,0,0.0,true,1780985242201531322
1780985242302684807,true,false,3,3,0,0,0,0,0.0,true,1780985242227365534
1780985242403388650,true,false,3,3,0,0,0,0,0.0,true,1780985242227365534
1780985242502567205,true,false,3,3,0,0,0,0,0.0,true,1780985242227365534
1780985242602555101,true,false,3,3,0,0,0,0,0.0,true,1780985242597439211
1780985242702310777,true,false,3,3,0,0,0,0,0.0,true,1780985242639904927
1780985242802578636,true,false,3,3,0,0,0,0,0.0,true,1780985242639904927
1780985242902522904,true,false,3,3,0,0,0,0,0.0,true,1780985242889792140
1780985243002194924,true,false,3,3,0,0,0,0,0.0,true,1780985242949581399
1780985243102290661,true,false,3,3,0,0,0,0,0.0,true,1780985242949581399
1780985243202218755,true,false,3,3,0,0,0,0,0.0,true,1780985243200359258
1780985243302122254,true,false,3,3,0,0,0,0,0.0,true,1780985243261030958
1780985243402436567,true,false,3,3,0,0,0,0,0.0,true,1780985243261030958
1780985243501741896,true,false,3,3,0,0,0,0,0.0,true,1780985243499257065
1780985243603537105,true,false,3,3,0,0,0,0,0.0,true,1780985243561618025
1780985243701882087,true,false,3,3,0,0,0,0,0.0,true,1780985243561618025
1780985243802983499,true,false,3,3,0,0,0,0,0.0,true,1780985243798164026
1780985243903549963,true,false,3,3,0,0,0,0,0.0,true,1780985243889289012
1780985244001988301,true,false,3,3,0,0,0,0,0.0,true,1780985243889289012
1780985244102628976,true,false,3,3,0,0,0,0,0.0,true,1780985244092933871
1780985244201951797,true,false,3,3,0,0,0,0,0.0,true,1780985244170631196
1780985244302358951,true,false,3,3,0,0,0,0,0.0,true,1780985244211651564
1780985244401990008,true,false,3,3,0,0,0,0,0.0,true,1780985244392460107
1780985244502541248,true,false,3,3,0,0,0,0,0.0,true,1780985244491495890
1780985244601849737,true,false,3,3,0,0,0,0,0.0,true,1780985244491495890
1780985244701892219,true,false,3,3,0,0,0,0,0.0,true,1780985244692303404
1780985244804541235,true,false,3,3,0,0,0,0,0.0,true,1780985244771985356
1780985244902073781,true,false,3,3,0,0,0,0,0.0,true,1780985244771985356
1780985245001816261,true,false,3,3,0,0,0,0,0.0,true,1780985244996355970
1780985245101834396,true,false,3,3,0,0,0,0,0.0,true,1780985245050972678
1780985245202363264,true,false,3,3,0,0,0,0,0.0,true,1780985245050972678
1780985245301809004,true,false,3,3,0,0,0,0,0.0,true,1780985245297270814
1780985245401920692,true,false,3,3,0,0,0,0,0.0,true,1780985245322850257
1780985245502337101,true,false,3,3,0,0,0,0,0.0,true,1780985245499871293
1780985245603546975,true,false,3,3,0,0,0,0,0.0,true,1780985245592736576
1780985245701774753,true,false,3,3,0,0,0,0,0.0,true,1780985245592736576
1780985245802537280,true,false,3,3,0,0,0,0,0.0,true,1780985245792077752
1780985245904543164,true,false,3,3,0,0,0,0,0.0,true,1780985245874443059
1780985246002305731,true,false,3,3,0,0,0,0,0.0,true,1780985245874443059
1780985246101861698,true,false,3,3,0,0,0,0,0.0,true,1780985246091429012
1780985246202075193,true,false,3,3,0,0,0,0,0.0,true,1780985246158153878
1780985246302169106,true,false,3,3,0,0,0,0,0.0,true,1780985246158153878
1780985246402677429,true,false,3,3,0,0,0,0,0.0,true,1780985246399226220
1780985246501970146,true,false,3,3,0,0,0,0,0.0,true,1780985246466211185
1780985246602329045,true,false,3,3,0,0,0,0,0.0,true,1780985246466211185
1780985246701675496,true,false,3,3,0,0,0,0,0.0,true,1780985246701622693
1780985246801840592,true,false,3,3,0,0,0,0,0.0,true,1780985246760342851
1780985246902613215,true,false,3,3,0,0,0,0,0.0,true,1780985246760342851
1780985247002021172,true,false,3,3,0,0,0,0,0.0,true,1780985246992294781
1780985247102081567,true,false,3,3,0,0,0,0,0.0,true,1780985247042897039
1780985247204799144,true,false,3,3,0,0,0,0,0.0,true,1780985247042897039
1780985247301786250,true,false,3,3,0,0,0,0,0.0,true,1780985247292665451
1780985247406586097,true,false,3,3,0,0,0,0,0.0,true,1780985247393610400
1780985247508611523,true,false,3,3,0,0,0,0,0.0,true,1780985247420104382
1780985247607934132,true,false,3,3,0,0,0,0,0.0,true,1780985247420104382
1780985247708726492,true,false,3,3,0,0,0,0,0.0,true,1780985247699908318
1780985247807816838,true,false,3,3,0,0,0,0,0.0,true,1780985247803012333
1780985247908111455,true,false,3,3,0,0,0,0,0.0,true,1780985247803012333
1780985248008540875,true,false,3,3,0,0,0,0,0.0,true,1780985247993738941
1780985248107815647,true,false,3,3,0,0,0,0,0.0,true,1780985248079362911
1780985248208151483,true,false,3,3,0,0,0,0,0.0,true,1780985248206666169
1780985248308341801,true,false,3,3,0,0,0,0,0.0,true,1780985248303891518
1780985248408137360,true,false,3,3,0,0,0,0,0.0,true,1780985248337140578
1780985248507718021,true,false,3,3,0,0,0,0,0.0,true,1780985248505245884
1780985248608198618,true,false,3,3,0,0,0,0,0.0,true,1780985248587446202
1780985248708221799,true,false,3,3,0,0,0,0,0.0,true,1780985248587446202
1780985248807960272,true,false,3,3,0,0,0,0,0.0,true,1780985248800414215
1780985248908521299,true,false,3,3,0,0,0,0,0.0,true,1780985248863290058
1780985249008491617,true,false,3,3,0,0,0,0,0.0,true,1780985248863290058
1780985249108310668,true,false,3,3,0,0,0,0,0.0,true,1780985249104873157
1780985249207718779,true,false,3,3,0,0,0,0,0.0,true,1780985249143534779
1780985249308148578,true,false,3,3,0,0,0,0,0.0,true,1780985249143534779
1780985249407829360,true,false,3,3,0,0,0,0,0.0,true,1780985249404047147
1780985249508261824,true,false,3,3,0,0,0,0,0.0,true,1780985249450356550
1780985249608428941,true,false,3,3,0,0,0,0,0.0,true,1780985249450356550
1780985249709752278,true,false,3,3,0,0,0,0,0.0,true,1780985249702881905
1780985249808037913,true,false,3,3,0,0,0,0,0.0,true,1780985249740155164
1780985249908220792,true,false,3,3,0,0,0,0,0.0,true,1780985249899681236
1780985250007916059,true,false,3,3,0,0,0,0,0.0,true,1780985249977968246
1780985250108557152,true,false,3,3,0,0,0,0,0.0,true,1780985250016463590
1780985250208304159,true,false,3,3,0,0,0,0,0.0,true,1780985250205505388
1780985250309691299,true,false,3,3,0,0,0,0,0.0,true,1780985250290702595
1780985250408586783,true,false,3,3,0,0,0,0,0.0,true,1780985250290702595
1780985250508133200,true,false,3,3,0,0,0,0,0.0,true,1780985250505591088
1780985250608399506,true,false,3,3,0,0,0,0,0.0,true,1780985250573048080
1780985250708043426,true,false,3,3,0,0,0,0,0.0,true,1780985250573048080
1780985250807972287,true,false,3,3,0,0,0,0,0.0,true,1780985250804110296
1780985250908254792,true,false,3,3,0,0,0,0,0.0,true,1780985250851762547
1780985251008264998,true,false,3,3,0,0,0,0,0.0,true,1780985250851762547
1780985251107624974,true,false,3,3,0,0,0,0,0.0,true,1780985251107357416
1780985251209590085,true,false,3,3,0,0,0,0,0.0,true,1780985251188516593
1780985251307815653,true,false,3,3,0,0,0,0,0.0,true,1780985251218442431
1780985251408539607,true,false,3,3,0,0,0,0,0.0,true,1780985251391112016
1780985251507901437,true,false,3,3,0,0,0,0,0.0,true,1780985251471505454
1780985251608142824,true,false,3,3,0,0,0,0,0.0,true,1780985251471505454
1780985251708459114,true,false,3,3,0,0,0,0,0.0,true,1780985251707021554
1780985251807954070,true,false,3,3,0,0,0,0,0.0,true,1780985251772351174
1780985251908236467,true,false,3,3,0,0,0,0,0.0,true,1780985251772351174
1780985252007650334,true,false,3,3,0,0,0,0,0.0,true,1780985252006737383
1780985252112336106,true,false,3,3,0,0,0,0,0.0,true,1780985252077232365
1780985252212916316,true,false,3,3,0,0,0,0,0.0,true,1780985252077232365
1780985252313001671,true,false,3,3,0,0,0,0,0.0,true,1780985252306348506
1780985252413566034,true,false,3,3,0,0,0,0,0.0,true,1780985252390992129
1780985252513634880,true,false,3,3,0,0,0,0,0.0,true,1780985252390992129
1780985252613212354,true,false,3,3,0,0,0,0,0.0,true,1780985252606841573
1780985252713174523,true,false,3,3,0,0,0,0,0.0,true,1780985252672110618
1780985252813807148,true,false,3,3,0,0,0,0,0.0,true,1780985252672110618
1780985252913249955,true,false,3,3,0,0,0,0,0.0,true,1780985252903635196
1780985253017539593,true,false,3,3,0,0,0,0,0.0,true,1780985253002254867
1780985253117826145,true,false,3,3,0,0,0,0,0.0,true,1780985253002254867
1780985253218516806,true,false,3,3,0,0,0,0,0.0,true,1780985253212969498
1780985253321553625,true,false,3,3,0,0,0,0,0.0,true,1780985253308675780
1780985253418542934,true,false,3,3,0,0,0,0,0.0,true,1780985253308675780
1780985253517724428,true,false,3,3,0,0,0,0,0.0,true,1780985253508153763
1780985253617892546,true,false,3,3,0,0,0,0,0.0,true,1780985253586677299
1780985253718703166,true,false,3,3,0,0,0,0,0.0,true,1780985253586677299
1780985253818537044,true,false,3,3,0,0,0,0,0.0,true,1780985253808458123
1780985253918262964,true,false,3,3,0,0,0,0,0.0,true,1780985253875971784
1780985254017812705,true,false,3,3,0,0,0,0,0.0,true,1780985254010262483
1780985254118484189,true,false,3,3,0,0,0,0,0.0,true,1780985254104556603
1780985254220547601,true,false,3,3,0,0,0,0,0.0,true,1780985254124019555
1780985254318495902,true,false,3,3,0,0,0,0,0.0,true,1780985254315997323
1780985254418538831,true,false,3,3,0,0,0,0,0.0,true,1780985254392668873
1780985254518131121,true,false,3,3,0,0,0,0,0.0,true,1780985254392668873
1780985254618207367,true,false,3,3,0,0,0,0,0.0,true,1780985254613653496
1780985254718203454,true,false,3,3,0,0,0,0,0.0,true,1780985254675852580
1780985254818487101,true,false,3,3,0,0,0,0,0.0,true,1780985254675852580
1780985254917997383,true,false,3,3,0,0,0,0,0.0,true,1780985254915611930
1780985255017923863,true,false,3,3,0,0,0,0,0.0,true,1780985254952697512
1780985255117900255,true,false,3,3,0,0,0,0,0.0,true,1780985255113439595
1780985255217881084,true,false,3,3,0,0,0,0,0.0,true,1780985255193167267
1780985255317718576,true,false,3,3,0,0,0,0,0.0,true,1780985255232553018
1780985255418541086,true,false,3,3,0,0,0,0,0.0,true,1780985255410963175
1780985255517884307,true,false,3,3,0,0,0,0,0.0,true,1780985255490273766
1780985255618183170,true,false,3,3,0,0,0,0,0.0,true,1780985255528971285
1780985255717621763,true,false,3,3,0,0,0,0,0.0,true,1780985255717286728
1780985255818060272,true,false,3,3,0,0,0,0,0.0,true,1780985255814542452
1780985255917850176,true,false,3,3,0,0,0,0,0.0,true,1780985255814542452
1780985256017942287,true,false,3,3,0,0,0,0,0.0,true,1780985256005238260
1780985256120550563,true,false,3,3,0,0,0,0,0.0,true,1780985256107176142
1780985256218240930,true,false,3,3,0,0,0,0,0.0,true,1780985256107176142
1780985256317751365,true,false,3,3,0,0,0,0,0.0,true,1780985256315180317
1780985256417814117,true,false,3,3,0,0,0,0,0.0,true,1780985256389679176
1780985256518251074,true,false,3,3,0,0,0,0,0.0,true,1780985256389679176
1780985256618512615,true,false,3,3,0,0,0,0,0.0,true,1780985256617080431
1780985256718414528,true,false,3,3,0,0,0,0,0.0,true,1780985256661728323
1780985256817975211,true,false,3,3,0,0,0,0,0.0,true,1780985256661728323
1780985256919584560,true,false,3,3,0,0,0,0,0.0,true,1780985256902728120
1780985257018684888,true,false,3,3,0,0,0,0,0.0,true,1780985256939393335
1780985257118133661,true,false,3,3,0,0,0,0,0.0,true,1780985257106219683
1780985257217627728,true,false,3,3,0,0,0,0,0.0,true,1780985257217072670
1780985257317914860,true,false,3,3,0,0,0,0,0.0,true,1780985257224419366
1780985257417990847,true,false,3,3,0,0,0,0,0.0,true,1780985257403077905
1780985257517850564,true,false,3,3,0,0,0,0,0.0,true,1780985257501307421
1780985257617803942,true,false,3,3,0,0,0,0,0.0,true,1780985257501307421
1780985257718518046,true,false,3,3,0,0,0,0,0.0,true,1780985257705848575
1780985257817783481,true,false,3,3,0,0,0,0,0.0,true,1780985257785380798
1780985257918082532,true,false,3,3,0,0,0,0,0.0,true,1780985257785380798
1780985258017813066,true,false,3,3,0,0,0,0,0.0,true,1780985258011364045
1780985258120541466,true,false,3,3,0,0,0,0,0.0,true,1780985258067073532
1780985258217778661,true,false,3,3,0,0,0,0,0.0,true,1780985258067073532
1780985258320545390,true,false,3,3,0,0,0,0,0.0,true,1780985258310337508
1780985258418183093,true,false,3,3,0,0,0,0,0.0,true,1780985258348933246
1780985258517963501,true,false,3,3,0,0,0,0,0.0,true,1780985258512489897
1780985258618437137,true,false,3,3,0,0,0,0,0.0,true,1780985258601735466
1780985258719217736,true,false,3,3,0,0,0,0,0.0,true,1780985258624171031
1780985258817787311,true,false,3,3,0,0,0,0,0.0,true,1780985258812295873
1780985258917981862,true,false,3,3,0,0,0,0,0.0,true,1780985258905168600
1780985259018538236,true,false,3,3,0,0,0,0,0.0,true,1780985258905168600
1780985259117990726,true,false,3,3,0,0,0,0,0.0,true,1780985259110511173
1780985259218252894,true,false,3,3,0,0,0,0,0.0,true,1780985259203536378
1780985259318170727,true,false,3,3,0,0,0,0,0.0,true,1780985259203536378
1780985259418062940,true,false,3,3,0,0,0,0,0.0,true,1780985259411606318
1780985259517757746,true,false,3,3,0,0,0,0,0.0,true,1780985259490993916
1780985259618495359,true,false,3,3,0,0,0,0,0.0,true,1780985259526880786
1780985259718413599,true,false,3,3,0,0,0,0,0.0,true,1780985259705828918
1780985259817866884,true,false,3,3,0,0,0,0,0.0,true,1780985259798525363
1780985259918301203,true,false,3,3,0,0,0,0,0.0,true,1780985259818893453
1780985260018327688,true,false,3,3,0,0,0,0,0.0,true,1780985260011682716
1780985260117870056,true,false,3,3,0,0,0,0,0.0,true,1780985260097430803
1780985260218143639,true,false,3,3,0,0,0,0,0.0,true,1780985260097430803
1780985260317801017,true,false,3,3,0,0,0,0,0.0,true,1780985260314330605
1780985260417822325,true,false,3,3,0,0,0,0,0.0,true,1780985260374077820
1780985260518427246,true,false,3,3,0,0,0,0,0.0,true,1780985260374077820
1780985260621519360,true,false,3,3,0,0,0,0,0.0,true,1780985260613740550
1780985260718247734,true,false,3,3,0,0,0,0,0.0,true,1780985260651161234
1780985260819000215,true,false,3,3,0,0,0,0,0.0,true,1780985260651161234
1780985260917851365,true,false,3,3,0,0,0,0,0.0,true,1780985260897581065
1780985261018630755,true,false,3,3,0,0,0,0,0.0,true,1780985260936431266
1780985261118589986,true,false,3,3,0,0,0,0,0.0,true,1780985261110096159
1780985261217912629,true,false,3,3,0,0,0,0,0.0,true,1780985261189296540
1780985261318588205,true,false,3,3,0,0,0,0,0.0,true,1780985261228852294
1780985261418253720,true,false,3,3,0,0,0,0,0.0,true,1780985261410843376
1780985261520563652,true,false,3,3,0,0,0,0,0.0,true,1780985261507705103
1780985261617846291,true,false,3,3,0,0,0,0,0.0,true,1780985261507705103
1780985261717720122,true,false,3,3,0,0,0,0,0.0,true,1780985261716104088
1780985261818519047,true,false,3,3,0,0,0,0,0.0,true,1780985261797645351
1780985261917892402,true,false,3,3,0,0,0,0,0.0,true,1780985261797645351
1780985262018570683,true,false,3,3,0,0,0,0,0.0,true,1780985262013003820
1780985262117900846,true,false,3,3,0,0,0,0,0.0,true,1780985262081213211
1780985262218005182,true,false,3,3,0,0,0,0,0.0,true,1780985262081213211
1780985262318626894,true,false,3,3,0,0,0,0,0.0,true,1780985262313100725
1780985262418234351,true,false,3,3,0,0,0,0,0.0,true,1780985262360796967
1780985262517814104,true,false,3,3,0,0,0,0,0.0,true,1780985262360796967
1780985262618597312,true,false,3,3,0,0,0,0,0.0,true,1780985262612912401
1780985262718646109,true,false,3,3,0,0,0,0,0.0,true,1780985262648733924
1780985262818068249,true,false,3,3,0,0,0,0,0.0,true,1780985262648733924
1780985262917828783,true,false,3,3,0,0,0,0,0.0,true,1780985262901016996
1780985263018283976,true,false,3,3,0,0,0,0,0.0,true,1780985262952898219
1780985263118213936,true,false,3,3,0,0,0,0,0.0,true,1780985262952898219
1780985263217770363,true,false,3,3,0,0,0,0,0.0,true,1780985263216209518
1780985263318170150,true,false,3,3,0,0,0,0,0.0,true,1780985263247292825
1780985263417703958,true,false,3,3,0,0,0,0,0.0,true,1780985263406986297
1780985263518090154,true,false,3,3,0,0,0,0,0.0,true,1780985263495378809
1780985263618516796,true,false,3,3,0,0,0,0,0.0,true,1780985263519537979
1780985263717793763,true,false,3,3,0,0,0,0,0.0,true,1780985263708185295
1780985263818541174,true,false,3,3,0,0,0,0,0.0,true,1780985263793668767
1780985263918199559,true,false,3,3,0,0,0,0,0.0,true,1780985263793668767
1780985264018559201,true,false,3,3,0,0,0,0,0.0,true,1780985264016006017
1780985264117836994,true,false,3,3,0,0,0,0,0.0,true,1780985264094479476
1780985264218071476,true,false,3,3,0,0,0,0,0.0,true,1780985264094479476
1780985264317997337,true,false,3,3,0,0,0,0,0.0,true,1780985264316512515
1780985264417772383,true,false,3,3,0,0,0,0,0.0,true,1780985264374770736
1780985264518591075,true,false,3,3,0,0,0,0,0.0,true,1780985264374770736
1780985264617989031,true,false,3,3,0,0,0,0,0.0,true,1780985264610571367
1780985264718065834,true,false,3,3,0,0,0,0,0.0,true,1780985264653742319
1780985264817930430,true,false,3,3,0,0,0,0,0.0,true,1780985264653742319
1780985264918529659,true,false,3,3,0,0,0,0,0.0,true,1780985264911063295
1780985265017900953,true,false,3,3,0,0,0,0,0.0,true,1780985264950632332
1780985265118107914,true,false,3,3,0,0,0,0,0.0,true,1780985264950632332
1780985265217685043,true,false,3,3,0,0,0,0,0.0,true,1780985265199974670
1780985265318284684,true,false,3,3,0,0,0,0,0.0,true,1780985265233002610
1780985265418673025,true,false,3,3,0,0,0,0,0.0,true,1780985265233002610
1780985265517767318,true,false,3,3,0,0,0,0,0.0,true,1780985265505306544
1780985265618235081,true,false,3,3,0,0,0,0,0.0,true,1780985265505306544
1780985265717677288,true,false,3,3,0,0,0,0,0.0,true,1780985265703783254
1780985265818178155,true,false,3,3,0,0,0,0,0.0,true,1780985265818069990
1780985265917978704,true,false,3,3,0,0,0,0,0.0,true,1780985265818069990
1780985266017992608,true,false,3,3,0,0,0,0,0.0,true,1780985266017946400
1780985266119505663,true,false,3,3,0,0,0,0,0.0,true,1780985266089969026
1780985266218047393,true,false,3,3,0,0,0,0,0.0,true,1780985266089969026
1780985266318115619,true,false,3,3,0,0,0,0,0.0,true,1780985266311385517
1780985266418173355,true,false,3,3,0,0,0,0,0.0,true,1780985266362789764
1780985266517753656,true,false,3,3,0,0,0,0,0.0,true,1780985266362789764
1780985266618264782,true,false,3,3,0,0,0,0,0.0,true,1780985266612161113
1780985266718612632,true,false,3,3,0,0,0,0,0.0,true,1780985266633484339
1780985266818352431,true,false,3,3,0,0,0,0,0.0,true,1780985266797578132
1780985266922547617,true,false,3,3,0,0,0,0,0.0,true,1780985266912313520
1780985267022841388,true,false,3,3,0,0,0,0,0.0,true,1780985266912313520
1780985267122810579,true,false,3,3,0,0,0,0,0.0,true,1780985267110321329
1780985267227531617,true,false,3,3,0,0,0,0,0.0,true,1780985267186297899
1780985267323270605,true,false,3,3,0,0,0,0,0.0,true,1780985267186297899
1780985267423093547,true,false,3,3,0,0,0,0,0.0,true,1780985267419616204
1780985267525135334,true,false,3,3,0,0,0,0,0.0,true,1780985267465781794
1780985267623017040,true,false,3,3,0,0,0,0,0.0,true,1780985267465781794
1780985267722885462,true,false,3,3,0,0,0,0,0.0,true,1780985267721351295
1780985267823530175,true,false,3,3,0,0,0,0,0.0,true,1780985267753608674
1780985267922683277,true,false,3,3,0,0,0,0,0.0,true,1780985267922596183
1780985268022900135,true,false,3,3,0,0,0,0,0.0,true,1780985268002904797
1780985268122698785,true,false,3,3,0,0,0,0,0.0,true,1780985268041704801
1780985268223492230,true,false,3,3,0,0,0,0,0.0,true,1780985268213018266
1780985268323622172,true,false,3,3,0,0,0,0,0.0,true,1780985268303308516
1780985268422797388,true,false,3,3,0,0,0,0,0.0,true,1780985268328199959
1780985268523387115,true,false,3,3,0,0,0,0,0.0,true,1780985268511843826
1780985268623516609,true,false,3,3,0,0,0,0,0.0,true,1780985268621953124
1780985268722836834,true,false,3,3,0,0,0,0,0.0,true,1780985268621953124
1780985268823414984,true,false,3,3,0,0,0,0,0.0,true,1780985268823403225
1780985268923360058,true,false,3,3,0,0,0,0,0.0,true,1780985268894051201
1780985269023207452,true,false,3,3,0,0,0,0,0.0,true,1780985268894051201
1780985269123813047,true,false,3,3,0,0,0,0,0.0,true,1780985269120033291
1780985269223590952,true,false,3,3,0,0,0,0,0.0,true,1780985269178932357
1780985269323491073,true,false,3,3,0,0,0,0,0.0,true,1780985269178932357
1780985269423522571,true,false,3,3,0,0,0,0,0.0,true,1780985269413722685
1780985269523321294,true,false,3,3,0,0,0,0,0.0,true,1780985269450157538
1780985269623164475,true,false,3,3,0,0,0,0,0.0,true,1780985269619294158
1780985269722888835,true,false,3,3,0,0,0,0,0.0,true,1780985269698086561
1780985269825568959,true,false,3,3,0,0,0,0,0.0,true,1780985269735659042
1780985269922920469,true,false,3,3,0,0,0,0,0.0,true,1780985269922903210
1780985270023557704,true,false,3,3,0,0,0,0,0.0,true,1780985270015948336
1780985270122902322,true,false,3,3,0,0,0,0,0.0,true,1780985270015948336
1780985270223374238,true,false,3,3,0,0,0,0,0.0,true,1780985270220760240
1780985270325510236,true,false,3,3,0,0,0,0,0.0,true,1780985270290294490
1780985270423398512,true,false,3,3,0,0,0,0,0.0,true,1780985270290294490
1780985270523179330,true,false,3,3,0,0,0,0,0.0,true,1780985270516798428
1780985270622875780,true,false,3,3,0,0,0,0,0.0,true,1780985270564974762
1780985270722699370,true,false,3,3,0,0,0,0,0.0,true,1780985270564974762
1780985270823037554,true,false,3,3,0,0,0,0,0.0,true,1780985270814735604
1780985270924628239,true,false,3,3,0,0,0,0,0.0,true,1780985270839761772
1780985271022826388,true,false,3,3,0,0,0,0,0.0,true,1780985271022772023
1780985271123232549,true,false,3,3,0,0,0,0,0.0,true,1780985271116713961
1780985271223663416,true,false,3,3,0,0,0,0,0.0,true,1780985271116713961
1780985271323006097,true,false,3,3,0,0,0,0,0.0,true,1780985271317421718
1780985271422860627,true,false,3,3,0,0,0,0,0.0,true,1780985271392181039
1780985271522761970,true,false,3,3,0,0,0,0,0.0,true,1780985271392181039
1780985271622962313,true,false,3,3,0,0,0,0,0.0,true,1780985271620473210
1780985271723227880,true,false,3,3,0,0,0,0,0.0,true,1780985271661547473
1780985271822893367,true,false,3,3,0,0,0,0,0.0,true,1780985271661547473
1780985271922968522,true,false,3,3,0,0,0,0,0.0,true,1780985271916412357
1780985272023123989,true,false,3,3,0,0,0,0,0.0,true,1780985271971286422
1780985272122799298,true,false,3,3,0,0,0,0,0.0,true,1780985271971286422
1780985272222922605,true,false,3,3,0,0,0,0,0.0,true,1780985272215333844
1780985272323438290,true,false,3,3,0,0,0,0,0.0,true,1780985272260726880
1780985272422850551,true,false,3,3,0,0,0,0,0.0,true,1780985272417248211
1780985272522800125,true,false,3,3,0,0,0,0,0.0,true,1780985272496350270
1780985272626602849,true,false,3,3,0,0,0,0,0.0,true,1780985272535048634
1780985272723249783,true,false,3,3,0,0,0,0,0.0,true,1780985272707640136
1780985272823004834,true,false,3,3,0,0,0,0,0.0,true,1780985272818240365
1780985272923021097,true,false,3,3,0,0,0,0,0.0,true,1780985272825411435
1780985273023129331,true,false,3,3,0,0,0,0,0.0,true,1780985273014512805
1780985273122925913,true,false,3,3,0,0,0,0,0.0,true,1780985273092688630
1780985273223540140,true,false,3,3,0,0,0,0,0.0,true,1780985273134152884
1780985273323202375,true,false,3,3,0,0,0,0,0.0,true,1780985273313734612
1780985273423374350,true,false,3,3,0,0,0,0,0.0,true,1780985273409768574
1780985273523156752,true,false,3,3,0,0,0,0,0.0,true,1780985273409768574
1780985273622744620,true,false,3,3,0,0,0,0,0.0,true,1780985273613266765
1780985273722945902,true,false,3,3,0,0,0,0,0.0,true,1780985273680366643
1780985273823387427,true,false,3,3,0,0,0,0,0.0,true,1780985273680366643
1780985273922676402,true,false,3,3,0,0,0,0,0.0,true,1780985273903995266
1780985274024525786,true,false,3,3,0,0,0,0,0.0,true,1780985273952047999
1780985274123350254,true,false,3,3,0,0,0,0,0.0,true,1780985273952047999
1780985274223343248,true,false,3,3,0,0,0,0,0.0,true,1780985274220838846
1780985274322884356,true,false,3,3,0,0,0,0,0.0,true,1780985274245863197
1780985274422988331,true,false,3,3,0,0,0,0,0.0,true,1780985274245863197
1780985274523534019,true,false,3,3,0,0,0,0,0.0,true,1780985274517193494
1780985274622922217,true,false,3,3,0,0,0,0,0.0,true,1780985274531221854
1780985274723057258,true,false,3,3,0,0,0,0,0.0,true,1780985274531221854
1780985274822762825,true,false,3,3,0,0,0,0,0.0,true,1780985274819359432
1780985274922881579,true,false,3,3,0,0,0,0,0.0,true,1780985274836389745
1780985275023205971,true,false,3,3,0,0,0,0,0.0,true,1780985274836389745
1780985275127542614,true,false,3,3,0,0,0,0,0.0,true,1780985275110861585
1780985275223040291,true,false,3,3,0,0,0,0,0.0,true,1780985275110861585
1780985275322981490,true,false,3,3,0,0,0,0,0.0,true,1780985275110861585
1780985275426513082,true,false,3,3,0,0,0,0,0.0,true,1780985275410124826
1780985275523085712,true,false,3,3,0,0,0,0,0.0,true,1780985275410124826
1780985275623376354,true,false,3,3,0,0,0,0,0.0,true,1780985275410124826
1780985275724528970,true,false,3,3,0,0,0,0,0.0,true,1780985275707287189
1780985275823248884,true,false,3,3,0,0,0,0,0.0,true,1780985275707287189
1780985275922924191,true,false,3,3,0,0,0,0,0.0,true,1780985275707287189
1780985276023443876,true,false,3,3,0,0,0,0,0.0,true,1780985276021012977
1780985276123517783,true,false,3,3,0,0,0,0,0.0,true,1780985276061209980
1780985276223285541,true,false,3,3,0,0,0,0,0.0,true,1780985276061209980
1780985276323279182,true,false,3,3,0,0,0,0,0.0,true,1780985276320869242
1780985276423150919,true,false,3,3,0,0,0,0,0.0,true,1780985276368861585
1780985276522718540,true,false,3,3,0,0,0,0,0.0,true,1780985276368861585
1780985276622884082,true,false,3,3,0,0,0,0,0.0,true,1780985276622861532
1780985276723603910,true,false,3,3,0,0,0,0,0.0,true,1780985276684271953
1780985276823557933,true,false,3,3,0,0,0,0,0.0,true,1780985276684271953
1780985276923555789,true,false,3,3,0,0,0,0,0.0,true,1780985276917953008
1780985277023305751,true,false,3,3,0,0,0,0,0.0,true,1780985277004966600
1780985277123003927,true,false,3,3,0,0,0,0,0.0,true,1780985277004966600
1780985277223549079,true,false,3,3,0,0,0,0,0.0,true,1780985277218137167
1780985277326503243,true,false,3,3,0,0,0,0,0.0,true,1780985277288875340
1780985277423004258,true,false,3,3,0,0,0,0,0.0,true,1780985277288875340
1780985277523232459,true,false,3,3,0,0,0,0,0.0,true,1780985277523159726
1780985277623234733,true,false,3,3,0,0,0,0,0.0,true,1780985277567271047
1780985277723624410,true,false,3,3,0,0,0,0,0.0,true,1780985277567271047
1780985277823042721,true,false,3,3,0,0,0,0,0.0,true,1780985277814366233
1780985277923621763,true,false,3,3,0,0,0,0,0.0,true,1780985277866190975
1780985278022920563,true,false,3,3,0,0,0,0,0.0,true,1780985277866190975
1780985278125538261,true,false,3,3,0,0,0,0,0.0,true,1780985278113049661
1780985278222828663,true,false,3,3,0,0,0,0,0.0,true,1780985278170172199
1780985278323417789,true,false,3,3,0,0,0,0,0.0,true,1780985278170172199
1780985278423542737,true,false,3,3,0,0,0,0,0.0,true,1780985278413894275
1780985278522898576,true,false,3,3,0,0,0,0,0.0,true,1780985278449779631
1780985278623230879,true,false,3,3,0,0,0,0,0.0,true,1780985278608619053
1780985278723546765,true,false,3,3,0,0,0,0,0.0,true,1780985278721066301
1780985278822855174,true,false,3,3,0,0,0,0,0.0,true,1780985278721066301
1780985278923648133,true,false,3,3,0,0,0,0,0.0,true,1780985278918092377
1780985279028538589,true,false,3,3,0,0,0,0,0.0,true,1780985278995342599
1780985279129182776,true,false,3,3,0,0,0,0,0.0,true,1780985278995342599
1780985279228959176,true,false,3,3,0,0,0,0,0.0,true,1780985279227433736
1780985279328956071,true,false,3,3,0,0,0,0,0.0,true,1780985279272568383
1780985279429580335,true,false,3,3,0,0,0,0,0.0,true,1780985279272568383
1780985279529354574,true,false,3,3,0,0,0,0,0.0,true,1780985279520722540
1780985279629792335,true,false,3,3,0,0,0,0,0.0,true,1780985279545166748
1780985279728845959,true,false,3,3,0,0,0,0,0.0,true,1780985279710200154
1780985279829199483,true,false,3,3,0,0,0,0,0.0,true,1780985279819347216
1780985279929569090,true,false,3,3,0,0,0,0,0.0,true,1780985279819347216
1780985280028918663,true,false,3,3,0,0,0,0,0.0,true,1780985280025417416
1780985280129148776,true,false,3,3,0,0,0,0,0.0,true,1780985280091498479
1780985280228873498,true,false,3,3,0,0,0,0,0.0,true,1780985280091498479
1780985280329268552,true,false,3,3,0,0,0,0,0.0,true,1780985280322604469
1780985280428939464,true,false,3,3,0,0,0,0,0.0,true,1780985280381481609
1780985280528778264,true,false,3,3,0,0,0,0,0.0,true,1780985280381481609
1780985280629154882,true,false,3,3,0,0,0,0,0.0,true,1780985280616672597
1780985280729566589,true,false,3,3,0,0,0,0,0.0,true,1780985280677010018
1780985280828980136,true,false,3,3,0,0,0,0,0.0,true,1780985280677010018
1780985280929713306,true,false,3,3,0,0,0,0,0.0,true,1780985280917848036
1780985281029452523,true,false,3,3,0,0,0,0,0.0,true,1780985280978050967
1780985281129532142,true,false,3,3,0,0,0,0,0.0,true,1780985280978050967
1780985281228749465,true,false,3,3,0,0,0,0,0.0,true,1780985281218247103
1780985281328935585,true,false,3,3,0,0,0,0,0.0,true,1780985281278445289
1780985281428807157,true,false,3,3,0,0,0,0,0.0,true,1780985281278445289
1780985281528951342,true,false,3,3,0,0,0,0,0.0,true,1780985281514292101
1780985281629527797,true,false,3,3,0,0,0,0,0.0,true,1780985281575026926
1780985281728832811,true,false,3,3,0,0,0,0,0.0,true,1780985281575026926
1780985281829473746,true,false,3,3,0,0,0,0,0.0,true,1780985281821913927
1780985281929003517,true,false,3,3,0,0,0,0,0.0,true,1780985281861559103
1780985282028963123,true,false,3,3,0,0,0,0,0.0,true,1780985281861559103
1780985282129712647,true,false,3,3,0,0,0,0,0.0,true,1780985282118730255
1780985282229730609,true,false,3,3,0,0,0,0,0.0,true,1780985282159144433
1780985282328895001,true,false,3,3,0,0,0,0,0.0,true,1780985282159144433
1780985282429533524,true,false,3,3,0,0,0,0,0.0,true,1780985282427977613
1780985282529012495,true,false,3,3,0,0,0,0,0.0,true,1780985282460880697
1780985282628781903,true,false,3,3,0,0,0,0,0.0,true,1780985282460880697
1780985282732397431,true,false,3,3,0,0,0,0,0.0,true,1780985282719227623
1780985282829480353,true,false,3,3,0,0,0,0,0.0,true,1780985282754043752
1780985282929038648,true,false,3,3,0,0,0,0,0.0,true,1780985282921370702
1780985283029156892,true,false,3,3,0,0,0,0,0.0,true,1780985283000113639
1780985283129727390,true,false,3,3,0,0,0,0,0.0,true,1780985283040861337
1780985283229211213,true,false,3,3,0,0,0,0,0.0,true,1780985283229128808
1780985283329654337,true,false,3,3,0,0,0,0,0.0,true,1780985283321992393
1780985283429826308,true,false,3,3,0,0,0,0,0.0,true,1780985283321992393
1780985283529535013,true,false,3,3,0,0,0,0,0.0,true,1780985283527037467
1780985283629796790,true,false,3,3,0,0,0,0,0.0,true,1780985283604757742
1780985283729004172,true,false,3,3,0,0,0,0,0.0,true,1780985283604757742
1780985283828738557,true,false,3,3,0,0,0,0,0.0,true,1780985283826096753
1780985283929041497,true,false,3,3,0,0,0,0,0.0,true,1780985283872889470
1780985284029100722,true,false,3,3,0,0,0,0,0.0,true,1780985283872889470
1780985284129739963,true,false,3,3,0,0,0,0,0.0,true,1780985284113738239
1780985284229550832,true,false,3,3,0,0,0,0,0.0,true,1780985284155801813
1780985284328823469,true,false,3,3,0,0,0,0,0.0,true,1780985284155801813
1780985284431668994,true,false,3,3,0,0,0,0,0.0,true,1780985284424688818
1780985284529368223,true,false,3,3,0,0,0,0,0.0,true,1780985284455097806
1780985284629602630,true,false,3,3,0,0,0,0,0.0,true,1780985284611089444
1780985284728904190,true,false,3,3,0,0,0,0,0.0,true,1780985284722389400
1780985284829661391,true,false,3,3,0,0,0,0,0.0,true,1780985284744665680
1780985284929300288,true,false,3,3,0,0,0,0,0.0,true,1780985284911770645
1780985285029688155,true,false,3,3,0,0,0,0,0.0,true,1780985285026167138
1780985285129863876,true,false,3,3,0,0,0,0,0.0,true,1780985285033837923
1780985285228761396,true,false,3,3,0,0,0,0,0.0,true,1780985285228657957
1780985285332869525,true,false,3,3,0,0,0,0,0.0,true,1780985285307166625
1780985285429055582,true,false,3,3,0,0,0,0,0.0,true,1780985285307166625
1780985285528943230,true,false,3,3,0,0,0,0,0.0,true,1780985285521462410
1780985285631747488,true,false,3,3,0,0,0,0,0.0,true,1780985285608783818
1780985285729321438,true,false,3,3,0,0,0,0,0.0,true,1780985285608783818
1780985285829338423,true,false,3,3,0,0,0,0,0.0,true,1780985285817848440
1780985285929373062,true,false,3,3,0,0,0,0,0.0,true,1780985285883894795
1780985286029232232,true,false,3,3,0,0,0,0,0.0,true,1780985285883894795
1780985286131693655,true,false,3,3,0,0,0,0,0.0,true,1780985286124301644
1780985286229674552,true,false,3,3,0,0,0,0,0.0,true,1780985286162704787
1780985286328747556,true,false,3,3,0,0,0,0,0.0,true,1780985286162704787
1780985286433007190,true,false,3,3,0,0,0,0,0.0,true,1780985286432216766
1780985286529316107,true,false,3,3,0,0,0,0,0.0,true,1780985286448950871
1780985286629010653,true,false,3,3,0,0,0,0,0.0,true,1780985286613392348
1780985286729591287,true,false,3,3,0,0,0,0,0.0,true,1780985286727173335
1780985286828880645,true,false,3,3,0,0,0,0,0.0,true,1780985286727173335
1780985286928772749,true,false,3,3,0,0,0,0,0.0,true,1780985286926215945
1780985287032720013,true,false,3,3,0,0,0,0,0.0,true,1780985287003913667
1780985287129569492,true,false,3,3,0,0,0,0,0.0,true,1780985287003913667
1780985287229080357,true,false,3,3,0,0,0,0,0.0,true,1780985287228977251
1780985287328965676,true,false,3,3,0,0,0,0,0.0,true,1780985287287762913
1780985287428776953,true,false,3,3,0,0,0,0,0.0,true,1780985287287762913
1780985287529045440,true,false,3,3,0,0,0,0,0.0,true,1780985287526540695
1780985287629437968,true,false,3,3,0,0,0,0,0.0,true,1780985287567194897
1780985287729667112,true,false,3,3,0,0,0,0,0.0,true,1780985287567194897
1780985287829544963,true,false,3,3,0,0,0,0,0.0,true,1780985287812782006
1780985287930693177,true,false,3,3,0,0,0,0,0.0,true,1780985287851135226
1780985288028924916,true,false,3,3,0,0,0,0,0.0,true,1780985288022157557
1780985288129559991,true,false,3,3,0,0,0,0,0.0,true,1780985288102204221
1780985288232531134,true,false,3,3,0,0,0,0,0.0,true,1780985288147168689
1780985288329150048,true,false,3,3,0,0,0,0,0.0,true,1780985288309603323
1780985288428742300,true,false,3,3,0,0,0,0,0.0,true,1780985288421932916
1780985288528959495,true,false,3,3,0,0,0,0,0.0,true,1780985288429405291
1780985288628751955,true,false,3,3,0,0,0,0,0.0,true,1780985288627325154
1780985288729790152,true,false,3,3,0,0,0,0,0.0,true,1780985288701693114
1780985288829166178,true,false,3,3,0,0,0,0,0.0,true,1780985288701693114
1780985288928794447,true,false,3,3,0,0,0,0,0.0,true,1780985288927250136
1780985289029162059,true,false,3,3,0,0,0,0,0.0,true,1780985288977795646
1780985289129365168,true,false,3,3,0,0,0,0,0.0,true,1780985288977795646
1780985289228995259,true,false,3,3,0,0,0,0,0.0,true,1780985289213401095
1780985289328923056,true,false,3,3,0,0,0,0,0.0,true,1780985289272312810
1780985289429363672,true,false,3,3,0,0,0,0,0.0,true,1780985289272312810
1780985289529714237,true,false,3,3,0,0,0,0,0.0,true,1780985289509074230
1780985289629303641,true,false,3,3,0,0,0,0,0.0,true,1780985289549454423
1780985289728648368,true,false,3,3,0,0,0,0,0.0,true,1780985289728357062
1780985289832665266,true,false,3,3,0,0,0,0,0.0,true,1780985289824833945
1780985289929638997,true,false,3,3,0,0,0,0,0.0,true,1780985289824833945
1780985290029426741,true,false,3,3,0,0,0,0,0.0,true,1780985290024903646
1780985290129837194,true,false,3,3,0,0,0,0,0.0,true,1780985290101129363
1780985290229229831,true,false,3,3,0,0,0,0,0.0,true,1780985290101129363
1780985290329132845,true,false,3,3,0,0,0,0,0.0,true,1780985290318613295
1780985290429061899,true,false,3,3,0,0,0,0,0.0,true,1780985290385896408
1780985290529596987,true,false,3,3,0,0,0,0,0.0,true,1780985290385896408
1780985290629151037,true,false,3,3,0,0,0,0,0.0,true,1780985290623636414
1780985290728927104,true,false,3,3,0,0,0,0,0.0,true,1780985290665422352
1780985290829264073,true,false,3,3,0,0,0,0,0.0,true,1780985290665422352
1780985290929517935,true,false,3,3,0,0,0,0,0.0,true,1780985290922951554
1780985291029688161,true,false,3,3,0,0,0,0,0.0,true,1780985290963425750
1780985291129800121,true,false,3,3,0,0,0,0,0.0,true,1780985290963425750
1780985291229108663,true,false,3,3,0,0,0,0,0.0,true,1780985291225613795
1780985291329419034,true,false,3,3,0,0,0,0,0.0,true,1780985291265056682
1780985291428957001,true,false,3,3,0,0,0,0,0.0,true,1780985291265056682
1780985291528885342,true,false,3,3,0,0,0,0,0.0,true,1780985291521414532
1780985291629572767,true,false,3,3,0,0,0,0,0.0,true,1780985291561682399
1780985291729698646,true,false,3,3,0,0,0,0,0.0,true,1780985291561682399
1780985291828654683,true,false,3,3,0,0,0,0,0.0,true,1780985291828199687
1780985291934702697,true,false,3,3,0,0,0,0,0.0,true,1780985291854213052
1780985292035689071,true,false,3,3,0,0,0,0,0.0,true,1780985291854213052
1780985292136350906,true,false,3,3,0,0,0,0,0.0,true,1780985292124661310
1780985292239961502,true,false,3,3,0,0,0,0,0.0,true,1780985292148647642
1780985292341415320,true,false,3,3,0,0,0,0,0.0,true,1780985292148647642
1780985292441291223,true,false,3,3,0,0,0,0,0.0,true,1780985292438929485
1780985292540849359,true,false,3,3,0,0,0,0,0.0,true,1780985292438929485
1780985292640860146,true,false,3,3,0,0,0,0,0.0,true,1780985292438929485
1780985292744551426,true,false,3,3,0,0,0,0,0.0,true,1780985292730410515
1780985292840879434,true,false,3,3,0,0,0,0,0.0,true,1780985292730410515
1780985292941087310,true,false,3,3,0,0,0,0,0.0,true,1780985292938455259
1780985293040823600,true,false,3,3,0,0,0,0,0.0,true,1780985293033107263
1780985293141058712,true,false,3,3,0,0,0,0,0.0,true,1780985293033107263
1780985293240965532,true,false,3,3,0,0,0,0,0.0,true,1780985293236549873
1780985293340939351,true,false,3,3,0,0,0,0,0.0,true,1780985293317146035
1780985293441644937,true,false,3,3,0,0,0,0,0.0,true,1780985293317146035
1780985293541321044,true,false,3,3,0,0,0,0,0.0,true,1780985293530896162
1780985293643538298,true,false,3,3,0,0,0,0,0.0,true,1780985293599314768
1780985293741492285,true,false,3,3,0,0,0,0,0.0,true,1780985293599314768
1780985293841578486,true,false,3,3,0,0,0,0,0.0,true,1780985293829063441
1780985293941404479,true,false,3,3,0,0,0,0,0.0,true,1780985293875985017
1780985294040899208,true,false,3,3,0,0,0,0,0.0,true,1780985294040838661
1780985294143532782,true,false,3,3,0,0,0,0,0.0,true,1780985294121080142
1780985294240795142,true,false,3,3,0,0,0,0,0.0,true,1780985294152901156
1780985294341173593,true,false,3,3,0,0,0,0,0.0,true,1780985294335863145
1780985294440701480,true,false,3,3,0,0,0,0,0.0,true,1780985294421521016
1780985294541072826,true,false,3,3,0,0,0,0,0.0,true,1780985294421521016
1780985294641529379,true,false,3,3,0,0,0,0,0.0,true,1780985294636993842
1780985294741542081,true,false,3,3,0,0,0,0,0.0,true,1780985294708058079
1780985294840941566,true,false,3,3,0,0,0,0,0.0,true,1780985294708058079
1780985294940873836,true,false,3,3,0,0,0,0,0.0,true,1780985294932271113
1780985295040862636,true,false,3,3,0,0,0,0,0.0,true,1780985294986163345
1780985295141626449,true,false,3,3,0,0,0,0,0.0,true,1780985294986163345
1780985295240919188,true,false,3,3,0,0,0,0,0.0,true,1780985295232424540
1780985295340793420,true,false,3,3,0,0,0,0,0.0,true,1780985295284425349
1780985295441041740,true,false,3,3,0,0,0,0,0.0,true,1780985295284425349
1780985295541707542,true,false,3,3,0,0,0,0,0.0,true,1780985295529909330
1780985295641156803,true,false,3,3,0,0,0,0,0.0,true,1780985295563023120
1780985295741366826,true,false,3,3,0,0,0,0,0.0,true,1780985295722701776
1780985295841291839,true,false,3,3,0,0,0,0,0.0,true,1780985295836618426
1780985295940856022,true,false,3,3,0,0,0,0,0.0,true,1780985295836618426
1780985296041039774,true,false,3,3,0,0,0,0,0.0,true,1780985296031615224
1780985296140779667,true,false,3,3,0,0,0,0,0.0,true,1780985296117119736
1780985296241136630,true,false,3,3,0,0,0,0,0.0,true,1780985296117119736
1780985296341414409,true,false,3,3,0,0,0,0,0.0,true,1780985296339021277
1780985296443609935,true,false,3,3,0,0,0,0,0.0,true,1780985296399345345
1780985296541266428,true,false,3,3,0,0,0,0,0.0,true,1780985296399345345
1780985296641069050,true,false,3,3,0,0,0,0,0.0,true,1780985296637444183
1780985296741281149,true,false,3,3,0,0,0,0,0.0,true,1780985296692802341
1780985296840747409,true,false,3,3,0,0,0,0,0.0,true,1780985296692802341
1780985296941267195,true,false,3,3,0,0,0,0,0.0,true,1780985296938783563
1780985297041462011,true,false,3,3,0,0,0,0,0.0,true,1780985296967161331
1780985297141367091,true,false,3,3,0,0,0,0,0.0,true,1780985296967161331
1780985297241280712,true,false,3,3,0,0,0,0,0.0,true,1780985297236849013
1780985297341185645,true,false,3,3,0,0,0,0,0.0,true,1780985297282590781
1780985297441535360,true,false,3,3,0,0,0,0,0.0,true,1780985297282590781
1780985297540943505,true,false,3,3,0,0,0,0,0.0,true,1780985297282590781
1780985297641379971,true,false,3,3,0,0,0,0,0.0,true,1780985297624326959
1780985297741314665,true,false,3,3,0,0,0,0,0.0,true,1780985297665691475
1780985297841378791,true,false,3,3,0,0,0,0,0.0,true,1780985297826598800
1780985297940650893,true,false,3,3,0,0,0,0,0.0,true,1780985297940569593
1780985298042549376,true,false,3,3,0,0,0,0,0.0,true,1780985297947947356
1780985298141087026,true,false,3,3,0,0,0,0,0.0,true,1780985298133376501
1780985298245532048,true,false,3,3,0,0,0,0,0.0,true,1780985298232178751
1780985298345769802,true,false,3,3,0,0,0,0,0.0,true,1780985298232178751
1780985298446341581,true,false,3,3,0,0,0,0,0.0,true,1780985298443940553
1780985298545779557,true,false,3,3,0,0,0,0,0.0,true,1780985298508303440
1780985298646388276,true,false,3,3,0,0,0,0,0.0,true,1780985298508303440
1780985298746116336,true,false,3,3,0,0,0,0,0.0,true,1780985298741668546
1780985298848534604,true,false,3,3,0,0,0,0,0.0,true,1780985298784997179
1780985298945812631,true,false,3,3,0,0,0,0,0.0,true,1780985298944186930
1780985299045930954,true,false,3,3,0,0,0,0,0.0,true,1780985299023428049
1780985299146549822,true,false,3,3,0,0,0,0,0.0,true,1780985299059968006
1780985299246320811,true,false,3,3,0,0,0,0,0.0,true,1780985299238859334
1780985299351735417,true,false,3,3,0,0,0,0,0.0,true,1780985299335403818
1780985299453168978,true,false,3,3,0,0,0,0,0.0,true,1780985299335403818
1780985299552903284,true,false,3,3,0,0,0,0,0.0,true,1780985299545278618
1780985299653544280,true,false,3,3,0,0,0,0,0.0,true,1780985299615135732
1780985299753487492,true,false,3,3,0,0,0,0,0.0,true,1780985299615135732
1780985299853199144,true,false,3,3,0,0,0,0,0.0,true,1780985299846613491
1780985299954541453,true,false,3,3,0,0,0,0,0.0,true,1780985299895971170
1780985300052724462,true,false,3,3,0,0,0,0,0.0,true,1780985299895971170
1780985300154116077,true,false,3,3,0,0,0,0,0.0,true,1780985300142008757
1780985300252767311,true,false,3,3,0,0,0,0,0.0,true,1780985300178397058
1780985300353413032,true,false,3,3,0,0,0,0,0.0,true,1780985300340731000
1780985300453058960,true,false,3,3,0,0,0,0,0.0,true,1780985300451599361
1780985300553506637,true,false,3,3,0,0,0,0,0.0,true,1780985300451599361
1780985300652783217,true,false,3,3,0,0,0,0,0.0,true,1780985300650244784
1780985300752801316,true,false,3,3,0,0,0,0,0.0,true,1780985300728097246
1780985300853118534,true,false,3,3,0,0,0,0,0.0,true,1780985300728097246
1780985300952851282,true,false,3,3,0,0,0,0,0.0,true,1780985300949397081
1780985301052759338,true,false,3,3,0,0,0,0,0.0,true,1780985301022901626
1780985301153078072,true,false,3,3,0,0,0,0,0.0,true,1780985301022901626
1780985301253618185,true,false,3,3,0,0,0,0,0.0,true,1780985301240831915
1780985301355130011,true,false,3,3,0,0,0,0,0.0,true,1780985301283605505
1780985301453501586,true,false,3,3,0,0,0,0,0.0,true,1780985301283605505
1780985301552809569,true,false,3,3,0,0,0,0,0.0,true,1780985301551374453
1780985301652780411,true,false,3,3,0,0,0,0,0.0,true,1780985301571164673
1780985301753302392,true,false,3,3,0,0,0,0,0.0,true,1780985301571164673
1780985301852967050,true,false,3,3,0,0,0,0,0.0,true,1780985301845081240
1780985301952723533,true,false,3,3,0,0,0,0,0.0,true,1780985301864943507
1780985302052810957,true,false,3,3,0,0,0,0,0.0,true,1780985301864943507
1780985302152823758,true,false,3,3,0,0,0,0,0.0,true,1780985302148163648
1780985302255500978,true,false,3,3,0,0,0,0,0.0,true,1780985302167758613
1780985302352911373,true,false,3,3,0,0,0,0,0.0,true,1780985302167758613
1780985302453113383,true,false,3,3,0,0,0,0,0.0,true,1780985302436580752
1780985302553128500,true,false,3,3,0,0,0,0,0.0,true,1780985302490873545
1780985302652868180,true,false,3,3,0,0,0,0,0.0,true,1780985302490873545
1780985302752845315,true,false,3,3,0,0,0,0,0.0,true,1780985302735842688
1780985302853512434,true,false,3,3,0,0,0,0,0.0,true,1780985302774514050
1780985302953230713,true,false,3,3,0,0,0,0,0.0,true,1780985302943195540
1780985303053592361,true,false,3,3,0,0,0,0,0.0,true,1780985303041286917
1780985303155040913,true,false,3,3,0,0,0,0,0.0,true,1780985303062585623
1780985303252758190,true,false,3,3,0,0,0,0,0.0,true,1780985303248307423
1780985303353521296,true,false,3,3,0,0,0,0,0.0,true,1780985303345939430
1780985303453093708,true,false,3,3,0,0,0,0,0.0,true,1780985303345939430
1780985303552696755,true,false,3,3,0,0,0,0,0.0,true,1780985303544949888
1780985303653493958,true,false,3,3,0,0,0,0,0.0,true,1780985303624557418
1780985303752768353,true,false,3,3,0,0,0,0,0.0,true,1780985303624557418
1780985303852943314,true,false,3,3,0,0,0,0,0.0,true,1780985303847286297
1780985303960516637,true,false,3,3,0,0,0,0,0.0,true,1780985303931401319
1780985304061088277,true,false,3,3,0,0,0,0,0.0,true,1780985303931401319
1780985304161555517,true,false,3,3,0,0,0,0,0.0,true,1780985304158080177
1780985304261273189,true,false,3,3,0,0,0,0,0.0,true,1780985304205565176
1780985304361026300,true,false,3,3,0,0,0,0,0.0,true,1780985304205565176
1780985304460864465,true,false,3,3,0,0,0,0,0.0,true,1780985304455104048
1780985304560913206,true,false,3,3,0,0,0,0,0.0,true,1780985304477599379
1780985304661458636,true,false,3,3,0,0,0,0,0.0,true,1780985304657012011
1780985304760883383,true,false,3,3,0,0,0,0,0.0,true,1780985304749294840
1780985304861344912,true,false,3,3,0,0,0,0,0.0,true,1780985304749294840
1780985304961034788,true,false,3,3,0,0,0,0,0.0,true,1780985304949365305
1780985305060863749,true,false,3,3,0,0,0,0,0.0,true,1780985305021106028
1780985305161490904,true,false,3,3,0,0,0,0,0.0,true,1780985305021106028
1780985305260874223,true,false,3,3,0,0,0,0,0.0,true,1780985305251304511
1780985305361159292,true,false,3,3,0,0,0,0,0.0,true,1780985305305593405
1780985305461495248,true,false,3,3,0,0,0,0,0.0,true,1780985305305593405
1780985305561116313,true,false,3,3,0,0,0,0,0.0,true,1780985305554827645
1780985305661751840,true,false,3,3,0,0,0,0,0.0,true,1780985305577870090
1780985305761179996,true,false,3,3,0,0,0,0,0.0,true,1780985305758585340
1780985305860702323,true,false,3,3,0,0,0,0,0.0,true,1780985305860652959
1780985305961226625,true,false,3,3,0,0,0,0,0.0,true,1780985305860652959
1780985306060761631,true,false,3,3,0,0,0,0,0.0,true,1780985306042966391
1780985306164549411,true,false,3,3,0,0,0,0,0.0,true,1780985306157015639
1780985306261620997,true,false,3,3,0,0,0,0,0.0,true,1780985306157015639
1780985306360597247,true,false,3,3,0,0,0,0,0.0,true,1780985306360158786
1780985306461433606,true,false,3,3,0,0,0,0,0.0,true,1780985306444537901
1780985306560986294,true,false,3,3,0,0,0,0,0.0,true,1780985306444537901
1780985306661121716,true,false,3,3,0,0,0,0,0.0,true,1780985306654716680
1780985306761117530,true,false,3,3,0,0,0,0,0.0,true,1780985306723187214
1780985306861118049,true,false,3,3,0,0,0,0,0.0,true,1780985306723187214
1780985306961631225,true,false,3,3,0,0,0,0,0.0,true,1780985306949212010
1780985307060744690,true,false,3,3,0,0,0,0,0.0,true,1780985307006710142
1780985307161383991,true,false,3,3,0,0,0,0,0.0,true,1780985307006710142
1780985307261536563,true,false,3,3,0,0,0,0,0.0,true,1780985307249823522
1780985307361841114,true,false,3,3,0,0,0,0,0.0,true,1780985307287349496
1780985307460861636,true,false,3,3,0,0,0,0,0.0,true,1780985307452331578
1780985307560993013,true,false,3,3,0,0,0,0,0.0,true,1780985307552530965
1780985307661370570,true,false,3,3,0,0,0,0,0.0,true,1780985307567232658
1780985307761645046,true,false,3,3,0,0,0,0,0.0,true,1780985307745994108
1780985307861081574,true,false,3,3,0,0,0,0,0.0,true,1780985307857593776
1780985307962544882,true,false,3,3,0,0,0,0,0.0,true,1780985307857593776
1780985308061370101,true,false,3,3,0,0,0,0,0.0,true,1780985308059765769
1780985308160875552,true,false,3,3,0,0,0,0,0.0,true,1780985308144727318
1780985308260970264,true,false,3,3,0,0,0,0,0.0,true,1780985308144727318
1780985308360954199,true,false,3,3,0,0,0,0,0.0,true,1780985308351553578
1780985308460960950,true,false,3,3,0,0,0,0,0.0,true,1780985308419150187
1780985308561436725,true,false,3,3,0,0,0,0,0.0,true,1780985308419150187
1780985308661170722,true,false,3,3,0,0,0,0,0.0,true,1780985308659775107
1780985308760845569,true,false,3,3,0,0,0,0,0.0,true,1780985308710051381
1780985308861528650,true,false,3,3,0,0,0,0,0.0,true,1780985308710051381
1780985308961277566,true,false,3,3,0,0,0,0,0.0,true,1780985308958871423
1780985309061158420,true,false,3,3,0,0,0,0,0.0,true,1780985308996420995
1780985309160846173,true,false,3,3,0,0,0,0,0.0,true,1780985309159390485
1780985309260860688,true,false,3,3,0,0,0,0,0.0,true,1780985309238190374
1780985309361538258,true,false,3,3,0,0,0,0,0.0,true,1780985309279749392
1780985309460944837,true,false,3,3,0,0,0,0,0.0,true,1780985309455524463
1780985309562547003,true,false,3,3,0,0,0,0,0.0,true,1780985309551920497
1780985309661059876,true,false,3,3,0,0,0,0,0.0,true,1780985309551920497
1780985309761199733,true,false,3,3,0,0,0,0,0.0,true,1780985309757772428
1780985309860811149,true,false,3,3,0,0,0,0,0.0,true,1780985309818114571
1780985309961301823,true,false,3,3,0,0,0,0,0.0,true,1780985309818114571
1780985310060905976,true,false,3,3,0,0,0,0,0.0,true,1780985310057430541
1780985310162585487,true,false,3,3,0,0,0,0,0.0,true,1780985310123374318
1780985310261013538,true,false,3,3,0,0,0,0,0.0,true,1780985310123374318
1780985310361476744,true,false,3,3,0,0,0,0,0.0,true,1780985310361408501
1780985310461227467,true,false,3,3,0,0,0,0,0.0,true,1780985310391367554
1780985310561240914,true,false,3,3,0,0,0,0,0.0,true,1780985310552687271
1780985310661208047,true,false,3,3,0,0,0,0,0.0,true,1780985310637365975
1780985310760772331,true,false,3,3,0,0,0,0,0.0,true,1780985310662757364
1780985310861111744,true,false,3,3,0,0,0,0,0.0,true,1780985310858602195
1780985310964516295,true,false,3,3,0,0,0,0,0.0,true,1780985310933604767
1780985311061071751,true,false,3,3,0,0,0,0,0.0,true,1780985310933604767
1780985311160823501,true,false,3,3,0,0,0,0,0.0,true,1780985311149369716
1780985311261217838,true,false,3,3,0,0,0,0,0.0,true,1780985311205817593
1780985311361020579,true,false,3,3,0,0,0,0,0.0,true,1780985311205817593
1780985311462533339,true,false,3,3,0,0,0,0,0.0,true,1780985311451057164
1780985311561486938,true,false,3,3,0,0,0,0,0.0,true,1780985311483774108
1780985311660716159,true,false,3,3,0,0,0,0,0.0,true,1780985311641935438
1780985311761546289,true,false,3,3,0,0,0,0,0.0,true,1780985311754239510
1780985311860797490,true,false,3,3,0,0,0,0,0.0,true,1780985311754239510
1780985311960860459,true,false,3,3,0,0,0,0,0.0,true,1780985311955292983
1780985312060758883,true,false,3,3,0,0,0,0,0.0,true,1780985312027799785
1780985312161459316,true,false,3,3,0,0,0,0,0.0,true,1780985312027799785
1780985312261238839,true,false,3,3,0,0,0,0,0.0,true,1780985312250796869
1780985312361183942,true,false,3,3,0,0,0,0,0.0,true,1780985312297005293
1780985312460885425,true,false,3,3,0,0,0,0,0.0,true,1780985312297005293
1780985312561372769,true,false,3,3,0,0,0,0,0.0,true,1780985312544489450
1780985312661369561,true,false,3,3,0,0,0,0,0.0,true,1780985312575220110
1780985312760848508,true,false,3,3,0,0,0,0,0.0,true,1780985312754292547
1780985312861621014,true,false,3,3,0,0,0,0,0.0,true,1780985312849508095
1780985312961074326,true,false,3,3,0,0,0,0,0.0,true,1780985312849508095
1780985313060993698,true,false,3,3,0,0,0,0,0.0,true,1780985313055539809
1780985313160764550,true,false,3,3,0,0,0,0,0.0,true,1780985313122587753
1780985313261119981,true,false,3,3,0,0,0,0,0.0,true,1780985313122587753
1780985313361224422,true,false,3,3,0,0,0,0,0.0,true,1780985313350823768
1780985313460917588,true,false,3,3,0,0,0,0,0.0,true,1780985313396187986
1780985313561239277,true,false,3,3,0,0,0,0,0.0,true,1780985313557777650
1780985313663513489,true,false,3,3,0,0,0,0,0.0,true,1780985313647664597
1780985313761673216,true,false,3,3,0,0,0,0,0.0,true,1780985313669823431
1780985313861546652,true,false,3,3,0,0,0,0,0.0,true,1780985313857096548
1780985313960768393,true,false,3,3,0,0,0,0,0.0,true,1780985313944233381
1780985314060847090,true,false,3,3,0,0,0,0,0.0,true,1780985313944233381
1780985314161091484,true,false,3,3,0,0,0,0,0.0,true,1780985314157597250
1780985314263517498,true,false,3,3,0,0,0,0,0.0,true,1780985314228823518
1780985314361231862,true,false,3,3,0,0,0,0,0.0,true,1780985314228823518
1780985314461074095,true,false,3,3,0,0,0,0,0.0,true,1780985314449506160
1780985314561040424,true,false,3,3,0,0,0,0,0.0,true,1780985314507237877
1780985314661474071,true,false,3,3,0,0,0,0,0.0,true,1780985314507237877
1780985314762462299,true,false,3,3,0,0,0,0,0.0,true,1780985314742842345
1780985314861466449,true,false,3,3,0,0,0,0,0.0,true,1780985314778234583
1780985314960705633,true,false,3,3,0,0,0,0,0.0,true,1780985314955232197
1780985315065531968,true,false,3,3,0,0,0,0,0.0,true,1780985315051390794
1780985315165789792,true,false,3,3,0,0,0,0,0.0,true,1780985315051390794
1780985315265694769,true,false,3,3,0,0,0,0,0.0,true,1780985315260215616
1780985315366579984,true,false,3,3,0,0,0,0,0.0,true,1780985315325402360
1780985315466475964,true,false,3,3,0,0,0,0,0.0,true,1780985315325402360
1780985315567514847,true,false,3,3,0,0,0,0,0.0,true,1780985315559957323
1780985315665811127,true,false,3,3,0,0,0,0,0.0,true,1780985315596090972
1780985315765921746,true,false,3,3,0,0,0,0,0.0,true,1780985315596090972
1780985315866301888,true,false,3,3,0,0,0,0,0.0,true,1780985315861682624
1780985315968600271,true,false,3,3,0,0,0,0,0.0,true,1780985315867457319
1780985316066076649,true,false,3,3,0,0,0,0,0.0,true,1780985316064551063
1780985316166364415,true,false,3,3,0,0,0,0,0.0,true,1780985316143807697
1780985316266445544,true,false,3,3,0,0,0,0,0.0,true,1780985316174726104
1780985316366520181,true,false,3,3,0,0,0,0,0.0,true,1780985316357948562
1780985316467779962,true,false,3,3,0,0,0,0,0.0,true,1780985316443317700
1780985316565717311,true,false,3,3,0,0,0,0,0.0,true,1780985316443317700
1780985316665797182,true,false,3,3,0,0,0,0,0.0,true,1780985316663145326
1780985316766642579,true,false,3,3,0,0,0,0,0.0,true,1780985316718501001
1780985316866422713,true,false,3,3,0,0,0,0,0.0,true,1780985316718501001
1780985316967553415,true,false,3,3,0,0,0,0,0.0,true,1780985316953293645
1780985317065803061,true,false,3,3,0,0,0,0,0.0,true,1780985317011038851
1780985317166502233,true,false,3,3,0,0,0,0,0.0,true,1780985317011038851
1780985317266526513,true,false,3,3,0,0,0,0,0.0,true,1780985317256699571
1780985317367304101,true,false,3,3,0,0,0,0,0.0,true,1780985317289103108
1780985317466442285,true,false,3,3,0,0,0,0,0.0,true,1780985317447832728
1780985317568539543,true,false,3,3,0,0,0,0,0.0,true,1780985317561499279
1780985317668549849,true,false,3,3,0,0,0,0,0.0,true,1780985317561499279
1780985317765713337,true,false,3,3,0,0,0,0,0.0,true,1780985317561499279
1780985317866526614,true,false,3,3,0,0,0,0,0.0,true,1780985317849431116
1780985317966533957,true,false,3,3,0,0,0,0,0.0,true,1780985317882478941
1780985318066466993,true,false,3,3,0,0,0,0,0.0,true,1780985318049958305
1780985318166231002,true,false,3,3,0,0,0,0,0.0,true,1780985318162596543
1780985318265875050,true,false,3,3,0,0,0,0,0.0,true,1780985318162596543
1780985318366370054,true,false,3,3,0,0,0,0,0.0,true,1780985318359662837
1780985318470570710,true,false,3,3,0,0,0,0,0.0,true,1780985318438164977
1780985318571954613,true,false,3,3,0,0,0,0,0.0,true,1780985318438164977
1780985318671806304,true,false,3,3,0,0,0,0,0.0,true,1780985318671712997
1780985318772033839,true,false,3,3,0,0,0,0,0.0,true,1780985318713838528
1780985318871902482,true,false,3,3,0,0,0,0,0.0,true,1780985318869412570
1780985318971819489,true,false,3,3,0,0,0,0,0.0,true,1780985318948802071
1780985319071751935,true,false,3,3,0,0,0,0,0.0,true,1780985318984778507
1780985319172447724,true,false,3,3,0,0,0,0,0.0,true,1780985319154600906
1780985319275523184,true,false,3,3,0,0,0,0,0.0,true,1780985319264794375
1780985319374500867,true,false,3,3,0,0,0,0,0.0,true,1780985319264794375
1780985319472130827,true,false,3,3,0,0,0,0,0.0,true,1780985319470916368
1780985319572108543,true,false,3,3,0,0,0,0,0.0,true,1780985319536165918
1780985319672575633,true,false,3,3,0,0,0,0,0.0,true,1780985319536165918
1780985319771930040,true,false,3,3,0,0,0,0,0.0,true,1780985319771862148
1780985319872374925,true,false,3,3,0,0,0,0,0.0,true,1780985319802765492
1780985319971799769,true,false,3,3,0,0,0,0,0.0,true,1780985319962113052
1780985320071838447,true,false,3,3,0,0,0,0,0.0,true,1780985320060090494
1780985320171867125,true,false,3,3,0,0,0,0,0.0,true,1780985320078566867
1780985320272499650,true,false,3,3,0,0,0,0,0.0,true,1780985320259726009
1780985320373560898,true,false,3,3,0,0,0,0,0.0,true,1780985320347835244
1780985320472169031,true,false,3,3,0,0,0,0,0.0,true,1780985320347835244
1780985320572269080,true,false,3,3,0,0,0,0,0.0,true,1780985320569778921
1780985320672344451,true,false,3,3,0,0,0,0,0.0,true,1780985320617939078
1780985320772156630,true,false,3,3,0,0,0,0,0.0,true,1780985320617939078
1780985320872406321,true,false,3,3,0,0,0,0,0.0,true,1780985320861585211
1780985320971755253,true,false,3,3,0,0,0,0,0.0,true,1780985320892765792
1780985321072784264,true,false,3,3,0,0,0,0,0.0,true,1780985321070807025
1780985321172417561,true,false,3,3,0,0,0,0,0.0,true,1780985321166639206
1780985321271802723,true,false,3,3,0,0,0,0,0.0,true,1780985321166639206
1780985321371936069,true,false,3,3,0,0,0,0,0.0,true,1780985321369447015
1780985321471663008,true,false,3,3,0,0,0,0,0.0,true,1780985321460803314
1780985321571707464,true,false,3,3,0,0,0,0,0.0,true,1780985321460803314
1780985321671665212,true,false,3,3,0,0,0,0,0.0,true,1780985321660012169
1780985321771698594,true,false,3,3,0,0,0,0,0.0,true,1780985321730692994
1780985321872000671,true,false,3,3,0,0,0,0,0.0,true,1780985321730692994
1780985321972376160,true,false,3,3,0,0,0,0,0.0,true,1780985321968878703
1780985322072074334,true,false,3,3,0,0,0,0,0.0,true,1780985322019638026
1780985322172339218,true,false,3,3,0,0,0,0,0.0,true,1780985322019638026
1780985322271890503,true,false,3,3,0,0,0,0,0.0,true,1780985322261187145
1780985322372274614,true,false,3,3,0,0,0,0,0.0,true,1780985322328647431
1780985322472145184,true,false,3,3,0,0,0,0,0.0,true,1780985322465585709
1780985322571917964,true,false,3,3,0,0,0,0,0.0,true,1780985322560208884
1780985322671762836,true,false,3,3,0,0,0,0,0.0,true,1780985322581688460
1780985322772634405,true,false,3,3,0,0,0,0,0.0,true,1780985322755069825
1780985322873506858,true,false,3,3,0,0,0,0,0.0,true,1780985322835318479
1780985322972103778,true,false,3,3,0,0,0,0,0.0,true,1780985322835318479
1780985323071613089,true,false,3,3,0,0,0,0,0.0,true,1780985323071025729
1780985323172349739,true,false,3,3,0,0,0,0,0.0,true,1780985323113275922
1780985323272340321,true,false,3,3,0,0,0,0,0.0,true,1780985323266489885
1780985323372180840,true,false,3,3,0,0,0,0,0.0,true,1780985323345991776
1780985323471844850,true,false,3,3,0,0,0,0,0.0,true,1780985323382377696
1780985323571593580,true,false,3,3,0,0,0,0,0.0,true,1780985323571489454
1780985323672547411,true,false,3,3,0,0,0,0,0.0,true,1780985323654962893
1780985323772272526,true,false,3,3,0,0,0,0,0.0,true,1780985323654962893
1780985323872352844,true,false,3,3,0,0,0,0,0.0,true,1780985323862479161
1780985323972104472,true,false,3,3,0,0,0,0,0.0,true,1780985323926502110
1780985324072314877,true,false,3,3,0,0,0,0,0.0,true,1780985323926502110
1780985324172310708,true,false,3,3,0,0,0,0,0.0,true,1780985324164780124
1780985324272509714,true,false,3,3,0,0,0,0,0.0,true,1780985324212466626
1780985324372578918,true,false,3,3,0,0,0,0,0.0,true,1780985324212466626
1780985324471852155,true,false,3,3,0,0,0,0,0.0,true,1780985324468654355
1780985324571723149,true,false,3,3,0,0,0,0,0.0,true,1780985324501076312
1780985324672038866,true,false,3,3,0,0,0,0,0.0,true,1780985324656255461
1780985324772109017,true,false,3,3,0,0,0,0,0.0,true,1780985324769428603
1780985324871771654,true,false,3,3,0,0,0,0,0.0,true,1780985324769428603
1780985324972110771,true,false,3,3,0,0,0,0,0.0,true,1780985324967343473
1780985325072625502,true,false,3,3,0,0,0,0,0.0,true,1780985325040929316
1780985325172158557,true,false,3,3,0,0,0,0,0.0,true,1780985325040929316
1780985325271656931,true,false,3,3,0,0,0,0,0.0,true,1780985325268683695
1780985325372132343,true,false,3,3,0,0,0,0,0.0,true,1780985325315132369
1780985325472193086,true,false,3,3,0,0,0,0,0.0,true,1780985325315132369
1780985325571823146,true,false,3,3,0,0,0,0,0.0,true,1780985325553544520
1780985325671788162,true,false,3,3,0,0,0,0,0.0,true,1780985325589229553
1780985325772592295,true,false,3,3,0,0,0,0,0.0,true,1780985325764903037
1780985325872637304,true,false,3,3,0,0,0,0,0.0,true,1780985325858434322
1780985325971792190,true,false,3,3,0,0,0,0,0.0,true,1780985325878476447
1780985326071972829,true,false,3,3,0,0,0,0,0.0,true,1780985326061134857
1780985326173579304,true,false,3,3,0,0,0,0,0.0,true,1780985326156579022
1780985326272549980,true,false,3,3,0,0,0,0,0.0,true,1780985326156579022
1780985326372100488,true,false,3,3,0,0,0,0,0.0,true,1780985326372085819
1780985326471719423,true,false,3,3,0,0,0,0,0.0,true,1780985326429683432
1780985326572286776,true,false,3,3,0,0,0,0,0.0,true,1780985326429683432
1780985326675532219,true,false,3,3,0,0,0,0,0.0,true,1780985326665573564
1780985326772075164,true,false,3,3,0,0,0,0,0.0,true,1780985326700317673
1780985326872536395,true,false,3,3,0,0,0,0,0.0,true,1780985326854808908
1780985326977527419,true,false,3,3,0,0,0,0,0.0,true,1780985326967250796
1780985327077883285,true,false,3,3,0,0,0,0,0.0,true,1780985326967250796
1780985327178750375,true,false,3,3,0,0,0,0,0.0,true,1780985327171232664
1780985327280511072,true,false,3,3,0,0,0,0,0.0,true,1780985327238398190
1780985327378474705,true,false,3,3,0,0,0,0,0.0,true,1780985327238398190
1780985327478272964,true,false,3,3,0,0,0,0,0.0,true,1780985327465328740
1780985327578142757,true,false,3,3,0,0,0,0,0.0,true,1780985327520641963
1780985327677700866,true,false,3,3,0,0,0,0,0.0,true,1780985327520641963
1780985327777828066,true,false,3,3,0,0,0,0,0.0,true,1780985327756400798
1780985327878544960,true,false,3,3,0,0,0,0,0.0,true,1780985327791645487
1780985327978061665,true,false,3,3,0,0,0,0,0.0,true,1780985327977993317
1780985328078818084,true,false,3,3,0,0,0,0,0.0,true,1780985328077187651
1780985328177887336,true,false,3,3,0,0,0,0,0.0,true,1780985328077187651
1780985328277978172,true,false,3,3,0,0,0,0,0.0,true,1780985328275497970
1780985328377858156,true,false,3,3,0,0,0,0,0.0,true,1780985328348974200
1780985328478359566,true,false,3,3,0,0,0,0,0.0,true,1780985328348974200
1780985328578523223,true,false,3,3,0,0,0,0,0.0,true,1780985328562747924
1780985328677850025,true,false,3,3,0,0,0,0,0.0,true,1780985328642587050
1780985328778412177,true,false,3,3,0,0,0,0,0.0,true,1780985328642587050
1780985328880523744,true,false,3,3,0,0,0,0,0.0,true,1780985328873958177
1780985328978442398,true,false,3,3,0,0,0,0,0.0,true,1780985328911021523
1780985329078278987,true,false,3,3,0,0,0,0,0.0,true,1780985329067487104
1780985329178250487,true,false,3,3,0,0,0,0,0.0,true,1780985329175601747
1780985329277829813,true,false,3,3,0,0,0,0,0.0,true,1780985329182309767
1780985329378142000,true,false,3,3,0,0,0,0,0.0,true,1780985329375623296
1780985329477846546,true,false,3,3,0,0,0,0,0.0,true,1780985329451236612
1780985329577896957,true,false,3,3,0,0,0,0,0.0,true,1780985329451236612
1780985329678198962,true,false,3,3,0,0,0,0,0.0,true,1780985329676812107
1780985329777750450,true,false,3,3,0,0,0,0,0.0,true,1780985329721358177
1780985329878202366,true,false,3,3,0,0,0,0,0.0,true,1780985329875575519
1780985329978495454,true,false,3,3,0,0,0,0,0.0,true,1780985329954829594
1780985330077823718,true,false,3,3,0,0,0,0,0.0,true,1780985329991148503
1780985330178083509,true,false,3,3,0,0,0,0,0.0,true,1780985330168503213
1780985330277877036,true,false,3,3,0,0,0,0,0.0,true,1780985330264913567
1780985330378160607,true,false,3,3,0,0,0,0,0.0,true,1780985330264913567
1780985330478474213,true,false,3,3,0,0,0,0,0.0,true,1780985330471441954
1780985330578129384,true,false,3,3,0,0,0,0,0.0,true,1780985330537150127
1780985330678128099,true,false,3,3,0,0,0,0,0.0,true,1780985330537150127
1780985330778438295,true,false,3,3,0,0,0,0,0.0,true,1780985330770824721
1780985330878067564,true,false,3,3,0,0,0,0,0.0,true,1780985330816819582
1780985330978668554,true,false,3,3,0,0,0,0,0.0,true,1780985330816819582
1780985331079543224,true,false,3,3,0,0,0,0,0.0,true,1780985331063546015
1780985331177782711,true,false,3,3,0,0,0,0,0.0,true,1780985331095624943
1780985331278180434,true,false,3,3,0,0,0,0,0.0,true,1780985331270554580
1780985331377938688,true,false,3,3,0,0,0,0,0.0,true,1780985331364018699
1780985331478382120,true,false,3,3,0,0,0,0,0.0,true,1780985331364018699
1780985331578546285,true,false,3,3,0,0,0,0,0.0,true,1780985331569937720
1780985331678499833,true,false,3,3,0,0,0,0,0.0,true,1780985331642593663
1780985331778099699,true,false,3,3,0,0,0,0,0.0,true,1780985331642593663
1780985331878357559,true,false,3,3,0,0,0,0,0.0,true,1780985331876959134
1780985331977997752,true,false,3,3,0,0,0,0,0.0,true,1780985331913586613
1780985332078187669,true,false,3,3,0,0,0,0,0.0,true,1780985332071754698
1780985332177958643,true,false,3,3,0,0,0,0,0.0,true,1780985332150264918
1780985332277803199,true,false,3,3,0,0,0,0,0.0,true,1780985332187329527
1780985332378100400,true,false,3,3,0,0,0,0,0.0,true,1780985332371668690
1780985332477797390,true,false,3,3,0,0,0,0,0.0,true,1780985332457107933
1780985332578504614,true,false,3,3,0,0,0,0,0.0,true,1780985332457107933
1780985332677619403,true,false,3,3,0,0,0,0,0.0,true,1780985332677180989
1780985332777830774,true,false,3,3,0,0,0,0,0.0,true,1780985332732575092
1780985332878464166,true,false,3,3,0,0,0,0,0.0,true,1780985332732575092
1780985332979537608,true,false,3,3,0,0,0,0,0.0,true,1780985332969135252
1780985333078391329,true,false,3,3,0,0,0,0,0.0,true,1780985333006838055
1780985333177803761,true,false,3,3,0,0,0,0,0.0,true,1780985333006838055
1780985333277855155,true,false,3,3,0,0,0,0,0.0,true,1780985333260590250
1780985333382528977,true,false,3,3,0,0,0,0,0.0,true,1780985333295668599
1780985333483574614,true,false,3,3,0,0,0,0,0.0,true,1780985333481026764
1780985333587546170,true,false,3,3,0,0,0,0,0.0,true,1780985333568115433
1780985333687906578,true,false,3,3,0,0,0,0,0.0,true,1780985333568115433
1780985333787852622,true,false,3,3,0,0,0,0,0.0,true,1780985333784245456
1780985333888528295,true,false,3,3,0,0,0,0,0.0,true,1780985333857167464
1780985333988592068,true,false,3,3,0,0,0,0,0.0,true,1780985333857167464
1780985334087874752,true,false,3,3,0,0,0,0,0.0,true,1780985334079403173
1780985334188382752,true,false,3,3,0,0,0,0,0.0,true,1780985334130786265
1780985334288666393,true,false,3,3,0,0,0,0,0.0,true,1780985334130786265
1780985334388540454,true,false,3,3,0,0,0,0,0.0,true,1780985334372219050
1780985334487905178,true,false,3,3,0,0,0,0,0.0,true,1780985334410368599
1780985334588159296,true,false,3,3,0,0,0,0,0.0,true,1780985334573662025
1780985334688316751,true,false,3,3,0,0,0,0,0.0,true,1780985334669289127
1780985334788537538,true,false,3,3,0,0,0,0,0.0,true,1780985334705181375
1780985334888287213,true,false,3,3,0,0,0,0,0.0,true,1780985334873825232
1780985334988145878,true,false,3,3,0,0,0,0,0.0,true,1780985334983727059
1780985335087877248,true,false,3,3,0,0,0,0,0.0,true,1780985334990597555
1780985335188146796,true,false,3,3,0,0,0,0,0.0,true,1780985335184699679
1780985335288546780,true,false,3,3,0,0,0,0,0.0,true,1780985335269722657
1780985335387999121,true,false,3,3,0,0,0,0,0.0,true,1780985335269722657
1780985335488163934,true,false,3,3,0,0,0,0,0.0,true,1780985335486801751
1780985335588588916,true,false,3,3,0,0,0,0,0.0,true,1780985335548749200
1780985335688262506,true,false,3,3,0,0,0,0,0.0,true,1780985335548749200
1780985335788219403,true,false,3,3,0,0,0,0,0.0,true,1780985335785750570
1780985335888138115,true,false,3,3,0,0,0,0,0.0,true,1780985335828400843
1780985335987710276,true,false,3,3,0,0,0,0,0.0,true,1780985335985155173
1780985336088539679,true,false,3,3,0,0,0,0,0.0,true,1780985336064171162
1780985336187764572,true,false,3,3,0,0,0,0,0.0,true,1780985336104398985
1780985336288224560,true,false,3,3,0,0,0,0,0.0,true,1780985336284722304
1780985336388536319,true,false,3,3,0,0,0,0,0.0,true,1780985336377635322
1780985336487876431,true,false,3,3,0,0,0,0,0.0,true,1780985336377635322
1780985336587990260,true,false,3,3,0,0,0,0,0.0,true,1780985336585602263
1780985336692910161,true,false,3,3,0,0,0,0,0.0,true,1780985336666708213
1780985336795429150,true,false,3,3,0,0,0,0,0.0,true,1780985336666708213
1780985336894199636,true,false,3,3,0,0,0,0,0.0,true,1780985336884391417
1780985336997658036,true,false,3,3,0,0,0,0,0.0,true,1780985336990017780
1780985337095517008,true,false,3,3,0,0,0,0,0.0,true,1780985336990017780
1780985337193770247,true,false,3,3,0,0,0,0,0.0,true,1780985337187160185
1780985337294185853,true,false,3,3,0,0,0,0,0.0,true,1780985337263730717
1780985337395548808,true,false,3,3,0,0,0,0,0.0,true,1780985337263730717
1780985337494434475,true,false,3,3,0,0,0,0,0.0,true,1780985337491918517
1780985337593935752,true,false,3,3,0,0,0,0,0.0,true,1780985337581247334
1780985337693917194,true,false,3,3,0,0,0,0,0.0,true,1780985337595727080
1780985337794379771,true,false,3,3,0,0,0,0,0.0,true,1780985337775678620
1780985337893666812,true,false,3,3,0,0,0,0,0.0,true,1780985337891885693
1780985337995516892,true,false,3,3,0,0,0,0,0.0,true,1780985337903719215
1780985338094246464,true,false,3,3,0,0,0,0,0.0,true,1780985338091837050
1780985338197538528,true,false,3,3,0,0,0,0,0.0,true,1780985338187085591
1780985338293805562,true,false,3,3,0,0,0,0,0.0,true,1780985338187085591
1780985338393770589,true,false,3,3,0,0,0,0,0.0,true,1780985338384200771
1780985338493881121,true,false,3,3,0,0,0,0,0.0,true,1780985338466482907
1780985338594059855,true,false,3,3,0,0,0,0,0.0,true,1780985338466482907
1780985338694079404,true,false,3,3,0,0,0,0,0.0,true,1780985338680575600
1780985338800551477,true,false,3,3,0,0,0,0,0.0,true,1780985338787140658
1780985338901650440,true,false,3,3,0,0,0,0,0.0,true,1780985338787140658
1780985339001354882,true,false,3,3,0,0,0,0,0.0,true,1780985338996749261
1780985339101661059,true,false,3,3,0,0,0,0,0.0,true,1780985339081754603
1780985339201297935,true,false,3,3,0,0,0,0,0.0,true,1780985339081754603
1780985339300982695,true,false,3,3,0,0,0,0,0.0,true,1780985339290346957
1780985339408371032,true,false,3,3,0,0,0,0,0.0,true,1780985339374122245
1780985339509086572,true,false,3,3,0,0,0,0,0.0,true,1780985339374122245
1780985339608874094,true,false,3,3,0,0,0,0,0.0,true,1780985339604490742
1780985339714719491,true,false,3,3,0,0,0,0,0.0,true,1780985339678770344
1780985339816435461,true,false,3,3,0,0,0,0,0.0,true,1780985339678770344
1780985339916141608,true,false,3,3,0,0,0,0,0.0,true,1780985339909577471
1780985340016173630,true,false,3,3,0,0,0,0,0.0,true,1780985339955211852
1780985340116472708,true,false,3,3,0,0,0,0,0.0,true,1780985340114037583
1780985340215849562,true,false,3,3,0,0,0,0,0.0,true,1780985340193146179
1780985340316591730,true,false,3,3,0,0,0,0,0.0,true,1780985340231242930
1780985340415733339,true,false,3,3,0,0,0,0,0.0,true,1780985340410914828
1780985340516541798,true,false,3,3,0,0,0,0,0.0,true,1780985340506048516
1780985340616193646,true,false,3,3,0,0,0,0,0.0,true,1780985340506048516
1780985340716211842,true,false,3,3,0,0,0,0,0.0,true,1780985340702523766
1780985340817624318,true,false,3,3,0,0,0,0,0.0,true,1780985340781902422
1780985340915876658,true,false,3,3,0,0,0,0,0.0,true,1780985340781902422
1780985341015987908,true,false,3,3,0,0,0,0,0.0,true,1780985341007283581
1780985341115973514,true,false,3,3,0,0,0,0,0.0,true,1780985341092070450
1780985341219706137,true,false,3,3,0,0,0,0,0.0,true,1780985341092070450
1780985341315794776,true,false,3,3,0,0,0,0,0.0,true,1780985341314141037
1780985341415792682,true,false,3,3,0,0,0,0,0.0,true,1780985341390254197
1780985341516067784,true,false,3,3,0,0,0,0,0.0,true,1780985341416362133
1780985341615809376,true,false,3,3,0,0,0,0,0.0,true,1780985341416362133
1780985341715587263,true,false,3,3,0,0,0,0,0.0,true,1780985341715079548
1780985341815857411,true,false,3,3,0,0,0,0,0.0,true,1780985341740100321
1780985341915740356,true,false,3,3,0,0,0,0,0.0,true,1780985341740100321
1780985342016009676,true,false,3,3,0,0,0,0,0.0,true,1780985341998188044
1780985342116226828,true,false,3,3,0,0,0,0,0.0,true,1780985342098557780
1780985342216483207,true,false,3,3,0,0,0,0,0.0,true,1780985342118190285
1780985342316688408,true,false,3,3,0,0,0,0,0.0,true,1780985342306821237
1780985342415884472,true,false,3,3,0,0,0,0,0.0,true,1780985342387603274
1780985342516026594,true,false,3,3,0,0,0,0,0.0,true,1780985342429588867
1780985342616120727,true,false,3,3,0,0,0,0,0.0,true,1780985342429588867
1780985342716077247,true,false,3,3,0,0,0,0,0.0,true,1780985342712525130
1780985342816590728,true,false,3,3,0,0,0,0,0.0,true,1780985342779579966
1780985342916414816,true,false,3,3,0,0,0,0,0.0,true,1780985342779579966
1780985343016187359,true,false,3,3,0,0,0,0,0.0,true,1780985343013717469
1780985343117561068,true,false,3,3,0,0,0,0,0.0,true,1780985343088844486
1780985343215844202,true,false,3,3,0,0,0,0,0.0,true,1780985343088844486
1780985343316347268,true,false,3,3,0,0,0,0,0.0,true,1780985343304683990
1780985343415836045,true,false,3,3,0,0,0,0,0.0,true,1780985343390158305
1780985343516562658,true,false,3,3,0,0,0,0,0.0,true,1780985343390158305
1780985343616339729,true,false,3,3,0,0,0,0,0.0,true,1780985343614825085
1780985343716538001,true,false,3,3,0,0,0,0,0.0,true,1780985343679533918
1780985343816305273,true,false,3,3,0,0,0,0,0.0,true,1780985343679533918
1780985343916707443,true,false,3,3,0,0,0,0,0.0,true,1780985343908021066
1780985344016666009,true,false,3,3,0,0,0,0,0.0,true,1780985343987707238
1780985344116155416,true,false,3,3,0,0,0,0,0.0,true,1780985343987707238
1780985344216317061,true,false,3,3,0,0,0,0,0.0,true,1780985343987707238
1780985344316403059,true,false,3,3,0,0,0,0,0.0,true,1780985344301735052
1780985344416692747,true,false,3,3,0,0,0,0,0.0,true,1780985344362151534
1780985344515921289,true,false,3,3,0,0,0,0,0.0,true,1780985344362151534
1780985344615981491,true,false,3,3,0,0,0,0,0.0,true,1780985344362151534
1780985344718536006,true,false,3,3,0,0,0,0,0.0,true,1780985344710845734
1780985344820536100,true,false,3,3,0,0,0,0,0.0,true,1780985344710845734
1780985344920755433,true,false,3,3,0,0,0,0,0.0,true,1780985344710845734
1780985345022545622,true,false,3,3,0,0,0,0,0.0,true,1780985345015030924
1780985345120874220,true,false,3,3,0,0,0,0,0.0,true,1780985345015030924
1780985345220989325,true,false,3,3,0,0,0,0,0.0,true,1780985345015030924
1780985345323533375,true,false,3,3,0,0,0,0,0.0,true,1780985345310027241
1780985345422519491,true,false,3,3,0,0,0,0,0.0,true,1780985345310027241
1780985345521095509,true,false,3,3,0,0,0,0,0.0,true,1780985345310027241
1780985345620823338,true,false,3,3,0,0,0,0,0.0,true,1780985345603127187
1780985345721155172,true,false,3,3,0,0,0,0,0.0,true,1780985345603127187
1780985345821323944,true,false,3,3,0,0,0,0,0.0,true,1780985345816755208
1780985345921832069,true,false,3,3,0,0,0,0,0.0,true,1780985345902458062
1780985346021174300,true,false,3,3,0,0,0,0,0.0,true,1780985345902458062
1780985346121336540,true,false,3,3,0,0,0,0,0.0,true,1780985346111883770
1780985346223520134,true,false,3,3,0,0,0,0,0.0,true,1780985346191732926
1780985346321075571,true,false,3,3,0,0,0,0,0.0,true,1780985346191732926
1780985346420753508,true,false,3,3,0,0,0,0,0.0,true,1780985346409099062
1780985346523519962,true,false,3,3,0,0,0,0,0.0,true,1780985346486729678
1780985346621139445,true,false,3,3,0,0,0,0,0.0,true,1780985346486729678
1780985346721075918,true,false,3,3,0,0,0,0,0.0,true,1780985346719650710
1780985346821133877,true,false,3,3,0,0,0,0,0.0,true,1780985346779904620
1780985346920801430,true,false,3,3,0,0,0,0,0.0,true,1780985346779904620
1780985347021564327,true,false,3,3,0,0,0,0,0.0,true,1780985347011940861
1780985347121453068,true,false,3,3,0,0,0,0,0.0,true,1780985347073456545
1780985347220943481,true,false,3,3,0,0,0,0,0.0,true,1780985347073456545
1780985347321328964,true,false,3,3,0,0,0,0,0.0,true,1780985347073456545
1780985347423445511,true,false,3,3,0,0,0,0,0.0,true,1780985347422820961
1780985347521188822,true,false,3,3,0,0,0,0,0.0,true,1780985347422820961
1780985347621010728,true,false,3,3,0,0,0,0,0.0,true,1780985347422820961
1780985347720912419,true,false,3,3,0,0,0,0,0.0,true,1780985347717439281
1780985347821333771,true,false,3,3,0,0,0,0,0.0,true,1780985347779612446
1780985347921072683,true,false,3,3,0,0,0,0,0.0,true,1780985347779612446
1780985348021124352,true,false,3,3,0,0,0,0,0.0,true,1780985348013604840
1780985348121900780,true,false,3,3,0,0,0,0,0.0,true,1780985348075069833
1780985348220819116,true,false,3,3,0,0,0,0,0.0,true,1780985348075069833
1780985348320829237,true,false,3,3,0,0,0,0,0.0,true,1780985348308296058
1780985348421742065,true,false,3,3,0,0,0,0,0.0,true,1780985348387662712
1780985348521845194,true,false,3,3,0,0,0,0,0.0,true,1780985348387662712
1780985348620804622,true,false,3,3,0,0,0,0,0.0,true,1780985348613281437
1780985348723530902,true,false,3,3,0,0,0,0,0.0,true,1780985348701976685
1780985348821432459,true,false,3,3,0,0,0,0,0.0,true,1780985348701976685
1780985348921257848,true,false,3,3,0,0,0,0,0.0,true,1780985348905573300
1780985349022510676,true,false,3,3,0,0,0,0,0.0,true,1780985348986338689
1780985349122709645,true,false,3,3,0,0,0,0,0.0,true,1780985348986338689
1780985349221687535,true,false,3,3,0,0,0,0,0.0,true,1780985349219194348
1780985349323502380,true,false,3,3,0,0,0,0,0.0,true,1780985349291618172
1780985349420883764,true,false,3,3,0,0,0,0,0.0,true,1780985349291618172
1780985349521341077,true,false,3,3,0,0,0,0,0.0,true,1780985349510836705
1780985349620847255,true,false,3,3,0,0,0,0,0.0,true,1780985349594520013
1780985349721466657,true,false,3,3,0,0,0,0,0.0,true,1780985349594520013
1780985349821637296,true,false,3,3,0,0,0,0,0.0,true,1780985349815067443
1780985349920972530,true,false,3,3,0,0,0,0,0.0,true,1780985349898180284
1780985350021285474,true,false,3,3,0,0,0,0,0.0,true,1780985349898180284
1780985350121418197,true,false,3,3,0,0,0,0,0.0,true,1780985349898180284
1780985350220591476,true,false,3,3,0,0,0,0,0.0,true,1780985350220239328
1780985350325894425,true,false,3,3,0,0,0,0,0.0,true,1780985350263798797
1780985350427511914,true,false,3,3,0,0,0,0,0.0,true,1780985350263798797
1780985350527491157,true,false,3,3,0,0,0,0,0.0,true,1780985350524772588
1780985350627254927,true,false,3,3,0,0,0,0,0.0,true,1780985350559013166
1780985350726957448,true,false,3,3,0,0,0,0,0.0,true,1780985350559013166
1780985350827267907,true,false,3,3,0,0,0,0,0.0,true,1780985350812826102
1780985350928557889,true,false,3,3,0,0,0,0,0.0,true,1780985350886416895
1780985351027396191,true,false,3,3,0,0,0,0,0.0,true,1780985350886416895
1780985351127276863,true,false,3,3,0,0,0,0,0.0,true,1780985351125833346
1780985351227213454,true,false,3,3,0,0,0,0,0.0,true,1780985351180787302
1780985351327569844,true,false,3,3,0,0,0,0,0.0,true,1780985351180787302
1780985351427017836,true,false,3,3,0,0,0,0,0.0,true,1780985351419465177
1780985351527081880,true,false,3,3,0,0,0,0,0.0,true,1780985351465325920
1780985351627393450,true,false,3,3,0,0,0,0,0.0,true,1780985351465325920
1780985351727109561,true,false,3,3,0,0,0,0,0.0,true,1780985351717556896
1780985351826901420,true,false,3,3,0,0,0,0,0.0,true,1780985351774285921
1780985351927546648,true,false,3,3,0,0,0,0,0.0,true,1780985351774285921
1780985352026873146,true,false,3,3,0,0,0,0,0.0,true,1780985352019581732
1780985352127199892,true,false,3,3,0,0,0,0,0.0,true,1780985352054699836
1780985352227353650,true,false,3,3,0,0,0,0,0.0,true,1780985352213742784
1780985352326880139,true,false,3,3,0,0,0,0,0.0,true,1780985352321307624
1780985352427808924,true,false,3,3,0,0,0,0,0.0,true,1780985352327456251
1780985352527035384,true,false,3,3,0,0,0,0,0.0,true,1780985352520600520
1780985352629805279,true,false,3,3,0,0,0,0,0.0,true,1780985352608839240
1780985352726830712,true,false,3,3,0,0,0,0,0.0,true,1780985352608839240
1780985352827441745,true,false,3,3,0,0,0,0,0.0,true,1780985352816016954
1780985352928501951,true,false,3,3,0,0,0,0,0.0,true,1780985352892592797
1780985353027535446,true,false,3,3,0,0,0,0,0.0,true,1780985352892592797
1780985353127367150,true,false,3,3,0,0,0,0,0.0,true,1780985353121918853
1780985353227784714,true,false,3,3,0,0,0,0,0.0,true,1780985353176060217
1780985353327182908,true,false,3,3,0,0,0,0,0.0,true,1780985353176060217
1780985353426984864,true,false,3,3,0,0,0,0,0.0,true,1780985353410483479
1780985353527243006,true,false,3,3,0,0,0,0,0.0,true,1780985353471789750
1780985353627244395,true,false,3,3,0,0,0,0,0.0,true,1780985353471789750
1780985353726744511,true,false,3,3,0,0,0,0,0.0,true,1780985353724191170
1780985353827633392,true,false,3,3,0,0,0,0,0.0,true,1780985353767975880
1780985353926896250,true,false,3,3,0,0,0,0,0.0,true,1780985353767975880
1780985354026725440,true,false,3,3,0,0,0,0,0.0,true,1780985354018522991
1780985354126853780,true,false,3,3,0,0,0,0,0.0,true,1780985354043722279
1780985354227117317,true,false,3,3,0,0,0,0,0.0,true,1780985354043722279
1780985354326914885,true,false,3,3,0,0,0,0,0.0,true,1780985354325413800
1780985354429777861,true,false,3,3,0,0,0,0,0.0,true,1780985354327180403
1780985354527432358,true,false,3,3,0,0,0,0,0.0,true,1780985354327180403
1780985354627531915,true,false,3,3,0,0,0,0,0.0,true,1780985354618297479
1780985354727670670,true,false,3,3,0,0,0,0,0.0,true,1780985354693942399
1780985354827110633,true,false,3,3,0,0,0,0,0.0,true,1780985354823488463
1780985354928529752,true,false,3,3,0,0,0,0,0.0,true,1780985354921569658
1780985355033445840,true,false,3,3,0,0,0,0,0.0,true,1780985354963825431
1780985355134526316,true,false,3,3,0,0,0,0,0.0,true,1780985355117732077
1780985355234295638,true,false,3,3,0,0,0,0,0.0,true,1780985355231764791
1780985355334548813,true,false,3,3,0,0,0,0,0.0,true,1780985355269783537
1780985355434521666,true,false,3,3,0,0,0,0,0.0,true,1780985355425681843
1780985355534511567,true,false,3,3,0,0,0,0,0.0,true,1780985355516008226
1780985355633764469,true,false,3,3,0,0,0,0,0.0,true,1780985355555222541
1780985355734262799,true,false,3,3,0,0,0,0,0.0,true,1780985355555222541
1780985355833837331,true,false,3,3,0,0,0,0,0.0,true,1780985355819623532
1780985355934310452,true,false,3,3,0,0,0,0,0.0,true,1780985355860361301
1780985356034451703,true,false,3,3,0,0,0,0,0.0,true,1780985356017820666
1780985356133965474,true,false,3,3,0,0,0,0,0.0,true,1780985356101084649
1780985356234501238,true,false,3,3,0,0,0,0,0.0,true,1780985356156174945
1780985356333893066,true,false,3,3,0,0,0,0,0.0,true,1780985356156174945
1780985356434263261,true,false,3,3,0,0,0,0,0.0,true,1780985356426252932
1780985356534601946,true,false,3,3,0,0,0,0,0.0,true,1780985356504283685
1780985356634156240,true,false,3,3,0,0,0,0,0.0,true,1780985356504283685
1780985356734283710,true,false,3,3,0,0,0,0,0.0,true,1780985356731696129
1780985356833820059,true,false,3,3,0,0,0,0,0.0,true,1780985356813502774
1780985356934180118,true,false,3,3,0,0,0,0,0.0,true,1780985356813502774
1780985357034252888,true,false,3,3,0,0,0,0,0.0,true,1780985357029680523
1780985357136547906,true,false,3,3,0,0,0,0,0.0,true,1780985357114802391
1780985357234072989,true,false,3,3,0,0,0,0,0.0,true,1780985357114802391
1780985357334226688,true,false,3,3,0,0,0,0,0.0,true,1780985357321319829
1780985357433783430,true,false,3,3,0,0,0,0,0.0,true,1780985357420401617
1780985357533990755,true,false,3,3,0,0,0,0,0.0,true,1780985357436371653
1780985357634531873,true,false,3,3,0,0,0,0,0.0,true,1780985357436371653
1780985357735377420,true,false,3,3,0,0,0,0,0.0,true,1780985357723587824
1780985357833789173,true,false,3,3,0,0,0,0,0.0,true,1780985357804913101
1780985357933945890,true,false,3,3,0,0,0,0,0.0,true,1780985357804913101
1780985358033694979,true,false,3,3,0,0,0,0,0.0,true,1780985358028015557
1780985358134060407,true,false,3,3,0,0,0,0,0.0,true,1780985358125027652
1780985358234270124,true,false,3,3,0,0,0,0,0.0,true,1780985358125027652
1780985358334447685,true,false,3,3,0,0,0,0,0.0,true,1780985358125027652
1780985358434007701,true,false,3,3,0,0,0,0,0.0,true,1780985358419702999
1780985358534664903,true,false,3,3,0,0,0,0,0.0,true,1780985358452646148
1780985358634752828,true,false,3,3,0,0,0,0,0.0,true,1780985358452646148
1780985358734307498,true,false,3,3,0,0,0,0,0.0,true,1780985358724454478
1780985358835544880,true,false,3,3,0,0,0,0,0.0,true,1780985358795094745
1780985358934493727,true,false,3,3,0,0,0,0,0.0,true,1780985358795094745
1780985359034293284,true,false,3,3,0,0,0,0,0.0,true,1780985359020416552
1780985359137535576,true,false,3,3,0,0,0,0,0.0,true,1780985359119826321
1780985359234646771,true,false,3,3,0,0,0,0,0.0,true,1780985359119826321
1780985359333740997,true,false,3,3,0,0,0,0,0.0,true,1780985359326936814
1780985359433829288,true,false,3,3,0,0,0,0,0.0,true,1780985359409424542
1780985359534280421,true,false,3,3,0,0,0,0,0.0,true,1780985359409424542
1780985359633774126,true,false,3,3,0,0,0,0,0.0,true,1780985359624967660
1780985359734245438,true,false,3,3,0,0,0,0,0.0,true,1780985359703893834
1780985359834048184,true,false,3,3,0,0,0,0,0.0,true,1780985359703893834
1780985359934155953,true,false,3,3,0,0,0,0,0.0,true,1780985359924617461
1780985360033781274,true,false,3,3,0,0,0,0,0.0,true,1780985359983320781
1780985360133822854,true,false,3,3,0,0,0,0,0.0,true,1780985359983320781
1780985360235652760,true,false,3,3,0,0,0,0,0.0,true,1780985360228240275
1780985360334163321,true,false,3,3,0,0,0,0,0.0,true,1780985360266711005
1780985360434109643,true,false,3,3,0,0,0,0,0.0,true,1780985360430542893
1780985360533819103,true,false,3,3,0,0,0,0,0.0,true,1780985360509801848
1780985360633920096,true,false,3,3,0,0,0,0,0.0,true,1780985360549939660
1780985360734062468,true,false,3,3,0,0,0,0,0.0,true,1780985360718172836
1780985360833876133,true,false,3,3,0,0,0,0,0.0,true,1780985360815502535
1780985360933943103,true,false,3,3,0,0,0,0,0.0,true,1780985360834603582
1780985361034313689,true,false,3,3,0,0,0,0,0.0,true,1780985361029754149
1780985361137509005,true,false,3,3,0,0,0,0,0.0,true,1780985361122377421
1780985361233816448,true,false,3,3,0,0,0,0,0.0,true,1780985361122377421
1780985361334372652,true,false,3,3,0,0,0,0,0.0,true,1780985361318705821
1780985361433815039,true,false,3,3,0,0,0,0,0.0,true,1780985361416331945
1780985361534132680,true,false,3,3,0,0,0,0,0.0,true,1780985361452588319
1780985361634053609,true,false,3,3,0,0,0,0,0.0,true,1780985361625274861
1780985361735545926,true,false,3,3,0,0,0,0,0.0,true,1780985361725164871
1780985361833715373,true,false,3,3,0,0,0,0,0.0,true,1780985361725164871
1780985361933806529,true,false,3,3,0,0,0,0,0.0,true,1780985361914357595
1780985362034479427,true,false,3,3,0,0,0,0,0.0,true,1780985361981084343
1780985362134592798,true,false,3,3,0,0,0,0,0.0,true,1780985362115899854
1780985362234456669,true,false,3,3,0,0,0,0,0.0,true,1780985362228945532
1780985362334502238,true,false,3,3,0,0,0,0,0.0,true,1780985362237449625
1780985362434282943,true,false,3,3,0,0,0,0,0.0,true,1780985362430684187
1780985362535507652,true,false,3,3,0,0,0,0,0.0,true,1780985362509426928
1780985362634165999,true,false,3,3,0,0,0,0,0.0,true,1780985362509426928
1780985362733892716,true,false,3,3,0,0,0,0,0.0,true,1780985362727386555
1780985362834930359,true,false,3,3,0,0,0,0,0.0,true,1780985362789864137
1780985362934140975,true,false,3,3,0,0,0,0,0.0,true,1780985362789864137
1780985363034010104,true,false,3,3,0,0,0,0,0.0,true,1780985363027127838
1780985363134081663,true,false,3,3,0,0,0,0,0.0,true,1780985363100317817
1780985363234176420,true,false,3,3,0,0,0,0,0.0,true,1780985363100317817
1780985363334206504,true,false,3,3,0,0,0,0,0.0,true,1780985363329714145
1780985363433881185,true,false,3,3,0,0,0,0,0.0,true,1780985363420915651
1780985363534008150,true,false,3,3,0,0,0,0,0.0,true,1780985363420915651
1780985363634436639,true,false,3,3,0,0,0,0,0.0,true,1780985363630964987
1780985363737508071,true,false,3,3,0,0,0,0,0.0,true,1780985363708863692
1780985363834011000,true,false,3,3,0,0,0,0,0.0,true,1780985363708863692
1780985363934925824,true,false,3,3,0,0,0,0,0.0,true,1780985363925614443
1780985364035387766,true,false,3,3,0,0,0,0,0.0,true,1780985363985169343
1780985364134542949,true,false,3,3,0,0,0,0,0.0,true,1780985363985169343
1780985364234387633,true,false,3,3,0,0,0,0,0.0,true,1780985364230834457
1780985364334524452,true,false,3,3,0,0,0,0,0.0,true,1780985364295068648
1780985364434151733,true,false,3,3,0,0,0,0,0.0,true,1780985364295068648
1780985364534340968,true,false,3,3,0,0,0,0,0.0,true,1780985364526614477
1780985364634527723,true,false,3,3,0,0,0,0,0.0,true,1780985364612892891
1780985364733941064,true,false,3,3,0,0,0,0,0.0,true,1780985364612892891
1780985364834154222,true,false,3,3,0,0,0,0,0.0,true,1780985364828538529
1780985364934642319,true,false,3,3,0,0,0,0,0.0,true,1780985364912437483
1780985365034520318,true,false,3,3,0,0,0,0,0.0,true,1780985364912437483
1780985365134516837,true,false,3,3,0,0,0,0,0.0,true,1780985365130996894
1780985365234383907,true,false,3,3,0,0,0,0,0.0,true,1780985365205778424
1780985365334541329,true,false,3,3,0,0,0,0,0.0,true,1780985365205778424
1780985365434452261,true,false,3,3,0,0,0,0,0.0,true,1780985365423625278
1780985365533712355,true,false,3,3,0,0,0,0,0.0,true,1780985365486368377
1780985365634461078,true,false,3,3,0,0,0,0,0.0,true,1780985365486368377
1780985365734811268,true,false,3,3,0,0,0,0,0.0,true,1780985365732126387
1780985365833883399,true,false,3,3,0,0,0,0,0.0,true,1780985365801659645
1780985365934557259,true,false,3,3,0,0,0,0,0.0,true,1780985365801659645
1780985366033931582,true,false,3,3,0,0,0,0,0.0,true,1780985366022824030
1780985366134216429,true,false,3,3,0,0,0,0,0.0,true,1780985366075203825
1780985366234575261,true,false,3,3,0,0,0,0,0.0,true,1780985366075203825
1780985366334704501,true,false,3,3,0,0,0,0,0.0,true,1780985366333052737
1780985366435532726,true,false,3,3,0,0,0,0,0.0,true,1780985366381243118
1780985366534589345,true,false,3,3,0,0,0,0,0.0,true,1780985366381243118
1780985366634240320,true,false,3,3,0,0,0,0,0.0,true,1780985366620592356
1780985366734289616,true,false,3,3,0,0,0,0,0.0,true,1780985366681452609
1780985366834419228,true,false,3,3,0,0,0,0,0.0,true,1780985366681452609
1780985366933792959,true,false,3,3,0,0,0,0,0.0,true,1780985366916209612
1780985367033922874,true,false,3,3,0,0,0,0,0.0,true,1780985366954886342
1780985367133908206,true,false,3,3,0,0,0,0,0.0,true,1780985367119164067
1780985367233910147,true,false,3,3,0,0,0,0,0.0,true,1780985367216209962
1780985367333795943,true,false,3,3,0,0,0,0,0.0,true,1780985367234623639
1780985367433672480,true,false,3,3,0,0,0,0,0.0,true,1780985367421890312
1780985367534576588,true,false,3,3,0,0,0,0,0.0,true,1780985367499739806
1780985367633824781,true,false,3,3,0,0,0,0,0.0,true,1780985367499739806
1780985367734192430,true,false,3,3,0,0,0,0,0.0,true,1780985367725317143
1780985367834181365,true,false,3,3,0,0,0,0,0.0,true,1780985367795657763
1780985367934510482,true,false,3,3,0,0,0,0,0.0,true,1780985367795657763
1780985368033781985,true,false,3,3,0,0,0,0,0.0,true,1780985368028126753
1780985368135586709,true,false,3,3,0,0,0,0,0.0,true,1780985368116779876
1780985368234311353,true,false,3,3,0,0,0,0,0.0,true,1780985368116779876
1780985368334445590,true,false,3,3,0,0,0,0,0.0,true,1780985368327738480
1780985368434473637,true,false,3,3,0,0,0,0,0.0,true,1780985368403117671
1780985368534294789,true,false,3,3,0,0,0,0,0.0,true,1780985368403117671
1780985368633775430,true,false,3,3,0,0,0,0,0.0,true,1780985368628268713
1780985368734086063,true,false,3,3,0,0,0,0,0.0,true,1780985368691436128
1780985368834378001,true,false,3,3,0,0,0,0,0.0,true,1780985368691436128
1780985368933668841,true,false,3,3,0,0,0,0,0.0,true,1780985368933640068
1780985369034425714,true,false,3,3,0,0,0,0,0.0,true,1780985368970749018
1780985369133670922,true,false,3,3,0,0,0,0,0.0,true,1780985368970749018
1780985369233874081,true,false,3,3,0,0,0,0,0.0,true,1780985369214532051
1780985369336529513,true,false,3,3,0,0,0,0,0.0,true,1780985369251961648
1780985369434629405,true,false,3,3,0,0,0,0,0.0,true,1780985369430139334
1780985369536541727,true,false,3,3,0,0,0,0,0.0,true,1780985369525409699
1780985369633914488,true,false,3,3,0,0,0,0,0.0,true,1780985369525409699
1780985369734048788,true,false,3,3,0,0,0,0,0.0,true,1780985369726172823
1780985369836712583,true,false,3,3,0,0,0,0,0.0,true,1780985369813149587
1780985369934445820,true,false,3,3,0,0,0,0,0.0,true,1780985369813149587
1780985370033697278,true,false,3,3,0,0,0,0,0.0,true,1780985370025056761
1780985370134078505,true,false,3,3,0,0,0,0,0.0,true,1780985370099821377
1780985370233714537,true,false,3,3,0,0,0,0,0.0,true,1780985370099821377
1780985370333735224,true,false,3,3,0,0,0,0,0.0,true,1780985370326887120
1780985370434167228,true,false,3,3,0,0,0,0,0.0,true,1780985370377968315
1780985370533769418,true,false,3,3,0,0,0,0,0.0,true,1780985370377968315
1780985370634095403,true,false,3,3,0,0,0,0,0.0,true,1780985370632565457
1780985370734227977,true,false,3,3,0,0,0,0,0.0,true,1780985370653837827
1780985370834547992,true,false,3,3,0,0,0,0,0.0,true,1780985370653837827
1780985370933914110,true,false,3,3,0,0,0,0,0.0,true,1780985370918589674
1780985371033958839,true,false,3,3,0,0,0,0,0.0,true,1780985370953482413
1780985371133681864,true,false,3,3,0,0,0,0,0.0,true,1780985370953482413
1780985371235510298,true,false,3,3,0,0,0,0,0.0,true,1780985371222249885
1780985371333785279,true,false,3,3,0,0,0,0,0.0,true,1780985371256393339
1780985371434522137,true,false,3,3,0,0,0,0,0.0,true,1780985371256393339
1780985371533958758,true,false,3,3,0,0,0,0,0.0,true,1780985371530538101
1780985371633858258,true,false,3,3,0,0,0,0,0.0,true,1780985371570017477
1780985371733825522,true,false,3,3,0,0,0,0,0.0,true,1780985371570017477
1780985371833886314,true,false,3,3,0,0,0,0,0.0,true,1780985371824018589
1780985371933731335,true,false,3,3,0,0,0,0,0.0,true,1780985371851745131
1780985372034688345,true,false,3,3,0,0,0,0,0.0,true,1780985372032066034
1780985372134044066,true,false,3,3,0,0,0,0,0.0,true,1780985372118558953
1780985372233966508,true,false,3,3,0,0,0,0,0.0,true,1780985372154428947
1780985372333901864,true,false,3,3,0,0,0,0,0.0,true,1780985372154428947
1780985372433698217,true,false,3,3,0,0,0,0,0.0,true,1780985372433622629
1780985372534485781,true,false,3,3,0,0,0,0,0.0,true,1780985372482494815
1780985372634495883,true,false,3,3,0,0,0,0,0.0,true,1780985372482494815
1780985372734379513,true,false,3,3,0,0,0,0,0.0,true,1780985372724658571
1780985372833834898,true,false,3,3,0,0,0,0,0.0,true,1780985372781330177
1780985372934541338,true,false,3,3,0,0,0,0,0.0,true,1780985372781330177
1780985373033946982,true,false,3,3,0,0,0,0,0.0,true,1780985373029076626
1780985373134147554,true,false,3,3,0,0,0,0,0.0,true,1780985373088888423
1780985373234295751,true,false,3,3,0,0,0,0,0.0,true,1780985373088888423
1780985373333723624,true,false,3,3,0,0,0,0,0.0,true,1780985373329157240
1780985373433811534,true,false,3,3,0,0,0,0,0.0,true,1780985373404957756
1780985373533745558,true,false,3,3,0,0,0,0,0.0,true,1780985373404957756
1780985373633800992,true,false,3,3,0,0,0,0,0.0,true,1780985373632379800
1780985373734792678,true,false,3,3,0,0,0,0,0.0,true,1780985373706512901
1780985373833718343,true,false,3,3,0,0,0,0,0.0,true,1780985373706512901
1780985373933775737,true,false,3,3,0,0,0,0,0.0,true,1780985373928271238
1780985374034463071,true,false,3,3,0,0,0,0,0.0,true,1780985373975352652
1780985374133807030,true,false,3,3,0,0,0,0,0.0,true,1780985373975352652
1780985374234352449,true,false,3,3,0,0,0,0,0.0,true,1780985374221454940
1780985374333795298,true,false,3,3,0,0,0,0,0.0,true,1780985374301561720
1780985374439544195,true,false,3,3,0,0,0,0,0.0,true,1780985374301561720
1780985374539681859,true,false,3,3,0,0,0,0,0.0,true,1780985374520023977
1780985374640084955,true,false,3,3,0,0,0,0,0.0,true,1780985374637551407
1780985374739789364,true,false,3,3,0,0,0,0,0.0,true,1780985374637551407
1780985374840599254,true,false,3,3,0,0,0,0,0.0,true,1780985374834088710
1780985374939895884,true,false,3,3,0,0,0,0,0.0,true,1780985374912587033
1780985375040291595,true,false,3,3,0,0,0,0,0.0,true,1780985374912587033
1780985375140624510,true,false,3,3,0,0,0,0,0.0,true,1780985375138757853
1780985375241522674,true,false,3,3,0,0,0,0,0.0,true,1780985375206840252
1780985375339903013,true,false,3,3,0,0,0,0,0.0,true,1780985375206840252
1780985375440340910,true,false,3,3,0,0,0,0,0.0,true,1780985375438631675
1780985375539943064,true,false,3,3,0,0,0,0,0.0,true,1780985375506603044
1780985375640116285,true,false,3,3,0,0,0,0,0.0,true,1780985375506603044
1780985375739885048,true,false,3,3,0,0,0,0,0.0,true,1780985375738345141
1780985375840206430,true,false,3,3,0,0,0,0,0.0,true,1780985375794790234
1780985375940459716,true,false,3,3,0,0,0,0,0.0,true,1780985375794790234
1780985376039592408,true,false,3,3,0,0,0,0,0.0,true,1780985376039336814
1780985376139795149,true,false,3,3,0,0,0,0,0.0,true,1780985376081759483
1780985376240418626,true,false,3,3,0,0,0,0,0.0,true,1780985376081759483
1780985376339758524,true,false,3,3,0,0,0,0,0.0,true,1780985376322070810
1780985376440221981,true,false,3,3,0,0,0,0,0.0,true,1780985376390156732
1780985376539720537,true,false,3,3,0,0,0,0,0.0,true,1780985376390156732
1780985376639728395,true,false,3,3,0,0,0,0,0.0,true,1780985376636311974
1780985376740446958,true,false,3,3,0,0,0,0,0.0,true,1780985376670732337
1780985376840505714,true,false,3,3,0,0,0,0,0.0,true,1780985376832015845
1780985376939839357,true,false,3,3,0,0,0,0,0.0,true,1780985376913023546
1780985377040033097,true,false,3,3,0,0,0,0,0.0,true,1780985376944686457
1780985377139938769,true,false,3,3,0,0,0,0,0.0,true,1780985377128252157
1780985377239815019,true,false,3,3,0,0,0,0,0.0,true,1780985377222732878
1780985377341594855,true,false,3,3,0,0,0,0,0.0,true,1780985377245436566
1780985377439990500,true,false,3,3,0,0,0,0,0.0,true,1780985377438548086
1780985377541585297,true,false,3,3,0,0,0,0,0.0,true,1780985377528090803
1780985377641555277,true,false,3,3,0,0,0,0,0.0,true,1780985377556406678
1780985377740507800,true,false,3,3,0,0,0,0,0.0,true,1780985377735084136
1780985377841015245,true,false,3,3,0,0,0,0,0.0,true,1780985377828348112
1780985377940542321,true,false,3,3,0,0,0,0,0.0,true,1780985377853538072
1780985378040210458,true,false,3,3,0,0,0,0,0.0,true,1780985378034762285
1780985378139955228,true,false,3,3,0,0,0,0,0.0,true,1780985378114562150
1780985378242537611,true,false,3,3,0,0,0,0,0.0,true,1780985378148106182
1780985378340593968,true,false,3,3,0,0,0,0,0.0,true,1780985378338299840
1780985378440591418,true,false,3,3,0,0,0,0,0.0,true,1780985378430386481
1780985378540701196,true,false,3,3,0,0,0,0,0.0,true,1780985378430386481
1780985378639774334,true,false,3,3,0,0,0,0,0.0,true,1780985378628167630
1780985378742538838,true,false,3,3,0,0,0,0,0.0,true,1780985378718514304
1780985378840111407,true,false,3,3,0,0,0,0,0.0,true,1780985378718514304
1780985378940323057,true,false,3,3,0,0,0,0,0.0,true,1780985378933754257
1780985379040547902,true,false,3,3,0,0,0,0,0.0,true,1780985378987692120
1780985379140506288,true,false,3,3,0,0,0,0,0.0,true,1780985378987692120
1780985379240227201,true,false,3,3,0,0,0,0,0.0,true,1780985379238795694
1780985379340348589,true,false,3,3,0,0,0,0,0.0,true,1780985379278478813
1780985379440344089,true,false,3,3,0,0,0,0,0.0,true,1780985379278478813
1780985379539751033,true,false,3,3,0,0,0,0,0.0,true,1780985379531221142
1780985379639972624,true,false,3,3,0,0,0,0,0.0,true,1780985379587338490
1780985379739924758,true,false,3,3,0,0,0,0,0.0,true,1780985379587338490
1780985379840596133,true,false,3,3,0,0,0,0,0.0,true,1780985379829447987
1780985379940583162,true,false,3,3,0,0,0,0,0.0,true,1780985379904875997
1780985380040114394,true,false,3,3,0,0,0,0,0.0,true,1780985379904875997
1780985380140616215,true,false,3,3,0,0,0,0,0.0,true,1780985380122094494
1780985380239967975,true,false,3,3,0,0,0,0,0.0,true,1780985380184517066
1780985380340303899,true,false,3,3,0,0,0,0,0.0,true,1780985380337812367
1780985380440338459,true,false,3,3,0,0,0,0,0.0,true,1780985380432207430
1780985380540065463,true,false,3,3,0,0,0,0,0.0,true,1780985380455425799
1780985380640002738,true,false,3,3,0,0,0,0,0.0,true,1780985380455425799
1780985380740597021,true,false,3,3,0,0,0,0,0.0,true,1780985380738157360
1780985380840259856,true,false,3,3,0,15,15,0,0.0,true,1780985380744868807
1780985380940031455,true,false,3,3,0,15,15,0,0.0,true,1780985380744868807
1780985381040433311,true,false,3,3,0,46,46,0,0.0,true,1780985381032972534
1780985381142550922,true,false,3,3,0,91,91,0,0.0,true,1780985381105023982
1780985381239926977,true,false,3,3,0,91,91,0,0.0,true,1780985381105023982
1780985381340304750,true,false,3,3,0,121,121,0,0.0,true,1780985381336520392
1780985381440063655,true,false,3,3,0,167,167,0,0.0,true,1780985381402786414
1780985381539812061,true,false,3,3,0,167,167,0,0.0,true,1780985381402786414
1780985381640269263,true,false,3,3,0,0,0,0,0.0,true,1780985381635709343
1780985381741519117,true,false,3,3,0,239,239,0,0.0,true,1780985381717716949
1780985381840067433,true,false,3,3,0,239,239,0,0.0,true,1780985381717716949
1780985381940044946,true,false,3,3,0,0,0,0,0.0,true,1780985381938668253
1780985382039828434,true,false,3,3,0,254,254,0,0.0,true,1780985381993705654
1780985382140459869,true,false,3,3,0,254,254,0,0.0,true,1780985381993705654
1780985382240290412,true,false,3,3,0,255,255,0,0.0,true,1780985382234847504
1780985382340460204,true,false,3,3,0,255,255,0,0.0,true,1780985382283975923
1780985382439783459,true,false,3,3,0,255,255,0,0.0,true,1780985382283975923
1780985382539906831,true,false,3,3,0,0,0,0,0.0,true,1780985382524889671
1780985382640405239,true,false,3,3,0,255,255,0,0.0,true,1780985382573030877
1780985382739854882,true,false,3,3,0,255,255,0,0.0,true,1780985382573030877
1780985382841146284,true,false,3,3,0,0,0,0,0.0,true,1780985382835148808
1780985382940810529,true,false,3,3,0,255,255,0,0.0,true,1780985382880346385
1780985383040254391,true,false,3,3,0,255,255,0,0.0,true,1780985382880346385
1780985383139829427,true,false,3,3,0,0,0,0,0.0,true,1780985383124210380
1780985383240684829,true,false,3,3,0,255,255,0,0.0,true,1780985383161931643
1780985383340293009,true,false,3,3,0,0,0,0,0.0,true,1780985383335820549
1780985383443547346,true,false,3,3,0,255,255,0,0.0,true,1780985383433417293
1780985383541653178,true,false,3,3,0,255,255,0,0.0,true,1780985383433417293
1780985383639745242,true,false,3,3,0,0,0,0,0.0,true,1780985383623087909
1780985383740045036,true,false,3,3,0,255,255,0,0.0,true,1780985383713718644
1780985383840408429,true,false,3,3,0,255,255,0,0.0,true,1780985383751057787
1780985383940546632,true,false,3,3,0,255,255,0,0.0,true,1780985383935789212
1780985384040533732,true,false,3,3,0,255,255,0,0.0,true,1780985384026756862
1780985384140358447,true,false,3,3,0,255,255,0,0.0,true,1780985384026756862
1780985384240518447,true,false,3,3,0,0,0,0,0.0,true,1780985384219792116
1780985384340630419,true,false,3,3,0,255,255,0,0.0,true,1780985384298146781
1780985384439836228,true,false,3,3,0,0,0,0,0.0,true,1780985384432342470
1780985384539915551,true,false,3,3,0,255,255,0,0.0,true,1780985384532262233
1780985384640535448,true,false,3,3,0,255,255,0,0.0,true,1780985384568146458
1780985384740006293,true,false,3,3,0,0,0,0,0.0,true,1780985384726797015
1780985384842569726,true,false,3,3,0,255,255,0,0.0,true,1780985384831298031
1780985384939863717,true,false,3,3,0,255,255,0,0.0,true,1780985384856955881
1780985385040183741,true,false,3,3,0,0,0,0,0.0,true,1780985385028447097
1780985385141545250,true,false,3,3,0,255,255,0,0.0,true,1780985385136155677
1780985385240542918,true,false,3,3,0,255,255,0,0.0,true,1780985385136155677
1780985385339939718,true,false,3,3,0,0,0,0,0.0,true,1780985385322143335
1780985385440256383,true,false,3,3,0,255,255,0,0.0,true,1780985385435835897
1780985385539909182,true,false,3,3,0,255,255,0,0.0,true,1780985385442139376
1780985385640406205,true,false,3,3,0,0,0,0,0.0,true,1780985385624601210
1780985385740660547,true,false,3,3,0,255,255,0,0.0,true,1780985385733345862
1780985385840466763,true,false,3,3,0,255,255,0,0.0,true,1780985385748961112
1780985385940331844,true,false,3,3,0,255,255,0,0.0,true,1780985385748961112
1780985386040562665,true,false,3,3,0,0,0,0,0.0,true,1780985386025591035
1780985386141178408,true,false,3,3,0,255,255,0,0.0,true,1780985386070331942
1780985386240642205,true,false,3,3,0,255,255,0,0.0,true,1780985386070331942
1780985386340116669,true,false,3,3,0,0,0,0,0.0,true,1780985386329633278
1780985386439756751,true,false,3,3,0,255,255,0,0.0,true,1780985386393442770
1780985386540632762,true,false,3,3,0,255,255,0,0.0,true,1780985386393442770
1780985386640442565,true,false,3,3,0,255,255,0,0.0,true,1780985386632808091
1780985386742551576,true,false,3,3,0,255,255,0,0.0,true,1780985386701064092
1780985386840571086,true,false,3,3,0,255,255,0,0.0,true,1780985386701064092
1780985386940747940,true,false,3,3,0,255,255,0,0.0,true,1780985386932021688
1780985387040644660,true,false,3,3,0,255,255,0,0.0,true,1780985387010023289
1780985387139938260,true,false,3,3,0,255,255,0,0.0,true,1780985387010023289
1780985387239833988,true,false,3,3,0,0,0,0,0.0,true,1780985387238191799
1780985387340305944,true,false,3,3,0,0,0,0,0.0,true,1780985387316189837
1780985387440658713,true,false,3,3,0,255,255,0,0.0,true,1780985387355347962
1780985387539876037,true,false,3,3,0,255,255,0,0.0,true,1780985387355347962
1780985387641580678,true,false,3,3,0,0,0,0,0.0,true,1780985387625139661
1780985387740185853,true,false,3,3,0,255,255,0,0.0,true,1780985387703749205
1780985387839952841,true,false,3,3,0,0,0,0,0.0,true,1780985387829432591
1780985387940022209,true,false,3,3,0,0,0,0,0.0,true,1780985387908437151
1780985388040272332,true,false,3,3,0,255,255,0,0.0,true,1780985387987557406
1780985388140426547,true,false,3,3,0,0,0,0,0.0,true,1780985388123645373
1780985388241540843,true,false,3,3,0,255,255,0,0.0,true,1780985388228073203
1780985388340000815,true,false,3,3,0,255,255,0,0.0,true,1780985388264659407
1780985388440630137,true,false,3,3,0,0,0,0,0.0,true,1780985388423591453
1780985388540165034,true,false,3,3,0,255,255,0,0.0,true,1780985388528320829
1780985388639833630,true,false,3,3,0,255,255,0,0.0,true,1780985388546572643
1780985388740028260,true,false,3,3,0,0,0,0,0.0,true,1780985388723244461
1780985388839959000,true,false,3,3,0,255,255,0,0.0,true,1780985388837150116
1780985388939874050,true,false,3,3,0,255,255,0,0.0,true,1780985388844262097
1780985389039744533,true,false,3,3,0,0,0,0,0.0,true,1780985389031159519
1780985389139889943,true,false,3,3,0,255,255,0,0.0,true,1780985389124931963
1780985389240391881,true,false,3,3,0,255,255,0,0.0,true,1780985389124931963
1780985389340591615,true,false,3,3,0,255,255,0,0.0,true,1780985389333854500
1780985389439876624,true,false,3,3,0,255,255,0,0.0,true,1780985389401326901
1780985389540679107,true,false,3,3,0,255,255,0,0.0,true,1780985389401326901
1780985389639984540,true,false,3,3,0,255,255,0,0.0,true,1780985389401326901
1780985389742724128,true,false,3,3,0,0,0,0,0.0,true,1780985389726430123
1780985389840118906,true,false,3,3,0,255,255,0,0.0,true,1780985389772084378
1780985389940404656,true,false,3,3,0,255,255,0,0.0,true,1780985389772084378
1780985390041641856,true,false,3,3,0,0,0,0,0.0,true,1780985390029919680
1780985390140907952,true,false,3,3,0,255,255,0,0.0,true,1780985390073699523
1780985390240549225,true,false,3,3,0,255,255,0,0.0,true,1780985390073699523
1780985390340546953,true,false,3,3,0,0,0,0,0.0,true,1780985390327429630
1780985390440473796,true,false,3,3,0,255,255,0,0.0,true,1780985390366304848
1780985390540377227,true,false,3,3,0,0,0,0,0.0,true,1780985390522501543
1780985390640443685,true,false,3,3,0,0,0,0,0.0,true,1780985390603194268
1780985390744638662,true,false,3,3,0,255,255,0,0.0,true,1780985390648558758
1780985390846449559,true,false,3,3,0,0,0,0,0.0,true,1780985390830857615
1780985390946642058,true,false,3,3,0,255,255,0,0.0,true,1780985390929370053
1780985391045821788,true,false,3,3,0,255,255,0,0.0,true,1780985390929370053
1780985391145831684,true,false,3,3,0,255,255,0,0.0,true,1780985391142243373
1780985391245851720,true,false,3,3,0,255,255,0,0.0,true,1780985391211426362
1780985391346017646,true,false,3,3,0,255,255,0,0.0,true,1780985391211426362
1780985391446382985,true,false,3,3,0,255,255,0,0.0,true,1780985391443955795
1780985391545854763,true,false,3,3,0,255,255,0,0.0,true,1780985391495346890
1780985391646352269,true,false,3,3,0,255,255,0,0.0,true,1780985391495346890
1780985391750392312,true,false,3,3,0,255,255,0,0.0,true,1780985391746875677
1780985391855526538,true,false,3,3,0,255,255,0,0.0,true,1780985391771136591
1780985391955694945,true,false,3,3,0,0,0,0,0.0,true,1780985391939989828
1780985392056501523,true,false,3,3,0,255,255,0,0.0,true,1780985392054082132
1780985392155912235,true,false,3,3,0,255,255,0,0.0,true,1780985392054082132
1780985392256080539,true,false,3,3,0,255,255,0,0.0,true,1780985392249641222
1780985392356018557,true,false,3,3,0,255,255,0,0.0,true,1780985392331993197
1780985392456054958,true,false,3,3,0,255,255,0,0.0,true,1780985392331993197
1780985392556279295,true,false,3,3,0,255,255,0,0.0,true,1780985392546715780
1780985392659519495,true,false,3,3,0,255,255,0,0.0,true,1780985392620824908
1780985392756427836,true,false,3,3,0,255,255,0,0.0,true,1780985392620824908
1780985392856584211,true,false,3,3,0,255,255,0,0.0,true,1780985392849043617
1780985392956442657,true,false,3,3,0,255,255,0,0.0,true,1780985392896733044
1780985393055892793,true,false,3,3,0,255,255,0,0.0,true,1780985392896733044
1780985393155967166,true,false,3,3,0,255,255,0,0.0,true,1780985393149093722
1780985393255908294,true,false,3,3,0,255,255,0,0.0,true,1780985393175498250
1780985393355812704,true,false,3,3,0,0,0,0,0.0,true,1780985393349330875
1780985393455861230,true,false,3,3,0,0,0,0,0.0,true,1780985393427116663
1780985393556639375,true,false,3,3,0,255,255,0,0.0,true,1780985393457279210
1780985393656615725,true,false,3,3,0,255,255,0,0.0,true,1780985393655105918
1780985393755882978,true,false,3,3,0,0,0,0,0.0,true,1780985393740361000
1780985393856524513,true,false,3,3,0,0,0,0,0.0,true,1780985393740361000
1780985393955998821,true,false,3,3,0,0,0,0,0.0,true,1780985393943069733
1780985394056659417,true,false,3,3,0,255,255,0,0.0,true,1780985394033056932
1780985394155896244,true,false,3,3,0,255,255,0,0.0,true,1780985394057500450
1780985394256408984,true,false,3,3,0,255,255,0,0.0,true,1780985394244601520
1780985394358510054,true,false,3,3,0,255,255,0,0.0,true,1780985394330334496
1780985394461538966,true,false,3,3,0,255,255,0,0.0,true,1780985394330334496
1780985394562018444,true,false,3,3,0,255,255,0,0.0,true,1780985394330334496
1780985394661818950,true,false,3,3,0,0,0,0,0.0,true,1780985394644683754
1780985394762484353,true,false,3,3,0,255,255,0,0.0,true,1780985394689534950
1780985394861705205,true,false,3,3,0,0,0,0,0.0,true,1780985394859237657
1780985394962541249,true,false,3,3,0,0,0,0,0.0,true,1780985394940248398
1780985395067536638,true,false,3,3,0,255,255,0,0.0,true,1780985394978146566
1780985395168645979,true,false,3,3,0,0,0,0,0.0,true,1780985395163155353
1780985395268536215,true,false,3,3,0,255,255,0,0.0,true,1780985395254741405
1780985395368603605,true,false,3,3,0,255,255,0,0.0,true,1780985395254741405
1780985395467976515,true,false,3,3,0,0,0,0,0.0,true,1780985395464438990
1780985395568000331,true,false,3,3,0,255,255,0,0.0,true,1780985395525270057
1780985395668678725,true,false,3,3,0,255,255,0,0.0,true,1780985395525270057
1780985395768520497,true,false,3,3,0,255,255,0,0.0,true,1780985395756100812
1780985395869135692,true,false,3,3,0,255,255,0,0.0,true,1780985395825635122
1780985395968040580,true,false,3,3,0,255,255,0,0.0,true,1780985395825635122
1780985396067760442,true,false,3,3,0,0,0,0,0.0,true,1780985396067643617
1780985396168399329,true,false,3,3,0,255,255,0,0.0,true,1780985396107051867
1780985396267815313,true,false,3,3,0,0,0,0,0.0,true,1780985396265319026
1780985396368533020,true,false,3,3,0,0,0,0,0.0,true,1780985396346884745
1780985396468507132,true,false,3,3,0,255,255,0,0.0,true,1780985396383388214
1780985396568518660,true,false,3,3,0,0,0,0,0.0,true,1780985396565017518
1780985396669798997,true,false,3,3,0,255,255,0,0.0,true,1780985396661154621
1780985396768773374,true,false,3,3,0,255,255,0,0.0,true,1780985396661154621
1780985396867959399,true,false,3,3,0,0,0,0,0.0,true,1780985396867693758
1780985396971183106,true,false,3,3,0,255,255,0,0.0,true,1780985396948547140
1780985397068327615,true,false,3,3,0,255,255,0,0.0,true,1780985396948547140
1780985397167707620,true,false,3,3,0,255,255,0,0.0,true,1780985397161258537
1780985397267814281,true,false,3,3,0,255,255,0,0.0,true,1780985397227743547
1780985397368418642,true,false,3,3,0,255,255,0,0.0,true,1780985397227743547
1780985397468060408,true,false,3,3,0,0,0,0,0.0,true,1780985397466570026
1780985397568495029,true,false,3,3,0,255,255,0,0.0,true,1780985397504895586
1780985397668579253,true,false,3,3,0,0,0,0,0.0,true,1780985397666118208
1780985397768074115,true,false,3,3,0,255,255,0,0.0,true,1780985397759036479
1780985397870785658,true,false,3,3,0,255,255,0,0.0,true,1780985397778237750
1780985397967873588,true,false,3,3,0,0,0,0,0.0,true,1780985397967863713
1780985398069717858,true,false,3,3,0,255,255,0,0.0,true,1780985398058909491
1780985398167859701,true,false,3,3,0,255,255,0,0.0,true,1780985398058909491
1780985398267877866,true,false,3,3,0,0,0,0,0.0,true,1780985398261266273
1780985398367985970,true,false,3,3,0,255,255,0,0.0,true,1780985398338344584
1780985398467819264,true,false,3,3,0,255,255,0,0.0,true,1780985398338344584
1780985398567999328,true,false,3,3,0,0,0,0,0.0,true,1780985398558546468
1780985398667876253,true,false,3,3,0,255,255,0,0.0,true,1780985398618801483
1780985398768488120,true,false,3,3,0,255,255,0,0.0,true,1780985398618801483
1780985398868433106,true,false,3,3,0,0,0,0,0.0,true,1780985398857942197
1780985398967929446,true,false,3,3,0,255,255,0,0.0,true,1780985398897918687
1780985399068755628,true,false,3,3,0,0,0,0,0.0,true,1780985399063970536
1780985399167807225,true,false,3,3,0,255,255,0,0.0,true,1780985399146038680
1780985399269877228,true,false,3,3,0,255,255,0,0.0,true,1780985399176376836
1780985399368459467,true,false,3,3,0,0,0,0,0.0,true,1780985399358993937
1780985399472736037,true,false,3,3,0,255,255,0,0.0,true,1780985399454743034
1780985399574202491,true,false,3,3,0,255,255,0,0.0,true,1780985399454743034
1780985399673641531,true,false,3,3,0,255,255,0,0.0,true,1780985399672536609
1780985399773823222,true,false,3,3,0,255,255,0,0.0,true,1780985399733078392
1780985399873797795,true,false,3,3,0,255,255,0,0.0,true,1780985399733078392
1780985399974517270,true,false,3,3,0,0,0,0,0.0,true,1780985399972985186
1780985400073686617,true,false,3,3,0,0,0,0,0.0,true,1780985400052120693
1780985400174763682,true,false,3,3,0,255,255,0,0.0,true,1780985400084425144
1780985400274500849,true,false,3,3,0,0,0,0,0.0,true,1780985400255898827
1780985400373946860,true,false,3,3,0,255,255,0,0.0,true,1780985400360822505
1780985400473730626,true,false,3,3,0,255,255,0,0.0,true,1780985400379093248
1780985400574301017,true,false,3,3,0,0,0,0,0.0,true,1780985400574243379
1780985400674525144,true,false,3,3,0,255,255,0,0.0,true,1780985400669685447
1780985400774014314,true,false,3,3,0,255,255,0,0.0,true,1780985400669685447
1780985400874389053,true,false,3,3,0,0,0,0,0.0,true,1780985400870955922
1780985400976547944,true,false,3,3,0,255,255,0,0.0,true,1780985400950058261
1780985401074090588,true,false,3,3,0,255,255,0,0.0,true,1780985400950058261
1780985401174488389,true,false,3,3,0,255,255,0,0.0,true,1780985401169065083
1780985401273827852,true,false,3,3,0,255,255,0,0.0,true,1780985401250368197
1780985401374052233,true,false,3,3,0,255,255,0,0.0,true,1780985401250368197
1780985401473964469,true,false,3,3,0,255,255,0,0.0,true,1780985401470922630
1780985401573819288,true,false,3,3,0,255,255,0,0.0,true,1780985401538363338
1780985401674312373,true,false,3,3,0,255,255,0,0.0,true,1780985401538363338
1780985401773756774,true,false,3,3,0,0,0,0,0.0,true,1780985401763206110
1780985401873787960,true,false,3,3,0,255,255,0,0.0,true,1780985401823670190
1780985401974330037,true,false,3,3,0,255,255,0,0.0,true,1780985401823670190
1780985402074329583,true,false,3,3,0,0,0,0,0.0,true,1780985402065638527
1780985402173884637,true,false,3,3,0,255,255,0,0.0,true,1780985402105367989
1780985402274016352,true,false,3,3,0,255,255,0,0.0,true,1780985402105367989
1780985402374073072,true,false,3,3,0,255,255,0,0.0,true,1780985402369751907
1780985402474450578,true,false,3,3,0,255,255,0,0.0,true,1780985402393443601
1780985402574106130,true,false,3,3,0,0,0,0,0.0,true,1780985402558199228
1780985402673995674,true,false,3,3,0,255,255,0,0.0,true,1780985402666728350
1780985402773833702,true,false,3,3,0,255,255,0,0.0,true,1780985402676703285
1780985402874637851,true,false,3,3,0,0,0,0,0.0,true,1780985402864962916
1780985402976507151,true,false,3,3,0,255,255,0,0.0,true,1780985402961173047
1780985403073755958,true,false,3,3,0,255,255,0,0.0,true,1780985402961173047
1780985403173741949,true,false,3,3,0,0,0,0,0.0,true,1780985403156749183
1780985403273889671,true,false,3,3,0,255,255,0,0.0,true,1780985403256705890
1780985403373821370,true,false,3,3,0,255,255,0,0.0,true,1780985403256705890
1780985403473916966,true,false,3,3,0,255,255,0,0.0,true,1780985403470624817
1780985403573785338,true,false,3,3,0,255,255,0,0.0,true,1780985403531946971
1780985403674117547,true,false,3,3,0,255,255,0,0.0,true,1780985403531946971
1780985403773901830,true,false,3,3,0,255,255,0,0.0,true,1780985403770500940
1780985403876506551,true,false,3,3,0,255,255,0,0.0,true,1780985403815285340
1780985403974123790,true,false,3,3,0,255,255,0,0.0,true,1780985403815285340
1780985404073816454,true,false,3,3,0,0,0,0,0.0,true,1780985404057737097
1780985404174438173,true,false,3,3,0,255,255,0,0.0,true,1780985404097747485
1780985404274562564,true,false,3,3,0,0,0,0,0.0,true,1780985404253629953
1780985404374006737,true,false,3,3,0,255,255,0,0.0,true,1780985404371522615
1780985404476459395,true,false,3,3,0,255,255,0,0.0,true,1780985404371522615
1780985404574250663,true,false,3,3,0,0,0,0,0.0,true,1780985404568653208
1780985404674679354,true,false,3,3,0,255,255,0,0.0,true,1780985404672738102
1780985404773900948,true,false,3,3,0,255,255,0,0.0,true,1780985404672738102
1780985404873810831,true,false,3,3,0,0,0,0,0.0,true,1780985404871030371
1780985404973904043,true,false,3,3,0,0,0,0,0.0,true,1780985404948289702
1780985405073802611,true,false,3,3,0,255,255,0,0.0,true,1780985404979387967
1780985405173748914,true,false,3,3,0,255,255,0,0.0,true,1780985405170180590
1780985405273843170,true,false,3,3,0,255,255,0,0.0,true,1780985405256495831
1780985405374210980,true,false,3,3,0,255,255,0,0.0,true,1780985405256495831
1780985405474521727,true,false,3,3,0,0,0,0,0.0,true,1780985405460634153
1780985405576607334,true,false,3,3,0,255,255,0,0.0,true,1780985405537806714
1780985405674092294,true,false,3,3,0,255,255,0,0.0,true,1780985405537806714
1780985405774461228,true,false,3,3,0,0,0,0,0.0,true,1780985405764748945
1780985405874428063,true,false,3,3,0,255,255,0,0.0,true,1780985405824781705
1780985405973788403,true,false,3,3,0,255,255,0,0.0,true,1780985405824781705
1780985406075529039,true,false,3,3,0,0,0,0,0.0,true,1780985406067517058
1780985406174211837,true,false,3,3,0,255,255,0,0.0,true,1780985406107726882
1780985406274170803,true,false,3,3,0,0,0,0,0.0,true,1780985406262370203
1780985406376569490,true,false,3,3,0,255,255,0,0.0,true,1780985406354906539
1780985406473867110,true,false,3,3,0,255,255,0,0.0,true,1780985406376446846
1780985406573742848,true,false,3,3,0,255,255,0,0.0,true,1780985406376446846
1780985406674329770,true,false,3,3,0,255,255,0,0.0,true,1780985406670978756
1780985406774533783,true,false,3,3,0,255,255,0,0.0,true,1780985406670978756
1780985406873962790,true,false,3,3,0,0,0,0,0.0,true,1780985406871223528
1780985406973822124,true,false,3,3,0,0,0,0,0.0,true,1780985406950699676
1780985407076578511,true,false,3,3,0,255,255,0,0.0,true,1780985406988585362
1780985407174335879,true,false,3,3,0,0,0,0,0.0,true,1780985407154589113
1780985407273762063,true,false,3,3,0,255,255,0,0.0,true,1780985407269868257
1780985407373686918,true,false,3,3,0,255,255,0,0.0,true,1780985407269868257
1780985407474402693,true,false,3,3,0,0,0,0,0.0,true,1780985407473004609
1780985407579565039,true,false,3,3,0,255,255,0,0.0,true,1780985407552950712
1780985407680109008,true,false,3,3,0,255,255,0,0.0,true,1780985407552950712
1780985407780415937,true,false,3,3,0,0,0,0,0.0,true,1780985407775977278
1780985407880095108,true,false,3,3,0,255,255,0,0.0,true,1780985407839805309
1780985407980433412,true,false,3,3,0,255,255,0,0.0,true,1780985407839805309
1780985408080297911,true,false,3,3,0,0,0,0,0.0,true,1780985408077898411
1780985408180573442,true,false,3,3,0,255,255,0,0.0,true,1780985408114862162
1780985408280325418,true,false,3,3,0,0,0,0,0.0,true,1780985408278870108
1780985408379730423,true,false,3,3,0,0,0,0,0.0,true,1780985408356980785
1780985408480534407,true,false,3,3,0,255,255,0,0.0,true,1780985408393277128
1780985408580147319,true,false,3,3,0,0,0,0,0.0,true,1780985408575715295
1780985408680373806,true,false,3,3,0,255,255,0,0.0,true,1780985408673592089
1780985408783518710,true,false,3,3,0,255,255,0,0.0,true,1780985408673592089
1780985408880358242,true,false,3,3,0,0,0,0,0.0,true,1780985408876955538
1780985408981533369,true,false,3,3,0,255,255,0,0.0,true,1780985408952624760
1780985409079871980,true,false,3,3,0,255,255,0,0.0,true,1780985408952624760
1780985409180494474,true,false,3,3,0,255,255,0,0.0,true,1780985408952624760
1780985409279891696,true,false,3,3,0,0,0,0,0.0,true,1780985409260638977
1780985409381499592,true,false,3,3,0,255,255,0,0.0,true,1780985409297533683
1780985409480495966,true,false,3,3,0,0,0,0,0.0,true,1780985409464615463
1780985409579746893,true,false,3,3,0,255,255,0,0.0,true,1780985409578123355
1780985409680565223,true,false,3,3,0,255,255,0,0.0,true,1780985409585229986
1780985409780453139,true,false,3,3,0,0,0,0,0.0,true,1780985409769925300
1780985409881532247,true,false,3,3,0,255,255,0,0.0,true,1780985409868120832
1780985409982080240,true,false,3,3,0,255,255,0,0.0,true,1780985409868120832
1780985410080075304,true,false,3,3,0,255,255,0,0.0,true,1780985410073464745
1780985410183524000,true,false,3,3,0,255,255,0,0.0,true,1780985410160020477
1780985410280254221,true,false,3,3,0,255,255,0,0.0,true,1780985410160020477
1780985410379877449,true,false,3,3,0,255,255,0,0.0,true,1780985410378417026
1780985410479875353,true,false,3,3,0,255,255,0,0.0,true,1780985410455324491
1780985410580534925,true,false,3,3,0,255,255,0,0.0,true,1780985410455324491
1780985410680038568,true,false,3,3,0,255,255,0,0.0,true,1780985410677550026
1780985410780521749,true,false,3,3,0,255,255,0,0.0,true,1780985410768800190
1780985410879834077,true,false,3,3,0,255,255,0,0.0,true,1780985410768800190
1780985410980145946,true,false,3,3,0,0,0,0,0.0,true,1780985410972547893
1780985411081108259,true,false,3,3,0,255,255,0,0.0,true,1780985411072059866
1780985411180570808,true,false,3,3,0,255,255,0,0.0,true,1780985411072059866
1780985411279899025,true,false,3,3,0,0,0,0,0.0,true,1780985411267207937
1780985411379882883,true,false,3,3,0,255,255,0,0.0,true,1780985411355001443
1780985411480062281,true,false,3,3,0,255,255,0,0.0,true,1780985411447964161
1780985411580155072,true,false,3,3,0,0,0,0,0.0,true,1780985411571409376
1780985411679804714,true,false,3,3,0,255,255,0,0.0,true,1780985411666225109
1780985411779856030,true,false,3,3,0,255,255,0,0.0,true,1780985411740996374
1780985411880215595,true,false,3,3,0,0,0,0,0.0,true,1780985411873621197
1780985411980096023,true,false,3,3,0,255,255,0,0.0,true,1780985411973580810
1780985412079786532,true,false,3,3,0,255,255,0,0.0,true,1780985411999428300
1780985412179705112,true,false,3,3,0,0,0,0,0.0,true,1780985412166896339
1780985412282536354,true,false,3,3,0,255,255,0,0.0,true,1780985412262717603
1780985412380622704,true,false,3,3,0,255,255,0,0.0,true,1780985412302785964
1780985412479798441,true,false,3,3,0,0,0,0,0.0,true,1780985412476065531
1780985412579927546,true,false,3,3,0,255,255,0,0.0,true,1780985412561959733
1780985412679890032,true,false,3,3,0,255,255,0,0.0,true,1780985412561959733
1780985412780092314,true,false,3,3,0,0,0,0,0.0,true,1780985412776347356
1780985412880548905,true,false,3,3,0,255,255,0,0.0,true,1780985412863961569
1780985412980128974,true,false,3,3,0,255,255,0,0.0,true,1780985412888294062
1780985413080409249,true,false,3,3,0,0,0,0,0.0,true,1780985413065710049
1780985413180459794,true,false,3,3,0,255,255,0,0.0,true,1780985413165102518
1780985413280510011,true,false,3,3,0,255,255,0,0.0,true,1780985413181783317
1780985413379996096,true,false,3,3,0,0,0,0,0.0,true,1780985413367243266
1780985413482703038,true,false,3,3,0,255,255,0,0.0,true,1780985413459511627
1780985413579806379,true,false,3,3,0,255,255,0,0.0,true,1780985413507160579
1780985413680637199,true,false,3,3,0,0,0,0,0.0,true,1780985413671898652
1780985413779950371,true,false,3,3,0,255,255,0,0.0,true,1780985413753772083
1780985413880313754,true,false,3,3,0,255,255,0,0.0,true,1780985413789803499
1780985413979940501,true,false,3,3,0,0,0,0,0.0,true,1780985413962857161
1780985414080182601,true,false,3,3,0,255,255,0,0.0,true,1780985414075461723
1780985414180335971,true,false,3,3,0,255,255,0,0.0,true,1780985414075461723
1780985414283540445,true,false,3,3,0,0,0,0,0.0,true,1780985414275956121
1780985414379801947,true,false,3,3,0,255,255,0,0.0,true,1780985414352048239
1780985414480414312,true,false,3,3,0,0,0,0,0.0,true,1780985414480293469
1780985414580105739,true,false,3,3,0,255,255,0,0.0,true,1780985414576587098
1780985414680423508,true,false,3,3,0,255,255,0,0.0,true,1780985414616386620
1780985414780380767,true,false,3,3,0,0,0,0,0.0,true,1780985414767731682
1780985414880021848,true,false,3,3,0,255,255,0,0.0,true,1780985414848331107
1780985414980567539,true,false,3,3,0,255,255,0,0.0,true,1780985414890911878
1780985415080285196,true,false,3,3,0,0,0,0,0.0,true,1780985415077731035
1780985415179849623,true,false,3,3,0,255,255,0,0.0,true,1780985415161878453
1780985415279758253,true,false,3,3,0,0,0,0,0.0,true,1780985415270161449
1780985415379846410,true,false,3,3,0,255,255,0,0.0,true,1780985415363139934
1780985415480553325,true,false,3,3,0,255,255,0,0.0,true,1780985415419001134
1780985415579953608,true,false,3,3,0,0,0,0,0.0,true,1780985415573396610
1780985415680682564,true,false,3,3,0,255,255,0,0.0,true,1780985415649922823
1780985415780276604,true,false,3,3,0,255,255,0,0.0,true,1780985415688691712
1780985415882674981,true,false,3,3,0,0,0,0,0.0,true,1780985415874666404
1780985415979899038,true,false,3,3,0,255,255,0,0.0,true,1780985415948140834
1780985416080598909,true,false,3,3,0,0,0,0,0.0,true,1780985416063822088
1780985416179714422,true,false,3,3,0,255,255,0,0.0,true,1780985416179459049
1780985416285764694,true,false,3,3,0,255,255,0,0.0,true,1780985416227729317
1780985416386838760,true,false,3,3,0,0,0,0,0.0,true,1780985416384282860
1780985416486895487,true,false,3,3,0,255,255,0,0.0,true,1780985416459163456
1780985416586846557,true,false,3,3,0,255,255,0,0.0,true,1780985416499316415
1780985416687526062,true,false,3,3,0,0,0,0,0.0,true,1780985416678957087
1780985416786769797,true,false,3,3,0,255,255,0,0.0,true,1780985416783190302
1780985416887168821,true,false,3,3,0,255,255,0,0.0,true,1780985416783190302
1780985416987550908,true,false,3,3,0,0,0,0,0.0,true,1780985416980747977
1780985417092147353,true,false,3,3,0,255,255,0,0.0,true,1780985417061702778
1780985417193501907,true,false,3,3,0,255,255,0,0.0,true,1780985417061702778
1780985417293503283,true,false,3,3,0,255,255,0,0.0,true,1780985417288967703
1780985417392756745,true,false,3,3,0,255,255,0,0.0,true,1780985417366579347
1780985417492792301,true,false,3,3,0,255,255,0,0.0,true,1780985417366579347
1780985417594522097,true,false,3,3,0,0,0,0,0.0,true,1780985417587489291
1780985417695506169,true,false,3,3,0,255,255,0,0.0,true,1780985417667258245
1780985417793430234,true,false,3,3,0,0,0,0,0.0,true,1780985417775667733
1780985417892809334,true,false,3,3,0,255,255,0,0.0,true,1780985417888037752
1780985417992784954,true,false,3,3,0,255,255,0,0.0,true,1780985417933238594
1780985418093227487,true,false,3,3,0,0,0,0,0.0,true,1780985418090565330
1780985418192819521,true,false,3,3,0,255,255,0,0.0,true,1780985418187874651
1780985418293562901,true,false,3,3,0,255,255,0,0.0,true,1780985418187874651
1780985418392976051,true,false,3,3,0,0,0,0,0.0,true,1780985418388534717
1780985418492892547,true,false,3,3,0,255,255,0,0.0,true,1780985418476610094
1780985418592753420,true,false,3,3,0,255,255,0,0.0,true,1780985418476610094
1780985418693376413,true,false,3,3,0,0,0,0,0.0,true,1780985418687451054
1780985418792925712,true,false,3,3,0,255,255,0,0.0,true,1780985418767372514
1780985418892992583,true,false,3,3,0,255,255,0,0.0,true,1780985418767372514
1780985418993060366,true,false,3,3,0,0,0,0,0.0,true,1780985418991677879
1780985419095003975,true,false,3,3,0,255,255,0,0.0,true,1780985419040811686
1780985419193150564,true,false,3,3,0,255,255,0,0.0,true,1780985419040811686
1780985419293142876,true,false,3,3,0,0,0,0,0.0,true,1780985419289448467
1780985419392819275,true,false,3,3,0,255,255,0,0.0,true,1780985419344489462
1780985419493238641,true,false,3,3,0,255,255,0,0.0,true,1780985419344489462
1780985419592696220,true,false,3,3,0,255,255,0,0.0,true,1780985419581934211
1780985419693739782,true,false,3,3,0,255,255,0,0.0,true,1780985419662486713
1780985419793499808,true,false,3,3,0,255,255,0,0.0,true,1780985419662486713
1780985419892899759,true,false,3,3,0,0,0,0,0.0,true,1780985419880359095
1780985419993221823,true,false,3,3,0,255,255,0,0.0,true,1780985419939540210
1780985420093041566,true,false,3,3,0,255,255,0,0.0,true,1780985419939540210
1780985420193090855,true,false,3,3,0,0,0,0,0.0,true,1780985420186303560
1780985420293340287,true,false,3,3,0,255,255,0,0.0,true,1780985420228030736
1780985420393403061,true,false,3,3,0,255,255,0,0.0,true,1780985420228030736
1780985420493380335,true,false,3,3,0,0,0,0,0.0,true,1780985420493253265
1780985420593553920,true,false,3,3,0,255,255,0,0.0,true,1780985420528698250
1780985420693307050,true,false,3,3,0,255,255,0,0.0,true,1780985420528698250
1780985420792715190,true,false,3,3,0,0,0,0,0.0,true,1780985420780100097
1780985420893318538,true,false,3,3,0,255,255,0,0.0,true,1780985420818714418
1780985420993044417,true,false,3,3,0,0,0,0,0.0,true,1780985420981339785
1780985421092707328,true,false,3,3,0,0,0,0,0.0,true,1780985421060659016
1780985421192837900,true,false,3,3,0,255,255,0,0.0,true,1780985421100713022
1780985421293390537,true,false,3,3,0,255,255,0,0.0,true,1780985421100713022
1780985421393316762,true,false,3,3,0,255,255,0,0.0,true,1780985421383429387
1780985421493196909,true,false,3,3,0,255,255,0,0.0,true,1780985421406317896
1780985421593664304,true,false,3,3,0,0,0,0,0.0,true,1780985421592058071
1780985421693511572,true,false,3,3,0,255,255,0,0.0,true,1780985421685206940
1780985421793303975,true,false,3,3,0,255,255,0,0.0,true,1780985421685206940
1780985421892691246,true,false,3,3,0,255,255,0,0.0,true,1780985421886156667
1780985421993546358,true,false,3,3,0,255,255,0,0.0,true,1780985421953673016
1780985422093391486,true,false,3,3,0,255,255,0,0.0,true,1780985421953673016
1780985422192872997,true,false,3,3,0,255,255,0,0.0,true,1780985422190355607
1780985422293168008,true,false,3,3,0,255,255,0,0.0,true,1780985422240585529
1780985422393509025,true,false,3,3,0,255,255,0,0.0,true,1780985422240585529
1780985422492940597,true,false,3,3,0,0,0,0,0.0,true,1780985422483932949
1780985422593218063,true,false,3,3,0,255,255,0,0.0,true,1780985422548090551
1780985422693413159,true,false,3,3,0,255,255,0,0.0,true,1780985422548090551
1780985422792788688,true,false,3,3,0,0,0,0,0.0,true,1780985422790354963
1780985422892834006,true,false,3,3,0,255,255,0,0.0,true,1780985422856820978
1780985422993022236,true,false,3,3,0,255,255,0,0.0,true,1780985422856820978
1780985423093196387,true,false,3,3,0,255,255,0,0.0,true,1780985423077578613
1780985423193222581,true,false,3,3,0,255,255,0,0.0,true,1780985423139996481
1780985423293500014,true,false,3,3,0,255,255,0,0.0,true,1780985423139996481
1780985423393540885,true,false,3,3,0,0,0,0,0.0,true,1780985423385987427
1780985423493605144,true,false,3,3,0,255,255,0,0.0,true,1780985423445420199
1780985423592756904,true,false,3,3,0,255,255,0,0.0,true,1780985423445420199
1780985423693022879,true,false,3,3,0,255,255,0,0.0,true,1780985423691642654
1780985423792912636,true,false,3,3,0,255,255,0,0.0,true,1780985423734706285
1780985423892690347,true,false,3,3,0,255,255,0,0.0,true,1780985423734706285
1780985423995651074,true,false,3,3,0,0,0,0,0.0,true,1780985423972648032
1780985424092688856,true,false,3,3,0,255,255,0,0.0,true,1780985424016340659
1780985424193112322,true,false,3,3,0,0,0,0,0.0,true,1780985424175448373
1780985424292783385,true,false,3,3,0,255,255,0,0.0,true,1780985424291265046
1780985424393107111,true,false,3,3,0,255,255,0,0.0,true,1780985424291265046
1780985424492801178,true,false,3,3,0,0,0,0,0.0,true,1780985424487043938
1780985424592982018,true,false,3,3,0,255,255,0,0.0,true,1780985424581509223
1780985424692941261,true,false,3,3,0,255,255,0,0.0,true,1780985424581509223
1780985424793419038,true,false,3,3,0,0,0,0,0.0,true,1780985424776758985
1780985424893405540,true,false,3,3,0,255,255,0,0.0,true,1780985424886868950
1780985424993161611,true,false,3,3,0,255,255,0,0.0,true,1780985424886868950
1780985425092925184,true,false,3,3,0,0,0,0,0.0,true,1780985425091379242
1780985425193813837,true,false,3,3,0,255,255,0,0.0,true,1780985425152273014
1780985425293284678,true,false,3,3,0,255,255,0,0.0,true,1780985425152273014
1780985425393065574,true,false,3,3,0,0,0,0,0.0,true,1780985425388636597
1780985425492924788,true,false,3,3,0,255,255,0,0.0,true,1780985425430576408
1780985425593485965,true,false,3,3,0,255,255,0,0.0,true,1780985425430576408
1780985425693289344,true,false,3,3,0,255,255,0,0.0,true,1780985425684542988
1780985425795545308,true,false,3,3,0,255,255,0,0.0,true,1780985425728414209
1780985425893370106,true,false,3,3,0,255,255,0,0.0,true,1780985425728414209
1780985425993177587,true,false,3,3,0,0,0,0,0.0,true,1780985425984547971
1780985426094513816,true,false,3,3,0,255,255,0,0.0,true,1780985426045878619
1780985426192775286,true,false,3,3,0,255,255,0,0.0,true,1780985426045878619
1780985426292855686,true,false,3,3,0,0,0,0,0.0,true,1780985426284168436
1780985426392856696,true,false,3,3,0,255,255,0,0.0,true,1780985426327028778
1780985426493026121,true,false,3,3,0,255,255,0,0.0,true,1780985426327028778
1780985426593484130,true,false,3,3,0,0,0,0,0.0,true,1780985426592072128
1780985426693230405,true,false,3,3,0,255,255,0,0.0,true,1780985426632879007
1780985426792884025,true,false,3,3,0,255,255,0,0.0,true,1780985426632879007
1780985426892868871,true,false,3,3,0,0,0,0,0.0,true,1780985426880562969
1780985426993355380,true,false,3,3,0,255,255,0,0.0,true,1780985426915931779
1780985427092980624,true,false,3,3,0,0,0,0,0.0,true,1780985427089518925
1780985427193635530,true,false,3,3,0,255,255,0,0.0,true,1780985427177974915
1780985427295534830,true,false,3,3,0,255,255,0,0.0,true,1780985427201122348
1780985427393270026,true,false,3,3,0,0,0,0,0.0,true,1780985427376410125
1780985427492859280,true,false,3,3,0,255,255,0,0.0,true,1780985427465815047
1780985427600715760,true,false,3,3,0,255,255,0,0.0,true,1780985427497012375
1780985427701919036,true,false,3,3,0,255,255,0,0.0,true,1780985427497012375
1780985427802129445,true,false,3,3,0,0,0,0,0.0,true,1780985427798415658
1780985427902295583,true,false,3,3,0,255,255,0,0.0,true,1780985427834370604
1780985428001765754,true,false,3,3,0,255,255,0,0.0,true,1780985427834370604
1780985428102339875,true,false,3,3,0,0,0,0,0.0,true,1780985428098753554
1780985428202266291,true,false,3,3,0,255,255,0,0.0,true,1780985428157165048
1780985428302526038,true,false,3,3,0,255,255,0,0.0,true,1780985428157165048
1780985428402041333,true,false,3,3,0,255,255,0,0.0,true,1780985428388024034
1780985428502572781,true,false,3,3,0,255,255,0,0.0,true,1780985428460748763
1780985428602527616,true,false,3,3,0,255,255,0,0.0,true,1780985428460748763
1780985428702723401,true,false,3,3,0,255,255,0,0.0,true,1780985428694059886
1780985428802268769,true,false,3,3,0,255,255,0,0.0,true,1780985428744130094
1780985428902503887,true,false,3,3,0,255,255,0,0.0,true,1780985428744130094
1780985429005623557,true,false,3,3,0,0,0,0,0.0,true,1780985428996316516
1780985429103518369,true,false,3,3,0,255,255,0,0.0,true,1780985429038183747
1780985429202418732,true,false,3,3,0,255,255,0,0.0,true,1780985429038183747
1780985429302527897,true,false,3,3,0,255,255,0,0.0,true,1780985429293849565
1780985429402495838,true,false,3,3,0,255,255,0,0.0,true,1780985429351291587
1780985429501728031,true,false,3,3,0,255,255,0,0.0,true,1780985429351291587
1780985429602229171,true,false,3,3,0,255,255,0,0.0,true,1780985429591996618
1780985429701850988,true,false,3,3,0,255,255,0,0.0,true,1780985429677775026
1780985429802527736,true,false,3,3,0,255,255,0,0.0,true,1780985429677775026
1780985429902255526,true,false,3,3,0,255,255,0,0.0,true,1780985429897704380
1780985430002146753,true,false,3,3,0,255,255,0,0.0,true,1780985429962929481
1780985430102544879,true,false,3,3,0,255,255,0,0.0,true,1780985429962929481
1780985430202135212,true,false,3,3,0,255,255,0,0.0,true,1780985430195561811
1780985430301934839,true,false,3,3,0,255,255,0,0.0,true,1780985430242039162
1780985430401851878,true,false,3,3,0,255,255,0,0.0,true,1780985430242039162
1780985430502546070,true,false,3,3,0,0,0,0,0.0,true,1780985430488676760
1780985430601731229,true,false,3,3,0,255,255,0,0.0,true,1780985430526941292
1780985430701798658,true,false,3,3,0,255,255,0,0.0,true,1780985430526941292
1780985430801863389,true,false,3,3,0,255,255,0,0.0,true,1780985430786134649
1780985430902170212,true,false,3,3,0,255,255,0,0.0,true,1780985430828835894
1780985431003416354,true,false,3,3,0,255,255,0,0.0,true,1780985430828835894
1780985431102010378,true,false,3,3,0,0,0,0,0.0,true,1780985431092344909
1780985431202244264,true,false,3,3,0,255,255,0,0.0,true,1780985431158123891
1780985431301824687,true,false,3,3,0,255,255,0,0.0,true,1780985431158123891
1780985431402634910,true,false,3,3,0,0,0,0,0.0,true,1780985431396951094
1780985431504616231,true,false,3,3,0,255,255,0,0.0,true,1780985431498366735
1780985431601918755,true,false,3,3,0,255,255,0,0.0,true,1780985431498366735
1780985431702587651,true,false,3,3,0,0,0,0,0.0,true,1780985431701131069
1780985431802514950,true,false,3,3,0,255,255,0,0.0,true,1780985431771775016
1780985431902542112,true,false,3,3,0,255,255,0,0.0,true,1780985431771775016
1780985432001874636,true,false,3,3,0,0,0,0,0.0,true,1780985431997943407
1780985432103534625,true,false,3,3,0,255,255,0,0.0,true,1780985432064314955
1780985432202099931,true,false,3,3,0,255,255,0,0.0,true,1780985432064314955
1780985432302639844,true,false,3,3,0,255,255,0,0.0,true,1780985432298117195
1780985432402087507,true,false,3,3,0,255,255,0,0.0,true,1780985432345949147
1780985432502421425,true,false,3,3,0,255,255,0,0.0,true,1780985432345949147
1780985432602528565,true,false,3,3,0,0,0,0,0.0,true,1780985432590077493
1780985432701733553,true,false,3,3,0,255,255,0,0.0,true,1780985432663337299
1780985432801952602,true,false,3,3,0,0,0,0,0.0,true,1780985432800466984
1780985432902143613,true,false,3,3,0,255,255,0,0.0,true,1780985432899711501
1780985433002478405,true,false,3,3,0,255,255,0,0.0,true,1780985432934183331
1780985433102233655,true,false,3,3,0,0,0,0,0.0,true,1780985433087581376
1780985433201927241,true,false,3,3,0,255,255,0,0.0,true,1780985433166260301
1780985433302250048,true,false,3,3,0,255,255,0,0.0,true,1780985433203681684
1780985433403544496,true,false,3,3,0,0,0,0,0.0,true,1780985433388006505
1780985433502683292,true,false,3,3,0,255,255,0,0.0,true,1780985433465280532
1780985433602017494,true,false,3,3,0,0,0,0,0.0,true,1780985433591536910
1780985433702535320,true,false,3,3,0,255,255,0,0.0,true,1780985433691427493
1780985433802623775,true,false,3,3,0,255,255,0,0.0,true,1780985433728007399
1780985433902646326,true,false,3,3,0,0,0,0,0.0,true,1780985433898149077
1780985434001747533,true,false,3,3,0,255,255,0,0.0,true,1780985433992127058
1780985434102452199,true,false,3,3,0,255,255,0,0.0,true,1780985433992127058
1780985434202517364,true,false,3,3,0,0,0,0,0.0,true,1780985434186705273
1780985434302156499,true,false,3,3,0,255,255,0,0.0,true,1780985434259023650
1780985434402182610,true,false,3,3,0,0,0,0,0.0,true,1780985434397348918
1780985434503511275,true,false,3,3,0,255,255,0,0.0,true,1780985434499572448
1780985434601775306,true,false,3,3,0,255,255,0,0.0,true,1780985434499572448
1780985434702038691,true,false,3,3,0,0,0,0,0.0,true,1780985434692645140
1780985434804526426,true,false,3,3,0,255,255,0,0.0,true,1780985434771485528
1780985434902740664,true,false,3,3,0,255,255,0,0.0,true,1780985434771485528
1780985435002157143,true,false,3,3,0,255,255,0,0.0,true,1780985434999675474
1780985435102519218,true,false,3,3,0,255,255,0,0.0,true,1780985435051941118
1780985435201984415,true,false,3,3,0,255,255,0,0.0,true,1780985435051941118
1780985435302542568,true,false,3,3,0,0,0,0,0.0,true,1780985435292602320
1780985435403533886,true,false,3,3,0,255,255,0,0.0,true,1780985435325350969
1780985435502122056,true,false,3,3,0,0,0,0,0.0,true,1780985435485400609
1780985435604525608,true,false,3,3,0,255,255,0,0.0,true,1780985435597461150
1780985435701950932,true,false,3,3,0,255,255,0,0.0,true,1780985435597461150
1780985435801727199,true,false,3,3,0,255,255,0,0.0,true,1780985435790436903
1780985435901820550,true,false,3,3,0,255,255,0,0.0,true,1780985435878710675
1780985436002225193,true,false,3,3,0,255,255,0,0.0,true,1780985435878710675
1780985436102486687,true,false,3,3,0,0,0,0,0.0,true,1780985436098124169
1780985436202402527,true,false,3,3,0,255,255,0,0.0,true,1780985436165263786
1780985436302477348,true,false,3,3,0,255,255,0,0.0,true,1780985436165263786
1780985436401915156,true,false,3,3,0,255,255,0,0.0,true,1780985436399456555
1780985436502338095,true,false,3,3,0,255,255,0,0.0,true,1780985436443173733
1780985436602139541,true,false,3,3,0,255,255,0,0.0,true,1780985436443173733
1780985436702607053,true,false,3,3,0,0,0,0,0.0,true,1780985436686869810
1780985436802539460,true,false,3,3,0,255,255,0,0.0,true,1780985436718273183
1780985436901830371,true,false,3,3,0,0,0,0,0.0,true,1780985436896347509
1780985437002562148,true,false,3,3,0,255,255,0,0.0,true,1780985436989540202
1780985437102582726,true,false,3,3,0,255,255,0,0.0,true,1780985436989540202
1780985437202598143,true,false,3,3,0,255,255,0,0.0,true,1780985437196140242
1780985437301825640,true,false,3,3,0,255,255,0,0.0,true,1780985437261529624
1780985437402324757,true,false,3,3,0,255,255,0,0.0,true,1780985437261529624
1780985437502401956,true,false,3,3,0,0,0,0,0.0,true,1780985437497996234
1780985437602006962,true,false,3,3,0,255,255,0,0.0,true,1780985437531197332
1780985437701734197,true,false,3,3,0,0,0,0,0.0,true,1780985437693217192
1780985437802360525,true,false,3,3,0,255,255,0,0.0,true,1780985437777726206
1780985437901973015,true,false,3,3,0,255,255,0,0.0,true,1780985437803947393
1780985438001960502,true,false,3,3,0,255,255,0,0.0,true,1780985437996089077
1780985438101894537,true,false,3,3,0,255,255,0,0.0,true,1780985438082862092
1780985438202006338,true,false,3,3,0,255,255,0,0.0,true,1780985438082862092
1780985438302418774,true,false,3,3,0,0,0,0,0.0,true,1780985438299807364
1780985438401758609,true,false,3,3,0,255,255,0,0.0,true,1780985438355007507
1780985438501732899,true,false,3,3,0,255,255,0,0.0,true,1780985438355007507
1780985438601754458,true,false,3,3,0,0,0,0,0.0,true,1780985438597296594
1780985438702106910,true,false,3,3,0,255,255,0,0.0,true,1780985438674509219
1780985438802369654,true,false,3,3,0,255,255,0,0.0,true,1780985438674509219
1780985438902172688,true,false,3,3,0,0,0,0,0.0,true,1780985438896728146
1780985439002119711,true,false,3,3,0,255,255,0,0.0,true,1780985438953282811
1780985439102462562,true,false,3,3,0,255,255,0,0.0,true,1780985438953282811
1780985439204755788,true,false,3,3,0,255,255,0,0.0,true,1780985439194963254
1780985439302056284,true,false,3,3,0,255,255,0,0.0,true,1780985439236240600
1780985439402042182,true,false,3,3,0,0,0,0,0.0,true,1780985439391561886
1780985439501831384,true,false,3,3,0,0,0,0,0.0,true,1780985439472785418
1780985439601860964,true,false,3,3,0,255,255,0,0.0,true,1780985439509164495
1780985439702629468,true,false,3,3,0,255,255,0,0.0,true,1780985439699126442
1780985439804510201,true,false,3,3,0,255,255,0,0.0,true,1780985439783887868
1780985439902251379,true,false,3,3,0,255,255,0,0.0,true,1780985439783887868
1780985440002196242,true,false,3,3,0,255,255,0,0.0,true,1780985439991678515
1780985440101869398,true,false,3,3,0,255,255,0,0.0,true,1780985440057752571
1780985440202480117,true,false,3,3,0,255,255,0,0.0,true,1780985440057752571
1780985440301661423,true,false,3,3,0,0,0,0,0.0,true,1780985440301388634
1780985440402095711,true,false,3,3,0,255,255,0,0.0,true,1780985440333830911
1780985440501962809,true,false,3,3,0,0,0,0,0.0,true,1780985440495514956
1780985440602545474,true,false,3,3,0,255,255,0,0.0,true,1780985440582758057
1780985440701927649,true,false,3,3,0,255,255,0,0.0,true,1780985440611561160
1780985440802104383,true,false,3,3,0,0,0,0,0.0,true,1780985440789433615
1780985440902005608,true,false,3,3,0,255,255,0,0.0,true,1780985440899224712
1780985441002539372,true,false,3,3,0,255,255,0,0.0,true,1780985440899224712
1780985441101925391,true,false,3,3,0,0,0,0,0.0,true,1780985441098489812
1780985441201856783,true,false,3,3,0,0,0,0,0.0,true,1780985441177279849
1780985441302498005,true,false,3,3,0,255,255,0,0.0,true,1780985441208830492
1780985441401981267,true,false,3,3,0,0,0,0,0.0,true,1780985441383243190
1780985441503526902,true,false,3,3,0,255,255,0,0.0,true,1780985441496208678
1780985441603202345,true,false,3,3,0,255,255,0,0.0,true,1780985441496208678
1780985441701679332,true,false,3,3,0,0,0,0,0.0,true,1780985441699229153
1780985441806548015,true,false,3,3,0,255,255,0,0.0,true,1780985441777435291
1780985441907302323,true,false,3,3,0,255,255,0,0.0,true,1780985441777435291
1780985442006783144,true,false,3,3,0,255,255,0,0.0,true,1780985442001099209
1780985442108528659,true,false,3,3,0,255,255,0,0.0,true,1780985442047655455
1780985442207179967,true,false,3,3,0,255,255,0,0.0,true,1780985442047655455
1780985442306676857,true,false,3,3,0,255,255,0,0.0,true,1780985442303622441
1780985442407275193,true,false,3,3,0,255,255,0,0.0,true,1780985442324187278
1780985442507491349,true,false,3,3,0,0,0,0,0.0,true,1780985442503976003
1780985442609943855,true,false,3,3,0,255,255,0,0.0,true,1780985442599798431
1780985442706834562,true,false,3,3,0,255,255,0,0.0,true,1780985442599798431
1780985442807094677,true,false,3,3,0,0,0,0,0.0,true,1780985442804687848
1780985442906935483,true,false,3,3,0,194,194,0,0.0,true,1780985442886713755
1780985443007949161,true,false,3,3,0,194,194,0,0.0,true,1780985442886713755
1780985443107617454,true,false,3,3,0,179,179,0,0.0,true,1780985443102036748
1780985443209722683,true,false,3,3,0,118,118,0,0.0,true,1780985443190004845
1780985443306958574,true,false,3,3,0,118,118,0,0.0,true,1780985443190004845
1780985443406843033,true,false,3,3,0,0,0,0,0.0,true,1780985443400235551
1780985443509779276,true,false,3,3,0,42,42,0,0.0,true,1780985443476021878
1780985443607070968,true,false,3,3,0,42,42,0,0.0,true,1780985443476021878
1780985443707362927,true,false,3,3,0,10,10,0,0.0,true,1780985443704891952
1780985443807142768,true,false,3,3,0,3,3,0,0.0,true,1780985443754299819
1780985443907500098,true,false,3,3,0,3,3,0,0.0,true,1780985443754299819
1780985444007219708,true,false,3,3,0,0,0,0,0.0,true,1780985444004742273
1780985444106907792,true,false,3,3,0,0,0,0,0.0,true,1780985444029133207
1780985444206774445,true,false,3,3,0,0,0,0,0.0,true,1780985444190264235
1780985444306832334,true,false,3,3,0,0,0,0,0.0,true,1780985444303245192
1780985444406745893,true,false,3,3,0,0,0,0,0.0,true,1780985444303245192
1780985444506945494,true,false,3,3,0,0,0,0,0.0,true,1780985444502377330
1780985444607057112,true,false,3,3,0,0,0,0,0.0,true,1780985444602018007
1780985444707620058,true,false,3,3,0,0,0,0,0.0,true,1780985444602018007
1780985444807051210,true,false,3,3,0,0,0,0,0.0,true,1780985444805466700
1780985444907548834,true,false,3,3,0,0,0,0,0.0,true,1780985444877590490
1780985445007118798,true,false,3,3,0,0,0,0,0.0,true,1780985444877590490
1780985445107385681,true,false,3,3,0,0,0,0,0.0,true,1780985445101637325
1780985445206788660,true,false,3,3,0,0,0,0,0.0,true,1780985445161447555
1780985445307315700,true,false,3,3,0,0,0,0,0.0,true,1780985445161447555
1780985445407031431,true,false,3,3,0,0,0,0,0.0,true,1780985445399332788
1780985445507115322,true,false,3,3,0,0,0,0,0.0,true,1780985445436520556
1780985445607503446,true,false,3,3,0,0,0,0,0.0,true,1780985445595782119
1780985445706722284,true,false,3,3,0,0,0,0,0.0,true,1780985445705358691
1780985445806814139,true,false,3,3,0,0,0,0,0.0,true,1780985445713762773
1780985445906715618,true,false,3,3,0,0,0,0,0.0,true,1780985445901215089
1780985446011729267,true,false,3,3,0,0,0,0,0.0,true,1780985445988344065
1780985446113143914,true,false,3,3,0,0,0,0,0.0,true,1780985445988344065
1780985446212697866,true,false,3,3,0,0,0,0,0.0,true,1780985446208155702
1780985446317500160,true,false,3,3,0,0,0,0,0.0,true,1780985446264431814
1780985446418279070,true,false,3,3,0,0,0,0,0.0,true,1780985446264431814
1780985446517728259,true,false,3,3,0,0,0,0,0.0,true,1780985446516251880
1780985446618451878,true,false,3,3,0,0,0,0,0.0,true,1780985446557147815
1780985446717757979,true,false,3,3,0,0,0,0,0.0,true,1780985446557147815
1780985446818481209,true,false,3,3,0,0,0,0,0.0,true,1780985446814309128
1780985446922859635,true,false,3,3,0,0,0,0,0.0,true,1780985446839280623
1780985447024266963,true,false,3,3,0,0,0,0,0.0,true,1780985447024187176
1780985447124279025,true,false,3,3,0,0,0,0,0.0,true,1780985447121726694
1780985447223880141,true,false,3,3,0,0,0,0,0.0,true,1780985447121726694
1780985447324500748,true,false,3,3,0,0,0,0,0.0,true,1780985447315982440
1780985447424549384,true,false,3,3,0,0,0,0,0.0,true,1780985447413346734
1780985447524602867,true,false,3,3,0,0,0,0,0.0,true,1780985447413346734
1780985447623944295,true,false,3,3,0,0,0,0,0.0,true,1780985447621354692
1780985447723850867,true,false,3,3,0,0,0,0,0.0,true,1780985447688820332
1780985447823973256,true,false,3,3,0,0,0,0,0.0,true,1780985447688820332
1780985447924543159,true,false,3,3,0,0,0,0,0.0,true,1780985447912178819
1780985448024136632,true,false,3,3,0,0,0,0,0.0,true,1780985447972319455
1780985448124525065,true,false,3,3,0,0,0,0,0.0,true,1780985447972319455
1780985448224626789,true,false,3,3,0,0,0,0,0.0,true,1780985448210244116
1780985448323956996,true,false,3,3,0,0,0,0,0.0,true,1780985448247458039
1780985448424528826,true,false,3,3,0,0,0,0,0.0,true,1780985448405781523
1780985448523623921,true,false,3,3,0,0,0,0,0.0,true,1780985448523403349
1780985448623910785,true,false,3,3,0,0,0,0,0.0,true,1780985448523403349
1780985448723961258,true,false,3,3,0,0,0,0,0.0,true,1780985448719496454
1780985448823846456,true,false,3,3,0,0,0,0,0.0,true,1780985448795435251
1780985448924086178,true,false,3,3,0,0,0,0,0.0,true,1780985448795435251
1780985449023671199,true,false,3,3,0,0,0,0,0.0,true,1780985449023558976
1780985449124194058,true,false,3,3,0,0,0,0,0.0,true,1780985449068742921
1780985449224126170,true,false,3,3,0,0,0,0,0.0,true,1780985449068742921
1780985449324541241,true,false,3,3,0,0,0,0,0.0,true,1780985449308089669
1780985449424103788,true,false,3,3,0,0,0,0,0.0,true,1780985449345288082
1780985449523690652,true,false,3,3,0,0,0,0,0.0,true,1780985449507074218
1780985449624438893,true,false,3,3,0,0,0,0,0.0,true,1780985449622004749
1780985449724533943,true,false,3,3,0,0,0,0,0.0,true,1780985449622004749
1780985449824405936,true,false,3,3,0,0,0,0,0.0,true,1780985449819995466
1780985449923928235,true,false,3,3,0,0,0,0,0.0,true,1780985449896870465
1780985450024226277,true,false,3,3,0,0,0,0,0.0,true,1780985449896870465
1780985450124536266,true,false,3,3,0,0,0,0,0.0,true,1780985450116072338
1780985450223863444,true,false,3,3,0,0,0,0,0.0,true,1780985450171877341
1780985450324355422,true,false,3,3,0,0,0,0,0.0,true,1780985450171877341
1780985450426538732,true,false,3,3,0,0,0,0,0.0,true,1780985450415620361
1780985450524625493,true,false,3,3,0,0,0,0,0.0,true,1780985450445820196
1780985450624073929,true,false,3,3,0,0,0,0,0.0,true,1780985450606274997
1780985450724452795,true,false,3,3,0,0,0,0,0.0,true,1780985450719532222
1780985450824094585,true,false,3,3,0,0,0,0,0.0,true,1780985450719532222
1780985450923769201,true,false,3,3,0,0,0,0,0.0,true,1780985450912253962
1780985451024511722,true,false,3,3,0,0,0,0,0.0,true,1780985451012363161
1780985451124535122,true,false,3,3,0,0,0,0,0.0,true,1780985451012363161
1780985451224125933,true,false,3,3,0,0,0,0,0.0,true,1780985451211656833
1780985451326538911,true,false,3,3,0,0,0,0,0.0,true,1780985451306760393
1780985451424209222,true,false,3,3,0,0,0,0,0.0,true,1780985451306760393
1780985451523585299,true,false,3,3,0,0,0,0,0.0,true,1780985451523136098
1780985451624168897,true,false,3,3,0,0,0,0,0.0,true,1780985451579583690
1780985451723826276,true,false,3,3,0,0,0,0,0.0,true,1780985451579583690
1780985451824124349,true,false,3,3,0,0,0,0,0.0,true,1780985451820752701
1780985451924384527,true,false,3,3,0,0,0,0,0.0,true,1780985451854737148
1780985452024029403,true,false,3,3,0,0,0,0,0.0,true,1780985452013420882
1780985452123907754,true,false,3,3,0,0,0,0,0.0,true,1780985452106874115
1780985452223750713,true,false,3,3,0,0,0,0,0.0,true,1780985452126745559
1780985452324236058,true,false,3,3,0,0,0,0,0.0,true,1780985452318627150
1780985452424580242,true,false,3,3,0,0,0,0,0.0,true,1780985452407914894
1780985452524459491,true,false,3,3,0,0,0,0,0.0,true,1780985452407914894
1780985452624188745,true,false,3,3,0,0,0,0,0.0,true,1780985452603611726
1780985452724164714,true,false,3,3,0,0,0,0,0.0,true,1780985452720756545
1780985452824540884,true,false,3,3,0,0,0,0,0.0,true,1780985452720756545
1780985452923705517,true,false,3,3,0,0,0,0,0.0,true,1780985452917199296
1780985453023968732,true,false,3,3,0,0,0,0,0.0,true,1780985453002091061
1780985453123814444,true,false,3,3,0,0,0,0,0.0,true,1780985453002091061
1780985453223713498,true,false,3,3,0,0,0,0,0.0,true,1780985453216286068
1780985453324223108,true,false,3,3,0,0,0,0,0.0,true,1780985453276513858
1780985453424506675,true,false,3,3,0,0,0,0,0.0,true,1780985453276513858
1780985453524745599,true,false,3,3,0,0,0,0,0.0,true,1780985453523041229
1780985453624203178,true,false,3,3,0,0,0,0,0.0,true,1780985453583294568
1780985453723812207,true,false,3,3,0,0,0,0,0.0,true,1780985453583294568
1780985453823909336,true,false,3,3,0,0,0,0,0.0,true,1780985453823855286
1780985453928358595,true,false,3,3,0,0,0,0,0.0,true,1780985453906806804
1780985454029566512,true,false,3,3,0,0,0,0,0.0,true,1780985453906806804
1780985454129425467,true,false,3,3,0,0,0,0,0.0,true,1780985453906806804
1780985454230725458,true,false,3,3,0,0,0,0,0.0,true,1780985454218370558
1780985454329175303,true,false,3,3,0,0,0,0,0.0,true,1780985454218370558
1780985454429129714,true,false,3,3,0,0,0,0,0.0,true,1780985454218370558
1780985454528950534,true,false,3,3,0,0,0,0,0.0,true,1780985454523327342
1780985454629776714,true,false,3,3,0,0,0,0,0.0,true,1780985454569963589
1780985454729514095,true,false,3,3,0,0,0,0,0.0,true,1780985454569963589
1780985454829124354,true,false,3,3,0,0,0,0,0.0,true,1780985454826446268
1780985454929515706,true,false,3,3,0,0,0,0,0.0,true,1780985454925723352
1780985455029368521,true,false,3,3,0,0,0,0,0.0,true,1780985454925723352
1780985455128744459,true,false,3,3,0,0,0,0,0.0,true,1780985455113234981
1780985455229048455,true,false,3,3,0,0,0,0,0.0,true,1780985455195091486
1780985455329421403,true,false,3,3,0,0,0,0,0.0,true,1780985455195091486
1780985455428750409,true,false,3,3,0,0,0,0,0.0,true,1780985455419298651
1780985455529492361,true,false,3,3,0,0,0,0,0.0,true,1780985455527701739
1780985455629805300,true,false,3,3,0,0,0,0,0.0,true,1780985455527701739
1780985455728645368,true,false,3,3,0,0,0,0,0.0,true,1780985455728297305
1780985455830786879,true,false,3,3,0,0,0,0,0.0,true,1780985455814804224
1780985455929013804,true,false,3,3,0,0,0,0,0.0,true,1780985455814804224
1780985456029407305,true,false,3,3,0,0,0,0,0.0,true,1780985456029315999
1780985456129534446,true,false,3,3,0,0,0,0,0.0,true,1780985456120817991
1780985456229875763,true,false,3,3,0,0,0,0,0.0,true,1780985456120817991
1780985456329194756,true,false,3,3,0,0,0,0,0.0,true,1780985456326619015
1780985456429283142,true,false,3,3,0,0,0,0,0.0,true,1780985456427668168
1780985456529625852,true,false,3,3,0,0,0,0,0.0,true,1780985456427668168
1780985456629193726,true,false,3,3,0,0,0,0,0.0,true,1780985456614663044
1780985456729729016,true,false,3,3,0,0,0,0,0.0,true,1780985456709145346
1780985456830738889,true,false,3,3,0,0,0,0,0.0,true,1780985456730436707
1780985456929156354,true,false,3,3,0,0,0,0,0.0,true,1780985456922559269
1780985457029178147,true,false,3,3,0,0,0,0,0.0,true,1780985457003673818
1780985457129711448,true,false,3,3,0,0,0,0,0.0,true,1780985457046672988
1780985457229030331,true,false,3,3,0,0,0,0,0.0,true,1780985457046672988
1780985457329287961,true,false,3,3,0,0,0,0,0.0,true,1780985457314701583
1780985457429722212,true,false,3,3,0,0,0,0,0.0,true,1780985457372346689
1780985457528852828,true,false,3,3,0,0,0,0,0.0,true,1780985457372346689
1780985457629072175,true,false,3,3,0,0,0,0,0.0,true,1780985457621398034
1780985457729702842,true,false,3,3,0,0,0,0,0.0,true,1780985457688361666
1780985457834734643,true,false,3,3,0,0,0,0,0.0,true,1780985457688361666
1780985457935892831,true,false,3,3,0,0,0,0,0.0,true,1780985457932054284
1780985458036380145,true,false,3,3,0,0,0,0,0.0,true,1780985458029529109
1780985458136435890,true,false,3,3,0,0,0,0,0.0,true,1780985458029529109
1780985458235934062,true,false,3,3,0,0,0,0,0.0,true,1780985458227301984
1780985458335820817,true,false,3,3,0,0,0,0,0.0,true,1780985458308593726
1780985458436147129,true,false,3,3,0,0,0,0,0.0,true,1780985458308593726
1780985458535655647,true,false,3,3,0,0,0,0,0.0,true,1780985458535606599
1780985458637509862,true,false,3,3,0,0,0,0,0.0,true,1780985458598938506
1780985458735946375,true,false,3,3,0,0,0,0,0.0,true,1780985458598938506
1780985458836621627,true,false,3,3,0,0,0,0,0.0,true,1780985458834087421
1780985458938515028,true,false,3,3,0,0,0,0,0.0,true,1780985458878583151
1780985459035848476,true,false,3,3,0,0,0,0,0.0,true,1780985458878583151
1780985459137560285,true,false,3,3,0,0,0,0,0.0,true,1780985459126833070
1780985459235841187,true,false,3,3,0,0,0,0,0.0,true,1780985459163740498
1780985459336312938,true,false,3,3,0,0,0,0,0.0,true,1780985459163740498
1780985459435832874,true,false,3,3,0,0,0,0,0.0,true,1780985459417125918
1780985459536435968,true,false,3,3,0,0,0,0,0.0,true,1780985459458853093
1780985459636119964,true,false,3,3,0,0,0,0,0.0,true,1780985459629568404
1780985459735818159,true,false,3,3,0,0,0,0,0.0,true,1780985459708126309
1780985459836625822,true,false,3,3,0,0,0,0,0.0,true,1780985459749553478
1780985459936058973,true,false,3,3,0,0,0,0,0.0,true,1780985459930498759
1780985460037592617,true,false,3,3,0,0,0,0,0.0,true,1780985460031603795
1780985460138511753,true,false,3,3,0,0,0,0,0.0,true,1780985460031603795
1780985460236210764,true,false,3,3,0,0,0,0,0.0,true,1780985460230743959
1780985460338511645,true,false,3,3,0,0,0,0,0.0,true,1780985460312178545
1780985460436437518,true,false,3,3,0,0,0,0,0.0,true,1780985460312178545
1780985460535863330,true,false,3,3,0,0,0,0,0.0,true,1780985460529360873
1780985460637513621,true,false,3,3,0,0,0,0,0.0,true,1780985460587123541
1780985460736038959,true,false,3,3,0,0,0,0,0.0,true,1780985460587123541
1780985460837505715,true,false,3,3,0,0,0,0,0.0,true,1780985460825972594
1780985460936521410,true,false,3,3,0,0,0,0,0.0,true,1780985460859361444
1780985461036501854,true,false,3,3,0,0,0,0,0.0,true,1780985461022680836
1780985461136622977,true,false,3,3,0,0,0,0,0.0,true,1780985461133112373
1780985461235822039,true,false,3,3,0,0,0,0,0.0,true,1780985461133112373
1780985461336555412,true,false,3,3,0,0,0,0,0.0,true,1780985461333887558
1780985461435884214,true,false,3,3,0,0,0,0,0.0,true,1780985461407518096
1780985461536197828,true,false,3,3,0,0,0,0,0.0,true,1780985461407518096
1780985461635826084,true,false,3,3,0,0,0,0,0.0,true,1780985461632381497
1780985461735839079,true,false,3,3,0,0,0,0,0.0,true,1780985461712597363
1780985461835864709,true,false,3,3,0,0,0,0,0.0,true,1780985461712597363
1780985461936501457,true,false,3,3,0,0,0,0,0.0,true,1780985461926723788
1780985462036212550,true,false,3,3,0,0,0,0,0.0,true,1780985461992987773
1780985462135909251,true,false,3,3,0,0,0,0,0.0,true,1780985461992987773
1780985462236062275,true,false,3,3,0,0,0,0,0.0,true,1780985462226206824
1780985462335987416,true,false,3,3,0,0,0,0,0.0,true,1780985462275663360
1780985462435813972,true,false,3,3,0,0,0,0,0.0,true,1780985462435762935
1780985462535813653,true,false,3,3,0,0,0,0,0.0,true,1780985462514780887
1780985462641567622,true,false,3,3,0,0,0,0,0.0,true,1780985462555241674
1780985462742398131,true,false,3,3,0,0,0,0,0.0,true,1780985462742337544
1780985462842028334,true,false,3,3,0,0,0,0,0.0,true,1780985462841954710
1780985462941910303,true,false,3,3,0,0,0,0,0.0,true,1780985462841954710
1780985463041847467,true,false,3,3,0,0,0,0,0.0,true,1780985463041794405
1780985463141861087,true,false,3,3,0,0,0,0,0.0,true,1780985463119950899
1780985463242565885,true,false,3,3,0,0,0,0,0.0,true,1780985463119950899
1780985463341997046,true,false,3,3,0,0,0,0,0.0,true,1780985463340610253
1780985463446532186,true,false,3,3,0,0,0,0,0.0,true,1780985463396548343
1780985463542555943,true,false,3,3,0,0,0,0,0.0,true,1780985463396548343
1780985463644542580,true,false,3,3,0,0,0,0,0.0,true,1780985463637299815
1780985463743520151,true,false,3,3,0,0,0,0,0.0,true,1780985463670870906
1780985463842465445,true,false,3,3,0,0,0,0,0.0,true,1780985463670870906
1780985463942168523,true,false,3,3,0,0,0,0,0.0,true,1780985463934336610
1780985464041909634,true,false,3,3,0,0,0,0,0.0,true,1780985463953861262
1780985464142093751,true,false,3,3,0,0,0,0,0.0,true,1780985463953861262
1780985464242551496,true,false,3,3,0,0,0,0,0.0,true,1780985464239967889
1780985464342186028,true,false,3,3,0,0,0,0,0.0,true,1780985464289225075
1780985464442439825,true,false,3,3,0,0,0,0,0.0,true,1780985464289225075
1780985464542011401,true,false,3,3,0,0,0,0,0.0,true,1780985464541978459
1780985464642523812,true,false,3,3,0,0,0,0,0.0,true,1780985464583079254
1780985464742581471,true,false,3,3,0,0,0,0,0.0,true,1780985464583079254
1780985464842552687,true,false,3,3,0,0,0,0,0.0,true,1780985464833008242
1780985464942000139,true,false,3,3,0,0,0,0,0.0,true,1780985464885115019
1780985465042344040,true,false,3,3,0,0,0,0,0.0,true,1780985464885115019
1780985465144617507,true,false,3,3,0,0,0,0,0.0,true,1780985465136694955
1780985465242225966,true,false,3,3,0,0,0,0,0.0,true,1780985465171406566
1780985465342670075,true,false,3,3,0,0,0,0,0.0,true,1780985465171406566
1780985465442402299,true,false,3,3,0,0,0,0,0.0,true,1780985465429885588
1780985465542593829,true,false,3,3,0,0,0,0,0.0,true,1780985465452714707
1780985465642249651,true,false,3,3,0,0,0,0,0.0,true,1780985465452714707
1780985465742411858,true,false,3,3,0,0,0,0,0.0,true,1780985465726622704
1780985465841898388,true,false,3,3,0,0,0,0,0.0,true,1780985465746980370
1780985465942005275,true,false,3,3,0,0,0,0,0.0,true,1780985465746980370
1780985466042284187,true,false,3,3,0,0,0,0,0.0,true,1780985466042228971
1780985466144562876,true,false,3,3,0,0,0,0,0.0,true,1780985466042794149
1780985466242297649,true,false,3,3,0,0,0,0,0.0,true,1780985466042794149
1780985466341673575,true,false,3,3,0,0,0,0,0.0,true,1780985466337169094
1780985466441801852,true,false,3,3,0,0,0,0,0.0,true,1780985466408928219
1780985466542500946,true,false,3,3,0,0,0,0,0.0,true,1780985466408928219
1780985466642478199,true,false,3,3,0,0,0,0,0.0,true,1780985466637894214
1780985466742451038,true,false,3,3,0,0,0,0,0.0,true,1780985466714996516
1780985466842196111,true,false,3,3,0,0,0,0,0.0,true,1780985466748466140
1780985466941694681,true,false,3,3,0,0,0,0,0.0,true,1780985466940186900
1780985467041849328,true,false,3,3,0,0,0,0,0.0,true,1780985467038245075
1780985467141787642,true,false,3,3,0,0,0,0,0.0,true,1780985467038245075
1780985467242485355,true,false,3,3,0,0,0,0,0.0,true,1780985467238021463
1780985467342544724,true,false,3,3,0,0,0,0,0.0,true,1780985467331290759
1780985467441739368,true,false,3,3,0,0,0,0,0.0,true,1780985467331290759
1780985467542201489,true,false,3,3,0,0,0,0,0.0,true,1780985467542149907
1780985467641822752,true,false,3,3,0,0,0,0,0.0,true,1780985467606959379
1780985467741830038,true,false,3,3,0,0,0,0,0.0,true,1780985467606959379
1780985467842499304,true,false,3,3,0,0,0,0,0.0,true,1780985467840802410
1780985467944198073,true,false,3,3,0,0,0,0,0.0,true,1780985467873108799
1780985468042546271,true,false,3,3,0,0,0,0,0.0,true,1780985467873108799
1780985468142028434,true,false,3,3,0,0,0,0,0.0,true,1780985468139480622
1780985468242527866,true,false,3,3,0,0,0,0,0.0,true,1780985468162964158
1780985468341681914,true,false,3,3,0,0,0,0,0.0,true,1780985468162964158
1780985468442485351,true,false,3,3,0,0,0,0,0.0,true,1780985468441169900
1780985468543536006,true,false,3,3,0,0,0,0,0.0,true,1780985468462542176
1780985468642306094,true,false,3,3,0,0,0,0,0.0,true,1780985468462542176
1780985468742162628,true,false,3,3,0,0,0,0,0.0,true,1780985468738110001
1780985468841824341,true,false,3,3,0,0,0,0,0.0,true,1780985468786724626
1780985468942305172,true,false,3,3,0,0,0,0,0.0,true,1780985468786724626
1780985469042547937,true,false,3,3,0,0,0,0,0.0,true,1780985469025408339
1780985469142512840,true,false,3,3,0,0,0,0,0.0,true,1780985469064113039
1780985469242502590,true,false,3,3,0,0,0,0,0.0,true,1780985469239721152
1780985469342228337,true,false,3,3,0,0,0,0,0.0,true,1780985469331110234
1780985469443547034,true,false,3,3,0,0,0,0,0.0,true,1780985469354734586
1780985469542231444,true,false,3,3,0,0,0,0,0.0,true,1780985469354734586
1780985469641883458,true,false,3,3,0,0,0,0,0.0,true,1780985469637275895
1780985469743557043,true,false,3,3,0,0,0,0,0.0,true,1780985469656284629
1780985469842032619,true,false,3,3,0,0,0,0,0.0,true,1780985469823348740
1780985469942534300,true,false,3,3,0,0,0,0,0.0,true,1780985469936411766
1780985470043547341,true,false,3,3,0,0,0,0,0.0,true,1780985469936411766
1780985470142275396,true,false,3,3,0,0,0,0,0.0,true,1780985470124564110
1780985470242029137,true,false,3,3,0,0,0,0,0.0,true,1780985470216864937
1780985470342506777,true,false,3,3,0,0,0,0,0.0,true,1780985470216864937
1780985470442582000,true,false,3,3,0,0,0,0,0.0,true,1780985470437076825
1780985470541966361,true,false,3,3,0,0,0,0,0.0,true,1780985470502005395
1780985470642304775,true,false,3,3,0,0,0,0,0.0,true,1780985470502005395
1780985470741585860,true,false,3,3,0,0,0,0,0.0,true,1780985470741247901
1780985470843555737,true,false,3,3,0,0,0,0,0.0,true,1780985470819245423
1780985470941992583,true,false,3,3,0,0,0,0,0.0,true,1780985470819245423
1780985471041995433,true,false,3,3,0,0,0,0,0.0,true,1780985471041965666
1780985471142530413,true,false,3,3,0,0,0,0,0.0,true,1780985471092922676
1780985471242291247,true,false,3,3,0,0,0,0,0.0,true,1780985471092922676
1780985471342202934,true,false,3,3,0,0,0,0,0.0,true,1780985471338478948
1780985471442429508,true,false,3,3,0,0,0,0,0.0,true,1780985471365706404
1780985471542141329,true,false,3,3,0,0,0,0,0.0,true,1780985471527450422
1780985471641850526,true,false,3,3,0,0,0,0,0.0,true,1780985471625134175
1780985471741811821,true,false,3,3,0,0,0,0,0.0,true,1780985471642086285
1780985471841757233,true,false,3,3,0,0,0,0,0.0,true,1780985471840288376
1780985471942606896,true,false,3,3,0,0,0,0,0.0,true,1780985471920486209
1780985472041987576,true,false,3,3,0,0,0,0,0.0,true,1780985471920486209
1780985472142572198,true,false,3,3,0,0,0,0,0.0,true,1780985472137105265
1780985472243528281,true,false,3,3,0,0,0,0,0.0,true,1780985472213487113
1780985472342064946,true,false,3,3,0,0,0,0,0.0,true,1780985472213487113
1780985472441745415,true,false,3,3,0,0,0,0,0.0,true,1780985472439227052
1780985472542202345,true,false,3,3,0,0,0,0,0.0,true,1780985472489756695
1780985472641715852,true,false,3,3,0,0,0,0,0.0,true,1780985472489756695
1780985472744546666,true,false,3,3,0,0,0,0,0.0,true,1780985472736219256
1780985472842213410,true,false,3,3,0,0,0,0,0.0,true,1780985472774906736
1780985472942340586,true,false,3,3,0,0,0,0,0.0,true,1780985472933847820
1780985473041801247,true,false,3,3,0,0,0,0,0.0,true,1780985473013146189
1780985473141798362,true,false,3,3,0,0,0,0,0.0,true,1780985473051975300
1780985473242628804,true,false,3,3,0,0,0,0,0.0,true,1780985473239030981
1780985473342309496,true,false,3,3,0,0,0,0,0.0,true,1780985473338511852
1780985473441975621,true,false,3,3,0,0,0,0,0.0,true,1780985473338511852
1780985473541694648,true,false,3,3,0,0,0,0,0.0,true,1780985473527015335
1780985473643719643,true,false,3,3,0,0,0,0,0.0,true,1780985473626580457
1780985473742197272,true,false,3,3,0,0,0,0,0.0,true,1780985473626580457
1780985473841792632,true,false,3,3,0,0,0,0,0.0,true,1780985473835242245
1780985473942141523,true,false,3,3,0,0,0,0,0.0,true,1780985473902782706
1780985474042462263,true,false,3,3,0,0,0,0,0.0,true,1780985473902782706
1780985474142514964,true,false,3,3,0,0,0,0,0.0,true,1780985474137673716
1780985474244530501,true,false,3,3,0,0,0,0,0.0,true,1780985474185889193
1780985474342409255,true,false,3,3,0,0,0,0,0.0,true,1780985474185889193
1780985474441856032,true,false,3,3,0,0,0,0,0.0,true,1780985474439369417
1780985474542235726,true,false,3,3,0,0,0,0,0.0,true,1780985474476637564
1780985474642157256,true,false,3,3,0,0,0,0,0.0,true,1780985474476637564
1780985474741809816,true,false,3,3,0,0,0,0,0.0,true,1780985474723111496
1780985474842527498,true,false,3,3,0,0,0,0,0.0,true,1780985474761848076
1780985474942642613,true,false,3,3,0,0,0,0,0.0,true,1780985474926936581
1780985475042412077,true,false,3,3,0,0,0,0,0.0,true,1780985475038562591
1780985475143621072,true,false,3,3,0,0,0,0,0.0,true,1780985475050278030
1780985475242568416,true,false,3,3,0,0,0,0,0.0,true,1780985475238920872
1780985475346158279,true,false,3,3,0,0,0,0,0.0,true,1780985475325584706
1780985475441919371,true,false,3,3,0,0,0,0,0.0,true,1780985475325584706
1780985475541898655,true,false,3,3,0,0,0,0,0.0,true,1780985475540173782
1780985475644548383,true,false,3,3,0,0,0,0,0.0,true,1780985475612640778
1780985475742536152,true,false,3,3,0,0,0,0,0.0,true,1780985475612640778
1780985475842491807,true,false,3,3,0,0,0,0,0.0,true,1780985475833055994
1780985475944523800,true,false,3,3,0,0,0,0,0.0,true,1780985475894222167
1780985476041946659,true,false,3,3,0,0,0,0,0.0,true,1780985475894222167
1780985476141790398,true,false,3,3,0,0,0,0,0.0,true,1780985476124060252
1780985476241858220,true,false,3,3,0,0,0,0,0.0,true,1780985476175689503
1780985476341742349,true,false,3,3,0,0,0,0,0.0,true,1780985476333112600
1780985476441808021,true,false,3,3,0,0,0,0,0.0,true,1780985476412344772
1780985476544749638,true,false,3,3,0,0,0,0,0.0,true,1780985476451743964
1780985476642537044,true,false,3,3,0,0,0,0,0.0,true,1780985476451743964
1780985476742070778,true,false,3,3,0,0,0,0,0.0,true,1780985476725212956
1780985476842544901,true,false,3,3,0,0,0,0,0.0,true,1780985476760704821
1780985476941811196,true,false,3,3,0,0,0,0,0.0,true,1780985476930278495
1780985477041969818,true,false,3,3,0,0,0,0,0.0,true,1780985477015140871
1780985477142558215,true,false,3,3,0,0,0,0,0.0,true,1780985477059659205
1780985477242099566,true,false,3,3,0,0,0,0,0.0,true,1780985477233669712
1780985477342589235,true,false,3,3,0,0,0,0,0.0,true,1780985477329536675
1780985477442103612,true,false,3,3,0,0,0,0,0.0,true,1780985477329536675
1780985477541861854,true,false,3,3,0,0,0,0,0.0,true,1780985477537015491
1780985477642755129,true,false,3,3,0,0,0,0,0.0,true,1780985477604403890
1780985477742658966,true,false,3,3,0,0,0,0,0.0,true,1780985477604403890
1780985477842163417,true,false,3,3,0,0,0,0,0.0,true,1780985477838802550
1780985477941845390,true,false,3,3,0,0,0,0,0.0,true,1780985477883691010
1780985478042325731,true,false,3,3,0,0,0,0,0.0,true,1780985477883691010
1780985478142302603,true,false,3,3,0,0,0,0,0.0,true,1780985478136645506
1780985478242666878,true,false,3,3,0,0,0,0,0.0,true,1780985478159523102
1780985478342094299,true,false,3,3,0,0,0,0,0.0,true,1780985478329580172
1780985478441792068,true,false,3,3,0,0,0,0,0.0,true,1780985478422464544
1780985478541896577,true,false,3,3,0,0,0,0,0.0,true,1780985478441938863
1780985478641804538,true,false,3,3,0,0,0,0,0.0,true,1780985478640209283
1780985478744588279,true,false,3,3,0,0,0,0,0.0,true,1780985478726060283
1780985478842337939,true,false,3,3,0,0,0,0,0.0,true,1780985478726060283
1780985478942638455,true,false,3,3,0,0,0,0,0.0,true,1780985478937874289
1780985479044545053,true,false,3,3,0,0,0,0,0.0,true,1780985479003862416
1780985479141900804,true,false,3,3,0,0,0,0,0.0,true,1780985479003862416
1780985479241677181,true,false,3,3,0,0,0,0,0.0,true,1780985479234108864
1780985479341814583,true,false,3,3,0,0,0,0,0.0,true,1780985479292246079
1780985479442068899,true,false,3,3,0,0,0,0,0.0,true,1780985479292246079
1780985479542073954,true,false,3,3,0,0,0,0,0.0,true,1780985479532661012
1780985479642403996,true,false,3,3,0,0,0,0,0.0,true,1780985479581001376
1780985479742394799,true,false,3,3,0,0,0,0,0.0,true,1780985479581001376
1780985479841880884,true,false,3,3,0,0,0,0,0.0,true,1780985479822982724
1780985479944017008,true,false,3,3,0,0,0,0,0.0,true,1780985479859308597
1780985480042548286,true,false,3,3,0,0,0,0,0.0,true,1780985480040102825
1780985480141771072,true,false,3,3,0,0,0,0,0.0,true,1780985480137980369
1780985480241933323,true,false,3,3,0,0,0,0,0.0,true,1780985480137980369
1780985480342297358,true,false,3,3,0,0,0,0,0.0,true,1780985480340824840
1780985480444564430,true,false,3,3,0,0,0,0,0.0,true,1780985480417124448
1780985480542168786,true,false,3,3,0,0,0,0,0.0,true,1780985480417124448
1780985480641700153,true,false,3,3,0,0,0,0,0.0,true,1780985480640130712
1780985480741841768,true,false,3,3,0,0,0,0,0.0,true,1780985480690853590
1780985480841876059,true,false,3,3,0,0,0,0,0.0,true,1780985480690853590
1780985480941699128,true,false,3,3,0,0,0,0,0.0,true,1780985480937410781
1780985481042402712,true,false,3,3,0,0,0,0,0.0,true,1780985480971296546
1780985481142337695,true,false,3,3,0,0,0,0,0.0,true,1780985481135811390
1780985481243598882,true,false,3,3,0,0,0,0,0.0,true,1780985481213984255
1780985481341798065,true,false,3,3,0,0,0,0,0.0,true,1780985481251855470
1780985481441712391,true,false,3,3,0,0,0,0,0.0,true,1780985481441682345
1780985481546572050,true,false,3,3,0,0,0,0,0.0,true,1780985481526535400
1780985481648271574,true,false,3,3,0,0,0,0,0.0,true,1780985481526535400
1780985481748054003,true,false,3,3,0,0,0,0,0.0,true,1780985481744681145
1780985481848262464,true,false,3,3,0,0,0,0,0.0,true,1780985481800854177
1780985481948463087,true,false,3,3,0,0,0,0,0.0,true,1780985481800854177
1780985482049668106,true,false,3,3,0,0,0,0,0.0,true,1780985482043041295
1780985482147968225,true,false,3,3,0,0,0,0,0.0,true,1780985482082099921
1780985482248366477,true,false,3,3,0,0,0,0,0.0,true,1780985482243852267
1780985482347743901,true,false,3,3,0,0,0,0,0.0,true,1780985482339056208
1780985482448567577,true,false,3,3,0,0,0,0,0.0,true,1780985482358690914
1780985482548408125,true,false,3,3,0,0,0,0,0.0,true,1780985482546663214
1780985482648557247,true,false,3,3,0,0,0,0,0.0,true,1780985482632504649
1780985482747840732,true,false,3,3,0,0,0,0,0.0,true,1780985482632504649
1780985482848001929,true,false,3,3,0,0,0,0,0.0,true,1780985482839467754
1780985482951746546,true,false,3,3,0,0,0,0,0.0,true,1780985482921654352
1780985483053519227,true,false,3,3,0,0,0,0,0.0,true,1780985482921654352
1780985483153531058,true,false,3,3,0,0,0,0,0.0,true,1780985482921654352
1780985483254537952,true,false,3,3,0,0,0,0,0.0,true,1780985483249042305
1780985483353489721,true,false,3,3,0,0,0,0,0.0,true,1780985483249042305
1780985483452917104,true,false,3,3,0,0,0,0,0.0,true,1780985483249042305
1780985483552932833,true,false,3,3,0,0,0,0,0.0,true,1780985483541148540
1780985483653493774,true,false,3,3,0,0,0,0,0.0,true,1780985483577894133
1780985483753484989,true,false,3,3,0,0,0,0,0.0,true,1780985483745448565
1780985483852988055,true,false,3,3,0,0,0,0,0.0,true,1780985483824228854
1780985483952806007,true,false,3,3,0,0,0,0,0.0,true,1780985483860505732
1780985484053553010,true,false,3,3,0,0,0,0,0.0,true,1780985484042748378
1780985484153553546,true,false,3,3,0,0,0,0,0.0,true,1780985484145782410
1780985484253009740,true,false,3,3,0,0,0,0,0.0,true,1780985484145782410
1780985484353361545,true,false,3,3,0,0,0,0,0.0,true,1780985484351890368
1780985484452703163,true,false,3,3,0,0,0,0,0.0,true,1780985484435262489
1780985484552778007,true,false,3,3,0,0,0,0,0.0,true,1780985484435262489
1780985484652853718,true,false,3,3,0,0,0,0,0.0,true,1780985484644133051
1780985484758762568,true,false,3,3,0,0,0,0,0.0,true,1780985484744390633
1780985484859830601,true,false,3,3,0,0,0,0,0.0,true,1780985484744390633
1780985484959691154,true,false,3,3,0,0,0,0,0.0,true,1780985484959660500
1780985485064550656,true,false,3,3,0,0,0,0,0.0,true,1780985485034775353
1780985485165494100,true,false,3,3,0,0,0,0,0.0,true,1780985485034775353
1780985485265272184,true,false,3,3,0,0,0,0,0.0,true,1780985485254875871
1780985485364832119,true,false,3,3,0,0,0,0,0.0,true,1780985485320157581
1780985485464985341,true,false,3,3,0,0,0,0,0.0,true,1780985485320157581
1780985485564954611,true,false,3,3,0,0,0,0,0.0,true,1780985485552494348
1780985485665216640,true,false,3,3,0,0,0,0,0.0,true,1780985485598950660
1780985485765283928,true,false,3,3,0,0,0,0,0.0,true,1780985485598950660
1780985485865430084,true,false,3,3,0,0,0,0,0.0,true,1780985485860939961
1780985485966752610,true,false,3,3,0,0,0,0,0.0,true,1780985485894961073
1780985486064777839,true,false,3,3,0,0,0,0,0.0,true,1780985485894961073
1780985486165555947,true,false,3,3,0,0,0,0,0.0,true,1780985486149616146
1780985486264960873,true,false,3,3,0,0,0,0,0.0,true,1780985486189380216
1780985486364668056,true,false,3,3,0,0,0,0,0.0,true,1780985486364557935
1780985486465215495,true,false,3,3,0,0,0,0,0.0,true,1780985486455658641
1780985486565564276,true,false,3,3,0,0,0,0,0.0,true,1780985486479533505
1780985486664973991,true,false,3,3,0,0,0,0,0.0,true,1780985486650437897
1780985486764798319,true,false,3,3,0,0,0,0,0.0,true,1780985486760337156
1780985486864773366,true,false,3,3,0,0,0,0,0.0,true,1780985486766558210
1780985486964825763,true,false,3,3,0,0,0,0,0.0,true,1780985486951271100
1780985487072049585,true,false,3,3,0,0,0,0,0.0,true,1780985487057340730
1780985487175561542,true,false,3,3,0,0,0,0,0.0,true,1780985487057340730
1780985487273983134,true,false,3,3,0,0,0,0,0.0,true,1780985487250153006
1780985487374544799,true,false,3,3,0,0,0,0,0.0,true,1780985487365645990
1780985487473078692,true,false,3,3,0,0,0,0,0.0,true,1780985487365645990
1780985487572709760,true,false,3,3,0,0,0,0,0.0,true,1780985487568043649
1780985487673237081,true,false,3,3,0,0,0,0,0.0,true,1780985487635940221
1780985487773459033,true,false,3,3,0,0,0,0,0.0,true,1780985487635940221
1780985487873481937,true,false,3,3,0,0,0,0,0.0,true,1780985487864488566
1780985487972787466,true,false,3,3,0,0,0,0,0.0,true,1780985487944667344
1780985488073433463,true,false,3,3,0,0,0,0,0.0,true,1780985487944667344
1780985488173457969,true,false,3,3,0,0,0,0,0.0,true,1780985488160577975
1780985488272763125,true,false,3,3,0,0,0,0,0.0,true,1780985488253894515
1780985488373119189,true,false,3,3,0,0,0,0,0.0,true,1780985488253894515
1780985488473544264,true,false,3,3,0,0,0,0,0.0,true,1780985488470695039
1780985488572750667,true,false,3,3,0,0,0,0,0.0,true,1780985488549758313
1780985488673307927,true,false,3,3,0,0,0,0,0.0,true,1780985488549758313
1780985488773311989,true,false,3,3,0,0,0,0,0.0,true,1780985488762728411
1780985488875096084,true,false,3,3,0,0,0,0,0.0,true,1780985488834244595
1780985488973452364,true,false,3,3,0,0,0,0,0.0,true,1780985488834244595
1780985489073680740,true,false,3,3,0,0,0,0,0.0,true,1780985489069784655
1780985489172737745,true,false,3,3,0,0,0,0,0.0,true,1780985489116276557
1780985489273282972,true,false,3,3,0,0,0,0,0.0,true,1780985489116276557
1780985489373328245,true,false,3,3,0,0,0,0,0.0,true,1780985489361305757
1780985489473516944,true,false,3,3,0,0,0,0,0.0,true,1780985489405268151
1780985489573163172,true,false,3,3,0,0,0,0,0.0,true,1780985489405268151
1780985489673622923,true,false,3,3,0,0,0,0,0.0,true,1780985489662823721
1780985489773562164,true,false,3,3,0,0,0,0,0.0,true,1780985489743875473
1780985489872832651,true,false,3,3,0,0,0,0,0.0,true,1780985489743875473
1780985489973148362,true,false,3,3,0,0,0,0,0.0,true,1780985489961339528
1780985490072839522,true,false,3,3,0,0,0,0,0.0,true,1780985490066425667
1780985490173183481,true,false,3,3,0,0,0,0,0.0,true,1780985490097352341
1780985490272809768,true,false,3,3,0,0,0,0,0.0,true,1780985490271096283
1780985490374523457,true,false,3,3,0,0,0,0,0.0,true,1780985490356046209
1780985490473446717,true,false,3,3,0,0,0,0,0.0,true,1780985490400112410
1780985490572820795,true,false,3,3,0,0,0,0,0.0,true,1780985490400112410
1780985490673260808,true,false,3,3,0,0,0,0,0.0,true,1780985490660897474
1780985490772844527,true,false,3,3,0,0,0,0,0.0,true,1780985490730003899
1780985490873040426,true,false,3,3,0,0,0,0,0.0,true,1780985490730003899
1780985490972794166,true,false,3,3,0,0,0,0,0.0,true,1780985490962011403
1780985491075580944,true,false,3,3,0,0,0,0,0.0,true,1780985491034119465
1780985491173603178,true,false,3,3,0,0,0,0,0.0,true,1780985491034119465
1780985491273263601,true,false,3,3,0,0,0,0,0.0,true,1780985491264993915
1780985491374579142,true,false,3,3,0,0,0,0,0.0,true,1780985491349516035
1780985491473661561,true,false,3,3,0,0,0,0,0.0,true,1780985491349516035
1780985491573110776,true,false,3,3,0,0,0,0,0.0,true,1780985491564556581
1780985491673535285,true,false,3,3,0,0,0,0,0.0,true,1780985491635975083
1780985491772727015,true,false,3,3,0,0,0,0,0.0,true,1780985491635975083
1780985491873461251,true,false,3,3,0,0,0,0,0.0,true,1780985491871518330
1780985491974565688,true,false,3,3,0,0,0,0,0.0,true,1780985491939259423
1780985492073540937,true,false,3,3,0,0,0,0,0.0,true,1780985491939259423
1780985492172802889,true,false,3,3,0,0,0,0,0.0,true,1780985492167203929
1780985492273079043,true,false,3,3,0,0,0,0,0.0,true,1780985492235693015
1780985492373461728,true,false,3,3,0,0,0,0,0.0,true,1780985492235693015
1780985492473144775,true,false,3,3,0,0,0,0,0.0,true,1780985492469029837
1780985492573421413,true,false,3,3,0,0,0,0,0.0,true,1780985492518554872
1780985492672808616,true,false,3,3,0,0,0,0,0.0,true,1780985492518554872
1780985492776546501,true,false,3,3,0,0,0,0,0.0,true,1780985492769141570
1780985492873154883,true,false,3,3,0,0,0,0,0.0,true,1780985492808792547
1780985492973476624,true,false,3,3,0,0,0,0,0.0,true,1780985492808792547
1780985493072796527,true,false,3,3,0,0,0,0,0.0,true,1780985493055976149
1780985493172910814,true,false,3,3,0,0,0,0,0.0,true,1780985493100819318
1780985493273126976,true,false,3,3,0,0,0,0,0.0,true,1780985493265494649
1780985493372914674,true,false,3,3,0,0,0,0,0.0,true,1780985493365657437
1780985493473713707,true,false,3,3,0,0,0,0,0.0,true,1780985493386147979
1780985493573195146,true,false,3,3,0,0,0,0,0.0,true,1780985493570741923
1780985493673497481,true,false,3,3,0,0,0,0,0.0,true,1780985493665748962
1780985493773592703,true,false,3,3,0,0,0,0,0.0,true,1780985493665748962
1780985493872610805,true,false,3,3,0,0,0,0,0.0,true,1780985493872405561
1780985493973571433,true,false,3,3,0,0,0,0,0.0,true,1780985493947324892
1780985494073275591,true,false,3,3,0,0,0,0,0.0,true,1780985493947324892
1780985494173184321,true,false,3,3,0,0,0,0,0.0,true,1780985494165169085
1780985494272817714,true,false,3,3,0,0,0,0,0.0,true,1780985494243845608
1780985494373355118,true,false,3,3,0,0,0,0,0.0,true,1780985494243845608
1780985494473670532,true,false,3,3,0,0,0,0,0.0,true,1780985494459574244
1780985494572936118,true,false,3,3,0,0,0,0,0.0,true,1780985494556518425
1780985494672926382,true,false,3,3,0,0,0,0,0.0,true,1780985494575808677
1780985494773114885,true,false,3,3,0,0,0,0,0.0,true,1780985494575808677
1780985494872814072,true,false,3,3,0,0,0,0,0.0,true,1780985494858932180
1780985494974566331,true,false,3,3,0,0,0,0,0.0,true,1780985494922685998
1780985495072945672,true,false,3,3,0,0,0,0,0.0,true,1780985494922685998
1780985495173628007,true,false,3,3,0,0,0,0,0.0,true,1780985495164110588
1780985495275510044,true,false,3,3,0,0,0,0,0.0,true,1780985495237886130
1780985495373423629,true,false,3,3,0,0,0,0,0.0,true,1780985495237886130
1780985495472941530,true,false,3,3,0,0,0,0,0.0,true,1780985495459163365
1780985495572761275,true,false,3,3,0,0,0,0,0.0,true,1780985495524464630
1780985495673166657,true,false,3,3,0,0,0,0,0.0,true,1780985495524464630
1780985495772662180,true,false,3,3,0,0,0,0,0.0,true,1780985495524464630
1780985495872936099,true,false,3,3,0,0,0,0,0.0,true,1780985495855917246
1780985495974895447,true,false,3,3,0,0,0,0,0.0,true,1780985495891211833
1780985496072847935,true,false,3,3,0,0,0,0,0.0,true,1780985495891211833
1780985496173585304,true,false,3,3,0,0,0,0,0.0,true,1780985496169060020
1780985496273318152,true,false,3,3,0,0,0,0,0.0,true,1780985496223771543
1780985496372901557,true,false,3,3,0,0,0,0,0.0,true,1780985496223771543
1780985496473424402,true,false,3,3,0,0,0,0,0.0,true,1780985496464089899
1780985496574775414,true,false,3,3,0,0,0,0,0.0,true,1780985496558339347
1780985496673275954,true,false,3,3,0,0,0,0,0.0,true,1780985496573757586
1780985496773105806,true,false,3,3,0,0,0,0,0.0,true,1780985496573757586
1780985496872898705,true,false,3,3,0,0,0,0,0.0,true,1780985496870308811
1780985496972815109,true,false,3,3,0,0,0,0,0.0,true,1780985496950712569
1780985497072840546,true,false,3,3,0,0,0,0,0.0,true,1780985497072751951
1780985497172865329,true,false,3,3,0,0,0,0,0.0,true,1780985497153466255
1780985497273334331,true,false,3,3,0,0,0,0,0.0,true,1780985497234448103
1780985497373551199,true,false,3,3,0,0,0,0,0.0,true,1780985497363854740
1780985497473054429,true,false,3,3,0,0,0,0,0.0,true,1780985497445118702
1780985497573153447,true,false,3,3,0,0,0,0,0.0,true,1780985497524902467
1780985497673518584,true,false,3,3,0,0,0,0,0.0,true,1780985497659754653
1780985497773227291,true,false,3,3,0,0,0,0,0.0,true,1780985497740722586
1780985497873492048,true,false,3,3,0,0,0,0,0.0,true,1780985497782193429
1780985497972994738,true,false,3,3,0,0,0,0,0.0,true,1780985497971522945
1780985498073628207,true,false,3,3,0,0,0,0,0.0,true,1780985498068543591
1780985498173073710,true,false,3,3,0,0,0,0,0.0,true,1780985498068543591
1780985498273195233,true,false,3,3,0,0,0,0,0.0,true,1780985498272929582
1780985498374348134,true,false,3,3,0,0,0,0,0.0,true,1780985498364571214
1780985498473517539,true,false,3,3,0,0,0,0,0.0,true,1780985498364571214
1780985498573094563,true,false,3,3,0,0,0,0,0.0,true,1780985498573041323
1780985498675581561,true,false,3,3,0,0,0,0,0.0,true,1780985498649563914
1780985498772810301,true,false,3,3,0,0,0,0,0.0,true,1780985498693660372
1780985498873413899,true,false,3,3,0,0,0,0,0.0,true,1780985498693660372
1780985498972917455,true,false,3,3,0,0,0,0,0.0,true,1780985498956500116
1780985499073103516,true,false,3,3,0,0,0,0,0.0,true,1780985499003578921
1780985499172922757,true,false,3,3,0,0,0,0,0.0,true,1780985499003578921
1780985499272857995,true,false,3,3,0,0,0,0,0.0,true,1780985499263367640
1780985499375522174,true,false,3,3,0,0,0,0,0.0,true,1780985499307334121
1780985499472994254,true,false,3,3,0,0,0,0,0.0,true,1780985499307334121
1780985499572968479,true,false,3,3,0,0,0,0,0.0,true,1780985499569328165
1780985499673350002,true,false,3,3,0,0,0,0,0.0,true,1780985499629621115
1780985499773115879,true,false,3,3,0,0,0,0,0.0,true,1780985499629621115
1780985499873576966,true,false,3,3,0,0,0,0,0.0,true,1780985499872575790
1780985499973157772,true,false,3,3,0,0,0,0,0.0,true,1780985499930912530
1780985500072839848,true,false,3,3,0,0,0,0,0.0,true,1780985499930912530
1780985500173573463,true,false,3,3,0,0,0,0,0.0,true,1780985500167826246
1780985500272836443,true,false,3,3,0,0,0,0,0.0,true,1780985500229573840
1780985500373066084,true,false,3,3,0,0,0,0,0.0,true,1780985500229573840
1780985500473178663,true,false,3,3,0,0,0,0,0.0,true,1780985500471429492
1780985500576559220,true,false,3,3,0,0,0,0,0.0,true,1780985500537441952
1780985500673262779,true,false,3,3,0,0,0,0,0.0,true,1780985500537441952
1780985500773407231,true,false,3,3,0,0,0,0,0.0,true,1780985500766733685
1780985500873124814,true,false,3,3,0,0,0,0,0.0,true,1780985500834220166
1780985500973288872,true,false,3,3,0,0,0,0,0.0,true,1780985500834220166
1780985501072788779,true,false,3,3,0,0,0,0,0.0,true,1780985501063771384
1780985501174276645,true,false,3,3,0,0,0,0,0.0,true,1780985501148438858
1780985501273416553,true,false,3,3,0,0,0,0,0.0,true,1780985501148438858
1780985501373008065,true,false,3,3,0,0,0,0,0.0,true,1780985501148438858
1780985501475581168,true,false,3,3,0,0,0,0,0.0,true,1780985501471344919
1780985501572742976,true,false,3,3,0,0,0,0,0.0,true,1780985501471344919
1780985501673095396,true,false,3,3,0,0,0,0,0.0,true,1780985501471344919
1780985501772887760,true,false,3,3,0,0,0,0,0.0,true,1780985501766067237
1780985501873398016,true,false,3,3,0,0,0,0,0.0,true,1780985501809059387
1780985501972725809,true,false,3,3,0,0,0,0,0.0,true,1780985501809059387
1780985502073280852,true,false,3,3,0,0,0,0,0.0,true,1780985502058260360
1780985502173227660,true,false,3,3,0,0,0,0,0.0,true,1780985502120277597
1780985502273551722,true,false,3,3,0,0,0,0,0.0,true,1780985502120277597
1780985502372894924,true,false,3,3,0,0,0,0,0.0,true,1780985502120277597
1780985502476671537,true,false,3,3,0,0,0,0,0.0,true,1780985502461233773
1780985502572913371,true,false,3,3,0,0,0,0,0.0,true,1780985502461233773
1780985502673228480,true,false,3,3,0,0,0,0,0.0,true,1780985502461233773
1780985502772756420,true,false,3,3,0,0,0,0,0.0,true,1780985502760102687
1780985502872818312,true,false,3,3,0,0,0,0,0.0,true,1780985502839867897
1780985502973140020,true,false,3,3,0,0,0,0,0.0,true,1780985502839867897
1780985503073601569,true,false,3,3,0,0,0,0,0.0,true,1780985502839867897
1780985503172729156,true,false,3,3,0,0,0,0,0.0,true,1780985503167971906
1780985503272859001,true,false,3,3,0,0,0,0,0.0,true,1780985503189850140
1780985503372739979,true,false,3,3,0,0,0,0,0.0,true,1780985503189850140
1780985503472723070,true,false,3,3,0,0,0,0,0.0,true,1780985503464863127
1780985503572779761,true,false,3,3,0,0,0,0,0.0,true,1780985503498116584
1780985503673147757,true,false,3,3,0,0,0,0,0.0,true,1780985503498116584
1780985503772835331,true,false,3,3,0,0,0,0,0.0,true,1780985503768160405
1780985503873503493,true,false,3,3,0,0,0,0,0.0,true,1780985503810546590
1780985503973097524,true,false,3,3,0,0,0,0,0.0,true,1780985503810546590
1780985504072631080,true,false,3,3,0,0,0,0,0.0,true,1780985504072283852
1780985504173403739,true,false,3,3,0,0,0,0,0.0,true,1780985504120339101
1780985504273563120,true,false,3,3,0,0,0,0,0.0,true,1780985504120339101
1780985504372817198,true,false,3,3,0,0,0,0,0.0,true,1780985504372716529
1780985504473348648,true,false,3,3,0,0,0,0,0.0,true,1780985504416488858
1780985504573386511,true,false,3,3,0,0,0,0,0.0,true,1780985504416488858
1780985504673020403,true,false,3,3,0,0,0,0,0.0,true,1780985504657215635
1780985504775515794,true,false,3,3,0,0,0,0,0.0,true,1780985504749830849
1780985504873300765,true,false,3,3,0,0,0,0,0.0,true,1780985504749830849
1780985504973467413,true,false,3,3,0,0,0,0,0.0,true,1780985504967781462
1780985505077559036,true,false,3,3,0,0,0,0,0.0,true,1780985505051004428
1780985505178072822,true,false,3,3,0,0,0,0,0.0,true,1780985505051004428
1780985505278137130,true,false,3,3,0,0,0,0,0.0,true,1780985505276716535
1780985505377781724,true,false,3,3,0,0,0,0,0.0,true,1780985505328433523
1780985505478488259,true,false,3,3,0,0,0,0,0.0,true,1780985505328433523
1780985505577856813,true,false,3,3,0,0,0,0,0.0,true,1780985505575289995
1780985505677846274,true,false,3,3,0,0,0,0,0.0,true,1780985505626098030
1780985505778371675,true,false,3,3,0,0,0,0,0.0,true,1780985505626098030
1780985505877937845,true,false,3,3,0,0,0,0,0.0,true,1780985505876538748
1780985505978021951,true,false,3,3,0,0,0,0,0.0,true,1780985505923057803
1780985506077717783,true,false,3,3,0,0,0,0,0.0,true,1780985505923057803
1780985506177821695,true,false,3,3,0,0,0,0,0.0,true,1780985506161124413
1780985506277839487,true,false,3,3,0,0,0,0,0.0,true,1780985506196732415
1780985506378290350,true,false,3,3,0,0,0,0,0.0,true,1780985506372667415
1780985506480575217,true,false,3,3,0,0,0,0,0.0,true,1780985506468868909
1780985506577834402,true,false,3,3,0,0,0,0,0.0,true,1780985506468868909
1780985506677766543,true,false,3,3,0,0,0,0,0.0,true,1780985506675065098
1780985506777788221,true,false,3,3,0,0,0,0,0.0,true,1780985506757901265
1780985506878636672,true,false,3,3,0,0,0,0,0.0,true,1780985506757901265
1780985506978385786,true,false,3,3,0,0,0,0,0.0,true,1780985506974912532
1780985507077806874,true,false,3,3,0,0,0,0,0.0,true,1780985507054102801
1780985507177657329,true,false,3,3,0,0,0,0,0.0,true,1780985507095532358
1780985507277984164,true,false,3,3,0,0,0,0,0.0,true,1780985507255882970
1780985507378081519,true,false,3,3,0,0,0,0,0.0,true,1780985507374557528
1780985507478422506,true,false,3,3,0,0,0,0,0.0,true,1780985507374557528
1780985507577920655,true,false,3,3,0,0,0,0,0.0,true,1780985507562895630
1780985507678666683,true,false,3,3,0,0,0,0,0.0,true,1780985507642215700
1780985507777895173,true,false,3,3,0,0,0,0,0.0,true,1780985507770253890
1780985507879691300,true,false,3,3,0,0,0,0,0.0,true,1780985507850588387
1780985507977980079,true,false,3,3,0,0,0,0,0.0,true,1780985507923262261
1780985508078171662,true,false,3,3,0,0,0,0,0.0,true,1780985507923262261
1780985508177795923,true,false,3,3,0,0,0,0,0.0,true,1780985508164431377
1780985508278108845,true,false,3,3,0,0,0,0,0.0,true,1780985508207595004
1780985508378522952,true,false,3,3,0,0,0,0,0.0,true,1780985508207595004
1780985508477899985,true,false,3,3,0,0,0,0,0.0,true,1780985508461428523
1780985508578535194,true,false,3,3,0,0,0,0,0.0,true,1780985508500058445
1780985508677842080,true,false,3,3,0,0,0,0,0.0,true,1780985508670934518
1780985508777998519,true,false,3,3,0,0,0,0,0.0,true,1780985508748955768
1780985508878390645,true,false,3,3,0,0,0,0,0.0,true,1780985508818639935
1780985508978554855,true,false,3,3,0,0,0,0,0.0,true,1780985508818639935
1780985509078157126,true,false,3,3,0,0,0,0,0.0,true,1780985509062660040
1780985509178192013,true,false,3,3,0,0,0,0,0.0,true,1780985509154749014
1780985509278434066,true,false,3,3,0,0,0,0,0.0,true,1780985509154749014
1780985509377689532,true,false,3,3,0,0,0,0,0.0,true,1780985509366890528
1780985509478268588,true,false,3,3,0,0,0,0,0.0,true,1780985509474920392
1780985509578398261,true,false,3,3,0,0,0,0,0.0,true,1780985509474920392
1780985509678138249,true,false,3,3,0,0,0,0,0.0,true,1780985509666207651
1780985509777808436,true,false,3,3,0,0,0,0,0.0,true,1780985509747961826
1780985509878540532,true,false,3,3,0,0,0,0,0.0,true,1780985509747961826
1780985509978162884,true,false,3,3,0,0,0,0,0.0,true,1780985509978105013
1780985510078246361,true,false,3,3,0,0,0,0,0.0,true,1780985510040604910
1780985510178542601,true,false,3,3,0,0,0,0,0.0,true,1780985510040604910
1780985510278277201,true,false,3,3,0,0,0,0,0.0,true,1780985510269747487
1780985510377823170,true,false,3,3,0,0,0,0,0.0,true,1780985510356543825
1780985510480060996,true,false,3,3,0,0,0,0,0.0,true,1780985510386100067
1780985510578256154,true,false,3,3,0,0,0,0,0.0,true,1780985510561513329
1780985510678357311,true,false,3,3,0,0,0,0,0.0,true,1780985510645941108
1780985510777702812,true,false,3,3,0,0,0,0,0.0,true,1780985510690391035
1780985510878659616,true,false,3,3,0,0,0,0,0.0,true,1780985510866717713
1780985510978571799,true,false,3,3,0,0,0,0,0.0,true,1780985510947272972
1780985511077902732,true,false,3,3,0,0,0,0,0.0,true,1780985510991525825
1780985511178596756,true,false,3,3,0,0,0,0,0.0,true,1780985511177026170
1780985511280563325,true,false,3,3,0,0,0,0,0.0,true,1780985511264180989
1780985511377928598,true,false,3,3,0,0,0,0,0.0,true,1780985511304885506
1780985511477716930,true,false,3,3,0,0,0,0,0.0,true,1780985511304885506
1780985511578521195,true,false,3,3,0,0,0,0,0.0,true,1780985511567348671
1780985511678531753,true,false,3,3,0,0,0,0,0.0,true,1780985511610121795
1780985511777810842,true,false,3,3,0,0,0,0,0.0,true,1780985511766063823
1780985511878058189,true,false,3,3,0,0,0,0,0.0,true,1780985511844980989
1780985511977897483,true,false,3,3,0,0,0,0,0.0,true,1780985511885010462
1780985512078593758,true,false,3,3,0,0,0,0,0.0,true,1780985512065901711
1780985512178540861,true,false,3,3,0,0,0,0,0.0,true,1780985512169281424
1780985512280567687,true,false,3,3,0,0,0,0,0.0,true,1780985512169281424
1780985512377888132,true,false,3,3,0,0,0,0,0.0,true,1780985512369366993
1780985512482377887,true,false,3,3,0,0,0,0,0.0,true,1780985512469010958
1780985512577788102,true,false,3,3,0,0,0,0,0.0,true,1780985512469010958
1780985512678405244,true,false,3,3,0,0,0,0,0.0,true,1780985512673986744
1780985512779522714,true,false,3,3,0,0,0,0,0.0,true,1780985512752542684
1780985512878306416,true,false,3,3,0,0,0,0,0.0,true,1780985512752542684
1780985512977784174,true,false,3,3,0,0,0,0,0.0,true,1780985512966923301
1780985513082552541,true,false,3,3,0,0,0,0,0.0,true,1780985513065690945
1780985513178963058,true,false,3,3,0,0,0,0,0.0,true,1780985513065690945
1780985513278207310,true,false,3,3,0,0,0,0,0.0,true,1780985513261338598
1780985513379617570,true,false,3,3,0,0,0,0,0.0,true,1780985513371038121
1780985513477824246,true,false,3,3,0,0,0,0,0.0,true,1780985513371038121
1780985513577967500,true,false,3,3,0,0,0,0,0.0,true,1780985513572512244
1780985513679825736,true,false,3,3,0,0,0,0,0.0,true,1780985513652909405
1780985513778414851,true,false,3,3,0,0,0,0,0.0,true,1780985513652909405
1780985513877975033,true,false,3,3,0,0,0,0,0.0,true,1780985513868149012
1780985513978650102,true,false,3,3,0,0,0,0,0.0,true,1780985513947602350
1780985514077697519,true,false,3,3,0,0,0,0,0.0,true,1780985513947602350
1780985514177738524,true,false,3,3,0,0,0,0,0.0,true,1780985514175250180
1780985514277827931,true,false,3,3,0,0,0,0,0.0,true,1780985514261451712
1780985514377866834,true,false,3,3,0,0,0,0,0.0,true,1780985514261451712
1780985514478148780,true,false,3,3,0,0,0,0,0.0,true,1780985514470689548
1780985514587556239,true,false,3,3,0,0,0,0,0.0,true,1780985514573079831
1780985514688247602,true,false,3,3,0,0,0,0,0.0,true,1780985514573079831
1780985514788205192,true,false,3,3,0,0,0,0,0.0,true,1780985514784668714
1780985514889689491,true,false,3,3,0,0,0,0,0.0,true,1780985514861350370
1780985514988259894,true,false,3,3,0,0,0,0,0.0,true,1780985514861350370
1780985515087838122,true,false,3,3,0,0,0,0,0.0,true,1780985515082426676
1780985515188138745,true,false,3,3,0,0,0,0,0.0,true,1780985515139262550
1780985515288566282,true,false,3,3,0,0,0,0,0.0,true,1780985515139262550
1780985515388109803,true,false,3,3,0,0,0,0,0.0,true,1780985515378615040
1780985515489772879,true,false,3,3,0,0,0,0,0.0,true,1780985515463086738
1780985515587834954,true,false,3,3,0,0,0,0,0.0,true,1780985515463086738
1780985515688104393,true,false,3,3,0,0,0,0,0.0,true,1780985515681515287
1780985515790704358,true,false,3,3,0,0,0,0,0.0,true,1780985515758715283
1780985515888044042,true,false,3,3,0,0,0,0,0.0,true,1780985515758715283
1780985515987782464,true,false,3,3,0,0,0,0,0.0,true,1780985515985180784
1780985516087816735,true,false,3,3,0,0,0,0,0.0,true,1780985516053194588
1780985516188249241,true,false,3,3,0,0,0,0,0.0,true,1780985516053194588
1780985516288348538,true,false,3,3,0,0,0,0,0.0,true,1780985516286929811
1780985516389408381,true,false,3,3,0,0,0,0,0.0,true,1780985516353113069
1780985516488250868,true,false,3,3,0,0,0,0,0.0,true,1780985516353113069
1780985516588675987,true,false,3,3,0,0,0,0,0.0,true,1780985516581993394
1780985516688538428,true,false,3,3,0,0,0,0,0.0,true,1780985516673516051
1780985516787862750,true,false,3,3,0,0,0,0,0.0,true,1780985516673516051
1780985516888025610,true,false,3,3,0,0,0,0,0.0,true,1780985516882528916
1780985516988041914,true,false,3,3,0,0,0,0,0.0,true,1780985516962181847
1780985517088342463,true,false,3,3,0,0,0,0,0.0,true,1780985516962181847
1780985517187810231,true,false,3,3,0,0,0,0,0.0,true,1780985517186303506
1780985517287991991,true,false,3,3,0,0,0,0,0.0,true,1780985517252375241
1780985517388063559,true,false,3,3,0,0,0,0,0.0,true,1780985517252375241
1780985517487915434,true,false,3,3,0,0,0,0,0.0,true,1780985517485417379
1780985517588607517,true,false,3,3,0,0,0,0,0.0,true,1780985517540423056
1780985517687898634,true,false,3,3,0,0,0,0,0.0,true,1780985517540423056
1780985517787736355,true,false,3,3,0,0,0,0,0.0,true,1780985517775042718
1780985517889728468,true,false,3,3,0,0,0,0,0.0,true,1780985517856272201
1780985517988370488,true,false,3,3,0,0,0,0,0.0,true,1780985517856272201
1780985518087809681,true,false,3,3,0,0,0,0,0.0,true,1780985518083344788
1780985518187920557,true,false,3,3,0,0,0,0,0.0,true,1780985518164923325
1780985518288132981,true,false,3,3,0,0,0,0,0.0,true,1780985518164923325
1780985518387907447,true,false,3,3,0,0,0,0,0.0,true,1780985518370269737
1780985518491707867,true,false,3,3,0,0,0,0,0.0,true,1780985518479112711
1780985518588066342,true,false,3,3,0,0,0,0,0.0,true,1780985518479112711
1780985518688340145,true,false,3,3,0,0,0,0,0.0,true,1780985518681832640
1780985518788149314,true,false,3,3,0,0,0,0,0.0,true,1780985518788078533
1780985518889850543,true,false,3,3,0,0,0,0,0.0,true,1780985518788078533
1780985518988234491,true,false,3,3,0,0,0,0,0.0,true,1780985518979486324
1780985519087949190,true,false,3,3,0,0,0,0,0.0,true,1780985519057737931
1780985519188251339,true,false,3,3,0,0,0,0,0.0,true,1780985519106798077
1780985519288284286,true,false,3,3,0,0,0,0,0.0,true,1780985519106798077
1780985519388487265,true,false,3,3,0,0,0,0,0.0,true,1780985519374932148
1780985519487818485,true,false,3,3,0,0,0,0,0.0,true,1780985519437845023
1780985519588005408,true,false,3,3,0,0,0,0,0.0,true,1780985519437845023
1780985519688731849,true,false,3,3,0,0,0,0,0.0,true,1780985519675138179
1780985519788523465,true,false,3,3,0,0,0,0,0.0,true,1780985519760576974
1780985519887979162,true,false,3,3,0,0,0,0,0.0,true,1780985519760576974
1780985519987941668,true,false,3,3,0,0,0,0,0.0,true,1780985519979480786
1780985520088571939,true,false,3,3,0,0,0,0,0.0,true,1780985520063874615
1780985520187835591,true,false,3,3,0,0,0,0,0.0,true,1780985520063874615
1780985520288763824,true,false,3,3,0,0,0,0,0.0,true,1780985520273650182
1780985520388298665,true,false,3,3,0,0,0,0,0.0,true,1780985520378880699
1780985520488892432,true,false,3,3,0,0,0,0,0.0,true,1780985520378880699
1780985520588216427,true,false,3,3,0,0,0,0,0.0,true,1780985520378880699
1780985520687690361,true,false,3,3,0,0,0,0,0.0,true,1780985520687262656
1780985520788279824,true,false,3,3,0,0,0,0,0.0,true,1780985520717153609
1780985520888101789,true,false,3,3,0,0,0,0,0.0,true,1780985520717153609
1780985520988683821,true,false,3,3,0,0,0,0,0.0,true,1780985520985933711
1780985521087894998,true,false,3,3,0,0,0,0,0.0,true,1780985521012632385
1780985521187777579,true,false,3,3,0,0,0,0,0.0,true,1780985521012632385
1780985521287802809,true,false,3,3,0,0,0,0,0.0,true,1780985521280318484
1780985521388156629,true,false,3,3,0,0,0,0,0.0,true,1780985521322532579
1780985521488254214,true,false,3,3,0,0,0,0,0.0,true,1780985521322532579
1780985521588571256,true,false,3,3,0,0,0,0,0.0,true,1780985521581008861
1780985521689147826,true,false,3,3,0,0,0,0,0.0,true,1780985521648936419
1780985521788092380,true,false,3,3,0,0,0,0,0.0,true,1780985521648936419
1780985521887828717,true,false,3,3,0,0,0,0,0.0,true,1780985521880264054
1780985521988547998,true,false,3,3,0,0,0,0,0.0,true,1780985521961825472
1780985522087885602,true,false,3,3,0,0,0,0,0.0,true,1780985521961825472
1780985522188280296,true,false,3,3,0,0,0,0,0.0,true,1780985522186818336
1780985522287855150,true,false,3,3,0,0,0,0,0.0,true,1780985522265025792
1780985522387907615,true,false,3,3,0,0,0,0,0.0,true,1780985522265025792
1780985522488161569,true,false,3,3,0,0,0,0,0.0,true,1780985522475699785
1780985522588163488,true,false,3,3,0,0,0,0,0.0,true,1780985522562345418
1780985522688571612,true,false,3,3,0,0,0,0,0.0,true,1780985522592335860
1780985522788215778,true,false,3,3,0,0,0,0,0.0,true,1780985522592335860
1780985522888250291,true,false,3,3,0,0,0,0,0.0,true,1780985522876508173
1780985522988501050,true,false,3,3,0,0,0,0,0.0,true,1780985522910009457
1780985523088441637,true,false,3,3,0,0,0,0,0.0,true,1780985522910009457
1780985523192291681,true,false,3,3,0,0,0,0,0.0,true,1780985523173083267
1780985523288547000,true,false,3,3,0,0,0,0,0.0,true,1780985523220765010
1780985523387994965,true,false,3,3,0,0,0,0,0.0,true,1780985523220765010
1780985523488340097,true,false,3,3,0,0,0,0,0.0,true,1780985523486961842
1780985523588522415,true,false,3,3,0,0,0,0,0.0,true,1780985523551991693
1780985523687907783,true,false,3,3,0,0,0,0,0.0,true,1780985523551991693
1780985523788466616,true,false,3,3,0,0,0,0,0.0,true,1780985523783832477
1780985523890727040,true,false,3,3,0,0,0,0,0.0,true,1780985523844126638
1780985523988153532,true,false,3,3,0,0,0,0,0.0,true,1780985523844126638
1780985524088419457,true,false,3,3,0,0,0,0,0.0,true,1780985524082720625
1780985524187886144,true,false,3,3,0,0,0,0,0.0,true,1780985524144210400
1780985524287809506,true,false,3,3,0,0,0,0,0.0,true,1780985524144210400
1780985524387792458,true,false,3,3,0,0,0,0,0.0,true,1780985524387735862
1780985524489850938,true,false,3,3,0,0,0,0,0.0,true,1780985524445887947
1780985524588270345,true,false,3,3,0,0,0,0,0.0,true,1780985524445887947
1780985524688136123,true,false,3,3,0,0,0,0,0.0,true,1780985524680554810
1780985524791671520,true,false,3,3,0,0,0,0,0.0,true,1780985524760651997
1780985524888125233,true,false,3,3,0,0,0,0,0.0,true,1780985524760651997
1780985524987930081,true,false,3,3,0,0,0,0,0.0,true,1780985524974509367
1780985525088803108,true,false,3,3,0,0,0,0,0.0,true,1780985525054737874
1780985525187796881,true,false,3,3,0,0,0,0,0.0,true,1780985525054737874
1780985525288477032,true,false,3,3,0,0,0,0,0.0,true,1780985525285018730
1780985525387833268,true,false,3,3,0,0,0,0,0.0,true,1780985525355288011
1780985525488222674,true,false,3,3,0,0,0,0,0.0,true,1780985525355288011
1780985525588465607,true,false,3,3,0,0,0,0,0.0,true,1780985525585661609
1780985525692809707,true,false,3,3,0,0,0,0,0.0,true,1780985525652245716
1780985525793747570,true,false,3,3,0,0,0,0,0.0,true,1780985525652245716
1780985525894256146,true,false,3,3,0,0,0,0,0.0,true,1780985525894172463
1780985525993807775,true,false,3,3,0,0,0,0,0.0,true,1780985525958905006
1780985526094244557,true,false,3,3,0,0,0,0,0.0,true,1780985525958905006
1780985526193589237,true,false,3,3,0,0,0,0,0.0,true,1780985526193112833
1780985526294068147,true,false,3,3,0,0,0,0,0.0,true,1780985526257597759
1780985526394294138,true,false,3,3,0,0,0,0,0.0,true,1780985526257597759
1780985526494021360,true,false,3,3,0,0,0,0,0.0,true,1780985526485342092
1780985526593710319,true,false,3,3,0,0,0,0,0.0,true,1780985526544151714
1780985526694497256,true,false,3,3,0,0,0,0,0.0,true,1780985526544151714
1780985526793753698,true,false,3,3,0,0,0,0,0.0,true,1780985526782847693
1780985526894390156,true,false,3,3,0,0,0,0,0.0,true,1780985526864085998
1780985526994177948,true,false,3,3,0,0,0,0,0.0,true,1780985526864085998
1780985527094398296,true,false,3,3,0,0,0,0,0.0,true,1780985527086570026
1780985527193782459,true,false,3,3,0,0,0,0,0.0,true,1780985527176136151
1780985527294646455,true,false,3,3,0,0,0,0,0.0,true,1780985527176136151
1780985527393876389,true,false,3,3,0,0,0,0,0.0,true,1780985527387100335
1780985527494372355,true,false,3,3,0,0,0,0,0.0,true,1780985527479845259
1780985527596548704,true,false,3,3,0,0,0,0,0.0,true,1780985527479845259
1780985527693828162,true,false,3,3,0,0,0,0,0.0,true,1780985527677875055
1780985527796538973,true,false,3,3,0,0,0,0,0.0,true,1780985527788852298
1780985527894649724,true,false,3,3,0,0,0,0,0.0,true,1780985527788852298
1780985527994291818,true,false,3,3,0,0,0,0,0.0,true,1780985527988892639
1780985528094394927,true,false,3,3,0,0,0,0,0.0,true,1780985528068768278
1780985528193781670,true,false,3,3,0,0,0,0,0.0,true,1780985528094965564
1780985528293752181,true,false,3,3,0,0,0,0,0.0,true,1780985528286108503
1780985528393880639,true,false,3,3,0,0,0,0,0.0,true,1780985528392202222
1780985528493865766,true,false,3,3,0,0,0,0,0.0,true,1780985528392202222
1780985528593902389,true,false,3,3,0,0,0,0,0.0,true,1780985528592450531
1780985528693901766,true,false,3,3,0,0,0,0,0.0,true,1780985528667386191
1780985528794467858,true,false,3,3,0,0,0,0,0.0,true,1780985528695305245
1780985528894415889,true,false,3,3,0,0,0,0,0.0,true,1780985528881408091
1780985528994755178,true,false,3,3,0,0,0,0,0.0,true,1780985528988896123
1780985529093811252,true,false,3,3,0,0,0,0,0.0,true,1780985528988896123
1780985529193657245,true,false,3,3,0,0,0,0,0.0,true,1780985529189109550
1780985529293801021,true,false,3,3,0,0,0,0,0.0,true,1780985529278518647
1780985529394013449,true,false,3,3,0,0,0,0,0.0,true,1780985529278518647
1780985529494232807,true,false,3,3,0,0,0,0,0.0,true,1780985529489790056
1780985529594444730,true,false,3,3,0,0,0,0,0.0,true,1780985529555157036
1780985529694175382,true,false,3,3,0,0,0,0,0.0,true,1780985529555157036
1780985529794366629,true,false,3,3,0,0,0,0,0.0,true,1780985529792812810
1780985529896811344,true,false,3,3,0,0,0,0,0.0,true,1780985529864080706
1780985529994496919,true,false,3,3,0,0,0,0,0.0,true,1780985529864080706
1780985530094114016,true,false,3,3,0,0,0,0,0.0,true,1780985530077323890
1780985530194530472,true,false,3,3,0,0,0,0,0.0,true,1780985530159663050
1780985530294482428,true,false,3,3,0,0,0,0,0.0,true,1780985530159663050
1780985530393828051,true,false,3,3,0,0,0,0,0.0,true,1780985530387080512
1780985530493787852,true,false,3,3,0,0,0,0,0.0,true,1780985530452355429
1780985530595509170,true,false,3,3,0,0,0,0,0.0,true,1780985530452355429
1780985530694252952,true,false,3,3,0,0,0,0,0.0,true,1780985530694139977
1780985530793751483,true,false,3,3,0,0,0,0,0.0,true,1780985530777937129
1780985530894176877,true,false,3,3,0,0,0,0,0.0,true,1780985530777937129
1780985530994643259,true,false,3,3,0,0,0,0,0.0,true,1780985530983495390
1780985531097539036,true,false,3,3,0,0,0,0,0.0,true,1780985531086327374
1780985531194115414,true,false,3,3,0,0,0,0,0.0,true,1780985531086327374
1780985531293659386,true,false,3,3,0,0,0,0,0.0,true,1780985531283915747
1780985531394053509,true,false,3,3,0,0,0,0,0.0,true,1780985531363107842
1780985531494028731,true,false,3,3,0,0,0,0,0.0,true,1780985531363107842
1780985531593715875,true,false,3,3,0,0,0,0,0.0,true,1780985531592270150
1780985531695645980,true,false,3,3,0,0,0,0,0.0,true,1780985531647211784
1780985531794057459,true,false,3,3,0,0,0,0,0.0,true,1780985531647211784
1780985531894526741,true,false,3,3,0,0,0,0,0.0,true,1780985531888965249
1780985531997547650,true,false,3,3,0,0,0,0,0.0,true,1780985531967387296
1780985532094190928,true,false,3,3,0,0,0,0,0.0,true,1780985531967387296
1780985532193898413,true,false,3,3,0,0,0,0,0.0,true,1780985532190436498
1780985532293821667,true,false,3,3,0,0,0,0,0.0,true,1780985532281705063
1780985532394509148,true,false,3,3,0,0,0,0,0.0,true,1780985532281705063
1780985532494047544,true,false,3,3,0,0,0,0,0.0,true,1780985532479227322
1780985532594388230,true,false,3,3,0,0,0,0,0.0,true,1780985532591930028
1780985532693891132,true,false,3,3,0,0,0,0,0.0,true,1780985532591930028
1780985532793991986,true,false,3,3,0,0,0,0,0.0,true,1780985532788358231
1780985532897667251,true,false,3,3,0,0,0,0,0.0,true,1780985532888228762
1780985532993778773,true,false,3,3,0,0,0,0,0.0,true,1780985532888228762
1780985533093689496,true,false,3,3,0,0,0,0,0.0,true,1780985533084955705
1780985533193803628,true,false,3,3,0,0,0,0,0.0,true,1780985533163860586
1780985533293919657,true,false,3,3,0,0,0,0,0.0,true,1780985533163860586
1780985533394583263,true,false,3,3,0,0,0,0,0.0,true,1780985533388999371
1780985533494624989,true,false,3,3,0,0,0,0,0.0,true,1780985533465347167
1780985533594049616,true,false,3,3,0,0,0,0,0.0,true,1780985533465347167
1780985533693912918,true,false,3,3,0,0,0,0,0.0,true,1780985533680852496
1780985533794927089,true,false,3,3,0,0,0,0,0.0,true,1780985533747408947
1780985533894235210,true,false,3,3,0,0,0,0,0.0,true,1780985533747408947
1780985533993957054,true,false,3,3,0,0,0,0,0.0,true,1780985533989443730
1780985534093727074,true,false,3,3,0,0,0,0,0.0,true,1780985534066302323
1780985534194138685,true,false,3,3,0,0,0,0,0.0,true,1780985534066302323
1780985534294303081,true,false,3,3,0,0,0,0,0.0,true,1780985534290839676
1780985534394005807,true,false,3,3,0,0,0,0,0.0,true,1780985534359890350
1780985534494442487,true,false,3,3,0,0,0,0,0.0,true,1780985534359890350
1780985534594341884,true,false,3,3,0,0,0,0,0.0,true,1780985534588730079
1780985534693682644,true,false,3,3,0,0,0,0,0.0,true,1780985534633497525
1780985534794105733,true,false,3,3,0,0,0,0,0.0,true,1780985534633497525
1780985534893828257,true,false,3,3,0,0,0,0,0.0,true,1780985534882279803
1780985534994496028,true,false,3,3,0,0,0,0,0.0,true,1780985534916676107
1780985535093862225,true,false,3,3,0,0,0,0,0.0,true,1780985535080199312
1780985535194550996,true,false,3,3,0,0,0,0,0.0,true,1780985535190038410
1780985535293775412,true,false,3,3,0,0,0,0,0.0,true,1780985535190038410
1780985535393885350,true,false,3,3,0,0,0,0,0.0,true,1780985535393861830
1780985535494561232,true,false,3,3,0,0,0,0,0.0,true,1780985535480647197
1780985535594398747,true,false,3,3,0,0,0,0,0.0,true,1780985535480647197
1780985535694094798,true,false,3,3,0,0,0,0,0.0,true,1780985535683221934
1780985535795577149,true,false,3,3,0,0,0,0,0.0,true,1780985535785881295
1780985535894556117,true,false,3,3,0,0,0,0,0.0,true,1780985535785881295
1780985535994158391,true,false,3,3,0,0,0,0,0.0,true,1780985535976272023
1780985536093844715,true,false,3,3,0,0,0,0,0.0,true,1780985536058624770
1780985536193825418,true,false,3,3,0,0,0,0,0.0,true,1780985536102838535
1780985536293701196,true,false,3,3,0,0,0,0,0.0,true,1780985536278851438
1780985536394417411,true,false,3,3,0,0,0,0,0.0,true,1780985536389795545
1780985536493925754,true,false,3,3,0,0,0,0,0.0,true,1780985536389795545
1780985536594249291,true,false,3,3,0,0,0,0,0.0,true,1780985536586663841
1780985536693966580,true,false,3,3,0,0,0,0,0.0,true,1780985536672679400
1780985536794265260,true,false,3,3,0,0,0,0,0.0,true,1780985536672679400
1780985536894394083,true,false,3,3,0,0,0,0,0.0,true,1780985536672679400
1780985536996496087,true,false,3,3,0,0,0,0,0.0,true,1780985536979563710
1780985537095268404,true,false,3,3,0,0,0,0,0.0,true,1780985536979563710
1780985537193728747,true,false,3,3,0,0,0,0,0.0,true,1780985536979563710
1780985537293776144,true,false,3,3,0,0,0,0,0.0,true,1780985537275061489
1780985537394451885,true,false,3,3,0,0,0,0,0.0,true,1780985537311609080
1780985537494109877,true,false,3,3,0,0,0,0,0.0,true,1780985537489712060
1780985537594532095,true,false,3,3,0,0,0,0,0.0,true,1780985537585084483
1780985537693714715,true,false,3,3,0,0,0,0,0.0,true,1780985537585084483
1780985537793737581,true,false,3,3,0,0,0,0,0.0,true,1780985537786117644
1780985537893974208,true,false,3,3,0,0,0,0,0.0,true,1780985537875932662
1780985537994384298,true,false,3,3,0,0,0,0,0.0,true,1780985537875932662
1780985538094526626,true,false,3,3,0,0,0,0,0.0,true,1780985538075566847
1780985538193628136,true,false,3,3,0,0,0,0,0.0,true,1780985538193289675
1780985538294528351,true,false,3,3,0,0,0,0,0.0,true,1780985538208294342
1780985538394274975,true,false,3,3,0,0,0,0,0.0,true,1780985538385247040
1780985538494004558,true,false,3,3,0,0,0,0,0.0,true,1780985538490575553
1780985538594502400,true,false,3,3,0,0,0,0,0.0,true,1780985538497618314
1780985538693937361,true,false,3,3,0,0,0,0,0.0,true,1780985538690421673
1780985538793832137,true,false,3,3,0,0,0,0,0.0,true,1780985538777363366
1780985538894410276,true,false,3,3,0,0,0,0,0.0,true,1780985538777363366
1780985538993889781,true,false,3,3,0,0,0,0,0.0,true,1780985538990265492
1780985539094492761,true,false,3,3,0,0,0,0,0.0,true,1780985539092835242
1780985539193879408,true,false,3,3,0,0,0,0,0.0,true,1780985539092835242
1780985539294228588,true,false,3,3,0,0,0,0,0.0,true,1780985539286773793
1780985539394358292,true,false,3,3,0,0,0,0,0.0,true,1780985539365059998
1780985539494303268,true,false,3,3,0,0,0,0,0.0,true,1780985539414317986
1780985539594664132,true,false,3,3,0,0,0,0,0.0,true,1780985539414317986
1780985539694557313,true,false,3,3,0,0,0,0,0.0,true,1780985539680383295
1780985539794021771,true,false,3,3,0,0,0,0,0.0,true,1780985539723584469
1780985539894105596,true,false,3,3,0,0,0,0,0.0,true,1780985539723584469
1780985539994493625,true,false,3,3,0,0,0,0,0.0,true,1780985539989870535
1780985540094366359,true,false,3,3,0,0,0,0,0.0,true,1780985540053641643
1780985540194063057,true,false,3,3,0,0,0,0,0.0,true,1780985540053641643
1780985540294174945,true,false,3,3,0,0,0,0,0.0,true,1780985540290683094
1780985540394011755,true,false,3,3,0,0,0,0,0.0,true,1780985540385033440
1780985540493905536,true,false,3,3,0,0,0,0,0.0,true,1780985540385033440
1780985540593985368,true,false,3,3,0,0,0,0,0.0,true,1780985540385033440
1780985540694184323,true,false,3,3,0,0,0,0,0.0,true,1780985540674493788
1780985540795560045,true,false,3,3,0,0,0,0,0.0,true,1780985540761941164
1780985540893955954,true,false,3,3,0,0,0,0,0.0,true,1780985540858359248
1780985540993736690,true,false,3,3,0,0,0,0,0.0,true,1780985540986659532
1780985541093950977,true,false,3,3,0,0,0,0,0.0,true,1780985541066949372
1780985541194405811,true,false,3,3,0,0,0,0,0.0,true,1780985541156959957
1780985541294034992,true,false,3,3,0,0,0,0,0.0,true,1780985541290308797
1780985541394589643,true,false,3,3,0,0,0,0,0.0,true,1780985541389033000
1780985541493797789,true,false,3,3,0,0,0,0,0.0,true,1780985541435552961
1780985541593671804,true,false,3,3,0,0,0,0,0.0,true,1780985541589153737
1780985541694180312,true,false,3,3,0,0,0,0,0.0,true,1780985541672451366
1780985541798709151,true,false,3,3,0,0,0,0,0.0,true,1780985541709238056
1780985541900617450,true,false,3,3,0,0,0,0,0.0,true,1780985541886911256
1780985542000541533,true,false,3,3,0,0,0,0,0.0,true,1780985541975816831
1780985542099705439,true,false,3,3,0,0,0,0,0.0,true,1780985542007055242
1780985542200634332,true,false,3,3,0,0,0,0,0.0,true,1780985542192242611
1780985542300617172,true,false,3,3,0,0,0,0,0.0,true,1780985542278303681
1780985542400442076,true,false,3,3,0,0,0,0,0.0,true,1780985542278303681
1780985542500059103,true,false,3,3,0,0,0,0,0.0,true,1780985542480937557
1780985542600131368,true,false,3,3,0,0,0,0,0.0,true,1780985542549174364
1780985542700262277,true,false,3,3,0,0,0,0,0.0,true,1780985542695806336
1780985542802532769,true,false,3,3,0,0,0,0,0.0,true,1780985542786832671
1780985542900525903,true,false,3,3,0,0,0,0,0.0,true,1780985542817221576
1780985542999823398,true,false,3,3,0,0,0,0,0.0,true,1780985542988176458
1780985543099798429,true,false,3,3,0,0,0,0,0.0,true,1780985543068526093
1780985543200010644,true,false,3,3,0,0,0,0,0.0,true,1780985543068526093
1780985543300533712,true,false,3,3,0,0,0,0,0.0,true,1780985543296867832
1780985543402534221,true,false,3,3,0,0,0,0,0.0,true,1780985543346327200
1780985543500386055,true,false,3,3,0,0,0,0,0.0,true,1780985543346327200
1780985543600354470,true,false,3,3,0,0,0,0,0.0,true,1780985543598858102
1780985543699946365,true,false,3,3,0,0,0,0,0.0,true,1780985543640638606
1780985543800076759,true,false,3,3,0,0,0,0,0.0,true,1780985543640638606
1780985543899957893,true,false,3,3,0,0,0,0,0.0,true,1780985543890371275
1780985544001534071,true,false,3,3,0,0,0,0,0.0,true,1780985543967524647
1780985544100047676,true,false,3,3,0,0,0,0,0.0,true,1780985544097571398
1780985544200544999,true,false,3,3,0,0,0,0,0.0,true,1780985544176125650
1780985544300243355,true,false,3,3,0,0,0,0,0.0,true,1780985544242999488
1780985544399670833,true,false,3,3,0,0,0,0,0.0,true,1780985544399608410
1780985544499994654,true,false,3,3,0,0,0,0,0.0,true,1780985544492265854
1780985544599865181,true,false,3,3,0,0,0,0,0.0,true,1780985544506800639
1780985544700087008,true,false,3,3,0,0,0,0,0.0,true,1780985544688321464
1780985544800184438,true,false,3,3,0,0,0,0,0.0,true,1780985544792389472
1780985544900192955,true,false,3,3,0,0,0,0,0.0,true,1780985544792389472
1780985545000011326,true,false,3,3,0,0,0,0,0.0,true,1780985544988620660
1780985545099838389,true,false,3,3,0,0,0,0,0.0,true,1780985545064985004
1780985545200413449,true,false,3,3,0,0,0,0,0.0,true,1780985545064985004
1780985545300402811,true,false,3,3,0,0,0,0,0.0,true,1780985545299040645
1780985545399944268,true,false,3,3,0,0,0,0,0.0,true,1780985545343209134
1780985545499685556,true,false,3,3,0,0,0,0,0.0,true,1780985545343209134
1780985545600528313,true,false,3,3,0,0,0,0,0.0,true,1780985545585432795
1780985545701541513,true,false,3,3,0,0,0,0,0.0,true,1780985545625223251
1780985545799710623,true,false,3,3,0,0,0,0,0.0,true,1780985545625223251
1780985545901534178,true,false,3,3,0,0,0,0,0.0,true,1780985545891125498
1780985545999812583,true,false,3,3,0,0,0,0,0.0,true,1780985545933265658
1780985546099646493,true,false,3,3,0,0,0,0,0.0,true,1780985546098200601
1780985546199824429,true,false,3,3,0,0,0,0,0.0,true,1780985546177623383
1780985546300392366,true,false,3,3,0,0,0,0,0.0,true,1780985546217272450
1780985546400344530,true,false,3,3,0,0,0,0,0.0,true,1780985546395917601
1780985546504560966,true,false,3,3,0,0,0,0,0.0,true,1780985546493771332
1780985546604922908,true,false,3,3,0,0,0,0,0.0,true,1780985546493771332
1780985546705553920,true,false,3,3,0,0,0,0,0.0,true,1780985546696104969
1780985546804852425,true,false,3,3,0,0,0,0,0.0,true,1780985546776177112
1780985546905108902,true,false,3,3,0,0,0,0,0.0,true,1780985546776177112
1780985547004725321,true,false,3,3,0,0,0,0,0.0,true,1780985547004673661
1780985547107546495,true,false,3,3,0,0,0,0,0.0,true,1780985547059963887
1780985547205323080,true,false,3,3,0,0,0,0,0.0,true,1780985547059963887
1780985547304953954,true,false,3,3,0,0,0,0,0.0,true,1780985547303447590
1780985547405557222,true,false,3,3,0,0,0,0,0.0,true,1780985547362753190
1780985547505512113,true,false,3,3,0,0,0,0,0.0,true,1780985547362753190
1780985547605289305,true,false,3,3,0,0,0,0,0.0,true,1780985547600451985
1780985547705166401,true,false,3,3,0,0,0,0,0.0,true,1780985547658019820
1780985547804715458,true,false,3,3,0,0,0,0,0.0,true,1780985547658019820
1780985547906545580,true,false,3,3,0,0,0,0,0.0,true,1780985547896306897
1780985548004927205,true,false,3,3,0,0,0,0,0.0,true,1780985547934286318
1780985548104997600,true,false,3,3,0,0,0,0,0.0,true,1780985548100398742
1780985548204861153,true,false,3,3,0,0,0,0,0.0,true,1780985548178890390
1780985548305537088,true,false,3,3,0,0,0,0,0.0,true,1780985548217372673
1780985548405046786,true,false,3,3,0,0,0,0,0.0,true,1780985548398502573
1780985548507536910,true,false,3,3,0,0,0,0,0.0,true,1780985548496901983
1780985548604970735,true,false,3,3,0,0,0,0,0.0,true,1780985548496901983
1780985548704727686,true,false,3,3,0,0,0,0,0.0,true,1780985548697287999
1780985548805535699,true,false,3,3,0,0,0,0,0.0,true,1780985548775629902
1780985548905199128,true,false,3,3,0,0,0,0,0.0,true,1780985548775629902
1780985549004598031,true,false,3,3,0,0,0,0,0.0,true,1780985549004322594
1780985549104640734,true,false,3,3,0,0,0,0,0.0,true,1780985549104589440
1780985549204820043,true,false,3,3,0,0,0,0,0.0,true,1780985549104589440
1780985549305009227,true,false,3,3,0,0,0,0,0.0,true,1780985549299586028
1780985549405598050,true,false,3,3,0,0,0,0,0.0,true,1780985549383700727
1780985549505479544,true,false,3,3,0,0,0,0,0.0,true,1780985549383700727
1780985549605552547,true,false,3,3,0,0,0,0,0.0,true,1780985549600067554
1780985549704856026,true,false,3,3,0,0,0,0,0.0,true,1780985549682511970
1780985549804861706,true,false,3,3,0,0,0,0,0.0,true,1780985549682511970
1780985549904954948,true,false,3,3,0,0,0,0,0.0,true,1780985549901404185
1780985550006549101,true,false,3,3,0,0,0,0,0.0,true,1780985549985457071
1780985550105489979,true,false,3,3,0,0,0,0,0.0,true,1780985549985457071
1780985550205540189,true,false,3,3,0,0,0,0,0.0,true,1780985550204122546
1780985550305532671,true,false,3,3,0,0,0,0,0.0,true,1780985550295465176
1780985550405109045,true,false,3,3,0,0,0,0,0.0,true,1780985550295465176
1780985550505075261,true,false,3,3,0,0,0,0,0.0,true,1780985550497638846
1780985550604785243,true,false,3,3,0,0,0,0,0.0,true,1780985550566057480
1780985550705061336,true,false,3,3,0,0,0,0,0.0,true,1780985550566057480
1780985550804696434,true,false,3,3,0,0,0,0,0.0,true,1780985550798142947
1780985550905100467,true,false,3,3,0,0,0,0,0.0,true,1780985550844831925
1780985551004900745,true,false,3,3,0,0,0,0,0.0,true,1780985551004850653
1780985551104756170,true,false,3,3,0,0,0,0,0.0,true,1780985551083912029
1780985551205127842,true,false,3,3,0,0,0,0,0.0,true,1780985551126429779
1780985551305457613,true,false,3,3,0,0,0,0,0.0,true,1780985551291807837
1780985551404817628,true,false,3,3,0,0,0,0,0.0,true,1780985551401483549
1780985551505675684,true,false,3,3,0,0,0,0,0.0,true,1780985551410330810
1780985551605116606,true,false,3,3,0,0,0,0,0.0,true,1780985551596673244
1780985551708882561,true,false,3,3,0,0,0,0,0.0,true,1780985551686851179
1780985551805293791,true,false,3,3,0,0,0,0,0.0,true,1780985551686851179
1780985551905260696,true,false,3,3,0,0,0,0,0.0,true,1780985551903786249
1780985552009744337,true,false,3,3,0,0,0,0,0.0,true,1780985551991579693
1780985552110997511,true,false,3,3,0,0,0,0,0.0,true,1780985551991579693
1780985552211454366,true,false,3,3,0,0,0,0,0.0,true,1780985552208898759
1780985552314550390,true,false,3,3,0,0,0,0,0.0,true,1780985552278049332
1780985552411143206,true,false,3,3,0,0,0,0,0.0,true,1780985552278049332
1780985552511587316,true,false,3,3,0,0,0,0,0.0,true,1780985552505062980
1780985552611202802,true,false,3,3,0,0,0,0,0.0,true,1780985552556496633
1780985552711092026,true,false,3,3,0,0,0,0,0.0,true,1780985552556496633
1780985552810827110,true,false,3,3,0,0,0,0,0.0,true,1780985552800151396
1780985552911510026,true,false,3,3,0,0,0,0,0.0,true,1780985552834751894
1780985553011625342,true,false,3,3,0,0,0,0,0.0,true,1780985552995916775
1780985553111271095,true,false,3,3,0,0,0,0,0.0,true,1780985553104134913
1780985553210790292,true,false,3,3,0,0,0,0,0.0,true,1780985553111776448
1780985553310776627,true,false,3,3,0,0,0,0,0.0,true,1780985553310741575
1780985553415591159,true,false,3,3,0,0,0,0,0.0,true,1780985553386758539
1780985553517519045,true,false,3,3,0,0,0,0,0.0,true,1780985553386758539
1780985553616776784,true,false,3,3,0,0,0,0,0.0,true,1780985553608267583
1780985553720198063,true,false,3,3,0,0,0,0,0.0,true,1780985553665314818
1780985553818435813,true,false,3,3,0,0,0,0,0.0,true,1780985553665314818
1780985553917060400,true,false,3,3,0,0,0,0,0.0,true,1780985553914563342
1780985554017684971,true,false,3,3,0,0,0,0,0.0,true,1780985553966534966
1780985554117180991,true,false,3,3,0,0,0,0,0.0,true,1780985553966534966
1780985554217405839,true,false,3,3,0,0,0,0,0.0,true,1780985554210963957
1780985554319500664,true,false,3,3,0,0,0,0,0.0,true,1780985554244686919
1780985554416844734,true,false,3,3,0,0,0,0,0.0,true,1780985554244686919
1780985554516869097,true,false,3,3,0,0,0,0,0.0,true,1780985554500818339
1780985554617543845,true,false,3,3,0,0,0,0,0.0,true,1780985554528663202
1780985554717171889,true,false,3,3,0,0,0,0,0.0,true,1780985554713599765
1780985554818545738,true,false,3,3,0,0,0,0,0.0,true,1780985554810047896
1780985554917506122,true,false,3,3,0,0,0,0,0.0,true,1780985554810047896
1780985555017401068,true,false,3,3,0,0,0,0,0.0,true,1780985555008878557
1780985555117112435,true,false,3,3,0,0,0,0,0.0,true,1780985555084537560
1780985555217425613,true,false,3,3,0,0,0,0,0.0,true,1780985555084537560
1780985555317510401,true,false,3,3,0,0,0,0,0.0,true,1780985555313879357
1780985555417080363,true,false,3,3,0,0,0,0,0.0,true,1780985555362762284
1780985555516753672,true,false,3,3,0,0,0,0,0.0,true,1780985555362762284
1780985555616931496,true,false,3,3,0,0,0,0,0.0,true,1780985555598554078
1780985555717457142,true,false,3,3,0,0,0,0,0.0,true,1780985555637266342
1780985555817170371,true,false,3,3,0,0,0,0,0.0,true,1780985555802288624
1780985555916622206,true,false,3,3,0,0,0,0,0.0,true,1780985555916337104
1780985556018571028,true,false,3,3,0,0,0,0,0.0,true,1780985555916337104
1780985556116770397,true,false,3,3,0,0,0,0,0.0,true,1780985556116727879
1780985556219567663,true,false,3,3,0,0,0,0,0.0,true,1780985556210792214
1780985556317032319,true,false,3,3,0,0,0,0,0.0,true,1780985556210792214
1780985556416995759,true,false,3,3,0,0,0,0,0.0,true,1780985556414600143
1780985556516819150,true,false,3,3,0,0,0,0,0.0,true,1780985556492326642
1780985556617093443,true,false,3,3,0,0,0,0,0.0,true,1780985556528280515
1780985556717483141,true,false,3,3,0,0,0,0,0.0,true,1780985556716077204
1780985556820528913,true,false,3,3,0,0,0,0,0.0,true,1780985556790562095
1780985556917115409,true,false,3,3,0,0,0,0,0.0,true,1780985556790562095
1780985557017072286,true,false,3,3,0,0,0,0,0.0,true,1780985557014587616
1780985557118569002,true,false,3,3,0,0,0,0,0.0,true,1780985557054688488
1780985557216854523,true,false,3,3,0,0,0,0,0.0,true,1780985557054688488
1780985557316798359,true,false,3,3,0,0,0,0,0.0,true,1780985557300314267
1780985557417615212,true,false,3,3,0,0,0,0,0.0,true,1780985557340799780
1780985557517385839,true,false,3,3,0,0,0,0,0.0,true,1780985557512921276
1780985557616756850,true,false,3,3,0,0,0,0,0.0,true,1780985557616121346
1780985557717476371,true,false,3,3,0,0,0,0,0.0,true,1780985557632270945
1780985557817044061,true,false,3,3,0,0,0,0,0.0,true,1780985557799225647
1780985557916693223,true,false,3,3,0,0,0,0,0.0,true,1780985557905210686
1780985558017212955,true,false,3,3,0,0,0,0,0.0,true,1780985557905210686
1780985558116719064,true,false,3,3,0,0,0,0,0.0,true,1780985558114266553
1780985558216952318,true,false,3,3,0,0,0,0,0.0,true,1780985558188972159
1780985558316907527,true,false,3,3,0,0,0,0,0.0,true,1780985558188972159
1780985558416816417,true,false,3,3,0,0,0,0,0.0,true,1780985558408399789
1780985558517098135,true,false,3,3,0,0,0,0,0.0,true,1780985558464076159
1780985558616941240,true,false,3,3,0,0,0,0,0.0,true,1780985558464076159
1780985558716804602,true,false,3,3,0,0,0,0,0.0,true,1780985558702052950
1780985558817362631,true,false,3,3,0,0,0,0,0.0,true,1780985558738281220
1780985558917529185,true,false,3,3,0,0,0,0,0.0,true,1780985558899842150
1780985559017195911,true,false,3,3,0,0,0,0,0.0,true,1780985559011683214
1780985559116797549,true,false,3,3,0,0,0,0,0.0,true,1780985559019189373
1780985559217307891,true,false,3,3,0,0,0,0,0.0,true,1780985559213857334
1780985559319507099,true,false,3,3,0,0,0,0,0.0,true,1780985559299333507
1780985559417275231,true,false,3,3,0,0,0,0,0.0,true,1780985559299333507
1780985559516664261,true,false,3,3,0,0,0,0,0.0,true,1780985559503919253
1780985559616798711,true,false,3,3,0,0,0,0,0.0,true,1780985559585819355
1780985559716801372,true,false,3,3,0,0,0,0,0.0,true,1780985559585819355
1780985559816729025,true,false,3,3,0,0,0,0,0.0,true,1780985559816532346
1780985559917175737,true,false,3,3,0,0,0,0,0.0,true,1780985559863046233
1780985560016904450,true,false,3,3,0,0,0,0,0.0,true,1780985559863046233
1780985560116936641,true,false,3,3,0,0,0,0,0.0,true,1780985560103575308
1780985560217645650,true,false,3,3,0,0,0,0,0.0,true,1780985560143677687
1780985560317025777,true,false,3,3,0,0,0,0,0.0,true,1780985560313322148
1780985560417448351,true,false,3,3,0,0,0,0,0.0,true,1780985560393731825
1780985560517526049,true,false,3,3,0,0,0,0,0.0,true,1780985560433276504
1780985560616966252,true,false,3,3,0,0,0,0,0.0,true,1780985560614526664
1780985560717553284,true,false,3,3,0,0,0,0,0.0,true,1780985560708767517
1780985560817092244,true,false,3,3,0,0,0,0,0.0,true,1780985560708767517
1780985560916674271,true,false,3,3,0,0,0,0,0.0,true,1780985560903892759
1780985561018524210,true,false,3,3,0,0,0,0,0.0,true,1780985560990752855
1780985561117347556,true,false,3,3,0,0,0,0,0.0,true,1780985560990752855
1780985561216920929,true,false,3,3,0,0,0,0,0.0,true,1780985561215447827
1780985561317036675,true,false,3,3,0,0,0,0,0.0,true,1780985561267026461
1780985561417626464,true,false,3,3,0,0,0,0,0.0,true,1780985561267026461
1780985561519513772,true,false,3,3,0,0,0,0,0.0,true,1780985561512236859
1780985561617516630,true,false,3,3,0,0,0,0,0.0,true,1780985561554013703
1780985561716775854,true,false,3,3,0,0,0,0,0.0,true,1780985561554013703
1780985561816868782,true,false,3,3,0,0,0,0,0.0,true,1780985561798217565
1780985561920549419,true,false,3,3,0,0,0,0,0.0,true,1780985561837813175
1780985562017042877,true,false,3,3,0,0,0,0,0.0,true,1780985561837813175
1780985562118055466,true,false,3,3,0,0,0,0,0.0,true,1780985562110199082
1780985562216897920,true,false,3,3,0,0,0,0,0.0,true,1780985562154712351
1780985562317653595,true,false,3,3,0,0,0,0,0.0,true,1780985562154712351
1780985562416935309,true,false,3,3,0,0,0,0,0.0,true,1780985562409328888
1780985562516851779,true,false,3,3,0,0,0,0,0.0,true,1780985562430170517
1780985562616991514,true,false,3,3,0,0,0,0,0.0,true,1780985562430170517
1780985562717297229,true,false,3,3,0,0,0,0,0.0,true,1780985562714805160
1780985562817772410,true,false,3,3,0,0,0,0,0.0,true,1780985562728202405
1780985562916864250,true,false,3,3,0,0,0,0,0.0,true,1780985562728202405
1780985563017538199,true,false,3,3,0,0,0,0,0.0,true,1780985562996982395
1780985563117439634,true,false,3,3,0,0,0,0,0.0,true,1780985563037134949
1780985563216800536,true,false,3,3,0,0,0,0,0.0,true,1780985563196022577
1780985563317596950,true,false,3,3,0,0,0,0,0.0,true,1780985563314992266
1780985563416807684,true,false,3,3,0,0,0,0,0.0,true,1780985563314992266
1780985563517171270,true,false,3,3,0,0,0,0,0.0,true,1780985563512668605
1780985563618524366,true,false,3,3,0,0,0,0,0.0,true,1780985563590429746
1780985563716981724,true,false,3,3,0,0,0,0,0.0,true,1780985563590429746
1780985563816694782,true,false,3,3,0,0,0,0,0.0,true,1780985563809104070
1780985563917048935,true,false,3,3,0,0,0,0,0.0,true,1780985563864369094
1780985564016977376,true,false,3,3,0,0,0,0,0.0,true,1780985563864369094
1780985564119524263,true,false,3,3,0,0,0,0,0.0,true,1780985564106025898
1780985564217664266,true,false,3,3,0,0,0,0,0.0,true,1780985564144129256
1780985564317112124,true,false,3,3,0,0,0,0,0.0,true,1780985564307398666
1780985564418140196,true,false,3,3,0,0,0,0,0.0,true,1780985564416817001
1780985564517399965,true,false,3,3,0,0,0,0,0.0,true,1780985564425866251
1780985564616960956,true,false,3,3,0,0,0,0,0.0,true,1780985564612461545
1780985564722558940,true,false,3,3,0,0,0,0,0.0,true,1780985564709061747
1780985564822985943,true,false,3,3,0,0,0,0,0.0,true,1780985564709061747
1780985564922958713,true,false,3,3,0,0,0,0,0.0,true,1780985564917570485
1780985565026532041,true,false,3,3,0,0,0,0,0.0,true,1780985564981178456
1780985565123209757,true,false,3,3,0,0,0,0,0.0,true,1780985564981178456
1780985565223231812,true,false,3,3,0,0,0,0,0.0,true,1780985565220787632
1780985565323091333,true,false,3,3,0,0,0,0,0.0,true,1780985565270570498
1780985565423667506,true,false,3,3,0,0,0,0,0.0,true,1780985565270570498
1780985565524523011,true,false,3,3,0,0,0,0,0.0,true,1780985565517693443
1780985565623527185,true,false,3,3,0,0,0,0,0.0,true,1780985565557531452
1780985565723498330,true,false,3,3,0,0,0,0,0.0,true,1780985565557531452
1780985565826589416,true,false,3,3,0,0,0,0,0.0,true,1780985565809109608
1780985565923565228,true,false,3,3,0,0,0,0,0.0,true,1780985565843497133
1780985566023053283,true,false,3,3,0,0,0,0,0.0,true,1780985566007328704
1780985566123293040,true,false,3,3,0,0,0,0,0.0,true,1780985566120816815
1780985566222711707,true,false,3,3,0,0,0,0,0.0,true,1780985566120816815
1780985566322982862,true,false,3,3,0,0,0,0,0.0,true,1780985566318506002
1780985566422858723,true,false,3,3,0,0,0,0,0.0,true,1780985566392727904
1780985566523159868,true,false,3,3,0,0,0,0,0.0,true,1780985566392727904
1780985566623038852,true,false,3,3,0,0,0,0,0.0,true,1780985566620520891
1780985566723099561,true,false,3,3,0,0,0,0,0.0,true,1780985566669605349
1780985566823445939,true,false,3,3,0,0,0,0,0.0,true,1780985566669605349
1780985566924547200,true,false,3,3,0,0,0,0,0.0,true,1780985566917125364
1780985567023553272,true,false,3,3,0,0,0,0,0.0,true,1780985566958813472
1780985567123484634,true,false,3,3,0,0,0,0,0.0,true,1780985566958813472
1780985567223546234,true,false,3,3,0,0,0,0,0.0,true,1780985567209416662
1780985567322671472,true,false,3,3,0,0,0,0,0.0,true,1780985567248183410
1780985567423603345,true,false,3,3,0,0,0,0,0.0,true,1780985567418128210
1780985567522862897,true,false,3,3,0,0,0,0,0.0,true,1780985567494848320
1780985567623560569,true,false,3,3,0,0,0,0,0.0,true,1780985567531898860
1780985567723030259,true,false,3,3,0,0,0,0,0.0,true,1780985567720413697
1780985567823125361,true,false,3,3,0,0,0,0,0.0,true,1780985567818427736
1780985567922861060,true,false,3,3,0,0,0,0,0.0,true,1780985567818427736
1780985568023119618,true,false,3,3,0,0,0,0,0.0,true,1780985568017647415
1780985568124580896,true,false,3,3,0,0,0,0,0.0,true,1780985568095550977
1780985568223202611,true,false,3,3,0,0,0,0,0.0,true,1780985568095550977
1780985568323158482,true,false,3,3,0,0,0,0,0.0,true,1780985568315458826
1780985568423165269,true,false,3,3,0,0,0,0,0.0,true,1780985568376271667
1780985568523359253,true,false,3,3,0,0,0,0,0.0,true,1780985568376271667
1780985568623023631,true,false,3,3,0,0,0,0,0.0,true,1780985568616545796
1780985568723170997,true,false,3,3,0,0,0,0,0.0,true,1780985568672222863
1780985568823468138,true,false,3,3,0,0,0,0,0.0,true,1780985568672222863
1780985568924522455,true,false,3,3,0,0,0,0,0.0,true,1780985568917922203
1780985569022825217,true,false,3,3,0,0,0,0,0.0,true,1780985568952580242
1780985569123034298,true,false,3,3,0,0,0,0,0.0,true,1780985569116535635
1780985569223092833,true,false,3,3,0,0,0,0,0.0,true,1780985569197823657
1780985569323316397,true,false,3,3,0,0,0,0,0.0,true,1780985569241316706
1780985569422964057,true,false,3,3,0,0,0,0,0.0,true,1780985569408325379
1780985569523428832,true,false,3,3,0,0,0,0,0.0,true,1780985569518871867
1780985569622900014,true,false,3,3,0,0,0,0,0.0,true,1780985569527816218
1780985569722903386,true,false,3,3,0,0,0,0,0.0,true,1780985569719247270
1780985569823605432,true,false,3,3,0,0,0,0,0.0,true,1780985569801651726
1780985569922802025,true,false,3,3,0,0,0,0,0.0,true,1780985569801651726
1780985570022768902,true,false,3,3,0,0,0,0,0.0,true,1780985570008121531
1780985570122781481,true,false,3,3,0,0,0,0,0.0,true,1780985570087706893
1780985570223576143,true,false,3,3,0,0,0,0,0.0,true,1780985570087706893
1780985570323009150,true,false,3,3,0,0,0,0,0.0,true,1780985570321617977
1780985570423002827,true,false,3,3,0,0,0,0,0.0,true,1780985570374635610
1780985570523445928,true,false,3,3,0,0,0,0,0.0,true,1780985570374635610
1780985570622930683,true,false,3,3,0,0,0,0,0.0,true,1780985570621429028
1780985570723234809,true,false,3,3,0,0,0,0,0.0,true,1780985570654111118
1780985570823351158,true,false,3,3,0,0,0,0,0.0,true,1780985570654111118
1780985570923382893,true,false,3,3,0,0,0,0,0.0,true,1780985570915933370
1780985571023063629,true,false,3,3,0,0,0,0,0.0,true,1780985570952927705
1780985571123319954,true,false,3,3,0,0,0,0,0.0,true,1780985571114876773
1780985571223203213,true,false,3,3,0,0,0,0,0.0,true,1780985571194332260
1780985571323467740,true,false,3,3,0,0,0,0,0.0,true,1780985571233182087
1780985571423498835,true,false,3,3,0,0,0,0,0.0,true,1780985571415049449
1780985571528543391,true,false,3,3,0,0,0,0,0.0,true,1780985571513365240
1780985571628952942,true,false,3,3,0,0,0,0,0.0,true,1780985571513365240
1780985571728725639,true,false,3,3,0,0,0,0,0.0,true,1780985571728614108
1780985571828980145,true,false,3,3,0,0,0,0,0.0,true,1780985571798210636
1780985571928944416,true,false,3,3,0,0,0,0,0.0,true,1780985571798210636
1780985572029215637,true,false,3,3,0,0,0,0,0.0,true,1780985572014698466
1780985572129172125,true,false,3,3,0,0,0,0,0.0,true,1780985572100556195
1780985572229400398,true,false,3,3,0,0,0,0,0.0,true,1780985572100556195
1780985572329076184,true,false,3,3,0,0,0,0,0.0,true,1780985572323571176
1780985572429721682,true,false,3,3,0,0,0,0,0.0,true,1780985572392266038
1780985572529294895,true,false,3,3,0,0,0,0,0.0,true,1780985572392266038
1780985572629541958,true,false,3,3,0,0,0,0,0.0,true,1780985572626060231
1780985572728862431,true,false,3,3,0,0,0,0,0.0,true,1780985572692242550
1780985572828793884,true,false,3,3,0,0,0,0,0.0,true,1780985572692242550
1780985572929507299,true,false,3,3,0,0,0,0,0.0,true,1780985572920001964
1780985573029095674,true,false,3,3,0,0,0,0,0.0,true,1780985573011983871
1780985573129407635,true,false,3,3,0,0,0,0,0.0,true,1780985573011983871
1780985573229443538,true,false,3,3,0,0,0,0,0.0,true,1780985573221868372
1780985573329525349,true,false,3,3,0,0,0,0,0.0,true,1780985573285265458
1780985573429172010,true,false,3,3,0,0,0,0,0.0,true,1780985573285265458
1780985573528744087,true,false,3,3,0,0,0,0,0.0,true,1780985573518079967
1780985573628892255,true,false,3,3,0,0,0,0,0.0,true,1780985573583618084
1780985573729621274,true,false,3,3,0,0,0,0,0.0,true,1780985573583618084
1780985573829528614,true,false,3,3,0,0,0,0,0.0,true,1780985573816967293
1780985573929739876,true,false,3,3,0,0,0,0,0.0,true,1780985573907254791
1780985574029254787,true,false,3,3,0,0,0,0,0.0,true,1780985573907254791
1780985574129060043,true,false,3,3,0,0,0,0,0.0,true,1780985574124412220
1780985574229732722,true,false,3,3,0,0,0,0,0.0,true,1780985574191161559
1780985574329578702,true,false,3,3,0,0,0,0,0.0,true,1780985574191161559
1780985574429093199,true,false,3,3,0,0,0,0,0.0,true,1780985574427624821
1780985574529041173,true,false,3,3,0,0,0,0,0.0,true,1780985574487318408
1780985574628850020,true,false,3,3,0,0,0,0,0.0,true,1780985574487318408
1780985574729348507,true,false,3,3,0,0,0,0,0.0,true,1780985574724956831
1780985574830733589,true,false,3,3,0,0,0,0,0.0,true,1780985574781974968
1780985574929356678,true,false,3,3,0,0,0,0,0.0,true,1780985574781974968
1780985575029609389,true,false,3,3,0,0,0,0,0.0,true,1780985575019057600
1780985575129319723,true,false,3,3,0,0,0,0,0.0,true,1780985575079271004
1780985575228812965,true,false,3,3,0,0,0,0,0.0,true,1780985575079271004
1780985575329497098,true,false,3,3,0,0,0,0,0.0,true,1780985575320895520
1780985575429050760,true,false,3,3,0,0,0,0,0.0,true,1780985575364195388
1780985575529259892,true,false,3,3,0,0,0,0,0.0,true,1780985575364195388
1780985575629140287,true,false,3,3,0,0,0,0,0.0,true,1780985575624595455
1780985575729069050,true,false,3,3,0,0,0,0,0.0,true,1780985575673351133
1780985575829398013,true,false,3,3,0,0,0,0,0.0,true,1780985575673351133
1780985575928993362,true,false,3,3,0,0,0,0,0.0,true,1780985575926609111
1780985576029226136,true,false,3,3,0,0,0,0,0.0,true,1780985575949085092
1780985576129407590,true,false,3,3,0,0,0,0,0.0,true,1780985576113658474
1780985576229184792,true,false,3,3,0,0,0,0,0.0,true,1780985576225217978
1780985576329848962,true,false,3,3,0,0,0,0,0.0,true,1780985576225217978
1780985576429069551,true,false,3,3,0,0,0,0,0.0,true,1780985576428829998
1780985576533786443,true,false,3,3,0,0,0,0,0.0,true,1780985576506817793
1780985576635127543,true,false,3,3,0,0,0,0,0.0,true,1780985576506817793
1780985576735633554,true,false,3,3,0,0,0,0,0.0,true,1780985576733959601
1780985576837539934,true,false,3,3,0,0,0,0,0.0,true,1780985576801717865
1780985576935082459,true,false,3,3,0,0,0,0,0.0,true,1780985576801717865
1780985577034850139,true,false,3,3,0,0,0,0,0.0,true,1780985577030377648
1780985577134953313,true,false,3,3,0,0,0,0,0.0,true,1780985577093166095
1780985577235532429,true,false,3,3,0,0,0,0,0.0,true,1780985577093166095
1780985577335446968,true,false,3,3,0,0,0,0,0.0,true,1780985577324492348
1780985577435577226,true,false,3,3,0,0,0,0,0.0,true,1780985577383991393
1780985577534911189,true,false,3,3,0,0,0,0,0.0,true,1780985577383991393
1780985577635277159,true,false,3,3,0,0,0,0,0.0,true,1780985577631615160
1780985577735548033,true,false,3,3,0,0,0,0,0.0,true,1780985577667281055
1780985577835087188,true,false,3,3,0,0,0,0,0.0,true,1780985577667281055
1780985577934818124,true,false,3,3,0,0,0,0,0.0,true,1780985577915120086
1780985578034899507,true,false,3,3,0,0,0,0,0.0,true,1780985577954760887
1780985578134982589,true,false,3,3,0,0,0,0,0.0,true,1780985577954760887
1780985578235073172,true,false,3,3,0,0,0,0,0.0,true,1780985578227402560
1780985578335179921,true,false,3,3,0,0,0,0,0.0,true,1780985578273660244
1780985578435694361,true,false,3,3,0,0,0,0,0.0,true,1780985578273660244
1780985578534886352,true,false,3,3,0,0,0,0,0.0,true,1780985578515005434
1780985578637539892,true,false,3,3,0,0,0,0,0.0,true,1780985578551574753
1780985578734717598,true,false,3,3,0,0,0,0,0.0,true,1780985578722883571
1780985578835252511,true,false,3,3,0,0,0,0,0.0,true,1780985578835198871
1780985578935535617,true,false,3,3,0,0,0,0,0.0,true,1780985578841896132
1780985579034768024,true,false,3,3,0,0,0,0,0.0,true,1780985579024008291
1780985579137562882,true,false,3,3,0,0,0,0,0.0,true,1780985579119556867
1780985579235197263,true,false,3,3,0,0,0,0,0.0,true,1780985579119556867
1780985579334917771,true,false,3,3,0,0,0,0,0.0,true,1780985579320083783
1780985579434881114,true,false,3,3,0,0,0,0,0.0,true,1780985579395707885
1780985579535397608,true,false,3,3,0,0,0,0,0.0,true,1780985579395707885
1780985579634818834,true,false,3,3,0,0,0,0,0.0,true,1780985579626091686
1780985579734980194,true,false,3,3,0,0,0,0,0.0,true,1780985579676283188
1780985579834743566,true,false,3,3,0,0,0,0,0.0,true,1780985579676283188
1780985579934783521,true,false,3,3,0,0,0,0,0.0,true,1780985579914386575
1780985580037555517,true,false,3,3,0,0,0,0,0.0,true,1780985579953077758
1780985580134600642,true,false,3,3,0,0,0,0,0.0,true,1780985580134246258
1780985580235501320,true,false,3,3,0,0,0,0,0.0,true,1780985580234082941
1780985580334889076,true,false,3,3,0,0,0,0,0.0,true,1780985580234082941
1780985580435009582,true,false,3,3,0,0,0,0,0.0,true,1780985580431598620
1780985580534772300,true,false,3,3,0,0,0,0,0.0,true,1780985580517599193
1780985580634674364,true,false,3,3,0,0,0,0,0.0,true,1780985580517599193
1780985580735808516,true,false,3,3,0,0,0,0,0.0,true,1780985580722899247
1780985580834712763,true,false,3,3,0,0,0,0,0.0,true,1780985580787727833
1780985580934727392,true,false,3,3,0,0,0,0,0.0,true,1780985580787727833
1780985581036554536,true,false,3,3,0,0,0,0,0.0,true,1780985581034997928
1780985581135341788,true,false,3,3,0,0,0,0,0.0,true,1780985581060464673
1780985581235344075,true,false,3,3,0,0,0,0,0.0,true,1780985581231761301
1780985581334821771,true,false,3,3,0,0,0,0,0.0,true,1780985581308119755
1780985581435083377,true,false,3,3,0,0,0,0,0.0,true,1780985581346884241
1780985581535684777,true,false,3,3,0,0,0,0,0.0,true,1780985581346884241
1780985581637535540,true,false,3,3,0,0,0,0,0.0,true,1780985581623504037
1780985581735625040,true,false,3,3,0,0,0,0,0.0,true,1780985581623504037
1780985581835576237,true,false,3,3,0,0,0,0,0.0,true,1780985581623504037
1780985581935018329,true,false,3,3,0,0,0,0,0.0,true,1780985581933380771
1780985582037546255,true,false,3,3,0,0,0,0,0.0,true,1780985581960077782
1780985582135150487,true,false,3,3,0,0,0,0,0.0,true,1780985581960077782
1780985582235636895,true,false,3,3,0,0,0,0,0.0,true,1780985582226964391
1780985582334914522,true,false,3,3,0,0,0,0,0.0,true,1780985582261158606
1780985582434823473,true,false,3,3,0,0,0,0,0.0,true,1780985582431287199
1780985582534758726,true,false,3,3,0,0,0,0,0.0,true,1780985582523404712
1780985582634768827,true,false,3,3,0,0,0,0,0.0,true,1780985582547269885
1780985582734896386,true,false,3,3,0,0,0,0,0.0,true,1780985582731455629
1780985582836526400,true,false,3,3,0,0,0,0,0.0,true,1780985582826172440
1780985582935600230,true,false,3,3,0,0,0,0,0.0,true,1780985582826172440
1780985583035358187,true,false,3,3,0,0,0,0,0.0,true,1780985583032953769
1780985583134822423,true,false,3,3,0,0,0,0,0.0,true,1780985583105335319
1780985583235443601,true,false,3,3,0,0,0,0,0.0,true,1780985583105335319
1780985583334626600,true,false,3,3,0,0,0,0,0.0,true,1780985583334435362
1780985583435125244,true,false,3,3,0,0,0,0,0.0,true,1780985583387652551
1780985583534874238,true,false,3,3,0,0,0,0,0.0,true,1780985583387652551
1780985583634963070,true,false,3,3,0,0,0,0,0.0,true,1780985583621272845
1780985583734827834,true,false,3,3,0,0,0,0,0.0,true,1780985583668414648
1780985583835240274,true,false,3,3,0,0,0,0,0.0,true,1780985583831638175
1780985583934837684,true,false,3,3,0,0,0,0,0.0,true,1780985583910874137
1780985584034782479,true,false,3,3,0,0,0,0,0.0,true,1780985583951325747
1780985584134962638,true,false,3,3,0,0,0,0,0.0,true,1780985584132433380
1780985584237536112,true,false,3,3,0,0,0,0,0.0,true,1780985584230438542
1780985584334948175,true,false,3,3,0,0,0,0,0.0,true,1780985584230438542
1780985584435710692,true,false,3,3,0,0,0,0,0.0,true,1780985584430203540
1780985584536549869,true,false,3,3,0,0,0,0,0.0,true,1780985584509783400
1780985584635432460,true,false,3,3,0,0,0,0,0.0,true,1780985584509783400
1780985584734957365,true,false,3,3,0,0,0,0,0.0,true,1780985584730463002
1780985584834779238,true,false,3,3,0,0,0,0,0.0,true,1780985584788867923
1780985584935267489,true,false,3,3,0,0,0,0,0.0,true,1780985584788867923
1780985585037536393,true,false,3,3,0,0,0,0,0.0,true,1780985585027618352
1780985585134837317,true,false,3,3,0,0,0,0,0.0,true,1780985585067546533
1780985585235615862,true,false,3,3,0,0,0,0,0.0,true,1780985585227933756
1780985585334793922,true,false,3,3,0,0,0,0,0.0,true,1780985585307976002
1780985585435509345,true,false,3,3,0,0,0,0,0.0,true,1780985585348566572
1780985585534720559,true,false,3,3,0,0,0,0,0.0,true,1780985585530179388
1780985585634685377,true,false,3,3,0,0,0,0,0.0,true,1780985585623774979
1780985585734785411,true,false,3,3,0,0,0,0,0.0,true,1780985585623774979
1780985585835409182,true,false,3,3,0,0,0,0,0.0,true,1780985585830825521
1780985585935488993,true,false,3,3,0,0,0,0,0.0,true,1780985585912877771
1780985586035003230,true,false,3,3,0,0,0,0,0.0,true,1780985585912877771
1780985586135366173,true,false,3,3,0,0,0,0,0.0,true,1780985586129795738
1780985586235215031,true,false,3,3,0,0,0,0,0.0,true,1780985586194235344
1780985586335191982,true,false,3,3,0,0,0,0,0.0,true,1780985586194235344
1780985586434921427,true,false,3,3,0,0,0,0,0.0,true,1780985586433505056
1780985586534830878,true,false,3,3,0,0,0,0,0.0,true,1780985586484758166
1780985586635606107,true,false,3,3,0,0,0,0,0.0,true,1780985586484758166
1780985586735004153,true,false,3,3,0,0,0,0,0.0,true,1780985586732428223
1780985586835562748,true,false,3,3,0,0,0,0,0.0,true,1780985586794723715
1780985586935690332,true,false,3,3,0,0,0,0,0.0,true,1780985586794723715
1780985587034975934,true,false,3,3,0,0,0,0,0.0,true,1780985587021973615
1780985587134748964,true,false,3,3,0,0,0,0,0.0,true,1780985587102290116
1780985587234778730,true,false,3,3,0,0,0,0,0.0,true,1780985587102290116
1780985587335031647,true,false,3,3,0,0,0,0,0.0,true,1780985587102290116
1780985587434826091,true,false,3,3,0,0,0,0,0.0,true,1780985587418088328
1780985587537053465,true,false,3,3,0,0,0,0,0.0,true,1780985587446310785
1780985587634857142,true,false,3,3,0,0,0,0,0.0,true,1780985587621197409
1780985587735368711,true,false,3,3,0,0,0,0,0.0,true,1780985587731727992
1780985587834698212,true,false,3,3,0,0,0,0,0.0,true,1780985587731727992
1780985587935086918,true,false,3,3,0,0,0,0,0.0,true,1780985587930291591
1780985588035371623,true,false,3,3,0,0,0,0,0.0,true,1780985588032880574
1780985588135454042,true,false,3,3,0,0,0,0,0.0,true,1780985588032880574
1780985588235126562,true,false,3,3,0,0,0,0,0.0,true,1780985588231560927
1780985588335504950,true,false,3,3,0,0,0,0,0.0,true,1780985588319461994
1780985588435318012,true,false,3,3,0,0,0,0,0.0,true,1780985588319461994
1780985588535941076,true,false,3,3,0,0,0,0,0.0,true,1780985588533166503
1780985588634841195,true,false,3,3,0,0,0,0,0.0,true,1780985588602184710
1780985588735329737,true,false,3,3,0,0,0,0,0.0,true,1780985588602184710
1780985588835118583,true,false,3,3,0,0,0,0,0.0,true,1780985588829720504
1780985588936999180,true,false,3,3,0,0,0,0,0.0,true,1780985588887806012
1780985589035610986,true,false,3,3,0,0,0,0,0.0,true,1780985588887806012
1780985589135713985,true,false,3,3,0,0,0,0,0.0,true,1780985589126752472
1780985589235497916,true,false,3,3,0,0,0,0,0.0,true,1780985589183134365
1780985589335433130,true,false,3,3,0,0,0,0,0.0,true,1780985589183134365
1780985589436522963,true,false,3,3,0,0,0,0,0.0,true,1780985589425917381
1780985589534746709,true,false,3,3,0,0,0,0,0.0,true,1780985589459994997
1780985589635449444,true,false,3,3,0,0,0,0,0.0,true,1780985589627853930
1780985589735532628,true,false,3,3,0,0,0,0,0.0,true,1780985589719310308
1780985589835092312,true,false,3,3,0,0,0,0,0.0,true,1780985589741898798
1780985589935527009,true,false,3,3,0,0,0,0,0.0,true,1780985589929861303
1780985590035212334,true,false,3,3,0,0,0,0,0.0,true,1780985590023129027
1780985590134799391,true,false,3,3,0,0,0,0,0.0,true,1780985590023129027
1780985590234623307,true,false,3,3,0,0,0,0,0.0,true,1780985590230211860
1780985590334772648,true,false,3,3,0,0,0,0,0.0,true,1780985590302785284
1780985590435219684,true,false,3,3,0,0,0,0,0.0,true,1780985590302785284
1780985590535563550,true,false,3,3,0,0,0,0,0.0,true,1780985590527898901
1780985590635295039,true,false,3,3,0,0,0,0,0.0,true,1780985590578915474
1780985590734984570,true,false,3,3,0,0,0,0,0.0,true,1780985590578915474
1780985590835600287,true,false,3,3,0,0,0,0,0.0,true,1780985590831231888
1780985590935667606,true,false,3,3,0,0,0,0,0.0,true,1780985590851884829
1780985591035603073,true,false,3,3,0,0,0,0,0.0,true,1780985591020674999
1780985591137790481,true,false,3,3,0,0,0,0,0.0,true,1780985591129915033
1780985591238529527,true,false,3,3,0,0,0,0,0.0,true,1780985591129915033
1780985591335394217,true,false,3,3,0,0,0,0,0.0,true,1780985591320546647
1780985591434818381,true,false,3,3,0,0,0,0,0.0,true,1780985591410742525
1780985591535042969,true,false,3,3,0,0,0,0,0.0,true,1780985591410742525
1780985591635383686,true,false,3,3,0,0,0,0,0.0,true,1780985591626641671
1780985591734848137,true,false,3,3,0,0,0,0,0.0,true,1780985591702553176
1780985591834967769,true,false,3,3,0,0,0,0,0.0,true,1780985591702553176
1780985591935003071,true,false,3,3,0,0,0,0,0.0,true,1780985591702553176
1780985592036152703,true,false,3,3,0,0,0,0,0.0,true,1780985592017627579
1780985592135503223,true,false,3,3,0,0,0,0,0.0,true,1780985592061873897
1780985592235270406,true,false,3,3,0,0,0,0,0.0,true,1780985592061873897
1780985592337545399,true,false,3,3,0,0,0,0,0.0,true,1780985592330522060
1780985592436502360,true,false,3,3,0,0,0,0,0.0,true,1780985592367185616
1780985592535603445,true,false,3,3,0,0,0,0,0.0,true,1780985592367185616
1780985592635537654,true,false,3,3,0,0,0,0,0.0,true,1780985592622948417
1780985592734832447,true,false,3,3,0,0,0,0,0.0,true,1780985592651991210
1780985592835005364,true,false,3,3,0,0,0,0,0.0,true,1780985592651991210
1780985592934952408,true,false,3,3,0,0,0,0,0.0,true,1780985592924124860
1780985593034813326,true,false,3,3,0,0,0,0,0.0,true,1780985592995565651
1780985593135516489,true,false,3,3,0,0,0,0,0.0,true,1780985592995565651
1780985593235012640,true,false,3,3,0,0,0,0,0.0,true,1780985593216353715
1780985593334811272,true,false,3,3,0,0,0,0,0.0,true,1780985593289090510
1780985593435070356,true,false,3,3,0,0,0,0,0.0,true,1780985593289090510
1780985593535070629,true,false,3,3,0,0,0,0,0.0,true,1780985593523347321
1780985593637511961,true,false,3,3,0,0,0,0,0.0,true,1780985593570821946
1780985593734746250,true,false,3,3,0,0,0,0,0.0,true,1780985593570821946
1780985593834751404,true,false,3,3,0,0,0,0,0.0,true,1780985593828207964
1780985593935539856,true,false,3,3,0,0,0,0,0.0,true,1780985593871784502
1780985594034690824,true,false,3,3,0,0,0,0,0.0,true,1780985593871784502
1780985594134945327,true,false,3,3,0,0,0,0,0.0,true,1780985594129440005
1780985594235014875,true,false,3,3,0,0,0,0,0.0,true,1780985594159881180
1780985594335092542,true,false,3,3,0,0,0,0,0.0,true,1780985594159881180
1780985594434796758,true,false,3,3,0,0,0,0,0.0,true,1780985594428286416
1780985594535161569,true,false,3,3,0,0,0,0,0.0,true,1780985594474658550
1780985594635488215,true,false,3,3,0,0,0,0,0.0,true,1780985594474658550
1780985594735332294,true,false,3,3,0,0,0,0,0.0,true,1780985594733551746
1780985594838512755,true,false,3,3,0,0,0,0,0.0,true,1780985594759840957
1780985594934967720,true,false,3,3,0,0,0,0,0.0,true,1780985594759840957
1780985595034912078,true,false,3,3,0,0,0,0,0.0,true,1780985595032430929
1780985595134963551,true,false,3,3,0,0,0,0,0.0,true,1780985595063826250
1780985595235150301,true,false,3,3,0,0,0,0,0.0,true,1780985595063826250
1780985595334762555,true,false,3,3,0,0,0,0,0.0,true,1780985595319599214
1780985595434831478,true,false,3,3,0,0,0,0,0.0,true,1780985595351369773
1780985595534713651,true,false,3,3,0,0,0,0,0.0,true,1780985595532261798
1780985595637554757,true,false,3,3,0,0,0,0,0.0,true,1780985595629679272
1780985595735074641,true,false,3,3,0,0,0,0,0.0,true,1780985595629679272
1780985595834757773,true,false,3,3,0,0,0,0,0.0,true,1780985595833333091
1780985595934981956,true,false,3,3,0,0,0,0,0.0,true,1780985595921908471
1780985596035106691,true,false,3,3,0,0,0,0,0.0,true,1780985595921908471
1780985596135674936,true,false,3,3,0,0,0,0,0.0,true,1780985596132222447
1780985596235157486,true,false,3,3,0,0,0,0,0.0,true,1780985596194582604
1780985596334710544,true,false,3,3,0,0,0,0,0.0,true,1780985596194582604
1780985596435109520,true,false,3,3,0,0,0,0,0.0,true,1780985596427453431
1780985596534748053,true,false,3,3,0,0,0,0,0.0,true,1780985596480512531
1780985596635075390,true,false,3,3,0,0,0,0,0.0,true,1780985596480512531
1780985596734798242,true,false,3,3,0,0,0,0,0.0,true,1780985596719335260
1780985596838561231,true,false,3,3,0,0,0,0,0.0,true,1780985596757769181
1780985596935498230,true,false,3,3,0,0,0,0,0.0,true,1780985596926709531
1780985597036643610,true,false,3,3,0,0,0,0,0.0,true,1780985597020395338
1780985597136530653,true,false,3,3,0,0,0,0,0.0,true,1780985597043113453
1780985597235189585,true,false,3,3,0,0,0,0,0.0,true,1780985597231710680
1780985597335551052,true,false,3,3,0,0,0,0,0.0,true,1780985597327078229
1780985597435012060,true,false,3,3,0,0,0,0,0.0,true,1780985597327078229
1780985597535519254,true,false,3,3,0,0,0,0,0.0,true,1780985597524641906
1780985597635058610,true,false,3,3,0,0,0,0,0.0,true,1780985597614086761
1780985597734892574,true,false,3,3,0,0,0,0,0.0,true,1780985597614086761
1780985597834966504,true,false,3,3,0,0,0,0,0.0,true,1780985597828474460
1780985597937508111,true,false,3,3,0,0,0,0,0.0,true,1780985597913820036
1780985598035267608,true,false,3,3,0,0,0,0,0.0,true,1780985597913820036
1780985598135949014,true,false,3,3,0,0,0,0,0.0,true,1780985598132149045
1780985598234843669,true,false,3,3,0,0,0,0,0.0,true,1780985598189245280
1780985598335346657,true,false,3,3,0,0,0,0,0.0,true,1780985598189245280
1780985598437523791,true,false,3,3,0,0,0,0,0.0,true,1780985598430131601
1780985598535572624,true,false,3,3,0,0,0,0,0.0,true,1780985598466401585
1780985598635182687,true,false,3,3,0,0,0,0,0.0,true,1780985598628674612
1780985598735512240,true,false,3,3,0,0,0,0,0.0,true,1780985598708070477
1780985598834767288,true,false,3,3,0,0,0,0,0.0,true,1780985598748702325
1780985598934646742,true,false,3,3,0,0,0,0,0.0,true,1780985598934460388
1780985599034673015,true,false,3,3,0,0,0,0,0.0,true,1780985599027073802
1780985599135512597,true,false,3,3,0,0,0,0,0.0,true,1780985599035740703
1780985599235612375,true,false,3,3,0,0,0,0,0.0,true,1780985599231167858
1780985599337559842,true,false,3,3,0,0,0,0,0.0,true,1780985599329482429
1780985599435140730,true,false,3,3,0,0,0,0,0.0,true,1780985599329482429
1780985599535030384,true,false,3,3,0,0,0,0,0.0,true,1780985599527771670
1780985599634778019,true,false,3,3,0,0,0,0,0.0,true,1780985599614760821
1780985599735296093,true,false,3,3,0,0,0,0,0.0,true,1780985599614760821
1780985599834619869,true,false,3,3,0,0,0,0,0.0,true,1780985599834440123
1780985599934754176,true,false,3,3,0,0,0,0,0.0,true,1780985599913706383
1780985600035322644,true,false,3,3,0,0,0,0,0.0,true,1780985599913706383
1780985600134710406,true,false,3,3,0,0,0,0,0.0,true,1780985600127757328
1780985600234833579,true,false,3,3,0,0,0,0,0.0,true,1780985600205761941
1780985600335192411,true,false,3,3,0,0,0,0,0.0,true,1780985600205761941
1780985600435514408,true,false,3,3,0,0,0,0,0.0,true,1780985600427912349
1780985600535065999,true,false,3,3,0,0,0,0,0.0,true,1780985600487630121
1780985600635562617,true,false,3,3,0,0,0,0,0.0,true,1780985600487630121
1780985600734786813,true,false,3,3,0,0,0,0,0.0,true,1780985600727159211
1780985600834817401,true,false,3,3,0,0,0,0,0.0,true,1780985600760345103
1780985600935351977,true,false,3,3,0,0,0,0,0.0,true,1780985600760345103
1780985601035024900,true,false,3,3,0,0,0,0,0.0,true,1780985601030628715
1780985601135478341,true,false,3,3,0,0,0,0,0.0,true,1780985601061350310
1780985601234853533,true,false,3,3,0,0,0,0,0.0,true,1780985601061350310
1780985601335698223,true,false,3,3,0,0,0,0,0.0,true,1780985601319873800
1780985601435287701,true,false,3,3,0,0,0,0,0.0,true,1780985601382227824
1780985601534835213,true,false,3,3,0,0,0,0,0.0,true,1780985601382227824
1780985601634892384,true,false,3,3,0,0,0,0,0.0,true,1780985601619837832
1780985601735584325,true,false,3,3,0,0,0,0,0.0,true,1780985601659047168
1780985601835524718,true,false,3,3,0,0,0,0,0.0,true,1780985601832089683
1780985601934825241,true,false,3,3,0,0,0,0,0.0,true,1780985601912040088
1780985602035171575,true,false,3,3,0,0,0,0,0.0,true,1780985601956272417
1780985602135192872,true,false,3,3,0,0,0,0,0.0,true,1780985602129721058
1780985602234788858,true,false,3,3,0,0,0,0,0.0,true,1780985602210782685
1780985602337553740,true,false,3,3,0,0,0,0,0.0,true,1780985602252040006
1780985602435561249,true,false,3,3,0,0,0,0,0.0,true,1780985602422865171
1780985602534797500,true,false,3,3,0,0,0,0,0.0,true,1780985602533245086
1780985602634687972,true,false,3,3,0,0,0,0,0.0,true,1780985602541971041
1780985602734966155,true,false,3,3,0,0,0,0,0.0,true,1780985602734932977
1780985602835169058,true,false,3,3,0,0,0,0,0.0,true,1780985602828452612
1780985602935531859,true,false,3,3,0,0,0,0,0.0,true,1780985602835680768
1780985603034910007,true,false,3,3,0,0,0,0,0.0,true,1780985603015648645
1780985603135254519,true,false,3,3,0,0,0,0,0.0,true,1780985603104948616
1780985603235530847,true,false,3,3,0,0,0,0,0.0,true,1780985603147871610
1780985603335100931,true,false,3,3,0,0,0,0,0.0,true,1780985603322319399
1780985603434964698,true,false,3,3,0,0,0,0,0.0,true,1780985603411108147
1780985603535555029,true,false,3,3,0,0,0,0,0.0,true,1780985603448682260
1780985603635231521,true,false,3,3,0,0,0,0,0.0,true,1780985603626191965
1780985603734823332,true,false,3,3,0,0,0,0,0.0,true,1780985603725746811
1780985603835510380,true,false,3,3,0,0,0,0,0.0,true,1780985603725746811
1780985603935514851,true,false,3,3,0,0,0,0,0.0,true,1780985603926643061
1780985604035535320,true,false,3,3,0,0,0,0,0.0,true,1780985604006706030
1780985604135174346,true,false,3,3,0,0,0,0,0.0,true,1780985604006706030
1780985604235280211,true,false,3,3,0,0,0,0,0.0,true,1780985604229785163
1780985604336507979,true,false,3,3,0,0,0,0,0.0,true,1780985604307018886
1780985604435439015,true,false,3,3,0,0,0,0,0.0,true,1780985604307018886
1780985604535064966,true,false,3,3,0,0,0,0,0.0,true,1780985604525356347
1780985604634893698,true,false,3,3,0,0,0,0,0.0,true,1780985604582875925
1780985604734743125,true,false,3,3,0,0,0,0,0.0,true,1780985604582875925
1780985604834741516,true,false,3,3,0,0,0,0,0.0,true,1780985604824154477
1780985604935190004,true,false,3,3,0,0,0,0,0.0,true,1780985604862743999
1780985605035563532,true,false,3,3,0,0,0,0,0.0,true,1780985605024823431
1780985605135099243,true,false,3,3,0,0,0,0,0.0,true,1780985605103920712
1780985605234956912,true,false,3,3,0,0,0,0,0.0,true,1780985605146679004
1780985605335045098,true,false,3,3,0,0,0,0,0.0,true,1780985605146679004
1780985605434658489,true,false,3,3,0,0,0,0,0.0,true,1780985605432175234
1780985605534884401,true,false,3,3,0,0,0,0,0.0,true,1780985605469589814
1780985605635661714,true,false,3,3,0,0,0,0,0.0,true,1780985605469589814
1780985605734941277,true,false,3,3,0,0,0,0,0.0,true,1780985605730268817
1780985605834844048,true,false,3,3,0,0,0,0,0.0,true,1780985605761008956
1780985605935442081,true,false,3,3,0,0,0,0,0.0,true,1780985605761008956
1780985606035180846,true,false,3,3,0,0,0,0,0.0,true,1780985606025458311
1780985606134978844,true,false,3,3,0,0,0,0,0.0,true,1780985606104310855
1780985606235572027,true,false,3,3,0,0,0,0,0.0,true,1780985606104310855
1780985606335818094,true,false,3,3,0,0,0,0,0.0,true,1780985606324867675
1780985606434813535,true,false,3,3,0,0,0,0,0.0,true,1780985606415596303
1780985606535321827,true,false,3,3,0,0,0,0,0.0,true,1780985606415596303
1780985606634746564,true,false,3,3,0,0,0,0,0.0,true,1780985606621854879
1780985606735805364,true,false,3,3,0,0,0,0,0.0,true,1780985606700887039
1780985606835204725,true,false,3,3,0,0,0,0,0.0,true,1780985606700887039
1780985606935586460,true,false,3,3,0,0,0,0,0.0,true,1780985606918875691
1780985607034702261,true,false,3,3,0,0,0,0,0.0,true,1780985606984102807
1780985607135192513,true,false,3,3,0,0,0,0,0.0,true,1780985606984102807
1780985607235527728,true,false,3,3,0,0,0,0,0.0,true,1780985607226050948
1780985607334889827,true,false,3,3,0,0,0,0,0.0,true,1780985607291366778
1780985607435172595,true,false,3,3,0,0,0,0,0.0,true,1780985607291366778
1780985607534931800,true,false,3,3,0,0,0,0,0.0,true,1780985607291366778
1780985607634765895,true,false,3,3,0,0,0,0,0.0,true,1780985607629143366
1780985607735534786,true,false,3,3,0,0,0,0,0.0,true,1780985607666348924
1780985607835485714,true,false,3,3,0,0,0,0,0.0,true,1780985607666348924
1780985677762654151,,,,,,,,,,,
1780985677862897492,,,,,,,,,,,
1780985677963463028,,,,,,,,,,,
1780985678063387704,,,,,,,,,,,
1780985678162909094,,,,,,,,,,,
1780985678263005241,,,,,,,,,,,
1780985678362958748,,,,,,,,,,,
1780985678462637347,,,,,,,,,,,
1780985678563069575,,,,,,,,,,,
1780985678662724302,,,,,,,,,,,
1780985678763210798,,,,,,,,,,,
1780985678862847238,,,,,,,,,,,
1780985678962755302,,,,,,,,,,,
1780985679063375381,,,,,,,,,,,
1780985679163070061,,,,,,,,,,,
1780985679263152557,,,,,,,,,,,
1780985679363523945,,,,,,,,,,,
1780985679463079944,,,,,,,,,,,
1780985679563321637,,,,,,,,,,,
1780985679672770281,,,,,,,,,,,
1780985679774298294,,,,,,,,,,,
1780985679874067883,,,,,,,,,,,
1780985679974559241,,,,,,,,,,,
1780985680074134914,,,,,,,,,,,
1780985680174532016,,,,,,,,,,,
1780985680274551198,,,,,,,,,,,
1780985680373928603,,,,,,,,,,,
1780985680474441350,,,,,,,,,,,
1780985680574117840,,,,,,,,,,,
1780985680673753167,,,,,,,,,,,
1780985680773686974,,,,,,,,,,,
1780985680874383107,,,,,,,,,,,
1780985680974300671,,,,,,,,,,,
1780985681074174403,,,,,,,,,,,
1780985681174483076,,,,,,,,,,,
1780985681274104911,,,,,,,,,,,
1780985681374493375,,,,,,,,,,,
1780985681474202653,,,,,,,,,,,
1780985681573692595,,,,,,,,,,,
1780985681674229466,,,,,,,,,,,
1780985681774100272,,,,,,,,,,,
1780985681873679571,,,,,,,,,,,
1780985681973867315,,,,,,,,,,,
1780985682074045955,,,,,,,,,,,
1780985682174566499,,,,,,,,,,,
1780985682274006054,,,,,,,,,,,
1780985682373926100,,,,,,,,,,,
1780985682474363925,,,,,,,,,,,
1780985682573928930,,,,,,,,,,,
1780985682673837427,,,,,,,,,,,
1780985682773884958,,,,,,,,,,,
1780985682873760032,,,,,,,,,,,
1780985682973659673,,,,,,,,,,,
1780985683073883648,,,,,,,,,,,
1780985683174127340,,,,,,,,,,,
1780985683274198378,,,,,,,,,,,
1780985683374120003,,,,,,,,,,,
1780985683474504556,,,,,,,,,,,
1780985683573899508,,,,,,,,,,,
1780985683673774427,,,,,,,,,,,
1780985683773719774,,,,,,,,,,,
1780985683874075334,,,,,,,,,,,
1780985683973746739,,,,,,,,,,,
1780985684078036247,,,,,,,,,,,
1780985684178933340,,,,,,,,,,,
1780985684278953473,,,,,,,,,,,
1780985684379577226,,,,,,,,,,,
1780985684479264471,,,,,,,,,,,
1780985684579044746,,,,,,,,,,,
1780985684679566670,,,,,,,,,,,
1780985684779176592,,,,,,,,,,,
1780985684878923704,,,,,,,,,,,
1780985684979423002,,,,,,,,,,,
1780985685079642240,,,,,,,,,,,
1780985685178875080,,,,,,,,,,,
1780985685278694973,,,,,,,,,,,
1780985685390814592,,,,,,,,,,,
1780985685492276299,,,,,,,,,,,
1780985685592045259,,,,,,,,,,,
1780985685691925044,,,,,,,,,,,
1780985685792798172,,,,,,,,,,,
1780985685892382683,,,,,,,,,,,
1780985685992651413,,,,,,,,,,,
1780985686092264883,,,,,,,,,,,
1780985686192069266,,,,,,,,,,,
1780985686291794700,,,,,,,,,,,
1780985686392284455,,,,,,,,,,,
1780985686491726881,,,,,,,,,,,
1780985686591761111,,,,,,,,,,,
1780985686691983050,,,,,,,,,,,
1780985686791667327,,,,,,,,,,,
1780985686892281245,,,,,,,,,,,
1780985686991905774,,,,,,,,,,,
1780985687092153576,,,,,,,,,,,
1780985687192207517,,,,,,,,,,,
1780985687292121458,,,,,,,,,,,
1780985687392343940,,,,,,,,,,,
1780985687491747084,,,,,,,,,,,
1780985687591904412,,,,,,,,,,,
1780985687691974746,,,,,,,,,,,
1780985687792094080,,,,,,,,,,,
1780985687891762855,,,,,,,,,,,
1780985687992379636,,,,,,,,,,,
1780985688092492147,,,,,,,,,,,
1780985688192304175,,,,,,,,,,,
1780985688292368633,,,,,,,,,,,
1780985688392759259,,,,,,,,,,,
1780985688491713101,,,,,,,,,,,
1780985688592406924,,,,,,,,,,,
1780985688691748990,,,,,,,,,,,
1780985688791770273,,,,,,,,,,,
1780985688891942090,,,,,,,,,,,
1780985688992421909,,,,,,,,,,,
1780985689091795561,,,,,,,,,,,
1780985689191979489,,,,,,,,,,,
1780985689292540364,,,,,,,,,,,
1780985689391723341,,,,,,,,,,,
1780985689491943544,,,,,,,,,,,
1780985689592097844,,,,,,,,,,,
1780985689692277530,,,,,,,,,,,
1780985689792286933,,,,,,,,,,,
1780985689892126487,,,,,,,,,,,
1780985689992036831,,,,,,,,,,,
1780985690091869049,,,,,,,,,,,
1780985690191944430,,,,,,,,,,,
1780985690292262572,,,,,,,,,,,
1780985690391593810,,,,,,,,,,,
1780985690491822092,true,false,3,3,0,0,0,0,0.0,true,1780985690476023809
1780985690592505835,true,false,3,3,0,0,0,0,0.0,true,1780985690589763112
1780985690691538321,true,false,3,3,0,0,0,0,0.0,true,1780985690677350711
1780985690795535264,true,false,3,3,0,0,0,0,0.0,true,1780985690779549170
1780985690892108052,true,false,3,3,0,0,0,0,0.0,true,1780985690865168806
1780985690992162419,true,false,3,3,0,0,0,0,0.0,true,1780985690951850102
1780985691092012449,true,false,3,3,0,0,0,0,0.0,true,1780985691059570539
1780985691192157160,true,false,3,3,0,0,0,0,0.0,true,1780985691166397543
1780985691292412453,true,false,3,3,0,0,0,0,0.0,true,1780985691249987797
1780985691392193299,true,false,3,3,0,0,0,0,0.0,true,1780985691371107464
1780985691492455800,true,false,3,3,0,0,0,0,0.0,true,1780985691467276793
1780985691592401028,true,false,3,3,0,0,0,0,0.0,true,1780985691554681940
1780985691695022088,true,false,3,3,0,0,0,0,0.0,true,1780985691655700442
1780985691792037263,true,false,3,3,0,0,0,0,0.0,true,1780985691786101902
1780985691892304070,true,false,3,3,0,0,0,0,0.0,true,1780985691875032947
1780985691991865599,true,false,3,3,0,0,0,0,0.0,true,1780985691961566583
1780985692091866473,true,false,3,3,0,0,0,0,0.0,true,1780985692056989938
1780985692191939375,true,false,3,3,0,0,0,0,0.0,true,1780985692166993853
1780985692291731853,true,false,3,3,0,0,0,0,0.0,true,1780985692279129262
1780985692393544473,true,false,3,3,0,0,0,0,0.0,true,1780985692373450018
1780985692492015304,true,false,3,3,0,0,0,0,0.0,true,1780985692463952178
1780985692591493036,true,false,3,3,0,0,0,0,0.0,true,1780985692591208632
1780985692695582681,true,false,3,3,0,0,0,0,0.0,true,1780985692657462439
1780985692791826307,true,false,3,3,0,0,0,0,0.0,true,1780985692764093452
1780985692893550035,true,false,3,3,0,0,0,0,0.0,true,1780985692873056652
1780985692991647419,true,false,3,3,0,0,0,0,0.0,true,1780985692965876408
1780985693101130960,true,false,3,3,0,0,0,0,0.0,true,1780985693104278518
1780985693202741251,true,false,3,3,0,0,0,0,0.0,true,1780985693204356012
1780985693301882072,true,false,3,3,0,0,0,0,0.0,true,1780985693259297256
1780985693405686268,true,false,3,3,0,0,0,0,0.0,true,1780985693388041046
1780985693501683241,true,false,3,3,0,0,0,0,0.0,true,1780985693499304619
1780985693602765228,true,false,3,3,0,0,0,0,0.0,true,1780985693550744521
1780985693701984621,true,false,3,3,0,0,0,0,0.0,true,1780985693687017236
1780985693804839099,true,false,3,3,0,0,0,0,0.0,true,1780985693783394806
1780985693904589423,true,false,3,3,0,0,0,0,0.0,true,1780985693783394806
1780985694008621606,true,false,3,3,0,0,0,0,0.0,true,1780985693783394806
1780986882165923681,,,,,,,,,,,
1780986882268749017,,,,,,,,,,,
1780986882366050810,,,,,,,,,,,
1780986882465988820,,,,,,,,,,,
1780986882566112604,,,,,,,,,,,
1780986882666339189,,,,,,,,,,,
1780986882766939765,,,,,,,,,,,
1780986882866448163,,,,,,,,,,,
1780986882966590350,,,,,,,,,,,
1780986883066518774,,,,,,,,,,,
1780986883166033176,,,,,,,,,,,
1780986883266807479,,,,,,,,,,,
1780986883366801670,,,,,,,,,,,
1780986883465905355,,,,,,,,,,,
1780986883566092395,,,,,,,,,,,
1780986883665994081,,,,,,,,,,,
1780986883766775614,,,,,,,,,,,
1780986883866819153,,,,,,,,,,,
1780986883966551051,,,,,,,,,,,
1780986884066571064,,,,,,,,,,,
1780986884166716633,,,,,,,,,,,
1780986884266033627,,,,,,,,,,,
1780986884366503476,,,,,,,,,,,
1780986884466067416,,,,,,,,,,,
1780986884566697176,,,,,,,,,,,
1780986884666066984,,,,,,,,,,,
1780986884765978766,,,,,,,,,,,
1780986884866087107,,,,,,,,,,,
1780986884966296559,,,,,,,,,,,
1780986885065949471,,,,,,,,,,,
1780986885166910818,,,,,,,,,,,
1780986885266867711,,,,,,,,,,,
1780986885366648816,,,,,,,,,,,
1780986885466722928,,,,,,,,,,,
1780986885566920429,,,,,,,,,,,
1780986885666742946,,,,,,,,,,,
1780986885766992739,,,,,,,,,,,
1780986885866343224,,,,,,,,,,,
1780986885966632913,,,,,,,,,,,
1780986886066504813,,,,,,,,,,,
1780986886166367954,,,,,,,,,,,
1780986886265925588,,,,,,,,,,,
1780986886366454052,,,,,,,,,,,
1780986886466578456,,,,,,,,,,,
1780986886565941432,,,,,,,,,,,
1780986886666190422,,,,,,,,,,,
1780986886766785422,,,,,,,,,,,
1780986886866072201,,,,,,,,,,,
1780986886966720841,,,,,,,,,,,
1780986887066925824,,,,,,,,,,,
1780986887166048906,,,,,,,,,,,
1780986887266640422,,,,,,,,,,,
1780986887366633936,,,,,,,,,,,
1780986887465988398,,,,,,,,,,,
1780986887566913208,,,,,,,,,,,
1780986887666732380,,,,,,,,,,,
1780986887766076061,,,,,,,,,,,
1780986887866401428,,,,,,,,,,,
1780986887966080568,,,,,,,,,,,
1780986888066342200,,,,,,,,,,,
1780986888166809184,,,,,,,,,,,
1780986888266491307,,,,,,,,,,,
1780986888366559240,,,,,,,,,,,
1780986888466481703,,,,,,,,,,,
1780986888566596737,,,,,,,,,,,
1780986888666689862,,,,,,,,,,,
1780986888766095441,,,,,,,,,,,
1780986888866019139,,,,,,,,,,,
1780986888965962890,,,,,,,,,,,
1780986889066513055,,,,,,,,,,,
1780986889166981151,,,,,,,,,,,
1780986889266710021,,,,,,,,,,,
1780986889366246410,,,,,,,,,,,
1780986889465931011,,,,,,,,,,,
1780986889566771557,,,,,,,,,,,
1780986889666132202,,,,,,,,,,,
1780986889765911802,,,,,,,,,,,
1780986889866770499,,,,,,,,,,,
1780986889966026186,,,,,,,,,,,
1780986890066932629,,,,,,,,,,,
1780986890166474511,,,,,,,,,,,
1780986890266880840,,,,,,,,,,,
1780986890366575176,,,,,,,,,,,
1780986890466509440,,,,,,,,,,,
1780986890565933898,,,,,,,,,,,
1780986890666453688,,,,,,,,,,,
1780986890766094055,,,,,,,,,,,
1780986890865991073,,,,,,,,,,,
1780986890966882430,,,,,,,,,,,
1780986891065991490,,,,,,,,,,,
1780986891166915963,,,,,,,,,,,
1780986891265993001,,,,,,,,,,,
1780986891366047045,,,,,,,,,,,
1780986891466031968,,,,,,,,,,,
1780986891566648238,,,,,,,,,,,
1780986891665973427,,,,,,,,,,,
1780986891766624266,,,,,,,,,,,
1780986891866637342,,,,,,,,,,,
1780986891966009812,,,,,,,,,,,
1780986892066250093,,,,,,,,,,,
1780986892166943849,,,,,,,,,,,
1780986892266031048,,,,,,,,,,,
1780986892366163144,,,,,,,,,,,
1780986892466836606,,,,,,,,,,,
1780986892566095975,,,,,,,,,,,
1780986892666718847,,,,,,,,,,,
1780986892766609904,,,,,,,,,,,
1780986892866122870,,,,,,,,,,,
1780986892966107832,,,,,,,,,,,
1780986893067569036,,,,,,,,,,,
1780986893166120953,,,,,,,,,,,
1780986893266497088,,,,,,,,,,,
1780986893366592063,,,,,,,,,,,
1780986893468034313,,,,,,,,,,,
1780986893565984841,,,,,,,,,,,
1780986893668571851,,,,,,,,,,,
1780986893766696982,,,,,,,,,,,
1780986893866523760,,,,,,,,,,,
1780986893967573929,,,,,,,,,,,
1780986894066596592,,,,,,,,,,,
1780986894165915429,,,,,,,,,,,
1780986894266417090,,,,,,,,,,,
1780986894366040538,,,,,,,,,,,
1780986894465912157,,,,,,,,,,,
1780986894567172793,,,,,,,,,,,
1780986894666110563,,,,,,,,,,,
1780986894766046274,,,,,,,,,,,
1780986894866570435,,,,,,,,,,,
1780986894968890334,,,,,,,,,,,
1780986895065931442,,,,,,,,,,,
1780986895166707392,,,,,,,,,,,
1780986895266574607,,,,,,,,,,,
1780986895368848337,,,,,,,,,,,
1780986895467665271,,,,,,,,,,,
1780986895565989410,,,,,,,,,,,
1780986895679206243,,,,,,,,,,,
1780986895783757371,,,,,,,,,,,
1780986895880565558,,,,,,,,,,,
1780986895980926097,,,,,,,,,,,
1780986896080922931,,,,,,,,,,,
1780986896180003210,,,,,,,,,,,
1780986896280932891,,,,,,,,,,,
1780986896380556556,,,,,,,,,,,
1780986896480691822,,,,,,,,,,,
1780986896580076937,,,,,,,,,,,
1780986896683545804,,,,,,,,,,,
1780986896781553422,,,,,,,,,,,
1780986896880095101,,,,,,,,,,,
1780986896980551886,,,,,,,,,,,
1780986897081540296,,,,,,,,,,,
1780986897180881955,,,,,,,,,,,
1780986897280502253,,,,,,,,,,,
1780986897380676728,,,,,,,,,,,
1780986897482167291,,,,,,,,,,,
1780986897580002226,,,,,,,,,,,
1780986897687770582,,,,,,,,,,,
1780986897791564914,,,,,,,,,,,
1780986897888897619,,,,,,,,,,,
1780986897996544388,,,,,,,,,,,
1780986898102635290,,,,,,,,,,,
1780986898203056351,,,,,,,,,,,
1780986898303271684,,,,,,,,,,,
1780986898405944051,,,,,,,,,,,
1780986898504551445,,,,,,,,,,,
1780986898603594248,,,,,,,,,,,
1780986898703054520,,,,,,,,,,,
1780986898803110867,,,,,,,,,,,
1780986898903207084,,,,,,,,,,,
1780986899003174070,,,,,,,,,,,
1780986899104050375,,,,,,,,,,,
1780986899203696986,,,,,,,,,,,
1780986899303835700,,,,,,,,,,,
1780986899405703416,,,,,,,,,,,
1780986899503725350,,,,,,,,,,,
1780986899603607013,,,,,,,,,,,
1780986899703709609,,,,,,,,,,,
1780986899803753244,,,,,,,,,,,
1780986899924766138,,,,,,,,,,,
1780986904085489161,,,,,,,,,,,
1780986911365499306,,,,,,,,,,,
1780986916760817106,,,,,,,,,,,
1780986931589355819,,,,,,,,,,,
1780986931890583313,,,,,,,,,,,
1780986932207582192,,,,,,,,,,,
1780986932425910042,,,,,,,,,,,
1780986932643221280,,,,,,,,,,,
1780986932741615497,,,,,,,,,,,
1780986932841339980,,,,,,,,,,,
1780986932951543762,,,,,,,,,,,
1780986933046435620,,,,,,,,,,,
1780986933147702908,,,,,,,,,,,
1780986933250519628,,,,,,,,,,,
1780986933370949921,,,,,,,,,,,
1780986933472886342,,,,,,,,,,,
1780986933575807830,,,,,,,,,,,
1780986933790302018,,,,,,,,,,,
1780986933905491727,,,,,,,,,,,
1780986934012581676,,,,,,,,,,,
1780986934113771310,,,,,,,,,,,
1780986934214118959,,,,,,,,,,,
1780986934315378551,,,,,,,,,,,
1780986934414297398,,,,,,,,,,,
1780986934528397780,,,,,,,,,,,
1780986934632454521,,,,,,,,,,,
1780986934734750534,,,,,,,,,,,
1780986934838666381,,,,,,,,,,,
1780986934936766444,,,,,,,,,,,
1780986935035551628,,,,,,,,,,,
1780986935177967457,,,,,,,,,,,
1780986935279770228,,,,,,,,,,,
1780986935379186354,,,,,,,,,,,
1780986935481639258,,,,,,,,,,,
1780986935579450835,,,,,,,,,,,
1780986935679129650,,,,,,,,,,,
1780986935779737383,,,,,,,,,,,
1780986935879876439,,,,,,,,,,,
1780986935979112136,,,,,,,,,,,
1780986936084554543,,,,,,,,,,,
1780986936185258702,,,,,,,,,,,
1780986936288735663,,,,,,,,,,,
1780986936385601258,,,,,,,,,,,
1780986936488744261,,,,,,,,,,,
1780986936585799356,,,,,,,,,,,
1780986936687251466,,,,,,,,,,,
1780986936786007827,,,,,,,,,,,
1780986936885843007,,,,,,,,,,,
1780986936986158344,,,,,,,,,,,
1780986937085222263,,,,,,,,,,,
1780986937185224885,,,,,,,,,,,
1780986937285437013,,,,,,,,,,,
1780986937385985325,,,,,,,,,,,
1780986937486079414,,,,,,,,,,,
1780986937585633911,,,,,,,,,,,
1780986937689704506,,,,,,,,,,,
1780986937793556129,,,,,,,,,,,
1780986937893599625,,,,,,,,,,,
1780986937990830915,,,,,,,,,,,
1780986938090609987,,,,,,,,,,,
1780986938190209639,,,,,,,,,,,
1780986938290836566,,,,,,,,,,,
1780986938390493335,,,,,,,,,,,
1780986938490324842,,,,,,,,,,,
1780986938593717406,,,,,,,,,,,
1780986938690557866,,,,,,,,,,,
1780986938790893449,,,,,,,,,,,
1780986938890546906,,,,,,,,,,,
1780986938989999627,,,,,,,,,,,
1780986939090626570,,,,,,,,,,,
1780986939190147001,,,,,,,,,,,
1780986939290949502,,,,,,,,,,,
1780986939390917907,,,,,,,,,,,
1780986939491207540,,,,,,,,,,,
1780986939597561037,,,,,,,,,,,
1780986939698895664,,,,,,,,,,,
1780986939798922875,,,,,,,,,,,
1780986939898737740,,,,,,,,,,,
1780986940000556432,,,,,,,,,,,
1780986940099600619,,,,,,,,,,,
1780986940199562358,,,,,,,,,,,
1780986940299295260,,,,,,,,,,,
1780986940398285390,,,,,,,,,,,
1780986940498341916,,,,,,,,,,,
1780986940598140639,,,,,,,,,,,
1780986940698520047,,,,,,,,,,,
1780986940798976269,,,,,,,,,,,
1780986940900742016,,,,,,,,,,,
1780986940998518496,,,,,,,,,,,
1780986941100555272,,,,,,,,,,,
1780986941198493591,,,,,,,,,,,
1780986941299688927,,,,,,,,,,,
1780986941403736944,,,,,,,,,,,
1780986941504660151,,,,,,,,,,,
1780986941604401549,,,,,,,,,,,
1780986941707730317,,,,,,,,,,,
1780986941804380480,,,,,,,,,,,
1780986941905780128,,,,,,,,,,,
1780986942003931820,,,,,,,,,,,
1780986942105456617,,,,,,,,,,,
1780986942204602112,,,,,,,,,,,
1780986942307703335,,,,,,,,,,,
1780986942405159561,,,,,,,,,,,
1780986942505108691,,,,,,,,,,,
1780986942604351854,,,,,,,,,,,
1780986942704867423,,,,,,,,,,,
1780986942804903511,,,,,,,,,,,
1780986942904753349,,,,,,,,,,,
1780986943004444019,,,,,,,,,,,
1780986943105207243,,,,,,,,,,,
1780986943204578207,,,,,,,,,,,
1780986943309295941,,,,,,,,,,,
1780986943410331339,,,,,,,,,,,
1780986943513542342,,,,,,,,,,,
1780986943615551554,,,,,,,,,,,
1780986943716028747,,,,,,,,,,,
1780986943818558147,,,,,,,,,,,
1780986943916434984,,,,,,,,,,,
1780986944016252518,,,,,,,,,,,
1780986944116158080,,,,,,,,,,,
1780986944217555511,,,,,,,,,,,
1780986944317129149,,,,,,,,,,,
1780986944416373535,,,,,,,,,,,
1780986944516408271,,,,,,,,,,,
1780986944617017523,,,,,,,,,,,
1780986944716720480,,,,,,,,,,,
1780986944816187390,,,,,,,,,,,
1780986944916602892,,,,,,,,,,,
1780986945017034749,,,,,,,,,,,
1780986945116575736,,,,,,,,,,,
1780986945216542080,,,,,,,,,,,
1780986945316639257,,,,,,,,,,,
1780986945420565523,,,,,,,,,,,
1780986945524376454,,,,,,,,,,,
1780986945621978504,,,,,,,,,,,
1780986945721542857,,,,,,,,,,,
1780986945821916264,,,,,,,,,,,
1780986945921045500,,,,,,,,,,,
1780986946021913562,,,,,,,,,,,
1780986946123554306,,,,,,,,,,,
1780986946221897108,,,,,,,,,,,
1780986946321948744,,,,,,,,,,,
1780986946422542926,,,,,,,,,,,
1780986946521549492,,,,,,,,,,,
1780986946622030600,,,,,,,,,,,
1780986946721905055,,,,,,,,,,,
1780986946822544683,,,,,,,,,,,
1780986946924585721,,,,,,,,,,,
1780986947021555264,,,,,,,,,,,
1780986947121995401,,,,,,,,,,,
1780986947225676789,,,,,,,,,,,
1780986947326794696,,,,,,,,,,,
1780986947427144164,,,,,,,,,,,
1780986947526696151,,,,,,,,,,,
1780986947626000624,,,,,,,,,,,
1780986947726424620,,,,,,,,,,,
1780986947826652551,,,,,,,,,,,
1780986947925994923,,,,,,,,,,,
1780986948027547436,,,,,,,,,,,
1780986948126065130,,,,,,,,,,,
1780986948226965267,,,,,,,,,,,
1780986948326861619,,,,,,,,,,,
1780986948426595174,,,,,,,,,,,
1780986948526876540,,,,,,,,,,,
1780986948643681308,,,,,,,,,,,
1780986948745024721,,,,,,,,,,,
1780986948844344248,,,,,,,,,,,
1780986948945862587,,,,,,,,,,,
1780986949043952761,,,,,,,,,,,
1780986949144925669,,,,,,,,,,,
1780986949244556414,,,,,,,,,,,
1780986949344007914,,,,,,,,,,,
1780986949444068731,,,,,,,,,,,
1780986949544871104,,,,,,,,,,,
1780986949644158997,,,,,,,,,,,
1780986949744171455,,,,,,,,,,,
1780986949844572144,,,,,,,,,,,
1780986949947742340,,,,,,,,,,,
1780986950044476311,,,,,,,,,,,
1780986950144361117,,,,,,,,,,,
1780986950245310414,,,,,,,,,,,
1780986950344569035,,,,,,,,,,,
1780986950444606941,,,,,,,,,,,
1780986950544032854,,,,,,,,,,,
1780986950644233931,,,,,,,,,,,
1780986950744086825,,,,,,,,,,,
1780986950847716722,,,,,,,,,,,
1780986950947711724,,,,,,,,,,,
1780986951044917103,,,,,,,,,,,
1780986951144017082,,,,,,,,,,,
1780986951244260203,,,,,,,,,,,
1780986951344397020,,,,,,,,,,,
1780986951444829622,,,,,,,,,,,
1780986951545101389,,,,,,,,,,,
1780986951644392505,,,,,,,,,,,
1780986951747720842,,,,,,,,,,,
1780986951844598478,,,,,,,,,,,
1780986951944076737,,,,,,,,,,,
1780986952044844274,,,,,,,,,,,
1780986952144967432,,,,,,,,,,,
1780986952243962577,,,,,,,,,,,
1780986952344871003,,,,,,,,,,,
1780986952444717804,,,,,,,,,,,
1780986952544992812,,,,,,,,,,,
1780986952645593020,,,,,,,,,,,
1780986952744642661,,,,,,,,,,,
1780986952844541344,,,,,,,,,,,
1780986952944539734,,,,,,,,,,,
1780986953044522938,,,,,,,,,,,
1780986953147754979,,,,,,,,,,,
1780986953248679972,,,,,,,,,,,
1780986953344736391,,,,,,,,,,,
1780986953444749920,,,,,,,,,,,
1780986953544377684,,,,,,,,,,,
1780986953646805699,,,,,,,,,,,
1780986953744850338,,,,,,,,,,,
1780986953844546194,,,,,,,,,,,
1780986953944123118,,,,,,,,,,,
1780986954044648976,,,,,,,,,,,
1780986954145687069,,,,,,,,,,,
1780986954244056271,,,,,,,,,,,
1780986954344352965,,,,,,,,,,,
1780986954444878894,,,,,,,,,,,
1780986954545126400,,,,,,,,,,,
1780986954646770565,,,,,,,,,,,
1780986954744312294,,,,,,,,,,,
1780986954844514753,,,,,,,,,,,
1780986954944679814,,,,,,,,,,,
1780986955047668229,,,,,,,,,,,
1780986955146776473,,,,,,,,,,,
1780986955244556450,,,,,,,,,,,
1780986955344830069,,,,,,,,,,,
1780986955444369292,,,,,,,,,,,
1780986955544749283,,,,,,,,,,,
1780986955644589783,,,,,,,,,,,
1780986955744100873,,,,,,,,,,,
1780986955845720476,,,,,,,,,,,
1780986955946773609,,,,,,,,,,,
1780986956046736591,,,,,,,,,,,
1780986956145730970,,,,,,,,,,,
1780986956245680162,,,,,,,,,,,
1780986956345159210,,,,,,,,,,,
1780986956447739373,,,,,,,,,,,
1780986956544538221,,,,,,,,,,,
1780986956644081106,,,,,,,,,,,
1780986956744612443,,,,,,,,,,,
1780986956854786806,,,,,,,,,,,
1780986956957616592,,,,,,,,,,,
1780986957055677782,,,,,,,,,,,
1780986957156287014,,,,,,,,,,,
1780986957255952297,,,,,,,,,,,
1780986957355783381,,,,,,,,,,,
1780986957455010352,,,,,,,,,,,
1780986957555650019,,,,,,,,,,,
1780986957655763780,,,,,,,,,,,
1780986957756846086,,,,,,,,,,,
1780986957855993132,,,,,,,,,,,
1780986957955828163,,,,,,,,,,,
1780986958055904257,,,,,,,,,,,
1780986958155542220,,,,,,,,,,,
1780986958255208826,,,,,,,,,,,
1780986958357564798,,,,,,,,,,,
1780986958456625892,,,,,,,,,,,
1780986958556166516,,,,,,,,,,,
1780986958655227885,,,,,,,,,,,
1780986958755952380,,,,,,,,,,,
1780986958855998125,,,,,,,,,,,
1780986958955945945,,,,,,,,,,,
1780986959055546337,,,,,,,,,,,
1780986959155224309,,,,,,,,,,,
1780986959255494730,,,,,,,,,,,
1780986959356404087,,,,,,,,,,,
1780986959455787986,,,,,,,,,,,
1780986959555124210,,,,,,,,,,,
1780986959655527062,,,,,,,,,,,
1780986959755127322,,,,,,,,,,,
1780986959855421817,,,,,,,,,,,
1780986959955894267,,,,,,,,,,,
1780986960055092049,,,,,,,,,,,
1780986960155299210,,,,,,,,,,,
1780986960255561358,,,,,,,,,,,
1780986960355928328,,,,,,,,,,,
1780986960456627560,,,,,,,,,,,
1780986960555992279,,,,,,,,,,,
1780986960655554252,,,,,,,,,,,
1780986960755349355,,,,,,,,,,,
1780986960857154356,,,,,,,,,,,
1780986960955122252,,,,,,,,,,,
1780986961055670266,,,,,,,,,,,
1780986961155093966,,,,,,,,,,,
1780986961255283040,,,,,,,,,,,
1780986961355042054,,,,,,,,,,,
1780986961455479015,,,,,,,,,,,
1780986961555267686,,,,,,,,,,,
1780986961655104731,,,,,,,,,,,
1780986961755404891,,,,,,,,,,,
1780986961855538419,,,,,,,,,,,
1780986961955587847,,,,,,,,,,,
1780986962055404715,,,,,,,,,,,
1780986962156026028,,,,,,,,,,,
1780986962255487576,,,,,,,,,,,
1780986962355466447,,,,,,,,,,,
1780986962455906881,,,,,,,,,,,
1780986962555303075,,,,,,,,,,,
1780986962655636599,,,,,,,,,,,
1780986962755108751,,,,,,,,,,,
1780986962855776540,,,,,,,,,,,
1780986962955237627,,,,,,,,,,,
1780986963055767826,,,,,,,,,,,
1780986963155917667,,,,,,,,,,,
1780986963255675814,,,,,,,,,,,
1780986963355540498,,,,,,,,,,,
1780986963455948383,,,,,,,,,,,
1780986963555797359,,,,,,,,,,,
1780986963655360848,,,,,,,,,,,
1780986963755178222,,,,,,,,,,,
1780986963855885945,,,,,,,,,,,
1780986963955420191,,,,,,,,,,,
1780986964055969348,,,,,,,,,,,
1780986964155906674,,,,,,,,,,,
1780986964255105576,,,,,,,,,,,
1780986964355952138,,,,,,,,,,,
1780986964455810331,,,,,,,,,,,
1780986964555661332,,,,,,,,,,,
1780986964655910918,,,,,,,,,,,
1780986964756528725,,,,,,,,,,,
1780986964855670039,,,,,,,,,,,
1780986964955694379,,,,,,,,,,,
1780986965055318827,,,,,,,,,,,
1780986965157546094,,,,,,,,,,,
1780986965255418209,,,,,,,,,,,
1780986965355922253,,,,,,,,,,,
1780986965455438194,,,,,,,,,,,
1780986965555226139,,,,,,,,,,,
1780986965659547853,,,,,,,,,,,
1780986965755457366,,,,,,,,,,,
1780986965855234218,,,,,,,,,,,
1780986965955546785,,,,,,,,,,,
1780986966055064223,,,,,,,,,,,
1780986966155038938,,,,,,,,,,,
1780986966258535050,,,,,,,,,,,
1780986966357929783,,,,,,,,,,,
1780986966455603513,,,,,,,,,,,
1780986966555952894,,,,,,,,,,,
1780986966655624148,,,,,,,,,,,
1780986966754974067,,,,,,,,,,,
1780986966856547208,,,,,,,,,,,
1780986966955618728,,,,,,,,,,,
1780986967055545430,,,,,,,,,,,
1780986967155419473,,,,,,,,,,,
1780986967255289755,,,,,,,,,,,
1780986967355307066,,,,,,,,,,,
1780986967455499321,,,,,,,,,,,
1780986967555059044,,,,,,,,,,,
1780986967659587618,,,,,,,,,,,
1780986967755672979,,,,,,,,,,,
1780986967855515286,,,,,,,,,,,
1780986967955720803,,,,,,,,,,,
1780986968055497676,,,,,,,,,,,
1780986968155694342,,,,,,,,,,,
1780986968255056896,,,,,,,,,,,
1780986968355865852,,,,,,,,,,,
1780986968455415507,,,,,,,,,,,
1780986968555961521,,,,,,,,,,,
1780986968656664080,,,,,,,,,,,
1780986968755372340,,,,,,,,,,,
1780986968857578080,,,,,,,,,,,
1780986968958369572,,,,,,,,,,,
1780986969055419418,,,,,,,,,,,
1780986969155733049,,,,,,,,,,,
1780986969255961487,,,,,,,,,,,
1780986969356611119,,,,,,,,,,,
1780986969457222054,,,,,,,,,,,
1780986969555088607,,,,,,,,,,,
1780986969655122861,,,,,,,,,,,
1780986969755931162,,,,,,,,,,,
1780986969855634189,,,,,,,,,,,
1780986969958593521,,,,,,,,,,,
1780986970055415969,,,,,,,,,,,
1780986970155034052,,,,,,,,,,,
1780986970257550036,,,,,,,,,,,
1780986970355968679,,,,,,,,,,,
1780986970455346875,,,,,,,,,,,
1780986970555041782,,,,,,,,,,,
1780986970655867136,,,,,,,,,,,
1780986970757193573,,,,,,,,,,,
1780986970855744236,,,,,,,,,,,
1780986970955536715,,,,,,,,,,,
1780986971056076928,,,,,,,,,,,
1780986971157552283,,,,,,,,,,,
1780986971255300867,,,,,,,,,,,
1780986971355914896,,,,,,,,,,,
1780986971455934416,,,,,,,,,,,
1780986971558540971,,,,,,,,,,,
1780986971655414017,,,,,,,,,,,
1780986971755934057,,,,,,,,,,,
1780986971856431681,,,,,,,,,,,
1780986971955071860,,,,,,,,,,,
1780986972056493156,,,,,,,,,,,
1780986972157626877,,,,,,,,,,,
1780986972255735771,,,,,,,,,,,
1780986972355663528,,,,,,,,,,,
1780986972458551744,,,,,,,,,,,
1780986972555165260,,,,,,,,,,,
1780986972655932839,,,,,,,,,,,
1780986972755390113,,,,,,,,,,,
1780986972855792342,,,,,,,,,,,
1780986972955238788,,,,,,,,,,,
1780986973057776082,,,,,,,,,,,
1780986973155923261,,,,,,,,,,,
1780986973255557740,,,,,,,,,,,
1780986973355560943,,,,,,,,,,,
1780986973455002688,,,,,,,,,,,
1780986973556582096,,,,,,,,,,,
1780986973655409781,,,,,,,,,,,
1780986973756006429,,,,,,,,,,,
1780986973855793269,,,,,,,,,,,
1780986973955877678,,,,,,,,,,,
1780986974055047000,,,,,,,,,,,
1780986974155113324,,,,,,,,,,,
1780986974257732627,,,,,,,,,,,
1780986974358957613,,,,,,,,,,,
1780986974455905989,,,,,,,,,,,
1780986974559591731,,,,,,,,,,,
1780986974655413807,,,,,,,,,,,
1780986974755139012,,,,,,,,,,,
1780986974855958929,,,,,,,,,,,
1780986974955917677,,,,,,,,,,,
1780986975055080740,,,,,,,,,,,
1780986975155406044,,,,,,,,,,,
1780986975255496985,,,,,,,,,,,
1780986975356950445,,,,,,,,,,,
1780986975455976710,,,,,,,,,,,
1780986975555759589,,,,,,,,,,,
1780986975655905468,,,,,,,,,,,
1780986975755837253,,,,,,,,,,,
1780986975856031419,,,,,,,,,,,
1780986975956569691,,,,,,,,,,,
1780986976056575866,,,,,,,,,,,
1780986976156009559,,,,,,,,,,,
1780986976255705911,,,,,,,,,,,
1780986976358547006,,,,,,,,,,,
1780986976455936240,,,,,,,,,,,
1780986976555326286,,,,,,,,,,,
1780986976655556425,,,,,,,,,,,
1780986976755901191,,,,,,,,,,,
1780986976855844265,,,,,,,,,,,
1780986976955795778,,,,,,,,,,,
1780986977056451442,,,,,,,,,,,
1780986977155076518,,,,,,,,,,,
1780986977255431288,,,,,,,,,,,
1780986977355391865,,,,,,,,,,,
1780986977456025203,,,,,,,,,,,
1780986977559552276,,,,,,,,,,,
1780986977656541850,,,,,,,,,,,
1780986977755887404,,,,,,,,,,,
1780986977855580602,,,,,,,,,,,
1780986977957728043,,,,,,,,,,,
1780986978057501223,,,,,,,,,,,
1780986978155183688,,,,,,,,,,,
1780986978255841064,,,,,,,,,,,
1780986978355414091,,,,,,,,,,,
1780986978455628392,,,,,,,,,,,
1780986978555871213,,,,,,,,,,,
1780986978655510116,,,,,,,,,,,
1780986978755982250,,,,,,,,,,,
1780986978855147090,,,,,,,,,,,
1780986978955026764,,,,,,,,,,,
1780986979055852557,,,,,,,,,,,
1780986979155385534,,,,,,,,,,,
1780986979255639837,,,,,,,,,,,
1780986979355905446,,,,,,,,,,,
1780986979457552064,,,,,,,,,,,
1780986979555009476,,,,,,,,,,,
1780986979658546518,,,,,,,,,,,
1780986979757536322,,,,,,,,,,,
1780986979855866594,,,,,,,,,,,
1780986979955368992,,,,,,,,,,,
1780986980055713831,,,,,,,,,,,
1780986980155891193,,,,,,,,,,,
1780986980255882946,,,,,,,,,,,
1780986980355995311,,,,,,,,,,,
1780986980455357288,,,,,,,,,,,
1780986980555862013,,,,,,,,,,,
1780986980655575951,,,,,,,,,,,
1780986980768982312,,,,,,,,,,,
1780986980870388316,,,,,,,,,,,
1780986980970944160,,,,,,,,,,,
1780986981071542586,,,,,,,,,,,
1780986981170636173,,,,,,,,,,,
1780986981272564967,,,,,,,,,,,
1780986981371452852,,,,,,,,,,,
1780986981473576293,,,,,,,,,,,
1780986981572587739,,,,,,,,,,,
1780986981671463816,,,,,,,,,,,
1780986981774766491,,,,,,,,,,,
1780986981875984765,,,,,,,,,,,
1780986981976998912,,,,,,,,,,,
1780986982075581356,,,,,,,,,,,
1780986982175958125,,,,,,,,,,,
1780986982275103550,,,,,,,,,,,
1780986982378541712,,,,,,,,,,,
1780986982475312355,,,,,,,,,,,
1780986982580609955,,,,,,,,,,,
1780986982681311608,,,,,,,,,,,
1780986982781679833,,,,,,,,,,,
1780986982881562656,,,,,,,,,,,
1780986982981558861,,,,,,,,,,,
1780986983082557016,,,,,,,,,,,
1780986983181452518,,,,,,,,,,,
1780986983282543901,,,,,,,,,,,
1780986983381592676,,,,,,,,,,,
1780986983481490052,,,,,,,,,,,
1780986983586481432,,,,,,,,,,,
1780986983694157277,,,,,,,,,,,
1780986983795142849,,,,,,,,,,,
1780986983895843036,,,,,,,,,,,
1780986983996676696,,,,,,,,,,,
1780986984095122545,,,,,,,,,,,
1780986984195723694,,,,,,,,,,,
1780986984296452673,,,,,,,,,,,
1780986984395335987,,,,,,,,,,,
1780986984495868724,,,,,,,,,,,
1780986984595812740,,,,,,,,,,,
1780986984695629474,,,,,,,,,,,
1780986984796550376,,,,,,,,,,,
1780986984896089192,,,,,,,,,,,
1780986984996709937,,,,,,,,,,,
1780986985095297819,,,,,,,,,,,
1780986985195180321,,,,,,,,,,,
1780986985295049984,,,,,,,,,,,
1780986985395788992,,,,,,,,,,,
1780986985495927514,,,,,,,,,,,
1780986985595762704,,,,,,,,,,,
1780986985695926468,,,,,,,,,,,
1780986985795531764,,,,,,,,,,,
1780986985896568001,,,,,,,,,,,
1780986985995962068,,,,,,,,,,,
1780986986100547362,,,,,,,,,,,
1780986986201396929,,,,,,,,,,,
1780986986301965227,,,,,,,,,,,
1780986986401051370,,,,,,,,,,,
1780986986502026176,,,,,,,,,,,
1780986986601535187,,,,,,,,,,,
1780986986704548590,,,,,,,,,,,
1780986986801721062,,,,,,,,,,,
1780986986901411057,,,,,,,,,,,
1780986987001500977,,,,,,,,,,,
1780986987101941429,,,,,,,,,,,
1780986987203586517,,,,,,,,,,,
1780986987301835735,,,,,,,,,,,
1780986987401602291,,,,,,,,,,,
1780986987501381899,,,,,,,,,,,
1780986987602036791,,,,,,,,,,,
1780986987701611022,,,,,,,,,,,
1780986987801918594,,,,,,,,,,,
1780986987901091856,,,,,,,,,,,
1780986988001414977,,,,,,,,,,,
1780986988103544053,,,,,,,,,,,
1780986988201292233,,,,,,,,,,,
1780986988301151384,,,,,,,,,,,
1780986988401272033,,,,,,,,,,,
1780986988502527923,,,,,,,,,,,
1780986988601463059,,,,,,,,,,,
1780986988701537829,,,,,,,,,,,
1780986988801250908,,,,,,,,,,,
1780986988901774775,,,,,,,,,,,
1780986989002133147,,,,,,,,,,,
1780986989103839741,,,,,,,,,,,
1780986989201769309,,,,,,,,,,,
1780986989301680600,,,,,,,,,,,
1780986989401953860,,,,,,,,,,,
1780986989501855235,,,,,,,,,,,
1780986989604570818,,,,,,,,,,,
1780986989701406311,,,,,,,,,,,
1780986989802002407,,,,,,,,,,,
1780986989901505427,,,,,,,,,,,
1780986990001407945,,,,,,,,,,,
1780986990103543601,,,,,,,,,,,
1780986990204550910,,,,,,,,,,,
1780986990301210328,,,,,,,,,,,
1780986990401341950,,,,,,,,,,,
1780986990505688600,,,,,,,,,,,
1780986990606016303,,,,,,,,,,,
1780986990706081235,,,,,,,,,,,
1780986990805964362,,,,,,,,,,,
1780986990906503567,,,,,,,,,,,
1780986991005970718,,,,,,,,,,,
1780986991106596821,,,,,,,,,,,
1780986991206584387,,,,,,,,,,,
1780986991306035739,,,,,,,,,,,
1780986991406864079,,,,,,,,,,,
1780986991506557255,,,,,,,,,,,
1780986991605960444,,,,,,,,,,,
1780986991706360190,,,,,,,,,,,
1780986991806010705,,,,,,,,,,,
1780986991906564594,,,,,,,,,,,
1780986992008617168,,,,,,,,,,,
1780986992106612056,,,,,,,,,,,
1780986992209589390,,,,,,,,,,,
1780986992305898033,,,,,,,,,,,
1780986992406778871,,,,,,,,,,,
1780986992506176590,,,,,,,,,,,
1780986992606875652,,,,,,,,,,,
1780986992709278600,,,,,,,,,,,
1780986992806235570,,,,,,,,,,,
1780986992907821322,,,,,,,,,,,
1780986993007565461,,,,,,,,,,,
1780986993106727992,,,,,,,,,,,
1780986993206908648,,,,,,,,,,,
1780986993306076104,,,,,,,,,,,
1780986993405978590,,,,,,,,,,,
1780986993506908734,,,,,,,,,,,
1780986993607690822,,,,,,,,,,,
1780986993705965682,,,,,,,,,,,
1780986993806385874,,,,,,,,,,,
1780986993905953568,,,,,,,,,,,
1780986994005950144,,,,,,,,,,,
1780986994106606063,,,,,,,,,,,
1780986994206965523,,,,,,,,,,,
1780986994305953895,,,,,,,,,,,
1780986994406025075,,,,,,,,,,,
1780986994505971948,,,,,,,,,,,
1780986994606928511,,,,,,,,,,,
1780986994706033739,,,,,,,,,,,
1780986994805915234,,,,,,,,,,,
1780986994905946562,,,,,,,,,,,
1780986995006647227,,,,,,,,,,,
1780986995106011191,,,,,,,,,,,
1780986995205995641,,,,,,,,,,,
1780986995306001477,,,,,,,,,,,
1780986995406556517,,,,,,,,,,,
1780986995506556269,,,,,,,,,,,
1780986995606503179,,,,,,,,,,,
1780986995706872756,,,,,,,,,,,
1780986995806557771,,,,,,,,,,,
1780986995907092517,,,,,,,,,,,
1780986996006850889,,,,,,,,,,,
1780986996107624554,,,,,,,,,,,
1780986996206094735,,,,,,,,,,,
1780986996306144113,,,,,,,,,,,
1780986996405921325,,,,,,,,,,,
1780986996506563458,,,,,,,,,,,
1780986996606062956,,,,,,,,,,,
1780986996707618477,,,,,,,,,,,
1780986996806757126,,,,,,,,,,,
1780986996906279264,,,,,,,,,,,
1780986997005988644,,,,,,,,,,,
1780986997106191530,,,,,,,,,,,
1780986997207422517,,,,,,,,,,,
1780986997306318131,,,,,,,,,,,
1780986997406002756,,,,,,,,,,,
1780986997506289299,,,,,,,,,,,
1780986997606406838,,,,,,,,,,,
1780986997707392253,,,,,,,,,,,
1780986997806671259,,,,,,,,,,,
1780986997905983340,,,,,,,,,,,
1780986998006093618,,,,,,,,,,,
1780986998105975668,,,,,,,,,,,
1780986998206577145,,,,,,,,,,,
1780986998306878138,,,,,,,,,,,
1780986998406085615,,,,,,,,,,,
1780986998506554844,,,,,,,,,,,
1780986998606500317,,,,,,,,,,,
1780986998706651994,,,,,,,,,,,
1780986998806104559,,,,,,,,,,,
1780986998907563401,,,,,,,,,,,
1780986999006931427,,,,,,,,,,,
1780986999106983758,,,,,,,,,,,
1780986999206241032,,,,,,,,,,,
1780986999306011068,,,,,,,,,,,
1780986999410553152,,,,,,,,,,,
1780986999506637644,,,,,,,,,,,
1780986999605947552,,,,,,,,,,,
1780986999706369057,,,,,,,,,,,
1780986999806851636,,,,,,,,,,,
1780986999906026053,,,,,,,,,,,
1780987000026846043,,,,,,,,,,,
1780987000131635685,,,,,,,,,,,
1780987000229535895,,,,,,,,,,,
1780987000327910705,,,,,,,,,,,
1780987000427290343,,,,,,,,,,,
1780987000527255590,,,,,,,,,,,
1780987000627923794,,,,,,,,,,,
1780987000727802926,,,,,,,,,,,
1780987000827967411,,,,,,,,,,,
1780987000927664293,,,,,,,,,,,
1780987001027401831,,,,,,,,,,,
1780987001127869242,,,,,,,,,,,
1780987001227909185,,,,,,,,,,,
1780987001328555863,,,,,,,,,,,
1780987001427946953,,,,,,,,,,,
1780987001527829607,,,,,,,,,,,
1780987001627144297,,,,,,,,,,,
1780987001727272673,,,,,,,,,,,
1780987001827178007,,,,,,,,,,,
1780987001927053452,,,,,,,,,,,
1780987002027928904,,,,,,,,,,,
1780987002127429362,,,,,,,,,,,
1780987002227392464,,,,,,,,,,,
1780987002327259365,,,,,,,,,,,
1780987002427982354,,,,,,,,,,,
1780987002527873909,,,,,,,,,,,
1780987002627803614,,,,,,,,,,,
1780987002729580045,,,,,,,,,,,
1780987002828640193,,,,,,,,,,,
1780987002927158928,,,,,,,,,,,
1780987003027336765,,,,,,,,,,,
1780987003127331518,,,,,,,,,,,
1780987003226943486,,,,,,,,,,,
1780987003326989228,,,,,,,,,,,
1780987003430529094,,,,,,,,,,,
1780987003527627532,,,,,,,,,,,
1780987003627854180,,,,,,,,,,,
1780987003731509650,,,,,,,,,,,
1780987003827803219,,,,,,,,,,,
1780987003927789404,,,,,,,,,,,
1780987004027172681,,,,,,,,,,,
1780987004128198301,,,,,,,,,,,
1780987004227862433,,,,,,,,,,,
1780987004327231667,,,,,,,,,,,
1780987004432532551,,,,,,,,,,,
1780987004532977723,,,,,,,,,,,
1780987004633314205,,,,,,,,,,,
1780987004733847551,,,,,,,,,,,
1780987004833860461,,,,,,,,,,,
1780987004933877180,,,,,,,,,,,
1780987005033185653,,,,,,,,,,,
1780987005134004764,,,,,,,,,,,
1780987005233804528,,,,,,,,,,,
1780987005333429039,,,,,,,,,,,
1780987005433520924,,,,,,,,,,,
1780987005533210968,,,,,,,,,,,
1780987005633182622,,,,,,,,,,,
1780987005734541530,,,,,,,,,,,
1780987005835524102,,,,,,,,,,,
1780987005933546417,,,,,,,,,,,
1780987006034539265,,,,,,,,,,,
1780987006133948760,,,,,,,,,,,
1780987006233298335,,,,,,,,,,,
1780987006332997073,,,,,,,,,,,
1780987006434207998,,,,,,,,,,,
1780987006536532811,,,,,,,,,,,
1780987006633620841,,,,,,,,,,,
1780987006733203224,,,,,,,,,,,
1780987006835555977,,,,,,,,,,,
1780987006935167486,,,,,,,,,,,
1780987007033311357,,,,,,,,,,,
1780987007135547392,,,,,,,,,,,
1780987007233330391,,,,,,,,,,,
1780987007333282124,,,,,,,,,,,
1780987007437616798,,,,,,,,,,,
1780987007538424074,,,,,,,,,,,
1780987007640304280,,,,,,,,,,,
1780987007738819197,,,,,,,,,,,
1780987007838436698,,,,,,,,,,,
1780987007939229193,,,,,,,,,,,
1780987008038677406,,,,,,,,,,,
1780987008142537152,,,,,,,,,,,
1780987008238969030,,,,,,,,,,,
1780987008338818926,,,,,,,,,,,
1780987008438961237,,,,,,,,,,,
1780987008538779295,,,,,,,,,,,
1780987008639397212,,,,,,,,,,,
1780987008738532728,,,,,,,,,,,
1780987008838535261,,,,,,,,,,,
1780987008938017649,,,,,,,,,,,
1780987009038753822,,,,,,,,,,,
1780987009138313051,,,,,,,,,,,
1780987009238782569,,,,,,,,,,,
1780987009337995297,,,,,,,,,,,
1780987009438139070,,,,,,,,,,,
1780987009538535834,,,,,,,,,,,
1780987009639210290,,,,,,,,,,,
1780987009738631440,,,,,,,,,,,
1780987009839534731,,,,,,,,,,,
1780987009938539049,,,,,,,,,,,
1780987010039533991,,,,,,,,,,,
1780987010138294530,,,,,,,,,,,
1780987010238595374,,,,,,,,,,,
1780987010338977463,,,,,,,,,,,
1780987010438725248,,,,,,,,,,,
1780987010540543508,,,,,,,,,,,
1780987010638291372,,,,,,,,,,,
1780987010738320806,,,,,,,,,,,
1780987010838295141,,,,,,,,,,,
1780987010938463570,,,,,,,,,,,
1780987011038481972,,,,,,,,,,,
1780987011138876385,,,,,,,,,,,
1780987011239537682,,,,,,,,,,,
1780987011339545892,,,,,,,,,,,
1780987011438266882,,,,,,,,,,,
1780987011538659367,,,,,,,,,,,
1780987011639552869,,,,,,,,,,,
1780987011738895458,,,,,,,,,,,
1780987011838273350,,,,,,,,,,,
1780987011939543554,,,,,,,,,,,
1780987012038946965,,,,,,,,,,,
1780987012138884376,,,,,,,,,,,
1780987012238085709,,,,,,,,,,,
1780987012338964605,,,,,,,,,,,
1780987012438645179,,,,,,,,,,,
1780987012538057049,,,,,,,,,,,
1780987012638775067,,,,,,,,,,,
1780987012738197268,,,,,,,,,,,
1780987012838928424,,,,,,,,,,,
1780987012938099856,,,,,,,,,,,
1780987013038534368,,,,,,,,,,,
1780987013138081934,,,,,,,,,,,
1780987013238407126,,,,,,,,,,,
1780987013338346058,,,,,,,,,,,
1780987013445690375,,,,,,,,,,,
1780987013549560205,,,,,,,,,,,
1780987013646075850,,,,,,,,,,,
1780987013749555688,,,,,,,,,,,
1780987013846690044,,,,,,,,,,,
1780987013946314683,,,,,,,,,,,
1780987014046678417,,,,,,,,,,,
1780987014148551743,,,,,,,,,,,
1780987014245954057,,,,,,,,,,,
1780987014345971453,,,,,,,,,,,
1780987014446477258,,,,,,,,,,,
1780987014546317688,,,,,,,,,,,
1780987014645948167,,,,,,,,,,,
1780987014749551528,,,,,,,,,,,
1780987014846858257,,,,,,,,,,,
1780987014946942599,,,,,,,,,,,
1780987015045969092,,,,,,,,,,,
1780987015146115571,,,,,,,,,,,
1780987015247370399,,,,,,,,,,,
1780987015348504241,,,,,,,,,,,
1780987015449558351,,,,,,,,,,,
1780987015546743179,,,,,,,,,,,
1780987015645945848,,,,,,,,,,,
1780987015746548010,,,,,,,,,,,
1780987015846502548,,,,,,,,,,,
1780987015946860394,,,,,,,,,,,
1780987016046096274,,,,,,,,,,,
1780987016146063211,,,,,,,,,,,
1780987016246466029,,,,,,,,,,,
1780987016347573130,,,,,,,,,,,
1780987016446326078,,,,,,,,,,,
1780987016546638513,,,,,,,,,,,
1780987016646362102,,,,,,,,,,,
1780987016746556751,,,,,,,,,,,
1780987016845998551,,,,,,,,,,,
1780987016946546865,,,,,,,,,,,
1780987017045975732,,,,,,,,,,,
1780987017148856976,,,,,,,,,,,
1780987017247042024,,,,,,,,,,,
1780987017346060093,,,,,,,,,,,
1780987017446865633,,,,,,,,,,,
1780987017546637253,,,,,,,,,,,
1780987017646644612,,,,,,,,,,,
1780987017746269423,,,,,,,,,,,
1780987017845894152,,,,,,,,,,,
1780987017946314606,,,,,,,,,,,
1780987018046064513,,,,,,,,,,,
1780987018146575498,,,,,,,,,,,
1780987018246875137,,,,,,,,,,,
1780987018348621618,,,,,,,,,,,
1780987018446894282,,,,,,,,,,,
1780987018545951263,,,,,,,,,,,
1780987018646234043,,,,,,,,,,,
1780987018745975660,,,,,,,,,,,
1780987018846017463,,,,,,,,,,,
1780987018945897981,,,,,,,,,,,
1780987019046066403,,,,,,,,,,,
1780987019146011075,,,,,,,,,,,
1780987019246883153,,,,,,,,,,,
1780987019346845611,,,,,,,,,,,
1780987019447646125,,,,,,,,,,,
1780987019546560765,,,,,,,,,,,
1780987019646563244,,,,,,,,,,,
1780987019746070700,,,,,,,,,,,
1780987019846503261,,,,,,,,,,,
1780987019948772457,,,,,,,,,,,
1780987020046508895,,,,,,,,,,,
1780987020145921228,,,,,,,,,,,
1780987020246401974,,,,,,,,,,,
1780987020346101294,,,,,,,,,,,
1780987020446579559,,,,,,,,,,,
1780987020546732540,,,,,,,,,,,
1780987020645976511,,,,,,,,,,,
1780987020746810471,,,,,,,,,,,
1780987020848990035,,,,,,,,,,,
1780987020945968679,,,,,,,,,,,
1780987021045909013,,,,,,,,,,,
1780987021146018471,,,,,,,,,,,
1780987021246541511,,,,,,,,,,,
1780987021346926451,,,,,,,,,,,
1780987021446688821,,,,,,,,,,,
1780987021547563505,,,,,,,,,,,
1780987021647553639,,,,,,,,,,,
1780987021746699409,,,,,,,,,,,
1780987021846500888,,,,,,,,,,,
1780987021945960119,,,,,,,,,,,
1780987022046559309,,,,,,,,,,,
1780987022146952106,,,,,,,,,,,
1780987022246561102,,,,,,,,,,,
1780987022346831303,,,,,,,,,,,
1780987022446569447,,,,,,,,,,,
1780987022546566737,,,,,,,,,,,
1780987022649557759,,,,,,,,,,,
1780987022746782396,,,,,,,,,,,
1780987022846862784,,,,,,,,,,,
1780987022946731995,,,,,,,,,,,
1780987023046665112,,,,,,,,,,,
1780987023146867215,,,,,,,,,,,
1780987023246807236,,,,,,,,,,,
1780987023346040649,,,,,,,,,,,
1780987023446556321,,,,,,,,,,,
1780987023548554683,,,,,,,,,,,
1780987023646618546,,,,,,,,,,,
1780987023746004700,,,,,,,,,,,
1780987023848564259,,,,,,,,,,,
1780987023946013275,,,,,,,,,,,
1780987024046715650,,,,,,,,,,,
1780987024146766310,,,,,,,,,,,
1780987024246033744,,,,,,,,,,,
1780987024346042081,,,,,,,,,,,
1780987024446683635,,,,,,,,,,,
1780987024546854902,,,,,,,,,,,
1780987024645935915,,,,,,,,,,,
1780987024746005298,,,,,,,,,,,
1780987024847569952,,,,,,,,,,,
1780987024945986447,,,,,,,,,,,
1780987025046356715,,,,,,,,,,,
1780987025146885124,,,,,,,,,,,
1780987025248552200,,,,,,,,,,,
1780987025345920256,,,,,,,,,,,
1780987025446824146,,,,,,,,,,,
1780987025545945805,,,,,,,,,,,
1780987025646704782,,,,,,,,,,,
1780987025746303474,,,,,,,,,,,
1780987025847558301,,,,,,,,,,,
1780987025952520445,,,,,,,,,,,
1780987026053415221,,,,,,,,,,,
1780987026153954260,,,,,,,,,,,
1780987026253965340,,,,,,,,,,,
1780987026353701224,,,,,,,,,,,
1780987026453406300,,,,,,,,,,,
1780987026553652333,,,,,,,,,,,
1780987026653419125,,,,,,,,,,,
1780987026753630649,,,,,,,,,,,
1780987026853070943,,,,,,,,,,,
1780987026953322914,,,,,,,,,,,
1780987027055532178,,,,,,,,,,,
1780987027153233295,,,,,,,,,,,
1780987027253234892,,,,,,,,,,,
1780987027356524911,,,,,,,,,,,
1780987027452984076,,,,,,,,,,,
1780987027553943060,,,,,,,,,,,
1780987027656296107,,,,,,,,,,,
1780987027753891012,,,,,,,,,,,
1780987027853197932,,,,,,,,,,,
1780987027953202160,,,,,,,,,,,
1780987028054286646,,,,,,,,,,,
1780987028153230144,,,,,,,,,,,
1780987028253110889,,,,,,,,,,,
1780987028353449496,,,,,,,,,,,
1780987028453900502,,,,,,,,,,,
1780987028560538519,,,,,,,,,,,
1780987028661016207,,,,,,,,,,,
1780987028761995665,,,,,,,,,,,
1780987028861937661,,,,,,,,,,,
1780987028961326238,,,,,,,,,,,
1780987029061908440,,,,,,,,,,,
1780987029161389468,,,,,,,,,,,
1780987029263543538,,,,,,,,,,,
1780987029362538528,,,,,,,,,,,
1780987029462537168,,,,,,,,,,,
1780987029561300415,,,,,,,,,,,
1780987029661991977,,,,,,,,,,,
1780987029761711664,,,,,,,,,,,
1780987029861864055,,,,,,,,,,,
1780987029963362969,,,,,,,,,,,
1780987030062534539,,,,,,,,,,,
1780987030161534753,,,,,,,,,,,
1780987030261415135,,,,,,,,,,,
1780987030361990443,,,,,,,,,,,
1780987030461869758,,,,,,,,,,,
1780987030561748864,,,,,,,,,,,
1780987030661540573,,,,,,,,,,,
1780987030761504901,,,,,,,,,,,
1780987030861789430,,,,,,,,,,,
1780987030963549884,,,,,,,,,,,
1780987031062534803,,,,,,,,,,,
1780987031161394370,,,,,,,,,,,
1780987031261741476,,,,,,,,,,,
1780987031361643941,,,,,,,,,,,
1780987031461903464,,,,,,,,,,,
1780987031561815295,,,,,,,,,,,
1780987031661715547,,,,,,,,,,,
1780987031761983351,,,,,,,,,,,
1780987031861612682,,,,,,,,,,,
1780987031962542923,,,,,,,,,,,
1780987032064542907,,,,,,,,,,,
1780987032161338123,,,,,,,,,,,
1780987032261909382,,,,,,,,,,,
1780987032361871908,,,,,,,,,,,
1780987032461900388,,,,,,,,,,,
1780987032561618786,,,,,,,,,,,
1780987032661540278,,,,,,,,,,,
1780987032761417568,,,,,,,,,,,
1780987032863537634,,,,,,,,,,,
1780987032961132388,,,,,,,,,,,
1780987033061360964,,,,,,,,,,,
1780987033164537535,,,,,,,,,,,
1780987033261264933,,,,,,,,,,,
1780987033363543529,,,,,,,,,,,
1780987033461631157,,,,,,,,,,,
1780987033562544155,,,,,,,,,,,
1780987033661413883,,,,,,,,,,,
1780987033761414050,,,,,,,,,,,
1780987033861979358,,,,,,,,,,,
1780987033961899762,,,,,,,,,,,
1780987034061185422,,,,,,,,,,,
1780987034161835542,,,,,,,,,,,
1780987034261277149,,,,,,,,,,,
1780987034361236684,,,,,,,,,,,
1780987034461961966,,,,,,,,,,,
1780987034562537335,,,,,,,,,,,
1780987034661402724,,,,,,,,,,,
1780987034761404680,,,,,,,,,,,
1780987034861671938,,,,,,,,,,,
1780987034961423010,,,,,,,,,,,
1780987035063549755,,,,,,,,,,,
1780987035162574148,,,,,,,,,,,
1780987035262122447,,,,,,,,,,,
1780987035361742529,,,,,,,,,,,
1780987035461516263,,,,,,,,,,,
1780987035564637905,,,,,,,,,,,
1780987035661202344,,,,,,,,,,,
1780987035761629710,,,,,,,,,,,
1780987035861050872,,,,,,,,,,,
1780987035961525574,,,,,,,,,,,
1780987036061410995,,,,,,,,,,,
1780987036161012734,,,,,,,,,,,
1780987036261205453,,,,,,,,,,,
1780987036361624246,,,,,,,,,,,
1780987036462557320,,,,,,,,,,,
1780987036561949799,,,,,,,,,,,
1780987036661608293,,,,,,,,,,,
1780987036764536361,,,,,,,,,,,
1780987036867719405,,,,,,,,,,,
1780987036968630876,,,,,,,,,,,
1780987037068197818,,,,,,,,,,,
1780987037168978702,,,,,,,,,,,
1780987037268877704,,,,,,,,,,,
1780987037368723116,,,,,,,,,,,
1780987037468491900,,,,,,,,,,,
1780987037568573280,,,,,,,,,,,
1780987037668006348,,,,,,,,,,,
1780987037768858433,,,,,,,,,,,
1780987037868903334,,,,,,,,,,,
1780987037968748327,,,,,,,,,,,
1780987038068463205,,,,,,,,,,,
1780987038168874433,,,,,,,,,,,
1780987038268448978,,,,,,,,,,,
1780987038368302155,,,,,,,,,,,
1780987038468933236,,,,,,,,,,,
1780987038568199391,,,,,,,,,,,
1780987038668494278,,,,,,,,,,,
1780987038767980896,,,,,,,,,,,
1780987038868880436,,,,,,,,,,,
1780987038969523737,,,,,,,,,,,
1780987039068170413,,,,,,,,,,,
1780987039168055957,,,,,,,,,,,
1780987039268904845,,,,,,,,,,,
1780987039373504762,,,,,,,,,,,
1780987039477617584,,,,,,,,,,,
1780987039574252372,,,,,,,,,,,
1780987039678860348,,,,,,,,,,,
1780987039780532706,,,,,,,,,,,
1780987039880328163,,,,,,,,,,,
1780987039979246477,,,,,,,,,,,
1780987040081542515,,,,,,,,,,,
1780987040179719006,,,,,,,,,,,
1780987040279310405,,,,,,,,,,,
1780987040379945520,,,,,,,,,,,
1780987040479532179,,,,,,,,,,,
1780987040579299485,,,,,,,,,,,
1780987040679275596,,,,,,,,,,,
1780987040779895963,,,,,,,,,,,
1780987040879866867,,,,,,,,,,,
1780987040979686227,,,,,,,,,,,
1780987041079440538,,,,,,,,,,,
1780987041179323921,,,,,,,,,,,
1780987041279938558,,,,,,,,,,,
1780987041380571916,,,,,,,,,,,
1780987041484539503,,,,,,,,,,,
1780987041586694015,,,,,,,,,,,
1780987041686680911,,,,,,,,,,,
1780987041785078062,,,,,,,,,,,
1780987041886717654,,,,,,,,,,,
1780987041985085302,,,,,,,,,,,
1780987042085104217,,,,,,,,,,,
1780987042185373090,,,,,,,,,,,
1780987042286043539,,,,,,,,,,,
1780987042393687946,,,,,,,,,,,
1780987042497528550,,,,,,,,,,,
1780987042596560709,,,,,,,,,,,
1780987042694294807,,,,,,,,,,,
1780987042794950919,,,,,,,,,,,
1780987042894230600,,,,,,,,,,,
1780987042994652908,,,,,,,,,,,
1780987043094352167,,,,,,,,,,,
1780987043194575545,,,,,,,,,,,
1780987043299540110,,,,,,,,,,,
1780987043400360829,,,,,,,,,,,
1780987043500530746,,,,,,,,,,,
1780987043600310941,,,,,,,,,,,
1780987043700943083,,,,,,,,,,,
1780987043802541849,,,,,,,,,,,
1780987043900543035,,,,,,,,,,,
1780987044005682478,,,,,,,,,,,
1780987044106871018,,,,,,,,,,,
1780987044207856444,,,,,,,,,,,
1780987044306790702,,,,,,,,,,,
1780987044406441262,,,,,,,,,,,
1780987044506673008,,,,,,,,,,,
1780987044606349159,,,,,,,,,,,
1780987044706672530,,,,,,,,,,,
1780987044805987477,,,,,,,,,,,
1780987044906555803,,,,,,,,,,,
1780987045011542497,,,,,,,,,,,
1780987045112886008,,,,,,,,,,,
1780987045213518045,,,,,,,,,,,
1780987045312537137,,,,,,,,,,,
1780987045412891536,,,,,,,,,,,
1780987045513568388,,,,,,,,,,,
1780987045614524276,,,,,,,,,,,
1780987045715536404,,,,,,,,,,,
1780987045812623824,,,,,,,,,,,
1780987045912347696,,,,,,,,,,,
1780987046012922036,,,,,,,,,,,
1780987046112866458,,,,,,,,,,,
1780987046212024917,,,,,,,,,,,
1780987046312289269,,,,,,,,,,,
1780987046412403332,,,,,,,,,,,
1780987046512267374,,,,,,,,,,,
1780987046612303783,,,,,,,,,,,
1780987046712674937,,,,,,,,,,,
1780987046812244180,,,,,,,,,,,
1780987046912963473,,,,,,,,,,,
1780987047013544220,,,,,,,,,,,
1780987047112781851,,,,,,,,,,,
1780987047212169299,,,,,,,,,,,
1780987047312339169,,,,,,,,,,,
1780987047412500513,,,,,,,,,,,
1780987047512224200,,,,,,,,,,,
1780987047612010953,,,,,,,,,,,
1780987047712893700,,,,,,,,,,,
1780987047813534547,,,,,,,,,,,
1780987047912701293,,,,,,,,,,,
1780987048012806704,,,,,,,,,,,
1780987048112304260,,,,,,,,,,,
1780987048212910115,,,,,,,,,,,
1780987048312904851,,,,,,,,,,,
1780987048412226331,,,,,,,,,,,
1780987048512061276,,,,,,,,,,,
1780987048612906749,,,,,,,,,,,
1780987048718549123,,,,,,,,,,,
1780987048821544760,,,,,,,,,,,
1780987048919863802,,,,,,,,,,,
1780987049019676830,,,,,,,,,,,
1780987049119209698,,,,,,,,,,,
1780987049219498314,,,,,,,,,,,
1780987049319879415,,,,,,,,,,,
1780987049419533333,,,,,,,,,,,
1780987049521541580,,,,,,,,,,,
1780987049619321237,,,,,,,,,,,
1780987049719348683,,,,,,,,,,,
1780987049819867904,,,,,,,,,,,
1780987049920539187,,,,,,,,,,,
1780987050019484934,,,,,,,,,,,
1780987050119394271,,,,,,,,,,,
1780987050222534985,,,,,,,,,,,
1780987050322544079,,,,,,,,,,,
1780987050419874392,,,,,,,,,,,
1780987050520538242,,,,,,,,,,,
1780987050619051181,,,,,,,,,,,
1780987050720546438,,,,,,,,,,,
1780987050820693262,,,,,,,,,,,
1780987050922542032,,,,,,,,,,,
1780987051019647573,,,,,,,,,,,
1780987051119861682,,,,,,,,,,,
1780987051219540035,,,,,,,,,,,
1780987051319166791,,,,,,,,,,,
1780987051419540946,,,,,,,,,,,
1780987051522543888,,,,,,,,,,,
1780987051619413335,,,,,,,,,,,
1780987051719932393,,,,,,,,,,,
1780987051819248955,,,,,,,,,,,
1780987051920535882,,,,,,,,,,,
1780987052019112732,,,,,,,,,,,
1780987052120533459,,,,,,,,,,,
1780987052219573229,,,,,,,,,,,
1780987052321532445,,,,,,,,,,,
1780987052419952825,,,,,,,,,,,
1780987052519292592,,,,,,,,,,,
1780987052619200630,,,,,,,,,,,
1780987052721536032,,,,,,,,,,,
1780987052820534695,,,,,,,,,,,
1780987052919619301,,,,,,,,,,,
1780987053019923156,,,,,,,,,,,
1780987053119322230,,,,,,,,,,,
1780987053219365881,,,,,,,,,,,
1780987053321533866,,,,,,,,,,,
1780987053420540741,,,,,,,,,,,
1780987053519914194,,,,,,,,,,,
1780987053622803380,,,,,,,,,,,
1780987053719855892,,,,,,,,,,,
1780987053820617861,,,,,,,,,,,
1780987053919655839,,,,,,,,,,,
1780987054019156707,,,,,,,,,,,
1780987054120313330,,,,,,,,,,,
1780987054219924835,,,,,,,,,,,
1780987054320536342,,,,,,,,,,,
1780987054419393668,,,,,,,,,,,
1780987054519694928,,,,,,,,,,,
1780987054619868371,,,,,,,,,,,
1780987054719617280,,,,,,,,,,,
1780987054821538018,,,,,,,,,,,
1780987054919372969,,,,,,,,,,,
1780987055022535238,,,,,,,,,,,
1780987055119467744,,,,,,,,,,,
1780987055221542972,,,,,,,,,,,
1780987055320702646,,,,,,,,,,,
1780987055419121425,,,,,,,,,,,
1780987055519377245,,,,,,,,,,,
1780987055619978246,,,,,,,,,,,
1780987055719703532,,,,,,,,,,,
1780987055819266563,,,,,,,,,,,
1780987055924536484,,,,,,,,,,,
1780987056026176997,,,,,,,,,,,
1780987056125790610,,,,,,,,,,,
1780987056226687077,,,,,,,,,,,
1780987056325584711,,,,,,,,,,,
1780987056425522991,,,,,,,,,,,
1780987056526141208,,,,,,,,,,,
1780987056625688325,,,,,,,,,,,
1780987056726698845,,,,,,,,,,,
1780987056825410568,,,,,,,,,,,
1780987056926173059,,,,,,,,,,,
1780987057025139708,,,,,,,,,,,
1780987057125369493,,,,,,,,,,,
1780987057225448283,,,,,,,,,,,
1780987057326004876,,,,,,,,,,,
1780987057426142139,,,,,,,,,,,
1780987057525174211,,,,,,,,,,,
1780987057625868131,,,,,,,,,,,
1780987057725779583,,,,,,,,,,,
1780987057829660708,,,,,,,,,,,
1780987057931509234,,,,,,,,,,,
1780987058031550129,,,,,,,,,,,
1780987058130087923,,,,,,,,,,,
1780987058230241226,,,,,,,,,,,
1780987058331509520,,,,,,,,,,,
1780987058433544947,,,,,,,,,,,
1780987058530674654,,,,,,,,,,,
1780987058630940791,,,,,,,,,,,
1780987058730877365,,,,,,,,,,,
1780987058830866581,,,,,,,,,,,
1780987058930844880,,,,,,,,,,,
1780987059030864974,,,,,,,,,,,
1780987059130658343,,,,,,,,,,,
1780987059230844149,,,,,,,,,,,
1780987059330503176,,,,,,,,,,,
1780987059430517696,,,,,,,,,,,
1780987059531997861,,,,,,,,,,,
1780987059630644789,,,,,,,,,,,
1780987059730420824,,,,,,,,,,,
1780987059830556478,,,,,,,,,,,
1780987059931320409,,,,,,,,,,,
1780987060032197983,,,,,,,,,,,
1780987060130912655,,,,,,,,,,,
1780987060230902967,,,,,,,,,,,
1780987060336542410,,,,,,,,,,,
1780987060437434679,,,,,,,,,,,
1780987060537359528,,,,,,,,,,,
1780987060637766497,,,,,,,,,,,
1780987060737961337,,,,,,,,,,,
1780987060837861203,,,,,,,,,,,
1780987060937528691,,,,,,,,,,,
1780987061038535611,,,,,,,,,,,
1780987061138629156,,,,,,,,,,,
1780987061237814748,,,,,,,,,,,
1780987061337886015,,,,,,,,,,,
1780987061437356738,,,,,,,,,,,
1780987061538525668,,,,,,,,,,,
1780987061637050548,,,,,,,,,,,
1780987061737535240,,,,,,,,,,,
1780987061837503447,,,,,,,,,,,
1780987061937694501,,,,,,,,,,,
1780987062037095829,,,,,,,,,,,
1780987062137082171,,,,,,,,,,,
1780987062238532508,,,,,,,,,,,
1780987062337140070,,,,,,,,,,,
1780987062437383327,,,,,,,,,,,
1780987062537936018,,,,,,,,,,,
1780987062641538379,,,,,,,,,,,
1780987062737591881,,,,,,,,,,,
1780987062838557256,,,,,,,,,,,
1780987062937869182,,,,,,,,,,,
1780987063037950892,,,,,,,,,,,
1780987063137286265,,,,,,,,,,,
1780987063237159084,,,,,,,,,,,
1780987063337540636,,,,,,,,,,,
1780987063437374391,,,,,,,,,,,
1780987063537917987,,,,,,,,,,,
1780987063638026999,,,,,,,,,,,
1780987063737039437,,,,,,,,,,,
1780987063837537852,,,,,,,,,,,
1780987063937396297,,,,,,,,,,,
1780987064037536031,,,,,,,,,,,
1780987064137026042,,,,,,,,,,,
1780987064237807171,,,,,,,,,,,
1780987064337312241,,,,,,,,,,,
1780987064437537971,,,,,,,,,,,
1780987064537492209,,,,,,,,,,,
1780987064637697554,,,,,,,,,,,
1780987064737333501,,,,,,,,,,,
1780987064837800237,,,,,,,,,,,
1780987064937323709,,,,,,,,,,,
1780987065037081356,,,,,,,,,,,
1780987065137629930,,,,,,,,,,,
1780987065237596537,,,,,,,,,,,
1780987065337725045,,,,,,,,,,,
1780987065439538807,,,,,,,,,,,
1780987065537382359,,,,,,,,,,,
1780987065638283515,,,,,,,,,,,
1780987065737094333,,,,,,,,,,,
1780987065837261487,,,,,,,,,,,
1780987065937542277,,,,,,,,,,,
1780987066037026534,,,,,,,,,,,
1780987066137921566,,,,,,,,,,,
1780987066237806043,,,,,,,,,,,
1780987066337403570,,,,,,,,,,,
1780987066437018902,,,,,,,,,,,
1780987066537727279,,,,,,,,,,,
1780987066637916765,,,,,,,,,,,
1780987066742536031,,,,,,,,,,,
1780987066843048265,,,,,,,,,,,
1780987066943458290,,,,,,,,,,,
1780987067043790434,,,,,,,,,,,
1780987067145697295,,,,,,,,,,,
1780987067244536146,,,,,,,,,,,
1780987067343538938,,,,,,,,,,,
1780987067443929599,,,,,,,,,,,
1780987067543886626,,,,,,,,,,,
1780987067645229462,,,,,,,,,,,
1780987067743716284,,,,,,,,,,,
1780987067843040990,,,,,,,,,,,
1780987067943746062,,,,,,,,,,,
1780987068043250676,,,,,,,,,,,
1780987068143267904,,,,,,,,,,,
1780987068243741449,,,,,,,,,,,
1780987068343995262,,,,,,,,,,,
1780987068443240854,,,,,,,,,,,
1780987068543023174,,,,,,,,,,,
1780987068643895762,,,,,,,,,,,
1780987068743544337,,,,,,,,,,,
1780987068845420290,,,,,,,,,,,
1780987068943970529,,,,,,,,,,,
1780987069043540467,,,,,,,,,,,
1780987069143289262,,,,,,,,,,,
1780987069243603145,,,,,,,,,,,
1780987069343909082,,,,,,,,,,,
1780987069443651133,,,,,,,,,,,
1780987069543113656,,,,,,,,,,,
1780987069643545752,,,,,,,,,,,
1780987069743542154,,,,,,,,,,,
1780987069843988982,,,,,,,,,,,
1780987069943863473,,,,,,,,,,,
1780987070043537848,,,,,,,,,,,
1780987070143808341,,,,,,,,,,,
1780987070243291013,,,,,,,,,,,
1780987070343907323,,,,,,,,,,,
1780987070445696488,,,,,,,,,,,
1780987070544343595,,,,,,,,,,,
1780987070643949623,,,,,,,,,,,
1780987070743583086,,,,,,,,,,,
1780987070843979901,,,,,,,,,,,
1780987070943918036,,,,,,,,,,,
1780987071043899410,,,,,,,,,,,
1780987071143983729,,,,,,,,,,,
1780987071243015452,,,,,,,,,,,
1780987071343896644,,,,,,,,,,,
1780987071443635343,,,,,,,,,,,
1780987071543650337,,,,,,,,,,,
1780987071643002820,,,,,,,,,,,
1780987071743347268,,,,,,,,,,,
1780987071843884679,,,,,,,,,,,
1780987071943544528,,,,,,,,,,,
1780987072044539887,,,,,,,,,,,
1780987072143892083,,,,,,,,,,,
1780987072245589256,,,,,,,,,,,
1780987072343167795,,,,,,,,,,,
1780987072445741487,,,,,,,,,,,
1780987072543344193,,,,,,,,,,,
1780987072643959285,,,,,,,,,,,
1780987072744537383,,,,,,,,,,,
1780987072843897823,,,,,,,,,,,
1780987072943356056,,,,,,,,,,,
1780987073043178388,,,,,,,,,,,
1780987073143422263,,,,,,,,,,,
1780987073243953466,,,,,,,,,,,
1780987073343616725,,,,,,,,,,,
1780987073443888426,,,,,,,,,,,
1780987073543882414,,,,,,,,,,,
1780987073643996579,,,,,,,,,,,
1780987073743359309,,,,,,,,,,,
1780987073843401142,,,,,,,,,,,
1780987073943537765,,,,,,,,,,,
1780987074043072965,,,,,,,,,,,
1780987074144323117,,,,,,,,,,,
1780987074243535802,,,,,,,,,,,
1780987074345602056,,,,,,,,,,,
1780987074443055575,,,,,,,,,,,
1780987074546702295,,,,,,,,,,,
1780987074643329999,,,,,,,,,,,
1780987074743700866,,,,,,,,,,,
1780987074843915054,,,,,,,,,,,
1780987074943639572,,,,,,,,,,,
1780987075046695292,,,,,,,,,,,
1780987075145417394,,,,,,,,,,,
1780987075246696406,,,,,,,,,,,
1780987075343770344,,,,,,,,,,,
1780987075443027725,,,,,,,,,,,
1780987075543452219,,,,,,,,,,,
1780987075643708521,,,,,,,,,,,
1780987075743537475,,,,,,,,,,,
1780987075843034569,,,,,,,,,,,
1780987075943951679,,,,,,,,,,,
1780987076044536801,,,,,,,,,,,
1780987076145173217,,,,,,,,,,,
1780987076243289666,,,,,,,,,,,
1780987076342968786,,,,,,,,,,,
1780987076443383662,,,,,,,,,,,
1780987076543113523,,,,,,,,,,,
1780987076643920743,,,,,,,,,,,
1780987076744537340,,,,,,,,,,,
1780987076843384025,,,,,,,,,,,
1780987076943980777,,,,,,,,,,,
1780987077048689229,,,,,,,,,,,
1780987077151523053,,,,,,,,,,,
1780987077249824260,,,,,,,,,,,
1780987077349344886,,,,,,,,,,,
1780987077449869222,,,,,,,,,,,
1780987077550736457,,,,,,,,,,,
1780987077649441122,,,,,,,,,,,
1780987077752537243,,,,,,,,,,,
1780987077849443171,,,,,,,,,,,
1780987077949747490,,,,,,,,,,,
1780987078049866194,,,,,,,,,,,
1780987078149899514,,,,,,,,,,,
1780987078250500747,,,,,,,,,,,
1780987078349658196,,,,,,,,,,,
1780987078449913804,,,,,,,,,,,
1780987078549716926,,,,,,,,,,,
1780987078649965711,,,,,,,,,,,
1780987078750550245,,,,,,,,,,,
1780987078849416530,,,,,,,,,,,
1780987078949848000,,,,,,,,,,,
1780987079050564363,,,,,,,,,,,
1780987079149917661,,,,,,,,,,,
1780987079249237799,,,,,,,,,,,
1780987079349925221,,,,,,,,,,,
1780987079450540893,,,,,,,,,,,
1780987079549929747,,,,,,,,,,,
1780987079649876735,,,,,,,,,,,
1780987079749861539,,,,,,,,,,,
1780987079849162227,,,,,,,,,,,
1780987079949303010,,,,,,,,,,,
1780987080049735371,,,,,,,,,,,
1780987080149402892,,,,,,,,,,,
1780987080249905559,,,,,,,,,,,
1780987080349263425,,,,,,,,,,,
1780987080449934822,,,,,,,,,,,
1780987080549900222,,,,,,,,,,,
1780987080650555113,,,,,,,,,,,
1780987080750508707,,,,,,,,,,,
1780987080849988046,,,,,,,,,,,
1780987080949358433,,,,,,,,,,,
1780987081049250359,,,,,,,,,,,
1780987081149149770,,,,,,,,,,,
1780987081249645685,,,,,,,,,,,
1780987081349211843,,,,,,,,,,,
1780987081449255077,,,,,,,,,,,
1780987081549898988,,,,,,,,,,,
1780987081649995218,,,,,,,,,,,
1780987081749917463,,,,,,,,,,,
1780987081849397795,,,,,,,,,,,
1780987081950508629,,,,,,,,,,,
1780987082051566930,,,,,,,,,,,
1780987082149810114,,,,,,,,,,,
1780987082249624537,,,,,,,,,,,
1780987082349200057,,,,,,,,,,,
1780987082448977014,,,,,,,,,,,
1780987082549351887,,,,,,,,,,,
1780987082649498781,,,,,,,,,,,
1780987082749001543,,,,,,,,,,,
1780987082849889181,,,,,,,,,,,
1780987082949895811,,,,,,,,,,,
1780987083049241639,,,,,,,,,,,
1780987083149832347,,,,,,,,,,,
1780987083251515118,,,,,,,,,,,
1780987083349899209,,,,,,,,,,,
1780987083450541976,,,,,,,,,,,
1780987083549647241,,,,,,,,,,,
1780987083649926992,,,,,,,,,,,
1780987083751516440,,,,,,,,,,,
1780987083849760262,,,,,,,,,,,
1780987083951509236,,,,,,,,,,,
1780987084051532659,,,,,,,,,,,
1780987084149381836,,,,,,,,,,,
1780987084249251141,,,,,,,,,,,
1780987084349873530,,,,,,,,,,,
1780987084449037048,,,,,,,,,,,
1780987084551590259,,,,,,,,,,,
1780987084649191598,,,,,,,,,,,
1780987084749221001,,,,,,,,,,,
1780987084849266866,,,,,,,,,,,
1780987084949877790,,,,,,,,,,,
1780987085050500215,,,,,,,,,,,
1780987085149862896,,,,,,,,,,,
1780987085249885594,,,,,,,,,,,
1780987085349674193,,,,,,,,,,,
1780987085449875620,,,,,,,,,,,
1780987085550529691,,,,,,,,,,,
1780987085649939227,,,,,,,,,,,
1780987085749405585,,,,,,,,,,,
1780987085849862619,,,,,,,,,,,
1780987085949051752,,,,,,,,,,,
1780987086049512667,,,,,,,,,,,
1780987086149912593,,,,,,,,,,,
1780987086249271844,,,,,,,,,,,
1780987086351054881,,,,,,,,,,,
1780987086449497830,,,,,,,,,,,
1780987086549864563,,,,,,,,,,,
1780987086649937437,,,,,,,,,,,
1780987086749396224,,,,,,,,,,,
1780987086849380948,,,,,,,,,,,
1780987086950306205,,,,,,,,,,,
1780987087050967003,,,,,,,,,,,
1780987087149180739,,,,,,,,,,,
1780987087249210441,,,,,,,,,,,
1780987087349395936,,,,,,,,,,,
1780987087449900808,,,,,,,,,,,
1780987087549015354,,,,,,,,,,,
1780987087650520491,,,,,,,,,,,
1780987087749639625,,,,,,,,,,,
1780987087849676452,,,,,,,,,,,
1780987087949219113,,,,,,,,,,,
1780987088049869232,,,,,,,,,,,
1780987088149229602,,,,,,,,,,,
1780987088249480567,,,,,,,,,,,
1780987088349213425,,,,,,,,,,,
1780987088452503317,,,,,,,,,,,
1780987088549175232,,,,,,,,,,,
1780987088649850101,,,,,,,,,,,
1780987088749898869,,,,,,,,,,,
1780987088849753556,,,,,,,,,,,
1780987088954523907,,,,,,,,,,,
1780987089056597678,,,,,,,,,,,
1780987089155920115,,,,,,,,,,,
1780987089255867442,,,,,,,,,,,
1780987089355318190,,,,,,,,,,,
1780987089455645801,,,,,,,,,,,
1780987089555896530,,,,,,,,,,,
1780987089655166624,,,,,,,,,,,
1780987089755252984,,,,,,,,,,,
1780987089856570741,,,,,,,,,,,
1780987089955266715,,,,,,,,,,,
1780987090055720202,,,,,,,,,,,
1780987090155525928,,,,,,,,,,,
1780987090258529523,,,,,,,,,,,
1780987090357549589,,,,,,,,,,,
1780987090456533484,,,,,,,,,,,
1780987090555383918,,,,,,,,,,,
1780987090655386240,,,,,,,,,,,
1780987090755357220,,,,,,,,,,,
1780987090855896065,,,,,,,,,,,
1780987090955238879,,,,,,,,,,,
1780987091055643192,,,,,,,,,,,
1780987091155506366,,,,,,,,,,,
1780987091255318425,,,,,,,,,,,
1780987091355520284,,,,,,,,,,,
1780987091456511073,,,,,,,,,,,
1780987091555705029,,,,,,,,,,,
1780987091655873943,,,,,,,,,,,
1780987091755870999,,,,,,,,,,,
1780987091855502081,,,,,,,,,,,
1780987091955525088,,,,,,,,,,,
1780987092056205005,,,,,,,,,,,
1780987092155346077,,,,,,,,,,,
1780987092255252217,,,,,,,,,,,
1780987092356136553,,,,,,,,,,,
1780987092457660861,,,,,,,,,,,
1780987092555965504,,,,,,,,,,,
1780987092656010855,,,,,,,,,,,
1780987092755953569,,,,,,,,,,,
1780987092855252570,,,,,,,,,,,
1780987092955897692,,,,,,,,,,,
1780987093055075805,,,,,,,,,,,
1780987093155739813,,,,,,,,,,,
1780987093255193430,,,,,,,,,,,
1780987093356606945,,,,,,,,,,,
1780987093455188335,,,,,,,,,,,
1780987093555892731,,,,,,,,,,,
1780987093655861883,,,,,,,,,,,
1780987093754993568,,,,,,,,,,,
1780987093855351263,,,,,,,,,,,
1780987093955740979,,,,,,,,,,,
1780987094055282756,,,,,,,,,,,
1780987094155335436,,,,,,,,,,,
1780987094255944708,,,,,,,,,,,
1780987094355259125,,,,,,,,,,,
1780987094455957378,,,,,,,,,,,
1780987094555930409,,,,,,,,,,,
1780987094655206444,,,,,,,,,,,
1780987094755222557,,,,,,,,,,,
1780987094856539077,,,,,,,,,,,
1780987094955888563,,,,,,,,,,,
1780987095056538652,,,,,,,,,,,
1780987095159539672,,,,,,,,,,,
1780987095260267686,,,,,,,,,,,
1780987095360461904,,,,,,,,,,,
1780987095460235059,,,,,,,,,,,
1780987095560893453,,,,,,,,,,,
1780987095660200385,,,,,,,,,,,
1780987095761540615,,,,,,,,,,,
1780987095862663703,,,,,,,,,,,
1780987095960864984,,,,,,,,,,,
1780987096060047202,,,,,,,,,,,
1780987096161539873,,,,,,,,,,,
1780987096260922623,,,,,,,,,,,
1780987096360537948,,,,,,,,,,,
1780987096460527695,,,,,,,,,,,
1780987096561020387,,,,,,,,,,,
1780987096661520922,,,,,,,,,,,
1780987096760090474,,,,,,,,,,,
1780987096860489996,,,,,,,,,,,
1780987096960974541,,,,,,,,,,,
1780987097060760032,,,,,,,,,,,
1780987097160957259,,,,,,,,,,,
1780987097260952107,,,,,,,,,,,
1780987097360886617,,,,,,,,,,,
1780987097460808633,,,,,,,,,,,
1780987097562535255,,,,,,,,,,,
1780987097660295537,,,,,,,,,,,
1780987097763541182,,,,,,,,,,,
1780987097861536452,,,,,,,,,,,
1780987097962538925,,,,,,,,,,,
1780987098060727786,,,,,,,,,,,
1780987098160865483,,,,,,,,,,,
1780987098260433296,,,,,,,,,,,
1780987098360620781,,,,,,,,,,,
1780987098460987445,,,,,,,,,,,
1780987098560999339,,,,,,,,,,,
1780987098660641684,,,,,,,,,,,
1780987098760234160,,,,,,,,,,,
1780987098862538663,,,,,,,,,,,
1780987098961532783,,,,,,,,,,,
1780987099060543368,,,,,,,,,,,
1780987099162550840,,,,,,,,,,,
1780987099260319893,,,,,,,,,,,
1780987099360073104,,,,,,,,,,,
1780987099460867016,,,,,,,,,,,
1780987099560902907,,,,,,,,,,,
1780987099660961293,,,,,,,,,,,
1780987099760752448,,,,,,,,,,,
1780987099861549707,,,,,,,,,,,
1780987099962549031,,,,,,,,,,,
1780987100060504040,,,,,,,,,,,
1780987100160272056,,,,,,,,,,,
1780987100261536794,,,,,,,,,,,
1780987100360535387,,,,,,,,,,,
1780987100462558796,,,,,,,,,,,
1780987100563558441,,,,,,,,,,,
1780987100660328620,,,,,,,,,,,
1780987100760890169,,,,,,,,,,,
1780987100860631565,,,,,,,,,,,
1780987100960457980,,,,,,,,,,,
1780987101060044129,,,,,,,,,,,
1780987101160880114,,,,,,,,,,,
1780987101260909271,,,,,,,,,,,
1780987101361540859,,,,,,,,,,,
1780987101460327098,,,,,,,,,,,
1780987101560630772,,,,,,,,,,,
1780987101660537520,,,,,,,,,,,
1780987101761542779,,,,,,,,,,,
1780987101860300861,,,,,,,,,,,
1780987101960339391,,,,,,,,,,,
1780987102061012072,,,,,,,,,,,
1780987102162516814,,,,,,,,,,,
1780987102260198138,,,,,,,,,,,
1780987102360878083,,,,,,,,,,,
1780987102460616428,,,,,,,,,,,
1780987102560539703,,,,,,,,,,,
1780987102660441933,,,,,,,,,,,
1780987102760923143,,,,,,,,,,,
1780987102860909119,,,,,,,,,,,
1780987102960174274,,,,,,,,,,,
1780987103061535958,,,,,,,,,,,
1780987103160632358,,,,,,,,,,,
1780987103260167874,,,,,,,,,,,
1780987103360526902,,,,,,,,,,,
1780987103462354683,,,,,,,,,,,
1780987103561606194,,,,,,,,,,,
1780987103660535394,,,,,,,,,,,
1780987103760383478,,,,,,,,,,,
1780987103859948641,,,,,,,,,,,
1780987103960436011,,,,,,,,,,,
1780987104060012857,,,,,,,,,,,
1780987104160538868,,,,,,,,,,,
1780987104260817359,,,,,,,,,,,
1780987104360900231,,,,,,,,,,,
1780987104462404609,,,,,,,,,,,
1780987104560906192,,,,,,,,,,,
1780987104660010829,,,,,,,,,,,
1780987104764545142,,,,,,,,,,,
1780987104865526848,,,,,,,,,,,
1780987104965391973,,,,,,,,,,,
1780987105066055291,,,,,,,,,,,
1780987105166125023,,,,,,,,,,,
1780987105265713821,,,,,,,,,,,
1780987105367235200,,,,,,,,,,,
1780987105467741746,,,,,,,,,,,
1780987105565924246,,,,,,,,,,,
1780987105665760816,,,,,,,,,,,
1780987105765707369,,,,,,,,,,,
1780987105865384003,,,,,,,,,,,
1780987105966686932,,,,,,,,,,,
1780987106067251207,,,,,,,,,,,
1780987106165516746,,,,,,,,,,,
1780987106265945810,,,,,,,,,,,
1780987106366707176,,,,,,,,,,,
1780987106465907473,,,,,,,,,,,
1780987106566092042,,,,,,,,,,,
1780987106665683016,,,,,,,,,,,
1780987106765179876,,,,,,,,,,,
1780987106865935874,,,,,,,,,,,
1780987106966043876,,,,,,,,,,,
1780987107069681652,,,,,,,,,,,
1780987107170558214,,,,,,,,,,,
1780987107272540713,,,,,,,,,,,
1780987107370853223,,,,,,,,,,,
1780987107470305823,,,,,,,,,,,
1780987107570623740,,,,,,,,,,,
1780987107670257129,,,,,,,,,,,
1780987107770413412,,,,,,,,,,,
1780987107870879436,,,,,,,,,,,
1780987107970513409,,,,,,,,,,,
1780987108071504951,,,,,,,,,,,
1780987108170500812,,,,,,,,,,,
1780987108270865184,,,,,,,,,,,
1780987108370525685,,,,,,,,,,,
1780987108470591272,,,,,,,,,,,
1780987108570847355,,,,,,,,,,,
1780987108670322555,,,,,,,,,,,
1780987108770850283,,,,,,,,,,,
1780987108871520063,,,,,,,,,,,
1780987108970624902,,,,,,,,,,,
1780987109076536502,,,,,,,,,,,
1780987109177293759,,,,,,,,,,,
1780987109277281662,,,,,,,,,,,
1780987109376997956,,,,,,,,,,,
1780987109477682204,,,,,,,,,,,
1780987109577689334,,,,,,,,,,,
1780987109680851887,,,,,,,,,,,
1780987109778550387,,,,,,,,,,,
1780987109877602684,,,,,,,,,,,
1780987109978537640,,,,,,,,,,,
1780987110077534540,,,,,,,,,,,
1780987110177231574,,,,,,,,,,,
1780987110277626270,,,,,,,,,,,
1780987110378507741,,,,,,,,,,,
1780987110477898288,,,,,,,,,,,
1780987110578009990,,,,,,,,,,,
1780987110682543872,,,,,,,,,,,
1780987110784557759,,,,,,,,,,,
1780987110883266380,,,,,,,,,,,
1780987110983953701,,,,,,,,,,,
1780987111083685476,,,,,,,,,,,
1780987111183356122,,,,,,,,,,,
1780987111283198911,,,,,,,,,,,
1780987111383980276,,,,,,,,,,,
1780987111483045472,,,,,,,,,,,
1780987111583356361,,,,,,,,,,,
1780987111683561577,,,,,,,,,,,
1780987111783634951,,,,,,,,,,,
1780987111883722340,,,,,,,,,,,
1780987111983972358,,,,,,,,,,,
1780987112083979004,,,,,,,,,,,
1780987112183663341,,,,,,,,,,,
1780987112285775895,,,,,,,,,,,
1780987112383178278,,,,,,,,,,,
1780987112483279814,,,,,,,,,,,
1780987112583972986,,,,,,,,,,,
1780987112684048067,,,,,,,,,,,
1780987112783539682,,,,,,,,,,,
1780987112883910682,,,,,,,,,,,
1780987112983397814,,,,,,,,,,,
1780987113083982270,,,,,,,,,,,
1780987113183994402,,,,,,,,,,,
1780987113284539499,,,,,,,,,,,
1780987113383540110,,,,,,,,,,,
1780987113483798310,,,,,,,,,,,
1780987113583927216,,,,,,,,,,,
1780987113683129873,,,,,,,,,,,
1780987113783616989,,,,,,,,,,,
1780987113884625414,,,,,,,,,,,
1780987113983037770,,,,,,,,,,,
1780987114083870573,,,,,,,,,,,
1780987114183943884,,,,,,,,,,,
1780987114283895002,,,,,,,,,,,
1780987114385685221,,,,,,,,,,,
1780987114483731173,,,,,,,,,,,
1780987114583243216,,,,,,,,,,,
1780987114683341732,,,,,,,,,,,
1780987114783275925,,,,,,,,,,,
1780987114884010480,,,,,,,,,,,
1780987114983894800,,,,,,,,,,,
1780987115082996990,,,,,,,,,,,
1780987115186117893,,,,,,,,,,,
1780987115283352270,,,,,,,,,,,
1780987115383338218,,,,,,,,,,,
1780987115483888872,,,,,,,,,,,
1780987115582991661,,,,,,,,,,,
1780987115685720617,,,,,,,,,,,
1780987115783919047,,,,,,,,,,,
1780987115883937073,,,,,,,,,,,
1780987115983929984,,,,,,,,,,,
1780987116083840790,,,,,,,,,,,
1780987116188276611,,,,,,,,,,,
1780987116289957999,,,,,,,,,,,
1780987116389884389,,,,,,,,,,,
1780987116491616302,,,,,,,,,,,
1780987116589279175,,,,,,,,,,,
1780987116689300161,,,,,,,,,,,
1780987116789868697,,,,,,,,,,,
1780987116889495276,,,,,,,,,,,
1780987116989185691,,,,,,,,,,,
1780987117089612177,,,,,,,,,,,
1780987117189896212,,,,,,,,,,,
1780987117289883909,,,,,,,,,,,
1780987117391521665,,,,,,,,,,,
1780987117492867960,,,,,,,,,,,
1780987117589287593,,,,,,,,,,,
1780987117689479097,,,,,,,,,,,
1780987117790208522,,,,,,,,,,,
1780987117889070009,,,,,,,,,,,
1780987117993536392,,,,,,,,,,,
1780987118094363856,,,,,,,,,,,
1780987118194943856,,,,,,,,,,,
1780987118294355794,,,,,,,,,,,
1780987118394898493,,,,,,,,,,,
1780987118494703272,,,,,,,,,,,
1780987118595537177,,,,,,,,,,,
1780987118694900977,,,,,,,,,,,
1780987118795542410,,,,,,,,,,,
1780987118894222403,,,,,,,,,,,
1780987118994872418,,,,,,,,,,,
1780987119094010750,,,,,,,,,,,
1780987119194308979,,,,,,,,,,,
1780987119294529918,,,,,,,,,,,
1780987119394421635,,,,,,,,,,,
1780987119494539337,,,,,,,,,,,
1780987119594954407,,,,,,,,,,,
1780987119695538397,,,,,,,,,,,
1780987119797538955,,,,,,,,,,,
1780987119894192940,,,,,,,,,,,
1780987119994284678,,,,,,,,,,,
1780987120094255577,,,,,,,,,,,
1780987120193974268,,,,,,,,,,,
1780987120295518930,,,,,,,,,,,
1780987120394186278,,,,,,,,,,,
1780987120494026330,,,,,,,,,,,
1780987120594637160,,,,,,,,,,,
1780987120694498783,,,,,,,,,,,
1780987120794892384,,,,,,,,,,,
1780987120894007579,,,,,,,,,,,
1780987120995001622,,,,,,,,,,,
1780987121094957277,,,,,,,,,,,
1780987121194326726,,,,,,,,,,,
1780987121294966872,,,,,,,,,,,
1780987121394534984,,,,,,,,,,,
1780987121494353888,,,,,,,,,,,
1780987121594802267,,,,,,,,,,,
1780987121694933971,,,,,,,,,,,
1780987121794980798,,,,,,,,,,,
1780987121894874767,,,,,,,,,,,
1780987121994874053,,,,,,,,,,,
1780987122097535620,,,,,,,,,,,
1780987122194383890,,,,,,,,,,,
1780987122293987881,,,,,,,,,,,
1780987122394294510,,,,,,,,,,,
1780987122494832157,,,,,,,,,,,
1780987122594655203,,,,,,,,,,,
1780987122694967143,,,,,,,,,,,
1780987122797521951,,,,,,,,,,,
1780987122898190198,,,,,,,,,,,
1780987122994925845,,,,,,,,,,,
1780987123096524800,,,,,,,,,,,
1780987123194620045,,,,,,,,,,,
1780987123294276428,,,,,,,,,,,
1780987123394295556,,,,,,,,,,,
1780987123494385902,,,,,,,,,,,
1780987123596241880,,,,,,,,,,,
1780987123694538596,,,,,,,,,,,
1780987123794660466,,,,,,,,,,,
1780987123894046586,,,,,,,,,,,
1780987123994246184,,,,,,,,,,,
1780987124094363818,,,,,,,,,,,
1780987124194036077,,,,,,,,,,,
1780987124296546325,,,,,,,,,,,
1780987124395544635,,,,,,,,,,,
1780987124494052880,,,,,,,,,,,
1780987124594876322,,,,,,,,,,,
1780987124694375827,,,,,,,,,,,
1780987124794011735,,,,,,,,,,,
1780987124894261905,,,,,,,,,,,
1780987124994124319,,,,,,,,,,,
1780987125094271186,,,,,,,,,,,
1780987125194879506,,,,,,,,,,,
1780987125294948361,,,,,,,,,,,
1780987125394526150,,,,,,,,,,,
1780987125494931659,,,,,,,,,,,
1780987125594938375,,,,,,,,,,,
1780987125694867153,,,,,,,,,,,
1780987125794281580,,,,,,,,,,,
1780987125894276487,,,,,,,,,,,
1780987125994236379,,,,,,,,,,,
1780987126094909102,,,,,,,,,,,
1780987126194309041,,,,,,,,,,,
1780987126294756389,,,,,,,,,,,
1780987126394331627,,,,,,,,,,,
1780987126494958533,,,,,,,,,,,
1780987126594983546,,,,,,,,,,,
1780987126694942977,,,,,,,,,,,
1780987126794878792,,,,,,,,,,,
1780987126894902622,,,,,,,,,,,
1780987126995609951,,,,,,,,,,,
1780987127094336943,,,,,,,,,,,
1780987127194367272,,,,,,,,,,,
1780987127294891656,,,,,,,,,,,
1780987127395529256,,,,,,,,,,,
1780987127494534651,,,,,,,,,,,
1780987127594641806,,,,,,,,,,,
1780987127694647977,,,,,,,,,,,
1780987127794247427,,,,,,,,,,,
1780987127894600018,,,,,,,,,,,
1780987127994905910,,,,,,,,,,,
1780987128095545807,,,,,,,,,,,
1780987128194405294,,,,,,,,,,,
1780987128294918604,,,,,,,,,,,
1780987128394040353,,,,,,,,,,,
1780987128494893005,,,,,,,,,,,
1780987128594333608,,,,,,,,,,,
1780987128693981343,,,,,,,,,,,
1780987128794429858,,,,,,,,,,,
1780987128896539390,,,,,,,,,,,
1780987128994260306,,,,,,,,,,,
1780987129094949759,,,,,,,,,,,
1780987129195239122,,,,,,,,,,,
1780987129294532468,,,,,,,,,,,
1780987129396537022,,,,,,,,,,,
1780987129494225189,,,,,,,,,,,
1780987129593978308,,,,,,,,,,,
1780987129695532113,,,,,,,,,,,
1780987129794932038,,,,,,,,,,,
1780987129894303589,,,,,,,,,,,
1780987129994434790,,,,,,,,,,,
1780987130094882742,,,,,,,,,,,
1780987130194905900,,,,,,,,,,,
1780987130294650153,,,,,,,,,,,
1780987130396548073,,,,,,,,,,,
1780987130494344798,,,,,,,,,,,
1780987130594764890,,,,,,,,,,,
1780987130694022874,,,,,,,,,,,
1780987130795527259,,,,,,,,,,,
1780987130895541826,,,,,,,,,,,
1780987130997538813,,,,,,,,,,,
1780987131094425489,,,,,,,,,,,
1780987131194339800,,,,,,,,,,,
1780987131294925216,,,,,,,,,,,
1780987131394121011,,,,,,,,,,,
1780987131494519793,,,,,,,,,,,
1780987131597548575,,,,,,,,,,,
1780987131694344742,,,,,,,,,,,
1780987131794406412,,,,,,,,,,,
1780987131894074502,,,,,,,,,,,
1780987131994856984,,,,,,,,,,,
1780987132095566355,,,,,,,,,,,
1780987132194697731,,,,,,,,,,,
1780987132293976701,,,,,,,,,,,
1780987132394876509,,,,,,,,,,,
1780987132495533032,,,,,,,,,,,
1780987132594112043,,,,,,,,,,,
1780987132694297616,,,,,,,,,,,
1780987132794579215,,,,,,,,,,,
1780987132893986680,,,,,,,,,,,
1780987132994354391,,,,,,,,,,,
1780987133095531214,,,,,,,,,,,
1780987133193997421,,,,,,,,,,,
1780987133295520188,,,,,,,,,,,
1780987133394257991,,,,,,,,,,,
1780987133494796418,,,,,,,,,,,
1780987133594349128,,,,,,,,,,,
1780987133694808383,,,,,,,,,,,
1780987133794602352,,,,,,,,,,,
1780987133894930529,,,,,,,,,,,
1780987133994998273,,,,,,,,,,,
1780987134094956205,,,,,,,,,,,
1780987134194960680,,,,,,,,,,,
1780987134295523675,,,,,,,,,,,
1780987134394872268,,,,,,,,,,,
1780987134494293940,,,,,,,,,,,
1780987134594969991,,,,,,,,,,,
1780987134694995797,,,,,,,,,,,
1780987134795000636,,,,,,,,,,,
1780987134894241114,,,,,,,,,,,
1780987134994417104,,,,,,,,,,,
1780987135094506129,,,,,,,,,,,
1780987135194252532,,,,,,,,,,,
1780987135294971599,,,,,,,,,,,
1780987135394524845,,,,,,,,,,,
1780987135495285486,,,,,,,,,,,
1780987135597543888,,,,,,,,,,,
1780987135694533248,,,,,,,,,,,
1780987135794933378,,,,,,,,,,,
1780987135894440901,,,,,,,,,,,
1780987135994645803,,,,,,,,,,,
1780987136097547389,,,,,,,,,,,
1780987136194187955,,,,,,,,,,,
1780987136294267904,,,,,,,,,,,
1780987136394205953,,,,,,,,,,,
1780987136495534172,,,,,,,,,,,
1780987136594523988,,,,,,,,,,,
1780987136694762842,,,,,,,,,,,
1780987136794394956,,,,,,,,,,,
1780987136894966351,,,,,,,,,,,
1780987136994876174,,,,,,,,,,,
1780987137094659622,,,,,,,,,,,
1780987137194886956,,,,,,,,,,,
1780987137294535965,,,,,,,,,,,
1780987137394355600,,,,,,,,,,,
1780987137495527329,,,,,,,,,,,
1780987137594987225,,,,,,,,,,,
1780987137696673404,,,,,,,,,,,
1780987137794740166,,,,,,,,,,,
1780987137894659193,,,,,,,,,,,
1780987137995534447,,,,,,,,,,,
1780987138095790660,,,,,,,,,,,
1780987138194288259,,,,,,,,,,,
1780987138294299354,,,,,,,,,,,
1780987138398528352,,,,,,,,,,,
1780987138494252815,,,,,,,,,,,
1780987138594644087,,,,,,,,,,,
1780987138694452178,,,,,,,,,,,
1780987138794330810,,,,,,,,,,,
1780987138894109452,,,,,,,,,,,
1780987138994437080,,,,,,,,,,,
1780987139094303757,,,,,,,,,,,
1780987139194910476,,,,,,,,,,,
1780987139295249767,,,,,,,,,,,
1780987139394033350,,,,,,,,,,,
1780987139494917249,,,,,,,,,,,
1780987139597543952,,,,,,,,,,,
1780987139699542452,,,,,,,,,,,
1780987139800463985,,,,,,,,,,,
1780987139900608265,,,,,,,,,,,
1780987140000900260,,,,,,,,,,,
1780987140101543685,,,,,,,,,,,
1780987140200534715,,,,,,,,,,,
1780987140300341036,,,,,,,,,,,
1780987140402576248,,,,,,,,,,,
1780987140500331539,,,,,,,,,,,
1780987140600235391,,,,,,,,,,,
1780987140700526597,,,,,,,,,,,
1780987140800903470,,,,,,,,,,,
1780987140901542086,,,,,,,,,,,
1780987141000925188,,,,,,,,,,,
1780987141100895447,,,,,,,,,,,
1780987141200873366,,,,,,,,,,,
1780987141300156495,,,,,,,,,,,
1780987141400536228,,,,,,,,,,,
1780987141503545549,,,,,,,,,,,
1780987141600240109,,,,,,,,,,,
1780987141700464343,,,,,,,,,,,
1780987141800256529,,,,,,,,,,,
1780987141900966539,,,,,,,,,,,
1780987142001538093,,,,,,,,,,,
1780987142101609524,,,,,,,,,,,
1780987142200521940,,,,,,,,,,,
1780987142301694179,,,,,,,,,,,
1780987142400624596,,,,,,,,,,,
1780987142500445148,,,,,,,,,,,
1780987142601552789,,,,,,,,,,,
1780987142701538622,,,,,,,,,,,
1780987142800193293,,,,,,,,,,,
1780987142900625255,,,,,,,,,,,
1780987143001535009,,,,,,,,,,,
1780987143100695877,,,,,,,,,,,
1780987143200340788,,,,,,,,,,,
1780987143300114607,,,,,,,,,,,
1780987143401538272,,,,,,,,,,,
1780987143500342466,,,,,,,,,,,
1780987143600924657,,,,,,,,,,,
1780987143701533098,,,,,,,,,,,
1780987143800335516,,,,,,,,,,,
1780987143900889008,,,,,,,,,,,
1780987144004089459,,,,,,,,,,,
1780987144100532776,,,,,,,,,,,
1780987144201299362,,,,,,,,,,,
1780987144300273833,,,,,,,,,,,
1780987144403531203,,,,,,,,,,,
1780987144500054458,,,,,,,,,,,
1780987144600246763,,,,,,,,,,,
1780987144700379514,,,,,,,,,,,
1780987144800441403,,,,,,,,,,,
1780987144900989655,,,,,,,,,,,
1780987145000271822,,,,,,,,,,,
1780987145102537993,,,,,,,,,,,
1780987145200941061,,,,,,,,,,,
1780987145301027854,,,,,,,,,,,
1780987145400623083,,,,,,,,,,,
1780987145501542582,,,,,,,,,,,
1780987145600335336,,,,,,,,,,,
1780987145700294209,,,,,,,,,,,
1780987145801527631,,,,,,,,,,,
1780987145901533597,,,,,,,,,,,
1780987146001537870,,,,,,,,,,,
1780987146103551395,,,,,,,,,,,
1780987146200948880,,,,,,,,,,,
1780987146300004807,,,,,,,,,,,
1780987146400616329,,,,,,,,,,,
1780987146500537835,,,,,,,,,,,
1780987146604157843,,,,,,,,,,,
1780987146704675981,,,,,,,,,,,
1780987146807704270,,,,,,,,,,,
1780987146905486208,,,,,,,,,,,
1780987147009758417,,,,,,,,,,,
1780987147110608089,,,,,,,,,,,
1780987147210119663,,,,,,,,,,,
1780987147310229735,,,,,,,,,,,
1780987147410875947,,,,,,,,,,,
1780987147510904224,,,,,,,,,,,
1780987147610304012,,,,,,,,,,,
1780987147710825792,,,,,,,,,,,
1780987147810865553,,,,,,,,,,,
1780987147910932392,,,,,,,,,,,
1780987148010303637,,,,,,,,,,,
1780987148110292496,,,,,,,,,,,
1780987148210310044,,,,,,,,,,,
1780987148310406421,,,,,,,,,,,
1780987148412513070,,,,,,,,,,,
1780987148510870704,,,,,,,,,,,
1780987148612516428,,,,,,,,,,,
1780987148710594724,,,,,,,,,,,
1780987148810867849,,,,,,,,,,,
1780987148910877352,,,,,,,,,,,
1780987149010957102,,,,,,,,,,,
1780987149110587265,,,,,,,,,,,
1780987149210655568,,,,,,,,,,,
1780987149310388478,,,,,,,,,,,
1780987149414503264,,,,,,,,,,,
1780987149511515872,,,,,,,,,,,
1780987149610699803,,,,,,,,,,,
1780987149710708034,,,,,,,,,,,
1780987149810325282,,,,,,,,,,,
1780987149910782348,,,,,,,,,,,
1780987150010007373,,,,,,,,,,,
1780987150110320812,,,,,,,,,,,
1780987150210938848,,,,,,,,,,,
1780987150310517306,,,,,,,,,,,
1780987150410867426,,,,,,,,,,,
1780987150510881797,,,,,,,,,,,
1780987150612545784,,,,,,,,,,,
1780987150710587677,,,,,,,,,,,
1780987150810285622,,,,,,,,,,,
1780987150910383501,,,,,,,,,,,
1780987151010892951,,,,,,,,,,,
1780987151110231841,,,,,,,,,,,
1780987151210878372,,,,,,,,,,,
1780987151310718210,,,,,,,,,,,
1780987151412508049,,,,,,,,,,,
1780987151510580084,,,,,,,,,,,
1780987151610538791,,,,,,,,,,,
1780987151710295712,,,,,,,,,,,
1780987151810767339,,,,,,,,,,,
1780987151910458861,,,,,,,,,,,
1780987152014542076,,,,,,,,,,,
1780987152110518868,,,,,,,,,,,
1780987152210721034,,,,,,,,,,,
1780987152310583736,,,,,,,,,,,
1780987152410903245,,,,,,,,,,,
1780987152510951222,,,,,,,,,,,
1780987152610711406,,,,,,,,,,,
1780987152710886738,,,,,,,,,,,
1780987152810944116,,,,,,,,,,,
1780987152911524683,,,,,,,,,,,
1780987153010644107,,,,,,,,,,,
1780987153110261591,,,,,,,,,,,
1780987153210371054,,,,,,,,,,,
1780987153311579833,,,,,,,,,,,
1780987153409994609,,,,,,,,,,,
1780987153511517318,,,,,,,,,,,
1780987153610892080,,,,,,,,,,,
1780987153710917349,,,,,,,,,,,
1780987153810290831,,,,,,,,,,,
1780987153910555537,,,,,,,,,,,
1780987154010310340,,,,,,,,,,,
1780987154110826882,,,,,,,,,,,
1780987154210713874,,,,,,,,,,,
1780987154310898964,,,,,,,,,,,
1780987154411512513,,,,,,,,,,,
1780987154510256712,,,,,,,,,,,
1780987154610223736,,,,,,,,,,,
1780987154710172457,,,,,,,,,,,
1780987154810444252,,,,,,,,,,,
1780987154910866932,,,,,,,,,,,
1780987155010964453,,,,,,,,,,,
1780987155110092566,,,,,,,,,,,
1780987155210412026,,,,,,,,,,,
1780987155312508905,,,,,,,,,,,
1780987155410522877,,,,,,,,,,,
1780987155510668372,,,,,,,,,,,
1780987155610651235,,,,,,,,,,,
1780987155710015406,,,,,,,,,,,
1780987155810889587,,,,,,,,,,,
1780987155910027476,,,,,,,,,,,
1780987156010897139,,,,,,,,,,,
1780987156113532359,,,,,,,,,,,
1780987156210163721,,,,,,,,,,,
1780987156310652926,,,,,,,,,,,
1780987156410248825,,,,,,,,,,,
1780987156510324530,,,,,,,,,,,
1780987156610739089,,,,,,,,,,,
1780987156710200236,,,,,,,,,,,
1780987156810519721,,,,,,,,,,,
1780987156910885200,,,,,,,,,,,
1780987157010704863,,,,,,,,,,,
1780987157110267112,,,,,,,,,,,
1780987157210854804,,,,,,,,,,,
1780987157311002863,,,,,,,,,,,
1780987157410011586,,,,,,,,,,,
1780987157510677869,,,,,,,,,,,
1780987157611526221,,,,,,,,,,,
1780987157710867889,,,,,,,,,,,
1780987157811590840,,,,,,,,,,,
1780987157910615531,,,,,,,,,,,
1780987158010344136,,,,,,,,,,,
1780987158110497541,,,,,,,,,,,
1780987158210956284,,,,,,,,,,,
1780987158310094386,,,,,,,,,,,
1780987158410113045,,,,,,,,,,,
1780987158510406526,,,,,,,,,,,
1780987158610903815,,,,,,,,,,,
1780987158710569912,,,,,,,,,,,
1780987158810301800,,,,,,,,,,,
1780987158910953640,,,,,,,,,,,
1780987159010796514,,,,,,,,,,,
1780987159110608401,,,,,,,,,,,
1780987159210358603,,,,,,,,,,,
1780987159310761607,,,,,,,,,,,
1780987159410262830,,,,,,,,,,,
1780987159510891431,,,,,,,,,,,
1780987159613527463,,,,,,,,,,,
1780987159710912959,,,,,,,,,,,
1780987159811522675,,,,,,,,,,,
1780987159910208377,,,,,,,,,,,
1780987160010275071,,,,,,,,,,,
1780987160113517259,,,,,,,,,,,
1780987160210323505,,,,,,,,,,,
1780987160313536079,,,,,,,,,,,
1780987160410759071,,,,,,,,,,,
1780987160510861405,,,,,,,,,,,
1780987160610634947,,,,,,,,,,,
1780987160710697892,,,,,,,,,,,
1780987160815598562,,,,,,,,,,,
1780987160916166547,,,,,,,,,,,
1780987161016417297,,,,,,,,,,,
1780987161116256151,,,,,,,,,,,
1780987161216954379,,,,,,,,,,,
1780987161316525760,,,,,,,,,,,
1780987161417531420,,,,,,,,,,,
1780987161519568766,,,,,,,,,,,
1780987161616717685,,,,,,,,,,,
1780987161716595869,,,,,,,,,,,
1780987161816372803,,,,,,,,,,,
1780987161916981687,,,,,,,,,,,
1780987162016707484,,,,,,,,,,,
1780987162116672576,,,,,,,,,,,
1780987162216192950,,,,,,,,,,,
1780987162316903407,,,,,,,,,,,
1780987162416879146,,,,,,,,,,,
1780987162518536631,,,,,,,,,,,
1780987162616677822,,,,,,,,,,,
1780987162716891135,,,,,,,,,,,
1780987162816369381,,,,,,,,,,,
1780987162916920118,,,,,,,,,,,
1780987163016024801,,,,,,,,,,,
1780987163116354535,,,,,,,,,,,
1780987163216396151,,,,,,,,,,,
1780987163317578302,,,,,,,,,,,
1780987163417527148,,,,,,,,,,,
1780987163516952507,,,,,,,,,,,
1780987163616754985,,,,,,,,,,,
1780987163716689266,,,,,,,,,,,
1780987163816324822,,,,,,,,,,,
1780987163916136068,,,,,,,,,,,
1780987164017759480,,,,,,,,,,,
1780987164116708238,,,,,,,,,,,
1780987164216621753,,,,,,,,,,,
1780987164316406840,,,,,,,,,,,
1780987164416506020,,,,,,,,,,,
1780987164516904349,,,,,,,,,,,
1780987164616889711,,,,,,,,,,,
1780987164720559575,,,,,,,,,,,
1780987164816697988,,,,,,,,,,,
1780987164918570293,,,,,,,,,,,
1780987165016655599,,,,,,,,,,,
1780987165116299525,,,,,,,,,,,
1780987165216239271,,,,,,,,,,,
1780987165316822831,,,,,,,,,,,
1780987165416885716,,,,,,,,,,,
1780987165519536552,,,,,,,,,,,
1780987165617537407,,,,,,,,,,,
1780987165716634886,,,,,,,,,,,
1780987165816128720,,,,,,,,,,,
1780987165916427175,,,,,,,,,,,
1780987166016107502,,,,,,,,,,,
1780987166117528523,,,,,,,,,,,
1780987166216884217,,,,,,,,,,,
1780987166317540154,,,,,,,,,,,
1780987166421539247,,,,,,,,,,,
1780987166522176321,,,,,,,,,,,
1780987166623545695,,,,,,,,,,,
1780987166722429128,,,,,,,,,,,
1780987166822877880,,,,,,,,,,,
1780987166922067567,,,,,,,,,,,
1780987167022890489,,,,,,,,,,,
1780987167122537024,,,,,,,,,,,
1780987167222334899,,,,,,,,,,,
1780987167322361278,,,,,,,,,,,
1780987167423537034,,,,,,,,,,,
1780987167523539492,,,,,,,,,,,
1780987167622043493,,,,,,,,,,,
1780987167722337302,,,,,,,,,,,
1780987167822545662,,,,,,,,,,,
1780987167923012195,,,,,,,,,,,
1780987168023644758,,,,,,,,,,,
1780987168121982151,,,,,,,,,,,
1780987168226607392,,,,,,,,,,,
1780987168327654594,,,,,,,,,,,
1780987168427386422,,,,,,,,,,,
1780987168527200136,,,,,,,,,,,
1780987168627870259,,,,,,,,,,,
1780987168727852163,,,,,,,,,,,
1780987168827910128,,,,,,,,,,,
1780987168927580065,,,,,,,,,,,
1780987169027396153,,,,,,,,,,,
1780987169127309751,,,,,,,,,,,
1780987169227404928,,,,,,,,,,,
1780987169327565740,,,,,,,,,,,
1780987169427898785,,,,,,,,,,,
1780987169527698491,,,,,,,,,,,
1780987169630518437,,,,,,,,,,,
1780987169727320858,,,,,,,,,,,
1780987169830500092,,,,,,,,,,,
1780987169927312461,,,,,,,,,,,
1780987170027236880,,,,,,,,,,,
1780987170127087377,,,,,,,,,,,
1780987170228223623,,,,,,,,,,,
1780987170327549852,,,,,,,,,,,
1780987170427574166,,,,,,,,,,,
1780987170527866356,,,,,,,,,,,
1780987170628568737,,,,,,,,,,,
1780987170728503804,,,,,,,,,,,
1780987170827124442,,,,,,,,,,,
1780987170928580785,,,,,,,,,,,
1780987171027962303,,,,,,,,,,,
1780987171127292892,,,,,,,,,,,
1780987171228562329,,,,,,,,,,,
1780987171329557292,,,,,,,,,,,
1780987171427230734,,,,,,,,,,,
1780987171528548017,,,,,,,,,,,
1780987171630562973,,,,,,,,,,,
1780987171727217396,,,,,,,,,,,
1780987171827376753,,,,,,,,,,,
1780987171927815096,,,,,,,,,,,
1780987172027356605,,,,,,,,,,,
1780987172127891737,,,,,,,,,,,
1780987172229536176,,,,,,,,,,,
1780987172327622150,,,,,,,,,,,
1780987172427596671,,,,,,,,,,,
1780987172529552828,,,,,,,,,,,
1780987172627311844,,,,,,,,,,,
1780987172728499578,,,,,,,,,,,
1780987172831500262,,,,,,,,,,,
1780987172929589063,,,,,,,,,,,
1780987173027580392,,,,,,,,,,,
1780987173127202791,,,,,,,,,,,
1780987173227512918,,,,,,,,,,,
1780987173327417250,,,,,,,,,,,
1780987173428654096,,,,,,,,,,,
1780987173527675729,,,,,,,,,,,
1780987173627957237,,,,,,,,,,,
1780987173727850598,,,,,,,,,,,
1780987173827476493,,,,,,,,,,,
1780987173927207494,,,,,,,,,,,
1780987174027307134,,,,,,,,,,,
1780987174126994399,,,,,,,,,,,
1780987174227456664,,,,,,,,,,,
1780987174328538137,,,,,,,,,,,
1780987174427285651,,,,,,,,,,,
1780987174530509865,,,,,,,,,,,
1780987174627683917,,,,,,,,,,,
1780987174727369786,,,,,,,,,,,
1780987174826895017,,,,,,,,,,,
1780987174927750485,,,,,,,,,,,
1780987175027629938,,,,,,,,,,,
1780987175127712227,,,,,,,,,,,
1780987175227925439,,,,,,,,,,,
1780987175328783622,,,,,,,,,,,
1780987175426979587,,,,,,,,,,,
1780987175527301145,,,,,,,,,,,
1780987175627182748,,,,,,,,,,,
1780987175727909766,,,,,,,,,,,
1780987175827449967,,,,,,,,,,,
1780987175927385145,,,,,,,,,,,
1780987176027712987,,,,,,,,,,,
1780987176127289621,,,,,,,,,,,
1780987176227949707,,,,,,,,,,,
1780987176329497080,,,,,,,,,,,
1780987176427218176,,,,,,,,,,,
1780987176527017630,,,,,,,,,,,
1780987176627561073,,,,,,,,,,,
1780987176727022158,,,,,,,,,,,
1780987176827559612,,,,,,,,,,,
1780987176930552154,,,,,,,,,,,
1780987177027386869,,,,,,,,,,,
1780987177127248336,,,,,,,,,,,
1780987177227916223,,,,,,,,,,,
1780987177327003309,,,,,,,,,,,
1780987177427892466,,,,,,,,,,,
1780987177527848940,,,,,,,,,,,
1780987177627868937,,,,,,,,,,,
1780987177728562027,,,,,,,,,,,
1780987177827659917,,,,,,,,,,,
1780987177927760332,,,,,,,,,,,
1780987178027697942,,,,,,,,,,,
1780987178127318077,,,,,,,,,,,
1780987178227935852,,,,,,,,,,,
1780987178327554077,,,,,,,,,,,
1780987178427911293,,,,,,,,,,,
1780987178527725596,,,,,,,,,,,
1780987178627294202,,,,,,,,,,,
1780987178727290614,,,,,,,,,,,
1780987178827223830,,,,,,,,,,,
1780987178927862597,,,,,,,,,,,
1780987179027020176,,,,,,,,,,,
1780987179127045472,,,,,,,,,,,
1780987179229326845,,,,,,,,,,,
1780987179327593649,,,,,,,,,,,
1780987179427362914,,,,,,,,,,,
1780987179527932988,,,,,,,,,,,
1780987179627857894,,,,,,,,,,,
1780987179727945511,,,,,,,,,,,
1780987179827861112,,,,,,,,,,,
1780987179931559198,,,,,,,,,,,
1780987180027745928,,,,,,,,,,,
1780987180127191242,,,,,,,,,,,
1780987180227301656,,,,,,,,,,,
1780987180327613484,,,,,,,,,,,
1780987180428284563,,,,,,,,,,,
1780987180527196011,,,,,,,,,,,
1780987180627211873,,,,,,,,,,,
1780987180727301419,,,,,,,,,,,
1780987180827849676,,,,,,,,,,,
1780987180927325292,,,,,,,,,,,
1780987181028029491,,,,,,,,,,,
1780987181127563401,,,,,,,,,,,
1780987181230530164,,,,,,,,,,,
1780987181327149867,,,,,,,,,,,
1780987181427399047,,,,,,,,,,,
1780987181527881826,,,,,,,,,,,
1780987181627298588,,,,,,,,,,,
1780987181727867600,,,,,,,,,,,
1780987181827877365,,,,,,,,,,,
1780987181929521909,,,,,,,,,,,
1780987182027718628,,,,,,,,,,,
1780987182127166229,,,,,,,,,,,
1780987182227676946,,,,,,,,,,,
1780987182327409137,,,,,,,,,,,
1780987182428557130,,,,,,,,,,,
1780987182528558778,,,,,,,,,,,
1780987182627895456,,,,,,,,,,,
1780987182727603962,,,,,,,,,,,
1780987182827617076,,,,,,,,,,,
1780987182927801897,,,,,,,,,,,
1780987183027446685,,,,,,,,,,,
1780987183127807611,,,,,,,,,,,
1780987183227910493,,,,,,,,,,,
1780987183329558891,,,,,,,,,,,
1780987183428562017,,,,,,,,,,,
1780987183527230301,,,,,,,,,,,
1780987183627218867,,,,,,,,,,,
1780987183727907299,,,,,,,,,,,
1780987183827793873,,,,,,,,,,,
1780987183927957108,,,,,,,,,,,
1780987184029521420,,,,,,,,,,,
1780987184127640045,,,,,,,,,,,
1780987184227767771,,,,,,,,,,,
1780987184327740358,,,,,,,,,,,
1780987184428632196,,,,,,,,,,,
1780987184527929653,,,,,,,,,,,
1780987184627559035,,,,,,,,,,,
1780987184727559900,,,,,,,,,,,
1780987184827253341,,,,,,,,,,,
1780987184927466649,,,,,,,,,,,
1780987185027371895,,,,,,,,,,,
1780987185127900401,,,,,,,,,,,
1780987185227552927,,,,,,,,,,,
1780987185329559873,,,,,,,,,,,
1780987185427913874,,,,,,,,,,,
1780987185527592331,,,,,,,,,,,
1780987185627224894,,,,,,,,,,,
1780987185727567498,,,,,,,,,,,
1780987185827872155,,,,,,,,,,,
1780987185927560867,,,,,,,,,,,
1780987186029518367,,,,,,,,,,,
1780987186127802811,,,,,,,,,,,
1780987186227300550,,,,,,,,,,,
1780987186327377221,,,,,,,,,,,
1780987186427661504,,,,,,,,,,,
1780987186529499496,,,,,,,,,,,
1780987186626985928,,,,,,,,,,,
1780987186727572652,,,,,,,,,,,
1780987186827692499,,,,,,,,,,,
1780987186931291298,,,,,,,,,,,
1780987187027103303,,,,,,,,,,,
1780987187127265310,,,,,,,,,,,
1780987187231503926,,,,,,,,,,,
1780987187327008285,,,,,,,,,,,
1780987187428556193,,,,,,,,,,,
1780987187527868434,,,,,,,,,,,
1780987187627402833,,,,,,,,,,,
1780987187727284168,,,,,,,,,,,
1780987187827299818,,,,,,,,,,,
1780987187927156253,,,,,,,,,,,
1780987188027155862,,,,,,,,,,,
1780987188127647272,,,,,,,,,,,
1780987188227234606,,,,,,,,,,,
1780987188327149996,,,,,,,,,,,
1780987188427199348,,,,,,,,,,,
1780987188527241146,,,,,,,,,,,
1780987188628564870,,,,,,,,,,,
1780987188727303274,,,,,,,,,,,
1780987188827584893,,,,,,,,,,,
1780987188927956994,,,,,,,,,,,
1780987189027833492,,,,,,,,,,,
1780987189127030969,,,,,,,,,,,
1780987189227233552,,,,,,,,,,,
1780987189327244620,,,,,,,,,,,
1780987189427700834,,,,,,,,,,,
1780987189527920454,,,,,,,,,,,
1780987189627906480,,,,,,,,,,,
1780987189727716302,,,,,,,,,,,
1780987189827679653,,,,,,,,,,,
1780987189927170988,,,,,,,,,,,
1780987190027777947,,,,,,,,,,,
1780987190127233233,,,,,,,,,,,
1780987190227846358,,,,,,,,,,,
1780987190327903948,,,,,,,,,,,
1780987190427863748,,,,,,,,,,,
1780987190527354726,,,,,,,,,,,
1780987190627966314,,,,,,,,,,,
1780987190731556632,,,,,,,,,,,
1780987190833525418,,,,,,,,,,,
1780987190936540790,,,,,,,,,,,
1780987191034747103,,,,,,,,,,,
1780987191134370232,,,,,,,,,,,
1780987191234405977,,,,,,,,,,,
1780987191334883974,,,,,,,,,,,
1780987191434339373,,,,,,,,,,,
1780987191534544990,,,,,,,,,,,
1780987191636538997,,,,,,,,,,,
1780987191735765832,,,,,,,,,,,
1780987191834319053,,,,,,,,,,,
1780987191934299421,,,,,,,,,,,
1780987192034896907,,,,,,,,,,,
1780987192134577558,,,,,,,,,,,
1780987192234841992,,,,,,,,,,,
1780987192335799696,,,,,,,,,,,
1780987192434931219,,,,,,,,,,,
1780987192534528573,,,,,,,,,,,
1780987192635191630,,,,,,,,,,,
1780987192734417622,,,,,,,,,,,
1780987192834001302,,,,,,,,,,,
1780987192937564080,,,,,,,,,,,
1780987193034015837,,,,,,,,,,,
1780987193135163434,,,,,,,,,,,
1780987193234579117,,,,,,,,,,,
1780987193334626595,,,,,,,,,,,
1780987193435533985,,,,,,,,,,,
1780987193534949345,,,,,,,,,,,
1780987193634265855,,,,,,,,,,,
1780987193737540961,,,,,,,,,,,
1780987193837534918,,,,,,,,,,,
1780987193935535358,,,,,,,,,,,
1780987194034524124,,,,,,,,,,,
1780987194135541447,,,,,,,,,,,
1780987194236535872,,,,,,,,,,,
1780987194334335840,,,,,,,,,,,
1780987194434911628,,,,,,,,,,,
1780987194534556631,,,,,,,,,,,
1780987194634421696,,,,,,,,,,,
1780987194734333896,,,,,,,,,,,
1780987194834877624,,,,,,,,,,,
1780987194934283469,,,,,,,,,,,
1780987195034256512,,,,,,,,,,,
1780987195137520112,,,,,,,,,,,
1780987195233973606,,,,,,,,,,,
1780987195336514145,,,,,,,,,,,
1780987195435543289,,,,,,,,,,,
1780987195534466036,,,,,,,,,,,
1780987195634889903,,,,,,,,,,,
1780987195734275142,,,,,,,,,,,
1780987195834584249,,,,,,,,,,,
1780987195934955738,,,,,,,,,,,
1780987196034527961,,,,,,,,,,,
1780987196135514790,,,,,,,,,,,
1780987196235518999,,,,,,,,,,,
1780987196334128963,,,,,,,,,,,
1780987196434514142,,,,,,,,,,,
1780987196535867659,,,,,,,,,,,
1780987196634530536,,,,,,,,,,,
1780987196734897711,,,,,,,,,,,
1780987196834223791,,,,,,,,,,,
1780987196934983131,,,,,,,,,,,
1780987197036523876,,,,,,,,,,,
1780987197134960712,,,,,,,,,,,
1780987197234912921,,,,,,,,,,,
1780987197334909277,,,,,,,,,,,
1780987197434723253,,,,,,,,,,,
1780987197534884573,,,,,,,,,,,
1780987197633996878,,,,,,,,,,,
1780987197734885974,,,,,,,,,,,
1780987197834639870,,,,,,,,,,,
1780987197934897038,,,,,,,,,,,
1780987198034885197,,,,,,,,,,,
1780987198134828200,,,,,,,,,,,
1780987198234375506,,,,,,,,,,,
1780987198334287589,,,,,,,,,,,
1780987198434265880,,,,,,,,,,,
1780987198534865095,,,,,,,,,,,
1780987198636676489,,,,,,,,,,,
1780987198738537318,,,,,,,,,,,
1780987198839617594,,,,,,,,,,,
1780987198939307350,,,,,,,,,,,
1780987199040009158,,,,,,,,,,,
1780987199139920438,,,,,,,,,,,
1780987199239949645,,,,,,,,,,,
1780987199339783307,,,,,,,,,,,
1780987199440538306,,,,,,,,,,,
1780987199542539838,,,,,,,,,,,
1780987199639194125,,,,,,,,,,,
1780987199739723923,,,,,,,,,,,
1780987199839559208,,,,,,,,,,,
1780987199939332646,,,,,,,,,,,
1780987200039307888,,,,,,,,,,,
1780987200139997243,,,,,,,,,,,
1780987200241538072,,,,,,,,,,,
1780987200341531554,,,,,,,,,,,
1780987200439616198,,,,,,,,,,,
1780987200541581054,,,,,,,,,,,
1780987200639678754,,,,,,,,,,,
1780987200739330333,,,,,,,,,,,
1780987200839973622,,,,,,,,,,,
1780987200940544778,,,,,,,,,,,
1780987201039915010,,,,,,,,,,,
1780987201141568073,,,,,,,,,,,
1780987201239419267,,,,,,,,,,,
1780987201339994277,,,,,,,,,,,
1780987201444719237,,,,,,,,,,,
1780987201546081470,,,,,,,,,,,
1780987201648703374,,,,,,,,,,,
1780987201746597571,,,,,,,,,,,
1780987201845949057,,,,,,,,,,,
1780987201945502168,,,,,,,,,,,
1780987202045696041,,,,,,,,,,,
1780987202145702945,,,,,,,,,,,
1780987202245206796,,,,,,,,,,,
1780987202346892468,,,,,,,,,,,
1780987202445341129,,,,,,,,,,,
1780987202546197326,,,,,,,,,,,
1780987202647687318,,,,,,,,,,,
1780987202747571372,,,,,,,,,,,
1780987202845434209,,,,,,,,,,,
1780987202946013811,,,,,,,,,,,
1780987203045690726,,,,,,,,,,,
1780987203145638010,,,,,,,,,,,
1780987203248043781,,,,,,,,,,,
1780987203346035126,,,,,,,,,,,
1780987203445820761,,,,,,,,,,,
1780987203546016499,,,,,,,,,,,
1780987203645901688,,,,,,,,,,,
1780987203745615860,,,,,,,,,,,
1780987203845624603,,,,,,,,,,,
1780987203946674689,,,,,,,,,,,
1780987204046695403,,,,,,,,,,,
1780987204145729496,,,,,,,,,,,
1780987204245245981,,,,,,,,,,,
1780987204345707189,,,,,,,,,,,
1780987204446057567,,,,,,,,,,,
1780987204545973373,,,,,,,,,,,
1780987204645347017,,,,,,,,,,,
1780987204746142303,,,,,,,,,,,
1780987204847670877,,,,,,,,,,,
1780987204945374176,,,,,,,,,,,
1780987205046016697,,,,,,,,,,,
1780987205146696982,,,,,,,,,,,
1780987205245781332,,,,,,,,,,,
1780987205345473799,,,,,,,,,,,
1780987205448549014,,,,,,,,,,,
1780987205545257482,,,,,,,,,,,
1780987205646683162,,,,,,,,,,,
1780987205745595505,,,,,,,,,,,
1780987205845173345,,,,,,,,,,,
1780987205946012221,,,,,,,,,,,
1780987206045413029,,,,,,,,,,,
1780987206145753867,,,,,,,,,,,
1780987206248696239,,,,,,,,,,,
1780987206348680877,,,,,,,,,,,
1780987206446707799,,,,,,,,,,,
1780987206545465335,,,,,,,,,,,
1780987206645510188,,,,,,,,,,,
1780987206745926927,,,,,,,,,,,
1780987206845405107,,,,,,,,,,,
1780987206947696421,,,,,,,,,,,
1780987207045130757,,,,,,,,,,,
1780987207148710844,,,,,,,,,,,
1780987207245306061,,,,,,,,,,,
1780987207345230362,,,,,,,,,,,
1780987207445539172,,,,,,,,,,,
1780987207548693452,,,,,,,,,,,
1780987207645922076,,,,,,,,,,,
1780987207746683045,,,,,,,,,,,
1780987207845121299,,,,,,,,,,,
1780987207945461205,,,,,,,,,,,
1780987208045357080,,,,,,,,,,,
1780987208147701675,,,,,,,,,,,
1780987208245631854,,,,,,,,,,,
1780987208345847568,,,,,,,,,,,
1780987208445804317,,,,,,,,,,,
1780987208546714143,,,,,,,,,,,
1780987208645367951,,,,,,,,,,,
1780987208745192013,,,,,,,,,,,
1780987208846120408,,,,,,,,,,,
1780987208946679338,,,,,,,,,,,
1780987209045927272,,,,,,,,,,,
1780987209145401731,,,,,,,,,,,
1780987209246032056,,,,,,,,,,,
1780987209345819651,,,,,,,,,,,
1780987209445416138,,,,,,,,,,,
1780987209545931180,,,,,,,,,,,
1780987209645053911,,,,,,,,,,,
1780987209745890473,,,,,,,,,,,
1780987209846717496,,,,,,,,,,,
1780987209946032075,,,,,,,,,,,
1780987210045796997,,,,,,,,,,,
1780987210145335218,,,,,,,,,,,
1780987210245064030,,,,,,,,,,,
1780987210345998424,,,,,,,,,,,
1780987210445956218,,,,,,,,,,,
1780987210546693451,,,,,,,,,,,
1780987210648705932,,,,,,,,,,,
1780987210746015279,,,,,,,,,,,
1780987210846373800,,,,,,,,,,,
1780987210946729447,,,,,,,,,,,
1780987211045573399,,,,,,,,,,,
1780987211147687910,,,,,,,,,,,
1780987211246035392,,,,,,,,,,,
1780987211345363131,,,,,,,,,,,
1780987211445795316,,,,,,,,,,,
1780987211546733125,,,,,,,,,,,
1780987211645662487,,,,,,,,,,,
1780987211746530873,,,,,,,,,,,
1780987211845983060,,,,,,,,,,,
1780987211947828398,,,,,,,,,,,
1780987212048703815,,,,,,,,,,,
1780987212146060829,,,,,,,,,,,
1780987212246711076,,,,,,,,,,,
1780987212345834792,,,,,,,,,,,
1780987212445918926,,,,,,,,,,,
1780987212545941689,,,,,,,,,,,
1780987212645989188,,,,,,,,,,,
1780987212750702129,,,,,,,,,,,
1780987212851777719,,,,,,,,,,,
1780987212953531059,,,,,,,,,,,
1780987213053539832,,,,,,,,,,,
1780987213151226972,,,,,,,,,,,
1780987213251096348,,,,,,,,,,,
1780987213355511284,,,,,,,,,,,
1780987213451269537,,,,,,,,,,,
1780987213551834877,,,,,,,,,,,
1780987213651687332,,,,,,,,,,,
1780987213751383052,,,,,,,,,,,
1780987213851499039,,,,,,,,,,,
1780987213951458591,,,,,,,,,,,
1780987214051966182,,,,,,,,,,,
1780987214151764358,,,,,,,,,,,
1780987214251180268,,,,,,,,,,,
1780987214351936531,,,,,,,,,,,
1780987214454531970,,,,,,,,,,,
1780987214551943847,,,,,,,,,,,
1780987214651369343,,,,,,,,,,,
1780987214751872651,,,,,,,,,,,
1780987214851877222,,,,,,,,,,,
1780987214951810742,,,,,,,,,,,
1780987215051688345,,,,,,,,,,,
1780987215151521318,,,,,,,,,,,
1780987215251993416,,,,,,,,,,,
1780987215351640912,,,,,,,,,,,
1780987215451552146,,,,,,,,,,,
1780987215551778963,,,,,,,,,,,
1780987215651364833,,,,,,,,,,,
1780987215751980107,,,,,,,,,,,
1780987215851063160,,,,,,,,,,,
1780987215951000902,,,,,,,,,,,
1780987216053371078,,,,,,,,,,,
1780987216153535772,,,,,,,,,,,
1780987216251655156,,,,,,,,,,,
1780987216351287979,,,,,,,,,,,
1780987216451733220,,,,,,,,,,,
1780987216553595012,,,,,,,,,,,
1780987216654528936,,,,,,,,,,,
1780987216751870561,,,,,,,,,,,
1780987216853538801,,,,,,,,,,,
1780987216951290335,,,,,,,,,,,
1780987217051276686,,,,,,,,,,,
1780987217154540098,,,,,,,,,,,
1780987217251555212,,,,,,,,,,,
1780987217351399839,,,,,,,,,,,
1780987217451856560,,,,,,,,,,,
1780987217551872681,,,,,,,,,,,
1780987217652514188,,,,,,,,,,,
1780987217756535226,,,,,,,,,,,
1780987217857278773,,,,,,,,,,,
1780987217957270452,,,,,,,,,,,
1780987218057082824,,,,,,,,,,,
1780987218159588853,,,,,,,,,,,
1780987218257767375,,,,,,,,,,,
1780987218358009313,,,,,,,,,,,
1780987218457903758,,,,,,,,,,,
1780987218557308151,,,,,,,,,,,
1780987218657691979,,,,,,,,,,,
1780987218757924759,,,,,,,,,,,
1780987218857331275,,,,,,,,,,,
1780987218958535388,,,,,,,,,,,
1780987219057657422,,,,,,,,,,,
1780987219157499051,,,,,,,,,,,
1780987219257012503,,,,,,,,,,,
1780987219357327815,,,,,,,,,,,
1780987219457949843,,,,,,,,,,,
1780987219560547195,,,,,,,,,,,
1780987219657815421,,,,,,,,,,,
1780987219757316310,,,,,,,,,,,
1780987219860530137,,,,,,,,,,,
1780987219957609635,,,,,,,,,,,
1780987220057902245,,,,,,,,,,,
1780987220157070678,,,,,,,,,,,
1780987220258527543,,,,,,,,,,,
1780987220357055373,,,,,,,,,,,
1780987220457541460,,,,,,,,,,,
1780987220557541806,,,,,,,,,,,
1780987220657480796,,,,,,,,,,,
1780987220758522635,,,,,,,,,,,
1780987220857640614,,,,,,,,,,,
1780987220957678796,,,,,,,,,,,
1780987221057909661,,,,,,,,,,,
1780987221157313233,,,,,,,,,,,
1780987221257966140,,,,,,,,,,,
1780987221357890832,,,,,,,,,,,
1780987221459535275,,,,,,,,,,,
1780987221557000486,,,,,,,,,,,
1780987221657869932,,,,,,,,,,,
1780987221756996223,,,,,,,,,,,
1780987221858530721,,,,,,,,,,,
1780987221958536824,,,,,,,,,,,
1780987222057298930,,,,,,,,,,,
1780987222159534937,,,,,,,,,,,
1780987222257844894,,,,,,,,,,,
1780987222357399542,,,,,,,,,,,
1780987222457380579,,,,,,,,,,,
1780987222557915812,,,,,,,,,,,
1780987222658539377,,,,,,,,,,,
1780987222757334024,,,,,,,,,,,
1780987222859532471,,,,,,,,,,,
1780987222957520954,,,,,,,,,,,
1780987223058545047,,,,,,,,,,,
1780987223160536994,,,,,,,,,,,
1780987223257252101,,,,,,,,,,,
1780987223357889783,,,,,,,,,,,
1780987223457801080,,,,,,,,,,,
1780987223557961878,,,,,,,,,,,
1780987223658530984,,,,,,,,,,,
1780987223758532459,,,,,,,,,,,
1780987223857782496,,,,,,,,,,,
1780987223958532424,,,,,,,,,,,
1780987224060560218,,,,,,,,,,,
1780987224157343756,,,,,,,,,,,
1780987224257418231,,,,,,,,,,,
1780987224357535440,,,,,,,,,,,
1780987224457858940,,,,,,,,,,,
1780987224557258679,,,,,,,,,,,
1780987224657893138,,,,,,,,,,,
1780987224757187965,,,,,,,,,,,
1780987224857210285,,,,,,,,,,,
1780987224957079552,,,,,,,,,,,
1780987225057600093,,,,,,,,,,,
1780987225157465131,,,,,,,,,,,
1780987225259961932,,,,,,,,,,,
1780987225357899687,,,,,,,,,,,
1780987225457734046,,,,,,,,,,,
1780987225557417948,,,,,,,,,,,
1780987225657509916,,,,,,,,,,,
1780987225757920440,,,,,,,,,,,
1780987225857659311,,,,,,,,,,,
1780987225958538457,,,,,,,,,,,
1780987226057542744,,,,,,,,,,,
1780987226157070868,,,,,,,,,,,
1780987226257268443,,,,,,,,,,,
1780987226357443074,,,,,,,,,,,
1780987226457900170,,,,,,,,,,,
1780987226557340768,,,,,,,,,,,
1780987226657251659,,,,,,,,,,,
1780987226757350849,,,,,,,,,,,
1780987226857336448,,,,,,,,,,,
1780987226957557266,,,,,,,,,,,
1780987227057334912,,,,,,,,,,,
1780987227157274183,,,,,,,,,,,
1780987227257045552,,,,,,,,,,,
1780987227359746013,,,,,,,,,,,
1780987227463541110,,,,,,,,,,,
1780987227564623686,,,,,,,,,,,
1780987227664481827,,,,,,,,,,,
1780987227764745707,,,,,,,,,,,
1780987227864886249,,,,,,,,,,,
1780987227964040154,,,,,,,,,,,
1780987228065093110,,,,,,,,,,,
1780987228165693182,,,,,,,,,,,
1780987228264195276,,,,,,,,,,,
1780987228364535288,,,,,,,,,,,
1780987228466629938,,,,,,,,,,,
1780987228564341524,,,,,,,,,,,
1780987228664530782,,,,,,,,,,,
1780987228764908514,,,,,,,,,,,
1780987228865765815,,,,,,,,,,,
1780987228964878786,,,,,,,,,,,
1780987229064373378,,,,,,,,,,,
1780987229165104375,,,,,,,,,,,
1780987229265574050,,,,,,,,,,,
1780987229365139206,,,,,,,,,,,
1780987229464308228,,,,,,,,,,,
1780987229563999342,,,,,,,,,,,
1780987229664370410,,,,,,,,,,,
1780987229765713892,,,,,,,,,,,
1780987229867691439,,,,,,,,,,,
1780987229964396270,,,,,,,,,,,
1780987230064247780,,,,,,,,,,,
1780987230165038758,,,,,,,,,,,
1780987230264304286,,,,,,,,,,,
1780987230364529315,,,,,,,,,,,
1780987230464626401,,,,,,,,,,,
1780987230564372083,,,,,,,,,,,
1780987230664537235,,,,,,,,,,,
1780987230764541219,,,,,,,,,,,
1780987230864178087,,,,,,,,,,,
1780987230964521888,,,,,,,,,,,
1780987231064889038,,,,,,,,,,,
1780987231166681468,,,,,,,,,,,
1780987231266666593,,,,,,,,,,,
1780987231364895240,,,,,,,,,,,
1780987231464392012,,,,,,,,,,,
1780987231564523637,,,,,,,,,,,
1780987231665078976,,,,,,,,,,,
1780987231765151431,,,,,,,,,,,
1780987231864722023,,,,,,,,,,,
1780987231965030083,,,,,,,,,,,
1780987232064140887,,,,,,,,,,,
1780987232165960744,,,,,,,,,,,
1780987232266695017,,,,,,,,,,,
1780987232364345570,,,,,,,,,,,
1780987232464873314,,,,,,,,,,,
1780987232563914010,,,,,,,,,,,
1780987232664542985,,,,,,,,,,,
1780987232764354962,,,,,,,,,,,
1780987232865692422,,,,,,,,,,,
1780987232965331076,,,,,,,,,,,
1780987233064331287,,,,,,,,,,,
1780987233164499469,,,,,,,,,,,
1780987233264906597,,,,,,,,,,,
1780987233365583375,,,,,,,,,,,
1780987233464408258,,,,,,,,,,,
1780987233565006974,,,,,,,,,,,
1780987233664633771,,,,,,,,,,,
1780987233764792279,,,,,,,,,,,
1780987233864541352,,,,,,,,,,,
1780987233964355565,,,,,,,,,,,
1780987234064090995,,,,,,,,,,,
1780987234164895453,,,,,,,,,,,
1780987234264022465,,,,,,,,,,,
1780987234365728846,,,,,,,,,,,
1780987234464409846,,,,,,,,,,,
1780987234564154439,,,,,,,,,,,
1780987234664905091,,,,,,,,,,,
1780987234765122934,,,,,,,,,,,
1780987234869698112,,,,,,,,,,,
1780987234970945632,,,,,,,,,,,
1780987235070650461,,,,,,,,,,,
1780987235170311453,,,,,,,,,,,
1780987235270404209,,,,,,,,,,,
1780987235370686473,,,,,,,,,,,
1780987235470876908,,,,,,,,,,,
1780987235573501965,,,,,,,,,,,
1780987235673546743,,,,,,,,,,,
1780987235773539991,,,,,,,,,,,
1780987235870236775,,,,,,,,,,,
1780987235970362889,,,,,,,,,,,
1780987236070872592,,,,,,,,,,,
1780987236170512694,,,,,,,,,,,
1780987236270042669,,,,,,,,,,,
1780987236375532051,,,,,,,,,,,
1780987236478580798,,,,,,,,,,,
1780987236576186955,,,,,,,,,,,
1780987236676394083,,,,,,,,,,,
1780987236776863855,,,,,,,,,,,
1780987236876337979,,,,,,,,,,,
1780987236976659913,,,,,,,,,,,
1780987237076897201,,,,,,,,,,,
1780987237177069479,,,,,,,,,,,
1780987237276696298,,,,,,,,,,,
1780987237376679886,,,,,,,,,,,
1780987237476153646,,,,,,,,,,,
1780987237576111318,,,,,,,,,,,
1780987237677528161,,,,,,,,,,,
1780987237776645096,,,,,,,,,,,
1780987237877525761,,,,,,,,,,,
1780987237976830916,,,,,,,,,,,
1780987238076300102,,,,,,,,,,,
1780987238176365929,,,,,,,,,,,
1780987238276649245,,,,,,,,,,,
1780987238378534232,,,,,,,,,,,
1780987238476946515,,,,,,,,,,,
1780987238577513872,,,,,,,,,,,
1780987238676911902,,,,,,,,,,,
1780987238775998419,,,,,,,,,,,
1780987238876531917,,,,,,,,,,,
1780987238977544331,,,,,,,,,,,
1780987239076316472,,,,,,,,,,,
1780987239176327543,,,,,,,,,,,
1780987239276271941,,,,,,,,,,,
1780987239376973364,,,,,,,,,,,
1780987239476305143,,,,,,,,,,,
1780987239576329609,,,,,,,,,,,
1780987239676882779,,,,,,,,,,,
1780987239776890859,,,,,,,,,,,
1780987239876879051,,,,,,,,,,,
1780987239981537646,,,,,,,,,,,
1780987240082381711,,,,,,,,,,,
1780987240182835543,,,,,,,,,,,
1780987240285753634,,,,,,,,,,,
1780987240382968014,,,,,,,,,,,
1780987240482903324,,,,,,,,,,,
1780987240583076406,,,,,,,,,,,
1780987240685678115,,,,,,,,,,,
1780987240782542664,,,,,,,,,,,
1780987240882699689,,,,,,,,,,,
1780987240982359090,,,,,,,,,,,
1780987241082992457,,,,,,,,,,,
1780987241182900653,,,,,,,,,,,
1780987241283553222,,,,,,,,,,,
1780987241384586063,,,,,,,,,,,
1780987241482209535,,,,,,,,,,,
1780987241582284560,,,,,,,,,,,
1780987241682140604,,,,,,,,,,,
1780987241782607947,,,,,,,,,,,
1780987241882255508,,,,,,,,,,,
1780987241982620556,,,,,,,,,,,
1780987242082878465,,,,,,,,,,,
1780987242182536511,,,,,,,,,,,
1780987242282551623,,,,,,,,,,,
1780987242382543469,,,,,,,,,,,
1780987242482290957,,,,,,,,,,,
1780987242584794528,,,,,,,,,,,
1780987242682513010,,,,,,,,,,,
1780987242783536686,,,,,,,,,,,
1780987242882843831,,,,,,,,,,,
1780987242982928587,,,,,,,,,,,
1780987243082028050,,,,,,,,,,,
1780987243182848858,,,,,,,,,,,
1780987243282963105,,,,,,,,,,,
1780987243381988842,,,,,,,,,,,
1780987243482359354,,,,,,,,,,,
1780987243583537230,,,,,,,,,,,
1780987243682370915,,,,,,,,,,,
1780987243782888893,,,,,,,,,,,
1780987243883537168,,,,,,,,,,,
1780987243984537028,,,,,,,,,,,
1780987244082296258,,,,,,,,,,,
1780987244182966753,,,,,,,,,,,
1780987244283545397,,,,,,,,,,,
1780987244382384397,,,,,,,,,,,
1780987244482530471,,,,,,,,,,,
1780987244582125014,,,,,,,,,,,
1780987244683534516,,,,,,,,,,,
1780987244783536512,,,,,,,,,,,
1780987244882540696,,,,,,,,,,,
1780987244982618082,,,,,,,,,,,
1780987245082702089,,,,,,,,,,,
1780987245182337721,,,,,,,,,,,
1780987245282398978,,,,,,,,,,,
1780987245382241489,,,,,,,,,,,
1780987245482593834,,,,,,,,,,,
1780987245582087948,,,,,,,,,,,
1780987245682954434,,,,,,,,,,,
1780987245784543446,,,,,,,,,,,
1780987245882138114,,,,,,,,,,,
1780987245982930788,,,,,,,,,,,
1780987246083530569,,,,,,,,,,,
1780987246183531743,,,,,,,,,,,
1780987246283900478,,,,,,,,,,,
1780987246382224768,,,,,,,,,,,
1780987246482086224,,,,,,,,,,,
1780987246582365383,,,,,,,,,,,
1780987246684734862,,,,,,,,,,,
1780987246782401288,,,,,,,,,,,
1780987246882893421,,,,,,,,,,,
1780987246984584638,,,,,,,,,,,
1780987247085702441,,,,,,,,,,,
1780987247182190734,,,,,,,,,,,
1780987247282341002,,,,,,,,,,,
1780987247382897324,,,,,,,,,,,
1780987247481999531,,,,,,,,,,,
1780987247582343484,,,,,,,,,,,
1780987247682985867,,,,,,,,,,,
1780987247784538777,,,,,,,,,,,
1780987247882325083,,,,,,,,,,,
1780987247982899911,,,,,,,,,,,
1780987248083521840,,,,,,,,,,,
1780987248182696364,,,,,,,,,,,
1780987248282346080,,,,,,,,,,,
1780987248382598179,,,,,,,,,,,
1780987248482914717,,,,,,,,,,,
1780987248583537793,,,,,,,,,,,
1780987248682703396,,,,,,,,,,,
1780987248782011806,,,,,,,,,,,
1780987248883546786,,,,,,,,,,,
1780987248982946649,,,,,,,,,,,
1780987249082016319,,,,,,,,,,,
1780987249182907514,,,,,,,,,,,
1780987249282980496,,,,,,,,,,,
1780987249382918782,,,,,,,,,,,
1780987249482943838,,,,,,,,,,,
1780987249582266092,,,,,,,,,,,
1780987249682046140,,,,,,,,,,,
1780987249782298888,,,,,,,,,,,
1780987249882351943,,,,,,,,,,,
1780987249982529418,,,,,,,,,,,
1780987250082298302,,,,,,,,,,,
1780987250182997278,,,,,,,,,,,
1780987250282043561,,,,,,,,,,,
1780987250383538538,,,,,,,,,,,
1780987250482731821,,,,,,,,,,,
1780987250582525675,,,,,,,,,,,
1780987250682658650,,,,,,,,,,,
1780987250784542828,,,,,,,,,,,
1780987250882177298,,,,,,,,,,,
1780987250982900283,,,,,,,,,,,
1780987251084536536,,,,,,,,,,,
1780987251183537314,,,,,,,,,,,
1780987251282150510,,,,,,,,,,,
1780987251382610018,,,,,,,,,,,
1780987251482480887,,,,,,,,,,,
1780987251582552148,,,,,,,,,,,
1780987251682233365,,,,,,,,,,,
1780987251782968128,,,,,,,,,,,
1780987251884536532,,,,,,,,,,,
1780987251982970772,,,,,,,,,,,
1780987252082804150,,,,,,,,,,,
1780987252182068874,,,,,,,,,,,
1780987252283537284,,,,,,,,,,,
1780987252382328669,,,,,,,,,,,
1780987252482988041,,,,,,,,,,,
1780987252583540718,,,,,,,,,,,
1780987252683106026,,,,,,,,,,,
1780987252784564608,,,,,,,,,,,
1780987252884766925,,,,,,,,,,,
1780987252982396965,,,,,,,,,,,
1780987253082882929,,,,,,,,,,,
1780987253182984278,,,,,,,,,,,
1780987253283010851,,,,,,,,,,,
1780987253382680247,,,,,,,,,,,
1780987253485714581,,,,,,,,,,,
1780987253584541279,,,,,,,,,,,
1780987253682521541,,,,,,,,,,,
1780987253782952049,,,,,,,,,,,
1780987253882581617,,,,,,,,,,,
1780987253984858085,,,,,,,,,,,
1780987254082620115,,,,,,,,,,,
1780987254182595103,,,,,,,,,,,
1780987254282671112,,,,,,,,,,,
1780987254382888934,,,,,,,,,,,
1780987254482542646,,,,,,,,,,,
1780987254582836641,,,,,,,,,,,
1780987254682905573,,,,,,,,,,,
1780987254782133717,,,,,,,,,,,
1780987254887693557,,,,,,,,,,,
1780987254991616704,,,,,,,,,,,
1780987255088152710,,,,,,,,,,,
1780987255188688536,,,,,,,,,,,
1780987255288109217,,,,,,,,,,,
1780987255388272572,,,,,,,,,,,
1780987255488941733,,,,,,,,,,,
1780987255588459247,,,,,,,,,,,
1780987255688207745,,,,,,,,,,,
1780987255789507494,,,,,,,,,,,
1780987255888561112,,,,,,,,,,,
1780987255988527316,,,,,,,,,,,
1780987256088911163,,,,,,,,,,,
1780987256188899916,,,,,,,,,,,
1780987256288423187,,,,,,,,,,,
1780987256388307385,,,,,,,,,,,
1780987256488205717,,,,,,,,,,,
1780987256588245736,,,,,,,,,,,
1780987256688882192,,,,,,,,,,,
1780987256788283493,,,,,,,,,,,
1780987256888389909,,,,,,,,,,,
1780987256988815795,,,,,,,,,,,
1780987257088873094,,,,,,,,,,,
1780987257188486279,,,,,,,,,,,
1780987257288459766,,,,,,,,,,,
1780987257392571269,,,,,,,,,,,
1780987257489520218,,,,,,,,,,,
1780987257588927872,,,,,,,,,,,
1780987257688785918,,,,,,,,,,,
1780987257788162510,,,,,,,,,,,
1780987257888218491,,,,,,,,,,,
1780987257988934912,,,,,,,,,,,
1780987258088229965,,,,,,,,,,,
1780987258188856647,,,,,,,,,,,
1780987258288554215,,,,,,,,,,,
1780987258388118660,,,,,,,,,,,
1780987258488295568,,,,,,,,,,,
1780987258588508246,,,,,,,,,,,
1780987258688427357,,,,,,,,,,,
1780987258787988522,,,,,,,,,,,
1780987258888409288,,,,,,,,,,,
1780987258988879647,,,,,,,,,,,
1780987259088733669,,,,,,,,,,,
1780987259188301136,,,,,,,,,,,
1780987259289508212,,,,,,,,,,,
1780987259388374810,,,,,,,,,,,
1780987259488636678,,,,,,,,,,,
1780987259588976841,,,,,,,,,,,
1780987259688889172,,,,,,,,,,,
1780987259788876030,,,,,,,,,,,
1780987259889583471,,,,,,,,,,,
1780987259988587209,,,,,,,,,,,
1780987260091352320,,,,,,,,,,,
1780987260188889238,,,,,,,,,,,
1780987260288354337,,,,,,,,,,,
1780987260388894960,,,,,,,,,,,
1780987260488090297,,,,,,,,,,,
1780987260588950211,,,,,,,,,,,
1780987260688334502,,,,,,,,,,,
1780987260792502947,,,,,,,,,,,
1780987260891512251,,,,,,,,,,,
1780987260991513382,,,,,,,,,,,
1780987261089505283,,,,,,,,,,,
1780987261188847800,,,,,,,,,,,
1780987261288182641,,,,,,,,,,,
1780987261388287548,,,,,,,,,,,
1780987261488242823,,,,,,,,,,,
1780987261588880845,,,,,,,,,,,
1780987261688263318,,,,,,,,,,,
1780987261788879424,,,,,,,,,,,
1780987261889511701,,,,,,,,,,,
1780987261988777660,,,,,,,,,,,
1780987262088898051,,,,,,,,,,,
1780987262188392305,,,,,,,,,,,
1780987262288356261,,,,,,,,,,,
1780987262388789930,,,,,,,,,,,
1780987262488897833,,,,,,,,,,,
1780987262588138137,,,,,,,,,,,
1780987262688769149,,,,,,,,,,,
1780987262788541272,,,,,,,,,,,
1780987262889524716,,,,,,,,,,,
1780987262993571767,,,,,,,,,,,
1780987263094293792,,,,,,,,,,,
1780987263194880286,,,,,,,,,,,
1780987263298507916,,,,,,,,,,,
1780987263394044803,,,,,,,,,,,
1780987263494897943,,,,,,,,,,,
1780987263596541508,,,,,,,,,,,
1780987263694268484,,,,,,,,,,,
1780987263794495195,,,,,,,,,,,
1780987263896535986,,,,,,,,,,,
1780987263994941371,,,,,,,,,,,
1780987264094797793,,,,,,,,,,,
1780987264193987280,,,,,,,,,,,
1780987264297742849,,,,,,,,,,,
1780987264394357289,,,,,,,,,,,
1780987264494305118,,,,,,,,,,,
1780987264594858390,,,,,,,,,,,
1780987264694318105,,,,,,,,,,,
1780987264795546633,,,,,,,,,,,
1780987264894734271,,,,,,,,,,,
1780987264994884739,,,,,,,,,,,
1780987265096416889,,,,,,,,,,,
1780987265194325370,,,,,,,,,,,
1780987265294916676,,,,,,,,,,,
1780987265394921563,,,,,,,,,,,
1780987265496538555,,,,,,,,,,,
1780987265594713376,,,,,,,,,,,
1780987265694634526,,,,,,,,,,,
1780987265794006040,,,,,,,,,,,
1780987265894241347,,,,,,,,,,,
1780987265994407969,,,,,,,,,,,
1780987266094284718,,,,,,,,,,,
1780987266194872806,,,,,,,,,,,
1780987266298516465,,,,,,,,,,,
1780987266395534566,,,,,,,,,,,
1780987266496539564,,,,,,,,,,,
1780987266594240767,,,,,,,,,,,
1780987266694008895,,,,,,,,,,,
1780987266794867743,,,,,,,,,,,
1780987266896539386,,,,,,,,,,,
1780987266994277467,,,,,,,,,,,
1780987267094342667,,,,,,,,,,,
1780987267194422333,,,,,,,,,,,
1780987267294877553,,,,,,,,,,,
1780987267397541637,,,,,,,,,,,
1780987267494885351,,,,,,,,,,,
1780987267597160552,,,,,,,,,,,
1780987267694226528,,,,,,,,,,,
1780987267794888796,,,,,,,,,,,
1780987267894159634,,,,,,,,,,,
1780987267994297494,,,,,,,,,,,
1780987268094882475,,,,,,,,,,,
1780987268194902796,,,,,,,,,,,
1780987268294896160,,,,,,,,,,,
1780987268399539536,,,,,,,,,,,
1780987268500689503,,,,,,,,,,,
1780987268600169701,,,,,,,,,,,
1780987268700541123,,,,,,,,,,,
1780987268800550044,,,,,,,,,,,
1780987268903541080,,,,,,,,,,,
1780987269000504179,,,,,,,,,,,
1780987269100220295,,,,,,,,,,,
1780987269200889671,,,,,,,,,,,
1780987269302843969,,,,,,,,,,,
1780987269400803547,,,,,,,,,,,
1780987269500622126,,,,,,,,,,,
1780987269600889836,,,,,,,,,,,
1780987269701523814,,,,,,,,,,,
1780987269800256385,,,,,,,,,,,
1780987269900123746,,,,,,,,,,,
1780987270001565171,,,,,,,,,,,
1780987270100382614,,,,,,,,,,,
1780987270200467711,,,,,,,,,,,
1780987270302561382,,,,,,,,,,,
1780987270400046001,,,,,,,,,,,
1780987270500324518,,,,,,,,,,,
1780987270600987950,,,,,,,,,,,
1780987270700944097,,,,,,,,,,,
1780987270800836767,,,,,,,,,,,
1780987270900606556,,,,,,,,,,,
1780987271000538539,,,,,,,,,,,
1780987271102538572,,,,,,,,,,,
1780987271200313541,,,,,,,,,,,
1780987271300996908,,,,,,,,,,,
1780987271400134812,,,,,,,,,,,
1780987271500888475,,,,,,,,,,,
1780987271601546340,,,,,,,,,,,
1780987271700723435,,,,,,,,,,,
1780987271799991036,,,,,,,,,,,
1780987271901536061,,,,,,,,,,,
1780987272000610803,,,,,,,,,,,
1780987272100444493,,,,,,,,,,,
1780987272200535138,,,,,,,,,,,
1780987272300929101,,,,,,,,,,,
1780987272400998576,,,,,,,,,,,
1780987272500611103,,,,,,,,,,,
1780987272601534447,,,,,,,,,,,
1780987272700788936,,,,,,,,,,,
1780987272800919927,,,,,,,,,,,
1780987272900518434,,,,,,,,,,,
1780987273000513557,,,,,,,,,,,
1780987273100617562,,,,,,,,,,,
1780987273200695181,,,,,,,,,,,
1780987273301540562,,,,,,,,,,,
1780987273404544753,,,,,,,,,,,
1780987273505773192,,,,,,,,,,,
1780987273605674254,,,,,,,,,,,
1780987273706708010,,,,,,,,,,,
1780987273805355035,,,,,,,,,,,
1780987273905297644,,,,,,,,,,,
1780987274006089103,,,,,,,,,,,
1780987274105541882,,,,,,,,,,,
1780987274205558439,,,,,,,,,,,
1780987274305648262,,,,,,,,,,,
1780987274406085534,,,,,,,,,,,
1780987274507704276,,,,,,,,,,,
1780987274605958971,,,,,,,,,,,
1780987274705193141,,,,,,,,,,,
1780987274805073010,,,,,,,,,,,
1780987274905181785,,,,,,,,,,,
1780987275005796568,,,,,,,,,,,
1780987275106569038,,,,,,,,,,,
1780987275208713856,,,,,,,,,,,
1780987275305980652,,,,,,,,,,,
1780987275406159814,,,,,,,,,,,
1780987275505817156,,,,,,,,,,,
1780987275605058683,,,,,,,,,,,
1780987275705900514,,,,,,,,,,,
1780987275805300724,,,,,,,,,,,
1780987275905278738,,,,,,,,,,,
1780987276005379272,,,,,,,,,,,
1780987276107819804,,,,,,,,,,,
1780987276205936147,,,,,,,,,,,
1780987276306039291,,,,,,,,,,,
1780987276406663400,,,,,,,,,,,
1780987276506588989,,,,,,,,,,,
1780987276605784709,,,,,,,,,,,
1780987276706064066,,,,,,,,,,,
1780987276808689951,,,,,,,,,,,
1780987276905753489,,,,,,,,,,,
1780987277005915789,,,,,,,,,,,
1780987277105944471,,,,,,,,,,,
1780987277205917585,,,,,,,,,,,
1780987277305852248,,,,,,,,,,,
1780987277405951297,,,,,,,,,,,
1780987277506021795,,,,,,,,,,,
1780987277605289989,,,,,,,,,,,
1780987277706186384,,,,,,,,,,,
1780987277805785502,,,,,,,,,,,
1780987277907644244,,,,,,,,,,,
1780987278007721693,,,,,,,,,,,
1780987278106717368,,,,,,,,,,,
1780987278205654157,,,,,,,,,,,
1780987278305894690,,,,,,,,,,,
1780987278405125843,,,,,,,,,,,
1780987278505358905,,,,,,,,,,,
1780987278606117077,,,,,,,,,,,
1780987278706066760,,,,,,,,,,,
1780987278806766776,,,,,,,,,,,
1780987278905813405,,,,,,,,,,,
1780987279006820684,,,,,,,,,,,
1780987279105431567,,,,,,,,,,,
1780987279206180385,,,,,,,,,,,
1780987279305481312,,,,,,,,,,,
1780987279405515672,,,,,,,,,,,
1780987279506054943,,,,,,,,,,,
1780987279605350306,,,,,,,,,,,
1780987279705703456,,,,,,,,,,,
1780987279805380477,,,,,,,,,,,
1780987279905549280,,,,,,,,,,,
1780987280005396509,,,,,,,,,,,
1780987280106060142,,,,,,,,,,,
1780987280205423379,,,,,,,,,,,
1780987280305937656,,,,,,,,,,,
1780987280406677574,,,,,,,,,,,
1780987280505060507,,,,,,,,,,,
1780987280605723885,,,,,,,,,,,
1780987280705488236,,,,,,,,,,,
1780987280806079300,,,,,,,,,,,
1780987280905348648,,,,,,,,,,,
1780987281007524269,,,,,,,,,,,
1780987281105354810,,,,,,,,,,,
1780987281205487239,,,,,,,,,,,
1780987281305745859,,,,,,,,,,,
1780987281408699879,,,,,,,,,,,
1780987281506711676,,,,,,,,,,,
1780987281605478737,,,,,,,,,,,
1780987281705105208,,,,,,,,,,,
1780987281805917139,,,,,,,,,,,
1780987281905902921,,,,,,,,,,,
1780987282007699473,,,,,,,,,,,
1780987282106725105,,,,,,,,,,,
1780987282205830230,,,,,,,,,,,
1780987282305767226,,,,,,,,,,,
1780987282406698264,,,,,,,,,,,
1780987282506883573,,,,,,,,,,,
1780987282605475353,,,,,,,,,,,
1780987282705593849,,,,,,,,,,,
1780987282805021240,,,,,,,,,,,
1780987282906123752,,,,,,,,,,,
1780987283005674054,,,,,,,,,,,
1780987283106000736,,,,,,,,,,,
1780987283205702217,,,,,,,,,,,
1780987283305973360,,,,,,,,,,,
1780987283405088414,,,,,,,,,,,
1780987283505690743,,,,,,,,,,,
1780987283606773383,,,,,,,,,,,
1780987283705794526,,,,,,,,,,,
1780987283806736313,,,,,,,,,,,
1780987283905081499,,,,,,,,,,,
1780987284005322807,,,,,,,,,,,
1780987284106248321,,,,,,,,,,,
1780987284205704154,,,,,,,,,,,
1780987284305369845,,,,,,,,,,,
1780987284405170946,,,,,,,,,,,
1780987284506699139,,,,,,,,,,,
1780987284608718423,,,,,,,,,,,
1780987284705610661,,,,,,,,,,,
1780987284805636370,,,,,,,,,,,
1780987284905369870,,,,,,,,,,,
1780987285005688561,,,,,,,,,,,
1780987285108671731,,,,,,,,,,,
1780987285205560840,,,,,,,,,,,
1780987285305851423,,,,,,,,,,,
1780987285405351552,,,,,,,,,,,
1780987285505598870,,,,,,,,,,,
1780987285605823604,,,,,,,,,,,
1780987285706041800,,,,,,,,,,,
1780987285805664989,,,,,,,,,,,
1780987285907576955,,,,,,,,,,,
1780987286005044698,,,,,,,,,,,
1780987286105423505,,,,,,,,,,,
1780987286205193507,,,,,,,,,,,
1780987286308696400,,,,,,,,,,,
1780987286406935896,,,,,,,,,,,
1780987286505880063,,,,,,,,,,,
1780987286605122322,,,,,,,,,,,
1780987286707055389,,,,,,,,,,,
1780987286805689555,,,,,,,,,,,
1780987286905404310,,,,,,,,,,,
1780987287005938157,,,,,,,,,,,
1780987287106093275,,,,,,,,,,,
1780987287207139506,,,,,,,,,,,
1780987287305449977,,,,,,,,,,,
1780987287405098898,,,,,,,,,,,
1780987287505169864,,,,,,,,,,,
1780987287606002855,,,,,,,,,,,
1780987287706711549,,,,,,,,,,,
1780987287806195598,,,,,,,,,,,
1780987287905412689,,,,,,,,,,,
1780987288005409422,,,,,,,,,,,
1780987288105158962,,,,,,,,,,,
1780987288205683166,,,,,,,,,,,
1780987288305778332,,,,,,,,,,,
1780987288405571691,,,,,,,,,,,
1780987288505641193,,,,,,,,,,,
1780987288606037578,,,,,,,,,,,
1780987288706154165,,,,,,,,,,,
1780987288810712135,,,,,,,,,,,
1780987288912523348,,,,,,,,,,,
1780987289011303934,,,,,,,,,,,
1780987289111315178,,,,,,,,,,,
1780987289211876784,,,,,,,,,,,
1780987289316527423,,,,,,,,,,,
1780987289418252105,,,,,,,,,,,
1780987289517940349,,,,,,,,,,,
1780987289617958573,,,,,,,,,,,
1780987289717590777,,,,,,,,,,,
1780987289817747798,,,,,,,,,,,
1780987289917420091,,,,,,,,,,,
1780987290017329422,,,,,,,,,,,
1780987290117967982,,,,,,,,,,,
1780987290217942366,,,,,,,,,,,
1780987290318532463,,,,,,,,,,,
1780987290417536195,,,,,,,,,,,
1780987290517317480,,,,,,,,,,,
1780987290617350663,,,,,,,,,,,
1780987290717871771,,,,,,,,,,,
1780987290817533784,,,,,,,,,,,
1780987290917896885,,,,,,,,,,,
1780987291019547575,,,,,,,,,,,
1780987291117328957,,,,,,,,,,,
1780987291219521240,,,,,,,,,,,
1780987291317534780,,,,,,,,,,,
1780987291417706546,,,,,,,,,,,
1780987291517970886,,,,,,,,,,,
1780987291617042178,,,,,,,,,,,
1780987291720543877,,,,,,,,,,,
1780987291822540039,,,,,,,,,,,
1780987291923535671,,,,,,,,,,,
1780987292023022774,,,,,,,,,,,
1780987292123704864,,,,,,,,,,,
1780987292223803369,,,,,,,,,,,
1780987292323654502,,,,,,,,,,,
1780987292423888911,,,,,,,,,,,
1780987292523742661,,,,,,,,,,,
1780987292623348007,,,,,,,,,,,
1780987292723745791,,,,,,,,,,,
1780987292824540870,,,,,,,,,,,
1780987292923231301,,,,,,,,,,,
1780987293023919243,,,,,,,,,,,
1780987293123889249,,,,,,,,,,,
1780987293226685158,,,,,,,,,,,
1780987293324537388,,,,,,,,,,,
1780987293424546985,,,,,,,,,,,
1780987293523352141,,,,,,,,,,,
1780987293623196440,,,,,,,,,,,
1780987293723930534,,,,,,,,,,,
1780987293823909962,,,,,,,,,,,
1780987293923537267,,,,,,,,,,,
1780987294025712724,,,,,,,,,,,
1780987294123528797,,,,,,,,,,,
1780987294227716551,,,,,,,,,,,
1780987294328302607,,,,,,,,,,,
1780987294428518775,,,,,,,,,,,
1780987294528321836,,,,,,,,,,,
1780987294628907522,,,,,,,,,,,
1780987294727968705,,,,,,,,,,,
1780987294828551556,,,,,,,,,,,
1780987294928729784,,,,,,,,,,,
1780987295028147480,,,,,,,,,,,
1780987295128910771,,,,,,,,,,,
1780987295230198798,,,,,,,,,,,
1780987295332561599,,,,,,,,,,,
1780987295428214599,,,,,,,,,,,
1780987295528875418,,,,,,,,,,,
1780987295628200396,,,,,,,,,,,
1780987295728840821,,,,,,,,,,,
1780987295828692912,,,,,,,,,,,
1780987295929503794,,,,,,,,,,,
1780987296028856692,,,,,,,,,,,
1780987296128441538,,,,,,,,,,,
1780987296228176470,,,,,,,,,,,
1780987296328210778,,,,,,,,,,,
1780987296428427852,,,,,,,,,,,
1780987296528935917,,,,,,,,,,,
1780987296627935089,,,,,,,,,,,
1780987296728249526,,,,,,,,,,,
1780987296828017076,,,,,,,,,,,
1780987296928057087,,,,,,,,,,,
1780987297030526467,,,,,,,,,,,
1780987297128843287,,,,,,,,,,,
1780987297228286980,,,,,,,,,,,
1780987297328835879,,,,,,,,,,,
1780987297428046334,,,,,,,,,,,
1780987297530537467,,,,,,,,,,,
1780987297628806233,,,,,,,,,,,
1780987297728881674,,,,,,,,,,,
1780987297828886741,,,,,,,,,,,
1780987297927987839,,,,,,,,,,,
1780987298029092768,,,,,,,,,,,
1780987298128858073,,,,,,,,,,,
1780987298228583015,,,,,,,,,,,
1780987298328292476,,,,,,,,,,,
1780987298430580275,,,,,,,,,,,
1780987298529555126,,,,,,,,,,,
1780987298628975795,,,,,,,,,,,
1780987298730529828,,,,,,,,,,,
1780987298828859913,,,,,,,,,,,
1780987298928565457,,,,,,,,,,,
1780987299028962550,,,,,,,,,,,
1780987299128948940,,,,,,,,,,,
1780987299228019015,,,,,,,,,,,
1780987299328688862,,,,,,,,,,,
1780987299428277749,,,,,,,,,,,
1780987299528307303,,,,,,,,,,,
1780987299628212008,,,,,,,,,,,
1780987299728876932,,,,,,,,,,,
1780987299829506137,,,,,,,,,,,
1780987299928925224,,,,,,,,,,,
1780987300028834042,,,,,,,,,,,
1780987300128025128,,,,,,,,,,,
1780987300228764993,,,,,,,,,,,
1780987300328849870,,,,,,,,,,,
1780987300428519359,,,,,,,,,,,
1780987300528558356,,,,,,,,,,,
1780987300628322799,,,,,,,,,,,
1780987300728591256,,,,,,,,,,,
1780987300828877907,,,,,,,,,,,
1780987300928850782,,,,,,,,,,,
1780987301028332625,,,,,,,,,,,
1780987301128840733,,,,,,,,,,,
1780987301228567014,,,,,,,,,,,
1780987301328878077,,,,,,,,,,,
1780987301428895487,,,,,,,,,,,
1780987301528678409,,,,,,,,,,,
1780987301628577754,,,,,,,,,,,
1780987301728554915,,,,,,,,,,,
1780987301828931666,,,,,,,,,,,
1780987301928088683,,,,,,,,,,,
1780987302031505152,,,,,,,,,,,
1780987302129573370,,,,,,,,,,,
1780987302228695825,,,,,,,,,,,
1780987302328268565,,,,,,,,,,,
1780987302430528557,,,,,,,,,,,
1780987302528928596,,,,,,,,,,,
1780987302633506470,,,,,,,,,,,
1780987302737537116,,,,,,,,,,,
1780987302834596956,,,,,,,,,,,
1780987302934428349,,,,,,,,,,,
1780987303034154383,,,,,,,,,,,
1780987303134873016,,,,,,,,,,,
1780987303234891513,,,,,,,,,,,
1780987303334538753,,,,,,,,,,,
1780987303434161864,,,,,,,,,,,
1780987303534884652,,,,,,,,,,,
1780987303634932753,,,,,,,,,,,
1780987303734528116,,,,,,,,,,,
1780987303834332410,,,,,,,,,,,
1780987303934419325,,,,,,,,,,,
1780987304034292088,,,,,,,,,,,
1780987304134214601,,,,,,,,,,,
1780987304236538773,,,,,,,,,,,
1780987304334976448,,,,,,,,,,,
1780987304434278966,,,,,,,,,,,
1780987304534746841,,,,,,,,,,,
1780987304634972266,,,,,,,,,,,
1780987304734649673,,,,,,,,,,,
1780987304839538726,,,,,,,,,,,
1780987304940327531,,,,,,,,,,,
1780987305040165184,,,,,,,,,,,
1780987305139924858,,,,,,,,,,,
1780987305240925074,,,,,,,,,,,
1780987305340638605,,,,,,,,,,,
1780987305441017812,,,,,,,,,,,
1780987305540352741,,,,,,,,,,,
1780987305640296743,,,,,,,,,,,
1780987305740096133,,,,,,,,,,,
1780987305844042249,,,,,,,,,,,
1780987305940367112,,,,,,,,,,,
1780987306043535420,,,,,,,,,,,
1780987306140931516,,,,,,,,,,,
1780987306241531794,,,,,,,,,,,
1780987306340535012,,,,,,,,,,,
1780987306440391365,,,,,,,,,,,
1780987306540905372,,,,,,,,,,,
1780987306640027102,,,,,,,,,,,
1780987306739928741,,,,,,,,,,,
1780987306840541557,,,,,,,,,,,
1780987306940534820,,,,,,,,,,,
1780987307043540881,,,,,,,,,,,
1780987307140451677,,,,,,,,,,,
1780987307240911096,,,,,,,,,,,
1780987307340834640,,,,,,,,,,,
1780987307441536662,,,,,,,,,,,
1780987307541531783,,,,,,,,,,,
1780987307640377238,,,,,,,,,,,
1780987307740530366,,,,,,,,,,,
1780987307840954950,,,,,,,,,,,
1780987307942562988,,,,,,,,,,,
1780987308040708526,,,,,,,,,,,
1780987308140732918,,,,,,,,,,,
1780987308240402135,,,,,,,,,,,
1780987308340080362,,,,,,,,,,,
1780987308441537796,,,,,,,,,,,
1780987308540389784,,,,,,,,,,,
1780987308640892275,,,,,,,,,,,
1780987308740957077,,,,,,,,,,,
1780987308840328582,,,,,,,,,,,
1780987308941539618,,,,,,,,,,,
1780987309043541501,,,,,,,,,,,
1780987309140932523,,,,,,,,,,,
1780987309240301280,,,,,,,,,,,
1780987309340017470,,,,,,,,,,,
1780987309440822941,,,,,,,,,,,
1780987309540531881,,,,,,,,,,,
1780987309642540357,,,,,,,,,,,
1780987309746727464,,,,,,,,,,,
1780987309847298491,,,,,,,,,,,
1780987309947714415,,,,,,,,,,,
1780987310047582912,,,,,,,,,,,
1780987310147456283,,,,,,,,,,,
1780987310247440811,,,,,,,,,,,
1780987310352541208,,,,,,,,,,,
1780987310453295177,,,,,,,,,,,
1780987310553265896,,,,,,,,,,,
1780987310653951161,,,,,,,,,,,
1780987310753885331,,,,,,,,,,,
1780987310853109563,,,,,,,,,,,
1780987310959548391,,,,,,,,,,,
1780987311060055115,,,,,,,,,,,
1780987311160068750,,,,,,,,,,,
1780987311260923069,,,,,,,,,,,
1780987311360968908,,,,,,,,,,,
1780987311460637797,,,,,,,,,,,
1780987311560963571,,,,,,,,,,,
1780987311660533220,,,,,,,,,,,
1780987311761570562,,,,,,,,,,,
1780987311860483706,,,,,,,,,,,
1780987311960908914,,,,,,,,,,,
1780987312062533999,,,,,,,,,,,
1780987312160686496,,,,,,,,,,,
1780987312260695563,,,,,,,,,,,
1780987312361541227,,,,,,,,,,,
1780987312461539928,,,,,,,,,,,
1780987312560793599,,,,,,,,,,,
1780987312661539183,,,,,,,,,,,
1780987312760479263,,,,,,,,,,,
1780987312860370379,,,,,,,,,,,
1780987312960543576,,,,,,,,,,,
1780987313060955626,,,,,,,,,,,
1780987313160447767,,,,,,,,,,,
1780987313260888996,,,,,,,,,,,
1780987313363540344,,,,,,,,,,,
1780987313459946265,,,,,,,,,,,
1780987313560304834,,,,,,,,,,,
1780987313660955926,,,,,,,,,,,
1780987313766740033,,,,,,,,,,,
1780987313872513381,,,,,,,,,,,
1780987313973637888,,,,,,,,,,,
1780987314073390571,,,,,,,,,,,
1780987314173020305,,,,,,,,,,,
1780987314273810338,,,,,,,,,,,
1780987314373961842,,,,,,,,,,,
1780987314473317648,,,,,,,,,,,
1780987314573885376,,,,,,,,,,,
1780987314673710226,,,,,,,,,,,
1780987314773404035,,,,,,,,,,,
1780987314873242420,,,,,,,,,,,
1780987314973901210,,,,,,,,,,,
1780987315073022041,,,,,,,,,,,
1780987315173523344,,,,,,,,,,,
1780987315276549736,,,,,,,,,,,
1780987315373662716,,,,,,,,,,,
1780987315473422222,,,,,,,,,,,
1780987315573753790,,,,,,,,,,,
1780987315673527608,,,,,,,,,,,
1780987315773891182,,,,,,,,,,,
1780987315874528024,,,,,,,,,,,
1780987315975582696,,,,,,,,,,,
1780987316076544634,,,,,,,,,,,
1780987316173768571,,,,,,,,,,,
1780987316273484382,,,,,,,,,,,
1780987316373899443,,,,,,,,,,,
1780987316473039203,,,,,,,,,,,
1780987316573361768,,,,,,,,,,,
1780987316673009784,,,,,,,,,,,
1780987316773350321,,,,,,,,,,,
1780987316873885365,,,,,,,,,,,
1780987316973206756,,,,,,,,,,,
1780987317073437277,,,,,,,,,,,
1780987317173491845,,,,,,,,,,,
1780987317273104081,,,,,,,,,,,
1780987317372981391,,,,,,,,,,,
1780987317474621123,,,,,,,,,,,
1780987317573299139,,,,,,,,,,,
1780987317673907348,,,,,,,,,,,
1780987317773497970,,,,,,,,,,,
1780987317875548496,,,,,,,,,,,
1780987317973244774,,,,,,,,,,,
1780987318073489571,,,,,,,,,,,
1780987318177424421,,,,,,,,,,,
1780987318273696911,,,,,,,,,,,
1780987318373653826,,,,,,,,,,,
1780987318473965962,,,,,,,,,,,
1780987318574518906,,,,,,,,,,,
1780987318673871880,,,,,,,,,,,
1780987318773357677,,,,,,,,,,,
1780987318873608926,,,,,,,,,,,
1780987318973972586,,,,,,,,,,,
1780987319075541003,,,,,,,,,,,
1780987319175486268,,,,,,,,,,,
1780987319273082877,,,,,,,,,,,
1780987319373778647,,,,,,,,,,,
1780987319473863701,,,,,,,,,,,
1780987319573875861,,,,,,,,,,,
1780987319679538281,,,,,,,,,,,
1780987319780887007,,,,,,,,,,,
1780987319880943541,,,,,,,,,,,
1780987319980921538,,,,,,,,,,,
1780987320081538826,,,,,,,,,,,
1780987320180541871,,,,,,,,,,,
1780987320280364212,,,,,,,,,,,
1780987320380949922,,,,,,,,,,,
1780987320480273049,,,,,,,,,,,
1780987320580938070,,,,,,,,,,,
1780987320686688338,,,,,,,,,,,
1780987320787706499,,,,,,,,,,,
1780987320891573393,,,,,,,,,,,
1780987320987273130,,,,,,,,,,,
1780987321087290083,,,,,,,,,,,
1780987321187552220,,,,,,,,,,,
1780987321289505034,,,,,,,,,,,
1780987321387768685,,,,,,,,,,,
1780987321487260711,,,,,,,,,,,
1780987321587897743,,,,,,,,,,,
1780987321689511210,,,,,,,,,,,
1780987321787770354,,,,,,,,,,,
1780987321887775576,,,,,,,,,,,
1780987321990519306,,,,,,,,,,,
1780987322087893776,,,,,,,,,,,
1780987322187849749,,,,,,,,,,,
1780987322292542243,,,,,,,,,,,
1780987322395542325,,,,,,,,,,,
1780987322493379791,,,,,,,,,,,
1780987322593424222,,,,,,,,,,,
1780987322693350724,,,,,,,,,,,
1780987322793448632,,,,,,,,,,,
1780987322895531761,,,,,,,,,,,
1780987322998538080,,,,,,,,,,,
1780987323099274372,,,,,,,,,,,
1780987323202063517,,,,,,,,,,,
1780987323299891405,,,,,,,,,,,
1780987323400534315,,,,,,,,,,,
1780987323504539431,,,,,,,,,,,
1780987323605948542,,,,,,,,,,,
1780987323705362615,,,,,,,,,,,
1780987323806060400,,,,,,,,,,,
1780987323905781375,,,,,,,,,,,
1780987324005083494,,,,,,,,,,,
1780987324106335265,,,,,,,,,,,
1780987324206704461,,,,,,,,,,,
1780987324306709087,,,,,,,,,,,
1780987324406031454,,,,,,,,,,,
1780987324505909653,,,,,,,,,,,
1780987324605795086,,,,,,,,,,,
1780987324706712240,,,,,,,,,,,
1780987324805218570,,,,,,,,,,,
1780987324906731107,,,,,,,,,,,
1780987325005047445,,,,,,,,,,,
1780987325106682634,,,,,,,,,,,
1780987325208695383,,,,,,,,,,,
1780987325305884350,,,,,,,,,,,
1780987325405341374,,,,,,,,,,,
1780987325505181931,,,,,,,,,,,
1780987325605935145,,,,,,,,,,,
1780987325707707306,,,,,,,,,,,
1780987325805577246,,,,,,,,,,,
1780987325905983500,,,,,,,,,,,
1780987326005181964,,,,,,,,,,,
1780987326105420273,,,,,,,,,,,
1780987326206104632,,,,,,,,,,,
1780987326306679281,,,,,,,,,,,
1780987326406578692,,,,,,,,,,,
1780987326505381939,,,,,,,,,,,
1780987326605184442,,,,,,,,,,,
1780987326707623499,,,,,,,,,,,
1780987326809681288,,,,,,,,,,,
1780987326910926363,,,,,,,,,,,
1780987327011542053,,,,,,,,,,,
1780987327110549711,,,,,,,,,,,
1780987327211551236,,,,,,,,,,,
1780987327310552269,,,,,,,,,,,
1780987327410621481,,,,,,,,,,,
1780987327510923272,,,,,,,,,,,
1780987327612934451,,,,,,,,,,,
1780987327710302106,,,,,,,,,,,
1780987327810135136,,,,,,,,,,,
1780987327910857764,,,,,,,,,,,
1780987328011557726,,,,,,,,,,,
1780987328111509114,,,,,,,,,,,
1780987328210250435,,,,,,,,,,,
1780987328310735023,,,,,,,,,,,
1780987328410369562,,,,,,,,,,,
1780987328510958240,,,,,,,,,,,
1780987328610844016,,,,,,,,,,,
1780987328713634976,,,,,,,,,,,
1780987328810214216,,,,,,,,,,,
1780987328910577161,,,,,,,,,,,
1780987329011357086,,,,,,,,,,,
1780987329111505664,,,,,,,,,,,
1780987329210096697,,,,,,,,,,,
1780987329310140301,,,,,,,,,,,
1780987329410972623,,,,,,,,,,,
1780987329510879812,,,,,,,,,,,
1780987329612558513,,,,,,,,,,,
1780987329710244713,,,,,,,,,,,
1780987329811778467,,,,,,,,,,,
1780987329910916525,,,,,,,,,,,
1780987330010379512,,,,,,,,,,,
1780987330110934348,,,,,,,,,,,
1780987330210079202,,,,,,,,,,,
1780987330310517321,,,,,,,,,,,
1780987330410389281,,,,,,,,,,,
1780987330510264696,,,,,,,,,,,
1780987330610916770,,,,,,,,,,,
1780987330712536413,,,,,,,,,,,
1780987330810219986,,,,,,,,,,,
1780987330911497920,,,,,,,,,,,
1780987331010010644,,,,,,,,,,,
1780987331110830116,,,,,,,,,,,
1780987331210797655,,,,,,,,,,,
1780987331310005654,,,,,,,,,,,
1780987331410556509,,,,,,,,,,,
1780987331510956989,,,,,,,,,,,
1780987331610877935,,,,,,,,,,,
1780987331710074133,,,,,,,,,,,
1780987331810705514,,,,,,,,,,,
1780987331910322024,,,,,,,,,,,
1780987332011527956,,,,,,,,,,,
1780987332110345788,,,,,,,,,,,
1780987332210924346,,,,,,,,,,,
1780987332310899987,,,,,,,,,,,
1780987332410967960,,,,,,,,,,,
1780987332510782703,,,,,,,,,,,
1780987332611512206,,,,,,,,,,,
1780987332710871159,,,,,,,,,,,
1780987332810501205,,,,,,,,,,,
1780987332910928407,,,,,,,,,,,
1780987333010918248,,,,,,,,,,,
1780987333111513778,,,,,,,,,,,
1780987333211048682,,,,,,,,,,,
1780987333310964877,,,,,,,,,,,
1780987333410764410,,,,,,,,,,,
1780987333510970980,,,,,,,,,,,
1780987333610844175,,,,,,,,,,,
1780987333710885486,,,,,,,,,,,
1780987333810863117,,,,,,,,,,,
1780987333910278680,,,,,,,,,,,
1780987334010986974,,,,,,,,,,,
1780987334110123999,,,,,,,,,,,
1780987334210936886,,,,,,,,,,,
1780987334311544506,,,,,,,,,,,
1780987334410720811,,,,,,,,,,,
1780987334512784139,,,,,,,,,,,
1780987334610104637,,,,,,,,,,,
1780987334710594927,,,,,,,,,,,
1780987334810275778,,,,,,,,,,,
1780987334910160285,,,,,,,,,,,
1780987335010335159,,,,,,,,,,,
1780987335111521418,,,,,,,,,,,
1780987335210275619,,,,,,,,,,,
1780987335310257665,,,,,,,,,,,
1780987335410556396,,,,,,,,,,,
1780987335510963556,,,,,,,,,,,
1780987335610850543,,,,,,,,,,,
1780987335713386851,,,,,,,,,,,
1780987335811507798,,,,,,,,,,,
1780987335910730838,,,,,,,,,,,
1780987336010755966,,,,,,,,,,,
1780987336110181792,,,,,,,,,,,
1780987336210218508,,,,,,,,,,,
1780987336309987880,,,,,,,,,,,
1780987336413568896,,,,,,,,,,,
1780987336510668047,,,,,,,,,,,
1780987336610859349,,,,,,,,,,,
1780987336710878381,,,,,,,,,,,
1780987336811062514,,,,,,,,,,,
1780987336910755680,,,,,,,,,,,
1780987337010598104,,,,,,,,,,,
1780987337110296024,,,,,,,,,,,
1780987337210293034,,,,,,,,,,,
1780987337310194124,,,,,,,,,,,
1780987337409988500,,,,,,,,,,,
1780987337510335663,,,,,,,,,,,
1780987337611523227,,,,,,,,,,,
1780987337711521316,,,,,,,,,,,
1780987337812549631,,,,,,,,,,,
1780987337910360328,,,,,,,,,,,
1780987338010873616,,,,,,,,,,,
1780987338111508933,,,,,,,,,,,
1780987338210891510,,,,,,,,,,,
1780987338313533636,,,,,,,,,,,
1780987338410672375,,,,,,,,,,,
1780987338510344975,,,,,,,,,,,
1780987338611507587,,,,,,,,,,,
1780987338713506540,,,,,,,,,,,
1780987338809976709,,,,,,,,,,,
1780987338910882181,,,,,,,,,,,
1780987339010168183,,,,,,,,,,,
1780987339111402085,,,,,,,,,,,
1780987339209964677,,,,,,,,,,,
1780987339310923146,,,,,,,,,,,
1780987339410672541,,,,,,,,,,,
1780987339510947102,,,,,,,,,,,
1780987339613506346,,,,,,,,,,,
1780987339710224210,,,,,,,,,,,
1780987339811413271,,,,,,,,,,,
1780987339910728530,,,,,,,,,,,
1780987340010610681,,,,,,,,,,,
1780987340110856093,,,,,,,,,,,
1780987340211504069,,,,,,,,,,,
1780987340311567077,,,,,,,,,,,
1780987340413678607,,,,,,,,,,,
1780987340510225893,,,,,,,,,,,
1780987340610639816,,,,,,,,,,,
1780987340710506573,,,,,,,,,,,
1780987340810462775,,,,,,,,,,,
1780987340911922716,,,,,,,,,,,
1780987341013231929,,,,,,,,,,,
1780987341110441265,,,,,,,,,,,
1780987341210883977,,,,,,,,,,,
1780987341310980894,,,,,,,,,,,
1780987341410866934,,,,,,,,,,,
1780987341510624891,,,,,,,,,,,
1780987341610576545,,,,,,,,,,,
1780987341710509877,,,,,,,,,,,
1780987341810646385,,,,,,,,,,,
1780987341910880316,,,,,,,,,,,
1780987342013547251,,,,,,,,,,,
1780987342110331439,,,,,,,,,,,
1780987342210863839,,,,,,,,,,,
1780987342309986331,,,,,,,,,,,
1780987342411516952,,,,,,,,,,,
1780987342510436670,,,,,,,,,,,
1780987342610622323,,,,,,,,,,,
1780987342710327327,,,,,,,,,,,
1780987342810513497,,,,,,,,,,,
1780987342910837476,,,,,,,,,,,
1780987343010617335,,,,,,,,,,,
1780987343110675120,,,,,,,,,,,
1780987343210937798,,,,,,,,,,,
1780987343310768233,,,,,,,,,,,
1780987343410142615,,,,,,,,,,,
1780987343510387184,,,,,,,,,,,
1780987343611642792,,,,,,,,,,,
1780987343711505461,,,,,,,,,,,
1780987343810646461,,,,,,,,,,,
1780987343911499092,,,,,,,,,,,
1780987344010129425,,,,,,,,,,,
1780987344110290754,,,,,,,,,,,
1780987344211519681,,,,,,,,,,,
1780987344310660324,,,,,,,,,,,
1780987344409967837,,,,,,,,,,,
1780987344510069152,,,,,,,,,,,
1780987344610889316,,,,,,,,,,,
1780987344710338434,,,,,,,,,,,
1780987344809992462,,,,,,,,,,,
1780987344910202538,,,,,,,,,,,
1780987345010385505,,,,,,,,,,,
1780987345110361577,,,,,,,,,,,
1780987345212514042,,,,,,,,,,,
1780987345310867123,,,,,,,,,,,
1780987345411504258,,,,,,,,,,,
1780987345511675392,,,,,,,,,,,
1780987345610598603,,,,,,,,,,,
1780987345710897527,,,,,,,,,,,
1780987345810892515,,,,,,,,,,,
1780987345910369723,,,,,,,,,,,
1780987346010878170,,,,,,,,,,,
1780987346110935138,,,,,,,,,,,
1780987346211546768,,,,,,,,,,,
1780987346310066159,,,,,,,,,,,
1780987346410631092,,,,,,,,,,,
1780987346510885931,,,,,,,,,,,
1780987346610847998,,,,,,,,,,,
1780987346710875560,,,,,,,,,,,
1780987346810892275,,,,,,,,,,,
1780987346910724543,,,,,,,,,,,
1780987347010558436,,,,,,,,,,,
1780987347110877099,,,,,,,,,,,
1780987347209994558,,,,,,,,,,,
1780987347310615887,,,,,,,,,,,
1780987347410157637,,,,,,,,,,,
1780987347510879050,,,,,,,,,,,
1780987347611503539,,,,,,,,,,,
1780987347710897446,,,,,,,,,,,
1780987347810445578,,,,,,,,,,,
1780987347910399494,,,,,,,,,,,
1780987348011041529,,,,,,,,,,,
1780987348111524605,,,,,,,,,,,
1780987348210528753,,,,,,,,,,,
1780987348310737605,,,,,,,,,,,
1780987348410955428,,,,,,,,,,,
1780987348510244438,,,,,,,,,,,
1780987348610984518,,,,,,,,,,,
1780987348710669090,,,,,,,,,,,
1780987348810284598,,,,,,,,,,,
1780987348910849999,,,,,,,,,,,
1780987349010395844,,,,,,,,,,,
1780987349110854273,,,,,,,,,,,
1780987349210267412,,,,,,,,,,,
1780987349312536401,,,,,,,,,,,
1780987349410093732,,,,,,,,,,,
1780987349512530647,,,,,,,,,,,
1780987349610506156,,,,,,,,,,,
1780987349715532400,,,,,,,,,,,
1780987349816416542,,,,,,,,,,,
1780987349916892075,,,,,,,,,,,
1780987350016001423,,,,,,,,,,,
1780987350116904578,,,,,,,,,,,
1780987350217548989,,,,,,,,,,,
1780987350316231575,,,,,,,,,,,
1780987350416376212,,,,,,,,,,,
1780987350516323805,,,,,,,,,,,
1780987350616495120,,,,,,,,,,,
1780987350716274436,,,,,,,,,,,
1780987350817531522,,,,,,,,,,,
1780987350916970923,,,,,,,,,,,
1780987351018615054,,,,,,,,,,,
1780987351116852731,,,,,,,,,,,
1780987351216523905,,,,,,,,,,,
1780987351317519220,,,,,,,,,,,
1780987351419550607,,,,,,,,,,,
1780987351519552039,,,,,,,,,,,
1780987351618539459,,,,,,,,,,,
1780987351716240602,,,,,,,,,,,
1780987351816979373,,,,,,,,,,,
1780987351918507619,,,,,,,,,,,
1780987352016902165,,,,,,,,,,,
1780987352116539253,,,,,,,,,,,
1780987352216739252,,,,,,,,,,,
1780987352316536078,,,,,,,,,,,
1780987352416869670,,,,,,,,,,,
1780987352516181697,,,,,,,,,,,
1780987352616861373,,,,,,,,,,,
1780987352716253049,,,,,,,,,,,
1780987352816917525,,,,,,,,,,,
1780987352916520907,,,,,,,,,,,
1780987353016022693,,,,,,,,,,,
1780987353116982365,,,,,,,,,,,
1780987353217541569,,,,,,,,,,,
1780987353317543071,,,,,,,,,,,
1780987353416975755,,,,,,,,,,,
1780987353516724629,,,,,,,,,,,
1780987353616865880,,,,,,,,,,,
1780987353715907146,,,,,,,,,,,
1780987353815981088,,,,,,,,,,,
1780987353916879327,,,,,,,,,,,
1780987354016690625,,,,,,,,,,,
1780987354116350103,,,,,,,,,,,
1780987354216896542,,,,,,,,,,,
1780987354317528973,,,,,,,,,,,
1780987354416286308,,,,,,,,,,,
1780987354518614792,,,,,,,,,,,
1780987354618542901,,,,,,,,,,,
1780987354716905733,,,,,,,,,,,
1780987354816528022,,,,,,,,,,,
1780987354916897738,,,,,,,,,,,
1780987355016793063,,,,,,,,,,,
1780987355116912809,,,,,,,,,,,
1780987355216109048,,,,,,,,,,,
1780987355316532193,,,,,,,,,,,
1780987355420534290,,,,,,,,,,,
1780987355521538126,,,,,,,,,,,
1780987355623544709,,,,,,,,,,,
1780987355721961156,,,,,,,,,,,
1780987355821553904,,,,,,,,,,,
1780987355921935337,,,,,,,,,,,
1780987356021616816,,,,,,,,,,,
1780987356121150418,,,,,,,,,,,
1780987356221344960,,,,,,,,,,,
1780987356321375320,,,,,,,,,,,
1780987356421367339,,,,,,,,,,,
1780987356526825133,,,,,,,,,,,
1780987356627605073,,,,,,,,,,,
1780987356727305300,,,,,,,,,,,
1780987356827883209,,,,,,,,,,,
1780987356927971399,,,,,,,,,,,
1780987357027718957,,,,,,,,,,,
1780987357127201707,,,,,,,,,,,
1780987357227608574,,,,,,,,,,,
1780987357327891908,,,,,,,,,,,
1780987357427745855,,,,,,,,,,,
1780987357527824115,,,,,,,,,,,
1780987357627965512,,,,,,,,,,,
1780987357727857610,,,,,,,,,,,
1780987357829716113,,,,,,,,,,,
1780987357927322733,,,,,,,,,,,
1780987358027317058,,,,,,,,,,,
1780987358127247973,,,,,,,,,,,
1780987358227401973,,,,,,,,,,,
1780987358329508293,,,,,,,,,,,
1780987358427411149,,,,,,,,,,,
1780987358527904195,,,,,,,,,,,
1780987358627561206,,,,,,,,,,,
1780987358727239924,,,,,,,,,,,
1780987358827156873,,,,,,,,,,,
1780987358931491944,,,,,,,,,,,
1780987359027590118,,,,,,,,,,,
1780987359127409339,,,,,,,,,,,
1780987359228207079,,,,,,,,,,,
1780987359327866705,,,,,,,,,,,
1780987359428560797,,,,,,,,,,,
1780987359527295042,,,,,,,,,,,
1780987359627519677,,,,,,,,,,,
1780987359727965453,,,,,,,,,,,
1780987359827018590,,,,,,,,,,,
1780987359929563755,,,,,,,,,,,
1780987360027088992,,,,,,,,,,,
1780987360127184382,,,,,,,,,,,
1780987360227271084,,,,,,,,,,,
1780987360327103833,,,,,,,,,,,
1780987360429537490,,,,,,,,,,,
1780987360527412039,,,,,,,,,,,
1780987360627138254,,,,,,,,,,,
1780987360727237470,,,,,,,,,,,
1780987360827244516,,,,,,,,,,,
1780987360927502442,,,,,,,,,,,
1780987361028554972,,,,,,,,,,,
1780987361127145052,,,,,,,,,,,
1780987361227294885,,,,,,,,,,,
1780987361327854928,,,,,,,,,,,
1780987361427613352,,,,,,,,,,,
1780987361528542741,,,,,,,,,,,
1780987361627769929,,,,,,,,,,,
1780987361727761469,,,,,,,,,,,
1780987361827220817,,,,,,,,,,,
1780987361928547160,,,,,,,,,,,
1780987362029507643,,,,,,,,,,,
1780987362127756847,,,,,,,,,,,
1780987362227280018,,,,,,,,,,,
1780987362327870969,,,,,,,,,,,
1780987362427974320,,,,,,,,,,,
1780987362531537047,,,,,,,,,,,
1780987362627058208,,,,,,,,,,,
1780987362727763745,,,,,,,,,,,
1780987362827420488,,,,,,,,,,,
1780987362927388039,,,,,,,,,,,
1780987363027588344,,,,,,,,,,,
1780987363127946720,,,,,,,,,,,
1780987363227038505,,,,,,,,,,,
1780987363330506108,,,,,,,,,,,
1780987363426981026,,,,,,,,,,,
1780987363527448348,,,,,,,,,,,
1780987363627501080,,,,,,,,,,,
1780987363727852406,,,,,,,,,,,
1780987363830556686,,,,,,,,,,,
1780987363927540000,,,,,,,,,,,
1780987364027562432,,,,,,,,,,,
1780987364126904772,,,,,,,,,,,
1780987364226972771,,,,,,,,,,,
1780987364327477774,,,,,,,,,,,
1780987364430524390,,,,,,,,,,,
1780987364527875020,,,,,,,,,,,
1780987364630534080,,,,,,,,,,,
1780987364727421570,,,,,,,,,,,
1780987364827883818,,,,,,,,,,,
1780987364927018914,,,,,,,,,,,
1780987365027309844,,,,,,,,,,,
1780987365127705308,,,,,,,,,,,
1780987365227212873,,,,,,,,,,,
1780987365327858308,,,,,,,,,,,
1780987365427106457,,,,,,,,,,,
1780987365527649989,,,,,,,,,,,
1780987365627501015,,,,,,,,,,,
1780987365729557727,,,,,,,,,,,
1780987365827500899,,,,,,,,,,,
1780987365927302083,,,,,,,,,,,
1780987366031570174,,,,,,,,,,,
1780987366129568901,,,,,,,,,,,
1780987366227495929,,,,,,,,,,,
1780987366327763326,,,,,,,,,,,
1780987366427881114,,,,,,,,,,,
1780987366527316628,,,,,,,,,,,
1780987366627581917,,,,,,,,,,,
1780987366727737042,,,,,,,,,,,
1780987366830556353,,,,,,,,,,,
1780987366927671153,,,,,,,,,,,
1780987367027245068,,,,,,,,,,,
1780987367127944444,,,,,,,,,,,
1780987367227889178,,,,,,,,,,,
1780987367327819929,,,,,,,,,,,
1780987367427981433,,,,,,,,,,,
1780987367527321613,,,,,,,,,,,
1780987367627222980,,,,,,,,,,,
1780987367727564274,,,,,,,,,,,
1780987367827427426,,,,,,,,,,,
1780987367927309530,,,,,,,,,,,
1780987368027838957,,,,,,,,,,,
1780987368126997002,,,,,,,,,,,
1780987368227354664,,,,,,,,,,,
1780987368327378349,,,,,,,,,,,
1780987368427607410,,,,,,,,,,,
1780987368527917536,,,,,,,,,,,
1780987368627879760,,,,,,,,,,,
1780987368727269079,,,,,,,,,,,
1780987368827935826,,,,,,,,,,,
1780987368927909263,,,,,,,,,,,
1780987369027458401,,,,,,,,,,,
1780987369127403935,,,,,,,,,,,
1780987369227237988,,,,,,,,,,,
1780987369327867945,,,,,,,,,,,
1780987369427773357,,,,,,,,,,,
1780987369527380214,,,,,,,,,,,
1780987369627563684,,,,,,,,,,,
1780987369727901293,,,,,,,,,,,
1780987369827924686,,,,,,,,,,,
1780987369927672838,,,,,,,,,,,
1780987370027870935,,,,,,,,,,,
1780987370127860504,,,,,,,,,,,
1780987370227188609,,,,,,,,,,,
1780987370327909740,,,,,,,,,,,
1780987370427531940,,,,,,,,,,,
1780987370527222752,,,,,,,,,,,
1780987370627455014,,,,,,,,,,,
1780987370727216089,,,,,,,,,,,
1780987370828500135,,,,,,,,,,,
1780987370927945952,,,,,,,,,,,
1780987371027807375,,,,,,,,,,,
1780987371127326409,,,,,,,,,,,
1780987371227841933,,,,,,,,,,,
1780987371327994006,,,,,,,,,,,
1780987371427250112,,,,,,,,,,,
1780987371527550393,,,,,,,,,,,
1780987371627869646,,,,,,,,,,,
1780987371727874183,,,,,,,,,,,
1780987371827691290,,,,,,,,,,,
1780987371927410182,,,,,,,,,,,
1780987372027965012,,,,,,,,,,,
1780987372129536747,,,,,,,,,,,
1780987372227847460,,,,,,,,,,,
1780987372333534219,,,,,,,,,,,
1780987372434488954,,,,,,,,,,,
1780987372534283726,,,,,,,,,,,
1780987372634305987,,,,,,,,,,,
1780987372734989282,,,,,,,,,,,
1780987372834935415,,,,,,,,,,,
1780987372934845505,,,,,,,,,,,
1780987373034841768,,,,,,,,,,,
1780987373134450584,,,,,,,,,,,
1780987373234114599,,,,,,,,,,,
1780987373335529423,,,,,,,,,,,
1780987373435517764,,,,,,,,,,,
1780987373534528287,,,,,,,,,,,
1780987373634753137,,,,,,,,,,,
1780987373734103838,,,,,,,,,,,
1780987373834944852,,,,,,,,,,,
1780987373934615079,,,,,,,,,,,
1780987374034496041,,,,,,,,,,,
1780987374134002824,,,,,,,,,,,
1780987374234878512,,,,,,,,,,,
1780987374334898642,,,,,,,,,,,
1780987374435543040,,,,,,,,,,,
1780987374534314674,,,,,,,,,,,
1780987374635529566,,,,,,,,,,,
1780987374734854148,,,,,,,,,,,
1780987374834974975,,,,,,,,,,,
1780987374934300242,,,,,,,,,,,
1780987375034921099,,,,,,,,,,,
1780987375134800051,,,,,,,,,,,
1780987375234180403,,,,,,,,,,,
1780987375334887263,,,,,,,,,,,
1780987375434322632,,,,,,,,,,,
1780987375534355317,,,,,,,,,,,
1780987375634948819,,,,,,,,,,,
1780987375734260768,,,,,,,,,,,
1780987375834388592,,,,,,,,,,,
1780987375934921772,,,,,,,,,,,
1780987376034897059,,,,,,,,,,,
1780987376137603780,,,,,,,,,,,
1780987376234255354,,,,,,,,,,,
1780987376334416244,,,,,,,,,,,
1780987376435540208,,,,,,,,,,,
1780987376534649019,,,,,,,,,,,
1780987376634549494,,,,,,,,,,,
1780987376734304110,,,,,,,,,,,
1780987376834215724,,,,,,,,,,,
1780987376938530002,,,,,,,,,,,
1780987377035540720,,,,,,,,,,,
1780987377135541657,,,,,,,,,,,
1780987377234362102,,,,,,,,,,,
1780987377334320095,,,,,,,,,,,
1780987377434389475,,,,,,,,,,,
1780987377534955520,,,,,,,,,,,
1780987377636067142,,,,,,,,,,,
1780987377739536028,,,,,,,,,,,
1780987377840271166,,,,,,,,,,,
1780987377940915452,,,,,,,,,,,
1780987378040360234,,,,,,,,,,,
1780987378140014637,,,,,,,,,,,
1780987378240202990,,,,,,,,,,,
1780987378340018376,,,,,,,,,,,
1780987378440454348,,,,,,,,,,,
1780987378540902372,,,,,,,,,,,
1780987378640874964,,,,,,,,,,,
1780987378740405911,,,,,,,,,,,
1780987378840880616,,,,,,,,,,,
1780987378943536862,,,,,,,,,,,
1780987379040429167,,,,,,,,,,,
1780987379140345290,,,,,,,,,,,
1780987379241528577,,,,,,,,,,,
1780987379340929540,,,,,,,,,,,
1780987379441544768,,,,,,,,,,,
1780987379542537881,,,,,,,,,,,
1780987379640006755,,,,,,,,,,,
1780987379740310961,,,,,,,,,,,
1780987379840322679,,,,,,,,,,,
1780987379940917913,,,,,,,,,,,
1780987380040008550,,,,,,,,,,,
1780987380140813719,,,,,,,,,,,
1780987380240013686,,,,,,,,,,,
1780987380340603892,,,,,,,,,,,
1780987380441569798,,,,,,,,,,,
1780987380540975013,,,,,,,,,,,
1780987380642252583,,,,,,,,,,,
1780987380740764543,,,,,,,,,,,
1780987380840302369,,,,,,,,,,,
1780987380941001464,,,,,,,,,,,
1780987381040240593,,,,,,,,,,,
1780987381140851691,,,,,,,,,,,
1780987381240630516,,,,,,,,,,,
1780987381340639381,,,,,,,,,,,
1780987381441536553,,,,,,,,,,,
1780987381540654625,,,,,,,,,,,
1780987381640999079,,,,,,,,,,,
1780987381740256531,,,,,,,,,,,
1780987381840944657,,,,,,,,,,,
1780987381941541087,,,,,,,,,,,
1780987382041526971,,,,,,,,,,,
1780987382140384259,,,,,,,,,,,
1780987382241533869,,,,,,,,,,,
1780987382340362526,,,,,,,,,,,
1780987382441540483,,,,,,,,,,,
1780987382540895731,,,,,,,,,,,
1780987382640063570,,,,,,,,,,,
1780987382741536138,,,,,,,,,,,
1780987382840621149,,,,,,,,,,,
1780987382940664971,,,,,,,,,,,
1780987383040361694,,,,,,,,,,,
1780987383140187298,,,,,,,,,,,
1780987383240156478,,,,,,,,,,,
1780987383340275369,,,,,,,,,,,
1780987383441536383,,,,,,,,,,,
1780987383540375858,,,,,,,,,,,
1780987383640295403,,,,,,,,,,,
1780987383740587459,,,,,,,,,,,
1780987383840408390,,,,,,,,,,,
1780987383940310979,,,,,,,,,,,
1780987384040877710,,,,,,,,,,,
1780987384140612554,,,,,,,,,,,
1780987384240211211,,,,,,,,,,,
1780987384340952842,,,,,,,,,,,
1780987384440611155,,,,,,,,,,,
1780987384540209660,,,,,,,,,,,
1780987384640358818,,,,,,,,,,,
1780987384740555265,,,,,,,,,,,
1780987384840034618,,,,,,,,,,,
1780987384944534641,,,,,,,,,,,
1780987385040945076,,,,,,,,,,,
1780987385141545815,,,,,,,,,,,
1780987385240544581,,,,,,,,,,,
1780987385340092504,,,,,,,,,,,
1780987385440288688,,,,,,,,,,,
1780987385540881603,,,,,,,,,,,
1780987385640763332,,,,,,,,,,,
1780987385740657545,,,,,,,,,,,
1780987385840267188,,,,,,,,,,,
1780987385940880509,,,,,,,,,,,
1780987386040972676,,,,,,,,,,,
1780987386141546239,,,,,,,,,,,
1780987386241537206,,,,,,,,,,,
1780987386340916766,,,,,,,,,,,
1780987386441536374,,,,,,,,,,,
1780987386540864345,,,,,,,,,,,
1780987386640950588,,,,,,,,,,,
1780987386740538016,,,,,,,,,,,
1780987386840241299,,,,,,,,,,,
1780987386941523069,,,,,,,,,,,
1780987387040914516,,,,,,,,,,,
1780987387140921288,,,,,,,,,,,
1780987387241538697,,,,,,,,,,,
1780987387340954516,,,,,,,,,,,
1780987387440288224,,,,,,,,,,,
1780987387540879919,,,,,,,,,,,
1780987387640692379,,,,,,,,,,,
1780987387743532723,,,,,,,,,,,
1780987387840338217,,,,,,,,,,,
1780987387940949196,,,,,,,,,,,
1780987388040313164,,,,,,,,,,,
1780987388140927924,,,,,,,,,,,
1780987388241543253,,,,,,,,,,,
1780987388340868346,,,,,,,,,,,
1780987388440384097,,,,,,,,,,,
1780987388540607943,,,,,,,,,,,
1780987388642542966,,,,,,,,,,,
1780987388744543851,,,,,,,,,,,
1780987388845302664,,,,,,,,,,,
1780987388945948079,,,,,,,,,,,
1780987389045031668,,,,,,,,,,,
1780987389145686014,,,,,,,,,,,
1780987389245308470,,,,,,,,,,,
1780987389348765047,,,,,,,,,,,
1780987389445060231,,,,,,,,,,,
1780987389546073070,,,,,,,,,,,
1780987389647724165,,,,,,,,,,,
1780987389745318886,,,,,,,,,,,
1780987389846073766,,,,,,,,,,,
1780987389945780645,,,,,,,,,,,
1780987390045836709,,,,,,,,,,,
1780987390145486301,,,,,,,,,,,
1780987390246041287,,,,,,,,,,,
1780987390347690490,,,,,,,,,,,
1780987390446572083,,,,,,,,,,,
1780987390546053798,,,,,,,,,,,
1780987390645808036,,,,,,,,,,,
1780987390745164389,,,,,,,,,,,
1780987390846002287,,,,,,,,,,,
1780987390945876809,,,,,,,,,,,
1780987391045714843,,,,,,,,,,,
1780987391148389909,,,,,,,,,,,
1780987391245413073,,,,,,,,,,,
1780987391348722511,,,,,,,,,,,
1780987391445284664,,,,,,,,,,,
1780987391548679341,,,,,,,,,,,
1780987391649700913,,,,,,,,,,,
1780987391752520817,,,,,,,,,,,
1780987391850739882,,,,,,,,,,,
1780987391950266313,,,,,,,,,,,
1780987392050222791,,,,,,,,,,,
1780987392151519818,,,,,,,,,,,
1780987392250670446,,,,,,,,,,,
1780987392350846143,,,,,,,,,,,
1780987392450879013,,,,,,,,,,,
1780987392554884116,,,,,,,,,,,
1780987392656779475,,,,,,,,,,,
1780987392756337411,,,,,,,,,,,
1780987392856358151,,,,,,,,,,,
1780987392956364724,,,,,,,,,,,
1780987393057296938,,,,,,,,,,,
1780987393156766255,,,,,,,,,,,
1780987393256028895,,,,,,,,,,,
1780987393356084863,,,,,,,,,,,
1780987393456676023,,,,,,,,,,,
1780987393559539691,,,,,,,,,,,
1780987393656347932,,,,,,,,,,,
1780987393756796980,,,,,,,,,,,
1780987393856356513,,,,,,,,,,,
1780987393956515884,,,,,,,,,,,
1780987394056948828,,,,,,,,,,,
1780987394158507094,,,,,,,,,,,
1780987394259677919,,,,,,,,,,,
1780987394356703617,,,,,,,,,,,
1780987394456385678,,,,,,,,,,,
1780987394556621574,,,,,,,,,,,
1780987394659518140,,,,,,,,,,,
1780987394760548463,,,,,,,,,,,
1780987394863542170,,,,,,,,,,,
1780987394961540267,,,,,,,,,,,
1780987395061385506,,,,,,,,,,,
1780987395161948832,,,,,,,,,,,
1780987395261003202,,,,,,,,,,,
1780987395364535363,,,,,,,,,,,
1780987395461719981,,,,,,,,,,,
1780987395561351616,,,,,,,,,,,
1780987395662530336,,,,,,,,,,,
1780987395763547222,,,,,,,,,,,
1780987395861299095,,,,,,,,,,,
1780987395961946000,,,,,,,,,,,
1780987396062032251,,,,,,,,,,,
1780987396161072845,,,,,,,,,,,
1780987396261924848,,,,,,,,,,,
1780987396362534306,,,,,,,,,,,
1780987396462533623,,,,,,,,,,,
1780987396562540122,,,,,,,,,,,
1780987396661544562,,,,,,,,,,,
1780987396761422987,,,,,,,,,,,
1780987396861425839,,,,,,,,,,,
1780987396961880211,,,,,,,,,,,
1780987397061922970,,,,,,,,,,,
1780987397161347185,,,,,,,,,,,
1780987397261764479,,,,,,,,,,,
1780987397363541476,,,,,,,,,,,
1780987397461271606,,,,,,,,,,,
1780987397561641890,,,,,,,,,,,
1780987397661290902,,,,,,,,,,,
1780987397761240151,,,,,,,,,,,
1780987397862539585,,,,,,,,,,,
1780987397961974072,,,,,,,,,,,
1780987398061943583,,,,,,,,,,,
1780987398162544371,,,,,,,,,,,
1780987398261377214,,,,,,,,,,,
1780987398361900190,,,,,,,,,,,
1780987398461854585,,,,,,,,,,,
1780987398561367563,,,,,,,,,,,
1780987398661338154,,,,,,,,,,,
1780987398762555645,,,,,,,,,,,
1780987398861390161,,,,,,,,,,,
1780987398961155262,,,,,,,,,,,
1780987399061062892,,,,,,,,,,,
1780987399162521544,,,,,,,,,,,
1780987399263871496,,,,,,,,,,,
1780987399363537352,,,,,,,,,,,
1780987399463670762,,,,,,,,,,,
1780987399561352744,,,,,,,,,,,
1780987399661872799,,,,,,,,,,,
1780987399761952504,,,,,,,,,,,
1780987399861962123,,,,,,,,,,,
1780987399962535084,,,,,,,,,,,
1780987400061130858,,,,,,,,,,,
1780987400161440146,,,,,,,,,,,
1780987400261334018,,,,,,,,,,,
1780987400361107006,,,,,,,,,,,
1780987400462543010,,,,,,,,,,,
1780987400561758567,,,,,,,,,,,
1780987400662541870,,,,,,,,,,,
1780987400765699713,,,,,,,,,,,
1780987400866353952,,,,,,,,,,,
1780987400966322383,,,,,,,,,,,
1780987401065937279,,,,,,,,,,,
1780987401169559863,,,,,,,,,,,
1780987401266007944,,,,,,,,,,,
1780987401365979847,,,,,,,,,,,
1780987401467142877,,,,,,,,,,,
1780987401566076624,,,,,,,,,,,
1780987401668553590,,,,,,,,,,,
1780987401766558134,,,,,,,,,,,
1780987401866467807,,,,,,,,,,,
1780987401966863818,,,,,,,,,,,
1780987402066833646,,,,,,,,,,,
1780987402166638429,,,,,,,,,,,
1780987402266069079,,,,,,,,,,,
1780987402366688390,,,,,,,,,,,
1780987402465979792,,,,,,,,,,,
1780987402568555031,,,,,,,,,,,
1780987402666500510,,,,,,,,,,,
1780987402766134093,,,,,,,,,,,
1780987402866560241,,,,,,,,,,,
1780987402965960751,,,,,,,,,,,
1780987403066981233,,,,,,,,,,,
1780987403166882393,,,,,,,,,,,
1780987403266772543,,,,,,,,,,,
1780987403366497401,,,,,,,,,,,
1780987403465975056,,,,,,,,,,,
1780987403567878294,,,,,,,,,,,
1780987403665959239,,,,,,,,,,,
1780987403765990243,,,,,,,,,,,
1780987403865951057,,,,,,,,,,,
1780987403965914906,,,,,,,,,,,
1780987404066848863,,,,,,,,,,,
1780987404166589771,,,,,,,,,,,
1780987404265971835,,,,,,,,,,,
1780987404365930530,,,,,,,,,,,
1780987404467852660,,,,,,,,,,,
1780987404567553846,,,,,,,,,,,
1780987404666616301,,,,,,,,,,,
1780987404766336201,,,,,,,,,,,
1780987404866787248,,,,,,,,,,,
1780987404966627541,,,,,,,,,,,
1780987405065968472,,,,,,,,,,,
1780987405166919363,,,,,,,,,,,
1780987405266419395,,,,,,,,,,,
1780987405366938821,,,,,,,,,,,
1780987405466637860,,,,,,,,,,,
1780987405566336002,,,,,,,,,,,
1780987405666586194,,,,,,,,,,,
1780987405766705544,,,,,,,,,,,
1780987405866871568,,,,,,,,,,,
1780987405968573892,,,,,,,,,,,
1780987406067570112,,,,,,,,,,,
1780987406166581267,,,,,,,,,,,
1780987406266412734,,,,,,,,,,,
1780987406366886980,,,,,,,,,,,
1780987406468575861,,,,,,,,,,,
1780987406566508053,,,,,,,,,,,
1780987406666917318,,,,,,,,,,,
1780987406766903433,,,,,,,,,,,
1780987406866888496,,,,,,,,,,,
1780987406966803522,,,,,,,,,,,
1780987407065947762,,,,,,,,,,,
1780987407165941207,,,,,,,,,,,
1780987407265976348,,,,,,,,,,,
1780987407369504200,,,,,,,,,,,
1780987407466071633,,,,,,,,,,,
1780987407565992024,,,,,,,,,,,
1780987407666359919,,,,,,,,,,,
1780987407766082045,,,,,,,,,,,
1780987407865898548,,,,,,,,,,,
1780987407966866003,,,,,,,,,,,
1780987408072553030,,,,,,,,,,,
1780987408176563534,,,,,,,,,,,
1780987408273204598,,,,,,,,,,,
1780987408373254763,,,,,,,,,,,
1780987408473915922,,,,,,,,,,,
1780987408573848112,,,,,,,,,,,
1780987408673541614,,,,,,,,,,,
1780987408773291723,,,,,,,,,,,
1780987408873917639,,,,,,,,,,,
1780987408973294015,,,,,,,,,,,
1780987409073299920,,,,,,,,,,,
1780987409173579517,,,,,,,,,,,
1780987409273393962,,,,,,,,,,,
1780987409373214651,,,,,,,,,,,
1780987409473925640,,,,,,,,,,,
1780987409573519057,,,,,,,,,,,
1780987409673048265,,,,,,,,,,,
1780987409775626426,,,,,,,,,,,
1780987409873215984,,,,,,,,,,,
1780987409972982610,,,,,,,,,,,
1780987410075512597,,,,,,,,,,,
1780987410177549284,,,,,,,,,,,
1780987410273279620,,,,,,,,,,,
1780987410379536481,,,,,,,,,,,
1780987410480716124,,,,,,,,,,,
1780987410580605059,,,,,,,,,,,
1780987410680069221,,,,,,,,,,,
1780987410780969438,,,,,,,,,,,
1780987410880986477,,,,,,,,,,,
1780987410980317353,,,,,,,,,,,
1780987411080961182,,,,,,,,,,,
1780987411187657292,,,,,,,,,,,
1780987411288883662,,,,,,,,,,,
1780987411387998903,,,,,,,,,,,
1780987411488853764,,,,,,,,,,,
1780987411591542866,,,,,,,,,,,
1780987411690532946,,,,,,,,,,,
1780987411788833933,,,,,,,,,,,
1780987411888825390,,,,,,,,,,,
1780987411988559070,,,,,,,,,,,
1780987412088923319,,,,,,,,,,,
1780987412188099515,,,,,,,,,,,
1780987412288881084,,,,,,,,,,,
1780987412388181497,,,,,,,,,,,
1780987412488703401,,,,,,,,,,,
1780987412588878836,,,,,,,,,,,
1780987412688634267,,,,,,,,,,,
1780987412788891526,,,,,,,,,,,
1780987412888151621,,,,,,,,,,,
1780987412990507463,,,,,,,,,,,
1780987413088046833,,,,,,,,,,,
1780987413188854723,,,,,,,,,,,
1780987413288741090,,,,,,,,,,,
1780987413388520901,,,,,,,,,,,
1780987413488884484,,,,,,,,,,,
1780987413588669871,,,,,,,,,,,
1780987413688275471,,,,,,,,,,,
1780987413788773087,,,,,,,,,,,
1780987413888516243,,,,,,,,,,,
1780987413991497568,,,,,,,,,,,
1780987414088395198,,,,,,,,,,,
1780987414188352580,,,,,,,,,,,
1780987414289561163,,,,,,,,,,,
1780987414389508831,,,,,,,,,,,
1780987414488183191,,,,,,,,,,,
1780987414588957141,,,,,,,,,,,
1780987414688864528,,,,,,,,,,,
1780987414788867593,,,,,,,,,,,
1780987414888656703,,,,,,,,,,,
1780987414988272820,,,,,,,,,,,
1780987415088232986,,,,,,,,,,,
1780987415188037871,,,,,,,,,,,
1780987415291527974,,,,,,,,,,,
1780987415388370786,,,,,,,,,,,
1780987415488869337,,,,,,,,,,,
1780987415588113283,,,,,,,,,,,
1780987415688757924,,,,,,,,,,,
1780987415788861483,,,,,,,,,,,
1780987415888320423,,,,,,,,,,,
1780987415988903177,,,,,,,,,,,
1780987416088410817,,,,,,,,,,,
1780987416188954979,,,,,,,,,,,
1780987416288816804,,,,,,,,,,,
1780987416388286938,,,,,,,,,,,
1780987416488618290,,,,,,,,,,,
1780987416589501742,,,,,,,,,,,
1780987416688287814,,,,,,,,,,,
1780987416788209157,,,,,,,,,,,
1780987416889546638,,,,,,,,,,,
1780987416988224859,,,,,,,,,,,
1780987417088282578,,,,,,,,,,,
1780987417188857969,,,,,,,,,,,
1780987417288585400,,,,,,,,,,,
1780987417388881637,,,,,,,,,,,
1780987417488236462,,,,,,,,,,,
1780987417593540734,,,,,,,,,,,
1780987417694409315,,,,,,,,,,,
1780987417794732917,,,,,,,,,,,
1780987417894345613,,,,,,,,,,,
1780987417994957873,,,,,,,,,,,
1780987418095551124,,,,,,,,,,,
1780987418199536673,,,,,,,,,,,
1780987418300607116,,,,,,,,,,,
1780987418400618998,,,,,,,,,,,
1780987418500014016,,,,,,,,,,,
1780987418600317568,,,,,,,,,,,
1780987418700412815,,,,,,,,,,,
1780987418800858187,,,,,,,,,,,
1780987418900186481,,,,,,,,,,,
1780987419000822192,,,,,,,,,,,
1780987419101545755,,,,,,,,,,,
1780987419200258635,,,,,,,,,,,
1780987419300954838,,,,,,,,,,,
1780987419400970860,,,,,,,,,,,
1780987419500779421,,,,,,,,,,,
1780987419600957807,,,,,,,,,,,
1780987419700620491,,,,,,,,,,,
1780987419805679211,,,,,,,,,,,
1780987419906803331,,,,,,,,,,,
1780987420006622532,,,,,,,,,,,
1780987420106598363,,,,,,,,,,,
1780987420206064729,,,,,,,,,,,
1780987420307572874,,,,,,,,,,,
1780987420406633062,,,,,,,,,,,
1780987420506870005,,,,,,,,,,,
1780987420606563537,,,,,,,,,,,
1780987420706085457,,,,,,,,,,,
1780987420806961948,,,,,,,,,,,
1780987420906553460,,,,,,,,,,,
1780987421007556946,,,,,,,,,,,
1780987421106577425,,,,,,,,,,,
1780987421206461118,,,,,,,,,,,
1780987421305903592,,,,,,,,,,,
1780987421406874312,,,,,,,,,,,
1780987421506665365,,,,,,,,,,,
1780987421606049164,,,,,,,,,,,
1780987421705955278,,,,,,,,,,,
1780987421806594709,,,,,,,,,,,
1780987421907561525,,,,,,,,,,,
1780987422007036301,,,,,,,,,,,
1780987422106102876,,,,,,,,,,,
1780987422206025178,,,,,,,,,,,
1780987422307559021,,,,,,,,,,,
1780987422406892532,,,,,,,,,,,
1780987422506518070,,,,,,,,,,,
1780987422606013307,,,,,,,,,,,
1780987422706567465,,,,,,,,,,,
1780987422806644632,,,,,,,,,,,
1780987422905899839,,,,,,,,,,,
1780987423008593208,,,,,,,,,,,
1780987423108614348,,,,,,,,,,,
1780987423205974142,,,,,,,,,,,
1780987423306623579,,,,,,,,,,,
1780987423406503678,,,,,,,,,,,
1780987423506357919,,,,,,,,,,,
1780987423606668483,,,,,,,,,,,
1780987423706737641,,,,,,,,,,,
1780987423806012657,,,,,,,,,,,
1780987423910567191,,,,,,,,,,,
1780987424006490089,,,,,,,,,,,
1780987424105945158,,,,,,,,,,,
1780987424206145205,,,,,,,,,,,
1780987424305996617,,,,,,,,,,,
1780987424406549407,,,,,,,,,,,
1780987424506953803,,,,,,,,,,,
1780987424606689900,,,,,,,,,,,
1780987424706679880,,,,,,,,,,,
1780987424806548688,,,,,,,,,,,
1780987424906284383,,,,,,,,,,,
1780987425006232377,,,,,,,,,,,
1780987425105950089,,,,,,,,,,,
1780987425206957537,,,,,,,,,,,
1780987425307572160,,,,,,,,,,,
1780987425406347566,,,,,,,,,,,
1780987425506148316,,,,,,,,,,,
1780987425606009680,,,,,,,,,,,
1780987425708569274,,,,,,,,,,,
1780987425806715818,,,,,,,,,,,
1780987425906081526,,,,,,,,,,,
1780987426006561221,,,,,,,,,,,
1780987426106086483,,,,,,,,,,,
1780987426207515762,,,,,,,,,,,
1780987426306679712,,,,,,,,,,,
1780987426406567317,,,,,,,,,,,
1780987426505995309,,,,,,,,,,,
1780987426606840960,,,,,,,,,,,
1780987426707566418,,,,,,,,,,,
1780987426806649901,,,,,,,,,,,
1780987426905950039,,,,,,,,,,,
1780987427006192241,,,,,,,,,,,
1780987427106875739,,,,,,,,,,,
1780987427207555897,,,,,,,,,,,
1780987427306674728,,,,,,,,,,,
1780987427406552379,,,,,,,,,,,
1780987427507550902,,,,,,,,,,,
1780987427608500759,,,,,,,,,,,
1780987427705959968,,,,,,,,,,,
1780987427805951078,,,,,,,,,,,
1780987427905924021,,,,,,,,,,,
1780987428006895784,,,,,,,,,,,
1780987428106037066,,,,,,,,,,,
1780987428206899016,,,,,,,,,,,
1780987428306916916,,,,,,,,,,,
1780987428407553648,,,,,,,,,,,
1780987428506555725,,,,,,,,,,,
1780987428606651898,,,,,,,,,,,
1780987428708555540,,,,,,,,,,,
1780987428805978407,,,,,,,,,,,
1780987428905999166,,,,,,,,,,,
1780987429006888991,,,,,,,,,,,
1780987429106613991,,,,,,,,,,,
1780987429206897720,,,,,,,,,,,
1780987429306691444,,,,,,,,,,,
1780987429406560321,,,,,,,,,,,
1780987429506945954,,,,,,,,,,,
1780987429607033402,,,,,,,,,,,
1780987429706874560,,,,,,,,,,,
1780987429806304475,,,,,,,,,,,
1780987429905954093,,,,,,,,,,,
1780987430005907666,,,,,,,,,,,
1780987430106954747,,,,,,,,,,,
1780987430209551342,,,,,,,,,,,
1780987430306559064,,,,,,,,,,,
1780987430406069870,,,,,,,,,,,
1780987430507553086,,,,,,,,,,,
1780987430606893828,,,,,,,,,,,
1780987430706506313,,,,,,,,,,,
1780987430806014557,,,,,,,,,,,
1780987430905932676,,,,,,,,,,,
1780987431005990415,,,,,,,,,,,
1780987431106941706,,,,,,,,,,,
1780987431206607911,,,,,,,,,,,
1780987431306099586,,,,,,,,,,,
1780987431406555606,,,,,,,,,,,
1780987431506553360,,,,,,,,,,,
1780987431611561534,,,,,,,,,,,
1780987431715542334,,,,,,,,,,,
1780987431812914821,,,,,,,,,,,
1780987431912302404,,,,,,,,,,,
1780987432012405439,,,,,,,,,,,
1780987432114507807,,,,,,,,,,,
1780987432212879037,,,,,,,,,,,
1780987432312713156,,,,,,,,,,,
1780987432419537347,,,,,,,,,,,
1780987432524549346,,,,,,,,,,,
1780987432625198145,,,,,,,,,,,
1780987432727766712,,,,,,,,,,,
1780987432825773695,,,,,,,,,,,
1780987432925942087,,,,,,,,,,,
1780987433025204945,,,,,,,,,,,
1780987433126726781,,,,,,,,,,,
1780987433226173706,,,,,,,,,,,
1780987433325928367,,,,,,,,,,,
1780987433425789650,,,,,,,,,,,
1780987433525177822,,,,,,,,,,,
1780987433629717143,,,,,,,,,,,
1780987433730379018,,,,,,,,,,,
1780987433830198773,,,,,,,,,,,
1780987433930727162,,,,,,,,,,,
1780987434030632179,,,,,,,,,,,
1780987434130274205,,,,,,,,,,,
1780987434230894520,,,,,,,,,,,
1780987434330869149,,,,,,,,,,,
1780987434430931969,,,,,,,,,,,
1780987434530734642,,,,,,,,,,,
1780987434630888140,,,,,,,,,,,
1780987434730295753,,,,,,,,,,,
1780987434830250185,,,,,,,,,,,
1780987434931529535,,,,,,,,,,,
1780987435031515791,,,,,,,,,,,
1780987435132533190,,,,,,,,,,,
1780987435230064909,,,,,,,,,,,
1780987435330356394,,,,,,,,,,,
1780987435432538813,,,,,,,,,,,
1780987435533537182,,,,,,,,,,,
1780987435630637443,,,,,,,,,,,
1780987435730392831,,,,,,,,,,,
1780987435830880386,,,,,,,,,,,
1780987435930135954,,,,,,,,,,,
1780987436030006450,,,,,,,,,,,
1780987436130902310,,,,,,,,,,,
1780987436231958555,,,,,,,,,,,
1780987436330224934,,,,,,,,,,,
1780987436431547271,,,,,,,,,,,
1780987436532527487,,,,,,,,,,,
1780987436630622114,,,,,,,,,,,
1780987436730313590,,,,,,,,,,,
1780987436830893905,,,,,,,,,,,
1780987436930152207,,,,,,,,,,,
1780987437034516546,,,,,,,,,,,
1780987437131534356,,,,,,,,,,,
1780987437230732267,,,,,,,,,,,
1780987437330621074,,,,,,,,,,,
1780987437430340141,,,,,,,,,,,
1780987437530231300,,,,,,,,,,,
1780987437630223062,,,,,,,,,,,
1780987437730185139,,,,,,,,,,,
1780987437830876044,,,,,,,,,,,
1780987437930440967,,,,,,,,,,,
1780987438033527055,,,,,,,,,,,
1780987438130888449,,,,,,,,,,,
1780987438233542310,,,,,,,,,,,
1780987438330945273,,,,,,,,,,,
1780987438433677139,,,,,,,,,,,
1780987438529964215,,,,,,,,,,,
1780987438630556201,,,,,,,,,,,
1780987438730959362,,,,,,,,,,,
1780987438830302638,,,,,,,,,,,
1780987438930849632,,,,,,,,,,,
1780987439030334743,,,,,,,,,,,
1780987439130009831,,,,,,,,,,,
1780987439230889465,,,,,,,,,,,
1780987439330497246,,,,,,,,,,,
1780987439430899020,,,,,,,,,,,
1780987439530849416,,,,,,,,,,,
1780987439630866340,,,,,,,,,,,
1780987439730578679,,,,,,,,,,,
1780987439830323800,,,,,,,,,,,
1780987439931544855,,,,,,,,,,,
1780987440030963499,,,,,,,,,,,
1780987440133524346,,,,,,,,,,,
1780987440233529649,,,,,,,,,,,
1780987440330376203,,,,,,,,,,,
1780987440430304159,,,,,,,,,,,
1780987440530251066,,,,,,,,,,,
1780987440630871243,,,,,,,,,,,
1780987440730215231,,,,,,,,,,,
1780987440831535000,,,,,,,,,,,
1780987440930261227,,,,,,,,,,,
1780987441030457906,,,,,,,,,,,
1780987441130267530,,,,,,,,,,,
1780987441230431393,,,,,,,,,,,
1780987441330414716,,,,,,,,,,,
1780987441430493316,,,,,,,,,,,
1780987441530511087,,,,,,,,,,,
1780987441630914708,,,,,,,,,,,
1780987441730887088,,,,,,,,,,,
1780987441830876022,,,,,,,,,,,
1780987441933537429,,,,,,,,,,,
1780987442030680592,,,,,,,,,,,
1780987442130894068,,,,,,,,,,,
1780987442230099380,,,,,,,,,,,
1780987442330565239,,,,,,,,,,,
1780987442430347036,,,,,,,,,,,
1780987442530867648,,,,,,,,,,,
1780987442630172884,,,,,,,,,,,
1780987442730853380,,,,,,,,,,,
1780987442830958081,,,,,,,,,,,
1780987442930613816,,,,,,,,,,,
1780987443031540024,,,,,,,,,,,
1780987443130435054,,,,,,,,,,,
1780987443230508196,,,,,,,,,,,
1780987443330397643,,,,,,,,,,,
1780987443430776179,,,,,,,,,,,
1780987443530328252,,,,,,,,,,,
1780987443630879647,,,,,,,,,,,
1780987443730885059,,,,,,,,,,,
1780987443830239188,,,,,,,,,,,
1780987443935538234,,,,,,,,,,,
1780987444036455789,,,,,,,,,,,
1780987444136371225,,,,,,,,,,,
1780987444236130756,,,,,,,,,,,
1780987444338514335,,,,,,,,,,,
1780987444437539257,,,,,,,,,,,
1780987444538542953,,,,,,,,,,,
1780987444636284727,,,,,,,,,,,
1780987444739540092,,,,,,,,,,,
1780987444837529640,,,,,,,,,,,
1780987444936605947,,,,,,,,,,,
1780987445037541343,,,,,,,,,,,
1780987445139538368,,,,,,,,,,,
1780987445236374823,,,,,,,,,,,
1780987445336900666,,,,,,,,,,,
1780987445436520509,,,,,,,,,,,
1780987445536093467,,,,,,,,,,,
1780987445636104055,,,,,,,,,,,
1780987445737533555,,,,,,,,,,,
1780987445837965620,,,,,,,,,,,
1780987445936520429,,,,,,,,,,,
1780987446038256277,,,,,,,,,,,
1780987446136635760,,,,,,,,,,,
1780987446239539249,,,,,,,,,,,
1780987446336524148,,,,,,,,,,,
1780987446439540567,,,,,,,,,,,
1780987446536358883,,,,,,,,,,,
1780987446636316702,,,,,,,,,,,
1780987446736133501,,,,,,,,,,,
1780987446838523750,,,,,,,,,,,
1780987446936959045,,,,,,,,,,,
1780987447036533247,,,,,,,,,,,
1780987447136658640,,,,,,,,,,,
1780987447236150003,,,,,,,,,,,
1780987447336915760,,,,,,,,,,,
1780987447436007168,,,,,,,,,,,
1780987447536531872,,,,,,,,,,,
1780987447636357443,,,,,,,,,,,
1780987447736642365,,,,,,,,,,,
1780987447836867104,,,,,,,,,,,
1780987447944556178,,,,,,,,,,,
1780987448046020729,,,,,,,,,,,
1780987448145405315,,,,,,,,,,,
1780987448245237913,,,,,,,,,,,
1780987448346148123,,,,,,,,,,,
1780987448446020017,,,,,,,,,,,
1780987448545573221,,,,,,,,,,,
1780987448646578230,,,,,,,,,,,
1780987448746077271,,,,,,,,,,,
1780987448848271467,,,,,,,,,,,
1780987448945407821,,,,,,,,,,,
1780987449045399512,,,,,,,,,,,
1780987449145153874,,,,,,,,,,,
1780987449245568847,,,,,,,,,,,
1780987449353459605,,,,,,,,,,,
1780987449454237812,,,,,,,,,,,
1780987449554417295,,,,,,,,,,,
1780987449654587444,,,,,,,,,,,
1780987449754890211,,,,,,,,,,,
1780987449855538471,,,,,,,,,,,
1780987449954897606,,,,,,,,,,,
1780987450054922993,,,,,,,,,,,
1780987450154394796,,,,,,,,,,,
1780987450254930891,,,,,,,,,,,
1780987450354903160,,,,,,,,,,,
1780987450455539652,,,,,,,,,,,
1780987450554026130,,,,,,,,,,,
1780987450654449441,,,,,,,,,,,
1780987450754403620,,,,,,,,,,,
1780987450854902480,,,,,,,,,,,
1780987450954915331,,,,,,,,,,,
1780987451056539642,,,,,,,,,,,
1780987451154286717,,,,,,,,,,,
1780987451254113548,,,,,,,,,,,
1780987451354608495,,,,,,,,,,,
1780987451454484059,,,,,,,,,,,
1780987451555508456,,,,,,,,,,,
1780987451654898505,,,,,,,,,,,
1780987451755530169,,,,,,,,,,,
1780987451855529085,,,,,,,,,,,
1780987451954262042,,,,,,,,,,,
1780987452054465371,,,,,,,,,,,
1780987452154597435,,,,,,,,,,,
1780987452254314798,,,,,,,,,,,
1780987452354427144,,,,,,,,,,,
1780987452455533566,,,,,,,,,,,
1780987452559541815,,,,,,,,,,,
1780987452660502343,,,,,,,,,,,
1780987452760334757,,,,,,,,,,,
1780987452860030139,,,,,,,,,,,
1780987452961543687,,,,,,,,,,,
1780987453063551714,,,,,,,,,,,
1780987453160388191,,,,,,,,,,,
1780987453260027807,,,,,,,,,,,
1780987453360936369,,,,,,,,,,,
1780987453460231423,,,,,,,,,,,
1780987453559991582,,,,,,,,,,,
1780987453661535546,,,,,,,,,,,
1780987453760271584,,,,,,,,,,,
1780987453860197687,,,,,,,,,,,
1780987453960119967,,,,,,,,,,,
1780987454060125596,,,,,,,,,,,
1780987454163539723,,,,,,,,,,,
1780987454260720454,,,,,,,,,,,
1780987454360896351,,,,,,,,,,,
1780987454460937219,,,,,,,,,,,
1780987454560923781,,,,,,,,,,,
1780987454660538034,,,,,,,,,,,
1780987454760243712,,,,,,,,,,,
1780987454860987010,,,,,,,,,,,
1780987454961534790,,,,,,,,,,,
1780987455060775678,,,,,,,,,,,
1780987455160355105,,,,,,,,,,,
1780987455260981209,,,,,,,,,,,
1780987455360344238,,,,,,,,,,,
1780987455460871722,,,,,,,,,,,
1780987455560975836,,,,,,,,,,,
1780987455660657615,,,,,,,,,,,
1780987455761081266,,,,,,,,,,,
1780987455860754142,,,,,,,,,,,
1780987455960623908,,,,,,,,,,,
1780987456060635007,,,,,,,,,,,
1780987456160894065,,,,,,,,,,,
1780987456261537023,,,,,,,,,,,
1780987456360218739,,,,,,,,,,,
1780987456460927263,,,,,,,,,,,
1780987456560948923,,,,,,,,,,,
1780987456660374712,,,,,,,,,,,
1780987456760597325,,,,,,,,,,,
1780987456860895854,,,,,,,,,,,
1780987456960354497,,,,,,,,,,,
1780987457060543484,,,,,,,,,,,
1780987457160903131,,,,,,,,,,,
1780987457260259581,,,,,,,,,,,
1780987457361533491,,,,,,,,,,,
1780987457465691479,,,,,,,,,,,
1780987457566851439,,,,,,,,,,,
1780987457665893324,,,,,,,,,,,
1780987457766610992,,,,,,,,,,,
1780987457866073825,,,,,,,,,,,
1780987457967538818,,,,,,,,,,,
1780987458066646388,,,,,,,,,,,
1780987458166421956,,,,,,,,,,,
1780987458265956844,,,,,,,,,,,
1780987458365912577,,,,,,,,,,,
1780987458467267429,,,,,,,,,,,
1780987458566648781,,,,,,,,,,,
1780987458666555116,,,,,,,,,,,
1780987458765999163,,,,,,,,,,,
1780987458866033200,,,,,,,,,,,
1780987458966108289,,,,,,,,,,,
1780987459066856977,,,,,,,,,,,
1780987459166048540,,,,,,,,,,,
1780987459266015102,,,,,,,,,,,
1780987459366089093,,,,,,,,,,,
1780987459466108721,,,,,,,,,,,
1780987459566813501,,,,,,,,,,,
1780987459666398785,,,,,,,,,,,
1780987459766567482,,,,,,,,,,,
1780987459866876398,,,,,,,,,,,
1780987459965911194,,,,,,,,,,,
1780987460066017260,,,,,,,,,,,
1780987460166019363,,,,,,,,,,,
1780987460266708499,,,,,,,,,,,
1780987460366003904,,,,,,,,,,,
1780987460466550816,,,,,,,,,,,
1780987460567553072,,,,,,,,,,,
1780987460666937110,,,,,,,,,,,
1780987460766863787,,,,,,,,,,,
1780987460865953429,,,,,,,,,,,
1780987460966490032,,,,,,,,,,,
1780987461066357460,,,,,,,,,,,
1780987461166094976,,,,,,,,,,,
1780987461267488038,,,,,,,,,,,
1780987461366876760,,,,,,,,,,,
1780987461466867581,,,,,,,,,,,
1780987461567555036,,,,,,,,,,,
1780987461666638184,,,,,,,,,,,
1780987461766680013,,,,,,,,,,,
1780987461866061127,,,,,,,,,,,
1780987461966004189,,,,,,,,,,,
1780987462066169784,,,,,,,,,,,
1780987462166728240,,,,,,,,,,,
1780987462266516730,,,,,,,,,,,
1780987462367550440,,,,,,,,,,,
1780987462468506662,,,,,,,,,,,
1780987462565948672,,,,,,,,,,,
1780987462667549426,,,,,,,,,,,
1780987462766582907,,,,,,,,,,,
1780987462865913071,,,,,,,,,,,
1780987462966946734,,,,,,,,,,,
1780987463068556165,,,,,,,,,,,
1780987463171554352,,,,,,,,,,,
1780987463272525399,,,,,,,,,,,
1780987463372063306,,,,,,,,,,,
1780987463472904119,,,,,,,,,,,
1780987463574505599,,,,,,,,,,,
1780987463674545885,,,,,,,,,,,
1780987463772638382,,,,,,,,,,,
1780987463872336661,,,,,,,,,,,
1780987463973116188,,,,,,,,,,,
1780987464072207495,,,,,,,,,,,
1780987464172840804,,,,,,,,,,,
1780987464272889393,,,,,,,,,,,
1780987464372726521,,,,,,,,,,,
1780987464472353191,,,,,,,,,,,
1780987464572932777,,,,,,,,,,,
1780987464672974237,,,,,,,,,,,
1780987464772142682,,,,,,,,,,,
1780987464872734197,,,,,,,,,,,
1780987464972316701,,,,,,,,,,,
1780987465073546182,,,,,,,,,,,
1780987465172159776,,,,,,,,,,,
1780987465272975569,,,,,,,,,,,
1780987465372621235,,,,,,,,,,,
1780987465472969133,,,,,,,,,,,
1780987465572884094,,,,,,,,,,,
1780987465673295747,,,,,,,,,,,
1780987465772243591,,,,,,,,,,,
1780987465872363584,,,,,,,,,,,
1780987465972331580,,,,,,,,,,,
1780987466073327301,,,,,,,,,,,
1780987466172399013,,,,,,,,,,,
1780987466272929174,,,,,,,,,,,
1780987466372750780,,,,,,,,,,,
1780987466472544723,,,,,,,,,,,
1780987466572815676,,,,,,,,,,,
1780987466672197074,,,,,,,,,,,
1780987466772701003,,,,,,,,,,,
1780987466872282264,,,,,,,,,,,
1780987466975535225,,,,,,,,,,,
1780987467073538473,,,,,,,,,,,
1780987467172897797,,,,,,,,,,,
1780987467272359740,,,,,,,,,,,
1780987467373520425,,,,,,,,,,,
1780987467472536639,,,,,,,,,,,
1780987467572602988,,,,,,,,,,,
1780987467672668908,,,,,,,,,,,
1780987467772528742,,,,,,,,,,,
1780987467873514443,,,,,,,,,,,
1780987467972100330,,,,,,,,,,,
1780987468072323213,,,,,,,,,,,
1780987468172106121,,,,,,,,,,,
1780987468272859079,,,,,,,,,,,
1780987468372864449,,,,,,,,,,,
1780987468472706048,,,,,,,,,,,
1780987468572919716,,,,,,,,,,,
1780987468672370826,,,,,,,,,,,
1780987468775516416,,,,,,,,,,,
1780987468872958221,,,,,,,,,,,
1780987468972624113,,,,,,,,,,,
1780987469072188478,,,,,,,,,,,
1780987469172304904,,,,,,,,,,,
1780987469272507296,,,,,,,,,,,
1780987469373523736,,,,,,,,,,,
1780987469472030517,,,,,,,,,,,
1780987469573533527,,,,,,,,,,,
1780987469673537367,,,,,,,,,,,
1780987469772341482,,,,,,,,,,,
1780987469872269893,,,,,,,,,,,
1780987469972575926,,,,,,,,,,,
1780987470072918503,,,,,,,,,,,
1780987470174523455,,,,,,,,,,,
1780987470272939815,,,,,,,,,,,
1780987470372129478,,,,,,,,,,,
1780987470472019853,,,,,,,,,,,
1780987470573533323,,,,,,,,,,,
1780987470675591884,,,,,,,,,,,
1780987470772286218,,,,,,,,,,,
1780987470872243664,,,,,,,,,,,
1780987470972978122,,,,,,,,,,,
1780987471072689086,,,,,,,,,,,
1780987471172334499,,,,,,,,,,,
1780987471272967504,,,,,,,,,,,
1780987471372159195,,,,,,,,,,,
1780987471472916348,,,,,,,,,,,
1780987471572842188,,,,,,,,,,,
1780987471672586393,,,,,,,,,,,
1780987471772643694,,,,,,,,,,,
1780987471872503784,,,,,,,,,,,
1780987471972883554,,,,,,,,,,,
1780987472072877431,,,,,,,,,,,
1780987472172870151,,,,,,,,,,,
1780987472272728593,,,,,,,,,,,
1780987472372310468,,,,,,,,,,,
1780987472473639125,,,,,,,,,,,
1780987472572160184,,,,,,,,,,,
1780987472673507770,,,,,,,,,,,
1780987472773542567,,,,,,,,,,,
1780987472872197333,,,,,,,,,,,
1780987472972368905,,,,,,,,,,,
1780987473072895096,,,,,,,,,,,
1780987473174574915,,,,,,,,,,,
1780987473272896343,,,,,,,,,,,
1780987473373538555,,,,,,,,,,,
1780987473472593637,,,,,,,,,,,
1780987473572657272,,,,,,,,,,,
1780987473672869183,,,,,,,,,,,
1780987473772218257,,,,,,,,,,,
1780987473872177411,,,,,,,,,,,
1780987473972945264,,,,,,,,,,,
1780987474072751636,,,,,,,,,,,
1780987474171996917,,,,,,,,,,,
1780987474273533322,,,,,,,,,,,
1780987474372230131,,,,,,,,,,,
1780987474472298239,,,,,,,,,,,
1780987474573506773,,,,,,,,,,,
1780987474673261464,,,,,,,,,,,
1780987474772285032,,,,,,,,,,,
1780987474872010251,,,,,,,,,,,
1780987474972877143,,,,,,,,,,,
1780987475072994228,,,,,,,,,,,
1780987475172480428,,,,,,,,,,,
1780987475272180290,,,,,,,,,,,
1780987475373554551,,,,,,,,,,,
1780987475472646537,,,,,,,,,,,
1780987475572933832,,,,,,,,,,,
1780987475672134502,,,,,,,,,,,
1780987475772956942,,,,,,,,,,,
1780987475872449120,,,,,,,,,,,
1780987475972446389,,,,,,,,,,,
1780987476072935455,,,,,,,,,,,
1780987476172767373,,,,,,,,,,,
1780987476273577190,,,,,,,,,,,
1780987476372923762,,,,,,,,,,,
1780987476472345923,,,,,,,,,,,
1780987476575516968,,,,,,,,,,,
1780987476675533036,,,,,,,,,,,
1780987476772329893,,,,,,,,,,,
1780987476872718859,,,,,,,,,,,
1780987476972430103,,,,,,,,,,,
1780987477072877333,,,,,,,,,,,
1780987477172596436,,,,,,,,,,,
1780987477272423779,,,,,,,,,,,
1780987477372844065,,,,,,,,,,,
1780987477473015154,,,,,,,,,,,
1780987477572873120,,,,,,,,,,,
1780987477672201199,,,,,,,,,,,
1780987477774827530,,,,,,,,,,,
1780987477873017356,,,,,,,,,,,
1780987477972546962,,,,,,,,,,,
1780987478072506475,,,,,,,,,,,
1780987478173000583,,,,,,,,,,,
1780987478274548752,,,,,,,,,,,
1780987478372390011,,,,,,,,,,,
1780987478472867835,,,,,,,,,,,
1780987478573536729,,,,,,,,,,,
1780987478672519656,,,,,,,,,,,
1780987478772306596,,,,,,,,,,,
1780987478872871629,,,,,,,,,,,
1780987478972334253,,,,,,,,,,,
1780987479072887235,,,,,,,,,,,
1780987479173512397,,,,,,,,,,,
1780987479272530935,,,,,,,,,,,
1780987479372257433,,,,,,,,,,,
1780987479472913753,,,,,,,,,,,
1780987479572307191,,,,,,,,,,,
1780987479672928148,,,,,,,,,,,
1780987479774555351,,,,,,,,,,,
1780987479872297009,,,,,,,,,,,
1780987479972544895,,,,,,,,,,,
1780987480072000291,,,,,,,,,,,
1780987480172051808,,,,,,,,,,,
1780987480273583537,,,,,,,,,,,
1780987480372128630,,,,,,,,,,,
1780987480472329179,,,,,,,,,,,
1780987480572883968,,,,,,,,,,,
1780987480672904946,,,,,,,,,,,
1780987480772896075,,,,,,,,,,,
1780987480872857465,,,,,,,,,,,
1780987480972902614,,,,,,,,,,,
1780987481072010656,,,,,,,,,,,
1780987481172902419,,,,,,,,,,,
1780987481272670056,,,,,,,,,,,
1780987481374536416,,,,,,,,,,,
1780987481472346686,,,,,,,,,,,
1780987481572600344,,,,,,,,,,,
1780987481672360942,,,,,,,,,,,
1780987481772906330,,,,,,,,,,,
1780987481876502563,,,,,,,,,,,
1780987481972013805,,,,,,,,,,,
1780987482073525729,,,,,,,,,,,
1780987482173577930,,,,,,,,,,,
1780987482272310725,,,,,,,,,,,
1780987482371973976,,,,,,,,,,,
1780987482472923804,,,,,,,,,,,
1780987482575533887,,,,,,,,,,,
1780987482672272670,,,,,,,,,,,
1780987482772880054,,,,,,,,,,,
1780987482872588942,,,,,,,,,,,
1780987482972438007,,,,,,,,,,,
1780987483072019714,,,,,,,,,,,
1780987483172305733,,,,,,,,,,,
1780987483272709662,,,,,,,,,,,
1780987483372813042,,,,,,,,,,,
1780987483472346275,,,,,,,,,,,
1780987483572571220,,,,,,,,,,,
1780987483673512237,,,,,,,,,,,
1780987483775539720,,,,,,,,,,,
1780987483872195287,,,,,,,,,,,
1780987483972320593,,,,,,,,,,,
1780987484072878527,,,,,,,,,,,
1780987484172633865,,,,,,,,,,,
1780987484272264566,,,,,,,,,,,
1780987484373510331,,,,,,,,,,,
1780987484472638536,,,,,,,,,,,
1780987484572867599,,,,,,,,,,,
1780987484672159527,,,,,,,,,,,
1780987484772879983,,,,,,,,,,,
1780987484872831851,,,,,,,,,,,
1780987484972296032,,,,,,,,,,,
1780987485073503437,,,,,,,,,,,
1780987485174769678,,,,,,,,,,,
1780987485272146760,,,,,,,,,,,
1780987485373594803,,,,,,,,,,,
1780987485472006790,,,,,,,,,,,
1780987485572617352,,,,,,,,,,,
1780987485672229694,,,,,,,,,,,
1780987485772911288,,,,,,,,,,,
1780987485876589750,,,,,,,,,,,
1780987485977343400,,,,,,,,,,,
1780987486077503600,,,,,,,,,,,
1780987486177960255,,,,,,,,,,,
1780987486277575373,,,,,,,,,,,
1780987486377970176,,,,,,,,,,,
1780987486479542425,,,,,,,,,,,
1780987486577912456,,,,,,,,,,,
1780987486677540705,,,,,,,,,,,
1780987486777037525,,,,,,,,,,,
1780987486877243144,,,,,,,,,,,
1780987486977975076,,,,,,,,,,,
1780987487077897706,,,,,,,,,,,
1780987487183539274,,,,,,,,,,,
1780987487284869492,,,,,,,,,,,
1780987487384910814,,,,,,,,,,,
1780987487484624253,,,,,,,,,,,
1780987487585580102,,,,,,,,,,,
1780987487684593452,,,,,,,,,,,
1780987487784450447,,,,,,,,,,,
1780987487884036087,,,,,,,,,,,
1780987487985096120,,,,,,,,,,,
1780987488084908153,,,,,,,,,,,
1780987488188688709,,,,,,,,,,,
1780987488294525043,,,,,,,,,,,
1780987488396542880,,,,,,,,,,,
1780987488495067881,,,,,,,,,,,
1780987488595459553,,,,,,,,,,,
1780987488695081892,,,,,,,,,,,
1780987488796520538,,,,,,,,,,,
1780987488896537349,,,,,,,,,,,
1780987488995310021,,,,,,,,,,,
1780987489095814408,,,,,,,,,,,
1780987489196256480,,,,,,,,,,,
1780987489295678091,,,,,,,,,,,
1780987489395631019,,,,,,,,,,,
1780987489495343189,,,,,,,,,,,
1780987489595985507,,,,,,,,,,,
1780987489695865762,,,,,,,,,,,
1780987489795578073,,,,,,,,,,,
1780987489897539150,,,,,,,,,,,
1780987489995358427,,,,,,,,,,,
1780987490098543204,,,,,,,,,,,
1780987490195887681,,,,,,,,,,,
1780987490298535926,,,,,,,,,,,
1780987490395225139,,,,,,,,,,,
1780987490495342581,,,,,,,,,,,
1780987490596536882,,,,,,,,,,,
1780987490696536686,,,,,,,,,,,
1780987490795201625,,,,,,,,,,,
1780987490895393559,,,,,,,,,,,
1780987490996534980,,,,,,,,,,,
1780987491095901821,,,,,,,,,,,
1780987491196535877,,,,,,,,,,,
1780987491301544288,,,,,,,,,,,
1780987491404544095,,,,,,,,,,,
1780987491504554665,,,,,,,,,,,
1780987491602956668,,,,,,,,,,,
1780987491702623444,,,,,,,,,,,
1780987491804645774,,,,,,,,,,,
1780987491902048145,,,,,,,,,,,
1780987492002949136,,,,,,,,,,,
1780987492102666876,,,,,,,,,,,
1780987492202260098,,,,,,,,,,,
1780987492302410479,,,,,,,,,,,
1780987492402094753,,,,,,,,,,,
1780987492503791804,,,,,,,,,,,
1780987492602826500,,,,,,,,,,,
1780987492705801104,,,,,,,,,,,
1780987492802536083,,,,,,,,,,,
1780987492902367903,,,,,,,,,,,
1780987493002528304,,,,,,,,,,,
1780987493102942662,,,,,,,,,,,
1780987493202894725,,,,,,,,,,,
1780987493304549587,,,,,,,,,,,
1780987493402287362,,,,,,,,,,,
1780987493502192552,,,,,,,,,,,
1780987493602876559,,,,,,,,,,,
1780987493702547287,,,,,,,,,,,
1780987493803547279,,,,,,,,,,,
1780987493902999159,,,,,,,,,,,
1780987494005787581,,,,,,,,,,,
1780987494102388076,,,,,,,,,,,
1780987494202645978,,,,,,,,,,,
1780987494305419777,,,,,,,,,,,
1780987494402030789,,,,,,,,,,,
1780987494502905765,,,,,,,,,,,
1780987494602995635,,,,,,,,,,,
1780987494702537067,,,,,,,,,,,
1780987494803053453,,,,,,,,,,,
1780987494902730998,,,,,,,,,,,
1780987495002899845,,,,,,,,,,,
1780987495106688346,,,,,,,,,,,
1780987495207073977,,,,,,,,,,,
1780987495307135312,,,,,,,,,,,
1780987495407381333,,,,,,,,,,,
1780987495507868013,,,,,,,,,,,
1780987495607853021,,,,,,,,,,,
1780987495707828920,,,,,,,,,,,
1780987495806897658,,,,,,,,,,,
1780987495907683365,,,,,,,,,,,
1780987496007355333,,,,,,,,,,,
1780987496107514791,,,,,,,,,,,
1780987496207256793,,,,,,,,,,,
1780987496307835527,,,,,,,,,,,
1780987496407877979,,,,,,,,,,,
1780987496507796558,,,,,,,,,,,
1780987496607975525,,,,,,,,,,,
1780987496706963711,,,,,,,,,,,
1780987496807218387,,,,,,,,,,,
1780987496907671643,,,,,,,,,,,
1780987497008483827,,,,,,,,,,,
1780987497109599828,,,,,,,,,,,
1780987497207682128,,,,,,,,,,,
1780987497307511032,,,,,,,,,,,
1780987497407941113,,,,,,,,,,,
1780987497507830977,,,,,,,,,,,
1780987497609500424,,,,,,,,,,,
1780987497707709963,,,,,,,,,,,
1780987497807250028,,,,,,,,,,,
1780987497907875096,,,,,,,,,,,
1780987498007424260,,,,,,,,,,,
1780987498112527111,,,,,,,,,,,
1780987498214529384,,,,,,,,,,,
1780987498313325487,,,,,,,,,,,
1780987498413902986,,,,,,,,,,,
1780987498513909126,,,,,,,,,,,
1780987498613540487,,,,,,,,,,,
1780987498713455068,,,,,,,,,,,
1780987498813461266,,,,,,,,,,,
1780987498913361128,,,,,,,,,,,
1780987499013967684,,,,,,,,,,,
1780987499113232686,,,,,,,,,,,
1780987499213638338,,,,,,,,,,,
1780987499313272002,,,,,,,,,,,
1780987499413280465,,,,,,,,,,,
1780987499513898651,,,,,,,,,,,
1780987499613934078,,,,,,,,,,,
1780987499713913840,,,,,,,,,,,
1780987499813623626,,,,,,,,,,,
1780987499913239359,,,,,,,,,,,
1780987500014545477,,,,,,,,,,,
1780987500113292817,,,,,,,,,,,
1780987500213606691,,,,,,,,,,,
1780987500313796389,,,,,,,,,,,
1780987500413344298,,,,,,,,,,,
1780987500513285697,,,,,,,,,,,
1780987500613342048,,,,,,,,,,,
1780987500713901345,,,,,,,,,,,
1780987500813866029,,,,,,,,,,,
1780987500917542445,,,,,,,,,,,
1780987501018292420,,,,,,,,,,,
1780987501118375662,,,,,,,,,,,
1780987501218923544,,,,,,,,,,,
1780987501319541485,,,,,,,,,,,
1780987501419543771,,,,,,,,,,,
1780987501518823268,,,,,,,,,,,
1780987501618287781,,,,,,,,,,,
1780987501718636548,,,,,,,,,,,
1780987501818950754,,,,,,,,,,,
1780987501918763859,,,,,,,,,,,
1780987502018771587,,,,,,,,,,,
1780987502118271548,,,,,,,,,,,
1780987502218039924,,,,,,,,,,,
1780987502319539839,,,,,,,,,,,
1780987502419537687,,,,,,,,,,,
1780987502517994214,,,,,,,,,,,
1780987502618930232,,,,,,,,,,,
1780987502718073398,,,,,,,,,,,
1780987502818538651,,,,,,,,,,,
1780987502918638962,,,,,,,,,,,
1780987503018334215,,,,,,,,,,,
1780987503118087042,,,,,,,,,,,
1780987503223556083,,,,,,,,,,,
1780987503324012668,,,,,,,,,,,
1780987503424580059,,,,,,,,,,,
1780987503524187324,,,,,,,,,,,
1780987503625719003,,,,,,,,,,,
1780987503724327151,,,,,,,,,,,
1780987503824294265,,,,,,,,,,,
1780987503925127383,,,,,,,,,,,
1780987504024154339,,,,,,,,,,,
1780987504124959956,,,,,,,,,,,
1780987504225130894,,,,,,,,,,,
1780987504324534997,,,,,,,,,,,
1780987504425344930,,,,,,,,,,,
1780987504524494448,,,,,,,,,,,
1780987504624270277,,,,,,,,,,,
1780987504724322590,,,,,,,,,,,
1780987504825092403,,,,,,,,,,,
1780987504925697956,,,,,,,,,,,
1780987505025695300,,,,,,,,,,,
1780987505124540831,,,,,,,,,,,
1780987505225126112,,,,,,,,,,,
1780987505324413930,,,,,,,,,,,
1780987505424534674,,,,,,,,,,,
1780987505527692050,,,,,,,,,,,
1780987505625011253,,,,,,,,,,,
1780987505724617801,,,,,,,,,,,
1780987505824234710,,,,,,,,,,,
1780987505924646275,,,,,,,,,,,
1780987506024543601,,,,,,,,,,,
1780987506124536746,,,,,,,,,,,
1780987506225174662,,,,,,,,,,,
1780987506324059132,,,,,,,,,,,
1780987506425123701,,,,,,,,,,,
1780987506524917347,,,,,,,,,,,
1780987506624796514,,,,,,,,,,,
1780987506725763871,,,,,,,,,,,
1780987506824045152,,,,,,,,,,,
1780987506924536781,,,,,,,,,,,
1780987507024391566,,,,,,,,,,,
1780987507124825930,,,,,,,,,,,
1780987507224130431,,,,,,,,,,,
1780987507324830988,,,,,,,,,,,
1780987507424689683,,,,,,,,,,,
1780987507525097685,,,,,,,,,,,
1780987507624524246,,,,,,,,,,,
1780987507725592775,,,,,,,,,,,
1780987507824885901,,,,,,,,,,,
1780987507924537267,,,,,,,,,,,
1780987508024681904,,,,,,,,,,,
1780987508125704486,,,,,,,,,,,
1780987508224055216,,,,,,,,,,,
1780987508324890552,,,,,,,,,,,
1780987508424913907,,,,,,,,,,,
1780987508524917536,,,,,,,,,,,
1780987508625702116,,,,,,,,,,,
1780987508724581837,,,,,,,,,,,
1780987508824414948,,,,,,,,,,,
1780987508924383426,,,,,,,,,,,
1780987509024837634,,,,,,,,,,,
1780987509124608812,,,,,,,,,,,
1780987509224513100,,,,,,,,,,,
1780987509324097238,,,,,,,,,,,
1780987509424985760,,,,,,,,,,,
1780987509525737743,,,,,,,,,,,
1780987509624621749,,,,,,,,,,,
1780987509724274846,,,,,,,,,,,
1780987509824060178,,,,,,,,,,,
1780987509924897301,,,,,,,,,,,
1780987510025094363,,,,,,,,,,,
1780987510129904635,,,,,,,,,,,
1780987510231267409,,,,,,,,,,,
1780987510331323619,,,,,,,,,,,
1780987510431878855,,,,,,,,,,,
1780987510531861644,,,,,,,,,,,
1780987510633505811,,,,,,,,,,,
1780987510731200068,,,,,,,,,,,
1780987510831668792,,,,,,,,,,,
1780987510931246902,,,,,,,,,,,
1780987511037537983,,,,,,,,,,,
1780987511138327851,,,,,,,,,,,
1780987511238452040,,,,,,,,,,,
1780987511338972359,,,,,,,,,,,
1780987511438989553,,,,,,,,,,,
1780987511538695789,,,,,,,,,,,
1780987511638375508,,,,,,,,,,,
1780987511738953896,,,,,,,,,,,
1780987511838910647,,,,,,,,,,,
1780987511938542693,,,,,,,,,,,
1780987512038453001,,,,,,,,,,,
1780987512138371741,,,,,,,,,,,
1780987512241528778,,,,,,,,,,,
1780987512341535597,,,,,,,,,,,
1780987512438314429,,,,,,,,,,,
1780987512538760478,,,,,,,,,,,
1780987512638338380,,,,,,,,,,,
1780987512741535038,,,,,,,,,,,
1780987512838986232,,,,,,,,,,,
1780987512939144405,,,,,,,,,,,
1780987513038934791,,,,,,,,,,,
1780987513138957794,,,,,,,,,,,
1780987513238887541,,,,,,,,,,,
1780987513338603964,,,,,,,,,,,
1780987513438358945,,,,,,,,,,,
1780987513538700952,,,,,,,,,,,
1780987513638369156,,,,,,,,,,,
1780987513738350722,,,,,,,,,,,
1780987513838444429,,,,,,,,,,,
1780987513938628356,,,,,,,,,,,
1780987514038386798,,,,,,,,,,,
1780987514138901878,,,,,,,,,,,
1780987514240545825,,,,,,,,,,,
1780987514338458388,,,,,,,,,,,
1780987514438658690,,,,,,,,,,,
1780987514538524337,,,,,,,,,,,
1780987514639082860,,,,,,,,,,,
1780987514738995620,,,,,,,,,,,
1780987514839589702,,,,,,,,,,,
1780987514938337094,,,,,,,,,,,
1780987515038013795,,,,,,,,,,,
1780987515140672162,,,,,,,,,,,
1780987515239534114,,,,,,,,,,,
1780987515341920316,,,,,,,,,,,
1780987515438258075,,,,,,,,,,,
1780987515538852642,,,,,,,,,,,
1780987515638597929,,,,,,,,,,,
1780987515738289702,,,,,,,,,,,
1780987515838948900,,,,,,,,,,,
1780987515938537221,,,,,,,,,,,
1780987516039592830,,,,,,,,,,,
1780987516138719373,,,,,,,,,,,
1780987516238044682,,,,,,,,,,,
1780987516338889373,,,,,,,,,,,
1780987516440303626,,,,,,,,,,,
1780987516538624519,,,,,,,,,,,
1780987516638314673,,,,,,,,,,,
1780987516739534179,,,,,,,,,,,
1780987516838293545,,,,,,,,,,,
1780987516938995466,,,,,,,,,,,
1780987517038895660,,,,,,,,,,,
1780987517138902985,,,,,,,,,,,
1780987517238307874,,,,,,,,,,,
1780987517338342413,,,,,,,,,,,
1780987517439535834,,,,,,,,,,,
1780987517541827332,,,,,,,,,,,
1780987517638773825,,,,,,,,,,,
1780987517738265801,,,,,,,,,,,
1780987517838881985,,,,,,,,,,,
1780987517938289839,,,,,,,,,,,
1780987518038954136,,,,,,,,,,,
1780987518138825525,,,,,,,,,,,
1780987518238842157,,,,,,,,,,,
1780987518338936488,,,,,,,,,,,
1780987518440818792,,,,,,,,,,,
1780987518538536006,,,,,,,,,,,
1780987518638321133,,,,,,,,,,,
1780987518738337595,,,,,,,,,,,
1780987518838017491,,,,,,,,,,,
1780987518938514187,,,,,,,,,,,
1780987519038629691,,,,,,,,,,,
1780987519138646267,,,,,,,,,,,
1780987519238695918,,,,,,,,,,,
1780987519338523545,,,,,,,,,,,
1780987519438538838,,,,,,,,,,,
1780987519538794476,,,,,,,,,,,
1780987519638105718,,,,,,,,,,,
1780987519738412727,,,,,,,,,,,
1780987519839531359,,,,,,,,,,,
1780987519938962969,,,,,,,,,,,
1780987520041544291,,,,,,,,,,,
1780987520138627979,,,,,,,,,,,
1780987520238385820,,,,,,,,,,,
1780987520338338916,,,,,,,,,,,
1780987520438025065,,,,,,,,,,,
1780987520540580387,,,,,,,,,,,
1780987520638534804,,,,,,,,,,,
1780987520742542219,,,,,,,,,,,
1780987520843770071,,,,,,,,,,,
1780987520943335432,,,,,,,,,,,
1780987521043993056,,,,,,,,,,,
1780987521143551421,,,,,,,,,,,
1780987521243934858,,,,,,,,,,,
1780987521343274438,,,,,,,,,,,
1780987521443908840,,,,,,,,,,,
1780987521543983112,,,,,,,,,,,
1780987521643926231,,,,,,,,,,,
1780987521743949199,,,,,,,,,,,
1780987521843178462,,,,,,,,,,,
1780987521943945960,,,,,,,,,,,
1780987522045725657,,,,,,,,,,,
1780987522144540642,,,,,,,,,,,
1780987522243289547,,,,,,,,,,,
1780987522343901959,,,,,,,,,,,
1780987522445677707,,,,,,,,,,,
1780987522543832124,,,,,,,,,,,
1780987522643295564,,,,,,,,,,,
1780987522743331371,,,,,,,,,,,
1780987522843929976,,,,,,,,,,,
1780987522943456529,,,,,,,,,,,
1780987523043538061,,,,,,,,,,,
1780987523143995353,,,,,,,,,,,
1780987523243279437,,,,,,,,,,,
1780987523343694901,,,,,,,,,,,
1780987523443148432,,,,,,,,,,,
1780987523544538574,,,,,,,,,,,
1780987523645720709,,,,,,,,,,,
1780987523743377402,,,,,,,,,,,
1780987523843444215,,,,,,,,,,,
1780987523945600823,,,,,,,,,,,
1780987524043540182,,,,,,,,,,,
1780987524143896955,,,,,,,,,,,
1780987524247693215,,,,,,,,,,,
1780987524348852279,,,,,,,,,,,
1780987524448654032,,,,,,,,,,,
1780987524548316603,,,,,,,,,,,
1780987524648882637,,,,,,,,,,,
1780987524749509432,,,,,,,,,,,
1780987524848584039,,,,,,,,,,,
1780987524948568921,,,,,,,,,,,
1780987525048086380,,,,,,,,,,,
1780987525148851358,,,,,,,,,,,
1780987525250562465,,,,,,,,,,,
1780987525348659685,,,,,,,,,,,
1780987525448464050,,,,,,,,,,,
1780987525548184449,,,,,,,,,,,
1780987525649516204,,,,,,,,,,,
1780987525749557812,,,,,,,,,,,
1780987525848775440,,,,,,,,,,,
1780987525948823601,,,,,,,,,,,
1780987526048243194,,,,,,,,,,,
1780987526148176132,,,,,,,,,,,
1780987526248068826,,,,,,,,,,,
1780987526348464737,,,,,,,,,,,
1780987526448677085,,,,,,,,,,,
1780987526548653419,,,,,,,,,,,
1780987526648904188,,,,,,,,,,,
1780987526748401800,,,,,,,,,,,
1780987526848541218,,,,,,,,,,,
1780987526951550870,,,,,,,,,,,
1780987527048242007,,,,,,,,,,,
1780987527148503226,,,,,,,,,,,
1780987527248811725,,,,,,,,,,,
1780987527348332063,,,,,,,,,,,
1780987527450520538,,,,,,,,,,,
1780987527548207777,,,,,,,,,,,
1780987527648180656,,,,,,,,,,,
1780987527748963782,,,,,,,,,,,
1780987527848299059,,,,,,,,,,,
1780987527948883041,,,,,,,,,,,
1780987528049509955,,,,,,,,,,,
1780987528148898028,,,,,,,,,,,
1780987528254531682,,,,,,,,,,,
1780987528355299600,,,,,,,,,,,
1780987528455032358,,,,,,,,,,,
1780987528555935180,,,,,,,,,,,
1780987528655912314,,,,,,,,,,,
1780987528755914711,,,,,,,,,,,
1780987528855397659,,,,,,,,,,,
1780987528955040200,,,,,,,,,,,
1780987529055909795,,,,,,,,,,,
1780987529155875131,,,,,,,,,,,
1780987529256530464,,,,,,,,,,,
1780987529355457420,,,,,,,,,,,
1780987529455538409,,,,,,,,,,,
1780987529555412815,,,,,,,,,,,
1780987529655113165,,,,,,,,,,,
1780987529758528671,,,,,,,,,,,
1780987529855267848,,,,,,,,,,,
1780987529955430455,,,,,,,,,,,
1780987530057551847,,,,,,,,,,,
1780987530155897941,,,,,,,,,,,
1780987530256522569,,,,,,,,,,,
1780987530356528690,,,,,,,,,,,
1780987530455537397,,,,,,,,,,,
1780987530555630112,,,,,,,,,,,
1780987530655875004,,,,,,,,,,,
1780987530755956747,,,,,,,,,,,
1780987530855641508,,,,,,,,,,,
1780987530957544781,,,,,,,,,,,
1780987531055291264,,,,,,,,,,,
1780987531155921545,,,,,,,,,,,
1780987531256699869,,,,,,,,,,,
1780987531355928893,,,,,,,,,,,
1780987531455976434,,,,,,,,,,,
1780987531555558862,,,,,,,,,,,
1780987531655312024,,,,,,,,,,,
1780987531755250987,,,,,,,,,,,
1780987531855337567,,,,,,,,,,,
1780987531957556150,,,,,,,,,,,
1780987532055896081,,,,,,,,,,,
1780987532155937559,,,,,,,,,,,
1780987532255782072,,,,,,,,,,,
1780987532359540406,,,,,,,,,,,
1780987532460297533,,,,,,,,,,,
1780987532560428819,,,,,,,,,,,
1780987532660954966,,,,,,,,,,,
1780987532764545826,,,,,,,,,,,
1780987532865185939,,,,,,,,,,,
1780987532966582979,,,,,,,,,,,
1780987533065154590,,,,,,,,,,,
1780987533166790617,,,,,,,,,,,
1780987533265443699,,,,,,,,,,,
1780987533365970311,,,,,,,,,,,
1780987533465965709,,,,,,,,,,,
1780987533565428502,,,,,,,,,,,
1780987533666596095,,,,,,,,,,,
1780987533765154036,,,,,,,,,,,
1780987533867839699,,,,,,,,,,,
1780987533965629806,,,,,,,,,,,
1780987534065280742,,,,,,,,,,,
1780987534166271324,,,,,,,,,,,
1780987534265739440,,,,,,,,,,,
1780987534365917104,,,,,,,,,,,
1780987534465947914,,,,,,,,,,,
1780987534566684550,,,,,,,,,,,
1780987534665840044,,,,,,,,,,,
1780987534765247442,,,,,,,,,,,
1780987534866709116,,,,,,,,,,,
1780987534966007562,,,,,,,,,,,
1780987535065377346,,,,,,,,,,,
1780987535165771913,,,,,,,,,,,
1780987535266678371,,,,,,,,,,,
1780987535365531723,,,,,,,,,,,
1780987535465208169,,,,,,,,,,,
1780987535565107217,,,,,,,,,,,
1780987535665474359,,,,,,,,,,,
1780987535766131542,,,,,,,,,,,
1780987535865579998,,,,,,,,,,,
1780987535966697153,,,,,,,,,,,
1780987536066600636,,,,,,,,,,,
1780987536165972667,,,,,,,,,,,
1780987536266032058,,,,,,,,,,,
1780987536366689280,,,,,,,,,,,
1780987536466596939,,,,,,,,,,,
1780987536568732893,,,,,,,,,,,
1780987536665973315,,,,,,,,,,,
1780987536765672884,,,,,,,,,,,
1780987536865631730,,,,,,,,,,,
1780987536965580082,,,,,,,,,,,
1780987537065363185,,,,,,,,,,,
1780987537165614611,,,,,,,,,,,
1780987537265165322,,,,,,,,,,,
1780987537365730612,,,,,,,,,,,
1780987537465787983,,,,,,,,,,,
1780987537566826010,,,,,,,,,,,
1780987537666034286,,,,,,,,,,,
1780987537766063649,,,,,,,,,,,
1780987537867712026,,,,,,,,,,,
1780987537965914783,,,,,,,,,,,
1780987538065150124,,,,,,,,,,,
1780987538165258497,,,,,,,,,,,
1780987538265426989,,,,,,,,,,,
1780987538365866238,,,,,,,,,,,
1780987538467703891,,,,,,,,,,,
1780987538569686957,,,,,,,,,,,
1780987538671591084,,,,,,,,,,,
1780987538770834284,,,,,,,,,,,
1780987538870002914,,,,,,,,,,,
1780987538971545968,,,,,,,,,,,
1780987539070086731,,,,,,,,,,,
1780987539170309473,,,,,,,,,,,
1780987539270396340,,,,,,,,,,,
1780987539370976569,,,,,,,,,,,
1780987539471521755,,,,,,,,,,,
1780987539570297837,,,,,,,,,,,
1780987539672527415,,,,,,,,,,,
1780987539771582013,,,,,,,,,,,
1780987539870610078,,,,,,,,,,,
1780987539970660457,,,,,,,,,,,
1780987540070440773,,,,,,,,,,,
1780987540169971108,,,,,,,,,,,
1780987540270482973,,,,,,,,,,,
1780987540370379666,,,,,,,,,,,
1780987540470952604,,,,,,,,,,,
1780987540570032592,,,,,,,,,,,
1780987540670505171,,,,,,,,,,,
1780987540770980973,,,,,,,,,,,
1780987540870609567,,,,,,,,,,,
1780987540970277895,,,,,,,,,,,
1780987541070874524,,,,,,,,,,,
1780987541170236127,,,,,,,,,,,
1780987541270007198,,,,,,,,,,,
1780987541370978683,,,,,,,,,,,
1780987541473543962,,,,,,,,,,,
1780987541570040933,,,,,,,,,,,
1780987541670116144,,,,,,,,,,,
1780987541770101761,,,,,,,,,,,
1780987541870782748,,,,,,,,,,,
1780987541970392387,,,,,,,,,,,
1780987542070157765,,,,,,,,,,,
1780987542173516304,,,,,,,,,,,
1780987542270670822,,,,,,,,,,,
1780987542370653195,,,,,,,,,,,
1780987542470291066,,,,,,,,,,,
1780987542570889394,,,,,,,,,,,
1780987542670636215,,,,,,,,,,,
1780987542770403448,,,,,,,,,,,
1780987542869974187,,,,,,,,,,,
1780987542970890678,,,,,,,,,,,
1780987543074524269,,,,,,,,,,,
1780987543170928278,,,,,,,,,,,
1780987543270215322,,,,,,,,,,,
1780987543370323441,,,,,,,,,,,
1780987543470979815,,,,,,,,,,,
1780987543570882880,,,,,,,,,,,
1780987543670787627,,,,,,,,,,,
1780987543770529242,,,,,,,,,,,
1780987543870847544,,,,,,,,,,,
1780987543970935741,,,,,,,,,,,
1780987544070748223,,,,,,,,,,,
1780987544170631004,,,,,,,,,,,
1780987544270154276,,,,,,,,,,,
1780987544372597265,,,,,,,,,,,
1780987544470665134,,,,,,,,,,,
1780987544570020330,,,,,,,,,,,
1780987544670513634,,,,,,,,,,,
1780987544770045560,,,,,,,,,,,
1780987544870591223,,,,,,,,,,,
1780987544970905484,,,,,,,,,,,
1780987545069984005,,,,,,,,,,,
1780987545170272857,,,,,,,,,,,
1780987545270600824,,,,,,,,,,,
1780987545370845228,,,,,,,,,,,
1780987545470884716,,,,,,,,,,,
1780987545570560201,,,,,,,,,,,
1780987545674512432,,,,,,,,,,,
1780987545770744838,,,,,,,,,,,
1780987545870065569,,,,,,,,,,,
1780987545970128853,,,,,,,,,,,
1780987546070895012,,,,,,,,,,,
1780987546170859559,,,,,,,,,,,
1780987546273540522,,,,,,,,,,,
1780987546370525383,,,,,,,,,,,
1780987546470202274,,,,,,,,,,,
1780987546570296490,,,,,,,,,,,
1780987546674500695,,,,,,,,,,,
1780987546770533324,,,,,,,,,,,
1780987546870280127,,,,,,,,,,,
1780987546970974834,,,,,,,,,,,
1780987547071524504,,,,,,,,,,,
1780987547170872885,,,,,,,,,,,
1780987547273512087,,,,,,,,,,,
1780987547371607721,,,,,,,,,,,
1780987547470466826,,,,,,,,,,,
1780987547570249698,,,,,,,,,,,
1780987547670893715,,,,,,,,,,,
1780987547770030516,,,,,,,,,,,
1780987547870507085,,,,,,,,,,,
1780987547970361399,,,,,,,,,,,
1780987548070628097,,,,,,,,,,,
1780987548170289018,,,,,,,,,,,
1780987548273988665,,,,,,,,,,,
1780987548372579444,,,,,,,,,,,
1780987548470614099,,,,,,,,,,,
1780987548570298129,,,,,,,,,,,
1780987548670819304,,,,,,,,,,,
1780987548771507991,,,,,,,,,,,
1780987548870000771,,,,,,,,,,,
1780987548972539900,,,,,,,,,,,
1780987549070874453,,,,,,,,,,,
1780987549170702540,,,,,,,,,,,
1780987549270235683,,,,,,,,,,,
1780987549371505746,,,,,,,,,,,
1780987549470942822,,,,,,,,,,,
1780987549573573794,,,,,,,,,,,
1780987549670923375,,,,,,,,,,,
1780987549775539504,,,,,,,,,,,
1780987549875940128,,,,,,,,,,,
1780987549976989928,,,,,,,,,,,
1780987550076830782,,,,,,,,,,,
1780987550176771346,,,,,,,,,,,
1780987550276907526,,,,,,,,,,,
1780987550376262914,,,,,,,,,,,
1780987550480538401,,,,,,,,,,,
1780987550578523271,,,,,,,,,,,
1780987550676904348,,,,,,,,,,,
1780987550776608442,,,,,,,,,,,
1780987550876300116,,,,,,,,,,,
1780987550976903713,,,,,,,,,,,
1780987551076904121,,,,,,,,,,,
1780987551176364284,,,,,,,,,,,
1780987551276266758,,,,,,,,,,,
1780987551377528639,,,,,,,,,,,
1780987551476763257,,,,,,,,,,,
1780987551576542674,,,,,,,,,,,
1780987551676984296,,,,,,,,,,,
1780987551776969832,,,,,,,,,,,
1780987551876032621,,,,,,,,,,,
1780987551976016069,,,,,,,,,,,
1780987552077541551,,,,,,,,,,,
1780987552177005352,,,,,,,,,,,
1780987552276929481,,,,,,,,,,,
1780987552376682005,,,,,,,,,,,
1780987552477547191,,,,,,,,,,,
1780987552576323151,,,,,,,,,,,
1780987552675992351,,,,,,,,,,,
1780987552776959531,,,,,,,,,,,
1780987552878511103,,,,,,,,,,,
1780987552976918530,,,,,,,,,,,
1780987553076773657,,,,,,,,,,,
1780987553176548090,,,,,,,,,,,
1780987553276214507,,,,,,,,,,,
1780987553376901409,,,,,,,,,,,
1780987553477713748,,,,,,,,,,,
1780987553576912637,,,,,,,,,,,
1780987553676296500,,,,,,,,,,,
1780987553776291368,,,,,,,,,,,
1780987553877025816,,,,,,,,,,,
1780987553976655529,,,,,,,,,,,
1780987554076433305,,,,,,,,,,,
1780987554176985116,,,,,,,,,,,
1780987554276138198,,,,,,,,,,,
1780987554376409051,,,,,,,,,,,
1780987554481544610,,,,,,,,,,,
1780987554582540501,,,,,,,,,,,
1780987554686518777,,,,,,,,,,,
1780987554782462242,,,,,,,,,,,
1780987554884255585,,,,,,,,,,,
1780987554982884158,,,,,,,,,,,
1780987555082602879,,,,,,,,,,,
1780987555182360366,,,,,,,,,,,
1780987555283346892,,,,,,,,,,,
1780987555382518042,,,,,,,,,,,
1780987555487710562,,,,,,,,,,,
1780987979264743744,,,,,,,,,,,
1780987979364094274,,,,,,,,,,,
1780987979466694357,,,,,,,,,,,
1780987979564896336,,,,,,,,,,,
1780987979664467046,,,,,,,,,,,
1780987979765652817,,,,,,,,,,,
1780987979864116348,,,,,,,,,,,
1780987979964805707,,,,,,,,,,,
1780987980064313493,,,,,,,,,,,
1780987980163963987,,,,,,,,,,,
1780987980264450685,,,,,,,,,,,
1780987980364188073,,,,,,,,,,,
1780987980464803744,,,,,,,,,,,
1780987980564722306,,,,,,,,,,,
1780987980664553363,,,,,,,,,,,
1780987980764024018,,,,,,,,,,,
1780987980864721049,,,,,,,,,,,
1780987980964904267,,,,,,,,,,,
1780987981064124721,,,,,,,,,,,
1780987981166650289,,,,,,,,,,,
1780987981264240060,,,,,,,,,,,
1780987981364036604,,,,,,,,,,,
1780987981464123718,,,,,,,,,,,
1780987981564018204,,,,,,,,,,,
1780987981664183788,,,,,,,,,,,
1780987981764105558,,,,,,,,,,,
1780987981864834927,,,,,,,,,,,
1780987981964935957,,,,,,,,,,,
1780987982064585080,,,,,,,,,,,
1780987982164571162,,,,,,,,,,,
1780987982264399409,,,,,,,,,,,
1780987982364173110,,,,,,,,,,,
1780987982464066866,,,,,,,,,,,
1780987982564876525,,,,,,,,,,,
1780987982664639566,,,,,,,,,,,
1780987982764587397,,,,,,,,,,,
1780987982864726308,,,,,,,,,,,
1780987982964703149,,,,,,,,,,,
1780987983064135793,,,,,,,,,,,
1780987983164035029,,,,,,,,,,,
1780987983264116407,,,,,,,,,,,
1780987983364264639,,,,,,,,,,,
1780987983464738530,,,,,,,,,,,
1780987983564248691,,,,,,,,,,,
1780987983664891389,,,,,,,,,,,
1780987983764859075,,,,,,,,,,,
1780987983864576835,,,,,,,,,,,
1780987983964560927,,,,,,,,,,,
1780987984064817526,,,,,,,,,,,
1780987984164488333,,,,,,,,,,,
1780987984264182881,,,,,,,,,,,
1780987984364886937,,,,,,,,,,,
1780987984464787580,,,,,,,,,,,
1780987984564526447,,,,,,,,,,,
1780987984664626730,,,,,,,,,,,
1780987984763980725,,,,,,,,,,,
1780987984864459933,,,,,,,,,,,
1780987984964320976,,,,,,,,,,,
1780987985064396276,,,,,,,,,,,
1780987985164121583,,,,,,,,,,,
1780987985264797213,,,,,,,,,,,
1780987985364575763,,,,,,,,,,,
1780987985464221634,,,,,,,,,,,
1780987985564881260,,,,,,,,,,,
1780987985664790429,,,,,,,,,,,
1780987985764760532,,,,,,,,,,,
1780987985865082832,,,,,,,,,,,
1780987985964561811,,,,,,,,,,,
1780987986064951629,,,,,,,,,,,
1780987986164889145,,,,,,,,,,,
1780987986264192890,,,,,,,,,,,
1780987986364222304,,,,,,,,,,,
1780987986464021937,,,,,,,,,,,
1780987986564846378,,,,,,,,,,,
1780987986664945942,,,,,,,,,,,
1780987986764027971,,,,,,,,,,,
1780987986864845031,,,,,,,,,,,
1780987986964635105,,,,,,,,,,,
1780987987064693380,,,,,,,,,,,
1780987987164808266,,,,,,,,,,,
1780987987265178519,,,,,,,,,,,
1780987987363987957,,,,,,,,,,,
1780987987464480618,,,,,,,,,,,
1780987987564754654,,,,,,,,,,,
1780987987664358136,,,,,,,,,,,
1780987987764049554,,,,,,,,,,,
1780987987864860241,,,,,,,,,,,
1780987987964624980,,,,,,,,,,,
1780987988064753577,,,,,,,,,,,
1780987988164688040,,,,,,,,,,,
1780987988264727038,,,,,,,,,,,
1780987988364914180,,,,,,,,,,,
1780987988464749398,,,,,,,,,,,
1780987988564952312,,,,,,,,,,,
1780987988664141095,,,,,,,,,,,
1780987988765093650,,,,,,,,,,,
1780987988864542186,,,,,,,,,,,
1780987988964702892,,,,,,,,,,,
1780987989064536761,,,,,,,,,,,
1780987989164809743,,,,,,,,,,,
1780987989265044063,,,,,,,,,,,
1780987989365002650,,,,,,,,,,,
1780987989464932799,,,,,,,,,,,
1780987989564237648,,,,,,,,,,,
1780987989664303369,,,,,,,,,,,
1780987989764337426,,,,,,,,,,,
1780987989865692142,,,,,,,,,,,
1780987989964927217,,,,,,,,,,,
1780987990064245259,,,,,,,,,,,
1780987990164180121,,,,,,,,,,,
1780987990264360086,,,,,,,,,,,
1780987990368392620,,,,,,,,,,,
1780987990469131461,,,,,,,,,,,
1780987990569733527,,,,,,,,,,,
1780987990668937714,,,,,,,,,,,
1780987990769378210,,,,,,,,,,,
1780987990869614758,,,,,,,,,,,
1780987990969511226,,,,,,,,,,,
1780987991068904032,,,,,,,,,,,
1780987991168961309,,,,,,,,,,,
1780987991268934695,,,,,,,,,,,
1780987991369443627,,,,,,,,,,,
1780987991469833130,,,,,,,,,,,
1780987991569981349,,,,,,,,,,,
1780987991668900689,,,,,,,,,,,
1780987991769499843,,,,,,,,,,,
1780987991869162123,,,,,,,,,,,
1780987991970464745,,,,,,,,,,,
1780987992069096004,,,,,,,,,,,
1780987992171521104,,,,,,,,,,,
1780987992269003623,,,,,,,,,,,
1780987992369150946,,,,,,,,,,,
1780987992469358918,,,,,,,,,,,
1780987992569427541,,,,,,,,,,,
1780987992670559446,,,,,,,,,,,
1780987992769018636,,,,,,,,,,,
1780987992869913972,,,,,,,,,,,
1780987992970559279,,,,,,,,,,,
1780987993070543862,,,,,,,,,,,
1780987993169389266,,,,,,,,,,,
1780987993269380794,,,,,,,,,,,
1780987993369064445,,,,,,,,,,,
1780987993469504548,,,,,,,,,,,
1780987993568967255,,,,,,,,,,,
1780987993670933693,,,,,,,,,,,
1780987993769310106,,,,,,,,,,,
1780987993869336545,,,,,,,,,,,
1780987993969386109,,,,,,,,,,,
1780987994076292952,,,,,,,,,,,
1780987994177538250,,,,,,,,,,,
1780987994277302547,,,,,,,,,,,
1780987994378577196,,,,,,,,,,,
1780987994477423958,,,,,,,,,,,
1780987994577143430,,,,,,,,,,,
1780987994677641155,,,,,,,,,,,
1780987994777504932,,,,,,,,,,,
1780987994879855732,,,,,,,,,,,
1780987994977588696,,,,,,,,,,,
1780987995076983530,,,,,,,,,,,
1780987995178546274,,,,,,,,,,,
1780987995277903083,,,,,,,,,,,
1780987995382547654,,,,,,,,,,,
1780987995483395786,,,,,,,,,,,
1780987995583516107,,,,,,,,,,,
1780987995683453275,,,,,,,,,,,
1780987995784744102,,,,,,,,,,,
1780987995884003842,,,,,,,,,,,
1780987995982927189,,,,,,,,,,,
1780987996088835689,,,,,,,,,,,
1780987996190537064,,,,,,,,,,,
1780987996290034314,,,,,,,,,,,
1780987996391298955,,,,,,,,,,,
1780987996489896389,,,,,,,,,,,
1780987996590399442,,,,,,,,,,,
1780987996689945298,,,,,,,,,,,
1780987996790266833,,,,,,,,,,,
1780987996890319279,,,,,,,,,,,
1780987996990816420,,,,,,,,,,,
1780987997090625518,,,,,,,,,,,
1780987997190820569,,,,,,,,,,,
1780987997289956924,,,,,,,,,,,
1780987997390365960,,,,,,,,,,,
1780987997490516096,,,,,,,,,,,
1780987997589918549,,,,,,,,,,,
1780987997689924034,,,,,,,,,,,
1780987997790365683,,,,,,,,,,,
1780987997890621661,,,,,,,,,,,
1780987997991535712,,,,,,,,,,,
1780987998090806962,,,,,,,,,,,
1780987998191520085,,,,,,,,,,,
1780987998290772195,,,,,,,,,,,
1780987998390422506,,,,,,,,,,,
1780987998490870221,,,,,,,,,,,
1780987998590840584,,,,,,,,,,,
1780987998690618840,,,,,,,,,,,
1780987998790059056,,,,,,,,,,,
1780987998890282600,,,,,,,,,,,
1780987998990325885,,,,,,,,,,,
1780987999090871039,,,,,,,,,,,
1780987999191542447,,,,,,,,,,,
1780987999290208452,,,,,,,,,,,
1780987999390227945,,,,,,,,,,,
1780987999490034681,,,,,,,,,,,
1780987999590261521,,,,,,,,,,,
1780987999690091156,,,,,,,,,,,
1780987999790705577,,,,,,,,,,,
1780987999890665159,,,,,,,,,,,
1780987999989855454,,,,,,,,,,,
1780988000090239042,,,,,,,,,,,
1780988000189993112,,,,,,,,,,,
1780988000290865005,,,,,,,,,,,
1780988000392557462,,,,,,,,,,,
1780988000490240393,,,,,,,,,,,
1780988000590865115,,,,,,,,,,,
1780988000690572459,,,,,,,,,,,
1780988000790090035,,,,,,,,,,,
1780988000889966590,,,,,,,,,,,
1780988000990326667,,,,,,,,,,,
1780988001089996370,,,,,,,,,,,
1780988001192907438,,,,,,,,,,,
1780988001290446771,,,,,,,,,,,
1780988001389957313,,,,,,,,,,,
1780988001490428748,,,,,,,,,,,
1780988001589955555,,,,,,,,,,,
1780988001690285508,,,,,,,,,,,
1780988001790003667,,,,,,,,,,,
1780988001890899627,,,,,,,,,,,
1780988001990321649,,,,,,,,,,,
1780988002090474055,,,,,,,,,,,
1780988002190752735,,,,,,,,,,,
1780988002291561403,,,,,,,,,,,
1780988002390717747,,,,,,,,,,,
1780988002490774550,,,,,,,,,,,
1780988002590094744,,,,,,,,,,,
1780988002690046137,,,,,,,,,,,
1780988002790069341,,,,,,,,,,,
1780988002889994207,,,,,,,,,,,
1780988002991969986,,,,,,,,,,,
1780988003090399186,,,,,,,,,,,
1780988003191511422,,,,,,,,,,,
1780988003289897456,,,,,,,,,,,
1780988003392538666,,,,,,,,,,,
1780988003496532983,,,,,,,,,,,
1780988003597056566,,,,,,,,,,,
1780988003698537904,,,,,,,,,,,
1780988003797233711,,,,,,,,,,,
1780988003897360655,,,,,,,,,,,
1780988003998537288,,,,,,,,,,,
1780988004097309522,,,,,,,,,,,
1780988004196995938,,,,,,,,,,,
1780988004297310621,,,,,,,,,,,
1780988004397272512,,,,,,,,,,,
1780988004496941214,,,,,,,,,,,
1780988004597276690,,,,,,,,,,,
1780988004697702364,,,,,,,,,,,
1780988004796988335,,,,,,,,,,,
1780988004896884431,,,,,,,,,,,
1780988005002120462,,,,,,,,,,,
1780988005103278320,,,,,,,,,,,
1780988005205434513,,,,,,,,,,,
1780988005303058704,,,,,,,,,,,
1780988005404389323,,,,,,,,,,,
1780988005503287024,,,,,,,,,,,
1780988005603912909,,,,,,,,,,,
1780988005702960372,,,,,,,,,,,
1780988005804693271,,,,,,,,,,,
1780988005903535055,,,,,,,,,,,
1780988006008319033,,,,,,,,,,,
1780988006112543095,,,,,,,,,,,
1780988006209629522,,,,,,,,,,,
1780988006308983599,,,,,,,,,,,
1780988006411572230,,,,,,,,,,,
1780988006509759250,,,,,,,,,,,
1780988006609690180,,,,,,,,,,,
1780988006708924650,,,,,,,,,,,
1780988006808867703,,,,,,,,,,,
1780988006912554642,,,,,,,,,,,
1780988007008992386,,,,,,,,,,,
1780988007108889010,,,,,,,,,,,
1780988007209669941,,,,,,,,,,,
1780988007309228758,,,,,,,,,,,
1780988007409103137,,,,,,,,,,,
1780988007509445499,,,,,,,,,,,
1780988007608922794,,,,,,,,,,,
1780988007711547752,,,,,,,,,,,
1780988007809799232,,,,,,,,,,,
1780988007911534473,,,,,,,,,,,
1780988008013619658,,,,,,,,,,,
1780988008114539563,,,,,,,,,,,
1780988008214204663,,,,,,,,,,,
1780988008313998938,,,,,,,,,,,
1780988008415112818,,,,,,,,,,,
1780988008513984466,,,,,,,,,,,
1780988008615542347,,,,,,,,,,,
1780988008714040439,,,,,,,,,,,
1780988008816537536,,,,,,,,,,,
1780988008913916397,,,,,,,,,,,
1780988009016861771,,,,,,,,,,,
1780988009114830385,,,,,,,,,,,
1780988009214066061,,,,,,,,,,,
1780988009314003629,,,,,,,,,,,
1780988009413940880,,,,,,,,,,,
1780988009514363131,,,,,,,,,,,
1780988009614017438,,,,,,,,,,,
1780988009714539186,,,,,,,,,,,
1780988009815537782,,,,,,,,,,,
1780988009914008588,,,,,,,,,,,
1780988010014883366,,,,,,,,,,,
1780988010114842272,,,,,,,,,,,
1780988010214643975,,,,,,,,,,,
1780988010314330663,,,,,,,,,,,
1780988010414534538,,,,,,,,,,,
1780988010514891823,,,,,,,,,,,
1780988010614852159,,,,,,,,,,,
1780988010714271477,,,,,,,,,,,
1780988010814082489,,,,,,,,,,,
1780988010914199265,,,,,,,,,,,
1780988011016811039,,,,,,,,,,,
1780988011114386467,,,,,,,,,,,
1780988011213898573,,,,,,,,,,,
1780988011316164530,,,,,,,,,,,
1780988011414299821,,,,,,,,,,,
1780988011514819625,,,,,,,,,,,
1780988011614284932,,,,,,,,,,,
1780988011713993960,,,,,,,,,,,
1780988011814766824,,,,,,,,,,,
1780988011918547559,,,,,,,,,,,
1780988012014730961,,,,,,,,,,,
1780988012114925520,,,,,,,,,,,
1780988012213875174,,,,,,,,,,,
1780988012314521987,,,,,,,,,,,
1780988012415544254,,,,,,,,,,,
1780988012514395880,,,,,,,,,,,
1780988012614365314,,,,,,,,,,,
1780988012714316688,,,,,,,,,,,
1780988012816092064,,,,,,,,,,,
1780988012914533066,,,,,,,,,,,
1780988013014536262,,,,,,,,,,,
1780988013114712344,,,,,,,,,,,
1780988013214889174,,,,,,,,,,,
1780988013315584925,,,,,,,,,,,
1780988013414785201,,,,,,,,,,,
1780988013514037600,,,,,,,,,,,
1780988013615538124,,,,,,,,,,,
1780988013714255896,,,,,,,,,,,
1780988013813894186,,,,,,,,,,,
1780988013915097587,,,,,,,,,,,
1780988014014820518,,,,,,,,,,,
1780988014114771546,,,,,,,,,,,
1780988014214590969,,,,,,,,,,,
1780988014316537826,,,,,,,,,,,
1780988014414494561,,,,,,,,,,,
1780988014514291822,,,,,,,,,,,
1780988014614181478,,,,,,,,,,,
1780988014714637582,,,,,,,,,,,
1780988014814533167,,,,,,,,,,,
1780988014914378296,,,,,,,,,,,
1780988015013978986,,,,,,,,,,,
1780988015114362725,,,,,,,,,,,
1780988015213905791,,,,,,,,,,,
1780988015315538243,,,,,,,,,,,
1780988015414463132,,,,,,,,,,,
1780988015513997378,,,,,,,,,,,
1780988015614871792,,,,,,,,,,,
1780988015713941209,,,,,,,,,,,
1780988015815536429,,,,,,,,,,,
1780988015914347896,,,,,,,,,,,
1780988016014538496,,,,,,,,,,,
1780988016114886633,,,,,,,,,,,
1780988016213918430,,,,,,,,,,,
1780988016317523799,,,,,,,,,,,
1780988016414856995,,,,,,,,,,,
1780988016514634170,,,,,,,,,,,
1780988016614751375,,,,,,,,,,,
1780988016713980700,,,,,,,,,,,
1780988016815535803,,,,,,,,,,,
1780988016915582354,,,,,,,,,,,
1780988017014490312,,,,,,,,,,,
1780988017114277724,,,,,,,,,,,
1780988017214521226,,,,,,,,,,,
1780988017314513858,,,,,,,,,,,
1780988017413983910,,,,,,,,,,,
1780988017514338962,,,,,,,,,,,
1780988017614370833,,,,,,,,,,,
1780988017714041333,,,,,,,,,,,
1780988017814026476,,,,,,,,,,,
1780988017914356368,,,,,,,,,,,
1780988018014638537,,,,,,,,,,,
1780988018115538187,,,,,,,,,,,
1780988018214611306,,,,,,,,,,,
1780988018314141231,,,,,,,,,,,
1780988018414878894,,,,,,,,,,,
1780988018514766304,,,,,,,,,,,
1780988018614087544,,,,,,,,,,,
1780988018715525333,,,,,,,,,,,
1780988018816539008,,,,,,,,,,,
1780988018914628777,,,,,,,,,,,
1780988019014342024,,,,,,,,,,,
1780988019114769261,,,,,,,,,,,
1780988019214027403,,,,,,,,,,,
1780988019314799523,,,,,,,,,,,
1780988019413944094,,,,,,,,,,,
1780988019515530121,,,,,,,,,,,
1780988019614501686,,,,,,,,,,,
1780988019714016735,,,,,,,,,,,
1780988019814739036,,,,,,,,,,,
1780988019914499553,,,,,,,,,,,
1780988020015540889,,,,,,,,,,,
1780988020114273875,,,,,,,,,,,
1780988020213965627,,,,,,,,,,,
1780988020314137909,,,,,,,,,,,
1780988020414044602,,,,,,,,,,,
1780988020513968881,,,,,,,,,,,
1780988020614057650,,,,,,,,,,,
1780988020714408618,,,,,,,,,,,
1780988020814265602,,,,,,,,,,,
1780988020914152798,,,,,,,,,,,
1780988021014650731,,,,,,,,,,,
1780988021114637895,,,,,,,,,,,
1780988021213881179,,,,,,,,,,,
1780988021315544761,,,,,,,,,,,
1780988021414792492,,,,,,,,,,,
1780988021514364836,,,,,,,,,,,
1780988021614277073,,,,,,,,,,,
1780988021714507495,,,,,,,,,,,
1780988021813812369,,,,,,,,,,,
1780988021915539476,,,,,,,,,,,
1780988022014260712,,,,,,,,,,,
1780988022113926274,,,,,,,,,,,
1780988022213971122,,,,,,,,,,,
1780988022314334619,,,,,,,,,,,
1780988022414387049,,,,,,,,,,,
1780988022514320067,,,,,,,,,,,
1780988022614481525,,,,,,,,,,,
1780988022714195142,,,,,,,,,,,
1780988022815541756,,,,,,,,,,,
1780988022914386775,,,,,,,,,,,
1780988023013983891,,,,,,,,,,,
1780988023114892983,,,,,,,,,,,
1780988023215523103,,,,,,,,,,,
1780988023314546301,,,,,,,,,,,
1780988023414794299,,,,,,,,,,,
1780988023514421160,,,,,,,,,,,
1780988023614504820,,,,,,,,,,,
1780988023713910497,,,,,,,,,,,
1780988023815538218,,,,,,,,,,,
1780988023914367331,,,,,,,,,,,
1780988024015560357,,,,,,,,,,,
1780988024118559060,,,,,,,,,,,
1780988024213916489,,,,,,,,,,,
1780988024314022063,,,,,,,,,,,
1780988024414547261,,,,,,,,,,,
1780988024514578343,,,,,,,,,,,
1780988024614032360,,,,,,,,,,,
1780988024714682932,,,,,,,,,,,
1780988024817604103,,,,,,,,,,,
1780988024914540853,,,,,,,,,,,
1780988025015540198,,,,,,,,,,,
1780988025114685102,,,,,,,,,,,
1780988025213949493,,,,,,,,,,,
1780988025314539404,,,,,,,,,,,
1780988025415757101,,,,,,,,,,,
1780988025519539243,,,,,,,,,,,
1780988025620189670,,,,,,,,,,,
1780988025720020955,,,,,,,,,,,
1780988025820764938,,,,,,,,,,,
1780988025920512510,,,,,,,,,,,
1780988026020357399,,,,,,,,,,,
1780988026123537303,,,,,,,,,,,
1780988026220532396,,,,,,,,,,,
1780988026319901165,,,,,,,,,,,
1780988026419966318,,,,,,,,,,,
1780988026522531407,,,,,,,,,,,
1780988026620626631,,,,,,,,,,,
1780988026720121650,,,,,,,,,,,
1780988026820268708,,,,,,,,,,,
1780988026921540422,,,,,,,,,,,
1780988027021542761,,,,,,,,,,,
1780988027120264498,,,,,,,,,,,
1780988027220481728,,,,,,,,,,,
1780988027321533191,,,,,,,,,,,
1780988027420423020,,,,,,,,,,,
1780988027519991744,,,,,,,,,,,
1780988027620344557,,,,,,,,,,,
1780988027719897827,,,,,,,,,,,
1780988027820712224,,,,,,,,,,,
1780988027920359443,,,,,,,,,,,
1780988028020900661,,,,,,,,,,,
1780988028119943413,,,,,,,,,,,
1780988028220042824,,,,,,,,,,,
1780988028320787967,,,,,,,,,,,
1780988028420537413,,,,,,,,,,,
1780988028520316809,,,,,,,,,,,
1780988028620345525,,,,,,,,,,,
1780988028719940738,,,,,,,,,,,
1780988028820579147,,,,,,,,,,,
1780988028920509288,,,,,,,,,,,
1780988029021815480,,,,,,,,,,,
1780988029119929580,,,,,,,,,,,
1780988029220613794,,,,,,,,,,,
1780988029320401225,,,,,,,,,,,
1780988029420292307,,,,,,,,,,,
1780988029520604022,,,,,,,,,,,
1780988029620135330,,,,,,,,,,,
1780988029719941172,,,,,,,,,,,
1780988029820534522,,,,,,,,,,,
1780988029920886979,,,,,,,,,,,
1780988030019913135,,,,,,,,,,,
1780988030120538294,,,,,,,,,,,
1780988030220878903,,,,,,,,,,,
1780988030321546393,,,,,,,,,,,
1780988030420349272,,,,,,,,,,,
1780988030520209065,,,,,,,,,,,
1780988030620889667,,,,,,,,,,,
1780988030720603983,,,,,,,,,,,
1780988030821890363,,,,,,,,,,,
1780988030920547030,,,,,,,,,,,
1780988031020304252,,,,,,,,,,,
1780988031119897852,,,,,,,,,,,
1780988031220029682,,,,,,,,,,,
1780988031320036544,,,,,,,,,,,
1780988031420535009,,,,,,,,,,,
1780988031520359524,,,,,,,,,,,
1780988031619942313,,,,,,,,,,,
1780988031719959425,,,,,,,,,,,
1780988031819994216,,,,,,,,,,,
1780988031921894684,,,,,,,,,,,
1780988032022560428,,,,,,,,,,,
1780988032120424246,,,,,,,,,,,
1780988032220536091,,,,,,,,,,,
1780988032319950296,,,,,,,,,,,
1780988032420265157,,,,,,,,,,,
1780988032519976175,,,,,,,,,,,
1780988032620244340,,,,,,,,,,,
1780988032721638249,,,,,,,,,,,
1780988032820022424,,,,,,,,,,,
1780988032920533961,,,,,,,,,,,
1780988033020011175,,,,,,,,,,,
1780988033120351737,,,,,,,,,,,
1780988033220617937,,,,,,,,,,,
1780988033320537402,,,,,,,,,,,
1780988033421582961,,,,,,,,,,,
1780988033523541856,,,,,,,,,,,
1780988033619999982,,,,,,,,,,,
1780988033720598500,,,,,,,,,,,
1780988033820321389,,,,,,,,,,,
1780988033920591081,,,,,,,,,,,
1780988034019937530,,,,,,,,,,,
1780988034123536131,,,,,,,,,,,
1780988034220900226,,,,,,,,,,,
1780988034320867415,,,,,,,,,,,
1780988034419951415,,,,,,,,,,,
1780988034520693229,,,,,,,,,,,
1780988034620442827,,,,,,,,,,,
1780988034721536620,,,,,,,,,,,
1780988034820549748,,,,,,,,,,,
1780988034921541569,,,,,,,,,,,
1780988035022545035,,,,,,,,,,,
1780988035119914135,,,,,,,,,,,
1780988035220787912,,,,,,,,,,,
1780988035320467937,,,,,,,,,,,
1780988035419917316,,,,,,,,,,,
1780988035520632315,,,,,,,,,,,
1780988035620512129,,,,,,,,,,,
1780988035719909551,,,,,,,,,,,
1780988035821549417,,,,,,,,,,,
1780988035920476948,,,,,,,,,,,
1780988036019939275,,,,,,,,,,,
1780988036120606257,,,,,,,,,,,
1780988036219970414,,,,,,,,,,,
1780988036320542303,,,,,,,,,,,
1780988036420398918,,,,,,,,,,,
1780988036520874135,,,,,,,,,,,
1780988036620355129,,,,,,,,,,,
1780988036720297518,,,,,,,,,,,
1780988036819979582,,,,,,,,,,,
1780988036919994797,,,,,,,,,,,
1780988037020211647,,,,,,,,,,,
1780988037120335587,,,,,,,,,,,
1780988037220900492,,,,,,,,,,,
1780988037319987576,,,,,,,,,,,
1780988037421539635,,,,,,,,,,,
1780988037519899586,,,,,,,,,,,
1780988037620534906,,,,,,,,,,,
1780988037719903315,,,,,,,,,,,
1780988037819917724,,,,,,,,,,,
1780988037923543501,,,,,,,,,,,
1780988038020392267,,,,,,,,,,,
1780988038120159698,,,,,,,,,,,
1780988038219962703,,,,,,,,,,,
1780988038320252559,,,,,,,,,,,
1780988038420742895,,,,,,,,,,,
1780988038520171318,,,,,,,,,,,
1780988038622538752,,,,,,,,,,,
1780988038722163321,,,,,,,,,,,
1780988038823550390,,,,,,,,,,,
1780988038920392010,,,,,,,,,,,
1780988039020890866,,,,,,,,,,,
1780988039121535004,,,,,,,,,,,
1780988039219920410,,,,,,,,,,,
1780988039320551579,,,,,,,,,,,
1780988039420373712,,,,,,,,,,,
1780988039521544735,,,,,,,,,,,
1780988039620463534,,,,,,,,,,,
1780988039720639743,,,,,,,,,,,
1780988039820604270,,,,,,,,,,,
1780988039920390586,,,,,,,,,,,
1780988040020538704,,,,,,,,,,,
1780988040123563247,,,,,,,,,,,
1780988040220296690,,,,,,,,,,,
1780988040320421550,,,,,,,,,,,
1780988040419929445,,,,,,,,,,,
1780988040519969509,,,,,,,,,,,
1780988040620892571,,,,,,,,,,,
1780988040720898409,,,,,,,,,,,
1780988040821543607,,,,,,,,,,,
1780988040920390498,,,,,,,,,,,
1780988041020396392,,,,,,,,,,,
1780988041120889997,,,,,,,,,,,
1780988041219921208,,,,,,,,,,,
1780988041325704136,,,,,,,,,,,
1780988041427593575,,,,,,,,,,,
1780988041529526946,,,,,,,,,,,
1780988041626680818,,,,,,,,,,,
1780988041726247600,,,,,,,,,,,
1780988041827500826,,,,,,,,,,,
1780988041927520828,,,,,,,,,,,
1780988042026343637,,,,,,,,,,,
1780988042126282597,,,,,,,,,,,
1780988042226556094,,,,,,,,,,,
1780988042330003751,,,,,,,,,,,
1780988042426871584,,,,,,,,,,,
1780988042526688492,,,,,,,,,,,
1780988042626013606,,,,,,,,,,,
1780988042726962687,,,,,,,,,,,
1780988042826848477,,,,,,,,,,,
1780988042927616661,,,,,,,,,,,
1780988043028555273,,,,,,,,,,,
1780988043126874131,,,,,,,,,,,
1780988043228516505,,,,,,,,,,,
1780988043326667331,,,,,,,,,,,
1780988043426689304,,,,,,,,,,,
1780988043526341572,,,,,,,,,,,
1780988043626819864,,,,,,,,,,,
1780988043726146038,,,,,,,,,,,
1780988043825894092,,,,,,,,,,,
1780988043928588507,,,,,,,,,,,
1780988044026131663,,,,,,,,,,,
1780988044126159690,,,,,,,,,,,
1780988044226335643,,,,,,,,,,,
1780988044326622298,,,,,,,,,,,
1780988044426796843,,,,,,,,,,,
1780988044529556481,,,,,,,,,,,
1780988044626219885,,,,,,,,,,,
1780988044725813856,,,,,,,,,,,
1780988044825881855,,,,,,,,,,,
1780988044925967572,,,,,,,,,,,
1780988045026028832,,,,,,,,,,,
1780988045126380259,,,,,,,,,,,
1780988045225894014,,,,,,,,,,,
1780988045326210657,,,,,,,,,,,
1780988045425872740,,,,,,,,,,,
1780988045530559991,,,,,,,,,,,
1780988045626252709,,,,,,,,,,,
1780988045726202456,,,,,,,,,,,
1780988045825920912,,,,,,,,,,,
1780988045925871330,,,,,,,,,,,
1780988046025827993,,,,,,,,,,,
1780988046126638356,,,,,,,,,,,
1780988046226278751,,,,,,,,,,,
1780988046326562207,,,,,,,,,,,
1780988046432534380,,,,,,,,,,,
1780988046533658528,,,,,,,,,,,
1780988046633258676,,,,,,,,,,,
1780988046735508182,,,,,,,,,,,
1780988046832882371,,,,,,,,,,,
1780988046933536722,,,,,,,,,,,
1780988047033711172,,,,,,,,,,,
1780988047132876602,,,,,,,,,,,
1780988047232951576,,,,,,,,,,,
1780988047333454454,,,,,,,,,,,
1780988047433842080,,,,,,,,,,,
1780988047532908315,,,,,,,,,,,
1780988047632911017,,,,,,,,,,,
1780988047735629188,,,,,,,,,,,
1780988047832935438,,,,,,,,,,,
1780988047933404975,,,,,,,,,,,
1780988048032949355,,,,,,,,,,,
1780988048133367512,,,,,,,,,,,
1780988048233542228,,,,,,,,,,,
1780988048333530706,,,,,,,,,,,
1780988048432939200,,,,,,,,,,,
1780988048533720847,,,,,,,,,,,
1780988048633529063,,,,,,,,,,,
1780988048734514433,,,,,,,,,,,
1780988048833634916,,,,,,,,,,,
1780988048933541564,,,,,,,,,,,
1780988049032916227,,,,,,,,,,,
1780988049133185355,,,,,,,,,,,
1780988049232894796,,,,,,,,,,,
1780988049333775966,,,,,,,,,,,
1780988049433494792,,,,,,,,,,,
1780988049533433645,,,,,,,,,,,
1780988049633269677,,,,,,,,,,,
1780988049732965788,,,,,,,,,,,
1780988049833720433,,,,,,,,,,,
1780988049933531809,,,,,,,,,,,
1780988050032943589,,,,,,,,,,,
1780988050134622992,,,,,,,,,,,
1780988050233822944,,,,,,,,,,,
1780988050333027338,,,,,,,,,,,
1780988050433342258,,,,,,,,,,,
1780988050534575266,,,,,,,,,,,
1780988050635540572,,,,,,,,,,,
1780988050733274005,,,,,,,,,,,
1780988050833264638,,,,,,,,,,,
1780988050933503097,,,,,,,,,,,
1780988051032970582,,,,,,,,,,,
1780988051136543123,,,,,,,,,,,
1780988051233326193,,,,,,,,,,,
1780988051333496992,,,,,,,,,,,
1780988051432882364,,,,,,,,,,,
1780988051534538007,,,,,,,,,,,
1780988051633748138,,,,,,,,,,,
1780988051733253331,,,,,,,,,,,
1780988051832936548,,,,,,,,,,,
1780988051932937291,,,,,,,,,,,
1780988052032985454,,,,,,,,,,,
1780988052132810408,,,,,,,,,,,
1780988052233665281,,,,,,,,,,,
1780988052333834097,,,,,,,,,,,
1780988052435529148,,,,,,,,,,,
1780988052533629844,,,,,,,,,,,
1780988052632941951,,,,,,,,,,,
1780988052732932264,,,,,,,,,,,
1780988052833856822,,,,,,,,,,,
1780988052932996642,,,,,,,,,,,
1780988053034541155,,,,,,,,,,,
1780988053133213510,,,,,,,,,,,
1780988053234598942,,,,,,,,,,,
1780988053333515205,,,,,,,,,,,
1780988053433626570,,,,,,,,,,,
1780988053533366410,,,,,,,,,,,
1780988053633279527,,,,,,,,,,,
1780988053733972424,,,,,,,,,,,
1780988053832965904,,,,,,,,,,,
1780988053933079525,,,,,,,,,,,
1780988054033894017,,,,,,,,,,,
1780988054133860196,,,,,,,,,,,
1780988054233421734,,,,,,,,,,,
1780988054334589392,,,,,,,,,,,
1780988054433393770,,,,,,,,,,,
1780988054533799476,,,,,,,,,,,
1780988054632896069,,,,,,,,,,,
1780988054733586616,,,,,,,,,,,
1780988054833620830,,,,,,,,,,,
1780988054933287345,,,,,,,,,,,
1780988055033004389,,,,,,,,,,,
1780988055133884028,,,,,,,,,,,
1780988055232899777,,,,,,,,,,,
1780988055334521153,,,,,,,,,,,
1780988055432926918,,,,,,,,,,,
1780988055533486016,,,,,,,,,,,
1780988055633328447,,,,,,,,,,,
1780988055732897003,,,,,,,,,,,
1780988055833313909,,,,,,,,,,,
1780988055933462584,,,,,,,,,,,
1780988056033062654,,,,,,,,,,,
1780988056132978541,,,,,,,,,,,
1780988056237535316,,,,,,,,,,,
1780988056338691670,,,,,,,,,,,
1780988056437860409,,,,,,,,,,,
1780988056538536018,,,,,,,,,,,
1780988056638613864,,,,,,,,,,,
1780988056738881196,,,,,,,,,,,
1780988056837938633,,,,,,,,,,,
1780988056938514030,,,,,,,,,,,
1780988057039539967,,,,,,,,,,,
1780988057138439725,,,,,,,,,,,
1780988057238522740,,,,,,,,,,,
1780988057338003468,,,,,,,,,,,
1780988057437983753,,,,,,,,,,,
1780988057538536561,,,,,,,,,,,
1780988057639000643,,,,,,,,,,,
1780988057738004689,,,,,,,,,,,
1780988057838260428,,,,,,,,,,,
1780988057938012266,,,,,,,,,,,
1780988058038613876,,,,,,,,,,,
1780988058141538683,,,,,,,,,,,
1780988058238313594,,,,,,,,,,,
1780988058338875330,,,,,,,,,,,
1780988058437890777,,,,,,,,,,,
1780988058538783054,,,,,,,,,,,
1780988058637942126,,,,,,,,,,,
1780988058738478226,,,,,,,,,,,
1780988058838035918,,,,,,,,,,,
1780988058938009873,,,,,,,,,,,
1780988059038368901,,,,,,,,,,,
1780988059137965336,,,,,,,,,,,
1780988059238892360,,,,,,,,,,,
1780988059338348857,,,,,,,,,,,
1780988059438886843,,,,,,,,,,,
1780988059542537258,,,,,,,,,,,
1780988059645685146,,,,,,,,,,,
1780988059743809017,,,,,,,,,,,
1780988059845106072,,,,,,,,,,,
1780988059942987188,,,,,,,,,,,
1780988060043021122,,,,,,,,,,,
1780988060143799136,,,,,,,,,,,
1780988060243406005,,,,,,,,,,,
1780988060343611306,,,,,,,,,,,
1780988060443206622,,,,,,,,,,,
1780988060543534727,,,,,,,,,,,
1780988060643346434,,,,,,,,,,,
1780988060743952942,,,,,,,,,,,
1780988060845911789,,,,,,,,,,,
1780988060942974167,,,,,,,,,,,
1780988061043507939,,,,,,,,,,,
1780988061143737479,,,,,,,,,,,
1780988061242959482,,,,,,,,,,,
1780988061344724872,,,,,,,,,,,
1780988061446727471,,,,,,,,,,,
1780988061544702532,,,,,,,,,,,
1780988061643488576,,,,,,,,,,,
1780988061744728030,,,,,,,,,,,
1780988061846123340,,,,,,,,,,,
1780988061944705591,,,,,,,,,,,
1780988062043050678,,,,,,,,,,,
1780988062143610459,,,,,,,,,,,
1780988062244044986,,,,,,,,,,,
1780988062343774010,,,,,,,,,,,
1780988062445717983,,,,,,,,,,,
1780988062543347462,,,,,,,,,,,
1780988062645696832,,,,,,,,,,,
1780988062743194576,,,,,,,,,,,
1780988062843130664,,,,,,,,,,,
1780988062942959601,,,,,,,,,,,
1780988063043006995,,,,,,,,,,,
1780988063143624138,,,,,,,,,,,
1780988063242918815,,,,,,,,,,,
1780988063346746446,,,,,,,,,,,
1780988063444720202,,,,,,,,,,,
1780988063543627336,,,,,,,,,,,
1780988063643359119,,,,,,,,,,,
1780988063743505523,,,,,,,,,,,
1780988063843286695,,,,,,,,,,,
1780988063945719605,,,,,,,,,,,
1780988064045707582,,,,,,,,,,,
1780988064142977990,,,,,,,,,,,
1780988064243182575,,,,,,,,,,,
1780988064342937486,,,,,,,,,,,
1780988064442927043,,,,,,,,,,,
1780988064543552021,,,,,,,,,,,
1780988064642969032,,,,,,,,,,,
1780988064743534520,,,,,,,,,,,
1780988064842942379,,,,,,,,,,,
1780988064942987593,,,,,,,,,,,
1780988065046851905,,,,,,,,,,,
1780988065142955506,,,,,,,,,,,
1780988065244605199,,,,,,,,,,,
1780988065343647288,,,,,,,,,,,
1780988065442923310,,,,,,,,,,,
1780988065546588527,,,,,,,,,,,
1780988065643412252,,,,,,,,,,,
1780988065743030012,,,,,,,,,,,
1780988065844646248,,,,,,,,,,,
1780988065943539882,,,,,,,,,,,
1780988066043025519,,,,,,,,,,,
1780988066143969115,,,,,,,,,,,
1780988066245913790,,,,,,,,,,,
1780988066344053144,,,,,,,,,,,
1780988066443483394,,,,,,,,,,,
1780988066543484550,,,,,,,,,,,
1780988066645685270,,,,,,,,,,,
1780988066748699081,,,,,,,,,,,
1780988066849805076,,,,,,,,,,,
1780988066949545398,,,,,,,,,,,
1780988067049781501,,,,,,,,,,,
1780988067149819886,,,,,,,,,,,
1780988067249263092,,,,,,,,,,,
1780988067353512217,,,,,,,,,,,
1780988067449866977,,,,,,,,,,,
1780988067549281343,,,,,,,,,,,
1780988067649092723,,,,,,,,,,,
1780988067748929375,,,,,,,,,,,
1780988067853537881,,,,,,,,,,,
1780988067948912478,,,,,,,,,,,
1780988068048899619,,,,,,,,,,,
1780988068148888199,,,,,,,,,,,
1780988068250544394,,,,,,,,,,,
1780988068349390354,,,,,,,,,,,
1780988068449880175,,,,,,,,,,,
1780988068549402992,,,,,,,,,,,
1780988068648895583,,,,,,,,,,,
1780988068751535013,,,,,,,,,,,
1780988068848906571,,,,,,,,,,,
1780988068950597035,,,,,,,,,,,
1780988069048903940,,,,,,,,,,,
1780988069149302726,,,,,,,,,,,
1780988069249740770,,,,,,,,,,,
1780988069349296026,,,,,,,,,,,
1780988069448876852,,,,,,,,,,,
1780988069548934242,,,,,,,,,,,
1780988069649660947,,,,,,,,,,,
1780988069749288295,,,,,,,,,,,
1780988069849437841,,,,,,,,,,,
1780988069949030591,,,,,,,,,,,
1780988070050516660,,,,,,,,,,,
1780988070149427650,,,,,,,,,,,
1780988070248873558,,,,,,,,,,,
1780988070350537200,,,,,,,,,,,
1780988070449371878,,,,,,,,,,,
1780988070549275249,,,,,,,,,,,
1780988070648906942,,,,,,,,,,,
1780988070749519943,,,,,,,,,,,
1780988070854540119,,,,,,,,,,,
1780988070957976511,,,,,,,,,,,
1780988071055609624,,,,,,,,,,,
1780988071155391451,,,,,,,,,,,
1780988071254905014,,,,,,,,,,,
1780988071355610336,,,,,,,,,,,
1780988071456537465,,,,,,,,,,,
1780988071554946105,,,,,,,,,,,
1780988071656540619,,,,,,,,,,,
1780988071755591991,,,,,,,,,,,
1780988071855534087,,,,,,,,,,,
1780988071957544170,,,,,,,,,,,
1780988072055693245,,,,,,,,,,,
1780988072156694544,,,,,,,,,,,
1780988072254970472,,,,,,,,,,,
1780988072356536002,,,,,,,,,,,
1780988072456538518,,,,,,,,,,,
1780988072555233061,,,,,,,,,,,
1780988072655416026,,,,,,,,,,,
1780988072755343599,,,,,,,,,,,
1780988072855545220,,,,,,,,,,,
1780988072955373325,,,,,,,,,,,
1780988073055410645,,,,,,,,,,,
1780988073155368885,,,,,,,,,,,
1780988073255638201,,,,,,,,,,,
1780988073355256525,,,,,,,,,,,
1780988073455753316,,,,,,,,,,,
1780988073555882569,,,,,,,,,,,
1780988073655528038,,,,,,,,,,,
1780988073755367322,,,,,,,,,,,
1780988073854921456,,,,,,,,,,,
1780988073954922305,,,,,,,,,,,
1780988074056540784,,,,,,,,,,,
1780988074157554301,,,,,,,,,,,
1780988074255316048,,,,,,,,,,,
1780988074354898341,,,,,,,,,,,
1780988074455513483,,,,,,,,,,,
1780988074555265560,,,,,,,,,,,
1780988074657536670,,,,,,,,,,,
1780988074755826421,,,,,,,,,,,
1780988074854922343,,,,,,,,,,,
1780988074954898062,,,,,,,,,,,
1780988075055202725,,,,,,,,,,,
1780988075158590967,,,,,,,,,,,
1780988075255610927,,,,,,,,,,,
1780988075355942651,,,,,,,,,,,
1780988075456596171,,,,,,,,,,,
1780988075555067632,,,,,,,,,,,
1780988075654914762,,,,,,,,,,,
1780988075756520413,,,,,,,,,,,
1780988075858082632,,,,,,,,,,,
1780988075955887133,,,,,,,,,,,
1780988076056207244,,,,,,,,,,,
1780988076154984846,,,,,,,,,,,
1780988076255322654,,,,,,,,,,,
1780988076356539570,,,,,,,,,,,
1780988076455747677,,,,,,,,,,,
1780988076555516583,,,,,,,,,,,
1780988076655536877,,,,,,,,,,,
1780988076754896508,,,,,,,,,,,
1780988076855051994,,,,,,,,,,,
1780988076956574754,,,,,,,,,,,
1780988077054918012,,,,,,,,,,,
1780988077155553275,,,,,,,,,,,
1780988077256538845,,,,,,,,,,,
1780988077361540540,,,,,,,,,,,
1780988077462057868,,,,,,,,,,,
1780988077562184406,,,,,,,,,,,
1780988077662539225,,,,,,,,,,,
1780988077762379980,,,,,,,,,,,
1780988077862292200,,,,,,,,,,,
1780988077962040995,,,,,,,,,,,
1780988078061966133,,,,,,,,,,,
1780988078165693911,,,,,,,,,,,
1780988078263552142,,,,,,,,,,,
1780988078362294221,,,,,,,,,,,
1780988078462447552,,,,,,,,,,,
1780988078561925523,,,,,,,,,,,
1780988078662139943,,,,,,,,,,,
1780988078762693845,,,,,,,,,,,
1780988078862485198,,,,,,,,,,,
1780988078962010433,,,,,,,,,,,
1780988079061983835,,,,,,,,,,,
1780988079162630801,,,,,,,,,,,
1780988079262887706,,,,,,,,,,,
1780988079362101816,,,,,,,,,,,
1780988079462764264,,,,,,,,,,,
1780988079562379981,,,,,,,,,,,
1780988079662304488,,,,,,,,,,,
1780988079761931502,,,,,,,,,,,
1780988079862535268,,,,,,,,,,,
1780988079962839897,,,,,,,,,,,
1780988080063550136,,,,,,,,,,,
1780988080162554571,,,,,,,,,,,
1780988080264777598,,,,,,,,,,,
1780988080362364348,,,,,,,,,,,
1780988080462837820,,,,,,,,,,,
1780988080562539295,,,,,,,,,,,
1780988080662010871,,,,,,,,,,,
1780988080762041191,,,,,,,,,,,
1780988080861964325,,,,,,,,,,,
1780988080962629009,,,,,,,,,,,
1780988081062541815,,,,,,,,,,,
1780988081162394739,,,,,,,,,,,
1780988081261919524,,,,,,,,,,,
1780988081361919463,,,,,,,,,,,
1780988081462541219,,,,,,,,,,,
1780988081562219842,,,,,,,,,,,
1780988081662644794,,,,,,,,,,,
1780988081761917338,,,,,,,,,,,
1780988081861902203,,,,,,,,,,,
1780988081964703391,,,,,,,,,,,
1780988082062758853,,,,,,,,,,,
1780988082162272861,,,,,,,,,,,
1780988082261956712,,,,,,,,,,,
1780988082362495137,,,,,,,,,,,
1780988082461979521,,,,,,,,,,,
1780988082562038028,,,,,,,,,,,
1780988082662545080,,,,,,,,,,,
1780988082762408298,,,,,,,,,,,
1780988082862072907,,,,,,,,,,,
1780988082962003698,,,,,,,,,,,
1780988083062366225,,,,,,,,,,,
1780988083162903120,,,,,,,,,,,
1780988083264683934,,,,,,,,,,,
1780988083361930583,,,,,,,,,,,
1780988083462900444,,,,,,,,,,,
1780988083562540690,,,,,,,,,,,
1780988083664002590,,,,,,,,,,,
1780988083764726089,,,,,,,,,,,
1780988083861976593,,,,,,,,,,,
1780988083962652895,,,,,,,,,,,
1780988084064136671,,,,,,,,,,,
1780988084162541200,,,,,,,,,,,
1780988084261910313,,,,,,,,,,,
1780988084362316533,,,,,,,,,,,
1780988084461943164,,,,,,,,,,,
1780988084562038466,,,,,,,,,,,
1780988084661827306,,,,,,,,,,,
1780988084765694665,,,,,,,,,,,
1780988084865690621,,,,,,,,,,,
1780988084962289869,,,,,,,,,,,
1780988085061931914,,,,,,,,,,,
1780988085167667789,,,,,,,,,,,
1780988085268797687,,,,,,,,,,,
1780988085368209158,,,,,,,,,,,
1780988085469573088,,,,,,,,,,,
1780988085568635896,,,,,,,,,,,
1780988085669500715,,,,,,,,,,,
1780988085770554951,,,,,,,,,,,
1780988085868707358,,,,,,,,,,,
1780988085968905702,,,,,,,,,,,
1780988086070543748,,,,,,,,,,,
1780988086168732975,,,,,,,,,,,
1780988086268876899,,,,,,,,,,,
1780988086368125308,,,,,,,,,,,
1780988086469543981,,,,,,,,,,,
1780988086568321257,,,,,,,,,,,
1780988086667948530,,,,,,,,,,,
1780988086768307884,,,,,,,,,,,
1780988086867906027,,,,,,,,,,,
1780988086969518536,,,,,,,,,,,
1780988087070717154,,,,,,,,,,,
1780988087168355346,,,,,,,,,,,
1780988087267896532,,,,,,,,,,,
1780988087367976801,,,,,,,,,,,
1780988087467959875,,,,,,,,,,,
1780988087568352155,,,,,,,,,,,
1780988087668708647,,,,,,,,,,,
1780988087767942050,,,,,,,,,,,
1780988087868529174,,,,,,,,,,,
1780988087968184471,,,,,,,,,,,
1780988088068528879,,,,,,,,,,,
1780988088168004320,,,,,,,,,,,
1780988088268299891,,,,,,,,,,,
1780988088369510056,,,,,,,,,,,
1780988088468580307,,,,,,,,,,,
1780988088569511227,,,,,,,,,,,
1780988088670528487,,,,,,,,,,,
1780988088767984463,,,,,,,,,,,
1780988088867877118,,,,,,,,,,,
1780988088967891305,,,,,,,,,,,
1780988089068640811,,,,,,,,,,,
1780988089168769243,,,,,,,,,,,
1780988089268653055,,,,,,,,,,,
1780988089368300656,,,,,,,,,,,
1780988089468713924,,,,,,,,,,,
1780988089568841951,,,,,,,,,,,
1780988089667876808,,,,,,,,,,,
1780988089768371403,,,,,,,,,,,
1780988089868745506,,,,,,,,,,,
1780988089968056069,,,,,,,,,,,
1780988090067920525,,,,,,,,,,,
1780988090168593091,,,,,,,,,,,
1780988090269531602,,,,,,,,,,,
1780988090368328390,,,,,,,,,,,
1780988090468299565,,,,,,,,,,,
1780988090568268964,,,,,,,,,,,
1780988090668261466,,,,,,,,,,,
1780988090768333288,,,,,,,,,,,
1780988090868564412,,,,,,,,,,,
1780988090968852946,,,,,,,,,,,
1780988091067948673,,,,,,,,,,,
1780988091167893673,,,,,,,,,,,
1780988091267874345,,,,,,,,,,,
1780988091369512604,,,,,,,,,,,
1780988091468271254,,,,,,,,,,,
1780988091569506349,,,,,,,,,,,
1780988091668190119,,,,,,,,,,,
1780988091768458424,,,,,,,,,,,
1780988091869548682,,,,,,,,,,,
1780988091968770280,,,,,,,,,,,
1780988092068628911,,,,,,,,,,,
1780988092168251459,,,,,,,,,,,
1780988092268505222,,,,,,,,,,,
1780988092368321794,,,,,,,,,,,
1780988092468561196,,,,,,,,,,,
1780988092567910765,,,,,,,,,,,
1780988092670532350,,,,,,,,,,,
1780988092768335368,,,,,,,,,,,
1780988092868514660,,,,,,,,,,,
1780988092967844175,,,,,,,,,,,
1780988093067891491,,,,,,,,,,,
1780988093168273225,,,,,,,,,,,
1780988093268565128,,,,,,,,,,,
1780988093368378395,,,,,,,,,,,
1780988093468247915,,,,,,,,,,,
1780988093568326039,,,,,,,,,,,
1780988093668544929,,,,,,,,,,,
1780988093767845179,,,,,,,,,,,
1780988093868373334,,,,,,,,,,,
1780988093968465509,,,,,,,,,,,
1780988094068505810,,,,,,,,,,,
1780988094168486281,,,,,,,,,,,
1780988094268000546,,,,,,,,,,,
1780988094367987308,,,,,,,,,,,
1780988094467978626,,,,,,,,,,,
1780988094568280779,,,,,,,,,,,
1780988094668310629,,,,,,,,,,,
1780988094767888967,,,,,,,,,,,
1780988094868662622,,,,,,,,,,,
1780988094967874190,,,,,,,,,,,
1780988095068175106,,,,,,,,,,,
1780988095168484501,,,,,,,,,,,
1780988095268864895,,,,,,,,,,,
1780988095370529781,,,,,,,,,,,
1780988095467921852,,,,,,,,,,,
1780988095568336098,,,,,,,,,,,
1780988095668460435,,,,,,,,,,,
1780988095768558717,,,,,,,,,,,
1780988095867993476,,,,,,,,,,,
1780988095968716309,,,,,,,,,,,
1780988096068184239,,,,,,,,,,,
1780988096170531578,,,,,,,,,,,
1780988096268401273,,,,,,,,,,,
1780988096368234354,,,,,,,,,,,
1780988096467903348,,,,,,,,,,,
1780988096568729629,,,,,,,,,,,
1780988096668335066,,,,,,,,,,,
1780988096769016254,,,,,,,,,,,
1780988096867873179,,,,,,,,,,,
1780988096969535831,,,,,,,,,,,
1780988097068229288,,,,,,,,,,,
1780988097167900465,,,,,,,,,,,
1780988097268862977,,,,,,,,,,,
1780988097368009250,,,,,,,,,,,
1780988097468292111,,,,,,,,,,,
1780988097568260625,,,,,,,,,,,
1780988097668840454,,,,,,,,,,,
1780988097767886732,,,,,,,,,,,
1780988097868512598,,,,,,,,,,,
1780988097971529212,,,,,,,,,,,
1780988098068443607,,,,,,,,,,,
1780988098170507191,,,,,,,,,,,
1780988098268198697,,,,,,,,,,,
1780988098368011306,,,,,,,,,,,
1780988098468167865,,,,,,,,,,,
1780988098568236880,,,,,,,,,,,
1780988098667875135,,,,,,,,,,,
1780988098768562651,,,,,,,,,,,
1780988098868512339,,,,,,,,,,,
1780988098968725044,,,,,,,,,,,
1780988099068482360,,,,,,,,,,,
1780988099168502013,,,,,,,,,,,
1780988099267951954,,,,,,,,,,,
1780988099368606517,,,,,,,,,,,
1780988099468434036,,,,,,,,,,,
1780988099571547156,,,,,,,,,,,
1780988099668512546,,,,,,,,,,,
1780988099768333078,,,,,,,,,,,
1780988099868608014,,,,,,,,,,,
1780988099968321751,,,,,,,,,,,
1780988100067894800,,,,,,,,,,,
1780988100168294436,,,,,,,,,,,
1780988100268647386,,,,,,,,,,,
1780988100370519040,,,,,,,,,,,
1780988100472524085,,,,,,,,,,,
1780988100568560317,,,,,,,,,,,
1780988100671514844,,,,,,,,,,,
1780988100768275934,,,,,,,,,,,
1780988100867947801,,,,,,,,,,,
1780988100968241940,,,,,,,,,,,
1780988101068863842,,,,,,,,,,,
1780988101167897321,,,,,,,,,,,
1780988101269540421,,,,,,,,,,,
1780988101368466592,,,,,,,,,,,
1780988101469538494,,,,,,,,,,,
1780988101574541114,,,,,,,,,,,
1780988101675825729,,,,,,,,,,,
1780988101775131913,,,,,,,,,,,
1780988101875536369,,,,,,,,,,,
1780988101974926415,,,,,,,,,,,
1780988102079544208,,,,,,,,,,,
1780988102180902450,,,,,,,,,,,
1780988102283535462,,,,,,,,,,,
1780988102380554091,,,,,,,,,,,
1780988102480453810,,,,,,,,,,,
1780988102580601780,,,,,,,,,,,
1780988102680894455,,,,,,,,,,,
1780988102779963576,,,,,,,,,,,
1780988102885640150,,,,,,,,,,,
1780988102986654897,,,,,,,,,,,
1780988103086250249,,,,,,,,,,,
1780988103185799209,,,,,,,,,,,
1780988103285985188,,,,,,,,,,,
1780988103386814756,,,,,,,,,,,
1780988103486434849,,,,,,,,,,,
1780988103587566917,,,,,,,,,,,
1780988103688554813,,,,,,,,,,,
1780988103788554088,,,,,,,,,,,
1780988103885927425,,,,,,,,,,,
1780988103985908679,,,,,,,,,,,
1780988104086280437,,,,,,,,,,,
1780988104186817919,,,,,,,,,,,
1780988104290502248,,,,,,,,,,,
1780988104387635975,,,,,,,,,,,
1780988104485941862,,,,,,,,,,,
1780988104586325287,,,,,,,,,,,
1780988104686167041,,,,,,,,,,,
1780988104786264141,,,,,,,,,,,
1780988104886297018,,,,,,,,,,,
1780988104986886890,,,,,,,,,,,
1780988105086299110,,,,,,,,,,,
1780988105186823679,,,,,,,,,,,
1780988105286388843,,,,,,,,,,,
1780988105385929847,,,,,,,,,,,
1780988105485883891,,,,,,,,,,,
1780988105585885510,,,,,,,,,,,
1780988105686499044,,,,,,,,,,,
1780988105786379190,,,,,,,,,,,
1780988105885873280,,,,,,,,,,,
1780988105986879358,,,,,,,,,,,
1780988106086562883,,,,,,,,,,,
1780988106188706090,,,,,,,,,,,
1780988106285882134,,,,,,,,,,,
1780988106388532453,,,,,,,,,,,
1780988106486484725,,,,,,,,,,,
1780988106585846681,,,,,,,,,,,
1780988106685797952,,,,,,,,,,,
1780988106786075530,,,,,,,,,,,
1780988106886300703,,,,,,,,,,,
1780988106985803687,,,,,,,,,,,
1780988107086302332,,,,,,,,,,,
1780988107185861219,,,,,,,,,,,
1780988107286634256,,,,,,,,,,,
1780988107386872203,,,,,,,,,,,
1780988107486363796,,,,,,,,,,,
1780988107586410333,,,,,,,,,,,
1780988107686631421,,,,,,,,,,,
1780988107786839464,,,,,,,,,,,
1780988107889568581,,,,,,,,,,,
1780988107986346967,,,,,,,,,,,
1780988108086855136,,,,,,,,,,,
1780988108186725836,,,,,,,,,,,
1780988108286833878,,,,,,,,,,,
1780988108386382275,,,,,,,,,,,
1780988108485953249,,,,,,,,,,,
1780988108586162219,,,,,,,,,,,
1780988108688463212,,,,,,,,,,,
1780988108786856403,,,,,,,,,,,
1780988108885880562,,,,,,,,,,,
1780988108986425203,,,,,,,,,,,
1780988109085893064,,,,,,,,,,,
1780988109186002373,,,,,,,,,,,
1780988109286862260,,,,,,,,,,,
1780988109388022493,,,,,,,,,,,
1780988109486636764,,,,,,,,,,,
1780988109586269797,,,,,,,,,,,
1780988109685856683,,,,,,,,,,,
1780988109787560104,,,,,,,,,,,
1780988109885856105,,,,,,,,,,,
1780988109986253272,,,,,,,,,,,
1780988110086426682,,,,,,,,,,,
1780988110186276952,,,,,,,,,,,
1780988110286380614,,,,,,,,,,,
1780988110391556483,,,,,,,,,,,
1780988110492832648,,,,,,,,,,,
1780988110592296726,,,,,,,,,,,
1780988110692864890,,,,,,,,,,,
1780988110792849595,,,,,,,,,,,
1780988110892553611,,,,,,,,,,,
1780988110992653864,,,,,,,,,,,
1780988111092516676,,,,,,,,,,,
1780988111192867877,,,,,,,,,,,
1780988111292313104,,,,,,,,,,,
1780988111391901257,,,,,,,,,,,
1780988111492042543,,,,,,,,,,,
1780988111591896230,,,,,,,,,,,
1780988111691894478,,,,,,,,,,,
1780988111792615744,,,,,,,,,,,
1780988111892511487,,,,,,,,,,,
1780988111991953286,,,,,,,,,,,
1780988112091876909,,,,,,,,,,,
1780988112192497505,,,,,,,,,,,
1780988112292423382,,,,,,,,,,,
1780988112392895214,,,,,,,,,,,
1780988112494541841,,,,,,,,,,,
1780988112591927809,,,,,,,,,,,
1780988112692807070,,,,,,,,,,,
1780988112792734601,,,,,,,,,,,
1780988112892417240,,,,,,,,,,,
1780988112991960599,,,,,,,,,,,
1780988113092973826,,,,,,,,,,,
1780988113192637950,,,,,,,,,,,
1780988113292870715,,,,,,,,,,,
1780988113391930086,,,,,,,,,,,
1780988113491895307,,,,,,,,,,,
1780988113592618936,,,,,,,,,,,
1780988113692389879,,,,,,,,,,,
1780988113791965759,,,,,,,,,,,
1780988113892527599,,,,,,,,,,,
1780988113992373054,,,,,,,,,,,
1780988114092304471,,,,,,,,,,,
1780988114192861997,,,,,,,,,,,
1780988114292742619,,,,,,,,,,,
1780988114393169222,,,,,,,,,,,
1780988114492689145,,,,,,,,,,,
1780988114592125359,,,,,,,,,,,
1780988114692347002,,,,,,,,,,,
1780988114792404157,,,,,,,,,,,
1780988114894537664,,,,,,,,,,,
1780988114992693054,,,,,,,,,,,
1780988115092639502,,,,,,,,,,,
1780988115192592910,,,,,,,,,,,
1780988115292400247,,,,,,,,,,,
1780988115398538288,,,,,,,,,,,
1780988115499537367,,,,,,,,,,,
1780988115599512197,,,,,,,,,,,
1780988115699380035,,,,,,,,,,,
1780988115803538829,,,,,,,,,,,
1780988115904082166,,,,,,,,,,,
1780988116004489570,,,,,,,,,,,
1780988116104781619,,,,,,,,,,,
1780988116204396209,,,,,,,,,,,
1780988116304579643,,,,,,,,,,,
1780988116404316105,,,,,,,,,,,
1780988116504522117,,,,,,,,,,,
1780988116604959365,,,,,,,,,,,
1780988116707676959,,,,,,,,,,,
1780988116806733675,,,,,,,,,,,
1780988116904088643,,,,,,,,,,,
1780988117004159599,,,,,,,,,,,
1780988117104958580,,,,,,,,,,,
1780988117204720836,,,,,,,,,,,
1780988117304500285,,,,,,,,,,,
1780988117403991158,,,,,,,,,,,
1780988117505697601,,,,,,,,,,,
1780988117604279929,,,,,,,,,,,
1780988117704399535,,,,,,,,,,,
1780988117804392684,,,,,,,,,,,
1780988117904163437,,,,,,,,,,,
1780988118005687607,,,,,,,,,,,
1780988118105699103,,,,,,,,,,,
1780988118204834413,,,,,,,,,,,
1780988118304931910,,,,,,,,,,,
1780988118404814012,,,,,,,,,,,
1780988118505715572,,,,,,,,,,,
1780988118604064287,,,,,,,,,,,
1780988118704710766,,,,,,,,,,,
1780988118804407871,,,,,,,,,,,
1780988118904808224,,,,,,,,,,,
1780988119007951360,,,,,,,,,,,
1780988119104541873,,,,,,,,,,,
1780988119204565919,,,,,,,,,,,
1780988119304335504,,,,,,,,,,,
1780988119404352719,,,,,,,,,,,
1780988119504214119,,,,,,,,,,,
1780988119603958864,,,,,,,,,,,
1780988119705691419,,,,,,,,,,,
1780988119804817081,,,,,,,,,,,
1780988119904399663,,,,,,,,,,,
1780988120006691368,,,,,,,,,,,
1780988120104719895,,,,,,,,,,,
1780988120205681097,,,,,,,,,,,
1780988120304296777,,,,,,,,,,,
1780988120404536329,,,,,,,,,,,
1780988120504143802,,,,,,,,,,,
1780988120605694159,,,,,,,,,,,
1780988120704671457,,,,,,,,,,,
1780988120804162721,,,,,,,,,,,
1780988120904337826,,,,,,,,,,,
1780988121004700797,,,,,,,,,,,
1780988121104016279,,,,,,,,,,,
1780988121205049965,,,,,,,,,,,
1780988121307702377,,,,,,,,,,,
1780988121404150583,,,,,,,,,,,
1780988121503959315,,,,,,,,,,,
1780988121604064376,,,,,,,,,,,
1780988121707701849,,,,,,,,,,,
1780988121804458321,,,,,,,,,,,
1780988121904223815,,,,,,,,,,,
1780988122004150194,,,,,,,,,,,
1780988122104685204,,,,,,,,,,,
1780988122206682498,,,,,,,,,,,
1780988122304788729,,,,,,,,,,,
1780988122406704417,,,,,,,,,,,
1780988122503985153,,,,,,,,,,,
1780988122604141445,,,,,,,,,,,
1780988122704604995,,,,,,,,,,,
1780988122804311168,,,,,,,,,,,
1780988122904172630,,,,,,,,,,,
1780988123004825432,,,,,,,,,,,
1780988123104644756,,,,,,,,,,,
1780988123204124252,,,,,,,,,,,
1780988123303963323,,,,,,,,,,,
1780988123404681697,,,,,,,,,,,
1780988123505704663,,,,,,,,,,,
1780988123604300651,,,,,,,,,,,
1780988123704711593,,,,,,,,,,,
1780988123804933815,,,,,,,,,,,
1780988123904710347,,,,,,,,,,,
1780988124004907669,,,,,,,,,,,
1780988124104484921,,,,,,,,,,,
1780988124203959510,,,,,,,,,,,
1780988124305320312,,,,,,,,,,,
1780988124404525629,,,,,,,,,,,
1780988124504490538,,,,,,,,,,,
1780988124604720343,,,,,,,,,,,
1780988124704679054,,,,,,,,,,,
1780988124809688599,,,,,,,,,,,
1780988124910242434,,,,,,,,,,,
1780988125010357199,,,,,,,,,,,
1780988125109960276,,,,,,,,,,,
1780988125209879202,,,,,,,,,,,
1780988125313535182,,,,,,,,,,,
1780988125410801236,,,,,,,,,,,
1780988125510427365,,,,,,,,,,,
1780988125610785759,,,,,,,,,,,
1780988125710200704,,,,,,,,,,,
1780988125810873113,,,,,,,,,,,
1780988125910250544,,,,,,,,,,,
1780988126010683123,,,,,,,,,,,
1780988126110871802,,,,,,,,,,,
1780988126210789282,,,,,,,,,,,
1780988126309881046,,,,,,,,,,,
1780988126410230300,,,,,,,,,,,
1780988126510235435,,,,,,,,,,,
1780988126610441304,,,,,,,,,,,
1780988126709874189,,,,,,,,,,,
1780988126811659769,,,,,,,,,,,
1780988126910094237,,,,,,,,,,,
1780988127009892468,,,,,,,,,,,
1780988127109893522,,,,,,,,,,,
1780988127210682961,,,,,,,,,,,
1780988127310179095,,,,,,,,,,,
1780988127412534635,,,,,,,,,,,
1780988127510392255,,,,,,,,,,,
1780988127610772681,,,,,,,,,,,
1780988127710506094,,,,,,,,,,,
1780988127810039966,,,,,,,,,,,
1780988127913073524,,,,,,,,,,,
1780988128010741693,,,,,,,,,,,
1780988128110851508,,,,,,,,,,,
1780988128210446814,,,,,,,,,,,
1780988128309938946,,,,,,,,,,,
1780988128410516814,,,,,,,,,,,
1780988128510733025,,,,,,,,,,,
1780988128610345136,,,,,,,,,,,
1780988128710025196,,,,,,,,,,,
1780988128810658545,,,,,,,,,,,
1780988128910303144,,,,,,,,,,,
1780988129010816534,,,,,,,,,,,
1780988129111504730,,,,,,,,,,,
1780988129209946929,,,,,,,,,,,
1780988129310189292,,,,,,,,,,,
1780988129410379305,,,,,,,,,,,
1780988129509886869,,,,,,,,,,,
1780988129611509804,,,,,,,,,,,
1780988129712538419,,,,,,,,,,,
1780988129810696387,,,,,,,,,,,
1780988129909994098,,,,,,,,,,,
1780988130009918462,,,,,,,,,,,
1780988130110019649,,,,,,,,,,,
1780988130209913579,,,,,,,,,,,
1780988130309934596,,,,,,,,,,,
1780988130410922038,,,,,,,,,,,
1780988130509930348,,,,,,,,,,,
1780988130610629444,,,,,,,,,,,
1780988130711526859,,,,,,,,,,,
1780988130810689548,,,,,,,,,,,
1780988130910363041,,,,,,,,,,,
1780988131010011263,,,,,,,,,,,
1780988131114538492,,,,,,,,,,,
1780988131210346449,,,,,,,,,,,
1780988131309922555,,,,,,,,,,,
1780988131410269310,,,,,,,,,,,
1780988131509809388,,,,,,,,,,,
1780988131609886580,,,,,,,,,,,
1780988131710410145,,,,,,,,,,,
1780988131810395876,,,,,,,,,,,
1780988131911527519,,,,,,,,,,,
1780988132010392561,,,,,,,,,,,
1780988132110539642,,,,,,,,,,,
1780988132210401600,,,,,,,,,,,
1780988132310427666,,,,,,,,,,,
1780988132409937804,,,,,,,,,,,
1780988132509885650,,,,,,,,,,,
1780988132609980884,,,,,,,,,,,
1780988132710804321,,,,,,,,,,,
1780988132809933287,,,,,,,,,,,
1780988132909986818,,,,,,,,,,,
1780988133010572644,,,,,,,,,,,
1780988133113621718,,,,,,,,,,,
1780988133210749682,,,,,,,,,,,
1780988133309932405,,,,,,,,,,,
1780988133410438192,,,,,,,,,,,
1780988133509986544,,,,,,,,,,,
1780988133610700418,,,,,,,,,,,
1780988133710463549,,,,,,,,,,,
1780988133810297385,,,,,,,,,,,
1780988133910254037,,,,,,,,,,,
1780988134013059751,,,,,,,,,,,
1780988134111504533,,,,,,,,,,,
1780988134209902333,,,,,,,,,,,
1780988134312542924,,,,,,,,,,,
1780988134410417401,,,,,,,,,,,
1780988134509896181,,,,,,,,,,,
1780988134610418815,,,,,,,,,,,
1780988134712508590,,,,,,,,,,,
1780988134809847596,,,,,,,,,,,
1780988134910550448,,,,,,,,,,,
1780988135010386233,,,,,,,,,,,
1780988135109873704,,,,,,,,,,,
1780988135213516502,,,,,,,,,,,
1780988135310739294,,,,,,,,,,,
1780988135410687444,,,,,,,,,,,
1780988135510535575,,,,,,,,,,,
1780988135610799773,,,,,,,,,,,
1780988135711513856,,,,,,,,,,,
1780988135810616471,,,,,,,,,,,
1780988135911524484,,,,,,,,,,,
1780988136010342889,,,,,,,,,,,
1780988136110242791,,,,,,,,,,,
1780988136210079703,,,,,,,,,,,
1780988136309983846,,,,,,,,,,,
1780988136410867178,,,,,,,,,,,
1780988136510394334,,,,,,,,,,,
1780988136610855542,,,,,,,,,,,
1780988136710336968,,,,,,,,,,,
1780988136810294859,,,,,,,,,,,
1780988136910335951,,,,,,,,,,,
1780988137012904326,,,,,,,,,,,
1780988137110637181,,,,,,,,,,,
1780988137210771741,,,,,,,,,,,
1780988137310744420,,,,,,,,,,,
1780988137410244585,,,,,,,,,,,
1780988137510817713,,,,,,,,,,,
1780988137611508668,,,,,,,,,,,
1780988137710701563,,,,,,,,,,,
1780988137810917176,,,,,,,,,,,
1780988137910642755,,,,,,,,,,,
1780988138010439978,,,,,,,,,,,
1780988138110752516,,,,,,,,,,,
1780988138211524232,,,,,,,,,,,
1780988138309990789,,,,,,,,,,,
1780988138411518890,,,,,,,,,,,
1780988138510239299,,,,,,,,,,,
1780988138610873179,,,,,,,,,,,
1780988138710343632,,,,,,,,,,,
1780988138809864547,,,,,,,,,,,
1780988138910659351,,,,,,,,,,,
1780988139012526936,,,,,,,,,,,
1780988139109902597,,,,,,,,,,,
1780988139210497006,,,,,,,,,,,
1780988139310786215,,,,,,,,,,,
1780988139410629884,,,,,,,,,,,
1780988139510374736,,,,,,,,,,,
1780988139612534665,,,,,,,,,,,
1780988139709898190,,,,,,,,,,,
1780988139810323559,,,,,,,,,,,
1780988139910363803,,,,,,,,,,,
1780988140011576246,,,,,,,,,,,
1780988140110839226,,,,,,,,,,,
1780988140210760742,,,,,,,,,,,
1780988140310837528,,,,,,,,,,,
1780988140410323428,,,,,,,,,,,
1780988140510613489,,,,,,,,,,,
1780988140610420083,,,,,,,,,,,
1780988140710267356,,,,,,,,,,,
1780988140810733889,,,,,,,,,,,
1780988140911533899,,,,,,,,,,,
1780988141010684340,,,,,,,,,,,
1780988141110389971,,,,,,,,,,,
1780988141210323230,,,,,,,,,,,
1780988141309974995,,,,,,,,,,,
1780988141411519377,,,,,,,,,,,
1780988141510274324,,,,,,,,,,,
1780988141611533228,,,,,,,,,,,
1780988141710796329,,,,,,,,,,,
1780988141810280910,,,,,,,,,,,
1780988141911531881,,,,,,,,,,,
1780988142010873053,,,,,,,,,,,
1780988142110316462,,,,,,,,,,,
1780988142210105809,,,,,,,,,,,
1780988142309891879,,,,,,,,,,,
1780988142410876875,,,,,,,,,,,
1780988142510612037,,,,,,,,,,,
1780988142610405049,,,,,,,,,,,
1780988142710417483,,,,,,,,,,,
1780988142810314442,,,,,,,,,,,
1780988142911534877,,,,,,,,,,,
1780988143010292032,,,,,,,,,,,
1780988143110443875,,,,,,,,,,,
1780988143210757700,,,,,,,,,,,
1780988143310257650,,,,,,,,,,,
1780988143410532551,,,,,,,,,,,
1780988143510886126,,,,,,,,,,,
1780988143609875203,,,,,,,,,,,
1780988143713542907,,,,,,,,,,,
1780988143810404725,,,,,,,,,,,
1780988143910863077,,,,,,,,,,,
1780988144010286554,,,,,,,,,,,
1780988144109928097,,,,,,,,,,,
1780988144209942634,,,,,,,,,,,
1780988144310738122,,,,,,,,,,,
1780988144410323100,,,,,,,,,,,
1780988144509949270,,,,,,,,,,,
1780988144610320623,,,,,,,,,,,
1780988144710710699,,,,,,,,,,,
1780988144810287423,,,,,,,,,,,
1780988144909936099,,,,,,,,,,,
1780988145009951001,,,,,,,,,,,
1780988145110307080,,,,,,,,,,,
1780988145210850173,,,,,,,,,,,
1780988145310723476,,,,,,,,,,,
1780988145410283609,,,,,,,,,,,
1780988145510249844,,,,,,,,,,,
1780988145609943740,,,,,,,,,,,
1780988145710365791,,,,,,,,,,,
1780988145810533900,,,,,,,,,,,
1780988145910734668,,,,,,,,,,,
1780988146010356341,,,,,,,,,,,
1780988146110507398,,,,,,,,,,,
1780988146209916216,,,,,,,,,,,
1780988146309944855,,,,,,,,,,,
1780988146410344939,,,,,,,,,,,
1780988146510343478,,,,,,,,,,,
1780988146610510449,,,,,,,,,,,
1780988146711499173,,,,,,,,,,,
1780988146809883113,,,,,,,,,,,
1780988146910048347,,,,,,,,,,,
1780988147010014405,,,,,,,,,,,
1780988147110287374,,,,,,,,,,,
1780988147210060636,,,,,,,,,,,
1780988147310877105,,,,,,,,,,,
1780988147409871031,,,,,,,,,,,
1780988147510836205,,,,,,,,,,,
1780988147610203774,,,,,,,,,,,
1780988147710860900,,,,,,,,,,,
1780988147810446216,,,,,,,,,,,
1780988147909903927,,,,,,,,,,,
1780988148011599341,,,,,,,,,,,
1780988148110267343,,,,,,,,,,,
1780988148210258909,,,,,,,,,,,
1780988148310526725,,,,,,,,,,,
1780988148409898268,,,,,,,,,,,
1780988148510210955,,,,,,,,,,,
1780988148610511370,,,,,,,,,,,
1780988148710313212,,,,,,,,,,,
1780988148810233934,,,,,,,,,,,
1780988148910876176,,,,,,,,,,,
1780988149009951335,,,,,,,,,,,
1780988149110758958,,,,,,,,,,,
1780988149210395223,,,,,,,,,,,
1780988149310279995,,,,,,,,,,,
1780988149410633680,,,,,,,,,,,
1780988149510342242,,,,,,,,,,,
1780988149610849300,,,,,,,,,,,
1780988149710361185,,,,,,,,,,,
1780988149811517935,,,,,,,,,,,
1780988149910387466,,,,,,,,,,,
1780988150009949136,,,,,,,,,,,
1780988150110852063,,,,,,,,,,,
1780988150210305473,,,,,,,,,,,
1780988150310296741,,,,,,,,,,,
1780988150411534467,,,,,,,,,,,
1780988150510376023,,,,,,,,,,,
1780988150610258747,,,,,,,,,,,
1780988150710343523,,,,,,,,,,,
1780988150810467010,,,,,,,,,,,
1780988150910431506,,,,,,,,,,,
1780988151010953054,,,,,,,,,,,
1780988151109886839,,,,,,,,,,,
1780988151210215746,,,,,,,,,,,
1780988151309889811,,,,,,,,,,,
1780988151413541939,,,,,,,,,,,
1780988151509959671,,,,,,,,,,,
1780988151610858997,,,,,,,,,,,
1780988151709874640,,,,,,,,,,,
1780988151812535395,,,,,,,,,,,
1780988151910860501,,,,,,,,,,,
1780988152010207148,,,,,,,,,,,
1780988152110854415,,,,,,,,,,,
1780988152210656179,,,,,,,,,,,
1780988152310342762,,,,,,,,,,,
1780988152410311608,,,,,,,,,,,
1780988152510057231,,,,,,,,,,,
1780988152613532949,,,,,,,,,,,
1780988152710102039,,,,,,,,,,,
1780988152811537089,,,,,,,,,,,
1780988152910718996,,,,,,,,,,,
1780988153010595581,,,,,,,,,,,
1780988153110418566,,,,,,,,,,,
1780988153210506029,,,,,,,,,,,
1780988153310589753,,,,,,,,,,,
1780988153411525187,,,,,,,,,,,
1780988153510259422,,,,,,,,,,,
1780988153610299148,,,,,,,,,,,
1780988153710868265,,,,,,,,,,,
1780988153810540559,,,,,,,,,,,
1780988153910808420,,,,,,,,,,,
1780988154009913990,,,,,,,,,,,
1780988154109969090,,,,,,,,,,,
1780988154212591063,,,,,,,,,,,
1780988154309897495,,,,,,,,,,,
1780988154411540417,,,,,,,,,,,
1780988154510812892,,,,,,,,,,,
1780988154610317902,,,,,,,,,,,
1780988154709879024,,,,,,,,,,,
1780988154810230001,,,,,,,,,,,
1780988154912556420,,,,,,,,,,,
1780988155010871953,,,,,,,,,,,
1780988155110869778,,,,,,,,,,,
1780988155209988184,,,,,,,,,,,
1780988155310659881,,,,,,,,,,,
1780988155410191069,,,,,,,,,,,
1780988155510626046,,,,,,,,,,,
1780988155609873603,,,,,,,,,,,
1780988155710803471,,,,,,,,,,,
1780988155810673808,,,,,,,,,,,
1780988155910546031,,,,,,,,,,,
1780988156010443421,,,,,,,,,,,
1780988156111508508,,,,,,,,,,,
1780988156210232521,,,,,,,,,,,
1780988156309929069,,,,,,,,,,,
1780988156411521648,,,,,,,,,,,
1780988156510698895,,,,,,,,,,,
1780988156610881116,,,,,,,,,,,
1780988156710880692,,,,,,,,,,,
1780988156810306811,,,,,,,,,,,
1780988156910882182,,,,,,,,,,,
1780988157009880045,,,,,,,,,,,
1780988157110387300,,,,,,,,,,,
1780988157210555716,,,,,,,,,,,
1780988157310431618,,,,,,,,,,,
1780988157411538265,,,,,,,,,,,
1780988157510419045,,,,,,,,,,,
1780988157609885395,,,,,,,,,,,
1780988157710670045,,,,,,,,,,,
1780988157810599935,,,,,,,,,,,
1780988157910757612,,,,,,,,,,,
1780988158010553925,,,,,,,,,,,
1780988158110873367,,,,,,,,,,,
1780988158209984519,,,,,,,,,,,
1780988158310348588,,,,,,,,,,,
1780988158410189427,,,,,,,,,,,
1780988158511519868,,,,,,,,,,,
1780988158610717496,,,,,,,,,,,
1780988158710263081,,,,,,,,,,,
1780988158810611561,,,,,,,,,,,
1780988158910871981,,,,,,,,,,,
1780988159010517467,,,,,,,,,,,
1780988159109985151,,,,,,,,,,,
1780988159210687869,,,,,,,,,,,
1780988159310632859,,,,,,,,,,,
1780988159410116518,,,,,,,,,,,
1780988159510317874,,,,,,,,,,,
1780988159609875377,,,,,,,,,,,
1780988159709957054,,,,,,,,,,,
1780988159810044695,,,,,,,,,,,
1780988159910332196,,,,,,,,,,,
1780988160013558535,,,,,,,,,,,
1780988160110219991,,,,,,,,,,,
1780988160210892525,,,,,,,,,,,
1780988160310005399,,,,,,,,,,,
1780988160409984055,,,,,,,,,,,
1780988160509992891,,,,,,,,,,,
1780988160609871591,,,,,,,,,,,
1780988160713540487,,,,,,,,,,,
1780988160810643917,,,,,,,,,,,
1780988160910310975,,,,,,,,,,,
1780988161010302385,,,,,,,,,,,
1780988161113539109,,,,,,,,,,,
1780988161209957393,,,,,,,,,,,
1780988161311515935,,,,,,,,,,,
1780988161409891121,,,,,,,,,,,
1780988161510285175,,,,,,,,,,,
1780988161610861758,,,,,,,,,,,
1780988161709901356,,,,,,,,,,,
1780988161811512216,,,,,,,,,,,
1780988161910385600,,,,,,,,,,,
1780988162010864454,,,,,,,,,,,
1780988162110657575,,,,,,,,,,,
1780988162210421448,,,,,,,,,,,
1780988162312359921,,,,,,,,,,,
1780988162410508291,,,,,,,,,,,
1780988162509894418,,,,,,,,,,,
1780988162610200015,,,,,,,,,,,
1780988162711522951,,,,,,,,,,,
1780988162810519163,,,,,,,,,,,
1780988162909913992,,,,,,,,,,,
1780988163010045769,,,,,,,,,,,
1780988163109876100,,,,,,,,,,,
1780988163213542036,,,,,,,,,,,
1780988163310524726,,,,,,,,,,,
1780988163410257865,,,,,,,,,,,
1780988163509956445,,,,,,,,,,,
1780988163611526664,,,,,,,,,,,
1780988163713645087,,,,,,,,,,,
1780988163810310606,,,,,,,,,,,
1780988163911542237,,,,,,,,,,,
1780988164009898057,,,,,,,,,,,
1780988164109889758,,,,,,,,,,,
1780988164211596672,,,,,,,,,,,
1780988164310357213,,,,,,,,,,,
1780988164410431571,,,,,,,,,,,
1780988164509970158,,,,,,,,,,,
1780988164610422341,,,,,,,,,,,
1780988164710854339,,,,,,,,,,,
1780988164810358335,,,,,,,,,,,
1780988164910772246,,,,,,,,,,,
1780988165011604728,,,,,,,,,,,
1780988165110691257,,,,,,,,,,,
1780988165210294144,,,,,,,,,,,
1780988165311542159,,,,,,,,,,,
1780988165411513526,,,,,,,,,,,
1780988165509950843,,,,,,,,,,,
1780988165610222433,,,,,,,,,,,
1780988165710857767,,,,,,,,,,,
1780988165810117823,,,,,,,,,,,
1780988165910830956,,,,,,,,,,,
1780988166012320943,,,,,,,,,,,
1780988166110860651,,,,,,,,,,,
1780988166210335681,,,,,,,,,,,
1780988166310855421,,,,,,,,,,,
1780988166411551983,,,,,,,,,,,
1780988166510310632,,,,,,,,,,,
1780988166610614412,,,,,,,,,,,
1780988166709856671,,,,,,,,,,,
1780988166810109727,,,,,,,,,,,
1780988166915539849,,,,,,,,,,,
1780988167016323047,,,,,,,,,,,
1780988167118543579,,,,,,,,,,,
1780988167215903349,,,,,,,,,,,
1780988167319540710,,,,,,,,,,,
1780988167416430213,,,,,,,,,,,
1780988167516018003,,,,,,,,,,,
1780988167615910309,,,,,,,,,,,
1780988167716336886,,,,,,,,,,,
1780988167819537543,,,,,,,,,,,
1780988167916010054,,,,,,,,,,,
1780988168016355066,,,,,,,,,,,
1780988168118547836,,,,,,,,,,,
1780988168216239600,,,,,,,,,,,
1780988168316616525,,,,,,,,,,,
1780988168415896282,,,,,,,,,,,
1780988168521553541,,,,,,,,,,,
1780988168621909838,,,,,,,,,,,
1780988168721998771,,,,,,,,,,,
1780988168822913163,,,,,,,,,,,
1780988168928696048,,,,,,,,,,,
1780988169029446344,,,,,,,,,,,
1780988169129774981,,,,,,,,,,,
1780988169229436958,,,,,,,,,,,
1780988169329243278,,,,,,,,,,,
1780988169429425841,,,,,,,,,,,
1780988169529840044,,,,,,,,,,,
1780988169629300677,,,,,,,,,,,
1780988169729776955,,,,,,,,,,,
1780988169828878490,,,,,,,,,,,
1780988169929843720,,,,,,,,,,,
1780988170029261632,,,,,,,,,,,
1780988170129868057,,,,,,,,,,,
1780988170231559813,,,,,,,,,,,
1780988170329518107,,,,,,,,,,,
1780988170429374517,,,,,,,,,,,
1780988170528927386,,,,,,,,,,,
1780988170629635091,,,,,,,,,,,
1780988170729146873,,,,,,,,,,,
1780988170829267680,,,,,,,,,,,
1780988170928970894,,,,,,,,,,,
1780988171029395253,,,,,,,,,,,
1780988171129558013,,,,,,,,,,,
1780988171229221738,,,,,,,,,,,
1780988171329288557,,,,,,,,,,,
1780988171429236463,,,,,,,,,,,
1780988171529356954,,,,,,,,,,,
1780988171628878622,,,,,,,,,,,
1780988171728892366,,,,,,,,,,,
1780988171829532547,,,,,,,,,,,
1780988171929371527,,,,,,,,,,,
1780988172034557724,,,,,,,,,,,
1780988172135899724,,,,,,,,,,,
1780988172235279712,,,,,,,,,,,
1780988172335327918,,,,,,,,,,,
1780988172435962465,,,,,,,,,,,
1780988172534981838,,,,,,,,,,,
1780988172635658205,,,,,,,,,,,
1780988172735102713,,,,,,,,,,,
1780988172835434988,,,,,,,,,,,
1780988172935531038,,,,,,,,,,,
1780988173034959533,,,,,,,,,,,
1780988173137942177,,,,,,,,,,,
1780988173235327590,,,,,,,,,,,
1780988173335538169,,,,,,,,,,,
1780988173435526972,,,,,,,,,,,
1780988173535155334,,,,,,,,,,,
1780988173634958999,,,,,,,,,,,
1780988173738549885,,,,,,,,,,,
1780988173835364854,,,,,,,,,,,
1780988173935309236,,,,,,,,,,,
1780988174035902491,,,,,,,,,,,
1780988174135606600,,,,,,,,,,,
1780988174235296818,,,,,,,,,,,
1780988174334883082,,,,,,,,,,,
1780988174435534694,,,,,,,,,,,
1780988174535335189,,,,,,,,,,,
1780988174634957809,,,,,,,,,,,
1780988174736536668,,,,,,,,,,,
1780988174835374608,,,,,,,,,,,
1780988174935019955,,,,,,,,,,,
1780988175035625217,,,,,,,,,,,
1780988175136288115,,,,,,,,,,,
1780988175235506666,,,,,,,,,,,
1780988175335770258,,,,,,,,,,,
1780988175435886595,,,,,,,,,,,
1780988175537513715,,,,,,,,,,,
1780988175635541258,,,,,,,,,,,
1780988175735739630,,,,,,,,,,,
1780988175835422730,,,,,,,,,,,
1780988175935025876,,,,,,,,,,,
1780988176035881146,,,,,,,,,,,
1780988176135009609,,,,,,,,,,,
1780988176235378644,,,,,,,,,,,
1780988176335410986,,,,,,,,,,,
1780988176434905465,,,,,,,,,,,
1780988176534915407,,,,,,,,,,,
1780988176635164074,,,,,,,,,,,
1780988176735775617,,,,,,,,,,,
1780988176835760219,,,,,,,,,,,
1780988176935397078,,,,,,,,,,,
1780988177039539696,,,,,,,,,,,
1780988177135293152,,,,,,,,,,,
1780988177235437944,,,,,,,,,,,
1780988177335434421,,,,,,,,,,,
1780988177434905947,,,,,,,,,,,
1780988177534936505,,,,,,,,,,,
1780988177635407398,,,,,,,,,,,
1780988177735431947,,,,,,,,,,,
1780988177835382120,,,,,,,,,,,
1780988177935145872,,,,,,,,,,,
1780988178035571861,,,,,,,,,,,
1780988178135106967,,,,,,,,,,,
1780988178235241698,,,,,,,,,,,
1780988178334930742,,,,,,,,,,,
1780988178435597960,,,,,,,,,,,
1780988178536543629,,,,,,,,,,,
1780988178635831279,,,,,,,,,,,
1780988178735869632,,,,,,,,,,,
1780988178834898388,,,,,,,,,,,
1780988178935455753,,,,,,,,,,,
1780988179035549790,,,,,,,,,,,
1780988179134949641,,,,,,,,,,,
1780988179236539548,,,,,,,,,,,
1780988179336545599,,,,,,,,,,,
1780988179435620881,,,,,,,,,,,
1780988179535327437,,,,,,,,,,,
1780988179635621600,,,,,,,,,,,
1780988179735350286,,,,,,,,,,,
1780988179835318046,,,,,,,,,,,
1780988179936211541,,,,,,,,,,,
1780988180035035839,,,,,,,,,,,
1780988180135893988,,,,,,,,,,,
1780988180235000287,,,,,,,,,,,
1780988180335795447,,,,,,,,,,,
1780988180438544600,,,,,,,,,,,
1780988180535534856,,,,,,,,,,,
1780988180635635118,,,,,,,,,,,
1780988180734921519,,,,,,,,,,,
1780988180835006964,,,,,,,,,,,
1780988180934913102,,,,,,,,,,,
1780988181035259065,,,,,,,,,,,
1780988181135519963,,,,,,,,,,,
1780988181235671859,,,,,,,,,,,
1780988181336535104,,,,,,,,,,,
1780988181435379626,,,,,,,,,,,
1780988181537544827,,,,,,,,,,,
1780988181634916396,,,,,,,,,,,
1780988181735596328,,,,,,,,,,,
1780988181834957862,,,,,,,,,,,
1780988181935911659,,,,,,,,,,,
1780988182035189138,,,,,,,,,,,
1780988182135637359,,,,,,,,,,,
1780988182236545770,,,,,,,,,,,
1780988182335427864,,,,,,,,,,,
1780988182439557627,,,,,,,,,,,
1780988182535889692,,,,,,,,,,,
1780988182637595516,,,,,,,,,,,
1780988182735869359,,,,,,,,,,,
1780988182845776696,,,,,,,,,,,
1780988182946462239,,,,,,,,,,,
1780988183049710848,,,,,,,,,,,
1780988183146784169,,,,,,,,,,,
1780988183246821112,,,,,,,,,,,
1780988183346334008,,,,,,,,,,,
1780988183446419466,,,,,,,,,,,
1780988183546563882,,,,,,,,,,,
1780988183646528587,,,,,,,,,,,
1780988183746170818,,,,,,,,,,,
1780988183847564742,,,,,,,,,,,
1780988183946535591,,,,,,,,,,,
1780988184045845206,,,,,,,,,,,
1780988184145992019,,,,,,,,,,,
1780988184247687133,,,,,,,,,,,
1780988184346256272,,,,,,,,,,,
1780988184446149296,,,,,,,,,,,
1780988184546228889,,,,,,,,,,,
1780988184646601726,,,,,,,,,,,
1780988184749526272,,,,,,,,,,,
1780988184846238678,,,,,,,,,,,
1780988184946367926,,,,,,,,,,,
1780988185046661509,,,,,,,,,,,
1780988185145928279,,,,,,,,,,,
1780988185249529386,,,,,,,,,,,
1780988185345984322,,,,,,,,,,,
1780988185446634693,,,,,,,,,,,
1780988185549519937,,,,,,,,,,,
1780988185646226132,,,,,,,,,,,
1780988185746312001,,,,,,,,,,,
1780988185846439414,,,,,,,,,,,
1780988185946758193,,,,,,,,,,,
1780988186045865966,,,,,,,,,,,
1780988186146561672,,,,,,,,,,,
1780988186246299531,,,,,,,,,,,
1780988186346242790,,,,,,,,,,,
1780988186446381512,,,,,,,,,,,
1780988186547513491,,,,,,,,,,,
1780988186645940815,,,,,,,,,,,
1780988186746567956,,,,,,,,,,,
1780988186845883929,,,,,,,,,,,
1780988186946618259,,,,,,,,,,,
1780988187046318466,,,,,,,,,,,
1780988187146851567,,,,,,,,,,,
1780988187246854158,,,,,,,,,,,
1780988187346667096,,,,,,,,,,,
1780988187445803883,,,,,,,,,,,
1780988187546614838,,,,,,,,,,,
1780988187646047134,,,,,,,,,,,
1780988187746106815,,,,,,,,,,,
1780988187846701061,,,,,,,,,,,
1780988187946504421,,,,,,,,,,,
1780988188046558516,,,,,,,,,,,
1780988188148563759,,,,,,,,,,,
1780988188248514742,,,,,,,,,,,
1780988188346497461,,,,,,,,,,,
1780988188448519236,,,,,,,,,,,
1780988188546832963,,,,,,,,,,,
1780988188646091136,,,,,,,,,,,
1780988188745875170,,,,,,,,,,,
1780988188846500774,,,,,,,,,,,
1780988188946601069,,,,,,,,,,,
1780988189046703388,,,,,,,,,,,
1780988189146563462,,,,,,,,,,,
1780988189246647493,,,,,,,,,,,
1780988189345900482,,,,,,,,,,,
1780988189447068299,,,,,,,,,,,
1780988189546272402,,,,,,,,,,,
1780988189645835363,,,,,,,,,,,
1780988189745885412,,,,,,,,,,,
1780988189846837316,,,,,,,,,,,
1780988189946353834,,,,,,,,,,,
1780988190046254761,,,,,,,,,,,
1780988190145949673,,,,,,,,,,,
1780988190246187965,,,,,,,,,,,
1780988190346130522,,,,,,,,,,,
1780988190447636340,,,,,,,,,,,
1780988190546693257,,,,,,,,,,,
1780988190646145879,,,,,,,,,,,
1780988190746201946,,,,,,,,,,,
1780988190846034226,,,,,,,,,,,
1780988190945901367,,,,,,,,,,,
1780988191047514921,,,,,,,,,,,
1780988191146169800,,,,,,,,,,,
1780988191245874672,,,,,,,,,,,
1780988191346099265,,,,,,,,,,,
1780988191446300791,,,,,,,,,,,
1780988191546852043,,,,,,,,,,,
1780988191646873245,,,,,,,,,,,
1780988191745985557,,,,,,,,,,,
1780988191846080941,,,,,,,,,,,
1780988191946669518,,,,,,,,,,,
1780988192046587151,,,,,,,,,,,
1780988192146063174,,,,,,,,,,,
1780988192247562419,,,,,,,,,,,
1780988192346280424,,,,,,,,,,,
1780988192447617063,,,,,,,,,,,
1780988192546824705,,,,,,,,,,,
1780988192645925801,,,,,,,,,,,
1780988192746231974,,,,,,,,,,,
1780988192846654273,,,,,,,,,,,
1780988192945905497,,,,,,,,,,,
1780988193046509104,,,,,,,,,,,
1780988193146789856,,,,,,,,,,,
1780988193246416561,,,,,,,,,,,
1780988193348518018,,,,,,,,,,,
1780988193445800473,,,,,,,,,,,
1780988193546673248,,,,,,,,,,,
1780988193648512390,,,,,,,,,,,
1780988193746194730,,,,,,,,,,,
1780988193846342258,,,,,,,,,,,
1780988193945873106,,,,,,,,,,,
1780988194045807587,,,,,,,,,,,
1780988194145861929,,,,,,,,,,,
1780988194246065878,,,,,,,,,,,
1780988194348540326,,,,,,,,,,,
1780988194446619538,,,,,,,,,,,
1780988194546720390,,,,,,,,,,,
1780988194645823769,,,,,,,,,,,
1780988194746283573,,,,,,,,,,,
1780988194846850612,,,,,,,,,,,
1780988194946515424,,,,,,,,,,,
1780988195049504994,,,,,,,,,,,
1780988195146329436,,,,,,,,,,,
1780988195246554979,,,,,,,,,,,
1780988195346635994,,,,,,,,,,,
1780988195446722174,,,,,,,,,,,
1780988195546485637,,,,,,,,,,,
1780988195646509650,,,,,,,,,,,
1780988195746247061,,,,,,,,,,,
1780988195846756680,,,,,,,,,,,
1780988195946670976,,,,,,,,,,,
1780988196046703286,,,,,,,,,,,
1780988196146564242,,,,,,,,,,,
1780988196246331610,,,,,,,,,,,
1780988196346180080,,,,,,,,,,,
1780988196445893614,,,,,,,,,,,
1780988196546648628,,,,,,,,,,,
1780988196646213044,,,,,,,,,,,
1780988196746307502,,,,,,,,,,,
1780988196846389773,,,,,,,,,,,
1780988196946617382,,,,,,,,,,,
1780988197046373461,,,,,,,,,,,
1780988197145800743,,,,,,,,,,,
1780988197246504366,,,,,,,,,,,
1780988197346447634,,,,,,,,,,,
1780988197445850844,,,,,,,,,,,
1780988197546849859,,,,,,,,,,,
1780988197645813829,,,,,,,,,,,
1780988197746256978,,,,,,,,,,,
1780988197846598449,,,,,,,,,,,
1780988197947498721,,,,,,,,,,,
1780988198046802858,,,,,,,,,,,
1780988198146390303,,,,,,,,,,,
1780988198245880562,,,,,,,,,,,
1780988198346570907,,,,,,,,,,,
1780988198446740573,,,,,,,,,,,
1780988198546303032,,,,,,,,,,,
1780988198645804885,,,,,,,,,,,
1780988198746271892,,,,,,,,,,,
1780988198846419211,,,,,,,,,,,
1780988198945874560,,,,,,,,,,,
1780988199046704628,,,,,,,,,,,
1780988199146172927,,,,,,,,,,,
1780988199246336943,,,,,,,,,,,
1780988199346427991,,,,,,,,,,,
1780988199445893435,,,,,,,,,,,
1780988199546074445,,,,,,,,,,,
1780988199646587858,,,,,,,,,,,
1780988199747502863,,,,,,,,,,,
1780988199846177631,,,,,,,,,,,
1780988199946262455,,,,,,,,,,,
1780988200046283362,,,,,,,,,,,
1780988200146260759,,,,,,,,,,,
1780988200246679609,,,,,,,,,,,
1780988200346262256,,,,,,,,,,,
1780988200446135223,,,,,,,,,,,
1780988200546438012,,,,,,,,,,,
1780988200646059616,,,,,,,,,,,
1780988200745890338,,,,,,,,,,,
1780988200846021529,,,,,,,,,,,
1780988200946388454,,,,,,,,,,,
1780988201046754193,,,,,,,,,,,
1780988201146743530,,,,,,,,,,,
1780988201246252761,,,,,,,,,,,
1780988201345978780,,,,,,,,,,,
1780988201446567088,,,,,,,,,,,
1780988201546789813,,,,,,,,,,,
1780988201645875818,,,,,,,,,,,
1780988201746558210,,,,,,,,,,,
1780988201846561113,,,,,,,,,,,
1780988201946372105,,,,,,,,,,,
1780988202049507232,,,,,,,,,,,
1780988202146122035,,,,,,,,,,,
1780988202246592406,,,,,,,,,,,
1780988202347518340,,,,,,,,,,,
1780988202445879457,,,,,,,,,,,
1780988202545811930,,,,,,,,,,,
1780988202645940524,,,,,,,,,,,
1780988202746709367,,,,,,,,,,,
1780988202846323606,,,,,,,,,,,
1780988202946009281,,,,,,,,,,,
1780988203046314862,,,,,,,,,,,
1780988203146614174,,,,,,,,,,,
1780988203246503774,,,,,,,,,,,
1780988203345863480,,,,,,,,,,,
1780988203447116728,,,,,,,,,,,
1780988203546325131,,,,,,,,,,,
1780988203646620418,,,,,,,,,,,
1780988203745805884,,,,,,,,,,,
1780988203846578753,,,,,,,,,,,
1780988203946748965,,,,,,,,,,,
1780988204046027548,,,,,,,,,,,
1780988204146563663,,,,,,,,,,,
1780988204246273214,,,,,,,,,,,
1780988204346069494,,,,,,,,,,,
1780988204446658236,,,,,,,,,,,
1780988204546273242,,,,,,,,,,,
1780988204647508965,,,,,,,,,,,
1780988204745991407,,,,,,,,,,,
1780988204846134351,,,,,,,,,,,
1780988204946605526,,,,,,,,,,,
1780988205046059216,,,,,,,,,,,
1780988205146314781,,,,,,,,,,,
1780988205246213887,,,,,,,,,,,
1780988205345833467,,,,,,,,,,,
1780988205445879534,,,,,,,,,,,
1780988205546565312,,,,,,,,,,,
1780988205646433745,,,,,,,,,,,
1780988205745958697,,,,,,,,,,,
1780988205846282925,,,,,,,,,,,
1780988205946548919,,,,,,,,,,,
1780988206046558959,,,,,,,,,,,
1780988206146007490,,,,,,,,,,,
1780988206246328005,,,,,,,,,,,
1780988206346896850,,,,,,,,,,,
1780988206446355107,,,,,,,,,,,
1780988206546134531,,,,,,,,,,,
1780988206645951793,,,,,,,,,,,
1780988206746839328,,,,,,,,,,,
1780988206846006350,,,,,,,,,,,
1780988206948533567,,,,,,,,,,,
1780988207045949609,,,,,,,,,,,
1780988207146278527,,,,,,,,,,,
1780988207246853020,,,,,,,,,,,
1780988207345862574,,,,,,,,,,,
1780988207446809736,,,,,,,,,,,
1780988207546300271,,,,,,,,,,,
1780988207648513185,,,,,,,,,,,
1780988207745946455,,,,,,,,,,,
1780988207849560522,,,,,,,,,,,
1780988207949537621,,,,,,,,,,,
1780988208046224773,,,,,,,,,,,
1780988208150546224,,,,,,,,,,,
1780988208247609946,,,,,,,,,,,
1780988208345959011,,,,,,,,,,,
1780988208446580693,,,,,,,,,,,
1780988208548508291,,,,,,,,,,,
1780988208646606611,,,,,,,,,,,
1780988208745840895,,,,,,,,,,,
1780988208846571509,,,,,,,,,,,
1780988208946577597,,,,,,,,,,,
1780988209046562348,,,,,,,,,,,
1780988209145939414,,,,,,,,,,,
1780988209245816556,,,,,,,,,,,
1780988209345990516,,,,,,,,,,,
1780988209445824913,,,,,,,,,,,
1780988209546337282,,,,,,,,,,,
1780988209646557847,,,,,,,,,,,
1780988209747559922,,,,,,,,,,,
1780988209846797463,,,,,,,,,,,
1780988209946865478,,,,,,,,,,,
1780988210046359190,,,,,,,,,,,
1780988210147513364,,,,,,,,,,,
1780988210245882211,,,,,,,,,,,
1780988210346064650,,,,,,,,,,,
1780988210445935628,,,,,,,,,,,
1780988210546515730,,,,,,,,,,,
1780988210645878270,,,,,,,,,,,
1780988210745835512,,,,,,,,,,,
1780988210846762566,,,,,,,,,,,
1780988210945974917,,,,,,,,,,,
1780988211046167636,,,,,,,,,,,
1780988211146258375,,,,,,,,,,,
1780988211246846649,,,,,,,,,,,
1780988211346661308,,,,,,,,,,,
1780988211446737047,,,,,,,,,,,
1780988211546009663,,,,,,,,,,,
1780988211646553181,,,,,,,,,,,
1780988211747558505,,,,,,,,,,,
1780988211845880965,,,,,,,,,,,
1780988211946330673,,,,,,,,,,,
1780988212045861738,,,,,,,,,,,
1780988212145914736,,,,,,,,,,,
1780988212247794199,,,,,,,,,,,
1780988212346234949,,,,,,,,,,,
1780988212446602751,,,,,,,,,,,
1780988212545877376,,,,,,,,,,,
1780988212646563676,,,,,,,,,,,
1780988212746644281,,,,,,,,,,,
1780988212848522687,,,,,,,,,,,
1780988212945922751,,,,,,,,,,,
1780988213046353797,,,,,,,,,,,
1780988213146188721,,,,,,,,,,,
1780988213246426889,,,,,,,,,,,
1780988213346868761,,,,,,,,,,,
1780988213445804194,,,,,,,,,,,
1780988213546155073,,,,,,,,,,,
1780988213646634883,,,,,,,,,,,
1780988213745811366,,,,,,,,,,,
1780988213846291441,,,,,,,,,,,
1780988213947540402,,,,,,,,,,,
1780988214046857173,,,,,,,,,,,
1780988214146358036,,,,,,,,,,,
1780988214246293083,,,,,,,,,,,
1780988214346232520,,,,,,,,,,,
1780988214445864431,,,,,,,,,,,
1780988214545876308,,,,,,,,,,,
1780988214646747492,,,,,,,,,,,
1780988214746232386,,,,,,,,,,,
1780988214845881782,,,,,,,,,,,
1780988214946239408,,,,,,,,,,,
1780988215047372567,,,,,,,,,,,
1780988215146221663,,,,,,,,,,,
1780988215246207119,,,,,,,,,,,
1780988215349524193,,,,,,,,,,,
1780988215446521304,,,,,,,,,,,
1780988215546351608,,,,,,,,,,,
1780988215645799710,,,,,,,,,,,
1780988215746692326,,,,,,,,,,,
1780988215845874866,,,,,,,,,,,
1780988215946656519,,,,,,,,,,,
1780988216046207599,,,,,,,,,,,
1780988216146061727,,,,,,,,,,,
1780988216246735843,,,,,,,,,,,
1780988216346262459,,,,,,,,,,,
1780988216446592130,,,,,,,,,,,
1780988216546361841,,,,,,,,,,,
1780988216649503162,,,,,,,,,,,
1780988216746556401,,,,,,,,,,,
1780988216846524424,,,,,,,,,,,
1780988216946322726,,,,,,,,,,,
1780988217045821701,,,,,,,,,,,
1780988217146090995,,,,,,,,,,,
1780988217246195005,,,,,,,,,,,
1780988217347576298,,,,,,,,,,,
1780988217446432265,,,,,,,,,,,
1780988217545863083,,,,,,,,,,,
1780988217649527942,,,,,,,,,,,
1780988217746566949,,,,,,,,,,,
1780988217846222080,,,,,,,,,,,
1780988217946506201,,,,,,,,,,,
1780988218046647853,,,,,,,,,,,
1780988218146849419,,,,,,,,,,,
1780988218247567871,,,,,,,,,,,
1780988218346885678,,,,,,,,,,,
1780988218446510439,,,,,,,,,,,
1780988218546079943,,,,,,,,,,,
1780988218646275093,,,,,,,,,,,
1780988218746853474,,,,,,,,,,,
1780988218846850561,,,,,,,,,,,
1780988218946069679,,,,,,,,,,,
1780988219046559489,,,,,,,,,,,
1780988219146127256,,,,,,,,,,,
1780988219246612357,,,,,,,,,,,
1780988219346795706,,,,,,,,,,,
1780988219446882296,,,,,,,,,,,
1780988219549518611,,,,,,,,,,,
1780988219646381265,,,,,,,,,,,
1780988219749017197,,,,,,,,,,,
1780988219845947723,,,,,,,,,,,
1780988219945837530,,,,,,,,,,,
1780988220050560010,,,,,,,,,,,
1780988220146681620,,,,,,,,,,,
1780988220246314585,,,,,,,,,,,
1780988220346010724,,,,,,,,,,,
1780988220446695392,,,,,,,,,,,
1780988220546342084,,,,,,,,,,,
1780988220647509783,,,,,,,,,,,
1780988220746199115,,,,,,,,,,,
1780988220846519496,,,,,,,,,,,
1780988220946907390,,,,,,,,,,,
1780988221047556129,,,,,,,,,,,
1780988221149518240,,,,,,,,,,,
1780988221246420809,,,,,,,,,,,
1780988221346460570,,,,,,,,,,,
1780988221446315091,,,,,,,,,,,
1780988221546253590,,,,,,,,,,,
1780988221646571665,,,,,,,,,,,
1780988221747561789,,,,,,,,,,,
1780988221847045709,,,,,,,,,,,
1780988221946586334,,,,,,,,,,,
1780988222046256940,,,,,,,,,,,
1780988222146853834,,,,,,,,,,,
1780988222246851281,,,,,,,,,,,
1780988222353509083,,,,,,,,,,,
1780988222455556680,,,,,,,,,,,
1780988222554705200,,,,,,,,,,,
1780988222654359177,,,,,,,,,,,
1780988222756534217,,,,,,,,,,,
1780988222854956600,,,,,,,,,,,
1780988222954544423,,,,,,,,,,,
1780988223054182461,,,,,,,,,,,
1780988223154850723,,,,,,,,,,,
1780988223255528302,,,,,,,,,,,
1780988223354020098,,,,,,,,,,,
1780988223455010496,,,,,,,,,,,
1780988223554337692,,,,,,,,,,,
1780988223654153922,,,,,,,,,,,
1780988223754804699,,,,,,,,,,,
1780988223854255998,,,,,,,,,,,
1780988223953957339,,,,,,,,,,,
1780988224055686429,,,,,,,,,,,
1780988224153966490,,,,,,,,,,,
1780988224254622874,,,,,,,,,,,
1780988224356553334,,,,,,,,,,,
1780988224455547057,,,,,,,,,,,
1780988224554076254,,,,,,,,,,,
1780988224655530020,,,,,,,,,,,
1780988224754225811,,,,,,,,,,,
1780988224853896666,,,,,,,,,,,
1780988224954675558,,,,,,,,,,,
1780988225054499712,,,,,,,,,,,
1780988225154808788,,,,,,,,,,,
1780988225254531745,,,,,,,,,,,
1780988225354386436,,,,,,,,,,,
1780988225454021957,,,,,,,,,,,
1780988225556542212,,,,,,,,,,,
1780988225654709362,,,,,,,,,,,
1780988225754891446,,,,,,,,,,,
1780988225854064893,,,,,,,,,,,
1780988225953916348,,,,,,,,,,,
1780988226055554263,,,,,,,,,,,
1780988226154628512,,,,,,,,,,,
1780988226254336245,,,,,,,,,,,
1780988226354326625,,,,,,,,,,,
1780988226453928181,,,,,,,,,,,
1780988226554441749,,,,,,,,,,,
1780988226653911245,,,,,,,,,,,
1780988226756545473,,,,,,,,,,,
1780988226853928042,,,,,,,,,,,
1780988226953997301,,,,,,,,,,,
1780988227053894187,,,,,,,,,,,
1780988227156537591,,,,,,,,,,,
1780988227253991968,,,,,,,,,,,
1780988227354277945,,,,,,,,,,,
1780988227453950003,,,,,,,,,,,
1780988227554537900,,,,,,,,,,,
1780988227654713356,,,,,,,,,,,
1780988227754677581,,,,,,,,,,,
1780988227854433482,,,,,,,,,,,
1780988227954429777,,,,,,,,,,,
1780988228053963404,,,,,,,,,,,
1780988228155746767,,,,,,,,,,,
1780988228254317832,,,,,,,,,,,
1780988228353909715,,,,,,,,,,,
1780988228454543737,,,,,,,,,,,
1780988228554393642,,,,,,,,,,,
1780988228654440226,,,,,,,,,,,
1780988228754194274,,,,,,,,,,,
1780988228855656004,,,,,,,,,,,
1780988228954688681,,,,,,,,,,,
1780988229054397131,,,,,,,,,,,
1780988229154678579,,,,,,,,,,,
1780988229253978528,,,,,,,,,,,
1780988229356548591,,,,,,,,,,,
1780988229454313613,,,,,,,,,,,
1780988229554797752,,,,,,,,,,,
1780988229653955892,,,,,,,,,,,
1780988229754727171,,,,,,,,,,,
1780988229854387323,,,,,,,,,,,
1780988229955545057,,,,,,,,,,,
1780988230057544156,,,,,,,,,,,
1780988230154382234,,,,,,,,,,,
1780988230253899909,,,,,,,,,,,
1780988230353966693,,,,,,,,,,,
1780988230454727206,,,,,,,,,,,
1780988230554309700,,,,,,,,,,,
1780988230654435808,,,,,,,,,,,
1780988230754172322,,,,,,,,,,,
1780988230854518713,,,,,,,,,,,
1780988230953900517,,,,,,,,,,,
1780988231054753544,,,,,,,,,,,
1780988231154906397,,,,,,,,,,,
1780988231254850376,,,,,,,,,,,
1780988231354223196,,,,,,,,,,,
1780988231454731952,,,,,,,,,,,
1780988231553908695,,,,,,,,,,,
1780988231654520916,,,,,,,,,,,
1780988231754001222,,,,,,,,,,,
1780988231854538801,,,,,,,,,,,
1780988231954142381,,,,,,,,,,,
1780988232054513518,,,,,,,,,,,
1780988232154281745,,,,,,,,,,,
1780988232254538199,,,,,,,,,,,
1780988232354209784,,,,,,,,,,,
1780988232454374982,,,,,,,,,,,
1780988232557539440,,,,,,,,,,,
1780988232653971733,,,,,,,,,,,
1780988232753915851,,,,,,,,,,,
1780988232854340923,,,,,,,,,,,
1780988232954356792,,,,,,,,,,,
1780988233054402787,,,,,,,,,,,
1780988233154025564,,,,,,,,,,,
1780988233256543352,,,,,,,,,,,
1780988233354668856,,,,,,,,,,,
1780988233456533618,,,,,,,,,,,
1780988233556758724,,,,,,,,,,,
1780988233658553573,,,,,,,,,,,
1780988233759359196,,,,,,,,,,,
1780988233859008497,,,,,,,,,,,
1780988233960534881,,,,,,,,,,,
1780988234058992061,,,,,,,,,,,
1780988234159274802,,,,,,,,,,,
1780988234259788236,,,,,,,,,,,
1780988234359711271,,,,,,,,,,,
1780988234458960072,,,,,,,,,,,
1780988234559822837,,,,,,,,,,,
1780988234659616251,,,,,,,,,,,
1780988234758950230,,,,,,,,,,,
1780988234858924330,,,,,,,,,,,
1780988234959907967,,,,,,,,,,,
1780988235060539987,,,,,,,,,,,
1780988235158918522,,,,,,,,,,,
1780988235258959864,,,,,,,,,,,
1780988235359540992,,,,,,,,,,,
1780988235459049287,,,,,,,,,,,
1780988235559404041,,,,,,,,,,,
1780988235659890164,,,,,,,,,,,
1780988235759541441,,,,,,,,,,,
1780988235859284537,,,,,,,,,,,
1780988235959626134,,,,,,,,,,,
1780988236059405217,,,,,,,,,,,
1780988236159639991,,,,,,,,,,,
1780988236259485366,,,,,,,,,,,
1780988236359617780,,,,,,,,,,,
1780988236459034139,,,,,,,,,,,
1780988236558917585,,,,,,,,,,,
1780988236659213203,,,,,,,,,,,
1780988236758929769,,,,,,,,,,,
1780988236859687206,,,,,,,,,,,
1780988236962558601,,,,,,,,,,,
1780988237061550435,,,,,,,,,,,
1780988237159078059,,,,,,,,,,,
1780988237262544574,,,,,,,,,,,
1780988237359280005,,,,,,,,,,,
1780988237459157252,,,,,,,,,,,
1780988237559629573,,,,,,,,,,,
1780988237659785520,,,,,,,,,,,
1780988237759056107,,,,,,,,,,,
1780988237864720523,,,,,,,,,,,
1780988237965564444,,,,,,,,,,,
1780988238065189966,,,,,,,,,,,
1780988238164916602,,,,,,,,,,,
1780988238264863532,,,,,,,,,,,
1780988238365624927,,,,,,,,,,,
1780988238465316252,,,,,,,,,,,
1780988238567555433,,,,,,,,,,,
1780988238665890180,,,,,,,,,,,
1780988238765170826,,,,,,,,,,,
1780988238865299218,,,,,,,,,,,
1780988238964822566,,,,,,,,,,,
1780988239064888383,,,,,,,,,,,
1780988239165576128,,,,,,,,,,,
1780988239265272818,,,,,,,,,,,
1780988239364822160,,,,,,,,,,,
1780988239465674415,,,,,,,,,,,
1780988239565371011,,,,,,,,,,,
1780988239664919056,,,,,,,,,,,
1780988239765760081,,,,,,,,,,,
1780988239865313995,,,,,,,,,,,
1780988239968640209,,,,,,,,,,,
1780988240065769900,,,,,,,,,,,
1780988240164936139,,,,,,,,,,,
1780988240265427867,,,,,,,,,,,
1780988240364822761,,,,,,,,,,,
1780988240465509804,,,,,,,,,,,
1780988240564824703,,,,,,,,,,,
1780988240668537519,,,,,,,,,,,
1780988240764864570,,,,,,,,,,,
1780988240866582621,,,,,,,,,,,
1780988240964989729,,,,,,,,,,,
1780988241064805016,,,,,,,,,,,
1780988241165314841,,,,,,,,,,,
1780988241265558551,,,,,,,,,,,
1780988241364813569,,,,,,,,,,,
1780988241465505045,,,,,,,,,,,
1780988241565900516,,,,,,,,,,,
1780988241664852892,,,,,,,,,,,
1780988241765860988,,,,,,,,,,,
1780988241865733866,,,,,,,,,,,
1780988241965251194,,,,,,,,,,,
1780988242065575289,,,,,,,,,,,
1780988242165292592,,,,,,,,,,,
1780988242264895913,,,,,,,,,,,
1780988242367506503,,,,,,,,,,,
1780988242465747646,,,,,,,,,,,
1780988242565390608,,,,,,,,,,,
1780988242664833074,,,,,,,,,,,
1780988242765699959,,,,,,,,,,,
1780988242865344552,,,,,,,,,,,
1780988242964989817,,,,,,,,,,,
1780988243065798130,,,,,,,,,,,
1780988243165323630,,,,,,,,,,,
1780988243264978242,,,,,,,,,,,
1780988243365001364,,,,,,,,,,,
1780988243465590448,,,,,,,,,,,
1780988243565805735,,,,,,,,,,,
1780988243665376312,,,,,,,,,,,
1780988243765297716,,,,,,,,,,,
1780988243867565720,,,,,,,,,,,
1780988243965733212,,,,,,,,,,,
1780988244064935971,,,,,,,,,,,
1780988244165360563,,,,,,,,,,,
1780988244270602947,,,,,,,,,,,
1780988244370991345,,,,,,,,,,,
1780988244471019080,,,,,,,,,,,
1780988244577560890,,,,,,,,,,,
1780988244678333834,,,,,,,,,,,
1780988244778294804,,,,,,,,,,,
1780988244880557371,,,,,,,,,,,
1780988244978171779,,,,,,,,,,,
1780988245077912627,,,,,,,,,,,
1780988245178767666,,,,,,,,,,,
1780988245279683921,,,,,,,,,,,
1780988245378431893,,,,,,,,,,,
1780988245477939525,,,,,,,,,,,
1780988245579549091,,,,,,,,,,,
1780988245678698463,,,,,,,,,,,
1780988245778252590,,,,,,,,,,,
1780988245878522276,,,,,,,,,,,
1780988245978543604,,,,,,,,,,,
1780988246080537167,,,,,,,,,,,
1780988246178211702,,,,,,,,,,,
1780988246281533515,,,,,,,,,,,
1780988246378538829,,,,,,,,,,,
1780988246478942379,,,,,,,,,,,
1780988246578650306,,,,,,,,,,,
1780988246678211670,,,,,,,,,,,
1780988246778144224,,,,,,,,,,,
1780988246877950220,,,,,,,,,,,
1780988246977923953,,,,,,,,,,,
1780988247077966117,,,,,,,,,,,
1780988247179779947,,,,,,,,,,,
1780988247278648118,,,,,,,,,,,
1780988247378015881,,,,,,,,,,,
1780988247479849930,,,,,,,,,,,
1780988247578369330,,,,,,,,,,,
1780988247678466638,,,,,,,,,,,
1780988247777973236,,,,,,,,,,,
1780988247878301202,,,,,,,,,,,
1780988247978297661,,,,,,,,,,,
1780988248078135790,,,,,,,,,,,
1780988248178617572,,,,,,,,,,,
1780988248278355569,,,,,,,,,,,
1780988248378608758,,,,,,,,,,,
1780988248479551952,,,,,,,,,,,
1780988248577937602,,,,,,,,,,,
1780988248678767496,,,,,,,,,,,
1780988248778536764,,,,,,,,,,,
1780988248880543094,,,,,,,,,,,
1780988248979547931,,,,,,,,,,,
1780988249082541065,,,,,,,,,,,
1780988249178353009,,,,,,,,,,,
1780988249277957784,,,,,,,,,,,
1780988249378910145,,,,,,,,,,,
1780988249480547034,,,,,,,,,,,
1780988249581538592,,,,,,,,,,,
1780988249677974979,,,,,,,,,,,
1780988249778247278,,,,,,,,,,,
1780988249877901157,,,,,,,,,,,
1780988249978322817,,,,,,,,,,,
1780988250078535000,,,,,,,,,,,
1780988250178594597,,,,,,,,,,,
1780988250278133666,,,,,,,,,,,
1780988250378857955,,,,,,,,,,,
1780988250480612402,,,,,,,,,,,
1780988250578542374,,,,,,,,,,,
1780988250677886336,,,,,,,,,,,
1780988250778342424,,,,,,,,,,,
1780988250878028515,,,,,,,,,,,
1780988250978254696,,,,,,,,,,,
1780988251080539276,,,,,,,,,,,
1780988251178417932,,,,,,,,,,,
1780988251278028489,,,,,,,,,,,
1780988251377894256,,,,,,,,,,,
1780988251481546230,,,,,,,,,,,
1780988251578488713,,,,,,,,,,,
1780988251678632227,,,,,,,,,,,
1780988251779540923,,,,,,,,,,,
1780988251878858112,,,,,,,,,,,
1780988251978300156,,,,,,,,,,,
1780988252077929393,,,,,,,,,,,
1780988252178588224,,,,,,,,,,,
1780988252278506257,,,,,,,,,,,
1780988252377932516,,,,,,,,,,,
1780988252478136433,,,,,,,,,,,
1780988252578465347,,,,,,,,,,,
1780988252678020104,,,,,,,,,,,
1780988252778542587,,,,,,,,,,,
1780988252877919751,,,,,,,,,,,
1780988252978304505,,,,,,,,,,,
1780988253078392829,,,,,,,,,,,
1780988253180592121,,,,,,,,,,,
1780988253279742590,,,,,,,,,,,
1780988253378713028,,,,,,,,,,,
1780988253478888447,,,,,,,,,,,
1780988253578251392,,,,,,,,,,,
1780988253678106568,,,,,,,,,,,
1780988253780534515,,,,,,,,,,,
1780988253878550229,,,,,,,,,,,
1780988253978453181,,,,,,,,,,,
1780988254078616829,,,,,,,,,,,
1780988254178785060,,,,,,,,,,,
1780988254278914957,,,,,,,,,,,
1780988254378524179,,,,,,,,,,,
1780988254478541717,,,,,,,,,,,
1780988254578267092,,,,,,,,,,,
1780988254678877902,,,,,,,,,,,
1780988254778020556,,,,,,,,,,,
1780988254879544483,,,,,,,,,,,
1780988254978475045,,,,,,,,,,,
1780988255078461054,,,,,,,,,,,
1780988255178546410,,,,,,,,,,,
1780988255278610990,,,,,,,,,,,
1780988255377937705,,,,,,,,,,,
1780988255477911081,,,,,,,,,,,
1780988255578219842,,,,,,,,,,,
1780988255677956890,,,,,,,,,,,
1780988255779543251,,,,,,,,,,,
1780988255878513146,,,,,,,,,,,
1780988255981567404,,,,,,,,,,,
1780988256078035953,,,,,,,,,,,
1780988256178259439,,,,,,,,,,,
1780988256277952095,,,,,,,,,,,
1780988256380538296,,,,,,,,,,,
1780988256478511888,,,,,,,,,,,
1780988256578892000,,,,,,,,,,,
1780988256679822902,,,,,,,,,,,
1780988256782566444,,,,,,,,,,,
1780988256883667427,,,,,,,,,,,
1780988256983434992,,,,,,,,,,,
1780988257083044204,,,,,,,,,,,
1780988257182923341,,,,,,,,,,,
1780988257283626732,,,,,,,,,,,
1780988257384768407,,,,,,,,,,,
1780988257483046167,,,,,,,,,,,
1780988257583305950,,,,,,,,,,,
1780988257682913140,,,,,,,,,,,
1780988257782948072,,,,,,,,,,,
1780988257883186914,,,,,,,,,,,
1780988257983030090,,,,,,,,,,,
1780988258083541032,,,,,,,,,,,
1780988258183261119,,,,,,,,,,,
1780988258284957017,,,,,,,,,,,
1780988258384886700,,,,,,,,,,,
1780988258483807834,,,,,,,,,,,
1780988258582919133,,,,,,,,,,,
1780988258683652320,,,,,,,,,,,
1780988258783762689,,,,,,,,,,,
1780988258882990301,,,,,,,,,,,
1780988258982911732,,,,,,,,,,,
1780988259083540729,,,,,,,,,,,
1780988259183626101,,,,,,,,,,,
1780988259282934835,,,,,,,,,,,
1780988259383077424,,,,,,,,,,,
1780988259485689589,,,,,,,,,,,
1780988259584572091,,,,,,,,,,,
1780988259682933634,,,,,,,,,,,
1780988259782961772,,,,,,,,,,,
1780988259885702564,,,,,,,,,,,
1780988259983539901,,,,,,,,,,,
1780988260083714488,,,,,,,,,,,
1780988260183361315,,,,,,,,,,,
1780988260283421914,,,,,,,,,,,
1780988260382986907,,,,,,,,,,,
1780988260485701218,,,,,,,,,,,
1780988260584702247,,,,,,,,,,,
1780988260683898766,,,,,,,,,,,
1780988260786684910,,,,,,,,,,,
1780988260885196724,,,,,,,,,,,
1780988260983168125,,,,,,,,,,,
1780988261083218708,,,,,,,,,,,
1780988261182972743,,,,,,,,,,,
1780988261283297951,,,,,,,,,,,
1780988261382908582,,,,,,,,,,,
1780988261483544625,,,,,,,,,,,
1780988261583239910,,,,,,,,,,,
1780988261683499714,,,,,,,,,,,
1780988261785331297,,,,,,,,,,,
1780988261887700386,,,,,,,,,,,
1780988261987877860,,,,,,,,,,,
1780988262088800855,,,,,,,,,,,
1780988262188797661,,,,,,,,,,,
1780988262288102197,,,,,,,,,,,
1780988262388875316,,,,,,,,,,,
1780988262487870835,,,,,,,,,,,
1780988262597388114,,,,,,,,,,,
1780988262698224584,,,,,,,,,,,
1780988262797980012,,,,,,,,,,,
1780988262898543425,,,,,,,,,,,
1780988262998884320,,,,,,,,,,,
1780988263098403606,,,,,,,,,,,
1780988263197957772,,,,,,,,,,,
1780988263304795701,,,,,,,,,,,
1780988263406688242,,,,,,,,,,,
1780988263505926300,,,,,,,,,,,
1780988263606854840,,,,,,,,,,,
1780988263706558589,,,,,,,,,,,
1780988263806670348,,,,,,,,,,,
1780988263906798251,,,,,,,,,,,
1780988264006360483,,,,,,,,,,,
1780988264105882187,,,,,,,,,,,
1780988264208510543,,,,,,,,,,,
1780988264306370706,,,,,,,,,,,
1780988264406257360,,,,,,,,,,,
1780988264507566670,,,,,,,,,,,
1780988264606762127,,,,,,,,,,,
1780988264706664402,,,,,,,,,,,
1780988264806167493,,,,,,,,,,,
1780988264905943321,,,,,,,,,,,
1780988265006125213,,,,,,,,,,,
1780988265106764809,,,,,,,,,,,
1780988265206270537,,,,,,,,,,,
1780988265306273354,,,,,,,,,,,
1780988265406601537,,,,,,,,,,,
1780988265506477612,,,,,,,,,,,
1780988265608529730,,,,,,,,,,,
1780988265706278840,,,,,,,,,,,
1780988265806609938,,,,,,,,,,,
1780988265906617065,,,,,,,,,,,
1780988266006303593,,,,,,,,,,,
1780988266106753702,,,,,,,,,,,
1780988266207537162,,,,,,,,,,,
1780988266306016876,,,,,,,,,,,
1780988266406271652,,,,,,,,,,,
1780988266506759666,,,,,,,,,,,
1780988266607510530,,,,,,,,,,,
1780988266706282860,,,,,,,,,,,
1780988266806864972,,,,,,,,,,,
1780988266906705637,,,,,,,,,,,
1780988267006406008,,,,,,,,,,,
1780988267106554732,,,,,,,,,,,
1780988267206860691,,,,,,,,,,,
1780988267306597150,,,,,,,,,,,
1780988267406396012,,,,,,,,,,,
1780988267507554909,,,,,,,,,,,
1780988267607960241,,,,,,,,,,,
1780988267706513722,,,,,,,,,,,
1780988267806502013,,,,,,,,,,,
1780988267906027820,,,,,,,,,,,
1780988268006863731,,,,,,,,,,,
1780988268106028325,,,,,,,,,,,
1780988268206632327,,,,,,,,,,,
1780988268306230161,,,,,,,,,,,
1780988268406710424,,,,,,,,,,,
1780988268506309168,,,,,,,,,,,
1780988268607542978,,,,,,,,,,,
1780988268709512731,,,,,,,,,,,
1780988268805949055,,,,,,,,,,,
1780988268906852154,,,,,,,,,,,
1780988269007681085,,,,,,,,,,,
1780988269106562948,,,,,,,,,,,
1780988269205924281,,,,,,,,,,,
1780988269306028215,,,,,,,,,,,
1780988269405884352,,,,,,,,,,,
1780988269505930624,,,,,,,,,,,
1780988269606861444,,,,,,,,,,,
1780988269706331971,,,,,,,,,,,
1780988269806241615,,,,,,,,,,,
1780988269906264723,,,,,,,,,,,
1780988270005940404,,,,,,,,,,,
1780988270105848237,,,,,,,,,,,
1780988270206748780,,,,,,,,,,,
1780988270306176616,,,,,,,,,,,
1780988270405981051,,,,,,,,,,,
1780988270506609639,,,,,,,,,,,
1780988270605945302,,,,,,,,,,,
1780988270706222994,,,,,,,,,,,
1780988270806462479,,,,,,,,,,,
1780988270905939969,,,,,,,,,,,
1780988271006234761,,,,,,,,,,,
1780988271105816916,,,,,,,,,,,
1780988271206717206,,,,,,,,,,,
1780988271306322319,,,,,,,,,,,
1780988271406546039,,,,,,,,,,,
1780988271506129066,,,,,,,,,,,
1780988271606387574,,,,,,,,,,,
1780988271706786632,,,,,,,,,,,
1780988271806054427,,,,,,,,,,,
1780988271906419490,,,,,,,,,,,
1780988272005892080,,,,,,,,,,,
1780988272105810674,,,,,,,,,,,
1780988272206751585,,,,,,,,,,,
1780988272305949197,,,,,,,,,,,
1780988272410515036,,,,,,,,,,,
1780988272511049733,,,,,,,,,,,
1780988272613538905,,,,,,,,,,,
1780988272711304278,,,,,,,,,,,
1780988272811235875,,,,,,,,,,,
1780988272910980423,,,,,,,,,,,
1780988273010918932,,,,,,,,,,,
1780988273111655856,,,,,,,,,,,
1780988273211827097,,,,,,,,,,,
1780988273312524500,,,,,,,,,,,
1780988273411545730,,,,,,,,,,,
1780988273511271731,,,,,,,,,,,
1780988273611406797,,,,,,,,,,,
1780988273711555403,,,,,,,,,,,
1780988273810902794,,,,,,,,,,,
1780988273911302009,,,,,,,,,,,
1780988274011740779,,,,,,,,,,,
1780988274111842267,,,,,,,,,,,
1780988274211218533,,,,,,,,,,,
1780988274311110444,,,,,,,,,,,
1780988274411857081,,,,,,,,,,,
1780988274511022633,,,,,,,,,,,
1780988274611226333,,,,,,,,,,,
1780988274711878254,,,,,,,,,,,
1780988274811044682,,,,,,,,,,,
1780988274910925441,,,,,,,,,,,
1780988275011881462,,,,,,,,,,,
1780988275111232199,,,,,,,,,,,
1780988275210942428,,,,,,,,,,,
1780988275312511348,,,,,,,,,,,
1780988275411479903,,,,,,,,,,,
1780988275511795050,,,,,,,,,,,
1780988275611337541,,,,,,,,,,,
1780988275711233641,,,,,,,,,,,
1780988275811742664,,,,,,,,,,,
1780988275911216118,,,,,,,,,,,
1780988276013551643,,,,,,,,,,,
1780988276110886731,,,,,,,,,,,
1780988276211234086,,,,,,,,,,,
1780988276311643431,,,,,,,,,,,
1780988276411302056,,,,,,,,,,,
1780988276511262734,,,,,,,,,,,
1780988276611087706,,,,,,,,,,,
1780988276712545140,,,,,,,,,,,
1780988276811049530,,,,,,,,,,,
1780988276911032561,,,,,,,,,,,
1780988277010936376,,,,,,,,,,,
1780988277111538404,,,,,,,,,,,
1780988277211300180,,,,,,,,,,,
1780988277310912871,,,,,,,,,,,
1780988277411274121,,,,,,,,,,,
1780988277511261688,,,,,,,,,,,
1780988277610895041,,,,,,,,,,,
1780988277711403705,,,,,,,,,,,
1780988277811258299,,,,,,,,,,,
1780988277911361388,,,,,,,,,,,
1780988278011543302,,,,,,,,,,,
1780988278111462457,,,,,,,,,,,
1780988278210848962,,,,,,,,,,,
1780988278312537849,,,,,,,,,,,
1780988278411902131,,,,,,,,,,,
1780988278513543899,,,,,,,,,,,
1780988278611297586,,,,,,,,,,,
1780988278711333700,,,,,,,,,,,
1780988278811855749,,,,,,,,,,,
1780988278911408541,,,,,,,,,,,
1780988279010935299,,,,,,,,,,,
1780988279111070681,,,,,,,,,,,
1780988279211533473,,,,,,,,,,,
1780988279310934259,,,,,,,,,,,
1780988279411355603,,,,,,,,,,,
1780988279510897939,,,,,,,,,,,
1780988279611685731,,,,,,,,,,,
1780988279712593055,,,,,,,,,,,
1780988279810963769,,,,,,,,,,,
1780988279913529052,,,,,,,,,,,
1780988280011798203,,,,,,,,,,,
1780988280110912871,,,,,,,,,,,
1780988280211532687,,,,,,,,,,,
1780988280311580317,,,,,,,,,,,
1780988280411528443,,,,,,,,,,,
1780988280511711112,,,,,,,,,,,
1780988280611878462,,,,,,,,,,,
1780988280711523465,,,,,,,,,,,
1780988280811750379,,,,,,,,,,,
1780988280911820115,,,,,,,,,,,
1780988281011037772,,,,,,,,,,,
1780988281111332886,,,,,,,,,,,
1780988281210925425,,,,,,,,,,,
1780988281311542843,,,,,,,,,,,
1780988281411532500,,,,,,,,,,,
1780988281511242607,,,,,,,,,,,
1780988281611353661,,,,,,,,,,,
1780988281711510858,,,,,,,,,,,
1780988281811821318,,,,,,,,,,,
1780988281911112917,,,,,,,,,,,
1780988282011627960,,,,,,,,,,,
1780988282112152823,,,,,,,,,,,
1780988282211863221,,,,,,,,,,,
1780988282312526025,,,,,,,,,,,
1780988282411482072,,,,,,,,,,,
1780988282510920656,,,,,,,,,,,
1780988282614601262,,,,,,,,,,,
1780988282711727295,,,,,,,,,,,
1780988282811740790,,,,,,,,,,,
1780988282911303141,,,,,,,,,,,
1780988283011039561,,,,,,,,,,,
1780988283111538645,,,,,,,,,,,
1780988283212542063,,,,,,,,,,,
1780988283311486344,,,,,,,,,,,
1780988283410977703,,,,,,,,,,,
1780988283511552247,,,,,,,,,,,
1780988283611246867,,,,,,,,,,,
1780988283712522707,,,,,,,,,,,
1780988283811193425,,,,,,,,,,,
1780988283910998612,,,,,,,,,,,
1780988284011308339,,,,,,,,,,,
1780988284110951028,,,,,,,,,,,
1780988284212519830,,,,,,,,,,,
1780988284311673732,,,,,,,,,,,
1780988284411669533,,,,,,,,,,,
1780988284510999597,,,,,,,,,,,
1780988284611394235,,,,,,,,,,,
1780988284710886519,,,,,,,,,,,
1780988284811519523,,,,,,,,,,,
1780988284911382375,,,,,,,,,,,
1780988285011916235,,,,,,,,,,,
1780988285111043311,,,,,,,,,,,
1780988285212535657,,,,,,,,,,,
1780988285311351354,,,,,,,,,,,
1780988285411670025,,,,,,,,,,,
1780988285511003475,,,,,,,,,,,
1780988285611011203,,,,,,,,,,,
1780988285716551989,,,,,,,,,,,
1780988285817281139,,,,,,,,,,,
1780988285918546699,,,,,,,,,,,
1780988286018546979,,,,,,,,,,,
1780988286117285927,,,,,,,,,,,
1780988286218618132,,,,,,,,,,,
1780988286316925193,,,,,,,,,,,
1780988286417512291,,,,,,,,,,,
1780988286516968959,,,,,,,,,,,
1780988286618534749,,,,,,,,,,,
1780988286717365323,,,,,,,,,,,
1780988286817483882,,,,,,,,,,,
1780988286916983211,,,,,,,,,,,
1780988287021546142,,,,,,,,,,,
1780988287117640914,,,,,,,,,,,
1780988287217348771,,,,,,,,,,,
1780988287316919732,,,,,,,,,,,
1780988287417054264,,,,,,,,,,,
1780988287517536679,,,,,,,,,,,
1780988287617069935,,,,,,,,,,,
1780988287717283200,,,,,,,,,,,
1780988287817088557,,,,,,,,,,,
1780988287917898736,,,,,,,,,,,
1780988288017442449,,,,,,,,,,,
1780988288117533011,,,,,,,,,,,
1780988288217628691,,,,,,,,,,,
1780988288316931920,,,,,,,,,,,
1780988288418645630,,,,,,,,,,,
1780988288517343532,,,,,,,,,,,
1780988288617936081,,,,,,,,,,,
1780988288717477149,,,,,,,,,,,
1780988288817362005,,,,,,,,,,,
1780988288919537973,,,,,,,,,,,
1780988289017113597,,,,,,,,,,,
1780988289118652073,,,,,,,,,,,
1780988289217273042,,,,,,,,,,,
1780988289317275313,,,,,,,,,,,
1780988289417016527,,,,,,,,,,,
1780988289516924649,,,,,,,,,,,
1780988289618040202,,,,,,,,,,,
1780988289717838193,,,,,,,,,,,
1780988289819533034,,,,,,,,,,,
1780988289917080141,,,,,,,,,,,
1780988290016939058,,,,,,,,,,,
1780988290119543393,,,,,,,,,,,
1780988290218537030,,,,,,,,,,,
1780988290317742240,,,,,,,,,,,
1780988290418540864,,,,,,,,,,,
1780988290517716375,,,,,,,,,,,
1780988290617626123,,,,,,,,,,,
1780988290716954919,,,,,,,,,,,
1780988290819582430,,,,,,,,,,,
1780988290919532330,,,,,,,,,,,
1780988291017004099,,,,,,,,,,,
1780988291120605976,,,,,,,,,,,
1780988291217313207,,,,,,,,,,,
1780988291317533367,,,,,,,,,,,
1780988291419526305,,,,,,,,,,,
1780988291517552982,,,,,,,,,,,
1780988291620569530,,,,,,,,,,,
1780988291718576158,,,,,,,,,,,
1780988291817733383,,,,,,,,,,,
1780988291917374430,,,,,,,,,,,
1780988292016988305,,,,,,,,,,,
1780988292117814272,,,,,,,,,,,
1780988292217763632,,,,,,,,,,,
1780988292320544495,,,,,,,,,,,
1780988292417012319,,,,,,,,,,,
1780988292517363636,,,,,,,,,,,
1780988292617528403,,,,,,,,,,,
1780988292717179310,,,,,,,,,,,
1780988292818540663,,,,,,,,,,,
1780988292917353651,,,,,,,,,,,
1780988293017354802,,,,,,,,,,,
1780988293117637346,,,,,,,,,,,
1780988293218542379,,,,,,,,,,,
1780988293317527753,,,,,,,,,,,
1780988293417300299,,,,,,,,,,,
1780988293517500624,,,,,,,,,,,
1780988293618537609,,,,,,,,,,,
1780988293716981098,,,,,,,,,,,
1780988293817340468,,,,,,,,,,,
1780988293917149710,,,,,,,,,,,
1780988294017547596,,,,,,,,,,,
1780988294117541507,,,,,,,,,,,
1780988294217350173,,,,,,,,,,,
1780988294316953673,,,,,,,,,,,
1780988294418538099,,,,,,,,,,,
1780988294517382132,,,,,,,,,,,
1780988294617887761,,,,,,,,,,,
1780988294720183515,,,,,,,,,,,
1780988294816995794,,,,,,,,,,,
1780988294917070595,,,,,,,,,,,
1780988295017560488,,,,,,,,,,,
1780988295117877592,,,,,,,,,,,
1780988295216938064,,,,,,,,,,,
1780988295316878196,,,,,,,,,,,
1780988295417834857,,,,,,,,,,,
1780988295517637364,,,,,,,,,,,
1780988295619543832,,,,,,,,,,,
1780988295717789248,,,,,,,,,,,
1780988295819536618,,,,,,,,,,,
1780988295921535803,,,,,,,,,,,
1780988296017327263,,,,,,,,,,,
1780988296118542743,,,,,,,,,,,
1780988296219583583,,,,,,,,,,,
1780988296317869029,,,,,,,,,,,
1780988296417108639,,,,,,,,,,,
1780988296517545336,,,,,,,,,,,
1780988296617222105,,,,,,,,,,,
1780988296717525122,,,,,,,,,,,
1780988296818548211,,,,,,,,,,,
1780988296919540998,,,,,,,,,,,
1780988297017533028,,,,,,,,,,,
1780988297117351035,,,,,,,,,,,
1780988297216896125,,,,,,,,,,,
1780988297316900983,,,,,,,,,,,
1780988297419537057,,,,,,,,,,,
1780988297517311186,,,,,,,,,,,
1780988297617543319,,,,,,,,,,,
1780988297717128047,,,,,,,,,,,
1780988297818540313,,,,,,,,,,,
1780988297917608898,,,,,,,,,,,
1780988298021539768,,,,,,,,,,,
1780988298117334157,,,,,,,,,,,
1780988298217345816,,,,,,,,,,,
1780988298317572639,,,,,,,,,,,
1780988298416965235,,,,,,,,,,,
1780988298517893536,,,,,,,,,,,
1780988298617534472,,,,,,,,,,,
1780988298717916378,,,,,,,,,,,
1780988298818538391,,,,,,,,,,,
1780988298916917953,,,,,,,,,,,
1780988299016943878,,,,,,,,,,,
1780988299117716653,,,,,,,,,,,
1780988299217588680,,,,,,,,,,,
1780988299319540553,,,,,,,,,,,
1780988299417275142,,,,,,,,,,,
1780988299517056952,,,,,,,,,,,
1780988299618559478,,,,,,,,,,,
1780988299717045001,,,,,,,,,,,
1780988299817246566,,,,,,,,,,,
1780988299917705049,,,,,,,,,,,
1780988300016919141,,,,,,,,,,,
1780988300117019380,,,,,,,,,,,
1780988300217044290,,,,,,,,,,,
1780988300317825779,,,,,,,,,,,
1780988300419545482,,,,,,,,,,,
1780988300517277113,,,,,,,,,,,
1780988300618121373,,,,,,,,,,,
1780988300717308211,,,,,,,,,,,
1780988300816925502,,,,,,,,,,,
1780988300918533196,,,,,,,,,,,
1780988301018545837,,,,,,,,,,,
1780988301117002726,,,,,,,,,,,
1780988301217066488,,,,,,,,,,,
1780988301317341056,,,,,,,,,,,
1780988301416978589,,,,,,,,,,,
1780988301517741182,,,,,,,,,,,
1780988301617304229,,,,,,,,,,,
1780988301717541775,,,,,,,,,,,
1780988301817765104,,,,,,,,,,,
1780988301921539230,,,,,,,,,,,
1780988302016907293,,,,,,,,,,,
1780988302117911529,,,,,,,,,,,
1780988302218549663,,,,,,,,,,,
1780988302317361220,,,,,,,,,,,
1780988302418549528,,,,,,,,,,,
1780988302517546850,,,,,,,,,,,
1780988302617394395,,,,,,,,,,,
1780988302718049887,,,,,,,,,,,
1780988302817898574,,,,,,,,,,,
1780988302919548156,,,,,,,,,,,
1780988303017292852,,,,,,,,,,,
1780988303116976862,,,,,,,,,,,
1780988303217239522,,,,,,,,,,,
1780988303317449467,,,,,,,,,,,
1780988303416981686,,,,,,,,,,,
1780988303521543922,,,,,,,,,,,
1780988303617381844,,,,,,,,,,,
1780988303719539988,,,,,,,,,,,
1780988303816981759,,,,,,,,,,,
1780988303919536492,,,,,,,,,,,
1780988304016917751,,,,,,,,,,,
1780988304117383505,,,,,,,,,,,
1780988304217537050,,,,,,,,,,,
1780988304317768006,,,,,,,,,,,
1780988304417356788,,,,,,,,,,,
1780988304516917096,,,,,,,,,,,
1780988304618543987,,,,,,,,,,,
1780988304719556382,,,,,,,,,,,
1780988304817206225,,,,,,,,,,,
1780988304917532885,,,,,,,,,,,
1780988305018461235,,,,,,,,,,,
1780988305117312023,,,,,,,,,,,
1780988305217251312,,,,,,,,,,,
1780988305321541395,,,,,,,,,,,
1780988305417698260,,,,,,,,,,,
1780988305519697194,,,,,,,,,,,
1780988305616961025,,,,,,,,,,,
1780988305717714323,,,,,,,,,,,
1780988305817669574,,,,,,,,,,,
1780988305917643800,,,,,,,,,,,
1780988306016905458,,,,,,,,,,,
1780988306116996105,,,,,,,,,,,
1780988306217543643,,,,,,,,,,,
1780988306319530173,,,,,,,,,,,
1780988306417245990,,,,,,,,,,,
1780988306517541427,,,,,,,,,,,
1780988306617617273,,,,,,,,,,,
1780988306717533083,,,,,,,,,,,
1780988306817014524,,,,,,,,,,,
1780988306918571432,,,,,,,,,,,
1780988307017545867,,,,,,,,,,,
1780988307117357544,,,,,,,,,,,
1780988307217396157,,,,,,,,,,,
1780988307317736617,,,,,,,,,,,
1780988307417264671,,,,,,,,,,,
1780988307517080763,,,,,,,,,,,
1780988307617166818,,,,,,,,,,,
1780988307717670778,,,,,,,,,,,
1780988307817532781,,,,,,,,,,,
1780988307920545694,,,,,,,,,,,
1780988308017477724,,,,,,,,,,,
1780988308117424263,,,,,,,,,,,
1780988308217305007,,,,,,,,,,,
1780988308317130169,,,,,,,,,,,
1780988308423560492,,,,,,,,,,,
1780988308524379562,,,,,,,,,,,
1780988308624106201,,,,,,,,,,,
1780988308724115860,,,,,,,,,,,
1780988308824122661,,,,,,,,,,,
1780988308924785067,,,,,,,,,,,
1780988309026724181,,,,,,,,,,,
1780988309124800255,,,,,,,,,,,
1780988309224454068,,,,,,,,,,,
1780988309325715111,,,,,,,,,,,
1780988309424422513,,,,,,,,,,,
1780988309525734993,,,,,,,,,,,
1780988309624674071,,,,,,,,,,,
1780988309725649950,,,,,,,,,,,
1780988309824197224,,,,,,,,,,,
1780988309924409400,,,,,,,,,,,
1780988310024432021,,,,,,,,,,,
1780988310124433483,,,,,,,,,,,
1780988310224427871,,,,,,,,,,,
1780988310325846755,,,,,,,,,,,
1780988310424153477,,,,,,,,,,,
1780988310524410357,,,,,,,,,,,
1780988310624398570,,,,,,,,,,,
1780988310724660769,,,,,,,,,,,
1780988310824224318,,,,,,,,,,,
1780988310924111670,,,,,,,,,,,
1780988311025710415,,,,,,,,,,,
1780988311124714211,,,,,,,,,,,
1780988311224046206,,,,,,,,,,,
1780988311324627823,,,,,,,,,,,
1780988311424806459,,,,,,,,,,,
1780988311526718073,,,,,,,,,,,
1780988311623929512,,,,,,,,,,,
1780988311725161404,,,,,,,,,,,
1780988311830684219,,,,,,,,,,,
1780988311933676507,,,,,,,,,,,
1780988312031200403,,,,,,,,,,,
1780988312132246339,,,,,,,,,,,
1780988312231515629,,,,,,,,,,,
1780988312330885000,,,,,,,,,,,
1780988312433561253,,,,,,,,,,,
1780988312531491540,,,,,,,,,,,
1780988312630945205,,,,,,,,,,,
1780988312731863411,,,,,,,,,,,
1780988312838537247,,,,,,,,,,,
1780988312939330432,,,,,,,,,,,
1780988313039376412,,,,,,,,,,,
1780988313138920053,,,,,,,,,,,
1780988313238965430,,,,,,,,,,,
1780988313339624756,,,,,,,,,,,
1780988313438948175,,,,,,,,,,,
1780988313539900768,,,,,,,,,,,
1780988313639288392,,,,,,,,,,,
1780988313739004434,,,,,,,,,,,
1780988313845720160,,,,,,,,,,,
1780988313948019378,,,,,,,,,,,
1780988314046159710,,,,,,,,,,,
1780988314149538523,,,,,,,,,,,
1780988314246037475,,,,,,,,,,,
1780988314346356112,,,,,,,,,,,
1780988314447528170,,,,,,,,,,,
1780988314547575260,,,,,,,,,,,
1780988314648512884,,,,,,,,,,,
1780988314746259087,,,,,,,,,,,
1780988314847549113,,,,,,,,,,,
1780988314947565148,,,,,,,,,,,
1780988315049558379,,,,,,,,,,,
1780988315146756980,,,,,,,,,,,
1780988315246228861,,,,,,,,,,,
1780988315345979400,,,,,,,,,,,
1780988315447558051,,,,,,,,,,,
1780988315545877181,,,,,,,,,,,
1780988315646224810,,,,,,,,,,,
1780988315746254737,,,,,,,,,,,
1780988315846010446,,,,,,,,,,,
1780988315945817148,,,,,,,,,,,
1780988316046265203,,,,,,,,,,,
1780988316146603091,,,,,,,,,,,
1780988316252506973,,,,,,,,,,,
1780988316355550192,,,,,,,,,,,
1780988316453783869,,,,,,,,,,,
1780988316552986959,,,,,,,,,,,
1780988316653693128,,,,,,,,,,,
1780988316753434753,,,,,,,,,,,
1780988316852922567,,,,,,,,,,,
1780988316953525241,,,,,,,,,,,
1780988317054551738,,,,,,,,,,,
1780988317153228430,,,,,,,,,,,
1780988317252964531,,,,,,,,,,,
1780988317353522563,,,,,,,,,,,
1780988317453540300,,,,,,,,,,,
1780988317553463797,,,,,,,,,,,
1780988317654532474,,,,,,,,,,,
1780988317753596343,,,,,,,,,,,
1780988317852892742,,,,,,,,,,,
1780988317953009321,,,,,,,,,,,
1780988318053262731,,,,,,,,,,,
1780988318152970800,,,,,,,,,,,
1780988318252911276,,,,,,,,,,,
1780988318352912933,,,,,,,,,,,
1780988318453198764,,,,,,,,,,,
1780988318553336966,,,,,,,,,,,
1780988318653709271,,,,,,,,,,,
1780988318753526409,,,,,,,,,,,
1780988318853617932,,,,,,,,,,,
1780988318954536758,,,,,,,,,,,
1780988319052896531,,,,,,,,,,,
1780988319154659941,,,,,,,,,,,
1780988319253730475,,,,,,,,,,,
1780988319353084805,,,,,,,,,,,
1780988319453164067,,,,,,,,,,,
1780988319552888424,,,,,,,,,,,
1780988319656563675,,,,,,,,,,,
1780988319753112348,,,,,,,,,,,
1780988319854536037,,,,,,,,,,,
1780988319953070833,,,,,,,,,,,
1780988320053819008,,,,,,,,,,,
1780988320153930704,,,,,,,,,,,
1780988320253683654,,,,,,,,,,,
1780988320353636949,,,,,,,,,,,
1780988320452995849,,,,,,,,,,,
1780988320552906085,,,,,,,,,,,
1780988320655542346,,,,,,,,,,,
1780988320753305507,,,,,,,,,,,
1780988320853708494,,,,,,,,,,,
1780988320953603504,,,,,,,,,,,
1780988321053768055,,,,,,,,,,,
1780988321153168128,,,,,,,,,,,
1780988321252908303,,,,,,,,,,,
1780988321353541997,,,,,,,,,,,
1780988321453021132,,,,,,,,,,,
1780988321553893314,,,,,,,,,,,
1780988321653028174,,,,,,,,,,,
1780988321755533861,,,,,,,,,,,
1780988321853692312,,,,,,,,,,,
1780988321953381506,,,,,,,,,,,
1780988322053399079,,,,,,,,,,,
1780988322153209127,,,,,,,,,,,
1780988322253516269,,,,,,,,,,,
1780988322352884400,,,,,,,,,,,
1780988322454533644,,,,,,,,,,,
1780988322553761159,,,,,,,,,,,
1780988322653131446,,,,,,,,,,,
1780988322754071803,,,,,,,,,,,
1780988322853455709,,,,,,,,,,,
1780988322952995586,,,,,,,,,,,
1780988323053110658,,,,,,,,,,,
1780988323153245097,,,,,,,,,,,
1780988323252892742,,,,,,,,,,,
1780988323353442756,,,,,,,,,,,
1780988323453483010,,,,,,,,,,,
1780988323553526051,,,,,,,,,,,
1780988323652889435,,,,,,,,,,,
1780988323752907024,,,,,,,,,,,
1780988323853478446,,,,,,,,,,,
1780988323953530411,,,,,,,,,,,
1780988324052902745,,,,,,,,,,,
1780988324155546009,,,,,,,,,,,
1780988324253185717,,,,,,,,,,,
1780988324352979090,,,,,,,,,,,
1780988324455355407,,,,,,,,,,,
1780988324552977203,,,,,,,,,,,
1780988324653318187,,,,,,,,,,,
1780988324758531995,,,,,,,,,,,
1780988324859009300,,,,,,,,,,,
1780988324960541463,,,,,,,,,,,
1780988325059376112,,,,,,,,,,,
1780988325158927092,,,,,,,,,,,
1780988325259036570,,,,,,,,,,,
1780988325360540353,,,,,,,,,,,
1780988325458999246,,,,,,,,,,,
1780988325559785987,,,,,,,,,,,
1780988325659297262,,,,,,,,,,,
1780988325759861175,,,,,,,,,,,
1780988325859262666,,,,,,,,,,,
1780988325959621066,,,,,,,,,,,
1780988326059046376,,,,,,,,,,,
1780988326159538707,,,,,,,,,,,
1780988326260418462,,,,,,,,,,,
1780988326359846800,,,,,,,,,,,
1780988326459395256,,,,,,,,,,,
1780988326559316418,,,,,,,,,,,
1780988326659087586,,,,,,,,,,,
1780988326759135124,,,,,,,,,,,
1780988326859542144,,,,,,,,,,,
1780988326959432840,,,,,,,,,,,
1780988327059024973,,,,,,,,,,,
1780988327158956836,,,,,,,,,,,
1780988327259719289,,,,,,,,,,,
1780988327359361887,,,,,,,,,,,
1780988327458991698,,,,,,,,,,,
1780988327559008519,,,,,,,,,,,
1780988327662539205,,,,,,,,,,,
1780988327760547490,,,,,,,,,,,
1780988327859282220,,,,,,,,,,,
1780988327959547348,,,,,,,,,,,
1780988328059004163,,,,,,,,,,,
1780988328160542867,,,,,,,,,,,
1780988328259394137,,,,,,,,,,,
1780988328359301265,,,,,,,,,,,
1780988328458991329,,,,,,,,,,,
1780988328560539716,,,,,,,,,,,
1780988328661542433,,,,,,,,,,,
1780988328759417166,,,,,,,,,,,
1780988328859001864,,,,,,,,,,,
1780988328959000139,,,,,,,,,,,
1780988329059187402,,,,,,,,,,,
1780988329160541537,,,,,,,,,,,
1780988329259286075,,,,,,,,,,,
1780988329359339514,,,,,,,,,,,
1780988329459899861,,,,,,,,,,,
1780988329560072769,,,,,,,,,,,
1780988329659308565,,,,,,,,,,,
1780988329760540739,,,,,,,,,,,
1780988329861550210,,,,,,,,,,,
1780988329959010239,,,,,,,,,,,
1780988330058929581,,,,,,,,,,,
1780988330159415552,,,,,,,,,,,
1780988330259541586,,,,,,,,,,,
1780988330362590122,,,,,,,,,,,
1780988330460540917,,,,,,,,,,,
1780988330559627313,,,,,,,,,,,
1780988330659435650,,,,,,,,,,,
1780988330759508790,,,,,,,,,,,
1780988330860543988,,,,,,,,,,,
1780988330958908334,,,,,,,,,,,
1780988331059538171,,,,,,,,,,,
1780988331159360476,,,,,,,,,,,
1780988331259631610,,,,,,,,,,,
1780988331362544400,,,,,,,,,,,
1780988331459458018,,,,,,,,,,,
1780988331559148550,,,,,,,,,,,
1780988331660555555,,,,,,,,,,,
1780988331759214573,,,,,,,,,,,
1780988331859528918,,,,,,,,,,,
1780988331958941114,,,,,,,,,,,
1780988332058928791,,,,,,,,,,,
1780988332159449346,,,,,,,,,,,
1780988332259868110,,,,,,,,,,,
1780988332359539968,,,,,,,,,,,
1780988332458939697,,,,,,,,,,,
1780988332559011511,,,,,,,,,,,
1780988332661106661,,,,,,,,,,,
1780988332759912248,,,,,,,,,,,
1780988332859624756,,,,,,,,,,,
1780988332959455597,,,,,,,,,,,
1780988333059022864,,,,,,,,,,,
1780988333160575964,,,,,,,,,,,
1780988333259830078,,,,,,,,,,,
1780988333359671510,,,,,,,,,,,
1780988333459300080,,,,,,,,,,,
1780988333560693324,,,,,,,,,,,
1780988333659507630,,,,,,,,,,,
1780988333758952517,,,,,,,,,,,
1780988333859293164,,,,,,,,,,,
1780988333959394914,,,,,,,,,,,
1780988334058964341,,,,,,,,,,,
1780988334159546236,,,,,,,,,,,
1780988334264755053,,,,,,,,,,,
1780988334365842233,,,,,,,,,,,
1780988334464836323,,,,,,,,,,,
1780988334566557911,,,,,,,,,,,
1780988334665664603,,,,,,,,,,,
1780988334765617013,,,,,,,,,,,
1780988334864943265,,,,,,,,,,,
1780988334965553385,,,,,,,,,,,
1780988335064944692,,,,,,,,,,,
1780988335165696822,,,,,,,,,,,
1780988335264913743,,,,,,,,,,,
1780988335365147287,,,,,,,,,,,
1780988335466555583,,,,,,,,,,,
1780988335566071020,,,,,,,,,,,
1780988335664901155,,,,,,,,,,,
1780988335766613794,,,,,,,,,,,
1780988335864908817,,,,,,,,,,,
1780988335965574918,,,,,,,,,,,
1780988336065238679,,,,,,,,,,,
1780988336165655300,,,,,,,,,,,
1780988336265560547,,,,,,,,,,,
1780988336365314438,,,,,,,,,,,
1780988336469559871,,,,,,,,,,,
1780988336565859130,,,,,,,,,,,
1780988336665374619,,,,,,,,,,,
1780988336764835988,,,,,,,,,,,
1780988336865796307,,,,,,,,,,,
1780988336965764390,,,,,,,,,,,
1780988337065616504,,,,,,,,,,,
1780988337165616429,,,,,,,,,,,
1780988337265299542,,,,,,,,,,,
1780988337364812577,,,,,,,,,,,
1780988337464882941,,,,,,,,,,,
1780988337565684493,,,,,,,,,,,
1780988337665557987,,,,,,,,,,,
1780988337765830403,,,,,,,,,,,
1780988337864911611,,,,,,,,,,,
1780988337965869395,,,,,,,,,,,
1780988338065236664,,,,,,,,,,,
1780988338166599761,,,,,,,,,,,
1780988338267595907,,,,,,,,,,,
1780988338365236570,,,,,,,,,,,
1780988338464937151,,,,,,,,,,,
1780988338564919954,,,,,,,,,,,
1780988338665293136,,,,,,,,,,,
1780988338765653692,,,,,,,,,,,
1780988338865556061,,,,,,,,,,,
1780988338964810745,,,,,,,,,,,
1780988339064943496,,,,,,,,,,,
1780988339165263778,,,,,,,,,,,
1780988339265826538,,,,,,,,,,,
1780988339365558766,,,,,,,,,,,
1780988339468541625,,,,,,,,,,,
1780988339565189994,,,,,,,,,,,
1780988339666563875,,,,,,,,,,,
1780988339765506396,,,,,,,,,,,
1780988339865574976,,,,,,,,,,,
1780988339965635610,,,,,,,,,,,
1780988340065727336,,,,,,,,,,,
1780988340165661091,,,,,,,,,,,
1780988340264915982,,,,,,,,,,,
1780988340366653004,,,,,,,,,,,
1780988340466575860,,,,,,,,,,,
1780988340565823930,,,,,,,,,,,
1780988340665421038,,,,,,,,,,,
1780988340765665336,,,,,,,,,,,
1780988340865388674,,,,,,,,,,,
1780988340965325907,,,,,,,,,,,
1780988341066563642,,,,,,,,,,,
1780988341166564743,,,,,,,,,,,
1780988341264897482,,,,,,,,,,,
1780988341367517233,,,,,,,,,,,
1780988341464833424,,,,,,,,,,,
1780988341565775558,,,,,,,,,,,
1780988341665418004,,,,,,,,,,,
1780988341764854003,,,,,,,,,,,
1780988341865446230,,,,,,,,,,,
1780988341965182781,,,,,,,,,,,
1780988342064905067,,,,,,,,,,,
1780988342165558832,,,,,,,,,,,
1780988342264841889,,,,,,,,,,,
1780988342365560045,,,,,,,,,,,
1780988342465454623,,,,,,,,,,,
1780988342565279218,,,,,,,,,,,
1780988342665371932,,,,,,,,,,,
1780988342765635468,,,,,,,,,,,
1780988342865687600,,,,,,,,,,,
1780988342965381486,,,,,,,,,,,
1780988343066555342,,,,,,,,,,,
1780988343165590508,,,,,,,,,,,
1780988343264896075,,,,,,,,,,,
1780988343365833987,,,,,,,,,,,
1780988343465341707,,,,,,,,,,,
1780988343564994466,,,,,,,,,,,
1780988343665578606,,,,,,,,,,,
1780988343765282139,,,,,,,,,,,
1780988343864856387,,,,,,,,,,,
1780988343965202923,,,,,,,,,,,
1780988344065400083,,,,,,,,,,,
1780988344165723291,,,,,,,,,,,
1780988344265555684,,,,,,,,,,,
1780988344364915042,,,,,,,,,,,
1780988344465677532,,,,,,,,,,,
1780988344565250433,,,,,,,,,,,
1780988344664805740,,,,,,,,,,,
1780988344764816158,,,,,,,,,,,
1780988344864880830,,,,,,,,,,,
1780988344965403875,,,,,,,,,,,
1780988345066559238,,,,,,,,,,,
1780988345164910470,,,,,,,,,,,
1780988345269569696,,,,,,,,,,,
1780988345367501678,,,,,,,,,,,
1780988345465412306,,,,,,,,,,,
1780988345565860990,,,,,,,,,,,
1780988345664814527,,,,,,,,,,,
1780988345765314689,,,,,,,,,,,
1780988345864807565,,,,,,,,,,,
1780988345965345173,,,,,,,,,,,
1780988346065862165,,,,,,,,,,,
1780988346165351046,,,,,,,,,,,
1780988346265571815,,,,,,,,,,,
1780988346365451004,,,,,,,,,,,
1780988346465563696,,,,,,,,,,,
1780988346565578312,,,,,,,,,,,
1780988346665294017,,,,,,,,,,,
1780988346765362529,,,,,,,,,,,
1780988346866570886,,,,,,,,,,,
1780988346968567914,,,,,,,,,,,
1780988347065865165,,,,,,,,,,,
1780988347165258676,,,,,,,,,,,
1780988347267507956,,,,,,,,,,,
1780988347365847881,,,,,,,,,,,
1780988347465692685,,,,,,,,,,,
1780988347565229108,,,,,,,,,,,
1780988347665310932,,,,,,,,,,,
1780988347765511741,,,,,,,,,,,
1780988347865327258,,,,,,,,,,,
1780988347965186024,,,,,,,,,,,
1780988348066645100,,,,,,,,,,,
1780988348164919031,,,,,,,,,,,
1780988348265567335,,,,,,,,,,,
1780988348368511735,,,,,,,,,,,
1780988348464886676,,,,,,,,,,,
1780988348566551648,,,,,,,,,,,
1780988348666550262,,,,,,,,,,,
1780988348765674687,,,,,,,,,,,
1780988348864974039,,,,,,,,,,,
1780988348964843369,,,,,,,,,,,
1780988349065622607,,,,,,,,,,,
1780988349165171079,,,,,,,,,,,
1780988349266557176,,,,,,,,,,,
1780988349364840646,,,,,,,,,,,
1780988349465230017,,,,,,,,,,,
1780988349565428647,,,,,,,,,,,
1780988349665557214,,,,,,,,,,,
1780988349765365929,,,,,,,,,,,
1780988349865664574,,,,,,,,,,,
1780988349964857210,,,,,,,,,,,
1780988350065172279,,,,,,,,,,,
1780988350165381321,,,,,,,,,,,
1780988350264889099,,,,,,,,,,,
1780988350365587867,,,,,,,,,,,
1780988350464819540,,,,,,,,,,,
1780988350565167991,,,,,,,,,,,
1780988350665735361,,,,,,,,,,,
1780988350765606208,,,,,,,,,,,
1780988350868554436,,,,,,,,,,,
1780988350964902509,,,,,,,,,,,
1780988351065332622,,,,,,,,,,,
1780988351165321562,,,,,,,,,,,
1780988351267564725,,,,,,,,,,,
1780988351364858517,,,,,,,,,,,
1780988351465353770,,,,,,,,,,,
1780988351565251103,,,,,,,,,,,
1780988351664799334,,,,,,,,,,,
1780988351765503084,,,,,,,,,,,
1780988351866013123,,,,,,,,,,,
1780988351965313336,,,,,,,,,,,
1780988352064888641,,,,,,,,,,,
1780988352167554933,,,,,,,,,,,
1780988352265304337,,,,,,,,,,,
1780988352365270351,,,,,,,,,,,
1780988352465276288,,,,,,,,,,,
1780988352565889761,,,,,,,,,,,
1780988352664813561,,,,,,,,,,,
1780988352764839404,,,,,,,,,,,
1780988352865295528,,,,,,,,,,,
1780988352964820314,,,,,,,,,,,
1780988353065499533,,,,,,,,,,,
1780988353164807649,,,,,,,,,,,
1780988353265261487,,,,,,,,,,,
1780988353365055562,,,,,,,,,,,
1780988353467558470,,,,,,,,,,,
1780988353564803705,,,,,,,,,,,
1780988353665371980,,,,,,,,,,,
1780988353765565933,,,,,,,,,,,
1780988353865384923,,,,,,,,,,,
1780988353965027573,,,,,,,,,,,
1780988354065643398,,,,,,,,,,,
1780988354165572264,,,,,,,,,,,
1780988354265420277,,,,,,,,,,,
1780988354364967288,,,,,,,,,,,
1780988354464816106,,,,,,,,,,,
1780988354565737482,,,,,,,,,,,
1780988354664983327,,,,,,,,,,,
1780988354765571264,,,,,,,,,,,
1780988354865581365,,,,,,,,,,,
1780988354967501625,,,,,,,,,,,
1780988355065282061,,,,,,,,,,,
1780988355165392674,,,,,,,,,,,
1780988355265212180,,,,,,,,,,,
1780988355365455996,,,,,,,,,,,
1780988355465325923,,,,,,,,,,,
1780988355565583065,,,,,,,,,,,
1780988355669561123,,,,,,,,,,,
1780988355765192119,,,,,,,,,,,
1780988355865269597,,,,,,,,,,,
1780988355965650277,,,,,,,,,,,
1780988356065172794,,,,,,,,,,,
1780988356164843512,,,,,,,,,,,
1780988356264963197,,,,,,,,,,,
1780988356365775965,,,,,,,,,,,
1780988356465270702,,,,,,,,,,,
1780988356567504695,,,,,,,,,,,
1780988356666533388,,,,,,,,,,,
1780988356767577497,,,,,,,,,,,
1780988356865399972,,,,,,,,,,,
1780988356965331066,,,,,,,,,,,
1780988357064805115,,,,,,,,,,,
1780988357164934513,,,,,,,,,,,
1780988357265286821,,,,,,,,,,,
1780988357365587822,,,,,,,,,,,
1780988357464819511,,,,,,,,,,,
1780988357564817830,,,,,,,,,,,
1780988357665049620,,,,,,,,,,,
1780988357765612859,,,,,,,,,,,
1780988357864910404,,,,,,,,,,,
1780988357968595969,,,,,,,,,,,
1780988358065744826,,,,,,,,,,,
1780988358165459407,,,,,,,,,,,
1780988358265301751,,,,,,,,,,,
1780988358365546151,,,,,,,,,,,
1780988358465006494,,,,,,,,,,,
1780988358568505607,,,,,,,,,,,
1780988358665206679,,,,,,,,,,,
1780988358765243966,,,,,,,,,,,
1780988358866564151,,,,,,,,,,,
1780988358964962710,,,,,,,,,,,
1780988359065748496,,,,,,,,,,,
1780988359165374785,,,,,,,,,,,
1780988359265589950,,,,,,,,,,,
1780988359365562788,,,,,,,,,,,
1780988359466564366,,,,,,,,,,,
1780988359565288384,,,,,,,,,,,
1780988359666552093,,,,,,,,,,,
1780988359765561652,,,,,,,,,,,
1780988359864839966,,,,,,,,,,,
1780988359965771248,,,,,,,,,,,
1780988360064952310,,,,,,,,,,,
1780988360165555705,,,,,,,,,,,
1780988360265495908,,,,,,,,,,,
1780988360365289873,,,,,,,,,,,
1780988360465858474,,,,,,,,,,,
1780988360566560002,,,,,,,,,,,
1780988360665691994,,,,,,,,,,,
1780988360765705965,,,,,,,,,,,
1780988360865385052,,,,,,,,,,,
1780988360965570942,,,,,,,,,,,
1780988361065723378,,,,,,,,,,,
1780988361165302760,,,,,,,,,,,
1780988361266558924,,,,,,,,,,,
1780988361365009047,,,,,,,,,,,
1780988361465651510,,,,,,,,,,,
1780988361571499921,,,,,,,,,,,
1780988361673521039,,,,,,,,,,,
1780988361772416912,,,,,,,,,,,
1780988361871931830,,,,,,,,,,,
1780988361972749279,,,,,,,,,,,
1780988362073616249,,,,,,,,,,,
1780988362172792615,,,,,,,,,,,
1780988362272382295,,,,,,,,,,,
1780988362372327950,,,,,,,,,,,
1780988362474541211,,,,,,,,,,,
1780988362572002598,,,,,,,,,,,
1780988362672603331,,,,,,,,,,,
1780988362771933947,,,,,,,,,,,
1780988362872533710,,,,,,,,,,,
1780988362974536047,,,,,,,,,,,
1780988363072740791,,,,,,,,,,,
1780988363172045011,,,,,,,,,,,
1780988363272329864,,,,,,,,,,,
1780988363372284115,,,,,,,,,,,
1780988363472625746,,,,,,,,,,,
1780988363572263463,,,,,,,,,,,
1780988363673572628,,,,,,,,,,,
1780988363772676690,,,,,,,,,,,
1780988363872380495,,,,,,,,,,,
1780988363973567170,,,,,,,,,,,
1780988364073513473,,,,,,,,,,,
1780988364174531976,,,,,,,,,,,
1780988364272272555,,,,,,,,,,,
1780988364372180259,,,,,,,,,,,
1780988364472009358,,,,,,,,,,,
1780988364572711455,,,,,,,,,,,
1780988364672411378,,,,,,,,,,,
1780988364772259503,,,,,,,,,,,
1780988364872260185,,,,,,,,,,,
1780988364973541115,,,,,,,,,,,
1780988365071993657,,,,,,,,,,,
1780988365171919678,,,,,,,,,,,
1780988365273541501,,,,,,,,,,,
1780988365371929127,,,,,,,,,,,
1780988365471940967,,,,,,,,,,,
1780988365571944521,,,,,,,,,,,
1780988365674540987,,,,,,,,,,,
1780988365772436906,,,,,,,,,,,
1780988365872693274,,,,,,,,,,,
1780988365971944970,,,,,,,,,,,
1780988366072203633,,,,,,,,,,,
1780988366171889849,,,,,,,,,,,
1780988366272537141,,,,,,,,,,,
1780988366372278401,,,,,,,,,,,
1780988366473596734,,,,,,,,,,,
1780988366572248250,,,,,,,,,,,
1780988366674604940,,,,,,,,,,,
1780988366771970836,,,,,,,,,,,
1780988366872880629,,,,,,,,,,,
1780988366971874137,,,,,,,,,,,
1780988367072874984,,,,,,,,,,,
1780988367171906160,,,,,,,,,,,
1780988367272317713,,,,,,,,,,,
1780988367372790558,,,,,,,,,,,
1780988367472039881,,,,,,,,,,,
1780988367573605541,,,,,,,,,,,
1780988367672522064,,,,,,,,,,,
1780988367772288735,,,,,,,,,,,
1780988367872331903,,,,,,,,,,,
1780988367973541931,,,,,,,,,,,
1780988368072375162,,,,,,,,,,,
1780988368172202701,,,,,,,,,,,
1780988368272079796,,,,,,,,,,,
1780988368375713413,,,,,,,,,,,
1780988368472384577,,,,,,,,,,,
1780988368573518354,,,,,,,,,,,
1780988368672198171,,,,,,,,,,,
1780988368772379497,,,,,,,,,,,
1780988368871933650,,,,,,,,,,,
1780988368973543490,,,,,,,,,,,
1780988369072670066,,,,,,,,,,,
1780988369171897939,,,,,,,,,,,
1780988369272189029,,,,,,,,,,,
1780988369372299794,,,,,,,,,,,
1780988369472744021,,,,,,,,,,,
1780988369574611629,,,,,,,,,,,
1780988369672571963,,,,,,,,,,,
1780988369773525208,,,,,,,,,,,
1780988369872664836,,,,,,,,,,,
1780988369974531176,,,,,,,,,,,
1780988370072352373,,,,,,,,,,,
1780988370171905799,,,,,,,,,,,
1780988370274537463,,,,,,,,,,,
1780988370371999372,,,,,,,,,,,
1780988370473544974,,,,,,,,,,,
1780988370571950636,,,,,,,,,,,
1780988370671911386,,,,,,,,,,,
1780988370772046116,,,,,,,,,,,
1780988370872500042,,,,,,,,,,,
1780988370972715780,,,,,,,,,,,
1780988371072345626,,,,,,,,,,,
1780988371172855097,,,,,,,,,,,
1780988371272672436,,,,,,,,,,,
1780988371372000598,,,,,,,,,,,
1780988371471985348,,,,,,,,,,,
1780988371572657105,,,,,,,,,,,
1780988371671892577,,,,,,,,,,,
1780988371774538140,,,,,,,,,,,
1780988371872295165,,,,,,,,,,,
1780988371972029951,,,,,,,,,,,
1780988372071889606,,,,,,,,,,,
1780988372173544192,,,,,,,,,,,
1780988372272337861,,,,,,,,,,,
1780988372372460859,,,,,,,,,,,
1780988372472155433,,,,,,,,,,,
1780988372572015847,,,,,,,,,,,
1780988372671917525,,,,,,,,,,,
1780988372774539465,,,,,,,,,,,
1780988372872487816,,,,,,,,,,,
1780988372972553558,,,,,,,,,,,
1780988373072544767,,,,,,,,,,,
1780988373177543109,,,,,,,,,,,
1780988373278406230,,,,,,,,,,,
1780988373378525498,,,,,,,,,,,
1780988373477927090,,,,,,,,,,,
1780988373579535759,,,,,,,,,,,
1780988373679481911,,,,,,,,,,,
1780988373778235176,,,,,,,,,,,
1780988373878044564,,,,,,,,,,,
1780988373979541713,,,,,,,,,,,
1780988374078258663,,,,,,,,,,,
1780988374177943525,,,,,,,,,,,
1780988374279537675,,,,,,,,,,,
1780988374378323899,,,,,,,,,,,
1780988374478047204,,,,,,,,,,,
1780988374581304342,,,,,,,,,,,
1780988374679571668,,,,,,,,,,,
1780988374778342736,,,,,,,,,,,
1780988374878360706,,,,,,,,,,,
1780988374978542997,,,,,,,,,,,
1780988375077954695,,,,,,,,,,,
1780988375179144720,,,,,,,,,,,
1780988375278350863,,,,,,,,,,,
1780988375378499887,,,,,,,,,,,
1780988375478359164,,,,,,,,,,,
1780988375578310828,,,,,,,,,,,
1780988375678628984,,,,,,,,,,,
1780988375778484457,,,,,,,,,,,
1780988375878549343,,,,,,,,,,,
1780988375978422296,,,,,,,,,,,
1780988376077967257,,,,,,,,,,,
1780988376178893049,,,,,,,,,,,
1780988376278515456,,,,,,,,,,,
1780988376378620936,,,,,,,,,,,
1780988376481547527,,,,,,,,,,,
1780988376577975895,,,,,,,,,,,
1780988376678321978,,,,,,,,,,,
1780988376782562544,,,,,,,,,,,
1780988376883345560,,,,,,,,,,,
1780988376983574594,,,,,,,,,,,
1780988377083690373,,,,,,,,,,,
1780988377183095384,,,,,,,,,,,
1780988377284073125,,,,,,,,,,,
1780988377382952357,,,,,,,,,,,
1780988377485997344,,,,,,,,,,,
1780988377583348029,,,,,,,,,,,
1780988377684577783,,,,,,,,,,,
1780988377783618859,,,,,,,,,,,
1780988377883347805,,,,,,,,,,,
1780988377983105321,,,,,,,,,,,
1780988378083350649,,,,,,,,,,,
1780988378183098207,,,,,,,,,,,
1780988378283454032,,,,,,,,,,,
1780988378383245974,,,,,,,,,,,
1780988378486715457,,,,,,,,,,,
1780988378585704683,,,,,,,,,,,
1780988378683236688,,,,,,,,,,,
1780988378785703614,,,,,,,,,,,
1780988378884357178,,,,,,,,,,,
1780988378984582132,,,,,,,,,,,
1780988379083409091,,,,,,,,,,,
1780988379184658515,,,,,,,,,,,
1780988379283554837,,,,,,,,,,,
1780988379383769402,,,,,,,,,,,
1780988379482929821,,,,,,,,,,,
1780988379583203656,,,,,,,,,,,
1780988379683940033,,,,,,,,,,,
1780988379783478545,,,,,,,,,,,
1780988379883736178,,,,,,,,,,,
1780988379983406561,,,,,,,,,,,
1780988380082934205,,,,,,,,,,,
1780988380187189023,,,,,,,,,,,
1780988380287705733,,,,,,,,,,,
1780988380388839049,,,,,,,,,,,
1780988380488781244,,,,,,,,,,,
1780988380587946403,,,,,,,,,,,
1780988380690513136,,,,,,,,,,,
1780988380788435792,,,,,,,,,,,
1780988380888302181,,,,,,,,,,,
1780988380988633521,,,,,,,,,,,
1780988381088503699,,,,,,,,,,,
1780988381187963647,,,,,,,,,,,
1780988381288277247,,,,,,,,,,,
1780988381388639000,,,,,,,,,,,
1780988381490605737,,,,,,,,,,,
1780988381588741663,,,,,,,,,,,
1780988381688514716,,,,,,,,,,,
1780988381790182458,,,,,,,,,,,
1780988381887896177,,,,,,,,,,,
1780988381988297545,,,,,,,,,,,
1780988382087948498,,,,,,,,,,,
1780988382188332938,,,,,,,,,,,
1780988382288349310,,,,,,,,,,,
1780988382387909937,,,,,,,,,,,
1780988382488329903,,,,,,,,,,,
1780988382590520368,,,,,,,,,,,
1780988382688814647,,,,,,,,,,,
1780988382788525518,,,,,,,,,,,
1780988382888329964,,,,,,,,,,,
1780988382988335331,,,,,,,,,,,
1780988383087905903,,,,,,,,,,,
1780988383188065277,,,,,,,,,,,
1780988383288574934,,,,,,,,,,,
1780988383388568171,,,,,,,,,,,
1780988383488490827,,,,,,,,,,,
1780988383587895135,,,,,,,,,,,
1780988383688443522,,,,,,,,,,,
1780988383788810059,,,,,,,,,,,
1780988383888458296,,,,,,,,,,,
1780988383987932635,,,,,,,,,,,
1780988384088510916,,,,,,,,,,,
1780988384187966805,,,,,,,,,,,
1780988384288298674,,,,,,,,,,,
1780988384388139521,,,,,,,,,,,
1780988384488966367,,,,,,,,,,,
1780988384588452626,,,,,,,,,,,
1780988384690570606,,,,,,,,,,,
1780988384788707911,,,,,,,,,,,
1780988384888383685,,,,,,,,,,,
1780988384987896914,,,,,,,,,,,
1780988385088753762,,,,,,,,,,,
1780988385188856697,,,,,,,,,,,
1780988385288781678,,,,,,,,,,,
1780988385389536186,,,,,,,,,,,
1780988385488573998,,,,,,,,,,,
1780988385588637970,,,,,,,,,,,
1780988385691548639,,,,,,,,,,,
1780988385787997548,,,,,,,,,,,
1780988385888508348,,,,,,,,,,,
1780988385987978777,,,,,,,,,,,
1780988386088241335,,,,,,,,,,,
1780988386188256896,,,,,,,,,,,
1780988386288307248,,,,,,,,,,,
1780988386388263943,,,,,,,,,,,
1780988386488892754,,,,,,,,,,,
1780988386588788978,,,,,,,,,,,
1780988386688229436,,,,,,,,,,,
1780988386789120451,,,,,,,,,,,
1780988386888549621,,,,,,,,,,,
1780988386988943970,,,,,,,,,,,
1780988387088840870,,,,,,,,,,,
1780988387188383398,,,,,,,,,,,
1780988387289556928,,,,,,,,,,,
1780988387388281997,,,,,,,,,,,
1780988387488071101,,,,,,,,,,,
1780988387590537086,,,,,,,,,,,
1780988387687958458,,,,,,,,,,,
1780988387788411980,,,,,,,,,,,
1780988387888112919,,,,,,,,,,,
1780988387988759898,,,,,,,,,,,
1780988388088006989,,,,,,,,,,,
1780988388188244848,,,,,,,,,,,
1780988388288614889,,,,,,,,,,,
1780988388388652891,,,,,,,,,,,
1780988388488137145,,,,,,,,,,,
1780988388587917625,,,,,,,,,,,
1780988388688015329,,,,,,,,,,,
1780988388788513704,,,,,,,,,,,
1780988388888359361,,,,,,,,,,,
1780988388990541103,,,,,,,,,,,
1780988389088891263,,,,,,,,,,,
1780988389188391257,,,,,,,,,,,
1780988389289555970,,,,,,,,,,,
1780988389387923714,,,,,,,,,,,
1780988389488707414,,,,,,,,,,,
1780988389588754312,,,,,,,,,,,
1780988389688327103,,,,,,,,,,,
1780988389787908372,,,,,,,,,,,
1780988389888070002,,,,,,,,,,,
1780988389988123218,,,,,,,,,,,
1780988390087902956,,,,,,,,,,,
1780988390188240502,,,,,,,,,,,
1780988390287932618,,,,,,,,,,,
1780988390389765175,,,,,,,,,,,
1780988390488532602,,,,,,,,,,,
1780988390588787056,,,,,,,,,,,
1780988390688043794,,,,,,,,,,,
1780988390788252951,,,,,,,,,,,
1780988390888638058,,,,,,,,,,,
1780988390987946245,,,,,,,,,,,
1780988391089550215,,,,,,,,,,,
1780988391188138288,,,,,,,,,,,
1780988391287903451,,,,,,,,,,,
1780988391388621395,,,,,,,,,,,
1780988391488387419,,,,,,,,,,,
1780988391592745765,,,,,,,,,,,
1780988391693067298,,,,,,,,,,,
1780988391792988393,,,,,,,,,,,
1780988391893862146,,,,,,,,,,,
1780988391993753140,,,,,,,,,,,
1780988392094549553,,,,,,,,,,,
1780988392192965919,,,,,,,,,,,
1780988392294554792,,,,,,,,,,,
1780988392393548988,,,,,,,,,,,
1780988392496539486,,,,,,,,,,,
1780988392593270837,,,,,,,,,,,
1780988392694512521,,,,,,,,,,,
1780988392793548318,,,,,,,,,,,
1780988392892920405,,,,,,,,,,,
1780988392992911532,,,,,,,,,,,
1780988393096559345,,,,,,,,,,,
1780988393193832110,,,,,,,,,,,
1780988393292981036,,,,,,,,,,,
1780988393393538478,,,,,,,,,,,
1780988393495544433,,,,,,,,,,,
1780988393593501222,,,,,,,,,,,
1780988393692890943,,,,,,,,,,,
1780988393792888338,,,,,,,,,,,
1780988393893614047,,,,,,,,,,,
1780988393993369091,,,,,,,,,,,
1780988394094536084,,,,,,,,,,,
1780988394193257367,,,,,,,,,,,
1780988394293445832,,,,,,,,,,,
1780988394392906035,,,,,,,,,,,
1780988394494091883,,,,,,,,,,,
1780988394593864881,,,,,,,,,,,
1780988394692976897,,,,,,,,,,,
1780988394792935616,,,,,,,,,,,
1780988394894054238,,,,,,,,,,,
1780988394993247460,,,,,,,,,,,
1780988395094584794,,,,,,,,,,,
1780988395193855669,,,,,,,,,,,
1780988395292908445,,,,,,,,,,,
1780988395394538681,,,,,,,,,,,
1780988395495241944,,,,,,,,,,,
1780988395593929613,,,,,,,,,,,
1780988395696971881,,,,,,,,,,,
1780988395792979697,,,,,,,,,,,
1780988395893769567,,,,,,,,,,,
1780988395993635693,,,,,,,,,,,
1780988396095549838,,,,,,,,,,,
1780988396195538761,,,,,,,,,,,
1780988396293171831,,,,,,,,,,,
1780988396393301258,,,,,,,,,,,
1780988396492899209,,,,,,,,,,,
1780988396592928954,,,,,,,,,,,
1780988396692969311,,,,,,,,,,,
1780988396793405473,,,,,,,,,,,
1780988396893214643,,,,,,,,,,,
1780988396993099141,,,,,,,,,,,
1780988397094542583,,,,,,,,,,,
1780988397193794921,,,,,,,,,,,
1780988397293116009,,,,,,,,,,,
1780988397393834107,,,,,,,,,,,
1780988397493356029,,,,,,,,,,,
1780988397593879491,,,,,,,,,,,
1780988397693121106,,,,,,,,,,,
1780988397794583463,,,,,,,,,,,
1780988397893536908,,,,,,,,,,,
1780988397992934911,,,,,,,,,,,
1780988398093069833,,,,,,,,,,,
1780988398195524380,,,,,,,,,,,
1780988398295543164,,,,,,,,,,,
1780988398393359551,,,,,,,,,,,
1780988398494700880,,,,,,,,,,,
1780988398593803465,,,,,,,,,,,
1780988398693234629,,,,,,,,,,,
1780988398793393443,,,,,,,,,,,
1780988398893546701,,,,,,,,,,,
1780988398993038233,,,,,,,,,,,
1780988399094603342,,,,,,,,,,,
1780988399194623818,,,,,,,,,,,
1780988399293532161,,,,,,,,,,,
1780988399393738087,,,,,,,,,,,
1780988399493288167,,,,,,,,,,,
1780988399593065292,,,,,,,,,,,
1780988399693628059,,,,,,,,,,,
1780988399792945564,,,,,,,,,,,
1780988399893475677,,,,,,,,,,,
1780988399993533334,,,,,,,,,,,
