timestamp_ns,joint_1_pos,joint_2_pos,joint_3_pos,joint_4_pos,joint_5_pos,joint_6_pos,joint_1_vel,joint_2_vel,joint_3_vel,joint_4_vel,joint_5_vel,joint_6_vel,joint_1_current,joint_2_current,joint_3_current,joint_4_current,joint_5_current,joint_6_current,joint_1_temp,joint_2_temp,joint_3_temp,joint_4_temp,joint_5_temp,joint_6_temp,bus_voltage,bus_current,accel_x,accel_y,accel_z,timestamp_ns
1781028000093924384,0.0004005787116058362,57.26143466953725,103.1320634498902,-0.001371777291868791,-0.014571853301920798,-0.00030058895931790595,0.0015817810677467813,-0.004239836194285584,-0.0031037390200620877,0.017452562176062336,0.003502014010314575,-0.0038637332111184568,0.010157395681091115,5.93220623383453,2.769159773388856,0.38259335396024546,0.31999817259905916,0.12377653728290389,25.0,25.0,25.0,25.0,25.0,25.0,24.0,9.538,0.0,0.0,1.0,1781028000088116455
1781028000194126846,0.00040051631125439537,57.26143447011429,103.13206298584927,-0.0013714361883305673,-0.01457155728340232,-0.0003005853076826927,0.001582045141341857,-0.004240380447269814,-0.003104073204375377,0.01745537098510679,0.0035024258897733687,-0.003864320317887681,0.01014252155180569,5.932205905450847,2.769157075218777,0.38259573154322846,0.31999870759148225,0.12377721585547748,25.0,25.0,25.0,25.0,25.0,25.0,24.0,9.538,0.0,0.0,1.0,1781028000176396645
1781028000293402677,0.0003938419027802072,57.26145188196744,103.13207531785852,-0.001443738493745932,-0.014585767937891712,-0.0002844761386350183,-0.0015838861270004417,0.004236298243008175,0.003093364771791268,-0.017450829908565384,-0.003495851019770716,0.00386516836877753,0.01733055354269884,5.940630291934684,2.771831151969581,0.3812025766437891,0.31927071696771236,0.12343195829474142,25.0,25.0,25.0,25.0,25.0,25.0,24.0,9.554,0.0,0.0,1.0,1781028000274263834
1781028000394302731,0.0004003603020040286,57.26143397128481,103.13206182521132,-0.001370582893643218,-0.014570816676206936,-0.0003005764475303772,0.001582705325897422,-0.004241738231142446,-0.0031049064695622512,0.017462390343131844,0.0035034541635037475,-0.00386578735880818,0.010105333801392403,5.932205087965668,2.7691503292110515,0.38260167567813336,0.32000004615745936,0.12377891239320923,25.0,25.0,25.0,25.0,25.0,25.0,24.0,9.538,0.0,0.0,1.0,1781028000383921342
1781028000494130350,0.0003936831365458184,57.261451388583495,103.13207416028722,-0.0014429140394437146,-0.014585031193822175,-0.0002844613680895603,-0.0015845464276698642,0.004237650153397041,0.003094189043705287,-0.017457839927652003,-0.003496870535824875,0.003866631176874764,0.017298314579299062,5.940629672712303,2.771825774182379,0.38120782598850034,0.31927074563754726,0.12343343005972668,25.0,25.0,25.0,25.0,25.0,25.0,24.0,9.554,0.0,0.0,1.0,1781028000475267547
1781028000593526762,0.0004002042808254154,57.261433472064,103.13206066380664,-0.0013697288316060923,-0.014570075266980004,-0.0003005679722791159,0.0015833655152627996,-0.0042430919386460255,-0.003105736591694614,0.01746940591902831,0.003504480403685881,-0.003867253367924719,0.010068142538359706,5.932204275435853,2.769143582356699,0.3826076200665033,0.3200013862804604,0.12378060908265676,25.0,25.0,25.0,25.0,25.0,25.0,24.0,9.538,0.0,0.0,1.0,1781028000586181411
1781028000693751211,0.00039352435837228223,57.26145089478946,103.13207300193515,-0.001442088800874699,-0.014584293638770162,-0.00028444698718969234,-0.0015852067332610836,0.004238997941779329,0.0030950101469185433,-0.017464846135966,-0.0034978880061583813,0.0038680929430447543,0.017266074922439048,5.940629048053943,2.771820396353335,0.3812130757505072,0.3192707727794528,0.12343490186923596,25.0,25.0,25.0,25.0,25.0,25.0,24.0,9.554,0.0,0.0,1.0,1781028000677522114
1781028000793829936,0.0004000645419411934,57.26143320515083,103.13205964430207,-0.0013689239778453069,-0.014569385871480534,-0.000300539246147079,0.001582374081238297,-0.00424571895402842,-0.0031075870195375415,0.017465662594755935,0.0035043569013488898,-0.0038661974958346702,0.010034257640304856,5.9322013626556895,2.769138798435435,0.3826125585885289,0.32000055620003454,0.12378194805392216,25.0,25.0,25.0,25.0,25.0,25.0,24.0,9.538,0.0,0.0,1.0,1781028000783601799
1781028000893815006,0.0003934536312028717,57.26145116940431,103.1320723338557,-0.0014411605675063934,-0.014583721520138477,-0.00028441589441281545,-0.0015810820979764654,0.004257286755174071,0.003107027481226967,-0.017449588190318253,-0.003499870373374313,0.00386511639142948,0.017226438806030826,5.940631759891696,2.771810539274631,0.38122056459784853,0.3192754833965682,0.12343715446010044,25.0,25.0,25.0,25.0,25.0,25.0,24.0,9.554,0.0,0.0,1.0,1781028000881794631
1781028000993612425,0.00040002712960509815,57.261433693443706,103.13205912939648,-0.0013678733081921503,-0.01456887483592723,-0.00030051285405046946,0.0015802708095555423,-0.004261748789849789,-0.0031179598255124,0.01746572173817052,0.003507403544635069,-0.0038662092235110974,0.010004874981547198,5.93219607838214,2.7691356204324427,0.3826164259445024,0.3199978371723965,0.12378292156519762,25.0,25.0,25.0,25.0,25.0,25.0,24.0,9.538,0.0,0.0,1.0,1781028000982620853
1781028001094060309,0.00039344761904825846,57.26145171300645,103.1320718702251,-0.001439926985470192,-0.014583214496771753,-0.00028442606855580866,-0.0015775784129550385,0.0042688674508827,0.0031166475454267174,-0.017438104269334603,-0.003502702972117633,0.003862739769864057,0.017195876360975925,5.940654695719859,2.7718086656872187,0.38122544398690217,0.31927722296957806,0.12343870960370248,25.0,25.0,25.0,25.0,25.0,25.0,24.0,9.554,0.0,0.0,1.0,1781028001079305137
1781028001197051273,0.0003999401691273497,57.2614343943057,103.13205877940688,-0.0013674686852373464,-0.014568519946095017,-0.0003003404699970062,0.0015508196862561734,-0.004195341357089194,-0.0030762768102233083,0.017166155232174424,0.0034560352101433785,-0.003800410004846743,0.00996125476439528,5.932195015533745,2.7691476184866866,0.38261720428910695,0.31998193191616947,0.12378250224411518,25.0,25.0,25.0,25.0,25.0,25.0,24.0,9.538,0.0,0.0,1.0,1781028001193026556
1781028001294027064,0.0003932657428514472,57.261452831070365,103.1320716786717,-0.0014404805657878064,-0.01458295670650647,-0.0002840473785775791,-0.0015540084210811608,0.0042337498494011755,0.0030542780819725218,-0.01713196900926092,-0.0034158953845327953,0.003793909919273259,0.016962123827810583,5.940239892697179,2.771635246829688,0.3812877111881367,0.3193426261330051,0.12345554454862732,25.0,25.0,25.0,25.0,25.0,25.0,24.0,9.553,0.0,0.0,1.0,1781028001285900585
1781028001394218401,0.0003932167018589729,57.26145311225994,103.1320715562767,-0.0014404577265739796,-0.014582848514345144,-0.00028394877731733833,-0.0015720160399638175,0.004297915634819768,0.0031024115653145775,-0.017350826917416233,-0.0034639823445893818,0.003842529846328689,0.01698437797968877,5.940315219688497,2.771662599743647,0.3812799003123117,0.3193315730267842,0.12345348952453422,25.0,25.0,25.0,25.0,25.0,25.0,24.0,9.553,0.0,0.0,1.0,1781028001370769428
1781028001494017156,0.00039357585980086994,57.26145224921107,103.13207065398215,-0.0014359502274228016,-0.014581954034456805,-0.00028478269454332956,-0.0015686831086046617,0.004280824755943707,0.003153178457714411,-0.017442281340216987,-0.0035341535833936025,0.003864828644320152,0.017234389341825203,5.940953169450918,2.77190780028301,0.3812035050596249,0.3192410131538649,0.12343323195044129,25.0,25.0,25.0,25.0,25.0,25.0,24.0,9.554,0.0,0.0,1.0,1781028001489090192
1781028001593543441,0.0003935725701240338,57.26145248734449,103.13207048061652,-0.0014354841084536732,-0.014581757463372752,-0.0002847809148844522,-0.0015673682448460915,0.004285800650550666,0.0031565350057817044,-0.017437373614629572,-0.0035346083170819964,0.0038637819263619626,0.01722321137853922,5.940956624382614,2.7719034907574183,0.3812060768914245,0.3192436575465413,0.12343407171322014,25.0,25.0,25.0,25.0,25.0,25.0,24.0,9.554,0.0,0.0,1.0,1781028001572782011
1781028001693569925,0.0003997122686668157,57.2614360263177,103.13205791317816,-0.0013666455249494137,-0.014567678642099324,-0.00029990058967360305,0.0014768330338650263,-0.004023921209076447,-0.0029685969917517797,0.01640914048101627,0.003325508843896811,-0.003634084558453795,0.009854525466464571,5.932194868436301,2.769180447335323,0.3826184289425141,0.31994076541926264,0.12378121434935983,25.0,25.0,25.0,25.0,25.0,25.0,24.0,9.538,0.0,0.0,1.0,1781028001673973338
1781028001794356380,0.000400057744379056,57.26143527767765,103.13205683277576,-0.0013617993308962298,-0.01456651500659303,-0.0003008145220132803,0.001641764450483982,-0.004537481777005,-0.0032909479804610494,0.018226774654377192,0.003656510287943201,-0.004033740590735012,0.0099557515362995,5.932194175144698,2.769083281445667,0.382637137059135,0.32002725744450383,0.12379015327561951,25.0,25.0,25.0,25.0,25.0,25.0,24.0,9.538,0.0,0.0,1.0,1781028001794128614
1781028001894069188,0.0004000421132684749,57.26143550873644,103.13205665549036,-0.0013614270604363965,-0.01456633035421354,-0.0003007922183424045,0.0016383610355486182,-0.004536209922450293,-0.003290330501754702,0.0181987815533127,0.0036527543487748994,-0.004027620688213164,0.00994221532606319,5.932192131115301,2.7690833527321947,0.3826384716269973,0.3200249360671514,0.1237904303784854,25.0,25.0,25.0,25.0,25.0,25.0,24.0,9.538,0.0,0.0,1.0,1781028001874096682
1781028001993394387,0.00039351980769051473,57.26145375511184,103.13206965284576,-0.0014335025635757066,-0.014580826089732933,-0.00028469560506433393,-0.001560943573562265,0.0043126752786124345,0.003170506032914223,-0.01740606182864921,-0.003532291102286279,0.0038569321711197577,0.017126973780306788,5.940923517935409,2.771869142670914,0.38122581523850224,0.31925823599044006,0.12343982492867596,25.0,25.0,25.0,25.0,25.0,25.0,24.0,9.554,0.0,0.0,1.0,1781028001986923213
1781028002094185527,0.0003996812377705689,57.26143704349118,103.1320569236691,-0.0013642394059202134,-0.014566642649811033,-0.00029990953718489276,0.0014816043239844665,-0.004083691212189201,-0.0030072513430610777,0.016507926934255148,0.003350226203510782,-0.003655995545836025,0.009800264369123105,5.932182852231176,2.7691683108373915,0.3826274890543907,0.3199403213977588,0.12378372846567164,25.0,25.0,25.0,25.0,25.0,25.0,24.0,9.538,0.0,0.0,1.0,1781028002079227839
1781028002196120178,0.00039320969823823193,57.26145527165454,103.13206968443968,-0.0014354091563968338,-0.01458079149505087,-0.00028402026599045303,-0.0015513899211373268,0.004315944994552286,0.003119471538151663,-0.017218786680185658,-0.003455306955756289,0.003813846006155206,0.016847615945251755,5.940371893753857,2.7716407126624727,0.38130378522582054,0.3193440721390139,0.12346089148630196,25.0,25.0,25.0,25.0,25.0,25.0,24.0,9.553,0.0,0.0,1.0,1781028002181039420
1781028002294059070,0.0003999658821099243,57.261436663281266,103.13205576765095,-0.0013595551445924551,-0.01456540477702756,-0.0003006834579335765,0.0016218992364876973,-0.004531388939819225,-0.0032884241242777047,0.018065106858875826,0.003635298949462882,-0.003998416516016452,0.009872930825753964,5.932180088056355,2.769083395681776,0.3826454094284345,0.3200132644175144,0.1237918725024193,25.0,25.0,25.0,25.0,25.0,25.0,24.0,9.538,0.0,0.0,1.0,1781028002281841573
1781028002394651319,0.00039347049152420354,57.26145502144905,103.13206882375732,-0.0014315035440833606,-0.01457989200461238,-0.0002846147817815211,-0.001554538313521488,0.004339394435168394,0.0031846120602799987,-0.017375311857951416,-0.0035302575121974188,0.003850215936831246,0.0170330522581691,5.940893304010092,2.7718355044593164,0.38124514596317777,0.31927276130775883,0.12344548664238826,25.0,25.0,25.0,25.0,25.0,25.0,24.0,9.554,0.0,0.0,1.0,1781028002384083247
1781028002493734179,0.0003996507871908421,57.261438065008136,103.13205593584205,-0.001361843256751236,-0.014565607966989243,-0.0002999170055175785,0.0014860776614336096,-0.0041425452272249134,-0.0030453346243443443,0.016603447043615237,0.0033743566334323532,-0.0036771911898657054,0.00974582280735964,5.932170787628538,2.7691562939331935,0.3826365372000641,0.31993974290057314,0.1237862329800722,25.0,25.0,25.0,25.0,25.0,25.0,24.0,9.537,0.0,0.0,1.0,1781028002490511324
1781028002594240815,0.000393202827379769,57.26145640755519,103.1320687885721,-0.0014329827538257609,-0.014579793009784755,-0.00028403317154910754,-0.0015457957862876045,0.004343328667954619,0.0031415723181219303,-0.01721144289511008,-0.003464028265441534,0.003812562830240176,0.016787768281596373,5.940420062901476,2.771637810598609,0.3813131581358758,0.3193472685496152,0.12346390143669028,25.0,25.0,25.0,25.0,25.0,25.0,24.0,9.553,0.0,0.0,1.0,1781028002586369787
1781028002693778524,0.0003998906487609193,57.261437819536525,103.1320548795602,-0.0013576863463305895,-0.014564478860031512,-0.00030057472449288654,0.0016054427909785987,-0.004526630197661139,-0.003286565279500091,0.01793152947213548,0.0036178837733915536,-0.003969239547130211,0.009803621445725923,5.93216799333946,2.7690834298589873,0.38265237217606807,0.32000158609729834,0.12379332076058704,25.0,25.0,25.0,25.0,25.0,25.0,24.0,9.538,0.0,0.0,1.0,1781028002684312693
1781028002794197257,0.00039342210304306186,57.26145628938396,103.13206799438515,-0.0014295077953216863,-0.014578957650751175,-0.0002845339138937847,-0.0015481516628872364,0.004366107254336116,0.0031987243408196646,-0.017344702990609133,-0.003528258458495353,0.00384353598627818,0.016939189418353012,5.940863152911859,2.771801847511815,0.3812644567757221,0.3192873175520618,0.12345114481729284,25.0,25.0,25.0,25.0,25.0,25.0,24.0,9.554,0.0,0.0,1.0,1781028002792337264
1781028002893785481,0.0003996214004104883,57.26143908773989,103.13205494750976,-0.0013594486799444203,-0.014564572730504544,-0.00029992479875493006,0.0014905883217878084,-0.004201482119357357,-0.003083467025049974,0.016699341628254892,0.0033985518616834218,-0.003698471894128232,0.009691340661422677,5.932158710615071,2.769144280650402,0.3826456055476415,0.31993915332702666,0.12378874243043957,25.0,25.0,25.0,25.0,25.0,25.0,24.0,9.537,0.0,0.0,1.0,1781028002884737970
1781028002993786821,0.0003996156381609247,57.261439292430374,103.13205474978282,-0.0013589699590898403,-0.014564365619546571,-0.00029992638982952494,0.0014914945815426837,-0.004213278638795536,-0.0030910988937532195,0.016718561875148686,0.0034033980576311388,-0.0037027374465669633,0.00968043925452042,5.932156293753318,2.769141878570396,0.38264742159300175,0.3199390339479069,0.12378924489347322,25.0,25.0,25.0,25.0,25.0,25.0,24.0,9.537,0.0,0.0,1.0,1781028002967320499
1781028003093812900,0.0003998163365957561,57.26143897734566,103.13205399112132,-0.0013558200050709512,-0.014563552503930354,-0.0003004661007241866,0.0015890202206501937,-0.004522014275190926,-0.003284815974607893,0.01779837523858293,0.003600577556473845,-0.003940161866002406,0.00973419937580808,5.932155749859563,2.7690834397919413,0.3826593732958686,0.31998989679255097,0.12379477794007346,25.0,25.0,25.0,25.0,25.0,25.0,24.0,9.537,0.0,0.0,1.0,1781028003089539828
1781028003193883744,0.0003998015730418065,57.26143920909074,103.13205381339074,-0.0013554470328570466,-0.014563367181674789,-0.00030044438383434205,0.0015857396197999191,-0.004521108077616504,-0.0032844791530515127,0.017771793779474472,0.0035971291617857898,-0.003934357935156351,0.00972030141350004,5.932153283457006,2.76908343898708,0.3826607780981443,0.3199875575422718,0.12379507043688544,25.0,25.0,25.0,25.0,25.0,25.0,24.0,9.537,0.0,0.0,1.0,1781028003169897005
1781028003294213113,0.0003995929398889619,57.26144011165863,103.13205395866709,-0.0013570557096406757,-0.014563536964973938,-0.0002999328504423954,0.0014951335632404103,-0.004260496423349405,-0.003121645077608041,0.016795583214688648,0.003422807193178307,-0.0037198315874599854,0.0096368171796982,5.932146621673413,2.769132272170069,0.382654693670234,0.31993855160231394,0.1237912566517108,25.0,25.0,25.0,25.0,25.0,25.0,24.0,9.537,0.0,0.0,1.0,1781028003291231493
1781028003393423512,0.0003995873483320491,57.26144031658025,103.13205376083523,-0.001356577303497517,-0.014563329748821132,-0.0002999344880399684,0.0014960468269608952,-0.004272308990580608,-0.003129286419060431,0.01681487407341958,0.0034276656511855815,-0.00372411320014329,0.00962590757688459,5.932144202525173,2.7691298710447225,0.3826565136611862,0.3199384298194605,0.1237917600677229,25.0,25.0,25.0,25.0,25.0,25.0,24.0,9.537,0.0,0.0,1.0,1781028003374116154
1781028003494236947,0.0003997428159294491,57.261440136672576,103.13205310232244,-0.001353956129872684,-0.01456262572660794,-0.00030035752837879163,0.0015726299809461144,-0.004517539906620534,-0.0032831753519131823,0.017665630339384533,0.0035833781272428316,-0.003911180398975524,0.009664663984409514,5.932143358772364,2.7690834267033853,0.3826664125596364,0.3199781957017296,0.12379624394805348,25.0,25.0,25.0,25.0,25.0,25.0,24.0,9.537,0.0,0.0,1.0,1781028003492276866
1781028003593855750,0.0003997281962937809,57.26144036871719,103.13205292451848,-0.001353583650602558,-0.014562440321950611,-0.0003003358154953986,0.0015693557143686705,-0.004516661999502999,-0.003282860262602936,0.01763912967635735,0.0035799509470075055,-0.003905395471714428,0.009650743158863669,5.932140862845163,2.7690834214108113,0.3826678249850702,0.31997585399977296,0.12379653820443152,25.0,25.0,25.0,25.0,25.0,25.0,24.0,9.537,0.0,0.0,1.0,1781028003577847520
1781028003693710326,0.0003933183367880449,57.261459084137606,103.1320661686335,-0.0014251278812869104,-0.01457690109827182,-0.00028435572912395004,-0.0015341640672599287,0.004424853295277826,0.003229799857206025,-0.017277858190334453,-0.003523987965567332,0.003828967288878146,0.016732976476465433,5.94079712296445,2.7717277509084304,0.381306858996298,0.3193194523841233,0.12346357792575044,25.0,25.0,25.0,25.0,25.0,25.0,24.0,9.553,0.0,0.0,1.0,1781028003674804370
1781028003793645747,0.00039955984442834177,57.261441341856745,103.1320527713501,-0.001354186186871842,-0.01456229335454335,-0.00029994279542252985,0.001500634578991375,-0.004331422465929269,-0.0031675230586944107,0.016911545829334372,0.0034519958287673076,-0.003745570664189843,0.009571335280995664,5.93213210037918,2.769117868252376,0.38266562542459376,0.3199378138248378,0.12379428000617876,25.0,25.0,25.0,25.0,25.0,25.0,24.0,9.537,0.0,0.0,1.0,1781028003780128022
1781028003894317347,0.00039318568570402866,57.26146005676448,103.13206592248768,-0.0014252465109099728,-0.014576597996554455,-0.0002840722712818961,-0.001528239088183425,0.0044324828755076436,0.0032132870917907694,-0.01719215260825712,-0.0034928289789186583,0.0038094107767285817,0.01659656812553428,5.940574681957289,2.771628730699931,0.381342945197686,0.31935744017639783,0.12347347872797183,25.0,25.0,25.0,25.0,25.0,25.0,24.0,9.553,0.0,0.0,1.0,1781028003882026034
1781028003994102320,0.00039965547218617623,57.2614415298241,103.13205203527392,-0.0013517227308415833,-0.014561513058943293,-0.0003002272379141885,0.0015530028396577309,-0.004512357260463281,-0.003281350006372033,0.017506864326466774,0.0035628781015676634,-0.003876526858862091,0.00958106960280859,5.932128294638718,2.769083381955918,0.3826749099677867,0.3199641377535941,0.12379801474291792,25.0,25.0,25.0,25.0,25.0,25.0,24.0,9.537,0.0,0.0,1.0,1781028003982084016
1781028004093840987,0.0003932721295127624,57.261460356822674,103.13206533820888,-0.001423141861101531,-0.014575965887944924,-0.0002842745003367039,-0.001527833821973534,0.004451547728825102,0.003243938395918325,-0.01724769246977891,-0.003522103346266645,0.003822401393845793,0.0166393717483644,5.940767237754802,2.771694042442274,0.38132609671306417,0.3193341117285597,0.12346922288780857,25.0,25.0,25.0,25.0,25.0,25.0,24.0,9.553,0.0,0.0,1.0,1781028004078630733
1781028004194294626,0.00039953302164986494,57.261442368216606,103.13205178130792,-0.0013517965531649094,-0.01456125644066836,-0.00029995127565010855,0.0015052585432012086,-0.004390623426169512,-0.003205811449610093,0.01700858672273786,0.003476390470447541,-0.003767111910151984,0.009516722822137356,5.932119988125797,2.7691058701409967,0.3826747568254742,0.31993718619073364,0.12379680470475092,25.0,25.0,25.0,25.0,25.0,25.0,24.0,9.537,0.0,0.0,1.0,1781028004183483686
1781028004293478263,0.0003931814291239687,57.26146120149029,103.132065027006,-0.0014228375933095596,-0.014575599630063475,-0.00028408364987596963,-0.0015228589635017968,0.00446082969346441,0.0032360143367140826,-0.017187441076531425,-0.003502110157188041,0.003808723937916264,0.01653692066431922,5.940623156182104,2.7716259594019235,0.3813521882175822,0.31936060045478004,0.12347645432514956,25.0,25.0,25.0,25.0,25.0,25.0,24.0,9.553,0.0,0.0,1.0,1781028004282407245
1781028004393455556,0.00039958329691935066,57.26144269238613,103.132051145649,-0.0013498642669731791,-0.014560585406194128,-0.00030011860590681386,0.0015366800096588435,-0.0045081937953033125,-0.0032799484159097467,0.01737498982982546,0.003545909586118735,-0.003847750327074251,0.009511279056941564,5.932115578850484,2.769083321508212,0.3826820330321415,0.3199524081076067,0.12379950001428965,25.0,25.0,25.0,25.0,25.0,25.0,24.0,9.537,0.0,0.0,1.0,1781028004384530436
1781028004493716982,0.00039322637739111726,57.26146163093975,103.13206450743762,-0.0014211588484807696,-0.014575030434915932,-0.0002841930640430545,-0.0015215204397503416,0.004478237899740987,0.0032580854217472257,-0.017217659628432073,-0.0035202532754270805,0.0038158697944128297,0.016545846911590927,5.940737427762755,2.7716603136145324,0.3813453124739205,0.3193488051409419,0.12347486398448164,25.0,25.0,25.0,25.0,25.0,25.0,24.0,9.553,0.0,0.0,1.0,1781028004487442518
1781028004593557390,0.0003995067852579031,57.26144339562211,103.13205079069154,-0.0013494083455160412,-0.014560219010436542,-0.0002999598965052592,0.0015099194129887866,-0.004449916034898088,-0.003244154101456949,0.017106006061929427,0.003500851383160738,-0.003788738948095596,0.009462070547690774,5.93210786657075,2.7690938766538795,0.3826839078196325,0.31993654715047354,0.1237993341632256,25.0,25.0,25.0,25.0,25.0,25.0,24.0,9.537,0.0,0.0,1.0,1781028004586257904
1781028004693753058,0.0003931775268115439,57.26146234824391,103.13206413159224,-0.0014204327301799078,-0.014574601315097071,-0.00028409456415507854,-0.0015175294238265334,0.004489414217791972,0.003258896572469672,-0.017183363656005705,-0.0035115274617880084,0.003808180563651002,0.01647732519752788,5.94067170920855,2.7716232211129883,0.38136139937598296,0.3193637513866275,0.12347942149254698,25.0,25.0,25.0,25.0,25.0,25.0,24.0,9.553,0.0,0.0,1.0,1781028004682362425
1781028004793926937,0.00039951157654103184,57.261443856382705,103.13205025563757,-0.001348008248928326,-0.014559657376026554,-0.0003000098788053583,0.001520386331792032,-0.0045041716647969375,-0.0032786556080840945,0.017243499180764902,0.0035290445072211395,-0.003819064302863357,0.009441369753612813,5.932102715466702,2.7690832408888375,0.3826891941877396,0.3199406644190835,0.12380099398877872,25.0,25.0,25.0,25.0,25.0,25.0,24.0,9.537,0.0,0.0,1.0,1781028004788391242
1781028004893589063,0.0003931809899207256,57.26146290647168,103.13206367631436,-0.0014191788234833025,-0.014574094749176434,-0.00028411138280695175,-0.0015152236272126525,0.004504924364981592,0.00327224102340309,-0.017187757491404346,-0.0035184372619634593,0.0038093719603720664,0.016452401956363875,5.940707689726319,2.771626562632216,0.38136450662110183,0.3193635333961389,0.12348050131970656,25.0,25.0,25.0,25.0,25.0,25.0,24.0,9.553,0.0,0.0,1.0,1781028004883644763
1781028004993374440,0.00039946507729331633,57.26144442908566,103.13204980757098,-0.0013471687157039637,-0.014559205708864468,-0.00029993703902862453,0.0015086903978181845,-0.004491818576546081,-0.003270190137980753,0.01713705401672447,0.00351209771632513,-0.003795729291834319,0.009415926997362776,5.93210805501297,2.7690859511802457,0.38269116373330386,0.31993464064483046,0.1238013809742016,25.0,25.0,25.0,25.0,25.0,25.0,24.0,9.537,0.0,0.0,1.0,1781028004993207792
1781028005094175452,0.0003931795808996134,57.26146292716872,103.13206287371018,-0.0014175039131288998,-0.014573413475856686,-0.00028423937480698134,-0.0014828148218507193,0.00441495529749876,0.003206861161757873,-0.01682856505896739,-0.003445846440868116,0.0037296123229932,0.016344395202586036,5.940619499369182,2.7715908078981792,0.381384939948434,0.31937345084800456,0.12348583701150144,25.0,25.0,25.0,25.0,25.0,25.0,24.0,9.553,0.0,0.0,1.0,1781028005086225624
1781028005194838913,0.0003931683145840981,57.261462546510266,103.13206230821709,-0.0014166138100608768,-0.014573026289788052,-0.0002843575515647169,-0.001453518931224658,0.004328184890766446,0.003143914685046392,-0.016497262387481938,-0.003378062710741395,0.0036561286556887488,0.016262978651451057,5.940537892611056,2.771563829855593,0.3814000608927526,0.3193796493056501,0.12348961369540262,25.0,25.0,25.0,25.0,25.0,25.0,24.0,9.553,0.0,0.0,1.0,1781028005169421954
1781028005294272758,0.0003931418656569043,57.26146178625548,103.13206133663184,-0.001415207611093264,-0.014572387275213167,-0.0002845622603912709,-0.001401851048882594,0.004175559835066497,0.003033056678215828,-0.015912771833810135,-0.00325855488398708,0.003526570894302393,0.01612272266169099,5.9403931993903605,2.7715169712077365,0.38142610280749006,0.31939026000545867,0.12349608301529665,25.0,25.0,25.0,25.0,25.0,25.0,24.0,9.552,0.0,0.0,1.0,1781028005286533402
1781028005394020478,0.0003987484272568119,57.26144422169903,103.13204822290211,-0.0013499693628896369,-0.014558696465525996,-0.00029893446321045415,0.0013515935218057916,-0.004043792195996643,-0.0029438104039684436,0.015374004235608914,0.0031546828613759816,-0.0034056348050727696,0.0097040295034914,5.932538198286085,2.7692038002660446,0.3826342510264399,0.31990483943541803,0.12378794939381783,25.0,25.0,25.0,25.0,25.0,25.0,24.0,9.538,0.0,0.0,1.0,1781028005391491263
1781028005493514775,0.00039308802545010626,57.261460215660755,103.1320595170235,-0.001412695379324484,-0.01457122111502917,-0.00028495769542926026,-0.0013030846929412137,0.0038837556136688783,0.0028209908934130577,-0.014794773060547411,-0.0030299688441553464,0.0032788317029549155,0.015859391269152395,5.9401155297134105,2.771428341698276,0.38147500694595343,0.3194101435412441,0.12350818402925276,25.0,25.0,25.0,25.0,25.0,25.0,24.0,9.552,0.0,0.0,1.0,1781028005489819513
1781028005593804655,0.0003982542848133688,57.261443797076495,103.13204724519272,-0.001352309595437069,-0.014558491393675129,-0.00029826221275325104,0.0012463905646849431,-0.0037353593330423616,-0.002719485562968954,0.014184949705012837,0.0029120572206726343,-0.0031422915744714363,0.009912238544045436,5.932832289738181,2.769285411607804,0.38259385750522185,0.3198852331361472,0.12377837573159592,25.0,25.0,25.0,25.0,25.0,25.0,24.0,9.538,0.0,0.0,1.0,1781028005591723900
1781028005694138631,0.0003930317903264794,57.26145836658456,103.13205751112666,-0.0014099642612958785,-0.01456995298901401,-0.0002854152075581395,-0.0011923278407906428,0.003555852162160294,0.0025826587614524834,-0.01354000771302245,-0.002773304868050015,0.0030008040354299777,0.015568177341897605,5.939803242303842,2.771329651913024,0.38152912345487966,0.3194321731143144,0.12352153757888694,25.0,25.0,25.0,25.0,25.0,25.0,24.0,9.551,0.0,0.0,1.0,1781028005688223384
1781028005793900503,0.0003930096487713857,57.26145755147556,103.13205665783931,-0.0014088026254450256,-0.014569416592601305,-0.00028561696065361133,-0.001144712248076409,0.003414639795862553,0.00248002086216891,-0.01300026249870282,-0.002662856213819088,0.002881207263303231,0.01544401044126623,5.939668767369616,2.7712873855352704,0.381552210073661,0.3194415875494125,0.12352722551740196,25.0,25.0,25.0,25.0,25.0,25.0,24.0,9.551,0.0,0.0,1.0,1781028005771483439
1781028005893862398,0.00039297731411032974,57.261456241216194,103.13205531853178,-0.0014069751957123554,-0.01456857736906766,-0.00028594228091432383,-0.0010694142675326003,0.003191047104803818,0.00231750916194446,-0.01214638159263714,-0.0024880747812971206,0.0026920006453427085,0.015248787964794504,5.93945588323864,2.771220718366309,0.38158852414176897,0.31945641892394616,0.12353616296774016,25.0,25.0,25.0,25.0,25.0,25.0,24.0,9.551,0.0,0.0,1.0,1781028005889991228
1781028005993535497,0.00039711722643694146,57.26144257627036,103.13204506308216,-0.001357968904434539,-0.014558117418686355,-0.00029673865816279516,0.0009995378614028124,-0.003008179829457592,-0.00219067601783809,0.011390886585795726,0.0023413159689175413,-0.0025234259031969683,0.010413222699051225,5.933525789430428,2.769479349169364,0.3824972176856508,0.3198393845593733,0.1237554179921496,25.0,25.0,25.0,25.0,25.0,25.0,24.0,9.54,0.0,0.0,1.0,1781028005993334923
1781028006094250475,0.0003968630313859952,57.26144226401944,103.13204458442684,-0.0013592741963501108,-0.014558047917758674,-0.0002964022716959737,0.000943278471860508,-0.002842064685205079,-0.0020698824787195778,0.010753621905997594,0.002211078628222063,-0.0023822728640693776,0.010529315537318812,5.933684298009235,2.7695239340773132,0.38247490484653074,0.31982895046386145,0.1237501082302834,25.0,25.0,25.0,25.0,25.0,25.0,24.0,9.54,0.0,0.0,1.0,1781028006074974427
1781028006193700295,0.0003929085319102031,57.261452706787054,103.13205186852068,-0.00140222913825134,-0.014566426727265025,-0.00028682889704352555,-0.0008724983303686497,0.002604872112296097,0.001891484364245816,-0.009911636515194297,-0.0020303803479424696,0.0021967923457255137,0.014744179641399034,5.938898051827424,2.771047255965685,0.3816824811386651,0.31949493617370683,0.12355923972884318,25.0,25.0,25.0,25.0,25.0,25.0,24.0,9.549,0.0,0.0,1.0,1781028006176329302
1781028006293853342,0.0003928833789940743,57.261450944370225,103.13205022043697,-0.0013999360160741152,-0.014565403187674396,-0.0002872769345425298,-0.0007770426060165961,0.0023200940036843592,0.0016845196377957875,-0.008827600372984903,-0.0018082446732297728,0.001956563218979674,0.014502348842375275,5.938627182660493,2.770963577848046,0.3817275579015809,0.3195134950165934,0.12357028955281696,25.0,25.0,25.0,25.0,25.0,25.0,24.0,9.549,0.0,0.0,1.0,1781028006291872715
1781028006394030433,0.00039286866167760593,57.26144966957751,103.13204905304374,-0.001398299634876556,-0.014564679037989067,-0.0002876037393940303,-0.0007089292626273962,0.002116685995188126,0.001536693844700795,-0.008053841457569409,-0.0016496516222811951,0.0017850889991668053,0.014330789540523272,5.938433762039052,2.770904014373177,0.38175955535267103,0.31952670266792293,0.12357812579195478,25.0,25.0,25.0,25.0,25.0,25.0,24.0,9.549,0.0,0.0,1.0,1781028006377579789
1781028006493550515,0.0003954120502429097,57.26144023553372,103.13204189528732,-0.0013669467545381264,-0.014557725189065396,-0.00029451217935992755,0.0006140004860669625,-0.001868276213221988,-0.0013618072251852637,0.007021790301109045,0.0014481843090818818,-0.0015556754589226708,0.01122024645105902,5.9346142841366465,2.7697872316320455,0.3823425651427067,0.319767881171378,0.12371855401307752,25.0,25.0,25.0,25.0,25.0,25.0,24.0,9.541,0.0,0.0,1.0,1781028006480567075
1781028006594412852,0.0003928416779035599,57.261446065598584,103.13204584633048,-0.0013937463064356726,-0.014562691045564348,-0.0002885409211871003,-0.0005198951242245593,0.0015514901927665143,0.0011259480918880934,-0.005905652186837369,-0.0012092191248197334,0.001309007655262556,0.01385860420420954,5.9378965351420625,2.770739279913309,0.38184770415581704,0.31956324300296746,0.12359968608029934,25.0,25.0,25.0,25.0,25.0,25.0,24.0,9.548,0.0,0.0,1.0,1781028006592313233
1781028006694006762,0.00039453899285537354,57.26143882978312,103.13204029773138,-0.001371706945748747,-0.01455757480269101,-0.0002934005394525963,0.00040886027518765433,-0.0012610409863846618,-0.000920294549114448,0.004696049631375737,0.000972694272873759,-0.0010405341364971008,0.011658874868221564,5.935194887337412,2.769952963976532,0.38225885236322754,0.31972975121714337,0.12369854463806018,25.0,25.0,25.0,25.0,25.0,25.0,24.0,9.542,0.0,0.0,1.0,1781028006687502320
1781028006794395485,0.0003928353020899125,57.2614417151228,103.13204211987129,-0.0013883335434788028,-0.01456037721042024,-0.00028970008371470264,-0.0002971777748263823,0.0008847947093839812,0.0006414444993149657,-0.0033737793586112504,-0.0006899660106020274,0.0007478702223045242,0.013308695054043815,5.93726321338494,2.7705461212598523,0.3819505107277773,0.3196061717233193,0.1236247910743223,25.0,25.0,25.0,25.0,25.0,25.0,24.0,9.546,0.0,0.0,1.0,1781028006787573417
1781028006893933385,0.0003935290287972565,57.26143704785212,103.13203844994209,-0.00137730184199761,-0.014557420906903047,-0.00029214032021336925,0.0001646373658554004,-0.0005383691473885936,-0.0003948899919769355,0.0019274208093714037,0.00040678665281609786,-0.0004273159239474818,0.012187379475617922,5.935886469204608,2.770151594315502,0.3821581907636461,0.3196841661956036,0.12367443791605386,25.0,25.0,25.0,25.0,25.0,25.0,24.0,9.544,0.0,0.0,1.0,1781028006887679581
1781028006993419525,0.0003928622759818286,57.261436366522275,103.13203769061028,-0.0013817107217197963,-0.014557611828949067,-0.000291169359388209,-0.000029278886677107947,0.0000826619248797019,0.000058505205936504506,-0.0003280582798362955,-0.0000652837041894878,0.00007283318601582741,0.012654538961833722,5.9365017216375,2.770314852407134,0.3820730029569273,0.31965780813699507,0.12365466654245852,25.0,25.0,25.0,25.0,25.0,25.0,24.0,9.545,0.0,0.0,1.0,1781028006986063219
1781028007093526048,0.00039281670369974554,57.261436248598585,103.13203708814036,-0.001381098282183313,-0.014557117616972136,-0.0002912301580911876,-1.5058554718661088e-7,4.278703829844477e-6,-1.756810932725062e-6,3.6894161886976007e-6,2.3666390883525205e-6,4.122871962853569e-7,0.012556851243915344,5.936392292766881,2.7702873483466393,0.3820893052967594,0.31965832154906426,0.12365837570453046,25.0,25.0,25.0,25.0,25.0,25.0,24.0,9.545,0.0,0.0,1.0,1781028007084361641
1781028007194310926,0.0003928120904204844,57.2614367198469,103.13203695652068,-0.0013806572520648735,-0.014556910643411788,-0.00029118981866855707,3.921703208440988e-8,4.635692256378951e-6,-1.0517612785392597e-6,4.793577514478896e-6,1.889301651056989e-6,2.9445958441531913e-7,0.01253964269932778,5.936392551405676,2.7702846528546794,0.38209198803082006,0.31965850753604613,0.12365913049239588,25.0,25.0,25.0,25.0,25.0,25.0,24.0,9.545,0.0,0.0,1.0,1781028007190035961
1781028007293813107,0.0003928192277694778,57.261437213506255,103.13203685753918,-0.001380143010300742,-0.014556716562475857,-0.0002911622911184075,8.422042158614599e-8,4.804143100486878e-6,-8.916499269415101e-7,5.0045356769664455e-6,1.850073426642198e-6,2.487001872573959e-7,0.012522284054515024,5.93639220346554,2.7702816507328,0.38209477209979115,0.31965883246223653,0.12365991560875732,25.0,25.0,25.0,25.0,25.0,25.0,24.0,9.545,0.0,0.0,1.0,1781028007287765738
1781028007393972070,0.00039282860640478247,57.26143771684166,103.13203676705022,-0.001379619602924089,-0.014556524295062708,-0.00029113694124107504,9.325560343080845e-8,4.847670326932036e-6,-8.561623077648276e-7,5.034700953606941e-6,1.8434946158791193e-6,2.405577131367463e-7,0.01250492835093174,5.936391812772282,2.7702786193453206,0.38209756505481657,0.3196591727232039,0.12366070356282528,25.0,25.0,25.0,25.0,25.0,25.0,24.0,9.545,0.0,0.0,1.0,1781028007392098347
1781028007493414499,0.0003928384608062915,57.26143822245349,103.13203667834352,-0.0013790948618110936,-0.01455633234900268,-0.000291111981445238,9.54323505608038e-8,4.857428875534271e-6,-8.49145198062586e-7,5.038669347509485e-6,1.8422417884376743e-6,2.391399786045663e-7,0.012487572355178571,5.936391416461899,2.7702755841284743,0.3821003594062896,0.3196595149084299,0.1236614919429989,25.0,25.0,25.0,25.0,25.0,25.0,24.0,9.545,0.0,0.0,1.0,1781028007491705815
1781028007593452311,0.0003928484522266431,57.26143872860624,103.13203658997745,-0.001378570014139093,-0.014556140466093517,-0.00029108708382335715,9.628374099027364e-8,4.860149359289179e-6,-8.47897803317003e-7,5.0381512249022345e-6,1.8419814847014376e-6,2.389803546007409e-7,0.012470215946517505,5.9363910191667415,2.7702725482338737,0.3821031540580833,0.31965985740883196,0.12366228041410712,25.0,25.0,25.0,25.0,25.0,25.0,24.0,9.545,0.0,0.0,1.0,1781028007593248931
1781028007694764771,0.00039285649704950634,57.261439133669995,103.1320365193271,-0.00137815021336954,-0.014555986970855589,-0.0002910671664149511,9.67549315688956e-8,4.8612603331225355e-6,-8.477695218524527e-7,5.037084802026222e-6,1.8419162121271196e-6,2.3904556068314044e-7,0.01245633050973225,5.936390701155863,2.770270119400314,0.38210538985957976,0.3196601314510372,0.12366291121556576,25.0,25.0,25.0,25.0,25.0,25.0,24.0,9.545,0.0,0.0,1.0,1781028007673290044
1781028007793982611,0.00039286660425634994,57.26143964011209,103.13203643101464,-0.0013776255966815563,-0.014555795106906428,-0.0002910422588424972,9.727450203378484e-8,4.8623622054552635e-6,-8.478438850080262e-7,5.035594595537747e-6,1.841874011573284e-6,2.3918142130078624e-7,0.012438973375522864,5.936390303548879,2.7702670832943688,0.38210818467959695,0.31966047401214787,0.1236636997389608,25.0,25.0,25.0,25.0,25.0,25.0,24.0,9.545,0.0,0.0,1.0,1781028007777822212
1781028007893388464,0.0003928767636594602,57.261440146663936,103.13203634269044,-0.0013771011369083709,-0.014555603246643522,-0.0002910173360134639,9.776206622904136e-8,4.863389553014076e-6,-8.479790905537067e-7,5.0340870118135e-6,1.8418436946169112e-6,2.3933381472353674e-7,0.012421615802304048,5.936389905860839,2.7702640471376454,0.38211097956628703,0.31966081657106055,0.12366448828302208,25.0,25.0,25.0,25.0,25.0,25.0,24.0,9.545,0.0,0.0,1.0,1781028007875355435
1781028007993782629,0.00039288697257422786,57.26144065332194,103.13203625435148,-0.0013765768347408286,-0.014555411389657798,-0.00029099239663434246,9.822633348556428e-8,4.864406577396825e-6,-8.481206248685814e-7,5.032566125916842e-6,1.8418097635650384e-6,2.3949921686962724e-7,0.012404257847615525,5.936389508119927,2.7702610109380243,0.3821137745158999,0.3196611591267181,0.12366527684717424,25.0,25.0,25.0,25.0,25.0,25.0,24.0,9.544,0.0,0.0,1.0,1781028007982588036
1781028008094015182,0.0003928972288866701,57.26144116008534,103.13203616599736,-0.0013760526891406452,-0.014555219535912054,-0.000290967439930927,9.86735366717578e-8,4.865411789036032e-6,-8.482725706418492e-7,5.0310870326838e-6,1.841782507104396e-6,2.396647217827319e-7,0.012386899475441393,5.936389110300911,2.7702579746916047,0.3821165695307414,0.31966150167785706,0.12366606543161096,25.0,25.0,25.0,25.0,25.0,25.0,24.0,9.544,0.0,0.0,1.0,1781028008077357205
1781028008194509550,0.0003929054667306582,57.26144156557186,103.13203609530298,-0.0013756334845450822,-0.014555066055284064,-0.00029094746163175746,9.901630031311321e-8,4.866221479475338e-6,-8.483885700771015e-7,5.029891956824787e-6,1.84175565948946e-6,2.398062635376663e-7,0.01237301250440418,5.9363887920073175,2.770255545661724,0.38211880558740696,0.3196617757159129,0.1236666963133867,25.0,25.0,25.0,25.0,25.0,25.0,24.0,9.544,0.0,0.0,1.0,1781028008182814497
1781028008294085640,0.00039291580342811584,57.26144207252466,103.1320360069212,-0.00137510961747347,-0.014554874207494968,-0.0002909224720596526,9.942833036628652e-8,4.867234300788464e-6,-8.485341882494235e-7,5.028410253901592e-6,1.8417218284573352e-6,2.3998868967606885e-7,0.012355653415016855,5.936388394079663,2.7702525093314563,0.3821216007145769,0.31966211825949664,0.12366748493310992,25.0,25.0,25.0,25.0,25.0,25.0,24.0,9.544,0.0,0.0,1.0,1781028008277168886
1781028008393653390,0.0003929261821656817,57.26144257958261,103.13203591852404,-0.0013745859031199625,-0.014554682363062274,-0.00029089746337776344,9.982269507210116e-8,4.868246208421061e-6,-8.48678968348887e-7,5.0269410209217135e-6,1.8416870420210607e-6,2.401770671874798e-7,0.012338293935204726,5.936387996089527,2.7702494729543945,0.3821243959047432,0.31966246079966393,0.1236682735726251,25.0,25.0,25.0,25.0,25.0,25.0,24.0,9.544,0.0,0.0,1.0,1781028008381640727
1781028008493732747,0.0003929366011336688,57.2614430867457,103.13203583011152,-0.0013740623400203698,-0.014554490522010846,-0.0002908724350075392,1.0020095110397097e-7,4.869254526472929e-6,-8.488273524238861e-7,5.025498063012085e-6,1.8416550972139389e-6,2.40368104541018e-7,0.0123209340479234,5.936387598028222,2.7702464365237276,0.38212719115668486,0.3196628033362325,0.12366906223130218,25.0,25.0,25.0,25.0,25.0,25.0,24.0,9.544,0.0,0.0,1.0,1781028008480915626
1781028008593888798,0.00039294705856603173,57.2614435940139,103.13203574168364,-0.0013735389267511486,-0.01455429868436846,-0.0002908473863820393,1.0056243127843132e-7,4.870263188136518e-6,-8.489761026408305e-7,5.024068939766968e-6,1.84162296635951e-6,2.4056449770559437e-7,0.012303573771199157,5.936387199902471,2.770243400043261,0.382129986471139,0.3196631458686009,0.12366985090950032,25.0,25.0,25.0,25.0,25.0,25.0,24.0,9.544,0.0,0.0,1.0,1781028008587194226
1781028008693481464,0.000392957552747841,57.261444101387205,103.13203565324037,-0.001373015661831942,-0.014554106850142577,-0.00029082231696870187,1.009083684455666e-7,4.871268017572406e-6,-8.491261938253645e-7,5.022663225792751e-6,1.8415923759713323e-6,2.407639547343699e-7,0.012286213093437536,5.9363868017100865,2.770240363509702,0.38213278184661054,0.3196634883981818,0.1236706396066492,25.0,25.0,25.0,25.0,25.0,25.0,24.0,9.544,0.0,0.0,1.0,1781028008686078238
1781028008794057111,0.0003929680819994291,57.261444608865666,103.13203556478172,-0.0013724925438351491,-0.01455391501934932,-0.0002907972262357008,1.0123831178038677e-7,4.872273915682045e-6,-8.49276700145858e-7,5.0212728636118975e-6,1.8415625217681945e-6,2.409682168400974e-7,0.012268852005412709,5.936386403446065,2.7702373269218934,0.3821355772839822,0.3196638309242216,0.12367142832283784,25.0,25.0,25.0,25.0,25.0,25.0,24.0,9.544,0.0,0.0,1.0,1781028008786804258
1781028008893747095,0.00039297864469754225,57.261445116449245,103.13203547630768,-0.0013719695712248543,-0.014553723191972052,-0.00029077211370065893,1.0155302911351842e-7,4.873279766128205e-6,-8.49426781370193e-7,5.019893306823964e-6,1.8415320258275824e-6,2.4117731859655536e-7,0.012251490566186823,5.936386005121267,2.7702342902819335,0.382138372783018,0.3196641734470514,0.12367221705848008,25.0,25.0,25.0,25.0,25.0,25.0,24.0,9.544,0.0,0.0,1.0,1781028008881971755
1781028008994099062,0.0003929892392491995,57.261445624138005,103.13203538781826,-0.0013714467426066918,-0.01455353136801758,-0.00029074697886602083,1.018499271498844e-7,4.874295403993333e-6,-8.49569199879075e-7,5.018498730836205e-6,1.841494369262956e-6,2.413981100430211e-7,0.01223412870681492,5.936385606740715,2.770231253588729,0.3821411683400911,0.31966451596700335,0.12367300581193429,25.0,25.0,25.0,25.0,25.0,25.0,24.0,9.544,0.0,0.0,1.0,1781028008991086754
1781028009093503600,0.00039299986411375087,57.261446131931955,103.13203529931349,-0.0013709240563836325,-0.014553339547447955,-0.00029072182129323424,1.0213395148118377e-7,4.875306145050344e-6,-8.497172910178829e-7,5.0171367395903915e-6,1.8414619119074288e-6,2.416186178396846e-7,0.012216766472515343,5.936385208284751,2.7702282168363186,0.38214396395947625,0.3196648584837607,0.1236737945846796,25.0,25.0,25.0,25.0,25.0,25.0,24.0,9.544,0.0,0.0,1.0,1781028009086607754
1781028009193447599,0.000393008384810542,57.26144653824291,103.1320352284986,-0.001370506009010438,-0.014553186093429876,-0.0002907016785472864,1.0234906396728603e-7,4.876122054571249e-6,-8.498303180296891e-7,5.01603768761278e-6,1.8414318420986352e-6,2.418026773082267e-7,0.012202876394646402,5.9363848894757325,2.770225787394321,0.3821462004975067,0.31966513249519146,0.12367442561592926,25.0,25.0,25.0,25.0,25.0,25.0,24.0,9.544,0.0,0.0,1.0,1781028009167882710
1781028009293930062,0.00039302119878886895,57.26144714783564,103.13203512225778,-0.001369879105253892,-0.014552955916378396,-0.00029067143615906904,1.026571318445764e-7,4.877337280436488e-6,-8.500056254577475e-7,5.014430719932619e-6,1.8413917114386823e-6,2.420781200809663e-7,0.012182040812457084,5.936384411181724,2.770222143160464,0.38214955537616,0.3196655435095421,0.12367537218487926,25.0,25.0,25.0,25.0,25.0,25.0,24.0,9.544,0.0,0.0,1.0,1781028009288878549
1781028009393291327,0.00039303190571852054,57.26144765594544,103.13203503370684,-0.001369356837159902,-0.014552764105772914,-0.00029064620780691147,1.0290177460061206e-7,4.878338961415595e-6,-8.501603869581765e-7,5.013144445941403e-6,1.8413670353532788e-6,2.423037018283159e-7,0.012164677403065588,5.936384012514467,2.7702191062308485,0.3821523511758851,0.319665886019886,0.12367616101303008,25.0,25.0,25.0,25.0,25.0,25.0,24.0,9.544,0.0,0.0,1.0,1781028009392935722
1781028009494119972,0.00039304048898617993,57.26144806250916,103.13203496285496,-0.001368939120921501,-0.014552610659619434,-0.00029062600758314293,1.0308800778065905e-7,4.879141461519955e-6,-8.502838156477431e-7,5.01212483014679e-6,1.8413475155476387e-6,2.424869468325908e-7,0.012150786395789022,5.936383693533864,2.7702166766430047,0.38215458785789713,0.3196661600256737,0.12367679208848924,25.0,25.0,25.0,25.0,25.0,25.0,24.0,9.544,0.0,0.0,1.0,1781028009473756682
1781028009595014849,0.0003930533917937389,57.261448672481315,103.13203485655878,-0.0013683127085336504,-0.01455238049423621,-0.0002905956775472149,1.0334785364708632e-7,4.880361619899036e-6,-8.504572268271204e-7,5.0105621807733084e-6,1.8413072899493712e-6,2.42777378318693e-7,0.012129949428285849,5.93638321500017,2.770213032194932,0.3821579429506819,0.3196665710305606,0.12367773872317324,25.0,25.0,25.0,25.0,25.0,25.0,24.0,9.544,0.0,0.0,1.0,1781028009594059273
1781028009694156243,0.0003930641682687057,57.261449180907555,103.13203476796168,-0.0013677908449524457,-0.014552188693192624,-0.00029057037491468727,1.035497231234817e-7,4.881384093974512e-6,-8.505990853566818e-7,5.009264483825002e-6,1.8412724745297487e-6,2.4302553970505666e-7,0.012112584870057676,5.936382816146733,2.7702099950846937,0.38216073892604513,0.31966691353326454,0.12367852760524224,25.0,25.0,25.0,25.0,25.0,25.0,24.0,9.544,0.0,0.0,1.0,1781028009691828103
1781028009793878999,0.0003930728043285835,57.26144958772458,103.13203469707292,-0.001367373448915033,-0.01455203525454273,-0.0002905501145213594,1.037041929922439e-7,4.882194701101352e-6,-8.507176673607926e-7,5.008261254327312e-6,1.8412498259567155e-6,2.432212929973182e-7,0.012098692929767571,5.936382497011236,2.770207565349441,0.3821629757481382,0.3196671875344894,0.12367915872353664,25.0,25.0,25.0,25.0,25.0,25.0,24.0,9.544,0.0,0.0,1.0,1781028009775310955
1781028009893761841,0.00039308578171384984,57.26145019807696,103.1320345907213,-0.001366747511119838,-0.014551805100138392,-0.00029051969305134,1.039223008526857e-7,4.883410141227538e-6,-8.508974948608093e-7,5.006777213131713e-6,1.8412178175532535e-6,2.435174175998147e-7,0.012077854578158943,5.936382018226393,2.770203920671647,0.3821663310526449,0.31966759853271226,0.123680105422835,25.0,25.0,25.0,25.0,25.0,25.0,24.0,9.544,0.0,0.0,1.0,1781028009891002526
1781028009993800858,0.0003930944479252482,57.26145060506319,103.13203451980787,-0.0013663303222528978,-0.01455165166618642,-0.00029049939125788725,1.040587687384667e-7,4.884219022258578e-6,-8.510179200314948e-7,5.005807119669136e-6,1.8411984041773905e-6,2.4371582158001417e-7,0.012063962023165904,5.936381698977634,2.7702014908341797,0.38216856796910514,0.3196678725312581,0.12368073656984026,25.0,25.0,25.0,25.0,25.0,25.0,24.0,9.544,0.0,0.0,1.0,1781028009976749995
1781028010094307134,0.0003931052960734861,57.26145111389129,103.13203443115228,-0.0013658089506301244,-0.014551459876279907,-0.0002904739903412992,1.0421790844110989e-7,4.885237521352756e-6,-8.51163992120646e-7,5.004586027419488e-6,1.841170311536809e-6,2.439707034737609e-7,0.012046596017096126,5.9363812998661345,2.7701984534800954,0.3821713641656376,0.3196682150270031,0.12368152551934372,25.0,25.0,25.0,25.0,25.0,25.0,24.0,9.544,0.0,0.0,1.0,1781028010087459389
1781028010193870547,0.0003931139861799268,57.26145152103007,103.13203436021676,-0.0013653919438768969,-0.014551306446313314,-0.0002904536505035864,1.0433924214818877e-7,4.886045322904042e-6,-8.512879414932599e-7,5.0036470396997745e-6,1.8411544800805072e-6,2.441707283064795e-7,0.012032702913502669,5.93638098051711,2.770196023547345,0.38217360116589594,0.3196684890223639,0.12368215669178312,25.0,25.0,25.0,25.0,25.0,25.0,24.0,9.544,0.0,0.0,1.0,1781028010165635173
1781028010293640694,0.0003931270392963859,57.26145213186558,103.13203425379491,-0.0013647665828673077,-0.014551076304534383,-0.0002904231085712809,1.045048696605724e-7,4.887272731694715e-6,-8.514615328451195e-7,5.002209218077297e-6,1.841121252453417e-6,2.444840610550935e-7,0.012011862836124546,5.936380501428871,2.7701923785722977,0.3821769567335018,0.319668900013115,0.12368310347113072,25.0,25.0,25.0,25.0,25.0,25.0,24.0,9.544,0.0,0.0,1.0,1781028010290650196
1781028010393963466,0.0003931357525304367,57.26145253917424,103.13203418283474,-0.0013643497736852963,-0.01455092287870602,-0.000290402725660263,1.0460769123177477e-7,4.888089258605855e-6,-8.515799882960001e-7,5.001273969864078e-6,1.841102519319851e-6,2.4469249644846186e-7,0.01199796912826913,5.93638018197616,2.770189948533569,0.3821791938249275,0.3196691740062415,0.12368373467123056,25.0,25.0,25.0,25.0,25.0,25.0,24.0,9.544,0.0,0.0,1.0,1781028010380654370
1781028010493812965,0.0003931466556647034,57.26145304840577,103.13203409412068,-0.001363828871220872,-0.014550731098602164,-0.0002903772224835902,1.047262951128759e-7,4.889113979691188e-6,-8.517250047331561e-7,5.0001056395594115e-6,1.8410770204693671e-6,2.449576563333923e-7,0.0119806016817461,5.936379782606742,2.7701869109262462,0.382181990240312,0.3196695164962123,0.12368452368706125,25.0,25.0,25.0,25.0,25.0,25.0,24.0,9.544,0.0,0.0,1.0,1781028010476856967
1781028010593450843,0.00039315757071333026,57.26145355774376,103.13203400539118,-0.0013633080883109364,-0.014550539320801432,-0.00029035169185069056,1.048365879840676e-7,4.89013490565885e-6,-8.51875213225298e-7,4.998973447260587e-6,1.8410576790811197e-6,2.45220396741413e-7,0.01196323383151852,5.936379383156882,2.770183873245757,0.3821847867136948,0.31966985898503114,0.12368531272014144,25.0,25.0,25.0,25.0,25.0,25.0,24.0,9.544,0.0,0.0,1.0,1781028010588528308
1781028010694268906,0.000393168496662484,57.26145406718835,103.1320339166463,-0.0013627874234206246,-0.014550347545197224,-0.0002903261335414604,1.0493552694905077e-7,4.891163436095534e-6,-8.520192369958856e-7,4.997834458217548e-6,1.841034045895791e-6,2.454900765241711e-7,0.011945865615419273,5.936378983649523,2.7701808354995805,0.3821875832429245,0.3196702014727234,0.12368610177021036,25.0,25.0,25.0,25.0,25.0,25.0,24.0,9.544,0.0,0.0,1.0,1781028010681247872
1781028010793499178,0.0003931794325397442,57.261454576739666,103.132033827886,-0.0013622668747800507,-0.014550155771637034,-0.00029030054739245066,1.0502786984119389e-7,4.892181851881269e-6,-8.521713301033406e-7,4.996744520629151e-6,1.84101872765064e-6,2.457541580461523e-7,0.011928497018863875,5.936378584064824,2.770177797680006,0.38219037982908016,0.3196705439599162,0.12368689083735812,25.0,25.0,25.0,25.0,25.0,25.0,24.0,9.544,0.0,0.0,1.0,1781028010783884384
1781028010894164661,0.0003931903773812778,57.261455086397866,103.13203373911033,-0.001361746440893952,-0.014549964000011874,-0.00029027493319799184,1.0511087459062617e-7,4.893204654864613e-6,-8.523230617432022e-7,4.9956640144608405e-6,1.8410042199829728e-6,2.4602086188383084e-7,0.011911128066072769,5.936378184408628,2.7701747597897968,0.3821931764737184,0.3196708864459318,0.1236876799222253,25.0,25.0,25.0,25.0,25.0,25.0,24.0,9.544,0.0,0.0,1.0,1781028010883852801
1781028010993503011,0.0003932013302570195,57.26145559616316,103.13203365031926,-0.001361226120153484,-0.0145497722301935,-0.0002902492907836511,1.0518125914756319e-7,4.894242682222291e-6,-8.524632957786413e-7,4.994555947976711e-6,1.840980809260206e-6,2.462992753563749e-7,0.011893758711971092,5.936377784697757,2.7701717218318658,0.3821959731712265,0.31967122893084116,0.12368846902282034,25.0,25.0,25.0,25.0,25.0,25.0,24.0,9.544,0.0,0.0,1.0,1781028010990119009
1781028011093482378,0.00039321229028152493,57.26145610603559,103.13203356151276,-0.0013607059107305713,-0.014549580461997912,-0.0002902236200392364,1.0524825996082837e-7,4.895262836071867e-6,-8.526184576884638e-7,4.993523687700408e-6,1.840972451466791e-6,2.4656529713085765e-7,0.01187638900029685,5.9363773849002115,2.770168683796794,0.3821987699282904,0.319671571414964,0.1236892581413315,25.0,25.0,25.0,25.0,25.0,25.0,24.0,9.544,0.0,0.0,1.0,1781028011082520202
1781028011194754497,0.0003932244366820467,57.261456471536384,103.13203348049625,-0.001360175084758431,-0.014549449483679436,-0.0002901979500261627,1.234686785176603e-7,8.354491747319412e-7,-5.893080010563179e-7,5.160617949595631e-6,6.024461393757327e-8,2.8585967182571225e-7,0.01185906408110147,5.9363764519905855,2.770165154218847,0.3822016028982343,0.3196721728090009,0.1236900608826472,25.0,25.0,25.0,25.0,25.0,25.0,24.0,9.544,0.0,0.0,1.0,1781028011184949091
1781028011293352515,0.00039323680555753527,57.261456473851254,103.13203342711552,-0.0013596397202442715,-0.014549483364341734,-0.00029016524270531667,1.163938509759071e-7,-2.764847793394572e-7,-4.874591984623581e-7,5.1401810331238265e-6,-4.613727224029263e-7,3.2391560497642733e-7,0.011841646452485234,5.936376533906458,2.770162518479236,0.3822043581043093,0.3196722856182101,0.12369083116540962,25.0,25.0,25.0,25.0,25.0,25.0,24.0,9.544,0.0,0.0,1.0,1781028011288147102
1781028011394025886,0.0003932488738411134,57.261456440172395,103.13203337654116,-0.0013591037017055547,-0.014549533339397824,-0.00029013138771029774,1.1568882001629181e-7,-3.404661481704678e-7,-4.850717165309357e-7,5.149079148187989e-6,-4.86059449230389e-7,3.25300558646175e-7,0.011824271163960476,5.9363761452287385,2.7701594520815354,0.3822071455379898,0.3196726273011552,0.12369161397492044,25.0,25.0,25.0,25.0,25.0,25.0,24.0,9.544,0.0,0.0,1.0,1781028011386201141
1781028011493828302,0.0003932609301998094,57.26145640445562,103.13203332601944,-0.001358567247231002,-0.01454958406601947,-0.0002900974975799076,1.158064875967605e-7,-3.436692089522661e-7,-4.84946203310218e-7,5.150188350767454e-6,-4.87407133776146e-7,3.254046343746933e-7,0.01180689855280249,5.93637573026184,2.7701563620416803,0.3822099350500357,0.3196729813940169,0.12369239756266408,25.0,25.0,25.0,25.0,25.0,25.0,24.0,9.544,0.0,0.0,1.0,1781028011482607311
1781028011593806781,0.00039327300024205825,57.261456368648915,103.13203327550934,-0.0013580308047798737,-0.014549634867428664,-0.0002900635896055293,1.15927431120597e-7,-3.437829893453443e-7,-4.848672872261431e-7,5.149437954928227e-6,-4.879550130894496e-7,3.25632129272274e-7,0.01178952582166733,5.936375313678351,2.7701532706137963,0.3822127247742383,0.31967333615882837,0.12369318122205757,25.0,25.0,25.0,25.0,25.0,25.0,24.0,9.544,0.0,0.0,1.0,1781028011586896658
1781028011693997612,0.0003932850812705334,57.26145633283164,103.13203322500276,-0.0013574944594139631,-0.014549685726072716,-0.000290029655253788,1.1601928398989847e-7,-3.439088482720115e-7,-4.848603757375556e-7,5.14839821999123e-6,-4.885160642351251e-7,3.259050635424681e-7,0.011772152737427231,5.936374896928442,2.7701501790304497,0.3822155145695413,0.3196736909606796,0.1236939649026178,25.0,25.0,25.0,25.0,25.0,25.0,24.0,9.544,0.0,0.0,1.0,1781028011684220903
1781028011794046013,0.0003932971711400898,57.26145629699758,103.13203317449472,-0.0013569582225915673,-0.014549736643165164,-0.00028999569221754,1.1610076140839737e-7,-3.441001895754597e-7,-4.848933561838709e-7,5.147385279499901e-6,-4.890712949715573e-7,3.261761729523307e-7,0.011754779270441778,5.936374480088134,2.770147087356397,0.3822183044228899,0.3196740457649658,0.12369474859979812,25.0,25.0,25.0,25.0,25.0,25.0,24.0,9.544,0.0,0.0,1.0,1781028011794265305
1781028011893237928,0.0003933092686595809,57.26145626114404,103.13203312398372,-0.001356422094786419,-0.01454978761895839,-0.00028996169989758833,1.1616754573894754e-7,-3.442813016363637e-7,-4.849171816729819e-7,5.146314669734251e-6,-4.89640976620305e-7,3.264649640308603e-7,0.01173740542590558,5.936374063187405,2.7701439955970355,0.3822210943302647,0.3196744005714277,0.12369553231252577,25.0,25.0,25.0,25.0,25.0,25.0,24.0,9.544,0.0,0.0,1.0,1781028011892218122
1781028011993689568,0.0003933189516119719,57.26145623244676,103.13203308357252,-0.0013559932698616333,-0.014549828441741514,-0.0002899344848819965,1.1621899374853074e-7,-3.444413324994074e-7,-4.849476889577148e-7,5.1455132039232115e-6,-4.900859376664779e-7,3.266870423580149e-7,0.011723506078082284,5.936373729604085,2.7701415221237355,0.38222332629688943,0.31967468441815977,0.12369615929436276,25.0,25.0,25.0,25.0,25.0,25.0,24.0,9.544,0.0,0.0,1.0,1781028011975543231
1781028012094017911,0.0003933310607962396,57.26145619655718,103.13203303305546,-0.0013554573341177155,-0.01454987952281196,-0.00028990043953410583,1.162747681448915e-7,-3.44633833997338e-7,-4.849806245761463e-7,5.144506301514413e-6,-4.906453966331578e-7,3.269701064133873e-7,0.011706131542482756,5.936373312562074,2.7701384302047622,0.3822261163047753,0.31967503922955304,0.12369694303582036,25.0,25.0,25.0,25.0,25.0,25.0,24.0,9.544,0.0,0.0,1.0,1781028012076222738
1781028012193656577,0.00039334317539298615,57.2614561606477,103.132032982535,-0.0013549215026959554,-0.01454993066213981,-0.0002898663646014347,1.1632318735014488e-7,-3.448231820106329e-7,-4.850128408382911e-7,5.143511227705727e-6,-4.912044915323193e-7,3.272548797074647e-7,0.011688756632652448,5.936372895449567,2.770135338196079,0.38222890636635193,0.3196753940434345,0.12369772679265076,25.0,25.0,25.0,25.0,25.0,25.0,24.0,9.544,0.0,0.0,1.0,1781028012177480993
1781028012293980098,0.00039335529467449153,57.26145612471855,103.13203293201116,-0.0013543857738106773,-0.014549981859547333,-0.0002898322600216398,1.1636475161211883e-7,-3.4501057761217185e-7,-4.850450189118436e-7,5.1425307386535586e-6,-4.91762041430454e-7,3.275404544861801e-7,0.01167138137015372,5.936372478264967,2.770132246098044,0.38223169648318106,0.3196757488597263,0.12369851056546136,25.0,25.0,25.0,25.0,25.0,25.0,24.0,9.544,0.0,0.0,1.0,1781028012277976331
1781028012393586970,0.0003933674179351335,57.26145608876992,103.13203288148397,-0.0013538501457723128,-0.01455003311486667,-0.00028979812572951997,1.1639947184533405e-7,-3.4519585376653765e-7,-4.850764951586558e-7,5.14156716932066e-6,-4.923181443846998e-7,3.2782673863147594e-7,0.011654005708544442,5.936372061005128,2.7701291539104935,0.3822344866545358,0.3196761036785841,0.12369929435364004,25.0,25.0,25.0,25.0,25.0,25.0,24.0,9.544,0.0,0.0,1.0,1781028012380392254
1781028012493341164,0.0003933795444960739,57.26145605280196,103.13203283095338,-0.0013533146167160222,-0.014550084427906064,-0.00028976396169841297,1.1642809628459737e-7,-3.453802697872177e-7,-4.8510880374269e-7,5.140626178864445e-6,-4.928708773300518e-7,3.281121974628219e-7,0.011636629668705082,5.936371643665371,2.7701260616311782,0.382237276881042,0.3196764585003011,0.12370007815749108,25.0,25.0,25.0,25.0,25.0,25.0,24.0,9.544,0.0,0.0,1.0,1781028012479162022
1781028012593826316,0.0003933916736950556,57.26145601681487,103.13203278041942,-0.001352779184899815,-0.01455013579848719,-0.00028972976788999645,1.1645026942216686e-7,-3.455627001049515e-7,-4.851405318147334e-7,5.139699393070409e-6,-4.934229388794125e-7,3.283985342747954e-7,0.011619253258916258,5.936371226254445,2.770122969261117,0.3822400671617446,0.3196768133254264,0.12370086197684424,25.0,25.0,25.0,25.0,25.0,25.0,24.0,9.544,0.0,0.0,1.0,1781028012582283154
1781028012693526463,0.0003934038048990709,57.26145598080882,103.13203272988213,-0.0013522438484600723,-0.014550187226408018,-0.00028969554429990763,1.1646876642245453e-7,-3.457524052360664e-7,-4.851788666010028e-7,5.138818227956909e-6,-4.939667715460503e-7,3.286786637975254e-7,0.011601876471229323,5.936370808763112,2.7701198767973736,0.3822428574968293,0.31967716815324676,0.12370164581159114,25.0,25.0,25.0,25.0,25.0,25.0,24.0,9.544,0.0,0.0,1.0,1781028012679734087
1781028012793884862,0.0003934159374663644,57.26145594478405,103.13203267934152,-0.0013517086058429364,-0.014550238711538172,-0.00028966129086226817,1.1647654776751113e-7,-3.459209575121073e-7,-4.852033421860563e-7,5.137894930743909e-6,-4.945217477453159e-7,3.2897213730752604e-7,0.011584499305923916,5.936370391209607,2.7701167842435197,0.38224564788503546,0.31967752298407887,0.12370242966142247,25.0,25.0,25.0,25.0,25.0,25.0,24.0,9.544,0.0,0.0,1.0,1781028012785582795
1781028012893432880,0.00039342807081645874,57.26145590874067,103.1320326287976,-0.0013511734549906398,-0.0145502902536296,-0.00028962700763190437,1.164825314469105e-7,-3.461038727328128e-7,-4.852389743767413e-7,5.137037862589491e-6,-4.950644269957566e-7,3.292547440618767e-7,0.0115671217668399,5.936369973571906,2.7701136915961757,0.3822484383282526,0.31967787781758117,0.1237032135268263,25.0,25.0,25.0,25.0,25.0,25.0,24.0,9.544,0.0,0.0,1.0,1781028012880590756
1781028012993696892,0.0003934402043545216,57.2614558726789,103.13203257825036,-0.0013506383942877582,-0.014550341852534098,-0.0002895926945764847,1.1648105752382653e-7,-3.462765051441358e-7,-4.85268066184965e-7,5.136172406279242e-6,-4.956107113925049e-7,3.295428306149312e-7,0.011549743856774748,5.9363695558634895,2.770110598856301,0.3822512288254633,0.31967823265451606,0.1237039974075555,25.0,25.0,25.0,25.0,25.0,25.0,24.0,9.544,0.0,0.0,1.0,1781028012986212119
1781028013093977031,0.0003934523375222125,57.26145583659891,103.13203252769983,-0.0013501034218231496,-0.014550393508039244,-0.0002895583517305328,1.1647546951909597e-7,-3.464530707182098e-7,-4.85301166983749e-7,5.1353399420389695e-6,-4.961519631387992e-7,3.2982735119429364e-7,0.011532365571925097,5.936369138079456,2.770107506021535,0.38225401937607273,0.3196785874952033,0.123704781303384,25.0,25.0,25.0,25.0,25.0,25.0,24.0,9.544,0.0,0.0,1.0,1781028013085790386
1781028013193551629,0.00039346446976697554,57.2614558005009,103.13203247714608,-0.0013495685358779763,-0.01455044521997248,-0.0002895239790990167,1.1646376669299361e-7,-3.466233176071409e-7,-4.853313775483936e-7,5.134511552995811e-6,-4.966936761144422e-7,3.301142883643057e-7,0.011514986928580329,5.936368720220949,2.770104413094799,0.3822568099818064,0.31967894233792254,0.12370556521489058,25.0,25.0,25.0,25.0,25.0,25.0,24.0,9.544,0.0,0.0,1.0,1781028013184456856
1781028013293916851,0.0003934766005621753,57.26145576438502,103.13203242658903,-0.0013490337346231589,-0.014550496988135682,-0.0002894895767177983,1.1644621480198397e-7,-3.467893842633917e-7,-4.853587714655274e-7,5.133691956430092e-6,-4.972362087048941e-7,3.304031926289614e-7,0.011497607891159455,5.936368302292018,2.7701013200723783,0.3822596006394326,0.31967929718523963,0.12370634914089966,25.0,25.0,25.0,25.0,25.0,25.0,24.0,9.544,0.0,0.0,1.0,1781028013283152433
1781028013394209242,0.0003934887294009589,57.26145572825143,103.13203237602876,-0.001348499016184852,-0.014550548812322903,-0.00028945514463874704,1.1642525397445185e-7,-3.469590186583251e-7,-4.853903608718705e-7,5.132906533676779e-6,-4.977729701850886e-7,3.306877800162787e-7,0.011480228493315118,5.936367884283349,2.770098226954188,0.3822623913513966,0.3196796520360265,0.12370713308229976,25.0,25.0,25.0,25.0,25.0,25.0,24.0,9.544,0.0,0.0,1.0,1781028013383729688
1781028013494096349,0.0003935008557889788,57.26145569210032,103.13203232546527,-0.0013479643787357738,-0.01455060069233578,-0.00028942068291123475,1.1640215111478001e-7,-3.471371883578873e-7,-4.854288737709491e-7,5.132170170911678e-6,-4.983008048045551e-7,3.3096489429163785e-7,0.011462848704064884,5.936367466193205,2.770095133741651,0.382265182117856,0.3196800068880082,0.12370791703883913,25.0,25.0,25.0,25.0,25.0,25.0,24.0,9.544,0.0,0.0,1.0,1781028013482852851
1781028013593467085,0.00039351297923470986,57.261455655931904,103.1320322748986,-0.0013474298206173063,-0.014550652628012877,-0.0002893861915541842,1.1637071846315368e-7,-3.472983574551432e-7,-4.854564369790461e-7,5.131404991721897e-6,-4.98836863756051e-7,3.312517904133925e-7,0.011445468560780738,5.936367048036157,2.7700920404326306,0.3822679729368514,0.3196803617456041,0.1237087010103456,25.0,25.0,25.0,25.0,25.0,25.0,24.0,9.544,0.0,0.0,1.0,1781028013586923339
1781028013693493265,0.00039352509928479657,57.261455619746314,103.13203222432873,-0.0013468953398964147,-0.014550704619131168,-0.00028935167065455617,1.1633541689039013e-7,-3.474597726798483e-7,-4.85485131544454e-7,5.130662380623566e-6,-4.993699136601611e-7,3.31536813042069e-7,0.011428088046000245,5.93636662980342,2.7700889470287096,0.3822707638099234,0.3196807166062043,0.12370948499704956,25.0,25.0,25.0,25.0,25.0,25.0,24.0,9.544,0.0,0.0,1.0,1781028013683454326
1781028013793803427,0.0003935372154938936,57.26145558354372,103.13203217375568,-0.001346360934730389,-0.014550756665490766,-0.00028931712028609725,1.1629715264647085e-7,-3.476245582061887e-7,-4.855174262737404e-7,5.129953056821503e-6,-4.998974599622681e-7,3.318176409539622e-7,0.011410707147711445,5.936366211491182,2.7700858535270396,0.3822735547363112,0.3196810714698939,0.1237102689985873,25.0,25.0,25.0,25.0,25.0,25.0,24.0,9.544,0.0,0.0,1.0,1781028013791357667
1781028013893659057,0.0003935493274262591,57.26145554732432,103.13203212317948,-0.001345826603351416,-0.01455080876690292,-0.00028928254051302575,1.1625315823261753e-7,-3.4778134185238434e-7,-4.855440367643867e-7,5.129239931124844e-6,-5.004281326234455e-7,3.32102476179558e-7,0.011393325884383724,5.936365793112448,2.7700827599297484,0.38227634571518576,0.3196814263375556,0.1237110530149279,25.0,25.0,25.0,25.0,25.0,25.0,24.0,9.544,0.0,0.0,1.0,1781028013886564364
1781028013993726010,0.0003935590136147164,57.26145551833681,103.13203208271628,-0.001345399190124676,-0.014550850487530402,-0.00028925485558493116,1.1621499627583378e-7,-3.479059446797026e-7,-4.85565677625531e-7,5.128683397190685e-6,-5.0085113311245e-7,3.323296527157285e-7,0.011379420606034278,5.9363654583518795,2.7700802849825843,0.3822785785368102,0.31968171023469655,0.12371168023876476,25.0,25.0,25.0,25.0,25.0,25.0,24.0,9.543,0.0,0.0,1.0,1781028013974387833
1781028014094093401,0.0003935735368166933,57.26145547483571,103.13203202201775,-0.0013447581545009688,-0.014550913134053656,-0.0002892132931221363,1.1615520512776925e-7,-3.480965334601083e-7,-4.856035261010294e-7,5.12789089799556e-6,-5.014779134120942e-7,3.326642756058541e-7,0.011358562241790196,5.93636495611719,2.7700765724423135,0.38228192783368126,0.3196821360835752,0.12371262109251686,25.0,25.0,25.0,25.0,25.0,25.0,24.0,9.543,0.0,0.0,1.0,1781028014091996543
1781028014193791686,0.0003935832146088238,57.26145544582192,103.1320319815496,-0.0013443308522095914,-0.0145509549419719,-0.00028918556150572274,1.1611250032944695e-7,-3.4822338110696365e-7,-4.856285454531936e-7,5.1273785421967426e-6,-5.018938914172872e-7,3.328862451205335e-7,0.011344656366870352,5.93636462123216,2.7700740973368325,0.38228416074108534,0.31968241998649666,0.12371324834032112,25.0,25.0,25.0,25.0,25.0,25.0,24.0,9.543,0.0,0.0,1.0,1781028014177632269
1781028014293444466,0.0003935977243010211,57.26145540228181,103.13203192084364,-0.001343689978607166,-0.014551017718946246,-0.00028914392925014374,1.1604420676979225e-7,-3.484120172873115e-7,-4.856654936166259e-7,5.126629988798253e-6,-5.025161182582728e-7,3.332181295736556e-7,0.011323797118188636,5.936364118817929,2.7700703845622052,0.382287510165368,0.31968284584495976,0.123714189229727,25.0,25.0,25.0,25.0,25.0,25.0,24.0,9.543,0.0,0.0,1.0,1781028014289667283
1781028014394107704,0.0003936098088924524,57.26145536598085,103.13203187025204,-0.0013431559885366054,-0.014551070092560452,-0.0002891092038721897,1.1598047471258675e-7,-3.485550451624387e-7,-4.856878230488345e-7,5.125988373360962e-6,-5.030405396265801e-7,3.335019234525698e-7,0.011306413997421686,5.936363700063506,2.770067290475693,0.3822903014098296,0.3196832007313869,0.12371497332024647,25.0,25.0,25.0,25.0,25.0,25.0,24.0,9.543,0.0,0.0,1.0,1781028014392257641
1781028014493736067,0.0003936218869264471,57.261455329664024,103.13203181965736,-0.0013426220611030585,-0.014551122519978477,-0.00028907444972032007,1.1591648846259357e-7,-3.487080263213719e-7,-4.857184408246471e-7,5.125402305900994e-6,-5.035543515570599e-7,3.337760193423229e-7,0.01128903050793344,5.936363281221629,2.7700641962882995,0.3822930927085701,0.31968355562193396,0.1237157574258855,25.0,25.0,25.0,25.0,25.0,25.0,24.0,9.543,0.0,0.0,1.0,1781028014491988227
1781028014593745350,0.0003936315444117847,57.26145530059927,103.13203177917948,-0.0013421949630110655,-0.014551164500508343,-0.00028904662576867136,1.1586550514012497e-7,-3.4883970345822706e-7,-4.857504049195113e-7,5.1249769644884135e-6,-5.039573271553733e-7,3.3398764720269914e-7,0.011275123448882703,5.936362946088564,2.7700617208673384,0.3822953257864912,0.31968383953602797,0.12371638472120094,25.0,25.0,25.0,25.0,25.0,25.0,24.0,9.543,0.0,0.0,1.0,1781028014575720649
1781028014694185586,0.0003936436097975603,57.261455264254394,103.13203172857943,-0.0013416611438660342,-0.014551217024294604,-0.00028901182009742453,1.157934203375479e-7,-3.489801693918993e-7,-4.857730120412823e-7,5.124390939034908e-6,-5.044749110055081e-7,3.34266686587206e-7,0.011257739298250576,5.9363625271212275,2.7700586265029643,0.38229811717905654,0.31968419443352597,0.12371716885298932,25.0,25.0,25.0,25.0,25.0,25.0,24.0,9.543,0.0,0.0,1.0,1781028014674089329
1781028014793343651,0.0003936556677224423,57.26145522789414,103.1320316779764,-0.0013411273822214196,-0.014551269601306786,-0.00028897698600803144,1.1572166800232735e-7,-3.491323293715648e-7,-4.858053605433742e-7,5.123864398553517e-6,-5.049812424422076e-7,3.345351844273908e-7,0.011240354765772748,5.93636210806704,2.770055532037523,0.3823009086261296,0.31968454933442625,0.1237179529998244,25.0,25.0,25.0,25.0,25.0,25.0,24.0,9.543,0.0,0.0,1.0,1781028014783008851
1781028014893809860,0.0003936677178806597,57.261455191518685,103.13203162737048,-0.0013405936762912484,-0.014551322231351508,-0.0002889421236237361,1.1564525216016905e-7,-3.492756566831806e-7,-4.858317777221434e-7,5.123331474533875e-6,-5.054910700298729e-7,3.348076583161773e-7,0.011222969871864727,5.9363616889447135,2.7700524374722653,0.3823037001250061,0.319684904240285,0.1237187371611386,25.0,25.0,25.0,25.0,25.0,25.0,24.0,9.543,0.0,0.0,1.0,1781028014876821723
1781028014993570830,0.0003936797599840345,57.26145515512819,103.1320315767616,-0.0013400600241894498,-0.014551374914215478,-0.00028890723309428804,1.1556618286882953e-7,-3.494176679933185e-7,-4.858584327820982e-7,5.122817670413652e-6,-5.059983874831727e-7,3.350784152606352e-7,0.011205584608700704,5.936361269746368,2.7700493428063986,0.38230649167628306,0.31968525914937324,0.12371952133695732,25.0,25.0,25.0,25.0,25.0,25.0,24.0,9.543,0.0,0.0,1.0,1781028014981313232
1781028015094274936,0.0003936917937597196,57.26145511872283,103.13203152614985,-0.0013395264240936011,-0.014551427649685544,-0.00028887231456923917,1.1548514904763437e-7,-3.495589807910235e-7,-4.858862795790421e-7,5.122326732643608e-6,-5.065018931546677e-7,3.353462624692849e-7,0.011188198980097082,5.936360850466792,2.7700462480385597,0.3823092832819054,0.31968561406291013,0.123720305527892,25.0,25.0,25.0,25.0,25.0,25.0,24.0,9.543,0.0,0.0,1.0,1781028015078158405
1781028015194278893,0.00039370381894499745,57.26145508230272,103.13203147553516,-0.0013389928740738294,-0.014551480437542823,-0.00028883736821701055,1.1540136418951624e-7,-3.497000990655072e-7,-4.859129268062208e-7,5.121852908782742e-6,-5.070045571617856e-7,3.35613044102042e-7,0.01117081298185086,5.936360431116341,2.7700431531721024,0.38231207493909386,0.3196859689808558,0.12372108973311167,25.0,25.0,25.0,25.0,25.0,25.0,24.0,9.543,0.0,0.0,1.0,1781028015184595168
1781028015294036319,0.0003937158352811739,57.26145504586804,103.13203142491771,-0.0013384593723008388,-0.014551533277578957,-0.00028880239419051904,1.1531676874343185e-7,-3.498456917023468e-7,-4.859454364368748e-7,5.121419640377093e-6,-5.074998717806002e-7,3.358734586844147e-7,0.011153426592689737,5.9363600116818445,2.7700400582023885,0.38231486664975023,0.3196863239022221,0.12372187395293024,25.0,25.0,25.0,25.0,25.0,25.0,24.0,9.543,0.0,0.0,1.0,1781028015281179756
1781028015393878131,0.00039372784252315825,57.26145500941898,103.13203137429744,-0.0013379259170051344,-0.014551586169596576,-0.00028876739264132304,1.1522601820655041e-7,-3.499732409400796e-7,-4.859651001843562e-7,5.120950795283806e-6,-5.080047518558872e-7,3.361437114383526e-7,0.011136039860363165,5.936359592186444,2.7700369631331183,0.3823176584116674,0.31968667882840357,0.12372265818715618,25.0,25.0,25.0,25.0,25.0,25.0,24.0,9.543,0.0,0.0,1.0,1781028015384350256
1781028015493456945,0.0003937398404518209,57.261454972955626,103.1320313236743,-0.0013373925061531196,-0.014551639113342703,-0.00028873236377934414,1.151368091360558e-7,-3.501147669941313e-7,-4.85995270614493e-7,5.120547516544892e-6,-5.08497233005815e-7,3.364017661896986e-7,0.011118652753938486,5.936359172603589,2.7700338679605596,0.3823204502272967,0.3196870337589031,0.12372344243618016,25.0,25.0,25.0,25.0,25.0,25.0,24.0,9.543,0.0,0.0,1.0,1781028015480666363
1781028015594214018,0.00039375182883038894,57.261454936478195,103.13203127304844,-0.0013368591380190475,-0.014551692108635838,-0.00028869730774654356,1.150441040830964e-7,-3.502487658042867e-7,-4.860217235923618e-7,5.120146245318554e-6,-5.089907746591319e-7,3.3666169501261725e-7,0.011101265276878046,5.93635875294465,2.7700307726875377,0.38232324209637214,0.31968738869299884,0.1237242266999268,25.0,25.0,25.0,25.0,25.0,25.0,24.0,9.543,0.0,0.0,1.0,1781028015586999907
1781028015693869831,0.000393763807459815,57.2614548999868,103.1320312224198,-0.0013363258106135832,-0.014551745155231952,-0.0002886622247560191,1.1495041497459416e-7,-3.503860465483334e-7,-4.860504129645203e-7,5.119775220465666e-6,-5.094799984008091e-7,3.369172550641399e-7,0.01108387741544323,5.936358333209825,2.770027677308914,0.382326034016705,0.31968774363253655,0.12372501097771609,25.0,25.0,25.0,25.0,25.0,25.0,24.0,9.543,0.0,0.0,1.0,1781028015683776510
1781028015793438826,0.00039377577612135806,57.261454863481646,103.1320311717885,-0.0013357925222488925,-0.014551798252955458,-0.00028862711495180693,1.1485105474762827e-7,-3.505061451765714e-7,-4.860683691701492e-7,5.119373547713323e-6,-5.099776009783454e-7,3.371816121172004e-7,0.01106648920776172,5.936357913409598,2.7700245818310285,0.3823288259892176,0.3196880985759712,0.12372579527007016,25.0,25.0,25.0,25.0,25.0,25.0,24.0,9.543,0.0,0.0,1.0,1781028015787322320
1781028015894018904,0.00039378773464103734,57.261454826962826,103.13203112115448,-0.001335259270854482,-0.014551851401539247,-0.0002885919785726515,1.1475430317185517e-7,-3.50642185544088e-7,-4.860987613290526e-7,5.119046688832446e-6,-5.104601581900537e-7,3.374314882717443e-7,0.011049100614822224,5.936357493515922,2.770021486248989,0.3823316180163911,0.3196884535227743,0.12372657957730472,25.0,25.0,25.0,25.0,25.0,25.0,24.0,9.543,0.0,0.0,1.0,1781028015886115077
1781028015993764322,0.00039379968283072503,57.26145479043049,103.13203107051775,-0.001334726054602121,-0.01455190460077821,-0.000288556815803138,1.14655919533583e-7,-3.5077816840925714e-7,-4.861288795923851e-7,5.118738144389492e-6,-5.109414519264147e-7,3.376795519399138e-7,0.011031711653858809,5.936357073552758,2.770018390563853,0.3823344100948181,0.31968880847506537,0.12372736389869844,25.0,25.0,25.0,25.0,25.0,25.0,24.0,9.543,0.0,0.0,1.0,1781028015988402968
1781028016093572512,0.0003938116205048955,57.26145475388485,103.13203101987844,-0.0013341928717703585,-0.014551957850485795,-0.00028852162681126546,1.1455217161340561e-7,-3.5089686268477394e-7,-4.861475570177128e-7,5.118400409899475e-6,-5.114305333576824e-7,3.37936046965026e-7,0.011014322328182865,5.93635665352206,2.770015294776388,0.3823372022251067,0.3196891634312989,0.12372814823438376,25.0,25.0,25.0,25.0,25.0,25.0,24.0,9.543,0.0,0.0,1.0,1781028016085700235
1781028016193911815,0.0003938235475114384,57.261454717326,103.1320309692365,-0.001333659720331091,-0.014552011150405005,-0.0002884864118367949,1.1444872693613261e-7,-3.510218606612629e-7,-4.861716748907275e-7,5.118102854540452e-6,-5.11912684665853e-7,3.381854793102808e-7,0.010996932643850791,5.936356233410326,2.7700121988840416,0.3823399944083821,0.3196895183927906,0.123728932584727,25.0,25.0,25.0,25.0,25.0,25.0,24.0,9.543,0.0,0.0,1.0,1781028016187281252
1781028016293511570,0.0003938354636882713,57.26145468075411,103.13203091859198,-0.0013331265984500296,-0.014552064500329653,-0.000288451171076697,1.1434434284600477e-7,-3.511478549319465e-7,-4.861975095807245e-7,5.117832145717219e-6,-5.123908850107269e-7,3.384311557958959e-7,0.010979542581041066,5.936355813218723,2.770009102889162,0.38234278664490257,0.3196898733584058,0.12372971694961096,25.0,25.0,25.0,25.0,25.0,25.0,24.0,9.543,0.0,0.0,1.0,1781028016286638009
1781028016393960511,0.0003938473688903393,57.26145464416933,103.13203086794488,-0.0013325935042616977,-0.01455211790003446,-0.0002884159047454386,1.1423852792868762e-7,-3.512709716868268e-7,-4.862219106415225e-7,5.117575978049688e-6,-5.128672361057104e-7,3.3867523136491976e-7,0.01096215214869368,5.936355392949812,2.770006006789018,0.3823455789339003,0.3196902283286169,0.12373050132888828,25.0,25.0,25.0,25.0,25.0,25.0,24.0,9.543,0.0,0.0,1.0,1781028016393494975
1781028016493527700,0.0003938592629726561,57.26145460757183,103.13203081729532,-0.0013320604359347004,-0.014552171349313754,-0.00028838061304864914,1.1412930895128445e-7,-3.513860013662201e-7,-4.862411172469712e-7,5.1173148540221135e-6,-5.133471586203871e-7,3.389226928786121e-7,0.010944761350251403,5.936354972612795,2.770002910586421,0.3823483712742799,0.31969058330375577,0.12373128572229916,25.0,25.0,25.0,25.0,25.0,25.0,24.0,9.543,0.0,0.0,1.0,1781028016489508244
1781028016593701407,0.00039387114581905487,57.26145457096167,103.1320307666432,-0.0013315273914193111,-0.014552224847903032,-0.00028834529624662415,1.140242294751172e-7,-3.515196152710213e-7,-4.862752496292754e-7,5.117137567255325e-6,-5.138098158181654e-7,3.391532244938606e-7,0.010927370165608756,5.936354552181485,2.769999814276587,0.38235116366930744,0.31969093828164497,0.1237320701305,25.0,25.0,25.0,25.0,25.0,25.0,24.0,9.543,0.0,0.0,1.0,1781028016592996369
1781028016693564886,0.00039388301728976894,57.26145453433907,103.13203071598863,-0.0013309943690269382,-0.0145522783956234,-0.0002883099545215432,1.1391509068247933e-7,-3.5164087170968457e-7,-4.86300135319328e-7,5.11694040014031e-6,-5.14279116152995e-7,3.3938990051988937e-7,0.01090997863844208,5.936354131686659,2.769996717864624,0.38235395611556944,0.3196912932652492,0.12373285455298076,25.0,25.0,25.0,25.0,25.0,25.0,24.0,9.543,0.0,0.0,1.0,1781028016686707466
1781028016793970740,0.00039389487727244413,57.261454497704186,103.13203066533164,-0.0013304613668403617,-0.014552331992242798,-0.0002882745881099027,1.1380347359169437e-7,-3.5175521468453177e-7,-4.863208870607207e-7,5.1167452237922036e-6,-5.147497927342572e-7,3.396280656333215e-7,0.010892586725632931,5.936353711114592,2.769993621346591,0.3823567486139735,0.3196916482545921,0.12373363898962418,25.0,25.0,25.0,25.0,25.0,25.0,24.0,9.543,0.0,0.0,1.0,1781028016792020036
1781028016894259533,0.0003939067256589314,57.261454461057134,103.13203061467225,-0.0013299283830114264,-0.014552385637542516,-0.0002882391972403366,1.136897095488492e-7,-3.5186335368968405e-7,-4.863376758113736e-7,5.116552182513727e-6,-5.15221844111057e-7,3.3986739764808324e-7,0.01087519445632513,5.936353290473797,2.7699905247265093,0.38235954116476306,0.3196920032476153,0.1237344234407058,25.0,25.0,25.0,25.0,25.0,25.0,24.0,9.543,0.0,0.0,1.0,1781028016889209518
1781028016993839904,0.00039391619595335344,57.26145443173083,103.13203057414302,-0.0013295020078430014,-0.014552428588668566,-0.00028821086710463447,1.1360040864605017e-7,-3.519577043028932e-7,-4.863586974862324e-7,5.1164420966000865e-6,-5.155903026608749e-7,3.400502299621877e-7,0.010861280374535228,5.936352953893298,2.7699880473524137,0.38236177524494874,0.3196922872447783,0.12373505101235067,25.0,25.0,25.0,25.0,25.0,25.0,24.0,9.543,0.0,0.0,1.0,1781028016969511202
1781028017093455784,0.0003939303872624455,57.26145438772708,103.13203051334634,-0.001328862462633518,-0.014552493073230222,-0.00028816834312868415,1.1346435616742229e-7,-3.520952451460005e-7,-4.863857676353624e-7,5.11628431973853e-6,-5.161449627140923e-7,3.403250727666931e-7,0.010840408798227976,5.936352448943022,2.7699843311651056,0.3823651264251765,0.3196927132477791,0.1237359923861514,25.0,25.0,25.0,25.0,25.0,25.0,24.0,9.543,0.0,0.0,1.0,1781028017088673054
1781028017193927319,0.0003939398386440952,57.26145435838183,103.13203047281336,-0.001328436109519179,-0.014552536101361384,-0.00028813997479699836,1.1337320340840204e-7,-3.521861862387573e-7,-4.864042239486607e-7,5.116196578560606e-6,-5.165120779275991e-7,3.405057782855802e-7,0.010826494122825409,5.93635211224612,2.7699818536234107,0.3823673605880453,0.3196929972528736,0.12373661998036344,25.0,25.0,25.0,25.0,25.0,25.0,24.0,9.543,0.0,0.0,1.0,1781028017168954458
1781028017293819742,0.00039395164211768424,57.26145432168984,103.13203042214508,-0.0013279031780911014,-0.014552589929555833,-0.0002881044932082067,1.132580518547891e-7,-3.522963793938136e-7,-4.864255822867079e-7,5.116095590780873e-6,-5.169705950569063e-7,3.407310667455654e-7,0.010809100447432014,5.936351691306493,2.7699787566011667,0.38237015333946023,0.31969335226396445,0.12373740448623628,25.0,25.0,25.0,25.0,25.0,25.0,24.0,9.543,0.0,0.0,1.0,1781028017275983944
1781028017394200805,0.00039396343358206993,57.26145428498634,103.13203037147456,-0.0013273702559271508,-0.014552643805334097,-0.00028806898834063405,1.1314285845700365e-7,-3.524077548527112e-7,-4.864484051942827e-7,5.11602065180882e-6,-5.174251052960928e-7,3.409521913081556e-7,0.010791706402225468,5.936351270288047,2.769975659472943,0.3823729461434533,0.3196937072793087,0.1237381890064247,25.0,25.0,25.0,25.0,25.0,25.0,24.0,9.543,0.0,0.0,1.0,1781028017378934691
1781028017493942966,0.00039397756738213905,57.261454240927215,103.132030310667,-0.0013267307590013578,-0.014552708518784822,-0.0002880263521025556,1.1300216654923086e-7,-3.5253351786752346e-7,-4.864707758085012e-7,5.115935305563917e-6,-5.179720247011435e-7,3.4121877397143745e-7,0.010770833050416356,5.936350764970157,2.769971942778609,0.3823762975764477,0.3196941333045893,0.12373913044917972,25.0,25.0,25.0,25.0,25.0,25.0,24.0,9.543,0.0,0.0,1.0,1781028017493772411
1781028017594064782,0.0003939869802045388,57.26145421154547,103.13203027012688,-0.001326304432012819,-0.014552751698774983,-0.00028799790974345197,1.129089501320321e-7,-3.526190669611144e-7,-4.864875161195626e-7,5.115899982785839e-6,-5.183330083693537e-7,3.413924064383337e-7,0.010756917215681889,5.936350428029312,2.76996946489769,0.3823785319084911,0.3196944173252209,0.1237397580897599,25.0,25.0,25.0,25.0,25.0,25.0,24.0,9.543,0.0,0.0,1.0,1781028017585529749
1781028017694179444,0.00039399873524812465,57.26145417480834,103.1320302194498,-0.0013257715264657194,-0.014552805715976268,-0.000287962336533504,1.1279125201637488e-7,-3.527238202661965e-7,-4.865080375174745e-7,5.1158728406859766e-6,-5.187827980837925e-7,3.416080117224979e-7,0.010739522038001449,5.936350006782203,2.7699663674500368,0.3823813248685663,0.3196947723557524,0.12374054265228056,25.0,25.0,25.0,25.0,25.0,25.0,24.0,9.543,0.0,0.0,1.0,1781028017675427142
1781028017794045857,0.00039401047804575216,57.2614541380603,103.13203016877056,-0.001325238622731808,-0.01455285977986834,-0.000287926741055544,1.1267310536485729e-7,-3.528268972254182e-7,-4.865268214927428e-7,5.115860901753386e-6,-5.192307776945552e-7,3.418214207191204e-7,0.01072212651115046,5.936349585459235,2.769963269896571,0.382384117882433,0.3196951273910668,0.12374132722963949,25.0,25.0,25.0,25.0,25.0,25.0,24.0,9.543,0.0,0.0,1.0,1781028017783571509
1781028017894126948,0.000394022208561146,57.26145410130143,103.13203011808923,-0.0013247057188560394,-0.01455291389020948,-0.00028789112359115085,1.1255585412955684e-7,-3.529324924014271e-7,-4.865488470726865e-7,5.115877902744137e-6,-5.196735893586029e-7,3.4202930136194274e-7,0.010704730639011851,5.936349164056912,2.7699601722355567,0.3823869109500226,0.3196954824309977,0.12374211182182536,25.0,25.0,25.0,25.0,25.0,25.0,24.0,9.543,0.0,0.0,1.0,1781028017882542597
1781028017993424906,0.00039403392674803786,57.26145406453191,103.13203006740586,-0.0013241728130322377,-0.014552968046789488,-0.0002878554843864936,1.1243700783987163e-7,-3.53033822819535e-7,-4.865678437157125e-7,5.11590383557164e-6,-5.20117276534e-7,3.422374599084482e-7,0.01068733435286221,5.9363487425832515,2.769957074469863,0.3823897040681979,0.3196958374750406,0.12374289642738694,25.0,25.0,25.0,25.0,25.0,25.0,24.0,9.543,0.0,0.0,1.0,1781028017982732275
1781028018093557584,0.00039404563258054,57.26145402775185,103.13203001672046,-0.0013236399033469918,-0.014553022249371002,-0.0002878198237210734,1.1231871537669437e-7,-3.53135476035989e-7,-4.865885155281975e-7,5.115952984445911e-6,-5.205567291747246e-7,3.424412407448479e-7,0.01066993772802158,5.936348321026054,2.7699539765951724,0.3823924972408694,0.3196961925253219,0.12374368104804571,25.0,25.0,25.0,25.0,25.0,25.0,24.0,9.543,0.0,0.0,1.0,1781028018080795671
1781028018194254985,0.0003940573260347251,57.26145399096138,103.13202996603304,-0.001323106987896397,-0.014553076497721511,-0.0002877841418723284,1.1220145315854102e-7,-3.532418359222488e-7,-4.86612213709706e-7,5.116037848287598e-6,-5.209906744384786e-7,3.426387450105e-7,0.0106525407300397,5.936347899393409,2.7699508786143063,0.38239529046593657,0.3196965475796736,0.12374446568291048,25.0,25.0,25.0,25.0,25.0,25.0,24.0,9.543,0.0,0.0,1.0,1781028018184273135
1781028018293544977,0.0003940690070736164,57.2614539541607,103.13202991534372,-0.0013225740650324,-0.01455313079165742,-0.0002877484390658942,1.1207857984246961e-7,-3.533240739592181e-7,-4.866194590352066e-7,5.11607156227865e-6,-5.214371083415974e-7,3.4284872015806693e-7,0.010635143369176776,5.936347477694715,2.7699477805269663,0.38239808374284695,0.3196969026406444,0.12374525033195852,25.0,25.0,25.0,25.0,25.0,25.0,24.0,9.543,0.0,0.0,1.0,1781028018283381618
1781028018394200329,0.0003940806757136987,57.26145391734982,103.13202986465244,-0.0013220411324575635,-0.014553185130863198,-0.00028771271566908023,1.119629066188747e-7,-3.534361827498962e-7,-4.866491366723286e-7,5.116218433689879e-6,-5.218610750762809e-7,3.430353598383938e-7,0.010617745614578384,5.936347055901415,2.7699446823302805,0.3824008770732473,0.3196972577048436,0.12374603499526712,25.0,25.0,25.0,25.0,25.0,25.0,24.0,9.543,0.0,0.0,1.0,1781028018385577698
1781028018493404954,0.0003940923319149402,57.261453880528975,103.13202981395928,-0.0013215081887059748,-0.01455323951519654,-0.0002876769718727057,1.1184251032127397e-7,-3.535266304538667e-7,-4.866638974183084e-7,5.116321381846343e-6,-5.222959340848197e-7,3.432326857375145e-7,0.010600347505137062,5.936346634043895,2.76994158402816,0.3824036704561662,0.3196976127741324,0.1237468196729853,25.0,25.0,25.0,25.0,25.0,25.0,24.0,9.543,0.0,0.0,1.0,1781028018489031256
1781028018593786501,0.0003941039756909885,57.26145384369827,103.13202976326428,-0.0013209752316874072,-0.01455329394437892,-0.00028764120800841176,1.1172311081696486e-7,-3.53620580011438e-7,-4.866810547856202e-7,5.116455917936512e-6,-5.227256650650894e-7,3.434243202390294e-7,0.010582949026703696,5.936346212105087,2.7699384856166827,0.3824064638917699,0.3196979678492947,0.12374760436500816,25.0,25.0,25.0,25.0,25.0,25.0,24.0,9.543,0.0,0.0,1.0,1781028018588284555
1781028018693466703,0.0003941156070327348,57.261453806857816,103.13202971256746,-0.0013204422596128597,-0.014553348418205133,-0.0002876054243381296,1.1160361442997837e-7,-3.5371279464825716e-7,-4.866981000882699e-7,5.116608298212879e-6,-5.231532620783638e-7,3.4361341754389785e-7,0.010565550166204852,5.936345790090229,2.769935387099125,0.3824092573805313,0.31969832292834677,0.12374838907134617,25.0,25.0,25.0,25.0,25.0,25.0,24.0,9.543,0.0,0.0,1.0,1781028018683457428
1781028018794128170,0.00039412722595223433,57.26145377000772,103.13202966186884,-0.001319909270550088,-0.014553402936431304,-0.0002875696211639665,1.11484515596797e-7,-3.5380572190462045e-7,-4.867147237001132e-7,5.116780137962963e-6,-5.235789168998212e-7,3.437992345286416e-7,0.010548150955612987,5.936345368002934,2.7699322884735627,0.3824120509214808,0.31969867801373336,0.12374917379203114,25.0,25.0,25.0,25.0,25.0,25.0,24.0,9.543,0.0,0.0,1.0,1781028018789335928
1781028018893673119,0.00039413883245356353,57.26145373314819,103.13202961116848,-0.0013193762626942016,-0.014553457498837758,-0.00028753379875915444,1.113652127484265e-7,-3.538955838191002e-7,-4.867310527559808e-7,5.116968237814707e-6,-5.24002194832431e-7,3.439828137567219e-7,0.010530751354722092,5.936344945834801,2.769929189738852,0.3824148445150488,0.3196990331030998,0.1237499585267556,25.0,25.0,25.0,25.0,25.0,25.0,24.0,9.543,0.0,0.0,1.0,1781028018883822487
1781028018994117866,0.00039415042655350255,57.26145369627928,103.13202956046646,-0.001318843234165395,-0.014553512105192548,-0.00028749795741899863,1.1124596672141081e-7,-3.539829738151783e-7,-4.867464992917867e-7,5.11717054320336e-6,-5.244237938211969e-7,3.441641417270879e-7,0.01051335139526488,5.936344523589795,2.7699260908955448,0.3824176381623584,0.3196993881981078,0.12375074327618096,25.0,25.0,25.0,25.0,25.0,25.0,24.0,9.543,0.0,0.0,1.0,1781028018990326075
1781028019093656351,0.0003941620082700618,57.261453659401134,103.13202950976276,-0.0013183101830675943,-0.01455356675526688,-0.00028746209743827364,1.1112750362333849e-7,-3.540720617372891e-7,-4.867634080140337e-7,5.117400393562199e-6,-5.248414437362849e-7,3.4434079185783106e-7,0.010495951053811224,5.93634410126664,2.769922991944789,0.3824204318624805,0.319699743298229,0.12375152803980796,25.0,25.0,25.0,25.0,25.0,25.0,24.0,9.543,0.0,0.0,1.0,1781028019084680640
1781028019193769546,0.0003941735776257258,57.26145362251391,103.1320294590574,-0.00131777710759378,-0.014553621448837328,-0.0002874262191029401,1.1100786212354466e-7,-3.541544919949554e-7,-4.867756308652913e-7,5.117630646294012e-6,-5.252606398365662e-7,3.445184980717224e-7,0.010478550340056255,5.9363436788688135,2.7699198928860196,0.3824232256152048,0.31970009840310376,0.12375231281764722,25.0,25.0,25.0,25.0,25.0,25.0,24.0,9.543,0.0,0.0,1.0,1781028019193384231
1781028019293389135,0.0003941851346572186,57.26145358561768,103.13202940835046,-0.0013172440057388408,-0.014553676185644444,-0.00028739032273899194,1.1089179957396626e-7,-3.542489028616609e-7,-4.867971679470562e-7,5.117918052047046e-6,-5.256690242604686e-7,3.44684458039815e-7,0.01046114926416332,5.936343256387557,2.7699167937168743,0.3824260194217157,0.3197004535134455,0.12375309761012492,25.0,25.0,25.0,25.0,25.0,25.0,24.0,9.543,0.0,0.0,1.0,1781028019285335679
1781028019393752566,0.00039419667938261265,57.26145354871262,103.13202935764198,-0.0013167108758276548,-0.01455373096550036,-0.00028735440860510697,1.1077391363164624e-7,-3.543333174872714e-7,-4.868120382387238e-7,5.1181963402650606e-6,-5.260808937010661e-7,3.4485341404538044e-7,0.010443747823088982,5.936342833831929,2.7699136944404543,0.382428813281356,0.31970080862891515,0.12375388241702066,25.0,25.0,25.0,25.0,25.0,25.0,24.0,9.543,0.0,0.0,1.0,1781028019392024954
1781028019493339702,0.0003942082118421644,57.26145351179883,103.13202930693195,-0.0013161777159133837,-0.014553785788158732,-0.0002873184770168771,1.1065580658797368e-7,-3.544148694608917e-7,-4.868248650451684e-7,5.118486871123502e-6,-5.264923728897007e-7,3.450210285557227e-7,0.010426346001810504,5.93634241120505,2.7699105950562166,0.38243160719306657,0.31970116374967816,0.12375466723793366,25.0,25.0,25.0,25.0,25.0,25.0,24.0,9.543,0.0,0.0,1.0,1781028019488326295
1781028019593981395,0.0003942197320779728,57.26145347487642,103.13202925622048,-0.001315644524129431,-0.014553840653386637,-0.0002872825282813878,1.1053899083086573e-7,-3.544979888599633e-7,-4.868395476322783e-7,5.118805468971925e-6,-5.268988883941254e-7,3.451833336770703e-7,0.01040894380819384,5.936341988496629,2.7699074955614664,0.38243440115841976,0.3197015188749294,0.12375545207331842,25.0,25.0,25.0,25.0,25.0,25.0,24.0,9.543,0.0,0.0,1.0,1781028019591881993
1781028019694129177,0.0003942312401310991,57.26145343794554,103.13202920550754,-0.0013151112986746938,-0.014553895560960402,-0.00028724656269176716,1.1042136558842525e-7,-3.5457529221121265e-7,-4.868500886254776e-7,5.119126486144482e-6,-5.273068808030157e-7,3.453461723954799e-7,0.01039154124090233,5.936341565714999,2.769904395957835,0.38243719517605834,0.3197018740068841,0.1237562369228456,25.0,25.0,25.0,25.0,25.0,25.0,24.0,9.543,0.0,0.0,1.0,1781028019686965076
1781028019794068184,0.0003942427360534305,57.261453401006285,103.13202915479324,-0.001314578037594035,-0.0145539505106359,-0.00028721058057251686,1.103059674331141e-7,-3.546586050718324e-7,-4.86866390406303e-7,5.119486251308882e-6,-5.277079986623242e-7,3.4550131299981785e-7,0.01037413830600702,5.936341142852592,2.769901296245817,0.38243998924794753,0.31970222914281976,0.12375702178705196,25.0,25.0,25.0,25.0,25.0,25.0,24.0,9.543,0.0,0.0,1.0,1781028019792073272
1781028019893807181,0.0003942542198839617,57.26145336405882,103.13202910407756,-0.001314044739200592,-0.014554005502218558,-0.0002871745821946572,1.1018798836949538e-7,-3.547280888189652e-7,-4.868727907133233e-7,5.11982673371661e-6,-5.281150132948601e-7,3.456618672102833e-7,0.010356734997433304,5.936340719919545,2.769898196425649,0.3824427833719272,0.31970258428462284,0.12375780666530135,25.0,25.0,25.0,25.0,25.0,25.0,24.0,9.542,0.0,0.0,1.0,1781028019889017464
1781028019993788737,0.0003942633982898516,57.26145333449497,103.13202906350404,-0.0013136180722377788,-0.014554049525470904,-0.00028714577202511136,1.1009641138535841e-7,-3.5479294854722973e-7,-4.868843163221181e-7,5.120142167327002e-6,-5.284324333874182e-7,3.457814182572296e-7,0.01034281208258197,5.936340381512076,2.7698957164904505,0.3824450187106687,0.3197028684010358,0.12375843457858668,25.0,25.0,25.0,25.0,25.0,25.0,24.0,9.542,0.0,0.0,1.0,1781028019970351248
1781028020093465862,0.0003942771515287735,57.26145329013959,103.13202900264228,-0.0013129780226251405,-0.014554115610080765,-0.0002871025380037001,1.0995963602628685e-7,-3.548876012671259e-7,-4.86901580355846e-7,5.1206341197116546e-6,-5.289060424478617e-7,3.45957556845526e-7,0.010321927263667593,5.936339873805914,2.7698919964552573,0.3824483717826937,0.31970329458249647,0.12375937646576196,25.0,25.0,25.0,25.0,25.0,25.0,24.0,9.542,0.0,0.0,1.0,1781028020091698195
1781028020194784016,0.0003942863108202891,57.261453260563016,103.13202896206676,-0.0013125512887079808,-0.014554159699467502,-0.0002870737030460276,1.098685260867264e-7,-3.549487749444998e-7,-4.869118749472966e-7,5.120972643957043e-6,-5.292211896268242e-7,3.460735792056589e-7,0.01030800375017546,5.936339535275569,2.769889516344312,0.3824506072061237,0.3197035787080285,0.12376000440187096,25.0,25.0,25.0,25.0,25.0,25.0,24.0,9.542,0.0,0.0,1.0,1781028020174497686
1781028020294060178,0.00039430003553873666,57.26145321618883,103.13202890120203,-0.0013119111342205006,-0.0145542258827246,-0.0002870304325946477,1.0973301214371712e-7,-3.550403434923242e-7,-4.869271088300983e-7,5.121502991458336e-6,-5.296907629624994e-7,3.46243363027454e-7,0.010287118042576603,5.936339027389415,2.769885796046071,0.3824539604052894,0.31970400490225576,0.1237609463233874,25.0,25.0,25.0,25.0,25.0,25.0,24.0,9.542,0.0,0.0,1.0,1781028020292293545
1781028020394304039,0.0003943091759184091,57.261453186599915,103.13202886062464,-0.0013114843274844232,-0.014554270037519712,-0.00028700157384203026,1.096410831771601e-7,-3.550926821486513e-7,-4.869311487192503e-7,5.121848294820359e-6,-5.300074814294313e-7,3.463595675395686e-7,0.01027319392028175,5.936338688742146,2.7698833157617524,0.382456195913009,0.319704289036215,0.12376157428211784,25.0,25.0,25.0,25.0,25.0,25.0,24.0,9.542,0.0,0.0,1.0,1781028020378184751
1781028020494009004,0.0003943205908516132,57.26145314960698,103.13202880990188,-0.0013109507756274535,-0.014554325267489574,-0.00028696548744514786,1.095294455494342e-7,-3.551660182898399e-7,-4.869434680627986e-7,5.122323677003154e-6,-5.30394102727389e-7,3.464952210449447e-7,0.010255788462848824,5.936338265353652,2.7698802153039535,0.38245899034811465,0.3197046442080287,0.12376235924440428,25.0,25.0,25.0,25.0,25.0,25.0,24.0,9.542,0.0,0.0,1.0,1781028020475079277
1781028020593587190,0.00039433199413788013,57.2614531126066,103.132028759178,-0.0013104171738167409,-0.014554380537784696,-0.0002869293869411816,1.094180185930778e-7,-3.552375109887953e-7,-4.86953740451516e-7,5.1228129005099385e-6,-5.307800125901632e-7,3.466290048380337e-7,0.010238382608034951,5.936337841891189,2.7698771147389967,0.3824617848357328,0.31970499938457414,0.12376314422061678,25.0,25.0,25.0,25.0,25.0,25.0,24.0,9.542,0.0,0.0,1.0,1781028020580159035
1781028020694296596,0.0003943433858589815,57.261453075598865,103.1320287084531,-0.001309883520166472,-0.014554435848163133,-0.00028689327266102985,1.0930921865996593e-7,-3.553150890455076e-7,-4.869695202533114e-7,5.123342616304036e-6,-5.311586014073674e-7,3.467545804581127e-7,0.010220976385361936,5.936337418345468,2.7698740140621636,0.38246457937773054,0.319705354567016,0.12376392921155022,25.0,25.0,25.0,25.0,25.0,25.0,24.0,9.542,0.0,0.0,1.0,1781028020678198126
1781028020794268664,0.0003943547660764507,57.261453038583994,103.13202865772725,-0.0013093498130797303,-0.014554491198444089,-0.0002868571448727546,1.0919582077537245e-7,-3.553692462987022e-7,-4.869681292032447e-7,5.123820181288463e-6,-5.315501595074029e-7,3.468923178018052e-7,0.010203569801683975,5.936336994738271,2.7698709132772703,0.3824673739722506,0.3197057097555637,0.12376471421677504,25.0,25.0,25.0,25.0,25.0,25.0,24.0,9.542,0.0,0.0,1.0,1781028020783206303
1781028020893383987,0.0003943661348986697,57.26145300156195,103.13202860700036,-0.0013088160503586447,-0.014554546588323926,-0.0002868210039764538,1.090886769825525e-7,-3.554451150163465e-7,-4.869828769185401e-7,5.12438632322309e-6,-5.319241036070912e-7,3.4701143689937514e-7,0.010186162840219224,5.936336571040335,2.769867812379609,0.38247016862084615,0.3197060649488923,0.12376549923646812,25.0,25.0,25.0,25.0,25.0,25.0,24.0,9.542,0.0,0.0,1.0,1781028020879582463
1781028020993712518,0.0003943774923896165,57.26145296453295,103.13202855627262,-0.0013082822304771233,-0.01455460201763808,-0.0002867848502294563,1.0897939012018529e-7,-3.5550734745017297e-7,-4.869887768400974e-7,5.124931679896453e-6,-5.323041003846475e-7,3.47135899196028e-7,0.010168755495422585,5.9363361472709055,2.7698647113732657,0.3824729633230105,0.3197064201475699,0.12376628427053434,25.0,25.0,25.0,25.0,25.0,25.0,24.0,9.542,0.0,0.0,1.0,1781028020983447380
1781028021093423018,0.0003943888386478135,57.261452927497075,103.132028505544,-0.0013077483514882498,-0.014554657486127182,-0.0002867486839833807,1.0887164786438149e-7,-3.5557202988173245e-7,-4.86996776047326e-7,5.125505190373761e-6,-5.326798124476036e-7,3.472551165724269e-7,0.01015134777310843,5.936335723423817,2.7698616102567097,0.3824757580786328,0.3197067753516964,0.1237670693189523,25.0,25.0,25.0,25.0,25.0,25.0,24.0,9.542,0.0,0.0,1.0,1781028021082317160
1781028021193974836,0.00039440017376263215,57.26145289045444,103.1320284548145,-0.0013072144115558616,-0.01455471299356295,-0.0002867125055634792,1.0876574011151859e-7,-3.5563925855852313e-7,-4.870057912911337e-7,5.12610554330964e-6,-5.330510922853118e-7,3.473688151118416e-7,0.010133939689651277,5.9363352994964655,2.7698585090302306,0.38247855288918686,0.31970713056090505,0.12376785438227156,25.0,25.0,25.0,25.0,25.0,25.0,24.0,9.542,0.0,0.0,1.0,1781028021187500238
1781028021294219061,0.000394411497823648,57.261452853405146,103.13202840408424,-0.001306680408910889,-0.014554768539728697,-0.00028667631528437134,1.0866040786201045e-7,-3.557039845602263e-7,-4.870139581198448e-7,5.12672134424872e-6,-5.334208054125335e-7,3.474801062609979e-7,0.010116531209359767,5.936334875492533,2.7698554076934716,0.3824813477527096,0.3197074857751226,0.1237686394596344,25.0,25.0,25.0,25.0,25.0,25.0,24.0,9.542,0.0,0.0,1.0,1781028021282499766
1781028021393970758,0.0003944205491814744,57.261452823761005,103.13202836349949,-0.0013062531604092385,-0.01455481300438836,-0.00028664735474808,1.0857683056303937e-7,-3.5575510221978146e-7,-4.870202844783865e-7,5.1272257443031014e-6,-5.337149448232164e-7,3.475668746809097e-7,0.010102604165675284,5.936334536233349,2.7698529265435226,0.3824835836827821,0.3197077699505497,0.12376926753218528,25.0,25.0,25.0,25.0,25.0,25.0,24.0,9.542,0.0,0.0,1.0,1781028021367951389
1781028021494081893,0.0003944341131775547,57.26145277928705,103.13202830262156,-0.001305612208185877,-0.01455487974732448,-0.0002866039004707293,1.0845193572492693e-7,-3.5582805991087613e-7,-4.870277162229448e-7,5.127995427882982e-6,-5.341555668590088e-7,3.476951022220129e-7,0.010081713151212215,5.936334027254374,2.769849204687218,0.38248693764230746,0.31970819622120317,0.12377020965835484,25.0,25.0,25.0,25.0,25.0,25.0,24.0,9.542,0.0,0.0,1.0,1781028021488862676
1781028021594263196,0.0003944431472224174,57.26145274963269,103.13202826203572,-0.001305184852403668,-0.014554924273079936,-0.0002865749222125231,1.0836888383246834e-7,-3.558730730058824e-7,-4.870303269241044e-7,5.128515200519255e-6,-5.344488901367205e-7,3.4777968022435437e-7,0.010067785497488591,5.93633368787353,2.7698467233598647,0.3824891736579712,0.3197084804058133,0.12377083775383065,25.0,25.0,25.0,25.0,25.0,25.0,24.0,9.542,0.0,0.0,1.0,1781028021569506735
1781028021693541999,0.0003944566855008365,57.261452705143654,103.13202820115627,-0.001304543734823737,-0.014554991107092272,-0.00028653144216285155,1.082480418285828e-7,-3.559498616605315e-7,-4.870418798702559e-7,5.1293477203303255e-6,-5.348792944616148e-7,3.478955840610705e-7,0.010046893578496618,5.936333178702809,2.769843001237561,0.3824925277481089,0.3197089066881011,0.12377177991505484,25.0,25.0,25.0,25.0,25.0,25.0,24.0,9.542,0.0,0.0,1.0,1781028021685418750
1781028021794164758,0.00039446570256796354,57.26145267547941,103.13202816056948,-0.0013041162659103095,-0.014555035693199462,-0.0002865024472526211,1.0816740652716201e-7,-3.559967605876306e-7,-4.870457126492734e-7,5.129903271225189e-6,-5.351675167422778e-7,3.479730856596477e-7,0.010032965344637726,5.93633283920039,2.7698405197341907,0.3824947638508639,0.3197091908810772,0.12377240803412969,25.0,25.0,25.0,25.0,25.0,25.0,24.0,9.542,0.0,0.0,1.0,1781028021766818644
1781028021893498977,0.0003944792156237511,57.261452630975825,103.13202809968872,-0.001303474974457945,-0.014555102617226343,-0.00028645894298863034,1.0804537899015501e-7,-3.560566419047309e-7,-4.87045054104206e-7,5.130731278857255e-6,-5.35603097274322e-7,3.480916081846293e-7,0.01001207252034128,5.936332329856718,2.7698367973467732,0.3824981180691419,0.31970961717792595,0.12377335022979433,25.0,25.0,25.0,25.0,25.0,25.0,24.0,9.542,0.0,0.0,1.0,1781028021886718174
1781028021993891017,0.0003944882160549792,57.26145260130202,103.13202805910112,-0.001303047386636121,-0.014555147262958574,-0.0002864299324880256,1.0796834457980735e-7,-3.561092909638989e-7,-4.870543226045334e-7,5.131340268536763e-6,-5.358817806288889e-7,3.4815836144886314e-7,0.00999814367100584,5.9363319902200375,2.769834315665372,0.3825003542596294,0.319709901378524,0.1237739783722762,25.0,25.0,25.0,25.0,25.0,25.0,24.0,9.542,0.0,0.0,1.0,1781028021967263833
1781028022093387559,0.0003945017044188806,57.26145255678437,103.13202799821929,-0.0013024059125645224,-0.01455521427588836,-0.0002863864056249607,1.0785011091651354e-7,-3.561718787992806e-7,-4.870562716239436e-7,5.132224195825339e-6,-5.363090219666967e-7,3.48265938236232e-7,0.009977249948029811,5.936331480690213,2.769830593011562,0.3825037086083697,0.31971032768784735,0.12377492060301327,25.0,25.0,25.0,25.0,25.0,25.0,24.0,9.542,0.0,0.0,1.0,1781028022089387227
1781028022194674836,0.0003945064564810234,57.261452834578215,103.13202803725562,-0.0013020794087314814,-0.014555225497414278,-0.0002863228314642164,1.6894471910003124e-8,4.026056660524197e-6,1.3961994889189128e-7,4.584292721898909e-6,4.4321839122595235e-7,7.409614635239523e-7,0.00996321375576574,5.93633117878628,2.769828243296508,0.3825059574001093,0.3197105451544553,0.12377555106633184,25.0,25.0,25.0,25.0,25.0,25.0,24.0,9.542,0.0,0.0,1.0,1781028022169962279
1781028022293947687,0.0003945064754701021,57.26145322334872,103.13202801052262,-0.0013015349318740211,-0.014555150565387828,-0.00028625485965067074,-5.455344760764897e-9,3.6001593645268535e-6,-4.226703739993551e-7,5.501751565372267e-6,8.332897279299881e-7,6.127564861186203e-7,0.009945808343067623,5.936330724789122,2.769825071556486,0.38250873090510046,0.3197109494421118,0.1237763305481298,25.0,25.0,25.0,25.0,25.0,25.0,24.0,9.542,0.0,0.0,1.0,1781028022279748946
1781028022393888929,0.000394506019229384,57.26145359687291,103.1320279638956,-0.0013009563360907317,-0.014555061553464938,-0.0002861919553766077,-2.9406349093593513e-9,3.5851581007704426e-6,-4.547234153898047e-7,5.574841679098138e-6,8.626965672595732e-7,6.000132268219106e-7,0.009928416021680968,5.936330309276942,2.7698219897376135,0.38251152247632014,0.31971130175458323,0.12377711519394342,25.0,25.0,25.0,25.0,25.0,25.0,24.0,9.542,0.0,0.0,1.0,1781028022378026910
1781028022493568775,0.0003945058650876886,57.261453970719934,103.13202791660017,-0.001300375300192803,-0.014554971548102726,-0.0002861295648214731,-2.54946905262763e-10,3.591782065579863e-6,-4.531707109098238e-7,5.5788871016443335e-6,8.645628060356319e-7,5.983514584693694e-7,0.00991102598383976,5.9363298912146645,2.769818911765409,0.38251431595260754,0.3197116513082665,0.12377790041389522,25.0,25.0,25.0,25.0,25.0,25.0,24.0,9.542,0.0,0.0,1.0,1781028022475570218
1781028022593929094,0.00039450595877758496,57.26145434505144,103.13202786945416,-0.0012997941783940035,-0.014554881476222236,-0.00028606727455433856,1.9194777551289075e-9,3.594886271064446e-6,-4.52249585780973e-7,5.578571169961098e-6,8.647787684189802e-7,5.976892319321963e-7,0.009893635546230423,5.936329472954594,2.7698158341537464,0.38251710967478386,0.31971200061948746,0.12377868570832776,25.0,25.0,25.0,25.0,25.0,25.0,24.0,9.542,0.0,0.0,1.0,1781028022578502499
1781028022693475282,0.0003945062677243651,57.26145471962429,103.1320278223624,-0.001299213104284276,-0.014554791386133937,-0.00028600504481351085,3.91668997187251e-9,3.596744312893199e-6,-4.519770671895138e-7,5.578092791075173e-6,8.649501436681164e-7,5.971474005814486e-7,0.009876244590533068,5.936329054656883,2.769812756614213,0.38251990350231097,0.3197123498929653,0.12377947103691424,25.0,25.0,25.0,25.0,25.0,25.0,24.0,9.542,0.0,0.0,1.0,1781028022682214800
1781028022793581593,0.0003945067802218948,57.26145509437176,103.1320277752883,-0.0012986320785375587,-0.01455470127767708,-0.00028594286963457314,5.837469887708548e-9,3.5983200263065136e-6,-4.518647394491719e-7,5.577638362675673e-6,8.651283589753652e-7,5.966371433172299e-7,0.0098588531340987,5.936328636312448,2.769809679109692,0.3825226974220534,0.3197126991506618,0.12378025639619657,25.0,25.0,25.0,25.0,25.0,25.0,24.0,9.542,0.0,0.0,1.0,1781028022785526315
1781028022894289026,0.0003945074897965492,57.26145546927913,103.1320277282236,-0.0012980510988263463,-0.014554611150645849,-0.00028588074652867847,7.704706584928916e-9,3.599829859765559e-6,-4.517871160740202e-7,5.577209520416615e-6,8.653066576122148e-7,5.961453195136436e-7,0.009841461154098997,5.936328217914288,2.76980660163405,0.3825254914323446,0.31971304839272646,0.1237810417853903,25.0,25.0,25.0,25.0,25.0,25.0,24.0,9.542,0.0,0.0,1.0,1781028022880362651
1781028022996739362,0.000394508391144479,57.2614558443427,103.13202768116668,-0.0012974701640093118,-0.014554521005505016,-0.0002858186734716111,9.521892871655736e-9,3.6013234131967232e-6,-4.517134074088116e-7,5.576775652279565e-6,8.654763338685978e-7,5.956752978746706e-7,0.009824068672687968,5.936327799464309,2.7698035241833976,0.3825282855321594,0.3197133976222016,0.12378182720431484,25.0,25.0,25.0,25.0,25.0,25.0,24.0,9.542,0.0,0.0,1.0,1781028022993003477
1781028023093892204,0.00039450947927547947,57.26145621956091,103.1320276341172,-0.0012968892731974567,-0.014554430842874683,-0.00028575664855299816,1.1291519324095272e-8,3.6028063706171487e-6,-4.516393929885186e-7,5.576343915359526e-6,8.656383629883055e-7,5.952246379784082e-7,0.009806675684713152,5.936327380962014,2.7698004467548945,0.382531079719931,0.31971374683907455,0.12378261265233471,25.0,25.0,25.0,25.0,25.0,25.0,24.0,9.542,0.0,0.0,1.0,1781028023086022001
1781028023194137251,0.0003945104810206919,57.261456519846,103.13202759648286,-0.0012964245915867605,-0.01455435870059059,-0.0002857070620556736,1.2676340935985705e-8,3.603975851077867e-6,-4.5158723008948e-7,5.576031574341213e-6,8.65769277663273e-7,5.948707342680148e-7,0.009792760927728137,5.936327046116332,2.7697979848272065,0.3825333151334456,0.31971402620192163,0.1237832410315106,25.0,25.0,25.0,25.0,25.0,25.0,24.0,9.542,0.0,0.0,1.0,1781028023166035021
1781028023293475460,0.0003945121966960439,57.26145697045665,103.13202754004008,-0.0012957276202240906,-0.014554250467685015,-0.0002856327358192339,1.4697331759136546e-8,3.605730043021943e-6,-4.515025081874223e-7,5.575539376407411e-6,8.659519679395205e-7,5.943675389137511e-7,0.0097718881913432,5.936326543787524,2.769794291953285,0.3825366683571059,0.31971444523176096,0.12378418363432916,25.0,25.0,25.0,25.0,25.0,25.0,24.0,9.542,0.0,0.0,1.0,1781028023287543688
1781028023393987422,0.00039451347909133,57.26145727098491,103.13202750241732,-0.0012952630059061766,-0.014554178299860537,-0.0002855832193954489,1.6010942602891223e-8,3.606885692372592e-6,-4.514499444755972e-7,5.575234501514473e-6,8.660724442339728e-7,5.940416320802021e-7,0.00975797264835651,5.936326208853292,2.7697918300493787,0.38253890390941214,0.3197147245757863,0.12378481205919648,25.0,25.0,25.0,25.0,25.0,25.0,24.0,9.542,0.0,0.0,1.0,1781028023376066071
1781028023494269858,0.0003945152339667917,57.2614576467807,103.13202745539532,-0.0012946822747810487,-0.01455408807652606,-0.00028552136100884115,1.7612881059111265e-8,3.608328017529075e-6,-4.513793062548649e-7,5.5748395500444625e-6,8.66213013220218e-7,5.936535487342148e-7,0.009740577767734983,5.9363257901415665,2.7697887526784295,0.3825416984245488,0.31971507374547853,0.12378559761477104,25.0,25.0,25.0,25.0,25.0,25.0,24.0,9.542,0.0,0.0,1.0,1781028023478315053
1781028023594268498,0.0003945171535125507,57.261458022726,103.13202740838044,-0.0012941015836166064,-0.01455399783866314,-0.000285459542370245,1.9174279690141776e-8,3.6097575503061335e-6,-4.5131254386245466e-7,5.574463663183587e-6,8.663508658260164e-7,5.932784283949765e-7,0.009723182407697137,5.936325371371322,2.769785675314332,0.3825444930246278,0.3197154229030685,0.12378638319813882,25.0,25.0,25.0,25.0,25.0,25.0,24.0,9.542,0.0,0.0,1.0,1781028023581432916
1781028023693958771,0.00039451923343937647,57.26145839881985,103.13202736137264,-0.0012935209315540048,-0.01455390758685151,-0.00028539776186697056,2.0695799566818872e-8,3.611173031101032e-6,-4.512487385505755e-7,5.574109159059441e-6,8.664856347477748e-7,5.929159145810111e-7,0.009705786557987506,5.936324952541091,2.7697825979579043,0.3825472877087501,0.31971577205023466,0.1237871688088766,25.0,25.0,25.0,25.0,25.0,25.0,24.0,9.542,0.0,0.0,1.0,1781028023679084672
1781028023793596255,0.0003945214695570198,57.26145877506128,103.13202731437192,-0.0012929403178619317,-0.01455381732168763,-0.00028533601790589234,2.2173292515925482e-8,3.612598385734785e-6,-4.511720692971794e-7,5.573705953604514e-6,8.666029310870058e-7,5.925806481748321e-7,0.009688390235762971,5.936324533665859,2.7697795206042395,0.382550082474373,0.3197161211872834,0.12378795444630296,25.0,25.0,25.0,25.0,25.0,25.0,24.0,9.542,0.0,0.0,1.0,1781028023783523731
1781028023893945009,0.0003945238578074462,57.26145915144925,103.13202726737816,-0.001292359741306128,-0.014553727043648369,-0.0002852743090384146,2.3617873678436293e-8,3.613990229459124e-6,-4.511130061245805e-7,5.573386844892696e-6,8.667314047491519e-7,5.922432908812459e-7,0.00967099341387793,5.936324114715169,2.769776443249787,0.38255287732352405,0.3197164703125863,0.12378874011054466,25.0,25.0,25.0,25.0,25.0,25.0,24.0,9.542,0.0,0.0,1.0,1781028023881033082
1781028023993724654,0.0003945263941892426,57.26145952798292,103.1320272203914,-0.0012917792012639377,-0.014553636753331631,-0.0002852126337288539,2.5021385677035863e-8,3.6153861672690033e-6,-4.51044688919839e-7,5.573035390358884e-6,8.668457313595949e-7,5.919290259637699e-7,0.009653596122117525,5.936323695714698,2.769773365894376,0.3825556722532333,0.31971681942887714,0.1237895258010088,25.0,25.0,25.0,25.0,25.0,25.0,24.0,9.542,0.0,0.0,1.0,1781028023989847126
1781028024094105094,0.0003945290748270874,57.26145990466128,103.13202717341156,-0.0012911986967562906,-0.014553546451244206,-0.0002851509905625774,2.638500053680628e-8,3.6167859433664097e-6,-4.509671724260006e-7,5.572652425991998e-6,8.669459725039213e-7,5.91637165832839e-7,0.009636198363157308,5.93632327666777,2.769770288534721,0.3825584672619003,0.31971716853714893,0.1237903115171661,25.0,25.0,25.0,25.0,25.0,25.0,24.0,9.542,0.0,0.0,1.0,1781028024082297139
1781028024194428602,0.0003945318959511328,57.26146028148335,103.1320271264386,-0.0012906182265607262,-0.014553456137838323,-0.0002850893782093401,2.7719211500889684e-8,3.6181500540145535e-6,-4.509091158618803e-7,5.572361339214569e-6,8.670598264102485e-7,5.913400609295781e-7,0.009618800129472915,5.9363228575423195,2.7697672111670246,0.382561262352921,0.3197175176333605,0.12379109725965733,25.0,25.0,25.0,25.0,25.0,25.0,24.0,9.542,0.0,0.0,1.0,1781028024187199761
1781028024293396206,0.0003945348538397381,57.261460658448335,103.13202707947258,-0.0012900377900996105,-0.014553365813685827,-0.0002850277952428753,2.9013950240794945e-8,3.619524311445712e-6,-4.508391486764538e-7,5.572022898160564e-6,8.671568689838681e-7,5.91068157173466e-7,0.009601401427295283,5.93632243836922,2.76976413379099,0.38256405752212586,0.31971786672160946,0.12379188302739393,25.0,25.0,25.0,25.0,25.0,25.0,24.0,9.542,0.0,0.0,1.0,1781028024283338019
1781028024394063435,0.0003945379449118402,57.26146103555522,103.13202703251336,-0.0012894573861044216,-0.014553275479205192,-0.0002849662404222641,3.0277236220762365e-8,3.6208775559431017e-6,-4.507771669118403e-7,5.571730668981239e-6,8.672568138854611e-7,5.908006777878897e-7,0.00958400224898405,5.936322019127291,2.7697610564034645,0.3825668527702857,0.3197182158015083,0.12379266882035687,25.0,25.0,25.0,25.0,25.0,25.0,24.0,9.542,0.0,0.0,1.0,1781028024385875136
1781028024494214687,0.0003945411656392407,57.261461412803186,103.13202698556096,-0.0012888770137296985,-0.014553185134897418,-0.0002849047124494906,3.1506054175561576e-8,3.6222273517268458e-6,-4.50711598700267e-7,5.57143072909394e-6,8.673487942828919e-7,5.905487180644756e-7,0.009566602626956851,5.93632159983271,2.769757979001929,0.3825696480959395,0.3197185648729284,0.12379345463832568,25.0,25.0,25.0,25.0,25.0,25.0,24.0,9.542,0.0,0.0,1.0,1781028024489038077
1781028024593774261,0.0003945445125978929,57.26146179019133,103.13202693861535,-0.0012882966719893543,-0.014553094781213022,-0.00028484321010118456,3.270271514778389e-8,3.6235680494832577e-6,-4.506471989853478e-7,5.571145952934762e-6,8.674378860164656e-7,5.903072591915999e-7,0.009549202515545294,5.936321180473787,2.7697549015845113,0.3825724434990808,0.3197189139351123,0.12379424048080229,25.0,25.0,25.0,25.0,25.0,25.0,24.0,9.542,0.0,0.0,1.0,1781028024589026389
1781028024693851548,0.00039454798244232224,57.26146216771878,103.13202689167652,-0.0012877163598362894,-0.014553004418599044,-0.0002847817321906531,3.386614749860438e-8,3.6249056283068753e-6,-4.5057934952287044e-7,5.570854106262563e-6,8.675187530817845e-7,5.900809273955334e-7,0.009531801960028183,5.936320761056443,2.769751824149507,0.3825752389783202,0.3197192629908915,0.1237950263476872,25.0,25.0,25.0,25.0,25.0,25.0,24.0,9.542,0.0,0.0,1.0,1781028024688852989
1781028024794080345,0.0003945508445990895,57.261462469840474,103.13202685413034,-0.0012872521307674765,-0.01455293212237225,-0.0002847325666756844,3.47749422003027e-8,3.6259685290893583e-6,-4.505258010620857e-7,5.570631789303733e-6,8.675814419981991e-7,5.899067484004773e-7,0.009517881179934838,5.936320425478831,2.769749362186483,0.38257747541673026,0.3197195422301374,0.12379565505866026,25.0,25.0,25.0,25.0,25.0,25.0,24.0,9.542,0.0,0.0,1.0,1781028024783100495
1781028024893694792,0.0003945545274793738,57.26146284761652,103.13202680720366,-0.0012866718692747126,-0.014552841744751731,-0.0002846711298837283,3.5885775382635976e-8,3.6272820897898744e-6,-4.504656789356084e-7,5.570387197707184e-6,8.676620694025883e-7,5.896929662035008e-7,0.00950047980599614,5.936320005942173,2.7697462847120025,0.38258027103419007,0.31971989127189404,0.12379644096941264,25.0,25.0,25.0,25.0,25.0,25.0,24.0,9.542,0.0,0.0,1.0,1781028024874831115
1781028024996738445,0.0003945583243111993,57.261463225529496,103.13202676028368,-0.001286091634549067,-0.01455275135939554,-0.00028460971437982386,3.69640264130485e-8,3.6285989238647e-6,-4.503959948197427e-7,5.570114975993637e-6,8.677297821138326e-7,5.894979690430777e-7,0.009483077982268825,5.936319586356654,2.7697432072160924,0.38258306672479536,0.31972024030760254,0.12379722690347313,25.0,25.0,25.0,25.0,25.0,25.0,24.0,9.542,0.0,0.0,1.0,1781028024976150106
1781028025094224400,0.0003945622320679831,57.261463603578555,103.1320267133704,-0.0012855114254172117,-0.014552660966673653,-0.0002845483191422881,3.8017768353096545e-8,3.629890296175971e-6,-4.5033995697410075e-7,5.569909139780653e-6,8.678063697696169e-7,5.893005599071483e-7,0.009465675682781753,5.936319166694128,2.769740129692752,0.3825858624913479,0.3197205893350505,0.12379801286123704,25.0,25.0,25.0,25.0,25.0,25.0,24.0,9.542,0.0,0.0,1.0,1781028025076028141
1781028025198531301,0.00039456624777296106,57.26146398176289,103.1320266664638,-0.0012849312409185984,-0.014552570567005626,-0.0002844869431237283,3.904299001083507e-8,3.631176263468845e-6,-4.5028299818180657e-7,5.569705604285493e-6,8.67877829593199e-7,5.891142234619607e-7,0.009448272956292046,5.9363187469711445,2.769737052141541,0.3825886583323096,0.3197209383559086,0.12379879884263188,25.0,25.0,25.0,25.0,25.0,25.0,24.0,9.542,0.0,0.0,1.0,1781028025179318260
1781028025299354012,0.00039457036852393545,57.261464360081746,103.13202661956394,-0.0012843510801475145,-0.014552480160804722,-0.00028442558530225956,4.003363288928544e-8,3.632482190319034e-6,-4.50205159227789e-7,5.569425768377618e-6,8.679255822377428e-7,5.889569272196042e-7,0.009430869777162898,5.936318327205747,2.769733974564192,0.38259145424351304,0.3197212873730409,0.1237995848462725,25.0,25.0,25.0,25.0,25.0,25.0,24.0,9.542,0.0,0.0,1.0,1781028025279743574
1781028025399981175,0.0003945745915296342,57.261464738534215,103.13202657267068,-0.0012837709416914488,-0.014552389748366406,-0.00028436424479818325,4.100483907815831e-8,3.6337524411472952e-6,-4.5014842538965913e-7,5.569243068734225e-6,8.679900806203247e-7,5.887887786175678e-7,0.009413466165695678,5.936317907354552,2.7697308969523067,0.38259425023150473,0.31972163638197926,0.123800370873929,25.0,25.0,25.0,25.0,25.0,25.0,24.0,9.542,0.0,0.0,1.0,1781028025377373500
1781028025499951698,0.0003945789140197787,57.26146511711958,103.13202652578406,-0.0012831908247173515,-0.014552299330110676,-0.00028430292062927204,4.1947768877978745e-8,3.63502311777212e-6,-4.5008526949331206e-7,5.569047850478662e-6,8.68045565761699e-7,5.886349631052238e-7,0.009396062091095291,5.936317487446006,2.76972781930808,0.3825970462904209,0.3197219853856172,0.12380115692370738,25.0,25.0,25.0,25.0,25.0,25.0,24.0,9.542,0.0,0.0,1.0,1781028025479820995
1781028025599457944,0.0003945833333189026,57.26146549583702,103.1320264789041,-0.001282610728057649,-0.014552208906376882,-0.00028424161191736895,4.286504124568216e-8,3.636287450265035e-6,-4.500217177223466e-7,5.5688559847274875e-6,8.680961432074193e-7,5.884908358683814e-7,0.009378657591986654,5.93631706747879,2.769724741629355,0.3825998424208651,0.31972233438334957,0.12380194299600548,25.0,25.0,25.0,25.0,25.0,25.0,24.0,9.542,0.0,0.0,1.0,1781028025584038586
1781028025700067068,0.00039458784680381864,57.26146587468583,103.1320264320308,-0.0012820306507619478,-0.014552118477534048,-0.0002841803177658822,4.375429178984206e-8,3.637557811205443e-6,-4.499489217084129e-7,5.568637424293566e-6,8.681355364364342e-7,5.883633689830209e-7,0.009361252641408406,5.936316647449388,2.7697216639155866,0.3826026386230088,0.3197226833766143,0.1238027290905897,25.0,25.0,25.0,25.0,25.0,25.0,24.0,9.542,0.0,0.0,1.0,1781028025680500843
1781028025799889156,0.0003945924519477138,57.26146625366513,103.13202638516408,-0.0012814505914541029,-0.014552028043861643,-0.00028411903739917446,4.4623274081569786e-8,3.638804050770032e-6,-4.498872398987976e-7,5.568477924273912e-6,8.681817444922742e-7,5.882331339935982e-7,0.009343847256509785,5.93631622734914,2.7697185861629374,0.38260543489613585,0.31972303236455796,0.12380351520727244,25.0,25.0,25.0,25.0,25.0,25.0,24.0,9.542,0.0,0.0,1.0,1781028025786187695
1781028025900007323,0.0003945971462512976,57.261466632774216,103.13202633830396,-0.001280870549184333,-0.0145519376057214,-0.0002840577699712682,4.5469326645753097e-8,3.640041068314576e-6,-4.49828071420021e-7,5.568336380139191e-6,8.682270577538756e-7,5.881087677895313e-7,0.00932644142695374,5.936315807179825,2.769715508369623,0.3826082312407581,0.3197233813468556,0.12380430134605548,25.0,25.0,25.0,25.0,25.0,25.0,24.0,9.541,0.0,0.0,1.0,1781028025882153280
1781028025999596677,0.0003946019272869091,57.26146701201237,103.13202629145052,-0.0012802905229366197,-0.01455184716345191,-0.00028399651468155417,4.6289258348639034e-8,3.6412834262014494e-6,-4.497594112195183e-7,5.568166771335454e-6,8.682604730138913e-7,5.880004617155723e-7,0.00930903517288842,5.936315386955085,2.7697124305351957,0.3826110276543336,0.3197237303260607,0.1238050875063738,25.0,25.0,25.0,25.0,25.0,25.0,24.0,9.541,0.0,0.0,1.0,1781028025990248683
1781028026099326642,0.0003946067927094788,57.26146739137878,103.13202624460364,-0.0012797105114072758,-0.014551756717321831,-0.0002839352708182036,4.709081488449644e-8,3.6425030339871857e-6,-4.49702405429792e-7,5.568056466119618e-6,8.683021803783073e-7,5.878883003818746e-7,0.009291628481155646,5.936314966652817,2.7697093526567724,0.38261382413954337,0.3197240792990821,0.12380587368870875,25.0,25.0,25.0,25.0,25.0,25.0,24.0,9.541,0.0,0.0,1.0,1781028026085390455
1781028026199860664,0.0003946117401956304,57.26146777087278,103.13202619776342,-0.0012791305136833366,-0.01455166626768465,-0.00028387403760078743,4.786595484822736e-8,3.643733631954437e-6,-4.496320138239584e-7,5.567901539960259e-6,8.683282033746516e-7,5.877955769009552e-7,0.009274221361281516,5.936314546298535,2.7697062747375343,0.3826166206924595,0.31972442826890485,0.12380665989206176,25.0,25.0,25.0,25.0,25.0,25.0,24.0,9.541,0.0,0.0,1.0,1781028026186360042
1781028026299409165,0.0003946167675205395,57.26146815049355,103.13202615092976,-0.0012785505284114269,-0.014551575814785509,-0.00028381281437804876,4.8623065806686315e-8,3.6449438740698626e-6,-4.495710661441742e-7,5.567796826927707e-6,8.683604121371401e-7,5.877005426418437e-7,0.009256813818750364,5.9363141258688765,2.7697031967689556,0.3826194173154807,0.31972477723484294,0.12380744611703126,25.0,25.0,25.0,25.0,25.0,25.0,24.0,9.541,0.0,0.0,1.0,1781028026285988397
1781028026400061123,0.0003946218724886651,57.26146853024045,103.13202610410274,-0.0012779705545949188,-0.014551485358938656,-0.00028375160044398284,4.9360489243483366e-8,3.64614295374521e-6,-4.495138923868394e-7,5.567719343778056e-6,8.683932708559947e-7,5.876086372922253e-7,0.009239405813912282,5.936313705369837,2.7697001187545016,0.38262221400693974,0.31972512619539856,0.12380823236272737,25.0,25.0,25.0,25.0,25.0,25.0,24.0,9.541,0.0,0.0,1.0,1781028026391920592
1781028026500058003,0.0003946270529639319,57.26146891011275,103.13202605728232,-0.0012773905911618634,-0.014551394900437263,-0.00028369039513276994,5.0074194610016484e-8,3.647349278341499e-6,-4.494455910573054e-7,5.567605815225739e-6,8.684130927149372e-7,5.875330349798134e-7,0.009221997411246486,5.936313284814293,2.7696970406916086,0.3826250107657985,0.31972547515444966,0.12380901862942076,25.0,25.0,25.0,25.0,25.0,25.0,24.0,9.541,0.0,0.0,1.0,1781028026488480872
1781028026599898131,0.0003946323068732515,57.2614692901097,103.13202601046852,-0.0012768106368461689,-0.014551304439534,-0.0002836291978354255,5.07696147378411e-8,3.6485439056295143e-6,-4.493811527307942e-7,5.567519929755295e-6,8.68434281375323e-7,5.874595772204569e-7,0.009204588581311225,5.936312864189122,2.7696939625780126,0.38262780759345727,0.3197258241088852,0.12380980491712638,25.0,25.0,25.0,25.0,25.0,25.0,24.0,9.541,0.0,0.0,1.0,1781028026590170359
1781028026699343160,0.00039463763218879896,57.261469670230646,103.13202596366136,-0.0012762306905849138,-0.014551213976506857,-0.0002835680079316958,5.1445651941128786e-8,3.649732389415646e-6,-4.493167029584403e-7,5.5674443679132285e-6,8.684529125820507e-7,5.873920496115161e-7,0.009187179326700596,5.936312443494165,2.769690884413309,0.38263060448850233,0.3197261730604037,0.12381059122540213,25.0,25.0,25.0,25.0,25.0,25.0,24.0,9.541,0.0,0.0,1.0,1781028026691224301
1781028026799734515,0.0003946430269400507,57.261470050474834,103.1320259168608,-0.001275650751160655,-0.014551123511606394,-0.00028350682484981274,5.2103740764963254e-8,3.6509101310742137e-6,-4.492550627922716e-7,5.567390908514187e-6,8.684710595256447e-7,5.873277763071449e-7,0.009169769640280878,5.936312022732193,2.7696878061964907,0.3826334014507245,0.31972652200833895,0.1238113775541047,25.0,25.0,25.0,25.0,25.0,25.0,24.0,9.541,0.0,0.0,1.0,1781028026793840739
1781028026900119479,0.00039464848920182835,57.261470430841605,103.13202587006693,-0.001275070817478803,-0.01455103304509597,-0.00028344564801750924,5.2743454592599785e-8,3.6520821979965913e-6,-4.491922100320597e-7,5.56734496311346e-6,8.684861699441435e-7,5.87269433127953e-7,0.009152359538189336,5.936311601904414,2.7696847279253536,0.382636198479502,0.3197268709533625,0.12381216390311464,25.0,25.0,25.0,25.0,25.0,25.0,24.0,9.541,0.0,0.0,1.0,1781028026893771716
1781028026999948095,0.0003946540170936528,57.26147081133029,103.13202582327963,-0.0012744908884414258,-0.014550942577231636,-0.00028338447688054663,5.3363373744320563e-8,3.653256396313994e-6,-4.491231569346321e-7,5.567284718768966e-6,8.684934504861727e-7,5.87221791002637e-7,0.009134949023523038,5.9363111810128935,2.7696816495989944,0.38263899557490394,0.31972721989648256,0.12381295027246564,25.0,25.0,25.0,25.0,25.0,25.0,24.0,9.541,0.0,0.0,1.0,1781028026995111551
1781028027099996434,0.00039465960880413206,57.26147119194016,103.132025776499,-0.0012739109626982714,-0.014550852108216784,-0.0002833233109609646,5.3970854833785796e-8,3.6544042170292185e-6,-4.490687022941393e-7,5.5672969588112155e-6,8.685122173288816e-7,5.871654457588312e-7,0.009117538068111764,5.936310760040401,2.769678571214405,0.3826417927375087,0.3197275688348078,0.12381373666191782,25.0,25.0,25.0,25.0,25.0,25.0,24.0,9.541,0.0,0.0,1.0,1781028027089823545
1781028027199508678,0.00039466526253838447,57.26147157267059,103.13202572972504,-0.001273331039312441,-0.01455076163833131,-0.0002832621497128414,5.4558144283672126e-8,3.655558286031471e-6,-4.490040566507498e-7,5.567278733986545e-6,8.68518883851862e-7,5.871230910016724e-7,0.009100126701400058,5.936310339010124,2.769675492773617,0.3826445899647795,0.3197279177730815,0.123814523071107,25.0,25.0,25.0,25.0,25.0,25.0,24.0,9.541,0.0,0.0,1.0,1781028027193507163
1781028027300237996,0.0003946709765622077,57.26147195352091,103.13202568295776,-0.0012727511171165262,-0.014550671167804634,-0.00028320099265718307,5.5126997977584465e-8,3.656714871225586e-6,-4.489339070611723e-7,5.56724705339356e-6,8.685184130905558e-7,5.870907439817298e-7,0.009082714922562608,5.93630991791562,2.7696724142744205,0.3826473872574014,0.3197282667087787,0.12381530950006896,25.0,25.0,25.0,25.0,25.0,25.0,24.0,9.541,0.0,0.0,1.0,1781028027290794805
1781028027400244886,0.0003946755900628888,57.261472258287014,103.13202564554878,-0.001272287179328177,-0.014550598791045888,-0.0002831520697462234,5.5572473147298684e-8,3.6576276091845698e-6,-4.488835474917951e-7,5.567253271662356e-6,8.685218400885289e-7,5.870626447983375e-7,0.009068785196260028,5.9363095809843225,2.7696699514316028,0.3826496251394171,0.3197285458550296,0.12381593865761845,25.0,25.0,25.0,25.0,25.0,25.0,24.0,9.541,0.0,0.0,1.0,1781028027375983518
1781028027499476144,0.00039468257879279195,57.26147271557846,103.13202558944327,-0.0012715912713095643,-0.01455049022563943,-0.00028307868937615764,5.6220670949247495e-8,3.6589938503667902e-6,-4.488033255089296e-7,5.567262382867132e-6,8.685209924831303e-7,5.870287549931184e-7,0.009047890112247768,5.936309075511679,2.769666257093935,0.3826529820395588,0.31972896457296607,0.12381688241723796,25.0,25.0,25.0,25.0,25.0,25.0,24.0,9.541,0.0,0.0,1.0,1781028027492597764
1781028027600132127,0.0003946884637474094,57.2614730967844,103.13202554269608,-0.0012710113454356177,-0.014550399754445116,-0.00028301754227567433,5.6745594908867736e-8,3.6601196732746576e-6,-4.4874149340820513e-7,5.567299986467098e-6,8.685222929044715e-7,5.870008161361608e-7,0.009030477082167854,5.936308654201175,2.769663178410749,0.38265577952866753,0.31972931350228867,0.12381766890523854,25.0,25.0,25.0,25.0,25.0,25.0,24.0,9.541,0.0,0.0,1.0,1781028027598240906
1781028027699371309,0.000394693210520187,57.26147340183357,103.13202550530316,-0.0012705474022216311,-0.014550327377621766,-0.00028296862640556244,5.7155110950986085e-8,3.6610149115746616e-6,-4.486917919925379e-7,5.5673388412800755e-6,8.685218783002221e-7,5.869809224177256e-7,0.009016546367249204,5.936308317107203,2.769660715417733,0.3826580175658718,0.31972959264467343,0.123818298109499,25.0,25.0,25.0,25.0,25.0,25.0,24.0,9.541,0.0,0.0,1.0,1781028027677481641
1781028027799926632,0.00039470039352126424,57.26147385954735,103.1320254492219,-0.00126985148193064,-0.014550218812879347,-0.0002828952551220709,5.7750626626015084e-8,3.6623552066375966e-6,-4.486140159940516e-7,5.56739745208555e-6,8.685160556694049e-7,5.869587071964325e-7,0.008995649790918287,5.9363078113816234,2.769657020853206,0.3826613746992859,0.3197300113559184,0.12381924193901664,25.0,25.0,25.0,25.0,25.0,25.0,24.0,9.541,0.0,0.0,1.0,1781028027797689288
1781028027899665594,0.00039470643533801193,57.26147424110308,103.13202540249492,-0.001269271541990508,-0.014550128342911006,-0.00028283411430912606,5.823199775639104e-8,3.663464148745086e-6,-4.485502893583873e-7,5.567464623018501e-6,8.685109198240841e-7,5.869424866599104e-7,0.00897823552532564,5.9363073898638286,2.769653941976335,0.3826641723816848,0.31973036028108376,0.12382002848490492,25.0,25.0,25.0,25.0,25.0,25.0,24.0,9.541,0.0,0.0,1.0,1781028027892107150
1781028027999347959,0.0003947125265051635,57.26147462277413,103.13202535577474,-0.0012686915950443486,-0.014550037873747776,-0.0002827729748613767,5.8697526174283383e-8,3.66457475482836e-6,-4.4847989278759604e-7,5.567515054741859e-6,8.684970175461919e-7,5.869359114419891e-7,0.008960820856439098,5.93630696828832,2.769650863034445,0.38266697012526935,0.3197307092054894,0.12382081504915624,25.0,25.0,25.0,25.0,25.0,25.0,24.0,9.541,0.0,0.0,1.0,1781028027996335878
1781028028099802731,0.0003947186656187426,57.26147500455985,103.13202530906136,-0.001268111639906591,-0.01454994740557335,-0.0002827118364463254,5.915179350287687e-8,3.665671549347689e-6,-4.484157383946988e-7,5.567603769269491e-6,8.684878462432196e-7,5.86926433708181e-7,0.008943405775784306,5.936306546632626,2.7696477840250573,0.38266976793479823,0.31973105812738317,0.12382160163295564,25.0,25.0,25.0,25.0,25.0,25.0,24.0,9.541,0.0,0.0,1.0,1781028028095623085
1781028028199550459,0.00039472361051271784,57.261475310070566,103.13202527169554,-0.0012676476690784914,-0.014549875031860275,-0.00028266292624861474,5.9506952290741726e-8,3.666540051035552e-6,-4.48367808830442e-7,5.567698689795818e-6,8.684828521973696e-7,5.869177115347051e-7,0.008929473388469182,5.9363062092515,2.769645320766569,0.3826720062279243,0.31973133726383673,0.1238222309132702,25.0,25.0,25.0,25.0,25.0,25.0,24.0,9.541,0.0,0.0,1.0,1781028028175910263
1781028028299709668,0.0003947298325033459,57.26147569206115,103.13202522499444,-0.0012670676963068964,-0.014549784565936145,-0.0002826017888831859,5.993625222160158e-8,3.6676333643675087e-6,-4.482972700527103e-7,5.56778172359596e-6,8.684644707476584e-7,5.869191718569578e-7,0.008912057584343498,5.936305787479315,2.7696422416359434,0.3826748041504454,0.31973168618476844,0.1238230175307891,25.0,25.0,25.0,25.0,25.0,25.0,24.0,9.541,0.0,0.0,1.0,1781028028282217847
1781028028400101641,0.00039473609870028625,57.261476074164655,103.13202517830015,-0.0012664877120745646,-0.014549694101503448,-0.00028254065169187144,6.03543184581746e-8,3.6687166930783434e-6,-4.482298822738354e-7,5.567891376383628e-6,8.684482857780616e-7,5.869200287046785e-7,0.008894641353777589,5.9363053656299565,2.7696391624307943,0.3826776021358898,0.31973203510539283,0.12382380416679677,25.0,25.0,25.0,25.0,25.0,25.0,24.0,9.541,0.0,0.0,1.0,1781028028380557084
1781028028500166933,0.0003947436747057636,57.26147653283704,103.13202512227612,-0.0012657917141973714,-0.01454958554639268,-0.0002824672869072432,6.08416472054164e-8,3.67000123408288e-6,-4.48154025690209e-7,5.56806034737977e-6,8.684311129767898e-7,5.869198191188597e-7,0.008873741320532933,5.9363048593128775,2.769635467293527,0.382680959801624,0.3197324538081396,0.123824748154429,25.0,25.0,25.0,25.0,25.0,25.0,24.0,9.541,0.0,0.0,1.0,1781028028497094769
1781028028599566245,0.000394748758671487,57.26147683870797,103.13202508493228,-0.0012653277045650275,-0.014549513177799948,-0.0002824183767357435,6.115662619197282e-8,3.6708570543515993e-6,-4.481007252389217e-7,5.568168533735275e-6,8.684161122517085e-7,5.86923985973953e-7,0.008859807670382991,5.936304521714802,2.769633003809566,0.38268319829587494,0.3197327329435761,0.12382537749467332,25.0,25.0,25.0,25.0,25.0,25.0,24.0,9.541,0.0,0.0,1.0,1781028028580362445
1781028028699771588,0.0003947551500008216,57.26147722114656,103.13202503825872,-0.001264747679020686,-0.014549422718877438,-0.000282357238441686,6.153844806980003e-8,3.671926403730247e-6,-4.480302177039665e-7,5.568299478282104e-6,8.683919914114831e-7,5.86935183726652e-7,0.008842390223482134,5.936304099658152,2.7696299243907023,0.3826859964679056,0.3197330818626577,0.12382616418582904,25.0,25.0,25.0,25.0,25.0,25.0,24.0,9.541,0.0,0.0,1.0,1781028028683249712
1781028028799832530,0.00039476158066496846,57.2614776036956,103.13202499159206,-0.001264167637306065,-0.0145493322620956,-0.00028229609931072975,6.1913473105379e-8,3.672972016361608e-6,-4.479722459962453e-7,5.56849705995536e-6,8.68378688988844e-7,5.869362750637951e-7,0.008824972353110017,5.936303677515867,2.7696268448984336,0.38268879470484624,0.3197334307803747,0.1238269508959004,25.0,25.0,25.0,25.0,25.0,25.0,24.0,9.541,0.0,0.0,1.0,1781028028784279860
1781028028899869564,0.0003947680495063558,57.26147798635456,103.1320249449324,-0.0012635875784502138,-0.014549241807659982,-0.00028223495907344536,6.227351377135096e-8,3.6740305317225375e-6,-4.479005152159607e-7,5.568648131907336e-6,8.683516705914773e-7,5.869517928767166e-7,0.00880755410692585,5.936303255314868,2.7696237653328546,0.38269159300287536,0.31973377969804856,0.12382773762418851,25.0,25.0,25.0,25.0,25.0,25.0,24.0,9.541,0.0,0.0,1.0,1781028028888869510
1781028028999368178,0.0003947745554349001,57.261478369122734,103.13202489827972,-0.0012630075010965514,-0.014549151355675962,-0.0002821738175686061,6.26263410324857e-8,3.675068809105707e-6,-4.478384592019737e-7,5.5688537048987485e-6,8.683323904246364e-7,5.869598345974628e-7,0.008790135446441513,5.936302833034678,2.7696206856911627,0.3826943913630163,0.31973412861581224,0.12382852437060617,25.0,25.0,25.0,25.0,25.0,25.0,24.0,9.541,0.0,0.0,1.0,1781028028995087452
1781028029099346951,0.0003947810973507708,57.26147875199962,103.13202485163409,-0.0012624274043006249,-0.014549060906348906,-0.00028211267454717246,6.296374753265388e-8,3.676122581692178e-6,-4.4776146819093913e-7,5.569005624867864e-6,8.682971640623625e-7,5.869842595704645e-7,0.008772716381702968,5.936302410698394,2.769617605973559,0.38269718978244166,0.31973447753538237,0.12382931113448196,25.0,25.0,25.0,25.0,25.0,25.0,24.0,9.541,0.0,0.0,1.0,1781028029093222136
1781028029200617498,0.0003947863561044454,57.26147905837893,103.13202481432263,-0.0012619633119156936,-0.014548988548853775,-0.00028206375895661325,6.323048284703041e-8,3.6769454209448232e-6,-4.477115427804765e-7,5.5691850440228245e-6,8.682793557542734e-7,5.869937919025006e-7,0.008758780837909784,5.936302072765853,2.769615142144711,0.3826994285645062,0.31973475666921514,0.12382994055911274,25.0,25.0,25.0,25.0,25.0,25.0,24.0,9.541,0.0,0.0,1.0,1781028029168559491
1781028029299738039,0.0003947942850247337,57.261479518076946,103.13202475836395,-0.0012612671472358357,-0.014548880016107282,-0.00028199038336152886,6.361709541671053e-8,3.6781798966781593e-6,-4.476306211052823e-7,5.569444485463399e-6,8.682456668232905e-7,5.87015225816576e-7,0.008737877043233122,5.936301565786829,2.769611446308325,0.3827027868101869,0.3197351753714945,0.1238308847173494,25.0,25.0,25.0,25.0,25.0,25.0,24.0,9.541,0.0,0.0,1.0,1781028029294917392
1781028029399842626,0.00039479959742371655,57.26147982462785,103.13202472106384,-0.001260803019164763,-0.0145488076633747,-0.0002819414647109841,6.38663962441657e-8,3.679002505590236e-6,-4.475731655873759e-7,5.569613602023691e-6,8.682193162263198e-7,5.870333846309537e-7,0.008723940866400529,5.936301227745531,2.7696089823554915,0.3827050256895933,0.3197354545073774,0.12383151417054766,25.0,25.0,25.0,25.0,25.0,25.0,24.0,9.541,0.0,0.0,1.0,1781028029378697918
1781028029500126710,0.0003948076044551672,57.261480284581815,103.13202466512224,-0.001260106798167306,-0.014548699138106294,-0.00028186808415664515,6.422955531665644e-8,3.680228387874816e-6,-4.474881217745146e-7,5.56988599512961e-6,8.681795293198009e-7,5.870613571042622e-7,0.008703036101882992,5.93630072059512,2.7696052863313483,0.3827083840820027,0.31973587321061564,0.12383245837154058,25.0,25.0,25.0,25.0,25.0,25.0,24.0,9.541,0.0,0.0,1.0,1781028029496405884
1781028029602586924,0.00039481431118527536,57.26148066799309,103.13202461851208,-0.0012595265862065958,-0.01454860870402235,-0.0002818069311975375,6.452472245105939e-8,3.681233905913799e-6,-4.4742417441662514e-7,5.570154171037638e-6,8.681513520482002e-7,5.870795304757343e-7,0.00868561502508145,5.936300297886644,2.769602206223403,0.38271118280958455,0.319736222129788,0.12383324522525067,25.0,25.0,25.0,25.0,25.0,25.0,24.0,9.541,0.0,0.0,1.0,1781028029599895095
1781028029699559154,0.00039481969829209665,57.26148097479782,103.13202458122916,-0.001259062397666437,-0.014548536359246625,-0.0002817580070911874,6.47528271396322e-8,3.682042071695087e-6,-4.473673671543501e-7,5.5703536696465754e-6,8.68122917731718e-7,5.870999567868252e-7,0.008671677878163869,5.9362999596702295,2.7695997420797687,0.3827134218353153,0.31973650126636316,0.12383387472095007,25.0,25.0,25.0,25.0,25.0,25.0,24.0,9.541,0.0,0.0,1.0,1781028029678798608
1781028029800557810,0.00039482645858227017,57.2614813583979,103.13202453463197,-0.00125848213728538,-0.014548445931490055,-0.0002816968496942552,6.503135712173353e-8,3.683042514853329e-6,-4.472982697048406e-7,5.570624859774854e-6,8.680886606493069e-7,5.871238173604595e-7,0.00865425608254505,5.936299536836562,2.769596661826174,0.3827162206713979,0.31973685018804254,0.12383466160623556,25.0,25.0,25.0,25.0,25.0,25.0,24.0,9.541,0.0,0.0,1.0,1781028029792730023
1781028029899564517,0.00039483324740161377,57.261481742102056,103.13202448804203,-0.0012579018484060432,-0.014548355507427758,-0.0002816356896783486,6.530229529374681e-8,3.68403466158205e-6,-4.472317973439194e-7,5.57091746866182e-6,8.680558467925023e-7,5.871464042543376e-7,0.008636833889129291,5.936299113923448,2.7695935814918875,0.38271901956971954,0.3197371991098803,0.12383544850954642,25.0,25.0,25.0,25.0,25.0,25.0,24.0,9.541,0.0,0.0,1.0,1781028029883967866
1781028030000548778,0.00039484006390440714,57.26148212590971,103.1320244414594,-0.0012573215299321084,-0.014548265087190084,-0.00028157452693969786,6.556315314185667e-8,3.685029968751511e-6,-4.471583824927381e-7,5.571191773225389e-6,8.680151051022593e-7,5.871762149220805e-7,0.008619411309068148,5.936298690949437,2.7695905010765403,0.38272181852661064,0.31973754803316984,0.12383623542995437,25.0,25.0,25.0,25.0,25.0,25.0,24.0,9.541,0.0,0.0,1.0,1781028029987699460
1781028030100155043,0.00039484690726903406,57.26148250982027,103.1320243948841,-0.0012567411807096194,-0.014548174670895574,-0.0002815133613943134,6.581633700726651e-8,3.686019488114551e-6,-4.470850477690551e-7,5.571479968216062e-6,8.679739142856258e-7,5.872062691383132e-7,0.008601988314333796,5.936298267898283,2.769587420577925,0.38272461754480824,0.3197378969577868,0.1238370223679784,25.0,25.0,25.0,25.0,25.0,25.0,24.0,9.541,0.0,0.0,1.0,1781028030084784151
1781028030199945931,0.00039485377669995974,57.26148289383317,103.13202434831612,-0.0012561607995569648,-0.014548084258653522,-0.0002814521929751642,6.60633039971198e-8,3.686997796774963e-6,-4.4701590153130443e-7,5.571797737109903e-6,8.679357078142769e-7,5.872330325745428e-7,0.008584564910783375,5.9362978447712225,2.7695843399952964,0.382727416622817,0.3197382458827888,0.12383780932315903,25.0,25.0,25.0,25.0,25.0,25.0,24.0,9.541,0.0,0.0,1.0,1781028030188308465
1781028030299689835,0.00039486067141862575,57.261483277947846,103.13202430175552,-0.0012555803853970926,-0.01454799385058984,-0.0002813910216047604,6.630344880589174e-8,3.687968593453055e-6,-4.469473780020551e-7,5.572129867710664e-6,8.678974304563934e-7,5.872592698972543e-7,0.008567141138251749,5.936297421570767,2.7695812593306264,0.38273021576224775,0.31973859480829,0.1238385962962772,25.0,25.0,25.0,25.0,25.0,25.0,24.0,9.541,0.0,0.0,1.0,1781028030287580174
1781028030400995361,0.0003948675906688509,57.26148366216373,103.13202425520232,-0.0012549999371460406,-0.014547903446828724,-0.0002813298472171033,6.653463501400339e-8,3.68894066573896e-6,-4.468734514669095e-7,5.572451714557038e-6,8.678531188190945e-7,5.872909009914989e-7,0.008549716951794979,5.936296998301411,2.769578178580254,0.38273301496056017,0.3197389437369182,0.12383938328629908,25.0,25.0,25.0,25.0,25.0,25.0,24.0,9.541,0.0,0.0,1.0,1781028030394278325
1781028030499925425,0.00039487453372132384,57.26148404648022,103.1320242086566,-0.0012544194536129938,-0.014547813047466232,-0.0002812686697753922,6.676041844431656e-8,3.6899017590269273e-6,-4.468037137931353e-7,5.572803332301798e-6,8.678121580192282e-7,5.873187555567689e-7,0.008532292360148961,5.936296574956099,2.769575097744461,0.3827358142191061,0.3197392926652894,0.12384017029354225,25.0,25.0,25.0,25.0,25.0,25.0,24.0,9.541,0.0,0.0,1.0,1781028030499729020
1781028030599323681,0.00039488010481897426,57.261484354005496,103.1320241714254,-0.001253955040696909,-0.014547740731230444,-0.0002812197255840147,6.693548377749784e-8,3.690670003962179e-6,-4.46745178060321e-7,5.573081329031604e-6,8.67776466366497e-7,5.873434369414145e-7,0.00851835242962738,5.936296236227629,2.7695726330148247,0.38273805366955704,0.31973957180927937,0.12384079991210128,25.0,25.0,25.0,25.0,25.0,25.0,24.0,9.541,0.0,0.0,1.0,1781028030578623088
1781028030699450697,0.000394887088932739,57.26148473850168,103.13202412489314,-0.001253374490903297,-0.014547650340076332,-0.00028115854253774774,6.71504722188615e-8,3.691616186685947e-6,-4.466786493752007e-7,5.57346810498248e-6,8.677371414910656e-7,5.873683500379325e-7,0.00850092711776925,5.936295812744497,2.769569552023963,0.38274085303654104,0.3197399207404078,0.1238415869504533,25.0,25.0,25.0,25.0,25.0,25.0,24.0,9.541,0.0,0.0,1.0,1781028030678956877
1781028030799889602,0.000394894094895257,57.26148512309694,103.13202407836846,-0.0012527939028608083,-0.014547559953660643,-0.00028109735631072453,6.735441575857035e-8,3.6925751669474474e-6,-4.465974879453141e-7,5.573806878982167e-6,8.676833391733305e-7,5.874066032073716e-7,0.008483501427120258,5.936295389204598,2.769566470947695,0.3827436524607242,0.31974026967504376,0.12384237400543502,25.0,25.0,25.0,25.0,25.0,25.0,24.0,9.541,0.0,0.0,1.0,1781028030783360727
1781028030899465007,0.0003949011220649833,57.26148550779065,103.13202403185134,-0.001252213275307255,-0.014547469572047712,-0.00028103616692359303,6.755610116968158e-8,3.693513899103458e-6,-4.465271819120092e-7,5.5742028551013354e-6,8.676394445548158e-7,5.874342472674437e-7,0.008466075346687751,5.936294965578836,2.769563389784476,0.3827464519471078,0.31974061860944086,0.12384316107822096,25.0,25.0,25.0,25.0,25.0,25.0,24.0,9.541,0.0,0.0,1.0,1781028030880368429
1781028030999764889,0.00039490816979918927,57.26148589258227,103.13202398534187,-0.001251632607185763,-0.014547379195356471,-0.0002809749743534237,6.775243707107319e-8,3.6944430584629106e-6,-4.46459826647628e-7,5.574621365786647e-6,8.675968201703271e-7,5.874596638366051e-7,0.008448648846462545,5.93629454187766,2.769560308533869,0.3827492514929083,0.31974096754502146,0.12384394816782558,25.0,25.0,25.0,25.0,25.0,25.0,24.0,9.541,0.0,0.0,1.0,1781028030980481828
1781028031099313101,0.0003949166533463131,57.2614863544607,103.13202392954064,-0.00125093575050788,-0.014547270749995124,-0.0002809015390332605,6.79766156848108e-8,3.6955677698288426e-6,-4.4636595818138866e-7,5.575087019746181e-6,8.675337072632996e-7,5.87500912620323e-7,0.008427736560048459,5.936294033349096,2.769556610915324,0.3827526110250881,0.3197413862723367,0.12384489269777824,25.0,25.0,25.0,25.0,25.0,25.0,24.0,9.541,0.0,0.0,1.0,1781028031099195743
1781028031199978433,0.0003949223244886101,57.26148666245705,103.13202389234598,-0.0012504711451268072,-0.014547198457191391,-0.0002808525796085539,6.8122561458924e-8,3.696308876675451e-6,-4.4630694398591523e-7,5.575420760208649e-6,8.67494278666144e-7,5.875252236780627e-7,0.008413794701315598,5.936293694267677,2.7695541457655133,0.38275485076099264,0.3197416654238342,0.12384552239787808,25.0,25.0,25.0,25.0,25.0,25.0,24.0,9.541,0.0,0.0,1.0,1781028031187460608
1781028031300037563,0.00039492943026859487,57.261487047539056,103.13202384585964,-0.0012498903488969454,-0.014547108095894244,-0.00028079137747462053,6.829998589710201e-8,3.6972298898592207e-6,-4.462328820553101e-7,5.575846060096005e-6,8.674435244647469e-7,5.875556777442189e-7,0.008396367033691584,5.936293270349954,2.7695510642484567,0.38275765048417065,0.3197420143661136,0.12384630953832838,25.0,25.0,25.0,25.0,25.0,25.0,24.0,9.541,0.0,0.0,1.0,1781028031287633689
1781028031399402051,0.0003949365542435346,57.26148743271673,103.13202379938106,-0.0012493095077682932,-0.01454701773991949,-0.0002807301721854052,6.847394757780883e-8,3.698138164853936e-6,-4.461639813154591e-7,5.576305382412315e-6,8.673971422366542e-7,5.875807042229298e-7,0.008378938959799135,5.936292846352016,2.7695479826418987,0.3827604502678499,0.31974236330956285,0.12384709669592056,25.0,25.0,25.0,25.0,25.0,25.0,24.0,9.541,0.0,0.0,1.0,1781028031389533523
1781028031499731986,0.0003949436958590699,57.26148781798953,103.13202375291029,-0.0012487286207660622,-0.014546927389382312,-0.0002806689637473221,6.864018457640734e-8,3.699051361657239e-6,-4.460861657388291e-7,5.576743704120087e-6,8.673428235920516e-7,5.876124360369394e-7,0.008361510498007279,5.936292422289217,2.7695449009454207,0.3827632501094394,0.3197427122560732,0.12384788387010667,25.0,25.0,25.0,25.0,25.0,25.0,24.0,9.541,0.0,0.0,1.0,1781028031487636888
1781028031599331085,0.0003949508545856607,57.26148820335691,103.1320237064474,-0.0012481476867622569,-0.014546837044369078,-0.00028060775220319724,6.880128367777693e-8,3.6999601239318006e-6,-4.4600813100753844e-7,5.577188066745984e-6,8.672869148545276e-7,5.876445225755879e-7,0.008344081647974524,5.936291998152927,2.7695418191580634,0.38276605001014574,0.3197430612044814,0.12384867106115692,25.0,25.0,25.0,25.0,25.0,25.0,24.0,9.541,0.0,0.0,1.0,1781028031590981315
1781028031700007440,0.00039495802991376254,57.261488588818274,103.1320236599924,-0.0012475667046192669,-0.014546746704952929,-0.00028054653760887344,6.895943156916927e-8,3.700855417481324e-6,-4.459353836944894e-7,5.57766895471159e-6,8.6723595145401e-7,5.876704973771331e-7,0.008326652398261827,5.9362915739356,2.7695387372787867,0.3827688499706279,0.31974341015482677,0.12384945826913228,25.0,25.0,25.0,25.0,25.0,25.0,24.0,9.541,0.0,0.0,1.0,1781028031686920625
1781028031799267815,0.00039496522133290805,57.26148897437311,103.13202361354536,-0.001246985673421107,-0.014546656371257922,-0.00028048531997931043,6.911069126744056e-8,3.701753121634079e-6,-4.4585605901047155e-7,5.578135143830314e-6,8.671780178620841e-7,5.877018296712328e-7,0.008309222736284094,5.936291149650917,2.769535655310151,0.38277164998905566,0.3197437591077418,0.12385024549346162,25.0,25.0,25.0,25.0,25.0,25.0,24.0,9.541,0.0,0.0,1.0,1781028031795232706
1781028031899998532,0.00039497242836239704,57.261489360020825,103.1320235671063,-0.0012464045919940916,-0.014546566043353032,-0.00028042409938732046,6.925858475857487e-8,3.7026413406265553e-6,-4.457798716835186e-7,5.578624528224169e-6,8.671226238506675e-7,5.877294339122512e-7,0.008291792701350133,5.93629072528824,2.7695325732490983,0.3827744500672616,0.3197441080623404,0.1238510327348796,25.0,25.0,25.0,25.0,25.0,25.0,24.0,9.54,0.0,0.0,1.0,1781028031892083058
1781028031999844099,0.0003949782049017346,57.261489668605535,103.13202352996086,-0.0012459396901002531,-0.01454649378527902,-0.0002803751207950771,6.937187674374271e-8,3.7033563504627263e-6,-4.4571308713651827e-7,5.578999242161161e-6,8.670725703877422e-7,5.877563108487023e-7,0.008277848392125293,5.936290385749489,2.7695301075330856,0.3827766901720575,0.3197443872287894,0.12385166254006208,25.0,25.0,25.0,25.0,25.0,25.0,24.0,9.54,0.0,0.0,1.0,1781028031972699119
1781028032099239651,0.00039498688737281336,57.261490131592765,103.13202347425236,-0.001245242274545623,-0.014546385405316,-0.00028030164949744443,6.953894661282631e-8,3.704412054152557e-6,-4.456195081617105e-7,5.579604059326425e-6,8.670030323075572e-7,5.87789255806713e-7,0.008256931443717605,5.936289876343546,2.7695264088478844,0.38278005040044105,0.31974480598056426,0.1238526072678586,25.0,25.0,25.0,25.0,25.0,25.0,24.0,9.54,0.0,0.0,1.0,1781028032098975297
1781028032200099945,0.00039499268712641446,57.26149044032396,103.1320234371198,-0.001244777288284863,-0.01454631315684434,-0.000280252666402108,6.964854918251774e-8,3.705104392764336e-6,-4.455617659419582e-7,5.580037107887491e-6,8.669605028897256e-7,5.878060003710673e-7,0.008242986486853909,5.93628953667886,2.769523942985599,0.38278229060021673,0.3197450851489844,0.1238532370997431,25.0,25.0,25.0,25.0,25.0,25.0,24.0,9.54,0.0,0.0,1.0,1781028032174942724
1781028032299316809,0.0003950014033600692,57.261490903529655,103.13202338143084,-0.0012440797438356846,-0.014546204791524865,-0.00028017918848673927,6.980561853352996e-8,3.7061474985247777e-6,-4.454673750818424e-7,5.580664923913103e-6,8.668887562555872e-7,5.878374562614754e-7,0.008222068593225572,5.9362890270961834,2.769520244074857,0.3827856509688973,0.3197455039071922,0.12385418186723623,25.0,25.0,25.0,25.0,25.0,25.0,24.0,9.54,0.0,0.0,1.0,1781028032295375517
1781028032399993269,0.00039500722494277134,57.261491212405616,103.1320233443114,-0.00124361467003643,-0.014546132552961649,-0.00028013020109293984,6.990747217248965e-8,3.7068380820345023e-6,-4.45404082182287e-7,5.581092488160879e-6,8.668405712376966e-7,5.878573325252967e-7,0.008208123025512685,5.936288687313958,2.7695177780629656,0.38278789126334967,0.31974578308047835,0.12385481172607052,25.0,25.0,25.0,25.0,25.0,25.0,24.0,9.54,0.0,0.0,1.0,1781028032377509994
1781028032499880039,0.00039501597293969986,57.26149167582711,103.13202328864212,-0.001242916991786887,-0.014546024202705584,-0.0002800567169309568,7.00557128379399e-8,3.707865617935965e-6,-4.453101391228777e-7,5.581752712561593e-6,8.667684723171374e-7,5.878852090388011e-7,0.008187204168511217,5.936288177550358,2.769514078929537,0.38279125177377615,0.3197462018440534,0.12385575653345292,25.0,25.0,25.0,25.0,25.0,25.0,24.0,9.54,0.0,0.0,1.0,1781028032497800906
1781028032599615509,0.0003950218150595089,57.261491984846074,103.13202325153593,-0.0012424518272129783,-0.01454595197432798,-0.0002800077254989769,7.014941272740434e-8,3.708556519923381e-6,-4.452399534523301e-7,5.58217012481641e-6,8.667132575578536e-7,5.879096375747852e-7,0.008173257956608344,5.936287837655015,2.7695116127637944,0.3827934921602054,0.3197464810229088,0.12385638641815482,25.0,25.0,25.0,25.0,25.0,25.0,24.0,9.54,0.0,0.0,1.0,1781028032577325573
1781028032700141688,0.0003950305929481431,57.26149244848073,103.1320231958866,-0.0012417540103003178,-0.014545843639531549,-0.00027993423551552334,7.029002058653487e-8,3.709568359743423e-6,-4.45148077619517e-7,5.582864171476905e-6,8.666421344584152e-7,5.879326145513484e-7,0.00815233817679337,5.936287327706431,2.7695079134023675,0.3827968528133547,0.31974689979331067,0.12385733126596564,25.0,25.0,25.0,25.0,25.0,25.0,24.0,9.54,0.0,0.0,1.0,1781028032700003016
1781028032799932956,0.0003950364544019264,57.26149275764091,103.1320231587938,-0.0012412887516444289,-0.014545771421594236,-0.0002798852403601529,7.038033041780823e-8,3.710240645893428e-6,-4.450848552452286e-7,5.583327373783008e-6,8.665921187307989e-7,5.87948979329442e-7,0.008138391329459947,5.93628698768583,2.7695054470862472,0.3827990932947506,0.3197471789748009,0.1238579611773438,25.0,25.0,25.0,25.0,25.0,25.0,24.0,9.54,0.0,0.0,1.0,1781028032781295850
1781028032899706874,0.0003950437916214518,57.26149314416987,103.1320231124353,-0.0012407071241215435,-0.014545681155151952,-0.00027982399444942657,7.048984682987631e-8,3.711078677665552e-6,-4.450032597682438e-7,5.583908258654527e-6,8.66527754625707e-7,5.879697938568943e-7,0.00812095741962094,5.936286562590981,2.7695023641033454,0.3828018939491827,0.3197475279558365,0.1238587485814508,25.0,25.0,25.0,25.0,25.0,25.0,24.0,9.54,0.0,0.0,1.0,1781028032880676437
1781028032999962263,0.00039505114007186464,57.26149353078582,103.1320230660853,-0.001240125435517694,-0.014545590895456106,-0.00027976274643513215,7.059401075977283e-8,3.711919873678231e-6,-4.449148324997931e-7,5.584471766239025e-6,8.664565350205833e-7,5.879954922860196e-7,0.008103523134324164,5.936286137428402,2.7694992810263623,0.382804694662168,0.3197478769400744,0.12385953600219517,25.0,25.0,25.0,25.0,25.0,25.0,24.0,9.54,0.0,0.0,1.0,1781028032986402647
1781028033100209448,0.00039505849943816086,57.26149391748812,103.1320230197438,-0.0012395436846378957,-0.014545500642537134,-0.000279701496474101,7.069977637538635e-8,3.7127363439421474e-6,-4.44840941064895e-7,5.585104896530067e-6,8.663981138665525e-7,5.880067704673056e-7,0.00808608843304765,5.936285712177109,2.7694961978509416,0.3828074954353684,0.31974822592575575,0.12386032343965488,25.0,25.0,25.0,25.0,25.0,25.0,24.0,9.54,0.0,0.0,1.0,1781028033081227458
1781028033199558952,0.0003950658693801152,57.26149430427632,103.13202297341088,-0.0012389618707771715,-0.014545410396533657,-0.00027964024462329775,7.079895163943109e-8,3.7135622805497433e-6,-4.4475592551517556e-7,5.58570323604574e-6,8.66328984469008e-7,5.880268186437569e-7,0.008068653341789137,5.936285286861005,2.7694931145809227,0.38281029626598073,0.31974857491499487,0.12386111089328952,25.0,25.0,25.0,25.0,25.0,25.0,24.0,9.54,0.0,0.0,1.0,1781028033185107843
1781028033299526812,0.000395073249600828,57.26149469114982,103.13202292708657,-0.0012383799927998254,-0.014545320157489886,-0.0002795789910376675,7.089604112118502e-8,3.714379525754332e-6,-4.446722561742444e-7,5.586319148098072e-6,8.662609768906047e-7,5.880436536621235e-7,0.008051217868562006,5.936284861465476,2.769490031212053,0.3828130971552626,0.3197489239086738,0.12386189836349414,25.0,25.0,25.0,25.0,25.0,25.0,24.0,9.54,0.0,0.0,1.0,1781028033287135379
1781028033402615118,0.0003950806397958548,57.26149507810808,103.13202288077088,-0.0012377980497674578,-0.014545229925496126,-0.00027951773583073387,7.099029974154786e-8,3.7151908501387665e-6,-4.445884787336674e-7,5.586946707985757e-6,8.661923328370855e-7,5.88059048191279e-7,0.008033781986585475,5.936284435996655,2.7694869477472968,0.3828158981029446,0.319749272904653,0.12386268584995948,25.0,25.0,25.0,25.0,25.0,25.0,24.0,9.54,0.0,0.0,1.0,1781028033386214977
1781028033499775866,0.0003950880396756591,57.26149546515057,103.1320228344639,-0.001237216040776988,-0.014545139700635666,-0.0002794564791213013,7.108247708954705e-8,3.715994675494886e-6,-4.445056185589262e-7,5.587591227845832e-6,8.661250549424535e-7,5.880713551616466e-7,0.008016345712423708,5.936284010448276,2.769483864185501,0.382818699110502,0.3197496219028515,0.12386347335320318,25.0,25.0,25.0,25.0,25.0,25.0,24.0,9.54,0.0,0.0,1.0,1781028033487190382
1781028033601315668,0.0003950954489619748,57.26149585227672,103.13202278816568,-0.0012366339648638,-0.014545049482987854,-0.0002793952210417222,7.117132536276397e-8,3.716796471251396e-6,-4.444212489871618e-7,5.588234652149249e-6,8.660547328970824e-7,5.880846018640116e-7,0.007998909044708378,5.936283584829986,2.769480780524764,0.3828215001756113,0.31974997090508506,0.12386426087261364,25.0,25.0,25.0,25.0,25.0,25.0,24.0,9.54,0.0,0.0,1.0,1781028033589693207
1781028033699781138,0.0003951028673857412,57.261496239486,103.13202274187626,-0.0012360518210744712,-0.014544959272623958,-0.00027933396172802354,7.125756219559072e-8,3.717592943462493e-6,-4.443355411168412e-7,5.588888701578564e-6,8.659839937840074e-7,5.880963783868117e-7,0.007981471975603059,5.936283159131857,2.7694776967666086,0.3828243012998151,0.31975031991033015,0.12386504840847652,25.0,25.0,25.0,25.0,25.0,25.0,24.0,9.54,0.0,0.0,1.0,1781028033686798912
1781028033799439494,0.0003951102946916861,57.261496626777834,103.13202269559568,-0.0012354696083923256,-0.014544869069613253,-0.0002792727013319137,7.134427925490227e-8,3.7183717381262096e-6,-4.442591217487787e-7,5.589587040387118e-6,8.659203688204885e-7,5.880988141178623e-7,0.007964034518852532,5.936282733353948,2.7694746129094354,0.3828271024832784,0.3197506689177574,0.12386583596095135,25.0,25.0,25.0,25.0,25.0,25.0,24.0,9.54,0.0,0.0,1.0,1781028033789687212
1781028033899493080,0.0003951177306172752,57.261497014151715,103.132022649324,-0.001234887326074881,-0.014544778874067929,-0.00027921143995530794,7.142547954583247e-8,3.7191594545880513e-6,-4.441715287927785e-7,5.5902531883669005e-6,8.658470118146749e-7,5.881089078348826e-7,0.007946596675583733,5.936282307508007,2.7694715289537033,0.3828299037247951,0.3197510179299187,0.1238666235297692,25.0,25.0,25.0,25.0,25.0,25.0,24.0,9.54,0.0,0.0,1.0,1781028033888450935
1781028034000527417,0.0003951251749256584,57.26149740160711,103.1320226030613,-0.0012343049731319714,-0.014544688686050833,-0.00027915017775627306,7.150419206838986e-8,3.7199421209320137e-6,-4.44083513874196e-7,5.5909280720472215e-6,8.657727068067229e-7,5.88117881347499e-7,0.007929158417499896,5.936281881583836,2.7694684448995237,0.38283270502504585,0.31975136694559814,0.1238674111148421,25.0,25.0,25.0,25.0,25.0,25.0,24.0,9.54,0.0,0.0,1.0,1781028033993210647
1781028034099729597,0.0003951326273892667,57.26149778914342,103.13202255680756,-0.0012337225485864211,-0.014544598505627008,-0.00027908891489553654,7.158097046893375e-8,3.7207176406854994e-6,-4.4399588101489147e-7,5.591614530015675e-6,8.656981003992835e-7,5.881247548585087e-7,0.007911719784304905,5.9362814555874674,2.7694653607472888,0.38283550638373104,0.31975171596405455,0.1238681987163776,25.0,25.0,25.0,25.0,25.0,25.0,24.0,9.54,0.0,0.0,1.0,1781028034089400803
1781028034199821710,0.0003951400877795971,57.26149817676012,103.13202251056286,-0.0012331400515913915,-0.01454450833288596,-0.0002790276515088173,7.16557792985671e-8,3.7214887590861223e-6,-4.439074230421688e-7,5.5923090582378505e-6,8.656231504298184e-7,5.881300832073675e-7,0.007894280742665322,5.936281029513018,2.7694622764932637,0.382838307801124,0.31975206498591724,0.123868986334192,25.0,25.0,25.0,25.0,25.0,25.0,24.0,9.54,0.0,0.0,1.0,1781028034190618551
1781028034299519816,0.00039514755587709906,57.26149856445668,103.1320224643273,-0.0012325574812639996,-0.014544418167911296,-0.00027896638774206736,7.172709207740345e-8,3.7222598491612898e-6,-4.43814720780348e-7,5.5929958423839884e-6,8.655432786071155e-7,5.881378514369068e-7,0.00787684131179923,5.936280603368074,2.76945919214121,0.38284110927695014,0.319752414012407,0.12386977396839248,25.0,25.0,25.0,25.0,25.0,25.0,24.0,9.54,0.0,0.0,1.0,1781028034294285035
1781028034399705087,0.0003951550314887606,57.26149895223249,103.13202241810085,-0.001231974836585778,-0.014544328010748092,-0.0002789051237831767,7.179966671646157e-8,3.723012459428324e-6,-4.437310513835087e-7,5.593730448055111e-6,8.654717770736957e-7,5.881351328158617e-7,0.007859401490729513,5.936280177136812,2.7694561076892947,0.382843910812777,0.31975276304057887,0.12387056161930037,25.0,25.0,25.0,25.0,25.0,25.0,24.0,9.54,0.0,0.0,1.0,1781028034393336773
1781028034499914774,0.0003951625143968965,57.26149934008709,103.1320223718836,-0.001231392116838751,-0.014544237861513125,-0.00027884385974761086,7.186851201849124e-8,3.7237669801971337e-6,-4.4364172925617563e-7,5.594453785110683e-6,8.653946948342816e-7,5.881357115044301e-7,0.007841961247808386,5.9362797508347285,2.7694530231370504,0.3828467124062592,0.3197531120732484,0.12387134928609268,25.0,25.0,25.0,25.0,25.0,25.0,24.0,9.54,0.0,0.0,1.0,1781028034491995335
1781028034599394631,0.0003951700044190136,57.26149972801987,103.13202232567563,-0.0012308093210564915,-0.01454414772026394,-0.0002787825958178973,7.193529338280143e-8,3.724517699772141e-6,-4.4355116313866354e-7,5.59517931178364e-6,8.653157612255135e-7,5.881358277589063e-7,0.007824520634492233,5.9362793244588845,2.769449938483765,0.3828495140583182,0.3197534611096552,0.12387213696940429,25.0,25.0,25.0,25.0,25.0,25.0,24.0,9.54,0.0,0.0,1.0,1781028034593237901
1781028034699531394,0.00039517750137331713,57.26150011603029,103.13202227947691,-0.0012302264483414684,-0.014544057587068473,-0.00027872133216327264,7.20029267288789e-8,3.725252647512074e-6,-4.43467192062796e-7,5.595946720741425e-6,8.6524388820354e-7,5.881269218653018e-7,0.007807079612103802,5.936278897997997,2.7694468537285615,0.3828523157705532,0.319753810148459,0.12387292466932706,25.0,25.0,25.0,25.0,25.0,25.0,24.0,9.54,0.0,0.0,1.0,1781028034693414878
1781028034800563411,0.0003951835037990648,57.261500426494194,103.1320222425247,-0.0012297600943128,-0.01454398548638992,-0.0002786723215223294,7.205368673540952e-8,3.725846165637639e-6,-4.433935341249498e-7,5.596538355541059e-6,8.651794630944619e-7,5.881248557541515e-7,0.007793126507065211,5.936278556781001,2.769444385853294,0.382854557181824,0.31975408938253197,0.12387355484081528,25.0,25.0,25.0,25.0,25.0,25.0,24.0,9.54,0.0,0.0,1.0,1781028034773239994
1781028034899301034,0.0003951925153515723,57.261500892281944,103.13202218710764,-0.0012290604689796907,-0.014543877345225569,-0.00027859880627136756,7.21275926074324e-8,3.726730722560343e-6,-4.432808226471136e-7,5.597430377636564e-6,8.650805793050363e-7,5.881208802331834e-7,0.007772196401283308,5.936278044865246,2.7694406839180106,0.38285791936943847,0.31975450823975604,0.1238745001179546,25.0,25.0,25.0,25.0,25.0,25.0,24.0,9.54,0.0,0.0,1.0,1781028034893407709
1781028034999822759,0.00039520003205334274,57.261501280522026,103.13202214093717,-0.0012284773604963725,-0.014543787236698608,-0.00027853754440110593,7.218937300608953e-8,3.72745369888464e-6,-4.431930994186298e-7,5.598209847967426e-6,8.650033679305209e-7,5.88110010988066e-7,0.007754754188866119,5.9362776181808234,2.769437598860631,0.38286072125723974,0.3197548572899368,0.1238752878667084,25.0,25.0,25.0,25.0,25.0,25.0,24.0,9.54,0.0,0.0,1.0,1781028034998778399
1781028035100133060,0.000395207555015775,57.26150166883757,103.13202209477618,-0.0012278941717413809,-0.0145436971365516,-0.0002784762834650339,7.224937012302376e-8,3.728172808387657e-6,-4.4310360806885986e-7,5.598992222618377e-6,8.64924165203032e-7,5.88098561554177e-7,0.007737311579412184,5.936277191420103,2.7694345137009884,0.3828635232038934,0.3197552063447783,0.12387607563182566,25.0,25.0,25.0,25.0,25.0,25.0,24.0,9.54,0.0,0.0,1.0,1781028035094375810
1781028035199530349,0.0003952150840897725,57.261502057228014,103.13202204862472,-0.001227310901859669,-0.01454360704485715,-0.000278415023639555,7.230791634483533e-8,3.7288865662121824e-6,-4.430127330296857e-7,5.599781263093457e-6,8.648438733409496e-7,5.880856236226385e-7,0.007719868589481239,5.93627676458554,2.7694314284406167,0.3828663252093968,0.31975555540339506,0.12387686341341764,25.0,25.0,25.0,25.0,25.0,25.0,24.0,9.54,0.0,0.0,1.0,1781028035197494194
1781028035299814206,0.0003952226191310121,57.26150244569283,103.13202200248294,-0.001226727550079596,-0.014543516961700831,-0.00027835376509294083,7.236411800709704e-8,3.729600558751317e-6,-4.4291893309038386e-7,5.600565048842608e-6,8.6476049393988e-7,5.88073790914051e-7,0.007702425198399163,5.936276337673604,2.769428343077427,0.3828691272741008,0.31975590446561486,0.12387765121140508,25.0,25.0,25.0,25.0,25.0,25.0,24.0,9.54,0.0,0.0,1.0,1781028035294873462
1781028035399805021,0.0003952286513704536,57.261502756517864,103.13202196557644,-0.0012262608091129555,-0.014543444901368744,-0.0002783047593016012,7.240912440884496e-8,3.730162744526679e-6,-4.428463652690187e-7,5.601212515017975e-6,8.646961034931019e-7,5.880601322459924e-7,0.007688470173851275,5.936275996086801,2.769425874713221,0.3828713689681352,0.31975618371800296,0.1238782814613152,25.0,25.0,25.0,25.0,25.0,25.0,24.0,9.54,0.0,0.0,1.0,1781028035381782148
1781028035499326034,0.0003952377065730292,57.26150322284337,103.1320219102284,-0.0012255605975288648,-0.0145433368213121,-0.00027823125255138674,7.247127297223652e-8,3.731016888837789e-6,-4.427250103325526e-7,5.602139489645216e-6,8.645869779833177e-7,5.880489741376342e-7,0.007667537214437275,5.936275483627055,2.76942217204564,0.3828747315794425,0.31975660260234645,0.12387922685613814,25.0,25.0,25.0,25.0,25.0,25.0,24.0,9.54,0.0,0.0,1.0,1781028035495522655
1781028035599495484,0.00039524374785887426,57.261503533785216,103.13202187333748,-0.001225093722282931,-0.014543264774917186,-0.00027818224951801137,7.251640774850158e-8,3.731563662855539e-6,-4.42657534453439e-7,5.602820442326655e-6,8.645266672649342e-7,5.880273137709385e-7,0.007653581578033072,5.936275141914023,2.7694197035159065,0.3828769733690987,0.31975688186053414,0.12387985713275816,25.0,25.0,25.0,25.0,25.0,25.0,24.0,9.54,0.0,0.0,1.0,1781028035582526056
1781028035699504041,0.00039525130438397565,57.26150392252759,103.13202182723268,-0.0012245100517818976,-0.0145431747248951,-0.00027812099748795646,7.25679572159155e-8,3.7322559322943313e-6,-4.425618145409718e-7,5.603635856730279e-6,8.64440386185436e-7,5.880087164107948e-7,0.007636136662881636,5.936274714712872,2.7694166177638473,0.38287977565741665,0.3197572309378355,0.12388064499265238,25.0,25.0,25.0,25.0,25.0,25.0,24.0,9.54,0.0,0.0,1.0,1781028035678542112
1781028035799728509,0.00039525886627005146,57.26150431134168,103.13202178113778,-0.0012239262955712406,-0.014543084683798986,-0.0002780597475953815,7.26166532660906e-8,3.732951765444475e-6,-4.42459642725992e-7,5.604434439084495e-6,8.64348125228295e-7,5.879936252425721e-7,0.007618691349292569,5.9362742874400345,2.7694135319096795,0.3828825780048042,0.3197575800191595,0.12388143286893195,25.0,25.0,25.0,25.0,25.0,25.0,24.0,9.54,0.0,0.0,1.0,1781028035780709246
1781028035899364884,0.00039526643342412143,57.26150470022688,103.13202173505276,-0.001223342452676212,-0.014542994651659476,-0.00027799850007064755,7.266780887895782e-8,3.7336278016435503e-6,-4.423683820053493e-7,5.605283338381006e-6,8.642648518675863e-7,5.879670592849327e-7,0.0076012456444374335,5.936273860081231,2.769410445950391,0.3828853804121133,0.3197579291036578,0.12388222076182252,25.0,25.0,25.0,25.0,25.0,25.0,24.0,9.54,0.0,0.0,1.0,1781028035889937467
1781028036001546689,0.0003952740057294602,57.26150508918271,103.13202168897772,-0.0012227585224756008,-0.0145429046285915,-0.00027793725506636274,7.271762395325303e-8,3.734299712058891e-6,-4.422744879457781e-7,5.606134663529125e-6,8.641796524833982e-7,5.879397633402977e-7,0.007583799543111642,5.936273432648531,2.7694073598874627,0.3828881828784418,0.31975827819250485,0.12388300867108493,25.0,25.0,25.0,25.0,25.0,25.0,24.0,9.54,0.0,0.0,1.0,1781028035996880329
1781028036099595257,0.0003952815830909778,57.2615054782086,103.13202164291272,-0.001222174504191088,-0.014542814614669825,-0.0002778760127763848,7.276653353543326e-8,3.734965819025553e-6,-4.42179903110846e-7,5.606994271136706e-6,8.64093537235738e-7,5.879105500061156e-7,0.007566353042355654,5.936273005138836,2.76940427372251,0.38289098540407907,0.31975862728588594,0.12388379659676951,25.0,25.0,25.0,25.0,25.0,25.0,24.0,9.54,0.0,0.0,1.0,1781028036090614870
1781028036199230493,0.00039528916540959856,57.261505867304,103.13202159685784,-0.0012215903971337402,-0.014542724609988985,-0.00027781477337605496,7.281352451322813e-8,3.735632050213413e-6,-4.420822825244093e-7,5.607847343144693e-6,8.640041802876986e-7,5.878824629951782e-7,0.007548906132911623,5.936272577551552,2.769401187452156,0.3828937879891153,0.3197589763833898,0.12388458453881657,25.0,25.0,25.0,25.0,25.0,25.0,24.0,9.54,0.0,0.0,1.0,1781028036197064151
1781028036300205858,0.000395296752603599,57.26150625646834,103.13202155081308,-0.0012210062004527384,-0.014542634614610365,-0.00027775353707695625,7.285831439498888e-8,3.7362976283111376e-6,-4.4198018156276886e-7,5.608691256247349e-6,8.639098213994952e-7,5.878563112811027e-7,0.007531458834202226,5.936272149896146,2.769398101078949,0.3828965906314756,0.31975932548558444,0.12388537249678064,25.0,25.0,25.0,25.0,25.0,25.0,24.0,9.54,0.0,0.0,1.0,1781028036295970380
1781028036403265484,0.0003953028258118403,57.261506567849075,103.1320215139846,-0.0012205387781155997,-0.014542562625062452,-0.00027770455039463,7.289462734376303e-8,3.7368222568658703e-6,-4.419007026826102e-7,5.609383152306997e-6,8.638365630168896e-7,5.878313215445538e-7,0.007517500713261072,5.936271807714372,2.7693956319062343,0.38289883278925074,0.3197596047694897,0.12388600287534902,25.0,25.0,25.0,25.0,25.0,25.0,24.0,9.54,0.0,0.0,1.0,1781028036376516836
1781028036499748259,0.00039531194128858134,57.261507035001614,103.13202145875414,-0.0012198375353491104,-0.014542454652084045,-0.0002776310745452173,7.294992323747483e-8,3.737595640222684e-6,-4.417862371948699e-7,5.610453681965532e-6,8.637313484032557e-7,5.877863414941984e-7,0.007496563026752875,5.9362712943389235,2.7693919280195267,0.38290219609784537,0.31976002370042006,0.1238869484628472,25.0,25.0,25.0,25.0,25.0,25.0,24.0,9.54,0.0,0.0,1.0,1781028036492717663
1781028036599906008,0.00039531954262038584,57.26150742436947,103.13202141274014,-0.0012192530655613858,-0.014542364685117718,-0.0002775698486821085,7.299251387127772e-8,3.7382460740054343e-6,-4.4168243335155706e-7,5.611316839558616e-6,8.636344678267162e-7,5.877548499234955e-7,0.007479114526769671,5.936270866452558,2.769388841334148,0.3829049989193928,0.31976037281476805,0.12388773647035012,25.0,25.0,25.0,25.0,25.0,25.0,24.0,9.54,0.0,0.0,1.0,1781028036596206383
1781028036699510279,0.00039532714852619384,57.26150781380404,103.13202136673648,-0.0012186685031895684,-0.014542274727763147,-0.0002775086267100889,7.303702346665717e-8,3.7388796172881254e-6,-4.4158550008931556e-7,5.612220498722876e-6,8.635444000848843e-7,5.877140096372221e-7,0.007461665629756929,5.936270438481849,2.7693857545416143,0.38290780180049994,0.3197607219334971,0.12388852449430351,25.0,25.0,25.0,25.0,25.0,25.0,24.0,9.54,0.0,0.0,1.0,1781028036693357970
1781028036799848156,0.00039533323649215745,57.26150812539937,103.13202132994104,-0.0012182007862536204,-0.014542202768878968,-0.0002774596520445114,7.307149160364176e-8,3.7393859695286887e-6,-4.415056621469743e-7,5.612938538530849e-6,8.634698157196363e-7,5.876819803299217e-7,0.007447706230155544,5.936270096050279,2.769383285034555,0.3829100441492353,0.31976100123073337,0.1238891549256277,25.0,25.0,25.0,25.0,25.0,25.0,24.0,9.54,0.0,0.0,1.0,1781028036775425817
1781028036900088142,0.00039534237377761256,57.26150859287114,103.13202127476046,-0.001217499098257687,-0.014542094842300318,-0.0002773861951490007,7.312304025106894e-8,3.74013686320218e-6,-4.413870662042535e-7,5.614031332031776e-6,8.633584119888612e-7,5.876301974966848e-7,0.007426766618825625,5.936269582310663,2.7693795806464943,0.3829134077428294,0.31976142018191106,0.12389010059183926,25.0,25.0,25.0,25.0,25.0,25.0,24.0,9.54,0.0,0.0,1.0,1781028036894336955
1781028036999669432,0.0003953484688107094,57.261508904571095,103.1320212379818,-0.0012170312306831322,-0.014542022899150754,-0.0002773372274295,7.31555359658254e-8,3.740638644873655e-6,-4.413028780114625e-7,5.614747543585712e-6,8.632794146754309e-7,5.875980798389178e-7,0.007412806572199423,5.936269239759168,2.7693771109712553,0.3829156501861899,0.319761699487353,0.1238907310492723,25.0,25.0,25.0,25.0,25.0,25.0,24.0,9.54,0.0,0.0,1.0,1781028036975722326
1781028037099488931,0.00039535761656642513,57.26150937219845,103.13202118282652,-0.0012163293150324957,-0.014541914996364556,-0.0002772637814399823,7.320573924483435e-8,3.7413770217094785e-6,-4.411823081360218e-7,5.615855092119307e-6,8.631657626015439e-7,5.875419469875994e-7,0.007391866003055455,5.93626872583569,2.7693734063310504,0.3829190139226711,0.31976211844912444,0.1238916767549467,25.0,25.0,25.0,25.0,25.0,25.0,24.0,9.54,0.0,0.0,1.0,1781028037096315542
1781028037199589117,0.00039536371849830407,57.26150968400124,103.13202114606486,-0.0012158612946110102,-0.014541843069209828,-0.0002772148213112423,7.323797552696356e-8,3.741869008054473e-6,-4.410988073943841e-7,5.616585819128455e-6,8.630868958756631e-7,5.875056342310097e-7,0.007377905312824149,5.936268383161233,2.7693709364850694,0.3829212564608577,0.31976239776019094,0.1238923072384882,25.0,25.0,25.0,25.0,25.0,25.0,24.0,9.54,0.0,0.0,1.0,1781028037181495689
1781028037299624312,0.0003953728764869274,57.2615101517815,103.13202109093515,-0.0012151591480716337,-0.01454173519061813,-0.0002771413871904315,7.328802033732029e-8,3.7425903742276215e-6,-4.409798861141537e-7,5.6177204261743175e-6,8.629738641411681e-7,5.874422787181665e-7,0.007356963776751775,5.936267869047455,2.7693672315926174,0.3829246203418733,0.31976281673283224,0.12389325298402912,25.0,25.0,25.0,25.0,25.0,25.0,24.0,9.54,0.0,0.0,1.0,1781028037296879714
1781028037400550676,0.00039537898516713943,57.261510463685326,103.13202105419064,-0.001214690972680906,-0.014541663279733148,-0.0002770924352908126,7.331961681857279e-8,3.743073025995411e-6,-4.4089571656480195e-7,5.618464044926688e-6,8.628939917772428e-7,5.874024787054483e-7,0.00734300243732068,5.936267526249294,2.7693647615792067,0.38292686297618506,0.31976309605129033,0.12389388349405477,25.0,25.0,25.0,25.0,25.0,25.0,24.0,9.54,0.0,0.0,1.0,1781028037377455908
1781028037499855912,0.0003953855955427208,57.26151097310402,103.13202104896446,-0.0012141084417934393,-0.014541596312361868,-0.0002769979300761355,1.7947331510137952e-8,3.756519194008183e-6,5.4845612469651475e-8,4.054775115859326e-6,2.43273990752906e-7,8.569762493891562e-7,0.007321997132957911,5.936266851632044,2.76936096939165,0.3829302425876514,0.3197635576764291,0.12389483351552916,25.0,25.0,25.0,25.0,25.0,25.0,24.0,9.54,0.0,0.0,1.0,1781028037497079082
1781028037600277930,0.00039538619309344814,57.26151124634786,103.13202103303048,-0.0012137483896476715,-0.014541571926185527,-0.000276931024402577,1.6870437477046724e-9,3.0556432792457217e-6,-3.11073894990057e-7,4.445787588818424e-6,3.205868061969838e-7,7.768456081443429e-7,0.007308036590887939,5.936266642856113,2.76935857001374,0.3829324610089483,0.3197637987369767,0.12389545627125811,25.0,25.0,25.0,25.0,25.0,25.0,24.0,9.54,0.0,0.0,1.0,1781028037578070157
1781028037699631707,0.0003953863372537428,57.26151162119786,103.13202098998012,-0.001213188125071604,-0.014541530480696277,-0.00027683500125462066,1.8057795565988571e-9,2.9858537291029283e-6,-3.5264084404605244e-7,4.492425194770676e-6,3.352041386596432e-7,7.65179891483258e-7,0.007287107116974122,5.936266142803541,2.7693548553524936,0.3829358162472914,0.31976421636053487,0.12389639924210252,25.0,25.0,25.0,25.0,25.0,25.0,24.0,9.54,0.0,0.0,1.0,1781028037699500373
1781028037801550843,0.00039538654586721543,57.26151187014027,103.13202096064522,-0.00121281375076859,-0.01454150253499999,-0.00027677126889867073,3.1067097493652814e-9,2.988692018470186e-6,-3.513464421391955e-7,4.492253800368327e-6,3.353130342939838e-7,7.645529882504387e-7,0.007273155829727646,5.936265796480413,2.7693523720371145,0.3829380547502636,0.3197644976897663,0.1238970284237164,25.0,25.0,25.0,25.0,25.0,25.0,24.0,9.539,0.0,0.0,1.0,1781028037779838260
1781028037899777103,0.000395387044476399,57.26151224390246,103.1320209168157,-0.0012122522695225148,-0.014541460645645798,-0.0002766757315747097,4.776004234627453e-9,2.9910013776354984e-6,-3.501941725549724e-7,4.49158663558284e-6,3.34936617778544e-7,7.640717207136639e-7,0.007252228374086286,5.936265276312003,2.769348646824509,0.38294141269037785,0.3197649197274923,0.12389797225163496,25.0,25.0,25.0,25.0,25.0,25.0,24.0,9.539,0.0,0.0,1.0,1781028037897799540
1781028038001573028,0.0003953874878444537,57.26151249318327,103.1320208876459,-0.001211877976048734,-0.014541432743102102,-0.00027661207304594557,5.806739868443927e-9,2.991656670845142e-6,-3.4992261181306353e-7,4.491481237598504e-6,3.3473862529930124e-7,7.637492301724464e-7,0.0072382763514115345,5.936264929482945,2.7693461633445797,0.382943651384341,0.3197652010693027,0.1238986014909472,25.0,25.0,25.0,25.0,25.0,25.0,24.0,9.539,0.0,0.0,1.0,1781028037978931155
1781028038099580260,0.0003953883102452928,57.26151286718832,103.13202084392304,-0.001211316547442534,-0.014541390919259049,-0.0002765166346077973,7.292418720465782e-9,2.992379294142041e-6,-3.4966292350619804e-7,4.491378283911983e-6,3.344514871591551e-7,7.632858239326869e-7,0.00721734771989255,5.936264409195262,2.7693424380945437,0.3829470095176864,0.31976562307387113,0.12389954537894772,25.0,25.0,25.0,25.0,25.0,25.0,24.0,9.539,0.0,0.0,1.0,1781028038099449496
1781028038199911811,0.0003953889604918136,57.261513116571386,103.1320208147902,-0.001210942264655244,-0.01454136305582052,-0.0002764530414312435,8.2602528660081e-9,2.992797205393546e-6,-3.495276057793799e-7,4.491388348593629e-6,3.342748634128058e-7,7.629718178918623e-7,0.007203394898199402,5.936264062272961,2.7693399545684088,0.3829492483393059,0.3197659044044503,0.12390017465809015,25.0,25.0,25.0,25.0,25.0,25.0,24.0,9.539,0.0,0.0,1.0,1781028038179014536
1781028038299764988,0.0003953900846468523,57.26151349071166,103.13202077111276,-0.0012103808426043008,-0.014541321289376252,-0.00027635769903462535,9.673260401291151e-9,2.993419123816044e-6,-3.493227227590663e-7,4.491382234791417e-6,3.3400012471788745e-7,7.625206096084926e-7,0.007182465079293445,5.936263541816333,2.769336229239818,0.3829526066684234,0.31976632639459607,0.12390111860700843,25.0,25.0,25.0,25.0,25.0,25.0,24.0,9.539,0.0,0.0,1.0,1781028038299610491
1781028038399919354,0.0003953909310029612,57.261513740181464,103.13202074200876,-0.0012100065617743716,-0.014541293464373826,-0.00027629416826819436,1.0592779774968828e-8,2.993824784492625e-6,-3.4918864536141146e-7,4.4913905645239695e-6,3.338160004517557e-7,7.622263988904104e-7,0.007168511488456993,5.936263194796446,2.769333745657192,0.3829548456176092,0.3197666077170867,0.12390174792604836,25.0,25.0,25.0,25.0,25.0,25.0,24.0,9.539,0.0,0.0,1.0,1781028038381124517
1781028038499974672,0.0003953920953006087,57.26151405206646,103.13202070564476,-0.0012095387106676222,-0.014541258705099246,-0.0002762147885456603,1.1715067190753604e-8,2.994333523202525e-6,-3.490166071021239e-7,4.491388668908332e-6,3.335791151190608e-7,7.618719792860498e-7,0.007151069051745498,5.936262760960273,2.769330641144819,0.38295764437575586,0.31976695936745514,0.12390253459703124,25.0,25.0,25.0,25.0,25.0,25.0,24.0,9.539,0.0,0.0,1.0,1781028038482539649
1781028038599556565,0.0003953933750915718,57.2615143640038,103.13202066929844,-0.0012090708585373432,-0.014541223970459826,-0.00027613544542420023,1.2811394226587949e-8,2.9948303529528347e-6,-3.488479742486015e-7,4.491408671556882e-6,3.333428883098852e-7,7.61523462664608e-7,0.007133626163175744,5.936262327057679,2.7693275365920536,0.3829604432137072,0.3197673110135276,0.12390332129300638,25.0,25.0,25.0,25.0,25.0,25.0,24.0,9.539,0.0,0.0,1.0,1781028038591990707
1781028038699921007,0.0003953947675355965,57.261514675992935,103.1320206329699,-0.0012086030047075026,-0.014541189260768665,-0.00027605613789440586,1.3878679406417138e-8,2.9953306566905904e-6,-3.486737785569922e-7,4.491412598027734e-6,3.330986602625386e-7,7.611898422374078e-7,0.0071161827706841966,5.936261893091115,2.7693244319978523,0.3829632421293608,0.31976766265539613,0.12390410801286246,25.0,25.0,25.0,25.0,25.0,25.0,24.0,9.539,0.0,0.0,1.0,1781028038683414796
1781028038800100374,0.00039539626989898983,57.26151498803315,103.13202059665902,-0.0012081351481781502,-0.014541154576246667,-0.0002759768650641027,1.492154743689663e-8,2.9958176684362723e-6,-3.485048857769869e-7,4.491443535671372e-6,3.328560564563684e-7,7.608606870663234e-7,0.00709873890648188,5.936261459055444,2.7693213273603887,0.38296604112333366,0.3197680142928539,0.12390489475695098,25.0,25.0,25.0,25.0,25.0,25.0,24.0,9.539,0.0,0.0,1.0,1781028038787246934
1781028038899811107,0.0003953978794860395,57.26151530012387,103.13202056036576,-0.001207667288240137,-0.014541119917177606,-0.0002758976259976394,1.5938271686827763e-8,2.99630157538442e-6,-3.483338544674509e-7,4.491474258708713e-6,3.326092093099863e-7,7.605419366143661e-7,0.007081294575024117,5.936261024953296,2.7693182226770667,0.3829688401947719,0.3197683659284678,0.12390568152503162,25.0,25.0,25.0,25.0,25.0,25.0,24.0,9.539,0.0,0.0,1.0,1781028038883656628
1781028039000547635,0.000395399593682419,57.26151561226446,103.13202052409017,-0.001207199424031337,-0.014541085283802367,-0.00027581841982643777,1.6930719467939654e-8,2.996777612191138e-6,-3.481644998198119e-7,4.491519574257503e-6,3.323617190610385e-7,7.602299124403707e-7,0.007063849763854849,5.936260590780724,2.769315117948292,0.3829716393443764,0.3197687175585793,0.1239064683170577,25.0,25.0,25.0,25.0,25.0,25.0,24.0,9.539,0.0,0.0,1.0,1781028038986837812
1781028039099576148,0.0003954014099304404,57.2615159244543,103.13202048783218,-0.0012067315547227544,-0.01454105067636653,-0.0002757392456971803,1.7899047130585384e-8,2.99724603655357e-6,-3.479968758629273e-7,4.491575219052084e-6,3.321120374836829e-7,7.599255657580907e-7,0.007046404480172432,5.936260156541983,2.769312013170048,0.3829744385697235,0.319769069187207,0.12390725513241296,25.0,25.0,25.0,25.0,25.0,25.0,24.0,9.539,0.0,0.0,1.0,1781028039085679353
1781028039201641672,0.0003954033257359893,57.2615162366928,103.13202045159176,-0.0012062636795397714,-0.014541016095112895,-0.00027566010277648757,1.8843934919003463e-8,2.9977080291713026e-6,-3.478295131335556e-7,4.4916427595552395e-6,3.3186118915059185e-7,7.596282011946873e-7,0.007028958714179229,5.936259722231269,2.769308908341099,0.3829772378717637,0.31976942081297804,0.1239080419711604,25.0,25.0,25.0,25.0,25.0,25.0,24.0,9.539,0.0,0.0,1.0,1781028039193421590
1781028039299299875,0.0003954053386605536,57.26151654897934,103.13202041536894,-0.0012057957977760969,-0.014540981540300656,-0.00027558099024412524,1.9763410019608453e-8,2.9981744215017304e-6,-3.47655277381012e-7,4.491685899659371e-6,3.316009927992298e-7,7.593453079077683e-7,0.007011512502163243,5.936259287858607,2.769305803463077,0.3829800372498995,0.3197697724362063,0.12390882883339505,25.0,25.0,25.0,25.0,25.0,25.0,24.0,9.539,0.0,0.0,1.0,1781028039291361147
1781028039399869232,0.00039540701733840775,57.26151679884273,103.13202038640328,-0.0012054214869316828,-0.014540953915604142,-0.00027551772160611614,2.0486427714799778e-8,2.9985280178795743e-6,-3.4752726455025665e-7,4.491773268287456e-6,3.3140204634382573e-7,7.59113832243556e-7,0.006997555181030987,5.936258940303055,2.769303319520274,0.3829822768075242,0.3197700537315816,0.12390945833984351,25.0,25.0,25.0,25.0,25.0,25.0,24.0,9.539,0.0,0.0,1.0,1781028039372178218
1781028039499932877,0.00039540964645331167,57.26151717369408,103.13202034297588,-0.0012048600109510076,-0.01454091251081849,-0.00027542285333337737,2.1539999681532992e-8,2.9990704360038355e-6,-3.473213873835548e-7,4.491854169107343e-6,3.31087575159303e-7,7.587882730436242e-7,0.00697661865149322,5.936258418898471,2.769299593542266,0.3829856362328757,0.31977047567372846,0.1239104026268117,25.0,25.0,25.0,25.0,25.0,25.0,24.0,9.539,0.0,0.0,1.0,1781028039493845991
1781028039599286547,0.00039541193674237955,57.26151748612109,103.13202030680564,-0.0012043921044166636,-0.014540878036615709,-0.0002753438274538513,2.2395404822057674e-8,2.999511772091237e-6,-3.4715296900354685e-7,4.491943385924228e-6,3.308261697828978e-7,7.585216008565801e-7,0.006959171026907909,5.9362579843158665,2.7692964885000766,0.38298843583637227,0.31977082728917494,0.12391118955759645,25.0,25.0,25.0,25.0,25.0,25.0,24.0,9.539,0.0,0.0,1.0,1781028039598862777
1781028039699484956,0.0003954143149997908,57.26151779859376,103.13202027065292,-0.0012039241881359685,-0.01454084358973383,-0.0002752648289996201,2.322943303215082e-8,2.999949497405599e-6,-3.469836761426087e-7,4.492033239609138e-6,3.3056139348753786e-7,7.582629767207199e-7,0.006941722946272348,5.936257549663878,2.769293383400611,0.3829912355152222,0.3197711789031571,0.1239119765113332,25.0,25.0,25.0,25.0,25.0,25.0,24.0,9.539,0.0,0.0,1.0,1781028039695506489
1781028039799626267,0.0003954162795045347,57.26151804860432,103.13202024174328,-0.001203549847464308,-0.014540816052014384,-0.00027520164954593677,2.3885001965252583e-8,3.0002815805752506e-6,-3.468579833537216e-7,4.492153613251111e-6,3.303576534039363e-7,7.580515230916104e-7,0.006927764130050642,5.936257201880683,2.7692908992773795,0.38299347531243183,0.31977146019258973,0.12391260609052004,25.0,25.0,25.0,25.0,25.0,25.0,24.0,9.539,0.0,0.0,1.0,1781028039775745335
1781028039899432009,0.00039541881072617687,57.261518361157634,103.13202020562204,-0.0012030819116852175,-0.014540781654828505,-0.00027512269875361523,2.4681688289178043e-8,3.0007134582103744e-6,-3.46684851271512e-7,4.492242928404674e-6,3.3008612970042536e-7,7.578074299045189e-7,0.006910315218580162,5.9362567671077695,2.769287794072837,0.3829962751238152,0.3197718118036543,0.12391339308441854,25.0,25.0,25.0,25.0,25.0,25.0,24.0,9.539,0.0,0.0,1.0,1781028039880031408
1781028040000096590,0.0003954214240320312,57.261518673754935,103.13202016951828,-0.001202613964002844,-0.014540747285535003,-0.00027504377353189293,2.5459734717699935e-8,3.001135356583603e-6,-3.4651571334730386e-7,4.492353332199263e-6,3.298157608170282e-7,7.575665853865294e-7,0.006892865838773062,5.936256332259801,2.769284688805712,0.3829990750087229,0.3197721634132384,0.12391418010042678,25.0,25.0,25.0,25.0,25.0,25.0,24.0,9.539,0.0,0.0,1.0,1781028039976361190
1781028040100024464,0.00039542466552812503,57.261519048928896,103.13202012621676,-0.001202052410005177,-0.014540706079476022,-0.0002749490961405434,2.6369770773739173e-8,3.0016284810737063e-6,-3.463165434893818e-7,4.4925134992039856e-6,3.294929884228354e-7,7.572812282743073e-7,0.006871925971445941,5.936255810343814,2.7692809624027377,0.3830024349680087,0.31977258534334196,0.12391512454893865,25.0,25.0,25.0,25.0,25.0,25.0,24.0,9.539,0.0,0.0,1.0,1781028040096276916
1781028040200836679,0.0003954268889165414,57.261519299079104,103.13202009736308,-0.0012016780299793784,-0.014540678631418278,-0.0002748859973086768,2.6959912494746478e-8,3.0019600306175652e-6,-3.461785023171078e-7,4.492601449596366e-6,3.2927073087383173e-7,7.571008156591924e-7,0.006857965713656425,5.936255462352653,2.7692784780836126,0.3830046749984701,0.31977286662964133,0.12391575419882175,25.0,25.0,25.0,25.0,25.0,25.0,24.0,9.539,0.0,0.0,1.0,1781028040177088832
1781028040300061190,0.0003954303151529118,57.26151967435501,103.13202005410346,-0.0012011164428989082,-0.01454063749353183,-0.00027479137747167466,2.782640070979417e-8,3.002439068761192e-6,-3.459807876277904e-7,4.492781914884371e-6,3.289448097833065e-7,7.568280556501604e-7,0.006837024745527036,5.936254940263448,2.769274751526594,0.3830080351335995,0.31977328855653353,0.12391669870012786,25.0,25.0,25.0,25.0,25.0,25.0,24.0,9.539,0.0,0.0,1.0,1781028040296926513
1781028040399832632,0.0003954326586930549,57.261519924572234,103.1320200252777,-0.0012007420396398438,-0.014540610091218882,-0.0002747283160950546,2.838884638116202e-8,3.002757567628828e-6,-3.458454023339861e-7,4.4928927501185626e-6,3.2872216468922797e-7,7.566537905184465e-7,0.006823063751385161,5.936254592156051,2.769272267104544,0.3830102752803427,0.31977356984089095,0.12391732838483029,25.0,25.0,25.0,25.0,25.0,25.0,24.0,9.539,0.0,0.0,1.0,1781028040377391728
1781028040499263933,0.0003954362607491045,57.261520299947314,103.13201998205994,-0.0012001804160685576,-0.01454056902241422,-0.00027463375108868754,2.921174262502197e-8,3.0032305737514975e-6,-3.4564199922727997e-7,4.493067534420308e-6,3.283867969199516e-7,7.563986643482387e-7,0.006802121687497112,5.936254069902219,2.7692685403880635,0.38301363558765145,0.3197739917668874,0.12391827293773396,25.0,25.0,25.0,25.0,25.0,25.0,24.0,9.539,0.0,0.0,1.0,1781028040498484458
1781028040601587037,0.0003954387186425526,57.26152055022973,103.13201995326207,-0.001199805987298754,-0.014540541666432616,-0.0002745707254189257,2.9748991730994563e-8,3.0035321839477368e-6,-3.4551387429109605e-7,4.493216562377481e-6,3.281678370990964e-7,7.562265450042194e-7,0.006788159950590638,5.936253721669632,2.769266055856349,0.38301587585061586,0.319774273050304,0.12391890265701368,25.0,25.0,25.0,25.0,25.0,25.0,24.0,9.539,0.0,0.0,1.0,1781028040580259962
1781028040699526068,0.0003954418530302865,57.26152086311867,103.13201991728045,-0.0011993379361308323,-0.014540507497767256,-0.00027449196271828186,3.0403243147273624e-8,3.0039161538990884e-6,-3.453441112201684e-7,4.493372489630987e-6,3.2788453171952576e-7,7.560236051620751e-7,0.006770707393657886,5.936253286325535,2.7692629501293022,0.3830186762429027,0.3197746246551669,0.12391968982530877,25.0,25.0,25.0,25.0,25.0,25.0,24.0,9.539,0.0,0.0,1.0,1781028040679445813
1781028040799862736,0.00039544505476520346,57.261521176047005,103.1320198813162,-0.001198869867393938,-0.01454047335848995,-0.000274413221106833,3.1041212828918666e-8,3.004294860307906e-6,-3.451734971571262e-7,4.493534008583046e-6,3.275989501829082e-7,7.558258435242453e-7,0.006753254361708057,5.936252850908752,2.769259844333528,0.3830214767060499,0.3197749762598923,0.12392047701452594,25.0,25.0,25.0,25.0,25.0,25.0,24.0,9.539,0.0,0.0,1.0,1781028040780456953
1781028040899593368,0.00039544898343886074,57.26152155161219,103.13201983818216,-0.001198308160716654,-0.014540432430374128,-0.0002743187583522771,3.1787846586779345e-8,3.00473647254293e-6,-3.4497414480750244e-7,4.493754078821655e-6,3.272587253785609e-7,7.5559021032763e-7,0.006732310140196286,5.936252328308445,2.7692561172821755,0.3830248373565768,0.31977539818459055,0.12392142166980784,25.0,25.0,25.0,25.0,25.0,25.0,24.0,9.539,0.0,0.0,1.0,1781028040899387729
1781028041000556606,0.0003954516537515217,57.26152180201953,103.1320198094401,-0.0011979336744143286,-0.01454040516874857,-0.00027425579928169465,3.227327111046407e-8,3.0050272675293155e-6,-3.4484101748136553e-7,4.493904336280633e-6,3.270301030620905e-7,7.554370291418192e-7,0.00671834695903613,5.936251979851032,2.7692536325249955,0.3830270778473511,0.3197756794681245,0.12392205145691183,25.0,25.0,25.0,25.0,25.0,25.0,24.0,9.539,0.0,0.0,1.0,1781028040985153843
1781028041099757643,0.0003954550478338929,57.261522115062625,103.1320197735282,-0.0011974655488776005,-0.01454037111862171,-0.00027417711815275496,3.286633500335709e-8,3.005387328173729e-6,-3.446723760742786e-7,4.494091216041201e-6,3.267415549652039e-7,7.5525065259959e-7,0.006700892591096318,5.936251544216229,2.769250526510024,0.3830298785233664,0.319776031073611,0.12392283870944593,25.0,25.0,25.0,25.0,25.0,25.0,24.0,9.539,0.0,0.0,1.0,1781028041084236888
1781028041200043283,0.0003954585029238997,57.26152242814286,103.13201973763374,-0.0011969974031445635,-0.014540337098553851,-0.00027409845628868204,3.3443700836884297e-8,3.0057476522227747e-6,-3.445008827206488e-7,4.494271393352731e-6,3.264486739033979e-7,7.550714213132231e-7,0.00668343776473815,5.936251108509193,2.769247420423017,0.3830326792700427,0.3197763826784048,0.12392362598278056,25.0,25.0,25.0,25.0,25.0,25.0,24.0,9.539,0.0,0.0,1.0,1781028041184243548
1781028041299920561,0.0003954620175453175,57.261522741259654,103.1320197017567,-0.0011965292364581551,-0.014540303108673346,-0.0002740198133020196,3.4009062033275554e-8,3.0060936223868055e-6,-3.443349863941276e-7,4.494482619595864e-6,3.261598226175739e-7,7.548904202597731e-7,0.006665982496321496,5.936250672725604,2.7692443142604146,0.38303548008767424,0.3197767342837721,0.12392441327711631,25.0,25.0,25.0,25.0,25.0,25.0,24.0,9.539,0.0,0.0,1.0,1781028041286592440
1781028041400003422,0.0003954655902441255,57.26152305441247,103.13201966589716,-0.0011960610482477068,-0.014540269149152027,-0.00027394118877942106,3.4560308990246034e-8,3.006435396093911e-6,-3.44168736686705e-7,4.494696280182826e-6,3.258683432105306e-7,7.54714139941503e-7,0.0066485267712782506,5.936250236869379,2.7692412080208335,0.3830382809745615,0.31977708589065695,0.12392520059183362,25.0,25.0,25.0,25.0,25.0,25.0,24.0,9.539,0.0,0.0,1.0,1781028041387658504
1781028041499450100,0.00039546921960171547,57.26152336760075,103.13201963005504,-0.00119559283789643,-0.014540235220146316,-0.00027386258232950893,3.50980244450488e-8,3.0067726620723437e-6,-3.440012818416055e-7,4.494914571674875e-6,3.255754321904775e-7,7.545417605933504e-7,0.006631070600823062,5.93624980094065,2.769238101704522,0.38304108193188174,0.31977743749759835,0.12392598792730149,25.0,25.0,25.0,25.0,25.0,25.0,24.0,9.539,0.0,0.0,1.0,1781028041492708522
1781028041599933378,0.00039547290425120143,57.26152368082395,103.13201959423034,-0.0011951246046857306,-0.01454020132177756,-0.0002737839936074472,3.5624685475168766e-8,3.0070956342666752e-6,-3.438400040555325e-7,4.495162144809264e-6,3.252862531083483e-7,7.543674303530576e-7,0.006613614004970505,5.936249364933105,2.7692349953105224,0.3830438829596038,0.3197777891055074,0.12392677528361268,25.0,25.0,25.0,25.0,25.0,25.0,24.0,9.539,0.0,0.0,1.0,1781028041596136931
1781028041700239528,0.0003954766428230711,57.26152399408157,103.1320195584232,-0.0011946563482731496,-0.014540167454259926,-0.0002737054221918089,3.613383430598638e-8,3.007434486958496e-6,-3.436646154528621e-7,4.495357502638453e-6,3.249827564720146e-7,7.54209635545166e-7,0.006596156945067992,5.9362489288639875,2.7692318888387293,0.3830466840550857,0.3197781407149943,0.12392756265973424,25.0,25.0,25.0,25.0,25.0,25.0,24.0,9.539,0.0,0.0,1.0,1781028041696154620
1781028041799309690,0.00039548043403114254,57.261524307372945,103.13201952263351,-0.0011941880677395144,-0.014540133617666534,-0.000273626867809503,3.6633657147911926e-8,3.00775450399977e-6,-3.434988876439074e-7,4.495597690951561e-6,3.246866673972302e-7,7.540464141103631e-7,0.006578699437608474,5.936248492712748,2.7692287822853707,0.3830494852204055,0.31977849232540473,0.12392835005626872,25.0,25.0,25.0,25.0,25.0,25.0,24.0,9.539,0.0,0.0,1.0,1781028041797857081
1781028041899345614,0.000395484276588503,57.26152462069761,103.1320194868613,-0.001193719762606874,-0.014540099812164616,-0.00027354833010422366,3.712242540985414e-8,3.0080641862607302e-6,-3.433362286344082e-7,4.495857456896069e-6,3.243921104183873e-7,7.538831432597107e-7,0.006561241489197872,5.936248056486358,2.7692256756530025,0.3830522864555349,0.3197788439364796,0.12392913747327612,25.0,25.0,25.0,25.0,25.0,25.0,24.0,9.539,0.0,0.0,1.0,1781028041892312176
1781028041999315264,0.0003954881692412518,57.26152493405504,103.13201945110656,-0.0011932514323790143,-0.014540066037914978,-0.00027346980873689525,3.7596147644776314e-8,3.008382739982646e-6,-3.431626104545776e-7,4.4960803092254925e-6,3.2408673286366925e-7,7.537322819189247e-7,0.0065437831036325375,5.93624762019455,2.769222568938856,0.3830550877580578,0.3197791955501458,0.1239299249100788,25.0,25.0,25.0,25.0,25.0,25.0,24.0,9.539,0.0,0.0,1.0,1781028041997340807
1781028042099776963,0.00039549211078605855,57.26152524744462,103.13201941536936,-0.0011927830763165546,-0.01454003229501958,-0.00027339130343713853,3.806112043156864e-8,3.0086835349971296e-6,-3.4299864970212965e-7,4.4963471759617705e-6,3.237884502051253e-7,7.535760127484144e-7,0.006526324257442929,5.936247183820311,2.769219462142955,0.38305788913040456,0.3197795471644444,0.1239307123671061,25.0,25.0,25.0,25.0,25.0,25.0,24.0,9.539,0.0,0.0,1.0,1781028042092940559
1781028042200131570,0.0003954952984170762,57.26152549817912,103.1320193867922,-0.0011924083725901276,-0.014540005323393772,-0.0002733285105428023,3.84232153662496e-8,3.008928771188101e-6,-3.428614629541119e-7,4.496540685737661e-6,3.235440058218225e-7,7.534581379423065e-7,0.006512356876284715,5.936246834672005,2.7692169766469616,0.38306013027763247,0.3197798284567917,0.12393134234724244,25.0,25.0,25.0,25.0,25.0,25.0,24.0,9.539,0.0,0.0,1.0,1781028042175019345
1781028042299659013,0.0003954993249890641,57.26152581162528,103.13201935108654,-0.0011919399687353035,-0.014539971637307988,-0.0002732500334002737,3.8868743111402385e-8,3.0092180492300517e-6,-3.426990046433592e-7,4.4968236432891e-6,3.232450691430861e-7,7.533051807219781e-7,0.006494897236901361,5.936246398160553,2.7692138697000637,0.38306293177377354,0.3197801800745141,0.12393212984037738,25.0,25.0,25.0,25.0,25.0,25.0,24.0,9.539,0.0,0.0,1.0,1781028042276231921
1781028042399859108,0.0003955033971929858,57.26152612510215,103.13201931539842,-0.00119147153764744,-0.0145399379829916,-0.00027317157149010194,3.9300117605643396e-8,3.0095179886376656e-6,-3.425246695151766e-7,4.497065334133976e-6,3.229345326199643e-7,7.531649491855184e-7,0.006477437178150692,5.936245961586375,2.7692107626709443,0.3830657333375367,0.3197805316944905,0.1239329173534092,25.0,25.0,25.0,25.0,25.0,25.0,24.0,9.539,0.0,0.0,1.0,1781028042377197608
1781028042499426887,0.00039550834253731935,57.261526501314094,103.13201927259584,-0.001190909383409278,-0.01453989763988231,-0.00027307743698653744,3.9805863404464385e-8,3.009861938281344e-6,-3.423223755133521e-7,4.49738885622086e-6,3.225664055719221e-7,7.529941271075221e-7,0.006456484508994683,5.93624543759209,2.7692070341224997,0.38306909530435407,0.3197809536401786,0.123933862395128,25.0,25.0,25.0,25.0,25.0,25.0,24.0,9.539,0.0,0.0,1.0,1781028042495771215
1781028042600056715,0.00039551167414465864,57.26152675214573,103.13201924407484,-0.0011905345911648617,-0.01453987077008876,-0.00027301469242985973,4.0135635271978675e-8,3.0100839252203537e-6,-3.421896660236567e-7,4.497618778766876e-6,3.223221778495417e-7,7.528799570753356e-7,0.00644251570387768,5.936245088200696,2.769204548354792,0.3830713366704266,0.3197812349389022,0.12393449243880993,25.0,25.0,25.0,25.0,25.0,25.0,24.0,9.539,0.0,0.0,1.0,1781028042577202882
1781028042699826114,0.00039551672228406546,57.261527128427936,103.13201920131444,-0.001189972367950392,-0.014539830503973485,-0.000272920592964612,4.061740058924445e-8,3.0104144723830143e-6,-3.419874193644198e-7,4.497957787972697e-6,3.219515097933901e-7,7.527140738827735e-7,0.00642156197753056,5.936244564027095,2.7692008196008246,0.3830746988003194,0.31978165688955307,0.12393543752783263,25.0,25.0,25.0,25.0,25.0,25.0,24.0,9.539,0.0,0.0,1.0,1781028042699697584
1781028042802539676,0.0003955201207672813,57.261527379305534,103.1320191728216,-0.0011895975288772013,-0.014539803685708695,-0.0002728578713934491,4.093024376500002e-8,3.0106328687227167e-6,-3.418508107080341e-7,4.4981805237191845e-6,3.2170151623592273e-7,7.526069227601572e-7,0.006407592462732844,5.936244214520569,2.7691983336959507,0.38307694027414096,0.3197819381921385,0.12393606760271804,25.0,25.0,25.0,25.0,25.0,25.0,24.0,9.539,0.0,0.0,1.0,1781028042781456639
1781028042900239873,0.0003955244051609462,57.26152769292773,103.13201913722138,-0.001189128953031441,-0.01453977019202648,-0.0002727794820596971,4.1314132813903574e-8,3.0108970220308107e-6,-3.4168293812724424e-7,4.498477278033848e-6,3.2139184181822097e-7,7.524713567491538e-7,0.006390130200787875,5.936243777563313,2.769195226234717,0.3830797421790207,0.3197822898219529,0.12393685521460672,25.0,25.0,25.0,25.0,25.0,25.0,24.0,9.539,0.0,0.0,1.0,1781028042879714911
1781028042999889360,0.0003955287289678664,57.2615280065774,103.13201910163882,-0.001188660346753433,-0.014539736730859556,-0.00027270110655375164,4.168651722812435e-8,3.011165921694206e-6,-3.415088836234157e-7,4.498751782589546e-6,3.210749451346225e-7,7.523439730450821e-7,0.006372667481688826,5.936243340537811,2.7691921186862505,0.38308254415046894,0.31978264145362933,0.12393764284559848,25.0,25.0,25.0,25.0,25.0,25.0,24.0,9.539,0.0,0.0,1.0,1781028042981059795
1781028043099355854,0.0003955330912536527,57.26152832025397,103.13201906607384,-0.0011881917093836598,-0.014539703302289037,-0.00027262274471275,4.205185909603569e-8,3.0114197459915952e-6,-3.413403671390977e-7,4.499057109146679e-6,3.207621055897932e-7,7.52212845753606e-7,0.006355204317978131,5.936242903431815,2.769189011047415,0.3830853461888229,0.31978299308893743,0.12393843049584535,25.0,25.0,25.0,25.0,25.0,25.0,24.0,9.539,0.0,0.0,1.0,1781028043090015178
1781028043200215351,0.0003955374910806408,57.261528633956985,103.1320190305266,-0.00118772304061854,-0.01453966990647138,-0.00027254439630469495,4.24074661868101e-8,3.01167372739701e-6,-3.411689003690347e-7,4.499353287512663e-6,3.2044550123147237e-7,7.520864174505779e-7,0.0063377407300363175,5.936242466254197,2.7691859033204875,0.3830881482952419,0.319783344726103,0.12393921816583874,25.0,25.0,25.0,25.0,25.0,25.0,24.0,9.539,0.0,0.0,1.0,1781028043194787207
1781028043299519159,0.0003955419275604172,57.261528947685846,103.13201899499698,-0.001187254339802896,-0.014539636543487187,-0.0002724660611835105,4.2756615363194476e-8,3.0119136122462974e-6,-3.410033985757234e-7,4.4996795016867205e-6,3.201335126197435e-7,7.519559368397917e-7,0.006320276699693037,5.936242028994417,2.7691827955014343,0.3830909504693715,0.3197836963660546,0.12394000585528836,25.0,25.0,25.0,25.0,25.0,25.0,24.0,9.539,0.0,0.0,1.0,1781028043290664288
1781028043399573171,0.0003955463998031374,57.261529261440074,103.13201895948508,-0.0011867856066386214,-0.014539603213491056,-0.0002723877391383135,4.3095674043491283e-8,3.0121566802224314e-6,-3.408321889641056e-7,4.499988678617061e-6,3.198157880488654e-7,7.518319261287131e-7,0.006302812226402117,5.936241591659987,2.769179687592885,0.3830937527110682,0.3197840480085721,0.12394079356412264,25.0,25.0,25.0,25.0,25.0,25.0,24.0,9.539,0.0,0.0,1.0,1781028043396618263
1781028043499419862,0.00039555090696384305,57.26152957521911,103.1320189239909,-0.001186316840505666,-0.014539569916561596,-0.0002723094300365229,4.342765928509889e-8,3.0123886939474306e-6,-3.406646578004474e-7,4.500316434667887e-6,3.194994925126203e-7,7.517065089543795e-7,0.006285347317163488,5.936241154253036,2.7691765795939287,0.3830965550185157,0.31978439965339156,0.12394158129185096,25.0,25.0,25.0,25.0,25.0,25.0,24.0,9.539,0.0,0.0,1.0,1781028043492669656
1781028043600069555,0.00039555544819820936,57.261529889022455,103.13201888851444,-0.0011858480411087446,-0.014539536652844992,-0.0002722311336888,4.3750020913682904e-8,3.0126246898660796e-6,-3.404908856679096e-7,4.5006242534478e-6,3.1917735746749725e-7,7.515876784630281e-7,0.00626788197370589,5.936240716771436,2.76917347150179,0.3830993573937586,0.31978475130212314,0.12394236903911592,25.0,25.0,25.0,25.0,25.0,25.0,24.0,9.539,0.0,0.0,1.0,1781028043595223217
1781028043699523718,0.0003955600227039415,57.26153020284958,103.13201885305573,-0.0011853792078619471,-0.01453950342242196,-0.0002721528499752491,4.4065978194132783e-8,3.0128485117116175e-6,-3.40320939146882e-7,4.500953748725474e-6,3.1885762795290884e-7,7.514664431869728e-7,0.006250416198758401,5.936240279213925,2.769170363318473,0.3831021598360877,0.31978510295324525,0.12394315680565964,25.0,25.0,25.0,25.0,25.0,25.0,24.0,9.538,0.0,0.0,1.0,1781028043699338999
1781028043800315116,0.0003955637057247494,57.261530453928025,103.13201882470156,-0.0011850041166632443,-0.014539476862144948,-0.00027209023199094876,4.431345250419984e-8,3.013024629213209e-6,-3.4018561875937765e-7,4.501224099609929e-6,3.186022253504905e-7,7.513697491275244e-7,0.006236443244526857,5.936239929106651,2.7691678767040995,0.3831044018385813,0.3197853842764498,0.12394378703264444,25.0,25.0,25.0,25.0,25.0,25.0,24.0,9.538,0.0,0.0,1.0,1781028043778361571
1781028043899626235,0.0003955692683695952,57.261530830573,103.13201878219168,-0.001184441438229632,-0.01453943706193346,-0.00027199631986163386,4.4676422880344845e-8,3.013278824037065e-6,-3.399840395258742e-7,4.501638037805668e-6,3.182181953609281e-7,7.512251535485696e-7,0.0062154833113496665,5.93623940385964,2.769164146670535,0.3831077649215392,0.3197858062649642,0.12394473239598568,25.0,25.0,25.0,25.0,25.0,25.0,24.0,9.538,0.0,0.0,1.0,1781028043896628502
1781028043999887055,0.0003955730016312166,57.2615310816875,103.13201875386602,-0.0011840662913449845,-0.014539410555374992,-0.000271933721543476,4.4910419416012616e-8,3.0134546316215184e-6,-3.398422502622865e-7,4.501889136673831e-6,3.1795515458383913e-7,7.511360392890434e-7,0.00620150967279538,5.936239053640048,2.7691616599080655,0.38311000703006,0.31978608759323807,0.12394536265345604,25.0,25.0,25.0,25.0,25.0,25.0,24.0,9.538,0.0,0.0,1.0,1781028043977958142
1781028044099338265,0.0003955786378517766,57.261531458385285,103.13201871139891,-0.001183503528370328,-0.014539370835996756,-0.00027183983861974863,4.5255607208435216e-8,3.013701535601679e-6,-3.396375067043649e-7,4.502300888506508e-6,3.175665658243403e-7,7.509966732544261e-7,0.006180548697003192,5.936238528210116,2.7691579296478444,0.3831133702736361,0.3197865095895583,0.1239463080627577,25.0,25.0,25.0,25.0,25.0,25.0,24.0,9.538,0.0,0.0,1.0,1781028044097513817
1781028044201603726,0.0003955824190117688,57.26153170953412,103.1320186831018,-0.001183128324372817,-0.014539344383474376,-0.0002717772596097996,4.5480849475444964e-8,3.0138601398890797e-6,-3.395024486064351e-7,4.502587571301255e-6,3.1730879104566845e-7,7.509027484218625e-7,0.00616657434917313,5.936238177857383,2.769155442731985,0.38311561248994175,0.31978679092277545,0.12394693835088588,25.0,25.0,25.0,25.0,25.0,25.0,24.0,9.538,0.0,0.0,1.0,1781028044177097171
1781028044299594532,0.0003955881253732463,57.26153208628218,103.13201864067756,-0.0011825654748756711,-0.014539304745430696,-0.0002716834053589779,4.5808007607227386e-8,3.0141018830818795e-6,-3.39290626254674e-7,4.502986208457975e-6,3.169118497376414e-7,7.50771151043861e-7,0.006145612309590557,5.936237652252523,2.769151712244957,0.38311897589132937,0.31978721292841633,0.1239478838051347,25.0,25.0,25.0,25.0,25.0,25.0,24.0,9.538,0.0,0.0,1.0,1781028044297586319
1781028044400534385,0.0003955919521928287,57.2615323374637,103.13201861240908,-0.0011821902125397543,-0.014539278347292538,-0.00027162084530614185,4.6022863512019936e-8,3.0142509230400948e-6,-3.391556147865022e-7,4.50327965400107e-6,3.166522546761209e-7,7.506785941468226e-7,0.006131637269199577,5.936237301781268,2.769149225178854,0.3831212182140485,0.3197874942661159,0.12394851412363848,25.0,25.0,25.0,25.0,25.0,25.0,24.0,9.538,0.0,0.0,1.0,1781028044380104567
1781028044499241291,0.00039559772543726937,57.26153271425952,103.13201857002784,-0.0011816272745995317,-0.014539238791065924,-0.0002715270192665219,4.6337057631482466e-8,3.0144732093389138e-6,-3.389506427984024e-7,4.503714242867458e-6,3.162599755926376e-7,7.505427830793613e-7,0.006110674183843583,5.936236775981086,2.7691454944598415,0.38312458177700787,0.3197879162788695,0.12394945962385771,25.0,25.0,25.0,25.0,25.0,25.0,24.0,9.538,0.0,0.0,1.0,1781028044498818487
1781028044600554166,0.00039560159579592153,57.26153296547208,103.13201854178804,-0.0011812519527354271,-0.0145392124476461,-0.00027146447786985584,4.65420893184617e-8,3.014614189497267e-6,-3.3881525396258137e-7,4.5040131797046e-6,3.159988010855995e-7,7.504514816546461e-7,0.006096698454662062,5.936236425385711,2.7691430072380454,0.3831268242064217,0.31978819762330263,0.12395008997282891,25.0,25.0,25.0,25.0,25.0,25.0,24.0,9.538,0.0,0.0,1.0,1781028044584233035
1781028044699864760,0.0003956064573891992,57.26153327950456,103.13201850650452,-0.001180782766532165,-0.014539179549304247,-0.00027138631148783187,4.6789178262708566e-8,3.014803396465463e-6,-3.386341694215121e-7,4.504341473363125e-6,3.156609160280389e-7,7.503488936437806e-7,0.006079228390847714,5.936235987082909,2.7691398981225945,0.3831296273006068,0.3197885493076001,0.123950877925283,25.0,25.0,25.0,25.0,25.0,25.0,24.0,9.538,0.0,0.0,1.0,1781028044679836396
1781028044802583718,0.00039561134469874066,57.26153359355514,103.13201847123892,-0.0011803135421256633,-0.01453914668537778,-0.0002713081566015673,4.70342568448099e-8,3.014971063450881e-6,-3.384648104518597e-7,4.504723270881677e-6,3.1533340012733897e-7,7.50235859628309e-7,0.006061757890227001,5.93623554869048,2.769136788909007,0.3831324304630022,0.3197889009946428,0.12395166589706258,25.0,25.0,25.0,25.0,25.0,25.0,24.0,9.538,0.0,0.0,1.0,1781028044782401189
1781028044899713521,0.0003956162571206638,57.26153390762336,103.13201843599134,-0.0011798442792816705,-0.01453911385598813,-0.0002712300131200264,4.7272918856626055e-8,3.015135866835616e-6,-3.38292652933225e-7,4.505096311738778e-6,3.150014658825401e-7,7.501260908156213e-7,0.006044286961479041,5.936235110227048,2.7691336795979153,0.3831352336906088,0.319789252687291,0.1239524538874734,25.0,25.0,25.0,25.0,25.0,25.0,24.0,9.538,0.0,0.0,1.0,1781028044881638587
1781028044999303901,0.00039562119406758847,57.26153422170872,103.1320184007618,-0.0011793749777135431,-0.01453908106124278,-0.00027115188096779504,4.75068553872783e-8,3.0152928657704603e-6,-3.3812300153327277e-7,4.505486721771167e-6,3.146723150730708e-7,7.500140206705073e-7,0.006026815561364762,5.936234671679893,2.7691305701884934,0.38313803698536225,0.3197896043815541,0.12395324189659296,25.0,25.0,25.0,25.0,25.0,25.0,24.0,9.538,0.0,0.0,1.0,1781028044983610194
1781028045099538331,0.00039562615496780047,57.26153453581069,103.13201836555038,-0.001178905637094184,-0.014539048301250298,-0.00027107376008203506,4.773213838340283e-8,3.015459707245279e-6,-3.379423369906224e-7,4.505834032008451e-6,3.143318141296427e-7,7.499123872942774e-7,0.0060093437718140765,5.936234233067374,2.7691274606813945,0.3831408403456336,0.3197899560812114,0.1239540299246951,25.0,25.0,25.0,25.0,25.0,25.0,24.0,9.538,0.0,0.0,1.0,1781028045091330635
1781028045199643585,0.0003956311392891148,57.26153484992869,103.13201833035696,-0.0011784362568897436,-0.014539015576054458,-0.0002709956504612395,4.7958071448874534e-8,3.0155949079958615e-6,-3.377806741563187e-7,4.506263253617375e-6,3.140079599461828e-7,7.497939582407972e-7,0.005991871513076157,5.9362337943595715,2.769124351073457,0.383143643773479,0.3197903077828626,0.1239548179715877,25.0,25.0,25.0,25.0,25.0,25.0,24.0,9.538,0.0,0.0,1.0,1781028045197431959
1781028045299474020,0.00039563614646090736,57.26153516406234,103.13201829518177,-0.0011779668371704414,-0.014538982885836006,-0.00027091755197123187,4.8171874757792086e-8,3.015756720572093e-6,-3.375959815786053e-7,4.506602497897713e-6,3.1366254588128853e-7,7.496964108678795e-7,0.005974398848624871,5.936233355594471,2.769121241366032,0.38314644726533265,0.31979065949191193,0.12395560603694808,25.0,25.0,25.0,25.0,25.0,25.0,24.0,9.538,0.0,0.0,1.0,1781028045297267943
1781028045399285565,0.0003956411759888312,57.261535478210966,103.13201826002464,-0.0011774973772136158,-0.01453895023060675,-0.00027083946465846057,4.838720033173996e-8,3.0158839291604613e-6,-3.374324982816926e-7,4.507031731451577e-6,3.133352287310901e-7,7.495802649502634e-7,0.005956925708415681,5.936232916734221,2.7691181315600115,0.3831492508255388,0.3197910112014635,0.12395639412122916,25.0,25.0,25.0,25.0,25.0,25.0,24.0,9.538,0.0,0.0,1.0,1781028045398311376
1781028045500023049,0.0003956462273350401,57.2615357923742,103.13201822488573,-0.0011770278770932496,-0.014538917610539374,-0.0002707613884049586,4.8591263617468956e-8,3.0160360608434012e-6,-3.372477080154862e-7,4.507377822189963e-6,3.129883183953668e-7,7.494831889295704e-7,0.00593945216717833,5.936232477812608,2.7691150216537093,0.3831520544502242,0.3197913629174502,0.123957182224064,25.0,25.0,25.0,25.0,25.0,25.0,24.0,9.538,0.0,0.0,1.0,1781028045493137964
1781028045599774465,0.0003956502838052632,57.26153604371486,103.13201819678764,-0.0011766522476357808,-0.01453889153981247,-0.0002706989353977336,4.87552427701168e-8,3.016135080945142e-6,-3.371123620389207e-7,4.507710289487495e-6,3.127218195998021e-7,7.493939047262364e-7,0.00592547300968165,5.936232126608648,2.769112533654914,0.3831542973987399,0.3197916442929197,0.12395781272001358,25.0,25.0,25.0,25.0,25.0,25.0,24.0,9.538,0.0,0.0,1.0,1781028045575404397
1781028045699921886,0.0003956563935591613,57.26153642074216,103.1320181546624,-0.0011760887544836154,-0.014538852476111412,-0.0002706052691088247,4.8993120380740634e-8,3.016290104389796e-6,-3.3690163166530573e-7,4.508180518886341e-6,3.123142785128634e-7,7.492674387166299e-7,0.005904503737216354,5.9362315997166775,2.7691088015367877,0.38315766189987527,0.31979206635955737,0.12395875848591964,25.0,25.0,25.0,25.0,25.0,25.0,24.0,9.538,0.0,0.0,1.0,1781028045695161752
1781028045800541724,0.0003956615074706786,57.26153673494591,103.13201811957812,-0.0011756191315349556,-0.014538819961965276,-0.00027052722598904313,4.9186492859322e-8,3.016411921505273e-6,-3.367265507325753e-7,4.508576826558922e-6,3.119735162821315e-7,7.491620075251595e-7,0.005887028869893433,5.936231160554266,2.7691056913272356,0.383160465723497,0.31979241808828063,0.12395954664476938,25.0,25.0,25.0,25.0,25.0,25.0,24.0,9.538,0.0,0.0,1.0,1781028045796629417
1781028045899987202,0.0003956666412962154,57.261537049162165,103.13201808451213,-0.0011751494671735842,-0.014538787483327304,-0.000270449193853232,4.937546185062884e-8,3.016530415676262e-6,-3.365504446277125e-7,4.508973753753238e-6,3.1163194430749154e-7,7.490569885214624e-7,0.005869553573227921,5.936230721314046,2.769102581015401,0.3831632696133719,0.3197927698200558,0.12396033482230748,25.0,25.0,25.0,25.0,25.0,25.0,24.0,9.538,0.0,0.0,1.0,1781028045895166265
1781028046000215533,0.0003956707623952981,57.26153730054382,103.13201805647248,-0.0011747737056759368,-0.014538761526041296,-0.0002703867760465476,4.9523346554859656e-8,3.0166226254719755e-6,-3.364085050605917e-7,4.509290235665251e-6,3.113572511754168e-7,7.489737830363997e-7,0.005855573013381502,5.936230369865505,2.7691000926931317,0.3831655127727208,0.3197930512091584,0.12396096537765323,25.0,25.0,25.0,25.0,25.0,25.0,24.0,9.538,0.0,0.0,1.0,1781028045975385820
1781028046099653162,0.0003956769669186747,57.26153767763008,103.13201801443502,-0.0011742100130536985,-0.01453872263292712,-0.00027029316250115826,4.974066354428943e-8,3.0167520647582104e-6,-3.361976140138336e-7,4.50977485456748e-6,3.109456897508853e-7,7.488475174261979e-7,0.005834601664725632,5.936229842599486,2.7690963600865355,0.3831688775915374,0.31979347329776975,0.12396191123326077,25.0,25.0,25.0,25.0,25.0,25.0,24.0,9.538,0.0,0.0,1.0,1781028046096585270
1781028046200232535,0.0003956811181931837,57.26153792902977,103.13201798642471,-0.0011738341843068178,-0.014538696732813052,-0.0002702307622209593,4.9881249322791794e-8,3.0168403436146884e-6,-3.3605261796608296e-7,4.510084075005261e-6,3.106673171316964e-7,7.487667389112952e-7,0.00582062041319808,5.9362294910271105,2.769093871600229,0.3831711208571202,0.319793754693865,0.12396254181857572,25.0,25.0,25.0,25.0,25.0,25.0,24.0,9.538,0.0,0.0,1.0,1781028046177097473
1781028046299341088,0.0003956873669786329,57.26153830614183,103.13201794443134,-0.0011732703901903537,-0.014538657925661587,-0.0002701371749641987,5.00900019761014e-8,3.016954712569566e-6,-3.3584409581640773e-7,4.5105862561038545e-6,3.1025653242369916e-7,7.486378241160762e-7,0.00579964800828215,5.936228963570557,2.7690901387477305,0.3831744858349061,0.3197941767921288,0.12396348771880587,25.0,25.0,25.0,25.0,25.0,25.0,24.0,9.538,0.0,0.0,1.0,1781028046297530019
1781028046402709916,0.0003956915471083085,57.2615385575579,103.13201791645048,-0.0011728944933667833,-0.01453863208299694,-0.0002700747922126838,5.022531216172038e-8,3.0170295188971136e-6,-3.3570212065091314e-7,4.5109140609116675e-6,3.099795554076e-7,7.485540480941695e-7,0.005785666041068598,5.936228611871452,2.769087650096931,0.3831767292060293,0.3197944581955096,0.12396411833366187,25.0,25.0,25.0,25.0,25.0,25.0,24.0,9.538,0.0,0.0,1.0,1781028046380437350
1781028046499315369,0.0003956978382174451,57.26153893469331,103.13201787450129,-0.001172330596655281,-0.014538593362249028,-0.0002699812312410798,5.042556914348243e-8,3.0171292797060506e-6,-3.3549426670774474e-7,4.511426164428477e-6,3.095676157144822e-7,7.484238280861999e-7,0.005764692595964583,5.936228084227261,2.7690839169969292,0.3831800943427082,0.31979488030493397,0.12396506427862482,25.0,25.0,25.0,25.0,25.0,25.0,24.0,9.538,0.0,0.0,1.0,1781028046498760098
1781028046599606677,0.0003957020459371532,57.261539186124146,103.13201784654991,-0.001171954631169502,-0.014538567577350706,-0.0002699188660041878,5.0552448284312894e-8,3.0172083422293935e-6,-3.353437158587092e-7,4.511722016026633e-6,3.0928190773218e-7,7.483474901975267e-7,0.005750709949563225,5.9362277324102015,2.769081428178722,0.3831823378186312,0.31979516171638894,0.12396569492309202,25.0,25.0,25.0,25.0,25.0,25.0,24.0,9.538,0.0,0.0,1.0,1781028046582993527
1781028046700142034,0.0003957073206191076,57.26153950042029,103.13201781162736,-0.0011714846352704506,-0.014538535378806358,-0.0002698409193514272,5.0712822470801944e-8,3.017280148565711e-6,-3.3517176451568805e-7,4.51216222855281e-6,3.08939050266791e-7,7.482371785998099e-7,0.005733231207303207,5.936227292552704,2.769078317063904,0.3831851422246707,0.3197955134824414,0.1239664832454362,25.0,25.0,25.0,25.0,25.0,25.0,24.0,9.538,0.0,0.0,1.0,1781028046685722441
1781028046799686053,0.0003957126116540182,57.26153981472442,103.13201777672327,-0.0011710145959694402,-0.014538503216585069,-0.0002697629836691517,5.086828593055898e-8,3.017354648008169e-6,-3.349933887024384e-7,4.512578748021036e-6,3.0858974894792116e-7,7.481317483785794e-7,0.005715752082769601,5.936226852625321,2.769075205845195,0.3831879466971229,0.31979586525473175,0.12396727158691274,25.0,25.0,25.0,25.0,25.0,25.0,24.0,9.538,0.0,0.0,1.0,1781028046785464048
1781028046899916353,0.0003957179186895779,57.261540129036064,103.13201774183776,-0.001170544513050558,-0.01453847109076884,-0.0002696850589777825,5.1020514188487034e-8,3.0174234565396943e-6,-3.348159758483203e-7,4.513001197879617e-6,3.082404585303714e-7,7.48025562562074e-7,0.005698272489562438,5.9362264126159525,2.7690720945214293,0.3831907512349988,0.31979621703112143,0.12396805994644178,25.0,25.0,25.0,25.0,25.0,25.0,24.0,9.538,0.0,0.0,1.0,1781028046886439511
1781028046999504158,0.00039572217560411127,57.26154038049044,103.13201771394276,-0.0011701684152289186,-0.014538445416396586,-0.00026962272714286796,5.1138883851553567e-8,3.017480182929417e-6,-3.346708582181209e-7,4.513326313475257e-6,3.079577291794596e-7,7.479434440975765e-7,0.005684288511085952,5.936226060555154,2.769069605386815,0.3831929949133465,0.3197964984553902,0.1239686906476401,25.0,25.0,25.0,25.0,25.0,25.0,24.0,9.538,0.0,0.0,1.0,1781028046973227281
1781028047099944507,0.0003957285793894259,57.26154075767979,103.1320176721225,-0.0011696042156970465,-0.01453840694872642,-0.00026952924263469534,5.131295146895816e-8,3.0175562865113404e-6,-3.344529013346341e-7,4.51382122118574e-6,3.075326351155723e-7,7.478191372513102e-7,0.005663312009272299,5.936225532371013,2.7690658715599414,0.3831963605090049,0.31979692059942955,0.12396963672128586,25.0,25.0,25.0,25.0,25.0,25.0,24.0,9.538,0.0,0.0,1.0,1781028047090764493
1781028047199514568,0.00039573393239978976,57.26154107201085,103.13201763729278,-0.001169134000827239,-0.01453837493265816,-0.000269451351050284,5.1457801315244814e-8,3.017600701233631e-6,-3.342821511369017e-7,4.5142770500983495e-6,3.071873623593991e-7,7.477059234172473e-7,0.005645831092867628,5.936225092119458,2.769062759920824,0.38319916524675446,0.319797272388832,0.12397042513671756,25.0,25.0,25.0,25.0,25.0,25.0,24.0,9.538,0.0,0.0,1.0,1781028047196750809
1781028047299877488,0.000395739300081281,57.26154138634737,103.1320176024817,-0.0011686637417314552,-0.014538342953370524,-0.00026937347053334145,5.1596888577272613e-8,3.017652934845268e-6,-3.3410125474144373e-7,4.514696801119231e-6,3.068328335430527e-7,7.4760061298358e-7,0.00562834976922512,5.936224651797616,2.7690596481759084,0.38320197004992174,0.3197976241854316,0.1239712135707614,25.0,25.0,25.0,25.0,25.0,25.0,24.0,9.538,0.0,0.0,1.0,1781028047291713515
1781028047399310773,0.0003957446821277584,57.26154170068886,103.13201756768932,-0.0011681934382165087,-0.014538311010945153,-0.000269295601121931,5.1732068999987806e-8,3.017703405763372e-6,-3.339179654180884e-7,4.515108676915891e-6,3.064749018457395e-7,7.474974047536805e-7,0.0056108679853280365,5.936224211398608,2.7690565363272377,0.38320477491868293,0.31979797598615645,0.12397200202296237,25.0,25.0,25.0,25.0,25.0,25.0,24.0,9.538,0.0,0.0,1.0,1781028047397032996
1781028047500016619,0.0003957500782418609,57.261542015034784,103.13201753291564,-0.001167723090089856,-0.014538279105458964,-0.0002692177428600261,5.1866833614874584e-8,3.01773894571933e-6,-3.337415652163572e-7,4.515551709962385e-6,3.061230724370459e-7,7.473871064128044e-7,0.005593385759130173,5.936223770914994,2.769053424371449,0.3832075798547052,0.31979832779137607,0.12397279049394552,25.0,25.0,25.0,25.0,25.0,25.0,24.0,9.538,0.0,0.0,1.0,1781028047493254363
1781028047599429749,0.0003957544050625018,57.26154226651438,103.13201750511024,-0.0011673467794187332,-0.0145382536077342,-0.00026915546429329205,5.197152685243268e-8,3.017769014205157e-6,-3.335971613011529e-7,4.51589048559428e-6,3.05837317518267e-7,7.473020910636169e-7,0.005579399683020006,5.936223418476883,2.7690509347301573,0.3832098238506306,0.31979860923975456,0.12397342128408692,25.0,25.0,25.0,25.0,25.0,25.0,24.0,9.538,0.0,0.0,1.0,1781028047574858218
1781028047699504270,0.00039576091149729343,57.26154264373798,103.13201746342456,-0.0011667822596647527,-0.014538215405701018,-0.0002690620598854702,5.212484291596998e-8,3.01780931927769e-6,-3.333780644031275e-7,4.516398579403041e-6,3.054070230094775e-7,7.471749104472019e-7,0.005558420013119271,5.936222889721553,2.769047200141571,0.3832131899243216,0.31979903141827476,0.12397436749135685,25.0,25.0,25.0,25.0,25.0,25.0,24.0,9.538,0.0,0.0,1.0,1781028047695801930
1781028047802566259,0.0003957652597212294,57.261542895222725,103.13201743564916,-0.0011664058771516355,-0.01453818996742771,-0.00026899979928990744,5.222686919630747e-8,3.01782426917427e-6,-3.332382791702773e-7,4.516761640892061e-6,3.05124939839576e-7,7.470844491078458e-7,0.005544433222709547,5.93622253715182,2.7690447103292692,0.38321543402709857,0.3197993128742307,0.12397499831125502,25.0,25.0,25.0,25.0,25.0,25.0,24.0,9.538,0.0,0.0,1.0,1781028047776045582
1781028047899251051,0.0003957717975992485,57.26154327245284,103.13201739400866,-0.001165841249420413,-0.014538151854800485,-0.00026890642192250205,5.2374343304595354e-8,3.0178526975276e-6,-3.3301930336705713e-7,4.517275284889874e-6,3.046936067535013e-7,7.469554619064764e-7,0.005523452500412368,5.936222008205416,2.769040975484411,0.38321880026070776,0.3197997350642245,0.12397594456321125,25.0,25.0,25.0,25.0,25.0,25.0,24.0,9.538,0.0,0.0,1.0,1781028047898554070
1781028048000369552,0.0003957761663534609,57.26154352394118,103.1320173662634,-0.001165464794804345,-0.014538126476288236,-0.0002688441794085704,5.2470700687266616e-8,3.0178668814185283e-6,-3.328737438379593e-7,4.517617596520908e-6,3.044051377239928e-7,7.468691873375642e-7,0.005509465012718258,5.936221655513302,2.7690384855015644,0.3832210444691462,0.31980001652894396,0.12397657541266852,25.0,25.0,25.0,25.0,25.0,25.0,24.0,9.538,0.0,0.0,1.0,1781028047979356644
1781028048100177560,0.00039578163850433073,57.26154383830291,103.13201733159885,-0.0011649941858275482,-0.01453809478687663,-0.00026876638650033606,5.2588551264551876e-8,3.017881584629159e-6,-3.326902507537194e-7,4.518045014677678e-6,3.040432419078756e-7,7.467615793716743e-7,0.0054919802461055045,5.936221214576756,2.769035372926794,0.38322384978935087,0.3198003683641735,0.12397736399104524,25.0,25.0,25.0,25.0,25.0,25.0,24.0,9.538,0.0,0.0,1.0,1781028048084855890
1781028048200574331,0.00039578712287875094,57.26154415266564,103.13201729695317,-0.0011645235314972524,-0.014538063135014129,-0.00026868860501584336,5.270536771430015e-8,3.0178861220200376e-6,-3.325108307778012e-7,4.5184879626420046e-6,3.03683947118472e-7,7.46650096828214e-7,0.005474495027773881,5.936220773559028,2.7690322602441193,0.383226655176139,0.31980072020399675,0.12397815258790014,25.0,25.0,25.0,25.0,25.0,25.0,24.0,9.538,0.0,0.0,1.0,1781028048187123834
1781028048299768455,0.0003957926192286778,57.26154446702888,103.1320172623264,-0.0011640528317716386,-0.014538031520799828,-0.0002686108349932807,5.282002403318592e-8,3.0178854248501776e-6,-3.323310599999411e-7,4.518934545197229e-6,3.0332456356783186e-7,7.465374993648381e-7,0.005457009380106439,5.936220332458776,2.7690291474544155,0.38322946063060104,0.3198010720489431,0.12397894120372024,25.0,25.0,25.0,25.0,25.0,25.0,24.0,9.538,0.0,0.0,1.0,1781028048287708674
1781028048400742593,0.00039579812732039587,57.26154478139212,103.13201722771863,-0.0011635820865738573,-0.014537999944324318,-0.0002685330764867625,5.29322498305771e-8,3.0178796526044794e-6,-3.3215114193079554e-7,4.519380414175289e-6,3.029636819444884e-7,7.464248593231065e-7,0.0054395232835909675,5.9362198912796655,2.769026034556267,0.3832322661506301,0.3198014239001476,0.12397972983776478,25.0,25.0,25.0,25.0,25.0,25.0,24.0,9.538,0.0,0.0,1.0,1781028048391745494
1781028048499412518,0.0003958036469155025,57.26154509575485,103.13201719312988,-0.001163111295896912,-0.014537968405690032,-0.0002684553295316129,5.304043237267757e-8,3.017878773524324e-6,-3.3196456033810505e-7,4.519800788177224e-6,3.02596397368386e-7,7.46317330860601e-7,0.005422036753011865,5.936219450029259,2.769022921551574,0.383235071737251,0.31980177575546986,0.123980518490433,25.0,25.0,25.0,25.0,25.0,25.0,24.0,9.538,0.0,0.0,1.0,1781028048494174548
1781028048599375614,0.000395809177799508,57.26154541011658,103.13201715856012,-0.0011626404595912229,-0.014537936904962388,-0.00026837759420479684,5.3147648703265146e-8,3.01786762260638e-6,-3.317810966763255e-7,4.5202359521195014e-6,3.022315187246583e-7,7.462059997273841e-7,0.00540454978611609,5.936219008693787,2.769019808436604,0.3832378773907381,0.3198021276175175,0.1239813071617872,25.0,25.0,25.0,25.0,25.0,25.0,24.0,9.538,0.0,0.0,1.0,1781028048592039646
1781028048699902129,0.0003958147197513009,57.26154572447678,103.1320171240094,-0.0011621695776391366,-0.014537905442241676,-0.00026829987055350103,5.3252549369517864e-8,3.01785167249815e-6,-3.3159708535657466e-7,4.520670873737834e-6,3.018653317512985e-7,7.460945386860575e-7,0.0053870623691117964,5.936218567282066,2.769016695214507,0.3832406831102987,0.3198024794838549,0.1239820958514632,25.0,25.0,25.0,25.0,25.0,25.0,24.0,9.538,0.0,0.0,1.0,1781028048690582725
1781028048799625729,0.0003958202725573568,57.26154603883496,103.1320170894778,-0.0011616986499892736,-0.01453787401761977,-0.0002682221586340501,5.3355947366560083e-8,3.017829385390963e-6,-3.3141435987098133e-7,4.521110504207362e-6,3.0149926766685324e-7,7.459813884289221e-7,0.005369574515249596,5.936218125787885,2.769013581884186,0.3832434888971376,0.3198028313562493,0.12398288455992244,25.0,25.0,25.0,25.0,25.0,25.0,24.0,9.538,0.0,0.0,1.0,1781028048795792085
1781028048899862354,0.000395825836007242,57.26154635319063,103.13201705496532,-0.0011612276766720516,-0.01453784263119606,-0.0002681444584911515,5.34551771193458e-8,3.01781217230726e-6,-3.3122408940636626e-7,4.5215242489297115e-6,3.011266942410267e-7,7.458736509097843e-7,0.0053520862137279015,5.936217684218258,2.769010468444881,0.38324629475029987,0.31980318323354645,0.12398367328679843,25.0,25.0,25.0,25.0,25.0,25.0,24.0,9.538,0.0,0.0,1.0,1781028048891608372
1781028049001413530,0.0003958302943089393,57.26154660467297,103.13201702736907,-0.0011608508649444086,-0.014537817549581573,-0.00026808230693463873,5.3538234779665745e-8,3.017771815860732e-6,-3.310883171958719e-7,4.521919619041396e-6,3.008422162959282e-7,7.457727627520367e-7,0.0053380952469362225,5.936217330895913,2.7690079776133176,0.3832485394819849,0.31980346473853866,0.12398430428191892,25.0,25.0,25.0,25.0,25.0,25.0,24.0,9.538,0.0,0.0,1.0,1781028048976455331
1781028049099269565,0.0003958369940659299,57.26154698189233,103.13201698599777,-0.0011602855926018643,-0.01453777997323635,-0.00026798909384714213,5.3654137456675245e-8,3.0177356059633664e-6,-3.3086313505190605e-7,4.522430317892165e-6,3.0039620139051056e-7,7.456390523380558e-7,0.005317108275640068,5.936216800827916,2.7690042412377864,0.3832519066585536,0.31980388700378237,0.12398525079669388,25.0,25.0,25.0,25.0,25.0,25.0,24.0,9.538,0.0,0.0,1.0,1781028049097100477
1781028049203580071,0.0003958414686423327,57.26154723336874,103.1320169584322,-0.0011599087077419858,-0.014537754953091111,-0.0002679269613622431,5.372971527237114e-8,3.0177084395568375e-6,-3.3071086148427433e-7,4.5227653967931536e-6,3.000969084415066e-7,7.455504867226591e-7,0.005303116610058028,5.936216447389958,2.769001750233389,0.3832541514960384,0.31980416851851035,0.12398588182137008,25.0,25.0,25.0,25.0,25.0,25.0,24.0,9.538,0.0,0.0,1.0,1781028049177993053
1781028049304841137,0.0003958481923817991,57.2615476105779,103.13201691710694,-0.0011593433253789488,-0.014537717469102962,-0.000267833777096695,5.3845308103098053e-8,3.0176418439171977e-6,-3.3049802879934573e-7,4.523326630836253e-6,2.9965978604434153e-7,7.454040844216973e-7,0.005282128574832928,5.936215917124206,2.7689980135947416,0.38325751883413806,0.31980459079638346,0.12398682838108813,25.0,25.0,25.0,25.0,25.0,25.0,24.0,9.538,0.0,0.0,1.0,1781028049296126686
1781028049404910675,0.00039585268264401985,57.26154786204673,103.1320168895722,-0.0011589663672515063,-0.014537692510697886,-0.0002677716639056743,5.391805153208104e-8,3.0176068879207077e-6,-3.303464263957252e-7,4.523663702949162e-6,2.99359421399828e-7,7.453143292481779e-7,0.0052681361949372535,5.936215563556756,2.768995522416265,0.383259763778996,0.3198048723194789,0.12398745943556418,25.0,25.0,25.0,25.0,25.0,25.0,24.0,9.538,0.0,0.0,1.0,1781028049376288794
1781028049505280336,0.0003958594294856851,57.26154823924333,103.1320168482932,-0.001158400875046444,-0.014537655119542312,-0.0002676785087299594,5.402744999029698e-8,3.0175395520733563e-6,-3.301250632659092e-7,4.524194267230376e-6,2.9891376587690025e-7,7.451729170732809e-7,0.005247147106148954,5.936215033104353,2.768991785514359,0.3832631312776235,0.31980529461130247,0.12398840604003714,25.0,25.0,25.0,25.0,25.0,25.0,24.0,9.538,0.0,0.0,1.0,1781028049501004005
1781028049604803001,0.00039586393488151377,57.26154849070296,103.13201682078932,-0.0011580238435996116,-0.014537630223147463,-0.0002676164150626562,5.4100127708523286e-8,3.0174849569598535e-6,-3.29981383452199e-7,4.524564478662616e-6,2.986194889821598e-7,7.450747453499473e-7,0.005233154009057614,5.936214679401551,2.76898929415888,0.3832653763305924,0.3198055761429686,0.1239890371245116,25.0,25.0,25.0,25.0,25.0,25.0,24.0,9.537,0.0,0.0,1.0,1781028049579317601
1781028049704621088,0.00039586957491038305,57.26154880502167,103.13201678642687,-0.0011575525131767427,-0.01453759913767749,-0.0002675388090262352,5.4186347874498084e-8,3.0174274222563467e-6,-3.2979037767979834e-7,4.5249842352906225e-6,2.982411048933624e-7,7.449608556612151e-7,0.005215662249239178,5.936214237212832,2.768986179865762,0.3832681827055638,0.3198059280642495,0.12398982599656996,25.0,25.0,25.0,25.0,25.0,25.0,24.0,9.537,0.0,0.0,1.0,1781028049682179073
1781028049804827407,0.0003958763548932619,57.26154918219488,103.13201674521748,-0.0011569868562380234,-0.014537561886564567,-0.00026744569811312915,5.429090716225033e-8,3.0173388101540684e-6,-3.2957120979895186e-7,4.525526922778203e-6,2.977952162472689e-7,7.44814437507176e-7,0.005194671539693302,5.936213706470204,2.7689824425692615,0.38327155044639377,0.31980635037413224,0.1239907726681554,25.0,25.0,25.0,25.0,25.0,25.0,24.0,9.537,0.0,0.0,1.0,1781028049802732787
1781028049904931383,0.0003958820146435569,57.26154949649765,103.13201671089767,-0.0011565154252454791,-0.014537530886979072,-0.0002673681193508696,5.4374703006327366e-8,3.0172670176932698e-6,-3.29382968211993e-7,4.525957134251687e-6,2.974177504267721e-7,7.446965506058753e-7,0.005177178796504352,5.936213264101128,2.768979328033252,0.3832743569701019,0.3198067023070766,0.12399156158149592,25.0,25.0,25.0,25.0,25.0,25.0,24.0,9.537,0.0,0.0,1.0,1781028049897794226
1781028050006533670,0.0003958876831123705,57.26154981079235,103.13201667659732,-0.0011560439486061511,-0.014537499926580351,-0.000267290553097856,5.4456387940489185e-8,3.017193780814545e-6,-3.291918634333745e-7,4.526377270975002e-6,2.970371009898441e-7,7.445800664872074e-7,0.00515968561181425,5.936212821654775,2.7689762133891413,0.3832771635611155,0.3198070542452472,0.12399235051356736,25.0,25.0,25.0,25.0,25.0,25.0,24.0,9.537,0.0,0.0,1.0,1781028050000954202
1781028050104498241,0.00039589336015321023,57.26155012507851,103.1320166423164,-0.0011555724263393266,-0.014537469005450844,-0.0002672129994314831,5.453787222637715e-8,3.0171103992811993e-6,-3.2900378423291157e-7,4.526812275376277e-6,2.9665910248351116e-7,7.444594630827723e-7,0.005142191978336299,5.936212379125169,2.76897309863163,0.3832799702194658,0.3198074061896178,0.12399313946432024,25.0,25.0,25.0,25.0,25.0,25.0,24.0,9.537,0.0,0.0,1.0,1781028050098773296
1781028050205537333,0.0003958979078630161,57.26155037650093,103.13201661490568,-0.001155195175692711,-0.014537444296881048,-0.0002671509656134647,5.4603167911353896e-8,3.0170341229825773e-6,-3.288576669918808e-7,4.527176051227507e-6,2.963594417952962e-7,7.443590456475059e-7,0.005128196739618298,5.936212025041962,2.768970606746678,0.3832822155950935,0.3198076877482595,0.12399377063842368,25.0,25.0,25.0,25.0,25.0,25.0,24.0,9.537,0.0,0.0,1.0,1781028050180527711
1781028050304881943,0.00039590473937571103,57.261550753623155,103.13201657381305,-0.0011546292452380377,-0.014537407281392828,-0.000267057930129808,5.4696171628958327e-8,3.0169311285650007e-6,-3.286264315034194e-7,4.527673319538142e-6,2.958987963484384e-7,7.442177814557582e-7,0.005107203372623018,5.936211493829325,2.7689668687872846,0.38328558373913696,0.31980811009419396,0.1239947174222012,25.0,25.0,25.0,25.0,25.0,25.0,24.0,9.537,0.0,0.0,1.0,1781028050299120450
1781028050404901017,0.0003959093002581771,57.261551005029965,103.13201654643358,-0.0011542519218516588,-0.01453738263601588,-0.0002669959167221821,5.4759582645819676e-8,3.0168461182494913e-6,-3.28480749761935e-7,4.528040612405739e-6,2.955987531309673e-7,7.441153688843976e-7,0.005093207412278839,5.936211139615282,2.768964376724349,0.3832878292229264,0.3198083916625965,0.12399534862628656,25.0,25.0,25.0,25.0,25.0,25.0,24.0,9.537,0.0,0.0,1.0,1781028050380100217
1781028050504420837,0.0003959150085922448,57.26155131927906,103.13201651222684,-0.001153780226848045,-0.014537351864972178,-0.00026691841153222577,5.4836410786014607e-8,3.01674232533157e-6,-3.282934481818554e-7,4.528477616424693e-6,2.9521824699565426e-7,7.439911294416637e-7,0.005075712078518044,5.93621069678256,2.7689612615473993,0.3832906361377695,0.3198087436278986,0.1239961376482226,25.0,25.0,25.0,25.0,25.0,25.0,24.0,9.537,0.0,0.0,1.0,1781028050485723314
1781028050605561433,0.0003959207248412854,57.26155163351718,103.13201647803972,-0.0011533084865686083,-0.01453732113364829,-0.0002668409192756573,5.491193920993262e-8,3.0166340703472117e-6,-3.281058258607734e-7,4.528914061650241e-6,2.948369190305585e-7,7.438661947615908e-7,0.0050582162918157494,5.9362102538683645,2.7689581462586847,0.38329344312043034,0.31980909559918463,0.1239969266889346,25.0,25.0,25.0,25.0,25.0,25.0,24.0,9.537,0.0,0.0,1.0,1781028050586446042
1781028050704823859,0.0003959264488797691,57.261551947743854,103.13201644387222,-0.0011528367011052892,-0.014537290442137198,-0.00026676344002669704,5.4986467861895034e-8,3.0165202993284615e-6,-3.279182519451168e-7,4.529351946115219e-6,2.944552223032096e-7,7.437400000037577e-7,0.005040720057010462,5.936209810872635,2.7689550308592614,0.3832962501714892,0.3198094475762612,0.12399771574865204,25.0,25.0,25.0,25.0,25.0,25.0,24.0,9.537,0.0,0.0,1.0,1781028050686280860
1781028050805540459,0.00039593218058592706,57.2615522619586,103.13201640972436,-0.0011523648705930845,-0.014537259790536206,-0.0002666859738559665,5.5058541234353734e-8,3.016408497365606e-6,-3.277257620263931e-7,4.5297690750172456e-6,2.940687045491569e-7,7.436171929016167e-7,0.005023223388940005,5.936209367801965,2.768951915348776,0.38329905728993674,0.3198097995585542,0.12399850482716974,25.0,25.0,25.0,25.0,25.0,25.0,24.0,9.537,0.0,0.0,1.0,1781028050786366428
1781028050904773167,0.0003959390685900658,57.26155263899977,103.13201636877292,-0.0011517986145313211,-0.014537223061409425,-0.0002665930318421563,5.514488125816504e-8,3.0162611753252595e-6,-3.274997251852303e-7,4.530289342911153e-6,2.936079514324475e-7,7.434644792309429e-7,0.0050022267825560645,5.93620883600528,2.768948176587419,0.3833024259215585,0.31981022194636227,0.123999451746127,25.0,25.0,25.0,25.0,25.0,25.0,24.0,9.537,0.0,0.0,1.0,1781028050902688939
1781028051007867889,0.0003959436665345928,57.261552890350174,103.1320163414877,-0.0011514210745989925,-0.014537198607404694,-0.00026653108109311435,5.5201473954715976e-8,3.016159379634942e-6,-3.273478972485627e-7,4.5306331682785005e-6,2.932993144897855e-7,7.433625849836145e-7,0.004988228681511685,5.936208481411845,2.7689456839917694,0.3833046717301053,0.3198105035425377,0.12400008304041452,25.0,25.0,25.0,25.0,25.0,25.0,24.0,9.537,0.0,0.0,1.0,1781028050987202619
1781028051104500932,0.0003959505722175109,57.26155326735956,103.1320163005836,-0.0011508547110144775,-0.014537161974637716,-0.0002664381709551104,5.528467423682289e-8,3.016002955204871e-6,-3.271194801091235e-7,4.5311449212828085e-6,2.928351173995912e-7,7.432095508732214e-7,0.004967230980959376,5.936207949423449,2.7689419449635926,0.3833080405248517,0.3198109259437363,0.12400103000449247,25.0,25.0,25.0,25.0,25.0,25.0,24.0,9.537,0.0,0.0,1.0,1781028051102746904
1781028051206553242,0.00039595518177595814,57.26155351868795,103.13201627332998,-0.0011504770995087903,-0.01453713758500615,-0.00026637624159705115,5.5341053746135864e-8,3.0158866204878283e-6,-3.269724900523722e-7,4.531505456385264e-6,2.9252939184280546e-7,7.431022644131891e-7,0.004953232159490852,5.936207594698813,2.7689394521873805,0.3833102864422191,0.3198112075489667,0.1240016613289439,25.0,25.0,25.0,25.0,25.0,25.0,24.0,9.537,0.0,0.0,1.0,1781028051188932146
1781028051304927588,0.0003959609501087227,57.26155383283542,103.1320162392808,-0.00115000504512164,-0.014537107134319572,-0.00026629884201451713,5.5409233094680994e-8,3.01574431700616e-6,-3.2678360661903457e-7,4.53193697240914e-6,2.921426406895402e-7,7.429714032850649e-7,0.004935733237493773,5.936207151220278,2.7689363361182067,0.3833130939014645,0.31981155956128166,0.12400245050195267,25.0,25.0,25.0,25.0,25.0,25.0,24.0,9.537,0.0,0.0,1.0,1781028051288590627
1781028051405265508,0.0003959667254397755,57.261554146967946,103.13201620525142,-0.001149532946395281,-0.0145370767241137,-0.00026622145596808764,5.547397036557239e-8,3.0156075511423565e-6,-3.265864924193729e-7,4.532337273739849e-6,2.9174798185540876e-7,7.428466656852362e-7,0.004918233858955425,5.93620670766865,2.768933219937914,0.3833159014273277,0.3198119115799254,0.12400323969338674,25.0,25.0,25.0,25.0,25.0,25.0,24.0,9.537,0.0,0.0,1.0,1781028051388499194
1781028051504698917,0.000395973664949259,57.26155452390653,103.13201616444236,-0.0011489663694165813,-0.01453704028538998,-0.00026612861073246566,5.55538095468235e-8,3.015422045752773e-6,-3.263611039712823e-7,4.532857429454754e-6,2.9128269300876e-7,7.42686540091398e-7,0.004897234009288889,5.936206175294284,2.7689294803708737,0.3833192705493059,0.31981233400952286,0.12400418674832137,25.0,25.0,25.0,25.0,25.0,25.0,24.0,9.537,0.0,0.0,1.0,1781028051504545964
1781028051607309354,0.000395978296723976,57.26155477518616,103.13201613725222,-0.0011485886162101353,-0.014537016025450057,-0.0002660667248651644,5.5604875687954234e-8,3.015300613855969e-6,-3.2620574903320024e-7,4.533187749825851e-6,2.909681217641112e-7,7.425828629777757e-7,0.004883233733910242,5.936205820316152,2.7689269872375593,0.3833215166844232,0.3198126156342,0.12400481813306802,25.0,25.0,25.0,25.0,25.0,25.0,24.0,9.537,0.0,0.0,1.0,1781028051588968300
1781028051704337561,0.0003959840924834185,57.26155508927084,103.13201610328248,-0.001148116385078796,-0.014536985737190406,-0.0002659893799604591,5.566969176454229e-8,3.0151369899893717e-6,-3.260168673607764e-7,4.533616550307128e-6,2.905781588438656e-7,7.424482048621629e-7,0.004865733013761087,5.936205376519123,2.7689238707202866,0.3833243244163893,0.31981296767017786,0.12400560738175163,25.0,25.0,25.0,25.0,25.0,25.0,24.0,9.537,0.0,0.0,1.0,1781028051685379738
1781028051806557795,0.00039598989485463854,57.261555403338626,103.13201606933262,-0.0011476441102038725,-0.014536955489788773,-0.00026591204890621505,5.5732518118424105e-8,3.0149739503501356e-6,-3.2582428676634885e-7,4.534032077441905e-6,2.901849691600449e-7,7.423156143431497e-7,0.004848231826024693,5.936204932642885,2.768920754088229,0.38332713221588777,0.3198133197121813,0.12400639664901918,25.0,25.0,25.0,25.0,25.0,25.0,24.0,9.537,0.0,0.0,1.0,1781028051787282999
1781028051904500185,0.0003959957037591472,57.261555717388944,103.13201603540274,-0.0011471717916494437,-0.014536925283320368,-0.0002658347318063935,5.5795022891515946e-8,3.0148035317788075e-6,-3.256337855406888e-7,4.534453682140683e-6,2.8979235469343773e-7,7.421806438653859e-7,0.004830730179805295,5.936204488682474,2.7689176373457345,0.3833299400843847,0.31981367176035824,0.12400718593535642,25.0,25.0,25.0,25.0,25.0,25.0,24.0,9.537,0.0,0.0,1.0,1781028051887370169
1781028052007606025,0.0003960015191057128,57.26155603142134,103.13201600149284,-0.0011466994296336966,-0.014536895117888611,-0.00026575742872982083,5.58563597177174e-8,3.014628618374185e-6,-3.254416724571276e-7,4.534869580679375e-6,2.893974490215513e-7,7.420458751459063e-7,0.0048132280822978475,5.936204044645832,2.7689145204908208,0.383332748020512,0.31981402381468327,0.12400797524046184,25.0,25.0,25.0,25.0,25.0,25.0,24.0,9.537,0.0,0.0,1.0,1781028051996529630
1781028052105030514,0.00039600734080996546,57.26155634543532,103.13201596760294,-0.0011462270243253177,-0.014536864993587962,-0.00026568013975836977,5.591697568548795e-8,3.0144491972620495e-6,-3.25249540754781e-7,4.535284903741502e-6,2.8900220376527373e-7,7.41910075552824e-7,0.004795725525390589,5.936203600527009,2.7689114035227944,0.3833355560257656,0.319814375874743,0.12400876456467023,25.0,25.0,25.0,25.0,25.0,25.0,24.0,9.537,0.0,0.0,1.0,1781028052096873549
1781028052204615725,0.0003960131687860726,57.26155665943037,103.13201593373309,-0.001145754575931988,-0.014536834910524689,-0.00026560286496357216,5.597635519709601e-8,3.014267551158177e-6,-3.250555788418057e-7,4.535692362062193e-6,2.8860469281260413e-7,7.417748229588504e-7,0.004778222525498809,5.93620315632851,2.7689082864426564,0.3833383641001116,0.31981472794094984,0.1240095539081256,25.0,25.0,25.0,25.0,25.0,25.0,24.0,9.537,0.0,0.0,1.0,1781028052199368711
1781028052304883750,0.00039601900296244,57.261556973405995,103.13201589988329,-0.001145282084564761,-0.014536804868772608,-0.0002655256044458308,5.6036595887368247e-8,3.0140744517303315e-6,-3.248661587873166e-7,4.536115810831977e-6,2.8821059012827645e-7,7.416345663596043e-7,0.004760719075025081,5.936202712043064,2.768905169247259,0.3833411722435415,0.31981508001362696,0.12401034327072624,25.0,25.0,25.0,25.0,25.0,25.0,24.0,9.537,0.0,0.0,1.0,1781028052292063898
1781028052404758626,0.00039602484325184647,57.26155728736172,103.13201586605354,-0.001144809550504446,-0.014536774868449629,-0.0002654483582620394,5.6094410357970335e-8,3.0138832626965212e-6,-3.246714273812226e-7,4.5365189326123415e-6,2.8781103263465184e-7,7.414979803223513e-7,0.0047432151511835096,5.936202267684704,2.7689020519409047,0.383343980454848,0.31981543209181124,0.1240111326520067,25.0,25.0,25.0,25.0,25.0,25.0,24.0,9.537,0.0,0.0,1.0,1781028052395360093
1781028052504768149,0.0003960306895843082,57.26155760129702,103.13201583224392,-0.0011443369738885884,-0.014536744909641705,-0.000265371126507024,5.615276204724261e-8,3.013681224538523e-6,-3.244810357658942e-7,4.536937206968309e-6,2.874142662901337e-7,7.413568782461002e-7,0.004725710781801778,5.9362018232424285,2.768898934521897,0.383346788735678,0.3198157841760547,0.12401192205262238,25.0,25.0,25.0,25.0,25.0,25.0,24.0,9.537,0.0,0.0,1.0,1781028052493949179
1781028052604993770,0.00039603654188210543,57.26155791521145,103.13201579845446,-0.0011438643550017882,-0.014536714992457836,-0.00026529390924620653,5.620899423848084e-8,3.0134826988570696e-6,-3.242848270793131e-7,4.5373302024282495e-6,2.870118756890841e-7,7.412197366130781e-7,0.004708205967283144,5.936201378721273,2.768895816988546,0.38334959708543304,0.3198161362670539,0.12401271147242472,25.0,25.0,25.0,25.0,25.0,25.0,24.0,9.537,0.0,0.0,1.0,1781028052598574759
1781028052704569049,0.00039604240008029207,57.261558229104445,103.13201576468514,-0.0011433916939262774,-0.01453668511697278,-0.00026521670658336883,5.626615033426386e-8,3.01327052217688e-6,-3.2409404895787034e-7,4.537746228759471e-6,2.866137298135272e-7,7.410766772210689e-7,0.004690700674783339,5.936200934115604,2.7688926993420835,0.3833524055042084,0.3198164883640718,0.12401350091116266,25.0,25.0,25.0,25.0,25.0,25.0,24.0,9.537,0.0,0.0,1.0,1781028052699834180
1781028052804963954,0.00039604826410132666,57.26155854297556,103.132015730936,-0.0011429189910087945,-0.014536655283308506,-0.00026513951857258733,5.6320680829355174e-8,3.013062761446638e-6,-3.23896539749585e-7,4.5381341393681824e-6,2.8620869610864066e-7,7.409385775006924e-7,0.004673194942082431,5.93620048943502,2.7688895815843053,0.3833552139914699,0.31981684046718906,0.1240142903690018,25.0,25.0,25.0,25.0,25.0,25.0,24.0,9.537,0.0,0.0,1.0,1781028052800959701
1781028052904918167,0.00039605413388092,57.2615588568243,103.13201569720712,-0.001142446246419804,-0.01453662549155407,-0.00026506234530397697,5.637509956708515e-8,3.0128490318241295e-6,-3.237000231414771e-7,4.5385232331975905e-6,2.858039522038454e-7,7.407986326590901e-7,0.004655688756337285,5.9362000446710965,2.768886463711519,0.3833580225487178,0.3198171925765515,0.12401507984626342,25.0,25.0,25.0,25.0,25.0,25.0,24.0,9.537,0.0,0.0,1.0,1781028052902809703
1781028053004883778,0.00039606000935709415,57.261559170650145,103.13201566349842,-0.001141973460317322,-0.014536595741792209,-0.00026498518687134855,5.6431030990909296e-8,3.012619101566472e-6,-3.235112527966204e-7,4.538943719813757e-6,2.8540544911029954e-7,7.40650963689414e-7,0.004638182091901407,5.9361995998215455,2.76888334572551,0.3833608311752223,0.3198175446909784,0.12401586934250183,25.0,25.0,25.0,25.0,25.0,25.0,24.0,9.537,0.0,0.0,1.0,1781028053002645080
1781028053105052614,0.00039606589045684104,57.26155948445264,103.13201562981004,-0.0011415006330837488,-0.01453656603415206,-0.00026490804332415796,5.6483953678336985e-8,3.012396730548113e-6,-3.233136384551233e-7,4.539325945669007e-6,2.849979751182334e-7,7.405102309193562e-7,0.004620674975495381,5.936199154899845,2.768880227625776,0.38336363987038463,0.3198178968132692,0.12401665885787332,25.0,25.0,25.0,25.0,25.0,25.0,24.0,9.537,0.0,0.0,1.0,1781028053102909886
1781028053205250799,0.0003960705993512983,57.261559735477455,103.1320156028739,-0.0011411223417311018,-0.014536542298408853,-0.0002648463392815229,5.652718558837152e-8,3.012208768743391e-6,-3.231602358857012e-7,4.539648261873742e-6,2.846755010237295e-7,7.403930085241392e-7,0.0046066689657443035,5.936198798899367,2.768877733064613,0.3833658868772344,0.3198181785144639,0.12401729048428196,25.0,25.0,25.0,25.0,25.0,25.0,24.0,9.537,0.0,0.0,1.0,1781028053183155162
1781028053304890095,0.0003960776692994878,57.26156011198552,103.13201556249412,-0.0011405548558752856,-0.014536506745564571,-0.0002647538012683696,5.6589240359566097e-8,3.011930976287737e-6,-3.22922895512966e-7,4.540103213834202e-6,2.841847994438422e-7,7.402221817168536e-7,0.004585659387517584,5.9361982648051175,2.7688739910877542,0.3833692574702882,0.31981860107477006,0.1240182379467347,25.0,25.0,25.0,25.0,25.0,25.0,24.0,9.537,0.0,0.0,1.0,1781028053302175553
1781028053405525522,0.000396082386966531,57.26156036297105,103.13201553559053,-0.0011401764995015728,-0.01453648307756522,-0.00026469212137686496,5.6632009101325145e-8,3.0117335792559304e-6,-3.2277003187362584e-7,4.540427375195493e-6,2.838619881724934e-7,7.401025206107572e-7,0.004571652633579211,5.936197908673618,2.76887149634384,0.38337150458832087,0.31981888278678544,0.12401886960387444,25.0,25.0,25.0,25.0,25.0,25.0,24.0,9.537,0.0,0.0,1.0,1781028053384113794
1781028053504798130,0.00039608946993496537,57.261560739418975,103.13201549525957,-0.00113960891669142,-0.014536447626568302,-0.000264599619786185,5.6693964091934607e-8,3.0114382852815736e-6,-3.225358527552115e-7,4.540891520873061e-6,2.8337214402425693e-7,7.399264852872131e-7,0.00455064195300446,5.936197374385684,2.768867754093371,0.3833748753481605,0.3198193053614819,0.12401981711251558,25.0,25.0,25.0,25.0,25.0,25.0,24.0,9.537,0.0,0.0,1.0,1781028053503111179
1781028053605253700,0.00039609419618277304,57.26156099036367,103.1320154683886,-0.0011392304961991258,-0.014536424026649574,-0.0002645379642784565,5.673415667136997e-8,3.011242247374899e-6,-3.223771044032824e-7,4.541188579563934e-6,2.830429293435656e-7,7.3981070012572e-7,0.004536634466355899,5.936197018127728,2.768865259167289,0.3833771225772856,0.31981958708383046,0.1240204488004428,25.0,25.0,25.0,25.0,25.0,25.0,24.0,9.537,0.0,0.0,1.0,1781028053587948644
1781028053704236537,0.000396101291897798,57.26156136674914,103.13201542810656,-0.0011386628177644314,-0.014536388677993874,-0.0002644454994721461,5.679409973440465e-8,3.0109397101801407e-6,-3.22139300697459e-7,4.541636419147206e-6,2.8254873900152305e-7,7.396350530798809e-7,0.004515622681660447,5.936196483645394,2.7688615166434993,0.3833804935046709,0.3198200096737467,0.124021396355485,25.0,25.0,25.0,25.0,25.0,25.0,24.0,9.537,0.0,0.0,1.0,1781028053703983333
1781028053805543226,0.0003961060265647965,57.261561617651374,103.13201540126823,-0.0011382843338522016,-0.014536365146439785,-0.000264383868634738,5.683597193246478e-8,3.010722867409589e-6,-3.219891776815595e-7,4.541964933420603e-6,2.822257656371962e-7,7.395103896399338e-7,0.004501614443890338,5.936196127253276,2.76885902153561,0.3833827408460309,0.31982029140446616,0.12402202807435062,25.0,25.0,25.0,25.0,25.0,25.0,24.0,9.537,0.0,0.0,1.0,1781028053788036683
1781028053904603976,0.0003961119495527315,57.26156193125466,103.13201536773876,-0.00113781119379665,-0.014536335770620372,-0.0002643068440340881,5.688352978822342e-8,3.010468807758142e-6,-3.217859344932359e-7,4.542312376697244e-6,2.81807225025862e-7,7.393670584619174e-7,0.004484103767071937,5.9361956817026496,2.7688559025506487,0.3833855500848962,0.31982064357582407,0.12402281774050142,25.0,25.0,25.0,25.0,25.0,25.0,24.0,9.537,0.0,0.0,1.0,1781028053886740044
1781028054004540385,0.0003961178776829636,57.26156224483023,103.13201533422972,-0.0011373380147202778,-0.014536306437758328,-0.00026422983505033524,5.693418269640837e-8,3.010192930429501e-6,-3.215944130209937e-7,4.542707375858103e-6,2.8139911689051717e-7,7.392121648980015e-7,0.004466592581818087,5.936195236059387,2.768852783448865,0.3833883593940124,0.31982099575211326,0.12402360742567986,25.0,25.0,25.0,25.0,25.0,25.0,24.0,9.537,0.0,0.0,1.0,1781028053992326472
1781028054104520027,0.0003961238108908705,57.26156255837765,103.13201530074124,-0.0011368647971031097,-0.014536277147999432,-0.0002641528417175209,5.6981989930638514e-8,3.0099246215026946e-6,-3.213948074915299e-7,4.543065424440413e-6,2.8098284243060556e-7,7.390637662868735e-7,0.0044490809747487646,5.9361947903406005,2.7688496642337608,0.38339116877345153,0.31982134793524225,0.12402439713066596,25.0,25.0,25.0,25.0,25.0,25.0,24.0,9.537,0.0,0.0,1.0,1781028054087335902
1781028054205664910,0.0003961297491378715,57.26156287189638,103.13201526727327,-0.0011363915411284075,-0.014536247901416614,-0.0002640758641377665,5.7029605965078534e-8,3.009649549412693e-6,-3.2119580973842234e-7,4.543424558883581e-6,2.8056615050542074e-7,7.389138063312803e-7,0.00443156889814274,5.936194344542184,2.7688465449051622,0.383393978222799,0.31982170012485805,0.12402518685497224,25.0,25.0,25.0,25.0,25.0,25.0,24.0,9.537,0.0,0.0,1.0,1781028054191032203
1781028054305062956,0.0003961356923772711,57.26156318538592,103.13201523382584,-0.0011359182470576923,-0.014536218698109142,-0.0002639989023927631,5.707790977893837e-8,3.009364456268068e-6,-3.210004994007146e-7,4.5437966852729735e-6,2.801520064833002e-7,7.387597403083239e-7,0.004414056347596142,5.936193898660124,2.768843425461258,0.38339678774251473,0.3198220523203519,0.1240259765986644,25.0,25.0,25.0,25.0,25.0,25.0,24.0,9.537,0.0,0.0,1.0,1781028054287883813
1781028054409569862,0.0003961416405608058,57.261563498845824,103.13201520039898,-0.0011354449152591068,-0.01453618953819153,-0.00026392195654616766,5.712496278997356e-8,3.009077643626167e-6,-3.208023040873431e-7,4.544156002063802e-6,2.7973430013355556e-7,7.386072243053187e-7,0.00439654333245644,5.936193452699088,2.768840305904155,0.3833995973319928,0.3198224045228304,0.12402676636168526,25.0,25.0,25.0,25.0,25.0,25.0,24.0,9.537,0.0,0.0,1.0,1781028054392383830
1781028054510494286,0.00039614878484330214,57.26156387495788,103.13201516031394,-0.0011348768677446222,-0.014536154603708811,-0.0002638296426211638,5.717995323551354e-8,3.0087324414280684e-6,-3.2056077911643e-7,4.544569454488439e-6,2.792291773550017e-7,7.384261175364741e-7,0.004375527113365059,5.936192917440074,2.768836562282842,0.38340296893214687,0.3198228271748035,0.12402771410308758,25.0,25.0,25.0,25.0,25.0,25.0,24.0,9.537,0.0,0.0,1.0,1781028054508497076
1781028054611065976,0.00039615474375409576,57.2615641883508,103.13201512693244,-0.001134403453968126,-0.014536125539588472,-0.000263752732033982,5.7228396015386084e-8,3.0084268621589382e-6,-3.203699917586829e-7,4.544950740030091e-6,2.788165864099232e-7,7.382654293622257e-7,0.004358013083113645,5.93619247129048,2.768833442473956,0.3834057786787139,0.3198231793894514,0.12402850390960692,25.0,25.0,25.0,25.0,25.0,25.0,24.0,9.537,0.0,0.0,1.0,1781028054610089791
1781028054711130304,0.00039616070747166616,57.261564501712506,103.13201509357155,-0.0011339300034394146,-0.014536096519180062,-0.0002636758375919251,5.7275396892036174e-8,3.0081189318276315e-6,-3.201751160554975e-7,4.545316069245669e-6,2.783992011436187e-7,7.381070528280876e-7,0.004340498585159298,5.936192025068307,2.7688303225506123,0.3834085884939582,0.3198235316119342,0.12402929373516396,25.0,25.0,25.0,25.0,25.0,25.0,24.0,9.537,0.0,0.0,1.0,1781028054709218052
1781028054810384413,0.0003961654818722451,57.2615647523791,103.13201506689774,-0.0011335512168644494,-0.014536073334414992,-0.0002636143336929425,5.730904409803978e-8,3.007887594172198e-6,-3.200064371664357e-7,4.545557022846745e-6,2.7805397630076234e-7,7.379905953655894e-7,0.004326486665097132,5.936191668038583,2.7688278265290616,0.3834108363964298,0.31982381339587684,0.124029925609661,25.0,25.0,25.0,25.0,25.0,25.0,24.0,9.537,0.0,0.0,1.0,1781028054793245769
1781028054910481066,0.0003961714541379914,57.261565065683406,103.1320150335741,-0.0011330777010663733,-0.014536044392954577,-0.00026353746848935435,5.735471896292864e-8,3.0075760988232683e-6,-3.198089051140259e-7,4.545906937327793e-6,2.7763329553176577e-7,7.378329152665456e-7,0.004308971329946255,5.936191221667494,2.7688247063987372,0.383413646339645,0.31982416562991023,0.1240307154706592,25.0,25.0,25.0,25.0,25.0,25.0,24.0,9.537,0.0,0.0,1.0,1781028054890378113
1781028055010702962,0.00039617743110404954,57.261565378955105,103.13201500027117,-0.001132604149346581,-0.01453601549547652,-0.0002634606196572098,5.740184584420991e-8,3.00724979572879e-6,-3.196178049026016e-7,4.546279719283395e-6,2.772170495147565e-7,7.376689654536605e-7,0.004291455518804679,5.936190775213821,2.7688215861540364,0.3834164563532809,0.3198245178693415,0.12403150535105316,25.0,25.0,25.0,25.0,25.0,25.0,24.0,9.537,0.0,0.0,1.0,1781028054997385306
1781028055111142313,0.0003961834127157928,57.2615656921938,103.13201496698898,-0.0011321305622995282,-0.014535986642135894,-0.00026338378721718245,5.7443851616248633e-8,3.0069424002254967e-6,-3.1941017512641805e-7,4.546584991679859e-6,2.7678568543302717e-7,7.375183775077952e-7,0.004273939259765343,5.936190328689046,2.768818465795858,0.383419266437373,0.3198248701169645,0.12403229525116909,25.0,25.0,25.0,25.0,25.0,25.0,24.0,9.537,0.0,0.0,1.0,1781028055090990492
1781028055211098910,0.0003961893989563781,57.26156600539889,103.1320149337275,-0.0011316569399509764,-0.014535957832970644,-0.00026330697130729343,5.7489311632183956e-8,3.0066118408300083e-6,-3.192151364013634e-7,4.546937627925623e-6,2.763644486621506e-7,7.373559488604128e-7,0.004256422524158432,5.936189882074042,2.768815345321295,0.38342207659268673,0.31982522236995364,0.12403308517088064,25.0,25.0,25.0,25.0,25.0,25.0,24.0,9.537,0.0,0.0,1.0,1781028055200119302
1781028055310608109,0.0003961953897802185,57.261566318569955,103.13201490048682,-0.0011311832828337488,-0.014535929068120108,-0.00026323017196573265,5.7533913274182546e-8,3.0062791489421027e-6,-3.1901830997997425e-7,4.5472803866660824e-6,2.759408095793427e-7,7.371942622583349e-7,0.0042389053267322075,5.936189435379051,2.768812224732279,0.3834248868194786,0.319825574630279,0.12403387511047878,25.0,25.0,25.0,25.0,25.0,25.0,24.0,9.537,0.0,0.0,1.0,1781028055294731137
1781028055410599768,0.0003962013851458521,57.261566631706536,103.13201486726696,-0.0011307095913425426,-0.01453590034770065,-0.0002631533892517505,5.757543513911413e-8,3.005955435427332e-6,-3.188115643222831e-7,4.54758304991051e-6,2.755082687840086e-7,7.370399420720979e-7,0.004221387659235315,5.9361889886073325,2.7688091040269733,0.38342769711602337,0.31982592689787215,0.12403466506937053,25.0,25.0,25.0,25.0,25.0,25.0,24.0,9.537,0.0,0.0,1.0,1781028055399409117
1781028055510952335,0.00039620738503389993,57.261566944808045,103.13201483406785,-0.001130235865640006,-0.014535871671774558,-0.0002630766232810741,5.7619429366606794e-8,3.00561248031344e-6,-3.186146017196138e-7,4.5479205945854345e-6,2.7508286520851136e-7,7.368765862611892e-7,0.004203869515664281,5.936188541750247,2.768805983208527,0.38343050748432383,0.3198262791704977,0.12403545504804982,25.0,25.0,25.0,25.0,25.0,25.0,24.0,9.536,0.0,0.0,1.0,1781028055497223385
1781028055610899892,0.0003962133893971804,57.26156725787411,103.13201480088962,-0.0011297621062378363,-0.014535843040478644,-0.000262999874089512,5.766265859304831e-8,3.005268667090398e-6,-3.184156585129025e-7,4.5482460962325455e-6,2.7465499012732365e-7,7.367141824840205e-7,0.004186350916411356,5.93618809481151,2.768802862276042,0.3834333179251147,0.31982663144879786,0.12403624504691668,25.0,25.0,25.0,25.0,25.0,25.0,24.0,9.536,0.0,0.0,1.0,1781028055598903860
1781028055711235420,0.00039621939820663814,57.26156757090421,103.13201476773224,-0.0011292883134796118,-0.014535814453913264,-0.0002629231417548213,5.7704616482830223e-8,3.004923190203337e-6,-3.182138575244254e-7,4.548559547255319e-6,2.7422376827602404e-7,7.365533843441907e-7,0.004168831833733964,5.93618764779311,2.7687997412268084,0.3834361284356914,0.3198269837354674,0.12403703506501618,25.0,25.0,25.0,25.0,25.0,25.0,24.0,9.536,0.0,0.0,1.0,1781028055699241357
1781028055810966269,0.00039622541143594585,57.26156788389783,103.13201473459571,-0.00112881448763554,-0.014535785912160887,-0.00026284642636834586,5.774830619706024e-8,3.0045640325551653e-6,-3.1801789517009605e-7,4.5488949195170514e-6,2.737973987417655e-7,7.363861273655445e-7,0.00415131228039579,5.93618720068636,2.7687966200620937,0.38343893901859577,0.31982733602819824,0.12403782510312374,25.0,25.0,25.0,25.0,25.0,25.0,24.0,9.536,0.0,0.0,1.0,1781028055808204379
1781028055910523798,0.0003962314290399758,57.26156819685455,103.13201470148014,-0.0011283406292647606,-0.014535757415368285,-0.00026276972796039063,5.7788916528686555e-8,3.0042141714357644e-6,-3.1781272184147025e-7,4.5491872164730186e-6,2.733615375114055e-7,7.362266646059799e-7,0.004133792274617565,5.936186753508358,2.768793498784425,0.3834417496728664,0.31982768832664094,0.12403861516116228,25.0,25.0,25.0,25.0,25.0,25.0,24.0,9.536,0.0,0.0,1.0,1781028055903397306
1781028056010376125,0.0003962374510021792,57.26156850977382,103.13201466838544,-0.0011278667385416958,-0.014535728963597276,-0.00026269304664308223,5.783082968881225e-8,3.0038509060922916e-6,-3.176125521310305e-7,4.549497878807034e-6,2.729289850060237e-7,7.360618051261135e-7,0.004116271795750115,5.936186306247111,2.768790377389214,0.3834445603978662,0.3198280406330278,0.1240394052387878,25.0,25.0,25.0,25.0,25.0,25.0,24.0,9.536,0.0,0.0,1.0,1781028056005560250
1781028056111150883,0.0003962434772824838,57.26156882265521,103.1320146353117,-0.0011273928159939196,-0.014535700556981144,-0.000262616382455674,5.7871799628114254e-8,3.0034867983939367e-6,-3.174101422177498e-7,4.549798046427988e-6,2.724941956140498e-7,7.358979628204028e-7,0.004098750832526725,5.936185858902171,2.7687872558814144,0.38344737119529526,0.31982839294477755,0.12404019533634554,25.0,25.0,25.0,25.0,25.0,25.0,24.0,9.536,0.0,0.0,1.0,1781028056102308690
1781028056210636986,0.0003962495078576303,57.261569135498206,103.13201460225892,-0.0011269188619322796,-0.014535672195612222,-0.00026253973548398784,5.7912214212751176e-8,3.0031187994701835e-6,-3.172065733789861e-7,4.550089430660271e-6,2.720569982711825e-7,7.357344193392965e-7,0.00408122941185043,5.936185411478904,2.7687841342572908,0.3834501820641034,0.31982874526405525,0.1240409854538211,25.0,25.0,25.0,25.0,25.0,25.0,24.0,9.536,0.0,0.0,1.0,1781028056207243254
1781028056310851974,0.0003962555426965997,57.26156944830233,103.1320145692271,-0.0011264448767351286,-0.014535643879592133,-0.00026246310579651787,5.795399870639476e-8,3.002739076360877e-6,-3.170085784392007e-7,4.550398677020428e-6,2.716241785972663e-7,7.35565371681187e-7,0.0040637075168569944,5.936184963966779,2.768781012517389,0.38345299300555014,0.31982909758856143,0.12404177559135554,25.0,25.0,25.0,25.0,25.0,25.0,24.0,9.536,0.0,0.0,1.0,1781028056304049306
1781028056410936074,0.0003962603736147887,57.26156969851736,103.13201454281678,-0.0011260656664977323,-0.014535621259516294,-0.00026240181452126315,5.7985956385600314e-8,3.002437756210492e-6,-3.1684554923771284e-7,4.5506279117194675e-6,2.7127331491593624e-7,7.354332714866869e-7,0.004049689656095439,5.936184605903252,2.7687785150418662,0.383455241809502,0.31982937945417217,0.1240424077154521,25.0,25.0,25.0,25.0,25.0,25.0,24.0,9.536,0.0,0.0,1.0,1781028056383805433
1781028056510794248,0.0003962676250473261,57.261570073792114,103.13201450322649,-0.001125496814683294,-0.014535587384059896,-0.0002623098985121775,5.803458476823217e-8,3.0019757300756062e-6,-3.166049521582972e-7,4.550979539732116e-6,2.707490800864621e-7,7.35231450451242e-7,0.004028662291438005,5.936184068705328,2.7687747686907707,0.3834586151027966,0.3198298022596047,0.12404335592573712,25.0,25.0,25.0,25.0,25.0,25.0,24.0,9.536,0.0,0.0,1.0,1781028056507753566
1781028056611111261,0.0003962724626794592,57.26157032394311,103.1320144768498,-0.001125117556194634,-0.014535564836956009,-0.0002622486351430258,5.80661174427124e-8,3.001667027399863e-6,-3.1644112508892644e-7,4.551200948403421e-6,2.703963464874602e-7,7.350985345578354e-7,0.004014643685243665,5.936183710513088,2.7687722710304965,0.38346086402191665,0.3198300841357459,0.1240439880818405,25.0,25.0,25.0,25.0,25.0,25.0,24.0,9.536,0.0,0.0,1.0,1781028056592029301
1781028056710292259,0.00039627972411458446,57.26157069912072,103.13201443731,-0.0011245486330213313,-0.01453553107122723,-0.00026215676114240636,5.811359561687944e-8,3.001196401857535e-6,-3.161977511975544e-7,4.551536543387843e-6,2.6986798420612924e-7,7.348967449272619e-7,0.0039936151822416045,5.936183173121335,2.768768524403151,0.3834642374879516,0.3198305069564155,0.12404493633995992,25.0,25.0,25.0,25.0,25.0,25.0,24.0,9.536,0.0,0.0,1.0,1781028056710164497
1781028056810443649,0.00039628456837750647,57.26157094920614,103.132014410967,-0.0011241693275562748,-0.014535508597434865,-0.00026209552589749163,5.8145783333429534e-8,3.000875348762415e-6,-3.1603783528426833e-7,4.5517663594512795e-6,2.6951677360905866e-7,7.347596057029508e-7,0.003979595814905008,5.93618281479451,2.768766026560155,0.3834664865234627,0.3198307888420815,0.12404556852827796,25.0,25.0,25.0,25.0,25.0,25.0,24.0,9.536,0.0,0.0,1.0,1781028056802505805
1781028056910654143,0.0003962906274002357,57.26157126177544,103.13201437805724,-0.0011236951698555767,-0.014535480546570431,-0.00026201899774554,5.8186428688429475e-8,3.0004666157890104e-6,-3.158407231557333e-7,4.5520596306520674e-6,2.690792323178555e-7,7.345856130060121e-7,0.003962071160377896,5.936182366809027,2.7687629041490616,0.3834692978822825,0.3198311412058845,0.12404635878137456,25.0,25.0,25.0,25.0,25.0,25.0,24.0,9.536,0.0,0.0,1.0,1781028056893539914
1781028057011023657,0.0003962966904987464,57.26157157430265,103.13201434516856,-0.0011232209838883626,-0.014535452541802718,-0.0002619424873064113,5.822392013831744e-8,3.0000681223283676e-6,-3.156318772516431e-7,4.5523066570070985e-6,2.686313144910757e-7,7.344200419170257e-7,0.003944546052165623,5.936181918749554,2.7687597816255596,0.3834721093138245,0.31983149357653223,0.12404714905482347,25.0,25.0,25.0,25.0,25.0,25.0,24.0,9.536,0.0,0.0,1.0,1781028056998143544
1781028057111229177,0.000396302757654368,57.261571886787245,103.132014312301,-0.001122746769970836,-0.01453542458321454,-0.000261865994666393,5.826311706126103e-8,2.999655765476501e-6,-3.154300712025044e-7,4.552577577295092e-6,2.681887251703965e-7,7.342478164643132e-7,0.003927020453651455,5.936181470603564,2.768756658984217,0.383474920817774,0.319831845953199,0.12404793934820836,25.0,25.0,25.0,25.0,25.0,25.0,24.0,9.536,0.0,0.0,1.0,1781028057094392385
1781028057210345134,0.0003963088288427857,57.26157219922877,103.1320142794546,-0.0011222725285526705,-0.01453539667091922,-0.0002617895198855111,5.8301978199628905e-8,2.999238212704801e-6,-3.152282946967662e-7,4.552843865642143e-6,2.6774450291132324e-7,7.340752269514592e-7,0.0039094943809536,5.936181022375785,2.768753536227688,0.3834777323937956,0.3198321983375665,0.12404872966158872,25.0,25.0,25.0,25.0,25.0,25.0,24.0,9.536,0.0,0.0,1.0,1781028057206304356
1781028057310625773,0.000396314904035992,57.26157251162677,103.13201424662935,-0.0011217982600590138,-0.014535368805022502,-0.00026171306302384895,5.834099632818802e-8,2.998814654763604e-6,-3.150278176615419e-7,4.553111513590129e-6,2.673007370303985e-7,7.339008347404345e-7,0.003891967829191443,5.9361805740672215,2.7687504133558445,0.38348054404275905,0.3198325507271677,0.12404951999515602,25.0,25.0,25.0,25.0,25.0,25.0,24.0,9.536,0.0,0.0,1.0,1781028057300707310
1781028057411269236,0.00039632098321103096,57.26157282398074,103.13201421382529,-0.0011213239649482006,-0.014535340985638918,-0.00026163662414078115,5.837848680900074e-8,2.9983923641088287e-6,-3.148224502722962e-7,4.5533578581914e-6,2.668519582823651e-7,7.337296569695003e-7,0.0038744407968368394,5.936180125678949,2.7687472903686747,0.3834833557637827,0.3198329031242077,0.1240503103486689,25.0,25.0,25.0,25.0,25.0,25.0,24.0,9.536,0.0,0.0,1.0,1781028057406553226
1781028057510855848,0.00039632706634669775,57.26157313629024,103.13201418104238,-0.0011208496436666043,-0.014535313212872237,-0.0002615602032997944,5.8416275879914234e-8,2.997964438244176e-6,-3.146179967549876e-7,4.5536038111379565e-6,2.6640346100798557e-7,7.335567115047448e-7,0.003856913306756822,5.936179677205675,2.768744167264058,0.3834861675588336,0.31983325552874314,0.12405110072289692,25.0,25.0,25.0,25.0,25.0,25.0,24.0,9.536,0.0,0.0,1.0,1781028057503687679
1781028057611002341,0.00039633193568986135,57.26157338610548,103.13201415483134,-0.00112047016806376,-0.014535291028294452,-0.00026149907966052714,5.8446560848262216e-8,2.997617016124514e-6,-3.144555287063098e-7,4.553801935964304e-6,2.660444724603395e-7,7.334171824632058e-7,0.003842890957282896,5.936179318370613,2.768741668698222,0.3834884170463207,0.31983353745642495,0.12405173303640088,25.0,25.0,25.0,25.0,25.0,25.0,24.0,9.536,0.0,0.0,1.0,1781028057584549694
1781028057710973130,0.00039633989274799223,57.26157399852017,103.13201412525774,-0.001119854412131006,-0.014535169690154169,-0.00026140859463497,6.458928667989764e-8,7.662755996992191e-6,-9.548456276368133e-8,5.334833814595961e-6,1.96474903981473e-6,7.298034793548699e-7,0.0038218289161431386,5.936179050968812,2.768738174408159,0.38349178057771327,0.31983383464393467,0.1240526780706155,25.0,25.0,25.0,25.0,25.0,25.0,24.0,9.536,0.0,0.0,1.0,1781028057704809852
1781028057810816818,0.0003963452733262525,57.26157467175565,103.13201411830173,-0.0011193995950078848,-0.014534992470242206,-0.0002613481363967465,6.455609285513066e-8,8.245159400674092e-6,-8.319135294133348e-8,5.527716979751925e-6,2.196646737492657e-6,7.216797997332343e-7,0.0038078209617798753,5.9361784602119085,2.768735505025922,0.38349404886668514,0.3198342173617919,0.1240533190828322,25.0,25.0,25.0,25.0,25.0,25.0,24.0,9.536,0.0,0.0,1.0,1781028057789351607
1781028057910603404,0.0003963520110402826,57.26157553463611,103.13201410948598,-0.0011188209157178232,-0.014534761747678067,-0.00026127317646227905,6.485239612155919e-8,8.297905633994086e-6,-8.488824235501826e-8,5.567132949446598e-6,2.2215981682726143e-6,7.186294044257576e-7,0.003790292393956794,5.936178001461124,2.76873241187593,0.3834968693188574,0.31983456935514387,0.12405411470233808,25.0,25.0,25.0,25.0,25.0,25.0,24.0,9.536,0.0,0.0,1.0,1781028057889156462
1781028058010835994,0.0003963587861625083,57.26157639932631,103.1320141006994,-0.001118240755423642,-0.014534530235397553,-0.00026119834852315584,6.520343906977554e-8,8.302726191150026e-6,-8.38711886990921e-8,5.570601399447937e-6,2.2228221107608885e-6,7.181820364377567e-7,0.0037727628422682177,5.936177563030953,2.768729337297681,0.3834996893071847,0.3198349116317369,0.12405491011625426,25.0,25.0,25.0,25.0,25.0,25.0,24.0,9.536,0.0,0.0,1.0,1781028057997433439
1781028058111050244,0.0003963669581799801,57.26157743730586,103.13201409026908,-0.0011175443713752956,-0.014534252378290057,-0.00026110859187900275,6.552926325704609e-8,8.30467811331386e-6,-8.3135305136075e-8,5.5715029440608725e-6,2.2228864703715834e-6,7.179301561323117e-7,0.003751726778189288,5.936177037849393,2.7687256487295913,0.3835030734261543,0.3198353218187341,0.12405586464994137,25.0,25.0,25.0,25.0,25.0,25.0,24.0,9.536,0.0,0.0,1.0,1781028058105951902
1781028058210548897,0.0003963724275832697,57.26157812940442,103.1320140833546,-0.0011170800521716358,-0.014534067135250562,-0.00026104877191616315,6.572562245040991e-8,8.305619196738209e-6,-8.284077591215313e-8,5.572142400327642e-6,2.2229484960829445e-6,7.177551561736614e-7,0.003737702341844555,5.9361766876790725,2.7687231896340943,0.38350532957236266,0.3198355952668978,0.1240565010250696,25.0,25.0,25.0,25.0,25.0,25.0,24.0,9.536,0.0,0.0,1.0,1781028058190740548
1781028058310799689,0.00039638066153033094,57.26157916769241,103.13201407302424,-0.0011163834708534008,-0.014533789259851658,-0.0002609590694013502,6.600550217729819e-8,8.306940253121674e-6,-8.2460410731476e-8,5.573117506516392e-6,2.223053484999495e-6,7.174964253517785e-7,0.003716665111664433,5.936176162345085,2.7687195008871797,0.38350871388501345,0.3198360054420428,0.12405745561494262,25.0,25.0,25.0,25.0,25.0,25.0,24.0,9.536,0.0,0.0,1.0,1781028058306762189
1781028058410992513,0.0003963861701601,57.26157985997424,103.13201406616253,-0.0011159190129728554,-0.014533604001619986,-0.0002608992861643208,6.618973860884338e-8,8.307791030805752e-6,-8.22258268779663e-8,5.573807981848044e-6,2.2231336398958353e-6,7.17316773395512e-7,0.0037026398832702262,5.936175812052908,2.768717041649899,0.38351097015716434,0.3198362788941942,0.12405809202650137,25.0,25.0,25.0,25.0,25.0,25.0,24.0,9.536,0.0,0.0,1.0,1781028058395180395
1781028058510214775,0.0003963944613872176,57.261580898530205,103.13201405590682,-0.0011152222203232758,-0.0145333261021563,-0.0002608096388528734,6.64590008335362e-8,8.309064541227925e-6,-8.187373913151415e-8,5.5748277817063885e-6,2.223250814052381e-6,7.170519516572783e-7,0.00368160145441928,5.936175286525487,2.768713352687232,0.3835143546599253,0.319836689074952,0.12405904667123437,25.0,25.0,25.0,25.0,25.0,25.0,24.0,9.536,0.0,0.0,1.0,1781028058509402608
1781028058610866104,0.0003964000073639315,57.26158159098924,103.13201404909422,-0.001114757621467657,-0.014533140827798972,-0.0002607498922564467,6.663403212484319e-8,8.309914774037796e-6,-8.163678508125033e-8,5.575495699299507e-6,2.223326227374541e-6,7.168786292156485e-7,0.0036675754438926815,5.9361749361148295,2.768710893308767,0.3835166110579424,0.3198369625303608,0.12405968311925178,25.0,25.0,25.0,25.0,25.0,25.0,24.0,9.536,0.0,0.0,1.0,1781028058603312372
1781028058711102627,0.00039640696021969214,57.26158245666217,103.13201404060602,-0.0011141767939151243,-0.014532909225858044,-0.00026067522946888886,6.684941989664993e-8,8.310972348572248e-6,-8.134170070338927e-8,5.5763318936230265e-6,2.2234209689620545e-6,7.166618349673861e-7,0.003650042496895188,5.936174498031673,2.768707819003708,0.3835194316268328,0.31983730435176094,0.12406047869998504,25.0,25.0,25.0,25.0,25.0,25.0,24.0,9.536,0.0,0.0,1.0,1781028058697370415
1781028058810359613,0.0003964139353006784,57.26158332244488,103.13201403214842,-0.0011135958788722564,-0.014532677613997088,-0.00026060058930329344,6.7062261286561e-8,8.312016992851277e-6,-8.105319691995352e-8,5.577192225488566e-6,2.2235206993233538e-6,7.164404467153813e-7,0.0036325090392144536,5.936174059865189,2.7687047446068123,0.3835222522749019,0.3198376461758423,0.1240612743034524,25.0,25.0,25.0,25.0,25.0,25.0,24.0,9.536,0.0,0.0,1.0,1781028058799816328
1781028058911253245,0.0003964209321535108,57.26158418833708,103.13201402372148,-0.0011130148767906575,-0.01453244599232456,-0.00026052597161493033,6.726886323264375e-8,8.31306922167369e-6,-8.075732216066533e-8,5.578020762690752e-6,2.2236134101534925e-6,7.162263775113935e-7,0.003614975098892273,5.936173621628861,2.7687016701228373,0.38352507300163136,0.31983798800190827,0.12406206992974926,25.0,25.0,25.0,25.0,25.0,25.0,24.0,9.536,0.0,0.0,1.0,1781028058896521615
1781028059014227323,0.000396427950346511,57.26158505433846,103.1320140153252,-0.0011124337879552144,-0.014532214360911013,-0.0002604513762980325,6.747114831187089e-8,8.314118145798843e-6,-8.046112568120495e-8,5.578843892259668e-6,2.223704438603763e-6,7.160139755229543e-7,0.003597440673722234,5.936173183319142,2.7686985955494374,0.3835278938067543,0.3198383298305262,0.12406286557877164,25.0,25.0,25.0,25.0,25.0,25.0,24.0,9.536,0.0,0.0,1.0,1781028059003000428
1781028059110487822,0.0003964349894582427,57.261585920448645,103.13201400695957,-0.0011118526126826609,-0.01453198271983073,-0.00026037680324860764,6.767047318611457e-8,8.315158447980313e-6,-8.01689443658887e-8,5.579680551219054e-6,2.223798615278253e-6,7.157990615423669e-7,0.00357990572809052,5.936172744923973,2.768695520883671,0.3835307146911872,0.319838671661293,0.12406366125043228,25.0,25.0,25.0,25.0,25.0,25.0,24.0,9.536,0.0,0.0,1.0,1781028059099596504
1781028059211563745,0.00039644204906429326,57.26158678666737,103.13201399862456,-0.0011112713513993968,-0.01453175106918577,-0.00026030225233545073,6.7865191582878e-8,8.316199977904033e-6,-7.98732854646192e-8,5.580500487967266e-6,2.2238893447575485e-6,7.1558780025373e-7,0.00356237031461106,5.936172306458036,2.768692446126747,0.38353353565427967,0.31983901349476385,0.12406445694503646,25.0,25.0,25.0,25.0,25.0,25.0,24.0,9.536,0.0,0.0,1.0,1781028059205723140
1781028059310824132,0.0003964491287622365,57.261587652994265,103.13201399032027,-0.001110690004409495,-0.014531519409043524,-0.0002602277234633789,6.805623667193515e-8,8.317236711629913e-6,-7.957881782473087e-8,5.58132200974366e-6,2.2239800322202876e-6,7.153766469436043e-7,0.003544834402988153,5.936171867914592,2.7686893712806597,0.3835363566962521,0.3198393553304845,0.12406525266235588,25.0,25.0,25.0,25.0,25.0,25.0,24.0,9.536,0.0,0.0,1.0,1781028059302919373
1781028059410500804,0.00039645480671745935,57.26158834613348,103.13201398369895,-0.0011102248653865345,-0.014531334074151933,-0.0002601681161581119,6.820673196550927e-8,8.318062685494686e-6,-7.934490222684179e-8,5.581982578328961e-6,2.2240537279885645e-6,7.152071338762328e-7,0.003530805312639961,5.936171517020182,2.7686869113365504,0.3835386135872515,0.31983962880094313,0.12406588925271556,25.0,25.0,25.0,25.0,25.0,25.0,24.0,9.536,0.0,0.0,1.0,1781028059384165574
1781028059510883478,0.0003964633468473429,57.26158938597142,103.1320139738038,-0.0011095270548914869,-0.014531056060613327,-0.0002600787314022053,6.84266734964812e-8,8.319304567802442e-6,-7.898777226575329e-8,5.58294829298967e-6,2.224158349647724e-6,7.149585666519459e-7,0.0035097610898393583,5.9361709905940065,2.768683221312168,0.383541999017684,0.3198400390096462,0.12406684416542732,25.0,25.0,25.0,25.0,25.0,25.0,24.0,9.536,0.0,0.0,1.0,1781028059508744880
1781028059610893427,0.000396469055451284,57.26159007928251,103.1320139672316,-0.0011090617801410782,-0.01453087071083101,-0.00026001915897096416,6.857166078994147e-8,8.320124220727691e-6,-7.875422259549463e-8,5.5836040043539275e-6,2.224230955473068e-6,7.147901164698853e-7,0.0034957312306986435,5.936170639577935,2.76868076122147,0.38354425603479125,0.3198403124840937,0.12406748079232476,25.0,25.0,25.0,25.0,25.0,25.0,24.0,9.536,0.0,0.0,1.0,1781028059584170656
1781028059710586187,0.0003964776406452896,57.26159111937754,103.13201395741018,-0.0011083637670496996,-0.014530592675164817,-0.00025992982627037265,6.87823467763379e-8,8.321362053561731e-6,-7.839549520081734e-8,5.584553577038047e-6,2.2243321546348635e-6,7.145455397511258e-7,0.0034746858240276173,5.936170112969859,2.7686770709770534,0.3835476416538025,0.3198407226992787,0.12406843575941968,25.0,25.0,25.0,25.0,25.0,25.0,24.0,9.536,0.0,0.0,1.0,1781028059706482929
1781028059810566050,0.00039648337870678386,57.261591812859535,103.1320139508871,-0.0011078983577936209,-0.01453040731074313,-0.0002598702884010961,6.892343260388361e-8,8.322168324864763e-6,-7.81672519923326e-8,5.5852285818329745e-6,2.224409263088229e-6,7.143731069531927e-7,0.003460655162113059,5.936169761821528,2.7686746107375653,0.3835498987980727,0.31984099617790845,0.12406907242282768,25.0,25.0,25.0,25.0,25.0,25.0,24.0,9.536,0.0,0.0,1.0,1781028059788111553
1781028059911161749,0.0003964920072251178,57.26159285321017,103.13201394113948,-0.001107200143857778,-0.014530129253305765,-0.0002597810073229494,6.912633766453485e-8,8.323396180560836e-6,-7.780992774058533e-8,5.586175732805411e-6,2.2245096843671833e-6,7.141293643675114e-7,0.0034396085568855574,5.936169235028016,2.768670920272191,0.38355328460662624,0.3198414063988461,0.12407002744443626,25.0,25.0,25.0,25.0,25.0,25.0,24.0,9.536,0.0,0.0,1.0,1781028059908313340
1781028060011545419,0.0003964977736022524,57.261593546862095,103.13201393466566,-0.0011067346014024936,-0.014529943874510143,-0.0002597215037084389,6.925926569545372e-8,8.324210919389332e-6,-7.75724098890552e-8,5.586806395455417e-6,2.2245768140934703e-6,7.13966793829031e-7,0.0034255771143359894,5.936168883768492,2.768668459887594,0.38355554187613417,0.31984167988198803,0.12407066414406952,25.0,25.0,25.0,25.0,25.0,25.0,24.0,9.536,0.0,0.0,1.0,1781028059993338789
1781028060110218360,0.0003965064437778414,57.261594587466874,103.13201392499184,-0.0011060361884960965,-0.014529665795662837,-0.00025963227382745483,6.945542982204446e-8,8.325427312985593e-6,-7.721745171820997e-8,5.587756924090733e-6,2.2246785110877824e-6,7.13722063310341e-7,0.003404529336007529,5.936168356785321,2.768664769198141,0.3835589278745822,0.31984209011022524,0.12407161922046608,25.0,25.0,25.0,25.0,25.0,25.0,24.0,9.536,0.0,0.0,1.0,1781028060108901478
1781028060211543310,0.0003965122373850682,57.26159528128777,103.1320139185673,-0.0011055705140825644,-0.0145294804027239,-0.0002595728041973393,6.958290614307646e-8,8.326240199605919e-6,-7.697831689550894e-8,5.588377297981404e-6,2.2247438458553e-6,7.135617285697962e-7,0.003390497091599466,5.936168005401883,2.7686623086643984,0.38356118527042976,0.31984236359748053,0.12407225595638573,25.0,25.0,25.0,25.0,25.0,25.0,24.0,9.536,0.0,0.0,1.0,1781028060192783991
1781028060310368227,0.0003965209476298849,57.261596322145195,103.1320139089674,-0.001104871904074794,-0.014529202302815665,-0.00025948362512453837,6.977341309719036e-8,8.327440665169143e-6,-7.663007614971956e-8,5.589343118791185e-6,2.2248494608286313e-6,7.133133654003e-7,0.003369448126184977,5.9361674782251805,2.768658617751251,0.38356457146013906,0.3198427738317019,0.12407321108781497,25.0,25.0,25.0,25.0,25.0,25.0,24.0,9.536,0.0,0.0,1.0,1781028060308674845
1781028060411020978,0.0003965267674347136,57.26159701613406,103.1320139025921,-0.0011044060989169112,-0.014529016895958443,-0.00025942418923505776,6.989590466904975e-8,8.328248829169133e-6,-7.639035387930655e-8,5.589956373396513e-6,2.224913164201054e-6,7.131546137303752e-7,0.003355415078751006,5.936167126719662,2.7686561570674,0.38356682898155153,0.3198430473235999,0.12407384785979338,25.0,25.0,25.0,25.0,25.0,25.0,24.0,9.536,0.0,0.0,1.0,1781028060390680818
1781028060510218178,0.00039653551622114347,57.26159805724276,103.13201389306614,-0.0011037072938093525,-0.014528738775350172,-0.0002593350605801176,7.00783775544623e-8,8.329446819525469e-6,-7.60384200135409e-8,5.590901578554747e-6,2.225014626965296e-6,7.12910543339459e-7,0.0033343649232835007,5.936166599359432,2.768652465929828,0.3835702153604152,0.3198434575648429,0.12407480304565044,25.0,25.0,25.0,25.0,25.0,25.0,24.0,9.536,0.0,0.0,1.0,1781028060509547916
1781028060611554472,0.0003965413612318674,57.26159875139864,103.1320138867402,-0.001103241359216594,-0.014528553354804227,-0.00025927565818857737,7.01967517926822e-8,8.330248795276447e-6,-7.580062315278214e-8,5.591514158560234e-6,2.2250788604576016e-6,7.127514049390107e-7,0.003320331099643738,5.936166247726551,2.7686500050967373,0.38357247300985087,0.3198437310612699,0.1240754398545845,25.0,25.0,25.0,25.0,25.0,25.0,24.0,9.536,0.0,0.0,1.0,1781028060592621082
1781028060710448449,0.0003965501471041188,57.26159979275718,103.13201387728826,-0.0011025423609894518,-0.01452827521384636,-0.0002591865795947797,7.037080826572136e-8,8.331447361099447e-6,-7.544261402146405e-8,5.592426129384725e-6,2.2251734145077e-6,7.125140423806253e-7,0.0032992797712595658,5.936165720190466,2.7686463137350623,0.3835758595774023,0.31984414130873623,0.1240763950948584,25.0,25.0,25.0,25.0,25.0,25.0,24.0,9.536,0.0,0.0,1.0,1781028060710287188
1781028060810360824,0.00039655601637455455,57.26160048707913,103.13201387101164,-0.001102076298259476,-0.01452808977983297,-0.00025912721047798536,7.048519918533383e-8,8.33224152525011e-6,-7.520619324213116e-8,5.593040242691285e-6,2.2252379008839985e-6,7.123544133074026e-7,0.003285245150286139,5.936165368431609,2.768643852751517,0.38357811735322345,0.31984441481056913,0.12407703194011543,25.0,25.0,25.0,25.0,25.0,25.0,24.0,9.536,0.0,0.0,1.0,1781028060795012803
1781028060910317595,0.0003965633662290057,57.26160135507461,103.13201386319366,-0.0011014936483699036,-0.014527857979840162,-0.00025905301769979863,7.062548350378177e-8,8.333233618880612e-6,-7.490928325034279e-8,5.593800780215982e-6,2.2253173807914698e-6,7.121562587223695e-7,0.0032677014101421516,5.936164928664562,2.76864077643655,0.383580939643804,0.31984475668931717,0.12407782801688531,25.0,25.0,25.0,25.0,25.0,25.0,24.0,9.536,0.0,0.0,1.0,1781028060893295881
1781028061010400197,0.00039657073057010377,57.26160222317318,103.13201385540656,-0.0011009109193725118,-0.014527626171589808,-0.00025897884556475877,7.076399475306911e-8,8.334218566986972e-6,-7.461533433089128e-8,5.594566740799949e-6,2.2253983025540204e-6,7.119563909407975e-7,0.0032501571930256858,5.936164488817118,2.768637700027829,0.3835837620144847,0.31984509857163784,0.1240786241168381,25.0,25.0,25.0,25.0,25.0,25.0,24.0,9.536,0.0,0.0,1.0,1781028060995427535
1781028061110820775,0.0003965781091217067,57.26160309137455,103.13201384765036,-0.0011003281118011669,-0.014527394355173398,-0.00025890469398891447,7.089861866568333e-8,8.335207612493758e-6,-7.431599087718706e-8,5.5953106698089835e-6,2.2254744243377473e-6,7.117611296409765e-7,0.003232612479505306,5.936164048900125,2.768634623524489,0.3835865844630584,0.31984544045638275,0.12407942023919276,25.0,25.0,25.0,25.0,25.0,25.0,24.0,9.536,0.0,0.0,1.0,1781028061092747069
1781028061210528831,0.0003965855016233447,57.26160395967844,103.13201383992508,-0.0010997452259754298,-0.01452716253063636,-0.0002588305629316909,7.103151831698488e-8,8.336188426831605e-6,-7.402088510978519e-8,5.596062060616721e-6,2.2255524566226664e-6,7.11563933217842e-7,0.003215067265055667,5.9361636089021985,2.768631546926573,0.383589406991352,0.3198457823441294,0.12408021638441907,25.0,25.0,25.0,25.0,25.0,25.0,24.0,9.536,0.0,0.0,1.0,1781028061197330752
1781028061310866498,0.0003965929078129943,57.26160482808456,103.13201383223064,-0.00109916226237164,-0.014526930698051345,-0.0002587564523256416,7.11628426432799e-8,8.337163217448143e-6,-7.37278130619214e-8,5.596822967332689e-6,2.225633103589486e-6,7.11364384169625e-7,0.003197521539239818,5.936163168817498,2.7686284702308304,0.3835922295995281,0.3198461242360431,0.12408101255247056,25.0,25.0,25.0,25.0,25.0,25.0,24.0,9.536,0.0,0.0,1.0,1781028061293981029
1781028061411125883,0.0003966003274321483,57.26160569659262,103.1320138245672,-0.0010985792215004917,-0.014526698857508147,-0.0002586823620959703,7.128907133893595e-8,8.338148928565764e-6,-7.342499743953438e-8,5.597542065504398e-6,2.225704537465457e-6,7.111736484496896e-7,0.003179975331481131,5.936162728669286,2.7686253934451885,0.3835950522862924,0.31984646612919965,0.1240818087432324,25.0,25.0,25.0,25.0,25.0,25.0,24.0,9.535,0.0,0.0,1.0,1781028061398628061
1781028061510487490,0.000396607760241868,57.26160656520235,103.13201381693464,-0.001097996103713651,-0.014526467009043347,-0.00025860829221056045,7.141392245995157e-8,8.339126111374659e-6,-7.312595596691786e-8,5.5982691735093846e-6,2.2257782094875077e-6,7.109805710634529e-7,0.0031624286299820567,5.936162288438985,2.768622316561622,0.38359787505263615,0.31984680802661614,0.1240826049569039,25.0,25.0,25.0,25.0,25.0,25.0,24.0,9.535,0.0,0.0,1.0,1781028061501225715
1781028061611193165,0.00039661520599915866,57.261607433913404,103.13201380933305,-0.0010974129094005766,-0.014526235152721749,-0.0002585342426221327,7.1538855107529e-8,8.340088504010452e-6,-7.283549714093534e-8,5.5990269739559576e-6,2.2258590141787014e-6,7.107805372085505e-7,0.0031448814085534337,5.936161848121254,2.768619239579988,0.3836006978986769,0.319847149926657,0.12408340119322638,25.0,25.0,25.0,25.0,25.0,25.0,24.0,9.535,0.0,0.0,1.0,1781028061599711692
1781028061711085131,0.00039662266445685977,57.261608302725584,103.13201380176244,-0.0010968296391709485,-0.014526003288639852,-0.0002584602132435519,7.165868485640305e-8,8.341063657441814e-6,-7.253422732209045e-8,5.599739255107609e-6,2.225929996011738e-6,7.105899047805449e-7,0.0031273337100184355,5.93616140773473,2.768616162506013,0.3836035208241128,0.3198474918307347,0.12408419745258494,25.0,25.0,25.0,25.0,25.0,25.0,24.0,9.535,0.0,0.0,1.0,1781028061700182958
1781028061811416334,0.0003966301353962162,57.261609171638526,103.13201379422274,-0.0010962462932837718,-0.014525771416821483,-0.0002583862040661087,7.177878030893939e-8,8.34202203610132e-6,-7.224196810745021e-8,5.600481777427815e-6,2.2260077311155206e-6,7.103921937850505e-7,0.0031097855094380984,5.936160967266146,2.768613085334541,0.3836063438287338,0.3198478337374852,0.1240849937346112,25.0,25.0,25.0,25.0,25.0,25.0,24.0,9.535,0.0,0.0,1.0,1781028061800934041
1781028061911303062,0.0003966376185765785,57.261610040652016,103.13201378671404,-0.0010956628723564083,-0.014525539537370496,-0.00025831221500220144,7.18954496673517e-8,8.342986345964176e-6,-7.194465779673093e-8,5.601201572171282e-6,2.2260814688945298e-6,7.10198901073476e-7,0.003092236804888278,5.936160526717531,2.7686100080677094,0.383609166913734,0.31984817564670137,0.12408579003964558,25.0,25.0,25.0,25.0,25.0,25.0,24.0,9.535,0.0,0.0,1.0,1781028061899880766
1781028062010326559,0.0003966451137817054,57.26161090976575,103.13201377923636,-0.0010950793767616918,-0.014525307650334303,-0.00025823824602119126,7.200947256200019e-8,8.343948577907027e-6,-7.164580101545377e-8,5.601909914245562e-6,2.226152457404712e-6,7.10007662249736e-7,0.0030746876100092415,5.936160086098169,2.7686069307063517,0.3836119900775023,0.31984851755953253,0.12408658636740884,25.0,25.0,25.0,25.0,25.0,25.0,24.0,9.535,0.0,0.0,1.0,1781028062010035615
1781028062111209247,0.0003966526207930981,57.26161177897943,103.13201377178969,-0.0010944958069923933,-0.01452507575578182,-0.00025816429707079517,7.212113215232584e-8,8.344910369579692e-6,-7.134612479136288e-8,5.6026122560593956e-6,2.226222517357158e-6,7.09817380723259e-7,0.003057137921031179,5.936159645397798,2.7686038532491315,0.38361481332110303,0.31984885947614555,0.12408738271811064,25.0,25.0,25.0,25.0,25.0,25.0,24.0,9.535,0.0,0.0,1.0,1781028062101485161
1781028062210907903,0.0003966601393992825,57.26161264829278,103.132013764374,-0.0010939121634812698,-0.01452484385377078,-0.00025809036811181863,7.223100046916376e-8,8.345869034458252e-6,-7.10463267959389e-8,5.603310679808405e-6,2.226292383385066e-6,7.096272039920208e-7,0.003039587724615203,5.93615920462092,2.768600775694672,0.38361763664441134,0.319849201395004,0.12408817909162856,25.0,25.0,25.0,25.0,25.0,25.0,24.0,9.535,0.0,0.0,1.0,1781028062204727165
1781028062310912897,0.0003966676693930406,57.26161351770553,103.13201375698932,-0.0010933284466707962,-0.0145246119443651,-0.0002580164591035049,7.233918518857753e-8,8.346822334977839e-6,-7.074778200875056e-8,5.604009898812561e-6,2.226362166531804e-6,7.094365194381718e-7,0.003022037018053545,5.936158763766848,2.768597698044116,0.3836204600461417,0.31984954331751964,0.1240889754875576,25.0,25.0,25.0,25.0,25.0,25.0,24.0,9.535,0.0,0.0,1.0,1781028062302138731
1781028062410787948,0.00039667521056975535,57.26161438721739,103.13201374963568,-0.0010927446570522443,-0.014524380027627144,-0.0002579425699995851,7.244575762767267e-8,8.347772581722131e-6,-7.045009450393039e-8,5.604708192401098e-6,2.2264328127266353e-6,7.092452021480667e-7,0.0030044858196110673,5.936158322828777,2.7685946202964096,0.3836232835294737,0.31984988524340474,0.12408977190696709,25.0,25.0,25.0,25.0,25.0,25.0,24.0,9.535,0.0,0.0,1.0,1781028062404820604
1781028062510544152,0.0003966827627316819,57.26161525682808,103.13201374231308,-0.0010921607950363438,-0.014524148103613674,-0.00025786870076834826,7.25520728207719e-8,8.348711390830909e-6,-7.015813765901734e-8,5.605424264069643e-6,2.226507662864266e-6,7.090494335183257e-7,0.0029869341173961424,5.9361578818069285,2.768591542449575,0.3836261070923747,0.31985022717319705,0.12409056834915384,25.0,25.0,25.0,25.0,25.0,25.0,24.0,9.535,0.0,0.0,1.0,1781028062502732535
1781028062611232681,0.0003966903256779191,57.26161612653735,103.13201373502152,-0.001091576861200366,-0.014523916172406491,-0.0002577948513487035,7.265464046009146e-8,8.349655916834338e-6,-6.985972876230899e-8,5.606111205203642e-6,2.226576235531183e-6,7.088595408899792e-7,0.002969381917846355,5.936157440717306,2.7685884645080256,0.3836289307341263,0.319850569105737,0.12409136481402636,25.0,25.0,25.0,25.0,25.0,25.0,24.0,9.535,0.0,0.0,1.0,1781028062606875906
1781028062711234005,0.000396697899219582,57.26161699634492,103.13201372776106,-0.0010909928559806644,-0.014523684234062308,-0.0002577210217097645,7.275488363574864e-8,8.35060161186652e-6,-6.95592209087783e-8,5.6067851473726105e-6,2.22664248802539e-6,7.086717387510823e-7,0.002951829231032889,5.936156999548279,2.768585386471538,0.3836317544568068,0.31985091104166624,0.1240921613022207,25.0,25.0,25.0,25.0,25.0,25.0,24.0,9.535,0.0,0.0,1.0,1781028062703387885
1781028062811064880,0.00039670548316984416,57.26161786625049,103.13201372053166,-0.001090408779833432,-0.014523452288640234,-0.00025764721181601336,7.285383190323303e-8,8.351542196592552e-6,-6.926094922920464e-8,5.607463837171703e-6,2.2267101861407156e-6,7.08482510348502e-7,0.0029342760208342583,5.936156558298825,2.768582308337319,0.3836345782584786,0.3198512529799006,0.1240929578128414,25.0,25.0,25.0,25.0,25.0,25.0,24.0,9.535,0.0,0.0,1.0,1781028062807900442
1781028062910709002,0.0003967130773496557,57.261618736253794,103.13201371333336,-0.0010898246332267,-0.014523220336196038,-0.0002575734216376288,7.295050877324325e-8,8.352482159909753e-6,-6.895989605381082e-8,5.608126617980708e-6,2.2267745744532764e-6,7.082957875447357e-7,0.0029167223270343376,5.936156116976675,2.7685792301055705,0.3836374021398126,0.3198515949228692,0.12409375434652462,25.0,25.0,25.0,25.0,25.0,25.0,24.0,9.535,0.0,0.0,1.0,1781028062905493569
1781028063011155277,0.0003967206815732448,57.26161960635455,103.1320137061661,-0.0010892404166537742,-0.014522988376801185,-0.0002574996511299486,7.304648293324153e-8,8.353414005936587e-6,-6.866298714369058e-8,5.608803078600774e-6,2.226842497816089e-6,7.081057121016625e-7,0.002899168119493401,5.93615567556942,2.7685761517778924,0.3836402261024389,0.31985193686786695,0.12409455090337083,25.0,25.0,25.0,25.0,25.0,25.0,24.0,9.535,0.0,0.0,1.0,1781028063006706732
1781028063111556922,0.0003967282956680779,57.26162047655251,103.13201369902995,-0.001088656130614225,-0.014522756410512669,-0.00025742590025991564,7.314033480290237e-8,8.354347065485771e-6,-6.836375452311546e-8,5.609465196114652e-6,2.226908001557175e-6,7.079178020331739e-7,0.0028816134188630344,5.9361552340862005,2.768573073350309,0.3836430501440428,0.31985227881727124,0.12409534748294916,25.0,25.0,25.0,25.0,25.0,25.0,24.0,9.535,0.0,0.0,1.0,1781028063104718955
1781028063210204680,0.0003967359194674419,57.26162134684736,103.13201369192493,-0.00108807177550538,-0.014522524437377544,-0.0002573521690116494,7.323488327305263e-8,8.355264620324158e-6,-6.807261817647735e-8,5.610155905890689e-6,2.226980000718503e-6,7.077230373914094e-7,0.002864058198507982,5.936154792514155,2.768569994824271,0.3836458742673422,0.3198526207705188,0.12409614408581818,25.0,25.0,25.0,25.0,25.0,25.0,24.0,9.535,0.0,0.0,1.0,1781028063207993319
1781028063311063557,0.000396743552786538,57.261622217238894,103.13201368485106,-0.0010874873520389588,-0.014522292457508012,-0.00025727845730330026,7.33227215151615e-8,8.356206265402356e-6,-6.77642348915927e-8,5.610771672876028e-6,2.227036007214987e-6,7.075440121550568e-7,0.0028465024972350837,5.9361543508844425,2.7685669162047044,0.383648698468055,0.31985296272651303,0.1240969407110799,25.0,25.0,25.0,25.0,25.0,25.0,24.0,9.535,0.0,0.0,1.0,1781028063305201483
1781028063410889982,0.0003967496662013122,57.26162291362149,103.13201367921434,-0.0010870197641650846,-0.01452210686875521,-0.0002572195020318847,7.339520558295546e-8,8.356939696013435e-6,-6.752867650226805e-8,5.61130631867664e-6,2.227090281229714e-6,7.07390969791994e-7,0.0028324575592938105,5.9361539975120845,2.7685644532362232,0.3836509578875392,0.31985323629382334,0.12409757802803636,25.0,25.0,25.0,25.0,25.0,25.0,24.0,9.535,0.0,0.0,1.0,1781028063386047973
1781028063510349865,0.00039675884737209224,57.26162395831077,103.13201367079664,-0.0010863183013953234,-0.014521828477668888,-0.00025713109251436343,7.349953232370674e-8,8.358051225066734e-6,-6.716623317416205e-8,5.61207057821944e-6,2.2271640461835968e-6,7.071690865021053e-7,0.0028113895468558385,5.936153467364559,2.7685607586696177,0.3836543471134799,0.31985364664837307,0.12409853403120052,25.0,25.0,25.0,25.0,25.0,25.0,24.0,9.535,0.0,0.0,1.0,1781028063507583564
1781028063612874845,0.0003967649754132407,57.26162465484694,103.13201366520974,-0.0010858506057825855,-0.01452164287831576,-0.0002570721684449471,7.356977215298173e-8,8.358778937728089e-6,-6.693156113655132e-8,5.61259909267121e-6,2.2272175913197854e-6,7.070161034805365e-7,0.0027973438122549,5.936153113869571,2.768558295544185,0.38365660666090834,0.31985392022110876,0.12409917138490684,25.0,25.0,25.0,25.0,25.0,25.0,24.0,9.535,0.0,0.0,1.0,1781028063589569695
1781028063710869327,0.0003967726434717289,57.26162552560324,103.1320136582542,-0.001085265926492269,-0.014521410873280152,-0.00025699853083037123,7.365261109425912e-8,8.359707565124436e-6,-6.66248095581393e-8,5.6132087419528e-6,2.2272742136329223e-6,7.068356218642351e-7,0.0027797861899889046,5.936152671934336,2.768555216552987,0.3836594311680807,0.31985426219042423,0.12409996809795704,25.0,25.0,25.0,25.0,25.0,25.0,24.0,9.535,0.0,0.0,1.0,1781028063695078374
1781028063810484348,0.0003967803203103672,57.26162639645483,103.13201365132976,-0.0010846811809171113,-0.01452117886173535,-0.00025692491267847306,7.373767457884334e-8,8.36061334075643e-6,-6.633163938441747e-8,5.613863341223611e-6,2.227340998398314e-6,7.066443936708158e-7,0.0027622280531382,5.936152229909512,2.7685521374603974,0.38366225575627305,0.3198546041630016,0.12410076483411075,25.0,25.0,25.0,25.0,25.0,25.0,24.0,9.535,0.0,0.0,1.0,1781028063804447884
1781028063910342952,0.00039678800576416586,57.26162726740152,103.13201364443653,-0.0010840963697814582,-0.014520946843789509,-0.000256851313913548,7.38197627197493e-8,8.361524821028116e-6,-6.603182621011467e-8,5.614489520993998e-6,2.2274020602777543e-6,7.064584174199517e-7,0.002744669433664517,5.936151787813477,2.768549058271013,0.38366508042452263,0.3198549461395444,0.124101561593421,25.0,25.0,25.0,25.0,25.0,25.0,24.0,9.535,0.0,0.0,1.0,1781028063898203561
1781028064010726868,0.0003967956996924351,57.261628138443,103.13201363757445,-0.001083511493492264,-0.014520714819484037,-0.0002567777345279908,7.390103291455028e-8,8.362430476477695e-6,-6.573463461829668e-8,5.615120061144117e-6,2.2274644141577537e-6,7.062708491822763e-7,0.002727110292691701,5.9361513456365085,2.768545978984019,0.38366790517322913,0.31985528811898717,0.12410235837563412,25.0,25.0,25.0,25.0,25.0,25.0,24.0,9.535,0.0,0.0,1.0,1781028064002528369
1781028064111298268,0.0003968034019449483,57.261629009579025,103.13201363074356,-0.0010829265526347072,-0.01452048278889538,-0.00025670417447760263,7.397920327366888e-8,8.363342648840526e-6,-6.543140786243282e-8,5.615723930283947e-6,2.227521439038573e-6,7.060884635035421e-7,0.002709550643130675,5.936150903385489,2.7685428995991503,0.3836707300018045,0.3198556301020975,0.12410315518072672,25.0,25.0,25.0,25.0,25.0,25.0,24.0,9.535,0.0,0.0,1.0,1781028064100467214
1781028064210444811,0.00039681111239000817,57.26162988080929,103.13201362394388,-0.0010823415475965362,-0.01452025075206128,-0.00025663063376332105,7.405807478047617e-8,8.36424124638069e-6,-6.51350690822693e-8,5.616348337770218e-6,2.2275833285203164e-6,7.05900505327611e-7,0.002691990506166783,5.9361504610513744,2.7685398201141744,0.3836735549115618,0.3198559720892955,0.1241039520092353,25.0,25.0,25.0,25.0,25.0,25.0,24.0,9.535,0.0,0.0,1.0,1781028064208161724
1781028064310907421,0.00039681883088273627,57.26163075213357,103.1320136171754,-0.0010817564790267377,-0.014520018709065032,-0.00025655711233318093,7.41343428200221e-8,8.36514541714583e-6,-6.483355305405415e-8,5.616950183623016e-6,2.2276411574229957e-6,7.057166813377555e-7,0.0026744298518652015,5.9361500186406175,2.7685367405330266,0.3836763799025254,0.3198563140787768,0.1241047488609124,25.0,25.0,25.0,25.0,25.0,25.0,24.0,9.535,0.0,0.0,1.0,1781028064303084223
1781028064410594899,0.00039682501138296446,57.2616314492605,103.13201361178308,-0.0010812883786983337,-0.01451983307026048,-0.0002564983090708057,7.419439598802055e-8,8.36586608067497e-6,-6.45928820302364e-8,5.617429048585402e-6,2.2276869924799845e-6,7.055697453694581e-7,0.002660380949537121,5.936149664654908,2.7685342767948864,0.3836786399519638,0.3198565876740166,0.1241053863583856,25.0,25.0,25.0,25.0,25.0,25.0,24.0,9.535,0.0,0.0,1.0,1781028064384244765
1781028064510428552,0.00039683429148040783,57.26163249506305,103.13201360373203,-0.0010805861530850836,-0.0145195546047902,-0.000256410127273961,7.428206865181935e-8,8.3669480620837e-6,-6.422894639534719e-8,5.618130007431784e-6,2.2277524066876015e-6,7.053520917160635e-7,0.0026393070170245103,5.936149133586006,2.7685305810723744,0.38368203012371294,0.3198569980709658,0.12410634263280576,25.0,25.0,25.0,25.0,25.0,25.0,24.0,9.535,0.0,0.0,1.0,1781028064504257892
1781028064610248804,0.0003968420333298499,57.261633366667674,103.1320135970572,-0.0010800008966724,-0.014519322543613794,-0.00025633666361577336,7.435779793521993e-8,8.367826256294146e-6,-6.393954306994181e-8,5.61876307037132e-6,2.227818409907001e-6,7.051589133386741e-7,0.0026217448321081403,5.936148690927405,2.7685275011913126,0.38368485535729424,0.31985734007218186,0.1241071395539016,25.0,25.0,25.0,25.0,25.0,25.0,24.0,9.535,0.0,0.0,1.0,1781028064608683920
1781028064710993625,0.000396849782697358,57.26163423836523,103.13201359041358,-0.001079415578803334,-0.014519090476527705,-0.00025626321914161925,7.442818484961887e-8,8.368723677558849e-6,-6.363495258972043e-8,5.61933421483567e-6,2.227871040189948e-6,7.049784915270506e-7,0.0026041821530797533,5.9361482482059404,2.76852442121708,0.38368768067045617,0.31985768207615173,0.12410793649793346,25.0,25.0,25.0,25.0,25.0,25.0,24.0,9.535,0.0,0.0,1.0,1781028064705159872
1781028064811030537,0.0003968575394652039,57.261635110155474,103.13201358380118,-0.0010788301998966045,-0.014518858403565782,-0.00025618979385144084,7.449897828798107e-8,8.369610923205695e-6,-6.333595591567472e-8,5.6199209994086085e-6,2.227928199177038e-6,7.047936112284729e-7,0.0025866189609052197,5.936147805397981,2.7685213411397704,0.383690506064935,0.3198580240843913,0.12410873346520916,25.0,25.0,25.0,25.0,25.0,25.0,24.0,9.535,0.0,0.0,1.0,1781028064807514269
1781028064911112699,0.00039686530351057446,57.2616359820381,103.13201357722004,-0.001078244760480312,-0.014518626324789967,-0.0002561163877235419,7.456906050275674e-8,8.370493073571521e-6,-6.303863389335484e-8,5.620510902216458e-6,2.227986327352364e-6,7.046073086488936e-7,0.0025690552621860036,5.936147362508183,2.7685182609650787,0.3836933315409582,0.319858366096512,0.12410953045585515,25.0,25.0,25.0,25.0,25.0,25.0,24.0,9.535,0.0,0.0,1.0,1781028064906952863
1781028065010803087,0.00039687151990325334,57.26163667961054,103.13201357197762,-0.0010777763657529112,-0.014518440657633537,-0.00025605767659807793,7.46224701411818e-8,8.371206873721068e-6,-6.279415499742312e-8,5.620952011580628e-6,2.2280265355282427e-6,7.044641679962747e-7,0.002555003952918607,5.9361470081472225,2.768515796754197,0.3836955919794124,0.3198586397086819,0.12411016806503206,25.0,25.0,25.0,25.0,25.0,25.0,24.0,9.535,0.0,0.0,1.0,1781028064988740473
1781028065110903497,0.000396880852951695,57.26163772607944,103.1320135641515,-0.0010770737022199849,-0.014518162150051032,-0.0002559696328656288,7.470348981760545e-8,8.372260407425636e-6,-6.243622353189585e-8,5.621642495735291e-6,2.2280931996721074e-6,7.042424667745056e-7,0.0025339263392523334,5.936146476504981,2.768512100318155,0.3836989827339835,0.3198590501314147,0.1241111245062414,25.0,25.0,25.0,25.0,25.0,25.0,24.0,9.535,0.0,0.0,1.0,1781028065108785687
1781028065211069769,0.0003968870805358326,57.26163842379866,103.13201355895907,-0.0010766052126314847,-0.014517976473811875,-0.0002559109523320714,7.47568698899172e-8,8.372959823845678e-6,-6.219802220509987e-8,5.622100832387532e-6,2.2281378967637477e-6,7.040941984752688e-7,0.0025198742040112533,5.936146122012003,2.7685096359479258,0.38370124330262056,0.31985932374961834,0.12411176215261026,25.0,25.0,25.0,25.0,25.0,25.0,24.0,9.535,0.0,0.0,1.0,1781028065189056090
1781028065310442808,0.0003968948711492796,57.26163929602996,103.13201355249672,-0.0010760195481294532,-0.014517744373518314,-0.00025583761881469634,7.481988215094737e-8,8.373846468815537e-6,-6.189039453665e-8,5.622631851291611e-6,2.228184892832682e-6,7.039173111579216e-7,0.002502308583721244,5.936145678834487,2.7685065553992096,0.38370406908558,0.3198596657749495,0.12411255923132249,25.0,25.0,25.0,25.0,25.0,25.0,24.0,9.535,0.0,0.0,1.0,1781028065290414537
1781028065410544012,0.0003969026684882592,57.26164016835234,103.13201354606562,-0.0010754338255796348,-0.014517512267683986,-0.00025576430437913736,7.488462778321884e-8,8.374716441399094e-6,-6.159282261909612e-8,5.623195452909021e-6,2.2282396644710465e-6,7.037322438864456e-7,0.002484742445011865,5.9361452355702875,2.768503474748193,0.3837068949506488,0.3198600078044485,0.12411335633349536,25.0,25.0,25.0,25.0,25.0,25.0,24.0,9.535,0.0,0.0,1.0,1781028065393494719
1781028065510386778,0.0003969104724317189,57.26164104076558,103.1320135396658,-0.0010748480455997204,-0.014517280156396467,-0.0002556910089807237,7.494698068482465e-8,8.375591263542526e-6,-6.129036808653417e-8,5.623736022902721e-6,2.2282901496371967e-6,7.035513394590388e-7,0.0024671757890767183,5.936144792227433,2.7685003939978565,0.3837097208965981,0.3198603498375362,0.12411415345876174,25.0,25.0,25.0,25.0,25.0,25.0,24.0,9.535,0.0,0.0,1.0,1781028065493335925
1781028065610636589,0.0003969182828793714,57.26164191326941,103.13201353329724,-0.001074262208688695,-0.014517048039702024,-0.0002556177326155049,7.500873357665339e-8,8.376459754345958e-6,-6.098962095372489e-8,5.624278633772789e-6,2.228341343967649e-6,7.033690878477506e-7,0.0024496086306779476,5.936144348806774,2.768497313148378,0.3837125469237015,0.31986069187460964,0.12411495060735786,25.0,25.0,25.0,25.0,25.0,25.0,24.0,9.535,0.0,0.0,1.0,1781028065597159692
1781028065710833805,0.00039692609972503463,57.26164278586352,103.13201352695997,-0.0010736763153280369,-0.014516815917652354,-0.0002555444752725794,7.507098731266416e-8,8.377317614702118e-6,-6.069469014536695e-8,5.624838559466456e-6,2.2283969373065085e-6,7.031822277315339e-7,0.002432040942406098,5.936143905296963,2.7684942321972783,0.3837153730328404,0.31986103391586707,0.12411574777927652,25.0,25.0,25.0,25.0,25.0,25.0,24.0,9.535,0.0,0.0,1.0,1781028065699666782
1781028065810392000,0.0003969339228586719,57.261643658547726,103.13201352065396,-0.0010730903661669451,-0.014516583790331244,-0.0002554712369118888,7.513165838416576e-8,8.378178050902625e-6,-6.039594582243885e-8,5.625379528197739e-6,2.228449226109621e-6,7.029981129065091e-7,0.0024144727754259513,5.9361434617153614,2.768491151147858,0.38371819922386574,0.31986137596039804,0.12411654497493876,25.0,25.0,25.0,25.0,25.0,25.0,24.0,9.535,0.0,0.0,1.0,1781028065802285430
1781028065911161674,0.0003969417521813232,57.2616445313217,103.13201351437924,-0.00107250436168676,-0.014516351657788936,-0.00025539801752684456,7.51910728135431e-8,8.379036076776724e-6,-6.009741532716925e-8,5.6259146767022565e-6,2.228500533394025e-6,7.028145971734353e-7,0.002396904072852178,5.936143018053727,2.7684880699994907,0.3837210254959399,0.3198617180082565,0.12411734219362128,25.0,25.0,25.0,25.0,25.0,25.0,24.0,9.535,0.0,0.0,1.0,1781028065896325802
1781028066010453306,0.0003969495875842226,57.26164540418524,103.1320135081359,-0.0010719183025061773,-0.014516119520103232,-0.0002553248170813559,7.524713599122372e-8,8.379904626636284e-6,-5.97903558266481e-8,5.6264123716517666e-6,2.228544057482578e-6,7.02638453996785e-7,0.0023793348649968913,5.936142574322321,2.768484988752966,0.3837238518481163,0.3198620600597348,0.12411813943531692,25.0,25.0,25.0,25.0,25.0,25.0,24.0,9.535,0.0,0.0,1.0,1781028066002863050
1781028066110349778,0.0003969574289830587,57.261646277138006,103.13201350192382,-0.001071332189024324,-0.014515887377303008,-0.0002552516355934304,7.530370686494538e-8,8.380761877354812e-6,-5.9488413162081553e-8,5.626924758224353e-6,2.2285910416275385e-6,7.024580420362618e-7,0.0023617651505832677,5.936142130507777,2.768481907407231,0.3837266782829369,0.31986240211501,0.12411893670073916,25.0,25.0,25.0,25.0,25.0,25.0,24.0,9.535,0.0,0.0,1.0,1781028066100525298
1781028066210624853,0.0003969652762738733,57.26164715017976,103.13201349574304,-0.001070746021831781,-0.014515655229458435,-0.0002551784730327892,7.536101360534033e-8,8.381610276370107e-6,-5.9191653149830616e-8,5.627450904335017e-6,2.2286424744976503e-6,7.022732213501774e-7,0.0023441949399877465,5.936141686606099,2.7684788259586064,0.38372950480074375,0.3198627441748311,0.12411973399004918,25.0,25.0,25.0,25.0,25.0,25.0,24.0,9.535,0.0,0.0,1.0,1781028066209101578
1781028066310409986,0.0003969731293603268,57.26164802331027,103.13201348959356,-0.0010701598015061889,-0.01451542307663711,-0.0002551053293772863,7.541645182576809e-8,8.382459801855597e-6,-5.8892061343803115e-8,5.627962828666472e-6,2.2286908941893823e-6,7.020909802725354e-7,0.002326624182116023,5.936141242628174,2.76847574441109,0.38373233139925694,0.31986308623810616,0.12412053130221656,25.0,25.0,25.0,25.0,25.0,25.0,24.0,9.535,0.0,0.0,1.0,1781028066308290210
1781028066410226710,0.0003969809881505504,57.261648896529245,103.1320134834754,-0.0010695735285632469,-0.014515190918897532,-0.00025503220461619257,7.547051494393979e-8,8.383307351377038e-6,-5.85908184649397e-8,5.628463981036939e-6,2.2287373019834354e-6,7.019101339224763e-7,0.0023090529186955717,5.936140798574262,2.7684726627642706,0.3837351580789437,0.31986342830443854,0.12412132863768872,25.0,25.0,25.0,25.0,25.0,25.0,24.0,9.535,0.0,0.0,1.0,1781028066408855499
1781028066510986599,0.0003969888525501948,57.261649769836424,103.13201347738854,-0.0010689872035582228,-0.014514958756302416,-0.00025495909873096847,7.552412134501965e-8,8.384152474423727e-6,-5.8290593485097e-8,5.62896331774203e-6,2.228784069572689e-6,7.017285370908001e-7,0.002291481152629038,5.9361403544370415,2.7684695810175723,0.38373798484187727,0.319863770375676,0.12412212599712868,25.0,25.0,25.0,25.0,25.0,25.0,24.0,9.535,0.0,0.0,1.0,1781028066504213936
1781028066610854453,0.0003969951480487593,57.2616504685455,103.13201347254164,-0.0010685181064567333,-0.014514773022771432,-0.000254900627601157,7.55656486547875e-8,8.384831593281666e-6,-5.8047746761151195e-8,5.629346463262898e-6,2.228818730498965e-6,7.015859005098964e-7,0.00227742336942733,5.936139999074496,2.768467115547858,0.3837402463103438,0.3198640440340436,0.1241227639012946,25.0,25.0,25.0,25.0,25.0,25.0,24.0,9.535,0.0,0.0,1.0,1781028066585453998
1781028066711145922,0.0003970045978209759,57.261651516714345,103.13201346530882,-0.001067814399569114,-0.014514494416780087,-0.0002548129435278776,7.562788231975887e-8,8.385838885907873e-6,-5.7687736885837137e-8,5.62993502383707e-6,2.2288735767363226e-6,7.013682446252216e-7,0.0022563360768527237,5.936139465932194,2.7684634172230753,0.3837436386118572,0.31986445452823853,0.1241237207859054,25.0,25.0,25.0,25.0,25.0,25.0,24.0,9.535,0.0,0.0,1.0,1781028066705232627
1781028066813330918,0.0003970124785158398,57.261652390284574,103.13201345931591,-0.0010672279216533897,-0.0145142622399704,-0.0002547398941844637,7.567936356365367e-8,8.386674617181146e-6,-5.7388517105509144e-8,5.630423688586944e-6,2.228919845967756e-6,7.011859084663882e-7,0.002238762757853154,5.9361390215561745,2.7684603351748778,0.3837464656202924,0.3198647966106226,0.12412451821559202,25.0,25.0,25.0,25.0,25.0,25.0,24.0,9.535,0.0,0.0,1.0,1781028066807588527
1781028066911111583,0.00039702036446875784,57.26165326394194,103.13201345335436,-0.0010666413938507327,-0.014514030058547293,-0.00025466686366070926,7.57301258313599e-8,8.387507415084589e-6,-5.7089995650865264e-8,5.6309078713420235e-6,2.2289659031821407e-6,7.010034337996786e-7,0.0022211889340457546,5.936138577100979,2.7684572530274045,0.3837492927114847,0.31986513869563343,0.12412531566904296,25.0,25.0,25.0,25.0,25.0,25.0,24.0,9.535,0.0,0.0,1.0,1781028066907204318
1781028067010843464,0.0003970266769570174,57.26165396293042,103.1320134486077,-0.001066172136107546,-0.014513844310132574,-0.0002546084527731064,7.57681404638569e-8,8.38817985458027e-6,-5.684469591635634e-8,5.6312655729678264e-6,2.2289960671841945e-6,7.008634053163213e-7,0.0022071295154741212,5.936138221489931,2.768454787238262,0.3837515544419352,0.3198654123679092,0.12412595364843604,25.0,25.0,25.0,25.0,25.0,25.0,24.0,9.535,0.0,0.0,1.0,1781028066990478802
1781028067110829612,0.0003970361518027332,57.26165501151712,103.13201344152526,-0.0010654681909077952,-0.014513565682112149,-0.0002545208589908179,7.582590134024901e-8,8.389179430081874e-6,-5.6481825113470244e-8,5.631819512774885e-6,2.2290462582410525e-6,7.006483807648687e-7,0.0021860397406328765,5.93613768796644,2.768451088433027,0.3837549471375792,0.3198658228798308,0.12412691064588158,25.0,25.0,25.0,25.0,25.0,25.0,24.0,9.535,0.0,0.0,1.0,1781028067106878592
1781028067210634496,0.0003970424723844429,57.26165571064403,103.1320134368287,-0.0010649988554619712,-0.014513379926539862,-0.0002544624781628016,7.586417032704624e-8,8.389842949262162e-6,-5.6240730395081174e-8,5.632185591367505e-6,2.2290798046150865e-6,7.005045381065258e-7,0.0021719794920246373,5.936137332220023,2.7684486224822273,0.3837572090010101,0.3198660965575287,0.12412754866330206,25.0,25.0,25.0,25.0,25.0,25.0,24.0,9.535,0.0,0.0,1.0,1781028067188183078
1781028067310437999,0.0003970519591725035,57.26165675943771,103.13201342982146,-0.0010642947950328225,-0.014513101287932373,-0.0002543749294343255,7.592113670150011e-8,8.390829642797876e-6,-5.5882664204410216e-8,5.632743616793895e-6,2.229132164616888e-6,7.002862764224704e-7,0.0021508884687665734,5.936136798502795,2.7684449234347532,0.3837606018943789,0.3198665070786698,0.12412850571732444,25.0,25.0,25.0,25.0,25.0,25.0,24.0,9.534,0.0,0.0,1.0,1781028067307548657
1781028067412571448,0.00039705828758657586,57.2616574587022,103.132013425175,-0.001063825383645848,-0.0145129155254001,-0.0002543165786205543,7.59592377338893e-8,8.391482808142088e-6,-5.564556489885084e-8,5.633116399870767e-6,2.2291679822381428e-6,7.001393326472158e-7,0.0021368273966103075,5.936136442627389,2.7684424573227195,0.3837628638896848,0.31986678076235625,0.124129143772543,25.0,25.0,25.0,25.0,25.0,25.0,24.0,9.534,0.0,0.0,1.0,1781028067389147201
1781028067510736512,0.0003970677859331318,57.26165850770167,103.13201341824296,-0.0010631212106990038,-0.014512636876506953,-0.00025422907487120697,7.601430442887934e-8,8.39246463403493e-6,-5.5286207092378154e-8,5.633657089289792e-6,2.2292181388318737e-6,6.999220862166368e-7,0.0021157351507401865,5.936135908720082,2.768438758034625,0.3837662569814792,0.319867191293229,0.12413010088358642,25.0,25.0,25.0,25.0,25.0,25.0,24.0,9.534,0.0,0.0,1.0,1781028067508972694
1781028067611543591,0.00039707412192112497,57.26165920710294,103.13201341364667,-0.001062651725255419,-0.014512451107232698,-0.00025417075400433766,7.604901119753934e-8,8.393125111201219e-6,-5.5041523542777986e-8,5.633994255899185e-6,2.2292469519247753e-6,6.997816100853498e-7,0.002101673239231596,5.936135552722791,2.7684362917641216,0.3837685191083182,0.31986746498284657,0.12413073897642492,25.0,25.0,25.0,25.0,25.0,25.0,24.0,9.534,0.0,0.0,1.0,1781028067591023253
1781028067710280240,0.0003970836314481084,57.261660256306925,103.13201340678988,-0.0010619474425208565,-0.014512172448365682,-0.0002540832951522427,7.610048207357135e-8,8.394110696297709e-6,-5.467586864822351e-8,5.634497673641466e-6,2.229290166472988e-6,6.995701942901652e-7,0.002080579749294848,5.936135018632432,2.768432592236167,0.3837719123970555,0.3198678755223524,0.12413169614389873,25.0,25.0,25.0,25.0,25.0,25.0,24.0,9.534,0.0,0.0,1.0,1781028067709682989
1781028067810231960,0.0003970915610606923,57.26166113073684,103.1320134011103,-0.0010613604907590917,-0.014511940228149663,-0.0002540104333558814,7.614402397897695e-8,8.394920762218926e-6,-5.437650097404409e-8,5.634930331347033e-6,2.2293297501660567e-6,6.993898782211138e-7,0.0020630012639678017,5.936134573465134,2.7684295091831195,0.3837747402285987,0.31986821764355255,0.12413249380946284,25.0,25.0,25.0,25.0,25.0,25.0,24.0,9.534,0.0,0.0,1.0,1781028067809677848
1781028067910377511,0.0003970979079674278,57.26166183034165,103.13201339658924,-0.0010608908974541016,-0.014511754449102908,-0.0002539521573589122,7.617814928384817e-8,8.395570287735506e-6,-5.41356653780695e-8,5.635268752013962e-6,2.229360456929068e-6,6.992464589069454e-7,0.00204893811228168,5.93613421727264,2.7684270426700244,0.383777002554489,0.3198684913422844,0.12413313195935384,25.0,25.0,25.0,25.0,25.0,25.0,24.0,9.534,0.0,0.0,1.0,1781028067894986086
1781028068012535852,0.0003971058455697039,57.26166270492352,103.13201339096608,-0.0010603038663017528,-0.014511522221723284,-0.00025387932917943955,7.622157874235816e-8,8.396370943533969e-6,-5.38399365696291e-8,5.635706107474502e-6,2.2294023015333317e-6,6.990630498517411e-7,0.002031358709626812,5.936133771957198,2.7684239594352,0.38377983053627346,0.31986883347071077,0.12413392966810095,25.0,25.0,25.0,25.0,25.0,25.0,24.0,9.534,0.0,0.0,1.0,1781028067993749204
1781028068110689446,0.0003971137875005232,57.261663579589495,103.1320133853743,-0.001059716791965119,-0.014511289990479856,-0.00025380651962824937,7.626116809418965e-8,8.397186835819622e-6,-5.3532528300438056e-8,5.636094604341518e-6,2.2294342770755913e-6,6.988893621801685e-7,0.002013778782569489,5.936133326570659,2.7684208761017897,0.38378265860018823,0.31986917560241185,0.12413472740036298,25.0,25.0,25.0,25.0,25.0,25.0,24.0,9.534,0.0,0.0,1.0,1781028068091383044
1781028068211542116,0.0003971217337103973,57.261664454339176,103.1320133798138,-0.001059129674697827,-0.014511057755366643,-0.0002537337287593659,7.6305016920016e-8,8.39797241956522e-6,-5.3243843044266216e-8,5.636546428586357e-6,2.229480339282888e-6,6.987006823759041e-7,0.0019961983388089364,5.936132881090944,2.7684177926668734,0.3837854867484869,0.3198695177376877,0.124135525156778,25.0,25.0,25.0,25.0,25.0,25.0,24.0,9.534,0.0,0.0,1.0,1781028068199654849
1781028068310448512,0.0003971296841029038,57.26166532917248,103.13201337428468,-0.0010585425154420102,-0.01451082551652991,-0.00025366095647577825,7.634244390155147e-8,8.39878625494652e-6,-5.2933305764636814e-8,5.636914611944039e-6,2.229508593852217e-6,6.985295401684011e-7,0.0019786173708014163,5.936132435550039,2.7684147091328146,0.3837883149772888,0.3198698598778562,0.12413632293631832,25.0,25.0,25.0,25.0,25.0,25.0,24.0,9.534,0.0,0.0,1.0,1781028068292591013
1781028068410554861,0.0003971376386337995,57.26166620408897,103.13201336878684,-0.001057955314418436,-0.01451059327395524,-0.00025358820284155677,7.638357789721845e-8,8.399575088201202e-6,-5.2639436241023946e-8,5.637336478597525e-6,2.2295495035057978e-6,6.983453496937745e-7,0.0019610358788436054,5.93613198991465,2.768411625494714,0.38379114329086605,0.31987020202096555,0.12413712074005402,25.0,25.0,25.0,25.0,25.0,25.0,24.0,9.534,0.0,0.0,1.0,1781028068392961223
1781028068510480003,0.000397145597215492,57.26166707908853,103.1320133633204,-0.0010573680724726194,-0.014510361027767508,-0.0002535154677810754,7.641962233449683e-8,8.4003843914336e-6,-5.2328502464021204e-8,5.637691605151213e-6,2.229575882173338e-6,6.981749149115955e-7,0.0019434538736689169,5.936131544215839,2.768408541759178,0.3837939716854673,0.3198705441689581,0.124137918567152,25.0,25.0,25.0,25.0,25.0,25.0,24.0,9.534,0.0,0.0,1.0,1781028068494343897
1781028068611039537,0.000397153559799603,57.26166795417079,103.13201335788526,-0.0010567807899191553,-0.014510128777971622,-0.00025344275133695006,7.645965647012807e-8,8.401166813751134e-6,-5.203562131097614e-8,5.638106962837204e-6,2.22961644758817e-6,6.979901900098256e-7,0.0019258713252020656,5.936131098419227,2.768405457918628,0.3837968001651193,0.31987088632039967,0.12413871641838532,25.0,25.0,25.0,25.0,25.0,25.0,24.0,9.534,0.0,0.0,1.0,1781028068595106943
1781028068710921705,0.0003971615263083764,57.26166882933554,103.13201335248144,-0.001056193467478863,-0.014509896524667248,-0.000253370053462048,7.649716325749555e-8,8.401956692592008e-6,-5.1735177116294e-8,5.638489267752843e-6,2.229650209407124e-6,6.978115679794407e-7,0.0019082882733037312,5.936130652550268,2.7684023739796815,0.38379962872771733,0.3198712284760121,0.12413951429357375,25.0,25.0,25.0,25.0,25.0,25.0,24.0,9.534,0.0,0.0,1.0,1781028068698595123
1781028068811547406,0.0003971694966767852,57.26166970458251,103.13201334710897,-0.0010556061056914276,-0.014509664267912092,-0.00025329737414723277,7.653337170454871e-8,8.402748095205104e-6,-5.143194935097673e-8,5.638856305008207e-6,2.2296813893121987e-6,6.976351846786769e-7,0.0018907047009855576,5.936130206604088,2.768399289939469,0.38380245737312224,0.3198715706347594,0.12414031219248894,25.0,25.0,25.0,25.0,25.0,25.0,24.0,9.534,0.0,0.0,1.0,1781028068795640601
1781028068910625358,0.000397177470843161,57.261670579911446,103.13201334176782,-0.0010550187051302012,-0.014509432007766266,-0.00025322471338167234,7.656827762438553e-8,8.403540287066514e-6,-5.112705434739815e-8,5.63920877030498e-6,2.2297099981204647e-6,6.974609083400891e-7,0.0018731206117191283,5.936129760579512,2.7683962057988514,0.3838052861019745,0.3198719127979938,0.12414111011539092,25.0,25.0,25.0,25.0,25.0,25.0,24.0,9.534,0.0,0.0,1.0,1781028068897774923
1781028069011083834,0.0003971854487486659,57.261671455322066,103.13201333645802,-0.001054431266318754,-0.01450919974427976,-0.00025315207116354715,7.660396385169291e-8,8.404322879537901e-6,-5.082670104991716e-8,5.639574438053176e-6,2.2297417206385732e-6,6.972827587253492e-7,0.0018555359870296587,5.93612931447366,2.7683931215557864,0.3838081149137346,0.3198722549655634,0.12414190806196784,25.0,25.0,25.0,25.0,25.0,25.0,24.0,9.534,0.0,0.0,1.0,1781028069005928022
1781028069111060780,0.0003971934303256255,57.26167233081412,103.1320133311795,-0.0010538437898241731,-0.014508967477524693,-0.00025307944747461646,7.663965673518064e-8,8.405099564968949e-6,-5.052876246627889e-8,5.639943071994356e-6,2.2297750911848507e-6,6.971027569709646e-7,0.001837950850404669,5.93612886828314,2.7683900372108963,0.3838109438102647,0.3198725971369829,0.12414270603291762,25.0,25.0,25.0,25.0,25.0,25.0,24.0,9.534,0.0,0.0,1.0,1781028069099347413
1781028069211549227,0.0003972014155124736,57.26167320638734,103.1320133259323,-0.0010532562762437237,-0.014508735207563482,-0.00025300684229856364,7.66743240357661e-8,8.405875567571364e-6,-5.022922622716624e-8,5.6403001141065985e-6,2.2298063427564573e-6,6.96924207292763e-7,0.0018203652018047509,5.936128422015402,2.76838695276593,0.3838137727899746,0.3198729393126177,0.1241435040278152,25.0,25.0,25.0,25.0,25.0,25.0,24.0,9.534,0.0,0.0,1.0,1781028069204876591
1781028069310335417,0.0003972094042482076,57.26167408204148,103.13201332071644,-0.0010526687261744165,-0.014508502934466525,-0.0002529342556184517,7.67078550241774e-8,8.406652141198653e-6,-4.9927751296128144e-8,5.640646778928115e-6,2.2298357324576767e-6,6.967472253348899e-7,0.001802778988998124,5.936127975668725,2.768383868220046,0.3838166018522778,0.3198732814913698,0.12414430204605596,25.0,25.0,25.0,25.0,25.0,25.0,24.0,9.534,0.0,0.0,1.0,1781028069302174843
1781028069411019795,0.00039721579775531783,57.26167478262285,103.13201331656629,-0.0010521986601797892,-0.014508317113761163,-0.00025287619959410315,7.673549756346914e-8,8.407266146880399e-6,-4.96904715721291e-8,5.640932364198546e-6,2.2298619369875185e-6,6.966025466825801e-7,0.0017887096756419676,5.9361276185307705,2.7683814005084173,0.3838188651633251,0.31987355523782773,0.1241449404784671,25.0,25.0,25.0,25.0,25.0,25.0,24.0,9.534,0.0,0.0,1.0,1781028069385859568
1781028069511240840,0.00039722379272823016,57.26167565842196,103.13201331140678,-0.001051611045823433,-0.014508084835170257,-0.00025280364618113525,7.67673777104423e-8,8.4080416922773e-6,-4.938699419441891e-8,5.641259414300567e-6,2.229888389400287e-6,6.964276979027756e-7,0.001771122545390256,5.936127172042342,2.7683783157795863,0.3838216943765613,0.3198738974242199,0.12414573854020776,25.0,25.0,25.0,25.0,25.0,25.0,24.0,9.534,0.0,0.0,1.0,1781028069492906268
1781028069611560122,0.0003972317910854039,57.26167653430123,103.13201330627858,-0.0010510233965027305,-0.01450785255360565,-0.00025273111124111307,7.6800001830776e-8,8.408808136722561e-6,-4.908766798198449e-8,5.641597720433362e-6,2.22991755916219e-6,6.962492773057086e-7,0.0017535348956718023,5.936126725470568,2.768375230949531,0.38382452367424974,0.3198742396155542,0.12414653662622582,25.0,25.0,25.0,25.0,25.0,25.0,24.0,9.534,0.0,0.0,1.0,1781028069587805369
1781028069710804021,0.00039724139349782504,57.26167758546184,103.13201330016608,-0.0010503181720506883,-0.014507573811905932,-0.00025264409366494267,7.683834415047951e-8,8.409725022193764e-6,-4.8729158726496436e-8,5.641995353123392e-6,2.2299523961518907e-6,6.960354226513326e-7,0.0017324290163263432,5.9361261894771635,2.768371529016554,0.38382791894181456,0.31987465024951584,0.12414749436099544,25.0,25.0,25.0,25.0,25.0,25.0,24.0,9.534,0.0,0.0,1.0,1781028069708019949
1781028069810792669,0.00039724779771866726,57.26167828629926,103.13201329611609,-0.001049847995397221,-0.014507387981835035,-0.00025258609670450173,7.686307353152779e-8,8.41033583981399e-6,-4.8487937240368264e-8,5.642250245290657e-6,2.2299731292350903e-6,6.958943346946167e-7,0.0017183580067066796,5.936125832088769,2.768369060981981,0.3838301825199327,0.3198749240089653,0.12414813286988904,25.0,25.0,25.0,25.0,25.0,25.0,24.0,9.534,0.0,0.0,1.0,1781028069788543258
1781028069910861929,0.00039725580587584273,57.2616791624175,103.13201329108178,-0.0010492602447863563,-0.01450715569176611,-0.00025251361707344703,7.689262152746277e-8,8.411103212219856e-6,-4.8183144235260345e-8,5.642550373782091e-6,2.2299961860077793e-6,6.957208596150929e-7,0.0017007687886035918,5.936125385282217,2.7683659758479635,0.3838330120687457,0.319875266210988,0.12414893102796476,25.0,25.0,25.0,25.0,25.0,25.0,24.0,9.534,0.0,0.0,1.0,1781028069892917510
1781028070010452883,0.0003972638171891624,57.261680038614855,103.13201328607876,-0.0010486724614930678,-0.01450692339897594,-0.0002524411558649419,7.692264360308785e-8,8.41186038751505e-6,-4.78833174964276e-8,5.642862808372658e-6,2.2300220056870106e-6,6.955438988918481e-7,0.0016831790313564556,5.936124938392369,2.7683628906119826,0.3838358417016126,0.31987560841821067,0.12414972921006524,25.0,25.0,25.0,25.0,25.0,25.0,24.0,9.534,0.0,0.0,1.0,1781028069996160792
1781028070110801253,0.0003972718316045062,57.26168091489106,103.13201328110704,-0.0010480846461316804,-0.014506691103533352,-0.0002523687130622393,7.695233194721014e-8,8.412615015276213e-6,-4.7583731914650874e-8,5.643169607309187e-6,2.2300473223396985e-6,6.953668834193459e-7,0.0016655887486124467,5.936124491423256,2.768359805273776,0.383838671418247,0.3198759506294547,0.12415052741619954,25.0,25.0,25.0,25.0,25.0,25.0,24.0,9.534,0.0,0.0,1.0,1781028070093978896
1781028070212622222,0.0003972798490593944,57.26168179124589,103.1320132761666,-0.0010474967993000662,-0.01450645880551418,-0.0002522962886395839,7.698131798510182e-8,8.413368754995215e-6,-4.7283546099658465e-8,5.6434703908671515e-6,2.2300721074922703e-6,6.951902697752955e-7,0.0016479979399604424,5.936124044371776,2.7683567198346815,0.3838415012196529,0.3198762928440337,0.12415132564662285,25.0,25.0,25.0,25.0,25.0,25.0,24.0,9.534,0.0,0.0,1.0,1781028070202556112
1781028070310935231,0.0003972878695035524,57.26168266767905,103.13201327125742,-0.0010469089215410577,-0.014506226504973971,-0.00025222388259335435,7.701015241862439e-8,8.414117447172968e-6,-4.698463478887392e-8,5.643771536086253e-6,2.23009761107282e-6,6.950125405497495e-7,0.0016304065863951308,5.936123597238923,2.7683536342913992,0.3838443311046773,0.31987663506291636,0.1241521239008967,25.0,25.0,25.0,25.0,25.0,25.0,24.0,9.534,0.0,0.0,1.0,1781028070300677199
1781028070411532412,0.0003972958928873996,57.26168354419026,103.13201326637952,-0.0010463210133912978,-0.01450599420196626,-0.00025215149492097014,7.703864783421438e-8,8.414860874518223e-6,-4.6687844902238165e-8,5.644069872578946e-6,2.2301228070255544e-6,6.948342767739843e-7,0.0016128147218778485,5.936123150028055,2.7683505486469833,0.3838471610737298,0.3198769772865941,0.12415292217943208,25.0,25.0,25.0,25.0,25.0,25.0,24.0,9.534,0.0,0.0,1.0,1781028070397788843
1781028070511123909,0.0003973039191491993,57.26168442077932,103.13201326153288,-0.001045733075530216,-0.014505761896579856,-0.00025207912558330894,7.706588244562617e-8,8.415609296613809e-6,-4.6386294406625284e-8,5.644347999324019e-6,2.230144605752979e-6,6.946591160874476e-7,0.0015952223416146566,5.936122702738263,2.76834746290245,0.3838499911280687,0.3198773195134953,0.12415372048251344,25.0,25.0,25.0,25.0,25.0,25.0,24.0,9.534,0.0,0.0,1.0,1781028070496293419
1781028070611147252,0.000397311948242157,57.26168529744593,103.13201325671749,-0.0010451451084593777,-0.014505529588863125,-0.000252006774584998,7.709233822181631e-8,8.41635502378915e-6,-4.608385612315688e-8,5.644618442406123e-6,2.2301649231060004e-6,6.94484721970109e-7,0.0015776294228693867,5.936122255370304,2.768344377056578,0.3838528212659024,0.31987766174466675,0.12415451880947607,25.0,25.0,25.0,25.0,25.0,25.0,24.0,9.534,0.0,0.0,1.0,1781028070600605703
1781028070711189957,0.0003973199801079636,57.26168617418985,103.1320132519334,-0.0010445571128081849,-0.01450529727889452,-0.0002519344418977652,7.7117525385318e-8,8.417102995939523e-6,-4.5779494417104435e-8,5.644874484410684e-6,2.2301828900923976e-6,6.943125369436753e-7,0.0015600359670080166,5.936121807922571,2.76834129110842,0.3838556514880518,0.3198780039796915,0.1241553171605561,25.0,25.0,25.0,25.0,25.0,25.0,24.0,9.534,0.0,0.0,1.0,1781028070698092129
1781028070810455533,0.0003973280147093558,57.261687051010746,103.1320132471805,-0.001043969088986141,-0.014505064966698806,-0.0002518621275471958,7.714540387579816e-8,8.417830058312558e-6,-4.548683677295825e-8,5.645167453563217e-6,2.2302092686263787e-6,6.941309710866882e-7,0.0015424419990031093,5.936121360388084,2.7683382050577694,0.3838584817959003,0.3198783462191589,0.12415611553634816,25.0,25.0,25.0,25.0,25.0,25.0,24.0,9.534,0.0,0.0,1.0,1781028070799677565
1781028070911198115,0.0003973360519806332,57.26168792790844,103.13201324245884,-0.0010433810377626352,-0.014504832652382355,-0.00025178983147726165,7.71712375056749e-8,8.418564174952239e-6,-4.5188672989198424e-8,5.645432610427164e-6,2.2302308309813623e-6,6.939543075581691e-7,0.0015248474972349144,5.936120912774854,2.768335118903771,0.38386131218784225,0.319878688462708,0.12415691393623551,25.0,25.0,25.0,25.0,25.0,25.0,24.0,9.534,0.0,0.0,1.0,1781028070897513324
1781028071011310093,0.0003973440918726259,57.26168880488265,103.13201323776843,-0.0010427929596821435,-0.014504600336006729,-0.00025171755367954724,7.719504346982201e-8,8.419303864208116e-6,-4.488436472923809e-8,5.645673770171435e-6,2.230247288156278e-6,6.937821583743192e-7,0.001507252456825895,5.936120465087034,2.768332032650591,0.383864142663862,0.3198790307096644,0.12415771236017692,25.0,25.0,25.0,25.0,25.0,25.0,24.0,9.534,0.0,0.0,1.0,1781028071000732652
1781028071111168584,0.0003973521343405395,57.26168968193309,103.13201323310926,-0.001042204855228856,-0.014504368017619024,-0.00025164529415890437,7.72194572460444e-8,8.420035229149293e-6,-4.4584519832085986e-8,5.6459225953561e-6,2.2302657960970993e-6,6.936071671253106e-7,0.001489656888081798,5.936120017317351,2.7683289462941936,0.3838669732244286,0.31987937296203267,0.12415851080841976,25.0,25.0,25.0,25.0,25.0,25.0,24.0,9.534,0.0,0.0,1.0,1781028071098211394
1781028071211119850,0.00039736017933681073,57.26169055905951,103.13201322848126,-0.001041616724989869,-0.014504135697280292,-0.00025157305290299497,7.724423771475226e-8,8.420758146836772e-6,-4.4287703226383743e-8,5.6461784884305665e-6,2.2302865788019215e-6,6.934294800743388e-7,0.001472060796079617,5.936119569464014,2.7683258598351825,0.38386980387027664,0.319879715217849,0.12415930928115974,25.0,25.0,25.0,25.0,25.0,25.0,24.0,9.534,0.0,0.0,1.0,1781028071206005340
1781028071310749180,0.00039736822680347866,57.26169143626166,103.13201322388451,-0.0010410285696440028,-0.014503903375081282,-0.00025150082987334505,7.726705065941046e-8,8.421488704029653e-6,-4.398513528658654e-8,5.6464061318168e-6,2.230301741084194e-6,6.932568630600918e-7,0.0014544641741069285,5.936119121537105,2.768322773275799,0.3838726346003472,0.3198800574774659,0.1241601077780984,25.0,25.0,25.0,25.0,25.0,25.0,24.0,9.534,0.0,0.0,1.0,1781028071302903972
1781028071413635403,0.0003973762767003848,57.26169231353924,103.13201321931896,-0.00104044038963298,-0.01450367105105797,-0.0002514286250844255,7.729036232995155e-8,8.42220952513505e-6,-4.3687318312186435e-8,5.6466451179765235e-6,2.2303200324044712e-6,6.930808731825276e-7,0.0014368670069482862,5.936118673522717,2.768319686611317,0.38387546541524126,0.31988039974231997,0.12416090629925344,25.0,25.0,25.0,25.0,25.0,25.0,24.0,9.534,0.0,0.0,1.0,1781028071407667081
1781028071510526963,0.0003973843289743924,57.26169319089204,103.1320132147846,-0.0010398521856227238,-0.014503438725295196,-0.00025135643850411165,7.73136661298622e-8,8.422926707307344e-6,-4.3390405605550816e-8,5.646881964303551e-6,2.2303384314765206e-6,6.929040868427443e-7,0.001419269322023443,5.936118225430358,2.768316599847383,0.3838782963161595,0.31988074201014793,0.12416170484521484,25.0,25.0,25.0,25.0,25.0,25.0,24.0,9.534,0.0,0.0,1.0,1781028071503764917
1781028071612716294,0.0003973907724702145,57.26169389282826,103.13201321117958,-0.0010393816055706843,-0.01450325286348422,-0.0002512987023317222,7.7329130433989e-8,8.42351453262071e-6,-4.314184490291513e-8,5.64702719643139e-6,2.2303437805494576e-6,6.927716065944783e-7,0.001405190792659473,5.936117866908048,2.7683141303639505,0.38388056109647056,0.31988101582758793,0.12416234369911155,25.0,25.0,25.0,25.0,25.0,25.0,24.0,9.534,0.0,0.0,1.0,1781028071584156744
1781028071710684853,0.00039740044046910906,57.26169494582216,103.13201320580944,-0.0010386757078143574,-0.014502974068786695,-0.00025121211993507414,7.73581843413146e-8,8.424357882968243e-6,-4.279375601929373e-8,5.647328729459188e-6,2.230371243253463e-6,6.925531342538069e-7,0.0013840723539141914,5.936117329004386,2.76831042601134,0.3838839583718904,0.3198814265591495,0.12416330200997236,25.0,25.0,25.0,25.0,25.0,25.0,24.0,9.534,0.0,0.0,1.0,1781028071708578813
1781028071811545073,0.000397406887583842,57.261695647877694,103.13201320225429,-0.0010382050915507433,-0.014502788204441725,-0.00025115441284327846,7.737208947168912e-8,8.424943276718824e-6,-4.2543334229179706e-8,5.647459096491714e-6,2.2303736940746773e-6,6.924226390618547e-7,0.0013699929611240289,5.93611697035754,2.7683079563661313,0.3838862232875498,0.31988170038281066,0.12416394090263452,25.0,25.0,25.0,25.0,25.0,25.0,24.0,9.534,0.0,0.0,1.0,1781028071793178035
1781028071910798230,0.0003974149484668796,57.26169652551383,103.13201319783838,-0.0010376168014447358,-0.014502555872628107,-0.000251082295359798,7.739449287644792e-8,8.425647873154567e-6,-4.2248762268883793e-8,5.647682986117194e-6,2.230391791957672e-6,6.922443380640488e-7,0.0013523932639729471,5.93611652195664,2.768304869210668,0.38388905451148425,0.3198820426675602,0.12416473954138756,25.0,25.0,25.0,25.0,25.0,25.0,24.0,9.534,0.0,0.0,1.0,1781028071893591509
1781028072012560974,0.00039742301149567886,57.261697403223934,103.13201319345364,-0.0010370284901462994,-0.01450232353939874,-0.00025101019600486135,7.741465087793384e-8,8.426358211461363e-6,-4.194874765776873e-8,5.647881059052978e-6,2.2304046873252196e-6,6.920709700083264e-7,0.0013347930156679447,5.936116073479753,2.7683017819557287,0.3838918858205383,0.3198823849555643,0.12416553820444529,25.0,25.0,25.0,25.0,25.0,25.0,24.0,9.534,0.0,0.0,1.0,1781028071991883043
1781028072111301088,0.0003974310766323552,57.26169828100769,103.13201318910004,-0.0010364401581363166,-0.014502091204800574,-0.00025093811478677137,7.743462147828043e-8,8.427064638076288e-6,-4.164971321211253e-8,5.648077372117428e-6,2.2304174705522027e-6,6.918969848586048e-7,0.0013171922343412556,5.936115624922057,2.7682986945983736,0.38389471721417007,0.3198827272476109,0.12416633689176164,25.0,25.0,25.0,25.0,25.0,25.0,24.0,9.534,0.0,0.0,1.0,1781028072097467126
1781028072214813695,0.0003974391438296618,57.26169915886486,103.1320131847776,-0.0010358518059943322,-0.01450185886889883,-0.00025086605168809167,7.74545049270803e-8,8.42776677417808e-6,-4.135212330066374e-8,5.648270587062655e-6,2.230430473111665e-6,6.917223470421347e-7,0.0012995909324034795,5.936115176284956,2.768295607137992,0.3838975486938304,0.31988306954421725,0.12416713560391734,25.0,25.0,25.0,25.0,25.0,25.0,24.0,9.534,0.0,0.0,1.0,1781028072201429231
1781028072315935148,0.00039744721304188014,57.2617000367952,103.13201318048624,-0.0010352634343533513,-0.014501626531766097,-0.0002507940066864925,7.747309701787732e-8,8.428470661057584e-6,-4.1051405938187954e-8,5.648448151711191e-6,2.23044028805959e-6,6.915503105078477e-7,0.0012819890877683194,5.936114727569383,2.768292519576007,0.3839003802579004,0.31988341184530555,0.12416793434023224,25.0,25.0,25.0,25.0,25.0,25.0,24.0,9.534,0.0,0.0,1.0,1781028072304403463
1781028072416046781,0.00039745528422847247,57.2617009147984,103.132013176226,-0.001034675043684751,-0.014501394193454318,-0.00025072197978573006,7.749225072816247e-8,8.42916537498094e-6,-4.0755041894512075e-8,5.648635449737218e-6,2.2304528659878247e-6,6.913751054127386e-7,0.0012643866967891409,5.936114278769996,2.768289431910052,0.38390321190768134,0.31988375414985887,0.124168733101047,25.0,25.0,25.0,25.0,25.0,25.0,24.0,9.534,0.0,0.0,1.0,1781028072412442952
1781028072515270552,0.0003974633573381564,57.26170179287424,103.1320131719969,-0.001034086634653258,-0.014501161854042767,-0.0002506499709522099,7.751121025378149e-8,8.429858658827597e-6,-4.045882047262316e-8,5.648818013938949e-6,2.2304654055766315e-6,6.911996413411974e-7,0.001246783788603548,5.9361138298888205,2.768286344141643,0.3839060436437422,0.3198840964592959,0.12416953188678266,25.0,25.0,25.0,25.0,25.0,25.0,24.0,9.534,0.0,0.0,1.0,1781028072503236371
1781028072615974510,0.000397471432330812,57.261702671022455,103.13201316779886,-0.0010334982078030368,-0.014500929513592435,-0.0002505779801786296,7.752911228224104e-8,8.430551458535361e-6,-4.0159904911651615e-8,5.648987423188698e-6,2.2304749198495463e-6,6.910262291358662e-7,0.001229180334778061,5.936113380931074,2.768283256273291,0.3839088754649029,0.31988443877268286,0.12417033069688894,25.0,25.0,25.0,25.0,25.0,25.0,24.0,9.534,0.0,0.0,1.0,1781028072604300143
1781028072716156702,0.00039747950915692914,57.26170354924278,103.13201316363195,-0.0010329097637621462,-0.014500697172185184,-0.00025050600743682335,7.75456906098111e-8,8.431247641561469e-6,-3.9858562177076465e-8,5.649138469523077e-6,2.230481423949535e-6,6.908556948716673e-7,0.001211576352219755,5.9361129318944235,2.76828016830232,0.3839117073715499,0.3198847810896694,0.12417112953157664,25.0,25.0,25.0,25.0,25.0,25.0,24.0,9.534,0.0,0.0,1.0,1781028072704008582
1781028072815301045,0.000397485971914237,57.26170425187076,103.13201316032077,-0.0010324389964721833,-0.014500511298394844,-0.00025044844223178316,7.755927515021296e-8,8.431799462130622e-6,-3.961953990784607e-8,5.64926321827853e-6,2.230488035992316e-6,6.907175538289281e-7,0.0011974927770496552,5.936112572605775,2.768277697850065,0.3839139729585485,0.31988505494652814,0.12417176861702228,25.0,25.0,25.0,25.0,25.0,25.0,24.0,9.534,0.0,0.0,1.0,1781028072784317599
1781028072915517204,0.0003974956681621416,57.26170530589863,103.13201315539126,-0.001031732826109885,-0.01450023248668003,-0.00025036211605963923,7.758093169923353e-8,8.432613230557984e-6,-3.926810952598307e-8,5.649468886169238e-6,2.2305022007079006e-6,6.90505055309179e-7,0.0011763667730670764,5.9361120335706845,2.76827399204874,0.3839173714425447,0.31988546573766324,0.12417272727493252,25.0,25.0,25.0,25.0,25.0,25.0,24.0,9.534,0.0,0.0,1.0,1781028072908619139
1781028073016182179,0.0003975037502432854,57.2617061843337,103.13201315131752,-0.001031144333767211,-0.014500000142749676,-0.000250290197363536,7.759635685831087e-8,8.433300966079389e-6,-3.8966990202855726e-8,5.649603958231403e-6,2.230506860906549e-6,6.903347714344581e-7,0.0011587611863718168,5.936111584294014,2.7682709037693223,0.3839202036061812,0.31988580806774397,0.12417352618348149,25.0,25.0,25.0,25.0,25.0,25.0,24.0,9.534,0.0,0.0,1.0,1781028073013230139
1781028073116269674,0.0003975118339878472,57.26170706283983,103.13201314727483,-0.0010305558265209225,-0.014499767798117368,-0.0002502182966431741,7.761121159236049e-8,8.433987842995264e-6,-3.8665553822454344e-8,5.649731797695138e-6,2.2305107400080236e-6,6.901650448129512e-7,0.0011411550570932742,5.936111134935581,2.768267815387868,0.3839230358561319,0.3198861504014649,0.12417432511676924,25.0,25.0,25.0,25.0,25.0,25.0,24.0,9.534,0.0,0.0,1.0,1781028073108880119
1781028073215425087,0.0003975199193623951,57.261707941416695,103.13201314326312,-0.00102996730477568,-0.0144995354528224,-0.0002501464139154093,7.762772825009343e-8,8.434658568744837e-6,-3.83726807844439e-8,5.649884795285838e-6,2.230520229797423e-6,6.8998887442532e-7,0.0011235483823809228,5.9361106854906485,2.7682647269011413,0.3839258681918881,0.31988649274068387,0.12417512407464232,25.0,25.0,25.0,25.0,25.0,25.0,24.0,9.533,0.0,0.0,1.0,1781028073210812904
1781028073315946287,0.0003975280063120036,57.26170882006416,103.13201313928248,-0.0010293787693420034,-0.014499303106973014,-0.000250074549118177,7.764246657397811e-8,8.435337396249873e-6,-3.8073543245448374e-8,5.650009974961025e-6,2.230524553731229e-6,6.898175974476361e-7,0.0011059411747962118,5.936110235969422,2.768261638313948,0.3839287006137336,0.31988683508326005,0.12417592305727376,25.0,25.0,25.0,25.0,25.0,25.0,24.0,9.533,0.0,0.0,1.0,1781028073308757331
1781028073415513361,0.00039753447698229536,57.26170952303271,103.13201313612026,-0.0010289079314145366,-0.014499117229921962,-0.00025001707019990644,7.76533235526838e-8,8.435879925457296e-6,-3.7832786772371754e-8,5.6500988239210585e-6,2.230525774175131e-6,6.896823331032368e-7,0.001091855027001284,5.936109876297771,2.7682591673694845,0.3839309666123311,0.3198871089603104,0.12417656226098744,25.0,25.0,25.0,25.0,25.0,25.0,24.0,9.533,0.0,0.0,1.0,1781028073393798354
1781028073516033401,0.0003975441847885828,57.26171057756958,103.13201313141415,-0.0010282016593229691,-0.014498838413812892,-0.0002499308733259618,7.766925812542591e-8,8.436691150523942e-6,-3.747134112956473e-8,5.650226292634694e-6,2.23052693744437e-6,6.894794443592348e-7,0.0010707251577352474,5.936109336693364,2.7682554608315497,0.38393436571449147,0.3198875197813911,0.12417752109652969,25.0,25.0,25.0,25.0,25.0,25.0,24.0,9.533,0.0,0.0,1.0,1781028073510136899
1781028073616982562,0.0003975506578311821,57.261711280649976,103.13201312830152,-0.001027730801473567,-0.01449865253608934,-0.00024987342308019003,7.768171142266264e-8,8.43721927334604e-6,-3.723810706219073e-8,5.650335366315647e-6,2.230533605915595e-6,6.893379573232745e-7,0.0010566381438700573,5.936108976885584,2.7682529897216592,0.3839366318518112,0.3198877936654839,0.12417816034004164,25.0,25.0,25.0,25.0,25.0,25.0,24.0,9.533,0.0,0.0,1.0,1781028073590403077
1781028073715422051,0.0003975603690926542,57.26171233535397,103.13201312366972,-0.0010270245008972018,-0.014498373719140449,-0.0002497872691680044,7.769824589647144e-8,8.438016234899567e-6,-3.688334113786114e-8,5.650472647649253e-6,2.2305383143257375e-6,6.891304997478034e-7,0.001035506970341242,5.936108437081133,2.768249282935465,0.3839400311614434,0.3198882044967766,0.12417911923508264,25.0,25.0,25.0,25.0,25.0,25.0,24.0,9.533,0.0,0.0,1.0,1781028073710257057
1781028073816481654,0.0003975668443724118,57.26171303854538,103.13201312060664,-0.0010265536250301517,-0.014498187840972976,-0.00024972984752905737,7.770856298223199e-8,8.438546883432673e-6,-3.66455118839372e-8,5.650554714979502e-6,2.23053989094828e-6,6.889934226596193e-7,0.0010214190893384142,5.936108077148312,2.7682468116610917,0.3839422974357716,0.3198884783875132,0.1241797585179208,25.0,25.0,25.0,25.0,25.0,25.0,24.0,9.533,0.0,0.0,1.0,1781028073791379506
1781028073916268032,0.0003975765588911085,57.26171409341527,103.13201311604914,-0.0010258472987664303,-0.014497909023515304,-0.0002496437364926603,7.772345032007308e-8,8.439342948659146e-6,-3.6287177885864226e-8,5.650664596797002e-6,2.230540063326423e-6,6.887891302858202e-7,0.0010002866425869064,5.93610753715501,2.768243104629339,0.3839456969525765,0.31988888922906844,0.12418071747267174,25.0,25.0,25.0,25.0,25.0,25.0,24.0,9.533,0.0,0.0,1.0,1781028073911234077
1781028074016174224,0.0003975830362758395,57.261714796716866,103.13201311303554,-0.0010253764067003775,-0.014497723145118472,-0.00024958634340812615,7.77327638756054e-8,8.439872868164819e-6,-3.6047915202496675e-8,5.65073086524795e-6,2.2305391580400816e-6,6.886537682146852e-7,0.0009861978978494609,5.9361071770938265,2.7682406331910823,0.3839479633656823,0.3198891631268323,0.12418135679541714,25.0,25.0,25.0,25.0,25.0,25.0,24.0,9.533,0.0,0.0,1.0,1781028073992803213
1781028074115892089,0.00039759113414251327,57.26171567590544,103.13201310929637,-0.001024787783187842,-0.014497490797066736,-0.0002495146181080328,7.77458482768896e-8,8.440521147208936e-6,-3.575592988672728e-8,5.650836329261021e-6,2.230543075314036e-6,6.884788161689637e-7,0.0009685864799748404,5.936106726942847,2.768237543801103,0.38395079645994834,0.3198895055024083,0.12418215597120492,25.0,25.0,25.0,25.0,25.0,25.0,24.0,9.533,0.0,0.0,1.0,1781028074096457387
1781028074215973901,0.0003975992332265286,57.26171655516227,103.1320131055881,-0.0010241991509492689,-0.014497258449038194,-0.00024944291060927586,7.77570902983904e-8,8.44117597554394e-6,-3.545894256692671e-8,5.650914632297258e-6,2.230541938306504e-6,6.883086669906559e-7,0.0009509745280787988,5.936106276713034,2.7682344543079274,0.3839536296405724,0.3198898478826881,0.12418295517187378,25.0,25.0,25.0,25.0,25.0,25.0,24.0,9.533,0.0,0.0,1.0,1781028074198296720
1781028074315768074,0.00039760733349167505,57.261717434487075,103.13201310191072,-0.001023610510517209,-0.014497026101091827,-0.0002493712209034797,7.77685381583085e-8,8.441826705891673e-6,-3.516347169168704e-8,5.650993560392857e-6,2.230541919603662e-6,6.881371272697259e-7,0.000933362040658216,5.93610582639892,2.768231364710839,0.3839564629088796,0.3198901902671512,0.12418375439777785,25.0,25.0,25.0,25.0,25.0,25.0,24.0,9.533,0.0,0.0,1.0,1781028074296270224
1781028074416161442,0.0003976154349000222,57.26171831387956,103.13201309826418,-0.001023021862425026,-0.01449679375328634,-0.00024929954898146383,7.777994006480226e-8,8.442472994563926e-6,-3.4868358152076434e-8,5.651071228500382e-6,2.230541790324131e-6,6.879649200904493e-7,0.0009157489999619268,5.936105376005585,2.76822827501116,0.3839592962630845,0.31989053265606887,0.1241845536482856,25.0,25.0,25.0,25.0,25.0,25.0,24.0,9.533,0.0,0.0,1.0,1781028074397282925
1781028074515846812,0.00039762353740853,57.261719193339495,103.13201309464856,-0.0010224332072924106,-0.014496561405702942,-0.00024922789481542735,7.778984538054795e-8,8.443121136920096e-6,-3.4571180356962676e-8,5.651130774885119e-6,2.230537775169305e-6,6.877958534111319e-7,0.0008981354309771242,5.936104925537013,2.7682251852094084,0.3839621297030435,0.3198908750496386,0.12418535292356006,25.0,25.0,25.0,25.0,25.0,25.0,24.0,9.533,0.0,0.0,1.0,1781028074500183784
1781028074616526931,0.00039763164097746833,57.26172007286664,103.13201309106375,-0.0010218445456947952,-0.014496329058406256,-0.0002491562583863245,7.779942740719789e-8,8.44376675222346e-6,-3.427402680911348e-8,5.6511855999511335e-6,2.23053395005068e-6,6.876267121444684e-7,0.0008805213084409243,5.9361044749838525,2.768222095303445,0.38396496323059914,0.31989121744669863,0.12418615222389738,25.0,25.0,25.0,25.0,25.0,25.0,24.0,9.533,0.0,0.0,1.0,1781028074596947031
1781028074716107552,0.00039763974557194753,57.261720952460685,103.1320130875098,-0.0010212558781634545,-0.014496096711456937,-0.0002490846396870329,7.780902021481004e-8,8.444408032845056e-6,-3.3978066876613134e-8,5.6512405136529795e-6,2.2305302245499624e-6,6.874566129224558e-7,0.0008629066421889618,5.936104024350284,2.768219005296298,0.38396779684485144,0.3198915598480232,0.124186951549149,25.0,25.0,25.0,25.0,25.0,25.0,24.0,9.533,0.0,0.0,1.0,1781028074701056989
1781028074815772572,0.00039764785115045973,57.261721832121395,103.13201308398664,-0.0010206672052834626,-0.014495864364927917,-0.0002490130386951652,7.78176877263847e-8,8.44505074514023e-6,-3.367960782598957e-8,5.651279194853563e-6,2.2305238203004444e-6,6.872887579762343e-7,0.0008452914468802335,5.936103573638187,2.768215915185006,0.38397063054618497,0.3198919022543903,0.1241877508995764,25.0,25.0,25.0,25.0,25.0,25.0,24.0,9.533,0.0,0.0,1.0,1781028074808623255
1781028074916072462,0.0003976559576788077,57.261722711848485,103.13201308049427,-0.0010200785275465089,-0.014495632018870636,-0.00024894145540834794,7.7827652189887e-8,8.445681576618986e-6,-3.3387475725214484e-8,5.651335059493504e-6,2.230521670568117e-6,6.871160563072849e-7,0.0008276757091976966,5.936103122839411,2.768212824969197,0.3839734643347061,0.319892244665358,0.12418855027504236,25.0,25.0,25.0,25.0,25.0,25.0,24.0,9.533,0.0,0.0,1.0,1781028074901702348
1781028075015771751,0.0003976640651089023,57.261723591641754,103.1320130770327,-0.0010194898456844295,-0.014495399673384658,-0.0002488698897760911,7.78347647891557e-8,8.446323399758689e-6,-3.3086060495773495e-8,5.6513526336072415e-6,2.2305116440709856e-6,6.869509292302546e-7,0.0008100594194932614,5.936102671969825,2.768209734652238,0.38397629820900686,0.31989258707902235,0.12418934967509944,25.0,25.0,25.0,25.0,25.0,25.0,24.0,9.533,0.0,0.0,1.0,1781028075006992859
1781028075115701917,0.0003976721734121771,57.26172447150085,103.13201307360188,-0.0010189011601074622,-0.01449516732850808,-0.00024879834181284333,7.784312515667688e-8,8.446953184582398e-6,-3.2791575457373625e-8,5.65138854956401e-6,2.2305059807843273e-6,6.867808404098828e-7,0.0007924425825681721,5.9361022210123,2.7682066442304114,0.3839791321709318,0.3198929294985023,0.1241901491003366,25.0,25.0,25.0,25.0,25.0,25.0,24.0,9.533,0.0,0.0,1.0,1781028075103454464
1781028075215748258,0.0003976802825505576,57.26172535142556,103.13201307020182,-0.0010183124713964604,-0.014494934984306878,-0.00024872681149940126,7.785333058136242e-8,8.447569077938295e-6,-3.250544453370767e-8,5.651449469718136e-6,2.230506695391912e-6,6.866040922340379e-7,0.0007748252060014245,5.936101769966079,2.7682035537032608,0.3839819662210316,0.31989327192229633,0.12419094855092928,25.0,25.0,25.0,25.0,25.0,25.0,24.0,9.533,0.0,0.0,1.0,1781028075206968550
1781028075315578407,0.0003976883924762224,57.26172623141564,103.13201306683251,-0.0010177237802374158,-0.01449470264087926,-0.0002486552987903597,7.785967855540724e-8,8.448201120184954e-6,-3.2206942691578406e-8,5.651455919865558e-6,2.2304958401502427e-6,6.864383388032149e-7,0.0007572072872256128,5.936101318850573,2.768200463076241,0.38398480035721344,0.3198936143497763,0.1241917480263186,25.0,25.0,25.0,25.0,25.0,25.0,24.0,9.533,0.0,0.0,1.0,1781028075305620605
1781028075415487656,0.0003976965031568822,57.26172711147083,103.13201306349394,-0.0010171350871317352,-0.01449447029827776,-0.0002485838036820909,7.786568431854076e-8,8.448829719032546e-6,-3.1908250811306934e-8,5.651458291227649e-6,2.2304844078230945e-6,6.862725821739777e-7,0.0007395888174622578,5.936100867657477,2.768197372346011,0.3839876345796032,0.3198939567812996,0.12419254752644414,25.0,25.0,25.0,25.0,25.0,25.0,24.0,9.533,0.0,0.0,1.0,1781028075410729830
1781028075515301961,0.000397704614558684,57.26172799159082,103.13201306018604,-0.001016546392581202,-0.014494237956557007,-0.00024851232616993096,7.78725168177888e-8,8.449450053938517e-6,-3.161445304488241e-8,5.651472147007012e-6,2.2304761313263965e-6,6.861032982121475e-7,0.0007219697984991677,5.936100416376844,2.768194281511397,0.3839904688904694,0.3198942992172382,0.12419334705196812,25.0,25.0,25.0,25.0,25.0,25.0,24.0,9.533,0.0,0.0,1.0,1781028075507403221
1781028075616930226,0.00039771272664331506,57.26172887177538,103.13201305690885,-0.0010159576971649638,-0.01449400561578486,-0.0002484408662332828,7.788003840719305e-8,8.450062060585155e-6,-3.132395366779835e-8,5.651491839950992e-6,2.2304696574187706e-6,6.859314559184349e-7,0.0007043502508694878,5.936099965013859,2.768191190572326,0.3839933032884767,0.3198946416586323,0.12419414660269092,25.0,25.0,25.0,25.0,25.0,25.0,24.0,9.533,0.0,0.0,1.0,1781028075607749378
1781028075715566256,0.0003977208393630108,57.26172975202429,103.1320130536623,-0.0010153690016014689,-0.014493773276066374,-0.00024836942381982816,7.78844757872534e-8,8.450688217269925e-6,-3.102314476731264e-8,5.6514702857306495e-6,2.2304549974199274e-6,6.857678227198292e-7,0.000686730151339349,5.936099513576767,2.7681880995326305,0.3839961377739407,0.31989498410263506,0.12419494617851218,25.0,25.0,25.0,25.0,25.0,25.0,24.0,9.533,0.0,0.0,1.0,1781028075709510366
1781028075815382488,0.00039772895269476425,57.2617306323372,103.13201305044645,-0.0010147803062411362,-0.014493540937422736,-0.0002482979989565908,7.7890533383489e-8,8.451299543492564e-6,-3.073084055182264e-8,5.651470936948832e-6,2.230445488362392e-6,6.855983096877885e-7,0.0006691094938703459,5.936099062052441,2.7681850083867294,0.38399897234683134,0.31989532655248165,0.12419574577940024,25.0,25.0,25.0,25.0,25.0,25.0,24.0,9.533,0.0,0.0,1.0,1781028075810912776
1781028075916231836,0.0003977370665958156,57.26173151271391,103.1320130472612,-0.0010141916117388755,-0.01449330859994126,-0.00024822659160662913,7.789571025493683e-8,8.451910212346925e-6,-3.0436907111174117e-8,5.651459157477652e-6,2.230433679735092e-6,6.854305332719935e-7,0.0006514882940010839,5.936098610451329,2.768181917137618,0.3840018070064053,0.31989566900616645,0.1241965454052415,25.0,25.0,25.0,25.0,25.0,25.0,24.0,9.533,0.0,0.0,1.0,1781028075909655124
1781028076016579272,0.00039774518102991336,57.261732393154126,103.13201304410651,-0.0010136029186309354,-0.014493076263685576,-0.00024815520175534573,7.790143991548513e-8,8.452515052129186e-6,-3.014496984888036e-8,5.651452158413935e-6,2.230423558711193e-6,6.852605238633786e-7,0.0006338665585370437,5.9360981587657875,2.7681788257852182,0.384004641754596,0.31989601146445673,0.12419734505666212,25.0,25.0,25.0,25.0,25.0,25.0,24.0,9.533,0.0,0.0,1.0,1781028076010800790
1781028076116026390,0.00039775329595702217,57.261733273657626,103.13201304098251,-0.0010130142275162357,-0.014492843928731064,-0.0002480838293749212,7.790649646319484e-8,8.45311886745894e-6,-2.985376296552185e-8,5.65143871375349e-6,2.2304126622151043e-6,6.85091191851179e-7,0.0006162442566356183,5.9360977069972325,2.7681757343282043,0.3840074765895305,0.3198963539268,0.12419814473284248,25.0,25.0,25.0,25.0,25.0,25.0,24.0,9.533,0.0,0.0,1.0,1781028076114206879
1781028076215844188,0.00039775978822862096,57.2617339781058,103.13201303850532,-0.0010125432764609428,-0.014492658061755304,-0.00024802674403303336,7.79093034083056e-8,8.453605760767785e-6,-2.9616481445472282e-8,5.651407990017296e-6,2.2304000440613167e-6,6.849591409591588e-7,0.000602146047500821,5.9360973455306745,2.768173261090387,0.38400974452121106,0.3198966278995807,0.12419878449236664,25.0,25.0,25.0,25.0,25.0,25.0,24.0,9.533,0.0,0.0,1.0,1781028076195135806
1781028076315432435,0.00039776952714805813,57.26173503485338,103.1320130348262,-0.0010118368535211144,-0.014492379263001566,-0.0002479411369542881,7.791344440974459e-8,8.454329578919719e-6,-2.9262854368015482e-8,5.651364622452644e-6,2.230381667564916e-6,6.847597711673453e-7,0.0005809980387073196,5.936096803229158,2.76816955110864,0.3840131465233829,0.3198970388645874,0.12419974416145566,25.0,25.0,25.0,25.0,25.0,25.0,24.0,9.533,0.0,0.0,1.0,1781028076312742654
1781028076416051293,0.0003977760200748692,57.261735739401765,103.13201303239788,-0.001011365907723184,-0.014492193398352575,-0.00024788407951251775,7.791668679266969e-8,8.454806461852597e-6,-2.902981224102096e-8,5.65134053869003e-6,2.230371281200757e-6,6.846247763710728e-7,0.0005668989366059037,5.936096441628552,2.7681670777026226,0.3840154145948929,0.3198973128446889,0.12420038396105187,25.0,25.0,25.0,25.0,25.0,25.0,24.0,9.533,0.0,0.0,1.0,1781028076392994756
1781028076515836510,0.0003977857598868081,57.261736796299054,103.13201302879204,-0.001010659494072526,-0.0144919146032642,-0.0002477985142259774,7.792007303046793e-8,8.455524807962895e-6,-2.8675837797257952e-8,5.65128107821793e-6,2.230351110919271e-6,6.844261208055814e-7,0.0005457496355664045,5.936095899134161,2.7681633674704837,0.3840188168075995,0.31989772382036535,0.12420134369089068,25.0,25.0,25.0,25.0,25.0,25.0,24.0,9.533,0.0,0.0,1.0,1781028076514074955
1781028076617643255,0.0003977922533499839,57.261737500946815,103.13201302641257,-0.0010101885553659218,-0.014491728741170391,-0.0002477414846134914,7.792270433068878e-8,8.455998538416902e-6,-2.844289633974989e-8,5.651247843449346e-6,2.230339415177978e-6,6.842916632842755e-7,0.000531649645164852,5.936095537404455,2.768160893898939,0.3840210850196837,0.31989799780694317,0.12420198353084017,25.0,25.0,25.0,25.0,25.0,25.0,24.0,9.533,0.0,0.0,1.0,1781028076599736184
1781028076715500696,0.00039780037043051,57.26173838181212,103.13201302346566,-0.001009599886776775,-0.014491496415092054,-0.0002476702132134415,7.792410598622807e-8,8.456596561311889e-6,-2.8145687839393513e-8,5.651177212966268e-6,2.2303188793221703e-6,6.841288395372243e-7,0.0005140241950576875,5.936095085174836,2.768157801843421,0.3840239203641484,0.3198983402950395,0.124202783353912,25.0,25.0,25.0,25.0,25.0,25.0,24.0,9.533,0.0,0.0,1.0,1781028076697144027
1781028076815644053,0.0003978084877614046,57.26173926273889,103.1320130205492,-0.0010090112239166018,-0.014491264090766646,-0.00024759895916844326,7.792654274148556e-8,8.457185999001083e-6,-2.7853462631879104e-8,5.651121561106678e-6,2.230302453931448e-6,6.839618613121434e-7,0.0004963981723432685,5.936094632857385,2.7681547096820545,0.3840267557968956,0.31989868278689504,0.12420358320215942,25.0,25.0,25.0,25.0,25.0,25.0,24.0,9.533,0.0,0.0,1.0,1781028076800286681
1781028076916155507,0.00039781660530850585,57.26174014372691,103.1320130176632,-0.001008422567351681,-0.014491031768261591,-0.0002475277224578644,7.79291952899238e-8,8.457766458973868e-6,-2.7564799295017007e-8,5.651071255876759e-6,2.2302872354944475e-6,6.83792899891637e-7,0.0004787715907471519,5.936094180458322,2.768151617415935,0.3840295913169785,0.31989902528405995,0.12420438307547634,25.0,25.0,25.0,25.0,25.0,25.0,24.0,9.533,0.0,0.0,1.0,1781028076898538354
1781028077015611683,0.0003978247230326779,57.261741024775866,103.13201301480768,-0.0010078339176358214,-0.014490799447649388,-0.0002474565030598253,7.793173683265523e-8,8.458344717427816e-6,-2.7276842559803813e-8,5.651016710504654e-6,2.230271647602554e-6,6.836237328148031e-7,0.00046114448104120093,5.936093727978732,2.768148525047626,0.3840324269259435,0.31989936778529193,0.12420518297454144,25.0,25.0,25.0,25.0,25.0,25.0,24.0,9.533,0.0,0.0,1.0,1781028077003859852
1781028077115789787,0.0003978328408969443,57.261741905885565,103.13201301198252,-0.0010072452754206697,-0.01449056712901266,-0.0002473853009385373,7.79330717338183e-8,8.45892601551112e-6,-2.6985280290420165e-8,5.650944400107492e-6,2.2302531070579416e-6,6.834574318871332e-7,0.0004435168092323336,5.936093275419491,2.768145432574161,0.38403526262248855,0.3198997102905084,0.12420598289870977,25.0,25.0,25.0,25.0,25.0,25.0,24.0,9.533,0.0,0.0,1.0,1781028077099521747
1781028077217544717,0.00039784095886364186,57.26174278705574,103.13201300918782,-0.0010066566412364514,-0.014490334812420187,-0.000247314116075749,7.793180554692399e-8,8.459516789433568e-6,-2.668564449920831e-8,5.650834624253478e-6,2.230226423367753e-6,6.832984492383544e-7,0.0004258885971157719,5.9360928227887255,2.768142339999343,0.3840380984062875,0.3199000528003653,0.1242067828481099,25.0,25.0,25.0,25.0,25.0,25.0,24.0,9.533,0.0,0.0,1.0,1781028077206260334
1781028077316241929,0.000397849076905426,57.26174366828605,103.13201300642343,-0.0010060680155065374,-0.014490102497912645,-0.00024724294847829124,7.793282982219589e-8,8.460090606783542e-6,-2.6395437937763384e-8,5.65075677777748e-6,2.230207244624577e-6,6.831314633321095e-7,0.0004082598320788899,5.936092370066874,2.768139247319484,0.3840409342796661,0.3199003953149948,0.12420758282324612,25.0,25.0,25.0,25.0,25.0,25.0,24.0,9.533,0.0,0.0,1.0,1781028077300089833
1781028077415678511,0.0003978571949847657,57.261744549576306,103.13201300368942,-0.0010054793988670309,-0.014489870185572226,-0.00024717179811175623,7.79342523687613e-8,8.46066010727462e-6,-2.6108158879865197e-8,5.650682107268586e-6,2.2301897612789464e-6,6.82962661393203e-7,0.00039063051052150126,5.936091917260106,2.7681361545347096,0.3840437702417399,0.3199007378331916,0.1242083828238316,25.0,25.0,25.0,25.0,25.0,25.0,24.0,9.533,0.0,0.0,1.0,1781028077404095582
1781028077515730357,0.00039786531306189104,57.26174543092625,103.13201300098576,-0.001004890791888726,-0.014489637875474498,-0.0002471006649487186,7.793358124687543e-8,8.461232940231078e-6,-2.581625079601581e-8,5.650583340066368e-6,2.230166947899835e-6,6.827986246838524e-7,0.0003730006204398354,5.936091464378443,2.768133061645824,0.38404660629069143,0.31990108035677894,0.12420918284933744,25.0,25.0,25.0,25.0,25.0,25.0,24.0,9.533,0.0,0.0,1.0,1781028077501561937
1781028077615664242,0.0003978734311051121,57.2617463123356,103.1320129983124,-0.0010043021950992,-0.014489405567683624,-0.0002470295489752257,7.793268133315519e-8,8.461804545296974e-6,-2.5523492412692052e-8,5.65047572873201e-6,2.230142910171402e-6,6.826351612885074e-7,0.0003553702106710117,5.936091011416943,2.7681299686542427,0.3840494424288469,0.31990142288422835,0.12420998290076082,25.0,25.0,25.0,25.0,25.0,25.0,24.0,9.533,0.0,0.0,1.0,1781028077607545306
1781028077715943473,0.00039788154907712816,57.261747193804105,103.13201299566934,-0.001003713609075306,-0.014489173262270595,-0.00024695845016515746,7.793096709183216e-8,8.46237578989813e-6,-2.5229599663886176e-8,5.650359284933628e-6,2.230117239916897e-6,6.82472998637917e-7,0.0003377392208849493,5.936090558374589,2.768126875558121,0.384052278654621,0.3199017654163402,0.12421078297719858,25.0,25.0,25.0,25.0,25.0,25.0,24.0,9.533,0.0,0.0,1.0,1781028077703872056
1781028077815661316,0.0003978896669492549,57.2617480753315,103.13201299305652,-0.001003125034273592,-0.0144889409592858,-0.0002468873685182404,7.793120075389087e-8,8.462931202077597e-6,-2.4945317320959307e-8,5.650270266374554e-6,2.2300984956940975e-6,6.823037515273477e-7,0.00032010767837151134,5.936090105242341,2.768123782355586,0.38405511496984,0.31990210795280155,0.12421158307933323,25.0,25.0,25.0,25.0,25.0,25.0,24.0,9.533,0.0,0.0,1.0,1781028077808186946
1781028077916128763,0.0003978977846807393,57.26174895691752,103.132012990474,-0.00100253647133523,-0.01448870865881827,-0.00024681630399381793,7.792992109933534e-8,8.463492833004963e-6,-2.4655006570141593e-8,5.650154691161118e-6,2.2300742444934494e-6,6.821391227149578e-7,0.00030247560906585024,5.936089652035205,2.768120689052304,0.3840579513741921,0.3199024504932275,0.1242123832073648,25.0,25.0,25.0,25.0,25.0,25.0,24.0,9.533,0.0,0.0,1.0,1781028077909914041
1781028078015449954,0.0003979059022365116,57.26174983856194,103.13201298792168,-0.001001947920824164,-0.014488476360938116,-0.0002467452565689224,7.792657366803144e-8,8.464060980752983e-6,-2.4358499477796432e-8,5.65001136227029e-6,2.230044181089638e-6,6.819798280763611e-7,0.0002848429723888504,5.936089198752231,2.7681175956445085,0.3840607878655473,0.31990279303889874,0.12421318336035392,25.0,25.0,25.0,25.0,25.0,25.0,24.0,9.533,0.0,0.0,1.0,1781028078007445614
1781028078116247689,0.0003979140195896854,57.261750720264416,103.13201298539956,-0.0010013593831275215,-0.01448824406568177,-0.00024667422625435824,7.792562676658538e-8,8.464609944826259e-6,-2.4073950745555424e-8,5.64990227875299e-6,2.2300223681976412e-6,6.818119913418435e-7,0.0002672097873550154,5.936088745378376,2.768114502129264,0.3840636244465147,0.31990313558957323,0.12421398353915646,25.0,25.0,25.0,25.0,25.0,25.0,24.0,9.533,0.0,0.0,1.0,1781028078106157368
1781028078215573343,0.00039792213669468583,57.2617516020248,103.1320129829076,-0.0010007708589999248,-0.01448801177315965,-0.0002466032129863205,7.792246929887946e-8,8.465168942246388e-6,-2.3780884708792458e-8,5.649760208646657e-6,2.2299937183593657e-6,6.816504783005225e-7,0.00024957604449280706,5.936088291929896,2.7681114085142227,0.3840664611162967,0.319903478143353,0.1242147837435031,25.0,25.0,25.0,25.0,25.0,25.0,24.0,9.533,0.0,0.0,1.0,1781028078211885909
1781028078316334087,0.0003979302535269135,57.26175248384275,103.13201298044586,-0.0010001823488349298,-0.014487779483410498,-0.00024653221677750365,7.792047642357266e-8,8.465715769182597e-6,-2.3495239860811298e-8,5.649634908174453e-6,2.229969362780849e-6,6.814843096826849e-7,0.00023194174602388573,5.936087838396956,2.768108314790429,0.3840692978741444,0.31990382070227186,0.12421558397318726,25.0,25.0,25.0,25.0,25.0,25.0,24.0,9.533,0.0,0.0,1.0,1781028078306235063
1781028078415593958,0.0003979383700458272,57.26175336571805,103.13201297801422,-0.0009995938532294637,-0.014487547196513803,-0.00024646123759273136,7.791678029600771e-8,8.466266906106818e-6,-2.3204096251156037e-8,5.649486250515067e-6,2.229940241558513e-6,6.813224453201358e-7,0.0002143068856087652,5.936087384783713,2.768105220963765,0.3840721347209629,0.3199041632660133,0.12421638422844504,25.0,25.0,25.0,25.0,25.0,25.0,24.0,9.533,0.0,0.0,1.0,1781028078410613616
1781028078515413677,0.00039794648621777783,57.26175424765045,103.13201297561272,-0.0009990053727660711,-0.014487314912545164,-0.0002463902754045767,7.791293088372198e-8,8.466816644913051e-6,-2.291281703968563e-8,5.6493321077608405e-6,2.2299104222898385e-6,6.811606963101551e-7,0.00019667148287094095,5.936086931091011,2.768102127034704,0.38407497165705146,0.31990450583383523,0.12421718450950636,25.0,25.0,25.0,25.0,25.0,25.0,24.0,9.533,0.0,0.0,1.0,1781028078512055029
1781028078617620995,0.0003979529788847349,57.26175495323726,103.1320129737132,-0.0009985345995923538,-0.014487129087511527,-0.00024633351789120497,7.791043231575087e-8,8.467248858078057e-6,-2.2684538162553593e-8,5.649219102253498e-6,2.229889096444737e-6,6.81028512683944e-7,0.00018256275397085045,5.936086568075501,2.768099651815524,0.3840772412700643,0.31990477989086447,0.12421782475275074,25.0,25.0,25.0,25.0,25.0,25.0,24.0,9.533,0.0,0.0,1.0,1781028078592615312
1781028078715447014,0.00039796271739302326,57.26175601168539,103.13201297089998,-0.0009978284592216998,-0.014486850353620876,-0.0002462484019783443,7.790605499972025e-8,8.46789667927003e-6,-2.2340255831574112e-8,5.649038025746513e-6,2.2298555312005246e-6,6.808314368485584e-7,0.0001613990014073764,5.936086023452036,2.7680959388596222,0.3840806457967006,0.31990519098323433,0.12421878514854232,25.0,25.0,25.0,25.0,25.0,25.0,24.0,9.533,0.0,0.0,1.0,1781028078708434672
1781028078815510071,0.00039797083232413495,57.26175689378746,103.1320129685887,-0.0009972400273114967,-0.014486618078821982,-0.0002461774906795315,7.790055218353779e-8,8.46844200901836e-6,-2.2047478816458528e-8,5.648859129227891e-6,2.2298215239787932e-6,6.806723890857652e-7,0.0001437619217383541,5.936085569520881,2.7680928446180313,0.3840834829985754,0.31990553356348894,0.12421958550604303,25.0,25.0,25.0,25.0,25.0,25.0,24.0,9.533,0.0,0.0,1.0,1781028078812411948
1781028078916174747,0.00039797894677729567,57.26175777594555,103.13201296630744,-0.0009966516125731496,-0.014486385807196378,-0.00024610659631917194,7.789725415332979e-8,8.468969916584423e-6,-2.1765595649945468e-8,5.648713232076431e-6,2.229795481094664e-6,6.805051997630147e-7,0.00012612428790628825,5.936085115495621,2.7680897502678667,0.3840863202907271,0.3199058761497963,0.1242203858895538,25.0,25.0,25.0,25.0,25.0,25.0,24.0,9.533,0.0,0.0,1.0,1781028078909168301
1781028079015406007,0.0003979870607117639,57.26175865815944,103.13201296405616,-0.0009960632157077086,-0.01448615353884773,-0.00024603571884396794,7.789156715072878e-8,8.469508931547981e-6,-2.147452020790114e-8,5.648529126674653e-6,2.229761636395317e-6,6.803452652866573e-7,0.00010848610481088576,5.936084661395845,2.768086655817166,0.3840891576725217,0.3199062187395479,0.12422118629894588,25.0,25.0,25.0,25.0,25.0,25.0,24.0,9.532,0.0,0.0,1.0,1781028079014254041
1781028079115702962,0.00039799517409606314,57.26175954042886,103.13201296183492,-0.0009954748371914185,-0.01448592127382962,-0.00024596485824468104,7.788531612769356e-8,8.470044988397873e-6,-2.118439416123511e-8,5.648341184709378e-6,2.229727270432487e-6,6.801855639761735e-7,0.00009084736138580346,5.936084207215398,2.7680835612601995,0.38409199514248976,0.31990656133458933,0.12422198673371584,25.0,25.0,25.0,25.0,25.0,25.0,24.0,9.532,0.0,0.0,1.0,1781028079111636595
1781028079216619049,0.0003980016643894082,57.26176024628419,103.13201296007942,-0.0009950041478686549,-0.014485735464243685,-0.00024590818191782133,7.788096917291488e-8,8.470465818641876e-6,-2.095493608685464e-8,5.648197867761549e-6,2.2297012144759363e-6,6.800555005278244e-7,0.00007673596989521978,5.936083843813431,2.7680810855390683,0.3840942651820411,0.3199068354142094,0.124222627099875,25.0,25.0,25.0,25.0,25.0,25.0,24.0,9.532,0.0,0.0,1.0,1781028079190960570
1781028079316230964,0.0003980113990871246,57.26176130513324,103.1320129574822,-0.000994298137227101,-0.014485456754037895,-0.00024582318761217124,7.787328475712582e-8,8.471102380642127e-6,-2.0608351693536496e-8,5.647964880414484e-6,2.2296599257644542e-6,6.798630849256417e-7,0.00005556820904877588,5.93608329860791,2.76807737183237,0.3840976703506073,0.31990724653764324,0.1242235876805168,25.0,25.0,25.0,25.0,25.0,25.0,24.0,9.532,0.0,0.0,1.0,1781028079311297262
1781028079416113819,0.00039801788837378054,57.26176201107641,103.13201295577456,-0.000993827479276562,-0.014485270950035016,-0.000245766538213,7.786935864191249e-8,8.471513176077896e-6,-2.0383777797652135e-8,5.647828208570975e-6,2.229636167333138e-6,6.797301588922758e-7,0.00004145591543920071,5.936082935072492,2.7680748959434,0.3840999405334734,0.31990752062433225,0.12422422808787675,25.0,25.0,25.0,25.0,25.0,25.0,24.0,9.532,0.0,0.0,1.0,1781028079391806407
1781028079516218384,0.00039802762147730865,57.261763070056624,103.1320129532491,-0.0009931215170296398,-0.014484992248380351,-0.0002456815842353495,7.786001106935393e-8,8.472149680165224e-6,-2.0033834313261063e-8,5.6475671719863304e-6,2.229589577437576e-6,6.795415477129823e-7,0.000020286832073787477,5.936082389678402,2.768071181987756,0.3841033459159726,0.31990793175863813,0.1242251887302904,25.0,25.0,25.0,25.0,25.0,25.0,24.0,9.532,0.0,0.0,1.0,1781028079512161824
1781028079617756208,0.0003980341096488295,57.26176377608683,103.1320129515893,-0.0009926508921981611,-0.014484806450187014,-0.00024562496168733687,7.78562887115309e-8,8.472554745311089e-6,-1.9811796465187424e-8,5.647432371087029e-6,2.229567415544541e-6,6.794067622726839e-7,6.173635157564073e-6,5.936082026004967,2.768068705930289,0.3841056162432745,0.3199082058523225,0.12422582917915008,25.0,25.0,25.0,25.0,25.0,25.0,24.0,9.532,0.0,0.0,1.0,1781028079593836601
1781028079716030320,0.0003980438410013167,57.26176483519695,103.13201294913549,-0.0009919449808472609,-0.014484527757398905,-0.0002455400479438726,7.784604595259997e-8,8.473182741631094e-6,-1.946343838635972e-8,5.647162633640799e-6,2.2295196307271645e-6,6.792182381727224e-7,0.000014996800893358336,5.936081480415201,2.7680649917220266,0.3841090218396836,0.31990861699848394,0.12422678988310176,25.0,25.0,25.0,25.0,25.0,25.0,24.0,9.532,0.0,0.0,1.0,1781028079713125524
1781028079815507237,0.0003980503279513412,57.261765541313345,103.13201294752338,-0.000991474390795984,-0.014484341965226468,-0.00024548345218321417,7.784151417467062e-8,8.473585630958803e-6,-1.9240034094422316e-8,5.647013376988466e-6,2.229494965765549e-6,6.790849919613185e-7,0.00002911087364548945,5.936081116614157,2.7680625154974736,0.3841112923100829,0.31990889109981663,0.12422743037333664,25.0,25.0,25.0,25.0,25.0,25.0,24.0,9.532,0.0,0.0,1.0,1781028079797711409
1781028079915627715,0.0003980584358995144,57.26176642400704,103.13201294553512,-0.0009908861736381063,-0.014484109728518466,-0.0002454127224914687,7.783202383744859e-8,8.474107826723684e-6,-1.8947960873704585e-8,5.646773143980257e-6,2.229452961598541e-6,6.78929512879882e-7,0.00004675397491105994,5.936080661801814,2.7680594201253097,0.38411413047732457,0.3199092337293401,0.12422823100891726,25.0,25.0,25.0,25.0,25.0,25.0,24.0,9.532,0.0,0.0,1.0,1781028079899029309
1781028080015814283,0.0003980665430107847,57.26176730675395,103.1320129435766,-0.0009902979794221315,-0.01448387749572018,-0.00024534200950550853,7.782484401169011e-8,8.474611514312073e-6,-1.8667224719765737e-8,5.646566302266476e-6,2.229418579259659e-6,6.787658730239312e-7,0.00006439764372983539,5.936080206898845,2.7680563246464693,0.3841169687350921,0.3199095763636958,0.12422903167050284,25.0,25.0,25.0,25.0,25.0,25.0,24.0,9.532,0.0,0.0,1.0,1781028079995403620
1781028080115788417,0.00039807464924135826,57.2617681895539,103.13201294164786,-0.0009897098087916032,-0.01448364526692876,-0.00024527131317495545,7.781668391661554e-8,8.475118722404494e-6,-1.8382710850744692e-8,5.646341419441746e-6,2.229380908495518e-6,6.786050545164379e-7,0.00008204185009910974,5.936079751917584,2.768053229063483,0.3841198070825985,0.31990991900289345,0.12422983235812178,25.0,25.0,25.0,25.0,25.0,25.0,24.0,9.532,0.0,0.0,1.0,1781028080100388145
1781028080215846780,0.0003980827545655701,57.26176907240657,103.1320129397488,-0.0009891216622226154,-0.014483413042196896,-0.0002452006334931501,7.780668501056357e-8,8.475628553148253e-6,-1.809349066794425e-8,5.646092325570096e-6,2.229338111978261e-6,6.784487600067061e-7,0.00009968661929737324,5.936079296861087,2.7680501333761756,0.3841226455186396,0.31991026164636827,0.12423063307123863,25.0,25.0,25.0,25.0,25.0,25.0,24.0,9.532,0.0,0.0,1.0,1781028080202664516
1781028080315568741,0.00039809085895058696,57.26176995531173,103.13201293787942,-0.0009885335401887657,-0.014483180821586256,-0.00024512997044470524,7.779938796397141e-8,8.476120738708487e-6,-1.7815780399073682e-8,5.6458792188814685e-6,2.2293036604188304e-6,6.78283620235023e-7,0.00011733196002463274,5.936078841712448,2.7680470375819057,0.3841254840459603,0.3199106042951063,0.12423143381057274,25.0,25.0,25.0,25.0,25.0,25.0,24.0,9.533,0.0,0.0,1.0,1781028080301119784
1781028080418528299,0.00039809896235404286,57.26177083826914,103.13201293603974,-0.0009879454434012038,-0.014482948605199188,-0.0002450593239709412,7.778782148551495e-8,8.47663068964825e-6,-1.7524201784698393e-8,5.645610243034432e-6,2.22925708879554e-6,6.781302412786569e-7,0.00013497786688554912,5.936078386493919,2.768043941685327,0.3841283226609104,0.31991094694845695,0.12423223457513144,25.0,25.0,25.0,25.0,25.0,25.0,24.0,9.533,0.0,0.0,1.0,1781028080397461184
1781028080516014115,0.00039810706474903114,57.26177172127853,103.13201293422968,-0.0009873573722343296,-0.014482716393078089,-0.0002449886940777146,7.77773703070721e-8,8.477133384644228e-6,-1.72367807570813e-8,5.645351136679969e-6,2.2292135640520064e-6,6.779733970213854e-7,0.00015262430805507848,5.9360779311907566,2.7680408456838235,0.3841311613675808,0.3199112896056123,0.12423303536631522,25.0,25.0,25.0,25.0,25.0,25.0,24.0,9.533,0.0,0.0,1.0,1781028080503520612
1781028080616776733,0.000398115166106424,57.26177260433962,103.13201293244924,-0.0009867693272067924,-0.014482484185283789,-0.0002449180807468409,7.776796982051983e-8,8.477626289478827e-6,-1.695534189604238e-8,5.645107535864252e-6,2.229174342292627e-6,6.778123118481432e-7,0.0001702713354140772,5.93607747579537,2.768037749575037,0.3841340001648862,0.3199116322678753,0.12423383618339354,25.0,25.0,25.0,25.0,25.0,25.0,24.0,9.533,0.0,0.0,1.0,1781028080603820479
1781028080716237036,0.00039812326639118343,57.26177348745218,103.13201293069837,-0.000986181308868074,-0.014482251981894172,-0.0002448474839488423,7.775712231514593e-8,8.478120427465181e-6,-1.6669657414397492e-8,5.644842953849844e-6,2.229130181345754e-6,6.77655002366029e-7,0.00018791891461133851,5.936077020330529,2.768034653362944,0.3841368390503904,0.31991197493415785,0.12423463702599502,25.0,25.0,25.0,25.0,25.0,25.0,24.0,9.533,0.0,0.0,1.0,1781028080703728179
1781028080815795287,0.0003981313655711155,57.26177437061592,103.13201292897702,-0.0009855933177256649,-0.014482019782972083,-0.00024477690366414583,7.774692849140937e-8,8.478607811339837e-6,-1.6388357476275375e-8,5.644588102515746e-6,2.229088983823632e-6,6.774947339690904e-7,0.00020556706171319036,5.936076564776856,2.768031557043743,0.3841396780266184,0.319912317605522,0.12423543789467656,25.0,25.0,25.0,25.0,25.0,25.0,24.0,9.533,0.0,0.0,1.0,1781028080804446229
1781028080915832176,0.000398139463613616,57.26177525383061,103.13201292728525,-0.0009850053542950737,-0.01448178758858704,-0.0002447063398706414,7.77368431761472e-8,8.47908977575742e-6,-1.6108918249221954e-8,5.6443323020310615e-6,2.229047769431603e-6,6.773336341735275e-7,0.0002232157627433712,5.936076109142572,2.7680284606213843,0.38414251709372094,0.3199126602813302,0.12423623878963168,25.0,25.0,25.0,25.0,25.0,25.0,24.0,9.533,0.0,0.0,1.0,1781028080901310016
1781028081015396841,0.0003981475604783274,57.26177613709605,103.13201292562296,-0.0009844174192116,-0.014481555398827516,-0.00024463579252051297,7.7724585364995e-8,8.479580952683861e-6,-1.5822239885587873e-8,5.6440472836285e-6,2.229000857597283e-6,6.771782705126034e-7,0.00024086503208593487,5.936075653429366,2.7680253640939587,0.3841453562501192,0.3199130029616672,0.12423703971027056,25.0,25.0,25.0,25.0,25.0,25.0,24.0,9.533,0.0,0.0,1.0,1781028081002299947
1781028081116210579,0.0003981556561442543,57.26177702041189,103.13201292399016,-0.000983829512814847,-0.01448132321372755,-0.0002445652616289064,7.77137139495528e-8,8.480058357277986e-6,-1.5542985220586157e-8,5.643782579394136e-6,2.228958795256641e-6,6.770176219100928e-7,0.0002585148794115961,5.936075197630048,2.7680222674581056,0.3841481954966959,0.31991334564705876,0.12423784065678917,25.0,25.0,25.0,25.0,25.0,25.0,24.0,9.533,0.0,0.0,1.0,1781028081102125022
1781028081215758801,0.0003981637505716521,57.261777903777926,103.1320129223868,-0.0009832416357456934,-0.01448109103338212,-0.0002444947471471058,7.770066875233227e-8,8.48054475644872e-6,-1.5256352694677512e-8,5.643483212152468e-6,2.228909359216564e-6,6.768634962598894e-7,0.00027616526147899393,5.936074741758184,2.768019170721979,0.3841510348335544,0.31991368833595535,0.1242386416295525,25.0,25.0,25.0,25.0,25.0,25.0,24.0,9.533,0.0,0.0,1.0,1781028081205600895
1781028081315430348,0.0003981718437323785,57.26177878719387,103.13201292081288,-0.0009826537884632452,-0.014480858857842706,-0.00024442424906486186,7.768830886214725e-8,8.481023234762503e-6,-1.4974270151607753e-8,5.6431943300255135e-6,2.2288627788009343e-6,6.767062989781312e-7,0.00029381622014350165,5.936074285799759,2.768016073878494,0.3841538742606031,0.3199140310299409,0.12423944262820348,25.0,25.0,25.0,25.0,25.0,25.0,24.0,9.533,0.0,0.0,1.0,1781028081307899058
1781028081416272677,0.00039817993559265887,57.26177967065951,103.13201291926832,-0.0009820659714866607,-0.014480626687178389,-0.000244353767357383,7.76762927017126e-8,8.48149534998024e-6,-1.4694078591560846e-8,5.642908944406328e-6,2.228817438076765e-6,6.765473965719672e-7,0.0003114677314780285,5.936073829757325,2.7680129769293367,0.3841567137786503,0.31991437372923215,0.12424024365318904,25.0,25.0,25.0,25.0,25.0,25.0,24.0,9.533,0.0,0.0,1.0,1781028081410903450
1781028081515919699,0.00039818802611980944,57.26178055417454,103.13201291775312,-0.0009814781853305684,-0.014480394521462782,-0.00024428330200090603,7.766313715415346e-8,8.48196981494379e-6,-1.4411359170758465e-8,5.642607386555682e-6,2.228768881272532e-6,6.763912254780069e-7,0.0003291198133152564,5.936073373635664,2.768009879874504,0.3841595533861887,0.31991471643289965,0.12424104470390204,25.0,25.0,25.0,25.0,25.0,25.0,24.0,9.533,0.0,0.0,1.0,1781028081508588783
1781028081615295518,0.0003981961152800283,57.26178143773877,103.1320129162673,-0.0009808904305643087,-0.0144801623607667,-0.0002442128529629826,7.764875166684174e-8,8.482447057128124e-6,-1.4125370915857894e-8,5.642288260851851e-6,2.2287169119757824e-6,6.762381110737498e-7,0.0003467724676820146,5.936072917434992,2.7680067827156427,0.38416239308419775,0.31991505914092916,0.12424184578065411,25.0,25.0,25.0,25.0,25.0,25.0,24.0,9.533,0.0,0.0,1.0,1781028081611236875
1781028081716227052,0.000398204203042905,57.261782321351895,103.1320129148108,-0.0009803027076259571,-0.014479930205151448,-0.00024414242023136884,7.763451540469518e-8,8.482918789349345e-6,-1.3842023128373852e-8,5.6419713102797486e-6,2.2286657304735417e-6,6.760836901025216e-7,0.0003644256769320475,5.936072461152074,2.76800368545268,0.3841652328729434,0.31991540185339407,0.12424264688362768,25.0,25.0,25.0,25.0,25.0,25.0,24.0,9.533,0.0,0.0,1.0,1781028081709644860
1781028081815509212,0.00039821228938321856,57.26178320501364,103.13201291338352,-0.0009797150170014132,-0.014479698054669614,-0.00024407200379552056,7.762250620793592e-8,8.483375178317179e-6,-1.3567521409821512e-8,5.641683628734147e-6,2.2286217119481177e-6,6.759218868883881e-7,0.000382079459431237,5.936072004778362,2.768000588080905,0.3841680727529654,0.31991574457033295,0.12424344801281062,25.0,25.0,25.0,25.0,25.0,25.0,24.0,9.533,0.0,0.0,1.0,1781028081809193109
1781028081915360166,0.00039822037425768264,57.261784088723815,103.13201291198554,-0.0009791273592623143,-0.01447946590940966,-0.00024400160361075053,7.76082854447814e-8,8.483837214908448e-6,-1.3288182846819036e-8,5.6413683541846855e-6,2.2285717160038464e-6,6.757655923087711e-7,0.0003997338201602472,5.936071548328209,2.7679974906044227,0.38417091272236703,0.3199160872926046,0.12424424916769768,25.0,25.0,25.0,25.0,25.0,25.0,24.0,9.533,0.0,0.0,1.0,1781028081910165980
1781028082015856044,0.0003982268410830992,57.26178479572662,103.1320129108882,-0.0009786572570955937,-0.01447928019700684,-0.00024394529514977555,7.759675293676103e-8,8.484206762954321e-6,-1.306343800213844e-8,5.64110968866706e-6,2.228530669924193e-6,6.756410889300831e-7,0.0004138576967999694,5.936071183111095,2.767995012547696,0.38417318476358586,0.3199163614740141,0.12424489011072438,25.0,25.0,25.0,25.0,25.0,25.0,24.0,9.533,0.0,0.0,1.0,1781028081990304099
1781028082115581533,0.0003982365394931902,57.261785856288334,103.1320129092772,-0.0009779521444832563,-0.014479001634821954,-0.00024386085191190247,7.75779236119933e-8,8.484764093462515e-6,-1.2722147031562417e-8,5.640697597810238e-6,2.2284646497859664e-6,6.754583608657246e-7,0.0004350441689307517,5.936070635190751,2.767991295337933,0.3841765929344628,0.31991677275067415,0.12424585155684618,25.0,25.0,25.0,25.0,25.0,25.0,24.0,9.533,0.0,0.0,1.0,1781028082111591376
1781028082217093659,0.00039824300385993017,57.261786563367615,103.13201290822656,-0.0009774820968415218,-0.014478815931019316,-0.0002438045693785511,7.756706067595958e-8,8.48512332561223e-6,-1.2502591554391987e-8,5.640449541901659e-6,2.2284266218267436e-6,6.753303870619903e-7,0.00044916896968388983,5.936070269837103,2.767988817111377,0.384178865121108,0.31991704693952216,0.12424649254163496,25.0,25.0,25.0,25.0,25.0,25.0,24.0,9.533,0.0,0.0,1.0,1781028082195365082
1781028082316162357,0.0003982526985033214,57.26178762404341,103.13201290668552,-0.000976777067220614,-0.014478537381895955,-0.0002437201649751108,7.754810247971303e-8,8.485669879825581e-6,-1.2165452172479764e-8,5.640039354635933e-6,2.2283618041214413e-6,6.751456626661118e-7,0.0004703568345716365,5.936069721716662,2.7679850996458826,0.3841822735087349,0.3199174582278384,0.12424745404998068,25.0,25.0,25.0,25.0,25.0,25.0,24.0,9.533,0.0,0.0,1.0,1781028082313321089
1781028082417539962,0.0003982591603051086,57.26178833119833,103.13201290568148,-0.0009763070757657528,-0.014478351686920176,-0.00024366390828400988,7.75353817270241e-8,8.486032953484339e-6,-1.1941517904312004e-8,5.639763590245908e-6,2.2283186620686766e-6,6.750222847844697e-7,0.0004844825340753994,5.936069356234686,2.7679826212525263,0.38418454584075906,0.319917732423375,0.12424809507673518,25.0,25.0,25.0,25.0,25.0,25.0,24.0,9.533,0.0,0.0,1.0,1781028082392481513
1781028082515492232,0.00039826723607757904,57.26178921518419,103.13201290445258,-0.0009757196186269072,-0.01447811957323557,-0.0002435936019431655,7.752070022760027e-8,8.48647578072561e-6,-1.166651821754918e-8,5.639433371763213e-6,2.2282680705205046e-6,6.748640131340917e-7,0.0005021401584973063,5.936068899309225,2.767979523163667,0.3841873863373067,0.3199180751721577,0.1242488963837724,25.0,25.0,25.0,25.0,25.0,25.0,24.0,9.533,0.0,0.0,1.0,1781028082494293503
1781028082615857911,0.00039827531016695426,57.26179009921675,103.13201290325276,-0.000975132197887403,-0.014477887465247112,-0.00024352331168142328,7.75023960888183e-8,8.48693328969751e-6,-1.13807800591909e-8,5.639055688474231e-6,2.2282073810264784e-6,6.747155613437944e-7,0.0005197983489439858,5.93606844230941,2.767976424970894,0.3841902269235127,0.31991841792566583,0.1242496977166856,25.0,25.0,25.0,25.0,25.0,25.0,24.0,9.533,0.0,0.0,1.0,1781028082597880341
1781028082715237907,0.0003982849968240736,57.261791160117035,103.13201290185124,-0.0009744273414776462,-0.014477608943212032,-0.000243438984615804,7.748422253292686e-8,8.487455618020898e-6,-1.1053180130426018e-8,5.638652661729244e-6,2.228145881990047e-6,6.745252169120646e-7,0.0005409889360678214,5.936067893791828,2.7679727069981257,0.3841936357481992,0.31991882923618,0.12425065935105872,25.0,25.0,25.0,25.0,25.0,25.0,24.0,9.533,0.0,0.0,1.0,1781028082714415513
1781028082818106094,0.0003982914531928989,57.261791867420854,103.13201290094014,-0.000973957467199386,-0.01447742326653144,-0.00024338277938561965,7.746918192900104e-8,8.48781887169412e-6,-1.0824211480591968e-8,5.638343074112498e-6,2.2280963836368e-6,6.744067285489269e-7,0.0005551164408813662,5.936067528053664,2.767970228267641,0.38419590837083006,0.3199191034470327,0.12425130046173428,25.0,25.0,25.0,25.0,25.0,25.0,24.0,9.533,0.0,0.0,1.0,1781028082794826400
1781028082915248295,0.00039830113562454344,57.26179292843161,103.1320128996082,-0.0009732527010937116,-0.014477144758542927,-0.00024329849079993975,7.744917542006788e-8,8.488342602344915e-6,-1.0493170116729241e-8,5.637911779779338e-6,2.2280299404106452e-6,6.742205275397712e-7,0.0005763083914329579,5.936066979341709,2.7679665100409574,0.38419931741355307,0.3199195147686696,0.1242522621589828,25.0,25.0,25.0,25.0,25.0,25.0,24.0,9.533,0.0,0.0,1.0,1781028082915032264
1781028083015573265,0.0003983075891327511,57.26179363580861,103.13201289874338,-0.0009727828876669204,-0.014476959091306496,-0.000243242311213837,7.743532849322284e-8,8.488690046617032e-6,-1.0272031688131933e-8,5.637619233814903e-6,2.2279846857986736e-6,6.740969660738882e-7,0.0005904368092633132,5.936066613468953,2.7679640311392313,0.38420159018178407,0.31991978898717643,0.12425290331160864,25.0,25.0,25.0,25.0,25.0,25.0,24.0,9.533,0.0,0.0,1.0,1781028082995130179
1781028083116204674,0.000398315654368535,57.261794520070715,103.13201289768836,-0.0009721956558251316,-0.014476727012666732,-0.0002431721011177634,7.74183660639788e-8,8.489120119193222e-6,-9.997441305794076e-9,5.637255221861067e-6,2.2279291968768967e-6,6.739411972929175e-7,0.000608097838327127,5.936066156051037,2.767960932415349,0.3842044312243641,0.3199201317649628,0.1242537047761548,25.0,25.0,25.0,25.0,25.0,25.0,24.0,9.533,0.0,0.0,1.0,1781028083095156969
1781028083218623038,0.0003983237177308038,57.261795404378,103.13201289666226,-0.0009716084633340056,-0.014476494940121428,-0.00024310190696220175,7.739971718909907e-8,8.489556610996114e-6,-9.718470495591398e-9,5.636868692439286e-6,2.2278690202034405e-6,6.737898256400533e-7,0.0006257594522984409,5.936065698553833,2.767957833588231,0.3842072723578793,0.3199204745459813,0.12425450626677734,25.0,25.0,25.0,25.0,25.0,25.0,24.0,9.533,0.0,0.0,1.0,1781028083196449745
1781028083315606086,0.0003983333912641011,57.261796465605954,103.13201289546896,-0.0009709038848416646,-0.01447621646116361,-0.0002430176950215144,7.737731181823566e-8,8.490073934543551e-6,-9.384852360044553e-9,5.636399714507952e-6,2.227796160046314e-6,6.736078172134635e-7,0.000646954114939004,5.936065149454332,2.767954114854669,0.3842106818380665,0.3199208858902235,0.12425546809037635,25.0,25.0,25.0,25.0,25.0,25.0,24.0,9.533,0.0,0.0,1.0,1781028083315448395
1781028083416557108,0.00039833983873903346,57.26179717312699,103.13201289469647,-0.0009704341981085988,-0.0144760308135001,-0.00024296156644969803,7.736192923634933e-8,8.49041765365137e-6,-9.161991719130802e-9,5.636084268821974e-6,2.2277471593058343e-6,6.7348678203553e-7,0.0006610843599479761,5.936064783319277,2.767951635613995,0.3842129548979435,0.31992116012395955,0.1242561093270747,25.0,25.0,25.0,25.0,25.0,25.0,24.0,9.533,0.0,0.0,1.0,1781028083396075564
1781028083515803586,0.0003983478963207987,57.26179805756821,103.1320128937568,-0.0009698471263534412,-0.01447579875955839,-0.00024289142004411553,7.734492126056835e-8,8.490832200637966e-6,-8.893463495563765e-9,5.63571711752672e-6,2.2276927463076233e-6,6.733284026593923e-7,0.0006787476630317792,5.93606432557112,2.767948536465923,0.3842157963060838,0.3199215029197485,0.1242569108970708,25.0,25.0,25.0,25.0,25.0,25.0,24.0,9.533,0.0,0.0,1.0,1781028083500312561
1781028083615507326,0.00039835595190469215,57.2617989420536,103.13201289284588,-0.0009692600959379046,-0.014475566711981316,-0.0002428212894810206,7.732402577107166e-8,8.491264008658077e-6,-8.611272833629773e-9,5.635296738230202e-6,2.227626418150225e-6,6.731812350735675e-7,0.0006964115500333662,5.936063867752761,2.7679454372150003,0.38421863780373217,0.31992184572062193,0.12425771249282616,25.0,25.0,25.0,25.0,25.0,25.0,24.0,9.533,0.0,0.0,1.0,1781028083603976815
1781028083715282959,0.0003983640054730655,57.26179982658287,103.13201289196368,-0.0009686731071951636,-0.014475334670792286,-0.00024275117477504183,7.73052693319447e-8,8.491680273250971e-6,-8.338529189778567e-9,5.634903540863276e-6,2.2275669236587698e-6,6.730270329999774e-7,0.0007140760091352305,5.936063409843743,2.7679423378565686,0.3842214793939236,0.31992218852535004,0.12425851411521166,25.0,25.0,25.0,25.0,25.0,25.0,24.0,9.533,0.0,0.0,1.0,1781028083698116725
1781028083815808358,0.0003983720569846885,57.2618007111558,103.13201289111014,-0.0009680861607029028,-0.014475102636086694,-0.0002426810758768502,7.728533756915256e-8,8.492099227732177e-6,-8.062344933534028e-9,5.634493013812821e-6,2.2275037002480444e-6,6.728758568498925e-7,0.0007317410178984854,5.936062951856957,2.767939238392573,0.3842243210756172,0.31992253133589715,0.1242593157642078,25.0,25.0,25.0,25.0,25.0,25.0,24.0,9.533,0.0,0.0,1.0,1781028083805334147
1781028083915846617,0.0003983801064093125,57.26180159577213,103.1320128902853,-0.0009674992569697984,-0.014474870607929667,-0.00024261099276118753,7.726360853827254e-8,8.492523748121956e-6,-7.781340970640154e-9,5.634058676445534e-6,2.227435852346531e-6,6.727291883646132e-7,0.0007494066062342371,5.936062493790446,2.7679361388236954,0.3842271628481725,0.3199228741502955,0.12426011743932186,25.0,25.0,25.0,25.0,25.0,25.0,24.0,9.533,0.0,0.0,1.0,1781028083899452460
1781028084016802062,0.0003983881537237311,57.261802480431584,103.13201288948903,-0.0009669123963682125,-0.014474638586363851,-0.0002425409254282723,7.724355651075653e-8,8.492932384132508e-6,-7.509031186750007e-9,5.633649601704989e-6,2.227373471112287e-6,6.725764007235245e-7,0.0007670727783599192,5.936062035638353,2.7679330391466297,0.3842300047120732,0.319923216969945,0.12426091914069608,25.0,25.0,25.0,25.0,25.0,25.0,24.0,9.533,0.0,0.0,1.0,1781028084004353888
1781028084115927015,0.000398396198887892,57.26180336513394,103.13201288872142,-0.0009663255795012536,-0.014474406571482155,-0.0002424708738274839,7.722260636168827e-8,8.493345394657082e-6,-7.233676072807406e-9,5.633223790686538e-6,2.2273084738885113e-6,6.72426196465069e-7,0.0007847395132376338,5.936061577404205,2.7679299393629986,0.38423284666827495,0.31992355979433984,0.12426172086877288,25.0,25.0,25.0,25.0,25.0,25.0,24.0,9.533,0.0,0.0,1.0,1781028084100500227
1781028084217571804,0.0003984042418757093,57.26180424987896,103.13201288798234,-0.0009657388068168666,-0.01447417456334174,-0.0002424008379439097,7.72011193076569e-8,8.493756092318361e-6,-6.958075637813551e-9,5.632793612318855e-6,2.227242474590062e-6,6.722764996277726e-7,0.0008024068342371441,5.936061119087587,2.767926839474578,0.38423568871547326,0.3199239026233961,0.12426252262297856,25.0,25.0,25.0,25.0,25.0,25.0,24.0,9.533,0.0,0.0,1.0,1781028084205349908
1781028084316320182,0.0003984122826571922,57.26180513466633,103.13201288727178,-0.0009651520787081436,-0.014473942561995402,-0.00024233081776870943,7.718037404656675e-8,8.494159037775755e-6,-6.6864325200431884e-9,5.6323700546721465e-6,2.2271787046224463e-6,6.721241646166544e-7,0.000820074709941979,5.936060660686882,2.767923739478864,0.38423853085561344,0.3199242454569009,0.124263324404139,25.0,25.0,25.0,25.0,25.0,25.0,24.0,9.533,0.0,0.0,1.0,1781028084304135997
1781028084418514129,0.00039842032119764327,57.261806019495886,103.13201288658976,-0.0009645653957992072,-0.014473710567532449,-0.0002422608132518644,7.715802631083288e-8,8.494567533393277e-6,-6.409517657736381e-9,5.631923429836743e-6,2.227109896564976e-6,6.719762973627666e-7,0.000837743159679907,5.936060202208876,2.767920639377728,0.3842413730862536,0.31992458829551534,0.12426412621141746,25.0,25.0,25.0,25.0,25.0,25.0,24.0,9.533,0.0,0.0,1.0,1781028084412890779
1781028084515977271,0.0003984283574743046,57.26180690436729,103.13201288593616,-0.0009639787584103747,-0.014473478579987282,-0.00024219082440088223,7.713752273462639e-8,8.494958338528441e-6,-6.143480118697722e-9,5.631506384191714e-6,2.2270480581949633e-6,6.718212319056332e-7,0.0008554121872912874,5.936059743641727,2.767917539169353,0.38424421540944464,0.31992493113844017,0.12426492804531578,25.0,25.0,25.0,25.0,25.0,25.0,24.0,9.533,0.0,0.0,1.0,1781028084506773639
1781028084617520345,0.0003984363914481635,57.261807789280354,103.132012885311,-0.0009633921671493204,-0.014473246599455977,-0.00024212085116408384,7.71158580882366e-8,8.495354766891075e-6,-5.872083012095304e-9,5.631067890714187e-6,2.2269819172647676e-6,6.716699214353507e-7,0.0008730817811907453,5.93605928499406,2.767914438854621,0.3842470578247623,0.3199252739869792,0.12426572990588988,25.0,25.0,25.0,25.0,25.0,25.0,24.0,9.533,0.0,0.0,1.0,1781028084611378898
1781028084715434380,0.0003984444230918808,57.26180867423481,103.13201288471424,-0.0009628056224516492,-0.01447301462599244,-0.00024205089352665604,7.709375266480052e-8,8.495748307174366e-6,-5.601132939597189e-9,5.630624211742929e-6,2.2269150198983447e-6,6.715190108670172e-7,0.0008907519470260157,5.9360588262667315,2.7679113384335525,0.38424990033108186,0.31992561683996523,0.12426653179271378,25.0,25.0,25.0,25.0,25.0,25.0,24.0,9.533,0.0,0.0,1.0,1781028084710232117
1781028084816508535,0.00039845245237491974,57.26180955923039,103.13201288414584,-0.0009622191247762538,-0.014472782659660129,-0.0002419809514674833,7.707152420297323e-8,8.496138101604416e-6,-5.331660493323983e-9,5.630179357991169e-6,2.2268480280707676e-6,6.713677035101219e-7,0.0009084226985212508,5.936058367456258,2.767908237906617,0.3842527429295666,0.31992595969740195,0.1242673337060512,25.0,25.0,25.0,25.0,25.0,25.0,24.0,9.533,0.0,0.0,1.0,1781028084811291291
1781028084915516254,0.0003984604792621069,57.26181044426693,103.1320128836058,-0.000961632674702913,-0.014472550700545726,-0.00024191102494135487,7.704717163689843e-8,8.49653766272159e-6,-5.054503145365196e-9,5.629702348022075e-6,2.2267746720390766e-6,6.712225838687806e-7,0.0009260940126066816,5.936057908568484,2.767905137274184,0.384255585619624,0.3199263025592904,0.12426813564589854,25.0,25.0,25.0,25.0,25.0,25.0,24.0,9.533,0.0,0.0,1.0,1781028084910626800
1781028085015841270,0.00039846850372881183,57.26181132934408,103.13201288309408,-0.0009610462725651292,-0.014472318748688588,-0.00024184111395092852,7.702359671333723e-8,8.496926819358605e-6,-4.782928625194083e-9,5.629238463489322e-6,2.2267043375615106e-6,6.710739623404488e-7,0.0009437659090326422,5.936057449595548,2.767902036534166,0.3842584284016563,0.31992664542622296,0.12426893761221752,25.0,25.0,25.0,25.0,25.0,25.0,24.0,9.533,0.0,0.0,1.0,1781028085013664192
1781028085115445984,0.0003984765257456571,57.26181221446162,103.13201288261055,-0.0009604599188645796,-0.014472086804155468,-0.0002417712184691149,7.700065385668674e-8,8.497308711199123e-6,-4.514325552987677e-9,5.628782353994872e-6,2.226636103319666e-6,6.709228381958494e-7,0.0009614383783695403,5.936056990538062,2.7678989356867127,0.3842612712759509,0.3199269882982944,0.12426973960517404,25.0,25.0,25.0,25.0,25.0,25.0,24.0,9.533,0.0,0.0,1.0,1781028085113654910
1781028085215777178,0.0003984829415711913,57.26181292258459,103.13201288224413,-0.0009599908711455544,-0.014471901253860516,-0.00024171531322145023,7.698102953923113e-8,8.497620676867724e-6,-4.295227291035493e-9,5.628396060278127e-6,2.226577175397127e-6,6.708059031275629e-7,0.000975576757115855,5.936056623235343,2.767896454933711,0.38426354564192206,0.31992726259924864,0.12427038121883076,25.0,25.0,25.0,25.0,25.0,25.0,24.0,9.533,0.0,0.0,1.0,1781028085197684748
1781028085315786905,0.000398492562295434,57.261813984816925,103.1320128817283,-0.00095928735881095,-0.01447162293736671,-0.00024163147389650325,7.695155937681155e-8,8.498080911230607e-6,-3.969501070245829e-9,5.627820429970248e-6,2.226489984033328e-6,6.706290077221645e-7,0.0009967850259550012,5.936056072182531,2.767892733675079,0.3842669573009518,0.31992767405629613,0.12427134367099164,25.0,25.0,25.0,25.0,25.0,25.0,24.0,9.533,0.0,0.0,1.0,1781028085312961892
1781028085415557904,0.0003984989740814386,57.26181469300355,103.13201288140696,-0.000958818390405168,-0.014471437399048293,-0.00024157559336441777,7.693165030653163e-8,8.498386245917917e-6,-3.7520636561326284e-9,5.627430996187999e-6,2.226430588696597e-6,6.705116576807897e-7,0.0010109243243066257,5.936055704750143,2.7678902527518936,0.3842692318137187,0.319927948364966,0.12427198532702188,25.0,25.0,25.0,25.0,25.0,25.0,24.0,9.533,0.0,0.0,1.0,1781028085394175044
1781028085515342708,0.00039850858867032006,57.26181575533083,103.1320128809587,-0.0009581149982361282,-0.014471159100689806,-0.00024149179104012423,7.690037851518554e-8,8.498848874720352e-6,-3.4218556839823575e-9,5.6268281923037535e-6,2.2263383075864953e-6,6.703389369921853e-7,0.0010321339699673323,5.9360551535014565,2.7678865312370737,0.3842726436937168,0.3199283598343817,0.1242729478430084,25.0,25.0,25.0,25.0,25.0,25.0,24.0,9.533,0.0,0.0,1.0,1781028085514871296
1781028085618552907,0.0003985149963239873,57.26181646358033,103.13201288068232,-0.00095764611060807,-0.01447097357454736,-0.00024143593515402352,7.6882601252059e-8,8.499133686468975e-6,-3.2160710591141014e-9,5.626471128523983e-6,2.226286861812075e-6,6.702133794778176e-7,0.0010462742089036438,5.936054785928584,2.767884050140166,0.3842749183549749,0.3199286341500654,0.12427358954170752,25.0,25.0,25.0,25.0,25.0,25.0,24.0,9.533,0.0,0.0,1.0,1781028085595113983
1781028085715937480,0.00039852300351787227,57.26181734892728,103.13201288036213,-0.00095706004725524,-0.014470741673832707,-0.0002413661291001006,7.685748312585118e-8,8.499505744304059e-6,-2.9470970630653726e-9,5.6259798180965536e-6,2.2262130329582397e-6,6.700654753555861e-7,0.0010639500053757824,5.936054326396781,2.7678809486751845,0.3842777617637804,0.31992897704988177,0.12427439168901544,25.0,25.0,25.0,25.0,25.0,25.0,24.0,9.533,0.0,0.0,1.0,1781028085699184305
1781028085816559865,0.00039853100805322213,57.26181823431296,103.13201288006998,-0.0009564740355454308,-0.014470509780893594,-0.00024129633838169037,7.683144300529496e-8,8.499878176215196e-6,-2.676672159275841e-9,5.625476715499021e-6,2.2261368998985303e-6,6.699195398643087e-7,0.0010816263816936758,5.936053866782935,2.7678778471033185,0.38428060526466473,0.3199293199548213,0.12427519386287268,25.0,25.0,25.0,25.0,25.0,25.0,24.0,9.533,0.0,0.0,1.0,1781028085799531415
1781028085915654718,0.0003985390099045698,57.26181911973707,103.13201287980584,-0.0009558880758908904,-0.014470277895784232,-0.0002412265629869307,7.680645723861562e-8,8.500241164687541e-6,-2.4115247562365835e-9,5.62498676540438e-6,2.2260641449365424e-6,6.69769802958313e-7,0.0010993033274873834,5.936053407082559,2.7678747454237596,0.3842834488587608,0.3199296628646222,0.12427599606368804,25.0,25.0,25.0,25.0,25.0,25.0,24.0,9.534,0.0,0.0,1.0,1781028085900061345
1781028086015841186,0.000398547009029519,57.261820005199446,103.13201287956966,-0.0009553021689013644,-0.014470046018603164,-0.00024115680285653927,7.67783639457721e-8,8.500616900292697e-6,-2.136446260088715e-9,5.624456207583668e-6,2.2259826030768687e-6,6.696285886506459e-7,0.0011169808624581837,5.936052947309011,2.7678716436395354,0.3842862925439989,0.3199300057785454,0.12427679829072644,25.0,25.0,25.0,25.0,25.0,25.0,24.0,9.534,0.0,0.0,1.0,1781028085996436580
1781028086116010961,0.0003985550054123093,57.261820890699774,103.13201287936144,-0.0009547163148694612,-0.014469814149376314,-0.00024108705800554895,7.675246382863605e-8,8.500977949318162e-6,-1.8699054386498503e-9,5.623951765993191e-6,2.2259073554902604e-6,6.694805733949729e-7,0.001134658963954046,5.936052487445057,2.7678685417475046,0.3842891363230396,0.31993034869769077,0.12427760054490672,25.0,25.0,25.0,25.0,25.0,25.0,24.0,9.534,0.0,0.0,1.0,1781028086096986437
1781028086216694437,0.000398562999016115,57.26182177623782,103.1320128791811,-0.0009541305143342964,-0.014469582288187292,-0.00024101732839065424,7.67247502393557e-8,8.501342956006781e-6,-1.599802348795212e-9,5.623424243293269e-6,2.2258271496953387e-6,6.693370641707323e-7,0.0011523376450425589,5.936052027505213,2.7678654397481703,0.3842919801928914,0.3199306916218583,0.12427840282529842,25.0,25.0,25.0,25.0,25.0,25.0,24.0,9.534,0.0,0.0,1.0,1781028086201331029
1781028086316257270,0.0003985709898120731,57.26182266181335,103.13201287902862,-0.0009535447677431352,-0.014469350435097571,-0.00024094761399010876,7.66981310994409e-8,8.501699885743372e-6,-1.3339268672096759e-9,5.6229110290178225e-6,2.2257507231281264e-6,6.69189664923896e-7,0.001170016911307913,5.93605156747665,2.7678623376423093,0.38429482415709426,0.31993103455001504,0.12427920513284488,25.0,25.0,25.0,25.0,25.0,25.0,24.0,9.534,0.0,0.0,1.0,1781028086300857269
1781028086419593158,0.0003985789777765992,57.26182354742608,103.13201287890396,-0.000952959075479094,-0.01446911859015565,-0.00024087791479646017,7.667193993359743e-8,8.502049052747091e-6,-1.071309318984594e-9,5.622401775212782e-6,2.2256754018292907e-6,6.690404595467477e-7,0.0011876967406620228,5.936051107364959,2.767859235427636,0.3842976682132704,0.3199313774840875,0.12428000746706362,25.0,25.0,25.0,25.0,25.0,25.0,24.0,9.534,0.0,0.0,1.0,1781028086398632090
1781028086515271605,0.0003985869628667499,57.26182443307582,103.13201287880712,-0.0009523734381552464,-0.014468886753462308,-0.00024080823074849325,7.66439691480173e-8,8.50240508502895e-6,-8.035854088544851e-10,5.621870556508759e-6,2.2255956348627822e-6,6.688957005753377e-7,0.0012053771661829334,5.936050647172951,2.767856133107955,0.3843005123620876,0.31993172042203777,0.12428080982788092,25.0,25.0,25.0,25.0,25.0,25.0,24.0,9.534,0.0,0.0,1.0,1781028086497313621
1781028086616087113,0.00039859494506155793,57.26182531876231,103.13201287873802,-0.0009517878561276928,-0.014468654925055668,-0.0002407385618456355,7.66154051020208e-8,8.502760235306735e-6,-5.344405793201602e-10,5.621327570827482e-6,2.225513434062995e-6,6.687525577702537e-7,0.0012230581472874504,5.936050186903337,2.7678530306811013,0.3843033566028341,0.3199320633659878,0.12428161221545152,25.0,25.0,25.0,25.0,25.0,25.0,24.0,9.534,0.0,0.0,1.0,1781028086597813753
1781028086716243744,0.00039860292433151976,57.26182620448528,103.13201287869668,-0.0009512023298392176,-0.01446842310500342,-0.0002406689080641118,7.658749700815526e-8,8.503107955355889e-6,-2.698550708450745e-10,5.62079529148457e-6,2.2254341957903228e-6,6.686064623089563e-7,0.0012407397278580627,5.9360497265442715,2.7678499281469593,0.38430620093738194,0.31993240631361103,0.12428241462989346,25.0,25.0,25.0,25.0,25.0,25.0,24.0,9.534,0.0,0.0,1.0,1781028086703818801
1781028086815555761,0.0003986109006451702,57.26182709024449,103.13201287868296,-0.0009506168597538204,-0.014468191293368866,-0.00024059926937714128,7.655848578983698e-8,8.503456911396274e-6,-1.97515998218315e-12,5.620246467755794e-6,2.2253512209475004e-6,6.684632432738347e-7,0.0012584218709536495,5.936049266110485,2.767846825505132,0.38430904536310545,0.31993274926715887,0.12428321707083384,25.0,25.0,25.0,25.0,25.0,25.0,24.0,9.534,0.0,0.0,1.0,1781028086799361632
1781028086915500224,0.0003986188739733466,57.26182797603973,103.13201287869694,-0.000950031446355659,-0.014467959490223588,-0.00024052964575409908,7.65302633708218e-8,8.503798220573701e-6,2.606497586115261e-10,5.6197090589275055e-6,2.2252714615876116e-6,6.683168268071358e-7,0.0012761046057182873,5.936048805588265,2.767843722757016,0.3843118898831868,0.31993309222438854,0.12428401953888964,25.0,25.0,25.0,25.0,25.0,25.0,24.0,9.534,0.0,0.0,1.0,1781028086903277468
1781028087015409891,0.0003986268442874221,57.261828861870725,103.13201287873854,-0.0009494460900467386,-0.014467727695623434,-0.0002404600371788382,7.650135170945589e-8,8.50413981463091e-6,5.252933081329098e-10,5.619159992484979e-6,2.2251895076251913e-6,6.681721440719753e-7,0.001293787905642576,5.936048344983203,2.7678406199002263,0.3843147344954807,0.319933435187719,0.12428482203367942,25.0,25.0,25.0,25.0,25.0,25.0,24.0,9.534,0.0,0.0,1.0,1781028087001405151
1781028087115698739,0.00039863481155746303,57.26182974773721,103.13201287880769,-0.0009488607912894128,-0.014467495909634014,-0.0002403904436252422,7.647236768736498e-8,8.504477401144184e-6,7.884099536032674e-10,5.618610980794428e-6,2.2251077998700063e-6,6.680268449688457e-7,0.0013114718008501534,5.936047884296568,2.767837516936772,0.38431757920085424,0.3199337781552894,0.12428562455522986,25.0,25.0,25.0,25.0,25.0,25.0,24.0,9.534,0.0,0.0,1.0,1781028087099256336
1781028087222544777,0.00039864277575186546,57.261830633638986,103.13201287890442,-0.000948275550573142,-0.014467264132328742,-0.00024032086505901943,7.644218262384252e-8,8.504818113042987e-6,1.0546037082718055e-9,5.61804434586082e-6,2.2250224524991743e-6,6.67884737737923e-7,0.0013291562686542971,5.936047423531234,2.767834413867671,0.384320423998676,0.3199341211271959,0.12428642710352523,25.0,25.0,25.0,25.0,25.0,25.0,24.0,9.534,0.0,0.0,1.0,1781028087202391084
1781028087323263792,0.0003986523286884141,57.26183169676733,103.13201287905676,-0.0009475733388690092,-0.014466986011095992,-0.00024023739054662723,7.640615409554957e-8,8.505219152662669e-6,1.37146110316784e-9,5.617366853879508e-6,2.224920729975786e-6,6.677126954788706e-7,0.001350378388541545,5.9360468705036045,2.7678306900411873,0.3843238378784999,0.31993453270160627,0.1242873901969377,25.0,25.0,25.0,25.0,25.0,25.0,24.0,9.534,0.0,0.0,1.0,1781028087322871757
1781028087425052160,0.0003986586948028791,57.26183240554737,103.13201287918034,-0.000947105244914658,-0.01446680060399518,-0.00024018175281861984,7.638151674869636e-8,8.505487341774541e-6,1.5836102668227906e-9,5.616907914098279e-6,2.2248519684281043e-6,6.675991462143172e-7,0.001364526940179614,5.936046501751311,2.7678282074039635,0.38432611387270155,0.31993480708766026,0.12428803228057608,25.0,25.0,25.0,25.0,25.0,25.0,24.0,9.534,0.0,0.0,1.0,1781028087403765255
1781028087523864377,0.0003986682401819138,57.26183346875884,103.13201287939856,-0.0009464031751808962,-0.0144665225039767,-0.0002400983141470156,7.634649042436518e-8,8.505876235501169e-6,1.894200403955336e-9,5.616241625205015e-6,2.2247541132728477e-6,6.674228041392416e-7,0.0013857504607092566,5.936045948516125,2.767824483319822,0.3843295279774141,0.31993521867277813,0.12428899543881224,25.0,25.0,25.0,25.0,25.0,25.0,24.0,9.534,0.0,0.0,1.0,1781028087522104529
1781028087623969579,0.0003986746012060036,57.26183417759393,103.132012879566,-0.0009459351766469868,-0.01446633711113867,-0.00024004270025766055,7.631942246283707e-8,8.506153328173254e-6,2.1137657755161195e-9,5.615746721199615e-6,2.2246778429973626e-6,6.673160344284942e-7,0.0013998999388280795,5.936045579637792,2.7678220005131235,0.3843318041201854,0.31993549306646396,0.1242896375653933,25.0,25.0,25.0,25.0,25.0,25.0,24.0,9.534,0.0,0.0,1.0,1781028087604156514
1781028087724154155,0.0003986825495958438,57.26183506366839,103.1320128797999,-0.00094535023257587,-0.01446610537815853,-0.00023997319630938055,7.62887586202307e-8,8.506476278595035e-6,2.3748530368565646e-9,5.61517147158961e-6,2.2245921526550353e-6,6.671722544665249e-7,0.0014175873065849689,5.9360451184576,2.767818896906064,0.3843346493832065,0.319935836063163,0.1242904402480494,25.0,25.0,25.0,25.0,25.0,25.0,24.0,9.534,0.0,0.0,1.0,1781028087708027601
1781028087823731648,0.0003986904947361373,57.26183594977665,103.13201288006113,-0.0009447653491596402,-0.014465873654235411,-0.00023990370720975907,7.62580510853756e-8,8.50679550844165e-6,2.6340494506738534e-9,5.6145967374694035e-6,2.2245070761822805e-6,6.670277055701304e-7,0.0014352752563643744,5.936044657192337,2.767815793190457,0.38433749473968726,0.31993617906537075,0.12429124295769368,25.0,25.0,25.0,25.0,25.0,25.0,24.0,9.534,0.0,0.0,1.0,1781028087811137944
1781028087923491638,0.0003986984365968222,57.2618368359185,103.1320128803496,-0.000944180526881121,-0.01446564193944151,-0.0002398342329256384,7.622641163557476e-8,8.507117176343774e-6,2.896071704628095e-9,5.614007530508059e-6,2.224418992519922e-6,6.668856829713916e-7,0.0014529637878219037,5.93604419584773,2.7678126893686277,0.38434034018920654,0.319936522072296,0.1242920456942208,25.0,25.0,25.0,25.0,25.0,25.0,24.0,9.534,0.0,0.0,1.0,1781028087907308318
1781028088023444181,0.0003987063751492681,57.2618377220937,103.13201288066536,-0.0009435957661682892,-0.014465410233835591,-0.00023976477343495,7.61939958105126e-8,8.507439473415096e-6,3.1606464868844082e-9,5.6134064875232375e-6,2.224328627403216e-6,6.667455455827672e-7,0.0014706528998102318,5.9360437344213866,2.7678095854394433,0.38434318573184545,0.3199368650840827,0.124292848457654,25.0,25.0,25.0,25.0,25.0,25.0,24.0,9.534,0.0,0.0,1.0,1781028088009785196
1781028088124301300,0.0003987143103691786,57.26183860830192,103.13201288100834,-0.0009430110673453464,-0.01446517853746242,-0.0002396953287349881,7.616244181016474e-8,8.50775229960311e-6,3.418696091959419e-9,5.612817614220016e-6,2.2242415132952142e-6,6.66601939260758e-7,0.001488342590824541,5.9360432729088695,2.7678064814011845,0.3843460313678048,0.319937208100668,0.12429365124803178,25.0,25.0,25.0,25.0,25.0,25.0,24.0,9.534,0.0,0.0,1.0,1781028088106254498
1781028088223551169,0.0003987222422232161,57.26183949454302,103.1320128813785,-0.000942426430970278,-0.014464946850404604,-0.00023962589877720529,7.613037599520604e-8,8.508063650566621e-6,3.677168288001395e-9,5.612223392706165e-6,2.2241533538632844e-6,6.664590460061408e-7,0.0015060328737658652,5.936042811313854,2.7678033772554413,0.38434887709709104,0.31993755112237204,0.1242944540653086,25.0,25.0,25.0,25.0,25.0,25.0,24.0,9.534,0.0,0.0,1.0,1781028088212992283
1781028088323438032,0.00039873017068309,57.2618403808167,103.13201288177578,-0.0009418418574273038,-0.014464715172718976,-0.00023955648354620097,7.609723090374271e-8,8.50837705911082e-6,3.939105861046122e-9,5.6116123964957754e-6,2.2240616762133493e-6,6.663190799524285e-7,0.0015237237301926937,5.936042349640809,2.7678002730029356,0.38435172291914704,0.3199378941490172,0.1242952569094553,25.0,25.0,25.0,25.0,25.0,25.0,24.0,9.534,0.0,0.0,1.0,1781028088307326633
1781028088424062451,0.00039873809572485734,57.26184126712273,103.13201288220012,-0.00094125734711478,-0.014464483504457958,-0.00023948708302674147,7.60657273822764e-8,8.50867884590996e-6,4.194388285320681e-9,5.611022487012721e-6,2.2239751479602588e-6,6.661736738119086e-7,0.0015414151745397615,5.936041887876674,2.7677971686413163,0.3843545688360863,0.31993823718111025,0.12429605978097052,25.0,25.0,25.0,25.0,25.0,25.0,24.0,9.534,0.0,0.0,1.0,1781028088418390936
1781028088524235846,0.0003987460173089801,57.2618421534609,103.1320128826516,-0.0009406729005816928,-0.014464251845713611,-0.0002394176971654443,7.603215397197465e-8,8.508989227395794e-6,4.455534635015316e-9,5.610404367740078e-6,2.22388279707208e-6,6.660339323433277e-7,0.0015591072010922268,5.936041426035342,2.767794064173388,0.38435741484546454,0.3199385802173316,0.12429686267917754,25.0,25.0,25.0,25.0,25.0,25.0,24.0,9.534,0.0,0.0,1.0,1781028088511266516
1781028088624537169,0.000398752352071178,57.2618428625544,103.13201288303225,-0.0009402053895145864,-0.014464066525599287,-0.0002393621990261371,7.600409278285491e-8,8.509239378262595e-6,4.666795959759705e-9,5.609894221723835e-6,2.2238055864356302e-6,6.659251332259318e-7,0.0015732612419929078,5.936041056508439,2.767791580522162,0.3843596917194251,0.3199388546494588,0.1242975050169491,25.0,25.0,25.0,25.0,25.0,25.0,24.0,9.534,0.0,0.0,1.0,1781028088592363140
1781028088723562587,0.00039876185001150847,57.26184392623262,103.13201288363554,-0.0009395042003015266,-0.014463788556957966,-0.0002392789693839249,7.596388950942565e-8,8.509601823642415e-6,4.977089021748063e-9,5.609152854473001e-6,2.2236955121157566e-6,6.657557816276185e-7,0.0015944930024128375,5.936040502107402,2.7677878549140273,0.3843631071443964,0.31993926630489905,0.12429846855654772,25.0,25.0,25.0,25.0,25.0,25.0,24.0,9.534,0.0,0.0,1.0,1781028088715856560
1781028088823436813,0.00039876976107674746,57.26184481266566,103.13201288416796,-0.0009389199473594412,-0.014463556927062804,-0.00023920962742536,7.59307713563908e-8,8.50989559029671e-6,5.231582947226054e-9,5.608540580524463e-6,2.223605121690113e-6,6.656126881401564e-7,0.0016121867755448309,5.936040040016145,2.7677847501210713,0.3843659534341266,0.31993960935674537,0.12429927153578464,25.0,25.0,25.0,25.0,25.0,25.0,24.0,9.534,0.0,0.0,1.0,1781028088821410161
1781028088924157894,0.00039877766857279186,57.26184569912986,103.13201288472727,-0.0009383357598744428,-0.014463325306925186,-0.00023914030003547657,7.589581935578323e-8,8.510196978383696e-6,5.4923110275789894e-9,5.607901138555825e-6,2.223508987681229e-6,6.654748671166604e-7,0.0016298811242420968,5.93603957784876,2.767781645222846,0.38436879981712935,0.3199399524127035,0.12430007454202673,25.0,25.0,25.0,25.0,25.0,25.0,24.0,9.534,0.0,0.0,1.0,1781028088918368778
1781028089023345298,0.0003987855724727725,57.26184658562499,103.13201288531349,-0.000937751638252424,-0.014463093696602564,-0.00023907098719416225,7.58603549783769e-8,8.510497774891394e-6,5.752875542704861e-9,5.607256827472066e-6,2.2234123752679236e-6,6.653376311187705e-7,0.0016475760766881,5.936039115594294,2.76777854021592,0.38437164629444487,0.319940295473719,0.12430087757535876,25.0,25.0,25.0,25.0,25.0,25.0,24.0,9.534,0.0,0.0,1.0,1781028089023035432
1781028089123780099,0.00039879347275235787,57.261847472150784,103.13201288592651,-0.0009371675828550708,-0.014462862096141949,-0.00023900168889053484,7.58254461140422e-8,8.510790137512886e-6,6.010540598258039e-9,5.606619945139058e-6,2.22331732219726e-6,6.651981383682457e-7,0.0016652716103433764,5.936038653258587,2.7677754351003947,0.3843744928646609,0.31994063853999866,0.12430168063556768,25.0,25.0,25.0,25.0,25.0,25.0,24.0,9.534,0.0,0.0,1.0,1781028089118822504
1781028089223913359,0.0003987997903512502,57.26184818139333,103.13201288643624,-0.0009367003864992738,-0.014462676822917069,-0.0002389462606992793,7.579821254314393e-8,8.511018942237197e-6,6.213013042905411e-9,5.606117523267971e-6,2.2232435031595824e-6,6.650842429966792e-7,0.0016794284502510929,5.936038283325362,2.76777295092923,0.3843767701890904,0.3199409129968195,0.12430232310348636,25.0,25.0,25.0,25.0,25.0,25.0,24.0,9.534,0.0,0.0,1.0,1781028089204069028
1781028089323714495,0.0003988092623336019,57.26184924529341,103.13201288723292,-0.0009359996725049582,-0.0144623989250804,-0.0002388631357809384,7.575497939381122e-8,8.5113693051155e-6,6.5235361261258904e-9,5.605333263687223e-6,2.223125958494041e-6,6.649196419590111e-7,0.0017006644155962195,5.936037728335137,2.7677692245448493,0.3843801862873575,0.319941324687388,0.1243032868376234,25.0,25.0,25.0,25.0,25.0,25.0,24.0,9.534,0.0,0.0,1.0,1781028089320978211
1781028089423731143,0.0003988155740257378,57.261849954584136,103.13201288778544,-0.0009355325838131524,-0.014462213667893823,-0.0002388077307370521,7.57269624498101e-8,8.511595949727387e-6,6.7261130297865734e-9,5.604820825014418e-6,2.223050307140442e-6,6.648070526469713e-7,0.001714822195025053,5.93603735827134,2.767766740202074,0.3843824637614254,0.3199415991514163,0.12430392934873918,25.0,25.0,25.0,25.0,25.0,25.0,24.0,9.534,0.0,0.0,1.0,1781028089401411305
1781028089523495028,0.0003988250370856438,57.261851018555866,103.13201288864622,-0.0009348320322304154,-0.014461935794243303,-0.00023872464050035105,7.568466977558787e-8,8.511933197499358e-6,7.030827028277774e-9,5.604048197290539e-6,2.222936245375238e-6,6.646382365877532e-7,0.0017360595618572507,5.936036803074675,2.7677630135565128,0.3843858800858275,0.3199420108551657,0.1243048931482307,25.0,25.0,25.0,25.0,25.0,25.0,24.0,9.534,0.0,0.0,1.0,1781028089520670788
1781028089624202357,0.00039883134278263663,57.26185172789396,103.13201288924138,-0.0009343650525142188,-0.014461750553288324,-0.00023866925853207116,7.565465778517867e-8,8.512164187229404e-6,7.239194271312404e-9,5.6035071591791365e-6,2.2228544244141256e-6,6.645309079073327e-7,0.0017502182753043895,5.936036432886145,2.7677605290413494,0.38438815770900847,0.3199422853273081,0.12430553570248248,25.0,25.0,25.0,25.0,25.0,25.0,24.0,9.534,0.0,0.0,1.0,1781028089604645785
1781028089723268478,0.0003988407967845745,57.2618527919362,103.13201289016608,-0.0009336646653625772,-0.014461472704124624,-0.0002385862028564993,7.56119176280336e-8,8.512493425789103e-6,7.540640946779493e-9,5.602728659911377e-6,2.2227396985070175e-6,6.643618637586268e-7,0.0017714570532007304,5.936035877491079,2.7677568021368804,0.38439157425827375,0.31994269704206174,0.12430649956687684,25.0,25.0,25.0,25.0,25.0,25.0,24.0,9.534,0.0,0.0,1.0,1781028089722826818
1781028089824632895,0.0003988470963942722,57.26185350132094,103.13201289080378,-0.000933197795961158,-0.014461287479598557,-0.00023853084388197765,7.55811422951828e-8,8.512724089477933e-6,7.751085466489502e-9,5.602175764521291e-6,2.222655704056092e-6,6.642561418868995e-7,0.001785616701898054,5.936035507171042,2.7677543174491355,0.3843938520319756,0.3199429715223846,0.12430714216465144,25.0,25.0,25.0,25.0,25.0,25.0,24.0,9.534,0.0,0.0,1.0,1781028089808537331
1781028089923498951,0.00039885496745409657,57.261854388077744,103.13201289162478,-0.0009326142717092104,-0.014461055958240793,-0.00023846165808935664,7.554510909855619e-8,8.512992411303224e-6,8.000779641823432e-9,5.601521456266574e-6,2.222559261738401e-6,6.641153497885482e-7,0.0018033168030664624,5.936035044186243,2.767751211490061,0.384396699334536,0.31994331462701703,0.12430794543641484,25.0,25.0,25.0,25.0,25.0,25.0,24.0,9.534,0.0,0.0,1.0,1781028089908267951
1781028090024083830,0.00039886283463792777,57.26185527486315,103.13201289247228,-0.0009320308174605394,-0.014460824447312302,-0.00023839248659563,7.550651123805648e-8,8.513273397160989e-6,8.260079174992909e-9,5.600830289921368e-6,2.2224549924510773e-6,6.639820791095471e-7,0.0018210174828168645,5.9360345811232955,2.767748105422699,0.3843995467304414,0.3199436577381074,0.124308748735251,25.0,25.0,25.0,25.0,25.0,25.0,24.0,9.534,0.0,0.0,1.0,1781028090011808568
1781028090123587811,0.0003988706979263324,57.261856161676874,103.13201289334624,-0.0009314474335115172,-0.01446059294684906,-0.00023832332940167483,7.5469567821967e-8,8.513542797453087e-6,8.51235664890362e-9,5.600160562938957e-6,2.2223561784898135e-6,6.638432648025513e-7,0.0018387187493958275,5.936034117970307,2.7677449992468848,0.3844023942217516,0.31994400085287655,0.12430955206160288,25.0,25.0,25.0,25.0,25.0,25.0,24.0,9.534,0.0,0.0,1.0,1781028090108851153
1781028090223589555,0.00039887855728939256,57.26185704851869,103.1320128942466,-0.0009308641202933252,-0.014460361456915588,-0.0002382541864790977,7.543180335686813e-8,8.513810364363901e-6,8.765423913517114e-9,5.599480371861758e-6,2.2222548133614567e-6,6.637062184463991e-7,0.0018564206031104825,5.936033654740804,2.7677418929636977,0.3844052418061058,0.3199443439729454,0.12431035541487465,25.0,25.0,25.0,25.0,25.0,25.0,24.0,9.534,0.0,0.0,1.0,1781028090217179308
1781028090323533680,0.0003988864126997423,57.26185793538834,103.13201289517336,-0.0009302808782162572,-0.014460129977575693,-0.0002381850578030358,7.539324540239046e-8,8.514078209494048e-6,9.019372732029065e-9,5.598789764021877e-6,2.222151414200049e-6,6.635709017665005e-7,0.001874123045810456,5.936033191428285,2.7677387865711465,0.38440808948391686,0.31994468709836776,0.12431115879512836,25.0,25.0,25.0,25.0,25.0,25.0,24.0,9.534,0.0,0.0,1.0,1781028090314344301
1781028090423455337,0.0003988942641278127,57.26185882228564,103.13201289612644,-0.000929697707719844,-0.014459898508895138,-0.00023811594334176888,7.535583483301411e-8,8.514338064491952e-6,9.268555714342469e-9,5.59811268975432e-6,2.222051777118843e-6,6.634317772028404e-7,0.0018918260697776447,5.936032728027527,2.7677356800696447,0.3844109372572385,0.3199450302287632,0.12431196220302006,25.0,25.0,25.0,25.0,25.0,25.0,24.0,9.534,0.0,0.0,1.0,1781028090415246057
1781028090523898562,0.0003989021115449992,57.26185970921031,103.1320128971058,-0.000929114609207554,-0.014459667050934726,-0.00023804684307199045,7.531601782614807e-8,8.514606503788693e-6,9.525571921016452e-9,5.5974044294865305e-6,2.221944962283588e-6,6.632991581869582e-7,0.0019095296919297336,5.9360322645506365,2.767732573461247,0.38441378512385943,0.31994537336407536,0.12431276563781964,25.0,25.0,25.0,25.0,25.0,25.0,24.0,9.534,0.0,0.0,1.0,1781028090515731652
1781028090623279169,0.0003989099549264169,57.261860596162144,103.1320128981114,-0.0009285315830593288,-0.014459435603749328,-0.0002379777569747247,7.52770697722903e-8,8.514866671144671e-6,9.777509541866065e-9,5.5967061864257945e-6,2.2218408146264686e-6,6.631636084033062e-7,0.00192723389818118,5.936031800990182,2.7677294667444032,0.38441663308471213,0.31994571650376175,0.12431356909985893,25.0,25.0,25.0,25.0,25.0,25.0,24.0,9.534,0.0,0.0,1.0,1781028090617251797
1781028090723706021,0.0003989177942483964,57.26186148314086,103.1320128991432,-0.000927948629601826,-0.01445920416738118,-0.00023790868504227833,7.523987619190867e-8,8.515111818579841e-6,1.0021397487670804e-8,5.596033720861174e-6,2.2217429279595717e-6,6.630216376217513e-7,0.0019449386840393664,5.936031337337067,2.767726359915753,0.3844194811407812,0.3199460596497651,0.12431437258947142,25.0,25.0,25.0,25.0,25.0,25.0,24.0,9.534,0.0,0.0,1.0,1781028090711671035
1781028090824247438,0.00039892562947330926,57.26186237014627,103.1320129002012,-0.0009273657493957,-0.014458972741929216,-0.00023783962721537336,7.519966624055699e-8,8.515371235885744e-6,1.0275467053891268e-8,5.59531809335678e-6,2.221635343124141e-6,6.628887130167619e-7,0.0019626440651618793,5.936030873610928,2.7677232529821167,0.3844223292899552,0.3199464028002525,0.12431517610595402,25.0,25.0,25.0,25.0,25.0,25.0,24.0,9.534,0.0,0.0,1.0,1781028090822431186
1781028090924091383,0.0003989334605768402,57.261863257178135,103.13201290128536,-0.0009267829427949464,-0.014458741327439757,-0.00023777058348139584,7.515866016903563e-8,8.515631596645226e-6,1.0531458460183472e-8,5.594590642305365e-6,2.221525599624274e-6,6.627576974166445e-7,0.001980350030721513,5.936030409805466,2.7677201459389664,0.38442517753299765,0.31994674595556716,0.12431597964960904,25.0,25.0,25.0,25.0,25.0,25.0,24.0,9.534,0.0,0.0,1.0,1781028090916910161
1781028091024520306,0.000398941287538909,57.26186414423618,103.13201290239554,-0.000926200210103528,-0.014458509923953144,-0.0002377015538363489,7.511971236055266e-8,8.515876150654392e-6,1.0778124184108005e-8,5.593893284327926e-6,2.221422724629692e-6,6.62619517699028e-7,0.001998056594886212,5.9360299459063315,2.767717038786203,0.38442802587183666,0.3199470891165101,0.1243167832208594,25.0,25.0,25.0,25.0,25.0,25.0,24.0,9.534,0.0,0.0,1.0,1781028091017447424
1781028091123327178,0.00039894911032324826,57.2618650313202,103.13201290353184,-0.0009256175518251192,-0.014458278531552396,-0.00023763253823307377,7.507979545196711e-8,8.516124510165395e-6,1.1027305233124044e-8,5.593180895111571e-6,2.2213170866392708e-6,6.624839469630063e-7,0.0020157637421018755,5.936029481926422,2.767713931525215,0.38443087430502,0.3199474322819764,0.1243175868194147,25.0,25.0,25.0,25.0,25.0,25.0,24.0,9.534,0.0,0.0,1.0,1781028091119018487
1781028091223351290,0.000398956928908096,57.26186591842996,103.13201290469412,-0.000925034968292446,-0.014458047150283248,-0.00023756353666181936,7.503920344580234e-8,8.51636971763237e-6,1.1276540901915888e-8,5.592459878725281e-6,2.2212094865304225e-6,6.623497254064775e-7,0.0020334714776238825,5.9360290178678525,2.76771082415605,0.3844337228315624,0.3199477754521891,0.1243183904449596,25.0,25.0,25.0,25.0,25.0,25.0,24.0,9.534,0.0,0.0,1.0,1781028091217826487
1781028091324260703,0.0003989647432637805,57.26186680556521,103.13201290588236,-0.000924452459929342,-0.014457815780211656,-0.0002374945490917333,7.49987600032225e-8,8.516612836238997e-6,1.1525203156339128e-8,5.591739563008355e-6,2.221102546239912e-6,6.622146769876527e-7,0.002051179800553213,5.936028553722298,2.767707716678005,0.38443657145356136,0.31994811862787037,0.12431919409810124,25.0,25.0,25.0,25.0,25.0,25.0,24.0,9.534,0.0,0.0,1.0,1781028091320001612
1781028091423900260,0.0003989725533622643,57.26186769272573,103.13201290709654,-0.000923870027145669,-0.01445758442140086,-0.00023742557549613028,7.495681363673928e-8,8.51685941857819e-6,1.17773106992544e-8,5.590998970778173e-6,2.220991043867681e-6,6.620835926449241e-7,0.0020688887131031677,5.9360280894996595,2.7677046090906803,0.38443942016874383,0.3199484618092267,0.12431999777821616,25.0,25.0,25.0,25.0,25.0,25.0,24.0,9.535,0.0,0.0,1.0,1781028091417959768
1781028091523620142,0.000398980359177502,57.26186857991129,103.13201290833662,-0.000923287670310681,-0.014457353073905253,-0.00023735661585569832,7.491520749021467e-8,8.517100868583793e-6,1.2026596533414844e-8,5.5902626644549115e-6,2.2208810035889047e-6,6.619508789993867e-7,0.0020865982172216615,5.93602762519103,2.7677015013957047,0.38444226897932215,0.31994880499480555,0.12432080148586276,25.0,25.0,25.0,25.0,25.0,25.0,24.0,9.535,0.0,0.0,1.0,1781028091515910942
1781028091623794518,0.0003989866007302887,57.261869289677584,103.13201290934728,-0.0009228218397557864,-0.01445716800408634,-0.0002373014581825461,7.488276637290956e-8,8.517285273541834e-6,1.2221843129964804e-8,5.589686343260825e-6,2.2207959101678156e-6,6.618415409588975e-7,0.0021007662485870928,5.93602725368255,2.7676990151592022,0.384444548095616,0.3199490795474217,0.12432144447156328,25.0,25.0,25.0,25.0,25.0,25.0,24.0,9.535,0.0,0.0,1.0,1781028091596293971
1781028091723485193,0.0003989959578541387,57.261870354356546,103.1320129108942,-0.0009221231860272876,-0.014456890413087007,-0.00023721873835178008,7.48327718830278e-8,8.517568287758358e-6,1.2519817012440988e-8,5.588800258760843e-6,2.220663694185129e-6,6.616814780847279e-7,0.0021220189971223437,5.936026696322022,2.767695285676232,0.3844479668843694,0.319949491382401,0.1243224089832375,25.0,25.0,25.0,25.0,25.0,25.0,24.0,9.535,0.0,0.0,1.0,1781028091716760691
1781028091823379011,0.0003990037506557607,57.261871241615815,103.1320129122117,-0.0009215410594257556,-0.01445665909989966,-0.00023714982042485203,7.478977299210783e-8,8.51780712129436e-6,1.2770737580269464e-8,5.588044086179772e-6,2.2205502517980063e-6,6.615513909549906e-7,0.002139730276974734,5.936026231763966,2.7676921776544052,0.3844508159784789,0.3199498345829698,0.12432321277278244,25.0,25.0,25.0,25.0,25.0,25.0,24.0,9.535,0.0,0.0,1.0,1781028091821519773
1781028091924041422,0.00039901153907162887,57.26187212889912,103.13201291355486,-0.0009209590102382518,-0.014456427798243295,-0.00023708091637770291,7.474845840057036e-8,8.518029562916218e-6,1.3012995704173418e-8,5.587313790073663e-6,2.220442478935964e-6,6.614150720144456e-7,0.0021574421455662195,5.936025767119614,2.767689069520991,0.38445366516739155,0.3199501777896329,0.12432401658976493,25.0,25.0,25.0,25.0,25.0,25.0,24.0,9.535,0.0,0.0,1.0,1781028091917227546
1781028092023575762,0.0003990177666189899,57.261872838743,103.13201291464792,-0.0009204934270696747,-0.014456242765300314,-0.00023702580307883623,7.471303320237961e-8,8.518222517475854e-6,1.3216273423179697e-8,5.586693658653695e-6,2.220348576508995e-6,6.613135144225406e-7,0.0021716120703036855,5.936025395349336,2.76768658293922,0.3844559445867201,0.3199504523575866,0.12432465966303231,25.0,25.0,25.0,25.0,25.0,25.0,24.0,9.535,0.0,0.0,1.0,1781028092002619630
1781028092123448624,0.0003990271026174045,57.26187390353715,103.13201291631825,-0.0009197951460744234,-0.014455965229851417,-0.0002369431497386341,7.466272555210217e-8,8.518485606621485e-6,1.3506379031520593e-8,5.585805356751124e-6,2.2202170521622284e-6,6.611511210920498e-7,0.0021928676538654143,5.936024837588891,2.7676828529308617,0.3844593638292527,0.31995086421745306,0.1243256243058776,25.0,25.0,25.0,25.0,25.0,25.0,24.0,9.535,0.0,0.0,1.0,1781028092123285724
1781028092223577352,0.0003990333230376205,57.2618746134187,103.13201291745229,-0.0009193296883616884,-0.014455780215606794,-0.000236888058531618,7.462804417197143e-8,8.518666710764391e-6,1.3704447598700885e-8,5.585197342934279e-6,2.2201261792264055e-6,6.610460321798229e-7,0.0022070385287214643,5.9360244656811005,2.767680366172693,0.3844616434004972,0.319951138794414,0.12432626742303136,25.0,25.0,25.0,25.0,25.0,25.0,24.0,9.535,0.0,0.0,1.0,1781028092201819054
1781028092323429854,0.00039904264827514185,57.261875678268794,103.132012919184,-0.0009186315965774916,-0.01445550270837218,-0.0002368054382496483,7.45766041603651e-8,8.518931303686915e-6,1.399742778747092e-8,5.584289347125253e-6,2.219991303586788e-6,6.608864225277069e-7,0.0022282955283818443,5.936023907720775,2.7676766359041025,0.38446506287107335,0.31995155066573067,0.12432723213179982,25.0,25.0,25.0,25.0,25.0,25.0,24.0,9.535,0.0,0.0,1.0,1781028092319661908
1781028092423281295,0.0003990504143308938,57.261876565669134,103.1320129206552,-0.0009180499407786008,-0.014455271465369528,-0.00023673660312953967,7.453337945316876e-8,8.519146947706911e-6,1.4239820671267072e-8,5.583531292650123e-6,2.219878701090122e-6,6.607533310270707e-7,0.002246010356878399,5.936023442662392,2.767673527225172,0.38446791253333223,0.3199518938978257,0.12432803608559322,25.0,25.0,25.0,25.0,25.0,25.0,24.0,9.535,0.0,0.0,1.0,1781028092421913981
1781028092523617369,0.0003990581758341075,57.26187745309215,103.13201292215182,-0.0009174683647907956,-0.01445504023427171,-0.0002366677817256596,7.448944018031863e-8,8.519364635858375e-6,1.4484947231523282e-8,5.582760793389001e-6,2.2197634243064394e-6,6.606222655688857e-7,0.0022637257691735034,5.936022977523784,2.767670418439704,0.3844707622911734,0.3199522371346523,0.12432884006709644,25.0,25.0,25.0,25.0,25.0,25.0,24.0,9.535,0.0,0.0,1.0,1781028092519846405
1781028092624190356,0.0003990643817424561,57.26187816304676,103.13201292336744,-0.0009170031617176972,-0.01445485525800199,-0.0002366127344635451,7.445462285011132e-8,8.519534275075778e-6,1.4678154685635058e-8,5.582150049746567e-6,2.219672937215538e-6,6.605157898253308e-7,0.0022778985323105303,5.936022605348341,2.767667931331598,0.38447304216605266,0.31995251172761624,0.12432948327205975,25.0,25.0,25.0,25.0,25.0,25.0,24.0,9.535,0.0,0.0,1.0,1781028092599935914
1781028092724264858,0.0003990721349833815,57.261879050510096,103.13201292490982,-0.0009164217303957296,-0.01445462404848657,-0.0002365439376795357,7.440959274018578e-8,8.519751685063431e-6,1.4924882933355443e-8,5.581365358018823e-6,2.2195552008547986e-6,6.603869182999431e-7,0.0022956150167060575,5.936022140059916,2.7676648223476956,0.38447589209408817,0.3199528549743071,0.1243302873027258,25.0,25.0,25.0,25.0,25.0,25.0,24.0,9.535,0.0,0.0,1.0,1781028092704871760
1781028092823891172,0.0003990798836047027,57.26187993799544,103.13201292647751,-0.0009158403798365382,-0.01445439285101485,-0.00023647515456891056,7.43667012799546e-8,8.519951053898205e-6,1.5160633601808864e-8,5.580612304741908e-6,2.219444616193728e-6,6.602505293029446e-7,0.002313332101668453,5.936021674680471,2.7676617132530135,0.3844787421180516,0.3199531982260003,0.12433109136104162,25.0,25.0,25.0,25.0,25.0,25.0,24.0,9.535,0.0,0.0,1.0,1781028092805447067
1781028092923465329,0.00039908762756631967,57.26188082550268,103.1320129280706,-0.0009152591106642404,-0.014454161665697648,-0.00023640638505567104,7.432064561818688e-8,8.520167922017296e-6,1.540917945596756e-8,5.579811179199553e-6,2.2193235766662148e-6,6.601240657043787e-7,0.0023310497663310233,5.9360212092285565,2.767658604051868,0.38448159223598943,0.31995354148268534,0.12433189544665894,25.0,25.0,25.0,25.0,25.0,25.0,24.0,9.535,0.0,0.0,1.0,1781028092907794251
1781028093025547944,0.0003990953668526972,57.26188171303145,103.13201292968888,-0.0009146779230383982,-0.014453930492547003,-0.0002363376291607761,7.427608772745124e-8,8.520372114080158e-6,1.5649755584566384e-8,5.579031787432507e-6,2.2192078267691996e-6,6.599922032081978e-7,0.002348768024968144,5.936020743687702,2.767655494741367,0.3844844424498881,0.3199538847435994,0.12433269955997008,25.0,25.0,25.0,25.0,25.0,25.0,24.0,9.535,0.0,0.0,1.0,1781028093011726256
1781028093124169399,0.0003991046477803421,57.26188277809421,103.13201293166418,-0.0009139806062166836,-0.01445365310094178,-0.0002362551399972858,7.422059690052476e-8,8.52062375297172e-6,1.5944584437161282e-8,5.578068201878276e-6,2.219062594922455e-6,6.598395909375053e-7,0.002370030726403442,5.936020184934438,2.76765176342411,0.3844878628312742,0.3199542966643618,0.1243336645319932,25.0,25.0,25.0,25.0,25.0,25.0,24.0,9.535,0.0,0.0,1.0,1781028093121222758
1781028093223808425,0.0003991108312842071,57.26188348815291,103.13201293300114,-0.0009135157941699078,-0.014453468183027687,-0.00023620015808200096,7.418564519188218e-8,8.5207756214327e-6,1.6131352078129446e-8,5.57745631817316e-6,2.218972978915286e-6,6.597306655456436e-7,0.0023842063358618247,5.9360198123554415,2.7676492757893527,0.38449014316273383,0.3199545712829159,0.12433430786896178,25.0,25.0,25.0,25.0,25.0,25.0,24.0,9.535,0.0,0.0,1.0,1781028093201904541
1781028093323422452,0.0003991185563747806,57.261884375745105,103.13201293469498,-0.0009129348536836492,-0.0144532370467795,-0.00023613144284666257,7.413853986631329e-8,8.520982265116186e-6,1.637767269381735e-8,5.5766413415989785e-6,2.218849752133286e-6,6.596050415999248e-7,0.002401926376009308,5.936019346571592,2.76764616615061,0.38449299366057343,0.319954914559693,0.12433511206439048,25.0,25.0,25.0,25.0,25.0,25.0,24.0,9.535,0.0,0.0,1.0,1781028093308172602
1781028093423624890,0.0003991262766843203,57.26188526335798,103.13201293641391,-0.0009123539962798452,-0.014453005922934652,-0.0002360627411271705,7.409307463538647e-8,8.521175975787277e-6,1.6616155625690206e-8,5.575850749960936e-6,2.218732394971771e-6,6.594734955087557e-7,0.0024196470185504663,5.936018880695986,2.767643056400212,0.3844958442548124,0.3199552578422541,0.12433591628762038,25.0,25.0,25.0,25.0,25.0,25.0,24.0,9.535,0.0,0.0,1.0,1781028093419422702
1781028093523455674,0.0003991339921785018,57.26188615099131,103.13201293815791,-0.000911773222415239,-0.014452774811575673,-0.0002359940528775328,7.40453052137273e-8,8.521380803666393e-6,1.686285637434724e-8,5.575026455047189e-6,2.218607492775908e-6,6.593489092473442e-7,0.002437368250227559,5.936018414745999,2.767639946543437,0.38449869494366906,0.3199556011293975,0.12433672053826732,25.0,25.0,25.0,25.0,25.0,25.0,24.0,9.535,0.0,0.0,1.0,1781028093513978895
1781028093626546871,0.0003991417028435685,57.26188703864484,103.13201293992692,-0.0009111925323123053,-0.01445254371272475,-0.00023592537810906525,7.399991770449947e-8,8.521566960884101e-6,1.709804601656053e-8,5.574236214328923e-6,2.2184906750666723e-6,6.592161562804912e-7,0.002455090078118927,5.936017948701805,2.767636836573273,0.38450154572855966,0.31995594442231284,0.12433752481663717,25.0,25.0,25.0,25.0,25.0,25.0,24.0,9.535,0.0,0.0,1.0,1781028093609356452
1781028093723366750,0.0003991494086433844,57.26188792631838,103.1320129417209,-0.00091061192646611,-0.014452312626468075,-0.0002358567167690714,7.395269227261326e-8,8.521760626468152e-6,1.7339319207085467e-8,5.573419541420345e-6,2.218368172421109e-6,6.590886922495541e-7,0.002472812502471015,5.936017482580454,2.767633726495368,0.3845043966080242,0.31995628771981904,0.12433832912234172,25.0,25.0,25.0,25.0,25.0,25.0,24.0,9.535,0.0,0.0,1.0,1781028093711316653
1781028093824705808,0.00039915710955529694,57.26188881401167,103.1320129435398,-0.0009100314052038224,-0.0144520815528534,-0.0002357880688425933,7.390463940576017e-8,8.521955089448942e-6,1.7582127722443962e-8,5.572591287292184e-6,2.218243364248841e-6,6.589631649306552e-7,0.002490535509305622,5.936017016377953,2.7676306163081668,0.3845072475827472,0.3199566310231217,0.1243391334557134,25.0,25.0,25.0,25.0,25.0,25.0,24.0,9.535,0.0,0.0,1.0,1781028093818663666
1781028093923461229,0.0003991648055558192,57.261889701724485,103.13201294538356,-0.0009094509688470712,-0.01445185049192958,-0.0002357194343148201,7.3858111052689e-8,8.522136888095393e-6,1.7817832840089653e-8,5.571785480356153e-6,2.218123716301358e-6,6.588322869986263e-7,0.002508259128742268,5.936016550087203,2.767627506009179,0.3845100986530714,0.3199569743312202,0.1243399378165655,25.0,25.0,25.0,25.0,25.0,25.0,24.0,9.535,0.0,0.0,1.0,1781028093915673033
1781028094023581683,0.0003991724966179336,57.2618905894566,103.13201294725216,-0.000908870617784268,-0.014451619443758888,-0.00023565081315746097,7.38109703186012e-8,8.522318297473321e-6,1.8054079139092458e-8,5.570970802396144e-6,2.218002305193664e-6,6.587027558199081e-7,0.002525983338286851,5.9360160837124045,2.767624395601255,0.38451294981902856,0.3199573176446671,0.1243407422051156,25.0,25.0,25.0,25.0,25.0,25.0,24.0,9.535,0.0,0.0,1.0,1781028094018224935
1781028094124032337,0.00039918018271624134,57.26189147720779,103.13201294914552,-0.0009082903523663106,-0.014451388408392949,-0.00023558220534973856,7.376437411473215e-8,8.522493722654312e-6,1.8287594834061893e-8,5.570163135630763e-6,2.2178827724624725e-6,6.585710429600505e-7,0.0025437081348205696,5.9360156172512815,2.7676212850831603,0.384515801080902,0.3199576609636477,0.12434154662146238,25.0,25.0,25.0,25.0,25.0,25.0,24.0,9.535,0.0,0.0,1.0,1781028094121898042
1781028094223879121,0.0003991878638171476,57.261892364977854,103.13201295106371,-0.0009077101730652324,-0.014451157385917807,-0.0002355136108427691,7.371515268599862e-8,8.52268203603243e-6,1.85299689307657e-8,5.569318518307021e-6,2.2177552077676787e-6,6.584471174763452e-7,0.0025614335380329863,5.936015150715082,2.767618174456524,0.3845186524370925,0.31995800428735865,0.1243423510650096,25.0,25.0,25.0,25.0,25.0,25.0,24.0,9.535,0.0,0.0,1.0,1781028094221671569
1781028094323229644,0.000399195539908336,57.26189325276652,103.13201295300657,-0.0009071300800439966,-0.014450926376342993,-0.0002354450296571688,7.36680109921536e-8,8.522851115379613e-6,1.8761448978529312e-8,5.568504558203096e-6,2.217634545357199e-6,6.583158053659892e-7,0.0025791595307544176,5.936014684090404,2.7676150637180954,0.3845215038892191,0.3199583476167132,0.12434315553635036,25.0,25.0,25.0,25.0,25.0,25.0,24.0,9.535,0.0,0.0,1.0,1781028094322752566
1781028094424538415,0.0003992016771465716,57.261893963010735,103.1320129545786,-0.0009066660681361756,-0.014450741578042416,-0.00023539017425128333,7.362800505909707e-8,8.522999974475422e-6,1.89561453150478e-8,5.567819840663516e-6,2.2175308515452763e-6,6.582178039257948e-7,0.002593340759314553,5.936014310734833,2.7676125750505314,0.3845237851192913,0.3199586222832309,0.12434379913314438,25.0,25.0,25.0,25.0,25.0,25.0,24.0,9.535,0.0,0.0,1.0,1781028094403452530
1781028094524248893,0.0003992108769322022,57.26189502839883,103.1320129569662,-0.0009059701546626408,-0.014450464396210064,-0.00023530790706919385,7.357051243950788e-8,8.523201862664755e-6,1.9235223495954445e-8,5.56682932733909e-6,2.217383550020905e-6,6.580620759046108e-7,0.0026146133157232705,5.93601375059431,2.7676088419142215,0.3845272070797984,0.3199590342901917,0.12434476456172856,25.0,25.0,25.0,25.0,25.0,25.0,24.0,9.535,0.0,0.0,1.0,1781028094521268832
1781028094624537772,0.00039921700604825407,57.26189573867197,103.1320129585776,-0.00090550628231777,-0.01445027961879812,-0.00023525307285726172,7.35306501967059e-8,8.523343591239422e-6,1.9427055572345824e-8,5.566146466508097e-6,2.217280591292941e-6,6.579627565783668e-7,0.002628795489829567,5.936013377104066,2.7676063530696644,0.3845294884629429,0.3199593089656733,0.12434540820286807,25.0,25.0,25.0,25.0,25.0,25.0,24.0,9.535,0.0,0.0,1.0,1781028094601592253
1781028094723978682,0.0003992261935854769,57.261896804102925,103.1320129610241,-0.0009048105790837508,-0.01445000246844297,-0.0002351708374000032,7.347235410812636e-8,8.523543221372566e-6,1.9707231476353026e-8,5.565143298770706e-6,2.217131164602455e-6,6.578084665969164e-7,0.0026500694727232626,5.936012816763054,2.767602619669319,0.3845329106528889,0.3199597209852772,0.12434637369783852,25.0,25.0,25.0,25.0,25.0,25.0,24.0,9.535,0.0,0.0,1.0,1781028094722232731
1781028094825562156,0.00039923231449775733,57.26189751440424,103.13201296267474,-0.0009043468474128676,-0.014449817712096576,-0.000235116024311573,7.34323601611641e-8,8.523676806983165e-6,1.9895186996062892e-8,5.56446054415401e-6,2.217028335870734e-6,6.577083689914266e-7,0.002664252610118337,5.93601244314228,2.7676001306489675,0.3845351921881447,0.3199599956684005,0.12434701738289428,25.0,25.0,25.0,25.0,25.0,25.0,24.0,9.535,0.0,0.0,1.0,1781028094803545818
1781028094923239013,0.000399241489660941,57.261898579876984,103.13201296517998,-0.0009036513561417108,-0.014449540593493187,-0.00023503382046078815,7.337210175110236e-8,8.523880026560178e-6,2.0179898784921745e-8,5.5634307766046305e-6,2.2168736361304104e-6,6.575588103762535e-7,0.0026855280350737048,5.936011882602857,2.767596396984984,0.38453861460761224,0.3199604077005058,0.12434798294417614,25.0,25.0,25.0,25.0,25.0,25.0,24.0,9.535,0.0,0.0,1.0,1781028094922934850
1781028095023669450,0.0003992476022859605,57.2618992902058,103.13201296686964,-0.0009031877663146632,-0.01444935585839756,-0.00023497902841261383,7.333202313740174e-8,8.524009743742332e-6,2.0367224891806813e-8,5.562746936604626e-6,2.216771122574109e-6,6.574580771994967e-7,0.002699712123974379,5.936011508843967,2.7675939077873286,0.38454089629671695,0.31996068239286574,0.1243486266737631,25.0,25.0,25.0,25.0,25.0,25.0,24.0,9.535,0.0,0.0,1.0,1781028095010044824
1781028095123509159,0.0003992552383723939,57.26190017813196,103.13201296900372,-0.00090260835926824,-0.01444912495155447,-0.00023491055015937496,7.328209140135475e-8,8.524169321509892e-6,2.0599666718612305e-8,5.561891987467199e-6,2.2166429668921102e-6,6.573316874610823e-7,0.00271744277185384,5.936011041572809,2.767590796192973,0.384543748494456,0.31996102576196084,0.1243494313607157,25.0,25.0,25.0,25.0,25.0,25.0,24.0,9.535,0.0,0.0,1.0,1781028095103408639
1781028095224371227,0.0003992628692207213,57.26190106607475,103.13201297116206,-0.0009020290416921156,-0.014448894058121891,-0.0002348420850061048,7.32318135563534e-8,8.524326922353838e-6,2.0832443633276523e-8,5.561032763027935e-6,2.2165142598357988e-6,6.57205658194591e-7,0.0027351740128413247,5.936010574214435,2.767587684485741,0.38454660078796593,0.3199613691379863,0.12435023607542586,25.0,25.0,25.0,25.0,25.0,25.0,24.0,9.535,0.0,0.0,1.0,1781028095206977005
1781028095324220559,0.0003992704948018224,57.26190195403398,103.13201297334469,-0.0009014498139818596,-0.014448663178165002,-0.00023477363291881935,7.318081155744407e-8,8.524485814402816e-6,2.106661948630326e-8,5.560164588570696e-6,2.2163838478884203e-6,6.570812706895047e-7,0.0027529058693103424,5.936010106773259,2.7675845726693966,0.3845494531770862,0.31996171251802363,0.12435104081761736,25.0,25.0,25.0,25.0,25.0,25.0,24.0,9.535,0.0,0.0,1.0,1781028095305115131
1781028095425046227,0.0003992781150927486,57.2619028420094,103.13201297555152,-0.0009008706764532094,-0.014448432311732144,-0.00023470519388140224,7.313004657508472e-8,8.524639490794818e-6,2.12982840584582e-8,5.559299656449015e-6,2.216254288068792e-6,6.569555967106168e-7,0.00277063831649476,5.936009639249611,2.7675814607425355,0.3845523056622629,0.3199620559036703,0.12435184558767633,25.0,25.0,25.0,25.0,25.0,25.0,24.0,9.535,0.0,0.0,1.0,1781028095413261729
1781028095523859148,0.0003992857300695512,57.26190373000076,103.13201297778254,-0.0009002916294173202,-0.014448201458874854,-0.0002346367678769341,7.307912716499278e-8,8.52479048788573e-6,2.1529620784805992e-8,5.558433591508257e-6,2.2161248294037696e-6,6.568297191203212e-7,0.0027883713693372465,5.936009171638296,2.7675783487048795,0.3845551582434741,0.31996239929452003,0.12435265038542193,25.0,25.0,25.0,25.0,25.0,25.0,24.0,9.535,0.0,0.0,1.0,1781028095509887268
1781028095623618786,0.00039929333970916856,57.26190461800787,103.13201298003771,-0.0008997126732351006,-0.014447970619648452,-0.0002345683548819374,7.302803401710133e-8,8.524940297747058e-6,2.1760605093115733e-8,5.5575602717444e-6,2.215993665701698e-6,6.56704666330319e-7,0.0028061049994676968,5.936008703947961,2.767575236558199,0.3845580109204912,0.3199627426910243,0.1243534552110777,25.0,25.0,25.0,25.0,25.0,25.0,24.0,9.535,0.0,0.0,1.0,1781028095615064479
1781028095723393730,0.00039930094398248994,57.261905506030494,103.13201298231698,-0.0008991338082648457,-0.014447739794112045,-0.00023449995486701675,7.29762823670444e-8,8.525088478292959e-6,2.1991985874921353e-8,5.556681931776261e-6,2.215861786143037e-6,6.565804636542071e-7,0.0028238392529884187,5.936008236172828,2.767572124300581,0.38456086369305087,0.31996308609163726,0.12435426006413224,25.0,25.0,25.0,25.0,25.0,25.0,24.0,9.535,0.0,0.0,1.0,1781028095712527946
1781028095823648948,0.0003993070235203102,57.26190621645963,103.1320129841577,-0.0008986707822076388,-0.014447555143578927,-0.00023444524418266813,7.293418152934443e-8,8.525208133156362e-6,2.2178503802939506e-8,5.555969666983579e-6,2.215754244779717e-6,6.564828046683576e-7,0.002838027071463574,5.936007861895324,2.767569634414804,0.38456314597986174,0.3199633608169447,0.12435490396661716,25.0,25.0,25.0,25.0,25.0,25.0,24.0,9.535,0.0,0.0,1.0,1781028095793206146
1781028095923967666,0.0003993161363375939,57.2619072821214,103.13201298694756,-0.0008979763532947092,-0.01444727818431983,-0.00023436319369751768,7.287285059213874e-8,8.525374507810044e-6,2.2450827080309594e-8,5.554924931988078e-6,2.2155983786132835e-6,6.563304592777289e-7,0.0028593095282469848,5.936007300371248,2.767565899453222,0.3845665695263617,0.3199637729106295,0.124355869853871,25.0,25.0,25.0,25.0,25.0,25.0,24.0,9.535,0.0,0.0,1.0,1781028095914935634
1781028096024525603,0.0003993237243661407,57.26190817018925,103.13201298929884,-0.0008973977640015917,-0.014447047400180584,-0.00023429483248993695,7.281999303464378e-8,8.525518903349114e-6,2.2682167968517236e-8,5.554031780143399e-6,2.2154640280315284e-6,6.562079677326588e-7,0.002877045563903155,5.9360068323450665,2.7675627868626034,0.38456942258665655,0.3199641163283545,0.12435667479028632,25.0,25.0,25.0,25.0,25.0,25.0,24.0,9.535,0.0,0.0,1.0,1781028096017595335
1781028096123332637,0.0003993313069322771,57.261909058271726,103.13201299167405,-0.0008968192672682318,-0.01444681662994638,-0.0002342264841763299,7.276738270004908e-8,8.525657976939649e-6,2.2911009410917575e-8,5.553142315959688e-6,2.2153305072441437e-6,6.560842283183909e-7,0.002894782214889677,5.936006364236072,2.767559674163144,0.38457227574340314,0.3199644597501935,0.12435747975447844,25.0,25.0,25.0,25.0,25.0,25.0,24.0,9.535,0.0,0.0,1.0,1781028096116496815
1781028096223626999,0.0003993373690340934,57.26190976874809,103.13201299359136,-0.0008963565367663991,-0.014446632023811657,-0.000234171814789362,7.272394991189592e-8,8.525776083362313e-6,2.3100027642972543e-8,5.552408917798264e-6,2.2152186852471328e-6,6.559896079398284e-7,0.002908971951048761,5.936005989693204,2.767557183924861,0.3845745583373168,0.3199647344923273,0.12435812374580284,25.0,25.0,25.0,25.0,25.0,25.0,24.0,9.535,0.0,0.0,1.0,1781028096198996781
1781028096323732487,0.0003993464555788944,57.26191083447963,103.13201299649592,-0.0008956625527678914,-0.014446355131400296,-0.00023408982614838637,7.26612220030147e-8,8.525932449600697e-6,2.3370052393420338e-8,5.5513472133651955e-6,2.21506004440393e-6,6.558387273584726e-7,0.0029302572954946243,5.936005427768468,2.767553448431762,0.3845779823445478,0.3199651466113905,0.12435908976624375,25.0,25.0,25.0,25.0,25.0,25.0,24.0,9.535,0.0,0.0,1.0,1781028096321832753
1781028096423477769,0.0003993525088491153,57.26191154497853,103.1320129984513,-0.0008951999715896246,-0.014446170547707348,-0.00023403517731664073,7.262024893285416e-8,8.526029615617654e-6,2.354646805803628e-8,5.550650087602026e-6,2.214956897509584e-6,6.557352603815977e-7,0.0029444479907898965,5.936005053082161,2.7675509580134556,0.3845802650932872,0.3199654213624302,0.12435973380233128,25.0,25.0,25.0,25.0,25.0,25.0,24.0,9.535,0.0,0.0,1.0,1781028096401209068
1781028096524101849,0.0003993615820755528,57.261912610743394,103.13201300141291,-0.0008945062125397048,-0.014445893689128022,-0.00023395321941786437,7.255447278222985e-8,8.526195961569274e-6,2.3825338975449232e-8,5.549544669362569e-6,2.214788942799084e-6,6.555928477164803e-7,0.002965734774071152,5.936004490966276,2.767547222257124,0.3845836893299129,0.3199658334932051,0.12436069988914268,25.0,25.0,25.0,25.0,25.0,25.0,24.0,9.535,0.0,0.0,1.0,1781028096521001953
1781028096624069640,0.0003993676264282435,57.261913321264146,103.13201300340629,-0.0008940437818469295,-0.01444570912807501,-0.0002338985910470858,7.251076821195195e-8,8.526304155560905e-6,2.4010465166584177e-8,5.548808800383824e-6,2.214677368281996e-6,6.554972294097676e-7,0.00297992643530473,5.936004116153167,2.7675447316637714,0.38458597223181035,0.3199661082522901,0.12436134396950624,25.0,25.0,25.0,25.0,25.0,25.0,24.0,9.535,0.0,0.0,1.0,1781028096603520891
1781028096723360877,0.00039937668623078406,57.26191438706124,103.13201300642464,-0.0008933502491968018,-0.014445432303550382,-0.0002338166638152292,7.244695375850174e-8,8.526450615670545e-6,2.4279071154946127e-8,5.547731353682379e-6,2.214516127039883e-6,6.553474149866813e-7,0.003001214650922917,5.936003553826877,2.767540995638377,0.3845893967005216,0.3199665203976603,0.1243623101235374,25.0,25.0,25.0,25.0,25.0,25.0,24.0,9.535,0.0,0.0,1.0,1781028096723215810
1781028096824367614,0.000399382721592427,57.26191509760311,103.13201300845576,-0.0008928879699887766,-0.01444524776529154,-0.00023376205584815712,7.240402730595703e-8,8.526548307968162e-6,2.4458208807134248e-8,5.547008296814572e-6,2.21440794332371e-6,6.552482288663537e-7,0.0030154072864967325,5.936003178874566,2.7675385048673644,0.3845916797569728,0.31996679516437,0.12436295424846608,25.0,25.0,25.0,25.0,25.0,25.0,24.0,9.535,0.0,0.0,1.0,1781028096803245204
1781028096923459789,0.00039939026070526826,57.261915985792065,103.13201301101589,-0.0008923102066415908,-0.014445017105365276,-0.00023369380733271315,7.23488997828587e-8,8.526675845709969e-6,2.4687697104160963e-8,5.5460810952334786e-6,2.2142673177063535e-6,6.551288239587511e-7,0.003033148599527098,5.936002710116782,2.76753539130416,0.3845945336632072,0.3199671386286252,0.12436375942964226,25.0,25.0,25.0,25.0,25.0,25.0,24.0,9.535,0.0,0.0,1.0,1781028096912224615
1781028097024734815,0.00039939779414194953,57.26191687399367,103.13201301359948,-0.0008917325387216333,-0.014444786459806408,-0.00023362557152302533,7.229539925635639e-8,8.526789915941964e-6,2.490905908611192e-8,5.545179522271597e-6,2.214132779140694e-6,6.550034306133412e-7,0.00305089052729547,5.936002241266358,2.767532277628197,0.38459738766654006,0.3199674820982739,0.12436456463876086,25.0,25.0,25.0,25.0,25.0,25.0,24.0,9.536,0.0,0.0,1.0,1781028097009717951
1781028097124189287,0.00039940532187260146,57.261917762207766,103.1320130162066,-0.0008911549666417128,-0.014444555828687047,-0.00023355734837801409,7.224026121630672e-8,8.52690905137113e-6,2.5133909779939622e-8,5.544255824204655e-6,2.2139935291897223e-6,6.548824672242385e-7,0.0030686330570665475,5.9360017723379155,2.7675291638424633,0.3846002417654242,0.3199678255726124,0.12436536987552058,25.0,25.0,25.0,25.0,25.0,25.0,24.0,9.536,0.0,0.0,1.0,1781028097111923814
1781028097224197678,0.0003994128438796616,57.2619186504341,103.13201301883709,-0.000890577490672274,-0.014444325212046666,-0.00023348913788907825,7.218524841991569e-8,8.52702554585378e-6,2.535884404311335e-8,5.543332329019598e-6,2.2138543665673396e-6,6.547609525256611e-7,0.003086376187219147,5.936001303324817,2.767526049944909,0.38460309596085895,0.31996816905300607,0.12436617514024095,25.0,25.0,25.0,25.0,25.0,25.0,24.0,9.536,0.0,0.0,1.0,1781028097211752620
1781028097324001282,0.0003994203601359944,57.26191953867246,103.13201302149096,-0.0008900001111511232,-0.014444094609943092,-0.0002334209400299102,7.212946678033857e-8,8.527142470660777e-6,2.558488551863776e-8,5.5423975931420226e-6,2.21371280289989e-6,6.54641430938059e-7,0.0031041199205529427,5.936000834230585,2.7675229359372384,0.3846059502522561,0.31996851253835146,0.12436698043270618,25.0,25.0,25.0,25.0,25.0,25.0,24.0,9.536,0.0,0.0,1.0,1781028097309993802
1781028097425629360,0.00039942787062117514,57.261920426922586,103.13201302416816,-0.0008894228283624374,-0.014443864022421218,-0.0002333527547869841,7.207517653515411e-8,8.527247902576142e-6,2.5803209045884473e-8,5.541484711930733e-6,2.2135766705408857e-6,6.545165253193726e-7,0.0031218642511692484,5.936000365044242,2.7675198218179644,0.38460880464145875,0.319968856028839,0.12436778575346644,25.0,25.0,25.0,25.0,25.0,25.0,24.0,9.536,0.0,0.0,1.0,1781028097412429759
1781028097524029326,0.0003994353753032979,57.26192131518436,103.13201302686866,-0.0008888456427285831,-0.014443633449553222,-0.0002332845821155878,7.201870525876296e-8,8.527362782026352e-6,2.6029823617217293e-8,5.540540887788986e-6,2.2134335941473523e-6,6.543980831581401e-7,0.003139609182670234,5.9359998957819595,2.767516707588076,0.3846116591260458,0.31996919952522845,0.12436859110187531,25.0,25.0,25.0,25.0,25.0,25.0,24.0,9.536,0.0,0.0,1.0,1781028097515796398
1781028097624163616,0.0003994428741644995,57.261922203457466,103.13201302959236,-0.0008882685544850346,-0.014443402891375875,-0.00023321642201249676,7.196163762836902e-8,8.527476968288802e-6,2.6257137559212603e-8,5.539589179582924e-6,2.2132887834554332e-6,6.542809333892119e-7,0.003157354722472521,5.9359994264380145,2.767513593247388,0.38461451370659344,0.31996954302677993,0.1243693964779997,25.0,25.0,25.0,25.0,25.0,25.0,24.0,9.536,0.0,0.0,1.0,1781028097621164087
1781028097723374246,0.0003994503671832533,57.261923091741714,103.13201303233926,-0.0008876915639358564,-0.014443172347936914,-0.00023314827445955184,7.19058707547655e-8,8.527579404084191e-6,2.6476741607785903e-8,5.538657693680529e-6,2.2131488521669072e-6,6.541588907538882e-7,0.0031751008711647898,5.935998957004336,2.7675104787950184,0.38461736838441063,0.3199698865328795,0.12437020188217454,25.0,25.0,25.0,25.0,25.0,25.0,24.0,9.536,0.0,0.0,1.0,1781028097719153548
1781028097824186649,0.0003994578543331073,57.26192398003688,103.13201303510928,-0.0008871146714172697,-0.014442941819293236,-0.00023308013942997417,7.184983000869223e-8,8.527681631692436e-6,2.669791486563118e-8,5.537719325538458e-6,2.213007506308827e-6,6.540377484131592e-7,0.0031928476113476066,5.935998487487014,2.7675073642312533,0.3846202231588122,0.319970230045109,0.12437100731439037,25.0,25.0,25.0,25.0,25.0,25.0,24.0,9.536,0.0,0.0,1.0,1781028097818953050
1781028097923984700,0.0003994653355883337,57.261924868342795,103.13201303790242,-0.0008865378772763854,-0.014442711305502632,-0.00023301201689485097,7.179311086335064e-8,8.527782191349202e-6,2.6918330704196768e-8,5.5367752808738544e-6,2.2128650903987054e-6,6.539175911424738e-7,0.0032105949613288136,5.9359980178874725,2.767504249555324,0.3846230780293228,0.31997057356288405,0.12437181277437068,25.0,25.0,25.0,25.0,25.0,25.0,24.0,9.536,0.0,0.0,1.0,1781028097918840131
1781028098028770654,0.0003994728109284519,57.26192575665919,103.1320130407186,-0.0008859611818076441,-0.014442480806612822,-0.0002329439068387498,7.173677290003318e-8,8.527879980444276e-6,2.7138110497440533e-8,5.535833090266079e-6,2.212723234393942e-6,6.537964406197368e-7,0.0032283429138404095,5.935997548202017,2.7675011347698977,0.3846259329972447,0.3199709170854985,0.1243726182625225,25.0,25.0,25.0,25.0,25.0,25.0,24.0,9.536,0.0,0.0,1.0,1781028098018660417
1781028098130251172,0.0003994802803274685,57.26192664498586,103.13201304355778,-0.0008853845853393042,-0.014442250322680006,-0.0002328758092355353,7.167919425016707e-8,8.52798002236657e-6,2.7359973245146743e-8,5.5348751505811646e-6,2.212578052942217e-6,6.536783190803136e-7,0.0032460914682621352,5.935997078437754,2.767498019872737,0.3846287880606741,0.3199712606133921,0.1243734237783294,25.0,25.0,25.0,25.0,25.0,25.0,24.0,9.536,0.0,0.0,1.0,1781028098121983963
1781028098229394180,0.0003994877437668602,57.26192753332257,103.13201304641989,-0.0008848080881075372,-0.01444201985373834,-0.00023280772407985545,7.16229972717691e-8,8.528067955324138e-6,2.7575449506220057e-8,5.533937323868738e-6,2.2124374621238243e-6,6.535553039247815e-7,0.0032638406252454293,5.935996608581931,2.767494904862723,0.3846316432217628,0.3199716041476287,0.12437422932239356,25.0,25.0,25.0,25.0,25.0,25.0,24.0,9.536,0.0,0.0,1.0,1781028098226386199
1781028098329816344,0.0003994952012116276,57.26192842166918,103.13201304930492,-0.0008842316906020741,-0.014441789399877884,-0.00023273965131162885,7.156344901061432e-8,8.52817323912163e-6,2.7802773955654528e-8,5.532952347592224e-6,2.212286715644469e-6,6.534423524076648e-7,0.0032815903913302295,5.935996138652729,2.7674917897419298,0.3846344984778301,0.3199719476868936,0.12437503489390596,25.0,25.0,25.0,25.0,25.0,25.0,24.0,9.536,0.0,0.0,1.0,1781028098319492126
1781028098432586649,0.0003995026526507308,57.26192931002539,103.1320130522128,-0.0008836553929588173,-0.014441558961112832,-0.00023267159094804,7.150550281721585e-8,8.528267441182514e-6,2.802364210873628e-8,5.531987531606713e-6,2.21214034038754e-6,6.533243637627804e-7,0.003299340755838372,5.935995668635236,2.7674886745126477,0.38463735383209946,0.3199722912304899,0.12437584049385264,25.0,25.0,25.0,25.0,25.0,25.0,24.0,9.536,0.0,0.0,1.0,1781028098428003201
1781028098529345124,0.0003995100980590055,57.261930198391,103.13201305514352,-0.0008830791954964947,-0.014441328537495666,-0.00023260354296407272,7.144856807126619e-8,8.528348312533544e-6,2.8236515583929232e-8,5.53104113003345e-6,2.211998507767541e-6,6.532018968433258e-7,0.0033170917228066274,5.935995198530167,2.767485559167621,0.3846402092826915,0.31997263478041404,0.12437664612167793,25.0,25.0,25.0,25.0,25.0,25.0,24.0,9.536,0.0,0.0,1.0,1781028098522315371
1781028098629989415,0.0003995175374052385,57.26193108676584,103.132013058097,-0.0008825030986521838,-0.01444109812910636,-0.00023253550731164893,7.138921583664171e-8,8.528443446389792e-6,2.8460126102535223e-8,5.530058304063099e-6,2.211848728568166e-6,6.530870528996679e-7,0.0033348433016561316,5.935994728345165,2.7674824437131913,0.38464306482988087,0.31997297833583394,0.1243774517774072,25.0,25.0,25.0,25.0,25.0,25.0,24.0,9.536,0.0,0.0,1.0,1781028098625635768
1781028098729519990,0.000399524970672875,57.26193197514965,103.13201306107317,-0.0008819271026379782,-0.014440867735975488,-0.00023246748398896057,7.132993815869164e-8,8.528533588987834e-6,2.8681584982693597e-8,5.529077119979947e-6,2.2116992625031736e-6,6.529714295046336e-7,0.0033525954832785455,5.935994258079116,2.7674793281470396,0.3846459204733895,0.3199733218961382,0.12437825746101766,25.0,25.0,25.0,25.0,25.0,25.0,24.0,9.536,0.0,0.0,1.0,1781028098722534083
1781028098830642651,0.0003995309128996304,57.261932685862995,103.1320130634704,-0.0008814663785486792,-0.01444068343247248,-0.0002324130742120546,7.128468246544049e-8,8.528591036734696e-6,2.8849350060191585e-8,5.5283219301650365e-6,2.211586657801241e-6,6.52871861672707e-7,0.003366797657696158,5.935993881794638,2.7674768356129587,0.3846482050595847,0.3199735967488835,0.12437890202858214,25.0,25.0,25.0,25.0,25.0,25.0,24.0,9.536,0.0,0.0,1.0,1781028098810245274
1781028098929565023,0.0003995383351665292,57.261933574262414,103.13201306648736,-0.0008808905647954557,-0.014440453066934611,-0.00023234507302940168,7.122564681403522e-8,8.528672642797935e-6,2.9066218973644683e-8,5.527346197332858e-6,2.21143879500836e-6,6.527542806707261e-7,0.003384550929506746,5.935993411373833,2.7674737198455435,0.3846510608775974,0.31997394031905285,0.12437970776264842,25.0,25.0,25.0,25.0,25.0,25.0,24.0,9.536,0.0,0.0,1.0,1781028098913387386
1781028099030698570,0.0003995457512917332,57.26193446267021,103.13201306952688,-0.0008803148526943116,-0.014440222716789238,-0.0002322770841244842,7.116733648439787e-8,8.528746767481792e-6,2.92797237730236e-8,5.526379591801578e-6,2.2112930945353033e-6,6.526341284414838e-7,0.0034023048014328447,5.935992940866437,2.767470603965281,0.3846539167928644,0.31997428389529986,0.1243805135249064,25.0,25.0,25.0,25.0,25.0,25.0,24.0,9.536,0.0,0.0,1.0,1781028099018852768
1781028099129532066,0.0003995531612457352,57.2619353510862,103.13201307258896,-0.0008797392426463118,-0.014439992382110432,-0.0002322091074538301,7.110771351437417e-8,8.528826069701979e-6,2.94967029514e-8,5.525395309422936e-6,2.2111438018334485e-6,6.525175382921612e-7,0.0034200592877095125,5.935992470276369,2.7674674879740695,0.38465677280485705,0.31997462747641436,0.12438131931506688,25.0,25.0,25.0,25.0,25.0,25.0,24.0,9.536,0.0,0.0,1.0,1781028099119582006
1781028099229894527,0.0003995605650103293,57.26193623951012,103.13201307567353,-0.0008791637348756317,-0.014439762062932352,-0.0002321411430126501,7.104797382669048e-8,8.52890246031382e-6,2.9713100663852257e-8,5.524409015378789e-6,2.210993955600156e-6,6.524009349667543e-7,0.0034378143724999384,5.935991999604529,2.7674643718728325,0.3846596289138032,0.31997497106270417,0.12438212513333288,25.0,25.0,25.0,25.0,25.0,25.0,24.0,9.536,0.0,0.0,1.0,1781028099218125204
1781028099329533038,0.0003995679625577166,57.26193712794181,103.13201307878056,-0.0008785883297696456,-0.014439531759321571,-0.00023207319076158043,7.098656866515354e-8,8.528987839410219e-6,2.9936139321871354e-8,5.523397317408108e-6,2.210838799569041e-6,6.522894314126863e-7,0.003455570061336006,5.935991528851304,2.767461255659508,0.384662485119431,0.31997531465474205,0.1243829309796036,25.0,25.0,25.0,25.0,25.0,25.0,24.0,9.536,0.0,0.0,1.0,1781028099319393950
1781028099432548512,0.00039957535387775386,57.261938016380974,103.13201308190992,-0.0008780130274437133,-0.014439301471289776,-0.0002320052507196546,7.092829085233939e-8,8.529048356144061e-6,3.0143516934656825e-8,5.52243269302811e-6,2.2106943915313844e-6,6.521670852956836e-7,0.003473326357187833,5.935991058003349,2.7674581393317705,0.3846653414230518,0.3199756582523449,0.12438373685417232,25.0,25.0,25.0,25.0,25.0,25.0,24.0,9.536,0.0,0.0,1.0,1781028099419907189
1781028099529603564,0.0003995827389322628,57.261938904827474,103.13201308506169,-0.0008774378283839888,-0.01443907119892968,-0.00023193732282308075,7.086693116900717e-8,8.529123733289937e-6,3.036253253188851e-8,5.521424259419648e-6,2.2105400390174022e-6,6.520540596217914e-7,0.0034910832531723896,5.935990587083736,2.767455022895008,0.3846681978222248,0.31997600185494984,0.1243845427564722,25.0,25.0,25.0,25.0,25.0,25.0,24.0,9.536,0.0,0.0,1.0,1781028099521588569
1781028099634743732,0.000399588642457367,57.2619396155898,103.13201308759912,-0.0008769777436062081,-0.014438886992337344,-0.00023188298925548744,7.081990604683965e-8,8.529170205869543e-6,3.0528408192181146e-8,5.520647170151337e-6,2.2104236013083543e-6,6.519567734177608e-7,0.003505289214404204,5.935990210277108,2.7674525296621644,0.3846704830126051,0.31997627674161616,0.12438518749878148,25.0,25.0,25.0,25.0,25.0,25.0,24.0,9.536,0.0,0.0,1.0,1781028099602582804
1781028099735464306,0.0003995974901826325,57.26194068174154,103.132013091432,-0.0008762877409378277,-0.01443861070134878,-0.00023180150345466813,7.074759692508323e-8,8.529244540926592e-6,3.078163319689326e-8,5.519457126355354e-6,2.2102433072453864e-6,6.518157453468674e-7,0.003526598886498362,5.935989644974351,2.7674487896805755,0.38467391091334624,0.3199766890776719,0.12438615464556946,25.0,25.0,25.0,25.0,25.0,25.0,24.0,9.536,0.0,0.0,1.0,1781028099727146194
1781028099835445540,0.0003996048563241515,57.26194157020871,103.13201309465052,-0.0008757128532679317,-0.014438380476257302,-0.00023173361191304785,7.06858346375729e-8,8.529314422734393e-6,3.0999092018018616e-8,5.518443332603746e-6,2.210088480409834e-6,6.517026790486882e-7,0.0035443576125745568,5.9359891737976955,2.7674456729074928,0.38467676760419334,0.3199770326966281,0.1243869606321516,25.0,25.0,25.0,25.0,25.0,25.0,24.0,9.536,0.0,0.0,1.0,1781028099835137810
1781028099936228195,0.0003996122161204877,57.261942458682306,103.13201309789112,-0.0008751380698891311,-0.014438150267002228,-0.00023166573246759551,7.062484056272855e-8,8.529374611274168e-6,3.1211730005983456e-8,5.517440731810322e-6,2.209935986904439e-6,6.515866498984283e-7,0.0035621169358511138,5.935988702537029,2.7674425560212,0.384679624392101,0.3199773763219846,0.12438776664691507,25.0,25.0,25.0,25.0,25.0,25.0,24.0,9.536,0.0,0.0,1.0,1781028099934031618
1781028100035238388,0.0003996195695401864,57.26194334716221,103.1320131011539,-0.0008745633912740485,-0.01443792007367117,-0.00023159786505902544,7.056243660452327e-8,8.529441668113843e-6,3.142868336817178e-8,5.51641741542869e-6,2.2097795573989524e-6,6.51474720741728e-7,0.0035798768698436733,5.935988231192903,2.767439439023441,0.38468248127707727,0.319977719952019,0.12438857268971588,25.0,25.0,25.0,25.0,25.0,25.0,24.0,9.536,0.0,0.0,1.0,1781028100034973619
1781028100136071615,0.00039962691657142134,57.261944235648095,103.13201310443873,-0.0008739888175137571,-0.014437689896269652,-0.000231530009709742,7.05015381109379e-8,8.529493538312748e-6,3.1637121579662256e-8,5.515418219852728e-6,2.209628142608262e-6,6.51357198441403e-7,0.0035976374185011793,5.935987759762928,2.7674363219125953,0.3846853382591137,0.31997806358773856,0.12438937876055056,25.0,25.0,25.0,25.0,25.0,25.0,24.0,9.536,0.0,0.0,1.0,1781028100130190728
1781028100236668249,0.0003996327895752125,57.26194494644102,103.13201310708244,-0.0008735292343123659,-0.0144375057658783,-0.0002314757340737157,7.045159361229405e-8,8.529541834432242e-6,3.1808842944741275e-8,5.514599854859941e-6,2.209502913735423e-6,6.512670082420039e-7,0.0036118462901991457,5.935987382561386,2.7674338281443807,0.38468762391480565,0.319978338500188,0.12439002363753318,25.0,25.0,25.0,25.0,25.0,25.0,24.0,9.536,0.0,0.0,1.0,1781028100211872244
1781028100335925446,0.0003996401250365957,57.26194583493726,103.13201311040685,-0.0008729548502572206,-0.014437275617326556,-0.0002314079003269315,7.03895659130864e-8,8.529596450392705e-6,3.202000814467484e-8,5.513583706247311e-6,2.209348455874497e-6,6.511523349413943e-7,0.003629607920322942,5.935986910979132,2.7674307108323464,0.3846904810722597,0.31997868214566116,0.12439082975919474,25.0,25.0,25.0,25.0,25.0,25.0,24.0,9.536,0.0,0.0,1.0,1781028100316416612
1781028100435935813,0.0003996474540444605,57.26194672343893,103.13201311375316,-0.000872380571946635,-0.01443704548486057,-0.0002313400785651635,7.03273841091712e-8,8.529648502075022e-6,3.223065593646101e-8,5.512565417313177e-6,2.209193295528357e-6,6.510378152846381e-7,0.003647370170043456,5.935986439314458,2.76742759340804,0.3846933383264916,0.31997902579652593,0.12439163590877624,25.0,25.0,25.0,25.0,25.0,25.0,24.0,9.536,0.0,0.0,1.0,1781028100413656688
1781028100535599291,0.0003996562403026158,57.26194778964781,103.1320131177976,-0.0008716915779229934,-0.01443676934719449,-0.0002312587082480362,7.025429311140895e-8,8.529695938749008e-6,3.247479096753093e-8,5.5113661639039125e-6,2.2090124806763498e-6,6.508947172425999e-7,0.0036686856594041976,5.935985873199805,2.7674238523497063,0.3846967671608272,0.31997943818520447,0.1243926033257622,25.0,25.0,25.0,25.0,25.0,25.0,24.0,9.536,0.0,0.0,1.0,1781028100533731486
1781028100635805458,0.0003996620926020362,57.26194850045776,103.13201312051136,-0.0008712323337184443,-0.01443658526838248,-0.00023120447090656897,7.020418675856153e-8,8.529734137003988e-6,3.2642238510594027e-8,5.5105480313874645e-6,2.208887869392141e-6,6.508032959806254e-7,0.003682896485176176,5.935985495725962,2.767421358221082,0.384699053127608,0.3199797131153324,0.12439324829267312,25.0,25.0,25.0,25.0,25.0,25.0,24.0,9.536,0.0,0.0,1.0,1781028100615015933
1781028100735493797,0.0003996708632221417,57.26194956667842,103.13201312460814,-0.000870543595391455,-0.014436309169654065,-0.00023112312919575353,7.01286278677872e-8,8.529790214802241e-6,3.28941233867275e-8,5.509313923691516e-6,2.208699762445687e-6,6.506669783515933e-7,0.003704213442735657,5.935984929413844,2.7674176168940945,0.38470248219500097,0.3199801255167207,0.12439421577702588,25.0,25.0,25.0,25.0,25.0,25.0,24.0,9.536,0.0,0.0,1.0,1781028100734299633
1781028100835812309,0.0003996767050653368,57.261950277495856,103.13201312735669,-0.0008700845220374246,-0.014436125116863097,-0.00023106891090731116,7.007834410272996e-8,8.529825345242954e-6,3.306173533577585e-8,5.508490473610665e-6,2.2085741608251945e-6,6.505758246895005e-7,0.0037184252270713062,5.93598455180673,2.7674151225868324,0.38470476831762057,0.31998040045541465,0.12439486078914384,25.0,25.0,25.0,25.0,25.0,25.0,24.0,9.536,0.0,0.0,1.0,1781028100813748453
1781028100938624434,0.0003996840014551931,57.26195116602162,103.1320131308119,-0.0008695107768514426,-0.014435895065582087,-0.0002310011487295813,7.00143918915051e-8,8.529870302682525e-6,3.327238952109037e-8,5.507450142044202e-6,2.208414837956457e-6,6.504641937676511e-7,0.0037361905114903417,5.935984079722631,2.767412004601115,0.38470762605817616,0.3199807441342117,0.1243956670794972,25.0,25.0,25.0,25.0,25.0,25.0,24.0,9.536,0.0,0.0,1.0,1781028100919439063
1781028101036840604,0.0003996912912611194,57.26195205455155,103.13201313428874,-0.0008689371390765082,-0.014435665030668296,-0.0002309333984222094,6.995259139696047e-8,8.529901110845907e-6,3.34739584626342e-8,5.506438159434066e-6,2.208262093036601e-6,6.503457617801558e-7,0.0037539564064303465,5.935983607546795,2.767408886501912,0.3847104838974338,0.3199810878182282,0.12439647339837888,25.0,25.0,25.0,25.0,25.0,25.0,24.0,9.536,0.0,0.0,1.0,1781028101019714774
1781028101135824413,0.00039970003029248457,57.26195312079271,103.13201313848944,-0.0008682489160950787,-0.014435389010484974,-0.00023085211365379493,6.987494380424553e-8,8.529953549585655e-6,3.3727566473180963e-8,5.5051762971572645e-6,2.208068303585437e-6,6.502137305736415e-7,0.00377527628455155,5.935983040835719,2.767405144634893,0.38471391343072703,0.31998150024663324,0.1243974410175653,25.0,25.0,25.0,25.0,25.0,25.0,24.0,9.536,0.0,0.0,1.0,1781028101135692927
1781028101239041739,0.000399705851010764,57.26195383162313,103.13201314130713,-0.0008677901871448796,-0.014435205010199372,-0.00023079793327511407,6.982504027387924e-8,8.529974707486636e-6,3.388819627209858e-8,5.504361983734169e-6,2.2079453890832793e-6,6.501193803387832e-7,0.0037894900256145903,5.935982662953675,2.7674026499668476,0.3847161998660582,0.31998177520262217,0.12439808612007498,25.0,25.0,25.0,25.0,25.0,25.0,24.0,9.536,0.0,0.0,1.0,1781028101216599616
1781028101335558550,0.0003997131209176593,57.26195472016436,103.13201314484856,-0.0008672168734520856,-0.01443497502471892,-0.0002307302184157619,6.976106474894009e-8,8.530005506857678e-6,3.4093242838809055e-8,5.503321609554796e-6,2.2077863852856753e-6,6.500061093401514e-7,0.003807257746011126,5.935982190531749,2.7673995315300988,0.3847190579958446,0.3199821189036097,0.1243988925230525,25.0,25.0,25.0,25.0,25.0,25.0,24.0,9.536,0.0,0.0,1.0,1781028101316217736
1781028101435806175,0.000399720384142757,57.26195560870896,103.13201314841147,-0.0008666436684179426,-0.014434745055828795,-0.00023066251531526485,6.969648385635589e-8,8.530041312233487e-6,3.4300976711573343e-8,5.50227143300684e-6,2.2076257770480997e-6,6.49894578456686e-7,0.003825026075998405,5.93598171802486,2.7673964129825697,0.384721916224368,0.31998246260927227,0.12439969895458318,25.0,25.0,25.0,25.0,25.0,25.0,24.0,9.536,0.0,0.0,1.0,1781028101417676794
1781028101536159621,0.0003997276406751756,57.26195649725667,103.13201315199574,-0.0008660705721854945,-0.014434515103546793,-0.00023059482398425868,6.963194035081924e-8,8.530070085703401e-6,3.4506405752020035e-8,5.501223792526106e-6,2.2074655311247e-6,6.497821427139552e-7,0.0038427950209817658,5.935981245434728,2.767393294321049,0.3847247745494944,0.3199828063207835,0.12440050541404052,25.0,25.0,25.0,25.0,25.0,25.0,24.0,9.536,0.0,0.0,1.0,1781028101518183662
1781028101635855728,0.00039973489048372783,57.26195738580735,103.13201315560136,-0.0008654975851349567,-0.014434285167943012,-0.0002305271443776024,6.956669206045565e-8,8.530101607018619e-6,3.471343616874749e-8,5.500166407723078e-6,2.20730358462254e-6,6.496714853873821e-7,0.003860564570420896,5.935980772759039,2.7673901755463746,0.3847276329722547,0.3199831500384034,0.12440131190177908,25.0,25.0,25.0,25.0,25.0,25.0,24.0,9.536,0.0,0.0,1.0,1781028101624375818
1781028101735900833,0.0003997421335541929,57.26195827436075,103.13201315922826,-0.0008649247074545414,-0.014434055249047154,-0.00023045947649558992,6.950179981206779e-8,8.53012823152145e-6,3.491868960817671e-8,5.4991122995304335e-6,2.2071422906256163e-6,6.495595860907014e-7,0.0038783347294430023,5.935980299998803,2.7673870566605347,0.384730491493316,0.3199834937609289,0.12440211841796976,25.0,25.0,25.0,25.0,25.0,25.0,24.0,9.536,0.0,0.0,1.0,1781028101718557073
1781028101837564383,0.00039974936986244663,57.26195916291665,103.13201316287642,-0.0008643519394462234,-0.014433825346913296,-0.0002303918203100855,6.94372725230116e-8,8.530148993411538e-6,3.512037327914559e-8,5.498065044366989e-6,2.206982744795414e-6,6.494458822846577e-7,0.003896105502762309,5.935979827153374,2.767383937660386,0.38473335011171667,0.3199838374889404,0.12440292496228228,25.0,25.0,25.0,25.0,25.0,25.0,24.0,9.536,0.0,0.0,1.0,1781028101823184187
1781028101935643819,0.0003997565993900733,57.26196005147485,103.13201316654572,-0.000863779281331866,-0.014433595461576475,-0.00023032417581302125,6.93737762927541e-8,8.53015784428372e-6,3.5315913149859477e-8,5.497034987808386e-6,2.206827094996385e-6,6.493280416501002e-7,0.003913876886403084,5.935979354218615,2.7673808185460396,0.3847362088277275,0.31998418122297956,0.1244037315348276,25.0,25.0,25.0,25.0,25.0,25.0,24.0,9.536,0.0,0.0,1.0,1781028101921658462
1781028102038533943,0.00039976382210527993,57.2619609400352,103.13201317023623,-0.0008632067335635095,-0.014433365593125736,-0.0002302565429457452,6.930595101697407e-8,8.530192184540042e-6,3.552858161516343e-8,5.495940698210567e-6,2.206657093341537e-6,6.492239739005344e-7,0.003931648878886666,5.935978881214079,2.7673776993225663,0.3847390676401791,0.3199845249622265,0.12440453813534288,25.0,25.0,25.0,25.0,25.0,25.0,24.0,9.536,0.0,0.0,1.0,1781028102028564814
1781028102135391405,0.00039977103799673785,57.261961828597435,103.13201317394778,-0.0008626342962301982,-0.014433135741567472,-0.00023018892172645215,6.923986373107282e-8,8.530214191331148e-6,3.57344617457758e-8,5.494869295621389e-6,2.206492540436936e-6,6.491142997481736e-7,0.003949421476424236,5.935978408117799,2.7673745799864564,0.38474192655150735,0.31998486870647286,0.12440534476446675,25.0,25.0,25.0,25.0,25.0,25.0,24.0,9.536,0.0,0.0,1.0,1781028102122413206
1781028102236958161,0.0003997782470442345,57.26196271716135,103.13201317768042,-0.0008620619696104264,-0.01443290590694806,-0.00023012131213404695,6.91756690646737e-8,8.530217812966293e-6,3.592792412879972e-8,5.493831274673547e-6,2.2063355656977194e-6,6.489971540030818e-7,0.003967194696010573,5.935977934930102,2.767371460532642,0.3847447855605121,0.31998521245740813,0.12440615142177042,25.0,25.0,25.0,25.0,25.0,25.0,24.0,9.536,0.0,0.0,1.0,1781028102228359449
1781028102335974968,0.0003997854492183142,57.26196360572678,103.13201318143405,-0.0008614897540553605,-0.014432676089336918,-0.00023005371412911145,6.91088319536883e-8,8.53023570946023e-6,3.6132306634944904e-8,5.492752251252884e-6,2.2061694319444607e-6,6.488885088149039e-7,0.003984968515360268,5.935977461667953,2.7673683409696115,0.3847476446665232,0.31998555621319835,0.12440695810725012,25.0,25.0,25.0,25.0,25.0,25.0,24.0,9.536,0.0,0.0,1.0,1781028102326596902
1781028102435771448,0.0003997912060001988,57.26196431658002,103.132013184452,-0.0008610320616949353,-0.014432492247510444,-0.00022999964406957024,6.90562944581442e-8,8.530242590170779e-6,3.629180449281568e-8,5.491903018667088e-6,2.2060399076249783e-6,6.487982585899119e-7,0.00399918801711084,5.935977082991726,2.767365845236406,0.3847499320223435,0.31998583122207414,0.12440760347611948,25.0,25.0,25.0,25.0,25.0,25.0,24.0,9.536,0.0,0.0,1.0,1781028102409327254
1781028102535619921,0.000399799832879116,57.26196538286123,103.13201318900404,-0.0008603456570312458,-0.0144322165052828,-0.0002299185528438073,6.897654221101907e-8,8.530255222214063e-6,3.653246995240988e-8,5.490615278662827e-6,2.205842577396467e-6,6.486654601794087e-7,0.004020517997827334,5.935976514879617,2.7673621015027376,0.38475336317327347,0.31998624374181767,0.12440857156338804,25.0,25.0,25.0,25.0,25.0,25.0,24.0,9.537,0.0,0.0,1.0,1781028102532801331
1781028102635816274,0.0003998055785875093,57.26196609371608,103.1320131920554,-0.0008598881433559864,-0.014432032690835863,-0.00022986450125842833,6.892269993018902e-8,8.530265138152945e-6,3.669522715144034e-8,5.489747374063539e-6,2.2057089359417416e-6,6.485787259182349e-7,0.004034738473321056,5.935976136072582,2.7673596055895775,0.3847556506848389,0.3199865187594519,0.12440921697736436,25.0,25.0,25.0,25.0,25.0,25.0,24.0,9.537,0.0,0.0,1.0,1781028102617869799
1781028102735763245,0.00039981275446849743,57.26196698228527,103.13201319588836,-0.0008593163520924041,-0.014431802938234982,-0.00022979694714822817,6.885646741034604e-8,8.530267174418053e-6,3.689194242249902e-8,5.4886807055273376e-6,2.205546206406199e-6,6.484660815024641e-7,0.004052514627816994,5.9359756624826625,2.7673564855951343,0.3847585101630894,0.31998686253669645,0.12441002377045046,25.0,25.0,25.0,25.0,25.0,25.0,24.0,9.537,0.0,0.0,1.0,1781028102716982232
1781028102835420643,0.00039981992338020177,57.26196787085497,103.13201319974203,-0.0008587446731071044,-0.014431573202852169,-0.0002297294045446176,6.87891510419511e-8,8.530271201526166e-6,3.70917905426367e-8,5.4875975311496955e-6,2.2053794982724084e-6,6.483566591155438e-7,0.00407029138694388,5.935975188815477,2.7673533654890905,0.3847613697380915,0.3199872063191577,0.12441083059159944,25.0,25.0,25.0,25.0,25.0,25.0,24.0,9.537,0.0,0.0,1.0,1781028102813190821
1781028102936184833,0.0003998285168425954,57.261968937138974,103.13201320439384,-0.0008580588069345205,-0.014431297543191371,-0.0002296483685730848,6.870766633364571e-8,8.530280052316623e-6,3.73341641315078e-8,5.486285421904355e-6,2.2051771039563473e-6,6.482274464088873e-7,0.004091624297854644,5.93597462030065,2.7673496212128397,0.3847648013582662,0.31998761886624183,0.12441179881472482,25.0,25.0,25.0,25.0,25.0,25.0,24.0,9.537,0.0,0.0,1.0,1781028102934423379
1781028103038529340,0.0003998342402086099,57.26196964799504,103.1320132075115,-0.0008576016530553786,-0.014431113783928272,-0.00022959435376893224,6.865471224134654e-8,8.530273561262655e-6,3.74884909545126e-8,5.485432953460585e-6,2.2050475553055437e-6,6.481361603041803e-7,0.0041058467367881355,5.935974241218463,2.767347124936236,0.3847670891836522,0.31998789390142796,0.12441244431944344,25.0,25.0,25.0,25.0,25.0,25.0,24.0,9.537,0.0,0.0,1.0,1781028103014966823
1781028103135256979,0.0003998428168155533,57.261970714278995,103.13201321221278,-0.0008569160579757321,-0.014430838165874644,-0.0002295133452919886,6.857408601879428e-8,8.530267475368529e-6,3.7723083172702523e-8,5.484136504034574e-6,2.2048491737185148e-6,6.480026781796366e-7,0.0041271811226526595,5.935973672495934,2.7673433803855767,0.3847705210386,0.3199883064620681,0.1244134126104367,25.0,25.0,25.0,25.0,25.0,25.0,24.0,9.537,0.0,0.0,1.0,1781028103135172991
1781028103235575946,0.0003998485289075562,57.261971425134696,103.1320132153634,-0.0008564590852856899,-0.014430654434437098,-0.00022945934877524913,6.8518789392064e-8,8.53026820217361e-6,3.788358454565971e-8,5.483252338278359e-6,2.2047122458158944e-6,6.47917947199681e-7,0.004141404545902373,5.935973293287578,2.767340883929203,0.3847728090191501,0.31998858150610743,0.1244140581600579,25.0,25.0,25.0,25.0,25.0,25.0,24.0,9.537,0.0,0.0,1.0,1781028103216312411
1781028103335722736,0.0003998556626577675,57.26197231370385,103.13201321932016,-0.0008558879716378979,-0.014430424785836882,-0.00022939186340213336,6.84517219921472e-8,8.530257932121972e-6,3.8076881036084135e-8,5.4821730578357215e-6,2.204547345541299e-6,6.47805757982163e-7,0.004159184363745007,5.935972819190939,2.7673377632563563,0.3847756690848435,0.31998892531691464,0.12441486512320614,25.0,25.0,25.0,25.0,25.0,25.0,24.0,9.537,0.0,0.0,1.0,1781028103318774179
1781028103435784221,0.00039986278931085074,57.261973202272294,103.13201322329736,-0.0008553169718445217,-0.014430195154734952,-0.0002293243894126253,6.838317102498404e-8,8.530253126990664e-6,3.827514531958197e-8,5.481072699468959e-6,2.2043777855126025e-6,6.476978453950766e-7,0.0041769647905974235,5.935972345014875,2.76733464247103,0.3847785292482317,0.3199892691329738,0.1244156721146626,25.0,25.0,25.0,25.0,25.0,25.0,24.0,9.537,0.0,0.0,1.0,1781028103419120587
1781028103535897394,0.0003998699088488904,57.26197409083981,103.13201322729492,-0.0008547460861511998,-0.014429965541173052,-0.0002292569267913368,6.83137882620154e-8,8.530250124388056e-6,3.847571693457103e-8,5.47996143000087e-6,2.204205975675146e-6,6.47592029227202e-7,0.004194745836535131,5.935971870754174,2.767331521571442,0.3847813895088249,0.31998961295526435,0.12441647913420792,25.0,25.0,25.0,25.0,25.0,25.0,24.0,9.537,0.0,0.0,1.0,1781028103516845901
1781028103636192496,0.000399877021254192,57.26197497940619,103.13201323131292,-0.0008541753147686792,-0.014429735945187814,-0.000229189475528166,6.824532677590672e-8,8.530235835639186e-6,3.8668916044968165e-8,5.478866105245095e-6,2.2040377716114107e-6,6.47482401027489e-7,0.004212527499797331,5.935971396406625,2.7673284005574468,0.3847842498677025,0.31998995678271025,0.12441728618214822,25.0,25.0,25.0,25.0,25.0,25.0,24.0,9.537,0.0,0.0,1.0,1781028103622437320
1781028103735531434,0.000399884126504552,57.26197586797124,103.13201323535118,-0.0008536046579545034,-0.014429506366825277,-0.00022912203560239316,6.817759013013434e-8,8.530214953630746e-6,3.885869059231023e-8,5.47778116786332e-6,2.2038718110908363e-6,6.473701948728961e-7,0.004230309778863026,5.93597092197237,2.767325279430016,0.3847871103250888,0.31999030061604966,0.1244180932585782,25.0,25.0,25.0,25.0,25.0,25.0,24.0,9.537,0.0,0.0,1.0,1781028103723399717
1781028103835284811,0.0003998912245739309,57.261976756534814,103.1320132394097,-0.0008530341160786699,-0.014429276806153447,-0.00022905460697083345,6.810852925234471e-8,8.530201099522222e-6,3.9054070151148856e-8,5.4766754880706074e-6,2.203701708512003e-6,6.472620804716172e-7,0.004248092662315632,5.935970447457146,2.7673221581899576,0.384789970880377,0.3199906444545567,0.12441890036340984,25.0,25.0,25.0,25.0,25.0,25.0,24.0,9.537,0.0,0.0,1.0,1781028103822519635
1781028103936183522,0.0003998983154497895,57.261977645096586,103.13201324348842,-0.0008524636892323518,-0.014429047263187642,-0.0002289871896474096,6.80392041151876e-8,8.530183813862121e-6,3.9248257593288665e-8,5.475567635790546e-6,2.2035310143348573e-6,6.47154091586161e-7,0.0042658761581228855,5.935969972856835,2.767319036836252,0.384792831533584,0.319990988299055,0.12441970749658914,25.0,25.0,25.0,25.0,25.0,25.0,24.0,9.537,0.0,0.0,1.0,1781028103923728713
1781028104035409113,0.0003999053991050322,57.261978533656496,103.13201324758732,-0.0008518933778069034,-0.014428817737999623,-0.0002289197835832879,6.796906723462836e-8,8.530170636823881e-6,3.944539524352322e-8,5.474447966142871e-6,2.2033578618669305e-6,6.470484688070375e-7,0.004283660276840221,5.935969498172272,2.7673159153690188,0.3847956922848378,0.31999133214922976,0.1244205146580682,25.0,25.0,25.0,25.0,25.0,25.0,24.0,9.537,0.0,0.0,1.0,1781028104025528425
1781028104136037273,0.000399912475529657,57.26197942221422,103.1320132517063,-0.0008513231818743812,-0.014428588230596309,-0.0002288523887983356,6.790082233062705e-8,8.53014001751001e-6,3.9632134009077166e-8,5.473356203420425e-6,2.203190907352745e-6,6.46936255110663e-7,0.00430144500694009,5.9359690233992,2.767312793786967,0.3847985531345749,0.3199916760049976,0.12442132184805574,25.0,25.0,25.0,25.0,25.0,25.0,24.0,9.537,0.0,0.0,1.0,1781028104124636846
1781028104236347766,0.0003999181314434813,57.26198013305872,103.13201325501592,-0.0008508671085331553,-0.014428404637527566,-0.0002287984810597896,6.784538002890157e-8,8.530118763980792e-6,3.978439392035752e-8,5.472470231557581e-6,2.2030544599600324e-6,6.468489562361952e-7,0.004315673219582137,5.935968643522855,2.7673102964397693,0.3848008418847345,0.3199919510947099,0.12442196762055106,25.0,25.0,25.0,25.0,25.0,25.0,24.0,9.537,0.0,0.0,1.0,1781028104213798340
1781028104336172338,0.00039992660657696313,57.261981199322506,103.1320132600044,-0.0008501831379187233,-0.014428129269418036,-0.00022871763289319336,6.776048709224411e-8,8.530095385998868e-6,4.001909725607061e-8,5.471118251356303e-6,2.202845263290884e-6,6.467228477780855e-7,0.004337016298089783,5.935968073609758,2.7673065502840437,0.3848042751275187,0.3199923637334604,0.12442293631308392,25.0,25.0,25.0,25.0,25.0,25.0,24.0,9.537,0.0,0.0,1.0,1781028104333791385
1781028104435278623,0.0003999336611664328,57.26198208787266,103.1320132641834,-0.0008496132903085081,-0.014427899815714306,-0.00022865027175423457,6.76904059055579e-8,8.530068461054755e-6,4.021090350909126e-8,5.469999562090925e-6,2.2026726501777865e-6,6.466154521833293e-7,0.004354802862388961,5.9359675985867835,2.7673034283630087,0.3848071362718069,0.31999270760590426,0.12442374358838336,25.0,25.0,25.0,25.0,25.0,25.0,24.0,9.537,0.0,0.0,1.0,1781028104432056969
1781028104535615546,0.0003999407084355967,57.26198297641987,103.13201326838232,-0.0008490435592728451,-0.01442767037999386,-0.0002285829217950697,6.762029440420989e-8,8.530036832183055e-6,4.039993334287169e-8,5.468885551697531e-6,2.202501216567879e-6,6.465070038055611e-7,0.0043725900552365575,5.935967123476235,2.7673003063255925,0.38480999751382433,0.3199930514845366,0.1244245508918567,25.0,25.0,25.0,25.0,25.0,25.0,24.0,9.537,0.0,0.0,1.0,1781028104535482491
1781028104636780481,0.0003999463409706801,57.261983687255395,103.13201327175577,-0.0008485878585522489,-0.014427486844397742,-0.00022852904986686137,6.756410626862363e-8,8.530011681845385e-6,4.0551645952401385e-8,5.467989535274164e-6,2.202363274324949e-6,6.464207952731483e-7,0.00438682024415818,5.93596674332855,2.7672978086151847,0.38481228657853905,0.3199933265905667,0.12442519675525228,25.0,25.0,25.0,25.0,25.0,25.0,24.0,9.537,0.0,0.0,1.0,1781028104613106177
1781028104735810072,0.00039995478094389993,57.26198475350469,103.13201327683969,-0.0008479044479317385,-0.014427211562687416,-0.00022844825534762623,6.747875231304988e-8,8.529976044201515e-6,4.07816473856464e-8,5.46663204261914e-6,2.2021529395561177e-6,6.462942252261695e-7,0.004408166262507712,5.93596617300903,2.7672940619132587,0.3848157202928859,0.3199937392576853,0.12442616558435526,25.0,25.0,25.0,25.0,25.0,25.0,24.0,9.537,0.0,0.0,1.0,1781028104731636086
1781028104835350073,0.0003999604016968344,57.26198546433472,103.13201328024476,-0.0008474489346195546,-0.014427028056023018,-0.00022839440124956505,6.742283382265318e-8,8.529942685886512e-6,4.093004988103451e-8,5.465741998677617e-6,2.2020161686863957e-6,6.462062245296206e-7,0.004422397433845288,5.935965792723037,2.767291564020285,0.384818009515051,0.31999401437379804,0.12442681149333924,25.0,25.0,25.0,25.0,25.0,25.0,24.0,9.537,0.0,0.0,1.0,1781028104811828861
1781028104935671822,0.00039996882394549154,57.26198653057536,103.13201328537602,-0.0008467658057612016,-0.014426752817831744,-0.0002283136334160742,6.733746185532497e-8,8.529898166658812e-6,4.1156256407429594e-8,5.4643868260823214e-6,2.2018067372979807e-6,6.460784532777563e-7,0.004443744942243015,5.935965222200402,2.767287817043025,0.3848214434645548,0.31999442705392783,0.12442778039037276,25.0,25.0,25.0,25.0,25.0,25.0,24.0,9.537,0.0,0.0,1.0,1781028104935547115
1781028105036570794,0.00039997443284549425,57.26198724139933,103.13201328881262,-0.0008463104807421571,-0.014426569340264973,-0.00022825979706411813,6.727977200096736e-8,8.529872635748672e-6,4.1310360359820674e-8,5.463471134373421e-6,2.201664587759314e-6,6.459955547216559e-7,0.0044579770913881055,5.935964841782432,2.767285318968478,0.3848237328437401,0.31999470217921183,0.12442842634485932,25.0,25.0,25.0,25.0,25.0,25.0,24.0,9.537,0.0,0.0,1.0,1781028105015466290
1781028105135553652,0.000399981437283868,57.26198812992558,103.13201329312596,-0.0008457414305956121,-0.014426340009709366,-0.00022819251160448631,6.720852298231315e-8,8.529830582481657e-6,4.149767858132175e-8,5.462339649027613e-6,2.201489633362342e-6,6.458887849456823e-7,0.0044757678378033435,5.935964366185172,2.76728219627223,0.3848265946558992,0.31999504609015256,0.12442923381343336,25.0,25.0,25.0,25.0,25.0,25.0,24.0,9.537,0.0,0.0,1.0,1781028105121104342
1781028105236562369,0.0003999884342668666,57.261989018447565,103.13201329745893,-0.0008451724987112399,-0.01442611069744502,-0.0002281252371905786,6.713708892929953e-8,8.529786843783313e-6,4.168315537658465e-8,5.461208316601958e-6,2.2013151812922843e-6,6.457817928888487e-7,0.0044935592137047,5.9359638904995125,2.7672790734610504,0.38482945656667106,0.31999539000677246,0.12443004131041932,25.0,25.0,25.0,25.0,25.0,25.0,24.0,9.537,0.0,0.0,1.0,1781028105225184693
1781028105336171930,0.000399995423778157,57.26198990696506,103.13201330181134,-0.0008446036852783258,-0.014425881403504207,-0.0002280579738156612,6.70650327548206e-8,8.529745729833254e-6,4.1872404146828346e-8,5.4600656303527914e-6,2.2011380286339015e-6,6.456768888541276e-7,0.004511351194577675,5.935963414732382,2.767275950536293,0.38483231857545275,0.31999573392940484,0.12443084883587611,25.0,25.0,25.0,25.0,25.0,25.0,24.0,9.537,0.0,0.0,1.0,1781028105321545800
1781028105436157419,0.00040000240580083206,57.26199079547785,103.13201330618324,-0.0008440349904661834,-0.0144256521279181,-0.0002279907214734481,6.699375647781884e-8,8.529694285044021e-6,4.2055138894738954e-8,5.458936967527571e-6,2.200964113834151e-6,6.455686258248141e-7,0.004529143798209026,5.935962938876435,2.767272827497064,0.3848351806831832,0.31999607785759304,0.12443165638989276,25.0,25.0,25.0,25.0,25.0,25.0,24.0,9.537,0.0,0.0,1.0,1781028105418203350
1781028105535709250,0.000400009380307923,57.261991683985805,103.13201331057454,-0.0008434664146739129,-0.014425422870762442,-0.0002279234801139801,6.691990803903484e-8,8.52965824380438e-6,4.2249366553890085e-8,5.457767889705392e-6,2.2007812421568003e-6,6.454688094798281e-7,0.004546937003820496,5.9359624629455245,2.7672697043454426,0.3848380428882794,0.31999642179140186,0.12443246397222713,25.0,25.0,25.0,25.0,25.0,25.0,24.0,9.537,0.0,0.0,1.0,1781028105524306196
1781028105635791108,0.0004000163472896797,57.26199257248864,103.13201331498516,-0.0008428979579319188,-0.014425193632036754,-0.00022785624975954564,6.68484108563592e-8,8.529601416018365e-6,4.2430251767904645e-8,5.456637554815753e-6,2.200607112654079e-6,6.45360292948426e-7,0.00456473083973873,5.935961986921274,2.76726658107608,0.3848409051921986,0.319996765731563,0.12443327158304111,25.0,25.0,25.0,25.0,25.0,25.0,24.0,9.537,0.0,0.0,1.0,1781028105628690237
1781028105736125416,0.0004000233067184293,57.26199346098621,103.13201331941514,-0.0008423296206168427,-0.014424964411816584,-0.00022778903036221155,6.677585798111617e-8,8.529550518143796e-6,4.2615415671635874e-8,5.455491137158626e-6,2.200429659299332e-6,6.452549681886737e-7,0.004582525290141606,5.935961510812763,2.7672634576947943,0.3848437675954413,0.3199971096765688,0.12443407922259232,25.0,25.0,25.0,25.0,25.0,25.0,24.0,9.537,0.0,0.0,1.0,1781028105725988910
1781028105835421200,0.00040003025858122,57.261994349478286,103.13201332386434,-0.0008417614028713354,-0.01442473521012375,-0.00022772182192369055,6.670369020147041e-8,8.529492599679889e-6,4.2797353884530294e-8,5.454350484612885e-6,2.2002534255044393e-6,6.451479788033974e-7,0.00460032035156712,5.935961034618456,2.7672603341983733,0.3848466300967162,0.3199974536281169,0.12443488689056566,25.0,25.0,25.0,25.0,25.0,25.0,24.0,9.537,0.0,0.0,1.0,1781028105829231744
1781028105935745603,0.0004000372028499571,57.26199523796476,103.13201332833276,-0.0008411933050667854,-0.014424506027030002,-0.00022765462439534813,6.662969827432252e-8,8.529445268958909e-6,4.2986709217332875e-8,5.4531820664871326e-6,2.2000711650414096e-6,6.450468200546801e-7,0.004618116027579843,5.935960558347021,2.7672572105890123,0.38484949269603574,0.31999779758455815,0.1244356945869362,25.0,25.0,25.0,25.0,25.0,25.0,24.0,9.537,0.0,0.0,1.0,1781028105925729665
1781028106035277383,0.0004000427527911476,57.26199594874969,103.13201333192129,-0.0008407389132158511,-0.014424322693952154,-0.0002276008742416751,6.657180784312934e-8,8.529397240655938e-6,4.313166717724236e-8,5.4522675120521046e-6,2.199929973347828e-6,6.449612214538065e-7,0.004632353018930893,5.935960177262222,2.767254711618616,0.3848517828471661,0.3199980727537151,0.12443634076470746,25.0,25.0,25.0,25.0,25.0,25.0,24.0,9.537,0.0,0.0,1.0,1781028106007222289
1781028106136102911,0.0004000510685529022,57.26199701491983,103.132013337327,-0.0008400574697695305,-0.014424047716726831,-0.00022752026208985743,6.648274299712306e-8,8.529331555160052e-6,4.3355647364862464e-8,5.45086510985588e-6,2.199710987410472e-6,6.448392703483394e-7,0.0046537092450883765,5.9359596055425214,2.7672509630267608,0.3848552181907037,0.31999848551451354,0.12443731006521232,25.0,25.0,25.0,25.0,25.0,25.0,24.0,9.537,0.0,0.0,1.0,1781028106130060270
1781028106235514120,0.0004000566062812435,57.261997725694926,103.13201334094606,-0.0008396032705140538,-0.014423864413528206,-0.0002274665293649532,6.642554040436388e-8,8.529273132913872e-6,4.3494538216573505e-8,5.449962174004187e-6,2.1995726500725325e-6,6.447505691800473e-7,0.004667947217218134,5.935959224318658,2.7672484638711468,0.38485750849970457,0.3199987606937312,0.12443795628872702,25.0,25.0,25.0,25.0,25.0,25.0,24.0,9.537,0.0,0.0,1.0,1781028106210763567
1781028106335461729,0.0004000635215408173,57.26199861415806,103.132013345487,-0.0008390356301779152,-0.01442363530141902,-0.0002273993732175088,6.635100592241987e-8,8.529218069798363e-6,4.3681488785443636e-8,5.448787747697271e-6,2.1993891468574573e-6,6.446495861200924e-7,0.004685745239060156,5.935958747722592,2.767245339828285,0.3848603714740293,0.3199991046721611,0.12443876409361757,25.0,25.0,25.0,25.0,25.0,25.0,24.0,9.537,0.0,0.0,1.0,1781028106318667888
1781028106435923798,0.0004000704291239614,57.26199950261456,103.13201335004683,-0.0008384681107052513,-0.014423406208074382,-0.0002273322279317105,6.627792976206945e-8,8.529146946620886e-6,4.385891831184911e-8,5.447638834938092e-6,2.199211802538042e-6,6.445426933775539e-7,0.004703543885097405,5.935958271035947,2.7672422156672623,0.38486323454689,0.3199994486561398,0.1244395719269319,25.0,25.0,25.0,25.0,25.0,25.0,24.0,9.537,0.0,0.0,1.0,1781028106413613354
1781028106535646886,0.00040007870805782407,57.26200056875335,103.13201335554363,-0.0008377872473167919,-0.014423131320920178,-0.0002272516678748047,6.61886529028972e-8,8.529071065690991e-6,4.4079068042388635e-8,5.446233280307063e-6,2.1989926460826546e-6,6.444198564864433e-7,0.004724903071333653,5.935957698906068,2.7672384665249585,0.3848666703641736,0.3199998614450545,0.1244405413645706,25.0,25.0,25.0,25.0,25.0,25.0,24.0,9.537,0.0,0.0,1.0,1781028106533758895
1781028106635905204,0.0004000842211668317,57.26200127950698,103.1320133592233,-0.0008373334355796955,-0.01442294807792392,-0.00022719796980310737,6.612886448812188e-8,8.529020675371335e-6,4.4225866904202925e-8,5.445293958624449e-6,2.198846468368377e-6,6.443382734232117e-7,0.004739143022099715,5.935957317417994,2.767235967006477,0.3848689609885725,0.32000013664113564,0.12444118767932796,25.0,25.0,25.0,25.0,25.0,25.0,24.0,9.537,0.0,0.0,1.0,1781028106614821388
1781028106735767448,0.0004000924815523036,57.26200234562869,103.13201336476529,-0.0008366528637817212,-0.014422673236092158,-0.00022711743567867856,6.603993806457647e-8,8.528932712963935e-6,4.4439940685285316e-8,5.4438972703944905e-6,2.198629410003235e-6,6.442128277624916e-7,0.004760503692181151,5.935956745082093,2.767232217587064,0.3848723970423628,0.3200005494445979,0.12444215718540289,25.0,25.0,25.0,25.0,25.0,25.0,24.0,9.537,0.0,0.0,1.0,1781028106733397400
1781028106837695689,0.000400097982272271,57.26200305637058,103.1320133684749,-0.0008361992467203483,-0.014422490023362593,-0.00022706375488438417,6.59815409623257e-8,8.528867688520056e-6,4.4578897240570395e-8,5.442976774168497e-6,2.1984874398564715e-6,6.441264071586752e-7,0.004774744622483488,5.935956363453904,2.7672297178840304,0.3848746878250526,0.3200008246503929,0.1244428035460314,25.0,25.0,25.0,25.0,25.0,25.0,24.0,9.537,0.0,0.0,1.0,1781028106813537603
1781028106935445908,0.0004001062240122624,57.26200412247432,103.1320133740618,-0.0008355189676957831,-0.01442221522708064,-0.0002269832465826168,6.589077470281948e-8,8.528784769663847e-6,4.4797978737443025e-8,5.4415556436728235e-6,2.1982652354854723e-6,6.440057133906904e-7,0.0047961067765856505,5.935955790917343,2.7672259681909357,0.38487812411577427,0.3200012374671713,0.12444377312066789,25.0,25.0,25.0,25.0,25.0,25.0,24.0,9.537,0.0,0.0,1.0,1781028106933643491
1781028107037516508,0.0004001117122691588,57.262004833203925,103.13201337780134,-0.0008350655461884023,-0.014422032044788905,-0.0002269295829701177,6.583055158014225e-8,8.528726072808683e-6,4.4941874963012456e-8,5.440612772397228e-6,2.1981183512982513e-6,6.43924046167e-7,0.004810348713488332,5.935955409155846,2.767223468303995,0.38488041505564297,0.32000151268242777,0.12444441952666534,25.0,25.0,25.0,25.0,25.0,25.0,24.0,9.537,0.0,0.0,1.0,1781028107017584113
1781028107135920761,0.0004001185655642706,57.2620057216087,103.13201338249246,-0.0008344988794773313,-0.014421803084073592,-0.0002268625131236919,6.575610011564504e-8,8.528645303859903e-6,4.5118439903654464e-8,5.439442045535873e-6,2.197936326073193e-6,6.438196173495455e-7,0.004828151671531782,5.9359549318794755,2.767220343342385,0.38488327881928086,0.32000185670678466,0.12444522756002128,25.0,25.0,25.0,25.0,25.0,25.0,24.0,9.537,0.0,0.0,1.0,1781028107116871730
1781028107235309934,0.000400125411022173,57.262006610005386,103.13201338720216,-0.0008339323355619529,-0.014421574142488628,-0.00022679545396407349,6.568002068858255e-8,8.528572295580053e-6,4.5299661232452466e-8,5.438251662525502e-6,2.197750300298157e-6,6.437194865858414e-7,0.004845955261548059,5.93595445451747,2.767217218265266,0.3848861426817888,0.3200022007373117,0.12444603562189108,25.0,25.0,25.0,25.0,25.0,25.0,24.0,9.537,0.0,0.0,1.0,1781028107215257828
1781028107336285910,0.00040013224863724104,57.26200749839366,103.13201339193029,-0.0008333659144704122,-0.014421345220035195,-0.0002267284055157129,6.560592302662756e-8,8.528482666060767e-6,4.5471552323336115e-8,5.437090656965081e-6,2.1975707735203227e-6,6.436125377266243e-7,0.004863759466206684,5.935953977065899,2.76721409307293,0.3848890066436935,0.3200025447730995,0.12444684371253124,25.0,25.0,25.0,25.0,25.0,25.0,24.0,9.537,0.0,0.0,1.0,1781028107322004774
1781028107435917359,0.0004001390783821278,57.26200838677341,103.13201339667692,-0.0008327996165494812,-0.014421116316783776,-0.0002266613677329084,6.55302287355405e-8,8.528400524452998e-6,4.564847839301655e-8,5.435905411893095e-6,2.1973857114607324e-6,6.43510571574378e-7,0.0048815642848229635,5.935953499534955,2.7672109677674865,0.3848918707039527,0.3200028888148104,0.12444765183169502,25.0,25.0,25.0,25.0,25.0,25.0,24.0,9.537,0.0,0.0,1.0,1781028107419827111
1781028107536184023,0.000400145900239525,57.26200927514444,103.13201340144194,-0.0008322334420144002,-0.014420887432773942,-0.00022659434059878823,6.545331429795175e-8,8.52832201913065e-6,4.582966500962434e-8,5.434704066585029e-6,2.1971971148614404e-6,6.434119479575866e-7,0.004899369724998681,5.935953021922286,2.7672078423466107,0.3848947348621317,0.3200032328624048,0.1244484599791835,25.0,25.0,25.0,25.0,25.0,25.0,24.0,9.537,0.0,0.0,1.0,1781028107525106652
1781028107635514750,0.0004001527141932763,57.26201016350653,103.13201340622528,-0.0008316673910242524,-0.014420658568033444,-0.0002265273241086776,6.537706905031037e-8,8.528237547488782e-6,4.6006665240351097e-8,5.433511880038641e-6,2.197010762074367e-6,6.433109554580777e-7,0.004917175786644727,5.93595254422209,2.7672047168103364,0.3848975991196929,0.3200035769158094,0.12444926815540944,25.0,25.0,25.0,25.0,25.0,25.0,24.0,9.537,0.0,0.0,1.0,1781028107625541463
1781028107736072509,0.0004001595202236475,57.2620110518595,103.1320134110269,-0.0008311014638258111,-0.014420429722609693,-0.00022646031823711144,6.530085048640463e-8,8.528150233338567e-6,4.618247554372814e-8,5.432322179434292e-6,2.196825229993089e-6,6.432091987643038e-7,0.004934982471551065,5.935952066434268,2.7672015911590857,0.3849004634766868,0.32000392097439023,0.12445007636036348,25.0,25.0,25.0,25.0,25.0,25.0,24.0,9.537,0.0,0.0,1.0,1781028107721872969
1781028107835301055,0.0004001663183147398,57.26201194020314,103.13201341584676,-0.0008305356605695828,-0.014420200896529973,-0.00022639332298122456,6.522418686226419e-8,8.528059293832982e-6,4.635694868845489e-8,5.431128355327768e-6,2.1966383443206185e-6,6.431081402675088e-7,0.004952789770538012,5.935951588565499,2.76719846539162,0.3849033279313426,0.32000426504030627,0.12445088459366584,25.0,25.0,25.0,25.0,25.0,25.0,24.0,9.537,0.0,0.0,1.0,1781028107827394909
1781028107935513236,0.00040017310844662953,57.26201282853729,103.13201342068476,-0.0008299699815293894,-0.014419972089847992,-0.00022632633831160703,6.514832720718177e-8,8.527964840552151e-6,4.65301958508746e-8,5.429943314749296e-6,2.1964540488772045e-6,6.430046865443687e-7,0.004970597692898239,5.935951110604427,2.767195339510261,0.3849061924867786,0.32000460911049183,0.12445169285604588,25.0,25.0,25.0,25.0,25.0,25.0,24.0,9.537,0.0,0.0,1.0,1781028107923613971
1781028108036060886,0.00040017853480897104,57.26201353919763,103.13201342456829,-0.000829517527860811,-0.01441978905849381,-0.0002262727581883646,6.50869148893968e-8,8.527888837408704e-6,4.666866632756301e-8,5.428986271191098e-6,2.19630433484387e-6,6.429237457807991e-7,0.0049848444694228595,5.9359507281806785,2.767192838721958,0.38490848420098017,0.32000488437122127,0.1244523394862494,25.0,25.0,25.0,25.0,25.0,25.0,24.0,9.537,0.0,0.0,1.0,1781028108006551888
1781028108136001146,0.0004001866647584054,57.26201460517631,103.1320134304152,-0.0008288389969054858,-0.014419514534831843,-0.00022619240066732617,6.499532999114529e-8,8.527772904313759e-6,4.687517123469723e-8,5.4275566313022995e-6,2.1960816886378396e-6,6.428005918902639e-7,0.00500621538496258,5.935950154433951,2.767189087401848,0.38491192189302503,0.3200052972692226,0.12445330946641484,25.0,25.0,25.0,25.0,25.0,25.0,24.0,9.538,0.0,0.0,1.0,1781028108129098010
1781028108237592974,0.00040019207831544094,57.26201531582072,103.1320134343276,-0.0008283867427650856,-0.014419331534662204,-0.00022613883742107676,6.493340005982797e-8,8.527695873027087e-6,4.7014053295039886e-8,5.42659414528469e-6,2.19593087454219e-6,6.427205042006124e-7,0.005020463166024155,5.935949771872948,2.7671865864299523,0.3849142137660952,0.3200055725387484,0.12445395614248889,25.0,25.0,25.0,25.0,25.0,25.0,24.0,9.538,0.0,0.0,1.0,1781028108209913401
1781028108335369500,0.0004002001890141458,57.26201638177504,103.13201344021772,-0.0008277085116032585,-0.014419057057873745,-0.00022605850517479255,6.484059078779456e-8,8.527578505940509e-6,4.722241096049722e-8,5.425149301528022e-6,2.195704559163718e-6,6.426001562593233e-7,0.005041835564725912,5.935949197927639,2.767182834832207,0.3849176516943136,0.32000598545166287,0.12445492619107912,25.0,25.0,25.0,25.0,25.0,25.0,24.0,9.538,0.0,0.0,1.0,1781028108333255132
1781028108436081943,0.00040020558970958904,57.262017092402886,103.13201344415882,-0.0008272564576376818,-0.014418874089013113,-0.0002260049587562543,6.477882877671918e-8,8.527495338767308e-6,4.73586238579636e-8,5.424189447997518e-6,2.1955544735366133e-6,6.425189712057037e-7,0.005056084330544892,5.935948815230279,2.767180333676198,0.38491994372565275,0.32000626073042826,0.12445557291300338,25.0,25.0,25.0,25.0,25.0,25.0,24.0,9.538,0.0,0.0,1.0,1781028108413655397
1781028108536050719,0.0004002136810755559,57.26201815833189,103.13201345009192,-0.0008265785271834392,-0.014418599659270084,-0.00022592465172314668,6.46869358802613e-8,8.527365574346814e-6,4.7559664543812724e-8,5.422758534248038e-6,2.1953316520572497e-6,6.423947533303298e-7,0.0050774582240670375,5.935948241075279,2.767176581801791,0.3849233818926832,0.32000667365648533,0.1244565430306213,25.0,25.0,25.0,25.0,25.0,25.0,24.0,9.538,0.0,0.0,1.0,1781028108534369571
1781028108635314896,0.00040021906884451814,57.26201886894263,103.1320134540616,-0.0008261266741621561,-0.014418416721867751,-0.00022587112205416476,6.462271634714266e-8,8.527295414103813e-6,4.7705646939924275e-8,5.421763441693608e-6,2.195173741442536e-6,6.423209873149681e-7,0.005091707982295291,5.935947858247033,2.767174080462381,0.38492567408214734,0.3200069489451647,0.1244571897983452,25.0,25.0,25.0,25.0,25.0,25.0,24.0,9.538,0.0,0.0,1.0,1781028108622914165
1781028108735812622,0.0004002257962766582,57.262019757196086,103.13201345903964,-0.0008255619709698176,-0.01441818806781326,-0.00022580421941752088,6.454630940059826e-8,8.527178960357463e-6,4.7869546287904856e-8,5.4205759089160395e-6,2.1949891710884683e-6,6.422159426536836e-7,0.00510952073934017,5.935947379621758,2.7671709536804645,0.38492853940919497,0.3200072930615853,0.12445799828405772,25.0,25.0,25.0,25.0,25.0,25.0,24.0,9.538,0.0,0.0,1.0,1781028108719180790
1781028108835584936,0.0004002325155856942,57.26202064543841,103.13201346403544,-0.0008249973938806893,-0.014417959433521454,-0.00022573732720475577,6.44674121232224e-8,8.527075158476761e-6,4.804275585032116e-8,5.419352270853671e-6,2.194796390486187e-6,6.421186116085686e-7,0.005127334112195999,5.935946900922659,2.7671678267858018,0.38493140483440114,0.3200076371831398,0.1244588067982412,25.0,25.0,25.0,25.0,25.0,25.0,24.0,9.538,0.0,0.0,1.0,1781028108814510989
1781028108935830333,0.0004002392267594562,57.26202153366935,103.13201346904891,-0.0008244329429845567,-0.014417730819004654,-0.00022567044542347623,6.438911650802114e-8,8.526968177992922e-6,4.82131814095904e-8,5.418136724776228e-6,2.19460581467454e-6,6.42019200837495e-7,0.005145148113410137,5.935946422130716,2.767164699775229,0.3849342703598979,0.3200079813104268,0.12445961534136336,25.0,25.0,25.0,25.0,25.0,25.0,24.0,9.538,0.0,0.0,1.0,1781028108915801578
1781028109035885539,0.00040024592978224786,57.26202242188874,103.13201347408,-0.000823868618485849,-0.0144175022243031,-0.00022560357405746696,6.431156898475027e-8,8.5268503094033e-6,4.8378508433906763e-8,5.4169337615376225e-6,2.194417704366606e-6,6.419167994714553e-7,0.005162962730485453,5.9359459432554225,2.7671615726483556,0.3849371359839616,0.32000832544411395,0.12446042391307303,25.0,25.0,25.0,25.0,25.0,25.0,24.0,9.538,0.0,0.0,1.0,1781028109018628036
1781028109135598373,0.00040025262463286456,57.262023310096374,103.13201347912864,-0.0008233044206307294,-0.01441727364946427,-0.00022553671308176283,6.423341743252482e-8,8.526735675420899e-6,4.854561929165114e-8,5.4157225482018544e-6,2.194228372071471e-6,6.418158862687809e-7,0.005180777971773513,5.935945464290883,2.7671584454051117,0.3849400017076705,0.3200086695837299,0.12446123251357112,25.0,25.0,25.0,25.0,25.0,25.0,24.0,9.538,0.0,0.0,1.0,1781028109118501831
1781028109236552064,0.00040025931129354,57.26202419829209,103.1320134841948,-0.0008227403495979255,-0.014417045094522645,-0.00022546986248248805,6.415410697811137e-8,8.526623124890312e-6,4.87156627681532e-8,5.4144966179756146e-6,2.1940355669402495e-6,6.417180565478675e-7,0.005198593837112938,5.935944985247937,2.7671553180469504,0.38494286752956497,0.32000901372862617,0.12446204114247264,25.0,25.0,25.0,25.0,25.0,25.0,24.0,9.538,0.0,0.0,1.0,1781028109217186750
1781028109336167702,0.00040026598974616867,57.26202508647573,103.13201348927844,-0.000822176405637313,-0.014416816559529297,-0.00022540302223387728,6.407394055691927e-8,8.526515015994049e-6,4.888934995790593e-8,5.413257090753483e-6,2.1938397005880434e-6,6.416229307853004e-7,0.005216410317732039,5.93594450612001,2.767152190574735,0.3849457334509437,0.32000935787998497,0.1244628498002346,25.0,25.0,25.0,25.0,25.0,25.0,24.0,9.538,0.0,0.0,1.0,1781028109323249472
1781028109439145159,0.0004002726599805017,57.262025974646996,103.13201349437946,-0.0008216125887983685,-0.014416588044491705,-0.0002253361923512116,6.399581804589136e-8,8.526390210590595e-6,4.905215874194587e-8,5.4120479228071165e-6,2.193650677259802e-6,6.415207913126249e-7,0.0052342274220690465,5.935944026902252,2.7671490629857955,0.3849485994721537,0.3200097020364354,0.1244636584868369,25.0,25.0,25.0,25.0,25.0,25.0,24.0,9.538,0.0,0.0,1.0,1781028109424510141
1781028109536209143,0.000400279321976783,57.26202686280578,103.13201349949784,-0.0008210488993425265,-0.01441635954945672,-0.00022526937280505316,6.391829507563292e-8,8.52625694113342e-6,4.9210592508208795e-8,5.410849290362329e-6,2.193463871916138e-6,6.414161265734889e-7,0.005252045148089546,5.935943547596805,2.767145935279023,0.384951465592274,0.32001004620022017,0.12446446720209164,25.0,25.0,25.0,25.0,25.0,25.0,24.0,9.538,0.0,0.0,1.0,1781028109521840656
1781028109635496916,0.0004002859757064127,57.26202775095191,103.13201350463356,-0.0008204853375938196,-0.014416131074497143,-0.0002252025635504433,6.383822576075093e-8,8.526140997494346e-6,4.938018189258609e-8,5.409612468766859e-6,2.1932690967679048e-6,6.413195670718479e-7,0.005269863500363139,5.935943068210973,2.7671428074599476,0.38495433181216,0.3200103903678598,0.12446527594614942,25.0,25.0,25.0,25.0,25.0,25.0,24.0,9.538,0.0,0.0,1.0,1781028109629795667
1781028109735733108,0.0004002926211633243,57.26202863908517,103.1320135097865,-0.0008199219036208323,-0.01441590261961994,-0.00022513576460000864,6.3757980782343e-8,8.526020699143813e-6,4.954836981224964e-8,5.40837388501675e-6,2.193073421927255e-6,6.412231948067277e-7,0.00528768246892264,5.935942588743504,2.7671396795245555,0.38495719813011187,0.320010734542456,0.12446608471866688,25.0,25.0,25.0,25.0,25.0,25.0,24.0,9.538,0.0,0.0,1.0,1781028109724230104
1781028109838533766,0.0004002992583303189,57.26202952720536,103.1320135149566,-0.0008193585975846061,-0.014415674184854288,-0.0002250689759446607,6.367969794526866e-8,8.52588452219667e-6,4.970622136539877e-8,5.407166280070352e-6,2.192885273896436e-6,6.411196703088691e-7,0.005305502064411262,5.935942109181374,2.767136551471129,0.3849600645484487,0.32001107872263185,0.124466893520153,25.0,25.0,25.0,25.0,25.0,25.0,24.0,9.538,0.0,0.0,1.0,1781028109830422736
1781028109935670390,0.000400305887182476,57.26203041531233,103.13201352014391,-0.0008187954198203187,-0.01441544577027386,-0.00022500219753769795,6.35986777532473e-8,8.525766818955126e-6,4.9877518810526625e-8,5.4059140721355e-6,2.192686729483022e-6,6.410256286025685e-7,0.005323322268832378,5.935941629544213,2.767133423305547,0.384962931065542,0.32001142290901596,0.12446770235036927,25.0,25.0,25.0,25.0,25.0,25.0,24.0,9.538,0.0,0.0,1.0,1781028109927636412
1781028110038540638,0.00040031118427050704,57.262031125788255,103.13201352430605,-0.0008183449699996225,-0.014415263053144278,-0.00022494878219993415,6.353549600965193e-8,8.525657427671405e-6,5.000460732208472e-8,5.404942357484955e-6,2.192535026874264e-6,6.409438220844048e-7,0.00533757889945334,5.935941245764868,2.7671309206868635,0.3849652243515204,0.32001169826187353,0.12446834943529826,25.0,25.0,25.0,25.0,25.0,25.0,24.0,9.538,0.0,0.0,1.0,1781028110008703296
1781028110135873303,0.0004003191198924768,57.2620321914858,103.13201353056972,-0.0008176694495162514,-0.014414989001730103,-0.00022486867148213853,6.343960574920746e-8,8.52549649623675e-6,5.0199160152185645e-8,5.403463908189025e-6,2.1923021784765164e-6,6.408251064735082e-7,0.005358964563390459,5.935940670004356,2.767127166622323,0.38496866439809735,0.32001211129878276,0.1244693200969751,25.0,25.0,25.0,25.0,25.0,25.0,24.0,9.538,0.0,0.0,1.0,1781028110133118566
1781028110238596657,0.0004003244036194183,57.26203290193981,103.13201353475908,-0.0008172192055122754,-0.01441480631700474,-0.0002248152725147763,6.337556391094558e-8,8.525388051310536e-6,5.0327789153290274e-8,5.402478807403423e-6,2.192147559708332e-6,6.407457378640967e-7,0.005373222185188469,5.93594028608958,2.7671246638173144,0.3849709578421329,0.3200123866618438,0.12446996722766832,25.0,25.0,25.0,25.0,25.0,25.0,24.0,9.538,0.0,0.0,1.0,1781028110213322606
1781028110335710529,0.00040033231915085455,57.2620339676041,103.13201354106346,-0.0008165439943234654,-0.014414532314309591,-0.0002247351862899445,6.32775203186954e-8,8.525236985988144e-6,5.0529901090877816e-8,5.400970021333997e-6,2.191908330333626e-6,6.406331738710892e-7,0.005394609348112825,5.93593971012531,2.7671209094756657,0.3849743981276514,0.32001279971281094,0.1244709379584669,25.0,25.0,25.0,25.0,25.0,25.0,24.0,9.538,0.0,0.0,1.0,1781028110333877452
1781028110436066757,0.00040033758946184225,57.26203467803561,103.1320135452799,-0.0008160939567541951,-0.014414349662110687,-0.0002246818036401936,6.321338802719778e-8,8.525123743276338e-6,5.065654846936319e-8,5.399985122817619e-6,2.191753401802245e-6,6.405534415039839e-7,0.005408867968565061,5.9359393260765305,2.767118406486809,0.3849766917307177,0.3200130750849787,0.1244715851351887,25.0,25.0,25.0,25.0,25.0,25.0,24.0,9.538,0.0,0.0,1.0,1781028110420555845
1781028110535716131,0.00040034416977494607,57.26203556606217,103.13201355056562,-0.0008155315262625594,-0.014414121365226715,-0.00022461508446428304,6.313103667364985e-8,8.52499698341116e-6,5.082571630406352e-8,5.398717918543372e-6,2.1915520488666435e-6,6.404612613772701e-7,0.005426691784881101,5.935938845947214,2.767115277647709,0.3849795588234424,0.32001341930498134,0.12447239413197216,25.0,25.0,25.0,25.0,25.0,25.0,24.0,9.538,0.0,0.0,1.0,1781028110527564543
1781028110638541817,0.0004003507416666163,57.26203645407416,103.13201355586808,-0.0008149692251536726,-0.014413893088742288,-0.00022454837546827323,6.305041232712788e-8,8.524853252672468e-6,5.0984552341579025e-8,5.397480880464023e-6,2.1913571232407466e-6,6.403624018151141e-7,0.005444516239833909,5.935938365724857,2.7671121486918016,0.3849824260163952,0.32001376353142197,0.12447320315764372,25.0,25.0,25.0,25.0,25.0,25.0,24.0,9.538,0.0,0.0,1.0,1781028110631716704
1781028110735999177,0.0004003573051169025,57.26203734207148,103.13201356118728,-0.0008144070536929489,-0.014413664832708088,-0.0002244816766207496,6.297093247711753e-8,8.524701248421176e-6,5.1137773914843495e-8,5.396258508189427e-6,2.1911659295714095e-6,6.40259861911303e-7,0.005462341306214876,5.935937885413707,2.7671090196183443,0.38498529330928866,0.32001410776355677,0.12447401221229888,25.0,25.0,25.0,25.0,25.0,25.0,24.0,9.538,0.0,0.0,1.0,1781028110731009201
1781028110836122662,0.0004003625497812742,57.26203805245867,103.13201356545468,-0.0008139574100789149,-0.01441348224265096,-0.00022442832482069957,6.290422511661186e-8,8.524596897740074e-6,5.1273177107809466e-8,5.395236925544769e-6,2.1910029133192676e-6,6.401874702380012e-7,0.005476601818129002,5.935937501113385,2.7671065162783495,0.38498758721396487,0.32001438315317804,0.12447465947634116,25.0,25.0,25.0,25.0,25.0,25.0,24.0,9.538,0.0,0.0,1.0,1781028110811307184
1781028110935321216,0.00040036909799149456,57.262038940429086,103.13201357080384,-0.0008133954724769746,-0.01441325402352917,-0.00022436164419523528,6.282409557929365e-8,8.524443158591326e-6,5.142703935745732e-8,5.39400765210014e-6,2.190810204646753e-6,6.40086079092148e-7,0.005494428009963301,5.9359370206481605,2.7671033869954016,0.38499045468595305,0.32001472739665154,0.12447546858281884,25.0,25.0,25.0,25.0,25.0,25.0,24.0,9.538,0.0,0.0,1.0,1781028110916717562
1781028111036050679,0.0004003756377092568,57.26203982838433,103.13201357616964,-0.0008128336650830703,-0.014413025824973658,-0.00022429497366515145,6.274289898762184e-8,8.524293100590243e-6,5.158331412228077e-8,5.392764155871121e-6,2.1906144106812845e-6,6.39987625522051e-7,0.005512254829312398,5.935936540100771,2.767100257597001,0.3849933222568796,0.3200150716451764,0.1244762777178864,25.0,25.0,25.0,25.0,25.0,25.0,24.0,9.538,0.0,0.0,1.0,1781028111011140924
1781028111135601374,0.00040038347413559887,57.26204089391032,103.13201358263042,-0.0008121596683536195,-0.014412752013906635,-0.00022421498233012136,6.26436496048502e-8,8.524121799662305e-6,5.1778502525784045e-8,5.391244096518975e-6,2.1903729426414074e-6,6.398753462729381e-7,0.005533647832699222,5.9359359633388555,2.7670965021680134,0.384996763472616,0.320015484751185,0.12447724871781102,25.0,25.0,25.0,25.0,25.0,25.0,24.0,9.538,0.0,0.0,1.0,1781028111131647938
1781028111241529715,0.0004003886916030875,57.26204160424851,103.1320135869508,-0.0008117104416115806,-0.014412569489694795,-0.00022416166283786276,6.257851467765532e-8,8.523999526471711e-6,5.1903291291893134e-8,5.390246285449882e-6,2.1902156743869227e-6,6.397968219256932e-7,0.005547910339226123,5.935935578757291,2.7670939984536997,0.3849990576965971,0.3200157601602461,0.1244778960742515,25.0,25.0,25.0,25.0,25.0,25.0,24.0,9.538,0.0,0.0,1.0,1781028111217041457
1781028111342987622,0.00040039650755201384,57.26204266973688,103.13201359345102,-0.0008110367584177074,-0.014412295728188758,-0.00022408169565988305,6.247976904007945e-8,8.523818552671367e-6,5.209344971145264e-8,5.38873451503517e-6,2.1899761742876888e-6,6.396820139667191e-7,0.005569304832384497,5.935935001789942,2.7670902427458905,0.38500249915176793,0.3200161732799237,0.12447886714352788,25.0,25.0,25.0,25.0,25.0,25.0,24.0,9.538,0.0,0.0,1.0,1781028111332091574
1781028111444546775,0.0004004030114274184,57.2620435576263,103.1320135988859,-0.0008104754997806606,-0.014412067616380364,-0.00022401506738738903,6.239752896246123e-8,8.523666020289591e-6,5.225074151648493e-8,5.387477229281873e-6,2.1897775308764044e-6,6.395856595522291e-7,0.005587134274405016,5.935934520881424,2.767087112858157,0.38500536714103806,0.3200165175546521,0.1244796763996544,25.0,25.0,25.0,25.0,25.0,25.0,24.0,9.538,0.0,0.0,1.0,1781028111438811571
1781028111543101768,0.00040040950672447776,57.2620444454996,103.1320136043371,-0.0008099143722948495,-0.014411839525327695,-0.00022394844913048572,6.231377106451364e-8,8.52351889307045e-6,5.2413330760719086e-8,5.386197094532066e-6,2.1895733946728097e-6,6.394940830122516e-7,0.00560496434333797,5.935934039898886,2.7670839828586797,0.3850082352290701,0.32001686183273337,0.12448048568433737,25.0,25.0,25.0,25.0,25.0,25.0,24.0,9.538,0.0,0.0,1.0,1781028111534359086
1781028111643002067,0.0004004159934347136,57.262045333356504,103.13201360980452,-0.0008093533760137397,-0.014411611455035792,-0.00022388184090343396,6.223216517521128e-8,8.523355006080896e-6,5.2565139598334455e-8,5.384949049231627e-6,2.1893766579081587e-6,6.39395041255018e-7,0.005622795020807121,5.935933558822414,2.7670808527385593,0.3850111034173016,0.32001720611902285,0.12448129499815484,25.0,25.0,25.0,25.0,25.0,25.0,24.0,9.538,0.0,0.0,1.0,1781028111637172587
1781028111742945478,0.0004004224715323742,57.262046221196925,103.13201361528816,-0.0008087925112434232,-0.014411383405571618,-0.00022381524266071765,6.214941553173378e-8,8.523194942782562e-6,5.2719960044047016e-8,5.383686756034704e-6,2.18917686425502e-6,6.392990201550489e-7,0.005640626330348413,5.935933077662091,2.767077722503013,0.3850139717050835,0.3200175504102876,0.1244821043407042,25.0,25.0,25.0,25.0,25.0,25.0,24.0,9.538,0.0,0.0,1.0,1781028111735078509
1781028111842442991,0.00040042894100736544,57.26204710902064,103.13201362078796,-0.0008082317781029931,-0.014411155376957469,-0.00022374865440204775,6.206780692777829e-8,8.523025637432162e-6,5.2868988464210224e-8,5.382440568878993e-6,2.18898064112782e-6,6.391991980282245e-7,0.005658458265034902,5.935932596412973,2.767074592150452,0.3850168400928857,0.3200178947076559,0.1244829137121872,25.0,25.0,25.0,25.0,25.0,25.0,24.0,9.538,0.0,0.0,1.0,1781028111840593414
1781028111943209411,0.0004004354018356456,57.262047996827505,103.13201362630386,-0.0008076711768266207,-0.014410927369242016,-0.00022368207609753775,6.198408906630517e-8,8.522867409045985e-6,5.3026523080831467e-8,5.381163784368324e-6,2.188777428992224e-6,6.391059481359983e-7,0.00567629082285334,5.9359321150858735,2.7670714616822973,0.3850197085792728,0.3200182390114246,0.12448372311224276,25.0,25.0,25.0,25.0,25.0,25.0,24.0,9.538,0.0,0.0,1.0,1781028111935124886
1781028112042567983,0.0004004418540043067,57.262048884617336,103.1320136318358,-0.0008071107075902108,-0.014410699382459414,-0.0002236155077345458,6.18997317487225e-8,8.522710481372727e-6,5.3185462870548797e-8,5.379878956557113e-6,2.1885728499328854e-6,6.390142086815029e-7,0.005694124008005172,5.935931633672297,2.767068331097521,0.3850225771656543,0.32001858332053973,0.12448453254119604,25.0,25.0,25.0,25.0,25.0,25.0,24.0,9.538,0.0,0.0,1.0,1781028112040627661
1781028112142905644,0.0004004482975056232,57.26204977238988,103.1320136373837,-0.000806550370436374,-0.014410471416619093,-0.00022354894932667427,6.181835586881058e-8,8.52253267086774e-6,5.333073402851436e-8,5.378638366131305e-6,2.1883780339821583e-6,6.389125205874638e-7,0.005711957825156554,5.9359311521639855,2.7670652003962783,0.38502544585333326,0.32001892763498774,0.124485341999382,25.0,25.0,25.0,25.0,25.0,25.0,24.0,9.538,0.0,0.0,1.0,1781028112135784325
1781028112242307671,0.000400454732314564,57.26205066014499,103.13201364294756,-0.0008059901656315407,-0.014410243471775656,-0.0002234824008374888,6.173434238968866e-8,8.522365172359706e-6,5.3484426471018936e-8,5.377360713495766e-6,2.188174696228241e-6,6.388187265385166e-7,0.0057297922564729185,5.935930670579641,2.767062069577097,0.3850283146385081,0.3200192719569756,0.12448615148591322,25.0,25.0,25.0,25.0,25.0,25.0,24.0,9.538,0.0,0.0,1.0,1781028112240664780
1781028112343155436,0.0004004611584129978,57.26205154788256,103.1320136485273,-0.0008054300934237191,-0.014410015547980147,-0.00022341586223698727,6.165061867027986e-8,8.522197870360216e-6,5.3638073016589736e-8,5.3760857601646065e-6,2.1879723520886138e-6,6.38724154686708e-7,0.0057476273216556795,5.935930188906503,2.7670589386424695,0.38503118352463866,0.32001961628372805,0.12448696100156552,25.0,25.0,25.0,25.0,25.0,25.0,24.0,9.538,0.0,0.0,1.0,1781028112336381787
1781028112443910670,0.00040046757579193654,57.26205243560231,103.13201365412289,-0.0008048701538363927,-0.014409787645236236,-0.00022334933354186136,6.15672197060037e-8,8.522022696391796e-6,5.378703743527262e-8,5.374817652249427e-6,2.187771390404334e-6,6.386277857772438e-7,0.005765463002705381,5.935929707148529,2.767055807590777,0.3850340525101771,0.3200199606166331,0.12448777054605924,25.0,25.0,25.0,25.0,25.0,25.0,24.0,9.538,0.0,0.0,1.0,1781028112440633918
1781028112543024654,0.0004004739844299547,57.262053323304144,103.13201365973426,-0.0008043103471812988,-0.01440955976360768,-0.0002232828147092433,6.148241278098708e-8,8.521854960101967e-6,5.394209455723292e-8,5.373528868374463e-6,2.187565846056356e-6,6.385358629221506e-7,0.005783299320691257,5.93592922530809,2.7670526764222485,0.3850369215947235,0.3200203049556414,0.12448858011912012,25.0,25.0,25.0,25.0,25.0,25.0,24.0,9.538,0.0,0.0,1.0,1781028112536994398
1781028112645607931,0.0004004791050386188,57.26205403345252,103.13201366423463,-0.0008038625975768035,-0.014409377473511148,-0.00022322960675423187,6.141516544056796e-8,8.521714618062974e-6,5.4062795947173116e-8,5.372507473310316e-6,2.187403445946221e-6,6.384599989171005e-7,0.005797568818991836,5.935928839771993,2.767050171404416,0.38503921693500914,0.3200205804310678,0.124489227798648,25.0,25.0,25.0,25.0,25.0,25.0,24.0,9.538,0.0,0.0,1.0,1781028112623265838
1781028112742390985,0.0004004854979100224,57.262054921121546,103.13201366987428,-0.0008033030304358641,-0.014409149629940192,-0.0002231631056752128,6.133198859641577e-8,8.521530620264851e-6,5.4207980592071264e-8,5.371244204360215e-6,2.18720355701233e-6,6.383619960974493e-7,0.005815406252958906,5.93592835777376,2.767047040025183,0.38504208620000663,0.32002092478094346,0.12449003742400563,25.0,25.0,25.0,25.0,25.0,25.0,24.0,9.538,0.0,0.0,1.0,1781028112722624796
1781028112842872155,0.00040049188199411733,57.262055808772146,103.13201367552954,-0.0008027435966958486,-0.014408921807582816,-0.00022309661441803055,6.124729010532931e-8,8.521356785260256e-6,5.4360085560797766e-8,5.369956952664279e-6,2.18699869950498e-6,6.382689731582993e-7,0.0058332443144772745,5.935927875691302,2.767043908530193,0.3850449555650779,0.3200212691364694,0.12449084707831289,25.0,25.0,25.0,25.0,25.0,25.0,24.0,9.538,0.0,0.0,1.0,1781028112823341299
1781028112942928505,0.00040049953127912943,57.262056873928216,103.13201368233638,-0.0008020724524131947,-0.014408648448778047,-0.00022301683787803215,6.114519796204064e-8,8.521145286501592e-6,5.4542345828731146e-8,5.3684093291429194e-6,2.186751854696259e-6,6.381578985858149e-7,0.00585465081990354,5.93592729707999,2.767040150580766,0.3850483989340519,0.3200216823718493,0.12449181870132069,25.0,25.0,25.0,25.0,25.0,25.0,24.0,9.538,0.0,0.0,1.0,1781028112938687367
1781028113043208587,0.00040050462375340807,57.262057584017185,103.1320136868867,-0.0008016251297918671,-0.01440846622658088,-0.00022296366137373655,6.107788220242374e-8,8.520995067898998e-6,5.46579234842676e-8,5.367390374374494e-6,2.186590326803161e-6,6.380808018168723e-7,0.005868922324076143,5.9359269112680915,2.7670376451867735,0.385050694593457,0.32002195786673343,0.12449246647315544,25.0,25.0,25.0,25.0,25.0,25.0,24.0,9.538,0.0,0.0,1.0,1781028113019545771
1781028113142947655,0.00040051098139530153,57.262058471611304,103.13201369258852,-0.0008010660970081813,-0.01440823846801624,-0.00022289719954839395,6.099351911076769e-8,8.520808259530661e-6,5.4803841481717746e-8,5.366112124182151e-6,2.1863871361382505e-6,6.379852593138971e-7,0.005886762264556394,5.9359264289287665,2.7670345133404237,0.38505356425769544,0.32002230224071426,0.12449327621403827,25.0,25.0,25.0,25.0,25.0,25.0,24.0,9.538,0.0,0.0,1.0,1781028113124437604
1781028113243234267,0.0004005173301857685,57.26205935918626,103.13201369830574,-0.00080050719827824,-0.01440801073080177,-0.00022283074748917207,6.09066786682978e-8,8.52063672063593e-6,5.496065900866349e-8,5.364795605703028e-6,2.186175505018116e-6,6.378978680775503e-7,0.00590460282708441,5.935925946511781,2.7670313813786436,0.3850564340206981,0.32002264662012037,0.1244940859835304,25.0,25.0,25.0,25.0,25.0,25.0,24.0,9.538,0.0,0.0,1.0,1781028113222458377
1781028113342344294,0.00040052367011975825,57.26206024674186,103.13201370403831,-0.0007999484336615339,-0.014407783014944392,-0.00022276430520699425,6.082232987671378e-8,8.520444996315e-6,5.510472101074528e-8,5.363518313619781e-6,2.185972727923542e-6,6.378016648822841e-7,0.0059224440229680205,5.935925463999835,2.7670282492982015,0.3850593038849813,0.32002299100570764,0.1244948957822596,25.0,25.0,25.0,25.0,25.0,25.0,24.0,9.538,0.0,0.0,1.0,1781028113326345584
1781028113443069021,0.0004005300011756613,57.2620611342779,103.13201370978622,-0.0007993898033508805,-0.014407555320489053,-0.0002226978726790116,6.073762898468125e-8,8.52025321422577e-6,5.524796461848596e-8,5.362236963293967e-6,2.1857693647279047e-6,6.377060770086499e-7,0.005940285839932187,5.935924981399764,2.76702511710056,0.38506217384945,0.320023335397332,0.12449570561000745,25.0,25.0,25.0,25.0,25.0,25.0,24.0,9.538,0.0,0.0,1.0,1781028113432781855
1781028113544818748,0.00040053632333637623,57.26206202179428,103.13201371554936,-0.0007988313075777208,-0.01440732764748105,-0.0002226314498772953,6.065207117232488e-8,8.52006372006983e-6,5.539483507811146e-8,5.360944757604572e-6,2.185563272317786e-6,6.376128887955789e-7,0.0059581282965853076,5.935924498719064,2.767021984784976,0.3850650439128323,0.3200236797952555,0.1244965154663063,25.0,25.0,25.0,25.0,25.0,25.0,24.0,9.538,0.0,0.0,1.0,1781028113531778409
1781028113642906828,0.0004005426365897408,57.262062909290734,103.13201372132772,-0.0007982729464098176,-0.01440709999593667,-0.00022256503680752045,6.056641003231951e-8,8.519870936044922e-6,5.553998689907962e-8,5.359651308419631e-6,2.1853569735322983e-6,6.375196242491955e-7,0.005975971371409241,5.935924015952812,2.7670188523530013,0.38506791407619095,0.3200240241987954,0.12449732535158704,25.0,25.0,25.0,25.0,25.0,25.0,24.0,9.539,0.0,0.0,1.0,1781028113630951591
1781028113742826413,0.00040054894091752854,57.26206379676716,103.1320137271212,-0.0007977147201005629,-0.014406872365908223,-0.0002224986334369928,6.04805442279688e-8,8.519679531265297e-6,5.5686293617035355e-8,5.3583541962051595e-6,2.1851499226120195e-6,6.374269750547276e-7,0.005993815074009951,5.935923533100566,2.767015719804364,0.38507078433996217,0.32002436860842565,0.12449813526592513,25.0,25.0,25.0,25.0,25.0,25.0,24.0,9.539,0.0,0.0,1.0,1781028113734355393
1781028113846274802,0.00040055523630592505,57.262064684223326,103.1320137329298,-0.0007971566287531692,-0.01440664475741902,-0.00022243223976360817,6.039358792199179e-8,8.519490865240847e-6,5.583575027081585e-8,5.357041160333632e-6,2.1849391212369473e-6,6.37337558948837e-7,0.006011659394286045,5.935923050167192,2.76701258713881,0.38507365470285254,0.32002471302456514,0.12449894520903591,25.0,25.0,25.0,25.0,25.0,25.0,24.0,9.539,0.0,0.0,1.0,1781028113833800513
1781028113943078676,0.0004005615227424987,57.262065571659065,103.1320137387534,-0.0007965986724805231,-0.014406417170488937,-0.00022236585578268563,6.030904254790156e-8,8.519283220762751e-6,5.5972590598695867e-8,5.355766885380386e-6,2.184737070638601e-6,6.372395495491026e-7,0.00602950435439349,5.93592256713896,2.76700945435417,0.3850765251667751,0.32002505744672444,0.12449975518126095,25.0,25.0,25.0,25.0,25.0,25.0,24.0,9.539,0.0,0.0,1.0,1781028113930105191
1781028114043537027,0.000400567800203785,57.262066459074255,103.13201374459204,-0.0007960408515874569,-0.014406189605186422,-0.00022229948145023333,6.022171365112525e-8,8.519093849844572e-6,5.612184706098018e-8,5.354448032426152e-6,2.1845252422778745e-6,6.371509648496014e-7,0.006047349928398579,5.9359220840348605,2.7670063214543985,0.3850793957297182,0.32002540187434586,0.12450056518225223,25.0,25.0,25.0,25.0,25.0,25.0,24.0,9.539,0.0,0.0,1.0,1781028114038184099
1781028114143053316,0.0004005740686825246,57.26206734646863,103.13201375044557,-0.0007954831660678731,-0.014405962061506688,-0.00022223311678622103,6.013592878630036e-8,8.518889241969416e-6,5.6262169507065046e-8,5.353156712475811e-6,2.1843195624736757e-6,6.370562872183368e-7,0.006065196147341209,5.935921600836895,2.767003188435267,0.3850822663934688,0.3200257463081159,0.12450137521225572,25.0,25.0,25.0,25.0,25.0,25.0,24.0,9.539,0.0,0.0,1.0,1781028114135966810
1781028114242497853,0.0004005803281593308,57.26206823384211,103.13201375631397,-0.0007949256162001246,-0.014405734539511116,-0.0002221667617527112,6.004898481739678e-8,8.51869201444444e-6,5.6408144611622974e-8,5.351845009006273e-6,2.1841092524461586e-6,6.369657195171477e-7,0.006083042977075269,5.935921117557999,2.7670000553009464,0.3850851371571021,0.320026090748144,0.1245021852713175,25.0,25.0,25.0,25.0,25.0,25.0,24.0,9.539,0.0,0.0,1.0,1781028114242044719
1781028114342250253,0.00040058657862247017,57.2620691211944,103.1320137621972,-0.0007943682020321013,-0.014405507039207935,-0.00022210041635786776,5.996256258059536e-8,8.51848527317127e-6,5.654833133961142e-8,5.350545133904285e-6,2.183901418700211e-6,6.368725267859962e-7,0.00610089044798579,5.935920634193077,2.7669969220477992,0.38508800802013127,0.3200264351938916,0.12450299535901883,25.0,25.0,25.0,25.0,25.0,25.0,24.0,9.539,0.0,0.0,1.0,1781028114341413335
1781028114442903144,0.0004005915724880059,57.26206983106097,103.13201376691444,-0.0007939223686067208,-0.01440532505462886,-0.0002220473469504739,5.989361840182966e-8,8.518317439836087e-6,5.6658104558563215e-8,5.349510536251274e-6,2.1837368040124036e-6,6.367967476868473e-7,0.006115168875141107,5.935920247435501,2.766994415359737,0.3850903047834081,0.3200267107550963,0.1245036434502652,25.0,25.0,25.0,25.0,25.0,25.0,24.0,9.539,0.0,0.0,1.0,1781028114417400131
1781028114543182999,0.0004005990524340333,57.26207089583506,103.13201377400794,-0.0007932537817131123,-0.014405052103878052,-0.0002219677543661798,5.978914836839316e-8,8.518071385413259e-6,5.6829087129554096e-8,5.347938246428057e-6,2.18348488435303e-6,6.366870793543735e-7,0.006136587262633316,5.9359196672006656,2.7669906551885837,0.38509375004779095,0.32002712410424966,0.12450461562177392,25.0,25.0,25.0,25.0,25.0,25.0,24.0,9.539,0.0,0.0,1.0,1781028114536372896
1781028114642637184,0.00040060403181857234,57.26207160566712,103.13201377874869,-0.0007928081660541521,-0.0144048701541449,-0.0002219147003188677,5.972028400167148e-8,8.517900814226165e-6,5.69388260897932e-8,5.346901390431746e-6,2.183319514572733e-6,6.366112420361651e-7,0.006150866686823354,5.935919280308033,2.7669881483135317,0.3850960469711698,0.3200273996751039,0.12450526375942184,25.0,25.0,25.0,25.0,25.0,25.0,24.0,9.539,0.0,0.0,1.0,1781028114635248827
1781028114743035438,0.0004006102478815466,57.26207249293761,103.13201378468776,-0.0007922512692218551,-0.014404642736634672,-0.0002218483913716744,5.963317055330872e-8,8.517689853180998e-6,5.7078565914906294e-8,5.3455927068464634e-6,2.18310992366001e-6,6.365191806452416e-7,0.006168716535686013,5.9359187966167015,2.766985014613711,0.3850989182147128,0.3200277441442735,0.12450607395729484,25.0,25.0,25.0,25.0,25.0,25.0,24.0,9.539,0.0,0.0,1.0,1781028114725795277
1781028114845528972,0.0004006164548509733,57.26207338018617,103.1320137906414,-0.0007916945089489309,-0.01440441534100065,-0.00022178209197148724,5.9544474636115456e-8,8.51748659839328e-6,5.7224073909079113e-8,5.344263260137037e-6,2.1828958521540805e-6,6.364316322412726e-7,0.0061865670223710785,5.935918312842633,2.7669818807973043,0.3851017895581908,0.3200280886188024,0.12450688418400628,25.0,25.0,25.0,25.0,25.0,25.0,24.0,9.539,0.0,0.0,1.0,1781028114828904312
1781028114943896854,0.0004006226527242829,57.26207426741255,103.13201379660954,-0.0007911378852265056,-0.014404187967241276,-0.00022171580214182387,5.9458179152493713e-8,8.517266531904401e-6,5.735838660333066e-8,5.342966200269713e-6,2.1826890256624676e-6,6.363364932505954e-7,0.00620441812350098,5.935917828976855,2.766978746862659,0.3851046610029623,0.32002843309971407,0.12450769444012624,25.0,25.0,25.0,25.0,25.0,25.0,24.0,9.539,0.0,0.0,1.0,1781028114926963986
1781028115042785623,0.0004006288414755524,57.262075154616646,103.13201380259216,-0.0007905813983652331,-0.014403960615424444,-0.00022164952183331729,5.936995041343542e-8,8.517055969971867e-6,5.7499408794158155e-8,5.341643194657183e-6,2.1824763356925063e-6,6.362470161950738e-7,0.00622226985928413,5.935917345028823,2.766975612810981,0.3851075325470934,0.32002877758674103,0.1245085047249584,25.0,25.0,25.0,25.0,25.0,25.0,24.0,9.539,0.0,0.0,1.0,1781028115032449809
1781028115142716651,0.00040063502109245665,57.26207604179828,103.13201380858918,-0.0007900250484579326,-0.014403733285567766,-0.00022158325104415893,5.928231667415932e-8,8.516837855257431e-6,5.7636403814364065e-8,5.34033097460259e-6,2.182266290605738e-6,6.36155021834185e-7,0.0062401222258437515,5.935916860993765,2.7669724786402856,0.385110404191408,0.3200291220796059,0.12450931503874645,25.0,25.0,25.0,25.0,25.0,25.0,24.0,9.539,0.0,0.0,1.0,1781028115128414321
1781028115242539281,0.0004006411915649816,57.262076928957235,103.13201381460053,-0.0007894688356253956,-0.014403505977699653,-0.00022151698977040683,5.9194394343030053e-8,8.516621001501891e-6,5.777522563111077e-8,5.339011417907925e-6,2.182054072884862e-6,6.360643846049523e-7,0.006257975218262257,5.935916376876802,2.7669693443533143,0.38511327593575345,0.3200294665788097,0.12451012538153086,25.0,25.0,25.0,25.0,25.0,25.0,24.0,9.539,0.0,0.0,1.0,1781028115231970953
1781028115343232383,0.0004006473528714667,57.26207781609339,103.1320138206262,-0.0007889127600741823,-0.01440327869186387,-0.0002214507379836754,5.910582162263452e-8,8.516405460510396e-6,5.79147223668411e-8,5.337685213601613e-6,2.181840767321493e-6,6.359750942998609e-7,0.006275828841508391,5.935915892669915,2.766966209947616,0.3851161477804142,0.32002981108454004,0.12451093575330704,25.0,25.0,25.0,25.0,25.0,25.0,24.0,9.539,0.0,0.0,1.0,1781028115332230073
1781028115443226734,0.0004006535050044392,57.262078703206505,103.1320138266661,-0.000788356821854814,-0.01440305142807062,-0.00022138449569228657,5.9018195865805254e-8,8.516179412376944e-6,5.804821541638823e-8,5.3363728017163215e-6,2.181630519487564e-6,6.358823774157195e-7,0.00629368308324245,5.935915408377967,2.766963075424678,0.3851190197254816,0.3200301555955641,0.12451174615420264,25.0,25.0,25.0,25.0,25.0,25.0,24.0,9.539,0.0,0.0,1.0,1781028115437992940
1781028115542446320,0.0004006596479420795,57.26207959029647,103.13201383272018,-0.0007878010212164062,-0.014402824186374546,-0.00022131826286069737,5.8929729563539115e-8,8.515954887470997e-6,5.81836164283525e-8,5.335052426057945e-6,2.1814184857838286e-6,6.35791518259712e-7,0.006311537966599143,5.9359149240009215,2.7669599407820065,0.3851218917701448,0.32003050011358847,0.12451255658384072,25.0,25.0,25.0,25.0,25.0,25.0,24.0,9.539,0.0,0.0,1.0,1781028115539352260
1781028115645566216,0.0004006657816720291,57.262080477363114,103.13201383878842,-0.0007872453583134076,-0.014402596966810007,-0.0002212520394753697,5.884050231977747e-8,8.515737644827421e-6,5.8323479216147796e-8,5.3337166439305205e-6,2.18120294993181e-6,6.357037363062772e-7,0.006329393476840733,5.9359144395404035,2.766956806024312,0.38512476391544465,0.3200308446368301,0.12451336704261325,25.0,25.0,25.0,25.0,25.0,25.0,24.0,9.539,0.0,0.0,1.0,1781028115640231962
1781028115742903594,0.00040067190618311055,57.26208136440622,103.13201384487073,-0.0007866898332008442,-0.014402369769386657,-0.00022118582554258825,5.8751955090409555e-8,8.51551061639864e-6,5.845844716542506e-8,5.332392723408841e-6,2.180990100795509e-6,6.356130769339079e-7,0.006347249607639919,5.935913954992084,2.766953671148186,0.3851276361613754,0.3200311891663018,0.12451417753056104,25.0,25.0,25.0,25.0,25.0,25.0,24.0,9.539,0.0,0.0,1.0,1781028115736837207
1781028115843017200,0.00040067802146108303,57.26208225142563,103.13201385096698,-0.0007861344460188539,-0.014402142594137668,-0.00022111962104962227,5.8664457080683295e-8,8.515274110146948e-6,5.858785651923152e-8,5.331085736558242e-6,2.180781181066792e-6,6.355185783827808e-7,0.006365106373494455,5.935913470351476,2.766950536150504,0.38513050850734715,0.3200315337031278,0.1245149880474002,25.0,25.0,25.0,25.0,25.0,25.0,24.0,9.539,0.0,0.0,1.0,1781028115840581153
1781028115943041002,0.0004006841274837348,57.26208313842119,103.1320138570773,-0.0007855791970307364,-0.0144019154411194,-0.00022105342595769105,5.857507918920372e-8,8.515047878487686e-6,5.8723885777713673e-8,5.32975233295265e-6,2.1805661901646915e-6,6.354298009114598e-7,0.006382963774422988,5.935912985633315,2.7669474010392303,0.3851333809536091,0.320031878244138,0.12451579859322712,25.0,25.0,25.0,25.0,25.0,25.0,24.0,9.539,0.0,0.0,1.0,1781028115940680348
1781028116042837560,0.00040068900563342176,57.26208384800034,103.13201386197557,-0.0007851350973688778,-0.01440173373471785,-0.00022100047665930445,5.8503781983903676e-8,8.51486258610364e-6,5.8830494948099936e-8,5.328689074988674e-6,2.1803950524224667e-6,6.353578365028944e-7,0.006397250144934818,5.935912597796418,2.766944892863705,0.38513567898233647,0.3200321538819179,0.12451644705066002,25.0,25.0,25.0,25.0,25.0,25.0,24.0,9.539,0.0,0.0,1.0,1781028116022634690
1781028116142507028,0.00040069631172626224,57.262084912340015,103.13201386933956,-0.000784469113926256,-0.01440146120184075,-0.00022092106398851933,5.8397204068912135e-8,8.514581501286247e-6,5.8988968184378654e-8,5.327098108630001e-6,2.1801391522697904e-6,6.352487047756537e-7,0.006418680449882051,5.9359120159331145,2.766941130458549,0.38513912614672247,0.320032567346667,0.12451741977195598,25.0,25.0,25.0,25.0,25.0,25.0,24.0,9.539,0.0,0.0,1.0,1781028116142328277
1781028116243760233,0.0004007011750195298,57.26208562188032,103.13201387425995,-0.0007840252357914678,-0.0144012795311008,-0.0002208681297099959,5.8326280898706244e-8,8.514389454447482e-6,5.909184887130693e-8,5.326042926160752e-6,2.1799699644129703e-6,6.351747622798853e-7,0.006432967835858859,5.935911627956423,2.7669386220933654,0.3851414243362957,0.32003284299376145,0.1245180682758516,25.0,25.0,25.0,25.0,25.0,25.0,24.0,9.539,0.0,0.0,1.0,1781028116221609105
1781028116342724599,0.0004007072457599795,57.26208650878367,103.13201388042285,-0.0007834705129626404,-0.01440105246278442,-0.0002208019702863842,5.82367835562775e-8,8.51415395947299e-6,5.9223699072733774e-8,5.324710171335125e-6,2.1797554845714967e-6,6.350850617251711e-7,0.006450827622237628,5.935911142908321,2.7669354865319855,0.3851442971638898,0.32003318755859045,0.12451887893204572,25.0,25.0,25.0,25.0,25.0,25.0,24.0,9.539,0.0,0.0,1.0,1781028116322649024
1781028116444025503,0.00040071330718442354,57.26208739566229,103.13201388659944,-0.0007829159288981332,-0.014400825416826852,-0.00022073582022696256,5.81473023060888e-8,8.51391583006703e-6,5.9355250294061415e-8,5.323376301124845e-6,2.1795401513202675e-6,6.349954067092289e-7,0.006468688034649405,5.935910657777381,2.766932350852376,0.38514717009114297,0.3200335321301496,0.12451968961713453,25.0,25.0,25.0,25.0,25.0,25.0,24.0,9.539,0.0,0.0,1.0,1781028116423370998
1781028116543142960,0.0004007193592715196,57.26208828251609,103.1320138927897,-0.0007823614838147606,-0.014400598393272408,-0.00022066967950125257,5.8057110860403e-8,8.513679557008972e-6,5.948811059667568e-8,5.322034895351609e-6,2.179323386802349e-6,6.349073442391797e-7,0.006486549082015791,5.935910172561746,2.766929215055298,0.3851500431191113,0.32003387670708644,0.12452050033132092,25.0,25.0,25.0,25.0,25.0,25.0,24.0,9.539,0.0,0.0,1.0,1781028116526629483
1781028116642535856,0.0004007254020136502,57.26208916934486,103.13201389899352,-0.0007818071777832438,-0.014400371392139254,-0.000220603548112692,5.7968351139543466e-8,8.513432522353323e-6,5.961460232327206e-8,5.320713911575992e-6,2.179111298361392e-6,6.348145709533831e-7,0.006504410763242237,5.935909687253965,2.7669260791388743,0.38515291624799497,0.3200342212904619,0.12452131107465758,25.0,25.0,25.0,25.0,25.0,25.0,24.0,9.539,0.0,0.0,1.0,1781028116632220875
1781028116742501586,0.0004007314353910284,57.26209005614843,103.13201390521094,-0.0007812530109969358,-0.01440014441346974,-0.00022053742603548977,5.7877217482487386e-8,8.51319707571437e-6,5.97494822858741e-8,5.319359014259024e-6,2.178891467150475e-6,6.347290957861406e-7,0.006522273069643654,5.935909201867944,2.7669229431046753,0.3851557894759842,0.3200345658801738,0.12452212184672766,25.0,25.0,25.0,25.0,25.0,25.0,24.0,9.539,0.0,0.0,1.0,1781028116726301777
1781028116845541523,0.0004007374593935468,57.26209094292666,103.13201391144186,-0.0007806989835605458,-0.014399917457286006,-0.0002204713132649364,5.7787358957635666e-8,8.51295198395696e-6,5.987781870700813e-8,5.3180232277831855e-6,2.178676116474139e-6,6.346391953845032e-7,0.006540136005034855,5.93590871639119,2.7669198069518823,0.3851586628052579,0.3200349104758576,0.12452293264810076,25.0,25.0,25.0,25.0,25.0,25.0,24.0,9.539,0.0,0.0,1.0,1781028116830916438
1781028116945867730,0.000400743474006474,57.26209182967934,103.13201391768617,-0.0007801450956008189,-0.0143996905236166,-0.0002204052097912192,5.769757375016016e-8,8.512703445997892e-6,6.000470509202555e-8,5.316689982151226e-6,2.1784613853867053e-6,6.345486240776242e-7,0.006557999580386327,5.935908230827246,2.7669166706803994,0.3851615362349979,0.32003525507720576,0.12452374347844646,25.0,25.0,25.0,25.0,25.0,25.0,24.0,9.539,0.0,0.0,1.0,1781028116934352840
1781028117044753767,0.0004007482789263327,57.26209253906298,103.13201392269129,-0.0007797020857657022,-0.014399508992918125,-0.00022035233369282128,5.762474738138064e-8,8.51250965164098e-6,6.011017389437042e-8,5.315607838243405e-6,2.1782858806388513e-6,6.344793979604678e-7,0.006572290885376139,5.935907842318109,2.766914161579219,0.3851638350507431,0.3200355307630994,0.1245243921636388,25.0,25.0,25.0,25.0,25.0,25.0,24.0,9.539,0.0,0.0,1.0,1781028117016409423
1781028117143172619,0.0004007664805987545,57.26209331695811,103.13201396916484,-0.0007791289997076546,-0.014399344039481073,-0.00022028265086317429,2.0473055318016386e-7,4.4680523029507975e-6,6.554452457135539e-7,3.963455765042861e-6,6.115709243589748e-7,5.215960586835969e-7,0.006593725544857313,5.935907113152758,2.766910243210378,0.3851672856541802,0.32003601550070426,0.12452536453407093,25.0,25.0,25.0,25.0,25.0,25.0,24.0,9.539,0.0,0.0,1.0,1781028117135974173
1781028117242255107,0.0004007885668303408,57.26209375952337,103.13201404006988,-0.000778721853887604,-0.014399287573840965,-0.0002202293838594436,2.1485679682321605e-7,4.16578312375784e-6,6.884956085722848e-7,3.89030664196864e-6,5.191824671049337e-7,5.063924304459082e-7,0.006611597522441211,5.935906728768679,2.76690717011287,0.3851701445969249,0.3200363172797375,0.12452616778212688,25.0,25.0,25.0,25.0,25.0,25.0,24.0,9.539,0.0,0.0,1.0,1781028117240280287
1781028117343167265,0.0004008110029683616,57.2620941920847,103.1320141119078,-0.0007783169689407087,-0.014399233777018575,-0.00022017676539852807,2.1561873289122949e-7,4.147600782264121e-6,6.901924790294055e-7,3.884980781422551e-6,5.154662396251681e-7,5.045366533295246e-7,0.006629464836818056,5.935906227339717,2.766903986894013,0.3851730094732118,0.3200366742374482,0.12452697305556402,25.0,25.0,25.0,25.0,25.0,25.0,24.0,9.539,0.0,0.0,1.0,1781028117337381315
1781028117444986340,0.0004008289767674437,57.26209453763827,103.1320141694419,-0.0007779933115854929,-0.01439919084236549,-0.00022013473825677996,2.157303410522344e-7,4.146058982144065e-6,6.905725764521827e-7,3.882949619353254e-6,5.150219131854578e-7,5.041720017642782e-7,0.006643758785514398,5.935905820884516,2.7669014353921537,0.3851753017304569,0.3200369621433491,0.1245276173842429,25.0,25.0,25.0,25.0,25.0,25.0,24.0,9.539,0.0,0.0,1.0,1781028117418213803
1781028117543091168,0.0004008514533706259,57.26209496945851,103.13201424139272,-0.0007775889608818774,-0.014399137218696925,-0.00022008223899975407,2.1581437659645447e-7,4.144940364215205e-6,6.908515653283008e-7,3.880702294906537e-6,5.145747928264679e-7,5.038299323077127e-7,0.006661626768374525,5.935905312293791,2.7668982455118423,0.3851781671695037,0.3200373222109377,0.12452842282901952,25.0,25.0,25.0,25.0,25.0,25.0,24.0,9.539,0.0,0.0,1.0,1781028117524431489
1781028117642661147,0.0004008739379894995,57.262095401162355,103.13201431336896,-0.0007771848415303199,-0.014399083641504305,-0.00022002977437352356,2.158874118257994e-7,4.143809530023518e-6,6.910765126413774e-7,3.878489882248853e-6,5.141276174511035e-7,5.035021765340979e-7,0.006679495381259832,5.935904803585356,2.7668950554702563,0.3851810327100815,0.32003768230187213,0.12452922830345618,25.0,25.0,25.0,25.0,25.0,25.0,24.0,9.539,0.0,0.0,1.0,1781028117624621802
1781028117742488100,0.00040089643025000054,57.262095832745885,103.13201438536696,-0.0007767809495701888,-0.014399030110254335,-0.0002199773444025888,2.1596049558345133e-7,4.142640834360203e-6,6.912767568085169e-7,3.876318099423105e-6,5.136890189915898e-7,5.031677375054245e-7,0.006697364635235496,5.935904294780979,2.766891865300004,0.3851838983525036,0.3200380424000365,0.1245300338075877,25.0,25.0,25.0,25.0,25.0,25.0,24.0,9.539,0.0,0.0,1.0,1781028117724804585
1781028117842855671,0.000400918930061722,57.262096264207536,103.13201445738576,-0.0007763772841895561,-0.01439897662476328,-0.00021992494917358465,2.1603291829822125e-7,4.141468667334797e-6,6.914757677431445e-7,3.874143300447301e-6,5.132498902176788e-7,5.028340820742633e-7,0.006715234522910042,5.9359037858856265,2.766888674999906,0.38518676409608354,0.3200384025085028,0.1245308393413725,25.0,25.0,25.0,25.0,25.0,25.0,24.0,9.539,0.0,0.0,1.0,1781028117825768782
1781028117942410558,0.0004009459397475862,57.262096781800075,103.13201454383542,-0.0007758931847329252,-0.014398912502482734,-0.00021986212077711385,2.16119223307977e-7,4.14005849082067e-6,6.917105497069293e-7,3.871535452584107e-6,5.127244392500094e-7,5.024333836863227e-7,0.006736679246779367,5.935903175091554,2.766884846468215,0.38519020312139574,0.3200388346492173,0.12453180602067528,25.0,25.0,25.0,25.0,25.0,25.0,24.0,9.539,0.0,0.0,1.0,1781028117940444089
1781028118045616292,0.0004009639521828773,57.26209712676386,103.13201460148488,-0.0007755706330675741,-0.0143988697908234,-0.00021982026297088177,2.16176243919585e-7,4.139119498133088e-6,6.918680403913626e-7,3.8697918593840574e-6,5.123732246931638e-7,5.021672794057201e-7,0.00675097623873189,5.935902767824614,2.7668822940113142,0.3851924958856274,0.320039122750042,0.12453245049715846,25.0,25.0,25.0,25.0,25.0,25.0,24.0,9.539,0.0,0.0,1.0,1781028118021311367
1781028118143230627,0.0004009864744287857,57.262097557858354,103.132014673565,-0.0007751676474936213,-0.014398816442304656,-0.0002197679719810454,2.1624726698219238e-7,4.137944923974058e-6,6.920641667626493e-7,3.867610084175656e-6,5.119341789891135e-7,5.018349510567289e-7,0.00676884804697836,5.935902258662044,2.7668791033231512,0.38519536193126547,0.32003948288423223,0.12453325611924423,25.0,25.0,25.0,25.0,25.0,25.0,24.0,9.539,0.0,0.0,1.0,1781028118126818139
1781028118242495013,0.0004010090040908445,57.26209798883035,103.13201474566536,-0.0007747648887491157,-0.01439876313938256,-0.00021971571571187905,2.1631917390355205e-7,4.136764083192055e-6,6.922552502612139e-7,3.865443953694868e-6,5.114992037455111e-7,5.014990721938244e-7,0.006786720502416784,5.935901749404022,2.766875912506866,0.3851982280791053,0.3200398430264998,0.12453406177114731,25.0,25.0,25.0,25.0,25.0,25.0,24.0,9.539,0.0,0.0,1.0,1781028118221119541
1781028118342310426,0.0004010360494298526,57.26209850583499,103.13201483221248,-0.000774281877904425,-0.014398699236040416,-0.00021965305398843297,2.164036276068504e-7,4.135354309502439e-6,6.92489151942235e-7,3.862821144704342e-6,5.109726124495961e-7,5.011009093637213e-7,0.006808168284140411,5.935901138181916,2.766872083356236,0.38520166758855434,0.3200402752089504,0.12453502859211513,25.0,25.0,25.0,25.0,25.0,25.0,24.0,9.539,0.0,0.0,1.0,1781028118341804324
1781028118443781779,0.0004010540855395618,57.26209885040667,103.13201488992668,-0.0007739600523433651,-0.014398656670245384,-0.0002196113072582473,2.164610102860944e-7,4.134407352553739e-6,6.926391544711367e-7,3.861091456219239e-6,5.106264486081492e-7,5.008312598036094e-7,0.006822467319273194,5.9359007306223015,2.766869530485267,0.3852039606767173,0.3200405633375148,0.12453567316334116,25.0,25.0,25.0,25.0,25.0,25.0,24.0,9.539,0.0,0.0,1.0,1781028118422264942
1781028118542373993,0.0004010811484875925,57.26209936711712,103.13201497652196,-0.0007734775867509687,-0.014398592876183832,-0.00021954872875551852,2.165452154495441e-7,4.132993653142596e-6,6.928691255871963e-7,3.858475159512651e-6,5.101026787527072e-7,5.004316076919772e-7,0.0068439166483927425,5.935900119179163,2.7668657010224584,0.3852074004287218,0.3200409955414986,0.12453664005515644,25.0,25.0,25.0,25.0,25.0,25.0,24.0,9.539,0.0,0.0,1.0,1781028118542089572
1781028118644542352,0.0004010991962868149,57.262099711492645,103.13201503426818,-0.0007731561249876194,-0.014398550383219263,-0.0002195070374647885,2.1659967131031075e-7,4.132063019287971e-6,6.930302307344152e-7,3.856703431435715e-6,5.097478142515657e-7,5.001708325487719e-7,0.0068582167035634994,5.935899711483466,2.7668631479450374,0.3852096936772347,0.32004128368426454,0.12453728467331251,25.0,25.0,25.0,25.0,25.0,25.0,24.0,9.539,0.0,0.0,1.0,1781028118623310263
1781028118743131766,0.00040112176257578935,57.262100141851654,103.13201510646886,-0.0007727545025232646,-0.014398497307933505,-0.00021945495452824543,2.1666812960033466e-7,4.130892706630384e-6,6.932260739707208e-7,3.8545006558967636e-6,5.093072275307237e-7,4.99842335316112e-7,0.0068760923517658225,5.935899201782838,2.7668599564813907,0.3852125603285356,0.3200416438706285,0.12453809047250892,25.0,25.0,25.0,25.0,25.0,25.0,24.0,9.539,0.0,0.0,1.0,1781028118723821421
1781028118843546315,0.0004011443361101745,57.262100572087945,103.13201517868934,-0.0007723531076326907,-0.01439844427807658,-0.00021940290622956383,2.1673953641984885e-7,4.1297013955571034e-6,6.934068959560693e-7,3.852346402214769e-6,5.08878460803239e-7,4.995031253894137e-7,0.006893968646756823,5.935898691980111,2.7668567648876463,0.38521542708273776,0.32004200406482297,0.12453889630171988,25.0,25.0,25.0,25.0,25.0,25.0,24.0,9.539,0.0,0.0,1.0,1781028118828448984
1781028118943814385,0.00040116691685329375,57.26210100220152,103.13201525092964,-0.000771951940558499,-0.014398391293653293,-0.00021935089252692644,2.1680810410356013e-7,4.1285245290464825e-6,6.935979003973503e-7,3.850152171024374e-6,5.084406893508392e-7,4.991725535036868e-7,0.006911845577392713,5.935898182097759,2.766853573164709,0.3852182939359286,0.32004236426863475,0.12453970215994524,25.0,25.0,25.0,25.0,25.0,25.0,24.0,9.539,0.0,0.0,1.0,1781028118927931763
1781028119043534200,0.0004011895047807607,57.262101432192345,103.13201532318958,-0.0007715510013844203,-0.014398338354621612,-0.0002192989134162169,2.16877367825573e-7,4.1273431335593585e-6,6.937848918026867e-7,3.8479697386645325e-6,5.080064577144764e-7,4.988391863165056e-7,0.0069297231453389315,5.935897672119705,2.766850381312245,0.3852211608913896,0.32004272448086407,0.12454050804807552,25.0,25.0,25.0,25.0,25.0,25.0,24.0,9.539,0.0,0.0,1.0,1781028119029806663
1781028119142798565,0.0004012120998599227,57.262101862060405,103.13201539546924,-0.0007711502903223456,-0.014398285460976795,-0.0002192469688640657,2.1694528189908527e-7,4.126169983593274e-6,6.939755779367186e-7,3.845770710790013e-6,5.075690830506384e-7,4.985094582612096e-7,0.006947601364424389,5.9358971620535375,2.766847189330595,0.3852240279477949,0.320043084701682,0.12454131396566304,25.0,25.0,25.0,25.0,25.0,25.0,24.0,9.54,0.0,0.0,1.0,1781028119132519798
1781028119242383267,0.00040123470207308374,57.26210229180565,103.13201546776838,-0.000770749807373177,-0.01439823261266226,-0.0002191950588844331,2.1701399914651686e-7,4.124987609079045e-6,6.941615466067819e-7,3.843585612662941e-6,5.071352422684162e-7,4.981764451172864e-7,0.006965480217861716,5.935896651896416,2.7668439972186345,0.38522689510510233,0.3200434449312746,0.12454211991280915,25.0,25.0,25.0,25.0,25.0,25.0,24.0,9.54,0.0,0.0,1.0,1781028119239844863
1781028119343068503,0.0004012573113895654,57.262102721428015,103.13201554008704,-0.0007703495527102586,-0.014398179809662584,-0.0002191431834518419,2.170824082590776e-7,4.123807424667319e-6,6.943478775535544e-7,3.841395127617361e-6,5.067004703120318e-7,4.978443452592349e-7,0.006983359701371104,5.9358961416512805,2.7668408049784947,0.3852297623635525,0.320043805169851,0.12454292588962938,25.0,25.0,25.0,25.0,25.0,25.0,24.0,9.54,0.0,0.0,1.0,1781028119332110979
1781028119442366358,0.0004012799277793554,57.26210315092754,103.1320156124251,-0.0007699495265208813,-0.01439812705196384,-0.0002190913425386684,2.1714986525209481e-7,4.1226274658078595e-6,6.945336358296539e-7,3.839200028516411e-6,5.062655601859381e-7,4.975134167526494e-7,0.0070012398414450025,5.9358956313159865,2.766837612607492,0.3852326297225248,0.32004416541636055,0.12454373189571095,25.0,25.0,25.0,25.0,25.0,25.0,24.0,9.54,0.0,0.0,1.0,1781028119439309051
1781028119543273512,0.0004013025512194526,57.26210358030416,103.1320156847825,-0.0007695497288984374,-0.014398074339529335,-0.00021903953613853827,2.1721688489399521e-7,4.1214539416300264e-6,6.947239526982589e-7,3.8369933712417005e-6,5.058283484995146e-7,4.971846541063509e-7,0.00701912061773595,5.93589512088995,2.766834420107398,0.38523549718331895,0.3200445256724693,0.12454453793161643,25.0,25.0,25.0,25.0,25.0,25.0,24.0,9.54,0.0,0.0,1.0,1781028119536274650
1781028119642909144,0.0004013206550318394,57.26210392371692,103.13201574268231,-0.0007692300554041209,-0.014398032202144945,-0.0002189981158681044,2.1727156173808602e-7,4.1205033325754416e-6,6.948670062732928e-7,3.8352501631597675e-6,5.054842766054009e-7,4.969167544631979e-7,0.007033425694889849,5.935894712481455,2.766831866013732,0.3852377912248725,0.3200448138830087,0.12454518278170458,25.0,25.0,25.0,25.0,25.0,25.0,24.0,9.54,0.0,0.0,1.0,1781028119618544973
1781028119742353384,0.0004013478191467326,57.26210443868855,103.13201582955509,-0.0007687508197948454,-0.014397969050338374,-0.0002189360268307818,2.1735168126162665e-7,4.119089391611809e-6,6.950892418375665e-7,3.832608333075507e-6,5.049624308842078e-7,4.965207478472782e-7,0.007054884088621629,5.9358940997643845,2.7668280347181846,0.3852412324082015,0.3200452462092824,0.12454615009215382,25.0,25.0,25.0,25.0,25.0,25.0,24.0,9.54,0.0,0.0,1.0,1781028119738570892
1781028119845584352,0.0004013659341396732,57.262104781904576,103.13201588748557,-0.0007684315125017106,-0.014397926985277696,-0.00021889466172352056,2.1740531151376058e-7,4.118143428355826e-6,6.952351618420817e-7,3.830852395217537e-6,5.046160381231917e-7,4.962555221413277e-7,0.0070691901983909984,5.935893691213455,2.766825480416082,0.3852435266110107,0.32004553443449496,0.1245467949893748,25.0,25.0,25.0,25.0,25.0,25.0,24.0,9.54,0.0,0.0,1.0,1781028119820246078
1781028119943164289,0.0004013931149663417,57.26210529658102,103.13201597440418,-0.0007679528264903771,-0.014397863941890606,-0.0002188326553992626,2.1748414135033198e-7,4.11673339649967e-6,6.954598535161346e-7,3.828194868902574e-6,5.040917309531816e-7,4.958625246566559e-7,0.007090650118904878,5.935893078283458,2.766821648808284,0.38524696803637054,0.3200459667829025,0.12454776237074608,25.0,25.0,25.0,25.0,25.0,25.0,24.0,9.54,0.0,0.0,1.0,1781028119938162656
1781028120043552571,0.0004014112410607278,57.26210563960021,103.13201603236512,-0.0007676338857810425,-0.01439782194906172,-0.00021879134541374,2.1753826085501707e-7,4.115780604749251e-6,6.956001647586456e-7,3.82645155036897e-6,5.037491859831138e-7,4.955943660902614e-7,0.007104957256298562,5.935892669586464,2.766819094299946,0.385249262401728,0.32004625502087203,0.12454840731548168,25.0,25.0,25.0,25.0,25.0,25.0,24.0,9.54,0.0,0.0,1.0,1781028120019238580
1781028120142486094,0.000401438438480321,57.262106153981286,103.13201611932922,-0.0007671557499293702,-0.014397759013954048,-0.00021872942174201203,2.176171251527741e-7,4.114366906101799e-6,6.958202674935001e-7,3.823801021042132e-6,5.032278353595951e-7,4.9519961386422e-7,0.007126418732150942,5.935892056436661,2.7668152623822975,0.3852527040707029,0.32004668738865616,0.12454937476795742,25.0,25.0,25.0,25.0,25.0,25.0,24.0,9.54,0.0,0.0,1.0,1781028120138769237
1781028120242525681,0.00040145657559789266,57.26210649680353,103.13201617732038,-0.0007668371762102253,-0.01439771709327149,-0.00021868816683289104,2.1767088051811426e-7,4.113415227001578e-6,6.959602763119289e-7,3.822053572156045e-6,5.028851433463345e-7,4.949320520311498e-7,0.007140726891391393,5.935891647595305,2.7668127076651663,0.38525499859794937,0.3200469756413894,0.124550019760101,25.0,25.0,25.0,25.0,25.0,25.0,24.0,9.54,0.0,0.0,1.0,1781028120221081567
1781028120342729248,0.00040148378949288616,57.262107010889174,103.13201626432964,-0.0007663595911571619,-0.01439765426631857,-0.00021862632573863453,2.1774942925452958e-7,4.111999807685497e-6,6.961787327870989e-7,3.819403466058072e-6,5.023651293520854e-7,4.945368820206926e-7,0.007162189894119717,5.935891034227741,2.7668088754350064,0.3852584405101812,0.32004740803131565,0.12455098728386442,25.0,25.0,25.0,25.0,25.0,25.0,24.0,9.54,0.0,0.0,1.0,1781028120342534902
1781028120445669974,0.000401501937553276,57.26210735351441,103.13201632235078,-0.0007660413848451109,-0.0143976124176987,-0.00021858512585580403,2.178011084817413e-7,4.1110551142201565e-6,6.96323083815293e-7,3.817631873581009e-6,5.020178769921997e-7,4.94274510499942e-7,0.007176499083519602,5.93589062524781,2.7668063205100566,0.3852607351977796,0.32004769629764457,0.1245516323228758,25.0,25.0,25.0,25.0,25.0,25.0,24.0,9.54,0.0,0.0,1.0,1781028120420592191
1781028120542764807,0.0004015246287570104,57.262107781685096,103.13201639489398,-0.0007656438337698377,-0.014397560147419962,-0.00021853365694166,2.1786778371988706e-7,4.109865462209923e-6,6.964967256388515e-7,3.8154440922274345e-6,5.01590353477615e-7,4.939403385660354e-7,0.007194386138157695,5.935890113933461,2.7668031267382527,0.3852636036509738,0.32004805663823394,0.12455243864912768,25.0,25.0,25.0,25.0,25.0,25.0,24.0,9.54,0.0,0.0,1.0,1781028120526128297
1781028120643088335,0.0004015473267437814,57.26210820973257,103.13201646745576,-0.0007652465125976599,-0.014397507922107047,-0.0002184822223906747,2.179326803632797e-7,4.108681813026673e-6,6.966744240836402e-7,3.8132364851918062e-6,5.011588360358441e-7,4.936105288867267e-7,0.007212273833008515,5.935889602533305,2.766799932835747,0.3852664722042359,0.3200484169884852,0.12455324500468362,25.0,25.0,25.0,25.0,25.0,25.0,24.0,9.54,0.0,0.0,1.0,1781028120626508351
1781028120743160499,0.000401574573249652,57.262108723226895,103.13201655455433,-0.0007647700308900496,-0.014397445311063024,-0.0002184205462597232,2.1800972123723505e-7,4.1072680000714375e-6,6.968912511971814e-7,3.810573774966012e-6,5.006386626869534e-7,4.932174842687349e-7,0.007233739922887549,5.9358889887342645,2.766796099981452,0.38526991460196025,0.32004884941966655,0.1245542126704195,25.0,25.0,25.0,25.0,25.0,25.0,24.0,9.54,0.0,0.0,1.0,1781028120743011026
1781028120842856201,0.0004015927429770104,57.26210906545783,103.13201661263471,-0.0007644525605266143,-0.0143974036062921,-0.00021837945631112,2.180615633156797e-7,4.106319750226871e-6,6.97031132645499e-7,3.8088095242287024e-6,5.002948048870327e-7,4.929530416186859e-7,0.007248051170928784,5.935888579462161,2.766793544642528,0.3852722096149825,0.32004913771292665,0.12455485780459016,25.0,25.0,25.0,25.0,25.0,25.0,24.0,9.54,0.0,0.0,1.0,1781028120826595561
1781028120942711537,0.0004016154611762628,57.26210949313558,103.13201668525184,-0.0007640559298865878,-0.014397351515735237,-0.00021832812475210508,2.1812482460420218e-7,4.105144662381665e-6,6.97212643810884e-7,3.806580671193407e-6,4.998599827930396e-7,4.926274758786608e-7,0.007265940794168907,5.935888067793407,2.7667903503501163,0.3852750784719352,0.3200494980894211,0.12455566424897951,25.0,25.0,25.0,25.0,25.0,25.0,24.0,9.54,0.0,0.0,1.0,1781028120923437789
1781028121042656901,0.00040163818607639865,57.26210992068998,103.13201675788716,-0.0007636595295235492,-0.014397299470008089,-0.00021827682752819684,2.181905405727684e-7,4.1039494921243954e-6,6.973804434314887e-7,3.8043923075696454e-6,4.994348861515519e-7,4.922929175892815e-7,0.00728383106122692,5.935887556027152,2.766787155927101,0.385277947430594,0.3200498584742323,0.12455647072310128,25.0,25.0,25.0,25.0,25.0,25.0,24.0,9.54,0.0,0.0,1.0,1781028121027308991
1781028121142630399,0.00040166091764213337,57.26211034812108,103.13201683054076,-0.0007632633597517447,-0.014397247469128358,-0.00021822556458349896,2.1825448762490995e-7,4.102764965321203e-6,6.975543091077427e-7,3.8021798204511847e-6,4.990049059830539e-7,4.919635238183583e-7,0.007301721970290132,5.9358870441766385,2.7667839613745357,0.385280816490458,0.32005021886743973,0.12455727722685496,25.0,25.0,25.0,25.0,25.0,25.0,24.0,9.54,0.0,0.0,1.0,1781028121124479949
1781028121242850818,0.00040168365585826094,57.262110775428816,103.13201690321246,-0.0007628674206003456,-0.014397195513044298,-0.00021817433592591628,2.1831734941837078e-7,4.101585145766699e-6,6.977317895991203e-7,3.7999519628879616e-6,4.985717327597353e-7,4.916373661472892e-7,0.007319613523241022,5.935886532239804,2.766780766693037,0.3852836856508146,0.3200505792691242,0.12455808375999523,25.0,25.0,25.0,25.0,25.0,25.0,24.0,9.54,0.0,0.0,1.0,1781028121225426939
1781028121343214344,0.0004017064007003873,57.262111202613205,103.13201697590226,-0.0007624717122234546,-0.01439714360173608,-0.0002181231415334812,2.1838150366936218e-7,4.100397739459664e-6,6.979025811578464e-7,3.79774590063594e-6,4.981445484335254e-7,4.913062999629089e-7,0.007337505722520429,5.935886020202562,2.76677757188022,0.3852865549141761,0.3200509396794787,0.12455889032321954,25.0,25.0,25.0,25.0,25.0,25.0,24.0,9.54,0.0,0.0,1.0,1781028121325124870
1781028121442930226,0.0004017291521486173,57.26211162967416,103.13201704861004,-0.0007620762347004202,-0.014397091735167351,-0.00021807198140265545,2.1844465379687733e-7,4.099215331676568e-6,6.980763300747033e-7,3.795524550572622e-6,4.977140837037167e-7,4.909784029993779e-7,0.007355398559387397,5.935885508082018,2.7667743769382587,0.3852894242776608,0.32005130009856064,0.12455969691578632,25.0,25.0,25.0,25.0,25.0,25.0,24.0,9.54,0.0,0.0,1.0,1781028121430402913
1781028121542611518,0.0004017519101827549,57.2621120566117,103.13201712133576,-0.0007616809881550373,-0.01439703991330874,-0.00021802085552040463,2.1850825237639058e-7,4.098026509279974e-6,6.982459551947012e-7,3.7933137207720193e-6,4.972865686169031e-7,4.906480704158363e-7,0.007373292034133145,5.935884995869899,2.766771181866679,0.3852922937431472,0.3200516605260887,0.12456050353824996,25.0,25.0,25.0,25.0,25.0,25.0,24.0,9.54,0.0,0.0,1.0,1781028121529040595
1781028121644560435,0.000401774674776691,57.262112483425796,103.13201719407934,-0.0007612859727279993,-0.01439698813613984,-0.00021796976386519732,2.1857002643568042e-7,4.096846312182914e-6,6.984209723053234e-7,3.791079952152192e-6,4.968541962403255e-7,4.903228341804221e-7,0.007391186160195934,5.935884483572173,2.7667679866632637,0.3852951633085862,0.32005202096300983,0.12456131018991495,25.0,25.0,25.0,25.0,25.0,25.0,24.0,9.54,0.0,0.0,1.0,1781028121633585747
1781028121743100196,0.0004017974459137456,57.26211291011641,103.1320172668407,-0.0007608911885135639,-0.014396936403621954,-0.00021791870643391676,2.1863300577610602e-7,4.0956596700443244e-6,6.985897468994965e-7,3.788864487777915e-6,4.964269434483277e-7,4.899933429502682e-7,0.007409080929418474,5.935883971175887,2.766764791329981,0.3852980329770763,0.3200523814082689,0.12456211687170302,25.0,25.0,25.0,25.0,25.0,25.0,24.0,9.54,0.0,0.0,1.0,1781028121728952508
1781028121842525686,0.0004018202235738488,57.26211333668352,103.13201733961976,-0.0007604966356065608,-0.014396884715726524,-0.00021786768321621104,2.186961256138075e-7,4.094470562555186e-6,6.987578615357559e-7,3.7866500802100983e-6,4.960000330252595e-7,4.896634101343407e-7,0.007426976335326587,5.935883458692399,2.766761595866764,0.3853009027463295,0.320052741862525,0.12456292358303692,25.0,25.0,25.0,25.0,25.0,25.0,24.0,9.54,0.0,0.0,1.0,1781028121831364833
1781028121943182478,0.0004018430077313001,57.26211376312714,103.13201741241652,-0.0007601023142096171,-0.014396833072439278,-0.00021781669418215256,2.187583030724141e-7,4.093285852857676e-6,6.989266500605798e-7,3.7844270347857304e-6,4.955719839022715e-7,4.89335404858014e-7,0.007444872393375256,5.935882946118974,2.766758400273794,0.38530377261737647,0.3200531023247336,0.12456373032409251,25.0,25.0,25.0,25.0,25.0,25.0,24.0,9.54,0.0,0.0,1.0,1781028121935930135
1781028122044545132,0.0004018657983693294,57.26211418944718,103.13201748523078,-0.0007597082243304567,-0.01439678147371015,-0.00021776573934112784,2.188195326201213e-7,4.092103957512723e-6,6.990987459955692e-7,3.7821910993384815e-6,4.951415730749444e-7,4.890099499583007e-7,0.007462769080801028,5.93588243345795,2.7667552045496184,0.3853066425888549,0.32005346279643115,0.12456453709464614,25.0,25.0,25.0,25.0,25.0,25.0,24.0,9.54,0.0,0.0,1.0,1781028122036081934
1781028122142452964,0.0004018885954674692,57.26211461564369,103.13201755806256,-0.0007593143661382043,-0.01439672991952009,-0.0002177148186706476,2.188820214283195e-7,4.09091679802267e-6,6.992655645146412e-7,3.77997140846284e-6,4.947152175553932e-7,4.886807680246656e-7,0.007480666417114411,5.935881920702767,2.7667520086962103,0.38530951266321656,0.32005382327633786,0.12456534389525908,25.0,25.0,25.0,25.0,25.0,25.0,24.0,9.54,0.0,0.0,1.0,1781028122132273924
1781028122243182038,0.0004019113990039527,57.26211504171662,103.13201763091178,-0.0007589207397601496,-0.014396678409842668,-0.00021766393215496825,2.1894364071510957e-7,4.089730846476769e-6,6.9943319365041e-7,3.7777445030346903e-6,4.94287686473014e-7,4.883532168921011e-7,0.007498564399830959,5.935881407859081,2.7667488127112057,0.3853123828378143,0.32005418376535805,0.12456615072519364,25.0,25.0,25.0,25.0,25.0,25.0,24.0,9.54,0.0,0.0,1.0,1781028122237119983
1781028122343099432,0.00040193420896036784,57.26211546766591,103.13201770377836,-0.0007585273452439849,-0.01439662694463575,-0.0002176130797954499,2.190055828095637e-7,4.088540252943147e-6,6.995963349945985e-7,3.775526553696768e-6,4.938629106936631e-7,4.880236368890632e-7,0.007516463029362219,5.935880894923222,2.7667456165962294,0.3853152531146169,0.32005454426265256,0.12456695758501436,25.0,25.0,25.0,25.0,25.0,25.0,24.0,9.54,0.0,0.0,1.0,1781028122333259164
1781028122442724838,0.0004019570253159072,57.26211589349157,103.1320177766622,-0.0007581341827581999,-0.014396575523879431,-0.00021756226156973343,2.1906637868056446e-7,4.087358798262648e-6,6.997657879245608e-7,3.7732874484470696e-6,4.934338733115355e-7,4.876982813071394e-7,0.007534362290571241,5.935880381899374,2.7667424203520903,0.3853181234926894,0.3200549047686146,0.12456776447454776,25.0,25.0,25.0,25.0,25.0,25.0,24.0,9.54,0.0,0.0,1.0,1781028122438665273
1781028122542980238,0.0004019798480511379,57.2621163191936,103.13201784956328,-0.0007577412524027536,-0.014396524147542066,-0.0002175114774681423,2.191272723163495e-7,4.0861704789560755e-6,6.999300250123506e-7,3.771058196388826e-6,4.930074890019854e-7,4.87370972816498e-7,0.007552262210636385,5.935879868785411,2.766739223976091,0.3853209939716316,0.3200552652832991,0.12456857139349736,25.0,25.0,25.0,25.0,25.0,25.0,24.0,9.54,0.0,0.0,1.0,1781028122535010868
1781028122646383164,0.0004020026771478194,57.26211674477192,103.13201792248148,-0.0007573485542504825,-0.014396472815585011,-0.00021746072748655287,2.1918855923517534e-7,4.084980650539009e-6,7.00092373234252e-7,3.768833606126108e-6,4.925827331601155e-7,4.870423477462725e-7,0.007570162760592173,5.935879355578813,2.7667360274699173,0.3853238645526588,0.3200556258071963,0.12456937834243952,25.0,25.0,25.0,25.0,25.0,25.0,24.0,9.54,0.0,0.0,1.0,1781028122645504907
1781028122742702034,0.00040202551258192463,57.2621171702266,103.13201799541676,-0.0007569560885118773,-0.014396421528001689,-0.000217410011592081,2.1924909325396666e-7,4.0837970459755405e-6,7.002584955799109e-7,3.7665968066077234e-6,4.921559152025895e-7,4.867162092462764e-7,0.007588063956192807,5.935878842282955,2.7667328308336754,0.38532673523545935,0.3200559863392484,0.12457018532114264,25.0,25.0,25.0,25.0,25.0,25.0,24.0,9.54,0.0,0.0,1.0,1781028122740023039
1781028122843559410,0.0004020437854853423,57.26211751050124,103.13201805377722,-0.0007566422832284022,-0.01439638052983979,-0.00021736946343440524,2.1929791468757086e-7,4.0828438241044085e-6,7.003871671591772e-7,3.76481528622063e-6,4.918162559627518e-7,4.864534724722879e-7,0.007602385369976301,5.935878431583884,2.7667302734315347,0.3853290318543291,0.32005627477115306,0.1245708309254259,25.0,25.0,25.0,25.0,25.0,25.0,24.0,9.54,0.0,0.0,1.0,1781028122824614869
1781028122942870114,0.00040207120240081865,57.26211802076474,103.1320181413382,-0.0007561718544290118,-0.01439631908576717,-0.00021730868208119888,2.1936958747165221e-7,4.081423888634212e-6,7.00585880124712e-7,3.762123471909524e-6,4.9130328439096e-7,4.8606368281734e-7,0.00762386828242692,5.9358778154246945,2.766726437169765,0.38533247690432026,0.3200567074300292,0.12457179936732234,25.0,25.0,25.0,25.0,25.0,25.0,24.0,9.54,0.0,0.0,1.0,1781028122941333400
1781028123042725418,0.0004020894853750932,57.26211836084139,103.13201819972574,-0.0007558584213420318,-0.014396278158466017,-0.00021726818843826045,2.1941777868952794e-7,4.0804736926454315e-6,7.007144872928928e-7,3.760335335716718e-6,4.909633943729943e-7,4.858022006506507e-7,0.00763819073208942,5.935877404579394,2.766723879558912,0.38533477368590313,0.32005699587507985,0.12457244501916394,25.0,25.0,25.0,25.0,25.0,25.0,24.0,9.54,0.0,0.0,1.0,1781028123040388806
1781028123142233102,0.0004021123447339644,57.26211878582583,103.1320182727252,-0.0007554668394560811,-0.01439622703915078,-0.0002172176020399775,2.1947836946444785e-7,4.079282881749511e-6,7.008740655075242e-7,3.7581070705525222e-6,4.905401329833843e-7,4.854738173724663e-7,0.007656094375005165,5.9358768909390704,2.7667206824261723,0.3853376447544878,0.3200573564410371,0.1245732521108216,25.0,25.0,25.0,25.0,25.0,25.0,24.0,9.54,0.0,0.0,1.0,1781028123133306398
1781028123244715537,0.0004021352103426844,57.26211921068644,103.13201834574136,-0.0007550754904277017,-0.014396175964044116,-0.0002171670496910328,2.195396054943988e-7,4.07808528632318e-6,7.010280773991249e-7,3.755892606984503e-6,4.901209175862367e-7,4.85142310893636e-7,0.007673998664629223,5.935876377206518,2.7667174851642673,0.3853405159252809,0.3200577170138567,0.12457405923233274,25.0,25.0,25.0,25.0,25.0,25.0,24.0,9.54,0.0,0.0,1.0,1781028123237996551
1781028123343192418,0.0004021580821800918,57.262119635423275,103.13201841877424,-0.0007546843744174295,-0.014396124933129617,-0.00021711653136893225,2.1959770512160658e-7,4.076905327597278e-6,7.011942072081388e-7,3.753631300999555e-6,4.896912701339642e-7,4.848209384990907e-7,0.007691903591033511,5.935875863394066,2.7667142877704096,0.3853433871950842,0.3200580775969473,0.12457486638292664,25.0,25.0,25.0,25.0,25.0,25.0,24.0,9.54,0.0,0.0,1.0,1781028123333425277
1781028123444572560,0.000402180960231224,57.26212006003628,103.13201849182369,-0.0007542934914793601,-0.01439607394636128,-0.00021706604707429265,2.1965743822765413e-7,4.075717235051015e-6,7.0135326082945e-7,3.751395099125333e-6,4.892679842554032e-7,4.844939502128884e-7,0.007709809172250788,5.935875349482731,2.7667110902470107,0.3853462585688161,0.32005843818792107,0.12457567356384888,25.0,25.0,25.0,25.0,25.0,25.0,24.0,9.54,0.0,0.0,1.0,1781028123439807841
1781028123542800391,0.0004022038444794153,57.26212048452541,103.13201856488963,-0.0007539028417077993,-0.01439602300370726,-0.00021701559679993348,2.197174794561485e-7,4.074523967213099e-6,7.015075898045318e-7,3.749165804733331e-6,4.88847067289067e-7,4.84165249882089e-7,0.007727715388813213,5.935874835479961,2.766707892592008,0.38534913004360344,0.3200587987878127,0.1245764807744074,25.0,25.0,25.0,25.0,25.0,25.0,24.0,9.54,0.0,0.0,1.0,1781028123539614645
1781028123647735207,0.0004022267349024594,57.262120908890694,103.132018637972,-0.0007535124252259578,-0.01439597210514025,-0.00021696518052807392,2.1977582679079414e-7,4.073339031719501e-6,7.01668610786633e-7,3.7469132648225993e-6,4.884208326694187e-7,4.838416577150689e-7,0.007745622253785174,5.935874321394207,2.766704694807012,0.3853520016190683,0.32005915939684065,0.12457728801445146,25.0,25.0,25.0,25.0,25.0,25.0,24.0,9.54,0.0,0.0,1.0,1781028123643563302
1781028123748930393,0.0004022496314837204,57.262121333132086,103.13201871107074,-0.0007531222421556916,-0.01439592125063339,-0.00021691479824617523,2.1983522611564274e-7,4.072149021919385e-6,7.018248602751318e-7,3.744676202436339e-6,4.879989929213605e-7,4.835144611945505e-7,0.007763529761294825,5.935873807212426,2.7667014968917747,0.3853548732975793,0.3200595200139815,0.12457809528465084,25.0,25.0,25.0,25.0,25.0,25.0,24.0,9.54,0.0,0.0,1.0,1781028123737007134
1781028123848638691,0.0004022679531729264,57.26212167243598,103.13201876956148,-0.0007528102637847358,-0.01439588059871961,-0.0002168745168950683,2.198824475625176e-7,4.071194479484823e-6,7.019480263441398e-7,3.742885977805992e-6,4.876618138898662e-7,4.83252773119947e-7,0.007777856230902326,5.935873395803158,2.7666989384649523,0.3853571707128101,0.32005980851361077,0.12457874112201536,25.0,25.0,25.0,25.0,25.0,25.0,24.0,9.54,0.0,0.0,1.0,1781028123822661286
1781028123948293533,0.0004022954430528782,57.26212218124312,103.13201885731702,-0.0007523425765797375,-0.014395819673651956,-0.0002168141356272567,2.1995299164725637e-7,4.069767659852913e-6,7.021349611247706e-7,3.740195120914836e-6,4.871554669801875e-7,4.828613137262052e-7,0.007799346718279719,5.935872778578523,2.76669510066814,0.3853606169583174,0.32006024127378707,0.1245797099139017,25.0,25.0,25.0,25.0,25.0,25.0,24.0,9.54,0.0,0.0,1.0,1781028123947786461
1781028124048525781,0.0004023183580023965,57.26212260511276,103.13201893046444,-0.0007519530943289279,-0.014395768951127486,-0.00021676385525781617,2.200116995369109e-7,4.068576160623926e-6,7.022883138702911e-7,3.737956254431924e-6,4.867347495905514e-7,4.825343634218515e-7,0.007817256165207813,5.935872264125345,2.7666919023598315,0.3853634889414236,0.32006060191725666,0.1245805172732561,25.0,25.0,25.0,25.0,25.0,25.0,24.0,9.54,0.0,0.0,1.0,1781028124046228365
1781028124149051108,0.0004023412790419356,57.26212302885841,103.1320190036279,-0.0007515638458406276,-0.014395718272522435,-0.0002167136088496639,2.2006989253700427e-7,4.06738786623707e-6,7.024438141535489e-7,3.7357057255557887e-6,4.863119865537148e-7,4.82209491203483e-7,0.007835166241773129,5.935871749585789,2.7666887039214507,0.38536636102563737,0.3200609625692406,0.12458132466232484,25.0,25.0,25.0,25.0,25.0,25.0,24.0,9.54,0.0,0.0,1.0,1781028124142307781
1781028124249038398,0.00040236420615054574,57.26212345248008,103.1320190768074,-0.0007511748312781573,-0.01439566763781973,-0.0002166633963772783,2.2012769831698918e-7,4.066199250045985e-6,7.025983682452783e-7,3.733455255149912e-6,4.858895529030724e-7,4.818847776424569e-7,0.007853076976021266,5.935871234955056,2.766685505352694,0.3853692332116074,0.3200613232297664,0.1245821320810942,25.0,25.0,25.0,25.0,25.0,25.0,24.0,9.54,0.0,0.0,1.0,1781028124247071663
1781028124348483638,0.0004023825521984575,57.26212379128814,103.13201913536246,-0.0007508637880911536,-0.01439562716163665,-0.0002166232508343658,2.2017477557043577e-7,4.065242803038633e-6,7.027176913570667e-7,3.7316677966443217e-6,4.855548780385213e-7,4.816220802608339e-7,0.00786740602654594,5.935870823182814,2.766682946403049,0.3853715310340371,0.3200616117647804,0.12458277803769524,25.0,25.0,25.0,25.0,25.0,25.0,24.0,9.54,0.0,0.0,1.0,1781028124329042527
1781028124448769300,0.0004024054901910736,57.26212421468662,103.13201920857055,-0.0007504751948196137,-0.014395576605870769,-0.00021657309942964156,2.2023268723121026e-7,4.064053673648239e-6,7.028708451890202e-7,3.729418152100217e-6,4.851338452300317e-7,4.812967777885825e-7,0.007885317919630761,5.935870308386461,2.7666797475981237,0.3853744034036116,0.3200619724410399,0.12458358551023048,25.0,25.0,25.0,25.0,25.0,25.0,24.0,9.54,0.0,0.0,1.0,1781028124426955891
1781028124548771569,0.0004024330237306533,57.26212472260107,103.13201929644111,-0.0007500091920243037,-0.01439551599677394,-0.00021651296250783272,2.2030213144038326e-7,4.062622650071007e-6,7.030509598915329e-7,3.726723035540164e-6,4.846302046447028e-7,4.80905432159073e-7,0.00790681303900389,5.93586969051389,2.7666759088594257,0.3853778503807265,0.3200624052639112,0.12458455451645,25.0,25.0,25.0,25.0,25.0,25.0,24.0,9.54,0.0,0.0,1.0,1781028124545975461
1781028124648852004,0.00040245138422317136,57.26212506111151,103.13201935503412,-0.0007496987110060122,-0.014395475625744312,-0.00021647289833176544,2.2034706306182406e-7,4.06167897587405e-6,7.031772923663741e-7,3.7249054822748104e-6,4.842901083228065e-7,4.806490234694033e-7,0.007921143640107235,5.935869278528789,2.766673349595918,0.38538014844685,0.32006269381978336,0.12458520054440066,25.0,25.0,25.0,25.0,25.0,25.0,24.0,9.54,0.0,0.0,1.0,1781028124627202381
1781028124748212221,0.0004024789321524528,57.26212556872822,103.13201944294237,-0.0007492332706023706,-0.014395415121655711,-0.00021641284276786244,2.2041669967281317e-7,4.060241835982037e-6,7.03352070190341e-7,3.7222185367138697e-6,4.837894867757341e-7,4.802557183452693e-7,0.00794264031526154,5.9358686604386985,2.7666695105443764,0.38538359566808306,0.32006312666223613,0.12458616962202428,25.0,25.0,25.0,25.0,25.0,25.0,24.0,9.541,0.0,0.0,1.0,1781028124747552376
1781028124848856244,0.00040249730221520087,57.262125907040115,103.13201950156032,-0.0007489231646235865,-0.01439537482056957,-0.00021637283282496784,2.2046277481547833e-7,4.059288373677744e-6,7.034710752451083e-7,3.7204195739074926e-6,4.834543657960695e-7,4.79994959783889e-7,0.007956971941127704,5.935868248306635,2.7666669510711928,0.3853858938973158,0.32006341523183757,0.12458681569779974,25.0,25.0,25.0,25.0,25.0,25.0,24.0,9.541,0.0,0.0,1.0,1781028124832333391
1781028124948541451,0.0004025202701487003,57.262126329818315,103.13201957484672,-0.0007485357433226669,-0.0143953244835304,-0.00021632285087067835,2.2051936599319017e-7,4.058100675763889e-6,7.03621583926558e-7,3.718160382149291e-6,4.830338102245297e-7,4.796713539449874e-7,0.007974887060860615,5.935867733059579,2.766663751611857,0.3853887667751232,0.3200637759519089,0.1245876233191832,25.0,25.0,25.0,25.0,25.0,25.0,24.0,9.541,0.0,0.0,1.0,1781028124928484488
1781028125049544613,0.0004025432440256783,57.262126752472376,103.13201964814856,-0.000748148556628584,-0.014395274190122397,-0.00021627290279447708,2.2057709029009747e-7,4.056903144732531e-6,7.037658527895169e-7,3.715918377843025e-6,4.826174160776122e-7,4.793437672730634e-7,0.007992802817594694,5.935867217721607,2.7666605520212704,0.3853916397550094,0.32006413668048816,0.1245884309705367,25.0,25.0,25.0,25.0,25.0,25.0,24.0,9.541,0.0,0.0,1.0,1781028125039339425
1781028125148696810,0.00040256622381931815,57.262127175002355,103.13201972146578,-0.0007477616047851564,-0.014395223940345054,-0.00021622298855324083,2.206329692627234e-7,4.055717782608793e-6,7.039173606607393e-7,3.713650106669287e-6,4.821956860326774e-7,4.790218982293914e-7,0.008010719229192494,5.93586670229696,2.76665735230154,0.38539451283629256,0.32006449741679754,0.12458923865149256,25.0,25.0,25.0,25.0,25.0,25.0,24.0,9.541,0.0,0.0,1.0,1781028125129753854
1781028125248542283,0.00040258920952156846,57.262127597408174,103.13201979479824,-0.0007473748877697776,-0.014395173734138195,-0.00021617310816415093,2.2068982942093857e-7,4.05452403667861e-6,7.040629705237069e-7,3.711399589696161e-6,4.817786309974019e-7,4.786960555928071e-7,0.008028636285324624,5.935866186778301,2.7666541524495787,0.3853973860197402,0.3200648581621177,0.12459004636239047,25.0,25.0,25.0,25.0,25.0,25.0,24.0,9.541,0.0,0.0,1.0,1781028125234545007
1781028125348909402,0.0004026122011129114,57.26212801968986,103.13201986814602,-0.0007469884057527286,-0.014395123571487449,-0.00021612326160228712,2.207466818172337e-7,4.053328746839162e-6,7.042061364081955e-7,3.7091501467131088e-6,4.813622649921036e-7,4.78369852202041e-7,0.008046553985545,5.935865671169019,2.7666509524662826,0.3854002593049729,0.3200652189163936,0.12459085410312656,25.0,25.0,25.0,25.0,25.0,25.0,24.0,9.541,0.0,0.0,1.0,1781028125329911252
1781028125448485551,0.0004026351985766956,57.26212844184736,103.1320199415089,-0.0007466021587927674,-0.014395073452350611,-0.0002160734488633637,2.208026298551076e-7,4.052138645761941e-6,7.043527160751654e-7,3.70688769352748e-6,4.809433260993815e-7,4.780464087488591e-7,0.008064472330111983,5.935865155473708,2.7666477523533852,0.3854031326913689,0.3200655796786563,0.12459166187348587,25.0,25.0,25.0,25.0,25.0,25.0,24.0,9.541,0.0,0.0,1.0,1781028125437840080
1781028125549131938,0.0004026582018985611,57.26212886388068,103.1320200148869,-0.0007462161469908882,-0.014395023376697376,-0.00021602366993815625,2.208589058348809e-7,4.0509471794949076e-6,7.044974685594784e-7,3.7046298106661457e-6,4.805259382158749e-7,4.777217925527184e-7,0.008082391322723774,5.9358646396840475,2.7666445521088563,0.3854060061805349,0.320065940450507,0.12459246967395356,25.0,25.0,25.0,25.0,25.0,25.0,24.0,9.541,0.0,0.0,1.0,1781028125533121419
1781028125649168136,0.0004026812110587995,57.26212928578984,103.13202008827987,-0.0007458303704911855,-0.01439497334450254,-0.0002159739248062098,2.20914509413092e-7,4.049758092090204e-6,7.046428682622093e-7,3.7023657417486433e-6,4.801080384144826e-7,4.773985252491531e-7,0.008100310964809666,5.935864123804772,2.766641351732884,0.385408879771139,0.32006630123032886,0.12459327750408274,25.0,25.0,25.0,25.0,25.0,25.0,24.0,9.541,0.0,0.0,1.0,1781028125637730946
1781028125748712430,0.00040270422604855394,57.262129707574736,103.13202016168778,-0.0007454448292708507,-0.014394923355711063,-0.00021592421348239963,2.2097041249767697e-7,4.04856461922318e-6,7.047861896646403e-7,3.7001070282605287e-6,4.796914490579154e-7,4.770739114706533e-7,0.00811823124482589,5.9358636078354765,2.766638151224985,0.3854117534633258,0.3200666620200334,0.12459408536406424,25.0,25.0,25.0,25.0,25.0,25.0,24.0,9.541,0.0,0.0,1.0,1781028125744613120
1781028125851461857,0.00040272724684666086,57.262130129235445,103.13202023511056,-0.0007450595235160444,-0.014394873410309006,-0.00021587453593775155,2.2102598269869998e-7,4.0473716552517e-6,7.049285381131861e-7,3.69784447481793e-6,4.792745950098571e-7,4.7675003082437284e-7,0.00813615217315654,5.935863091778037,2.766634950586745,0.38541462725718345,0.32006702281749766,0.12459489325380352,25.0,25.0,25.0,25.0,25.0,25.0,24.0,9.541,0.0,0.0,1.0,1781028125847163189
1781028125949270398,0.0004027502734370681,57.26213055077191,103.13202030854816,-0.000744674453306067,-0.014394823508258598,-0.00021582489216467903,2.2108136152910229e-7,4.046180602445516e-6,7.050714408322054e-7,3.6955799105030232e-6,4.788578455555353e-7,4.764264878056971e-7,0.008154073748026566,5.935862575628431,2.7666317498179365,0.38541750115347767,0.32006738362358333,0.1245957011735432,25.0,25.0,25.0,25.0,25.0,25.0,24.0,9.541,0.0,0.0,1.0,1781028125946254101
1781028126048644453,0.0004027686988692379,57.26213088791164,103.13202036730884,-0.0007443665667981046,-0.01439478361781061,-0.0002157852014541024,2.2112574084598027e-7,4.045228331433081e-6,7.051846794764973e-7,3.693769542983872e-6,4.785254912146724e-7,4.76167260741963e-7,0.00816841147461999,5.935862162640696,2.766629189107986,0.38541980034415263,0.3200676722744523,0.12459634753087348,25.0,25.0,25.0,25.0,25.0,25.0,24.0,9.541,0.0,0.0,1.0,1781028126023397863
1781028126149121986,0.0004027963439389437,57.262131393472075,103.1320204554674,-0.0007439050198210863,-0.014394723834068042,-0.00021572570591199975,2.2119298205824077e-7,4.043789373884935e-6,7.053483533483096e-7,3.691068370466004e-6,4.78030313467643e-7,4.7577520702710227e-7,0.00818991883547192,5.935861543053495,2.7666253478863654,0.38542324925207794,0.32006810526104124,0.12459731710263912,25.0,25.0,25.0,25.0,25.0,25.0,24.0,9.541,0.0,0.0,1.0,1781028126144349446
1781028126248758512,0.0004028147785827217,57.262131730412946,103.13202051425148,-0.0007435975104863437,-0.014394684012846336,-0.00021568606921135565,2.212365145337987e-7,4.042838097213014e-6,7.054622580031589e-7,3.689249979580299e-6,4.776967886251962e-7,4.755176834578951e-7,0.008204257604140326,5.935861129923046,2.7666227869668907,0.38542554860541656,0.32006839392579667,0.12459796350757515,25.0,25.0,25.0,25.0,25.0,25.0,24.0,9.541,0.0,0.0,1.0,1781028126225574809
1781028126348637444,0.0004028378270495928,57.2621321514772,103.13202058774463,-0.000743213336141006,-0.01439463427522392,-0.0002156365536975158,2.2129169570390926e-7,4.041645088878775e-6,7.056007698505474e-7,3.686986163224929e-6,4.772821595316028e-7,4.751935274292356e-7,0.008222181627848796,5.935860613428314,2.766619585699313,0.3854284228889403,0.3200687547652341,0.1245987715408125,25.0,25.0,25.0,25.0,25.0,25.0,24.0,9.541,0.0,0.0,1.0,1781028126329392096
1781028126450048534,0.00040286088123512134,57.26213257241712,103.13202066125216,-0.0007428293977369361,-0.01439458458078269,-0.00021558707191865863,2.213465829677827e-7,4.040451627626289e-6,7.057395222137948e-7,3.6847208461132624e-6,4.768679263025331e-7,4.748695968868389e-7,0.008240106302830025,5.935860096844397,2.7666163843004745,0.3854312972742801,0.32006911561269186,0.12459957960384022,25.0,25.0,25.0,25.0,25.0,25.0,24.0,9.541,0.0,0.0,1.0,1781028126427885617
1781028126548277870,0.00040288855378525394,57.26213307738098,103.13202074948026,-0.0007423689832837586,-0.014394525004423394,-0.00021552773828827893,2.214116114706362e-7,4.039021295378064e-6,7.059060096544793e-7,3.6819948472986673e-6,4.7636940439832315e-7,4.744827063024358e-7,0.008261616778711511,5.935859476825671,2.7666125424488044,0.3854347466707389,0.3200695486413002,0.12460054931866348,25.0,25.0,25.0,25.0,25.0,25.0,24.0,9.541,0.0,0.0,1.0,1781028126548038964
1781028126648955137,0.0004029070067033505,57.26213341392408,103.1320208083104,-0.0007420622292193169,-0.014394485321341749,-0.00021548820950815449,2.2145516353580186e-7,4.038067745706163e-6,7.060166690471318e-7,3.68017760737114e-6,4.760374667431249e-7,4.742244818751755e-7,0.008275957604323288,5.935859063407443,2.7666099811090707,0.3854370463500307,0.3200698373344255,0.1246011958192076,25.0,25.0,25.0,25.0,25.0,25.0,24.0,9.541,0.0,0.0,1.0,1781028126631026666
1781028126748504821,0.00040293007795783953,57.26213383449104,103.13202088186088,-0.0007416789992449708,-0.01439443575626278,-0.00021543882886796136,2.215101369324506e-7,4.0368706049001715e-6,7.061508779068722e-7,3.6779171308458904e-6,4.756258918695682e-7,4.7389918810713e-7,0.008293884221595299,5.935858546550679,2.7666067793176454,0.3854399210416172,0.3200701982071075,0.12460200397192994,25.0,25.0,25.0,25.0,25.0,25.0,24.0,9.541,0.0,0.0,1.0,1781028126729246766
1781028126851555666,0.0004029531548713664,57.26213425493365,103.13202095542552,-0.0007412960055912091,-0.014394386234236537,-0.0002153894819220829,2.2156494456132261e-7,4.03567054788137e-6,7.062822483269444e-7,3.6756588915454e-6,4.7521503745803787e-7,4.735734757506003e-7,0.008311811484333926,5.935858029605587,2.7666035773934996,0.3854427958343352,0.3200705590893662,0.12460281215432673,25.0,25.0,25.0,25.0,25.0,25.0,24.0,9.541,0.0,0.0,1.0,1781028126832848697
1781028126948487056,0.00040297623742483585,57.26213467525193,103.13202102900428,-0.0007409132484125423,-0.014394336755243108,-0.00021534016864716647,2.216184088841674e-7,4.034482291465103e-6,7.064202309320916e-7,3.673378902347074e-6,4.748001477196967e-7,4.732523430181494e-7,0.008329739397633713,5.935857512569654,2.7666003753390447,0.3854456707295688,0.3200709199798311,0.1246036203667084,25.0,25.0,25.0,25.0,25.0,25.0,24.0,9.541,0.0,0.0,1.0,1781028126932508616
1781028127053895195,0.0004029993256089118,57.26213509544584,103.13202110259702,-0.0007405307277056252,-0.01439428731922878,-0.00021529088905373824,2.216719386071677e-7,4.033292833448322e-6,7.065580494566082e-7,3.6711003239091695e-6,4.743858587820005e-7,4.729307860275803e-7,0.008347667954836407,5.93585699544129,2.766597173152737,0.38544854572710846,0.3200712808798624,0.12460442860910582,25.0,25.0,25.0,25.0,25.0,25.0,24.0,9.541,0.0,0.0,1.0,1781028127038588944
1781028127154454256,0.00040302241940988085,57.26213551551533,103.13202117620372,-0.0007401484435473175,-0.01439423792615773,-0.00021524164313516212,2.217263122642623e-7,4.032096858596716e-6,7.066897457206638e-7,3.66883361434119e-6,4.739747917935632e-7,4.726063808910605e-7,0.008365597152800303,5.9358564782243395,2.7665939708352214,0.3854514208263181,0.32007164178783676,0.12460523688134392,25.0,25.0,25.0,25.0,25.0,25.0,24.0,9.541,0.0,0.0,1.0,1781028127131982365
1781028127254634827,0.00040304551881002585,57.262135935460456,103.13202124982423,-0.0007397663960687574,-0.014394188576003115,-0.00021519243087305244,2.217804845245345e-7,4.030897419173728e-6,7.068194431532494e-7,3.6665720839302944e-6,4.735654253217655e-7,4.722811072080315e-7,0.008383527015972203,5.935855960915247,2.7665907683863984,0.38545429602763454,0.3200720027040751,0.12460604518336175,25.0,25.0,25.0,25.0,25.0,25.0,24.0,9.541,0.0,0.0,1.0,1781028127237520844
1781028127354865860,0.00040307324545852904,57.2621364392304,103.13202133818712,-0.000739308251656423,-0.014394129412427278,-0.00021513342056767495,2.218437068667922e-7,4.029470794284985e-6,7.069821433267048e-7,3.663828643922124e-6,4.7306829722420634e-7,4.71896853272011e-7,0.008405043685475686,5.935855340029177,2.766586925273265,0.3854577464031844,0.32007243581624356,0.12460701518521372,25.0,25.0,25.0,25.0,25.0,25.0,24.0,9.541,0.0,0.0,1.0,1781028127353018954
1781028127454748214,0.0004030917343501047,57.26213677497748,103.13202139710668,-0.000739003011469163,-0.014394090004307082,-0.0002150941072878293,2.2188742801384777e-7,4.028509233778892e-6,7.070829025547358e-7,3.662023286327914e-6,4.727425736281897e-7,4.71635394785157e-7,0.00841938865261826,5.93585492602834,2.7665843630943896,0.3854600467360425,0.3200727245635036,0.12460766187725054,25.0,25.0,25.0,25.0,25.0,25.0,24.0,9.541,0.0,0.0,1.0,1781028127438259241
1781028127554321179,0.00040311947435002634,57.26213727844878,103.1320214855024,-0.0007385454355355128,-0.014394030943500807,-0.00021503517771974596,2.2195084965326477e-7,4.027076313097079e-6,7.072402035287109e-7,3.659289060089644e-6,4.72248517090747e-7,4.712490874706878e-7,0.00844090688373692,5.935854304924154,2.7665805196654554,0.3854634973561016,0.3200731576966107,0.1246086319507049,25.0,25.0,25.0,25.0,25.0,25.0,24.0,9.541,0.0,0.0,1.0,1781028127552478726
1781028127654999512,0.0004031379721128048,57.2621376139968,103.13202154444372,-0.0007382405745628181,-0.014393991603859502,-0.00021499591823049947,2.219932498824162e-7,4.02612073394612e-6,7.073441008489607e-7,3.6574682427198695e-6,4.71920124353596e-7,4.7099101739001547e-7,0.008455252892988083,5.935853890783148,2.766577957275322,0.3854657978514445,0.3200734464576088,0.12460927869031987,25.0,25.0,25.0,25.0,25.0,25.0,24.0,9.541,0.0,0.0,1.0,1781028127638457201
1781028127754296438,0.0004031610992925346,57.26213803331981,103.13202161813254,-0.0007378597117133366,-0.014393942467768468,-0.00021494687412756012,2.220459967976076e-7,4.024930894814676e-6,7.074772111405716e-7,3.655184065409692e-6,4.7150816419342244e-7,4.706698965861976e-7,0.008473185976917673,5.935853373022601,2.766574754170252,0.38546867356337794,0.32007380741750296,0.12461008714210074,25.0,25.0,25.0,25.0,25.0,25.0,24.0,9.541,0.0,0.0,1.0,1781028127735861073
1781028127854663176,0.00040318423198715226,57.26213845251836,103.1320216918348,-0.0007374790859924088,-0.014393893374374573,-0.00021489786364024843,2.2209943441186865e-7,4.023731295032253e-6,7.076027289255716e-7,3.652916298864422e-6,4.711003734667191e-7,4.7034527381696246e-7,0.008491119711764078,5.935852855171556,2.7665715509321345,0.38547154937659783,0.3200741683863605,0.12461089562356234,25.0,25.0,25.0,25.0,25.0,25.0,24.0,9.541,0.0,0.0,1.0,1781028127837537281
1781028127954259736,0.00040320737018004454,57.26213887159242,103.1320217655504,-0.0007370986975200922,-0.014393844323652672,-0.0002148488867522035,2.221522604371457e-7,4.022534620974021e-6,7.077288974395578e-7,3.650640794406992e-6,4.706916388700359e-7,4.700222008261861e-7,0.008509054094112666,5.935852337229813,2.766568347563501,0.3854744252921892,0.3200745293630778,0.1246117041349974,25.0,25.0,25.0,25.0,25.0,25.0,24.0,9.541,0.0,0.0,1.0,1781028127936107624
1781028128054373491,0.0004032305138551009,57.262139290542024,103.1320218392793,-0.0007367185464291548,-0.01439379531557742,-0.00021479994344469544,2.222046567334556e-7,4.021342496863684e-6,7.078581029808423e-7,3.648358279558614e-6,4.702815498738209e-7,4.697005857664226e-7,0.00852698912448471,5.935851819198203,2.7665651440620858,0.3854773013099365,0.3200748903497675,0.12461251267641454,25.0,25.0,25.0,25.0,25.0,25.0,24.0,9.541,0.0,0.0,1.0,1781028128042749342
1781028128154228715,0.000403253663002574,57.26213970936714,103.13202191302142,-0.0007363386327072332,-0.014393746350092338,-0.0002147510337283032,2.222572776378038e-7,4.020145896384897e-6,7.079838676668822e-7,3.64608057646744e-6,4.698731392643092e-7,4.693777987394264e-7,0.008544924801001188,5.935851301078015,2.766561940430058,0.38548017742920887,0.3200752513440385,0.12461332124758062,25.0,25.0,25.0,25.0,25.0,25.0,24.0,9.541,0.0,0.0,1.0,1781028128140892854
1781028128254716771,0.0004032768176034074,57.26214012806781,103.13202198677668,-0.0007359589565391379,-0.014393697427187598,-0.00021470215757288607,2.2230878134126005e-7,4.018954317430059e-6,7.081124878321637e-7,3.6437901708853657e-6,4.694620842425537e-7,4.690579014956157e-7,0.00856286113398279,5.935850782870067,2.7665587366670255,0.3854830536503149,0.3200756123468829,0.1246141298485468,25.0,25.0,25.0,25.0,25.0,25.0,24.0,9.541,0.0,0.0,1.0,1781028128246795111
1781028128354359246,0.00040329997764996487,57.26214054664393,103.132022060545,-0.0007355795178728791,-0.014393648546797162,-0.0002146533149980724,2.2236190372031037e-7,4.017753918361664e-6,7.082337558775997e-7,3.6415232224457714e-6,4.690575061012643e-7,4.687325506872417e-7,0.008580798107250836,5.935850264560773,2.766555532772073,0.3854859299755256,0.32007597335817967,0.1246149384800399,25.0,25.0,25.0,25.0,25.0,25.0,24.0,9.541,0.0,0.0,1.0,1781028128338301136
1781028128454881749,0.0004033231431211188,57.26214096509558,103.13202213432636,-0.0007352003169445323,-0.01439359970892174,-0.0002146045059626067,2.224131345980224e-7,4.016564640230837e-6,7.083629563269683e-7,3.6392278195417822e-6,4.6864642980411386e-7,4.684134052303491e-7,0.008598735730670857,5.935849746171954,2.766552328745779,0.3854888064009865,0.3200763343782762,0.12461574714094532,25.0,25.0,25.0,25.0,25.0,25.0,24.0,9.541,0.0,0.0,1.0,1781028128451710819
1781028128554860926,0.0004033463140098695,57.262141383422694,103.13202220812062,-0.0007348213536952354,-0.014393550913491144,-0.00021455573048839252,2.2246520065087919e-7,4.015368922108076e-6,7.084858418104474e-7,3.6369473780353462e-6,4.682398661918583e-7,4.6809082662325307e-7,0.008616674001279816,5.935849227685257,2.7665491245867906,0.38549168292947034,0.3200766954071269,0.12461655583202572,25.0,25.0,25.0,25.0,25.0,25.0,24.0,9.541,0.0,0.0,1.0,1781028128540786304
1781028128654321021,0.0004033694902997882,57.26214180162528,103.13202228192772,-0.0007344426282273939,-0.014393502160478263,-0.0002145069885599433,2.2251802705819553e-7,4.0141640251040655e-6,7.086029712270481e-7,3.634681687169292e-6,4.678364660857813e-7,4.67765110745284e-7,0.008634612912279497,5.935848709111683,2.766545920296756,0.3854945595595364,0.320077056444761,0.12461736455297982,25.0,25.0,25.0,25.0,25.0,25.0,24.0,9.541,0.0,0.0,1.0,1781028128646015230
1781028128754557697,0.0004033926719722952,57.26214221970336,103.13202235574768,-0.0007340641407401485,-0.01439345344987456,-0.0002144582801455175,2.2256872384809585e-7,4.012976140895781e-6,7.087298374261037e-7,3.6323838236947106e-6,4.674267339406577e-7,4.674463435690135e-7,0.008652552493194673,5.935848190448063,2.7665427158763225,0.38549743629229904,0.32007741748994584,0.1246181733038428,25.0,25.0,25.0,25.0,25.0,25.0,24.0,9.541,0.0,0.0,1.0,1781028128746173060
1781028128854666123,0.0004034158590219027,57.26214263765687,103.13202242958025,-0.0007336858911207051,-0.01439340478159994,-0.00021440960527555053,2.2262041879793238e-7,4.011778338655163e-6,7.088507596759041e-7,3.630100800331081e-6,4.670207594380239e-7,4.671240195332502e-7,0.008670492696716128,5.93584767169298,2.766539511322884,0.3855003131269976,0.32007777854491865,0.1246189820847986,25.0,25.0,25.0,25.0,25.0,25.0,24.0,9.541,0.0,0.0,1.0,1781028128847333447
1781028128955094137,0.0004034390514288751,57.262143055485865,103.13202250342552,-0.0007333078796310317,-0.014393356155663554,-0.00021436096390527827,2.226713293310465e-7,4.010588348860084e-6,7.089754160892792e-7,3.627805424834916e-6,4.666123139433561e-7,4.6680437018013203e-7,0.008688433551178756,5.9358471528485515,2.766536306638052,0.3855031900639159,0.3200781396090199,0.12461979089572638,25.0,25.0,25.0,25.0,25.0,25.0,24.0,9.541,0.0,0.0,1.0,1781028128942583399
1781028129054503030,0.00040346224918125906,57.26214347319029,103.13202257728337,-0.0007329301062366401,-0.01439330757200013,-0.0002143123560478362,2.2272183867942937e-7,4.009397277175568e-6,7.09098750591409e-7,3.6255088262951184e-6,4.662043001476426e-7,4.664850889575822e-7,0.008706375074640137,5.935846633914158,2.766533101821392,0.3855060671025252,0.32007850068055266,0.12462059973628542,25.0,25.0,25.0,25.0,25.0,25.0,24.0,9.541,0.0,0.0,1.0,1781028129045207019
1781028129154318276,0.0004034854522687559,57.26214389077016,103.13202265115368,-0.0007325525710110581,-0.0143932590305766,-0.00021426378169690267,2.2277373572804657e-7,4.008197139954142e-6,7.092153850308873e-7,3.623232253508706e-6,4.658013671859226e-7,4.661611484740108e-7,0.008724317232070624,5.935846114885928,2.766529896873746,0.3855089442444006,0.32007886176038763,0.12462140860722372,25.0,25.0,25.0,25.0,25.0,25.0,24.0,9.541,0.0,0.0,1.0,1781028129147908392
1781028129254909654,0.0004035086606745789,57.26214430822546,103.1320227250364,-0.0007321752740423261,-0.014393210531355475,-0.0002142152408411479,2.2282498739118037e-7,4.0069964610289665e-6,7.093317051166795e-7,3.6209515241282938e-6,4.653978315370446e-7,4.658382076579554e-7,0.00874226003558338,5.935845595769325,2.766526691792811,0.38551182148750746,0.3200792228500603,0.12462221750789002,25.0,25.0,25.0,25.0,25.0,25.0,24.0,9.541,0.0,0.0,1.0,1781028129250336376
1781028129354674702,0.0004035318743848902,57.26214472555617,103.13202279893147,-0.0007317982154294139,-0.014393162074309103,-0.000214166733468278,2.228754728885091e-7,4.0058063836115855e-6,7.094535619601655e-7,3.6186532069544978e-6,4.649908853163297e-7,4.655188227222229e-7,0.008760203488926905,5.935845076561851,2.7665234865811623,0.385514698833341,0.3200795839482956,0.12462302643864966,25.0,25.0,25.0,25.0,25.0,25.0,24.0,9.541,0.0,0.0,1.0,1781028129351192475
1781028129455163409,0.0004035458051532474,57.262144975894806,103.13202284327444,-0.000731572094687064,-0.014393133020306176,-0.0002141376451161724,2.2290663690750525e-7,4.005082413918761e-6,7.09519634206376e-7,3.6172926540421296e-6,4.647512146392736e-7,4.653232636685945e-7,0.008770969874514839,5.935844764992029,2.766521563390803,0.3855164252900188,0.32007980061074176,0.12462351181150466,25.0,25.0,25.0,25.0,25.0,25.0,24.0,9.541,0.0,0.0,1.0,1781028129415589483
1781028129554205254,0.0004035736723937414,57.26214547643751,103.13202293197354,-0.0007311201107674538,-0.01439307495777807,-0.0002140795045601147,2.229679284139085e-7,4.0036432377268925e-6,7.096572850362245e-7,3.614553639901204e-6,4.64268205758517e-7,4.649358740663436e-7,0.00879250334657678,5.9358441417565775,2.7665177168681883,0.38551987831377593,0.3200802339455747,0.12462448258959166,25.0,25.0,25.0,25.0,25.0,25.0,24.0,9.541,0.0,0.0,1.0,1781028129547196146
1781028129654881630,0.0004035969008837763,57.26214589341943,103.13202300590284,-0.0007307437199900057,-0.014393026618637426,-0.00021403109088644268,2.230170785162185e-7,4.0024568524967145e-6,7.097800282840326e-7,3.612242559559817e-6,4.638599402385176e-7,4.646192283247046e-7,0.00881044862441182,5.935843622299212,2.766514511287265,0.3855227559452167,0.3200805950672208,0.12462529160403646,25.0,25.0,25.0,25.0,25.0,25.0,24.0,9.541,0.0,0.0,1.0,1781028129652617290
1781028129754264440,0.00040362013463912856,57.262146310276655,103.13202307984416,-0.0007303675676630141,-0.014392978321490352,-0.00021398271070644073,2.2306876481581593e-7,4.0012485557158055e-6,7.098876985116487e-7,3.609972463879445e-6,4.634610859048881e-7,4.64293437311955e-7,0.008828394532638452,5.935843102747203,2.766511305575321,0.3855256336793015,0.3200809561977699,0.12462610064872157,25.0,25.0,25.0,25.0,25.0,25.0,24.0,9.541,0.0,0.0,1.0,1781028129753723680
1781028129855031392,0.00040364337362860616,57.26214672700937,103.13202315379752,-0.0007299916541846354,-0.014392930066373922,-0.00021393436394238585,2.2311896165917125e-7,4.000056419257525e-6,7.100051199190486e-7,3.6076768813626378e-6,4.630574519612628e-7,4.639731124283573e-7,0.008846341103755295,5.9358425831029145,2.7665080997311,0.3855285115165682,0.32008131733665174,0.1246269097235436,25.0,25.0,25.0,25.0,25.0,25.0,24.0,9.541,0.0,0.0,1.0,1781028129851394179
1781028129955037688,0.00040366661784672214,57.26214714361746,103.1320232277628,-0.0007296159794479129,-0.014392881853210415,-0.00021388605062361253,2.231687955341476e-7,3.998861847490417e-6,7.10120553931503e-7,3.605381598142937e-6,4.626544323461226e-7,4.636527806125327e-7,0.008864288325427926,5.935842063369051,2.766504893754286,0.38553138945561827,0.32008167848432834,0.1246277188282122,25.0,25.0,25.0,25.0,25.0,25.0,24.0,9.541,0.0,0.0,1.0,1781028129949649467
1781028130054245407,0.00040368986728033234,57.26214756010093,103.13202330173996,-0.0007292405435638071,-0.014392833681974262,-0.00021383777073493424,2.232180425036049e-7,3.997670648291362e-6,7.102376796779641e-7,3.6030760138520647e-6,4.622489975881219e-7,4.633346087862471e-7,0.008882236194845735,5.935841543551357,2.766501687647094,0.38553426749605335,0.32008203964043624,0.12462852796264232,25.0,25.0,25.0,25.0,25.0,25.0,24.0,9.541,0.0,0.0,1.0,1781028130052281145
1781028130154232519,0.0004037131219193493,57.26214797645976,103.13202337572888,-0.0007288653465304872,-0.014392785552611302,-0.00021378952428426448,2.232681415200557e-7,3.996472687144725e-6,7.103489420976887e-7,3.600785983291631e-6,4.618478717455902e-7,4.630129614926956e-7,0.008900184714016523,5.935841023636173,2.7664984814066664,0.3855371456394548,0.320082400805596,0.12462933712724848,25.0,25.0,25.0,25.0,25.0,25.0,24.0,9.541,0.0,0.0,1.0,1781028130153970137
1781028130254870988,0.0004037317293647368,57.262148309457125,103.13202343492848,-0.0007285653610234989,-0.014392747079265031,-0.00021375095117304673,2.2330770115047337e-7,3.995519178714042e-6,7.104411153958386e-7,3.5989440979385173e-6,4.615251347603046e-7,4.627576274931178e-7,0.008914543989228313,5.9358406076405945,2.7664959163206935,0.38553944822818453,0.32008268974352094,0.12462998448069196,25.0,25.0,25.0,25.0,25.0,25.0,24.0,9.542,0.0,0.0,1.0,1781028130232605954
1781028130354589454,0.0004037596467489966,57.26214880880358,103.1320235237418,-0.0007281156695476819,-0.014392689419409957,-0.0002136931316135928,2.2336764383457478e-7,3.994079437342032e-6,7.105723474975012e-7,3.5961969016215007e-6,4.6104533235310995e-7,4.623712470581157e-7,0.008936083688444072,5.935839983537507,2.76649206853115,0.3855429022335048,0.32008312316102355,0.12463095554665073,25.0,25.0,25.0,25.0,25.0,25.0,24.0,9.542,0.0,0.0,1.0,1781028130349544460
1781028130455128830,0.00040377826246927075,57.26214914160153,103.13202358295996,-0.000727816066554483,-0.014392651012937014,-0.00021365461195648144,2.234074699109913e-7,3.993122850425411e-6,7.106610629157809e-7,3.5943618453502475e-6,4.6072503406317363e-7,4.621143619402238e-7,0.008950444009992922,5.93583956739418,2.766489503233141,0.38554520498577943,0.32008341211265084,0.12463160294798736,25.0,25.0,25.0,25.0,25.0,25.0,24.0,9.542,0.0,0.0,1.0,1781028130430050883
1781028130555150643,0.0004038015367577289,57.26214955748678,103.132023656993,-0.0007274417780399122,-0.014392603042407522,-0.0002136064924488284,2.2345678645818826e-7,3.991925437532518e-6,7.107706989869009e-7,3.5920655024552975e-6,4.603244067966598e-7,4.617938312877059e-7,0.008968394992686202,5.935839047138102,2.7664862964923267,0.385548083517869,0.3200837733100275,0.12463241222662198,25.0,25.0,25.0,25.0,25.0,25.0,24.0,9.542,0.0,0.0,1.0,1781028130539629451
1781028130654675859,0.0004038248161867089,57.26214997324739,103.13202373103748,-0.0007270677287797083,-0.014392555113589185,-0.00021355840632868864,2.2350654547520717e-7,3.990725997173068e-6,7.108788667362384e-7,3.589774766248895e-6,4.599256318724578e-7,4.614718627243536e-7,0.008986346621090843,5.935838526789199,2.7664830896194155,0.3855509621529046,0.32008413451583767,0.12463322153547088,25.0,25.0,25.0,25.0,25.0,25.0,24.0,9.542,0.0,0.0,1.0,1781028130639022081
1781028130754404915,0.000403848100743934,57.26215038888335,103.13202380509334,-0.0007266939188177847,-0.014392507226438716,-0.0002135103535937547,2.2355556074871038e-7,3.9895292240909525e-6,7.109871194446675e-7,3.5874753058485572e-6,4.595253523269177e-7,4.6115179846880905e-7,0.009004298896920945,5.935838006351238,2.7664798826135963,0.3855538408892394,0.3200844957310374,0.12463403087405268,25.0,25.0,25.0,25.0,25.0,25.0,24.0,9.542,0.0,0.0,1.0,1781028130752105031
1781028130854246647,0.0004038713904134436,57.26215080439467,103.13202387916049,-0.0007263203482719869,-0.014392459380928818,-0.00021346233422549768,2.236040953329332e-7,3.988335864796171e-6,7.110972821091842e-7,3.5851710316088236e-6,4.5912443510656515e-7,4.608328816503915e-7,0.00902225184046793,5.935837485822556,2.7664766754771533,0.3855567197285722,0.32008485695379185,0.1246348402427016,25.0,25.0,25.0,25.0,25.0,25.0,24.0,9.542,0.0,0.0,1.0,1781028130849414505
1781028130954202508,0.0004038946851861016,57.26215121978135,103.13202395323884,-0.000725947017172766,-0.0143924115770153,-0.00021341434822550753,2.2365262559669558e-7,3.98714291303403e-6,7.112076153969484e-7,3.5828634921461176e-6,4.587233439170153e-7,4.6051432599692554e-7,0.009040205414304558,5.935836965204922,2.7664734682070127,0.3855595986697544,0.3200852181862527,0.124635649641383,25.0,25.0,25.0,25.0,25.0,25.0,24.0,9.542,0.0,0.0,1.0,1781028130948217916
1781028131054354157,0.0004039179850508831,57.26215163504336,103.13202402732836,-0.0007255739255320239,-0.014392363814647332,-0.00021336639559745783,2.2370300559837999e-7,3.9859357408337005e-6,7.113065306052226e-7,3.5805881416784727e-6,4.583302440372742e-7,4.6018876636681123e-7,0.009058159645710289,5.935836444488811,2.766470260806778,0.3855624777150155,0.32008557942573906,0.12463645907050062,25.0,25.0,25.0,25.0,25.0,25.0,24.0,9.542,0.0,0.0,1.0,1781028131051242637
1781028131154313698,0.0004039412899896587,57.26215205018071,103.13202410142893,-0.000725201073519844,-0.014392316093811478,-0.00021331847631192655,2.237509553363687e-7,3.984742283793159e-6,7.1141464216159e-7,3.5782792841297675e-6,4.579299354458775e-7,4.59870585353335e-7,0.009076114529932415,5.935835923689172,2.7664670532730415,0.3855653568609083,0.3200859406747797,0.12463726852913797,25.0,25.0,25.0,25.0,25.0,25.0,24.0,9.542,0.0,0.0,1.0,1781028131147401919
1781028131255196196,0.0004039599375877477,57.262152382200846,103.13202416071732,-0.0007249029644661292,-0.01439227794701651,-0.0002132801648908877,2.23789343447984e-7,3.983789615312529e-6,7.115028403615772e-7,3.576428402373129e-6,4.576087703926703e-7,4.596166647566162e-7,0.0090904788979043,5.935835506987509,2.7664644871523576,0.38556766025158623,0.32008622968020795,0.1246379161178223,25.0,25.0,25.0,25.0,25.0,25.0,24.0,9.542,0.0,0.0,1.0,1781028131227627477
1781028131354753316,0.000403987915048963,57.26215288008146,103.13202424966305,-0.0007244560885103478,-0.014392220776554688,-0.0002132227377705487,2.2384757421095218e-7,3.982351846254813e-6,7.116269128750806e-7,3.5736697633758555e-6,4.5713232429336915e-7,4.5923199646987443e-7,0.009112026236292255,5.9358348818187325,2.766460637811177,0.3855711154609936,0.3200866631983846,0.12463888753695523,25.0,25.0,25.0,25.0,25.0,25.0,24.0,9.542,0.0,0.0,1.0,1781028131348436562
1781028131454411289,0.0004040112351446845,57.26215329484481,103.1320243237964,-0.0007240839556162409,-0.014392173180051523,-0.0002131749185055048,2.238967899028844e-7,3.981152094044151e-6,7.11728748664575e-7,3.5713779812639243e-6,4.567373550864864e-7,4.5890966606562507e-7,0.009129983060523506,5.935834360743287,2.76645742988157,0.38557399491530087,0.32008702447346155,0.12463969708614205,25.0,25.0,25.0,25.0,25.0,25.0,24.0,9.542,0.0,0.0,1.0,1781028131453433606
1781028131554426361,0.0004040345602638503,57.26215370948353,103.13202439794055,-0.0007237120626081208,-0.014392125624928469,-0.00021312713255506143,2.239437731218652e-7,3.979960141968938e-6,7.118352893355895e-7,3.5690602715785017e-6,4.563370401060263e-7,4.585931643978329e-7,0.009147940538853932,5.935833839583903,2.766454221819298,0.3855768744702886,0.3200873857569741,0.12464050666483532,25.0,25.0,25.0,25.0,25.0,25.0,24.0,9.542,0.0,0.0,1.0,1781028131549145135
1781028131654590886,0.00040405322397503814,57.26215404110471,103.13202445726358,-0.0007234147208713518,-0.014392087610578912,-0.00021308892779654375,2.2398276786527177e-7,3.978998759273596e-6,7.119151499756842e-7,3.56722519944563e-6,4.5602129939060075e-7,4.583356678850827e-7,0.009162306994930432,5.935833422588098,2.7664516552755027,0.3855791781889209,0.32008767478900246,0.1246411543496331,25.0,25.0,25.0,25.0,25.0,25.0,24.0,9.542,0.0,0.0,1.0,1781028131634574203
1781028131754907842,0.00040408122554070616,57.262154538386895,103.13202454626092,-0.000722968996274981,-0.014392030638620486,-0.00021303166062082408,2.2404041245573938e-7,3.977563672772456e-6,7.120375209310641e-7,3.5644607788448304e-6,4.555460499676218e-7,4.579518576294518e-7,0.009183857457114156,5.935832796983101,2.766447805300886,0.3855826338904886,0.3200881083481614,0.1246421259131186,25.0,25.0,25.0,25.0,25.0,25.0,24.0,9.542,0.0,0.0,1.0,1781028131750465616
1781028131855071829,0.0004041045656695641,57.26215495265157,103.132024620437,-0.0007225978231476419,-0.014391983207373909,-0.00021298397460831037,2.2408835780182933e-7,3.976365879845986e-6,7.121379963854407e-7,3.562157504967583e-6,4.551504503159422e-7,4.5763183473393026e-7,0.009201816878216569,5.9358322755483615,2.76644459684208,0.385585513753729,0.32008846965761906,0.1246429355823103,25.0,25.0,25.0,25.0,25.0,25.0,24.0,9.542,0.0,0.0,1.0,1781028131854935202
1781028131954736285,0.0004041232413559405,57.26215528397355,103.13202467978542,-0.0007223010575085379,-0.01439194529205392,-0.00021294584977180983,2.241267978055609e-7,3.97540714389356e-6,7.122177105460835e-7,3.560317392010791e-6,4.548348879922845e-7,4.573753179830517e-7,0.009216184891526783,5.935831858334276,2.7664420299806096,0.3855878177184536,0.32008875871104037,0.12464358333934916,25.0,25.0,25.0,25.0,25.0,25.0,24.0,9.542,0.0,0.0,1.0,1781028131930277709
1781028132054261855,0.00040414659043424086,57.26215569801383,103.13202475398032,-0.0007219303165912084,-0.014391897934970603,-0.0002128982236879894,2.2417416917024122e-7,3.974209458791466e-6,7.123172829982006e-7,3.558011006269835e-6,4.544396005016419e-7,4.570560247328646e-7,0.009234145493797766,5.935831336736691,2.7664388212843405,0.38559069776603816,0.3200891200351966,0.124644393062531,25.0,25.0,25.0,25.0,25.0,25.0,24.0,9.542,0.0,0.0,1.0,1781028132036502576
1781028132154261628,0.0004041746158702822,57.262156194697546,103.1320248430279,-0.0007214857445605395,-0.014391841160782863,-0.00021284111632420945,2.2423119758104146e-7,3.972773866789264e-6,7.124365506809034e-7,3.555241073173749e-6,4.539651147111281e-7,4.566730381473277e-7,0.009255699068136086,5.935830710703122,2.766434970675431,0.3855941539582996,0.320089553635338,0.12464536477007555,25.0,25.0,25.0,25.0,25.0,25.0,24.0,9.542,0.0,0.0,1.0,1781028132153885302
1781028132254442946,0.00040419330344711293,57.2621565257203,103.13202490240118,-0.0007211895554300299,-0.014391803344212155,-0.0002128030713683887,2.2426927658560465e-7,3.971814211602762e-6,7.125137032633004e-7,3.553400887580573e-6,4.5365084712248307e-7,4.564164964947869e-7,0.00927006865073878,5.935830293270351,2.7664324034967804,0.38559645816904065,0.3200898427086129,0.1246460125992125,25.0,25.0,25.0,25.0,25.0,25.0,24.0,9.542,0.0,0.0,1.0,1781028132237911210
1781028132354235063,0.0004042213407271733,57.26215702210481,103.13202499147334,-0.0007207455601568814,-0.014391746668640086,-0.0002127460438546357,2.2432484074233138e-7,3.970386919392725e-6,7.126376917761107e-7,3.550611728044637e-6,4.531733237512188e-7,4.56037532282056e-7,0.00929162377845043,5.935829667019402,2.7664285525691104,0.38559991460728416,0.32009027633086434,0.12464698437900996,25.0,25.0,25.0,25.0,25.0,25.0,24.0,9.542,0.0,0.0,1.0,1781028132352240734
1781028132454965645,0.0004042400361856176,57.26215735292806,103.1320250508629,-0.0007204497555654362,-0.014391708917737975,-0.00021270805213471631,2.243640520523153e-7,3.969418814733475e-6,7.127080283933297e-7,3.54878814662958e-6,4.528635023741866e-7,4.557771058024986e-7,0.009305994391644458,5.93582924944161,2.766425985179368,0.38560221898226593,0.32009056541757386,0.12464763225642424,25.0,25.0,25.0,25.0,25.0,25.0,24.0,9.542,0.0,0.0,1.0,1781028132434046890
1781028132555234413,0.0004042680852519632,57.26215784901335,103.13202513995932,-0.0007200063373559428,-0.0143916523406015,-0.00021265110443440753,2.2441901707205386e-7,3.967993616963732e-6,7.128310523423655e-7,3.5459940071960597e-6,4.523861910945151e-7,4.553991631740698e-7,0.00932755108705318,5.935828622972771,2.7664221339339923,0.3856056756664174,0.3200909990599811,0.12464860410832058,25.0,25.0,25.0,25.0,25.0,25.0,24.0,9.542,0.0,0.0,1.0,1781028132551993533
1781028132655033448,0.0004042867885482154,57.26215817963709,103.13202519936492,-0.0007197109175521276,-0.014391614655256922,-0.00021261316591642904,2.244569893789467e-7,3.9670328364865395e-6,7.129049790778487e-7,3.544155240621022e-6,4.52073759797873e-7,4.551420871732007e-7,0.009341922751616471,5.935828205249497,2.7664195663328734,0.3856079802054751,0.32009128816062876,0.1246492520338043,25.0,25.0,25.0,25.0,25.0,25.0,24.0,9.542,0.0,0.0,1.0,1781028132635120577
1781028132755175389,0.0004043101720607572,57.26215859280459,103.13202527363087,-0.0007193418593625206,-0.014391567585411566,-0.0002125657726767808,2.2450364978405137e-7,3.965837258803787e-6,7.130010867033094e-7,3.541842162187395e-6,4.516803187415221e-7,4.548237013179483e-7,0.009359887902706782,5.935827683019443,2.7664163567112254,0.3856108609705521,0.3200916495446678,0.1246500619675658,25.0,25.0,25.0,25.0,25.0,25.0,24.0,9.542,0.0,0.0,1.0,1781028132739611626
1781028132854797388,0.00040433356044709346,57.26215900584739,103.13202534790666,-0.000718973041739188,-0.014391520556429864,-0.0002125184126867807,2.2455118939510477e-7,3.9646329726274006e-6,7.130906130997479e-7,3.5395452806756817e-6,4.512911625973914e-7,4.545016709744957e-7,0.009377853698359612,5.935827160695372,2.7664131469572855,0.3856137418385533,0.32009201093718836,0.12465087193157368,25.0,25.0,25.0,25.0,25.0,25.0,24.0,9.542,0.0,0.0,1.0,1781028132838271190
1781028132955261491,0.0004043616329215451,57.26215950133415,103.13202543705052,-0.000718530778357776,-0.014391464175572853,-0.0002124616245508169,2.2460687848799506e-7,3.96320137068346e-6,7.132061777762374e-7,3.5367653279009333e-6,4.508192425116526e-7,4.541202856289632e-7,0.009399413516185527,5.935826533789038,2.7664092950776977,0.38561719901580765,0.3200924446205119,0.12465184392818306,25.0,25.0,25.0,25.0,25.0,25.0,24.0,9.542,0.0,0.0,1.0,1781028132953217899
1781028133057548958,0.0004043803517802949,57.26215983155895,103.13202549648756,-0.0007182361287095128,-0.01439142662097642,-0.00021242379236907456,2.24643873557038e-7,3.962242081026242e-6,7.132791805943635e-7,3.5349176896861504e-6,4.505065899746639e-7,4.538649659710003e-7,0.009413787253955174,5.935826115777841,2.766406727050971,0.3856195038820447,0.3200927337492504,0.1246524919497648,25.0,25.0,25.0,25.0,25.0,25.0,24.0,9.542,0.0,0.0,1.0,1781028133040142469
1781028133154754808,0.0004044037547080051,57.2621602442277,103.13202557079248,-0.0007178680333345347,-0.014391379714404224,-0.00021237653204611708,2.2469112476881081e-7,3.961040432480514e-6,7.133684330325288e-7,3.5326172656666536e-6,4.501180436661744e-7,4.535435086185282e-7,0.009431755009430763,5.93582559318252,2.766403516901713,0.38562238505819185,0.32009309516640355,0.1246533020041443,25.0,25.0,25.0,25.0,25.0,25.0,24.0,9.542,0.0,0.0,1.0,1781028133138682546
1781028133255608777,0.000404427162454523,57.262160656771776,103.132025645107,-0.0007175001788722475,-0.014391332848569442,-0.00021232930492021365,2.247357693172375e-7,3.959854886592193e-6,7.13467659581853e-7,3.5302791949359604e-6,4.49721426510714e-7,4.5323026833817426e-7,0.009449723410269902,5.935825070501836,2.766400306617663,0.385625266335656,0.32009345659424265,0.1246541120883341,25.0,25.0,25.0,25.0,25.0,25.0,24.0,9.542,0.0,0.0,1.0,1781028133247088812
1781028133354343487,0.00040445057501909255,57.26216106919115,103.13202571943096,-0.0007171325652405472,-0.014391286023398136,-0.000212282111017662,2.2478320236417898e-7,3.9586497739891275e-6,7.13552501261185e-7,3.527986547828855e-6,4.4933573783276634e-7,4.529071291785048e-7,0.009467692472870928,5.935824547720952,2.76639709620142,0.3856281477171358,0.3200938180297378,0.1246549222029486,25.0,25.0,25.0,25.0,25.0,25.0,24.0,9.542,0.0,0.0,1.0,1781028133340263044
1781028133454285780,0.0004044739923796989,57.26216148148586,103.1320257937644,-0.0007167651926338075,-0.014391239238886333,-0.00021223495029942623,2.2482867639443338e-7,3.9574551766036455e-6,7.136439379509074e-7,3.525665873958097e-6,4.489440376960386e-7,4.525901053033909e-7,0.009485662183438043,5.935824024857898,2.766393885652736,0.3856310291995857,0.3200941794736596,0.124655732347235,25.0,25.0,25.0,25.0,25.0,25.0,24.0,9.542,0.0,0.0,1.0,1781028133447499449
1781028133554252442,0.0004044974145294938,57.262161893655886,103.1320258681072,-0.00071639806102715,-0.014391192494975114,-0.0002121878227775554,2.2487440575116927e-7,3.9562613947866175e-6,7.137357200532555e-7,3.5233457718630926e-6,4.485528469360917e-7,4.522726583512194e-7,0.009503632533691618,5.935823501902521,2.7663906749727643,0.38563391078570464,0.32009454092655926,0.1246565425220426,25.0,25.0,25.0,25.0,25.0,25.0,24.0,9.542,0.0,0.0,1.0,1781028133547840031
1781028133657559700,0.00040452084145749234,57.26216230570124,103.13202594245924,-0.0007160311704855908,-0.014391145791626354,-0.0002121407284436325,2.2492036061358046e-7,3.955059423305296e-6,7.138219576266716e-7,3.521037529490813e-6,4.481647668254025e-7,4.519529569188478e-7,0.009521603550921949,5.935822978857084,2.7663874641591164,0.3856367924732945,0.3200949023875881,0.12465735272652231,25.0,25.0,25.0,25.0,25.0,25.0,24.0,9.542,0.0,0.0,1.0,1781028133647585052
1781028133754785403,0.0004045442731479413,57.26216271762192,103.13202601682048,-0.0007156645211107766,-0.014391099128811154,-0.00021209366728118672,2.249657997602317e-7,3.953864927064131e-6,7.139107307489956e-7,3.5187192958521025e-6,4.4777554266702027e-7,4.516351295106821e-7,0.009539575215991207,5.9358224557168615,2.7663842532134515,0.3856396742649006,0.3200952638568036,0.12465816296151792,25.0,25.0,25.0,25.0,25.0,25.0,24.0,9.542,0.0,0.0,1.0,1781028133748405256
1781028133854495412,0.0004045677095937859,57.26216312941793,103.13202609119088,-0.0007152981129052557,-0.014391052506478643,-0.0002120466392950727,2.2501210648082258e-7,3.952665978510179e-6,7.139971238487014e-7,3.516411327549137e-6,4.47388860971525e-7,4.513148696292826e-7,0.00955754751933212,5.935821932484698,2.7663810421351713,0.3856425561594442,0.3200956253353447,0.12465897322684533,25.0,25.0,25.0,25.0,25.0,25.0,24.0,9.542,0.0,0.0,1.0,1781028133847309122
1781028133954206789,0.0004045911507802869,57.26216354108925,103.13202616557032,-0.0007149319459349263,-0.014391005924593804,-0.00021199964447527795,2.250571439706289e-7,3.951470066726891e-6,7.140846277503352e-7,3.514090296340031e-6,4.469996293148453e-7,4.509976227251484e-7,0.009575520479739984,5.935821409168446,2.766377830924529,0.38564543815530306,0.3200959868221075,0.12465978352189017,25.0,25.0,25.0,25.0,25.0,25.0,24.0,9.542,0.0,0.0,1.0,1781028133947146569
1781028134055034600,0.0004046145966976127,57.262163952635895,103.13202623995876,-0.0007145660202761913,-0.014390959383121417,-0.00021195268281241304,2.2510249369834586e-7,3.95027537091485e-6,7.141712854260275e-7,3.5117721876689324e-6,4.466117011303856e-7,4.50679604242986e-7,0.00959349410161953,5.935820885757505,2.7663746195813936,0.3856483202544107,0.32009634831684797,0.12466059384714892,25.0,25.0,25.0,25.0,25.0,25.0,24.0,9.542,0.0,0.0,1.0,1781028134050206855
1781028134154702641,0.0004046380473354381,57.26216436405788,103.13202631435612,-0.0007142003359317901,-0.014390912882010717,-0.00021190575430930352,2.251478441124911e-7,3.9490756916179775e-6,7.142548631314977e-7,3.5094576648604755e-6,4.462245938151749e-7,4.503608454412961e-7,0.009611468366699714,5.935820362258395,2.766371408105744,0.3856512024554324,0.32009670982092264,0.12466140420240608,25.0,25.0,25.0,25.0,25.0,25.0,24.0,9.542,0.0,0.0,1.0,1781028134148555432
1781028134255216376,0.00040466150267735727,57.26216477535521,103.13202638876233,-0.0007138348930304938,-0.01439086642123698,-0.0002118588589442552,2.2519290555584986e-7,3.947880484234565e-6,7.143399257927951e-7,3.507139577861177e-6,4.458377620586095e-7,4.500428025532685e-7,0.009629443290250669,5.935819838665764,2.766368196497829,0.38565408476024104,0.3200970713327197,0.12466221458806025,25.0,25.0,25.0,25.0,25.0,25.0,24.0,9.542,0.0,0.0,1.0,1781028134251764720
1781028134354270215,0.00040468496271654054,57.26216518652787,103.13202646317728,-0.0007134696915470739,-0.014390820000744264,-0.00021181199672719135,2.2523840808374995e-7,3.946680508973336e-6,7.144219092986157e-7,3.504828047122653e-6,4.454527597899428e-7,4.4972314756351785e-7,0.009647418851891446,5.935819314983776,2.766364984757427,0.38565696716743114,0.3200974328532094,0.12466302500387928,25.0,25.0,25.0,25.0,25.0,25.0,24.0,9.542,0.0,0.0,1.0,1781028134354056310
1781028134456456466,0.0004047037341223503,57.26216551537622,103.1320265227155,-0.000713177704232891,-0.014390782893332003,-0.0002117745308121489,2.2527429345602214e-7,3.9457234462285345e-6,7.144889498315422e-7,3.5029711499218344e-6,4.451430617941276e-7,4.494691016839271e-7,0.009661799774433148,5.935818895975044,2.7663624152696995,0.3856592731664073,0.3200977220759583,0.12466367335800752,25.0,25.0,25.0,25.0,25.0,25.0,24.0,9.542,0.0,0.0,1.0,1781028134430482207
1781028134555700993,0.0004047272025858179,57.26216592632448,103.13202659714604,-0.0007128129374871959,-0.014390736545258236,-0.00021172772823475452,2.2531934783320717e-7,3.944524095958335e-6,7.145696241456188e-7,3.500657718257171e-6,4.447587173466337e-7,4.491498942007826e-7,0.009679776519229012,5.9358183721279305,2.7663592032895963,0.3856621557584131,0.32009808361208986,0.12466448382801194,25.0,25.0,25.0,25.0,25.0,25.0,24.0,9.542,0.0,0.0,1.0,1781028134542165272
1781028134654342510,0.0004047506757091786,57.26216633714811,103.1320266715852,-0.000712448412412171,-0.01439069023737876,-0.00021168095876462645,2.253626979238326e-7,3.9433395397222e-6,7.146598806756178e-7,3.4983146434229785e-6,4.44367705303421e-7,4.488370860623777e-7,0.009697753915316227,5.935817848195054,2.76635599117712,0.3856650384522912,0.32009844515760577,0.1246652943279432,25.0,25.0,25.0,25.0,25.0,25.0,24.0,9.542,0.0,0.0,1.0,1781028134645847548
1781028134754912139,0.0004047741534906296,57.262166747847054,103.13202674603284,-0.0007120841289006468,-0.01439064396961946,-0.0002116342224303275,2.254074058690382e-7,3.942141401945098e-6,7.147399790470333e-7,3.495996093744989e-6,4.4398289012412795e-7,4.4851881106684966e-7,0.00971573196035069,5.935817324169565,2.7663527789329883,0.38566792124934174,0.3200988067101613,0.12466610485817428,25.0,25.0,25.0,25.0,25.0,25.0,24.0,9.542,0.0,0.0,1.0,1781028134750876780
1781028134855006781,0.0004047976359144336,57.26216715842135,103.13202682048887,-0.0007117200870742479,-0.01439059774195351,-0.000211587519210858,2.2545245878639835e-7,3.94093942395319e-6,7.148175464747837e-7,3.4936850124096784e-6,4.4360031825271547e-7,4.481988909181532e-7,0.009733710652853526,5.935816800052672,2.7663495665559,0.3856708041490558,0.3200991682715031,0.124666915418579,25.0,25.0,25.0,25.0,25.0,25.0,24.0,9.542,0.0,0.0,1.0,1781028134853060173
1781028134954847833,0.00040481642518580855,57.26216748679104,103.13202688005974,-0.0007114290276744305,-0.014390560788666145,-0.0002115501804684693,2.254884587300773e-7,3.939981247317728e-6,7.148805195888232e-7,3.491832844116342e-6,4.4329379173426627e-7,4.479435700577761e-7,0.009748094077824425,5.935816380691888,2.7663469965582115,0.3856731105434181,0.3200994575273647,0.1246675638888034,25.0,25.0,25.0,25.0,25.0,25.0,24.0,9.542,0.0,0.0,1.0,1781028134933357525
1781028135054223896,0.0004048446146351947,57.262167979196015,103.13202696942597,-0.0007109927287426599,-0.014390505406762791,-0.00021149421207099993,2.2554118285957617e-7,3.938544690200823e-6,7.149753773993646e-7,3.4890461193136513e-6,4.428326731597106e-7,4.47562789216806e-7,0.009769670010758734,5.935815751546265,2.7663431414029924,0.38567657025687024,0.3200998914204531,0.12466853662982992,25.0,25.0,25.0,25.0,25.0,25.0,24.0,9.542,0.0,0.0,1.0,1781028135053777089
1781028135154820018,0.00040486811091330937,57.2621683893964,103.13202704390686,-0.0007106294123297711,-0.01439045929915398,-0.0002114476081435174,2.255853363104816e-7,3.9373512066401934e-6,7.150560805515833e-7,3.4867185995804232e-6,4.424478614346894e-7,4.472460746351049e-7,0.00978765065080412,5.935815227158679,2.766339928627878,0.3856794534647476,0.3201002530079085,0.12466934728078996,25.0,25.0,25.0,25.0,25.0,25.0,24.0,9.542,0.0,0.0,1.0,1781028135154692921
1781028135254275999,0.0004048869112466125,57.26216871746696,103.13202710349744,-0.0007103389333443675,-0.014390422441821428,-0.00021141034882763085,2.2562085252098998e-7,3.936390622757543e-6,7.151152098111544e-7,3.484868674463738e-6,4.421432461058022e-7,4.469904169313907e-7,0.00980203565080487,5.935814807579081,2.7663373583121973,0.3856817601053345,0.32010054228329016,0.12466999582320971,25.0,25.0,25.0,25.0,25.0,25.0,24.0,9.542,0.0,0.0,1.0,1781028135235084758
1781028135354982702,0.00040491511724593594,57.262169209423256,103.13202719289298,-0.000709903505226662,-0.014390367203705158,-0.0002113544995436797,2.256729922763683e-7,3.934959907475141e-6,7.152113149772371e-7,3.482070608040663e-6,4.416814168426701e-7,4.466116666878359e-7,0.009823613919285202,5.935814178107766,2.7663335026788975,0.3856852201885867,0.3201009762076039,0.12467096867292134,25.0,25.0,25.0,25.0,25.0,25.0,24.0,9.542,0.0,0.0,1.0,1781028135354861024
1781028135454663033,0.0004049339249079955,57.26216953729441,103.1320272524964,-0.0007096134133763837,-0.014390330410179624,-0.00021131729315473463,2.2570860040925538e-7,3.934001250836439e-6,7.152709714884851e-7,3.4802177087493247e-6,4.413767337779075e-7,4.463563323881399e-7,0.00983799995030259,5.935813758384913,2.7663309321512815,0.38568752699378994,0.3201012654968149,0.12467161726378484,25.0,25.0,25.0,25.0,25.0,25.0,24.0,9.542,0.0,0.0,1.0,1781028135439147313
1781028135555116584,0.000404957438594505,57.26216994702118,103.1320273270078,-0.0007092510163667676,-0.01439028445410579,-0.00021127081493666869,2.2575234501600773e-7,3.932803580800437e-6,7.153463286992077e-7,3.4778942221399694e-6,4.409944820988983e-7,4.4603885309036403e-7,0.009855983080107964,5.935813233653736,2.7663277188720614,0.38569041059165154,0.320101627116283,0.124672428029187,25.0,25.0,25.0,25.0,25.0,25.0,24.0,9.542,0.0,0.0,1.0,1781028135534611282
1781028135654921382,0.0004049809568341542,57.262170356623336,103.13202740152708,-0.0007088888614450728,-0.014390238537816695,-0.000211224369780351,2.2579588474410007e-7,3.931606783754286e-6,7.15421508995847e-7,3.4755691765738947e-6,4.40612518249605e-7,4.457216878009247e-7,0.009873966865821251,5.935812708830849,2.76632450545925,0.38569329429218624,0.3201019887440341,0.12467323882470308,25.0,25.0,25.0,25.0,25.0,25.0,24.0,9.542,0.0,0.0,1.0,1781028135634685016
1781028135754207300,0.0004050091847161422,57.26217084798145,103.13202749096048,-0.0007084545951678436,-0.014390183490733092,-0.00021116867922455233,2.2584769719741719e-7,3.9301738738666355e-6,7.155123882685134e-7,3.4727740127843464e-6,4.401537758898927e-7,4.4534217034212166e-7,0.00989554826601296,5.93581207892253,2.7663206491886743,0.3856967548690035,0.3201024227090634,0.12467421181934062,25.0,25.0,25.0,25.0,25.0,25.0,24.0,9.543,0.0,0.0,1.0,1781028135753923901
1781028135856569786,0.0004050280069311888,57.26217117545383,103.13202755058887,-0.0007081652780032921,-0.014390146824424317,-0.00021113157863958577,2.2588313139372017e-7,3.929212122165218e-6,7.15567988289566e-7,3.470924610646439e-6,4.398515358048325e-7,4.450860146901919e-7,0.009909936386171991,5.935811658910134,2.7663180782365866,0.385699062002875,0.32010271202499996,0.12467486050671438,25.0,25.0,25.0,25.0,25.0,25.0,24.0,9.543,0.0,0.0,1.0,1781028135837531777
1781028135954352603,0.00040505153876992166,57.26217158468216,103.13202762513129,-0.0007078038495466913,-0.014390101027231804,-0.00021108523265138933,2.2592754357529445e-7,3.928009328627181e-6,7.156365907654473e-7,3.4686143154578985e-6,4.394744350248119e-7,4.447654055860625e-7,0.00992792212174725,5.935811133811053,2.766314864425116,0.38570194601257984,0.32010307367874596,0.1246756713930843,25.0,25.0,25.0,25.0,25.0,25.0,24.0,9.543,0.0,0.0,1.0,1781028135938821424
1781028136057535831,0.00040507507511421766,57.262171993785905,103.13202769968127,-0.0007074426634011743,-0.014390055269672606,-0.0002110389196923273,2.2597019929865194e-7,3.926818032067122e-6,7.157117485584586e-7,3.4662794832012165e-6,4.390922953629042e-7,4.444502172555678e-7,0.009945908520282144,5.935810608625348,2.7663116504822716,0.3857048301247909,0.3201034353402682,0.12467648230947886,25.0,25.0,25.0,25.0,25.0,25.0,24.0,9.543,0.0,0.0,1.0,1781028136043466892
1781028136154351804,0.00040509861596012254,57.26217240276504,103.13202777423876,-0.0007070817195100191,-0.014390009551680466,-0.0002109926397795735,2.2601302557614825e-7,3.9256230961542626e-6,7.157844850425964e-7,3.4639491174046177e-6,4.387114403057562e-7,4.4413401068322644e-7,0.009963895561790536,5.935810083349886,2.7663084364059407,0.38570771433929113,0.32010379701105796,0.12467729325600256,25.0,25.0,25.0,25.0,25.0,25.0,24.0,9.543,0.0,0.0,1.0,1781028136135399314
1781028136255070895,0.00040512216129132605,57.26217281161961,103.13202784880366,-0.0007067210180181557,-0.014389963873240144,-0.00021094639288628383,2.2605509441262275e-7,3.924435380638647e-6,7.15860784210967e-7,3.4616061191755127e-6,4.38328457483539e-7,4.4382047204067524e-7,0.009981883258880568,5.935809557984019,2.7663052221972277,0.3857105986567099,0.32010415868979286,0.12467810423271528,25.0,25.0,25.0,25.0,25.0,25.0,24.0,9.543,0.0,0.0,1.0,1781028136246561490
1781028136354253647,0.0004051457111048891,57.262173220349574,103.13202792337592,-0.0007063605588314621,-0.01438991823427704,-0.00021090017903539483,2.260990514176864e-7,3.9232318036166606e-6,7.159259268715456e-7,3.4592949805649816e-6,4.379531679738896e-7,4.434999483689158e-7,0.009999871606994564,5.935809032522578,2.7663020078543767,0.3857134830775436,0.32010452037738657,0.12467891523981924,25.0,25.0,25.0,25.0,25.0,25.0,24.0,9.543,0.0,0.0,1.0,1781028136336375062
1781028136454708827,0.0004051692653825901,57.26217362895498,103.13202799795545,-0.0007060003421231658,-0.014389872634780176,-0.00021085399819447903,2.261416016702477e-7,3.922037074639223e-6,7.159965777690712e-7,3.4569630075232955e-6,4.375733728090233e-7,4.431839289022546e-7,0.010017860601348136,5.935808506975132,2.766298793379452,0.3857163676003389,0.32010488207362897,0.12467972627693807,25.0,25.0,25.0,25.0,25.0,25.0,24.0,9.543,0.0,0.0,1.0,1781028136449676972
1781028136554675544,0.0004051928241168533,57.262174037435805,103.13202807254218,-0.000705640367873807,-0.01438982707469238,-0.00021080785037132948,2.2618454044433573e-7,3.9208413269489895e-6,7.160651786226444e-7,3.454637727552437e-6,4.3719583051000826e-7,4.428664540953815e-7,0.010035850260909971,5.935807981333607,2.7662955787719734,0.38571925222697623,0.32010524377777083,0.1246805373444482,25.0,25.0,25.0,25.0,25.0,25.0,24.0,9.543,0.0,0.0,1.0,1781028136545308898
1781028136654612899,0.00040521638729466326,57.26217444579208,103.13202814713604,-0.0007052806361571232,-0.014389781553983363,-0.00021076173555265284,2.262270666874364e-7,3.919644780138181e-6,7.161327173854628e-7,3.452309940264753e-6,4.368182933964776e-7,4.4254958263452897e-7,0.010053840572517564,5.9358074556031415,2.7662923640311066,0.3857221369555606,0.32010560549019573,0.12468134844189868,25.0,25.0,25.0,25.0,25.0,25.0,24.0,9.543,0.0,0.0,1.0,1781028136646130587
1781028136754589644,0.0004052399549086428,57.26217485402377,103.132028221737,-0.0007049211469660964,-0.014389736072598991,-0.00021071565374452663,2.262692739463718e-7,3.918451557255301e-6,7.162021591847599e-7,3.4499749861029853e-6,4.364393761439067e-7,4.422340125419627e-7,0.010071831521431918,5.935806929783277,2.7662891491569503,0.3857250217871327,0.32010596721228646,0.12468215956974862,25.0,25.0,25.0,25.0,25.0,25.0,24.0,9.543,0.0,0.0,1.0,1781028136743617106
1781028136856636735,0.0004052635269469326,57.26217526213093,103.1320282963449,-0.0007045619003696213,-0.014389690630500602,-0.00021066960493570816,2.263129176295272e-7,3.917247949087601e-6,7.162634219526076e-7,3.447665328960814e-6,4.360669576451039e-7,4.419130683241559e-7,0.010089823139313244,5.935806403866906,2.766285934150999,0.3857279067224196,0.32010632894126195,0.12468297072791328,25.0,25.0,25.0,25.0,25.0,25.0,24.0,9.543,0.0,0.0,1.0,1781028136846551673
1781028136954752171,0.00040528710339534144,57.262175670113535,103.13202837095974,-0.0007042028964489615,-0.014389645227661865,-0.00021062358911126227,2.2635461226318297e-7,3.9160552423112555e-6,7.163314122794524e-7,3.4453283629545575e-6,4.356886788380243e-7,4.415980564915392e-7,0.010107815407340704,5.935805877865874,2.7662827190113957,0.3857307917595534,0.32010669067950603,0.12468378191603716,25.0,25.0,25.0,25.0,25.0,25.0,24.0,9.543,0.0,0.0,1.0,1781028136944528817
1781028137054751317,0.0004053106842481217,57.26217607797162,103.13202844558144,-0.0007038441351924691,-0.014389599864025734,-0.00021057760627844828,2.263966188707385e-7,3.914860646603796e-6,7.163977300676291e-7,3.442994035657521e-6,4.353112261248916e-7,4.412823285022148e-7,0.010125808320741576,5.93580535177564,2.7662795037393293,0.3857336768993451,0.32010705242622123,0.12468459313438245,25.0,25.0,25.0,25.0,25.0,25.0,24.0,9.543,0.0,0.0,1.0,1781028137049028281
1781028137154787661,0.00040533426949041634,57.262176485705155,103.13202852020991,-0.0007034856166837769,-0.014389554539562076,-0.0002105316564215516,2.264382275020715e-7,3.9136698761888976e-6,7.164655485802655e-7,3.4406555122727865e-6,4.349335500845616e-7,4.409675429785654e-7,0.010143801898395154,5.935804825592093,2.7662762883345784,0.3857365621425125,0.3201074141811289,0.12468540438300064,25.0,25.0,25.0,25.0,25.0,25.0,24.0,9.543,0.0,0.0,1.0,1781028137147614942
1781028137256632173,0.0004053578591130772,57.26217689331418,103.13202859484508,-0.0007031273409258827,-0.014389509254217815,-0.00021048573954329423,2.2647995356234082e-7,3.912476201918645e-6,7.16530552379271e-7,3.438320422351962e-6,4.345573455333682e-7,4.406518937246642e-7,0.010161796113867517,5.935804299318456,2.7662730727956935,0.38573944748847744,0.32010777594492656,0.12468621566194006,25.0,25.0,25.0,25.0,25.0,25.0,24.0,9.543,0.0,0.0,1.0,1781028137251450599
1781028137354221191,0.0004053814531089259,57.262177300798655,103.13202866948686,-0.0007027693079305539,-0.01438946400794874,-0.0002104398556442812,2.2652226078822193e-7,3.911279230109129e-6,7.165925336894363e-7,3.435994611727763e-6,4.341834883188862e-7,4.403342487619983e-7,0.01017979099877259,5.935803772950779,2.766269857124877,0.3857423329375981,0.32010813771656565,0.12468702697104736,25.0,25.0,25.0,25.0,25.0,25.0,24.0,9.543,0.0,0.0,1.0,1781028137351859265
1781028137454322252,0.0004054003314435982,57.26217762669663,103.13202872920502,-0.0007024830564154964,-0.014389427839051457,-0.00021040317225337209,2.2655608124438138e-7,3.910320731730782e-6,7.166411942225762e-7,3.4341348988283203e-6,4.338852188966056e-7,4.400798187298726e-7,0.010194187357404438,5.935803351790613,2.766267284491798,0.3857446413711584,0.3201084271406633,0.12468767604030163,25.0,25.0,25.0,25.0,25.0,25.0,24.0,9.543,0.0,0.0,1.0,1781028137428069064
1781028137555042070,0.00040542393327596933,57.262178033957035,103.1320288038586,-0.000702125460633509,-0.014389382663041824,-0.00021035734767443104,2.26596751503373e-7,3.909133299159516e-6,7.167085549339291e-7,3.431786338855415e-6,4.335068142471839e-7,4.397671620145235e-7,0.010212183413906128,5.935802825267362,2.76626406858144,0.38574752700448206,0.3201087889279683,0.12468848740359369,25.0,25.0,25.0,25.0,25.0,25.0,24.0,9.543,0.0,0.0,1.0,1781028137538486531
1781028137654806534,0.000405447539452324,57.26217844109291,103.13202887851855,-0.0007017681077018399,-0.014389337525984033,-0.0002103115560647811,2.266385381246337e-7,3.907937039104714e-6,7.167686848456215e-7,3.4294563247826605e-6,4.331336031822639e-7,4.394502694529891e-7,0.010230180117889155,5.93580229864582,2.766260852536964,0.3857504127413836,0.32010915072386664,0.12468929879733208,25.0,25.0,25.0,25.0,25.0,25.0,24.0,9.543,0.0,0.0,1.0,1781028137633591279
1781028137754236374,0.0004054707819143785,57.26217756048591,103.13202891871444,-0.0007011861694993849,-0.014389810487523231,-0.00021026254833709775,4.131103162400064e-8,-0.00006550840832738602,5.752554085718509e-7,8.826702521136592e-6,-0.000028922578757587064,8.154399133247467e-7,0.010250354528423536,5.93577702359177,2.766235323376686,0.3857557857083262,0.32012121770753404,0.12469100264878168,25.0,25.0,25.0,25.0,25.0,25.0,24.0,9.543,0.0,0.0,1.0,1781028137753810169
1781028137854556258,0.0004055134656866654,57.26217651759673,103.132029054041,-0.0007003857892064586,-0.014390382302884114,-0.00021026462991345125,3.442311675674204e-6,0.00002695880835064743,-0.000017900220340892516,0.00005633726638221096,0.000035247645745259365,-0.000011961960094872412,0.010266370779507605,5.935801995940848,2.766254930447252,0.3857560452222117,0.320109481485926,0.12469084917933212,25.0,25.0,25.0,25.0,25.0,25.0,24.0,9.543,0.0,0.0,1.0,1781028137834296297
1781028137954922418,0.0004472234960084563,57.26219455835358,103.13203250701127,-0.0009365131414963898,-0.014385638444554294,-0.00022055358001180043,0.001696037302220453,0.00020880869815257272,-0.0001152255249206623,-0.009374394370330883,0.0002183305574100743,-0.0004976634862872533,0.005059761777848793,5.934379406560829,2.7632003998808137,0.38745819740920834,0.3208635502955916,0.125364358747901,25.0,25.0,25.0,25.0,25.0,25.0,24.0,9.536,0.0,0.0,1.0,1781028137935318082
1781028138057585472,0.0002658111295644392,57.2620735182499,103.13200396408656,-0.0023636688246180685,-0.014254896942038403,-0.0002637229809912945,-0.01986707149157141,-0.005283944219198246,-0.00038414019904795227,0.021773237061991225,0.0035790346345060072,0.002389234520535969,0.00489839568961925,5.932598286577586,2.7628110018011083,0.3882825021480894,0.32222105640128723,0.12568320971579658,25.0,25.0,25.0,25.0,25.0,25.0,24.0,9.536,0.0,0.0,1.0,1781028138039448741
1781028138154417047,-0.003891419084836377,57.26150751263838,103.13205986293654,0.006867295364047922,-0.0139085895398812,0.0005299071711380879,-0.011991682841605109,-0.0021097942921465065,-0.00044831018537982574,0.028520652849459812,0.001513618580283407,0.00209350412004529,0.017684653637637347,5.937037847856807,2.767195975633801,0.3844719359869044,0.31940346234793104,0.12406732373940554,25.0,25.0,25.0,25.0,25.0,25.0,24.0,9.55,0.0,0.0,1.0,1781028138137083909
1781028138255108206,-0.004324968912029837,57.26145458335516,103.13205155628518,0.007915707276896645,-0.013846613747239698,0.0006043699064989321,-0.0009599495066755626,-0.00011213223234705348,-0.000029683224757117947,0.002589157460718099,0.00018473430679384723,0.00015159573746432645,0.01076427453906438,5.935876071344605,2.7662168114510184,0.3856033101496326,0.32010807847295786,0.1245146221376511,25.0,25.0,25.0,25.0,25.0,25.0,24.0,9.543,0.0,0.0,1.0,1781028138241981521
1781028138355074748,-0.004364984016947331,57.26144987972469,103.13205108374228,0.008045165854580674,-0.013837897112893151,0.0006107926481153364,-0.00015692046384679077,-0.0000321946223410176,4.580042547122617e-7,0.0007284319030524603,0.0000431538258121367,0.00002479650885754264,0.010390654650738688,5.935821190054243,2.7661766105310006,0.3856834868364468,0.32014521002723206,0.12454481063997772,25.0,25.0,25.0,25.0,25.0,25.0,24.0,9.543,0.0,0.0,1.0,1781028138338003686
1781028138455557652,-0.004376894491927647,57.26144627129859,103.13205106044528,0.008111600033963747,-0.013834259550324482,0.0006126431780392325,-0.00009641696004173462,-0.00003673623654891066,-1.0080190571396538e-6,0.0006013585028256072,0.00003147968274429913,0.000014747285005797437,0.010379377874635025,5.935819205044621,2.766176107202984,0.3856912906271429,0.320146950568108,0.12454694572297692,25.0,25.0,25.0,25.0,25.0,25.0,24.0,9.543,0.0,0.0,1.0,1781028138439512978
1781028138554398630,-0.004386375143878585,57.26144234451934,103.1320508989264,0.008173256367177407,-0.013831072844471142,0.0006140816141726601,-0.00008744920895195444,-0.000038141565284942736,-1.9009618767847109e-6,0.0005859779040923854,0.000030072778844708243,0.000013197228580721938,0.010392706699307308,5.935819497023133,2.766177074011374,0.385694321453615,0.3201470598569025,0.12454724452879916,25.0,25.0,25.0,25.0,25.0,25.0,24.0,9.543,0.0,0.0,1.0,1781028138540333631
1781028138654571262,-0.004395177817042487,57.26143837499339,103.1320506816718,0.008233797321863544,-0.01382797917109649,0.0006154059865739808,-0.00008188706433239603,-0.000037963367144310365,-2.209228074002543e-6,0.0005768960575346813,0.000029371460446433677,0.000012291224766508482,0.0104074366069675,5.935819849268637,2.766178009194914,0.38569704437902547,0.32014712520969096,0.12454743936141734,25.0,25.0,25.0,25.0,25.0,25.0,24.0,9.543,0.0,0.0,1.0,1781028138644952918
1781028138754222630,-0.004403421635627497,57.26143444905231,103.13205044309134,0.008293412396170874,-0.013824955547859449,0.0006166409901317414,-0.00007663141079622705,-0.00003741242640429818,-2.353630043856582e-6,0.0005680790573896341,0.00002871032665441599,0.000011460208178456194,0.01042210757671934,5.9358201943257525,2.766178922674277,0.3856997402630444,0.3201471943754083,0.12454763859195216,25.0,25.0,25.0,25.0,25.0,25.0,24.0,9.543,0.0,0.0,1.0,1781028138743180856
1781028138856661025,-0.004411126476261152,57.26143058544151,103.13205019214058,0.008352114299679178,-0.013822000206783884,0.0006177911666531488,-0.00007153133023103391,-0.00003679037012749,-2.457359719752227e-6,0.0005593681541784512,0.00002806030017760695,0.000010659648263008282,0.01043665799846832,5.935820535135387,2.7661798297537774,0.3857024228822221,0.3201472630818265,0.12454784716594308,25.0,25.0,25.0,25.0,25.0,25.0,24.0,9.543,0.0,0.0,1.0,1781028138846998434
1781028138955259451,-0.0044183084993977655,57.26142678709357,103.13204993110848,0.008409916583561034,-0.01381911185798603,0.000618859356185982,-0.00006658725696212019,-0.00003616406204540185,-2.549689055781606e-6,0.0005508041566730322,0.00002742383100715558,9.884720282322063e-6,0.010451092841500913,5.935820872938767,2.766180733955416,0.3857050919232807,0.3201473297800172,0.1245480646378737,25.0,25.0,25.0,25.0,25.0,25.0,24.0,9.543,0.0,0.0,1.0,1781028138946106758
1781028139054361470,-0.004423688593733199,57.26142379508865,103.1320497155407,0.008455521447489494,-0.01381684842421954,0.0006196566215851816,-0.00006274349796088594,-0.000035670029680986194,-2.620015626721717e-6,0.0005440662625180369,0.00002692505768151977,9.282316560404524e-6,0.010462559628661388,5.935821141213668,2.766181455684093,0.3857072171259091,0.32014738146951316,0.12454824472063997,25.0,25.0,25.0,25.0,25.0,25.0,24.0,9.543,0.0,0.0,1.0,1781028139023075283
1781028139154459028,-0.004431168628878782,57.261419383407926,103.13204938143888,0.00852288680250473,-0.013813530210864617,0.0006207600266477075,-0.000057158866051141104,-0.000034944175253188,-2.7214972436456716e-6,0.0005341472100122188,0.000026194130856853612,8.406882122241328e-6,0.010479626133021247,5.93582154043502,2.766182535558281,0.3857103880183197,0.3201474562078283,0.12454852459898952,25.0,25.0,25.0,25.0,25.0,25.0,24.0,9.543,0.0,0.0,1.0,1781028139146844288
1781028139254890513,-0.004436878059925979,57.26141577549205,103.13204909351909,0.008578087204700317,-0.013810833932744043,0.0006215973863033811,-0.00005266581703263397,-0.00003435357604644525,-2.8028364602831493e-6,0.0005260494708557421,0.000025600454426485708,7.702310357682105e-6,0.010493726573565091,5.935821870218181,2.7661834328227823,0.3857130148203954,0.32014751597890484,0.12454876642393682,25.0,25.0,25.0,25.0,25.0,25.0,24.0,9.543,0.0,0.0,1.0,1781028139253341965
1781028139355065635,-0.004441113461943304,57.26141293301977,103.13204885717856,0.00862164527351064,-0.013808720970259902,0.0006222151810914065,-0.000049173292552425615,-0.00003389025789949682,-2.865887351403678e-6,0.0005196783478542971,0.000025135331875256866,7.154458325920072e-6,0.01050492783255346,5.935822132154487,2.76618414880358,0.3857151059900988,0.3201475621972807,0.1245489652912786,25.0,25.0,25.0,25.0,25.0,25.0,24.0,9.543,0.0,0.0,1.0,1781028139335538130
1781028139455639820,-0.004446004728967855,57.261409433656596,103.132048554489,0.008675352881097824,-0.0138061336651565,0.0006229241988677428,-0.00004493125509612274,-0.000033322267479618794,-2.9422467355334874e-6,0.0005118448822775712,0.000024565886833999953,6.488802657100699e-6,0.010518831259193704,5.935822457210684,2.76618504136099,0.38571770705276087,0.3201476180245265,0.12454922038932048,25.0,25.0,25.0,25.0,25.0,25.0,24.0,9.543,0.0,0.0,1.0,1781028139431134216
1781028139554327841,-0.004451301759297883,57.26140531154689,103.13204818097972,0.008738736329752052,-0.013803106152003933,0.0006236851655141419,-0.000040016413423316046,-0.000032656507864190474,-3.0303295384211277e-6,0.0005026307375384407,0.00002389958103899769,5.717243101564353e-6,0.010535372105278142,5.9358228438384995,2.7661861087008415,0.38572080933612296,0.3201476822468954,0.1245495356951016,25.0,25.0,25.0,25.0,25.0,25.0,24.0,9.543,0.0,0.0,1.0,1781028139553648411
1781028139654385830,-0.004454497059599436,57.26140260923202,103.13204792596312,0.008780357682164681,-0.013801133569419416,0.0006241397102733527,-0.00003684295155291514,-0.000032221985759081454,-3.086956889328055e-6,0.0004965977454482124,0.000023465420872229178,5.218844411885846e-6,0.010546313155586072,5.935823099502424,2.766186817888397,0.385722865969717,0.3201477234307987,0.12454975124972915,25.0,25.0,25.0,25.0,25.0,25.0,24.0,9.543,0.0,0.0,1.0,1781028139633224496
1781028139754984041,-0.004458802817657291,57.26139862287201,103.1320475347688,0.008841856313902333,-0.01379824168729082,0.0006247449952120978,-0.0000322323085829043,-0.00003158370463298295,-3.1688089949365684e-6,0.0004877082376449922,0.000022828793353243183,4.494428011097203e-6,0.010562596272422255,5.935823479893489,2.7661878779478437,0.3857259335259943,0.32014778283320805,0.12455008227398912,25.0,25.0,25.0,25.0,25.0,25.0,24.0,9.543,0.0,0.0,1.0,1781028139752850970
1781028139858044693,-0.004461358075276973,57.261396009177254,103.13204726839082,0.008882243377204972,-0.013796357492141429,0.0006250989765867845,-0.000029255387380893995,-0.000031166948199918525,-3.221365815462179e-6,0.00048188602805583126,0.000022413877697873423,4.0264877140392435e-6,0.010573366635435368,5.935823731417215,2.76618858208254,0.3857279669343851,0.32014782089508087,0.12455030789548892,25.0,25.0,25.0,25.0,25.0,25.0,24.0,9.543,0.0,0.0,1.0,1781028139835197383
1781028139955040276,-0.004464208666867645,57.26139279041157,103.13204692937276,0.008932050721489487,-0.013794050342274097,0.000625487450227179,-0.000025639861285225248,-0.000030655550066182237,-3.2848320282525166e-6,0.0004747223830474094,0.0000219056270495464,3.457937006749729e-6,0.010586734584266434,5.9358240435052565,2.7661894592464957,0.38573049557540906,0.32014786678742163,0.12455059525662426,25.0,25.0,25.0,25.0,25.0,25.0,24.0,9.543,0.0,0.0,1.0,1781028139937828697
1781028140055712737,-0.004466688848891667,57.26138962435357,103.13204658387482,0.008981118591426642,-0.013791795521827547,0.0006258176615748701,-0.000022138381293557343,-0.000030154499376259653,-3.345886553311727e-6,0.0004676826573605141,0.0000214086534739093,2.9070538352261045e-6,0.010599997628124408,5.935824353024431,2.766190332973623,0.38573300960934265,0.32014791085616706,0.12455088832367818,25.0,25.0,25.0,25.0,25.0,25.0,24.0,9.543,0.0,0.0,1.0,1781028140043930075
1781028140155114143,-0.004468810314622514,57.26138650994294,103.13204623214648,0.00902945972573335,-0.013789591872945074,0.0006260914228382756,-0.00001874752388151152,-0.000029663480877437724,-3.404567053136722e-6,0.00046076376322672346,0.000020922652127820573,2.373317466801932e-6,0.010613156416786132,5.935824659988976,2.766191203158933,0.3857355090083848,0.3201479531532721,0.12455118686725444,25.0,25.0,25.0,25.0,25.0,25.0,24.0,9.543,0.0,0.0,1.0,1781028140140018342
1781028140256587023,-0.004470584407490328,57.261383446149466,103.1320458744318,0.009077086553923915,-0.013787438267855529,0.000626310492079863,-0.00001546399115994235,-0.000029182206054033888,-3.460919316286737e-6,0.00045396276815924024,0.000020447334531167293,1.856221984886642e-6,0.01062621163569805,5.935824964414113,2.7661920697022846,0.3857379937479499,0.32014799372935326,0.12455149066462992,25.0,25.0,25.0,25.0,25.0,25.0,24.0,9.543,0.0,0.0,1.0,1781028140247434114
1781028140354835030,-0.0044720221338360455,57.2613804319718,103.13204551096976,0.009124011208640785,-0.013785333607796978,0.0006264765752593363,-0.000012284602391833136,-0.00002871042504898703,-3.515009838310517e-6,0.0004472769461007334,0.00001998244117530686,1.3552638541692477e-6,0.010639164129256796,5.935825266298956,2.766192932508472,0.3857404638053905,0.32014803262819713,0.12455179949807874,25.0,25.0,25.0,25.0,25.0,25.0,24.0,9.543,0.0,0.0,1.0,1781028140339891865
1781028140455590252,-0.004472937319516399,57.26137805569787,103.13204521621924,0.009161053338320596,-0.013783684399681416,0.0006265724061519612,-9.814011862198413e-6,-0.00002833964970734212,-3.556679078647195e-6,0.0004420093754405644,0.000019617847732459868,9.65802979234093e-7,0.010649452588515145,5.935825505989764,2.7661936200021024,0.38574242927015745,0.3201480625738493,0.1245520500506892,25.0,25.0,25.0,25.0,25.0,25.0,24.0,9.543,0.0,0.0,1.0,1781028140421059550
1781028140554948541,-0.004473930899004111,57.26137454859582,103.13204476773326,0.009215801113617528,-0.013781266866547688,0.0006266563581154756,-6.226103401792495e-6,-0.00002779428058680875,-3.6165775685443218e-6,0.0004342400837806468,0.000019082860055958656,3.999005185024496e-7,0.0106647635798939,5.935825862512777,2.7661946465584055,0.38574535981695185,0.32014810558420914,0.12455243144540162,25.0,25.0,25.0,25.0,25.0,25.0,24.0,9.543,0.0,0.0,1.0,1781028140546612405
1781028140654787303,-0.004474348023698655,57.261372248043685,103.13204446466985,0.009251764481695807,-0.013779691935281849,0.0006266736319429162,-3.910677912930366e-6,-0.00002743771541146103,-3.654807785081647e-6,0.000429146733377286,0.000018733951129600323,3.4496390938147387e-8,0.01067489030915015,5.9358260981897555,2.7661953277441396,0.3857473017409028,0.3201481330215918,0.1245526892717383,25.0,25.0,25.0,25.0,25.0,25.0,24.0,9.543,0.0,0.0,1.0,1781028140626891381
1781028140755218076,-0.004474618365317104,57.26136885233793,103.13204400424596,0.0093049209944687,-0.013777383400857816,0.0006266434473301677,-5.487708401807936e-7,-0.000026913076984905773,-3.709649808061322e-6,0.00042163286715534007,0.00001822190035430655,-4.963528103867836e-7,0.010689960393787943,5.935826448721357,2.7661963446494235,0.3857501969601221,0.3201481723751891,0.1245530811116678,25.0,25.0,25.0,25.0,25.0,25.0,24.0,9.543,0.0,0.0,1.0,1781028140751148222
1781028140854259217,-0.004474528372623256,57.26136607214968,103.13204361545162,0.009348507167122228,-0.01377550792952537,0.0006265684945974104,2.1537928925437313e-6,-0.00002648500991281973,-3.753121299029885e-6,0.0004154844575129331,0.000017805317042846793,-9.233678472664916e-7,0.01070240962877776,5.935826738104494,2.7661971875258287,0.38575259344559953,0.3201482035610913,0.124553412115959,25.0,25.0,25.0,25.0,25.0,25.0,24.0,9.543,0.0,0.0,1.0,1781028140852629581
1781028140955200754,-0.004474161612154799,57.261363336113,103.13204322223687,0.009391458341440216,-0.013773675364826994,0.0006264497980840144,4.769082257138962e-6,-0.00002606501054949952,-3.794609967439514e-6,0.000409436519222189,0.000017397698393168844,-1.336840050415354e-6,0.010714760371717692,5.935827025020905,2.7661980261941617,0.3857549752067682,0.3201482333295897,0.12455374699291012,25.0,25.0,25.0,25.0,25.0,25.0,24.0,9.543,0.0,0.0,1.0,1781028140951151510
1781028141054558978,-0.004473674957722025,57.26136117851476,103.1320429046196,0.009425369044168208,-0.0137722395853461,0.0006263242806092411,6.800153241717804e-6,-0.000025734690372722817,-3.826410300146781e-6,0.00040466908627296384,0.00001707791938310374,-1.6581299522385957e-6,0.01072457052870096,5.9358272527818325,2.7661986940572634,0.38575687001867687,0.32014825614731585,0.12455401756601128,25.0,25.0,25.0,25.0,25.0,25.0,24.0,9.543,0.0,0.0,1.0,1781028141033134270
1781028141154595107,-0.0044728324117386965,57.26135851987522,103.13204250395894,0.00946720315334733,-0.013770481943381506,0.0006261303212459601,9.264563955942163e-6,-0.000025328689216593508,-3.864437121967123e-6,0.0003987966052584841,0.00001668589541164195,-2.04817529225536e-6,0.010736745670908918,5.93582753529661,2.7661995250001388,0.3857592252942977,0.32014828345807006,0.12455435898062668,25.0,25.0,25.0,25.0,25.0,25.0,24.0,9.543,0.0,0.0,1.0,1781028141133453471
1781028141260801395,-0.004471489014017578,57.261355384723466,103.13204201808628,0.009516604275620906,-0.013768425997415429,0.0006258449493363943,0.0000121157872947669,-0.00002485142245922874,-3.907647307889241e-6,0.0003918744932294676,0.00001622653284163528,-2.4997750074447116e-6,0.010751228632346864,5.935827871088626,2.7662005163508527,0.3857620322179006,0.3201483144975503,0.12455477314889311,25.0,25.0,25.0,25.0,25.0,25.0,24.0,9.543,0.0,0.0,1.0,1781028141257272339
1781028141361613193,-0.00447010223148518,57.26135281720599,103.13204160918268,0.00955711679032837,-0.013766756053264577,0.0006255647904827005,0.000014406065279451375,-0.00002446170506815576,-3.941648356157805e-6,0.0003862076759433898,0.000015852690604045183,-2.8627743279076776e-6,0.010763192335548203,5.935828148271754,2.766201337598764,0.3857643551676233,0.3201483389641082,0.12455512183057858,25.0,25.0,25.0,25.0,25.0,25.0,24.0,9.543,0.0,0.0,1.0,1781028141354617869
1781028141461571418,-0.004468823621194423,57.26135079217653,103.1320412795691,0.009589104882779562,-0.013765447863546304,0.0006253138398579716,0.000016183743644535206,-0.000024155073041097406,-3.967587876580517e-6,0.00038173946793912026,0.00001555936210624508,-3.144703005250227e-6,0.010772694956126122,5.935828368278209,2.7662019913648264,0.3857662029629253,0.3201483576449113,0.12455540298042782,25.0,25.0,25.0,25.0,25.0,25.0,24.0,9.543,0.0,0.0,1.0,1781028141435689656
1781028141562001025,-0.004466633058753591,57.261347802060705,103.13204078121504,0.009636395021629177,-0.013763530870990843,0.0006248941576768989,0.000018761895312616517,-0.000023703475412645056,-4.0044367931475575e-6,0.0003751436735564264,0.00001512871668777577,-3.553861231961063e-6,0.010786835670313945,5.935828695420468,2.766202966578187,0.3857689570748449,0.32014838421714875,0.1245558282016785,25.0,25.0,25.0,25.0,25.0,25.0,24.0,9.543,0.0,0.0,1.0,1781028141558975155
1781028141663771733,-0.004464565974581078,57.26134535298672,103.13204036250858,0.009675179199023791,-0.01376197401353493,0.000624506063175764,0.00002083160924374734,-0.00002333461177750708,-4.033296288359622e-6,0.0003697428689070108,0.000014778214468811862,-3.882579115945938e-6,0.010798516543580864,5.935828965426077,2.7662037742237775,0.3857712360762726,0.32014840507012887,0.12455618559813106,25.0,25.0,25.0,25.0,25.0,25.0,24.0,9.543,0.0,0.0,1.0,1781028141660355420
1781028141762130933,-0.00446275945488174,57.26134342116618,103.13204002543486,0.0097058043891718,-0.013760754561516096,0.0006241713033700931,0.000022437272326892552,-0.00002304429377320418,-4.055204380248109e-6,0.00036548364002091186,0.000014503167672150452,-4.137758892317209e-6,0.01080779433783029,5.935829179724458,2.76620441701355,0.38577304876008184,0.32014842093173923,0.12455647340587878,25.0,25.0,25.0,25.0,25.0,25.0,24.0,9.543,0.0,0.0,1.0,1781028141738655867
1781028141861950088,-0.00446029421419135,57.261341544318086,103.1320395975946,0.009743287686468769,-0.013759053911498328,0.0006237236734184904,0.00002474945438724086,-0.00001568709753311984,-4.261136585742562e-6,0.000356062176936716,0.000017198692506785027,-4.512214006727808e-6,0.010819355858447052,5.93582966690671,2.76620545144088,0.3857752778271367,0.32014832246841857,0.12455682883217443,25.0,25.0,25.0,25.0,25.0,25.0,24.0,9.543,0.0,0.0,1.0,1781028141839043437
1781028141961743295,-0.004457610062939798,57.261339964157145,103.1320391514193,0.00978006834191422,-0.013757265357585957,0.0006232364125179138,0.000026680620712232124,-0.000014885511139757988,-4.293261147601642e-6,0.00035049428426659867,0.00001705630419177135,-4.823201335548152e-6,0.010830722948514287,5.935829741929243,2.7662061249345893,0.3857775453956589,0.32014842852199915,0.1245572096771414,25.0,25.0,25.0,25.0,25.0,25.0,24.0,9.543,0.0,0.0,1.0,1781028141950115306
1781028142062012327,-0.00445473148732798,57.26133843240476,103.13203870335552,0.00981629722390476,-0.013755506673740116,0.0006227182379412703,0.00002850267687054048,-0.00001455251963938245,-4.309587654807712e-6,0.0003453324877753437,0.000016720502157935096,-5.1123971912432594e-6,0.010842044792052814,5.935830007450726,2.766206970752144,0.3857797759320789,0.3201484359269313,0.12455758398598944,25.0,25.0,25.0,25.0,25.0,25.0,24.0,9.543,0.0,0.0,1.0,1781028142048288940
1781028142161272364,-0.004451032244926687,57.26133663603968,103.13203816319113,0.009859071894881472,-0.013753442871515573,0.0006220574647261958,0.00003060019858189205,-0.000014204210051619492,-4.332452703398114e-6,0.0003392849512416444,0.00001631531076181002,-5.446597076484802e-6,0.010855517556850151,5.935830335427505,2.766207990916192,0.3857824315203653,0.3201484369036404,0.12455803519048742,25.0,25.0,25.0,25.0,25.0,25.0,24.0,9.543,0.0,0.0,1.0,1781028142160387543
1781028142261849085,-0.004448422934597471,57.26133546220674,103.13203780148947,0.009887171814169612,-0.013752094880311582,0.000621594119002788,0.000031949402482785403,-0.000013979739240394736,-4.347534803682616e-6,0.0003353198346820474,0.00001605043763723142,-5.661948681670039e-6,0.010864428140465489,5.935830552542941,2.766208667252319,0.38578419019668864,0.32014843658865083,0.12455833752795126,25.0,25.0,25.0,25.0,25.0,25.0,24.0,9.543,0.0,0.0,1.0,1781028142249583515
1781028142361869496,-0.004445005896692343,57.26133402092763,103.13203734764484,0.00992183563534777,-0.013750440627521872,0.0006209901198605089,0.000033582683194987635,-0.000013704791578949442,-4.3653582250263395e-6,0.0003304338149378037,0.000015725310236733095,-5.922886278672539e-6,0.010875486438980606,5.9358308217760465,2.7662095079287417,0.3857863754878336,0.3201484353887938,0.12455871710514492,25.0,25.0,25.0,25.0,25.0,25.0,24.0,9.543,0.0,0.0,1.0,1781028142344437758
1781028142462552213,-0.004441421856163138,57.26133260798081,103.13203689201514,0.009955994641859305,-0.013748819891395576,0.0006203594281235286,0.00003515842634484106,-0.000013435466263367704,-4.381844620281384e-6,0.0003256240429549951,0.000015406627870091366,-6.174839231785117e-6,0.010886456569499691,5.935831088603578,2.766210343279446,0.38578854631852993,0.3201484333364716,0.12455909841640007,25.0,25.0,25.0,25.0,25.0,25.0,24.0,9.543,0.0,0.0,1.0,1781028142454177836
1781028142561527032,-0.004437676719051576,57.26133122279395,103.13203643474014,0.00998965669581269,-0.013747232007942114,0.0006197029662207376,0.00003667823342409861,-0.000013171551792996964,-4.396999381635218e-6,0.000320889087815805,0.000015094260641707856,-6.418059499292713e-6,0.0108973390424048,5.935831353024768,2.7662111732760732,0.3857907027373777,0.32014843046143265,0.12455948135273028,25.0,25.0,25.0,25.0,25.0,25.0,24.0,9.543,0.0,0.0,1.0,1781028142553241860
1781028142663138130,-0.004434568484943423,57.26133013425938,103.13203606782908,0.010016233721097513,-0.013745984918402517,0.0006191598466372584,0.00003785483072112912,-0.00001296419855259392,-4.408169162038037e-6,0.00031715402505413937,0.00001484881167144986,-6.6064934137371125e-6,0.010905982434599068,5.935831562844512,2.7662118334071426,0.3857924175208268,0.3201484275865887,0.12455978879663077,25.0,25.0,25.0,25.0,25.0,25.0,24.0,9.543,0.0,0.0,1.0,1781028142645535224
1781028142761373668,-0.004429725973436738,57.26132853350117,103.13203551580716,0.010055520659463003,-0.013744152216202336,0.0006183163011589703,0.000039556095386934746,-0.00001265930768572621,-4.4233668797861615e-6,0.00031163800378475814,0.000014487887701960264,-6.8791781004762704e-6,0.010918843935739265,5.935831874731732,2.766212817136239,0.38579497249723904,0.32014842234416535,0.12456025166033188,25.0,25.0,25.0,25.0,25.0,25.0,24.0,9.543,0.0,0.0,1.0,1781028142759615286
1781028142863053171,-0.004426381594821102,57.26132748729716,103.13203514678804,0.010081331783346154,-0.013742955237339144,0.0006177353306253624,0.000040648930522912746,-0.000012460067241363893,-4.432496736913363e-6,0.00030801745038144265,0.000014252016671774287,-7.054494905420133e-6,0.01092734973283535,5.935832080771232,2.7662134686322184,0.38579666438033505,0.32014841824782725,0.12456056128978148,25.0,25.0,25.0,25.0,25.0,25.0,24.0,9.543,0.0,0.0,1.0,1781028142840863664
1781028142961921490,-0.004422075357359389,57.261326202666304,103.13203468450028,0.010113174593731476,-0.013741486389252934,0.0006169889333171532,0.00004196973067550438,-0.00001221543119313979,-4.4428079733597375e-6,0.00030355451409089164,0.000013962403230849087,-7.266551099103506e-6,0.010937905398125948,5.935832336211157,2.7662142781320345,0.3857987664161202,0.3201484124703827,0.12456094942289636,25.0,25.0,25.0,25.0,25.0,25.0,24.0,9.543,0.0,0.0,1.0,1781028142952558487
1781028143062538085,-0.004417634202371542,57.261324943257605,103.13203422120348,0.010144556240898151,-0.01374004739990811,0.000616220864895439,0.00004324153320959717,-0.000011975605368773462,-4.451934755959611e-6,0.00029916020633028687,0.000013678488619340047,-7.470928868462421e-6,0.010948376700220842,5.935832589319888,2.7662150822074407,0.38580085424923033,0.320148405983109,0.12456133868034013,25.0,25.0,25.0,25.0,25.0,25.0,24.0,9.544,0.0,0.0,1.0,1781028143049897736
1781028143161951338,-0.0044130631613533405,57.26132370857683,103.13203375701995,0.010175483805269664,-0.01373863768268784,0.0006154319146261684,0.00004446566622773844,-0.000011740449084621843,-4.459884673334752e-6,0.00029483323557897,0.000013400136166346716,-7.667814653919257e-6,0.010958764205424592,5.935832840120287,2.766215880844067,0.3858029279289786,0.32014839881217216,0.1245617289675364,25.0,25.0,25.0,25.0,25.0,25.0,24.0,9.544,0.0,0.0,1.0,1781028143153542800
1781028143263794488,-0.004408367129267406,57.26132249814054,103.13203329206864,0.01020596424553268,-0.013737256662942714,0.0006146228507734225,0.00004564342762788447,-0.000011509901566146011,-4.4667200590943645e-6,0.00029057256315724757,0.000013127255466678836,-7.85742922894833e-6,0.01096906860506201,5.935833088617676,2.7662166740386054,0.3858049875054551,0.32014839097578696,0.12456212019150129,25.0,25.0,25.0,25.0,25.0,25.0,24.0,9.544,0.0,0.0,1.0,1781028143251657631
1781028143362182978,-0.004403550868301576,57.26132131147607,103.13203282646523,0.010236004400589744,-0.013735903777855754,0.000613794421314556,0.000046776071809191366,-0.000011283828959772086,-4.472450449596844e-6,0.0002863769544811235,0.000012859715849917715,-8.03994732180459e-6,0.010979290386945692,5.935833334842033,2.7662174617858946,0.385807033032725,0.32014838249674543,0.12456251226420972,25.0,25.0,25.0,25.0,25.0,25.0,24.0,9.544,0.0,0.0,1.0,1781028143348034773
1781028143461500535,-0.004398619011486618,57.261320148121136,103.1320323603221,0.010265610993050782,-0.013734578476031193,0.0006129473543821513,0.000047864823212506,-0.00001106215238921,-4.477120327520496e-6,0.0002822453723098134,0.000012597420538525408,-8.215567534422048e-6,0.010989430387063697,5.9358335787940035,2.766218244079184,0.3858090645587636,0.3201483733940714,0.12456290509542454,25.0,25.0,25.0,25.0,25.0,25.0,24.0,9.544,0.0,0.0,1.0,1781028143453650065
1781028143561830555,-0.004393576066230572,57.261319007623506,103.13203189374838,0.010294790631688274,-0.01373328021724736,0.0006120823588371105,0.000048910873830066246,-0.000010844786546965048,-4.480767272337409e-6,0.00027817675968939276,0.000012340269261985986,-8.384477854427046e-6,0.010999489182408322,5.9358338204888685,2.7662190209130944,0.3858110821379379,0.3201483636871599,0.12456329860084886,25.0,25.0,25.0,25.0,25.0,25.0,24.0,9.544,0.0,0.0,1.0,1781028143552442255
1781028143661665383,-0.004388426417713565,57.26131788954082,103.13203142685016,0.010323549813767189,-0.01373200847223864,0.0006112001248246439,0.00004991537921627783,-0.00001063161854222903,-4.483407661630398e-6,0.0002741700073878681,0.000012088147306221586,-8.546845645408549e-6,0.011009467421988026,5.9358340599469175,2.7662197922873264,0.3858130858238746,0.32014835339706504,0.12456369269759086,25.0,25.0,25.0,25.0,25.0,25.0,24.0,9.544,0.0,0.0,1.0,1781028143654733403
1781028143762186157,-0.00438317433218832,57.26131679344024,103.13203095973032,0.01035189492787329,-0.013730762722377448,0.000610301324226967,0.00005087946649987947,-0.000010422552144274617,-4.485066462499409e-6,0.0002702240588705456,0.000011840949919861195,-8.702840857060176e-6,0.011019365604456216,5.93583429718878,2.766220558201368,0.3858150756747407,0.32014834254321906,0.12456408730719416,25.0,25.0,25.0,25.0,25.0,25.0,24.0,9.544,0.0,0.0,1.0,1781028143753152777
1781028143863562076,-0.004377823960162431,57.261315718898246,103.13203049248892,0.01037983225622804,-0.01372954245943054,0.0006093866111549979,0.00005180423276166119,-0.000010217516069262444,-4.485784059442513e-6,0.0002663379547964446,0.000011598587789017537,-8.8526396684e-6,0.011029184487825977,5.935834532224271,2.7662213186566187,0.3858170517442767,0.32014833114127217,0.1245644823499562,25.0,25.0,25.0,25.0,25.0,25.0,24.0,9.544,0.0,0.0,1.0,1781028143855375975
1781028143962507744,-0.004373475613415736,57.261314874508,103.13203011867348,0.010401892668293016,-0.01372858426461263,0.0006086438122298132,0.00005251645268553885,-0.000010056322143580252,-4.485692674780407e-6,0.000263271466569817,0.000011408109493966972,-8.968123273390833e-6,0.01103698285091985,5.935834718675057,2.7662219230906975,0.3858186227171559,0.32014832163969864,0.12456479864601262,25.0,25.0,25.0,25.0,25.0,25.0,24.0,9.544,0.0,0.0,1.0,1781028143938680348
1781028144061766551,-0.004366844398432115,57.261313632840945,103.13202955802628,0.010434508166286554,-0.013727176411926122,0.0006075119780472973,0.00005354004423629764,-9.819173937601806e-6,-4.48449274871974e-6,0.0002587412914196282,0.000011127975791298456,-9.134291699001351e-6,0.011048586710858453,5.935834995736017,2.7662228231912276,0.3858209627701305,0.320148306771482,0.12456527343557695,25.0,25.0,25.0,25.0,25.0,25.0,24.0,9.544,0.0,0.0,1.0,1781028144057533100
1781028144161874792,-0.004361222958434235,57.26131262052302,103.1320290909906,0.010461258800578506,-0.013726029660827,0.0006065532816400816,0.00005435313712040324,-9.625680364958376e-6,-4.482523540140656e-6,0.00025502875067681197,0.000010899526636505076,-9.266447822654074e-6,0.01105817113073334,5.935835224253938,2.7662235672810773,0.38582289784716567,0.32014829384023874,0.12456566933574946,25.0,25.0,25.0,25.0,25.0,25.0,24.0,9.544,0.0,0.0,1.0,1781028144157842008
1781028144261934572,-0.004355518737048876,57.26131162815784,103.13202862420415,0.010487625759070394,-0.013724906462995744,0.0006055811207765639,0.00005513101547341373,-9.435911134407695e-6,-4.4797367921669325e-6,0.00025137229512660613,0.000010675553854641158,-9.393051274804684e-6,0.011067678785844255,5.935835450615754,2.76622430592472,0.38582481937486635,0.320148280430431,0.12456606537796622,25.0,25.0,25.0,25.0,25.0,25.0,24.0,9.544,0.0,0.0,1.0,1781028144258006444
1781028144361852805,-0.0043497353506495,57.261310655365,103.13202815775294,0.010513614824746224,-0.013723806358790737,0.0006045960675976742,0.000055874634557670705,-9.249745893457012e-6,-4.476131291282626e-6,0.00024777089060253684,0.000010455946271026342,-9.514227695571506e-6,0.011077110137689226,5.935835674851681,2.766225039123562,0.3858267274161181,0.3201482665609991,0.12456646149664996,25.0,25.0,25.0,25.0,25.0,25.0,24.0,9.544,0.0,0.0,1.0,1781028144354937440
1781028144461246187,-0.004343876317060311,57.26130970177194,103.13202769172013,0.010539231687240658,-0.013722728897562696,0.0006035986790372441,0.00005658492789582193,-9.067117866769225e-6,-4.471737253351428e-6,0.00024422367166461163,0.000010240621825679974,-9.630124053028505e-6,0.011086465791726905,5.935835896975634,2.7662257668895727,0.3858286220321558,0.3201482522466117,0.1245668576264282,25.0,25.0,25.0,25.0,25.0,25.0,24.0,9.544,0.0,0.0,1.0,1781028144459162262
1781028144562066688,-0.004337945058138705,57.261308767013894,103.1320272261863,0.010564481944473843,-0.01372167363750322,0.0006025894972595785,0.00005726280726601325,-8.887963375009327e-6,-4.4665857587666935e-6,0.0002407297877734696,0.000010029501203819806,-9.740885518987896e-6,0.011095746279563556,5.935836117004748,2.766226489234484,0.3858305032874972,0.32014823750416466,0.12456725370515896,25.0,25.0,25.0,25.0,25.0,25.0,24.0,9.544,0.0,0.0,1.0,1781028144556277420
1781028144661337959,-0.0043331502885273114,57.261308032528426,103.13202685417107,0.010584421898635616,-0.013720845122967264,0.0006017740158998085,0.00005778236745010737,-8.747087224010993e-6,-4.461932635742063e-6,0.00023797250905293287,9.863576128769865e-6,-9.825888115647518e-6,0.011103117136584803,5.935836291518314,2.7662270632038495,0.38583199870871093,0.32014822541191895,0.12456757048686912,25.0,25.0,25.0,25.0,25.0,25.0,24.0,9.544,0.0,0.0,1.0,1781028144636218831
1781028144762268077,-0.004325879086844932,57.26130695258162,103.13202629692556,0.010613904586027114,-0.013719627996913805,0.0006005378513309887,0.000058524840326192485,-8.539764128669162e-6,-4.454089481540294e-6,0.00023389858862621324,9.619536866067728e-6,-9.947536107058376e-6,0.011114084530126111,5.935836550820162,2.7662279176750464,0.3858342259540012,0.3201482067936888,0.12456804545783656,25.0,25.0,25.0,25.0,25.0,25.0,24.0,9.544,0.0,0.0,1.0,1781028144762095938
1781028144861838000,-0.004319750760498299,57.261306072215,103.13202583334748,0.01063808772322562,-0.013718636775343776,0.0005994964011154502,0.00005911069786700402,-8.370583638006352e-6,-4.4467922542028e-6,0.00023055960737744868,9.420533114498849e-6,-0.000010043687038284511,0.011123143333151267,5.935836764643497,2.7662286237956386,0.385836067494852,0.3201481908558081,0.12456844101582072,25.0,25.0,25.0,25.0,25.0,25.0,24.0,9.544,0.0,0.0,1.0,1781028144861547327
1781028144961591211,-0.004313562985498395,57.26130520929834,103.1320253705662,0.010661925764043052,-0.013717666072541173,0.0005984451862870939,0.0000596675488200681,-8.204587084969655e-6,-4.438821792394022e-6,0.00022727060843125184,9.225408743255284e-6,-0.000010135221949697804,0.011132129369030522,5.935836976432975,2.766229324533098,0.3858378959266855,0.32014817454870537,0.12456883628601144,25.0,25.0,25.0,25.0,25.0,25.0,24.0,9.544,0.0,0.0,1.0,1781028144956836693
1781028145061524071,-0.004308571966528761,57.26130453130787,103.132025000961,0.010680751201083168,-0.01371690401451378,0.0005975975027643622,0.00006009268323539482,-8.074049199658922e-6,-4.4319833935462984e-6,0.00022467489566231193,9.07205865891891e-6,-0.00001020521545297419,0.011139266222293526,5.935837144406267,2.766229881252939,0.38583934927685015,0.3201481612446417,0.12456915225782347,25.0,25.0,25.0,25.0,25.0,25.0,24.0,9.544,0.0,0.0,1.0,1781028145042394161
1781028145161240889,-0.004301020919950382,57.26130353450685,103.13202444766593,0.01070858713558838,-0.013715784629642276,0.0005963153456256716,0.000060697403352076814,-7.881907989182285e-6,-4.420962993512479e-6,0.00022083946905717344,8.846511227634864e-6,-0.000010304943444896825,0.011149885475776698,5.935837393963052,2.7662307099043626,0.38584151372229786,0.3201481408790608,0.12456962574557508,25.0,25.0,25.0,25.0,25.0,25.0,24.0,9.544,0.0,0.0,1.0,1781028145160309864
1781028145261882783,-0.004295945985444056,57.261302883193295,103.1320240795924,0.010726880019617226,-0.013715053886507997,0.0005954538223888141,0.00006107913009067382,-7.756205262897545e-6,-4.413120369043895e-6,0.00021832068562109908,8.699074347337298e-6,-0.000010368005745547983,0.011156907985178342,5.935837558749632,2.7662312580624615,0.3858429463504512,0.3201481270372702,0.12456994105331268,25.0,25.0,25.0,25.0,25.0,25.0,24.0,9.544,0.0,0.0,1.0,1781028145249498925
1781028145361331989,-0.004288275743394416,57.26130192565717,103.13202352874636,0.010753929051339858,-0.013713980557696489,0.000594151970481357,0.00006162054653584251,-7.571225726255302e-6,-4.400684258798258e-6,0.000214599016348674,8.482260714733567e-6,-0.000010457648697424265,0.011167357430921822,5.9358378035342625,2.7662320738926742,0.3858450798628884,0.320148105892204,0.12457041341806269,25.0,25.0,25.0,25.0,25.0,25.0,24.0,9.544,0.0,0.0,1.0,1781028145360976632
1781028145461423940,-0.004283125682048221,57.26130130002944,103.13202316240344,0.010771705167866972,-0.013713279918810203,0.0005932780095552885,0.0000619612411154061,-7.450212279522563e-6,-4.391938003438068e-6,0.00021215492976141287,8.340542404120479e-6,-0.000010514174874689058,0.011174267809095882,5.935837965152845,2.7662326135236373,0.3858464919708717,0.32014809154976764,0.12457072789564724,25.0,25.0,25.0,25.0,25.0,25.0,24.0,9.544,0.0,0.0,1.0,1781028145448112824
1781028145561493962,-0.004276649307368001,57.26130053204779,103.13202270552574,0.010793640975546723,-0.013712420570299698,0.0005921791151794146,0.00006236496169666698,-7.301465843398607e-6,-4.380492210685423e-6,0.0002091407229039818,8.16649203746113e-6,-0.000010581275362717568,0.011182842972551552,5.935838165447232,2.766233283298318,0.3858482456626756,0.32014807336126655,0.12457112046990812,25.0,25.0,25.0,25.0,25.0,25.0,24.0,9.544,0.0,0.0,1.0,1781028145545423105
1781028145662122281,-0.004270132182398808,57.26129977940843,103.13202224986816,0.010815265246805915,-0.013711579166277243,0.0005910734389619351,0.00006274471559553836,-7.1555042613633674e-6,-4.3685240417356736e-6,0.00020617145761854945,7.995849521152968e-6,-0.000010644546193195298,0.011191349418203638,5.935838363797313,2.7662339477820144,0.38584998668890746,0.3201480548895368,0.12457151241242502,25.0,25.0,25.0,25.0,25.0,25.0,24.0,9.544,0.0,0.0,1.0,1781028145657924957
1781028145761651648,-0.004263576767186721,57.26129904182524,103.13202179548492,0.010836582620417015,-0.013710755356072184,0.0005899613747902833,0.00006310117668529715,-7.012278246513409e-6,-4.356055546580067e-6,0.000203246441262398,7.82855290218867e-6,-0.000010704095750645876,0.011199787592284047,5.935838560221332,2.766234606991591,0.3858517151212874,0.3201480361464071,0.12457190368088256,25.0,25.0,25.0,25.0,25.0,25.0,24.0,9.544,0.0,0.0,1.0,1781028145748404927
1781028145861435127,-0.004256985452983829,57.26129831901795,103.13202134242836,0.01085759766281977,-0.013709948795791117,0.0005888433059616117,0.00006343499066033193,-6.871694605163649e-6,-4.3430765642052065e-6,0.00020036485393282223,7.66451187464209e-6,-0.000010760000035529158,0.011208157721067612,5.935838754759877,2.7662352609533043,0.38585343103379904,0.32014801714697344,0.12457229423662323,25.0,25.0,25.0,25.0,25.0,25.0,24.0,9.544,0.0,0.0,1.0,1781028145859068220
1781028145961964051,-0.00425036056393426,57.261297610711736,103.13202089074888,0.010878314870084336,-0.013709159148046317,0.0005877196053093469,0.00006374679666591512,-6.733730583151451e-6,-4.3296269860453445e-6,0.0001975261324201935,7.503684288701218e-6,-0.000010812375663000564,0.011216460710053392,5.935838947405106,2.7662359096779494,0.3858551344858536,0.32014799789857534,0.12457268403267102,25.0,25.0,25.0,25.0,25.0,25.0,24.0,9.544,0.0,0.0,1.0,1781028145952014403
1781028146062557354,-0.004245037998861179,57.261297054326405,103.1320205304296,0.010894677171317592,-0.013708539384316166,0.0005868168339862159,0.00006398081315491072,-6.6252067528822285e-6,-4.318538374273891e-6,0.00019528556456046368,7.377293056128006e-6,-0.000010851799148185604,0.011223055073194717,5.935839100169568,2.7662364248993425,0.38585648832353575,0.3201479823292937,0.12457299529624748,25.0,25.0,25.0,25.0,25.0,25.0,24.0,9.544,0.0,0.0,1.0,1781028146050862057
1781028146161893005,-0.00423835832432587,57.26129637144712,103.13202008135023,0.010914869383462105,-0.01370777934956952,0.0005856839035539784,0.00006425455515415935,-6.491803421366164e-6,-4.304266640046238e-6,0.00019252224568981028,7.222078670770647e-6,-0.000010898048960857912,0.011231238210864646,5.93583928946655,2.7662370642511145,0.3858581695287804,0.3201479626636485,0.12457338362963086,25.0,25.0,25.0,25.0,25.0,25.0,24.0,9.544,0.0,0.0,1.0,1781028146144442385
1781028146262267235,-0.004231651239947272,57.26129570232811,103.13201963377962,0.010934775982951369,-0.01370703531663142,0.0005845463321831032,0.00006450799479063257,-6.360920497339085e-6,-4.289602654130696e-6,0.00018980010838714424,7.069937209986599e-6,-0.00001094106131592699,0.011239355875026866,5.935839476890011,2.766237698412228,0.3858598384630021,0.3201479427773046,0.12457377109153572,25.0,25.0,25.0,25.0,25.0,25.0,24.0,9.544,0.0,0.0,1.0,1781028146252088956
1781028146361879916,-0.004224918830103903,57.261295046715,103.13201918776164,0.010954401206775571,-0.013706306972155554,0.0005834044557311064,0.00006474169075587566,-6.232395515254982e-6,-4.274482543577156e-6,0.0001871181440030726,6.920738027083883e-6,-0.0000109808551421674,0.011247407958439298,5.935839662514467,2.7662383274184235,0.3858614952091116,0.3201479226871936,0.12457415765413409,25.0,25.0,25.0,25.0,25.0,25.0,24.0,9.544,0.0,0.0,1.0,1781028146346436831
1781028146463615157,-0.004218163119722964,57.26129440435784,103.1320187433382,0.010973749228551755,-0.01370559400842383,0.0005822586004961386,0.00006495622399666329,-6.10630095530535e-6,-4.259005948593604e-6,0.00018447613214551885,6.774499829890621e-6,-0.000011017590908988923,0.011255395722508492,5.935839846292814,2.7662389512727845,0.3858631398186794,0.3201479023966433,0.1245745432709424,25.0,25.0,25.0,25.0,25.0,25.0,24.0,9.544,0.0,0.0,1.0,1781028146453055295
1781028146561878807,-0.004211386075971536,57.26129377501219,103.13201830054992,0.010992824156006916,-0.013704896123927205,0.0005811090841368902,0.0000651521263683373,-5.982475491181436e-6,-4.24310632017579e-6,0.00018187307676631703,6.631094454418566e-6,-0.000011051284362264074,0.011263318903019444,5.935840028303744,2.766239570017321,0.3858647723812444,0.3201478819207064,0.12457492791944508,25.0,25.0,25.0,25.0,25.0,25.0,24.0,9.544,0.0,0.0,1.0,1781028146547669342
1781028146661393196,-0.004204589609515565,57.2612931584378,103.13201785943548,0.01101163003577329,-0.01370421302252809,0.0005799562151920243,0.00006532995037984844,-5.860991070302706e-6,-4.226882650842721e-6,0.00017930876961869298,6.490541240600023e-6,-0.00001108208948614448,0.011271178796798918,5.93584020849894,2.7662401836493236,0.3858663929453403,0.32014786126369255,0.12457531155412012,25.0,25.0,25.0,25.0,25.0,25.0,24.0,9.544,0.0,0.0,1.0,1781028146655182766
1781028146761508756,-0.00419777557612384,57.26129255439971,103.13201742003248,0.01103017085069553,-0.013703544414080351,0.0005788002939907117,0.00006549020018113047,-5.741681850134275e-6,-4.2102629144597e-6,0.00017678221294578362,6.352710143585434e-6,-0.000011110014716185627,0.011278975031734154,5.935840386955512,2.766240792215722,0.3858680016052053,0.3201478404419501,0.12457569415677584,25.0,25.0,25.0,25.0,25.0,25.0,24.0,9.544,0.0,0.0,1.0,1781028146748110999
1781028146862235081,-0.004190945777875902,57.26129196266703,103.13201698237656,0.011048450524393311,-0.013702890013631496,0.0005776416122146808,0.00006563339873570067,-5.624608556074095e-6,-4.193337020284375e-6,0.00017429318285217506,6.217615253030535e-6,-0.0000111352018956724,0.011286708990885849,5.935840563634567,2.7662413957138225,0.3858695984060653,0.32014781945634135,0.12457607568226892,25.0,25.0,25.0,25.0,25.0,25.0,24.0,9.544,0.0,0.0,1.0,1781028146850952730
1781028146961576173,-0.0041841019646241115,57.261291383013706,103.1320165465022,0.011066472919474022,-0.013702249541840437,0.0005764804535969252,0.0000657600331835012,-5.509676235864837e-6,-4.176080731257571e-6,0.00017184093539743668,6.085171935632606e-6,-0.00001115769631746534,0.01129438075772135,5.935840738574068,2.7662419941802536,0.38587118342990023,0.32014779832047024,0.12457645610734404,25.0,25.0,25.0,25.0,25.0,25.0,24.0,9.544,0.0,0.0,1.0,1781028146950686614
1781028147061821990,-0.004177245835234793,57.2612908152179,103.1320161124423,0.011084241840218828,-0.013701622724558634,0.0005753170938206388,0.00006587059274744564,-5.39686717370278e-6,-4.1585247038476416e-6,0.0001694249847983627,5.955345776784031e-6,-0.00001117758962462818,0.011301990947516875,5.935840911778238,2.7662425876297307,0.3858727567439156,0.32014777704158137,0.12457683540119252,25.0,25.0,25.0,25.0,25.0,25.0,24.0,9.544,0.0,0.0,1.0,1781028147058553575
1781028147162120061,-0.004170379038915784,57.261290259062285,103.13201568022856,0.011101761032356995,-0.01370100929295124,0.0005741518009318593,0.00006596553868312202,-5.286086093671105e-6,-4.140642239567366e-6,0.00016704459696257273,5.828050925386742e-6,-0.00001119492058064477,0.01130953971645322,5.935841083294612,2.766243176097588,0.3858743184259944,0.3201477556310141,0.12457721354071843,25.0,25.0,25.0,25.0,25.0,25.0,24.0,9.544,0.0,0.0,1.0,1781028147153175530
1781028147262574020,-0.004163490710105327,57.26128974308965,103.13201526084517,0.011119077288069087,-0.013700405176706471,0.0005729825540693349,0.00006710021710494901,-2.3821693338013455e-6,-3.073595921456367e-6,0.0001680115980998194,6.023721020718981e-6,-0.00001133395394103432,0.011317146293718574,5.935842734348657,2.766244828199292,0.3858758474878104,0.3201472301749798,0.12457758707441344,25.0,25.0,25.0,25.0,25.0,25.0,24.0,9.544,0.0,0.0,1.0,1781028147254271736
1781028147361897175,-0.004156380438373861,57.26128997169737,103.1320151147129,0.011136823674114707,-0.01369973479264156,0.0005718018800394269,0.00006872470482310923,3.9014620585569174e-6,-7.665120586097803e-7,0.00017086167537301328,6.571378377710593e-6,-0.000011377527533898558,0.011324584959353078,5.935841491785007,2.7662444490037608,0.38587741668384934,0.3201476700682004,0.12457796711061384,25.0,25.0,25.0,25.0,25.0,25.0,24.0,9.544,0.0,0.0,1.0,1781028147351478652
1781028147461880775,-0.004150646540531358,57.261290319712536,103.1320150601851,0.011150999568468108,-0.013699190530158,0.0005708532871851119,0.00006884977719144747,4.277839784521387e-6,-6.214287838598777e-7,0.00016939096724973365,6.4993655045760715e-6,-0.000011399968017925696,0.011330439015482616,5.935841554318898,2.766244909087367,0.38587864747776934,0.32014766205907486,0.12457826780076647,25.0,25.0,25.0,25.0,25.0,25.0,24.0,9.544,0.0,0.0,1.0,1781028147437366286
1781028147561745470,-0.004142038218988187,57.26129086078245,103.13201498424534,0.011171992872450343,-0.013698388969641746,0.0005694283427129164,0.00006887580941973681,4.3341582752517326e-6,-6.192464147349149e-7,0.0001666454514392354,6.343641440148527e-6,-0.000011410228283853352,0.01133919500934586,5.935841750717901,2.766245672242715,0.385880482046169,0.32014761438943984,0.12457871800489466,25.0,25.0,25.0,25.0,25.0,25.0,24.0,9.544,0.0,0.0,1.0,1781028147554995888
1781028147664815082,-0.0041362986711228926,57.26129122307836,103.132014932646,0.011185797239133842,-0.013697865317608018,0.0005684777417748138,0.00006887416669809327,4.3417563080806706e-6,-6.317342817937688e-7,0.00016481090229379072,6.240680327510865e-6,-0.000011414394702026516,0.011344993948686035,5.935841884375169,2.766246179802541,0.3858816960828707,0.32014758118012693,0.12457901709260771,25.0,25.0,25.0,25.0,25.0,25.0,24.0,9.544,0.0,0.0,1.0,1781028147636445109
1781028147761229359,-0.004127690526496493,57.261291767304265,103.13201485311949,0.01120621980927419,-0.013697095651443048,0.0005670512487964749,0.00006885583714879769,4.34856133975932e-6,-6.519168439201268e-7,0.00016210089866900153,6.089991787087446e-6,-0.00001141869593563666,0.011353629777050532,5.9358420823045845,2.76624693434929,0.38588350336181015,0.32014753140508934,0.12457946401459424,25.0,25.0,25.0,25.0,25.0,25.0,24.0,9.544,0.0,0.0,1.0,1781028147760939593
1781028147861350352,-0.004121953542910103,57.26129213052093,103.13201479869804,0.011219648079280291,-0.013696592889010562,0.0005661000242286455,0.00006883371413381305,4.351658147962666e-6,-6.654246386828494e-7,0.0001603223983843992,5.9918594814079125e-6,-0.000011420253861953805,0.011359344619918162,5.935842212523738,2.7662474327975435,0.38588469908902345,0.32014749829748673,0.12457976081501032,25.0,25.0,25.0,25.0,25.0,25.0,24.0,9.544,0.0,0.0,1.0,1781028147836490407
1781028147961988001,-0.004114785469453281,57.26129258494882,103.13201472917352,0.011236226215959865,-0.01369597587913807,0.0005649109530260394,0.00006879277786111097,4.373662119559508e-6,-6.682936607593701e-7,0.0001580691453426921,5.859588197770893e-6,-0.000011409235522134566,0.011366321875567863,5.9358423870820385,2.7662480558083744,0.3858861866306976,0.32014745762718283,0.12458013238827235,25.0,25.0,25.0,25.0,25.0,25.0,24.0,9.544,0.0,0.0,1.0,1781028147941255852
1781028148061916158,-0.004107622039381557,57.26129303962382,103.13201465795024,0.01125257764502056,-0.013695371277143554,0.0005637219559548324,0.00006874541247787993,4.354084954273141e-6,-6.997470278463543e-7,0.00015597569718406404,5.75500114675115e-6,-0.000011420327079854607,0.011373490060926326,5.935842531389468,2.7662486627696525,0.3858876566106601,0.320147415793547,0.12458049864692598,25.0,25.0,25.0,25.0,25.0,25.0,24.0,9.544,0.0,0.0,1.0,1781028148038649275
1781028148162192676,-0.0040990337580985815,57.26129358560593,103.13201457043704,0.011271904237568266,-0.01369466189492273,0.0005622956354390698,0.00006867102200282341,4.350034712673723e-6,-7.221356462813831e-7,0.00015344083583224187,5.619801104549796e-6,-0.000011419063009905186,0.011381893071125138,5.9358427167837915,2.766249389253263,0.3858894092007472,0.3201473664267448,0.12458093825324544,25.0,25.0,25.0,25.0,25.0,25.0,24.0,9.544,0.0,0.0,1.0,1781028148159510698
1781028148261842116,-0.004093313908707882,57.261293949725946,103.13201451087916,0.01128461246117553,-0.013694198547774834,0.0005613451816872263,0.00006861315553402236,4.343097858700568e-6,-7.392305051930745e-7,0.00015178713598630822,5.533735298057131e-6,-0.000011418909962106993,0.011387472192676136,5.9358428365444,2.766249868318132,0.3858905682320803,0.3201473335193334,0.12458122983055649,25.0,25.0,25.0,25.0,25.0,25.0,24.0,9.544,0.0,0.0,1.0,1781028148245557946
1781028148362145183,-0.00408617151175903,57.26129440514173,103.1320144352472,0.011300301838762914,-0.013693630042564565,0.0005601578751960284,0.00006852036783041734,4.416330005332668e-6,-7.011253636507163e-7,0.00014948767006238434,5.376668910820554e-6,-0.000011368111633450388,0.011393902707721068,5.935843042666167,2.7662504834813775,0.3858920199439907,0.32014729500426475,0.12458160079099397,25.0,25.0,25.0,25.0,25.0,25.0,24.0,9.544,0.0,0.0,1.0,1781028148341817049
1781028148461548219,-0.004079038285584263,57.2612948601686,103.13201435790992,0.0113157784230515,-0.01369307280669904,0.00055897121986689,0.00006844409138263408,4.286884823581536e-6,-8.068512448844519e-7,0.00014785399727966565,5.34773330948813e-6,-0.000011435536314816564,0.011401483544344565,5.935843105710167,2.7662510415737223,0.38589342964768464,0.32014725058259863,0.1245819512410852,25.0,25.0,25.0,25.0,25.0,25.0,24.0,9.544,0.0,0.0,1.0,1781028148450806683
1781028148561536965,-0.004071915447980628,57.2612953159733,103.13201427980523,0.011331041419007789,-0.013692527389382064,0.0005577861301502209,0.0000683067525282118,4.53965986385448e-6,-6.384475968591355e-7,0.0001450437103950303,5.081949858470732e-6,-0.000011273525696511172,0.011406735142405824,5.935843435307492,2.76625169210979,0.38589488731383115,0.3201472176262943,0.12458233613558542,25.0,25.0,25.0,25.0,25.0,25.0,24.0,9.544,0.0,0.0,1.0,1781028148545412784
1781028148661729701,-0.004064803683883658,57.261295769997176,103.13201419920608,0.011346101732522824,-0.013691992016690996,0.0005566012966264291,0.00006826674488608235,3.995559382528888e-6,-1.0385207923301808e-6,0.00014477292108447146,5.3155672185293955e-6,-0.000011584169833870613,0.011416643515316724,5.9358432060541,2.76625213466305,0.38589621264706087,0.3201471616198419,0.12458264513068794,25.0,25.0,25.0,25.0,25.0,25.0,24.0,9.544,0.0,0.0,1.0,1781028148650881867
1781028148761942482,-0.004057704725475745,57.26129622770815,103.13201412011789,0.011360944917282793,-0.013691469932018035,0.000555420187126775,0.0000679721565365062,5.2655496216038914e-6,-1.4140427181142478e-7,0.0001388046994252435,4.416929107798405e-6,-0.000010810685828681084,0.011415805776240542,5.935844244902643,2.76625303266322,0.3858978032325041,0.3201471579380372,0.12458312145480614,25.0,25.0,25.0,25.0,25.0,25.0,24.0,9.544,0.0,0.0,1.0,1781028148757962841
1781028148862147725,-0.004052035054117363,57.26129659375616,103.1320140560161,0.01137267374058606,-0.013691059983447149,0.000554476463498725,0.00006772673339848057,6.29442350786104e-6,5.860894981605079e-7,0.00013400389790329962,3.690313923680567e-6,-0.000010181323792570514,0.011415061003088535,5.935845083697531,2.766253749454041,0.3858990688908645,0.3201471547984694,0.12458350196508994,25.0,25.0,25.0,25.0,25.0,25.0,24.0,9.544,0.0,0.0,1.0,1781028148837220266
1781028148962235418,-0.004044958088506739,57.26129703271177,103.13201396174333,0.011387213250891917,-0.013690545499905036,0.0005532873826112465,0.00006859320080632712,-1.0518658243486736e-6,-4.671463297974142e-6,0.00015531052738288346,8.187462272345337e-6,-0.000014557578155049133,0.011464524379161591,5.935840096752746,2.766252461693976,0.3858993411794808,0.3201469097614476,0.12458317989994323,25.0,25.0,25.0,25.0,25.0,25.0,24.0,9.544,0.0,0.0,1.0,1781028148945437338
1781028149064637714,-0.004037904570773976,57.26129753373492,103.13201391095052,0.011401358664846756,-0.01369008039653777,0.0005521375389309488,0.0000654261039970072,0.00002089121531563893,0.000010997984686774248,0.00008401484396309936,-5.659011557904309e-6,-1.3906985064920046e-6,0.011343272832080552,5.935855577252806,2.7662585484084192,0.3859040009789634,0.32014747537783617,0.12458555025657644,25.0,25.0,25.0,25.0,25.0,25.0,24.0,9.544,0.0,0.0,1.0,1781028149040017012
1781028149161247677,-0.004029469442134297,57.26129819368907,103.13201389089916,0.0114178903450734,-0.013689572654672253,0.0005507959102891303,0.00005775002070083495,0.00007477198951649957,0.00004948156754253944,-0.00008886781159439512,-0.000039570956494141746,0.00003099172056512568,0.011039481526843775,5.935893375078689,2.7662727202504516,0.3859136497519582,0.32014887906070644,0.1245908891312058,25.0,25.0,25.0,25.0,25.0,25.0,24.0,9.544,0.0,0.0,1.0,1781028149160869542
1781028149261369552,-0.004023886340420198,57.261298830042634,103.132014017027,0.011428140901843376,-0.013689364596146471,0.0005500204633864077,0.00003986933198239246,0.00020194382091233572,0.00014031974221891604,-0.0004932753566528644,-0.00011944073209571528,0.00010744553799711574,0.010311870382693593,5.935982246534634,2.7663049631025367,0.38593358595661315,0.3201522321096841,0.12460273223422412,25.0,25.0,25.0,25.0,25.0,25.0,24.0,9.543,0.0,0.0,1.0,1781028149247601583
1781028149362305087,-0.004015714403180054,57.26130118721271,103.13201519997234,0.011439019289892612,-0.01368991576891632,0.0005496715918377979,-0.00007591547191456414,0.0010278838838474191,0.0007301299822796843,-0.0031105945172128723,-0.0006375085104835643,0.0006038397330709531,0.005583650647146467,5.936558111971905,2.766511509436134,0.3860570467594261,0.32017382250555454,0.12467788101927964,25.0,25.0,25.0,25.0,25.0,25.0,24.0,9.54,0.0,0.0,1.0,1781028149357985597
1781028149465517398,-0.00401070097784936,57.26130674054258,103.13201876441032,0.011435122535540382,-0.013692521856847785,0.000551535279323228,-0.0003864941300840129,0.0032592322136172063,0.002322128148636596,-0.01014628921398731,-0.002031818246490376,0.0019395290525410615,0.007131537372190716,5.938108381375998,2.7670660419695787,0.3863855181790643,0.3202313004402266,0.12487892593101788,25.0,25.0,25.0,25.0,25.0,25.0,24.0,9.544,0.0,0.0,1.0,1781028149438167783
1781028149561446215,-0.003998453097605523,57.261292151234535,103.13200653856678,0.011516528619645187,-0.013678668863068998,0.0005369753738435437,0.0009006116801804822,-0.00646240831387744,-0.00472404167384508,0.021314423162064784,0.004192287169457958,-0.003920270701748304,0.05513698438538043,5.930847471203437,2.76401252865586,0.3847483601837494,0.31987794047913576,0.12389203351905333,25.0,25.0,25.0,25.0,25.0,25.0,24.0,9.579,0.0,0.0,1.0,1781028149544351367
1781028149666713942,-0.00399429498244461,57.26132015674628,103.1320263288455,0.011441373879013172,-0.013695568497102444,0.0005518990243172818,-0.0008617183897392994,0.0073479621980990385,0.005315243849303599,-0.023444901599901844,-0.004661359400145426,0.004359652020671245,0.031603421613107946,5.941169339902278,2.768628073169874,0.3870171865070385,0.3203622707060377,0.12525856347237097,25.0,25.0,25.0,25.0,25.0,25.0,24.0,9.574,0.0,0.0,1.0,1781028149644241321
1781028149768205355,-0.00398586317743429,57.261320101521875,103.1320259359009,0.011456443951155226,-0.013695080956035388,0.0005504744289008259,-0.0008737080048039715,0.007353213003302429,0.005318614847888534,-0.023453310302988507,-0.004667632044812658,0.004371621883300555,0.03138674316786341,5.9411636437707385,2.7686906397459583,0.38702931921480216,0.3203534403992977,0.12526102442700515,25.0,25.0,25.0,25.0,25.0,25.0,24.0,9.574,0.0,0.0,1.0,1781028149764127123
1781028149867662207,-0.003979777155147971,57.261319946133085,103.13202564140664,0.01146782215339794,-0.013694497011865288,0.0005490023174743677,-0.0008086524868063924,0.007472941475223961,0.005423766668359646,-0.02378061626830606,-0.004734292780239367,0.004380755289887269,0.03177379136727365,5.941452311770921,2.7687334563764714,0.3869790841695707,0.32033411097628706,0.12524665702097454,25.0,25.0,25.0,25.0,25.0,25.0,24.0,9.575,0.0,0.0,1.0,1781028149851012533
1781028149967230277,-0.003971833446166589,57.261320452477584,103.1320255126068,0.011480338135390346,-0.013694389624017492,0.0005481929542007625,-0.0008889245999887096,0.007333090824806253,0.005300738169360547,-0.023430710890292614,-0.004670392931437329,0.004386778561739386,0.029432698734635585,5.941171747814807,2.768505303855989,0.38694184175686536,0.3203367102777195,0.12521996681983832,25.0,25.0,25.0,25.0,25.0,25.0,24.0,9.572,0.0,0.0,1.0,1781028149966935543
1781028150067529111,-0.003966342015615559,57.26132138327459,103.13202580818908,0.011487187282883398,-0.013694550130066315,0.000547768026003834,-0.0009136735388781456,0.007231873549062465,0.005216090897015657,-0.023347759655921015,-0.004627806057149454,0.004379324497543844,0.029790672245795253,5.940898057571199,2.768699043278824,0.3869886720046356,0.32035220079435556,0.1252345803733271,25.0,25.0,25.0,25.0,25.0,25.0,24.0,9.572,0.0,0.0,1.0,1781028150046966052
1781028150167963167,-0.003957090656633087,57.26132111731359,103.13202533251052,0.011503089099243292,-0.013693683754563854,0.000545475673285883,-0.0008234964636784959,0.007433788169225111,0.005390142952691036,-0.02382162269439443,-0.004732435126998799,0.004397022553017469,0.030681171711805337,5.941362524029787,2.768764734585661,0.3869397204906278,0.32033367085258574,0.12522495793064312,25.0,25.0,25.0,25.0,25.0,25.0,24.0,9.573,0.0,0.0,1.0,1781028150165898955
1781028150268544493,-0.003951252172679302,57.26132113852973,103.13202502974129,0.011512929309178792,-0.013693212855745636,0.0005442823668127567,-0.0008286234091496485,0.007470165451525603,0.005424502462035863,-0.023852668475024374,-0.004756281011881435,0.004411513962266998,0.03033406269449597,5.941477750297285,2.7687163705152975,0.38692550023243366,0.3203237902044211,0.12521929729359735,25.0,25.0,25.0,25.0,25.0,25.0,24.0,9.573,0.0,0.0,1.0,1781028150250467725
1781028150368166406,-0.003940528832389557,57.26129052889236,103.13200240106418,0.011623431913924384,-0.01367317930462152,0.0005248172910824326,0.0011277206035960542,-0.007643054947022796,-0.005484179349214622,0.02457764954758288,0.004853275400174283,-0.0046419808299421415,0.04945977431154113,5.930753867456102,2.763855802398339,0.3849892043885466,0.32001020493075283,0.12401304315145964,25.0,25.0,25.0,25.0,25.0,25.0,24.0,9.573,0.0,0.0,1.0,1781028150347844377
1781028150468545409,-0.003937321097403915,57.261322509739045,103.13202515561892,0.011533123782824012,-0.013692969265227648,0.0005424232439329404,-0.0008475827402876266,0.007388141747306024,0.005352916288113133,-0.02382952775375629,-0.004726732685849644,0.004412181432754656,0.029587222536740215,5.941249542482687,2.7687867242889483,0.3869062467604859,0.32032956045234473,0.12520511783865293,25.0,25.0,25.0,25.0,25.0,25.0,24.0,9.572,0.0,0.0,1.0,1781028150454778757
1781028150567318656,-0.003926216331988402,57.26129159194208,103.1320022792814,0.011644659069511905,-0.013672568556923307,0.0005224404406124224,0.001108559633174554,-0.007554641409082445,-0.005418132513258367,0.02427639616656677,0.004793343665245521,-0.004583617098285005,0.048184416798874606,5.930834065634181,2.7638548950211033,0.3850417807062587,0.3200293651834705,0.12404028225880856,25.0,25.0,25.0,25.0,25.0,25.0,24.0,9.572,0.0,0.0,1.0,1781028150553102715
1781028150668166425,-0.003922751759931522,57.26132326096936,103.13202487509092,0.011555385212985264,-0.013692138716368422,0.0005396564125505905,-0.0008131269678909557,0.007475294507696291,0.005432994108479849,-0.024102865866651304,-0.0047845170411810805,0.004430657402743055,0.029789112199135225,5.941455929124018,2.768857894489812,0.38687337680384176,0.32031664041436814,0.1251950501895317,25.0,25.0,25.0,25.0,25.0,25.0,24.0,9.572,0.0,0.0,1.0,1781028150652739674
1781028150767353329,-0.003912296819306486,57.26129268387202,103.13200219192667,0.011667081657201437,-0.013671986165246787,0.0005201891728538445,0.0010813478175126148,-0.00748134871111703,-0.005400138017978601,0.02454653929422596,0.004809318475264812,-0.004570883979730074,0.05341114827703091,5.930516204921442,2.7638686681475013,0.38483199135757534,0.31994207582086814,0.12393019172617072,25.0,25.0,25.0,25.0,25.0,25.0,24.0,9.577,0.0,0.0,1.0,1781028150750282707
1781028150867870221,-0.0038799575171247504,57.26132210317599,103.1320179914296,0.01163432702662332,-0.013682117475156406,0.000534644443396145,0.0044014002808544835,-0.0048119967483000285,-0.003642097338168893,0.01914150780996558,0.0035380385336533033,-0.00312673011758517,0.013929815847839208,5.9324120253248465,2.766973968454176,0.3862375610240186,0.3206770028477056,0.12465710174517024,25.0,25.0,25.0,25.0,25.0,25.0,24.0,9.545,0.0,0.0,1.0,1781028150857536888
1781028150967538621,-0.003882079876405322,57.261290637459254,103.13200043852645,0.011691047325412356,-0.013671375352256177,0.0005181417512540545,0.0002781623464112461,-0.005486315327539811,-0.004108453963462135,0.018823819779165144,0.00370802780078033,-0.0034013697448151193,0.055344849307614,5.930796985688798,2.7639979229622944,0.3848255802130335,0.3198464983289174,0.12391900265393604,25.0,25.0,25.0,25.0,25.0,25.0,24.0,9.579,0.0,0.0,1.0,1781028150952452455
1781028151068029276,-0.00387957119427326,57.26131690403105,103.13201930688604,0.01161610837333408,-0.013688184655786972,0.0005329820548355248,-0.0012510349074594054,0.007774550330647735,0.005657604618191439,-0.024835964886439715,-0.004929734159176366,0.004520061670939705,0.02962822172394644,5.941704101574435,2.769070443790452,0.3868970487622897,0.3202410640121014,0.12520130984044606,25.0,25.0,25.0,25.0,25.0,25.0,24.0,9.573,0.0,0.0,1.0,1781028151056403188
1781028151168057152,-0.003867911080473315,57.26128591367247,103.13199631252142,0.01172611829364154,-0.013667774817011234,0.0005131469266860027,0.0007006403350522218,-0.007445955716455645,-0.00536159235565804,0.02424578919794317,0.004812988529421342,-0.004638153298297343,0.04752830176998308,5.930719818640297,2.763835471326186,0.3851042868542095,0.32005894717533007,0.12406596305598272,25.0,25.0,25.0,25.0,25.0,25.0,24.0,9.571,0.0,0.0,1.0,1781028151154972624
1781028151268071416,-0.003864954318595653,57.261318759013974,103.1320192550337,0.011633363917908212,-0.013687847958966392,0.0005314821991259878,-0.0013589943975091964,0.006426279381588646,0.004611518367078292,-0.021357066126471487,-0.004154149995684746,0.003977398105532438,0.02494599400119408,5.939909047043905,2.768609507252632,0.3868871935393894,0.32037793752828286,0.12515993512772972,25.0,25.0,25.0,25.0,25.0,25.0,24.0,9.566,0.0,0.0,1.0,1781028151257933865
1781028151368206541,-0.003835086994602944,57.261282022940264,103.13199309353736,0.011763873135115894,-0.01366486086734381,0.0005088790878637748,0.00006699054249747612,-0.006520811374461564,-0.004744342402578242,0.020946710615131047,0.004185605094921587,-0.004014218518147396,0.06337809528857909,5.930221328922042,2.763912111576677,0.3844737704783093,0.31979546402859305,0.12373562772708158,25.0,25.0,25.0,25.0,25.0,25.0,24.0,9.586,0.0,0.0,1.0,1781028151355024304
1781028151469553510,-0.003838106249810359,57.26131296400634,103.13201508233388,0.011671182385965463,-0.013684556711441037,0.0005268670020663357,-0.0018616793445004464,0.007556082594028192,0.0054512605230876785,-0.02496097839373023,-0.004877324923644418,0.004611048640889455,0.031453970568645906,5.940950975398548,2.76882854131898,0.38716300753011634,0.32038708345207173,0.12530653268271968,25.0,25.0,25.0,25.0,25.0,25.0,24.0,9.574,0.0,0.0,1.0,1781028151462776111
1781028151568246229,-0.0038248060243475314,57.26127881848114,103.1319901843457,0.01179045519144318,-0.013662645926062518,0.0005052870257520414,0.0003597123333506001,-0.007507180254282391,-0.005399051739387851,0.024448422487677167,0.0048556636093932785,-0.0047331399852832915,0.051692897869376746,5.93038112229213,2.7641380619133544,0.3849334979052401,0.32007568857477503,0.12397473450809984,25.0,25.0,25.0,25.0,25.0,25.0,24.0,9.575,0.0,0.0,1.0,1781028151559456788
1781028151667464160,-0.003803815011879771,57.26130496088733,103.13200854551144,0.011727164054988762,-0.013678487902818948,0.0005200645549449724,-0.0021743987516101414,0.005686392386413256,0.004284542159758446,-0.021537237218429456,-0.004180389725033379,0.0038461524156301785,0.00963987951275518,5.941460460984834,2.7661841408894916,0.3862173979098191,0.319587750734962,0.12486608240062408,25.0,25.0,25.0,25.0,25.0,25.0,24.0,9.548,0.0,0.0,1.0,1781028151664544740
1781028151767350964,-0.003783249189362369,57.26131163495244,103.13200713807264,0.011772891065260327,-0.013671751964144016,0.0005172718441961167,0.006068678652985442,-0.0060559897226899985,-0.004653983397523474,0.024969289670378557,0.004637580022645949,-0.004329505415191717,0.01604842381870017,5.9313954998862055,2.7671048606495745,0.38633274352958347,0.32068203097455517,0.12466958523780826,25.0,25.0,25.0,25.0,25.0,25.0,24.0,9.546,0.0,0.0,1.0,1781028151750148403
1781028151869583209,-0.003786639517498819,57.26127824663165,103.1319885212792,0.011833274565004983,-0.013660404836071892,0.0005007603878110737,-0.00028284808210614197,-0.006607311670596902,-0.0046982199842865785,0.020313237824651383,0.004123702642919374,-0.004074813983567437,0.05213278758753193,5.930890785237546,2.764163842679145,0.3848257857503834,0.3199679387013691,0.12393150149471088,25.0,25.0,25.0,25.0,25.0,25.0,24.0,9.576,0.0,0.0,1.0,1781028151850081514
1781028151968197071,-0.00376220284447855,57.26131010452946,103.13200524792158,0.011800883406037415,-0.013669891906761458,0.00051373721245701,0.006269777809537176,-0.006063639464285933,-0.004677838186513967,0.025372202360552498,0.004699954733420151,-0.004414046198589616,0.016461130068449008,5.931320424106086,2.76716362123941,0.3863426423327226,0.3206719060817737,0.12466934303892,25.0,25.0,25.0,25.0,25.0,25.0,24.0,9.547,0.0,0.0,1.0,1781028151951223769
1781028152070129521,-0.003773367398316825,57.26128028904433,103.1319892123682,0.011847850159704078,-0.013660763092063105,0.0004994486741307451,-0.000409856720589564,-0.0059795287103849735,-0.004253555499499831,0.018234448556310207,0.003719276622585549,-0.003675276946040133,0.04874801467527933,5.9312950267371,2.7642394844169185,0.38490581401484447,0.320004038858138,0.12398281613699698,25.0,25.0,25.0,25.0,25.0,25.0,24.0,9.573,0.0,0.0,1.0,1781028152054890149
1781028152167486534,-0.003775277013771504,57.26130895025884,103.13200999246742,0.011758444888468564,-0.013679444707123704,0.0005159505438501957,-0.002296114682802913,0.008019241584756406,0.005816488961186612,-0.026205429154898287,-0.00512771458599726,0.0047478128040750415,0.03057960533749276,5.9416151742174135,2.7688737419401956,0.3870745174978865,0.3203205346152828,0.1252730760030482,25.0,25.0,25.0,25.0,25.0,25.0,24.0,9.574,0.0,0.0,1.0,1781028152153549967
1781028152267577214,-0.003778983284322161,57.261337730525455,103.13202479640304,0.011717389943608348,-0.013688968279975618,0.0005290122610390301,0.0016914706477936746,0.0046592748283113584,0.0023425155651956753,-0.005907789109467796,-0.001368454722434453,0.00229392951408822,0.04835489338784693,5.930686763358619,2.7640944168598587,0.3850159237767203,0.3200455818422424,0.12402429282349284,25.0,25.0,25.0,25.0,25.0,25.0,24.0,9.572,0.0,0.0,1.0,1781028152256622920
1781028152368151343,-0.0037618928682285504,57.2613138515861,103.1320120851924,0.011771171508096626,-0.013680681495397563,0.0005160322718124627,-0.0024769653920287877,0.007498410189817314,0.005393254065899659,-0.025655617716215155,-0.004915528820136952,0.004706804749323628,0.02884378446906536,5.940512440221011,2.7689654575029814,0.38710900575735113,0.32036922342428226,0.12526459930605385,25.0,25.0,25.0,25.0,25.0,25.0,24.0,9.571,0.0,0.0,1.0,1781028152359768232
1781028152467450004,-0.0037413261969992343,57.261280824151925,103.13198762890778,0.011897170669003506,-0.013658197681954852,0.0004935940957289743,-0.00039224594906884223,-0.007086525962936686,-0.005055576558164322,0.022123418176560394,0.004491898087539841,-0.004430515252154884,0.054583583759283474,5.930467918171689,2.763943593543151,0.3847589675656442,0.3199855692024071,0.12389076231435782,25.0,25.0,25.0,25.0,25.0,25.0,24.0,9.578,0.0,0.0,1.0,1781028152458232014
1781028152568407617,-0.0037459887944092966,57.26131362029979,103.13201123357028,0.011790484011788298,-0.01367991074865101,0.0005136355894818663,-0.0025557229953342203,0.0075639775592607405,0.005443671205631105,-0.025886784685768223,-0.0049526286382956235,0.004724509398159797,0.028590595224357064,5.940573347957679,2.7690313896144207,0.3870832556552299,0.3203514928480456,0.1252531373113967,25.0,25.0,25.0,25.0,25.0,25.0,24.0,9.571,0.0,0.0,1.0,1781028152555456197
1781028152667723161,-0.003733909106181035,57.26133818487965,103.13202387539596,0.011762604438679544,-0.013687579226564758,0.0005242547424652849,0.0010901164478588422,0.006182717757326933,0.003249696257500099,-0.010021444900740912,-0.002128063979668687,0.003170639562874575,0.05561484142320656,5.930403782647229,2.7639862940543383,0.38488640429616794,0.3199075309616366,0.12393683602135662,25.0,25.0,25.0,25.0,25.0,25.0,24.0,9.579,0.0,0.0,1.0,1781028152661695080
1781028152768092630,-0.0037090743240919257,57.26131408249581,103.1320058035779,0.011857182975151197,-0.013670806782518538,0.0005079896003192935,0.004131281229032393,-0.0037200169227495222,-0.0028572439422717907,0.015965344549800576,0.002885010022784982,-0.002598089521993576,0.01268129099199081,5.932999683406224,2.766901225449943,0.3862190449909847,0.3207034976788166,0.12466406399586358,25.0,25.0,25.0,25.0,25.0,25.0,24.0,9.544,0.0,0.0,1.0,1781028152756234624
1781028152867436684,-0.0037026521495927742,57.261278537590805,103.13198444690131,0.011944739337857745,-0.013654689520052412,0.0004878245531315535,-0.0004539438749641885,-0.008373417561687291,-0.004885057813169522,0.017778505237495065,0.003565333167867633,-0.004309917404924879,0.012411237417539987,5.938953890513318,2.767205044669201,0.3864220056338507,0.32032644364701013,0.12492434836381176,25.0,25.0,25.0,25.0,25.0,25.0,24.0,9.55,0.0,0.0,1.0,1781028152865982623
1781028152967984435,-0.003708135949816486,57.261305836981386,103.13200506148532,0.011843320919428812,-0.013675185968000663,0.0005064509180245545,-0.002854195160955917,0.007405289175066585,0.005500620596337799,-0.026653804334374948,-0.0052118092694224275,0.004807414535271428,0.01365307299981442,5.942631382919652,2.7666066373525013,0.38626500794734314,0.3195990668745563,0.12491315099124532,25.0,25.0,25.0,25.0,25.0,25.0,24.0,9.554,0.0,0.0,1.0,1781028152957854046
1781028153068184611,-0.0036902823235129218,57.26127586835871,103.1319821849606,0.011964697265317703,-0.013653165465046578,0.0004850025309488581,-0.0003528030546498238,-0.008691094781662611,-0.0051395315534915,0.019079928819074773,0.003843960497241205,-0.004607913550777054,0.01052128716736777,5.938550371154864,2.767175661641249,0.3864149821058175,0.320308409120076,0.12490678869061536,25.0,25.0,25.0,25.0,25.0,25.0,24.0,9.548,0.0,0.0,1.0,1781028153063813516
1781028153167684943,-0.003663738655067632,57.26130971305541,103.13200050206343,0.011928454497807146,-0.013664338455353298,0.0004985121510148752,0.0054958603265540425,-0.005791757225615952,-0.004442653904215385,0.023444277528469067,0.004435688648228125,-0.004198372779775802,0.015262159347864035,5.9312878999579945,2.767068351453286,0.3863906954943066,0.32073157244896144,0.1246927629892872,25.0,25.0,25.0,25.0,25.0,25.0,24.0,9.545,0.0,0.0,1.0,1781028153164479751
1781028153267232023,-0.003677492984470426,57.26128069078728,103.13198485327824,0.011973143195761978,-0.01365544799211638,0.000484565591291285,-0.0009988291691666283,-0.0058221979561926245,-0.004145093459088592,0.01767327131013956,0.003656683569959302,-0.0036374305635677646,0.04757947076781923,5.931267378080504,2.7643471636814994,0.38496753907665177,0.3200247154415382,0.12401064715315478,25.0,25.0,25.0,25.0,25.0,25.0,24.0,9.572,0.0,0.0,1.0,1781028153266795633
1781028153367683860,-0.00366461673741974,57.26130413045368,103.13200107713304,0.01191302856080236,-0.013669600709605842,0.0004978366873718942,-0.003075887860630491,0.0045725325274322826,0.0034832401985450344,-0.018592813544230983,-0.0035031095848520833,0.0032506901704584994,0.0059271115489883605,5.940254689772021,2.7663316736989274,0.3862687449673431,0.3195846225521248,0.12484923427223388,25.0,25.0,25.0,25.0,25.0,25.0,24.0,9.543,0.0,0.0,1.0,1781028153361399363
1781028153468141792,-0.0036454269276481135,57.26131485737356,103.1320028009666,0.011940025949186936,-0.01366620722139369,0.0004976571269116963,0.005821721071440031,-0.004457236135111854,-0.0034586527824970723,0.01974308324172203,0.003544917662749557,-0.0033354571808747635,0.015285146955239162,5.9324286371115145,2.7668490786391846,0.3861888544599703,0.32070443641606067,0.12463322509931583,25.0,25.0,25.0,25.0,25.0,25.0,24.0,9.546,0.0,0.0,1.0,1781028153439917841
1781028153568131176,-0.003670652463194537,57.26131248227627,103.1320065569154,0.011886802728152356,-0.013675591085790207,0.0005019491088590768,-0.00312585172336937,0.007426065355598353,0.005292689888505093,-0.02527559825782001,-0.004851156035605429,0.004723392018031433,0.01927710869126506,5.940138499625679,2.7680805171759624,0.3867909526569656,0.32030171400293306,0.12509970432840908,25.0,25.0,25.0,25.0,25.0,25.0,24.0,9.56,0.0,0.0,1.0,1781028153560031432
1781028153668614822,-0.00366408214906588,57.26131225844433,103.13200661372508,0.011898968340566533,-0.013674639823197244,0.000499073303838814,-0.002895708643093634,0.008149079271956966,0.005942884577156763,-0.02750465373742737,-0.005297642697266401,0.004880900743857325,0.02816882263222034,5.941762902983114,2.769176012995266,0.38696227753184703,0.3202438959755505,0.12521451273502326,25.0,25.0,25.0,25.0,25.0,25.0,24.0,9.572,0.0,0.0,1.0,1781028153641373475
1781028153768206948,-0.003620151567312147,57.26130732590884,103.13199720955174,0.011982966428231243,-0.013661747569088651,0.0004911059587552106,0.005639285753679427,-0.005499198330779833,-0.0042458390161760305,0.02279199488337474,0.004283479756951953,-0.004082647542630466,0.015019414395173129,5.9314436363426735,2.7670337308405264,0.3863775927497352,0.32074027223316975,0.12469164508797244,25.0,25.0,25.0,25.0,25.0,25.0,24.0,9.545,0.0,0.0,1.0,1781028153761246230
1781028153867897656,-0.0036130861545634087,57.26130978727652,103.1319984731014,0.011986185804351788,-0.013662634141597314,0.0004913288121366548,0.004647058476372448,-0.004727159726401846,-0.0036274802834643425,0.01929654330305701,0.003637098072997489,-0.0034177711040498985,0.013577843404452871,5.931993916408182,2.767042045850233,0.3863541106253043,0.32073600268295627,0.12469604373513664,25.0,25.0,25.0,25.0,25.0,25.0,24.0,9.544,0.0,0.0,1.0,1781028153841733369
1781028153967630754,-0.0036286533455130647,57.261312124845134,103.13200459144952,0.011938797035026516,-0.013672559672994456,0.0004958560884755646,-0.003603941467102692,0.007014071961375225,0.005182657161334871,-0.02584678045958057,-0.0049632676151871715,0.004721645078189631,0.018094466284721833,5.941725832080186,2.7669096028878277,0.386617100998052,0.319586470276098,0.12505105170594957,25.0,25.0,25.0,25.0,25.0,25.0,24.0,9.558,0.0,0.0,1.0,1781028153964630353
1781028154067576023,-0.003599425593918117,57.26131037254524,103.13199833195604,0.011998683683585896,-0.013662738590316602,0.0004898847270852015,0.0042003897638722395,-0.004171695969813067,-0.003207623743014868,0.01722237196820813,0.0032330848555929916,-0.00301358692333397,0.012875891293595844,5.932347151736123,2.767014187269798,0.38633004132622784,0.3207365187761325,0.12469462004586156,25.0,25.0,25.0,25.0,25.0,25.0,24.0,9.544,0.0,0.0,1.0,1781028154048609304
1781028154167368405,-0.00360026811036176,57.261309778778994,103.13199712113796,0.012005140978491384,-0.01366180545394862,0.0004879922983993474,0.006445889652283257,-0.005496215686416346,-0.004258797511517785,0.023955546624276115,0.004391510136478897,-0.00425531002376114,0.021434821568200244,5.931524521478343,2.7667458449181703,0.386131123883489,0.32062068724808584,0.12456748236774644,25.0,25.0,25.0,25.0,25.0,25.0,24.0,9.551,0.0,0.0,1.0,1781028154164297556
1781028154268836777,-0.003593072568707404,57.26131383655587,103.13199959129577,0.012005867866962502,-0.013663561483399948,0.0004887923102385571,0.0056555092011109954,-0.004282825568512134,-0.003321492864314239,0.019059309686559243,0.0034285823223041845,-0.003262751075643754,0.017339266269587178,5.932455527039751,2.7667689587406734,0.38612758185916446,0.32066437580573065,0.1245989317138594,25.0,25.0,25.0,25.0,25.0,25.0,24.0,9.548,0.0,0.0,1.0,1781028154253649430
1781028154367500664,-0.003612878592654143,57.26133204559464,103.13201364898552,0.011926740918535643,-0.013678620260790824,0.000502615701004907,0.0008202861937878643,0.005183127975152357,0.002748609899756454,-0.008609316231682812,-0.0017863974027436003,0.002636522493949152,0.04474891824730171,5.930901816185182,2.7645851063091103,0.3851811722687291,0.32014707429001454,0.1241014783787996,25.0,25.0,25.0,25.0,25.0,25.0,24.0,9.57,0.0,0.0,1.0,1781028154351801269
1781028154467514448,-0.003573497948201035,57.26131019173853,103.131997323486,0.012023482328207442,-0.013662546352860957,0.0004866540444415156,0.0034340353717044496,-0.003169497495323002,-0.002458009644002627,0.013575680992052771,0.0025186725132523443,-0.0023001668371762504,0.0115863125520382,5.932971338203986,2.766990950867819,0.3862950428012113,0.3207316415289129,0.12469495178639312,25.0,25.0,25.0,25.0,25.0,25.0,24.0,9.543,0.0,0.0,1.0,1781028154462866867
1781028154568434718,-0.0035619107493343634,57.26129166480725,103.13198629446306,0.012088394754037016,-0.013653003832152231,0.0004724449225513811,-0.002542049545713121,-0.004637291872504027,-0.002179424105066502,0.005201668374845236,0.00101650613067061,-0.0017023591246605335,0.01861130213042407,5.941490594361575,2.767449298422411,0.3863807573544962,0.32035659913644166,0.12496917197497634,25.0,25.0,25.0,25.0,25.0,25.0,24.0,9.559,0.0,0.0,1.0,1781028154560224009
1781028154667438421,-0.003553489456937833,57.26130930328176,103.1319954320025,0.012054706503827176,-0.013659730136554388,0.00048193195864157634,0.005171776867441096,-0.004457207058441187,-0.003463413747934586,0.01905408751119952,0.0035343131262601498,-0.0033602444023838668,0.014338186129245131,5.9321119635543775,2.766888846440369,0.3862947508814882,0.32075300823077124,0.12467246606551488,25.0,25.0,25.0,25.0,25.0,25.0,24.0,9.545,0.0,0.0,1.0,1781028154662619620
1781028154767802340,-0.0035558321819138183,57.26128518597607,103.13198143859172,0.01211672679680504,-0.013649138145935496,0.0004671725954869609,-0.001845710282325816,-0.00715199105905278,-0.004011672284407104,0.013845408490658986,0.0027829751631460713,-0.003483232211877162,0.010979124670182671,5.939526086191483,2.767282493411099,0.38637573130934294,0.3203189654736104,0.12490605021361502,25.0,25.0,25.0,25.0,25.0,25.0,24.0,9.549,0.0,0.0,1.0,1781028154757790008
1781028154867788694,-0.0035678274593463895,57.26133764570445,103.1320156878908,0.011968916344447918,-0.013678514397890628,0.0004982728480681453,0.0007628230370980468,0.006187782927356332,0.00325827050739114,-0.010859800095370367,-0.002231758414047321,0.003217798997326134,0.06477025914900408,5.930065894368073,2.7638392570195567,0.3844279317361617,0.3197554464921845,0.12371027185641142,25.0,25.0,25.0,25.0,25.0,25.0,24.0,9.587,0.0,0.0,1.0,1781028154842766807
1781028154968134561,-0.003553135651940499,57.261282780401295,103.13197992118084,0.012124169560602756,-0.01364896059604663,0.00046595713929686465,-0.0016184889396096175,-0.0067491532061741905,-0.0037616785911441103,0.012878711129039124,0.0026092141809261897,-0.003359669539377522,0.010370831919779088,5.939639229112623,2.767365425975182,0.3863554102545272,0.3202941380724001,0.1248951227824792,25.0,25.0,25.0,25.0,25.0,25.0,24.0,9.549,0.0,0.0,1.0,1781028154966371085
1781028155067815914,-0.0035447593106454007,57.261329760198294,103.1320090329735,0.012013181567120527,-0.01367249737534969,0.0004906683011588855,0.0018449319499909075,0.003652139239051963,0.0015819481282837672,-0.003439658910725837,-0.0007491589338870025,0.001584175702787423,0.06012317905635386,5.929581948398404,2.763639865388201,0.3846406300983582,0.3199663189926648,0.12381121482511497,25.0,25.0,25.0,25.0,25.0,25.0,24.0,9.582,0.0,0.0,1.0,1781028155047500235
1781028155168256030,-0.003528679602930871,57.26131306115339,103.1319968884735,0.012072355072249257,-0.013661706131564016,0.0004803497221510373,0.003522837467788567,-0.0026104853529376913,-0.0020382798449829808,0.011679484750111668,0.002116135416670881,-0.001923924575689524,0.011421044437483052,5.9333669986188475,2.766894523293875,0.3862285956916738,0.3207337441761464,0.12467620756149314,25.0,25.0,25.0,25.0,25.0,25.0,24.0,9.543,0.0,0.0,1.0,1781028155150501878
1781028155268384589,-0.0035475647123688575,57.2613344622816,103.13201125705596,0.01201031339716174,-0.013674391542994366,0.0004909506493820141,0.0026066383120899135,0.003829783370143423,0.0017325424364965864,-0.0034946382930397552,-0.0008209123031428439,0.0016055808559632314,0.048128433617246634,5.930284735239192,2.764223835034591,0.3851089739510637,0.32013011084269394,0.12405478062547098,25.0,25.0,25.0,25.0,25.0,25.0,24.0,9.572,0.0,0.0,1.0,1781028155257959378
1781028155367954880,-0.0035218773695886428,57.26132097559446,103.13200032595874,0.012081827613613472,-0.01366282992655202,0.0004791204919273988,0.006236005246865047,-0.0034917081184068378,-0.002731963404004446,0.016512835320960116,0.0028520329655694772,-0.002725190095172344,0.016493713396615577,5.933077638301028,2.766464466725603,0.38600631261297613,0.320721519604499,0.12456906058342145,25.0,25.0,25.0,25.0,25.0,25.0,24.0,9.547,0.0,0.0,1.0,1781028155351973328
1781028155468621377,-0.0035249935066578903,57.261341352181255,103.13201562257537,0.012014345943325178,-0.013677390048690495,0.0004920163049424033,0.001494287227265603,0.006188559077320428,0.0031989243210362745,-0.010213416791680094,-0.0021259345963996483,0.003104639300027504,0.06246538913278494,5.930209983771394,2.763447461218321,0.3844752250306624,0.3197495503941298,0.12374714957347133,25.0,25.0,25.0,25.0,25.0,25.0,24.0,9.584,0.0,0.0,1.0,1781028155456822103
1781028155568066133,-0.003481940223456954,57.261314715113315,103.1319943689316,0.01214000959054605,-0.0136556257541524,0.0004698526997694153,0.008410417521322494,-0.005996641752895518,-0.004701069807473422,0.026436803154406215,0.004817824895006298,-0.004727238912281338,0.019971475589583444,5.931095865443953,2.7662256558990053,0.386113919179604,0.32083839909316475,0.12457215983857584,25.0,25.0,25.0,25.0,25.0,25.0,24.0,9.549,0.0,0.0,1.0,1781028155551525504
1781028155667570902,-0.003490855102949948,57.26128091355449,103.13197567482956,0.012197102577311212,-0.01364408458344066,0.0004553998178768338,-0.002194910711179789,-0.007804291101429898,-0.004508091695737587,0.01643918308211103,0.003308737730315112,-0.004001493671279891,0.00661319102702531,5.938795612294807,2.767271377533402,0.3863446654106042,0.32026947161155117,0.1248630504762519,25.0,25.0,25.0,25.0,25.0,25.0,24.0,9.544,0.0,0.0,1.0,1781028155656991790
1781028155767523969,-0.003486397096010969,57.26131649607643,103.13199639886946,0.012122736394271458,-0.013659789019381956,0.000473421952744231,0.004493870539257052,-0.0032039717817241853,-0.002488446815127754,0.014019701499982535,0.0025515695967463984,-0.0023948607279260007,0.014445361365036937,5.932956330989136,2.766605549859293,0.3861367747234859,0.32075444137883824,0.1246240066785258,25.0,25.0,25.0,25.0,25.0,25.0,24.0,9.546,0.0,0.0,1.0,1781028155755737154
1781028155867924987,-0.0034822654182783937,57.26128645195865,103.13197875190622,0.012193416917516912,-0.013646801988969696,0.00045676869128240645,-0.002522818996360434,-0.005910824210430561,-0.0031600788494534193,0.010180786280007093,0.0020575653218247373,-0.0027655605590950465,0.01012175043772618,5.940086191069154,2.7673599827758983,0.3863037205476289,0.32028419188186147,0.12487952514251834,25.0,25.0,25.0,25.0,25.0,25.0,24.0,9.549,0.0,0.0,1.0,1781028155863724700
1781028155968256823,-0.003492142228682387,57.26131537311727,103.13200002817364,0.01209212502483465,-0.013667271807250254,0.0004752551442927552,-0.004615313433957344,0.007467535777694467,0.005545076268814028,-0.028333335097424167,-0.005356422295566053,0.005108138855848074,0.019366232788808127,5.94183666878005,2.7678225817398756,0.3867710052505385,0.3195506627747264,0.12510292089781058,25.0,25.0,25.0,25.0,25.0,25.0,24.0,9.56,0.0,0.0,1.0,1781028155957986725
1781028156068009847,-0.003465232860724627,57.2612857450518,103.13197721771986,0.012219010793582483,-0.013644710939970408,0.0004528940143679673,-0.0025193412298542945,-0.006975699157624511,-0.003909653092410103,0.01364655286776616,0.002754095960686091,-0.0034443033076568303,0.007257084058268047,5.93937260045394,2.7672882949626327,0.38629498894086656,0.32026727560381113,0.1248543240601519,25.0,25.0,25.0,25.0,25.0,25.0,24.0,9.545,0.0,0.0,1.0,1781028156059783255
1781028156168245743,-0.003447316096362536,57.26131373912806,103.13199224642824,0.012175743407022538,-0.01365475563066734,0.00046496838060153966,0.00594154194813594,-0.0048838373224620105,-0.003802618193346195,0.02085115881151178,0.0038890703239505705,-0.003777458628808744,0.02173406682596309,5.931612275959104,2.766086846360906,0.3860117672522764,0.32077186595185403,0.1245284262480886,25.0,25.0,25.0,25.0,25.0,25.0,24.0,9.551,0.0,0.0,1.0,1781028156158171677
1781028156269569761,-0.003447304044023669,57.261282125534656,103.13197406993496,0.012245736085778548,-0.013641889057623742,0.0004484288521150915,-0.002496851173673295,-0.008150441427987938,-0.004759103658867422,0.01779544417465626,0.003576733834045695,-0.004252489339352147,0.003975178650314874,5.93847149976663,2.7672137693484937,0.3862951347657664,0.32024490321773225,0.12482799384087344,25.0,25.0,25.0,25.0,25.0,25.0,24.0,9.541,0.0,0.0,1.0,1781028156262113955
1781028156368043075,-0.003459794835219267,57.26131420959977,103.13199768194578,0.012129289529908957,-0.013664900377506523,0.0004694947508563533,-0.004872206553949642,0.007062984887763105,0.005318106347831841,-0.028155595068517145,-0.005245077238024739,0.0049812707606670505,0.02133516227525528,5.9417183191699845,2.7681034304437784,0.3868501224542437,0.31955812138697737,0.12513915988951213,25.0,25.0,25.0,25.0,25.0,25.0,24.0,9.563,0.0,0.0,1.0,1781028156359925981
1781028156468929528,-0.003456856488434585,57.2613139478006,103.13199716621494,0.012135617754831712,-0.013664392935384028,0.0004685350952537755,-0.00479245591652536,0.006662302726964857,0.005018683727137264,-0.026653244143420487,-0.004957838299670349,0.004712189607589609,0.01920181111282492,5.941392475939043,2.7679335210150855,0.38679690860626065,0.3195530001865832,0.12510657452783985,25.0,25.0,25.0,25.0,25.0,25.0,24.0,9.56,0.0,0.0,1.0,1781028156438710262
1781028156567279780,-0.003424017894531775,57.26131377254551,103.13199121125486,0.012197937677268835,-0.013654223501165637,0.0004614184678444167,0.006554944140249621,-0.004669992842531024,-0.003673900867456353,0.02090801954590197,0.0038257599715934175,-0.0037493480349121526,0.020700309370206525,5.931786960281781,2.766218231614552,0.3860277676945529,0.3207558971962845,0.12454131467476146,25.0,25.0,25.0,25.0,25.0,25.0,24.0,9.55,0.0,0.0,1.0,1781028156566644662
1781028156667661018,-0.0034237232981550814,57.26131318752907,103.13199063194264,0.01220243569335806,-0.013653794852092655,0.0004605423573365149,0.006808246038619548,-0.005019735421885318,-0.003935681146040498,0.022206073308983623,0.004084804410634061,-0.0040226761519558864,0.022024614180241858,5.931536010945126,2.766188907755346,0.3860198988798572,0.32074425921505156,0.124528458080292,25.0,25.0,25.0,25.0,25.0,25.0,24.0,9.551,0.0,0.0,1.0,1781028156648874868
1781028156767449384,-0.0034354923884895084,57.261291446787375,103.1319793710788,0.012239681931411044,-0.01364706650815336,0.0004504326112065635,-0.0028725164025320223,-0.0050498173429632445,-0.0025367438219237935,0.007659338948994282,0.001489914321455793,-0.0021736381000810293,0.010508467340724602,5.940749378742066,2.7674920193129435,0.3862599289829877,0.32023924459384073,0.1248720342530179,25.0,25.0,25.0,25.0,25.0,25.0,24.0,9.55,0.0,0.0,1.0,1781028156748955140
1781028156867543649,-0.00345239078882221,57.2613110080676,103.13199384459818,0.012164162914126624,-0.013661559919535809,0.0004637377777675225,-0.004009309218682514,0.004029676284843364,0.003054090939411624,-0.01677304658022449,-0.003071879579419909,0.0029201568314574287,0.006760607353940087,5.939321228156663,2.766881427850532,0.3864935821778304,0.3195374679799879,0.12491836374372146,25.0,25.0,25.0,25.0,25.0,25.0,24.0,9.544,0.0,0.0,1.0,1781028156856696177
1781028156967977975,-0.003441083256140363,57.26130086596217,103.13198479802467,0.012228903664231804,-0.013651030890762274,0.00045263962812356674,-0.0027608907583602355,-0.004257158042330029,-0.00190858373131469,0.00529065493020746,0.0008814588718503829,-0.0015424885890340048,0.012455135879317208,5.941813267006698,2.7677193442582464,0.3862030999186478,0.3201528387249549,0.1248715718406842,25.0,25.0,25.0,25.0,25.0,25.0,24.0,9.553,0.0,0.0,1.0,1781028156955833321
1781028157068575342,-0.0034778043594016175,57.26132230478363,103.13200050652452,0.012139189075730071,-0.0136667137940387,0.0004669554886289066,-0.0030570694560925833,0.004130734192906175,0.002959679332025576,-0.015396289346112191,-0.0027981271280412595,0.002759167589967909,0.0026485329308670313,5.937912586561007,2.7672283654543577,0.3863734334615075,0.32027357015855057,0.12483806052033349,25.0,25.0,25.0,25.0,25.0,25.0,24.0,9.539,0.0,0.0,1.0,1781028157058558964
1781028157167907070,-0.0034719131573524614,57.261311212815926,103.131992223985,0.01218877548122396,-0.013658532735750083,0.0004582182458144586,-0.0020930633624627066,-0.0012295472560406356,-0.0009011252470864746,0.0026526937320640273,0.000749686459639538,-0.0007175535051104559,0.023011982291565227,5.934446291349997,2.7649213230779055,0.3855645247398664,0.32014062521582853,0.12439044445969227,25.0,25.0,25.0,25.0,25.0,25.0,24.0,9.552,0.0,0.0,1.0,1781028157154841055
1781028157270543147,-0.003522093092251587,57.26133009358334,103.13200565057302,0.012108642086410108,-0.013671244347820737,0.0004703436026510881,-0.0013730128927645934,0.0026037823335222283,0.0019220537458808833,-0.009570131714045874,-0.00181176046987359,0.0017353955154835012,0.0013272631028964782,5.937556832276303,2.767398273648015,0.3862701980235428,0.32014446650662937,0.124773860097781,25.0,25.0,25.0,25.0,25.0,25.0,24.0,9.537,0.0,0.0,1.0,1781028157256181743
1781028157367715018,-0.0035000324689200375,57.26131618077203,103.13199520792624,0.012166153151408269,-0.013661685870068836,0.0004601634229325912,-0.0009745311295232088,-0.002067621069918026,-0.0015404858619439824,0.007038462761918273,0.0014634469600058105,-0.0013973981155651874,0.026879160524446895,5.933952960399162,2.7652105231285775,0.3855992633942081,0.3201081921595462,0.1243762932528177,25.0,25.0,25.0,25.0,25.0,25.0,24.0,9.556,0.0,0.0,1.0,1781028157352868140
1781028157471693122,-0.0035461240862876796,57.26133366795233,103.13200773122792,0.012099862060465583,-0.013672576437983088,0.0004704612528253591,-0.00022003695140035545,0.0010286266878762312,0.0007681314590179753,-0.003718765898908279,-0.0007302782138429857,0.000686065148044146,0.006814084788787991,5.93656307382138,2.766882025880944,0.38612435100426873,0.3201632982640923,0.12468613043760587,25.0,25.0,25.0,25.0,25.0,25.0,24.0,9.541,0.0,0.0,1.0,1781028157459899295
1781028157567440433,-0.0035446729257320457,57.261330890332495,103.1320054178776,0.012117133743237843,-0.013670265286707731,0.0004677373838290668,0.00010828634373297176,-0.0004872733388117561,-0.0003720156231563149,0.0018962310248620137,0.0003582748233131963,-0.00033936017873427177,0.013847557136323107,5.935519974524798,2.7659210939549497,0.38592721038724753,0.3201384857360639,0.12457671599532556,25.0,25.0,25.0,25.0,25.0,25.0,24.0,9.546,0.0,0.0,1.0,1781028157561051611
1781028157667969928,-0.003541461861641789,57.261331753708006,103.13200582946618,0.012119411177675206,-0.013670657493063416,0.00046759554667455833,0.00006081258121980082,-0.000144837314116252,-0.000116087489967673,0.0006332210874520882,0.00011390948684037162,-0.00010914036982551456,0.01220195327092926,5.9357626779118355,2.7661318295742205,0.3859753837116457,0.3201422057681382,0.12460324125977058,25.0,25.0,25.0,25.0,25.0,25.0,24.0,9.545,0.0,0.0,1.0,1781028157635292136
1781028157767410551,-0.003535820549797613,57.26133188231234,103.13200562919002,0.012124667464541168,-0.013670618393997467,0.0004666093384998946,0.0000467335510300476,1.3020519644171413e-6,-1.8383499333607425e-6,0.000044773844043485576,9.16700183108676e-7,-8.631638930817909e-6,0.011845622921477072,5.935851586469835,2.766286162838284,0.38598761971536927,0.3201445407036254,0.12460841269787548,25.0,25.0,25.0,25.0,25.0,25.0,24.0,9.545,0.0,0.0,1.0,1781028157762585677
1781028157867451745,-0.00353190480968158,57.26133209076129,103.13200552839824,0.012128365345135422,-0.013670563207176335,0.0004659160457327796,0.00004714568026534924,3.0185809123828936e-6,-9.655839039694303e-7,0.00004463315710516798,5.991518967645979e-7,-8.207822811152606e-6,0.011848948840229093,5.935852036504085,2.7662867940773777,0.3859883120309588,0.3201444107814618,0.1246086192588794,25.0,25.0,25.0,25.0,25.0,25.0,24.0,9.545,0.0,0.0,1.0,1781028157845025148
1781028157967738893,-0.0035260059716997892,57.261332484437105,103.13200541050658,0.01213401418000454,-0.013670482595246253,0.0004648911337643841,0.00004715832305347088,3.180376616777779e-6,-9.56675411591636e-7,0.00004548737630802888,6.840520540129485e-7,-8.198891173623313e-6,0.01185348724417919,5.9358522810210195,2.766287254414972,0.38598923285607567,0.32014433974774154,0.12460889883127814,25.0,25.0,25.0,25.0,25.0,25.0,24.0,9.545,0.0,0.0,1.0,1781028157964538400
1781028158067914582,-0.0035220825446109923,57.26133274899627,103.13200532982437,0.012137804330110464,-0.013670424486114564,0.0004642084717916002,0.000047000351862005614,3.1685812359877233e-6,-9.760784317567086e-7,0.00004542530613995235,7.047738311006246e-7,-8.18284817172925e-6,0.0118563746389648,5.935852354483715,2.7662874578246255,0.3859898363159969,0.3201443169178586,0.12460908374340532,25.0,25.0,25.0,25.0,25.0,25.0,24.0,9.545,0.0,0.0,1.0,1781028158046124789
1781028158168008831,-0.003516227243723519,57.26133314390372,103.1320052071896,0.012143455176436516,-0.013670336323327896,0.00046318842389541894,0.00004668641366814136,3.151419581407767e-6,-9.828753502152225e-7,0.00004496214555484821,7.019774214245809e-7,-8.136772485099179e-6,0.011860623730097133,5.935852432942876,2.7662877197643128,0.385990734438986,0.3201442917429513,0.12460935991872402,25.0,25.0,25.0,25.0,25.0,25.0,24.0,9.545,0.0,0.0,1.0,1781028158161975863
1781028158267272980,-0.0035113794035692004,57.26133347155329,103.13200510492302,0.012148112224606303,-0.013670263866799507,0.0004623432966601042,0.00004640191294177483,3.140178288188169e-6,-9.801181245497577e-7,0.000044465650426001994,6.889640564049933e-7,-8.090962437595918e-6,0.011864123005194266,5.935852489403621,2.7662879237051454,0.3859914770982667,0.3201442734155632,0.12460958875501472,25.0,25.0,25.0,25.0,25.0,25.0,24.0,9.545,0.0,0.0,1.0,1781028158266560600
1781028158367455137,-0.0035065615581454635,57.26133379809781,103.13200500309316,0.012152715933982716,-0.01367019293426384,0.0004615030665735643,0.00004611189665322748,3.1299783410945113e-6,-9.750125622968222e-7,0.00004394483374272376,6.733689849732515e-7,-8.043201729986859e-6,0.011867595186309287,5.935852543214447,2.766288122116831,0.3859922146899218,0.3201442558927201,0.12460981631606598,25.0,25.0,25.0,25.0,25.0,25.0,24.0,9.545,0.0,0.0,1.0,1781028158364592022
1781028158467849827,-0.003502729091966874,57.26133405858294,103.13200492204436,0.012156359654618023,-0.013670137385084486,0.0004608344891150088,0.00004587889831000651,3.1220790373307e-6,-9.70345968087582e-7,0.00004352555316164392,6.60439696361916e-7,-8.004559668859834e-6,0.011870355490150464,5.935852585319245,2.7662882782861815,0.38599280117125495,0.32014424216056636,0.12460999743481604,25.0,25.0,25.0,25.0,25.0,25.0,24.0,9.545,0.0,0.0,1.0,1781028158445277968
1781028158568328547,-0.0034970168013297564,57.26133444808588,103.1320048012222,0.012161759921581724,-0.013670056082664323,0.00045983767273421127,0.00004552949442350824,3.110368995929029e-6,-9.63018013354238e-7,0.00004290073835916008,6.410890243528061e-7,-7.946434966832197e-6,0.01187446833354715,5.935852647454518,2.766288509079443,0.3859936749562556,0.32014422187106695,0.1246102675556222,25.0,25.0,25.0,25.0,25.0,25.0,24.0,9.545,0.0,0.0,1.0,1781028158563833614
1781028158668418486,-0.0034932328515648583,57.26133470694297,103.1320047211878,0.012165316927131652,-0.013670003215881837,0.00045917716483642685,0.0000452969974649213,3.102590630884638e-6,-9.58051898443508e-7,0.000042488658217540074,6.283817171285838e-7,-7.90769878456615e-6,0.011877192150315328,5.935852688313329,2.7662886608198,0.3859942535529848,0.3201442085154406,0.12461044660045206,25.0,25.0,25.0,25.0,25.0,25.0,24.0,9.545,0.0,0.0,1.0,1781028158643670533
1781028158768229404,-0.0034875932041929917,57.26133509401332,103.13200460191474,0.012170588483867937,-0.013669925879600897,0.0004581924502404475,0.0000449491437312572,3.0909214640784258e-6,-9.505633076955377e-7,0.00004187815343181213,6.097011851789483e-7,-7.849691324970217e-6,0.011881251169480953,5.935852748819349,2.7662888853595895,0.38599511560091626,0.3201441887197925,0.12461071361795928,25.0,25.0,25.0,25.0,25.0,25.0,24.0,9.545,0.0,0.0,1.0,1781028158764172482
1781028158868228752,-0.0034838575633512163,57.26133535125,103.1320045229203,0.012174060720431671,-0.013669875606082377,0.00045753999838968416,0.00004471788841422087,3.083143801333859e-6,-9.455539514693852e-7,0.000041476314314265574,5.975091358621549e-7,-7.811095188446073e-6,0.011883939476430606,5.9358527886552395,2.7662890330399503,0.38599568642874665,0.3201441756759686,0.12461089060072894,25.0,25.0,25.0,25.0,25.0,25.0,24.0,9.545,0.0,0.0,1.0,1781028158845881758
1781028158967560838,-0.0034782901772386745,57.26133573588917,103.13200440521167,0.012179206737073754,-0.013669802077567602,0.0004565673437045508,0.00004437202547249776,3.071470239468726e-6,-9.380323946937822e-7,0.00004088133052613701,5.796225265338908e-7,-7.753331947045997e-6,0.011887945663837784,5.9358528476610415,2.766289251562617,0.3859965369065898,0.32014415633902077,0.12461115453707491,25.0,25.0,25.0,25.0,25.0,25.0,24.0,9.545,0.0,0.0,1.0,1781028158965778458
1781028159068605959,-0.003474602569420154,57.26133599150439,103.13200432726194,0.012182596356712072,-0.01366975428738231,0.000455922914054012,0.0000441421506088874,3.0636839155032267e-6,-9.33013230257806e-7,0.00004048979477236498,5.679598985859622e-7,-7.714913153384938e-6,0.011890599038552833,5.935852886509218,2.766289395275664,0.3859971000756496,0.3201441435981052,0.12461132947362678,25.0,25.0,25.0,25.0,25.0,25.0,24.0,9.545,0.0,0.0,1.0,1781028159047383650
1781028159168071630,-0.003470019957317347,57.26133631011086,103.13200423041316,0.012186787787915154,-0.013669695901542132,0.0004551218738672772,0.000043855613881073,3.0539510915364967e-6,-9.267332819786396e-7,0.00004000607025980563,5.536716048722834e-7,-7.66699361753076e-6,0.011893896357522155,5.935852934518968,2.7662895727035446,0.38599779977094906,0.3201441278427486,0.1246115469990937,25.0,25.0,25.0,25.0,25.0,25.0,24.0,9.545,0.0,0.0,1.0,1781028159148670936
1781028159268549558,-0.0034654671432043345,57.26133662770324,103.13200413421858,0.012190929171203664,-0.01366963898666061,0.0004543258185970415,0.00004356999577207562,3.0442136180722948e-6,-9.204519351200488e-7,0.00003952860898301979,5.397034805417314e-7,-7.619198098353531e-6,0.011897172212248334,5.935852981926316,2.7662897476993455,0.38599849476089304,0.3201441122747043,0.12461176325833256,25.0,25.0,25.0,25.0,25.0,25.0,24.0,9.545,0.0,0.0,1.0,1781028159250860507
1781028159368038392,-0.003460944030474223,57.261336944281496,103.13200403867852,0.012195021153390053,-0.013669583509934784,0.0004535347354231752,0.00004328531348541302,3.034479799535789e-6,-9.141666691060376e-7,0.00003905731312529528,5.260461244644213e-7,-7.571525801382759e-6,0.011900426806268714,5.9358530287404445,2.7662899202726616,0.3859991850744891,0.32014409689347634,0.12461197825504323,25.0,25.0,25.0,25.0,25.0,25.0,24.0,9.545,0.0,0.0,1.0,1781028159349941414
1781028159468250297,-0.0034573468590717617,57.26133719681403,103.13200396271787,0.012198259599492296,-0.013669540142361566,0.0004529054399263764,0.00004305825502239964,3.0266915760406907e-6,-9.091393187570518e-7,0.000038684668592692926,5.153425931645715e-7,-7.533481384440887e-6,0.011903015272063907,5.935853065760972,2.766290056602914,0.3859997339835978,0.3201440847231115,0.12461214934780436,25.0,25.0,25.0,25.0,25.0,25.0,24.0,9.545,0.0,0.0,1.0,1781028159438496711
1781028159568382659,-0.0034519865126991915,57.26133757439635,103.13200384956266,0.012203059458686553,-0.013669476742695584,0.0004519674321265377,0.000042718835809710376,3.015015363172165e-6,-9.015960854611694e-7,0.000038132907470110165,4.996474180693577e-7,-7.476572661744207e-6,0.011906872786696214,5.935853120591095,2.7662902582448834,0.38600055181494297,0.32014406668935397,0.12461240448509515,25.0,25.0,25.0,25.0,25.0,25.0,24.0,9.545,0.0,0.0,1.0,1781028159568104127
1781028159667396011,-0.003448436479262414,57.261337825307265,103.13200377464968,0.01220622128924318,-0.013669435554160964,0.00045134604017424537,0.0000424933471059813,3.0072376824401097e-6,-8.9656632220798e-7,0.000037769802515389425,4.894191975829771e-7,-7.438739519010421e-6,0.011909427776969576,5.935853156679096,2.7662903907795617,0.38600109337322136,0.32014405481475156,0.12461257357986864,25.0,25.0,25.0,25.0,25.0,25.0,24.0,9.545,0.0,0.0,1.0,1781028159648731811
1781028159767877395,-0.003444025316056222,57.2613381380344,103.13200368159764,0.012210131295268186,-0.013669385253609024,0.0004505737272868104,0.00004221239273453829,2.9975169580364067e-6,-8.902822357977164e-7,0.00003732121247220605,4.768979454931598e-7,-7.391575509024788e-6,0.01191260296576402,5.935853201268049,2.7662905543339176,0.3860017662255849,0.32014404013812225,0.12461278382986396,25.0,25.0,25.0,25.0,25.0,25.0,24.0,9.545,0.0,0.0,1.0,1781028159744806212
1781028159867893916,-0.0034396433637229936,57.26133844974943,103.13200358920012,0.012213994886445506,-0.01366933624186748,0.0004498063197359284,0.000041932460904516055,2.987802349388208e-6,-8.840014000471192e-7,0.00003687839818947786,4.646627691678547e-7,-7.3445533872194675e-6,0.011915757588792028,5.935853245284546,2.766290715559018,0.3860024345639254,0.32014402564459143,0.12461299284474824,25.0,25.0,25.0,25.0,25.0,25.0,24.0,9.545,0.0,0.0,1.0,1781028159853120230
1781028159967899370,-0.003435290514957063,57.26133876045322,103.13200349745682,0.012217812661006702,-0.013669288489439033,0.0004490438025993056,0.00004165356608617424,2.978097550836734e-6,-8.777235639482262e-7,0.000036441302884917416,4.527088798185135e-7,-7.29767635839233e-6,0.011918891917534046,5.9358532887325515,2.766290874462495,0.3860030984122837,0.3201440113351189,0.12461320062673088,25.0,25.0,25.0,25.0,25.0,25.0,24.0,9.545,0.0,0.0,1.0,1781028159950391970
1781028160068249866,-0.0034309666608254214,57.26133907014675,103.13200340636732,0.012221585208937886,-0.013669241967396936,0.0004482861606533875,0.00004137572349763769,2.968406358641309e-6,-8.714464474203227e-7,0.000036009811840807776,4.410271610016851e-7,-7.25094350921635e-6,0.011922005979328932,5.93585333161788,2.766291031071356,0.38600375781030505,0.3201439972073839,0.1246134071843748,25.0,25.0,25.0,25.0,25.0,25.0,24.0,9.545,0.0,0.0,1.0,1781028160051774567
1781028160167697595,-0.003426671690831489,57.261339378831074,103.13200331593126,0.012225313112508636,-0.013669196647316605,0.0004475333783341091,0.0000410989497569816,2.9587245817232576e-6,-8.651768909190909e-7,0.000035583886746389406,4.29618307051539e-7,-7.20436434051658e-6,0.011925099966931824,5.935853373946834,2.7662911853991208,0.3860044127874328,0.32014398326114263,0.12461361252221947,25.0,25.0,25.0,25.0,25.0,25.0,24.0,9.545,0.0,0.0,1.0,1781028160155496559
1781028160267818322,-0.0034224054929830956,57.26133968650746,103.13200322614796,0.012228996946066616,-0.01366915250131716,0.000446785439794924,0.00004082325718829162,2.9490520135274514e-6,-8.589135590040864e-7,0.00003516344209787745,4.184745914170221e-7,-7.157938168912489e-6,0.011928174078602615,5.9358534157224625,2.766291337467479,0.3860050633732165,0.32014396949568086,0.12461381664472372,25.0,25.0,25.0,25.0,25.0,25.0,24.0,9.545,0.0,0.0,1.0,1781028160248298724
1781028160368171259,-0.003419013174466862,57.26133993192377,103.13200315479097,0.012231912663508076,-0.013669118011446466,0.0004461905656484206,0.00004060349191603021,2.9413263696309836e-6,-8.539059715188691e-7,0.000034830973952335736,4.097465954720723e-7,-7.120909353122507e-6,0.011930619100432149,5.935853448748564,2.766291457503813,0.38600558070349805,0.3201439586129044,0.12461397907254108,25.0,25.0,25.0,25.0,25.0,25.0,24.0,9.545,0.0,0.0,1.0,1781028160350159365
1781028160467648553,-0.003413958958598864,57.26134029884195,103.13200304853731,0.012236234661976852,-0.013669067622581906,0.0004453040292113526,0.00004027517231342642,2.929755186339597e-6,-8.464039141909491e-7,0.00003433868192729932,3.969618400104349e-7,-7.065556366485746e-6,0.01193426314615888,5.935853497634166,2.7662916348802917,0.3860063515012444,0.3201439425045976,0.124614221268393,25.0,25.0,25.0,25.0,25.0,25.0,24.0,9.545,0.0,0.0,1.0,1781028160467322315
1781028160567326524,-0.003409778391096581,57.261340603503136,103.13200296070842,0.01223978965484337,-0.01366902683661709,0.0004445705240504738,0.00004000280530102852,2.920129875567196e-6,-8.401604996202482e-7,0.00003393422389780015,3.865838740806066e-7,-7.019606388588101e-6,0.011937278359546027,5.93585353778213,2.7662917802654032,0.3860069891075854,0.3201439292767516,0.12461442178150484,25.0,25.0,25.0,25.0,25.0,25.0,24.0,9.545,0.0,0.0,1.0,1781028160566310120
1781028160668542569,-0.003406454326196875,57.26134084651069,103.13200289091324,0.012242603492137473,-0.013668994977739213,0.0004439871605850367,0.00003978572710542499,2.9124387262518978e-6,-8.351742394325805e-7,0.00003361440856904326,3.784606548493084e-7,-6.9829657780418155e-6,0.011939676691593936,5.935853569509315,2.766291894986964,0.38600749611809687,0.32014391882426313,0.12461458133203712,25.0,25.0,25.0,25.0,25.0,25.0,24.0,9.545,0.0,0.0,1.0,1781028160642817733
1781028160767652569,-0.0034015020683902724,57.26134120982186,103.13200278699917,0.012246774630904964,-0.013668948442094543,0.0004431178292021874,0.00003946148184033413,2.9009289858200846e-6,-8.277023989962483e-7,0.000033140818640384625,3.665637837235386e-7,-6.928202192837595e-6,0.011943251089525896,5.935853616472751,2.7662920644566995,0.3860082515519626,0.3201439033561208,0.12461481923456334,25.0,25.0,25.0,25.0,25.0,25.0,24.0,9.545,0.0,0.0,1.0,1781028160761874592
1781028160871759398,-0.0033982230335014908,57.261341451230656,103.13200271824152,0.012249522707931558,-0.01366891823479204,0.0004425420711351167,0.00003924624118299072,2.8932678525374735e-6,-8.227310518843772e-7,0.00003282914808565826,3.588236658582576e-7,-6.891828371517096e-6,0.011945618830303505,5.9358536473626,2.766292175699983,0.3860087518059312,0.3201438931854229,0.12461497688987076,25.0,25.0,25.0,25.0,25.0,25.0,24.0,9.545,0.0,0.0,1.0,1781028160847838701
1781028160972931054,-0.0033933380319827026,57.2613418121484,103.13200261588123,0.012253596469809403,-0.01366887411717692,0.0004416841057048707,0.00003892477866081893,2.881803770861809e-6,-8.152839588462834e-7,0.00003236761596325543,3.47491245006293e-7,-6.837471329972508e-6,0.011949147741066746,5.935853693071119,2.7662923399955246,0.38600949717776656,0.3201438781405452,0.12461521196257085,25.0,25.0,25.0,25.0,25.0,25.0,24.0,9.545,0.0,0.0,1.0,1781028160967105578
1781028161073201828,-0.003390103640492566,57.26134205196487,103.13200254815769,0.012256280460607632,-0.013668845483038433,0.00044111589650445174,0.00003871141067937938,2.874176614507427e-6,-8.103292712678485e-7,0.000032063867895968995,3.401201730770039e-7,-6.801372232651228e-6,0.01195148534890342,5.935853723130975,2.766292447817235,0.3860099907740519,0.3201438682504296,0.12461536774120312,25.0,25.0,25.0,25.0,25.0,25.0,24.0,9.545,0.0,0.0,1.0,1781028161047637970
1781028161172783946,-0.0033852853101916337,57.26134241049932,103.13200244734574,0.01226025932291938,-0.0136688036680351,0.00044026921113918943,0.00003839278015889118,2.862760967227154e-6,-8.029115421258511e-7,0.000031614076589061576,3.293324918133335e-7,-6.747433403584667e-6,0.011954969451546688,5.935853767605137,2.766292607018028,0.3860107262298697,0.3201438536246013,0.12461560001175172,25.0,25.0,25.0,25.0,25.0,25.0,24.0,9.545,0.0,0.0,1.0,1781028161168767049
1781028161274970644,-0.0033813003841115627,57.26134270818952,103.1320023640433,0.012263532396684935,-0.013668769838281945,0.0004395687792332441,0.000038128569299925694,2.853272789738625e-6,-7.967446992615709e-7,0.000031244517749423176,3.2058569223760193e-7,-6.702680118515653e-6,0.011957852534683656,5.935853804111354,2.766292737372663,0.3860113346159766,0.3201438416269667,0.12461579229637948,25.0,25.0,25.0,25.0,25.0,25.0,24.0,9.545,0.0,0.0,1.0,1781028161274085072
1781028161373054156,-0.0033773429149821475,57.261343004892744,103.13200228138264,0.012266767230645074,-0.013668736908038706,0.0004388729995905699,0.00003786555985631037,2.84380984421508e-6,-7.905899923903255e-7,0.00003087967970599317,3.1205379072997805e-7,-6.6581039661679285e-6,0.011960717359229217,5.935853840115402,2.7662928656413164,0.38601193894572566,0.32014382980238926,0.12461598342741977,25.0,25.0,25.0,25.0,25.0,25.0,24.0,9.545,0.0,0.0,1.0,1781028161371276726
1781028161476574747,-0.003373412776975965,57.26134330061146,103.13200219936228,0.012269964312993011,-0.013668704855057862,0.0004381818534566068,0.000037603763441318795,2.8343695930986057e-6,-7.844493987307997e-7,0.00003051949221863013,3.037331188351203e-7,-6.613709042362906e-6,0.011963563983730332,5.935853875621839,2.766292991851229,0.38601253925211254,0.32014381814912773,0.12461617341213602,25.0,25.0,25.0,25.0,25.0,25.0,24.0,9.545,0.0,0.0,1.0,1781028161474797522
1781028161572447371,-0.0033702882598936846,57.26134353647932,103.13200213420612,0.012272495121584742,-0.013668679829625068,0.00043763225996268216,0.00003739520401058084,2.826837182912909e-6,-7.795464418628642e-7,0.00003023464782156625,2.972252977667788e-7,-6.578323700728633e-6,0.011965828284112578,5.935853903671855,2.766293091344344,0.386013016620254,0.32014380894926164,0.12461632457845193,25.0,25.0,25.0,25.0,25.0,25.0,24.0,9.545,0.0,0.0,1.0,1781028161554129236
1781028161672540774,-0.0033664069981985366,57.2613438304325,103.13200205333472,0.012275625460364176,-0.013668649301004898,0.00043694940632826775,0.00003713560829297157,2.8174449950006727e-6,-7.734314090796857e-7,0.000029882683481823777,2.8927533843234905e-7,-6.534258461832927e-6,0.011968642531321703,5.935853938294317,2.7662932138712217,0.3860136097564412,0.32014379760359457,0.12461651251375166,25.0,25.0,25.0,25.0,25.0,25.0,24.0,9.545,0.0,0.0,1.0,1781028161654088714
1781028161772563028,-0.0033625527110023863,57.26134412340859,103.1320019730994,0.012278719379839714,-0.01366861958957635,0.0004362711327496934,0.000036877245946135155,2.8080748388287636e-6,-7.67333697851607e-7,0.000029535213983238332,2.8152777141992153e-7,-6.490380776243527e-6,0.011971439020849982,5.935853972428958,2.7662933343776372,0.38601419894907835,0.3201437864278152,0.12461669931804256,25.0,25.0,25.0,25.0,25.0,25.0,24.0,9.545,0.0,0.0,1.0,1781028161754708731
1781028161873033056,-0.0033587252695213036,57.26134441541042,103.13200189349855,0.012281777343637125,-0.013668590674667329,0.00043559741982621234,0.000036620122663676,2.798736369010519e-6,-7.612497663192245e-7,0.00002919215273974194,2.7397467821311866e-7,-6.446687893984215e-6,0.01197421784864967,5.935854006083833,2.7662934528795313,0.3860147842279289,0.32014377541994593,0.1246168849976644,25.0,25.0,25.0,25.0,25.0,25.0,24.0,9.545,0.0,0.0,1.0,1781028161862424624
1781028161972566942,-0.003354924544280874,57.261344706440845,103.13200181453054,0.012284799809235634,-0.013668562535981536,0.00043492824798038667,0.000036364244810180665,2.789425295928695e-6,-7.551818770636019e-7,0.000028853458766039185,2.666146482310861e-7,-6.403183395656047e-6,0.01197697919131227,5.9358540392607155,2.7662935693847284,0.38601536561931127,0.3201437645814096,0.1246170695575515,25.0,25.0,25.0,25.0,25.0,25.0,24.0,9.545,0.0,0.0,1.0,1781028161952598568
1781028162076123682,-0.003351150405162323,57.26134499650282,103.1320017361936,0.012287787227922026,-0.013668535153622414,0.0004342635974887233,0.00003610961994353538,2.780140969874047e-6,-7.491324580146562e-7,0.00002851907027720128,2.5944490514019296e-7,-6.359870469730541e-6,0.011979723121719276,5.935854071966936,2.766293683921342,0.3860159431556557,0.32014375390848077,0.12461725300504116,25.0,25.0,25.0,25.0,25.0,25.0,24.0,9.545,0.0,0.0,1.0,1781028162057352621
1781028162173163213,-0.003347402721445044,57.261345285599354,103.13200165848592,0.012290740044912513,-0.01366850850806561,0.0004336034484844362,0.000035856251892960256,2.770887602792205e-6,-7.430990707460963e-7,0.000028188927519555747,2.524606134597219e-7,-6.316748059083256e-6,0.011982449808304908,5.935854104204129,2.7662937964907814,0.3860165168624417,0.32014374340235097,0.12461743534497564,25.0,25.0,25.0,25.0,25.0,25.0,24.0,9.545,0.0,0.0,1.0,1781028162157154959
1781028162272909187,-0.0033436813618286476,57.261345573733536,103.13200158140576,0.012293658699466546,-0.013668482580162483,0.0004329477809518727,0.00003560414707111822,2.76166294029149e-6,-7.370835024761251e-7,0.000027862969781118703,2.456569691398397e-7,-6.273817528720362e-6,0.01198515940951394,5.935854135976071,2.766293907118616,0.38601708676719065,0.32014373306226485,0.12461761658271636,25.0,25.0,25.0,25.0,25.0,25.0,24.0,9.545,0.0,0.0,1.0,1781028162258954677
1781028162373213099,-0.003339986194491986,57.26134586090853,103.13200150495118,0.012296543624844962,-0.013668457351138332,0.0004322965747638586,0.000035353310313180756,2.7524712472301654e-6,-7.310858429606791e-7,0.000027541149862126336,2.390336274757029e-7,-6.231082179349836e-6,0.011987852004433728,5.935854167286413,2.7662940158095433,0.38601765289978657,0.32014372288733983,0.12461779672516496,25.0,25.0,25.0,25.0,25.0,25.0,24.0,9.545,0.0,0.0,1.0,1781028162356027303
1781028162474797377,-0.0033363170871006137,57.261346147127526,103.13200142912032,0.012299395248577216,-0.013668432802569864,0.00043164980964329255,0.00003510374557324977,2.7433085881738225e-6,-7.25107454565042e-7,0.000027223401054398157,2.325842640587619e-7,-6.188540657624307e-6,0.011990527759641913,5.935854198142886,2.7662941225864963,0.38601821528703095,0.3201437128754025,0.12461797577756424,25.0,25.0,25.0,25.0,25.0,25.0,24.0,9.545,0.0,0.0,1.0,1781028162460447185
1781028162572418153,-0.0033326739068670116,57.26134643239382,103.1320013539112,0.012302213992396822,-0.013668408916397055,0.0004310074652117748,0.000034855458380289405,2.734177269467988e-6,-7.191482357774162e-7,0.00002690968409822943,2.263081736841019e-7,-6.146197108575264e-6,0.011993186769353546,5.935854228543701,2.7662942274621733,0.3860187739580113,0.32014370302760015,0.12461815374650256,25.0,25.0,25.0,25.0,25.0,25.0,24.0,9.545,0.0,0.0,1.0,1781028162556398776
1781028162674614592,-0.003329056520563007,57.26134671671073,103.1320012793218,0.012305000272340124,-0.01366838567490958,0.0004303695209692179,0.00003460845130918851,2.72507802436951e-6,-7.132090248370258e-7,0.00002659993551597315,2.2020017069007145e-7,-6.104050167086274e-6,0.011995829238421376,5.935854258498345,2.7662943304496124,0.3860193289360263,0.320143693341471,0.12461833063597742,25.0,25.0,25.0,25.0,25.0,25.0,24.0,9.545,0.0,0.0,1.0,1781028162661574893
1781028162773196704,-0.003325464794566055,57.26134700008165,103.13200120535012,0.012307754498887597,-0.0136683630607305,0.0004297359563047744,0.00003436273022184604,2.716011878660852e-6,-7.072879930227683e-7,0.000026294096117384027,2.1425712714227067e-7,-6.0621021640178256e-6,0.011998455188307873,5.935854288006501,2.7662944315672955,0.38601988025372685,0.3201436838176495,0.12461850645427124,25.0,25.0,25.0,25.0,25.0,25.0,24.0,9.545,0.0,0.0,1.0,1781028162761233031
1781028162873139529,-0.003321898594891606,57.26134728251001,103.13200113199406,0.012310477076991231,-0.01366834105683486,0.0004291067505177171,0.000034118295379039513,2.706979236489685e-6,-7.013878479957429e-7,0.000025992120667367853,2.0847561190280275e-7,-6.02035207700834e-6,0.012001064837271204,5.935854317075825,2.7662945308256823,0.38602042793390423,0.32014367445375463,0.1246186812053097,25.0,25.0,25.0,25.0,25.0,25.0,24.0,9.545,0.0,0.0,1.0,1781028162866849236
1781028162972972712,-0.0033183577872046605,57.261347563999344,103.13200105925152,0.012313168406142272,-0.013668319646511152,0.0004284818827929332,0.00003387515286671372,2.6979806462138035e-6,-6.955079417295805e-7,0.000025693954364880505,2.0285320794598257e-7,-5.9788032413294785e-6,0.012003658236448904,5.935854345706266,2.766294628242213,0.3860209720069499,0.32014366525055105,0.12461885489651156,25.0,25.0,25.0,25.0,25.0,25.0,24.0,9.545,0.0,0.0,1.0,1781028162961236909
1781028163073059361,-0.003314842236875268,57.26134784455315,103.13200098712034,0.01231582888046344,-0.01366829881339411,0.0004278613322414995,0.00003363330362242414,2.689014402663764e-6,-6.89650536587924e-7,0.00002539955831546544,1.9738838127363135e-7,-5.93745647125177e-6,0.012006235586358542,5.93585437390561,2.766294723819297,0.38602151249583694,0.3201436562061229,0.12461902753215023,25.0,25.0,25.0,25.0,25.0,25.0,24.0,9.545,0.0,0.0,1.0,1781028163066325726
1781028163173002901,-0.003311351808997083,57.26134812417504,103.13200091559833,0.012318458888795512,-0.013668278541421568,0.0004272450778800551,0.00003339275051716646,2.6800859158854296e-6,-6.838115622764973e-7,0.000025108856580851352,1.920736120945307e-7,-5.896309356631866e-6,0.012008796935929263,5.935854401674367,2.7662948175907363,0.38602204943056634,0.3201436473202813,0.12461919911951176,25.0,25.0,25.0,25.0,25.0,25.0,24.0,9.545,0.0,0.0,1.0,1781028163165216247
1781028163272242609,-0.0033078863684140496,57.26134840286868,103.13200084468328,0.012321058814699096,-0.013668258814858931,0.00042663309865360047,0.000033153495700633805,2.6711926317231434e-6,-6.779942506290492e-7,0.000024821812999883295,1.869086461755148e-7,-5.855364593461973e-6,0.012011342477494613,5.935854429018866,2.766294909559312,0.38602258283513735,0.3201436385908408,0.1246193696632401,25.0,25.0,25.0,25.0,25.0,25.0,24.0,9.545,0.0,0.0,1.0,1781028163271750393
1781028163373105896,-0.003304445779742798,57.26134868063771,103.13200077437294,0.012323629036697184,-0.013668239618266666,0.0004260253734131219,0.000032915541572546905,2.6623329439257406e-6,-6.721998985761536e-7,0.0000245383852960119,1.8189122633628986e-7,-5.814623935698417e-6,0.012013872277963356,5.935854455941199,2.766294999739502,0.386023112737358,0.32014363001876256,0.12461953917021212,25.0,25.0,25.0,25.0,25.0,25.0,24.0,9.545,0.0,0.0,1.0,1781028163370886062
1781028163473032518,-0.0033010299074140172,57.2613489574859,103.13200070466502,0.012326169928111278,-0.013668220936520346,0.0004254218809568528,0.00003267888931119257,2.653512074753576e-6,-6.66425931579542e-7,0.00002425850878899884,1.770162352977125e-7,-5.774085568127746e-6,0.01201638648890415,5.935854482445543,2.7662950881456507,0.3860236391628294,0.3201436216020206,0.12461970764577304,25.0,25.0,25.0,25.0,25.0,25.0,24.0,9.545,0.0,0.0,1.0,1781028163471986184
1781028163573323761,-0.003297638615690738,57.261349233416965,103.13200063555722,0.012328681857333847,-0.013668202754783277,0.0004248226000068349,0.0000324435415753266,2.644725598941971e-6,-6.606755999533369e-7,0.00002398215582089591,1.7228365784615524e-7,-5.733753491821358e-6,0.012018885225010354,5.935854508534519,2.7662951747911686,0.3860241621365555,0.3201436133411137,0.12461987509562487,25.0,25.0,25.0,25.0,25.0,25.0,24.0,9.545,0.0,0.0,1.0,1781028163567936526
1781028163672983015,-0.0032949431890366915,57.26134945350409,103.13200058070149,0.01233067079230066,-0.01366818855962403,0.00042434619319625536,0.000032256204058004385,2.6377194330929647e-6,-6.560938047588811e-7,0.000023763580242468137,1.685992324051597e-7,-5.701637809545256e-6,0.012020873151154417,5.935854529109775,2.766295242849515,0.38602457804866097,0.32014360684299786,0.1246200083212266,25.0,25.0,25.0,25.0,25.0,25.0,24.0,9.545,0.0,0.0,1.0,1781028163648590424
1781028163772401224,-0.003290929230421924,57.26134978254312,103.13200049913256,0.01233362027787465,-0.013668167833495068,0.0004236365872463785,0.000031976762076376295,2.627261726519872e-6,-6.492441112520982e-7,0.000023439803590270085,1.6323095361777636e-7,-5.6537055179433586e-6,0.012023836758347558,5.935854559485592,2.7662953428571826,0.3860251978336037,0.32014359728013153,0.12462020694202988,25.0,25.0,25.0,25.0,25.0,25.0,24.0,9.545,0.0,0.0,1.0,1781028163768626421
1781028163872803103,-0.00328827261064438,57.26135000117763,103.13200044522792,0.012335564254832648,-0.01366815438336017,0.0004231668367755525,0.000031791513693133936,2.6203172638556563e-6,-6.446967105421898e-7,0.00002322666000587601,1.597598024189467e-7,-5.621916993165802e-6,0.012025800371142838,5.935854579411815,2.7662954081532387,0.3860256083233671,0.3201435910267987,0.12462033854959112,25.0,25.0,25.0,25.0,25.0,25.0,24.0,9.545,0.0,0.0,1.0,1781028163849092563
1781028163972982137,-0.0032843165356617712,57.26135032804712,103.1320003650799,0.012338447147386068,-0.013668134741540378,0.00042246716382558054,0.00003151520975081835,2.609948216108945e-6,-6.379043099031945e-7,0.000022910940479262247,1.547091074811446e-7,-5.574481394475624e-6,0.01202872779086395,5.935854608820305,2.766295504045587,0.3860262200354261,0.32014358182913083,0.12462053475723996,25.0,25.0,25.0,25.0,25.0,25.0,24.0,9.545,0.0,0.0,1.0,1781028163969927380
1781028164072782720,-0.0032816982870951367,57.26135054524153,103.13200031211863,0.01234034728462854,-0.013668121992537825,0.0004220040009447898,0.000031332053597317046,2.603063517880134e-6,-6.333949729356905e-7,0.000022703093918307236,1.514442674190471e-7,-5.543023674160691e-6,0.01203066748410482,5.935854628109373,2.7662955666241897,0.3860266251818515,0.3201435758176494,0.12462066476467078,25.0,25.0,25.0,25.0,25.0,25.0,24.0,9.545,0.0,0.0,1.0,1781028164050168316
1781028164172705600,-0.003277799442029496,57.261350869960374,103.13200023337978,0.012343165239069538,-0.013668103370505016,0.0004213141576721935,0.0000310588872420245,2.5927895122478288e-6,-6.266568600586244e-7,0.00002239520643057373,1.4669588759198724e-7,-5.49608319419752e-6,0.012033559272390266,5.935854656569854,2.766295658463741,0.386027228940641,0.32014356698158025,0.12462085858693032,25.0,25.0,25.0,25.0,25.0,25.0,24.0,9.545,0.0,0.0,1.0,1781028164170770664
1781028164272820949,-0.003275219128791115,57.26135108572743,103.13200018135404,0.012345022625063826,-0.013668091280482348,0.0004208575133809085,0.000030877822517231926,2.585968399166006e-6,-6.221859885163827e-7,0.000022192519218581687,1.436292983282551e-7,-5.464956404841367e-6,0.01203547544147903,5.935854675232663,2.7662957183549484,0.3860276288215838,0.32014356120989845,0.12462098701216465,25.0,25.0,25.0,25.0,25.0,25.0,24.0,9.545,0.0,0.0,1.0,1781028164256483040
1781028164373144782,-0.003271376859795271,57.26135140831489,103.13200010401238,0.012347777252306529,-0.013668073616261052,0.0004201773960961125,0.00003060779546110251,2.575780765807024e-6,-6.155089569577231e-7,0.00002189227569449008,1.3917484653020294e-7,-5.4185174205459025e-6,0.012038332167633723,5.935854702762885,2.766295806213527,0.386028224745963,0.32014355273027684,0.12462117847667512,25.0,25.0,25.0,25.0,25.0,25.0,24.0,9.545,0.0,0.0,1.0,1781028164371437606
1781028164472534032,-0.0032688340460380666,57.26135162266748,103.13200005291404,0.012349592946536972,-0.013668062144740242,0.0004197272011733541,0.000030428822686823773,2.5690218678071065e-6,-6.110764740201758e-7,0.000021694604588697133,1.362988500788663e-7,-5.387723588206899e-6,0.012040225140028183,5.9358547208071135,2.7662958634688484,0.3860286194442071,0.3201435471960694,0.12462130533965916,25.0,25.0,25.0,25.0,25.0,25.0,24.0,9.545,0.0,0.0,1.0,1781028164461384725
1781028164572723327,-0.0032656764426131383,57.26135188981799,103.13199998955947,0.012351839540104425,-0.013668048137101726,0.0004191680566825706,0.000030206282358348225,2.56061090230658e-6,-6.055565036270759e-7,0.0000214502708217069,1.328064240849343e-7,-5.349417565831266e-6,0.012042578367644913,5.935854743024776,2.7662959335758304,0.3860291099369092,0.3201435404091097,0.12462146304884092,25.0,25.0,25.0,25.0,25.0,25.0,24.0,9.545,0.0,0.0,1.0,1781028164557405285
1781028164674712981,-0.003262541949743091,57.26135215609428,103.13199992677842,0.012354060848257704,-0.013668034486968164,0.00041861289099860607,0.000029985047813219165,2.552234786667837e-6,-6.000643891499723e-7,0.00002120899987822055,1.29430716511373e-7,-5.311323011049365e-6,0.012044917459000208,5.935854764861502,2.766296002058366,0.38602959724353864,0.32014353376970023,0.1246216197932976,25.0,25.0,25.0,25.0,25.0,25.0,24.0,9.545,0.0,0.0,1.0,1781028164660549484
1781028164772396756,-0.003259059010101074,57.261352288244105,103.13199978031004,0.01235839789577315,-0.01366796359487108,0.0004179945673266013,0.000025962994091820627,3.968753521306266e-7,-1.4258484479852715e-6,0.000046508673982268056,9.51731744078808e-7,-4.4906779550969105e-6,0.012059032562320698,5.935856163492696,2.7663040990923218,0.38603102470931305,0.320142478785667,0.12462196508596532,25.0,25.0,25.0,25.0,25.0,25.0,24.0,9.545,0.0,0.0,1.0,1781028164772251801
1781028164872463369,-0.0023458116964524627,57.2613613081767,103.13196937390096,0.0131629959278452,-0.013594880970275818,0.000330716064074938,0.014180599694309704,0.0001675490628416212,-0.000502838589964012,0.01284132703320117,0.0011930882450226692,-0.0014550629852170184,0.0110591003383418,5.935874143344111,2.766279822042308,0.38607011198306335,0.32016449975006755,0.1246411245651909,25.0,25.0,25.0,25.0,25.0,25.0,24.0,9.544,0.0,0.0,1.0,1781028164856799674
1781028164973099942,-0.0011104531928747756,57.2614123740155,103.13194672147164,0.014257083203031604,-0.013501977510648536,0.00021093122471794936,0.007502559765872261,0.00039721511722836376,-0.00008723572445778947,0.0066627587673011406,0.0005405643118067593,-0.000723324135257563,0.011846397142360411,5.935845330399168,2.766298811340416,0.3860599909069304,0.32015190855366715,0.12462940098174688,25.0,25.0,25.0,25.0,25.0,25.0,24.0,9.545,0.0,0.0,1.0,1781028164972965673
1781028165073282795,-0.0005367329970418046,57.26144261062876,103.13193981541382,0.014769365225978518,-0.013460428400519224,0.00015508354367072664,0.006513716081216517,0.000339779466173093,-0.00008208720243173034,0.005837313157582253,0.00047408655823197613,-0.0006386438003892913,0.012002256674237197,5.935868709838151,2.766319444637601,0.3860566840926651,0.3201446373595284,0.12462617441206524,25.0,25.0,25.0,25.0,25.0,25.0,24.0,9.545,0.0,0.0,1.0,1781028165055940809
1781028165172523321,0.00012066952843122869,57.26147649099656,103.13193114270982,0.015359411024923173,-0.013412429252073062,0.0000903372632782025,0.006200054587932573,0.0003167801246724005,-0.00008434845377588315,0.005567590371879752,0.0004532738382608403,-0.0006122082405028925,0.012057467356904224,5.93588098724536,2.7663323007880596,0.3860601793864058,0.3201419423897953,0.12462573992025852,25.0,25.0,25.0,25.0,25.0,25.0,24.0,9.545,0.0,0.0,1.0,1781028165156581437
1781028165272536849,0.0006687497552733474,57.26153245006015,103.1319097272792,0.014874019632823926,-0.01352516679971086,2.6717691968904604e-6,0.0025338978333682774,-0.0013965180084162788,-0.0017438028509019895,-0.02034903801708141,-0.0031642140845649235,-0.0017458208337772928,0.011074782788075988,5.936035371338315,2.7663645702259023,0.3861608166940902,0.3201300489599343,0.12468162708063464,25.0,25.0,25.0,25.0,25.0,25.0,24.0,9.544,0.0,0.0,1.0,1781028165257076058
1781028165372613281,0.0007629496792950478,57.26145999248993,103.13179954619848,0.013098841190140195,-0.013800865415213198,-0.00010079452145505258,0.0002607272851762555,-0.0004381639276331084,-0.0007389570193044192,-0.014275122751739065,-0.0022190650942888533,-0.0006572363162078576,0.011931945808256062,5.935851844758482,2.766308079552661,0.3861253490685227,0.32015199371784353,0.12468141441685016,25.0,25.0,25.0,25.0,25.0,25.0,24.0,9.545,0.0,0.0,1.0,1781028165354909282
1781028165473913302,0.0007774040468779904,57.26141841605204,103.13173264970848,0.01179620091963438,-0.01400323896727995,-0.00015863239257302242,0.00008788418185500091,-0.0003766915780435362,-0.0005819351853866678,-0.011244112958733102,-0.001745733808724979,-0.0004937542965118516,0.012062601492507288,5.935860821741938,2.7663148501926385,0.3861091841175859,0.32014648850251426,0.12468948940050716,25.0,25.0,25.0,25.0,25.0,25.0,24.0,9.545,0.0,0.0,1.0,1781028165460312863
1781028165573104463,0.0007851773673866245,57.26138136361181,103.13167652466294,0.01072231681789666,-0.01416992126506677,-0.00020589465501408215,0.00006702262650250925,-0.00033557607219262306,-0.0005023104253758707,-0.009543398207293876,-0.0014811207852573804,-0.000421086160894676,0.012086747482358917,5.9358612706907445,2.7663117528841075,0.38611118663742366,0.3201462895583234,0.124702389185023,25.0,25.0,25.0,25.0,25.0,25.0,24.0,9.545,0.0,0.0,1.0,1781028165556340862
1781028165672735472,0.000794074800799991,57.261420795256846,103.1316721983613,0.00973986877193806,-0.01426903066234365,-0.00024175578186927296,0.00006759815021714009,-0.00008395539406289178,-0.00020870322437330777,-0.0056725820025626435,-0.00030688905424844446,-0.0002972063873589565,0.011950427285128623,5.935918851752038,2.766315082834071,0.3861275222816477,0.32014831382292486,0.1247232216706386,25.0,25.0,25.0,25.0,25.0,25.0,24.0,9.545,0.0,0.0,1.0,1781028165671304717
1781028165772719341,0.0007984542715045787,57.2614442170714,103.13167373038524,0.009271759105105842,-0.014295574877023345,-0.0002560303909784801,0.00003452152150004487,0.000314527759235572,0.00008516537183716879,-0.0037602526712359617,-0.00021207914148036524,-0.0000778605872179577,0.012081947674606243,5.935849563112557,2.766301039997287,0.3861162282544766,0.32014576860408767,0.12472209500114896,25.0,25.0,25.0,25.0,25.0,25.0,24.0,9.545,0.0,0.0,1.0,1781028165769148649
1781028165873357678,0.0008020911734064207,57.261476405218936,103.1316826679145,0.008920358742732783,-0.01431485135318707,-0.00026315579365257654,0.00003744329745302907,0.0003153185677175056,0.00008830995495631896,-0.003091978157733315,-0.00016614572360583996,-0.00006447181709839083,0.01211318937552606,5.93585777329115,2.766311962078917,0.38611547101890886,0.32013899074372626,0.12472558185191213,25.0,25.0,25.0,25.0,25.0,25.0,24.0,9.545,0.0,0.0,1.0,1781028165869635842
1781028165972443308,0.0007984790176152501,57.26158608161307,103.13173916269396,0.00848563872535476,-0.014360492957804396,-0.00023987072305898936,-0.0005874470580599949,0.008851105421541829,0.0049552872695796816,-0.016483597338068014,-0.0026697322563223407,0.0026121102966438596,0.016132805103357593,5.933176127021317,2.766652040149815,0.3862609251172283,0.31967309337084887,0.12466959768460344,25.0,25.0,25.0,25.0,25.0,25.0,24.0,9.547,0.0,0.0,1.0,1781028165964540253
1781028166073012338,0.0008111900113827178,57.26158399181544,103.13175138896474,0.007575658141778635,-0.014363837550935754,-0.0002811701564737056,0.00008106438528365033,-0.0008741519173306524,-0.0002492077728893086,-0.00855518079438148,5.188235563968403e-6,-0.0004402088539218395,0.011814832101889246,5.936006105503945,2.7663344616801013,0.38613798438422825,0.3201498345719194,0.12475259491922108,25.0,25.0,25.0,25.0,25.0,25.0,24.0,9.545,0.0,0.0,1.0,1781028166045419669
1781028166173054919,0.0008159224870714113,57.261562689040225,103.13176502123122,0.006767360527994417,-0.014382574880626036,-0.0003019032862642798,0.000028041002087946015,0.00004681915885444378,0.0001969160776493137,-0.005249093668738255,-0.00017531709424545714,-0.00007590904674432001,0.012000222948362694,5.9358370073383,2.7662825324755453,0.3861187721459312,0.32013886324790175,0.12474657701944616,25.0,25.0,25.0,25.0,25.0,25.0,24.0,9.545,0.0,0.0,1.0,1781028166169964443
1781028166272801555,0.0008191386403943782,57.2615687745756,103.1317848628004,0.006249293314816069,-0.014399713935763742,-0.0003093433076857421,0.00003364442693412812,0.000059998997823945754,0.00018569938904349048,-0.004898192610321595,-0.00015824824516504838,-0.00007248920083648617,0.012043093035466204,5.935836793922661,2.7662842466067525,0.3861108632040683,0.3201324641259664,0.12474699114364908,25.0,25.0,25.0,25.0,25.0,25.0,24.0,9.545,0.0,0.0,1.0,1781028166270581061
1781028166373274954,0.0008228806850919058,57.26157496706083,103.13180436546745,0.0057274445628971915,-0.014416265249468364,-0.0003172448645282336,0.00003764292064029604,0.000059744293941300895,0.0001908308282960969,-0.0051459934773192325,-0.0001615351358082791,-0.00007864085148993342,0.012065810419683234,5.935835713032778,2.7662843564473243,0.3861100174077443,0.32013002167600674,0.12475044145834116,25.0,25.0,25.0,25.0,25.0,25.0,24.0,9.545,0.0,0.0,1.0,1781028166368487627
1781028166472793675,0.0008269234764125729,57.261581349949175,103.13182485273704,0.005175175309921187,-0.014433570934701531,-0.00032563310762942716,0.00003961733672944359,0.00006289633173802496,0.0002020317451211704,-0.0054311563223853965,-0.0001703294220033253,-0.00008170963448036068,0.012085259793724564,5.935832342764097,2.7662836180529107,0.3861115430517766,0.3201286769179288,0.12475506469905988,25.0,25.0,25.0,25.0,25.0,25.0,24.0,9.545,0.0,0.0,1.0,1781028166470308823
1781028166573206178,0.0008315608283251592,57.26159166643792,103.13184770065062,0.004603404908944051,-0.01445159725674424,-0.00033427064966043104,0.00004680093231620758,0.00011848588448633784,0.0002292024125194892,-0.005525273333183507,-0.00017481104261582323,-0.00008294564022144858,0.012103979692849794,5.9358289048262725,2.76628340592208,0.38611391603253326,0.32012733576931446,0.12476018035975776,25.0,25.0,25.0,25.0,25.0,25.0,24.0,9.545,0.0,0.0,1.0,1781028166566772278
1781028166672312981,0.0008354605341404359,57.26160171954275,103.13186693477805,0.004143724899327723,-0.014466196244985682,-0.00034110629009711266,0.000046458181443577185,0.00012078589139283204,0.0002308775697676085,-0.00548787553997786,-0.0001748991941647417,-0.00008085824991684607,0.012117380619369697,5.935824415170889,2.766281980808724,0.38611586966012623,0.3201267944793305,0.12476432907306484,25.0,25.0,25.0,25.0,25.0,25.0,24.0,9.545,0.0,0.0,1.0,1781028166652751795
1781028166773269083,0.000830031728629825,57.26168694595888,103.13192759812632,0.003721911871297187,-0.014498360830590655,-0.0003198097915014635,0.00004516115772419572,-0.0018554970829614103,-0.0010682417321873651,0.0018655604428243957,0.0005821638397213115,-0.0005067964808737906,0.012119914707564553,5.936175308819404,2.7664029833455133,0.3860278985658048,0.32008225654203654,0.1247418654456536,25.0,25.0,25.0,25.0,25.0,25.0,24.0,9.546,0.0,0.0,1.0,1781028166767437316
1781028166872328857,0.0008298846183303821,57.26162162544578,103.13189529179986,0.003809130138909548,-0.014482723261957936,-0.0003339370380231642,-0.000020148282372527637,-0.00032529562172294957,-0.00008632302955565921,0.000906884655267836,-6.232598549348916e-7,-0.00001063294671651314,0.012224472151201753,5.9358284023924215,2.766274155141822,0.3860977675076537,0.3201323674577921,0.12476101383704458,25.0,25.0,25.0,25.0,25.0,25.0,24.0,9.545,0.0,0.0,1.0,1781028166848744454
1781028166973235316,0.0008366716100848217,57.261575921491946,103.1318418538101,0.004607604872855034,-0.014441814166098774,-0.00034861767972123233,-0.00009265985105427636,0.0008144713791752743,0.0004086575287290623,0.0003997879738476024,-0.0003088891842845267,0.0004021672737660535,0.01234760252392392,5.93563966132823,2.766209012187435,0.3860600994138057,0.32011426100479945,0.12473404320840945,25.0,25.0,25.0,25.0,25.0,25.0,24.0,9.545,0.0,0.0,1.0,1781028166953859939
1781028167072352152,0.0008361589806397293,57.26160380767299,103.13186292237472,0.004352543799322682,-0.01446067304023314,-0.00033878088576019767,0.00003388411575342649,0.00007079895948882728,0.00015107692788419443,-0.0041520337065210485,-0.00014023393894015802,-0.000043283519735924016,0.012171398062597186,5.935830409718562,2.766287958339633,0.3860995171281919,0.32011597507580186,0.12475557132122876,25.0,25.0,25.0,25.0,25.0,25.0,24.0,9.545,0.0,0.0,1.0,1781028167049978979
1781028167172386370,0.0008254022790905959,57.2617946270121,103.13199391362332,0.0035919610008098633,-0.01454110029620525,-0.0002820799070298977,-0.00025210276858950143,0.002825907770239804,0.0015181804361948286,-0.005248152493315084,-0.000664712935358552,0.0008688593838696765,0.011781702242220271,5.9352051936731165,2.7661200919360804,0.3862730765304427,0.3201552508543689,0.12481400816782189,25.0,25.0,25.0,25.0,25.0,25.0,24.0,9.544,0.0,0.0,1.0,1781028167170571727
1781028167272757598,0.0008331733572792644,57.261644215747,103.13190434602022,0.003770281051631499,-0.014485717966593209,-0.0003318753559011289,-1.0260046497401156e-6,-0.0007585122627405005,-0.0003817244510020827,0.000911764094008192,0.00019249519079272997,-0.00017273601471341616,0.012168975221804,5.935931294168322,2.766307909403306,0.38607842991135854,0.3201203122855935,0.12475640525313324,25.0,25.0,25.0,25.0,25.0,25.0,24.0,9.545,0.0,0.0,1.0,1781028167249581292
1781028167372972282,0.0008436684115617785,57.26154461522462,103.1318274493226,0.004544755663276106,-0.014431210078223906,-0.0003663543417286316,-0.00021641360280096576,0.0015348375116334162,0.0007092952644109858,0.002941712385462952,-0.0004775980305764195,0.0007836054857411877,0.012530610403599755,5.935423992113879,2.7661140431771205,0.3860476969153413,0.320138581650434,0.12472563352531592,25.0,25.0,25.0,25.0,25.0,25.0,24.0,9.545,0.0,0.0,1.0,1781028167371285464
1781028167473092154,0.0008381328941772956,57.261599642664684,103.13185756678028,0.004477812592383968,-0.014454783194636828,-0.00034054020743317493,7.910817920604827e-6,0.00020148379225119392,0.00018566765399736224,-0.0031031012322853073,-0.00017546430327709922,0.00005330842755876395,0.012228505941002074,5.935796565821287,2.7662758472420204,0.3860879248440561,0.3201110440563821,0.12474887610730429,25.0,25.0,25.0,25.0,25.0,25.0,24.0,9.545,0.0,0.0,1.0,1781028167451941716
1781028167573013325,0.0008417788205070714,57.26160949998702,103.13187594518428,0.004004172298564625,-0.014471326882158192,-0.0003449137149183582,0.00004663855202038382,0.00007683496341710754,0.0001974245518495415,-0.005397710396136801,-0.00016446842139258738,-0.00008111535449822433,0.012170513741763271,5.935832660568562,2.766288342887634,0.3861108814750036,0.3201200052115932,0.12476281697248998,25.0,25.0,25.0,25.0,25.0,25.0,24.0,9.545,0.0,0.0,1.0,1781028167553850510
1781028167673733105,0.0008354528989848017,57.26167597708204,103.13192106238594,0.003734886084232685,-0.014494024231576386,-0.0003254336362827549,0.00003442391909902089,-0.001525011011070956,-0.0008735340675215921,0.0014429190660763165,0.0004795655488725029,-0.00041845547733704183,0.01213169545090888,5.9361071072166265,2.7663765150430035,0.38604694066319584,0.3200934538352193,0.12474768358729142,25.0,25.0,25.0,25.0,25.0,25.0,24.0,9.546,0.0,0.0,1.0,1781028167659417921
1781028167773263772,0.0008347669174190747,57.26161785987312,103.1318944893154,0.0038216855274118096,-0.014482235074148996,-0.00033651073940022664,-0.000019442058243981057,-0.0002244881122188854,-0.000029982951678163455,0.0008948810175171836,-0.0000353506722965637,0.000020134340440583883,0.012245089086903737,5.935811766984286,2.766270025838579,0.386106450412922,0.32013269894422025,0.12476333905105252,25.0,25.0,25.0,25.0,25.0,25.0,24.0,9.545,0.0,0.0,1.0,1781028167754099003
1781028167874423575,0.0008417305015101768,57.26158337083376,103.13184672260527,0.004575247903207332,-0.01444476399516414,-0.0003487426831397485,-0.00006504047803264277,0.0006661305589315646,0.0003666661003878569,-0.0009150884602252916,-0.00029349375844435303,0.00031380472064066736,0.012349005016217392,5.935681593101541,2.7662283591460404,0.3860658220161417,0.32010999388813954,0.1247368463693201,25.0,25.0,25.0,25.0,25.0,25.0,24.0,9.545,0.0,0.0,1.0,1781028167859447711
1781028167972735219,0.0008427192906007391,57.26160718108059,103.13186908757942,0.004202664368574348,-0.01446495812343651,-0.00034334243906688637,0.00004221497506120501,0.00008109307153827006,0.00018750440860506855,-0.005154422169566105,-0.0001669638526018829,-0.00006322527437375064,0.012197290555327636,5.935831887986011,2.766289475498243,0.3861050260334037,0.32011609883109815,0.124758564424764,25.0,25.0,25.0,25.0,25.0,25.0,24.0,9.545,0.0,0.0,1.0,1781028167955717576
1781028168072554410,0.0008355166560550531,57.26174848868865,103.13196342244812,0.0036663184007594226,-0.014517321820802427,-0.0003056438816724713,0.00016287610829514816,-0.002928314977323816,-0.001751851052420564,0.003097430823873791,0.0010300499512967344,-0.0009520450636286374,0.011867745755753214,5.936620599075753,2.7665342148291243,0.38593551015860034,0.31997474392950903,0.12471558218218726,25.0,25.0,25.0,25.0,25.0,25.0,24.0,9.546,0.0,0.0,1.0,1781028168063776465
1781028168172415508,0.0008381012214219704,57.26162848247147,103.1318965725587,0.003786403821539694,-0.014481011491235813,-0.0003380972768369905,-0.00001498407748371493,-0.000301470054032352,-0.0000980158786195064,0.0006061467179842927,0.00002190451126999878,-0.000029687817182054703,0.012198124280051816,5.935835805293937,2.7662726751152173,0.38610269207501646,0.3201315797414715,0.12476327280470584,25.0,25.0,25.0,25.0,25.0,25.0,24.0,9.545,0.0,0.0,1.0,1781028168160688843
1781028168274829863,0.0008520691829331751,57.261525516588,103.13181891301822,0.0045124922735405235,-0.014424370499522556,-0.00037944648040336214,-0.0003033648614686337,0.0018115688545520168,0.0007770319373992203,0.004486465002493211,-0.0005277470517585475,0.0009941091716571028,0.012692449279841945,5.935248935374169,2.7660256985166667,0.3860560101021658,0.32018231819667003,0.12472570530615266,25.0,25.0,25.0,25.0,25.0,25.0,24.0,9.545,0.0,0.0,1.0,1781028168265730074
1781028168372786290,0.0008439777841247606,57.26160283032529,103.1318614319633,0.004401523436490599,-0.014457309405773016,-0.000343404655190979,0.000020766817327487788,0.00017358101649828325,0.00020240126104239967,-0.004184801798675887,-0.00018991856552699987,0.000015828143944683645,0.0122487843529974,5.935807896172946,2.7662814746675273,0.3860929617957712,0.32011041558745895,0.12475129078923088,25.0,25.0,25.0,25.0,25.0,25.0,24.0,9.545,0.0,0.0,1.0,1781028168363983841
1781028168472344212,0.0008419092958643368,57.26164425129416,103.13190185814383,0.003884763667765228,-0.014492487884026631,-0.00032938351963932423,-0.001270358698932056,0.007975621317906375,0.005838557056246525,-0.023032398852350772,-0.004992167554544567,0.004385572023006417,0.035599155446109025,5.9380852233654595,2.7662507649186256,0.3856922069802474,0.3203980475275352,0.12449085875952182,25.0,25.0,25.0,25.0,25.0,25.0,24.0,9.571,0.0,0.0,1.0,1781028168449921982
1781028168573001843,0.0008411547858304594,57.2616462696406,103.13190369322596,0.00375780650657786,-0.014483351481807284,-0.0003365989498337436,1.1046464128916904e-6,-0.0006482958584061259,-0.0003343786270645735,0.000591503084525871,0.00017747878406405962,-0.0001614937652097144,0.012155000377175387,5.93591798227723,2.766299425374825,0.3860876858391626,0.32012226713659453,0.1247597447165968,25.0,25.0,25.0,25.0,25.0,25.0,24.0,9.545,0.0,0.0,1.0,1781028168570941355
1781028168673713954,0.0008401045556767145,57.26162131475953,103.1318950081842,0.00380432993810361,-0.014480965810825348,-0.00033952040067175825,-0.00001672051834335254,-0.00017181901299571375,-0.0000139774543625868,0.0007217338379158759,-0.000036963447043472605,0.000021994778427435903,0.012233483582701566,5.935809173985384,2.766267486265851,0.3861116059794014,0.3201322830348166,0.1247652924175397,25.0,25.0,25.0,25.0,25.0,25.0,24.0,9.545,0.0,0.0,1.0,1781028168650464522
1781028168772439786,0.0008475701861562606,57.26158217174995,103.13184668976822,0.0045600912622519,-0.014443810245365936,-0.00035278866213167055,-0.00007239965101260372,0.0007412035363667892,0.0004131519833873591,-0.0012222847160751297,-0.00032824084648651103,0.00034420699187924085,0.012400436155770037,5.935666325650668,2.7662230287359573,0.38606261224718075,0.3201080360293949,0.12473493679705412,25.0,25.0,25.0,25.0,25.0,25.0,24.0,9.545,0.0,0.0,1.0,1781028168770322136
1781028168873025150,0.000847757654725037,57.261607257698394,103.1318681413986,0.004244013934571572,-0.014462922565046363,-0.0003456970355587086,0.00003920967468110633,0.0001164013108509954,0.00021053705758785607,-0.0053985141104359235,-0.0001919383021233984,-0.00004464808232095859,0.012241431517330812,5.935825441663803,2.7662886407083604,0.3861024398994179,0.3201127312548211,0.12475653371261124,25.0,25.0,25.0,25.0,25.0,25.0,24.0,9.545,0.0,0.0,1.0,1781028168852551270
1781028168972332931,0.000840556467176532,57.261750088944254,103.13196381795116,0.0036688963863961152,-0.014516776918314812,-0.00030769988733789927,0.0001703691876566503,-0.002901095312133431,-0.001743597429069685,0.0029047722773391984,0.0010355099846317522,-0.0009646961568646916,0.011851559394348224,5.936631061798535,2.7665369215311486,0.3859397411323897,0.31997223897180205,0.12471728786601556,25.0,25.0,25.0,25.0,25.0,25.0,24.0,9.546,0.0,0.0,1.0,1781028168955896219
1781028169075764424,0.0008435691310726087,57.261632689206806,103.1318971498072,0.003769613454015933,-0.014479639466651456,-0.00034107701705798134,-0.000012051309483394622,-0.00026894617993705565,-0.00009486183563170194,0.0003927238031706861,0.00002985434312563428,-0.000036830672019367655,0.01218194779360246,5.935837155037445,2.766270545011943,0.3861067485482761,0.3201313710579363,0.1247650062649233,25.0,25.0,25.0,25.0,25.0,25.0,24.0,9.545,0.0,0.0,1.0,1781028169057521696
1781028169172667308,0.0008420499988065868,57.26161527268677,103.13189516520028,0.003838604642954388,-0.014482737679691004,-0.00033936465135677216,-0.000013849677253689174,-0.00016075783867581055,-3.529077451647401e-6,0.0009771900467558192,-0.00005011462631199551,0.00003694242607715445,0.012275199092880657,5.935806332376857,2.7662712254903297,0.386115216441393,0.32013060918705916,0.12476554845087744,25.0,25.0,25.0,25.0,25.0,25.0,24.0,9.545,0.0,0.0,1.0,1781028169160401642
1781028169273709051,0.000849716742527748,57.261592609789574,103.131853577503,0.004505789039389514,-0.014449083282130838,-0.0003501315453034814,-0.00002925651018180491,0.0004923960013975082,0.00032857872691011836,-0.0028492228455978715,-0.00028177468739045217,0.0001994895241716196,0.012359915967256462,5.935731484901489,2.7662514150621016,0.386074727896255,0.32010581058793347,0.12474115677518452,25.0,25.0,25.0,25.0,25.0,25.0,24.0,9.545,0.0,0.0,1.0,1781028169256698734
1781028169373177539,0.0008433115890737698,57.2616752969768,103.13192076111822,0.0038411660044913422,-0.014504560467956083,-0.00031861984756068425,-0.0008651649385763197,0.0073207359755511694,0.004650897753111622,-0.01779178396051123,-0.0032188827724996595,0.0030612457783734774,0.014523921774146728,5.9325287028246,2.7671386198058188,0.38717198903657185,0.32012120881886297,0.12504812827117093,25.0,25.0,25.0,25.0,25.0,25.0,24.0,9.547,0.0,0.0,1.0,1781028169366010422
1781028169473701517,0.0008463620585658383,57.26166132885505,103.13191092398266,0.0037432594304320646,-0.014486176123189054,-0.0003357947733800859,0.000019497144465135536,-0.0009643590467751388,-0.0005481093530839246,0.0006497696557236756,0.0003115588355601824,-0.00027761214668816286,0.012131898731769631,5.935995509303112,2.766328049224504,0.3860778519366314,0.32011144333453984,0.12475743896322446,25.0,25.0,25.0,25.0,25.0,25.0,24.0,9.545,0.0,0.0,1.0,1781028169463251234
1781028169572404866,0.0008456657546980627,57.26162612944127,103.13189567953064,0.003782364007414401,-0.014479447599493815,-0.00034269065434991793,-0.000013831345075761433,-0.00013040885472334957,-6.856906340964906e-6,0.0004988868404372632,-0.000031064133425200636,0.000017000177339232268,0.012215112901808186,5.935809515525313,2.7662649796619383,0.38611598408020775,0.3201319421100993,0.12476716775231948,25.0,25.0,25.0,25.0,25.0,25.0,24.0,9.545,0.0,0.0,1.0,1781028169559539069
1781028169673757686,0.000864786402366659,57.26150565182943,103.13181184063926,0.004438882078670042,-0.0144177873005659,-0.000396765991579574,-0.000420163822941477,0.0017783911694325147,0.0005898722341759628,0.006092801449855184,-0.0004520022684200416,0.0011678395505231934,0.012815858880528812,5.934751449791063,2.7656725827154056,0.3861422566603423,0.32041645313663547,0.12475538778117914,25.0,25.0,25.0,25.0,25.0,25.0,24.0,9.545,0.0,0.0,1.0,1781028169666012620
1781028169773127358,0.0008528761245614618,57.261603902148025,103.13186412993974,0.0043354073997939864,-0.014457863522804924,-0.0003492312252450144,0.000017704369091048555,0.0002487674581860888,0.0002624992712336383,-0.0049150992984853545,-0.0002396743830615155,0.00003930884354998905,0.01231286284295416,5.935794545135979,2.7662781109545493,0.3860925525083756,0.32010744866354895,0.12475064100985105,25.0,25.0,25.0,25.0,25.0,25.0,24.0,9.545,0.0,0.0,1.0,1781028169760379026
1781028169873489758,0.0008425745350567323,57.261788937415595,103.13198704185976,0.003626160740136636,-0.014530979553731373,-0.0002955976683155153,0.0004427998970309468,-0.002289339599514322,-0.0016506683120095795,0.004635969186082256,0.00154654226517955,-0.0014831960910602104,0.0111768507214996,5.935843383767101,2.7661561599217954,0.386122193457253,0.3201634836214653,0.1247785159228026,25.0,25.0,25.0,25.0,25.0,25.0,24.0,9.544,0.0,0.0,1.0,1781028169867761622
1781028169972764823,0.0008492556285751306,57.261640369287086,103.13189916051206,0.003749264001576609,-0.014478863050529202,-0.00034346341492099753,-5.850023829512204e-6,-0.0003196649290802144,-0.0001467179731075706,0.00018371572576738845,0.00007398933074567371,-0.00007465675330072383,0.012157796873319112,5.935856850185004,2.7662741541608775,0.3861068312074176,0.32012947849845963,0.12476573128645706,25.0,25.0,25.0,25.0,25.0,25.0,24.0,9.545,0.0,0.0,1.0,1781028169961949498
1781028170072877100,0.0008480930459531244,57.26162539507158,103.1318962557633,0.003784390043006171,-0.014479880176615684,-0.00034361170961996355,-0.000010905229109744746,-0.00010320904066147504,4.511094337869836e-6,0.0005768655374658578,-0.000038341764931429366,0.000025832708200845135,0.012229870022817429,5.935807322037885,2.766266307806363,0.38611945711905216,0.32013057913655085,0.12476799151459166,25.0,25.0,25.0,25.0,25.0,25.0,24.0,9.545,0.0,0.0,1.0,1781028170067012469
1781028170172674926,0.0008661523096972162,57.26151430917206,103.13181545360725,0.004460925783426634,-0.014419831174666442,-0.0003934358034064606,-0.0003749494952422642,0.001841061481144236,0.0007072550185094036,0.005067860640381238,-0.0005172996781418925,0.0011164213932223558,0.012850855127542542,5.935003933592133,2.76586699858561,0.38609318803828574,0.32028253246123367,0.12473691120702018,25.0,25.0,25.0,25.0,25.0,25.0,24.0,9.545,0.0,0.0,1.0,1781028170162917534
1781028170272378107,0.0008561389794580772,57.261605937994176,103.1318668842317,0.004276527153483178,-0.01445976807243047,-0.00035100829872304585,0.00002498930554127464,0.0002342231858765382,0.0002735589523359374,-0.005541939323540437,-0.00024877237806440896,0.00001809841777349964,0.01232387371943327,5.935800431937033,2.766281107750445,0.38609598683810337,0.3201074143921892,0.12475236004271276,25.0,25.0,25.0,25.0,25.0,25.0,24.0,9.545,0.0,0.0,1.0,1781028170270465818
1781028170372340365,0.0008484997545608986,57.26175339067,103.1319649263977,0.0036646556214004105,-0.01451600828677986,-0.0003110683177861168,0.00018127304396460867,-0.002860824278550149,-0.0017377614275035957,0.002720803993441214,0.001048336855935333,-0.0009829687988022872,0.011831575433611498,5.936650270233948,2.766542193757469,0.3859428114494347,0.31996628144236244,0.12471867629232082,25.0,25.0,25.0,25.0,25.0,25.0,24.0,9.546,0.0,0.0,1.0,1781028170370233788
1781028170472245279,0.000852153146789272,57.26163989287583,103.13189817840218,0.003738394667506699,-0.01447738278150128,-0.00034586862284624186,-7.372155852866731e-6,-0.00021846565886732587,-0.000091153393305272,0.00005682487716644639,0.00004306133116849621,-0.00004834439223682564,0.01215761683053506,5.935839589445569,2.7662673952352548,0.386112892059552,0.32013086920877337,0.124767682704466,25.0,25.0,25.0,25.0,25.0,25.0,24.0,9.545,0.0,0.0,1.0,1781028170470394118
1781028170572523802,0.0008511391906930622,57.261629371972205,103.13189697630874,0.003762637681019856,-0.01447896377356594,-0.0003454892009482914,-8.49177287162839e-6,-0.00007828023565929132,7.352174105071636e-6,0.0004515973381288689,-0.00003348419514974093,0.00002222811221759914,0.012217561838840138,5.935808247543225,2.7662653057959843,0.3861218752186167,0.32013002032991306,0.12476911135160616,25.0,25.0,25.0,25.0,25.0,25.0,24.0,9.545,0.0,0.0,1.0,1781028170566170844
1781028170674769647,0.0008505463690817178,57.26162117897295,103.13189700589804,0.0038161122115130007,-0.01448177686795546,-0.0003434275123611921,-6.376479636514006e-6,-0.00011992172399912654,-6.901858640808742e-6,0.0008079458770395803,-0.00003371045338074515,0.000026399359486937152,0.01226362509384689,5.935811656759058,2.7662712019435323,0.386121552023439,0.3201286598611322,0.12476794183469243,25.0,25.0,25.0,25.0,25.0,25.0,24.0,9.545,0.0,0.0,1.0,1781028170649322959
1781028170773294518,0.0008608164190934808,57.2615756723489,103.13184534101572,0.004498400366278795,-0.01444088213961165,-0.00036407049941576496,-0.00010518119113045922,0.0010007916493646254,0.0005572038708841088,-0.0015946019352852197,-0.000428350727700053,0.00046108229842316674,0.012532812517996737,5.935605525326067,2.7661991358738978,0.3860540396418823,0.3201068879140272,0.12472992611835396,25.0,25.0,25.0,25.0,25.0,25.0,24.0,9.545,0.0,0.0,1.0,1781028170766189809
1781028170873105011,0.0008508526414439049,57.26169669652472,103.1319334107106,0.003818000250945176,-0.01450931582199928,-0.00031742725811859953,-0.00020162307060811897,0.004938855859517303,0.003011931912221228,-0.009635020636606343,-0.00152620299887385,0.0012637632747689689,0.012277844007962087,5.93320910254384,2.766068266397037,0.38697213675880626,0.32057245626759245,0.12502783138824217,25.0,25.0,25.0,25.0,25.0,25.0,24.0,9.544,0.0,0.0,1.0,1781028170867827947
1781028170973069252,0.0008550972230456909,57.26166260656796,103.13190987826076,0.0037313157640978274,-0.014483460076223838,-0.00034112714362787445,0.000020990779339828543,-0.0008286593071684708,-0.0004871164435683512,0.00030997318441406085,0.0002893523096964948,-0.00025950605170872287,0.012122609183618514,5.935976825429694,2.7663173325553476,0.38608842304282154,0.32011414529307564,0.12476113147412717,25.0,25.0,25.0,25.0,25.0,25.0,24.0,9.545,0.0,0.0,1.0,1781028170962246128
1781028171073718384,0.0008548051457218608,57.26163582453581,103.13189698904374,0.003734030428145707,-0.014476573232266868,-0.00034819226317663277,-8.856580450497418e-6,-0.00006280089622860768,2.4462804196001944e-6,0.00009223074268309576,-0.000018598550168925216,6.215873807213506e-6,0.012181045684080884,5.935811017889993,2.766260805403167,0.3861228228907973,0.3201312956444963,0.12477030542922936,25.0,25.0,25.0,25.0,25.0,25.0,24.0,9.545,0.0,0.0,1.0,1781028171066234077
1781028171172390260,0.0008541099772812509,57.2616296589349,103.13189779059496,0.003765880672433787,-0.01447938002257126,-0.0003464664620960099,-4.774590966230777e-6,-0.00007318638434441028,2.489177390850917e-6,0.000491303416773925,-0.000027603548881559347,0.000019765698177410767,0.012226383206564342,5.9358112241657865,2.766267147679166,0.3861242284732942,0.32012874675964686,0.12476971656586149,25.0,25.0,25.0,25.0,25.0,25.0,24.0,9.545,0.0,0.0,1.0,1781028171162555754
1781028171274656090,0.0008536742762440128,57.26161945170569,103.13189718192868,0.003835640563281454,-0.0144822184152581,-0.00034425758108026235,-4.305875827137607e-6,-0.00012255528495252232,-0.000012734877271314058,0.0008341385701518492,-0.000028274764491430597,0.000023265812334555137,0.012275090721079514,5.935814164833346,2.7662722685940717,0.3861235620733774,0.32012813785674393,0.12476833466111692,25.0,25.0,25.0,25.0,25.0,25.0,24.0,9.545,0.0,0.0,1.0,1781028171268450943
1781028171372429829,0.0008632535054379879,57.26158972329563,103.13185458425656,0.00442590664557904,-0.014447805510803774,-0.00036036873229348785,-0.00004764216553296701,0.0006886333081313893,0.0004558188425389108,-0.003715542622656848,-0.0003757628074530505,0.0002757717396520532,0.01247529782662667,5.935691385570302,2.766237140493225,0.38606989791042734,0.3201026227813067,0.12473808371249416,25.0,25.0,25.0,25.0,25.0,25.0,24.0,9.545,0.0,0.0,1.0,1781028171367389191
1781028171472887364,0.0008537453912360636,57.261714128603806,103.13194450746045,0.00378063353343629,-0.014514276386778928,-0.0003151828344603915,-0.0001027500134948698,0.004071111808300127,0.0025834292196589355,-0.0076960364889658945,-0.001286315428497111,0.00096756425100234,0.011143269918389438,5.9348240885671295,2.7661306742308747,0.3865439278800416,0.3203903019677721,0.12491267899972797,25.0,25.0,25.0,25.0,25.0,25.0,24.0,9.544,0.0,0.0,1.0,1781028171448201554
1781028171572868386,0.0008587662224928965,57.26165142608835,103.13190232809303,0.003721275341172367,-0.014477807302433698,-0.0003474150758767911,4.5435362013217405e-6,-0.00039114567811674464,-0.0002222402148934264,-0.00010497305722585974,0.0001373492463597969,-0.0001291166063212606,0.012130126709123125,5.93588608471026,2.7662804700645807,0.3861081818638841,0.3201260630896915,0.1247670821302678,25.0,25.0,25.0,25.0,25.0,25.0,24.0,9.545,0.0,0.0,1.0,1781028171567210862
1781028171672317635,0.0008583676093335142,57.26164039114715,103.13189760850746,0.003708376404918565,-0.014475287351315655,-0.0003505046968341494,-6.733610508120157e-6,-0.00003248323392724724,7.561751133843155e-6,-0.00007732734226897784,-0.000014376544873859594,2.57158858750811e-6,0.012167251432115118,5.935811289982089,2.7662591662618596,0.3861256087976643,0.3201309289550476,0.12477162624003868,25.0,25.0,25.0,25.0,25.0,25.0,24.0,9.545,0.0,0.0,1.0,1781028171647902916
1781028171773191234,0.0008578998975232366,57.261636929439895,103.131898953605,0.003723336537464455,-0.014477771447130083,-0.0003491527420106862,-1.3448920945968598e-6,-0.00003955641034480276,4.319226296557373e-6,0.00027786722545740297,-0.000018077909575123618,0.00001201000833635336,0.012202959140801616,5.935813280235287,2.7662654839493177,0.3861269741240018,0.3201280575629567,0.12477126849684277,25.0,25.0,25.0,25.0,25.0,25.0,24.0,9.545,0.0,0.0,1.0,1781028171768445828
1781028171872574845,0.0008578442042537929,57.26163264214343,103.13189889759816,0.003753842091059442,-0.014479164681339793,-0.000348154530925989,-3.8660868576627226e-7,-0.0000621931331738872,-4.50469765270099e-6,0.0004417973933182638,-0.00001619582410291033,0.000012323610138307012,0.012223668008865672,5.9358155033599695,2.7662680638263266,0.3861267198758551,0.3201275738328308,0.12477066439613524,25.0,25.0,25.0,25.0,25.0,25.0,24.0,9.545,0.0,0.0,1.0,1781028171848600166
1781028171972577967,0.0008577328891157082,57.26162246698494,103.13189776754176,0.003825006375035344,-0.014481396623435457,-0.00034634674683692106,-1.7646134603140804e-6,-0.00010147752249358088,-0.000012940770105709432,0.0006999047174881073,-0.000020576574009055847,0.000017284168444544523,0.01226455737101572,5.935816078330653,2.76627110902003,0.38612633923086537,0.3201277377038342,0.124769493339937,25.0,25.0,25.0,25.0,25.0,25.0,24.0,9.545,0.0,0.0,1.0,1781028171969548866
1781028172072951747,0.0008743848617365281,57.26153126623683,103.131823164139,0.00449206537788224,-0.014423491930387233,-0.000390229039130898,-0.0002935199308992767,0.0017802508522251328,0.000796976644960978,0.002484839219018416,-0.0005717481276046771,0.0009658529115552664,0.012866195923392368,5.9352593876687205,2.766030521049302,0.386041438847263,0.32017059229704625,0.12471847126050611,25.0,25.0,25.0,25.0,25.0,25.0,24.0,9.545,0.0,0.0,1.0,1781028172050697099
1781028172172998622,0.0008681700535213045,57.26161156721721,103.13187583641864,0.004067365324932742,-0.014465708931966373,-0.0003583326017053821,0.000043246657574945,0.00023506175469322431,0.00033664773648733805,-0.007595847920201346,-0.00029782165562939315,-0.000029098058139222754,0.012376720739880942,5.935808275584511,2.7662865920019284,0.386106898557849,0.3201075438064493,0.12475765736211902,25.0,25.0,25.0,25.0,25.0,25.0,24.0,9.545,0.0,0.0,1.0,1781028172160097641
1781028172272791732,0.000860893360666626,57.26170736333973,103.13193575724635,0.0037067671438252977,-0.014497198759350911,-0.0003312661517247745,0.00008682984396462429,-0.0019422701064552412,-0.0011954149090320212,0.001145326091763465,0.0007023471250088494,-0.0006302104590907463,0.012066778895916471,5.936234706832294,2.7664132609550545,0.38604661937285495,0.3200743067132825,0.12474957668761054,25.0,25.0,25.0,25.0,25.0,25.0,24.0,9.546,0.0,0.0,1.0,1781028172246203744
1781028172372307851,0.000862684429385689,57.26164407865108,103.13189793943144,0.00369796017503392,-0.01447402822908564,-0.00035280209360423194,-4.969773041079394e-6,-0.000027262563649696975,-1.7093675666767748e-6,-0.00029007764175870604,1.0940639433312104e-7,-0.000011019514489139724,0.012151898176738674,5.9358156509840185,2.7662575977947776,0.38612747093484057,0.3201311468910915,0.12477266635969168,25.0,25.0,25.0,25.0,25.0,25.0,24.0,9.545,0.0,0.0,1.0,1781028172365582092
1781028172472227682,0.0008623990740107887,57.26164424367711,103.1318994216453,0.003681708210685055,-0.014475325338493968,-0.0003525226624901078,-1.6319858027653073e-7,4.214273860758341e-6,0.000013592817670315152,-0.00004616484036353459,-0.000012902794211276095,5.607315916120939e-6,0.012174256019530151,5.935812618544217,2.7662615659481733,0.3861301999727123,0.3201283272607185,0.12477311479873184,25.0,25.0,25.0,25.0,25.0,25.0,24.0,9.545,0.0,0.0,1.0,1781028172470924683
1781028172572964489,0.0008625757065715828,57.261643954597375,103.131900222701,0.003684230320362462,-0.014476268085721175,-0.0003521052988583233,2.886633251754219e-6,-8.455339531805811e-6,3.305756545403455e-6,0.00007202029991890647,-6.18588196395745e-6,2.674840548932918e-6,0.012184240623708553,5.9358164415403385,2.7662643692283004,0.38613021034948264,0.32012716884682085,0.12477291831409744,25.0,25.0,25.0,25.0,25.0,25.0,24.0,9.545,0.0,0.0,1.0,1781028172569777440
1781028172672481182,0.000862930664611245,57.261642640494095,103.13190030336295,0.003694892399475977,-0.014476763102123973,-0.00035189389258279575,3.675172879659224e-6,-0.000015883061561280552,-8.829303015014201e-7,0.00012562037813263483,-3.99363165829801e-6,1.7492467138143257e-6,0.012190995618765318,5.93581778378071,2.7662653351349507,0.3861303243793486,0.3201269090968303,0.12477277927108724,25.0,25.0,25.0,25.0,25.0,25.0,24.0,9.545,0.0,0.0,1.0,1781028172670738619
1781028172773019915,0.0008633148350054464,57.26164066566814,103.13190010993186,0.0037102126944561606,-0.01447717471155564,-0.0003516947050768594,3.623000296811611e-6,-0.000021837823548708745,-2.5752727508206553e-6,0.0001670807367093979,-4.138040336479431e-6,2.2097825040710483e-6,0.012198025672888666,5.935818077664628,2.7662657785399603,0.3861305182983392,0.32012692225583356,0.12477263704434288,25.0,25.0,25.0,25.0,25.0,25.0,24.0,9.545,0.0,0.0,1.0,1781028172766340485
1781028172872249398,0.000863672692564111,57.26163801809842,103.13189977689083,0.003730190004342232,-0.014477663170434784,-0.0003514047594864199,3.219125055031945e-6,-0.000029066681209898063,-3.76740309601472e-6,0.0002168912981858947,-5.327950321101238e-6,3.4166435464871526e-6,0.012206908923177611,5.935818020953072,2.7662661850629213,0.3861307078403177,0.3201270310779906,0.12477243681285284,25.0,25.0,25.0,25.0,25.0,25.0,24.0,9.545,0.0,0.0,1.0,1781028172871040143
1781028172972832829,0.0008639741153463648,57.26163447161593,103.1318993115759,0.0037563235481587218,-0.014478318973284016,-0.00035095289927420314,2.548191200477512e-6,-0.00003924462064513022,-5.182643505516268e-6,0.00028621091263040377,-7.325832900855685e-6,5.309480230412817e-6,0.01221900057031645,5.935817809924116,2.7662667523844022,0.38613085100362393,0.3201271976206974,0.12477213544393148,25.0,25.0,25.0,25.0,25.0,25.0,24.0,9.545,0.0,0.0,1.0,1781028172967099156
1781028173072252347,0.0008641544745577018,57.261630724262744,103.13189881475984,0.00378338647477776,-0.014479025301687702,-0.00035042098876135165,1.77872721259749e-6,-0.00005072089578416968,-6.745850965863183e-6,0.00036331550759052366,-9.633545879367286e-6,7.459526462422787e-6,0.012232217122212657,5.935817551297791,2.7662674255718196,0.3861309102774163,0.3201273745379559,0.12477178690697248,25.0,25.0,25.0,25.0,25.0,25.0,24.0,9.545,0.0,0.0,1.0,1781028173048006571
1781028173172498595,0.0008642740280792688,57.261622837458745,103.13189775800532,0.003839020958652803,-0.014480539789486876,-0.00034920248718621857,5.3948009805592854e-8,-0.00007677712085348807,-0.000010363827990230976,0.0005346223061785491,-0.00001484929181865566,0.000012254635411056694,0.012261551786394112,5.935816980853617,2.766269061740128,0.38613085708166706,0.32012773798205163,0.12477099313703845,25.0,25.0,25.0,25.0,25.0,25.0,24.0,9.545,0.0,0.0,1.0,1781028173167714728
1781028173272847819,0.0008853932093240193,57.26150945598648,103.13181406547515,0.004452599055124306,-0.014415681232219112,-0.0004065839784118689,-0.00040989509900429393,0.0017460697120299643,0.0005926597503910769,0.004564568535690674,-0.0004725740083075428,0.0011346463801049044,0.012998324807996932,5.934769900546433,2.765679952173681,0.3861129622928894,0.32039901786772623,0.12474261732744582,25.0,25.0,25.0,25.0,25.0,25.0,24.0,9.545,0.0,0.0,1.0,1781028173249039499
1781028173372512039,0.0008629845535717757,57.26174167765083,103.13196123664004,0.0037591240111155815,-0.01452050175295377,-0.00031307576962917225,-0.0001309729026414349,0.0035108355746312696,0.0022112160334146346,-0.007532186842465863,-0.0011158779311372306,0.000909929824106922,0.011607594834866192,5.9354541353265216,2.766328881104581,0.38635956787911335,0.32008718066563113,0.12484611049980426,25.0,25.0,25.0,25.0,25.0,25.0,24.0,9.545,0.0,0.0,1.0,1781028173368387262
1781028173472424920,0.0008693087787897315,57.26166205191767,103.13190638463482,0.003710386806132986,-0.0144777715552022,-0.0003508780600134473,0.00001869013734937264,-0.0005161550863467348,-0.0003285719741447575,-0.00033293060235723907,0.000216702509176787,-0.00019911838840545163,0.012111568703048144,5.935926587059344,2.766292246777879,0.3861093578042827,0.32012100243878233,0.12476821753757222,25.0,25.0,25.0,25.0,25.0,25.0,24.0,9.545,0.0,0.0,1.0,1781028173469373395
1781028173572623679,0.0008695525387775158,57.26165138756619,103.13189907217443,0.0036527491547207625,-0.014471873196625035,-0.0003571937945140133,-6.779921301502924e-7,0.00004260125284002642,0.00001770264594486941,-0.0005475945901794356,-6.526358033774096e-7,-9.709826335705692e-6,0.012139058204641572,5.935813205087469,2.766255130769463,0.3861339544762265,0.3201300424045258,0.1247753212193931,25.0,25.0,25.0,25.0,25.0,25.0,24.0,9.545,0.0,0.0,1.0,1781028173572500827
1781028173675967417,0.0008697116996319286,57.261656146693774,103.13190087330229,0.003611485868821405,-0.014472081920538142,-0.0003576943618620172,4.292583459794138e-6,0.00006212545521710614,0.000019852498647190856,-0.00046450054153981415,3.615627886693641e-9,-6.487980621669964e-6,0.01214260255437604,5.935814642439398,2.7662582262946245,0.3861354127061463,0.3201276791393313,0.124775928132305,25.0,25.0,25.0,25.0,25.0,25.0,24.0,9.545,0.0,0.0,1.0,1781028173653008591
1781028173773060232,0.0008704136690820118,57.26166299219935,103.1319024933759,0.0035617935052437116,-0.014471485228296986,-0.00035874843174207394,8.571906177867425e-6,0.00007064968852744713,0.0000127169346889424,-0.0005114777525114426,0.000010494711064242832,-0.000013477990604061615,0.012134457303561956,5.935818762980746,2.7662599741662057,0.3861359107614929,0.3201262587727376,0.12477658187322102,25.0,25.0,25.0,25.0,25.0,25.0,24.0,9.545,0.0,0.0,1.0,1781028173756785445
1781028173873219193,0.0008714540626304168,57.26167130022958,103.13190373787818,0.0035008597086427094,-0.014469980547768402,-0.0003604932328005654,0.00001116411403187548,0.00008958185840227923,0.000011975489535284,-0.0006652480642514331,0.000017724896225737234,-0.00001965915367911286,0.012120631906907766,5.9358207115125925,2.766260025530459,0.3861367038694063,0.3201255372322061,0.1247775709879003,25.0,25.0,25.0,25.0,25.0,25.0,24.0,9.545,0.0,0.0,1.0,1781028173859989213
1781028173972323132,0.0008727373377403354,57.26168198129667,103.131905094625,0.0034202445775955315,-0.014467809122015972,-0.0003628624594807725,0.000013371190278386603,0.0001152814234136998,0.00001429420993959755,-0.0008825234298647815,0.000023612351757413508,-0.00002559931687432697,0.012106588791648509,5.935821817903108,2.7662598571668204,0.38613782990022594,0.3201248974463497,0.12477889884156342,25.0,25.0,25.0,25.0,25.0,25.0,24.0,9.545,0.0,0.0,1.0,1781028173959083805
1781028174073693979,0.0008742470356596547,57.26169554529985,103.13190677829796,0.0033145212586900927,-0.014465065703912813,-0.0003658465596628971,0.000015511197970664467,0.00014425933381830453,0.0000180928448120202,-0.0011423341605687877,0.00002866263314630237,-0.000031375088890357216,0.01209861508099376,5.935822601566164,2.7662603959867527,0.3861393182017894,0.3201241354681512,0.12478057180096636,25.0,25.0,25.0,25.0,25.0,25.0,24.0,9.545,0.0,0.0,1.0,1781028174059573809
1781028174173259746,0.000875967369811544,57.26171214831807,103.13190893425084,0.003180528806691106,-0.01446188971151204,-0.0003693752961067352,0.000017360877751852985,0.00017300978475223803,0.000023401888513706652,-0.0014191351984924544,0.00003169929735234619,-0.00003582473161882483,0.012105677558022904,5.935822966759816,2.76626255787134,0.38614128180333,0.3201231695635208,0.12478258866492604,25.0,25.0,25.0,25.0,25.0,25.0,24.0,9.545,0.0,0.0,1.0,1781028174161038071
1781028174273583739,0.0008778431422156578,57.26173155671223,103.13191176891516,0.0030186254351608167,-0.01445860074963336,-0.00037320399322033585,0.00001843963379476904,0.00019764614480055991,0.000031250026797218437,-0.0016706976059897257,0.00003062643584388804,-0.00003689351367513727,0.01213769761786838,5.935822533611545,2.7662672911599633,0.38614385980809224,0.32012194135738514,0.12478491093470064,25.0,25.0,25.0,25.0,25.0,25.0,24.0,9.545,0.0,0.0,1.0,1781028174261691144
1781028174372372818,0.0008806606608149452,57.261759885128654,103.13191815680172,0.002839508892917174,-0.014455650068553693,-0.0003771065364890355,0.00003107042459880048,0.0003140694246902794,0.00008009518461272002,-0.0017681318286798314,0.000025253058915224303,-0.000035920437936476486,0.012199208915403995,5.935823067372146,2.7662770787867124,0.38614723202368895,0.32011963251727027,0.12478749214799484,25.0,25.0,25.0,25.0,25.0,25.0,24.0,9.545,0.0,0.0,1.0,1781028174359190667
1781028174476438633,0.00087485602151517,57.26183821235937,103.13196874416958,0.0027860506126585944,-0.014489841166319274,-0.0003459439749094438,-0.0014334610704548414,0.0058527399334230516,0.004558659614992409,-0.012473710117153971,-0.0047954526316009265,0.004566464679676742,0.06935555118440834,5.941056407368793,2.764348898848261,0.3847744369455023,0.32102642006156823,0.12409258312497852,25.0,25.0,25.0,25.0,25.0,25.0,24.0,9.605,0.0,0.0,1.0,1781028174464134192
1781028174572816695,0.0008792843563835661,57.26181740622,103.13195577500632,0.0028452870624331287,-0.014475622986244826,-0.0003591222060891178,-0.001496028078070015,0.006397147017468521,0.0049061909422365825,-0.014451249441254758,-0.005159779004612713,0.004884710485634479,0.07231912910047529,5.9394612529430395,2.7660249914412716,0.385233082127202,0.3204424652491912,0.1241685842812521,25.0,25.0,25.0,25.0,25.0,25.0,24.0,9.608,0.0,0.0,1.0,1781028174562940059
1781028174674717185,0.0008859837007009206,57.26179732088186,103.13193928515592,0.0029143074700084416,-0.014455686715717378,-0.0003781958815005569,0.0005052690049407138,-0.0036707508530292345,-0.002202411266912921,0.004276848741736778,0.0016769041608300506,-0.0017965726041454769,0.008634273349695527,5.9392915122418275,2.764540174335908,0.3851850423918795,0.32036786232803527,0.12456518082422832,25.0,25.0,25.0,25.0,25.0,25.0,24.0,9.543,0.0,0.0,1.0,1781028174667522018
1781028174772824736,0.0008783841593379056,57.26183497432677,103.13196683193958,0.0028334446617569544,-0.014483007120031446,-0.000352002646999951,-0.0014635322945740767,0.005743319552494173,0.004698016321003445,-0.013465493269252036,-0.005108446408885524,0.004719205565518636,0.0681633621667081,5.942381991989943,2.7644461092941923,0.3845000886296685,0.3209261073240673,0.1240271126318496,25.0,25.0,25.0,25.0,25.0,25.0,24.0,9.604,0.0,0.0,1.0,1781028174763031327
1781028174873677699,0.0008788418555254158,57.26183234630766,103.13196488705935,0.0028247683137941175,-0.014481757149087476,-0.00035289270442408823,-0.0014787897470977032,0.006093549412895938,0.004721165323381567,-0.013711744106100838,-0.0049900271811945465,0.004730088090119664,0.06904749355781067,5.940904645704145,2.764355337129744,0.38484096884318,0.32110421073058143,0.12411654791463818,25.0,25.0,25.0,25.0,25.0,25.0,24.0,9.604,0.0,0.0,1.0,1781028174866236660
1781028174972764015,0.0008858378553071894,57.26181128566816,103.13194741749514,0.002892315008202141,-0.014461506856204282,-0.0003723597184126682,0.001519245927446911,-0.005124429322388972,-0.00424692347765407,0.015641619597427554,0.004852400691680915,-0.004600975398290593,0.04434977944426732,5.929088603594228,2.7681696154139153,0.38790652086998345,0.3194797112334306,0.12559322453150054,25.0,25.0,25.0,25.0,25.0,25.0,24.0,9.575,0.0,0.0,1.0,1781028174963962901
1781028175074520811,0.0008800813600460801,57.26183493922281,103.13196663750486,0.0028338050687851156,-0.014482561839520926,-0.0003526614274256702,-0.0014776911916631911,0.006025301964086104,0.004704051748795234,-0.013692847788850292,-0.004996922697854309,0.00472201356617581,0.06908078881350685,5.941152901367789,2.76434697583266,0.384781067497471,0.3210539679878072,0.1240989852296799,25.0,25.0,25.0,25.0,25.0,25.0,24.0,9.605,0.0,0.0,1.0,1781028175070675951
1781028175173126170,0.0008869086036977139,57.26181104248188,103.13194818918365,0.0028954540326016982,-0.01446260661872732,-0.0003721210927292561,0.0009662997272462298,-0.003002148195681525,-0.00287986935578095,0.00885452707102788,0.0035480064945213694,-0.0030906232827900004,0.043709203712903946,5.928750057052264,2.7684630225574076,0.38797537414585104,0.3194488112715359,0.1256048846369163,25.0,25.0,25.0,25.0,25.0,25.0,24.0,9.574,0.0,0.0,1.0,1781028175168890274
1781028175273541318,0.0008835772758336698,57.26182343006147,103.13196008380652,0.00286216132075842,-0.01447711631297222,-0.0003596452618741743,-0.0014968803819457182,0.006092255722929185,0.004863095553918666,-0.014381505578069912,-0.005245877805351801,0.0048816576765337025,0.0714933693295903,5.940832688428246,2.765915727194775,0.38491049141601946,0.32026647982615636,0.12408272195356694,25.0,25.0,25.0,25.0,25.0,25.0,24.0,9.608,0.0,0.0,1.0,1781028175267353965
1781028175373042511,0.0008904799894089166,57.2617980708964,103.13193978535824,0.00292248579635425,-0.014455115215638956,-0.0003803369399564167,0.0004996297629139552,-0.003672609224848102,-0.0022122118247066298,0.004102633029855703,0.001680082232548734,-0.0017878867667023013,0.008839045465689987,5.939275525818743,2.7645457748957067,0.3851873241496539,0.3203318425811482,0.12456279035769197,25.0,25.0,25.0,25.0,25.0,25.0,24.0,9.543,0.0,0.0,1.0,1781028175367165945
1781028175472697347,0.0008888543506872177,57.261811051976736,103.13194803073816,0.0029030522772808555,-0.014461972446512554,-0.0003731305825674311,0.00097019881097305,-0.003032139638257929,-0.002895099118281516,0.008803932203770197,0.0035560037242493977,-0.003103800135867627,0.04371639618724465,5.928769278149664,2.768489131276859,0.38797566511106785,0.3194361716583886,0.12560462604645112,25.0,25.0,25.0,25.0,25.0,25.0,24.0,9.574,0.0,0.0,1.0,1781028175469160389
1781028175572963254,0.0008896772913405581,57.26181397475479,103.13194918705196,0.002912769204791592,-0.014461783926450636,-0.0003733388434621168,0.001539638126904951,-0.005393965564954962,-0.004427560257979623,0.015871064042559346,0.004990936812828486,-0.0047064245795469485,0.0443375073176368,5.929148335493581,2.7681571155136253,0.3878729214759036,0.3194427660789712,0.1255803083341629,25.0,25.0,25.0,25.0,25.0,25.0,24.0,9.575,0.0,0.0,1.0,1781028175566543499
1781028175673705570,0.0008860255127786567,57.261823809002514,103.13196009703958,0.0028668475521688875,-0.014476526350106496,-0.0003608683056425713,-0.001504476698005787,0.006099426876765946,0.004876897786690725,-0.014608299446390933,-0.005268888591622531,0.004897070057624114,0.07141945548177026,5.940857719907303,2.765941255310173,0.3849018227033016,0.3202586402452883,0.1240800552299724,25.0,25.0,25.0,25.0,25.0,25.0,24.0,9.607,0.0,0.0,1.0,1781028175646623652
1781028175772558633,0.0008868007114134856,57.261823612072526,103.13195993699338,0.00287182877864946,-0.014476216487192335,-0.0003612831703410696,-0.0015083190265822771,0.00610791562401723,0.004881147052779346,-0.014663631443146592,-0.00527774705650008,0.00490559450579922,0.07146010510502994,5.9408595874004995,2.7659439196333686,0.38490766082091193,0.3202599150599592,0.12408213702424312,25.0,25.0,25.0,25.0,25.0,25.0,24.0,9.608,0.0,0.0,1.0,1781028175767374469
1781028175872575235,0.000887295982161418,57.261823601820694,103.1319598990694,0.002872771752365365,-0.01447612521697963,-0.00036151577672267747,-0.0015099087922207858,0.006110416229613649,0.004882534104996803,-0.01469660698564919,-0.005280513187345072,0.004908585357625247,0.0714620104466805,5.940857826110191,2.7659438225168724,0.3849077830447033,0.32025977532873295,0.12408212678623576,25.0,25.0,25.0,25.0,25.0,25.0,24.0,9.608,0.0,0.0,1.0,1781028175847668653
1781028175972612614,0.0008880616635916788,57.26182376197601,103.13195992349458,0.002871284839711596,-0.014476005045977462,-0.00036191839698196057,-0.001511545087227851,0.006116330598330508,0.004887526587549943,-0.014778157601622136,-0.005284113443488418,0.004911626317448812,0.0714159899162823,5.940845814136843,2.765937074518788,0.3849010829161793,0.3202593847877092,0.12407955243468498,25.0,25.0,25.0,25.0,25.0,25.0,24.0,9.607,0.0,0.0,1.0,1781028175972489930
1781028176079271822,0.0008929644374503658,57.261813774582826,103.13194885103697,0.0029191647239516913,-0.01446080093066807,-0.00037522400351812954,0.001548029562992772,-0.005428280015622296,-0.004454524164946591,0.015866374966492427,0.005014511717238153,-0.004732155587527891,0.044258862609799075,5.929157813096042,2.7681656715241885,0.38788633835188174,0.3194409085276571,0.1255848829721121,25.0,25.0,25.0,25.0,25.0,25.0,24.0,9.574,0.0,0.0,1.0,1781028176073140591
1781028176180363084,0.0008934352766783491,57.26181081963274,103.13194757972248,0.002911737585610529,-0.014460642483317528,-0.0003757188168676812,0.0009786971852694508,-0.0030644421775976004,-0.002922307511531199,0.008754247209086758,0.0035798106636665905,-0.0031299262112617276,0.043611398201190144,5.928778838914652,2.7684972168897435,0.38799439952102094,0.3194356524241767,0.12561103026595766,25.0,25.0,25.0,25.0,25.0,25.0,24.0,9.574,0.0,0.0,1.0,1781028176171405719
1781028176280571971,0.0008878258939947199,57.261837193560126,103.1319679544216,0.0028572809919060545,-0.01448177914836384,-0.00035592868961978986,-0.001502671041191599,0.006141372989701504,0.004738233642473549,-0.014296201720396898,-0.0050081690644928085,0.004763886300536836,0.06920586565813196,5.940930983562816,2.7642244605425135,0.3848052218933107,0.3211087676732328,0.1241047105094605,25.0,25.0,25.0,25.0,25.0,25.0,24.0,9.604,0.0,0.0,1.0,1781028176272840686
1781028176380828953,0.000894944022776304,57.26181410203163,103.13194904886213,0.0029266266355206737,-0.014460460009864793,-0.00037616547333368727,0.0015565114335513,-0.005516947497778327,-0.0045173634735394454,0.015947438233658837,0.005063658577577165,-0.004771538912337764,0.04423833198523568,5.929160477857604,2.768168737853614,0.3878869154384478,0.3194374189612809,0.1255847742710024,25.0,25.0,25.0,25.0,25.0,25.0,24.0,9.574,0.0,0.0,1.0,1781028176371877913
1781028176481099921,0.0008977207009266006,57.26179821705779,103.13193943588156,0.002943682865451124,-0.014453072261262157,-0.00038423627643654134,0.0005192904200950006,-0.003819524352748659,-0.002299614079852888,0.004088201981530306,0.001740379412808318,-0.001857042482345189,0.00853251050348466,5.939362179166962,2.7645376924079965,0.385181541805016,0.3203781917626142,0.12456618979041148,25.0,25.0,25.0,25.0,25.0,25.0,24.0,9.543,0.0,0.0,1.0,1781028176475385888
1781028176580965365,0.0008962713256176244,57.26181401913106,103.1319489443425,0.002930611970724859,-0.01446005949698261,-0.0003769183880616999,0.001560332407898053,-0.005548185469233501,-0.004540002625928575,0.015959995248173386,0.005081190618135398,-0.0047873182507508286,0.0442146198771115,5.929163767069292,2.768173163976859,0.3878902834340785,0.31943532940092023,0.1255858137777804,25.0,25.0,25.0,25.0,25.0,25.0,24.0,9.574,0.0,0.0,1.0,1781028176574062162
1781028176680534714,0.0008904277157053357,57.26183714321247,103.13196781769892,0.002864442736203044,-0.014481077064989934,-0.00035732335287187353,-0.0015120143632509533,0.006176153307508252,0.004758623377964625,-0.014532834842190949,-0.00502873490000705,0.004784958174679306,0.0691768552779758,5.940912697580148,2.764208631784177,0.3848043593478396,0.3211178833598633,0.12410452665976825,25.0,25.0,25.0,25.0,25.0,25.0,24.0,9.604,0.0,0.0,1.0,1781028176674405998
1781028176780384622,0.0008973610425353529,57.26181139337413,103.1319478689624,0.0029223675163244133,-0.014459963730645883,-0.0003776381004484213,0.0009900951667904416,-0.003175640192870269,-0.003007893246491156,0.008832886519223673,0.0036505319279958614,-0.003183311119218216,0.043527360893233946,5.928772459952806,2.7684870798736627,0.38800362167594354,0.31943907738932137,0.12561390183928714,25.0,25.0,25.0,25.0,25.0,25.0,24.0,9.574,0.0,0.0,1.0,1781028176772568904
1781028176881018492,0.0008982153255123124,57.2618138334303,103.13194869999408,0.0029340495364021915,-0.014459472433962868,-0.0003780333709619829,0.0015652971661733552,-0.0055599694416839825,-0.004550380136319955,0.015951148571690124,0.00509181204001976,-0.004800511654511071,0.04416955947369835,5.929167682259312,2.768176976234475,0.38789831720304774,0.31943488333192666,0.12558855892107032,25.0,25.0,25.0,25.0,25.0,25.0,24.0,9.574,0.0,0.0,1.0,1781028176877718009
1781028176980987282,0.0008988702007219382,57.26181593015421,103.13195044143552,0.0029400843770039653,-0.014460651599597836,-0.0003775995786722103,0.00151663260877581,-0.005668084983915129,-0.004577553964928791,0.01555984787777805,0.005034164852969142,-0.004713544987979095,0.04373498622296531,5.929473740362189,2.768359432799996,0.3878179686196459,0.31922188650796485,0.12555487052202047,25.0,25.0,25.0,25.0,25.0,25.0,24.0,9.574,0.0,0.0,1.0,1781028176973193111
1781028177081106466,0.0008928913781358879,57.26183745058912,103.13196794673296,0.002871157439244059,-0.014480593823643756,-0.0003585315527182816,-0.0015198841467700586,0.0062079694400417095,0.004776388376778683,-0.01474942036930923,-0.005043906661363919,0.004802111628489024,0.06913795582787123,5.940893354186307,2.764186270667759,0.3848017654906073,0.3211308080866035,0.1241039462822322,25.0,25.0,25.0,25.0,25.0,25.0,24.0,9.604,0.0,0.0,1.0,1781028177054305357
1781028177180277391,0.0008958795610818437,57.26182526458725,103.13196083472258,0.00289588440411009,-0.014474831468212698,-0.0003655400606800864,-0.0015368910457352308,0.006235671889788537,0.004937586217177248,-0.015425026443293454,-0.005315585449902156,0.004962752456880938,0.07152612122989332,5.940704209617226,2.7658232517160246,0.38490431583058665,0.3203097252889993,0.12407956419077672,25.0,25.0,25.0,25.0,25.0,25.0,24.0,9.607,0.0,0.0,1.0,1781028177179743961
1781028177280853976,0.0008941755202848464,57.261837366787695,103.13196783271655,0.002874315332858216,-0.01448023695925348,-0.00035922519301913607,-0.0015243415441372552,0.006224714138702904,0.0047865582487724555,-0.01486496170779114,-0.005054298930705474,0.004812396803716043,0.06912235045591052,5.940885334861735,2.764179588085427,0.38480106217371784,0.3211343592786415,0.12410373147995064,25.0,25.0,25.0,25.0,25.0,25.0,24.0,9.604,0.0,0.0,1.0,1781028177256396839
1781028177380868898,0.000901507646046873,57.261814747544136,103.13194940874408,0.0029458613387334906,-0.014459272927302504,-0.0003794575312393967,0.0015333569970528327,-0.005681605968969359,-0.004582691573880788,0.015603434011380214,0.0050448322783436085,-0.00474677753237033,0.04371766017868447,5.929494174788132,2.7683949708615314,0.3878323272783851,0.3192145067158082,0.12555996788719023,25.0,25.0,25.0,25.0,25.0,25.0,24.0,9.574,0.0,0.0,1.0,1781028177377088665
1781028177480373134,0.0009019945276882607,57.26181564174443,103.13195009973354,0.0029477933206065437,-0.014459709729417168,-0.0003793696663484284,0.0015245458074467986,-0.005717834436943271,-0.004614388611297501,0.015564389189316135,0.005063313442446441,-0.004742316064364855,0.043673182678835853,5.929480389985888,2.7683687144453177,0.38782734159338855,0.31921787301212584,0.12555786263572424,25.0,25.0,25.0,25.0,25.0,25.0,24.0,9.574,0.0,0.0,1.0,1781028177456661483
1781028177580316410,0.0009039582650513144,57.26176904698048,103.131922212167,0.002935371049601078,-0.014442752116696404,-0.0003947719695220573,0.0008049914073905952,-0.0009641517746692182,-0.0016336309988728944,0.005432704531427937,0.002617109944066564,-0.0023350945452211705,0.04465256475391937,5.9276859001816105,2.7682272546154745,0.3882366742173561,0.31988253350716,0.12569782844914104,25.0,25.0,25.0,25.0,25.0,25.0,24.0,9.574,0.0,0.0,1.0,1781028177577492551
1781028177680453462,0.0009021660795379276,57.26181741085779,103.13195176188954,0.002916966375153298,-0.014462313614592891,-0.0003782149329550215,0.0015440677088533429,-0.005394253562159603,-0.004408375900305264,0.015690112643872323,0.0049719129414412975,-0.004694585108043218,0.04380148379582354,5.929447292385518,2.7683361091205656,0.3878323741799723,0.3192490828970044,0.125560935405678,25.0,25.0,25.0,25.0,25.0,25.0,24.0,9.574,0.0,0.0,1.0,1781028177659575935
1781028177780755161,0.0008973341851718595,57.261838338876075,103.1319684001402,0.002876100124541227,-0.014480137162339571,-0.00036051884251927266,-0.0015313040875465933,0.006235114993385401,0.004790843537013132,-0.015073721643313677,-0.005059791690968842,0.004823632100352812,0.06905218802499152,5.940869089597998,2.764163451140605,0.3847921250996741,0.3211408238976666,0.12410064564735052,25.0,25.0,25.0,25.0,25.0,25.0,24.0,9.604,0.0,0.0,1.0,1781028177778995798
1781028177880505551,0.000911514733821648,57.2617323644097,103.13190250709152,0.0030719778661017767,-0.014426013876384614,-0.0004130705467736837,-0.00013119893794289313,0.0007137977546448071,0.00023240920379159855,-0.0057750937913352085,-0.00013848405384879706,0.00024094983801533173,0.012222526188169837,5.935325850843049,2.7659562419354136,0.38625509987571593,0.3203107363078623,0.12482495204204008,25.0,25.0,25.0,25.0,25.0,25.0,24.0,9.545,0.0,0.0,1.0,1781028177860992660
1781028177980231772,0.000906605511816391,57.26180285658128,103.1319429916224,0.0029523624586214408,-0.014454637795654243,-0.00038687066233442774,0.0005381611792411235,-0.003962602810483962,-0.002422139933340515,0.004269834605537835,0.001861538638872228,-0.0019309475211967749,0.008756421201893632,5.939335814506561,2.7644989222962755,0.3851784400977121,0.32035951955944764,0.12456223308733172,25.0,25.0,25.0,25.0,25.0,25.0,24.0,9.543,0.0,0.0,1.0,1781028177979285705
1781028178080834091,0.0009142913514198368,57.26172420742614,103.13190051139236,0.003141900761538698,-0.014425540481465342,-0.0004160451093995221,-0.0001073411465906545,0.0008528218918034463,0.00016131325367552813,-0.005796597174755393,0.00014062104004209804,0.00013950449144603088,0.012154928270637898,5.934766089977793,2.765502226949689,0.3863005217752497,0.3205906258230113,0.12484352815015624,25.0,25.0,25.0,25.0,25.0,25.0,24.0,9.544,0.0,0.0,1.0,1781028178068175966
1781028178180688214,0.0008927027852909007,57.26186910528309,103.1319881622977,0.0028015381768477835,-0.01449835149774496,-0.0003421297647015076,-0.0014932445317703596,0.00702832592069415,0.004391424032925045,-0.01368426113703992,-0.00391497635603246,0.00435146998103706,0.015641005006086086,5.932017185092411,2.7679039661587805,0.387219607111199,0.3200771333033386,0.12505053993608375,25.0,25.0,25.0,25.0,25.0,25.0,24.0,9.548,0.0,0.0,1.0,1781028178180563570
1781028178280676210,0.0009132459565180052,57.261737050434256,103.13190447463168,0.0030428587447892176,-0.014427182311529906,-0.00041271953129938657,-0.00012796164244929613,0.0006525933341222422,0.0002177224102146703,-0.0056212490366391,-0.00016698414431111475,0.0002431425841112691,0.012239081686351658,5.935408165812486,2.7660156065295847,0.38624963989363137,0.3202758241187111,0.12482276714103845,25.0,25.0,25.0,25.0,25.0,25.0,24.0,9.545,0.0,0.0,1.0,1781028178263185684
1781028178380754892,0.0008814695852850231,57.26188886142847,103.13200522047713,0.0028187157820456455,-0.014518210942341844,-0.0003165858163592968,0.00029915188930628405,-0.00405439811973831,-0.0020007863007858377,0.009482319161695786,0.0010326305232766836,-0.0012010747136472703,0.012231788628646944,5.937409323314292,2.7669798921343087,0.38585278976641346,0.31971261495454767,0.12469724501017182,25.0,25.0,25.0,25.0,25.0,25.0,24.0,9.547,0.0,0.0,1.0,1781028178362716811
1781028178480885570,0.0009091790038649876,57.26178894417484,103.13193485703216,0.002932281852185428,-0.014450343166231828,-0.0003920473627738504,0.0004902406014874314,-0.0028519713390119245,-0.0017453094349268495,0.0032101973963376937,0.00142817587125045,-0.0015912007202292732,0.009105352616932813,5.9391196147730705,2.764488516115814,0.38523444035351145,0.3203344654202558,0.1245750136474474,25.0,25.0,25.0,25.0,25.0,25.0,24.0,9.543,0.0,0.0,1.0,1781028178466370575
1781028178580525522,0.000915104385604694,57.26173535600257,103.13190401345508,0.0030515962461382315,-0.014426725942160693,-0.0004141189683011236,-0.00013447373853814183,0.000700311319568222,0.00024349579633102625,-0.005698199994134381,-0.0001862257518397892,0.0002674793104220255,0.01224268176566184,5.935401751795693,2.7660133868282584,0.3862539320522496,0.32027614434643226,0.12482396447954426,25.0,25.0,25.0,25.0,25.0,25.0,24.0,9.545,0.0,0.0,1.0,1781028178563394508
1781028178681042688,0.0009171302802191952,57.261728982253786,103.1319024585258,0.0031153850548764693,-0.014425920556260694,-0.00041675755118127946,-0.00013076904670011427,0.0007520224787009544,0.0001913199275210834,-0.005787283691896621,-0.000015681118695143945,0.0002155647435219734,0.012226874651297437,5.935112227485798,2.7657825132459033,0.38627561000306926,0.3204182910876647,0.12483269954539487,25.0,25.0,25.0,25.0,25.0,25.0,24.0,9.545,0.0,0.0,1.0,1781028178672296133
1781028178780829555,0.0009192070411338852,57.261719117000105,103.13190087713308,0.003186891429729432,-0.014427711539766548,-0.0004188927158106483,-0.00014279116632664714,0.0014321093671003937,0.00020087458353635569,-0.006245607581524902,0.0004101438675296935,0.00020511599421631249,0.013737941818548854,5.932896211860232,2.7645796717026547,0.3865476614079315,0.32103052117015884,0.12490356173376486,25.0,25.0,25.0,25.0,25.0,25.0,24.0,9.544,0.0,0.0,1.0,1781028178765904033
1781028178880638646,0.0009268521266149536,57.26169109554898,103.13188694861752,0.003327873743648216,-0.014417814769932556,-0.0004365851137741221,0.0008388554714925423,-0.00927489829049262,-0.003452611347212177,0.005905129847551111,0.0008199697635591538,-0.00235644803846632,0.0038095524502058335,5.9539049724548665,2.7674844944082726,0.3823606871280816,0.3177569375845969,0.12380494925585968,25.0,25.0,25.0,25.0,25.0,25.0,24.0,9.549,0.0,0.0,1.0,1781028178872531885
1781028178980625489,0.0008809573965784021,57.26193068750406,103.13202536961852,0.00266022944551135,-0.0145314851600252,-0.0003035112199858415,-0.0010355591226732105,0.004966530479811129,0.0029877295959491166,-0.007787182278758592,-0.002332975064410421,0.002817862522112155,0.012758637345560923,5.933386587647133,2.7656707797903697,0.38679233653102535,0.32051152181987996,0.12496604989560885,25.0,25.0,25.0,25.0,25.0,25.0,24.0,9.544,0.0,0.0,1.0,1781028178968642304
1781028179080949000,0.0009168626679974254,57.261742163922705,103.13190646209664,0.003002183282474644,-0.014428359950131517,-0.000413149202756165,-0.00011673594913446594,0.0006719957065865647,0.000254792219589906,-0.005414632664285803,-0.00023218425219777183,0.0002643584294232147,0.01227482669670281,5.9355626857538795,2.7661245092193716,0.3862500215583584,0.3202200222153206,0.12482262492280868,25.0,25.0,25.0,25.0,25.0,25.0,24.0,9.545,0.0,0.0,1.0,1781028179050225736
1781028179181094483,0.000911921581549714,57.261819364336155,103.1319526653104,0.0029609604655558425,-0.01446008005529062,-0.0003830111163930631,0.0015692998836465868,-0.005963678353962538,-0.004801721510846715,0.01598342136228772,0.005238367898668308,-0.004889934888073166,0.043584361483204354,5.929483026399634,2.768366760966354,0.387834989970407,0.31921607409541053,0.12555967362205908,25.0,25.0,25.0,25.0,25.0,25.0,24.0,9.574,0.0,0.0,1.0,1781028179172004704
1781028179280501409,0.0009129755535852466,57.26181095072112,103.13194707155871,0.002966155688023186,-0.014456115951337807,-0.0003858480442395056,0.001026341174550257,-0.003461832110962014,-0.003223834544031044,0.008857299886384033,0.00382755558174221,-0.0033339408783288533,0.04329541781382718,5.928785035187112,2.768520103478166,0.38803529431488665,0.3194217855624381,0.1256230568733625,25.0,25.0,25.0,25.0,25.0,25.0,24.0,9.574,0.0,0.0,1.0,1781028179276856133
1781028179380373060,0.0009201169173416548,57.26173324682278,103.13190187309178,0.003051673854603531,-0.014423722921790892,-0.00041787236248953016,-0.0001460859662202825,0.0008408657899978812,0.0003357464920017739,-0.0060948229712091745,-0.0002780826569798406,0.00032548586706671967,0.01224935787922616,5.935402186573059,2.766022639091297,0.386264189825295,0.3202667182374848,0.12482705914807356,25.0,25.0,25.0,25.0,25.0,25.0,24.0,9.545,0.0,0.0,1.0,1781028179372238517
1781028179480330480,0.0009134380030635474,57.261819655019494,103.1319529918003,0.002954286468047476,-0.014460391692966153,-0.0003835675331018954,0.0015736940432847003,-0.0057936087445807465,-0.004696615467197891,0.015903125255749488,0.005186487911243126,-0.004856866585938878,0.04362888802374331,5.929450185487437,2.768333752683645,0.3878390302608281,0.3192341316974024,0.1255613997697185,25.0,25.0,25.0,25.0,25.0,25.0,24.0,9.574,0.0,0.0,1.0,1781028179479196612
1781028179580506755,0.0009084264820142892,57.26184198396321,103.13197066110897,0.0029109362536658134,-0.014479255749788485,-0.0003652610118963549,-0.0015495840015430189,0.00603180212909875,0.004838744364372678,-0.015783445795574294,-0.005234602210588606,0.00489186673953378,0.06809621487718685,5.942140627800009,2.7641654711566996,0.3844743577753203,0.32103456290890864,0.1240178523034695,25.0,25.0,25.0,25.0,25.0,25.0,24.0,9.604,0.0,0.0,1.0,1781028179576596877
1781028179681312241,0.0009234919205484606,57.261725748790816,103.13189913327004,0.0031204238453006843,-0.014421388193108243,-0.000421573926536714,-0.00013785790684823064,0.0009451408246282304,0.000315642098679505,-0.006396712399244213,-0.00012581967433631188,0.00026908940966885686,0.012246713224313406,5.935173532177121,2.7658504321827944,0.3862800661287306,0.3203712609783784,0.12483342774685606,25.0,25.0,25.0,25.0,25.0,25.0,24.0,9.545,0.0,0.0,1.0,1781028179663674585
1781028179780735024,0.0008847634669949207,57.261942376428074,103.13203164230988,0.002712399570685404,-0.01453185321801839,-0.00030211554714749505,0.0006175496279733669,-0.004351568108039737,-0.002675923202971384,0.012739789301890608,0.00218254778358624,-0.002169607057574194,0.011723703438508905,5.9348599303685345,2.765796151693592,0.38641260569595737,0.3203352723038724,0.12486427543436676,25.0,25.0,25.0,25.0,25.0,25.0,24.0,9.544,0.0,0.0,1.0,1781028179776660321
1781028179880563627,0.0008875888247640141,57.261916088145846,103.1320164038665,0.002709220255416801,-0.014522650687190592,-0.0003124967895235789,-0.00039056150393450447,0.0028091171965578276,0.001762255865382723,-0.0012579164788941314,-0.0011471840787898309,0.0012599879036030302,0.011982229686670324,5.934599891197463,2.765862358411245,0.3865124093783045,0.3203426294634985,0.12489313311002838,25.0,25.0,25.0,25.0,25.0,25.0,24.0,9.544,0.0,0.0,1.0,1781028179880387071
1781028179980630051,0.0009105189100584876,57.26181744730522,103.13195655662892,0.002881428903666886,-0.014472145449923923,-0.0003733350111312531,-0.001603032944405319,0.006182155453632402,0.004922822413087696,-0.015499875291362791,-0.00538707395726606,0.005074354184239098,0.06858296166044675,5.942364483502439,2.764519449264319,0.3845373459671909,0.3208141543633999,0.12403144622469454,25.0,25.0,25.0,25.0,25.0,25.0,24.0,9.605,0.0,0.0,1.0,1781028179976777212
1781028180080824446,0.0009287116112231244,57.26170043666912,103.1318935217235,0.0032570751575318898,-0.014423857320284329,-0.0004279475797846171,-0.00047324143197771847,0.0031097720412091006,0.0011844880381319276,-0.011130161154883076,-0.00034315267672389464,0.0011932323017533844,0.01813497847075751,5.93220079131701,2.765114192051189,0.3866373957163094,0.3202779593997643,0.12486332500366748,25.0,25.0,25.0,25.0,25.0,25.0,24.0,9.547,0.0,0.0,1.0,1781028180058271822
1781028180180274379,0.0009279614195678164,57.26171717121807,103.13189787858322,0.0031863045855178634,-0.014422207132101149,-0.0004255629996546483,-0.00011754465538551132,0.0011769875640125,0.0002149278578360466,-0.006158733742740967,0.0002390853974859124,0.0001719863554143909,0.012327816777371235,5.934051240784196,2.765021347183566,0.3864009062711004,0.320870527526207,0.1248758533930151,25.0,25.0,25.0,25.0,25.0,25.0,24.0,9.544,0.0,0.0,1.0,1781028180179316817
1781028180280583657,0.0008943656190380154,57.26186336401952,103.1319916396382,0.0028890983636014125,-0.014508094713648442,-0.00033059403308362826,0.00020558074164800304,-0.003117510735089862,-0.0015614816785153608,0.008099229620672135,0.0007921540300483763,-0.0008740238127702249,0.012524646432651942,5.936827299317027,2.7667645755454133,0.3859687371159176,0.31985640936890153,0.12473026212899946,25.0,25.0,25.0,25.0,25.0,25.0,24.0,9.547,0.0,0.0,1.0,1781028180267755625
1781028180380235113,0.0008927775181142388,57.26189154971295,103.13200635381968,0.002817161518316786,-0.01451707260324909,-0.00032146412399732395,0.00031511951339158694,-0.003958521167013108,-0.001955680414498022,0.009132784177774482,0.0010366879710429172,-0.0012157478989954444,0.012105322247252965,5.937409223189372,2.7669381813813225,0.3858562424024774,0.31973085406547674,0.12470002524126247,25.0,25.0,25.0,25.0,25.0,25.0,24.0,9.547,0.0,0.0,1.0,1781028180379669585
1781028180480832357,0.0009142798596237292,57.261806133531366,103.13194947551747,0.0029032931640127504,-0.014466163704214564,-0.00037934801310184,-0.0016477912087051582,0.006394465184509943,0.005066768699929335,-0.016179726855841778,-0.005544210068431634,0.005217560413070562,0.06837720653790087,5.94243726534371,2.7646166801675474,0.384572315274792,0.3208203201279744,0.12404606294937942,25.0,25.0,25.0,25.0,25.0,25.0,24.0,9.605,0.0,0.0,1.0,1781028180465092100
1781028180580534493,0.0009230306863623618,57.26176520083299,103.13192015685338,0.0029876753000846585,-0.0144371624765842,-0.0004068228016748228,0.0008326030161587599,-0.000960646687202302,-0.0016864069920393332,0.005192680960067039,0.002713874096838989,-0.002410869258982894,0.044548999321365315,5.9276552835624825,2.768215398066811,0.38827450218661685,0.31988824495582197,0.12570945308171522,25.0,25.0,25.0,25.0,25.0,25.0,24.0,9.574,0.0,0.0,1.0,1781028180580417736
1781028180680882122,0.0009303334996666126,57.26172092305067,103.13189853318931,0.0031675152711396507,-0.014421031047715588,-0.0004264184678180027,-0.00013355593851770113,0.0010449613003395129,0.00027044546249363846,-0.0063639894832172705,0.00004315906672268678,0.000236053459327726,0.012202675064757144,5.934739821190392,2.765493396809097,0.3863256530427594,0.32059289428024196,0.124851040553267,25.0,25.0,25.0,25.0,25.0,25.0,24.0,9.544,0.0,0.0,1.0,1781028180666796751
1781028180780767030,0.0008968993640848614,57.26186334250388,103.13199212978743,0.002884503431872146,-0.014509121312498194,-0.00033085871296521666,0.00022601112033564916,-0.003248035282158458,-0.0016439561689561414,0.007982495283849703,0.0008802237636405596,-0.0009536616144280156,0.012638640665662542,5.936797091020066,2.7667889726649095,0.3859769633594229,0.31985879221193503,0.124731985942763,25.0,25.0,25.0,25.0,25.0,25.0,24.0,9.547,0.0,0.0,1.0,1781028180761712032
1781028180880856591,0.0008973420061687548,57.26187190924716,103.13199561298966,0.002867625420536661,-0.01450904849918267,-0.0003302502337380648,0.00023026292386694905,-0.0032520722281493557,-0.0016044368578738723,0.008062714334133709,0.0008058448115341551,-0.0009321570211006532,0.012358034795484411,5.936991340052171,2.7667985547712397,0.38593941496079703,0.3198200057397821,0.12472292499137291,25.0,25.0,25.0,25.0,25.0,25.0,24.0,9.547,0.0,0.0,1.0,1781028180866294412
1781028180980503343,0.0008977365661322428,57.26187404827749,103.13199676487872,0.002861023550171989,-0.014509781562241364,-0.0003298297614460507,0.0002391168289173394,-0.0032886384352015367,-0.001625197225209572,0.008161038174359252,0.0008278439115431222,-0.0009556152531047412,0.012300829361930244,5.937012004138761,2.7667914583507347,0.38593394540655385,0.31982389016717316,0.12472197755695598,25.0,25.0,25.0,25.0,25.0,25.0,24.0,9.547,0.0,0.0,1.0,1781028180962419216
1781028181080930760,0.0008932875565945055,57.261926068547886,103.1320224875512,0.0026844662409553303,-0.01452745201829722,-0.0003110699332816936,-0.001137122789173252,0.0053335431876549485,0.00319700040766322,-0.009313980107354267,-0.0025474127720145675,0.0030736716176688584,0.01279783149680818,5.93328622226009,2.7656055924996608,0.3868180660974413,0.3205372952573109,0.12497356526140416,25.0,25.0,25.0,25.0,25.0,25.0,24.0,9.544,0.0,0.0,1.0,1781028181066121544
1781028181180534956,0.0009253414826941788,57.26177881900549,103.13192794173987,0.002978210056716442,-0.014441932341933809,-0.000403591858936468,0.0014411511825809062,-0.0034244273729764994,-0.0032246969611327376,0.012643313955845142,0.004180396982270029,-0.004082391116287011,0.04456985179870281,5.92866998227169,2.7679688659785855,0.3880174812586422,0.319594622090691,0.12562811764280676,25.0,25.0,25.0,25.0,25.0,25.0,24.0,9.574,0.0,0.0,1.0,1781028181163461732
1781028181281273633,0.000933104769417924,57.26172503201395,103.13189911781896,0.0031317691069592617,-0.01441969710079508,-0.0004274163327080596,-0.0001533144576843558,0.0010316189554800913,0.0003609574674419552,-0.006623053345212109,-0.0001698072261523778,0.0003245883209954184,0.012285170120540909,5.935173639860691,2.7658566444252273,0.3862927730028828,0.3203663469085418,0.12483694218150183,25.0,25.0,25.0,25.0,25.0,25.0,24.0,9.545,0.0,0.0,1.0,1781028181268888358
1781028181380873286,0.0009354817982202132,57.26171228213842,103.13189515895549,0.003212080719013236,-0.014418784621920982,-0.00043126666802327735,-0.00012787840419986902,0.0013698052591065474,0.00031273393096034515,-0.006614866929616116,0.00018942419881197163,0.0002245257937528855,0.01233419634954197,5.9339921383200975,2.764986241249503,0.3864177012170292,0.320888453310111,0.1248812666106737,25.0,25.0,25.0,25.0,25.0,25.0,24.0,9.543,0.0,0.0,1.0,1781028181365827332
1781028181481297099,0.0009394172928597458,57.261685662328595,103.13188707858212,0.0033183165253525067,-0.014419138222402306,-0.00043903928341687825,-0.001126160276851129,0.0033495086281781507,0.0025204485201609,-0.019193976405239496,-0.0026754545782398504,0.003084973199770513,0.01811563895782163,5.9386946307431385,2.7676848385866193,0.3853149311169113,0.31816813076345235,0.12444591046896146,25.0,25.0,25.0,25.0,25.0,25.0,24.0,9.552,0.0,0.0,1.0,1781028181470846677
1781028181581134946,0.0009027651313882508,57.26184485091962,103.1319820993913,0.002936500754217089,-0.014502104003069324,-0.00033921717314967266,0.00017379696902226644,-0.0026894204903705247,-0.0013715572365363,0.007299193084698774,0.0007253479904348207,-0.0007629046019433385,0.012659243451375772,5.936568615123673,2.7666802595454856,0.3860259503733175,0.3199307093546012,0.12474734309941528,25.0,25.0,25.0,25.0,25.0,25.0,24.0,9.547,0.0,0.0,1.0,1781028181565665887
1781028181680769296,0.000900948686862024,57.261882375637605,103.13200107858208,0.002835140583698253,-0.014511782360094974,-0.0003289894952151412,0.0002778199418468012,-0.0034549595127537453,-0.0017058462233729805,0.008310263895600332,0.0008991357332861922,-0.0010572862944440832,0.012101446457518409,5.937138353870121,2.7667981403405997,0.3859094099141987,0.31981484230929447,0.12471692395181364,25.0,25.0,25.0,25.0,25.0,25.0,24.0,9.546,0.0,0.0,1.0,1781028181670070048
1781028181781246327,0.0008953776130009334,57.26193616380457,103.1320289147055,0.002696717289225326,-0.014529864988869622,-0.00030835644258825275,-0.0002816608417695211,0.0018342843652119024,0.001250431848716637,-0.00046770022026605793,-0.0008076232663442845,0.0008836652829384633,0.011701112697913624,5.935404908992955,2.7660551431201457,0.3863026331081262,0.32019178422178945,0.124833767832177,25.0,25.0,25.0,25.0,25.0,25.0,24.0,9.544,0.0,0.0,1.0,1781028181767272116
1781028181880547469,0.0009006280972453942,57.26190180757024,103.13200739018215,0.002734957143239214,-0.01451450765617356,-0.0003246265915390161,-0.0004387040655466774,0.0031651893859104747,0.0019544459243476323,-0.002106312889386576,-0.0013071987054010714,0.001422792183371872,0.012090306101574196,5.934367793236409,2.7658430546474646,0.3865959566063756,0.32037386239656923,0.12491707031647696,25.0,25.0,25.0,25.0,25.0,25.0,24.0,9.544,0.0,0.0,1.0,1781028181873882476
1781028181980714561,0.0009169555573541404,57.2618259741851,103.13196174537671,0.0028571370030761197,-0.014477191197229958,-0.0003686369337966405,-0.001673041181812971,0.007765646478609153,0.004870739150905674,-0.016118369743491796,-0.004470555055135666,0.004894859528748563,0.015252259419451929,5.931968487927061,2.7680214557514335,0.3873186646939828,0.3200650469940846,0.12508326878110246,25.0,25.0,25.0,25.0,25.0,25.0,24.0,9.548,0.0,0.0,1.0,1781028181968460809
1781028182080380395,0.0009359105919636984,57.261736009736225,103.1319030703067,0.0030560906194701926,-0.01442163768073392,-0.000426109261168564,-0.00015172138406052772,0.0009077550807768488,0.0003622446914657828,-0.006372577081382362,-0.0002999912964526011,0.0003577810865154111,0.012318985110108366,5.93541148944212,2.7660348277477045,0.38627813766707064,0.3202593344535443,0.12483092624526454,25.0,25.0,25.0,25.0,25.0,25.0,24.0,9.545,0.0,0.0,1.0,1781028182072976194
1781028182180348976,0.000939227142248635,57.26171957180126,103.13189674293504,0.003163922091988664,-0.014417205474072308,-0.00043250373864966453,-0.00016013735267141863,0.0011909463847061977,0.0004061764319157496,-0.0068941028956385365,-0.00013555541593535743,0.00034441449753855167,0.01228112132553896,5.934992111917135,2.765716967993036,0.3863153989730469,0.3204500852259491,0.12484515246486456,25.0,25.0,25.0,25.0,25.0,25.0,24.0,9.545,0.0,0.0,1.0,1781028182170064167
1781028182280259209,0.0009410223782513984,57.26171122912784,103.131894334321,0.0032186525452966397,-0.014416905081369053,-0.0004350332736540219,-0.00013573955831997782,0.001446665916185805,0.000348673817936427,-0.006820968281793402,0.00016359796187156154,0.0002530925212106408,0.01235373481962981,5.933958556249624,2.7649670740818184,0.3864284390029908,0.3208993167590614,0.12488461642211446,25.0,25.0,25.0,25.0,25.0,25.0,24.0,9.543,0.0,0.0,1.0,1781028182276748248
1781028182381018030,0.0009429688126568944,57.26169725016242,103.13189105522822,0.0032757707597787654,-0.01441872573408128,-0.0004378965308765361,-0.0005221929703694261,0.003317873267703056,0.0012910287866437027,-0.011842223358177808,-0.0004665878071605694,0.0013259519004379724,0.018260034258029217,5.932014267177581,2.765020946958777,0.3866813165613559,0.32032312083207715,0.12487586123378276,25.0,25.0,25.0,25.0,25.0,25.0,24.0,9.547,0.0,0.0,1.0,1781028182370974886
1781028182480342748,0.0009473070939273414,57.26169892884284,103.1318849668154,0.003404176413937804,-0.014406662847763006,-0.000448956631051363,0.009298340450623327,-0.03241179524748808,-0.021942196319587777,0.10540571926383652,0.021880260195424925,-0.02490882566623511,0.046301376455512654,5.936083486506512,2.767765749355689,0.3856483343004408,0.3197068179168535,0.12502616757004012,25.0,25.0,25.0,25.0,25.0,25.0,24.0,9.581,0.0,0.0,1.0,1781028182478211638
1781028182580329229,0.000908208501169052,57.26185063573389,103.13198481622092,0.0029199385386289864,-0.014501956858591852,-0.00034104161456792654,0.00017817982514770612,-0.002741099529849723,-0.0013842000961061113,0.007042676549739431,0.0007151262198629842,-0.0007722169757649577,0.012636084548076524,5.936613113258593,2.7666918561952074,0.3860219042035939,0.31991384263707706,0.12474621991261677,25.0,25.0,25.0,25.0,25.0,25.0,24.0,9.547,0.0,0.0,1.0,1781028182572458651
1781028182680352639,0.0009067193510879624,57.26188036310022,103.13199982743764,0.0028424982326025012,-0.01450987587826436,-0.00033259324242495685,0.0002668190197932517,-0.00337431474554547,-0.0016584706810842903,0.007872685199219069,0.0008626055473085599,-0.00102210336376297,0.012195211696196334,5.937110704262385,2.7668113257077667,0.3859217355000541,0.319805251824209,0.12471958864344558,25.0,25.0,25.0,25.0,25.0,25.0,24.0,9.547,0.0,0.0,1.0,1781028182675966662
1781028182780478997,0.0009029775947254372,57.26192209985318,103.1320208746913,0.002736223865110734,-0.014522332437814376,-0.0003179868760586312,0.0001943552363675144,-0.0008866645470120049,-0.0004284837064833904,0.005551224306912245,0.0004854848023039509,-0.0005412334222482208,0.012188020768668076,5.935575060438051,2.766270189960286,0.3862529672013849,0.3200252812993413,0.12481103456945455,25.0,25.0,25.0,25.0,25.0,25.0,24.0,9.545,0.0,0.0,1.0,1781028182777318802
1781028182880334885,0.0009060071399818288,57.261904489595835,103.13200883984224,0.002726973402658256,-0.014514877525227584,-0.00032623358160292445,-0.0008797495988835217,0.0047311815217180395,0.0028066789678480235,-0.0070330767339587185,-0.00211189277555942,0.0024883956583456155,0.012769050521979398,5.93326245832606,2.7656299050662394,0.3868560848196005,0.3205267137844631,0.12498536657074824,25.0,25.0,25.0,25.0,25.0,25.0,24.0,9.544,0.0,0.0,1.0,1781028182878571787
1781028182981062045,0.0009263460437848512,57.261802026335296,103.13194728389158,0.0029106783396721262,-0.014464191631655682,-0.00038380728631555943,-0.0017769165306739736,0.008412801269156762,0.005203718977469987,-0.017836790901356363,-0.004770890946136838,0.005243229530899568,0.015400401832738978,5.931000296650848,2.7683153542647108,0.3875999127222086,0.32033504613937963,0.1251722114462299,25.0,25.0,25.0,25.0,25.0,25.0,24.0,9.548,0.0,0.0,1.0,1781028182977848299
1781028183081241007,0.000942538711706312,57.2617325312244,103.1319013644706,0.003086919413796145,-0.014418778970243944,-0.00043120979451425235,-0.00016138777285148716,0.00101602995333424,0.0004007574511144084,-0.006726695248010483,-0.0002987509487762087,0.00038130208389518374,0.012336754244495249,5.9353428803588475,2.765989922036459,0.386291134500041,0.32028507235959786,0.12483518162864188,25.0,25.0,25.0,25.0,25.0,25.0,24.0,9.545,0.0,0.0,1.0,1781028183078962539
1781028183180739759,0.0009461501437260604,57.26171147607705,103.13189325223928,0.003212775085615636,-0.01441387530239485,-0.00043857281903257367,-0.0001604080590956571,0.001439316437554679,0.0004666377679668408,-0.007271323032915209,-0.00006489731503915717,0.000353333941981384,0.012228486581781798,5.934625840780677,2.765427896685408,0.3863591267435114,0.32062507646434474,0.12486163336699294,25.0,25.0,25.0,25.0,25.0,25.0,24.0,9.544,0.0,0.0,1.0,1781028183172938634
1781028183280864556,0.0009484437484848736,57.261694354779344,103.13188940714912,0.003291887805771497,-0.014416555062873933,-0.0004417330453606384,-0.0005278949448659405,0.0034693367402182096,0.0013632955437252415,-0.012178508578820696,-0.0004954899450131105,0.0013618331947256432,0.018287550834071853,5.93193994421637,2.7649856081184727,0.3866965458389369,0.320340905534441,0.12488039985168264,25.0,25.0,25.0,25.0,25.0,25.0,24.0,9.547,0.0,0.0,1.0,1781028183278946899
1781028183380441230,0.0009565498647136234,57.26166075518227,103.13187048259094,0.0034388996347320022,-0.014401149506721556,-0.0004627383901525073,0.0008530103042512318,-0.008243922421043286,-0.002930769408287013,0.004358537460243104,0.0006278780665753965,-0.002192289747599867,0.004020507509697139,5.953866790929728,2.7675383135561025,0.38242177987749537,0.31766086415504535,0.12382269777266432,25.0,25.0,25.0,25.0,25.0,25.0,24.0,9.549,0.0,0.0,1.0,1781028183373652568
1781028183480829396,0.0009084595356532702,57.26190931708783,103.13201400867688,0.0027750985878107147,-0.014516834042847149,-0.0003254023048347797,0.0004387452327273139,-0.003135145789132144,-0.0016534594408677676,0.009075704345882745,0.0011870756936589314,-0.001374265858696359,0.011426129735024982,5.936575825444364,2.7664163738717105,0.3860241693516364,0.32000119189801135,0.12475701998042428,25.0,25.0,25.0,25.0,25.0,25.0,24.0,9.545,0.0,0.0,1.0,1781028183454428981
1781028183580679993,0.000912482057524218,57.2618712029054,103.13199484478416,0.0028716585279267635,-0.01450573629182117,-0.0003383063999096328,0.000226264269370053,-0.003095829476450506,-0.0015190545578091471,0.007205187657128759,0.0007630962192302906,-0.0008988479925873909,0.012405982286570794,5.936948413945264,2.7667884146337056,0.38595990135403097,0.319821460473212,0.12472887944345704,25.0,25.0,25.0,25.0,25.0,25.0,24.0,9.547,0.0,0.0,1.0,1781028183575837423
1781028183681117044,0.000912309358870335,57.26188878085241,103.13199925139745,0.0027636425618764045,-0.01450713722091556,-0.0003353453807089738,-0.0011135903634617746,0.005631783088403389,0.0033617138710115343,-0.009667940416499796,-0.0026798006305846513,0.0031184504081594065,0.01275911777694051,5.933088017013129,2.7656540732593387,0.3869242760693544,0.32057379066044395,0.12500709807769214,25.0,25.0,25.0,25.0,25.0,25.0,24.0,9.544,0.0,0.0,1.0,1781028183672302879
1781028183781277753,0.0009241268463611904,57.26183476963635,103.13196686757055,0.002865114659369072,-0.014480164279203315,-0.00036683016520349456,-0.001698229105584971,0.008089086702622534,0.004830606736718641,-0.016383261514244612,-0.004207077724079526,0.004815694688728002,0.013757659544793629,5.931462921608104,2.766309080438901,0.38739710585207465,0.3208589648820688,0.12514591530744784,25.0,25.0,25.0,25.0,25.0,25.0,24.0,9.545,0.0,0.0,1.0,1781028183765060624
1781028183880630547,0.0009393518599666762,57.26176583365171,103.1319249152495,0.0030067964045120527,-0.014442509554454456,-0.0004093355936084006,-0.0018623933819089692,0.007829899162467723,0.005661876914281059,-0.019913354153599013,-0.005964331231807302,0.0058662324711976025,0.07180063484438391,5.938858367997127,2.766204946931835,0.38554516456194216,0.32065207294096226,0.12427404251374072,25.0,25.0,25.0,25.0,25.0,25.0,24.0,9.607,0.0,0.0,1.0,1781028183873238838
1781028183981031920,0.0009493840381798492,57.26172166512603,103.13189661822072,0.003156975439258249,-0.014414104761260966,-0.00043837397337622433,-0.00017608874900232178,0.0012716721092848034,0.0004856328464945891,-0.00730906674282218,-0.00026124073230535425,0.0004158880750234668,0.012338272778724213,5.935123961759794,2.765835439530241,0.3863184461657904,0.32037473054716903,0.12484468530616571,25.0,25.0,25.0,25.0,25.0,25.0,24.0,9.545,0.0,0.0,1.0,1781028183972718021
1781028184080988033,0.0009511560237353948,57.261714208951815,103.13189417128794,0.003207437072936754,-0.0144132713865744,-0.00044092419410349286,-0.00015932547185114782,0.0014143075451163712,0.0004504444691542169,-0.007310728139646118,-0.00006212817915187373,0.00034881455098300046,0.01225346421399212,5.9346323717618565,2.7654328002349717,0.3863624430382532,0.3206237367141707,0.12486261061534389,25.0,25.0,25.0,25.0,25.0,25.0,24.0,9.544,0.0,0.0,1.0,1781028184075667631
1781028184180978641,0.0009541059956403268,57.26168945856402,103.13188668794068,0.0033086584545722734,-0.01441345889353515,-0.0004466352197130718,-0.0005473607823467216,0.003681152937131002,0.0014659604078580458,-0.012622958468231178,-0.0005528879582466775,0.0014328099690036674,0.018334955122722027,5.931831580194154,2.7649335336167873,0.38671725912093535,0.3203661364866893,0.12488638638352705,25.0,25.0,25.0,25.0,25.0,25.0,24.0,9.547,0.0,0.0,1.0,1781028184170797795
1781028184281011213,0.0009196570762389294,57.26181721725497,103.13196748270764,0.00301033415570998,-0.014490673634562627,-0.0003555277158560863,0.00012290801297288646,-0.001857697646765232,-0.0009604501926686668,0.005761636405739675,0.0005402194436853775,-0.0005417734523628957,0.012689369719345483,5.936316087667882,2.766561741214242,0.3860851638475639,0.32000214840706753,0.12476603268649888,25.0,25.0,25.0,25.0,25.0,25.0,24.0,9.546,0.0,0.0,1.0,1781028184272722952
1781028184381088259,0.0009182195797990362,57.26184892952111,103.131983581001,0.0029264799677511904,-0.014499151811181804,-0.0003468438163235851,0.00017388302840015089,-0.0026094991223828217,-0.0013141729280236238,0.006435126027257508,0.0006796882450643616,-0.0007431110991667345,0.012643437893606555,5.936567450318722,2.7666696044794743,0.3860385130259142,0.31992577200671074,0.12475153600742264,25.0,25.0,25.0,25.0,25.0,25.0,24.0,9.547,0.0,0.0,1.0,1781028184369171193
1781028184480550844,0.0009163138289560122,57.26188528699402,103.13200166447902,0.0028373091433425528,-0.014508324949723223,-0.0003367258739052298,0.0002933892904411478,-0.0033026563173326738,-0.001610280414637618,0.007579980984815436,0.0008563254341070996,-0.0010547059939845298,0.011852741096040864,5.937202888422204,2.766760573645712,0.3859081194441129,0.31982468981434203,0.12471973009860202,25.0,25.0,25.0,25.0,25.0,25.0,24.0,9.546,0.0,0.0,1.0,1781028184473397244
1781028184581058014,0.0009116444015612182,57.26192727358553,103.1320231592664,0.002722471530655213,-0.01452274293328697,-0.0003198966056002042,-0.0003691894139331472,0.0023099991173361157,0.0015549288115690697,-0.0022619384592051806,-0.0010855002673931802,0.0011534139726368704,0.01174585335586264,5.935425931862982,2.766086393833179,0.3863190821713736,0.32016553652478624,0.12483827298627934,25.0,25.0,25.0,25.0,25.0,25.0,24.0,9.545,0.0,0.0,1.0,1781028184571771970
1781028184680952306,0.0009264631175744312,57.261853660326345,103.13197837888806,0.0028456701352750128,-0.01448781713360118,-0.00036035089473017087,-0.0016527320253925638,0.007736064319216278,0.004630786331253868,-0.015967097460335058,-0.004019170184089087,0.0046305239705000485,0.01381879986783692,5.931933454094954,2.766140414683602,0.387245015316859,0.32071403220942885,0.12509607854455743,25.0,25.0,25.0,25.0,25.0,25.0,24.0,9.545,0.0,0.0,1.0,1781028184674620113
1781028184780333445,0.0009454052420638652,57.26176032148502,103.13192235448848,0.003046485695579381,-0.014439144275594349,-0.000414586775237979,-0.0019083103891206117,0.008090194546714117,0.005776983856272707,-0.020511657328675388,-0.006043491159835645,0.005984063185888194,0.07203331398582442,5.938749824638657,2.7661487604120985,0.3855907391281091,0.32069987680664536,0.1242896845940507,25.0,25.0,25.0,25.0,25.0,25.0,24.0,9.608,0.0,0.0,1.0,1781028184771364946
1781028184880311970,0.0009572533660926246,57.261700342851505,103.13188828096004,0.003271295691409706,-0.014408899955083564,-0.000447963835087161,-0.0001629720271297394,0.0019051527720489177,0.0005762178135301144,-0.00783154115957241,0.00004477045769981239,0.0003811569497469022,0.012370744075944882,5.93380657823051,2.7648762465021632,0.38646760258765667,0.3209454315104719,0.12489718442677825,25.0,25.0,25.0,25.0,25.0,25.0,24.0,9.543,0.0,0.0,1.0,1781028184875428045
1781028184980297104,0.0009666447355118628,57.26165116915773,103.13186538233118,0.00347488948382167,-0.014395600213644609,-0.00047157209159790446,0.0008545318080485922,-0.007847440151455562,-0.0027231103584618908,0.0037927623439074206,0.0005409650436375446,-0.002118646712376698,0.00409534623487323,5.9538882131299244,2.767545817221359,0.3824294991593294,0.3176383290293757,0.12382559893219328,25.0,25.0,25.0,25.0,25.0,25.0,24.0,9.549,0.0,0.0,1.0,1781028184972373888
1781028185082020503,0.0009194619278835002,57.26188602149733,103.13200201338772,0.0028329500561951365,-0.014507837617374496,-0.00033825629305448676,0.0002957685294262685,-0.0032845329575066926,-0.0015988783336792452,0.007401589801124787,0.000853338291700054,-0.0010562665177868097,0.011839459899176768,5.9372050989831076,2.766757686948468,0.38591002589314416,0.3198250706383567,0.1247205587895717,25.0,25.0,25.0,25.0,25.0,25.0,24.0,9.546,0.0,0.0,1.0,1781028185058824638
1781028185180391012,0.0009201048128313816,57.261885450481984,103.13200168649033,0.002837837879250637,-0.01450751101682378,-0.0003386943448081145,0.00029361895016357715,-0.003261443828571698,-0.0015881184699389058,0.007379617927649534,0.0008449789770429159,-0.0010475778652854497,0.011849285845606662,5.937199309810702,2.7667572512804823,0.3859118637857751,0.3198248633966715,0.12472096470009172,25.0,25.0,25.0,25.0,25.0,25.0,24.0,9.546,0.0,0.0,1.0,1781028185178137060
1781028185280228958,0.0009170440124786076,57.26191771899659,103.132016604773,0.00273183249835621,-0.014517377465348431,-0.00032676947634831114,-0.00045418293919651903,0.003004104247396761,0.0018258026801800163,-0.0031222940967641174,-0.0012035818621321112,0.001375180810526735,0.012146909117923203,5.93429823760616,2.765757008560259,0.3866009215289722,0.3203781948522266,0.12491689954675587,25.0,25.0,25.0,25.0,25.0,25.0,24.0,9.544,0.0,0.0,1.0,1781028185279043273
1781028185380211706,0.000948394278655144,57.26176230258088,103.13192295819351,0.003030719522193175,-0.014438728390012512,-0.00041584989553254367,-0.0019118117422021344,0.007991956567518664,0.0057409323539826425,-0.020682914727113567,-0.006059521873939714,0.005984711270894635,0.07181586195653593,5.938800799136769,2.766184383517758,0.3855601295234035,0.320660357669166,0.12427815640630524,25.0,25.0,25.0,25.0,25.0,25.0,24.0,9.607,0.0,0.0,1.0,1781028185379105696
1781028185480498240,0.000960009746193644,57.26170742886899,103.13189056704304,0.0032384951360019064,-0.01440850255051785,-0.00044841556191193454,-0.00018028849837696808,0.001686348693341365,0.0005881688624563908,-0.007905370109912165,-0.00014383821315186576,0.0004354401622628807,0.012262901555180197,5.934554360698712,2.765387943842276,0.386384229298564,0.32064487865185803,0.12486947827514326,25.0,25.0,25.0,25.0,25.0,25.0,24.0,9.544,0.0,0.0,1.0,1781028185478093809
1781028185580650533,0.0009671752633090738,57.2616763144247,103.13187287981874,0.003480103228453751,-0.014394610462238458,-0.0004672871541881299,0.00951015639402914,-0.031191649963669445,-0.02132749028491252,0.10569208117937572,0.02188868942809667,-0.025091407043340418,0.04623809055865317,5.935985057142198,2.7676631474282827,0.3856714419697629,0.3197929916911612,0.1250371306411869,25.0,25.0,25.0,25.0,25.0,25.0,24.0,9.58,0.0,0.0,1.0,1781028185575897484
1781028185680253141,0.0009255516616923724,57.26184458992475,103.13198138856376,0.0029310749932651083,-0.014496791314552194,-0.00035166469348027615,0.00017251053576721536,-0.0024689603056097516,-0.0012486290112010256,0.005943952430798146,0.0006670235545428045,-0.0007250675608513519,0.012654794735942172,5.936503854368476,2.7666418608872028,0.3860553952276495,0.319947457736418,0.12475710062164848,25.0,25.0,25.0,25.0,25.0,25.0,24.0,9.547,0.0,0.0,1.0,1781028185678491139
1781028185780987766,0.00092046311073082,57.26191371440582,103.1320157082124,0.002766102483021238,-0.014515064862098036,-0.0003304443280695364,0.0004221027843029972,-0.002077408499448235,-0.0011947232519909244,0.007751382407961273,0.0011052491203413257,-0.0012191814706235266,0.012332277993751773,5.935509372688258,2.7662500154730303,0.3862648164026235,0.3200264184323824,0.12481331822538257,25.0,25.0,25.0,25.0,25.0,25.0,24.0,9.545,0.0,0.0,1.0,1781028185777190820
1781028185880907100,0.000960746289624154,57.2617184945607,103.13189460273006,0.003180424513257332,-0.0144097063810664,-0.00044638935155299705,-0.00019283588359115544,0.0014706508063840116,0.0005834183922121757,-0.007853374141103191,-0.0003267176144468399,0.0004834949249062833,0.012370126675855984,5.935072593393828,2.76580885069567,0.38633819728064006,0.3203866194765003,0.12485074814617024,25.0,25.0,25.0,25.0,25.0,25.0,24.0,9.545,0.0,0.0,1.0,1781028185858729598
1781028185980490050,0.0009621833510876408,57.26171351283419,103.13189261739876,0.0032080929433995304,-0.014408525203405673,-0.00044846202578051987,-0.00019010823203910123,0.0015806608439200083,0.0005977243689505434,-0.007963247948652757,-0.00025815937654279303,0.0004705738751849338,0.01234349307443632,5.934888804906749,2.765662174941634,0.3863544096077034,0.32047567877844674,0.1248572384539742,25.0,25.0,25.0,25.0,25.0,25.0,24.0,9.545,0.0,0.0,1.0,1781028185976624694
1781028186080804889,0.0009297064914250234,57.26181493175182,103.1319660260766,0.0030151523624263044,-0.014487457779788895,-0.0003618611320518351,0.00011241200571832354,-0.001686911002203888,-0.0008695855229912852,0.005131164090151876,0.00048787276657683926,-0.0004922217595512287,0.012690100021736367,5.936271530937953,2.766535468378812,0.3861011015525917,0.3200125845796612,0.12477111582701408,25.0,25.0,25.0,25.0,25.0,25.0,24.0,9.546,0.0,0.0,1.0,1781028186057453651
1781028186180367473,0.0009307205921620242,57.26180875704594,103.13196274896995,0.003037321216842869,-0.014485542258571129,-0.0003639280001643492,0.0001011162638599285,-0.0015140061810776351,-0.0007860269804052133,0.004980482963363486,0.0004501950430214708,-0.0004442049282798022,0.012696602158330116,5.936225389214273,2.7665120701209873,0.38610935585524186,0.32002457521764227,0.1247735683203504,25.0,25.0,25.0,25.0,25.0,25.0,24.0,9.546,0.0,0.0,1.0,1781028186177664381
1781028186280826817,0.000925133623975098,57.26189527932897,103.13200605019144,0.002821443799490031,-0.01450837070185933,-0.0003387820202685019,0.0003740405752813089,-0.0032365342009432257,-0.0016122736975725676,0.007776523763681092,0.0009834583742041236,-0.0012194583565509778,0.011251769790328438,5.937122470197502,2.766566354823256,0.3859243463242648,0.3199373146369557,0.12473221873565311,25.0,25.0,25.0,25.0,25.0,25.0,24.0,9.546,0.0,0.0,1.0,1781028186258116242
1781028186381207304,0.0009226946947498944,57.26192066775839,103.13201919709046,0.0027538698643191526,-0.014517089254237012,-0.00032888813596872207,0.00033118474501288476,-0.0015738889713042155,-0.0008669991369522756,0.006395756514183493,0.0008466111475039721,-0.0009516846418132452,0.01213208359414692,5.935582831781432,2.7662483728164355,0.3862667463432634,0.3200290544288325,0.12481607332885486,25.0,25.0,25.0,25.0,25.0,25.0,24.0,9.545,0.0,0.0,1.0,1781028186378377618
1781028186481185033,0.0009650929944566148,57.2617123555648,103.131891920104,0.0032163269692328093,-0.01440725494284348,-0.0004506182863452986,-0.0001950805903071613,0.0016409724713488225,0.0006285552897378263,-0.008126916948370616,-0.0002782363464025459,0.0004909286315897176,0.012349246556730349,5.934873161428217,2.76565373159225,0.3863600260840555,0.3204794448277463,0.1248589844872946,25.0,25.0,25.0,25.0,25.0,25.0,24.0,9.545,0.0,0.0,1.0,1781028186459625156
1781028186580431267,0.0009657130225452492,57.261713123974594,103.13189228988752,0.0032170541189732566,-0.014407287610360177,-0.00045078911564065086,-0.00019479904528453388,0.0016228635921785568,0.0006213368499434834,-0.008129182723690476,-0.00027870486093851656,0.0004893269810905986,0.012351794163356694,5.934880674905126,2.7656588888419336,0.38636014899544097,0.320476794101155,0.1248589923473163,25.0,25.0,25.0,25.0,25.0,25.0,24.0,9.545,0.0,0.0,1.0,1781028186580313931
1781028186680794232,0.0009329206295060412,57.26181591831412,103.1319664828706,0.0030088862434002822,-0.014487059085135826,-0.000363373362843342,0.0001141895471916754,-0.001679848597699538,-0.0008639318940462208,0.0049551641965284625,0.0004869786779112115,-0.0004947252561725533,0.01268772409066374,5.936270040837946,2.7665330726098336,0.3861035015726912,0.3200128810038176,0.1247719628147412,25.0,25.0,25.0,25.0,25.0,25.0,24.0,9.546,0.0,0.0,1.0,1781028186661737180
1781028186780369825,0.0009306170225673174,57.26185949939776,103.13198860399687,0.002894794394751575,-0.014498852729845585,-0.0003510671375297291,0.00019288805396181703,-0.002701827083190637,-0.0013363065640220205,0.0058403486886709445,0.0006817343296112011,-0.0007857581907330951,0.01259564327491831,5.9366686788766705,2.7667018390937046,0.3860283026848588,0.31988884389097794,0.12474876022206792,25.0,25.0,25.0,25.0,25.0,25.0,24.0,9.547,0.0,0.0,1.0,1781028186761285169
1781028186884538012,0.000925675063394796,57.26191414143846,103.13201477689589,0.002760206184070205,-0.014514064604179812,-0.00033231719279384187,-0.00041526285250364505,0.002644414232857362,0.0017396917704545149,-0.003173532688789225,-0.0012445973045489987,0.0013055097450293711,0.01162812721203786,5.935320466638531,2.766015947677339,0.3863679535736728,0.32022002751950207,0.12485538369218475,25.0,25.0,25.0,25.0,25.0,25.0,24.0,9.544,0.0,0.0,1.0,1781028186862856841
1781028186986081824,0.000926361895386372,57.261915049442166,103.13201520006204,0.0027522053530716745,-0.014514205873961268,-0.00033256682538197464,-0.0004118127068900789,0.00263053477807292,0.0017385410561071369,-0.003256664898551664,-0.0012401496494089715,0.0012968512211348042,0.011630377143685712,5.935329743570629,2.766022724714203,0.3863669474165219,0.3202159491507883,0.12485512594065858,25.0,25.0,25.0,25.0,25.0,25.0,24.0,9.544,0.0,0.0,1.0,1781028186982083250
1781028187086186676,0.0009712539904259602,57.26168646398658,103.13188236157735,0.003337333264063306,-0.01440307784297692,-0.000459773755242368,-0.00023797451792674965,0.0028567163538146543,0.0008898176923404723,-0.009355700818221914,0.00004805216549946908,0.0006185155839729843,0.013918830897902084,5.932244593712918,2.764215959146598,0.38669711392257217,0.32122261403537733,0.1249500559845806,25.0,25.0,25.0,25.0,25.0,25.0,24.0,9.543,0.0,0.0,1.0,1781028187064749976
1781028187185350797,0.0009363038283878596,57.26180444750019,103.13196037983172,0.0030510943333273044,-0.014483030333811172,-0.00036810273680226626,0.0000918674485660672,-0.001337445726548864,-0.000697960634587492,0.0045957185545448176,0.0004086662979951593,-0.0003986230624871303,0.012699811654551288,5.936178210517589,2.766485382624734,0.3861211307527636,0.32003653794508913,0.12477724159658868,25.0,25.0,25.0,25.0,25.0,25.0,24.0,9.546,0.0,0.0,1.0,1781028187166036772
1781028187286559005,0.0009342282673311476,57.26184404072097,103.13198084617994,0.002927859970791228,-0.014494577435819592,-0.0003566318105600167,0.00017108359276247345,-0.002375588100275549,-0.001195413254884963,0.005379061612329474,0.0006436280827613793,-0.0007084820599081385,0.012652397850757335,5.936475777329441,2.7666259374622424,0.3860670702246037,0.3199549316176503,0.12476099910623512,25.0,25.0,25.0,25.0,25.0,25.0,24.0,9.547,0.0,0.0,1.0,1781028187264286287
1781028187385722689,0.0009277159035056548,57.261919882176535,103.13201877291704,0.002749013115025351,-0.014515961216372823,-0.00033146130981424383,-0.0001784000332613196,0.0012142394003939762,0.00089203992385168,-0.0005510062632925133,-0.0005905825089113941,0.0005877804043184554,0.01206261896340056,5.935580542387738,2.766243573808123,0.3862871600790922,0.32003543630829495,0.12482349553855356,25.0,25.0,25.0,25.0,25.0,25.0,24.0,9.545,0.0,0.0,1.0,1781028187366722714
1781028187485909756,0.000969389218667169,57.26172290857428,103.13189593833008,0.0031668957249407666,-0.014407785660083038,-0.0004508050019855553,-0.0002022573118054053,0.001488603989100747,0.0006156748440984267,-0.008102191709954755,-0.00041222516481428706,0.0005277554009584808,0.012409229934593972,5.935161986540672,2.765882537526795,0.38634189060105256,0.3203408426694545,0.12485113906582895,25.0,25.0,25.0,25.0,25.0,25.0,24.0,9.545,0.0,0.0,1.0,1781028187468760155
1781028187585651571,0.000977546906912324,57.261657420338615,103.13187153718916,0.003438259734977376,-0.01439968944988804,-0.00047062206565822514,-0.001263081921817418,0.00465164894861237,0.003192833816056506,-0.02228832955081283,-0.003116856683491922,0.0035869766526476473,0.0180696441076014,5.938249327672482,2.767461001665328,0.3854116036662886,0.3182690439131748,0.12447648344154016,25.0,25.0,25.0,25.0,25.0,25.0,24.0,9.552,0.0,0.0,1.0,1781028187566106659
1781028187686101765,0.0009382388792143964,57.261817397897154,103.13196715934777,0.002999623514547653,-0.014486317256276322,-0.0003659267782297965,0.00011666932448031218,-0.0016629306287391011,-0.0008522151480508256,0.004660869748565734,0.00048359879277919273,-0.0004970030665375635,0.01268406174744137,5.936266024510551,2.7665283356880113,0.3861078138352802,0.32001374566433954,0.12477346188751592,25.0,25.0,25.0,25.0,25.0,25.0,24.0,9.546,0.0,0.0,1.0,1781028187669947814
1781028187786105300,0.0009342159849480332,57.26188432491037,103.13200073909464,0.0028373446869421905,-0.014503872442712836,-0.0003467622784517532,0.00028160088639759694,-0.003117962260370139,-0.0015013727663054396,0.006389123593727753,0.0007888789038688626,-0.001000897435770024,0.011957604583461307,5.937163051576663,2.766769738060128,0.38593272946571106,0.3198121394286437,0.12472623799826436,25.0,25.0,25.0,25.0,25.0,25.0,24.0,9.546,0.0,0.0,1.0,1781028187767141308
1781028187885763564,0.000955304409920864,57.26179458698088,103.13194299538368,0.0029965501396601044,-0.014453747975933675,-0.0004032236697161875,-0.0019286340043155087,0.008965886945481656,0.005458231575031609,-0.020315345655561166,-0.0050180149795491374,0.0055926253128718425,0.015552737894161978,5.930702707734446,2.7681756517220504,0.3876653397939824,0.3204050162396964,0.12519045811201893,25.0,25.0,25.0,25.0,25.0,25.0,24.0,9.548,0.0,0.0,1.0,1781028187871201612
1781028187985586911,0.0009762420597167228,57.26168826107136,103.13188295979404,0.0033358464409408593,-0.01440225266678145,-0.0004623410605950915,-0.0002383485106465648,0.0028692237154092142,0.000886067184822209,-0.009434436628202834,0.00005061950409624211,0.0006201474206860302,0.013967782137914754,5.932206319420224,2.7641985413553685,0.38670642575326847,0.32123290645093594,0.12495263757199736,25.0,25.0,25.0,25.0,25.0,25.0,24.0,9.543,0.0,0.0,1.0,1781028187968451777
1781028188085482390,0.0009410536701393725,57.261808706933195,103.13196284953328,0.0030138814917677285,-0.014483288664240193,-0.0003698531156806849,0.00010373465740555818,-0.001403903523795847,-0.0007246193015178322,0.004261724020802596,0.000433876327546376,-0.0004351200276700817,0.01268470741883868,5.936194535042481,2.7664902772006177,0.38612074969740906,0.32003303676551653,0.12477759779450928,25.0,25.0,25.0,25.0,25.0,25.0,24.0,9.546,0.0,0.0,1.0,1781028188075584055
1781028188185423644,0.0009351529016440812,57.26189656696893,103.13200653113527,0.002818929484423367,-0.014506415145073266,-0.00034383531745827746,0.000377102906446793,-0.0031429243539223537,-0.0015617808140589086,0.007240642192095051,0.0009620531593608744,-0.001209678063901343,0.011236446473198013,5.937110455059585,2.766553817292188,0.3859348217579204,0.31994058638598966,0.12473577743220556,25.0,25.0,25.0,25.0,25.0,25.0,24.0,9.546,0.0,0.0,1.0,1781028188169439014
1781028188286215244,0.0009617197238910428,57.26178344031356,103.13193543552208,0.0030355549733706052,-0.014444580463913096,-0.0004148195067526704,-0.001926551837129518,0.007649002627330812,0.005586322727972273,-0.020747618440532963,-0.005963029574684718,0.005875730841884306,0.0689825105417306,5.940787625874323,2.7644505546163787,0.3849804348422931,0.3210969991072194,0.12416026322244368,25.0,25.0,25.0,25.0,25.0,25.0,24.0,9.604,0.0,0.0,1.0,1781028188274773360
1781028188386045576,0.0009881165841260065,57.26163273026808,103.13185543563746,0.003544062960226219,-0.01438322593400336,-0.000490837210087699,0.0008831407339201632,-0.007146702287335702,-0.002384557814600305,0.0030179698982511095,0.0004281383919752167,-0.0020435859190483575,0.004320167183170876,5.953848579578369,2.7675753761584896,0.38248145699201375,0.3175408482970026,0.12383898180533089,25.0,25.0,25.0,25.0,25.0,25.0,24.0,9.55,0.0,0.0,1.0,1781028188371157066
1781028188485957700,0.0009417755398510584,57.261828997594655,103.13197328082003,0.002955523840849527,-0.01448880598277767,-0.00036489601885237254,0.00014218952655409804,-0.0019298764705386125,-0.0009791796087585626,0.004618073279147793,0.0005499718857163425,-0.00058804642962228,0.012667493649216164,5.936336752084166,2.7665600940374255,0.3860976862241153,0.31999555248437134,0.12477071488156444,25.0,25.0,25.0,25.0,25.0,25.0,24.0,9.546,0.0,0.0,1.0,1781028188478007451
1781028188586219058,0.000936531357136638,57.26190348949794,103.1320074549082,0.0027762082802857825,-0.01450669397247476,-0.0003427486739887477,-0.0005492955179280976,0.003540517666452587,0.0020857516612835737,-0.004754864363731602,-0.0014210940323650522,0.0016348647867513776,0.01239541609245989,5.933814685083585,2.765663140585923,0.3867442647228681,0.3204365983343313,0.12495610012225078,25.0,25.0,25.0,25.0,25.0,25.0,24.0,9.544,0.0,0.0,1.0,1781028188576500094
1781028188685614416,0.0009798236913481197,57.26169397647357,103.1318841851414,0.00332076449822421,-0.014399752607177772,-0.00046427227439663384,-0.00019608439525869677,0.00232344239449279,0.0007815919253552751,-0.00889754234925292,-0.00009076899003037028,0.0005205786595514422,0.012420623900681485,5.933658153520655,2.7647885939075207,0.3865140936547914,0.32099054109874187,0.12491183856148702,25.0,25.0,25.0,25.0,25.0,25.0,24.0,9.543,0.0,0.0,1.0,1781028188680427778
1781028188785460956,0.0009452469223542984,57.26180285304317,103.13195973949892,0.003030478403777044,-0.014480449470568596,-0.0003739104985340294,0.00008745910749526798,-0.001191935870421762,-0.0006189063647295047,0.003917682125472783,0.0003765060969490872,-0.0003688569580297763,0.012689570026475644,5.93613926201389,2.766459891730154,0.3861334846348113,0.3200466142291753,0.12478148273625134,25.0,25.0,25.0,25.0,25.0,25.0,24.0,9.546,0.0,0.0,1.0,1781028188779435255
1781028188885410170,0.0009387500589528344,57.2618978713891,103.13200714796706,0.0028131503860951636,-0.014506032471095371,-0.00034543328855958993,0.0003820622753771397,-0.003124686873870471,-0.001552469504665708,0.007062451066492209,0.0009659985996499502,-0.0012175638821460013,0.01121570954716648,5.9371026679666485,2.766543522604646,0.3859386262371557,0.31994579537178164,0.12473729710299218,25.0,25.0,25.0,25.0,25.0,25.0,24.0,9.545,0.0,0.0,1.0,1781028188883378459
1781028188986269800,0.0009788641097224935,57.261716818901235,103.1318930530927,0.003214165155942964,-0.01440335769923856,-0.00045848105228182725,-0.0002155938771226659,0.0017065561401901409,0.0006994394080335526,-0.008635516635932492,-0.0004173955398815669,0.0005732102093497437,0.012425373586008443,5.935014999800825,2.7657813613876354,0.3863667021997528,0.32039834899023406,0.12485942143623369,25.0,25.0,25.0,25.0,25.0,25.0,24.0,9.545,0.0,0.0,1.0,1781028188977517531
1781028189085622616,0.0009476669622169417,57.26179158528206,103.13195386888572,0.0030680851909883236,-0.014476301777301432,-0.00037842545413603753,0.00006217752758330246,-0.0008485428829843644,-0.000450988339351379,0.003566560967379279,0.00028963476054326176,-0.0002653965676201055,0.012696361554595432,5.936046206750673,2.7664092822463022,0.3861506633986176,0.32007050302542367,0.12478666990576276,25.0,25.0,25.0,25.0,25.0,25.0,24.0,9.546,0.0,0.0,1.0,1781028189083485649
1781028189185816241,0.0009423811637481672,57.26187394475521,103.13199565181333,0.0028569662697316717,-0.014499739499677772,-0.00035384560602446286,0.0002274526477741625,-0.0028524777664920235,-0.001380828933237658,0.0054573185514679755,0.0006983662384042092,-0.0008614304713002148,0.01242183650442764,5.9368909402808745,2.7667602257957076,0.3859940618150833,0.31982804947789173,0.1247397858297297,25.0,25.0,25.0,25.0,25.0,25.0,24.0,9.547,0.0,0.0,1.0,1781028189182718623
1781028189285827355,0.0009841536050783765,57.26168298183333,103.13188015512128,0.0033638342679280695,-0.01439769596115493,-0.00046926834488678954,-0.0002607493496419775,0.0031139952049914666,0.00100987706337247,-0.009970132375830356,-0.00003284329378433674,0.00070663187362629,0.013977882353747384,5.932104584195268,2.764137944831216,0.3867313419250515,0.3212633372820265,0.12496049354315684,25.0,25.0,25.0,25.0,25.0,25.0,24.0,9.543,0.0,0.0,1.0,1781028189260296524
1781028189385755984,0.000949364416498531,57.26179008151963,103.1319530560714,0.003073486214896904,-0.014475435522612696,-0.00037975112097337455,0.00005993569233056788,-0.0007884100588515429,-0.0004212556444808265,0.0034293121953999843,0.00027707754600254247,-0.00025232052800564875,0.012695479641005371,5.936028739575218,2.7663987397139707,0.3861544045844466,0.32007527375781475,0.12478787319125824,25.0,25.0,25.0,25.0,25.0,25.0,24.0,9.546,0.0,0.0,1.0,1781028189379890803
1781028189485913579,0.0009388451097919434,57.261919449940294,103.1320169755134,0.002751397764960514,-0.014512723997551607,-0.00033761495669074406,-0.0005158693677696412,0.003192966137187136,0.0018884491208462308,-0.004684938670495518,-0.0012674779820443134,0.001490401734261455,0.01232350353068804,5.93398409405345,2.765655722763741,0.3866870658159663,0.3204126368333578,0.12493959494240864,25.0,25.0,25.0,25.0,25.0,25.0,24.0,9.544,0.0,0.0,1.0,1781028189459914598
1781028189585524677,0.0009823174655560314,57.26171697976355,103.1318929163008,0.0032160040334736997,-0.014402187925391469,-0.0004607812817030196,-0.00021981723300391496,0.001746609401692734,0.0007171070944054317,-0.008757386705910952,-0.0004320762927129442,0.0005884792555626099,0.012440204984345737,5.935004202390527,2.7657763405821387,0.3863715813766262,0.3204005986615275,0.12486088115261662,25.0,25.0,25.0,25.0,25.0,25.0,24.0,9.545,0.0,0.0,1.0,1781028189581706288
1781028189685567821,0.000949565819145245,57.261806802262925,103.13196144836267,0.0030288357180749013,-0.01448041447392242,-0.0003751690616069445,0.00009279994126808956,-0.0012524814242938869,-0.0006458392058768875,0.003784701256685531,0.00038359210157698866,-0.00038659388290746704,0.01269044853496979,5.936155117000413,2.7664674022220104,0.38613467950133057,0.3200417600801919,0.12478187440681916,25.0,25.0,25.0,25.0,25.0,25.0,24.0,9.546,0.0,0.0,1.0,1781028189666119144
1781028189785494860,0.0009465733249009972,57.26185761691489,103.13198752703482,0.002886861230714965,-0.01449535293141434,-0.00035992499314524163,0.00019520986957275127,-0.0025488854741886505,-0.0012645331809743386,0.004875637320292741,0.0006719439347114512,-0.0007756269748571574,0.012627394544570555,5.936568203709137,2.766658960604905,0.3860583163964837,0.3199208708761646,0.12475845056165324,25.0,25.0,25.0,25.0,25.0,25.0,24.0,9.547,0.0,0.0,1.0,1781028189783537356
1781028189887588322,0.0009888794542672057,57.26166824624742,103.13187493374632,0.0034193036233381505,-0.01439561466448991,-0.0004751607534722487,-0.0006464677190093676,0.004751678745401387,0.001995142004769813,-0.015051749241929608,-0.0008842032564378972,0.0018068547941818987,0.018474754385406415,5.931268183795711,2.7646396261884925,0.38683701300640505,0.3205108061051463,0.12492252432191749,25.0,25.0,25.0,25.0,25.0,25.0,24.0,9.547,0.0,0.0,1.0,1781028189865050500
1781028189985761168,0.0009522875615765192,57.261794489894775,103.13195539900552,0.003048799954661297,-0.014476173978968866,-0.0003802653712709586,0.00006970904765701402,-0.0008787428402026666,-0.00046217632652734944,0.003296084411098527,0.0003025258289729052,-0.000286435547816747,0.012688544269273138,5.936053544490295,2.766410316498867,0.386151989130767,0.32006887776470544,0.12478734454096448,25.0,25.0,25.0,25.0,25.0,25.0,24.0,9.546,0.0,0.0,1.0,1781028189982735834
1781028190086287787,0.0009463663706222764,57.26188923223542,103.13199919152504,0.002819022385544592,-0.01449936727915548,-0.00035298096663904997,-0.0015663263702395845,0.006954290803557544,0.004151127622197233,-0.015842607856889405,-0.0035535728815946485,0.004193475806620821,0.01277967475935715,5.932893852604661,2.7655399408500787,0.3869849022143496,0.32062134372038414,0.12502521875424416,25.0,25.0,25.0,25.0,25.0,25.0,24.0,9.544,0.0,0.0,1.0,1781028190065033313
1781028190185464185,0.0009854547539762128,57.26171908905517,103.13189368406113,0.003217322826983185,-0.014402037450802842,-0.00046193278815349274,-0.00021479636309322455,0.0017200092620426296,0.0007017606988140493,-0.008802157324068706,-0.0004195962784153496,0.0005746657315852764,0.012453969400266864,5.935014880862569,2.7657826813467334,0.3863723288193521,0.3203978781791102,0.1248611139515116,25.0,25.0,25.0,25.0,25.0,25.0,24.0,9.545,0.0,0.0,1.0,1781028190183768324
1781028190285500473,0.000952769048780786,57.261808049706154,103.13196213744716,0.0030116327636672702,-0.014480069498423473,-0.0003767915300125236,0.00009567278937534798,-0.00125238307288676,-0.0006407758864518487,0.003535374970446226,0.0003863305823189954,-0.0003936446398879068,0.012682360754649563,5.936155802741506,2.766465522687183,0.3861363664122272,0.3200416950723605,0.12478263584866062,25.0,25.0,25.0,25.0,25.0,25.0,24.0,9.546,0.0,0.0,1.0,1781028190268290555
1781028190385226976,0.0009488851825540036,57.26186906444192,103.13199262720332,0.002885326996020119,-0.014496718878604691,-0.00035847517873089735,0.0002108632608253615,-0.0026931931290423206,-0.0013038159619355053,0.005026069118092121,0.0006500301859212081,-0.0008060185701998126,0.01250307775906086,5.936802982123647,2.7667383680029403,0.38601715631347105,0.3198435846145634,0.1247460327327726,25.0,25.0,25.0,25.0,25.0,25.0,24.0,9.547,0.0,0.0,1.0,1781028190385103958
1781028190485586278,0.0009918991873642616,57.26167073747806,103.13187592218492,0.003421957739128436,-0.014395671159877266,-0.0004760647497766704,-0.0006389532962326748,0.004721853277808684,0.0019808447644385535,-0.015090495499509393,-0.0008706223433467523,0.0017904586706170734,0.018482488588539635,5.931278950471014,2.764647367104118,0.38683785478441646,0.32050723139931114,0.12492279387341398,25.0,25.0,25.0,25.0,25.0,25.0,24.0,9.547,0.0,0.0,1.0,1781028190470530035
1781028190585333374,0.0009542445549534274,57.26180821969192,103.1319620624052,0.003017546337596661,-0.01447980476424902,-0.0003774271084708847,0.00009562586327411617,-0.0012414828341110549,-0.0006357076022463642,0.0034945482267645287,0.0003830051404515078,-0.0003912948382086898,0.012684867569390296,5.9361532086987685,2.766463812413843,0.386137875623057,0.32004214374374496,0.1247830493647756,25.0,25.0,25.0,25.0,25.0,25.0,24.0,9.546,0.0,0.0,1.0,1781028190566198134
1781028190685849502,0.0009452882954988407,57.26191768438717,103.13201657540236,0.002773045255012525,-0.01451033704668085,-0.00034197177995481763,0.00004486971973092204,0.000034650430472426445,0.0001408715104577457,0.0016034854440972466,0.00002235501148142519,-0.00008881539317894799,0.011987372982896705,5.935590832209673,2.7662180823664224,0.3862980826830518,0.3200412262577283,0.12482773545697697,25.0,25.0,25.0,25.0,25.0,25.0,24.0,9.545,0.0,0.0,1.0,1781028190677946919
1781028190785705291,0.001002233153961448,57.26162713446711,103.13185209569082,0.0035892837822969637,-0.014376379806683976,-0.0005019140998008174,0.0008484975432568874,-0.006592700956281242,-0.0020466985054815295,0.0018551780113858212,0.00019591401853565507,-0.001847957493185684,0.004395885814336665,5.954025674444309,2.767574625602612,0.3824312207585376,0.3175614840149771,0.12382893983562827,25.0,25.0,25.0,25.0,25.0,25.0,24.0,9.55,0.0,0.0,1.0,1781028190767416390
1781028190886288553,0.0009549750370764898,57.26182001373322,103.13196817039923,0.002982239575013291,-0.014482961953203522,-0.0003747342818391567,0.00011759474429652144,-0.0015466564396720138,-0.0007839298818848909,0.003684436943417053,0.0004503211049872065,-0.00047934184453416416,0.012676504824528242,5.936234920447456,2.7665051596738572,0.3861253176665672,0.32002069306884007,0.12477931667358136,25.0,25.0,25.0,25.0,25.0,25.0,24.0,9.546,0.0,0.0,1.0,1781028190873315086
1781028190985327215,0.0009575485314799388,57.26186182727242,103.131982416129,0.0028840994478833144,-0.014483894841718142,-0.00037261144599029625,-0.0017552529229536722,0.007900722377869011,0.004675813677273634,-0.018092223903914403,-0.0040680673846885,0.004769290439142156,0.013051559924956884,5.932136109659604,2.7656302266499857,0.3871972448425355,0.32081595938212715,0.1250906144056983,25.0,25.0,25.0,25.0,25.0,25.0,24.0,9.544,0.0,0.0,1.0,1781028190968096352
1781028191086027299,0.0009588044499474578,57.261781805487445,103.13194817580565,0.003118144971946772,-0.014470024821024538,-0.0003874808458524323,0.0000318363042057658,-0.0004412104664822386,-0.00024628810509790645,0.0027886733577540527,0.00017018751634587806,-0.00013831690117564296,0.012706685411565851,5.935935269530481,2.7663464979653902,0.3861782981702382,0.3200975647990608,0.12479507768937063,25.0,25.0,25.0,25.0,25.0,25.0,24.0,9.546,0.0,0.0,1.0,1781028191072784295
1781028191185497958,0.0009543201438951662,57.26185066991344,103.13198352639952,0.002913915378410159,-0.01449116798894827,-0.0003662651527009901,0.00017240473598085135,-0.0022867185517454363,-0.0011341391200251926,0.0043103720993910065,0.0005961548712571752,-0.0006890919730717664,0.012635937758967116,5.936475497905898,2.76661265986024,0.38608212958507687,0.3199486815301298,0.12476592916725682,25.0,25.0,25.0,25.0,25.0,25.0,24.0,9.547,0.0,0.0,1.0,1781028191169253925
1781028191285775683,0.000992597184999964,57.26171110344633,103.13189017872368,0.0032675563903017775,-0.014397743015970332,-0.0004688395346886248,-0.0002281046440680582,0.0019751107567654064,0.0007952572188499005,-0.00927875390857575,-0.0004149993279347208,0.0006231775606591223,0.012429699442699536,5.934792764435182,2.7656154306851506,0.3864029955155418,0.3204957303160862,0.12487208115533714,25.0,25.0,25.0,25.0,25.0,25.0,24.0,9.545,0.0,0.0,1.0,1781028191280648444
1781028191386186166,0.0009596309791853452,57.26179443731746,103.1319551656952,0.0030432841443388506,-0.014474150791477696,-0.0003846626876205676,0.00006429793049659367,-0.0007895583725824012,-0.00041124991218557873,0.002825683137149569,0.0002721722882418345,-0.0002604381810544178,0.012685936215858696,5.936030901733348,2.7663956089431987,0.38616151869244214,0.320073687827117,0.1247904427225954,25.0,25.0,25.0,25.0,25.0,25.0,24.0,9.546,0.0,0.0,1.0,1781028191376001498
1781028191485562546,0.0009491626643678976,57.26191763421231,103.13201595066406,0.002771142383985108,-0.014509445239153537,-0.0003437672393558434,-0.0004555520986764185,0.002684568521446474,0.001747923617790753,-0.0046490057621781915,-0.0012838810431139663,0.0013656583308246473,0.011518640618582848,5.93525477007149,2.765930154839946,0.3863998242455888,0.3202622448428327,0.12486687697589526,25.0,25.0,25.0,25.0,25.0,25.0,24.0,9.544,0.0,0.0,1.0,1781028191479137736
1781028191585477763,0.000961697459881286,57.2617786441685,103.13194651117468,0.003130941198766964,-0.01446796994152398,-0.00039022388152417184,0.000019893845903212437,-0.0003101987447006344,-0.0001814592721587763,0.0025738786807295868,0.0001268251539541088,-0.00009205517764696573,0.012711015667573176,5.935898946143085,2.7663266159156463,0.3861873538181319,0.3201061485522124,0.124797814267749,25.0,25.0,25.0,25.0,25.0,25.0,24.0,9.546,0.0,0.0,1.0,1781028191575715834
1781028191685842563,0.0009533218757140026,57.26189562423868,103.13200548498848,0.002823816712790285,-0.014501778592825825,-0.00035411510010438865,0.0003522543573761368,-0.0030316731340027316,-0.00146736245034131,0.0059789398548277025,0.0008609442371466734,-0.0011321145244853608,0.011406673062774665,5.937214107551475,2.7666492352892615,0.3859358966454392,0.3198719361758173,0.12473404359360044,25.0,25.0,25.0,25.0,25.0,25.0,24.0,9.546,0.0,0.0,1.0,1781028191659413008
1781028191785515180,0.0009983484139365528,57.26168259374861,103.13187942657623,0.003394431037396517,-0.014392491568639917,-0.0004788396213666481,-0.00027773926367672763,0.0033063919760688756,0.0011038623021313865,-0.010582495505925675,-0.00010814154889540018,0.0007787906257632927,0.014020517859334645,5.9320024952048,2.764078648618418,0.3867626135845911,0.3212942438483269,0.1249702143964419,25.0,25.0,25.0,25.0,25.0,25.0,24.0,9.543,0.0,0.0,1.0,1781028191781243095
1781028191885462945,0.000961278780923482,57.26180651819784,103.13196135393878,0.0030042262334901084,-0.014477576819518228,-0.00038216050832290047,0.0000904650512188344,-0.0011087440227705151,-0.0005660281969734902,0.0029713936855583233,0.0003528433309417652,-0.0003611414498392423,0.012679214956392194,5.936117392425114,2.766441117677094,0.3861484457706785,0.3200512722249689,0.12478658874546482,25.0,25.0,25.0,25.0,25.0,25.0,24.0,9.546,0.0,0.0,1.0,1781028191881724927
1781028191985966522,0.0009701826597799824,57.26183015222971,103.13196335201852,0.002955575536893993,-0.014465707938934131,-0.00039552254075701657,-0.0019077939269843756,0.008721278090232478,0.005137278394740278,-0.02022186708093747,-0.0045505543610117076,0.005287032703903005,0.013861799216624364,5.931130499891337,2.7661209188785603,0.3874873858783573,0.3209464930052896,0.1251726473661959,25.0,25.0,25.0,25.0,25.0,25.0,24.0,9.545,0.0,0.0,1.0,1781028191977063913
1781028192085718439,0.0009629335946362648,57.26179940118256,103.13195793743672,0.0030096773101656996,-0.014474889070124107,-0.0003854177490164769,0.00007466395466092862,-0.000887294839084654,-0.00045485233422621577,0.0026414624332962867,0.00029894402369741967,-0.00029688781762042283,0.012676251346058596,5.936057476438159,2.766407681879244,0.3861591613139326,0.32006685873393276,0.12479001578704724,25.0,25.0,25.0,25.0,25.0,25.0,24.0,9.546,0.0,0.0,1.0,1781028192056991954
1781028192185395787,0.0009527667020346356,57.26191831861216,103.13201624596316,0.0027663197690693617,-0.01450871497344852,-0.0003457416985804446,-0.0004574856374785051,0.002674526449337501,0.0017461407891579293,-0.0048458545810297305,-0.0012897283910631892,0.0013689678379562426,0.01151974091510944,5.9352633894305615,2.7659335783768717,0.38640177837426126,0.32025909427723764,0.12486754610031602,25.0,25.0,25.0,25.0,25.0,25.0,24.0,9.544,0.0,0.0,1.0,1781028192177459909
1781028192285808120,0.0009647712662165336,57.261788654600934,103.13195230728763,0.003050806022122306,-0.01447081144205426,-0.000389562052107664,0.00004740001247609285,-0.000556908964444065,-0.00029434198650688784,0.0023660046431114375,0.00020800239572692984,-0.0001899729271171108,0.012685729321445896,5.935967451345261,2.766359088369979,0.38617589655300094,0.3200895034707067,0.12479496689691053,25.0,25.0,25.0,25.0,25.0,25.0,24.0,9.546,0.0,0.0,1.0,1781028192258623142
1781028192386185868,0.0009568416796749016,57.2618964758558,103.13200583244834,0.00282472762983201,-0.014501255685608888,-0.0003557162803301399,0.00035330597458258195,-0.003006957475338018,-0.001455085473895451,0.005831160833453351,0.0008549833073710411,-0.0011293939459370884,0.011407441703374504,5.937213261407259,2.766648078577695,0.3859389478831896,0.31987126960940465,0.12473496820475632,25.0,25.0,25.0,25.0,25.0,25.0,24.0,9.546,0.0,0.0,1.0,1781028192378111472
1781028192486303440,0.0009661345768991944,57.26178334672166,103.13194929241884,0.0030833734482461875,-0.014468537539346278,-0.00039177901905925,0.000031787290047964866,-0.0003884418982217778,-0.0002128504295395139,0.0022506818597933503,0.00015580870749355797,-0.00013067146044576123,0.012694766729958168,5.9359213062798935,2.7663348079687853,0.3861854126392137,0.320100710811111,0.12479768285246018,25.0,25.0,25.0,25.0,25.0,25.0,24.0,9.546,0.0,0.0,1.0,1781028192463688058
1781028192585226893,0.0009606286583443496,57.26186328392969,103.13198982685842,0.002878990672984058,-0.01449289920321254,-0.00036659552251441834,0.00019512935142489265,-0.0024756275538277243,-0.0012096135017505166,0.004126918905849116,0.0006240928440883163,-0.0007536653286234611,0.01259572918984845,5.936604207852893,2.7666625527576576,0.3860623811785329,0.3199027693845104,0.12475987761478916,25.0,25.0,25.0,25.0,25.0,25.0,24.0,9.547,0.0,0.0,1.0,1781028192584592719
1781028192686197820,0.0009674373266396656,57.26177991882368,103.13194741976558,0.003101984701206373,-0.01446679588008972,-0.0003936121740170738,0.00001980344599082353,-0.0002706019033090576,-0.00015534205517691473,0.0021393770746653677,0.00011542748225474322,-0.0000864335517077709,0.012700645883212684,5.935888607778651,2.7663177465512696,0.3861927824177176,0.32010839852789424,0.1247998281436442,25.0,25.0,25.0,25.0,25.0,25.0,24.0,9.546,0.0,0.0,1.0,1781028192668361288
1781028192785499207,0.000963037863260682,57.26184586605085,103.13198130301004,0.0029024037721285516,-0.014488024458900482,-0.0003726640433148795,0.00016394716970404634,-0.002094916926541587,-0.0010395014101670585,0.0036139274882312786,0.0005653975382295466,-0.0006481413575125218,0.012637838796170036,5.936397921362706,2.7665741014517624,0.3861024024582657,0.31997466032168453,0.12477273527542444,25.0,25.0,25.0,25.0,25.0,25.0,24.0,9.546,0.0,0.0,1.0,1781028192781784371
1781028192885669794,0.000968634777388947,57.26177861497709,103.13194683816523,0.0031032625034349143,-0.01446583880993733,-0.0003948856767910589,0.00001379723759139676,-0.00021272723594744047,-0.000126503671592275,0.002036488294575641,0.00009402695040994163,-0.00006421823369209443,0.012701956333623627,5.935872374355955,2.766309025552166,0.38619693555581447,0.3201120607136486,0.1248011036719127,25.0,25.0,25.0,25.0,25.0,25.0,24.0,9.546,0.0,0.0,1.0,1781028192862968458
1781028192986439327,0.000964723826375294,57.26183339255911,103.1319745102869,0.002957762258521003,-0.014484077923021829,-0.0003765633115088937,0.000138767757331013,-0.0017774378398379713,-0.0008897238970682035,0.003423841353767005,0.0004898295651921217,-0.0005509657783318866,0.012666174704346266,5.936300556594978,2.766532180119846,0.38612171810724366,0.320001554292425,0.1247783793287624,25.0,25.0,25.0,25.0,25.0,25.0,24.0,9.546,0.0,0.0,1.0,1781028192983676981
1781028193086308488,0.0009692975836694026,57.261777312991626,103.13194515361609,0.0031624751493638218,-0.01446525762754043,-0.0003947975480642698,8.47742392232541e-6,-0.0001791773488698508,-0.00011549929000474564,0.002220193646406541,0.0000780671429492062,-0.000044863498141215066,0.012722495563929398,5.935862891668812,2.7663063632149925,0.38620034742284504,0.32011392770962277,0.12480163039046682,25.0,25.0,25.0,25.0,25.0,25.0,24.0,9.546,0.0,0.0,1.0,1781028193062582177
1781028193185874788,0.0009677844914101884,57.26181095167959,103.1319637145321,0.0029695740847576688,-0.014477463856920808,-0.00038477611301928976,0.00010277426572440072,-0.0011608924414884365,-0.000583987706553789,0.002531590449394671,0.00037552621070613526,-0.0003967339142920404,0.012663413675942066,5.936130618774855,2.766443417204625,0.3861494707513571,0.3200484323194119,0.12478738505846015,25.0,25.0,25.0,25.0,25.0,25.0,24.0,9.546,0.0,0.0,1.0,1781028193182115489
1781028193285577646,0.000970811330744338,57.26177597391827,103.13194514045728,0.0031338452158297934,-0.014463960728333863,-0.0003968930190350775,8.389855490047947e-7,-0.00010584819795774172,-0.00007576962141850084,0.0019562511306168103,0.000049834997726585294,-0.000017893216047828417,0.012713782239381103,5.935841936573509,2.7662940847491755,0.3862054046366416,0.3201186522903341,0.1248034537120316,25.0,25.0,25.0,25.0,25.0,25.0,24.0,9.546,0.0,0.0,1.0,1781028193263115574
1781028193386222189,0.0009636588881505711,57.26187527109021,103.13199568915016,0.002854688115794103,-0.0144950987442403,-0.00036516010780229054,0.0002228031501039781,-0.002667622239953543,-0.001279709120092851,0.004202105480195415,0.0006476448864616257,-0.0008237968042006051,0.012469723965716313,5.936822595879273,2.7667363971212877,0.38602375471996175,0.3198373803301973,0.124748727627746,25.0,25.0,25.0,25.0,25.0,25.0,24.0,9.547,0.0,0.0,1.0,1781028193370872507
1781028193485648100,0.0009717734358306808,57.261778415413886,103.13194669340506,0.0031024473891233186,-0.014464797015833142,-0.0003968924025173576,9.96455867532752e-6,-0.00016464951022979686,-0.00010092796427549472,0.001842093084533784,0.00007622773104504725,-0.00004802520786167583,0.012702281599825309,5.935859243533364,2.7663010862271165,0.386201751393673,0.3201148417292948,0.12480262344888989,25.0,25.0,25.0,25.0,25.0,25.0,24.0,9.546,0.0,0.0,1.0,1781028193471253000
1781028193585331928,0.0009594139615844764,57.26192152170087,103.13201828737908,0.0027663631732534476,-0.014508401203978885,-0.0003484031094723736,-0.000024086246677800185,0.0003406286352680074,0.0003413961210312471,0.00008575977485490328,-0.00016632736440361676,0.00010613493955048082,0.011984132415017765,5.935620160803071,2.76622453615122,0.38630539027553834,0.320033139841169,0.12483017579865684,25.0,25.0,25.0,25.0,25.0,25.0,24.0,9.545,0.0,0.0,1.0,1781028193571962757
1781028193685944814,0.0009726905232460491,57.26178228304003,103.131949068372,0.0030595851942169182,-0.014466153930151094,-0.0003965208393645428,0.000023583537559357895,-0.00026667856398277596,-0.00014589166671478772,0.0017079012577831654,0.00011685580442520182,-0.00009506293801608732,0.01268584471329558,5.935888146387935,2.766313709594062,0.3861957592961682,0.3201083728564238,0.12480119250379015,25.0,25.0,25.0,25.0,25.0,25.0,24.0,9.546,0.0,0.0,1.0,1781028193672902008
1781028193785509424,0.0009799698722122352,57.261827808433075,103.13196229355503,0.0029996769074002345,-0.01446212767833909,-0.00040206028000883695,-0.001966239998316924,0.008916142278993984,0.0052079188034161936,-0.02087491297032212,-0.004625646161055021,0.005421222221835985,0.013902879233686518,5.931005909197626,2.766061113315515,0.38751094553722454,0.3209816901051144,0.12517923798513927,25.0,25.0,25.0,25.0,25.0,25.0,24.0,9.545,0.0,0.0,1.0,1781028193767534926
1781028193886190689,0.000972870632872362,57.26178843625768,103.13195160404445,0.0030666840496078917,-0.014468592062631227,-0.00039406873207168736,0.00004230710473928726,-0.0004559136786043006,-0.0002405253414570668,0.0019389009713706316,0.00017652002900896626,-0.00016247284811028996,0.01268950165122172,5.935940527842247,2.766342059027223,0.3861864509531287,0.32009550048404023,0.12479820896853656,25.0,25.0,25.0,25.0,25.0,25.0,24.0,9.546,0.0,0.0,1.0,1781028193873776108
1781028193985971419,0.0009733335757380892,57.26186223543131,103.13198222172656,0.00291849306274292,-0.014479537669437482,-0.0003817685975674398,-0.0018255702083282215,0.008079888473338431,0.004755886449238035,-0.019336455201853966,-0.004166887388003083,0.0049197020127160615,0.013071940109193204,5.932028119714562,2.7655676451491513,0.3872251634197104,0.32084594632646085,0.12509887823401356,25.0,25.0,25.0,25.0,25.0,25.0,24.0,9.544,0.0,0.0,1.0,1781028193967686648
1781028194086224690,0.0009741500140412092,57.261787104804085,103.13195103914512,0.003059557603018609,-0.01446770187614966,-0.0003954522127618431,0.00003799710240354479,-0.00040064445568737663,-0.0002100459736469113,0.0017586788638621626,0.00016015438932492782,-0.0001459410221731034,0.01268458978809695,5.93592554783889,2.766333002247527,0.38618978677292376,0.32009922547984326,0.12479936927010532,25.0,25.0,25.0,25.0,25.0,25.0,24.0,9.546,0.0,0.0,1.0,1781028194073278379
1781028194185928014,0.0009902247223255991,57.26179167443917,103.13194080830478,0.003086246234305586,-0.014442595518952718,-0.00042552649543925984,-0.0021044720678646753,0.009503177265651256,0.00569473753019916,-0.023163329366363887,-0.005272039584377897,0.005981656678113327,0.015742022825286844,5.930316991322036,2.767979062481948,0.3877417336495156,0.32050489061161913,0.12521174172111443,25.0,25.0,25.0,25.0,25.0,25.0,24.0,9.547,0.0,0.0,1.0,1781028194169723095
1781028194285532492,0.000974872245661629,57.26179120492607,103.13195325742312,0.003037188990504866,-0.014468993909837764,-0.00039471226930774296,0.000049211414812439294,-0.0005097547035569417,-0.0002619030963729107,0.001756586854516078,0.0001940430708737701,-0.00018633240783609328,0.01267847977748939,5.935955629739759,2.766348184709476,0.38618469377620446,0.32009179756422484,0.12479796604803804,25.0,25.0,25.0,25.0,25.0,25.0,24.0,9.546,0.0,0.0,1.0,1781028194273241231
1781028194385851924,0.001011225323967428,57.26169743534692,103.131884576114,0.003369181717867489,-0.014389814973734472,-0.000484190352205189,-0.0002210805380000088,0.00261367833835604,0.0009165939612644288,-0.009983584894442765,-0.0002126063357899212,0.0006330426345631913,0.01251149747372812,5.9335416796651135,2.7647205685003655,0.3865657610107561,0.3210268534073104,0.12492793912256248,25.0,25.0,25.0,25.0,25.0,25.0,24.0,9.543,0.0,0.0,1.0,1781028194373729829
1781028194487550967,0.0009749816947131428,57.26180194784549,103.13195876972522,0.003000929204150489,-0.014472606774260596,-0.0003915635432169944,0.00007609212828218552,-0.0008170858260080088,-0.00041141582495367887,0.0019543829109964117,0.0002789018467636949,-0.00028812913535621715,0.012671394291197884,5.936039428381315,2.766392897342284,0.3861704710899436,0.32007056748479823,0.12479376145305349,25.0,25.0,25.0,25.0,25.0,25.0,24.0,9.546,0.0,0.0,1.0,1781028194474564774
1781028194585537756,0.0009770664693645869,57.26177656569365,103.13194467351268,0.003170814317924449,-0.014462235275812094,-0.00039997605422260055,-6.546616823082374e-6,-0.00004139564126476895,-0.00004608396284956907,0.0018122324180778844,0.000017380050176756386,0.000012716508579738797,0.012732066994949524,5.935824196048128,2.7662852618506504,0.38621476952484246,0.32012145269196274,0.12480597491475467,25.0,25.0,25.0,25.0,25.0,25.0,24.0,9.546,0.0,0.0,1.0,1781028194573779763
1781028194686313199,0.0009736526947510282,57.26183021279573,103.13197295040467,0.002939545880968687,-0.014481208469574423,-0.00038273881551547544,0.0001333201438624405,-0.0016017797835347276,-0.0007952725935520616,0.0026767720265010037,0.0004583073412819332,-0.0005171289090739502,0.012658349658378676,5.936251704591098,2.7665038660678443,0.3861356053121904,0.32001497109261084,0.12478311679848558,25.0,25.0,25.0,25.0,25.0,25.0,24.0,9.546,0.0,0.0,1.0,1781028194677942065
1781028194785820644,0.0009783653192948526,57.26177854701517,103.13194644368704,0.003112108420695334,-0.01446271930058576,-0.0004008059945954446,1.980911523577899e-6,-0.00007986540260435919,-0.00005643103845613741,0.001499232314150127,0.00004004438279269206,-0.00001561900021560656,0.012707677418755984,5.935835704386031,2.7662874164019304,0.38621166531934914,0.3201194194789585,0.12480563241705211,25.0,25.0,25.0,25.0,25.0,25.0,24.0,9.546,0.0,0.0,1.0,1781028194777818187
1781028194887228355,0.0009664675745775156,57.26191767218242,103.13201535556188,0.002798251290358898,-0.014504366822019776,-0.00035389733626053,0.0003023407465580209,-0.0012400940029699463,-0.0006822609758050353,0.004037053047035944,0.0007155400823359268,-0.0008548489028732152,0.011880558782406448,5.935566773260935,2.7661567625458727,0.38631852425595814,0.32006994991688686,0.12483544856666452,25.0,25.0,25.0,25.0,25.0,25.0,24.0,9.545,0.0,0.0,1.0,1781028194879056090
1781028194985958594,0.000979159700807473,57.2617842376858,103.1319497958984,0.0030524063033376507,-0.01446505675075765,-0.0003997302300962717,0.000024889492942184814,-0.00024444409180491953,-0.00012922846718209182,0.001330267280083377,0.00010931486831137827,-0.00009414566702946794,0.012681957792582,5.935882633568289,2.7663079672603836,0.3862011246234622,0.32010926307284415,0.12480300782224918,25.0,25.0,25.0,25.0,25.0,25.0,24.0,9.546,0.0,0.0,1.0,1781028194976175954
1781028195085832436,0.001015792576647265,57.26168809209998,103.13188143578006,0.0034147165668674596,-0.014388122302987754,-0.0004888289658440517,-0.0002835768860516391,0.0033957713102812,0.0011362438376567217,-0.011058793595468913,-0.00014723559922693615,0.0008139326763928898,0.014103164468529147,5.931914879447703,2.7640305414335926,0.3867935008065854,0.32132082508224824,0.12497953577209908,25.0,25.0,25.0,25.0,25.0,25.0,24.0,9.543,0.0,0.0,1.0,1781028195083599627
1781028195185594300,0.0009781717641668766,57.26180692199915,103.1319613682443,0.002976074325839575,-0.014473379644749295,-0.0003921012934590936,0.00008664534104186298,-0.0009174345276765152,-0.00045709110621507354,0.0018127474050842504,0.000305953465561428,-0.0003249073451247042,0.012664416703594025,5.936066901909392,2.7664056921215177,0.3861679462991528,0.3200634381362607,0.12479319764596082,25.0,25.0,25.0,25.0,25.0,25.0,24.0,9.546,0.0,0.0,1.0,1781028195183407971
1781028195285444976,0.0009808853440730163,57.26177861242882,103.13194648615848,0.0031136842156512822,-0.014461803869629973,-0.0004024263240479462,-2.6839024670715497e-6,-0.00004098485599226131,-0.000037428286380438144,0.001385725552388408,0.000020918399038441547,2.257053098264839e-6,0.012711852416795072,5.935824657723284,2.766281587140317,0.3862161976974489,0.32012132698363827,0.12480697557419183,25.0,25.0,25.0,25.0,25.0,25.0,24.0,9.546,0.0,0.0,1.0,1781028195283221425
1781028195385390292,0.0009675877874735076,57.26192364769648,103.13201850155204,0.002781012420837902,-0.014507067860540134,-0.0003513613829320392,-0.0005035193312293524,0.0027465740941781907,0.0017425593646540449,-0.005902933134450302,-0.001295909855261098,0.0014292759741621195,0.011635119736586916,5.934991833796132,2.765832663360196,0.38647137073200577,0.3202995964432883,0.12488603266136682,25.0,25.0,25.0,25.0,25.0,25.0,24.0,9.544,0.0,0.0,1.0,1781028195378538064
1781028195486129026,0.0009808021430080143,57.26179377922193,103.13195476646372,0.0030051844360267335,-0.014468294350010362,-0.0003977447962855908,0.00005361671502589232,-0.0005065480204282922,-0.00025342247819039787,0.0013326669146411522,0.00019624156186881327,-0.0001958214679281368,0.012666903830165345,5.935955595515996,2.766344351217521,0.3861881546877441,0.32009165406806256,0.12479939824016238,25.0,25.0,25.0,25.0,25.0,25.0,24.0,9.546,0.0,0.0,1.0,1781028195460691210
1781028195585463487,0.0009819799210427672,57.26177826135921,103.1319455890788,0.003162251877178129,-0.014461243818692866,-0.000402577619392591,-8.508704163984423e-6,-0.00001530587820808367,-0.000032125004334817385,0.0015837935374457984,2.36746393223546e-6,0.00002353731267175228,0.012734642314651552,5.935816906016351,2.766280337078571,0.38622019169164473,0.3201221753502116,0.12480766941520308,25.0,25.0,25.0,25.0,25.0,25.0,24.0,9.546,0.0,0.0,1.0,1781028195581697114
1781028195685584312,0.000976674575739764,57.26185411804743,103.13198463501392,0.002898050433062375,-0.01448681377426258,-0.0003778343573134483,0.00017597117614499906,-0.002135129951811904,-0.001046898743839586,0.003016891745686646,0.0005617389762999167,-0.000672859790341176,0.012631515794793696,5.936431913269773,2.766583478270946,0.3861058686679309,0.31995935692622024,0.12477378848330532,25.0,25.0,25.0,25.0,25.0,25.0,24.0,9.546,0.0,0.0,1.0,1781028195682748443
1781028195785692001,0.00098319994314631,57.26178501823531,103.13195038147678,0.0030309636861226476,-0.014464132098683163,-0.0004022148581020504,0.00002430434705398062,-0.00021159612367830028,-0.00010781925433223329,0.0010049319855067256,0.00009958536911426464,-0.00008846917791544675,0.012673922345255353,5.935874090376622,2.766300938647906,0.3862050981529432,0.32011111651541907,0.1248044823953783,25.0,25.0,25.0,25.0,25.0,25.0,24.0,9.546,0.0,0.0,1.0,1781028195765188535
1781028195885317783,0.0010260567378566252,57.261657824149424,103.13186109256102,0.0036323444849545687,-0.014368038826631915,-0.000511698061578307,0.010276101924633402,-0.02901276188119716,-0.02025992293826659,0.10881473079580498,0.02232154432858515,-0.02610592924756158,0.0460240072112896,5.935783242947966,2.7674879176608647,0.38580017291935825,0.31989706689924013,0.1250807548718798,25.0,25.0,25.0,25.0,25.0,25.0,24.0,9.58,0.0,0.0,1.0,1781028195884744341
1781028195985511364,0.0009805072713761078,57.26182700759029,103.13197141259728,0.0029262242300538447,-0.014478759392655938,-0.0003877330255239788,0.0001274927962375567,-0.0014398915404030546,-0.0007100336322358526,0.0020932757044406776,0.0004281161604277408,-0.0004834150826096214,0.01265268929452885,5.936208114072409,2.766478247657845,0.3861469330625894,0.3200265605552685,0.12478692870150414,25.0,25.0,25.0,25.0,25.0,25.0,24.0,9.546,0.0,0.0,1.0,1781028195980725487
1781028196085763714,0.0009850515348580505,57.26178329138115,103.1319498666805,0.0030206022597773,-0.01446263258841356,-0.000404359992098141,0.000014752214996345477,-0.00012451196116774316,-0.00006342120474063572,0.0008046809110725003,0.00006565666890259358,-0.00005413128695345523,0.012672808043103414,5.935849549476914,2.7662875448956505,0.3862113737888141,0.3201164676552772,0.12480649338612966,25.0,25.0,25.0,25.0,25.0,25.0,24.0,9.546,0.0,0.0,1.0,1781028196061391250
1781028196186242367,0.0009847961100145923,57.261779681113154,103.13194636868144,0.003157973561499725,-0.014460858016727076,-0.0004038856179478962,-8.536854318343496e-6,-9.50928551823435e-6,-0.00003034939129512063,0.0015021347829886102,-3.2538484221470426e-6,0.000027012218264347132,0.012738844154744066,5.9358152818151755,2.7662791364774675,0.3862229096148249,0.3201218276119762,0.12480846486490892,25.0,25.0,25.0,25.0,25.0,25.0,24.0,9.546,0.0,0.0,1.0,1781028196181107848
1781028196285556472,0.0009729460547605024,57.26192015422832,103.13201636199912,0.002792705958371876,-0.01450373650680489,-0.0003566360473224711,0.0002962001926505056,-0.0012141805405852066,-0.0006589357247066925,0.003599770397449727,0.0006935986714918318,-0.0008380812800639195,0.011876439870467988,5.93558658159326,2.7661626570238154,0.38632021672212713,0.32006468632019686,0.1248360882772518,25.0,25.0,25.0,25.0,25.0,25.0,24.0,9.545,0.0,0.0,1.0,1781028196268375478
1781028196385215941,0.000986630338272235,57.261783920467266,103.13195018440264,0.003014136304778563,-0.014462428769571632,-0.0004051543993582923,0.000015799638598912532,-0.00012284819248184738,-0.00006061391990156772,0.0006936166837467948,0.00006603557713526441,-0.00005637194788659259,0.012670001480351752,5.935849400861708,2.766286477169986,0.3862122866508174,0.3201164581258191,0.12480685857026372,25.0,25.0,25.0,25.0,25.0,25.0,24.0,9.546,0.0,0.0,1.0,1781028196384801768
1781028196485795782,0.000986782317520353,57.261780808846325,103.1319480604095,0.0030833317828449325,-0.014460561800837176,-0.0004058688212837776,-4.937758897635672e-6,-6.910348106608034e-6,-0.00001768060979395428,0.001034983880217994,2.041182867935976e-6,0.000014971193142784956,0.012709085068234524,5.935815100388159,2.76627460699193,0.38622258667808446,0.3201223244159741,0.12480913017440866,25.0,25.0,25.0,25.0,25.0,25.0,24.0,9.546,0.0,0.0,1.0,1781028196467586852
1781028196586060061,0.001021320328177914,57.26171232080971,103.1318904817904,0.0033360418680036964,-0.014389436077486198,-0.0004870864252542472,-0.0002288607865884949,0.002271084372962329,0.000867150255820901,-0.010101351155790216,-0.0003810244446587309,0.0006575509701416864,0.012438493845827531,5.934401258015426,2.7653074968777114,0.38647351750318104,0.32068314025686057,0.12489697562472336,25.0,25.0,25.0,25.0,25.0,25.0,24.0,9.544,0.0,0.0,1.0,1781028196569834751
1781028196685886527,0.0009861482762069964,57.26180376655964,103.13196012815708,0.002945423312996156,-0.014470260980150996,-0.00039826670966369195,0.00007757493938278944,-0.0007245768873994048,-0.0003521597641146527,0.0010543717664791175,0.0002610113504391213,-0.0002794549355146777,0.012648587101710369,5.936015776496026,2.7663726405765465,0.3861808792429904,0.3200764991671779,0.12479768889868662,25.0,25.0,25.0,25.0,25.0,25.0,24.0,9.546,0.0,0.0,1.0,1781028196674376915
1781028196785491685,0.000988816664037262,57.2617823879351,103.13194995781414,0.0030054873611235836,-0.014460554583695022,-0.000407659526233032,1.7359230752125792e-6,-0.000021177808452660368,-0.00001257088154920902,0.0005576916546211535,0.000016778429819941003,-6.880422318886882e-6,0.01267712432429885,5.935819947383837,2.7662721400153085,0.3862209222907992,0.32012191632240317,0.12480943573978992,25.0,25.0,25.0,25.0,25.0,25.0,24.0,9.546,0.0,0.0,1.0,1781028196769516088
1781028196885507192,0.0009884638094755324,57.26178190667351,103.13194857845498,0.003091390521235765,-0.014460398643907382,-0.0004064233028732831,-5.531995786793462e-6,-4.717505116218236e-6,-0.000021115629875932333,0.0010966951179736137,-3.535338207892579e-6,0.000020453763287204965,0.012719898910989205,5.935814325572872,2.766275078629673,0.3862247129830642,0.32012164823220446,0.12480957498543542,25.0,25.0,25.0,25.0,25.0,25.0,24.0,9.546,0.0,0.0,1.0,1781028196873190109
1781028196986009699,0.001022287904321487,57.261721920290135,103.13189434175996,0.0032973568563593645,-0.014391131314091391,-0.0004851838004985096,-0.00023358056824924472,0.002047895991262557,0.0008180580052300301,-0.010027427009008412,-0.0004658258644614132,0.000663877163486944,0.0125446902554102,5.934790986347113,2.765622476994975,0.3864343154650096,0.3204911633631047,0.12488133374856927,25.0,25.0,25.0,25.0,25.0,25.0,24.0,9.545,0.0,0.0,1.0,1781028196971739316
1781028197085521430,0.000986569568749161,57.26181900340197,103.13196754259202,0.0029189839772491327,-0.014474996994930614,-0.0003937838031209852,0.00011172359038436042,-0.0011515464842476188,-0.0005618470423943572,0.0014146859574318024,0.0003676316328083331,-0.00041145483376841613,0.01264604478718581,5.936131295777291,2.7664345919832165,0.3861626840238431,0.32004670647129974,0.1247921097485125,25.0,25.0,25.0,25.0,25.0,25.0,24.0,9.546,0.0,0.0,1.0,1781028197059828798
1781028197185527120,0.0009909121708363033,57.26178333471933,103.13195079876652,0.0029800489430927557,-0.014460195080156576,-0.0004090206879910021,2.577604355838542e-6,-0.000014703117117536289,-5.762882363094272e-6,0.0003521404841841606,0.000014752995843804876,-8.165866016021177e-6,0.012669286804103593,5.935818333232686,2.766269627116518,0.3862223232950509,0.3201221092838569,0.12481009954830914,25.0,25.0,25.0,25.0,25.0,25.0,24.0,9.546,0.0,0.0,1.0,1781028197175831198
1781028197286604857,0.0009907964615839702,57.26178327949077,103.13195036839753,0.0030237852891970393,-0.014460014945452383,-0.0004084776805891728,-3.1011780161232043e-6,1.2269952835051925e-6,-9.68728774541575e-6,0.0006949547304716999,-2.8607170309035556e-6,0.000013586670422605606,0.012697027540790622,5.935812968296653,2.7662708083524996,0.3862254007366091,0.3201219518459961,0.12481040848324274,25.0,25.0,25.0,25.0,25.0,25.0,24.0,9.546,0.0,0.0,1.0,1781028197261512915
1781028197386119746,0.0009902985006101624,57.26178255985872,103.13194777862164,0.0031473207824703007,-0.014460373033804003,-0.0004062683564410626,-4.958346185687296e-6,-0.000012441972647805806,-0.000030770928052692284,0.001276073227065443,-2.1113364497870257e-6,0.000021190726899615046,0.012740257115328594,5.935816821135231,2.766277888788324,0.38622642277948016,0.32012076436830156,0.12480959702237544,25.0,25.0,25.0,25.0,25.0,25.0,24.0,9.546,0.0,0.0,1.0,1781028197377977045
1781028197485854694,0.0009831519563318365,57.261879344172144,103.13199615845336,0.0028811070994267155,-0.01449086099120322,-0.00037452910289650167,0.00022656723326310488,-0.002600972285544967,-0.001210200700973481,0.0032831694304973316,0.0005834374436080615,-0.0008091034842162486,0.012439964351454835,5.93700131717866,2.7668182255359826,0.3860108490434422,0.3197653561268502,0.12474439546937748,25.0,25.0,25.0,25.0,25.0,25.0,24.0,9.547,0.0,0.0,1.0,1781028197483482388
1781028197586087865,0.0009921814163225892,57.261786883563865,103.13195131923302,0.00300652573953579,-0.014462058242811734,-0.0004073924280743405,0.000022039597845208845,-0.00014506715789758482,-0.00006578546974054942,0.0003794399656394891,0.00007631185737495275,-0.00007362322103264589,0.012664190826536309,5.935856347525944,2.7662871163657785,0.38621432266409234,0.3201146987566477,0.12480766616782478,25.0,25.0,25.0,25.0,25.0,25.0,24.0,9.546,0.0,0.0,1.0,1781028197583878907
1781028197686014480,0.0009926975761178705,57.26178339227654,103.13194955202536,0.0030523978505642736,-0.01445972684626699,-0.00040898971686152246,-2.13426954585137e-6,2.790378350884961e-7,-7.112410861620693e-6,0.0006087332071277612,3.201703324750496e-7,9.477141759301974e-6,0.01269819289915094,5.9358136891217645,2.7662703160868594,0.38622640973212147,0.32012226933785054,0.12481064601887018,25.0,25.0,25.0,25.0,25.0,25.0,24.0,9.546,0.0,0.0,1.0,1781028197682559278
1781028197785940004,0.0009923269230484872,57.26178310968981,103.1319479329789,0.003141361564337675,-0.014459984405520182,-0.000407375761570846,-4.4109156471007945e-6,-7.893080367834656e-6,-0.00002410671899143863,0.0010880966689422128,-2.772141300927771e-6,0.000019077911506565004,0.012733974169454517,5.935815715522297,2.7662757720666593,0.38622771464603256,0.32012116089905096,0.12481014793892804,25.0,25.0,25.0,25.0,25.0,25.0,24.0,9.546,0.0,0.0,1.0,1781028197781137635
1781028197885359285,0.000979317883407295,57.26192491465089,103.1320182018124,0.002806480442380136,-0.014504271937208548,-0.0003571048228294847,-0.00033103821786932785,0.0018833298561823104,0.0011177155088169372,-0.004097281623051172,-0.000724638691537873,0.0008687648939305539,0.011929249946450076,5.934529904932711,2.7657077275980115,0.38657851371541385,0.3203429683142448,0.12491249860758656,25.0,25.0,25.0,25.0,25.0,25.0,24.0,9.544,0.0,0.0,1.0,1781028197883559053
1781028197985675655,0.0009938351294149143,57.26179066980963,103.131953186627,0.002985206862877738,-0.01446322143147377,-0.0004071095165110174,0.00003533491209834349,-0.00024249287492489124,-0.000109343317200341,0.00027919853137549767,0.00011426849144125088,-0.00011822658244120356,0.012654048451153147,5.935884107075324,2.7662996259165147,0.3862094003857888,0.32010838332258007,0.12480639953493508,25.0,25.0,25.0,25.0,25.0,25.0,24.0,9.546,0.0,0.0,1.0,1781028197979964211
1781028198088546906,0.0009949489137073178,57.26178458403321,103.13195079091344,0.002999392302034987,-0.014459532301457214,-0.0004106675759310889,2.6794960182595704e-6,-5.881504939088537e-6,1.344533375432722e-7,0.0002049270001590484,0.000010036764464645077,-6.172825048669815e-6,0.012674123424058804,5.9358161842286385,2.766267556510959,0.3862258442321739,0.32012228025338585,0.12481108107714356,25.0,25.0,25.0,25.0,25.0,25.0,24.0,9.546,0.0,0.0,1.0,1781028198061172039
1781028198185311313,0.0009948802315620155,57.261784872615095,103.13195039227448,0.0030504173366569117,-0.014459569217929924,-0.0004098491725542238,-1.504388474081212e-6,-5.00204245193915e-7,-0.000010605182774136149,0.0006047459777873239,-2.6396988745358142e-6,0.00001134515734013676,0.012705231622931143,5.935813941651668,2.766270575724297,0.3862283846093519,0.32012141685341244,0.12481114320733055,25.0,25.0,25.0,25.0,25.0,25.0,24.0,9.546,0.0,0.0,1.0,1781028198180438900
1781028198285517330,0.0009947284053097346,57.26178450938951,103.13194905169756,0.0031127837951355937,-0.01445974156875788,-0.00040877901205766006,-2.230735320650551e-6,-7.603025620448153e-6,-0.00002082442972828552,0.000882455751921596,-1.549860664713375e-6,0.000014324197867009776,0.01272614505523798,5.9358160173877055,2.7662740260290035,0.3862288638247854,0.3201208690873397,0.12481074059854758,25.0,25.0,25.0,25.0,25.0,25.0,24.0,9.546,0.0,0.0,1.0,1781028198261170366
1781028198385785599,0.0010029101805264671,57.261832868699386,103.13196373947277,0.0030405154128683772,-0.014457538872836432,-0.0004138368869919697,-0.002055894548027809,0.0090872402793894,0.00527946603303747,-0.022691340385409552,-0.00472603267406173,0.0055911754792353306,0.013957309979808725,5.930822036398624,2.765947896914131,0.387552158957128,0.3210402172992514,0.125191555904984,25.0,25.0,25.0,25.0,25.0,25.0,24.0,9.545,0.0,0.0,1.0,1781028198381052499
1781028198486431462,0.000994391432639566,57.26180763653624,103.13196131857292,0.00294939230201812,-0.0144692926775371,-0.0004016498394937774,0.00008344358629743399,-0.0007408114874081657,-0.0003526743587158658,0.0006437623147288231,0.00026303685100114945,-0.00029347474912389383,0.012646309971806134,5.936021097064706,2.766372285319071,0.3861856638762544,0.32007443372141486,0.12479926380178032,25.0,25.0,25.0,25.0,25.0,25.0,24.0,9.546,0.0,0.0,1.0,1781028198461479452
1781028198585398037,0.000997774311649126,57.26178609884722,103.1319523851362,0.002946781413973406,-0.014459071049597485,-0.0004127331262640779,4.628984935759386e-6,8.323520356396748e-7,9.975743976290332e-6,-0.0001423815790126437,8.869636171222761e-6,-0.000010559838526545596,0.012657878741021335,5.935814582500618,2.7662637794104667,0.3862272990965245,0.3201224306031463,0.12481199528058588,25.0,25.0,25.0,25.0,25.0,25.0,24.0,9.546,0.0,0.0,1.0,1781028198581501632
1781028198685837383,0.000997986947373165,57.261786817315944,103.1319532163536,0.0029408423876166843,-0.014459002793417565,-0.0004128984125426429,1.993740218559023e-6,9.206703783745631e-6,7.289545031491919e-6,-8.331816687416166e-6,-2.1287841879740733e-6,1.430462565874173e-6,0.012669130536388268,5.9358116019840175,2.7662639842667014,0.3862291122386085,0.32012191263407413,0.12481235291956742,25.0,25.0,25.0,25.0,25.0,25.0,24.0,9.546,0.0,0.0,1.0,1781028198662816116
1781028198785750612,0.0009982979225654132,57.26178749011309,103.13195353901108,0.002948496980980158,-0.014459205803583937,-0.00041270088874282174,2.9356272282011305e-6,2.462258599355902e-6,-6.735614529326756e-7,0.00010960444674248876,-7.67630876807398e-7,1.2454414653818904e-6,0.012677951618909226,5.935813650165957,2.7662659189481262,0.386229353237287,0.32012098701818015,0.12481224048153391,25.0,25.0,25.0,25.0,25.0,25.0,24.0,9.546,0.0,0.0,1.0,1781028198783887785
1781028198885553790,0.0009985553740342445,57.26178759874066,103.13195337496204,0.0029595506392012193,-0.014459232391455409,-0.000412609456115368,3.1695185188555833e-6,4.91289735380988e-7,-2.916690234425849e-6,0.0001515786078649521,-1.0275534998645953e-8,1.0488582197459442e-6,0.012681921740502668,5.935814325667757,2.766266573702329,0.3862295620694536,0.32012079381997477,0.12481220381894367,25.0,25.0,25.0,25.0,25.0,25.0,24.0,9.546,0.0,0.0,1.0,1781028198864487223
1781028198985795549,0.0009988829921161618,57.2617875781397,103.13195297374187,0.002977889625608698,-0.014459211901484078,-0.0004124837209544223,3.07222587972581e-6,-7.256358573805855e-7,-4.642953758568885e-6,0.00019954147391141463,3.15739182001612e-7,1.4476059876176991e-6,0.012686954187757046,5.935814755208061,2.766267200310505,0.3862299320362683,0.32012072237595346,0.12481217962401168,25.0,25.0,25.0,25.0,25.0,25.0,24.0,9.546,0.0,0.0,1.0,1781028198968257133
1781028199086542048,0.000999185845569949,57.26178745116731,103.13195239941687,0.00300182381894658,-0.014459175289627004,-0.00041228720407609555,2.7203255923292312e-6,-1.6846254389318757e-6,-6.377189086978204e-6,0.00026095381511337455,3.595943885448041e-7,2.370858920653458e-6,0.012693133306360653,5.935815073861559,2.7662679175042233,0.38623037329784904,0.3201207104417649,0.12481214193327383,25.0,25.0,25.0,25.0,25.0,25.0,24.0,9.546,0.0,0.0,1.0,1781028199074526145
1781028199185618747,0.0009994399694606849,57.26178721400082,103.1319516149802,0.0030335062392560868,-0.014459140493918197,-0.0004119661654012845,2.1406714157067743e-6,-2.887891292708134e-6,-8.73159833709793e-6,0.00034945002827875993,2.9956320954175826e-7,3.836199579428696e-6,0.012701366964074107,5.93581544134468,2.7662689123921917,0.3862308757858288,0.3201207127477411,0.1248120650471101,25.0,25.0,25.0,25.0,25.0,25.0,24.0,9.546,0.0,0.0,1.0,1781028199169167105
1781028199286549382,0.000999618628810487,57.2617868243988,103.13195053032928,0.0030765432576658,-0.014459115201845703,-0.0004114550544314896,1.2666092106761174e-6,-4.638704831992387e-6,-0.000012181321470671356,0.0004801810214487106,1.822152845285327e-7,6.034402142169974e-6,0.012712768456326531,5.935815945187563,2.7662703630869574,0.3862314556533268,0.3201207150881016,0.12481192421110092,25.0,25.0,25.0,25.0,25.0,25.0,24.0,9.546,0.0,0.0,1.0,1781028199269234024
1781028199385218860,0.000999679902512062,57.26178604770912,103.13194862388626,0.003151069764541949,-0.014459105150194032,-0.0004104567918833683,-3.597104931060855e-7,-7.955241671545217e-6,-0.00001862377499904064,0.000723359925630464,-2.7215896421377312e-8,0.000010122545307900449,0.01273296276474254,5.935816858105772,2.766273052603304,0.3862323013057521,0.32012070754464156,0.12481162303867405,25.0,25.0,25.0,25.0,25.0,25.0,24.0,9.546,0.0,0.0,1.0,1781028199384597568
1781028199486364982,0.0010468986934616775,57.26163979872803,103.1318559488283,0.003669964121859692,-0.014365314016447831,-0.0005269452497147426,0.0009186500061826878,-0.005930380658647356,-0.0016073020723989615,0.00037215503986245897,-0.00002978703620806491,-0.0017668038516832094,0.004541304587005835,5.95470557278823,2.7677834895876368,0.38234378892801,0.3175045702787261,0.1238136410051208,25.0,25.0,25.0,25.0,25.0,25.0,24.0,9.551,0.0,0.0,1.0,1781028199465747235
1781028199586100885,0.0009986426462884935,57.26182012814095,103.1319673831205,0.0029115760852531456,-0.014472051248632671,-0.000400513775019385,0.00011089674411760194,-0.0010448362759926896,-0.0004944324987226816,0.0005679786020223209,0.0003395408954575318,-0.0003952378265786244,0.01263414724840476,5.936104159164266,2.7664142508475855,0.3861749511478588,0.32005289627508476,0.12479626974783764,25.0,25.0,25.0,25.0,25.0,25.0,24.0,9.546,0.0,0.0,1.0,1781028199566689338
1781028199685364043,0.001003367334535796,57.26178930894268,103.13195483123506,0.002865671137348043,-0.014458695858940983,-0.00041604942614463687,0.000014870993459758662,-0.000021393206400043825,0.000015408091270335604,-0.0008360279535720361,0.00002862555559785477,-0.000041526569122194306,0.012622642263399849,5.9358222962955685,2.7662608427485136,0.38622715709018657,0.3201213044048596,0.12481287859192323,25.0,25.0,25.0,25.0,25.0,25.0,24.0,9.546,0.0,0.0,1.0,1781028199668451802
1781028199786190663,0.0010043588348676302,57.26179063815021,103.13195798044238,0.002769139934635447,-0.014457964535017182,-0.0004182856573124312,8.616381382837819e-6,0.00002166493724169144,0.000033634299317363284,-0.0010101633546013154,-5.784598266417707e-7,-0.000015801692786103495,0.012615792882879649,5.93580888831403,2.766253865591345,0.38623114922855495,0.3201221998053542,0.12481449093000722,25.0,25.0,25.0,25.0,25.0,25.0,24.0,9.546,0.0,0.0,1.0,1781028199767201580
1781028199885786836,0.0010054524840726476,57.26179281901988,103.13196162602851,0.0026470385065373134,-0.014457989964792542,-0.00042027801312557,0.000012547183392569938,0.00002066010375093524,0.00003770384504045633,-0.001363783348174076,7.888266704650569e-7,-0.000023427551619901776,0.012591050981686005,5.935809301635452,2.7662509100490333,0.3862305239639872,0.32012123440038653,0.12481509677404572,25.0,25.0,25.0,25.0,25.0,25.0,24.0,9.546,0.0,0.0,1.0,1781028199868484389
1781028199986183808,0.0010069911772790183,57.2617951933383,103.13196621856414,0.0024740707480881913,-0.014457825688827548,-0.00042327260411760976,0.00001554723483117235,0.000026333293224775603,0.000050374403071026455,-0.00193073629740807,6.945696561611852e-7,-0.000031263882685725105,0.012556181860891191,5.935805270035616,2.766244197577263,0.3862332966203888,0.3201232234260784,0.12481742681911168,25.0,25.0,25.0,25.0,25.0,25.0,24.0,9.546,0.0,0.0,1.0,1781028199972919080
1781028200086183602,0.0010089077278942178,57.261798030127814,103.13197216597676,0.0022405005844948,-0.0144575832359475,-0.0004272860964013819,0.00002135997094724848,0.000030250294065011372,0.00006588349957392931,-0.0026091076189813447,3.899911201089723e-6,-0.000046006546261688295,0.012511751154199767,5.935806269399858,2.766238897335444,0.3862296537084086,0.3201210177677213,0.1248178491941412,25.0,25.0,25.0,25.0,25.0,25.0,24.0,9.546,0.0,0.0,1.0,1781028200073690926
1781028200185465371,0.0010115144564652517,57.26180162388236,103.13198032475825,0.0019139619358176088,-0.014457023241558032,-0.00043306846409672106,0.000028687598306936646,0.00003845046621656887,0.00009085906223551698,-0.0036748652705258,6.77805995505398e-6,-0.0000650894735071932,0.012447596373919368,5.935803697106989,2.766229149906469,0.38622808133719233,0.32012073169363436,0.12481979070615092,25.0,25.0,25.0,25.0,25.0,25.0,24.0,9.546,0.0,0.0,1.0,1781028200170489992
1781028200287533675,0.0010149949110217877,57.26180602324128,103.13199142310316,0.0014572280555123973,-0.01445611508116479,-0.0004411500284198109,0.000038158270495431714,0.000045229587451739465,0.0001219160529767369,-0.005100390898612097,0.000010809756985822735,-0.00009019404881722084,0.012371505492352103,5.935800737387144,2.7662174250147644,0.3862262003961602,0.32012024495393326,0.12482254368651492,25.0,25.0,25.0,25.0,25.0,25.0,24.0,9.546,0.0,0.0,1.0,1781028200271906444
1781028200385363307,0.001019590971603424,57.261810864208485,103.1320060146591,0.000831331831299693,-0.014454665437299029,-0.0004522148538535359,0.00004995975182904968,0.00004630158650393397,0.0001573081161393218,-0.006906069964392904,0.000017226160116430037,-0.0001220021948196244,0.01229783253172624,5.935798227780713,2.7662055492156976,0.38622386694297656,0.32011910323407156,0.1248262183491598,25.0,25.0,25.0,25.0,25.0,25.0,24.0,9.545,0.0,0.0,1.0,1781028200374607876
1781028200487187679,0.0010255012671092536,57.261815272259035,103.1320243700601,-4.380490533200311e-7,-0.014452396368961036,-0.0004668488724298487,0.00006301351875775984,0.000036750563910295974,0.0001934923768868799,-0.00901416155179145,0.00002635198771667864,-0.00015758636780648026,0.012263552807746877,5.935797189778325,2.766198030920059,0.386221575958592,0.32011672931910073,0.1248309788214971,25.0,25.0,25.0,25.0,25.0,25.0,24.0,9.545,0.0,0.0,1.0,1781028200475220959
1781028200585311277,0.001016719195450109,57.26186633316222,103.13207914207288,-0.0011796796021246822,-0.01449097997204459,-0.0004429130299977618,-0.0018332464651926504,0.006555937544257079,0.004042177975751312,-0.025471854573400732,-0.004322837711840098,0.004581169191034896,0.015843233465120038,5.931831792263722,2.7708026042618896,0.38772935124304353,0.3196954512320544,0.12521895952673448,25.0,25.0,25.0,25.0,25.0,25.0,24.0,9.551,0.0,0.0,1.0,1781028200572385731
1781028200685529123,0.0010131837037277351,57.26183073883466,103.13207211617292,-0.001044548383899198,-0.014462121918470612,-0.00045787459172965935,0.00022020805648027768,-0.0006680068578427641,-0.0002027300229774726,0.002907835395114214,0.0005545153256362746,-0.0005434062571965952,0.01296784365785307,5.935996186774526,2.7663378664358502,0.38608712311293153,0.32006848849484787,0.12479032014524992,25.0,25.0,25.0,25.0,25.0,25.0,24.0,9.546,0.0,0.0,1.0,1781028200676323907
1781028200785427727,0.000987333605377931,57.26201599322992,103.13217299676832,-0.0015492903330522763,-0.014538391714817116,-0.0003753957129304319,0.0008913026365082122,-0.0067032974461466045,-0.0044016479319161994,0.018687060629260933,0.003610327550276299,-0.0033554332978560676,0.012614571931960451,5.934203409497228,2.7655000375139345,0.3868527529534259,0.3204775558523287,0.1250262696566301,25.0,25.0,25.0,25.0,25.0,25.0,24.0,9.545,0.0,0.0,1.0,1781028200772551217
1781028200886528941,0.00104531184760342,57.26183364592734,103.13206890380388,-0.001033750898048647,-0.01442843425867799,-0.0005116441957609048,0.00035827199545335474,0.0013425893537987632,-0.0004080312994406421,-0.003231454801376049,0.0017612615908270384,-0.0010880601958968457,0.07805739844752876,5.924393681282253,2.7677794106626545,0.39091769963833795,0.3212895436274035,0.1268876614830815,25.0,25.0,25.0,25.0,25.0,25.0,24.0,9.609,0.0,0.0,1.0,1781028200878095066
1781028200985430536,0.0010644055242120577,57.26174139203142,103.13202156978817,-0.0006408415355166177,-0.01438737555832819,-0.0005625033571525446,-0.0006907187484732454,0.006536372064852849,0.0028855630103686155,-0.012850426177113438,-0.0011850482133777705,0.0023168445090192475,0.017673094183203838,5.928212812581045,2.763007318860765,0.38706613207722135,0.3216358966504641,0.1250206470104448,25.0,25.0,25.0,25.0,25.0,25.0,24.0,9.543,0.0,0.0,1.0,1781028200973479285
1781028201086537458,0.0010057589959175117,57.261889489337456,103.13210730143244,-0.0012254798005698678,-0.01448886722896526,-0.0004307317987313912,0.00041802088100355793,-0.002409040593753883,-0.00124362558148397,0.007266281622910948,0.0011572080017626656,-0.0012202735631269823,0.013108048617120196,5.936477610816199,2.766602840342008,0.3859820923673411,0.3199371879087763,0.1247554952345684,25.0,25.0,25.0,25.0,25.0,25.0,24.0,9.547,0.0,0.0,1.0,1781028201078882105
1781028201185657040,0.000989282596967971,57.26201596971613,103.13217336601458,-0.0015468552543234676,-0.014538228505569935,-0.0003763271838808641,0.0009312473361796228,-0.006945237325193539,-0.004532582878316313,0.019174336815184163,0.003700301947547179,-0.0034687273067891995,0.012566606653258618,5.934343229949809,2.7655337081211004,0.3868193979572549,0.32046300371759007,0.12501704973529632,25.0,25.0,25.0,25.0,25.0,25.0,24.0,9.545,0.0,0.0,1.0,1781028201173972736
1781028201285649014,0.0010310101010287567,57.26188846676891,103.13210531727158,-0.001207180884663769,-0.014470607498821314,-0.0004689029609127964,-0.002046230240290275,0.007386143413838784,0.0043691893621937965,-0.02345119945794475,-0.004719346354288541,0.005250252983123954,0.015846906400421606,5.9323473168964025,2.769661660163163,0.3874029910598286,0.31965071752208335,0.12511269200980746,25.0,25.0,25.0,25.0,25.0,25.0,24.0,9.55,0.0,0.0,1.0,1781028201280581461
1781028201386045987,0.0010634338430983278,57.261771021485224,103.13203458339632,-0.0007089636610903278,-0.014392253401721004,-0.0005536530364646586,-0.00036886954768018297,0.0028982504596191156,0.0013307864107317692,-0.009156844332793347,-0.0007296160547019961,0.0011340104634321494,0.012245557754111172,5.933393917022566,2.764677192629922,0.3864133223515406,0.32097135083009926,0.1248955085447752,25.0,25.0,25.0,25.0,25.0,25.0,24.0,9.543,0.0,0.0,1.0,1781028201376330384
1781028201486175556,0.001011212419377753,57.26187156843562,103.1320979741603,-0.001165358545268222,-0.014478968058444964,-0.00044173869799685254,0.0003402093027581235,-0.0018069328978258896,-0.0009015053572177744,0.005718434005847133,0.000928563729678899,-0.0009644966534217438,0.013063303233868968,5.9362815645182145,2.766491632003277,0.38602689646174737,0.3199948860837872,0.12477018896166898,25.0,25.0,25.0,25.0,25.0,25.0,24.0,9.547,0.0,0.0,1.0,1781028201482271519
1781028201585312821,0.0009904215030648077,57.262019683323665,103.13217484585772,-0.001560073812087489,-0.014539791509642809,-0.000375285908076815,0.000913819450258582,-0.006757632225417334,-0.0044475193433382975,0.019018794321515067,0.003665040853059503,-0.0034105665793516247,0.012619738336337212,5.934219986186144,2.765508246362698,0.38685195156726543,0.32047374528304334,0.1250260980399023,25.0,25.0,25.0,25.0,25.0,25.0,24.0,9.545,0.0,0.0,1.0,1781028201582151795
1781028201685464377,0.0010481262931621815,57.26182936205767,103.13207108555616,-0.001018744710305871,-0.014434511987771823,-0.0005097219604615651,-0.002288059152423807,0.006320417107762156,0.004849602975072031,-0.026944105750379622,-0.006569986610351581,0.006324364868824616,0.1060978330050061,5.9429301197109305,2.769076177843927,0.3833100666216115,0.31859629096342906,0.12326034530974976,25.0,25.0,25.0,25.0,25.0,25.0,24.0,9.643,0.0,0.0,1.0,1781028201683140925
1781028201785691694,0.001087296957385222,57.26164453816254,103.1319593534062,-0.00034465224743231854,-0.01433218484015875,-0.0006263593428133566,0.007904453263218668,-0.02524153541459239,-0.013887597442139896,0.08054656032034406,0.013890787911868112,-0.018639897867513706,0.005094030068659486,5.952991433343504,2.768164318036679,0.3850092022106111,0.3148254406342056,0.12450708945721024,25.0,25.0,25.0,25.0,25.0,25.0,24.0,9.551,0.0,0.0,1.0,1781028201782531466
1781028201885421383,0.0009941575330073423,57.262041329076645,103.1321899254028,-0.001602508325936003,-0.014547804929700175,-0.00037327367338546705,-0.0013554174624580864,0.003896798782778622,0.002146237914714207,-0.010240654639945257,-0.002087590928995412,0.003001853101523104,0.012851257907482636,5.934010865797548,2.7656202954815527,0.38689802104859466,0.32041618564160373,0.1250388385898537,25.0,25.0,25.0,25.0,25.0,25.0,24.0,9.545,0.0,0.0,1.0,1781028201866330127
1781028201986200819,0.001024107263992254,57.26192564687693,103.13212572941067,-0.0013116892702533076,-0.014490387420712002,-0.00044587223994334746,-0.0018670185384125643,0.007369634324691688,0.004082206082034747,-0.020244735946620965,-0.003920415241583156,0.004671912081728794,0.01313121260552449,5.932499567613107,2.766238991291406,0.38748834329650816,0.3207719559395566,0.12522262433715986,25.0,25.0,25.0,25.0,25.0,25.0,24.0,9.545,0.0,0.0,1.0,1781028201980394257
1781028202085535314,0.0010803175932014317,57.26167427423205,103.1319868857279,-0.0004730256524697713,-0.014363330304001031,-0.0005983608258485064,-0.0016688200112245117,0.005572294215460775,0.0057548090339877645,-0.025057218337911743,-0.006601702392992403,0.005952131755199569,0.010351334079450538,5.949340706378902,2.769028144294124,0.3830584073069775,0.31756223672603456,0.1239624331595574,25.0,25.0,25.0,25.0,25.0,25.0,24.0,9.553,0.0,0.0,1.0,1781028202066353025
1781028202186271133,0.001015296209962524,57.261868346683514,103.13209588705716,-0.001149858172886409,-0.014476041420081274,-0.0004455205862554848,0.0003254965560318915,-0.0016495876079254549,-0.0008171288341713758,0.005377863342458291,0.0008772566371152465,-0.000910303954696376,0.013059287076503482,5.936235661011531,2.766466148525761,0.38603919769478623,0.32000708983942405,0.12477419822813884,25.0,25.0,25.0,25.0,25.0,25.0,24.0,9.547,0.0,0.0,1.0,1781028202181119010
1781028202285815697,0.0010079652857070424,57.26200214054622,103.1321684113034,-0.001491287127382048,-0.01452702111204642,-0.0004015958080034428,-0.0014559847382367244,0.006061172706483749,0.00339770649031034,-0.014230713912451556,-0.0028986052202358524,0.003643386523547402,0.012880163183692688,5.933671749813269,2.765650804157187,0.3870523201122328,0.320516117639564,0.1250880388467776,25.0,25.0,25.0,25.0,25.0,25.0,24.0,9.545,0.0,0.0,1.0,1781028202261822443
1781028202386003947,0.0010336904751468954,57.261896231805906,103.13210922109316,-0.0012283528384745377,-0.014474307206656815,-0.00046568061222638455,-0.0020473074485518224,0.00775222039536146,0.004315649742412112,-0.02304164311618074,-0.004401004494404644,0.005141770084374455,0.013961476705416434,5.9317477027089405,2.767406634262527,0.3877870669284124,0.3207113240585781,0.12530203716589178,25.0,25.0,25.0,25.0,25.0,25.0,24.0,9.547,0.0,0.0,1.0,1781028202382066889
1781028202486098287,0.0010573531139994655,57.261752734357465,103.1320186878008,-0.0006854835344757478,-0.01439064013641934,-0.0005492669003286008,0.009385878855652268,-0.026039344350427564,-0.01766857752734649,0.1050746416195942,0.019409913489424654,-0.02366383053339528,0.08137440568851667,5.932986558792698,2.762079095570479,0.3855722511196012,0.32492427602493207,0.12558339792763692,25.0,25.0,25.0,25.0,25.0,25.0,24.0,9.613,0.0,0.0,1.0,1781028202463548513
1781028202585280051,0.0010143921856385417,57.261883455341646,103.13210337693152,-0.001195940708434751,-0.01448339143811511,-0.00043844274386641263,0.0003857349875756868,-0.002101186167520449,-0.0010795142685676728,0.006557421905711678,0.0010561639223676494,-0.00110646042538975,0.013088171274312244,5.936375995587742,2.7665428153173006,0.386010064028094,0.3199690811721482,0.12476485662915456,25.0,25.0,25.0,25.0,25.0,25.0,24.0,9.547,0.0,0.0,1.0,1781028202582563368
1781028202685795969,0.0010226008644549783,57.26195058555021,103.13213934894203,-0.001365489296729402,-0.014501194521081073,-0.0004342108615224403,-0.0017533431591411478,0.0069807765788234,0.003872471185805773,-0.018504341204031587,-0.003627809545731801,0.004376100667890798,0.013156376460145124,5.932821466565553,2.7660522836976207,0.3873600200996206,0.3206943048061359,0.12518198883382495,25.0,25.0,25.0,25.0,25.0,25.0,24.0,9.545,0.0,0.0,1.0,1781028202663384183
1781028202786044199,0.0010715718940666483,57.261770781710744,103.13203396048834,-0.0006836470577896196,-0.01438797514672104,-0.0005601792347902306,-0.0004017034756022949,0.0030498796576163448,0.001412800845602432,-0.009655924238490928,-0.0008168066374172842,0.001225296883470182,0.012258055321179444,5.9333420647278965,2.76464860517351,0.386430839421284,0.3209840620749915,0.12490076676930666,25.0,25.0,25.0,25.0,25.0,25.0,24.0,9.543,0.0,0.0,1.0,1781028202775506423
1781028202887583494,0.001017673602261638,57.26187452035804,103.13209867013134,-0.001163682486538778,-0.014477950041832109,-0.00044457361572016737,0.0003407449568602399,-0.0017921808594934564,-0.0009024933071235516,0.005714128493296812,0.0009287425460912276,-0.0009643023948697004,0.013069950348930728,5.936280167505791,2.766489469899189,0.38603396512802457,0.3199956620142972,0.1247725852438118,25.0,25.0,25.0,25.0,25.0,25.0,24.0,9.547,0.0,0.0,1.0,1781028202871127372
1781028202985427400,0.0009975460192794233,57.262018936072,103.1321742464072,-0.0015436665796627483,-0.014536938064075324,-0.000379903783135427,0.0009376556111573062,-0.006912133918196766,-0.004528640895728103,0.019151171580769764,0.003708017645751701,-0.003480339096937619,0.012591407318329568,5.934315535672845,2.765529464392577,0.38684098080022133,0.3204642660367502,0.12502373577830075,25.0,25.0,25.0,25.0,25.0,25.0,24.0,9.545,0.0,0.0,1.0,1781028202975554294
1781028203085834708,0.001058003673884681,57.26183484186022,103.13206900756194,-0.0009954074405388775,-0.014422979096166914,-0.0005209253369381375,0.00035639658840084815,0.0014334943542251223,-0.00037002141652662114,-0.00341244334339934,0.00175630522829609,-0.0010696443921821325,0.07818905662984926,5.9243625663316895,2.767745681610099,0.3909955456582317,0.3213280618327046,0.1269167122886197,25.0,25.0,25.0,25.0,25.0,25.0,24.0,9.61,0.0,0.0,1.0,1781028203082823478
1781028203185372026,0.0010874201470148222,57.26167093745631,103.13198471315648,-0.00044412303286598727,-0.014358288039182258,-0.0006052970077424156,-0.0017136324324824885,0.005803549422713093,0.0058875055683322896,-0.0257841863255038,-0.006728623499948679,0.006086037684532616,0.010318293642739384,5.949320646167096,2.7690128619666825,0.3830725143758637,0.3175669773737536,0.123967671300985,25.0,25.0,25.0,25.0,25.0,25.0,24.0,9.553,0.0,0.0,1.0,1781028203175688208
1781028203286117920,0.0010123385134545007,57.2619155845816,103.13211950386584,-0.0012872328457029466,-0.01449739075163576,-0.0004244694775874892,0.00048771149026860766,-0.0031599672264608692,-0.001659872873672905,0.008863845330103528,0.0013730621025695978,-0.0014804665512221655,0.013255272645632444,5.936843966550886,2.766819231585931,0.3859263270777017,0.31980097697600424,0.12473584047257567,25.0,25.0,25.0,25.0,25.0,25.0,24.0,9.547,0.0,0.0,1.0,1781028203282078085
1781028203385306430,0.0010193498417914702,57.26197904485324,103.13215483953358,-0.0014347307662757286,-0.01451384663509363,-0.0004194330515927829,-0.0016120014622282809,0.006525221173816629,0.0036299128287536606,-0.01623663310327262,-0.003265182049885334,0.004017153349800443,0.012956117759400382,5.9333281589627545,2.765747558842808,0.38718218923688974,0.32060414464813325,0.1251285007652944,25.0,25.0,25.0,25.0,25.0,25.0,24.0,9.545,0.0,0.0,1.0,1781028203377576040
1781028203485611423,0.001075633517446651,57.26177135489961,103.13203402914388,-0.0006804771693171957,-0.01438599054485383,-0.0005633945265780674,-0.0004155617277123976,0.003102074629923055,0.0014479927739775834,-0.010082530381243314,-0.0008542567877747535,0.0012614740996232912,0.012256758842555884,5.933315206086037,2.7646333148047013,0.3864443959542788,0.3209940382647024,0.12490537363873538,25.0,25.0,25.0,25.0,25.0,25.0,24.0,9.543,0.0,0.0,1.0,1781028203484039508
1781028203585723767,0.001020375478365375,57.26187863260885,103.13210018785806,-0.001170987627918966,-0.01447864170187062,-0.00044452496537982135,0.00035515513259303937,-0.0018532944197626384,-0.000945729308987621,0.00596775837756314,0.0009652217710181996,-0.0010049429472964175,0.013077603922459774,5.936299534189109,2.766499299696999,0.38603088963880994,0.3199905212842515,0.1247716470394864,25.0,25.0,25.0,25.0,25.0,25.0,24.0,9.547,0.0,0.0,1.0,1781028203577985722
1781028203685392768,0.00100297321369253,57.26204266233239,103.13219039151134,-0.0015848460846790875,-0.014545258388313009,-0.000377957326089289,-0.0014248563266563764,0.003615704857794517,0.001980614900543436,-0.010788290158267749,-0.0021009922136935445,0.003065827922436382,0.012847340453339568,5.933987024970994,2.765608044549492,0.3869202170598875,0.32042378884600536,0.12504627368777577,25.0,25.0,25.0,25.0,25.0,25.0,24.0,9.545,0.0,0.0,1.0,1781028203682451775
1781028203785489246,0.0010699291524047868,57.26180371266885,103.13205081443336,-0.0008698949398586445,-0.014401866483510096,-0.0005452107993146801,-0.00037914534874579353,0.0013373611403466863,0.00071927985572962,-0.011058426916680991,-0.0008422299234060485,0.0009373726630136168,0.012551845624091411,5.935179765651384,2.765906480882962,0.3862892023093747,0.3202204371704496,0.12484993169691344,25.0,25.0,25.0,25.0,25.0,25.0,24.0,9.545,0.0,0.0,1.0,1781028203780645636
1781028203886280503,0.001020181284280973,57.26188726514355,103.13210403297929,-0.0011959601508140525,-0.014482428020953036,-0.0004408782148630551,0.0003874715323039348,-0.0020947819097190553,-0.0010883275771102216,0.006648009325893623,0.0010647163058273184,-0.001111189487299289,0.013094156334426616,5.936378277231649,2.766542090580999,0.3860137045646815,0.3199684478000949,0.12476609807983256,25.0,25.0,25.0,25.0,25.0,25.0,24.0,9.547,0.0,0.0,1.0,1781028203861855144
1781028203985557456,0.001006069900582353,57.26199001627687,103.13215784294025,-0.0014675067675985838,-0.014523946292038927,-0.0003952988645177038,0.0009551809898197404,-0.007543851915461994,-0.004198350721659841,0.01806283900540734,0.0029498028553929644,-0.003248735293081826,0.009972117046697154,5.938612846220343,2.766514778519201,0.38562444621666114,0.3200141952800319,0.12469021880727982,25.0,25.0,25.0,25.0,25.0,25.0,24.0,9.545,0.0,0.0,1.0,1781028203980638510
1781028204085593098,0.0010767200957676473,57.261783041139864,103.132039796,-0.0007211556889546874,-0.014389483386450295,-0.0005597146494385015,-0.000426305099876156,0.0024436688738743327,0.0012204691591629743,-0.010489327126490484,-0.0009406821311834026,0.0012043646313140604,0.01237217115652391,5.934332342271827,2.7653209015012328,0.3863430179134972,0.32056270259522307,0.124869260744778,25.0,25.0,25.0,25.0,25.0,25.0,24.0,9.544,0.0,0.0,1.0,1781028204060878327
1781028204185868559,0.0010681917780040085,57.26174676482751,103.13201497247285,-0.0006401010473979214,-0.014382445247388902,-0.0005601223193513459,0.009463999413256806,-0.025405203640749437,-0.01734236211244935,0.1050891943903386,0.01933519888803443,-0.023694966965147155,0.08152023426993545,5.9329175739822295,2.7620230310082023,0.3855919127006337,0.3249918458039508,0.1255962714123095,25.0,25.0,25.0,25.0,25.0,25.0,24.0,9.613,0.0,0.0,1.0,1781028204181058976
1781028204286592044,0.0010056477799351277,57.262043574386595,103.13219064681864,-0.0015836156909472415,-0.014544766349108154,-0.0003791801113377981,-0.0014308622400638837,0.003632014003365333,0.001988466242837867,-0.01087119921246441,-0.0021140265931055596,0.0030798591915241523,0.012850942685879246,5.933986276937998,2.7656078073245807,0.38692499753530313,0.3204238867156154,0.12504782548084248,25.0,25.0,25.0,25.0,25.0,25.0,24.0,9.545,0.0,0.0,1.0,1781028204261220438
1781028204385768113,0.001046500798632266,57.26189381025708,103.13210707543706,-0.001195796781521273,-0.01446676307098433,-0.0004773161449246357,-0.0021200838144081317,0.007369107026432536,0.004341358564640559,-0.02404641681945898,-0.004810187746044101,0.005376561574288418,0.01585159051729313,5.93228993024386,2.7696363387928487,0.3874414764040894,0.3196693849451496,0.1251253234146851,25.0,25.0,25.0,25.0,25.0,25.0,24.0,9.55,0.0,0.0,1.0,1781028204381931591
1781028204485541109,0.0010280936193776632,57.261862497003285,103.13209141515428,-0.0011087774690539051,-0.014467947970559149,-0.00045661184641845783,0.0002742611369926646,-0.001278342604798844,-0.0006166323047934639,0.004404824554453071,0.0007270750258677879,-0.0007479386321769592,0.01305481210823072,5.936132484377733,2.7664095066534444,0.3860750394678962,0.3200333116911499,0.1247857950657029,25.0,25.0,25.0,25.0,25.0,25.0,24.0,9.546,0.0,0.0,1.0,1781028204462233467
1781028204586216943,0.0010182558121043996,57.26191922220156,103.1321204831128,-0.0012877347232770765,-0.01449651266381444,-0.0004269294780700724,0.0004891226740340483,-0.00316309942173571,-0.0016721636317185225,0.008933276771726631,0.001378350653243232,-0.001484886952197226,0.013265389112622915,5.936849967300103,2.7668210547549084,0.3859302699798231,0.31979855471807334,0.12473712185373448,25.0,25.0,25.0,25.0,25.0,25.0,24.0,9.547,0.0,0.0,1.0,1781028204582459935
1781028204685632521,0.001076768884484341,57.26179848309367,103.13204763430868,-0.0007987083549267598,-0.014395089790555971,-0.0005536957235666497,-0.0004281096090063426,0.0017029223613655197,0.000901383766673532,-0.011228265695539433,-0.0009614493391162656,0.001095569783707456,0.012555395679198923,5.935003945872783,2.765803946379692,0.3863076076949708,0.3202708737923064,0.12485491821372052,25.0,25.0,25.0,25.0,25.0,25.0,24.0,9.545,0.0,0.0,1.0,1781028204663310856
1781028204785853739,0.0010969938239666537,57.261670081063336,103.13198379771048,-0.0004147021205660489,-0.01435290072750848,-0.00061346137424454,-0.001764833057620825,0.006018736251264505,0.006007921513257235,-0.02653802206345281,-0.006866182506146991,0.006232402136299749,0.010297021004550246,5.949304896952281,2.7690095696136003,0.38308818356876895,0.3175626917940087,0.12397303302327908,25.0,25.0,25.0,25.0,25.0,25.0,24.0,9.553,0.0,0.0,1.0,1781028204783770528
1781028204885815340,0.0010060176153899054,57.262023462277654,103.13217576957256,-0.0015444566528224491,-0.014535838811444232,-0.0003832938645418557,0.0009456184024624136,-0.006869570688557452,-0.00453320766240841,0.01924480201367029,0.003730548580781583,-0.00349845360415642,0.012650275115508,5.934233269629265,2.765513116346067,0.38687598199260975,0.32047011170482753,0.1250339160812085,25.0,25.0,25.0,25.0,25.0,25.0,24.0,9.545,0.0,0.0,1.0,1781028204865453296
1781028204985410997,0.001078276266839138,57.26179916638889,103.13204791890163,-0.0007990502490324262,-0.014394832603729158,-0.0005544450914467835,-0.0004273410704340939,0.0017052756487433397,0.0009029838170051686,-0.011279247915959674,-0.000960854987067404,0.0010947394293108386,0.012559064454439666,5.9350033051158375,2.765803225704847,0.38630800903757245,0.3202707693235552,0.12485501013533055,25.0,25.0,25.0,25.0,25.0,25.0,24.0,9.545,0.0,0.0,1.0,1781028204967220189
1781028205086214092,0.0010308205484645212,57.26186378012213,103.13209189247576,-0.0011083762978587805,-0.014467583737462429,-0.0004577802300758717,0.00027439879018794977,-0.0012760909510988062,-0.0006187218318001323,0.004395678608726443,0.0007262519279292783,-0.0007478255633927906,0.013058611289313302,5.936132310593193,2.766409032498066,0.3860784017635319,0.32003354822523794,0.12478691849770016,25.0,25.0,25.0,25.0,25.0,25.0,24.0,9.546,0.0,0.0,1.0,1781028205072216274
1781028205186248733,0.0010034559670742658,57.26205231736095,103.1321947799371,-0.0016225718293793928,-0.014551096344675768,-0.00036936038608703566,-0.0015011526185355626,0.0016357358863448848,0.0008600180336123405,-0.009100549996327078,-0.0016635309635365922,0.002778643536606891,0.012611852883931612,5.934058359291836,2.765508350374986,0.3869059931704179,0.3204722317575146,0.12504377432613495,25.0,25.0,25.0,25.0,25.0,25.0,24.0,9.545,0.0,0.0,1.0,1781028205169359847
1781028205285540989,0.0010815583918342632,57.261792852144815,103.13204450266988,-0.0007512550299968609,-0.014390597476803046,-0.0005597203550499472,-0.0004432701065958755,0.0020647462953767817,0.001071734442075701,-0.011137578802258456,-0.0009991997518453797,0.001184580812426378,0.012517867790203674,5.934762006060837,2.7656399112812817,0.3863210048500916,0.3203630135490402,0.12485944874745492,25.0,25.0,25.0,25.0,25.0,25.0,24.0,9.544,0.0,0.0,1.0,1781028205274948408
1781028205386088855,0.0010310494388606362,57.26186979957624,103.1320945346408,-0.0011262787767474735,-0.014470374602661484,-0.0004552672492772183,0.0003000177935906221,-0.0014340648792292678,-0.0007144287953142382,0.004884920590111477,0.0008016216106130157,-0.0008263896975680465,0.013065722890041268,5.936179604019744,2.766432982311334,0.3860673703429388,0.32002204588492994,0.12478347093450422,25.0,25.0,25.0,25.0,25.0,25.0,24.0,9.547,0.0,0.0,1.0,1781028205370726148
1781028205485448989,0.0010111203140141648,57.26204678326555,103.13219152321882,-0.0015885202162821692,-0.014543969767498327,-0.0003815708555228631,-0.0014327103061781436,0.003751187904360964,0.002045452996107528,-0.010818250126970037,-0.002141986631877856,0.003105938216879839,0.012866869684557743,5.93398693726165,2.765608210509438,0.3869291390421305,0.3204214898840051,0.12504892590183508,25.0,25.0,25.0,25.0,25.0,25.0,24.0,9.545,0.0,0.0,1.0,1781028205476346809
1781028205585877317,0.0010872028150555517,57.26177382674409,103.1320346760683,-0.0006587915942096768,-0.014380938000291414,-0.0005718108923725786,-0.0004509751641766686,0.003241466070350414,0.001527799110132033,-0.010813277109736553,-0.0009494633968220026,0.001357294665254469,0.012272526355936978,5.9332575161106975,2.764600529596252,0.38646924768235424,0.32101060458930986,0.12491317253881729,25.0,25.0,25.0,25.0,25.0,25.0,24.0,9.543,0.0,0.0,1.0,1781028205576100467
1781028205685615304,0.0010297878297008335,57.26188415309089,103.1321013859283,-0.0011700445559570554,-0.014477170585091388,-0.0004485098464223543,0.0003574031277575309,-0.001842165552270378,-0.0009560506708244414,0.006040041216284945,0.000973215478761704,-0.001009981848845985,0.013088037245512597,5.936301444021334,2.766497830966513,0.3860391502665742,0.3199903371174602,0.12477444921660144,25.0,25.0,25.0,25.0,25.0,25.0,24.0,9.547,0.0,0.0,1.0,1781028205675766924
1781028205785942781,0.0010375785386630525,57.26195551230984,103.1321410048011,-0.0013497808160674069,-0.014497253136983345,-0.00044228426005480433,-0.001819299820335755,0.006950437959941473,0.003853120237759964,-0.019223267849487177,-0.0037217964434654023,0.004496732301478051,0.013179019738388843,5.932807262638525,2.7660472574041517,0.3873917619581927,0.3206990829151697,0.1251922236837298,25.0,25.0,25.0,25.0,25.0,25.0,24.0,9.545,0.0,0.0,1.0,1781028205773015832
1781028205886167052,0.0010954668768776144,57.26171408357843,103.13200811803796,-0.0005121211806578371,-0.014368444075461149,-0.0005943266626533506,-0.0018068980979879697,0.010418670810733388,0.0058425211578872534,-0.02645991962847496,-0.004372367978337501,0.005675016355897678,0.0241508842681421,5.929565671940838,2.7654140504413043,0.3868097241800835,0.3194674854490783,0.1248320938841746,25.0,25.0,25.0,25.0,25.0,25.0,24.0,9.55,0.0,0.0,1.0,1781028205876888273
1781028205985574964,0.0010292396593983607,57.26189537055745,103.1321079032165,-0.0012036470561284662,-0.014482854748978282,-0.00044332111165109407,0.0003955899998405524,-0.002232100654668552,-0.0011741653205768932,0.006811601069549088,0.001094931585949048,-0.0011501919704484651,0.01312205286895738,5.936425467609639,2.7665689231877595,0.3860185496836853,0.31995408801115005,0.1247676861053699,25.0,25.0,25.0,25.0,25.0,25.0,24.0,9.547,0.0,0.0,1.0,1781028205978395784
1781028206085626162,0.0010242454747902603,57.262012583091135,103.13217294895048,-0.0014851021941271257,-0.014525362511922872,-0.0004070796851250048,-0.001495506386053688,0.005987433505061192,0.0033583854169637792,-0.014571591439105996,-0.002918418058687483,0.0036997040570831753,0.012874545016974137,5.933776824789166,2.765616622229345,0.3870480773824835,0.3204813850823112,0.12508697194184207,25.0,25.0,25.0,25.0,25.0,25.0,24.0,9.545,0.0,0.0,1.0,1781028206082958983
1781028206185616483,0.001089640154557614,57.26177656328994,103.13203607446296,-0.0006657186906798376,-0.014381959854307434,-0.0005717861352419705,-0.0004320796066019888,0.003198112077251855,0.0014997260935689398,-0.01063579899611562,-0.0009068362372000028,0.0013163238749431974,0.012284962414518702,5.933278357947114,2.7646098596689415,0.386459325376964,0.3210031146541749,0.12490972308758289,25.0,25.0,25.0,25.0,25.0,25.0,24.0,9.543,0.0,0.0,1.0,1781028206177709768
1781028206285577115,0.0010270909720970236,57.261915996173414,103.13211840853536,-0.0012634104015854406,-0.014492188930377311,-0.0004338093292509175,0.0004613008407007468,-0.0029385731637561825,-0.0015593053619547073,0.0083113893691817,0.001302211908905438,-0.0013952919879147909,0.01323557880100583,5.936737523674755,2.766753856787211,0.3859623362716922,0.3198410800646767,0.12474815432664466,25.0,25.0,25.0,25.0,25.0,25.0,24.0,9.547,0.0,0.0,1.0,1781028206262823958
1781028206385519139,0.0010210943358545245,57.26203276915584,103.13218343654376,-0.0015424058696265849,-0.014534561549458725,-0.0003961456182048476,-0.001397925925666095,0.005600648214210715,0.003122518892371521,-0.012807179838057589,-0.0026499911625271267,0.0034407283894809606,0.012892069063108634,5.933872978305437,2.765618925557695,0.3869956045324114,0.32045522773583013,0.1250700331093627,25.0,25.0,25.0,25.0,25.0,25.0,24.0,9.545,0.0,0.0,1.0,1781028206385353214
1781028206485846555,0.0010413379706060042,57.2618488374357,103.132083951177,-0.0010387828906982248,-0.014455071984710768,-0.00047210525976664814,0.0001750447324559699,-0.0006988247528418437,-0.000283915271236087,0.002583369690513168,0.0004404188167807028,-0.00045231736633035894,0.013048172803039196,5.935966748999132,2.7663256759324764,0.3861310425138519,0.32007233801724067,0.12480357550455068,25.0,25.0,25.0,25.0,25.0,25.0,24.0,9.546,0.0,0.0,1.0,1781028206466492720
1781028206585686752,0.0010289913678880164,57.26191188251639,103.13211561522058,-0.001252103093694211,-0.014489949506765031,-0.0004363314588020742,0.00045675496400119194,-0.0027210210526325824,-0.0014530610634318772,0.008093968839697674,0.001273274532499971,-0.0013529941547641418,0.01319006783378803,5.936618995483012,2.766681739056283,0.3859810041514731,0.3198882162100837,0.12475491161103978,25.0,25.0,25.0,25.0,25.0,25.0,24.0,9.547,0.0,0.0,1.0,1781028206581780139
1781028206685539508,0.0010889002168861727,57.261795597836915,103.13204558836628,-0.0007460408651074925,-0.014387952867209538,-0.0005646192517674901,-0.0004594929784430133,0.0021165792053737323,0.001105824302005783,-0.01160115481125264,-0.001044956531026045,0.0012279243034708464,0.012529762622926592,5.934745161598701,2.765632190875531,0.3863341908191237,0.3203661668226424,0.12486361274776664,25.0,25.0,25.0,25.0,25.0,25.0,24.0,9.544,0.0,0.0,1.0,1781028206662976263
1781028206785407068,0.0010390608404985866,57.26186502571347,103.13209208386458,-0.0010972878159023964,-0.014464946063755329,-0.00046276406698666833,0.0002582908046997104,-0.001199839194731756,-0.0005827085220423351,0.004110033112016794,0.000683639135591226,-0.0007032635815029855,0.013066661264554203,5.936111060233298,2.7663973492925145,0.3860938276393672,0.32003895692907247,0.12479194075159916,25.0,25.0,25.0,25.0,25.0,25.0,24.0,9.546,0.0,0.0,1.0,1781028206766984725
1781028206886135270,0.0010173997780405272,57.262012299892,103.13216901971713,-0.001497434796481825,-0.014527663461712036,-0.000394740875165226,0.000937978352779002,-0.0070768491706916245,-0.004366042739971783,0.01844571037434735,0.003373380607677406,-0.0033623492453060387,0.011520401504353678,5.936035502484304,2.7659012581452016,0.38637506057031046,0.32029177721060886,0.1248978667627242,25.0,25.0,25.0,25.0,25.0,25.0,24.0,9.545,0.0,0.0,1.0,1781028206864526657
1781028206986063133,0.0010682318247555206,57.26186828224736,103.13209089529286,-0.0010832821443809305,-0.01444321885935706,-0.0005070397703408081,-0.002302420330949492,0.006099587760377812,0.004507141632546202,-0.02531551051592972,-0.006186114024273502,0.006103947584498361,0.10347967436687744,5.943676829376198,2.765933099787647,0.3831408788074588,0.31955208621426867,0.12329161944435156,25.0,25.0,25.0,25.0,25.0,25.0,24.0,9.639,0.0,0.0,1.0,1781028206983579669
1781028207086542326,0.001038537695603794,57.261874060278735,103.13209520023445,-0.0011245866561928437,-0.014469112038427816,-0.00045850872680332433,0.00030156379858266427,-0.0014164813909082795,-0.0007177044883691313,0.0049333396324264785,0.0008080071016027363,-0.0008290630395216665,0.01307209790016316,5.936179900897206,2.7664308000427313,0.3860739661903267,0.3200223408829238,0.1247857388019045,25.0,25.0,25.0,25.0,25.0,25.0,24.0,9.547,0.0,0.0,1.0,1781028207063307306
1781028207185600165,0.001012355537348021,57.262056785438205,103.1321962367166,-0.0016230214961326349,-0.014549778667992638,-0.000373152862685989,-0.0015200046619745177,0.0017438066851399843,0.0009112652843358514,-0.009316935559069903,-0.001713238613148012,0.0028336857690333225,0.012644692969131082,5.934061287209693,2.7655176145612264,0.3869175352533808,0.3204651503181017,0.12504729249182567,25.0,25.0,25.0,25.0,25.0,25.0,24.0,9.545,0.0,0.0,1.0,1781028207183922692
1781028207286464758,0.0010461165046097543,57.26184577287112,103.1320827195954,-0.0010203891538627904,-0.014451500110319036,-0.0004768180913764405,0.00014569256601981977,-0.0005565115054611149,-0.0002011900974315938,0.002051883825003049,0.0003547953210676363,-0.0003684827274059712,0.013051967546354857,5.9359240663007515,2.7663053412764516,0.3861489211164909,0.32008195445312,0.124809216352828,25.0,25.0,25.0,25.0,25.0,25.0,24.0,9.546,0.0,0.0,1.0,1781028207264748071
1781028207386101999,0.0010342603756242027,57.26190330144865,103.1321106142212,-0.0012203724388691354,-0.014484579289276616,-0.00044298555178047175,0.0004232368365416508,-0.0023614614359765236,-0.001260558779128692,0.007326744526573496,0.0011679228175550404,-0.0012288468616198772,0.013141218371005674,5.9364759549863315,2.7665951457972735,0.3860113761433701,0.319939296236395,0.12476541353600468,25.0,25.0,25.0,25.0,25.0,25.0,24.0,9.547,0.0,0.0,1.0,1781028207384311356
1781028207485823985,0.0010930231238103136,57.26179728586817,103.13204625210756,-0.0007413653292096534,-0.014386661463605148,-0.0005671612263050939,-0.00046611213905530305,0.0021413090255420677,0.0011201353525516211,-0.011782826555929831,-0.0010641774766061915,0.0012466649744836986,0.01253899679285513,5.934737945663873,2.7656285919545307,0.3863389561752538,0.3203667940115098,0.12486498923753923,25.0,25.0,25.0,25.0,25.0,25.0,24.0,9.544,0.0,0.0,1.0,1781028207465154179
1781028207585352921,0.0010425945525234786,57.26186706505051,103.1320924085084,-0.0010963381035066762,-0.014464331087892196,-0.0004643050405400814,0.0002588265337790053,-0.001191194745147296,-0.0005839109764283634,0.004128339347998457,0.0006860935642776835,-0.0007040469127538145,0.013069634711006,5.936110989655691,2.766396224858464,0.3860970783570965,0.3200391560394886,0.1247930558798603,25.0,25.0,25.0,25.0,25.0,25.0,24.0,9.547,0.0,0.0,1.0,1781028207565003520
1781028207688078885,0.0010192186763975232,57.26205040508283,103.13219318597432,-0.0015801768980671243,-0.014543203255143,-0.0003833821810087079,-0.0015190873539535634,0.0029638150951108526,0.0015876902413482497,-0.010934500429181334,-0.0020273592657201775,0.0030888060112737874,0.01285315574153605,5.933999543503027,2.7655903169532405,0.38693869093455574,0.32041796640786,0.12505241075523668,25.0,25.0,25.0,25.0,25.0,25.0,24.0,9.545,0.0,0.0,1.0,1781028207667186999
1781028207786080121,0.0010980288542959437,57.26177909424785,103.13203693193483,-0.0006526051166917583,-0.01437870568031892,-0.0005775214978768083,-0.0004521604570759545,0.003282282980675625,0.001547285944882782,-0.011093765220030328,-0.0009628713588108968,0.0013726957137280816,0.01229860343601132,5.933243332087077,2.764589447226978,0.3864744657064378,0.3210129106782757,0.1249144087401322,25.0,25.0,25.0,25.0,25.0,25.0,24.0,9.543,0.0,0.0,1.0,1781028207765849238
1781028207885986552,0.0010412220572364075,57.261879900460954,103.13209837816372,-0.0011385136577172412,-0.014471191819637684,-0.00045748151430126833,0.00032148032274565596,-0.001565767288811398,-0.0008083620905012111,0.005283364002416202,0.0008651863638463375,-0.0008946501878987856,0.01308543060253371,5.936221097357979,2.766452816613637,0.38606877499731407,0.32001213268799983,0.1247841567952961,25.0,25.0,25.0,25.0,25.0,25.0,24.0,9.547,0.0,0.0,1.0,1781028207867547850
1781028207985822773,0.001039226503402392,57.26199102843608,103.1321600047097,-0.001420185891362832,-0.01451108680123524,-0.0004270088191468864,-0.0016693057726799708,0.00644181940700489,0.003597116304686244,-0.016863907686607785,-0.003316696040220822,0.004106440760139598,0.01290299809181508,5.933522697904484,2.765666615503434,0.38716510091129047,0.32055438662603514,0.12512415062502633,25.0,25.0,25.0,25.0,25.0,25.0,24.0,9.545,0.0,0.0,1.0,1781028207969788940
1781028208086973386,0.00112331707714334,57.26164489163472,103.13195784510393,-0.0002481516696451779,-0.014313867849707012,-0.0006553574905060742,0.008067777376848816,-0.024168649088011487,-0.013275085513698529,0.08033515482177558,0.013721132938788476,-0.01869968877246645,0.00511695717688681,5.953526388131255,2.7683700389043797,0.3850113628540159,0.31467337003725204,0.12450699375753244,25.0,25.0,25.0,25.0,25.0,25.0,24.0,9.551,0.0,0.0,1.0,1781028208078777887
1781028208186243958,0.0010354576915838115,57.2619196075706,103.13211951546933,-0.0012609793878357186,-0.014490940569017818,-0.0004374410728319497,0.0004620414001164937,-0.002926020781953738,-0.001562330295929071,0.008268092466906029,0.0012998706751560188,-0.0013954749824224785,0.013247687473386735,5.936736553119431,2.766752185058643,0.3859726491273113,0.31984160520964183,0.12475160736986551,25.0,25.0,25.0,25.0,25.0,25.0,24.0,9.547,0.0,0.0,1.0,1781028208173288481
1781028208286904506,0.0010758537832178813,57.26186750933305,103.13209024047558,-0.0010431131076149638,-0.014438752356307325,-0.0005136579711517415,-0.002362827556155456,0.006251781536529265,0.004613038046563851,-0.026375151982139685,-0.006305602391242097,0.006243526157935304,0.1037822870639932,5.943580733206966,2.7658804495702163,0.3830182067784124,0.3195240521123525,0.12324210218498996,25.0,25.0,25.0,25.0,25.0,25.0,24.0,9.639,0.0,0.0,1.0,1781028208278599654
1781028208385822699,0.0010492714004823856,57.26185471869516,103.13208611256864,-0.001044899209939519,-0.014455317788426285,-0.0004743901439083769,0.00018795794579042484,-0.000753327580696663,-0.0003286641851228334,0.002794816291306292,0.00047723067575909054,-0.0004894094390310541,0.013059940583085988,5.935985032525404,2.766332467667601,0.3861345126229117,0.32006890750334055,0.1248049023015212,25.0,25.0,25.0,25.0,25.0,25.0,24.0,9.546,0.0,0.0,1.0,1781028208379640148
1781028208488562647,0.001024398134092029,57.262014974729546,103.13216989233464,-0.001493861003261566,-0.01452650499597599,-0.0003977984000387189,0.0009428466215548456,-0.007061528768604534,-0.004367018059124223,0.01840221254341393,0.003377202289211402,-0.0033722249695780056,0.011538923733157028,5.936025622320969,2.765903051978286,0.3863914621266094,0.3202902433940288,0.12490302407535668,25.0,25.0,25.0,25.0,25.0,25.0,24.0,9.545,0.0,0.0,1.0,1781028208478275795
1781028208585482077,0.0011023980463006346,57.26178010285334,103.13203721992616,-0.0006336573904407727,-0.014376535678000783,-0.0005808007628676385,-0.0004717460066042202,0.003347448753238957,0.0015759186812981936,-0.011167967311518073,-0.001011171169981177,0.0014237264510897777,0.012314163998273803,5.9332235311299115,2.7645790477333723,0.3864801080654656,0.32101511010210393,0.12491565831323846,25.0,25.0,25.0,25.0,25.0,25.0,24.0,9.543,0.0,0.0,1.0,1781028208577502082
1781028208685646381,0.001045201152856097,57.261879484921906,103.13209785382102,-0.0011307049669997675,-0.014469559475060366,-0.0004603199937062011,0.00030878843967062104,-0.0015007593659085074,-0.0007730287672495419,0.0050604539563329125,0.0008325084588903349,-0.0008578299874343209,0.013086800855592398,5.936204410512169,2.7664433187808353,0.38607837737738937,0.32001663418759874,0.12478728895652844,25.0,25.0,25.0,25.0,25.0,25.0,24.0,9.547,0.0,0.0,1.0,1781028208679771308
1781028208786177103,0.0010451655355704177,57.2619874816652,103.1321576580198,-0.0014011477486817051,-0.014506990468838738,-0.0004334135440900235,-0.0017261021978200474,0.006568006757728302,0.003645771086376768,-0.017559637494891287,-0.003426282060002772,0.0042335057039529465,0.01298133466915296,5.9332816675230395,2.7657265931120456,0.38723759953787307,0.32061731925697573,0.1251465354477298,25.0,25.0,25.0,25.0,25.0,25.0,24.0,9.545,0.0,0.0,1.0,1781028208780422259
1781028208885468083,0.0010505889162117283,57.26185943419492,103.13208773865372,-0.0010559593465373342,-0.014456892362939336,-0.00047325209342799853,0.00020630131265622937,-0.0008443588821448688,-0.00038806275018898553,0.0031387984902352065,0.0005312846875415905,-0.000542696957651873,0.013063354907049272,5.936013476056358,2.7663454705371184,0.386127933533207,0.32006252181464434,0.12480290890814168,25.0,25.0,25.0,25.0,25.0,25.0,24.0,9.546,0.0,0.0,1.0,1781028208857183076
1781028208986140835,0.001034942801843698,57.26194844235345,103.13213425902974,-0.0013341755765418374,-0.014501699703206932,-0.0004266297277444226,0.0005434300752399213,-0.004205622030855385,-0.00218925833790405,0.01035179857235824,0.0015361093803211016,-0.0017443662381390012,0.013250904997632392,5.937715255786477,2.7672097890475116,0.38579602780263966,0.31952411620786897,0.12469424281077884,25.0,25.0,25.0,25.0,25.0,25.0,24.0,9.548,0.0,0.0,1.0,1781028208979359047
1781028209085810885,0.0011127945050240693,57.26171747607456,103.13200903395604,-0.00047177707286786256,-0.014360527409886236,-0.0006072868751768884,-0.001901701440443465,0.01068999072398672,0.0059793923264737725,-0.027709370664189645,-0.004569569777896787,0.005911328199114751,0.024209534655588727,5.929333212129919,2.765308616468495,0.3868592003715024,0.31951550839793064,0.12484622273093836,25.0,25.0,25.0,25.0,25.0,25.0,24.0,9.55,0.0,0.0,1.0,1781028209061687970
1781028209185214070,0.0010491935923232644,57.2618719085604,103.13209364184718,-0.0010995367443559414,-0.014464098796822984,-0.0004663393529720733,0.0002704744003759522,-0.0012130349593699329,-0.0006095869307398782,0.0043049762182386635,0.0007154119480616299,-0.0007340379142332391,0.013076881752052056,5.93612105017172,2.766398944001654,0.3860998911307956,0.32003743174745874,0.12479415296221252,25.0,25.0,25.0,25.0,25.0,25.0,24.0,9.547,0.0,0.0,1.0,1781028209184958346
1781028209287278167,0.001087671471373167,57.26184190571876,103.13207559259403,-0.0009525656396348054,-0.014421278969729138,-0.0005348279782591898,-0.0025318847712307146,0.0063879664887826326,0.004845686622877641,-0.02931728286511928,-0.006889529414799414,0.006759898465322986,0.1063710823184637,5.942666658175299,2.7689941692288884,0.38340851774172735,0.3186489124935831,0.1232912502871972,25.0,25.0,25.0,25.0,25.0,25.0,24.0,9.643,0.0,0.0,1.0,1781028209261606374
1781028209385560274,0.0010561970567984451,57.26184753509363,103.13208284149832,-0.0010064127042689337,-0.014448070475371355,-0.0004829968616839533,0.00012506764793975784,-0.0004563724066104871,-0.00015283436902366562,0.0017045748804734356,0.00029920770999452526,-0.00031140688404248827,0.013061844979260029,5.935897440404497,2.7662911348785677,0.38616774589486613,0.32008818035538344,0.12481531747358789,25.0,25.0,25.0,25.0,25.0,25.0,24.0,9.546,0.0,0.0,1.0,1781028209381512921
1781028209487586998,0.0010291162984347687,57.26205204317606,103.132193203905,-0.0015675803092462864,-0.014539699040887815,-0.0003904733709488406,-0.0015233916254609426,0.003511305485558622,0.0018975864910889312,-0.011602922429036863,-0.002196704359662142,0.0032163849043852564,0.01287861051938356,5.933963459613761,2.7655968090847476,0.38696655365604427,0.32042823307901963,0.125061230597831,25.0,25.0,25.0,25.0,25.0,25.0,24.0,9.545,0.0,0.0,1.0,1781028209467883113
1781028209586149945,0.001131614023681276,57.26164587235833,103.13195795662364,-0.00022560302850560925,-0.014309478694736665,-0.0006620898498465561,0.008106706429181243,-0.02392029411876989,-0.013134654190790818,0.0802666875801919,0.013679961366890729,-0.018717093918920857,0.005130136654888438,5.9536371523127265,2.768420756340114,0.3850193399719545,0.31462768511071715,0.12450850992388414,25.0,25.0,25.0,25.0,25.0,25.0,24.0,9.551,0.0,0.0,1.0,1781028209570723556
1781028209686398630,0.0010418251095724205,57.261923054288815,103.1321203401915,-0.0012604563951970696,-0.014489978531844664,-0.0004401429248909245,0.00046338250525804225,-0.0029201296588662585,-0.0015695424744015427,0.00830666999087862,0.001303937266476445,-0.001398790696609008,0.013257392030534736,5.936738672749378,2.7667519491153554,0.3859783790455813,0.31984085111962945,0.12475351647954692,25.0,25.0,25.0,25.0,25.0,25.0,24.0,9.547,0.0,0.0,1.0,1781028209665268226
1781028209785783550,0.0011025078875202543,57.261810385646655,103.13205260675626,-0.0007815395165804706,-0.014387902269659327,-0.0005688881709631443,-0.00045996308602047744,0.001804144439654196,0.0009631391916873884,-0.012341380562486804,-0.0010547740311102798,0.0011841642979351634,0.01261597587906707,5.934972319119191,2.7657881691431196,0.386334696260469,0.3202721097388604,0.1248628034772124,25.0,25.0,25.0,25.0,25.0,25.0,24.0,9.545,0.0,0.0,1.0,1781028209770390052
1781028209886534745,0.0010531278287086562,57.26186934134862,103.13209173659526,-0.0010826063576312556,-0.014460860409877744,-0.0004703630359170241,0.00024794253552948807,-0.0010665946908422104,-0.0005283506954557176,0.003901127731787273,0.0006515956514260608,-0.0006651715879196238,0.013074250576777548,5.936080886304212,2.766377567505706,0.38611318780752407,0.3200471324226268,0.12479840985843764,25.0,25.0,25.0,25.0,25.0,25.0,24.0,9.546,0.0,0.0,1.0,1781028209869127520
1781028209985958655,0.0010551679199048837,57.261968220807674,103.13214642814292,-0.0013437952449716075,-0.01449538654287587,-0.00044853575445117695,-0.001869491309960845,0.0068901782049903505,0.003821747997231836,-0.019531148484591324,-0.003745084397917618,0.004561743456733726,0.012967942065779356,5.933089951188444,2.7658052147452112,0.38733787626298744,0.3206699140784581,0.1251786717443848,25.0,25.0,25.0,25.0,25.0,25.0,24.0,9.545,0.0,0.0,1.0,1781028209965852890
1781028210085804583,0.001058617590241156,57.261851135575334,103.13208383161906,-0.001012784977632403,-0.014448849556067608,-0.000482970423177784,0.0001378210628651311,-0.0005044148708270873,-0.00018769349168069955,0.0019314654977775011,0.00033672702891637205,-0.0003464612784595488,0.013064564415478557,5.935914465483262,2.7662979324131927,0.386164913497955,0.32008473159351325,0.1248145400124997,25.0,25.0,25.0,25.0,25.0,25.0,24.0,9.546,0.0,0.0,1.0,1781028210068306213
1781028210186017944,0.0010336890128698792,57.26199960389551,103.13216015772323,-0.0014516423540457274,-0.014518350196876029,-0.00040842085919447235,0.0009667791775955438,-0.007523340872628556,-0.004211948266718624,0.018044917514791817,0.002948562469236941,-0.003271385454128436,0.009995353790993255,5.938720750163993,2.76656493056648,0.3856404736595704,0.3199822224374277,0.12469602240034952,25.0,25.0,25.0,25.0,25.0,25.0,24.0,9.546,0.0,0.0,1.0,1781028210167846784
1781028210287564393,0.001119325262155294,57.26171924942499,103.13200960093162,-0.0004573451355869169,-0.014357340882215852,-0.0006122993560806301,-0.0019421239728767456,0.010786425568754645,0.006031411907513617,-0.02833110012709589,-0.004653133164310336,0.006007453526307208,0.024236608153475742,5.929232730418925,2.7652637867310323,0.3868834655955506,0.31953728005099613,0.12485344766048875,25.0,25.0,25.0,25.0,25.0,25.0,24.0,9.55,0.0,0.0,1.0,1781028210276303595
1781028210386094332,0.001047544236322153,57.261908158470725,103.132111637265,-0.0012105450447938329,-0.01448149479661468,-0.0004496389256812223,0.00041597838261816535,-0.002297698173118231,-0.0012435904385960587,0.007178232046870049,0.0011474650865403574,-0.0012073954730503116,0.013156529226056804,5.9364586870394955,2.76658410974264,0.38602884512890245,0.3199442820724826,0.12477121069630934,25.0,25.0,25.0,25.0,25.0,25.0,24.0,9.547,0.0,0.0,1.0,1781028210368102028
1781028210487063326,0.0011081010391922393,57.26180469923277,103.13204935601968,-0.0007194825573567965,-0.014381895218650924,-0.0005764208762249814,-0.0004945892385960397,0.0022147778240685532,0.0011591513824782045,-0.012351881335156968,-0.00114098917491875,0.0013216206198526747,0.01257725461878205,5.934715453525905,2.7656183724886345,0.3863564639760464,0.3203671078102658,0.12486986486180116,25.0,25.0,25.0,25.0,25.0,25.0,24.0,9.545,0.0,0.0,1.0,1781028210471899055
1781028210585352576,0.0010550880858084032,57.26187532607069,103.13209442092008,-0.001098465998810995,-0.014463176369561645,-0.00046885804410524225,0.00027152841501276433,-0.0012041988883236055,-0.0006140595951588817,0.004327784445125983,0.0007187785209180416,-0.0007359402315384364,0.013083360850429526,5.936121571381047,2.766397665769572,0.3861057896544041,0.320037644643766,0.12479615398845308,25.0,25.0,25.0,25.0,25.0,25.0,24.0,9.547,0.0,0.0,1.0,1781028210574199749
1781028210686541087,0.001074734897527435,57.26191040863936,103.1321141516258,-0.001168271867117793,-0.01446177815220446,-0.000490005728767985,-0.002265235762656451,0.007791355009643606,0.004318686163651924,-0.02532212500957787,-0.004698669161654346,0.005545073438348894,0.01405551908402824,5.931603157999138,2.767333094537596,0.3878852899975842,0.32076021037643704,0.12533356352187747,25.0,25.0,25.0,25.0,25.0,25.0,24.0,9.547,0.0,0.0,1.0,1781028210673321177
1781028210785677091,0.0010604349035974055,57.26185743001155,103.13208580384467,-0.0010287693411113012,-0.014451263034168,-0.000481252466655437,0.00016637113252528885,-0.0006278337278750915,-0.0002691172904824018,0.0024432731964923633,0.0004201435780645803,-0.0004266190675123761,0.013067787233896098,5.935954840582718,2.766315539655803,0.38615468849886303,0.3200760938452948,0.12481147395563126,25.0,25.0,25.0,25.0,25.0,25.0,24.0,9.546,0.0,0.0,1.0,1781028210770496837
1781028210888544698,0.0010414538561429505,57.26204001262602,103.13218610093908,-0.0015173717135728132,-0.014529596629456262,-0.0004064814194579429,-0.0014807617906335098,0.0055983485407594385,0.003117111912841637,-0.013836946985993182,-0.00276490187526233,0.0035932510243152456,0.012907451413130985,5.9338480881045985,2.765607876310921,0.3870384833499164,0.3204622718605648,0.12508408230904078,25.0,25.0,25.0,25.0,25.0,25.0,24.0,9.545,0.0,0.0,1.0,1781028210872287521
1781028210986102759,0.001063718931677769,57.26184889660565,103.13208267536788,-0.000993555325641571,-0.014445031166458676,-0.0004878341328353891,0.00010795235379519662,-0.00036324892340373633,-0.00010685017182806356,0.0014072694626586632,0.00025074851203256003,-0.0002629134947967149,0.013067435875285636,5.935871916773662,2.7662775763868335,0.3861828105676841,0.32009411454472486,0.12482019575150512,25.0,25.0,25.0,25.0,25.0,25.0,24.0,9.546,0.0,0.0,1.0,1781028210973113372
1781028211086269606,0.001040387161857549,57.26197734748676,103.13214796636606,-0.0013960583797587728,-0.014509504720996436,-0.00041974176408467103,0.0007110547654946973,-0.005932404554630201,-0.00309626541973107,0.013664465853806406,0.0020091582870878613,-0.002363393066146549,0.012023925393749102,5.938978339482447,2.7674032798806754,0.3855515859497675,0.31939678435099267,0.12463428721815868,25.0,25.0,25.0,25.0,25.0,25.0,24.0,9.548,0.0,0.0,1.0,1781028211080333022
1781028211185306261,0.001140521932691191,57.26164824620154,103.13195869485487,-0.0002027570600151915,-0.014304730404617943,-0.0006693489285653711,0.0081649691863368,-0.023720679635660383,-0.0130254554312007,0.08023322620927645,0.01367207190026049,-0.018783311911172267,0.005167693492522437,5.9537188114799005,2.7684848356812117,0.3850494767339857,0.31454845708961954,0.12451450864219578,25.0,25.0,25.0,25.0,25.0,25.0,24.0,9.551,0.0,0.0,1.0,1781028211177197283
1781028211285570975,0.0010341395131248643,57.26203361025135,103.13217872650904,-0.0015269929166657676,-0.014530128930942358,-0.00039650275730656286,0.0009576631425099832,-0.006879365054842104,-0.00456948705940318,0.019192637285066292,0.003743993234965478,-0.0035338181009392975,0.012693380913609224,5.934266876610705,2.7655282393305107,0.3869154885175574,0.32045997972547047,0.12504692220339964,25.0,25.0,25.0,25.0,25.0,25.0,24.0,9.545,0.0,0.0,1.0,1781028211258119719
1781028211386241545,0.0011188105860548605,57.26177217313593,103.13203298457276,-0.0005670440388304881,-0.01436655965340216,-0.000596710826389761,-0.0005483619402161798,0.004756094598333658,0.002075291943961773,-0.01227548836743892,-0.001030416489515626,0.001745190965537779,0.0133181301718684,5.930817360078454,2.7633377690397,0.3867916254784145,0.32172202669857314,0.1250025817269005,25.0,25.0,25.0,25.0,25.0,25.0,24.0,9.541,0.0,0.0,1.0,1781028211381234211
1781028211485308107,0.00104649170482893,57.26194408348437,103.1321302929492,-0.0013097739075067043,-0.014496492644447497,-0.0004348698827484874,0.0005197052763410232,-0.003655395017846568,-0.001945474669248214,0.009686600411773955,0.0014630559264760489,-0.0016217716197282955,0.013395552056197522,5.9372626554015255,2.7670394514686887,0.3858900206145705,0.31964423326304126,0.12472295417782252,25.0,25.0,25.0,25.0,25.0,25.0,24.0,9.548,0.0,0.0,1.0,1781028211461964299
1781028211585588296,0.0011156564979652884,57.26179854928951,103.13204584749931,-0.0006591575558359372,-0.014375310194652708,-0.0005853748829452052,-0.0005185593404437592,0.002738577248086928,0.0013862829809671417,-0.01232520518921236,-0.0011916887750353976,0.0014513835392916917,0.012450544208587492,5.934236182239919,2.765271786010336,0.3864018632030034,0.32057866850350675,0.12488670929640253,25.0,25.0,25.0,25.0,25.0,25.0,24.0,9.544,0.0,0.0,1.0,1781028211582859735
1781028211685824416,0.0010511897580568928,57.2619202446699,103.13211755909958,-0.0012393861136642888,-0.0144855493553305,-0.00044688356563256105,0.0004509348944401852,-0.00263654805849239,-0.0014359287812952435,0.007902272447965295,0.0012526772887449331,-0.0013325930395651233,0.013217127602233815,5.936596726546816,2.76666651598421,0.3860098437752063,0.31989563172101765,0.12476455289569112,25.0,25.0,25.0,25.0,25.0,25.0,24.0,9.547,0.0,0.0,1.0,1781028211664463819
1781028211785459946,0.0011013860376536905,57.26184322648248,103.1320756185119,-0.0008977345012459403,-0.01441429092190395,-0.0005457911092099098,-0.002636020327278297,0.006562882200244263,0.004956344022037438,-0.030843963145814595,-0.007062633124476141,0.006980649140976239,0.10687956402542038,5.942454703394214,2.768896926038659,0.3832731002846166,0.3186279098245099,0.12323354809781738,25.0,25.0,25.0,25.0,25.0,25.0,24.0,9.643,0.0,0.0,1.0,1781028211785322782
1781028211886539275,0.0010567909485357544,57.2618957487056,103.13210387746604,-0.0011577630895645572,-0.01447218550646634,-0.0004609854847782931,0.00035362324361835114,-0.001750497620163332,-0.0009429346996310654,0.005911227144515694,0.0009598914897008322,-0.0009937376240201432,0.013116935213612086,5.936284887697033,2.766483034904911,0.38607103637863127,0.3199963490956974,0.12478518900806304,25.0,25.0,25.0,25.0,25.0,25.0,24.0,9.547,0.0,0.0,1.0,1781028211870911434
1781028211985600857,0.001119675924551438,57.261788193473286,103.1320405391142,-0.0006022140532362027,-0.014369795002600314,-0.0005924940183040645,-0.0005209760519122008,0.0034736642741349196,0.0016427389650782282,-0.011966768966858362,-0.0011379499117125124,0.0015482178831598954,0.012350638978973231,5.9331599707774325,2.7645425124270613,0.3865124395314505,0.3210321116571611,0.12492543424564702,25.0,25.0,25.0,25.0,25.0,25.0,24.0,9.543,0.0,0.0,1.0,1781028211972272181
1781028212085419757,0.0010589616038117666,57.261889146304,103.13210062147122,-0.001135140699371175,-0.014468543042215962,-0.0004650905885923567,0.0003246658278924968,-0.0015359411413661207,-0.0008178955272500828,0.005312260532398868,0.0008720677966815464,-0.0008993790821013415,0.01310613529522632,5.936220874784271,2.7664482719327887,0.38608763523488626,0.32001347391631735,0.12479054832209108,25.0,25.0,25.0,25.0,25.0,25.0,24.0,9.547,0.0,0.0,1.0,1781028212073026872
1781028212185310070,0.001116207602733686,57.26180930480638,103.13205132246208,-0.0007085623576911311,-0.01437976690922282,-0.0005809985155370849,-0.0005042238340062488,0.0022390884417437845,0.0011693715624515077,-0.012553701010363317,-0.0011681277467275725,0.0013486221006950073,0.0126010794140787,5.934708807005183,2.7656149792967506,0.386362248384169,0.32036552825995407,0.12487122506915103,25.0,25.0,25.0,25.0,25.0,25.0,24.0,9.545,0.0,0.0,1.0,1781028212173009207
1781028212286585437,0.0010621472152854527,57.2618791259712,103.13209502720149,-0.001096492082799881,-0.01446199988236862,-0.0004719420043228567,0.0002728171266724305,-0.0011852351439538423,-0.0006146962157325815,0.004352133419994967,0.0007232482845349212,-0.000737510473103809,0.013089844032580952,5.936121065746797,2.766395173787592,0.38611265254318927,0.3200382577403801,0.12479850819208228,25.0,25.0,25.0,25.0,25.0,25.0,24.0,9.547,0.0,0.0,1.0,1781028212272592564
1781028212386219127,0.0011151852018996238,57.26181763089392,103.13205570320126,-0.0007611441900075665,-0.014384020562334033,-0.0005765124935114462,-0.00048418422691017,0.001845885346646171,0.000983496013769614,-0.01275846350170082,-0.00111775642578297,0.001245074215089662,0.012651764832207571,5.934958584157828,2.7657830055186934,0.38634896871492685,0.3202703970010669,0.12486666045130262,25.0,25.0,25.0,25.0,25.0,25.0,24.0,9.545,0.0,0.0,1.0,1781028212371815394
1781028212487830422,0.0010639936485671428,57.26187540993732,103.13209296293944,-0.001080100348645772,-0.014459130612631106,-0.0004750518234899339,0.0002499246791317354,-0.001044498641507206,-0.0005329673368297196,0.003936256364106733,0.0006579433196962927,-0.0006680971503975719,0.013085411509667425,5.936081023086466,2.7663745213313145,0.3861240799379403,0.3200478316499828,0.1248021233802534,25.0,25.0,25.0,25.0,25.0,25.0,24.0,9.547,0.0,0.0,1.0,1781028212472552183
1781028212586079721,0.0011050669371025397,57.26184541732401,103.13207653874892,-0.0008969119176959476,-0.01441331650678664,-0.0005478896011135245,-0.0026572149030306227,0.0065373724403554835,0.004934209517063839,-0.030940550993965664,-0.007083516524813931,0.007014029720035118,0.10683746689037615,5.942448883961654,2.768898897877943,0.383312084061484,0.31864083114770164,0.12324836774923764,25.0,25.0,25.0,25.0,25.0,25.0,24.0,9.643,0.0,0.0,1.0,1781028212570098633
1781028212686529357,0.0010657458651511093,57.26187272560861,103.13209114760822,-0.0010650801553195798,-0.014456388797576342,-0.00047789631122700647,0.00022879948301908945,-0.0009203072676750946,-0.00046196581653783344,0.00357642925260953,0.0005996491881718771,-0.0006054761145122032,0.01308112319948426,5.936046166167669,2.7663566436917937,0.38613402329686886,0.3200559039763228,0.1248052577702614,25.0,25.0,25.0,25.0,25.0,25.0,24.0,9.546,0.0,0.0,1.0,1781028212669110750
1781028212786195205,0.0011171430957564702,57.26181910908556,103.13205640471357,-0.0007617712734850432,-0.014383370937825471,-0.0005777881874317449,-0.0004891378055637335,0.0018461358606308956,0.000985982241013549,-0.012887624831773073,-0.0011307408828064548,0.0012564709193815774,0.012655424666831784,5.934957265756366,2.765783194085378,0.3863536394932128,0.3202705356609105,0.12486817483794616,25.0,25.0,25.0,25.0,25.0,25.0,24.0,9.545,0.0,0.0,1.0,1781028212777248002
1781028212890538663,0.00106562621320896,57.2618767684985,103.1320932804856,-0.0010801277388611912,-0.014458867611411083,-0.000475706148822304,0.00025052084692815945,-0.0010454717598139174,-0.0005368718466497597,0.003958839695127418,0.0006604826807933741,-0.0006698093061757658,0.013087400507426563,5.936082145270665,2.7663746283180313,0.38612538746664254,0.32004759744861777,0.124802564824633,25.0,25.0,25.0,25.0,25.0,25.0,24.0,9.547,0.0,0.0,1.0,1781028212872340853
1781028212992193249,0.0011200951424463117,57.26181193701976,103.13205250948654,-0.0007051056981701079,-0.014378540235613324,-0.000583406906922255,-0.0005127711253490574,0.0022459178568544425,0.001174355838668039,-0.012728106654952527,-0.0011903059390611637,0.0013690692631607318,0.012610413178880614,5.9347052857363005,2.7656141006961055,0.3863687209760734,0.3203654559912575,0.12487318374593905,25.0,25.0,25.0,25.0,25.0,25.0,24.0,9.545,0.0,0.0,1.0,1781028212976948586
1781028213091540679,0.0010654327330648424,57.261881313924874,103.13209551074628,-0.0010961507090853936,-0.014461485669270028,-0.0004733132640656274,0.00027375046188253424,-0.0011823979381632348,-0.0006189017816645465,0.00437834961298449,0.0007266485061091963,-0.0007396530398199366,0.013093680824184094,5.936122080123308,2.7663947419282984,0.3861156523020497,0.32003817656681827,0.1247995263159554,25.0,25.0,25.0,25.0,25.0,25.0,24.0,9.547,0.0,0.0,1.0,1781028213078489717
1781028213191529024,0.001123191784278765,57.261803080658005,103.132047822847,-0.0006545702682094594,-0.014373380216454111,-0.000589647874049745,-0.0005254866302970293,0.0027568319221775166,0.001396721911842008,-0.012592435945459484,-0.001213851226151604,0.0014721065272787408,0.012467873255801724,5.934228849904261,2.7652671903643604,0.3864092754475836,0.320579312680909,0.12488885263301448,25.0,25.0,25.0,25.0,25.0,25.0,24.0,9.544,0.0,0.0,1.0,1781028213175689367
