timestamp_ns,node_id,axis_error,axis_state,procedure_result,trajectory_done,pos_estimate,vel_estimate,shadow_count,count_cpr,iq_setpoint,iq_measured,bus_voltage,bus_current,active_errors,disarm_reason,torque_target,torque_estimate,electrical_power,mechanical_power,fet_temp,motor_temp,timestamp_ns
1781028000093924384,41,0,8,0,true,0.1076,0.0003,881,8192,0.418,0.418,47.86,0.418,0,0,0.0347,0.0347,20.01,0.0,27.1,23.1,1781028000088615713
1781028000194126846,41,0,8,0,true,0.1077,0.0003,882,8192,0.418,0.418,47.86,0.418,0,0,0.0347,0.0347,20.01,0.0,27.1,23.1,1781028000178163860
1781028000293402677,41,0,8,0,true,0.1077,0.0003,882,8192,0.414,0.414,47.86,0.414,0,0,0.0344,0.0344,19.83,0.0,27.1,23.1,1781028000274960201
1781028000394302731,41,0,8,0,true,0.1077,0.0003,882,8192,0.418,0.418,47.86,0.418,0,0,0.0347,0.0347,20.01,0.0,27.1,23.1,1781028000384676386
1781028000494130350,41,0,8,0,true,0.1078,0.0003,882,8192,0.414,0.414,47.86,0.414,0,0,0.0344,0.0344,19.83,0.0,27.1,23.1,1781028000475744781
1781028000593526762,41,0,8,0,true,0.1078,0.0003,883,8192,0.418,0.418,47.86,0.418,0,0,0.0347,0.0347,20.01,0.0,27.1,23.1,1781028000587013524
1781028000693751211,41,0,8,0,true,0.1078,0.0003,883,8192,0.414,0.414,47.86,0.414,0,0,0.0344,0.0344,19.83,0.0,27.1,23.1,1781028000678153962
1781028000793829936,41,0,8,0,true,0.1079,0.0003,883,8192,0.418,0.418,47.86,0.418,0,0,0.0347,0.0347,20.01,0.0,27.1,23.1,1781028000784297183
1781028000893815006,41,0,8,0,true,0.1079,0.0003,884,8192,0.414,0.414,47.86,0.414,0,0,0.0344,0.0344,19.83,0.0,27.1,23.1,1781028000882262079
1781028000993612425,41,0,8,0,true,0.108,0.0003,884,8192,0.418,0.418,47.86,0.418,0,0,0.0347,0.0347,20.01,0.0,27.1,23.1,1781028000983352698
1781028001094060309,41,0,8,0,true,0.108,0.0003,884,8192,0.414,0.414,47.86,0.414,0,0,0.0344,0.0344,19.83,0.0,27.1,23.1,1781028001079748830
1781028001197051273,41,0,8,0,true,0.108,0.0003,884,8192,0.418,0.418,47.86,0.418,0,0,0.0347,0.0347,20.01,0.0,27.1,23.1,1781028001195831157
1781028001294027064,41,0,8,0,true,0.1081,0.0003,885,8192,0.414,0.414,47.86,0.414,0,0,0.0344,0.0344,19.83,0.0,27.1,23.1,1781028001286594289
1781028001394218401,41,0,8,0,true,0.1081,0.0003,885,8192,0.414,0.414,47.86,0.414,0,0,0.0344,0.0344,19.83,0.0,27.1,23.1,1781028001371348979
1781028001494017156,41,0,8,0,true,0.1081,0.0003,885,8192,0.414,0.414,47.86,0.414,0,0,0.0344,0.0344,19.83,0.0,27.1,23.1,1781028001489640890
1781028001593543441,41,0,8,0,true,0.1082,0.0003,886,8192,0.414,0.414,47.86,0.414,0,0,0.0344,0.0344,19.83,0.0,27.1,23.1,1781028001573510312
1781028001693569925,41,0,8,0,true,0.1082,0.0003,886,8192,0.418,0.418,47.86,0.418,0,0,0.0347,0.0347,20.01,0.0,27.1,23.1,1781028001675046345
1781028001794356380,41,0,8,0,true,0.1082,0.0004,886,8192,0.418,0.418,47.86,0.418,0,0,0.0347,0.0347,20.01,0.0,27.1,23.1,1781028001794838157
1781028001894069188,41,0,8,0,true,0.1083,0.0004,886,8192,0.418,0.418,47.86,0.418,0,0,0.0347,0.0347,20.01,0.0,27.1,23.1,1781028001874643643
1781028001993394387,41,0,8,0,true,0.1083,0.0003,887,8192,0.414,0.414,47.86,0.414,0,0,0.0344,0.0344,19.83,0.0,27.1,23.1,1781028001987610316
1781028002094185527,41,0,8,0,true,0.1083,0.0003,887,8192,0.418,0.418,47.86,0.418,0,0,0.0347,0.0347,20.01,0.0,27.1,23.1,1781028002079734375
1781028002196120178,41,0,8,0,true,0.1084,0.0003,887,8192,0.414,0.414,47.86,0.414,0,0,0.0344,0.0344,19.83,0.0,27.1,23.1,1781028002182162983
1781028002294059070,41,0,8,0,true,0.1084,0.0004,888,8192,0.418,0.418,47.86,0.418,0,0,0.0347,0.0347,20.01,0.0,27.1,23.1,1781028002282522737
1781028002394651319,41,0,8,0,true,0.1084,0.0003,888,8192,0.414,0.414,47.86,0.414,0,0,0.0344,0.0344,19.83,0.0,27.1,23.1,1781028002385329315
1781028002493734179,41,0,8,0,true,0.1085,0.0003,888,8192,0.418,0.418,47.86,0.418,0,0,0.0347,0.0347,20.01,0.0,27.1,23.1,1781028002491267593
1781028002594240815,41,0,8,0,true,0.1085,0.0003,888,8192,0.414,0.414,47.86,0.414,0,0,0.0344,0.0344,19.83,0.0,27.1,23.1,1781028002588466357
1781028002693778524,41,0,8,0,true,0.1085,0.0004,889,8192,0.418,0.418,47.86,0.418,0,0,0.0347,0.0347,20.01,0.0,27.1,23.1,1781028002685038997
1781028002794197257,41,0,8,0,true,0.1086,0.0003,889,8192,0.414,0.414,47.86,0.414,0,0,0.0344,0.0344,19.83,0.0,27.1,23.1,1781028002792898351
1781028002893785481,41,0,8,0,true,0.1086,0.0003,889,8192,0.418,0.418,47.86,0.418,0,0,0.0347,0.0347,20.01,0.0,27.1,23.1,1781028002885296091
1781028002993786821,41,0,8,0,true,0.1086,0.0003,889,8192,0.418,0.418,47.86,0.418,0,0,0.0347,0.0347,20.01,0.0,27.1,23.1,1781028002968463994
1781028003093812900,41,0,8,0,true,0.1087,0.0004,890,8192,0.418,0.418,47.86,0.418,0,0,0.0347,0.0347,20.01,0.0,27.1,23.1,1781028003090326585
1781028003193883744,41,0,8,0,true,0.1087,0.0004,890,8192,0.418,0.418,47.86,0.418,0,0,0.0347,0.0347,20.01,0.0,27.1,23.1,1781028003170702863
1781028003294213113,41,0,8,0,true,0.1087,0.0003,890,8192,0.418,0.418,47.86,0.418,0,0,0.0347,0.0347,20.01,0.0,27.1,23.1,1781028003291778056
1781028003393423512,41,0,8,0,true,0.1088,0.0003,891,8192,0.418,0.418,47.86,0.418,0,0,0.0347,0.0347,20.01,0.0,27.1,23.1,1781028003374882263
1781028003494236947,41,0,8,0,true,0.1088,0.0004,891,8192,0.418,0.418,47.86,0.418,0,0,0.0347,0.0347,20.01,0.0,27.1,23.1,1781028003492916663
1781028003593855750,41,0,8,0,true,0.1088,0.0004,891,8192,0.418,0.418,47.86,0.418,0,0,0.0347,0.0347,20.01,0.0,27.1,23.1,1781028003578619170
1781028003693710326,41,0,8,0,true,0.1089,0.0003,891,8192,0.414,0.414,47.86,0.414,0,0,0.0344,0.0344,19.83,0.0,27.1,23.1,1781028003675294567
1781028003793645747,41,0,8,0,true,0.1089,0.0003,892,8192,0.418,0.418,47.86,0.418,0,0,0.0347,0.0347,20.01,0.0,27.1,23.1,1781028003780796691
1781028003894317347,41,0,8,0,true,0.109,0.0003,892,8192,0.414,0.414,47.86,0.414,0,0,0.0344,0.0344,19.83,0.0,27.1,23.1,1781028003882809357
1781028003994102320,41,0,8,0,true,0.109,0.0003,892,8192,0.418,0.418,47.86,0.418,0,0,0.0347,0.0347,20.01,0.0,27.1,23.1,1781028003983175774
1781028004093840987,41,0,8,0,true,0.109,0.0003,893,8192,0.414,0.414,47.86,0.414,0,0,0.0344,0.0344,19.83,0.0,27.1,23.1,1781028004079287973
1781028004194294626,41,0,8,0,true,0.1091,0.0003,893,8192,0.418,0.418,47.86,0.418,0,0,0.0347,0.0347,20.01,0.0,27.1,23.1,1781028004184164927
1781028004293478263,41,0,8,0,true,0.1091,0.0003,893,8192,0.414,0.414,47.86,0.414,0,0,0.0344,0.0344,19.83,0.0,27.1,23.1,1781028004282913889
1781028004393455556,41,0,8,0,true,0.1091,0.0003,893,8192,0.418,0.418,47.86,0.418,0,0,0.0347,0.0347,20.01,0.0,27.1,23.1,1781028004385226627
1781028004493716982,41,0,8,0,true,0.1092,0.0003,894,8192,0.414,0.414,47.86,0.414,0,0,0.0344,0.0344,19.83,0.0,27.1,23.1,1781028004488227998
1781028004593557390,41,0,8,0,true,0.1092,0.0003,894,8192,0.418,0.418,47.86,0.418,0,0,0.0347,0.0347,20.01,0.0,27.1,23.1,1781028004587034589
1781028004693753058,41,0,8,0,true,0.1092,0.0003,894,8192,0.414,0.414,47.86,0.414,0,0,0.0344,0.0344,19.83,0.0,27.1,23.1,1781028004683028889
1781028004793926937,41,0,8,0,true,0.1093,0.0003,895,8192,0.418,0.418,47.86,0.418,0,0,0.0347,0.0347,20.01,0.0,27.1,23.1,1781028004789273485
1781028004893589063,41,0,8,0,true,0.1093,0.0003,895,8192,0.414,0.414,47.86,0.414,0,0,0.0344,0.0344,19.83,0.0,27.1,23.1,1781028004884155234
1781028004993374440,41,0,8,0,true,0.1093,0.0003,895,8192,0.418,0.418,47.86,0.418,0,0,0.0347,0.0347,20.01,0.0,27.1,23.1,1781028004993997252
1781028005094175452,41,0,8,0,true,0.1094,0.0003,895,8192,0.414,0.414,47.86,0.414,0,0,0.0344,0.0344,19.83,0.0,27.1,23.1,1781028005086782591
1781028005194838913,41,0,8,0,true,0.1094,0.0003,896,8192,0.414,0.414,47.86,0.414,0,0,0.0344,0.0344,19.84,0.0,27.1,23.1,1781028005170105176
1781028005294272758,41,0,8,0,true,0.1094,0.0003,896,8192,0.415,0.415,47.86,0.415,0,0,0.0344,0.0344,19.84,0.0,27.1,23.1,1781028005286984178
1781028005394020478,41,0,8,0,true,0.1095,0.0003,896,8192,0.418,0.418,47.86,0.418,0,0,0.0347,0.0347,20.0,0.0,27.1,23.1,1781028005392434267
1781028005493514775,41,0,8,0,true,0.1095,0.0003,896,8192,0.415,0.415,47.86,0.415,0,0,0.0344,0.0344,19.84,0.0,27.1,23.1,1781028005490246400
1781028005593804655,41,0,8,0,true,0.1095,0.0003,897,8192,0.418,0.418,47.86,0.418,0,0,0.0347,0.0347,19.99,0.0,27.1,23.1,1781028005592337399
1781028005694138631,41,0,8,0,true,0.1095,0.0003,897,8192,0.415,0.415,47.86,0.415,0,0,0.0344,0.0344,19.85,0.0,27.1,23.1,1781028005688715642
1781028005793900503,41,0,8,0,true,0.1096,0.0003,897,8192,0.415,0.415,47.86,0.415,0,0,0.0344,0.0344,19.85,0.0,27.1,23.1,1781028005772165467
1781028005893862398,41,0,8,0,true,0.1096,0.0002,897,8192,0.415,0.415,47.86,0.415,0,0,0.0344,0.0344,19.86,0.0,27.1,23.1,1781028005890496412
1781028005993535497,41,0,8,0,true,0.1096,0.0002,897,8192,0.417,0.417,47.86,0.417,0,0,0.0346,0.0346,19.98,0.0,27.1,23.1,1781028005993884845
1781028006094250475,41,0,8,0,true,0.1096,0.0002,898,8192,0.417,0.417,47.86,0.417,0,0,0.0346,0.0346,19.97,0.0,27.1,23.1,1781028006075717378
1781028006193700295,41,0,8,0,true,0.1097,0.0002,898,8192,0.415,0.415,47.86,0.415,0,0,0.0345,0.0345,19.87,0.0,27.1,23.1,1781028006177101097
1781028006293853342,41,0,8,0,true,0.1097,0.0002,898,8192,0.415,0.415,47.86,0.415,0,0,0.0345,0.0345,19.87,0.0,27.1,23.1,1781028006292331551
1781028006394030433,41,0,8,0,true,0.1097,0.0002,898,8192,0.415,0.415,47.86,0.415,0,0,0.0345,0.0345,19.88,0.0,27.1,23.1,1781028006378267826
1781028006493550515,41,0,8,0,true,0.1097,0.0001,898,8192,0.417,0.417,47.86,0.417,0,0,0.0346,0.0346,19.96,0.0,27.1,23.1,1781028006481085718
1781028006594412852,41,0,8,0,true,0.1097,0.0001,898,8192,0.416,0.416,47.86,0.416,0,0,0.0345,0.0345,19.89,0.0,27.1,23.1,1781028006593122041
1781028006694006762,41,0,8,0,true,0.1097,0.0001,898,8192,0.417,0.417,47.86,0.417,0,0,0.0346,0.0346,19.94,0.0,27.1,23.1,1781028006688291748
1781028006794395485,41,0,8,0,true,0.1097,0.0001,898,8192,0.416,0.416,47.86,0.416,0,0,0.0345,0.0345,19.9,0.0,27.1,23.1,1781028006788342667
1781028006893933385,41,0,8,0,true,0.1097,0.0,899,8192,0.416,0.416,47.86,0.416,0,0,0.0346,0.0346,19.93,0.0,27.1,23.1,1781028006888443482
1781028006993419525,41,0,8,0,true,0.1097,0.0,899,8192,0.416,0.416,47.86,0.416,0,0,0.0345,0.0345,19.92,0.0,27.1,23.1,1781028006987309297
1781028007093526048,41,0,8,0,true,0.1097,0.0,899,8192,0.416,0.416,47.86,0.416,0,0,0.0346,0.0346,19.92,0.0,27.1,23.1,1781028007084980492
1781028007194310926,41,0,8,0,true,0.1097,0.0,899,8192,0.416,0.416,47.86,0.416,0,0,0.0346,0.0346,19.92,0.0,27.1,23.1,1781028007190712358
1781028007293813107,41,0,8,0,true,0.1097,0.0,899,8192,0.416,0.416,47.86,0.416,0,0,0.0346,0.0346,19.92,0.0,27.1,23.1,1781028007288287587
1781028007393972070,41,0,8,0,true,0.1097,0.0,899,8192,0.416,0.416,47.86,0.416,0,0,0.0346,0.0346,19.92,0.0,27.1,23.1,1781028007392589249
1781028007493414499,41,0,8,0,true,0.1097,0.0,899,8192,0.416,0.416,47.86,0.416,0,0,0.0346,0.0346,19.92,0.0,27.1,23.1,1781028007492136895
1781028007593452311,41,0,8,0,true,0.1097,0.0,899,8192,0.416,0.416,47.86,0.416,0,0,0.0346,0.0346,19.92,0.0,27.1,23.1,1781028007593986037
1781028007694764771,41,0,8,0,true,0.1097,0.0,899,8192,0.416,0.416,47.86,0.416,0,0,0.0346,0.0346,19.92,0.0,27.1,23.1,1781028007674000053
1781028007793982611,41,0,8,0,true,0.1097,0.0,899,8192,0.416,0.416,47.86,0.416,0,0,0.0346,0.0346,19.92,0.0,27.1,23.1,1781028007778532492
1781028007893388464,41,0,8,0,true,0.1097,0.0,899,8192,0.416,0.416,47.86,0.416,0,0,0.0346,0.0346,19.92,0.0,27.1,23.1,1781028007875880386
1781028007993782629,41,0,8,0,true,0.1097,0.0,899,8192,0.416,0.416,47.86,0.416,0,0,0.0346,0.0346,19.92,0.0,27.1,23.1,1781028007983277237
1781028008094015182,41,0,8,0,true,0.1097,0.0,899,8192,0.416,0.416,47.86,0.416,0,0,0.0346,0.0346,19.92,0.0,27.1,23.1,1781028008078229571
1781028008194509550,41,0,8,0,true,0.1097,0.0,899,8192,0.416,0.416,47.86,0.416,0,0,0.0346,0.0346,19.92,0.0,27.1,23.1,1781028008183522605
1781028008294085640,41,0,8,0,true,0.1097,0.0,899,8192,0.416,0.416,47.86,0.416,0,0,0.0346,0.0346,19.92,0.0,27.1,23.1,1781028008277711624
1781028008393653390,41,0,8,0,true,0.1097,0.0,899,8192,0.416,0.416,47.86,0.416,0,0,0.0346,0.0346,19.92,0.0,27.1,23.1,1781028008382278923
1781028008493732747,41,0,8,0,true,0.1097,0.0,899,8192,0.416,0.416,47.86,0.416,0,0,0.0346,0.0346,19.92,0.0,27.1,23.1,1781028008481348446
1781028008593888798,41,0,8,0,true,0.1097,0.0,899,8192,0.416,0.416,47.86,0.416,0,0,0.0345,0.0345,19.92,0.0,27.1,23.1,1781028008588311894
1781028008693481464,41,0,8,0,true,0.1097,0.0,899,8192,0.416,0.416,47.86,0.416,0,0,0.0345,0.0345,19.92,0.0,27.1,23.1,1781028008686862681
1781028008794057111,41,0,8,0,true,0.1097,0.0,899,8192,0.416,0.416,47.86,0.416,0,0,0.0345,0.0345,19.92,0.0,27.1,23.1,1781028008788145962
1781028008893747095,41,0,8,0,true,0.1097,0.0,899,8192,0.416,0.416,47.86,0.416,0,0,0.0345,0.0345,19.92,0.0,27.1,23.1,1781028008882424395
1781028008994099062,41,0,8,0,true,0.1097,0.0,899,8192,0.416,0.416,47.86,0.416,0,0,0.0345,0.0345,19.92,0.0,27.1,23.1,1781028008991654694
1781028009093503600,41,0,8,0,true,0.1097,0.0,899,8192,0.416,0.416,47.86,0.416,0,0,0.0345,0.0345,19.92,0.0,27.1,23.1,1781028009087126180
1781028009193447599,41,0,8,0,true,0.1097,0.0,899,8192,0.416,0.416,47.86,0.416,0,0,0.0345,0.0345,19.92,0.0,27.1,23.1,1781028009168516780
1781028009293930062,41,0,8,0,true,0.1097,0.0,899,8192,0.416,0.416,47.86,0.416,0,0,0.0345,0.0345,19.92,0.0,27.1,23.1,1781028009289529109
1781028009393291327,41,0,8,0,true,0.1097,0.0,899,8192,0.416,0.416,47.86,0.416,0,0,0.0345,0.0345,19.92,0.0,27.1,23.1,1781028009393485436
1781028009494119972,41,0,8,0,true,0.1097,0.0,899,8192,0.416,0.416,47.86,0.416,0,0,0.0345,0.0345,19.92,0.0,27.1,23.1,1781028009474557942
1781028009595014849,41,0,8,0,true,0.1097,0.0,899,8192,0.416,0.416,47.86,0.416,0,0,0.0345,0.0345,19.92,0.0,27.1,23.1,1781028009594782011
1781028009694156243,41,0,8,0,true,0.1097,0.0,899,8192,0.416,0.416,47.86,0.416,0,0,0.0345,0.0345,19.92,0.0,27.1,23.1,1781028009693398676
1781028009793878999,41,0,8,0,true,0.1097,0.0,899,8192,0.416,0.416,47.86,0.416,0,0,0.0345,0.0345,19.92,0.0,27.1,23.1,1781028009776208357
1781028009893761841,41,0,8,0,true,0.1097,0.0,899,8192,0.416,0.416,47.86,0.416,0,0,0.0345,0.0345,19.92,0.0,27.1,23.1,1781028009891436737
1781028009993800858,41,0,8,0,true,0.1097,0.0,899,8192,0.416,0.416,47.86,0.416,0,0,0.0345,0.0345,19.92,0.0,27.1,23.1,1781028009977700891
1781028010094307134,41,0,8,0,true,0.1097,0.0,899,8192,0.416,0.416,47.86,0.416,0,0,0.0345,0.0345,19.92,0.0,27.1,23.1,1781028010089190980
1781028010193870547,41,0,8,0,true,0.1097,0.0,899,8192,0.416,0.416,47.86,0.416,0,0,0.0345,0.0345,19.92,0.0,27.1,23.1,1781028010166308482
1781028010293640694,41,0,8,0,true,0.1097,0.0,899,8192,0.416,0.416,47.86,0.416,0,0,0.0345,0.0345,19.92,0.0,27.1,23.1,1781028010291132194
1781028010393963466,41,0,8,0,true,0.1097,0.0,899,8192,0.416,0.416,47.86,0.416,0,0,0.0345,0.0345,19.92,0.0,27.1,23.1,1781028010381309237
1781028010493812965,41,0,8,0,true,0.1097,0.0,899,8192,0.416,0.416,47.86,0.416,0,0,0.0345,0.0345,19.92,0.0,27.1,23.1,1781028010477318984
1781028010593450843,41,0,8,0,true,0.1097,0.0,899,8192,0.416,0.416,47.86,0.416,0,0,0.0345,0.0345,19.92,0.0,27.1,23.1,1781028010589061920
1781028010694268906,41,0,8,0,true,0.1097,0.0,899,8192,0.416,0.416,47.86,0.416,0,0,0.0345,0.0345,19.92,0.0,27.1,23.1,1781028010681719109
1781028010793499178,41,0,8,0,true,0.1097,0.0,899,8192,0.416,0.416,47.86,0.416,0,0,0.0345,0.0345,19.92,0.0,27.1,23.1,1781028010784649411
1781028010894164661,41,0,8,0,true,0.1097,0.0,899,8192,0.416,0.416,47.86,0.416,0,0,0.0345,0.0345,19.92,0.0,27.1,23.1,1781028010884641399
1781028010993503011,41,0,8,0,true,0.1097,0.0,899,8192,0.416,0.416,47.86,0.416,0,0,0.0345,0.0345,19.92,0.0,27.1,23.1,1781028010990957999
1781028011093482378,41,0,8,0,true,0.1097,0.0,899,8192,0.416,0.416,47.86,0.416,0,0,0.0345,0.0345,19.92,0.0,27.1,23.1,1781028011083134407
1781028011194754497,41,0,8,0,true,0.1097,0.0,899,8192,0.416,0.416,47.86,0.416,0,0,0.0345,0.0345,19.92,0.0,27.1,23.1,1781028011185634888
1781028011293352515,41,0,8,0,true,0.1097,0.0,899,8192,0.416,0.416,47.86,0.416,0,0,0.0345,0.0345,19.92,0.0,27.1,23.1,1781028011288875795
1781028011394025886,41,0,8,0,true,0.1097,0.0,899,8192,0.416,0.416,47.86,0.416,0,0,0.0345,0.0345,19.92,0.0,27.1,23.1,1781028011386876061
1781028011493828302,41,0,8,0,true,0.1097,0.0,899,8192,0.416,0.416,47.86,0.416,0,0,0.0345,0.0345,19.92,0.0,27.1,23.1,1781028011483245555
1781028011593806781,41,0,8,0,true,0.1097,0.0,899,8192,0.416,0.416,47.86,0.416,0,0,0.0345,0.0345,19.92,0.0,27.1,23.1,1781028011588441656
1781028011693997612,41,0,8,0,true,0.1097,0.0,899,8192,0.416,0.416,47.86,0.416,0,0,0.0345,0.0345,19.92,0.0,27.1,23.1,1781028011684678278
1781028011794046013,41,0,8,0,true,0.1097,0.0,899,8192,0.416,0.416,47.86,0.416,0,0,0.0345,0.0345,19.92,0.0,27.1,23.1,1781028011768720405
1781028011893237928,41,0,8,0,true,0.1097,0.0,899,8192,0.416,0.416,47.86,0.416,0,0,0.0345,0.0345,19.92,0.0,27.1,23.1,1781028011892886375
1781028011993689568,41,0,8,0,true,0.1097,0.0,899,8192,0.416,0.416,47.86,0.416,0,0,0.0345,0.0345,19.92,0.0,27.1,23.1,1781028011976211447
1781028012094017911,41,0,8,0,true,0.1097,0.0,899,8192,0.416,0.416,47.86,0.416,0,0,0.0345,0.0345,19.92,0.0,27.1,23.1,1781028012076655441
1781028012193656577,41,0,8,0,true,0.1097,0.0,899,8192,0.416,0.416,47.86,0.416,0,0,0.0345,0.0345,19.92,0.0,27.1,23.1,1781028012178120550
1781028012293980098,41,0,8,0,true,0.1097,0.0,899,8192,0.416,0.416,47.86,0.416,0,0,0.0345,0.0345,19.92,0.0,27.1,23.1,1781028012278542817
1781028012393586970,41,0,8,0,true,0.1097,0.0,899,8192,0.416,0.416,47.86,0.416,0,0,0.0345,0.0345,19.92,0.0,27.1,23.1,1781028012381371495
1781028012493341164,41,0,8,0,true,0.1097,0.0,899,8192,0.416,0.416,47.86,0.416,0,0,0.0345,0.0345,19.92,0.0,27.1,23.1,1781028012479821355
1781028012593826316,41,0,8,0,true,0.1097,0.0,899,8192,0.416,0.416,47.86,0.416,0,0,0.0345,0.0345,19.92,0.0,27.1,23.1,1781028012584428390
1781028012693526463,41,0,8,0,true,0.1097,0.0,899,8192,0.416,0.416,47.86,0.416,0,0,0.0345,0.0345,19.92,0.0,27.1,23.1,1781028012680153624
1781028012793884862,41,0,8,0,true,0.1097,0.0,899,8192,0.416,0.416,47.86,0.416,0,0,0.0345,0.0345,19.92,0.0,27.1,23.1,1781028012786257920
1781028012893432880,41,0,8,0,true,0.1097,0.0,899,8192,0.416,0.416,47.86,0.416,0,0,0.0345,0.0345,19.92,0.0,27.1,23.1,1781028012881060642
1781028012993696892,41,0,8,0,true,0.1097,0.0,899,8192,0.416,0.416,47.86,0.416,0,0,0.0345,0.0345,19.92,0.0,27.1,23.1,1781028012987018872
1781028013093977031,41,0,8,0,true,0.1097,0.0,899,8192,0.416,0.416,47.86,0.416,0,0,0.0345,0.0345,19.92,0.0,27.1,23.1,1781028013086528735
1781028013193551629,41,0,8,0,true,0.1097,0.0,899,8192,0.416,0.416,47.86,0.416,0,0,0.0345,0.0345,19.92,0.0,27.1,23.1,1781028013185125293
1781028013293916851,41,0,8,0,true,0.1097,0.0,899,8192,0.416,0.416,47.86,0.416,0,0,0.0345,0.0345,19.92,0.0,27.1,23.1,1781028013283616231
1781028013394209242,41,0,8,0,true,0.1097,0.0,899,8192,0.416,0.416,47.86,0.416,0,0,0.0345,0.0345,19.92,0.0,27.1,23.1,1781028013385345411
1781028013494096349,41,0,8,0,true,0.1097,0.0,899,8192,0.416,0.416,47.86,0.416,0,0,0.0345,0.0345,19.92,0.0,27.1,23.1,1781028013483462135
1781028013593467085,41,0,8,0,true,0.1097,0.0,899,8192,0.416,0.416,47.86,0.416,0,0,0.0345,0.0345,19.92,0.0,27.1,23.1,1781028013588606480
1781028013693493265,41,0,8,0,true,0.1097,0.0,899,8192,0.416,0.416,47.86,0.416,0,0,0.0345,0.0345,19.92,0.0,27.1,23.1,1781028013684084046
1781028013793803427,41,0,8,0,true,0.1097,0.0,899,8192,0.416,0.416,47.86,0.416,0,0,0.0345,0.0345,19.92,0.0,27.1,23.1,1781028013793060640
1781028013893659057,41,0,8,0,true,0.1097,0.0,899,8192,0.416,0.416,47.86,0.416,0,0,0.0345,0.0345,19.92,0.0,27.1,23.1,1781028013887112728
1781028013993726010,41,0,8,0,true,0.1097,0.0,899,8192,0.416,0.416,47.86,0.416,0,0,0.0345,0.0345,19.92,0.0,27.1,23.1,1781028013975140086
1781028014094093401,41,0,8,0,true,0.1097,0.0,899,8192,0.416,0.416,47.86,0.416,0,0,0.0345,0.0345,19.92,0.0,27.1,23.1,1781028014092678892
1781028014193791686,41,0,8,0,true,0.1097,0.0,899,8192,0.416,0.416,47.86,0.416,0,0,0.0345,0.0345,19.92,0.0,27.1,23.1,1781028014178418712
1781028014293444466,41,0,8,0,true,0.1097,0.0,899,8192,0.416,0.416,47.86,0.416,0,0,0.0345,0.0345,19.92,0.0,27.1,23.1,1781028014290106898
1781028014394107704,41,0,8,0,true,0.1097,0.0,899,8192,0.416,0.416,47.86,0.416,0,0,0.0345,0.0345,19.92,0.0,27.1,23.1,1781028014392728195
1781028014493736067,41,0,8,0,true,0.1097,0.0,899,8192,0.416,0.416,47.86,0.416,0,0,0.0345,0.0345,19.92,0.0,27.1,23.1,1781028014492410538
1781028014593745350,41,0,8,0,true,0.1097,0.0,899,8192,0.416,0.416,47.86,0.416,0,0,0.0345,0.0345,19.92,0.0,27.1,23.1,1781028014577253130
1781028014694185586,41,0,8,0,true,0.1097,0.0,899,8192,0.416,0.416,47.86,0.416,0,0,0.0345,0.0345,19.92,0.0,27.1,23.1,1781028014674545650
1781028014793343651,41,0,8,0,true,0.1097,0.0,899,8192,0.416,0.416,47.86,0.416,0,0,0.0345,0.0345,19.92,0.0,27.1,23.1,1781028014787998390
1781028014893809860,41,0,8,0,true,0.1097,0.0,899,8192,0.416,0.416,47.86,0.416,0,0,0.0345,0.0345,19.92,0.0,27.1,23.1,1781028014877398568
1781028014993570830,41,0,8,0,true,0.1097,0.0,899,8192,0.416,0.416,47.86,0.416,0,0,0.0345,0.0345,19.92,0.0,27.1,23.1,1781028014982050840
1781028015094274936,41,0,8,0,true,0.1097,0.0,899,8192,0.416,0.416,47.86,0.416,0,0,0.0345,0.0345,19.92,0.0,27.1,23.1,1781028015078823448
1781028015194278893,41,0,8,0,true,0.1097,0.0,899,8192,0.416,0.416,47.86,0.416,0,0,0.0345,0.0345,19.92,0.0,27.1,23.1,1781028015186169478
1781028015294036319,41,0,8,0,true,0.1097,0.0,899,8192,0.416,0.416,47.86,0.416,0,0,0.0345,0.0345,19.92,0.0,27.1,23.1,1781028015281628150
1781028015393878131,41,0,8,0,true,0.1097,0.0,899,8192,0.416,0.416,47.86,0.416,0,0,0.0345,0.0345,19.92,0.0,27.1,23.1,1781028015386007743
1781028015493456945,41,0,8,0,true,0.1097,0.0,899,8192,0.416,0.416,47.85,0.416,0,0,0.0345,0.0345,19.92,0.0,27.1,23.1,1781028015481112142
1781028015594214018,41,0,8,0,true,0.1097,0.0,899,8192,0.416,0.416,47.85,0.416,0,0,0.0345,0.0345,19.92,0.0,27.1,23.1,1781028015588224626
1781028015693869831,41,0,8,0,true,0.1097,0.0,899,8192,0.416,0.416,47.85,0.416,0,0,0.0345,0.0345,19.92,0.0,27.1,23.1,1781028015684209285
1781028015793438826,41,0,8,0,true,0.1097,0.0,899,8192,0.416,0.416,47.85,0.416,0,0,0.0345,0.0345,19.92,0.0,27.1,23.1,1781028015788786161
1781028015894018904,41,0,8,0,true,0.1097,0.0,899,8192,0.416,0.416,47.85,0.416,0,0,0.0345,0.0345,19.92,0.0,27.1,23.1,1781028015886581205
1781028015993764322,41,0,8,0,true,0.1097,0.0,899,8192,0.416,0.416,47.85,0.416,0,0,0.0345,0.0345,19.92,0.0,27.1,23.1,1781028015990702984
1781028016093572512,41,0,8,0,true,0.1097,0.0,899,8192,0.416,0.416,47.85,0.416,0,0,0.0345,0.0345,19.92,0.0,27.1,23.1,1781028016086197593
1781028016193911815,41,0,8,0,true,0.1097,0.0,899,8192,0.416,0.416,47.85,0.416,0,0,0.0345,0.0345,19.92,0.0,27.1,23.1,1781028016189001214
1781028016293511570,41,0,8,0,true,0.1097,0.0,899,8192,0.416,0.416,47.85,0.416,0,0,0.0345,0.0345,19.92,0.0,27.1,23.1,1781028016287134822
1781028016393960511,41,0,8,0,true,0.1097,0.0,899,8192,0.416,0.416,47.85,0.416,0,0,0.0345,0.0345,19.92,0.0,27.1,23.1,1781028016371930825
1781028016493527700,41,0,8,0,true,0.1097,0.0,899,8192,0.416,0.416,47.85,0.416,0,0,0.0345,0.0345,19.91,0.0,27.1,23.1,1781028016490169733
1781028016593701407,41,0,8,0,true,0.1097,0.0,899,8192,0.416,0.416,47.85,0.416,0,0,0.0345,0.0345,19.91,0.0,27.1,23.1,1781028016593692539
1781028016693564886,41,0,8,0,true,0.1097,0.0,899,8192,0.416,0.416,47.85,0.416,0,0,0.0345,0.0345,19.91,0.0,27.1,23.1,1781028016687239334
1781028016793970740,41,0,8,0,true,0.1097,0.0,899,8192,0.416,0.416,47.85,0.416,0,0,0.0345,0.0345,19.91,0.0,27.1,23.1,1781028016792614474
1781028016894259533,41,0,8,0,true,0.1097,0.0,899,8192,0.416,0.416,47.85,0.416,0,0,0.0345,0.0345,19.91,0.0,27.1,23.1,1781028016889818832
1781028016993839904,41,0,8,0,true,0.1097,0.0,899,8192,0.416,0.416,47.85,0.416,0,0,0.0345,0.0345,19.91,0.0,27.1,23.1,1781028016970172017
1781028017093455784,41,0,8,0,true,0.1097,0.0,899,8192,0.416,0.416,47.85,0.416,0,0,0.0345,0.0345,19.91,0.0,27.1,23.1,1781028017089100373
1781028017193927319,41,0,8,0,true,0.1097,0.0,899,8192,0.416,0.416,47.85,0.416,0,0,0.0345,0.0345,19.91,0.0,27.1,23.1,1781028017169413130
1781028017293819742,41,0,8,0,true,0.1097,0.0,899,8192,0.416,0.416,47.85,0.416,0,0,0.0345,0.0345,19.91,0.0,27.1,23.1,1781028017276927825
1781028017394200805,41,0,8,0,true,0.1097,0.0,899,8192,0.416,0.416,47.85,0.416,0,0,0.0345,0.0345,19.91,0.0,27.1,23.1,1781028017379628819
1781028017493942966,41,0,8,0,true,0.1097,0.0,899,8192,0.416,0.416,47.85,0.416,0,0,0.0345,0.0345,19.91,0.0,27.1,23.1,1781028017494293509
1781028017594064782,41,0,8,0,true,0.1097,0.0,899,8192,0.416,0.416,47.85,0.416,0,0,0.0345,0.0345,19.91,0.0,27.1,23.1,1781028017587164490
1781028017694179444,41,0,8,0,true,0.1097,0.0,899,8192,0.416,0.416,47.85,0.416,0,0,0.0345,0.0345,19.91,0.0,27.1,23.1,1781028017675858165
1781028017794045857,41,0,8,0,true,0.1097,0.0,899,8192,0.416,0.416,47.85,0.416,0,0,0.0345,0.0345,19.91,0.0,27.1,23.1,1781028017784923644
1781028017894126948,41,0,8,0,true,0.1097,0.0,899,8192,0.416,0.416,47.85,0.416,0,0,0.0345,0.0345,19.91,0.0,27.1,23.1,1781028017883333250
1781028017993424906,41,0,8,0,true,0.1097,0.0,899,8192,0.416,0.416,47.85,0.416,0,0,0.0345,0.0345,19.91,0.0,27.1,23.1,1781028017984562496
1781028018093557584,41,0,8,0,true,0.1097,0.0,899,8192,0.416,0.416,47.85,0.416,0,0,0.0345,0.0345,19.91,0.0,27.1,23.1,1781028018081284050
1781028018194254985,41,0,8,0,true,0.1097,0.0,899,8192,0.416,0.416,47.85,0.416,0,0,0.0345,0.0345,19.91,0.0,27.1,23.1,1781028018186010972
1781028018293544977,41,0,8,0,true,0.1097,0.0,899,8192,0.416,0.416,47.85,0.416,0,0,0.0345,0.0345,19.91,0.0,27.1,23.1,1781028018284031088
1781028018394200329,41,0,8,0,true,0.1097,0.0,899,8192,0.416,0.416,47.85,0.416,0,0,0.0345,0.0345,19.91,0.0,27.1,23.1,1781028018387323845
1781028018493404954,41,0,8,0,true,0.1097,0.0,899,8192,0.416,0.416,47.85,0.416,0,0,0.0345,0.0345,19.91,0.0,27.1,23.1,1781028018489824533
1781028018593786501,41,0,8,0,true,0.1097,0.0,899,8192,0.416,0.416,47.85,0.416,0,0,0.0345,0.0345,19.91,0.0,27.1,23.1,1781028018589338092
1781028018693466703,41,0,8,0,true,0.1097,0.0,899,8192,0.416,0.416,47.85,0.416,0,0,0.0345,0.0345,19.91,0.0,27.1,23.1,1781028018683915290
1781028018794128170,41,0,8,0,true,0.1097,0.0,899,8192,0.416,0.416,47.85,0.416,0,0,0.0345,0.0345,19.91,0.0,27.1,23.1,1781028018790040221
1781028018893673119,41,0,8,0,true,0.1097,0.0,899,8192,0.416,0.416,47.85,0.416,0,0,0.0345,0.0345,19.91,0.0,27.1,23.1,1781028018884274322
1781028018994117866,41,0,8,0,true,0.1097,0.0,899,8192,0.416,0.416,47.85,0.416,0,0,0.0345,0.0345,19.91,0.0,27.1,23.1,1781028018991819530
1781028019093656351,41,0,8,0,true,0.1097,0.0,899,8192,0.416,0.416,47.85,0.416,0,0,0.0345,0.0345,19.91,0.0,27.1,23.1,1781028019085158239
1781028019193769546,41,0,8,0,true,0.1097,0.0,899,8192,0.416,0.416,47.85,0.416,0,0,0.0345,0.0345,19.91,0.0,27.1,23.1,1781028019165842179
1781028019293389135,41,0,8,0,true,0.1097,0.0,899,8192,0.416,0.416,47.85,0.416,0,0,0.0345,0.0345,19.91,0.0,27.1,23.1,1781028019285844336
1781028019393752566,41,0,8,0,true,0.1097,0.0,899,8192,0.416,0.416,47.85,0.416,0,0,0.0345,0.0345,19.91,0.0,27.1,23.1,1781028019369439012
1781028019493339702,41,0,8,0,true,0.1097,0.0,899,8192,0.416,0.416,47.85,0.416,0,0,0.0345,0.0345,19.91,0.0,27.1,23.1,1781028019488915838
1781028019593981395,41,0,8,0,true,0.1097,0.0,899,8192,0.416,0.416,47.85,0.416,0,0,0.0345,0.0345,19.91,0.0,27.1,23.1,1781028019593008623
1781028019694129177,41,0,8,0,true,0.1097,0.0,899,8192,0.416,0.416,47.85,0.416,0,0,0.0345,0.0345,19.91,0.0,27.1,23.1,1781028019687552108
1781028019794068184,41,0,8,0,true,0.1097,0.0,899,8192,0.416,0.416,47.85,0.416,0,0,0.0345,0.0345,19.91,0.0,27.1,23.1,1781028019792739077
1781028019893807181,41,0,8,0,true,0.1097,0.0,899,8192,0.416,0.416,47.85,0.416,0,0,0.0345,0.0345,19.91,0.0,27.1,23.1,1781028019889459622
1781028019993788737,41,0,8,0,true,0.1097,0.0,899,8192,0.416,0.416,47.85,0.416,0,0,0.0345,0.0345,19.91,0.0,27.1,23.1,1781028019971506767
1781028020093465862,41,0,8,0,true,0.1097,0.0,899,8192,0.416,0.416,47.85,0.416,0,0,0.0345,0.0345,19.91,0.0,27.1,23.1,1781028020092168908
1781028020194784016,41,0,8,0,true,0.1097,0.0,899,8192,0.416,0.416,47.85,0.416,0,0,0.0345,0.0345,19.91,0.0,27.1,23.1,1781028020175136927
1781028020294060178,41,0,8,0,true,0.1097,0.0,899,8192,0.416,0.416,47.85,0.416,0,0,0.0345,0.0345,19.91,0.0,27.1,23.1,1781028020292718623
1781028020394304039,41,0,8,0,true,0.1097,0.0,899,8192,0.416,0.416,47.85,0.416,0,0,0.0345,0.0345,19.91,0.0,27.1,23.1,1781028020378778475
1781028020494009004,41,0,8,0,true,0.1097,0.0,899,8192,0.416,0.416,47.85,0.416,0,0,0.0345,0.0345,19.91,0.0,27.1,23.1,1781028020475561183
1781028020593587190,41,0,8,0,true,0.1097,0.0,899,8192,0.416,0.416,47.85,0.416,0,0,0.0345,0.0345,19.91,0.0,27.1,23.1,1781028020580788406
1781028020694296596,41,0,8,0,true,0.1097,0.0,899,8192,0.416,0.416,47.85,0.416,0,0,0.0345,0.0345,19.91,0.0,27.1,23.1,1781028020678796149
1781028020794268664,41,0,8,0,true,0.1097,0.0,899,8192,0.416,0.416,47.85,0.416,0,0,0.0345,0.0345,19.91,0.0,27.1,23.1,1781028020783733881
1781028020893383987,41,0,8,0,true,0.1097,0.0,899,8192,0.416,0.416,47.85,0.416,0,0,0.0345,0.0345,19.91,0.0,27.1,23.1,1781028020880017876
1781028020993712518,41,0,8,0,true,0.1097,0.0,899,8192,0.416,0.416,47.85,0.416,0,0,0.0345,0.0345,19.91,0.0,27.1,23.1,1781028020984635535
1781028021093423018,41,0,8,0,true,0.1097,0.0,899,8192,0.416,0.416,47.85,0.416,0,0,0.0345,0.0345,19.91,0.0,27.1,23.1,1781028021083006638
1781028021193974836,41,0,8,0,true,0.1097,0.0,899,8192,0.416,0.416,47.85,0.416,0,0,0.0345,0.0345,19.91,0.0,27.1,23.1,1781028021188247733
1781028021294219061,41,0,8,0,true,0.1097,0.0,899,8192,0.416,0.416,47.85,0.416,0,0,0.0345,0.0345,19.91,0.0,27.1,23.1,1781028021282901866
1781028021393970758,41,0,8,0,true,0.1097,0.0,899,8192,0.416,0.416,47.85,0.416,0,0,0.0345,0.0345,19.91,0.0,27.1,23.1,1781028021368707660
1781028021494081893,41,0,8,0,true,0.1097,0.0,899,8192,0.416,0.416,47.85,0.416,0,0,0.0345,0.0345,19.91,0.0,27.1,23.1,1781028021489618895
1781028021594263196,41,0,8,0,true,0.1097,0.0,899,8192,0.416,0.416,47.85,0.416,0,0,0.0345,0.0345,19.91,0.0,27.1,23.1,1781028021570266725
1781028021693541999,41,0,8,0,true,0.1097,0.0,899,8192,0.416,0.416,47.85,0.416,0,0,0.0345,0.0345,19.91,0.0,27.1,23.1,1781028021685886297
1781028021794164758,41,0,8,0,true,0.1097,0.0,899,8192,0.416,0.416,47.85,0.416,0,0,0.0345,0.0345,19.91,0.0,27.1,23.1,1781028021767317981
1781028021893498977,41,0,8,0,true,0.1097,0.0,899,8192,0.416,0.416,47.85,0.416,0,0,0.0345,0.0345,19.91,0.0,27.1,23.1,1781028021887188716
1781028021993891017,41,0,8,0,true,0.1097,0.0,899,8192,0.416,0.416,47.85,0.416,0,0,0.0345,0.0345,19.91,0.0,27.1,23.1,1781028021967780637
1781028022093387559,41,0,8,0,true,0.1097,0.0,899,8192,0.416,0.416,47.85,0.416,0,0,0.0345,0.0345,19.91,0.0,27.1,23.1,1781028022089860959
1781028022194674836,41,0,8,0,true,0.1097,0.0,899,8192,0.416,0.416,47.85,0.416,0,0,0.0345,0.0345,19.91,0.0,27.1,23.1,1781028022170405545
1781028022293947687,41,0,8,0,true,0.1097,0.0,899,8192,0.416,0.416,47.85,0.416,0,0,0.0345,0.0345,19.91,0.0,27.1,23.1,1781028022280460422
1781028022393888929,41,0,8,0,true,0.1097,0.0,899,8192,0.416,0.416,47.85,0.416,0,0,0.0345,0.0345,19.91,0.0,27.1,23.1,1781028022378514233
1781028022493568775,41,0,8,0,true,0.1097,0.0,899,8192,0.416,0.416,47.85,0.416,0,0,0.0345,0.0345,19.91,0.0,27.1,23.1,1781028022476024993
1781028022593929094,41,0,8,0,true,0.1097,0.0,899,8192,0.416,0.416,47.85,0.416,0,0,0.0345,0.0345,19.91,0.0,27.1,23.1,1781028022579196706
1781028022693475282,41,0,8,0,true,0.1097,0.0,899,8192,0.416,0.416,47.85,0.416,0,0,0.0345,0.0345,19.91,0.0,27.1,23.1,1781028022683018824
1781028022793581593,41,0,8,0,true,0.1097,0.0,899,8192,0.416,0.416,47.85,0.416,0,0,0.0345,0.0345,19.91,0.0,27.1,23.1,1781028022787482770
1781028022894289026,41,0,8,0,true,0.1097,0.0,899,8192,0.416,0.416,47.85,0.416,0,0,0.0345,0.0345,19.91,0.0,27.1,23.1,1781028022880865649
1781028022996739362,41,0,8,0,true,0.1097,0.0,899,8192,0.416,0.416,47.85,0.416,0,0,0.0345,0.0345,19.91,0.0,27.1,23.1,1781028022965952946
1781028023093892204,41,0,8,0,true,0.1097,0.0,899,8192,0.416,0.416,47.85,0.416,0,0,0.0345,0.0345,19.91,0.0,27.1,23.1,1781028023086523345
1781028023194137251,41,0,8,0,true,0.1097,0.0,899,8192,0.416,0.416,47.85,0.416,0,0,0.0345,0.0345,19.91,0.0,27.1,23.1,1781028023166630788
1781028023293475460,41,0,8,0,true,0.1097,0.0,899,8192,0.416,0.416,47.85,0.416,0,0,0.0345,0.0345,19.91,0.0,27.1,23.1,1781028023288062637
1781028023393987422,41,0,8,0,true,0.1097,0.0,899,8192,0.416,0.416,47.85,0.416,0,0,0.0345,0.0345,19.91,0.0,27.1,23.1,1781028023379458545
1781028023494269858,41,0,8,0,true,0.1097,0.0,899,8192,0.416,0.416,47.85,0.416,0,0,0.0345,0.0345,19.91,0.0,27.1,23.1,1781028023478774039
1781028023594268498,41,0,8,0,true,0.1097,0.0,899,8192,0.416,0.416,47.85,0.416,0,0,0.0345,0.0345,19.91,0.0,27.1,23.1,1781028023581928073
1781028023693958771,41,0,8,0,true,0.1097,0.0,899,8192,0.416,0.416,47.85,0.416,0,0,0.0345,0.0345,19.91,0.0,27.1,23.1,1781028023679517251
1781028023793596255,41,0,8,0,true,0.1097,0.0,899,8192,0.416,0.416,47.85,0.416,0,0,0.0345,0.0345,19.91,0.0,27.1,23.1,1781028023784050669
1781028023893945009,41,0,8,0,true,0.1097,0.0,899,8192,0.416,0.416,47.85,0.416,0,0,0.0345,0.0345,19.91,0.0,27.1,23.1,1781028023881556692
1781028023993724654,41,0,8,0,true,0.1097,0.0,899,8192,0.416,0.416,47.85,0.416,0,0,0.0345,0.0345,19.91,0.0,27.1,23.1,1781028023990726734
1781028024094105094,41,0,8,0,true,0.1097,0.0,899,8192,0.416,0.416,47.85,0.416,0,0,0.0345,0.0345,19.91,0.0,27.1,23.1,1781028024082780541
1781028024194428602,41,0,8,0,true,0.1097,0.0,899,8192,0.416,0.416,47.85,0.416,0,0,0.0345,0.0345,19.91,0.0,27.1,23.1,1781028024188074049
1781028024293396206,41,0,8,0,true,0.1097,0.0,899,8192,0.416,0.416,47.85,0.416,0,0,0.0345,0.0345,19.91,0.0,27.1,23.1,1781028024283848039
1781028024394063435,41,0,8,0,true,0.1097,0.0,899,8192,0.416,0.416,47.85,0.416,0,0,0.0345,0.0345,19.91,0.0,27.1,23.1,1781028024387066798
1781028024494214687,41,0,8,0,true,0.1097,0.0,899,8192,0.416,0.416,47.85,0.416,0,0,0.0345,0.0345,19.91,0.0,27.1,23.1,1781028024489780297
1781028024593774261,41,0,8,0,true,0.1097,0.0,899,8192,0.416,0.416,47.85,0.416,0,0,0.0345,0.0345,19.91,0.0,27.1,23.1,1781028024590839676
1781028024693851548,41,0,8,0,true,0.1097,0.0,899,8192,0.416,0.416,47.85,0.416,0,0,0.0345,0.0345,19.91,0.0,27.1,23.1,1781028024689281558
1781028024794080345,41,0,8,0,true,0.1097,0.0,899,8192,0.416,0.416,47.85,0.416,0,0,0.0345,0.0345,19.91,0.0,27.1,23.1,1781028024785000463
1781028024893694792,41,0,8,0,true,0.1097,0.0,899,8192,0.416,0.416,47.85,0.416,0,0,0.0345,0.0345,19.91,0.0,27.1,23.1,1781028024875308416
1781028024996738445,41,0,8,0,true,0.1097,0.0,899,8192,0.416,0.416,47.85,0.416,0,0,0.0345,0.0345,19.91,0.0,27.1,23.1,1781028024976851531
1781028025094224400,41,0,8,0,true,0.1097,0.0,899,8192,0.416,0.416,47.85,0.416,0,0,0.0345,0.0345,19.91,0.0,27.1,23.1,1781028025076705929
1781028025198531301,41,0,8,0,true,0.1097,0.0,899,8192,0.416,0.416,47.85,0.416,0,0,0.0345,0.0345,19.91,0.0,27.1,23.1,1781028025179991235
1781028025299354012,41,0,8,0,true,0.1097,0.0,899,8192,0.416,0.416,47.85,0.416,0,0,0.0345,0.0345,19.91,0.0,27.1,23.1,1781028025280511513
1781028025399981175,41,0,8,0,true,0.1097,0.0,899,8192,0.416,0.416,47.85,0.416,0,0,0.0345,0.0345,19.91,0.0,27.1,23.1,1781028025378113363
1781028025499951698,41,0,8,0,true,0.1097,0.0,899,8192,0.416,0.416,47.85,0.416,0,0,0.0345,0.0345,19.91,0.0,27.1,23.1,1781028025480288624
1781028025599457944,41,0,8,0,true,0.1097,0.0,899,8192,0.416,0.416,47.85,0.416,0,0,0.0345,0.0345,19.91,0.0,27.1,23.1,1781028025584682665
1781028025700067068,41,0,8,0,true,0.1097,0.0,899,8192,0.416,0.416,47.85,0.416,0,0,0.0345,0.0345,19.91,0.0,27.1,23.1,1781028025681172163
1781028025799889156,41,0,8,0,true,0.1097,0.0,899,8192,0.416,0.416,47.85,0.416,0,0,0.0345,0.0345,19.91,0.0,27.1,23.1,1781028025786750212
1781028025900007323,41,0,8,0,true,0.1097,0.0,899,8192,0.416,0.416,47.85,0.416,0,0,0.0345,0.0345,19.91,0.0,27.1,23.1,1781028025882922289
1781028025999596677,41,0,8,0,true,0.1097,0.0,899,8192,0.416,0.416,47.85,0.416,0,0,0.0345,0.0345,19.91,0.0,27.1,23.1,1781028025994180939
1781028026099326642,41,0,8,0,true,0.1097,0.0,899,8192,0.416,0.416,47.85,0.416,0,0,0.0345,0.0345,19.91,0.0,27.1,23.1,1781028026085823433
1781028026199860664,41,0,8,0,true,0.1097,0.0,899,8192,0.416,0.416,47.85,0.416,0,0,0.0345,0.0345,19.91,0.0,27.1,23.1,1781028026187272785
1781028026299409165,41,0,8,0,true,0.1097,0.0,899,8192,0.416,0.416,47.85,0.416,0,0,0.0345,0.0345,19.91,0.0,27.1,23.1,1781028026286636337
1781028026400061123,41,0,8,0,true,0.1097,0.0,899,8192,0.416,0.416,47.85,0.416,0,0,0.0345,0.0345,19.91,0.0,27.1,23.1,1781028026394041022
1781028026500058003,41,0,8,0,true,0.1097,0.0,899,8192,0.416,0.416,47.85,0.416,0,0,0.0345,0.0345,19.91,0.0,27.1,23.1,1781028026489177444
1781028026599898131,41,0,8,0,true,0.1097,0.0,899,8192,0.416,0.416,47.85,0.416,0,0,0.0345,0.0345,19.91,0.0,27.1,23.1,1781028026590865692
1781028026699343160,41,0,8,0,true,0.1097,0.0,899,8192,0.416,0.416,47.85,0.416,0,0,0.0345,0.0345,19.91,0.0,27.1,23.1,1781028026692323605
1781028026799734515,41,0,8,0,true,0.1097,0.0,899,8192,0.416,0.416,47.85,0.416,0,0,0.0345,0.0345,19.91,0.0,27.1,23.1,1781028026795111927
1781028026900119479,41,0,8,0,true,0.1097,0.0,899,8192,0.416,0.416,47.85,0.416,0,0,0.0345,0.0345,19.91,0.0,27.1,23.1,1781028026894574148
1781028026999948095,41,0,8,0,true,0.1097,0.0,899,8192,0.416,0.416,47.85,0.416,0,0,0.0345,0.0345,19.91,0.0,27.1,23.1,1781028026996388098
1781028027099996434,41,0,8,0,true,0.1097,0.0,899,8192,0.416,0.416,47.85,0.416,0,0,0.0345,0.0345,19.91,0.0,27.1,23.1,1781028027090318745
1781028027199508678,41,0,8,0,true,0.1097,0.0,899,8192,0.416,0.416,47.85,0.416,0,0,0.0345,0.0345,19.91,0.0,27.1,23.1,1781028027195543543
1781028027300237996,41,0,8,0,true,0.1097,0.0,899,8192,0.416,0.416,47.85,0.416,0,0,0.0345,0.0345,19.91,0.0,27.1,23.1,1781028027291366555
1781028027400244886,41,0,8,0,true,0.1097,0.0,899,8192,0.416,0.416,47.85,0.416,0,0,0.0345,0.0345,19.91,0.0,27.1,23.1,1781028027376678600
1781028027499476144,41,0,8,0,true,0.1097,0.0,899,8192,0.416,0.416,47.85,0.416,0,0,0.0345,0.0345,19.91,0.0,27.1,23.1,1781028027493123384
1781028027600132127,41,0,8,0,true,0.1097,0.0,899,8192,0.416,0.416,47.85,0.416,0,0,0.0345,0.0345,19.91,0.0,27.1,23.1,1781028027598790240
1781028027699371309,41,0,8,0,true,0.1097,0.0,899,8192,0.416,0.416,47.85,0.416,0,0,0.0345,0.0345,19.91,0.0,27.1,23.1,1781028027678259709
1781028027799926632,41,0,8,0,true,0.1097,0.0,899,8192,0.416,0.416,47.85,0.416,0,0,0.0345,0.0345,19.91,0.0,27.1,23.1,1781028027798509471
1781028027899665594,41,0,8,0,true,0.1097,0.0,899,8192,0.416,0.416,47.85,0.416,0,0,0.0345,0.0345,19.91,0.0,27.1,23.1,1781028027892771630
1781028027999347959,41,0,8,0,true,0.1097,0.0,899,8192,0.416,0.416,47.85,0.416,0,0,0.0345,0.0345,19.91,0.0,27.1,23.1,1781028027997007849
1781028028099802731,41,0,8,0,true,0.1097,0.0,899,8192,0.416,0.416,47.85,0.416,0,0,0.0345,0.0345,19.91,0.0,27.1,23.1,1781028028096273364
1781028028199550459,41,0,8,0,true,0.1097,0.0,899,8192,0.416,0.416,47.85,0.416,0,0,0.0345,0.0345,19.91,0.0,27.1,23.1,1781028028176765076
1781028028299709668,41,0,8,0,true,0.1097,0.0,899,8192,0.416,0.416,47.85,0.416,0,0,0.0345,0.0345,19.91,0.0,27.1,23.1,1781028028283024504
1781028028400101641,41,0,8,0,true,0.1097,0.0,899,8192,0.416,0.416,47.85,0.416,0,0,0.0345,0.0345,19.91,0.0,27.1,23.1,1781028028382373880
1781028028500166933,41,0,8,0,true,0.1097,0.0,899,8192,0.416,0.416,47.85,0.416,0,0,0.0345,0.0345,19.91,0.0,27.1,23.1,1781028028497818167
1781028028599566245,41,0,8,0,true,0.1097,0.0,899,8192,0.416,0.416,47.85,0.416,0,0,0.0345,0.0345,19.91,0.0,27.1,23.1,1781028028581649852
1781028028699771588,41,0,8,0,true,0.1097,0.0,899,8192,0.416,0.416,47.85,0.416,0,0,0.0345,0.0345,19.91,0.0,27.1,23.1,1781028028684009504
1781028028799832530,41,0,8,0,true,0.1097,0.0,899,8192,0.416,0.416,47.85,0.416,0,0,0.0345,0.0345,19.91,0.0,27.1,23.1,1781028028785153382
1781028028899869564,41,0,8,0,true,0.1097,0.0,899,8192,0.416,0.416,47.85,0.416,0,0,0.0345,0.0345,19.91,0.0,27.1,23.1,1781028028889672949
1781028028999368178,41,0,8,0,true,0.1097,0.0,899,8192,0.416,0.416,47.85,0.416,0,0,0.0345,0.0345,19.91,0.0,27.1,23.1,1781028028995859594
1781028029099346951,41,0,8,0,true,0.1097,0.0,899,8192,0.416,0.416,47.85,0.416,0,0,0.0345,0.0345,19.91,0.0,27.1,23.1,1781028029093958120
1781028029200617498,41,0,8,0,true,0.1097,0.0,899,8192,0.416,0.416,47.85,0.416,0,0,0.0345,0.0345,19.91,0.0,27.1,23.1,1781028029169169997
1781028029299738039,41,0,8,0,true,0.1097,0.0,899,8192,0.416,0.416,47.85,0.416,0,0,0.0345,0.0345,19.91,0.0,27.1,23.1,1781028029295367936
1781028029399842626,41,0,8,0,true,0.1097,0.0,899,8192,0.416,0.416,47.85,0.416,0,0,0.0345,0.0345,19.91,0.0,27.1,23.1,1781028029379340964
1781028029500126710,41,0,8,0,true,0.1097,0.0,899,8192,0.416,0.416,47.85,0.416,0,0,0.0345,0.0345,19.91,0.0,27.1,23.1,1781028029496860590
1781028029602586924,41,0,8,0,true,0.1097,0.0,899,8192,0.416,0.416,47.85,0.416,0,0,0.0345,0.0345,19.91,0.0,27.1,23.1,1781028029600602562
1781028029699559154,41,0,8,0,true,0.1097,0.0,899,8192,0.416,0.416,47.85,0.416,0,0,0.0345,0.0345,19.91,0.0,27.1,23.1,1781028029679566678
1781028029800557810,41,0,8,0,true,0.1097,0.0,899,8192,0.416,0.416,47.85,0.416,0,0,0.0345,0.0345,19.91,0.0,27.1,23.1,1781028029793624859
1781028029899564517,41,0,8,0,true,0.1097,0.0,899,8192,0.416,0.416,47.85,0.416,0,0,0.0345,0.0345,19.91,0.0,27.1,23.1,1781028029884718490
1781028030000548778,41,0,8,0,true,0.1097,0.0,899,8192,0.416,0.416,47.85,0.416,0,0,0.0345,0.0345,19.91,0.0,27.1,23.1,1781028029988406406
1781028030100155043,41,0,8,0,true,0.1097,0.0,899,8192,0.416,0.416,47.85,0.416,0,0,0.0345,0.0345,19.91,0.0,27.1,23.1,1781028030085371324
1781028030199945931,41,0,8,0,true,0.1097,0.0,899,8192,0.416,0.416,47.85,0.416,0,0,0.0345,0.0345,19.91,0.0,27.1,23.1,1781028030189059062
1781028030299689835,41,0,8,0,true,0.1097,0.0,899,8192,0.416,0.416,47.85,0.416,0,0,0.0345,0.0345,19.9,0.0,27.1,23.1,1781028030288134397
1781028030400995361,41,0,8,0,true,0.1097,0.0,899,8192,0.416,0.416,47.85,0.416,0,0,0.0345,0.0345,19.9,0.0,27.1,23.1,1781028030395066167
1781028030499925425,41,0,8,0,true,0.1097,0.0,899,8192,0.416,0.416,47.85,0.416,0,0,0.0345,0.0345,19.9,0.0,27.1,23.1,1781028030500525915
1781028030599323681,41,0,8,0,true,0.1097,0.0,899,8192,0.416,0.416,47.85,0.416,0,0,0.0345,0.0345,19.9,0.0,27.1,23.1,1781028030580727052
1781028030699450697,41,0,8,0,true,0.1097,0.0,899,8192,0.416,0.416,47.85,0.416,0,0,0.0345,0.0345,19.9,0.0,27.1,23.1,1781028030679580631
1781028030799889602,41,0,8,0,true,0.1097,0.0,899,8192,0.416,0.416,47.85,0.416,0,0,0.0345,0.0345,19.9,0.0,27.1,23.1,1781028030784095345
1781028030899465007,41,0,8,0,true,0.1097,0.0,899,8192,0.416,0.416,47.85,0.416,0,0,0.0345,0.0345,19.9,0.0,27.1,23.1,1781028030880834495
1781028030999764889,41,0,8,0,true,0.1097,0.0,899,8192,0.416,0.416,47.85,0.416,0,0,0.0345,0.0345,19.9,0.0,27.1,23.1,1781028030986241815
1781028031099313101,41,0,8,0,true,0.1097,0.0,899,8192,0.416,0.416,47.85,0.416,0,0,0.0345,0.0345,19.9,0.0,27.1,23.1,1781028031099724845
1781028031199978433,41,0,8,0,true,0.1097,0.0,899,8192,0.416,0.416,47.85,0.416,0,0,0.0345,0.0345,19.9,0.0,27.1,23.1,1781028031188341450
1781028031300037563,41,0,8,0,true,0.1097,0.0,899,8192,0.416,0.416,47.85,0.416,0,0,0.0345,0.0345,19.9,0.0,27.1,23.1,1781028031288367831
1781028031399402051,41,0,8,0,true,0.1097,0.0,899,8192,0.416,0.416,47.85,0.416,0,0,0.0345,0.0345,19.9,0.0,27.1,23.1,1781028031390182765
1781028031499731986,41,0,8,0,true,0.1097,0.0,899,8192,0.416,0.416,47.85,0.416,0,0,0.0345,0.0345,19.9,0.0,27.1,23.1,1781028031488157154
1781028031599331085,41,0,8,0,true,0.1097,0.0,899,8192,0.416,0.416,47.85,0.416,0,0,0.0345,0.0345,19.9,0.0,27.1,23.1,1781028031592201998
1781028031700007440,41,0,8,0,true,0.1097,0.0,899,8192,0.416,0.416,47.85,0.416,0,0,0.0345,0.0345,19.9,0.0,27.1,23.1,1781028031687409015
1781028031799267815,41,0,8,0,true,0.1097,0.0,899,8192,0.416,0.416,47.85,0.416,0,0,0.0345,0.0345,19.9,0.0,27.1,23.1,1781028031795894202
1781028031899998532,41,0,8,0,true,0.1097,0.0,899,8192,0.416,0.416,47.85,0.416,0,0,0.0345,0.0345,19.9,0.0,27.1,23.1,1781028031892540847
1781028031999844099,41,0,8,0,true,0.1097,0.0,899,8192,0.416,0.416,47.85,0.416,0,0,0.0345,0.0345,19.9,0.0,27.1,23.1,1781028031973213389
1781028032099239651,41,0,8,0,true,0.1097,0.0,899,8192,0.416,0.416,47.85,0.416,0,0,0.0345,0.0345,19.9,0.0,27.1,23.1,1781028032080497641
1781028032200099945,41,0,8,0,true,0.1097,0.0,899,8192,0.416,0.416,47.85,0.416,0,0,0.0345,0.0345,19.9,0.0,27.1,23.1,1781028032175389453
1781028032299316809,41,0,8,0,true,0.1097,0.0,899,8192,0.416,0.416,47.85,0.416,0,0,0.0345,0.0345,19.9,0.0,27.1,23.1,1781028032295839526
1781028032399993269,41,0,8,0,true,0.1097,0.0,899,8192,0.416,0.416,47.85,0.416,0,0,0.0345,0.0345,19.9,0.0,27.1,23.1,1781028032378033983
1781028032499880039,41,0,8,0,true,0.1097,0.0,899,8192,0.416,0.416,47.85,0.416,0,0,0.0345,0.0345,19.9,0.0,27.1,23.1,1781028032498419162
1781028032599615509,41,0,8,0,true,0.1097,0.0,899,8192,0.416,0.416,47.85,0.416,0,0,0.0345,0.0345,19.9,0.0,27.1,23.1,1781028032578212620
1781028032700141688,41,0,8,0,true,0.1097,0.0,899,8192,0.416,0.416,47.85,0.416,0,0,0.0345,0.0345,19.9,0.0,27.1,23.1,1781028032679394214
1781028032799932956,41,0,8,0,true,0.1097,0.0,899,8192,0.416,0.416,47.85,0.416,0,0,0.0345,0.0345,19.9,0.0,27.1,23.1,1781028032782917448
1781028032899706874,41,0,8,0,true,0.1097,0.0,899,8192,0.416,0.416,47.85,0.416,0,0,0.0345,0.0345,19.9,0.0,27.1,23.1,1781028032881099050
1781028032999962263,41,0,8,0,true,0.1097,0.0,899,8192,0.416,0.416,47.85,0.416,0,0,0.0345,0.0345,19.9,0.0,27.1,23.1,1781028032987119211
1781028033100209448,41,0,8,0,true,0.1097,0.0,899,8192,0.416,0.416,47.85,0.416,0,0,0.0345,0.0345,19.9,0.0,27.1,23.1,1781028033081693921
1781028033199558952,41,0,8,0,true,0.1097,0.0,899,8192,0.416,0.416,47.85,0.416,0,0,0.0345,0.0345,19.9,0.0,27.1,23.1,1781028033185781371
1781028033299526812,41,0,8,0,true,0.1097,0.0,899,8192,0.416,0.416,47.85,0.416,0,0,0.0345,0.0345,19.9,0.0,27.1,23.1,1781028033287931300
1781028033402615118,41,0,8,0,true,0.1097,0.0,899,8192,0.416,0.416,47.85,0.416,0,0,0.0345,0.0345,19.9,0.0,27.1,23.1,1781028033387019264
1781028033499775866,41,0,8,0,true,0.1097,0.0,899,8192,0.416,0.416,47.85,0.416,0,0,0.0345,0.0345,19.9,0.0,27.1,23.1,1781028033488119554
1781028033601315668,41,0,8,0,true,0.1097,0.0,899,8192,0.416,0.416,47.85,0.416,0,0,0.0345,0.0345,19.9,0.0,27.1,23.1,1781028033590380251
1781028033699781138,41,0,8,0,true,0.1097,0.0,899,8192,0.416,0.416,47.85,0.416,0,0,0.0345,0.0345,19.9,0.0,27.1,23.1,1781028033687233454
1781028033799439494,41,0,8,0,true,0.1097,0.0,899,8192,0.416,0.416,47.85,0.416,0,0,0.0345,0.0345,19.9,0.0,27.1,23.1,1781028033790308036
1781028033899493080,41,0,8,0,true,0.1097,0.0,899,8192,0.416,0.416,47.85,0.416,0,0,0.0345,0.0345,19.9,0.0,27.1,23.1,1781028033888933084
1781028034000527417,41,0,8,0,true,0.1097,0.0,899,8192,0.416,0.416,47.85,0.416,0,0,0.0345,0.0345,19.9,0.0,27.1,23.1,1781028033993903874
1781028034099729597,41,0,8,0,true,0.1097,0.0,899,8192,0.416,0.416,47.85,0.416,0,0,0.0345,0.0345,19.9,0.0,27.1,23.1,1781028034090056719
1781028034199821710,41,0,8,0,true,0.1097,0.0,899,8192,0.416,0.416,47.85,0.416,0,0,0.0345,0.0345,19.9,0.0,27.1,23.1,1781028034192352034
1781028034299519816,41,0,8,0,true,0.1097,0.0,899,8192,0.416,0.416,47.85,0.416,0,0,0.0345,0.0345,19.9,0.0,27.1,23.1,1781028034295087426
1781028034399705087,41,0,8,0,true,0.1097,0.0,899,8192,0.416,0.416,47.85,0.416,0,0,0.0345,0.0345,19.9,0.0,27.1,23.1,1781028034394415139
1781028034499914774,41,0,8,0,true,0.1097,0.0,899,8192,0.416,0.416,47.85,0.416,0,0,0.0345,0.0345,19.9,0.0,27.1,23.1,1781028034492466348
1781028034599394631,41,0,8,0,true,0.1097,0.0,899,8192,0.416,0.416,47.85,0.416,0,0,0.0345,0.0345,19.9,0.0,27.1,23.1,1781028034594304071
1781028034699531394,41,0,8,0,true,0.1097,0.0,899,8192,0.416,0.416,47.85,0.416,0,0,0.0345,0.0345,19.9,0.0,27.1,23.1,1781028034694154872
1781028034800563411,41,0,8,0,true,0.1097,0.0,899,8192,0.416,0.416,47.85,0.416,0,0,0.0345,0.0345,19.9,0.0,27.1,23.1,1781028034773875337
1781028034899301034,41,0,8,0,true,0.1097,0.0,899,8192,0.416,0.416,47.85,0.416,0,0,0.0345,0.0345,19.9,0.0,27.1,23.1,1781028034893983997
1781028034999822759,41,0,8,0,true,0.1097,0.0,899,8192,0.416,0.416,47.85,0.416,0,0,0.0345,0.0345,19.9,0.0,27.1,23.1,1781028034999583292
1781028035100133060,41,0,8,0,true,0.1097,0.0,899,8192,0.416,0.416,47.85,0.416,0,0,0.0345,0.0345,19.9,0.0,27.1,23.1,1781028035094816496
1781028035199530349,41,0,8,0,true,0.1097,0.0,899,8192,0.416,0.416,47.85,0.416,0,0,0.0345,0.0345,19.9,0.0,27.1,23.1,1781028035198227580
1781028035299814206,41,0,8,0,true,0.1097,0.0,899,8192,0.416,0.416,47.85,0.416,0,0,0.0345,0.0345,19.9,0.0,27.1,23.1,1781028035295327298
1781028035399805021,41,0,8,0,true,0.1097,0.0,899,8192,0.416,0.416,47.85,0.416,0,0,0.0345,0.0345,19.9,0.0,27.1,23.1,1781028035382451795
1781028035499326034,41,0,8,0,true,0.1097,0.0,899,8192,0.416,0.416,47.85,0.416,0,0,0.0345,0.0345,19.9,0.0,27.1,23.1,1781028035495974568
1781028035599495484,41,0,8,0,true,0.1097,0.0,899,8192,0.416,0.416,47.85,0.416,0,0,0.0345,0.0345,19.9,0.0,27.1,23.1,1781028035583337648
1781028035699504041,41,0,8,0,true,0.1097,0.0,899,8192,0.416,0.416,47.85,0.416,0,0,0.0345,0.0345,19.9,0.0,27.1,23.1,1781028035679314396
1781028035799728509,41,0,8,0,true,0.1097,0.0,899,8192,0.416,0.416,47.85,0.416,0,0,0.0345,0.0345,19.9,0.0,27.1,23.1,1781028035781366214
1781028035899364884,41,0,8,0,true,0.1097,0.0,899,8192,0.416,0.416,47.85,0.416,0,0,0.0345,0.0345,19.9,0.0,27.1,23.1,1781028035890421799
1781028036001546689,41,0,8,0,true,0.1097,0.0,899,8192,0.416,0.416,47.85,0.416,0,0,0.0345,0.0345,19.9,0.0,27.1,23.1,1781028035998204258
1781028036099595257,41,0,8,0,true,0.1097,0.0,899,8192,0.416,0.416,47.85,0.416,0,0,0.0345,0.0345,19.9,0.0,27.1,23.1,1781028036091069747
1781028036199230493,41,0,8,0,true,0.1097,0.0,899,8192,0.416,0.416,47.85,0.416,0,0,0.0345,0.0345,19.9,0.0,27.1,23.1,1781028036199036365
1781028036300205858,41,0,8,0,true,0.1097,0.0,899,8192,0.416,0.416,47.85,0.416,0,0,0.0345,0.0345,19.9,0.0,27.1,23.1,1781028036296765514
1781028036403265484,41,0,8,0,true,0.1097,0.0,899,8192,0.416,0.416,47.85,0.416,0,0,0.0345,0.0345,19.9,0.0,27.1,23.1,1781028036400846685
1781028036499748259,41,0,8,0,true,0.1097,0.0,899,8192,0.416,0.416,47.85,0.416,0,0,0.0345,0.0345,19.9,0.0,27.1,23.1,1781028036493333612
1781028036599906008,41,0,8,0,true,0.1097,0.0,899,8192,0.416,0.416,47.85,0.416,0,0,0.0345,0.0345,19.9,0.0,27.1,23.1,1781028036597946184
1781028036699510279,41,0,8,0,true,0.1097,0.0,899,8192,0.416,0.416,47.85,0.416,0,0,0.0345,0.0345,19.9,0.0,27.1,23.1,1781028036694113422
1781028036799848156,41,0,8,0,true,0.1097,0.0,899,8192,0.416,0.416,47.85,0.416,0,0,0.0345,0.0345,19.9,0.0,27.1,23.1,1781028036776128994
1781028036900088142,41,0,8,0,true,0.1097,0.0,899,8192,0.416,0.416,47.85,0.416,0,0,0.0345,0.0345,19.9,0.0,27.1,23.1,1781028036894813289
1781028036999669432,41,0,8,0,true,0.1097,0.0,899,8192,0.416,0.416,47.85,0.416,0,0,0.0345,0.0345,19.9,0.0,27.1,23.1,1781028036976369316
1781028037099488931,41,0,8,0,true,0.1097,0.0,899,8192,0.416,0.416,47.85,0.416,0,0,0.0345,0.0345,19.9,0.0,27.1,23.1,1781028037097073563
1781028037199589117,41,0,8,0,true,0.1097,0.0,899,8192,0.416,0.416,47.85,0.416,0,0,0.0345,0.0345,19.9,0.0,27.1,23.1,1781028037182516544
1781028037299624312,41,0,8,0,true,0.1097,0.0,899,8192,0.416,0.416,47.85,0.416,0,0,0.0345,0.0345,19.9,0.0,27.1,23.1,1781028037297334592
1781028037400550676,41,0,8,0,true,0.1097,0.0,899,8192,0.416,0.416,47.85,0.416,0,0,0.0345,0.0345,19.9,0.0,27.1,23.1,1781028037378155919
1781028037499855912,41,0,8,0,true,0.1097,0.0,899,8192,0.416,0.416,47.85,0.416,0,0,0.0345,0.0345,19.9,0.0,27.1,23.1,1781028037497574724
1781028037600277930,41,0,8,0,true,0.1097,0.0,899,8192,0.416,0.416,47.85,0.416,0,0,0.0345,0.0345,19.9,0.0,27.1,23.1,1781028037578649178
1781028037699631707,41,0,8,0,true,0.1097,0.0,899,8192,0.416,0.416,47.85,0.416,0,0,0.0345,0.0345,19.9,0.0,27.1,23.1,1781028037699984207
1781028037801550843,41,0,8,0,true,0.1097,0.0,899,8192,0.416,0.416,47.85,0.416,0,0,0.0345,0.0345,19.9,0.0,27.1,23.1,1781028037780551045
1781028037899777103,41,0,8,0,true,0.1097,0.0,899,8192,0.416,0.416,47.85,0.416,0,0,0.0345,0.0345,19.9,0.0,27.1,23.1,1781028037898239756
1781028038001573028,41,0,8,0,true,0.1097,0.0,899,8192,0.416,0.416,47.85,0.416,0,0,0.0345,0.0345,19.9,0.0,27.1,23.1,1781028037979613037
1781028038099580260,41,0,8,0,true,0.1097,0.0,899,8192,0.416,0.416,47.85,0.416,0,0,0.0345,0.0345,19.9,0.0,27.1,23.1,1781028038099943388
1781028038199911811,41,0,8,0,true,0.1097,0.0,899,8192,0.416,0.416,47.85,0.416,0,0,0.0345,0.0345,19.9,0.0,27.1,23.1,1781028038179480359
1781028038299764988,41,0,8,0,true,0.1097,0.0,899,8192,0.416,0.416,47.85,0.416,0,0,0.0345,0.0345,19.9,0.0,27.1,23.1,1781028038300221364
1781028038399919354,41,0,8,0,true,0.1097,0.0,899,8192,0.416,0.416,47.85,0.416,0,0,0.0345,0.0345,19.9,0.0,27.1,23.1,1781028038381879116
1781028038499974672,41,0,8,0,true,0.1097,0.0,899,8192,0.416,0.416,47.85,0.416,0,0,0.0345,0.0345,19.9,0.0,27.1,23.1,1781028038483142438
1781028038599556565,41,0,8,0,true,0.1097,0.0,899,8192,0.416,0.416,47.85,0.416,0,0,0.0345,0.0345,19.9,0.0,27.1,23.1,1781028038593189433
1781028038699921007,41,0,8,0,true,0.1097,0.0,899,8192,0.416,0.416,47.85,0.416,0,0,0.0345,0.0345,19.9,0.0,27.1,23.1,1781028038684059186
1781028038800100374,41,0,8,0,true,0.1097,0.0,899,8192,0.416,0.416,47.85,0.416,0,0,0.0345,0.0345,19.9,0.0,27.1,23.1,1781028038787926540
1781028038899811107,41,0,8,0,true,0.1097,0.0,899,8192,0.416,0.416,47.85,0.416,0,0,0.0345,0.0345,19.9,0.0,27.1,23.1,1781028038884091222
1781028039000547635,41,0,8,0,true,0.1097,0.0,899,8192,0.416,0.416,47.85,0.416,0,0,0.0345,0.0345,19.9,0.0,27.1,23.1,1781028038988746497
1781028039099576148,41,0,8,0,true,0.1097,0.0,899,8192,0.416,0.416,47.85,0.416,0,0,0.0345,0.0345,19.9,0.0,27.1,23.1,1781028039086112476
1781028039201641672,41,0,8,0,true,0.1097,0.0,899,8192,0.416,0.416,47.85,0.416,0,0,0.0345,0.0345,19.9,0.0,27.1,23.1,1781028039194695377
1781028039299299875,41,0,8,0,true,0.1097,0.0,899,8192,0.416,0.416,47.85,0.416,0,0,0.0345,0.0345,19.9,0.0,27.1,23.1,1781028039291823628
1781028039399869232,41,0,8,0,true,0.1097,0.0,899,8192,0.416,0.416,47.85,0.416,0,0,0.0345,0.0345,19.9,0.0,27.1,23.1,1781028039372770453
1781028039499932877,41,0,8,0,true,0.1097,0.0,899,8192,0.416,0.416,47.85,0.416,0,0,0.0345,0.0345,19.9,0.0,27.1,23.1,1781028039494526099
1781028039599286547,41,0,8,0,true,0.1097,0.0,899,8192,0.416,0.416,47.85,0.416,0,0,0.0345,0.0345,19.9,0.0,27.1,23.1,1781028039576362026
1781028039699484956,41,0,8,0,true,0.1097,0.0,899,8192,0.416,0.416,47.85,0.416,0,0,0.0345,0.0345,19.9,0.0,27.1,23.1,1781028039695982787
1781028039799626267,41,0,8,0,true,0.1097,0.0,899,8192,0.416,0.416,47.85,0.416,0,0,0.0345,0.0345,19.9,0.0,27.1,23.1,1781028039776416548
1781028039899432009,41,0,8,0,true,0.1097,0.0,899,8192,0.416,0.416,47.85,0.416,0,0,0.0345,0.0345,19.9,0.0,27.1,23.1,1781028039880756543
1781028040000096590,41,0,8,0,true,0.1097,0.0,899,8192,0.416,0.416,47.85,0.416,0,0,0.0345,0.0345,19.9,0.0,27.1,23.1,1781028039976986420
1781028040100024464,41,0,8,0,true,0.1097,0.0,899,8192,0.416,0.416,47.85,0.416,0,0,0.0345,0.0345,19.9,0.0,27.1,23.1,1781028040096746960
1781028040200836679,41,0,8,0,true,0.1097,0.0,899,8192,0.416,0.416,47.85,0.416,0,0,0.0345,0.0345,19.9,0.0,27.1,23.1,1781028040177579298
1781028040300061190,41,0,8,0,true,0.1097,0.0,899,8192,0.416,0.416,47.85,0.416,0,0,0.0345,0.0345,19.9,0.0,27.1,23.1,1781028040297564367
1781028040399832632,41,0,8,0,true,0.1097,0.0,899,8192,0.416,0.416,47.85,0.416,0,0,0.0345,0.0345,19.9,0.0,27.1,23.1,1781028040378034576
1781028040499263933,41,0,8,0,true,0.1097,0.0,899,8192,0.416,0.416,47.85,0.416,0,0,0.0345,0.0345,19.9,0.0,27.1,23.1,1781028040499025073
1781028040601587037,41,0,8,0,true,0.1097,0.0,899,8192,0.416,0.416,47.85,0.416,0,0,0.0345,0.0345,19.9,0.0,27.1,23.1,1781028040580932893
1781028040699526068,41,0,8,0,true,0.1097,0.0,899,8192,0.416,0.416,47.85,0.416,0,0,0.0345,0.0345,19.9,0.0,27.1,23.1,1781028040679932589
1781028040799862736,41,0,8,0,true,0.1097,0.0,899,8192,0.416,0.416,47.85,0.416,0,0,0.0345,0.0345,19.9,0.0,27.1,23.1,1781028040780910829
1781028040899593368,41,0,8,0,true,0.1097,0.0,899,8192,0.416,0.416,47.85,0.416,0,0,0.0345,0.0345,19.9,0.0,27.1,23.1,1781028040900000234
1781028041000556606,41,0,8,0,true,0.1097,0.0,899,8192,0.416,0.416,47.85,0.416,0,0,0.0345,0.0345,19.9,0.0,27.1,23.1,1781028040987347073
1781028041099757643,41,0,8,0,true,0.1097,0.0,899,8192,0.416,0.416,47.85,0.416,0,0,0.0345,0.0345,19.9,0.0,27.1,23.1,1781028041085004549
1781028041200043283,41,0,8,0,true,0.1097,0.0,899,8192,0.416,0.416,47.85,0.416,0,0,0.0345,0.0345,19.9,0.0,27.1,23.1,1781028041188402638
1781028041299920561,41,0,8,0,true,0.1097,0.0,899,8192,0.416,0.416,47.85,0.416,0,0,0.0345,0.0345,19.9,0.0,27.1,23.1,1781028041287194941
1781028041400003422,41,0,8,0,true,0.1097,0.0,899,8192,0.416,0.416,47.85,0.416,0,0,0.0345,0.0345,19.9,0.0,27.1,23.1,1781028041388172140
1781028041499450100,41,0,8,0,true,0.1097,0.0,899,8192,0.416,0.416,47.85,0.416,0,0,0.0345,0.0345,19.9,0.0,27.1,23.1,1781028041493151860
1781028041599933378,41,0,8,0,true,0.1097,0.0,899,8192,0.416,0.416,47.85,0.416,0,0,0.0345,0.0345,19.9,0.0,27.1,23.1,1781028041598046702
1781028041700239528,41,0,8,0,true,0.1097,0.0,899,8192,0.416,0.416,47.85,0.416,0,0,0.0345,0.0345,19.9,0.0,27.1,23.1,1781028041696849519
1781028041799309690,41,0,8,0,true,0.1097,0.0,899,8192,0.416,0.416,47.85,0.416,0,0,0.0345,0.0345,19.9,0.0,27.1,23.1,1781028041776846378
1781028041899345614,41,0,8,0,true,0.1097,0.0,899,8192,0.416,0.416,47.85,0.416,0,0,0.0345,0.0345,19.9,0.0,27.1,23.1,1781028041892753048
1781028041999315264,41,0,8,0,true,0.1097,0.0,899,8192,0.416,0.416,47.85,0.416,0,0,0.0345,0.0345,19.9,0.0,27.1,23.1,1781028041999029749
1781028042099776963,41,0,8,0,true,0.1097,0.0,899,8192,0.416,0.416,47.85,0.416,0,0,0.0345,0.0345,19.9,0.0,27.1,23.1,1781028042093447615
1781028042200131570,41,0,8,0,true,0.1097,0.0,899,8192,0.416,0.416,47.85,0.416,0,0,0.0345,0.0345,19.9,0.0,27.1,23.1,1781028042175463377
1781028042299659013,41,0,8,0,true,0.1097,0.0,899,8192,0.416,0.416,47.85,0.416,0,0,0.0345,0.0345,19.9,0.0,27.1,23.1,1781028042276910082
1781028042399859108,41,0,8,0,true,0.1097,0.0,899,8192,0.416,0.416,47.85,0.416,0,0,0.0345,0.0345,19.9,0.0,27.1,23.1,1781028042377821314
1781028042499426887,41,0,8,0,true,0.1097,0.0,899,8192,0.416,0.416,47.85,0.416,0,0,0.0345,0.0345,19.9,0.0,27.1,23.1,1781028042496178521
1781028042600056715,41,0,8,0,true,0.1097,0.0,899,8192,0.416,0.416,47.85,0.416,0,0,0.0345,0.0345,19.9,0.0,27.1,23.1,1781028042577690092
1781028042699826114,41,0,8,0,true,0.1097,0.0,899,8192,0.416,0.416,47.85,0.416,0,0,0.0345,0.0345,19.9,0.0,27.1,23.1,1781028042700310767
1781028042802539676,41,0,8,0,true,0.1097,0.0,899,8192,0.416,0.416,47.85,0.416,0,0,0.0345,0.0345,19.9,0.0,27.1,23.1,1781028042785692381
1781028042900239873,41,0,8,0,true,0.1097,0.0,899,8192,0.416,0.416,47.85,0.416,0,0,0.0345,0.0345,19.9,0.0,27.1,23.1,1781028042880252972
1781028042999889360,41,0,8,0,true,0.1097,0.0,899,8192,0.416,0.416,47.85,0.416,0,0,0.0345,0.0345,19.9,0.0,27.1,23.1,1781028042981518691
1781028043099355854,41,0,8,0,true,0.1097,0.0,899,8192,0.416,0.416,47.85,0.416,0,0,0.0345,0.0345,19.9,0.0,27.1,23.1,1781028043090664516
1781028043200215351,41,0,8,0,true,0.1097,0.0,899,8192,0.416,0.416,47.85,0.416,0,0,0.0345,0.0345,19.9,0.0,27.1,23.1,1781028043196398716
1781028043299519159,41,0,8,0,true,0.1097,0.0,899,8192,0.416,0.416,47.85,0.416,0,0,0.0345,0.0345,19.9,0.0,27.1,23.1,1781028043291123885
1781028043399573171,41,0,8,0,true,0.1097,0.0,899,8192,0.416,0.416,47.85,0.416,0,0,0.0345,0.0345,19.9,0.0,27.1,23.1,1781028043397358173
1781028043499419862,41,0,8,0,true,0.1097,0.0,899,8192,0.416,0.416,47.85,0.416,0,0,0.0345,0.0345,19.9,0.0,27.1,23.1,1781028043493112326
1781028043600069555,41,0,8,0,true,0.1097,0.0,899,8192,0.416,0.416,47.85,0.416,0,0,0.0345,0.0345,19.9,0.0,27.1,23.1,1781028043595870480
1781028043699523718,41,0,8,0,true,0.1097,0.0,899,8192,0.416,0.416,47.85,0.416,0,0,0.0345,0.0345,19.9,0.0,27.1,23.1,1781028043673728392
1781028043800315116,41,0,8,0,true,0.1097,0.0,899,8192,0.416,0.416,47.85,0.416,0,0,0.0345,0.0345,19.9,0.0,27.1,23.1,1781028043781259462
1781028043899626235,41,0,8,0,true,0.1097,0.0,899,8192,0.416,0.416,47.85,0.416,0,0,0.0345,0.0345,19.9,0.0,27.1,23.1,1781028043897267884
1781028043999887055,41,0,8,0,true,0.1097,0.0,899,8192,0.416,0.416,47.85,0.416,0,0,0.0345,0.0345,19.9,0.0,27.1,23.1,1781028043978485379
1781028044099338265,41,0,8,0,true,0.1097,0.0,899,8192,0.416,0.416,47.85,0.416,0,0,0.0345,0.0345,19.9,0.0,27.1,23.1,1781028044097993428
1781028044201603726,41,0,8,0,true,0.1097,0.0,899,8192,0.416,0.416,47.85,0.416,0,0,0.0345,0.0345,19.9,0.0,27.1,23.1,1781028044177566547
1781028044299594532,41,0,8,0,true,0.1097,0.0,899,8192,0.416,0.416,47.85,0.416,0,0,0.0345,0.0345,19.9,0.0,27.1,23.1,1781028044298100673
1781028044400534385,41,0,8,0,true,0.1097,0.0,899,8192,0.416,0.416,47.85,0.416,0,0,0.0345,0.0345,19.9,0.0,27.1,23.1,1781028044380574043
1781028044499241291,41,0,8,0,true,0.1097,0.0,899,8192,0.416,0.416,47.85,0.416,0,0,0.0345,0.0345,19.9,0.0,27.1,23.1,1781028044499219935
1781028044600554166,41,0,8,0,true,0.1097,0.0,899,8192,0.416,0.416,47.85,0.416,0,0,0.0345,0.0345,19.89,0.0,27.1,23.1,1781028044585273910
1781028044699864760,41,0,8,0,true,0.1097,0.0,899,8192,0.416,0.416,47.85,0.416,0,0,0.0345,0.0345,19.89,0.0,27.1,23.1,1781028044680270023
1781028044802583718,41,0,8,0,true,0.1097,0.0,899,8192,0.416,0.416,47.85,0.416,0,0,0.0345,0.0345,19.89,0.0,27.1,23.1,1781028044782948545
1781028044899713521,41,0,8,0,true,0.1097,0.0,899,8192,0.416,0.416,47.85,0.416,0,0,0.0345,0.0345,19.89,0.0,27.1,23.1,1781028044882107676
1781028044999303901,41,0,8,0,true,0.1097,0.0,899,8192,0.416,0.416,47.85,0.416,0,0,0.0345,0.0345,19.89,0.0,27.1,23.1,1781028044984272965
1781028045099538331,41,0,8,0,true,0.1097,0.0,899,8192,0.416,0.416,47.85,0.416,0,0,0.0345,0.0345,19.89,0.0,27.1,23.1,1781028045091940734
1781028045199643585,41,0,8,0,true,0.1097,0.0,899,8192,0.416,0.416,47.85,0.416,0,0,0.0345,0.0345,19.89,0.0,27.1,23.1,1781028045198198701
1781028045299474020,41,0,8,0,true,0.1097,0.0,899,8192,0.416,0.416,47.85,0.416,0,0,0.0345,0.0345,19.89,0.0,27.1,23.1,1781028045298053296
1781028045399285565,41,0,8,0,true,0.1097,0.0,899,8192,0.416,0.416,47.85,0.416,0,0,0.0345,0.0345,19.89,0.0,27.1,23.1,1781028045374376584
1781028045500023049,41,0,8,0,true,0.1097,0.0,899,8192,0.416,0.416,47.85,0.416,0,0,0.0345,0.0345,19.89,0.0,27.1,23.1,1781028045493698352
1781028045599774465,41,0,8,0,true,0.1097,0.0,899,8192,0.416,0.416,47.85,0.416,0,0,0.0345,0.0345,19.89,0.0,27.1,23.1,1781028045575948495
1781028045699921886,41,0,8,0,true,0.1097,0.0,899,8192,0.416,0.416,47.85,0.416,0,0,0.0345,0.0345,19.89,0.0,27.1,23.1,1781028045695606865
1781028045800541724,41,0,8,0,true,0.1097,0.0,899,8192,0.416,0.416,47.85,0.416,0,0,0.0345,0.0345,19.89,0.0,27.1,23.1,1781028045778219534
1781028045899987202,41,0,8,0,true,0.1097,0.0,899,8192,0.416,0.416,47.85,0.416,0,0,0.0345,0.0345,19.89,0.0,27.1,23.1,1781028045895627013
1781028046000215533,41,0,8,0,true,0.1097,0.0,899,8192,0.416,0.416,47.85,0.416,0,0,0.0345,0.0345,19.89,0.0,27.1,23.1,1781028045975883292
1781028046099653162,41,0,8,0,true,0.1097,0.0,899,8192,0.416,0.416,47.85,0.416,0,0,0.0345,0.0345,19.89,0.0,27.1,23.1,1781028046097132670
1781028046200232535,41,0,8,0,true,0.1097,0.0,899,8192,0.416,0.416,47.85,0.416,0,0,0.0345,0.0345,19.89,0.0,27.1,23.1,1781028046177578833
1781028046299341088,41,0,8,0,true,0.1097,0.0,899,8192,0.416,0.416,47.85,0.416,0,0,0.0345,0.0345,19.89,0.0,27.1,23.1,1781028046298023527
1781028046402709916,41,0,8,0,true,0.1097,0.0,899,8192,0.416,0.416,47.85,0.416,0,0,0.0345,0.0345,19.89,0.0,27.1,23.1,1781028046380932517
1781028046499315369,41,0,8,0,true,0.1097,0.0,899,8192,0.416,0.416,47.85,0.416,0,0,0.0345,0.0345,19.89,0.0,27.1,23.1,1781028046499454309
1781028046599606677,41,0,8,0,true,0.1097,0.0,899,8192,0.416,0.416,47.85,0.416,0,0,0.0345,0.0345,19.89,0.0,27.1,23.1,1781028046587397403
1781028046700142034,41,0,8,0,true,0.1097,0.0,899,8192,0.416,0.416,47.85,0.416,0,0,0.0345,0.0345,19.89,0.0,27.1,23.1,1781028046686400702
1781028046799686053,41,0,8,0,true,0.1097,0.0,899,8192,0.416,0.416,47.85,0.416,0,0,0.0345,0.0345,19.89,0.0,27.1,23.1,1781028046786232172
1781028046899916353,41,0,8,0,true,0.1097,0.0,899,8192,0.416,0.416,47.85,0.416,0,0,0.0345,0.0345,19.89,0.0,27.1,23.1,1781028046887190394
1781028046999504158,41,0,8,0,true,0.1097,0.0,899,8192,0.416,0.416,47.85,0.416,0,0,0.0345,0.0345,19.89,0.0,27.1,23.1,1781028046974061683
1781028047099944507,41,0,8,0,true,0.1097,0.0,899,8192,0.416,0.416,47.85,0.416,0,0,0.0345,0.0345,19.89,0.0,27.1,23.1,1781028047091274280
1781028047199514568,41,0,8,0,true,0.1097,0.0,899,8192,0.416,0.416,47.85,0.416,0,0,0.0345,0.0345,19.89,0.0,27.1,23.1,1781028047197530597
1781028047299877488,41,0,8,0,true,0.1097,0.0,899,8192,0.416,0.416,47.85,0.416,0,0,0.0345,0.0345,19.89,0.0,27.1,23.1,1781028047292236802
1781028047399310773,41,0,8,0,true,0.1097,0.0,899,8192,0.416,0.416,47.85,0.416,0,0,0.0345,0.0345,19.89,0.0,27.1,23.1,1781028047397716704
1781028047500016619,41,0,8,0,true,0.1097,0.0,899,8192,0.416,0.416,47.85,0.416,0,0,0.0345,0.0345,19.89,0.0,27.1,23.1,1781028047493746673
1781028047599429749,41,0,8,0,true,0.1097,0.0,899,8192,0.416,0.416,47.85,0.416,0,0,0.0345,0.0345,19.89,0.0,27.1,23.1,1781028047575357543
1781028047699504270,41,0,8,0,true,0.1097,0.0,899,8192,0.416,0.416,47.85,0.416,0,0,0.0345,0.0345,19.89,0.0,27.1,23.1,1781028047696235616
1781028047802566259,41,0,8,0,true,0.1097,0.0,899,8192,0.416,0.416,47.85,0.416,0,0,0.0345,0.0345,19.89,0.0,27.1,23.1,1781028047776750049
1781028047899251051,41,0,8,0,true,0.1097,0.0,899,8192,0.416,0.416,47.85,0.416,0,0,0.0345,0.0345,19.89,0.0,27.1,23.1,1781028047899036796
1781028048000369552,41,0,8,0,true,0.1097,0.0,899,8192,0.416,0.416,47.85,0.416,0,0,0.0345,0.0345,19.89,0.0,27.1,23.1,1781028047980008634
1781028048100177560,41,0,8,0,true,0.1097,0.0,899,8192,0.416,0.416,47.85,0.416,0,0,0.0345,0.0345,19.89,0.0,27.1,23.1,1781028048085572971
1781028048200574331,41,0,8,0,true,0.1097,0.0,899,8192,0.416,0.416,47.85,0.416,0,0,0.0345,0.0345,19.89,0.0,27.1,23.1,1781028048188260015
1781028048299768455,41,0,8,0,true,0.1097,0.0,899,8192,0.416,0.416,47.85,0.416,0,0,0.0345,0.0345,19.89,0.0,27.1,23.1,1781028048288197400
1781028048400742593,41,0,8,0,true,0.1097,0.0,899,8192,0.416,0.416,47.85,0.416,0,0,0.0345,0.0345,19.89,0.0,27.1,23.1,1781028048392239861
1781028048499412518,41,0,8,0,true,0.1097,0.0,899,8192,0.416,0.416,47.85,0.416,0,0,0.0345,0.0345,19.89,0.0,27.1,23.1,1781028048494965270
1781028048599375614,41,0,8,0,true,0.1097,0.0,899,8192,0.416,0.416,47.85,0.416,0,0,0.0345,0.0345,19.89,0.0,27.1,23.1,1781028048592762408
1781028048699902129,41,0,8,0,true,0.1097,0.0,899,8192,0.416,0.416,47.85,0.416,0,0,0.0345,0.0345,19.89,0.0,27.1,23.1,1781028048691156853
1781028048799625729,41,0,8,0,true,0.1097,0.0,899,8192,0.416,0.416,47.85,0.416,0,0,0.0345,0.0345,19.89,0.0,27.1,23.1,1781028048796431459
1781028048899862354,41,0,8,0,true,0.1097,0.0,899,8192,0.416,0.416,47.85,0.416,0,0,0.0345,0.0345,19.89,0.0,27.1,23.1,1781028048892230264
1781028049001413530,41,0,8,0,true,0.1097,0.0,899,8192,0.416,0.416,47.85,0.416,0,0,0.0345,0.0345,19.89,0.0,27.1,23.1,1781028048977238438
1781028049099269565,41,0,8,0,true,0.1097,0.0,899,8192,0.416,0.416,47.85,0.416,0,0,0.0345,0.0345,19.89,0.0,27.1,23.1,1781028049097850014
1781028049203580071,41,0,8,0,true,0.1097,0.0,899,8192,0.416,0.416,47.85,0.416,0,0,0.0345,0.0345,19.89,0.0,27.1,23.1,1781028049178775798
1781028049304841137,41,0,8,0,true,0.1097,0.0,899,8192,0.416,0.416,47.85,0.416,0,0,0.0345,0.0345,19.89,0.0,27.1,23.1,1781028049296562698
1781028049404910675,41,0,8,0,true,0.1097,0.0,899,8192,0.416,0.416,47.85,0.416,0,0,0.0345,0.0345,19.89,0.0,27.1,23.1,1781028049376858697
1781028049505280336,41,0,8,0,true,0.1097,0.0,899,8192,0.416,0.416,47.85,0.416,0,0,0.0345,0.0345,19.89,0.0,27.1,23.1,1781028049501809158
1781028049604803001,41,0,8,0,true,0.1097,0.0,899,8192,0.416,0.416,47.85,0.416,0,0,0.0345,0.0345,19.89,0.0,27.1,23.1,1781028049580019419
1781028049704621088,41,0,8,0,true,0.1097,0.0,899,8192,0.416,0.416,47.85,0.416,0,0,0.0345,0.0345,19.89,0.0,27.1,23.1,1781028049682807671
1781028049804827407,41,0,8,0,true,0.1097,0.0,899,8192,0.416,0.416,47.85,0.416,0,0,0.0345,0.0345,19.89,0.0,27.1,23.1,1781028049803394944
1781028049904931383,41,0,8,0,true,0.1097,0.0,899,8192,0.416,0.416,47.85,0.416,0,0,0.0345,0.0345,19.89,0.0,27.1,23.1,1781028049898395045
1781028050006533670,41,0,8,0,true,0.1097,0.0,899,8192,0.416,0.416,47.85,0.416,0,0,0.0345,0.0345,19.89,0.0,27.1,23.1,1781028050002713980
1781028050104498241,41,0,8,0,true,0.1097,0.0,899,8192,0.416,0.416,47.85,0.416,0,0,0.0345,0.0345,19.89,0.0,27.1,23.1,1781028050099213683
1781028050205537333,41,0,8,0,true,0.1097,0.0,899,8192,0.416,0.416,47.85,0.416,0,0,0.0345,0.0345,19.89,0.0,27.1,23.1,1781028050180995159
1781028050304881943,41,0,8,0,true,0.1097,0.0,899,8192,0.416,0.416,47.85,0.416,0,0,0.0345,0.0345,19.89,0.0,27.1,23.1,1781028050299639102
1781028050404901017,41,0,8,0,true,0.1097,0.0,899,8192,0.416,0.416,47.85,0.416,0,0,0.0345,0.0345,19.89,0.0,27.1,23.1,1781028050380740484
1781028050504420837,41,0,8,0,true,0.1097,0.0,899,8192,0.416,0.416,47.85,0.416,0,0,0.0345,0.0345,19.89,0.0,27.1,23.1,1781028050486464473
1781028050605561433,41,0,8,0,true,0.1097,0.0,899,8192,0.416,0.416,47.85,0.416,0,0,0.0345,0.0345,19.89,0.0,27.1,23.1,1781028050587149925
1781028050704823859,41,0,8,0,true,0.1097,0.0,899,8192,0.416,0.416,47.85,0.416,0,0,0.0345,0.0345,19.89,0.0,27.1,23.1,1781028050687054159
1781028050805540459,41,0,8,0,true,0.1097,0.0,899,8192,0.416,0.416,47.85,0.416,0,0,0.0345,0.0345,19.89,0.0,27.1,23.1,1781028050787356299
1781028050904773167,41,0,8,0,true,0.1097,0.0,899,8192,0.416,0.416,47.85,0.416,0,0,0.0345,0.0345,19.89,0.0,27.1,23.1,1781028050903309884
1781028051007867889,41,0,8,0,true,0.1097,0.0,899,8192,0.416,0.416,47.85,0.416,0,0,0.0345,0.0345,19.89,0.0,27.1,23.1,1781028050988260174
1781028051104500932,41,0,8,0,true,0.1097,0.0,899,8192,0.416,0.416,47.85,0.416,0,0,0.0345,0.0345,19.89,0.0,27.1,23.1,1781028051103241174
1781028051206553242,41,0,8,0,true,0.1097,0.0,899,8192,0.416,0.416,47.85,0.416,0,0,0.0345,0.0345,19.89,0.0,27.1,23.1,1781028051189622473
1781028051304927588,41,0,8,0,true,0.1097,0.0,899,8192,0.416,0.416,47.85,0.416,0,0,0.0345,0.0345,19.89,0.0,27.1,23.1,1781028051289306856
1781028051405265508,41,0,8,0,true,0.1097,0.0,899,8192,0.416,0.416,47.85,0.416,0,0,0.0345,0.0345,19.89,0.0,27.1,23.1,1781028051389265255
1781028051504698917,41,0,8,0,true,0.1097,0.0,899,8192,0.416,0.416,47.85,0.416,0,0,0.0345,0.0345,19.89,0.0,27.1,23.1,1781028051505071654
1781028051607309354,41,0,8,0,true,0.1097,0.0,899,8192,0.416,0.416,47.85,0.416,0,0,0.0345,0.0345,19.89,0.0,27.1,23.1,1781028051590199942
1781028051704337561,41,0,8,0,true,0.1097,0.0,899,8192,0.416,0.416,47.85,0.416,0,0,0.0345,0.0345,19.89,0.0,27.1,23.1,1781028051685846447
1781028051806557795,41,0,8,0,true,0.1097,0.0,899,8192,0.416,0.416,47.85,0.416,0,0,0.0345,0.0345,19.89,0.0,27.1,23.1,1781028051788240443
1781028051904500185,41,0,8,0,true,0.1097,0.0,899,8192,0.416,0.416,47.85,0.416,0,0,0.0345,0.0345,19.89,0.0,27.1,23.1,1781028051887889912
1781028052007606025,41,0,8,0,true,0.1097,0.0,899,8192,0.416,0.416,47.85,0.416,0,0,0.0345,0.0345,19.89,0.0,27.1,23.1,1781028051997204161
1781028052105030514,41,0,8,0,true,0.1097,0.0,899,8192,0.416,0.416,47.85,0.416,0,0,0.0345,0.0345,19.89,0.0,27.1,23.1,1781028052097572946
1781028052204615725,41,0,8,0,true,0.1097,0.0,899,8192,0.416,0.416,47.85,0.416,0,0,0.0345,0.0345,19.89,0.0,27.1,23.1,1781028052200095651
1781028052304883750,41,0,8,0,true,0.1097,0.0,899,8192,0.416,0.416,47.85,0.416,0,0,0.0345,0.0345,19.89,0.0,27.1,23.1,1781028052292494030
1781028052404758626,41,0,8,0,true,0.1097,0.0,899,8192,0.416,0.416,47.85,0.416,0,0,0.0345,0.0345,19.89,0.0,27.1,23.1,1781028052396023891
1781028052504768149,41,0,8,0,true,0.1097,0.0,899,8192,0.416,0.416,47.85,0.416,0,0,0.0345,0.0345,19.89,0.0,27.1,23.1,1781028052494427645
1781028052604993770,41,0,8,0,true,0.1097,0.0,899,8192,0.416,0.416,47.85,0.416,0,0,0.0345,0.0345,19.89,0.0,27.1,23.1,1781028052600166666
1781028052704569049,41,0,8,0,true,0.1097,0.0,899,8192,0.416,0.416,47.85,0.416,0,0,0.0345,0.0345,19.89,0.0,27.1,23.1,1781028052700266772
1781028052804963954,41,0,8,0,true,0.1097,0.0,899,8192,0.416,0.416,47.85,0.416,0,0,0.0345,0.0345,19.89,0.0,27.1,23.1,1781028052801455599
1781028052904918167,41,0,8,0,true,0.1097,0.0,899,8192,0.416,0.416,47.85,0.416,0,0,0.0345,0.0345,19.89,0.0,27.1,23.1,1781028052903554511
1781028053004883778,41,0,8,0,true,0.1097,0.0,899,8192,0.416,0.416,47.85,0.416,0,0,0.0345,0.0345,19.89,0.0,27.1,23.1,1781028053003418184
1781028053105052614,41,0,8,0,true,0.1097,0.0,899,8192,0.416,0.416,47.85,0.416,0,0,0.0345,0.0345,19.89,0.0,27.1,23.1,1781028053103640680
1781028053205250799,41,0,8,0,true,0.1097,0.0,899,8192,0.416,0.416,47.85,0.416,0,0,0.0345,0.0345,19.89,0.0,27.1,23.1,1781028053183882337
1781028053304890095,41,0,8,0,true,0.1097,0.0,899,8192,0.416,0.416,47.85,0.416,0,0,0.0345,0.0345,19.89,0.0,27.1,23.1,1781028053302640019
1781028053405525522,41,0,8,0,true,0.1097,0.0,899,8192,0.416,0.416,47.85,0.416,0,0,0.0345,0.0345,19.89,0.0,27.1,23.1,1781028053384719125
1781028053504798130,41,0,8,0,true,0.1097,0.0,899,8192,0.416,0.416,47.85,0.416,0,0,0.0345,0.0345,19.89,0.0,27.1,23.1,1781028053503559615
1781028053605253700,41,0,8,0,true,0.1097,0.0,899,8192,0.416,0.416,47.85,0.416,0,0,0.0345,0.0345,19.89,0.0,27.1,23.1,1781028053588600725
1781028053704236537,41,0,8,0,true,0.1097,0.0,899,8192,0.416,0.416,47.85,0.416,0,0,0.0345,0.0345,19.89,0.0,27.1,23.1,1781028053704436220
1781028053805543226,41,0,8,0,true,0.1097,0.0,899,8192,0.416,0.416,47.85,0.416,0,0,0.0345,0.0345,19.89,0.0,27.1,23.1,1781028053789815994
1781028053904603976,41,0,8,0,true,0.1097,0.0,899,8192,0.416,0.416,47.85,0.416,0,0,0.0345,0.0345,19.89,0.0,27.1,23.1,1781028053887164719
1781028054004540385,41,0,8,0,true,0.1097,0.0,899,8192,0.416,0.416,47.85,0.416,0,0,0.0345,0.0345,19.89,0.0,27.1,23.1,1781028053993354604
1781028054104520027,41,0,8,0,true,0.1097,0.0,899,8192,0.416,0.416,47.85,0.416,0,0,0.0345,0.0345,19.89,0.0,27.1,23.1,1781028054087778688
1781028054205664910,41,0,8,0,true,0.1097,0.0,899,8192,0.416,0.416,47.85,0.416,0,0,0.0345,0.0345,19.89,0.0,27.1,23.1,1781028054191958755
1781028054305062956,41,0,8,0,true,0.1097,0.0,899,8192,0.416,0.416,47.85,0.416,0,0,0.0345,0.0345,19.89,0.0,27.1,23.1,1781028054288361580
1781028054409569862,41,0,8,0,true,0.1097,0.0,899,8192,0.416,0.416,47.85,0.416,0,0,0.0345,0.0345,19.89,0.0,27.1,23.1,1781028054393177033
1781028054510494286,41,0,8,0,true,0.1097,0.0,899,8192,0.416,0.416,47.85,0.416,0,0,0.0345,0.0345,19.89,0.0,27.1,23.1,1781028054509153298
1781028054611065976,41,0,8,0,true,0.1097,0.0,899,8192,0.416,0.416,47.85,0.416,0,0,0.0345,0.0345,19.89,0.0,27.1,23.1,1781028054610810262
1781028054711130304,41,0,8,0,true,0.1097,0.0,899,8192,0.416,0.416,47.85,0.416,0,0,0.0345,0.0345,19.89,0.0,27.1,23.1,1781028054709744041
1781028054810384413,41,0,8,0,true,0.1097,0.0,899,8192,0.416,0.416,47.85,0.416,0,0,0.0345,0.0345,19.89,0.0,27.1,23.1,1781028054793851743
1781028054910481066,41,0,8,0,true,0.1097,0.0,899,8192,0.416,0.416,47.85,0.416,0,0,0.0345,0.0345,19.89,0.0,27.1,23.1,1781028054890875003
1781028055010702962,41,0,8,0,true,0.1097,0.0,899,8192,0.416,0.416,47.85,0.416,0,0,0.0345,0.0345,19.89,0.0,27.1,23.1,1781028054997981631
1781028055111142313,41,0,8,0,true,0.1097,0.0,899,8192,0.416,0.416,47.85,0.416,0,0,0.0345,0.0345,19.89,0.0,27.1,23.1,1781028055091478862
1781028055211098910,41,0,8,0,true,0.1097,0.0,899,8192,0.416,0.416,47.85,0.416,0,0,0.0345,0.0345,19.89,0.0,27.1,23.1,1781028055200781917
1781028055310608109,41,0,8,0,true,0.1097,0.0,899,8192,0.416,0.416,47.85,0.416,0,0,0.0345,0.0345,19.89,0.0,27.1,23.1,1781028055295148666
1781028055410599768,41,0,8,0,true,0.1097,0.0,899,8192,0.416,0.416,47.85,0.416,0,0,0.0345,0.0345,19.89,0.0,27.1,23.1,1781028055403413098
1781028055510952335,41,0,8,0,true,0.1097,0.0,899,8192,0.416,0.416,47.85,0.416,0,0,0.0345,0.0345,19.89,0.0,27.1,23.1,1781028055497651773
1781028055610899892,41,0,8,0,true,0.1097,0.0,899,8192,0.416,0.416,47.85,0.416,0,0,0.0345,0.0345,19.89,0.0,27.1,23.1,1781028055599561660
1781028055711235420,41,0,8,0,true,0.1097,0.0,899,8192,0.416,0.416,47.85,0.416,0,0,0.0345,0.0345,19.89,0.0,27.1,23.1,1781028055699868319
1781028055810966269,41,0,8,0,true,0.1097,0.0,899,8192,0.416,0.416,47.85,0.416,0,0,0.0345,0.0345,19.89,0.0,27.1,23.1,1781028055808680443
1781028055910523798,41,0,8,0,true,0.1097,0.0,899,8192,0.416,0.416,47.85,0.416,0,0,0.0345,0.0345,19.89,0.0,27.1,23.1,1781028055904145077
1781028056010376125,41,0,8,0,true,0.1097,0.0,899,8192,0.416,0.416,47.85,0.416,0,0,0.0345,0.0345,19.89,0.0,27.1,23.1,1781028056006314123
1781028056111150883,41,0,8,0,true,0.1097,0.0,899,8192,0.416,0.416,47.85,0.416,0,0,0.0345,0.0345,19.89,0.0,27.1,23.1,1781028056102814472
1781028056210636986,41,0,8,0,true,0.1097,0.0,899,8192,0.416,0.416,47.85,0.416,0,0,0.0345,0.0345,19.89,0.0,27.1,23.1,1781028056208004361
1781028056310851974,41,0,8,0,true,0.1097,0.0,899,8192,0.416,0.416,47.85,0.416,0,0,0.0345,0.0345,19.89,0.0,27.1,23.1,1781028056304534947
1781028056410936074,41,0,8,0,true,0.1097,0.0,899,8192,0.416,0.416,47.85,0.416,0,0,0.0345,0.0345,19.89,0.0,27.1,23.1,1781028056384269337
1781028056510794248,41,0,8,0,true,0.1097,0.0,899,8192,0.416,0.416,47.85,0.416,0,0,0.0345,0.0345,19.89,0.0,27.1,23.1,1781028056508286753
1781028056611111261,41,0,8,0,true,0.1097,0.0,899,8192,0.416,0.416,47.85,0.416,0,0,0.0345,0.0345,19.89,0.0,27.1,23.1,1781028056593171472
1781028056710292259,41,0,8,0,true,0.1097,0.0,899,8192,0.416,0.416,47.85,0.416,0,0,0.0345,0.0345,19.89,0.0,27.1,23.1,1781028056710852163
1781028056810443649,41,0,8,0,true,0.1097,0.0,899,8192,0.416,0.416,47.85,0.416,0,0,0.0345,0.0345,19.89,0.0,27.1,23.1,1781028056803303725
1781028056910654143,41,0,8,0,true,0.1097,0.0,899,8192,0.416,0.416,47.85,0.416,0,0,0.0345,0.0345,19.89,0.0,27.1,23.1,1781028056894171992
1781028057011023657,41,0,8,0,true,0.1097,0.0,899,8192,0.416,0.416,47.85,0.416,0,0,0.0345,0.0345,19.89,0.0,27.1,23.1,1781028056998660900
1781028057111229177,41,0,8,0,true,0.1097,0.0,899,8192,0.416,0.416,47.85,0.416,0,0,0.0345,0.0345,19.89,0.0,27.1,23.1,1781028057094842272
1781028057210345134,41,0,8,0,true,0.1097,0.0,899,8192,0.416,0.416,47.85,0.416,0,0,0.0345,0.0345,19.89,0.0,27.1,23.1,1781028057207018932
1781028057310625773,41,0,8,0,true,0.1097,0.0,899,8192,0.416,0.416,47.85,0.416,0,0,0.0345,0.0345,19.89,0.0,27.1,23.1,1781028057301254920
1781028057411269236,41,0,8,0,true,0.1097,0.0,899,8192,0.416,0.416,47.85,0.416,0,0,0.0345,0.0345,19.89,0.0,27.1,23.1,1781028057408399249
1781028057510855848,41,0,8,0,true,0.1097,0.0,899,8192,0.416,0.416,47.85,0.416,0,0,0.0345,0.0345,19.89,0.0,27.1,23.1,1781028057504336465
1781028057611002341,41,0,8,0,true,0.1097,0.0,899,8192,0.416,0.416,47.85,0.416,0,0,0.0345,0.0345,19.89,0.0,27.1,23.1,1781028057585285599
1781028057710973130,41,0,8,0,true,0.1097,0.0,899,8192,0.416,0.416,47.85,0.416,0,0,0.0345,0.0345,19.89,0.0,27.1,23.1,1781028057705457885
1781028057810816818,41,0,8,0,true,0.1097,0.0,899,8192,0.416,0.416,47.85,0.416,0,0,0.0345,0.0345,19.89,0.0,27.1,23.1,1781028057790106271
1781028057910603404,41,0,8,0,true,0.1097,0.0,899,8192,0.416,0.416,47.85,0.416,0,0,0.0345,0.0345,19.89,0.0,27.1,23.1,1781028057889907033
1781028058010835994,41,0,8,0,true,0.1097,0.0,899,8192,0.416,0.416,47.85,0.416,0,0,0.0345,0.0345,19.89,0.0,27.1,23.1,1781028057998178862
1781028058111050244,41,0,8,0,true,0.1097,0.0,899,8192,0.416,0.416,47.85,0.416,0,0,0.0345,0.0345,19.89,0.0,27.1,23.1,1781028058106478659
1781028058210548897,41,0,8,0,true,0.1097,0.0,899,8192,0.416,0.416,47.85,0.416,0,0,0.0345,0.0345,19.89,0.0,27.1,23.1,1781028058191987177
1781028058310799689,41,0,8,0,true,0.1097,0.0,899,8192,0.416,0.416,47.85,0.416,0,0,0.0345,0.0345,19.89,0.0,27.1,23.1,1781028058307323166
1781028058410992513,41,0,8,0,true,0.1097,0.0,899,8192,0.416,0.416,47.85,0.416,0,0,0.0345,0.0345,19.89,0.0,27.1,23.1,1781028058395683350
1781028058510214775,41,0,8,0,true,0.1097,0.0,899,8192,0.416,0.416,47.85,0.416,0,0,0.0345,0.0345,19.89,0.0,27.1,23.1,1781028058490220476
1781028058610866104,41,0,8,0,true,0.1097,0.0,899,8192,0.416,0.416,47.85,0.416,0,0,0.0345,0.0345,19.89,0.0,27.1,23.1,1781028058604038362
1781028058711102627,41,0,8,0,true,0.1097,0.0,899,8192,0.416,0.416,47.85,0.416,0,0,0.0345,0.0345,19.89,0.0,27.1,23.1,1781028058697809009
1781028058810359613,41,0,8,0,true,0.1097,0.0,899,8192,0.416,0.416,47.85,0.416,0,0,0.0345,0.0345,19.89,0.0,27.1,23.1,1781028058801511505
1781028058911253245,41,0,8,0,true,0.1097,0.0,899,8192,0.416,0.416,47.85,0.416,0,0,0.0345,0.0345,19.89,0.0,27.1,23.1,1781028058896935672
1781028059014227323,41,0,8,0,true,0.1097,0.0,899,8192,0.416,0.416,47.85,0.416,0,0,0.0345,0.0345,19.89,0.0,27.1,23.1,1781028059003686646
1781028059110487822,41,0,8,0,true,0.1097,0.0,899,8192,0.416,0.416,47.85,0.416,0,0,0.0345,0.0345,19.89,0.0,27.1,23.1,1781028059100097943
1781028059211563745,41,0,8,0,true,0.1097,0.0,899,8192,0.416,0.416,47.85,0.416,0,0,0.0345,0.0345,19.89,0.0,27.1,23.1,1781028059206300823
1781028059310824132,41,0,8,0,true,0.1097,0.0,899,8192,0.416,0.416,47.85,0.416,0,0,0.0345,0.0345,19.89,0.0,27.1,23.1,1781028059303415498
1781028059410500804,41,0,8,0,true,0.1097,0.0,899,8192,0.416,0.416,47.85,0.416,0,0,0.0345,0.0345,19.89,0.0,27.1,23.1,1781028059384730037
1781028059510883478,41,0,8,0,true,0.1097,0.0,899,8192,0.416,0.416,47.85,0.416,0,0,0.0345,0.0345,19.89,0.0,27.1,23.1,1781028059509452645
1781028059610893427,41,0,8,0,true,0.1097,0.0,899,8192,0.416,0.416,47.85,0.416,0,0,0.0345,0.0345,19.89,0.0,27.1,23.1,1781028059584677661
1781028059710586187,41,0,8,0,true,0.1097,0.0,899,8192,0.416,0.416,47.85,0.416,0,0,0.0345,0.0345,19.89,0.0,27.1,23.1,1781028059707110881
1781028059810566050,41,0,8,0,true,0.1097,0.0,899,8192,0.416,0.416,47.85,0.416,0,0,0.0345,0.0345,19.89,0.0,27.1,23.1,1781028059789163230
1781028059911161749,41,0,8,0,true,0.1097,0.0,899,8192,0.416,0.416,47.85,0.416,0,0,0.0345,0.0345,19.89,0.0,27.1,23.1,1781028059908792206
1781028060011545419,41,0,8,0,true,0.1097,0.0,899,8192,0.416,0.416,47.85,0.416,0,0,0.0345,0.0345,19.89,0.0,27.1,23.1,1781028059994016866
1781028060110218360,41,0,8,0,true,0.1097,0.0,899,8192,0.416,0.416,47.85,0.416,0,0,0.0345,0.0345,19.89,0.0,27.1,23.1,1781028060110114901
1781028060211543310,41,0,8,0,true,0.1097,0.0,899,8192,0.416,0.416,47.85,0.416,0,0,0.0345,0.0345,19.89,0.0,27.1,23.1,1781028060194352587
1781028060310368227,41,0,8,0,true,0.1097,0.0,899,8192,0.416,0.416,47.85,0.416,0,0,0.0345,0.0345,19.89,0.0,27.1,23.1,1781028060309110018
1781028060411020978,41,0,8,0,true,0.1097,0.0,899,8192,0.416,0.416,47.85,0.416,0,0,0.0345,0.0345,19.89,0.0,27.1,23.1,1781028060391321197
1781028060510218178,41,0,8,0,true,0.1097,0.0,899,8192,0.416,0.416,47.85,0.416,0,0,0.0345,0.0345,19.89,0.0,27.1,23.1,1781028060509976273
1781028060611554472,41,0,8,0,true,0.1097,0.0,899,8192,0.416,0.416,47.85,0.416,0,0,0.0345,0.0345,19.89,0.0,27.1,23.1,1781028060593264274
1781028060710448449,41,0,8,0,true,0.1097,0.0,899,8192,0.416,0.416,47.85,0.416,0,0,0.0345,0.0345,19.89,0.0,27.1,23.1,1781028060710737396
1781028060810360824,41,0,8,0,true,0.1097,0.0,899,8192,0.416,0.416,47.85,0.416,0,0,0.0345,0.0345,19.89,0.0,27.1,23.1,1781028060795685597
1781028060910317595,41,0,8,0,true,0.1097,0.0,899,8192,0.416,0.416,47.85,0.416,0,0,0.0345,0.0345,19.89,0.0,27.1,23.1,1781028060893941605
1781028061010400197,41,0,8,0,true,0.1097,0.0,899,8192,0.416,0.416,47.85,0.416,0,0,0.0345,0.0345,19.89,0.0,27.1,23.1,1781028060995917928
1781028061110820775,41,0,8,0,true,0.1097,0.0,899,8192,0.416,0.416,47.85,0.416,0,0,0.0345,0.0345,19.89,0.0,27.1,23.1,1781028061093279894
1781028061210528831,41,0,8,0,true,0.1097,0.0,899,8192,0.416,0.416,47.85,0.416,0,0,0.0345,0.0345,19.89,0.0,27.1,23.1,1781028061197868526
1781028061310866498,41,0,8,0,true,0.1097,0.0,899,8192,0.416,0.416,47.85,0.416,0,0,0.0345,0.0345,19.89,0.0,27.1,23.1,1781028061294480823
1781028061411125883,41,0,8,0,true,0.1097,0.0,899,8192,0.416,0.416,47.85,0.416,0,0,0.0345,0.0345,19.89,0.0,27.1,23.1,1781028061399996627
1781028061510487490,41,0,8,0,true,0.1097,0.0,899,8192,0.416,0.416,47.85,0.416,0,0,0.0345,0.0345,19.89,0.0,27.1,23.1,1781028061501967501
1781028061611193165,41,0,8,0,true,0.1097,0.0,899,8192,0.416,0.416,47.85,0.416,0,0,0.0345,0.0345,19.89,0.0,27.1,23.1,1781028061600179610
1781028061711085131,41,0,8,0,true,0.1097,0.0,899,8192,0.416,0.416,47.85,0.416,0,0,0.0345,0.0345,19.89,0.0,27.1,23.1,1781028061700736812
1781028061811416334,41,0,8,0,true,0.1097,0.0,899,8192,0.416,0.416,47.85,0.416,0,0,0.0345,0.0345,19.89,0.0,27.1,23.1,1781028061801506813
1781028061911303062,41,0,8,0,true,0.1097,0.0,899,8192,0.416,0.416,47.85,0.416,0,0,0.0345,0.0345,19.89,0.0,27.1,23.1,1781028061900626143
1781028062010326559,41,0,8,0,true,0.1097,0.0,899,8192,0.416,0.416,47.85,0.416,0,0,0.0345,0.0345,19.89,0.0,27.1,23.1,1781028061980922660
1781028062111209247,41,0,8,0,true,0.1097,0.0,899,8192,0.416,0.416,47.85,0.416,0,0,0.0345,0.0345,19.88,0.0,27.1,23.1,1781028062101916626
1781028062210907903,41,0,8,0,true,0.1097,0.0,899,8192,0.416,0.416,47.85,0.416,0,0,0.0345,0.0345,19.88,0.0,27.1,23.1,1781028062205408028
1781028062310912897,41,0,8,0,true,0.1097,0.0,899,8192,0.416,0.416,47.85,0.416,0,0,0.0345,0.0345,19.88,0.0,27.1,23.1,1781028062302590671
1781028062410787948,41,0,8,0,true,0.1097,0.0,899,8192,0.416,0.416,47.85,0.416,0,0,0.0345,0.0345,19.88,0.0,27.1,23.1,1781028062405316162
1781028062510544152,41,0,8,0,true,0.1097,0.0,899,8192,0.416,0.416,47.85,0.416,0,0,0.0345,0.0345,19.88,0.0,27.1,23.1,1781028062503219589
1781028062611232681,41,0,8,0,true,0.1097,0.0,899,8192,0.416,0.416,47.85,0.416,0,0,0.0345,0.0345,19.88,0.0,27.1,23.1,1781028062608233428
1781028062711234005,41,0,8,0,true,0.1097,0.0,899,8192,0.416,0.416,47.85,0.416,0,0,0.0345,0.0345,19.88,0.0,27.1,23.1,1781028062703892282
1781028062811064880,41,0,8,0,true,0.1097,0.0,899,8192,0.416,0.416,47.85,0.416,0,0,0.0345,0.0345,19.88,0.0,27.1,23.1,1781028062808668509
1781028062910709002,41,0,8,0,true,0.1097,0.0,899,8192,0.416,0.416,47.85,0.416,0,0,0.0345,0.0345,19.88,0.0,27.1,23.1,1781028062906150238
1781028063011155277,41,0,8,0,true,0.1097,0.0,899,8192,0.416,0.416,47.85,0.416,0,0,0.0345,0.0345,19.88,0.0,27.1,23.1,1781028063008324790
1781028063111556922,41,0,8,0,true,0.1097,0.0,899,8192,0.416,0.416,47.85,0.416,0,0,0.0345,0.0345,19.88,0.0,27.1,23.1,1781028063105155745
1781028063210204680,41,0,8,0,true,0.1097,0.0,899,8192,0.416,0.416,47.85,0.416,0,0,0.0345,0.0345,19.88,0.0,27.1,23.1,1781028063209673073
1781028063311063557,41,0,8,0,true,0.1097,0.0,899,8192,0.416,0.416,47.85,0.416,0,0,0.0345,0.0345,19.88,0.0,27.1,23.1,1781028063305666590
1781028063410889982,41,0,8,0,true,0.1097,0.0,899,8192,0.416,0.416,47.85,0.416,0,0,0.0345,0.0345,19.88,0.0,27.1,23.1,1781028063386611872
1781028063510349865,41,0,8,0,true,0.1097,0.0,899,8192,0.416,0.416,47.85,0.416,0,0,0.0345,0.0345,19.88,0.0,27.1,23.1,1781028063508019654
1781028063612874845,41,0,8,0,true,0.1097,0.0,899,8192,0.416,0.416,47.85,0.416,0,0,0.0345,0.0345,19.88,0.0,27.1,23.1,1781028063590308351
1781028063710869327,41,0,8,0,true,0.1097,0.0,899,8192,0.416,0.416,47.85,0.416,0,0,0.0345,0.0345,19.88,0.0,27.1,23.1,1781028063695506560
1781028063810484348,41,0,8,0,true,0.1097,0.0,899,8192,0.416,0.416,47.85,0.416,0,0,0.0345,0.0345,19.88,0.0,27.1,23.1,1781028063805156416
1781028063910342952,41,0,8,0,true,0.1097,0.0,899,8192,0.416,0.416,47.85,0.416,0,0,0.0345,0.0345,19.88,0.0,27.1,23.1,1781028063898836638
1781028064010726868,41,0,8,0,true,0.1097,0.0,899,8192,0.416,0.416,47.85,0.416,0,0,0.0345,0.0345,19.88,0.0,27.1,23.1,1781028064003442158
1781028064111298268,41,0,8,0,true,0.1097,0.0,899,8192,0.416,0.416,47.85,0.416,0,0,0.0345,0.0345,19.88,0.0,27.1,23.1,1781028064100953616
1781028064210444811,41,0,8,0,true,0.1097,0.0,899,8192,0.416,0.416,47.85,0.416,0,0,0.0345,0.0345,19.88,0.0,27.1,23.1,1781028064208936513
1781028064310907421,41,0,8,0,true,0.1097,0.0,899,8192,0.416,0.416,47.85,0.416,0,0,0.0345,0.0345,19.88,0.0,27.1,23.1,1781028064303565173
1781028064410594899,41,0,8,0,true,0.1097,0.0,899,8192,0.416,0.416,47.85,0.416,0,0,0.0345,0.0345,19.88,0.0,27.1,23.1,1781028064384925663
1781028064510428552,41,0,8,0,true,0.1097,0.0,899,8192,0.416,0.416,47.85,0.416,0,0,0.0345,0.0345,19.88,0.0,27.1,23.1,1781028064504896403
1781028064610248804,41,0,8,0,true,0.1097,0.0,899,8192,0.416,0.416,47.85,0.416,0,0,0.0345,0.0345,19.88,0.0,27.1,23.1,1781028064609371031
1781028064710993625,41,0,8,0,true,0.1097,0.0,899,8192,0.416,0.416,47.85,0.416,0,0,0.0345,0.0345,19.88,0.0,27.1,23.1,1781028064705616166
1781028064811030537,41,0,8,0,true,0.1097,0.0,899,8192,0.416,0.416,47.85,0.416,0,0,0.0345,0.0345,19.88,0.0,27.1,23.1,1781028064809231269
1781028064911112699,41,0,8,0,true,0.1097,0.0,899,8192,0.416,0.416,47.85,0.416,0,0,0.0345,0.0345,19.88,0.0,27.1,23.1,1781028064907615026
1781028065010803087,41,0,8,0,true,0.1097,0.0,899,8192,0.416,0.416,47.85,0.416,0,0,0.0345,0.0345,19.88,0.0,27.1,23.1,1781028064989350547
1781028065110903497,41,0,8,0,true,0.1097,0.0,899,8192,0.416,0.416,47.85,0.416,0,0,0.0345,0.0345,19.88,0.0,27.1,23.1,1781028065109492261
1781028065211069769,41,0,8,0,true,0.1097,0.0,899,8192,0.416,0.416,47.85,0.416,0,0,0.0345,0.0345,19.88,0.0,27.1,23.1,1781028065190654360
1781028065310442808,41,0,8,0,true,0.1097,0.0,899,8192,0.416,0.416,47.84,0.416,0,0,0.0345,0.0345,19.88,0.0,27.1,23.1,1781028065290926815
1781028065410544012,41,0,8,0,true,0.1097,0.0,899,8192,0.416,0.416,47.84,0.416,0,0,0.0345,0.0345,19.88,0.0,27.1,23.1,1781028065394130471
1781028065510386778,41,0,8,0,true,0.1097,0.0,899,8192,0.416,0.416,47.84,0.416,0,0,0.0345,0.0345,19.88,0.0,27.1,23.1,1781028065493967454
1781028065610636589,41,0,8,0,true,0.1097,0.0,899,8192,0.416,0.416,47.84,0.416,0,0,0.0345,0.0345,19.88,0.0,27.1,23.1,1781028065597660190
1781028065710833805,41,0,8,0,true,0.1097,0.0,899,8192,0.416,0.416,47.84,0.416,0,0,0.0345,0.0345,19.88,0.0,27.1,23.1,1781028065700388915
1781028065810392000,41,0,8,0,true,0.1097,0.0,899,8192,0.416,0.416,47.84,0.416,0,0,0.0345,0.0345,19.88,0.0,27.1,23.1,1781028065802991460
1781028065911161674,41,0,8,0,true,0.1097,0.0,899,8192,0.416,0.416,47.84,0.416,0,0,0.0345,0.0345,19.88,0.0,27.1,23.1,1781028065896797243
1781028066010453306,41,0,8,0,true,0.1097,0.0,899,8192,0.416,0.416,47.84,0.416,0,0,0.0345,0.0345,19.88,0.0,27.1,23.1,1781028066004578253
1781028066110349778,41,0,8,0,true,0.1097,0.0,899,8192,0.416,0.416,47.84,0.416,0,0,0.0345,0.0345,19.88,0.0,27.1,23.1,1781028066100953677
1781028066210624853,41,0,8,0,true,0.1097,0.0,899,8192,0.416,0.416,47.84,0.416,0,0,0.0345,0.0345,19.88,0.0,27.1,23.1,1781028066185717099
1781028066310409986,41,0,8,0,true,0.1097,0.0,899,8192,0.416,0.416,47.84,0.416,0,0,0.0345,0.0345,19.88,0.0,27.1,23.1,1781028066309002095
1781028066410226710,41,0,8,0,true,0.1097,0.0,899,8192,0.416,0.416,47.84,0.416,0,0,0.0345,0.0345,19.88,0.0,27.1,23.1,1781028066384904454
1781028066510986599,41,0,8,0,true,0.1097,0.0,899,8192,0.416,0.416,47.84,0.416,0,0,0.0345,0.0345,19.88,0.0,27.1,23.1,1781028066504648011
1781028066610854453,41,0,8,0,true,0.1097,0.0,899,8192,0.416,0.416,47.84,0.416,0,0,0.0345,0.0345,19.88,0.0,27.1,23.1,1781028066586151931
1781028066711145922,41,0,8,0,true,0.1097,0.0,899,8192,0.416,0.416,47.84,0.416,0,0,0.0345,0.0345,19.88,0.0,27.1,23.1,1781028066705813268
1781028066813330918,41,0,8,0,true,0.1097,0.0,899,8192,0.416,0.416,47.84,0.416,0,0,0.0345,0.0345,19.88,0.0,27.1,23.1,1781028066809258804
1781028066911111583,41,0,8,0,true,0.1097,0.0,899,8192,0.416,0.416,47.84,0.416,0,0,0.0345,0.0345,19.88,0.0,27.1,23.1,1781028066907658030
1781028067010843464,41,0,8,0,true,0.1097,0.0,899,8192,0.416,0.416,47.84,0.416,0,0,0.0345,0.0345,19.88,0.0,27.1,23.1,1781028066991094013
1781028067110829612,41,0,8,0,true,0.1097,0.0,899,8192,0.416,0.416,47.84,0.416,0,0,0.0345,0.0345,19.88,0.0,27.1,23.1,1781028067107399003
1781028067210634496,41,0,8,0,true,0.1097,0.0,899,8192,0.416,0.416,47.84,0.416,0,0,0.0345,0.0345,19.88,0.0,27.1,23.1,1781028067188797740
1781028067310437999,41,0,8,0,true,0.1097,0.0,899,8192,0.416,0.416,47.84,0.416,0,0,0.0345,0.0345,19.88,0.0,27.1,23.1,1781028067308074461
1781028067412571448,41,0,8,0,true,0.1097,0.0,899,8192,0.416,0.416,47.84,0.416,0,0,0.0345,0.0345,19.88,0.0,27.1,23.1,1781028067389667334
1781028067510736512,41,0,8,0,true,0.1097,0.0,899,8192,0.416,0.416,47.84,0.416,0,0,0.0345,0.0345,19.88,0.0,27.1,23.1,1781028067509459249
1781028067611543591,41,0,8,0,true,0.1097,0.0,899,8192,0.416,0.416,47.84,0.416,0,0,0.0345,0.0345,19.88,0.0,27.1,23.1,1781028067591986048
1781028067710280240,41,0,8,0,true,0.1097,0.0,899,8192,0.416,0.416,47.84,0.416,0,0,0.0345,0.0345,19.88,0.0,27.1,23.1,1781028067710154657
1781028067810231960,41,0,8,0,true,0.1097,0.0,899,8192,0.416,0.416,47.84,0.416,0,0,0.0345,0.0345,19.88,0.0,27.1,23.1,1781028067810092795
1781028067910377511,41,0,8,0,true,0.1097,0.0,899,8192,0.416,0.416,47.84,0.416,0,0,0.0345,0.0345,19.88,0.0,27.1,23.1,1781028067895735730
1781028068012535852,41,0,8,0,true,0.1097,0.0,899,8192,0.416,0.416,47.84,0.416,0,0,0.0345,0.0345,19.88,0.0,27.1,23.1,1781028067994391472
1781028068110689446,41,0,8,0,true,0.1097,0.0,899,8192,0.416,0.416,47.84,0.416,0,0,0.0345,0.0345,19.88,0.0,27.1,23.1,1781028068091828143
1781028068211542116,41,0,8,0,true,0.1097,0.0,899,8192,0.416,0.416,47.84,0.416,0,0,0.0345,0.0345,19.88,0.0,27.1,23.1,1781028068200352730
1781028068310448512,41,0,8,0,true,0.1097,0.0,899,8192,0.416,0.416,47.84,0.416,0,0,0.0345,0.0345,19.88,0.0,27.1,23.1,1781028068293040597
1781028068410554861,41,0,8,0,true,0.1097,0.0,899,8192,0.416,0.416,47.84,0.416,0,0,0.0345,0.0345,19.88,0.0,27.1,23.1,1781028068394361311
1781028068510480003,41,0,8,0,true,0.1097,0.0,899,8192,0.416,0.416,47.84,0.416,0,0,0.0345,0.0345,19.88,0.0,27.1,23.1,1781028068495039696
1781028068611039537,41,0,8,0,true,0.1097,0.0,899,8192,0.416,0.416,47.84,0.416,0,0,0.0345,0.0345,19.88,0.0,27.1,23.1,1781028068596772403
1781028068710921705,41,0,8,0,true,0.1097,0.0,899,8192,0.416,0.416,47.84,0.416,0,0,0.0345,0.0345,19.88,0.0,27.1,23.1,1781028068699370962
1781028068811547406,41,0,8,0,true,0.1097,0.0,899,8192,0.416,0.416,47.84,0.416,0,0,0.0345,0.0345,19.88,0.0,27.1,23.1,1781028068796341889
1781028068910625358,41,0,8,0,true,0.1097,0.0,899,8192,0.416,0.416,47.84,0.416,0,0,0.0345,0.0345,19.88,0.0,27.1,23.1,1781028068898296946
1781028069011083834,41,0,8,0,true,0.1097,0.0,899,8192,0.416,0.416,47.84,0.416,0,0,0.0345,0.0345,19.88,0.0,27.1,23.1,1781028069006618596
1781028069111060780,41,0,8,0,true,0.1097,0.0,899,8192,0.416,0.416,47.84,0.416,0,0,0.0345,0.0345,19.88,0.0,27.1,23.1,1781028069099771033
1781028069211549227,41,0,8,0,true,0.1097,0.0,899,8192,0.416,0.416,47.84,0.416,0,0,0.0345,0.0345,19.88,0.0,27.1,23.1,1781028069205310619
1781028069310335417,41,0,8,0,true,0.1097,0.0,899,8192,0.416,0.416,47.84,0.416,0,0,0.0345,0.0345,19.88,0.0,27.1,23.1,1781028069302824634
1781028069411019795,41,0,8,0,true,0.1097,0.0,899,8192,0.416,0.416,47.84,0.416,0,0,0.0345,0.0345,19.88,0.0,27.1,23.1,1781028069386639969
1781028069511240840,41,0,8,0,true,0.1097,0.0,899,8192,0.416,0.416,47.84,0.416,0,0,0.0345,0.0345,19.88,0.0,27.1,23.1,1781028069493756575
1781028069611560122,41,0,8,0,true,0.1097,0.0,899,8192,0.416,0.416,47.84,0.416,0,0,0.0345,0.0345,19.88,0.0,27.1,23.1,1781028069588434641
1781028069710804021,41,0,8,0,true,0.1097,0.0,899,8192,0.416,0.416,47.84,0.416,0,0,0.0345,0.0345,19.88,0.0,27.1,23.1,1781028069708467146
1781028069810792669,41,0,8,0,true,0.1097,0.0,899,8192,0.416,0.416,47.84,0.416,0,0,0.0345,0.0345,19.88,0.0,27.1,23.1,1781028069788973806
1781028069910861929,41,0,8,0,true,0.1097,0.0,899,8192,0.416,0.416,47.84,0.416,0,0,0.0345,0.0345,19.88,0.0,27.1,23.1,1781028069893361630
1781028070010452883,41,0,8,0,true,0.1097,0.0,899,8192,0.416,0.416,47.84,0.416,0,0,0.0345,0.0345,19.88,0.0,27.1,23.1,1781028069996829025
1781028070110801253,41,0,8,0,true,0.1097,0.0,899,8192,0.416,0.416,47.84,0.416,0,0,0.0345,0.0345,19.88,0.0,27.1,23.1,1781028070094513744
1781028070212622222,41,0,8,0,true,0.1097,0.0,899,8192,0.416,0.416,47.84,0.416,0,0,0.0345,0.0345,19.88,0.0,27.1,23.1,1781028070203322712
1781028070310935231,41,0,8,0,true,0.1097,0.0,899,8192,0.416,0.416,47.84,0.416,0,0,0.0345,0.0345,19.88,0.0,27.1,23.1,1781028070301444063
1781028070411532412,41,0,8,0,true,0.1097,0.0,899,8192,0.416,0.416,47.84,0.416,0,0,0.0345,0.0345,19.88,0.0,27.1,23.1,1781028070398822065
1781028070511123909,41,0,8,0,true,0.1097,0.0,899,8192,0.416,0.416,47.84,0.416,0,0,0.0345,0.0345,19.88,0.0,27.1,23.1,1781028070496854506
1781028070611147252,41,0,8,0,true,0.1097,0.0,899,8192,0.416,0.416,47.84,0.416,0,0,0.0345,0.0345,19.88,0.0,27.1,23.1,1781028070601528893
1781028070711189957,41,0,8,0,true,0.1097,0.0,899,8192,0.416,0.416,47.84,0.416,0,0,0.0345,0.0345,19.88,0.0,27.1,23.1,1781028070698723556
1781028070810455533,41,0,8,0,true,0.1097,0.0,899,8192,0.416,0.416,47.84,0.416,0,0,0.0345,0.0345,19.88,0.0,27.1,23.1,1781028070800115752
1781028070911198115,41,0,8,0,true,0.1097,0.0,899,8192,0.416,0.416,47.84,0.416,0,0,0.0345,0.0345,19.88,0.0,27.1,23.1,1781028070897931721
1781028071011310093,41,0,8,0,true,0.1097,0.0,899,8192,0.416,0.416,47.84,0.416,0,0,0.0345,0.0345,19.88,0.0,27.1,23.1,1781028071001197275
1781028071111168584,41,0,8,0,true,0.1097,0.0,899,8192,0.416,0.416,47.84,0.416,0,0,0.0345,0.0345,19.88,0.0,27.1,23.1,1781028071098746367
1781028071211119850,41,0,8,0,true,0.1097,0.0,899,8192,0.416,0.416,47.84,0.416,0,0,0.0345,0.0345,19.88,0.0,27.1,23.1,1781028071207231384
1781028071310749180,41,0,8,0,true,0.1097,0.0,899,8192,0.416,0.416,47.84,0.416,0,0,0.0345,0.0345,19.88,0.0,27.1,23.1,1781028071303352837
1781028071413635403,41,0,8,0,true,0.1097,0.0,899,8192,0.416,0.416,47.84,0.416,0,0,0.0345,0.0345,19.88,0.0,27.1,23.1,1781028071409423485
1781028071510526963,41,0,8,0,true,0.1097,0.0,899,8192,0.416,0.416,47.84,0.416,0,0,0.0345,0.0345,19.88,0.0,27.1,23.1,1781028071504227246
1781028071612716294,41,0,8,0,true,0.1097,0.0,899,8192,0.416,0.416,47.84,0.416,0,0,0.0345,0.0345,19.88,0.0,27.1,23.1,1781028071584628436
1781028071710684853,41,0,8,0,true,0.1097,0.0,899,8192,0.416,0.416,47.84,0.416,0,0,0.0345,0.0345,19.88,0.0,27.1,23.1,1781028071709217110
1781028071811545073,41,0,8,0,true,0.1097,0.0,899,8192,0.416,0.416,47.84,0.416,0,0,0.0345,0.0345,19.88,0.0,27.1,23.1,1781028071794369364
1781028071910798230,41,0,8,0,true,0.1097,0.0,899,8192,0.416,0.416,47.84,0.416,0,0,0.0345,0.0345,19.88,0.0,27.1,23.1,1781028071894340101
1781028072012560974,41,0,8,0,true,0.1097,0.0,899,8192,0.416,0.416,47.84,0.416,0,0,0.0345,0.0345,19.88,0.0,27.1,23.1,1781028071993111999
1781028072111301088,41,0,8,0,true,0.1097,0.0,899,8192,0.416,0.416,47.84,0.416,0,0,0.0345,0.0345,19.88,0.0,27.1,23.1,1781028072097913957
1781028072214813695,41,0,8,0,true,0.1097,0.0,899,8192,0.416,0.416,47.84,0.416,0,0,0.0345,0.0345,19.88,0.0,27.1,23.1,1781028072202186373
1781028072315935148,41,0,8,0,true,0.1097,0.0,899,8192,0.416,0.416,47.84,0.416,0,0,0.0345,0.0345,19.88,0.0,27.1,23.1,1781028072305138414
1781028072416046781,41,0,8,0,true,0.1097,0.0,899,8192,0.416,0.416,47.84,0.416,0,0,0.0345,0.0345,19.88,0.0,27.1,23.1,1781028072414583347
1781028072515270552,41,0,8,0,true,0.1097,0.0,899,8192,0.416,0.416,47.84,0.416,0,0,0.0345,0.0345,19.88,0.0,27.1,23.1,1781028072503699028
1781028072615974510,41,0,8,0,true,0.1097,0.0,899,8192,0.416,0.416,47.84,0.416,0,0,0.0345,0.0345,19.88,0.0,27.1,23.1,1781028072604903997
1781028072716156702,41,0,8,0,true,0.1097,0.0,899,8192,0.416,0.416,47.84,0.416,0,0,0.0345,0.0345,19.88,0.0,27.1,23.1,1781028072704443681
1781028072815301045,41,0,8,0,true,0.1097,0.0,899,8192,0.416,0.416,47.84,0.416,0,0,0.0345,0.0345,19.88,0.0,27.1,23.1,1781028072784849369
1781028072915517204,41,0,8,0,true,0.1097,0.0,899,8192,0.416,0.416,47.84,0.416,0,0,0.0345,0.0345,19.88,0.0,27.1,23.1,1781028072909093771
1781028073016182179,41,0,8,0,true,0.1097,0.0,899,8192,0.416,0.416,47.84,0.416,0,0,0.0345,0.0345,19.88,0.0,27.1,23.1,1781028073013807674
1781028073116269674,41,0,8,0,true,0.1097,0.0,899,8192,0.416,0.416,47.84,0.416,0,0,0.0345,0.0345,19.88,0.0,27.1,23.1,1781028073109607548
1781028073215425087,41,0,8,0,true,0.1097,0.0,899,8192,0.416,0.416,47.84,0.416,0,0,0.0345,0.0345,19.88,0.0,27.1,23.1,1781028073211517808
1781028073315946287,41,0,8,0,true,0.1097,0.0,899,8192,0.416,0.416,47.84,0.416,0,0,0.0345,0.0345,19.88,0.0,27.1,23.1,1781028073309386165
1781028073415513361,41,0,8,0,true,0.1097,0.0,899,8192,0.416,0.416,47.84,0.416,0,0,0.0345,0.0345,19.88,0.0,27.1,23.1,1781028073394555351
1781028073516033401,41,0,8,0,true,0.1097,0.0,899,8192,0.416,0.416,47.84,0.416,0,0,0.0345,0.0345,19.88,0.0,27.1,23.1,1781028073510602062
1781028073616982562,41,0,8,0,true,0.1097,0.0,899,8192,0.416,0.416,47.84,0.416,0,0,0.0345,0.0345,19.88,0.0,27.1,23.1,1781028073590884838
1781028073715422051,41,0,8,0,true,0.1097,0.0,899,8192,0.416,0.416,47.84,0.416,0,0,0.0345,0.0345,19.88,0.0,27.1,23.1,1781028073710760994
1781028073816481654,41,0,8,0,true,0.1097,0.0,899,8192,0.416,0.416,47.84,0.416,0,0,0.0345,0.0345,19.88,0.0,27.1,23.1,1781028073792028678
1781028073916268032,41,0,8,0,true,0.1097,0.0,899,8192,0.416,0.416,47.84,0.416,0,0,0.0345,0.0345,19.88,0.0,27.1,23.1,1781028073911741075
1781028074016174224,41,0,8,0,true,0.1097,0.0,899,8192,0.416,0.416,47.84,0.416,0,0,0.0345,0.0345,19.88,0.0,27.1,23.1,1781028073994335709
1781028074115892089,41,0,8,0,true,0.1097,0.0,899,8192,0.416,0.416,47.84,0.416,0,0,0.0345,0.0345,19.88,0.0,27.1,23.1,1781028074097229809
1781028074215973901,41,0,8,0,true,0.1097,0.0,899,8192,0.416,0.416,47.84,0.416,0,0,0.0345,0.0345,19.88,0.0,27.1,23.1,1781028074199062205
1781028074315768074,41,0,8,0,true,0.1097,0.0,899,8192,0.416,0.416,47.84,0.416,0,0,0.0345,0.0345,19.88,0.0,27.1,23.1,1781028074297021311
1781028074416161442,41,0,8,0,true,0.1097,0.0,899,8192,0.416,0.416,47.84,0.416,0,0,0.0345,0.0345,19.88,0.0,27.1,23.1,1781028074399015445
1781028074515846812,41,0,8,0,true,0.1097,0.0,899,8192,0.416,0.416,47.84,0.416,0,0,0.0345,0.0345,19.88,0.0,27.1,23.1,1781028074500945127
1781028074616526931,41,0,8,0,true,0.1097,0.0,899,8192,0.416,0.416,47.84,0.416,0,0,0.0345,0.0345,19.88,0.0,27.1,23.1,1781028074597590410
1781028074716107552,41,0,8,0,true,0.1097,0.0,899,8192,0.416,0.416,47.84,0.416,0,0,0.0345,0.0345,19.88,0.0,27.1,23.1,1781028074701497051
1781028074815772572,41,0,8,0,true,0.1097,0.0,899,8192,0.416,0.416,47.84,0.416,0,0,0.0345,0.0345,19.88,0.0,27.1,23.1,1781028074809307546
1781028074916072462,41,0,8,0,true,0.1097,0.0,899,8192,0.416,0.416,47.84,0.416,0,0,0.0345,0.0345,19.88,0.0,27.1,23.1,1781028074902272953
1781028075015771751,41,0,8,0,true,0.1097,0.0,899,8192,0.416,0.416,47.84,0.416,0,0,0.0345,0.0345,19.88,0.0,27.1,23.1,1781028075008687709
1781028075115701917,41,0,8,0,true,0.1097,0.0,899,8192,0.416,0.416,47.84,0.416,0,0,0.0345,0.0345,19.88,0.0,27.1,23.1,1781028075104171384
1781028075215748258,41,0,8,0,true,0.1097,0.0,899,8192,0.416,0.416,47.84,0.416,0,0,0.0345,0.0345,19.88,0.0,27.1,23.1,1781028075207529405
1781028075315578407,41,0,8,0,true,0.1097,0.0,899,8192,0.416,0.416,47.84,0.416,0,0,0.0345,0.0345,19.88,0.0,27.1,23.1,1781028075306083910
1781028075415487656,41,0,8,0,true,0.1097,0.0,899,8192,0.416,0.416,47.84,0.416,0,0,0.0345,0.0345,19.88,0.0,27.1,23.1,1781028075412323929
1781028075515301961,41,0,8,0,true,0.1097,0.0,899,8192,0.416,0.416,47.84,0.416,0,0,0.0345,0.0345,19.88,0.0,27.1,23.1,1781028075507832993
1781028075616930226,41,0,8,0,true,0.1097,0.0,899,8192,0.416,0.416,47.84,0.416,0,0,0.0345,0.0345,19.88,0.0,27.1,23.1,1781028075608361432
1781028075715566256,41,0,8,0,true,0.1097,0.0,899,8192,0.416,0.416,47.84,0.416,0,0,0.0345,0.0345,19.88,0.0,27.1,23.1,1781028075709949308
1781028075815382488,41,0,8,0,true,0.1097,0.0,899,8192,0.416,0.416,47.84,0.416,0,0,0.0345,0.0345,19.88,0.0,27.1,23.1,1781028075812626823
1781028075916231836,41,0,8,0,true,0.1097,0.0,899,8192,0.415,0.415,47.84,0.415,0,0,0.0345,0.0345,19.88,0.0,27.1,23.1,1781028075910401870
1781028076016579272,41,0,8,0,true,0.1097,0.0,899,8192,0.415,0.415,47.84,0.415,0,0,0.0345,0.0345,19.88,0.0,27.1,23.1,1781028076012149136
1781028076116026390,41,0,8,0,true,0.1097,0.0,899,8192,0.415,0.415,47.84,0.415,0,0,0.0345,0.0345,19.88,0.0,27.1,23.1,1781028076114700295
1781028076215844188,41,0,8,0,true,0.1097,0.0,899,8192,0.415,0.415,47.84,0.415,0,0,0.0345,0.0345,19.88,0.0,27.1,23.1,1781028076195786817
1781028076315432435,41,0,8,0,true,0.1097,0.0,899,8192,0.415,0.415,47.84,0.415,0,0,0.0345,0.0345,19.88,0.0,27.1,23.1,1781028076313182726
1781028076416051293,41,0,8,0,true,0.1097,0.0,899,8192,0.415,0.415,47.84,0.415,0,0,0.0345,0.0345,19.88,0.0,27.1,23.1,1781028076396732243
1781028076515836510,41,0,8,0,true,0.1097,0.0,899,8192,0.415,0.415,47.84,0.415,0,0,0.0345,0.0345,19.88,0.0,27.1,23.1,1781028076514574840
1781028076617643255,41,0,8,0,true,0.1097,0.0,899,8192,0.415,0.415,47.84,0.415,0,0,0.0345,0.0345,19.88,0.0,27.1,23.1,1781028076600395256
1781028076715500696,41,0,8,0,true,0.1097,0.0,899,8192,0.415,0.415,47.84,0.415,0,0,0.0345,0.0345,19.88,0.0,27.1,23.1,1781028076697774864
1781028076815644053,41,0,8,0,true,0.1097,0.0,899,8192,0.415,0.415,47.84,0.415,0,0,0.0345,0.0345,19.88,0.0,27.1,23.1,1781028076801793358
1781028076916155507,41,0,8,0,true,0.1097,0.0,899,8192,0.415,0.415,47.84,0.415,0,0,0.0345,0.0345,19.88,0.0,27.1,23.1,1781028076899169458
1781028077015611683,41,0,8,0,true,0.1097,0.0,899,8192,0.415,0.415,47.84,0.415,0,0,0.0345,0.0345,19.88,0.0,27.1,23.1,1781028077004329460
1781028077115789787,41,0,8,0,true,0.1097,0.0,899,8192,0.415,0.415,47.84,0.415,0,0,0.0345,0.0345,19.88,0.0,27.1,23.1,1781028077100060723
1781028077217544717,41,0,8,0,true,0.1097,0.0,899,8192,0.415,0.415,47.84,0.415,0,0,0.0345,0.0345,19.88,0.0,27.1,23.1,1781028077207319176
1781028077316241929,41,0,8,0,true,0.1097,0.0,899,8192,0.415,0.415,47.84,0.415,0,0,0.0345,0.0345,19.88,0.0,27.1,23.1,1781028077300589767
1781028077415678511,41,0,8,0,true,0.1097,0.0,899,8192,0.415,0.415,47.84,0.415,0,0,0.0345,0.0345,19.88,0.0,27.1,23.1,1781028077406845953
1781028077515730357,41,0,8,0,true,0.1097,0.0,899,8192,0.415,0.415,47.84,0.415,0,0,0.0345,0.0345,19.88,0.0,27.1,23.1,1781028077502034614
1781028077615664242,41,0,8,0,true,0.1097,0.0,899,8192,0.415,0.415,47.84,0.415,0,0,0.0345,0.0345,19.88,0.0,27.1,23.1,1781028077609430429
1781028077715943473,41,0,8,0,true,0.1097,0.0,899,8192,0.415,0.415,47.84,0.415,0,0,0.0345,0.0345,19.88,0.0,27.1,23.1,1781028077704308924
1781028077815661316,41,0,8,0,true,0.1097,0.0,899,8192,0.415,0.415,47.84,0.415,0,0,0.0345,0.0345,19.88,0.0,27.1,23.1,1781028077809170611
1781028077916128763,41,0,8,0,true,0.1097,0.0,899,8192,0.415,0.415,47.84,0.415,0,0,0.0345,0.0345,19.88,0.0,27.1,23.1,1781028077910575223
1781028078015449954,41,0,8,0,true,0.1097,0.0,899,8192,0.415,0.415,47.84,0.415,0,0,0.0345,0.0345,19.88,0.0,27.1,23.1,1781028078009347523
1781028078116247689,41,0,8,0,true,0.1097,0.0,899,8192,0.415,0.415,47.84,0.415,0,0,0.0345,0.0345,19.88,0.0,27.1,23.1,1781028078106620396
1781028078215573343,41,0,8,0,true,0.1097,0.0,899,8192,0.415,0.415,47.84,0.415,0,0,0.0345,0.0345,19.88,0.0,27.1,23.1,1781028078213308221
1781028078316334087,41,0,8,0,true,0.1097,0.0,899,8192,0.415,0.415,47.84,0.415,0,0,0.0345,0.0345,19.88,0.0,27.1,23.1,1781028078306686484
1781028078415593958,41,0,8,0,true,0.1097,0.0,899,8192,0.415,0.415,47.84,0.415,0,0,0.0345,0.0345,19.88,0.0,27.1,23.1,1781028078411246589
1781028078515413677,41,0,8,0,true,0.1097,0.0,899,8192,0.415,0.415,47.84,0.415,0,0,0.0345,0.0345,19.88,0.0,27.1,23.1,1781028078512816322
1781028078617620995,41,0,8,0,true,0.1097,0.0,899,8192,0.415,0.415,47.84,0.415,0,0,0.0345,0.0345,19.88,0.0,27.1,23.1,1781028078593426940
1781028078715447014,41,0,8,0,true,0.1097,0.0,899,8192,0.415,0.415,47.84,0.415,0,0,0.0345,0.0345,19.88,0.0,27.1,23.1,1781028078708904693
1781028078815510071,41,0,8,0,true,0.1097,0.0,899,8192,0.415,0.415,47.84,0.415,0,0,0.0345,0.0345,19.88,0.0,27.1,23.1,1781028078813111001
1781028078916174747,41,0,8,0,true,0.1097,0.0,899,8192,0.415,0.415,47.84,0.415,0,0,0.0345,0.0345,19.88,0.0,27.1,23.1,1781028078909654259
1781028079015406007,41,0,8,0,true,0.1097,0.0,899,8192,0.415,0.415,47.84,0.415,0,0,0.0345,0.0345,19.88,0.0,27.1,23.1,1781028079014947791
1781028079115702962,41,0,8,0,true,0.1097,0.0,899,8192,0.415,0.415,47.84,0.415,0,0,0.0345,0.0345,19.88,0.0,27.1,23.1,1781028079112126265
1781028079216619049,41,0,8,0,true,0.1097,0.0,899,8192,0.415,0.415,47.84,0.415,0,0,0.0345,0.0345,19.88,0.0,27.1,23.1,1781028079215260892
1781028079316230964,41,0,8,0,true,0.1097,0.0,899,8192,0.415,0.415,47.84,0.415,0,0,0.0345,0.0345,19.88,0.0,27.1,23.1,1781028079311785907
1781028079416113819,41,0,8,0,true,0.1097,0.0,899,8192,0.415,0.415,47.84,0.415,0,0,0.0345,0.0345,19.88,0.0,27.1,23.1,1781028079392263239
1781028079516218384,41,0,8,0,true,0.1097,0.0,899,8192,0.415,0.415,47.84,0.415,0,0,0.0345,0.0345,19.88,0.0,27.1,23.1,1781028079512609658
1781028079617756208,41,0,8,0,true,0.1097,0.0,899,8192,0.415,0.415,47.84,0.415,0,0,0.0345,0.0345,19.88,0.0,27.1,23.1,1781028079594575152
1781028079716030320,41,0,8,0,true,0.1097,0.0,899,8192,0.415,0.415,47.84,0.415,0,0,0.0345,0.0345,19.88,0.0,27.1,23.1,1781028079713686139
1781028079815507237,41,0,8,0,true,0.1097,0.0,899,8192,0.415,0.415,47.84,0.415,0,0,0.0345,0.0345,19.88,0.0,27.1,23.1,1781028079799144212
1781028079915627715,41,0,8,0,true,0.1097,0.0,899,8192,0.415,0.415,47.84,0.415,0,0,0.0345,0.0345,19.88,0.0,27.1,23.1,1781028079899824955
1781028080015814283,41,0,8,0,true,0.1097,0.0,899,8192,0.415,0.415,47.84,0.415,0,0,0.0345,0.0345,19.88,0.0,27.1,23.1,1781028079996000460
1781028080115788417,41,0,8,0,true,0.1097,0.0,899,8192,0.415,0.415,47.84,0.415,0,0,0.0345,0.0345,19.88,0.0,27.1,23.1,1781028080101097617
1781028080215846780,41,0,8,0,true,0.1097,0.0,899,8192,0.415,0.415,47.84,0.415,0,0,0.0345,0.0345,19.88,0.0,27.1,23.1,1781028080203321920
1781028080315568741,41,0,8,0,true,0.1097,0.0,899,8192,0.415,0.415,47.84,0.415,0,0,0.0345,0.0345,19.88,0.0,27.1,23.1,1781028080301893765
1781028080418528299,41,0,8,0,true,0.1097,0.0,899,8192,0.415,0.415,47.84,0.415,0,0,0.0345,0.0345,19.88,0.0,27.1,23.1,1781028080398374016
1781028080516014115,41,0,8,0,true,0.1097,0.0,899,8192,0.415,0.415,47.84,0.415,0,0,0.0345,0.0345,19.88,0.0,27.1,23.1,1781028080504257572
1781028080616776733,41,0,8,0,true,0.1097,0.0,899,8192,0.415,0.415,47.84,0.415,0,0,0.0345,0.0345,19.88,0.0,27.1,23.1,1781028080604596294
1781028080716237036,41,0,8,0,true,0.1097,0.0,899,8192,0.415,0.415,47.84,0.415,0,0,0.0345,0.0345,19.88,0.0,27.1,23.1,1781028080704447088
1781028080815795287,41,0,8,0,true,0.1097,0.0,899,8192,0.415,0.415,47.84,0.415,0,0,0.0345,0.0345,19.88,0.0,27.1,23.1,1781028080805167228
1781028080915832176,41,0,8,0,true,0.1097,0.0,899,8192,0.415,0.415,47.84,0.415,0,0,0.0345,0.0345,19.88,0.0,27.1,23.1,1781028080902026363
1781028081015396841,41,0,8,0,true,0.1097,0.0,899,8192,0.415,0.415,47.84,0.415,0,0,0.0345,0.0345,19.88,0.0,27.1,23.1,1781028081002791033
1781028081116210579,41,0,8,0,true,0.1097,0.0,899,8192,0.415,0.415,47.84,0.415,0,0,0.0345,0.0345,19.88,0.0,27.1,23.1,1781028081102641836
1781028081215758801,41,0,8,0,true,0.1097,0.0,899,8192,0.415,0.415,47.84,0.415,0,0,0.0345,0.0345,19.88,0.0,27.1,23.1,1781028081206241475
1781028081315430348,41,0,8,0,true,0.1097,0.0,899,8192,0.415,0.415,47.84,0.415,0,0,0.0345,0.0345,19.88,0.0,27.1,23.1,1781028081308629782
1781028081416272677,41,0,8,0,true,0.1097,0.0,899,8192,0.415,0.415,47.84,0.415,0,0,0.0345,0.0345,19.88,0.0,27.1,23.1,1781028081412160370
1781028081515919699,41,0,8,0,true,0.1097,0.0,899,8192,0.415,0.415,47.84,0.415,0,0,0.0345,0.0345,19.88,0.0,27.1,23.1,1781028081509294441
1781028081615295518,41,0,8,0,true,0.1097,0.0,899,8192,0.415,0.415,47.84,0.415,0,0,0.0345,0.0345,19.88,0.0,27.1,23.1,1781028081612996408
1781028081716227052,41,0,8,0,true,0.1097,0.0,899,8192,0.415,0.415,47.84,0.415,0,0,0.0345,0.0345,19.88,0.0,27.1,23.1,1781028081710393975
1781028081815509212,41,0,8,0,true,0.1097,0.0,899,8192,0.415,0.415,47.84,0.415,0,0,0.0345,0.0345,19.88,0.0,27.1,23.1,1781028081810180692
1781028081915360166,41,0,8,0,true,0.1097,0.0,899,8192,0.415,0.415,47.84,0.415,0,0,0.0345,0.0345,19.88,0.0,27.1,23.1,1781028081910692958
1781028082015856044,41,0,8,0,true,0.1097,0.0,899,8192,0.415,0.415,47.84,0.415,0,0,0.0345,0.0345,19.88,0.0,27.1,23.1,1781028081990744975
1781028082115581533,41,0,8,0,true,0.1097,0.0,899,8192,0.415,0.415,47.84,0.415,0,0,0.0345,0.0345,19.88,0.0,27.1,23.1,1781028082112062584
1781028082217093659,41,0,8,0,true,0.1097,0.0,899,8192,0.415,0.415,47.84,0.415,0,0,0.0345,0.0345,19.88,0.0,27.1,23.1,1781028082196298064
1781028082316162357,41,0,8,0,true,0.1097,0.0,899,8192,0.415,0.415,47.84,0.415,0,0,0.0345,0.0345,19.88,0.0,27.1,23.1,1781028082313888543
1781028082417539962,41,0,8,0,true,0.1097,0.0,899,8192,0.415,0.415,47.84,0.415,0,0,0.0345,0.0345,19.88,0.0,27.1,23.1,1781028082392953058
1781028082515492232,41,0,8,0,true,0.1097,0.0,899,8192,0.415,0.415,47.84,0.415,0,0,0.0345,0.0345,19.88,0.0,27.1,23.1,1781028082494814092
1781028082615857911,41,0,8,0,true,0.1097,0.0,899,8192,0.415,0.415,47.84,0.415,0,0,0.0345,0.0345,19.88,0.0,27.1,23.1,1781028082598970773
1781028082715237907,41,0,8,0,true,0.1097,0.0,899,8192,0.415,0.415,47.84,0.415,0,0,0.0345,0.0345,19.88,0.0,27.1,23.1,1781028082715075470
1781028082818106094,41,0,8,0,true,0.1097,0.0,899,8192,0.415,0.415,47.84,0.415,0,0,0.0345,0.0345,19.88,0.0,27.1,23.1,1781028082795291492
1781028082915248295,41,0,8,0,true,0.1097,0.0,899,8192,0.415,0.415,47.84,0.415,0,0,0.0345,0.0345,19.88,0.0,27.1,23.1,1781028082915604700
1781028083015573265,41,0,8,0,true,0.1097,0.0,899,8192,0.415,0.415,47.84,0.415,0,0,0.0345,0.0345,19.88,0.0,27.1,23.1,1781028082995660016
1781028083116204674,41,0,8,0,true,0.1097,0.0,899,8192,0.415,0.415,47.84,0.415,0,0,0.0345,0.0345,19.88,0.0,27.1,23.1,1781028083095683009
1781028083218623038,41,0,8,0,true,0.1097,0.0,899,8192,0.415,0.415,47.84,0.415,0,0,0.0345,0.0345,19.88,0.0,27.1,23.1,1781028083197078967
1781028083315606086,41,0,8,0,true,0.1097,0.0,899,8192,0.415,0.415,47.84,0.415,0,0,0.0345,0.0345,19.88,0.0,27.1,23.1,1781028083316138774
1781028083416557108,41,0,8,0,true,0.1097,0.0,899,8192,0.415,0.415,47.84,0.415,0,0,0.0345,0.0345,19.88,0.0,27.1,23.1,1781028083396728260
1781028083515803586,41,0,8,0,true,0.1097,0.0,899,8192,0.415,0.415,47.84,0.415,0,0,0.0345,0.0345,19.88,0.0,27.1,23.1,1781028083501027127
1781028083615507326,41,0,8,0,true,0.1097,0.0,899,8192,0.415,0.415,47.84,0.415,0,0,0.0345,0.0345,19.88,0.0,27.1,23.1,1781028083604691556
1781028083715282959,41,0,8,0,true,0.1097,0.0,899,8192,0.415,0.415,47.84,0.415,0,0,0.0345,0.0345,19.88,0.0,27.1,23.1,1781028083698733910
1781028083815808358,41,0,8,0,true,0.1097,0.0,899,8192,0.415,0.415,47.84,0.415,0,0,0.0345,0.0345,19.88,0.0,27.1,23.1,1781028083806730806
1781028083915846617,41,0,8,0,true,0.1097,0.0,899,8192,0.415,0.415,47.84,0.415,0,0,0.0345,0.0345,19.88,0.0,27.1,23.1,1781028083900097236
1781028084016802062,41,0,8,0,true,0.1097,0.0,899,8192,0.415,0.415,47.84,0.415,0,0,0.0345,0.0345,19.88,0.0,27.1,23.1,1781028084005121615
1781028084115927015,41,0,8,0,true,0.1097,0.0,899,8192,0.415,0.415,47.84,0.415,0,0,0.0345,0.0345,19.88,0.0,27.1,23.1,1781028084101128319
1781028084217571804,41,0,8,0,true,0.1097,0.0,899,8192,0.415,0.415,47.84,0.415,0,0,0.0345,0.0345,19.88,0.0,27.1,23.1,1781028084206031164
1781028084316320182,41,0,8,0,true,0.1097,0.0,899,8192,0.415,0.415,47.84,0.415,0,0,0.0345,0.0345,19.88,0.0,27.1,23.1,1781028084304648422
1781028084418514129,41,0,8,0,true,0.1097,0.0,899,8192,0.415,0.415,47.84,0.415,0,0,0.0345,0.0345,19.88,0.0,27.1,23.1,1781028084414303522
1781028084515977271,41,0,8,0,true,0.1097,0.0,899,8192,0.415,0.415,47.84,0.415,0,0,0.0345,0.0345,19.88,0.0,27.1,23.1,1781028084507410304
1781028084617520345,41,0,8,0,true,0.1097,0.0,899,8192,0.415,0.415,47.84,0.415,0,0,0.0345,0.0345,19.88,0.0,27.1,23.1,1781028084612282429
1781028084715434380,41,0,8,0,true,0.1097,0.0,899,8192,0.415,0.415,47.84,0.415,0,0,0.0345,0.0345,19.88,0.0,27.1,23.1,1781028084710839783
1781028084816508535,41,0,8,0,true,0.1097,0.0,899,8192,0.415,0.415,47.84,0.415,0,0,0.0345,0.0345,19.88,0.0,27.1,23.1,1781028084812239715
1781028084915516254,41,0,8,0,true,0.1097,0.0,899,8192,0.415,0.415,47.84,0.415,0,0,0.0345,0.0345,19.88,0.0,27.1,23.1,1781028084911084098
1781028085015841270,41,0,8,0,true,0.1097,0.0,899,8192,0.415,0.415,47.84,0.415,0,0,0.0345,0.0345,19.88,0.0,27.1,23.1,1781028085014323768
1781028085115445984,41,0,8,0,true,0.1097,0.0,899,8192,0.415,0.415,47.84,0.415,0,0,0.0345,0.0345,19.88,0.0,27.1,23.1,1781028085114139918
1781028085215777178,41,0,8,0,true,0.1097,0.0,899,8192,0.415,0.415,47.84,0.415,0,0,0.0345,0.0345,19.88,0.0,27.1,23.1,1781028085198414488
1781028085315786905,41,0,8,0,true,0.1097,0.0,899,8192,0.415,0.415,47.84,0.415,0,0,0.0345,0.0345,19.88,0.0,27.1,23.1,1781028085313448164
1781028085415557904,41,0,8,0,true,0.1097,0.0,899,8192,0.415,0.415,47.84,0.415,0,0,0.0345,0.0345,19.87,0.0,27.1,23.1,1781028085394724918
1781028085515342708,41,0,8,0,true,0.1097,0.0,899,8192,0.415,0.415,47.84,0.415,0,0,0.0345,0.0345,19.87,0.0,27.1,23.1,1781028085515504185
1781028085618552907,41,0,8,0,true,0.1097,0.0,899,8192,0.415,0.415,47.84,0.415,0,0,0.0345,0.0345,19.87,0.0,27.1,23.1,1781028085595583595
1781028085715937480,41,0,8,0,true,0.1097,0.0,899,8192,0.415,0.415,47.84,0.415,0,0,0.0345,0.0345,19.87,0.0,27.1,23.1,1781028085699961070
1781028085816559865,41,0,8,0,true,0.1097,0.0,899,8192,0.415,0.415,47.84,0.415,0,0,0.0345,0.0345,19.87,0.0,27.1,23.1,1781028085800292387
1781028085915654718,41,0,8,0,true,0.1097,0.0,899,8192,0.415,0.415,47.84,0.415,0,0,0.0345,0.0345,19.87,0.0,27.1,23.1,1781028085900925746
1781028086015841186,41,0,8,0,true,0.1097,0.0,899,8192,0.415,0.415,47.84,0.415,0,0,0.0345,0.0345,19.87,0.0,27.1,23.1,1781028085996886301
1781028086116010961,41,0,8,0,true,0.1097,0.0,899,8192,0.415,0.415,47.84,0.415,0,0,0.0345,0.0345,19.87,0.0,27.1,23.1,1781028086097429583
1781028086216694437,41,0,8,0,true,0.1097,0.0,899,8192,0.415,0.415,47.84,0.415,0,0,0.0345,0.0345,19.87,0.0,27.1,23.1,1781028086202060694
1781028086316257270,41,0,8,0,true,0.1097,0.0,899,8192,0.415,0.415,47.84,0.415,0,0,0.0345,0.0345,19.87,0.0,27.1,23.1,1781028086301592003
1781028086419593158,41,0,8,0,true,0.1097,0.0,899,8192,0.415,0.415,47.84,0.415,0,0,0.0345,0.0345,19.87,0.0,27.1,23.1,1781028086399146169
1781028086515271605,41,0,8,0,true,0.1097,0.0,899,8192,0.415,0.415,47.84,0.415,0,0,0.0345,0.0345,19.87,0.0,27.1,23.1,1781028086497767832
1781028086616087113,41,0,8,0,true,0.1097,0.0,899,8192,0.415,0.415,47.84,0.415,0,0,0.0345,0.0345,19.87,0.0,27.1,23.1,1781028086598297336
1781028086716243744,41,0,8,0,true,0.1097,0.0,899,8192,0.415,0.415,47.84,0.415,0,0,0.0345,0.0345,19.87,0.0,27.1,23.1,1781028086704558408
1781028086815555761,41,0,8,0,true,0.1097,0.0,899,8192,0.415,0.415,47.84,0.415,0,0,0.0345,0.0345,19.87,0.0,27.1,23.1,1781028086800175417
1781028086915500224,41,0,8,0,true,0.1097,0.0,899,8192,0.415,0.415,47.84,0.415,0,0,0.0345,0.0345,19.87,0.0,27.1,23.1,1781028086903778292
1781028087015409891,41,0,8,0,true,0.1097,0.0,899,8192,0.415,0.415,47.84,0.415,0,0,0.0345,0.0345,19.87,0.0,27.1,23.1,1781028087001878299
1781028087115698739,41,0,8,0,true,0.1097,0.0,899,8192,0.415,0.415,47.84,0.415,0,0,0.0345,0.0345,19.87,0.0,27.1,23.1,1781028087099794157
1781028087222544777,41,0,8,0,true,0.1097,0.0,899,8192,0.415,0.415,47.84,0.415,0,0,0.0345,0.0345,19.87,0.0,27.1,23.1,1781028087203012248
1781028087323263792,41,0,8,0,true,0.1097,0.0,899,8192,0.415,0.415,47.84,0.415,0,0,0.0345,0.0345,19.87,0.0,27.1,23.1,1781028087323339427
1781028087425052160,41,0,8,0,true,0.1097,0.0,899,8192,0.415,0.415,47.84,0.415,0,0,0.0345,0.0345,19.87,0.0,27.1,23.1,1781028087404430870
1781028087523864377,41,0,8,0,true,0.1097,0.0,899,8192,0.415,0.415,47.84,0.415,0,0,0.0345,0.0345,19.87,0.0,27.1,23.1,1781028087522582306
1781028087623969579,41,0,8,0,true,0.1097,0.0,899,8192,0.415,0.415,47.84,0.415,0,0,0.0345,0.0345,19.87,0.0,27.1,23.1,1781028087607930534
1781028087724154155,41,0,8,0,true,0.1097,0.0,899,8192,0.415,0.415,47.84,0.415,0,0,0.0345,0.0345,19.87,0.0,27.1,23.1,1781028087708565415
1781028087823731648,41,0,8,0,true,0.1097,0.0,899,8192,0.415,0.415,47.84,0.415,0,0,0.0345,0.0345,19.87,0.0,27.1,23.1,1781028087811610740
1781028087923491638,41,0,8,0,true,0.1097,0.0,899,8192,0.415,0.415,47.84,0.415,0,0,0.0345,0.0345,19.87,0.0,27.1,23.1,1781028087907809308
1781028088023444181,41,0,8,0,true,0.1097,0.0,899,8192,0.415,0.415,47.84,0.415,0,0,0.0345,0.0345,19.87,0.0,27.1,23.1,1781028088010749879
1781028088124301300,41,0,8,0,true,0.1097,0.0,899,8192,0.415,0.415,47.84,0.415,0,0,0.0345,0.0345,19.87,0.0,27.1,23.1,1781028088106687133
1781028088223551169,41,0,8,0,true,0.1097,0.0,899,8192,0.415,0.415,47.84,0.415,0,0,0.0345,0.0345,19.87,0.0,27.1,23.1,1781028088213866824
1781028088323438032,41,0,8,0,true,0.1097,0.0,899,8192,0.415,0.415,47.84,0.415,0,0,0.0345,0.0345,19.87,0.0,27.1,23.1,1781028088307840604
1781028088424062451,41,0,8,0,true,0.1097,0.0,899,8192,0.415,0.415,47.84,0.415,0,0,0.0345,0.0345,19.87,0.0,27.1,23.1,1781028088420143586
1781028088524235846,41,0,8,0,true,0.1097,0.0,899,8192,0.415,0.415,47.84,0.415,0,0,0.0345,0.0345,19.87,0.0,27.1,23.1,1781028088511723772
1781028088624537169,41,0,8,0,true,0.1097,0.0,899,8192,0.415,0.415,47.84,0.415,0,0,0.0345,0.0345,19.87,0.0,27.1,23.1,1781028088593037631
1781028088723562587,41,0,8,0,true,0.1097,0.0,899,8192,0.415,0.415,47.84,0.415,0,0,0.0345,0.0345,19.87,0.0,27.1,23.1,1781028088716298689
1781028088823436813,41,0,8,0,true,0.1097,0.0,899,8192,0.415,0.415,47.84,0.415,0,0,0.0345,0.0345,19.87,0.0,27.1,23.1,1781028088822182923
1781028088924157894,41,0,8,0,true,0.1097,0.0,899,8192,0.415,0.415,47.84,0.415,0,0,0.0345,0.0345,19.87,0.0,27.1,23.1,1781028088918838702
1781028089023345298,41,0,8,0,true,0.1097,0.0,899,8192,0.415,0.415,47.84,0.415,0,0,0.0345,0.0345,19.87,0.0,27.1,23.1,1781028088999405487
1781028089123780099,41,0,8,0,true,0.1097,0.0,899,8192,0.415,0.415,47.84,0.415,0,0,0.0345,0.0345,19.87,0.0,27.1,23.1,1781028089119300554
1781028089223913359,41,0,8,0,true,0.1097,0.0,899,8192,0.415,0.415,47.84,0.415,0,0,0.0345,0.0345,19.87,0.0,27.1,23.1,1781028089205230394
1781028089323714495,41,0,8,0,true,0.1097,0.0,899,8192,0.415,0.415,47.84,0.415,0,0,0.0345,0.0345,19.87,0.0,27.1,23.1,1781028089321408551
1781028089423731143,41,0,8,0,true,0.1097,0.0,899,8192,0.415,0.415,47.84,0.415,0,0,0.0345,0.0345,19.87,0.0,27.1,23.1,1781028089402056910
1781028089523495028,41,0,8,0,true,0.1097,0.0,899,8192,0.415,0.415,47.84,0.415,0,0,0.0345,0.0345,19.87,0.0,27.1,23.1,1781028089521168495
1781028089624202357,41,0,8,0,true,0.1097,0.0,899,8192,0.415,0.415,47.84,0.415,0,0,0.0345,0.0345,19.87,0.0,27.1,23.1,1781028089605316774
1781028089723268478,41,0,8,0,true,0.1097,0.0,899,8192,0.415,0.415,47.84,0.415,0,0,0.0345,0.0345,19.87,0.0,27.1,23.1,1781028089723529995
1781028089824632895,41,0,8,0,true,0.1097,0.0,899,8192,0.415,0.415,47.84,0.415,0,0,0.0345,0.0345,19.87,0.0,27.1,23.1,1781028089809194603
1781028089923498951,41,0,8,0,true,0.1097,0.0,899,8192,0.415,0.415,47.84,0.415,0,0,0.0345,0.0345,19.87,0.0,27.1,23.1,1781028089908720349
1781028090024083830,41,0,8,0,true,0.1097,0.0,899,8192,0.415,0.415,47.84,0.415,0,0,0.0345,0.0345,19.87,0.0,27.1,23.1,1781028090012501662
1781028090123587811,41,0,8,0,true,0.1097,0.0,899,8192,0.415,0.415,47.84,0.415,0,0,0.0345,0.0345,19.87,0.0,27.1,23.1,1781028090109620608
1781028090223589555,41,0,8,0,true,0.1097,0.0,899,8192,0.415,0.415,47.84,0.415,0,0,0.0345,0.0345,19.87,0.0,27.1,23.1,1781028090217934654
1781028090323533680,41,0,8,0,true,0.1097,0.0,899,8192,0.415,0.415,47.84,0.415,0,0,0.0345,0.0345,19.87,0.0,27.1,23.1,1781028090315092559
1781028090423455337,41,0,8,0,true,0.1097,0.0,899,8192,0.415,0.415,47.84,0.415,0,0,0.0345,0.0345,19.87,0.0,27.1,23.1,1781028090415981823
1781028090523898562,41,0,8,0,true,0.1097,0.0,899,8192,0.415,0.415,47.84,0.415,0,0,0.0345,0.0345,19.87,0.0,27.1,23.1,1781028090516452996
1781028090623279169,41,0,8,0,true,0.1097,0.0,899,8192,0.415,0.415,47.84,0.415,0,0,0.0345,0.0345,19.87,0.0,27.1,23.1,1781028090617916849
1781028090723706021,41,0,8,0,true,0.1097,0.0,899,8192,0.415,0.415,47.84,0.415,0,0,0.0345,0.0345,19.87,0.0,27.1,23.1,1781028090712190753
1781028090824247438,41,0,8,0,true,0.1097,0.0,899,8192,0.415,0.415,47.84,0.415,0,0,0.0345,0.0345,19.87,0.0,27.1,23.1,1781028090823521463
1781028090924091383,41,0,8,0,true,0.1097,0.0,899,8192,0.415,0.415,47.84,0.415,0,0,0.0345,0.0345,19.87,0.0,27.1,23.1,1781028090917674058
1781028091024520306,41,0,8,0,true,0.1097,0.0,899,8192,0.415,0.415,47.84,0.415,0,0,0.0345,0.0345,19.87,0.0,27.1,23.1,1781028091018172573
1781028091123327178,41,0,8,0,true,0.1097,0.0,899,8192,0.415,0.415,47.84,0.415,0,0,0.0345,0.0345,19.87,0.0,27.1,23.1,1781028091119804927
1781028091223351290,41,0,8,0,true,0.1097,0.0,899,8192,0.415,0.415,47.84,0.415,0,0,0.0345,0.0345,19.87,0.0,27.1,23.1,1781028091219514399
1781028091324260703,41,0,8,0,true,0.1097,0.0,899,8192,0.415,0.415,47.84,0.415,0,0,0.0345,0.0345,19.87,0.0,27.1,23.1,1781028091320726357
1781028091423900260,41,0,8,0,true,0.1097,0.0,899,8192,0.415,0.415,47.84,0.415,0,0,0.0345,0.0345,19.87,0.0,27.1,23.1,1781028091418918096
1781028091523620142,41,0,8,0,true,0.1097,0.0,899,8192,0.415,0.415,47.84,0.415,0,0,0.0345,0.0345,19.87,0.0,27.1,23.1,1781028091516329134
1781028091623794518,41,0,8,0,true,0.1097,0.0,899,8192,0.415,0.415,47.84,0.415,0,0,0.0345,0.0345,19.87,0.0,27.1,23.1,1781028091596740192
1781028091723485193,41,0,8,0,true,0.1097,0.0,899,8192,0.415,0.415,47.84,0.415,0,0,0.0345,0.0345,19.87,0.0,27.1,23.1,1781028091717218300
1781028091823379011,41,0,8,0,true,0.1097,0.0,899,8192,0.415,0.415,47.84,0.415,0,0,0.0345,0.0345,19.87,0.0,27.1,23.1,1781028091822742395
1781028091924041422,41,0,8,0,true,0.1097,0.0,899,8192,0.415,0.415,47.84,0.415,0,0,0.0345,0.0345,19.87,0.0,27.1,23.1,1781028091917736623
1781028092023575762,41,0,8,0,true,0.1097,0.0,899,8192,0.415,0.415,47.84,0.415,0,0,0.0345,0.0345,19.87,0.0,27.1,23.1,1781028092003392494
1781028092123448624,41,0,8,0,true,0.1097,0.0,899,8192,0.415,0.415,47.84,0.415,0,0,0.0345,0.0345,19.87,0.0,27.1,23.1,1781028092098400164
1781028092223577352,41,0,8,0,true,0.1098,0.0,899,8192,0.415,0.415,47.84,0.415,0,0,0.0345,0.0345,19.87,0.0,27.1,23.1,1781028092202295164
1781028092323429854,41,0,8,0,true,0.1098,0.0,899,8192,0.415,0.415,47.84,0.415,0,0,0.0345,0.0345,19.87,0.0,27.1,23.1,1781028092320127580
1781028092423281295,41,0,8,0,true,0.1098,0.0,899,8192,0.415,0.415,47.84,0.415,0,0,0.0345,0.0345,19.87,0.0,27.1,23.1,1781028092401370870
1781028092523617369,41,0,8,0,true,0.1098,0.0,899,8192,0.415,0.415,47.84,0.415,0,0,0.0345,0.0345,19.87,0.0,27.1,23.1,1781028092520314594
1781028092624190356,41,0,8,0,true,0.1098,0.0,899,8192,0.415,0.415,47.84,0.415,0,0,0.0345,0.0345,19.87,0.0,27.1,23.1,1781028092600547125
1781028092724264858,41,0,8,0,true,0.1098,0.0,899,8192,0.415,0.415,47.84,0.415,0,0,0.0345,0.0345,19.87,0.0,27.1,23.1,1781028092705629385
1781028092823891172,41,0,8,0,true,0.1098,0.0,899,8192,0.415,0.415,47.84,0.415,0,0,0.0345,0.0345,19.87,0.0,27.1,23.1,1781028092806181431
1781028092923465329,41,0,8,0,true,0.1098,0.0,899,8192,0.415,0.415,47.84,0.415,0,0,0.0345,0.0345,19.87,0.0,27.1,23.1,1781028092908794961
1781028093025547944,41,0,8,0,true,0.1098,0.0,899,8192,0.415,0.415,47.84,0.415,0,0,0.0345,0.0345,19.87,0.0,27.1,23.1,1781028093012494807
1781028093124169399,41,0,8,0,true,0.1098,0.0,899,8192,0.415,0.415,47.84,0.415,0,0,0.0345,0.0345,19.87,0.0,27.1,23.1,1781028093121796583
1781028093223808425,41,0,8,0,true,0.1098,0.0,899,8192,0.415,0.415,47.84,0.415,0,0,0.0345,0.0345,19.87,0.0,27.1,23.1,1781028093202558925
1781028093323422452,41,0,8,0,true,0.1098,0.0,899,8192,0.415,0.415,47.84,0.415,0,0,0.0345,0.0345,19.87,0.0,27.1,23.1,1781028093308677822
1781028093423624890,41,0,8,0,true,0.1098,0.0,899,8192,0.415,0.415,47.84,0.415,0,0,0.0345,0.0345,19.87,0.0,27.1,23.1,1781028093420122144
1781028093523455674,41,0,8,0,true,0.1098,0.0,899,8192,0.415,0.415,47.84,0.415,0,0,0.0345,0.0345,19.87,0.0,27.1,23.1,1781028093514854275
1781028093626546871,41,0,8,0,true,0.1098,0.0,899,8192,0.415,0.415,47.84,0.415,0,0,0.0345,0.0345,19.87,0.0,27.1,23.1,1781028093610306913
1781028093723366750,41,0,8,0,true,0.1098,0.0,899,8192,0.415,0.415,47.84,0.415,0,0,0.0345,0.0345,19.87,0.0,27.1,23.1,1781028093711773927
1781028093824705808,41,0,8,0,true,0.1098,0.0,899,8192,0.415,0.415,47.84,0.415,0,0,0.0345,0.0345,19.87,0.0,27.1,23.1,1781028093819360682
1781028093923461229,41,0,8,0,true,0.1098,0.0,899,8192,0.415,0.415,47.84,0.415,0,0,0.0345,0.0345,19.87,0.0,27.1,23.1,1781028093916125632
1781028094023581683,41,0,8,0,true,0.1098,0.0,899,8192,0.415,0.415,47.84,0.415,0,0,0.0345,0.0345,19.87,0.0,27.1,23.1,1781028094019182240
1781028094124032337,41,0,8,0,true,0.1098,0.0,899,8192,0.415,0.415,47.84,0.415,0,0,0.0345,0.0345,19.87,0.0,27.1,23.1,1781028094122623354
1781028094223879121,41,0,8,0,true,0.1098,0.0,899,8192,0.415,0.415,47.84,0.415,0,0,0.0345,0.0345,19.87,0.0,27.1,23.1,1781028094222414698
1781028094323229644,41,0,8,0,true,0.1098,0.0,899,8192,0.415,0.415,47.84,0.415,0,0,0.0345,0.0345,19.87,0.0,27.1,23.1,1781028094301294970
1781028094424538415,41,0,8,0,true,0.1098,0.0,899,8192,0.415,0.415,47.84,0.415,0,0,0.0345,0.0345,19.87,0.0,27.1,23.1,1781028094407791553
1781028094524248893,41,0,8,0,true,0.1098,0.0,899,8192,0.415,0.415,47.84,0.415,0,0,0.0345,0.0345,19.87,0.0,27.1,23.1,1781028094521886101
1781028094624537772,41,0,8,0,true,0.1098,0.0,899,8192,0.415,0.415,47.84,0.415,0,0,0.0345,0.0345,19.87,0.0,27.1,23.1,1781028094602028143
1781028094723978682,41,0,8,0,true,0.1098,0.0,899,8192,0.415,0.415,47.84,0.415,0,0,0.0345,0.0345,19.87,0.0,27.1,23.1,1781028094722673136
1781028094825562156,41,0,8,0,true,0.1098,0.0,899,8192,0.415,0.415,47.84,0.415,0,0,0.0345,0.0345,19.87,0.0,27.1,23.1,1781028094804197445
1781028094923239013,41,0,8,0,true,0.1098,0.0,899,8192,0.415,0.415,47.84,0.415,0,0,0.0345,0.0345,19.87,0.0,27.1,23.1,1781028094923446182
1781028095023669450,41,0,8,0,true,0.1098,0.0,899,8192,0.415,0.415,47.84,0.415,0,0,0.0345,0.0345,19.87,0.0,27.1,23.1,1781028095010820917
1781028095123509159,41,0,8,0,true,0.1098,0.0,899,8192,0.415,0.415,47.84,0.415,0,0,0.0345,0.0345,19.87,0.0,27.1,23.1,1781028095103816568
1781028095224371227,41,0,8,0,true,0.1098,0.0,899,8192,0.415,0.415,47.84,0.415,0,0,0.0345,0.0345,19.87,0.0,27.1,23.1,1781028095208168479
1781028095324220559,41,0,8,0,true,0.1098,0.0,899,8192,0.415,0.415,47.84,0.415,0,0,0.0345,0.0345,19.87,0.0,27.1,23.1,1781028095305599088
1781028095425046227,41,0,8,0,true,0.1098,0.0,899,8192,0.415,0.415,47.84,0.415,0,0,0.0345,0.0345,19.87,0.0,27.1,23.1,1781028095414014703
1781028095523859148,41,0,8,0,true,0.1098,0.0,899,8192,0.415,0.415,47.84,0.415,0,0,0.0345,0.0345,19.87,0.0,27.1,23.1,1781028095510331316
1781028095623618786,41,0,8,0,true,0.1098,0.0,899,8192,0.415,0.415,47.84,0.415,0,0,0.0345,0.0345,19.87,0.0,27.1,23.1,1781028095615866245
1781028095723393730,41,0,8,0,true,0.1098,0.0,899,8192,0.415,0.415,47.84,0.415,0,0,0.0345,0.0345,19.87,0.0,27.1,23.1,1781028095712952319
1781028095823648948,41,0,8,0,true,0.1098,0.0,899,8192,0.415,0.415,47.84,0.415,0,0,0.0345,0.0345,19.87,0.0,27.1,23.1,1781028095793738096
1781028095923967666,41,0,8,0,true,0.1098,0.0,899,8192,0.415,0.415,47.84,0.415,0,0,0.0345,0.0345,19.87,0.0,27.1,23.1,1781028095915550649
1781028096024525603,41,0,8,0,true,0.1098,0.0,899,8192,0.415,0.415,47.84,0.415,0,0,0.0345,0.0345,19.87,0.0,27.1,23.1,1781028096018272925
1781028096123332637,41,0,8,0,true,0.1098,0.0,899,8192,0.415,0.415,47.84,0.415,0,0,0.0345,0.0345,19.87,0.0,27.1,23.1,1781028096116970943
1781028096223626999,41,0,8,0,true,0.1098,0.0,899,8192,0.415,0.415,47.84,0.415,0,0,0.0345,0.0345,19.87,0.0,27.1,23.1,1781028096199548023
1781028096323732487,41,0,8,0,true,0.1098,0.0,899,8192,0.415,0.415,47.84,0.415,0,0,0.0345,0.0345,19.87,0.0,27.1,23.1,1781028096322344321
1781028096423477769,41,0,8,0,true,0.1098,0.0,899,8192,0.415,0.415,47.84,0.415,0,0,0.0345,0.0345,19.87,0.0,27.1,23.1,1781028096402017808
1781028096524101849,41,0,8,0,true,0.1098,0.0,899,8192,0.415,0.415,47.84,0.415,0,0,0.0345,0.0345,19.87,0.0,27.1,23.1,1781028096521654247
1781028096624069640,41,0,8,0,true,0.1098,0.0,899,8192,0.415,0.415,47.84,0.415,0,0,0.0345,0.0345,19.87,0.0,27.1,23.1,1781028096604188262
1781028096723360877,41,0,8,0,true,0.1098,0.0,899,8192,0.415,0.415,47.84,0.415,0,0,0.0345,0.0345,19.87,0.0,27.1,23.1,1781028096723821650
1781028096824367614,41,0,8,0,true,0.1098,0.0,899,8192,0.415,0.415,47.84,0.415,0,0,0.0345,0.0345,19.87,0.0,27.1,23.1,1781028096803877598
1781028096923459789,41,0,8,0,true,0.1098,0.0,899,8192,0.415,0.415,47.84,0.415,0,0,0.0345,0.0345,19.87,0.0,27.1,23.1,1781028096912990368
1781028097024734815,41,0,8,0,true,0.1098,0.0,899,8192,0.415,0.415,47.84,0.415,0,0,0.0345,0.0345,19.87,0.0,27.1,23.1,1781028097010416420
1781028097124189287,41,0,8,0,true,0.1098,0.0,899,8192,0.415,0.415,47.84,0.415,0,0,0.0345,0.0345,19.87,0.0,27.1,23.1,1781028097112698958
1781028097224197678,41,0,8,0,true,0.1098,0.0,899,8192,0.415,0.415,47.84,0.415,0,0,0.0345,0.0345,19.87,0.0,27.1,23.1,1781028097212308606
1781028097324001282,41,0,8,0,true,0.1098,0.0,899,8192,0.415,0.415,47.84,0.415,0,0,0.0345,0.0345,19.87,0.0,27.1,23.1,1781028097310460246
1781028097425629360,41,0,8,0,true,0.1098,0.0,899,8192,0.415,0.415,47.84,0.415,0,0,0.0345,0.0345,19.87,0.0,27.1,23.1,1781028097413141345
1781028097524029326,41,0,8,0,true,0.1098,0.0,899,8192,0.415,0.415,47.84,0.415,0,0,0.0345,0.0345,19.87,0.0,27.1,23.1,1781028097516570931
1781028097624163616,41,0,8,0,true,0.1098,0.0,899,8192,0.415,0.415,47.84,0.415,0,0,0.0345,0.0345,19.87,0.0,27.1,23.1,1781028097622226765
1781028097723374246,41,0,8,0,true,0.1098,0.0,899,8192,0.415,0.415,47.84,0.415,0,0,0.0345,0.0345,19.87,0.0,27.1,23.1,1781028097719902694
1781028097824186649,41,0,8,0,true,0.1098,0.0,899,8192,0.415,0.415,47.84,0.415,0,0,0.0345,0.0345,19.87,0.0,27.1,23.1,1781028097819714130
1781028097923984700,41,0,8,0,true,0.1098,0.0,899,8192,0.415,0.415,47.84,0.415,0,0,0.0345,0.0345,19.87,0.0,27.1,23.1,1781028097919572027
1781028098028770654,41,0,8,0,true,0.1098,0.0,899,8192,0.415,0.415,47.84,0.415,0,0,0.0345,0.0345,19.87,0.0,27.1,23.1,1781028098019231480
1781028098130251172,41,0,8,0,true,0.1098,0.0,899,8192,0.415,0.415,47.84,0.415,0,0,0.0345,0.0345,19.87,0.0,27.1,23.1,1781028098122772452
1781028098229394180,41,0,8,0,true,0.1098,0.0,899,8192,0.415,0.415,47.84,0.415,0,0,0.0345,0.0345,19.87,0.0,27.1,23.1,1781028098226961387
1781028098329816344,41,0,8,0,true,0.1098,0.0,899,8192,0.415,0.415,47.84,0.415,0,0,0.0345,0.0345,19.87,0.0,27.1,23.1,1781028098320249906
1781028098432586649,41,0,8,0,true,0.1098,0.0,899,8192,0.415,0.415,47.84,0.415,0,0,0.0345,0.0345,19.87,0.0,27.1,23.1,1781028098400296299
1781028098529345124,41,0,8,0,true,0.1098,0.0,899,8192,0.415,0.415,47.84,0.415,0,0,0.0345,0.0345,19.87,0.0,27.1,23.1,1781028098522837833
1781028098629989415,41,0,8,0,true,0.1098,0.0,899,8192,0.415,0.415,47.84,0.415,0,0,0.0345,0.0345,19.87,0.0,27.1,23.1,1781028098626313291
1781028098729519990,41,0,8,0,true,0.1098,0.0,899,8192,0.415,0.415,47.84,0.415,0,0,0.0345,0.0345,19.87,0.0,27.1,23.1,1781028098723018203
1781028098830642651,41,0,8,0,true,0.1098,0.0,899,8192,0.415,0.415,47.84,0.415,0,0,0.0345,0.0345,19.87,0.0,27.1,23.1,1781028098810970795
1781028098929565023,41,0,8,0,true,0.1098,0.0,899,8192,0.415,0.415,47.84,0.415,0,0,0.0345,0.0345,19.87,0.0,27.1,23.1,1781028098914095563
1781028099030698570,41,0,8,0,true,0.1098,0.0,899,8192,0.415,0.415,47.84,0.415,0,0,0.0345,0.0345,19.87,0.0,27.1,23.1,1781028099019660907
1781028099129532066,41,0,8,0,true,0.1098,0.0,899,8192,0.415,0.415,47.84,0.415,0,0,0.0345,0.0345,19.87,0.0,27.1,23.1,1781028099120114661
1781028099229894527,41,0,8,0,true,0.1098,0.0,899,8192,0.415,0.415,47.84,0.415,0,0,0.0345,0.0345,19.87,0.0,27.1,23.1,1781028099218780947
1781028099329533038,41,0,8,0,true,0.1098,0.0,899,8192,0.415,0.415,47.84,0.415,0,0,0.0345,0.0345,19.87,0.0,27.1,23.1,1781028099320119504
1781028099432548512,41,0,8,0,true,0.1098,0.0,899,8192,0.415,0.415,47.84,0.415,0,0,0.0345,0.0345,19.87,0.0,27.1,23.1,1781028099421190184
1781028099529603564,41,0,8,0,true,0.1098,0.0,899,8192,0.415,0.415,47.84,0.415,0,0,0.0345,0.0345,19.87,0.0,27.1,23.1,1781028099522116917
1781028099634743732,41,0,8,0,true,0.1098,0.0,899,8192,0.415,0.415,47.84,0.415,0,0,0.0345,0.0345,19.87,0.0,27.1,23.1,1781028099603106868
1781028099735464306,41,0,8,0,true,0.1098,0.0,899,8192,0.415,0.415,47.84,0.415,0,0,0.0345,0.0345,19.87,0.0,27.1,23.1,1781028099727646737
1781028099835445540,41,0,8,0,true,0.1098,0.0,899,8192,0.415,0.415,47.84,0.415,0,0,0.0345,0.0345,19.87,0.0,27.1,23.1,1781028099835817896
1781028099936228195,41,0,8,0,true,0.1098,0.0,899,8192,0.415,0.415,47.84,0.415,0,0,0.0345,0.0345,19.87,0.0,27.1,23.1,1781028099934787815
1781028100035238388,41,0,8,0,true,0.1098,0.0,899,8192,0.415,0.415,47.84,0.415,0,0,0.0345,0.0345,19.87,0.0,27.1,23.1,1781028100011084379
1781028100136071615,41,0,8,0,true,0.1098,0.0,899,8192,0.415,0.415,47.84,0.415,0,0,0.0345,0.0345,19.87,0.0,27.1,23.1,1781028100130616310
1781028100236668249,41,0,8,0,true,0.1098,0.0,899,8192,0.415,0.415,47.84,0.415,0,0,0.0345,0.0345,19.87,0.0,27.1,23.1,1781028100212426624
1781028100335925446,41,0,8,0,true,0.1098,0.0,899,8192,0.415,0.415,47.84,0.415,0,0,0.0345,0.0345,19.87,0.0,27.1,23.1,1781028100317252532
1781028100435935813,41,0,8,0,true,0.1098,0.0,899,8192,0.415,0.415,47.84,0.415,0,0,0.0345,0.0345,19.87,0.0,27.1,23.1,1781028100414207891
1781028100535599291,41,0,8,0,true,0.1098,0.0,899,8192,0.415,0.415,47.84,0.415,0,0,0.0345,0.0345,19.87,0.0,27.1,23.1,1781028100534282753
1781028100635805458,41,0,8,0,true,0.1098,0.0,899,8192,0.415,0.415,47.84,0.415,0,0,0.0345,0.0345,19.87,0.0,27.1,23.1,1781028100615534430
1781028100735493797,41,0,8,0,true,0.1098,0.0,899,8192,0.415,0.415,47.84,0.415,0,0,0.0345,0.0345,19.87,0.0,27.1,23.1,1781028100735167825
1781028100835812309,41,0,8,0,true,0.1098,0.0,899,8192,0.415,0.415,47.84,0.415,0,0,0.0345,0.0345,19.87,0.0,27.1,23.1,1781028100814335023
1781028100938624434,41,0,8,0,true,0.1098,0.0,899,8192,0.415,0.415,47.84,0.415,0,0,0.0345,0.0345,19.87,0.0,27.1,23.1,1781028100920137472
1781028101036840604,41,0,8,0,true,0.1098,0.0,899,8192,0.415,0.415,47.84,0.415,0,0,0.0345,0.0345,19.87,0.0,27.1,23.1,1781028101020552721
1781028101135824413,41,0,8,0,true,0.1098,0.0,899,8192,0.415,0.415,47.84,0.415,0,0,0.0345,0.0345,19.87,0.0,27.1,23.1,1781028101136369353
1781028101239041739,41,0,8,0,true,0.1098,0.0,899,8192,0.415,0.415,47.84,0.415,0,0,0.0345,0.0345,19.87,0.0,27.1,23.1,1781028101217251480
1781028101335558550,41,0,8,0,true,0.1098,0.0,899,8192,0.415,0.415,47.84,0.415,0,0,0.0345,0.0345,19.87,0.0,27.1,23.1,1781028101316858419
1781028101435806175,41,0,8,0,true,0.1098,0.0,899,8192,0.415,0.415,47.84,0.415,0,0,0.0345,0.0345,19.87,0.0,27.1,23.1,1781028101418370975
1781028101536159621,41,0,8,0,true,0.1098,0.0,899,8192,0.415,0.415,47.84,0.415,0,0,0.0345,0.0345,19.87,0.0,27.1,23.1,1781028101518629506
1781028101635855728,41,0,8,0,true,0.1098,0.0,899,8192,0.415,0.415,47.84,0.415,0,0,0.0345,0.0345,19.87,0.0,27.1,23.1,1781028101625211909
1781028101735900833,41,0,8,0,true,0.1098,0.0,899,8192,0.415,0.415,47.84,0.415,0,0,0.0345,0.0345,19.87,0.0,27.1,23.1,1781028101719196752
1781028101837564383,41,0,8,0,true,0.1098,0.0,899,8192,0.415,0.415,47.84,0.415,0,0,0.0345,0.0345,19.87,0.0,27.1,23.1,1781028101823839030
1781028101935643819,41,0,8,0,true,0.1098,0.0,899,8192,0.415,0.415,47.84,0.415,0,0,0.0345,0.0345,19.87,0.0,27.1,23.1,1781028101922108637
1781028102038533943,41,0,8,0,true,0.1098,0.0,899,8192,0.415,0.415,47.84,0.415,0,0,0.0345,0.0345,19.87,0.0,27.1,23.1,1781028102029342569
1781028102135391405,41,0,8,0,true,0.1098,0.0,899,8192,0.415,0.415,47.84,0.415,0,0,0.0345,0.0345,19.87,0.0,27.1,23.1,1781028102122869196
1781028102236958161,41,0,8,0,true,0.1098,0.0,899,8192,0.415,0.415,47.84,0.415,0,0,0.0345,0.0345,19.87,0.0,27.1,23.1,1781028102229133156
1781028102335974968,41,0,8,0,true,0.1098,0.0,899,8192,0.415,0.415,47.84,0.415,0,0,0.0345,0.0345,19.87,0.0,27.1,23.1,1781028102327257701
1781028102435771448,41,0,8,0,true,0.1098,0.0,899,8192,0.415,0.415,47.84,0.415,0,0,0.0345,0.0345,19.87,0.0,27.1,23.1,1781028102409908273
1781028102535619921,41,0,8,0,true,0.1098,0.0,899,8192,0.415,0.415,47.84,0.415,0,0,0.0345,0.0345,19.87,0.0,27.1,23.1,1781028102533237225
1781028102635816274,41,0,8,0,true,0.1098,0.0,899,8192,0.415,0.415,47.84,0.415,0,0,0.0345,0.0345,19.87,0.0,27.1,23.1,1781028102618642893
1781028102735763245,41,0,8,0,true,0.1098,0.0,899,8192,0.415,0.415,47.84,0.415,0,0,0.0345,0.0345,19.87,0.0,27.1,23.1,1781028102717799425
1781028102835420643,41,0,8,0,true,0.1098,0.0,899,8192,0.415,0.415,47.84,0.415,0,0,0.0345,0.0345,19.87,0.0,27.1,23.1,1781028102813778662
1781028102936184833,41,0,8,0,true,0.1098,0.0,899,8192,0.415,0.415,47.84,0.415,0,0,0.0345,0.0345,19.87,0.0,27.1,23.1,1781028102934911816
1781028103038529340,41,0,8,0,true,0.1098,0.0,899,8192,0.415,0.415,47.84,0.415,0,0,0.0345,0.0345,19.87,0.0,27.1,23.1,1781028103015533725
1781028103135256979,41,0,8,0,true,0.1098,0.0,899,8192,0.415,0.415,47.84,0.415,0,0,0.0345,0.0345,19.87,0.0,27.1,23.1,1781028103135718010
1781028103235575946,41,0,8,0,true,0.1098,0.0,899,8192,0.415,0.415,47.84,0.415,0,0,0.0345,0.0345,19.87,0.0,27.1,23.1,1781028103216764577
1781028103335722736,41,0,8,0,true,0.1098,0.0,899,8192,0.415,0.415,47.84,0.415,0,0,0.0345,0.0345,19.87,0.0,27.1,23.1,1781028103319268955
1781028103435784221,41,0,8,0,true,0.1098,0.0,899,8192,0.415,0.415,47.84,0.415,0,0,0.0345,0.0345,19.87,0.0,27.1,23.1,1781028103419793399
1781028103535897394,41,0,8,0,true,0.1098,0.0,899,8192,0.415,0.415,47.84,0.415,0,0,0.0345,0.0345,19.87,0.0,27.1,23.1,1781028103517271088
1781028103636192496,41,0,8,0,true,0.1098,0.0,899,8192,0.415,0.415,47.84,0.415,0,0,0.0345,0.0345,19.87,0.0,27.1,23.1,1781028103624219087
1781028103735531434,41,0,8,0,true,0.1098,0.0,899,8192,0.415,0.415,47.84,0.415,0,0,0.0345,0.0345,19.87,0.0,27.1,23.1,1781028103724174737
1781028103835284811,41,0,8,0,true,0.1098,0.0,899,8192,0.415,0.415,47.84,0.415,0,0,0.0345,0.0345,19.87,0.0,27.1,23.1,1781028103823304112
1781028103936183522,41,0,8,0,true,0.1098,0.0,899,8192,0.415,0.415,47.84,0.415,0,0,0.0345,0.0345,19.87,0.0,27.1,23.1,1781028103924467075
1781028104035409113,41,0,8,0,true,0.1098,0.0,899,8192,0.415,0.415,47.84,0.415,0,0,0.0345,0.0345,19.87,0.0,27.1,23.1,1781028104026263045
1781028104136037273,41,0,8,0,true,0.1098,0.0,899,8192,0.415,0.415,47.84,0.415,0,0,0.0345,0.0345,19.87,0.0,27.1,23.1,1781028104125371746
1781028104236347766,41,0,8,0,true,0.1098,0.0,899,8192,0.415,0.415,47.84,0.415,0,0,0.0345,0.0345,19.87,0.0,27.1,23.1,1781028104214593065
1781028104336172338,41,0,8,0,true,0.1098,0.0,899,8192,0.415,0.415,47.84,0.415,0,0,0.0345,0.0345,19.87,0.0,27.1,23.1,1781028104334614599
1781028104435278623,41,0,8,0,true,0.1098,0.0,899,8192,0.415,0.415,47.84,0.415,0,0,0.0345,0.0345,19.87,0.0,27.1,23.1,1781028104433236651
1781028104535615546,41,0,8,0,true,0.1098,0.0,899,8192,0.415,0.415,47.84,0.415,0,0,0.0345,0.0345,19.87,0.0,27.1,23.1,1781028104536104104
1781028104636780481,41,0,8,0,true,0.1098,0.0,899,8192,0.415,0.415,47.84,0.415,0,0,0.0345,0.0345,19.87,0.0,27.1,23.1,1781028104613868234
1781028104735810072,41,0,8,0,true,0.1098,0.0,899,8192,0.415,0.415,47.84,0.415,0,0,0.0345,0.0345,19.87,0.0,27.1,23.1,1781028104732200478
1781028104835350073,41,0,8,0,true,0.1098,0.0,899,8192,0.415,0.415,47.84,0.415,0,0,0.0345,0.0345,19.87,0.0,27.1,23.1,1781028104812456410
1781028104935671822,41,0,8,0,true,0.1098,0.0,899,8192,0.415,0.415,47.84,0.415,0,0,0.0345,0.0345,19.87,0.0,27.1,23.1,1781028104936186484
1781028105036570794,41,0,8,0,true,0.1098,0.0,899,8192,0.415,0.415,47.84,0.415,0,0,0.0345,0.0345,19.87,0.0,27.1,23.1,1781028105015951479
1781028105135553652,41,0,8,0,true,0.1098,0.0,899,8192,0.415,0.415,47.84,0.415,0,0,0.0345,0.0345,19.87,0.0,27.1,23.1,1781028105121875464
1781028105236562369,41,0,8,0,true,0.1098,0.0,899,8192,0.415,0.415,47.84,0.415,0,0,0.0345,0.0345,19.87,0.0,27.1,23.1,1781028105225873905
1781028105336171930,41,0,8,0,true,0.1098,0.0,899,8192,0.415,0.415,47.84,0.415,0,0,0.0345,0.0345,19.87,0.0,27.1,23.1,1781028105322380370
1781028105436157419,41,0,8,0,true,0.1098,0.0,899,8192,0.415,0.415,47.84,0.415,0,0,0.0345,0.0345,19.87,0.0,27.1,23.1,1781028105418849257
1781028105535709250,41,0,8,0,true,0.1098,0.0,899,8192,0.415,0.415,47.84,0.415,0,0,0.0345,0.0345,19.87,0.0,27.1,23.1,1781028105524971947
1781028105635791108,41,0,8,0,true,0.1098,0.0,899,8192,0.415,0.415,47.84,0.415,0,0,0.0345,0.0345,19.87,0.0,27.1,23.1,1781028105629143480
1781028105736125416,41,0,8,0,true,0.1098,0.0,899,8192,0.415,0.415,47.84,0.415,0,0,0.0345,0.0345,19.87,0.0,27.1,23.1,1781028105726438543
1781028105835421200,41,0,8,0,true,0.1098,0.0,899,8192,0.415,0.415,47.84,0.415,0,0,0.0345,0.0345,19.87,0.0,27.1,23.1,1781028105829761872
1781028105935745603,41,0,8,0,true,0.1098,0.0,899,8192,0.415,0.415,47.84,0.415,0,0,0.0345,0.0345,19.87,0.0,27.1,23.1,1781028105926189767
1781028106035277383,41,0,8,0,true,0.1098,0.0,899,8192,0.415,0.415,47.84,0.415,0,0,0.0345,0.0345,19.87,0.0,27.1,23.1,1781028106007697173
1781028106136102911,41,0,8,0,true,0.1098,0.0,899,8192,0.415,0.415,47.84,0.415,0,0,0.0345,0.0345,19.87,0.0,27.1,23.1,1781028106130615817
1781028106235514120,41,0,8,0,true,0.1098,0.0,899,8192,0.415,0.415,47.84,0.415,0,0,0.0345,0.0345,19.87,0.0,27.1,23.1,1781028106211459680
1781028106335461729,41,0,8,0,true,0.1098,0.0,899,8192,0.415,0.415,47.84,0.415,0,0,0.0345,0.0345,19.87,0.0,27.1,23.1,1781028106319923859
1781028106435923798,41,0,8,0,true,0.1098,0.0,899,8192,0.415,0.415,47.84,0.415,0,0,0.0345,0.0345,19.87,0.0,27.1,23.1,1781028106414285832
1781028106535646886,41,0,8,0,true,0.1098,0.0,899,8192,0.415,0.415,47.84,0.415,0,0,0.0345,0.0345,19.87,0.0,27.1,23.1,1781028106534318367
1781028106635905204,41,0,8,0,true,0.1098,0.0,899,8192,0.415,0.415,47.84,0.415,0,0,0.0345,0.0345,19.87,0.0,27.1,23.1,1781028106615309901
1781028106735767448,41,0,8,0,true,0.1098,0.0,899,8192,0.415,0.415,47.84,0.415,0,0,0.0345,0.0345,19.87,0.0,27.1,23.1,1781028106734180500
1781028106837695689,41,0,8,0,true,0.1098,0.0,899,8192,0.415,0.415,47.84,0.415,0,0,0.0345,0.0345,19.87,0.0,27.1,23.1,1781028106814020454
1781028106935445908,41,0,8,0,true,0.1098,0.0,899,8192,0.415,0.415,47.84,0.415,0,0,0.0345,0.0345,19.87,0.0,27.1,23.1,1781028106934145084
1781028107037516508,41,0,8,0,true,0.1098,0.0,899,8192,0.415,0.415,47.84,0.415,0,0,0.0345,0.0345,19.87,0.0,27.1,23.1,1781028107018190616
1781028107135920761,41,0,8,0,true,0.1098,0.0,899,8192,0.415,0.415,47.84,0.415,0,0,0.0345,0.0345,19.87,0.0,27.1,23.1,1781028107117327534
1781028107235309934,41,0,8,0,true,0.1098,0.0,899,8192,0.415,0.415,47.84,0.415,0,0,0.0345,0.0345,19.87,0.0,27.1,23.1,1781028107215881391
1781028107336285910,41,0,8,0,true,0.1098,0.0,899,8192,0.415,0.415,47.84,0.415,0,0,0.0345,0.0345,19.87,0.0,27.1,23.1,1781028107322642241
1781028107435917359,41,0,8,0,true,0.1098,0.0,899,8192,0.415,0.415,47.84,0.415,0,0,0.0345,0.0345,19.87,0.0,27.1,23.1,1781028107420264781
1781028107536184023,41,0,8,0,true,0.1098,0.0,899,8192,0.415,0.415,47.84,0.415,0,0,0.0345,0.0345,19.87,0.0,27.1,23.1,1781028107525876646
1781028107635514750,41,0,8,0,true,0.1098,0.0,899,8192,0.415,0.415,47.84,0.415,0,0,0.0345,0.0345,19.87,0.0,27.1,23.1,1781028107626200562
1781028107736072509,41,0,8,0,true,0.1098,0.0,899,8192,0.415,0.415,47.84,0.415,0,0,0.0345,0.0345,19.87,0.0,27.1,23.1,1781028107722303366
1781028107835301055,41,0,8,0,true,0.1098,0.0,899,8192,0.415,0.415,47.84,0.415,0,0,0.0345,0.0345,19.87,0.0,27.1,23.1,1781028107828079245
1781028107935513236,41,0,8,0,true,0.1098,0.0,899,8192,0.415,0.415,47.84,0.415,0,0,0.0345,0.0345,19.87,0.0,27.1,23.1,1781028107924038690
1781028108036060886,41,0,8,0,true,0.1098,0.0,899,8192,0.415,0.415,47.84,0.415,0,0,0.0345,0.0345,19.87,0.0,27.1,23.1,1781028108007067583
1781028108136001146,41,0,8,0,true,0.1098,0.0,899,8192,0.415,0.415,47.84,0.415,0,0,0.0345,0.0345,19.87,0.0,27.1,23.1,1781028108129577542
1781028108237592974,41,0,8,0,true,0.1098,0.0,899,8192,0.415,0.415,47.84,0.415,0,0,0.0345,0.0345,19.87,0.0,27.1,23.1,1781028108210446337
1781028108335369500,41,0,8,0,true,0.1098,0.0,899,8192,0.415,0.415,47.84,0.415,0,0,0.0345,0.0345,19.87,0.0,27.1,23.1,1781028108333875939
1781028108436081943,41,0,8,0,true,0.1098,0.0,899,8192,0.415,0.415,47.84,0.415,0,0,0.0345,0.0345,19.87,0.0,27.1,23.1,1781028108414176173
1781028108536050719,41,0,8,0,true,0.1098,0.0,899,8192,0.415,0.415,47.84,0.415,0,0,0.0345,0.0345,19.87,0.0,27.1,23.1,1781028108534811265
1781028108635314896,41,0,8,0,true,0.1098,0.0,899,8192,0.415,0.415,47.84,0.415,0,0,0.0345,0.0345,19.87,0.0,27.1,23.1,1781028108625065289
1781028108735812622,41,0,8,0,true,0.1098,0.0,899,8192,0.415,0.415,47.84,0.415,0,0,0.0345,0.0345,19.87,0.0,27.1,23.1,1781028108719949303
1781028108835584936,41,0,8,0,true,0.1098,0.0,899,8192,0.415,0.415,47.84,0.415,0,0,0.0345,0.0345,19.87,0.0,27.1,23.1,1781028108815004086
1781028108935830333,41,0,8,0,true,0.1098,0.0,899,8192,0.415,0.415,47.84,0.415,0,0,0.0345,0.0345,19.87,0.0,27.1,23.1,1781028108916215592
1781028109035885539,41,0,8,0,true,0.1098,0.0,899,8192,0.415,0.415,47.84,0.415,0,0,0.0345,0.0345,19.87,0.0,27.1,23.1,1781028109019234261
1781028109135598373,41,0,8,0,true,0.1098,0.0,899,8192,0.415,0.415,47.84,0.415,0,0,0.0345,0.0345,19.87,0.0,27.1,23.1,1781028109118931280
1781028109236552064,41,0,8,0,true,0.1098,0.0,899,8192,0.415,0.415,47.84,0.415,0,0,0.0345,0.0345,19.87,0.0,27.1,23.1,1781028109217672601
1781028109336167702,41,0,8,0,true,0.1098,0.0,899,8192,0.415,0.415,47.84,0.415,0,0,0.0345,0.0345,19.87,0.0,27.1,23.1,1781028109323691182
1781028109439145159,41,0,8,0,true,0.1098,0.0,899,8192,0.415,0.415,47.84,0.415,0,0,0.0345,0.0345,19.87,0.0,27.1,23.1,1781028109425166567
1781028109536209143,41,0,8,0,true,0.1098,0.0,899,8192,0.415,0.415,47.84,0.415,0,0,0.0345,0.0345,19.87,0.0,27.1,23.1,1781028109522467398
1781028109635496916,41,0,8,0,true,0.1098,0.0,899,8192,0.415,0.415,47.84,0.415,0,0,0.0345,0.0345,19.87,0.0,27.1,23.1,1781028109634228265
1781028109735733108,41,0,8,0,true,0.1098,0.0,899,8192,0.415,0.415,47.84,0.415,0,0,0.0345,0.0345,19.87,0.0,27.1,23.1,1781028109724685824
1781028109838533766,41,0,8,0,true,0.1098,0.0,899,8192,0.415,0.415,47.84,0.415,0,0,0.0345,0.0345,19.87,0.0,27.1,23.1,1781028109831147362
1781028109935670390,41,0,8,0,true,0.1098,0.0,899,8192,0.415,0.415,47.84,0.415,0,0,0.0345,0.0345,19.87,0.0,27.1,23.1,1781028109928129783
1781028110038540638,41,0,8,0,true,0.1098,0.0,899,8192,0.415,0.415,47.84,0.415,0,0,0.0345,0.0345,19.87,0.0,27.1,23.1,1781028110009214677
1781028110135873303,41,0,8,0,true,0.1098,0.0,899,8192,0.415,0.415,47.84,0.415,0,0,0.0345,0.0345,19.87,0.0,27.1,23.1,1781028110133630748
1781028110238596657,41,0,8,0,true,0.1098,0.0,899,8192,0.415,0.415,47.84,0.415,0,0,0.0345,0.0345,19.87,0.0,27.1,23.1,1781028110213921286
1781028110335710529,41,0,8,0,true,0.1098,0.0,899,8192,0.415,0.415,47.84,0.415,0,0,0.0345,0.0345,19.87,0.0,27.1,23.1,1781028110334378107
1781028110436066757,41,0,8,0,true,0.1098,0.0,899,8192,0.415,0.415,47.84,0.415,0,0,0.0345,0.0345,19.87,0.0,27.1,23.1,1781028110421317779
1781028110535716131,41,0,8,0,true,0.1098,0.0,899,8192,0.415,0.415,47.84,0.415,0,0,0.0345,0.0345,19.87,0.0,27.1,23.1,1781028110529115008
1781028110638541817,41,0,8,0,true,0.1098,0.0,899,8192,0.415,0.415,47.84,0.415,0,0,0.0345,0.0345,19.87,0.0,27.1,23.1,1781028110632604979
1781028110735999177,41,0,8,0,true,0.1098,0.0,899,8192,0.415,0.415,47.84,0.415,0,0,0.0345,0.0345,19.87,0.0,27.1,23.1,1781028110731765908
1781028110836122662,41,0,8,0,true,0.1098,0.0,899,8192,0.415,0.415,47.84,0.415,0,0,0.0345,0.0345,19.87,0.0,27.1,23.1,1781028110811825014
1781028110935321216,41,0,8,0,true,0.1098,0.0,899,8192,0.415,0.415,47.84,0.415,0,0,0.0345,0.0345,19.87,0.0,27.1,23.1,1781028110917623902
1781028111036050679,41,0,8,0,true,0.1098,0.0,899,8192,0.415,0.415,47.84,0.415,0,0,0.0345,0.0345,19.87,0.0,27.1,23.1,1781028111011913988
1781028111135601374,41,0,8,0,true,0.1098,0.0,899,8192,0.415,0.415,47.84,0.415,0,0,0.0345,0.0345,19.87,0.0,27.1,23.1,1781028111132121083
1781028111241529715,41,0,8,0,true,0.1098,0.0,899,8192,0.415,0.415,47.84,0.415,0,0,0.0345,0.0345,19.87,0.0,27.1,23.1,1781028111238747044
1781028111342987622,41,0,8,0,true,0.1098,0.0,899,8192,0.415,0.415,47.84,0.415,0,0,0.0345,0.0345,19.87,0.0,27.1,23.1,1781028111332539764
1781028111444546775,41,0,8,0,true,0.1098,0.0,899,8192,0.415,0.415,47.84,0.415,0,0,0.0345,0.0345,19.87,0.0,27.1,23.1,1781028111439486043
1781028111543101768,41,0,8,0,true,0.1098,0.0,899,8192,0.415,0.415,47.84,0.415,0,0,0.0345,0.0345,19.87,0.0,27.1,23.1,1781028111534813997
1781028111643002067,41,0,8,0,true,0.1098,0.0,899,8192,0.415,0.415,47.84,0.415,0,0,0.0345,0.0345,19.87,0.0,27.1,23.1,1781028111638873555
1781028111742945478,41,0,8,0,true,0.1098,0.0,899,8192,0.415,0.415,47.84,0.415,0,0,0.0345,0.0345,19.87,0.0,27.1,23.1,1781028111735569584
1781028111842442991,41,0,8,0,true,0.1098,0.0,899,8192,0.415,0.415,47.84,0.415,0,0,0.0345,0.0345,19.87,0.0,27.1,23.1,1781028111841341518
1781028111943209411,41,0,8,0,true,0.1098,0.0,899,8192,0.415,0.415,47.84,0.415,0,0,0.0345,0.0345,19.87,0.0,27.1,23.1,1781028111935574334
1781028112042567983,41,0,8,0,true,0.1098,0.0,899,8192,0.415,0.415,47.84,0.415,0,0,0.0345,0.0345,19.87,0.0,27.1,23.1,1781028112016413449
1781028112142905644,41,0,8,0,true,0.1098,0.0,899,8192,0.415,0.415,47.84,0.415,0,0,0.0345,0.0345,19.87,0.0,27.1,23.1,1781028112136409841
1781028112242307671,41,0,8,0,true,0.1098,0.0,899,8192,0.415,0.415,47.84,0.415,0,0,0.0345,0.0345,19.87,0.0,27.1,23.1,1781028112217200929
1781028112343155436,41,0,8,0,true,0.1098,0.0,899,8192,0.415,0.415,47.84,0.415,0,0,0.0345,0.0345,19.87,0.0,27.1,23.1,1781028112336832287
1781028112443910670,41,0,8,0,true,0.1098,0.0,899,8192,0.415,0.415,47.84,0.415,0,0,0.0345,0.0345,19.87,0.0,27.1,23.1,1781028112441413282
1781028112543024654,41,0,8,0,true,0.1098,0.0,899,8192,0.415,0.415,47.84,0.415,0,0,0.0345,0.0345,19.87,0.0,27.1,23.1,1781028112537521306
1781028112645607931,41,0,8,0,true,0.1098,0.0,899,8192,0.415,0.415,47.84,0.415,0,0,0.0345,0.0345,19.87,0.0,27.1,23.1,1781028112624339805
1781028112742390985,41,0,8,0,true,0.1098,0.0,899,8192,0.415,0.415,47.84,0.415,0,0,0.0345,0.0345,19.87,0.0,27.1,23.1,1781028112723358446
1781028112842872155,41,0,8,0,true,0.1098,0.0,899,8192,0.415,0.415,47.84,0.415,0,0,0.0345,0.0345,19.86,0.0,27.1,23.1,1781028112824124589
1781028112942928505,41,0,8,0,true,0.1098,0.0,899,8192,0.415,0.415,47.84,0.415,0,0,0.0345,0.0345,19.86,0.0,27.1,23.1,1781028112939206028
1781028113043208587,41,0,8,0,true,0.1098,0.0,899,8192,0.415,0.415,47.84,0.415,0,0,0.0345,0.0345,19.86,0.0,27.1,23.1,1781028113020165449
1781028113142947655,41,0,8,0,true,0.1098,0.0,899,8192,0.415,0.415,47.84,0.415,0,0,0.0345,0.0345,19.86,0.0,27.1,23.1,1781028113125240135
1781028113243234267,41,0,8,0,true,0.1098,0.0,899,8192,0.415,0.415,47.84,0.415,0,0,0.0345,0.0345,19.86,0.0,27.1,23.1,1781028113223077295
1781028113342344294,41,0,8,0,true,0.1098,0.0,899,8192,0.415,0.415,47.84,0.415,0,0,0.0345,0.0345,19.86,0.0,27.1,23.1,1781028113326827794
1781028113443069021,41,0,8,0,true,0.1098,0.0,899,8192,0.415,0.415,47.84,0.415,0,0,0.0345,0.0345,19.86,0.0,27.1,23.1,1781028113433346666
1781028113544818748,41,0,8,0,true,0.1098,0.0,899,8192,0.415,0.415,47.84,0.415,0,0,0.0345,0.0345,19.86,0.0,27.1,23.1,1781028113532497512
1781028113642906828,41,0,8,0,true,0.1098,0.0,899,8192,0.415,0.415,47.84,0.415,0,0,0.0345,0.0345,19.86,0.0,27.1,23.1,1781028113631724272
1781028113742826413,41,0,8,0,true,0.1098,0.0,899,8192,0.415,0.415,47.84,0.415,0,0,0.0345,0.0345,19.86,0.0,27.1,23.1,1781028113735147841
1781028113846274802,41,0,8,0,true,0.1098,0.0,899,8192,0.415,0.415,47.84,0.415,0,0,0.0345,0.0345,19.86,0.0,27.1,23.1,1781028113834684317
1781028113943078676,41,0,8,0,true,0.1098,0.0,899,8192,0.415,0.415,47.84,0.415,0,0,0.0345,0.0345,19.86,0.0,27.1,23.1,1781028113930563082
1781028114043537027,41,0,8,0,true,0.1098,0.0,899,8192,0.415,0.415,47.84,0.415,0,0,0.0345,0.0345,19.86,0.0,27.1,23.1,1781028114038864844
1781028114143053316,41,0,8,0,true,0.1098,0.0,899,8192,0.415,0.415,47.84,0.415,0,0,0.0345,0.0345,19.86,0.0,27.1,23.1,1781028114136646815
1781028114242497853,41,0,8,0,true,0.1098,0.0,899,8192,0.415,0.415,47.84,0.415,0,0,0.0345,0.0345,19.86,0.0,27.1,23.1,1781028114242855633
1781028114342250253,41,0,8,0,true,0.1098,0.0,899,8192,0.415,0.415,47.84,0.415,0,0,0.0345,0.0345,19.86,0.0,27.1,23.1,1781028114342098384
1781028114442903144,41,0,8,0,true,0.1098,0.0,899,8192,0.415,0.415,47.84,0.415,0,0,0.0345,0.0345,19.86,0.0,27.1,23.1,1781028114417927381
1781028114543182999,41,0,8,0,true,0.1098,0.0,899,8192,0.415,0.415,47.84,0.415,0,0,0.0345,0.0345,19.86,0.0,27.1,23.1,1781028114536847044
1781028114642637184,41,0,8,0,true,0.1098,0.0,899,8192,0.415,0.415,47.84,0.415,0,0,0.0345,0.0345,19.86,0.0,27.1,23.1,1781028114635951489
1781028114743035438,41,0,8,0,true,0.1098,0.0,899,8192,0.415,0.415,47.84,0.415,0,0,0.0345,0.0345,19.86,0.0,27.1,23.1,1781028114726319018
1781028114845528972,41,0,8,0,true,0.1098,0.0,899,8192,0.415,0.415,47.84,0.415,0,0,0.0345,0.0345,19.86,0.0,27.1,23.1,1781028114830175329
1781028114943896854,41,0,8,0,true,0.1098,0.0,899,8192,0.415,0.415,47.84,0.415,0,0,0.0345,0.0345,19.86,0.0,27.1,23.1,1781028114927401868
1781028115042785623,41,0,8,0,true,0.1098,0.0,899,8192,0.415,0.415,47.83,0.415,0,0,0.0345,0.0345,19.86,0.0,27.1,23.1,1781028115034140864
1781028115142716651,41,0,8,0,true,0.1098,0.0,899,8192,0.415,0.415,47.83,0.415,0,0,0.0345,0.0345,19.86,0.0,27.1,23.1,1781028115128945419
1781028115242539281,41,0,8,0,true,0.1098,0.0,899,8192,0.415,0.415,47.83,0.415,0,0,0.0345,0.0345,19.86,0.0,27.1,23.1,1781028115232646608
1781028115343232383,41,0,8,0,true,0.1098,0.0,899,8192,0.415,0.415,47.83,0.415,0,0,0.0345,0.0345,19.86,0.0,27.1,23.1,1781028115332712917
1781028115443226734,41,0,8,0,true,0.1098,0.0,899,8192,0.415,0.415,47.83,0.415,0,0,0.0345,0.0345,19.86,0.0,27.1,23.1,1781028115438711637
1781028115542446320,41,0,8,0,true,0.1098,0.0,899,8192,0.415,0.415,47.83,0.415,0,0,0.0345,0.0345,19.86,0.0,27.1,23.1,1781028115540013661
1781028115645566216,41,0,8,0,true,0.1098,0.0,899,8192,0.415,0.415,47.83,0.415,0,0,0.0345,0.0345,19.86,0.0,27.1,23.1,1781028115641944855
1781028115742903594,41,0,8,0,true,0.1098,0.0,899,8192,0.415,0.415,47.83,0.415,0,0,0.0345,0.0345,19.86,0.0,27.1,23.1,1781028115737334698
1781028115843017200,41,0,8,0,true,0.1098,0.0,899,8192,0.415,0.415,47.83,0.415,0,0,0.0345,0.0345,19.86,0.0,27.1,23.1,1781028115841253873
1781028115943041002,41,0,8,0,true,0.1098,0.0,899,8192,0.415,0.415,47.83,0.415,0,0,0.0345,0.0345,19.86,0.0,27.1,23.1,1781028115941403279
1781028116042837560,41,0,8,0,true,0.1098,0.0,899,8192,0.415,0.415,47.83,0.415,0,0,0.0345,0.0345,19.86,0.0,27.1,23.1,1781028116023287988
1781028116142507028,41,0,8,0,true,0.1098,0.0,899,8192,0.415,0.415,47.83,0.415,0,0,0.0345,0.0345,19.86,0.0,27.1,23.1,1781028116142832951
1781028116243760233,41,0,8,0,true,0.1098,0.0,899,8192,0.415,0.415,47.83,0.415,0,0,0.0345,0.0345,19.86,0.0,27.1,23.1,1781028116222367871
1781028116342724599,41,0,8,0,true,0.1098,0.0,899,8192,0.415,0.415,47.83,0.415,0,0,0.0345,0.0345,19.86,0.0,27.1,23.1,1781028116323147965
1781028116444025503,41,0,8,0,true,0.1098,0.0,899,8192,0.415,0.415,47.83,0.415,0,0,0.0345,0.0345,19.86,0.0,27.1,23.1,1781028116423924669
1781028116543142960,41,0,8,0,true,0.1098,0.0,899,8192,0.415,0.415,47.83,0.415,0,0,0.0345,0.0345,19.86,0.0,27.1,23.1,1781028116527358849
1781028116642535856,41,0,8,0,true,0.1098,0.0,899,8192,0.415,0.415,47.83,0.415,0,0,0.0345,0.0345,19.86,0.0,27.1,23.1,1781028116632732818
1781028116742501586,41,0,8,0,true,0.1098,0.0,899,8192,0.415,0.415,47.83,0.415,0,0,0.0345,0.0345,19.86,0.0,27.1,23.1,1781028116726748877
1781028116845541523,41,0,8,0,true,0.1098,0.0,899,8192,0.415,0.415,47.83,0.415,0,0,0.0345,0.0345,19.86,0.0,27.1,23.1,1781028116832203833
1781028116945867730,41,0,8,0,true,0.1098,0.0,899,8192,0.415,0.415,47.83,0.415,0,0,0.0345,0.0345,19.86,0.0,27.1,23.1,1781028116934815817
1781028117044753767,41,0,8,0,true,0.1098,0.0,899,8192,0.415,0.415,47.83,0.415,0,0,0.0345,0.0345,19.86,0.0,27.1,23.1,1781028117016903963
1781028117143172619,41,0,8,0,true,0.1098,0.0,899,8192,0.415,0.415,47.83,0.415,0,0,0.0345,0.0345,19.86,0.0,27.1,23.1,1781028117136633201
1781028117242255107,41,0,8,0,true,0.1098,0.0,899,8192,0.415,0.415,47.83,0.415,0,0,0.0345,0.0345,19.86,0.0,27.1,23.1,1781028117241247549
1781028117343167265,41,0,8,0,true,0.1098,0.0,899,8192,0.415,0.415,47.83,0.415,0,0,0.0345,0.0345,19.86,0.0,27.1,23.1,1781028117337834378
1781028117444986340,41,0,8,0,true,0.1098,0.0,899,8192,0.415,0.415,47.83,0.415,0,0,0.0345,0.0345,19.86,0.0,27.1,23.1,1781028117418685386
1781028117543091168,41,0,8,0,true,0.1098,0.0,899,8192,0.415,0.415,47.83,0.415,0,0,0.0345,0.0345,19.86,0.0,27.1,23.1,1781028117525219597
1781028117642661147,41,0,8,0,true,0.1098,0.0,899,8192,0.415,0.415,47.83,0.415,0,0,0.0345,0.0345,19.86,0.0,27.1,23.1,1781028117625379203
1781028117742488100,41,0,8,0,true,0.1098,0.0,899,8192,0.415,0.415,47.83,0.415,0,0,0.0345,0.0345,19.86,0.0,27.1,23.1,1781028117725606842
1781028117842855671,41,0,8,0,true,0.1098,0.0,899,8192,0.415,0.415,47.83,0.415,0,0,0.0345,0.0345,19.86,0.0,27.1,23.1,1781028117827225297
1781028117942410558,41,0,8,0,true,0.1098,0.0,899,8192,0.415,0.415,47.83,0.415,0,0,0.0345,0.0345,19.86,0.0,27.1,23.1,1781028117940985698
1781028118045616292,41,0,8,0,true,0.1098,0.0,899,8192,0.415,0.415,47.83,0.415,0,0,0.0345,0.0345,19.86,0.0,27.1,23.1,1781028118021806472
1781028118143230627,41,0,8,0,true,0.1098,0.0,899,8192,0.415,0.415,47.83,0.415,0,0,0.0345,0.0345,19.86,0.0,27.1,23.1,1781028118127577124
1781028118242495013,41,0,8,0,true,0.1098,0.0,899,8192,0.415,0.415,47.83,0.415,0,0,0.0345,0.0345,19.86,0.0,27.1,23.1,1781028118221601140
1781028118342310426,41,0,8,0,true,0.1098,0.0,899,8192,0.415,0.415,47.83,0.415,0,0,0.0345,0.0345,19.86,0.0,27.1,23.1,1781028118342433699
1781028118443781779,41,0,8,0,true,0.1098,0.0,899,8192,0.415,0.415,47.83,0.415,0,0,0.0345,0.0345,19.86,0.0,27.1,23.1,1781028118422783894
1781028118542373993,41,0,8,0,true,0.1098,0.0,899,8192,0.415,0.415,47.83,0.415,0,0,0.0345,0.0345,19.86,0.0,27.1,23.1,1781028118542540200
1781028118644542352,41,0,8,0,true,0.1098,0.0,899,8192,0.415,0.415,47.83,0.415,0,0,0.0345,0.0345,19.86,0.0,27.1,23.1,1781028118623929176
1781028118743131766,41,0,8,0,true,0.1098,0.0,899,8192,0.415,0.415,47.83,0.415,0,0,0.0345,0.0345,19.86,0.0,27.1,23.1,1781028118724284271
1781028118843546315,41,0,8,0,true,0.1098,0.0,899,8192,0.415,0.415,47.83,0.415,0,0,0.0345,0.0345,19.86,0.0,27.1,23.1,1781028118829209202
1781028118943814385,41,0,8,0,true,0.1098,0.0,899,8192,0.415,0.415,47.83,0.415,0,0,0.0345,0.0345,19.86,0.0,27.1,23.1,1781028118928615064
1781028119043534200,41,0,8,0,true,0.1098,0.0,899,8192,0.415,0.415,47.83,0.415,0,0,0.0345,0.0345,19.86,0.0,27.1,23.1,1781028119030684910
1781028119142798565,41,0,8,0,true,0.1098,0.0,899,8192,0.415,0.415,47.83,0.415,0,0,0.0345,0.0345,19.86,0.0,27.1,23.1,1781028119133293308
1781028119242383267,41,0,8,0,true,0.1098,0.0,899,8192,0.415,0.415,47.83,0.415,0,0,0.0345,0.0345,19.86,0.0,27.1,23.1,1781028119240511873
1781028119343068503,41,0,8,0,true,0.1098,0.0,899,8192,0.415,0.415,47.83,0.415,0,0,0.0345,0.0345,19.86,0.0,27.1,23.1,1781028119332564687
1781028119442366358,41,0,8,0,true,0.1098,0.0,899,8192,0.415,0.415,47.83,0.415,0,0,0.0345,0.0345,19.86,0.0,27.1,23.1,1781028119440247854
1781028119543273512,41,0,8,0,true,0.1098,0.0,899,8192,0.415,0.415,47.83,0.415,0,0,0.0345,0.0345,19.86,0.0,27.1,23.1,1781028119536917425
1781028119642909144,41,0,8,0,true,0.1098,0.0,899,8192,0.415,0.415,47.83,0.415,0,0,0.0345,0.0345,19.86,0.0,27.1,23.1,1781028119619114852
1781028119742353384,41,0,8,0,true,0.1098,0.0,899,8192,0.415,0.415,47.83,0.415,0,0,0.0345,0.0345,19.86,0.0,27.1,23.1,1781028119739037141
1781028119845584352,41,0,8,0,true,0.1098,0.0,899,8192,0.415,0.415,47.83,0.415,0,0,0.0345,0.0345,19.86,0.0,27.1,23.1,1781028119820806692
1781028119943164289,41,0,8,0,true,0.1098,0.0,899,8192,0.415,0.415,47.83,0.415,0,0,0.0345,0.0345,19.86,0.0,27.1,23.1,1781028119938619659
1781028120043552571,41,0,8,0,true,0.1098,0.0,899,8192,0.415,0.415,47.83,0.415,0,0,0.0345,0.0345,19.86,0.0,27.1,23.1,1781028120019760708
1781028120142486094,41,0,8,0,true,0.1098,0.0,899,8192,0.415,0.415,47.83,0.415,0,0,0.0345,0.0345,19.86,0.0,27.1,23.1,1781028120139198085
1781028120242525681,41,0,8,0,true,0.1098,0.0,899,8192,0.415,0.415,47.83,0.415,0,0,0.0345,0.0345,19.86,0.0,27.1,23.1,1781028120221584780
1781028120342729248,41,0,8,0,true,0.1098,0.0,899,8192,0.415,0.415,47.83,0.415,0,0,0.0345,0.0345,19.86,0.0,27.1,23.1,1781028120343066712
1781028120445669974,41,0,8,0,true,0.1098,0.0,899,8192,0.415,0.415,47.83,0.415,0,0,0.0345,0.0345,19.86,0.0,27.1,23.1,1781028120421048803
1781028120542764807,41,0,8,0,true,0.1098,0.0,899,8192,0.415,0.415,47.83,0.415,0,0,0.0345,0.0345,19.86,0.0,27.1,23.1,1781028120527002505
1781028120643088335,41,0,8,0,true,0.1098,0.0,899,8192,0.415,0.415,47.83,0.415,0,0,0.0345,0.0345,19.86,0.0,27.1,23.1,1781028120627285882
1781028120743160499,41,0,8,0,true,0.1098,0.0,899,8192,0.415,0.415,47.83,0.415,0,0,0.0345,0.0345,19.86,0.0,27.1,23.1,1781028120743445516
1781028120842856201,41,0,8,0,true,0.1098,0.0,899,8192,0.415,0.415,47.83,0.415,0,0,0.0345,0.0345,19.86,0.0,27.1,23.1,1781028120827243931
1781028120942711537,41,0,8,0,true,0.1098,0.0,899,8192,0.415,0.415,47.83,0.415,0,0,0.0345,0.0345,19.86,0.0,27.1,23.1,1781028120924079186
1781028121042656901,41,0,8,0,true,0.1098,0.0,899,8192,0.415,0.415,47.83,0.415,0,0,0.0345,0.0345,19.86,0.0,27.1,23.1,1781028121028022615
1781028121142630399,41,0,8,0,true,0.1098,0.0,899,8192,0.415,0.415,47.83,0.415,0,0,0.0345,0.0345,19.86,0.0,27.1,23.1,1781028121124992118
1781028121242850818,41,0,8,0,true,0.1098,0.0,899,8192,0.415,0.415,47.83,0.415,0,0,0.0345,0.0345,19.86,0.0,27.1,23.1,1781028121226082238
1781028121343214344,41,0,8,0,true,0.1098,0.0,899,8192,0.415,0.415,47.83,0.415,0,0,0.0345,0.0345,19.86,0.0,27.1,23.1,1781028121325598341
1781028121442930226,41,0,8,0,true,0.1098,0.0,899,8192,0.415,0.415,47.83,0.415,0,0,0.0345,0.0345,19.86,0.0,27.1,23.1,1781028121430885168
1781028121542611518,41,0,8,0,true,0.1098,0.0,899,8192,0.415,0.415,47.83,0.415,0,0,0.0345,0.0345,19.86,0.0,27.1,23.1,1781028121529869764
1781028121644560435,41,0,8,0,true,0.1098,0.0,899,8192,0.415,0.415,47.83,0.415,0,0,0.0345,0.0345,19.86,0.0,27.1,23.1,1781028121634259335
1781028121743100196,41,0,8,0,true,0.1098,0.0,899,8192,0.415,0.415,47.83,0.415,0,0,0.0345,0.0345,19.86,0.0,27.1,23.1,1781028121729410855
1781028121842525686,41,0,8,0,true,0.1098,0.0,899,8192,0.415,0.415,47.83,0.415,0,0,0.0345,0.0345,19.86,0.0,27.1,23.1,1781028121832034736
1781028121943182478,41,0,8,0,true,0.1098,0.0,899,8192,0.415,0.415,47.83,0.415,0,0,0.0345,0.0345,19.86,0.0,27.1,23.1,1781028121936690629
1781028122044545132,41,0,8,0,true,0.1098,0.0,899,8192,0.415,0.415,47.83,0.415,0,0,0.0345,0.0345,19.86,0.0,27.1,23.1,1781028122036870105
1781028122142452964,41,0,8,0,true,0.1098,0.0,899,8192,0.415,0.415,47.83,0.415,0,0,0.0345,0.0345,19.86,0.0,27.1,23.1,1781028122132929995
1781028122243182038,41,0,8,0,true,0.1098,0.0,899,8192,0.415,0.415,47.83,0.415,0,0,0.0345,0.0345,19.86,0.0,27.1,23.1,1781028122238193777
1781028122343099432,41,0,8,0,true,0.1098,0.0,899,8192,0.415,0.415,47.83,0.415,0,0,0.0345,0.0345,19.86,0.0,27.1,23.1,1781028122333762064
1781028122442724838,41,0,8,0,true,0.1098,0.0,899,8192,0.415,0.415,47.83,0.415,0,0,0.0345,0.0345,19.86,0.0,27.1,23.1,1781028122439335782
1781028122542980238,41,0,8,0,true,0.1098,0.0,899,8192,0.415,0.415,47.83,0.415,0,0,0.0345,0.0345,19.86,0.0,27.1,23.1,1781028122535464135
1781028122646383164,41,0,8,0,true,0.1098,0.0,899,8192,0.415,0.415,47.83,0.415,0,0,0.0345,0.0345,19.86,0.0,27.1,23.1,1781028122646246768
1781028122742702034,41,0,8,0,true,0.1098,0.0,899,8192,0.415,0.415,47.83,0.415,0,0,0.0345,0.0345,19.86,0.0,27.1,23.1,1781028122740439858
1781028122843559410,41,0,8,0,true,0.1098,0.0,899,8192,0.415,0.415,47.83,0.415,0,0,0.0345,0.0345,19.86,0.0,27.1,23.1,1781028122825382949
1781028122942870114,41,0,8,0,true,0.1098,0.0,899,8192,0.415,0.415,47.83,0.415,0,0,0.0345,0.0345,19.86,0.0,27.1,23.1,1781028122942326898
1781028123042725418,41,0,8,0,true,0.1098,0.0,899,8192,0.415,0.415,47.83,0.415,0,0,0.0345,0.0345,19.86,0.0,27.1,23.1,1781028123011688847
1781028123142233102,41,0,8,0,true,0.1098,0.0,899,8192,0.415,0.415,47.83,0.415,0,0,0.0345,0.0345,19.86,0.0,27.1,23.1,1781028123133927508
1781028123244715537,41,0,8,0,true,0.1098,0.0,899,8192,0.415,0.415,47.83,0.415,0,0,0.0345,0.0345,19.86,0.0,27.1,23.1,1781028123238640847
1781028123343192418,41,0,8,0,true,0.1098,0.0,899,8192,0.415,0.415,47.83,0.415,0,0,0.0345,0.0345,19.86,0.0,27.1,23.1,1781028123333918527
1781028123444572560,41,0,8,0,true,0.1098,0.0,899,8192,0.415,0.415,47.83,0.415,0,0,0.0345,0.0345,19.86,0.0,27.1,23.1,1781028123440406784
1781028123542800391,41,0,8,0,true,0.1098,0.0,899,8192,0.415,0.415,47.83,0.415,0,0,0.0345,0.0345,19.86,0.0,27.1,23.1,1781028123540389566
1781028123647735207,41,0,8,0,true,0.1098,0.0,899,8192,0.415,0.415,47.83,0.415,0,0,0.0345,0.0345,19.86,0.0,27.1,23.1,1781028123644523951
1781028123748930393,41,0,8,0,true,0.1098,0.0,899,8192,0.415,0.415,47.83,0.415,0,0,0.0345,0.0345,19.86,0.0,27.1,23.1,1781028123737502963
1781028123848638691,41,0,8,0,true,0.1098,0.0,899,8192,0.415,0.415,47.83,0.415,0,0,0.0345,0.0345,19.86,0.0,27.1,23.1,1781028123823446171
1781028123948293533,41,0,8,0,true,0.1098,0.0,899,8192,0.415,0.415,47.83,0.415,0,0,0.0345,0.0345,19.86,0.0,27.1,23.1,1781028123948577988
1781028124048525781,41,0,8,0,true,0.1098,0.0,899,8192,0.415,0.415,47.83,0.415,0,0,0.0345,0.0345,19.86,0.0,27.1,23.1,1781028124046931344
1781028124149051108,41,0,8,0,true,0.1098,0.0,899,8192,0.415,0.415,47.83,0.415,0,0,0.0345,0.0345,19.86,0.0,27.1,23.1,1781028124142757936
1781028124249038398,41,0,8,0,true,0.1098,0.0,899,8192,0.415,0.415,47.83,0.415,0,0,0.0345,0.0345,19.86,0.0,27.1,23.1,1781028124247627546
1781028124348483638,41,0,8,0,true,0.1098,0.0,899,8192,0.415,0.415,47.83,0.415,0,0,0.0345,0.0345,19.86,0.0,27.1,23.1,1781028124329797707
1781028124448769300,41,0,8,0,true,0.1098,0.0,899,8192,0.415,0.415,47.83,0.415,0,0,0.0345,0.0345,19.86,0.0,27.1,23.1,1781028124427610827
1781028124548771569,41,0,8,0,true,0.1098,0.0,899,8192,0.415,0.415,47.83,0.415,0,0,0.0345,0.0345,19.86,0.0,27.1,23.1,1781028124546440855
1781028124648852004,41,0,8,0,true,0.1098,0.0,899,8192,0.415,0.415,47.83,0.415,0,0,0.0345,0.0345,19.86,0.0,27.1,23.1,1781028124627867293
1781028124748212221,41,0,8,0,true,0.1098,0.0,899,8192,0.415,0.415,47.83,0.415,0,0,0.0345,0.0345,19.86,0.0,27.1,23.1,1781028124747996722
1781028124848856244,41,0,8,0,true,0.1098,0.0,899,8192,0.415,0.415,47.83,0.415,0,0,0.0345,0.0345,19.86,0.0,27.1,23.1,1781028124833013449
1781028124948541451,41,0,8,0,true,0.1098,0.0,899,8192,0.415,0.415,47.83,0.415,0,0,0.0345,0.0345,19.86,0.0,27.1,23.1,1781028124928958635
1781028125049544613,41,0,8,0,true,0.1098,0.0,899,8192,0.415,0.415,47.83,0.415,0,0,0.0345,0.0345,19.86,0.0,27.1,23.1,1781028125040038547
1781028125148696810,41,0,8,0,true,0.1098,0.0,899,8192,0.415,0.415,47.83,0.415,0,0,0.0345,0.0345,19.86,0.0,27.1,23.1,1781028125130242350
1781028125248542283,41,0,8,0,true,0.1098,0.0,899,8192,0.415,0.415,47.83,0.415,0,0,0.0345,0.0345,19.86,0.0,27.1,23.1,1781028125235679918
1781028125348909402,41,0,8,0,true,0.1098,0.0,899,8192,0.415,0.415,47.83,0.415,0,0,0.0345,0.0345,19.86,0.0,27.1,23.1,1781028125330399244
1781028125448485551,41,0,8,0,true,0.1098,0.0,899,8192,0.415,0.415,47.83,0.415,0,0,0.0345,0.0345,19.86,0.0,27.1,23.1,1781028125441869323
1781028125549131938,41,0,8,0,true,0.1098,0.0,899,8192,0.415,0.415,47.83,0.415,0,0,0.0345,0.0345,19.86,0.0,27.1,23.1,1781028125533705183
1781028125649168136,41,0,8,0,true,0.1098,0.0,899,8192,0.415,0.415,47.83,0.415,0,0,0.0345,0.0345,19.86,0.0,27.1,23.1,1781028125638185709
1781028125748712430,41,0,8,0,true,0.1098,0.0,899,8192,0.415,0.415,47.83,0.415,0,0,0.0345,0.0345,19.86,0.0,27.1,23.1,1781028125745315221
1781028125851461857,41,0,8,0,true,0.1098,0.0,899,8192,0.415,0.415,47.83,0.415,0,0,0.0345,0.0345,19.86,0.0,27.1,23.1,1781028125851117509
1781028125949270398,41,0,8,0,true,0.1098,0.0,899,8192,0.415,0.415,47.83,0.415,0,0,0.0345,0.0345,19.86,0.0,27.1,23.1,1781028125946878202
1781028126048644453,41,0,8,0,true,0.1098,0.0,899,8192,0.415,0.415,47.83,0.415,0,0,0.0345,0.0345,19.86,0.0,27.1,23.1,1781028126023869265
1781028126149121986,41,0,8,0,true,0.1098,0.0,899,8192,0.415,0.415,47.83,0.415,0,0,0.0345,0.0345,19.86,0.0,27.1,23.1,1781028126144850036
1781028126248758512,41,0,8,0,true,0.1098,0.0,899,8192,0.415,0.415,47.83,0.415,0,0,0.0345,0.0345,19.86,0.0,27.1,23.1,1781028126226235269
1781028126348637444,41,0,8,0,true,0.1098,0.0,899,8192,0.415,0.415,47.83,0.415,0,0,0.0345,0.0345,19.86,0.0,27.1,23.1,1781028126329955432
1781028126450048534,41,0,8,0,true,0.1098,0.0,899,8192,0.415,0.415,47.83,0.415,0,0,0.0345,0.0345,19.86,0.0,27.1,23.1,1781028126428654530
1781028126548277870,41,0,8,0,true,0.1098,0.0,899,8192,0.415,0.415,47.83,0.415,0,0,0.0345,0.0345,19.86,0.0,27.1,23.1,1781028126548614911
1781028126648955137,41,0,8,0,true,0.1098,0.0,899,8192,0.415,0.415,47.83,0.415,0,0,0.0345,0.0345,19.86,0.0,27.1,23.1,1781028126631709003
1781028126748504821,41,0,8,0,true,0.1098,0.0,899,8192,0.415,0.415,47.83,0.415,0,0,0.0345,0.0345,19.86,0.0,27.1,23.1,1781028126729733067
1781028126851555666,41,0,8,0,true,0.1098,0.0,899,8192,0.415,0.415,47.83,0.415,0,0,0.0345,0.0345,19.86,0.0,27.1,23.1,1781028126834281810
1781028126948487056,41,0,8,0,true,0.1098,0.0,899,8192,0.415,0.415,47.83,0.415,0,0,0.0345,0.0345,19.86,0.0,27.1,23.1,1781028126932987739
1781028127053895195,41,0,8,0,true,0.1098,0.0,899,8192,0.415,0.415,47.83,0.415,0,0,0.0345,0.0345,19.86,0.0,27.1,23.1,1781028127039365136
1781028127154454256,41,0,8,0,true,0.1098,0.0,899,8192,0.415,0.415,47.83,0.415,0,0,0.0345,0.0345,19.86,0.0,27.1,23.1,1781028127132503500
1781028127254634827,41,0,8,0,true,0.1098,0.0,899,8192,0.415,0.415,47.83,0.415,0,0,0.0345,0.0345,19.86,0.0,27.1,23.1,1781028127238445926
1781028127354865860,41,0,8,0,true,0.1098,0.0,899,8192,0.415,0.415,47.83,0.415,0,0,0.0345,0.0345,19.86,0.0,27.1,23.1,1781028127353546050
1781028127454748214,41,0,8,0,true,0.1098,0.0,899,8192,0.415,0.415,47.83,0.415,0,0,0.0345,0.0345,19.86,0.0,27.1,23.1,1781028127439000701
1781028127554321179,41,0,8,0,true,0.1098,0.0,899,8192,0.415,0.415,47.83,0.415,0,0,0.0345,0.0345,19.86,0.0,27.1,23.1,1781028127552900829
1781028127654999512,41,0,8,0,true,0.1098,0.0,899,8192,0.415,0.415,47.83,0.415,0,0,0.0345,0.0345,19.86,0.0,27.1,23.1,1781028127639235126
1781028127754296438,41,0,8,0,true,0.1098,0.0,899,8192,0.415,0.415,47.83,0.415,0,0,0.0345,0.0345,19.86,0.0,27.1,23.1,1781028127736657363
1781028127854663176,41,0,8,0,true,0.1098,0.0,899,8192,0.415,0.415,47.83,0.415,0,0,0.0345,0.0345,19.86,0.0,27.1,23.1,1781028127841283988
1781028127954259736,41,0,8,0,true,0.1098,0.0,899,8192,0.415,0.415,47.83,0.415,0,0,0.0345,0.0345,19.86,0.0,27.1,23.1,1781028127936554525
1781028128054373491,41,0,8,0,true,0.1098,0.0,899,8192,0.415,0.415,47.83,0.415,0,0,0.0345,0.0345,19.86,0.0,27.1,23.1,1781028128043591681
1781028128154228715,41,0,8,0,true,0.1098,0.0,899,8192,0.415,0.415,47.83,0.415,0,0,0.0345,0.0345,19.86,0.0,27.1,23.1,1781028128141642113
1781028128254716771,41,0,8,0,true,0.1098,0.0,899,8192,0.415,0.415,47.83,0.415,0,0,0.0345,0.0345,19.86,0.0,27.1,23.1,1781028128248639060
1781028128354359246,41,0,8,0,true,0.1098,0.0,899,8192,0.415,0.415,47.83,0.415,0,0,0.0345,0.0345,19.86,0.0,27.1,23.1,1781028128338822372
1781028128454881749,41,0,8,0,true,0.1098,0.0,899,8192,0.415,0.415,47.83,0.415,0,0,0.0345,0.0345,19.86,0.0,27.1,23.1,1781028128452335339
1781028128554860926,41,0,8,0,true,0.1098,0.0,899,8192,0.415,0.415,47.83,0.415,0,0,0.0345,0.0345,19.86,0.0,27.1,23.1,1781028128541273317
1781028128654321021,41,0,8,0,true,0.1098,0.0,899,8192,0.415,0.415,47.83,0.415,0,0,0.0345,0.0345,19.86,0.0,27.1,23.1,1781028128646833996
1781028128754557697,41,0,8,0,true,0.1098,0.0,899,8192,0.415,0.415,47.83,0.415,0,0,0.0345,0.0345,19.86,0.0,27.1,23.1,1781028128746939930
1781028128854666123,41,0,8,0,true,0.1098,0.0,899,8192,0.415,0.415,47.83,0.415,0,0,0.0345,0.0345,19.86,0.0,27.1,23.1,1781028128848319193
1781028128955094137,41,0,8,0,true,0.1098,0.0,899,8192,0.415,0.415,47.83,0.415,0,0,0.0345,0.0345,19.86,0.0,27.1,23.1,1781028128943318452
1781028129054503030,41,0,8,0,true,0.1098,0.0,899,8192,0.415,0.415,47.83,0.415,0,0,0.0345,0.0345,19.86,0.0,27.1,23.1,1781028129046120199
1781028129154318276,41,0,8,0,true,0.1098,0.0,899,8192,0.415,0.415,47.83,0.415,0,0,0.0345,0.0345,19.86,0.0,27.1,23.1,1781028129148725696
1781028129254909654,41,0,8,0,true,0.1098,0.0,899,8192,0.415,0.415,47.83,0.415,0,0,0.0345,0.0345,19.86,0.0,27.1,23.1,1781028129251392020
1781028129354674702,41,0,8,0,true,0.1098,0.0,899,8192,0.415,0.415,47.83,0.415,0,0,0.0345,0.0345,19.86,0.0,27.1,23.1,1781028129352010417
1781028129455163409,41,0,8,0,true,0.1098,0.0,899,8192,0.415,0.415,47.83,0.415,0,0,0.0345,0.0345,19.86,0.0,27.1,23.1,1781028129416691236
1781028129554205254,41,0,8,0,true,0.1098,0.0,899,8192,0.415,0.415,47.83,0.415,0,0,0.0345,0.0345,19.86,0.0,27.1,23.1,1781028129547749244
1781028129654881630,41,0,8,0,true,0.1098,0.0,899,8192,0.415,0.415,47.83,0.415,0,0,0.0345,0.0345,19.86,0.0,27.1,23.1,1781028129653350369
1781028129754264440,41,0,8,0,true,0.1098,0.0,899,8192,0.415,0.415,47.83,0.415,0,0,0.0345,0.0345,19.86,0.0,27.1,23.1,1781028129754463997
1781028129855031392,41,0,8,0,true,0.1098,0.0,899,8192,0.415,0.415,47.83,0.415,0,0,0.0345,0.0345,19.86,0.0,27.1,23.1,1781028129852189406
1781028129955037688,41,0,8,0,true,0.1098,0.0,899,8192,0.415,0.415,47.83,0.415,0,0,0.0345,0.0345,19.86,0.0,27.1,23.1,1781028129950275735
1781028130054245407,41,0,8,0,true,0.1098,0.0,899,8192,0.415,0.415,47.83,0.415,0,0,0.0345,0.0345,19.86,0.0,27.1,23.1,1781028130030510773
1781028130154232519,41,0,8,0,true,0.1098,0.0,899,8192,0.415,0.415,47.83,0.415,0,0,0.0345,0.0345,19.86,0.0,27.1,23.1,1781028130135051440
1781028130254870988,41,0,8,0,true,0.1098,0.0,899,8192,0.415,0.415,47.83,0.415,0,0,0.0345,0.0345,19.86,0.0,27.1,23.1,1781028130233355227
1781028130354589454,41,0,8,0,true,0.1098,0.0,899,8192,0.415,0.415,47.83,0.415,0,0,0.0345,0.0345,19.86,0.0,27.1,23.1,1781028130350023237
1781028130455128830,41,0,8,0,true,0.1098,0.0,899,8192,0.415,0.415,47.83,0.415,0,0,0.0345,0.0345,19.86,0.0,27.1,23.1,1781028130431284143
1781028130555150643,41,0,8,0,true,0.1098,0.0,899,8192,0.415,0.415,47.83,0.415,0,0,0.0345,0.0345,19.86,0.0,27.1,23.1,1781028130540412712
1781028130654675859,41,0,8,0,true,0.1098,0.0,899,8192,0.415,0.415,47.83,0.415,0,0,0.0345,0.0345,19.86,0.0,27.1,23.1,1781028130639822532
1781028130754404915,41,0,8,0,true,0.1098,0.0,899,8192,0.415,0.415,47.83,0.415,0,0,0.0345,0.0345,19.86,0.0,27.1,23.1,1781028130752892541
1781028130854246647,41,0,8,0,true,0.1098,0.0,899,8192,0.415,0.415,47.83,0.415,0,0,0.0345,0.0345,19.86,0.0,27.1,23.1,1781028130851332525
1781028130954202508,41,0,8,0,true,0.1098,0.0,899,8192,0.415,0.415,47.83,0.415,0,0,0.0345,0.0345,19.86,0.0,27.1,23.1,1781028130948719246
1781028131054354157,41,0,8,0,true,0.1098,0.0,899,8192,0.415,0.415,47.83,0.415,0,0,0.0345,0.0345,19.86,0.0,27.1,23.1,1781028131052822941
1781028131154313698,41,0,8,0,true,0.1098,0.0,899,8192,0.415,0.415,47.83,0.415,0,0,0.0345,0.0345,19.86,0.0,27.1,23.1,1781028131147898494
1781028131255196196,41,0,8,0,true,0.1098,0.0,899,8192,0.415,0.415,47.83,0.415,0,0,0.0345,0.0345,19.86,0.0,27.1,23.1,1781028131228167083
1781028131354753316,41,0,8,0,true,0.1098,0.0,899,8192,0.415,0.415,47.83,0.415,0,0,0.0345,0.0345,19.86,0.0,27.1,23.1,1781028131348976691
1781028131454411289,41,0,8,0,true,0.1098,0.0,899,8192,0.415,0.415,47.83,0.415,0,0,0.0345,0.0345,19.86,0.0,27.1,23.1,1781028131430302658
1781028131554426361,41,0,8,0,true,0.1098,0.0,899,8192,0.415,0.415,47.83,0.415,0,0,0.0345,0.0345,19.86,0.0,27.1,23.1,1781028131549666742
1781028131654590886,41,0,8,0,true,0.1098,0.0,899,8192,0.415,0.415,47.83,0.415,0,0,0.0345,0.0345,19.86,0.0,27.1,23.1,1781028131635331640
1781028131754907842,41,0,8,0,true,0.1098,0.0,899,8192,0.415,0.415,47.83,0.415,0,0,0.0345,0.0345,19.86,0.0,27.1,23.1,1781028131751194621
1781028131855071829,41,0,8,0,true,0.1098,0.0,899,8192,0.415,0.415,47.83,0.415,0,0,0.0345,0.0345,19.86,0.0,27.1,23.1,1781028131855595088
1781028131954736285,41,0,8,0,true,0.1098,0.0,899,8192,0.415,0.415,47.83,0.415,0,0,0.0345,0.0345,19.86,0.0,27.1,23.1,1781028131930863584
1781028132054261855,41,0,8,0,true,0.1098,0.0,899,8192,0.415,0.415,47.83,0.415,0,0,0.0345,0.0345,19.86,0.0,27.1,23.1,1781028132038129849
1781028132154261628,41,0,8,0,true,0.1098,0.0,899,8192,0.415,0.415,47.83,0.415,0,0,0.0345,0.0345,19.86,0.0,27.1,23.1,1781028132154583143
1781028132254442946,41,0,8,0,true,0.1098,0.0,899,8192,0.415,0.415,47.83,0.415,0,0,0.0345,0.0345,19.86,0.0,27.1,23.1,1781028132238667902
1781028132354235063,41,0,8,0,true,0.1098,0.0,899,8192,0.415,0.415,47.83,0.415,0,0,0.0345,0.0345,19.86,0.0,27.1,23.1,1781028132352859361
1781028132454965645,41,0,8,0,true,0.1098,0.0,899,8192,0.415,0.415,47.83,0.415,0,0,0.0345,0.0345,19.86,0.0,27.1,23.1,1781028132434710636
1781028132555234413,41,0,8,0,true,0.1098,0.0,899,8192,0.415,0.415,47.83,0.415,0,0,0.0345,0.0345,19.86,0.0,27.1,23.1,1781028132552491074
1781028132655033448,41,0,8,0,true,0.1098,0.0,899,8192,0.415,0.415,47.83,0.415,0,0,0.0345,0.0345,19.86,0.0,27.1,23.1,1781028132635855392
1781028132755175389,41,0,8,0,true,0.1098,0.0,899,8192,0.415,0.415,47.83,0.415,0,0,0.0345,0.0345,19.86,0.0,27.1,23.1,1781028132740392220
1781028132854797388,41,0,8,0,true,0.1098,0.0,899,8192,0.415,0.415,47.83,0.415,0,0,0.0345,0.0345,19.86,0.0,27.1,23.1,1781028132838973163
1781028132955261491,41,0,8,0,true,0.1098,0.0,899,8192,0.415,0.415,47.83,0.415,0,0,0.0345,0.0345,19.86,0.0,27.1,23.1,1781028132953875362
1781028133057548958,41,0,8,0,true,0.1098,0.0,899,8192,0.415,0.415,47.83,0.415,0,0,0.0345,0.0345,19.86,0.0,27.1,23.1,1781028133041870752
1781028133154754808,41,0,8,0,true,0.1098,0.0,899,8192,0.415,0.415,47.83,0.415,0,0,0.0345,0.0345,19.86,0.0,27.1,23.1,1781028133139110787
1781028133255608777,41,0,8,0,true,0.1098,0.0,899,8192,0.415,0.415,47.83,0.415,0,0,0.0345,0.0345,19.86,0.0,27.1,23.1,1781028133247569403
1781028133354343487,41,0,8,0,true,0.1098,0.0,899,8192,0.415,0.415,47.83,0.415,0,0,0.0345,0.0345,19.86,0.0,27.1,23.1,1781028133340800408
1781028133454285780,41,0,8,0,true,0.1098,0.0,899,8192,0.415,0.415,47.83,0.415,0,0,0.0345,0.0345,19.86,0.0,27.1,23.1,1781028133448303905
1781028133554252442,41,0,8,0,true,0.1098,0.0,899,8192,0.415,0.415,47.83,0.415,0,0,0.0345,0.0345,19.86,0.0,27.1,23.1,1781028133548759782
1781028133657559700,41,0,8,0,true,0.1098,0.0,899,8192,0.415,0.415,47.83,0.415,0,0,0.0345,0.0345,19.86,0.0,27.1,23.1,1781028133648410734
1781028133754785403,41,0,8,0,true,0.1098,0.0,899,8192,0.415,0.415,47.83,0.415,0,0,0.0345,0.0345,19.86,0.0,27.1,23.1,1781028133749177751
1781028133854495412,41,0,8,0,true,0.1098,0.0,899,8192,0.415,0.415,47.83,0.415,0,0,0.0345,0.0345,19.86,0.0,27.1,23.1,1781028133847954743
1781028133954206789,41,0,8,0,true,0.1098,0.0,899,8192,0.415,0.415,47.83,0.415,0,0,0.0345,0.0345,19.86,0.0,27.1,23.1,1781028133947691544
1781028134055034600,41,0,8,0,true,0.1098,0.0,899,8192,0.415,0.415,47.83,0.415,0,0,0.0345,0.0345,19.86,0.0,27.1,23.1,1781028134051972851
1781028134154702641,41,0,8,0,true,0.1098,0.0,899,8192,0.415,0.415,47.83,0.415,0,0,0.0345,0.0345,19.86,0.0,27.1,23.1,1781028134149035440
1781028134255216376,41,0,8,0,true,0.1098,0.0,899,8192,0.415,0.415,47.83,0.415,0,0,0.0345,0.0345,19.86,0.0,27.1,23.1,1781028134252397621
1781028134354270215,41,0,8,0,true,0.1098,0.0,899,8192,0.415,0.415,47.83,0.415,0,0,0.0345,0.0345,19.86,0.0,27.1,23.1,1781028134334904682
1781028134456456466,41,0,8,0,true,0.1098,0.0,899,8192,0.415,0.415,47.83,0.415,0,0,0.0345,0.0345,19.86,0.0,27.1,23.1,1781028134431161437
1781028134555700993,41,0,8,0,true,0.1098,0.0,899,8192,0.415,0.415,47.83,0.415,0,0,0.0345,0.0345,19.86,0.0,27.1,23.1,1781028134542844217
1781028134654342510,41,0,8,0,true,0.1098,0.0,899,8192,0.415,0.415,47.83,0.415,0,0,0.0345,0.0345,19.86,0.0,27.1,23.1,1781028134646564835
1781028134754912139,41,0,8,0,true,0.1098,0.0,899,8192,0.415,0.415,47.83,0.415,0,0,0.0345,0.0345,19.86,0.0,27.1,23.1,1781028134751369078
1781028134855006781,41,0,8,0,true,0.1098,0.0,899,8192,0.415,0.415,47.83,0.415,0,0,0.0345,0.0345,19.86,0.0,27.1,23.1,1781028134834056583
1781028134954847833,41,0,8,0,true,0.1098,0.0,899,8192,0.415,0.415,47.83,0.415,0,0,0.0345,0.0345,19.86,0.0,27.1,23.1,1781028134934164585
1781028135054223896,41,0,8,0,true,0.1098,0.0,899,8192,0.415,0.415,47.83,0.415,0,0,0.0345,0.0345,19.86,0.0,27.1,23.1,1781028135054510082
1781028135154820018,41,0,8,0,true,0.1098,0.0,899,8192,0.415,0.415,47.83,0.415,0,0,0.0345,0.0345,19.86,0.0,27.1,23.1,1781028135134207105
1781028135254275999,41,0,8,0,true,0.1098,0.0,899,8192,0.415,0.415,47.83,0.415,0,0,0.0345,0.0345,19.86,0.0,27.1,23.1,1781028135235788458
1781028135354982702,41,0,8,0,true,0.1098,0.0,899,8192,0.415,0.415,47.83,0.415,0,0,0.0345,0.0345,19.86,0.0,27.1,23.1,1781028135335308117
1781028135454663033,41,0,8,0,true,0.1098,0.0,899,8192,0.415,0.415,47.83,0.415,0,0,0.0345,0.0345,19.86,0.0,27.1,23.1,1781028135442697768
1781028135555116584,41,0,8,0,true,0.1098,0.0,899,8192,0.415,0.415,47.83,0.415,0,0,0.0345,0.0345,19.86,0.0,27.1,23.1,1781028135535265414
1781028135654921382,41,0,8,0,true,0.1098,0.0,899,8192,0.415,0.415,47.83,0.415,0,0,0.0345,0.0345,19.86,0.0,27.1,23.1,1781028135635154095
1781028135754207300,41,0,8,0,true,0.1098,0.0,899,8192,0.415,0.415,47.83,0.415,0,0,0.0345,0.0345,19.86,0.0,27.1,23.1,1781028135754409860
1781028135856569786,41,0,8,0,true,0.1098,0.0,899,8192,0.415,0.415,47.83,0.415,0,0,0.0345,0.0345,19.86,0.0,27.1,23.1,1781028135838298774
1781028135954352603,41,0,8,0,true,0.1098,0.0,899,8192,0.415,0.415,47.83,0.415,0,0,0.0345,0.0345,19.86,0.0,27.1,23.1,1781028135939525997
1781028136057535831,41,0,8,0,true,0.1098,0.0,899,8192,0.415,0.415,47.83,0.415,0,0,0.0345,0.0345,19.86,0.0,27.1,23.1,1781028136044005007
1781028136154351804,41,0,8,0,true,0.1098,0.0,899,8192,0.415,0.415,47.83,0.415,0,0,0.0345,0.0345,19.86,0.0,27.1,23.1,1781028136135880928
1781028136255070895,41,0,8,0,true,0.1098,0.0,899,8192,0.415,0.415,47.83,0.415,0,0,0.0345,0.0345,19.86,0.0,27.1,23.1,1781028136247114278
1781028136354253647,41,0,8,0,true,0.1098,0.0,899,8192,0.415,0.415,47.83,0.415,0,0,0.0345,0.0345,19.86,0.0,27.1,23.1,1781028136336860085
1781028136454708827,41,0,8,0,true,0.1098,0.0,899,8192,0.415,0.415,47.83,0.415,0,0,0.0345,0.0345,19.86,0.0,27.1,23.1,1781028136450594423
1781028136554675544,41,0,8,0,true,0.1098,0.0,899,8192,0.415,0.415,47.83,0.415,0,0,0.0345,0.0345,19.86,0.0,27.1,23.1,1781028136546021713
1781028136654612899,41,0,8,0,true,0.1098,0.0,899,8192,0.415,0.415,47.83,0.415,0,0,0.0345,0.0345,19.86,0.0,27.1,23.1,1781028136646678707
1781028136754589644,41,0,8,0,true,0.1098,0.0,899,8192,0.415,0.415,47.83,0.415,0,0,0.0345,0.0345,19.86,0.0,27.1,23.1,1781028136744090366
1781028136856636735,41,0,8,0,true,0.1098,0.0,899,8192,0.415,0.415,47.83,0.415,0,0,0.0345,0.0345,19.86,0.0,27.1,23.1,1781028136847028504
1781028136954752171,41,0,8,0,true,0.1098,0.0,899,8192,0.415,0.415,47.83,0.415,0,0,0.0345,0.0345,19.86,0.0,27.1,23.1,1781028136945138754
1781028137054751317,41,0,8,0,true,0.1098,0.0,899,8192,0.415,0.415,47.83,0.415,0,0,0.0345,0.0345,19.86,0.0,27.1,23.1,1781028137049905106
1781028137154787661,41,0,8,0,true,0.1098,0.0,899,8192,0.415,0.415,47.83,0.415,0,0,0.0345,0.0345,19.86,0.0,27.1,23.1,1781028137148159201
1781028137256632173,41,0,8,0,true,0.1098,0.0,899,8192,0.415,0.415,47.83,0.415,0,0,0.0345,0.0345,19.86,0.0,27.1,23.1,1781028137252129310
1781028137354221191,41,0,8,0,true,0.1098,0.0,899,8192,0.415,0.415,47.83,0.415,0,0,0.0345,0.0345,19.86,0.0,27.1,23.1,1781028137352627543
1781028137454322252,41,0,8,0,true,0.1098,0.0,899,8192,0.415,0.415,47.83,0.415,0,0,0.0345,0.0345,19.86,0.0,27.1,23.1,1781028137428575550
1781028137555042070,41,0,8,0,true,0.1098,0.0,899,8192,0.415,0.415,47.83,0.415,0,0,0.0345,0.0345,19.86,0.0,27.1,23.1,1781028137539219762
1781028137654806534,41,0,8,0,true,0.1098,0.0,899,8192,0.415,0.415,47.83,0.415,0,0,0.0345,0.0345,19.86,0.0,27.1,23.1,1781028137634129337
1781028137754236374,41,0,8,0,true,0.1098,0.0,899,8192,0.415,0.415,47.83,0.415,0,0,0.0345,0.0345,19.86,0.0,27.1,23.1,1781028137754405133
1781028137854556258,41,0,8,0,true,0.1098,0.0,899,8192,0.415,0.415,47.83,0.415,0,0,0.0345,0.0345,19.86,0.0,27.1,23.1,1781028137834820444
1781028137954922418,41,0,8,0,true,0.1098,0.0,899,8192,0.415,0.415,47.83,0.415,0,0,0.0344,0.0344,19.85,0.0,27.1,23.1,1781028137936075792
1781028138057585472,41,0,8,0,true,0.1098,0.0,899,8192,0.413,0.413,47.83,0.413,0,0,0.0342,0.0342,19.73,0.0,27.1,23.1,1781028138040105619
1781028138154417047,41,0,8,0,true,0.1098,0.0,899,8192,0.415,0.415,47.83,0.415,0,0,0.0345,0.0345,19.87,0.0,27.1,23.1,1781028138137609662
1781028138255108206,41,0,8,0,true,0.1098,0.0,899,8192,0.416,0.416,47.83,0.416,0,0,0.0345,0.0345,19.87,0.0,27.1,23.1,1781028138242664739
1781028138355074748,41,0,8,0,true,0.1098,0.0,899,8192,0.415,0.415,47.83,0.415,0,0,0.0345,0.0345,19.87,0.0,27.1,23.1,1781028138338482339
1781028138455557652,41,0,8,0,true,0.1098,0.0,899,8192,0.415,0.415,47.83,0.415,0,0,0.0345,0.0345,19.87,0.0,27.1,23.1,1781028138441231445
1781028138554398630,41,0,8,0,true,0.1098,0.0,899,8192,0.416,0.416,47.83,0.416,0,0,0.0345,0.0345,19.87,0.0,27.1,23.1,1781028138540873707
1781028138654571262,41,0,8,0,true,0.1098,0.0,899,8192,0.416,0.416,47.83,0.416,0,0,0.0345,0.0345,19.87,0.0,27.1,23.1,1781028138645435485
1781028138754222630,41,0,8,0,true,0.1098,0.0,899,8192,0.416,0.416,47.83,0.416,0,0,0.0345,0.0345,19.87,0.0,27.1,23.1,1781028138743642354
1781028138856661025,41,0,8,0,true,0.1098,0.0,899,8192,0.416,0.416,47.83,0.416,0,0,0.0345,0.0345,19.88,0.0,27.1,23.1,1781028138847790780
1781028138955259451,41,0,8,0,true,0.1098,0.0,899,8192,0.416,0.416,47.83,0.416,0,0,0.0345,0.0345,19.88,0.0,27.1,23.1,1781028138946589859
1781028139054361470,41,0,8,0,true,0.1098,0.0,899,8192,0.416,0.416,47.83,0.416,0,0,0.0345,0.0345,19.88,0.0,27.1,23.1,1781028139023523902
1781028139154459028,41,0,8,0,true,0.1098,0.0,899,8192,0.416,0.416,47.83,0.416,0,0,0.0345,0.0345,19.88,0.0,27.1,23.1,1781028139147671399
1781028139254890513,41,0,8,0,true,0.1098,0.0,899,8192,0.416,0.416,47.83,0.416,0,0,0.0345,0.0345,19.88,0.0,27.1,23.1,1781028139254429652
1781028139355065635,41,0,8,0,true,0.1098,0.0,899,8192,0.416,0.416,47.83,0.416,0,0,0.0345,0.0345,19.88,0.0,27.1,23.1,1781028139336358225
1781028139455639820,41,0,8,0,true,0.1098,0.0,899,8192,0.416,0.416,47.83,0.416,0,0,0.0345,0.0345,19.88,0.0,27.1,23.1,1781028139431616042
1781028139554327841,41,0,8,0,true,0.1098,0.0,899,8192,0.416,0.416,47.83,0.416,0,0,0.0345,0.0345,19.88,0.0,27.1,23.1,1781028139554583479
1781028139654385830,41,0,8,0,true,0.1098,0.0,899,8192,0.416,0.416,47.83,0.416,0,0,0.0345,0.0345,19.88,0.0,27.1,23.1,1781028139633820766
1781028139754984041,41,0,8,0,true,0.1098,0.0,899,8192,0.416,0.416,47.83,0.416,0,0,0.0345,0.0345,19.88,0.0,27.1,23.1,1781028139753505336
1781028139858044693,41,0,8,0,true,0.1098,0.0,899,8192,0.416,0.416,47.83,0.416,0,0,0.0345,0.0345,19.88,0.0,27.1,23.1,1781028139835850483
1781028139955040276,41,0,8,0,true,0.1098,0.0,899,8192,0.416,0.416,47.83,0.416,0,0,0.0345,0.0345,19.88,0.0,27.1,23.1,1781028139938327350
1781028140055712737,41,0,8,0,true,0.1098,0.0,899,8192,0.416,0.416,47.83,0.416,0,0,0.0345,0.0345,19.88,0.0,27.1,23.1,1781028140044975328
1781028140155114143,41,0,8,0,true,0.1098,0.0,899,8192,0.416,0.416,47.83,0.416,0,0,0.0345,0.0345,19.88,0.0,27.1,23.1,1781028140140626279
1781028140256587023,41,0,8,0,true,0.1098,0.0,899,8192,0.416,0.416,47.83,0.416,0,0,0.0345,0.0345,19.88,0.0,27.1,23.1,1781028140247985219
1781028140354835030,41,0,8,0,true,0.1098,0.0,899,8192,0.416,0.416,47.83,0.416,0,0,0.0345,0.0345,19.88,0.0,27.1,23.1,1781028140340332323
1781028140455590252,41,0,8,0,true,0.1098,0.0,899,8192,0.416,0.416,47.83,0.416,0,0,0.0345,0.0345,19.88,0.0,27.1,23.1,1781028140452292482
1781028140554948541,41,0,8,0,true,0.1098,0.0,899,8192,0.416,0.416,47.83,0.416,0,0,0.0345,0.0345,19.88,0.0,27.1,23.1,1781028140547153002
1781028140654787303,41,0,8,0,true,0.1098,0.0,899,8192,0.416,0.416,47.83,0.416,0,0,0.0345,0.0345,19.88,0.0,27.1,23.1,1781028140627445912
1781028140755218076,41,0,8,0,true,0.1098,0.0,899,8192,0.416,0.416,47.83,0.416,0,0,0.0345,0.0345,19.88,0.0,27.1,23.1,1781028140751694058
1781028140854259217,41,0,8,0,true,0.1098,0.0,899,8192,0.416,0.416,47.83,0.416,0,0,0.0345,0.0345,19.89,0.0,27.1,23.1,1781028140853420343
1781028140955200754,41,0,8,0,true,0.1098,0.0,899,8192,0.416,0.416,47.83,0.416,0,0,0.0345,0.0345,19.89,0.0,27.1,23.1,1781028140951735666
1781028141054558978,41,0,8,0,true,0.1098,0.0,899,8192,0.416,0.416,47.83,0.416,0,0,0.0345,0.0345,19.89,0.0,27.1,23.1,1781028141033654582
1781028141154595107,41,0,8,0,true,0.1098,0.0,899,8192,0.416,0.416,47.83,0.416,0,0,0.0345,0.0345,19.89,0.0,27.1,23.1,1781028141134009310
1781028141260801395,41,0,8,0,true,0.1098,0.0,899,8192,0.416,0.416,47.83,0.416,0,0,0.0345,0.0345,19.89,0.0,27.1,23.1,1781028141257916954
1781028141361613193,41,0,8,0,true,0.1098,0.0,899,8192,0.416,0.416,47.83,0.416,0,0,0.0345,0.0345,19.89,0.0,27.1,23.1,1781028141355280962
1781028141461571418,41,0,8,0,true,0.1098,0.0,899,8192,0.416,0.416,47.83,0.416,0,0,0.0345,0.0345,19.89,0.0,27.1,23.1,1781028141436252841
1781028141562001025,41,0,8,0,true,0.1098,0.0,899,8192,0.416,0.416,47.83,0.416,0,0,0.0345,0.0345,19.89,0.0,27.1,23.1,1781028141559642306
1781028141663771733,41,0,8,0,true,0.1098,0.0,899,8192,0.416,0.416,47.83,0.416,0,0,0.0345,0.0345,19.89,0.0,27.1,23.1,1781028141638781801
1781028141762130933,41,0,8,0,true,0.1098,0.0,899,8192,0.416,0.416,47.83,0.416,0,0,0.0345,0.0345,19.89,0.0,27.1,23.1,1781028141739320691
1781028141861950088,41,0,8,0,true,0.1098,0.0,899,8192,0.416,0.416,47.83,0.416,0,0,0.0345,0.0345,19.89,0.0,27.1,23.1,1781028141843877035
1781028141961743295,41,0,8,0,true,0.1098,0.0,899,8192,0.416,0.416,47.83,0.416,0,0,0.0345,0.0345,19.89,0.0,27.1,23.1,1781028141950826655
1781028142062012327,41,0,8,0,true,0.1098,0.0,899,8192,0.416,0.416,47.83,0.416,0,0,0.0345,0.0345,19.89,0.0,27.1,23.1,1781028142049055343
1781028142161272364,41,0,8,0,true,0.1098,0.0,899,8192,0.416,0.416,47.83,0.416,0,0,0.0345,0.0345,19.89,0.0,27.1,23.1,1781028142160846096
1781028142261849085,41,0,8,0,true,0.1098,0.0,899,8192,0.416,0.416,47.83,0.416,0,0,0.0345,0.0345,19.89,0.0,27.1,23.1,1781028142250123757
1781028142361869496,41,0,8,0,true,0.1098,0.0,899,8192,0.416,0.416,47.83,0.416,0,0,0.0345,0.0345,19.89,0.0,27.1,23.1,1781028142345112695
1781028142462552213,41,0,8,0,true,0.1098,0.0,899,8192,0.416,0.416,47.83,0.416,0,0,0.0345,0.0345,19.89,0.0,27.1,23.1,1781028142454908795
1781028142561527032,41,0,8,0,true,0.1098,0.0,899,8192,0.416,0.416,47.83,0.416,0,0,0.0345,0.0345,19.89,0.0,27.1,23.1,1781028142554075624
1781028142663138130,41,0,8,0,true,0.1098,0.0,899,8192,0.416,0.416,47.83,0.416,0,0,0.0345,0.0345,19.89,0.0,27.1,23.1,1781028142646243443
1781028142761373668,41,0,8,0,true,0.1098,0.0,899,8192,0.416,0.416,47.83,0.416,0,0,0.0345,0.0345,19.89,0.0,27.1,23.1,1781028142760117467
1781028142863053171,41,0,8,0,true,0.1098,0.0,899,8192,0.416,0.416,47.83,0.416,0,0,0.0345,0.0345,19.89,0.0,27.1,23.1,1781028142842179725
1781028142961921490,41,0,8,0,true,0.1098,0.0,899,8192,0.416,0.416,47.83,0.416,0,0,0.0345,0.0345,19.89,0.0,27.1,23.1,1781028142953319819
1781028143062538085,41,0,8,0,true,0.1098,0.0,899,8192,0.416,0.416,47.83,0.416,0,0,0.0345,0.0345,19.89,0.0,27.1,23.1,1781028143050875243
1781028143161951338,41,0,8,0,true,0.1098,0.0,899,8192,0.416,0.416,47.83,0.416,0,0,0.0345,0.0345,19.89,0.0,27.1,23.1,1781028143154419707
1781028143263794488,41,0,8,0,true,0.1098,0.0,899,8192,0.416,0.416,47.83,0.416,0,0,0.0345,0.0345,19.89,0.0,27.1,23.1,1781028143252408935
1781028143362182978,41,0,8,0,true,0.1098,0.0,899,8192,0.416,0.416,47.83,0.416,0,0,0.0345,0.0345,19.89,0.0,27.1,23.1,1781028143348535753
1781028143461500535,41,0,8,0,true,0.1098,0.0,899,8192,0.416,0.416,47.83,0.416,0,0,0.0345,0.0345,19.89,0.0,27.1,23.1,1781028143454397959
1781028143561830555,41,0,8,0,true,0.1098,0.0,899,8192,0.416,0.416,47.83,0.416,0,0,0.0345,0.0345,19.89,0.0,27.1,23.1,1781028143553203666
1781028143661665383,41,0,8,0,true,0.1098,0.0,899,8192,0.416,0.416,47.83,0.416,0,0,0.0345,0.0345,19.9,0.0,27.1,23.1,1781028143655418221
1781028143762186157,41,0,8,0,true,0.1098,0.0,899,8192,0.416,0.416,47.83,0.416,0,0,0.0345,0.0345,19.9,0.0,27.1,23.1,1781028143753774809
1781028143863562076,41,0,8,0,true,0.1098,0.0,899,8192,0.416,0.416,47.83,0.416,0,0,0.0345,0.0345,19.9,0.0,27.1,23.1,1781028143856062865
1781028143962507744,41,0,8,0,true,0.1098,0.0,899,8192,0.416,0.416,47.83,0.416,0,0,0.0345,0.0345,19.9,0.0,27.1,23.1,1781028143939432341
1781028144061766551,41,0,8,0,true,0.1098,0.0,899,8192,0.416,0.416,47.83,0.416,0,0,0.0345,0.0345,19.9,0.0,27.1,23.1,1781028144058198829
1781028144161874792,41,0,8,0,true,0.1098,0.0,899,8192,0.416,0.416,47.83,0.416,0,0,0.0345,0.0345,19.9,0.0,27.1,23.1,1781028144158500314
1781028144261934572,41,0,8,0,true,0.1098,0.0,899,8192,0.416,0.416,47.83,0.416,0,0,0.0345,0.0345,19.9,0.0,27.1,23.1,1781028144259425378
1781028144361852805,41,0,8,0,true,0.1098,0.0,899,8192,0.416,0.416,47.83,0.416,0,0,0.0345,0.0345,19.9,0.0,27.1,23.1,1781028144355374962
1781028144461246187,41,0,8,0,true,0.1098,0.0,899,8192,0.416,0.416,47.83,0.416,0,0,0.0345,0.0345,19.9,0.0,27.1,23.1,1781028144460949237
1781028144562066688,41,0,8,0,true,0.1098,0.0,899,8192,0.416,0.416,47.83,0.416,0,0,0.0345,0.0345,19.9,0.0,27.1,23.1,1781028144556735928
1781028144661337959,41,0,8,0,true,0.1098,0.0,899,8192,0.416,0.416,47.83,0.416,0,0,0.0345,0.0345,19.9,0.0,27.1,23.1,1781028144636777493
1781028144762268077,41,0,8,0,true,0.1098,0.0,899,8192,0.416,0.416,47.83,0.416,0,0,0.0345,0.0345,19.9,0.0,27.1,23.1,1781028144762818000
1781028144861838000,41,0,8,0,true,0.1098,0.0,899,8192,0.416,0.416,47.83,0.416,0,0,0.0345,0.0345,19.9,0.0,27.1,23.1,1781028144862326501
1781028144961591211,41,0,8,0,true,0.1098,0.0,899,8192,0.416,0.416,47.83,0.416,0,0,0.0345,0.0345,19.9,0.0,27.1,23.1,1781028144957259152
1781028145061524071,41,0,8,0,true,0.1098,0.0,899,8192,0.416,0.416,47.83,0.416,0,0,0.0345,0.0345,19.9,0.0,27.1,23.1,1781028145043073688
1781028145161240889,41,0,8,0,true,0.1098,0.0,899,8192,0.416,0.416,47.83,0.416,0,0,0.0345,0.0345,19.9,0.0,27.1,23.1,1781028145160831984
1781028145261882783,41,0,8,0,true,0.1098,0.0,899,8192,0.416,0.416,47.83,0.416,0,0,0.0345,0.0345,19.9,0.0,27.1,23.1,1781028145249999646
1781028145361331989,41,0,8,0,true,0.1098,0.0,899,8192,0.416,0.416,47.83,0.416,0,0,0.0345,0.0345,19.9,0.0,27.1,23.1,1781028145361449308
1781028145461423940,41,0,8,0,true,0.1098,0.0,899,8192,0.416,0.416,47.83,0.416,0,0,0.0345,0.0345,19.9,0.0,27.1,23.1,1781028145448628870
1781028145561493962,41,0,8,0,true,0.1098,0.0,899,8192,0.416,0.416,47.83,0.416,0,0,0.0345,0.0345,19.9,0.0,27.1,23.1,1781028145545859713
1781028145662122281,41,0,8,0,true,0.1098,0.0,899,8192,0.416,0.416,47.83,0.416,0,0,0.0345,0.0345,19.9,0.0,27.1,23.1,1781028145658734873
1781028145761651648,41,0,8,0,true,0.1098,0.0,899,8192,0.416,0.416,47.83,0.416,0,0,0.0345,0.0345,19.9,0.0,27.1,23.1,1781028145748933513
1781028145861435127,41,0,8,0,true,0.1098,0.0,899,8192,0.416,0.416,47.83,0.416,0,0,0.0345,0.0345,19.9,0.0,27.1,23.1,1781028145860083609
1781028145961964051,41,0,8,0,true,0.1098,0.0,899,8192,0.416,0.416,47.83,0.416,0,0,0.0345,0.0345,19.9,0.0,27.1,23.1,1781028145952438311
1781028146062557354,41,0,8,0,true,0.1098,0.0,899,8192,0.416,0.416,47.83,0.416,0,0,0.0345,0.0345,19.9,0.0,27.1,23.1,1781028146051567362
1781028146161893005,41,0,8,0,true,0.1098,0.0,899,8192,0.416,0.416,47.83,0.416,0,0,0.0345,0.0345,19.9,0.0,27.1,23.1,1781028146144990637
1781028146262267235,41,0,8,0,true,0.1098,0.0,899,8192,0.416,0.416,47.83,0.416,0,0,0.0345,0.0345,19.9,0.0,27.1,23.1,1781028146252718531
1781028146361879916,41,0,8,0,true,0.1098,0.0,899,8192,0.416,0.416,47.83,0.416,0,0,0.0345,0.0345,19.9,0.0,27.1,23.1,1781028146346891018
1781028146463615157,41,0,8,0,true,0.1098,0.0,899,8192,0.416,0.416,47.83,0.416,0,0,0.0345,0.0345,19.9,0.0,27.1,23.1,1781028146453693655
1781028146561878807,41,0,8,0,true,0.1098,0.0,899,8192,0.416,0.416,47.83,0.416,0,0,0.0345,0.0345,19.9,0.0,27.1,23.1,1781028146548128585
1781028146661393196,41,0,8,0,true,0.1098,0.0,899,8192,0.416,0.416,47.83,0.416,0,0,0.0345,0.0345,19.9,0.0,27.1,23.1,1781028146655881933
1781028146761508756,41,0,8,0,true,0.1098,0.0,899,8192,0.416,0.416,47.83,0.416,0,0,0.0345,0.0345,19.9,0.0,27.1,23.1,1781028146748769829
1781028146862235081,41,0,8,0,true,0.1098,0.0,899,8192,0.416,0.416,47.83,0.416,0,0,0.0345,0.0345,19.9,0.0,27.1,23.1,1781028146851652496
1781028146961576173,41,0,8,0,true,0.1098,0.0,899,8192,0.416,0.416,47.83,0.416,0,0,0.0345,0.0345,19.9,0.0,27.1,23.1,1781028146951147515
1781028147061821990,41,0,8,0,true,0.1098,0.0,899,8192,0.416,0.416,47.83,0.416,0,0,0.0345,0.0345,19.9,0.0,27.1,23.1,1781028147059350814
1781028147162120061,41,0,8,0,true,0.1098,0.0,899,8192,0.416,0.416,47.83,0.416,0,0,0.0345,0.0345,19.9,0.0,27.1,23.1,1781028147153782206
1781028147262574020,41,0,8,0,true,0.1098,0.0,899,8192,0.416,0.416,47.83,0.416,0,0,0.0345,0.0345,19.9,0.0,27.1,23.1,1781028147254955127
1781028147361897175,41,0,8,0,true,0.1098,0.0,899,8192,0.416,0.416,47.83,0.416,0,0,0.0345,0.0345,19.9,0.0,27.1,23.1,1781028147352132655
1781028147461880775,41,0,8,0,true,0.1098,0.0,899,8192,0.416,0.416,47.83,0.416,0,0,0.0345,0.0345,19.9,0.0,27.1,23.1,1781028147438109752
1781028147561745470,41,0,8,0,true,0.1098,0.0,899,8192,0.416,0.416,47.83,0.416,0,0,0.0345,0.0345,19.9,0.0,27.1,23.1,1781028147555433468
1781028147664815082,41,0,8,0,true,0.1098,0.0,899,8192,0.416,0.416,47.83,0.416,0,0,0.0345,0.0345,19.91,0.0,27.1,23.1,1781028147637132415
1781028147761229359,41,0,8,0,true,0.1098,0.0,899,8192,0.416,0.416,47.83,0.416,0,0,0.0345,0.0345,19.91,0.0,27.1,23.1,1781028147740378751
1781028147861350352,41,0,8,0,true,0.1098,0.0,899,8192,0.416,0.416,47.83,0.416,0,0,0.0345,0.0345,19.91,0.0,27.1,23.1,1781028147836934841
1781028147961988001,41,0,8,0,true,0.1098,0.0,899,8192,0.416,0.416,47.83,0.416,0,0,0.0345,0.0345,19.91,0.0,27.1,23.1,1781028147942025027
1781028148061916158,41,0,8,0,true,0.1098,0.0,899,8192,0.416,0.416,47.83,0.416,0,0,0.0345,0.0345,19.91,0.0,27.1,23.1,1781028148039100092
1781028148162192676,41,0,8,0,true,0.1098,0.0,899,8192,0.416,0.416,47.83,0.416,0,0,0.0345,0.0345,19.91,0.0,27.1,23.1,1781028148159939771
1781028148261842116,41,0,8,0,true,0.1098,0.0,899,8192,0.416,0.416,47.83,0.416,0,0,0.0345,0.0345,19.91,0.0,27.1,23.1,1781028148246197749
1781028148362145183,41,0,8,0,true,0.1098,0.0,899,8192,0.416,0.416,47.83,0.416,0,0,0.0345,0.0345,19.91,0.0,27.1,23.1,1781028148342329982
1781028148461548219,41,0,8,0,true,0.1098,0.0,899,8192,0.416,0.416,47.83,0.416,0,0,0.0345,0.0345,19.91,0.0,27.1,23.1,1781028148451486687
1781028148561536965,41,0,8,0,true,0.1098,0.0,899,8192,0.416,0.416,47.83,0.416,0,0,0.0345,0.0345,19.91,0.0,27.1,23.1,1781028148545961526
1781028148661729701,41,0,8,0,true,0.1098,0.0,899,8192,0.416,0.416,47.83,0.416,0,0,0.0345,0.0345,19.91,0.0,27.1,23.1,1781028148651639508
1781028148761942482,41,0,8,0,true,0.1098,0.0,899,8192,0.416,0.416,47.83,0.416,0,0,0.0345,0.0345,19.91,0.0,27.1,23.1,1781028148758594153
1781028148862147725,41,0,8,0,true,0.1098,0.0,899,8192,0.416,0.416,47.83,0.416,0,0,0.0345,0.0345,19.91,0.0,27.1,23.1,1781028148837734855
1781028148962235418,41,0,8,0,true,0.1098,0.0,899,8192,0.416,0.416,47.83,0.416,0,0,0.0345,0.0345,19.91,0.0,27.1,23.1,1781028148946283974
1781028149064637714,41,0,8,0,true,0.1098,0.0,899,8192,0.416,0.416,47.83,0.416,0,0,0.0345,0.0345,19.91,0.0,27.1,23.1,1781028149040611311
1781028149161247677,41,0,8,0,true,0.1098,0.0,899,8192,0.416,0.416,47.83,0.416,0,0,0.0345,0.0345,19.91,0.0,27.1,23.1,1781028149161321941
1781028149261369552,41,0,8,0,true,0.1098,0.0,899,8192,0.416,0.416,47.83,0.416,0,0,0.0345,0.0345,19.91,0.0,27.1,23.1,1781028149248201610
1781028149362305087,41,0,8,0,true,0.1098,0.0,899,8192,0.416,0.416,47.83,0.416,0,0,0.0345,0.0345,19.9,0.0,27.1,23.1,1781028149358724112
1781028149465517398,41,0,8,0,true,0.1098,0.0001,899,8192,0.416,0.416,47.83,0.416,0,0,0.0345,0.0345,19.88,0.0,27.1,23.1,1781028149438743764
1781028149561446215,41,0,8,0,true,0.1098,0.0003,899,8192,0.418,0.418,47.83,0.418,0,0,0.0347,0.0347,19.98,0.0,27.1,23.1,1781028149544827673
1781028149666713942,41,0,8,0,true,0.1098,0.0003,899,8192,0.415,0.415,47.83,0.415,0,0,0.0344,0.0344,19.83,0.0,27.1,23.1,1781028149644887387
1781028149768205355,41,0,8,0,true,0.1099,0.0003,900,8192,0.415,0.415,47.83,0.415,0,0,0.0344,0.0344,19.83,0.0,27.1,23.1,1781028149764678260
1781028149867662207,41,0,8,0,true,0.1099,0.0003,900,8192,0.415,0.415,47.83,0.415,0,0,0.0344,0.0344,19.83,0.0,27.1,23.1,1781028149851808617
1781028149967230277,41,0,8,0,true,0.1099,0.0003,900,8192,0.418,0.418,47.83,0.418,0,0,0.0347,0.0347,19.98,0.0,27.1,23.1,1781028149951657770
1781028150067529111,41,0,8,0,true,0.11,0.0003,900,8192,0.415,0.415,47.83,0.415,0,0,0.0344,0.0344,19.84,0.0,27.1,23.1,1781028150048402631
1781028150167963167,41,0,8,0,true,0.11,0.0003,901,8192,0.415,0.415,47.83,0.415,0,0,0.0344,0.0344,19.83,0.0,27.1,23.1,1781028150166433469
1781028150268544493,41,0,8,0,true,0.11,0.0003,901,8192,0.415,0.415,47.83,0.415,0,0,0.0344,0.0344,19.83,0.0,27.1,23.1,1781028150251155337
1781028150368166406,41,0,8,0,true,0.1101,0.0003,901,8192,0.418,0.418,47.83,0.418,0,0,0.0347,0.0347,19.98,0.0,27.1,23.1,1781028150348519191
1781028150468545409,41,0,8,0,true,0.1101,0.0003,901,8192,0.415,0.415,47.83,0.415,0,0,0.0344,0.0344,19.83,0.0,27.1,23.1,1781028150455487409
1781028150567318656,41,0,8,0,true,0.1101,0.0003,902,8192,0.418,0.418,47.83,0.418,0,0,0.0347,0.0347,19.98,0.0,27.1,23.1,1781028150553841865
1781028150668166425,41,0,8,0,true,0.1101,0.0003,902,8192,0.415,0.415,47.83,0.415,0,0,0.0344,0.0344,19.83,0.0,27.1,23.1,1781028150654422789
1781028150767353329,41,0,8,0,true,0.1102,0.0003,902,8192,0.418,0.418,47.83,0.418,0,0,0.0347,0.0347,19.99,0.0,27.1,23.1,1781028150750814968
1781028150867870221,41,0,8,0,true,0.1102,0.0002,902,8192,0.418,0.418,47.83,0.418,0,0,0.0347,0.0347,19.98,0.0,27.1,23.1,1781028150858286813
1781028150967538621,41,0,8,0,true,0.1102,0.0002,903,8192,0.418,0.418,47.83,0.418,0,0,0.0347,0.0347,19.98,0.0,27.1,23.1,1781028150953095213
1781028151068029276,41,0,8,0,true,0.1103,0.0003,903,8192,0.415,0.415,47.83,0.415,0,0,0.0344,0.0344,19.83,0.0,27.1,23.1,1781028151057051205
1781028151168057152,41,0,8,0,true,0.1103,0.0003,903,8192,0.418,0.418,47.83,0.418,0,0,0.0347,0.0347,19.98,0.0,27.1,23.1,1781028151155643985
1781028151268071416,41,0,8,0,true,0.1103,0.0003,903,8192,0.415,0.415,47.83,0.415,0,0,0.0344,0.0344,19.85,0.0,27.1,23.1,1781028151258573897
1781028151368206541,41,0,8,0,true,0.1103,0.0003,903,8192,0.418,0.418,47.83,0.418,0,0,0.0347,0.0347,19.97,0.0,27.1,23.1,1781028151355644505
1781028151469553510,41,0,8,0,true,0.1104,0.0003,904,8192,0.415,0.415,47.83,0.415,0,0,0.0344,0.0344,19.83,0.0,27.1,23.1,1781028151463477500
1781028151568246229,41,0,8,0,true,0.1104,0.0003,904,8192,0.418,0.418,47.83,0.418,0,0,0.0347,0.0347,19.97,0.0,27.1,23.1,1781028151559917909
1781028151667464160,41,0,8,0,true,0.1104,0.0003,904,8192,0.415,0.415,47.83,0.415,0,0,0.0344,0.0344,19.84,0.0,27.1,23.1,1781028151665238378
1781028151767350964,41,0,8,0,true,0.1104,0.0003,904,8192,0.418,0.418,47.83,0.418,0,0,0.0347,0.0347,19.98,0.0,27.1,23.1,1781028151750675249
1781028151869583209,41,0,8,0,true,0.1105,0.0003,904,8192,0.417,0.417,47.83,0.417,0,0,0.0346,0.0346,19.96,0.0,27.1,23.1,1781028151851274148
1781028151968197071,41,0,8,0,true,0.1105,0.0003,905,8192,0.418,0.418,47.83,0.418,0,0,0.0347,0.0347,19.98,0.0,27.1,23.1,1781028151951720394
1781028152070129521,41,0,8,0,true,0.1105,0.0003,905,8192,0.417,0.417,47.83,0.417,0,0,0.0346,0.0346,19.96,0.0,27.1,23.1,1781028152055578355
1781028152167486534,41,0,8,0,true,0.1106,0.0003,905,8192,0.414,0.414,47.83,0.414,0,0,0.0344,0.0344,19.82,0.0,27.1,23.1,1781028152154073643
1781028152267577214,41,0,8,0,true,0.1106,0.0002,905,8192,0.418,0.418,47.83,0.418,0,0,0.0347,0.0347,19.97,0.0,27.1,23.1,1781028152257409315
1781028152368151343,41,0,8,0,true,0.1106,0.0003,906,8192,0.415,0.415,47.83,0.415,0,0,0.0344,0.0344,19.83,0.0,27.1,23.1,1781028152360532476
1781028152467450004,41,0,8,0,true,0.1106,0.0003,906,8192,0.418,0.418,47.83,0.418,0,0,0.0347,0.0347,19.97,0.0,27.1,23.1,1781028152459264553
1781028152568407617,41,0,8,0,true,0.1107,0.0003,906,8192,0.415,0.415,47.83,0.415,0,0,0.0344,0.0344,19.83,0.0,27.1,23.1,1781028152555946573
1781028152667723161,41,0,8,0,true,0.1107,0.0002,906,8192,0.418,0.418,47.83,0.418,0,0,0.0347,0.0347,19.97,0.0,27.1,23.1,1781028152662368444
1781028152768092630,41,0,8,0,true,0.1107,0.0002,906,8192,0.417,0.417,47.83,0.417,0,0,0.0346,0.0346,19.96,0.0,27.1,23.1,1781028152756699458
1781028152867436684,41,0,8,0,true,0.1107,0.0003,907,8192,0.414,0.414,47.83,0.414,0,0,0.0344,0.0344,19.82,0.0,27.1,23.1,1781028152838060820
1781028152967984435,41,0,8,0,true,0.1108,0.0003,907,8192,0.415,0.415,47.83,0.415,0,0,0.0344,0.0344,19.82,0.0,27.1,23.1,1781028152958346745
1781028153068184611,41,0,8,0,true,0.1108,0.0003,907,8192,0.416,0.416,47.83,0.416,0,0,0.0345,0.0345,19.88,0.0,27.1,23.1,1781028153064628317
1781028153167684943,41,0,8,0,true,0.1108,0.0003,907,8192,0.418,0.418,47.83,0.418,0,0,0.0347,0.0347,19.97,0.0,27.1,23.1,1781028153165235753
1781028153267232023,41,0,8,0,true,0.1108,0.0003,907,8192,0.417,0.417,47.83,0.417,0,0,0.0346,0.0346,19.95,0.0,27.1,23.1,1781028153267298212
1781028153367683860,41,0,8,0,true,0.1109,0.0002,908,8192,0.415,0.415,47.83,0.415,0,0,0.0345,0.0345,19.85,0.0,27.1,23.1,1781028153362119993
1781028153468141792,41,0,8,0,true,0.1109,0.0002,908,8192,0.417,0.417,47.83,0.417,0,0,0.0346,0.0346,19.96,0.0,27.1,23.1,1781028153440381856
1781028153568131176,41,0,8,0,true,0.1109,0.0003,908,8192,0.415,0.415,47.83,0.415,0,0,0.0344,0.0344,19.84,0.0,27.1,23.1,1781028153560578333
1781028153668614822,41,0,8,0,true,0.1109,0.0003,908,8192,0.414,0.414,47.83,0.414,0,0,0.0344,0.0344,19.82,0.0,27.1,23.1,1781028153642051968
1781028153768206948,41,0,8,0,true,0.111,0.0002,908,8192,0.418,0.418,47.83,0.418,0,0,0.0347,0.0347,19.97,0.0,27.1,23.1,1781028153761771519
1781028153867897656,41,0,8,0,true,0.111,0.0002,909,8192,0.417,0.417,47.83,0.417,0,0,0.0346,0.0346,19.96,0.0,27.1,23.1,1781028153842353421
1781028153967630754,41,0,8,0,true,0.111,0.0003,909,8192,0.415,0.415,47.83,0.415,0,0,0.0344,0.0344,19.84,0.0,27.1,23.1,1781028153965129043
1781028154067576023,41,0,8,0,true,0.111,0.0002,909,8192,0.417,0.417,47.83,0.417,0,0,0.0346,0.0346,19.96,0.0,27.1,23.1,1781028154049365362
1781028154167368405,41,0,8,0,true,0.111,0.0003,909,8192,0.418,0.418,47.83,0.418,0,0,0.0347,0.0347,19.97,0.0,27.1,23.1,1781028154164870032
1781028154268836777,41,0,8,0,true,0.1111,0.0002,909,8192,0.417,0.417,47.83,0.417,0,0,0.0346,0.0346,19.96,0.0,27.1,23.1,1781028154254583638
1781028154367500664,41,0,8,0,true,0.1111,0.0002,910,8192,0.417,0.417,47.83,0.417,0,0,0.0346,0.0346,19.96,0.0,27.1,23.1,1781028154352540377
1781028154467514448,41,0,8,0,true,0.1111,0.0001,910,8192,0.417,0.417,47.83,0.417,0,0,0.0346,0.0346,19.95,0.0,27.1,23.1,1781028154464735040
1781028154568434718,41,0,8,0,true,0.1111,0.0001,910,8192,0.415,0.415,47.83,0.415,0,0,0.0344,0.0344,19.84,0.0,27.1,23.1,1781028154560766854
1781028154667438421,41,0,8,0,true,0.1111,0.0002,910,8192,0.417,0.417,47.83,0.417,0,0,0.0346,0.0346,19.96,0.0,27.1,23.1,1781028154663985301
1781028154767802340,41,0,8,0,true,0.1112,0.0002,910,8192,0.415,0.415,47.83,0.415,0,0,0.0345,0.0345,19.87,0.0,27.1,23.1,1781028154758298788
1781028154867788694,41,0,8,0,true,0.1112,0.0002,910,8192,0.417,0.417,47.83,0.417,0,0,0.0347,0.0347,19.97,0.0,27.1,23.1,1781028154843515793
1781028154968134561,41,0,8,0,true,0.1112,0.0002,911,8192,0.415,0.415,47.83,0.415,0,0,0.0345,0.0345,19.87,0.0,27.1,23.1,1781028154966873856
1781028155067815914,41,0,8,0,true,0.1112,0.0001,911,8192,0.418,0.418,47.83,0.418,0,0,0.0347,0.0347,19.98,0.0,27.1,23.1,1781028155048183236
1781028155168256030,41,0,8,0,true,0.1113,0.0001,911,8192,0.417,0.417,47.83,0.417,0,0,0.0346,0.0346,19.94,0.0,27.1,23.1,1781028155151318495
1781028155268384589,41,0,8,0,true,0.1113,0.0001,911,8192,0.418,0.418,47.83,0.418,0,0,0.0347,0.0347,19.97,0.0,27.1,23.1,1781028155258690713
1781028155367954880,41,0,8,0,true,0.1113,0.0002,911,8192,0.417,0.417,47.83,0.417,0,0,0.0346,0.0346,19.95,0.0,27.1,23.1,1781028155352432101
1781028155468621377,41,0,8,0,true,0.1113,0.0002,911,8192,0.418,0.418,47.83,0.418,0,0,0.0347,0.0347,19.97,0.0,27.1,23.1,1781028155457494815
1781028155568066133,41,0,8,0,true,0.1113,0.0003,912,8192,0.418,0.418,47.83,0.418,0,0,0.0347,0.0347,19.97,0.0,27.1,23.1,1781028155552168905
1781028155667570902,41,0,8,0,true,0.1114,0.0003,912,8192,0.416,0.416,47.83,0.416,0,0,0.0345,0.0345,19.88,0.0,27.1,23.1,1781028155657839454
1781028155767523969,41,0,8,0,true,0.1114,0.0001,912,8192,0.417,0.417,47.83,0.417,0,0,0.0346,0.0346,19.95,0.0,27.1,23.1,1781028155756201446
1781028155867924987,41,0,8,0,true,0.1114,0.0002,912,8192,0.415,0.415,47.83,0.415,0,0,0.0345,0.0345,19.86,0.0,27.1,23.1,1781028155865304505
1781028155968256823,41,0,8,0,true,0.1114,0.0003,912,8192,0.415,0.415,47.83,0.415,0,0,0.0344,0.0344,19.83,0.0,27.1,23.1,1781028155958644876
1781028156068009847,41,0,8,0,true,0.1114,0.0002,912,8192,0.416,0.416,47.83,0.416,0,0,0.0345,0.0345,19.87,0.0,27.1,23.1,1781028156060463378
1781028156168245743,41,0,8,0,true,0.1115,0.0002,913,8192,0.417,0.417,47.83,0.417,0,0,0.0346,0.0346,19.96,0.0,27.1,23.1,1781028156158788255
1781028156269569761,41,0,8,0,true,0.1115,0.0003,913,8192,0.416,0.416,47.83,0.416,0,0,0.0345,0.0345,19.89,0.0,27.1,23.1,1781028156262750734
1781028156368043075,41,0,8,0,true,0.1115,0.0003,913,8192,0.415,0.415,47.83,0.415,0,0,0.0344,0.0344,19.83,0.0,27.1,23.1,1781028156360628940
1781028156468929528,41,0,8,0,true,0.1115,0.0003,913,8192,0.415,0.415,47.83,0.415,0,0,0.0344,0.0344,19.84,0.0,27.1,23.1,1781028156439265379
1781028156567279780,41,0,8,0,true,0.1116,0.0001,913,8192,0.417,0.417,47.83,0.417,0,0,0.0346,0.0346,19.96,0.0,27.1,23.1,1781028156547882097
1781028156667661018,41,0,8,0,true,0.1116,0.0002,914,8192,0.417,0.417,47.83,0.417,0,0,0.0346,0.0346,19.96,0.0,27.1,23.1,1781028156653414320
1781028156767449384,41,0,8,0,true,0.1116,0.0002,914,8192,0.415,0.415,47.83,0.415,0,0,0.0345,0.0345,19.86,0.0,27.1,23.1,1781028156749644363
1781028156867543649,41,0,8,0,true,0.1116,0.0002,914,8192,0.415,0.415,47.83,0.415,0,0,0.0345,0.0345,19.87,0.0,27.1,23.1,1781028156857170305
1781028156967977975,41,0,8,0,true,0.1116,0.0001,914,8192,0.415,0.415,47.83,0.415,0,0,0.0345,0.0345,19.85,0.0,27.1,23.1,1781028156956533764
1781028157068575342,41,0,8,0,true,0.1117,0.0002,914,8192,0.415,0.415,47.83,0.415,0,0,0.0345,0.0345,19.87,0.0,27.1,23.1,1781028157059032909
1781028157167907070,41,0,8,0,true,0.1117,0.0001,914,8192,0.416,0.416,47.83,0.416,0,0,0.0346,0.0346,19.92,0.0,27.1,23.1,1781028157155351879
1781028157270543147,41,0,8,0,true,0.1117,0.0001,914,8192,0.416,0.416,47.83,0.416,0,0,0.0345,0.0345,19.89,0.0,27.1,23.1,1781028157256690806
1781028157367715018,41,0,8,0,true,0.1117,0.0001,914,8192,0.417,0.417,47.83,0.417,0,0,0.0346,0.0346,19.94,0.0,27.1,23.1,1781028157353315658
1781028157471693122,41,0,8,0,true,0.1117,0.0,915,8192,0.416,0.416,47.83,0.416,0,0,0.0345,0.0345,19.9,0.0,27.1,23.1,1781028157460417662
1781028157567440433,41,0,8,0,true,0.1117,0.0,915,8192,0.417,0.417,47.83,0.417,0,0,0.0346,0.0346,19.92,0.0,27.1,23.1,1781028157561892990
1781028157667969928,41,0,8,0,true,0.1117,0.0,915,8192,0.416,0.416,47.83,0.416,0,0,0.0346,0.0346,19.92,0.0,27.1,23.1,1781028157635979144
1781028157767410551,41,0,8,0,true,0.1117,0.0,915,8192,0.416,0.416,47.83,0.416,0,0,0.0346,0.0346,19.92,0.0,27.1,23.1,1781028157763032736
1781028157867451745,41,0,8,0,true,0.1117,0.0,915,8192,0.416,0.416,47.83,0.416,0,0,0.0346,0.0346,19.92,0.0,27.1,23.1,1781028157845715305
1781028157967738893,41,0,8,0,true,0.1117,0.0,915,8192,0.416,0.416,47.83,0.416,0,0,0.0346,0.0346,19.92,0.0,27.1,23.1,1781028157965297321
1781028158067914582,41,0,8,0,true,0.1117,0.0,915,8192,0.416,0.416,47.83,0.416,0,0,0.0346,0.0346,19.92,0.0,27.1,23.1,1781028158047260987
1781028158168008831,41,0,8,0,true,0.1117,0.0,915,8192,0.416,0.416,47.83,0.416,0,0,0.0346,0.0346,19.92,0.0,27.1,23.1,1781028158162676984
1781028158267272980,41,0,8,0,true,0.1117,0.0,915,8192,0.416,0.416,47.83,0.416,0,0,0.0346,0.0346,19.92,0.0,27.1,23.1,1781028158267232140
1781028158367455137,41,0,8,0,true,0.1117,0.0,915,8192,0.416,0.416,47.83,0.416,0,0,0.0346,0.0346,19.92,0.0,27.1,23.1,1781028158365110556
1781028158467849827,41,0,8,0,true,0.1117,0.0,915,8192,0.416,0.416,47.83,0.416,0,0,0.0346,0.0346,19.92,0.0,27.1,23.1,1781028158445880547
1781028158568328547,41,0,8,0,true,0.1117,0.0,915,8192,0.416,0.416,47.83,0.416,0,0,0.0346,0.0346,19.92,0.0,27.1,23.1,1781028158564501257
1781028158668418486,41,0,8,0,true,0.1117,0.0,915,8192,0.416,0.416,47.83,0.416,0,0,0.0346,0.0346,19.92,0.0,27.1,23.1,1781028158644333462
1781028158768229404,41,0,8,0,true,0.1117,0.0,915,8192,0.416,0.416,47.83,0.416,0,0,0.0346,0.0346,19.92,0.0,27.1,23.1,1781028158764889941
1781028158868228752,41,0,8,0,true,0.1117,0.0,915,8192,0.416,0.416,47.83,0.416,0,0,0.0346,0.0346,19.92,0.0,27.1,23.1,1781028158846588084
1781028158967560838,41,0,8,0,true,0.1117,0.0,915,8192,0.416,0.416,47.83,0.416,0,0,0.0346,0.0346,19.92,0.0,27.1,23.1,1781028158966289807
1781028159068605959,41,0,8,0,true,0.1117,0.0,915,8192,0.416,0.416,47.83,0.416,0,0,0.0346,0.0346,19.92,0.0,27.1,23.1,1781028159049231616
1781028159168071630,41,0,8,0,true,0.1117,0.0,915,8192,0.416,0.416,47.83,0.416,0,0,0.0346,0.0346,19.92,0.0,27.1,23.1,1781028159149332673
1781028159268549558,41,0,8,0,true,0.1117,0.0,915,8192,0.416,0.416,47.83,0.416,0,0,0.0346,0.0346,19.92,0.0,27.1,23.1,1781028159252148333
1781028159368038392,41,0,8,0,true,0.1117,0.0,915,8192,0.416,0.416,47.83,0.416,0,0,0.0346,0.0346,19.92,0.0,27.1,23.1,1781028159350363369
1781028159468250297,41,0,8,0,true,0.1117,0.0,915,8192,0.416,0.416,47.83,0.416,0,0,0.0346,0.0346,19.92,0.0,27.1,23.1,1781028159439269864
1781028159568382659,41,0,8,0,true,0.1117,0.0,915,8192,0.416,0.416,47.83,0.416,0,0,0.0346,0.0346,19.92,0.0,27.1,23.1,1781028159543511170
1781028159667396011,41,0,8,0,true,0.1117,0.0,915,8192,0.416,0.416,47.83,0.416,0,0,0.0346,0.0346,19.92,0.0,27.1,23.1,1781028159649510329
1781028159767877395,41,0,8,0,true,0.1117,0.0,915,8192,0.416,0.416,47.83,0.416,0,0,0.0346,0.0346,19.92,0.0,27.1,23.1,1781028159745285106
1781028159867893916,41,0,8,0,true,0.1117,0.0,915,8192,0.416,0.416,47.83,0.416,0,0,0.0346,0.0346,19.92,0.0,27.1,23.1,1781028159853903759
1781028159967899370,41,0,8,0,true,0.1117,0.0,915,8192,0.416,0.416,47.83,0.416,0,0,0.0346,0.0346,19.92,0.0,27.1,23.1,1781028159950973733
1781028160068249866,41,0,8,0,true,0.1117,0.0,915,8192,0.416,0.416,47.83,0.416,0,0,0.0346,0.0346,19.92,0.0,27.1,23.1,1781028160052457137
1781028160167697595,41,0,8,0,true,0.1117,0.0,915,8192,0.416,0.416,47.83,0.416,0,0,0.0346,0.0346,19.92,0.0,27.1,23.1,1781028160156216537
1781028160267818322,41,0,8,0,true,0.1117,0.0,915,8192,0.416,0.416,47.83,0.416,0,0,0.0346,0.0346,19.92,0.0,27.1,23.1,1781028160248834368
1781028160368171259,41,0,8,0,true,0.1117,0.0,915,8192,0.416,0.416,47.83,0.416,0,0,0.0346,0.0346,19.92,0.0,27.1,23.1,1781028160350985310
1781028160467648553,41,0,8,0,true,0.1117,0.0,915,8192,0.416,0.416,47.83,0.416,0,0,0.0346,0.0346,19.92,0.0,27.1,23.1,1781028160468119106
1781028160567326524,41,0,8,0,true,0.1117,0.0,915,8192,0.416,0.416,47.83,0.416,0,0,0.0346,0.0346,19.92,0.0,27.1,23.1,1781028160567076948
1781028160668542569,41,0,8,0,true,0.1117,0.0,915,8192,0.416,0.416,47.83,0.416,0,0,0.0346,0.0346,19.92,0.0,27.1,23.1,1781028160643437291
1781028160767652569,41,0,8,0,true,0.1117,0.0,915,8192,0.416,0.416,47.83,0.416,0,0,0.0346,0.0346,19.92,0.0,27.1,23.1,1781028160762335243
1781028160871759398,41,0,8,0,true,0.1117,0.0,915,8192,0.416,0.416,47.83,0.416,0,0,0.0346,0.0346,19.92,0.0,27.1,23.1,1781028160848576916
1781028160972931054,41,0,8,0,true,0.1117,0.0,915,8192,0.416,0.416,47.83,0.416,0,0,0.0346,0.0346,19.92,0.0,27.1,23.1,1781028160967582140
1781028161073201828,41,0,8,0,true,0.1117,0.0,915,8192,0.416,0.416,47.83,0.416,0,0,0.0346,0.0346,19.92,0.0,27.1,23.1,1781028161048183461
1781028161172783946,41,0,8,0,true,0.1117,0.0,915,8192,0.416,0.416,47.83,0.416,0,0,0.0346,0.0346,19.92,0.0,27.1,23.1,1781028161169314432
1781028161274970644,41,0,8,0,true,0.1117,0.0,915,8192,0.416,0.416,47.83,0.416,0,0,0.0346,0.0346,19.92,0.0,27.1,23.1,1781028161250115350
1781028161373054156,41,0,8,0,true,0.1117,0.0,915,8192,0.416,0.416,47.83,0.416,0,0,0.0346,0.0346,19.92,0.0,27.1,23.1,1781028161371780752
1781028161476574747,41,0,8,0,true,0.1117,0.0,915,8192,0.416,0.416,47.83,0.416,0,0,0.0346,0.0346,19.92,0.0,27.1,23.1,1781028161475456048
1781028161572447371,41,0,8,0,true,0.1117,0.0,915,8192,0.416,0.416,47.83,0.416,0,0,0.0346,0.0346,19.92,0.0,27.1,23.1,1781028161554920346
1781028161672540774,41,0,8,0,true,0.1117,0.0,915,8192,0.416,0.416,47.83,0.416,0,0,0.0346,0.0346,19.92,0.0,27.1,23.1,1781028161654748900
1781028161772563028,41,0,8,0,true,0.1117,0.0,915,8192,0.416,0.416,47.83,0.416,0,0,0.0346,0.0346,19.92,0.0,27.1,23.1,1781028161755191828
1781028161873033056,41,0,8,0,true,0.1117,0.0,915,8192,0.416,0.416,47.83,0.416,0,0,0.0346,0.0346,19.92,0.0,27.1,23.1,1781028161863253677
1781028161972566942,41,0,8,0,true,0.1117,0.0,915,8192,0.416,0.416,47.83,0.416,0,0,0.0346,0.0346,19.92,0.0,27.1,23.1,1781028161953083150
1781028162076123682,41,0,8,0,true,0.1117,0.0,915,8192,0.416,0.416,47.83,0.416,0,0,0.0346,0.0346,19.92,0.0,27.1,23.1,1781028162058187703
1781028162173163213,41,0,8,0,true,0.1117,0.0,915,8192,0.416,0.416,47.83,0.416,0,0,0.0346,0.0346,19.92,0.0,27.1,23.1,1781028162157732284
1781028162272909187,41,0,8,0,true,0.1117,0.0,915,8192,0.416,0.416,47.83,0.416,0,0,0.0346,0.0346,19.92,0.0,27.1,23.1,1781028162259499836
1781028162373213099,41,0,8,0,true,0.1117,0.0,915,8192,0.416,0.416,47.83,0.416,0,0,0.0346,0.0346,19.92,0.0,27.1,23.1,1781028162356711955
1781028162474797377,41,0,8,0,true,0.1117,0.0,915,8192,0.416,0.416,47.83,0.416,0,0,0.0346,0.0346,19.92,0.0,27.1,23.1,1781028162461077161
1781028162572418153,41,0,8,0,true,0.1117,0.0,915,8192,0.416,0.416,47.83,0.416,0,0,0.0346,0.0346,19.92,0.0,27.1,23.1,1781028162556951793
1781028162674614592,41,0,8,0,true,0.1117,0.0,915,8192,0.416,0.416,47.83,0.416,0,0,0.0346,0.0346,19.92,0.0,27.1,23.1,1781028162662484657
1781028162773196704,41,0,8,0,true,0.1117,0.0,915,8192,0.416,0.416,47.83,0.416,0,0,0.0346,0.0346,19.92,0.0,27.1,23.1,1781028162761782794
1781028162873139529,41,0,8,0,true,0.1117,0.0,915,8192,0.416,0.416,47.83,0.416,0,0,0.0346,0.0346,19.92,0.0,27.1,23.1,1781028162868302465
1781028162972972712,41,0,8,0,true,0.1117,0.0,915,8192,0.416,0.416,47.83,0.416,0,0,0.0346,0.0346,19.92,0.0,27.1,23.1,1781028162961674054
1781028163073059361,41,0,8,0,true,0.1117,0.0,915,8192,0.416,0.416,47.83,0.416,0,0,0.0346,0.0346,19.92,0.0,27.1,23.1,1781028163068483085
1781028163173002901,41,0,8,0,true,0.1117,0.0,915,8192,0.416,0.416,47.83,0.416,0,0,0.0346,0.0346,19.92,0.0,27.1,23.1,1781028163165671416
1781028163272242609,41,0,8,0,true,0.1117,0.0,915,8192,0.416,0.416,47.83,0.416,0,0,0.0346,0.0346,19.92,0.0,27.1,23.1,1781028163246467520
1781028163373105896,41,0,8,0,true,0.1117,0.0,915,8192,0.417,0.417,47.83,0.417,0,0,0.0346,0.0346,19.92,0.0,27.1,23.1,1781028163371673332
1781028163473032518,41,0,8,0,true,0.1117,0.0,915,8192,0.417,0.417,47.83,0.417,0,0,0.0346,0.0346,19.92,0.0,27.1,23.1,1781028163454351420
1781028163573323761,41,0,8,0,true,0.1117,0.0,915,8192,0.417,0.417,47.83,0.417,0,0,0.0346,0.0346,19.92,0.0,27.1,23.1,1781028163568506863
1781028163672983015,41,0,8,0,true,0.1117,0.0,915,8192,0.417,0.417,47.83,0.417,0,0,0.0346,0.0346,19.92,0.0,27.1,23.1,1781028163649293822
1781028163772401224,41,0,8,0,true,0.1117,0.0,915,8192,0.417,0.417,47.83,0.417,0,0,0.0346,0.0346,19.92,0.0,27.1,23.1,1781028163769097842
1781028163872803103,41,0,8,0,true,0.1117,0.0,915,8192,0.417,0.417,47.83,0.417,0,0,0.0346,0.0346,19.92,0.0,27.1,23.1,1781028163849644983
1781028163972982137,41,0,8,0,true,0.1117,0.0,915,8192,0.417,0.417,47.83,0.417,0,0,0.0346,0.0346,19.92,0.0,27.1,23.1,1781028163970503168
1781028164072782720,41,0,8,0,true,0.1117,0.0,915,8192,0.417,0.417,47.83,0.417,0,0,0.0346,0.0346,19.92,0.0,27.1,23.1,1781028164051101101
1781028164172705600,41,0,8,0,true,0.1117,0.0,915,8192,0.417,0.417,47.83,0.417,0,0,0.0346,0.0346,19.92,0.0,27.1,23.1,1781028164171356974
1781028164272820949,41,0,8,0,true,0.1117,0.0,915,8192,0.417,0.417,47.83,0.417,0,0,0.0346,0.0346,19.92,0.0,27.1,23.1,1781028164258317382
1781028164373144782,41,0,8,0,true,0.1117,0.0,915,8192,0.417,0.417,47.83,0.417,0,0,0.0346,0.0346,19.92,0.0,27.1,23.1,1781028164371897589
1781028164472534032,41,0,8,0,true,0.1117,0.0,915,8192,0.417,0.417,47.83,0.417,0,0,0.0346,0.0346,19.92,0.0,27.1,23.1,1781028164461951208
1781028164572723327,41,0,8,0,true,0.1117,0.0,915,8192,0.417,0.417,47.82,0.417,0,0,0.0346,0.0346,19.92,0.0,27.1,23.1,1781028164558227284
1781028164674712981,41,0,8,0,true,0.1117,0.0,915,8192,0.417,0.417,47.82,0.417,0,0,0.0346,0.0346,19.92,0.0,27.1,23.1,1781028164661329936
1781028164772396756,41,0,8,0,true,0.1117,0.0,915,8192,0.417,0.417,47.82,0.417,0,0,0.0346,0.0346,19.92,0.0,27.1,23.1,1781028164772842818
1781028164872463369,41,0,8,0,true,0.1117,0.0,915,8192,0.417,0.417,47.82,0.417,0,0,0.0346,0.0346,19.92,0.0,27.1,23.1,1781028164859776767
1781028164973099942,41,0,8,0,true,0.1117,0.0,915,8192,0.416,0.416,47.82,0.416,0,0,0.0346,0.0346,19.91,0.0,27.1,23.1,1781028164973651071
1781028165073282795,41,0,8,0,true,0.1117,0.0,915,8192,0.416,0.416,47.82,0.416,0,0,0.0346,0.0346,19.92,0.0,27.1,23.1,1781028165056612454
1781028165172523321,41,0,8,0,true,0.1117,0.0,915,8192,0.417,0.417,47.82,0.417,0,0,0.0346,0.0346,19.92,0.0,27.1,23.1,1781028165157118072
1781028165272536849,41,0,8,0,true,0.1117,0.0,915,8192,0.417,0.417,47.82,0.417,0,0,0.0346,0.0346,19.95,0.0,27.1,23.1,1781028165257781397
1781028165372613281,41,0,8,0,true,0.1117,0.0,915,8192,0.417,0.417,47.82,0.417,0,0,0.0346,0.0346,19.94,0.0,27.1,23.1,1781028165355328018
1781028165473913302,41,0,8,0,true,0.1117,0.0,915,8192,0.417,0.417,47.82,0.417,0,0,0.0346,0.0346,19.94,0.0,27.1,23.1,1781028165460783050
1781028165573104463,41,0,8,0,true,0.1117,0.0,915,8192,0.417,0.417,47.82,0.417,0,0,0.0346,0.0346,19.94,0.0,27.1,23.1,1781028165556808229
1781028165672735472,41,0,8,0,true,0.1117,0.0,915,8192,0.417,0.417,47.82,0.417,0,0,0.0346,0.0346,19.96,0.0,27.1,23.1,1781028165643749784
1781028165772719341,41,0,8,0,true,0.1117,0.0,915,8192,0.417,0.417,47.82,0.417,0,0,0.0346,0.0346,19.94,0.0,27.1,23.1,1781028165770287896
1781028165873357678,41,0,8,0,true,0.1117,0.0,915,8192,0.417,0.417,47.82,0.417,0,0,0.0346,0.0346,19.94,0.0,27.1,23.1,1781028165870285811
1781028165972443308,41,0,8,0,true,0.1117,0.0002,915,8192,0.419,0.419,47.82,0.419,0,0,0.0348,0.0348,20.03,0.0,27.1,23.1,1781028165965045552
1781028166073012338,41,0,8,0,true,0.1117,0.0,915,8192,0.418,0.418,47.82,0.418,0,0,0.0347,0.0347,19.97,0.0,27.1,23.1,1781028166045905428
1781028166173054919,41,0,8,0,true,0.1117,0.0,915,8192,0.417,0.417,47.82,0.417,0,0,0.0346,0.0346,19.94,0.0,27.1,23.1,1781028166170653129
1781028166272801555,41,0,8,0,true,0.1117,0.0,915,8192,0.417,0.417,47.82,0.417,0,0,0.0346,0.0346,19.93,0.0,27.1,23.1,1781028166271352030
1781028166373274954,41,0,8,0,true,0.1117,0.0,915,8192,0.417,0.417,47.82,0.417,0,0,0.0346,0.0346,19.93,0.0,27.1,23.1,1781028166368961788
1781028166472793675,41,0,8,0,true,0.1117,0.0,915,8192,0.417,0.417,47.82,0.417,0,0,0.0346,0.0346,19.93,0.0,27.1,23.1,1781028166471062419
1781028166573206178,41,0,8,0,true,0.1117,0.0,915,8192,0.417,0.417,47.82,0.417,0,0,0.0346,0.0346,19.92,0.0,27.1,23.1,1781028166567451801
1781028166672312981,41,0,8,0,true,0.1117,0.0,915,8192,0.417,0.417,47.82,0.417,0,0,0.0346,0.0346,19.92,0.0,27.1,23.1,1781028166654130323
1781028166773269083,41,0,8,0,true,0.1117,0.0,915,8192,0.418,0.418,47.82,0.418,0,0,0.0347,0.0347,20.0,0.0,27.1,23.1,1781028166767947648
1781028166872328857,41,0,8,0,true,0.1117,0.0,915,8192,0.418,0.418,47.82,0.418,0,0,0.0347,0.0347,19.97,0.0,27.1,23.1,1781028166849199791
1781028166973235316,41,0,8,0,true,0.1117,0.0,915,8192,0.416,0.416,47.82,0.416,0,0,0.0345,0.0345,19.89,0.0,27.1,23.1,1781028166954705135
1781028167072352152,41,0,8,0,true,0.1117,0.0,915,8192,0.416,0.416,47.82,0.416,0,0,0.0346,0.0346,19.91,0.0,27.1,23.1,1781028167072772084
1781028167172386370,41,0,8,0,true,0.1117,0.0001,915,8192,0.419,0.419,47.82,0.419,0,0,0.0348,0.0348,20.05,0.0,27.1,23.1,1781028167171021788
1781028167272757598,41,0,8,0,true,0.1117,0.0,915,8192,0.418,0.418,47.82,0.418,0,0,0.0347,0.0347,19.98,0.0,27.1,23.1,1781028167250014942
1781028167372972282,41,0,8,0,true,0.1117,0.0,915,8192,0.416,0.416,47.82,0.416,0,0,0.0345,0.0345,19.87,0.0,27.1,23.1,1781028167371729330
1781028167473092154,41,0,8,0,true,0.1117,0.0,915,8192,0.416,0.416,47.82,0.416,0,0,0.0345,0.0345,19.9,0.0,27.1,23.1,1781028167452391262
1781028167573013325,41,0,8,0,true,0.1117,0.0,915,8192,0.416,0.416,47.82,0.416,0,0,0.0346,0.0346,19.91,0.0,27.1,23.1,1781028167554544796
1781028167673733105,41,0,8,0,true,0.1118,0.0,915,8192,0.418,0.418,47.82,0.418,0,0,0.0347,0.0347,19.99,0.0,27.1,23.1,1781028167660213010
1781028167773263772,41,0,8,0,true,0.1118,0.0,915,8192,0.417,0.417,47.82,0.417,0,0,0.0346,0.0346,19.96,0.0,27.1,23.1,1781028167754803971
1781028167874423575,41,0,8,0,true,0.1118,0.0,915,8192,0.416,0.416,47.82,0.416,0,0,0.0345,0.0345,19.89,0.0,27.1,23.1,1781028167860325429
1781028167972735219,41,0,8,0,true,0.1118,0.0,915,8192,0.416,0.416,47.82,0.416,0,0,0.0346,0.0346,19.91,0.0,27.1,23.1,1781028167956202406
1781028168072554410,41,0,8,0,true,0.1118,0.0,915,8192,0.419,0.419,47.82,0.419,0,0,0.0347,0.0347,20.02,0.0,27.1,23.1,1781028168064241726
1781028168172415508,41,0,8,0,true,0.1118,0.0,915,8192,0.417,0.417,47.82,0.417,0,0,0.0346,0.0346,19.96,0.0,27.1,23.1,1781028168161122165
1781028168274829863,41,0,8,0,true,0.1118,0.0,915,8192,0.415,0.415,47.82,0.415,0,0,0.0345,0.0345,19.86,0.0,27.1,23.1,1781028168266510126
1781028168372786290,41,0,8,0,true,0.1118,0.0,915,8192,0.416,0.416,47.82,0.416,0,0,0.0345,0.0345,19.9,0.0,27.1,23.1,1781028168364433396
1781028168472344212,41,0,8,0,true,0.1118,0.0003,915,8192,0.416,0.416,47.82,0.416,0,0,0.0346,0.0346,19.91,0.0,27.1,23.1,1781028168450554015
1781028168573001843,41,0,8,0,true,0.1118,0.0,915,8192,0.418,0.418,47.82,0.418,0,0,0.0347,0.0347,19.97,0.0,27.1,23.1,1781028168571576495
1781028168673713954,41,0,8,0,true,0.1118,0.0,915,8192,0.417,0.417,47.82,0.417,0,0,0.0346,0.0346,19.96,0.0,27.1,23.1,1781028168651188562
1781028168772439786,41,0,8,0,true,0.1118,0.0,915,8192,0.416,0.416,47.82,0.416,0,0,0.0345,0.0345,19.88,0.0,27.1,23.1,1781028168770952820
1781028168873025150,41,0,8,0,true,0.1118,0.0,915,8192,0.416,0.416,47.82,0.416,0,0,0.0345,0.0345,19.9,0.0,27.1,23.1,1781028168853184193
1781028168972332931,41,0,8,0,true,0.1118,0.0,915,8192,0.418,0.418,47.82,0.418,0,0,0.0347,0.0347,20.01,0.0,27.1,23.1,1781028168956691715
1781028169075764424,41,0,8,0,true,0.1118,0.0,915,8192,0.417,0.417,47.82,0.417,0,0,0.0346,0.0346,19.96,0.0,27.1,23.1,1781028169059272634
1781028169172667308,41,0,8,0,true,0.1118,0.0,915,8192,0.417,0.417,47.82,0.417,0,0,0.0346,0.0346,19.95,0.0,27.1,23.1,1781028169161217483
1781028169273709051,41,0,8,0,true,0.1118,0.0,915,8192,0.416,0.416,47.82,0.416,0,0,0.0345,0.0345,19.89,0.0,27.1,23.1,1781028169257349353
1781028169373177539,41,0,8,0,true,0.1118,0.0002,916,8192,0.418,0.418,47.82,0.418,0,0,0.0347,0.0347,19.99,0.0,27.1,23.1,1781028169366744270
1781028169473701517,41,0,8,0,true,0.1118,0.0,916,8192,0.418,0.418,47.82,0.418,0,0,0.0347,0.0347,19.98,0.0,27.1,23.1,1781028169463921761
1781028169572404866,41,0,8,0,true,0.1118,0.0,916,8192,0.417,0.417,47.82,0.417,0,0,0.0346,0.0346,19.95,0.0,27.1,23.1,1781028169559993419
1781028169673757686,41,0,8,0,true,0.1118,0.0,916,8192,0.415,0.415,47.82,0.415,0,0,0.0344,0.0344,19.84,0.0,27.1,23.1,1781028169666685283
1781028169773127358,41,0,8,0,true,0.1118,0.0,916,8192,0.416,0.416,47.82,0.416,0,0,0.0345,0.0345,19.9,0.0,27.1,23.1,1781028169760846566
1781028169873489758,41,0,8,0,true,0.1118,0.0001,916,8192,0.419,0.419,47.82,0.419,0,0,0.0348,0.0348,20.04,0.0,27.1,23.1,1781028169868451332
1781028169972764823,41,0,8,0,true,0.1118,0.0,916,8192,0.417,0.417,47.82,0.417,0,0,0.0346,0.0346,19.96,0.0,27.1,23.1,1781028169962381520
1781028170072877100,41,0,8,0,true,0.1118,0.0,916,8192,0.417,0.417,47.82,0.417,0,0,0.0346,0.0346,19.95,0.0,27.1,23.1,1781028170068960020
1781028170172674926,41,0,8,0,true,0.1118,0.0,916,8192,0.415,0.415,47.82,0.415,0,0,0.0344,0.0344,19.85,0.0,27.1,23.1,1781028170163366879
1781028170272378107,41,0,8,0,true,0.1118,0.0,916,8192,0.416,0.416,47.82,0.416,0,0,0.0345,0.0345,19.89,0.0,27.1,23.1,1781028170272577820
1781028170372340365,41,0,8,0,true,0.1119,0.0,916,8192,0.418,0.418,47.82,0.418,0,0,0.0347,0.0347,20.01,0.0,27.1,23.1,1781028170370945657
1781028170472245279,41,0,8,0,true,0.1119,0.0,916,8192,0.417,0.417,47.82,0.417,0,0,0.0346,0.0346,19.96,0.0,27.1,23.1,1781028170450488180
1781028170572523802,41,0,8,0,true,0.1119,0.0,916,8192,0.417,0.417,47.82,0.417,0,0,0.0346,0.0346,19.94,0.0,27.1,23.1,1781028170566883812
1781028170674769647,41,0,8,0,true,0.1119,0.0,916,8192,0.417,0.417,47.82,0.417,0,0,0.0346,0.0346,19.94,0.0,27.1,23.1,1781028170650022793
1781028170773294518,41,0,8,0,true,0.1119,0.0,916,8192,0.416,0.416,47.82,0.416,0,0,0.0345,0.0345,19.87,0.0,27.1,23.1,1781028170766998407
1781028170873105011,41,0,8,0,true,0.1119,0.0001,916,8192,0.418,0.418,47.82,0.418,0,0,0.0347,0.0347,20.0,0.0,27.1,23.1,1781028170868592883
1781028170973069252,41,0,8,0,true,0.1119,0.0,916,8192,0.418,0.418,47.82,0.418,0,0,0.0347,0.0347,19.97,0.0,27.1,23.1,1781028170962712979
1781028171073718384,41,0,8,0,true,0.1119,0.0,916,8192,0.417,0.417,47.82,0.417,0,0,0.0346,0.0346,19.95,0.0,27.1,23.1,1781028171067042606
1781028171172390260,41,0,8,0,true,0.1119,0.0,916,8192,0.417,0.417,47.82,0.417,0,0,0.0346,0.0346,19.94,0.0,27.1,23.1,1781028171163035915
1781028171274656090,41,0,8,0,true,0.1119,0.0,916,8192,0.417,0.417,47.82,0.417,0,0,0.0346,0.0346,19.94,0.0,27.1,23.1,1781028171269171397
1781028171372429829,41,0,8,0,true,0.1119,0.0,916,8192,0.416,0.416,47.82,0.416,0,0,0.0345,0.0345,19.88,0.0,27.1,23.1,1781028171367935645
1781028171472887364,41,0,8,0,true,0.1119,0.0001,916,8192,0.418,0.418,47.82,0.418,0,0,0.0347,0.0347,19.99,0.0,27.1,23.1,1781028171448635059
1781028171572868386,41,0,8,0,true,0.1119,0.0,916,8192,0.417,0.417,47.82,0.417,0,0,0.0346,0.0346,19.96,0.0,27.1,23.1,1781028171568442837
1781028171672317635,41,0,8,0,true,0.1119,0.0,916,8192,0.417,0.417,47.82,0.417,0,0,0.0346,0.0346,19.94,0.0,27.1,23.1,1781028171648346510
1781028171773191234,41,0,8,0,true,0.1119,0.0,916,8192,0.417,0.417,47.82,0.417,0,0,0.0346,0.0346,19.94,0.0,27.1,23.1,1781028171768894217
1781028171872574845,41,0,8,0,true,0.1119,0.0,916,8192,0.417,0.417,47.82,0.417,0,0,0.0346,0.0346,19.94,0.0,27.1,23.1,1781028171849033142
1781028171972577967,41,0,8,0,true,0.1119,0.0,916,8192,0.417,0.417,47.82,0.417,0,0,0.0346,0.0346,19.94,0.0,27.1,23.1,1781028171970059340
1781028172072951747,41,0,8,0,true,0.1119,0.0,916,8192,0.415,0.415,47.82,0.415,0,0,0.0344,0.0344,19.85,0.0,27.1,23.1,1781028172051176151
1781028172172998622,41,0,8,0,true,0.1119,0.0,916,8192,0.416,0.416,47.82,0.416,0,0,0.0345,0.0345,19.89,0.0,27.1,23.1,1781028172160556040
1781028172272791732,41,0,8,0,true,0.1119,0.0,916,8192,0.418,0.418,47.82,0.418,0,0,0.0347,0.0347,19.98,0.0,27.1,23.1,1781028172246994551
1781028172372307851,41,0,8,0,true,0.1119,0.0,916,8192,0.417,0.417,47.82,0.417,0,0,0.0346,0.0346,19.94,0.0,27.1,23.1,1781028172366017928
1781028172472227682,41,0,8,0,true,0.1119,0.0,916,8192,0.417,0.417,47.82,0.417,0,0,0.0346,0.0346,19.93,0.0,27.1,23.1,1781028172450725878
1781028172572964489,41,0,8,0,true,0.1119,0.0,916,8192,0.417,0.417,47.82,0.417,0,0,0.0346,0.0346,19.93,0.0,27.1,23.1,1781028172570542383
1781028172672481182,41,0,8,0,true,0.1119,0.0,916,8192,0.417,0.417,47.82,0.417,0,0,0.0346,0.0346,19.93,0.0,27.1,23.1,1781028172671346308
1781028172773019915,41,0,8,0,true,0.1119,0.0,916,8192,0.417,0.417,47.82,0.417,0,0,0.0346,0.0346,19.93,0.0,27.1,23.1,1781028172766767271
1781028172872249398,41,0,8,0,true,0.1119,0.0,916,8192,0.417,0.417,47.82,0.417,0,0,0.0346,0.0346,19.93,0.0,27.1,23.1,1781028172871705891
1781028172972832829,41,0,8,0,true,0.1119,0.0,916,8192,0.417,0.417,47.82,0.417,0,0,0.0346,0.0346,19.93,0.0,27.1,23.1,1781028172967537555
1781028173072252347,41,0,8,0,true,0.1119,0.0,916,8192,0.417,0.417,47.82,0.417,0,0,0.0346,0.0346,19.93,0.0,27.1,23.1,1781028173048559256
1781028173172498595,41,0,8,0,true,0.1119,0.0,916,8192,0.417,0.417,47.82,0.417,0,0,0.0346,0.0346,19.94,0.0,27.1,23.1,1781028173168177604
1781028173272847819,41,0,8,0,true,0.1119,0.0,916,8192,0.415,0.415,47.82,0.415,0,0,0.0344,0.0344,19.83,0.0,27.1,23.1,1781028173249498578
1781028173372512039,41,0,8,0,true,0.1119,0.0001,916,8192,0.418,0.418,47.82,0.418,0,0,0.0347,0.0347,19.99,0.0,27.1,23.1,1781028173369006633
1781028173472424920,41,0,8,0,true,0.1119,0.0,916,8192,0.417,0.417,47.82,0.417,0,0,0.0346,0.0346,19.96,0.0,27.1,23.1,1781028173469913229
1781028173572623679,41,0,8,0,true,0.1119,0.0,916,8192,0.417,0.417,47.82,0.417,0,0,0.0346,0.0346,19.93,0.0,27.1,23.1,1781028173572944760
1781028173675967417,41,0,8,0,true,0.1119,0.0,916,8192,0.417,0.417,47.82,0.417,0,0,0.0346,0.0346,19.93,0.0,27.1,23.1,1781028173653527851
1781028173773060232,41,0,8,0,true,0.1119,0.0,916,8192,0.417,0.417,47.82,0.417,0,0,0.0346,0.0346,19.92,0.0,27.1,23.1,1781028173757546185
1781028173873219193,41,0,8,0,true,0.1119,0.0,916,8192,0.417,0.417,47.82,0.417,0,0,0.0346,0.0346,19.92,0.0,27.1,23.1,1781028173864405028
1781028173972323132,41,0,8,0,true,0.1119,0.0,916,8192,0.416,0.416,47.82,0.416,0,0,0.0346,0.0346,19.92,0.0,27.1,23.1,1781028173959864865
1781028174073693979,41,0,8,0,true,0.1119,0.0,916,8192,0.416,0.416,47.82,0.416,0,0,0.0346,0.0346,19.91,0.0,27.1,23.1,1781028174061013417
1781028174173259746,41,0,8,0,true,0.1119,0.0,916,8192,0.416,0.416,47.82,0.416,0,0,0.0345,0.0345,19.9,0.0,27.1,23.1,1781028174161783340
1781028174273583739,41,0,8,0,true,0.1119,0.0,916,8192,0.416,0.416,47.82,0.416,0,0,0.0345,0.0345,19.9,0.0,27.1,23.1,1781028174262436185
1781028174372372818,41,0,8,0,true,0.1119,0.0,916,8192,0.416,0.416,47.82,0.416,0,0,0.0345,0.0345,19.89,0.0,27.1,23.1,1781028174359930693
1781028174476438633,41,0,8,0,true,0.1119,0.0003,916,8192,0.415,0.415,47.82,0.415,0,0,0.0345,0.0345,19.86,0.0,27.1,23.1,1781028174464746180
1781028174572816695,41,0,8,0,true,0.1119,0.0003,917,8192,0.416,0.416,47.82,0.416,0,0,0.0345,0.0345,19.87,0.0,27.1,23.1,1781028174563464444
1781028174674717185,41,0,8,0,true,0.112,0.0001,917,8192,0.415,0.415,47.82,0.415,0,0,0.0344,0.0344,19.85,0.0,27.1,23.1,1781028174668094403
1781028174772824736,41,0,8,0,true,0.112,0.0003,917,8192,0.415,0.415,47.82,0.415,0,0,0.0344,0.0344,19.83,0.0,27.1,23.1,1781028174763488314
1781028174873677699,41,0,8,0,true,0.112,0.0003,917,8192,0.415,0.415,47.82,0.415,0,0,0.0345,0.0345,19.85,0.0,27.1,23.1,1781028174867174081
1781028174972764015,41,0,8,0,true,0.112,0.0003,917,8192,0.418,0.418,47.82,0.418,0,0,0.0347,0.0347,19.98,0.0,27.1,23.1,1781028174964401978
1781028175074520811,41,0,8,0,true,0.1121,0.0003,917,8192,0.415,0.415,47.82,0.415,0,0,0.0344,0.0344,19.85,0.0,27.1,23.1,1781028175071344857
1781028175173126170,41,0,8,0,true,0.1121,0.0002,918,8192,0.418,0.418,47.82,0.418,0,0,0.0347,0.0347,19.97,0.0,27.1,23.1,1781028175169657803
1781028175273541318,41,0,8,0,true,0.1121,0.0003,918,8192,0.415,0.415,47.82,0.415,0,0,0.0345,0.0345,19.86,0.0,27.1,23.1,1781028175268285959
1781028175373042511,41,0,8,0,true,0.1121,0.0001,918,8192,0.415,0.415,47.82,0.415,0,0,0.0344,0.0344,19.85,0.0,27.1,23.1,1781028175367632177
1781028175472697347,41,0,8,0,true,0.1121,0.0002,918,8192,0.418,0.418,47.82,0.418,0,0,0.0347,0.0347,19.97,0.0,27.1,23.1,1781028175470880684
1781028175572963254,41,0,8,0,true,0.1122,0.0003,918,8192,0.418,0.418,47.82,0.418,0,0,0.0347,0.0347,19.98,0.0,27.1,23.1,1781028175567176199
1781028175673705570,41,0,8,0,true,0.1122,0.0003,918,8192,0.415,0.415,47.82,0.415,0,0,0.0345,0.0345,19.85,0.0,27.1,23.1,1781028175647242014
1781028175772558633,41,0,8,0,true,0.1122,0.0003,919,8192,0.415,0.415,47.82,0.415,0,0,0.0345,0.0345,19.85,0.0,27.1,23.1,1781028175768001222
1781028175872575235,41,0,8,0,true,0.1122,0.0003,919,8192,0.415,0.415,47.82,0.415,0,0,0.0345,0.0345,19.85,0.0,27.1,23.1,1781028175848166316
1781028175972612614,41,0,8,0,true,0.1123,0.0003,919,8192,0.415,0.415,47.82,0.415,0,0,0.0345,0.0345,19.85,0.0,27.1,23.1,1781028175973007712
1781028176079271822,41,0,8,0,true,0.1123,0.0003,919,8192,0.418,0.418,47.82,0.418,0,0,0.0347,0.0347,19.98,0.0,27.1,23.1,1781028176073865318
1781028176180363084,41,0,8,0,true,0.1123,0.0002,920,8192,0.418,0.418,47.82,0.418,0,0,0.0347,0.0347,19.97,0.0,27.1,23.1,1781028176171882773
1781028176280571971,41,0,8,0,true,0.1123,0.0003,920,8192,0.415,0.415,47.82,0.415,0,0,0.0344,0.0344,19.85,0.0,27.1,23.1,1781028176274701656
1781028176380828953,41,0,8,0,true,0.1124,0.0003,920,8192,0.418,0.418,47.82,0.418,0,0,0.0347,0.0347,19.98,0.0,27.1,23.1,1781028176372328606
1781028176481099921,41,0,8,0,true,0.1124,0.0001,920,8192,0.415,0.415,47.82,0.415,0,0,0.0344,0.0344,19.84,0.0,27.1,23.1,1781028176476068059
1781028176580965365,41,0,8,0,true,0.1124,0.0003,920,8192,0.418,0.418,47.82,0.418,0,0,0.0347,0.0347,19.98,0.0,27.1,23.1,1781028176574626160
1781028176680534714,41,0,8,0,true,0.1124,0.0003,920,8192,0.415,0.415,47.82,0.415,0,0,0.0344,0.0344,19.84,0.0,27.1,23.1,1781028176675067998
1781028176780384622,41,0,8,0,true,0.1125,0.0002,921,8192,0.417,0.417,47.82,0.417,0,0,0.0346,0.0346,19.96,0.0,27.1,23.1,1781028176772988466
1781028176881018492,41,0,8,0,true,0.1125,0.0003,921,8192,0.418,0.418,47.82,0.418,0,0,0.0347,0.0347,19.98,0.0,27.1,23.1,1781028176878408439
1781028176980987282,41,0,8,0,true,0.1125,0.0003,921,8192,0.418,0.418,47.82,0.418,0,0,0.0347,0.0347,19.97,0.0,27.1,23.1,1781028176973662111
1781028177081106466,41,0,8,0,true,0.1125,0.0003,921,8192,0.415,0.415,47.82,0.415,0,0,0.0344,0.0344,19.84,0.0,27.1,23.1,1781028177054882926
1781028177180277391,41,0,8,0,true,0.1126,0.0003,922,8192,0.415,0.415,47.82,0.415,0,0,0.0345,0.0345,19.85,0.0,27.1,23.1,1781028177180486140
1781028177280853976,41,0,8,0,true,0.1126,0.0003,922,8192,0.415,0.415,47.82,0.415,0,0,0.0344,0.0344,19.84,0.0,27.1,23.1,1781028177257598724
1781028177380868898,41,0,8,0,true,0.1126,0.0003,922,8192,0.418,0.418,47.82,0.418,0,0,0.0347,0.0347,19.97,0.0,27.1,23.1,1781028177377538495
1781028177480373134,41,0,8,0,true,0.1126,0.0003,922,8192,0.418,0.418,47.82,0.418,0,0,0.0347,0.0347,19.97,0.0,27.1,23.1,1781028177457294161
1781028177580316410,41,0,8,0,true,0.1127,0.0002,922,8192,0.417,0.417,47.82,0.417,0,0,0.0346,0.0346,19.95,0.0,27.1,23.1,1781028177578013873
1781028177680453462,41,0,8,0,true,0.1127,0.0003,923,8192,0.418,0.418,47.82,0.418,0,0,0.0347,0.0347,19.97,0.0,27.1,23.1,1781028177660569710
1781028177780755161,41,0,8,0,true,0.1127,0.0003,923,8192,0.415,0.415,47.82,0.415,0,0,0.0344,0.0344,19.84,0.0,27.1,23.1,1781028177779444715
1781028177880505551,41,0,8,0,true,0.1127,0.0,923,8192,0.415,0.415,47.82,0.415,0,0,0.0345,0.0345,19.86,0.0,27.1,23.1,1781028177862130824
1781028177980231772,41,0,8,0,true,0.1127,0.0001,923,8192,0.415,0.415,47.82,0.415,0,0,0.0344,0.0344,19.84,0.0,27.1,23.1,1781028177979903493
1781028178080834091,41,0,8,0,true,0.1127,0.0,923,8192,0.415,0.415,47.82,0.415,0,0,0.0345,0.0345,19.86,0.0,27.1,23.1,1781028178068887946
1781028178180688214,41,0,8,0,true,0.1128,0.0003,923,8192,0.417,0.417,47.82,0.417,0,0,0.0346,0.0346,19.95,0.0,27.1,23.1,1781028178181050951
1781028178280676210,41,0,8,0,true,0.1128,0.0,924,8192,0.415,0.415,47.82,0.415,0,0,0.0345,0.0345,19.86,0.0,27.1,23.1,1781028178263650269
1781028178380754892,41,0,8,0,true,0.1128,0.0,924,8192,0.419,0.419,47.82,0.419,0,0,0.0348,0.0348,20.04,0.0,27.1,23.1,1781028178363162665
1781028178480885570,41,0,8,0,true,0.1128,0.0001,924,8192,0.415,0.415,47.82,0.415,0,0,0.0344,0.0344,19.83,0.0,27.1,23.1,1781028178466846068
1781028178580525522,41,0,8,0,true,0.1129,0.0,924,8192,0.415,0.415,47.82,0.415,0,0,0.0345,0.0345,19.85,0.0,27.1,23.1,1781028178563832647
1781028178681042688,41,0,8,0,true,0.1129,0.0,924,8192,0.415,0.415,47.82,0.415,0,0,0.0345,0.0345,19.85,0.0,27.1,23.1,1781028178672965036
1781028178780829555,41,0,8,0,true,0.1129,0.0,924,8192,0.415,0.415,47.82,0.415,0,0,0.0345,0.0345,19.86,0.0,27.1,23.1,1781028178766300644
1781028178880638646,41,0,8,0,true,0.1129,0.0001,924,8192,0.409,0.409,47.82,0.409,0,0,0.0339,0.0339,19.56,0.0,27.1,23.1,1781028178873001311
1781028178980625489,41,0,8,0,true,0.1129,0.0002,925,8192,0.419,0.419,47.82,0.419,0,0,0.0348,0.0348,20.06,0.0,27.1,23.1,1781028178969092579
1781028179080949000,41,0,8,0,true,0.1129,0.0,925,8192,0.415,0.415,47.82,0.415,0,0,0.0345,0.0345,19.85,0.0,27.1,23.1,1781028179050732786
1781028179181094483,41,0,8,0,true,0.113,0.0003,925,8192,0.417,0.417,47.82,0.417,0,0,0.0347,0.0347,19.96,0.0,27.1,23.1,1781028179172586828
1781028179280501409,41,0,8,0,true,0.113,0.0002,925,8192,0.417,0.417,47.82,0.417,0,0,0.0346,0.0346,19.96,0.0,27.1,23.1,1781028179278038087
1781028179380373060,41,0,8,0,true,0.113,0.0,925,8192,0.415,0.415,47.82,0.415,0,0,0.0345,0.0345,19.85,0.0,27.1,23.1,1781028179372785066
1781028179480330480,41,0,8,0,true,0.113,0.0003,925,8192,0.417,0.417,47.82,0.417,0,0,0.0346,0.0346,19.96,0.0,27.1,23.1,1781028179479864116
1781028179580506755,41,0,8,0,true,0.113,0.0003,926,8192,0.414,0.414,47.82,0.414,0,0,0.0344,0.0344,19.81,0.0,27.1,23.1,1781028179577115106
1781028179681312241,41,0,8,0,true,0.1131,0.0,926,8192,0.415,0.415,47.82,0.415,0,0,0.0345,0.0345,19.85,0.0,27.1,23.1,1781028179664369859
1781028179780735024,41,0,8,0,true,0.1131,0.0001,926,8192,0.42,0.42,47.82,0.42,0,0,0.0349,0.0349,20.1,0.0,27.1,23.1,1781028179777316147
1781028179880563627,41,0,8,0,true,0.1131,0.0001,926,8192,0.419,0.419,47.82,0.419,0,0,0.0348,0.0348,20.05,0.0,27.1,23.1,1781028179881045342
1781028179980630051,41,0,8,0,true,0.1131,0.0003,926,8192,0.414,0.414,47.82,0.414,0,0,0.0344,0.0344,19.81,0.0,27.1,23.1,1781028179977293159
1781028180080824446,41,0,8,0,true,0.1131,0.0001,926,8192,0.416,0.416,47.82,0.416,0,0,0.0345,0.0345,19.87,0.0,27.1,23.1,1781028180058909651
1781028180180274379,41,0,8,0,true,0.1131,0.0,926,8192,0.415,0.415,47.82,0.415,0,0,0.0344,0.0344,19.84,0.0,27.1,23.1,1781028180179871128
1781028180280583657,41,0,8,0,true,0.1132,0.0,926,8192,0.419,0.419,47.82,0.419,0,0,0.0348,0.0348,20.02,0.0,27.1,23.1,1781028180268373839
1781028180380235113,41,0,8,0,true,0.1132,0.0,927,8192,0.419,0.419,47.82,0.419,0,0,0.0348,0.0348,20.03,0.0,27.1,23.1,1781028180380486456
1781028180480832357,41,0,8,0,true,0.1132,0.0003,927,8192,0.414,0.414,47.82,0.414,0,0,0.0344,0.0344,19.8,0.0,27.1,23.1,1781028180465587292
1781028180580534493,41,0,8,0,true,0.1132,0.0002,927,8192,0.417,0.417,47.82,0.417,0,0,0.0346,0.0346,19.93,0.0,27.1,23.1,1781028180580858440
1781028180680882122,41,0,8,0,true,0.1132,0.0,927,8192,0.415,0.415,47.82,0.415,0,0,0.0344,0.0344,19.84,0.0,27.1,23.1,1781028180667353373
1781028180780767030,41,0,8,0,true,0.1132,0.0,927,8192,0.419,0.419,47.82,0.419,0,0,0.0348,0.0348,20.03,0.0,27.1,23.1,1781028180762212799
1781028180880856591,41,0,8,0,true,0.1132,0.0,927,8192,0.419,0.419,47.82,0.419,0,0,0.0347,0.0347,20.02,0.0,27.1,23.1,1781028180867004894
1781028180980503343,41,0,8,0,true,0.1132,0.0,927,8192,0.419,0.419,47.82,0.419,0,0,0.0347,0.0347,20.02,0.0,27.1,23.1,1781028180962937174
1781028181080930760,41,0,8,0,true,0.1133,0.0002,927,8192,0.419,0.419,47.82,0.419,0,0,0.0348,0.0348,20.04,0.0,27.1,23.1,1781028181066806586
1781028181180534956,41,0,8,0,true,0.1133,0.0003,928,8192,0.417,0.417,47.82,0.417,0,0,0.0346,0.0346,19.94,0.0,27.1,23.1,1781028181163920926
1781028181281273633,41,0,8,0,true,0.1133,0.0,928,8192,0.415,0.415,47.82,0.415,0,0,0.0344,0.0344,19.84,0.0,27.1,23.1,1781028181270183640
1781028181380873286,41,0,8,0,true,0.1133,0.0,928,8192,0.415,0.415,47.82,0.415,0,0,0.0344,0.0344,19.84,0.0,27.1,23.1,1781028181366315781
1781028181481297099,41,0,8,0,true,0.1133,0.0002,928,8192,0.414,0.414,47.82,0.414,0,0,0.0343,0.0343,19.79,0.0,27.1,23.1,1781028181471567148
1781028181581134946,41,0,8,0,true,0.1134,0.0,928,8192,0.419,0.419,47.82,0.419,0,0,0.0347,0.0347,20.01,0.0,27.1,23.1,1781028181566299156
1781028181680769296,41,0,8,0,true,0.1134,0.0,928,8192,0.419,0.419,47.82,0.419,0,0,0.0347,0.0347,20.02,0.0,27.1,23.1,1781028181670561617
1781028181781246327,41,0,8,0,true,0.1134,0.0001,928,8192,0.419,0.419,47.82,0.419,0,0,0.0348,0.0348,20.05,0.0,27.1,23.1,1781028181767717151
1781028181880547469,41,0,8,0,true,0.1134,0.0001,928,8192,0.419,0.419,47.82,0.419,0,0,0.0348,0.0348,20.04,0.0,27.1,23.1,1781028181874563152
1781028181980714561,41,0,8,0,true,0.1134,0.0003,929,8192,0.417,0.417,47.82,0.417,0,0,0.0346,0.0346,19.93,0.0,27.1,23.1,1781028181969021421
1781028182080380395,41,0,8,0,true,0.1134,0.0,929,8192,0.415,0.415,47.82,0.415,0,0,0.0344,0.0344,19.84,0.0,27.1,23.1,1781028182074554251
1781028182180348976,41,0,8,0,true,0.1134,0.0,929,8192,0.415,0.415,47.82,0.415,0,0,0.0344,0.0344,19.83,0.0,27.1,23.1,1781028182170592945
1781028182280259209,41,0,8,0,true,0.1135,0.0,929,8192,0.415,0.415,47.82,0.415,0,0,0.0344,0.0344,19.83,0.0,27.1,23.1,1781028182279967627
1781028182381018030,41,0,8,0,true,0.1135,0.0001,929,8192,0.415,0.415,47.82,0.415,0,0,0.0345,0.0345,19.86,0.0,27.1,23.1,1781028182371434395
1781028182480342748,41,0,8,0,true,0.1135,0.0016,930,8192,0.418,0.418,47.82,0.418,0,0,0.0347,0.0347,20.0,0.0,27.1,23.1,1781028182478789556
1781028182580329229,41,0,8,0,true,0.1136,0.0,930,8192,0.418,0.418,47.82,0.418,0,0,0.0347,0.0347,20.01,0.0,27.1,23.1,1781028182572913973
1781028182680352639,41,0,8,0,true,0.1136,0.0,930,8192,0.419,0.419,47.82,0.419,0,0,0.0347,0.0347,20.02,0.0,27.1,23.1,1781028182676697446
1781028182780478997,41,0,8,0,true,0.1136,0.0,930,8192,0.419,0.419,47.82,0.419,0,0,0.0348,0.0348,20.05,0.0,27.1,23.1,1781028182778067709
1781028182880334885,41,0,8,0,true,0.1136,0.0002,930,8192,0.419,0.419,47.82,0.419,0,0,0.0348,0.0348,20.03,0.0,27.1,23.1,1781028182879352211
1781028182981062045,41,0,8,0,true,0.1136,0.0003,930,8192,0.416,0.416,47.82,0.416,0,0,0.0346,0.0346,19.91,0.0,27.1,23.1,1781028182978571045
1781028183081241007,41,0,8,0,true,0.1137,0.0,931,8192,0.415,0.415,47.82,0.415,0,0,0.0344,0.0344,19.83,0.0,27.1,23.1,1781028183079730173
1781028183180739759,41,0,8,0,true,0.1137,0.0,931,8192,0.415,0.415,47.82,0.415,0,0,0.0344,0.0344,19.83,0.0,27.1,23.1,1781028183173400509
1781028183280864556,41,0,8,0,true,0.1137,0.0001,931,8192,0.415,0.415,47.82,0.415,0,0,0.0345,0.0345,19.86,0.0,27.1,23.1,1781028183279526285
1781028183380441230,41,0,8,0,true,0.1137,0.0001,931,8192,0.408,0.408,47.82,0.408,0,0,0.0339,0.0339,19.52,0.0,27.1,23.1,1781028183374160367
1781028183480829396,41,0,8,0,true,0.1137,0.0001,931,8192,0.419,0.419,47.82,0.419,0,0,0.0348,0.0348,20.03,0.0,27.1,23.1,1781028183454862954
1781028183580679993,41,0,8,0,true,0.1137,0.0,931,8192,0.418,0.418,47.82,0.418,0,0,0.0347,0.0347,20.01,0.0,27.1,23.1,1781028183576271839
1781028183681117044,41,0,8,0,true,0.1137,0.0002,931,8192,0.419,0.419,47.82,0.419,0,0,0.0347,0.0347,20.02,0.0,27.1,23.1,1781028183676573798
1781028183781277753,41,0,8,0,true,0.1138,0.0003,931,8192,0.417,0.417,47.82,0.417,0,0,0.0346,0.0346,19.94,0.0,27.1,23.1,1781028183765670692
1781028183880630547,41,0,8,0,true,0.1138,0.0003,931,8192,0.414,0.414,47.82,0.414,0,0,0.0344,0.0344,19.82,0.0,27.1,23.1,1781028183874369336
1781028183981031920,41,0,8,0,true,0.1138,0.0,932,8192,0.415,0.415,47.82,0.415,0,0,0.0344,0.0344,19.83,0.0,27.1,23.1,1781028183973549464
1781028184080988033,41,0,8,0,true,0.1138,0.0,932,8192,0.415,0.415,47.82,0.415,0,0,0.0344,0.0344,19.82,0.0,27.1,23.1,1781028184076658569
1781028184180978641,41,0,8,0,true,0.1138,0.0001,932,8192,0.415,0.415,47.82,0.415,0,0,0.0345,0.0345,19.85,0.0,27.1,23.1,1781028184171428991
1781028184281011213,41,0,8,0,true,0.1138,0.0,932,8192,0.418,0.418,47.82,0.418,0,0,0.0347,0.0347,20.0,0.0,27.1,23.1,1781028184273963187
1781028184381088259,41,0,8,0,true,0.1138,0.0,932,8192,0.418,0.418,47.82,0.418,0,0,0.0347,0.0347,20.0,0.0,27.1,23.1,1781028184369621513
1781028184480550844,41,0,8,0,true,0.1138,0.0,932,8192,0.418,0.418,47.82,0.418,0,0,0.0347,0.0347,20.01,0.0,27.1,23.1,1781028184474097076
1781028184581058014,41,0,8,0,true,0.1138,0.0001,932,8192,0.419,0.419,47.82,0.419,0,0,0.0348,0.0348,20.04,0.0,27.1,23.1,1781028184572414558
1781028184680952306,41,0,8,0,true,0.1138,0.0003,932,8192,0.417,0.417,47.82,0.417,0,0,0.0346,0.0346,19.95,0.0,27.1,23.1,1781028184675329763
1781028184780333445,41,0,8,0,true,0.1139,0.0003,932,8192,0.414,0.414,47.82,0.414,0,0,0.0344,0.0344,19.81,0.0,27.1,23.1,1781028184771822203
1781028184880311970,41,0,8,0,true,0.1139,0.0,933,8192,0.414,0.414,47.82,0.414,0,0,0.0344,0.0344,19.82,0.0,27.1,23.1,1781028184876100513
1781028184980297104,41,0,8,0,true,0.1139,0.0001,933,8192,0.408,0.408,47.82,0.408,0,0,0.0339,0.0339,19.51,0.0,27.1,23.1,1781028184972868480
1781028185082020503,41,0,8,0,true,0.1139,0.0,933,8192,0.418,0.418,47.82,0.418,0,0,0.0347,0.0347,20.01,0.0,27.1,23.1,1781028185059575980
1781028185180391012,41,0,8,0,true,0.1139,0.0,933,8192,0.418,0.418,47.82,0.418,0,0,0.0347,0.0347,20.01,0.0,27.1,23.1,1781028185178962301
1781028185280228958,41,0,8,0,true,0.1139,0.0001,933,8192,0.419,0.419,47.82,0.419,0,0,0.0348,0.0348,20.04,0.0,27.1,23.1,1781028185279902642
1781028185380211706,41,0,8,0,true,0.114,0.0003,933,8192,0.414,0.414,47.82,0.414,0,0,0.0344,0.0344,19.81,0.0,27.1,23.1,1781028185379851633
1781028185480498240,41,0,8,0,true,0.114,0.0,933,8192,0.414,0.414,47.82,0.414,0,0,0.0344,0.0344,19.82,0.0,27.1,23.1,1781028185478889929
1781028185580650533,41,0,8,0,true,0.114,0.0016,933,8192,0.418,0.418,47.82,0.418,0,0,0.0347,0.0347,19.98,0.0,27.1,23.1,1781028185576332028
1781028185680253141,41,0,8,0,true,0.114,0.0,933,8192,0.418,0.418,47.82,0.418,0,0,0.0347,0.0347,20.0,0.0,27.1,23.1,1781028185679194573
1781028185780987766,41,0,8,0,true,0.114,0.0001,934,8192,0.419,0.419,47.82,0.419,0,0,0.0348,0.0348,20.04,0.0,27.1,23.1,1781028185777714760
1781028185880907100,41,0,8,0,true,0.114,0.0,934,8192,0.414,0.414,47.82,0.414,0,0,0.0344,0.0344,19.82,0.0,27.1,23.1,1781028185859404332
1781028185980490050,41,0,8,0,true,0.114,0.0,934,8192,0.414,0.414,47.82,0.414,0,0,0.0344,0.0344,19.81,0.0,27.1,23.1,1781028185977105692
1781028186080804889,41,0,8,0,true,0.114,0.0,934,8192,0.418,0.418,47.82,0.418,0,0,0.0347,0.0347,19.99,0.0,27.1,23.1,1781028186057928024
1781028186180367473,41,0,8,0,true,0.1141,0.0,934,8192,0.418,0.418,47.82,0.418,0,0,0.0347,0.0347,19.99,0.0,27.1,23.1,1781028186178089373
1781028186280826817,41,0,8,0,true,0.1141,0.0,934,8192,0.418,0.418,47.82,0.418,0,0,0.0347,0.0347,20.01,0.0,27.1,23.1,1781028186258558818
1781028186381207304,41,0,8,0,true,0.1141,0.0,934,8192,0.419,0.419,47.82,0.419,0,0,0.0348,0.0348,20.04,0.0,27.1,23.1,1781028186378817583
1781028186481185033,41,0,8,0,true,0.1141,0.0,934,8192,0.414,0.414,47.82,0.414,0,0,0.0344,0.0344,19.81,0.0,27.1,23.1,1781028186460218189
1781028186580431267,41,0,8,0,true,0.1141,0.0,934,8192,0.414,0.414,47.82,0.414,0,0,0.0344,0.0344,19.81,0.0,27.1,23.1,1781028186580851305
1781028186680794232,41,0,8,0,true,0.1141,0.0,934,8192,0.418,0.418,47.82,0.418,0,0,0.0347,0.0347,19.99,0.0,27.1,23.1,1781028186662180644
1781028186780369825,41,0,8,0,true,0.1141,0.0,934,8192,0.418,0.418,47.82,0.418,0,0,0.0347,0.0347,20.0,0.0,27.1,23.1,1781028186761790088
1781028186884538012,41,0,8,0,true,0.1141,0.0001,934,8192,0.419,0.419,47.82,0.419,0,0,0.0347,0.0347,20.02,0.0,27.1,23.1,1781028186864141038
1781028186986081824,41,0,8,0,true,0.1141,0.0001,934,8192,0.419,0.419,47.82,0.419,0,0,0.0347,0.0347,20.02,0.0,27.1,23.1,1781028186982574126
1781028187086186676,41,0,8,0,true,0.1141,0.0,934,8192,0.414,0.414,47.82,0.414,0,0,0.0344,0.0344,19.82,0.0,27.1,23.1,1781028187065408982
1781028187185350797,41,0,8,0,true,0.1141,0.0,934,8192,0.418,0.418,47.82,0.418,0,0,0.0347,0.0347,19.98,0.0,27.1,23.1,1781028187166608739
1781028187286559005,41,0,8,0,true,0.1141,0.0,935,8192,0.418,0.418,47.82,0.418,0,0,0.0347,0.0347,19.99,0.0,27.1,23.1,1781028187265180219
1781028187385722689,41,0,8,0,true,0.1141,0.0001,935,8192,0.419,0.419,47.82,0.419,0,0,0.0348,0.0348,20.03,0.0,27.1,23.1,1781028187367193891
1781028187485909756,41,0,8,0,true,0.1142,0.0,935,8192,0.414,0.414,47.82,0.414,0,0,0.0344,0.0344,19.81,0.0,27.1,23.1,1781028187469221808
1781028187585651571,41,0,8,0,true,0.1142,0.0002,935,8192,0.413,0.413,47.82,0.413,0,0,0.0343,0.0343,19.75,0.0,27.1,23.1,1781028187566784906
1781028187686101765,41,0,8,0,true,0.1142,0.0,935,8192,0.418,0.418,47.82,0.418,0,0,0.0347,0.0347,19.98,0.0,27.1,23.1,1781028187670496445
1781028187786105300,41,0,8,0,true,0.1142,0.0,935,8192,0.418,0.418,47.82,0.418,0,0,0.0347,0.0347,20.0,0.0,27.1,23.1,1781028187767573960
1781028187885763564,41,0,8,0,true,0.1142,0.0003,935,8192,0.416,0.416,47.82,0.416,0,0,0.0345,0.0345,19.88,0.0,27.1,23.1,1781028187871749182
1781028187985586911,41,0,8,0,true,0.1142,0.0,935,8192,0.414,0.414,47.82,0.414,0,0,0.0344,0.0344,19.81,0.0,27.1,23.1,1781028187968961126
1781028188085482390,41,0,8,0,true,0.1142,0.0,935,8192,0.418,0.418,47.82,0.418,0,0,0.0347,0.0347,19.98,0.0,27.1,23.1,1781028188076234109
1781028188185423644,41,0,8,0,true,0.1142,0.0,935,8192,0.418,0.418,47.82,0.418,0,0,0.0347,0.0347,20.0,0.0,27.1,23.1,1781028188169903246
1781028188286215244,41,0,8,0,true,0.1142,0.0003,935,8192,0.414,0.414,47.82,0.414,0,0,0.0343,0.0343,19.77,0.0,27.1,23.1,1781028188275481139
1781028188386045576,41,0,8,0,true,0.1143,0.0001,935,8192,0.407,0.407,47.82,0.407,0,0,0.0338,0.0338,19.49,0.0,27.1,23.1,1781028188371627399
1781028188485957700,41,0,8,0,true,0.1143,0.0,936,8192,0.418,0.418,47.82,0.418,0,0,0.0347,0.0347,19.98,0.0,27.1,23.1,1781028188478680849
1781028188586219058,41,0,8,0,true,0.1143,0.0001,936,8192,0.419,0.419,47.82,0.419,0,0,0.0348,0.0348,20.02,0.0,27.1,23.1,1781028188576947878
1781028188685614416,41,0,8,0,true,0.1143,0.0,936,8192,0.414,0.414,47.82,0.414,0,0,0.0344,0.0344,19.8,0.0,27.1,23.1,1781028188681585354
1781028188785460956,41,0,8,0,true,0.1144,0.0,936,8192,0.418,0.418,47.82,0.418,0,0,0.0347,0.0347,19.97,0.0,27.1,23.1,1781028188780106624
1781028188885410170,41,0,8,0,true,0.1144,0.0,936,8192,0.418,0.418,47.82,0.418,0,0,0.0347,0.0347,20.0,0.0,27.1,23.1,1781028188884150961
1781028188986269800,41,0,8,0,true,0.1144,0.0,936,8192,0.414,0.414,47.82,0.414,0,0,0.0344,0.0344,19.8,0.0,27.1,23.1,1781028188977968870
1781028189085622616,41,0,8,0,true,0.1144,0.0,936,8192,0.418,0.418,47.82,0.418,0,0,0.0347,0.0347,19.97,0.0,27.1,23.1,1781028189084068007
1781028189185816241,41,0,8,0,true,0.1144,0.0,936,8192,0.418,0.418,47.82,0.418,0,0,0.0347,0.0347,19.99,0.0,27.1,23.1,1781028189183408010
1781028189285827355,41,0,8,0,true,0.1144,0.0,936,8192,0.414,0.414,47.82,0.414,0,0,0.0344,0.0344,19.8,0.0,27.1,23.1,1781028189260996022
1781028189385755984,41,0,8,0,true,0.1144,0.0,937,8192,0.418,0.418,47.82,0.418,0,0,0.0347,0.0347,19.97,0.0,27.1,23.1,1781028189380330441
1781028189485913579,41,0,8,0,true,0.1144,0.0001,937,8192,0.419,0.419,47.82,0.419,0,0,0.0348,0.0348,20.03,0.0,27.1,23.1,1781028189460407837
1781028189585524677,41,0,8,0,true,0.1144,0.0,937,8192,0.414,0.414,47.82,0.414,0,0,0.0344,0.0344,19.8,0.0,27.1,23.1,1781028189582178287
1781028189685567821,41,0,8,0,true,0.1144,0.0,937,8192,0.418,0.418,47.82,0.418,0,0,0.0347,0.0347,19.97,0.0,27.1,23.1,1781028189667209327
1781028189785494860,41,0,8,0,true,0.1144,0.0,937,8192,0.418,0.418,47.82,0.418,0,0,0.0347,0.0347,19.99,0.0,27.1,23.1,1781028189784189897
1781028189887588322,41,0,8,0,true,0.1144,0.0,937,8192,0.414,0.414,47.82,0.414,0,0,0.0344,0.0344,19.8,0.0,27.1,23.1,1781028189887312055
1781028189985761168,41,0,8,0,true,0.1144,0.0,937,8192,0.418,0.418,47.82,0.418,0,0,0.0347,0.0347,19.97,0.0,27.1,23.1,1781028189983234000
1781028190086287787,41,0,8,0,true,0.1144,0.0003,937,8192,0.418,0.418,47.82,0.418,0,0,0.0347,0.0347,19.99,0.0,27.1,23.1,1781028190065713491
1781028190185464185,41,0,8,0,true,0.1144,0.0,937,8192,0.414,0.414,47.82,0.414,0,0,0.0344,0.0344,19.8,0.0,27.1,23.1,1781028190184195452
1781028190285500473,41,0,8,0,true,0.1144,0.0,937,8192,0.418,0.418,47.82,0.418,0,0,0.0347,0.0347,19.97,0.0,27.1,23.1,1781028190268791451
1781028190385226976,41,0,8,0,true,0.1145,0.0001,937,8192,0.418,0.418,47.82,0.418,0,0,0.0347,0.0347,20.01,0.0,27.1,23.1,1781028190368433407
1781028190485586278,41,0,8,0,true,0.1145,0.0001,937,8192,0.414,0.414,47.82,0.414,0,0,0.0344,0.0344,19.81,0.0,27.1,23.1,1781028190471252265
1781028190585333374,41,0,8,0,true,0.1145,0.0,937,8192,0.418,0.418,47.82,0.418,0,0,0.0347,0.0347,19.97,0.0,27.1,23.1,1781028190566793227
1781028190685849502,41,0,8,0,true,0.1145,0.0,937,8192,0.419,0.419,47.82,0.419,0,0,0.0347,0.0347,20.02,0.0,27.1,23.1,1781028190678670579
1781028190785705291,41,0,8,0,true,0.1145,0.0001,938,8192,0.407,0.407,47.82,0.407,0,0,0.0338,0.0338,19.47,0.0,27.1,23.1,1781028190768032427
1781028190886288553,41,0,8,0,true,0.1145,0.0,938,8192,0.418,0.418,47.82,0.418,0,0,0.0347,0.0347,19.97,0.0,27.1,23.1,1781028190873947410
1781028190985327215,41,0,8,0,true,0.1145,0.0003,938,8192,0.417,0.417,47.82,0.417,0,0,0.0346,0.0346,19.94,0.0,27.1,23.1,1781028190968554912
1781028191086027299,41,0,8,0,true,0.1145,0.0,938,8192,0.417,0.417,47.82,0.417,0,0,0.0346,0.0346,19.96,0.0,27.1,23.1,1781028191073418482
1781028191185497958,41,0,8,0,true,0.1145,0.0,938,8192,0.418,0.418,47.82,0.418,0,0,0.0347,0.0347,19.98,0.0,27.1,23.1,1781028191169747770
1781028191285775683,41,0,8,0,true,0.1145,0.0,938,8192,0.414,0.414,47.82,0.414,0,0,0.0343,0.0343,19.79,0.0,27.1,23.1,1781028191281204964
1781028191386186166,41,0,8,0,true,0.1145,0.0,938,8192,0.417,0.417,47.82,0.417,0,0,0.0346,0.0346,19.96,0.0,27.1,23.1,1781028191376667781
1781028191485562546,41,0,8,0,true,0.1146,0.0001,938,8192,0.418,0.418,47.82,0.418,0,0,0.0347,0.0347,20.01,0.0,27.1,23.1,1781028191479834757
1781028191585477763,41,0,8,0,true,0.1146,0.0,938,8192,0.417,0.417,47.82,0.417,0,0,0.0346,0.0346,19.95,0.0,27.1,23.1,1781028191576145278
1781028191685842563,41,0,8,0,true,0.1146,0.0,938,8192,0.418,0.418,47.82,0.418,0,0,0.0347,0.0347,19.98,0.0,27.1,23.1,1781028191660055583
1781028191785515180,41,0,8,0,true,0.1146,0.0,938,8192,0.414,0.414,47.82,0.414,0,0,0.0344,0.0344,19.79,0.0,27.1,23.1,1781028191781982402
1781028191885462945,41,0,8,0,true,0.1146,0.0,938,8192,0.418,0.418,47.82,0.418,0,0,0.0347,0.0347,19.96,0.0,27.1,23.1,1781028191883538622
1781028191985966522,41,0,8,0,true,0.1146,0.0003,938,8192,0.416,0.416,47.82,0.416,0,0,0.0345,0.0345,19.9,0.0,27.1,23.1,1781028191977525508
1781028192085718439,41,0,8,0,true,0.1146,0.0,938,8192,0.417,0.417,47.82,0.417,0,0,0.0346,0.0346,19.96,0.0,27.1,23.1,1781028192057526045
1781028192185395787,41,0,8,0,true,0.1147,0.0001,939,8192,0.418,0.418,47.82,0.418,0,0,0.0347,0.0347,20.0,0.0,27.1,23.1,1781028192177917726
1781028192285808120,41,0,8,0,true,0.1147,0.0,939,8192,0.417,0.417,47.82,0.417,0,0,0.0346,0.0346,19.96,0.0,27.1,23.1,1781028192259095097
1781028192386185868,41,0,8,0,true,0.1147,0.0,939,8192,0.418,0.418,47.82,0.418,0,0,0.0347,0.0347,19.98,0.0,27.1,23.1,1781028192378774945
1781028192486303440,41,0,8,0,true,0.1147,0.0,939,8192,0.417,0.417,47.82,0.417,0,0,0.0346,0.0346,19.95,0.0,27.1,23.1,1781028192464377956
1781028192585226893,41,0,8,0,true,0.1147,0.0,939,8192,0.418,0.418,47.82,0.418,0,0,0.0347,0.0347,20.01,0.0,27.1,23.1,1781028192565561571
1781028192686197820,41,0,8,0,true,0.1147,0.0,939,8192,0.417,0.417,47.82,0.417,0,0,0.0346,0.0346,19.95,0.0,27.1,23.1,1781028192670084469
1781028192785499207,41,0,8,0,true,0.1147,0.0,939,8192,0.418,0.418,47.82,0.418,0,0,0.0347,0.0347,19.97,0.0,27.1,23.1,1781028192782233624
1781028192885669794,41,0,8,0,true,0.1147,0.0,939,8192,0.417,0.417,47.82,0.417,0,0,0.0346,0.0346,19.95,0.0,27.1,23.1,1781028192867610939
1781028192986439327,41,0,8,0,true,0.1147,0.0,939,8192,0.418,0.418,47.82,0.418,0,0,0.0347,0.0347,19.97,0.0,27.1,23.1,1781028192984400934
1781028193086308488,41,0,8,0,true,0.1147,0.0,939,8192,0.417,0.417,47.82,0.417,0,0,0.0346,0.0346,19.94,0.0,27.1,23.1,1781028193063206468
1781028193185874788,41,0,8,0,true,0.1147,0.0,939,8192,0.417,0.417,47.82,0.417,0,0,0.0347,0.0347,19.96,0.0,27.1,23.1,1781028193182565501
1781028193285577646,41,0,8,0,true,0.1147,0.0,939,8192,0.417,0.417,47.82,0.417,0,0,0.0346,0.0346,19.94,0.0,27.1,23.1,1781028193263787388
1781028193386222189,41,0,8,0,true,0.1148,0.0,940,8192,0.418,0.418,47.82,0.418,0,0,0.0347,0.0347,19.98,0.0,27.1,23.1,1781028193371610116
1781028193485648100,41,0,8,0,true,0.1148,0.0,940,8192,0.417,0.417,47.82,0.417,0,0,0.0346,0.0346,19.94,0.0,27.1,23.1,1781028193472024196
1781028193585331928,41,0,8,0,true,0.1148,0.0,940,8192,0.418,0.418,47.82,0.418,0,0,0.0347,0.0347,20.01,0.0,27.1,23.1,1781028193572715845
1781028193685944814,41,0,8,0,true,0.1148,0.0,940,8192,0.417,0.417,47.82,0.417,0,0,0.0346,0.0346,19.95,0.0,27.1,23.1,1781028193673543695
1781028193785509424,41,0,8,0,true,0.1148,0.0003,940,8192,0.416,0.416,47.82,0.416,0,0,0.0345,0.0345,19.89,0.0,27.1,23.1,1781028193767963929
1781028193886190689,41,0,8,0,true,0.1148,0.0,940,8192,0.417,0.417,47.82,0.417,0,0,0.0346,0.0346,19.95,0.0,27.1,23.1,1781028193875289881
1781028193985971419,41,0,8,0,true,0.1148,0.0003,940,8192,0.417,0.417,47.82,0.417,0,0,0.0346,0.0346,19.93,0.0,27.1,23.1,1781028193968253955
1781028194086224690,41,0,8,0,true,0.1148,0.0,940,8192,0.417,0.417,47.82,0.417,0,0,0.0346,0.0346,19.95,0.0,27.1,23.1,1781028194073871473
1781028194185928014,41,0,8,0,true,0.1148,0.0003,940,8192,0.415,0.415,47.82,0.415,0,0,0.0345,0.0345,19.85,0.0,27.1,23.1,1781028194170200037
1781028194285532492,41,0,8,0,true,0.1148,0.0,940,8192,0.417,0.417,47.82,0.417,0,0,0.0346,0.0346,19.95,0.0,27.1,23.1,1781028194274010060
1781028194385851924,41,0,8,0,true,0.1149,0.0,941,8192,0.413,0.413,47.82,0.413,0,0,0.0343,0.0343,19.77,0.0,27.1,23.1,1781028194374427934
1781028194487550967,41,0,8,0,true,0.1149,0.0,941,8192,0.417,0.417,47.82,0.417,0,0,0.0346,0.0346,19.95,0.0,27.1,23.1,1781028194475306895
1781028194585537756,41,0,8,0,true,0.1149,0.0,941,8192,0.417,0.417,47.82,0.417,0,0,0.0346,0.0346,19.94,0.0,27.1,23.1,1781028194574220076
1781028194686313199,41,0,8,0,true,0.1149,0.0,941,8192,0.417,0.417,47.82,0.417,0,0,0.0346,0.0346,19.96,0.0,27.1,23.1,1781028194679448720
1781028194785820644,41,0,8,0,true,0.1149,0.0,941,8192,0.417,0.417,47.82,0.417,0,0,0.0346,0.0346,19.94,0.0,27.1,23.1,1781028194778442079
1781028194887228355,41,0,8,0,true,0.1149,0.0,941,8192,0.418,0.418,47.82,0.418,0,0,0.0347,0.0347,20.01,0.0,27.1,23.1,1781028194879738500
1781028194985958594,41,0,8,0,true,0.1149,0.0,941,8192,0.417,0.417,47.82,0.417,0,0,0.0346,0.0346,19.94,0.0,27.1,23.1,1781028194976628823
1781028195085832436,41,0,8,0,true,0.1149,0.0,941,8192,0.414,0.414,47.82,0.414,0,0,0.0343,0.0343,19.78,0.0,27.1,23.1,1781028195084306725
1781028195185594300,41,0,8,0,true,0.1149,0.0,941,8192,0.417,0.417,47.82,0.417,0,0,0.0346,0.0346,19.95,0.0,27.1,23.1,1781028195184161139
1781028195285444976,41,0,8,0,true,0.1149,0.0,941,8192,0.417,0.417,47.82,0.417,0,0,0.0346,0.0346,19.93,0.0,27.1,23.1,1781028195284892259
1781028195385390292,41,0,8,0,true,0.1149,0.0001,941,8192,0.418,0.418,47.82,0.418,0,0,0.0347,0.0347,20.0,0.0,27.1,23.1,1781028195378965585
1781028195486129026,41,0,8,0,true,0.1149,0.0,941,8192,0.417,0.417,47.82,0.417,0,0,0.0346,0.0346,19.95,0.0,27.1,23.1,1781028195461151555
1781028195585463487,41,0,8,0,true,0.1149,0.0,941,8192,0.417,0.417,47.82,0.417,0,0,0.0346,0.0346,19.93,0.0,27.1,23.1,1781028195582177446
1781028195685584312,41,0,8,0,true,0.115,0.0,941,8192,0.418,0.418,47.82,0.418,0,0,0.0347,0.0347,19.96,0.0,27.1,23.1,1781028195683368907
1781028195785692001,41,0,8,0,true,0.115,0.0,941,8192,0.417,0.417,47.82,0.417,0,0,0.0346,0.0346,19.94,0.0,27.1,23.1,1781028195765966701
1781028195885317783,41,0,8,0,true,0.115,0.0016,942,8192,0.417,0.417,47.82,0.417,0,0,0.0346,0.0346,19.92,0.0,27.1,23.1,1781028195885423578
1781028195985511364,41,0,8,0,true,0.115,0.0,942,8192,0.417,0.417,47.82,0.417,0,0,0.0346,0.0346,19.96,0.0,27.1,23.1,1781028195981152825
1781028196085763714,41,0,8,0,true,0.115,0.0,942,8192,0.417,0.417,47.82,0.417,0,0,0.0346,0.0346,19.94,0.0,27.1,23.1,1781028196061853863
1781028196186242367,41,0,8,0,true,0.115,0.0,942,8192,0.417,0.417,47.82,0.417,0,0,0.0346,0.0346,19.93,0.0,27.1,23.1,1781028196181740884
1781028196285556472,41,0,8,0,true,0.1151,0.0,942,8192,0.418,0.418,47.82,0.418,0,0,0.0347,0.0347,20.0,0.0,27.1,23.1,1781028196269126436
1781028196385215941,41,0,8,0,true,0.1151,0.0,942,8192,0.417,0.417,47.82,0.417,0,0,0.0346,0.0346,19.94,0.0,27.1,23.1,1781028196385201833
1781028196485795782,41,0,8,0,true,0.1151,0.0,942,8192,0.417,0.417,47.82,0.417,0,0,0.0346,0.0346,19.93,0.0,27.1,23.1,1781028196468276560
1781028196586060061,41,0,8,0,true,0.1151,0.0,942,8192,0.413,0.413,47.82,0.413,0,0,0.0343,0.0343,19.76,0.0,27.1,23.1,1781028196570367763
1781028196685886527,41,0,8,0,true,0.1151,0.0,942,8192,0.417,0.417,47.82,0.417,0,0,0.0346,0.0346,19.95,0.0,27.1,23.1,1781028196674828629
1781028196785491685,41,0,8,0,true,0.1151,0.0,942,8192,0.417,0.417,47.82,0.417,0,0,0.0346,0.0346,19.93,0.0,27.1,23.1,1781028196769949113
1781028196885507192,41,0,8,0,true,0.1151,0.0,942,8192,0.417,0.417,47.82,0.417,0,0,0.0346,0.0346,19.92,0.0,27.1,23.1,1781028196873885973
1781028196986009699,41,0,8,0,true,0.1151,0.0,942,8192,0.413,0.413,47.82,0.413,0,0,0.0343,0.0343,19.77,0.0,27.1,23.1,1781028196972321791
1781028197085521430,41,0,8,0,true,0.1151,0.0,942,8192,0.417,0.417,47.82,0.417,0,0,0.0346,0.0346,19.95,0.0,27.1,23.1,1781028197060586194
1781028197185527120,41,0,8,0,true,0.1151,0.0,942,8192,0.417,0.417,47.82,0.417,0,0,0.0346,0.0346,19.93,0.0,27.1,23.1,1781028197176262817
1781028197286604857,41,0,8,0,true,0.1151,0.0,942,8192,0.417,0.417,47.82,0.417,0,0,0.0346,0.0346,19.92,0.0,27.1,23.1,1781028197262305454
1781028197386119746,41,0,8,0,true,0.1151,0.0,942,8192,0.417,0.417,47.82,0.417,0,0,0.0346,0.0346,19.92,0.0,27.1,23.1,1781028197378655776
1781028197485854694,41,0,8,0,true,0.1151,0.0,942,8192,0.417,0.417,47.82,0.417,0,0,0.0346,0.0346,19.96,0.0,27.1,23.1,1781028197484221978
1781028197586087865,41,0,8,0,true,0.1151,0.0,942,8192,0.417,0.417,47.82,0.417,0,0,0.0346,0.0346,19.93,0.0,27.1,23.1,1781028197584631148
1781028197686014480,41,0,8,0,true,0.1151,0.0,942,8192,0.417,0.417,47.82,0.417,0,0,0.0346,0.0346,19.92,0.0,27.1,23.1,1781028197683248740
1781028197785940004,41,0,8,0,true,0.1151,0.0,942,8192,0.417,0.417,47.82,0.417,0,0,0.0346,0.0346,19.92,0.0,27.1,23.1,1781028197781630047
1781028197885359285,41,0,8,0,true,0.1151,0.0001,942,8192,0.418,0.418,47.82,0.418,0,0,0.0347,0.0347,20.0,0.0,27.1,23.1,1781028197884226210
1781028197985675655,41,0,8,0,true,0.1151,0.0,942,8192,0.417,0.417,47.82,0.417,0,0,0.0346,0.0346,19.94,0.0,27.1,23.1,1781028197980380871
1781028198088546906,41,0,8,0,true,0.1151,0.0,942,8192,0.417,0.417,47.82,0.417,0,0,0.0346,0.0346,19.93,0.0,27.1,23.1,1781028198061769987
1781028198185311313,41,0,8,0,true,0.1151,0.0,942,8192,0.417,0.417,47.82,0.417,0,0,0.0346,0.0346,19.92,0.0,27.1,23.1,1781028198180965160
1781028198285517330,41,0,8,0,true,0.1151,0.0,942,8192,0.417,0.417,47.82,0.417,0,0,0.0346,0.0346,19.92,0.0,27.1,23.1,1781028198261626503
1781028198385785599,41,0,8,0,true,0.1151,0.0003,942,8192,0.416,0.416,47.82,0.416,0,0,0.0345,0.0345,19.87,0.0,27.1,23.1,1781028198381485773
1781028198486431462,41,0,8,0,true,0.1151,0.0,942,8192,0.417,0.417,47.82,0.417,0,0,0.0346,0.0346,19.94,0.0,27.1,23.1,1781028198461973413
1781028198585398037,41,0,8,0,true,0.1151,0.0,942,8192,0.417,0.417,47.82,0.417,0,0,0.0346,0.0346,19.92,0.0,27.1,23.1,1781028198581942664
1781028198685837383,41,0,8,0,true,0.1151,0.0,942,8192,0.417,0.417,47.82,0.417,0,0,0.0346,0.0346,19.92,0.0,27.1,23.1,1781028198663277943
1781028198785750612,41,0,8,0,true,0.1151,0.0,942,8192,0.417,0.417,47.82,0.417,0,0,0.0346,0.0346,19.92,0.0,27.1,23.1,1781028198784365862
1781028198885553790,41,0,8,0,true,0.1151,0.0,942,8192,0.417,0.417,47.82,0.417,0,0,0.0346,0.0346,19.92,0.0,27.1,23.1,1781028198865082480
1781028198985795549,41,0,8,0,true,0.1151,0.0,942,8192,0.417,0.417,47.82,0.417,0,0,0.0346,0.0346,19.92,0.0,27.1,23.1,1781028198969025916
1781028199086542048,41,0,8,0,true,0.1151,0.0,942,8192,0.417,0.417,47.82,0.417,0,0,0.0346,0.0346,19.92,0.0,27.1,23.1,1781028199075301940
1781028199185618747,41,0,8,0,true,0.1151,0.0,942,8192,0.417,0.417,47.82,0.417,0,0,0.0346,0.0346,19.92,0.0,27.1,23.1,1781028199169969637
1781028199286549382,41,0,8,0,true,0.1151,0.0,942,8192,0.417,0.417,47.82,0.417,0,0,0.0346,0.0346,19.92,0.0,27.1,23.1,1781028199270325226
1781028199385218860,41,0,8,0,true,0.1151,0.0,942,8192,0.417,0.417,47.82,0.417,0,0,0.0346,0.0346,19.92,0.0,27.1,23.1,1781028199385025897
1781028199486364982,41,0,8,0,true,0.1151,0.0001,942,8192,0.406,0.406,47.82,0.406,0,0,0.0337,0.0337,19.43,0.0,27.1,23.1,1781028199466336935
1781028199586100885,41,0,8,0,true,0.1151,0.0,943,8192,0.417,0.417,47.82,0.417,0,0,0.0346,0.0346,19.95,0.0,27.1,23.1,1781028199567279864
1781028199685364043,41,0,8,0,true,0.1151,0.0,943,8192,0.417,0.417,47.82,0.417,0,0,0.0346,0.0346,19.92,0.0,27.1,23.1,1781028199669119643
1781028199786190663,41,0,8,0,true,0.1151,0.0,943,8192,0.416,0.416,47.82,0.416,0,0,0.0346,0.0346,19.92,0.0,27.1,23.1,1781028199767667664
1781028199885786836,41,0,8,0,true,0.1151,0.0,943,8192,0.416,0.416,47.82,0.416,0,0,0.0346,0.0346,19.91,0.0,27.1,23.1,1781028199868975314
1781028199986183808,41,0,8,0,true,0.1151,0.0,943,8192,0.416,0.416,47.82,0.416,0,0,0.0346,0.0346,19.91,0.0,27.1,23.1,1781028199973728785
1781028200086183602,41,0,8,0,true,0.1151,0.0,943,8192,0.416,0.416,47.82,0.416,0,0,0.0346,0.0346,19.9,0.0,27.1,23.1,1781028200074601086
1781028200185465371,41,0,8,0,true,0.1151,0.0,943,8192,0.416,0.416,47.82,0.416,0,0,0.0345,0.0345,19.9,0.0,27.1,23.1,1781028200170928369
1781028200287533675,41,0,8,0,true,0.1151,0.0,943,8192,0.416,0.416,47.82,0.416,0,0,0.0345,0.0345,19.89,0.0,27.1,23.1,1781028200273184800
1781028200385363307,41,0,8,0,true,0.1151,0.0,943,8192,0.416,0.416,47.82,0.416,0,0,0.0345,0.0345,19.88,0.0,27.1,23.1,1781028200375052758
1781028200487187679,41,0,8,0,true,0.1151,0.0,943,8192,0.415,0.415,47.82,0.415,0,0,0.0345,0.0345,19.87,0.0,27.1,23.1,1781028200475876642
1781028200585311277,41,0,8,0,true,0.1151,0.0003,943,8192,0.416,0.416,47.82,0.416,0,0,0.0345,0.0345,19.88,0.0,27.1,23.1,1781028200572808916
1781028200685529123,41,0,8,0,true,0.1151,0.0,943,8192,0.419,0.419,47.82,0.419,0,0,0.0348,0.0348,20.05,0.0,27.1,23.1,1781028200676938220
1781028200785427727,41,0,8,0,true,0.1152,0.0001,943,8192,0.422,0.422,47.82,0.422,0,0,0.035,0.035,20.16,0.0,27.1,23.1,1781028200773008061
1781028200886528941,41,0,8,0,true,0.1152,0.0001,943,8192,0.415,0.415,47.82,0.415,0,0,0.0345,0.0345,19.85,0.0,27.1,23.1,1781028200878604242
1781028200985430536,41,0,8,0,true,0.1152,0.0,943,8192,0.414,0.414,47.82,0.414,0,0,0.0344,0.0344,19.79,0.0,27.1,23.1,1781028200974085346
1781028201086537458,41,0,8,0,true,0.1152,0.0,943,8192,0.419,0.419,47.82,0.419,0,0,0.0348,0.0348,20.06,0.0,27.1,23.1,1781028201079394117
1781028201185657040,41,0,8,0,true,0.1152,0.0001,943,8192,0.422,0.422,47.82,0.422,0,0,0.035,0.035,20.16,0.0,27.1,23.1,1781028201174380752
1781028201285649014,41,0,8,0,true,0.1152,0.0003,943,8192,0.414,0.414,47.82,0.414,0,0,0.0344,0.0344,19.82,0.0,27.1,23.1,1781028201281257848
1781028201386045987,41,0,8,0,true,0.1152,0.0,943,8192,0.413,0.413,47.82,0.413,0,0,0.0343,0.0343,19.76,0.0,27.1,23.1,1781028201376767906
1781028201486175556,41,0,8,0,true,0.1152,0.0,944,8192,0.419,0.419,47.82,0.419,0,0,0.0348,0.0348,20.05,0.0,27.1,23.1,1781028201483414103
1781028201585312821,41,0,8,0,true,0.1153,0.0001,944,8192,0.422,0.422,47.82,0.422,0,0,0.035,0.035,20.16,0.0,27.1,23.1,1781028201582841004
1781028201685464377,41,0,8,0,true,0.1153,0.0003,944,8192,0.412,0.412,47.82,0.412,0,0,0.0342,0.0342,19.71,0.0,27.1,23.1,1781028201683827397
1781028201785691694,41,0,8,0,true,0.1153,0.0011,944,8192,0.409,0.409,47.82,0.409,0,0,0.0339,0.0339,19.55,0.0,27.1,23.1,1781028201783242459
1781028201885421383,41,0,8,0,true,0.1153,0.0003,944,8192,0.419,0.419,47.82,0.419,0,0,0.0348,0.0348,20.05,0.0,27.1,23.1,1781028201867291231
1781028201986200819,41,0,8,0,true,0.1154,0.0003,945,8192,0.415,0.415,47.82,0.415,0,0,0.0345,0.0345,19.87,0.0,27.1,23.1,1781028201980837806
1781028202085535314,41,0,8,0,true,0.1154,0.0003,945,8192,0.408,0.408,47.82,0.408,0,0,0.0338,0.0338,19.5,0.0,27.1,23.1,1781028202067321421
1781028202186271133,41,0,8,0,true,0.1154,0.0,945,8192,0.419,0.419,47.82,0.419,0,0,0.0348,0.0348,20.04,0.0,27.1,23.1,1781028202181745114
1781028202285815697,41,0,8,0,true,0.1154,0.0003,945,8192,0.418,0.418,47.82,0.418,0,0,0.0347,0.0347,19.97,0.0,27.1,23.1,1781028202262251556
1781028202386003947,41,0,8,0,true,0.1154,0.0003,945,8192,0.415,0.415,47.82,0.415,0,0,0.0344,0.0344,19.83,0.0,27.1,23.1,1781028202382570490
1781028202486098287,41,0,8,0,true,0.1155,0.0017,945,8192,0.415,0.415,47.82,0.415,0,0,0.0345,0.0345,19.86,0.0,27.1,23.1,1781028202464189706
1781028202585280051,41,0,8,0,true,0.1155,0.0,945,8192,0.419,0.419,47.82,0.419,0,0,0.0348,0.0348,20.05,0.0,27.1,23.1,1781028202582994332
1781028202685795969,41,0,8,0,true,0.1155,0.0003,946,8192,0.416,0.416,47.82,0.416,0,0,0.0345,0.0345,19.89,0.0,27.1,23.1,1781028202664085878
1781028202786044199,41,0,8,0,true,0.1155,0.0,946,8192,0.413,0.413,47.82,0.413,0,0,0.0343,0.0343,19.75,0.0,27.1,23.1,1781028202776461761
1781028202887583494,41,0,8,0,true,0.1156,0.0,946,8192,0.419,0.419,47.82,0.419,0,0,0.0348,0.0348,20.04,0.0,27.1,23.1,1781028202872204811
1781028202985427400,41,0,8,0,true,0.1156,0.0001,946,8192,0.422,0.422,47.82,0.422,0,0,0.035,0.035,20.16,0.0,27.1,23.1,1781028202976033741
1781028203085834708,41,0,8,0,true,0.1156,0.0001,946,8192,0.415,0.415,47.82,0.415,0,0,0.0344,0.0344,19.84,0.0,27.1,23.1,1781028203083463530
1781028203185372026,41,0,8,0,true,0.1156,0.0003,946,8192,0.408,0.408,47.82,0.408,0,0,0.0338,0.0338,19.49,0.0,27.1,23.1,1781028203176106040
1781028203286117920,41,0,8,0,true,0.1156,0.0,947,8192,0.42,0.42,47.82,0.42,0,0,0.0348,0.0348,20.06,0.0,27.1,23.1,1781028203283010948
1781028203385306430,41,0,8,0,true,0.1156,0.0003,947,8192,0.417,0.417,47.82,0.417,0,0,0.0346,0.0346,19.93,0.0,27.1,23.1,1781028203378003626
1781028203485611423,41,0,8,0,true,0.1156,0.0011,947,8192,0.409,0.409,47.82,0.409,0,0,0.0339,0.0339,19.54,0.0,27.1,23.1,1781028203459234424
1781028203585723767,41,0,8,0,true,0.1157,0.0,947,8192,0.419,0.419,47.82,0.419,0,0,0.0348,0.0348,20.04,0.0,27.1,23.1,1781028203578407145
1781028203685392768,41,0,8,0,true,0.1157,0.0003,947,8192,0.419,0.419,47.82,0.419,0,0,0.0348,0.0348,20.05,0.0,27.1,23.1,1781028203683124361
1781028203785489246,41,0,8,0,true,0.1157,0.0,948,8192,0.413,0.413,47.82,0.413,0,0,0.0343,0.0343,19.75,0.0,27.1,23.1,1781028203781157826
1781028203886280503,41,0,8,0,true,0.1158,0.0,948,8192,0.419,0.419,47.82,0.419,0,0,0.0348,0.0348,20.05,0.0,27.1,23.1,1781028203862537312
1781028203985557456,41,0,8,0,true,0.1158,0.0001,948,8192,0.42,0.42,47.82,0.42,0,0,0.0348,0.0348,20.07,0.0,27.1,23.1,1781028203981066077
1781028204085593098,41,0,8,0,true,0.1158,0.0,948,8192,0.413,0.413,47.82,0.413,0,0,0.0343,0.0343,19.74,0.0,27.1,23.1,1781028204061321379
1781028204185868559,41,0,8,0,true,0.1158,0.0017,948,8192,0.415,0.415,47.82,0.415,0,0,0.0345,0.0345,19.85,0.0,27.1,23.1,1781028204181501138
1781028204286592044,41,0,8,0,true,0.1158,0.0,948,8192,0.42,0.42,47.82,0.42,0,0,0.0348,0.0348,20.06,0.0,27.1,23.1,1781028204286234892
1781028204385768113,41,0,8,0,true,0.1158,0.0003,949,8192,0.414,0.414,47.82,0.414,0,0,0.0344,0.0344,19.81,0.0,27.1,23.1,1781028204382402427
1781028204485541109,41,0,8,0,true,0.1159,0.0,949,8192,0.419,0.419,47.82,0.419,0,0,0.0348,0.0348,20.03,0.0,27.1,23.1,1781028204462741614
1781028204586216943,41,0,8,0,true,0.1159,0.0,949,8192,0.419,0.419,47.82,0.419,0,0,0.0348,0.0348,20.06,0.0,27.1,23.1,1781028204582905568
1781028204685632521,41,0,8,0,true,0.1159,0.0,949,8192,0.413,0.413,47.82,0.413,0,0,0.0343,0.0343,19.74,0.0,27.1,23.1,1781028204663974936
1781028204785853739,41,0,8,0,true,0.1159,0.0003,949,8192,0.407,0.407,47.82,0.407,0,0,0.0338,0.0338,19.48,0.0,27.1,23.1,1781028204784391119
1781028204885815340,41,0,8,0,true,0.1159,0.0001,949,8192,0.421,0.421,47.82,0.421,0,0,0.035,0.035,20.15,0.0,27.1,23.1,1781028204866028630
1781028204985410997,41,0,8,0,true,0.1159,0.0,949,8192,0.413,0.413,47.82,0.413,0,0,0.0343,0.0343,19.74,0.0,27.1,23.1,1781028204967735138
1781028205086214092,41,0,8,0,true,0.1159,0.0,949,8192,0.419,0.419,47.82,0.419,0,0,0.0348,0.0348,20.03,0.0,27.1,23.1,1781028205074387717
1781028205186248733,41,0,8,0,true,0.116,0.0003,949,8192,0.42,0.42,47.82,0.42,0,0,0.0349,0.0349,20.09,0.0,27.1,23.1,1781028205169794877
1781028205285540989,41,0,8,0,true,0.116,0.0,950,8192,0.413,0.413,47.82,0.413,0,0,0.0343,0.0343,19.74,0.0,27.1,23.1,1781028205275680509
1781028205386088855,41,0,8,0,true,0.116,0.0,950,8192,0.419,0.419,47.82,0.419,0,0,0.0348,0.0348,20.03,0.0,27.1,23.1,1781028205371354163
1781028205485448989,41,0,8,0,true,0.116,0.0003,950,8192,0.419,0.419,47.82,0.419,0,0,0.0348,0.0348,20.04,0.0,27.1,23.1,1781028205476989297
1781028205585877317,41,0,8,0,true,0.116,0.0,950,8192,0.413,0.413,47.82,0.413,0,0,0.0343,0.0343,19.73,0.0,27.1,23.1,1781028205576595292
1781028205685615304,41,0,8,0,true,0.1161,0.0,950,8192,0.419,0.419,47.82,0.419,0,0,0.0348,0.0348,20.04,0.0,27.1,23.1,1781028205676206549
1781028205785942781,41,0,8,0,true,0.1161,0.0003,951,8192,0.416,0.416,47.82,0.416,0,0,0.0345,0.0345,19.88,0.0,27.1,23.1,1781028205773589964
1781028205886167052,41,0,8,0,true,0.1161,0.0002,951,8192,0.413,0.413,47.82,0.413,0,0,0.0343,0.0343,19.76,0.0,27.1,23.1,1781028205877529439
1781028205985574964,41,0,8,0,true,0.1161,0.0,951,8192,0.419,0.419,47.82,0.419,0,0,0.0348,0.0348,20.04,0.0,27.1,23.1,1781028205979097582
1781028206085626162,41,0,8,0,true,0.1161,0.0003,951,8192,0.418,0.418,47.82,0.418,0,0,0.0347,0.0347,19.98,0.0,27.1,23.1,1781028206083792534
1781028206185616483,41,0,8,0,true,0.1162,0.0,951,8192,0.413,0.413,47.82,0.413,0,0,0.0343,0.0343,19.74,0.0,27.1,23.1,1781028206178151268
1781028206285577115,41,0,8,0,true,0.1162,0.0,951,8192,0.419,0.419,47.82,0.419,0,0,0.0348,0.0348,20.05,0.0,27.1,23.1,1781028206263548600
1781028206385519139,41,0,8,0,true,0.1162,0.0003,951,8192,0.414,0.414,47.82,0.414,0,0,0.0344,0.0344,19.8,0.0,27.1,23.1,1781028206367204648
1781028206485846555,41,0,8,0,true,0.1162,0.0,951,8192,0.419,0.419,47.82,0.419,0,0,0.0347,0.0347,20.01,0.0,27.1,23.1,1781028206467273025
1781028206585686752,41,0,8,0,true,0.1162,0.0,952,8192,0.419,0.419,47.82,0.419,0,0,0.0348,0.0348,20.05,0.0,27.1,23.1,1781028206582264437
1781028206685539508,41,0,8,0,true,0.1162,0.0,952,8192,0.413,0.413,47.82,0.413,0,0,0.0343,0.0343,19.73,0.0,27.1,23.1,1781028206663443879
1781028206785407068,41,0,8,0,true,0.1162,0.0,952,8192,0.419,0.419,47.82,0.419,0,0,0.0348,0.0348,20.02,0.0,27.1,23.1,1781028206767772521
1781028206886135270,41,0,8,0,true,0.1163,0.0001,952,8192,0.421,0.421,47.82,0.421,0,0,0.0349,0.0349,20.11,0.0,27.1,23.1,1781028206864985749
1781028206986063133,41,0,8,0,true,0.1163,0.0003,952,8192,0.412,0.412,47.82,0.412,0,0,0.0342,0.0342,19.69,0.0,27.1,23.1,1781028206984246726
1781028207086542326,41,0,8,0,true,0.1163,0.0,952,8192,0.419,0.419,47.82,0.419,0,0,0.0348,0.0348,20.03,0.0,27.1,23.1,1781028207063843738
1781028207185600165,41,0,8,0,true,0.1163,0.0003,952,8192,0.42,0.42,47.82,0.42,0,0,0.0349,0.0349,20.09,0.0,27.1,23.1,1781028207184347946
1781028207286464758,41,0,8,0,true,0.1163,0.0,953,8192,0.418,0.418,47.82,0.418,0,0,0.0347,0.0347,20.0,0.0,27.1,23.1,1781028207265409726
1781028207386101999,41,0,8,0,true,0.1164,0.0,953,8192,0.419,0.419,47.82,0.419,0,0,0.0348,0.0348,20.04,0.0,27.1,23.1,1781028207384755907
1781028207485823985,41,0,8,0,true,0.1164,0.0,953,8192,0.413,0.413,47.82,0.413,0,0,0.0343,0.0343,19.73,0.0,27.1,23.1,1781028207465815847
1781028207585352921,41,0,8,0,true,0.1164,0.0,953,8192,0.419,0.419,47.82,0.419,0,0,0.0348,0.0348,20.02,0.0,27.1,23.1,1781028207565662324
1781028207688078885,41,0,8,0,true,0.1164,0.0003,953,8192,0.419,0.419,47.82,0.419,0,0,0.0348,0.0348,20.05,0.0,27.1,23.1,1781028207667838014
1781028207786080121,41,0,8,0,true,0.1164,0.0,953,8192,0.413,0.413,47.82,0.413,0,0,0.0342,0.0342,19.73,0.0,27.1,23.1,1781028207766337049
1781028207885986552,41,0,8,0,true,0.1164,0.0,953,8192,0.419,0.419,47.82,0.419,0,0,0.0348,0.0348,20.03,0.0,27.1,23.1,1781028207868199381
1781028207985822773,41,0,8,0,true,0.1165,0.0003,953,8192,0.417,0.417,47.82,0.417,0,0,0.0346,0.0346,19.93,0.0,27.1,23.1,1781028207970241677
1781028208086973386,41,0,8,0,true,0.1165,0.0011,954,8192,0.408,0.408,47.82,0.408,0,0,0.0339,0.0339,19.52,0.0,27.1,23.1,1781028208079421759
1781028208186243958,41,0,8,0,true,0.1165,0.0,954,8192,0.419,0.419,47.82,0.419,0,0,0.0348,0.0348,20.05,0.0,27.1,23.1,1781028208173880529
1781028208286904506,41,0,8,0,true,0.1165,0.0003,954,8192,0.412,0.412,47.82,0.412,0,0,0.0342,0.0342,19.68,0.0,27.1,23.1,1781028208279276470
1781028208385822699,41,0,8,0,true,0.1165,0.0,954,8192,0.418,0.418,47.82,0.418,0,0,0.0347,0.0347,20.01,0.0,27.1,23.1,1781028208380394443
1781028208488562647,41,0,8,0,true,0.1166,0.0001,954,8192,0.421,0.421,47.82,0.421,0,0,0.0349,0.0349,20.11,0.0,27.1,23.1,1781028208478793118
1781028208585482077,41,0,8,0,true,0.1166,0.0,955,8192,0.413,0.413,47.82,0.413,0,0,0.0342,0.0342,19.73,0.0,27.1,23.1,1781028208577993525
1781028208685646381,41,0,8,0,true,0.1166,0.0,955,8192,0.419,0.419,47.82,0.419,0,0,0.0348,0.0348,20.03,0.0,27.1,23.1,1781028208680241005
1781028208786177103,41,0,8,0,true,0.1166,0.0003,955,8192,0.416,0.416,47.82,0.416,0,0,0.0346,0.0346,19.91,0.0,27.1,23.1,1781028208780883260
1781028208885468083,41,0,8,0,true,0.1166,0.0,955,8192,0.419,0.419,47.82,0.419,0,0,0.0347,0.0347,20.01,0.0,27.1,23.1,1781028208857741457
1781028208986140835,41,0,8,0,true,0.1166,0.0,955,8192,0.419,0.419,47.82,0.419,0,0,0.0348,0.0348,20.05,0.0,27.1,23.1,1781028208979806122
1781028209085810885,41,0,8,0,true,0.1167,0.0002,955,8192,0.413,0.413,47.82,0.413,0,0,0.0343,0.0343,19.74,0.0,27.1,23.1,1781028209062214219
1781028209185214070,41,0,8,0,true,0.1167,0.0,955,8192,0.419,0.419,47.82,0.419,0,0,0.0348,0.0348,20.02,0.0,27.1,23.1,1781028209185703429
1781028209287278167,41,0,8,0,true,0.1167,0.0003,956,8192,0.417,0.417,47.82,0.417,0,0,0.0346,0.0346,19.92,0.0,27.1,23.1,1781028209287525163
1781028209385560274,41,0,8,0,true,0.1167,0.0,956,8192,0.418,0.418,47.82,0.418,0,0,0.0347,0.0347,20.0,0.0,27.1,23.1,1781028209382056315
1781028209487586998,41,0,8,0,true,0.1167,0.0003,956,8192,0.419,0.419,47.82,0.419,0,0,0.0348,0.0348,20.03,0.0,27.1,23.1,1781028209468703439
1781028209586149945,41,0,8,0,true,0.1167,0.0011,956,8192,0.408,0.408,47.82,0.408,0,0,0.0339,0.0339,19.51,0.0,27.1,23.1,1781028209571487392
1781028209686398630,41,0,8,0,true,0.1168,0.0,956,8192,0.419,0.419,47.82,0.419,0,0,0.0348,0.0348,20.04,0.0,27.1,23.1,1781028209665814828
1781028209785783550,41,0,8,0,true,0.1168,0.0,956,8192,0.413,0.413,47.82,0.413,0,0,0.0342,0.0342,19.73,0.0,27.1,23.1,1781028209771138712
1781028209886534745,41,0,8,0,true,0.1168,0.0,956,8192,0.419,0.419,47.82,0.419,0,0,0.0347,0.0347,20.02,0.0,27.1,23.1,1781028209870129678
1781028209985958655,41,0,8,0,true,0.1168,0.0003,956,8192,0.416,0.416,47.82,0.416,0,0,0.0345,0.0345,19.88,0.0,27.1,23.1,1781028209966317963
1781028210085804583,41,0,8,0,true,0.1168,0.0,956,8192,0.418,0.418,47.82,0.418,0,0,0.0347,0.0347,20.0,0.0,27.1,23.1,1781028210068984607
1781028210186017944,41,0,8,0,true,0.1168,0.0001,957,8192,0.419,0.419,47.82,0.419,0,0,0.0348,0.0348,20.05,0.0,27.1,23.1,1781028210168302362
1781028210287564393,41,0,8,0,true,0.1168,0.0002,957,8192,0.413,0.413,47.82,0.413,0,0,0.0343,0.0343,19.74,0.0,27.1,23.1,1781028210277483309
1781028210386094332,41,0,8,0,true,0.1169,0.0,957,8192,0.419,0.419,47.82,0.419,0,0,0.0348,0.0348,20.04,0.0,27.1,23.1,1781028210368540445
1781028210487063326,41,0,8,0,true,0.1169,0.0,957,8192,0.412,0.412,47.82,0.412,0,0,0.0342,0.0342,19.72,0.0,27.1,23.1,1781028210473233120
1781028210585352576,41,0,8,0,true,0.1169,0.0,957,8192,0.419,0.419,47.82,0.419,0,0,0.0347,0.0347,20.02,0.0,27.1,23.1,1781028210574888499
1781028210686541087,41,0,8,0,true,0.1169,0.0003,957,8192,0.414,0.414,47.82,0.414,0,0,0.0344,0.0344,19.8,0.0,27.1,23.1,1781028210673940343
1781028210785677091,41,0,8,0,true,0.1169,0.0,957,8192,0.418,0.418,47.82,0.418,0,0,0.0347,0.0347,20.0,0.0,27.1,23.1,1781028210771120374
1781028210888544698,41,0,8,0,true,0.1169,0.0003,957,8192,0.418,0.418,47.82,0.418,0,0,0.0347,0.0347,19.98,0.0,27.1,23.1,1781028210873147095
1781028210986102759,41,0,8,0,true,0.1169,0.0,957,8192,0.418,0.418,47.82,0.418,0,0,0.0347,0.0347,19.99,0.0,27.1,23.1,1781028210973618325
1781028211086269606,41,0,8,0,true,0.1169,0.0,957,8192,0.419,0.419,47.82,0.419,0,0,0.0348,0.0348,20.04,0.0,27.1,23.1,1781028211080810323
1781028211185306261,41,0,8,0,true,0.117,0.0011,958,8192,0.408,0.408,47.82,0.408,0,0,0.0338,0.0338,19.49,0.0,27.1,23.1,1781028211177810500
1781028211285570975,41,0,8,0,true,0.117,0.0001,958,8192,0.421,0.421,47.82,0.421,0,0,0.035,0.035,20.14,0.0,27.1,23.1,1781028211258576261
1781028211386241545,41,0,8,0,true,0.117,0.0,958,8192,0.412,0.412,47.82,0.412,0,0,0.0342,0.0342,19.72,0.0,27.1,23.1,1781028211381855342
1781028211485308107,41,0,8,0,true,0.117,0.0,958,8192,0.419,0.419,47.82,0.419,0,0,0.0348,0.0348,20.04,0.0,27.1,23.1,1781028211462385227
1781028211585588296,41,0,8,0,true,0.117,0.0,958,8192,0.412,0.412,47.82,0.412,0,0,0.0342,0.0342,19.71,0.0,27.1,23.1,1781028211583287362
1781028211685824416,41,0,8,0,true,0.117,0.0,958,8192,0.419,0.419,47.82,0.419,0,0,0.0348,0.0348,20.04,0.0,27.1,23.1,1781028211665182164
1781028211785459946,41,0,8,0,true,0.1171,0.0003,959,8192,0.411,0.411,47.82,0.411,0,0,0.0341,0.0341,19.66,0.0,27.1,23.1,1781028211785808006
1781028211886539275,41,0,8,0,true,0.1171,0.0,959,8192,0.419,0.419,47.82,0.419,0,0,0.0348,0.0348,20.03,0.0,27.1,23.1,1781028211872368289
1781028211985600857,41,0,8,0,true,0.1171,0.0,959,8192,0.412,0.412,47.82,0.412,0,0,0.0342,0.0342,19.71,0.0,27.1,23.1,1781028211973031809
1781028212085419757,41,0,8,0,true,0.1171,0.0,959,8192,0.419,0.419,47.82,0.419,0,0,0.0348,0.0348,20.02,0.0,27.1,23.1,1781028212073885391
1781028212185310070,41,0,8,0,true,0.1171,0.0,959,8192,0.412,0.412,47.82,0.412,0,0,0.0342,0.0342,19.72,0.0,27.1,23.1,1781028212173856574
1781028212286585437,41,0,8,0,true,0.1172,0.0,959,8192,0.419,0.419,47.82,0.419,0,0,0.0347,0.0347,20.02,0.0,27.1,23.1,1781028212273331900
1781028212386219127,41,0,8,0,true,0.1172,0.0,959,8192,0.412,0.412,47.82,0.412,0,0,0.0342,0.0342,19.72,0.0,27.1,23.1,1781028212372481370
1781028212487830422,41,0,8,0,true,0.1172,0.0,959,8192,0.419,0.419,47.82,0.419,0,0,0.0347,0.0347,20.01,0.0,27.1,23.1,1781028212473275469
1781028212586079721,41,0,8,0,true,0.1172,0.0003,960,8192,0.411,0.411,47.82,0.411,0,0,0.0341,0.0341,19.66,0.0,27.1,23.1,1781028212570575923
1781028212686529357,41,0,8,0,true,0.1172,0.0,960,8192,0.418,0.418,47.82,0.418,0,0,0.0347,0.0347,20.01,0.0,27.1,23.1,1781028212669681367
1781028212786195205,41,0,8,0,true,0.1172,0.0,960,8192,0.412,0.412,47.82,0.412,0,0,0.0342,0.0342,19.72,0.0,27.1,23.1,1781028212777745600
1781028212890538663,41,0,8,0,true,0.1172,0.0,960,8192,0.419,0.419,47.82,0.419,0,0,0.0347,0.0347,20.01,0.0,27.1,23.1,1781028212873284830
1781028212992193249,41,0,8,0,true,0.1173,0.0,960,8192,0.412,0.412,47.82,0.412,0,0,0.0342,0.0342,19.71,0.0,27.1,23.1,1781028212977715982
1781028213091540679,41,0,8,0,true,0.1173,0.0,960,8192,0.419,0.419,47.82,0.419,0,0,0.0347,0.0347,20.01,0.0,27.1,23.1,1781028213079149108
1781028213191529024,41,0,8,0,true,0.1173,0.0,960,8192,0.412,0.412,47.81,0.412,0,0,0.0342,0.0342,19.71,0.0,27.1,23.1,1781028213176127734
1781028213292143006,41,0,8,0,true,0.1173,0.0,960,8192,0.419,0.419,47.82,0.419,0,0,0.0347,0.0347,20.02,0.0,27.1,23.1,1781028213281758876
1781028213391426698,41,0,8,0,true,0.1173,0.0,961,8192,0.412,0.412,47.82,0.412,0,0,0.0342,0.0342,19.71,0.0,27.1,23.1,1781028213377041952
1781028213494601460,41,0,8,0,true,0.1173,0.0,961,8192,0.419,0.419,47.82,0.419,0,0,0.0347,0.0347,20.02,0.0,27.1,23.1,1781028213486277182
